,race_id,f_course1,f_course2,f_course3,f_courseout,mf_course1,mf_course2,mf_course3,mf_courseout,f_mf_course1,f_mf_course2,f_mf_course3,f_mf_courseout,f_len1,f_len2,f_len3,f_lenout,mf_len1,mf_len2,mf_len3,mf_classout,f_mf_len1,f_mf_len2,f_mf_len3,f_mf_classout,f_class1,f_class2,f_class3,f_classout,mf_class1,mf_class2,mf_class3,mf_classout,f_mf_class1,f_mf_class2,f_mf_class3,f_mf_classout,time_df_course1,time_df_class1,ninki_1,result_1,agari_1,margin_1,corner_ratio_1,time_df_course2,time_df_class2,ninki_2,result_2,agari_2,margin_2,corner_ratio_2,time_df_course3,time_df_class3,ninki_3,result_3,agari_3,margin_3,corner_ratio_3,rank_trend,weight_change,dist_change,jockey_win_rate,jockey_place_rate,waku,umaban,current_odds,current_popularity,father_cat,mother_father_cat,paternal_gf_cat,time_df_course4,time_df_class4,ninki_4,result_4,agari_4,margin_4,corner_ratio_4,time_df_course5,time_df_class5,ninki_5,result_5,agari_5,margin_5,corner_ratio_5,rank_trend_5,win_rate_recent5,kinryo,days_since_last_race,n_horses_today,n_horses_1,horse_weight_abs_1,corner_chase_1,corner_chase_2,corner_chase_3,corner_chase_4,corner_chase_5,agari_trend_5,time_diff_trend_5,agari_df_course_1,agari_df_course_2,agari_df_course_3,agari_df_course_4,agari_df_course_5,corner_ratio_std5,agari_std5,kinryo_diff_1,same_course_cnt5,same_course_pr5,trainer_win_rate,trainer_place_rate,same_cond_cnt5,same_cond_pr5,f_ground_delta,mf_ground_delta
0,202305010101,4,5,4,48,0,1,0,1,0,1,0,0,2,1,2,16,0,0,0,0,0,0,0,0,2,1,1,6,0,0,0,0,0,0,0,0,0.0,0.0,20.0,2.0,36.2,0.6,0.3125,0.0,0.0,10.0,2.0,37.8,0.1,0.1875,,,,,,,,0.0,10.0,100.0,0.10236220472440945,0.2677165354330709,7,14,1.6,1.0,1467,1298,336,,,,,,,,,,,,,,,0.0,1.0,54.0,70.0,16.0,16.0,448.0,0.0,0.0625,,,,-1.5999999999999943,0.0,-1.3913999999999973,0.38229999999999364,,,,0.0625,0.7999999999999972,0.0,0.0,,0.058823529411764705,0.19607843137254902,0.0,,0.12021857923497267,
1,202305010101,9,7,9,91,3,1,0,7,0,0,0,0,2,1,4,32,3,0,0,5,0,0,0,0,1,0,1,16,0,0,0,1,0,0,0,0,0.0,0.0,130.0,13.0,37.9,1.2,0.875,0.0,0.0,10.0,11.0,35.6,1.6,0.875,0.0,0.0,12.0,15.0,41.7,4.2,0.5,1.0,2.0,200.0,0.06578947368421052,0.2236842105263158,5,10,6.0,3.0,1304,760,1503,0.0,0.0,15.0,13.0,37.3,1.8,0.2,0.0,0.0,6.0,12.0,37.3,1.6,0.5384615384615384,0.0,0.0,54.0,-694.0,16.0,16.0,454.0,0.0625,0.0,0.1875,0.06666666666666667,0.0,-0.04999999999999929,0.0,-0.011099999999999,-2.6794999999999973,2.0741000000000014,-0.7726000000000042,-0.6167000000000016,0.2549550372240509,2.0214846029589255,-2.0,1.0,0.0,0.0,0.0,1.0,0.0,0.005261979399910438,-0.03030303030303033
2,202305010101,4,9,6,86,1,1,0,4,0,1,0,0,0,3,2,28,1,0,0,1,0,0,0,0,0,1,2,15,0,0,0,1,0,0,0,0,0.0,0.0,7.0,9.0,36.7,2.1,0.9,0.0,0.0,12.0,12.0,41.6,4.5,0.8333333333333334,0.0,0.0,12.0,9.0,39.9,2.0,0.26666666666666666,0.0,24.0,480.0,0.0,0.0,5,9,92.7,10.0,1333,1691,1294,0.0,0.0,15.0,14.0,37.4,1.2,0.875,0.0,0.0,15.0,16.0,39.9,2.9,0.6875,1.6,0.0,54.0,-586.0,16.0,10.0,434.0,,0.08333333333333333,0.0,0.0625,0.0625,-0.21999999999999886,0.0,,3.5274,0.507399999999997,-0.017700000000004934,1.8273999999999972,0.23475755815545346,1.7988885457415082,0.0,0.0,,0.036585365853658534,0.13414634146341464,0.0,,-0.10158730158730159,-0.20833333333333331
3,202305010101,4,0,7,35,3,3,10,60,0,0,1,2,1,0,3,12,0,0,2,22,0,0,1,1,1,0,2,7,0,0,2,5,0,0,1,0,0.0,0.0,3.0,4.0,36.5,0.9,0.7777777777777778,0.0,0.0,8.0,6.0,38.2,1.7,0.6875,0.0,0.0,4.0,4.0,38.2,1.2,0.125,0.0,-1.0,0.0,0.06334841628959276,0.2669683257918552,8,15,13.6,4.0,1204,1228,1221,0.0,0.0,4.0,5.0,37.6,0.7,0.1875,0.0,0.0,2.0,3.0,37.6,0.8,0.18181818181818182,-0.3,0.2,54.0,-536.0,16.0,9.0,485.0,-0.1111111111111111,0.0625,0.0625,0.125,0.09090909090909091,-0.16000000000000014,0.0,-1.1642999999999972,0.046200000000006014,-0.07949999999999591,0.008600000000001273,-0.6794999999999973,0.28051037694589687,0.6209669878504019,0.0,4.0,0.25,0.06666666666666667,0.3333333333333333,2.0,0.5,-0.10755148741418766,0.04344193817878028
4,202305010101,12,9,11,80,24,25,22,286,0,0,1,0,3,2,2,27,9,6,7,91,0,0,1,0,2,0,1,11,3,4,5,31,0,0,1,0,0.0,0.0,20.0,4.0,37.5,1.3,0.625,0.0,0.0,20.0,2.0,37.5,0.3,0.4375,0.0,0.0,20.0,3.0,36.5,0.3,0.7857142857142857,-0.5,-2.0,200.0,0.03508771929824561,0.12280701754385964,2,3,5.8,2.0,1586,1013,1167,0.0,0.0,50.0,3.0,36.3,0.8,0.75,0.0,0.0,110.0,7.0,35.3,1.0,0.3125,0.7,0.6,52.0,41.0,16.0,16.0,448.0,-0.0625,-0.0625,-0.21428571428571427,-0.125,0.125,0.5600000000000008,0.0,-0.36829999999999785,-0.6338000000000008,-1.7794999999999987,-1.3643,0.14689999999999515,0.18170465495592858,0.8255906976220129,0.0,3.0,1.0,0.08791208791208792,0.23076923076923078,1.0,1.0,-0.06653620352250489,-0.045033397974574424
5,202305010101,43,41,42,253,0,0,1,12,0,0,1,0,13,15,18,95,0,0,1,2,0,0,1,0,2,3,1,12,0,0,0,1,0,0,0,0,0.0,0.0,11.0,7.0,36.9,1.2,0.8571428571428571,0.0,0.0,12.0,8.0,36.7,1.0,0.26666666666666666,0.0,0.0,10.0,11.0,38.0,1.3,0.6875,2.0,-14.0,200.0,0.025974025974025976,0.11038961038961038,4,8,25.7,7.0,1576,1685,1577,0.0,0.0,13.0,13.0,40.1,1.2,0.1875,0.0,0.0,8.0,9.0,40.0,2.6,0.3333333333333333,0.9,0.0,54.0,-470.0,16.0,14.0,432.0,0.0,0.06666666666666667,0.0,0.0,0.13333333333333333,-0.9600000000000002,0.0,-1.011099999999999,-1.453799999999994,0.17889999999999873,0.47409999999999997,0.7905999999999977,0.25959604717666745,1.4650597257449949,-2.0,1.0,0.0,0.0,0.16981132075471697,0.0,,-0.03389267477838315,0.23076923076923078
6,202305010101,6,13,11,107,0,1,1,0,0,1,1,0,2,4,4,38,0,1,0,0,0,1,0,0,1,3,1,12,0,1,0,0,0,1,0,0,0.0,0.0,6.0,1.0,35.1,0.0,0.0625,0.0,0.0,7.0,5.0,38.1,0.5,0.3333333333333333,0.0,0.0,8.0,7.0,39.5,1.8,0.25,3.0,4.0,100.0,0.05785123966942149,0.17355371900826447,6,11,15.2,5.0,1393,951,1263,0.0,0.0,9.0,7.0,39.1,1.6,0.0625,0.0,0.0,5.0,7.0,39.2,2.0,0.125,1.4,0.2,53.0,-126.0,16.0,16.0,474.0,0.0,0.06666666666666667,0.0,0.0,0.0,-0.9200000000000003,0.0,-2.3340999999999994,0.18890000000000384,1.6788999999999987,0.8205000000000027,0.9205000000000041,0.10785149254620653,1.6198765385053269,0.0,2.0,0.0,0.1476510067114094,0.33557046979865773,2.0,0.0,-0.03920282129090463,
7,202305010101,4,5,4,48,13,13,12,182,0,0,0,0,2,1,2,16,3,3,3,65,0,0,0,0,2,1,1,6,1,2,1,21,0,0,0,0,0.0,0.0,40.0,5.0,41.3,1.4,0.6666666666666666,0.0,0.0,60.0,4.0,37.6,0.7,0.4666666666666667,0.0,0.0,70.0,2.0,37.4,0.9,0.3333333333333333,-1.5,9.0,0.0,0.045454545454545456,0.045454545454545456,2,4,108.1,11.0,1467,1405,336,0.0,0.0,40.0,10.0,38.8,3.0,0.625,0.0,0.0,50.0,4.0,36.9,0.9,0.6,0.4,0.2,54.0,-438.0,16.0,9.0,453.0,-0.2222222222222222,-0.13333333333333333,-0.13333333333333333,0.0,0.0,0.7600000000000001,0.0,3.6357,-0.31109999999999616,-0.511099999999999,1.208599999999997,-0.9211000000000027,0.12242911781471305,1.5786069808536884,0.0,1.0,0.0,0.0,0.09836065573770492,0.0,,0.12021857923497267,0.04068736141906873
8,202305010101,5,9,5,81,19,18,17,223,0,0,0,0,0,7,3,29,10,4,3,73,0,0,0,0,0,0,3,10,3,0,1,27,0,0,0,0,0.0,0.0,10.0,10.0,45.9,4.8,0.08333333333333333,0.0,0.0,9.0,9.0,40.4,2.3,0.07692307692307693,0.0,0.0,7.0,9.0,38.4,1.3,0.1875,-0.5,-12.0,-100.0,0.029197080291970802,0.08759124087591241,4,7,22.6,6.0,1020,1558,1576,0.0,0.0,5.0,7.0,39.1,1.4,0.0625,0.0,0.0,5.0,7.0,39.8,2.6,0.21428571428571427,-0.8,0.0,54.0,-304.0,16.0,12.0,454.0,0.8333333333333334,0.07692307692307693,0.125,0.0,0.07142857142857142,1.35,0.0,,1.007399999999997,0.5766999999999953,0.9462000000000046,1.7273999999999958,0.06297920051759741,2.675369133409444,0.0,1.0,0.0,0.038461538461538464,0.21153846153846154,0.0,,0.16294117647058826,0.0611517126001585
9,202305010101,4,0,7,35,0,0,1,8,0,0,0,0,1,0,3,12,0,0,1,1,0,0,0,0,1,0,2,7,0,0,1,1,0,0,0,0,0.0,0.0,4.0,3.0,38.6,0.5,0.9,0.0,0.0,12.0,10.0,38.4,2.9,0.6875,0.0,0.0,10.0,12.0,34.1,2.5,1.0,4.5,-6.0,-300.0,0.027777777777777776,0.1111111111111111,3,6,134.4,12.0,1204,1734,1221,,,,,,,,,,,,,,,4.5,0.3333333333333333,52.0,-136.0,16.0,10.0,440.0,-0.4,0.125,0.0,,,2.25,0.0,-0.7926000000000002,0.12049999999999983,-0.9746999999999986,,,0.13030413142593242,2.075786330258701,-2.0,1.0,0.0,0.06818181818181818,0.1590909090909091,1.0,0.0,-0.10755148741418766,
10,202305010101,4,5,4,48,0,0,0,9,0,0,0,0,2,1,2,16,0,0,0,5,0,0,0,0,2,1,1,6,0,0,0,2,0,0,0,0,0.0,0.0,120.0,14.0,35.8,2.6,0.1875,,,,,,,,,,,,,,,,,-400.0,0.030303030303030304,0.07575757575757576,6,12,44.1,9.0,1467,1645,336,,,,,,,,,,,,,,,,0.0,52.0,62.0,16.0,16.0,452.0,0.0,,,,,,,0.34079999999999444,,,,,,,0.0,0.0,,0.038461538461538464,0.19230769230769232,0.0,,0.12021857923497267,0.4
11,202305010101,1,0,1,6,1,0,0,15,0,0,0,0,1,0,1,3,0,0,0,3,0,0,0,0,1,0,0,2,0,0,0,1,0,0,0,0,0.0,0.0,9.0,,,,0.18181818181818182,0.0,0.0,14.0,12.0,40.4,3.8,0.375,0.0,0.0,6.0,14.0,39.5,2.3,0.375,2.0,4.0,0.0,0.06557377049180328,0.1721311475409836,3,5,180.3,14.0,1579,1327,1605,,,,,,,,,,,,,,,2.0,0.0,54.0,-367.0,16.0,11.0,452.0,0.7272727272727273,0.0,0.0625,,,0.8999999999999986,0.0,,2.1205,2.0822999999999965,,,0.09106678242554021,0.4499999999999993,3.0,2.0,0.0,0.05555555555555555,0.1388888888888889,2.0,0.0,,0.008928571428571425
12,202305010101,1,0,1,6,0,0,0,7,0,0,0,0,1,0,1,3,0,0,0,4,0,0,0,0,1,0,0,2,0,0,0,2,0,0,0,0,0.0,0.0,110.0,5.0,36.7,0.5,0.9375,,,,,,,,,,,,,,,,,200.0,0.07106598984771574,0.19289340101522842,8,16,38.5,8.0,1579,1728,1605,,,,,,,,,,,,,,,,0.0,54.0,19.0,16.0,16.0,448.0,-0.0625,,,,,,,-1.2110999999999947,,,,,,,0.0,0.0,,0.020833333333333332,0.16666666666666666,0.0,,,
13,202305010101,1,0,2,42,0,0,1,8,0,0,0,0,1,0,1,20,0,0,1,1,0,0,0,0,1,0,1,14,0,0,1,1,0,0,0,0,0.0,0.0,4.0,4.0,36.5,0.8,0.5,0.0,0.0,15.0,10.0,37.6,1.7,0.8,0.0,0.0,15.0,14.0,39.9,4.2,0.6875,5.0,32.0,400.0,0.0,0.06896551724137931,7,13,229.1,15.0,1672,1734,1167,0.0,0.0,9.0,6.0,36.6,1.2,0.8,0.0,0.0,6.0,5.0,35.1,1.1,0.8571428571428571,-0.2,0.0,52.0,-528.0,16.0,8.0,494.0,0.0,0.0,0.0625,0.0,0.0,0.3799999999999997,0.0,0.22579999999999956,-0.31109999999999616,1.6204999999999998,-0.5228999999999999,-0.006499999999995509,0.1270163897507173,1.5932357013323537,-3.0,1.0,0.0,0.0,0.09090909090909091,1.0,0.0,0.13333333333333336,
14,202305010101,43,41,42,253,0,0,0,7,0,0,0,0,13,15,18,95,0,0,0,4,0,0,0,0,2,3,1,12,0,0,0,2,0,0,0,0,0.0,0.0,11.0,11.0,43.6,5.0,0.9090909090909091,0.0,0.0,13.0,14.0,43.4,5.8,0.6428571428571429,0.0,0.0,13.0,15.0,40.2,5.1,1.0,2.0,-6.0,0.0,0.14285714285714285,0.2857142857142857,1,2,175.1,13.0,1576,1728,1577,0.0,0.0,11.0,11.0,37.5,2.8,0.38461538461538464,0.0,0.0,5.0,10.0,42.2,3.1,0.6363636363636364,-0.5,0.0,51.0,-536.0,16.0,11.0,480.0,0.09090909090909091,0.2857142857142857,-0.0625,0.07692307692307693,0.09090909090909091,0.8699999999999996,0.0,5.935700000000004,4.007399999999997,1.920500000000004,2.0407999999999973,3.161300000000004,0.2188322120675706,2.285957129956728,-3.0,2.0,0.0,0.034482758620689655,0.06896551724137931,1.0,0.0,-0.03389267477838315,
15,202305010101,0,1,0,9,0,0,0,1,0,0,0,0,0,1,0,2,0,0,0,0,0,0,0,0,0,0,0,0,0,0,0,0,0,0,0,0,0.0,0.0,,,,,,0.0,0.0,160.0,15.0,38.3,3.3,0.9375,0.0,0.0,160.0,11.0,38.4,2.5,0.875,-4.0,38.0,-100.0,0.04054054054054054,0.1891891891891892,1,1,300.2,16.0,1397,905,1428,0.0,0.0,160.0,16.0,40.6,5.5,0.875,,,,,,,,0.5,0.0,54.0,-181.0,16.0,11.0,446.0,,0.0625,-0.125,0.0625,,-1.1500000000000021,0.0,,0.4788999999999959,0.488900000000001,2.3205000000000027,,0.02946278254943948,1.0614455552060456,0.0,1.0,0.0,0.5,0.75,1.0,0.0,-0.023076923076923078,
16,202305010102,1,0,0,2,2,1,5,55,0,0,0,0,1,0,0,2,0,0,1,15,0,0,0,0,1,0,0,1,0,0,0,2,0,0,0,0,,,,,,,,,,,,,,,,,,,,,,,,,0.037037037037037035,0.12345679012345678,7,13,2.6,1.0,1195,1014,1428,,,,,,,,,,,,,,,,,56.0,,16.0,,,,,,,,,,,,,,,,,,0.0,,0.06382978723404255,0.23404255319148937,0.0,,,-0.001984126984126977
17,202305010102,0,0,0,4,2,1,1,14,0,0,0,0,0,0,0,2,2,0,1,6,0,0,0,0,0,0,0,1,0,0,0,0,0,0,0,0,,,,,,,,,,,,,,,,,,,,,,,,,0.04,0.15333333333333332,8,16,20.8,7.0,1699,1736,1313,,,,,,,,,,,,,,,,,54.0,,16.0,,,,,,,,,,,,,,,,,,0.0,,0.0,0.16666666666666666,0.0,,,0.1777777777777778
18,202305010102,16,16,15,141,0,0,1,11,0,0,0,0,9,9,7,56,0,0,0,6,0,0,0,0,2,0,1,3,0,0,0,0,0,0,0,0,,,,,,,,,,,,,,,,,,,,,,,,,0.044444444444444446,0.044444444444444446,1,1,32.5,9.0,1278,1414,625,,,,,,,,,,,,,,,,,54.0,,16.0,,,,,,,,,,,,,,,,,,0.0,,0.12345679012345678,0.2962962962962963,0.0,,0.010563380281690127,0.07051282051282053
19,202305010102,11,4,13,73,0,0,1,14,0,0,0,2,5,3,2,25,0,0,0,1,0,0,0,0,0,1,0,2,0,0,0,0,0,0,0,0,0.0,0.0,1.0,8.0,40.2,2.2,0.4,0.0,0.0,5.0,6.0,36.6,0.7,0.5384615384615384,0.0,0.0,2.0,1.0,36.6,0.0,0.375,-3.5,2.0,0.0,0.0,0.0,5,9,7.4,4.0,1095,1316,1221,0.0,0.0,3.0,5.0,36.3,0.9,0.6875,0.0,0.0,1.0,1.0,35.2,0.0,0.4,-1.4999999999999998,0.4,56.0,-548.0,16.0,10.0,520.0,0.0,-0.23076923076923078,-0.0625,0.125,0.0,1.0300000000000005,0.0,1.920500000000004,-1.3166999999999973,-1.5537999999999954,-1.9795000000000016,-2.4642999999999944,0.11857387281188662,1.6904437287292358,1.0,4.0,0.5,0.05,0.15,2.0,0.0,-0.06510651065106512,0.03333333333333334
20,202305010102,13,10,14,133,4,7,7,131,0,0,0,1,4,1,3,20,1,3,1,42,0,0,0,1,0,0,0,2,0,0,1,4,0,0,0,0,0.0,0.0,8.0,11.0,39.0,1.7,0.8333333333333334,0.0,0.0,14.0,16.0,39.1,3.0,0.1875,0.0,0.0,3.0,6.0,37.9,0.8,0.4,-2.5,25.0,-100.0,0.25757575757575757,0.5303030303030303,3,6,5.0,2.0,1691,1559,1167,0.0,0.0,6.0,4.0,37.1,1.3,0.8,0.0,0.0,4.0,13.0,37.4,2.1,0.5625,-0.8,0.0,54.0,-515.0,16.0,12.0,447.0,0.0,0.0,0.2,0.0,0.0,0.5200000000000002,0.0,,0.8205000000000027,-0.011099999999999,-0.8110999999999962,-0.7537999999999982,0.24356438801908442,0.8173126696681022,1.0,2.0,0.0,0.18181818181818182,0.36363636363636365,1.0,0.0,-0.0021298174442190843,0.07049897869857018
21,202305010102,4,0,7,35,3,3,10,60,0,0,1,2,1,0,3,12,0,0,2,22,0,0,1,1,0,0,1,4,0,0,0,1,0,0,0,0,0.0,0.0,10.0,5.0,40.6,1.6,0.18181818181818182,0.0,0.0,80.0,8.0,37.7,2.2,0.9375,0.0,0.0,90.0,11.0,39.7,3.1,0.5,3.0,10.0,0.0,0.06622516556291391,0.2251655629139073,8,15,42.6,11.0,1204,1228,1221,0.0,0.0,110.0,6.0,38.7,2.1,0.625,,,,,,,,0.6,0.0,56.0,-535.0,16.0,11.0,480.0,0.18181818181818182,-0.125,0.0625,-0.0625,,0.36999999999999955,0.0,2.935700000000004,-0.2166999999999959,1.7889000000000053,0.4205000000000041,,0.2708080851496831,1.0848386976873563,0.0,2.0,0.0,0.030303030303030304,0.16666666666666666,1.0,0.0,-0.10755148741418766,0.04344193817878028
22,202305010102,0,0,1,27,0,0,0,0,0,0,0,0,0,0,1,10,0,0,0,0,0,0,0,0,0,0,1,0,0,0,0,0,0,0,0,0,0.0,0.0,3.0,9.0,41.8,1.3,0.45454545454545453,0.0,0.0,7.0,8.0,35.6,0.5,0.3125,0.0,0.0,11.0,14.0,35.6,1.3,0.2222222222222222,2.5,5.0,0.0,0.10317460317460317,0.2698412698412698,2,4,5.1,3.0,1611,1585,1263,0.0,0.0,6.0,13.0,39.5,2.5,0.25,0.0,0.0,3.0,7.0,39.2,2.1,0.1875,0.1,0.0,54.0,-378.0,16.0,11.0,451.0,-0.18181818181818182,-0.125,0.0,0.125,0.0625,0.129999999999999,0.0,4.1357,0.4468999999999994,0.4935000000000045,1.5889000000000024,0.9205000000000041,0.09399317592624461,2.4113066996962442,0.0,2.0,0.0,0.08571428571428572,0.22857142857142856,1.0,0.0,-0.03571428571428571,
23,202305010102,0,0,0,6,18,15,24,255,0,0,0,0,0,0,0,4,3,4,10,79,0,0,0,0,0,0,0,1,0,0,0,4,0,0,0,0,0.0,0.0,7.0,8.0,45.0,7.9,1.0,0.0,0.0,15.0,15.0,36.4,2.9,0.8666666666666667,0.0,0.0,14.0,14.0,36.8,2.0,1.0,3.0,23.0,0.0,0.0,0.0,6,12,125.0,14.0,1246,1263,533,0.0,0.0,13.0,16.0,35.3,3.0,1.0,0.0,0.0,14.0,12.0,42.0,3.9,0.6428571428571429,0.9,0.0,56.0,-235.0,16.0,8.0,427.0,0.0,-0.06666666666666667,-0.07142857142857142,0.0,0.07142857142857142,0.7100000000000002,0.0,6.720500000000001,0.48339999999999606,1.3407999999999944,0.22529999999999717,2.4532999999999987,0.13943845918621858,3.748066168039194,1.0,1.0,0.0,0.0975609756097561,0.17073170731707318,1.0,0.0,,0.03282493368700265
24,202305010102,0,0,0,7,1,1,1,12,0,0,0,0,0,0,0,1,0,1,0,8,0,0,0,0,0,0,0,0,0,0,0,2,0,0,0,0,0.0,0.0,9.0,9.0,38.9,2.6,0.8,0.0,0.0,15.0,11.0,38.2,1.7,0.6666666666666666,0.0,0.0,13.0,14.0,37.3,2.0,0.5,2.5,-1.0,0.0,0.0410958904109589,0.1917808219178082,2,3,140.9,16.0,1268,1438,1405,0.0,0.0,16.0,12.0,36.4,2.4,0.8125,0.0,0.0,15.0,13.0,39.4,3.2,0.5,0.9,0.0,56.0,-538.0,16.0,10.0,457.0,0.1,0.0,0.0625,0.0,-0.0625,0.08000000000000043,0.0,0.6204999999999998,0.28890000000000526,-0.291400000000003,-1.0341000000000022,1.8085999999999984,0.13712322114717762,1.081850266903882,0.0,1.0,0.0,0.015384615384615385,0.046153846153846156,1.0,0.0,,-0.11666666666666668
25,202305010102,9,7,9,91,3,3,3,19,0,0,0,0,2,1,4,32,1,1,2,11,0,0,0,0,0,1,0,1,0,0,0,2,0,0,0,0,0.0,0.0,13.0,13.0,40.9,3.9,0.9230769230769231,0.0,0.0,16.0,13.0,37.6,3.1,1.0,0.0,0.0,15.0,10.0,38.6,3.0,0.75,-1.5,-6.0,-400.0,0.0,0.06976744186046512,6,11,135.9,15.0,1304,1665,1503,,,,,,,,,,,,,,,-1.5,0.0,54.0,-64.0,16.0,13.0,444.0,0.07692307692307693,0.0,0.0625,,,1.1499999999999986,0.0,1.2740999999999971,-0.31109999999999616,0.32050000000000267,,,0.1045481181429493,1.3816254517375124,-2.0,1.0,0.0,0.07462686567164178,0.19402985074626866,1.0,0.0,0.005261979399910438,-0.32142857142857145
26,202305010102,1,0,1,6,2,2,5,78,0,0,0,0,1,0,1,3,1,0,1,30,0,0,0,0,0,0,1,0,0,0,0,5,0,0,0,0,0.0,0.0,10.0,10.0,46.0,5.4,0.9,0.0,0.0,14.0,13.0,39.4,2.0,0.5333333333333333,0.0,0.0,15.0,7.0,38.2,2.0,0.5,-1.5,21.0,0.0,0.03076923076923077,0.07692307692307693,5,10,24.7,8.0,1579,1036,1605,0.0,0.0,8.0,11.0,40.0,3.1,0.3125,,,,,,,,-0.3,0.0,52.0,-232.0,16.0,10.0,447.0,0.1,-0.06666666666666667,0.0,0.125,,1.9199999999999995,0.0,7.846200000000003,1.488900000000001,0.28890000000000526,1.7205000000000013,,0.21281380016734505,3.0149626863362666,-2.0,2.0,0.0,0.0,0.0,1.0,0.0,,-0.0649867374005305
27,202305010102,5,1,6,33,2,6,5,45,0,0,0,0,3,1,6,14,0,1,2,16,0,0,0,0,0,1,0,2,0,0,1,1,0,0,0,0,0.0,0.0,5.0,2.0,38.5,1.3,0.4,0.0,0.0,13.0,12.0,39.0,3.6,0.6875,0.0,0.0,10.0,12.0,38.7,2.5,0.6875,5.0,23.0,0.0,0.15384615384615385,0.3076923076923077,4,8,13.1,5.0,1401,1208,517,0.0,0.0,5.0,12.0,40.0,4.0,0.625,,,,,,,,3.0,0.25,51.0,-538.0,16.0,10.0,425.0,-0.1,0.0,0.0625,0.0625,,-0.42000000000000026,0.0,0.22050000000000125,1.3083000000000027,0.7889000000000053,1.7205000000000013,,0.11825554955265312,0.5766281297335394,-1.0,2.0,0.5,0.018518518518518517,0.037037037037037035,2.0,0.5,0.019047619047619035,0.1582150101419878
28,202305010102,20,10,20,146,7,18,10,156,0,0,0,9,13,5,8,64,0,6,2,50,0,0,0,6,0,1,0,1,0,1,0,4,0,0,0,0,0.0,0.0,8.0,8.0,41.3,4.9,0.875,0.0,0.0,12.0,14.0,41.9,5.1,0.8666666666666667,0.0,0.0,10.0,13.0,40.1,4.4,0.75,2.5,-26.0,0.0,0.06611570247933884,0.17355371900826447,4,7,39.4,10.0,1716,1428,1167,,,,,,,,,,,,,,,2.5,0.0,56.0,-276.0,16.0,8.0,470.0,0.125,0.06666666666666667,0.0625,,,0.5999999999999979,0.0,3.1462000000000003,3.7462000000000018,1.8205000000000027,,,0.05706288495603928,0.7483314773547869,0.0,3.0,0.0,0.01818181818181818,0.03636363636363636,1.0,0.0,0.03502141597379693,0.035063785856500246
29,202305010102,0,4,0,18,1,0,1,13,0,0,0,0,0,2,0,3,0,0,0,2,0,0,0,0,0,0,0,0,0,0,0,1,0,0,0,0,0.0,0.0,5.0,5.0,40.8,0.8,0.25,0.0,0.0,16.0,18.0,33.1,2.3,1.0,0.0,0.0,13.0,14.0,39.9,4.7,0.9375,4.5,-7.0,-100.0,0.078125,0.125,3,5,100.2,13.0,1045,1034,969,,,,,,,,,,,,,,,4.5,0.0,56.0,-276.0,16.0,12.0,475.0,0.08333333333333333,,0.0625,,,0.4499999999999993,0.0,,-0.4433999999999969,1.6204999999999998,,,0.33978138396458524,3.437376260399135,0.0,1.0,0.0,0.08888888888888889,0.23333333333333334,1.0,0.0,0.1515151515151515,-0.13333333333333333
30,202305010102,2,1,2,23,7,4,4,70,0,0,0,0,0,0,1,11,1,0,0,27,0,0,0,0,0,0,1,1,0,0,0,2,0,0,0,0,0.0,0.0,7.0,9.0,37.1,1.7,0.5,0.0,0.0,12.0,15.0,42.3,4.9,0.125,,,,,,,,6.0,-17.0,400.0,0.029411764705882353,0.08823529411764706,1,2,78.0,12.0,1064,1503,1556,,,,,,,,,,,,,,,6.0,0.0,54.0,-526.0,16.0,10.0,429.0,0.1,0.0,,,,-5.199999999999996,0.0,0.825800000000001,4.020499999999998,,,,0.1875,2.599999999999998,0.0,1.0,0.0,0.07042253521126761,0.19718309859154928,1.0,0.0,,
31,202305010102,17,18,10,162,2,1,1,22,0,0,0,0,10,9,5,93,0,0,1,3,0,0,0,0,0,0,0,2,0,0,0,0,0,0,0,0,0.0,0.0,13.0,15.0,40.4,4.6,0.6875,0.0,0.0,11.0,7.0,37.8,1.6,0.375,0.0,0.0,6.0,16.0,41.0,5.2,0.75,0.5,-4.0,100.0,0.022727272727272728,0.07954545454545454,7,14,18.2,6.0,1172,1079,1556,,,,,,,,,,,,,,,0.5,0.0,56.0,-140.0,16.0,16.0,548.0,0.125,0.0625,0.0,,,-0.3000000000000007,0.0,2.8085999999999984,-0.021100000000004115,2.7205000000000013,,,0.1640418307085794,1.3888444437333116,2.0,1.0,0.0,0.061224489795918366,0.16326530612244897,1.0,0.0,0.01460869565217393,0.06837606837606836
32,202305010107,4,3,1,29,3,2,4,22,0,1,1,4,2,1,1,13,1,1,1,7,0,1,1,4,1,1,1,7,0,1,1,4,0,1,1,4,0.0,0.0,150.0,120.0,38.0,3.6,0.8666666666666667,0.0,0.0,100.0,140.0,37.8,1.9,0.5625,0.0,0.0,130.0,40.0,36.3,0.6,0.26666666666666666,-40.0,1.0,-200.0,0.14201183431952663,0.34911242603550297,8,16,2.6,1.0,1629,1,1428,0.0,0.0,80.0,100.0,39.0,1.6,0.2727272727272727,0.0,0.0,120.0,110.0,35.8,0.7,0.8,-6.0,0.0,57.0,-625.0,16.0,15.0,495.0,-0.06666666666666667,0.0,-0.13333333333333333,0.18181818181818182,0.0,0.3200000000000003,0.0,-0.07260000000000133,-0.4795000000000016,-1.8537999999999997,1.1788999999999987,-2.4795000000000016,0.25299133250976974,1.1702991070662245,0.0,3.0,0.0,0.0,0.2857142857142857,2.0,0.0,0.09957325746799428,-0.0903225806451613
33,202305010107,43,41,42,253,1,0,3,16,0,0,0,1,13,15,18,95,0,0,0,8,0,0,0,1,3,5,4,26,0,0,0,2,0,0,0,1,0.0,0.0,6.0,10.0,36.8,0.6,0.6875,0.0,0.0,5.0,3.0,37.2,0.6,0.2,0.0,0.0,13.0,2.0,36.8,0.6,0.25,-4.0,0.0,200.0,0.02857142857142857,0.08571428571428572,5,10,22.7,7.0,1576,1708,1577,0.0,0.0,14.0,10.0,36.3,0.7,0.1875,0.0,0.0,12.0,10.0,37.5,1.0,0.4375,0.7,0.4,56.0,-588.0,16.0,16.0,500.0,0.0625,0.0,-0.0625,0.0,0.125,-0.05,0.0,-1.1111000000000004,-0.7110999999999947,-1.023300000000006,-1.3643,-0.32330000000000325,0.1899671024151287,0.4069397989875177,-2.0,1.0,0.0,0.08928571428571429,0.32142857142857145,0.0,,-0.03389267477838315,-0.014814814814814836
34,202305010107,17,18,10,162,5,5,3,59,0,0,0,1,10,9,5,93,2,5,2,20,0,0,0,1,1,6,1,27,1,1,1,4,0,0,0,1,0.0,0.0,60.0,6.0,36.8,0.7,0.4375,0.0,0.0,,,,,,0.0,0.0,40.0,12.0,34.8,1.8,1.0,6.0,,0.0,0.06666666666666667,0.22,7,13,4.5,2.0,1172,1721,1556,,,,,,,,,,,,,,,6.0,0.0,57.0,69.0,16.0,16.0,510.0,0.125,,-0.0625,,,2.0,0.0,-1.4795000000000016,,-1.0162000000000049,,,0.28125,1.0,1.0,1.0,0.0,0.0,0.10256410256410256,1.0,0.0,0.01460869565217393,0.02314814814814814
35,202305010107,6,7,7,42,1,0,0,1,0,0,0,0,3,5,4,18,1,0,0,1,0,0,0,0,1,1,1,6,0,0,0,0,0,0,0,0,0.0,0.0,100.0,7.0,36.4,0.7,0.8666666666666667,0.0,0.0,15.0,7.0,36.6,0.7,0.6,0.0,0.0,13.0,10.0,37.3,1.2,0.3125,1.5,2.0,250.0,0.16666666666666666,0.3333333333333333,8,15,36.0,8.0,1148,707,1393,0.0,0.0,11.0,8.0,36.6,1.6,0.6875,0.0,0.0,13.0,16.0,38.4,2.2,0.4375,1.9,0.0,52.0,-658.0,16.0,15.0,472.0,-0.13333333333333333,0.13333333333333333,-0.0625,0.0,-0.0625,-0.4,0.0,-1.4233000000000047,-1.3110999999999962,-0.7726000000000042,-1.6794999999999973,0.12049999999999983,0.1928694146595336,0.7364781055808779,-4.0,2.0,0.0,0.04,0.16,2.0,0.0,-0.08345021037868161,
36,202305010107,12,9,9,59,1,3,1,5,1,3,1,4,5,4,1,17,0,1,0,1,0,1,0,1,3,1,0,6,0,0,0,0,0,0,0,0,0.0,0.0,140.0,10.0,35.7,0.7,0.5,0.0,0.0,120.0,9.0,37.9,1.3,0.5625,0.0,0.0,5.0,10.0,39.6,2.7,0.5,0.0,4.0,-200.0,0.104,0.272,1,1,5.0,3.0,1463,622,1167,0.0,0.0,7.0,2.0,38.2,0.0,0.2857142857142857,0.0,0.0,6.0,4.0,37.0,0.9,0.5,-1.9,0.2,55.0,-694.0,16.0,16.0,500.0,-0.125,0.25,0.0,-0.07142857142857142,0.1,-0.28999999999999987,0.0,0.6253000000000029,-1.7259000000000029,0.053300000000000125,-1.1925999999999988,-1.5775999999999968,0.09509662111210249,1.295221988695374,-1.0,0.0,,0.0,0.19230769230769232,0.0,,-0.03549135009809168,-0.07142857142857145
37,202305010107,2,2,1,21,5,5,3,59,0,1,0,2,1,1,0,7,2,5,2,20,0,1,0,1,1,1,0,1,1,1,1,4,0,1,0,1,0.0,0.0,70.0,5.0,36.1,0.5,0.8125,0.0,0.0,40.0,2.0,36.3,0.0,0.8181818181818182,0.0,0.0,60.0,7.0,36.8,1.6,0.6428571428571429,1.0,2.0,0.0,0.041176470588235294,0.1588235294117647,3,5,7.9,4.0,1670,1721,882,0.0,0.0,80.0,11.0,37.3,1.9,0.6923076923076923,0.0,0.0,150.0,5.0,36.3,1.0,0.875,0.9,0.2,57.0,69.0,16.0,16.0,470.0,0.125,0.0,0.0,-0.07692307692307693,0.0625,-0.13999999999999915,0.0,-2.1794999999999973,-1.9795000000000016,-1.1524,-0.7726000000000042,-1.6524,0.08641456086715908,0.4363484845854277,1.0,2.0,0.5,0.03333333333333333,0.13333333333333333,2.0,0.5,0.07435897435897434,0.02314814814814814
38,202305010107,4,5,4,48,17,25,19,185,0,1,1,0,2,1,2,16,7,6,8,58,0,0,1,0,0,0,0,5,0,1,0,15,0,0,0,0,0.0,0.0,120.0,4.0,37.5,0.4,0.5,0.0,0.0,30.0,7.0,36.9,0.5,0.3333333333333333,0.0,0.0,20.0,4.0,35.6,0.5,0.4166666666666667,0.0,16.0,200.0,0.15343915343915343,0.3492063492063492,2,4,14.6,6.0,1467,1183,336,0.0,0.0,130.0,6.0,35.4,0.6,0.5714285714285714,0.0,0.0,110.0,8.0,35.0,1.0,0.5,0.7,0.0,57.0,21.0,16.0,16.0,476.0,-0.125,0.0,0.0,0.0,0.0,0.65,0.0,-0.4110999999999976,0.45889999999999986,-0.8410999999999973,-0.4977000000000018,-0.153100000000002,0.08178840017770317,0.953729521405309,-1.0,0.0,,0.125,0.3,0.0,,0.12021857923497267,-0.0538498326159732
39,202305010107,6,2,13,58,14,9,8,141,0,0,0,3,1,1,3,17,2,1,3,49,0,0,0,2,0,0,0,8,0,0,0,15,0,0,0,2,0.0,0.0,120.0,9.0,37.2,0.9,0.25,0.0,0.0,70.0,5.0,37.4,1.1,0.125,0.0,0.0,60.0,6.0,37.5,0.8,0.26666666666666666,-1.5,4.0,0.0,0.07142857142857142,0.19387755102040816,6,12,51.8,10.0,1426,1618,306,0.0,0.0,80.0,5.0,36.4,1.1,0.4375,0.0,0.0,100.0,13.0,38.4,2.4,0.125,0.8,0.0,57.0,69.0,16.0,16.0,452.0,0.1875,0.0,0.06666666666666667,0.0,0.0,-0.13999999999999915,0.0,-1.079499999999996,-0.4233000000000047,-0.36829999999999785,-0.7229000000000028,0.12049999999999983,0.11512070959552749,0.6399999999999998,1.0,2.0,0.0,0.0,0.1,2.0,0.0,0.050843881856540096,0.06466540104413859
40,202305010107,7,2,9,76,11,13,6,86,0,1,0,1,2,1,1,28,4,8,2,42,0,1,0,0,0,1,0,4,2,1,1,7,0,1,0,0,0.0,0.0,1.0,4.0,39.9,0.9,0.6363636363636364,0.0,0.0,11.0,13.0,36.9,2.2,0.625,0.0,0.0,7.0,6.0,36.7,1.6,0.8666666666666667,1.0,-4.0,-200.0,0.06666666666666667,0.175,6,11,36.2,9.0,1713,1393,215,0.0,0.0,11.0,3.0,35.9,0.3,0.875,0.0,0.0,7.0,6.0,36.1,1.2,0.875,-0.6,0.2,56.0,-369.0,16.0,11.0,512.0,-0.18181818181818182,0.0,-0.06666666666666667,0.0,0.0,0.8599999999999994,0.0,1.8273999999999972,-1.3795000000000002,-1.579499999999996,-2.3795,-1.4913999999999987,0.1184238004396082,1.4477568856683078,1.0,3.0,0.3333333333333333,0.08333333333333333,0.23958333333333334,3.0,0.3333333333333333,-0.0301990391214825,-0.10199418363107604
41,202305010107,11,8,8,84,0,0,0,3,0,0,0,0,0,2,1,13,0,0,0,0,0,0,0,0,0,0,0,2,0,0,0,0,0,0,0,0,0.0,0.0,2.0,3.0,41.4,1.1,0.2,0.0,0.0,13.0,11.0,39.8,2.0,0.6666666666666666,0.0,0.0,14.0,9.0,36.5,1.9,0.9375,3.0,9.0,-100.0,0.06363636363636363,0.2681818181818182,3,6,153.0,13.0,1428,302,1263,0.0,0.0,12.0,9.0,37.8,1.2,0.6666666666666666,0.0,0.0,14.0,11.0,37.0,1.2,0.875,1.4,0.2,58.0,-547.0,16.0,10.0,483.0,0.2,0.26666666666666666,0.0,-0.06666666666666667,0.0,1.0799999999999996,0.0,,0.40739999999999554,-1.7794999999999987,-0.4795000000000016,-1.2794999999999987,0.25865034312755125,1.8352111595127134,2.0,3.0,0.0,0.0975609756097561,0.2682926829268293,3.0,0.0,-0.07016632016632018,
42,202305010107,1,2,2,48,3,2,2,34,0,0,0,6,0,0,0,13,1,1,0,7,0,0,0,0,0,0,0,0,0,1,0,2,0,0,0,0,0.0,0.0,80.0,2.0,41.5,0.2,0.25,0.0,0.0,100.0,6.0,36.1,1.2,1.0,0.0,0.0,90.0,4.0,36.8,0.7,1.0,1.0,-20.0,-200.0,0.0,0.07058823529411765,7,14,105.7,12.0,1548,1412,1328,0.0,0.0,140.0,8.0,35.1,0.9,0.1875,0.0,0.0,160.0,10.0,35.6,1.1,0.8125,1.8,0.2,56.0,-528.0,16.0,12.0,440.0,-0.08333333333333333,0.0,-0.18181818181818182,0.0625,0.0625,1.2799999999999998,0.0,3.5833000000000013,-1.8166999999999973,-1.2726000000000042,0.025300000000001432,0.5253000000000014,0.35925269657999787,2.3094588110637515,0.0,0.0,,0.05263157894736842,0.15789473684210525,0.0,,0.15566037735849056,0.0673635307781649
43,202305010107,0,4,3,47,3,4,3,27,0,1,0,1,0,2,1,24,2,2,3,13,0,1,0,1,0,0,0,5,0,1,0,4,0,0,0,1,0.0,0.0,100.0,10.0,41.6,1.6,0.0625,0.0,0.0,40.0,8.0,38.7,1.8,0.6,0.0,0.0,90.0,13.0,38.6,1.8,0.1875,1.5,2.0,-400.0,0.0962962962962963,0.2962962962962963,4,7,75.5,11.0,1729,322,1428,0.0,0.0,10.0,1.0,38.5,0.0,0.06666666666666667,0.0,0.0,10.0,2.0,37.0,0.2,0.3125,-2.3,0.4,57.0,23.0,16.0,16.0,486.0,0.0,0.0,-0.0625,0.0,0.0,0.9400000000000006,0.0,1.9741,0.4205000000000041,0.32050000000000267,-0.7764000000000024,-1.2794999999999987,0.1994958924667651,1.4958609561052127,0.0,3.0,0.3333333333333333,0.03076923076923077,0.16923076923076924,3.0,0.3333333333333333,-0.04391534391534391,-0.020270270270270285
44,202305010107,0,0,0,2,4,1,1,21,0,0,0,2,0,0,0,1,0,0,0,5,0,0,0,1,0,0,0,1,0,0,0,5,0,0,0,1,0.0,0.0,2.0,10.0,39.3,1.6,0.16666666666666666,0.0,0.0,9.0,7.0,38.4,0.3,0.07142857142857142,0.0,0.0,11.0,8.0,37.8,0.9,0.1875,-1.0,-6.0,200.0,0.12727272727272726,0.2727272727272727,2,3,10.2,5.0,969,324,201,0.0,0.0,9.0,14.0,36.5,1.6,0.13333333333333333,0.0,0.0,5.0,11.0,37.8,1.6,0.7272727272727273,0.9,0.0,58.0,-628.0,16.0,12.0,556.0,0.16666666666666666,0.0,0.0625,0.0,-0.09090909090909091,0.4899999999999999,0.0,1.4788999999999959,0.488900000000001,-0.023300000000006094,1.346899999999998,-0.023300000000006094,0.2382757688269671,0.9134549797335382,1.0,0.0,,0.14516129032258066,0.22580645161290322,0.0,,,0.1777777777777778
45,202305010107,6,8,6,93,0,0,0,2,0,0,0,1,3,0,1,23,0,0,0,0,0,0,0,0,0,0,0,6,0,0,0,0,0,0,0,0,0.0,0.0,15.0,14.0,38.3,2.1,0.9333333333333333,0.0,0.0,15.0,13.0,35.2,2.1,0.9375,0.0,0.0,15.0,14.0,38.7,2.5,0.8125,0.0,-4.0,-600.0,0.0375,0.125,4,8,351.7,15.0,1736,771,1482,0.0,0.0,6.0,8.0,32.8,0.4,0.8333333333333334,0.0,0.0,16.0,8.0,32.5,0.9,0.8888888888888888,-1.7,0.0,56.0,-77.0,16.0,15.0,486.0,-0.6666666666666666,0.0625,-0.0625,,,1.4,0.0,2.1342,0.04690000000000083,0.4205000000000041,-0.7434000000000012,-1.0433999999999983,0.050906898802411955,2.625261891697665,0.0,1.0,0.0,0.04285714285714286,0.17142857142857143,1.0,0.0,0.028891202498698587,
46,202305010107,9,7,3,105,0,0,0,1,0,0,0,1,3,1,0,26,0,0,0,0,0,0,0,0,0,0,0,7,0,0,0,0,0,0,0,0,0.0,0.0,60.0,6.0,38.4,1.6,1.0,0.0,0.0,150.0,15.0,38.1,2.2,0.5,0.0,0.0,140.0,15.0,38.7,2.5,0.5625,4.5,42.0,-200.0,0.058333333333333334,0.175,5,9,169.9,14.0,1127,905,1328,0.0,0.0,60.0,7.0,39.5,3.3,0.5,0.0,0.0,70.0,11.0,40.9,2.5,0.16666666666666666,0.2,0.0,54.0,-523.0,16.0,6.0,498.0,0.0,0.3125,0.1875,0.2,0.3333333333333333,-0.6399999999999999,0.0,0.48329999999999984,-1.1094000000000008,0.4205000000000041,0.29059999999999775,1.507399999999997,0.26627575514450763,1.0047885349664367,0.0,1.0,0.0,0.14864864864864866,0.33783783783783783,1.0,0.0,-0.00028462998102465886,
47,202305010107,9,7,3,105,11,13,6,86,0,0,0,2,3,1,0,26,4,8,2,42,0,0,0,0,0,0,0,7,2,1,1,7,0,0,0,0,0.0,0.0,150.0,15.0,37.3,1.9,1.0,0.0,0.0,13.0,12.0,13.5,3.5,0.6428571428571429,0.0,0.0,12.0,10.0,13.6,4.7,0.16666666666666666,-2.5,-4.0,250.0,0.046511627906976744,0.1511627906976744,1,2,495.5,16.0,1127,1393,1328,0.0,0.0,12.0,9.0,13.6,3.5,0.5833333333333334,0.0,0.0,11.0,10.0,13.9,7.0,0.25,-1.3,0.0,55.0,-644.0,16.0,15.0,464.0,0.0,0.07142857142857142,0.3333333333333333,0.16666666666666666,0.5833333333333334,4.67,0.0,-0.5739000000000019,,,,,0.2989588888686204,9.46095132637305,2.0,0.0,,0.0,0.05172413793103448,0.0,,-0.00028462998102465886,-0.10199418363107604
48,202305010201,0,0,0,1,1,1,2,58,0,0,0,0,0,0,0,0,0,1,0,22,0,0,0,0,0,0,0,0,0,0,0,15,0,0,0,0,0.0,0.0,5.0,1.0,39.3,0.0,0.16666666666666666,0.0,0.0,13.0,14.0,38.7,3.5,0.375,0.0,0.0,9.0,11.0,37.7,2.2,0.75,5.0,5.0,0.0,0.06696428571428571,0.26785714285714285,1,1,4.2,3.0,1540,1328,1036,0.0,0.0,3.0,1.0,38.5,0.0,0.06666666666666667,0.0,0.0,3.0,2.0,38.9,0.3,0.25,-1.1,0.6,56.0,-530.0,16.0,12.0,463.0,-0.08333333333333333,0.125,0.0,0.0,-0.0625,0.1,0.0,1.6357,0.4205000000000041,-0.453799999999994,0.22050000000000125,0.988900000000001,0.23685438564654024,0.5306599664568622,0.0,4.0,0.5,0.08695652173913043,0.22826086956521738,2.0,0.5,,0.08933002481389579
49,202305010201,2,1,2,23,2,2,3,29,0,0,0,1,0,0,1,11,1,1,1,8,0,0,0,0,0,0,0,6,0,1,1,3,0,0,0,0,0.0,0.0,6.0,1.0,38.3,0.0,0.8,0.0,0.0,9.0,,,,,0.0,0.0,4.0,14.0,38.2,2.1,0.7333333333333333,13.0,6.0,0.0,0.039735099337748346,0.15894039735099338,3,6,89.8,10.0,1064,1448,1556,0.0,0.0,2.0,2.0,36.9,0.7,0.8125,0.0,0.0,2.0,7.0,38.4,1.9,0.5625,0.6,0.5,56.0,-536.0,16.0,10.0,478.0,-0.6,,0.0,-0.375,0.0,0.1,0.0,0.02049999999999841,,0.28890000000000526,-0.5341000000000022,0.12049999999999983,0.09967394761588073,0.6103277807866854,0.0,2.0,0.5,0.05555555555555555,0.1388888888888889,2.0,0.5,0.07142857142857142,0.036324786324786335
50,202305010201,1,1,0,11,1,2,3,32,0,0,0,2,0,0,0,2,1,1,0,12,0,0,0,0,0,0,0,2,0,0,0,1,0,0,0,0,0.0,0.0,11.0,9.0,37.4,1.2,0.8,0.0,0.0,2.0,8.0,38.7,1.7,0.4375,0.0,0.0,5.0,3.0,37.8,1.3,0.125,-3.0,-4.0,200.0,0.02631578947368421,0.10526315789473684,6,12,14.7,6.0,1289,770,1428,0.0,0.0,6.0,3.0,38.3,0.3,0.3333333333333333,0.0,0.0,8.0,11.0,40.1,1.6,0.375,-0.1,0.4,54.0,-196.0,16.0,15.0,464.0,-0.06666666666666667,-0.0625,0.0,0.0,-0.125,-0.5,0.0,-0.511099999999999,0.7889000000000053,0.36589999999999634,0.02049999999999841,2.0274,0.2195892630445406,0.9308061022576092,-1.0,1.0,1.0,0.11827956989247312,0.27956989247311825,1.0,1.0,0.02797202797202797,-0.0016447368421052544
51,202305010201,0,0,0,0,0,0,0,1,0,0,0,0,0,0,0,0,0,0,0,1,0,0,0,0,0,0,0,0,0,0,0,0,0,0,0,0,0.0,0.0,20.0,3.0,37.3,0.5,0.25,0.0,0.0,20.0,12.0,34.9,1.5,0.5294117647058824,0.0,0.0,10.0,2.0,35.7,0.0,0.125,-0.5,10.0,200.0,0.10852713178294573,0.2713178294573643,4,8,3.2,1.0,196,596,575,,,,,,,,,,,,,,,-0.5,0.6666666666666666,56.0,15.0,16.0,16.0,508.0,0.0,0.11764705882352941,0.0625,,,0.7999999999999972,0.0,-0.6111000000000004,-0.20649999999999835,-1.767799999999994,,,0.16906435648020132,0.9977753031397167,0.0,0.0,,0.027777777777777776,0.25,0.0,,,
52,202305010201,6,2,13,58,16,16,19,162,1,1,0,7,1,1,3,17,4,4,5,55,0,0,0,0,0,1,2,4,1,1,1,14,0,0,0,0,0.0,0.0,150.0,14.0,38.0,2.1,0.875,0.0,0.0,14.0,14.0,38.0,3.1,1.0,0.0,0.0,9.0,8.0,39.4,1.7,0.6666666666666666,-3.0,0.0,-200.0,0.1511627906976744,0.36046511627906974,8,16,4.2,2.0,1426,1345,306,0.0,0.0,10.0,16.0,40.7,6.8,0.9375,0.0,0.0,9.0,12.0,35.3,1.8,0.625,-0.2,0.0,56.0,-657.0,16.0,16.0,442.0,0.0,0.0,0.0,0.0625,0.0,0.2700000000000003,0.0,-0.07260000000000133,-0.27949999999999875,-0.22590000000000288,2.420500000000004,0.22529999999999717,0.1488380924957646,1.7971087891388229,-2.0,2.0,0.0,0.08771929824561403,0.3333333333333333,2.0,0.0,0.050843881856540096,-0.02467151904716891
53,202305010201,4,0,7,35,14,9,8,141,0,0,0,1,1,0,3,12,2,1,3,49,0,0,0,1,1,0,2,7,0,0,1,13,0,0,0,1,0.0,0.0,7.0,9.0,41.1,2.4,0.6363636363636364,0.0,0.0,5.0,12.0,37.8,2.6,0.5714285714285714,0.0,0.0,9.0,5.0,36.9,0.6,0.5625,-2.0,9.0,0.0,0.041666666666666664,0.22916666666666666,8,15,20.2,8.0,1204,1618,1221,0.0,0.0,6.0,16.0,40.6,4.7,0.4375,0.0,0.0,7.0,6.0,37.4,0.8,0.4666666666666667,-0.2,0.0,56.0,-629.0,16.0,11.0,493.0,0.2727272727272727,0.0,-0.0625,0.125,0.06666666666666667,0.46000000000000013,0.0,3.435700000000004,0.36589999999999634,-0.5177000000000049,2.688900000000004,-0.4211000000000027,0.07284711864481701,1.7373543104387215,0.0,1.0,0.0,0.12195121951219512,0.3048780487804878,0.0,,-0.10755148741418766,0.06466540104413859
54,202305010201,0,0,0,0,0,3,2,19,0,0,0,0,0,0,0,0,0,1,0,6,0,0,0,0,0,0,0,0,0,0,0,4,0,0,0,0,0.0,0.0,4.0,5.0,40.2,1.1,0.2727272727272727,0.0,0.0,10.0,7.0,39.4,1.4,0.1875,0.0,0.0,3.0,5.0,38.7,2.2,0.1875,0.0,1.0,0.0,0.1484375,0.3828125,5,10,6.6,4.0,379,1654,204,0.0,0.0,6.0,7.0,37.1,0.5,0.3125,0.0,0.0,4.0,7.0,37.4,0.6,0.8666666666666667,0.4,0.0,56.0,-512.0,16.0,11.0,487.0,0.0,0.0,0.0,0.0625,-0.06666666666666667,0.7900000000000006,0.0,2.046200000000006,1.3273999999999972,0.4205000000000041,-0.5642999999999958,-0.8795000000000002,0.25532400327486093,1.1740528097151344,0.0,4.0,0.0,0.038461538461538464,0.15384615384615385,2.0,0.0,,0.12499999999999997
55,202305010201,2,1,1,28,16,16,19,162,0,0,0,0,2,1,0,15,4,4,5,55,0,0,0,0,1,1,0,7,1,1,1,14,0,0,0,0,0.0,0.0,6.0,7.0,41.8,3.5,0.2222222222222222,0.0,0.0,15.0,8.0,38.9,1.8,0.7333333333333333,0.0,0.0,13.0,13.0,39.6,3.0,0.75,3.0,3.0,-200.0,0.025806451612903226,0.10967741935483871,7,14,586.0,15.0,1507,1345,593,0.0,0.0,15.0,14.0,35.9,3.0,0.9333333333333333,,,,,,,,2.6,0.0,56.0,-469.0,16.0,9.0,449.0,0.4444444444444444,-0.06666666666666667,0.0,-0.13333333333333333,,1.6999999999999993,0.0,3.727399999999996,0.6204999999999998,1.4462000000000046,0.8252999999999986,,0.264498564723404,2.110094784600919,3.0,2.0,0.0,0.04081632653061224,0.08163265306122448,1.0,0.0,-0.125,-0.02467151904716891
56,202305010201,17,18,10,162,0,0,1,23,0,0,0,0,10,9,5,93,0,0,1,11,0,0,0,0,5,1,2,20,0,0,1,3,0,0,0,0,0.0,0.0,5.0,8.0,40.8,1.9,0.7777777777777778,0.0,0.0,5.0,9.0,40.4,2.1,0.2,0.0,0.0,6.0,3.0,38.4,0.3,0.5625,-2.5,9.0,0.0,0.016129032258064516,0.07258064516129033,5,9,10.1,5.0,1172,1522,1556,0.0,0.0,11.0,2.0,38.6,0.4,0.1875,,,,,,,,-2.4,0.5,56.0,-434.0,16.0,9.0,491.0,0.1111111111111111,0.0,-0.125,0.0625,,0.8599999999999988,0.0,2.6462000000000003,2.1205,0.488900000000001,0.7789000000000001,,0.2500983602801402,1.061838029079764,0.0,2.0,0.0,0.019230769230769232,0.09615384615384616,1.0,0.0,0.01460869565217393,0.05357142857142857
57,202305010201,2,1,1,28,2,2,5,78,0,0,0,1,2,1,0,15,1,0,1,30,0,0,0,0,1,1,0,7,0,0,0,14,0,0,0,0,0.0,0.0,8.0,9.0,41.7,2.8,0.4,0.0,0.0,14.0,11.0,40.8,4.2,0.5,0.0,0.0,16.0,16.0,41.8,2.6,0.1875,3.5,5.0,0.0,0.038461538461538464,0.17692307692307693,4,7,255.4,12.0,1507,1036,593,0.0,0.0,12.0,10.0,39.2,2.2,0.7333333333333333,0.0,0.0,15.0,16.0,38.7,2.0,0.9375,1.3,0.0,56.0,-533.0,16.0,10.0,493.0,0.1,0.14285714285714285,0.375,-0.06666666666666667,0.0,0.7599999999999995,0.0,4.035700000000006,1.4073999999999955,2.1740999999999957,0.9205000000000041,0.7889000000000053,0.2608293396925362,1.2753038853543872,0.0,2.0,0.0,0.022222222222222223,0.2,1.0,0.0,-0.125,-0.0649867374005305
58,202305010201,0,0,1,19,20,25,21,205,0,0,0,0,0,0,0,2,5,4,2,61,0,0,0,0,0,0,0,1,2,1,0,22,0,0,0,0,0.0,0.0,3.0,4.0,37.0,1.0,1.0,0.0,0.0,11.0,11.0,39.7,2.3,0.4666666666666667,0.0,0.0,13.0,14.0,38.7,3.8,1.0,5.0,4.0,200.0,0.0,0.0,7,13,243.9,11.0,1222,1167,1328,0.0,0.0,14.0,11.0,37.6,1.3,0.1875,0.0,0.0,14.0,15.0,38.0,2.1,0.29411764705882354,2.2,0.0,51.0,-282.0,16.0,11.0,418.0,-0.45454545454545453,0.06666666666666667,0.0,0.25,0.0,0.010000000000000142,0.0,-0.8211000000000013,1.420500000000004,0.7889000000000053,2.1407999999999987,2.0833999999999975,0.34668808435746373,0.9316651759081703,-3.0,1.0,0.0,0.022222222222222223,0.13333333333333333,1.0,0.0,-0.05,0.019083827201908404
59,202305010201,5,9,5,81,1,3,2,23,0,0,1,0,0,7,3,29,1,1,2,8,0,0,1,0,0,0,3,10,1,1,2,1,0,0,1,0,0.0,0.0,11.0,10.0,42.3,3.0,0.6428571428571429,0.0,0.0,3.0,10.0,35.8,1.5,0.8333333333333334,0.0,0.0,1.0,7.0,40.2,1.9,0.0625,-1.5,26.0,-200.0,0.056910569105691054,0.17073170731707318,3,5,18.5,7.0,1020,79,1576,0.0,0.0,6.0,3.0,37.9,0.3,0.3333333333333333,0.0,0.0,5.0,3.0,38.1,0.6,0.125,-2.1,0.4,55.0,-529.0,16.0,14.0,518.0,0.0,-0.08333333333333333,0.0,-0.13333333333333333,0.0,0.629999999999999,0.0,4.227399999999996,-0.09770000000000323,1.920500000000004,-0.011099999999999,0.27669999999999817,0.2968943557957971,2.213232929449587,-1.0,1.0,0.0,0.14666666666666667,0.3333333333333333,1.0,0.0,0.16294117647058826,0.015325670498084282
60,202305010201,0,2,0,5,0,0,0,3,0,0,0,0,0,2,0,3,0,0,0,0,0,0,0,0,0,2,0,2,0,0,0,0,0,0,0,0,0.0,0.0,11.0,11.0,44.7,5.7,0.5454545454545454,0.0,0.0,13.0,13.0,39.8,3.1,0.9333333333333333,0.0,0.0,15.0,14.0,39.0,3.1,0.9375,1.5,1.0,0.0,0.028985507246376812,0.07246376811594203,6,11,446.7,13.0,1485,1598,1665,0.0,0.0,16.0,13.0,39.6,3.9,0.5625,,,,,,,,0.7,0.0,52.0,-370.0,16.0,11.0,473.0,0.2727272727272727,-0.13333333333333333,0.0,-0.125,,1.61,0.0,6.546200000000006,1.5204999999999984,0.8462000000000032,1.6889000000000038,,0.19082057381525866,2.2851422275210806,-2.0,3.0,0.0,0.0,0.08955223880597014,1.0,0.0,,
61,202305010201,2,0,2,20,0,1,0,3,0,0,0,0,1,0,0,7,0,1,0,2,0,0,0,0,0,0,0,5,0,1,0,1,0,0,0,0,0.0,0.0,12.0,11.0,43.3,3.9,0.8333333333333334,0.0,0.0,16.0,15.0,40.7,4.6,0.875,0.0,0.0,14.0,14.0,40.1,4.1,1.0,1.5,18.0,-400.0,0.0,0.06818181818181818,2,3,531.9,14.0,1243,1716,1428,0.0,0.0,13.0,15.0,39.2,3.1,0.875,0.0,0.0,16.0,15.0,36.8,3.2,1.0,0.8,0.0,54.0,-284.0,16.0,12.0,456.0,0.16666666666666666,0.0625,-0.06666666666666667,0.0625,0.0,1.45,0.0,3.753299999999996,1.1533000000000015,1.8205000000000027,1.3789000000000016,1.5366,0.06972166887783962,2.1103554203024664,-2.0,1.0,0.0,0.0,0.08823529411764706,1.0,0.0,-0.16666666666666666,
62,202305010201,4,3,1,29,1,3,5,34,0,0,0,0,2,1,1,13,1,0,2,7,0,0,0,0,1,0,0,3,1,0,0,4,0,0,0,0,0.0,0.0,9.0,,,,0.6,0.0,0.0,5.0,5.0,38.6,1.5,0.4375,,,,,,,,,-6.0,0.0,,,1,2,42.6,9.0,1629,1104,1428,,,,,,,,,,,,,,,,0.0,56.0,0.0,16.0,15.0,452.0,0.4,-0.25,,,,,0.0,,0.6889000000000038,,,,0.08124999999999999,,0.0,1.0,0.0,,,1.0,0.0,0.09957325746799428,-0.03688853247794707
63,202305010201,4,0,7,35,20,25,21,205,0,0,0,0,1,0,3,12,5,4,2,61,0,0,0,0,1,0,2,7,2,1,0,22,0,0,0,0,0.0,0.0,70.0,11.0,36.9,1.0,0.5,0.0,0.0,30.0,6.0,36.0,1.1,0.9090909090909091,0.0,0.0,30.0,1.0,35.3,0.0,0.9090909090909091,-5.0,-2.0,200.0,,,2,4,,,1204,1167,1221,0.0,0.0,60.0,13.0,37.5,1.5,0.8125,0.0,0.0,10.0,1.0,36.9,0.0,0.5625,-1.3,0.4,56.0,-224.0,16.0,16.0,512.0,0.0625,-0.09090909090909091,-0.09090909090909091,0.0625,-0.125,-0.15,0.0,-1.011099999999999,-0.4410999999999987,-0.9742000000000033,-0.7794999999999987,-0.9211000000000027,0.17409001898656856,0.7756287771866133,0.0,1.0,0.0,,,1.0,0.0,-0.10755148741418766,0.019083827201908404
64,202305010208,12,9,9,59,1,3,1,5,1,3,1,4,5,4,1,17,0,1,0,1,0,1,0,1,1,1,0,4,0,1,0,1,0,1,0,1,0.0,0.0,1.0,1.0,40.3,0.0,0.42857142857142855,0.0,0.0,10.0,7.0,35.9,1.0,0.375,0.0,0.0,10.0,11.0,38.7,2.7,0.46153846153846156,5.0,16.0,-200.0,0.06306306306306306,0.26576576576576577,6,12,2.5,1.0,1463,622,1167,0.0,0.0,3.0,7.0,36.8,0.8,0.25,0.0,0.0,1.0,1.0,36.3,0.0,0.3333333333333333,0.0,0.4,58.0,-522.0,16.0,14.0,538.0,-0.07142857142857142,0.0,0.15384615384615385,0.0,0.0,0.7100000000000002,0.0,2.3832999999999984,-2.0167,-0.9258999999999986,-1.4795000000000016,-1.9795000000000016,0.07426824613456448,1.6565023392678928,3.0,2.0,0.5,0.1276595744680851,0.3191489361702128,2.0,0.5,-0.03549135009809168,-0.07142857142857145
65,202305010208,20,10,20,146,0,1,0,1,0,1,0,0,13,5,8,64,0,1,0,0,0,1,0,0,2,1,2,10,0,0,0,0,0,0,0,0,0.0,0.0,20.0,10.0,37.6,1.9,0.16666666666666666,0.0,0.0,,,,,,0.0,0.0,20.0,6.0,37.3,0.4,0.06666666666666667,-4.0,,200.0,0.2556390977443609,0.5263157894736842,4,8,4.7,3.0,1716,286,1167,0.0,0.0,10.0,3.0,37.6,0.5,0.125,0.0,0.0,30.0,2.0,36.9,0.0,0.25,-2.7,0.5,57.0,-76.0,16.0,12.0,506.0,0.0,,0.0,0.0,0.0,0.18000000000000044,0.0,-0.22109999999999985,,-0.5211000000000041,-0.6794999999999973,-1.3795000000000002,0.06676425149567526,0.28722813232690275,-1.0,2.0,1.0,0.09722222222222222,0.2916666666666667,2.0,1.0,0.03502141597379693,
66,202305010208,9,2,4,101,4,3,1,34,1,1,1,2,3,1,2,27,3,1,1,12,1,1,1,2,0,1,1,12,1,1,0,1,0,1,0,1,0.0,0.0,20.0,2.0,35.2,0.0,0.5625,0.0,0.0,10.0,4.0,35.6,0.3,0.8125,0.0,0.0,30.0,2.0,35.8,0.4,0.6875,0.0,-2.0,0.0,0.14705882352941177,0.35294117647058826,5,9,3.4,2.0,1557,1541,1559,0.0,0.0,50.0,1.0,34.9,0.0,0.75,0.0,0.0,60.0,4.0,36.2,0.7,0.625,0.1,0.6,57.0,64.0,16.0,16.0,514.0,0.0,0.0625,0.0,0.125,0.0,-0.12999999999999973,0.0,-2.933799999999998,-2.6794999999999973,-2.4795000000000016,-3.3795,-2.079499999999996,0.08838834764831845,0.4543126676640224,1.0,5.0,0.6,0.07758620689655173,0.29310344827586204,4.0,0.5,0.005824790307548927,0.0367965367965368
67,202305010208,43,41,42,253,4,7,7,131,0,0,1,2,13,15,18,95,1,3,1,42,0,0,1,1,3,3,5,19,0,0,0,4,0,0,0,1,0.0,0.0,12.0,12.0,36.1,1.0,0.375,0.0,0.0,8.0,4.0,36.7,0.5,0.625,0.0,0.0,16.0,6.0,36.8,1.5,0.8125,-3.0,0.0,0.0,0.10810810810810811,0.2702702702702703,4,7,68.1,8.0,1576,1559,1577,0.0,0.0,13.0,9.0,36.1,1.3,1.0,0.0,0.0,15.0,8.0,36.4,1.1,0.75,-0.3,0.0,56.0,-14.0,16.0,16.0,494.0,-0.0625,0.0,0.0,0.0,0.0,7.105427357601002e-16,0.0,-1.5642999999999958,-1.579499999999996,-1.1167000000000016,-2.1794999999999973,-1.0341000000000022,0.2076655965729519,0.2925747767665551,0.0,3.0,0.0,0.058823529411764705,0.14705882352941177,2.0,0.0,-0.03389267477838315,0.07049897869857018
68,202305010208,4,1,0,5,2,1,0,2,2,1,0,2,1,0,0,3,1,0,0,1,1,0,0,1,0,0,0,2,0,0,0,1,0,0,0,1,0.0,0.0,2.0,9.0,39.0,2.0,0.6666666666666666,0.0,0.0,12.0,13.0,38.5,2.3,0.6,0.0,0.0,14.0,10.0,35.9,1.2,0.8125,0.5,26.0,200.0,0.05737704918032787,0.1721311475409836,2,4,167.6,15.0,556,624,1,0.0,0.0,9.0,15.0,38.1,1.8,0.375,0.0,0.0,10.0,6.0,35.8,0.6,0.3125,-0.4,0.0,57.0,-539.0,16.0,9.0,504.0,0.1111111111111111,0.2,0.0,0.0,0.0,0.6800000000000004,0.0,1.5822999999999965,-0.8926000000000016,-2.2537999999999982,-0.17949999999999733,-1.8643,0.18546862567860664,1.3455110553243341,0.0,3.0,0.0,0.09523809523809523,0.16666666666666666,1.0,0.0,,
69,202305010208,5,10,5,88,2,4,0,17,2,2,0,12,3,2,0,20,1,2,0,9,1,1,0,4,0,1,0,1,0,0,0,0,0,0,0,0,0.0,0.0,100.0,9.0,36.9,1.6,1.0,0.0,0.0,110.0,7.0,35.3,0.7,1.0,0.0,0.0,60.0,13.0,34.7,1.5,1.0,2.0,6.0,-200.0,0.03875968992248062,0.17829457364341086,3,5,72.4,9.0,1561,223,1263,0.0,0.0,30.0,10.0,35.3,1.9,0.625,0.0,0.0,70.0,2.0,34.7,0.1,0.875,-1.1,0.2,58.0,78.0,16.0,16.0,484.0,0.0,0.0,0.0,0.0625,-0.1875,0.43999999999999917,0.0,-1.1726000000000028,-2.8338000000000036,-2.9642999999999944,-2.8338000000000036,-2.9642999999999944,0.1457737973711325,0.805977667184394,1.0,4.0,0.25,0.0782608695652174,0.2956521739130435,0.0,,0.03019943019943022,0.1280193236714976
70,202305010208,9,7,10,114,1,3,2,6,1,2,0,3,3,1,0,26,1,0,0,2,1,0,0,0,1,1,0,7,0,0,0,1,0,0,0,0,0.0,0.0,60.0,2.0,37.2,0.3,0.7857142857142857,0.0,0.0,30.0,1.0,36.5,0.0,0.7272727272727273,0.0,0.0,20.0,5.0,38.7,1.0,0.26666666666666666,1.5,8.0,0.0,0.043478260869565216,0.2391304347826087,8,15,8.3,4.0,1503,881,1263,0.0,0.0,20.0,2.0,39.2,0.8,0.5,0.0,0.0,60.0,8.0,36.5,0.9,0.6875,1.3000000000000003,0.6,58.0,20.0,16.0,14.0,482.0,0.0,-0.09090909090909091,-0.06666666666666667,-0.25,0.0,-0.12999999999999973,0.0,-1.079499999999996,-1.7794999999999987,-0.9258999999999986,-0.4258999999999986,-1.5726000000000013,0.18933553706837916,1.1267652816802631,0.0,2.0,1.0,0.10526315789473684,0.2631578947368421,2.0,1.0,-0.017174959871589096,
71,202305010208,4,5,6,66,2,1,1,14,2,0,0,7,2,2,2,34,2,0,1,6,2,0,0,5,0,0,0,13,0,0,0,4,0,0,0,4,0.0,0.0,1.0,9.0,63.9,23.9,0.5555555555555556,0.0,0.0,8.0,10.0,14.3,18.6,0.9,0.0,0.0,9.0,13.0,14.0,13.7,0.9285714285714286,2.0,0.0,-100.0,0.029850746268656716,0.07462686567164178,8,16,133.0,14.0,1313,1736,1108,0.0,0.0,12.0,7.0,36.9,0.8,0.625,0.0,0.0,14.0,8.0,36.4,1.0,0.875,-0.5,0.0,56.0,-527.0,16.0,9.0,460.0,0.4444444444444444,0.1,-0.07142857142857142,-0.0625,0.0,3.2400000000000007,0.0,,,,-1.3795000000000002,-1.8795000000000002,0.15482143747113924,18.396847556035244,0.0,2.0,0.0,0.04,0.16,2.0,0.0,-0.02239448751076656,0.1777777777777778
72,202305010208,7,7,8,85,11,13,6,86,0,1,0,3,3,4,0,27,4,8,2,42,0,1,0,2,2,3,0,2,0,2,0,12,0,1,0,2,0.0,0.0,80.0,12.0,40.6,2.2,0.0625,0.0,0.0,110.0,16.0,42.4,4.7,0.375,0.0,0.0,50.0,15.0,37.3,2.5,1.0,1.5,14.0,0.0,0.0,0.25,7,13,102.0,12.0,1605,1393,1,0.0,0.0,60.0,6.0,35.8,1.6,0.125,0.0,0.0,30.0,7.0,37.5,0.6,0.125,-2.0,0.0,58.0,36.0,16.0,16.0,514.0,0.0,0.375,0.0,0.0,0.0,1.2800000000000005,0.0,2.4662000000000006,3.007399999999997,-0.9795000000000016,-2.3338000000000036,-0.7794999999999987,0.348209706929603,2.4127992042439015,1.0,4.0,0.0,0.05263157894736842,0.3157894736842105,2.0,0.0,0.056687605331699115,-0.10199418363107604
73,202305010208,43,41,42,253,18,15,24,255,2,0,4,16,13,15,18,95,3,4,10,79,1,0,2,6,3,3,5,19,0,1,4,17,0,0,2,2,0.0,0.0,8.0,10.0,37.4,1.9,0.9375,0.0,0.0,13.0,8.0,37.1,1.4,0.8,0.0,0.0,11.0,14.0,37.4,1.5,0.5625,2.0,-10.0,200.0,0.02702702702702703,0.10810810810810811,2,3,22.1,6.0,1576,1263,1577,0.0,0.0,12.0,8.0,37.0,1.1,0.9375,0.0,0.0,10.0,4.0,37.9,1.0,1.0,-1.2,0.0,56.0,-223.0,16.0,16.0,504.0,0.0,0.0,0.0,0.0,-0.07142857142857142,-0.08999999999999986,0.0,-0.511099999999999,-0.8110999999999962,-0.8795000000000002,-1.2794999999999987,-0.37950000000000017,0.1568040178056672,0.31368774282716166,-2.0,3.0,0.0,0.08450704225352113,0.22535211267605634,3.0,0.0,-0.03389267477838315,0.03282493368700265
74,202305010208,5,9,5,81,9,12,12,108,1,0,0,5,0,7,3,29,3,7,5,42,0,0,0,3,0,2,0,1,0,1,0,6,0,0,0,0,0.0,0.0,160.0,7.0,35.8,1.0,0.875,0.0,0.0,120.0,5.0,36.1,0.8,1.0,0.0,0.0,140.0,11.0,36.2,1.7,0.9285714285714286,2.0,-6.0,0.0,0.02247191011235955,0.07865168539325842,7,14,74.4,10.0,1020,1221,1576,0.0,0.0,110.0,7.0,35.5,0.8,0.8181818181818182,0.0,0.0,150.0,12.0,37.3,2.2,0.9333333333333333,1.2,0.0,56.0,-665.0,16.0,16.0,468.0,0.0625,0.0,0.0,0.0,-0.06666666666666667,-0.23999999999999985,0.0,-2.4795000000000016,-2.1794999999999973,-2.079499999999996,-2.0914,-0.6111000000000004,0.061056934506457765,0.6112282715974443,0.0,3.0,0.0,0.05172413793103448,0.15517241379310345,3.0,0.0,0.16294117647058826,-0.024042553191489374
75,202305010208,5,4,5,75,4,2,2,42,1,1,0,3,3,3,2,27,2,1,1,17,1,1,0,3,0,1,0,8,0,0,0,5,0,0,0,3,0.0,0.0,13.0,4.0,35.7,0.6,0.5625,0.0,0.0,11.0,12.0,37.8,1.5,0.5,0.0,0.0,11.0,12.0,37.9,1.3,0.3333333333333333,4.0,-14.0,0.0,0.06535947712418301,0.22875816993464052,1,2,96.4,11.0,1348,1553,1221,0.0,0.0,1.0,2.0,39.2,0.0,0.8181818181818182,0.0,0.0,7.0,4.0,37.4,1.1,0.5333333333333333,-1.0,0.2,58.0,-104.0,16.0,16.0,500.0,0.0625,0.0,0.06666666666666667,-0.45454545454545453,-0.13333333333333333,-0.4799999999999997,0.0,-2.453799999999994,-0.4795000000000016,-1.492600000000003,1.046200000000006,-1.1775999999999982,0.15607597747187638,1.1260550608207396,3.0,3.0,0.3333333333333333,0.05714285714285714,0.14285714285714285,1.0,0.0,0.03966632618318011,-0.16
76,202305010208,6,7,7,42,2,2,3,29,1,0,0,2,3,5,4,18,1,1,1,8,1,0,0,1,0,0,0,1,0,0,0,0,0,0,0,0,0.0,0.0,120.0,2.0,35.4,0.4,0.07142857142857142,0.0,0.0,140.0,16.0,38.6,3.2,0.8125,0.0,0.0,90.0,9.0,39.3,1.4,0.3125,3.5,2.0,0.0,0.15079365079365079,0.3888888888888889,3,6,24.6,7.0,1148,1448,1393,0.0,0.0,50.0,12.0,37.1,1.2,0.7142857142857143,0.0,0.0,10.0,1.0,36.8,0.0,0.0625,-0.6,0.4,58.0,260.0,16.0,14.0,478.0,0.0,-0.0625,0.0,-0.07142857142857142,0.0625,-0.12999999999999973,0.0,-2.2642999999999986,0.32050000000000267,1.3888999999999996,-0.4913999999999987,-1.4795000000000016,0.3156928725770006,1.377824371971987,1.0,3.0,0.6666666666666666,0.04878048780487805,0.14634146341463414,2.0,0.5,-0.08345021037868161,0.036324786324786335
77,202305010208,5,2,2,10,4,1,1,3,0,0,0,0,5,2,1,7,0,1,1,0,0,0,0,0,1,0,0,0,0,1,1,0,0,0,0,0,0.0,0.0,7.0,,,,0.5833333333333334,0.0,0.0,9.0,10.0,14.2,13.4,1.0,0.0,0.0,14.0,11.0,36.6,1.8,1.0,1.0,2.0,0.0,0.05128205128205128,0.2692307692307692,5,10,174.9,16.0,832,57,351,0.0,0.0,16.0,14.0,36.6,1.8,0.9375,0.0,0.0,11.0,11.0,38.3,1.2,0.1875,0.6,0.0,58.0,-235.0,16.0,12.0,490.0,0.4166666666666667,0.0,0.0,0.0625,0.0,-7.2299999999999995,0.0,,,-1.3110999999999962,-1.6794999999999973,0.3888999999999996,0.31748797002581236,9.96904584200514,2.0,2.0,0.0,0.05555555555555555,0.1388888888888889,2.0,0.0,-0.2070175438596491,-0.5416666666666666
78,202305010208,5,2,2,10,1,0,5,11,0,0,1,0,5,2,1,7,0,0,2,1,0,0,0,0,1,0,0,0,0,0,0,0,0,0,0,0,0.0,0.0,6.0,3.0,13.5,1.9,0.23076923076923078,0.0,0.0,6.0,8.0,13.4,3.6,0.7142857142857143,0.0,0.0,6.0,4.0,13.5,1.6,0.35714285714285715,0.5,14.0,-1480.0,0.06504065040650407,0.17073170731707318,1,1,123.2,13.0,832,882,351,0.0,0.0,8.0,7.0,13.5,5.2,0.8333333333333334,0.0,0.0,7.0,,,,,0.8,0.25,57.0,-322.0,16.0,13.0,488.0,-0.07692307692307693,-0.5714285714285714,-0.07142857142857142,-0.16666666666666666,,-0.009999999999999964,0.0,,,,,,0.24765433402696488,0.04330127018922178,-3.0,0.0,,0.05405405405405406,0.13513513513513514,0.0,,-0.2070175438596491,-0.10294117647058826
79,202305010208,43,41,42,253,3,0,1,7,2,0,1,6,13,15,18,95,0,0,0,4,0,0,0,3,3,3,5,19,0,0,0,1,0,0,0,1,0.0,0.0,50.0,5.0,36.3,0.6,0.625,0.0,0.0,10.0,1.0,34.8,0.0,0.6875,0.0,0.0,10.0,6.0,36.4,1.6,0.9375,0.5,0.0,0.0,0.04093567251461988,0.15789473684210525,6,11,14.0,5.0,1576,748,1577,0.0,0.0,10.0,3.0,35.4,0.2,0.5625,0.0,0.0,80.0,2.0,35.3,0.3,1.0,-0.4,0.6,55.0,84.0,16.0,16.0,504.0,-0.125,-0.0625,0.0,-0.0625,0.0,0.13999999999999985,0.0,-1.9795000000000016,-3.3338000000000036,-1.6726000000000028,-2.6726000000000028,-2.6524,0.17410485346480148,0.6151422599691883,1.0,2.0,0.5,0.12307692307692308,0.26153846153846155,1.0,0.0,-0.03389267477838315,0.23636363636363633
80,202305010211,4,1,0,1,11,8,5,58,4,1,0,0,2,0,0,1,2,1,0,16,2,0,0,0,1,0,0,0,1,0,0,0,1,0,0,0,0.0,0.0,10.0,1.0,36.9,0.0,0.125,0.0,0.0,1.0,1.0,39.6,0.0,0.08333333333333333,0.0,0.0,1.0,1.0,37.3,0.0,0.06666666666666667,0.0,-6.0,-400.0,0.14619883040935672,0.3567251461988304,7,13,1.6,1.0,488,334,460,0.0,0.0,1.0,1.0,36.3,0.0,0.25,0.0,0.0,1.0,1.0,35.5,0.0,0.3125,0.0,1.0,57.0,-672.0,16.0,16.0,516.0,-0.0625,0.0,0.0,0.0,0.0,0.6100000000000001,0.0,-2.725900000000003,1.9357000000000042,-2.3259000000000043,-1.7726000000000042,-2.7794999999999987,0.09683892697555967,1.3804347141389925,-1.0,2.0,1.0,0.24561403508771928,0.47368421052631576,1.0,1.0,,-0.028531983433041863
81,202305010211,9,7,3,105,3,2,2,17,1,0,0,0,3,1,0,26,0,1,1,8,0,0,0,0,3,1,0,3,0,0,0,1,0,0,0,0,0.0,0.0,2.0,2.0,35.0,0.1,0.625,0.0,0.0,2.0,1.0,34.8,0.0,0.4375,0.0,0.0,5.0,2.0,34.1,0.1,0.4375,0.0,6.0,0.0,0.15263157894736842,0.3473684210526316,3,6,5.1,2.0,1127,910,1328,0.0,0.0,5.0,1.0,35.9,0.0,0.5333333333333333,0.0,0.0,6.0,9.0,33.5,0.5,0.9166666666666666,1.4,0.8,55.0,0.0,16.0,16.0,496.0,0.0625,0.0,0.0,-0.06666666666666667,0.0,0.18999999999999986,0.0,-3.2794999999999987,-3.272600000000004,-3.1550999999999974,-1.9211000000000027,-1.606499999999997,0.17757236396591797,0.8163332652783413,0.0,1.0,1.0,0.2727272727272727,0.2727272727272727,1.0,1.0,-0.00028462998102465886,-0.005952380952380987
82,202305010211,2,1,2,23,20,25,21,205,1,0,1,2,0,0,1,11,5,4,2,61,0,0,0,1,0,0,0,0,0,0,1,6,0,0,0,0,0.0,0.0,20.0,1.0,36.8,0.0,0.5,0.0,0.0,20.0,2.0,36.0,0.0,0.35714285714285715,0.0,0.0,10.0,1.0,36.0,0.0,0.1875,0.0,4.0,0.0,0.25,0.4642857142857143,7,14,12.8,4.0,1064,1167,1556,0.0,0.0,10.0,1.0,35.5,0.0,0.4375,0.0,0.0,80.0,3.0,35.8,0.1,0.6,0.3,1.0,56.0,22.0,16.0,14.0,496.0,0.0,-0.07142857142857142,0.0,-0.125,0.06666666666666667,0.25,0.0,-1.4795000000000016,-2.133800000000001,-2.0726000000000013,-1.7550999999999988,-2.272600000000004,0.13931959294941915,0.4308131845707596,0.0,2.0,1.0,0.10909090909090909,0.38181818181818183,1.0,1.0,0.07142857142857142,0.019083827201908404
83,202305010211,43,41,42,253,16,16,19,162,2,5,4,7,13,15,18,95,4,4,5,55,0,2,1,2,0,2,1,10,0,1,1,4,0,1,1,0,0.0,0.0,120.0,10.0,36.8,0.8,0.875,0.0,0.0,60.0,6.0,35.1,0.6,0.8125,0.0,0.0,40.0,3.0,34.4,0.7,0.6875,-3.5,0.0,-400.0,0.09558823529411764,0.29411764705882354,5,10,23.4,6.0,1576,1345,1577,0.0,0.0,20.0,4.0,36.2,0.6,0.75,0.0,0.0,20.0,2.0,34.7,0.4,0.5,-1.8,0.4,57.0,56.0,16.0,16.0,520.0,-0.0625,-0.0625,0.0,-0.0625,0.0,0.3099999999999987,0.0,-2.8259000000000043,-2.9726,-2.8551,-2.079499999999996,-3.433799999999998,0.1286953767623375,0.9134549797335383,0.0,2.0,0.5,0.15789473684210525,0.47368421052631576,1.0,0.0,-0.03389267477838315,-0.02467151904716891
84,202305010211,7,7,8,85,8,2,7,62,0,0,0,3,3,4,0,27,3,2,2,19,0,0,0,1,0,0,0,3,0,0,0,1,0,0,0,1,0.0,0.0,6.0,8.0,41.5,3.0,0.4444444444444444,0.0,0.0,11.0,5.0,36.6,0.9,0.1875,0.0,0.0,6.0,13.0,36.0,1.6,1.0,2.5,-2.0,-300.0,0.109375,0.2734375,8,15,87.3,11.0,1605,1110,1,0.0,0.0,9.0,1.0,35.5,0.0,0.1875,0.0,0.0,6.0,13.0,40.0,2.0,0.0625,0.6,0.2,57.0,-487.0,16.0,9.0,492.0,0.4444444444444444,0.0,0.0,0.0,0.0,0.41000000000000014,0.0,2.2905999999999977,-1.6794999999999973,-1.9110999999999976,-1.9177000000000035,0.7905999999999977,0.3356803943641836,2.3844496220302074,1.0,1.0,0.0,0.0,0.3333333333333333,1.0,0.0,0.056687605331699115,0.048961069978504884
85,202305010211,12,17,21,171,1,0,0,3,1,0,0,1,1,5,12,77,0,0,0,1,0,0,0,0,0,0,1,2,0,0,0,0,0,0,0,0,0.0,0.0,80.0,,,,0.8666666666666667,0.0,0.0,8.0,3.0,36.9,0.3,0.4666666666666667,0.0,0.0,14.0,16.0,36.5,2.4,0.875,13.0,0.0,-300.0,0.10752688172043011,0.26881720430107525,8,16,86.7,10.0,1520,1179,695,0.0,0.0,7.0,10.0,38.1,1.2,0.375,0.0,0.0,12.0,10.0,37.5,1.7,0.8125,1.5,0.25,57.0,-889.0,16.0,15.0,500.0,0.0,0.0,-0.0625,0.0625,-0.125,-0.3400000000000006,0.0,,-2.492600000000003,-1.7794999999999987,-1.4466999999999999,-0.5726000000000013,0.2139898751498927,0.6062177826491078,-1.0,1.0,0.0,0.06382978723404255,0.23404255319148937,1.0,0.0,0.0023270846800258482,
86,202305010211,9,7,3,105,0,0,0,4,0,0,0,0,3,1,0,26,0,0,0,3,0,0,0,0,3,1,0,3,0,0,0,1,0,0,0,0,0.0,0.0,70.0,9.0,37.9,1.0,0.5384615384615384,0.0,0.0,80.0,1.0,36.5,0.0,0.2857142857142857,0.0,0.0,100.0,3.0,37.4,0.3,0.0625,-3.0,16.0,-400.0,0.015151515151515152,0.19696969696969696,5,9,190.8,14.0,1127,1337,1328,0.0,0.0,60.0,15.0,44.4,6.6,0.13333333333333333,0.0,0.0,70.0,12.0,37.2,2.3,0.5,2.0,0.4,57.0,32.0,16.0,13.0,472.0,-0.07692307692307693,-0.14285714285714285,0.0,0.06666666666666667,0.3333333333333333,-0.6500000000000007,0.0,-1.7259000000000029,-2.8926000000000016,-2.225900000000003,4.710899999999995,1.7408000000000001,0.1903533248772027,2.8950993074504363,0.0,0.0,,0.0,0.09090909090909091,0.0,,-0.00028462998102465886,
87,202305010211,3,5,2,49,16,16,19,162,1,0,1,6,1,2,1,23,4,4,5,55,0,0,0,3,0,0,0,3,0,1,1,4,0,0,0,2,0.0,0.0,110.0,8.0,37.6,1.6,0.8,0.0,0.0,9.0,6.0,35.7,1.4,0.8,0.0,0.0,15.0,7.0,38.3,0.9,0.4,-0.5,6.0,-300.0,0.1,0.1,6,12,166.7,13.0,1645,1345,1366,0.0,0.0,13.0,4.0,37.9,0.8,0.4,0.0,0.0,15.0,14.0,36.1,1.1,0.6875,1.0,0.0,57.0,-658.0,16.0,15.0,484.0,-0.26666666666666666,-0.1,-0.06666666666666667,-0.06666666666666667,0.0,0.08000000000000043,0.0,-1.7926000000000002,-2.579499999999996,-1.3259000000000043,-1.492600000000003,-2.1794999999999973,0.18227726133558186,1.0283968105745935,-2.0,2.0,0.0,0.0,0.0,2.0,0.0,-0.055205811138014524,-0.02467151904716891
88,202305010211,0,0,0,5,1,3,2,23,0,0,0,2,0,0,0,4,1,1,2,8,0,0,0,2,0,0,0,2,0,0,0,2,0,0,0,2,0.0,0.0,1.0,2.0,41.4,0.3,0.18181818181818182,0.0,0.0,16.0,15.0,37.7,2.2,0.4375,0.0,0.0,13.0,13.0,37.9,2.3,0.23076923076923078,5.5,-6.0,-200.0,0.022222222222222223,0.07777777777777778,6,11,347.5,16.0,964,79,548,0.0,0.0,9.0,13.0,14.8,18.6,0.7857142857142857,0.0,0.0,12.0,16.0,40.4,3.1,0.0625,2.6,0.2,57.0,-525.0,16.0,11.0,504.0,0.0,0.0,0.0,0.07142857142857142,0.0,2.49,0.0,3.3273999999999972,-0.5794999999999959,-0.011099999999999,,2.7357000000000014,0.2538211954089396,9.922620621589843,1.0,2.0,0.0,0.05263157894736842,0.13157894736842105,1.0,0.0,0.2,0.015325670498084282
89,202305010211,12,9,11,80,13,13,12,182,3,3,2,14,3,2,2,27,3,3,3,65,0,0,0,6,0,0,0,2,0,0,0,5,0,0,0,2,0.0,0.0,9.0,1.0,36.3,0.0,0.8125,0.0,0.0,8.0,7.0,40.4,2.5,0.3333333333333333,0.0,0.0,8.0,4.0,36.6,1.3,1.0,1.5,2.0,0.0,0.11764705882352941,0.11764705882352941,4,7,191.3,15.0,1586,1405,1167,0.0,0.0,11.0,6.0,36.9,0.4,0.625,0.0,0.0,15.0,10.0,36.0,1.4,0.8125,1.7,0.2,55.0,-405.0,16.0,16.0,464.0,-0.0625,0.16666666666666666,0.0,0.0,0.0,0.4099999999999994,0.0,-1.9795000000000016,0.7740999999999971,-1.0642999999999958,-1.3795000000000002,-2.2794999999999987,0.22538547227164202,1.6082288394379698,-0.5,4.0,0.25,0.18181818181818182,0.45454545454545453,3.0,0.3333333333333333,-0.06653620352250489,0.04068736141906873
90,202305010211,43,41,42,253,20,25,21,205,1,4,1,7,13,15,18,95,5,4,2,61,0,1,0,4,0,2,1,10,0,0,1,6,0,0,0,1,0.0,0.0,11.0,11.0,40.0,2.8,0.6923076923076923,0.0,0.0,16.0,13.0,36.6,2.8,0.6875,0.0,0.0,11.0,12.0,38.4,2.1,0.2,0.5,-3.0,-400.0,0.06726457399103139,0.26905829596412556,3,5,62.2,9.0,1576,1167,1577,0.0,0.0,2.0,11.0,38.1,1.9,0.23076923076923078,0.0,0.0,4.0,3.0,36.6,0.1,0.25,-1.8,0.2,57.0,-577.0,16.0,13.0,537.0,-0.07692307692307693,0.0625,0.06666666666666667,0.15384615384615385,0.0,0.5299999999999997,0.0,0.37409999999999854,-1.6794999999999973,0.24620000000000175,-1.1094000000000008,-1.4726,0.22737861707504198,1.2705904139414868,1.0,2.0,0.0,0.0958904109589041,0.3013698630136986,1.0,0.0,-0.03389267477838315,0.019083827201908404
91,202305010211,16,19,15,132,24,25,22,286,1,0,2,20,1,2,4,30,9,6,7,91,0,0,0,4,0,1,0,8,0,0,0,8,0,0,0,3,0.0,0.0,11.0,11.0,37.0,2.2,0.2727272727272727,0.0,0.0,13.0,13.0,37.5,2.1,0.8571428571428571,0.0,0.0,10.0,11.0,35.1,1.4,0.38461538461538464,0.0,0.0,-600.0,0.0425531914893617,0.23404255319148937,2,3,32.5,8.0,1167,1013,460,0.0,0.0,14.0,16.0,35.4,1.9,0.3125,0.0,0.0,8.0,,,,,1.3,0.0,57.0,-567.0,16.0,11.0,524.0,0.2727272727272727,0.07142857142857142,0.3076923076923077,0.125,,0.7200000000000003,0.0,1.0833999999999975,-1.7094000000000023,-0.8166000000000011,-0.516600000000004,,0.23462217999804588,1.0210288928331068,-1.0,0.0,,0.10526315789473684,0.2631578947368421,0.0,,0.03409825468648997,-0.045033397974574424
92,202305010211,43,41,42,253,4,4,4,42,0,1,0,9,13,15,18,95,0,0,1,10,0,0,0,4,0,2,1,10,0,0,0,0,0,0,0,0,0.0,0.0,13.0,3.0,36.4,0.2,0.875,0.0,0.0,1.0,5.0,39.2,0.3,0.8181818181818182,0.0,0.0,8.0,8.0,36.1,0.9,0.875,2.5,-9.0,-200.0,0.14960629921259844,0.3858267716535433,2,4,27.2,7.0,1576,460,1577,0.0,0.0,6.0,1.0,35.5,0.0,1.0,0.0,0.0,2.0,3.0,36.1,0.6,0.35714285714285715,-0.4,0.6,56.0,-385.0,16.0,16.0,490.0,0.0,-0.45454545454545453,0.0,-0.35714285714285715,0.0,0.4299999999999997,0.0,-1.6726000000000028,1.046200000000006,-1.9726,-3.7094000000000023,-3.2926,0.22207554870760332,1.3032267646115938,-2.0,1.0,0.0,0.0,0.6666666666666666,0.0,,-0.03389267477838315,-0.011695906432748537
93,202305010211,9,23,14,109,1,0,1,0,1,0,1,0,4,12,9,52,1,0,1,0,1,0,1,0,1,1,2,1,1,0,1,0,1,0,1,0,0.0,0.0,1.0,2.0,40.7,1.4,0.5714285714285714,0.0,0.0,8.0,14.0,38.5,2.5,0.5,0.0,0.0,3.0,14.0,38.0,2.4,0.25,6.0,-1.0,0.0,0.2537313432835821,0.5298507462686567,4,8,7.9,3.0,1228,477,1108,0.0,0.0,5.0,2.0,35.0,0.4,0.0625,0.0,0.0,6.0,1.0,35.8,0.0,0.5,-1.4,0.6,57.0,-490.0,16.0,7.0,543.0,-0.2857142857142857,0.0,-0.0625,0.0,-0.0625,1.3300000000000012,0.0,2.420500000000004,0.42739999999999867,-0.27949999999999875,-2.2550999999999988,-2.4795000000000016,0.19136326178026875,2.028792744466523,1.0,3.0,0.6666666666666666,0.0,0.0,3.0,0.6666666666666666,-0.05510752688172041,
94,202305010211,9,7,3,105,19,18,17,223,3,1,1,9,3,1,0,26,10,4,3,73,3,1,0,2,3,1,0,3,3,1,0,7,3,1,0,0,0.0,0.0,40.0,2.0,36.3,0.2,0.25,0.0,0.0,10.0,1.0,36.1,0.0,0.0625,0.0,0.0,20.0,1.0,35.8,0.0,0.06666666666666667,-0.5,4.0,0.0,0.125,0.26785714285714285,1,2,14.7,5.0,1127,1558,1328,0.0,0.0,30.0,4.0,37.1,0.6,0.125,0.0,0.0,30.0,3.0,36.6,0.1,0.2,0.5,0.8,57.0,364.0,16.0,16.0,470.0,0.0,0.0,0.0,0.0,0.0,-0.16000000000000086,0.0,-1.9795000000000016,-2.1794999999999973,-2.4795000000000016,-1.0337999999999994,-1.4726,0.07389933092465122,0.4445222154178587,1.0,4.0,0.75,0.16666666666666666,0.5,3.0,1.0,-0.00028462998102465886,0.0611517126001585
95,202305010211,1,0,1,4,0,0,1,3,0,0,1,3,0,0,1,4,0,0,1,3,0,0,1,3,0,0,0,1,0,0,0,1,0,0,0,1,0.0,0.0,12.0,9.0,37.1,0.6,0.1875,0.0,0.0,10.0,12.0,38.6,1.4,0.1875,0.0,0.0,9.0,14.0,37.1,2.0,0.375,2.5,4.0,200.0,0.029411764705882353,0.07352941176470588,1,1,109.2,12.0,525,609,1,0.0,0.0,3.0,3.0,38.1,0.8,0.5,0.0,0.0,5.0,1.0,35.6,0.0,0.5,-2.5,0.4,57.0,-413.0,16.0,16.0,510.0,0.0625,-0.0625,0.0625,-0.1,-0.1875,0.35,0.0,-0.8110999999999962,0.32050000000000267,-0.8110999999999962,-0.05379999999999541,-2.311099999999996,0.1403121520040228,1.0295630140987,-2.0,2.0,0.5,0.09803921568627451,0.2549019607843137,1.0,0.0,0.06666666666666671,
96,202305010301,4,5,4,48,20,25,21,205,0,0,0,5,2,1,2,16,5,4,2,61,0,0,0,3,2,1,1,6,2,1,0,22,0,0,0,3,0.0,0.0,12.0,9.0,37.1,0.8,0.9333333333333333,0.0,0.0,8.0,10.0,39.0,2.3,0.45454545454545453,0.0,0.0,6.0,11.0,42.8,4.3,0.16666666666666666,1.0,8.0,200.0,0.2518518518518518,0.5259259259259259,8,16,3.2,2.0,1467,1167,336,0.0,0.0,4.0,7.0,35.7,0.7,0.46153846153846156,0.0,0.0,9.0,9.0,38.0,1.3,0.5,-0.3,0.0,54.0,-574.0,16.0,15.0,462.0,0.0,0.18181818181818182,0.0,0.0,0.0,0.15,0.0,-0.7210999999999999,-0.6259000000000015,4.727399999999996,0.3346000000000018,-0.27949999999999875,0.24591972513845967,2.3994999479058112,1.0,1.0,0.0,0.17391304347826086,0.34782608695652173,1.0,0.0,0.12021857923497267,0.019083827201908404
97,202305010301,6,2,13,58,0,0,0,1,0,0,0,0,1,1,3,17,0,0,0,1,0,0,0,0,0,1,2,4,0,0,0,1,0,0,0,0,0.0,0.0,,,,,,0.0,0.0,40.0,5.0,37.7,0.7,0.3333333333333333,0.0,0.0,10.0,4.0,35.6,0.8,0.36363636363636365,-1.0,11.0,-100.0,0.046242774566473986,0.15028901734104047,2,4,19.0,7.0,1426,1396,306,0.0,0.0,20.0,3.0,35.1,0.9,0.5,0.0,0.0,10.0,7.0,36.9,1.0,0.375,0.5,0.25,54.0,-515.0,16.0,7.0,461.0,,0.0,0.0,0.08333333333333333,0.0,0.29000000000000126,0.0,,-0.21109999999999474,-0.674199999999999,-1.174199999999999,-1.3795000000000002,0.0636304448005013,1.0304731922762476,1.0,1.0,0.0,0.09615384615384616,0.25,1.0,0.0,0.050843881856540096,
98,202305010301,12,9,11,80,7,18,10,156,0,0,0,8,3,2,2,27,0,6,2,50,0,0,0,5,2,0,1,11,0,3,2,26,0,0,0,4,0.0,0.0,2.0,12.0,41.4,1.7,0.4166666666666667,0.0,0.0,8.0,15.0,40.0,2.3,0.5333333333333333,0.0,0.0,7.0,10.0,37.3,1.8,0.8125,-1.0,22.0,0.0,0.1076923076923077,0.2692307692307692,6,12,13.4,6.0,1586,1428,1167,0.0,0.0,5.0,10.0,40.1,2.2,0.3125,0.0,0.0,6.0,3.0,37.8,0.6,0.25,-2.3,0.2,54.0,-516.0,16.0,12.0,496.0,0.0,0.3333333333333333,0.0,0.25,0.0,0.7100000000000002,0.0,3.2462000000000018,1.4224000000000032,-0.6167000000000016,0.47409999999999997,-0.4795000000000016,0.1986167442868579,1.53544781741354,0.0,2.0,0.5,0.08333333333333333,0.2222222222222222,1.0,1.0,-0.06653620352250489,0.035063785856500246
99,202305010301,0,2,1,16,16,16,19,162,0,0,0,0,0,0,1,4,4,4,5,55,0,0,0,0,0,0,1,4,1,1,1,14,0,0,0,0,0.0,0.0,3.0,1.0,35.8,0.0,0.1875,0.0,0.0,2.0,1.0,37.3,0.0,0.06666666666666667,0.0,0.0,3.0,2.0,38.6,0.3,0.0625,0.5,-8.0,200.0,0.1518324607329843,0.3507853403141361,6,11,2.9,1.0,1534,1345,1235,0.0,0.0,1.0,4.0,38.3,0.8,0.125,0.0,0.0,1.0,3.0,36.0,0.3,0.0625,0.7,0.8,54.0,-70.0,16.0,16.0,470.0,-0.0625,0.0,0.0,0.0,0.0,-0.14000000000000057,0.0,0.4345999999999961,-0.11770000000000636,0.6889000000000038,0.02049999999999841,0.9253,0.0493991677842631,1.1471704319759994,0.0,1.0,0.0,0.07692307692307693,0.21153846153846154,1.0,0.0,-0.15789473684210525,-0.02467151904716891
100,202305010301,4,5,4,48,2,2,3,29,0,0,0,0,2,1,2,16,1,1,1,8,0,0,0,0,2,1,1,6,0,1,1,3,0,0,0,0,0.0,0.0,4.0,2.0,38.5,0.0,0.09090909090909091,0.0,0.0,8.0,9.0,39.0,1.2,0.26666666666666666,0.0,0.0,7.0,12.0,38.8,2.0,0.25,5.0,21.0,200.0,0.02564102564102564,0.10897435897435898,4,7,35.7,10.0,1467,1448,336,0.0,0.0,5.0,6.0,38.0,1.0,0.3333333333333333,0.0,0.0,5.0,4.0,37.5,0.4,0.375,0.1,0.2,54.0,-531.0,16.0,11.0,415.0,0.0,0.0,0.0,0.0,0.0,0.3,0.0,0.6788999999999987,1.0889000000000024,0.5204999999999984,0.08890000000000242,-0.7794999999999987,0.09725054028096868,0.5462600113499061,0.0,2.0,0.0,0.05714285714285714,0.11428571428571428,2.0,0.0,0.12021857923497267,0.036324786324786335
101,202305010301,0,0,0,1,5,8,9,99,0,0,0,0,0,0,0,1,1,2,3,50,0,0,0,0,0,0,0,1,0,0,0,20,0,0,0,0,0.0,0.0,120.0,110.0,41.2,3.2,0.6666666666666666,0.0,0.0,130.0,80.0,40.8,1.8,0.5,0.0,0.0,80.0,120.0,40.3,2.1,1.0,5.0,32.0,200.0,0.040697674418604654,0.1569767441860465,7,14,32.0,9.0,1248,1235,1428,0.0,0.0,90.0,110.0,41.5,2.6,0.8,0.0,0.0,90.0,60.0,37.4,0.9,0.6875,-7.0,0.0,54.0,-395.0,16.0,12.0,476.0,0.3333333333333333,0.14285714285714285,-0.38461538461538464,-0.2,0.0625,0.6900000000000006,0.0,3.3789000000000016,1.1740999999999957,0.7532999999999959,1.9532999999999987,-0.8795000000000002,0.1652355221427214,1.475940378199608,4.0,1.0,0.0,0.02564102564102564,0.10256410256410256,1.0,0.0,,-0.02181818181818182
102,202305010301,2,1,2,13,17,25,19,185,0,0,0,0,1,0,2,5,7,6,8,58,0,0,0,0,1,0,2,4,2,2,1,15,0,0,0,0,0.0,0.0,7.0,14.0,42.2,5.2,0.21428571428571427,0.0,0.0,4.0,16.0,46.0,8.5,0.0625,0.0,0.0,5.0,3.0,40.2,0.5,0.2,-5.5,-8.0,-300.0,0.15028901734104047,0.3583815028901734,5,9,8.5,4.0,1089,1183,1428,0.0,0.0,4.0,7.0,37.6,0.9,0.6875,0.0,0.0,5.0,10.0,36.2,2.1,0.47058823529411764,-1.7,0.2,54.0,-162.0,16.0,14.0,448.0,0.35714285714285715,0.125,-0.13333333333333333,-0.0625,0.0,2.04,0.0,3.622400000000006,10.262599999999999,0.9906000000000006,-0.6794999999999973,1.1253000000000029,0.22332558668509922,3.467333269243093,0.0,1.0,0.0,0.0,0.047619047619047616,1.0,0.0,0.07936507936507936,-0.0538498326159732
103,202305010301,0,4,0,18,0,0,0,4,0,0,0,0,0,2,0,3,0,0,0,3,0,0,0,0,0,2,0,2,0,0,0,2,0,0,0,0,0.0,0.0,10.0,80.0,38.9,1.7,0.1,0.0,0.0,100.0,120.0,38.0,2.8,0.8666666666666667,0.0,0.0,110.0,80.0,38.6,0.9,0.0625,0.0,4.0,550.0,0.07111111111111111,0.27111111111111114,3,5,54.9,11.0,1045,1557,969,0.0,0.0,40.0,140.0,40.9,2.7,0.13333333333333333,0.0,0.0,80.0,80.0,39.0,2.6,0.0625,2.0,0.0,54.0,-324.0,16.0,10.0,442.0,0.0,0.0,0.0,0.8666666666666667,0.0,-0.31000000000000016,0.0,,0.08890000000000242,0.32050000000000267,1.507399999999997,1.0833000000000013,0.3119539674018873,0.974474217206386,2.0,1.0,0.0,0.0,0.07142857142857142,1.0,0.0,0.1515151515151515,
104,202305010301,0,0,0,1,11,13,6,86,0,0,0,0,0,0,0,0,4,8,2,42,0,0,0,0,0,0,0,0,1,4,1,18,0,0,0,0,0.0,0.0,3.0,8.0,41.3,2.7,0.6,0.0,0.0,6.0,11.0,33.6,0.7,0.5,0.0,0.0,3.0,4.0,35.5,0.9,0.3125,-2.0,-2.0,0.0,0.04,0.18666666666666668,1,2,27.8,8.0,1466,1393,1713,0.0,0.0,5.0,7.0,36.8,1.4,0.5,0.0,0.0,7.0,6.0,35.1,0.3,0.625,-0.8,0.0,54.0,-530.0,16.0,10.0,442.0,0.1,,0.0,0.0,-0.125,0.9199999999999996,0.0,3.0204999999999984,0.05660000000000309,0.346899999999998,-1.3537999999999997,-0.05310000000000059,0.11,2.6264805348602893,0.0,2.0,0.0,0.017857142857142856,0.03571428571428571,1.0,0.0,,-0.10199418363107604
105,202305010301,1,0,0,0,1,0,1,10,0,0,0,0,1,0,0,0,0,0,0,3,0,0,0,0,1,0,0,0,0,0,0,2,0,0,0,0,0.0,0.0,15.0,13.0,34.1,1.3,0.8125,0.0,0.0,9.0,16.0,38.7,2.8,0.8333333333333334,0.0,0.0,11.0,10.0,42.4,1.8,0.125,-1.5,-2.0,0.0,0.10695187165775401,0.26737967914438504,5,10,7.9,3.0,1066,1574,1278,0.0,0.0,3.0,10.0,37.8,1.2,0.8125,0.0,0.0,8.0,6.0,33.4,0.5,0.9333333333333333,-2.0,0.0,54.0,-134.0,16.0,16.0,458.0,0.0,0.05555555555555555,0.0,-0.0625,-0.06666666666666667,0.23000000000000115,0.0,-1.0064999999999955,2.5342000000000056,2.774099999999997,-0.4795000000000016,-1.7064999999999984,0.2926103780342272,3.27621733100843,2.0,1.0,0.0,0.11702127659574468,0.2872340425531915,1.0,0.0,,-0.16666666666666666
106,202305010301,0,0,0,4,24,19,11,236,0,0,0,1,0,0,0,2,7,2,1,59,0,0,0,0,0,0,0,1,4,0,0,25,0,0,0,0,0.0,0.0,9.0,6.0,40.8,2.8,0.4,0.0,0.0,12.0,15.0,38.1,2.2,0.4375,0.0,0.0,6.0,8.0,38.9,1.2,0.125,1.0,-4.0,0.0,0.04878048780487805,0.13414634146341464,1,1,345.2,14.0,1699,1294,1313,0.0,0.0,14.0,11.0,38.9,1.5,0.125,0.0,0.0,13.0,6.0,39.3,1.4,0.375,-0.4,0.0,54.0,-473.0,16.0,10.0,438.0,0.0,0.25,0.0625,0.0,0.0,0.22000000000000028,0.0,2.5204999999999984,0.6659000000000006,1.0788999999999973,0.6204999999999998,1.3888999999999996,0.13820274961085252,0.8899438184514783,3.0,2.0,0.0,0.04225352112676056,0.16901408450704225,2.0,0.0,,0.05268199233716475
107,202305010301,0,1,0,1,17,25,19,185,0,1,0,0,0,0,0,0,7,6,8,58,0,0,0,0,0,0,0,0,2,2,1,15,0,0,0,0,0.0,0.0,16.0,16.0,38.2,3.3,1.0,0.0,0.0,13.0,13.0,38.5,2.7,0.6875,0.0,0.0,16.0,15.0,38.8,2.7,0.1875,-0.5,-10.0,250.0,0.02564102564102564,0.1282051282051282,2,3,10.3,5.0,1676,1183,1428,0.0,0.0,1.0,1.0,39.7,0.0,0.125,0.0,0.0,5.0,12.0,38.9,1.8,0.25,-2.0,0.2,52.0,-644.0,16.0,16.0,468.0,0.0,-0.0625,0.0,0.0,0.0,-0.25999999999999945,0.0,0.3766999999999996,0.22050000000000125,0.5204999999999984,,0.6204999999999998,0.3386554296036017,0.5035871324805671,-4.0,3.0,0.0,0.0,0.18518518518518517,3.0,0.0,,-0.0538498326159732
108,202305010301,2,5,4,35,14,9,8,141,0,0,0,1,0,0,1,12,2,1,3,49,0,0,0,0,0,0,1,8,0,0,1,13,0,0,0,0,0.0,0.0,70.0,10.0,43.1,4.0,0.7,0.0,0.0,90.0,10.0,37.0,2.8,0.25,0.0,0.0,130.0,14.0,34.7,2.3,1.0,2.0,3.0,0.0,0.13333333333333333,0.26666666666666666,8,15,441.8,16.0,1674,1618,1428,0.0,0.0,160.0,13.0,37.7,1.8,1.0,0.0,0.0,120.0,9.0,39.3,3.4,0.6428571428571429,0.1,0.0,51.0,-455.0,16.0,10.0,467.0,0.3,0.25,0.0,0.0,0.21428571428571427,0.6900000000000006,0.0,4.820500000000003,1.9253,-0.5912999999999968,-0.5794999999999959,-0.09260000000000446,0.27714285714285714,2.793993557616051,-3.0,2.0,0.0,0.0392156862745098,0.1568627450980392,2.0,0.0,-0.06413043478260871,0.06466540104413859
109,202305010301,0,0,0,8,9,12,12,108,0,0,0,0,0,0,0,3,3,7,5,42,0,0,0,0,0,0,0,1,0,4,2,13,0,0,0,0,0.0,0.0,12.0,14.0,38.6,1.8,0.5625,0.0,0.0,15.0,7.0,38.6,2.0,0.625,,,,,,,,-7.0,-8.0,0.0,0.0,0.06741573033707865,7,13,209.8,12.0,1282,1221,377,,,,,,,,,,,,,,,-7.0,0.0,52.0,0.0,16.0,16.0,482.0,0.0625,-0.0625,,,,0.0,0.0,0.32050000000000267,0.6889000000000038,,,,0.03125,0.0,0.0,1.0,0.0,0.0967741935483871,0.23655913978494625,1.0,0.0,,-0.024042553191489374
110,202305010301,1,2,0,11,7,18,10,156,0,0,0,0,0,0,0,4,0,6,2,50,0,0,0,0,0,0,0,2,0,3,2,26,0,0,0,0,0.0,0.0,13.0,15.0,39.0,2.7,0.9375,0.0,0.0,12.0,14.0,40.1,5.1,0.8,,,,,,,,-1.0,20.0,0.0,0.06451612903225806,0.1693548387096774,4,8,220.0,13.0,1600,1428,680,,,,,,,,,,,,,,,-1.0,0.0,54.0,0.0,16.0,16.0,406.0,-0.0625,0.0,,,,-1.1000000000000014,0.0,0.7205000000000013,2.188900000000004,,,,0.06874999999999998,0.5500000000000007,0.0,1.0,0.0,0.0625,0.3125,1.0,0.0,0.05844155844155843,0.035063785856500246
111,202305010301,4,3,1,29,2,2,5,78,0,0,0,1,2,1,1,13,1,0,1,30,0,0,0,0,1,0,0,3,0,0,0,14,0,0,0,0,0.0,0.0,10.0,12.0,47.0,7.9,0.5833333333333334,0.0,0.0,15.0,16.0,39.9,3.0,0.4375,0.0,0.0,16.0,15.0,34.9,2.2,0.9375,1.5,3.0,-100.0,0.034482758620689655,0.1206896551724138,3,6,411.7,15.0,1629,1036,1428,0.0,0.0,13.0,12.0,37.7,2.0,0.42857142857142855,,,,,,,,-0.1,0.0,52.0,-254.0,16.0,12.0,425.0,0.3333333333333333,0.0625,-0.0625,0.07142857142857142,,3.289999999999999,0.0,,1.6204999999999998,-0.25310000000000343,1.7775000000000034,,0.20611596345542105,4.479048448052332,-2.0,1.0,0.0,0.03571428571428571,0.14285714285714285,1.0,0.0,0.09957325746799428,-0.0649867374005305
112,202305010304,13,10,14,133,9,12,12,108,1,0,0,5,4,1,3,20,3,7,5,42,0,0,0,0,2,0,0,3,0,2,2,10,0,0,0,0,0.0,0.0,70.0,6.0,37.7,0.8,0.9166666666666666,0.0,0.0,10.0,1.0,37.5,0.0,0.08333333333333333,0.0,0.0,30.0,6.0,37.8,1.0,0.3333333333333333,0.0,10.0,200.0,0.10638297872340426,0.26595744680851063,4,4,12.3,4.0,1691,1221,1167,,,,,,,,,,,,,,,0.0,0.3333333333333333,56.0,62.0,11.0,12.0,478.0,0.0,0.0,-0.08333333333333333,,,-0.04999999999999716,0.0,-0.21109999999999474,-0.4110999999999976,1.9837999999999951,,,0.3491612524993482,0.12472191289246395,1.0,0.0,,0.028169014084507043,0.18309859154929578,0.0,,-0.0021298174442190843,-0.024042553191489374
113,202305010304,43,41,42,253,9,12,12,108,0,2,0,2,13,15,18,95,3,7,5,42,0,2,0,1,3,5,4,26,0,2,2,10,0,1,0,0,0.0,0.0,10.0,3.0,37.7,0.3,0.4166666666666667,0.0,0.0,20.0,2.0,37.6,0.6,0.5,0.0,0.0,10.0,2.0,38.2,0.3,0.2222222222222222,-0.5,2.0,200.0,0.14942528735632185,0.3563218390804598,3,3,1.5,1.0,1576,1221,1577,0.0,0.0,30.0,1.0,36.9,0.0,0.23076923076923078,0.0,0.0,20.0,6.0,39.3,2.2,0.75,0.5,0.8,56.0,62.0,11.0,12.0,484.0,-0.08333333333333333,0.0,0.0,-0.07692307692307693,-0.4375,-0.24999999999999858,0.0,-0.21109999999999474,-0.6794999999999973,-0.07949999999999591,-1.011099999999999,1.0204999999999984,0.19501700242994055,0.7964923100695943,1.0,3.0,0.6666666666666666,0.0,0.16666666666666666,3.0,0.6666666666666666,-0.03389267477838315,-0.024042553191489374
114,202305010304,9,6,8,51,29,23,21,228,0,0,0,5,2,3,3,20,13,9,13,81,0,0,0,2,1,0,0,5,2,3,3,28,0,0,0,0,0.0,0.0,11.0,14.0,39.8,2.8,0.42857142857142855,0.0,0.0,10.0,11.0,37.5,2.0,0.25,0.0,0.0,9.0,15.0,39.4,2.6,0.26666666666666666,0.5,9.0,200.0,0.07079646017699115,0.26991150442477874,5,5,52.8,8.0,1677,1556,1167,0.0,0.0,2.0,1.0,36.6,0.0,0.2,0.0,0.0,3.0,6.0,38.0,0.5,0.125,-2.6,0.2,56.0,-583.0,11.0,14.0,541.0,0.14285714285714285,0.0,0.0,-0.06666666666666667,0.0,0.4499999999999993,0.0,1.8888999999999996,1.0589000000000013,1.488900000000001,-1.2233000000000018,0.17669999999999675,0.10020839962802054,1.189285499785479,1.0,0.0,,0.14285714285714285,0.2222222222222222,0.0,,-0.10492845786963434,-0.01480214466629387
115,202305010304,43,41,42,253,0,0,0,0,0,0,0,0,13,15,18,95,0,0,0,0,0,0,0,0,3,5,4,26,0,0,0,0,0,0,0,0,0.0,0.0,40.0,1.0,36.9,0.0,0.5,0.0,0.0,20.0,7.0,37.9,1.7,0.4166666666666667,0.0,0.0,40.0,6.0,39.5,0.9,0.07692307692307693,2.5,-20.0,0.0,0.0948905109489051,0.291970802919708,7,8,7.6,3.0,1576,1314,1577,,,,,,,,,,,,,,,2.5,0.3333333333333333,56.0,49.0,11.0,16.0,474.0,0.0,0.0,0.0,,,-1.3000000000000007,0.0,-1.3795000000000002,0.001599999999996271,1.2205000000000013,,,0.18298883817099695,1.070825226947268,2.0,3.0,0.3333333333333333,0.0,0.0,2.0,0.5,-0.03389267477838315,
116,202305010304,1,0,0,0,3,2,2,16,1,0,0,0,1,0,0,0,3,1,1,7,1,0,0,0,0,0,0,0,1,0,1,2,0,0,0,0,0.0,0.0,6.0,9.0,42.2,2.1,0.7857142857142857,0.0,0.0,15.0,13.0,41.1,3.9,0.6,0.0,0.0,15.0,12.0,37.9,1.5,0.5,1.5,-1.0,-100.0,0.064,0.168,6,6,4.7,2.0,1066,1225,1278,0.0,0.0,11.0,14.0,38.3,3.8,0.5714285714285714,0.0,0.0,2.0,10.0,40.2,1.6,0.2,0.3,0.0,56.0,-578.0,11.0,14.0,467.0,0.07142857142857142,0.3333333333333333,0.0625,0.42857142857142855,0.13333333333333333,0.6800000000000004,0.0,,1.7073999999999998,-0.17260000000000275,0.8658999999999963,0.8074000000000012,0.1906808424395838,1.6353592877407725,0.0,0.0,,0.03773584905660377,0.07547169811320754,0.0,,,-0.1505016722408027
117,202305010304,12,17,21,171,24,19,11,236,0,0,0,3,1,5,12,77,7,2,1,59,0,0,0,3,0,2,1,15,1,1,1,16,0,0,0,0,0.0,0.0,7.0,6.0,36.5,0.8,0.6666666666666666,0.0,0.0,7.0,10.0,36.2,0.9,0.9375,0.0,0.0,13.0,4.0,36.6,0.4,0.5625,-1.0,-6.0,250.0,0.025477707006369428,0.10828025477707007,8,11,70.5,9.0,1520,1294,695,0.0,0.0,8.0,13.0,37.4,1.9,0.6875,0.0,0.0,14.0,7.0,37.2,0.9,0.75,0.5,0.0,56.0,-441.0,11.0,15.0,452.0,0.0,0.0,0.0625,0.0625,-0.125,-0.2600000000000001,0.0,-1.3233000000000033,-1.6233000000000004,-0.8177000000000021,-0.511099999999999,-0.21770000000000067,0.12402396721781013,0.4489988864128723,-2.0,0.0,,0.017543859649122806,0.08771929824561403,0.0,,0.0023270846800258482,0.05268199233716475
118,202305010304,9,7,5,96,29,23,21,228,1,0,0,0,5,2,1,32,13,9,13,81,1,0,0,0,2,1,1,4,2,3,3,28,0,0,0,0,0.0,0.0,8.0,3.0,13.1,0.6,0.75,0.0,0.0,13.0,6.0,37.1,0.8,0.8666666666666667,0.0,0.0,12.0,9.0,13.4,2.8,0.8571428571428571,3.0,0.0,-1600.0,0.15104166666666666,0.3489583333333333,2,2,40.5,7.0,1090,1556,1169,0.0,0.0,8.0,7.0,13.4,1.6,0.14285714285714285,0.0,0.0,7.0,6.0,13.4,1.6,0.09090909090909091,0.7,0.2,56.0,-561.0,11.0,12.0,484.0,-0.5,-0.13333333333333333,-0.07142857142857142,0.07142857142857142,0.09090909090909091,2.3099999999999996,0.0,,-2.2926,,,,0.3495094614270027,9.510709752694591,-1.0,0.0,,0.11578947368421053,0.28421052631578947,0.0,,-0.06184012066365008,-0.01480214466629387
119,202305010304,0,2,1,16,0,0,0,1,0,0,0,0,0,0,1,4,0,0,0,0,0,0,0,0,0,0,0,0,0,0,0,0,0,0,0,0,0.0,0.0,110.0,4.0,36.7,1.1,0.7272727272727273,0.0,0.0,120.0,11.0,36.8,1.0,0.875,0.0,0.0,70.0,7.0,34.6,1.7,0.6,1.5,-6.0,200.0,0.03389830508474576,0.11864406779661017,8,10,22.2,6.0,1534,1493,1235,0.0,0.0,10.0,1.0,35.7,0.0,0.1875,0.0,0.0,20.0,2.0,35.4,0.4,0.1875,-1.4,0.4,54.0,20.0,11.0,11.0,488.0,-0.09090909090909091,-0.0625,0.0,0.0,0.0,0.3700000000000003,0.0,-1.168299999999995,-1.0683000000000007,-0.5531000000000006,0.5469000000000008,0.24689999999999657,0.28156568600806114,0.8260750571225349,-2.0,0.0,,0.0,0.18181818181818182,0.0,,-0.15789473684210525,
120,202305010304,1,0,0,1,1,0,0,1,1,0,0,0,0,0,0,0,0,0,0,1,0,0,0,0,0,0,0,0,0,0,0,0,0,0,0,0,0.0,0.0,40.0,1.0,36.2,0.0,0.375,,,,,,,,,,,,,,,,,100.0,0.04046242774566474,0.15606936416184972,1,1,15.4,5.0,1575,1033,1576,,,,,,,,,,,,,,,,1.0,56.0,90.0,11.0,16.0,496.0,0.0,,,,,,,-1.3913999999999973,,,,,,,1.0,0.0,,0.04,0.08,0.0,,,
121,202305010304,4,3,1,29,0,1,0,9,0,0,0,0,2,1,1,13,0,0,0,2,0,0,0,0,1,1,1,7,0,0,0,0,0,0,0,0,0.0,0.0,120.0,9.0,38.1,1.9,0.7692307692307693,0.0,0.0,30.0,1.0,37.7,0.0,0.125,0.0,0.0,60.0,4.0,37.7,1.1,0.6,-2.5,4.0,200.0,0.014925373134328358,0.19402985074626866,6,7,163.5,11.0,1629,1332,1428,0.0,0.0,110.0,17.0,37.7,5.5,1.0,0.0,0.0,60.0,6.0,35.6,1.1,0.7272727272727273,1.0,0.2,56.0,14.0,11.0,13.0,488.0,0.0,0.0,-0.3,0.0,-0.09090909090909091,0.5,0.0,0.23170000000000357,-0.12330000000000041,0.28229999999999933,1.8838000000000008,-0.21620000000000061,0.2900515956064441,0.8935323161475474,0.0,0.0,,0.017241379310344827,0.08620689655172414,0.0,,0.09957325746799428,
122,202305010304,0,2,0,5,1,2,1,7,0,2,0,0,0,2,0,3,1,2,1,0,0,2,0,0,0,0,0,1,0,0,0,0,0,0,0,0,0.0,0.0,17.0,18.0,33.9,2.4,0.8888888888888888,0.0,0.0,15.0,16.0,32.7,1.1,0.9444444444444444,0.0,0.0,12.0,9.0,33.9,0.7,0.4166666666666667,-4.5,10.0,400.0,0.0707070707070707,0.1919191919191919,7,9,115.0,10.0,1485,1520,1665,0.0,0.0,13.0,8.0,32.3,0.4,0.9375,0.0,0.0,14.0,12.0,35.8,1.3,0.4,-2.0,0.0,56.0,-616.0,11.0,18.0,476.0,,,-0.08333333333333333,,0.0,-0.33999999999999914,0.0,0.35660000000000025,-0.8433999999999955,-1.2064999999999984,-1.2434000000000012,0.6468999999999951,0.2532133000232057,1.2204917041913876,-2.0,0.0,,0.041666666666666664,0.16666666666666666,0.0,,,-0.06363636363636366
123,202305010401,2,5,4,35,0,1,0,2,0,1,0,2,0,0,1,12,0,0,0,1,0,0,0,1,0,0,1,8,0,0,0,1,0,0,0,1,0.0,0.0,1.0,7.0,40.0,1.4,0.6363636363636364,0.0,0.0,10.0,10.0,38.7,2.2,0.45454545454545453,0.0,0.0,12.0,10.0,37.7,1.1,0.35714285714285715,1.5,-6.0,-400.0,0.045714285714285714,0.15428571428571428,6,11,11.9,5.0,1674,1046,1428,0.0,0.0,13.0,7.0,38.8,0.6,0.5,0.0,0.0,15.0,12.0,36.3,1.0,1.0,0.7,0.0,56.0,-528.0,16.0,11.0,482.0,0.0,0.09090909090909091,-0.07142857142857142,-0.0625,0.0,0.7300000000000011,0.0,0.37409999999999854,0.6274000000000015,-0.3725999999999985,-0.8259000000000043,-1.3917000000000002,0.22401750407478002,1.2377398757412648,1.0,0.0,,0.0,0.05084745762711865,0.0,,-0.06413043478260871,
124,202305010401,16,16,15,141,24,19,11,236,0,0,1,6,9,9,7,56,7,2,1,59,0,0,0,1,2,2,2,23,4,0,0,25,0,0,0,0,0.0,0.0,4.0,5.0,36.4,0.4,0.625,0.0,0.0,2.0,1.0,36.7,0.0,0.125,0.0,0.0,2.0,5.0,37.0,0.2,0.1875,0.0,4.0,0.0,0.0,0.11764705882352941,8,16,17.0,7.0,1278,1294,625,0.0,0.0,7.0,3.0,37.0,0.4,0.125,0.0,0.0,7.0,2.0,37.6,0.2,0.375,-0.4,0.6,56.0,-133.0,16.0,16.0,460.0,0.0,0.0,0.0,0.0,0.0,-0.2700000000000003,0.0,-1.8795000000000002,-1.579499999999996,-0.6642999999999972,-1.1537999999999968,-0.6794999999999973,0.1920286436967152,0.3979949748426485,1.0,5.0,0.6,0.0410958904109589,0.1643835616438356,3.0,0.6666666666666666,0.010563380281690127,0.05268199233716475
125,202305010401,12,17,21,171,0,0,0,2,0,0,0,0,1,5,12,77,0,0,0,1,0,0,0,0,1,3,5,32,0,0,0,1,0,0,0,0,0.0,0.0,1.0,1.0,40.7,0.0,0.5555555555555556,0.0,0.0,6.0,14.0,35.4,1.5,0.8125,0.0,0.0,6.0,5.0,35.5,0.7,0.625,2.0,10.0,-100.0,0.07,0.19,6,12,30.3,9.0,1520,1127,695,0.0,0.0,6.0,7.0,38.0,2.1,0.6666666666666666,0.0,0.0,7.0,10.0,38.8,1.7,0.5625,1.1,0.2,56.0,-535.0,16.0,9.0,518.0,-0.4444444444444444,0.0,-0.0625,-0.06666666666666667,-0.125,0.120000000000001,0.0,,0.24689999999999657,0.346899999999998,0.08890000000000242,1.1357,0.09352081038629124,2.0212867188996233,0.0,1.0,0.0,0.07692307692307693,0.07692307692307693,0.0,,0.0023270846800258482,
126,202305010401,2,0,2,20,19,18,17,223,0,0,0,2,1,0,0,7,10,4,3,73,0,0,0,0,0,0,0,5,3,0,1,27,0,0,0,0,0.0,0.0,10.0,3.0,37.6,0.1,0.3125,0.0,0.0,60.0,3.0,37.6,0.1,0.375,0.0,0.0,60.0,7.0,34.8,0.9,0.75,2.0,0.0,200.0,0.10606060606060606,0.2727272727272727,4,7,3.2,2.0,1243,1558,1428,,,,,,,,,,,,,,,2.0,0.6666666666666666,56.0,50.0,16.0,16.0,442.0,-0.0625,-0.0625,-0.0625,,,1.4000000000000021,0.0,-0.31109999999999616,-0.26829999999999643,-0.35310000000000485,,,0.19320038532282716,1.3199326582148907,3.0,0.0,,0.037037037037037035,0.07407407407407407,0.0,,-0.16666666666666666,0.0611517126001585
127,202305010401,9,7,9,91,17,25,19,185,0,0,0,5,2,1,4,32,7,6,8,58,0,0,0,2,1,0,1,16,2,2,1,15,0,0,0,1,0.0,0.0,3.0,7.0,43.1,3.2,0.8181818181818182,0.0,0.0,4.0,14.0,37.6,3.5,0.9375,0.0,0.0,3.0,8.0,37.9,1.9,0.875,0.5,26.0,-200.0,0.1111111111111111,0.2698412698412698,5,9,11.1,4.0,1304,1183,1503,0.0,0.0,4.0,3.0,36.1,0.7,0.75,0.0,0.0,2.0,9.0,37.9,2.0,0.5,-0.7,0.2,56.0,-429.0,16.0,11.0,482.0,-0.18181818181818182,0.0,-0.125,-0.0625,-0.1875,1.1900000000000006,0.0,5.183300000000003,0.008600000000001273,-0.37950000000000017,-1.8110999999999962,-0.25379999999999825,0.15133701649624084,2.385288242540092,0.0,2.0,0.0,0.09302325581395349,0.16279069767441862,1.0,0.0,0.005261979399910438,-0.0538498326159732
128,202305010401,10,4,8,54,1,0,0,6,0,0,0,1,2,3,4,26,1,0,0,3,0,0,0,0,0,2,3,17,0,0,0,2,0,0,0,0,0.0,0.0,4.0,3.0,41.5,0.5,0.4444444444444444,0.0,0.0,10.0,13.0,38.7,1.9,0.25,0.0,0.0,10.0,6.0,34.7,0.4,0.1111111111111111,1.5,9.0,-100.0,0.039473684210526314,0.18421052631578946,2,4,41.4,10.0,1601,1210,239,0.0,0.0,6.0,4.0,34.3,0.4,0.5,0.0,0.0,10.0,6.0,37.7,0.8,0.5625,-0.3,0.2,56.0,-532.0,16.0,9.0,527.0,-0.1111111111111111,0.125,0.0,-0.1111111111111111,-0.0625,1.2,0.0,,2.7834000000000003,-0.5912999999999968,-0.8064999999999998,-0.5794999999999959,0.16784307044467547,2.6641321288554742,0.0,1.0,0.0,0.14583333333333334,0.3333333333333333,1.0,0.0,-0.08114035087719298,
129,202305010401,0,1,0,1,0,0,0,0,0,0,0,0,0,0,0,0,0,0,0,0,0,0,0,0,0,0,0,0,0,0,0,0,0,0,0,0,,,,,,,,,,,,,,,,,,,,,,,,,0.017543859649122806,0.07602339181286549,2,3,83.3,12.0,1676,590,1428,,,,,,,,,,,,,,,,,56.0,,16.0,,,,,,,,,,,,,,,,,,0.0,,0.0,0.0,0.0,,,
130,202305010401,13,10,14,133,14,9,8,141,0,0,1,3,4,1,3,20,2,1,3,49,0,0,1,1,1,1,1,7,0,0,1,13,0,0,0,0,0.0,0.0,6.0,4.0,13.2,2.5,0.45454545454545453,0.0,0.0,14.0,11.0,35.5,0.9,0.6,0.0,0.0,8.0,9.0,35.7,1.2,0.4,2.5,-2.0,-1450.0,0.25547445255474455,0.5255474452554745,7,14,2.6,1.0,1691,1618,1167,0.0,0.0,10.0,4.0,35.9,0.1,0.3333333333333333,0.0,0.0,12.0,15.0,34.9,1.1,0.1875,1.5,0.0,56.0,-615.0,16.0,11.0,496.0,-0.09090909090909091,0.13333333333333333,0.2,0.0,-0.0625,-4.38,0.0,,0.04079999999999728,0.24080000000000013,0.44079999999999586,-0.5592000000000041,0.13598136654611995,8.926275819175654,-4.0,0.0,,0.047619047619047616,0.14285714285714285,0.0,,-0.0021298174442190843,0.06466540104413859
131,202305010401,1,1,0,11,0,0,1,3,0,0,0,0,0,0,0,2,0,0,0,2,0,0,0,0,0,0,0,2,0,0,0,1,0,0,0,0,0.0,0.0,20.0,6.0,39.9,2.4,0.3,0.0,0.0,110.0,16.0,36.0,2.8,1.0,0.0,0.0,130.0,8.0,35.5,0.9,0.3888888888888889,1.0,20.0,-100.0,0.14615384615384616,0.38461538461538464,3,5,8.4,3.0,1289,488,1428,0.0,0.0,120.0,10.0,34.5,0.9,0.7777777777777778,0.0,0.0,30.0,8.0,38.1,2.0,0.8125,-0.2,0.0,56.0,-317.0,16.0,10.0,448.0,0.1,0.0,-0.1111111111111111,0.0,0.0,0.5099999999999995,0.0,,0.5407999999999973,0.04079999999999728,-0.6064999999999969,0.27890000000000015,0.26673668062365075,1.9452506265260523,1.0,0.0,,0.02127659574468085,0.14893617021276595,0.0,,0.02797202797202797,
132,202305010401,0,4,0,18,1,2,0,14,0,1,0,1,0,2,0,3,0,0,0,5,0,0,0,1,0,2,0,2,0,0,0,2,0,0,0,1,0.0,0.0,120.0,12.0,42.9,5.3,1.0,0.0,0.0,60.0,10.0,38.1,1.6,0.6875,0.0,0.0,90.0,4.0,37.7,0.8,0.0625,-4.0,-3.0,-200.0,0.14772727272727273,0.35795454545454547,1,2,13.6,6.0,1045,1335,969,0.0,0.0,100.0,2.0,38.2,1.5,0.36363636363636365,0.0,0.0,50.0,10.0,37.9,2.0,0.8571428571428571,-1.2,0.2,54.0,-514.0,16.0,12.0,495.0,0.0,0.0625,0.0,-0.09090909090909091,0.0,0.9899999999999999,0.0,4.9833,-0.17949999999999733,-0.2166999999999959,0.1274000000000015,-0.37950000000000017,0.34011231873808373,1.9774731350893227,-1.0,2.0,0.0,0.09523809523809523,0.21428571428571427,2.0,0.0,0.1515151515151515,0.17647058823529413
133,202305010401,0,0,0,6,5,11,7,79,0,0,0,1,0,0,0,1,1,3,1,21,0,0,0,0,0,0,0,0,0,0,0,10,0,0,0,0,0.0,0.0,20.0,2.0,40.3,0.1,0.36363636363636365,0.0,0.0,130.0,10.0,37.4,1.4,0.8125,0.0,0.0,80.0,9.0,37.0,1.5,0.8666666666666667,3.5,-1.0,0.0,0.0,0.0,5,10,532.5,16.0,1633,1039,1167,0.0,0.0,150.0,9.0,35.7,1.7,0.875,0.0,0.0,160.0,11.0,38.2,1.7,0.6875,1.7,0.2,51.0,-528.0,16.0,11.0,415.0,-0.2727272727272727,-0.125,0.0,0.0,0.0625,0.5899999999999984,0.0,2.6357,-0.4233000000000047,-0.9110999999999976,-1.7177000000000007,-0.07949999999999591,0.19086017290537396,1.5223665787188037,-3.0,2.0,0.5,0.038461538461538464,0.15384615384615385,1.0,0.0,,0.034783776524308335
134,202305010401,20,10,20,146,18,15,24,255,1,0,2,11,13,5,8,64,3,4,10,79,0,0,0,4,3,1,2,17,2,2,3,26,0,0,0,2,0.0,0.0,2.0,3.0,38.0,0.3,0.75,0.0,0.0,10.0,9.0,35.6,1.3,0.3888888888888889,0.0,0.0,7.0,6.0,36.0,0.6,0.375,1.5,8.0,200.0,0.06,0.24,8,15,28.2,8.0,1716,1263,1167,0.0,0.0,10.0,8.0,34.6,0.9,0.1875,0.0,0.0,6.0,10.0,37.2,1.2,0.058823529411764705,1.3,0.2,54.0,-527.0,16.0,8.0,434.0,-0.125,-0.1111111111111111,0.0625,0.0625,0.0,0.25999999999999945,0.0,0.08890000000000242,0.5253000000000014,0.5407999999999973,-0.8592000000000013,1.1700000000000017,0.23379755088782445,1.197330363767661,0.0,0.0,,0.0821917808219178,0.2328767123287671,0.0,,0.03502141597379693,0.03282493368700265
135,202305010401,2,1,2,23,20,25,21,205,1,0,1,2,0,0,1,11,5,4,2,61,0,0,0,1,0,0,0,6,2,1,0,22,0,0,0,0,0.0,0.0,11.0,13.0,39.5,1.7,0.125,0.0,0.0,6.0,12.0,39.5,2.0,0.4375,0.0,0.0,5.0,4.0,38.3,1.7,0.0625,-4.5,0.0,0.0,0.09420289855072464,0.2898550724637681,7,13,78.4,11.0,1064,1167,1556,,,,,,,,,,,,,,,-4.5,0.0,54.0,0.0,16.0,16.0,442.0,0.0,0.25,0.0,,,0.6000000000000014,0.0,1.2205000000000013,1.6788999999999987,0.02049999999999841,,,0.1640418307085794,0.5656854249492393,0.0,2.0,0.0,0.037037037037037035,0.18518518518518517,2.0,0.0,0.07142857142857142,0.019083827201908404
136,202305010401,7,7,8,85,29,23,21,228,2,1,0,5,3,4,0,27,13,9,13,81,1,0,0,2,0,0,0,14,5,3,6,21,0,0,0,2,0.0,0.0,5.0,7.0,39.8,2.9,0.7142857142857143,0.0,0.0,9.0,8.0,36.2,0.9,0.125,0.0,0.0,3.0,4.0,34.9,0.4,0.0625,-1.5,-2.0,200.0,0.043478260869565216,0.06521739130434782,1,1,153.7,14.0,1605,1556,1,0.0,0.0,9.0,2.0,35.4,0.1,0.0625,0.0,0.0,11.0,13.0,42.1,3.0,0.5333333333333333,0.6,0.2,54.0,-534.0,16.0,7.0,460.0,0.14285714285714285,0.0,0.0,0.0,0.13333333333333333,-0.38000000000000045,0.0,1.8888999999999996,1.0469000000000008,-0.25310000000000343,0.24689999999999657,2.5533,0.27185049704527703,2.7981422408448076,-1.0,0.0,,0.07547169811320754,0.20754716981132076,0.0,,0.056687605331699115,-0.01480214466629387
137,202305010401,2,0,2,20,0,0,0,3,0,0,0,2,1,0,0,7,0,0,0,2,0,0,0,2,0,0,0,5,0,0,0,2,0,0,0,2,0.0,0.0,10.0,8.0,38.5,0.9,0.8333333333333334,0.0,0.0,14.0,9.0,40.3,3.1,0.9333333333333333,0.0,0.0,13.0,8.0,36.3,1.1,0.9375,0.0,2.0,500.0,0.02197802197802198,0.07692307692307693,3,6,86.4,13.0,1243,124,1428,0.0,0.0,13.0,11.0,41.1,3.8,0.25,0.0,0.0,13.0,15.0,38.0,1.8,0.875,1.6,0.0,56.0,-359.0,16.0,12.0,490.0,0.0,-0.06666666666666667,0.0625,0.1875,0.0,0.019999999999999574,0.0,,0.6740999999999957,-1.9795000000000016,1.4741,-0.27949999999999875,0.26080005112473936,1.703643155123749,0.0,2.0,0.0,0.023255813953488372,0.18604651162790697,2.0,0.0,-0.16666666666666666,
138,202305010401,0,0,1,27,0,0,0,2,0,0,0,0,0,0,1,10,0,0,0,0,0,0,0,0,0,0,0,5,0,0,0,0,0,0,0,0,0.0,0.0,5.0,,,,0.09090909090909091,0.0,0.0,18.0,14.0,39.2,2.6,0.16666666666666666,0.0,0.0,16.0,14.0,37.8,2.6,1.0,0.0,-3.0,100.0,0.025,0.125,4,8,270.5,15.0,1611,444,1263,0.0,0.0,15.0,16.0,39.7,3.0,0.4375,0.0,0.0,7.0,10.0,40.5,3.6,0.07142857142857142,-1.0,0.0,54.0,-119.0,16.0,11.0,459.0,0.8181818181818182,0.2777777777777778,0.0,0.1875,0.35714285714285715,-0.5799999999999997,0.0,,3.0342000000000056,-0.11110000000000042,1.420500000000004,1.1073999999999984,0.34883893777094743,0.9823441352194263,-2.0,1.0,0.0,0.07352941176470588,0.19117647058823528,1.0,0.0,-0.03571428571428571,
139,202305010410,20,10,20,146,1,3,2,8,0,0,0,0,13,5,8,64,1,2,1,3,0,0,0,0,3,0,0,5,0,1,0,0,0,0,0,0,0.0,0.0,20.0,4.0,37.7,0.7,0.25,0.0,0.0,10.0,8.0,39.0,1.0,0.125,0.0,0.0,10.0,2.0,36.8,0.1,0.0625,-1.0,10.0,0.0,0.04081632653061224,0.22448979591836735,8,16,4.5,2.0,1716,1322,1167,0.0,0.0,10.0,1.0,35.6,0.0,0.3125,0.0,0.0,30.0,2.0,35.9,0.3,0.18181818181818182,-1.1,0.6,58.0,49.0,16.0,16.0,484.0,-0.0625,0.0,0.0,0.0,0.0,0.7000000000000007,0.0,-0.5794999999999959,0.7205000000000013,-1.7775999999999996,-2.6794999999999973,-1.7642999999999986,0.08841756210875867,1.2409673645990857,2.0,4.0,0.5,0.25,0.3333333333333333,3.0,0.3333333333333333,0.03502141597379693,-0.17857142857142855
140,202305010410,12,9,9,59,2,1,1,5,2,1,1,3,5,4,1,17,2,1,1,2,2,1,1,1,0,1,1,1,0,0,1,1,0,0,1,1,0.0,0.0,10.0,7.0,35.7,0.9,0.5,0.0,0.0,20.0,3.0,37.7,0.2,0.14285714285714285,0.0,0.0,10.0,10.0,37.2,1.8,0.8125,1.5,-2.0,0.0,0.14728682170542637,0.3798449612403101,1,2,4.8,3.0,1463,852,1167,0.0,0.0,10.0,1.0,36.2,0.0,0.1875,0.0,0.0,10.0,1.0,35.9,0.0,0.1875,-1.4,0.6,58.0,71.0,16.0,14.0,506.0,0.0,0.0,-0.125,-0.0625,0.0625,0.11000000000000085,0.0,-2.433799999999998,-0.5794999999999959,-0.3913999999999973,-2.079499999999996,-2.3795,0.2572296480515702,0.776144316477291,2.0,4.0,0.75,0.06944444444444445,0.19444444444444445,3.0,1.0,-0.03549135009809168,-0.1111111111111111
141,202305010410,0,0,0,1,1,1,0,11,0,0,0,1,0,0,0,0,0,0,0,0,0,0,0,0,0,0,0,0,0,0,0,0,0,0,0,0,0.0,0.0,14.0,9.0,36.8,0.6,0.5,0.0,0.0,7.0,11.0,36.4,1.1,0.8,0.0,0.0,11.0,3.0,35.2,0.6,0.6428571428571429,-3.0,4.0,0.0,0.06493506493506493,0.22727272727272727,8,15,31.2,7.0,123,962,334,0.0,0.0,13.0,11.0,36.5,1.6,0.8666666666666667,0.0,0.0,2.0,10.0,37.8,1.1,0.6875,0.2,0.2,58.0,-356.0,16.0,16.0,478.0,0.0,-0.06666666666666667,0.0,0.0,0.0625,-0.21000000000000013,0.0,-1.4795000000000016,-1.8795000000000002,-2.953799999999994,-1.4110999999999976,-0.11110000000000042,0.12743434573008694,0.8333066662399844,2.0,3.0,0.3333333333333333,0.140625,0.234375,2.0,0.0,,0.29059829059829057
142,202305010410,16,16,15,141,14,9,8,141,1,0,0,4,9,9,7,56,2,1,3,49,0,0,0,3,0,0,0,3,0,0,0,1,0,0,0,0,0.0,0.0,10.0,1.0,37.1,0.0,0.7142857142857143,0.0,0.0,10.0,2.0,37.3,0.7,0.75,0.0,0.0,10.0,4.0,37.6,0.3,0.3333333333333333,1.5,-4.0,0.0,0.06349206349206349,0.16666666666666666,3,6,16.0,6.0,1278,1618,625,0.0,0.0,20.0,3.0,37.2,1.1,0.5625,0.0,0.0,10.0,1.0,37.1,0.0,0.23076923076923078,0.1,0.8,58.0,27.0,16.0,14.0,470.0,-0.07142857142857142,0.0,0.0,0.0,0.0,0.009999999999999431,0.0,-1.1794999999999973,-0.9795000000000016,-0.6794999999999973,-1.079499999999996,-1.0337999999999994,0.2053949689722858,0.18547236990991378,1.0,5.0,0.8,0.0,0.25,4.0,0.75,0.010563380281690127,0.06466540104413859
143,202305010410,2,0,2,20,5,8,9,99,1,0,0,0,1,0,0,7,1,2,3,50,1,0,0,0,0,0,0,0,0,0,0,1,0,0,0,0,0.0,0.0,8.0,8.0,36.1,0.8,1.0,0.0,0.0,7.0,14.0,37.7,1.6,0.625,0.0,0.0,1.0,5.0,36.5,1.0,0.25,-1.5,-2.0,0.0,0.05084745762711865,0.3220338983050847,3,5,1.9,1.0,1243,1235,1428,0.0,0.0,3.0,3.0,35.9,0.2,0.42857142857142855,0.0,0.0,1.0,1.0,35.8,0.0,0.5,-2.5,0.4,58.0,-433.0,16.0,15.0,518.0,-0.06666666666666667,0.0,-0.0625,0.0,0.0,0.24000000000000127,0.0,-2.1794999999999973,-0.5794999999999959,-1.7794999999999987,-2.2537999999999982,-2.4795000000000016,0.2509166867178614,0.6928203230275526,2.0,5.0,0.4,0.16666666666666666,0.3333333333333333,4.0,0.25,-0.16666666666666666,-0.02181818181818182
144,202305010410,3,5,4,33,1,3,2,8,0,1,0,0,1,3,2,9,1,2,1,3,0,1,0,0,0,1,0,0,0,1,0,0,0,1,0,0,0.0,0.0,3.0,9.0,43.8,4.2,0.7,0.0,0.0,9.0,13.0,41.3,4.5,0.42857142857142855,0.0,0.0,12.0,5.0,37.4,0.7,0.6,-2.0,11.0,-200.0,0.10687022900763359,0.2748091603053435,4,7,14.6,5.0,1657,1322,1317,0.0,0.0,10.0,10.0,37.9,1.0,0.2857142857142857,0.0,0.0,9.0,13.0,38.1,1.4,0.25,0.5,0.0,58.0,-506.0,16.0,10.0,507.0,0.1,-0.07142857142857142,-0.13333333333333333,0.07142857142857142,0.0,1.479999999999999,0.0,6.544899999999998,2.2612999999999985,-1.992600000000003,-0.25379999999999825,-0.05379999999999541,0.17458989848516787,2.46819772303598,1.0,2.0,0.0,0.18181818181818182,0.4090909090909091,0.0,,-0.0393939393939394,-0.17857142857142855
145,202305010410,10,4,8,54,18,15,24,255,0,0,0,1,2,3,4,26,3,4,10,79,0,0,0,0,0,0,0,0,0,0,1,2,0,0,0,0,0.0,0.0,15.0,13.0,35.9,0.7,0.9375,0.0,0.0,18.0,15.0,34.7,0.9,1.0,0.0,0.0,14.0,8.0,36.2,0.6,0.75,-2.5,4.0,200.0,0.0,0.09090909090909091,2,3,98.0,11.0,1601,1263,239,0.0,0.0,9.0,11.0,37.2,2.0,0.5714285714285714,0.0,0.0,14.0,13.0,37.8,2.7,0.9333333333333333,-0.4,0.0,56.0,-398.0,16.0,16.0,444.0,0.0,0.0,0.0,0.0,0.0,-0.6299999999999997,0.0,0.5345999999999975,-0.6653999999999982,-1.7110999999999947,-1.079499999999996,-1.8259000000000043,0.1575030144044401,1.0744300814850622,5.0,1.0,0.0,0.0,0.0,1.0,0.0,-0.08114035087719298,0.03282493368700265
146,202305010410,2,2,5,52,2,4,3,13,0,0,0,3,0,1,3,10,0,0,1,6,0,0,0,0,0,0,0,0,0,0,0,3,0,0,0,0,0.0,0.0,9.0,16.0,39.6,3.9,1.0,0.0,0.0,9.0,9.0,35.9,1.4,1.0,0.0,0.0,10.0,8.0,35.9,1.2,0.6875,-4.0,-8.0,200.0,0.0,0.25,7,14,75.9,10.0,1098,880,1294,0.0,0.0,10.0,4.0,37.2,0.7,0.375,0.0,0.0,10.0,6.0,36.1,1.2,0.9375,-2.5,0.0,58.0,-388.0,16.0,16.0,490.0,0.0,-0.0625,0.0,0.0625,0.0,0.5699999999999996,0.0,1.7789000000000001,-1.9211000000000027,-2.3795,-1.079499999999996,-1.4913999999999987,0.24173849507267148,1.4150618361046992,3.0,2.0,0.0,0.5,0.5,2.0,0.0,0.056540649046503855,-0.1013986013986014
147,202305010410,1,0,2,42,4,2,3,28,1,0,0,0,1,0,1,20,3,0,0,8,1,0,0,0,0,0,0,0,0,0,0,0,0,0,0,0,0.0,0.0,3.0,4.0,40.7,0.6,0.18181818181818182,0.0,0.0,13.0,14.0,39.3,2.3,0.4,0.0,0.0,11.0,15.0,41.4,3.9,0.0625,5.5,8.0,100.0,0.125,0.25,2,4,41.2,8.0,1672,1160,1167,0.0,0.0,13.0,1.0,37.8,0.0,0.06666666666666667,0.0,0.0,10.0,15.0,42.6,4.6,0.26666666666666666,0.9,0.2,56.0,-532.0,16.0,11.0,492.0,0.0,0.13333333333333333,0.0625,0.0,0.4,-0.2299999999999997,0.0,3.265900000000002,0.0905999999999949,2.5871999999999957,-1.8259000000000043,3.2074,0.12756109107373953,1.6668533228811722,2.0,0.0,,0.4,0.6,0.0,,0.13333333333333336,-0.12324324324324326
148,202305010410,5,2,2,10,2,0,0,4,1,0,0,3,5,2,1,7,2,0,0,3,1,0,0,2,2,0,0,2,0,0,0,2,0,0,0,2,0.0,0.0,13.0,13.0,37.3,1.9,0.14285714285714285,0.0,0.0,12.0,12.0,39.1,1.9,0.125,0.0,0.0,15.0,2.0,36.2,0.1,0.6875,-5.5,2.0,0.0,0.12280701754385964,0.2631578947368421,5,9,102.9,12.0,832,700,351,0.0,0.0,15.0,11.0,39.5,2.3,0.25,0.0,0.0,12.0,7.0,36.7,1.1,0.4375,-1.3,0.2,58.0,-252.0,16.0,14.0,510.0,0.0,0.0,-0.0625,0.0,0.0,0.079999999999999,0.0,-0.8537999999999997,0.8205000000000027,-1.953799999999994,1.2205000000000013,-1.1210999999999984,0.211092275982784,1.3108775686539145,0.0,4.0,0.25,0.03333333333333333,0.06666666666666667,2.0,0.0,-0.2070175438596491,-0.2333333333333333
149,202305010410,5,10,5,88,2,4,0,17,2,2,0,12,3,2,0,20,1,2,0,9,1,1,0,4,0,0,0,3,0,0,0,3,0,0,0,3,0.0,0.0,8.0,7.0,14.3,3.9,0.8888888888888888,0.0,0.0,16.0,11.0,36.0,1.9,0.875,0.0,0.0,12.0,12.0,36.3,1.3,0.8571428571428571,2.5,6.0,-1600.0,0.03816793893129771,0.17557251908396945,5,10,307.9,16.0,1561,223,1263,0.0,0.0,13.0,9.0,35.1,1.1,0.8125,0.0,0.0,11.0,6.0,35.6,1.8,0.9375,-0.4,0.0,58.0,-118.0,16.0,9.0,476.0,-0.1111111111111111,-0.0625,0.0,0.0,-0.0625,-4.17,0.0,,-2.2794999999999987,-1.9795000000000016,-3.0537999999999954,-2.5537999999999954,0.04079492462960802,8.589435371431582,-2.0,4.0,0.0,0.07692307692307693,0.29914529914529914,2.0,0.0,0.03019943019943022,0.1280193236714976
150,202305010410,12,9,9,59,0,0,0,3,0,0,0,0,5,4,1,17,0,0,0,2,0,0,0,0,0,1,1,1,0,0,0,0,0,0,0,0,0.0,0.0,110.0,8.0,33.2,0.5,0.875,0.0,0.0,30.0,4.0,32.5,0.1,0.8333333333333334,0.0,0.0,30.0,8.0,37.1,1.2,0.5714285714285714,0.0,2.0,-200.0,0.25735294117647056,0.5294117647058824,1,1,13.9,4.0,1463,419,1167,0.0,0.0,30.0,2.0,36.5,0.4,0.4,0.0,0.0,10.0,4.0,33.6,0.3,0.3888888888888889,-1.0,0.2,58.0,78.0,16.0,16.0,490.0,0.0,-0.08333333333333333,0.21428571428571427,-0.06666666666666667,0.0,-0.4799999999999997,0.0,-1.8746999999999971,-2.5747,-2.176400000000001,-0.7550999999999988,-1.5064999999999955,0.20712850403353367,1.8562327440275368,1.0,0.0,,0.12121212121212122,0.25757575757575757,0.0,,-0.03549135009809168,
151,202305010410,0,0,0,3,0,0,0,9,0,0,0,3,0,0,0,3,0,0,0,6,0,0,0,3,0,0,0,3,0,0,0,3,0,0,0,3,0.0,0.0,40.0,2.0,37.1,0.0,0.2857142857142857,0.0,0.0,150.0,13.0,36.3,2.1,0.875,0.0,0.0,120.0,12.0,37.2,1.0,0.75,5.0,7.0,-300.0,0.04597701149425287,0.15517241379310345,7,13,254.2,15.0,779,232,334,0.0,0.0,80.0,7.0,36.6,0.4,0.35714285714285715,0.0,0.0,100.0,9.0,36.7,1.9,0.4375,0.8,0.2,58.0,-526.0,16.0,7.0,489.0,-0.14285714285714285,-0.0625,0.0625,-0.07142857142857142,0.0,0.04999999999999929,0.0,-1.4775999999999954,-1.9795000000000016,-1.079499999999996,-1.6794999999999973,-1.579499999999996,0.23018404349031454,0.33105890714493846,2.0,4.0,0.0,0.06666666666666667,0.15555555555555556,4.0,0.0,,
152,202305010410,6,2,13,58,0,1,3,27,0,0,0,3,1,1,3,17,0,1,3,12,0,0,0,2,0,0,1,2,0,0,0,4,0,0,0,2,0.0,0.0,11.0,9.0,39.9,2.4,0.9166666666666666,0.0,0.0,11.0,14.0,40.2,3.0,0.25,0.0,0.0,9.0,14.0,38.0,2.8,0.3125,2.5,0.0,0.0,0.14857142857142858,0.36,6,12,62.1,9.0,1426,1299,306,0.0,0.0,7.0,5.0,37.2,0.9,0.5,0.0,0.0,6.0,9.0,37.9,0.9,0.14285714285714285,-0.9,0.0,56.0,-417.0,16.0,12.0,474.0,-0.08333333333333333,0.25,0.0625,0.07142857142857142,0.0,0.7,0.0,1.7462000000000018,1.920500000000004,-0.27949999999999875,-1.079499999999996,-0.37950000000000017,0.2721195257256986,1.1876026271442817,2.0,5.0,0.0,0.02857142857142857,0.14285714285714285,4.0,0.0,0.050843881856540096,0.14369501466275658
153,202305010410,6,13,11,107,4,1,1,21,1,0,0,3,2,4,4,38,0,0,0,5,0,0,0,0,1,0,0,1,0,0,0,0,0,0,0,0,0.0,0.0,110.0,2.0,40.9,0.1,0.5,0.0,0.0,140.0,16.0,38.0,1.9,0.625,0.0,0.0,130.0,15.0,37.1,3.7,1.0,6.5,8.0,-200.0,0.07035175879396985,0.19095477386934673,4,8,204.1,13.0,1393,324,1263,0.0,0.0,110.0,5.0,36.1,0.6,0.7333333333333333,0.0,0.0,80.0,10.0,35.9,1.1,0.5625,0.5,0.2,58.0,-311.0,16.0,14.0,478.0,-0.21428571428571427,0.0,0.0,0.0,0.0625,1.19,0.0,2.9833,-0.07260000000000133,-1.1794999999999973,-1.9726,-2.1726000000000028,0.175720738041296,1.8132843130629013,2.0,1.0,0.0,0.02702702702702703,0.24324324324324326,1.0,0.0,-0.03920282129090463,0.1777777777777778
154,202305010410,4,2,1,21,1,0,0,7,1,0,0,2,2,1,0,6,1,0,0,3,1,0,0,2,0,0,0,2,0,0,0,2,0,0,0,2,0.0,0.0,140.0,,,,0.8125,0.0,0.0,150.0,8.0,36.9,0.9,0.875,0.0,0.0,90.0,8.0,36.5,1.2,0.8571428571428571,0.0,-4.0,0.0,,,6,11,215.7,14.0,1328,178,1263,0.0,0.0,100.0,8.0,36.0,0.7,0.7142857142857143,0.0,0.0,150.0,10.0,36.1,1.2,0.9375,0.6,0.0,58.0,0.0,16.0,16.0,478.0,0.125,-0.0625,0.07142857142857142,0.0,0.0,0.28999999999999915,0.0,,-1.3795000000000002,-1.7794999999999987,-2.2794999999999987,-2.1794999999999973,0.07427369408244792,0.3561951712193744,0.0,5.0,0.0,,,5.0,0.0,-0.04999999999999999,-0.125
155,202305010502,0,0,0,3,1,1,0,10,0,0,0,1,0,0,0,1,0,0,0,2,0,0,0,0,0,0,0,0,0,0,0,0,0,0,0,0,,,,,,,,,,,,,,,,,,,,,,,,,0.14948453608247422,0.34536082474226804,4,7,5.9,4.0,1289,1235,1428,,,,,,,,,,,,,,,,,56.0,,16.0,,,,,,,,,,,,,,,,,,0.0,,0.0,0.045454545454545456,0.0,,0.02797202797202797,-0.02181818181818182
156,202305010502,0,0,2,12,4,4,2,22,0,0,1,2,0,0,1,3,0,2,1,7,0,0,1,0,0,0,0,0,0,0,0,0,0,0,0,0,0.0,0.0,130.0,10.0,38.4,2.2,0.75,0.0,0.0,1.0,1.0,37.4,0.0,0.75,0.0,0.0,2.0,4.0,37.4,0.7,0.5625,-3.0,22.0,0.0,0.017341040462427744,0.07514450867052024,6,11,61.7,12.0,1736,1558,1482,0.0,0.0,3.0,3.0,38.5,0.2,0.5,0.0,0.0,12.0,2.0,36.1,0.2,0.625,-1.4,0.6,56.0,-652.0,16.0,16.0,470.0,-0.125,0.0625,-0.0625,-0.125,-0.1875,0.3499999999999993,0.0,0.12049999999999983,-0.26429999999999865,-0.7537999999999982,0.5889000000000024,-2.0537999999999954,0.1,0.868562030024338,-2.0,4.0,0.5,0.0,0.041666666666666664,0.0,,0.028891202498698587,0.0611517126001585
157,202305010502,0,0,0,0,0,0,0,2,0,0,0,0,0,0,0,0,0,0,0,1,0,0,0,0,0,0,0,0,0,0,0,0,0,0,0,0,0.0,0.0,7.0,3.0,36.6,0.3,0.25,,,,,,,,,,,,,,,,,0.0,0.04819277108433735,0.13253012048192772,2,3,11.6,7.0,932,577,115,,,,,,,,,,,,,,,,1.0,54.0,0.0,16.0,16.0,460.0,-0.0625,,,,,,,-1.5537999999999954,,,,,,,0.0,1.0,1.0,0.08333333333333333,0.25,0.0,,,
158,202305010502,1,0,1,8,1,1,2,11,0,0,0,0,1,0,1,4,0,0,1,4,0,0,0,0,0,0,0,2,0,0,0,1,0,0,0,0,0.0,0.0,8.0,11.0,39.6,1.6,0.06666666666666667,0.0,0.0,6.0,12.0,39.6,2.5,0.3125,0.0,0.0,2.0,4.0,37.3,0.7,0.125,-3.5,2.0,200.0,0.05084745762711865,0.15819209039548024,5,10,5.2,2.0,1601,1393,239,,,,,,,,,,,,,,,-3.5,0.0,54.0,-91.0,16.0,15.0,416.0,0.0,0.0,0.0,,,1.1500000000000021,0.0,1.6889000000000038,1.6889000000000038,-0.8537999999999997,,,0.10487720627029368,1.0842303978193748,0.0,1.0,0.0,0.07563025210084033,0.29411764705882354,0.0,,-0.08114035087719298,-0.10199418363107604
159,202305010502,0,0,0,0,0,0,0,0,0,0,0,0,0,0,0,0,0,0,0,0,0,0,0,0,0,0,0,0,0,0,0,0,0,0,0,0,0.0,0.0,5.0,16.0,41.8,5.9,0.5625,0.0,0.0,4.0,13.0,39.7,3.9,0.4375,0.0,0.0,7.0,3.0,39.0,1.2,0.125,-6.5,0.0,-200.0,0.0,0.08695652173913043,5,9,3.6,1.0,445,699,760,0.0,0.0,3.0,14.0,39.8,2.9,0.6875,0.0,0.0,1.0,5.0,37.4,0.8,0.0625,-2.1,0.2,54.0,-134.0,16.0,16.0,468.0,0.25,0.125,0.0,0.0625,0.0,0.8700000000000003,0.0,3.727399999999996,1.420500000000004,0.7205000000000013,1.8888999999999996,-0.7537999999999982,0.24366985862022408,1.419295599936813,1.0,3.0,0.3333333333333333,0.1456953642384106,0.33112582781456956,0.0,,,
160,202305010502,0,0,0,0,1,2,0,24,0,0,0,0,0,0,0,0,0,1,0,7,0,0,0,0,0,0,0,0,0,0,0,1,0,0,0,0,0.0,0.0,3.0,10.0,40.9,1.6,0.8181818181818182,0.0,0.0,11.0,14.0,41.8,3.8,0.0625,0.0,0.0,8.0,15.0,41.6,2.2,0.0625,2.5,38.0,100.0,0.0625,0.171875,1,1,39.6,10.0,1475,1183,1645,0.0,0.0,10.0,6.0,36.8,0.8,0.4375,,,,,,,,-1.1,0.0,56.0,-505.0,16.0,11.0,532.0,0.09090909090909091,0.0,0.0,0.0,,1.25,0.0,3.4658999999999978,4.1357,1.9741,-1.3537999999999997,,0.31307733343330807,2.033930923114156,0.0,2.0,0.0,0.017543859649122806,0.03508771929824561,0.0,,,-0.0538498326159732
161,202305010502,2,3,0,9,0,0,0,0,0,0,0,0,0,1,0,2,0,0,0,0,0,0,0,0,0,0,0,0,0,0,0,0,0,0,0,0,0.0,0.0,9.0,10.0,38.0,2.3,0.7333333333333333,0.0,0.0,6.0,7.0,37.9,1.8,0.3125,,,,,,,,-3.0,8.0,200.0,0.0457516339869281,0.16993464052287582,2,4,11.2,6.0,1403,1172,939,,,,,,,,,,,,,,,-3.0,0.0,54.0,-182.0,16.0,15.0,472.0,0.13333333333333333,0.0,,,,0.10000000000000142,0.0,0.08890000000000242,-0.25379999999999825,,,,0.21041666666666664,0.05000000000000071,0.0,1.0,0.0,0.10256410256410256,0.2564102564102564,0.0,,0.06668350593584241,
162,202305010502,1,0,0,3,0,0,0,0,0,0,0,0,1,0,0,2,0,0,0,0,0,0,0,0,0,0,0,2,0,0,0,0,0,0,0,0,0.0,0.0,100.0,8.0,13.7,3.2,0.3,0.0,0.0,70.0,8.0,13.5,4.6,0.7777777777777778,0.0,0.0,170.0,15.0,36.9,2.8,0.3333333333333333,3.5,-10.0,-1480.0,0.028169014084507043,0.08450704225352113,6,12,5.8,3.0,1020,1506,1576,0.0,0.0,90.0,12.0,40.7,3.7,0.9333333333333333,0.0,0.0,,,,,,1.9,0.0,56.0,-595.0,16.0,10.0,510.0,0.2,-0.1111111111111111,0.0,0.0,,-10.440000000000001,0.0,,,1.4407999999999959,1.3074000000000012,,0.2752524094152291,12.67162183779172,-4.0,0.0,,0.0392156862745098,0.0784313725490196,0.0,,0.16294117647058826,0.11538461538461539
163,202305010502,0,0,0,0,0,1,0,2,0,0,0,0,0,0,0,0,0,0,0,0,0,0,0,0,0,0,0,0,0,0,0,0,0,0,0,0,0.0,0.0,5.0,11.0,43.8,3.9,0.45454545454545453,0.0,0.0,15.0,15.0,37.9,3.0,0.75,0.0,0.0,11.0,16.0,37.7,2.9,0.9375,2.5,-7.0,-100.0,0.028985507246376812,0.08695652173913043,3,6,191.1,16.0,1704,1613,1712,0.0,0.0,11.0,11.0,40.7,4.4,0.4666666666666667,0.0,0.0,16.0,9.0,37.4,2.0,0.6875,-0.8,0.0,54.0,-194.0,16.0,11.0,455.0,0.09090909090909091,0.0625,-0.0625,-0.06666666666666667,-0.125,0.9999999999999993,0.0,,0.30859999999999843,-0.12109999999999843,1.0741000000000014,-0.7537999999999982,0.18190600782853178,2.4551985663078244,0.0,1.0,0.0,0.0,0.05555555555555555,0.0,,-0.05263157894736842,0.15076923076923077
164,202305010502,0,2,0,6,1,1,2,11,0,0,0,0,0,1,0,3,0,0,1,4,0,0,0,0,0,0,0,0,0,0,0,1,0,0,0,0,0.0,0.0,5.0,7.0,41.6,1.5,0.5833333333333334,0.0,0.0,12.0,7.0,37.6,1.0,0.625,0.0,0.0,9.0,10.0,41.5,3.1,0.4375,1.5,13.0,0.0,0.0,0.15789473684210525,3,5,19.6,8.0,1674,1393,1428,0.0,0.0,16.0,9.0,39.5,1.7,1.0,0.0,0.0,8.0,10.0,36.6,2.7,0.875,0.8,0.0,54.0,-453.0,16.0,12.0,451.0,0.16666666666666666,0.0625,0.0625,-0.0625,0.0,0.8100000000000002,0.0,3.3205000000000027,-0.3166999999999973,1.8740999999999985,-0.12590000000000146,-1.5537999999999954,0.2042941778688544,2.0165316759227956,0.0,2.0,0.0,0.04054054054054054,0.17567567567567569,0.0,,-0.06413043478260871,-0.10199418363107604
165,202305010502,0,0,0,0,0,0,1,6,0,0,0,0,0,0,0,0,0,0,0,0,0,0,0,0,0,0,0,0,0,0,0,0,0,0,0,0,0.0,0.0,15.0,13.0,40.6,3.5,0.4666666666666667,0.0,0.0,9.0,12.0,40.3,5.0,0.7142857142857143,0.0,0.0,9.0,11.0,37.8,2.7,0.5625,-1.0,6.0,-300.0,0.014705882352941176,0.19117647058823528,7,14,34.1,9.0,885,322,882,,,,,,,,,,,,,,,-1.0,0.0,54.0,-162.0,16.0,15.0,476.0,0.3333333333333333,0.2857142857142857,0.125,,,1.4000000000000021,0.0,1.2073999999999998,0.6740999999999957,-0.35379999999999967,,,0.1019466764663253,1.2552113589175165,0.0,1.0,0.0,0.1134020618556701,0.27835051546391754,0.0,,,-0.020270270270270285
166,202305010502,0,0,0,0,0,0,0,0,0,0,0,0,0,0,0,0,0,0,0,0,0,0,0,0,0,0,0,0,0,0,0,0,0,0,0,0,0.0,0.0,13.0,16.0,40.9,6.5,0.9375,0.0,0.0,11.0,13.0,42.0,5.3,0.5,0.0,0.0,11.0,12.0,37.5,2.8,0.8125,-2.0,0.0,0.0,0.11764705882352941,0.23529411764705882,4,8,55.0,11.0,353,423,377,,,,,,,,,,,,,,,-2.0,0.0,53.0,-127.0,16.0,16.0,512.0,0.0,0.2857142857142857,-0.0625,,,1.6999999999999993,0.0,2.6205,2.3740999999999985,-0.6537999999999968,,,0.1839950180484968,1.9154343864744854,-3.0,2.0,0.0,0.021739130434782608,0.13043478260869565,0.0,,,
167,202305010502,1,1,3,10,3,4,3,27,0,0,0,0,0,0,0,3,0,0,0,6,0,0,0,0,0,0,0,0,0,0,0,1,0,0,0,0,0.0,0.0,7.0,6.0,39.7,0.8,0.5,0.0,0.0,14.0,11.0,35.9,1.0,0.5625,0.0,0.0,14.0,13.0,39.2,3.1,0.3125,3.5,-3.0,200.0,0.041666666666666664,0.0625,8,16,82.7,14.0,1317,1405,1186,,,,,,,,,,,,,,,3.5,0.0,54.0,-516.0,16.0,16.0,395.0,-0.0625,-0.125,0.0,,,0.25,0.0,1.7889000000000053,0.7468999999999966,1.046200000000006,,,0.10622957319984969,1.6858891488535743,0.0,1.0,0.0,0.0,0.0967741935483871,0.0,,-0.09243697478991597,0.04068736141906873
168,202305010502,3,2,2,19,2,2,0,18,1,0,0,0,3,1,1,8,1,1,0,8,1,0,0,0,1,0,1,0,1,0,0,0,1,0,0,0,0.0,0.0,1.0,3.0,43.0,1.2,0.09090909090909091,0.0,0.0,13.0,15.0,38.0,2.4,0.625,0.0,0.0,6.0,10.0,38.7,2.4,0.6666666666666666,3.5,32.0,-600.0,0.03896103896103896,0.18181818181818182,1,2,10.1,5.0,1278,1221,625,0.0,0.0,5.0,14.0,37.6,3.6,1.0,,,,,,,,2.8,0.25,54.0,-531.0,16.0,11.0,528.0,0.0,0.125,-0.06666666666666667,-0.125,,1.5499999999999994,0.0,3.6711000000000027,2.0833999999999975,-0.8466999999999985,-0.5537999999999954,,0.3256405599381924,2.1579793789561563,0.0,1.0,0.0,0.0410958904109589,0.1917808219178082,0.0,,0.010563380281690127,-0.024042553191489374
169,202305010502,0,0,0,1,0,0,0,1,0,0,0,0,0,0,0,1,0,0,0,1,0,0,0,0,0,0,0,0,0,0,0,0,0,0,0,0,0.0,0.0,12.0,12.0,48.6,10.9,0.25,0.0,0.0,15.0,15.0,39.5,4.2,0.4375,,,,,,,,3.0,-2.0,-100.0,0.016,0.072,8,15,159.3,15.0,1203,1686,1393,,,,,,,,,,,,,,,3.0,0.0,54.0,-234.0,16.0,12.0,444.0,0.75,0.1875,,,,9.100000000000001,0.0,,1.3462000000000032,,,,0.09375,4.550000000000001,0.0,1.0,0.0,0.05555555555555555,0.1111111111111111,0.0,,,
170,202305010502,0,0,0,0,0,0,0,0,0,0,0,0,0,0,0,0,0,0,0,0,0,0,0,0,0,0,0,0,0,0,0,0,0,0,0,0,0.0,0.0,1.0,4.0,35.2,0.3,0.8,0.0,0.0,13.0,16.0,39.7,6.3,0.9375,,,,,,,,12.0,-10.0,600.0,0.03333333333333333,0.11666666666666667,7,13,76.6,13.0,1485,1457,1665,,,,,,,,,,,,,,,12.0,0.0,52.0,-522.0,16.0,10.0,494.0,-0.2,0.0625,,,,-4.5,0.0,,1.546200000000006,,,,0.06874999999999998,2.25,-2.0,1.0,0.0,0.029850746268656716,0.16417910447761194,0.0,,,
171,202305010508,0,0,0,4,2,2,0,18,0,0,0,0,0,0,0,1,1,1,0,8,0,0,0,0,0,0,0,0,0,0,0,1,0,0,0,0,0.0,0.0,80.0,7.0,37.5,1.7,0.8125,0.0,0.0,50.0,8.0,36.4,0.9,0.8333333333333334,0.0,0.0,20.0,1.0,36.9,0.0,0.5333333333333333,-3.0,-6.0,-200.0,0.039473684210526314,0.16447368421052633,6,11,11.0,6.0,1426,1221,306,0.0,0.0,20.0,4.0,38.8,0.4,0.07142857142857142,0.0,0.0,30.0,4.0,36.7,0.2,0.26666666666666666,-1.0,0.2,58.0,90.0,16.0,16.0,480.0,0.125,0.0,-0.06666666666666667,0.0,-0.06666666666666667,-0.08000000000000043,0.0,-0.5726000000000013,-1.6726000000000028,-0.9682999999999993,0.9316999999999993,-0.7177000000000007,0.2993114736802517,0.8499411744350301,2.0,0.0,,0.06,0.16,0.0,,0.050843881856540096,-0.024042553191489374
172,202305010508,1,0,3,23,0,0,0,1,0,0,0,0,0,0,0,6,0,0,0,1,0,0,0,0,0,0,0,0,0,0,0,0,0,0,0,0,0.0,0.0,20.0,5.0,37.3,0.8,0.5,0.0,0.0,10.0,6.0,36.8,0.5,0.6,0.0,0.0,10.0,4.0,37.4,1.1,0.26666666666666666,-0.5,-2.0,200.0,0.056451612903225805,0.1693548387096774,8,15,8.7,4.0,1009,1561,298,0.0,0.0,20.0,2.0,37.0,0.3,0.4375,0.0,0.0,10.0,4.0,36.6,0.6,0.3333333333333333,-0.6,0.2,55.0,28.0,16.0,16.0,464.0,-0.25,0.06666666666666667,0.0,0.0,0.0,0.11999999999999886,0.0,-0.6111000000000004,-1.023300000000006,-0.511099999999999,-0.9110999999999976,0.1589000000000027,0.11819240434327598,0.29933259094191444,0.0,0.0,,0.07246376811594203,0.18840579710144928,0.0,,0.11976875706924722,0.038112522686025385
173,202305010508,0,0,0,1,1,2,0,24,0,0,0,0,0,0,0,1,0,1,0,7,0,0,0,0,0,0,0,0,0,0,0,2,0,0,0,0,0.0,0.0,6.0,10.0,36.1,2.0,0.9090909090909091,0.0,0.0,3.0,10.0,39.1,1.8,0.21428571428571427,0.0,0.0,2.0,14.0,43.0,4.8,0.07142857142857142,2.0,0.0,0.0,0.06299212598425197,0.16535433070866143,2,4,3.2,1.0,1401,1183,517,0.0,0.0,1.0,1.0,37.7,0.0,0.06666666666666667,0.0,0.0,1.0,3.0,36.6,0.3,0.375,-2.3,0.4,58.0,-400.0,16.0,11.0,498.0,0.0,0.07142857142857142,0.21428571428571427,0.0,0.0,0.039999999999999855,0.0,0.8087000000000018,0.8205000000000027,3.7905999999999977,-0.5794999999999959,-1.5537999999999954,0.31206669252632824,2.474671695397189,0.0,3.0,0.6666666666666666,0.02631578947368421,0.23684210526315788,0.0,,0.019047619047619035,-0.0538498326159732
174,202305010508,0,0,0,4,0,0,0,0,0,0,0,0,0,0,0,1,0,0,0,0,0,0,0,0,0,0,0,0,0,0,0,0,0,0,0,0,0.0,0.0,2.0,4.0,40.2,1.2,1.0,0.0,0.0,7.0,12.0,38.7,1.7,0.5625,0.0,0.0,8.0,4.0,36.4,0.3,0.5,0.0,2.0,-200.0,0.15025906735751296,0.3471502590673575,3,5,20.9,8.0,1426,1520,306,0.0,0.0,10.0,7.0,36.6,1.6,0.5,0.0,0.0,8.0,13.0,37.2,1.8,0.6875,1.3,0.0,58.0,-516.0,16.0,14.0,496.0,-0.2857142857142857,0.1875,0.0,0.0,0.0,0.8100000000000002,0.0,2.1274000000000015,-0.5093999999999994,-1.7537999999999982,-1.0642999999999958,-0.21770000000000067,0.18791620472966136,1.4372195378577355,2.0,2.0,0.0,0.06521739130434782,0.15217391304347827,0.0,,0.050843881856540096,-0.06363636363636366
175,202305010508,1,0,1,6,0,0,0,0,0,0,0,0,0,0,0,3,0,0,0,0,0,0,0,0,0,0,0,0,0,0,0,0,0,0,0,0,0.0,0.0,110.0,8.0,35.6,1.0,0.23076923076923078,0.0,0.0,110.0,4.0,37.0,1.5,0.46153846153846156,0.0,0.0,120.0,9.0,36.0,1.1,0.5,0.5,2.0,-100.0,0.02857142857142857,0.07142857142857142,1,1,92.7,12.0,1657,244,1317,0.0,0.0,100.0,7.0,35.0,0.8,0.6875,0.0,0.0,130.0,13.0,36.1,1.4,0.6470588235294118,1.3,0.0,54.0,168.0,16.0,13.0,466.0,0.46153846153846156,-0.15384615384615385,0.0,0.0,-0.11764705882352941,0.1,0.0,-0.322499999999998,0.3031999999999968,0.846899999999998,-0.153100000000002,0.45009999999999906,0.16161849070241294,0.6560487786742689,0.0,0.0,,0.11458333333333333,0.28125,0.0,,-0.0393939393939394,
176,202305010508,3,3,5,35,0,1,1,3,0,0,0,0,2,1,2,19,0,0,0,1,0,0,0,0,1,0,1,2,0,0,0,0,0,0,0,0,0.0,0.0,6.0,10.0,36.8,0.6,0.6875,0.0,0.0,5.0,3.0,37.2,0.6,0.2,0.0,0.0,13.0,2.0,36.8,0.6,0.25,-4.0,0.0,200.0,0.024390243902439025,0.12195121951219512,4,8,4.2,2.0,1576,1708,1577,0.0,0.0,14.0,10.0,36.3,0.7,0.1875,0.0,0.0,12.0,10.0,37.5,1.0,0.4375,0.7,0.4,56.0,-574.0,16.0,16.0,500.0,0.0625,0.0,-0.0625,0.0,0.125,-0.05,0.0,-1.1111000000000004,-0.7110999999999947,-1.023300000000006,-1.3643,-0.32330000000000325,0.1899671024151287,0.4069397989875177,-2.0,1.0,0.0,0.08620689655172414,0.3275862068965517,0.0,,-0.03389267477838315,-0.014814814814814836
177,202305010508,0,0,0,3,0,0,1,1,0,0,0,0,0,0,0,1,0,0,1,1,0,0,0,0,0,0,0,0,0,0,0,0,0,0,0,0,0.0,0.0,4.0,12.0,43.9,2.9,0.16666666666666666,0.0,0.0,9.0,9.0,37.5,1.4,0.6363636363636364,0.0,0.0,14.0,8.0,38.4,1.9,0.7333333333333333,-2.0,-16.0,-300.0,0.01744186046511628,0.0755813953488372,7,13,59.2,10.0,1222,1592,1328,0.0,0.0,14.0,10.0,36.8,1.6,0.9375,0.0,0.0,9.0,9.0,37.4,1.3,1.0,-0.5,0.0,58.0,-521.0,16.0,12.0,508.0,0.0,0.18181818181818182,-0.13333333333333333,-0.125,-0.09090909090909091,1.3700000000000003,0.0,4.507399999999997,2.0407999999999973,-1.2259000000000029,-1.1167000000000016,-0.6726000000000028,0.295254050076062,2.6007691170113505,1.0,0.0,,0.12048192771084337,0.30120481927710846,0.0,,-0.05,0.27350427350427353
178,202305010508,1,1,1,8,0,0,0,0,0,0,0,0,0,0,0,4,0,0,0,0,0,0,0,0,0,0,0,1,0,0,0,0,0,0,0,0,0.0,0.0,110.0,12.0,38.9,2.2,0.5625,0.0,0.0,160.0,9.0,37.8,1.3,0.875,0.0,0.0,130.0,13.0,42.5,3.8,0.4666666666666667,0.5,6.0,0.0,0.0425531914893617,0.06382978723404255,6,12,95.8,13.0,1036,1009,1108,0.0,0.0,110.0,11.0,38.3,2.2,0.75,0.0,0.0,130.0,15.0,37.8,3.6,0.6111111111111112,0.8,0.0,58.0,259.0,16.0,16.0,490.0,0.0,-0.0625,0.4666666666666667,-0.125,0.0,0.1700000000000003,0.0,1.2357000000000014,-0.09840000000000515,2.8740999999999985,0.4316999999999993,2.725299999999997,0.1437762321744161,1.767031408888932,2.0,2.0,0.0,0.09523809523809523,0.09523809523809523,1.0,0.0,0.014846891432106407,
179,202305010508,3,3,5,35,0,1,0,2,0,0,0,0,2,1,2,19,0,1,0,0,0,0,0,0,1,0,1,2,0,0,0,0,0,0,0,0,0.0,0.0,8.0,9.0,41.0,1.3,0.18181818181818182,0.0,0.0,13.0,14.0,38.1,2.1,0.9333333333333333,0.0,0.0,13.0,10.0,36.5,2.2,0.4375,0.5,10.0,0.0,0.07048458149779736,0.27312775330396477,5,9,6.0,3.0,1576,1271,1577,0.0,0.0,6.0,10.0,38.5,1.3,0.26666666666666666,0.0,0.0,3.0,9.0,36.5,0.9,0.875,-0.4,0.0,56.0,-385.0,16.0,11.0,508.0,0.09090909090909091,0.0,0.0,0.0,-0.0625,0.8600000000000001,0.0,2.846200000000003,0.18890000000000384,-1.1642999999999972,0.22050000000000125,-1.6537999999999968,0.30998104151276257,1.6545694303957148,4.0,4.0,0.0,0.04,0.12,0.0,,-0.03389267477838315,-0.04273504273504275
180,202305010508,0,1,0,1,1,3,0,28,0,1,0,0,0,0,0,1,1,1,0,8,0,0,0,0,0,0,0,0,0,0,0,1,0,0,0,0,0.0,0.0,160.0,15.0,36.7,2.2,1.0,0.0,0.0,80.0,10.0,38.6,1.3,0.7333333333333333,0.0,0.0,100.0,5.0,36.2,1.3,0.75,-5.0,0.0,200.0,0.022727272727272728,0.13636363636363635,4,7,82.1,11.0,1554,1556,322,0.0,0.0,90.0,3.0,35.3,0.5,0.75,0.0,0.0,80.0,8.0,35.7,0.7,0.9333333333333333,-2.1,0.2,58.0,-575.0,16.0,16.0,466.0,0.0,0.0,-0.0625,0.0,0.0,0.5300000000000005,0.0,-1.2110999999999947,-1.0259,-2.079499999999996,-2.8537999999999997,-2.2110999999999947,0.11105554165971789,1.1506519890914026,0.0,2.0,0.5,0.05405405405405406,0.16216216216216217,0.0,,-0.10483870967741937,-0.01480214466629387
181,202305010508,3,0,0,8,1,1,2,11,0,0,0,0,0,0,0,2,0,0,1,4,0,0,0,0,0,0,0,1,0,0,0,0,0,0,0,0,0.0,0.0,7.0,7.0,33.8,1.6,0.45454545454545453,0.0,0.0,13.0,13.0,37.6,2.8,0.23076923076923078,0.0,0.0,10.0,9.0,39.7,3.7,0.3,1.0,9.0,0.0,0.07692307692307693,0.12307692307692308,2,3,405.3,16.0,1605,1393,1,0.0,0.0,13.0,14.0,37.6,1.4,0.9333333333333333,0.0,0.0,16.0,11.0,36.2,1.0,1.0,0.9,0.0,58.0,-527.0,16.0,11.0,493.0,0.18181818181818182,0.6153846153846154,0.2,0.0,-0.0625,-0.48000000000000115,0.0,-3.8643,2.1407999999999987,0.6613000000000042,-0.22109999999999985,-1.953799999999994,0.32164448320382133,1.9436048981210166,3.0,2.0,0.0,0.1,0.1,0.0,,0.056687605331699115,-0.10199418363107604
182,202305010508,5,1,0,17,2,4,3,19,0,0,0,0,3,1,0,10,0,1,0,5,0,0,0,0,0,0,0,3,0,0,0,0,0,0,0,0,0.0,0.0,10.0,15.0,39.4,2.3,0.1875,0.0,0.0,5.0,14.0,36.9,2.4,0.5714285714285714,0.0,0.0,4.0,1.0,34.8,0.0,0.14285714285714285,-7.0,-4.0,200.0,,,8,16,11.2,7.0,1716,1294,1167,0.0,0.0,7.0,4.0,37.7,0.4,0.1875,0.0,0.0,3.0,4.0,37.9,1.3,0.14285714285714285,-3.2,0.2,56.0,-420.0,16.0,16.0,496.0,0.0,0.14285714285714285,0.0,0.0625,0.0,0.21999999999999958,0.0,1.5788999999999973,0.45889999999999986,-1.0977000000000032,-0.12330000000000041,0.48229999999999507,0.16372185846360132,1.5054567413247057,0.0,0.0,,0.041666666666666664,0.19444444444444445,0.0,,0.03502141597379693,0.05268199233716475
183,202305010508,0,0,0,2,4,4,2,22,0,0,0,0,0,0,0,1,0,2,1,7,0,0,0,0,0,0,0,0,0,1,0,0,0,0,0,0,0.0,0.0,1.0,1.0,38.7,0.0,0.2,0.0,0.0,15.0,15.0,38.9,2.3,0.6666666666666666,0.0,0.0,11.0,9.0,36.3,1.3,1.0,4.0,8.0,100.0,0.0,0.16666666666666666,3,6,382.4,15.0,1270,1558,969,0.0,0.0,11.0,7.0,35.9,0.8,0.8181818181818182,0.0,0.0,11.0,10.0,35.5,1.4,0.5454545454545454,1.0,0.2,56.0,-526.0,16.0,10.0,428.0,-0.1,0.0,0.0,0.0,0.0,0.9400000000000006,0.0,1.265900000000002,0.988900000000001,-0.14110000000000156,-0.37420000000000186,0.346899999999998,0.26996853879212923,1.444437606821424,4.0,0.0,,0.018867924528301886,0.09433962264150944,0.0,,-0.07529411764705882,0.0611517126001585
184,202305010508,0,0,0,2,0,0,1,2,0,0,0,1,0,0,0,1,0,0,1,2,0,0,0,1,0,0,0,0,0,0,0,0,0,0,0,0,0.0,0.0,5.0,12.0,47.7,10.5,0.25,0.0,0.0,4.0,9.0,38.6,1.1,0.1875,0.0,0.0,5.0,14.0,39.5,2.0,0.0625,1.0,-4.0,0.0,0.05113636363636364,0.1590909090909091,5,10,8.7,5.0,1672,1300,1167,0.0,0.0,6.0,6.0,38.1,0.6,0.06666666666666667,0.0,0.0,5.0,6.0,38.4,1.3,0.2727272727272727,-1.5,0.0,58.0,-183.0,16.0,12.0,558.0,0.75,0.0,0.0,0.0,0.0,1.9100000000000008,0.0,10.035700000000006,0.6889000000000038,1.3462000000000032,-0.17949999999999733,0.12049999999999983,0.08884894218328698,3.6499863013441582,2.0,4.0,0.0,0.07627118644067797,0.2966101694915254,0.0,,0.13333333333333336,-0.01785714285714285
185,202305010508,1,0,1,6,0,0,0,1,0,0,0,0,0,0,0,3,0,0,0,0,0,0,0,0,0,0,0,0,0,0,0,0,0,0,0,0,0.0,0.0,20.0,1.0,39.6,0.0,0.9,0.0,0.0,170.0,18.0,36.0,3.3,0.9444444444444444,0.0,0.0,120.0,10.0,41.4,3.7,0.9166666666666666,4.5,0.0,-100.0,0.0,0.07142857142857142,1,2,255.4,14.0,1657,527,1317,0.0,0.0,,,,,,0.0,0.0,140.0,15.0,37.2,2.1,0.9375,3.4,0.25,58.0,-533.0,16.0,10.0,440.0,-0.5,0.0,0.08333333333333333,,0.0,0.17999999999999972,0.0,,0.9253,1.8532999999999973,,-0.953799999999994,0.01752354566797991,2.09463600656534,2.0,1.0,0.0,0.0,0.0425531914893617,0.0,,-0.0393939393939394,
186,202305010508,0,2,0,6,2,1,4,41,0,0,0,0,0,0,0,2,1,0,0,11,0,0,0,0,0,0,0,0,1,0,0,3,0,0,0,0,0.0,0.0,16.0,13.0,36.7,1.4,0.4375,0.0,0.0,15.0,16.0,39.9,2.9,0.1875,0.0,0.0,9.0,16.0,38.9,2.2,0.1875,1.5,6.0,200.0,0.10256410256410256,0.38461538461538464,7,14,38.0,9.0,1098,1263,1294,0.0,0.0,1.0,1.0,39.0,0.0,0.2857142857142857,0.0,0.0,8.0,6.0,35.2,0.4,0.23076923076923078,-2.9,0.2,56.0,-176.0,16.0,16.0,470.0,0.0,0.0,0.0,0.0,0.0,0.38999999999999985,0.0,0.6052000000000035,1.6204999999999998,0.7462000000000018,0.7205000000000013,-0.7224999999999966,0.09313044992274906,1.728120366178234,3.0,3.0,0.3333333333333333,0.07407407407407407,0.2037037037037037,0.0,,0.056540649046503855,0.03282493368700265
187,202305010601,1,1,5,34,4,3,6,31,1,0,0,2,0,0,0,6,1,0,2,10,0,0,0,0,0,0,0,0,1,0,1,5,0,0,0,0,0.0,0.0,10.0,8.0,37.8,1.4,0.6666666666666666,0.0,0.0,9.0,14.0,37.1,1.9,0.75,0.0,0.0,6.0,4.0,40.6,1.0,0.5,-2.0,-4.0,-300.0,0.09523809523809523,0.38095238095238093,7,13,1.5,1.0,1691,1428,1167,0.0,0.0,4.0,7.0,37.9,1.5,0.9166666666666666,0.0,0.0,7.0,4.0,38.0,0.2,0.7142857142857143,-1.5,0.0,56.0,-517.0,16.0,12.0,462.0,0.0,0.0,0.0,0.0,0.0,-0.12000000000000029,0.0,-1.5926000000000045,-0.5594999999999999,0.6769000000000034,-0.6215000000000046,-0.8128000000000029,0.1343920551587627,1.2023310692151314,-2.0,0.0,,0.125,0.3,0.0,,-0.0021298174442190843,0.035063785856500246
188,202305010601,2,0,1,7,1,2,0,18,0,0,0,0,0,0,0,0,0,0,0,5,0,0,0,0,0,0,0,0,0,0,0,3,0,0,0,0,0.0,0.0,4.0,11.0,40.8,2.9,0.8461538461538461,0.0,0.0,7.0,9.0,37.8,1.3,0.9166666666666666,0.0,0.0,11.0,10.0,34.8,1.2,0.8125,-0.5,-5.0,-200.0,0.109375,0.265625,8,15,3.9,2.0,1467,1503,336,0.0,0.0,9.0,7.0,37.0,1.1,0.8666666666666667,0.0,0.0,7.0,13.0,38.0,1.8,0.375,0.2,0.0,56.0,-569.0,16.0,13.0,503.0,0.0,-0.16666666666666666,-0.125,0.0,0.0,0.6399999999999991,0.0,3.5448999999999984,-1.409400000000005,-2.8643,-1.2794999999999987,-0.27949999999999875,0.1971132895448386,1.9291448882859992,0.0,3.0,0.0,0.14,0.32,1.0,0.0,0.12021857923497267,0.016511867905056737
189,202305010601,1,0,0,2,0,1,1,7,0,0,0,0,0,0,0,1,0,1,0,4,0,0,0,0,0,0,0,0,0,0,0,2,0,0,0,0,0.0,0.0,6.0,1.0,38.3,0.0,0.8,0.0,0.0,9.0,,,,,0.0,0.0,4.0,14.0,38.2,2.1,0.7333333333333333,13.0,6.0,0.0,0.045454545454545456,0.16883116883116883,4,8,8.1,3.0,1064,1448,1556,0.0,0.0,2.0,2.0,36.9,0.7,0.8125,0.0,0.0,2.0,7.0,38.4,1.9,0.5625,0.6,0.5,56.0,-522.0,16.0,10.0,478.0,-0.6,,0.0,-0.375,0.0,0.1,0.0,0.02049999999999841,,0.28890000000000526,-0.5341000000000022,0.12049999999999983,0.09967394761588073,0.6103277807866854,0.0,2.0,0.5,0.05128205128205128,0.15384615384615385,0.0,,0.07142857142857142,0.036324786324786335
190,202305010601,1,0,0,2,2,1,0,21,0,0,0,0,0,0,0,1,0,1,0,8,0,0,0,0,0,0,0,0,0,1,0,3,0,0,0,0,0.0,0.0,3.0,2.0,40.2,0.1,0.2727272727272727,0.0,0.0,4.0,6.0,36.8,1.3,0.25,0.0,0.0,12.0,6.0,36.0,0.3,0.125,2.0,2.0,0.0,0.046511627906976744,0.13953488372093023,3,5,36.0,7.0,1064,1014,1556,0.0,0.0,3.0,8.0,37.7,1.4,0.25,0.0,0.0,4.0,8.0,38.8,1.7,0.0625,1.4,0.2,56.0,-430.0,16.0,11.0,444.0,-0.09090909090909091,0.0,0.0,0.0625,0.0,0.19000000000000056,0.0,1.920500000000004,0.35889999999999844,0.846899999999998,0.265900000000002,0.9788999999999959,0.08307121310225939,1.4805404418657406,0.0,1.0,1.0,0.08,0.26,0.0,,0.07142857142857142,-0.001984126984126977
191,202305010601,1,3,0,16,1,0,0,6,0,0,0,0,1,0,0,5,0,0,0,2,0,0,0,0,1,0,0,2,0,0,0,0,0,0,0,0,0.0,0.0,50.0,6.0,36.5,1.4,0.5,0.0,0.0,60.0,7.0,34.0,0.8,0.8666666666666667,0.0,0.0,30.0,8.0,34.9,0.8,0.2,1.0,-2.0,-400.0,0.03731343283582089,0.1791044776119403,5,9,20.7,5.0,1736,1313,1482,0.0,0.0,60.0,3.0,35.2,1.7,0.4117647058823529,,,,,,,,-0.8,0.25,56.0,64.0,16.0,16.0,444.0,-0.0625,0.0,0.1,0.0,,0.29999999999999927,0.0,1.0407999999999973,-1.0747,-0.1747000000000014,-0.2591999999999999,,0.24089085191738932,0.895823643358446,1.0,0.0,,0.018518518518518517,0.09259259259259259,0.0,,0.028891202498698587,0.0905448717948718
192,202305010601,0,0,1,2,1,6,3,26,0,0,0,0,0,0,0,2,0,1,0,7,0,0,0,0,0,0,0,1,0,1,0,4,0,0,0,0,0.0,0.0,40.0,80.0,38.5,2.9,0.8888888888888888,0.0,0.0,30.0,120.0,37.4,1.9,0.8,0.0,0.0,40.0,20.0,37.6,0.3,0.25,-30.0,16.0,0.0,0.05511811023622047,0.1732283464566929,8,16,104.4,8.0,1579,1559,1605,0.0,0.0,80.0,60.0,37.6,1.6,0.375,0.0,0.0,70.0,90.0,38.6,2.5,0.625,-4.0,0.0,53.0,-402.0,16.0,9.0,454.0,-0.1111111111111111,-0.06666666666666667,0.0,-0.1875,0.0625,-0.04000000000000057,0.0,0.22050000000000125,-0.4211000000000027,-0.22109999999999985,-0.0642999999999958,0.6889000000000038,0.2434994359513836,0.5043808085167399,-1.0,2.0,0.0,0.0743801652892562,0.2975206611570248,1.0,0.0,,0.07049897869857018
193,202305010601,2,1,0,13,0,0,0,2,0,0,0,0,0,0,0,3,0,0,0,0,0,0,0,0,0,0,0,2,0,0,0,0,0,0,0,0,0.0,0.0,3.0,4.0,36.8,0.8,0.7272727272727273,0.0,0.0,14.0,14.0,39.2,3.5,0.375,0.0,0.0,7.0,16.0,36.6,3.2,1.0,6.0,24.0,500.0,0.014492753623188406,0.18840579710144928,1,1,17.4,4.0,1672,1242,1167,0.0,0.0,5.0,15.0,39.0,3.4,0.9375,0.0,0.0,4.0,7.0,36.8,2.0,0.8125,0.7,0.0,54.0,-532.0,16.0,11.0,444.0,-0.18181818181818182,0.1875,0.0,0.0,0.0,0.020000000000000285,0.0,,0.9205000000000041,1.4468999999999994,1.3083000000000027,-0.8643000000000001,0.21936822321241492,1.1634431657799205,1.0,2.0,0.0,0.03896103896103896,0.12987012987012986,1.0,0.0,0.13333333333333336,0.2
194,202305010601,0,0,0,1,3,5,2,33,0,0,0,0,0,0,0,1,1,1,1,14,0,0,0,0,0,0,0,1,1,0,0,6,0,0,0,0,0.0,0.0,13.0,15.0,38.1,1.6,0.8125,0.0,0.0,8.0,3.0,36.8,0.3,0.7333333333333333,0.0,0.0,11.0,2.0,36.8,0.1,0.6,-6.5,25.0,200.0,0.0379746835443038,0.17721518987341772,7,14,279.8,13.0,1600,1558,680,0.0,0.0,15.0,10.0,40.0,3.5,0.8125,0.0,0.0,10.0,9.0,40.1,2.7,0.8125,-0.5000000000000001,0.4,56.0,-514.0,16.0,16.0,491.0,0.0625,0.0,-0.06666666666666667,-0.0625,-0.125,-0.7200000000000003,0.0,0.18890000000000384,-1.1111000000000004,-1.1111000000000004,1.9273999999999987,0.47409999999999997,0.08295748576496545,1.4595889832415165,0.0,0.0,,0.022727272727272728,0.18181818181818182,0.0,,0.05844155844155843,0.0611517126001585
195,202305010601,2,2,1,17,2,1,0,21,0,0,0,1,0,0,0,4,0,1,0,8,0,0,0,0,0,0,0,1,0,1,0,3,0,0,0,0,0.0,0.0,4.0,5.0,41.4,1.5,0.4,0.0,0.0,14.0,18.0,36.4,3.3,1.0,0.0,0.0,12.0,11.0,38.2,1.0,0.26666666666666666,3.0,16.0,-200.0,0.05056179775280899,0.15730337078651685,5,10,131.4,10.0,1304,1014,1503,0.0,0.0,13.0,8.0,37.9,2.2,0.9375,0.0,0.0,13.0,10.0,39.1,2.3,0.4375,0.0,0.0,56.0,-532.0,16.0,10.0,548.0,0.1,0.0,0.13333333333333333,0.0,0.4375,0.30999999999999944,0.0,3.3273999999999972,0.48339999999999606,-0.32150000000000034,-0.6215000000000046,0.28719999999999857,0.3003585819945516,1.6480291259562132,0.0,0.0,,0.14285714285714285,0.3246753246753247,0.0,,0.005261979399910438,-0.001984126984126977
196,202305010601,0,0,0,1,4,3,6,31,0,0,0,0,0,0,0,0,1,0,2,10,0,0,0,0,0,0,0,0,1,0,1,5,0,0,0,0,0.0,0.0,7.0,7.0,41.1,5.3,1.0,0.0,0.0,15.0,11.0,36.7,2.3,0.8125,0.0,0.0,16.0,13.0,39.6,3.6,0.8125,3.0,6.0,0.0,0.0,0.06666666666666667,6,12,738.0,16.0,1246,1428,533,0.0,0.0,12.0,12.0,36.3,4.5,1.0,0.0,0.0,9.0,8.0,34.5,1.5,0.8888888888888888,0.3,0.0,54.0,-316.0,16.0,7.0,410.0,0.0,0.0625,0.0,0.0,0.0,1.3600000000000008,0.0,2.9462000000000046,1.2408000000000001,1.3205000000000027,1.2252999999999972,-0.8654000000000011,0.08413961794922756,2.3812601705819554,-2.0,2.0,0.0,0.02040816326530612,0.16326530612244897,0.0,,,0.035063785856500246
197,202305010601,0,2,1,16,5,3,4,58,0,0,0,0,0,0,0,8,0,2,2,22,0,0,0,0,0,0,0,5,0,0,1,4,0,0,0,0,0.0,0.0,2.0,6.0,43.8,3.4,0.2857142857142857,0.0,0.0,14.0,16.0,36.8,2.0,0.5,0.0,0.0,15.0,14.0,37.4,3.1,0.625,4.0,13.0,0.0,0.14606741573033707,0.3539325842696629,3,6,22.6,6.0,1431,1013,1428,0.0,0.0,14.0,10.0,38.8,2.6,0.4,0.0,0.0,6.0,11.0,38.5,3.2,0.75,0.4,0.0,54.0,-268.0,16.0,7.0,465.0,0.14285714285714285,0.1111111111111111,0.0,-0.06666666666666667,-0.125,0.8599999999999994,0.0,6.1357,1.6935000000000002,-0.03410000000000224,0.8888999999999996,0.8357000000000028,0.16328265213976628,2.4783865719455465,0.0,2.0,0.0,0.09433962264150944,0.2641509433962264,2.0,0.0,-0.03118137900746598,-0.045033397974574424
198,202305010601,2,0,1,7,1,6,3,26,0,0,0,0,0,0,0,0,0,1,0,7,0,0,0,0,0,0,0,0,0,1,0,4,0,0,0,0,0.0,0.0,2.0,9.0,39.4,2.4,0.3,0.0,0.0,11.0,12.0,39.6,4.1,0.5,0.0,0.0,7.0,11.0,39.8,2.0,0.1875,1.0,12.0,580.0,0.04081632653061224,0.061224489795918366,4,7,263.7,11.0,1467,1559,336,0.0,0.0,5.0,10.0,35.3,1.5,0.25,,,,,,,,0.2,0.0,54.0,-213.0,16.0,10.0,438.0,0.2,0.0,0.0,0.16666666666666666,,1.2100000000000009,0.0,,1.9357000000000042,1.9788999999999959,0.036599999999999966,,0.11705200500205026,1.8673175948402572,0.0,1.0,0.0,0.3333333333333333,0.5,1.0,0.0,0.12021857923497267,0.07049897869857018
199,202305010601,0,0,0,0,1,0,1,11,0,0,0,0,0,0,0,0,0,0,0,6,0,0,0,0,0,0,0,0,0,0,0,1,0,0,0,0,0.0,0.0,3.0,3.0,40.3,1.4,0.7272727272727273,0.0,0.0,14.0,11.0,38.3,2.1,0.5625,0.0,0.0,9.0,13.0,38.4,4.2,0.875,5.0,11.0,-100.0,0.06930693069306931,0.19306930693069307,1,2,104.9,9.0,1632,770,1167,0.0,0.0,9.0,12.0,35.5,1.3,0.3125,,,,,,,,2.9,0.25,56.0,-471.0,16.0,11.0,479.0,0.09090909090909091,0.0625,0.0,0.25,,1.429999999999999,0.0,,-0.7387000000000015,0.7357000000000014,0.2366000000000028,,0.20880198664787455,1.7122718826167753,0.0,1.0,0.0,0.09302325581395349,0.20930232558139536,1.0,0.0,,-0.0016447368421052544
200,202305010601,0,1,0,9,0,0,0,3,0,0,0,0,0,0,0,5,0,0,0,0,0,0,0,0,0,0,0,2,0,0,0,0,0,0,0,0,0.0,0.0,8.0,8.0,41.3,5.9,0.75,0.0,0.0,11.0,11.0,35.9,2.1,0.4166666666666667,0.0,0.0,14.0,12.0,38.4,3.1,0.625,2.0,-42.0,100.0,0.09285714285714286,0.29285714285714287,2,4,264.2,12.0,1204,1620,1221,0.0,0.0,12.0,14.0,40.0,4.5,0.5,0.0,0.0,9.0,14.0,42.7,6.8,0.8,1.5,0.0,56.0,-198.0,16.0,8.0,446.0,0.25,0.16666666666666666,0.0625,0.0,0.13333333333333333,-0.6900000000000013,0.0,3.708599999999997,0.44079999999999586,0.5766999999999953,2.3357000000000028,3.1533000000000015,0.144952099367726,2.356777460856244,0.0,1.0,0.0,0.09090909090909091,0.20454545454545456,1.0,0.0,-0.10755148741418766,0.058823529411764705
201,202305010601,1,1,0,5,0,0,0,0,0,0,0,0,0,0,0,3,0,0,0,0,0,0,0,0,0,0,0,2,0,0,0,0,0,0,0,0,0.0,0.0,9.0,10.0,40.9,3.9,0.3,0.0,0.0,12.0,15.0,33.8,0.9,0.5,0.0,0.0,11.0,7.0,33.6,1.1,0.5625,-1.5,24.0,400.0,0.015873015873015872,0.07142857142857142,6,11,580.2,14.0,1343,336,1428,0.0,0.0,14.0,15.0,41.3,5.3,0.125,0.0,0.0,16.0,13.0,35.1,2.4,0.2777777777777778,0.6,0.0,54.0,-506.0,16.0,10.0,450.0,0.2,,,0.0625,,0.4099999999999994,0.0,4.625799999999998,0.25659999999999883,0.05660000000000309,3.6357,1.556600000000003,0.15871396742816973,3.4377899877683036,-1.0,1.0,0.0,0.020833333333333332,0.14583333333333334,1.0,0.0,-0.12740384615384615,
202,202305010601,0,0,0,1,3,1,5,37,0,0,0,0,0,0,0,1,2,1,1,13,0,0,0,0,0,0,0,1,1,0,1,5,0,0,0,0,0.0,0.0,10.0,10.0,42.2,5.0,0.9090909090909091,0.0,0.0,15.0,16.0,37.9,5.3,1.0,0.0,0.0,16.0,16.0,39.4,5.6,1.0,3.0,9.0,100.0,0.07575757575757576,0.12121212121212122,2,3,676.2,15.0,1701,1345,1167,,,,,,,,,,,,,,,3.0,0.0,56.0,-113.0,16.0,11.0,463.0,0.0,0.0,0.0,,,1.4000000000000021,0.0,4.608600000000003,0.23570000000000135,3.6625999999999976,,,0.04285495643554835,1.7820088539498231,0.0,1.0,0.0,0.09574468085106383,0.23404255319148937,1.0,0.0,,-0.02467151904716891
203,202305010610,2,0,0,15,4,2,1,17,0,0,0,1,2,0,0,5,0,1,1,3,0,0,0,0,0,0,0,0,0,0,0,0,0,0,0,0,0.0,0.0,60.0,10.0,38.8,1.5,0.625,0.0,0.0,20.0,8.0,35.5,0.4,0.9333333333333333,0.0,0.0,50.0,1.0,34.3,0.0,1.0,-4.5,2.0,-500.0,0.05063291139240506,0.26582278481012656,3,5,6.4,3.0,1657,1618,1317,0.0,0.0,10.0,1.0,37.0,0.0,1.0,0.0,0.0,30.0,1.0,37.0,0.0,0.6666666666666666,-2.5,0.6,57.0,134.0,16.0,16.0,478.0,0.25,0.06666666666666667,0.0,-0.8333333333333334,-0.08333333333333333,0.20999999999999944,0.0,-0.4177999999999997,-2.5726000000000013,-3.6524,-2.6259000000000015,-2.6259000000000015,0.16495790708878164,1.5249918032566598,4.0,0.0,,0.18181818181818182,0.6363636363636364,0.0,,-0.0393939393939394,0.06466540104413859
204,202305010610,1,9,5,30,8,5,5,44,0,0,1,1,0,2,2,16,1,1,2,10,0,0,1,0,0,1,0,0,0,0,0,0,0,0,0,0,0.0,0.0,11.0,2.0,35.6,0.2,0.75,0.0,0.0,12.0,12.0,35.1,1.4,0.4666666666666667,0.0,0.0,8.0,11.0,34.2,0.6,0.6153846153846154,4.5,6.0,0.0,0.04918032786885246,0.3114754098360656,8,15,66.3,11.0,1172,1167,1556,0.0,0.0,13.0,12.0,34.6,0.8,0.42857142857142855,0.0,0.0,15.0,14.0,36.8,2.6,1.0,2.4,0.2,60.0,0.0,16.0,16.0,496.0,0.0,-0.13333333333333333,0.23076923076923078,-0.14285714285714285,0.0,-0.18999999999999914,0.0,-2.064299999999996,0.025300000000001432,-0.8746999999999971,-0.47469999999999857,1.3407999999999944,0.20799874029036106,0.9024411338142765,0.0,1.0,1.0,0.1,0.2,1.0,1.0,0.01460869565217393,0.019083827201908404
205,202305010610,5,3,2,43,0,1,1,3,0,0,0,0,3,1,0,18,0,0,0,0,0,0,0,0,0,0,0,1,0,0,0,0,0,0,0,0,0.0,0.0,5.0,10.0,38.1,1.2,0.3076923076923077,0.0,0.0,3.0,13.0,37.5,1.3,0.75,0.0,0.0,4.0,8.0,38.4,1.8,0.4375,-1.0,4.0,0.0,0.1,0.375,7,14,18.4,7.0,1520,1239,695,0.0,0.0,1.0,4.0,36.5,0.3,0.26666666666666666,0.0,0.0,7.0,3.0,36.6,0.5,0.5,-2.3,0.2,56.0,-294.0,16.0,13.0,470.0,0.0,0.25,0.0,0.0,0.0625,0.4,0.0,-0.17949999999999733,-0.6537999999999968,0.7357000000000014,-1.7794999999999987,-1.0642999999999958,0.17116700227934273,0.7678541528180982,2.0,5.0,0.2,0.09090909090909091,0.36363636363636365,2.0,0.5,0.0023270846800258482,-0.031620553359683834
206,202305010610,13,9,10,66,0,0,1,18,0,0,0,0,6,4,6,29,0,0,1,8,0,0,0,0,0,0,0,0,0,0,0,0,0,0,0,0,0.0,0.0,20.0,1.0,35.9,0.0,0.3125,0.0,0.0,10.0,1.0,36.6,0.0,0.5,0.0,0.0,20.0,2.0,36.3,0.8,0.5,0.5,6.0,100.0,0.2517985611510791,0.5179856115107914,6,12,2.0,1.0,1576,1393,1577,0.0,0.0,10.0,1.0,36.9,0.0,0.3125,0.0,0.0,10.0,2.0,37.8,0.2,0.1875,0.2,1.0,58.0,105.0,16.0,16.0,468.0,0.0,-0.0625,-0.0625,0.25,-0.0625,-0.4099999999999994,0.0,-1.6914000000000016,-1.5337999999999994,-1.9795000000000016,-1.3795000000000002,-0.4795000000000016,0.12119199643540823,0.6418722614352481,3.0,4.0,1.0,0.11940298507462686,0.2537313432835821,0.0,,-0.03389267477838315,-0.10199418363107604
207,202305010610,0,0,0,0,0,0,0,0,0,0,0,0,0,0,0,0,0,0,0,0,0,0,0,0,0,0,0,0,0,0,0,0,0,0,0,0,0.0,0.0,3.0,6.0,40.5,3.0,0.8333333333333334,0.0,0.0,9.0,11.0,36.4,1.5,0.8125,0.0,0.0,10.0,5.0,37.3,1.1,0.4375,-0.5,-21.0,-200.0,0.0,0.0,4,7,52.4,10.0,262,845,939,0.0,0.0,8.0,11.0,36.7,1.9,0.5,0.0,0.0,11.0,9.0,35.7,0.9,0.6875,0.6,0.0,58.0,-525.0,16.0,6.0,497.0,0.0,0.0625,-0.125,0.0,-0.0625,0.929999999999999,0.0,3.2449000000000012,-1.8795000000000002,-0.36430000000000007,-1.579499999999996,-2.3725999999999985,0.16061946056163653,1.6714065932620938,2.0,3.0,0.0,0.08333333333333333,0.4166666666666667,1.0,0.0,,
208,202305010610,1,0,1,1,0,0,0,0,0,0,0,0,0,0,1,0,0,0,0,0,0,0,0,0,0,0,0,0,0,0,0,0,0,0,0,0,0.0,0.0,,,,,,0.0,0.0,150.0,10.0,36.9,1.0,0.9375,0.0,0.0,110.0,14.0,37.8,3.5,0.9375,4.0,,-400.0,0.02531645569620253,0.10759493670886076,5,9,152.1,13.0,882,851,695,0.0,0.0,130.0,6.0,37.3,1.1,0.5625,0.0,0.0,150.0,16.0,44.2,6.1,0.125,1.0,0.0,59.0,-379.0,16.0,14.0,,,-0.125,0.0,-0.25,0.25,-2.1400000000000015,0.0,,-1.2537999999999982,-0.11110000000000042,-0.36430000000000007,4.915300000000002,0.3347544575879461,2.990401310861138,2.0,2.0,0.0,0.0,0.08333333333333333,1.0,0.0,-0.06565656565656564,
209,202305010610,0,0,1,17,0,0,1,18,0,0,0,1,0,0,1,7,0,0,1,8,0,0,0,1,0,0,0,0,0,0,0,0,0,0,0,0,0.0,0.0,,,,,,0.0,0.0,80.0,6.0,13.5,3.7,0.25,0.0,0.0,110.0,8.0,13.9,7.2,0.23076923076923078,2.0,,0.0,0.07017543859649122,0.2719298245614035,1,2,10.1,4.0,1601,1393,239,0.0,0.0,110.0,15.0,39.3,1.8,0.0625,0.0,0.0,140.0,9.0,38.0,1.8,0.75,1.6,0.0,58.0,-454.0,16.0,11.0,,,0.16666666666666666,0.3076923076923077,0.0,0.0,-9.89,0.0,,,,1.1462000000000003,0.3357000000000028,0.25691650494674967,12.48426509651249,2.0,3.0,0.0,0.05263157894736842,0.3157894736842105,1.0,0.0,-0.08114035087719298,-0.10199418363107604
210,202305010610,1,0,1,1,0,0,0,0,0,0,0,0,0,0,1,0,0,0,0,0,0,0,0,0,0,0,0,0,0,0,0,0,0,0,0,0,0.0,0.0,2.0,8.0,37.9,1.3,0.1875,0.0,0.0,2.0,1.0,36.8,0.0,0.1875,0.0,0.0,2.0,4.0,35.3,0.4,1.0,-2.0,-2.0,0.0,0.0,0.0,8,16,5.2,2.0,882,969,695,0.0,0.0,2.0,2.0,36.2,0.0,0.5,0.0,0.0,1.0,6.0,37.4,0.6,0.8125,-0.3,0.4,56.0,0.0,16.0,16.0,478.0,0.0,0.0625,-0.07142857142857142,0.0,-0.0625,0.15999999999999942,0.0,0.23570000000000135,-1.4795000000000016,-2.8537999999999997,-2.079499999999996,-0.8795000000000002,0.32739502134271986,0.9108238029388559,0.0,5.0,0.4,0.0,0.14285714285714285,1.0,0.0,-0.06565656565656564,
211,202305010610,8,5,3,34,6,1,7,45,2,1,0,1,2,1,2,9,1,0,1,15,0,0,0,1,0,0,0,0,0,0,0,0,0,0,0,0,0.0,0.0,7.0,5.0,39.7,1.4,0.75,0.0,0.0,14.0,9.0,37.7,1.5,0.3125,0.0,0.0,11.0,11.0,36.4,1.2,0.7857142857142857,3.0,0.0,0.0,0.047058823529411764,0.1411764705882353,7,13,214.2,14.0,1716,1183,1167,0.0,0.0,9.0,11.0,36.6,1.0,0.35714285714285715,0.0,0.0,15.0,13.0,35.9,1.5,0.75,1.8,0.0,58.0,-511.0,16.0,8.0,492.0,0.125,0.0,-0.07142857142857142,0.07142857142857142,0.0625,0.870000000000001,0.0,1.420500000000004,0.035700000000005616,-1.7537999999999982,-1.6794999999999973,-1.9211000000000027,0.21010808685832466,1.3544002362669627,2.0,4.0,0.0,0.3076923076923077,0.46153846153846156,1.0,0.0,0.03502141597379693,-0.0538498326159732
212,202305010610,0,0,0,0,0,1,0,0,0,0,0,0,0,0,0,0,0,0,0,0,0,0,0,0,0,0,0,0,0,0,0,0,0,0,0,0,0.0,0.0,4.0,3.0,39.4,0.3,0.8333333333333334,0.0,0.0,17.0,18.0,34.8,2.6,1.0,0.0,0.0,12.0,8.0,36.6,1.0,0.6,2.5,1.0,-300.0,0.03759398496240601,0.18045112781954886,6,11,136.3,12.0,334,494,848,0.0,0.0,12.0,10.0,36.2,1.6,0.875,0.0,0.0,6.0,3.0,36.9,0.6,0.5454545454545454,-0.8,0.4,58.0,-159.0,16.0,6.0,461.0,0.0,0.0,0.0,0.0,-0.2727272727272727,0.35999999999999943,0.0,0.0073999999999969646,-0.6592000000000056,-1.6794999999999973,-1.4642999999999944,-2.492600000000003,0.1716122971485398,1.4945233353815524,3.0,2.0,0.0,0.0,0.0,1.0,0.0,,-0.0444444444444444
213,202305010610,13,9,10,66,1,1,1,8,0,0,0,0,6,4,6,29,0,1,0,3,0,0,0,0,0,0,0,0,0,0,0,0,0,0,0,0,0.0,0.0,8.0,4.0,36.9,0.6,0.9230769230769231,0.0,0.0,14.0,15.0,36.6,3.0,0.875,0.0,0.0,4.0,9.0,37.1,1.6,0.7333333333333333,2.5,11.0,200.0,0.0,0.08333333333333333,2,3,11.9,5.0,1576,1613,1577,0.0,0.0,4.0,5.0,37.4,0.5,0.75,0.0,0.0,2.0,2.0,36.5,0.0,0.6153846153846154,-1.4,0.2,56.0,-577.0,16.0,13.0,485.0,-0.15384615384615385,0.0,0.0,0.0,-0.07692307692307693,0.0,0.0,-1.011099999999999,-1.6794999999999973,-1.0537999999999954,-0.8795000000000002,-1.7794999999999987,0.10924280660770877,0.3286335345030991,2.0,4.0,0.25,0.3333333333333333,0.3333333333333333,0.0,,-0.03389267477838315,0.15076923076923077
214,202305010610,1,2,0,5,5,3,4,58,0,0,0,2,0,0,0,2,0,2,2,22,0,0,0,1,0,0,0,0,0,0,0,0,0,0,0,0,0.0,0.0,5.0,11.0,38.3,1.9,0.3333333333333333,0.0,0.0,8.0,,,,1.0,0.0,0.0,18.0,14.0,33.9,1.7,0.6666666666666666,3.0,7.0,-300.0,0.05555555555555555,0.1746031746031746,3,6,366.1,15.0,1712,1013,1292,0.0,0.0,14.0,11.0,37.0,1.8,0.42857142857142855,0.0,0.0,10.0,7.0,34.2,1.0,0.7272727272727273,-1.5,0.0,58.0,-504.0,16.0,12.0,493.0,0.25,0.0,0.05555555555555555,-0.07142857142857142,-0.18181818181818182,0.9199999999999982,0.0,2.7714,,-1.2064999999999984,0.6251000000000033,-0.8746999999999971,0.235067725382656,1.8607794065928382,2.0,0.0,,0.09090909090909091,0.18181818181818182,0.0,,0.16666666666666669,-0.045033397974574424
215,202305010610,1,3,4,40,0,1,1,7,0,0,0,1,0,1,0,17,0,1,0,4,0,0,0,0,0,0,0,1,0,0,0,0,0,0,0,0,0.0,0.0,9.0,9.0,40.2,2.0,1.0,0.0,0.0,16.0,12.0,38.4,1.9,0.875,0.0,0.0,16.0,14.0,39.1,3.2,0.1875,2.5,13.0,-400.0,0.06965174129353234,0.19402985074626866,2,4,423.0,16.0,1221,1448,1263,0.0,0.0,16.0,13.0,36.6,2.1,0.875,0.0,0.0,9.0,9.0,38.3,1.6,0.7857142857142857,0.1,0.0,58.0,-512.0,16.0,10.0,491.0,-0.2,-0.25,0.1875,0.0,-0.07142857142857142,0.5600000000000008,0.0,0.6533000000000015,-1.2259000000000029,0.28719999999999857,-1.0642999999999958,-1.3259000000000043,0.28680595018448357,1.1754148203932098,1.0,1.0,0.0,0.03225806451612903,0.06451612903225806,1.0,0.0,0.007542579075425798,0.036324786324786335
216,202305010610,1,2,4,25,0,0,0,4,0,0,0,1,0,0,0,6,0,0,0,0,0,0,0,0,0,0,0,0,0,0,0,0,0,0,0,0,0.0,0.0,60.0,14.0,40.7,2.8,0.0625,0.0,0.0,20.0,5.0,37.7,0.9,0.07142857142857142,0.0,0.0,40.0,1.0,36.6,0.0,0.07142857142857142,-6.5,0.0,-400.0,0.1450381679389313,0.3816793893129771,1,1,33.6,8.0,1127,1650,1328,0.0,0.0,10.0,1.0,37.8,0.0,0.2,0.0,0.0,20.0,10.0,39.4,1.0,0.25,-1.1999999999999997,0.4,58.0,64.0,16.0,16.0,516.0,0.0,0.0,0.0,0.0,-0.0625,0.25000000000000144,0.0,1.0741000000000014,-1.6925999999999988,-2.676400000000001,-1.5926000000000045,-0.22590000000000288,0.07837312638127633,1.4402777509911069,3.0,0.0,,0.0945945945945946,0.2972972972972973,0.0,,-0.00028462998102465886,-0.18181818181818182
217,202305010610,2,3,0,16,1,0,0,4,1,0,0,3,1,1,0,5,0,0,0,3,0,0,0,2,0,0,0,0,0,0,0,0,0,0,0,0,0.0,0.0,40.0,9.0,36.7,0.5,0.4666666666666667,0.0,0.0,20.0,1.0,35.4,0.0,0.21428571428571427,0.0,0.0,10.0,1.0,36.8,0.0,0.5,-4.0,-2.0,-200.0,0.1099476439790576,0.2670157068062827,5,10,15.0,6.0,1426,1520,306,0.0,0.0,10.0,1.0,36.3,0.0,0.3333333333333333,,,,,,,,-2.4,0.75,60.0,238.0,16.0,15.0,494.0,0.0,0.0,-0.125,-0.06666666666666667,,-0.01999999999999815,0.0,-1.3725999999999985,-1.8551000000000002,-1.4795000000000016,-1.9795000000000016,,0.11351426134343065,0.5522680508593635,4.0,2.0,1.0,0.1437908496732026,0.32679738562091504,0.0,,0.050843881856540096,-0.06363636363636366
218,202305010610,1,3,0,16,1,1,0,5,0,0,0,0,1,0,0,5,0,0,0,1,0,0,0,0,0,0,0,0,0,0,0,0,0,0,0,0,0.0,0.0,11.0,14.0,33.9,0.8,0.6666666666666666,0.0,0.0,4.0,9.0,33.4,0.8,0.4666666666666667,0.0,0.0,11.0,5.0,33.0,0.3,0.5,-4.5,4.0,0.0,0.0641025641025641,0.23076923076923078,4,8,46.3,9.0,1736,548,1482,0.0,0.0,9.0,16.0,38.9,3.2,0.625,0.0,0.0,7.0,12.0,34.4,0.7,0.5,0.3,0.0,58.0,-273.0,16.0,18.0,500.0,0.0,0.06666666666666667,0.0,0.0,0.05555555555555555,-0.65,0.0,-1.2064999999999984,-1.7064999999999984,-2.106499999999997,1.2357000000000014,-0.6747000000000014,0.07895146188218007,2.1423351745233514,2.0,1.0,0.0,0.0,0.0,1.0,0.0,0.028891202498698587,0.13032581453634084
219,202305010612,2,2,1,17,0,1,2,1,0,0,0,1,0,0,0,4,0,1,0,0,0,0,0,0,0,0,0,0,0,0,0,0,0,0,0,0,0.0,0.0,12.0,15.0,37.9,1.7,0.5,0.0,0.0,5.0,10.0,36.8,1.0,0.4,0.0,0.0,7.0,2.0,35.8,0.5,0.21428571428571427,-6.5,10.0,0.0,0.017241379310344827,0.08045977011494253,3,5,41.3,13.0,1304,1592,1503,0.0,0.0,5.0,14.0,42.5,4.3,0.2,0.0,0.0,3.0,15.0,42.0,4.6,0.13333333333333333,0.4,0.2,58.0,-349.0,16.0,16.0,562.0,0.0,-0.06666666666666667,0.0,-0.06666666666666667,0.0,-1.3900000000000006,0.0,-0.37950000000000017,-1.4795000000000016,-2.3537999999999997,3.1073999999999984,3.7205000000000013,0.1375325152237251,2.7400729917285065,2.0,4.0,0.25,0.11904761904761904,0.2976190476190476,0.0,,0.005261979399910438,0.27350427350427353
220,202305010612,3,3,0,20,1,0,1,11,0,0,0,0,1,0,0,9,0,0,0,6,0,0,0,0,0,0,0,2,0,0,0,2,0,0,0,0,0.0,0.0,90.0,9.0,38.1,1.0,0.1875,0.0,0.0,30.0,1.0,37.6,0.0,0.125,0.0,0.0,130.0,3.0,37.4,0.3,0.125,-3.0,2.0,0.0,0.09352517985611511,0.28776978417266186,5,9,8.0,4.0,1393,770,1263,0.0,0.0,120.0,11.0,40.5,2.2,0.14285714285714285,0.0,0.0,80.0,10.0,38.3,1.6,0.6875,1.2,0.4,58.0,126.0,16.0,16.0,496.0,0.0,0.0,0.0,0.0,-0.0625,-0.329999999999999,0.0,-0.033799999999999386,-0.6794999999999973,-0.6726000000000028,1.4613000000000014,0.02049999999999841,0.21816430337089093,1.108873302050329,3.0,3.0,0.3333333333333333,0.15,0.45,0.0,,-0.03920282129090463,-0.0016447368421052544
221,202305010612,0,4,2,20,0,2,1,3,0,1,1,2,0,2,1,4,0,1,1,2,0,1,1,1,0,1,0,1,0,1,0,1,0,1,0,1,0.0,0.0,90.0,6.0,36.6,0.7,0.75,0.0,0.0,100.0,9.0,36.9,1.6,1.0,0.0,0.0,110.0,7.0,35.3,0.7,1.0,0.5,4.0,0.0,0.03787878787878788,0.17424242424242425,6,12,26.4,9.0,1561,223,1263,0.0,0.0,60.0,13.0,34.7,1.5,1.0,0.0,0.0,30.0,10.0,35.3,1.9,0.625,1.2,0.0,58.0,14.0,16.0,16.0,488.0,0.0,0.0,0.0,0.0,0.0625,0.4800000000000004,0.0,-1.6794999999999973,-1.1726000000000028,-2.8338000000000036,-2.9642999999999944,-2.8338000000000036,0.15811388300841897,0.8428523002282189,0.0,4.0,0.0,0.075,0.2916666666666667,1.0,0.0,0.03019943019943022,0.1280193236714976
222,202305010612,1,0,1,11,0,0,0,4,0,0,0,1,0,0,0,4,0,0,0,2,0,0,0,1,0,0,0,2,0,0,0,0,0,0,0,0,0.0,0.0,20.0,1.0,37.0,0.0,0.6875,0.0,0.0,100.0,3.0,36.0,0.2,0.625,0.0,0.0,30.0,4.0,36.7,1.2,0.375,1.5,6.0,200.0,0.056,0.176,8,16,6.4,3.0,1677,332,1167,0.0,0.0,40.0,2.0,36.8,1.0,0.5,0.0,0.0,110.0,5.0,36.7,0.7,0.8,0.7,0.6,57.0,50.0,16.0,16.0,506.0,0.0625,0.0,0.0,-0.1,0.0,-0.020000000000000285,0.0,-0.8682999999999979,-2.133800000000001,-0.7177000000000007,-1.1111000000000004,-1.168299999999995,0.14756354563373708,0.3382306905057552,2.0,1.0,1.0,0.14473684210526316,0.32894736842105265,0.0,,-0.10492845786963434,0.0
223,202305010612,1,0,1,11,0,0,0,3,0,0,0,1,0,0,0,4,0,0,0,1,0,0,0,1,0,0,0,2,0,0,0,1,0,0,0,1,0.0,0.0,10.0,10.0,35.0,1.0,0.6428571428571429,0.0,0.0,20.0,2.0,35.0,0.9,0.3125,0.0,0.0,70.0,2.0,36.2,0.4,0.875,-4.0,0.0,0.0,0.2536231884057971,0.5217391304347826,2,3,3.8,1.0,1677,247,1167,0.0,0.0,20.0,9.0,36.5,1.0,0.8125,0.0,0.0,30.0,5.0,36.5,0.9,0.7333333333333333,-0.3,0.4,58.0,274.0,16.0,14.0,506.0,0.0,-0.125,0.0,-0.0625,0.0,-0.45,0.0,-2.6642999999999972,-3.133800000000001,-1.4642999999999944,-1.4110999999999976,-1.4110999999999976,0.19735661002174307,0.6945502141674138,1.0,3.0,0.6666666666666666,0.05555555555555555,0.3333333333333333,2.0,0.5,-0.10492845786963434,
224,202305010612,0,0,0,1,0,0,0,0,0,0,0,0,0,0,0,1,0,0,0,0,0,0,0,0,0,0,0,0,0,0,0,0,0,0,0,0,0.0,0.0,2.0,9.0,39.0,2.0,0.6666666666666666,0.0,0.0,12.0,13.0,38.5,2.3,0.6,0.0,0.0,14.0,10.0,35.9,1.2,0.8125,0.5,26.0,200.0,0.0975609756097561,0.3902439024390244,7,14,31.2,10.0,556,624,1,0.0,0.0,9.0,15.0,38.1,1.8,0.375,0.0,0.0,10.0,6.0,35.8,0.6,0.3125,-0.4,0.0,58.0,-525.0,16.0,9.0,504.0,0.1111111111111111,0.2,0.0,0.0,0.0,0.6800000000000004,0.0,1.5822999999999965,-0.8926000000000016,-2.2537999999999982,-0.17949999999999733,-1.8643,0.18546862567860664,1.3455110553243341,1.0,3.0,0.0,0.09090909090909091,0.1590909090909091,1.0,0.0,,
225,202305010612,4,3,1,14,6,3,3,47,1,0,0,0,1,0,0,3,2,1,0,11,0,0,0,0,0,0,0,0,0,0,0,1,0,0,0,0,0.0,0.0,20.0,8.0,39.2,1.1,0.125,0.0,0.0,90.0,15.0,45.6,8.1,0.2,0.0,0.0,100.0,14.0,36.2,1.7,0.13333333333333333,3.0,12.0,-400.0,0.047619047619047616,0.14285714285714285,7,13,16.2,8.0,1463,1294,1167,0.0,0.0,30.0,1.0,39.0,0.0,0.125,0.0,0.0,30.0,1.0,39.0,0.0,0.0625,-2.8,0.4,58.0,70.0,16.0,16.0,504.0,0.0,0.6666666666666666,0.06666666666666667,0.0,0.0,0.7000000000000007,0.0,-0.4258999999999986,5.9741,0.2834000000000003,-0.6259000000000015,-0.6891000000000034,0.04362084109434134,3.106122985330748,2.0,0.0,,0.08163265306122448,0.2653061224489796,0.0,,-0.03549135009809168,0.05268199233716475
226,202305010612,1,9,5,30,0,0,1,18,0,0,0,0,0,2,2,16,0,0,1,8,0,0,0,0,0,0,0,4,0,0,0,3,0,0,0,0,0.0,0.0,14.0,6.0,37.1,0.7,0.3125,0.0,0.0,15.0,8.0,36.0,0.6,0.1875,0.0,0.0,8.0,13.0,37.0,1.4,0.4375,3.5,-2.0,200.0,0.0,0.0,2,4,71.3,15.0,1172,1393,1556,0.0,0.0,3.0,9.0,37.9,2.3,0.4375,0.0,0.0,2.0,1.0,38.4,0.0,0.5833333333333334,-0.9,0.2,56.0,-49.0,16.0,16.0,454.0,0.0,0.0,-0.0625,0.0,0.08333333333333333,-0.4499999999999993,0.0,-0.8110999999999962,-1.6642999999999972,-1.1537999999999968,-0.37950000000000017,0.12049999999999983,0.13333333333333336,0.8231646250902664,0.0,4.0,0.25,0.0,0.0,1.0,0.0,0.01460869565217393,-0.10199418363107604
227,202305010612,1,9,5,30,0,0,3,6,0,0,0,0,0,2,2,16,0,0,0,1,0,0,0,0,0,0,0,4,0,0,0,0,0,0,0,0,0.0,0.0,3.0,4.0,37.7,0.6,0.4,0.0,0.0,7.0,12.0,37.6,1.6,0.8571428571428571,0.0,0.0,13.0,10.0,38.2,1.2,0.42857142857142855,3.0,0.0,0.0,0.15384615384615385,0.3487179487179487,3,6,53.0,14.0,1172,1145,1556,0.0,0.0,9.0,8.0,36.6,1.2,0.5333333333333333,0.0,0.0,14.0,9.0,35.4,0.8,0.8125,0.6,0.0,58.0,-422.0,16.0,10.0,520.0,0.1,0.14285714285714285,0.07142857142857142,0.0,0.0,0.5600000000000008,0.0,-0.453799999999994,-1.6094000000000008,-0.37759999999999394,-1.5537999999999954,-2.2642999999999986,0.19230800715132085,0.9959919678391,2.0,3.0,0.0,0.01694915254237288,0.0847457627118644,1.0,0.0,0.01460869565217393,0.09090909090909088
228,202305010612,0,0,0,0,1,0,0,4,0,0,0,0,0,0,0,0,1,0,0,2,0,0,0,0,0,0,0,0,0,0,0,1,0,0,0,0,0.0,0.0,10.0,8.0,37.3,1.1,0.0625,0.0,0.0,40.0,14.0,40.8,2.7,0.13333333333333333,0.0,0.0,120.0,11.0,38.2,1.3,0.06666666666666667,1.5,2.0,0.0,0.0625,0.275,4,8,9.3,6.0,309,225,249,0.0,0.0,80.0,1.0,37.0,0.0,0.125,0.0,0.0,20.0,9.0,40.4,1.9,0.36363636363636365,-1.1,0.2,58.0,78.0,16.0,16.0,470.0,0.0,0.13333333333333333,0.0,0.0625,0.0,-0.24000000000000057,0.0,-0.8338000000000036,1.4073999999999955,0.1274000000000015,-1.0726000000000013,0.7740999999999971,0.11058364239391648,1.5742934923323535,2.0,1.0,0.0,0.3076923076923077,0.5769230769230769,0.0,,,-0.04365079365079366
229,202305010612,0,0,1,17,0,0,0,8,0,0,0,1,0,0,1,7,0,0,0,3,0,0,0,0,0,0,0,0,0,0,0,0,0,0,0,0,0.0,0.0,6.0,14.0,58.4,21.6,0.14285714285714285,0.0,0.0,7.0,11.0,35.7,1.0,0.75,0.0,0.0,7.0,8.0,38.9,0.7,0.25,-3.0,0.0,-400.0,0.11052631578947368,0.26842105263157895,8,15,12.6,7.0,1601,1208,239,0.0,0.0,9.0,7.0,38.1,0.4,0.125,0.0,0.0,5.0,4.0,36.4,0.3,0.3076923076923077,-2.4,0.0,56.0,-69.0,16.0,14.0,480.0,0.8571428571428571,-0.0625,0.0,0.0,0.07692307692307693,4.16,0.0,18.774099999999997,-1.9642999999999944,0.6204999999999998,-1.5259,-1.6726000000000028,0.22770002426569427,8.527367706390992,0.0,2.0,0.0,0.0625,0.22916666666666666,1.0,0.0,-0.08114035087719298,0.1582150101419878
230,202305010612,13,9,10,66,1,6,3,26,0,0,0,0,6,4,6,29,0,1,0,7,0,0,0,0,2,1,2,9,0,0,0,1,0,0,0,0,0.0,0.0,12.0,12.0,36.1,1.0,0.375,0.0,0.0,8.0,4.0,36.7,0.5,0.625,0.0,0.0,16.0,6.0,36.8,1.5,0.8125,-3.0,0.0,0.0,0.06451612903225806,0.23225806451612904,1,2,35.8,12.0,1576,1559,1577,0.0,0.0,13.0,9.0,36.1,1.3,1.0,0.0,0.0,15.0,8.0,36.4,1.1,0.75,-0.3,0.0,56.0,0.0,16.0,16.0,494.0,-0.0625,0.0,0.0,0.0,0.0,7.105427357601002e-16,0.0,-1.5642999999999958,-1.579499999999996,-1.1167000000000016,-2.1794999999999973,-1.0341000000000022,0.2076655965729519,0.2925747767665551,0.0,3.0,0.0,0.05263157894736842,0.15789473684210525,1.0,0.0,-0.03389267477838315,0.07049897869857018
231,202305010612,4,3,1,14,0,1,0,1,0,0,0,0,1,0,0,3,0,1,0,0,0,0,0,0,0,0,0,0,0,0,0,0,0,0,0,0,0.0,0.0,2.0,4.0,40.5,0.6,1.0,0.0,0.0,11.0,13.0,35.3,2.5,0.9230769230769231,0.0,0.0,10.0,10.0,34.1,1.1,1.0,3.0,-8.0,-200.0,0.14689265536723164,0.3559322033898305,4,7,5.8,2.0,1463,760,1167,0.0,0.0,11.0,9.0,33.8,1.6,1.0,0.0,0.0,8.0,10.0,13.5,5.3,0.9166666666666666,0.8,0.0,58.0,-499.0,16.0,10.0,514.0,-0.5,0.07692307692307693,0.0,0.0,-0.08333333333333333,5.55,0.0,3.2449000000000012,0.19350000000000023,-1.3592000000000013,-1.2747000000000028,,0.03930694799168177,9.28947791859155,1.0,0.0,,0.25862068965517243,0.4827586206896552,0.0,,-0.03549135009809168,-0.03030303030303033
232,202305010612,2,0,5,20,2,1,0,4,0,0,0,1,0,0,1,7,0,0,0,2,0,0,0,1,0,0,0,0,0,0,0,0,0,0,0,0,0.0,0.0,6.0,6.0,37.9,2.0,0.8571428571428571,0.0,0.0,12.0,15.0,36.6,2.0,0.9375,0.0,0.0,9.0,12.0,40.0,2.1,0.4166666666666667,3.0,-8.0,-300.0,0.14393939393939395,0.3787878787878788,1,1,9.2,5.0,1586,102,1167,0.0,0.0,12.0,12.0,37.6,1.3,0.375,0.0,0.0,5.0,14.0,35.6,1.4,0.9375,1.3,0.0,58.0,-519.0,16.0,7.0,472.0,0.0,0.0625,-0.16666666666666666,0.0,0.0,0.35999999999999943,0.0,-0.6775999999999982,-1.3110999999999962,0.7905999999999977,-0.6794999999999973,-2.064299999999996,0.2542816456781696,1.4718695594379274,2.0,2.0,0.0,0.14285714285714285,0.32653061224489793,1.0,0.0,-0.06653620352250489,-0.14285714285714288
233,202305010612,0,0,0,18,3,2,2,29,0,0,0,1,0,0,0,3,3,0,1,11,0,0,0,0,0,0,0,1,0,0,0,2,0,0,0,0,0.0,0.0,7.0,10.0,13.7,7.5,0.5714285714285714,0.0,0.0,14.0,12.0,39.5,2.2,0.625,0.0,0.0,11.0,9.0,40.4,2.5,0.4,-0.5,-4.0,-1450.0,0.05,0.31666666666666665,6,11,33.9,11.0,1317,1366,1186,0.0,0.0,13.0,8.0,38.9,1.6,0.7857142857142857,0.0,0.0,7.0,9.0,34.5,1.1,0.6363636363636364,-0.6,0.0,58.0,-258.0,16.0,14.0,502.0,0.14285714285714285,0.0625,0.2,-0.21428571428571427,0.0,-4.1,0.0,,0.10739999999999839,1.007399999999997,0.7462000000000018,-0.5747,0.12424567472406046,10.057435060690176,-2.0,1.0,0.0,0.1,0.25,0.0,,-0.09243697478991597,-0.005916305916305931
234,202305010612,0,1,0,8,0,0,0,9,0,0,0,0,0,1,0,6,0,0,0,2,0,0,0,0,0,0,0,0,0,0,0,1,0,0,0,0,0.0,0.0,16.0,16.0,38.6,5.4,1.0,0.0,0.0,14.0,14.0,13.9,9.8,0.5714285714285714,0.0,0.0,10.0,10.0,13.7,7.7,0.75,-3.0,-2.0,0.0,0.038461538461538464,0.1794871794871795,5,10,402.7,16.0,1505,351,201,0.0,0.0,13.0,12.0,13.5,7.3,1.0,0.0,0.0,7.0,7.0,42.0,3.0,0.14285714285714285,-2.0,0.0,56.0,0.0,16.0,16.0,448.0,0.0,0.35714285714285715,0.08333333333333333,-0.07692307692307693,0.14285714285714285,-0.6399999999999999,0.0,0.9357000000000042,,,,4.088900000000002,0.3191186843384097,13.076176811285476,0.0,1.0,0.0,0.0,0.061224489795918366,1.0,0.0,-0.014285714285714263,-0.10666666666666666
235,202305010701,0,0,0,2,0,0,1,3,0,0,0,0,0,0,0,1,0,0,1,3,0,0,0,0,0,0,0,1,0,0,0,0,0,0,0,0,0.0,0.0,70.0,2.0,36.7,0.1,0.5625,,,,,,,,,,,,,,,,,0.0,0.04516129032258064,0.17419354838709677,5,9,3.9,2.0,1699,1736,1313,,,,,,,,,,,,,,,,1.0,54.0,21.0,16.0,16.0,454.0,0.0,,,,,,,-1.579499999999996,,,,,,,0.0,1.0,1.0,0.0,0.1891891891891892,0.0,,,0.1777777777777778
236,202305010701,6,6,6,55,11,5,9,70,0,0,0,2,2,5,4,25,3,0,1,26,0,0,0,0,1,2,0,9,0,0,0,10,0,0,0,0,0.0,0.0,1.0,1.0,37.4,0.0,0.2,0.0,0.0,2.0,3.0,35.8,0.2,0.375,0.0,0.0,1.0,3.0,36.3,0.7,0.3125,1.0,4.0,200.0,,,7,13,3.1,1.0,1520,1167,695,0.0,0.0,1.0,4.0,40.4,1.4,0.0625,0.0,0.0,1.0,2.0,37.7,0.6,0.4375,0.3,0.8,54.0,-197.0,16.0,15.0,478.0,0.0,0.0625,-0.0625,0.0,-0.0625,-0.520000000000001,0.0,-0.511099999999999,-1.791400000000003,-1.8537999999999997,2.1205,-0.453799999999994,0.13308831654206166,1.599249824136305,0.0,3.0,0.6666666666666666,0.09210526315789473,0.2894736842105263,0.0,,0.0023270846800258482,0.019083827201908404
237,202305010701,4,2,6,19,1,2,0,13,0,0,0,1,2,0,3,9,1,1,0,9,0,0,0,0,1,0,0,4,0,0,0,3,0,0,0,0,0.0,0.0,30.0,4.0,38.6,1.0,0.75,0.0,0.0,20.0,6.0,37.7,0.9,0.875,0.0,0.0,60.0,5.0,38.3,1.7,0.125,0.5,-8.0,200.0,0.10526315789473684,0.2706766917293233,8,16,9.0,5.0,1020,1542,1576,,,,,,,,,,,,,,,0.5,0.0,54.0,28.0,16.0,16.0,462.0,0.0625,-0.25,0.0,,,0.15000000000000213,0.0,0.7317000000000036,-0.168299999999995,0.3475999999999999,,,0.3280836614171588,0.3741657386773931,0.0,0.0,,0.08247422680412371,0.23711340206185566,0.0,,0.16294117647058826,-0.1937062937062937
238,202305010701,8,6,6,48,0,0,0,2,0,0,0,0,4,4,3,21,0,0,0,1,0,0,0,0,2,2,2,2,0,0,0,1,0,0,0,0,0.0,0.0,90.0,3.0,38.2,0.8,0.0625,,,,,,,,,,,,,,,,,0.0,0.06097560975609756,0.2682926829268293,4,8,15.0,7.0,1278,1414,625,,,,,,,,,,,,,,,,1.0,54.0,21.0,16.0,16.0,480.0,0.0,,,,,,,-0.07949999999999591,,,,,,,0.0,1.0,1.0,0.12941176470588237,0.3058823529411765,0.0,,0.010563380281690127,0.07051282051282053
239,202305010701,4,6,4,21,0,0,0,0,0,0,0,0,3,1,3,8,0,0,0,0,0,0,0,0,2,0,1,5,0,0,0,0,0,0,0,0,0.0,0.0,,,,,,0.0,0.0,40.0,5.0,37.7,0.7,0.3333333333333333,0.0,0.0,10.0,4.0,35.6,0.8,0.36363636363636365,-1.0,11.0,-100.0,0.049723756906077346,0.15469613259668508,6,12,8.0,4.0,1426,1396,306,0.0,0.0,20.0,3.0,35.1,0.9,0.5,0.0,0.0,10.0,7.0,36.9,1.0,0.375,0.5,0.25,54.0,-501.0,16.0,7.0,461.0,,0.0,0.0,0.08333333333333333,0.0,0.29000000000000126,0.0,,-0.21109999999999474,-0.674199999999999,-1.174199999999999,-1.3795000000000002,0.0636304448005013,1.0304731922762476,1.0,1.0,0.0,0.10909090909090909,0.2727272727272727,0.0,,0.050843881856540096,
240,202305010701,1,0,2,18,4,3,4,23,0,0,0,0,0,0,0,4,2,2,2,11,0,0,0,0,0,0,0,4,2,1,1,4,0,0,0,0,0.0,0.0,3.0,4.0,36.5,0.9,0.7777777777777778,0.0,0.0,8.0,6.0,38.2,1.7,0.6875,0.0,0.0,4.0,4.0,38.2,1.2,0.125,0.0,-1.0,0.0,0.06926406926406926,0.2683982683982684,4,7,15.2,8.0,1204,1228,1221,0.0,0.0,4.0,5.0,37.6,0.7,0.1875,0.0,0.0,2.0,3.0,37.6,0.8,0.18181818181818182,-0.3,0.2,54.0,-515.0,16.0,9.0,485.0,-0.1111111111111111,0.0625,0.0625,0.125,0.09090909090909091,-0.16000000000000014,0.0,-1.1642999999999972,0.046200000000006014,-0.07949999999999591,0.008600000000001273,-0.6794999999999973,0.28051037694589687,0.6209669878504019,0.0,4.0,0.25,0.05555555555555555,0.2777777777777778,0.0,,-0.10755148741418766,0.04344193817878028
241,202305010701,2,1,0,27,3,5,6,36,0,0,0,1,0,1,0,17,1,1,2,14,0,0,0,1,0,0,0,11,0,0,0,9,0,0,0,0,0.0,0.0,60.0,2.0,38.1,0.1,0.4375,0.0,0.0,110.0,7.0,35.7,1.0,0.8125,0.0,0.0,80.0,7.0,35.0,1.4,0.6470588235294118,2.5,0.0,-200.0,0.027777777777777776,0.08333333333333333,1,2,7.0,3.0,1333,1618,1294,0.0,0.0,140.0,8.0,33.9,0.6,0.9411764705882353,,,,,,,,1.8,0.25,54.0,20.0,16.0,16.0,436.0,-0.0625,-0.375,0.058823529411764705,-0.058823529411764705,,1.3300000000000012,0.0,0.02740000000000009,0.6253000000000029,-0.07469999999999999,-1.2064999999999984,,0.1885244504715649,1.5400892831261448,2.0,0.0,,0.03125,0.0625,0.0,,-0.10158730158730159,0.06466540104413859
242,202305010701,2,1,0,27,0,0,0,4,0,0,0,0,0,1,0,17,0,0,0,2,0,0,0,0,0,0,0,11,0,0,0,2,0,0,0,0,0.0,0.0,7.0,9.0,36.7,2.1,0.9,0.0,0.0,12.0,12.0,41.6,4.5,0.8333333333333334,0.0,0.0,12.0,9.0,39.9,2.0,0.26666666666666666,0.0,24.0,480.0,0.0,0.027777777777777776,6,11,14.4,6.0,1333,1691,1294,0.0,0.0,15.0,14.0,37.4,1.2,0.875,0.0,0.0,15.0,16.0,39.9,2.9,0.6875,1.6,0.0,54.0,-565.0,16.0,10.0,434.0,,0.08333333333333333,0.0,0.0625,0.0625,-0.21999999999999886,0.0,,3.5274,0.507399999999997,-0.017700000000004934,1.8273999999999972,0.23475755815545346,1.7988885457415082,0.0,0.0,,0.03614457831325301,0.14457831325301204,0.0,,-0.10158730158730159,-0.20833333333333331
243,202305010701,0,0,0,1,1,0,1,18,0,0,0,0,0,0,0,1,1,0,0,9,0,0,0,0,0,0,0,1,0,0,0,2,0,0,0,0,0.0,0.0,1.0,7.0,40.5,1.0,0.4,0.0,0.0,9.0,16.0,40.3,3.6,0.3125,0.0,0.0,5.0,9.0,38.7,2.0,0.375,1.0,-1.0,200.0,0.0,0.07692307692307693,3,5,41.9,10.0,1579,1170,1605,0.0,0.0,10.0,9.0,39.4,2.1,0.1875,0.0,0.0,4.0,8.0,38.6,0.8,0.3333333333333333,-0.5,0.0,53.0,-517.0,16.0,10.0,471.0,-0.2,0.375,0.0,0.0,0.0,0.4699999999999996,0.0,2.6788999999999987,2.478899999999996,0.7889000000000053,1.2462000000000018,0.6889000000000038,0.07375823871119604,0.7874007874011796,-1.0,1.0,0.0,0.11224489795918367,0.2755102040816326,0.0,,,0.10952380952380952
244,202305010701,2,3,4,35,0,1,1,15,0,0,0,0,1,0,3,10,0,0,1,7,0,0,0,0,1,0,1,1,0,0,0,2,0,0,0,0,0.0,0.0,60.0,,,,0.75,0.0,0.0,140.0,15.0,39.3,2.4,0.6875,0.0,0.0,90.0,11.0,40.0,3.3,0.6875,-4.0,-3.0,-100.0,0.15,0.35555555555555557,5,10,34.2,9.0,1503,1292,1263,0.0,0.0,90.0,10.0,39.0,2.6,0.8125,0.0,0.0,30.0,13.0,37.6,4.0,0.46153846153846156,-0.7,0.0,54.0,-388.0,16.0,12.0,493.0,,0.0625,0.0,-0.0625,0.15384615384615385,0.6099999999999988,0.0,,2.0448999999999984,1.8462000000000032,0.8462000000000032,2.1407999999999987,0.11856981814588369,0.8728545125048037,2.0,2.0,0.0,0.0784313725490196,0.2549019607843137,0.0,,-0.017174959871589096,-0.07936507936507936
245,202305010701,4,6,4,21,3,5,6,36,0,1,0,0,3,1,3,8,1,1,2,14,0,0,0,0,2,0,1,5,0,0,0,9,0,0,0,0,0.0,0.0,1.0,12.0,41.9,3.7,0.8333333333333334,0.0,0.0,7.0,14.0,39.2,2.6,0.6666666666666666,0.0,0.0,6.0,12.0,38.8,2.9,0.5625,0.0,4.0,200.0,0.02857142857142857,0.08571428571428572,3,6,202.3,13.0,1426,1618,306,0.0,0.0,7.0,4.0,39.4,2.1,0.14285714285714285,0.0,0.0,13.0,11.0,38.8,2.7,1.0,-1.2,0.0,54.0,-264.0,16.0,12.0,524.0,0.0,0.13333333333333333,0.0,0.0,-0.0625,0.6000000000000008,0.0,4.078899999999997,1.2889000000000053,0.6462000000000003,1.3273999999999972,0.6462000000000003,0.29011736228675933,1.1634431657799191,0.0,2.0,0.0,0.0784313725490196,0.17647058823529413,0.0,,0.050843881856540096,0.06466540104413859
246,202305010701,1,4,5,27,0,0,0,4,0,0,0,0,1,0,1,10,0,0,0,2,0,0,0,0,1,0,0,5,0,0,0,2,0,0,0,0,0.0,0.0,9.0,11.0,37.6,2.8,1.0,0.0,0.0,12.0,9.0,42.5,4.3,0.6153846153846154,0.0,0.0,13.0,10.0,37.9,2.0,0.7333333333333333,-0.5,10.0,400.0,0.025157232704402517,0.1069182389937107,8,15,212.3,14.0,1605,1691,1,0.0,0.0,14.0,12.0,40.1,3.1,0.5625,0.0,0.0,15.0,5.0,39.0,1.1,0.5625,-0.9,0.0,54.0,-499.0,16.0,11.0,432.0,0.0,0.15384615384615385,0.0,-0.1875,-0.0625,-0.039999999999999855,0.0,1.702300000000001,2.8740999999999985,-0.011099999999999,1.9462000000000046,1.0889000000000024,0.1648910095674122,1.7747112441183213,0.0,1.0,0.0,0.0,0.125,0.0,,0.056687605331699115,-0.20833333333333331
247,202305010701,4,2,6,19,0,0,0,3,0,0,0,0,2,0,3,9,0,0,0,1,0,0,0,0,1,0,0,4,0,0,0,1,0,0,0,0,0.0,0.0,3.0,4.0,41.0,1.0,0.09090909090909091,0.0,0.0,13.0,7.0,35.7,0.5,0.1875,0.0,0.0,6.0,14.0,42.2,5.1,0.21428571428571427,5.0,9.0,-100.0,0.023809523809523808,0.11904761904761904,2,3,77.4,12.0,1020,1431,1576,0.0,0.0,9.0,8.0,40.7,2.3,0.06666666666666667,0.0,0.0,12.0,13.0,40.7,3.9,0.4375,1.9,0.0,52.0,-214.0,16.0,11.0,465.0,0.09090909090909091,0.0,0.07142857142857142,0.06666666666666667,0.125,-0.44000000000000056,0.0,,0.5469000000000008,4.1274000000000015,1.3074000000000012,2.546200000000006,0.13148628505280432,2.2490887043422716,0.0,1.0,0.0,0.027777777777777776,0.1388888888888889,0.0,,0.16294117647058826,
248,202305010701,1,0,2,18,0,0,0,1,0,0,0,0,0,0,0,4,0,0,0,0,0,0,0,0,0,0,0,4,0,0,0,0,0,0,0,0,0.0,0.0,4.0,4.0,39.6,0.7,0.5,0.0,0.0,15.0,10.0,38.4,1.6,0.6666666666666666,0.0,0.0,15.0,14.0,42.1,4.8,0.1875,5.0,12.0,170.0,0.0,0.0,7,14,259.0,15.0,1204,1728,1221,0.0,0.0,8.0,12.0,37.4,2.2,0.35714285714285715,0.0,0.0,5.0,6.0,41.9,3.8,0.16666666666666666,0.6,0.0,51.0,-166.0,16.0,8.0,426.0,-0.125,0.0,0.0,0.0,0.16666666666666666,-0.35999999999999943,0.0,,0.488900000000001,3.9462000000000046,2.2468999999999966,5.734200000000001,0.18951019931987434,1.866976164818395,-3.0,1.0,0.0,0.025,0.1,0.0,,-0.10755148741418766,
249,202305010701,1,1,0,7,8,9,5,67,0,0,0,1,0,0,0,2,2,3,2,31,0,0,0,1,0,0,0,2,0,2,1,8,0,0,0,1,0.0,0.0,2.0,6.0,40.6,1.1,0.1,0.0,0.0,12.0,17.0,36.0,2.3,0.3888888888888889,0.0,0.0,11.0,15.0,42.5,5.0,0.0625,4.5,22.0,0.0,0.0,0.0,1,1,47.9,11.0,1600,1558,680,0.0,0.0,3.0,9.0,39.8,2.8,0.4375,0.0,0.0,3.0,15.0,44.5,7.7,0.5,1.0,0.0,54.0,-523.0,16.0,10.0,490.0,0.0,0.0,0.0,-0.0625,0.125,-1.1599999999999995,0.0,2.3205000000000027,0.7087000000000003,4.346200000000003,1.8888999999999996,6.220500000000001,0.18065937186311512,2.8491402211895434,4.0,3.0,0.0,0.09333333333333334,0.29333333333333333,0.0,,0.05844155844155843,0.0611517126001585
250,202305010701,0,0,0,1,8,10,8,73,0,0,0,0,0,0,0,0,3,3,4,27,0,0,0,0,0,0,0,0,0,0,0,2,0,0,0,0,0.0,0.0,10.0,8.0,40.0,3.0,0.7,0.0,0.0,16.0,15.0,39.0,2.6,0.6875,0.0,0.0,16.0,14.0,36.6,1.6,0.375,3.0,-11.0,0.0,0.1111111111111111,0.2222222222222222,2,4,446.2,16.0,1658,1556,1167,0.0,0.0,16.0,16.0,42.3,6.2,0.9375,0.0,0.0,13.0,11.0,35.6,2.3,0.23076923076923078,0.7,0.0,51.0,-276.0,16.0,10.0,447.0,0.0,0.125,0.125,0.0,0.0,0.55,0.0,2.3357000000000028,1.1766999999999967,1.4468999999999994,4.1462,0.5253000000000014,0.2520159840427145,2.3983327542274013,-3.0,2.0,0.0,0.02,0.16,0.0,,,-0.01480214466629387
251,202305010702,19,15,6,94,8,9,5,67,0,0,0,0,11,6,2,52,2,3,2,31,0,0,0,0,1,0,0,1,0,0,0,0,0,0,0,0,0.0,0.0,30.0,9.0,38.5,1.1,0.1875,0.0,0.0,2.0,5.0,37.2,1.0,0.25,0.0,0.0,7.0,7.0,36.7,1.0,0.125,-1.0,-8.0,250.0,0.1044776119402985,0.27611940298507465,8,16,1.7,1.0,1576,1558,1577,0.0,0.0,6.0,7.0,38.1,1.6,0.13333333333333333,0.0,0.0,9.0,11.0,36.9,1.0,0.125,0.6,0.0,54.0,-637.0,16.0,16.0,490.0,0.0,0.16666666666666666,0.0,0.0,0.0,0.23000000000000043,0.0,0.6766999999999967,-0.6210999999999984,-0.9642999999999944,0.18890000000000384,-1.3795000000000002,0.04884783629917614,0.6997142273814357,2.0,2.0,0.0,0.08163265306122448,0.24489795918367346,0.0,,-0.03389267477838315,0.0611517126001585
252,202305010702,0,0,0,2,2,0,0,3,0,0,0,0,0,0,0,2,2,0,0,2,0,0,0,0,0,0,0,0,0,0,0,0,0,0,0,0,0.0,0.0,10.0,1.0,37.8,0.0,0.8,0.0,0.0,40.0,8.0,38.4,1.9,0.5333333333333333,0.0,0.0,40.0,11.0,38.3,1.7,0.125,5.0,21.0,0.0,0.15228426395939088,0.350253807106599,5,9,13.2,4.0,1381,1520,548,0.0,0.0,10.0,10.0,37.9,1.0,0.25,0.0,0.0,10.0,6.0,38.5,0.6,0.375,1.2000000000000002,0.2,56.0,-510.0,16.0,10.0,513.0,-0.7,0.0,0.0,0.0,-0.125,-0.09000000000000057,0.0,0.13569999999999993,0.488900000000001,1.0448999999999984,-0.25379999999999825,1.0822999999999965,0.23458000293669062,0.27856776554368295,0.0,2.0,0.5,0.06382978723404255,0.14893617021276595,0.0,,,-0.06363636363636366
253,202305010702,8,6,6,48,8,9,5,67,0,1,0,0,4,4,3,21,2,3,2,31,0,1,0,0,0,0,0,2,0,0,0,0,0,0,0,0,0.0,0.0,2.0,1.0,38.8,0.0,0.08333333333333333,0.0,0.0,10.0,14.0,39.7,2.8,0.21428571428571427,0.0,0.0,1.0,10.0,40.0,1.5,0.375,4.5,-8.0,-100.0,0.023255813953488372,0.11627906976744186,8,15,5.3,2.0,1278,1558,625,0.0,0.0,2.0,3.0,37.4,0.5,0.1875,,,,,,,,0.2,0.5,52.0,-524.0,16.0,12.0,458.0,0.0,0.21428571428571427,0.125,0.0,,0.38999999999999985,0.0,,0.30740000000000123,2.0889000000000024,-0.7537999999999982,,0.10451419493555511,1.0108783309577876,0.0,1.0,1.0,0.0625,0.16666666666666666,0.0,,0.010563380281690127,0.0611517126001585
254,202305010702,0,0,0,0,4,2,2,24,0,0,0,0,0,0,0,0,2,2,2,12,0,0,0,0,0,0,0,0,0,0,0,0,0,0,0,0,0.0,0.0,4.0,10.0,39.5,1.9,0.8,0.0,0.0,15.0,9.0,34.7,0.4,0.5555555555555556,0.0,0.0,8.0,9.0,38.2,2.4,0.625,-0.5,6.0,0.0,0.06862745098039216,0.19117647058823528,5,10,131.4,13.0,1268,1376,1405,0.0,0.0,8.0,15.0,40.9,3.2,0.4375,0.0,0.0,13.0,4.0,38.6,1.6,0.125,-0.6,0.0,54.0,-526.0,16.0,10.0,458.0,0.2,-0.05555555555555555,0.0,0.0,0.0,-0.43999999999999984,0.0,1.2205000000000013,-0.45309999999999917,0.5083000000000055,2.6205,0.4462000000000046,0.2248874890162843,2.060485379710323,0.0,3.0,0.0,0.0379746835443038,0.12658227848101267,0.0,,,0.07508296460176991
255,202305010702,1,4,5,27,0,0,1,0,0,0,0,0,1,0,1,10,0,0,1,0,0,0,0,0,0,0,0,1,0,0,0,0,0,0,0,0,0.0,0.0,2.0,8.0,45.5,5.2,0.3,0.0,0.0,12.0,15.0,39.5,2.8,0.375,0.0,0.0,10.0,15.0,37.6,3.0,0.875,3.5,10.0,-100.0,0.03676470588235294,0.18382352941176472,4,8,43.6,9.0,1605,432,1,0.0,0.0,8.0,5.0,39.6,1.2,0.1875,0.0,0.0,9.0,5.0,37.3,1.7,0.625,-1.6,0.0,56.0,-499.0,16.0,10.0,482.0,0.4,0.625,0.0,0.0625,0.0,1.6300000000000003,0.0,,0.10739999999999839,-0.0642999999999958,1.3205000000000027,-0.8537999999999997,0.24728526037756476,2.954995769878529,0.0,3.0,0.0,0.3333333333333333,0.3333333333333333,0.0,,0.056687605331699115,
256,202305010702,1,0,1,19,6,4,4,98,0,0,0,0,1,0,0,9,1,3,1,43,0,0,0,0,0,0,0,0,0,0,0,4,0,0,0,0,0.0,0.0,6.0,9.0,41.1,4.4,0.9090909090909091,0.0,0.0,14.0,8.0,38.9,2.0,0.875,0.0,0.0,7.0,6.0,37.7,1.9,0.5625,-1.5,-8.0,-400.0,0.025,0.10625,6,12,20.6,7.0,1447,1013,1721,,,,,,,,,,,,,,,-1.5,0.0,56.0,-49.0,16.0,11.0,494.0,-0.36363636363636365,-0.25,0.0,,,1.6999999999999993,0.0,1.5533000000000001,-0.6467000000000027,-0.453799999999994,,,0.1559713999235855,1.4079141387961913,0.0,1.0,0.0,0.0,0.17857142857142858,0.0,,-0.14198717948717948,-0.045033397974574424
257,202305010702,0,0,0,5,0,0,0,1,0,0,0,1,0,0,0,5,0,0,0,1,0,0,0,1,0,0,0,2,0,0,0,1,0,0,0,1,0.0,0.0,6.0,5.0,39.6,1.2,0.875,0.0,0.0,10.0,10.0,40.3,2.5,0.3333333333333333,0.0,0.0,9.0,9.0,39.6,1.3,0.6923076923076923,2.0,1.0,-100.0,0.022857142857142857,0.08571428571428572,1,1,79.5,11.0,1487,1254,1558,0.0,0.0,11.0,7.0,37.3,2.4,0.75,,,,,,,,0.5,0.0,56.0,-526.0,16.0,8.0,465.0,-0.25,0.0,-0.3076923076923077,0.0,,0.7600000000000009,0.0,,0.7532999999999959,0.053300000000000125,-0.8537999999999997,,0.20127815966758936,1.1335784048754642,0.0,1.0,0.0,0.0,0.0,0.0,,-0.2727272727272727,
258,202305010702,3,2,1,43,0,0,0,1,0,0,0,0,2,1,1,23,0,0,0,1,0,0,0,0,0,0,0,2,0,0,0,0,0,0,0,0,0.0,0.0,5.0,8.0,40.1,2.8,0.875,0.0,0.0,16.0,16.0,42.5,6.9,0.6875,0.0,0.0,16.0,8.0,38.8,2.7,0.5,0.0,0.0,400.0,0.07462686567164178,0.11940298507462686,2,4,226.6,16.0,1393,753,1263,,,,,,,,,,,,,,,0.0,0.0,56.0,-166.0,16.0,8.0,470.0,0.0,0.3125,-0.0625,,,0.6500000000000021,0.0,3.6589000000000027,2.8740999999999985,0.6462000000000003,,,0.15309310892394862,1.5326085243430208,0.0,1.0,0.0,0.07142857142857142,0.2,0.0,,-0.03920282129090463,
259,202305010702,2,2,6,46,8,9,5,67,0,0,0,1,0,1,3,26,2,3,2,31,0,0,0,1,0,1,0,1,0,0,0,0,0,0,0,0,0.0,0.0,15.0,9.0,37.1,2.8,0.875,,,,,,,,,,,,,,,,,0.0,0.021739130434782608,0.043478260869565216,7,14,222.7,15.0,1172,1558,1556,,,,,,,,,,,,,,,,0.0,54.0,0.0,16.0,16.0,390.0,-0.0625,,,,,,,-1.0537999999999954,,,,,,,0.0,1.0,0.0,0.03225806451612903,0.06451612903225806,0.0,,,
260,202305010702,2,3,4,35,0,0,0,0,0,0,0,0,1,0,3,10,0,0,0,0,0,0,0,0,0,0,0,0,0,0,0,0,0,0,0,0,0.0,0.0,110.0,11.0,42.9,7.5,0.8181818181818182,0.0,0.0,,,,,,0.0,0.0,160.0,16.0,38.2,3.5,0.9375,5.0,,-1000.0,0.0,0.0,7,13,7.4,3.0,1503,51,1263,0.0,0.0,100.0,9.0,37.8,3.9,0.8,0.0,0.0,140.0,14.0,39.7,4.4,0.9285714285714286,0.2,0.0,56.0,-630.0,16.0,11.0,476.0,0.18181818181818182,,0.0625,0.2,0.07142857142857142,0.9999999999999993,0.0,2.7748999999999953,,2.7531999999999996,1.998199999999997,3.4155000000000015,0.06238482124053514,2.005617112013158,1.0,0.0,,0.17391304347826086,0.391304347826087,0.0,,-0.017174959871589096,
261,202305010702,1,0,1,35,0,0,0,25,0,0,0,2,1,0,1,18,0,0,0,14,0,0,0,2,0,0,0,2,0,0,0,1,0,0,0,0,0.0,0.0,10.0,10.0,42.1,2.6,0.08333333333333333,0.0,0.0,14.0,13.0,38.4,2.3,0.4375,0.0,0.0,8.0,14.0,46.8,7.4,0.2,2.0,15.0,-300.0,0.05,0.15555555555555556,4,7,14.9,5.0,1090,1036,1169,0.0,0.0,5.0,11.0,39.7,3.1,0.3125,,,,,,,,0.4,0.0,56.0,-524.0,16.0,12.0,449.0,0.3333333333333333,0.0,0.4,0.0,,-0.12000000000000029,0.0,2.7074,0.7083000000000013,7.253299999999996,1.546200000000006,,0.131398725260179,3.203513695928268,0.0,1.0,0.0,0.0547945205479452,0.136986301369863,0.0,,-0.06184012066365008,-0.0649867374005305
262,202305010702,0,0,0,5,2,2,2,30,0,0,0,1,0,0,0,3,2,0,0,21,0,0,0,0,0,0,0,0,0,0,0,4,0,0,0,0,0.0,0.0,9.0,12.0,37.8,2.5,0.3333333333333333,0.0,0.0,12.0,12.0,39.1,3.7,0.625,,,,,,,,0.0,-14.0,400.0,0.0,0.08333333333333333,6,11,113.5,12.0,1704,1366,1712,,,,,,,,,,,,,,,0.0,0.0,53.0,-529.0,16.0,12.0,486.0,0.5833333333333334,0.0625,,,,-1.3000000000000043,0.0,1.5257999999999967,0.9462000000000046,,,,0.14583333333333334,0.6500000000000021,-1.0,1.0,0.0,0.015151515151515152,0.045454545454545456,0.0,,,
263,202305010702,4,2,6,19,0,0,1,8,0,0,0,0,2,0,3,9,0,0,0,2,0,0,0,0,0,0,1,1,0,0,0,0,0,0,0,0,0.0,0.0,10.0,1.0,37.7,0.0,0.25,0.0,0.0,100.0,6.0,38.8,0.7,0.3125,0.0,0.0,90.0,4.0,38.1,0.5,0.1875,1.5,9.0,0.0,0.06172839506172839,0.2716049382716049,3,6,28.1,8.0,1020,1713,1576,0.0,0.0,,,,,,0.0,0.0,120.0,8.0,40.7,2.9,0.8125,1.9,0.25,54.0,-398.0,16.0,8.0,497.0,-0.125,0.0,0.0625,,0.0625,-0.8300000000000004,0.0,-0.5794999999999959,0.7273999999999958,0.02740000000000009,,1.0741000000000014,0.24754655496491967,1.1519006033508277,0.0,1.0,1.0,0.10416666666666667,0.14583333333333334,0.0,,0.16294117647058826,-0.02580645161290321
264,202305010702,2,1,1,16,8,9,5,67,0,0,0,0,1,1,0,9,2,3,2,31,0,0,0,0,0,0,0,0,0,0,0,0,0,0,0,0,0.0,0.0,18.0,,,,0.5,0.0,0.0,13.0,16.0,40.9,4.3,0.6875,0.0,0.0,6.0,14.0,41.4,4.6,0.1875,-2.0,12.0,-200.0,0.05426356589147287,0.17054263565891473,1,2,20.1,6.0,1148,1558,1393,,,,,,,,,,,,,,,-2.0,0.0,53.0,-99.0,16.0,18.0,464.0,,0.0625,0.0,,,-0.5,0.0,,2.988900000000001,3.2462000000000018,,,0.20623947784607635,0.25,0.0,1.0,0.0,0.08695652173913043,0.15217391304347827,0.0,,-0.08345021037868161,0.0611517126001585
265,202305010702,0,2,1,6,1,0,0,2,0,0,0,0,0,1,0,1,0,0,0,2,0,0,0,0,0,0,0,0,0,0,0,0,0,0,0,0,0.0,0.0,3.0,,,,1.0,0.0,0.0,13.0,15.0,41.5,6.2,1.0,0.0,0.0,10.0,15.0,38.4,4.9,0.9375,0.0,10.0,100.0,0.06956521739130435,0.26956521739130435,3,5,65.7,10.0,1045,1169,969,,,,,,,,,,,,,,,0.0,0.0,56.0,-275.0,16.0,11.0,506.0,0.0,0.0,0.0,,,3.1000000000000014,0.0,,3.4273999999999987,0.24620000000000175,,,0.02946278254943948,1.5500000000000007,0.0,1.0,0.0,0.08108108108108109,0.22972972972972974,0.0,,0.1515151515151515,0.1857142857142857
266,202305010702,0,1,0,14,0,0,0,6,0,0,0,0,0,0,0,10,0,0,0,3,0,0,0,0,0,0,0,0,0,0,0,0,0,0,0,0,0.0,0.0,10.0,11.0,38.1,3.4,1.0,0.0,0.0,14.0,16.0,39.9,9.3,1.0,,,,,,,,5.0,-3.0,0.0,0.0,0.0,2,3,214.7,14.0,1441,1665,1167,,,,,,,,,,,,,,,5.0,0.0,56.0,-33.0,16.0,12.0,469.0,0.0,0.0,,,,-1.7999999999999972,0.0,0.4357000000000042,1.7462000000000018,,,,0.0,0.8999999999999986,2.0,2.0,0.0,0.061224489795918366,0.22448979591836735,0.0,,,
267,202305010707,19,15,6,94,0,0,0,9,0,0,0,2,11,6,2,52,0,0,0,4,0,0,0,1,5,3,0,19,0,0,0,2,0,0,0,1,0.0,0.0,100.0,10.0,38.8,1.3,0.9166666666666666,0.0,0.0,150.0,13.0,35.7,1.4,0.8666666666666667,0.0,0.0,150.0,11.0,37.6,2.1,0.6666666666666666,0.5,2.0,200.0,0.1452513966480447,0.35195530726256985,1,2,3.6,1.0,1576,1522,1577,0.0,0.0,150.0,15.0,36.2,2.1,1.0,0.0,0.0,140.0,12.0,38.4,2.3,0.5625,0.6,0.0,58.0,-584.0,16.0,12.0,524.0,0.08333333333333333,0.13333333333333333,0.0,0.0,0.0,0.029999999999999714,0.0,0.8888999999999996,-2.453799999999994,-0.6794999999999973,-1.6210999999999984,0.32739999999999725,0.16260893784373193,1.2092973166264758,1.0,2.0,0.0,0.09259259259259259,0.25925925925925924,0.0,,-0.03389267477838315,0.05357142857142857
268,202305010707,2,1,1,16,0,0,0,0,0,0,0,0,1,1,0,9,0,0,0,0,0,0,0,0,1,0,0,3,0,0,0,0,0,0,0,0,0.0,0.0,100.0,7.0,36.4,0.7,0.8666666666666667,0.0,0.0,15.0,7.0,36.6,0.7,0.6,0.0,0.0,13.0,10.0,37.3,1.2,0.3125,1.5,2.0,250.0,0.15306122448979592,0.3469387755102041,6,11,5.1,4.0,1148,707,1393,0.0,0.0,11.0,8.0,36.6,1.6,0.6875,0.0,0.0,13.0,16.0,38.4,2.2,0.4375,1.9,0.0,56.0,-637.0,16.0,15.0,472.0,-0.13333333333333333,0.13333333333333333,-0.0625,0.0,-0.0625,-0.4,0.0,-1.4233000000000047,-1.3110999999999962,-0.7726000000000042,-1.6794999999999973,0.12049999999999983,0.1928694146595336,0.7364781055808779,0.0,2.0,0.0,0.037037037037037035,0.14814814814814814,0.0,,-0.08345021037868161,
269,202305010707,3,0,3,13,11,5,9,70,0,0,1,0,0,0,1,6,3,0,1,26,0,0,1,0,0,0,1,2,1,0,1,8,0,0,1,0,0.0,0.0,11.0,,,,0.875,0.0,0.0,5.0,3.0,36.8,0.7,0.5333333333333333,0.0,0.0,8.0,4.0,35.2,0.3,0.8,1.0,-4.0,0.0,0.037037037037037035,0.17777777777777778,7,14,13.1,6.0,1657,1167,1317,0.0,0.0,10.0,8.0,38.6,1.1,0.6875,0.0,0.0,8.0,7.0,36.9,0.8,0.8,1.6,0.25,56.0,-491.0,16.0,16.0,476.0,0.0,0.0,0.06666666666666667,-0.0625,0.0,-0.3700000000000003,0.0,,-1.4795000000000016,-2.953799999999994,0.32050000000000267,-0.9211000000000027,0.1190704739966117,1.2028611723719405,0.0,4.0,0.25,0.09523809523809523,0.2619047619047619,0.0,,-0.0393939393939394,0.019083827201908404
270,202305010707,1,1,2,5,8,9,5,67,0,1,0,2,0,0,1,2,2,3,2,31,0,0,0,2,0,0,0,0,0,0,0,9,0,0,0,0,0.0,0.0,2.0,4.0,38.2,0.4,0.125,0.0,0.0,1.0,1.0,38.5,0.0,0.2727272727272727,0.0,0.0,2.0,8.0,40.7,1.7,0.26666666666666666,2.0,-2.0,0.0,0.25,0.5142857142857142,4,7,3.9,2.0,1154,1558,1561,0.0,0.0,2.0,4.0,37.8,1.2,0.3333333333333333,0.0,0.0,1.0,2.0,36.4,0.0,0.45454545454545453,-0.1,0.4,58.0,0.0,16.0,16.0,498.0,0.0,-0.09090909090909091,0.0,0.0,0.0,0.43000000000000116,0.0,0.046200000000006014,0.42739999999999867,1.1533000000000015,-1.8259000000000043,-1.5167000000000002,0.10678927182388617,1.3905394636614972,0.0,1.0,0.0,0.04054054054054054,0.1891891891891892,0.0,,-0.054545454545454564,0.0611517126001585
271,202305010707,1,2,2,30,1,1,1,8,0,0,0,1,0,1,0,15,1,1,1,3,0,0,0,0,0,1,0,5,0,0,1,0,0,0,0,0,0.0,0.0,14.0,13.0,37.6,1.6,0.75,0.0,0.0,11.0,10.0,37.2,1.8,0.25,0.0,0.0,8.0,5.0,37.5,0.6,0.5625,-4.0,-2.0,-200.0,0.022222222222222223,0.13333333333333333,7,13,30.1,8.0,1431,1541,1428,0.0,0.0,15.0,4.0,36.5,0.4,0.75,0.0,0.0,15.0,10.0,37.9,0.9,0.9333333333333333,-1.2,0.0,56.0,-98.0,16.0,16.0,438.0,0.0625,-0.0625,0.0,-0.25,0.0,0.010000000000000852,0.0,-0.4725999999999999,-0.953799999999994,-0.6537999999999968,-1.0914000000000001,-0.37950000000000017,0.23148674068099692,0.47581509013481244,0.0,3.0,0.0,0.08928571428571429,0.25,0.0,,-0.03118137900746598,0.0367965367965368
272,202305010707,1,2,2,30,0,0,0,5,0,0,0,0,0,1,0,15,0,0,0,1,0,0,0,0,0,1,0,5,0,0,0,1,0,0,0,0,0.0,0.0,8.0,6.0,38.5,1.4,0.5,0.0,0.0,15.0,10.0,36.9,1.5,0.875,0.0,0.0,17.0,18.0,34.1,1.4,0.4444444444444444,6.0,24.0,200.0,0.04597701149425287,0.13793103448275862,8,16,226.0,14.0,1431,1378,1428,0.0,0.0,15.0,11.0,36.5,1.6,0.6875,0.0,0.0,8.0,10.0,36.8,0.9,0.5,0.9,0.0,56.0,-464.0,16.0,10.0,478.0,0.0,-0.0625,0.1111111111111111,0.0,0.0,0.38000000000000045,0.0,0.6788999999999987,-1.011099999999999,-1.0064999999999955,-1.7794999999999987,-1.1111000000000004,0.15966786514666573,1.4136477637657827,2.0,1.0,0.0,0.028169014084507043,0.14084507042253522,0.0,,-0.03118137900746598,-0.0625
273,202305010707,2,1,1,16,11,5,9,70,0,0,0,4,1,1,0,9,3,0,1,26,0,0,0,4,1,0,0,3,1,0,1,8,0,0,0,3,0.0,0.0,3.0,4.0,39.9,1.2,0.6,0.0,0.0,9.0,3.0,38.1,0.2,0.6153846153846154,0.0,0.0,13.0,11.0,37.1,2.0,0.625,3.5,7.0,-200.0,0.0546875,0.171875,3,5,48.8,10.0,1148,1167,1393,0.0,0.0,10.0,7.0,37.7,0.8,0.5625,0.0,0.0,15.0,6.0,35.3,1.0,1.0,0.8,0.2,55.0,-248.0,16.0,10.0,429.0,-0.1,-0.07692307692307693,0.125,0.0,0.0,0.9600000000000002,0.0,1.8273999999999972,-1.5259,-1.1794999999999973,-0.453799999999994,-2.8537999999999997,0.16112401045642494,1.4891608375189032,0.0,3.0,0.0,0.07894736842105263,0.21052631578947367,0.0,,-0.08345021037868161,0.019083827201908404
274,202305010707,3,5,2,32,4,2,2,24,0,0,0,1,2,2,0,7,2,2,2,12,0,0,0,1,1,1,0,4,2,0,0,5,0,0,0,1,0.0,0.0,,,,,,0.0,0.0,150.0,15.0,38.4,3.9,0.5,0.0,0.0,140.0,7.0,36.8,1.7,0.625,-8.0,,-200.0,0.014285714285714285,0.18571428571428572,1,1,47.9,9.0,1152,1376,1428,0.0,0.0,90.0,8.0,37.9,0.8,0.4375,0.0,0.0,140.0,5.0,36.3,0.6,0.875,-2.9,0.0,56.0,-524.0,16.0,7.0,,,0.1875,0.125,0.0,-0.125,0.5200000000000002,0.0,,0.24620000000000175,-1.4795000000000016,-0.25379999999999825,-1.291400000000003,0.16755945773068137,0.8381527307120111,2.0,3.0,0.0,0.038461538461538464,0.1282051282051282,0.0,,-0.0014982876712328896,0.07508296460176991
275,202305010707,6,6,6,55,1,0,0,25,0,0,0,0,2,5,4,25,0,0,0,9,0,0,0,0,1,1,0,5,0,0,0,4,0,0,0,0,0.0,0.0,140.0,11.0,38.0,1.4,0.3125,0.0,0.0,40.0,14.0,41.4,3.9,0.4666666666666667,0.0,0.0,50.0,3.0,39.5,0.7,0.1875,-4.0,-2.0,-200.0,0.06986899563318777,0.27074235807860264,2,4,11.2,5.0,1520,1306,695,0.0,0.0,20.0,10.0,40.1,1.4,0.5,0.0,0.0,40.0,3.0,38.8,0.4,0.36363636363636365,-2.0,0.4,58.0,265.0,16.0,16.0,474.0,0.0,0.2,0.0,-0.0625,0.0,-0.029999999999999714,0.0,-0.07260000000000133,1.7740999999999971,-0.12590000000000146,0.7073999999999998,-0.8259000000000043,0.11208911293177798,1.1568923891183658,2.0,0.0,,0.09473684210526316,0.23157894736842105,0.0,,0.0023270846800258482,-0.08709065021357382
276,202305010707,0,0,2,7,3,2,3,51,0,0,1,2,0,0,1,1,1,0,3,24,0,0,1,1,0,0,0,1,0,0,0,4,0,0,0,1,0.0,0.0,20.0,4.0,36.2,0.6,0.625,0.0,0.0,40.0,3.0,36.4,0.4,0.75,0.0,0.0,30.0,2.0,35.0,0.6,0.625,-1.0,0.0,0.0,0.02877697841726619,0.08633093525179857,4,8,4.4,3.0,1175,1482,882,0.0,0.0,100.0,4.0,35.5,0.7,0.9375,0.0,0.0,10.0,1.0,35.8,0.0,0.1875,-0.5,0.6,56.0,83.0,16.0,16.0,432.0,0.125,0.0625,0.0,-0.0625,0.0,0.17000000000000098,0.0,-1.933799999999998,-1.1914000000000016,-2.5914,-2.7794999999999987,-1.791400000000003,0.24685522072664373,0.499599839871872,2.0,2.0,0.0,0.03773584905660377,0.20754716981132076,1.0,0.0,-0.05833333333333332,-0.05872427832593624
277,202305010707,2,1,0,27,5,2,1,41,0,0,0,2,0,1,0,17,4,1,1,22,0,0,0,1,0,0,0,3,0,1,0,5,0,0,0,0,0.0,0.0,3.0,9.0,37.1,1.4,0.5,0.0,0.0,7.0,2.0,36.1,0.2,0.18181818181818182,0.0,0.0,4.0,4.0,36.6,0.6,0.25,-2.5,0.0,400.0,0.06369426751592357,0.22929936305732485,2,3,70.1,11.0,1333,1393,1294,0.0,0.0,8.0,2.0,35.5,0.0,0.16666666666666666,0.0,0.0,9.0,7.0,35.9,0.9,0.45454545454545453,-0.4,0.4,56.0,-175.0,16.0,12.0,536.0,0.25,0.0,0.0,0.0,0.18181818181818182,0.3000000000000007,0.0,0.6589000000000027,-0.3410999999999973,0.1589000000000027,-0.3977000000000004,0.0022999999999981924,0.1396900675347407,0.5571355310873655,1.0,0.0,,0.08771929824561403,0.24561403508771928,0.0,,-0.10158730158730159,-0.10199418363107604
278,202305010707,0,2,0,20,5,5,6,46,0,0,0,1,0,0,0,6,2,1,2,22,0,0,0,1,0,0,0,2,1,0,0,7,0,0,0,1,0.0,0.0,7.0,,,,,0.0,0.0,5.0,6.0,13.7,2.9,0.14285714285714285,0.0,0.0,6.0,2.0,13.4,1.0,0.09090909090909091,-4.0,2.0,-1460.0,0.021739130434782608,0.07608695652173914,5,10,177.1,12.0,1294,1405,471,0.0,0.0,9.0,5.0,13.1,1.5,0.42857142857142855,0.0,0.0,13.0,12.0,13.6,6.0,0.5714285714285714,2.1,0.25,58.0,-379.0,16.0,12.0,478.0,,0.2857142857142857,0.09090909090909091,0.0,0.2857142857142857,0.05999999999999996,0.0,,,,,,0.19895472337472114,0.22912878474779186,-2.0,0.0,,0.08888888888888889,0.15555555555555556,0.0,,-0.11505216095380028,0.04068736141906873
279,202305010707,1,0,1,3,0,0,0,25,0,0,0,0,0,0,1,3,0,0,0,14,0,0,0,0,0,0,0,1,0,0,0,3,0,0,0,0,0.0,0.0,3.0,1.0,40.0,0.0,0.2727272727272727,0.0,0.0,14.0,15.0,37.2,2.4,0.875,0.0,0.0,11.0,12.0,37.9,1.1,0.25,5.5,1.0,0.0,0.0,0.0,6,12,29.7,7.0,1629,1036,1428,0.0,0.0,12.0,15.0,37.7,1.4,0.5625,0.0,0.0,8.0,9.0,38.8,0.9,0.13333333333333333,1.6,0.2,58.0,-515.0,16.0,11.0,473.0,0.0,0.0,0.0625,-0.0625,0.0,0.19000000000000056,0.0,2.3357000000000028,-0.7110999999999947,0.0788999999999973,0.008300000000005525,1.3822999999999936,0.2683616928018094,0.9867117106835196,3.0,1.0,1.0,0.058823529411764705,0.29411764705882354,0.0,,0.09957325746799428,-0.0649867374005305
280,202305010707,1,1,4,26,4,4,8,68,0,0,0,0,0,0,1,10,1,0,2,20,0,0,0,0,0,0,0,8,0,0,1,6,0,0,0,0,0.0,0.0,14.0,16.0,39.9,3.3,0.25,0.0,0.0,11.0,11.0,39.7,2.7,0.8181818181818182,0.0,0.0,14.0,12.0,41.0,2.0,1.0,-2.0,-4.0,100.0,0.0375,0.175,8,15,211.5,13.0,1098,1183,1294,0.0,0.0,13.0,14.0,38.6,2.3,0.875,0.0,0.0,14.0,11.0,37.8,1.2,0.6875,-0.7,0.0,56.0,-77.0,16.0,16.0,460.0,0.0,0.18181818181818182,-0.06666666666666667,0.0,0.0625,0.5300000000000005,0.0,2.3085999999999984,0.30740000000000123,1.3740999999999985,0.4462000000000046,-0.11110000000000042,0.25839219981574485,1.1045361017187267,0.0,1.0,0.0,0.05,0.175,0.0,,0.056540649046503855,-0.0538498326159732
281,202305010707,1,0,1,13,0,0,0,9,0,0,0,1,1,0,0,7,0,0,0,4,0,0,0,1,0,0,0,2,0,0,0,1,0,0,0,1,0.0,0.0,13.0,11.0,35.0,1.5,0.7857142857142857,0.0,0.0,15.0,12.0,35.0,1.7,0.75,0.0,0.0,15.0,16.0,37.7,2.2,0.125,2.5,-8.0,200.0,0.06896551724137931,0.1921182266009852,5,9,384.2,16.0,1712,1620,1292,0.0,0.0,9.0,8.0,15.0,15.1,0.6666666666666666,0.0,0.0,16.0,15.0,38.8,2.5,0.9375,0.4,0.0,58.0,-421.0,16.0,14.0,482.0,-0.07142857142857142,-0.0625,0.0,0.2222222222222222,-0.0625,1.2400000000000007,0.0,-0.153100000000002,-0.07469999999999999,2.625300000000003,,0.6462000000000003,0.27818450948101464,8.77815470358093,0.0,1.0,0.0,0.10638297872340426,0.14893617021276595,0.0,,0.16666666666666669,0.058823529411764705
282,202305010707,1,1,0,18,4,4,8,68,0,0,0,1,0,1,0,12,1,0,2,20,0,0,0,0,0,1,0,4,0,0,1,6,0,0,0,0,0.0,0.0,40.0,9.0,36.5,1.3,0.4166666666666667,0.0,0.0,50.0,8.0,38.0,1.5,0.125,0.0,0.0,20.0,6.0,37.2,1.3,0.1875,-1.5,-2.0,400.0,0.05027932960893855,0.1564245810055866,3,6,233.2,15.0,1310,1183,1618,0.0,0.0,40.0,3.0,35.5,0.4,0.3333333333333333,0.0,0.0,20.0,2.0,35.8,0.2,0.42857142857142855,-1.9,0.4,56.0,181.0,16.0,12.0,468.0,0.08333333333333333,0.0,0.0625,0.0,0.0,0.39000000000000057,0.0,0.058900000000001285,2.183799999999998,2.046900000000001,0.346899999999998,0.6468999999999951,0.12208041660280256,0.9143303560529977,4.0,0.0,,0.0,0.06,0.0,,-0.08333333333333334,-0.0538498326159732
283,202305010801,5,1,2,9,3,1,3,21,0,0,1,0,1,0,0,3,0,1,0,3,0,0,0,0,1,0,0,3,0,0,0,2,0,0,0,0,0.0,0.0,4.0,11.0,40.8,2.9,0.8461538461538461,0.0,0.0,7.0,9.0,37.8,1.3,0.9166666666666666,0.0,0.0,11.0,10.0,34.8,1.2,0.8125,-0.5,-5.0,-200.0,0.24647887323943662,0.5140845070422535,6,12,1.9,1.0,1467,1503,336,0.0,0.0,9.0,7.0,37.0,1.1,0.8666666666666667,0.0,0.0,7.0,13.0,38.0,1.8,0.375,0.2,0.0,56.0,-562.0,16.0,13.0,503.0,0.0,-0.16666666666666666,-0.125,0.0,0.0,0.6399999999999991,0.0,3.5448999999999984,-1.409400000000005,-2.8643,-1.2794999999999987,-0.27949999999999875,0.1971132895448386,1.9291448882859992,0.0,3.0,0.0,0.13725490196078433,0.3333333333333333,0.0,,0.12021857923497267,0.016511867905056737
284,202305010801,0,1,1,5,0,0,0,0,0,0,0,0,0,0,0,0,0,0,0,0,0,0,0,0,0,0,0,0,0,0,0,0,0,0,0,0,0.0,0.0,1.0,2.0,36.3,0.1,0.5625,0.0,0.0,11.0,2.0,36.4,0.4,0.3125,0.0,0.0,11.0,7.0,35.9,0.4,0.14285714285714285,2.5,-4.0,0.0,0.038461538461538464,0.057692307692307696,6,11,61.5,11.0,1434,173,969,,,,,,,,,,,,,,,2.5,0.6666666666666666,56.0,-28.0,16.0,16.0,460.0,-0.0625,0.0,0.0,,,0.1999999999999993,0.0,-1.3643,-1.7537999999999982,-0.016600000000003945,,,0.17236228851869356,0.21602468994692844,0.0,2.0,1.0,0.0,0.06666666666666667,0.0,,-0.02167182662538697,
285,202305010801,8,6,6,48,8,7,7,71,0,0,2,5,4,4,3,21,3,2,0,23,0,0,0,1,2,2,2,2,2,0,0,8,0,0,0,1,0.0,0.0,4.0,5.0,36.4,0.4,0.625,0.0,0.0,2.0,1.0,36.7,0.0,0.125,0.0,0.0,2.0,5.0,37.0,0.2,0.1875,0.0,4.0,0.0,0.0,0.15,2,3,17.2,7.0,1278,1294,625,0.0,0.0,7.0,3.0,37.0,0.4,0.125,0.0,0.0,7.0,2.0,37.6,0.2,0.375,-0.4,0.6,56.0,-119.0,16.0,16.0,460.0,0.0,0.0,0.0,0.0,0.0,-0.2700000000000003,0.0,-1.8795000000000002,-1.579499999999996,-0.6642999999999972,-1.1537999999999968,-0.6794999999999973,0.1920286436967152,0.3979949748426485,1.0,5.0,0.6,0.039473684210526314,0.17105263157894737,0.0,,0.010563380281690127,0.05268199233716475
286,202305010801,4,3,1,28,1,0,0,4,0,0,0,1,1,1,1,9,0,0,0,1,0,0,0,0,0,0,1,3,0,0,0,0,0,0,0,0,0.0,0.0,1.0,8.0,40.2,2.2,0.4,0.0,0.0,5.0,6.0,36.6,0.7,0.5384615384615384,0.0,0.0,2.0,1.0,36.6,0.0,0.375,-3.5,2.0,0.0,0.0,0.0,3,6,21.1,9.0,1095,1316,1221,0.0,0.0,3.0,5.0,36.3,0.9,0.6875,0.0,0.0,1.0,1.0,35.2,0.0,0.4,-1.4999999999999998,0.4,56.0,-526.0,16.0,10.0,520.0,0.0,-0.23076923076923078,-0.0625,0.125,0.0,1.0300000000000005,0.0,1.920500000000004,-1.3166999999999973,-1.5537999999999954,-1.9795000000000016,-2.4642999999999944,0.11857387281188662,1.6904437287292358,1.0,4.0,0.5,0.046511627906976744,0.13953488372093023,0.0,,-0.06510651065106512,0.03333333333333334
287,202305010801,0,0,1,4,3,2,3,50,0,0,0,0,0,0,0,1,2,1,1,17,0,0,0,0,0,0,0,1,1,0,0,3,0,0,0,0,0.0,0.0,20.0,5.0,39.4,0.8,0.0625,0.0,0.0,70.0,7.0,35.0,0.6,0.5833333333333334,0.0,0.0,40.0,13.0,37.9,2.7,0.8571428571428571,4.0,-2.0,-200.0,0.13559322033898305,0.2711864406779661,1,2,16.0,6.0,1064,1559,1556,,,,,,,,,,,,,,,4.0,0.0,56.0,22.0,16.0,16.0,494.0,0.0,0.08333333333333333,-0.21428571428571427,,,0.75,0.0,1.3273999999999972,-0.07469999999999999,2.250099999999996,,,0.32959508606909926,1.826350337573696,0.0,0.0,,0.0,0.0,0.0,,0.07142857142857142,0.07049897869857018
288,202305010801,2,5,8,41,2,2,0,12,0,0,0,1,2,1,1,12,2,1,0,4,0,0,0,1,0,1,0,4,1,0,0,3,0,0,0,1,0.0,0.0,110.0,13.0,38.0,2.2,1.0,0.0,0.0,120.0,13.0,35.9,2.8,1.0,,,,,,,,0.0,6.0,0.0,0.022222222222222223,0.13333333333333333,4,8,527.9,15.0,1691,1412,1167,,,,,,,,,,,,,,,0.0,0.0,54.0,133.0,16.0,16.0,490.0,0.0,0.0,,,,2.1000000000000014,0.0,-0.1338000000000008,0.44079999999999586,,,,0.0,1.0500000000000007,1.0,1.0,0.0,0.045454545454545456,0.13636363636363635,1.0,0.0,-0.0021298174442190843,0.0673635307781649
289,202305010801,3,2,2,30,6,4,4,98,0,1,0,0,1,1,0,10,1,3,1,43,0,1,0,0,0,1,0,5,1,2,1,11,0,1,0,0,0.0,0.0,20.0,5.0,37.8,1.8,0.6875,0.0,0.0,20.0,4.0,37.5,1.3,0.625,0.0,0.0,20.0,2.0,37.5,0.3,0.4375,-1.5,2.0,0.0,0.03278688524590164,0.11475409836065574,4,7,17.8,8.0,1586,1013,1167,0.0,0.0,20.0,3.0,36.5,0.3,0.7857142857142857,0.0,0.0,50.0,3.0,36.3,0.8,0.75,-0.5,0.6,52.0,22.0,16.0,16.0,450.0,0.0,-0.0625,-0.0625,-0.21428571428571427,-0.125,0.4,0.0,-0.4795000000000016,-0.36829999999999785,-0.6338000000000008,-1.7794999999999987,-1.3643,0.12276055173069438,0.6013318551349165,0.0,4.0,0.75,0.09278350515463918,0.2268041237113402,1.0,1.0,-0.06653620352250489,-0.045033397974574424
290,202305010801,5,1,2,9,1,1,1,2,0,0,0,0,1,0,0,3,0,0,1,1,0,0,0,0,1,0,0,3,0,0,0,0,0,0,0,0,0.0,0.0,40.0,9.0,35.4,1.3,0.17647058823529413,0.0,0.0,40.0,2.0,34.6,0.4,0.5882352941176471,0.0,0.0,100.0,2.0,35.4,0.2,0.5294117647058824,-3.5,0.0,0.0,0.05128205128205128,0.1794871794871795,3,5,12.6,5.0,1467,1648,336,,,,,,,,,,,,,,,-3.5,0.6666666666666666,54.0,85.0,16.0,17.0,452.0,0.0,0.0,-0.11764705882352941,,,0.0,0.0,0.29350000000000165,-0.5064999999999955,0.29350000000000165,,,0.18183565677442554,0.377123616632824,0.0,0.0,,0.07692307692307693,0.17307692307692307,0.0,,0.12021857923497267,0.041666666666666685
291,202305010801,4,2,1,36,4,4,8,68,0,0,0,2,2,0,0,7,1,0,2,20,0,0,0,0,2,0,0,5,1,0,1,10,0,0,0,0,0.0,0.0,3.0,7.0,43.1,3.2,0.8181818181818182,0.0,0.0,4.0,14.0,37.6,3.5,0.9375,0.0,0.0,3.0,8.0,37.9,1.9,0.875,0.5,26.0,-200.0,0.0,0.5,8,15,6.0,2.0,1304,1183,1503,0.0,0.0,4.0,3.0,36.1,0.7,0.75,0.0,0.0,2.0,9.0,37.9,2.0,0.5,-0.7,0.2,56.0,-415.0,16.0,11.0,482.0,-0.18181818181818182,0.0,-0.125,-0.0625,-0.1875,1.1900000000000006,0.0,5.183300000000003,0.008600000000001273,-0.37950000000000017,-1.8110999999999962,-0.25379999999999825,0.15133701649624084,2.385288242540092,0.0,2.0,0.0,0.0851063829787234,0.14893617021276595,0.0,,0.005261979399910438,-0.0538498326159732
292,202305010801,6,6,6,55,0,0,0,0,0,0,0,0,2,5,4,25,0,0,0,0,0,0,0,0,1,2,0,9,0,0,0,0,0,0,0,0,0.0,0.0,1.0,1.0,40.7,0.0,0.5555555555555556,0.0,0.0,6.0,14.0,35.4,1.5,0.8125,0.0,0.0,6.0,5.0,35.5,0.7,0.625,2.0,10.0,-100.0,0.05660377358490566,0.22641509433962265,7,13,7.4,3.0,1520,1127,695,0.0,0.0,6.0,7.0,38.0,2.1,0.6666666666666666,0.0,0.0,7.0,10.0,38.8,1.7,0.5625,1.1,0.2,56.0,-521.0,16.0,9.0,518.0,-0.4444444444444444,0.0,-0.0625,-0.06666666666666667,-0.125,0.120000000000001,0.0,,0.24689999999999657,0.346899999999998,0.08890000000000242,1.1357,0.09352081038629124,2.0212867188996233,0.0,1.0,0.0,0.06666666666666667,0.13333333333333333,0.0,,0.0023270846800258482,
293,202305010801,2,2,0,14,2,3,4,19,0,1,0,0,0,1,0,4,0,1,2,9,0,0,0,0,0,0,0,1,0,1,1,8,0,0,0,0,0.0,0.0,20.0,60.0,38.2,1.6,0.8333333333333334,0.0,0.0,100.0,70.0,36.7,0.6,0.9375,0.0,0.0,60.0,50.0,37.1,1.3,0.8666666666666667,-5.0,8.0,200.0,0.028169014084507043,0.07042253521126761,7,14,47.2,10.0,1674,1110,1428,0.0,0.0,100.0,110.0,37.3,2.4,0.9375,0.0,0.0,70.0,20.0,36.5,1.2,0.8125,-4.0,0.0,54.0,-464.0,16.0,6.0,466.0,0.0,-0.0625,-0.13333333333333333,-0.0625,-0.125,0.28000000000000114,0.0,0.37890000000000157,-0.734099999999998,-0.4913999999999987,-0.8537999999999997,-0.9341000000000008,0.05194815791836232,0.59194594347795,-2.0,1.0,0.0,0.0,0.05405405405405406,0.0,,-0.06413043478260871,0.048961069978504884
294,202305010801,11,6,8,64,0,0,0,0,0,0,0,0,4,2,2,34,0,0,0,0,0,0,0,0,1,1,1,7,0,0,0,0,0,0,0,0,0.0,0.0,12.0,12.0,37.4,2.9,1.0,,,,,,,,,,,,,,,,,0.0,0.04945054945054945,0.15384615384615385,8,16,107.5,12.0,1716,33,1167,,,,,,,,,,,,,,,,0.0,56.0,0.0,16.0,16.0,512.0,0.0,,,,,,,-0.7537999999999982,,,,,,,0.0,1.0,0.0,0.07692307692307693,0.20512820512820512,0.0,,0.03502141597379693,
295,202305010801,0,1,0,15,11,5,9,70,0,0,0,1,0,0,0,2,3,0,1,26,0,0,0,0,0,0,0,1,0,0,0,10,0,0,0,0,0.0,0.0,16.0,11.0,38.0,2.0,0.5625,0.0,0.0,9.0,6.0,42.5,1.6,0.3333333333333333,0.0,0.0,15.0,10.0,40.0,1.9,0.125,-0.5,-13.0,100.0,0.05343511450381679,0.16793893129770993,5,10,354.0,14.0,1506,1167,199,0.0,0.0,14.0,13.0,38.3,2.9,0.8125,0.0,0.0,7.0,13.0,36.1,2.3,0.4666666666666667,1.1,0.0,55.0,-118.0,16.0,16.0,416.0,0.125,-0.08333333333333333,0.0625,-0.0625,-0.06666666666666667,0.8,0.0,0.40859999999999985,4.835700000000003,2.0889000000000024,0.14620000000000033,0.9935000000000045,0.2293802035437622,2.151650529244933,1.0,2.0,0.0,0.04,0.18666666666666668,0.0,,-0.10407239819004525,0.019083827201908404
296,202305010801,1,0,1,19,0,0,0,2,0,0,0,0,1,0,0,9,0,0,0,1,0,0,0,0,1,0,0,1,0,0,0,1,0,0,0,0,0.0,0.0,2.0,8.0,38.3,3.1,0.9166666666666666,0.0,0.0,15.0,12.0,36.9,1.8,0.6875,0.0,0.0,12.0,13.0,36.8,2.1,0.875,2.5,7.0,200.0,0.045454545454545456,0.13636363636363635,2,4,233.9,13.0,1447,1172,1721,0.0,0.0,13.0,14.0,38.2,3.2,0.8125,0.0,0.0,7.0,8.0,39.0,2.7,0.26666666666666666,0.2,0.0,56.0,-149.0,16.0,12.0,477.0,0.08333333333333333,0.0625,0.0,0.0625,0.0,-0.270000000000001,0.0,0.8822999999999936,-0.3551000000000002,-1.1167000000000016,0.046200000000006014,0.9273999999999987,0.2355755363643121,0.8546344247688608,0.0,1.0,0.0,0.015151515151515152,0.045454545454545456,0.0,,-0.14198717948717948,
297,202305010801,1,0,2,15,1,0,0,6,0,0,0,0,0,0,0,8,1,0,0,0,0,0,0,0,0,0,0,5,1,0,0,0,0,0,0,0,0.0,0.0,4.0,9.0,42.2,3.5,0.9,0.0,0.0,13.0,11.0,37.0,1.6,0.06666666666666667,0.0,0.0,16.0,15.0,42.8,5.7,0.0625,3.0,30.0,0.0,0.0,0.07142857142857142,5,9,699.2,16.0,1645,1206,1366,0.0,0.0,12.0,9.0,38.0,2.8,0.875,0.0,0.0,13.0,8.0,39.6,1.3,0.38461538461538464,-0.4,0.0,55.0,-384.0,16.0,10.0,474.0,-0.1,0.0,0.0625,0.0,0.0,0.42000000000000026,0.0,4.535700000000006,1.0833999999999975,4.278499999999994,0.40859999999999985,0.053300000000000125,0.3699189189195681,2.271915491386068,-1.0,1.0,0.0,0.0196078431372549,0.1568627450980392,0.0,,-0.055205811138014524,0.20320855614973263
298,202305010801,19,15,6,94,5,2,1,41,1,0,0,0,11,6,2,52,4,1,1,22,1,0,0,0,2,0,0,6,2,0,0,9,0,0,0,0,0.0,0.0,1.0,11.0,38.7,1.4,1.0,0.0,0.0,7.0,13.0,40.8,3.6,0.2857142857142857,0.0,0.0,3.0,8.0,40.4,1.9,0.9333333333333333,-1.5,19.0,-300.0,0.06763285024154589,0.18840579710144928,1,1,11.8,4.0,1576,1393,1577,0.0,0.0,2.0,3.0,37.9,0.9,0.1875,0.0,0.0,3.0,3.0,37.0,0.4,0.0625,-2.6,0.4,56.0,-521.0,16.0,12.0,509.0,-0.08333333333333333,0.14285714285714285,-0.4666666666666667,0.0,0.0,0.6300000000000004,0.0,-0.6925999999999988,1.590599999999995,1.007399999999997,-0.17260000000000275,-1.0726000000000013,0.3930819342446031,1.4485855169785447,3.0,0.0,,0.10714285714285714,0.39285714285714285,0.0,,-0.03389267477838315,-0.10199418363107604
299,202305010803,8,6,6,48,0,0,0,2,0,0,0,0,4,4,3,21,0,0,0,2,0,0,0,0,1,0,1,7,0,0,0,0,0,0,0,0,0.0,0.0,10.0,6.0,39.1,1.0,0.4,0.0,0.0,60.0,1.0,36.9,0.0,0.125,,,,,,,,-5.0,8.0,0.0,0.1206896551724138,0.25862068965517243,8,16,7.1,3.0,1278,1716,625,,,,,,,,,,,,,,,-5.0,0.5,56.0,63.0,16.0,15.0,480.0,-0.06666666666666667,0.0,,,,2.200000000000003,0.0,0.8205000000000027,-1.3795000000000002,,,,0.1375,1.1000000000000014,1.0,2.0,0.5,0.0,0.2,0.0,,0.010563380281690127,
300,202305010803,19,15,6,94,8,10,8,73,0,1,0,2,11,6,2,52,3,3,4,27,0,0,0,1,5,3,0,19,0,1,1,13,0,0,0,0,0.0,0.0,70.0,7.0,37.6,1.4,0.26666666666666666,0.0,0.0,70.0,3.0,37.8,0.8,0.13333333333333333,0.0,0.0,9.0,4.0,37.7,0.5,0.125,-1.5,2.0,0.0,0.047619047619047616,0.31746031746031744,4,7,4.7,2.0,1576,1556,1577,0.0,0.0,6.0,13.0,39.7,2.3,0.26666666666666666,0.0,0.0,2.0,6.0,40.4,1.6,0.5833333333333334,0.8,0.2,54.0,-665.0,16.0,15.0,444.0,0.0,0.0,0.0,0.06666666666666667,0.0,-0.75,0.0,-0.6794999999999973,-1.5926000000000045,-1.9258999999999986,0.07410000000000139,2.4833,0.16599866130651644,1.1740528097151335,-2.0,1.0,0.0,0.125,0.125,0.0,,-0.03389267477838315,-0.01480214466629387
301,202305010803,19,15,6,94,3,2,6,43,0,0,0,1,11,6,2,52,3,0,1,23,0,0,0,1,5,3,0,19,1,0,1,4,0,0,0,1,0.0,0.0,10.0,2.0,36.6,0.4,0.36363636363636365,0.0,0.0,10.0,3.0,37.7,0.3,0.4166666666666667,0.0,0.0,20.0,2.0,37.6,0.6,0.5,0.0,8.0,0.0,0.11029411764705882,0.2867647058823529,7,13,1.9,1.0,1576,1221,1577,0.0,0.0,10.0,2.0,38.2,0.3,0.2222222222222222,0.0,0.0,30.0,1.0,36.9,0.0,0.23076923076923078,-0.3,1.0,56.0,15.0,16.0,11.0,492.0,-0.09090909090909091,-0.08333333333333333,0.0,0.0,-0.07692307692307693,-0.10999999999999943,0.0,-1.6794999999999973,-0.21109999999999474,-0.6794999999999973,-0.07949999999999591,-1.011099999999999,0.10734776832815485,0.5761944116355183,0.0,3.0,1.0,0.0,0.17543859649122806,0.0,,-0.03389267477838315,-0.024042553191489374
302,202305010803,1,2,3,16,6,4,4,98,0,0,0,0,1,1,1,6,1,3,1,43,0,0,0,0,0,0,0,1,0,0,0,13,0,0,0,0,0.0,0.0,2.0,2.0,39.3,0.8,0.16666666666666666,0.0,0.0,10.0,7.0,37.5,1.1,1.0,0.0,0.0,16.0,4.0,36.3,1.2,0.9375,1.0,30.0,-100.0,0.06796116504854369,0.18932038834951456,6,11,157.7,16.0,1440,1013,1167,0.0,0.0,11.0,12.0,36.0,2.0,0.7692307692307693,,,,,,,,2.7,0.25,56.0,-319.0,16.0,12.0,500.0,0.0,-0.0625,0.0,0.0,,1.1099999999999994,0.0,,-0.7794999999999987,-1.8537999999999997,0.9253,,0.3295059930993854,1.296871234934293,1.0,2.0,0.0,0.0547945205479452,0.1095890410958904,0.0,,0.0545238095238095,-0.045033397974574424
303,202305010803,0,1,0,0,1,1,0,6,0,0,0,0,0,0,0,0,1,0,0,4,0,0,0,0,0,0,0,0,0,0,0,0,0,0,0,0,0.0,0.0,10.0,1.0,39.0,0.0,0.1875,,,,,,,,,,,,,,,,,0.0,0.057692307692307696,0.23076923076923078,3,5,17.6,6.0,699,1577,260,,,,,,,,,,,,,,,,1.0,56.0,22.0,16.0,16.0,498.0,0.0,,,,,,,0.7205000000000013,,,,,,,0.0,1.0,1.0,0.09523809523809523,0.23809523809523808,0.0,,,-0.033333333333333326
304,202305010803,3,5,2,32,4,4,8,68,0,0,0,1,2,2,0,7,1,0,2,20,0,0,0,1,1,1,0,4,0,0,1,6,0,0,0,1,0.0,0.0,60.0,1.0,37.5,0.0,0.75,,,,,,,,,,,,,,,,,0.0,0.022727272727272728,0.13636363636363635,7,14,24.7,7.0,1152,1183,1428,,,,,,,,,,,,,,,,1.0,52.0,70.0,16.0,12.0,476.0,-0.08333333333333333,,,,,,,-0.7794999999999987,,,,,,,0.0,1.0,1.0,0.04,0.17333333333333334,0.0,,-0.0014982876712328896,-0.0538498326159732
305,202305010803,8,6,6,48,8,9,5,67,0,1,0,0,4,4,3,21,2,3,2,31,0,1,0,0,1,0,1,7,0,0,0,9,0,0,0,0,0.0,0.0,90.0,10.0,37.3,1.0,0.5625,0.0,0.0,20.0,1.0,37.4,0.0,0.5625,0.0,0.0,80.0,4.0,37.3,0.3,0.1875,-3.0,-6.0,200.0,0.06329113924050633,0.22784810126582278,5,9,105.1,12.0,1278,1558,625,,,,,,,,,,,,,,,-3.0,0.3333333333333333,54.0,57.0,16.0,16.0,420.0,0.125,-0.1875,0.0,,,0.0,0.0,-0.5683000000000007,-0.511099999999999,-0.7726000000000042,,,0.1767766952966369,0.04714045207910384,0.0,0.0,,0.029411764705882353,0.16176470588235295,0.0,,0.010563380281690127,0.0611517126001585
306,202305010803,0,0,4,19,4,3,4,23,0,0,0,0,0,0,1,11,2,2,2,11,0,0,0,0,0,0,0,2,0,1,1,6,0,0,0,0,0.0,0.0,13.0,10.0,38.2,1.8,0.4,0.0,0.0,8.0,15.0,36.5,2.0,0.8125,0.0,0.0,6.0,14.0,41.0,3.0,0.26666666666666666,2.0,2.0,200.0,0.0392156862745098,0.058823529411764705,4,8,155.2,15.0,1687,1228,1345,0.0,0.0,8.0,5.0,39.2,0.6,0.23076923076923078,0.0,0.0,12.0,7.0,38.1,1.5,0.3076923076923077,-1.6,0.0,56.0,-552.0,16.0,15.0,494.0,-0.06666666666666667,-0.0625,-0.13333333333333333,0.3076923076923077,0.0,-0.25,0.0,0.28890000000000526,-1.7794999999999987,1.7905999999999977,-0.19259999999999877,-1.2926000000000002,0.21214694924423438,1.4791889669680476,-2.0,1.0,0.0,0.07142857142857142,0.14285714285714285,0.0,,-0.09111826967326278,0.04344193817878028
307,202305010803,2,2,6,46,1,2,0,2,0,0,0,0,0,1,3,26,1,0,0,0,0,0,0,0,0,0,0,6,1,0,0,0,0,0,0,0,0.0,0.0,40.0,4.0,37.9,0.3,0.3076923076923077,0.0,0.0,20.0,1.0,36.8,0.0,0.25,0.0,0.0,20.0,3.0,40.1,0.4,0.5454545454545454,-0.5,-2.0,0.0,0.0,1.0,6,12,11.3,4.0,1172,748,1556,0.0,0.0,30.0,7.0,36.3,0.8,0.6153846153846154,,,,,,,,1.1,0.5,54.0,22.0,16.0,13.0,454.0,0.07692307692307693,0.0,-0.2727272727272727,-0.07692307692307693,,0.15,0.0,-0.37950000000000017,-1.2726000000000042,1.0613000000000028,0.8407999999999944,,0.15415563575400196,1.4618053906043735,0.0,1.0,0.0,0.09090909090909091,0.2727272727272727,0.0,,0.01460869565217393,0.23636363636363633
308,202305010803,1,0,2,18,0,0,0,6,0,0,0,2,0,0,0,4,0,0,0,3,0,0,0,0,0,0,0,0,0,0,0,0,0,0,0,0,0.0,0.0,40.0,7.0,37.8,0.8,0.2,0.0,0.0,40.0,1.0,37.6,0.0,0.14285714285714285,0.0,0.0,50.0,7.0,38.4,2.5,0.5,0.0,-8.0,-200.0,0.0,0.02702702702702703,3,6,25.4,8.0,1204,1665,1221,,,,,,,,,,,,,,,0.0,0.3333333333333333,56.0,85.0,16.0,10.0,552.0,0.0,0.0,-0.125,,,-0.3000000000000007,0.0,-0.1524000000000001,-0.4725999999999999,0.44760000000000133,,,0.1566369924133193,0.33993463423951825,1.0,0.0,,0.11764705882352941,0.25,0.0,,-0.10755148741418766,-0.32142857142857145
309,202305010803,0,0,0,2,0,1,1,21,0,0,0,1,0,0,0,2,0,0,0,5,0,0,0,1,0,0,0,0,0,0,0,0,0,0,0,0,0.0,0.0,5.0,1.0,39.3,0.0,0.16666666666666666,0.0,0.0,13.0,14.0,38.7,3.5,0.375,0.0,0.0,9.0,11.0,37.7,2.2,0.75,5.0,5.0,0.0,0.06896551724137931,0.2672413793103448,2,3,53.3,9.0,1540,1328,1036,0.0,0.0,3.0,1.0,38.5,0.0,0.06666666666666667,0.0,0.0,3.0,2.0,38.9,0.3,0.25,-1.1,0.6,56.0,-509.0,16.0,12.0,463.0,-0.08333333333333333,0.125,0.0,0.0,-0.0625,0.1,0.0,1.6357,0.4205000000000041,-0.453799999999994,0.22050000000000125,0.988900000000001,0.23685438564654024,0.5306599664568622,0.0,4.0,0.5,0.09183673469387756,0.22448979591836735,0.0,,,0.08933002481389579
310,202305010803,4,2,6,19,5,2,1,41,0,0,0,0,2,0,3,9,4,1,1,22,0,0,0,0,1,0,2,2,0,1,0,5,0,0,0,0,0.0,0.0,13.0,12.0,35.7,1.5,0.7142857142857143,0.0,0.0,14.0,8.0,36.8,2.2,0.5,0.0,0.0,16.0,16.0,40.6,3.4,0.25,2.0,-2.0,400.0,0.0,0.0,1,2,102.4,11.0,1020,1393,1576,0.0,0.0,14.0,14.0,37.7,1.7,0.5,0.0,0.0,12.0,14.0,37.2,1.2,0.5333333333333333,1.0,0.0,54.0,-371.0,16.0,14.0,488.0,0.0,0.0,0.125,0.0,0.0,-0.39000000000000057,0.0,-0.19769999999999754,0.35889999999999844,2.688900000000004,-0.12330000000000041,-0.21770000000000067,0.14800563818395693,1.6382917933017915,1.0,0.0,,0.0375,0.2625,0.0,,0.16294117647058826,-0.10199418363107604
311,202305010803,0,0,0,1,0,0,0,13,0,0,0,1,0,0,0,1,0,0,0,8,0,0,0,1,0,0,0,0,0,0,0,1,0,0,0,0,0.0,0.0,15.0,15.0,38.1,2.7,0.8125,0.0,0.0,7.0,11.0,36.8,2.4,0.75,0.0,0.0,16.0,17.0,34.8,3.0,0.2777777777777778,1.0,-20.0,200.0,0.04,0.15428571428571428,5,10,106.2,13.0,1579,1553,1605,0.0,0.0,15.0,15.0,36.8,1.6,0.75,0.0,0.0,13.0,13.0,38.2,3.0,0.875,0.0,0.0,56.0,-420.0,16.0,16.0,468.0,0.1875,-0.08333333333333333,,0.0625,0.0,-0.020000000000000285,0.0,0.18890000000000384,-0.6341000000000037,1.2565999999999988,-1.0211000000000041,0.046200000000006014,0.21274949043185118,1.2289833196589792,-2.0,1.0,0.0,0.024390243902439025,0.0975609756097561,0.0,,,-0.16
312,202305010803,2,2,6,46,4,2,2,24,0,0,0,1,0,1,3,26,2,2,2,12,0,0,0,0,0,0,0,6,2,0,0,5,0,0,0,0,0.0,0.0,50.0,8.0,37.4,0.8,0.6,0.0,0.0,30.0,1.0,38.2,0.0,0.1,,,,,,,,-7.0,14.0,-200.0,0.2517482517482518,0.5174825174825175,8,15,13.3,5.0,1172,1376,1556,,,,,,,,,,,,,,,-7.0,0.5,56.0,85.0,16.0,10.0,484.0,0.0,0.0,,,,-0.8000000000000043,0.0,-0.5523999999999987,-1.4258999999999986,,,,0.24999999999999997,0.40000000000000213,1.0,0.0,,0.07142857142857142,0.19642857142857142,0.0,,0.01460869565217393,0.07508296460176991
313,202305010803,6,6,6,55,8,7,7,71,1,0,0,1,2,5,4,25,3,2,0,23,1,0,0,1,1,1,0,5,1,1,0,3,0,0,0,0,0.0,0.0,7.0,6.0,36.5,0.8,0.6666666666666666,0.0,0.0,7.0,10.0,36.2,0.9,0.9375,0.0,0.0,13.0,4.0,36.6,0.4,0.5625,-1.0,-6.0,250.0,0.024844720496894408,0.10559006211180125,2,4,84.3,10.0,1520,1294,695,0.0,0.0,8.0,13.0,37.4,1.9,0.6875,0.0,0.0,14.0,7.0,37.2,0.9,0.75,0.5,0.0,56.0,-426.0,16.0,15.0,452.0,0.0,0.0,0.0625,0.0625,-0.125,-0.2600000000000001,0.0,-1.3233000000000033,-1.6233000000000004,-0.8177000000000021,-0.511099999999999,-0.21770000000000067,0.12402396721781013,0.4489988864128723,-2.0,0.0,,0.016666666666666666,0.08333333333333333,0.0,,0.0023270846800258482,0.05268199233716475
314,202305010803,19,15,6,94,2,2,2,30,0,0,0,1,11,6,2,52,2,0,0,21,0,0,0,1,5,3,0,19,0,0,0,6,0,0,0,1,0.0,0.0,5.0,11.0,44.5,4.3,0.18181818181818182,0.0,0.0,9.0,13.0,40.1,5.7,0.6153846153846154,0.0,0.0,14.0,16.0,39.9,5.5,0.9375,2.5,3.0,-200.0,0.04918032786885246,0.15300546448087432,1,1,144.9,14.0,1576,1366,1577,0.0,0.0,4.0,1.0,38.3,0.0,0.1875,,,,,,,,-2.7,0.25,56.0,-525.0,16.0,11.0,489.0,0.36363636363636365,0.3076923076923077,0.0625,0.0,,1.8800000000000012,0.0,6.427399999999999,1.8205000000000027,1.7462000000000018,0.4788999999999959,,0.3170578329335895,2.3021728866442683,0.0,2.0,0.0,0.02127659574468085,0.1276595744680851,0.0,,-0.03389267477838315,-0.005916305916305931
315,202305010812,43,41,42,253,0,2,2,4,0,2,2,2,13,15,18,95,0,2,2,2,0,2,2,2,3,3,5,19,0,1,1,0,0,1,1,0,0.0,0.0,11.0,9.0,39.4,3.1,1.0,0.0,0.0,15.0,12.0,36.9,1.3,0.8,0.0,0.0,13.0,9.0,37.0,1.6,0.5384615384615384,0.0,-14.0,-100.0,0.0,0.0,8,15,3.3,2.0,1576,1568,1577,0.0,0.0,15.0,12.0,38.3,1.8,0.8,0.0,0.0,12.0,14.0,37.9,1.7,0.13333333333333333,1.0,0.0,58.0,-606.0,16.0,11.0,522.0,0.0,0.13333333333333333,0.0,0.0,0.0,0.16000000000000014,0.0,,-1.1726000000000028,-2.6259000000000015,-1.2467000000000041,-0.25379999999999825,0.29892817517239834,0.9186947262284677,1.0,1.0,0.0,0.037037037037037035,0.2037037037037037,0.0,,-0.03389267477838315,-0.09999999999999998
316,202305010812,9,2,4,101,4,3,1,34,1,1,1,2,3,1,2,27,3,1,1,12,1,1,1,2,0,1,1,12,1,1,0,1,0,1,0,1,0.0,0.0,20.0,3.0,35.9,0.3,0.8125,0.0,0.0,20.0,2.0,35.2,0.0,0.5625,0.0,0.0,10.0,4.0,35.6,0.3,0.8125,0.5,8.0,0.0,0.1111111111111111,0.2814814814814815,7,13,5.7,4.0,1557,1541,1559,0.0,0.0,30.0,2.0,35.8,0.4,0.6875,0.0,0.0,50.0,1.0,34.9,0.0,0.75,-0.4,0.8,58.0,21.0,16.0,16.0,522.0,0.0,0.0,0.0625,0.0,0.125,0.14000000000000057,0.0,-2.3795,-2.933799999999998,-2.6794999999999973,-2.4795000000000016,-3.3795,0.09354143466934853,0.3762977544445349,1.0,5.0,0.8,0.07377049180327869,0.29508196721311475,4.0,0.75,0.005824790307548927,0.0367965367965368
317,202305010812,20,10,20,146,0,1,0,1,0,1,0,0,13,5,8,64,0,1,0,0,0,1,0,0,2,1,2,10,0,0,0,0,0,0,0,0,0.0,0.0,20.0,10.0,37.6,1.9,0.16666666666666666,0.0,0.0,,,,,,0.0,0.0,20.0,6.0,37.3,0.4,0.06666666666666667,-4.0,,200.0,0.24822695035460993,0.5106382978723404,4,8,2.4,1.0,1716,286,1167,0.0,0.0,10.0,3.0,37.6,0.5,0.125,0.0,0.0,30.0,2.0,36.9,0.0,0.25,-2.7,0.5,58.0,-55.0,16.0,12.0,506.0,0.0,,0.0,0.0,0.0,0.18000000000000044,0.0,-0.22109999999999985,,-0.5211000000000041,-0.6794999999999973,-1.3795000000000002,0.06676425149567526,0.28722813232690275,0.0,2.0,1.0,0.09090909090909091,0.2987012987012987,2.0,1.0,0.03502141597379693,
318,202305010812,5,10,5,88,2,4,0,17,2,2,0,12,3,2,0,20,1,2,0,9,1,1,0,4,0,1,0,1,0,0,0,0,0,0,0,0,0.0,0.0,90.0,3.0,34.9,0.5,0.875,0.0,0.0,90.0,6.0,36.6,0.7,0.75,0.0,0.0,100.0,9.0,36.9,1.6,1.0,3.0,0.0,0.0,0.0364963503649635,0.18248175182481752,5,10,40.9,6.0,1561,223,1263,0.0,0.0,110.0,7.0,35.3,0.7,1.0,0.0,0.0,60.0,13.0,34.7,1.5,1.0,2.1,0.2,58.0,7.0,16.0,16.0,488.0,0.0,0.0,0.0,0.0,0.0,0.16999999999999957,0.0,-2.7642999999999986,-1.6794999999999973,-1.1726000000000028,-2.8338000000000036,-2.9642999999999944,0.09999999999999999,0.8997777503361593,0.0,4.0,0.25,0.07317073170731707,0.3008130081300813,1.0,0.0,0.03019943019943022,0.1280193236714976
319,202305010812,4,3,1,29,3,2,4,22,0,1,1,4,2,1,1,13,1,1,1,7,0,1,1,4,0,0,0,2,0,0,0,0,0,0,0,0,0.0,0.0,150.0,120.0,38.0,3.6,0.8666666666666667,0.0,0.0,100.0,140.0,37.8,1.9,0.5625,0.0,0.0,130.0,40.0,36.3,0.6,0.26666666666666666,-40.0,1.0,-200.0,0.04838709677419355,0.3225806451612903,2,4,4.7,3.0,1629,1,1428,0.0,0.0,80.0,100.0,39.0,1.6,0.2727272727272727,0.0,0.0,120.0,110.0,35.8,0.7,0.8,-6.0,0.0,58.0,-603.0,16.0,15.0,495.0,-0.06666666666666667,0.0,-0.13333333333333333,0.18181818181818182,0.0,0.3200000000000003,0.0,-0.07260000000000133,-0.4795000000000016,-1.8537999999999997,1.1788999999999987,-2.4795000000000016,0.25299133250976974,1.1702991070662245,1.0,3.0,0.0,0.05263157894736842,0.2631578947368421,2.0,0.0,0.09957325746799428,-0.0903225806451613
320,202305010812,14,12,23,161,2,1,1,22,0,0,0,4,3,4,8,59,0,0,1,3,0,0,0,1,0,0,1,17,0,0,0,1,0,0,0,1,0.0,0.0,11.0,16.0,40.6,4.3,0.25,0.0,0.0,8.0,9.0,35.7,0.8,0.5714285714285714,0.0,0.0,8.0,9.0,36.1,0.9,0.875,-3.5,4.0,-200.0,0.0,0.3333333333333333,1,2,70.3,10.0,1221,1079,1263,0.0,0.0,10.0,6.0,35.8,0.9,0.9375,0.0,0.0,10.0,6.0,35.7,0.7,1.0,-2.3,0.0,58.0,-280.0,16.0,16.0,502.0,-0.0625,0.0,0.0,0.0,0.0,0.9700000000000003,0.0,2.5274,-2.579499999999996,-2.1794999999999973,-2.4795000000000016,-2.579499999999996,0.28016940939221696,1.9156200040717888,0.0,4.0,0.0,0.0,0.0,4.0,0.0,0.007542579075425798,0.06837606837606836
321,202305010812,4,5,6,66,2,1,1,14,2,0,0,7,2,2,2,34,2,0,1,6,2,0,0,5,0,0,0,13,0,0,0,4,0,0,0,4,0.0,0.0,1.0,9.0,63.9,23.9,0.5555555555555556,0.0,0.0,8.0,10.0,14.3,18.6,0.9,0.0,0.0,9.0,13.0,14.0,13.7,0.9285714285714286,2.0,0.0,-100.0,0.014084507042253521,0.18309859154929578,3,5,169.6,12.0,1313,1736,1108,0.0,0.0,12.0,7.0,36.9,0.8,0.625,0.0,0.0,14.0,8.0,36.4,1.0,0.875,-0.5,0.0,58.0,-506.0,16.0,9.0,460.0,0.4444444444444444,0.1,-0.07142857142857142,-0.0625,0.0,3.2400000000000007,0.0,,,,-1.3795000000000002,-1.8795000000000002,0.15482143747113924,18.396847556035244,2.0,2.0,0.0,0.03773584905660377,0.1509433962264151,2.0,0.0,-0.02239448751076656,0.1777777777777778
322,202305010812,17,18,10,162,24,19,11,236,0,0,0,8,10,9,5,93,7,2,1,59,0,0,0,2,2,0,1,23,1,1,0,6,0,0,0,0,0.0,0.0,13.0,11.0,38.2,1.1,0.5333333333333333,0.0,0.0,14.0,8.0,36.3,1.0,0.9375,0.0,0.0,13.0,10.0,37.3,0.7,1.0,-0.5,-4.0,-400.0,0.040229885057471264,0.15517241379310345,5,9,224.4,14.0,1172,1294,1556,0.0,0.0,12.0,7.0,36.3,0.8,0.625,0.0,0.0,8.0,5.0,37.3,1.1,1.0,-1.3,0.0,56.0,-20.0,16.0,15.0,458.0,-0.13333333333333333,0.0,0.0,-0.0625,-0.08333333333333333,0.18000000000000113,0.0,-1.4258999999999986,-1.9795000000000016,-2.3259000000000043,-1.7726000000000042,-2.0926000000000045,0.19940188341916712,0.7166589146867585,0.0,1.0,0.0,0.06756756756756757,0.20270270270270271,1.0,0.0,0.01460869565217393,0.05268199233716475
323,202305010812,3,9,4,49,13,13,12,182,1,1,0,2,1,3,0,20,3,3,3,65,1,0,0,1,0,0,0,3,1,0,2,14,0,0,0,0,0.0,0.0,11.0,10.0,37.5,1.5,0.7333333333333333,0.0,0.0,9.0,6.0,36.6,0.7,0.0625,0.0,0.0,7.0,9.0,37.9,1.1,0.1875,-0.5,0.0,200.0,0.015748031496062992,0.07086614173228346,6,12,49.2,7.0,1447,1405,1721,0.0,0.0,5.0,7.0,37.2,0.8,0.875,0.0,0.0,4.0,,,,0.46153846153846156,-0.6,0.0,58.0,-161.0,16.0,15.0,500.0,-0.06666666666666667,0.0,0.0,-0.125,0.07692307692307693,-0.04000000000000057,0.0,-0.4110999999999976,-1.5537999999999954,-0.37950000000000017,-0.6233000000000004,,0.30955516481839906,0.4743416490252558,4.0,2.0,0.0,0.0684931506849315,0.2054794520547945,1.0,0.0,-0.14198717948717948,0.04068736141906873
324,202305010812,2,4,3,23,0,0,0,0,0,0,0,0,0,0,2,9,0,0,0,0,0,0,0,0,0,0,1,0,0,0,0,0,0,0,0,0,0.0,0.0,80.0,5.0,36.2,0.5,0.8125,0.0,0.0,60.0,9.0,34.0,0.8,0.7692307692307693,0.0,0.0,90.0,7.0,33.8,0.5,0.6923076923076923,1.0,-10.0,100.0,0.058823529411764705,0.23529411764705882,7,14,54.8,8.0,1343,76,1428,0.0,0.0,50.0,7.0,35.9,1.0,0.2857142857142857,0.0,0.0,90.0,10.0,35.5,1.0,0.35714285714285715,0.8,0.0,56.0,14.0,16.0,16.0,448.0,0.0,0.0,-0.07692307692307693,0.07142857142857142,0.0,-0.04999999999999929,0.0,-1.3913999999999973,-1.153100000000002,-1.3531000000000049,0.7468999999999966,-0.42249999999999943,0.2184902044672353,0.9907572861200681,0.0,0.0,,0.3333333333333333,0.3333333333333333,0.0,,-0.12740384615384615,
325,202305010812,9,7,5,96,9,12,12,108,0,0,0,5,5,2,1,32,3,7,5,42,0,0,0,2,1,0,0,10,0,1,0,6,0,0,0,1,0.0,0.0,90.0,9.0,38.5,2.1,0.9375,0.0,0.0,120.0,6.0,35.5,0.9,0.9375,0.0,0.0,80.0,14.0,38.2,2.6,0.875,2.5,0.0,0.0,0.05384615384615385,0.16923076923076924,3,6,267.3,15.0,1090,1221,1169,0.0,0.0,40.0,14.0,38.6,2.6,0.6666666666666666,0.0,0.0,110.0,5.0,35.3,1.0,0.6666666666666666,0.0,0.0,58.0,64.0,16.0,16.0,452.0,0.0,0.0,0.0625,0.3333333333333333,0.0,0.3300000000000004,0.0,0.22050000000000125,-2.633800000000001,-0.07949999999999591,0.02240000000000464,-2.9795000000000016,0.1245826365643838,1.4931845163944086,1.0,4.0,0.0,0.03636363636363636,0.07272727272727272,3.0,0.0,-0.06184012066365008,-0.024042553191489374
326,202305010812,11,8,8,84,0,0,0,5,0,0,0,0,0,2,1,13,0,0,0,1,0,0,0,0,0,1,1,4,0,0,0,0,0,0,0,0,0.0,0.0,80.0,7.0,41.3,1.9,0.7272727272727273,0.0,0.0,160.0,13.0,41.5,3.1,0.625,0.0,0.0,110.0,11.0,37.6,1.8,1.0,2.0,7.0,100.0,0.0,0.5,8,16,56.1,9.0,1428,901,1263,0.0,0.0,110.0,9.0,38.6,1.6,1.0,0.0,0.0,90.0,12.0,38.1,2.1,0.75,0.6,0.0,58.0,-524.0,16.0,11.0,479.0,0.0,-0.0625,0.0,-0.14285714285714285,-0.0625,0.929999999999999,0.0,3.8658999999999963,1.9532999999999987,-0.5537999999999954,0.4462000000000046,-0.17949999999999733,0.15252692486875016,1.6485144827995886,2.0,3.0,0.0,0.0,0.0,1.0,0.0,-0.07016632016632018,0.2
327,202305010812,16,16,15,141,3,4,3,7,1,4,1,5,9,9,7,56,1,4,1,3,1,4,1,3,0,2,0,3,0,0,0,0,0,0,0,0,0.0,0.0,5.0,6.0,38.9,1.6,0.6666666666666666,0.0,0.0,8.0,11.0,41.0,3.6,0.45454545454545453,0.0,0.0,5.0,13.0,37.8,2.1,0.625,3.5,2.0,0.0,0.14917127071823205,0.35359116022099446,4,7,25.3,5.0,1278,1552,625,0.0,0.0,5.0,16.0,37.4,2.2,0.625,0.0,0.0,1.0,1.0,36.2,0.0,0.25,-0.5,0.2,58.0,-125.0,16.0,9.0,484.0,0.1111111111111111,0.2727272727272727,0.1875,0.0,0.0,0.8999999999999992,0.0,1.2357000000000014,2.7205000000000013,-0.4795000000000016,-0.4233000000000047,-2.079499999999996,0.15534182811754774,1.6193825983997723,2.0,4.0,0.25,0.09375,0.22916666666666666,3.0,0.3333333333333333,0.010563380281690127,-0.18823529411764706
328,202305010812,3,5,4,33,1,2,1,14,0,0,0,0,1,3,2,9,1,0,0,6,0,0,0,0,0,0,0,1,0,0,0,0,0,0,0,0,0.0,0.0,15.0,14.0,37.4,1.8,0.8125,0.0,0.0,13.0,15.0,37.0,2.2,0.4375,0.0,0.0,13.0,14.0,39.3,2.6,0.42857142857142855,0.0,0.0,200.0,0.06201550387596899,0.17054263565891473,1,1,172.6,13.0,1657,992,1317,0.0,0.0,10.0,15.0,39.4,2.6,0.375,0.0,0.0,4.0,14.0,35.1,1.4,0.625,0.0,0.0,56.0,-308.0,16.0,16.0,462.0,0.0,0.125,0.07142857142857142,0.0,,0.21999999999999958,0.0,-0.511099999999999,-0.9110999999999976,1.1462000000000003,1.1204999999999998,1.3128000000000029,0.1621955546837942,1.5982490419205624,0.0,2.0,0.0,0.1,0.25,1.0,0.0,-0.0393939393939394,
329,202305010812,4,2,4,43,0,0,0,4,0,0,0,3,1,2,1,12,0,0,0,3,0,0,0,2,0,0,0,2,0,0,0,0,0,0,0,0,0.0,0.0,11.0,11.0,36.1,1.1,0.9090909090909091,0.0,0.0,11.0,12.0,13.6,7.3,0.14285714285714285,0.0,0.0,3.0,9.0,14.8,11.3,0.4444444444444444,-1.0,2.0,600.0,0.06829268292682927,0.1902439024390244,2,3,342.1,16.0,1687,588,1345,0.0,0.0,16.0,15.0,39.6,3.5,0.4375,0.0,0.0,6.0,15.0,37.7,1.5,0.8,1.1,0.0,58.0,-369.0,16.0,11.0,514.0,0.09090909090909091,0.6428571428571429,0.2222222222222222,0.125,0.0,-2.9200000000000004,0.0,,,,1.3205000000000027,-0.21109999999999474,0.27602823119685904,11.620774500866972,2.0,1.0,0.0,0.07272727272727272,0.2,1.0,0.0,-0.09111826967326278,
330,202305010812,12,9,9,59,3,1,0,7,3,0,0,5,5,4,1,17,3,0,0,5,3,0,0,4,1,1,0,4,0,0,0,2,0,0,0,2,0.0,0.0,7.0,10.0,42.3,4.5,1.0,0.0,0.0,15.0,16.0,41.7,7.1,1.0,0.0,0.0,11.0,16.0,38.4,3.3,0.1875,3.0,6.0,0.0,0.04,0.06,6,11,137.7,11.0,1463,760,1167,0.0,0.0,12.0,14.0,38.8,4.1,0.42857142857142855,0.0,0.0,11.0,9.0,37.8,1.2,0.375,-0.4,0.0,58.0,-468.0,16.0,10.0,534.0,0.0,0.0,0.25,0.14285714285714285,-0.0625,1.1900000000000006,0.0,4.1462,3.546200000000006,0.12049999999999983,0.6462000000000003,-0.35379999999999967,0.3376841901020804,1.8341210428976609,2.0,5.0,0.0,0.13846153846153847,0.24615384615384617,1.0,0.0,-0.03549135009809168,-0.03030303030303033
331,202305020102,0,0,0,3,2,4,2,12,0,0,0,0,0,0,0,3,1,1,1,7,0,0,0,0,0,0,0,1,1,1,0,2,0,0,0,0,0.0,0.0,1.0,2.0,39.0,0.3,0.8181818181818182,0.0,0.0,10.0,13.0,41.2,4.2,0.23076923076923078,0.0,0.0,6.0,11.0,34.8,0.7,0.9090909090909091,4.5,2.0,170.0,0.19230769230769232,0.40384615384615385,8,16,1.8,1.0,1658,1278,1167,0.0,0.0,7.0,8.0,38.2,1.0,0.42857142857142855,0.0,0.0,2.0,15.0,37.3,2.4,0.5625,2.1,0.2,56.0,-550.0,16.0,11.0,470.0,-0.2727272727272727,0.0,-0.09090909090909091,0.0,0.0625,0.6400000000000006,0.0,,3.046200000000006,-0.35310000000000485,-0.07949999999999591,-0.11770000000000636,0.24889675467235936,2.0957099035887596,0.0,2.0,0.0,0.0,0.2727272727272727,1.0,0.0,,0.09999999999999998
332,202305020102,13,10,14,133,1,1,2,58,0,0,0,3,4,1,3,20,0,1,0,22,0,0,0,0,1,1,1,7,0,0,0,15,0,0,0,0,0.0,0.0,1.0,8.0,41.2,1.9,0.4166666666666667,0.0,0.0,3.0,6.0,38.0,0.9,0.2,0.0,0.0,6.0,4.0,37.7,0.4,0.26666666666666666,-2.0,-11.0,-100.0,0.09154929577464789,0.2887323943661972,2,3,7.4,4.0,1691,1328,1167,0.0,0.0,1.0,13.0,39.4,2.6,0.4375,0.0,0.0,4.0,2.0,37.9,0.5,0.125,-0.5,0.2,56.0,-460.0,16.0,12.0,479.0,0.16666666666666666,0.06666666666666667,0.06666666666666667,0.0,0.0,0.520000000000001,0.0,,0.08890000000000242,-0.21109999999999474,1.2462000000000018,-0.37950000000000017,0.12138094304022083,1.3245376551838766,0.0,2.0,0.5,,,1.0,1.0,-0.0021298174442190843,0.08933002481389579
333,202305020102,6,7,7,42,11,8,5,58,0,1,0,1,3,5,4,18,2,1,0,16,0,1,0,0,2,4,3,10,0,1,0,6,0,1,0,0,0.0,0.0,40.0,3.0,38.9,1.6,0.25,0.0,0.0,10.0,5.0,37.8,1.0,0.25,0.0,0.0,30.0,3.0,36.6,0.5,0.06666666666666667,0.0,25.0,-200.0,0.04891304347826087,0.15217391304347827,7,13,29.2,6.0,1148,334,1393,0.0,0.0,20.0,2.0,36.7,0.0,0.375,0.0,0.0,40.0,2.0,38.4,0.9,0.1875,-0.5,0.8,56.0,-443.0,16.0,8.0,471.0,0.125,0.0,0.0,-0.0625,0.0,0.20999999999999944,0.0,1.6448999999999998,-0.4795000000000016,-1.0642999999999958,-1.453799999999994,0.12049999999999983,0.10022197585581939,0.9108238029388545,0.0,4.0,0.75,0.037037037037037035,0.25925925925925924,2.0,0.5,-0.08345021037868161,-0.028531983433041863
334,202305020102,2,1,2,23,10,7,13,124,0,0,0,1,0,0,1,11,5,3,5,58,0,0,0,0,0,0,0,6,2,2,2,24,0,0,0,0,0.0,0.0,5.0,2.0,39.5,0.6,0.5,0.0,0.0,9.0,6.0,40.5,2.6,0.42857142857142855,0.0,0.0,8.0,8.0,40.0,1.3,0.2857142857142857,3.0,7.0,0.0,,,8,15,50.8,8.0,1064,1366,1556,0.0,0.0,2.0,7.0,38.7,1.3,0.5833333333333334,0.0,0.0,4.0,6.0,37.1,1.0,0.6875,0.9,0.2,52.0,-159.0,16.0,12.0,457.0,-0.08333333333333333,-0.07142857142857142,0.14285714285714285,-0.16666666666666666,-0.0625,0.6599999999999995,0.0,1.2205000000000013,1.1073999999999984,0.6073999999999984,-0.6925999999999988,-1.1794999999999973,0.13643812814529296,1.1892854997854798,-3.0,2.0,0.5,0.09090909090909091,0.25252525252525254,2.0,0.5,0.07142857142857142,-0.005916305916305931
335,202305020102,0,0,0,8,17,25,19,185,0,0,0,1,0,0,0,3,7,6,8,58,0,0,0,1,0,0,0,1,2,2,1,15,0,0,0,0,0.0,0.0,16.0,16.0,43.0,7.7,0.5625,0.0,0.0,4.0,3.0,40.9,2.7,0.25,0.0,0.0,8.0,9.0,38.5,1.2,0.25,-3.5,5.0,-1200.0,0.06698564593301436,0.18660287081339713,5,9,63.1,9.0,1282,1183,377,0.0,0.0,9.0,5.0,38.2,1.5,0.375,0.0,0.0,11.0,8.0,35.6,1.5,1.0,-1.4,0.2,56.0,-84.0,16.0,16.0,488.0,0.4375,0.25,0.0,0.0,-0.07142857142857142,1.7499999999999993,0.0,5.794600000000003,2.6205,0.5833000000000013,-0.07949999999999591,-0.674199999999999,0.2806243040080456,2.52079352585649,0.0,2.0,0.5,0.03571428571428571,0.17857142857142858,2.0,0.5,,-0.0538498326159732
336,202305020102,20,10,20,146,19,18,17,223,1,0,0,5,13,5,8,64,10,4,3,73,0,0,0,0,3,1,2,17,3,0,1,27,0,0,0,0,0.0,0.0,90.0,12.0,39.8,2.6,0.0625,0.0,0.0,70.0,8.0,40.5,2.3,0.8666666666666667,0.0,0.0,40.0,7.0,40.5,3.4,0.7857142857142857,-2.5,4.0,-700.0,0.03932584269662921,0.16292134831460675,1,2,21.2,5.0,1716,1558,1167,,,,,,,,,,,,,,,-2.5,0.0,56.0,83.0,16.0,16.0,478.0,0.125,-0.06666666666666667,-0.2857142857142857,,,-0.3500000000000014,0.0,0.9871999999999943,0.8740999999999985,1.2235999999999976,,,0.36152089517310393,0.3299831645537235,0.0,0.0,,0.11594202898550725,0.2463768115942029,0.0,,0.03502141597379693,0.0611517126001585
337,202305020102,2,1,2,23,2,2,3,29,0,0,0,1,0,0,1,11,1,1,1,8,0,0,0,0,0,0,0,6,0,1,1,3,0,0,0,0,0.0,0.0,6.0,1.0,38.3,0.0,0.8,0.0,0.0,9.0,,,,,0.0,0.0,4.0,14.0,38.2,2.1,0.7333333333333333,13.0,6.0,0.0,0.05063291139240506,0.17721518987341772,5,10,3.9,2.0,1064,1448,1556,0.0,0.0,2.0,2.0,36.9,0.7,0.8125,0.0,0.0,2.0,7.0,38.4,1.9,0.5625,0.6,0.5,56.0,-453.0,16.0,10.0,478.0,-0.6,,0.0,-0.375,0.0,0.1,0.0,0.02049999999999841,,0.28890000000000526,-0.5341000000000022,0.12049999999999983,0.09967394761588073,0.6103277807866854,0.0,2.0,0.5,0.04878048780487805,0.17073170731707318,2.0,0.5,0.07142857142857142,0.036324786324786335
338,202305020102,9,7,9,91,17,25,19,185,0,0,0,5,2,1,4,32,7,6,8,58,0,0,0,2,1,0,1,16,2,2,1,15,0,0,0,1,0.0,0.0,3.0,7.0,43.1,3.2,0.8181818181818182,0.0,0.0,4.0,14.0,37.6,3.5,0.9375,0.0,0.0,3.0,8.0,37.9,1.9,0.875,0.5,26.0,-200.0,0.1076923076923077,0.26666666666666666,4,7,7.1,3.0,1304,1183,1503,0.0,0.0,4.0,3.0,36.1,0.7,0.75,0.0,0.0,2.0,9.0,37.9,2.0,0.5,-0.7,0.2,56.0,-353.0,16.0,11.0,482.0,-0.18181818181818182,0.0,-0.125,-0.0625,-0.1875,1.1900000000000006,0.0,5.183300000000003,0.008600000000001273,-0.37950000000000017,-1.8110999999999962,-0.25379999999999825,0.15133701649624084,2.385288242540092,0.0,2.0,0.0,0.08163265306122448,0.14285714285714285,1.0,0.0,0.005261979399910438,-0.0538498326159732
339,202305020102,0,0,0,1,0,0,0,3,0,0,0,1,0,0,0,0,0,0,0,1,0,0,0,0,0,0,0,0,0,0,0,0,0,0,0,0,0.0,0.0,8.0,10.0,41.3,2.5,0.2727272727272727,0.0,0.0,13.0,9.0,39.1,2.0,0.1875,0.0,0.0,9.0,12.0,42.1,3.0,0.14285714285714285,1.0,25.0,0.0,0.1,0.25,6,12,183.2,13.0,153,967,699,0.0,0.0,10.0,7.0,38.4,2.1,0.75,0.0,0.0,7.0,13.0,37.9,1.4,1.0,0.4,0.0,51.0,-196.0,16.0,11.0,515.0,0.18181818181818182,0.0,0.07142857142857142,0.0,-0.0625,0.75,0.0,3.0204999999999984,0.8205000000000027,2.4741,0.488900000000001,-0.011099999999999,0.3420652935278036,1.6487571076419962,-3.0,2.0,0.0,0.0,0.1896551724137931,2.0,0.0,,
340,202305020102,0,2,3,28,9,12,12,108,0,0,0,1,0,0,0,7,3,7,5,42,0,0,0,0,0,0,0,5,0,4,2,13,0,0,0,0,0.0,0.0,7.0,7.0,40.3,1.8,0.5454545454545454,0.0,0.0,15.0,13.0,43.2,5.5,0.4,0.0,0.0,14.0,13.0,37.1,1.9,0.6875,3.0,2.0,0.0,0.14673913043478262,0.34782608695652173,6,11,32.7,7.0,1583,1221,118,0.0,0.0,7.0,10.0,38.2,2.1,0.625,0.0,0.0,5.0,5.0,37.4,0.6,0.5625,-0.7,0.0,56.0,-447.0,16.0,11.0,476.0,0.09090909090909091,0.4,0.0,0.0625,-0.0625,1.0799999999999996,0.0,2.6357,3.5741000000000014,-0.4913999999999987,-0.07949999999999591,-0.4211000000000027,0.09614093047394899,2.273851358378556,0.0,2.0,0.0,0.10526315789473684,0.2631578947368421,1.0,0.0,0.008484848484848484,-0.024042553191489374
341,202305020102,0,0,0,5,20,25,21,205,0,0,0,0,0,0,0,0,5,4,2,61,0,0,0,0,0,0,0,0,2,1,0,22,0,0,0,0,0.0,0.0,8.0,10.0,41.3,3.7,0.2727272727272727,0.0,0.0,14.0,12.0,39.0,3.0,0.5333333333333333,0.0,0.0,17.0,12.0,34.7,1.2,1.0,1.0,15.0,-200.0,0.0,0.2222222222222222,3,5,143.5,11.0,1537,1167,488,0.0,0.0,10.0,12.0,41.8,4.1,0.14285714285714285,0.0,0.0,11.0,11.0,38.2,2.2,0.75,0.2,0.0,56.0,-458.0,16.0,11.0,493.0,0.36363636363636365,0.3333333333333333,-0.05555555555555555,0.5714285714285714,0.0,0.33999999999999914,0.0,3.227399999999996,-0.6259000000000015,-0.7591999999999999,2.1740999999999957,-0.07949999999999591,0.31141656022580333,2.540078738937041,0.0,1.0,0.0,0.0,0.0,1.0,0.0,,0.019083827201908404
342,202305020102,6,13,11,107,0,0,1,8,0,0,0,1,2,4,4,38,0,0,1,2,0,0,0,0,1,3,1,12,0,0,0,1,0,0,0,0,0.0,0.0,11.0,9.0,41.6,2.8,0.6363636363636364,0.0,0.0,16.0,7.0,37.1,1.4,0.75,0.0,0.0,15.0,12.0,39.1,2.4,0.375,1.5,12.0,0.0,0.05263157894736842,0.16541353383458646,7,14,435.3,15.0,1393,249,1263,0.0,0.0,14.0,11.0,39.6,1.5,0.5625,0.0,0.0,10.0,10.0,38.3,1.8,0.625,0.6,0.0,55.0,-414.0,16.0,11.0,494.0,0.2727272727272727,0.125,0.0,0.125,-0.0625,0.41000000000000086,0.0,3.4462000000000046,-0.3340999999999994,0.8205000000000027,1.6889000000000038,0.708599999999997,0.12325224420869317,1.4921125962875594,2.0,2.0,0.0,0.02631578947368421,0.21052631578947367,1.0,0.0,-0.03920282129090463,
343,202305020102,7,7,8,85,0,1,0,13,0,0,0,2,3,4,0,27,0,1,0,4,0,0,0,0,0,0,0,14,0,0,0,1,0,0,0,0,0.0,0.0,6.0,3.0,39.3,0.6,0.3,0.0,0.0,12.0,12.0,36.5,1.7,0.9166666666666666,0.0,0.0,8.0,9.0,39.9,3.5,1.0,3.0,-5.0,100.0,0.06837606837606838,0.26495726495726496,3,6,67.7,10.0,1605,1103,1,0.0,0.0,12.0,10.0,36.0,1.4,0.6428571428571429,0.0,0.0,13.0,8.0,35.5,1.2,0.7222222222222222,0.8,0.2,56.0,-456.0,16.0,10.0,467.0,0.0,0.08333333333333333,0.0,0.0,-0.16666666666666666,0.8099999999999994,0.0,1.8658999999999963,0.5833999999999975,1.3224000000000018,0.5407999999999973,0.4253,0.24469045546818644,1.8017769007288322,0.0,0.0,,0.07042253521126761,0.19718309859154928,0.0,,0.056687605331699115,0.17857142857142858
344,202305020102,0,0,0,3,1,2,1,7,0,0,0,0,0,0,0,3,1,2,1,0,0,0,0,0,0,0,0,1,0,2,1,0,0,0,0,0,0.0,0.0,10.0,10.0,41.1,3.8,0.75,0.0,0.0,16.0,14.0,38.0,2.8,1.0,0.0,0.0,13.0,13.0,38.5,2.9,0.875,1.5,6.0,-100.0,0.0,0.0,4,8,613.2,16.0,1658,1520,1167,,,,,,,,,,,,,,,1.5,0.0,51.0,-206.0,16.0,12.0,410.0,0.08333333333333333,0.0,0.0,,,1.3000000000000007,0.0,,-0.27949999999999875,0.5889000000000024,,,0.10206207261596575,1.3589211407093011,-3.0,1.0,0.0,0.03389830508474576,0.13559322033898305,1.0,0.0,,-0.06363636363636366
345,202305020102,3,2,1,57,7,18,10,156,0,0,0,4,0,0,0,17,0,6,2,50,0,0,0,1,0,0,0,10,0,3,2,26,0,0,0,0,0.0,0.0,5.0,7.0,39.2,6.1,1.0,0.0,0.0,7.0,8.0,35.8,2.8,0.875,0.0,0.0,12.0,15.0,38.7,3.1,0.875,4.0,-3.0,0.0,0.062111801242236024,0.2236024844720497,1,1,169.4,12.0,1489,1428,565,0.0,0.0,12.0,11.0,39.1,1.7,0.75,0.0,0.0,12.0,11.0,42.5,3.7,0.1875,1.1,0.0,56.0,-176.0,16.0,9.0,449.0,-0.1111111111111111,0.0,0.0625,0.0625,0.1875,-0.9899999999999999,0.0,1.5357000000000056,0.7252999999999972,0.4205000000000041,0.8205000000000027,2.8740999999999985,0.2861380785564899,2.1265935201631745,0.0,3.0,0.0,0.0,0.2,2.0,0.0,0.022408963585434177,0.035063785856500246
346,202305020102,7,7,8,85,8,2,7,62,0,0,0,3,3,4,0,27,3,2,2,19,0,0,0,1,0,0,0,14,0,1,2,14,0,0,0,0,0.0,0.0,14.0,16.0,41.8,5.1,0.375,,,,,,,,,,,,,,,,,0.0,0.06818181818181818,0.17424242424242425,2,4,219.7,14.0,1605,1110,1,,,,,,,,,,,,,,,,0.0,54.0,0.0,16.0,16.0,478.0,0.0,,,,,,,3.5204999999999984,,,,,,,0.0,1.0,0.0,0.014925373134328358,0.04477611940298507,1.0,0.0,0.056687605331699115,0.048961069978504884
347,202305020107,5,1,6,33,17,25,19,185,0,0,0,1,3,1,6,14,7,6,8,58,0,0,0,0,2,0,3,3,0,1,0,15,0,0,0,0,0.0,0.0,6.0,10.0,36.1,2.0,0.9090909090909091,0.0,0.0,3.0,10.0,39.1,1.8,0.21428571428571427,0.0,0.0,2.0,14.0,43.0,4.8,0.07142857142857142,2.0,0.0,0.0,0.06153846153846154,0.16923076923076924,1,1,2.0,1.0,1401,1183,517,0.0,0.0,1.0,1.0,37.7,0.0,0.06666666666666667,0.0,0.0,1.0,3.0,36.6,0.3,0.375,-2.3,0.4,58.0,-330.0,15.0,11.0,498.0,0.0,0.07142857142857142,0.21428571428571427,0.0,0.0,0.039999999999999855,0.0,0.8087000000000018,0.8205000000000027,3.7905999999999977,-0.5794999999999959,-1.5537999999999954,0.31206669252632824,2.474671695397189,0.0,3.0,0.6666666666666666,0.02564102564102564,0.2564102564102564,2.0,0.5,0.019047619047619035,-0.0538498326159732
348,202305020107,43,41,42,253,1,0,3,16,0,0,0,1,13,15,18,95,0,0,0,8,0,0,0,1,3,5,4,26,0,0,0,2,0,0,0,1,0.0,0.0,6.0,10.0,36.8,0.6,0.6875,0.0,0.0,5.0,3.0,37.2,0.6,0.2,0.0,0.0,13.0,2.0,36.8,0.6,0.25,-4.0,0.0,200.0,0.03977272727272727,0.1534090909090909,4,6,8.0,3.0,1576,1708,1577,0.0,0.0,14.0,10.0,36.3,0.7,0.1875,0.0,0.0,12.0,10.0,37.5,1.0,0.4375,0.7,0.4,58.0,-504.0,15.0,16.0,500.0,0.0625,0.0,-0.0625,0.0,0.125,-0.05,0.0,-1.1111000000000004,-0.7110999999999947,-1.023300000000006,-1.3643,-0.32330000000000325,0.1899671024151287,0.4069397989875177,0.0,1.0,0.0,0.0847457627118644,0.3220338983050847,0.0,,-0.03389267477838315,-0.014814814814814836
349,202305020107,20,10,20,146,17,25,19,185,1,0,1,5,13,5,8,64,7,6,8,58,1,0,0,3,2,0,1,17,0,1,0,15,0,0,0,2,0.0,0.0,60.0,10.0,37.0,0.9,0.8125,0.0,0.0,120.0,15.0,39.3,1.8,0.4375,0.0,0.0,50.0,15.0,39.6,3.5,0.9375,2.5,18.0,200.0,0.10526315789473684,0.21052631578947367,3,4,31.3,9.0,1716,1183,1167,0.0,0.0,20.0,7.0,40.6,1.4,0.6875,,,,,,,,-0.9,0.0,55.0,21.0,15.0,16.0,498.0,0.0,0.125,0.0,-0.1875,,-1.1100000000000008,0.0,-0.9110999999999976,2.616799999999998,1.5274,0.9741,,0.184877493221863,1.3179055353097207,0.0,0.0,,0.017241379310344827,0.034482758620689655,0.0,,0.03502141597379693,-0.0538498326159732
350,202305020107,12,9,11,80,3,10,5,95,0,1,0,2,3,2,2,27,2,5,4,40,0,0,0,1,1,2,1,9,0,2,0,13,0,0,0,1,0.0,0.0,2.0,1.0,40.6,0.0,0.16666666666666666,0.0,0.0,13.0,14.0,38.0,2.5,0.75,0.0,0.0,14.0,12.0,36.4,1.4,1.0,5.5,1.0,-200.0,0.015625,0.0703125,8,14,87.7,11.0,1586,1376,1167,0.0,0.0,13.0,10.0,35.8,0.8,0.8,0.0,0.0,9.0,12.0,39.8,3.8,0.25,1.8,0.2,58.0,-541.0,15.0,6.0,505.0,0.0,0.0,0.0,0.13333333333333333,0.0,0.3800000000000011,0.0,2.6833000000000027,-0.15379999999999683,-1.511099999999999,0.6468999999999951,1.7273999999999958,0.32636040064798166,1.8616122045152164,5.0,1.0,0.0,0.0,0.09523809523809523,0.0,,-0.06653620352250489,0.07508296460176991
351,202305020107,17,18,10,162,0,3,0,4,0,3,0,2,10,9,5,93,0,2,0,3,0,2,0,2,1,6,1,27,0,2,0,2,0,2,0,2,0.0,0.0,6.0,5.0,38.9,0.6,0.9166666666666666,0.0,0.0,8.0,10.0,37.7,0.9,0.625,0.0,0.0,13.0,8.0,37.1,1.4,0.6875,1.5,1.0,0.0,0.05303030303030303,0.16666666666666666,6,11,6.7,2.0,1172,753,1556,0.0,0.0,11.0,14.0,38.1,2.3,1.0,0.0,0.0,6.0,13.0,38.2,2.0,0.4375,2.0,0.0,57.0,-444.0,15.0,12.0,459.0,-0.5,-0.125,-0.0625,-0.0625,0.0,0.09999999999999928,0.0,0.7462000000000018,-0.21109999999999474,-1.1794999999999973,0.02740000000000009,0.7822999999999993,0.20301546191799721,0.5932958789676521,1.0,2.0,0.0,0.10204081632653061,0.14285714285714285,1.0,0.0,0.01460869565217393,
352,202305020107,20,10,20,146,24,25,22,286,4,0,3,15,13,5,8,64,9,6,7,91,3,0,1,9,2,0,1,17,2,0,0,15,2,0,0,4,0.0,0.0,90.0,5.0,39.0,0.8,0.8888888888888888,0.0,0.0,80.0,9.0,38.3,1.8,0.6923076923076923,0.0,0.0,120.0,8.0,37.5,1.4,0.6666666666666666,1.5,0.0,-400.0,0.14835164835164835,0.3516483516483517,5,9,48.1,10.0,1716,1013,1167,0.0,0.0,70.0,8.0,37.2,1.2,0.75,0.0,0.0,130.0,6.0,37.8,1.1,0.625,0.1,0.0,58.0,28.0,15.0,9.0,500.0,-0.6666666666666666,-0.07692307692307693,0.0,0.0625,0.0625,0.35,0.0,-0.038699999999998624,0.22739999999999583,-1.7764000000000024,-1.079499999999996,-0.33380000000000365,0.09160264135855699,0.6343500610861474,0.0,2.0,0.0,0.044444444444444446,0.13333333333333333,1.0,0.0,0.03502141597379693,-0.045033397974574424
353,202305020107,20,10,20,146,17,25,19,185,1,0,1,5,13,5,8,64,7,6,8,58,1,0,0,3,2,0,1,17,0,1,0,15,0,0,0,2,0.0,0.0,7.0,2.0,36.9,0.2,1.0,0.0,0.0,16.0,15.0,37.1,2.4,0.5625,0.0,0.0,13.0,12.0,37.3,1.3,0.5625,5.0,0.0,200.0,0.060240963855421686,0.26506024096385544,7,13,9.6,4.0,1716,1183,1167,0.0,0.0,11.0,8.0,35.9,1.2,0.9285714285714286,0.0,0.0,11.0,10.0,36.8,1.8,0.4375,0.9,0.2,58.0,-531.0,15.0,12.0,476.0,0.0,-0.125,0.0,-0.07142857142857142,0.0,0.14000000000000057,0.0,-0.9211000000000027,-1.1794999999999973,-0.6111000000000004,-2.011099999999999,-1.4795000000000016,0.22313570045227307,0.48166378315169184,2.0,2.0,0.0,0.03508771929824561,0.14035087719298245,2.0,0.0,0.03502141597379693,-0.0538498326159732
354,202305020107,4,5,4,48,11,13,6,86,1,0,0,1,2,1,2,16,4,8,2,42,1,0,0,0,0,0,0,5,2,1,1,7,0,0,0,0,0.0,0.0,60.0,12.0,34.9,1.1,1.0,0.0,0.0,90.0,12.0,40.9,2.9,0.25,0.0,0.0,130.0,10.0,39.8,3.1,0.125,-1.0,0.0,400.0,0.050955414012738856,0.17834394904458598,8,15,145.4,14.0,1467,1393,336,0.0,0.0,150.0,12.0,38.4,1.7,0.6875,0.0,0.0,80.0,11.0,39.5,1.5,0.4166666666666667,-0.2,0.0,58.0,245.0,15.0,12.0,492.0,0.0,0.125,0.0,0.0625,0.16666666666666666,-0.6700000000000003,0.0,-1.338799999999999,1.507399999999997,1.8476,0.12049999999999983,0.10739999999999839,0.31468679314165343,2.0600970850908946,8.0,1.0,0.0,0.0,0.2857142857142857,1.0,0.0,0.12021857923497267,-0.10199418363107604
355,202305020107,11,8,8,84,0,0,0,3,0,0,0,0,0,2,1,13,0,0,0,0,0,0,0,0,0,0,0,2,0,0,0,0,0,0,0,0,0.0,0.0,2.0,3.0,41.4,1.1,0.2,0.0,0.0,13.0,11.0,39.8,2.0,0.6666666666666666,0.0,0.0,14.0,9.0,36.5,1.9,0.9375,3.0,9.0,-100.0,0.036231884057971016,0.18115942028985507,4,7,98.5,12.0,1428,302,1263,0.0,0.0,12.0,9.0,37.8,1.2,0.6666666666666666,0.0,0.0,14.0,11.0,37.0,1.2,0.875,1.4,0.2,58.0,-463.0,15.0,10.0,483.0,0.2,0.26666666666666666,0.0,-0.06666666666666667,0.0,1.0799999999999996,0.0,,0.40739999999999554,-1.7794999999999987,-0.4795000000000016,-1.2794999999999987,0.25865034312755125,1.8352111595127134,2.0,3.0,0.0,0.09302325581395349,0.27906976744186046,3.0,0.0,-0.07016632016632018,
356,202305020107,43,41,42,253,2,0,0,11,1,0,0,1,13,15,18,95,2,0,0,4,1,0,0,0,3,5,4,26,0,0,0,3,0,0,0,0,0.0,0.0,8.0,9.0,41.0,1.3,0.18181818181818182,0.0,0.0,13.0,14.0,38.1,2.1,0.9333333333333333,0.0,0.0,13.0,10.0,36.5,2.2,0.4375,0.5,10.0,0.0,0.10880829015544041,0.2694300518134715,2,2,13.3,6.0,1576,1271,1577,0.0,0.0,6.0,10.0,38.5,1.3,0.26666666666666666,0.0,0.0,3.0,9.0,36.5,0.9,0.875,-0.4,0.0,56.0,-315.0,15.0,11.0,508.0,0.09090909090909091,0.0,0.0,0.0,-0.0625,0.8600000000000001,0.0,2.846200000000003,0.18890000000000384,-1.1642999999999972,0.22050000000000125,-1.6537999999999968,0.30998104151276257,1.6545694303957148,4.0,4.0,0.0,0.039473684210526314,0.11842105263157894,1.0,0.0,-0.03389267477838315,-0.04273504273504275
357,202305020107,2,1,2,23,5,8,9,99,0,0,0,0,0,0,1,11,1,2,3,50,0,0,0,0,0,0,0,4,0,1,1,17,0,0,0,0,0.0,0.0,30.0,3.0,35.4,0.0,0.45454545454545453,0.0,0.0,20.0,1.0,33.9,0.0,0.375,,,,,,,,-2.0,0.0,-400.0,0.021739130434782608,0.13043478260869565,5,8,11.5,5.0,1064,1235,1556,,,,,,,,,,,,,,,-2.0,1.0,58.0,454.0,15.0,11.0,484.0,-0.09090909090909091,0.0,,,,1.5,0.0,-0.05920000000000414,-1.1747000000000014,,,,0.039772727272727265,0.75,2.0,0.0,,0.08620689655172414,0.2413793103448276,0.0,,0.07142857142857142,-0.02181818181818182
358,202305020107,9,6,8,51,0,0,0,0,0,0,0,0,2,3,3,20,0,0,0,0,0,0,0,0,1,0,0,5,0,0,0,0,0,0,0,0,0.0,0.0,20.0,4.0,36.9,0.3,0.375,0.0,0.0,160.0,14.0,37.0,3.2,0.9375,0.0,0.0,150.0,12.0,39.1,2.6,0.375,4.0,3.0,400.0,,,6,10,111.4,13.0,1677,1389,1167,0.0,0.0,130.0,12.0,37.7,1.4,0.8,,,,,,,,2.2,0.0,55.0,-451.0,15.0,8.0,501.0,0.0,0.0,0.0,0.0,,-0.4500000000000014,0.0,0.45889999999999986,-0.9166999999999987,1.5086000000000013,-0.5794999999999959,,0.25161587166750826,0.8785641695402798,-1.0,1.0,0.0,0.034482758620689655,0.13793103448275862,1.0,0.0,-0.10492845786963434,
359,202305020107,0,4,3,47,3,1,4,19,0,0,0,1,0,2,1,24,2,1,2,5,0,0,0,0,0,0,0,5,2,0,2,2,0,0,0,0,0.0,0.0,1.0,11.0,46.4,5.7,0.6363636363636364,0.0,0.0,10.0,12.0,41.4,4.1,0.5,0.0,0.0,15.0,13.0,36.7,2.1,0.875,1.0,-10.0,0.0,0.06866952789699571,0.26609442060085836,3,5,17.5,8.0,1729,1205,1428,0.0,0.0,8.0,13.0,38.5,1.5,0.4,0.0,0.0,3.0,6.0,37.0,1.0,0.5625,-0.9,0.0,58.0,-175.0,15.0,11.0,550.0,0.36363636363636365,0.2857142857142857,0.0,0.0,-0.0625,2.1699999999999995,0.0,8.735700000000001,2.007399999999997,-1.3725999999999985,0.22050000000000125,-0.5914000000000001,0.16013553144056464,3.60721499220659,2.0,2.0,0.0,0.03125,0.0625,1.0,0.0,-0.04391534391534391,-0.2962962962962963
360,202305020107,3,2,1,20,0,0,0,5,0,0,0,0,1,0,1,10,0,0,0,1,0,0,0,0,0,0,0,3,0,0,0,0,0,0,0,0,0.0,0.0,140.0,16.0,44.0,6.7,0.1875,,,,,,,,,,,,,,,,,-400.0,0.04081632653061224,0.20408163265306123,7,12,157.3,15.0,1446,1018,75,,,,,,,,,,,,,,,,0.0,58.0,56.0,15.0,16.0,476.0,0.75,,,,,,,4.3740999999999985,,,,,,,1.0,0.0,,0.0375,0.125,0.0,,-0.02024291497975711,
361,202305020107,3,5,4,33,20,25,21,205,1,0,0,1,1,3,2,9,5,4,2,61,0,0,0,0,1,0,0,3,1,1,0,14,0,0,0,0,0.0,0.0,12.0,13.0,37.1,2.4,0.875,0.0,0.0,7.0,15.0,38.9,2.0,0.5333333333333333,0.0,0.0,7.0,10.0,35.6,1.6,0.2,-1.5,-8.0,0.0,0.06289308176100629,0.22641509433962265,2,3,13.7,7.0,1657,1167,1317,0.0,0.0,4.0,3.0,35.8,0.0,0.4666666666666667,0.0,0.0,7.0,11.0,35.1,0.8,0.5882352941176471,-1.6,0.2,58.0,-64.0,15.0,16.0,478.0,0.0,0.0,0.13333333333333333,0.06666666666666667,-0.29411764705882354,0.7100000000000002,0.0,-1.1794999999999973,0.6204999999999998,0.4935000000000045,-2.3537999999999997,0.025300000000001432,0.21693479992897174,1.369671493461114,0.0,3.0,0.3333333333333333,0.05555555555555555,0.25925925925925924,2.0,0.0,-0.0393939393939394,0.019083827201908404
362,202305020112,9,7,10,114,1,3,2,6,1,2,0,3,3,1,0,26,1,0,0,2,1,0,0,0,1,1,0,7,0,0,0,1,0,0,0,0,0.0,0.0,40.0,7.0,36.8,0.7,0.625,0.0,0.0,60.0,2.0,37.2,0.3,0.7857142857142857,0.0,0.0,30.0,1.0,36.5,0.0,0.7272727272727273,-3.0,8.0,0.0,0.14285714285714285,0.37593984962406013,8,15,5.9,2.0,1503,881,1263,0.0,0.0,20.0,5.0,38.7,1.0,0.26666666666666666,0.0,0.0,20.0,2.0,39.2,0.8,0.5,-0.7000000000000001,0.6,58.0,83.0,16.0,16.0,490.0,0.0,0.0,-0.09090909090909091,-0.06666666666666667,-0.25,-0.6300000000000011,0.0,-1.4795000000000016,-1.079499999999996,-1.7794999999999987,-0.9258999999999986,-0.4258999999999986,0.1847192843079465,1.0721940122944185,0.0,3.0,0.6666666666666666,0.0975609756097561,0.24390243902439024,3.0,0.6666666666666666,-0.017174959871589096,
363,202305020112,9,7,5,96,9,12,12,108,0,0,0,5,5,2,1,32,3,7,5,42,0,0,0,2,1,0,0,10,0,1,0,6,0,0,0,1,0.0,0.0,150.0,11.0,37.8,1.4,0.4375,0.0,0.0,90.0,9.0,38.5,2.1,0.9375,0.0,0.0,120.0,6.0,35.5,0.9,0.9375,-2.5,12.0,0.0,0.03954802259887006,0.15819209039548024,5,10,160.6,16.0,1090,1221,1169,0.0,0.0,80.0,14.0,38.2,2.6,0.875,0.0,0.0,40.0,14.0,38.6,2.6,0.6666666666666666,1.1,0.0,58.0,62.0,16.0,16.0,464.0,-0.0625,0.0,0.0,0.0625,0.3333333333333333,-0.13000000000000114,0.0,-0.4795000000000016,0.22050000000000125,-2.633800000000001,-0.07949999999999591,0.02240000000000464,0.1940969116475353,1.144377560073598,0.0,4.0,0.0,0.03571428571428571,0.07142857142857142,3.0,0.0,-0.06184012066365008,-0.024042553191489374
364,202305020112,5,10,5,88,2,4,0,17,2,2,0,12,3,2,0,20,1,2,0,9,1,1,0,4,0,1,0,1,0,0,0,0,0,0,0,0,0.0,0.0,60.0,4.0,36.4,0.6,0.8125,0.0,0.0,90.0,3.0,34.9,0.5,0.875,0.0,0.0,90.0,6.0,36.6,0.7,0.75,1.0,-6.0,0.0,0.03597122302158273,0.17985611510791366,7,13,15.8,7.0,1561,223,1263,0.0,0.0,100.0,9.0,36.9,1.6,1.0,0.0,0.0,110.0,7.0,35.3,0.7,1.0,1.2,0.2,58.0,62.0,16.0,16.0,482.0,-0.0625,0.0,0.0,0.0,0.0,0.020000000000000285,0.0,-1.8795000000000002,-2.7642999999999986,-1.6794999999999973,-1.1726000000000028,-2.8338000000000036,0.09999999999999999,0.7782030583337495,0.0,4.0,0.25,0.07258064516129033,0.29838709677419356,2.0,0.0,0.03019943019943022,0.1280193236714976
365,202305020112,12,9,9,59,24,19,11,236,1,0,1,6,5,4,1,17,7,2,1,59,0,0,0,0,1,1,0,4,1,1,0,6,0,0,0,0,0.0,0.0,80.0,7.0,35.4,0.6,0.5625,0.0,0.0,20.0,8.0,39.2,1.1,0.125,0.0,0.0,90.0,15.0,45.6,8.1,0.2,4.0,2.0,0.0,0.10824742268041238,0.26804123711340205,2,4,6.0,3.0,1463,1294,1167,0.0,0.0,100.0,14.0,36.2,1.7,0.13333333333333333,0.0,0.0,30.0,1.0,39.0,0.0,0.125,-0.6,0.2,58.0,69.0,16.0,16.0,506.0,0.0,0.0,0.6666666666666666,0.06666666666666667,0.0,-0.42000000000000026,0.0,-2.2642999999999986,-0.4258999999999986,5.9741,0.2834000000000003,-0.6259000000000015,0.16902498171703628,3.587979933054253,0.0,1.0,0.0,0.07692307692307693,0.25,0.0,,-0.03549135009809168,0.05268199233716475
366,202305020112,4,3,1,29,2,0,0,0,2,0,0,0,2,1,1,13,1,0,0,0,1,0,0,0,0,0,0,2,0,0,0,0,0,0,0,0,0.0,0.0,20.0,5.0,36.1,0.6,0.6875,0.0,0.0,20.0,4.0,36.1,0.6,0.625,0.0,0.0,30.0,2.0,37.2,0.1,0.5,-1.5,-2.0,200.0,0.04040404040404041,0.20202020202020202,4,7,6.3,4.0,1629,1601,1428,0.0,0.0,50.0,5.0,36.3,0.8,0.4375,0.0,0.0,10.0,1.0,36.5,0.0,0.38461538461538464,-0.7,0.4,58.0,20.0,16.0,16.0,466.0,0.0,-0.125,-0.0625,-0.0625,0.0,-0.09999999999999928,0.0,-1.8110999999999962,-1.8110999999999962,-0.668299999999995,-1.8338000000000036,-1.7794999999999987,0.11346968679997846,0.40792156108742356,0.0,2.0,0.5,0.0847457627118644,0.23728813559322035,1.0,1.0,0.09957325746799428,
367,202305020112,14,12,23,161,2,1,1,22,0,0,0,4,3,4,8,59,0,0,1,3,0,0,0,1,0,0,1,17,0,0,0,1,0,0,0,1,0.0,0.0,11.0,16.0,40.6,4.3,0.25,0.0,0.0,8.0,9.0,35.7,0.8,0.5714285714285714,0.0,0.0,8.0,9.0,36.1,0.9,0.875,-3.5,4.0,-200.0,0.0,0.25,3,5,29.3,10.0,1221,1079,1263,0.0,0.0,10.0,6.0,35.8,0.9,0.9375,0.0,0.0,10.0,6.0,35.7,0.7,1.0,-2.3,0.0,58.0,-218.0,16.0,16.0,502.0,-0.0625,0.0,0.0,0.0,0.0,0.9700000000000003,0.0,2.5274,-2.579499999999996,-2.1794999999999973,-2.4795000000000016,-2.579499999999996,0.28016940939221696,1.9156200040717888,0.0,4.0,0.0,0.0,0.0,4.0,0.0,0.007542579075425798,0.06837606837606836
368,202305020112,43,41,42,253,0,0,1,23,0,0,0,2,13,15,18,95,0,0,1,11,0,0,0,2,3,3,5,19,0,0,0,0,0,0,0,0,0.0,0.0,100.0,10.0,38.8,1.3,0.9166666666666666,0.0,0.0,150.0,13.0,35.7,1.4,0.8666666666666667,0.0,0.0,150.0,11.0,37.6,2.1,0.6666666666666666,0.5,2.0,200.0,0.06870229007633588,0.17557251908396945,2,3,18.1,8.0,1576,1522,1577,0.0,0.0,150.0,15.0,36.2,2.1,1.0,0.0,0.0,140.0,12.0,38.4,2.3,0.5625,0.6,0.0,58.0,-521.0,16.0,12.0,524.0,0.08333333333333333,0.13333333333333333,0.0,0.0,0.0,0.029999999999999714,0.0,0.8888999999999996,-2.453799999999994,-0.6794999999999973,-1.6210999999999984,0.32739999999999725,0.16260893784373193,1.2092973166264758,1.0,2.0,0.0,0.10714285714285714,0.26785714285714285,1.0,0.0,-0.03389267477838315,0.05357142857142857
369,202305020112,5,4,5,75,0,1,1,4,0,1,1,2,3,3,2,27,0,1,0,3,0,1,0,2,0,1,0,8,0,0,0,2,0,0,0,2,0.0,0.0,100.0,14.0,41.7,2.7,0.8571428571428571,0.0,0.0,160.0,16.0,38.1,2.4,0.4375,0.0,0.0,150.0,15.0,37.7,2.5,0.25,0.5,-20.0,-600.0,0.015503875968992248,0.06976744186046512,8,16,59.7,15.0,1348,1365,1221,0.0,0.0,150.0,13.0,38.1,1.2,0.5,0.0,0.0,90.0,8.0,36.7,1.1,0.125,-1.5,0.0,58.0,-460.0,16.0,14.0,504.0,0.14285714285714285,0.125,0.0,-0.0625,0.0,1.0,0.0,2.3711000000000055,-0.17949999999999733,-0.5794999999999959,0.27890000000000015,-1.216699999999996,0.2501020200001657,1.6989408465276243,2.0,2.0,0.0,0.06666666666666667,0.2,2.0,0.0,0.03966632618318011,
370,202305020112,0,1,0,1,4,1,2,27,0,1,0,1,0,0,0,0,2,0,0,7,0,0,0,0,0,0,0,0,0,0,0,2,0,0,0,0,0.0,0.0,1.0,2.0,38.2,0.9,0.14285714285714285,0.0,0.0,14.0,12.0,38.3,1.6,0.3333333333333333,0.0,0.0,10.0,15.0,37.9,2.3,0.75,6.5,11.0,0.0,0.25,0.5138888888888888,7,14,3.8,1.0,169,939,187,0.0,0.0,6.0,5.0,35.8,0.8,0.8125,0.0,0.0,10.0,11.0,35.2,1.4,0.35714285714285715,1.1,0.2,58.0,-505.0,16.0,14.0,565.0,0.14285714285714285,0.0,0.0,0.0,0.07142857142857142,0.85,0.0,-0.07949999999999591,0.02049999999999841,-0.25379999999999825,-1.791400000000003,0.12530000000000285,0.2583497910052796,1.3105723940324696,1.0,3.0,0.3333333333333333,0.0,0.0,2.0,0.5,,0.12745098039215685
371,202305020112,1,1,0,11,0,0,1,25,0,0,0,0,0,0,0,2,0,0,1,12,0,0,0,0,0,0,0,0,0,0,0,0,0,0,0,0,0.0,0.0,11.0,10.0,34.8,1.7,0.8181818181818182,0.0,0.0,16.0,14.0,38.9,2.4,0.9375,0.0,0.0,13.0,11.0,37.2,1.8,0.9375,0.5,0.0,-200.0,0.0673076923076923,0.1875,4,8,41.1,14.0,1289,1506,1428,0.0,0.0,11.0,9.0,38.1,1.7,0.8571428571428571,0.0,0.0,9.0,1.0,36.7,0.0,0.5,-2.3,0.2,58.0,-358.0,16.0,11.0,426.0,0.0,-0.125,0.0625,0.0,-0.2857142857142857,-0.30000000000000143,0.0,-0.27470000000000283,-0.49260000000000304,-1.377599999999994,-1.2926000000000002,-2.6925999999999988,0.16180350431652515,1.3922643427165697,0.0,0.0,,0.0,0.0,0.0,,0.02797202797202797,0.11538461538461539
372,202305020112,9,7,3,105,19,18,17,223,3,1,1,9,3,1,0,26,10,4,3,73,3,1,0,2,0,0,0,2,1,1,0,15,0,0,0,1,0.0,0.0,100.0,8.0,36.8,1.0,0.6363636363636364,0.0,0.0,100.0,11.0,37.1,1.3,0.9285714285714286,0.0,0.0,110.0,7.0,36.6,0.5,1.0,-0.5,-10.0,0.0,0.14754098360655737,0.34972677595628415,3,6,9.4,5.0,1127,1558,1328,0.0,0.0,80.0,8.0,37.7,1.1,0.5625,0.0,0.0,120.0,8.0,36.4,0.8,0.9375,-0.3,0.0,58.0,-189.0,16.0,11.0,438.0,0.0,0.0,-0.0625,0.0625,0.0,0.019999999999999574,0.0,-1.4795000000000016,-1.1794999999999973,-1.0642999999999958,-1.6925999999999988,-1.8795000000000002,0.1776382049095329,0.45343136195018674,0.0,4.0,0.0,0.0,0.0,3.0,0.0,-0.00028462998102465886,0.0611517126001585
373,202305020112,12,9,11,80,2,1,2,9,2,1,1,1,3,2,2,27,2,1,1,2,2,1,1,1,0,0,0,0,0,0,0,0,0,0,0,0,0.0,0.0,6.0,6.0,37.9,2.0,0.8571428571428571,0.0,0.0,12.0,15.0,36.6,2.0,0.9375,0.0,0.0,9.0,12.0,40.0,2.1,0.4166666666666667,3.0,-8.0,-300.0,,,1,2,40.1,12.0,1586,102,1167,0.0,0.0,12.0,12.0,37.6,1.3,0.375,0.0,0.0,5.0,14.0,35.6,1.4,0.9375,1.3,0.0,55.0,-450.0,16.0,7.0,472.0,0.0,0.0625,-0.16666666666666666,0.0,0.0,0.35999999999999943,0.0,-0.6775999999999982,-1.3110999999999962,0.7905999999999977,-0.6794999999999973,-2.064299999999996,0.2542816456781696,1.4718695594379274,-1.0,2.0,0.0,0.15384615384615385,0.34615384615384615,1.0,0.0,-0.06653620352250489,-0.14285714285714288
374,202305020112,4,5,6,66,20,25,21,205,0,2,1,4,2,2,2,34,5,4,2,61,0,1,0,4,0,0,0,13,1,1,1,5,0,0,0,0,0.0,0.0,20.0,1.0,38.7,0.0,0.5,0.0,0.0,130.0,12.0,36.3,0.8,0.875,0.0,0.0,80.0,14.0,36.8,1.5,0.4666666666666667,6.5,-2.0,-100.0,0.15294117647058825,0.2823529411764706,1,1,13.4,6.0,1313,1167,1108,0.0,0.0,40.0,14.0,36.2,1.7,0.8571428571428571,0.0,0.0,70.0,7.0,37.4,0.9,0.8125,1.4,0.2,58.0,-531.0,16.0,8.0,464.0,-0.125,0.0,0.06666666666666667,-0.07142857142857142,0.0625,0.2700000000000003,0.0,,-1.5211000000000041,-1.3537999999999997,-2.079499999999996,-0.4211000000000027,0.18021875092770184,0.915204895091805,3.0,2.0,0.0,0.05405405405405406,0.10810810810810811,1.0,0.0,-0.02239448751076656,0.019083827201908404
375,202305020112,43,41,42,253,18,15,24,255,2,0,4,16,13,15,18,95,3,4,10,79,1,0,2,6,3,3,5,19,0,1,4,17,0,0,2,2,0.0,0.0,8.0,10.0,37.4,1.9,0.9375,0.0,0.0,13.0,8.0,37.1,1.4,0.8,0.0,0.0,11.0,14.0,37.4,1.5,0.5625,2.0,-10.0,200.0,0.0625,0.225,6,12,32.9,11.0,1576,1263,1577,0.0,0.0,12.0,8.0,37.0,1.1,0.9375,0.0,0.0,10.0,4.0,37.9,1.0,1.0,-1.2,0.0,58.0,-140.0,16.0,16.0,504.0,0.0,0.0,0.0,0.0,-0.07142857142857142,-0.08999999999999986,0.0,-0.511099999999999,-0.8110999999999962,-0.8795000000000002,-1.2794999999999987,-0.37950000000000017,0.1568040178056672,0.31368774282716166,0.0,3.0,0.0,0.08,0.22666666666666666,3.0,0.0,-0.03389267477838315,0.03282493368700265
376,202305020112,4,1,0,5,2,1,0,2,2,1,0,2,1,0,0,3,1,0,0,1,1,0,0,1,0,0,0,2,0,0,0,1,0,0,0,1,0.0,0.0,2.0,9.0,39.0,2.0,0.6666666666666666,0.0,0.0,12.0,13.0,38.5,2.3,0.6,0.0,0.0,14.0,10.0,35.9,1.2,0.8125,0.5,26.0,200.0,0.09219858156028368,0.2907801418439716,5,9,25.9,9.0,556,624,1,0.0,0.0,9.0,15.0,38.1,1.8,0.375,0.0,0.0,10.0,6.0,35.8,0.6,0.3125,-0.4,0.0,58.0,-456.0,16.0,9.0,504.0,0.1111111111111111,0.2,0.0,0.0,0.0,0.6800000000000004,0.0,1.5822999999999965,-0.8926000000000016,-2.2537999999999982,-0.17949999999999733,-1.8643,0.18546862567860664,1.3455110553243341,1.0,3.0,0.0,0.08333333333333333,0.14583333333333334,1.0,0.0,,
377,202305020112,6,13,11,107,24,19,11,236,0,2,0,10,2,4,4,38,7,2,1,59,0,0,0,3,0,0,0,7,1,1,0,6,0,0,0,0,0.0,0.0,6.0,6.0,39.6,0.8,0.14285714285714285,0.0,0.0,14.0,14.0,36.6,2.1,0.14285714285714285,0.0,0.0,16.0,14.0,40.0,2.3,0.5,4.0,27.0,200.0,0.0,0.0,6,11,41.0,13.0,1393,1294,1263,0.0,0.0,16.0,10.0,38.8,1.3,0.4375,0.0,0.0,14.0,9.0,38.1,1.2,0.2,0.2,0.0,53.0,-366.0,16.0,14.0,475.0,-0.07142857142857142,0.5,0.25,0.0625,0.0,0.08000000000000043,0.0,1.7789000000000001,1.4468999999999994,0.6073999999999984,-0.5926000000000045,-1.2926000000000002,0.15304561144859224,1.2039933554633924,-1.0,0.0,,0.041666666666666664,0.19444444444444445,0.0,,-0.03920282129090463,0.05268199233716475
378,202305020201,6,8,6,93,17,25,19,185,0,0,0,4,3,0,1,23,7,6,8,58,0,0,0,2,2,0,0,12,2,2,1,15,0,0,0,2,0.0,0.0,8.0,9.0,43.7,3.3,0.1,0.0,0.0,14.0,15.0,44.8,6.2,0.1875,0.0,0.0,8.0,14.0,38.2,1.5,0.3125,2.5,-22.0,0.0,0.1443850267379679,0.34759358288770054,3,5,1.9,1.0,1736,1183,1482,0.0,0.0,8.0,12.0,39.9,1.9,0.125,0.0,0.0,6.0,10.0,37.9,1.6,0.625,-0.1,0.0,54.0,-436.0,16.0,10.0,448.0,0.8,0.25,0.0,0.0625,0.0625,1.6500000000000008,0.0,6.035700000000006,5.174099999999996,-0.07949999999999591,2.0788999999999973,0.07669999999999533,0.1921262605684085,2.8404225037835475,0.0,2.0,0.0,0.0273972602739726,0.136986301369863,1.0,0.0,0.028891202498698587,-0.0538498326159732
379,202305020201,0,0,0,4,0,0,0,0,0,0,0,0,0,0,0,2,0,0,0,0,0,0,0,0,0,0,0,1,0,0,0,0,0,0,0,0,0.0,0.0,5.0,6.0,38.2,0.9,0.1875,0.0,0.0,4.0,4.0,39.0,1.2,0.375,0.0,0.0,1.0,6.0,38.4,0.9,0.25,0.0,0.0,-300.0,0.10948905109489052,0.291970802919708,4,8,5.5,2.0,1699,829,1313,0.0,0.0,2.0,2.0,36.1,0.3,0.3125,0.0,0.0,2.0,2.0,37.2,0.2,0.375,-1.0,0.4,54.0,-119.0,16.0,16.0,440.0,0.125,0.0,0.0,0.0,0.0,0.4899999999999999,0.0,-1.1925999999999988,-0.3926000000000016,0.12049999999999983,-1.317700000000002,-1.079499999999996,0.07288689868556625,1.020588065773845,3.0,2.0,0.5,0.0,0.0,2.0,0.5,,
380,202305020201,6,2,13,58,0,0,0,1,0,0,0,0,1,1,3,17,0,0,0,1,0,0,0,0,0,1,2,4,0,0,0,1,0,0,0,0,0.0,0.0,,,,,,0.0,0.0,40.0,5.0,37.7,0.7,0.3333333333333333,0.0,0.0,10.0,4.0,35.6,0.8,0.36363636363636365,-1.0,11.0,-100.0,0.04838709677419355,0.15591397849462366,7,14,8.4,4.0,1426,1396,306,0.0,0.0,20.0,3.0,35.1,0.9,0.5,0.0,0.0,10.0,7.0,36.9,1.0,0.375,0.5,0.25,54.0,-437.0,16.0,7.0,461.0,,0.0,0.0,0.08333333333333333,0.0,0.29000000000000126,0.0,,-0.21109999999999474,-0.674199999999999,-1.174199999999999,-1.3795000000000002,0.0636304448005013,1.0304731922762476,1.0,1.0,0.0,0.10344827586206896,0.25862068965517243,1.0,0.0,0.050843881856540096,
381,202305020201,4,5,4,48,2,2,3,29,0,0,0,0,2,1,2,16,1,1,1,8,0,0,0,0,2,1,1,6,0,1,1,3,0,0,0,0,0.0,0.0,4.0,2.0,38.5,0.0,0.09090909090909091,0.0,0.0,8.0,9.0,39.0,1.2,0.26666666666666666,0.0,0.0,7.0,12.0,38.8,2.0,0.25,5.0,21.0,200.0,0.0,0.11764705882352941,8,16,11.4,5.0,1467,1448,336,0.0,0.0,5.0,6.0,38.0,1.0,0.3333333333333333,0.0,0.0,5.0,4.0,37.5,0.4,0.375,0.1,0.2,54.0,-453.0,16.0,11.0,415.0,0.0,0.0,0.0,0.0,0.0,0.3,0.0,0.6788999999999987,1.0889000000000024,0.5204999999999984,0.08890000000000242,-0.7794999999999987,0.09725054028096868,0.5462600113499061,0.0,2.0,0.0,0.05555555555555555,0.1111111111111111,2.0,0.0,0.12021857923497267,0.036324786324786335
382,202305020201,0,2,1,16,0,4,1,24,0,0,0,0,0,0,1,4,0,2,1,8,0,0,0,0,0,0,1,4,0,2,1,6,0,0,0,0,0.0,0.0,80.0,5.0,37.4,1.0,0.25,0.0,0.0,110.0,7.0,35.4,0.6,0.0625,0.0,0.0,120.0,8.0,35.4,0.8,0.2,1.5,-8.0,0.0,0.0,0.19047619047619047,7,13,24.0,7.0,1534,1561,1235,0.0,0.0,70.0,6.0,36.5,2.2,0.5,0.0,0.0,40.0,8.0,35.7,1.2,0.5,0.5,0.0,54.0,29.0,16.0,16.0,426.0,0.0,0.0625,0.0,0.0625,-0.0625,0.229999999999999,0.0,-0.49840000000000373,0.3252999999999986,0.3252999999999986,1.346899999999998,0.5469000000000008,0.17255433926737399,0.7730459236035073,1.0,1.0,0.0,0.0410958904109589,0.1917808219178082,0.0,,-0.15789473684210525,0.038112522686025385
383,202305020201,16,16,15,141,0,0,1,11,0,0,0,0,9,9,7,56,0,0,0,6,0,0,0,0,2,2,2,23,0,0,0,5,0,0,0,0,0.0,0.0,70.0,4.0,38.4,1.3,0.3125,0.0,0.0,90.0,3.0,38.2,0.8,0.0625,,,,,,,,-1.0,-6.0,0.0,0.058823529411764705,0.25882352941176473,1,1,11.7,6.0,1278,1414,625,,,,,,,,,,,,,,,-1.0,0.5,54.0,64.0,16.0,16.0,474.0,0.0625,0.0,,,,0.19999999999999574,0.0,0.26619999999999777,-0.07949999999999591,,,,0.125,0.09999999999999788,0.0,2.0,0.5,0.12643678160919541,0.2988505747126437,1.0,1.0,0.010563380281690127,0.07051282051282053
384,202305020201,43,41,42,253,0,0,1,12,0,0,1,0,13,15,18,95,0,0,1,2,0,0,1,0,2,3,1,12,0,0,0,1,0,0,0,0,0.0,0.0,11.0,7.0,36.9,1.2,0.8571428571428571,0.0,0.0,12.0,8.0,36.7,1.0,0.26666666666666666,0.0,0.0,10.0,11.0,38.0,1.3,0.6875,2.0,-14.0,200.0,0.07203389830508475,0.2669491525423729,2,3,34.4,8.0,1576,1685,1577,0.0,0.0,13.0,13.0,40.1,1.2,0.1875,0.0,0.0,8.0,9.0,40.0,2.6,0.3333333333333333,0.9,0.0,54.0,-385.0,16.0,14.0,432.0,0.0,0.06666666666666667,0.0,0.0,0.13333333333333333,-0.9600000000000002,0.0,-1.011099999999999,-1.453799999999994,0.17889999999999873,0.47409999999999997,0.7905999999999977,0.25959604717666745,1.4650597257449949,-2.0,1.0,0.0,0.0,0.18333333333333332,0.0,,-0.03389267477838315,0.23076923076923078
385,202305020201,9,7,9,91,24,19,11,236,2,0,0,6,2,1,4,32,7,2,1,59,0,0,0,0,1,0,1,16,4,0,0,25,0,0,0,0,0.0,0.0,5.0,4.0,40.2,0.5,0.18181818181818182,0.0,0.0,3.0,8.0,39.3,1.6,0.35714285714285715,0.0,0.0,4.0,4.0,38.1,0.8,0.4,0.0,1.0,0.0,0.06097560975609756,0.21951219512195122,2,4,7.0,3.0,1304,1294,1503,0.0,0.0,3.0,2.0,39.7,0.3,0.375,0.0,0.0,3.0,8.0,37.6,0.8,0.6875,0.2,0.2,54.0,-432.0,16.0,11.0,461.0,0.0,0.0,0.13333333333333333,0.0,-0.125,0.4799999999999997,0.0,2.046200000000006,-0.09260000000000446,0.4405000000000001,1.6274000000000015,-0.6794999999999973,0.1629238248704175,0.9785703858180057,0.0,2.0,0.0,0.043478260869565216,0.13043478260869565,1.0,0.0,0.005261979399910438,0.05268199233716475
386,202305020201,0,2,0,5,0,0,0,4,0,0,0,1,0,2,0,3,0,0,0,3,0,0,0,1,0,2,0,2,0,0,0,1,0,0,0,1,0.0,0.0,2.0,3.0,38.3,0.7,0.16666666666666666,0.0,0.0,13.0,9.0,37.3,0.9,0.6875,0.0,0.0,10.0,10.0,38.9,2.1,0.6875,3.5,1.0,-100.0,0.05185185185185185,0.16296296296296298,1,2,160.3,13.0,1485,588,1665,0.0,0.0,12.0,13.0,36.5,1.9,0.6875,0.0,0.0,8.0,12.0,40.4,4.3,0.5,2.2,0.2,53.0,-454.0,16.0,6.0,485.0,0.0,0.0625,0.0,0.25,0.2857142857142857,-0.3400000000000006,0.0,,-0.9795000000000016,0.988900000000001,1.4253,2.1205,0.20301546191799727,1.3422369388450013,-2.0,2.0,0.0,0.08888888888888889,0.2,2.0,0.0,,
387,202305020201,3,5,2,49,3,10,5,95,0,0,0,0,1,2,1,23,2,5,4,40,0,0,0,0,0,1,0,9,2,1,2,9,0,0,0,0,0.0,0.0,5.0,9.0,41.6,3.3,0.25,0.0,0.0,9.0,12.0,37.9,2.0,0.5625,0.0,0.0,10.0,10.0,38.3,1.3,0.375,0.5,8.0,0.0,0.028169014084507043,0.08450704225352113,3,6,98.5,10.0,1645,1376,1366,0.0,0.0,8.0,13.0,38.4,2.0,0.0625,0.0,0.0,9.0,6.0,38.8,0.9,0.375,-0.5,0.0,54.0,-382.0,16.0,12.0,468.0,0.25,0.0625,0.0,0.0,0.0,0.5100000000000009,0.0,3.4462000000000046,0.20830000000000126,0.02049999999999841,1.1448999999999998,0.9788999999999959,0.16488632447841148,1.3311649033835002,0.0,2.0,0.0,0.05,0.25,1.0,0.0,-0.055205811138014524,0.07508296460176991
388,202305020201,0,0,0,4,0,0,0,8,0,0,0,0,0,0,0,2,0,0,0,2,0,0,0,0,0,0,0,1,0,0,0,2,0,0,0,0,0.0,0.0,3.0,4.0,38.5,0.4,0.7,0.0,0.0,14.0,12.0,37.9,2.7,0.875,0.0,0.0,10.0,12.0,38.9,1.4,0.2857142857142857,4.0,12.0,0.0,0.06716417910447761,0.1791044776119403,8,15,134.2,12.0,1699,1692,1313,0.0,0.0,6.0,9.0,37.5,1.4,0.4666666666666667,0.0,0.0,12.0,15.0,39.6,3.7,0.6875,1.9,0.0,54.0,-541.0,16.0,10.0,488.0,-0.1,0.0,0.07142857142857142,0.06666666666666667,0.0625,-0.18000000000000044,0.0,0.22050000000000125,-0.37950000000000017,0.988900000000001,-0.32330000000000325,2.0086000000000013,0.20483664195309714,0.738647412504776,0.0,2.0,0.0,0.0,0.12962962962962962,2.0,0.0,,0.0
389,202305020201,0,2,1,16,7,18,10,156,0,0,0,0,0,0,1,4,0,6,2,50,0,0,0,0,0,0,1,4,0,3,2,26,0,0,0,0,0.0,0.0,50.0,8.0,39.2,1.9,0.7272727272727273,0.0,0.0,160.0,11.0,37.4,2.2,0.9375,0.0,0.0,140.0,12.0,37.5,1.7,0.9375,2.0,9.0,0.0,0.09027777777777778,0.2916666666666667,5,9,411.3,14.0,1534,1428,1235,0.0,0.0,130.0,13.0,36.5,2.2,0.9375,0.0,0.0,70.0,10.0,38.4,1.7,0.8125,0.6,0.0,54.0,-409.0,16.0,11.0,431.0,0.18181818181818182,0.0,0.0625,0.0625,-0.0625,0.2500000000000007,0.0,1.046200000000006,-0.5167000000000002,-0.7794999999999987,1.134599999999999,0.5788999999999973,0.08642342428105247,0.9230384607371469,0.0,2.0,0.0,0.034482758620689655,0.1724137931034483,1.0,0.0,-0.15789473684210525,0.035063785856500246
390,202305020201,11,4,13,73,3,3,10,60,0,0,2,1,5,3,2,25,0,0,2,22,0,0,0,0,3,2,2,5,0,0,2,5,0,0,0,0,0.0,0.0,160.0,14.0,36.0,2.9,0.9375,0.0,0.0,160.0,14.0,36.7,1.8,0.8125,0.0,0.0,10.0,6.0,39.6,1.1,1.0,-4.0,-6.0,200.0,0.0,0.029411764705882353,4,7,489.4,16.0,1095,1228,1221,0.0,0.0,16.0,14.0,41.0,4.0,0.5625,0.0,0.0,16.0,14.0,38.9,2.1,0.75,0.0,0.0,54.0,-601.0,16.0,16.0,464.0,0.0,0.0625,-0.3333333333333333,0.375,0.0,-1.0099999999999993,0.0,-1.9110999999999976,-0.8913999999999973,,1.3740999999999985,0.6204999999999998,0.15309310892394862,1.84889155982713,-2.0,1.0,0.0,0.01639344262295082,0.06557377049180328,1.0,0.0,-0.06510651065106512,0.04344193817878028
391,202305020201,0,2,1,16,7,18,10,156,0,0,0,0,0,0,1,4,0,6,2,50,0,0,0,0,0,0,1,4,0,3,2,26,0,0,0,0,0.0,0.0,6.0,1.0,38.7,0.0,0.75,0.0,0.0,11.0,14.0,38.8,2.0,0.625,0.0,0.0,7.0,10.0,41.9,3.8,0.2,4.5,14.0,0.0,0.031746031746031744,0.1111111111111111,6,11,120.1,11.0,1534,1428,1235,,,,,,,,,,,,,,,4.5,0.3333333333333333,52.0,-461.0,16.0,12.0,484.0,-0.16666666666666666,-0.0625,0.2,,,-1.5999999999999979,0.0,0.4205000000000041,0.5204999999999984,2.3532999999999973,,,0.23540744819709225,1.4854853303438122,-2.0,2.0,0.5,0.06976744186046512,0.16279069767441862,2.0,0.5,-0.15789473684210525,0.035063785856500246
392,202305020201,3,0,3,4,20,25,21,205,1,0,0,1,1,0,0,0,5,4,2,61,1,0,0,0,0,0,0,0,2,1,0,22,0,0,0,0,0.0,0.0,5.0,3.0,41.0,1.0,0.14285714285714285,0.0,0.0,13.0,14.0,42.0,4.7,0.0625,0.0,0.0,9.0,15.0,39.6,2.1,0.125,6.0,19.0,-200.0,0.02,0.12,6,12,74.4,9.0,1154,1167,1561,0.0,0.0,8.0,10.0,41.9,2.9,0.14285714285714285,0.0,0.0,14.0,16.0,35.8,2.3,0.875,2.2,0.2,54.0,-453.0,16.0,7.0,487.0,0.0,0.1875,0.0625,0.0,-0.1875,1.0500000000000007,0.0,2.9273999999999987,4.794600000000003,1.3205000000000027,2.274099999999997,0.7252999999999972,0.3041171565333978,2.297476876923901,0.0,1.0,0.0,0.07017543859649122,0.19298245614035087,1.0,0.0,-0.054545454545454564,0.019083827201908404
393,202305020201,4,0,7,35,0,0,0,2,0,0,0,0,1,0,3,12,0,0,0,0,0,0,0,0,1,0,2,7,0,0,0,0,0,0,0,0,0.0,0.0,11.0,12.0,39.5,3.4,0.8333333333333334,0.0,0.0,15.0,16.0,40.4,4.0,0.6875,0.0,0.0,12.0,16.0,42.5,4.1,0.25,2.0,-11.0,580.0,0.06666666666666667,0.18571428571428572,5,10,485.2,15.0,1204,1576,1221,,,,,,,,,,,,,,,2.0,0.0,54.0,-131.0,16.0,12.0,409.0,0.08333333333333333,0.0625,0.0625,,,-1.5,0.0,,2.1205,4.678899999999999,,,0.2478690041329826,1.2569805089976536,0.0,1.0,0.0,0.09090909090909091,0.2222222222222222,1.0,0.0,-0.10755148741418766,
394,202305020206,20,10,20,146,11,13,6,86,0,1,0,3,13,5,8,64,4,8,2,42,0,0,0,2,2,0,1,17,2,1,1,7,0,0,0,1,0.0,0.0,30.0,3.0,37.6,0.2,0.3333333333333333,0.0,0.0,90.0,2.0,38.5,0.2,0.26666666666666666,0.0,0.0,80.0,1.0,38.3,0.0,0.23076923076923078,-1.0,-6.0,0.0,0.05813953488372093,0.2558139534883721,3,6,3.6,2.0,1716,1393,1167,0.0,0.0,30.0,8.0,36.1,1.8,0.2222222222222222,,,,,,,,1.4,0.75,56.0,92.0,16.0,9.0,464.0,0.0,-0.06666666666666667,0.0,0.0,,0.4700000000000003,0.0,-0.6794999999999973,0.22050000000000125,0.40159999999999485,0.5379000000000005,,0.043765357656383265,0.941740410091867,0.0,3.0,1.0,0.25,0.6666666666666666,2.0,1.0,0.03502141597379693,-0.10199418363107604
395,202305020206,1,0,0,2,2,1,5,55,0,0,0,0,1,0,0,2,0,0,1,15,0,0,0,0,0,0,0,0,0,0,0,4,0,0,0,0,0.0,0.0,10.0,1.0,37.1,0.0,0.3125,,,,,,,,,,,,,,,,,0.0,0.06666666666666667,0.17777777777777778,6,11,17.2,6.0,1195,1014,1428,,,,,,,,,,,,,,,,1.0,56.0,85.0,16.0,16.0,470.0,-0.0625,,,,,,,-1.1794999999999973,,,,,,,0.0,1.0,1.0,0.07547169811320754,0.24528301886792453,1.0,1.0,,-0.001984126984126977
396,202305020206,17,18,10,162,0,0,0,0,0,0,0,0,10,9,5,93,0,0,0,0,0,0,0,0,1,6,1,27,0,0,0,0,0,0,0,0,0.0,0.0,20.0,6.0,39.7,1.8,0.3333333333333333,0.0,0.0,20.0,5.0,39.2,1.6,0.5,0.0,0.0,10.0,1.0,37.9,0.0,0.125,-2.5,-2.0,-400.0,0.10869565217391304,0.2971014492753623,1,2,5.3,3.0,1172,633,1556,0.0,0.0,90.0,2.0,36.7,0.5,0.125,,,,,,,,-1.6,0.5,56.0,57.0,16.0,12.0,440.0,-0.08333333333333333,0.3125,0.0,0.0625,,1.0300000000000005,0.0,0.07410000000000139,-0.4258999999999986,-0.05239999999999867,-1.2523999999999944,,0.15728821740147395,1.1691342951089925,0.0,0.0,,0.03508771929824561,0.08771929824561403,0.0,,0.01460869565217393,
397,202305020206,4,5,4,48,10,14,7,96,1,1,0,7,2,1,2,16,6,9,2,45,1,1,0,6,0,0,0,5,3,3,2,11,0,0,0,3,0.0,0.0,1.0,2.0,38.6,0.0,0.125,0.0,0.0,8.0,7.0,33.6,0.6,0.5714285714285714,0.0,0.0,3.0,9.0,34.7,1.1,0.14285714285714285,3.5,5.0,-100.0,0.0,0.1111111111111111,8,15,13.7,5.0,1467,1362,336,0.0,0.0,4.0,2.0,34.0,0.0,0.4375,0.0,0.0,2.0,8.0,35.4,0.8,0.1,0.7,0.4,56.0,-547.0,16.0,8.0,507.0,0.0,0.0,0.0,0.0,0.0,0.6000000000000008,0.0,,-1.5531000000000006,-0.45309999999999917,-1.153100000000002,0.24689999999999657,0.1922822118127203,1.779438113562818,0.0,0.0,,0.05,0.3,0.0,,0.12021857923497267,-0.033568172399502716
398,202305020206,43,41,42,253,0,0,1,0,0,0,1,0,13,15,18,95,0,0,0,0,0,0,0,0,3,5,4,26,0,0,0,0,0,0,0,0,0.0,0.0,20.0,1.0,37.4,0.0,0.1875,0.0,0.0,10.0,6.0,41.0,1.6,0.13333333333333333,0.0,0.0,10.0,3.0,39.8,0.6,0.0625,1.0,4.0,200.0,0.20754716981132076,0.41509433962264153,4,8,3.1,1.0,1576,690,1577,0.0,0.0,20.0,2.0,38.5,0.2,0.14285714285714285,,,,,,,,0.0,0.75,56.0,43.0,16.0,16.0,496.0,-0.0625,0.0,0.0,0.0,,-0.21000000000000013,0.0,-0.511099999999999,1.3740999999999985,1.7273999999999958,-0.7764000000000024,,0.044803283179622774,1.3534677683639165,0.0,0.0,,0.08974358974358974,0.3076923076923077,0.0,,-0.03389267477838315,
399,202305020206,43,41,42,253,3,0,1,7,0,0,0,0,13,15,18,95,0,0,0,1,0,0,0,0,3,5,4,26,0,0,0,0,0,0,0,0,0.0,0.0,7.0,6.0,36.8,0.6,0.4,0.0,0.0,5.0,7.0,36.5,0.5,0.26666666666666666,0.0,0.0,4.0,9.0,36.1,0.6,0.4375,1.5,-10.0,200.0,0.0896551724137931,0.2896551724137931,4,7,60.4,12.0,1576,712,1577,0.0,0.0,6.0,3.0,37.7,0.1,0.4375,0.0,0.0,1.0,1.0,35.6,0.0,0.45454545454545453,-1.4,0.4,56.0,-489.0,16.0,15.0,502.0,0.0,-0.06666666666666667,0.0625,0.0,-0.09090909090909091,0.11999999999999886,0.0,-1.1111000000000004,-1.4110999999999976,-1.5642999999999958,-0.21109999999999474,-2.2211,0.06864781829629503,0.7059745037889118,-2.0,1.0,0.0,0.14285714285714285,0.47619047619047616,0.0,,-0.03389267477838315,-0.196969696969697
400,202305020206,3,0,3,4,0,0,0,2,0,0,0,0,1,0,0,0,0,0,0,1,0,0,0,0,0,0,0,0,0,0,0,1,0,0,0,0,0.0,0.0,10.0,1.0,38.1,0.0,0.3125,0.0,0.0,20.0,2.0,37.7,0.0,0.1875,0.0,0.0,30.0,3.0,37.3,0.4,0.5625,1.0,-4.0,200.0,0.03571428571428571,0.18571428571428572,5,10,18.8,7.0,1154,432,1561,0.0,0.0,20.0,12.0,38.4,2.2,0.42857142857142855,0.0,0.0,20.0,7.0,37.1,1.3,0.3333333333333333,2.2,0.6,56.0,108.0,16.0,16.0,486.0,0.0,-0.0625,0.0,-0.07142857142857142,0.0,0.13000000000000042,0.0,0.18890000000000384,-0.21109999999999474,-0.8338000000000036,2.477499999999999,1.6407999999999987,0.12515013659338292,0.48332183894378283,0.0,1.0,1.0,0.037037037037037035,0.2962962962962963,0.0,,-0.054545454545454564,
401,202305020206,5,9,5,81,11,13,6,86,0,1,0,4,0,7,3,29,4,8,2,42,0,1,0,2,0,3,0,11,2,1,1,7,0,0,0,2,0.0,0.0,13.0,12.0,35.7,1.5,0.7142857142857143,0.0,0.0,14.0,8.0,36.8,2.2,0.5,0.0,0.0,16.0,16.0,40.6,3.4,0.25,2.0,-2.0,400.0,0.06635071090047394,0.1848341232227488,6,12,204.5,16.0,1020,1393,1576,0.0,0.0,14.0,14.0,37.7,1.7,0.5,0.0,0.0,12.0,14.0,37.2,1.2,0.5333333333333333,1.0,0.0,54.0,-308.0,16.0,14.0,488.0,0.0,0.0,0.125,0.0,0.0,-0.39000000000000057,0.0,-0.19769999999999754,0.35889999999999844,2.688900000000004,-0.12330000000000041,-0.21770000000000067,0.14800563818395693,1.6382917933017915,1.0,0.0,,0.03614457831325301,0.26506024096385544,0.0,,0.16294117647058826,-0.10199418363107604
402,202305020206,4,5,4,48,20,25,21,205,0,0,0,5,2,1,2,16,5,4,2,61,0,0,0,3,0,0,0,5,1,1,0,14,0,0,0,0,0.0,0.0,12.0,9.0,37.1,0.8,0.9333333333333333,0.0,0.0,8.0,10.0,39.0,2.3,0.45454545454545453,0.0,0.0,6.0,11.0,42.8,4.3,0.16666666666666666,1.0,8.0,200.0,0.14516129032258066,0.34946236559139787,5,9,29.1,9.0,1467,1167,336,0.0,0.0,4.0,7.0,35.7,0.7,0.46153846153846156,0.0,0.0,9.0,9.0,38.0,1.3,0.5,-0.3,0.0,54.0,-496.0,16.0,15.0,462.0,0.0,0.18181818181818182,0.0,0.0,0.0,0.15,0.0,-0.7210999999999999,-0.6259000000000015,4.727399999999996,0.3346000000000018,-0.27949999999999875,0.24591972513845967,2.3994999479058112,1.0,1.0,0.0,0.20833333333333334,0.375,1.0,0.0,0.12021857923497267,0.019083827201908404
403,202305020206,6,2,2,51,14,9,8,141,0,0,0,0,4,2,2,30,2,1,3,49,0,0,0,0,0,0,1,12,0,0,0,15,0,0,0,0,0.0,0.0,11.0,11.0,38.8,2.4,0.07142857142857142,0.0,0.0,12.0,15.0,39.4,2.0,0.25,0.0,0.0,10.0,11.0,37.5,2.2,0.6666666666666666,0.0,10.0,100.0,0.051470588235294115,0.16176470588235295,8,16,21.3,8.0,1319,1618,334,0.0,0.0,8.0,10.0,38.8,2.4,0.14285714285714285,0.0,0.0,3.0,16.0,38.9,3.2,0.5625,0.5,0.0,55.0,-546.0,16.0,14.0,480.0,0.0,0.0,-0.06666666666666667,0.0,0.0625,0.039999999999999855,0.0,1.208599999999997,1.488900000000001,-0.4110999999999976,1.3658999999999963,0.988900000000001,0.234650678761183,0.6305553108173773,0.0,0.0,,0.14193548387096774,0.3225806451612903,0.0,,0.07848981619473425,0.06466540104413859
404,202305020206,0,2,1,16,0,0,0,1,0,0,0,0,0,0,1,4,0,0,0,0,0,0,0,0,0,0,0,0,0,0,0,0,0,0,0,0,0.0,0.0,140.0,7.0,36.1,0.8,0.75,0.0,0.0,110.0,10.0,37.5,1.2,0.75,0.0,0.0,60.0,8.0,36.5,0.8,0.9090909090909091,0.5,2.0,200.0,0.03225806451612903,0.11290322580645161,7,13,72.1,13.0,1534,1493,1235,0.0,0.0,110.0,4.0,36.7,1.1,0.7272727272727273,0.0,0.0,120.0,11.0,36.8,1.0,0.875,0.2,0.0,54.0,35.0,16.0,16.0,496.0,-0.125,0.0625,0.0,-0.09090909090909091,-0.0625,-0.05999999999999943,0.0,-1.3160999999999987,-0.4110999999999976,-1.7794999999999987,-1.168299999999995,-1.0683000000000007,0.07455099757662147,0.4578209256903834,-2.0,1.0,0.0,0.0,0.1864406779661017,1.0,0.0,-0.15789473684210525,
405,202305020206,6,13,11,107,0,0,0,12,0,0,0,0,2,4,4,38,0,0,0,2,0,0,0,0,0,0,2,12,0,0,0,1,0,0,0,0,0.0,0.0,40.0,5.0,36.6,0.8,0.1111111111111111,0.0,0.0,40.0,1.0,39.0,0.0,0.0625,0.0,0.0,70.0,9.0,36.3,1.1,0.8461538461538461,2.0,-6.0,-200.0,0.020833333333333332,0.125,2,3,10.2,4.0,1393,197,1263,0.0,0.0,40.0,5.0,34.1,0.7,0.5333333333333333,,,,,,,,0.8,0.25,56.0,49.0,16.0,9.0,510.0,0.0,0.0,-0.15384615384615385,0.0,,1.0200000000000002,0.0,1.5253000000000014,0.7205000000000013,-0.3832000000000022,-0.9746999999999986,,0.3215758579841247,1.7363755354185335,0.0,1.0,1.0,0.05,0.275,1.0,1.0,-0.03920282129090463,
406,202305020206,1,1,0,11,5,8,9,99,0,0,0,1,0,0,0,2,1,2,3,50,0,0,0,0,0,0,0,0,0,1,1,17,0,0,0,0,0.0,0.0,40.0,1.0,36.3,0.0,0.1875,,,,,,,,,,,,,,,,,0.0,0.15151515151515152,0.35353535353535354,3,5,29.7,10.0,1289,1235,1428,,,,,,,,,,,,,,,,1.0,56.0,71.0,16.0,16.0,468.0,0.0,,,,,,,-1.5984000000000052,,,,,,,0.0,1.0,1.0,0.043478260869565216,0.08695652173913043,0.0,,0.02797202797202797,-0.02181818181818182
407,202305020206,0,0,0,2,0,0,0,4,0,0,0,0,0,0,0,1,0,0,0,3,0,0,0,0,0,0,0,0,0,0,0,0,0,0,0,0,0.0,0.0,40.0,4.0,38.0,0.4,0.4375,0.0,0.0,50.0,3.0,38.0,2.4,0.26666666666666666,0.0,0.0,150.0,6.0,39.6,1.3,0.5625,1.0,-4.0,200.0,0.0,0.2,1,1,107.4,14.0,1475,1557,1645,0.0,0.0,90.0,7.0,39.3,2.0,0.75,,,,,,,,1.2,0.25,56.0,49.0,16.0,16.0,470.0,0.0,0.0,0.0,0.0625,,-0.5499999999999993,0.0,0.08890000000000242,0.08890000000000242,1.3205000000000027,1.4316999999999993,,0.1765555861478192,0.7327175444876421,0.0,1.0,0.0,0.0,0.0,1.0,0.0,,
408,202305020206,0,2,0,5,2,4,2,55,0,0,0,0,0,2,0,3,2,0,1,22,0,0,0,0,0,0,0,1,1,0,0,11,0,0,0,0,0.0,0.0,20.0,1.0,37.8,0.0,0.3125,0.0,0.0,40.0,2.0,37.0,0.1,0.125,0.0,0.0,70.0,4.0,37.4,1.4,0.9375,1.5,10.0,200.0,0.0,0.030303030303030304,7,14,39.0,11.0,1485,1589,1665,0.0,0.0,70.0,5.0,36.4,0.7,0.9375,0.0,0.0,100.0,8.0,38.2,1.7,0.8125,1.7,0.4,56.0,21.0,16.0,16.0,486.0,0.0,0.0,-0.125,0.0,0.0,-0.020000000000000996,0.0,-0.11110000000000042,-0.9110999999999976,-0.511099999999999,-1.511099999999999,0.28890000000000526,0.34003676271838607,0.6248199740725331,0.0,0.0,,0.016666666666666666,0.06666666666666667,0.0,,,0.12301587301587302
409,202305020206,5,1,6,33,20,25,21,205,1,0,0,1,3,1,6,14,5,4,2,61,0,0,0,0,2,0,3,3,1,1,0,14,0,0,0,0,0.0,0.0,4.0,5.0,39.7,1.8,0.625,0.0,0.0,14.0,15.0,38.3,2.3,0.4375,0.0,0.0,15.0,16.0,43.0,6.0,0.1875,5.5,44.0,-100.0,0.06172839506172839,0.2222222222222222,2,4,109.1,15.0,1401,1167,517,0.0,0.0,10.0,1.0,38.6,0.0,0.25,0.0,0.0,14.0,5.0,38.8,2.2,0.25,-1.4,0.2,54.0,-428.0,16.0,8.0,428.0,-0.125,0.25,0.1875,-0.0625,0.0,0.15000000000000072,0.0,,1.1770999999999958,4.720500000000001,0.6889000000000038,0.8888999999999996,0.16105123408406408,1.7244129435839903,0.0,1.0,0.0,0.03896103896103896,0.11688311688311688,1.0,0.0,0.019047619047619035,0.019083827201908404
410,202305020210,12,9,9,59,1,3,1,5,1,3,1,4,5,4,1,17,0,1,0,1,0,1,0,1,0,1,1,1,0,0,0,0,0,0,0,0,0.0,0.0,1.0,1.0,40.3,0.0,0.42857142857142855,0.0,0.0,10.0,7.0,35.9,1.0,0.375,0.0,0.0,10.0,11.0,38.7,2.7,0.46153846153846156,5.0,16.0,-200.0,0.06808510638297872,0.26382978723404255,5,9,4.3,1.0,1463,622,1167,0.0,0.0,3.0,7.0,36.8,0.8,0.25,0.0,0.0,1.0,1.0,36.3,0.0,0.3333333333333333,0.0,0.4,58.0,-438.0,15.0,14.0,538.0,-0.07142857142857142,0.0,0.15384615384615385,0.0,0.0,0.7100000000000002,0.0,2.3832999999999984,-2.0167,-0.9258999999999986,-1.4795000000000016,-1.9795000000000016,0.07426824613456448,1.6565023392678928,3.0,2.0,0.5,0.1509433962264151,0.33962264150943394,2.0,0.5,-0.03549135009809168,-0.07142857142857145
411,202305020210,20,10,20,146,19,18,17,223,1,0,0,5,13,5,8,64,10,4,3,73,0,0,0,0,3,0,0,5,1,2,0,2,0,0,0,0,0.0,0.0,10.0,11.0,36.3,1.4,0.5,0.0,0.0,4.0,10.0,36.6,1.1,0.4375,0.0,0.0,7.0,2.0,36.9,0.3,0.2,-4.5,-8.0,0.0,0.06766917293233082,0.17293233082706766,7,12,18.6,7.0,1716,1558,1167,0.0,0.0,12.0,5.0,36.3,0.2,0.25,0.0,0.0,6.0,15.0,38.2,1.9,0.5,0.3,0.2,58.0,-175.0,15.0,14.0,492.0,-0.07142857142857142,0.0,0.0,0.0,0.0,-0.3500000000000007,0.0,-1.8537999999999997,-1.5537999999999954,-1.3795000000000002,-1.9795000000000016,0.28890000000000526,0.12757350822173075,0.7059745037889136,0.0,4.0,0.25,0.038461538461538464,0.2692307692307692,2.0,0.5,0.03502141597379693,0.0611517126001585
412,202305020210,4,5,4,48,18,15,24,255,1,0,0,3,2,1,2,16,3,4,10,79,0,0,0,0,0,0,0,0,0,0,1,2,0,0,0,0,0.0,0.0,10.0,1.0,35.3,0.0,0.75,0.0,0.0,40.0,1.0,36.3,0.0,0.8,0.0,0.0,80.0,6.0,33.7,0.6,1.0,2.5,6.0,200.0,0.14594594594594595,0.34594594594594597,4,6,4.6,2.0,1467,1263,336,0.0,0.0,140.0,8.0,32.9,0.4,0.7777777777777778,0.0,0.0,80.0,8.0,34.1,0.6,0.23076923076923078,2.1,0.4,58.0,43.0,15.0,16.0,468.0,0.0,-0.2,-0.05555555555555555,-0.2222222222222222,0.0,0.579999999999999,0.0,-2.6111000000000004,-1.5683000000000007,-1.4530999999999992,-2.1747000000000014,-1.3592000000000013,0.2561411123060834,1.2026637102698314,0.0,0.0,,0.0,0.07692307692307693,0.0,,0.12021857923497267,0.03282493368700265
413,202305020210,4,5,4,48,7,18,10,156,0,0,1,5,2,1,2,16,0,6,2,50,0,0,1,0,0,0,0,0,0,0,0,1,0,0,0,0,0.0,0.0,110.0,11.0,38.6,2.0,0.13333333333333333,0.0,0.0,8.0,11.0,36.5,1.6,0.5,0.0,0.0,6.0,10.0,35.8,0.7,0.5625,-0.5,0.0,0.0,0.0,0.125,1,1,8.3,5.0,1467,1428,336,0.0,0.0,8.0,7.0,37.5,0.8,0.06666666666666667,0.0,0.0,11.0,4.0,37.4,0.3,0.375,-1.8,0.0,58.0,-602.0,15.0,15.0,540.0,0.0,0.0,0.0,0.0,0.0625,0.14000000000000057,0.0,0.32050000000000267,-1.7794999999999987,-2.4795000000000016,-0.5726000000000013,-0.8795000000000002,0.1964546880184956,0.9520504188329535,0.0,4.0,0.0,0.25,0.25,4.0,0.0,0.12021857923497267,0.035063785856500246
414,202305020210,0,1,0,18,0,1,0,5,0,0,0,0,0,0,0,7,0,0,0,3,0,0,0,0,0,0,0,0,0,0,0,0,0,0,0,0,0.0,0.0,2.0,1.0,39.3,0.0,0.4166666666666667,0.0,0.0,9.0,10.0,37.0,1.6,0.5625,0.0,0.0,11.0,9.0,35.3,0.8,0.8125,4.0,19.0,100.0,0.1507537688442211,0.35175879396984927,2,2,30.9,9.0,1169,187,460,0.0,0.0,10.0,3.0,35.8,0.2,0.875,0.0,0.0,8.0,10.0,36.9,1.0,0.75,1.1,0.4,58.0,-546.0,15.0,12.0,473.0,-0.16666666666666666,0.0625,0.0625,-0.125,-0.1875,0.6,0.0,1.8658999999999963,-0.8233000000000033,-2.6111000000000004,-2.023300000000006,-0.5177000000000049,0.16945582839718962,1.3807244475274567,2.0,0.0,,0.16666666666666666,0.3333333333333333,0.0,,0.038277511961722493,0.16666666666666666
415,202305020210,43,41,42,253,19,18,17,223,0,1,0,1,13,15,18,95,10,4,3,73,0,1,0,1,0,1,2,8,1,2,0,2,0,1,0,1,0.0,0.0,5.0,4.0,36.3,0.7,0.3076923076923077,0.0,0.0,8.0,5.0,37.8,0.3,0.5,0.0,0.0,3.0,4.0,38.0,1.0,0.8125,0.0,-6.0,-400.0,0.09090909090909091,0.2937062937062937,8,15,5.5,4.0,1576,1558,1577,0.0,0.0,9.0,4.0,37.2,0.8,0.8571428571428571,0.0,0.0,1.0,1.0,37.4,0.0,0.8125,-0.7,0.2,58.0,-329.0,15.0,13.0,500.0,-0.07692307692307693,-0.0625,-0.4375,-0.14285714285714285,-0.6875,-0.16000000000000086,0.0,-3.3259000000000043,-1.4847000000000037,-1.3926000000000016,-2.1288999999999945,-1.992600000000003,0.2168307410893736,0.59194594347795,0.0,0.0,,0.0,0.3333333333333333,0.0,,-0.03389267477838315,0.0611517126001585
416,202305020210,14,12,23,161,1,3,2,6,0,1,2,2,3,4,8,59,1,0,0,2,0,0,0,1,0,0,0,3,0,0,0,0,0,0,0,0,0.0,0.0,140.0,6.0,36.7,0.7,0.625,0.0,0.0,90.0,12.0,39.1,2.5,0.2,0.0,0.0,100.0,18.0,36.4,1.7,0.2777777777777778,6.0,-6.0,0.0,0.05223880597014925,0.16417910447761194,5,8,61.3,12.0,1221,881,1263,0.0,0.0,80.0,8.0,37.6,0.5,0.5,0.0,0.0,40.0,5.0,38.2,0.5,0.4375,-0.6,0.0,58.0,35.0,15.0,16.0,468.0,0.0,0.06666666666666667,0.1111111111111111,0.14285714285714285,-0.125,-0.15,0.0,-0.9642999999999944,1.0274,1.2935000000000016,-1.676400000000001,-0.37759999999999394,0.15273837875818577,0.9859006035092996,0.0,1.0,0.0,0.0,0.0,0.0,,0.007542579075425798,
417,202305020210,5,3,2,12,0,0,0,3,0,0,0,2,1,0,1,3,0,0,0,2,0,0,0,2,0,0,0,0,0,0,0,0,0,0,0,0,0.0,0.0,,,,,,0.0,0.0,70.0,14.0,38.6,2.7,0.14285714285714285,0.0,0.0,80.0,8.0,37.4,0.9,0.26666666666666666,-6.0,,0.0,0.10714285714285714,0.2653061224489796,4,7,21.5,8.0,882,419,695,0.0,0.0,110.0,10.0,38.2,1.6,0.25,0.0,0.0,50.0,1.0,38.4,0.0,0.125,-3.7,0.25,58.0,-297.0,15.0,10.0,,,0.0,-0.06666666666666667,0.0,0.0,-0.019999999999999574,0.0,,0.32050000000000267,-0.8795000000000002,0.5357000000000056,0.12049999999999983,0.06279902954859173,0.45552167895721574,2.0,5.0,0.2,0.14285714285714285,0.2857142857142857,4.0,0.25,-0.06565656565656564,
418,202305020210,0,2,1,16,18,15,24,255,0,0,0,1,0,0,1,4,3,4,10,79,0,0,0,0,0,0,0,0,0,0,1,2,0,0,0,0,0.0,0.0,12.0,10.0,35.6,0.6,0.6666666666666666,0.0,0.0,13.0,13.0,34.0,0.5,0.625,0.0,0.0,10.0,11.0,37.6,1.0,0.5625,0.5,2.0,100.0,0.05952380952380952,0.2619047619047619,3,5,11.1,6.0,1534,1263,1235,0.0,0.0,4.0,11.0,36.2,1.1,0.9375,0.0,0.0,4.0,6.0,35.9,0.3,0.6666666666666666,-1.0,0.0,58.0,-553.0,15.0,15.0,496.0,-0.06666666666666667,0.0,0.1875,0.0,-0.13333333333333333,-0.2799999999999997,0.0,-1.9913999999999987,-1.153100000000002,-0.22109999999999985,-1.7110999999999947,-2.011099999999999,0.1286953767623375,1.1551623262554926,0.0,0.0,,0.2,0.3,0.0,,-0.15789473684210525,0.03282493368700265
419,202305020210,10,7,13,98,1,0,1,15,1,0,1,3,1,1,0,26,0,0,0,5,0,0,0,1,0,0,0,2,0,0,0,0,0,0,0,0,0.0,0.0,100.0,11.0,36.6,1.1,0.5625,0.0,0.0,70.0,9.0,38.0,1.3,0.2,0.0,0.0,40.0,15.0,38.4,3.2,0.8125,2.0,4.0,0.0,0.04864864864864865,0.15675675675675677,6,11,32.6,10.0,1152,1031,1428,0.0,0.0,50.0,1.0,36.3,0.0,0.125,0.0,0.0,10.0,3.0,36.0,0.3,0.6153846153846154,-2.4,0.4,58.0,43.0,15.0,16.0,522.0,-0.125,-0.06666666666666667,-0.125,0.0,-0.07692307692307693,0.2900000000000006,0.0,-1.6794999999999973,-0.07260000000000133,-1.2891000000000048,-1.7726000000000042,-2.0726000000000013,0.2602631519904876,0.9583318840568751,0.0,1.0,0.0,0.036585365853658534,0.2682926829268293,1.0,0.0,-0.0014982876712328896,0.1550802139037433
420,202305020210,1,0,2,42,4,2,3,28,1,0,0,0,1,0,1,20,3,0,0,8,1,0,0,0,0,0,0,0,0,0,0,0,0,0,0,0,0.0,0.0,3.0,4.0,40.7,0.6,0.18181818181818182,0.0,0.0,13.0,14.0,39.3,2.3,0.4,0.0,0.0,11.0,15.0,41.4,3.9,0.0625,5.5,8.0,100.0,0.013888888888888888,0.18055555555555555,3,4,59.5,11.0,1672,1160,1167,0.0,0.0,13.0,1.0,37.8,0.0,0.06666666666666667,0.0,0.0,10.0,15.0,42.6,4.6,0.26666666666666666,0.9,0.2,56.0,-455.0,15.0,11.0,492.0,0.0,0.13333333333333333,0.0625,0.0,0.4,-0.2299999999999997,0.0,3.265900000000002,0.0905999999999949,2.5871999999999957,-1.8259000000000043,3.2074,0.12756109107373953,1.6668533228811722,2.0,0.0,,0.2857142857142857,0.42857142857142855,0.0,,0.13333333333333336,-0.12324324324324326
421,202305020210,13,10,14,133,16,16,19,162,1,0,0,8,4,1,3,20,4,4,5,55,0,0,0,2,0,0,1,3,0,0,1,3,0,0,0,1,0.0,0.0,70.0,8.0,41.4,2.6,0.8,0.0,0.0,140.0,9.0,36.7,0.8,0.6875,0.0,0.0,140.0,10.0,36.8,1.6,0.75,1.0,1.0,0.0,0.06134969325153374,0.22085889570552147,7,13,64.5,13.0,1691,1345,1167,0.0,0.0,140.0,12.0,37.2,1.7,0.9375,0.0,0.0,120.0,3.0,35.2,0.6,0.8461538461538461,-0.7,0.2,58.0,-546.0,15.0,10.0,473.0,-0.1,-0.125,0.0625,0.0,-0.15384615384615385,1.189999999999999,0.0,3.7357000000000014,-1.1233000000000004,-1.1111000000000004,-0.7110999999999947,-2.6233000000000004,0.08497432609132335,2.0838426044209757,2.0,1.0,0.0,0.3076923076923077,0.38461538461538464,0.0,,-0.0021298174442190843,-0.02467151904716891
422,202305020210,2,3,2,55,1,4,1,22,0,2,0,12,0,1,1,24,0,1,0,8,0,1,0,7,0,0,1,6,0,0,0,5,0,0,0,5,0.0,0.0,15.0,13.0,37.8,1.9,0.5333333333333333,0.0,0.0,16.0,14.0,38.5,1.8,0.6875,0.0,0.0,15.0,12.0,36.6,2.0,0.9333333333333333,-0.5,-14.0,0.0,0.028368794326241134,0.0851063829787234,8,14,339.5,15.0,1110,1404,938,0.0,0.0,16.0,14.0,36.8,2.6,0.75,0.0,0.0,16.0,14.0,39.3,2.9,0.5,0.2,0.0,58.0,0.0,15.0,15.0,498.0,0.0,0.0625,0.0,0.0,-0.0625,-0.12999999999999973,0.0,-0.4795000000000016,0.5889000000000024,-0.8177000000000021,-1.3537999999999997,1.6357,0.15687043486053495,1.017840851999957,0.0,3.0,0.0,0.05405405405405406,0.13513513513513514,1.0,0.0,0.047096774193548394,-0.08095238095238094
423,202305020210,3,1,0,8,1,0,0,4,1,0,0,3,0,0,0,4,0,0,0,2,0,0,0,1,0,0,0,1,0,0,0,1,0,0,0,1,0.0,0.0,2.0,1.0,35.7,0.0,0.08333333333333333,0.0,0.0,14.0,14.0,39.9,2.4,0.06666666666666667,0.0,0.0,14.0,9.0,37.5,0.9,0.0625,4.0,10.0,480.0,0.021505376344086023,0.07526881720430108,6,10,75.2,14.0,664,305,1110,0.0,0.0,9.0,15.0,38.6,2.6,0.25,0.0,0.0,3.0,7.0,35.2,0.7,0.6428571428571429,1.3,0.2,58.0,-460.0,15.0,12.0,514.0,,0.0,0.0,-0.0625,0.0,0.2299999999999997,0.0,,1.6204999999999998,-0.7794999999999987,0.9357000000000042,-1.2410999999999959,0.22212499290186896,1.7565876010037174,1.0,3.0,0.0,0.05128205128205128,0.1282051282051282,2.0,0.0,-0.1111111111111111,
424,202305020210,9,7,9,91,1,1,1,23,0,0,0,2,2,1,4,32,1,1,0,10,0,0,0,1,0,0,0,1,0,0,0,0,0,0,0,0,0.0,0.0,12.0,15.0,37.9,1.7,0.5,0.0,0.0,5.0,10.0,36.8,1.0,0.4,0.0,0.0,7.0,2.0,35.8,0.5,0.21428571428571427,-6.5,10.0,0.0,0.02040816326530612,0.12244897959183673,2,3,5.3,3.0,1304,1592,1503,0.0,0.0,5.0,14.0,42.5,4.3,0.2,0.0,0.0,3.0,15.0,42.0,4.6,0.13333333333333333,0.4,0.2,58.0,-279.0,15.0,16.0,562.0,0.0,-0.06666666666666667,0.0,-0.06666666666666667,0.0,-1.3900000000000006,0.0,-0.37950000000000017,-1.4795000000000016,-2.3537999999999997,3.1073999999999984,3.7205000000000013,0.1375325152237251,2.7400729917285065,2.0,4.0,0.25,0.12790697674418605,0.3023255813953488,3.0,0.0,0.005261979399910438,0.27350427350427353
425,202305020301,4,9,6,86,1,1,0,4,0,1,0,0,0,3,2,28,1,0,0,1,0,0,0,0,0,1,2,15,0,0,0,1,0,0,0,0,0.0,0.0,7.0,9.0,36.7,2.1,0.9,0.0,0.0,12.0,12.0,41.6,4.5,0.8333333333333334,0.0,0.0,12.0,9.0,39.9,2.0,0.26666666666666666,0.0,24.0,480.0,0.14925373134328357,0.35323383084577115,7,13,7.5,4.0,1333,1691,1294,0.0,0.0,15.0,14.0,37.4,1.2,0.875,0.0,0.0,15.0,16.0,39.9,2.9,0.6875,1.6,0.0,54.0,-495.0,16.0,10.0,434.0,,0.08333333333333333,0.0,0.0625,0.0625,-0.21999999999999886,0.0,,3.5274,0.507399999999997,-0.017700000000004934,1.8273999999999972,0.23475755815545346,1.7988885457415082,0.0,0.0,,0.03571428571428571,0.14285714285714285,0.0,,-0.10158730158730159,-0.20833333333333331
426,202305020301,0,1,0,3,0,1,0,9,0,1,0,1,0,0,0,0,0,0,0,2,0,0,0,0,0,0,0,0,0,0,0,2,0,0,0,0,0.0,0.0,80.0,8.0,39.6,1.4,0.5,0.0,0.0,110.0,9.0,38.7,2.1,0.5,0.0,0.0,3.0,13.0,38.1,2.0,0.06666666666666667,2.5,-6.0,0.0,0.03888888888888889,0.16111111111111112,6,12,6.2,2.0,1381,1332,548,0.0,0.0,3.0,7.0,37.7,0.9,0.875,0.0,0.0,3.0,10.0,37.7,0.9,0.375,0.2,0.0,54.0,-589.0,16.0,16.0,486.0,-0.1875,0.0,0.0,-0.0625,0.0,0.4799999999999997,0.0,1.3205000000000027,0.4205000000000041,-0.05379999999999541,-0.5794999999999959,0.1086000000000027,0.25973276865099465,0.7199999999999996,-2.0,4.0,0.0,0.03278688524590164,0.13114754098360656,3.0,0.0,,
427,202305020301,0,1,0,1,1,0,1,11,0,0,0,0,0,0,0,0,1,0,1,4,0,0,0,0,0,0,0,0,0,0,0,2,0,0,0,0,0.0,0.0,20.0,2.0,38.5,0.6,0.1875,0.0,0.0,30.0,3.0,37.7,0.4,0.25,0.0,0.0,80.0,8.0,37.0,1.4,0.125,3.0,2.0,200.0,0.06569343065693431,0.18248175182481752,7,14,1.7,1.0,1676,779,1428,,,,,,,,,,,,,,,3.0,0.6666666666666666,54.0,20.0,16.0,16.0,508.0,0.0,0.0625,0.1875,,,0.75,0.0,0.6317000000000021,0.2839000000000027,1.9253,,,0.05103103630798288,0.6128258770283411,0.0,0.0,,0.04878048780487805,0.2682926829268293,0.0,,,-0.05384615384615385
428,202305020301,0,0,0,1,9,12,12,108,0,0,0,1,0,0,0,0,3,7,5,42,0,0,0,0,0,0,0,0,0,4,2,13,0,0,0,0,0.0,0.0,13.0,12.0,38.3,2.8,0.625,0.0,0.0,5.0,11.0,38.1,2.2,0.3125,0.0,0.0,5.0,3.0,37.3,1.3,0.625,-4.5,0.0,-200.0,0.0,0.2,3,5,212.1,16.0,1632,1221,1167,0.0,0.0,16.0,4.0,38.1,0.3,0.375,0.0,0.0,4.0,6.0,41.5,1.7,0.15384615384615385,-1.9,0.2,54.0,-56.0,16.0,16.0,498.0,0.0,0.1875,-0.0625,0.0,0.07692307692307693,-0.6400000000000006,0.0,0.22739999999999583,-0.05379999999999541,-0.8537999999999997,-0.17949999999999733,3.4273999999999987,0.18355061536907705,1.4609585894199744,0.0,3.0,0.3333333333333333,0.0684931506849315,0.1917808219178082,1.0,0.0,,-0.024042553191489374
429,202305020301,0,1,0,2,0,0,0,0,0,0,0,0,0,1,0,2,0,0,0,0,0,0,0,0,0,1,0,2,0,0,0,0,0,0,0,0,0.0,0.0,40.0,40.0,39.0,1.2,0.16666666666666666,0.0,0.0,40.0,70.0,39.6,2.1,0.6,0.0,0.0,40.0,60.0,39.8,1.3,0.2,10.0,25.0,200.0,0.0,0.0,8,16,6.5,3.0,1498,716,1036,0.0,0.0,40.0,40.0,36.2,0.6,0.75,0.0,0.0,30.0,40.0,36.1,0.6,0.6875,-3.0,0.0,51.0,-440.0,16.0,6.0,483.0,0.0,0.06666666666666667,0.13333333333333333,0.0,0.0625,0.9199999999999996,0.0,1.1788999999999987,-0.025900000000000034,0.40739999999999554,-2.079499999999996,-2.0537999999999954,0.2477622067852785,1.6463292501805329,-2.0,2.0,0.0,0.021739130434782608,0.1956521739130435,1.0,0.0,,
430,202305020301,16,16,15,141,20,25,21,205,0,1,1,11,9,9,7,56,5,4,2,61,0,0,0,1,2,2,2,23,2,1,0,22,0,0,0,0,0.0,0.0,1.0,1.0,40.7,0.0,0.08333333333333333,0.0,0.0,16.0,15.0,38.2,2.2,0.875,0.0,0.0,17.0,16.0,33.8,1.5,0.8333333333333334,7.5,18.0,0.0,0.050724637681159424,0.15942028985507245,4,8,44.5,8.0,1278,1167,625,0.0,0.0,14.0,16.0,37.9,3.8,0.1875,0.0,0.0,13.0,14.0,38.3,2.3,0.6875,2.7,0.2,53.0,-539.0,16.0,12.0,484.0,0.0,0.0625,,0.0625,0.0625,0.5100000000000016,0.0,2.546200000000006,0.28890000000000526,0.25659999999999883,2.8252999999999986,0.4766999999999939,0.33244673758864496,2.2283626275810695,0.0,1.0,1.0,0.01639344262295082,0.08196721311475409,0.0,,0.010563380281690127,0.019083827201908404
431,202305020301,2,5,4,35,19,18,17,223,0,0,0,0,0,0,1,12,10,4,3,73,0,0,0,0,0,0,1,8,3,0,1,27,0,0,0,0,0.0,0.0,1.0,1.0,38.4,0.0,0.5555555555555556,0.0,0.0,9.0,8.0,40.0,1.4,0.5333333333333333,0.0,0.0,12.0,7.0,39.7,0.8,0.125,3.0,17.0,200.0,0.009523809523809525,0.06666666666666667,5,9,105.5,12.0,1674,1558,1428,0.0,0.0,10.0,7.0,42.0,2.9,0.0625,0.0,0.0,15.0,10.0,41.8,2.7,0.0625,1.7,0.2,54.0,-444.0,16.0,9.0,475.0,-0.3333333333333333,0.0,0.0,0.0625,0.0,-0.8799999999999997,0.0,0.488900000000001,0.6073999999999984,1.420500000000004,2.3740999999999985,2.1740999999999957,0.22715599415162335,1.3541048703848602,0.0,1.0,0.0,0.06578947368421052,0.19736842105263158,1.0,0.0,-0.06413043478260871,0.0611517126001585
432,202305020301,17,18,10,162,11,8,5,58,0,0,1,5,10,9,5,93,2,1,0,16,0,0,0,3,5,1,2,20,0,1,0,6,0,0,0,0,0.0,0.0,7.0,,,,0.4,0.0,0.0,11.0,6.0,38.4,0.9,0.13333333333333333,0.0,0.0,6.0,8.0,39.1,1.3,0.5,2.0,-9.0,200.0,0.0273972602739726,0.0821917808219178,2,4,33.6,6.0,1172,334,1556,0.0,0.0,4.0,13.0,39.8,2.6,0.8125,0.0,0.0,5.0,3.0,37.8,1.0,0.375,-0.4,0.25,54.0,-304.0,16.0,15.0,479.0,0.2,0.0,-0.125,0.0,-0.125,0.11000000000000085,0.0,,0.488900000000001,0.8205000000000027,1.7273999999999958,-0.2726000000000042,0.22006312225763267,0.7495832175282477,0.0,1.0,0.0,0.0,0.0,1.0,0.0,0.01460869565217393,-0.028531983433041863
433,202305020301,7,7,8,85,14,9,8,141,1,1,0,1,3,4,0,27,2,1,3,49,1,1,0,0,0,0,0,14,0,0,1,13,0,0,0,0,0.0,0.0,9.0,9.0,41.3,1.8,0.4666666666666667,0.0,0.0,15.0,11.0,35.9,1.4,0.4444444444444444,0.0,0.0,9.0,9.0,38.2,1.4,0.875,0.0,0.0,-300.0,0.0660377358490566,0.18396226415094338,1,2,48.2,9.0,1605,1618,1,,,,,,,,,,,,,,,0.0,0.0,54.0,-77.0,16.0,15.0,470.0,0.13333333333333333,-0.05555555555555555,-0.0625,,,1.5499999999999972,0.0,2.090599999999995,0.8252999999999986,-0.07949999999999591,,,0.19793602352818673,2.2125902367034778,2.0,1.0,0.0,0.058823529411764705,0.11764705882352941,1.0,0.0,0.056687605331699115,0.06466540104413859
434,202305020301,0,0,1,19,19,18,17,223,0,0,0,0,0,0,0,2,10,4,3,73,0,0,0,0,0,0,0,1,3,0,1,27,0,0,0,0,0.0,0.0,11.0,11.0,42.1,3.3,0.36363636363636365,0.0,0.0,14.0,10.0,38.6,1.5,0.625,0.0,0.0,11.0,10.0,40.0,2.3,0.5625,-0.5,-1.0,-200.0,0.0,0.0,1,1,161.4,14.0,1222,1558,1328,0.0,0.0,9.0,13.0,38.2,1.3,0.125,0.0,0.0,10.0,9.0,36.5,0.9,0.4117647058823529,-0.1,0.0,51.0,-404.0,16.0,11.0,451.0,0.18181818181818182,0.0625,0.1875,0.0625,0.11764705882352941,1.1600000000000001,0.0,4.183300000000003,0.32050000000000267,0.4532999999999987,2.9366000000000057,0.5833999999999975,0.1746835153925969,1.8776581158453742,-3.0,1.0,0.0,0.03333333333333333,0.13333333333333333,1.0,0.0,-0.05,0.0611517126001585
435,202305020301,1,0,1,6,11,13,6,86,0,0,0,0,1,0,1,3,4,8,2,42,0,0,0,0,1,0,0,2,1,4,1,18,0,0,0,0,0.0,0.0,1.0,1.0,38.4,0.0,0.09090909090909091,0.0,0.0,14.0,15.0,40.6,4.4,0.1875,0.0,0.0,7.0,11.0,39.1,1.6,0.625,5.0,3.0,0.0,0.07142857142857142,0.2647058823529412,2,3,37.7,7.0,1579,1393,1605,,,,,,,,,,,,,,,5.0,0.3333333333333333,54.0,-407.0,16.0,11.0,503.0,0.0,0.0,-0.125,,,-0.3500000000000014,0.0,0.24620000000000175,2.5274,0.8205000000000027,,,0.2323764075069589,0.9177266598624146,0.0,2.0,0.5,0.014925373134328358,0.04477611940298507,1.0,0.0,,-0.10199418363107604
436,202305020301,5,9,5,81,0,0,0,3,0,0,0,0,0,7,3,29,0,0,0,3,0,0,0,0,0,0,3,10,0,0,0,3,0,0,0,0,0.0,0.0,1.0,3.0,37.7,0.6,0.2727272727272727,0.0,0.0,14.0,10.0,37.1,1.7,0.4375,0.0,0.0,11.0,3.0,35.6,0.5,0.25,0.0,23.0,100.0,0.0273972602739726,0.0684931506849315,8,15,72.6,11.0,1020,1321,1576,0.0,0.0,10.0,13.0,37.0,2.4,0.6153846153846154,0.0,0.0,10.0,5.0,36.3,0.7,0.5833333333333334,0.7,0.4,52.0,-423.0,16.0,11.0,475.0,-0.18181818181818182,0.125,0.0,0.23076923076923078,-0.08333333333333333,0.29000000000000126,0.0,0.8719000000000037,1.9468999999999994,-0.8410999999999973,1.0775000000000006,-0.14110000000000156,0.1516927975079066,0.7227724399837068,-2.0,0.0,,0.0,0.05263157894736842,0.0,,0.16294117647058826,
437,202305020301,4,0,7,35,15,21,12,151,0,0,0,0,1,0,3,12,4,6,4,62,0,0,0,0,1,0,2,7,3,3,2,30,0,0,0,0,0.0,0.0,20.0,1.0,36.4,0.0,0.2857142857142857,0.0,0.0,150.0,13.0,39.6,2.2,0.375,0.0,0.0,100.0,12.0,40.7,3.5,0.5625,5.5,9.0,600.0,0.0,0.06593406593406594,4,7,204.0,15.0,1204,1482,1221,0.0,0.0,90.0,7.0,41.3,2.5,0.5333333333333333,,,,,,,,1.7,0.25,54.0,-402.0,16.0,7.0,449.0,,0.125,0.1875,-0.06666666666666667,,-1.5799999999999996,0.0,,1.3205000000000027,1.0741000000000014,1.6740999999999957,,0.11373594749484887,1.890767040118904,0.0,1.0,0.0,0.0,0.12195121951219512,1.0,0.0,-0.10755148741418766,-0.05872427832593624
438,202305020301,1,0,2,55,7,1,4,51,1,0,0,3,1,0,0,29,4,0,2,21,1,0,0,3,1,0,0,16,3,0,0,8,1,0,0,0,0.0,0.0,70.0,100.0,40.6,2.2,1.0,0.0,0.0,150.0,140.0,41.4,2.3,0.06666666666666667,0.0,0.0,100.0,140.0,39.5,2.5,0.75,20.0,-7.0,100.0,0.0481283422459893,0.16042780748663102,5,10,55.1,10.0,1509,1170,1110,0.0,0.0,40.0,110.0,41.3,4.4,0.1875,,,,,,,,3.0,0.0,54.0,-239.0,16.0,10.0,449.0,0.0,0.13333333333333333,-0.0625,0.0,,-0.019999999999998862,0.0,3.1659000000000006,2.822400000000002,1.2205000000000013,3.227399999999996,,0.3866295667366892,0.7582875444051541,2.0,1.0,0.0,0.05405405405405406,0.13513513513513514,1.0,0.0,0.227345629510826,0.10952380952380952
439,202305020301,4,5,4,48,2,1,1,14,0,0,0,0,2,1,2,16,2,0,1,6,0,0,0,0,2,1,1,6,1,0,1,1,0,0,0,0,0.0,0.0,4.0,5.0,42.3,1.4,0.3333333333333333,0.0,0.0,15.0,7.0,35.4,1.0,0.4375,0.0,0.0,13.0,15.0,39.6,2.8,0.875,5.0,6.0,-200.0,0.0,0.06896551724137931,3,6,139.2,13.0,1467,1736,336,,,,,,,,,,,,,,,5.0,0.0,54.0,-453.0,16.0,9.0,472.0,0.1111111111111111,-0.0625,-0.0625,,,1.3499999999999979,0.0,4.227399999999996,0.24689999999999657,1.3205000000000027,,,0.234677017343275,2.8390139133156773,-1.0,1.0,0.0,0.03333333333333333,0.16666666666666666,1.0,0.0,0.12021857923497267,0.1777777777777778
440,202305020301,9,7,9,91,2,2,5,78,0,0,0,0,2,1,4,32,1,0,1,30,0,0,0,0,1,0,1,16,0,0,0,14,0,0,0,0,,,,,,,,,,,,,,,,,,,,,,,,,0.1079136690647482,0.302158273381295,6,11,14.9,5.0,1304,1036,1503,,,,,,,,,,,,,,,,,54.0,,16.0,,,,,,,,,,,,,,,,,,0.0,,0.14102564102564102,0.32051282051282054,0.0,,0.005261979399910438,-0.0649867374005305
441,202305020307,9,7,10,114,0,0,0,0,0,0,0,0,3,1,0,26,0,0,0,0,0,0,0,0,1,0,0,5,0,0,0,0,0,0,0,0,0.0,0.0,60.0,12.0,36.6,0.8,0.75,0.0,0.0,60.0,14.0,36.6,2.7,0.8125,0.0,0.0,20.0,7.0,36.8,1.1,0.125,-2.5,4.0,200.0,0.06060606060606061,0.21818181818181817,8,15,25.9,10.0,1503,632,1263,0.0,0.0,30.0,6.0,37.5,1.1,0.3125,0.0,0.0,50.0,5.0,37.9,1.0,0.1875,-2.2,0.0,56.0,35.0,16.0,16.0,494.0,0.0,0.0625,0.0,-0.125,0.0625,-0.3499999999999993,0.0,-0.8160999999999987,1.5253000000000014,-1.3338000000000036,-0.3984000000000023,0.23570000000000135,0.28777161083053343,0.526877594892779,3.0,3.0,0.0,0.03571428571428571,0.2857142857142857,0.0,,-0.017174959871589096,
442,202305020307,20,10,20,146,1,0,1,7,0,0,0,0,13,5,8,64,0,0,0,0,0,0,0,0,2,0,1,17,0,0,0,0,0,0,0,0,0.0,0.0,3.0,3.0,38.1,1.1,0.16666666666666666,0.0,0.0,2.0,3.0,38.4,0.3,0.4375,0.0,0.0,4.0,9.0,37.6,1.2,0.6,3.0,6.0,-400.0,0.14925373134328357,0.3805970149253731,5,10,6.9,4.0,1716,812,1167,0.0,0.0,4.0,2.0,36.0,0.3,0.25,0.0,0.0,1.0,9.0,35.9,1.0,1.0,1.1,0.6,56.0,-343.0,16.0,12.0,500.0,0.16666666666666666,-0.0625,0.0,0.0,0.0,0.6800000000000004,0.0,-1.4466999999999999,0.12049999999999983,-0.6794999999999973,-2.2794999999999987,-2.2537999999999982,0.2956677940602332,1.0526157893552617,0.0,4.0,0.5,0.0,0.0,3.0,0.6666666666666666,0.03502141597379693,-0.2222222222222222
443,202305020307,6,7,7,42,1,0,0,1,0,0,0,0,3,5,4,18,1,0,0,1,0,0,0,0,1,1,1,6,0,0,0,0,0,0,0,0,0.0,0.0,100.0,7.0,36.4,0.7,0.8666666666666667,0.0,0.0,15.0,7.0,36.6,0.7,0.6,0.0,0.0,13.0,10.0,37.3,1.2,0.3125,1.5,2.0,250.0,0.15,0.35,1,1,5.9,3.0,1148,707,1393,0.0,0.0,11.0,8.0,36.6,1.6,0.6875,0.0,0.0,13.0,16.0,38.4,2.2,0.4375,1.9,0.0,56.0,-567.0,16.0,15.0,472.0,-0.13333333333333333,0.13333333333333333,-0.0625,0.0,-0.0625,-0.4,0.0,-1.4233000000000047,-1.3110999999999962,-0.7726000000000042,-1.6794999999999973,0.12049999999999983,0.1928694146595336,0.7364781055808779,0.0,2.0,0.0,0.03571428571428571,0.17857142857142858,2.0,0.0,-0.08345021037868161,
444,202305020307,20,10,20,146,1,3,4,28,0,0,0,0,13,5,8,64,1,0,3,12,0,0,0,0,2,0,1,17,0,0,0,2,0,0,0,0,0.0,0.0,70.0,6.0,36.2,0.4,1.0,0.0,0.0,90.0,3.0,38.1,0.7,1.0,0.0,0.0,70.0,5.0,34.8,0.6,0.6666666666666666,-0.5,12.0,200.0,0.0196078431372549,0.11764705882352941,1,2,8.8,6.0,1716,1292,1167,0.0,0.0,60.0,8.0,40.3,1.4,0.6428571428571429,0.0,0.0,70.0,7.0,34.8,0.9,0.7222222222222222,0.7,0.2,56.0,49.0,16.0,13.0,470.0,0.0,-0.23076923076923078,0.08333333333333333,-0.42857142857142855,0.1111111111111111,0.060000000000001566,0.0,-1.7110999999999947,-1.176400000000001,-1.6411000000000016,0.9073999999999955,-0.35310000000000485,0.16019954802590647,2.1114923632350653,0.0,0.0,,0.0,0.125,0.0,,0.03502141597379693,-0.07936507936507936
445,202305020307,3,5,4,33,20,25,21,205,1,0,0,1,1,3,2,9,5,4,2,61,0,0,0,0,1,0,0,3,1,1,0,14,0,0,0,0,0.0,0.0,11.0,,,,0.875,0.0,0.0,5.0,3.0,36.8,0.7,0.5333333333333333,0.0,0.0,8.0,4.0,35.2,0.3,0.8,1.0,-4.0,0.0,0.03546099290780142,0.18439716312056736,4,7,7.1,5.0,1657,1167,1317,0.0,0.0,10.0,8.0,38.6,1.1,0.6875,0.0,0.0,8.0,7.0,36.9,0.8,0.8,1.6,0.25,56.0,-421.0,16.0,16.0,476.0,0.0,0.0,0.06666666666666667,-0.0625,0.0,-0.3700000000000003,0.0,,-1.4795000000000016,-2.953799999999994,0.32050000000000267,-0.9211000000000027,0.1190704739966117,1.2028611723719405,0.0,4.0,0.25,0.09090909090909091,0.2727272727272727,2.0,0.5,-0.0393939393939394,0.019083827201908404
446,202305020307,6,6,4,130,0,4,1,24,0,0,0,0,1,1,0,30,0,2,1,8,0,0,0,0,0,1,0,9,0,0,0,2,0,0,0,0,0.0,0.0,40.0,2.0,36.6,0.1,0.3125,0.0,0.0,20.0,5.0,37.3,0.8,0.5,0.0,0.0,10.0,6.0,36.8,0.5,0.6,2.0,6.0,0.0,0.051094890510948905,0.16058394160583941,8,16,4.6,1.0,1009,1561,298,0.0,0.0,10.0,4.0,37.4,1.1,0.26666666666666666,0.0,0.0,20.0,2.0,37.0,0.3,0.4375,-0.1,0.4,55.0,77.0,16.0,16.0,470.0,0.0,-0.25,0.06666666666666667,0.0,0.0,-0.08999999999999986,0.0,-1.2984000000000009,-0.6111000000000004,-1.023300000000006,-0.511099999999999,-0.9110999999999976,0.1217522530021975,0.29933259094191444,0.0,1.0,1.0,0.06944444444444445,0.19444444444444445,0.0,,0.11976875706924722,0.038112522686025385
447,202305020307,10,7,13,98,3,10,5,95,0,0,0,6,1,1,0,26,2,5,4,40,0,0,0,1,0,0,0,12,0,2,0,13,0,0,0,1,0.0,0.0,,,,,,0.0,0.0,150.0,15.0,38.4,3.9,0.5,0.0,0.0,140.0,7.0,36.8,1.7,0.625,-8.0,,-200.0,0.029850746268656716,0.13432835820895522,7,13,147.1,14.0,1152,1376,1428,0.0,0.0,90.0,8.0,37.9,0.8,0.4375,0.0,0.0,140.0,5.0,36.3,0.6,0.875,-2.9,0.0,56.0,-454.0,16.0,7.0,,,0.1875,0.125,0.0,-0.125,0.5200000000000002,0.0,,0.24620000000000175,-1.4795000000000016,-0.25379999999999825,-1.291400000000003,0.16755945773068137,0.8381527307120111,2.0,3.0,0.0,0.037037037037037035,0.12345679012345678,1.0,0.0,-0.0014982876712328896,0.07508296460176991
448,202305020307,4,5,4,48,19,18,17,223,0,0,0,1,2,1,2,16,10,4,3,73,0,0,0,0,0,0,0,5,2,0,2,15,0,0,0,0,0.0,0.0,9.0,7.0,39.1,1.7,0.9090909090909091,0.0,0.0,9.0,12.0,40.8,2.1,0.06666666666666667,0.0,0.0,11.0,8.0,35.3,0.7,0.7777777777777778,0.5,12.0,170.0,0.03910614525139665,0.16201117318435754,7,14,56.8,11.0,1467,1558,336,0.0,0.0,11.0,8.0,37.1,1.8,0.625,0.0,0.0,5.0,7.0,37.5,0.6,0.625,-0.4,0.0,56.0,-244.0,16.0,11.0,484.0,-0.18181818181818182,0.06666666666666667,0.0,-0.0625,-0.125,0.6899999999999998,0.0,,1.4073999999999955,0.008699999999997488,-1.1794999999999973,-0.4110999999999976,0.2873444180956958,1.8650469162999626,2.0,1.0,0.0,0.25,0.375,1.0,0.0,0.12021857923497267,0.0611517126001585
449,202305020307,2,2,3,46,0,0,0,7,0,0,0,0,0,0,1,14,0,0,0,2,0,0,0,0,0,0,0,0,0,0,0,0,0,0,0,0,0.0,0.0,10.0,9.0,37.1,0.8,0.625,0.0,0.0,20.0,2.0,36.6,0.1,0.6153846153846154,0.0,0.0,20.0,4.0,36.6,0.7,0.4375,-2.5,0.0,200.0,0.14893617021276595,0.35106382978723405,6,12,9.7,7.0,1449,1236,1306,0.0,0.0,40.0,3.0,36.3,0.1,0.875,0.0,0.0,30.0,3.0,36.6,0.4,0.8571428571428571,-1.1,0.6,56.0,28.0,16.0,16.0,514.0,0.0,-0.15384615384615385,0.0,-0.125,-0.07142857142857142,0.13000000000000042,0.0,-0.8110999999999962,-1.3110999999999962,-1.3110999999999962,-1.523300000000006,-1.2682999999999964,0.16455447713427362,0.25768197453450364,0.0,0.0,,0.11904761904761904,0.2619047619047619,0.0,,-0.041166380789022294,0.0
450,202305020307,2,2,1,21,0,4,1,24,0,0,0,2,1,1,0,7,0,2,1,8,0,0,0,1,1,1,0,1,0,0,0,2,0,0,0,0,0.0,0.0,4.0,7.0,37.2,0.9,0.8333333333333334,0.0,0.0,11.0,2.0,37.6,0.4,0.9166666666666666,0.0,0.0,13.0,8.0,36.6,0.5,0.8125,0.5,4.0,-200.0,0.050314465408805034,0.1761006289308176,3,6,16.2,8.0,1670,1561,882,0.0,0.0,15.0,8.0,36.8,1.3,0.875,0.0,0.0,4.0,6.0,36.5,1.5,0.8571428571428571,0.4,0.2,56.0,-378.0,16.0,12.0,492.0,0.0,-0.08333333333333333,-0.0625,-0.125,-0.07142857142857142,0.220000000000001,0.0,-0.8725999999999985,-0.4725999999999999,-1.2210999999999999,-1.0211000000000041,-0.9177000000000035,0.03579356280564976,0.40792156108742356,0.0,0.0,,0.06,0.22,0.0,,0.07435897435897434,0.038112522686025385
451,202305020307,6,7,7,42,20,25,21,205,0,0,1,6,3,5,4,18,5,4,2,61,0,0,0,3,1,1,1,6,1,1,0,14,0,0,0,2,0.0,0.0,3.0,4.0,39.9,1.2,0.6,0.0,0.0,9.0,3.0,38.1,0.2,0.6153846153846154,0.0,0.0,13.0,11.0,37.1,2.0,0.625,3.5,7.0,-200.0,0.07172995780590717,0.26582278481012656,6,11,133.4,13.0,1148,1167,1393,0.0,0.0,10.0,7.0,37.7,0.8,0.5625,0.0,0.0,15.0,6.0,35.3,1.0,1.0,0.8,0.2,56.0,-178.0,16.0,10.0,429.0,-0.1,-0.07692307692307693,0.125,0.0,0.0,0.9600000000000002,0.0,1.8273999999999972,-1.5259,-1.1794999999999973,-0.453799999999994,-2.8537999999999997,0.16112401045642494,1.4891608375189032,1.0,3.0,0.0,0.075,0.2,1.0,0.0,-0.08345021037868161,0.019083827201908404
452,202305020307,0,2,0,21,4,1,0,34,0,0,0,0,0,0,0,6,1,1,0,18,0,0,0,0,0,0,0,1,0,0,0,8,0,0,0,0,0.0,0.0,30.0,60.0,40.9,0.5,0.2,0.0,0.0,160.0,110.0,37.6,2.0,0.625,0.0,0.0,160.0,120.0,36.9,2.1,0.875,30.0,8.0,-200.0,0.037037037037037035,0.1728395061728395,3,5,399.7,16.0,1714,1313,1167,0.0,0.0,160.0,90.0,37.4,1.8,0.875,0.0,0.0,90.0,80.0,41.6,5.2,0.6666666666666666,2.0,0.0,56.0,-181.0,16.0,10.0,472.0,0.0,0.0,0.0,0.0,0.2222222222222222,-0.12000000000000029,0.0,2.8273999999999972,0.008600000000001273,-1.3795000000000002,-0.4233000000000047,1.9741,0.24683552778677903,1.9610201426808451,2.0,1.0,0.0,0.018518518518518517,0.05555555555555555,1.0,0.0,-0.015527950310559008,0.0905448717948718
453,202305020307,3,5,4,33,0,0,0,1,0,0,0,0,1,3,2,9,0,0,0,0,0,0,0,0,1,0,0,3,0,0,0,0,0,0,0,0,0.0,0.0,120.0,5.0,36.5,0.4,0.5,0.0,0.0,110.0,8.0,35.6,1.0,0.23076923076923078,0.0,0.0,110.0,4.0,37.0,1.5,0.46153846153846156,-0.5,-10.0,0.0,0.027777777777777776,0.06944444444444445,2,4,21.9,9.0,1657,244,1317,0.0,0.0,120.0,9.0,36.0,1.1,0.5,0.0,0.0,100.0,7.0,35.0,0.8,0.6875,0.5,0.0,54.0,77.0,16.0,16.0,456.0,0.0,0.46153846153846156,-0.15384615384615385,0.0,0.0,0.2600000000000001,0.0,-1.3984000000000023,-0.322499999999998,0.3031999999999968,0.846899999999998,-0.153100000000002,0.14576111201259384,0.6939740629158987,0.0,1.0,0.0,0.1111111111111111,0.2727272727272727,0.0,,-0.0393939393939394,
454,202305020307,16,19,15,132,10,14,7,96,0,0,0,0,1,2,4,30,6,9,2,45,0,0,0,0,0,0,1,10,3,3,2,11,0,0,0,0,0.0,0.0,140.0,1.0,34.2,0.0,0.5,0.0,0.0,120.0,12.0,36.5,1.4,0.5,0.0,0.0,110.0,5.0,34.8,0.7,0.6153846153846154,2.0,4.0,200.0,0.0661764705882353,0.18382352941176472,2,3,78.2,12.0,1167,1362,460,0.0,0.0,120.0,17.0,36.5,1.2,0.8888888888888888,0.0,0.0,110.0,12.0,41.2,4.4,0.3333333333333333,2.7,0.2,56.0,-259.0,16.0,18.0,442.0,-0.3888888888888889,0.0,-0.15384615384615385,0.0,0.4666666666666667,-1.4,0.0,-0.9530999999999992,1.134599999999999,-0.35310000000000485,0.1383999999999972,5.034200000000006,0.18413597138348065,2.4565015774470824,4.0,0.0,,0.0625,0.125,0.0,,0.03409825468648997,-0.033568172399502716
455,202305020307,9,7,3,105,0,0,0,3,0,0,0,0,3,1,0,26,0,0,0,1,0,0,0,0,0,0,0,7,0,0,0,0,0,0,0,0,0.0,0.0,60.0,1.0,39.3,0.0,0.4444444444444444,0.0,0.0,150.0,15.0,39.1,3.1,0.125,0.0,0.0,120.0,15.0,36.8,1.5,0.3125,7.0,-6.0,0.0,0.0,0.0,5,9,297.0,15.0,1127,144,1328,0.0,0.0,110.0,10.0,37.3,0.9,0.6666666666666666,0.0,0.0,50.0,8.0,38.2,0.8,0.125,0.9,0.2,53.0,-436.0,16.0,9.0,438.0,-0.1111111111111111,0.0,0.0,0.0,0.0625,0.3999999999999993,0.0,1.6357,0.8205000000000027,-1.3537999999999997,-0.6111000000000004,0.28890000000000526,0.2052738309649146,0.976933979345586,-1.0,3.0,0.3333333333333333,0.08860759493670886,0.3037974683544304,1.0,0.0,-0.00028462998102465886,
456,202305020307,1,0,2,42,1,3,2,8,0,0,0,1,1,0,1,20,1,2,1,3,0,0,0,1,0,0,0,3,0,0,0,2,0,0,0,0,0.0,0.0,20.0,16.0,42.5,6.5,0.125,0.0,0.0,30.0,6.0,37.2,0.5,0.25,0.0,0.0,10.0,10.0,37.9,1.6,0.3125,-3.0,2.0,0.0,0.11627906976744186,0.3953488372093023,4,8,5.7,2.0,1672,1322,1167,0.0,0.0,70.0,2.0,35.6,0.2,0.125,0.0,0.0,30.0,1.0,36.8,0.0,0.0625,-3.4,0.4,56.0,0.0,16.0,16.0,506.0,0.0,0.0,0.0625,0.125,0.0,1.3000000000000007,0.0,4.220500000000001,-0.953799999999994,-0.25379999999999825,-2.5537999999999954,-1.3537999999999997,0.09185586535436918,2.3706539182259396,0.0,5.0,0.4,0.13636363636363635,0.24242424242424243,1.0,0.0,0.13333333333333336,-0.17857142857142855
457,202305020402,43,41,42,253,5,5,3,59,0,0,0,3,13,15,18,95,2,5,2,20,0,0,0,2,2,3,1,12,0,0,0,4,0,0,0,0,0.0,0.0,40.0,4.0,38.1,1.1,0.5625,,,,,,,,,,,,,,,,,0.0,0.1111111111111111,0.2698412698412698,8,15,3.5,2.0,1576,1721,1577,,,,,,,,,,,,,,,,0.0,56.0,315.0,16.0,16.0,470.0,-0.0625,,,,,,,-0.17949999999999733,,,,,,,2.0,1.0,0.0,0.10526315789473684,0.38596491228070173,1.0,0.0,-0.03389267477838315,0.02314814814814814
458,202305020402,0,1,0,1,0,0,0,0,0,0,0,0,0,0,0,0,0,0,0,0,0,0,0,0,0,0,0,0,0,0,0,0,0,0,0,0,0.0,0.0,120.0,7.0,36.5,0.9,1.0,,,,,,,,,,,,,,,,,0.0,0.009433962264150943,0.0660377358490566,3,5,6.5,3.0,1676,590,1428,,,,,,,,,,,,,,,,0.0,56.0,84.0,16.0,16.0,602.0,0.0,,,,,,,-1.7794999999999987,,,,,,,0.0,1.0,0.0,0.0,0.0,1.0,0.0,,
459,202305020402,1,3,0,39,8,2,7,62,0,0,0,0,0,0,0,11,3,2,2,19,0,0,0,0,0,0,0,7,0,1,2,14,0,0,0,0,0.0,0.0,50.0,2.0,39.0,0.1,0.4666666666666667,0.0,0.0,50.0,6.0,36.5,1.1,0.75,0.0,0.0,50.0,5.0,36.9,1.3,0.6875,1.5,-8.0,-400.0,0.06542056074766354,0.1822429906542056,8,16,3.1,1.0,1453,1110,1428,0.0,0.0,60.0,6.0,35.4,0.7,0.25,0.0,0.0,50.0,8.0,38.5,1.7,0.8571428571428571,1.2,0.2,56.0,22.0,16.0,15.0,490.0,-0.26666666666666666,-0.125,0.0,0.0,-0.42857142857142855,0.21000000000000013,0.0,-0.6891000000000034,-0.9161000000000001,-1.011099999999999,-0.6948000000000008,2.168300000000002,0.21749983709952977,1.3215142829345436,0.0,0.0,,0.03571428571428571,0.2619047619047619,0.0,,0.0793905372894948,0.048961069978504884
460,202305020402,13,10,14,133,3,2,2,34,0,0,0,0,4,1,3,20,1,1,0,7,0,0,0,0,1,1,1,7,0,0,0,4,0,0,0,0,0.0,0.0,150.0,6.0,37.4,1.4,0.3125,0.0,0.0,110.0,13.0,38.0,2.2,1.0,0.0,0.0,120.0,13.0,35.9,2.8,1.0,3.5,-8.0,0.0,0.15763546798029557,0.35960591133004927,4,7,29.8,8.0,1691,1412,1167,,,,,,,,,,,,,,,3.5,0.0,56.0,70.0,16.0,16.0,482.0,0.0,0.0,0.0,,,0.75,0.0,-0.7338000000000022,-0.1338000000000008,0.44079999999999586,,,0.32409060804383427,0.8831760866327851,2.0,2.0,0.0,0.0425531914893617,0.1276595744680851,0.0,,-0.0021298174442190843,0.0673635307781649
461,202305020402,20,10,20,146,2,1,2,38,1,0,1,2,13,5,8,64,0,1,2,15,0,0,1,2,3,1,2,17,0,0,0,3,0,0,0,0,0.0,0.0,5.0,8.0,36.1,2.2,0.75,0.0,0.0,11.0,3.0,35.5,0.9,0.5,0.0,0.0,8.0,10.0,37.1,0.9,0.8125,1.0,10.0,400.0,0.03496503496503497,0.18181818181818182,2,4,30.5,9.0,1716,1445,1167,0.0,0.0,9.0,5.0,37.4,0.8,0.5,0.0,0.0,10.0,5.0,38.4,1.7,0.625,-0.4,0.2,56.0,-97.0,16.0,12.0,456.0,0.08333333333333333,0.08333333333333333,-0.0625,0.0,0.0,-0.6499999999999992,0.0,-0.17419999999999902,-0.9410999999999987,-0.3340999999999994,-0.8795000000000002,0.5788999999999973,0.12747548783981963,1.0139033484509252,3.0,1.0,0.0,0.09,0.22,1.0,0.0,0.03502141597379693,0.11705426356589148
462,202305020402,1,0,2,42,7,18,10,156,0,0,0,0,1,0,1,20,0,6,2,50,0,0,0,0,1,0,1,14,0,3,2,26,0,0,0,0,0.0,0.0,80.0,8.0,36.9,0.6,0.26666666666666666,0.0,0.0,60.0,5.0,39.4,0.9,0.375,0.0,0.0,80.0,6.0,39.0,1.5,0.3125,-1.0,2.0,-200.0,0.06474820143884892,0.19424460431654678,4,8,13.2,6.0,1672,1428,1167,,,,,,,,,,,,,,,-1.0,0.0,56.0,42.0,16.0,15.0,458.0,0.0,0.0625,-0.125,,,-1.0500000000000007,0.0,0.5251000000000019,1.488900000000001,1.0889000000000024,,,0.04440102045318273,1.0964589468932353,0.0,0.0,,0.047619047619047616,0.2857142857142857,0.0,,0.13333333333333336,0.035063785856500246
463,202305020402,0,0,1,11,0,0,0,5,0,0,0,0,0,0,1,7,0,0,0,1,0,0,0,0,0,0,0,4,0,0,0,1,0,0,0,0,0.0,0.0,1.0,4.0,40.4,0.7,0.1,0.0,0.0,5.0,8.0,39.6,2.1,0.2857142857142857,0.0,0.0,5.0,3.0,39.1,0.4,0.6428571428571429,-0.5,13.0,0.0,0.03773584905660377,0.07547169811320754,7,14,8.4,4.0,1432,1018,1428,0.0,0.0,9.0,7.0,38.1,1.3,0.35714285714285715,0.0,0.0,2.0,6.0,39.6,0.5,0.13333333333333333,0.3,0.2,54.0,-256.0,16.0,10.0,511.0,0.0,0.07142857142857142,-0.5,0.21428571428571427,0.0,0.30999999999999944,0.0,2.1205,0.2073999999999998,-0.2926000000000002,-0.47759999999999536,1.0224000000000046,0.19428104569554203,0.7552483035399674,0.0,1.0,0.0,0.0,0.09375,1.0,0.0,0.027777777777777776,
464,202305020402,2,1,2,23,0,0,1,2,0,0,0,0,0,0,1,11,0,0,1,0,0,0,0,0,0,0,0,6,0,0,1,0,0,0,0,0,0.0,0.0,3.0,3.0,39.5,0.7,0.09090909090909091,0.0,0.0,13.0,10.0,13.7,6.4,0.7857142857142857,0.0,0.0,8.0,8.0,14.1,10.5,0.8888888888888888,2.5,0.0,-300.0,0.02702702702702703,0.08108108108108109,7,13,23.0,7.0,1064,781,1556,0.0,0.0,14.0,10.0,35.1,1.3,0.6111111111111112,0.0,0.0,7.0,8.0,35.3,1.2,0.5625,1.0,0.2,56.0,-536.0,16.0,11.0,480.0,0.0,-0.07142857142857142,0.0,-0.05555555555555555,0.0,-1.3,0.0,0.29059999999999775,,,-0.3592000000000013,0.14689999999999515,0.27492131743326415,11.24803982923247,-1.0,0.0,,0.030303030303030304,0.06060606060606061,0.0,,0.07142857142857142,
465,202305020402,4,4,2,51,7,18,10,156,0,0,0,0,0,3,2,25,0,6,2,50,0,0,0,0,0,3,1,6,0,3,2,26,0,0,0,0,0.0,0.0,4.0,8.0,38.5,1.1,0.75,0.0,0.0,11.0,12.0,37.6,2.2,0.5714285714285714,0.0,0.0,14.0,9.0,36.7,1.3,0.8125,0.5,6.0,200.0,0.10606060606060606,0.26262626262626265,5,10,8.9,5.0,1042,1428,488,0.0,0.0,13.0,9.0,36.9,1.3,0.9375,0.0,0.0,12.0,11.0,37.3,1.3,0.875,0.3,0.0,54.0,-515.0,16.0,12.0,472.0,0.0,0.0,-0.0625,0.0,0.0625,0.31000000000000083,0.0,0.5889000000000024,-0.4725999999999999,-1.2110999999999947,-0.5177000000000049,-0.9795000000000016,0.12558536408940887,0.6324555320336757,0.0,1.0,0.0,0.041666666666666664,0.08333333333333333,1.0,0.0,-0.09496890898812888,0.035063785856500246
466,202305020402,10,4,8,54,1,5,0,14,0,0,0,3,2,3,4,26,0,2,0,1,0,0,0,0,0,2,3,17,0,0,0,0,0,0,0,0,0.0,0.0,60.0,5.0,38.0,0.9,0.5625,0.0,0.0,80.0,11.0,42.9,4.1,0.375,0.0,0.0,110.0,14.0,39.2,2.6,0.875,4.5,-6.0,200.0,0.015267175572519083,0.06870229007633588,1,2,41.6,10.0,1601,1472,239,0.0,0.0,40.0,4.0,38.3,1.6,0.4666666666666667,0.0,0.0,110.0,7.0,40.6,1.6,0.8666666666666667,-0.3,0.0,56.0,22.0,16.0,16.0,474.0,-0.0625,-0.0625,-0.125,-0.06666666666666667,-0.3333333333333333,-0.060000000000000143,0.0,0.13170000000000215,3.274099999999997,1.1274000000000015,1.0448999999999984,0.910899999999998,0.20605419998954969,1.794435844492636,0.0,0.0,,0.01818181818181818,0.09090909090909091,0.0,,-0.08114035087719298,-0.07777777777777778
467,202305020402,4,9,6,86,3,6,2,75,0,0,0,4,0,3,2,28,0,1,0,18,0,0,0,0,0,1,2,15,0,0,0,7,0,0,0,0,0.0,0.0,7.0,10.0,40.7,3.4,0.6363636363636364,0.0,0.0,11.0,9.0,40.2,2.2,0.6,0.0,0.0,11.0,10.0,38.2,1.6,0.1875,0.0,17.0,-100.0,,,3,6,80.7,12.0,1333,1306,1294,0.0,0.0,12.0,11.0,38.5,1.8,0.3125,0.0,0.0,10.0,6.0,37.6,1.8,0.5625,-0.6,0.0,53.0,-439.0,16.0,11.0,467.0,0.18181818181818182,-0.13333333333333333,-0.0625,0.0625,0.0,0.7900000000000006,0.0,,0.8074000000000012,0.2833000000000041,0.22050000000000125,-0.31109999999999616,0.1773260409341742,1.19766439372639,-3.0,1.0,0.0,0.0,0.11904761904761904,1.0,0.0,-0.10158730158730159,-0.08709065021357382
468,202305020402,9,7,9,91,0,0,1,5,0,0,0,0,2,1,4,32,0,0,1,4,0,0,0,0,1,0,1,16,0,0,0,1,0,0,0,0,0.0,0.0,100.0,9.0,38.3,4.1,0.9333333333333333,0.0,0.0,150.0,8.0,38.4,0.9,0.4375,0.0,0.0,130.0,14.0,43.7,4.4,0.1875,2.5,-16.0,200.0,0.07352941176470588,0.11764705882352941,6,12,82.0,13.0,1304,1050,1503,0.0,0.0,100.0,9.0,39.2,1.2,0.5333333333333333,0.0,0.0,100.0,12.0,41.0,1.9,0.125,0.7,0.0,56.0,71.0,16.0,15.0,428.0,-0.06666666666666667,0.125,0.75,0.13333333333333333,0.0,-0.620000000000001,0.0,0.3888999999999996,0.488900000000001,4.074100000000001,1.2889000000000053,3.0889000000000024,0.2881044370825737,2.0350921355064013,2.0,0.0,,0.06756756756756757,0.1891891891891892,0.0,,0.005261979399910438,-0.16666666666666666
469,202305020402,12,17,21,171,16,16,19,162,0,0,0,2,1,5,12,77,4,4,5,55,0,0,0,2,1,3,5,32,1,1,1,14,0,0,0,1,0.0,0.0,10.0,11.0,41.1,4.5,0.9090909090909091,0.0,0.0,14.0,13.0,38.5,2.5,0.875,0.0,0.0,7.0,10.0,41.3,3.6,0.8461538461538461,-0.5,7.0,100.0,0.0,0.0,2,3,103.9,14.0,1520,1345,695,0.0,0.0,12.0,9.0,40.0,2.1,0.0625,0.0,0.0,8.0,8.0,40.0,2.2,0.4375,-1.0,0.0,53.0,-230.0,16.0,11.0,489.0,0.09090909090909091,0.0,-0.38461538461538464,0.0,0.1875,0.07000000000000028,0.0,3.6659000000000006,0.22050000000000125,1.7532999999999959,1.1871999999999971,0.37409999999999854,0.3297495009261493,0.9987992791347013,-3.0,1.0,0.0,0.13432835820895522,0.23880597014925373,1.0,0.0,0.0023270846800258482,-0.02467151904716891
470,202305020402,5,1,6,33,0,1,4,17,0,0,0,0,3,1,6,14,0,0,1,9,0,0,0,0,1,0,1,6,0,0,0,1,0,0,0,0,0.0,0.0,8.0,11.0,43.9,5.1,0.9090909090909091,0.0,0.0,14.0,14.0,44.8,8.3,1.0,0.0,0.0,12.0,11.0,36.3,2.7,0.9166666666666666,0.0,2.0,0.0,0.027972027972027972,0.08391608391608392,6,11,525.9,16.0,1401,1032,517,0.0,0.0,16.0,14.0,39.7,3.5,0.6875,0.0,0.0,10.0,14.0,38.9,3.9,0.875,0.6,0.0,56.0,-391.0,16.0,11.0,456.0,-0.09090909090909091,0.0,0.0,0.0,0.0,1.5099999999999993,0.0,5.6205,5.4073999999999955,-0.14110000000000156,1.420500000000004,0.8273999999999972,0.10358030559016725,3.1827032535252164,0.0,2.0,0.0,0.06493506493506493,0.19480519480519481,2.0,0.0,0.019047619047619035,0.03198653198653198
471,202305020402,9,6,8,51,1,1,1,23,0,0,0,0,2,3,3,20,1,1,0,10,0,0,0,0,1,3,2,10,1,0,0,4,0,0,0,0,0.0,0.0,4.0,6.0,43.9,2.8,0.875,0.0,0.0,11.0,15.0,40.5,4.3,0.6875,0.0,0.0,11.0,10.0,40.2,1.6,0.15384615384615385,2.0,21.0,0.0,0.0658682634730539,0.2215568862275449,1,1,69.4,11.0,1677,1592,1167,0.0,0.0,15.0,15.0,41.0,4.6,0.9375,0.0,0.0,8.0,13.0,40.3,2.4,0.375,1.4,0.0,56.0,-189.0,16.0,8.0,495.0,0.125,0.0,0.0,-0.0625,0.0,0.6700000000000003,0.0,5.6205,2.2205000000000013,0.6533000000000015,1.3740999999999985,2.478899999999996,0.29889775319313683,1.3876599006961319,0.0,2.0,0.0,0.034482758620689655,0.10344827586206896,2.0,0.0,-0.10492845786963434,0.27350427350427353
472,202305020402,5,1,6,33,7,18,10,156,0,0,0,3,3,1,6,14,0,6,2,50,0,0,0,1,1,0,1,6,0,3,2,26,0,0,0,0,0.0,0.0,7.0,9.0,42.3,6.9,1.0,0.0,0.0,15.0,16.0,42.2,5.3,0.1875,0.0,0.0,10.0,16.0,41.8,5.1,0.8125,3.5,4.0,0.0,0.047872340425531915,0.1595744680851064,5,9,151.6,15.0,1401,1428,517,0.0,0.0,14.0,11.0,39.7,2.5,0.125,,,,,,,,0.6,0.0,56.0,-362.0,16.0,9.0,438.0,0.0,0.0625,0.0625,0.0,,0.8199999999999988,0.0,4.1462,3.920500000000004,2.1740999999999957,1.420500000000004,,0.3814548629916782,1.0559356040971424,3.0,3.0,0.0,0.05333333333333334,0.13333333333333333,2.0,0.0,0.019047619047619035,0.035063785856500246
473,202305020412,4,5,4,48,17,25,19,185,0,1,1,0,2,1,2,16,7,6,8,58,0,0,1,0,0,0,1,0,2,1,3,16,0,0,1,0,0.0,0.0,20.0,3.0,37.3,0.3,0.5,0.0,0.0,10.0,3.0,37.0,0.5,0.0625,0.0,0.0,10.0,1.0,36.9,0.0,0.06666666666666667,-1.0,4.0,200.0,0.15346534653465346,0.3564356435643564,7,13,2.9,1.0,1467,1183,336,0.0,0.0,10.0,7.0,36.1,0.7,0.1875,0.0,0.0,10.0,3.0,35.2,0.3,0.1875,0.4,0.8,56.0,64.0,15.0,14.0,498.0,0.0,0.0,0.0,0.0,-0.0625,0.5099999999999987,0.0,-0.6111000000000004,-1.2794999999999987,-0.9682999999999993,0.005200000000002092,0.09350000000000591,0.15936941711354508,0.761577310586389,0.0,1.0,1.0,0.05454545454545454,0.2545454545454545,1.0,1.0,0.12021857923497267,-0.0538498326159732
474,202305020412,17,18,10,162,2,4,2,54,0,0,0,0,10,9,5,93,0,0,1,10,0,0,0,0,2,0,1,23,0,0,0,0,0,0,0,0,0.0,0.0,60.0,6.0,38.5,1.1,0.5714285714285714,0.0,0.0,20.0,8.0,34.0,0.8,0.4375,0.0,0.0,10.0,15.0,35.0,0.7,0.1111111111111111,4.5,-2.0,0.0,0.03867403314917127,0.16574585635359115,8,14,13.2,6.0,1172,1417,1556,0.0,0.0,30.0,7.0,36.0,0.6,0.18181818181818182,0.0,0.0,10.0,10.0,38.9,2.0,0.0625,0.7,0.0,56.0,71.0,15.0,14.0,484.0,-0.2857142857142857,0.0625,0.0,-0.09090909090909091,0.0,-0.2799999999999997,0.0,0.22050000000000125,-1.153100000000002,-0.153100000000002,0.846899999999998,0.988900000000001,0.1974599534537991,1.9239542614105978,0.0,1.0,0.0,0.0,0.25,1.0,0.0,0.01460869565217393,0.00985663082437277
475,202305020412,4,5,4,48,29,23,21,228,1,1,0,2,2,1,2,16,13,9,13,81,0,0,0,0,0,0,1,0,3,1,2,14,0,0,0,0,0.0,0.0,1.0,1.0,35.5,0.0,0.3333333333333333,0.0,0.0,3.0,2.0,36.4,0.5,0.375,0.0,0.0,5.0,3.0,36.5,0.6,0.5625,1.0,4.0,-200.0,0.06521739130434782,0.18840579710144928,6,11,3.7,2.0,1467,1556,336,0.0,0.0,6.0,5.0,36.8,0.8,0.4375,0.0,0.0,7.0,3.0,36.1,0.3,0.1875,0.7,0.8,56.0,-385.0,15.0,15.0,506.0,-0.06666666666666667,0.0,0.0,0.0,0.0,-0.16000000000000014,0.0,-2.5726000000000013,-1.8795000000000002,-1.7794999999999987,-1.4795000000000016,-2.1794999999999973,0.12318121249245403,0.4409081537009712,0.0,4.0,0.75,0.0875,0.3,4.0,0.75,0.12021857923497267,-0.01480214466629387
476,202305020412,9,13,6,122,18,15,24,255,5,2,1,19,4,5,3,38,3,4,10,79,0,1,0,7,2,2,0,8,0,1,4,17,0,1,0,2,0.0,0.0,14.0,14.0,36.4,2.7,0.9285714285714286,0.0,0.0,14.0,8.0,38.7,0.6,0.75,0.0,0.0,14.0,14.0,38.0,1.8,0.8125,0.0,0.0,-400.0,0.035211267605633804,0.18309859154929578,1,1,28.3,8.0,1183,1263,1558,0.0,0.0,15.0,8.0,38.1,1.5,0.8125,0.0,0.0,8.0,6.0,37.4,0.6,0.9285714285714286,-1.6,0.0,56.0,-426.0,15.0,14.0,500.0,0.0,-0.1875,0.0,-0.0625,-0.35714285714285715,-0.13999999999999985,0.0,0.9407999999999959,-0.9258999999999986,-1.5467000000000013,-0.9386999999999972,-1.992600000000003,0.07084583723170493,0.7782030583337503,0.0,0.0,,0.07142857142857142,0.26785714285714285,0.0,,0.08360360360360361,0.03282493368700265
477,202305020412,12,9,9,59,1,3,1,5,1,3,1,4,5,4,1,17,0,1,0,1,0,1,0,1,1,1,0,4,0,1,0,1,0,1,0,1,0.0,0.0,140.0,10.0,35.7,0.7,0.5,0.0,0.0,120.0,9.0,37.9,1.3,0.5625,0.0,0.0,5.0,10.0,39.6,2.7,0.5,0.0,4.0,-200.0,0.0,0.0,8,15,10.7,5.0,1463,622,1167,0.0,0.0,7.0,2.0,38.2,0.0,0.2857142857142857,0.0,0.0,6.0,4.0,37.0,0.9,0.5,-1.9,0.2,53.0,-602.0,15.0,16.0,500.0,-0.125,0.25,0.0,-0.07142857142857142,0.1,-0.28999999999999987,0.0,0.6253000000000029,-1.7259000000000029,0.053300000000000125,-1.1925999999999988,-1.5775999999999968,0.09509662111210249,1.295221988695374,-3.0,0.0,,0.0,0.17857142857142858,0.0,,-0.03549135009809168,-0.07142857142857145
478,202305020412,43,41,42,253,3,0,1,7,2,0,1,6,13,15,18,95,0,0,0,4,0,0,0,3,3,3,5,19,0,0,0,1,0,0,0,1,0.0,0.0,50.0,16.0,37.8,2.5,0.9375,0.0,0.0,50.0,5.0,36.3,0.6,0.625,0.0,0.0,10.0,1.0,34.8,0.0,0.6875,-7.5,14.0,0.0,0.06626506024096386,0.22289156626506024,4,6,14.9,7.0,1576,748,1577,0.0,0.0,10.0,6.0,36.4,1.6,0.9375,0.0,0.0,10.0,3.0,35.4,0.2,0.5625,-2.5,0.4,56.0,91.0,15.0,16.0,518.0,-0.0625,-0.125,-0.0625,0.0,-0.0625,0.4699999999999996,0.0,-0.4795000000000016,-1.9795000000000016,-3.3338000000000036,-1.6726000000000028,-2.6726000000000028,0.15811388300841897,1.0190191362285597,1.0,3.0,0.3333333333333333,0.11428571428571428,0.24285714285714285,2.0,0.0,-0.03389267477838315,0.23636363636363633
479,202305020412,1,2,1,57,4,1,0,34,1,0,0,2,0,0,0,16,1,1,0,18,0,0,0,1,0,0,0,0,0,0,0,2,0,0,0,0,0.0,0.0,4.0,3.0,37.1,0.9,0.5555555555555556,0.0,0.0,16.0,7.0,36.5,1.6,0.75,0.0,0.0,12.0,9.0,36.0,0.7,0.9375,3.0,-5.0,0.0,0.06572769953051644,0.18309859154929578,2,2,9.5,4.0,1655,1313,239,0.0,0.0,10.0,7.0,36.5,1.0,0.4,0.0,0.0,14.0,6.0,36.3,0.5,0.7333333333333333,0.6,0.2,56.0,-490.0,15.0,9.0,481.0,-0.2222222222222222,0.0,-0.0625,0.0,-0.06666666666666667,0.16000000000000086,0.0,-0.5642999999999958,-1.7794999999999987,-1.8211000000000013,-1.6537999999999968,-1.5211000000000041,0.18320786952745813,0.36000000000000076,2.0,3.0,0.3333333333333333,0.0,0.05128205128205128,1.0,0.0,0.08336239972096267,0.0905448717948718
480,202305020412,5,9,5,81,9,12,12,108,1,0,0,5,0,7,3,29,3,7,5,42,0,0,0,3,0,2,0,1,0,1,0,6,0,0,0,0,0.0,0.0,160.0,7.0,35.8,1.0,0.875,0.0,0.0,120.0,5.0,36.1,0.8,1.0,0.0,0.0,140.0,11.0,36.2,1.7,0.9285714285714286,2.0,-6.0,0.0,0.02127659574468085,0.07446808510638298,5,9,120.4,14.0,1020,1221,1576,0.0,0.0,110.0,7.0,35.5,0.8,0.8181818181818182,0.0,0.0,150.0,12.0,37.3,2.2,0.9333333333333333,1.2,0.0,56.0,-574.0,15.0,16.0,468.0,0.0625,0.0,0.0,0.0,-0.06666666666666667,-0.23999999999999985,0.0,-2.4795000000000016,-2.1794999999999973,-2.079499999999996,-2.0914,-0.6111000000000004,0.061056934506457765,0.6112282715974443,0.0,3.0,0.0,0.05084745762711865,0.15254237288135594,3.0,0.0,0.16294117647058826,-0.024042553191489374
481,202305020412,4,3,1,29,3,2,2,34,0,0,0,2,2,1,1,13,1,1,0,7,0,0,0,1,0,0,0,2,0,0,0,1,0,0,0,1,0.0,0.0,2.0,1.0,38.5,0.0,0.16666666666666666,0.0,0.0,11.0,10.0,35.4,1.1,1.0,0.0,0.0,10.0,11.0,37.5,1.3,0.3333333333333333,5.0,-5.0,0.0,0.015384615384615385,0.06923076923076923,2,3,80.5,12.0,1629,1412,1428,0.0,0.0,11.0,4.0,36.7,0.7,0.5625,0.0,0.0,12.0,9.0,37.2,1.5,0.4666666666666667,1.0,0.2,56.0,-436.0,15.0,12.0,465.0,-0.08333333333333333,0.0,0.06666666666666667,-0.1875,-0.06666666666666667,0.129999999999999,0.0,0.22050000000000125,-1.7229000000000028,-0.4110999999999976,-0.9916999999999945,-1.079499999999996,0.2806193546821428,1.01705457080729,2.0,2.0,0.5,0.1016949152542373,0.2711864406779661,2.0,0.5,0.09957325746799428,0.0673635307781649
482,202305020412,43,41,42,253,14,9,8,141,3,0,1,11,13,15,18,95,2,1,3,49,1,0,1,6,3,3,5,19,1,1,0,6,0,0,0,2,0.0,0.0,70.0,3.0,37.6,0.6,0.06666666666666667,0.0,0.0,10.0,1.0,37.5,0.0,0.07142857142857142,0.0,0.0,20.0,6.0,37.9,0.6,0.1875,1.5,-8.0,0.0,0.14814814814814814,0.3492063492063492,5,8,5.8,3.0,1576,1618,1577,0.0,0.0,30.0,1.0,37.8,0.0,0.125,0.0,0.0,90.0,2.0,36.5,0.3,0.15384615384615385,-0.2,0.8,56.0,35.0,15.0,15.0,434.0,0.0,0.0,0.0,0.0,0.0,0.19000000000000056,0.0,-0.2984000000000009,-0.36829999999999785,0.23570000000000135,-0.4795000000000016,-1.1642999999999972,0.04674718185220567,0.5003998401278715,0.0,4.0,0.75,0.0,0.16666666666666666,1.0,1.0,-0.03389267477838315,0.06466540104413859
483,202305020412,4,6,6,91,1,0,3,16,0,0,0,0,2,2,2,33,0,0,0,8,0,0,0,0,0,1,2,1,0,0,0,0,0,0,0,0,0.0,0.0,160.0,140.0,36.7,2.2,0.875,0.0,0.0,110.0,110.0,36.6,1.8,0.9333333333333333,0.0,0.0,130.0,90.0,37.5,1.6,0.875,-25.0,12.0,0.0,0.0,0.16666666666666666,7,12,67.6,11.0,1403,1708,939,0.0,0.0,100.0,110.0,37.0,1.6,1.0,0.0,0.0,60.0,10.0,36.7,0.0,1.0,-26.0,0.0,56.0,-189.0,15.0,16.0,502.0,0.0,-0.06666666666666667,0.0,0.0,0.0,-0.039999999999999855,0.0,-1.579499999999996,-1.6794999999999973,-0.4110999999999976,-0.6642999999999972,-1.579499999999996,0.05592653911854173,0.32863353450309873,1.0,4.0,0.0,0.0,0.0,3.0,0.0,0.06668350593584241,-0.014814814814814836
484,202305020412,9,7,9,91,3,4,3,27,0,0,0,0,2,1,4,32,2,2,3,13,0,0,0,0,0,0,0,3,1,0,0,0,0,0,0,0,0.0,0.0,10.0,13.0,38.0,1.8,0.7142857142857143,0.0,0.0,9.0,9.0,34.0,0.9,1.0,0.0,0.0,13.0,9.0,35.1,1.0,0.8461538461538461,-2.0,-4.0,-300.0,0.07112970711297072,0.26359832635983266,3,5,46.0,10.0,1304,322,1503,0.0,0.0,13.0,13.0,34.3,1.1,1.0,0.0,0.0,14.0,10.0,34.3,1.0,1.0,-0.2,0.0,56.0,-112.0,15.0,14.0,476.0,0.21428571428571427,0.0,0.07692307692307693,0.0,0.0,0.7100000000000009,0.0,-1.2094000000000023,-1.153100000000002,-0.05310000000000059,-0.8531000000000049,-0.7747000000000028,0.11546308164012041,1.475940378199608,0.0,0.0,,0.0,0.08333333333333333,0.0,,0.005261979399910438,-0.020270270270270285
485,202305020412,9,6,8,51,9,12,12,108,0,1,0,1,2,3,3,20,3,7,5,42,0,1,0,1,0,0,1,2,0,1,0,6,0,0,0,1,0.0,0.0,2.0,2.0,36.7,0.1,0.25,0.0,0.0,15.0,13.0,37.7,2.1,0.4666666666666667,0.0,0.0,9.0,14.0,37.0,1.3,0.7333333333333333,6.0,11.0,500.0,0.05,0.175,6,10,168.0,15.0,1677,1221,1167,0.0,0.0,7.0,5.0,37.7,0.6,0.42857142857142855,0.0,0.0,12.0,16.0,39.1,2.8,0.1875,2.0,0.2,56.0,-453.0,15.0,8.0,493.0,0.0,-0.06666666666666667,0.0,0.07142857142857142,0.25,-0.4799999999999997,0.0,,-0.5794999999999959,-0.8211000000000013,-0.21109999999999474,1.1889000000000038,0.19139229104197164,0.8284926070883191,1.0,1.0,0.0,0.03278688524590164,0.13114754098360656,1.0,0.0,-0.10492845786963434,-0.024042553191489374
486,202305020412,13,10,14,133,24,25,22,286,1,3,3,11,4,1,3,20,9,6,7,91,0,0,0,0,1,0,0,3,3,0,1,15,0,0,0,0,0.0,0.0,1.0,4.0,39.0,1.1,1.0,0.0,0.0,12.0,14.0,37.5,2.0,0.7333333333333333,0.0,0.0,16.0,14.0,40.0,1.2,0.125,5.0,23.0,170.0,0.1065989847715736,0.2639593908629442,3,4,41.1,9.0,1691,1013,1167,0.0,0.0,14.0,15.0,39.9,2.3,0.125,0.0,0.0,16.0,14.0,37.5,2.4,0.75,2.1,0.0,56.0,-535.0,15.0,5.0,519.0,-0.2,0.0,0.0,0.0,0.0625,0.060000000000000143,0.0,,-0.4110999999999976,2.0889000000000024,0.507399999999997,-0.4110999999999976,0.3570169619375403,1.1016351483136326,1.0,0.0,,0.07692307692307693,0.38461538461538464,0.0,,-0.0021298174442190843,-0.045033397974574424
487,202305020412,2,1,2,23,7,1,4,51,0,0,0,0,0,0,1,11,4,0,2,21,0,0,0,0,0,0,0,0,1,0,0,2,0,0,0,0,0.0,0.0,80.0,10.0,37.1,0.8,0.07692307692307693,0.0,0.0,30.0,1.0,37.4,0.0,0.125,0.0,0.0,20.0,1.0,35.2,0.0,0.08333333333333333,-4.5,0.0,200.0,0.0,0.3333333333333333,4,7,95.9,13.0,1064,1170,1556,0.0,0.0,30.0,3.0,35.4,0.3,0.5833333333333334,0.0,0.0,30.0,6.0,36.9,1.0,0.6875,-0.5999999999999999,0.6,56.0,22.0,15.0,13.0,498.0,0.0,0.0,0.0,-0.25,0.0,0.24000000000000057,0.0,-0.3177000000000021,-0.511099999999999,-1.2410999999999959,-1.0411000000000001,-0.5177000000000049,0.2672592651207801,0.9143303560529962,0.0,0.0,,0.0,0.2857142857142857,0.0,,0.07142857142857142,0.10952380952380952
488,202305020503,9,7,9,91,3,1,0,7,0,0,0,0,2,1,4,32,3,0,0,5,0,0,0,0,1,0,1,16,0,0,0,1,0,0,0,0,0.0,0.0,130.0,13.0,37.9,1.2,0.875,0.0,0.0,10.0,11.0,35.6,1.6,0.875,0.0,0.0,12.0,15.0,41.7,4.2,0.5,1.0,2.0,200.0,0.06547619047619048,0.22023809523809523,5,10,1.7,1.0,1304,760,1503,0.0,0.0,15.0,13.0,37.3,1.8,0.2,0.0,0.0,6.0,12.0,37.3,1.6,0.5384615384615384,0.0,0.0,54.0,-596.0,16.0,16.0,454.0,0.0625,0.0,0.1875,0.06666666666666667,0.0,-0.04999999999999929,0.0,-0.011099999999999,-2.6794999999999973,2.0741000000000014,-0.7726000000000042,-0.6167000000000016,0.2549550372240509,2.0214846029589255,-2.0,1.0,0.0,0.04,0.08,1.0,0.0,0.005261979399910438,-0.03030303030303033
489,202305020503,6,7,7,42,11,8,5,58,0,1,0,1,3,5,4,18,2,1,0,16,0,1,0,0,2,4,3,10,0,1,0,6,0,1,0,0,0.0,0.0,40.0,3.0,38.9,1.6,0.25,0.0,0.0,10.0,5.0,37.8,1.0,0.25,0.0,0.0,30.0,3.0,36.6,0.5,0.06666666666666667,0.0,25.0,-200.0,0.047619047619047616,0.15873015873015872,2,3,11.2,4.0,1148,334,1393,0.0,0.0,20.0,2.0,36.7,0.0,0.375,0.0,0.0,40.0,2.0,38.4,0.9,0.1875,-0.5,0.8,56.0,-429.0,16.0,8.0,471.0,0.125,0.0,0.0,-0.0625,0.0,0.20999999999999944,0.0,1.6448999999999998,-0.4795000000000016,-1.0642999999999958,-1.453799999999994,0.12049999999999983,0.10022197585581939,0.9108238029388545,0.0,4.0,0.75,0.03529411764705882,0.27058823529411763,2.0,0.5,-0.08345021037868161,-0.028531983433041863
490,202305020503,0,0,0,0,0,1,0,0,0,0,0,0,0,0,0,0,0,1,0,0,0,0,0,0,0,0,0,0,0,0,0,0,0,0,0,0,0.0,0.0,5.0,16.0,41.8,5.9,0.5625,0.0,0.0,4.0,13.0,39.7,3.9,0.4375,0.0,0.0,7.0,3.0,39.0,1.2,0.125,-6.5,0.0,-200.0,0.0,0.0,6,11,26.4,7.0,445,699,760,0.0,0.0,3.0,14.0,39.8,2.9,0.6875,0.0,0.0,1.0,5.0,37.4,0.8,0.0625,-2.1,0.2,51.0,-50.0,16.0,16.0,468.0,0.25,0.125,0.0,0.0625,0.0,0.8700000000000003,0.0,3.727399999999996,1.420500000000004,0.7205000000000013,1.8888999999999996,-0.7537999999999982,0.24366985862022408,1.419295599936813,-2.0,3.0,0.3333333333333333,0.14012738853503184,0.3184713375796178,2.0,0.5,,
491,202305020503,4,4,2,51,0,0,0,7,0,0,0,1,0,3,2,25,0,0,0,2,0,0,0,0,0,3,1,6,0,0,0,2,0,0,0,0,0.0,0.0,4.0,4.0,37.0,0.5,0.9285714285714286,0.0,0.0,3.0,4.0,36.6,0.7,0.8125,0.0,0.0,5.0,4.0,37.0,0.5,0.6875,0.0,3.0,200.0,0.036585365853658534,0.17073170731707318,7,14,5.4,2.0,1042,1236,488,0.0,0.0,2.0,4.0,38.8,1.4,0.3125,0.0,0.0,7.0,3.0,36.0,0.2,0.375,-0.2,0.2,56.0,-377.0,16.0,14.0,485.0,-0.07142857142857142,-0.125,-0.0625,0.0,0.125,-0.019999999999999574,0.0,-0.8211000000000013,-0.9913999999999987,-0.4341000000000008,0.5204999999999984,-1.5914000000000001,0.24139528511027175,0.9346657156438326,0.0,1.0,0.0,0.047619047619047616,0.16666666666666666,1.0,0.0,-0.09496890898812888,0.0
492,202305020503,0,1,0,2,24,19,11,236,0,0,0,0,0,1,0,2,7,2,1,59,0,0,0,0,0,1,0,2,4,0,0,25,0,0,0,0,0.0,0.0,8.0,3.0,39.6,0.5,0.16666666666666666,0.0,0.0,11.0,7.0,39.1,2.3,0.25,0.0,0.0,9.0,8.0,39.1,2.1,0.5,2.5,33.0,200.0,0.03125,0.109375,1,1,115.8,11.0,1498,1294,1036,0.0,0.0,11.0,5.0,38.3,1.5,0.625,0.0,0.0,13.0,8.0,37.3,0.7,0.4375,0.8,0.2,54.0,-391.0,16.0,12.0,509.0,0.0,0.0,0.0625,-0.0625,-0.0625,0.5400000000000013,0.0,1.7789000000000001,1.0274,0.8205000000000027,0.02049999999999841,-0.5211000000000041,0.16666666666666669,0.8059776671843972,-2.0,2.0,0.0,0.0,0.18032786885245902,2.0,0.0,,0.05268199233716475
493,202305020503,4,3,1,29,0,0,0,4,0,0,0,0,2,1,1,13,0,0,0,1,0,0,0,0,1,0,0,3,0,0,0,0,0,0,0,0,0.0,0.0,7.0,8.0,42.7,3.8,0.3333333333333333,0.0,0.0,8.0,9.0,41.0,2.7,0.2,0.0,0.0,10.0,2.0,36.4,0.2,0.0625,-3.0,2.0,-200.0,0.027777777777777776,0.08333333333333333,8,16,50.4,10.0,1629,1508,1428,0.0,0.0,13.0,10.0,39.0,1.1,0.25,0.0,0.0,10.0,6.0,38.8,1.6,0.375,-0.3,0.2,56.0,-150.0,16.0,9.0,452.0,0.1111111111111111,-0.06666666666666667,0.0,0.0,0.0,0.9800000000000011,0.0,4.6274000000000015,1.6073999999999984,-1.1914000000000016,1.3357000000000028,0.5204999999999984,0.10959521481849065,2.1357902518740004,0.0,2.0,0.0,0.047058823529411764,0.15294117647058825,1.0,0.0,0.09957325746799428,
494,202305020503,4,4,2,51,1,3,2,8,0,0,0,0,0,3,2,25,1,2,1,3,0,0,0,0,0,3,1,6,0,1,1,1,0,0,0,0,0.0,0.0,2.0,2.0,43.9,2.2,0.1111111111111111,0.0,0.0,4.0,6.0,39.3,1.9,0.2,0.0,0.0,1.0,7.0,41.0,1.3,0.26666666666666666,2.5,25.0,0.0,0.021052631578947368,0.07368421052631578,1,2,29.7,9.0,1042,1322,488,0.0,0.0,5.0,2.0,37.6,0.5,0.2,0.0,0.0,5.0,2.0,36.5,0.7,0.4375,-0.4,0.6,54.0,-439.0,16.0,9.0,477.0,0.1111111111111111,-0.06666666666666667,0.2,0.0,0.0,1.6499999999999992,0.0,5.6205,-0.3259000000000043,1.7905999999999977,-0.9775999999999954,-1.7794999999999987,0.10907155879637738,2.6127380274340553,0.0,2.0,1.0,0.028985507246376812,0.15942028985507245,2.0,1.0,-0.09496890898812888,-0.17857142857142855
495,202305020503,0,0,0,1,8,2,7,62,0,0,0,0,0,0,0,0,3,2,2,19,0,0,0,0,0,0,0,0,0,1,2,14,0,0,0,0,0.0,0.0,160.0,11.0,38.3,1.7,0.75,0.0,0.0,140.0,11.0,40.2,2.9,0.6,0.0,0.0,160.0,14.0,37.5,3.8,1.0,1.5,6.0,200.0,0.0,0.02857142857142857,6,12,431.0,15.0,1008,1110,1364,,,,,,,,,,,,,,,1.5,0.0,56.0,21.0,16.0,16.0,476.0,0.0625,0.0,0.0,,,0.3999999999999986,0.0,0.4316999999999993,1.920500000000004,-0.16429999999999723,,,0.16499158227686112,1.1323525167642035,0.0,2.0,0.0,0.016129032258064516,0.06451612903225806,1.0,0.0,,0.048961069978504884
496,202305020503,0,2,1,16,3,3,3,19,0,0,0,1,0,0,1,4,1,1,2,11,0,0,0,0,0,0,1,4,0,1,1,3,0,0,0,0,0.0,0.0,60.0,7.0,39.2,2.0,0.5,0.0,0.0,100.0,8.0,37.8,1.6,0.7333333333333333,0.0,0.0,70.0,13.0,40.1,3.4,0.3125,3.0,30.0,0.0,0.02666666666666667,0.08,5,9,22.1,5.0,1534,1665,1235,0.0,0.0,50.0,9.0,38.6,2.8,0.9375,,,,,,,,1.1,0.0,56.0,-400.0,16.0,10.0,512.0,0.1,-0.13333333333333333,0.0,-0.0625,,-0.05,0.0,0.9205000000000041,-0.023300000000006094,2.1833000000000027,0.32050000000000267,,0.23590473006420762,0.8407585860400134,0.0,2.0,0.0,0.0,0.25,2.0,0.0,-0.15789473684210525,-0.32142857142857145
497,202305020503,0,1,0,4,1,1,3,11,0,0,0,2,0,1,0,2,0,0,2,8,0,0,0,2,0,0,0,1,0,0,0,2,0,0,0,1,0.0,0.0,50.0,8.0,41.5,2.1,0.9,0.0,0.0,60.0,10.0,39.3,2.9,0.6875,0.0,0.0,100.0,10.0,35.1,1.2,0.75,1.0,-11.0,0.0,0.050359712230215826,0.15827338129496402,7,13,26.3,6.0,321,1505,882,0.0,0.0,70.0,7.0,38.1,1.4,1.0,0.0,0.0,20.0,10.0,38.4,2.4,0.6875,0.1,0.0,55.0,-439.0,16.0,10.0,457.0,-0.1,0.0,0.0625,0.0,0.0,0.7399999999999999,0.0,3.2205000000000013,1.0204999999999984,0.025300000000001432,-0.17949999999999733,0.12049999999999983,0.1246495086231791,2.067268729507607,-1.0,4.0,0.0,0.03225806451612903,0.14516129032258066,4.0,0.0,,-0.11249999999999999
498,202305020503,2,2,5,52,0,0,0,2,0,0,0,0,0,1,3,10,0,0,0,0,0,0,0,0,0,0,2,4,0,0,0,0,0,0,0,0,0.0,0.0,9.0,10.0,37.7,1.7,1.0,0.0,0.0,14.0,12.0,35.9,0.8,0.9375,0.0,0.0,8.0,8.0,34.4,0.6,1.0,-1.0,4.0,-300.0,0.14736842105263157,0.3473684210526316,3,6,6.0,3.0,1098,1431,1294,0.0,0.0,3.0,11.0,39.9,3.2,0.5,0.0,0.0,1.0,11.0,39.6,2.3,0.125,0.1,0.0,56.0,-91.0,16.0,14.0,446.0,-0.21428571428571427,-0.0625,0.0,0.125,0.0625,-0.7799999999999997,0.0,-1.5093999999999994,-0.19480000000000075,-0.7531000000000034,1.6204999999999998,1.3205000000000027,0.34820970692960296,2.115655926657263,0.0,2.0,0.0,0.14634146341463414,0.3170731707317073,2.0,0.0,0.056540649046503855,
499,202305020503,4,0,7,35,20,25,21,205,0,0,0,0,1,0,3,12,5,4,2,61,0,0,0,0,1,0,2,7,2,1,0,22,0,0,0,0,0.0,0.0,5.0,7.0,44.1,1.9,0.2,0.0,0.0,7.0,15.0,41.3,5.2,0.8,0.0,0.0,8.0,12.0,41.2,3.4,0.0625,2.5,19.0,170.0,0.08904109589041095,0.2876712328767123,2,4,26.4,8.0,1204,1167,1221,0.0,0.0,4.0,,,,0.25,,,,,,,,2.5,0.0,56.0,-333.0,16.0,10.0,517.0,-0.1,0.0,0.0,0.625,,1.4499999999999993,0.0,,3.476699999999994,2.920500000000004,,,0.28095470609156914,1.3441230102437307,1.0,1.0,0.0,0.05263157894736842,0.13157894736842105,1.0,0.0,-0.10755148741418766,0.019083827201908404
500,202305020503,0,0,0,6,7,18,10,156,0,0,0,1,0,0,0,4,0,6,2,50,0,0,0,1,0,0,0,3,0,3,2,26,0,0,0,0,0.0,0.0,7.0,7.0,41.1,5.3,1.0,0.0,0.0,15.0,11.0,36.7,2.3,0.8125,0.0,0.0,16.0,13.0,39.6,3.6,0.8125,3.0,6.0,0.0,0.049689440993788817,0.17391304347826086,8,15,600.5,16.0,1246,1428,533,0.0,0.0,12.0,12.0,36.3,4.5,1.0,0.0,0.0,9.0,8.0,34.5,1.5,0.8888888888888888,0.3,0.0,56.0,-233.0,16.0,7.0,410.0,0.0,0.0625,0.0,0.0,0.0,1.3600000000000008,0.0,2.9462000000000046,1.2408000000000001,1.3205000000000027,1.2252999999999972,-0.8654000000000011,0.08413961794922756,2.3812601705819554,0.0,2.0,0.0,0.019230769230769232,0.15384615384615385,1.0,0.0,,0.035063785856500246
501,202305020503,3,5,2,49,3,3,3,19,0,0,0,0,1,2,1,23,1,1,2,11,0,0,0,0,0,1,0,9,0,1,1,3,0,0,0,0,0.0,0.0,10.0,11.0,43.6,4.2,0.8333333333333334,0.0,0.0,13.0,14.0,38.5,3.7,1.0,0.0,0.0,10.0,15.0,36.8,3.3,1.0,2.0,3.0,-100.0,0.0297029702970297,0.13366336633663367,3,5,211.8,13.0,1645,1665,1366,0.0,0.0,4.0,16.0,41.7,4.0,0.1875,,,,,,,,1.6,0.0,56.0,-375.0,16.0,12.0,447.0,0.0,0.0,0.0,0.375,,0.7399999999999999,0.0,,0.22050000000000125,-1.0211000000000041,3.7889000000000053,,0.3347544575879461,2.6575364531836643,0.0,1.0,0.0,0.061224489795918366,0.1836734693877551,1.0,0.0,-0.055205811138014524,-0.32142857142857145
502,202305020503,0,0,0,8,10,7,13,124,0,0,0,1,0,0,0,3,5,3,5,58,0,0,0,0,0,0,0,1,2,2,2,24,0,0,0,0,0.0,0.0,,,,,,0.0,0.0,120.0,15.0,40.0,4.2,0.875,0.0,0.0,100.0,12.0,37.4,1.9,0.75,-3.0,,-100.0,0.06896551724137931,0.26436781609195403,4,8,194.6,12.0,1282,1366,377,0.0,0.0,80.0,9.0,38.4,2.4,0.9375,0.0,0.0,50.0,14.0,40.1,2.4,0.1875,-0.6,0.0,56.0,-206.0,16.0,11.0,,,0.0,0.0,0.0625,0.0625,-0.13000000000000042,0.0,,1.7205000000000013,-0.4211000000000027,0.488900000000001,2.188900000000004,0.29646353064078557,1.1321991874224262,0.0,1.0,0.0,0.058823529411764705,0.21568627450980393,1.0,0.0,,-0.005916305916305931
503,202305020503,0,0,0,3,17,25,19,185,0,0,0,0,0,0,0,1,7,6,8,58,0,0,0,0,0,0,0,1,2,2,1,15,0,0,0,0,0.0,0.0,7.0,8.0,40.0,2.4,0.75,0.0,0.0,14.0,16.0,42.4,5.2,0.4375,0.0,0.0,14.0,14.0,36.1,1.6,0.75,3.0,35.0,-100.0,0.015151515151515152,0.06818181818181818,4,7,369.7,14.0,1220,1183,1317,0.0,0.0,13.0,16.0,35.9,2.5,0.625,,,,,,,,2.2,0.0,54.0,-433.0,16.0,12.0,483.0,-0.16666666666666666,-0.0625,0.0,0.125,,1.86,0.0,,4.1205,0.9468999999999994,0.8252999999999986,,0.12789613706050704,2.73587280406089,2.0,1.0,0.0,0.022222222222222223,0.17777777777777778,1.0,0.0,,-0.0538498326159732
504,202305020601,11,4,13,73,1,0,1,15,0,0,0,0,5,3,2,25,0,0,0,5,0,0,0,0,3,2,2,5,0,0,0,0,0,0,0,0,0.0,0.0,20.0,5.0,40.3,1.0,0.06666666666666667,0.0,0.0,30.0,4.0,40.4,0.4,0.2,0.0,0.0,60.0,5.0,40.5,1.6,0.4,0.0,2.0,-300.0,0.10552763819095477,0.2613065326633166,2,3,4.2,2.0,1095,1031,1221,0.0,0.0,10.0,4.0,40.3,1.0,0.25,0.0,0.0,10.0,4.0,39.9,1.9,0.1875,-0.2,0.0,54.0,21.0,16.0,15.0,504.0,0.13333333333333333,-0.13333333333333333,-0.3333333333333333,-0.0625,0.0,0.08999999999999986,0.0,1.0235999999999947,1.316200000000002,0.8740999999999985,0.6740999999999957,0.2740999999999971,0.10794803276474185,0.20396078054371164,2.0,0.0,,0.057692307692307696,0.21153846153846154,0.0,,-0.06510651065106512,0.1550802139037433
505,202305020601,9,7,10,114,19,18,17,223,0,0,0,4,3,1,0,26,10,4,3,73,0,0,0,0,1,0,0,7,3,0,1,27,0,0,0,0,,,,,,,,,,,,,,,,,,,,,,,,,0.0,0.125,3,5,11.1,4.0,1503,1558,1263,,,,,,,,,,,,,,,,,51.0,,16.0,,,,,,,,,,,,,,,,,,0.0,,0.029411764705882353,0.058823529411764705,0.0,,-0.017174959871589096,0.0611517126001585
506,202305020601,43,41,42,253,4,7,7,131,0,0,1,2,13,15,18,95,1,3,1,42,0,0,1,1,2,3,1,12,0,1,0,17,0,0,0,0,0.0,0.0,9.0,9.0,40.5,3.1,0.3,0.0,0.0,2.0,7.0,36.7,1.7,0.75,0.0,0.0,5.0,10.0,39.0,1.9,0.1875,0.5,18.0,400.0,0.034722222222222224,0.18055555555555555,2,4,21.7,5.0,1576,1559,1577,0.0,0.0,2.0,4.0,38.1,1.4,0.25,0.0,0.0,5.0,3.0,38.7,1.1,0.625,-1.5,0.2,54.0,-165.0,16.0,10.0,480.0,0.1,-0.08333333333333333,0.0,0.0625,-0.0625,0.21999999999999958,0.0,4.2258,0.2589000000000041,1.4085999999999999,-0.05379999999999541,0.4205000000000041,0.22282279955157194,1.2361229712289945,0.0,2.0,0.5,0.0,0.1111111111111111,1.0,1.0,-0.03389267477838315,0.07049897869857018
507,202305020601,12,17,21,171,20,25,21,205,2,1,2,9,1,5,12,77,5,4,2,61,0,0,1,5,1,3,5,32,2,1,0,22,0,0,0,1,0.0,0.0,1.0,1.0,37.4,0.0,0.2,0.0,0.0,2.0,3.0,35.8,0.2,0.375,0.0,0.0,1.0,3.0,36.3,0.7,0.3125,1.0,4.0,200.0,0.2037037037037037,0.4074074074074074,4,8,1.6,1.0,1520,1167,695,0.0,0.0,1.0,4.0,40.4,1.4,0.0625,0.0,0.0,1.0,2.0,37.7,0.6,0.4375,0.3,0.8,54.0,-119.0,16.0,15.0,478.0,0.0,0.0625,-0.0625,0.0,-0.0625,-0.520000000000001,0.0,-0.511099999999999,-1.791400000000003,-1.8537999999999997,2.1205,-0.453799999999994,0.13308831654206166,1.599249824136305,0.0,3.0,0.6666666666666666,0.08641975308641975,0.30864197530864196,1.0,0.0,0.0023270846800258482,0.019083827201908404
508,202305020601,0,0,0,4,24,19,11,236,0,0,0,1,0,0,0,2,7,2,1,59,0,0,0,0,0,0,0,1,4,0,0,25,0,0,0,0,0.0,0.0,4.0,3.0,42.9,1.1,0.2,0.0,0.0,9.0,5.0,38.0,0.7,0.6875,0.0,0.0,7.0,5.0,37.0,0.5,0.75,1.0,12.0,0.0,0.06511627906976744,0.18604651162790697,8,15,50.6,7.0,1699,1294,1313,0.0,0.0,7.0,5.0,39.1,1.6,0.5625,0.0,0.0,8.0,5.0,37.1,1.3,0.6666666666666666,0.4,0.2,54.0,-438.0,16.0,10.0,456.0,0.1,0.0,0.0,0.0,0.0,1.0499999999999994,0.0,4.6205,-0.07260000000000133,-1.0726000000000013,0.8205000000000027,-0.7210999999999999,0.19618939262299012,2.1756838005555856,0.0,2.0,0.5,0.0,0.12727272727272726,2.0,0.5,,0.05268199233716475
509,202305020601,10,4,8,54,7,4,4,70,1,0,0,2,2,3,4,26,1,0,0,27,0,0,0,0,0,2,3,17,1,0,0,12,0,0,0,0,0.0,0.0,140.0,7.0,39.6,2.4,0.2,0.0,0.0,120.0,11.0,42.2,3.9,0.2,,,,,,,,4.0,8.0,-300.0,0.07083333333333333,0.2625,1,1,163.9,9.0,1601,1503,239,,,,,,,,,,,,,,,4.0,0.0,54.0,21.0,16.0,15.0,450.0,0.0,0.2,,,,-2.6000000000000014,0.0,0.323599999999999,2.5108999999999995,,,,0.0,1.3000000000000007,3.0,0.0,,0.0,0.11764705882352941,0.0,,-0.08114035087719298,0.016511867905056737
510,202305020601,1,0,2,55,29,23,21,228,0,0,0,11,1,0,0,29,13,9,13,81,0,0,0,5,1,0,0,16,5,3,6,21,0,0,0,1,0.0,0.0,50.0,50.0,40.0,1.8,0.7857142857142857,0.0,0.0,110.0,160.0,35.3,1.7,0.8125,0.0,0.0,60.0,70.0,34.6,0.9,1.0,10.0,4.0,-100.0,0.11363636363636363,0.38636363636363635,7,14,5.3,3.0,1509,1556,1110,0.0,0.0,60.0,110.0,35.9,0.7,0.125,0.0,0.0,30.0,70.0,40.5,1.7,0.125,-1.0,0.0,54.0,-445.0,16.0,14.0,496.0,-0.2857142857142857,0.1875,-0.09090909090909091,0.0,0.0,-0.16000000000000014,0.0,,0.14689999999999515,-0.7653999999999996,0.7468999999999966,2.2205000000000013,0.37048299969259657,2.480806320533709,0.0,1.0,0.0,0.020833333333333332,0.125,1.0,0.0,0.227345629510826,-0.01480214466629387
511,202305020601,0,1,0,9,0,0,0,0,0,0,0,0,0,1,0,2,0,0,0,0,0,0,0,0,0,0,0,0,0,0,0,0,0,0,0,0,0.0,0.0,13.0,12.0,38.2,2.1,0.8666666666666667,0.0,0.0,9.0,4.0,35.6,1.0,0.4166666666666667,0.0,0.0,6.0,3.0,38.0,0.1,0.42857142857142855,-4.5,-4.0,200.0,0.015037593984962405,0.06766917293233082,5,10,36.9,6.0,1397,1392,1428,0.0,0.0,10.0,11.0,38.8,1.8,0.1875,0.0,0.0,9.0,13.0,37.1,1.4,0.875,0.9,0.2,54.0,-119.0,16.0,15.0,458.0,-0.06666666666666667,-0.08333333333333333,0.0,-0.0625,-0.0625,-0.09999999999999928,0.0,0.28890000000000526,-0.8410999999999973,0.08890000000000242,0.5204999999999984,-1.0537999999999954,0.271923733805644,1.1128342194594836,0.0,2.0,0.0,0.01818181818181818,0.05454545454545454,1.0,0.0,-0.023076923076923078,
512,202305020601,0,0,0,1,0,0,0,2,0,0,0,0,0,0,0,0,0,0,0,1,0,0,0,0,0,0,0,0,0,0,0,1,0,0,0,0,0.0,0.0,8.0,11.0,40.7,3.7,0.9166666666666666,0.0,0.0,3.0,10.0,41.0,2.0,0.2,0.0,0.0,4.0,7.0,40.2,1.1,0.3333333333333333,-2.0,14.0,-100.0,0.05,0.15714285714285714,3,6,204.6,14.0,1540,1127,1036,0.0,0.0,10.0,2.0,36.7,0.4,0.2,0.0,0.0,12.0,7.0,38.0,1.6,0.5,-1.6,0.2,53.0,-323.0,16.0,12.0,456.0,0.08333333333333333,0.06666666666666667,-0.13333333333333333,-0.06666666666666667,0.0,0.9700000000000003,0.0,,1.3740999999999985,0.8074000000000012,-0.5550999999999959,0.08330000000000126,0.2671661987935184,1.679761887887685,3.0,0.0,,0.07692307692307693,0.11538461538461539,0.0,,,
513,202305020601,1,0,2,42,2,1,5,55,0,0,0,0,1,0,1,20,0,0,1,15,0,0,0,0,1,0,1,14,0,0,1,5,0,0,0,0,0.0,0.0,1.0,3.0,35.7,0.4,0.3333333333333333,0.0,0.0,15.0,11.0,36.8,1.8,0.75,0.0,0.0,13.0,10.0,40.4,2.4,0.4375,3.5,17.0,600.0,0.04938271604938271,0.1728395061728395,4,7,202.9,13.0,1672,1014,1167,0.0,0.0,13.0,12.0,41.3,2.5,0.5,0.0,0.0,12.0,14.0,41.6,4.7,0.7333333333333333,2.3,0.2,54.0,-437.0,16.0,12.0,485.0,0.0,0.0,-0.0625,0.0,0.13333333333333333,-1.6299999999999997,0.0,,-1.3537999999999997,2.1205,1.6740999999999957,1.9741,0.1647472812117598,2.4335981591051543,-1.0,2.0,0.0,0.014705882352941176,0.04411764705882353,1.0,0.0,0.13333333333333336,-0.001984126984126977
514,202305020601,0,0,0,5,2,1,0,11,0,0,0,0,0,0,0,0,0,0,0,4,0,0,0,0,0,0,0,0,0,0,0,2,0,0,0,0,0.0,0.0,120.0,11.0,37.9,1.7,0.75,0.0,0.0,150.0,8.0,39.0,1.8,0.9333333333333333,0.0,0.0,13.0,10.0,38.4,2.9,0.5714285714285714,-0.5,-8.0,-400.0,0.0,0.10526315789473684,1,2,188.2,12.0,1537,1641,488,0.0,0.0,11.0,10.0,42.1,4.5,1.0,0.0,0.0,12.0,11.0,37.9,2.0,0.9230769230769231,0.2,0.0,54.0,-573.0,16.0,12.0,450.0,0.16666666666666666,-0.2,0.35714285714285715,0.0,-0.07692307692307693,-0.31000000000000016,0.0,-1.7259000000000029,-0.3926000000000016,-0.1775999999999982,2.7074,-1.492600000000003,0.15578528492359392,1.5730225681788559,-1.0,0.0,,0.1,0.26666666666666666,0.0,,,-0.21428571428571427
515,202305020601,1,2,0,11,20,25,21,205,0,0,0,0,0,0,0,4,5,4,2,61,0,0,0,0,0,0,0,2,2,1,0,22,0,0,0,0,0.0,0.0,5.0,,,,0.5833333333333334,0.0,0.0,10.0,9.0,38.0,1.8,0.4375,0.0,0.0,15.0,12.0,41.7,2.9,0.125,3.0,12.0,170.0,0.04736842105263158,0.1631578947368421,6,12,225.0,15.0,1600,1167,680,,,,,,,,,,,,,,,3.0,0.0,54.0,-94.0,16.0,12.0,486.0,0.4166666666666667,0.0625,0.0,,,-3.700000000000003,0.0,,0.3083000000000027,3.420500000000004,,,0.19119305413800283,1.8500000000000014,0.0,1.0,0.0,0.05194805194805195,0.12987012987012986,1.0,0.0,0.05844155844155843,0.019083827201908404
516,202305020601,0,2,1,16,7,18,10,156,0,0,0,0,0,0,1,4,0,6,2,50,0,0,0,0,0,0,1,4,0,3,2,26,0,0,0,0,0.0,0.0,20.0,40.0,41.0,0.8,0.4444444444444444,0.0,0.0,160.0,140.0,40.4,3.1,0.6875,0.0,0.0,110.0,130.0,39.6,2.9,0.75,45.0,11.0,-100.0,0.0,0.18181818181818182,7,13,185.7,11.0,1534,1428,1235,0.0,0.0,140.0,130.0,34.5,1.8,0.6875,0.0,0.0,140.0,120.0,34.9,2.2,0.875,15.0,0.0,51.0,-429.0,16.0,9.0,445.0,0.1111111111111111,0.0625,0.0625,0.0625,0.0,1.81,0.0,,2.3273999999999972,1.3205000000000027,-0.7912999999999997,-0.25310000000000343,0.14009201121026948,2.7981422408448076,-3.0,1.0,0.0,0.0891089108910891,0.21782178217821782,1.0,0.0,-0.15789473684210525,0.035063785856500246
517,202305020601,5,9,5,81,7,18,10,156,0,1,0,3,0,7,3,29,0,6,2,50,0,1,0,1,0,0,3,10,0,3,2,26,0,0,0,0,0.0,0.0,5.0,7.0,38.7,1.3,0.6666666666666666,0.0,0.0,16.0,14.0,39.9,2.9,0.6875,0.0,0.0,13.0,14.0,42.4,4.1,0.75,3.5,-12.0,0.0,0.029556650246305417,0.1330049261083744,6,11,548.7,16.0,1020,1428,1576,0.0,0.0,16.0,14.0,38.0,3.1,0.875,,,,,,,,2.1,0.0,54.0,-189.0,16.0,9.0,442.0,0.1111111111111111,0.0,0.1875,0.0,,-0.03999999999999915,0.0,0.546200000000006,1.6204999999999998,2.8532999999999973,0.08890000000000242,,0.08118988160479114,1.6740669042783196,0.0,2.0,0.0,0.0,0.09230769230769231,1.0,0.0,0.16294117647058826,0.035063785856500246
518,202305020601,0,1,0,1,3,5,1,33,0,0,0,0,0,0,0,0,0,0,0,11,0,0,0,0,0,0,0,0,0,0,0,3,0,0,0,0,0.0,0.0,10.0,9.0,42.6,2.8,0.36363636363636365,0.0,0.0,15.0,15.0,42.1,6.9,0.8125,0.0,0.0,8.0,15.0,42.6,4.5,0.25,3.0,-3.0,-100.0,0.04878048780487805,0.14634146341463414,5,9,53.1,8.0,1676,1108,1428,0.0,0.0,9.0,7.0,38.8,1.7,0.625,0.0,0.0,12.0,10.0,39.0,2.2,0.14285714285714285,-0.6,0.0,54.0,-443.0,16.0,11.0,431.0,0.5454545454545454,0.1875,0.0625,0.0,0.07142857142857142,1.0500000000000007,0.0,,4.0274,4.320500000000003,0.5204999999999984,0.4224000000000032,0.24625162615375737,1.7417232845661808,0.0,2.0,0.0,0.041666666666666664,0.125,2.0,0.0,,-0.0521235521235521
519,202305020601,0,2,1,16,0,0,0,9,0,0,0,0,0,0,1,4,0,0,0,5,0,0,0,0,0,0,1,4,0,0,0,2,0,0,0,0,0.0,0.0,2.0,2.0,38.1,0.0,0.6,0.0,0.0,9.0,12.0,36.2,1.4,0.1111111111111111,0.0,0.0,12.0,3.0,35.5,0.4,0.125,0.5,-2.0,100.0,0.16666666666666666,0.16666666666666666,8,16,168.3,10.0,1534,1645,1235,0.0,0.0,10.0,16.0,43.2,5.3,0.375,0.0,0.0,15.0,13.0,39.6,1.9,0.5,2.6,0.4,54.0,-350.0,16.0,10.0,482.0,-0.5,0.0,0.0,0.0,0.1875,-1.0,0.0,0.6659000000000006,1.0469000000000008,0.346899999999998,4.920500000000004,2.182299999999998,0.19647668161833626,2.7476535443901953,0.0,1.0,0.0,0.03389830508474576,0.1016949152542373,1.0,0.0,-0.15789473684210525,0.4
520,202305020605,0,2,1,11,1,0,0,2,0,0,0,0,0,1,1,6,0,0,0,1,0,0,0,0,0,1,0,2,0,0,0,0,0,0,0,0,0.0,0.0,20.0,3.0,38.1,0.2,0.125,0.0,0.0,20.0,1.0,38.0,0.0,0.0625,,,,,,,,-2.0,-6.0,200.0,0.047619047619047616,0.14285714285714285,5,9,3.5,1.0,1505,664,201,,,,,,,,,,,,,,,-2.0,1.0,56.0,64.0,16.0,16.0,504.0,0.0,0.0,,,,0.10000000000000142,0.0,0.18890000000000384,0.08890000000000242,,,,0.03125,0.05000000000000071,0.0,0.0,,0.08536585365853659,0.3048780487804878,0.0,,-0.014285714285714263,
521,202305020605,5,1,6,33,4,7,7,131,0,0,0,1,3,1,6,14,1,3,1,42,0,0,0,0,2,0,3,3,0,1,0,8,0,0,0,0,0.0,0.0,40.0,1.0,37.0,0.0,0.6875,0.0,0.0,110.0,4.0,38.3,0.4,0.625,0.0,0.0,80.0,7.0,37.6,2.6,0.625,3.0,2.0,200.0,0.03614457831325301,0.1686746987951807,8,15,113.0,15.0,1401,1559,517,0.0,0.0,70.0,7.0,37.6,2.6,0.8125,,,,,,,,2.1,0.25,56.0,112.0,16.0,16.0,456.0,-0.0625,0.1875,0.0625,-0.0625,,-0.11000000000000085,0.0,-0.9110999999999976,0.4316999999999993,0.008600000000001273,-0.31109999999999616,,0.07654655446197431,0.4602988159880481,0.0,0.0,,0.07547169811320754,0.16981132075471697,0.0,,0.019047619047619035,0.07049897869857018
522,202305020605,16,16,15,141,0,4,1,24,0,4,1,5,9,9,7,56,0,2,1,8,0,2,1,1,3,4,4,17,0,0,0,2,0,0,0,0,0.0,0.0,60.0,11.0,37.2,1.2,0.3125,0.0,0.0,30.0,11.0,37.4,1.3,0.875,0.0,0.0,20.0,7.0,36.9,1.3,0.7272727272727273,-2.0,0.0,200.0,0.0,0.18181818181818182,7,13,32.8,8.0,1278,1561,625,0.0,0.0,50.0,1.0,37.2,0.0,0.15384615384615385,,,,,,,,-3.4,0.25,56.0,49.0,16.0,16.0,438.0,0.1875,-0.0625,0.18181818181818182,0.0,,0.05,0.0,-0.2160999999999973,-0.511099999999999,-0.9682999999999993,-0.7110999999999947,,0.294142605744893,0.17853571071357155,0.0,0.0,,0.04054054054054054,0.1891891891891892,0.0,,0.010563380281690127,0.038112522686025385
523,202305020605,4,5,4,48,7,4,4,70,0,0,0,0,2,1,2,16,1,0,0,27,0,0,0,0,0,0,0,5,0,0,0,8,0,0,0,0,0.0,0.0,4.0,11.0,40.8,2.9,0.8461538461538461,0.0,0.0,7.0,9.0,37.8,1.3,0.9166666666666666,0.0,0.0,11.0,10.0,34.8,1.2,0.8125,-0.5,-5.0,-200.0,0.11,0.265,6,11,3.6,2.0,1467,1503,336,0.0,0.0,9.0,7.0,37.0,1.1,0.8666666666666667,0.0,0.0,7.0,13.0,38.0,1.8,0.375,0.2,0.0,56.0,-485.0,16.0,13.0,503.0,0.0,-0.16666666666666666,-0.125,0.0,0.0,0.6399999999999991,0.0,3.5448999999999984,-1.409400000000005,-2.8643,-1.2794999999999987,-0.27949999999999875,0.1971132895448386,1.9291448882859992,0.0,3.0,0.0,0.16666666666666666,0.35185185185185186,2.0,0.0,0.12021857923497267,0.016511867905056737
524,202305020605,4,5,4,48,10,14,7,96,1,1,0,7,2,1,2,16,6,9,2,45,1,1,0,6,0,0,0,5,3,3,2,11,0,0,0,3,0.0,0.0,1.0,2.0,38.6,0.0,0.125,0.0,0.0,8.0,7.0,33.6,0.6,0.5714285714285714,0.0,0.0,3.0,9.0,34.7,1.1,0.14285714285714285,3.5,5.0,-100.0,0.06818181818181818,0.26136363636363635,7,14,4.1,3.0,1467,1362,336,0.0,0.0,4.0,2.0,34.0,0.0,0.4375,0.0,0.0,2.0,8.0,35.4,0.8,0.1,0.7,0.4,56.0,-533.0,16.0,8.0,507.0,0.0,0.0,0.0,0.0,0.0,0.6000000000000008,0.0,,-1.5531000000000006,-0.45309999999999917,-1.153100000000002,0.24689999999999657,0.1922822118127203,1.779438113562818,0.0,0.0,,0.047619047619047616,0.2857142857142857,0.0,,0.12021857923497267,-0.033568172399502716
525,202305020605,43,41,42,253,1,0,2,8,0,0,0,1,13,15,18,95,0,0,0,3,0,0,0,0,3,5,4,26,0,0,0,0,0,0,0,0,0.0,0.0,10.0,1.0,36.4,0.0,0.08333333333333333,0.0,0.0,10.0,3.0,39.8,0.4,0.06666666666666667,0.0,0.0,10.0,2.0,38.7,0.0,0.07142857142857142,0.5,-4.0,-300.0,0.13333333333333333,0.26666666666666666,1,1,6.0,4.0,1576,577,1577,0.0,0.0,10.0,4.0,39.9,1.8,0.3,,,,,,,,0.8,0.75,54.0,92.0,16.0,12.0,500.0,0.0,0.0,0.0,0.1,,-0.9400000000000006,0.0,-2.876400000000004,0.1740999999999957,-0.9258999999999986,0.2740999999999971,,0.0981312780535661,1.4089002803605368,0.0,0.0,,0.2857142857142857,0.42857142857142855,0.0,,-0.03389267477838315,-0.1727272727272727
526,202305020605,0,0,0,1,0,1,0,9,0,0,0,0,0,0,0,0,0,0,0,2,0,0,0,0,0,0,0,0,0,0,0,0,0,0,0,0,0.0,0.0,70.0,4.0,38.3,1.4,0.07142857142857142,0.0,0.0,60.0,1.0,37.5,0.0,0.06666666666666667,0.0,0.0,150.0,12.0,35.8,1.5,0.3125,4.0,-2.0,0.0,0.1111111111111111,0.37777777777777777,5,10,26.0,7.0,1540,1332,1036,0.0,0.0,130.0,9.0,35.5,1.5,0.5,0.0,0.0,70.0,11.0,36.1,1.3,0.4166666666666667,2.2,0.2,54.0,28.0,16.0,14.0,440.0,0.07142857142857142,0.0,0.0625,0.125,-0.16666666666666666,0.6399999999999991,0.0,0.16619999999999635,-0.16429999999999723,0.6468999999999951,0.346899999999998,0.9468999999999994,0.17716253730924703,1.0762899237658963,0.0,2.0,0.5,0.13636363636363635,0.45454545454545453,0.0,,,
527,202305020605,13,10,14,133,7,18,10,156,0,1,0,9,4,1,3,20,0,6,2,50,0,0,0,1,2,0,0,3,0,0,0,10,0,0,0,0,0.0,0.0,60.0,8.0,38.7,1.0,0.26666666666666666,0.0,0.0,140.0,10.0,35.7,0.5,0.3125,0.0,0.0,11.0,10.0,34.8,0.8,0.5625,1.0,0.0,-300.0,0.14659685863874344,0.34554973821989526,2,3,40.4,10.0,1691,1428,1167,0.0,0.0,7.0,8.0,36.1,1.2,0.6875,0.0,0.0,3.0,1.0,36.0,0.0,0.4,-1.6,0.2,56.0,-713.0,16.0,15.0,494.0,0.26666666666666666,0.0625,0.1875,0.0,0.06666666666666667,0.5000000000000007,0.0,-0.6925999999999988,0.6253000000000029,-2.8643,-2.1794999999999973,-2.2794999999999987,0.15747574769186243,1.3032267646115943,1.0,3.0,0.3333333333333333,0.0,0.2,2.0,0.5,-0.0021298174442190843,0.035063785856500246
528,202305020605,2,5,4,35,2,0,0,11,0,0,0,0,0,0,1,12,0,0,0,3,0,0,0,0,0,0,0,2,0,0,0,0,0,0,0,0,0.0,0.0,4.0,11.0,39.2,2.2,0.25,0.0,0.0,7.0,7.0,38.0,2.4,0.8666666666666667,0.0,0.0,5.0,9.0,37.8,0.8,0.375,-1.0,8.0,200.0,0.0,0.1,3,5,17.1,5.0,1674,815,1428,0.0,0.0,8.0,5.0,36.4,0.5,0.4375,0.0,0.0,2.0,1.0,37.3,0.0,0.6428571428571429,-2.2,0.2,56.0,-134.0,16.0,16.0,492.0,0.0,-0.2,0.0,-0.0625,-0.21428571428571427,0.5400000000000013,0.0,1.2889000000000053,0.17889999999999873,-0.4795000000000016,-1.4211000000000027,-0.5211000000000041,0.21718488523932147,0.9156418513807694,0.0,1.0,0.0,0.0,0.0,1.0,0.0,-0.06413043478260871,0.02797202797202797
529,202305020605,0,4,0,18,16,16,19,162,0,0,0,0,0,2,0,3,4,4,5,55,0,0,0,0,0,0,0,1,0,1,1,20,0,0,0,0,0.0,0.0,150.0,15.0,40.5,3.5,0.8125,0.0,0.0,10.0,1.0,39.8,0.0,0.21428571428571427,,,,,,,,-14.0,4.0,-300.0,0.14285714285714285,0.14285714285714285,6,12,38.6,9.0,1045,1345,969,,,,,,,,,,,,,,,-14.0,0.5,54.0,70.0,16.0,16.0,516.0,0.0625,0.0,,,,0.7000000000000028,0.0,1.2235999999999976,0.1740999999999957,,,,0.29910714285714285,0.3500000000000014,0.0,0.0,,0.0,0.0,0.0,,0.1515151515151515,-0.02467151904716891
530,202305020605,7,7,8,85,2,2,1,16,0,0,0,0,3,4,0,27,0,0,0,0,0,0,0,0,0,0,0,3,0,0,0,0,0,0,0,0,0.0,0.0,4.0,5.0,40.6,1.2,0.625,0.0,0.0,14.0,12.0,36.4,2.0,1.0,0.0,0.0,13.0,11.0,36.7,1.1,0.9375,3.0,2.0,0.0,0.06481481481481481,0.18518518518518517,3,6,104.5,13.0,1605,548,1,0.0,0.0,9.0,13.0,36.9,1.7,1.0,0.0,0.0,1.0,1.0,37.7,0.0,0.375,-0.7,0.2,56.0,-430.0,16.0,8.0,468.0,0.25,-0.0625,0.0,0.0,0.0,0.5299999999999997,0.0,2.3205000000000027,-1.7537999999999982,-1.579499999999996,-1.011099999999999,-0.12109999999999843,0.24874685927665496,1.5317963311093292,0.0,3.0,0.0,0.03225806451612903,0.16129032258064516,2.0,0.0,0.056687605331699115,0.13032581453634084
531,202305020605,9,7,5,96,29,23,21,228,1,0,0,0,5,2,1,32,13,9,13,81,1,0,0,0,2,1,1,4,2,3,3,28,0,0,0,0,0.0,0.0,8.0,3.0,13.1,0.6,0.75,0.0,0.0,13.0,6.0,37.1,0.8,0.8666666666666667,0.0,0.0,12.0,9.0,13.4,2.8,0.8571428571428571,3.0,0.0,-1600.0,0.07692307692307693,0.15384615384615385,4,8,110.3,14.0,1090,1556,1169,0.0,0.0,8.0,7.0,13.4,1.6,0.14285714285714285,0.0,0.0,7.0,6.0,13.4,1.6,0.09090909090909091,0.7,0.2,56.0,-469.0,16.0,12.0,484.0,-0.5,-0.13333333333333333,-0.07142857142857142,0.07142857142857142,0.09090909090909091,2.3099999999999996,0.0,,-2.2926,,,,0.3495094614270027,9.510709752694591,-1.0,0.0,,0.11,0.27,0.0,,-0.06184012066365008,-0.01480214466629387
532,202305020605,4,0,7,35,20,25,21,205,0,0,0,0,1,0,3,12,5,4,2,61,0,0,0,0,0,0,0,1,1,1,0,14,0,0,0,0,0.0,0.0,70.0,11.0,36.9,1.0,0.5,0.0,0.0,30.0,6.0,36.0,1.1,0.9090909090909091,0.0,0.0,30.0,1.0,35.3,0.0,0.9090909090909091,-5.0,-2.0,200.0,0.04712041884816754,0.16230366492146597,1,2,21.1,6.0,1204,1167,1221,0.0,0.0,60.0,13.0,37.5,1.5,0.8125,0.0,0.0,10.0,1.0,36.9,0.0,0.5625,-1.3,0.4,56.0,-126.0,16.0,16.0,512.0,0.0625,-0.09090909090909091,-0.09090909090909091,0.0625,-0.125,-0.15,0.0,-1.011099999999999,-0.4410999999999987,-0.9742000000000033,-0.7794999999999987,-0.9211000000000027,0.17409001898656856,0.7756287771866133,0.0,1.0,0.0,0.08695652173913043,0.1956521739130435,1.0,0.0,-0.10755148741418766,0.019083827201908404
533,202305020605,6,2,2,51,14,9,8,141,0,0,0,0,4,2,2,30,2,1,3,49,0,0,0,0,0,0,1,12,0,0,0,15,0,0,0,0,0.0,0.0,11.0,11.0,38.8,2.4,0.07142857142857142,0.0,0.0,12.0,15.0,39.4,2.0,0.25,0.0,0.0,10.0,11.0,37.5,2.2,0.6666666666666666,0.0,10.0,100.0,0.04964539007092199,0.15602836879432624,4,7,52.9,11.0,1319,1618,334,0.0,0.0,8.0,10.0,38.8,2.4,0.14285714285714285,0.0,0.0,3.0,16.0,38.9,3.2,0.5625,0.5,0.0,55.0,-532.0,16.0,14.0,480.0,0.0,0.0,-0.06666666666666667,0.0,0.0625,0.039999999999999855,0.0,1.208599999999997,1.488900000000001,-0.4110999999999976,1.3658999999999963,0.988900000000001,0.234650678761183,0.6305553108173773,0.0,0.0,,0.13924050632911392,0.3227848101265823,0.0,,0.07848981619473425,0.06466540104413859
534,202305020605,1,1,0,11,5,8,9,99,0,0,0,1,0,0,0,2,1,2,3,50,0,0,0,0,0,0,0,0,0,1,1,17,0,0,0,0,0.0,0.0,100.0,13.0,38.1,1.8,0.6875,0.0,0.0,40.0,1.0,36.3,0.0,0.1875,,,,,,,,-12.0,-2.0,0.0,0.1568627450980392,0.35784313725490197,2,4,82.6,12.0,1289,1235,1428,,,,,,,,,,,,,,,-12.0,0.5,56.0,14.0,16.0,16.0,466.0,0.0625,0.0,,,,1.8000000000000043,0.0,-0.17949999999999733,-1.5984000000000052,,,,0.25,0.9000000000000021,0.0,2.0,0.5,0.07407407407407407,0.1111111111111111,1.0,0.0,0.02797202797202797,-0.02181818181818182
535,202305020605,4,0,2,13,10,14,7,96,0,0,0,0,0,0,1,6,6,9,2,45,0,0,0,0,0,0,0,1,3,3,2,11,0,0,0,0,0.0,0.0,8.0,14.0,41.1,2.8,0.5,0.0,0.0,11.0,11.0,35.6,2.5,0.36363636363636365,0.0,0.0,16.0,16.0,38.6,3.4,1.0,1.0,13.0,200.0,0.07053941908713693,0.26141078838174275,8,16,518.4,16.0,1434,1362,969,0.0,0.0,15.0,11.0,37.0,1.5,0.875,0.0,0.0,8.0,8.0,38.5,5.5,1.0,-1.2,0.0,56.0,-284.0,16.0,14.0,449.0,0.14285714285714285,0.09090909090909091,0.0,-0.125,0.0,0.38000000000000045,0.0,3.188900000000004,0.5253000000000014,0.32050000000000267,-0.4177000000000035,2.469999999999999,0.2654716681899789,1.8358649187780676,0.0,1.0,0.0,0.046511627906976744,0.16279069767441862,1.0,0.0,-0.02167182662538697,-0.033568172399502716
536,202305020706,2,2,0,14,0,0,0,0,0,0,0,0,0,1,0,4,0,0,0,0,0,0,0,0,0,0,0,1,0,0,0,0,0,0,0,0,0.0,0.0,40.0,1.0,36.1,0.0,0.125,,,,,,,,,,,,,,,,,200.0,0.0,0.0,5,10,7.1,3.0,1674,543,1428,,,,,,,,,,,,,,,,1.0,54.0,49.0,16.0,16.0,506.0,0.0,,,,,,,-1.317700000000002,,,,,,,0.0,0.0,,0.0,0.0,0.0,,-0.06413043478260871,
537,202305020706,5,1,2,9,0,0,0,0,0,0,0,0,1,0,0,3,0,0,0,0,0,0,0,0,0,0,0,0,0,0,0,0,0,0,0,0,0.0,0.0,40.0,5.0,37.5,0.3,0.75,0.0,0.0,10.0,1.0,37.3,0.0,0.0625,0.0,0.0,20.0,2.0,36.2,0.6,0.3125,-1.5,6.0,200.0,0.19642857142857142,0.39285714285714285,1,1,4.3,2.0,1467,1298,336,0.0,0.0,10.0,2.0,37.8,0.1,0.1875,,,,,,,,-0.8,0.75,54.0,48.0,16.0,16.0,450.0,0.0,0.0,0.0,0.0625,,0.020000000000000285,0.0,0.08389999999999986,-0.9795000000000016,-1.3913999999999973,0.38229999999999364,,0.25911131174651564,0.6041522986797266,0.0,1.0,1.0,0.06896551724137931,0.1896551724137931,0.0,,0.12021857923497267,
538,202305020706,1,0,0,0,11,5,9,70,0,0,0,0,1,0,0,0,3,0,1,26,0,0,0,0,0,0,0,0,1,0,1,8,0,0,0,0,0.0,0.0,30.0,1.0,36.6,0.0,0.25,0.0,0.0,40.0,14.0,34.5,2.0,1.0,0.0,0.0,40.0,5.0,35.2,1.0,0.2727272727272727,2.0,-4.0,200.0,0.0,0.0,2,4,34.2,11.0,1676,1167,1428,0.0,0.0,40.0,3.0,35.0,0.9,0.3333333333333333,0.0,0.0,50.0,3.0,34.5,0.1,0.35294117647058826,-0.7000000000000001,0.6,54.0,63.0,16.0,16.0,476.0,0.0,-0.1875,0.0,-0.08333333333333333,0.0,0.3700000000000003,0.0,-1.3110999999999962,-1.062100000000001,0.12530000000000285,-0.07469999999999999,-0.5747,0.2816455131556729,0.7709734106958559,0.0,0.0,,0.0963855421686747,0.3132530120481928,0.0,,,0.019083827201908404
539,202305020706,5,1,2,9,0,0,1,3,0,0,0,0,1,0,0,3,0,0,0,1,0,0,0,0,0,0,0,0,0,0,0,0,0,0,0,0,0.0,0.0,70.0,7.0,37.1,0.8,0.3125,0.0,0.0,10.0,1.0,37.3,0.0,0.125,0.0,0.0,30.0,2.0,37.1,0.0,0.25,-2.5,2.0,200.0,0.07058823529411765,0.2235294117647059,8,16,24.1,9.0,1467,1339,336,0.0,0.0,40.0,4.0,38.7,0.6,0.15384615384615385,0.0,0.0,40.0,3.0,37.2,1.4,0.5625,-0.5000000000000001,0.6,54.0,27.0,16.0,16.0,442.0,-0.1875,0.0,0.0,0.07692307692307693,-0.125,-0.16000000000000086,0.0,-0.3177000000000021,-0.6111000000000004,-0.7682999999999964,0.6274000000000015,-0.7110999999999947,0.15601239330228006,0.6144916598294894,0.0,0.0,,0.08333333333333333,0.23333333333333334,0.0,,0.12021857923497267,0.09210526315789475
540,202305020706,0,0,0,2,0,0,1,3,0,0,0,0,0,0,0,1,0,0,1,3,0,0,0,0,0,0,0,0,0,0,0,1,0,0,0,0,0.0,0.0,20.0,1.0,36.4,0.0,0.875,0.0,0.0,70.0,2.0,36.7,0.1,0.5625,,,,,,,,1.0,0.0,0.0,0.049079754601226995,0.17177914110429449,7,14,7.5,4.0,1699,1736,1313,,,,,,,,,,,,,,,1.0,1.0,54.0,84.0,16.0,16.0,454.0,-0.125,0.0,,,,-0.30000000000000426,0.0,-1.7338000000000022,-1.579499999999996,,,,0.15625,0.15000000000000213,0.0,2.0,1.0,0.02564102564102564,0.20512820512820512,1.0,1.0,,0.1777777777777778
541,202305020706,2,5,8,41,5,2,1,41,0,0,0,1,2,1,1,12,4,1,1,22,0,0,0,1,0,0,0,3,0,1,0,5,0,0,0,1,0.0,0.0,20.0,1.0,37.4,0.0,0.4,0.0,0.0,80.0,2.0,37.8,0.1,0.5625,0.0,0.0,60.0,2.0,37.3,1.2,0.4375,0.5,8.0,0.0,0.06666666666666667,0.26666666666666666,3,6,48.6,13.0,1691,1393,1167,0.0,0.0,60.0,14.0,39.7,3.0,0.125,0.0,0.0,40.0,8.0,42.5,2.7,0.18181818181818182,2.6,0.6,54.0,97.0,16.0,15.0,468.0,-0.13333333333333333,-0.125,-0.125,0.0,0.18181818181818182,-1.2100000000000009,0.0,-0.8795000000000002,-0.33380000000000365,-0.5683000000000007,3.7834000000000003,3.4613000000000014,0.1636152132795998,1.9805049861083421,0.0,2.0,1.0,0.2962962962962963,0.5555555555555556,1.0,1.0,-0.0021298174442190843,-0.10199418363107604
542,202305020706,1,2,1,8,1,0,2,7,0,0,0,0,0,2,1,2,1,0,1,3,0,0,0,0,0,0,1,0,0,0,0,0,0,0,0,0,0.0,0.0,10.0,1.0,36.1,0.0,0.1875,0.0,0.0,50.0,4.0,35.2,0.5,0.3125,0.0,0.0,70.0,3.0,33.6,0.6,0.8,1.0,-4.0,-200.0,0.23333333333333334,0.4666666666666667,6,12,3.7,1.0,1401,1642,517,,,,,,,,,,,,,,,1.0,0.6666666666666666,54.0,90.0,16.0,16.0,444.0,0.0,0.0,0.0,,,1.25,0.0,-1.1550999999999974,-0.2591999999999999,-1.4746999999999986,,,0.2642468332617988,1.0338708279513884,0.0,0.0,,0.1,0.14,0.0,,0.019047619047619035,-0.14444444444444443
543,202305020706,8,6,6,48,1,1,1,8,0,0,0,0,4,4,3,21,1,1,1,3,0,0,0,0,1,0,1,7,0,0,1,0,0,0,0,0,0.0,0.0,20.0,1.0,38.2,0.0,0.0625,0.0,0.0,10.0,2.0,37.9,0.3,0.14285714285714285,,,,,,,,1.0,2.0,0.0,0.10638297872340426,0.3617021276595745,2,3,14.3,6.0,1278,1541,625,,,,,,,,,,,,,,,1.0,1.0,54.0,83.0,16.0,16.0,462.0,0.0,0.0,,,,0.30000000000000426,0.0,0.06620000000000203,-0.37950000000000017,,,,0.040178571428571425,0.15000000000000213,0.0,2.0,1.0,0.0,0.0,1.0,1.0,0.010563380281690127,0.0367965367965368
544,202305020706,19,15,6,94,3,5,6,36,0,1,1,1,11,6,2,52,1,1,2,14,0,0,1,0,5,3,0,19,0,0,0,1,0,0,0,0,0.0,0.0,110.0,10.0,35.4,1.9,0.7692307692307693,0.0,0.0,20.0,1.0,36.7,0.0,0.5,0.0,0.0,30.0,2.0,36.9,0.0,0.4666666666666667,-4.0,4.0,-200.0,0.046875,0.16145833333333334,5,9,23.0,8.0,1576,1618,1577,,,,,,,,,,,,,,,-4.0,0.6666666666666666,54.0,128.0,16.0,13.0,446.0,0.23076923076923078,-0.0625,0.0,,,-0.75,0.0,0.3252999999999986,-0.8913999999999973,-1.011099999999999,,,0.13545862606227926,0.6649979114420008,0.0,0.0,,0.039473684210526314,0.18421052631578946,0.0,,-0.03389267477838315,0.06466540104413859
545,202305020706,4,2,6,19,1,2,0,13,0,0,0,1,2,0,3,9,1,1,0,9,0,0,0,0,1,0,2,2,0,1,0,2,0,0,0,0,0.0,0.0,10.0,1.0,36.7,0.0,0.5333333333333333,0.0,0.0,50.0,3.0,38.1,0.8,0.3125,0.0,0.0,30.0,4.0,38.6,1.0,0.75,1.5,-4.0,100.0,0.10638297872340426,0.2978723404255319,8,15,35.9,12.0,1020,1542,1576,0.0,0.0,20.0,6.0,37.7,0.9,0.875,0.0,0.0,60.0,5.0,38.3,1.7,0.125,1.1,0.4,54.0,14.0,16.0,15.0,452.0,-0.06666666666666667,-0.125,0.0625,-0.25,0.0,-0.279999999999999,0.0,-0.8913999999999973,-0.033799999999999386,0.7317000000000036,-0.168299999999995,0.3475999999999999,0.2750202012782172,0.658483105326172,0.0,1.0,1.0,0.09,0.25,1.0,1.0,0.16294117647058826,-0.1937062937062937
546,202305020706,1,2,2,30,0,0,1,2,0,0,0,1,0,1,0,15,0,0,1,1,0,0,0,0,0,1,0,5,0,0,0,0,0,0,0,0,0.0,0.0,60.0,10.0,39.6,2.6,0.25,0.0,0.0,20.0,1.0,38.3,0.0,0.3125,0.0,0.0,10.0,2.0,38.4,0.6,0.375,-4.0,4.0,-200.0,0.04895104895104895,0.15384615384615385,4,8,67.9,14.0,1431,1027,1428,0.0,0.0,60.0,3.0,39.6,1.8,0.4375,0.0,0.0,50.0,6.0,38.7,1.6,0.375,-0.6,0.6,53.0,21.0,16.0,16.0,468.0,0.0625,-0.0625,-0.1875,-0.1875,0.125,0.04999999999999929,0.0,1.5274,0.22739999999999583,-1.2259000000000029,-0.025900000000000034,0.7476000000000056,0.0637377439199098,0.5706137047074856,-1.0,0.0,,0.10891089108910891,0.26732673267326734,0.0,,-0.03118137900746598,-0.1333333333333333
547,202305020706,0,0,0,1,0,0,1,8,0,0,0,0,0,0,0,0,0,0,1,5,0,0,0,0,0,0,0,0,0,0,0,2,0,0,0,0,0.0,0.0,11.0,13.0,40.2,3.7,0.35714285714285715,0.0,0.0,11.0,16.0,40.1,3.8,0.1875,0.0,0.0,6.0,11.0,38.0,0.6,0.25,-1.0,6.0,-300.0,0.2534246575342466,0.5136986301369864,3,5,8.7,5.0,550,1225,760,0.0,0.0,7.0,9.0,38.3,1.4,0.09090909090909091,0.0,0.0,9.0,13.0,37.0,2.3,0.42857142857142855,-0.7,0.0,54.0,-400.0,16.0,14.0,452.0,0.6428571428571429,0.0625,0.0625,0.0,0.42857142857142855,0.820000000000001,0.0,0.8074000000000012,2.2789,0.5822999999999965,0.22739999999999583,1.0775000000000006,0.11980079532977293,1.244829305567636,2.0,0.0,,0.2,0.36,0.0,,,-0.1505016722408027
548,202305020706,0,2,2,16,8,9,5,67,0,0,0,0,0,1,2,6,2,3,2,31,0,0,0,0,0,0,1,0,0,0,0,9,0,0,0,0,0.0,0.0,6.0,9.0,32.7,1.5,0.8333333333333334,0.0,0.0,13.0,15.0,37.5,2.0,0.5,0.0,0.0,9.0,7.0,38.3,1.2,0.625,-1.0,-4.0,400.0,0.14814814814814814,0.3851851851851852,7,13,14.5,7.0,1677,1558,1167,0.0,0.0,12.0,10.0,38.2,1.4,0.7333333333333333,0.0,0.0,15.0,9.0,37.9,0.7,0.375,-0.5,0.0,54.0,-532.0,16.0,12.0,454.0,,0.0625,-0.0625,0.06666666666666667,-0.125,-1.1099999999999994,0.0,-0.8433999999999955,-0.7794999999999987,0.6356999999999999,-0.07949999999999591,-0.37950000000000017,0.16283938917432314,2.1282856951076834,-2.0,4.0,0.0,0.15384615384615385,0.46153846153846156,0.0,,-0.10492845786963434,0.0611517126001585
549,202305020706,0,0,1,4,4,4,8,68,0,0,0,1,0,0,0,1,1,0,2,20,0,0,0,0,0,0,0,0,0,0,1,6,0,0,0,0,0.0,0.0,15.0,16.0,41.4,6.2,0.9375,0.0,0.0,12.0,12.0,36.8,3.0,0.16666666666666666,0.0,0.0,16.0,16.0,38.6,2.6,0.6875,0.0,6.0,200.0,0.07024793388429752,0.2603305785123967,6,11,79.6,15.0,1064,1183,1556,0.0,0.0,7.0,13.0,39.6,2.9,0.23076923076923078,0.0,0.0,2.0,1.0,37.9,0.0,0.4444444444444444,-2.9,0.2,54.0,-295.0,16.0,16.0,478.0,0.0625,0.0,-0.25,0.6153846153846154,-0.2222222222222222,0.4199999999999996,0.0,3.5788999999999973,1.6935000000000002,1.0086000000000013,0.2073999999999998,0.0788999999999973,0.28741115344189294,1.5640971836813726,-2.0,0.0,,0.038461538461538464,0.11538461538461539,0.0,,0.07142857142857142,-0.0538498326159732
550,202305020706,0,0,0,0,4,3,4,23,0,0,0,0,0,0,0,0,2,2,2,11,0,0,0,0,0,0,0,0,0,1,1,6,0,0,0,0,0.0,0.0,13.0,16.0,40.6,2.2,0.5,0.0,0.0,3.0,1.0,39.1,0.0,0.25,0.0,0.0,1.0,6.0,39.6,1.0,0.3076923076923077,-5.0,2.0,-400.0,0.03825136612021858,0.16939890710382513,4,7,104.4,16.0,1195,1228,1428,0.0,0.0,2.0,3.0,39.2,0.5,0.6,0.0,0.0,4.0,3.0,38.1,1.7,0.6666666666666666,-2.4,0.6,54.0,-252.0,16.0,16.0,412.0,0.0625,-0.125,0.15384615384615385,-0.4666666666666667,-0.1111111111111111,0.4899999999999999,0.0,0.9741,-0.5259,-0.025900000000000034,-0.4258999999999986,-1.5259,0.16191977786598,0.8084553172563095,-1.0,0.0,,0.08333333333333333,0.3333333333333333,0.0,,,0.04344193817878028
551,202305020706,4,3,1,28,0,0,0,3,0,0,0,1,1,1,1,9,0,0,0,1,0,0,0,0,0,0,0,5,0,0,0,1,0,0,0,0,0.0,0.0,70.0,7.0,38.1,1.3,0.3076923076923077,0.0,0.0,80.0,9.0,38.8,1.6,0.1,0.0,0.0,60.0,1.0,37.1,0.0,0.25,-3.0,-6.0,200.0,0.15609756097560976,0.35609756097560974,1,2,33.6,10.0,1095,1645,1221,,,,,,,,,,,,,,,-3.0,0.3333333333333333,54.0,112.0,16.0,13.0,446.0,0.0,0.0,-0.0625,,,0.5,0.0,0.23170000000000357,0.8475999999999999,-0.5642999999999958,,,0.08753697443646956,0.6976149845485433,0.0,1.0,1.0,0.044444444444444446,0.15555555555555556,0.0,,-0.06510651065106512,0.4
552,202305020709,11,6,8,64,0,3,4,44,0,0,1,0,4,2,2,34,0,0,2,13,0,0,0,0,0,1,0,11,0,0,0,0,0,0,0,0,0.0,0.0,10.0,1.0,38.9,0.0,0.125,0.0,0.0,10.0,2.0,37.9,0.1,0.21428571428571427,0.0,0.0,10.0,2.0,36.6,0.5,0.1875,0.5,-4.0,0.0,0.2482758620689655,0.5103448275862069,2,3,2.9,2.0,1716,1362,1167,0.0,0.0,20.0,3.0,38.0,0.1,0.0625,0.0,0.0,40.0,2.0,37.5,0.5,0.26666666666666666,0.3,1.0,56.0,104.0,16.0,16.0,478.0,0.0,0.0,-0.0625,0.0,-0.06666666666666667,0.2699999999999996,0.0,0.6204999999999998,-0.23380000000000223,-1.5337999999999994,-0.27949999999999875,-0.7794999999999987,0.0709733510078817,0.7467261881037779,-1.0,5.0,1.0,0.0,0.25,2.0,1.0,0.03502141597379693,-0.033568172399502716
553,202305020709,3,2,1,43,11,5,9,70,0,0,0,2,2,1,1,23,3,0,1,26,0,0,0,1,0,1,0,4,1,0,0,3,0,0,0,0,0.0,0.0,30.0,6.0,36.5,1.1,0.5625,0.0,0.0,40.0,7.0,35.8,0.6,0.8125,0.0,0.0,20.0,10.0,39.0,1.2,0.5625,2.0,-2.0,200.0,0.0,0.0,4,7,22.6,7.0,1393,1167,1263,0.0,0.0,10.0,6.0,38.3,1.2,0.5,0.0,0.0,10.0,1.0,37.2,0.0,0.13333333333333333,-1.1,0.2,55.0,76.0,16.0,16.0,518.0,0.0,0.0625,-0.125,0.0,0.0,-0.39000000000000057,0.0,-1.3682999999999979,-1.791400000000003,0.7205000000000013,0.02049999999999841,-1.079499999999996,0.21859081509625342,1.1637869220780928,-3.0,3.0,0.3333333333333333,0.0,0.0,0.0,,-0.03920282129090463,0.019083827201908404
554,202305020709,1,2,2,26,0,2,1,8,0,1,1,7,0,1,1,9,0,2,0,7,0,1,0,6,0,0,1,3,0,0,0,2,0,0,0,2,0.0,0.0,70.0,3.0,35.8,0.2,0.6875,0.0,0.0,60.0,4.0,36.4,0.6,0.8125,0.0,0.0,90.0,3.0,34.9,0.5,0.875,0.0,0.0,0.0,0.06741573033707865,0.25842696629213485,6,11,18.0,6.0,1561,223,1263,0.0,0.0,90.0,6.0,36.6,0.7,0.75,0.0,0.0,100.0,9.0,36.9,1.6,1.0,1.4,0.4,56.0,21.0,16.0,16.0,482.0,0.0,-0.0625,0.0,0.0,0.0,-0.24000000000000057,0.0,-2.4795000000000016,-1.8795000000000002,-2.7642999999999986,-1.6794999999999973,-1.1726000000000028,0.10752906583803283,0.7082372483850314,-2.0,4.0,0.5,0.07142857142857142,0.30158730158730157,0.0,,0.03019943019943022,0.1280193236714976
555,202305020709,2,1,3,19,0,0,0,13,0,0,0,1,0,0,1,6,0,0,0,8,0,0,0,1,0,0,0,1,0,0,0,1,0,0,0,1,0.0,0.0,13.0,4.0,35.7,0.6,0.5625,0.0,0.0,11.0,12.0,37.8,1.5,0.5,0.0,0.0,11.0,12.0,37.9,1.3,0.3333333333333333,4.0,-14.0,0.0,0.0,0.0,1,2,132.7,13.0,1348,1553,1221,0.0,0.0,1.0,2.0,39.2,0.0,0.8181818181818182,0.0,0.0,7.0,4.0,37.4,1.1,0.5333333333333333,-1.0,0.2,55.0,0.0,16.0,16.0,500.0,0.0625,0.0,0.06666666666666667,-0.45454545454545453,-0.13333333333333333,-0.4799999999999997,0.0,-2.453799999999994,-0.4795000000000016,-1.492600000000003,1.046200000000006,-1.1775999999999982,0.15607597747187638,1.1260550608207396,0.0,3.0,0.3333333333333333,0.045454545454545456,0.1590909090909091,0.0,,0.03966632618318011,-0.16
556,202305020709,1,2,2,26,1,1,1,9,0,1,1,0,0,1,1,9,0,0,1,6,0,0,1,0,0,0,1,3,0,0,1,0,0,0,1,0,0.0,0.0,40.0,5.0,37.6,1.0,0.75,0.0,0.0,50.0,3.0,36.3,0.5,0.6,0.0,0.0,50.0,2.0,35.9,0.1,0.6875,-1.5,-6.0,0.0,0.034482758620689655,0.18620689655172415,1,1,25.6,8.0,1561,1592,1263,0.0,0.0,60.0,4.0,37.7,1.4,0.25,0.0,0.0,40.0,9.0,37.2,1.7,0.8125,0.9,0.4,57.0,167.0,16.0,16.0,484.0,-0.0625,0.0,-0.125,0.0,0.0,-0.06000000000000085,0.0,-0.5337999999999994,-1.291400000000003,-1.4399000000000015,-0.5794999999999959,-0.7110999999999947,0.19789517427163303,0.7172168430816463,0.0,2.0,0.0,0.045454545454545456,0.2727272727272727,1.0,0.0,0.03019943019943022,0.27350427350427353
557,202305020709,1,0,1,19,5,5,6,46,0,0,0,0,1,0,0,9,2,1,2,22,0,0,0,0,0,0,0,1,0,1,1,5,0,0,0,0,0.0,0.0,11.0,10.0,37.5,1.5,0.7333333333333333,0.0,0.0,9.0,6.0,36.6,0.7,0.0625,0.0,0.0,7.0,9.0,37.9,1.1,0.1875,-0.5,0.0,200.0,0.04929577464788732,0.15492957746478872,3,6,29.9,9.0,1447,1405,1721,0.0,0.0,5.0,7.0,37.2,0.8,0.875,0.0,0.0,4.0,,,,0.46153846153846156,-0.6,0.0,55.0,-78.0,16.0,15.0,500.0,-0.06666666666666667,0.0,0.0,-0.125,0.07692307692307693,-0.04000000000000057,0.0,-0.4110999999999976,-1.5537999999999954,-0.37950000000000017,-0.6233000000000004,,0.30955516481839906,0.4743416490252558,1.0,2.0,0.0,0.0641025641025641,0.19230769230769232,0.0,,-0.14198717948717948,0.04068736141906873
558,202305020709,3,3,1,31,1,1,1,8,1,1,1,1,1,1,1,12,1,1,1,3,1,1,1,0,0,1,0,2,0,1,0,1,0,1,0,0,0.0,0.0,40.0,2.0,35.9,0.3,0.8125,0.0,0.0,20.0,3.0,35.9,0.3,0.8125,0.0,0.0,20.0,2.0,35.2,0.0,0.5625,0.0,-4.0,0.0,0.10714285714285714,0.3,7,14,2.8,1.0,1557,1541,1559,0.0,0.0,10.0,4.0,35.6,0.3,0.8125,0.0,0.0,30.0,2.0,35.8,0.4,0.6875,0.1,0.8,58.0,83.0,16.0,16.0,518.0,0.0,0.0,0.0,0.0625,0.0,0.05,0.0,-2.3795,-2.3795,-2.933799999999998,-2.6794999999999973,-2.4795000000000016,0.09999999999999999,0.26381811916545655,0.0,5.0,0.8,0.072,0.304,1.0,1.0,0.005824790307548927,0.0367965367965368
559,202305020709,0,2,2,16,1,2,0,13,0,0,0,0,0,1,2,6,1,1,0,9,0,0,0,0,0,1,1,4,1,0,0,1,0,0,0,0,0.0,0.0,30.0,1.0,36.4,0.0,0.4375,0.0,0.0,30.0,3.0,37.7,0.3,0.75,0.0,0.0,20.0,6.0,36.2,1.5,0.8461538461538461,2.5,0.0,0.0,0.10869565217391304,0.3695652173913043,8,16,12.4,5.0,1677,1542,1167,0.0,0.0,10.0,8.0,36.4,0.7,0.8,0.0,0.0,20.0,2.0,35.4,0.2,0.8571428571428571,0.7,0.6,55.0,77.0,16.0,16.0,478.0,0.0,-0.0625,-0.07692307692307693,0.06666666666666667,-0.14285714285714285,0.3300000000000004,0.0,-1.7338000000000022,-0.5794999999999959,-1.7110999999999947,-1.4682999999999993,-2.0161000000000016,0.1550357364602139,0.7386474125047767,-3.0,2.0,1.0,0.0,0.0,1.0,1.0,-0.10492845786963434,-0.1937062937062937
560,202305020709,5,1,2,9,8,10,8,73,1,0,0,0,1,0,0,3,3,3,4,27,0,0,0,0,0,0,0,0,0,2,2,3,0,0,0,0,0.0,0.0,50.0,1.0,36.3,0.0,0.6,0.0,0.0,60.0,7.0,40.0,1.5,0.5714285714285714,0.0,0.0,10.0,9.0,40.1,2.1,0.15384615384615385,4.0,-2.0,0.0,0.2,0.4,7,13,8.1,3.0,1467,1556,336,0.0,0.0,30.0,3.0,37.6,0.4,0.0625,0.0,0.0,10.0,7.0,39.6,1.1,0.4444444444444444,0.8,0.4,56.0,27.0,16.0,15.0,490.0,-0.06666666666666667,-0.21428571428571427,0.23076923076923078,0.0625,0.3333333333333333,-0.420000000000001,0.0,-1.3643,0.37409999999999854,0.823599999999999,-0.9775999999999954,-0.025900000000000034,0.2191944106579374,1.5118200951171417,-2.0,1.0,1.0,0.0,0.0,0.0,,0.12021857923497267,-0.01480214466629387
561,202305020709,0,0,0,1,0,0,0,1,0,0,0,1,0,0,0,1,0,0,0,1,0,0,0,1,0,0,0,1,0,0,0,1,0,0,0,1,0.0,0.0,2.0,9.0,39.0,2.0,0.6666666666666666,0.0,0.0,12.0,13.0,38.5,2.3,0.6,0.0,0.0,14.0,10.0,35.9,1.2,0.8125,0.5,26.0,200.0,0.03571428571428571,0.17857142857142858,8,15,135.5,14.0,556,624,1,0.0,0.0,9.0,15.0,38.1,1.8,0.375,0.0,0.0,10.0,6.0,35.8,0.6,0.3125,-0.4,0.0,55.0,-435.0,16.0,9.0,504.0,0.1111111111111111,0.2,0.0,0.0,0.0,0.6800000000000004,0.0,1.5822999999999965,-0.8926000000000016,-2.2537999999999982,-0.17949999999999733,-1.8643,0.18546862567860664,1.3455110553243341,-2.0,3.0,0.0,0.08,0.14,0.0,,,
562,202305020709,3,5,2,32,0,0,1,6,0,0,0,1,2,2,0,7,0,0,0,0,0,0,0,0,0,0,0,1,0,0,0,0,0,0,0,0,0.0,0.0,20.0,7.0,38.0,1.3,0.4,0.0,0.0,10.0,1.0,37.0,0.0,0.125,0.0,0.0,10.0,5.0,38.3,0.3,0.1875,-1.0,-6.0,0.0,0.2413793103448276,0.4827586206896552,3,5,10.1,4.0,1152,857,1428,0.0,0.0,30.0,2.0,36.7,0.5,0.375,0.0,0.0,70.0,7.0,37.3,0.8,0.875,0.1,0.4,55.0,48.0,16.0,15.0,488.0,0.0,0.0,0.0,-0.0625,0.0,0.1700000000000003,0.0,0.10159999999999769,-1.2794999999999987,0.3475999999999999,-1.3725999999999985,-0.9795000000000016,0.26334388164527384,0.6019966777316951,-3.0,3.0,0.3333333333333333,0.03333333333333333,0.1,0.0,,-0.0014982876712328896,-0.06666666666666668
563,202305020709,2,1,1,16,11,5,9,70,0,0,0,4,1,1,0,9,3,0,1,26,0,0,0,4,0,0,0,2,1,0,0,3,0,0,0,1,0.0,0.0,12.0,12.0,36.2,1.3,0.6875,0.0,0.0,10.0,6.0,36.1,1.2,0.6666666666666666,0.0,0.0,2.0,6.0,36.9,0.9,0.375,-3.0,0.0,0.0,0.029411764705882353,0.1323529411764706,4,8,88.3,12.0,1148,1167,1393,0.0,0.0,6.0,10.0,36.6,1.0,0.5625,0.0,0.0,9.0,3.0,36.4,0.1,0.6666666666666666,-1.4,0.2,55.0,0.0,16.0,16.0,464.0,0.0625,0.0,0.0,-0.0625,-0.06666666666666667,-0.08999999999999915,0.0,-1.953799999999994,-1.7210999999999999,-1.2537999999999982,-1.3110999999999962,-1.511099999999999,0.11681538140730154,0.2870540018881454,0.0,2.0,0.0,0.036585365853658534,0.12195121951219512,0.0,,-0.08345021037868161,0.019083827201908404
564,202305020709,1,0,1,35,3,2,6,43,0,0,0,2,1,0,1,18,3,0,1,23,0,0,0,2,0,0,1,6,0,0,0,6,0,0,0,2,0.0,0.0,160.0,2.0,35.9,0.0,0.625,0.0,0.0,150.0,11.0,37.8,1.4,0.4375,0.0,0.0,90.0,9.0,38.5,2.1,0.9375,3.5,-4.0,0.0,0.038461538461538464,0.17032967032967034,5,9,37.3,11.0,1090,1221,1169,0.0,0.0,120.0,6.0,35.5,0.9,0.9375,0.0,0.0,80.0,14.0,38.2,2.6,0.875,1.9,0.2,56.0,21.0,16.0,16.0,460.0,-0.0625,-0.0625,0.0,0.0,0.0625,-0.23000000000000115,0.0,-2.3795,-0.4795000000000016,0.22050000000000125,-2.633800000000001,-0.07949999999999591,0.19921721813136534,1.2351518125315613,-2.0,5.0,0.2,0.03278688524590164,0.09836065573770492,1.0,0.0,-0.06184012066365008,-0.024042553191489374
565,202305020709,1,2,2,30,3,3,2,28,0,0,0,0,0,1,0,15,0,3,1,12,0,0,0,0,0,0,0,0,0,0,0,1,0,0,0,0,0.0,0.0,9.0,14.0,39.5,3.4,0.35714285714285715,0.0,0.0,10.0,14.0,37.1,2.4,0.8125,0.0,0.0,10.0,4.0,33.9,0.2,0.42857142857142855,-5.0,4.0,-400.0,0.06428571428571428,0.19285714285714287,5,10,30.8,10.0,1431,1235,1428,0.0,0.0,3.0,9.0,35.8,2.2,0.4,0.0,0.0,5.0,1.0,34.3,0.0,0.38461538461538464,-3.0999999999999996,0.2,54.0,-63.0,16.0,14.0,480.0,0.42857142857142855,0.0,0.07142857142857142,0.1,-0.15384615384615385,1.170000000000001,0.0,2.649700000000003,-1.0537999999999954,-1.2064999999999984,0.7252999999999972,-1.1592000000000056,0.16954898190085219,2.0360746548199073,-2.0,1.0,0.0,0.0,0.0,0.0,,-0.03118137900746598,-0.02181818181818182
566,202305020709,4,3,1,28,0,3,0,12,0,1,0,0,1,1,1,9,0,0,0,5,0,0,0,0,0,0,0,0,0,0,0,1,0,0,0,0,0.0,0.0,40.0,5.0,41.9,1.5,0.36363636363636365,0.0,0.0,160.0,15.0,37.9,2.5,0.3125,0.0,0.0,120.0,11.0,36.6,2.2,0.9166666666666666,3.0,8.0,-200.0,0.07100591715976332,0.22485207100591717,6,12,306.9,16.0,1095,1104,1221,0.0,0.0,80.0,8.0,36.4,1.3,0.9375,0.0,0.0,150.0,7.0,36.1,0.6,0.9375,-0.3,0.0,54.0,-442.0,16.0,11.0,500.0,0.0,0.0,0.0,0.0,-0.0625,1.3099999999999994,0.0,3.8273999999999972,-0.25379999999999825,-1.2210999999999999,-1.7537999999999982,-1.8110999999999962,0.29080796458855096,2.1497906874856434,-2.0,2.0,0.0,0.07547169811320754,0.22641509433962265,0.0,,-0.06510651065106512,-0.03688853247794707
567,202305020709,4,6,0,25,0,1,0,2,0,0,0,1,1,1,0,6,0,1,0,1,0,0,0,1,1,1,0,1,0,0,0,1,0,0,0,1,0.0,0.0,7.0,10.0,42.3,4.5,1.0,0.0,0.0,15.0,16.0,41.7,7.1,1.0,0.0,0.0,11.0,16.0,38.4,3.3,0.1875,3.0,6.0,0.0,0.0,0.08333333333333333,2,4,190.7,15.0,1463,760,1167,0.0,0.0,12.0,14.0,38.8,4.1,0.42857142857142855,0.0,0.0,11.0,9.0,37.8,1.2,0.375,-0.4,0.0,54.0,-385.0,16.0,10.0,534.0,0.0,0.0,0.25,0.14285714285714285,-0.0625,1.1900000000000006,0.0,4.1462,3.546200000000006,0.12049999999999983,0.6462000000000003,-0.35379999999999967,0.3376841901020804,1.8341210428976609,-2.0,5.0,0.0,0.1323529411764706,0.23529411764705882,0.0,,-0.03549135009809168,-0.03030303030303033
568,202305020801,0,0,0,0,5,2,1,41,0,0,0,0,0,0,0,0,4,1,1,22,0,0,0,0,0,0,0,0,2,0,0,9,0,0,0,0,0.0,0.0,100.0,6.0,36.0,1.7,0.8125,,,,,,,,,,,,,,,,,200.0,0.0136986301369863,0.1780821917808219,4,8,14.1,4.0,1466,1393,1713,,,,,,,,,,,,,,,,0.0,54.0,57.0,16.0,16.0,448.0,-0.0625,,,,,,,-1.4177000000000035,,,,,,,0.0,0.0,,0.0,0.2222222222222222,0.0,,,-0.10199418363107604
569,202305020801,11,6,8,64,8,9,5,67,2,0,0,0,4,2,2,34,2,3,2,31,1,0,0,0,1,1,1,7,0,2,1,8,0,0,0,0,0.0,0.0,50.0,6.0,38.6,1.6,0.1875,0.0,0.0,90.0,12.0,39.8,2.6,0.0625,0.0,0.0,70.0,8.0,40.5,2.3,0.8666666666666667,1.0,-8.0,0.0,0.03804347826086957,0.16847826086956522,8,15,8.1,3.0,1716,1558,1167,0.0,0.0,40.0,7.0,40.5,3.4,0.7857142857142857,,,,,,,,-0.1,0.0,56.0,22.0,16.0,16.0,470.0,0.0625,0.125,-0.06666666666666667,-0.2857142857142857,,-0.6399999999999999,0.0,0.32050000000000267,0.9871999999999943,0.8740999999999985,1.2235999999999976,,0.35452687764510765,0.7762087348130007,0.0,1.0,0.0,0.11267605633802817,0.23943661971830985,0.0,,0.03502141597379693,0.0611517126001585
570,202305020801,1,0,1,3,8,7,7,71,0,0,0,0,0,0,1,3,3,2,0,23,0,0,0,0,0,0,1,1,2,0,0,8,0,0,0,0,0.0,0.0,3.0,2.0,38.8,0.9,0.4,0.0,0.0,8.0,12.0,39.1,2.4,0.4666666666666667,0.0,0.0,2.0,16.0,40.7,2.9,0.5625,7.0,10.0,0.0,0.06338028169014084,0.19014084507042253,8,16,39.7,7.0,1629,1294,1428,0.0,0.0,7.0,3.0,37.6,0.5,0.25,0.0,0.0,9.0,13.0,43.2,4.4,0.4666666666666667,1.3,0.4,56.0,-157.0,16.0,10.0,538.0,-0.2,0.13333333333333333,-0.1875,0.0625,0.2,-0.7300000000000011,0.0,0.6462000000000003,1.1889000000000038,3.0357000000000056,-0.5537999999999954,3.6533000000000015,0.10348107717516924,1.932252571482311,0.0,3.0,0.6666666666666666,0.1206896551724138,0.39655172413793105,0.0,,0.09957325746799428,0.05268199233716475
571,202305020801,2,2,4,26,8,9,5,67,0,2,0,0,0,1,1,8,2,3,2,31,0,1,0,0,0,1,0,2,0,2,1,8,0,1,0,0,0.0,0.0,130.0,10.0,38.4,2.2,0.75,0.0,0.0,1.0,1.0,37.4,0.0,0.75,0.0,0.0,2.0,4.0,37.4,0.7,0.5625,-3.0,22.0,0.0,0.0,0.06666666666666667,5,9,2.7,2.0,1736,1558,1482,0.0,0.0,3.0,3.0,38.5,0.2,0.5,0.0,0.0,12.0,2.0,36.1,0.2,0.625,-1.4,0.6,55.0,-560.0,16.0,16.0,470.0,-0.125,0.0625,-0.0625,-0.125,-0.1875,0.3499999999999993,0.0,0.12049999999999983,-0.26429999999999865,-0.7537999999999982,0.5889000000000024,-2.0537999999999954,0.1,0.868562030024338,-3.0,4.0,0.5,0.0,0.058823529411764705,0.0,,0.028891202498698587,0.0611517126001585
572,202305020801,0,0,0,2,0,0,0,5,0,0,0,0,0,0,0,1,0,0,0,1,0,0,0,0,0,0,0,1,0,0,0,1,0,0,0,0,0.0,0.0,5.0,3.0,40.4,0.1,0.5,0.0,0.0,11.0,6.0,37.5,1.7,0.7333333333333333,0.0,0.0,3.0,8.0,36.8,1.5,0.5625,2.5,13.0,0.0,0.06451612903225806,0.18433179723502305,1,2,88.1,8.0,1699,1673,1313,0.0,0.0,8.0,5.0,36.9,0.9,0.875,0.0,0.0,11.0,9.0,40.9,2.6,0.5,1.1,0.2,54.0,-439.0,16.0,12.0,447.0,-0.16666666666666666,0.0,0.0,-0.125,0.14285714285714285,-0.039999999999999855,0.0,2.1205,-0.4110999999999976,-1.3537999999999997,-1.2537999999999982,1.2740999999999971,0.14762941591852363,1.7787636155487327,3.0,3.0,0.3333333333333333,0.02127659574468085,0.19148936170212766,0.0,,,0.03070175438596491
573,202305020801,0,0,0,1,0,0,0,3,0,0,0,1,0,0,0,0,0,0,0,1,0,0,0,0,0,0,0,0,0,0,0,0,0,0,0,0,0.0,0.0,11.0,5.0,41.6,1.7,0.8461538461538461,0.0,0.0,17.0,16.0,34.3,2.3,1.0,0.0,0.0,12.0,14.0,40.3,3.5,0.8,4.5,46.0,-100.0,0.046632124352331605,0.16062176165803108,2,3,125.3,11.0,1658,1645,1167,0.0,0.0,13.0,10.0,37.3,1.9,0.9375,0.0,0.0,11.0,6.0,37.4,0.9,0.625,-0.4,0.0,56.0,-246.0,16.0,13.0,562.0,-0.15384615384615385,0.0,0.13333333333333333,-0.1875,-0.0625,0.5400000000000006,0.0,,-0.7747000000000028,0.6740999999999957,-0.39170000000000016,-0.7537999999999982,0.12880538964797578,2.5545253962331254,0.0,1.0,0.0,0.038461538461538464,0.07692307692307693,0.0,,,0.4
574,202305020801,4,2,6,19,8,9,5,67,0,0,0,0,2,0,3,9,2,3,2,31,0,0,0,0,1,0,0,4,0,2,1,8,0,0,0,0,0.0,0.0,10.0,10.0,45.9,4.8,0.08333333333333333,0.0,0.0,9.0,9.0,40.4,2.3,0.07692307692307693,0.0,0.0,7.0,9.0,38.4,1.3,0.1875,-0.5,-12.0,-100.0,0.027586206896551724,0.08275862068965517,1,1,26.3,5.0,1020,1558,1576,0.0,0.0,5.0,7.0,39.1,1.4,0.0625,0.0,0.0,5.0,7.0,39.8,2.6,0.21428571428571427,-0.8,0.0,54.0,-198.0,16.0,12.0,454.0,0.8333333333333334,0.07692307692307693,0.125,0.0,0.07142857142857142,1.35,0.0,,1.007399999999997,0.5766999999999953,0.9462000000000046,1.7273999999999958,0.06297920051759741,2.675369133409444,0.0,1.0,0.0,0.05454545454545454,0.21818181818181817,0.0,,0.16294117647058826,0.0611517126001585
575,202305020801,0,0,0,0,1,0,2,7,0,0,0,0,0,0,0,0,1,0,1,3,0,0,0,0,0,0,0,0,0,0,0,1,0,0,0,0,0.0,0.0,3.0,3.0,40.6,1.8,0.8,0.0,0.0,6.0,12.0,37.1,1.7,0.8125,0.0,0.0,12.0,4.0,37.5,0.4,0.9375,0.5,10.0,0.0,0.04827586206896552,0.15172413793103448,3,5,349.1,15.0,1203,1642,1393,0.0,0.0,15.0,8.0,36.7,1.4,1.0,0.0,0.0,15.0,11.0,36.3,1.3,1.0,1.2,0.2,55.0,-374.0,16.0,10.0,444.0,-0.2,0.0,0.0,-0.0625,-0.125,0.9000000000000007,0.0,2.3205000000000027,-1.1794999999999973,-0.16429999999999723,-1.453799999999994,-1.291400000000003,0.08782084035125147,1.5331014317389446,-1.0,4.0,0.25,0.07317073170731707,0.1951219512195122,0.0,,,-0.14444444444444443
576,202305020801,0,2,2,16,1,0,1,8,0,0,0,1,0,1,2,6,0,0,0,4,0,0,0,0,0,0,0,1,0,0,0,4,0,0,0,0,0.0,0.0,6.0,7.0,41.2,2.0,0.6666666666666666,0.0,0.0,13.0,9.0,38.1,1.9,0.625,0.0,0.0,12.0,11.0,37.0,2.9,0.875,2.0,8.0,200.0,0.0,0.04,3,6,184.9,13.0,1677,1506,1167,0.0,0.0,13.0,16.0,43.6,5.9,0.25,0.0,0.0,16.0,15.0,38.4,3.0,0.25,2.3,0.0,56.0,-424.0,16.0,9.0,480.0,-0.2222222222222222,0.0625,-0.0625,0.4375,0.0,0.010000000000000852,0.0,3.3789000000000016,-0.05379999999999541,-0.8233000000000033,5.022400000000005,2.483399999999996,0.24636242498490804,2.407986710926787,-1.0,1.0,0.0,0.043478260869565216,0.15217391304347827,0.0,,-0.10492845786963434,0.11538461538461539
577,202305020801,1,3,0,30,3,2,3,51,0,0,0,0,1,1,0,9,1,0,3,24,0,0,0,0,0,0,0,5,1,0,2,9,0,0,0,0,0.0,0.0,10.0,11.0,41.7,2.6,1.0,0.0,0.0,9.0,10.0,39.2,1.9,0.1875,0.0,0.0,7.0,8.0,38.8,2.5,0.5,-1.5,28.0,-100.0,0.1111111111111111,0.1111111111111111,6,11,92.4,9.0,1713,1482,215,0.0,0.0,6.0,12.0,39.7,3.2,0.5,0.0,0.0,9.0,7.0,39.4,0.7,0.1875,-0.6,0.0,56.0,-198.0,16.0,12.0,464.0,0.0,0.0,0.0,0.0625,0.0,0.41000000000000086,0.0,,1.046200000000006,0.9766999999999939,1.7889000000000053,1.488900000000001,0.29738443133425796,1.0131140113531165,0.0,1.0,0.0,0.07086614173228346,0.30708661417322836,0.0,,-0.0301990391214825,-0.05872427832593624
578,202305020801,2,1,2,19,4,3,4,23,0,0,0,1,2,1,1,13,2,2,2,11,0,0,0,1,1,0,0,1,2,1,1,4,0,0,0,0,0.0,0.0,7.0,11.0,42.9,3.7,0.09090909090909091,0.0,0.0,16.0,11.0,39.0,1.9,0.25,0.0,0.0,11.0,15.0,38.9,2.9,0.6666666666666666,2.0,17.0,100.0,0.0,0.2222222222222222,7,14,426.9,16.0,1319,1228,334,0.0,0.0,11.0,10.0,39.4,2.7,0.5625,0.0,0.0,11.0,9.0,41.0,1.9,0.25,-0.5,0.0,51.0,-302.0,16.0,11.0,495.0,0.7272727272727273,0.0625,0.06666666666666667,0.125,0.0,0.33999999999999986,0.0,6.071899999999999,0.8462000000000032,1.482299999999995,1.488900000000001,3.1788999999999987,0.2152115259884415,1.529182788289222,-3.0,1.0,0.0,0.13836477987421383,0.32075471698113206,0.0,,0.07848981619473425,0.04344193817878028
579,202305020801,2,2,6,46,1,2,1,0,0,0,0,0,0,1,3,26,0,0,0,0,0,0,0,0,0,0,1,8,0,0,0,0,0,0,0,0,0.0,0.0,13.0,12.0,41.6,3.7,0.7333333333333333,0.0,0.0,6.0,12.0,38.1,2.3,0.75,0.0,0.0,9.0,13.0,40.5,3.4,0.2,0.5,-4.0,-300.0,0.06995884773662552,0.25925925925925924,5,10,36.3,6.0,1172,472,1556,0.0,0.0,7.0,10.0,42.9,3.8,0.2,0.0,0.0,2.0,8.0,41.9,2.5,0.0625,-1.0,0.0,56.0,-62.0,16.0,15.0,506.0,-0.06666666666666667,0.125,0.2,0.3,0.0625,-0.5399999999999991,0.0,2.390599999999999,-0.05379999999999541,1.1073999999999984,3.274099999999997,2.3532999999999973,0.29220901955810863,1.6395121225535347,0.0,1.0,0.0,0.125,0.29545454545454547,0.0,,0.01460869565217393,
580,202305020801,2,5,8,41,0,1,1,21,0,0,0,2,2,1,1,12,0,0,0,5,0,0,0,0,0,1,0,4,0,0,0,4,0,0,0,0,0.0,0.0,1.0,8.0,41.2,1.9,0.4166666666666667,0.0,0.0,3.0,6.0,38.0,0.9,0.2,0.0,0.0,6.0,4.0,37.7,0.4,0.26666666666666666,-2.0,-11.0,-100.0,0.1896551724137931,0.39655172413793105,4,7,1.8,1.0,1691,1328,1167,0.0,0.0,1.0,13.0,39.4,2.6,0.4375,0.0,0.0,4.0,2.0,37.9,0.5,0.125,-0.5,0.2,56.0,-438.0,16.0,12.0,479.0,0.16666666666666666,0.06666666666666667,0.06666666666666667,0.0,0.0,0.520000000000001,0.0,,0.08890000000000242,-0.21109999999999474,1.2462000000000018,-0.37950000000000017,0.12138094304022083,1.3245376551838766,0.0,2.0,0.5,0.0,1.0,0.0,,-0.0021298174442190843,0.08933002481389579
581,202305020801,1,0,1,35,5,2,1,41,0,0,0,3,1,0,1,18,4,1,1,22,0,0,0,2,0,0,0,8,2,0,0,9,0,0,0,0,0.0,0.0,10.0,60.0,40.3,0.9,0.3333333333333333,0.0,0.0,120.0,140.0,39.2,2.7,0.5,0.0,0.0,150.0,80.0,39.1,2.5,0.6875,10.0,12.0,0.0,0.0,0.08,7,13,140.1,12.0,1090,1393,1169,0.0,0.0,90.0,90.0,38.6,2.1,0.8125,0.0,0.0,170.0,130.0,36.3,1.5,0.6111111111111112,9.0,0.0,54.0,-440.0,16.0,12.0,424.0,0.16666666666666666,0.0625,-0.125,-0.1875,-0.05555555555555555,0.8600000000000001,0.0,2.0204999999999984,1.046200000000006,0.9462000000000046,0.6889000000000038,1.1935000000000002,0.1633583692074681,1.3221195104830734,0.0,3.0,0.0,0.05333333333333334,0.10666666666666667,0.0,,-0.06184012066365008,-0.10199418363107604
582,202305020801,0,0,0,4,3,2,6,43,0,0,0,0,0,0,0,1,3,0,1,23,0,0,0,0,0,0,0,1,1,0,0,4,0,0,0,0,0.0,0.0,90.0,8.0,41.4,2.3,0.5,0.0,0.0,100.0,15.0,39.3,3.3,0.75,0.0,0.0,130.0,9.0,38.3,2.4,0.5625,0.5,-10.0,0.0,0.009345794392523364,0.07476635514018691,6,12,98.4,10.0,1534,1221,1235,0.0,0.0,60.0,10.0,39.5,2.1,0.625,0.0,0.0,20.0,7.0,39.3,2.2,0.6875,-0.7,0.0,56.0,-345.0,16.0,10.0,488.0,-0.1,0.0,0.0,0.0,-0.125,0.4,0.0,3.1205,1.1462000000000003,0.3888999999999996,1.6788999999999987,1.4788999999999959,0.08838834764831845,1.0111379727811636,0.0,2.0,0.0,0.034482758620689655,0.20689655172413793,0.0,,-0.15789473684210525,-0.024042553191489374
583,202305020801,0,0,0,1,0,0,0,0,0,0,0,0,0,0,0,0,0,0,0,0,0,0,0,0,0,0,0,0,0,0,0,0,0,0,0,0,0.0,0.0,9.0,7.0,38.4,2.0,0.2,0.0,0.0,14.0,16.0,38.5,3.4,0.9375,0.0,0.0,12.0,15.0,37.3,2.3,0.3125,4.0,26.0,400.0,0.0,0.21739130434782608,2,4,201.2,14.0,1725,1082,1503,0.0,0.0,13.0,16.0,34.7,1.6,1.0,,,,,,,,2.6,0.0,54.0,-435.0,16.0,10.0,448.0,0.2,0.0625,0.5625,0.0,,1.229999999999999,0.0,1.9588999999999999,0.34620000000000317,2.146899999999995,-0.45309999999999917,,0.359143947463966,1.5319513699853515,0.0,1.0,0.0,0.014705882352941176,0.04411764705882353,0.0,,,
584,202305020812,8,6,6,48,0,0,0,0,0,0,0,0,4,4,3,21,0,0,0,0,0,0,0,0,0,0,0,2,0,0,0,0,0,0,0,0,0.0,0.0,60.0,5.0,35.6,0.7,0.8125,0.0,0.0,50.0,3.0,36.9,0.5,0.875,0.0,0.0,70.0,3.0,35.8,0.5,1.0,-1.0,0.0,200.0,0.0,0.3333333333333333,4,7,25.9,8.0,1278,1465,625,0.0,0.0,50.0,9.0,36.4,1.2,0.6923076923076923,0.0,0.0,60.0,5.0,35.4,0.7,0.75,0.6,0.4,58.0,50.0,16.0,16.0,474.0,-0.0625,0.0625,0.0,-0.07692307692307693,-0.08333333333333333,0.09000000000000057,0.0,-1.8160999999999987,-1.011099999999999,-2.1111000000000004,-1.4682999999999993,-2.017700000000005,0.10630980739296349,0.5528109984434099,0.0,0.0,,0.0,0.2,0.0,,0.010563380281690127,
585,202305020812,1,1,1,20,0,0,0,1,0,0,0,0,1,0,0,8,0,0,0,0,0,0,0,0,0,0,0,0,0,0,0,0,0,0,0,0,0.0,0.0,3.0,7.0,13.5,2.4,0.25,0.0,0.0,4.0,4.0,13.5,1.0,0.5833333333333334,0.0,0.0,11.0,10.0,37.9,1.7,0.6666666666666666,1.5,2.0,-1460.0,0.02631578947368421,0.07894736842105263,2,4,42.4,11.0,1317,1210,1186,0.0,0.0,10.0,15.0,37.5,2.2,0.8,0.0,0.0,7.0,15.0,39.4,2.1,0.0625,2.7,0.0,58.0,-294.0,16.0,12.0,506.0,0.08333333333333333,-0.16666666666666666,-0.08333333333333333,-0.06666666666666667,0.0,-7.58,0.0,,,-0.37950000000000017,-0.7794999999999987,1.2462000000000018,0.2738054865126783,12.149666662094067,-2.0,3.0,0.0,0.1111111111111111,0.2222222222222222,0.0,,-0.09243697478991597,
586,202305020812,5,1,2,9,8,7,8,92,0,0,0,0,1,0,0,3,3,2,5,37,0,0,0,0,0,0,0,0,0,0,1,2,0,0,0,0,0.0,0.0,20.0,3.0,35.5,0.5,0.8666666666666667,0.0,0.0,10.0,1.0,35.3,0.0,0.75,0.0,0.0,40.0,1.0,36.3,0.0,0.8,-1.0,-4.0,0.0,0.14583333333333334,0.34375,3,6,6.1,3.0,1467,1263,336,0.0,0.0,80.0,6.0,33.7,0.6,1.0,0.0,0.0,140.0,8.0,32.9,0.4,0.7777777777777778,1.5,0.6,58.0,21.0,16.0,15.0,464.0,0.0,0.0,-0.2,-0.05555555555555555,-0.2222222222222222,0.6799999999999997,0.0,-2.7794999999999987,-2.6111000000000004,-1.5683000000000007,-1.4530999999999992,-2.1747000000000014,0.08930458354404497,1.2483589227461778,0.0,1.0,1.0,0.0,0.14285714285714285,0.0,,0.12021857923497267,0.03282493368700265
587,202305020812,4,6,0,25,1,0,0,4,1,0,0,1,1,1,0,6,0,0,0,3,0,0,0,1,0,0,0,2,0,0,0,1,0,0,0,1,0.0,0.0,10.0,4.0,36.0,0.2,0.375,0.0,0.0,30.0,2.0,35.5,0.3,0.3125,0.0,0.0,10.0,7.0,35.7,0.9,0.5,1.5,-4.0,0.0,0.19298245614035087,0.40350877192982454,5,10,3.0,1.0,1463,852,1167,0.0,0.0,20.0,3.0,37.7,0.2,0.14285714285714285,0.0,0.0,10.0,10.0,37.2,1.8,0.8125,1.3,0.4,58.0,64.0,16.0,16.0,504.0,-0.125,0.0625,0.0,0.0,-0.125,-0.46000000000000085,0.0,-2.2794999999999987,-2.7794999999999987,-2.433799999999998,-0.5794999999999959,-0.3913999999999973,0.22382060509547846,0.8704022058795586,0.0,4.0,0.5,0.06329113924050633,0.189873417721519,1.0,0.0,-0.03549135009809168,-0.1111111111111111
588,202305020812,3,5,2,32,0,0,0,2,0,0,0,0,2,2,0,7,0,0,0,1,0,0,0,0,1,1,0,0,0,0,0,0,0,0,0,0,0.0,0.0,2.0,5.0,13.4,2.4,0.5,0.0,0.0,1.0,1.0,13.5,0.0,0.2,0.0,0.0,5.0,4.0,13.4,0.4,0.25,-0.5,4.0,-1980.0,0.25170068027210885,0.5102040816326531,3,5,4.8,2.0,1152,705,1428,0.0,0.0,9.0,12.0,38.9,1.7,0.2857142857142857,0.0,0.0,4.0,7.0,37.3,0.8,0.3076923076923077,1.5,0.2,58.0,-426.0,16.0,8.0,484.0,-0.125,0.0,0.0,0.14285714285714285,0.0,-7.3199999999999985,0.0,,,,-0.7259000000000029,-0.9795000000000016,0.10235861151857535,12.094792267748957,-2.0,1.0,0.0,0.0,0.125,0.0,,-0.0014982876712328896,
589,202305020812,0,2,1,8,11,5,9,70,0,0,0,0,0,1,1,2,3,0,1,26,0,0,0,0,0,0,0,0,0,0,0,3,0,0,0,0,0.0,0.0,2.0,3.0,41.2,0.6,0.8571428571428571,0.0,0.0,12.0,6.0,35.1,0.5,0.875,0.0,0.0,9.0,10.0,33.4,1.0,0.8333333333333334,3.5,8.0,-300.0,0.06593406593406594,0.26373626373626374,8,16,59.0,12.0,1618,1167,1263,0.0,0.0,5.0,2.0,35.1,0.2,1.0,0.0,0.0,3.0,11.0,37.5,2.0,0.46153846153846156,1.2,0.4,58.0,-431.0,16.0,7.0,490.0,-0.5714285714285714,-0.0625,0.0,-0.21428571428571427,0.0,0.7400000000000005,0.0,1.8074000000000012,-3.0537999999999954,-1.6747000000000014,-0.822499999999998,-0.5726000000000013,0.18133486811235008,2.7059933481071243,2.0,1.0,0.0,0.07017543859649122,0.2631578947368421,0.0,,-0.02860411899313503,0.019083827201908404
590,202305020812,1,1,2,5,11,5,9,70,0,0,0,0,0,0,1,2,3,0,1,26,0,0,0,0,0,0,0,0,0,0,0,3,0,0,0,0,0.0,0.0,2.0,5.0,39.1,1.2,0.7142857142857143,0.0,0.0,5.0,14.0,37.8,1.9,0.5,0.0,0.0,1.0,7.0,37.7,0.6,0.375,1.0,18.0,0.0,0.10416666666666667,0.3541666666666667,1,1,10.5,5.0,1154,1167,1561,0.0,0.0,5.0,1.0,37.3,0.0,0.13333333333333333,0.0,0.0,2.0,1.0,36.2,0.0,0.2857142857142857,-2.1,0.4,58.0,-493.0,16.0,7.0,556.0,-0.14285714285714285,-0.0625,-0.25,0.0,0.0,0.6299999999999997,0.0,0.8205000000000027,-0.35379999999999967,-0.5794999999999959,-0.9795000000000016,-1.953799999999994,0.1967531229313018,0.932523458149981,4.0,5.0,0.4,0.25,0.25,0.0,,-0.054545454545454564,0.019083827201908404
591,202305020812,0,0,0,4,0,0,0,0,0,0,0,0,0,0,0,2,0,0,0,0,0,0,0,0,0,0,0,0,0,0,0,0,0,0,0,0,0.0,0.0,15.0,11.0,36.6,1.7,0.5,0.0,0.0,14.0,14.0,37.9,2.0,0.8125,0.0,0.0,14.0,11.0,37.3,1.1,0.5333333333333333,0.0,-4.0,0.0,0.0,0.07692307692307693,6,11,38.8,10.0,1343,38,1428,0.0,0.0,10.0,8.0,36.7,0.9,0.3125,0.0,0.0,6.0,13.0,37.8,1.4,0.5,-0.2,0.0,58.0,-476.0,16.0,16.0,498.0,0.0,-0.1875,0.0,-0.0625,-0.0625,-0.11999999999999958,0.0,-1.0642999999999958,-0.37950000000000017,-0.9795000000000016,-1.453799999999994,-0.4795000000000016,0.16056756971581915,0.5388877434122973,0.0,5.0,0.0,0.16666666666666666,0.375,0.0,,-0.12740384615384615,
592,202305020812,2,3,4,35,0,0,0,0,0,0,0,0,1,0,3,10,0,0,0,0,0,0,0,0,0,0,0,1,0,0,0,0,0,0,0,0,0.0,0.0,20.0,1.0,36.3,0.0,0.375,0.0,0.0,40.0,7.0,36.8,0.7,0.625,0.0,0.0,60.0,2.0,37.2,0.3,0.7857142857142857,0.5,-4.0,0.0,0.14705882352941177,0.38235294117647056,2,3,29.6,9.0,1503,881,1263,0.0,0.0,30.0,1.0,36.5,0.0,0.7272727272727273,0.0,0.0,20.0,5.0,38.7,1.0,0.26666666666666666,0.2,0.6,58.0,22.0,16.0,16.0,486.0,0.0,0.0,0.0,-0.09090909090909091,-0.06666666666666667,-0.4500000000000014,0.0,-1.9795000000000016,-1.4795000000000016,-1.079499999999996,-1.7794999999999987,-0.9258999999999986,0.2016624674841027,0.8555699854482993,0.0,4.0,0.75,0.11627906976744186,0.2558139534883721,0.0,,-0.017174959871589096,
593,202305020812,11,6,8,64,8,9,5,67,2,0,0,0,4,2,2,34,2,3,2,31,1,0,0,0,0,0,0,5,0,0,0,1,0,0,0,0,0.0,0.0,10.0,11.0,36.3,1.4,0.5,0.0,0.0,4.0,10.0,36.6,1.1,0.4375,0.0,0.0,7.0,2.0,36.9,0.3,0.2,-4.5,-8.0,0.0,0.06382978723404255,0.19148936170212766,8,15,6.8,4.0,1716,1558,1167,0.0,0.0,12.0,5.0,36.3,0.2,0.25,0.0,0.0,6.0,15.0,38.2,1.9,0.5,0.3,0.2,58.0,-154.0,16.0,14.0,492.0,-0.07142857142857142,0.0,0.0,0.0,0.0,-0.3500000000000007,0.0,-1.8537999999999997,-1.5537999999999954,-1.3795000000000002,-1.9795000000000016,0.28890000000000526,0.12757350822173075,0.7059745037889136,0.0,4.0,0.25,0.06896551724137931,0.3103448275862069,0.0,,0.03502141597379693,0.0611517126001585
594,202305020812,0,0,0,3,0,0,0,5,0,0,0,0,0,0,0,1,0,0,0,4,0,0,0,0,0,0,0,0,0,0,0,0,0,0,0,0,0.0,0.0,15.0,11.0,35.5,1.2,0.75,0.0,0.0,14.0,11.0,37.2,1.2,1.0,0.0,0.0,14.0,4.0,36.3,0.9,0.5,-3.5,0.0,0.0,0.04861111111111111,0.1527777777777778,7,13,194.2,15.0,1733,257,1428,0.0,0.0,11.0,11.0,38.1,2.5,0.08333333333333333,0.0,0.0,13.0,11.0,36.5,1.5,1.0,0.0,0.0,56.0,0.0,16.0,16.0,474.0,0.125,0.0,0.1875,0.08333333333333333,0.0,-0.28999999999999987,0.0,-2.653799999999997,-0.7110999999999947,-1.291400000000003,0.6822999999999979,-1.4110999999999976,0.3456073558887953,0.8772684879784534,0.0,1.0,0.0,0.04054054054054054,0.14864864864864866,0.0,,-0.031746031746031744,-0.2
595,202305020812,11,6,8,64,3,1,3,21,0,1,1,2,4,2,2,34,0,1,0,3,0,1,0,1,0,0,0,5,0,0,0,0,0,0,0,0,0.0,0.0,80.0,10.0,38.0,1.2,0.625,0.0,0.0,100.0,12.0,36.2,1.0,0.35714285714285715,0.0,0.0,90.0,6.0,34.5,0.6,0.6153846153846154,-2.0,-2.0,-400.0,0.125,0.28125,7,14,79.8,13.0,1716,1503,1167,0.0,0.0,90.0,10.0,35.7,1.2,1.0,0.0,0.0,20.0,4.0,35.3,0.3,0.18181818181818182,-1.4,0.0,58.0,57.0,16.0,16.0,498.0,-0.125,0.21428571428571427,0.0,-0.06666666666666667,0.0,0.5900000000000005,0.0,-1.0837999999999965,-0.4831999999999965,-1.4166000000000025,-1.1502999999999943,-0.6166000000000054,0.27748140234397295,1.1706408501329522,0.0,0.0,,0.046511627906976744,0.27906976744186046,0.0,,0.03502141597379693,0.016511867905056737
596,202305020812,3,2,2,30,3,2,6,43,0,0,0,1,1,1,0,10,3,0,1,23,0,0,0,0,0,0,0,0,1,0,0,2,0,0,0,0,0.0,0.0,30.0,16.0,41.4,5.2,0.75,0.0,0.0,10.0,1.0,37.0,0.0,0.1875,0.0,0.0,60.0,4.0,38.4,0.1,0.0625,-6.0,-8.0,-400.0,0.1056338028169014,0.29577464788732394,5,9,15.8,7.0,1586,1221,1167,0.0,0.0,40.0,1.0,36.1,0.0,0.625,0.0,0.0,50.0,5.0,37.1,0.8,0.875,-2.1999999999999997,0.4,58.0,57.0,16.0,16.0,464.0,0.25,0.0,0.0,-0.0625,-0.0625,0.9499999999999993,0.0,2.316200000000002,-1.0726000000000013,-1.2259000000000029,-1.5201999999999956,-0.9725999999999999,0.31868871959954903,1.8514858897652977,0.0,0.0,,0.07894736842105263,0.2236842105263158,0.0,,-0.06653620352250489,-0.024042553191489374
597,202305020812,2,5,8,41,1,1,1,2,0,0,1,1,2,1,1,12,0,0,1,1,0,0,1,1,0,0,0,2,0,0,0,0,0,0,0,0,0.0,0.0,15.0,12.0,36.1,1.5,0.875,0.0,0.0,12.0,9.0,35.3,0.8,0.8125,0.0,0.0,4.0,6.0,37.4,1.1,0.13333333333333333,-3.0,0.0,0.0,0.1511627906976744,0.27906976744186046,4,8,83.4,14.0,1691,1648,1167,0.0,0.0,9.0,13.0,37.6,1.3,0.375,0.0,0.0,7.0,4.0,35.1,0.2,0.625,-1.2,0.0,58.0,-518.0,16.0,16.0,526.0,0.0625,0.0,0.0,0.25,0.0,-0.030000000000000426,0.0,-2.1794999999999973,-2.3643,-0.8795000000000002,-0.5537999999999954,-3.1794999999999973,0.27690752567920174,1.0373041983911955,0.0,5.0,0.0,0.16666666666666666,0.4166666666666667,0.0,,-0.0021298174442190843,0.041666666666666685
598,202305020812,1,0,0,4,0,0,0,7,0,0,0,0,0,0,0,1,0,0,0,1,0,0,0,0,0,0,0,0,0,0,0,0,0,0,0,0,0.0,0.0,60.0,10.0,39.2,1.6,0.07692307692307693,0.0,0.0,5.0,5.0,37.1,0.4,0.06666666666666667,0.0,0.0,2.0,14.0,41.9,4.7,0.0625,2.0,-10.0,-400.0,0.125,0.125,1,2,12.9,6.0,32,102,664,0.0,0.0,3.0,3.0,38.4,0.3,0.06666666666666667,0.0,0.0,7.0,3.0,38.7,0.5,0.06666666666666667,-1.6,0.4,56.0,-580.0,16.0,13.0,502.0,0.0,0.0,0.0,0.0,0.0,-0.029999999999999714,0.0,-0.4258999999999986,-2.4467,2.274099999999997,-1.2259000000000029,-0.9258999999999986,0.004798709556977668,1.5806327846783381,0.0,0.0,,0.0,0.5,0.0,,-0.04545454545454547,-0.14285714285714288
599,202305020812,0,1,0,10,6,4,4,98,0,1,0,5,0,1,0,8,1,3,1,43,0,1,0,4,0,0,0,1,0,1,0,5,0,0,0,1,0.0,0.0,5.0,4.0,37.8,0.5,0.4,0.0,0.0,16.0,16.0,42.0,7.2,0.625,0.0,0.0,7.0,5.0,35.7,0.3,0.5714285714285714,0.5,0.0,200.0,0.07246376811594203,0.11594202898550725,6,12,224.4,16.0,1199,1013,351,0.0,0.0,8.0,5.0,35.8,0.8,0.875,0.0,0.0,14.0,5.0,35.8,0.5,0.625,-0.9,0.0,58.0,-95.0,16.0,10.0,522.0,-0.2,0.0,0.0,-0.125,0.0,1.0200000000000002,0.0,-0.021100000000004115,3.846200000000003,-2.579499999999996,-1.6341000000000037,-2.3537999999999997,0.15220488339935828,2.421900080515297,0.0,3.0,0.0,0.08823529411764706,0.21568627450980393,0.0,,-0.035653650254668934,-0.045033397974574424
600,202305020902,8,6,6,48,0,0,0,2,0,0,0,0,4,4,3,21,0,0,0,1,0,0,0,0,2,2,2,2,0,0,0,1,0,0,0,0,0.0,0.0,60.0,6.0,38.0,0.7,0.25,0.0,0.0,70.0,4.0,38.4,1.3,0.3125,0.0,0.0,90.0,3.0,38.2,0.8,0.0625,-1.5,0.0,0.0,0.06451612903225806,0.25806451612903225,3,6,8.4,3.0,1278,1414,625,,,,,,,,,,,,,,,-1.5,0.3333333333333333,54.0,27.0,16.0,16.0,474.0,0.0,0.0625,0.0,,,-0.10000000000000142,0.0,-0.27949999999999875,0.26619999999999777,-0.07949999999999591,,,0.10622957319984969,0.16329931618554464,0.0,3.0,0.3333333333333333,0.12359550561797752,0.29213483146067415,1.0,0.0,0.010563380281690127,0.07051282051282053
601,202305020902,2,1,1,16,4,1,4,19,0,1,0,0,1,1,0,9,3,1,1,3,0,1,0,0,0,1,0,3,1,1,0,0,0,1,0,0,0.0,0.0,40.0,3.0,38.9,1.6,0.25,0.0,0.0,10.0,5.0,37.8,1.0,0.25,0.0,0.0,30.0,3.0,36.6,0.5,0.06666666666666667,0.0,25.0,-200.0,0.05102040816326531,0.16326530612244897,8,15,4.0,2.0,1148,334,1393,0.0,0.0,20.0,2.0,36.7,0.0,0.375,0.0,0.0,40.0,2.0,38.4,0.9,0.1875,-0.5,0.8,56.0,-415.0,16.0,8.0,471.0,0.125,0.0,0.0,-0.0625,0.0,0.20999999999999944,0.0,1.6448999999999998,-0.4795000000000016,-1.0642999999999958,-1.453799999999994,0.12049999999999983,0.10022197585581939,0.9108238029388545,0.0,4.0,0.75,0.04597701149425287,0.28735632183908044,0.0,,-0.08345021037868161,-0.028531983433041863
602,202305020902,0,0,1,4,2,2,2,30,0,0,0,0,0,0,0,1,2,0,0,21,0,0,0,0,0,0,0,1,2,0,0,7,0,0,0,0,0.0,0.0,5.0,2.0,39.5,0.6,0.5,0.0,0.0,9.0,6.0,40.5,2.6,0.42857142857142855,0.0,0.0,8.0,8.0,40.0,1.3,0.2857142857142857,3.0,7.0,0.0,0.10416666666666667,0.2916666666666667,2,4,9.8,5.0,1064,1366,1556,0.0,0.0,2.0,7.0,38.7,1.3,0.5833333333333334,0.0,0.0,4.0,6.0,37.1,1.0,0.6875,0.9,0.2,56.0,-131.0,16.0,12.0,457.0,-0.08333333333333333,-0.07142857142857142,0.14285714285714285,-0.16666666666666666,-0.0625,0.6599999999999995,0.0,1.2205000000000013,1.1073999999999984,0.6073999999999984,-0.6925999999999988,-1.1794999999999973,0.13643812814529296,1.1892854997854798,1.0,2.0,0.5,0.0891089108910891,0.24752475247524752,0.0,,0.07142857142857142,-0.005916305916305931
603,202305020902,3,0,3,13,1,0,0,1,0,0,0,0,0,0,1,6,1,0,0,1,0,0,0,0,0,0,0,3,1,0,0,0,0,0,0,0,0.0,0.0,8.0,10.0,40.3,2.3,0.8181818181818182,0.0,0.0,4.0,12.0,38.2,2.6,0.5625,0.0,0.0,7.0,4.0,37.8,0.7,0.125,-3.0,-10.0,200.0,0.0,0.18181818181818182,6,12,26.8,7.0,1657,632,1317,0.0,0.0,8.0,7.0,37.6,1.5,0.6666666666666666,0.0,0.0,9.0,7.0,38.4,0.6,0.3125,-1.1,0.0,51.0,-173.0,16.0,11.0,550.0,-0.09090909090909091,0.0625,0.0,-0.06666666666666667,-0.0625,0.43999999999999984,0.0,2.478899999999996,0.046200000000006014,-0.35379999999999967,0.1822999999999979,0.488900000000001,0.24845886320153204,0.9624967532412761,-3.0,2.0,0.0,0.07407407407407407,0.25925925925925924,0.0,,-0.0393939393939394,
604,202305020902,0,0,0,2,2,3,4,19,0,0,0,0,0,0,0,0,0,1,2,9,0,0,0,0,0,0,0,0,0,1,1,8,0,0,0,0,0.0,0.0,150.0,8.0,39.0,2.6,0.6875,0.0,0.0,160.0,11.0,38.3,1.7,0.75,0.0,0.0,140.0,11.0,40.2,2.9,0.6,1.5,6.0,0.0,0.0,0.027777777777777776,5,9,683.2,16.0,1008,1110,1364,0.0,0.0,160.0,14.0,37.5,3.8,1.0,,,,,,,,1.8,0.0,56.0,14.0,16.0,16.0,482.0,0.0,0.0625,0.0,0.0,,0.25999999999999945,0.0,0.7205000000000013,0.4316999999999993,1.920500000000004,-0.16429999999999723,,0.14879069821396768,0.9912113800799518,0.0,3.0,0.0,0.015873015873015872,0.06349206349206349,0.0,,,0.048961069978504884
605,202305020902,0,2,2,16,0,0,0,25,0,0,0,0,0,1,2,6,0,0,0,14,0,0,0,0,0,0,0,1,0,0,0,5,0,0,0,0,0.0,0.0,12.0,10.0,37.2,2.4,0.9230769230769231,0.0,0.0,14.0,12.0,36.2,1.5,1.0,0.0,0.0,12.0,,,,,2.0,-4.0,0.0,0.03529411764705882,0.17647058823529413,7,13,115.4,10.0,1677,1036,1167,0.0,0.0,10.0,9.0,36.9,1.2,0.6875,0.0,0.0,10.0,6.0,35.8,1.6,0.625,-1.5,0.0,56.0,-155.0,16.0,13.0,450.0,-0.07692307692307693,0.0,,-0.125,0.0,0.35000000000000214,0.0,-1.079499999999996,-2.079499999999996,,-1.3795000000000002,-1.6341000000000037,0.15661477391211973,0.5539629951540096,0.0,3.0,0.0,0.07142857142857142,0.10714285714285714,0.0,,-0.10492845786963434,-0.0649867374005305
606,202305020902,1,4,5,27,3,2,6,43,0,0,3,3,1,0,1,10,3,0,1,23,0,0,0,1,1,0,0,5,1,0,0,4,0,0,0,1,0.0,0.0,9.0,11.0,42.4,3.4,0.09090909090909091,0.0,0.0,13.0,8.0,39.2,2.1,0.6153846153846154,0.0,0.0,13.0,12.0,41.4,3.0,0.2857142857142857,0.5,-28.0,0.0,0.03636363636363636,0.07272727272727272,1,2,137.3,11.0,1605,1221,1,0.0,0.0,11.0,8.0,39.5,2.2,0.7272727272727273,0.0,0.0,10.0,10.0,35.7,1.1,1.0,-0.2,0.0,54.0,-433.0,16.0,11.0,420.0,0.5454545454545454,0.07692307692307693,0.42857142857142855,-0.18181818181818182,-0.08333333333333333,1.3099999999999994,0.0,4.1205,-0.19259999999999877,2.007399999999997,0.29059999999999775,-0.19769999999999754,0.3220631722217088,2.300086954878009,2.0,1.0,0.0,0.017241379310344827,0.05172413793103448,0.0,,0.056687605331699115,-0.024042553191489374
607,202305020902,4,2,6,19,0,2,0,0,0,0,0,0,2,0,3,9,0,2,0,0,0,0,0,0,1,0,0,4,0,2,0,0,0,0,0,0,0.0,0.0,1.0,3.0,37.7,0.6,0.2727272727272727,0.0,0.0,14.0,10.0,37.1,1.7,0.4375,0.0,0.0,11.0,3.0,35.6,0.5,0.25,0.0,23.0,100.0,0.018867924528301886,0.11320754716981132,6,11,181.8,13.0,1020,1321,1576,0.0,0.0,10.0,13.0,37.0,2.4,0.6153846153846154,0.0,0.0,10.0,5.0,36.3,0.7,0.5833333333333334,0.7,0.4,54.0,-402.0,16.0,11.0,475.0,-0.18181818181818182,0.125,0.0,0.23076923076923078,-0.08333333333333333,0.29000000000000126,0.0,0.8719000000000037,1.9468999999999994,-0.8410999999999973,1.0775000000000006,-0.14110000000000156,0.1516927975079066,0.7227724399837068,0.0,0.0,,0.0,0.04878048780487805,0.0,,0.16294117647058826,
608,202305020902,2,3,4,35,1,3,1,13,0,0,0,0,1,0,3,10,0,1,1,4,0,0,0,0,1,0,1,1,0,0,0,1,0,0,0,0,0.0,0.0,10.0,11.0,41.0,3.0,0.6428571428571429,0.0,0.0,8.0,9.0,37.8,1.0,0.25,0.0,0.0,9.0,11.0,36.9,1.7,0.8125,0.0,-2.0,-300.0,0.07017543859649122,0.2222222222222222,4,8,53.3,8.0,1503,848,1263,0.0,0.0,10.0,11.0,35.9,1.9,0.9375,0.0,0.0,8.0,11.0,36.6,1.8,0.375,0.2,0.0,54.0,-70.0,16.0,14.0,428.0,0.21428571428571427,0.0625,0.0,-0.1875,0.1875,1.0699999999999996,0.0,1.6073999999999984,-0.35379999999999967,0.5383999999999958,0.44079999999999586,1.1407999999999987,0.2584416604124318,1.7872884490199115,0.0,1.0,0.0,0.11363636363636363,0.25,0.0,,-0.017174959871589096,0.0009746588693957114
609,202305020902,0,0,0,2,2,0,0,3,0,0,0,0,0,0,0,2,2,0,0,2,0,0,0,0,0,0,0,2,1,0,0,0,0,0,0,0,0.0,0.0,10.0,1.0,37.8,0.0,0.8,0.0,0.0,40.0,8.0,38.4,1.9,0.5333333333333333,0.0,0.0,40.0,11.0,38.3,1.7,0.125,5.0,21.0,0.0,0.15384615384615385,0.35096153846153844,7,14,1.9,1.0,1381,1520,548,0.0,0.0,10.0,10.0,37.9,1.0,0.25,0.0,0.0,10.0,6.0,38.5,0.6,0.375,1.2000000000000002,0.2,56.0,-419.0,16.0,10.0,513.0,-0.7,0.0,0.0,0.0,-0.125,-0.09000000000000057,0.0,0.13569999999999993,0.488900000000001,1.0448999999999984,-0.25379999999999825,1.0822999999999965,0.23458000293669062,0.27856776554368295,0.0,2.0,0.5,0.06,0.18,0.0,,,-0.06363636363636366
610,202305020902,0,0,2,31,2,0,2,10,0,0,0,0,0,0,0,10,1,0,2,3,0,0,0,0,0,0,0,4,0,0,0,0,0,0,0,0,0.0,0.0,10.0,20.0,38.7,0.3,0.2222222222222222,0.0,0.0,110.0,140.0,36.8,2.2,0.875,0.0,0.0,120.0,110.0,36.5,1.2,0.8125,45.0,10.0,0.0,0.027210884353741496,0.08163265306122448,5,10,170.2,12.0,1127,322,1328,0.0,0.0,140.0,100.0,36.7,1.3,0.6875,0.0,0.0,80.0,80.0,39.4,4.1,0.25,8.0,0.0,56.0,-422.0,16.0,9.0,436.0,0.0,0.0,0.125,-0.0625,0.75,-0.12999999999999973,0.0,0.546200000000006,-0.4551000000000016,-1.6537999999999968,0.33840000000000003,3.483399999999996,0.27892125752841884,1.1923086848631106,0.0,2.0,0.0,0.05,0.15,0.0,,-0.00028462998102465886,-0.020270270270270285
611,202305020902,0,0,0,2,0,0,2,7,0,0,0,0,0,0,0,2,0,0,2,3,0,0,0,0,0,0,0,2,0,0,0,0,0,0,0,0,0.0,0.0,9.0,12.0,37.0,2.0,0.625,0.0,0.0,9.0,6.0,36.8,0.7,0.9,0.0,0.0,8.0,9.0,37.1,1.5,0.9333333333333333,-1.5,2.0,0.0,0.14432989690721648,0.35051546391752575,3,5,9.1,4.0,1540,939,1036,0.0,0.0,10.0,2.0,36.6,0.0,0.9333333333333333,0.0,0.0,12.0,7.0,37.5,1.5,0.25,-1.4,0.2,56.0,-539.0,16.0,16.0,488.0,0.1875,0.0,0.0,-0.06666666666666667,0.0,-0.08000000000000043,0.0,-1.2794999999999987,-1.1111000000000004,-0.8110999999999962,-1.3110999999999962,-0.4110999999999976,0.26570660511172844,0.3033150177620621,-2.0,1.0,0.0,0.09836065573770492,0.26229508196721313,0.0,,,0.12745098039215685
612,202305020902,0,1,0,6,0,0,0,0,0,0,0,0,0,1,0,3,0,0,0,0,0,0,0,0,0,0,0,1,0,0,0,0,0,0,0,0,0.0,0.0,13.0,12.0,38.2,2.1,0.8666666666666667,0.0,0.0,9.0,4.0,35.6,1.0,0.4166666666666667,0.0,0.0,6.0,3.0,38.0,0.1,0.42857142857142855,-4.5,-4.0,200.0,0.07142857142857142,0.11428571428571428,4,7,64.2,9.0,1397,1392,1428,0.0,0.0,10.0,11.0,38.8,1.8,0.1875,0.0,0.0,9.0,13.0,37.1,1.4,0.875,0.9,0.2,54.0,-106.0,16.0,15.0,458.0,-0.06666666666666667,-0.08333333333333333,0.0,-0.0625,-0.0625,-0.09999999999999928,0.0,0.28890000000000526,-0.8410999999999973,0.08890000000000242,0.5204999999999984,-1.0537999999999954,0.271923733805644,1.1128342194594836,0.0,2.0,0.0,0.017857142857142856,0.05357142857142857,0.0,,-0.023076923076923078,
613,202305020902,3,2,2,30,7,10,3,60,0,0,0,1,1,1,0,10,2,4,0,22,0,0,0,0,0,1,0,5,0,1,0,8,0,0,0,0,0.0,0.0,2.0,12.0,45.7,4.9,0.25,0.0,0.0,14.0,14.0,38.0,1.5,0.5,0.0,0.0,12.0,9.0,38.9,2.0,0.3333333333333333,-1.5,7.0,0.0,0.048484848484848485,0.1696969696969697,2,3,296.2,14.0,1586,1345,1167,0.0,0.0,12.0,10.0,39.4,2.4,0.5625,0.0,0.0,12.0,7.0,39.0,2.3,0.5625,-1.4,0.0,54.0,-418.0,16.0,12.0,481.0,0.5833333333333334,0.0,-0.06666666666666667,0.125,0.0,1.2000000000000006,0.0,8.035700000000006,-0.15379999999999683,1.3085999999999984,1.5788999999999973,1.1788999999999987,0.12733922324946773,2.7878306978724527,0.0,2.0,0.0,0.017543859649122806,0.05263157894736842,0.0,,-0.06653620352250489,-0.02467151904716891
614,202305020902,4,6,4,21,4,2,2,24,0,0,0,0,3,1,3,8,2,2,2,12,0,0,0,0,2,0,1,5,0,1,1,2,0,0,0,0,0.0,0.0,10.0,10.0,46.5,7.8,0.4,0.0,0.0,12.0,8.0,36.9,1.1,0.3125,0.0,0.0,11.0,7.0,35.8,0.8,0.07692307692307693,-1.5,34.0,-200.0,0.0625,0.19444444444444445,8,16,21.7,6.0,1426,1376,306,0.0,0.0,6.0,15.0,39.1,2.8,0.5,0.0,0.0,5.0,9.0,38.7,0.9,0.375,0.5,0.0,54.0,-397.0,16.0,10.0,474.0,0.6,0.0,0.0,0.125,0.0,1.3399999999999992,0.0,8.427399999999999,1.7468999999999966,-0.12250000000000227,0.9462000000000046,0.7889000000000053,0.1415186022857045,3.74699879903904,-1.0,1.0,0.0,0.04081632653061224,0.12244897959183673,0.0,,0.050843881856540096,0.07508296460176991
615,202305020902,0,0,0,2,2,2,2,30,0,0,0,0,0,0,0,0,2,0,0,21,0,0,0,0,0,0,0,0,2,0,0,7,0,0,0,0,0.0,0.0,80.0,9.0,40.7,2.9,0.75,0.0,0.0,150.0,16.0,38.2,3.8,1.0,0.0,0.0,160.0,13.0,41.0,4.4,0.625,2.0,7.0,0.0,0.014814814814814815,0.06666666666666667,1,1,663.8,15.0,1399,1366,1428,0.0,0.0,150.0,13.0,40.7,2.8,0.375,0.0,0.0,160.0,14.0,41.0,3.4,0.875,0.7,0.0,56.0,-434.0,16.0,12.0,447.0,0.0,0.0,0.25,0.3125,0.125,-0.30999999999999944,0.0,2.420500000000004,0.046200000000006014,5.262599999999999,1.0741000000000014,1.4532999999999987,0.21505813167606566,1.0684568311354457,0.0,2.0,0.0,0.046511627906976744,0.1511627906976744,0.0,,,-0.005916305916305931
616,202305020906,0,1,0,0,0,1,3,1,0,0,0,0,0,1,0,0,0,0,0,0,0,0,0,0,0,0,0,0,0,0,0,0,0,0,0,0,0.0,0.0,10.0,1.0,37.7,0.0,0.375,,,,,,,,,,,,,,,,,200.0,0.1864406779661017,0.3898305084745763,3,6,3.8,2.0,969,324,201,,,,,,,,,,,,,,,,1.0,56.0,42.0,16.0,16.0,534.0,0.0,,,,,,,-0.168299999999995,,,,,,,0.0,0.0,,0.08333333333333333,0.25,0.0,,,0.1777777777777778
617,202305020906,4,6,0,25,0,0,1,0,0,0,0,0,1,1,0,6,0,0,0,0,0,0,0,0,0,0,0,1,0,0,0,0,0,0,0,0,0.0,0.0,50.0,7.0,39.6,2.1,0.75,0.0,0.0,40.0,7.0,39.1,1.1,0.125,0.0,0.0,10.0,1.0,38.4,0.0,0.21428571428571427,-3.0,-4.0,-400.0,0.10204081632653061,0.3469387755102041,4,7,5.6,3.0,1463,75,1167,0.0,0.0,20.0,3.0,38.7,1.0,0.1,0.0,0.0,10.0,7.0,36.5,1.3,0.45454545454545453,-0.4,0.4,56.0,84.0,16.0,12.0,522.0,0.0,0.5,0.0,0.0,0.0,0.6600000000000001,0.0,-0.025900000000000034,-0.5259,-1.2259000000000029,-0.3837999999999937,1.0407999999999973,0.24503826446932866,1.0594338110519228,0.0,0.0,,0.0,0.0,0.0,,-0.03549135009809168,
618,202305020906,0,0,2,31,11,5,9,70,0,0,0,0,0,0,0,10,3,0,1,26,0,0,0,0,0,0,0,2,1,0,1,8,0,0,0,0,0.0,0.0,4.0,,,,,0.0,0.0,3.0,12.0,35.3,0.9,0.875,0.0,0.0,4.0,5.0,36.7,0.6,0.75,-7.0,6.0,-200.0,0.0,0.20833333333333334,6,11,25.7,6.0,1127,1167,1328,0.0,0.0,3.0,7.0,37.1,0.9,0.9375,0.0,0.0,2.0,3.0,36.4,1.0,0.5625,-2.5,0.25,54.0,-365.0,16.0,15.0,438.0,,0.0625,0.0625,0.0,-0.125,-0.3700000000000003,0.0,,-2.3643,-1.1210999999999984,-1.1794999999999973,-1.6726000000000028,0.14320549046737,0.6684870978560488,-2.0,2.0,0.0,0.04,0.2,0.0,,-0.00028462998102465886,0.019083827201908404
619,202305020906,0,0,0,0,0,0,0,0,0,0,0,0,0,0,0,0,0,0,0,0,0,0,0,0,0,0,0,0,0,0,0,0,0,0,0,0,0.0,0.0,10.0,1.0,38.3,0.0,0.125,0.0,0.0,70.0,4.0,35.6,1.4,1.0,,,,,,,,3.0,-4.0,0.0,0.14942528735632185,0.27586206896551724,5,10,3.1,1.0,338,967,324,,,,,,,,,,,,,,,3.0,0.5,56.0,27.0,16.0,16.0,530.0,0.0,-0.125,,,,2.6999999999999957,0.0,0.02049999999999841,-2.2682999999999964,,,,0.4375,1.3499999999999979,0.0,1.0,1.0,0.0,0.1111111111111111,0.0,,,
620,202305020906,4,3,1,28,0,0,0,5,0,0,0,0,1,1,1,9,0,0,0,1,0,0,0,0,0,0,0,5,0,0,0,0,0,0,0,0,0.0,0.0,80.0,11.0,39.2,1.5,0.5333333333333333,0.0,0.0,80.0,9.0,40.5,2.5,0.3333333333333333,0.0,0.0,50.0,4.0,39.9,1.3,0.5,-3.5,-2.0,-400.0,0.0,0.16666666666666666,6,12,27.8,7.0,1095,1574,1221,0.0,0.0,130.0,3.0,38.8,0.3,0.21428571428571427,0.0,0.0,80.0,1.0,40.2,0.0,0.2,-2.6,0.4,51.0,34.0,16.0,15.0,430.0,-0.06666666666666667,-0.08333333333333333,-0.25,0.0,-0.06666666666666667,-0.029999999999999714,0.0,0.1162000000000063,0.8740999999999985,0.2740999999999971,-0.8259000000000043,0.5741000000000014,0.13936688721393142,0.6305553108173786,-3.0,0.0,,0.03773584905660377,0.07547169811320754,0.0,,-0.06510651065106512,-0.16666666666666666
621,202305020906,1,2,1,8,0,0,0,1,0,0,0,1,0,2,1,2,0,0,0,1,0,0,0,1,0,0,1,0,0,0,0,0,0,0,0,0,0.0,0.0,10.0,1.0,36.8,0.0,0.4375,0.0,0.0,90.0,2.0,37.5,0.3,0.4375,,,,,,,,1.0,0.0,200.0,0.02666666666666667,0.18666666666666668,7,14,6.9,5.0,1401,1269,517,,,,,,,,,,,,,,,1.0,1.0,56.0,69.0,16.0,16.0,510.0,-0.25,0.0,,,,-0.7000000000000028,0.0,-1.1111000000000004,-0.4110999999999976,,,,0.0,0.3500000000000014,0.0,0.0,,0.07407407407407407,0.18518518518518517,0.0,,0.019047619047619035,
622,202305020906,1,0,1,35,8,10,8,73,0,0,0,3,1,0,1,18,3,3,4,27,0,0,0,0,0,0,0,0,0,1,1,13,0,0,0,0,0.0,0.0,8.0,3.0,13.1,0.6,0.75,0.0,0.0,13.0,6.0,37.1,0.8,0.8666666666666667,0.0,0.0,12.0,9.0,13.4,2.8,0.8571428571428571,3.0,0.0,-1600.0,0.03763440860215054,0.17204301075268819,2,3,261.2,15.0,1090,1556,1169,0.0,0.0,8.0,7.0,13.4,1.6,0.14285714285714285,0.0,0.0,7.0,6.0,13.4,1.6,0.09090909090909091,0.7,0.2,56.0,-456.0,16.0,12.0,484.0,-0.5,-0.13333333333333333,-0.07142857142857142,0.07142857142857142,0.09090909090909091,2.3099999999999996,0.0,,-2.2926,,,,0.3495094614270027,9.510709752694591,-1.0,0.0,,0.10784313725490197,0.2647058823529412,0.0,,-0.06184012066365008,-0.01480214466629387
623,202305020906,6,6,6,55,8,7,7,71,1,0,0,1,2,5,4,25,3,2,0,23,1,0,0,1,1,1,0,5,1,1,0,3,0,0,0,0,0.0,0.0,7.0,6.0,36.5,0.8,0.6666666666666666,0.0,0.0,7.0,10.0,36.2,0.9,0.9375,0.0,0.0,13.0,4.0,36.6,0.4,0.5625,-1.0,-6.0,250.0,0.06976744186046512,0.22093023255813954,4,8,94.3,12.0,1520,1294,695,0.0,0.0,8.0,13.0,37.4,1.9,0.6875,0.0,0.0,14.0,7.0,37.2,0.9,0.75,0.5,0.0,56.0,-336.0,16.0,15.0,452.0,0.0,0.0,0.0625,0.0625,-0.125,-0.2600000000000001,0.0,-1.3233000000000033,-1.6233000000000004,-0.8177000000000021,-0.511099999999999,-0.21770000000000067,0.12402396721781013,0.4489988864128723,-2.0,0.0,,0.016129032258064516,0.08064516129032258,0.0,,0.0023270846800258482,0.05268199233716475
624,202305020906,2,0,1,19,3,2,6,43,0,0,0,0,0,0,0,6,3,0,1,23,0,0,0,0,0,0,0,1,1,0,1,4,0,0,0,0,0.0,0.0,10.0,70.0,38.0,0.8,0.46153846153846156,0.0,0.0,140.0,140.0,36.3,3.1,1.0,0.0,0.0,160.0,90.0,36.1,1.8,0.9375,10.0,-10.0,400.0,0.03488372093023256,0.1744186046511628,3,5,362.0,16.0,1655,1221,239,0.0,0.0,130.0,110.0,36.4,1.6,0.9375,0.0,0.0,160.0,80.0,37.2,0.5,1.0,-1.0,0.0,56.0,-495.0,16.0,13.0,454.0,-0.07692307692307693,0.0,0.0,-0.0625,0.0,0.1499999999999993,0.0,1.5589000000000013,0.40229999999999677,-2.0537999999999954,-1.4211000000000027,-0.6210999999999984,0.2048009207981334,0.7071067811865481,1.0,1.0,0.0,0.018867924528301886,0.1509433962264151,0.0,,0.08336239972096267,-0.024042553191489374
625,202305020906,0,1,1,5,0,1,1,21,0,0,0,1,0,0,0,0,0,0,0,5,0,0,0,0,0,0,0,0,0,0,0,0,0,0,0,0,0.0,0.0,140.0,10.0,39.5,2.8,0.4666666666666667,0.0,0.0,110.0,11.0,39.3,2.3,0.46153846153846156,0.0,0.0,160.0,12.0,37.6,1.7,0.9375,1.0,2.0,-200.0,0.04819277108433735,0.1686746987951807,8,16,127.0,13.0,1434,1328,969,0.0,0.0,100.0,10.0,39.3,2.4,0.3,0.0,0.0,50.0,1.0,37.8,0.0,0.09090909090909091,-1.9,0.2,56.0,14.0,16.0,15.0,522.0,0.0,0.0,0.0,0.0,0.0,0.3400000000000006,0.0,1.4273999999999987,0.26129999999999853,-0.6794999999999973,1.3476,-0.2726000000000042,0.2791073969945224,0.822192191643778,0.0,1.0,0.0,0.0,0.047619047619047616,0.0,,-0.02167182662538697,0.08933002481389579
626,202305020906,0,0,0,3,1,0,0,7,0,0,0,0,0,0,0,2,1,0,0,4,0,0,0,0,0,0,0,0,1,0,0,0,0,0,0,0,0.0,0.0,20.0,3.0,37.6,1.1,0.5,0.0,0.0,20.0,1.0,38.6,0.0,0.125,,,,,,,,-2.0,2.0,0.0,0.2483221476510067,0.5100671140939598,7,13,6.3,4.0,1521,260,1313,,,,,,,,,,,,,,,-2.0,1.0,56.0,41.0,16.0,14.0,474.0,0.0,0.0,,,,-1.0,0.0,-0.5337999999999994,0.7317000000000036,,,,0.1875,0.5,0.0,1.0,1.0,0.2,0.2,1.0,1.0,0.0,-0.12987012987012986
627,202305020906,1,4,5,27,0,1,0,6,0,0,0,0,1,0,1,10,0,0,0,0,0,0,0,0,0,0,0,2,0,0,0,0,0,0,0,0,0.0,0.0,4.0,5.0,40.6,1.2,0.625,0.0,0.0,14.0,12.0,36.4,2.0,1.0,0.0,0.0,13.0,11.0,36.7,1.1,0.9375,3.0,2.0,0.0,0.0,0.25,2,4,170.5,14.0,1605,548,1,0.0,0.0,9.0,13.0,36.9,1.7,1.0,0.0,0.0,1.0,1.0,37.7,0.0,0.375,-0.7,0.2,56.0,-417.0,16.0,8.0,468.0,0.25,-0.0625,0.0,0.0,0.0,0.5299999999999997,0.0,2.3205000000000027,-1.7537999999999982,-1.579499999999996,-1.011099999999999,-0.12109999999999843,0.24874685927665496,1.5317963311093292,0.0,3.0,0.0,0.03125,0.15625,0.0,,0.056687605331699115,0.13032581453634084
628,202305020906,5,1,2,9,5,2,1,41,0,0,0,2,1,0,0,3,4,1,1,22,0,0,0,1,0,0,0,0,0,1,0,5,0,0,0,0,0.0,0.0,20.0,1.0,37.3,0.0,0.625,0.0,0.0,10.0,5.0,37.6,0.9,0.5625,0.0,0.0,30.0,3.0,38.2,0.8,0.3125,1.0,-6.0,200.0,0.019230769230769232,0.11538461538461539,1,2,43.4,10.0,1467,1393,336,,,,,,,,,,,,,,,1.0,0.6666666666666666,56.0,63.0,16.0,16.0,512.0,-0.0625,0.0,-0.125,,,-0.45000000000000284,0.0,-0.11770000000000636,-0.31109999999999616,0.28890000000000526,,,0.13501543121683043,0.3741657386773963,0.0,0.0,,0.09803921568627451,0.13725490196078433,0.0,,0.12021857923497267,-0.10199418363107604
629,202305020906,4,3,1,28,4,3,4,23,0,0,0,1,1,1,1,9,2,2,2,11,0,0,0,0,0,0,0,5,0,1,1,6,0,0,0,0,0.0,0.0,13.0,14.0,39.9,3.2,0.13333333333333333,0.0,0.0,11.0,13.0,38.0,1.6,0.625,0.0,0.0,7.0,13.0,37.4,1.8,0.21428571428571427,-0.5,0.0,200.0,0.15458937198067632,0.3526570048309179,5,9,36.6,8.0,1095,1228,1221,0.0,0.0,1.0,1.0,35.6,0.0,0.07142857142857142,0.0,0.0,2.0,2.0,35.1,0.2,0.07142857142857142,-3.6,0.4,56.0,-463.0,16.0,15.0,502.0,0.0,0.0,0.14285714285714285,0.0,0.0,1.1999999999999993,0.0,1.988900000000001,0.17669999999999675,0.9588999999999999,-0.29769999999999897,-0.797699999999999,0.20768620582673022,1.7285832349065509,-2.0,0.0,,0.0,0.125,0.0,,-0.06510651065106512,0.04344193817878028
630,202305020906,2,5,8,41,1,2,0,13,1,0,0,1,2,1,1,12,1,1,0,9,1,0,0,1,0,0,0,3,0,1,0,2,0,0,0,0,0.0,0.0,10.0,12.0,40.7,4.2,0.75,0.0,0.0,12.0,9.0,35.1,0.9,0.3125,0.0,0.0,9.0,8.0,35.3,1.6,1.0,-2.0,10.0,-300.0,0.037037037037037035,0.07407407407407407,8,15,65.0,11.0,1691,1542,1167,0.0,0.0,6.0,15.0,36.3,1.2,1.0,0.0,0.0,10.0,8.0,38.1,1.1,0.5833333333333334,-0.2,0.0,56.0,-386.0,16.0,12.0,508.0,0.25,-0.0625,0.0,-0.13333333333333333,-0.08333333333333333,0.4000000000000007,0.0,1.3074000000000012,0.025300000000001432,-0.15920000000000556,0.8407999999999944,-1.4466999999999999,0.26153924710792026,2.0899760764181026,1.0,0.0,,0.05128205128205128,0.1282051282051282,0.0,,-0.0021298174442190843,-0.1937062937062937
631,202305020906,1,0,2,18,0,0,0,1,0,0,0,0,0,0,0,4,0,0,0,0,0,0,0,0,0,0,0,0,0,0,0,0,0,0,0,0,0.0,0.0,1.0,9.0,40.6,1.7,0.1,0.0,0.0,11.0,9.0,38.2,1.1,0.4375,0.0,0.0,12.0,11.0,37.9,1.6,0.125,1.0,22.0,200.0,0.04639175257731959,0.15979381443298968,1,1,41.2,9.0,1204,305,1221,0.0,0.0,6.0,6.0,38.6,0.9,0.16666666666666666,0.0,0.0,13.0,12.0,38.9,1.3,0.26666666666666666,0.3,0.0,54.0,-492.0,16.0,10.0,500.0,0.0,-0.0625,0.0625,0.0,0.0,0.3000000000000007,0.0,2.688900000000004,0.3766999999999996,0.0788999999999973,0.7766999999999982,0.988900000000001,0.12308533625091171,0.9436100889668362,0.0,0.0,,0.020833333333333332,0.1875,0.0,,-0.10755148741418766,
632,202305020908,0,0,0,7,1,1,1,9,0,0,0,1,0,0,0,4,0,0,1,6,0,0,0,1,0,0,0,1,0,0,0,1,0,0,0,1,0.0,0.0,9.0,9.0,37.8,1.5,0.2727272727272727,0.0,0.0,6.0,14.0,37.7,1.7,0.5,0.0,0.0,5.0,7.0,36.6,0.4,0.2,-1.0,4.0,0.0,0.046153846153846156,0.15897435897435896,5,9,6.9,4.0,1507,1592,593,0.0,0.0,4.0,1.0,35.6,0.0,0.125,0.0,0.0,1.0,3.0,37.2,0.0,0.7333333333333333,-2.5,0.4,58.0,-161.0,16.0,11.0,502.0,-0.09090909090909091,-0.0625,0.0,0.0,-0.2,0.329999999999999,0.0,-0.4795000000000016,0.1086000000000027,-1.6794999999999973,-2.5537999999999954,-0.21770000000000067,0.22236292607070413,0.8109253973085312,0.0,3.0,0.3333333333333333,0.03488372093023256,0.27906976744186046,0.0,,-0.125,0.27350427350427353
633,202305020908,11,6,8,64,4,4,8,68,0,0,1,3,4,2,2,34,1,0,2,20,0,0,0,1,0,0,1,7,0,0,1,6,0,0,0,0,0.0,0.0,90.0,3.0,37.8,0.4,0.13333333333333333,0.0,0.0,60.0,10.0,37.0,0.9,0.8125,0.0,0.0,120.0,15.0,39.3,1.8,0.4375,6.0,6.0,0.0,0.25,0.5067567567567568,1,1,4.0,2.0,1716,1183,1167,0.0,0.0,50.0,15.0,39.6,3.5,0.9375,0.0,0.0,20.0,7.0,40.6,1.4,0.6875,1.3,0.2,58.0,28.0,16.0,15.0,504.0,0.06666666666666667,0.0,0.125,0.0,-0.1875,-0.820000000000001,0.0,-0.4795000000000016,-0.9110999999999976,2.616799999999998,1.5274,0.9741,0.2866666666666666,1.2924395537122817,3.0,1.0,1.0,0.01694915254237288,0.05084745762711865,0.0,,0.03502141597379693,-0.0538498326159732
634,202305020908,2,2,6,46,0,0,1,2,0,0,0,0,0,1,3,26,0,0,0,2,0,0,0,0,0,0,0,6,0,0,0,0,0,0,0,0,0.0,0.0,7.0,5.0,36.1,1.1,0.8666666666666667,0.0,0.0,10.0,4.0,35.7,0.8,0.9285714285714286,0.0,0.0,10.0,9.0,36.5,0.7,0.6,2.0,-2.0,0.0,0.14507772020725387,0.3471502590673575,5,10,7.4,5.0,1172,1472,1556,0.0,0.0,7.0,9.0,37.0,1.5,0.6428571428571429,0.0,0.0,8.0,7.0,36.1,1.0,0.6875,0.9,0.0,58.0,-372.0,16.0,15.0,536.0,0.0,-0.14285714285714285,0.0,0.14285714285714285,0.0,-0.12999999999999973,0.0,-2.1794999999999973,-1.734099999999998,-1.7794999999999987,-0.6642999999999972,-2.0537999999999954,0.12904696011077596,0.439999999999999,0.0,4.0,0.0,0.04,0.14666666666666667,0.0,,0.01460869565217393,-0.07777777777777778
635,202305020908,2,1,1,16,0,0,0,0,0,0,0,0,1,1,0,9,0,0,0,0,0,0,0,0,1,0,0,3,0,0,0,0,0,0,0,0,0.0,0.0,100.0,7.0,36.4,0.7,0.8666666666666667,0.0,0.0,15.0,7.0,36.6,0.7,0.6,0.0,0.0,13.0,10.0,37.3,1.2,0.3125,1.5,2.0,250.0,0.1553398058252427,0.35436893203883496,8,15,3.2,1.0,1148,707,1393,0.0,0.0,11.0,8.0,36.6,1.6,0.6875,0.0,0.0,13.0,16.0,38.4,2.2,0.4375,1.9,0.0,56.0,-546.0,16.0,15.0,472.0,-0.13333333333333333,0.13333333333333333,-0.0625,0.0,-0.0625,-0.4,0.0,-1.4233000000000047,-1.3110999999999962,-0.7726000000000042,-1.6794999999999973,0.12049999999999983,0.1928694146595336,0.7364781055808779,0.0,2.0,0.0,0.03333333333333333,0.2,0.0,,-0.08345021037868161,
636,202305020908,5,3,6,40,0,1,0,10,0,0,0,0,1,0,2,9,0,1,0,8,0,0,0,0,1,0,0,4,0,0,0,2,0,0,0,0,0.0,0.0,10.0,6.0,36.9,1.4,0.375,0.0,0.0,40.0,2.0,36.6,0.1,0.3125,0.0,0.0,20.0,5.0,37.3,0.8,0.5,-0.5,-2.0,0.0,0.1048951048951049,0.2937062937062937,8,16,4.5,3.0,1009,1561,298,0.0,0.0,10.0,6.0,36.8,0.5,0.6,0.0,0.0,10.0,4.0,37.4,1.1,0.26666666666666666,0.0,0.2,56.0,21.0,16.0,16.0,468.0,0.0,0.0,-0.25,0.06666666666666667,0.0,-0.11999999999999958,0.0,-1.3795000000000002,-1.2984000000000009,-0.6111000000000004,-1.023300000000006,-0.511099999999999,0.12285944995988075,0.3033150177620612,1.0,2.0,0.5,0.06666666666666667,0.18666666666666668,0.0,,0.11976875706924722,0.038112522686025385
637,202305020908,11,6,8,64,4,6,4,57,1,0,0,5,4,2,2,34,0,1,2,19,0,0,0,3,0,0,1,7,0,0,1,5,0,0,0,2,0.0,0.0,80.0,8.0,37.0,0.6,0.625,0.0,0.0,110.0,5.0,37.6,0.8,0.25,0.0,0.0,140.0,4.0,39.2,1.3,0.625,-2.0,-4.0,250.0,0.0,0.2,4,8,64.3,9.0,1716,1428,1167,0.0,0.0,100.0,11.0,36.2,0.8,1.0,0.0,0.0,180.0,8.0,32.4,0.6,0.8888888888888888,0.6,0.0,55.0,34.0,16.0,16.0,476.0,0.0625,0.0,-0.125,-0.125,,1.06,0.0,-0.873899999999999,-0.2984000000000009,0.9205000000000041,-1.6233000000000004,-1.1433999999999997,0.2595996442768017,2.2648620267027315,0.0,2.0,0.0,0.0,0.05,0.0,,0.03502141597379693,0.035063785856500246
638,202305020908,0,1,0,14,8,10,8,73,0,0,0,0,0,0,0,10,3,3,4,27,0,0,0,0,0,0,0,3,0,1,1,13,0,0,0,0,0.0,0.0,3.0,12.0,44.0,3.0,0.3333333333333333,0.0,0.0,14.0,12.0,40.3,2.3,0.7333333333333333,0.0,0.0,13.0,12.0,37.6,1.8,0.5714285714285714,0.0,26.0,0.0,0.03783783783783784,0.17297297297297298,7,13,155.8,13.0,1441,1556,1167,0.0,0.0,13.0,7.0,35.6,1.6,0.9375,0.0,0.0,12.0,6.0,36.2,1.1,0.7333333333333333,-1.7,0.0,56.0,-427.0,16.0,12.0,484.0,0.25,-0.26666666666666666,0.0,0.0,-0.06666666666666667,2.029999999999999,0.0,5.846200000000003,0.6740999999999957,-0.4725999999999999,-2.5537999999999954,-1.8725999999999985,0.2011476426649337,3.08907753220925,2.0,2.0,0.0,0.0,0.11627906976744186,0.0,,0.065343258891646,-0.01480214466629387
639,202305020908,11,6,8,64,4,4,8,68,0,0,1,3,4,2,2,34,1,0,2,20,0,0,0,1,0,0,1,7,0,0,1,6,0,0,0,0,0.0,0.0,7.0,2.0,36.9,0.2,1.0,0.0,0.0,16.0,15.0,37.1,2.4,0.5625,0.0,0.0,13.0,12.0,37.3,1.3,0.5625,5.0,0.0,200.0,0.06521739130434782,0.2608695652173913,6,11,23.2,7.0,1716,1183,1167,0.0,0.0,11.0,8.0,35.9,1.2,0.9285714285714286,0.0,0.0,11.0,10.0,36.8,1.8,0.4375,0.9,0.2,58.0,-503.0,16.0,12.0,476.0,0.0,-0.125,0.0,-0.07142857142857142,0.0,0.14000000000000057,0.0,-0.9211000000000027,-1.1794999999999973,-0.6111000000000004,-2.011099999999999,-1.4795000000000016,0.22313570045227307,0.48166378315169184,2.0,2.0,0.0,0.03225806451612903,0.12903225806451613,0.0,,0.03502141597379693,-0.0538498326159732
640,202305020908,0,1,0,0,0,1,0,0,0,1,0,0,0,1,0,0,0,1,0,0,0,1,0,0,0,1,0,0,0,1,0,0,0,1,0,0,0.0,0.0,40.0,11.0,38.0,1.3,0.07692307692307693,0.0,0.0,20.0,8.0,36.7,2.6,0.75,0.0,0.0,40.0,3.0,37.2,0.6,0.125,-4.0,10.0,0.0,0.06293706293706294,0.1958041958041958,3,6,12.9,6.0,217,945,556,0.0,0.0,40.0,2.0,36.3,0.1,0.06666666666666667,0.0,0.0,60.0,2.0,36.4,0.3,0.0625,-2.4,0.6,58.0,203.0,16.0,13.0,566.0,0.0,0.0,-0.0625,0.0,0.0,0.3600000000000009,0.0,-0.27949999999999875,-0.8913999999999973,-1.079499999999996,-1.8338000000000036,-1.1914000000000016,0.2678215254488595,0.6241794613730903,1.0,3.0,0.6666666666666666,0.05405405405405406,0.10810810810810811,1.0,1.0,,
641,202305020908,1,2,2,30,1,1,1,8,0,0,0,1,0,1,0,15,1,1,1,3,0,0,0,0,0,1,0,5,0,0,1,0,0,0,0,0,0.0,0.0,14.0,13.0,37.6,1.6,0.75,0.0,0.0,11.0,10.0,37.2,1.8,0.25,0.0,0.0,8.0,5.0,37.5,0.6,0.5625,-4.0,-2.0,-200.0,0.02127659574468085,0.1276595744680851,2,3,112.2,11.0,1431,1541,1428,0.0,0.0,15.0,4.0,36.5,0.4,0.75,0.0,0.0,15.0,10.0,37.9,0.9,0.9333333333333333,-1.2,0.0,56.0,-7.0,16.0,16.0,438.0,0.0625,-0.0625,0.0,-0.25,0.0,0.010000000000000852,0.0,-0.4725999999999999,-0.953799999999994,-0.6537999999999968,-1.0914000000000001,-0.37950000000000017,0.23148674068099692,0.47581509013481244,0.0,3.0,0.0,0.08196721311475409,0.22950819672131148,0.0,,-0.03118137900746598,0.0367965367965368
642,202305020908,5,1,2,9,5,2,1,41,0,0,0,2,1,0,0,3,4,1,1,22,0,0,0,1,0,0,0,0,0,1,0,5,0,0,0,0,0.0,0.0,140.0,8.0,37.3,1.0,0.9333333333333333,0.0,0.0,60.0,12.0,34.9,1.1,1.0,0.0,0.0,90.0,12.0,40.9,2.9,0.25,2.0,-12.0,0.0,0.04878048780487805,0.17073170731707318,1,2,116.2,12.0,1467,1393,336,0.0,0.0,130.0,10.0,39.8,3.1,0.125,0.0,0.0,150.0,12.0,38.4,1.7,0.6875,0.6,0.0,58.0,28.0,16.0,15.0,480.0,-0.13333333333333333,0.0,0.125,0.0,0.0625,-0.7100000000000002,0.0,-0.9795000000000016,-1.338799999999999,1.507399999999997,1.8476,0.12049999999999983,0.3540872459970533,2.0771133815947556,0.0,2.0,0.0,0.1,0.3,0.0,,0.12021857923497267,-0.10199418363107604
643,202305020908,1,0,1,3,2,0,2,10,0,0,0,0,0,0,1,3,1,0,2,3,0,0,0,0,0,0,0,1,0,0,1,0,0,0,0,0,0.0,0.0,4.0,6.0,40.5,1.2,0.18181818181818182,0.0,0.0,15.0,15.0,43.0,6.6,0.6,0.0,0.0,15.0,11.0,37.3,1.3,0.875,2.5,10.0,100.0,0.014925373134328358,0.06716417910447761,7,14,58.6,8.0,1629,322,1428,0.0,0.0,8.0,12.0,36.4,2.1,0.8125,0.0,0.0,13.0,8.0,36.7,0.9,0.8125,0.1,0.0,58.0,-421.0,16.0,11.0,520.0,0.09090909090909091,0.26666666666666666,-0.0625,-0.0625,-0.0625,1.4199999999999995,0.0,3.065899999999999,3.3740999999999985,-0.7726000000000042,-1.7537999999999982,-1.579499999999996,0.2549232180626904,2.5670216204777083,2.0,2.0,0.0,0.03896103896103896,0.18181818181818182,0.0,,0.09957325746799428,-0.020270270270270285
644,202305020908,0,1,0,10,4,4,8,68,0,0,0,0,0,1,0,8,1,0,2,20,0,0,0,0,0,0,0,1,0,0,1,6,0,0,0,0,0.0,0.0,50.0,3.0,36.5,1.1,0.7692307692307693,0.0,0.0,110.0,13.0,38.3,2.6,0.8125,0.0,0.0,90.0,7.0,37.2,1.1,0.75,2.0,-6.0,250.0,0.02702702702702703,0.1891891891891892,4,7,85.1,10.0,1199,1183,351,0.0,0.0,120.0,13.0,38.3,2.0,0.25,0.0,0.0,50.0,12.0,39.3,2.8,0.3076923076923077,1.8,0.2,58.0,28.0,16.0,13.0,500.0,0.0,-0.0625,0.0,0.125,0.15384615384615385,-0.5599999999999994,0.0,-1.3233000000000033,0.40159999999999485,-0.7110999999999947,0.708599999999997,1.3888999999999996,0.24568013312160772,0.9724196624914557,0.0,1.0,0.0,0.014492753623188406,0.043478260869565216,0.0,,-0.035653650254668934,-0.0538498326159732
645,202305020908,3,1,3,13,0,0,0,0,0,0,0,0,1,1,2,6,0,0,0,0,0,0,0,0,0,1,1,0,0,0,0,0,0,0,0,0,0.0,0.0,100.0,7.0,37.8,1.7,0.46153846153846156,0.0,0.0,160.0,13.0,39.1,1.7,0.375,0.0,0.0,160.0,14.0,39.9,3.0,0.0625,3.5,-4.0,250.0,0.0273972602739726,0.0821917808219178,6,12,248.8,16.0,1601,1009,239,0.0,0.0,160.0,15.0,40.6,3.3,0.0625,0.0,0.0,160.0,16.0,44.3,6.1,0.375,2.0,0.0,58.0,28.0,16.0,13.0,462.0,0.0,0.0,0.0625,0.0,0.625,-1.45,0.0,-0.023300000000006094,1.2261000000000024,2.0317000000000007,2.3205000000000027,4.674099999999996,0.17018415886619437,2.187784267243916,3.0,1.0,0.0,0.017857142857142856,0.08928571428571429,0.0,,-0.08114035087719298,
646,202305020908,3,5,2,32,4,2,2,24,0,0,0,1,2,2,0,7,2,2,2,12,0,0,0,1,1,1,0,4,2,0,0,5,0,0,0,1,0.0,0.0,,,,,,0.0,0.0,150.0,15.0,38.4,3.9,0.5,0.0,0.0,140.0,7.0,36.8,1.7,0.625,-8.0,,-200.0,0.02926829268292683,0.13170731707317074,2,4,226.5,15.0,1152,1376,1428,0.0,0.0,90.0,8.0,37.9,0.8,0.4375,0.0,0.0,140.0,5.0,36.3,0.6,0.875,-2.9,0.0,56.0,-433.0,16.0,7.0,,,0.1875,0.125,0.0,-0.125,0.5200000000000002,0.0,,0.24620000000000175,-1.4795000000000016,-0.25379999999999825,-1.291400000000003,0.16755945773068137,0.8381527307120111,2.0,3.0,0.0,0.03614457831325301,0.12048192771084337,0.0,,-0.0014982876712328896,0.07508296460176991
647,202305020908,0,2,0,12,6,4,4,98,0,0,0,0,0,2,0,7,1,3,1,43,0,0,0,0,0,0,0,2,0,0,0,13,0,0,0,0,0.0,0.0,14.0,,,,0.8125,0.0,0.0,9.0,6.0,36.9,1.3,0.375,0.0,0.0,11.0,5.0,36.7,1.0,0.3333333333333333,-1.0,2.0,0.0,,,3,5,174.6,14.0,1042,1013,488,0.0,0.0,3.0,5.0,39.3,1.6,1.0,0.0,0.0,7.0,8.0,38.1,0.9,0.1875,0.6,0.0,58.0,0.0,16.0,16.0,498.0,-0.0625,0.0,0.0,-0.3333333333333333,0.0,-0.6200000000000003,0.0,,-0.5177000000000049,-1.1210999999999984,1.6357,0.18890000000000384,0.3098498740429701,1.0428326807307091,0.0,2.0,0.0,,,0.0,,-0.09496890898812888,-0.045033397974574424
648,202305021001,0,0,0,2,1,0,0,1,0,0,0,0,0,0,0,2,0,0,0,0,0,0,0,0,0,0,0,2,0,0,0,0,0,0,0,0,0.0,0.0,80.0,8.0,39.6,1.4,0.5,0.0,0.0,110.0,9.0,38.7,2.1,0.5,0.0,0.0,3.0,13.0,38.1,2.0,0.06666666666666667,2.5,-6.0,0.0,0.0374331550802139,0.1711229946524064,6,11,2.0,1.0,1381,1332,548,0.0,0.0,3.0,7.0,37.7,0.9,0.875,0.0,0.0,3.0,10.0,37.7,0.9,0.375,0.2,0.0,54.0,-567.0,16.0,16.0,486.0,-0.1875,0.0,0.0,-0.0625,0.0,0.4799999999999997,0.0,1.3205000000000027,0.4205000000000041,-0.05379999999999541,-0.5794999999999959,0.1086000000000027,0.25973276865099465,0.7199999999999996,-2.0,4.0,0.0,0.031746031746031744,0.14285714285714285,0.0,,,
649,202305021001,4,6,4,21,0,0,0,0,0,0,0,0,3,1,3,8,0,0,0,0,0,0,0,0,2,0,1,5,0,0,0,0,0,0,0,0,0.0,0.0,,,,,,0.0,0.0,40.0,5.0,37.7,0.7,0.3333333333333333,0.0,0.0,10.0,4.0,35.6,0.8,0.36363636363636365,-1.0,11.0,-100.0,0.050761421319796954,0.16751269035532995,5,10,5.9,3.0,1426,1396,306,0.0,0.0,20.0,3.0,35.1,0.9,0.5,0.0,0.0,10.0,7.0,36.9,1.0,0.375,0.5,0.25,54.0,-409.0,16.0,7.0,461.0,,0.0,0.0,0.08333333333333333,0.0,0.29000000000000126,0.0,,-0.21109999999999474,-0.674199999999999,-1.174199999999999,-1.3795000000000002,0.0636304448005013,1.0304731922762476,1.0,1.0,0.0,0.0967741935483871,0.25806451612903225,0.0,,0.050843881856540096,
650,202305021001,0,0,0,0,3,2,6,43,0,0,0,0,0,0,0,0,3,0,1,23,0,0,0,0,0,0,0,0,1,0,0,4,0,0,0,0,0.0,0.0,13.0,12.0,38.3,2.8,0.625,0.0,0.0,5.0,11.0,38.1,2.2,0.3125,0.0,0.0,5.0,3.0,37.3,1.3,0.625,-4.5,0.0,-200.0,0.0,0.19230769230769232,3,5,10.7,5.0,1632,1221,1167,0.0,0.0,16.0,4.0,38.1,0.3,0.375,0.0,0.0,4.0,6.0,41.5,1.7,0.15384615384615385,-1.9,0.2,54.0,-34.0,16.0,16.0,498.0,0.0,0.1875,-0.0625,0.0,0.07692307692307693,-0.6400000000000006,0.0,0.22739999999999583,-0.05379999999999541,-0.8537999999999997,-0.17949999999999733,3.4273999999999987,0.18355061536907705,1.4609585894199744,0.0,3.0,0.3333333333333333,0.06578947368421052,0.18421052631578946,0.0,,,-0.024042553191489374
651,202305021001,19,15,6,94,3,2,3,50,0,0,0,6,11,6,2,52,2,1,1,17,0,0,0,1,2,0,0,6,1,0,0,3,0,0,0,0,0.0,0.0,9.0,9.0,40.5,3.1,0.3,0.0,0.0,2.0,7.0,36.7,1.7,0.75,0.0,0.0,5.0,10.0,39.0,1.9,0.1875,0.5,18.0,400.0,0.03424657534246575,0.18493150684931506,4,8,5.2,2.0,1576,1559,1577,0.0,0.0,2.0,4.0,38.1,1.4,0.25,0.0,0.0,5.0,3.0,38.7,1.1,0.625,-1.5,0.2,54.0,-151.0,16.0,10.0,480.0,0.1,-0.08333333333333333,0.0,0.0625,-0.0625,0.21999999999999958,0.0,4.2258,0.2589000000000041,1.4085999999999999,-0.05379999999999541,0.4205000000000041,0.22282279955157194,1.2361229712289945,0.0,2.0,0.5,0.0,0.18181818181818182,0.0,,-0.03389267477838315,0.07049897869857018
652,202305021001,0,0,0,2,3,2,3,50,0,0,0,0,0,0,0,2,2,1,1,17,0,0,0,0,0,0,0,2,1,0,0,3,0,0,0,0,0.0,0.0,5.0,,,,0.5384615384615384,0.0,0.0,5.0,12.0,41.0,2.4,0.13333333333333333,0.0,0.0,2.0,1.0,37.4,0.0,0.06666666666666667,-11.0,-8.0,-300.0,0.0,0.24,4,7,7.9,4.0,1381,1559,548,0.0,0.0,6.0,3.0,37.0,0.4,0.06666666666666667,0.0,0.0,4.0,5.0,37.6,1.5,0.4375,-1.9,0.5,54.0,-175.0,16.0,13.0,462.0,0.23076923076923078,0.0,0.0,0.0,0.0625,1.0599999999999994,0.0,,1.6073999999999984,-1.1775999999999982,-0.25509999999999877,-0.5537999999999954,0.19959397477529453,1.6023420358962064,4.0,1.0,0.0,0.039473684210526314,0.21052631578947367,0.0,,,0.07049897869857018
653,202305021001,1,0,0,0,0,0,0,4,0,0,0,0,1,0,0,0,0,0,0,2,0,0,0,0,1,0,0,0,0,0,0,2,0,0,0,0,0.0,0.0,120.0,11.0,36.3,1.3,0.5,0.0,0.0,90.0,13.0,36.8,2.0,0.9411764705882353,0.0,0.0,130.0,6.0,35.2,0.7,0.17647058823529413,-2.5,-10.0,200.0,0.020833333333333332,0.125,5,9,110.6,11.0,1676,1691,1428,,,,,,,,,,,,,,,-2.5,0.0,54.0,36.0,16.0,16.0,400.0,0.0625,0.0,0.11764705882352941,,,0.5499999999999972,0.0,1.1468999999999951,0.8833999999999946,0.12530000000000285,,,0.3134189679048192,0.6683312551921115,0.0,0.0,,0.08064516129032258,0.22580645161290322,0.0,,,-0.20833333333333331
654,202305021001,2,1,0,27,1,0,0,25,0,0,0,1,0,1,0,17,0,0,0,9,0,0,0,1,0,0,0,11,0,0,0,2,0,0,0,0,0.0,0.0,6.0,8.0,39.7,1.3,0.8,0.0,0.0,5.0,6.0,40.1,1.8,0.5,0.0,0.0,8.0,6.0,34.6,1.4,0.6666666666666666,-1.0,13.0,200.0,0.020833333333333332,0.07291666666666667,2,3,26.1,7.0,1333,1306,1294,0.0,0.0,7.0,7.0,37.1,1.7,0.8125,0.0,0.0,12.0,8.0,36.4,0.8,0.4375,0.1,0.0,54.0,-425.0,16.0,10.0,459.0,0.1,0.0,0.0,0.0,-0.25,0.9600000000000009,0.0,1.8789000000000016,0.7073999999999998,-1.297699999999999,-1.0537999999999954,1.3252999999999986,0.1527206964072359,2.066301042926708,0.0,1.0,0.0,0.0625,0.1875,0.0,,-0.10158730158730159,-0.08709065021357382
655,202305021001,1,2,1,4,1,1,1,9,0,0,0,0,0,0,0,2,0,0,1,6,0,0,0,0,0,0,0,2,0,0,0,1,0,0,0,0,0.0,0.0,7.0,7.0,40.0,1.8,0.9166666666666666,0.0,0.0,15.0,8.0,37.5,1.9,0.6875,0.0,0.0,14.0,13.0,41.9,3.8,0.7857142857142857,3.0,7.0,-350.0,0.03571428571428571,0.07142857142857142,1,2,405.3,15.0,1089,1199,1428,0.0,0.0,15.0,16.0,40.9,4.8,0.6666666666666666,,,,,,,,3.2,0.0,54.0,-433.0,16.0,12.0,417.0,-0.25,0.0,-0.07142857142857142,0.05555555555555555,,-0.7099999999999994,0.0,,-0.6537999999999968,2.274099999999997,4.734200000000001,,0.09887438257874887,1.6315253599009725,0.0,1.0,0.0,0.2222222222222222,0.3333333333333333,0.0,,0.07936507936507936,0.03529411764705881
656,202305021001,1,1,1,20,0,0,0,3,0,0,0,0,1,0,0,8,0,0,0,0,0,0,0,0,1,0,0,3,0,0,0,0,0,0,0,0,0.0,0.0,2.0,2.0,40.3,0.5,0.21428571428571427,0.0,0.0,15.0,10.0,37.0,1.3,0.5,0.0,0.0,8.0,9.0,38.1,2.4,0.6875,3.5,12.0,-200.0,0.04790419161676647,0.16766467065868262,8,15,63.3,8.0,1317,1236,1186,0.0,0.0,7.0,10.0,38.1,1.1,0.8125,0.0,0.0,12.0,6.0,38.0,1.8,0.8125,0.8,0.2,54.0,-414.0,16.0,14.0,460.0,-0.07142857142857142,0.0625,0.0,-0.125,-0.125,0.3499999999999993,0.0,2.3832999999999984,-1.2794999999999987,-0.05379999999999541,0.6822999999999979,0.08890000000000242,0.226539517659115,1.0825894882179474,0.0,2.0,0.0,0.039473684210526314,0.15789473684210525,0.0,,-0.09243697478991597,0.0
657,202305021001,2,5,8,41,0,0,0,25,0,0,0,0,2,1,1,12,0,0,0,14,0,0,0,0,0,1,0,4,0,0,0,5,0,0,0,0,0.0,0.0,6.0,12.0,42.0,4.3,0.3333333333333333,0.0,0.0,9.0,10.0,39.9,2.7,0.125,0.0,0.0,10.0,8.0,40.9,2.1,0.1875,-2.0,23.0,-300.0,0.06936416184971098,0.21965317919075145,7,13,89.5,9.0,1691,1036,1167,0.0,0.0,14.0,12.0,37.6,2.2,0.4375,0.0,0.0,12.0,12.0,36.6,2.0,0.875,0.2,0.0,54.0,-388.0,16.0,12.0,441.0,0.6666666666666666,0.0,0.0,0.125,0.0625,1.3099999999999994,0.0,2.6073999999999984,1.7462000000000018,1.3532999999999973,2.1407999999999987,1.5253000000000014,0.2652959563288601,2.0169283576765924,0.0,1.0,0.0,0.038461538461538464,0.1794871794871795,0.0,,-0.0021298174442190843,-0.0649867374005305
658,202305021001,1,0,2,18,1,0,0,7,0,0,0,0,0,0,0,4,1,0,0,4,0,0,0,0,0,0,0,4,0,0,0,0,0,0,0,0,0.0,0.0,12.0,11.0,38.0,2.8,0.875,0.0,0.0,14.0,10.0,37.7,2.0,0.625,0.0,0.0,10.0,12.0,39.4,2.4,0.75,0.5,2.0,0.0,0.034482758620689655,0.1724137931034483,1,1,136.1,12.0,1204,260,1221,0.0,0.0,15.0,8.0,38.8,0.7,0.5,,,,,,,,-0.7,0.0,54.0,0.0,16.0,16.0,484.0,0.0,0.0,0.125,0.0,,-0.4099999999999987,0.0,-0.15379999999999683,-0.21109999999999474,1.5788999999999973,0.8888999999999996,,0.13975424859373686,0.6684870978560452,0.0,1.0,0.0,0.0425531914893617,0.14893617021276595,0.0,,-0.10755148741418766,-0.12987012987012986
659,202305021001,4,6,4,21,3,5,6,36,0,1,0,0,3,1,3,8,1,1,2,14,0,0,0,0,2,0,1,5,0,0,0,9,0,0,0,0,0.0,0.0,1.0,12.0,41.9,3.7,0.8333333333333334,0.0,0.0,7.0,14.0,39.2,2.6,0.6666666666666666,0.0,0.0,6.0,12.0,38.8,2.9,0.5625,0.0,4.0,200.0,0.15311004784688995,0.3492822966507177,8,16,13.4,6.0,1426,1618,306,0.0,0.0,7.0,4.0,39.4,2.1,0.14285714285714285,0.0,0.0,13.0,11.0,38.8,2.7,1.0,-1.2,0.0,54.0,-172.0,16.0,12.0,524.0,0.0,0.13333333333333333,0.0,0.0,-0.0625,0.6000000000000008,0.0,4.078899999999997,1.2889000000000053,0.6462000000000003,1.3273999999999972,0.6462000000000003,0.29011736228675933,1.1634431657799191,0.0,2.0,0.0,0.07272727272727272,0.18181818181818182,0.0,,0.050843881856540096,0.06466540104413859
660,202305021001,0,0,0,4,11,5,9,70,0,0,0,0,0,0,0,2,3,0,1,26,0,0,0,0,0,0,0,1,0,0,0,10,0,0,0,0,0.0,0.0,15.0,8.0,37.0,1.4,0.8125,0.0,0.0,13.0,13.0,38.2,3.5,0.875,0.0,0.0,11.0,14.0,36.4,3.4,1.0,3.0,-2.0,0.0,0.02702702702702703,0.06756756756756757,3,6,286.6,13.0,1343,1167,1428,,,,,,,,,,,,,,,3.0,0.0,52.0,-28.0,16.0,16.0,472.0,0.0,0.0625,0.0,,,0.3000000000000007,0.0,-1.2794999999999987,0.046200000000006014,-1.4211000000000027,,,0.07795119555779044,0.74833147735479,-2.0,2.0,0.0,0.014492753623188406,0.043478260869565216,0.0,,-0.12740384615384615,0.019083827201908404
661,202305021001,1,2,2,30,0,0,0,4,0,0,0,0,0,1,0,15,0,0,0,2,0,0,0,0,0,0,0,5,0,0,0,2,0,0,0,0,0.0,0.0,10.0,11.0,41.2,3.7,1.0,0.0,0.0,12.0,11.0,36.5,1.8,1.0,0.0,0.0,16.0,14.0,38.4,3.8,1.0,1.5,-2.0,0.0,0.0,0.02702702702702703,7,14,568.2,16.0,1431,1691,1428,0.0,0.0,16.0,13.0,39.8,4.0,0.5,0.0,0.0,13.0,13.0,39.4,2.7,0.8,0.6,0.0,54.0,-356.0,16.0,11.0,456.0,0.0,0.0,-0.0625,0.125,0.0,0.030000000000001137,0.0,2.920500000000004,0.058900000000001285,0.24620000000000175,1.976699999999994,1.1204999999999998,0.19595917942265426,1.5640971836813728,3.0,3.0,0.0,0.015625,0.0625,0.0,,-0.03118137900746598,-0.20833333333333331
662,202305021001,0,0,2,31,0,0,0,9,0,0,0,0,0,0,0,10,0,0,0,4,0,0,0,0,0,0,0,4,0,0,0,2,0,0,0,0,0.0,0.0,6.0,6.0,39.8,1.0,0.4,0.0,0.0,10.0,15.0,41.0,4.8,0.4375,0.0,0.0,17.0,15.0,37.2,3.0,0.7222222222222222,4.5,32.0,100.0,0.04794520547945205,0.1506849315068493,6,12,103.9,10.0,1127,1522,1328,0.0,0.0,14.0,13.0,35.3,1.4,0.8235294117647058,,,,,,,,2.1,0.0,53.0,-433.0,16.0,10.0,476.0,0.1,0.0,-0.05555555555555555,-0.17647058823529413,,1.7299999999999998,0.0,2.208599999999997,2.846200000000003,1.7531999999999996,-0.6166000000000054,,0.18113516540679417,2.221907963890494,-1.0,1.0,0.0,0.017543859649122806,0.08771929824561403,0.0,,-0.00028462998102465886,0.05357142857142857
663,202305021001,1,0,2,18,0,0,0,0,0,0,0,0,0,0,0,4,0,0,0,0,0,0,0,0,0,0,0,4,0,0,0,0,0,0,0,0,0.0,0.0,8.0,9.0,40.4,5.8,1.0,0.0,0.0,14.0,16.0,43.7,6.7,0.125,0.0,0.0,15.0,7.0,38.9,2.3,0.5,-1.0,11.0,-100.0,0.0,0.15384615384615385,2,4,322.3,14.0,1204,1527,1221,0.0,0.0,15.0,12.0,41.3,3.6,0.7333333333333333,0.0,0.0,13.0,14.0,39.4,3.5,0.8571428571428571,0.6,0.0,51.0,-57.0,16.0,11.0,431.0,-0.09090909090909091,0.0625,-0.0625,0.2,0.07142857142857142,0.44000000000000056,0.0,,5.546200000000006,0.988900000000001,1.6740999999999957,1.488900000000001,0.30667221231306346,1.6954055562018207,-3.0,1.0,0.0,0.031746031746031744,0.12698412698412698,0.0,,-0.10755148741418766,
664,202305021102,16,16,15,141,24,19,11,236,0,0,1,6,9,9,7,56,7,2,1,59,0,0,0,1,2,2,2,23,4,0,0,25,0,0,0,0,0.0,0.0,4.0,5.0,36.4,0.4,0.625,0.0,0.0,2.0,1.0,36.7,0.0,0.125,0.0,0.0,2.0,5.0,37.0,0.2,0.1875,0.0,4.0,0.0,0.06857142857142857,0.21714285714285714,3,5,3.0,2.0,1278,1294,625,0.0,0.0,7.0,3.0,37.0,0.4,0.125,0.0,0.0,7.0,2.0,37.6,0.2,0.375,-0.4,0.6,56.0,-22.0,16.0,16.0,460.0,0.0,0.0,0.0,0.0,0.0,-0.2700000000000003,0.0,-1.8795000000000002,-1.579499999999996,-0.6642999999999972,-1.1537999999999968,-0.6794999999999973,0.1920286436967152,0.3979949748426485,1.0,5.0,0.6,0.0379746835443038,0.17721518987341772,3.0,0.6666666666666666,0.010563380281690127,0.05268199233716475
665,202305021102,11,4,13,73,0,0,1,14,0,0,0,2,5,3,2,25,0,0,0,1,0,0,0,0,3,2,2,5,0,0,0,0,0,0,0,0,0.0,0.0,1.0,8.0,40.2,2.2,0.4,0.0,0.0,5.0,6.0,36.6,0.7,0.5384615384615384,0.0,0.0,2.0,1.0,36.6,0.0,0.375,-3.5,2.0,0.0,0.061224489795918366,0.20408163265306123,8,16,2.6,1.0,1095,1316,1221,0.0,0.0,3.0,5.0,36.3,0.9,0.6875,0.0,0.0,1.0,1.0,35.2,0.0,0.4,-1.4999999999999998,0.4,56.0,-429.0,16.0,10.0,520.0,0.0,-0.23076923076923078,-0.0625,0.125,0.0,1.0300000000000005,0.0,1.920500000000004,-1.3166999999999973,-1.5537999999999954,-1.9795000000000016,-2.4642999999999944,0.11857387281188662,1.6904437287292358,1.0,4.0,0.5,0.04,0.12,2.0,0.0,-0.06510651065106512,0.03333333333333334
666,202305021102,2,5,4,35,4,4,4,52,0,0,0,1,0,0,1,12,0,1,1,23,0,0,0,1,0,0,1,8,0,1,1,11,0,0,0,1,0.0,0.0,80.0,7.0,40.6,2.4,0.06666666666666667,0.0,0.0,100.0,10.0,40.1,3.0,0.07692307692307693,0.0,0.0,110.0,4.0,38.9,0.9,0.15384615384615385,-1.5,36.0,200.0,0.047058823529411764,0.17058823529411765,2,4,23.9,6.0,1674,1551,1428,0.0,0.0,40.0,7.0,35.5,1.5,0.4166666666666667,0.0,0.0,60.0,9.0,39.3,1.8,0.0625,0.1,0.0,54.0,-354.0,16.0,15.0,472.0,0.06666666666666667,0.5384615384615384,-0.07692307692307693,0.0,0.0,0.720000000000001,0.0,3.182299999999998,0.8905999999999992,-0.49260000000000304,-0.3977000000000004,1.708599999999997,0.13485198986888416,1.7915356541246956,1.0,0.0,,0.0,0.08695652173913043,0.0,,-0.06413043478260871,-0.11853448275862069
667,202305021102,0,1,0,2,9,12,12,108,0,0,0,0,0,1,0,2,3,7,5,42,0,0,0,0,0,1,0,2,0,4,2,13,0,0,0,0,0.0,0.0,1.0,1.0,39.6,0.0,0.125,0.0,0.0,12.0,10.0,38.1,1.3,0.6666666666666666,0.0,0.0,9.0,5.0,35.2,0.1,0.05555555555555555,2.0,-24.0,0.0,0.0392156862745098,0.19607843137254902,4,7,87.0,8.0,1498,1221,1036,0.0,0.0,7.0,9.0,40.1,2.2,0.08333333333333333,0.0,0.0,9.0,12.0,38.7,2.0,0.3125,2.1,0.2,54.0,-407.0,16.0,8.0,458.0,0.0,-0.06666666666666667,0.0,0.0,0.0,-0.020000000000000285,0.0,1.3205000000000027,0.18890000000000384,0.04690000000000083,0.7073999999999998,1.1086000000000027,0.22747269541748041,1.716508083290026,0.0,1.0,1.0,0.017241379310344827,0.08620689655172414,1.0,1.0,,-0.024042553191489374
668,202305021102,0,0,0,0,0,3,2,19,0,0,0,0,0,0,0,0,0,1,0,6,0,0,0,0,0,0,0,0,0,0,0,4,0,0,0,0,0.0,0.0,4.0,5.0,40.2,1.1,0.2727272727272727,0.0,0.0,10.0,7.0,39.4,1.4,0.1875,0.0,0.0,3.0,5.0,38.7,2.2,0.1875,0.0,1.0,0.0,0.15165876777251186,0.3459715639810427,7,14,4.4,3.0,379,1654,204,0.0,0.0,6.0,7.0,37.1,0.5,0.3125,0.0,0.0,4.0,7.0,37.4,0.6,0.8666666666666667,0.4,0.0,56.0,-394.0,16.0,11.0,487.0,0.0,0.0,0.0,0.0625,-0.06666666666666667,0.7900000000000006,0.0,2.046200000000006,1.3273999999999972,0.4205000000000041,-0.5642999999999958,-0.8795000000000002,0.25532400327486093,1.1740528097151344,0.0,4.0,0.0,0.03125,0.21875,2.0,0.0,,0.12499999999999997
669,202305021102,17,18,10,162,24,19,11,236,0,0,0,8,10,9,5,93,7,2,1,59,0,0,0,2,5,1,2,20,4,0,0,25,0,0,0,0,0.0,0.0,4.0,10.0,42.3,2.4,0.3,0.0,0.0,9.0,11.0,37.8,1.8,0.5,0.0,0.0,11.0,5.0,37.1,0.8,0.1875,-2.5,6.0,-100.0,0.014598540145985401,0.06569343065693431,8,15,285.1,14.0,1172,1294,1556,0.0,0.0,14.0,6.0,38.5,2.5,0.375,0.0,0.0,9.0,13.0,39.2,2.8,0.8125,0.1,0.0,56.0,-428.0,16.0,10.0,456.0,0.5,0.0,0.0,0.0,0.0,0.5499999999999986,0.0,,-0.023300000000006094,-1.1794999999999973,0.22050000000000125,1.2889000000000053,0.21438866574518348,1.8015548839821662,0.0,2.0,0.0,0.02040816326530612,0.14285714285714285,2.0,0.0,0.01460869565217393,0.05268199233716475
670,202305021102,0,2,1,16,7,4,4,70,0,0,0,0,0,0,1,4,1,0,0,27,0,0,0,0,0,0,1,4,1,0,0,12,0,0,0,0,0.0,0.0,2.0,4.0,38.8,2.2,0.9,0.0,0.0,15.0,11.0,35.5,0.6,0.3125,0.0,0.0,10.0,4.0,35.2,0.3,0.5,0.0,-11.0,0.0,0.0449438202247191,0.1348314606741573,2,3,39.9,7.0,1534,1503,1235,0.0,0.0,7.0,7.0,38.7,2.8,0.4375,0.0,0.0,8.0,9.0,35.1,1.3,0.8125,0.6,0.0,56.0,-407.0,16.0,10.0,465.0,0.0,0.125,-0.0625,0.0,0.0,0.4199999999999989,0.0,0.5204999999999984,0.13459999999999894,0.04690000000000083,0.4205000000000041,-0.26539999999999964,0.22536082179473876,1.7118411141224519,0.0,2.0,0.0,0.06976744186046512,0.31007751937984496,2.0,0.0,-0.15789473684210525,0.016511867905056737
671,202305021102,20,10,20,146,19,18,17,223,1,0,0,5,13,5,8,64,10,4,3,73,0,0,0,0,3,1,2,17,3,0,1,27,0,0,0,0,0.0,0.0,12.0,10.0,38.7,1.6,0.0625,0.0,0.0,9.0,8.0,38.5,2.9,0.625,0.0,0.0,9.0,16.0,43.4,6.3,0.8125,3.0,0.0,0.0,0.08783783783783784,0.28378378378378377,3,6,109.1,9.0,1716,1558,1167,,,,,,,,,,,,,,,3.0,0.0,54.0,-22.0,16.0,16.0,502.0,0.0,0.0,0.125,,,-2.349999999999998,0.0,0.4205000000000041,0.22050000000000125,3.8532999999999973,,,0.31868871959954903,2.2642143596988915,0.0,2.0,0.0,0.0,0.09090909090909091,2.0,0.0,0.03502141597379693,0.0611517126001585
672,202305021102,1,0,0,2,0,0,0,9,0,0,0,1,1,0,0,2,0,0,0,5,0,0,0,1,0,0,0,1,0,0,0,2,0,0,0,0,0.0,0.0,8.0,4.0,40.5,1.7,0.75,0.0,0.0,10.0,10.0,38.5,2.0,0.5333333333333333,0.0,0.0,12.0,9.0,38.0,3.0,0.8125,2.5,6.0,-300.0,0.01639344262295082,0.06557377049180328,7,13,144.4,12.0,1195,1645,1428,0.0,0.0,15.0,15.0,40.4,3.7,0.25,,,,,,,,3.2,0.0,54.0,-426.0,16.0,12.0,500.0,0.0,0.06666666666666667,0.0625,0.0625,,0.08000000000000043,0.0,1.1073999999999984,0.5889000000000024,-0.27949999999999875,2.1205,,0.22015175873701304,1.1146748404803974,-2.0,2.0,0.0,0.037037037037037035,0.07407407407407407,2.0,0.0,,0.4
673,202305021102,10,4,8,54,7,18,10,156,0,0,0,3,2,3,4,26,0,6,2,50,0,0,0,3,0,2,3,17,0,3,2,26,0,0,0,2,0.0,0.0,1.0,1.0,39.8,0.0,0.3333333333333333,0.0,0.0,11.0,10.0,37.8,3.0,0.875,0.0,0.0,7.0,13.0,37.2,1.8,0.875,6.0,6.0,0.0,0.0,0.16666666666666666,4,8,122.0,11.0,1601,1428,239,0.0,0.0,14.0,14.0,36.8,2.3,0.875,0.0,0.0,10.0,12.0,36.7,1.9,0.6875,2.6,0.2,53.0,-424.0,16.0,12.0,414.0,-0.16666666666666666,0.0625,0.0,0.0,-0.125,0.7199999999999989,0.0,1.5204999999999984,-0.4795000000000016,-0.6210999999999984,1.434599999999996,1.5469000000000008,0.21081851067789198,1.1377170122662297,-3.0,2.0,0.5,0.030303030303030304,0.06060606060606061,2.0,0.5,-0.08114035087719298,0.035063785856500246
674,202305021102,0,0,0,3,3,1,3,22,0,0,0,2,0,0,0,2,2,1,2,9,0,0,0,2,0,0,0,0,1,0,1,3,0,0,0,0,0.0,0.0,6.0,6.0,40.0,2.7,0.5,0.0,0.0,12.0,7.0,36.5,1.6,0.3333333333333333,0.0,0.0,13.0,11.0,39.9,3.4,0.1875,2.5,8.0,200.0,0.06910569105691057,0.25609756097560976,1,1,183.3,13.0,1443,1124,1225,0.0,0.0,15.0,14.0,39.5,3.7,0.375,,,,,,,,2.8,0.0,56.0,-88.0,16.0,6.0,462.0,0.16666666666666666,0.0,0.0,0.0625,,-0.18999999999999986,0.0,2.1788999999999987,0.058900000000001285,1.6204999999999998,0.4613000000000014,,0.11158481919598204,1.4411367041332337,1.0,1.0,0.0,0.0,0.1111111111111111,1.0,0.0,,-0.12373225152129819
675,202305021102,0,0,0,16,4,1,0,34,0,0,0,0,0,0,0,9,3,1,0,12,0,0,0,0,0,0,0,6,1,0,0,5,0,0,0,0,0.0,0.0,4.0,7.0,41.2,1.4,0.5833333333333334,0.0,0.0,16.0,12.0,38.0,3.5,1.0,0.0,0.0,13.0,13.0,37.9,2.9,0.9375,3.0,17.0,-100.0,0.0,0.23076923076923078,5,9,512.0,16.0,1051,1021,578,,,,,,,,,,,,,,,3.0,0.0,54.0,-157.0,16.0,12.0,489.0,-0.08333333333333333,0.0,0.0,,,1.6500000000000021,0.0,,-0.27949999999999875,0.0788999999999973,,,0.1834700668558737,1.5326085243430216,0.0,1.0,0.0,0.03896103896103896,0.2077922077922078,1.0,0.0,,0.019943019943019946
676,202305021102,0,0,0,0,0,1,0,0,0,0,0,0,0,0,0,0,0,1,0,0,0,0,0,0,0,0,0,0,0,0,0,0,0,0,0,0,0.0,0.0,5.0,16.0,41.8,5.9,0.5625,0.0,0.0,4.0,13.0,39.7,3.9,0.4375,0.0,0.0,7.0,3.0,39.0,1.2,0.125,-6.5,0.0,-200.0,0.0,0.14285714285714285,5,10,9.8,4.0,445,699,760,0.0,0.0,3.0,14.0,39.8,2.9,0.6875,0.0,0.0,1.0,5.0,37.4,0.8,0.0625,-2.1,0.2,51.0,-29.0,16.0,16.0,468.0,0.25,0.125,0.0,0.0625,0.0,0.8700000000000003,0.0,3.727399999999996,1.420500000000004,0.7205000000000013,1.8888999999999996,-0.7537999999999982,0.24366985862022408,1.419295599936813,-2.0,3.0,0.3333333333333333,0.13664596273291926,0.3167701863354037,2.0,0.5,,
677,202305021102,0,0,0,1,1,0,0,1,0,0,0,0,0,0,0,1,1,0,0,1,0,0,0,0,0,0,0,1,1,0,0,1,0,0,0,0,0.0,0.0,1.0,1.0,39.3,0.0,0.25,0.0,0.0,11.0,11.0,40.3,2.7,0.5,0.0,0.0,5.0,14.0,39.6,4.3,0.875,6.5,-27.0,0.0,0.058823529411764705,0.11764705882352941,1,2,11.5,5.0,602,707,239,,,,,,,,,,,,,,,6.5,0.3333333333333333,51.0,-269.0,16.0,12.0,447.0,-0.08333333333333333,0.07142857142857142,-0.0625,,,-0.15000000000000213,0.0,1.0204999999999984,0.9073999999999955,1.3205000000000027,,,0.2568505834570407,0.41899350299921734,-3.0,2.0,0.5,0.045454545454545456,0.2727272727272727,2.0,0.5,,
678,202305021102,2,5,4,35,3,1,3,22,0,0,0,0,0,0,1,12,2,1,2,9,0,0,0,0,0,0,1,8,1,0,1,3,0,0,0,0,0.0,0.0,4.0,2.0,41.2,0.2,0.16666666666666666,0.0,0.0,15.0,15.0,40.2,4.6,0.625,0.0,0.0,10.0,15.0,38.1,3.1,0.8125,6.5,4.0,0.0,0.06363636363636363,0.18181818181818182,6,12,291.5,15.0,1674,1124,1428,,,,,,,,,,,,,,,6.5,0.3333333333333333,56.0,-399.0,16.0,12.0,520.0,0.08333333333333333,0.0,0.0,,,1.5500000000000007,0.0,3.046200000000006,1.920500000000004,0.18890000000000384,,,0.27127812478645297,1.291854825005074,0.0,2.0,0.5,0.031746031746031744,0.09523809523809523,1.0,0.0,-0.06413043478260871,-0.12373225152129819
679,202305021102,0,2,1,16,3,10,5,95,0,0,0,0,0,0,1,4,2,5,4,40,0,0,0,0,0,0,1,4,2,1,2,9,0,0,0,0,0.0,0.0,11.0,14.0,40.8,4.5,0.4666666666666667,0.0,0.0,10.0,16.0,40.3,4.7,0.625,0.0,0.0,8.0,10.0,37.5,1.3,0.75,-2.0,14.0,200.0,0.033783783783783786,0.18243243243243243,6,11,115.4,10.0,1534,1376,1235,,,,,,,,,,,,,,,-2.0,0.0,56.0,-71.0,16.0,15.0,498.0,0.2,0.0,-0.0625,,,1.6499999999999986,0.0,2.8888999999999996,2.0204999999999984,-0.3211000000000013,,,0.1159368708594956,1.4522013940527962,0.0,1.0,0.0,0.08888888888888889,0.26666666666666666,1.0,0.0,-0.15789473684210525,0.07508296460176991
680,202305021109,12,9,9,59,3,1,0,7,3,0,0,5,5,4,1,17,3,0,0,5,3,0,0,4,1,1,0,4,0,0,0,2,0,0,0,2,0.0,0.0,7.0,10.0,42.3,4.5,1.0,0.0,0.0,15.0,16.0,41.7,7.1,1.0,0.0,0.0,11.0,16.0,38.4,3.3,0.1875,3.0,6.0,0.0,0.0,0.06666666666666667,3,5,262.8,16.0,1463,760,1167,0.0,0.0,12.0,14.0,38.8,4.1,0.42857142857142855,0.0,0.0,11.0,9.0,37.8,1.2,0.375,-0.4,0.0,58.0,-371.0,16.0,10.0,534.0,0.0,0.0,0.25,0.14285714285714285,-0.0625,1.1900000000000006,0.0,4.1462,3.546200000000006,0.12049999999999983,0.6462000000000003,-0.35379999999999967,0.3376841901020804,1.8341210428976609,2.0,5.0,0.0,0.13043478260869565,0.2318840579710145,1.0,0.0,-0.03549135009809168,-0.03030303030303033
681,202305021109,9,2,4,101,4,3,1,34,1,1,1,2,3,1,2,27,3,1,1,12,1,1,1,2,0,1,1,12,1,1,0,1,0,1,0,1,0.0,0.0,10.0,7.0,34.7,0.8,1.0,0.0,0.0,40.0,2.0,35.9,0.3,0.8125,0.0,0.0,20.0,3.0,35.9,0.3,0.8125,-2.0,0.0,0.0,0.10344827586206896,0.296551724137931,2,4,2.6,1.0,1557,1541,1559,0.0,0.0,20.0,2.0,35.2,0.0,0.5625,0.0,0.0,10.0,4.0,35.6,0.3,0.8125,-0.5999999999999999,0.6,58.0,14.0,16.0,16.0,518.0,0.0,0.0,0.0,0.0,0.0625,-0.11000000000000014,0.0,-3.433799999999998,-2.3795,-2.3795,-2.933799999999998,-2.6794999999999973,0.13919410907075053,0.4586937976471868,0.0,5.0,0.6,0.0703125,0.3046875,3.0,0.6666666666666666,0.005824790307548927,0.0367965367965368
682,202305021109,1,0,0,4,8,2,7,62,1,0,0,1,1,0,0,2,3,2,2,19,1,0,0,1,0,0,0,1,1,0,0,1,0,0,0,1,0.0,0.0,80.0,12.0,38.7,2.6,0.3125,0.0,0.0,30.0,1.0,36.5,0.0,0.23076923076923078,0.0,0.0,20.0,6.0,40.4,1.1,0.2857142857142857,-3.0,2.0,0.0,0.06206896551724138,0.19310344827586207,7,14,45.8,10.0,115,1110,726,0.0,0.0,50.0,17.0,36.4,2.2,0.6111111111111112,,,,,,,,2.0,0.25,58.0,189.0,16.0,16.0,488.0,0.0625,0.0,-0.07142857142857142,0.05555555555555555,,0.30000000000000143,0.0,0.4205000000000041,-1.7794999999999987,1.1235999999999962,0.8378999999999976,,0.14792903446228575,1.6628289148315891,2.0,2.0,0.5,0.07142857142857142,0.19047619047619047,2.0,0.5,,0.048961069978504884
683,202305021109,4,5,6,66,20,25,21,205,0,2,1,4,2,2,2,34,5,4,2,61,0,1,0,4,0,0,0,13,1,1,1,5,0,0,0,0,0.0,0.0,20.0,1.0,38.7,0.0,0.5,0.0,0.0,130.0,12.0,36.3,0.8,0.875,0.0,0.0,80.0,14.0,36.8,1.5,0.4666666666666667,6.5,-2.0,-100.0,0.145985401459854,0.3795620437956204,6,11,37.7,9.0,1313,1167,1108,0.0,0.0,40.0,14.0,36.2,1.7,0.8571428571428571,0.0,0.0,70.0,7.0,37.4,0.9,0.8125,1.4,0.2,58.0,-496.0,16.0,8.0,464.0,-0.125,0.0,0.06666666666666667,-0.07142857142857142,0.0625,0.2700000000000003,0.0,,-1.5211000000000041,-1.3537999999999997,-2.079499999999996,-0.4211000000000027,0.18021875092770184,0.915204895091805,3.0,2.0,0.0,0.05263157894736842,0.10526315789473684,1.0,0.0,-0.02239448751076656,0.019083827201908404
684,202305021109,12,9,9,59,0,0,0,0,0,0,0,0,5,4,1,17,0,0,0,0,0,0,0,0,1,1,0,4,0,0,0,0,0,0,0,0,0.0,0.0,12.0,16.0,36.6,2.9,1.0,0.0,0.0,5.0,13.0,36.0,1.4,1.0,0.0,0.0,5.0,5.0,36.4,0.9,0.6875,-5.5,-20.0,0.0,0.1523809523809524,0.3476190476190476,1,2,10.8,5.0,1463,927,1167,0.0,0.0,4.0,1.0,37.9,0.0,0.2,0.0,0.0,15.0,11.0,33.9,0.6,0.7333333333333333,-2.2,0.2,58.0,-511.0,16.0,16.0,490.0,0.0,0.0,0.0625,0.0,0.0,0.3500000000000007,0.0,-1.6794999999999973,-2.153799999999997,-1.8795000000000002,-0.17260000000000275,-1.1747000000000014,0.29269343081873983,1.297073629367277,0.0,3.0,0.0,0.046875,0.15625,2.0,0.0,-0.03549135009809168,
685,202305021109,6,2,13,58,9,12,12,108,0,0,2,5,1,1,3,17,3,7,5,42,0,0,0,2,0,0,0,1,0,1,0,6,0,0,0,0,0.0,0.0,70.0,5.0,35.4,1.4,0.875,0.0,0.0,130.0,9.0,36.6,0.9,0.4375,0.0,0.0,60.0,1.0,36.1,0.0,0.5,-2.0,-6.0,100.0,0.047619047619047616,0.16666666666666666,4,7,26.8,8.0,1426,1221,306,0.0,0.0,80.0,7.0,37.5,1.7,0.8125,0.0,0.0,50.0,8.0,36.4,0.9,0.8333333333333334,0.4,0.2,58.0,20.0,16.0,16.0,482.0,0.0,0.0,0.0,0.125,0.0,-0.28999999999999987,0.0,-2.1914000000000016,-1.3110999999999962,-1.7984000000000009,-0.5726000000000013,-1.6726000000000028,0.18418363421083622,0.6841052550594832,0.0,1.0,1.0,0.07142857142857142,0.17857142857142858,0.0,,0.050843881856540096,-0.024042553191489374
686,202305021109,9,6,8,51,2,1,3,16,0,1,1,2,2,3,3,20,2,1,1,6,0,1,1,2,0,0,1,2,1,0,0,0,0,0,0,0,0.0,0.0,110.0,11.0,38.8,1.7,0.25,0.0,0.0,50.0,8.0,36.0,0.8,0.75,0.0,0.0,30.0,4.0,35.2,0.5,0.625,-3.5,0.0,-200.0,0.047619047619047616,0.14965986394557823,4,8,24.0,7.0,1677,332,1167,0.0,0.0,20.0,1.0,37.0,0.0,0.6875,0.0,0.0,100.0,3.0,36.0,0.2,0.625,-2.3,0.4,58.0,34.0,16.0,16.0,502.0,0.0625,0.0,0.0625,0.0625,0.0,0.4599999999999994,0.0,0.7273999999999958,-1.9110999999999976,-2.4642999999999944,-0.8682999999999979,-2.133800000000001,0.17500000000000002,1.2393546707863718,0.0,2.0,0.5,0.1375,0.31875,0.0,,-0.10492845786963434,0.0
687,202305021109,6,13,11,107,20,25,21,205,1,1,0,2,2,4,4,38,5,4,2,61,1,1,0,0,0,0,0,7,1,1,1,5,0,0,0,0,0.0,0.0,70.0,2.0,36.0,0.2,0.125,0.0,0.0,30.0,6.0,36.5,1.1,0.5625,0.0,0.0,40.0,7.0,35.8,0.6,0.8125,2.5,0.0,0.0,0.0,0.07142857142857142,5,10,4.0,2.0,1393,1167,1263,0.0,0.0,20.0,10.0,39.0,1.2,0.5625,0.0,0.0,10.0,6.0,38.3,1.2,0.5,1.2000000000000002,0.2,58.0,14.0,16.0,16.0,518.0,0.0,0.0,0.0625,-0.125,0.0,-0.7099999999999994,0.0,-2.133800000000001,-1.3682999999999979,-1.791400000000003,0.7205000000000013,0.02049999999999841,0.22150056433336687,1.2890306435457615,3.0,3.0,0.3333333333333333,0.0,0.058823529411764705,2.0,0.0,-0.03920282129090463,0.019083827201908404
688,202305021109,5,10,5,88,1,1,1,23,0,1,1,0,3,2,0,20,1,1,0,10,0,1,0,0,0,1,0,1,0,1,0,1,0,1,0,0,0.0,0.0,80.0,5.0,35.9,0.6,0.3125,0.0,0.0,40.0,5.0,37.6,1.0,0.75,0.0,0.0,50.0,3.0,36.3,0.5,0.6,-1.0,-6.0,0.0,0.034013605442176874,0.1836734693877551,8,15,8.2,4.0,1561,1592,1263,0.0,0.0,50.0,2.0,35.9,0.1,0.6875,0.0,0.0,60.0,4.0,37.7,1.4,0.25,-0.5,0.4,58.0,14.0,16.0,16.0,478.0,0.1875,-0.0625,0.0,-0.125,0.0,-0.19000000000000056,0.0,-2.2338000000000022,-0.5337999999999994,-1.291400000000003,-1.4399000000000015,-0.5794999999999959,0.20164944830075782,0.8059776671843972,1.0,3.0,0.0,0.043478260869565216,0.2608695652173913,1.0,0.0,0.03019943019943022,0.27350427350427353
689,202305021109,43,41,42,253,0,0,1,23,0,0,0,2,13,15,18,95,0,0,1,11,0,0,0,2,3,3,5,19,0,0,0,0,0,0,0,0,0.0,0.0,100.0,10.0,38.8,1.3,0.9166666666666666,0.0,0.0,150.0,13.0,35.7,1.4,0.8666666666666667,0.0,0.0,150.0,11.0,37.6,2.1,0.6666666666666666,0.5,2.0,200.0,0.14358974358974358,0.3487179487179487,7,13,15.5,6.0,1576,1522,1577,0.0,0.0,150.0,15.0,36.2,2.1,1.0,0.0,0.0,140.0,12.0,38.4,2.3,0.5625,0.6,0.0,58.0,-486.0,16.0,12.0,524.0,0.08333333333333333,0.13333333333333333,0.0,0.0,0.0,0.029999999999999714,0.0,0.8888999999999996,-2.453799999999994,-0.6794999999999973,-1.6210999999999984,0.32739999999999725,0.16260893784373193,1.2092973166264758,1.0,2.0,0.0,0.09523809523809523,0.2698412698412698,1.0,0.0,-0.03389267477838315,0.05357142857142857
690,202305021109,0,1,0,1,4,1,2,27,0,1,0,1,0,0,0,0,2,0,0,7,0,0,0,0,0,0,0,0,0,0,0,2,0,0,0,0,0.0,0.0,1.0,2.0,38.2,0.9,0.14285714285714285,0.0,0.0,14.0,12.0,38.3,1.6,0.3333333333333333,0.0,0.0,10.0,15.0,37.9,2.3,0.75,6.5,11.0,0.0,0.24666666666666667,0.5066666666666667,3,6,6.3,3.0,169,939,187,0.0,0.0,6.0,5.0,35.8,0.8,0.8125,0.0,0.0,10.0,11.0,35.2,1.4,0.35714285714285715,1.1,0.2,58.0,-470.0,16.0,14.0,565.0,0.14285714285714285,0.0,0.0,0.0,0.07142857142857142,0.85,0.0,-0.07949999999999591,0.02049999999999841,-0.25379999999999825,-1.791400000000003,0.12530000000000285,0.2583497910052796,1.3105723940324696,1.0,3.0,0.3333333333333333,0.0,0.16666666666666666,2.0,0.5,,0.12745098039215685
691,202305021109,6,2,13,58,3,3,10,60,1,0,1,8,1,1,3,17,0,0,2,22,0,0,0,3,0,0,0,1,0,0,0,1,0,0,0,0,0.0,0.0,120.0,6.0,36.1,1.5,0.6875,0.0,0.0,130.0,16.0,43.7,4.7,0.0625,0.0,0.0,90.0,11.0,38.0,1.7,0.375,2.5,-4.0,100.0,0.06422018348623854,0.1834862385321101,6,12,87.4,13.0,1426,1228,306,0.0,0.0,70.0,1.0,37.6,0.0,0.125,0.0,0.0,80.0,8.0,37.4,0.9,1.0,-1.1,0.2,58.0,20.0,16.0,16.0,510.0,0.0,0.0625,0.0625,0.0,-0.15384615384615385,0.3500000000000007,0.0,-1.4913999999999987,4.074100000000001,-0.07260000000000133,-0.4725999999999999,-0.5523999999999987,0.35222507009013426,2.647715996854649,0.0,0.0,,0.11864406779661017,0.4067796610169492,0.0,,0.050843881856540096,0.04344193817878028
692,202305021109,4,0,7,35,24,25,22,286,0,0,0,0,1,0,3,12,9,6,7,91,0,0,0,0,0,0,0,0,3,0,1,15,0,0,0,0,0.0,0.0,,,,,,0.0,0.0,60.0,12.0,37.7,1.2,0.375,0.0,0.0,60.0,1.0,34.9,0.0,0.21428571428571427,-11.0,-4.0,400.0,0.08843537414965986,0.2857142857142857,5,9,142.5,14.0,1204,1013,1221,0.0,0.0,80.0,6.0,37.0,0.8,0.5,0.0,0.0,90.0,13.0,38.1,2.5,0.42857142857142855,0.8,0.25,56.0,-406.0,16.0,11.0,502.0,,0.1875,0.0,0.0625,0.07142857142857142,-0.32999999999999974,0.0,,-0.12330000000000041,-1.5411000000000001,-0.12290000000000134,2.9468999999999994,0.1051715981195513,1.233642979147534,0.0,0.0,,0.375,0.625,0.0,,-0.10755148741418766,-0.045033397974574424
693,202305021109,9,7,5,96,9,12,12,108,0,0,0,5,5,2,1,32,3,7,5,42,0,0,0,2,1,0,0,10,0,1,0,6,0,0,0,1,0.0,0.0,110.0,13.0,36.6,1.6,0.6875,0.0,0.0,160.0,2.0,35.9,0.0,0.625,0.0,0.0,150.0,11.0,37.8,1.4,0.4375,-1.0,-2.0,0.0,0.024691358024691357,0.10493827160493827,8,16,59.9,12.0,1090,1221,1169,0.0,0.0,90.0,9.0,38.5,2.1,0.9375,0.0,0.0,120.0,6.0,35.5,0.9,0.9375,-0.7,0.2,58.0,14.0,16.0,16.0,458.0,-0.0625,-0.0625,-0.0625,0.0,0.0,-0.039999999999999855,0.0,-1.5337999999999994,-2.3795,-0.4795000000000016,0.22050000000000125,-2.633800000000001,0.1920286436967152,1.132431013351365,2.0,5.0,0.2,0.03225806451612903,0.0967741935483871,3.0,0.3333333333333333,-0.06184012066365008,-0.024042553191489374
694,202305021109,4,1,3,26,9,12,12,108,0,0,0,1,1,0,1,19,3,7,5,42,0,0,0,1,0,0,1,0,0,1,0,6,0,0,0,0,0.0,0.0,20.0,2.0,37.9,1.1,0.2222222222222222,0.0,0.0,160.0,14.0,38.0,1.2,0.25,0.0,0.0,,,,,,12.0,2.0,200.0,0.06967213114754098,0.2581967213114754,2,3,59.5,11.0,1270,1221,969,0.0,0.0,120.0,12.0,36.3,1.5,0.9285714285714286,0.0,0.0,130.0,15.0,38.4,2.2,0.0625,3.7,0.25,56.0,-429.0,16.0,9.0,498.0,0.0,0.0,,0.0,0.0,0.020000000000000285,0.0,-0.011099999999999,0.17889999999999873,,-0.14110000000000156,0.12049999999999983,0.33268858820799435,0.8015609770940706,2.0,2.0,0.0,0.0,0.046511627906976744,2.0,0.0,-0.07529411764705882,-0.024042553191489374
695,202305021109,3,0,3,55,0,0,1,5,0,0,1,4,2,0,1,22,0,0,1,3,0,0,1,3,0,0,0,2,0,0,0,0,0,0,0,0,0.0,0.0,2.0,,,,0.8181818181818182,0.0,0.0,13.0,12.0,36.6,1.6,0.5714285714285714,0.0,0.0,9.0,9.0,33.8,0.5,0.7777777777777778,-3.0,11.0,100.0,0.04,0.2,1,1,213.8,15.0,1036,1616,1108,0.0,0.0,12.0,11.0,37.8,0.9,0.25,0.0,0.0,15.0,3.0,37.4,0.4,0.26666666666666666,-2.5,0.25,58.0,-183.0,16.0,11.0,493.0,-0.09090909090909091,0.0,0.0,-0.0625,0.06666666666666667,-0.6399999999999991,0.0,,-1.6794999999999973,-1.3064999999999998,-0.11110000000000042,-0.511099999999999,0.24235156781899664,1.5620499351813313,2.0,1.0,0.0,0.07407407407407407,0.2222222222222222,1.0,0.0,0.014846891432106407,-0.16666666666666666
696,202305021111,2,1,2,23,20,25,21,205,1,0,1,2,0,0,1,11,5,4,2,61,0,0,0,1,0,0,0,0,0,0,1,6,0,0,0,0,0.0,0.0,40.0,3.0,35.3,0.2,0.5625,0.0,0.0,20.0,1.0,36.8,0.0,0.5,0.0,0.0,20.0,2.0,36.0,0.0,0.35714285714285715,-0.5,0.0,0.0,0.22580645161290322,0.45161290322580644,8,16,1.7,1.0,1064,1167,1556,0.0,0.0,10.0,1.0,36.0,0.0,0.1875,0.0,0.0,10.0,1.0,35.5,0.0,0.4375,-0.4,1.0,58.0,118.0,16.0,16.0,496.0,0.0,0.0,-0.07142857142857142,0.0,-0.125,0.03999999999999915,0.0,-2.9795000000000016,-1.4795000000000016,-2.133800000000001,-2.0726000000000013,-1.7550999999999988,0.12992835545415177,0.5192301994298866,2.0,3.0,1.0,0.11666666666666667,0.4,2.0,1.0,0.07142857142857142,0.019083827201908404
697,202305021111,20,10,20,146,1,3,2,8,0,0,0,0,13,5,8,64,1,2,1,3,0,0,0,0,1,1,1,10,0,0,0,0,0,0,0,0,0.0,0.0,50.0,8.0,38.0,0.7,0.25,0.0,0.0,20.0,1.0,36.1,0.0,0.125,0.0,0.0,20.0,4.0,37.7,0.7,0.25,-2.0,2.0,0.0,0.06164383561643835,0.19863013698630136,4,7,11.8,5.0,1716,1322,1167,0.0,0.0,10.0,8.0,39.0,1.0,0.125,0.0,0.0,10.0,2.0,36.8,0.1,0.0625,-0.5,0.4,57.0,77.0,16.0,16.0,488.0,0.0,0.0,-0.0625,0.0,0.0,-0.04999999999999929,0.0,-0.27949999999999875,-2.1794999999999973,-0.5794999999999959,0.7205000000000013,-1.7775999999999996,0.075,0.9987992791347019,1.0,4.0,0.25,0.2857142857142857,0.35714285714285715,4.0,0.25,0.03502141597379693,-0.17857142857142855
698,202305021111,16,19,15,132,1,4,1,22,0,0,0,0,1,2,4,30,0,1,0,8,0,0,0,0,0,1,0,8,0,0,0,1,0,0,0,0,0.0,0.0,11.0,14.0,36.7,2.2,0.75,0.0,0.0,7.0,8.0,35.0,1.4,0.875,0.0,0.0,6.0,1.0,35.4,0.0,0.8666666666666667,-6.5,2.0,0.0,0.047337278106508875,0.16568047337278108,7,13,186.0,12.0,1167,1404,460,0.0,0.0,12.0,2.0,35.2,0.0,0.625,0.0,0.0,12.0,3.0,35.8,0.7,0.6875,-2.8000000000000003,0.6,57.0,-519.0,16.0,16.0,518.0,0.0,0.0,-0.06666666666666667,-0.0625,0.0625,0.16000000000000086,0.0,-1.579499999999996,-3.2794999999999987,-2.7537999999999982,-3.079499999999996,-2.4795000000000016,0.09816369548418148,0.6013318551349169,0.0,5.0,0.6,0.03225806451612903,0.1935483870967742,4.0,0.5,0.03409825468648997,-0.08095238095238094
699,202305021111,3,9,4,49,1,0,1,13,0,0,0,0,1,3,0,20,0,0,0,2,0,0,0,0,0,0,0,0,0,0,0,0,0,0,0,0,0.0,0.0,15.0,11.0,38.7,1.5,0.4375,0.0,0.0,16.0,10.0,36.8,1.2,0.625,0.0,0.0,14.0,13.0,36.1,0.8,0.4375,1.0,-8.0,-300.0,0.014705882352941176,0.0661764705882353,3,6,304.4,15.0,1447,1034,1721,0.0,0.0,15.0,12.0,38.1,1.7,0.6666666666666666,0.0,0.0,9.0,6.0,37.5,0.7,0.5384615384615384,-0.8,0.0,57.0,-407.0,16.0,16.0,466.0,-0.0625,0.0625,0.0,0.26666666666666666,0.0,0.11000000000000014,0.0,-0.6925999999999988,-1.3537999999999997,-2.1794999999999973,-1.5259,-0.7794999999999987,0.09410531505795236,0.920000000000001,0.0,3.0,0.0,0.0,0.0,2.0,0.0,-0.14198717948717948,-0.13333333333333333
700,202305021111,20,10,20,146,18,15,24,255,1,0,2,11,13,5,8,64,3,4,10,79,0,0,0,4,1,1,1,10,0,0,0,4,0,0,0,0,0.0,0.0,9.0,13.0,38.6,2.2,0.0625,0.0,0.0,7.0,13.0,41.4,4.2,0.35714285714285715,0.0,0.0,5.0,11.0,39.6,1.4,0.21428571428571427,-1.0,-2.0,-200.0,0.2,0.4,8,15,5.1,2.0,1716,1263,1167,0.0,0.0,3.0,13.0,36.6,1.9,0.5,0.0,0.0,5.0,4.0,36.5,0.5,0.5,-1.8,0.0,58.0,-498.0,16.0,16.0,520.0,0.0,0.35714285714285715,-0.07142857142857142,0.0625,-0.21428571428571427,0.9,0.0,1.3449000000000026,1.7740999999999971,0.2073999999999998,-1.3166999999999973,-2.7094000000000023,0.1693700814482768,1.8564482217395664,0.0,0.0,,0.15384615384615385,0.3076923076923077,0.0,,0.03502141597379693,0.03282493368700265
701,202305021111,43,41,42,253,17,25,19,185,0,1,0,1,13,15,18,95,7,6,8,58,0,0,0,0,0,2,1,10,0,1,1,4,0,0,0,0,0.0,0.0,20.0,2.0,35.4,0.0,0.8666666666666667,0.0,0.0,40.0,1.0,35.8,0.0,0.8125,0.0,0.0,30.0,4.0,36.8,0.6,0.4666666666666667,1.0,0.0,0.0,0.0,0.06666666666666667,2,4,9.2,4.0,1576,1183,1577,0.0,0.0,30.0,14.0,39.7,2.9,0.6875,0.0,0.0,10.0,6.0,38.8,1.5,0.3,2.1,0.4,57.0,56.0,16.0,15.0,490.0,-0.06666666666666667,-0.0625,0.0,-0.0625,-0.1,-1.0700000000000003,0.0,-2.8795,-1.8643,-1.2726000000000042,0.07410000000000139,-0.8259000000000043,0.21360984683920045,1.6804761230080016,0.0,2.0,1.0,0.21428571428571427,0.35714285714285715,1.0,1.0,-0.03389267477838315,-0.0538498326159732
702,202305021111,12,9,9,59,1,3,1,5,1,3,1,4,5,4,1,17,0,1,0,1,0,1,0,1,0,0,0,0,0,0,0,0,0,0,0,0,0.0,0.0,1.0,1.0,40.3,0.0,0.42857142857142855,0.0,0.0,10.0,7.0,35.9,1.0,0.375,0.0,0.0,10.0,11.0,38.7,2.7,0.46153846153846156,5.0,16.0,-200.0,0.06938775510204082,0.2571428571428571,3,5,7.9,3.0,1463,622,1167,0.0,0.0,3.0,7.0,36.8,0.8,0.25,0.0,0.0,1.0,1.0,36.3,0.0,0.3333333333333333,0.0,0.4,57.0,-404.0,16.0,14.0,538.0,-0.07142857142857142,0.0,0.15384615384615385,0.0,0.0,0.7100000000000002,0.0,2.3832999999999984,-2.0167,-0.9258999999999986,-1.4795000000000016,-1.9795000000000016,0.07426824613456448,1.6565023392678928,2.0,2.0,0.5,0.16363636363636364,0.34545454545454546,2.0,0.5,-0.03549135009809168,-0.07142857142857145
703,202305021111,0,0,0,2,0,0,0,2,0,0,0,2,0,0,0,2,0,0,0,2,0,0,0,2,0,0,0,1,0,0,0,1,0,0,0,1,0.0,0.0,5.0,5.0,38.2,0.3,0.8181818181818182,0.0,0.0,11.0,10.0,36.4,0.9,0.6153846153846154,0.0,0.0,12.0,6.0,36.5,0.6,0.7142857142857143,0.5,-10.0,170.0,0.0472972972972973,0.14864864864864866,1,1,375.4,16.0,857,1426,516,0.0,0.0,16.0,8.0,35.9,0.8,0.8125,0.0,0.0,13.0,14.0,36.8,1.7,0.5625,1.6,0.0,57.0,-327.0,16.0,11.0,498.0,-0.09090909090909091,0.0,0.0,-0.0625,0.0,0.3300000000000011,0.0,,-1.8795000000000002,-1.4110999999999976,-2.3795,-1.0211000000000041,0.10275100287854283,0.7761443164772918,1.0,2.0,0.0,0.09523809523809523,0.32142857142857145,2.0,0.0,,
704,202305021111,4,6,6,91,10,14,7,96,1,1,0,7,2,2,2,33,6,9,2,45,1,1,0,3,0,1,0,2,0,1,0,2,0,1,0,2,0.0,0.0,90.0,3.0,38.0,1.1,0.1875,0.0,0.0,100.0,9.0,38.4,0.8,0.125,0.0,0.0,70.0,9.0,38.4,0.9,0.14285714285714285,3.0,-12.0,0.0,0.0,0.14285714285714285,7,14,26.1,7.0,1403,1362,939,0.0,0.0,20.0,4.0,36.5,0.4,0.07142857142857142,0.0,0.0,100.0,5.0,38.1,0.4,0.125,-0.1,0.2,58.0,13.0,16.0,16.0,532.0,0.0625,0.0,0.0,0.0,0.0625,0.16999999999999957,0.0,0.3357000000000028,0.12049999999999983,0.12049999999999983,-1.7794999999999987,-0.17949999999999733,0.037286808960394824,0.7082372483850307,1.0,5.0,0.2,0.0,0.16666666666666666,4.0,0.0,0.06668350593584241,-0.033568172399502716
705,202305021111,8,7,5,65,19,18,17,223,1,1,0,2,3,3,1,17,10,4,3,73,1,1,0,0,0,0,0,2,3,1,0,7,0,0,0,0,0.0,0.0,90.0,8.0,36.1,0.9,0.5625,0.0,0.0,40.0,9.0,37.3,1.3,0.375,0.0,0.0,10.0,1.0,36.7,0.0,0.42857142857142855,-3.5,-2.0,200.0,0.06896551724137931,0.21839080459770116,6,11,50.7,8.0,1317,1558,1186,0.0,0.0,10.0,3.0,36.7,0.2,0.125,0.0,0.0,30.0,2.0,37.2,0.1,0.2,-1.8,0.6,57.0,97.0,16.0,16.0,444.0,0.0,0.0,-0.07142857142857142,0.0,-0.06666666666666667,-0.16000000000000086,0.0,-1.7682999999999964,-0.9795000000000016,-1.579499999999996,-1.579499999999996,-2.4891000000000005,0.15772457264588333,0.4289522117905435,0.0,3.0,0.6666666666666666,0.1,0.4,3.0,0.6666666666666666,-0.09243697478991597,0.0611517126001585
706,202305021111,2,2,0,5,2,2,0,3,2,2,0,3,0,0,0,1,0,0,0,1,0,0,0,1,0,0,0,1,0,0,0,1,0,0,0,1,0.0,0.0,3.0,6.0,40.5,3.0,0.8333333333333334,0.0,0.0,9.0,11.0,36.4,1.5,0.8125,0.0,0.0,10.0,5.0,37.3,1.1,0.4375,-0.5,-21.0,-200.0,0.0,0.0,2,3,96.7,9.0,262,845,939,0.0,0.0,8.0,11.0,36.7,1.9,0.5,0.0,0.0,11.0,9.0,35.7,0.9,0.6875,0.6,0.0,57.0,-421.0,16.0,6.0,497.0,0.0,0.0625,-0.125,0.0,-0.0625,0.929999999999999,0.0,3.2449000000000012,-1.8795000000000002,-0.36430000000000007,-1.579499999999996,-2.3725999999999985,0.16061946056163653,1.6714065932620938,1.0,3.0,0.0,0.07142857142857142,0.35714285714285715,2.0,0.0,,
707,202305021111,6,6,4,130,18,15,24,255,0,1,0,13,1,1,0,30,3,4,10,79,0,1,0,7,0,0,0,1,0,0,0,4,0,0,0,0,0.0,0.0,9.0,7.0,35.6,1.2,0.9166666666666666,0.0,0.0,10.0,9.0,37.1,1.0,0.5714285714285714,0.0,0.0,10.0,12.0,36.8,1.5,0.625,2.5,6.0,200.0,0.039603960396039604,0.19801980198019803,6,12,116.9,10.0,1009,1263,298,0.0,0.0,10.0,6.0,35.1,0.3,0.625,0.0,0.0,7.0,7.0,37.0,0.9,0.2727272727272727,-0.3,0.0,55.0,-119.0,16.0,12.0,464.0,0.0,0.07142857142857142,0.0,0.0,0.09090909090909091,-0.07999999999999971,0.0,-1.817700000000002,-0.8110999999999962,-1.4795000000000016,-2.317700000000002,-0.9110999999999976,0.20465977473691221,0.8133879763065095,0.0,1.0,0.0,0.06896551724137931,0.10344827586206896,1.0,0.0,0.11976875706924722,0.03282493368700265
708,202305021111,0,0,0,64,5,5,3,59,0,0,0,0,0,0,0,22,2,5,2,20,0,0,0,0,0,0,0,1,0,0,0,1,0,0,0,0,0.0,0.0,10.0,1.0,38.8,0.0,0.4166666666666667,0.0,0.0,160.0,16.0,42.2,4.9,0.1875,0.0,0.0,150.0,12.0,37.3,2.2,0.8125,5.5,1.0,-300.0,0.0639269406392694,0.182648401826484,1,2,149.1,11.0,1482,1721,1263,0.0,0.0,110.0,13.0,37.1,1.6,0.5,0.0,0.0,80.0,16.0,39.5,3.0,0.4375,2.6999999999999997,0.2,57.0,-425.0,16.0,12.0,515.0,-0.25,0.625,0.1875,0.0625,0.4375,0.36999999999999955,0.0,-0.5926000000000045,2.982200000000006,-2.0926000000000045,-1.1794999999999973,-0.12590000000000146,0.20095259252979156,1.845426779907565,2.0,1.0,0.0,0.0,0.0,1.0,0.0,0.08695652173913043,0.02314814814814814
709,202305021111,16,16,15,141,1,3,2,40,0,0,0,3,9,9,7,56,1,0,0,14,0,0,0,1,2,1,0,3,0,0,0,2,0,0,0,1,0.0,0.0,1.0,1.0,39.1,0.0,0.1111111111111111,0.0,0.0,14.0,14.0,35.9,1.6,0.9375,0.0,0.0,15.0,11.0,36.4,1.6,0.75,5.0,-11.0,0.0,0.024539877300613498,0.10429447852760736,5,9,291.2,14.0,1278,1511,625,0.0,0.0,12.0,15.0,39.5,2.5,0.3333333333333333,0.0,0.0,11.0,8.0,36.1,1.0,0.8125,1.5,0.2,58.0,-372.0,16.0,9.0,481.0,0.0,0.0,0.125,0.13333333333333333,0.125,0.23999999999999985,0.0,1.4357000000000042,-2.3795,-1.4211000000000027,0.10739999999999839,-2.1794999999999973,0.3133907059373351,1.564608577248636,2.0,3.0,0.3333333333333333,0.0,0.2,2.0,0.0,0.010563380281690127,0.10766045548654243
710,202305021111,17,18,10,162,17,25,19,185,3,1,0,7,10,9,5,93,7,6,8,58,3,1,0,3,0,1,0,9,0,1,1,4,0,1,0,1,0.0,0.0,1.0,,,,0.16666666666666666,0.0,0.0,10.0,12.0,38.6,2.7,0.8666666666666667,0.0,0.0,6.0,15.0,38.3,2.0,0.125,3.0,2.0,200.0,0.10273972602739725,0.3013698630136986,4,8,18.9,6.0,1172,1183,1556,0.0,0.0,15.0,13.0,38.3,1.9,0.125,0.0,0.0,1.0,1.0,36.6,0.0,0.18181818181818182,-3.5,0.25,59.0,-137.0,16.0,12.0,530.0,0.4166666666666667,0.06666666666666667,0.0,0.0,0.0,0.6,0.0,,0.4462000000000046,0.02049999999999841,0.22739999999999583,-1.3110999999999962,0.28770225847511255,0.7889866919029741,0.0,2.0,0.0,0.3333333333333333,0.5555555555555556,1.0,0.0,0.01460869565217393,-0.0538498326159732
711,202305021111,3,1,0,20,9,12,12,108,2,1,0,2,1,1,0,7,3,7,5,42,1,1,0,1,0,0,0,1,0,0,0,3,0,0,0,1,0.0,0.0,40.0,20.0,36.1,0.3,0.6666666666666666,0.0,0.0,140.0,140.0,39.7,5.9,1.0,0.0,0.0,130.0,160.0,37.4,3.3,0.9375,70.0,16.0,200.0,0.0625,0.125,5,10,261.7,13.0,1200,1221,324,0.0,0.0,160.0,150.0,35.4,1.8,1.0,0.0,0.0,110.0,80.0,35.9,1.1,1.0,13.0,0.0,57.0,-417.0,16.0,9.0,514.0,-0.1111111111111111,0.0,0.0625,0.0,0.0,0.470000000000001,0.0,-1.8110999999999962,0.30740000000000123,-0.8795000000000002,-2.017700000000005,-2.011099999999999,0.12936812246883353,1.5479018056711489,0.0,1.0,0.0,0.0,0.0,1.0,0.0,-0.07142857142857142,-0.024042553191489374
712,202305021202,16,16,15,141,1,0,1,11,0,0,0,0,9,9,7,56,0,0,1,5,0,0,0,0,2,2,2,23,0,0,0,3,0,0,0,0,0.0,0.0,60.0,5.0,38.8,1.5,0.5,,,,,,,,,,,,,,,,,200.0,0.03333333333333333,0.18,1,2,13.1,6.0,1278,1571,625,,,,,,,,,,,,,,,,0.0,56.0,91.0,16.0,16.0,480.0,0.0625,,,,,,,0.8888999999999996,,,,,,,0.0,0.0,,0.03125,0.125,0.0,,0.010563380281690127,-0.08241758241758243
713,202305021202,2,5,4,35,1,0,2,8,0,0,0,0,0,0,1,12,0,0,0,3,0,0,0,0,0,0,1,8,0,0,0,0,0,0,0,0,0.0,0.0,70.0,7.0,39.2,1.4,0.1875,,,,,,,,,,,,,,,,,-400.0,0.06882591093117409,0.2550607287449393,7,14,5.9,4.0,1674,577,1428,,,,,,,,,,,,,,,,0.0,56.0,70.0,16.0,16.0,486.0,0.0,,,,,,,0.1162000000000063,,,,,,,0.0,0.0,,0.0,0.1724137931034483,0.0,,-0.06413043478260871,-0.1727272727272727
714,202305021202,0,0,0,8,0,0,1,4,0,0,0,0,0,0,0,3,0,0,0,3,0,0,0,0,0,0,0,1,0,0,0,2,0,0,0,0,0.0,0.0,2.0,1.0,35.8,0.0,0.7333333333333333,0.0,0.0,4.0,3.0,35.9,0.4,0.7333333333333333,0.0,0.0,3.0,4.0,37.6,0.7,0.5,1.5,-6.0,200.0,0.025974025974025976,0.09090909090909091,3,6,5.0,3.0,1023,1317,1327,0.0,0.0,12.0,3.0,35.9,0.3,0.5,0.0,0.0,6.0,4.0,35.9,1.0,0.6875,0.6,0.6,56.0,-440.0,16.0,15.0,506.0,-0.13333333333333333,0.0,0.0,-0.0625,0.0,-0.020000000000000285,0.0,-2.1111000000000004,-2.011099999999999,-1.6094000000000008,-1.7642999999999986,-2.3795,0.1081280105553906,0.6910861017268412,-2.0,2.0,0.5,0.029411764705882353,0.058823529411764705,1.0,0.0,0.14285714285714285,
715,202305021202,43,41,42,253,8,2,7,62,0,0,0,3,13,15,18,95,3,2,2,19,0,0,0,0,2,3,1,12,0,1,2,14,0,0,0,0,0.0,0.0,3.0,10.0,43.8,4.3,0.2,0.0,0.0,1.0,11.0,39.0,2.3,0.4666666666666667,0.0,0.0,2.0,2.0,37.0,0.1,0.1875,-4.0,3.0,0.0,0.05555555555555555,0.1111111111111111,8,15,7.0,5.0,1576,1110,1577,0.0,0.0,3.0,3.0,37.4,0.6,0.25,0.0,0.0,5.0,4.0,38.3,1.1,0.375,-2.0,0.4,53.0,-248.0,16.0,10.0,497.0,0.2,0.13333333333333333,0.0,0.0,0.0,1.2600000000000002,0.0,5.520499999999998,1.0889000000000024,-0.8233000000000033,-0.8795000000000002,0.02049999999999841,0.10814085465005557,2.4511221919765642,-3.0,3.0,0.3333333333333333,0.02040816326530612,0.12244897959183673,3.0,0.3333333333333333,-0.03389267477838315,0.048961069978504884
716,202305021202,6,13,11,107,1,0,1,4,1,0,0,3,2,4,4,38,0,0,0,2,0,0,0,1,1,3,1,12,0,0,0,0,0,0,0,0,0.0,0.0,7.0,11.0,35.0,1.2,0.4,0.0,0.0,11.0,9.0,35.6,0.8,0.5714285714285714,0.0,0.0,5.0,9.0,36.6,1.0,0.5714285714285714,-1.0,2.0,200.0,0.06976744186046512,0.16279069767441862,4,7,13.4,7.0,1393,599,1263,0.0,0.0,4.0,12.0,38.7,1.9,0.375,0.0,0.0,5.0,1.0,35.8,0.0,0.3333333333333333,-1.7,0.2,54.0,-455.0,16.0,15.0,472.0,-0.06666666666666667,0.07142857142857142,0.0,0.0625,0.0,-0.4699999999999996,0.0,-0.153100000000002,0.4468999999999994,0.1589000000000027,0.7889000000000053,-0.6411000000000016,0.10121820348412278,1.2862348152650833,-2.0,0.0,,0.06896551724137931,0.25862068965517243,0.0,,-0.03920282129090463,-0.047619047619047616
717,202305021202,4,0,7,35,5,11,7,79,0,0,1,7,1,0,3,12,1,3,1,21,0,0,0,1,1,0,2,7,0,0,0,10,0,0,0,1,0.0,0.0,5.0,10.0,39.3,1.7,1.0,0.0,0.0,13.0,12.0,41.1,4.6,1.0,0.0,0.0,12.0,7.0,37.3,0.9,0.5,-1.5,11.0,0.0,0.0,0.06521739130434782,7,13,192.4,14.0,1204,1039,1221,0.0,0.0,8.0,7.0,36.9,1.4,0.8125,0.0,0.0,14.0,6.0,37.7,1.2,0.6875,-1.3,0.0,56.0,-375.0,16.0,11.0,465.0,-0.09090909090909091,-0.14285714285714285,0.14285714285714285,0.0,0.0,0.7399999999999991,0.0,1.0204999999999984,3.894600000000004,-2.0926000000000045,-1.3795000000000002,-0.5794999999999959,0.19121323175972943,1.5512575543732259,0.0,3.0,0.0,0.04838709677419355,0.14516129032258066,3.0,0.0,-0.10755148741418766,0.034783776524308335
718,202305021202,5,9,5,81,1,3,2,23,0,0,1,0,0,7,3,29,1,1,2,8,0,0,1,0,0,0,3,10,1,1,2,1,0,0,1,0,0.0,0.0,11.0,10.0,42.3,3.0,0.6428571428571429,0.0,0.0,3.0,10.0,35.8,1.5,0.8333333333333334,0.0,0.0,1.0,7.0,40.2,1.9,0.0625,-1.5,26.0,-200.0,0.24503311258278146,0.5033112582781457,8,16,3.7,1.0,1020,79,1576,0.0,0.0,6.0,3.0,37.9,0.3,0.3333333333333333,0.0,0.0,5.0,3.0,38.1,0.6,0.125,-2.1,0.4,56.0,-410.0,16.0,14.0,518.0,0.0,-0.08333333333333333,0.0,-0.13333333333333333,0.0,0.629999999999999,0.0,4.227399999999996,-0.09770000000000323,1.920500000000004,-0.011099999999999,0.27669999999999817,0.2968943557957971,2.213232929449587,0.0,1.0,0.0,0.13580246913580246,0.3148148148148148,1.0,0.0,0.16294117647058826,0.015325670498084282
719,202305021202,0,1,0,2,24,19,11,236,0,0,0,0,0,1,0,2,7,2,1,59,0,0,0,0,0,1,0,2,4,0,0,25,0,0,0,0,0.0,0.0,8.0,3.0,39.6,0.5,0.16666666666666666,0.0,0.0,11.0,7.0,39.1,2.3,0.25,0.0,0.0,9.0,8.0,39.1,2.1,0.5,2.5,33.0,200.0,0.03076923076923077,0.1076923076923077,6,12,71.4,9.0,1498,1294,1036,0.0,0.0,11.0,5.0,38.3,1.5,0.625,0.0,0.0,13.0,8.0,37.3,0.7,0.4375,0.8,0.2,54.0,-369.0,16.0,12.0,509.0,0.0,0.0,0.0625,-0.0625,-0.0625,0.5400000000000013,0.0,1.7789000000000001,1.0274,0.8205000000000027,0.02049999999999841,-0.5211000000000041,0.16666666666666669,0.8059776671843972,-2.0,2.0,0.0,0.0,0.1774193548387097,2.0,0.0,,0.05268199233716475
720,202305021202,0,2,1,16,14,9,8,141,0,0,0,0,0,0,1,4,2,1,3,49,0,0,0,0,0,0,1,4,0,0,1,13,0,0,0,0,0.0,0.0,30.0,6.0,39.7,3.2,0.6363636363636364,0.0,0.0,80.0,9.0,40.0,2.3,0.1875,0.0,0.0,70.0,9.0,38.8,1.4,0.375,1.5,-2.0,100.0,0.021739130434782608,0.13043478260869565,2,4,70.7,8.0,1534,1618,1235,0.0,0.0,60.0,10.0,39.3,1.4,0.1875,0.0,0.0,80.0,11.0,36.8,1.3,0.25,1.1,0.0,55.0,-414.0,16.0,11.0,518.0,0.0,0.0,0.125,0.0625,0.125,0.6500000000000015,0.0,2.265900000000002,1.7205000000000013,0.9788999999999959,1.3888999999999996,1.6468999999999951,0.169031942308728,1.1338430226446705,-1.0,1.0,0.0,0.07792207792207792,0.22077922077922077,1.0,0.0,-0.15789473684210525,0.06466540104413859
721,202305021202,0,0,0,1,4,7,7,131,0,0,0,0,0,0,0,0,1,3,1,42,0,0,0,0,0,0,0,0,0,1,0,17,0,0,0,0,0.0,0.0,50.0,12.0,41.1,3.9,0.6153846153846154,0.0,0.0,100.0,9.0,36.5,0.9,0.7333333333333333,0.0,0.0,100.0,11.0,36.4,1.9,0.5714285714285714,-0.5,-8.0,-400.0,0.1509433962264151,0.3443396226415094,1,1,73.5,10.0,1725,1559,1503,,,,,,,,,,,,,,,-0.5,0.0,56.0,98.0,16.0,13.0,464.0,0.23076923076923078,0.0,-0.14285714285714285,,,2.3500000000000014,0.0,1.410899999999998,0.46999999999999886,0.9407999999999959,,,0.06835949563679221,2.1924111536540476,0.0,0.0,,0.05555555555555555,0.1111111111111111,0.0,,,0.07049897869857018
722,202305021202,9,6,8,51,0,0,1,6,0,0,0,0,2,3,3,20,0,0,1,4,0,0,0,0,1,3,2,10,0,0,1,2,0,0,0,0,0.0,0.0,2.0,11.0,41.7,3.3,0.8333333333333334,0.0,0.0,12.0,9.0,39.1,2.3,0.5,0.0,0.0,12.0,8.0,40.2,2.5,0.4666666666666667,-1.5,-6.0,-100.0,0.034482758620689655,0.06896551724137931,2,3,443.6,16.0,1677,1300,1167,0.0,0.0,14.0,7.0,38.2,0.8,0.4,0.0,0.0,16.0,11.0,38.4,2.8,0.875,-0.2,0.0,56.0,-425.0,16.0,12.0,478.0,-0.08333333333333333,-0.07142857142857142,-0.06666666666666667,-0.13333333333333333,0.0625,0.7500000000000007,0.0,,-0.10940000000000083,1.3872,-0.32150000000000034,0.12049999999999983,0.19835434062415788,1.295221988695375,0.0,1.0,0.0,0.05357142857142857,0.21428571428571427,1.0,0.0,-0.10492845786963434,-0.01785714285714285
723,202305021202,0,0,1,18,17,25,19,185,0,0,0,0,0,0,1,11,7,6,8,58,0,0,0,0,0,0,1,8,2,2,1,15,0,0,0,0,0.0,0.0,80.0,1.0,38.8,0.0,0.8333333333333334,0.0,0.0,140.0,12.0,40.8,3.3,0.8,0.0,0.0,160.0,11.0,38.7,3.1,0.6875,5.0,-3.0,-100.0,0.0,0.07692307692307693,3,5,119.5,12.0,1704,1183,1712,0.0,0.0,120.0,12.0,38.5,2.8,1.0,,,,,,,,3.2,0.25,54.0,-424.0,16.0,12.0,537.0,-0.5,0.2,0.0625,-0.0625,,0.2999999999999986,0.0,,1.1740999999999957,0.6274000000000015,0.22050000000000125,,0.11193434180357698,0.9300537618869124,1.0,1.0,0.0,0.02,0.14,1.0,0.0,-0.05263157894736842,-0.0538498326159732
724,202305021202,5,10,5,88,4,2,3,18,0,0,0,2,3,2,0,20,0,1,1,6,0,0,0,0,1,0,0,5,0,0,1,0,0,0,0,0,0.0,0.0,9.0,9.0,41.4,3.1,0.75,0.0,0.0,15.0,13.0,39.1,2.9,0.8125,0.0,0.0,17.0,13.0,38.3,3.0,0.3888888888888889,2.0,7.0,-100.0,0.0,0.08108108108108109,6,11,365.0,15.0,1561,695,1263,0.0,0.0,15.0,9.0,34.6,1.1,0.3333333333333333,,,,,,,,0.0,0.0,54.0,-319.0,16.0,12.0,457.0,0.25,-0.0625,0.2777777777777778,0.05555555555555555,,2.1199999999999997,0.0,,0.8205000000000027,2.3833999999999946,-0.47469999999999857,,0.21213970681683647,2.445914961727001,0.0,1.0,0.0,0.06666666666666667,0.1,1.0,0.0,0.03019943019943022,0.0
725,202305021202,43,41,42,253,17,25,19,185,0,1,0,1,13,15,18,95,7,6,8,58,0,0,0,0,2,3,1,12,2,2,1,15,0,0,0,0,0.0,0.0,4.0,4.0,40.3,3.4,0.625,0.0,0.0,13.0,14.0,39.8,2.9,0.5,,,,,,,,10.0,-32.0,0.0,0.0,0.0,4,8,126.9,13.0,1576,1183,1577,,,,,,,,,,,,,,,10.0,0.0,56.0,-168.0,16.0,8.0,506.0,-0.125,0.0625,,,,0.5,0.0,2.1462000000000003,1.5204999999999984,,,,0.0625,0.25,0.0,2.0,0.0,0.09411764705882353,0.3176470588235294,1.0,0.0,-0.03389267477838315,-0.0538498326159732
726,202305021202,4,3,1,29,11,8,5,58,0,0,0,0,2,1,1,13,2,1,0,16,0,0,0,0,1,0,0,3,0,1,0,6,0,0,0,0,0.0,0.0,1.0,8.0,41.1,2.1,0.21428571428571427,0.0,0.0,2.0,15.0,41.3,4.1,0.375,0.0,0.0,3.0,5.0,39.5,2.1,0.375,-1.5,13.0,-100.0,0.14285714285714285,0.3469387755102041,5,10,3.9,2.0,1629,334,1428,0.0,0.0,1.0,7.0,39.3,2.2,0.5,0.0,0.0,2.0,2.0,36.3,0.0,0.5333333333333333,-2.0,0.2,56.0,-424.0,16.0,14.0,523.0,0.07142857142857142,0.0,-0.0625,-0.1875,0.0,1.1600000000000008,0.0,,3.0204999999999984,1.4273999999999987,-0.3259000000000043,-0.9551000000000016,0.1127088638122992,1.7933209417167921,0.0,1.0,0.0,0.058823529411764705,0.17647058823529413,1.0,0.0,0.09957325746799428,-0.028531983433041863
727,202305021202,0,2,3,28,19,18,17,223,0,1,0,2,0,0,0,7,10,4,3,73,0,0,0,0,0,0,0,5,3,0,1,27,0,0,0,0,0.0,0.0,11.0,16.0,40.5,4.5,0.75,,,,,,,,,,,,,,,,,0.0,0.04697986577181208,0.1476510067114094,5,9,115.8,11.0,1583,1558,118,,,,,,,,,,,,,,,,0.0,53.0,0.0,16.0,16.0,486.0,0.125,,,,,,,2.2205000000000013,,,,,,,0.0,1.0,0.0,0.03896103896103896,0.15584415584415584,1.0,0.0,0.008484848484848484,0.0611517126001585
728,202305021206,9,7,9,91,3,2,2,17,0,0,0,3,2,1,4,32,0,1,1,8,0,0,0,1,1,0,3,10,0,0,0,3,0,0,0,1,0.0,0.0,130.0,11.0,38.9,1.9,0.5,0.0,0.0,90.0,14.0,39.6,2.9,0.125,0.0,0.0,60.0,4.0,38.2,1.2,0.23076923076923078,-3.5,-4.0,-200.0,0.02564102564102564,0.10256410256410256,2,3,20.3,8.0,1304,910,1503,0.0,0.0,110.0,1.0,38.1,0.0,0.06666666666666667,,,,,,,,-4.0,0.25,58.0,99.0,16.0,16.0,508.0,0.0,0.0,-0.07692307692307693,0.0,,0.379999999999999,0.0,0.9476000000000013,1.5274,0.1274000000000015,-0.47759999999999536,,0.1662843093129013,0.6041522986797281,0.0,0.0,,0.06172839506172839,0.18518518518518517,0.0,,0.005261979399910438,-0.005952380952380987
729,202305021206,10,4,8,54,13,13,12,182,0,0,0,2,2,3,4,26,3,3,3,65,0,0,0,1,0,0,0,7,0,0,0,11,0,0,0,0,0.0,0.0,2.0,2.0,40.2,0.6,0.38461538461538464,0.0,0.0,10.0,9.0,37.3,2.0,0.8666666666666667,0.0,0.0,8.0,14.0,40.2,2.3,0.0625,6.0,9.0,-100.0,0.06854838709677419,0.25806451612903225,7,14,9.3,4.0,1601,1405,239,0.0,0.0,6.0,8.0,38.1,1.1,0.15384615384615385,0.0,0.0,9.0,10.0,39.1,2.1,0.1875,1.5,0.2,58.0,-501.0,16.0,13.0,497.0,0.0,-0.06666666666666667,0.0625,0.0,0.1875,0.13999999999999985,0.0,,-0.8537999999999997,0.5741000000000014,-1.2926000000000002,-0.5259,0.28770866137988377,1.1478675881825413,2.0,1.0,0.0,0.03125,0.09375,0.0,,-0.08114035087719298,0.04068736141906873
730,202305021206,7,2,9,76,11,13,6,86,0,1,0,1,2,1,1,28,4,8,2,42,0,1,0,0,0,1,0,4,2,1,1,7,0,1,0,0,0.0,0.0,1.0,4.0,39.9,0.9,0.6363636363636364,0.0,0.0,11.0,13.0,36.9,2.2,0.625,0.0,0.0,7.0,6.0,36.7,1.6,0.8666666666666667,1.0,-4.0,-200.0,0.06818181818181818,0.1590909090909091,6,11,32.7,11.0,1713,1393,215,0.0,0.0,11.0,3.0,35.9,0.3,0.875,0.0,0.0,7.0,6.0,36.1,1.2,0.875,-0.6,0.2,56.0,-249.0,16.0,11.0,512.0,-0.18181818181818182,0.0,-0.06666666666666667,0.0,0.0,0.8599999999999994,0.0,1.8273999999999972,-1.3795000000000002,-1.579499999999996,-2.3795,-1.4913999999999987,0.1184238004396082,1.4477568856683078,1.0,3.0,0.3333333333333333,0.08737864077669903,0.2524271844660194,3.0,0.3333333333333333,-0.0301990391214825,-0.10199418363107604
731,202305021206,43,41,42,253,11,13,6,86,3,1,2,4,13,15,18,95,4,8,2,42,2,1,1,0,3,5,4,26,2,1,1,7,1,0,1,0,0.0,0.0,90.0,9.0,35.1,0.9,0.9375,0.0,0.0,40.0,6.0,36.8,0.8,0.8125,0.0,0.0,50.0,5.0,36.8,1.0,0.9333333333333333,-2.0,-2.0,200.0,0.02666666666666667,0.06666666666666667,7,13,9.6,5.0,1576,1393,1577,0.0,0.0,30.0,11.0,40.3,1.0,0.5,0.0,0.0,40.0,4.0,38.9,0.6,0.3076923076923077,-0.5,0.0,56.0,64.0,16.0,16.0,484.0,-0.0625,-0.0625,-0.13333333333333333,-0.3125,-0.15384615384615385,-1.1099999999999994,0.0,-2.3160999999999987,-1.4795000000000016,-1.0683000000000007,0.6108999999999938,-0.7259000000000029,0.25195085316959387,1.8170305445974198,-2.0,1.0,0.0,0.0,0.2,1.0,0.0,-0.03389267477838315,-0.10199418363107604
732,202305021206,4,5,4,48,17,25,19,185,0,1,1,0,2,1,2,16,7,6,8,58,0,0,1,0,0,0,0,5,0,1,0,15,0,0,0,0,0.0,0.0,50.0,3.0,37.3,0.4,0.1875,0.0,0.0,60.0,7.0,38.5,0.9,0.125,0.0,0.0,120.0,4.0,37.5,0.4,0.5,0.5,-4.0,100.0,0.07446808510638298,0.26595744680851063,5,9,5.4,2.0,1467,1183,336,0.0,0.0,30.0,7.0,36.9,0.5,0.3333333333333333,0.0,0.0,20.0,4.0,35.6,0.5,0.4166666666666667,0.2,0.2,58.0,22.0,16.0,16.0,470.0,0.0,0.0,-0.125,0.0,0.0,0.4999999999999993,0.0,-0.291400000000003,0.22050000000000125,-0.4110999999999976,0.45889999999999986,-0.8410999999999973,0.13944333775567927,0.9414881836751852,0.0,1.0,0.0,0.13333333333333333,0.3,1.0,0.0,0.12021857923497267,-0.0538498326159732
733,202305021206,12,9,11,80,7,4,4,70,1,0,0,1,3,2,2,27,1,0,0,27,0,0,0,1,1,2,1,9,0,0,0,8,0,0,0,1,0.0,0.0,10.0,11.0,35.7,1.1,0.375,0.0,0.0,8.0,3.0,36.3,0.6,0.5454545454545454,0.0,0.0,14.0,7.0,36.3,0.5,0.7333333333333333,-2.0,8.0,0.0,0.0,0.2222222222222222,1,1,177.3,14.0,1586,1503,1167,0.0,0.0,7.0,8.0,36.6,0.6,0.7333333333333333,0.0,0.0,15.0,6.0,37.5,0.2,0.8125,-0.5,0.2,56.0,-496.0,16.0,16.0,476.0,0.0625,-0.09090909090909091,0.06666666666666667,0.0,-0.1875,-0.38999999999999985,0.0,-1.9642999999999944,-1.6111000000000004,-1.6111000000000004,-1.3110999999999962,-0.4110999999999976,0.1589605526546617,0.5878775382679624,0.0,1.0,0.0,0.038461538461538464,0.20512820512820512,0.0,,-0.06653620352250489,0.016511867905056737
734,202305021206,6,2,13,58,3,3,10,60,1,0,1,8,1,1,3,17,0,0,2,22,0,0,0,3,0,0,0,8,0,0,0,12,0,0,0,3,0.0,0.0,20.0,6.0,36.8,1.0,0.1875,0.0,0.0,30.0,2.0,37.6,0.1,0.625,0.0,0.0,30.0,5.0,36.2,1.1,0.4375,-0.5,-12.0,100.0,0.0,0.02631578947368421,1,2,30.9,10.0,1426,1228,306,0.0,0.0,40.0,4.0,37.6,0.9,0.375,0.0,0.0,40.0,6.0,39.6,1.0,0.125,0.2,0.2,58.0,385.0,16.0,16.0,514.0,0.0,-0.1875,0.0,-0.125,-0.0625,-0.5600000000000008,0.0,-0.791400000000003,-0.31109999999999616,-1.4642999999999944,-0.4725999999999999,-0.08910000000000196,0.17940875118009156,1.148216007552586,1.0,1.0,0.0,0.1111111111111111,0.25,0.0,,0.050843881856540096,0.04344193817878028
735,202305021206,11,8,8,84,2,1,3,16,0,0,1,1,0,2,1,13,2,1,1,6,0,0,0,0,0,0,0,2,0,0,0,3,0,0,0,0,0.0,0.0,10.0,4.0,37.3,0.4,0.125,0.0,0.0,30.0,2.0,37.1,0.3,0.1875,0.0,0.0,40.0,5.0,40.3,0.7,0.25,0.5,-2.0,0.0,0.05555555555555555,0.2222222222222222,6,12,2.2,1.0,1428,332,1263,0.0,0.0,20.0,13.0,40.6,2.2,0.2,0.0,0.0,20.0,4.0,36.6,0.6,0.4166666666666667,1.1,0.2,58.0,63.0,16.0,16.0,464.0,0.0,0.125,0.0,0.13333333333333333,-0.08333333333333333,-0.21000000000000085,0.0,-0.5984000000000052,-1.1794999999999973,0.6740999999999957,0.910899999999998,-1.4726,0.09879833556852621,1.7080983578236935,0.0,2.0,0.5,0.07272727272727272,0.2545454545454545,1.0,1.0,-0.07016632016632018,0.0
736,202305021206,2,2,5,52,29,23,21,228,0,1,1,6,0,1,3,10,13,9,13,81,0,1,1,4,0,1,1,6,2,3,3,28,0,1,1,3,0.0,0.0,6.0,7.0,41.3,2.8,0.25,0.0,0.0,14.0,14.0,38.1,2.8,0.7857142857142857,0.0,0.0,13.0,9.0,38.0,1.8,0.625,1.0,0.0,0.0,0.016129032258064516,0.06451612903225806,4,7,176.0,13.0,1098,1556,1294,0.0,0.0,13.0,12.0,35.3,1.6,0.8,0.0,0.0,13.0,10.0,39.4,2.0,0.6923076923076923,0.4,0.0,54.0,-148.0,16.0,8.0,476.0,0.5,0.07142857142857142,0.0,0.06666666666666667,0.07692307692307693,0.6600000000000001,0.0,3.0204999999999984,0.02740000000000009,-0.27949999999999875,0.14689999999999515,0.0073999999999969646,0.200724866833179,1.963058837630701,0.0,2.0,0.0,0.03571428571428571,0.11904761904761904,2.0,0.0,0.056540649046503855,-0.01480214466629387
737,202305021206,5,4,3,36,0,3,4,24,0,1,1,2,2,2,2,15,0,1,2,7,0,1,1,2,0,1,1,6,0,0,1,5,0,0,0,1,0.0,0.0,1.0,2.0,40.4,0.1,0.2222222222222222,0.0,0.0,11.0,12.0,38.6,1.6,0.3333333333333333,0.0,0.0,13.0,9.0,38.0,1.4,0.4666666666666667,3.5,11.0,0.0,0.0,0.07894736842105263,3,5,20.2,7.0,1310,1713,1618,0.0,0.0,15.0,14.0,40.8,2.1,0.13333333333333333,0.0,0.0,12.0,10.0,39.5,1.2,0.125,1.8,0.2,58.0,-505.0,16.0,9.0,539.0,0.0,0.0,-0.13333333333333333,0.06666666666666667,-0.0625,-0.039999999999999855,0.0,2.2462000000000018,0.5274000000000001,-0.27949999999999875,1.1740999999999957,-0.12590000000000146,0.12939078525398157,1.053755189785558,2.0,2.0,0.5,0.05,0.1875,1.0,0.0,-0.08333333333333334,-0.02580645161290321
738,202305021206,12,9,11,80,29,23,21,228,0,1,0,4,3,2,2,27,13,9,13,81,0,1,0,2,1,2,1,9,2,3,3,28,0,1,0,2,0.0,0.0,9.0,8.0,39.8,1.3,0.125,0.0,0.0,13.0,4.0,37.5,0.5,0.13333333333333333,0.0,0.0,12.0,12.0,36.2,1.8,1.0,2.0,-6.0,0.0,0.05263157894736842,0.10526315789473684,2,4,18.0,6.0,1586,1556,1167,0.0,0.0,11.0,5.0,37.4,0.5,0.3333333333333333,0.0,0.0,6.0,11.0,37.4,1.8,0.875,0.7,0.0,53.0,-196.0,16.0,16.0,478.0,0.0,0.0,-0.0625,-0.13333333333333333,0.0,0.4899999999999999,0.0,1.5204999999999984,-0.7794999999999987,-1.2177000000000007,-0.511099999999999,-0.8795000000000002,0.37235735523821734,1.1723480711802259,0.0,3.0,0.0,0.10679611650485436,0.2621359223300971,3.0,0.0,-0.06653620352250489,-0.01480214466629387
739,202305021206,6,2,13,58,14,9,8,141,0,0,0,3,1,1,3,17,2,1,3,49,0,0,0,2,0,0,0,8,0,0,0,15,0,0,0,2,0.0,0.0,30.0,11.0,37.8,1.9,0.21428571428571427,0.0,0.0,50.0,2.0,37.1,0.1,0.1875,0.0,0.0,100.0,8.0,37.8,0.9,0.3125,-1.5,2.0,200.0,0.03508771929824561,0.07017543859649122,4,8,27.8,9.0,1426,1618,306,0.0,0.0,120.0,9.0,37.2,0.9,0.25,0.0,0.0,70.0,5.0,37.4,1.1,0.125,-0.5,0.2,58.0,42.0,16.0,14.0,458.0,0.0,0.0,0.0625,0.1875,0.0,0.06999999999999958,0.0,0.38229999999999364,-0.3160999999999987,-0.4795000000000016,-1.079499999999996,-0.4233000000000047,0.06252550500004142,0.29393876913397926,0.0,2.0,0.0,0.0,0.08955223880597014,2.0,0.0,0.050843881856540096,0.06466540104413859
740,202305021206,0,2,1,16,29,23,21,228,0,0,1,0,0,0,1,4,13,9,13,81,0,0,1,0,0,0,0,0,2,3,3,28,0,0,0,0,0.0,0.0,10.0,1.0,36.9,0.0,0.06666666666666667,0.0,0.0,30.0,3.0,37.6,0.8,0.14285714285714285,0.0,0.0,30.0,3.0,36.4,0.4,0.125,1.0,4.0,200.0,0.060810810810810814,0.20945945945945946,3,6,8.1,3.0,1534,1556,1235,0.0,0.0,40.0,3.0,38.5,0.2,0.0625,0.0,0.0,30.0,4.0,38.4,1.1,0.1875,0.6,0.8,56.0,280.0,16.0,15.0,472.0,0.0,0.0,0.0625,0.0,0.0,-0.38999999999999985,0.0,-0.9682999999999993,-0.26829999999999643,-0.7229000000000028,0.22050000000000125,0.9822999999999951,0.04734235087045259,0.8212186067059127,2.0,1.0,1.0,0.13114754098360656,0.4098360655737705,1.0,1.0,-0.15789473684210525,-0.01480214466629387
741,202305021206,5,4,3,36,1,0,0,7,1,0,0,1,2,2,2,15,1,0,0,3,1,0,0,1,0,1,1,6,0,0,0,1,0,0,0,1,0.0,0.0,7.0,3.0,42.9,0.5,0.2857142857142857,0.0,0.0,12.0,14.0,38.1,2.6,1.0,0.0,0.0,9.0,13.0,37.2,2.6,0.9375,5.0,20.0,-200.0,0.03355704697986577,0.18120805369127516,5,10,81.6,12.0,1310,237,1618,0.0,0.0,11.0,14.0,35.7,2.2,1.0,0.0,0.0,8.0,12.0,36.4,1.4,0.6875,1.8,0.2,58.0,-425.0,16.0,7.0,540.0,-0.14285714285714285,0.0,0.0,0.0,-0.25,1.5399999999999998,0.0,4.827399999999997,-0.17949999999999733,-0.3913999999999973,-1.7177000000000007,-1.4211000000000027,0.2736632632134848,2.549195951667897,2.0,1.0,0.0,0.04918032786885246,0.14754098360655737,1.0,0.0,-0.08333333333333334,-0.125
742,202305021206,12,9,9,59,7,1,4,51,0,0,0,0,5,4,1,17,4,0,2,21,0,0,0,0,3,1,0,6,0,0,1,7,0,0,0,0,0.0,0.0,8.0,12.0,40.8,4.8,1.0,0.0,0.0,16.0,15.0,38.9,2.7,0.625,0.0,0.0,14.0,11.0,40.5,3.8,0.2857142857142857,-0.5,7.0,0.0,0.07142857142857142,0.10714285714285714,8,16,220.4,16.0,1463,1170,1167,0.0,0.0,13.0,11.0,39.1,2.4,0.8666666666666667,0.0,0.0,7.0,7.0,36.7,1.9,0.9090909090909091,-1.4,0.0,56.0,-154.0,16.0,12.0,463.0,0.0,0.0,0.5714285714285714,0.13333333333333333,0.0,0.7999999999999986,0.0,2.5204999999999984,0.6204999999999998,1.2905999999999977,-0.2926000000000002,-1.1210999999999984,0.25760438198109475,1.456021977856102,1.0,2.0,0.0,0.08823529411764706,0.2549019607843137,2.0,0.0,-0.03549135009809168,0.10952380952380952
743,202305021206,2,2,5,52,18,15,24,255,0,0,0,0,0,1,3,10,3,4,10,79,0,0,0,0,0,1,1,6,1,1,1,17,0,0,0,0,0.0,0.0,16.0,13.0,36.7,1.4,0.4375,0.0,0.0,15.0,16.0,39.9,2.9,0.1875,0.0,0.0,9.0,16.0,38.9,2.2,0.1875,1.5,6.0,200.0,0.0,0.13333333333333333,8,15,207.5,15.0,1098,1263,1294,0.0,0.0,1.0,1.0,39.0,0.0,0.2857142857142857,0.0,0.0,8.0,6.0,35.2,0.4,0.23076923076923078,-2.9,0.2,53.0,-70.0,16.0,16.0,470.0,0.0,0.0,0.0,0.0,0.0,0.38999999999999985,0.0,0.6052000000000035,1.6204999999999998,0.7462000000000018,0.7205000000000013,-0.7224999999999966,0.09313044992274906,1.728120366178234,0.0,3.0,0.3333333333333333,0.06779661016949153,0.2033898305084746,2.0,0.5,0.056540649046503855,0.03282493368700265
744,202305030102,0,2,0,10,2,4,3,19,0,0,0,0,0,1,0,3,0,1,0,5,0,0,0,0,0,1,0,0,0,1,0,3,0,0,0,0,0.0,0.0,10.0,6.0,36.6,1.1,0.3125,0.0,0.0,30.0,7.0,35.8,0.8,0.3125,0.0,0.0,10.0,2.0,34.2,0.0,0.47058823529411764,-2.0,6.0,200.0,0.19672131147540983,0.39344262295081966,6,12,2.6,2.0,1467,1294,336,,,,,,,,,,,,,,,-2.0,0.3333333333333333,54.0,55.0,16.0,16.0,464.0,0.0,0.0,-0.058823529411764705,,,1.1999999999999993,0.0,0.7837999999999994,0.7252999999999972,-0.9064999999999941,,,0.07452350880152339,0.9977753031397167,3.0,0.0,,0.14285714285714285,0.2857142857142857,0.0,,0.12021857923497267,0.05268199233716475
745,202305030102,3,0,0,8,1,1,2,11,0,0,0,0,0,0,0,2,0,0,1,4,0,0,0,0,0,0,0,1,0,0,1,2,0,0,0,0,0.0,0.0,4.0,2.0,38.2,0.1,0.1111111111111111,0.0,0.0,9.0,13.0,38.4,1.8,0.0625,0.0,0.0,10.0,2.0,36.4,0.5,0.0625,0.0,14.0,200.0,0.0,0.11764705882352941,7,13,43.1,10.0,1605,1393,1,0.0,0.0,7.0,8.0,41.6,3.1,0.6666666666666666,0.0,0.0,8.0,10.0,39.3,1.4,0.625,1.1,0.4,51.0,-415.0,16.0,9.0,460.0,0.0,0.0,0.0,-0.06666666666666667,-0.0625,-0.5399999999999991,0.0,0.28890000000000526,0.12049999999999983,-1.7537999999999982,2.390599999999999,1.4788999999999959,0.27871370106346377,1.695169608033368,-2.0,2.0,0.5,0.07142857142857142,0.25,0.0,,0.056687605331699115,-0.10199418363107604
746,202305030102,0,2,2,10,3,5,1,32,0,0,0,0,0,1,2,6,0,0,0,12,0,0,0,0,0,0,2,5,0,0,0,6,0,0,0,0,0.0,0.0,1.0,1.0,37.4,0.0,0.2,0.0,0.0,2.0,3.0,35.8,0.2,0.375,0.0,0.0,1.0,3.0,36.3,0.7,0.3125,1.0,4.0,200.0,0.10810810810810811,0.30405405405405406,4,7,2.4,1.0,1520,1167,695,0.0,0.0,1.0,4.0,40.4,1.4,0.0625,0.0,0.0,1.0,2.0,37.7,0.6,0.4375,0.3,0.8,54.0,-92.0,16.0,15.0,478.0,0.0,0.0625,-0.0625,0.0,-0.0625,-0.520000000000001,0.0,-0.511099999999999,-1.791400000000003,-1.8537999999999997,2.1205,-0.453799999999994,0.13308831654206166,1.599249824136305,0.0,3.0,0.6666666666666666,0.09302325581395349,0.313953488372093,0.0,,0.0023270846800258482,0.019083827201908404
747,202305030102,3,0,0,11,1,2,0,24,0,0,0,0,0,0,0,3,0,1,0,7,0,0,0,0,0,0,0,1,0,0,0,4,0,0,0,0,0.0,0.0,11.0,11.0,36.9,3.0,0.75,0.0,0.0,9.0,13.0,38.5,2.2,0.4375,0.0,0.0,11.0,4.0,36.4,0.8,0.1875,-3.5,-2.0,400.0,0.0,0.06451612903225806,3,6,52.4,11.0,1152,1183,1428,0.0,0.0,9.0,9.0,39.1,2.1,0.4666666666666667,0.0,0.0,10.0,4.0,37.4,1.1,0.5333333333333333,-1.8,0.0,54.0,-63.0,16.0,12.0,466.0,0.16666666666666666,0.125,0.0625,0.0,0.0,-0.16000000000000014,0.0,0.6257999999999981,0.22050000000000125,-1.7537999999999982,1.1889000000000038,-0.017700000000004934,0.18064314114973876,1.0011992808627073,0.0,2.0,0.0,0.0,0.1,0.0,,-0.0014982876712328896,-0.0538498326159732
748,202305030102,3,3,5,35,1,1,1,20,0,0,0,2,2,1,2,19,1,0,1,10,0,0,0,1,0,1,0,4,1,0,1,5,0,0,0,0,0.0,0.0,40.0,90.0,41.2,2.4,0.4166666666666667,0.0,0.0,160.0,170.0,38.8,3.4,0.11764705882352941,0.0,0.0,60.0,80.0,37.4,1.5,0.5625,-5.0,-11.0,0.0,0.06896551724137931,0.10344827586206896,5,10,43.0,9.0,1576,1345,1577,0.0,0.0,90.0,50.0,36.3,0.8,0.3125,0.0,0.0,80.0,130.0,38.6,2.6,0.4375,-4.0,0.0,52.0,-205.0,16.0,12.0,431.0,0.16666666666666666,0.0,0.0,-0.0625,0.0625,0.7700000000000002,0.0,3.046200000000006,3.725299999999997,-0.29169999999999874,-1.8537999999999997,0.6833000000000027,0.14884656813587785,1.639024099883832,-2.0,2.0,0.0,0.07272727272727272,0.21818181818181817,0.0,,-0.03389267477838315,-0.02467151904716891
749,202305030102,0,0,0,7,0,2,2,6,0,0,0,0,0,0,0,1,0,0,0,2,0,0,0,0,0,0,0,1,0,0,0,1,0,0,0,0,0.0,0.0,70.0,8.0,36.3,2.4,0.75,0.0,0.0,80.0,9.0,35.6,1.0,0.8125,0.0,0.0,50.0,13.0,36.3,1.7,0.17647058823529413,2.5,-10.0,-200.0,0.03333333333333333,0.06666666666666667,1,2,31.7,8.0,1310,1589,1618,0.0,0.0,70.0,6.0,35.7,0.7,0.5,0.0,0.0,60.0,8.0,36.2,1.0,0.11764705882352941,-0.3,0.0,54.0,76.0,16.0,8.0,512.0,-0.125,-0.0625,0.0,0.0625,0.0,0.009999999999998722,0.0,0.6500999999999948,0.5253000000000014,0.8407999999999944,0.5469000000000008,0.3838000000000008,0.2852751661382829,0.3059411708155654,0.0,0.0,,0.0,0.12280701754385964,0.0,,-0.08333333333333334,0.12301587301587302
750,202305030102,0,0,0,0,1,1,2,11,0,0,0,0,0,0,0,0,0,0,1,4,0,0,0,0,0,0,0,0,0,0,1,2,0,0,0,0,0.0,0.0,3.0,8.0,41.3,2.7,0.6,0.0,0.0,6.0,11.0,33.6,0.7,0.5,0.0,0.0,3.0,4.0,35.5,0.9,0.3125,-2.0,-2.0,0.0,0.033707865168539325,0.16853932584269662,2,4,14.6,5.0,1466,1393,1713,0.0,0.0,5.0,7.0,36.8,1.4,0.5,0.0,0.0,7.0,6.0,35.1,0.3,0.625,-0.8,0.0,54.0,-411.0,16.0,10.0,442.0,0.1,,0.0,0.0,-0.125,0.9199999999999996,0.0,3.0204999999999984,0.05660000000000309,0.346899999999998,-1.3537999999999997,-0.05310000000000059,0.11,2.6264805348602893,0.0,2.0,0.0,0.016666666666666666,0.06666666666666667,0.0,,,-0.10199418363107604
751,202305030102,0,0,0,0,0,0,0,1,0,0,0,0,0,0,0,0,0,0,0,0,0,0,0,0,0,0,0,0,0,0,0,0,0,0,0,0,0.0,0.0,5.0,3.0,40.4,0.1,0.5,0.0,0.0,11.0,6.0,37.5,1.7,0.7333333333333333,0.0,0.0,3.0,8.0,36.8,1.5,0.5625,2.5,13.0,0.0,0.06306306306306306,0.18018018018018017,7,14,11.0,3.0,1699,1673,1313,0.0,0.0,8.0,5.0,36.9,0.9,0.875,0.0,0.0,11.0,9.0,40.9,2.6,0.5,1.1,0.2,54.0,-419.0,16.0,12.0,447.0,-0.16666666666666666,0.0,0.0,-0.125,0.14285714285714285,-0.039999999999999855,0.0,2.1205,-0.4110999999999976,-1.3537999999999997,-1.2537999999999982,1.2740999999999971,0.14762941591852363,1.7787636155487327,3.0,3.0,0.3333333333333333,0.02040816326530612,0.1836734693877551,0.0,,,0.03070175438596491
752,202305030102,5,1,0,17,0,0,0,2,0,0,0,0,3,1,0,10,0,0,0,0,0,0,0,0,2,0,0,3,0,0,0,0,0,0,0,0,0.0,0.0,2.0,2.0,42.2,0.0,0.3333333333333333,0.0,0.0,12.0,13.0,36.9,1.8,0.7142857142857143,0.0,0.0,7.0,8.0,39.3,2.3,0.5555555555555556,3.0,-24.0,0.0,0.04666666666666667,0.14666666666666667,8,15,116.8,14.0,1716,324,1167,0.0,0.0,14.0,9.0,37.1,1.6,0.3125,0.0,0.0,10.0,14.0,39.1,3.4,0.7142857142857143,2.0,0.2,53.0,-403.0,16.0,12.0,464.0,-0.08333333333333333,0.14285714285714285,0.1111111111111111,-0.0625,0.21428571428571427,0.6,0.0,3.920500000000004,1.4407999999999959,0.7224000000000004,-1.0537999999999954,3.6407999999999987,0.17577215103756594,1.9145756710038921,2.0,2.0,0.5,0.0,0.08695652173913043,0.0,,0.03502141597379693,0.1777777777777778
753,202305030102,3,0,0,8,2,2,0,18,0,0,0,0,0,0,0,2,1,1,0,8,0,0,0,0,0,0,0,1,0,1,0,6,0,0,0,0,0.0,0.0,9.0,11.0,42.4,3.4,0.09090909090909091,0.0,0.0,13.0,8.0,39.2,2.1,0.6153846153846154,0.0,0.0,13.0,12.0,41.4,3.0,0.2857142857142857,0.5,-28.0,0.0,0.0,0.038461538461538464,8,16,31.3,7.0,1605,1221,1,0.0,0.0,11.0,8.0,39.5,2.2,0.7272727272727273,0.0,0.0,10.0,10.0,35.7,1.1,1.0,-0.2,0.0,54.0,-419.0,16.0,11.0,420.0,0.5454545454545454,0.07692307692307693,0.42857142857142855,-0.18181818181818182,-0.08333333333333333,1.3099999999999994,0.0,4.1205,-0.19259999999999877,2.007399999999997,0.29059999999999775,-0.19769999999999754,0.3220631722217088,2.300086954878009,2.0,1.0,0.0,0.01694915254237288,0.05084745762711865,0.0,,0.056687605331699115,-0.024042553191489374
754,202305030102,0,0,0,2,0,2,0,13,0,0,0,0,0,0,0,1,0,0,0,3,0,0,0,0,0,0,0,1,0,0,0,3,0,0,0,0,0.0,0.0,1.0,3.0,35.7,0.4,0.3333333333333333,0.0,0.0,15.0,11.0,36.8,1.8,0.75,0.0,0.0,13.0,10.0,40.4,2.4,0.4375,3.5,17.0,600.0,0.02127659574468085,0.1276595744680851,2,3,176.8,15.0,1672,1014,1167,0.0,0.0,13.0,12.0,41.3,2.5,0.5,0.0,0.0,12.0,14.0,41.6,4.7,0.7333333333333333,2.3,0.2,53.0,-410.0,16.0,12.0,485.0,0.0,0.0,-0.0625,0.0,0.13333333333333333,-1.6299999999999997,0.0,,-1.3537999999999997,2.1205,1.6740999999999957,1.9741,0.1647472812117598,2.4335981591051543,-2.0,2.0,0.0,0.014285714285714285,0.04285714285714286,0.0,,0.13333333333333336,-0.001984126984126977
755,202305030102,0,0,0,0,0,0,0,0,0,0,0,0,0,0,0,0,0,0,0,0,0,0,0,0,0,0,0,0,0,0,0,0,0,0,0,0,0.0,0.0,13.0,16.0,40.3,3.2,0.9375,0.0,0.0,13.0,12.0,36.7,2.0,1.0,0.0,0.0,10.0,15.0,40.4,4.0,0.1875,-0.5,4.0,200.0,0.08666666666666667,0.28,3,5,66.8,13.0,1045,432,969,0.0,0.0,4.0,5.0,39.8,2.5,0.21428571428571427,,,,,,,,-3.0,0.0,54.0,-292.0,16.0,16.0,494.0,0.0625,-0.0625,0.0625,-0.07142857142857142,,-0.21999999999999958,0.0,2.3888999999999996,-1.453799999999994,2.4833,1.7273999999999958,,0.38468053436638583,1.5182226450688956,0.0,1.0,0.0,0.08695652173913043,0.2608695652173913,0.0,,0.1515151515151515,
756,202305030102,2,1,0,16,3,0,1,17,0,0,0,0,1,0,0,4,1,0,1,6,0,0,0,0,1,0,0,3,0,0,0,4,0,0,0,0,0.0,0.0,8.0,11.0,39.0,1.7,0.8333333333333334,0.0,0.0,14.0,16.0,39.1,3.0,0.1875,0.0,0.0,3.0,6.0,37.9,0.8,0.4,-2.5,25.0,-100.0,0.1414141414141414,0.3434343434343434,4,8,14.4,4.0,1691,1559,1167,0.0,0.0,6.0,4.0,37.1,1.3,0.8,0.0,0.0,4.0,13.0,37.4,2.1,0.5625,-0.8,0.0,54.0,-389.0,16.0,12.0,447.0,0.0,0.0,0.2,0.0,0.0,0.5200000000000002,0.0,,0.8205000000000027,-0.011099999999999,-0.8110999999999962,-0.7537999999999982,0.24356438801908442,0.8173126696681022,1.0,2.0,0.0,0.19230769230769232,0.34615384615384615,0.0,,-0.0021298174442190843,0.07049897869857018
757,202305030102,1,0,0,0,2,2,2,1,0,0,0,0,0,0,0,0,2,1,1,0,0,0,0,0,0,0,0,0,2,0,1,0,0,0,0,0,0.0,0.0,2.0,6.0,38.5,0.9,0.6,0.0,0.0,17.0,11.0,35.3,1.0,0.7777777777777778,0.0,0.0,15.0,7.0,38.5,0.9,0.5625,0.5,26.0,-350.0,0.0,0.07692307692307693,5,9,64.4,12.0,1600,1208,680,0.0,0.0,12.0,14.0,37.5,2.3,0.5625,0.0,0.0,10.0,13.0,42.7,3.7,0.2,1.7,0.0,54.0,-414.0,16.0,10.0,476.0,0.1,0.05555555555555555,-0.0625,0.0,0.26666666666666666,-1.060000000000001,0.0,,-0.6166000000000054,0.42739999999999867,-0.6537999999999968,3.0741000000000014,0.18801554637585782,2.40333102172797,1.0,1.0,0.0,0.0,0.08823529411764706,0.0,,0.05844155844155843,0.1582150101419878
758,202305030102,0,0,0,0,0,0,0,4,0,0,0,0,0,0,0,0,0,0,0,0,0,0,0,0,0,0,0,0,0,0,0,0,0,0,0,0,0.0,0.0,5.0,2.0,37.9,0.1,0.35714285714285715,0.0,0.0,16.0,16.0,35.8,2.3,0.7222222222222222,0.0,0.0,10.0,12.0,35.3,1.3,0.75,5.0,12.0,200.0,0.04678362573099415,0.17543859649122806,6,11,17.6,6.0,1699,1317,1313,0.0,0.0,6.0,15.0,37.3,2.3,0.8125,0.0,0.0,8.0,4.0,38.4,1.3,0.2,0.3,0.2,54.0,-403.0,16.0,14.0,468.0,-0.07142857142857142,0.0,0.0625,-0.0625,-0.06666666666666667,-0.25,0.0,-0.011099999999999,0.7252999999999972,0.14689999999999515,-0.8537999999999997,0.8085999999999984,0.24354579972433538,1.19766439372639,0.0,1.0,0.0,0.1111111111111111,0.24444444444444444,0.0,,,
759,202305030102,0,0,0,0,0,0,0,9,0,0,0,0,0,0,0,0,0,0,0,3,0,0,0,0,0,0,0,0,0,0,0,2,0,0,0,0,0.0,0.0,3.0,5.0,40.4,2.3,0.3,0.0,0.0,16.0,15.0,41.2,4.2,0.6875,0.0,0.0,16.0,16.0,37.1,2.4,0.8125,5.5,-29.0,0.0,0.026845637583892617,0.08053691275167785,1,1,202.7,16.0,1579,1306,1605,0.0,0.0,13.0,10.0,37.3,1.8,0.9375,0.0,0.0,14.0,12.0,39.1,2.4,0.75,0.9,0.0,54.0,-149.0,16.0,10.0,443.0,0.1,0.25,0.125,0.0,0.0,0.65,0.0,2.2462000000000018,3.1274000000000015,-1.0537999999999954,-0.6111000000000004,1.4357000000000042,0.21526146891629255,1.6314410807626498,0.0,3.0,0.0,0.04938271604938271,0.18518518518518517,0.0,,,-0.08709065021357382
760,202305030112,2,0,1,7,0,0,0,0,0,0,0,0,0,0,0,0,0,0,0,0,0,0,0,0,0,0,0,0,0,0,0,0,0,0,0,0,0.0,0.0,20.0,2.0,36.4,0.5,0.0625,0.0,0.0,40.0,5.0,37.5,0.3,0.75,0.0,0.0,10.0,1.0,37.3,0.0,0.0625,-0.5,2.0,0.0,0.10204081632653061,0.29931972789115646,3,5,3.2,1.0,1467,1298,336,0.0,0.0,20.0,2.0,36.2,0.6,0.3125,0.0,0.0,10.0,2.0,37.8,0.1,0.1875,-0.3,0.8,53.0,21.0,16.0,16.0,452.0,0.0,0.0,0.0,0.0,0.0625,-0.15,0.0,-1.7338000000000022,0.08389999999999986,-0.9795000000000016,-1.3913999999999973,0.38229999999999364,0.25495097567963926,0.6280127387243019,-1.0,2.0,1.0,0.06666666666666667,0.2,0.0,,0.12021857923497267,
761,202305030112,0,0,0,0,6,1,7,45,0,0,0,0,0,0,0,0,1,0,1,15,0,0,0,0,0,0,0,0,1,0,0,6,0,0,0,0,0.0,0.0,50.0,2.0,37.2,0.2,0.8461538461538461,0.0,0.0,10.0,1.0,38.0,0.0,0.0625,0.0,0.0,50.0,2.0,38.3,0.4,0.07142857142857142,0.0,2.0,0.0,0.02631578947368421,0.06578947368421052,8,16,10.8,5.0,1676,1183,1428,0.0,0.0,50.0,7.0,41.4,1.3,0.3333333333333333,0.0,0.0,10.0,10.0,36.5,1.4,0.5,2.2,0.6,51.0,126.0,16.0,13.0,490.0,0.0,0.0,0.0,-0.13333333333333333,0.0625,-0.1999999999999993,0.0,-1.079499999999996,-0.1338000000000008,0.22739999999999583,1.7740999999999971,0.8500999999999976,0.2927115973631783,1.6821414922651414,-3.0,2.0,1.0,0.13186813186813187,0.2967032967032967,0.0,,,-0.0538498326159732
762,202305030112,1,0,0,2,6,1,7,45,0,0,0,0,0,0,0,1,1,0,1,15,0,0,0,0,0,0,0,0,1,0,0,6,0,0,0,0,0.0,0.0,9.0,8.0,36.9,1.1,0.375,0.0,0.0,7.0,4.0,35.5,0.5,0.375,0.0,0.0,8.0,4.0,35.4,0.4,0.4375,-2.0,10.0,0.0,0.10945273631840796,0.263681592039801,4,7,8.4,4.0,1064,1183,1556,0.0,0.0,7.0,4.0,36.6,0.3,0.875,0.0,0.0,7.0,14.0,37.6,1.8,0.75,1.2,0.0,55.0,-385.0,16.0,16.0,516.0,0.0,-0.0625,0.0,0.0,0.0625,-0.2500000000000007,0.0,-0.7642999999999986,-2.7794999999999987,-2.1914000000000016,-1.2233000000000018,-0.31109999999999616,0.2091650066335189,0.8414273587185058,-3.0,2.0,0.0,0.025,0.2,1.0,0.0,0.07142857142857142,-0.0538498326159732
763,202305030112,1,0,1,4,0,0,0,4,0,0,0,0,0,0,0,0,0,0,0,3,0,0,0,0,0,0,0,0,0,0,0,0,0,0,0,0,0.0,0.0,20.0,2.0,35.8,0.0,0.625,0.0,0.0,10.0,2.0,36.2,0.1,0.3125,0.0,0.0,20.0,2.0,37.3,0.7,0.5384615384615384,0.0,-10.0,200.0,0.0379746835443038,0.11392405063291139,6,11,5.0,3.0,1045,1571,969,0.0,0.0,40.0,2.0,37.2,0.2,0.25,0.0,0.0,30.0,5.0,38.3,0.6,0.16666666666666666,0.6,0.8,55.0,48.0,16.0,16.0,510.0,-0.125,-0.0625,0.0,0.0,0.0,-0.6,0.0,-1.6177000000000064,-1.2160999999999973,-0.5683000000000007,-0.668299999999995,0.3888999999999996,0.17440845828731033,0.8822698000045104,-1.0,0.0,,0.047619047619047616,0.23809523809523808,0.0,,0.1515151515151515,-0.08241758241758243
764,202305030112,0,1,0,5,1,0,0,13,0,0,0,0,0,0,0,3,0,0,0,5,0,0,0,0,0,0,0,0,0,0,0,1,0,0,0,0,0.0,0.0,20.0,1.0,36.4,0.0,0.375,0.0,0.0,10.0,3.0,36.6,0.4,0.6875,0.0,0.0,50.0,2.0,39.0,0.1,0.4666666666666667,0.5,-2.0,-200.0,0.06334841628959276,0.18099547511312217,2,4,59.9,11.0,1453,1110,1428,0.0,0.0,50.0,6.0,36.5,1.1,0.75,0.0,0.0,50.0,5.0,36.9,1.3,0.6875,1.1,0.6,55.0,21.0,16.0,16.0,494.0,0.0,0.0,-0.26666666666666666,-0.125,0.0,-0.08999999999999986,0.0,-1.5523999999999987,-1.6794999999999973,-0.6891000000000034,-0.9161000000000001,-1.011099999999999,0.14559742824346558,0.9744742172063866,-1.0,1.0,1.0,0.045454545454545456,0.29545454545454547,0.0,,0.0793905372894948,0.048961069978504884
765,202305030112,1,0,1,6,1,6,3,26,0,0,0,0,0,0,0,4,0,1,0,7,0,0,0,0,0,0,0,1,0,0,0,1,0,0,0,0,0.0,0.0,150.0,2.0,36.1,0.0,0.875,0.0,0.0,40.0,1.0,37.0,0.0,0.6875,0.0,0.0,110.0,4.0,38.3,0.4,0.625,1.0,12.0,0.0,0.03409090909090909,0.17045454545454544,3,6,17.3,8.0,1401,1559,517,0.0,0.0,80.0,7.0,37.6,2.6,0.625,0.0,0.0,70.0,7.0,37.6,2.6,0.8125,1.6,0.4,55.0,27.0,16.0,16.0,468.0,-0.0625,-0.0625,0.1875,0.0625,-0.0625,-0.36000000000000015,0.0,-2.1794999999999973,-0.9110999999999976,0.4316999999999993,0.008600000000001273,-0.31109999999999616,0.1015504800579495,0.735934779718963,-1.0,1.0,1.0,0.07017543859649122,0.17543859649122806,0.0,,0.019047619047619035,0.07049897869857018
766,202305030112,2,2,0,17,0,0,0,5,0,0,0,0,2,2,0,7,0,0,0,1,0,0,0,0,0,2,0,3,0,0,0,0,0,0,0,0,0.0,0.0,70.0,5.0,36.3,0.8,0.3125,0.0,0.0,80.0,11.0,39.2,1.5,0.5333333333333333,0.0,0.0,80.0,9.0,40.5,2.5,0.3333333333333333,2.0,4.0,0.0,0.0,0.125,2,3,21.7,9.0,1095,1574,1221,0.0,0.0,50.0,4.0,39.9,1.3,0.5,0.0,0.0,130.0,3.0,38.8,0.3,0.21428571428571427,-1.1,0.2,50.0,14.0,16.0,16.0,434.0,0.0,-0.06666666666666667,-0.08333333333333333,-0.25,0.0,-0.5699999999999996,0.0,-1.8338000000000036,0.1162000000000063,0.8740999999999985,0.2740999999999971,-0.8259000000000043,0.1200814632785979,1.4430523206037966,-1.0,1.0,0.0,0.03636363636363636,0.07272727272727272,0.0,,-0.06510651065106512,-0.16666666666666666
767,202305030112,2,5,3,38,2,1,0,4,0,0,0,1,1,1,2,9,0,1,0,2,0,0,0,1,0,0,1,3,0,0,0,1,0,0,0,1,0.0,0.0,80.0,3.0,37.0,0.0,0.5,0.0,0.0,60.0,11.0,37.2,1.2,0.3125,0.0,0.0,30.0,11.0,37.4,1.3,0.875,4.0,-4.0,0.0,0.0,0.21428571428571427,7,13,15.7,7.0,1278,1561,625,0.0,0.0,20.0,7.0,36.9,1.3,0.7272727272727273,0.0,0.0,50.0,1.0,37.2,0.0,0.15384615384615385,-0.8,0.4,55.0,27.0,16.0,16.0,434.0,-0.125,0.1875,-0.0625,0.18181818181818182,0.0,-0.010000000000000142,0.0,-1.2794999999999987,-0.2160999999999973,-0.511099999999999,-0.9682999999999993,-0.7110999999999947,0.26317861524063185,0.17435595774162732,-1.0,1.0,1.0,0.0379746835443038,0.20253164556962025,0.0,,0.010563380281690127,0.038112522686025385
768,202305030112,0,0,2,9,2,4,5,40,0,0,1,0,0,0,0,2,1,1,0,14,0,0,0,0,0,0,0,0,0,1,0,4,0,0,0,0,0.0,0.0,90.0,14.0,39.1,1.7,0.7857142857142857,0.0,0.0,30.0,10.0,38.0,1.3,0.6875,0.0,0.0,20.0,4.0,36.2,0.6,0.625,-5.0,6.0,-400.0,0.02702702702702703,0.08108108108108109,4,8,84.9,12.0,1175,1482,882,0.0,0.0,40.0,3.0,36.4,0.4,0.75,0.0,0.0,30.0,2.0,35.0,0.6,0.625,-3.1000000000000005,0.4,56.0,70.0,16.0,14.0,428.0,0.21428571428571427,0.0,0.125,0.0625,0.0,0.9800000000000004,0.0,0.016200000000004877,-0.1338000000000008,-1.933799999999998,-1.1914000000000016,-2.5914,0.06497644785235805,1.4416657032752083,0.0,2.0,0.0,0.05263157894736842,0.21052631578947367,0.0,,-0.05833333333333332,-0.05872427832593624
769,202305030112,13,9,10,66,0,0,0,3,0,0,0,0,6,4,6,29,0,0,0,0,0,0,0,0,2,1,2,12,0,0,0,0,0,0,0,0,0.0,0.0,8.0,9.0,41.0,1.3,0.18181818181818182,0.0,0.0,13.0,14.0,38.1,2.1,0.9333333333333333,0.0,0.0,13.0,10.0,36.5,2.2,0.4375,0.5,10.0,0.0,0.06827309236947791,0.26104417670682734,1,1,185.7,13.0,1576,1271,1577,0.0,0.0,6.0,10.0,38.5,1.3,0.26666666666666666,0.0,0.0,3.0,9.0,36.5,0.9,0.875,-0.4,0.0,56.0,-273.0,16.0,11.0,508.0,0.09090909090909091,0.0,0.0,0.0,-0.0625,0.8600000000000001,0.0,2.846200000000003,0.18890000000000384,-1.1642999999999972,0.22050000000000125,-1.6537999999999968,0.30998104151276257,1.6545694303957148,4.0,4.0,0.0,0.0379746835443038,0.11392405063291139,1.0,0.0,-0.03389267477838315,-0.04273504273504275
770,202305030112,0,0,0,0,0,0,0,1,0,0,0,0,0,0,0,0,0,0,0,0,0,0,0,0,0,0,0,0,0,0,0,0,0,0,0,0,0.0,0.0,6.0,9.0,42.2,2.1,0.7857142857142857,0.0,0.0,15.0,13.0,41.1,3.9,0.6,0.0,0.0,15.0,12.0,37.9,1.5,0.5,1.5,-1.0,-100.0,0.14213197969543148,0.34517766497461927,1,2,15.5,6.0,1066,1225,1278,0.0,0.0,11.0,14.0,38.3,3.8,0.5714285714285714,0.0,0.0,2.0,10.0,40.2,1.6,0.2,0.3,0.0,55.0,-459.0,16.0,14.0,467.0,0.07142857142857142,0.3333333333333333,0.0625,0.42857142857142855,0.13333333333333333,0.6800000000000004,0.0,,1.7073999999999998,-0.17260000000000275,0.8658999999999963,0.8074000000000012,0.1906808424395838,1.6353592877407725,-1.0,0.0,,0.03076923076923077,0.1076923076923077,0.0,,,-0.1505016722408027
771,202305030112,0,1,1,6,0,0,0,2,0,0,0,0,0,0,1,2,0,0,0,1,0,0,0,0,0,0,1,1,0,0,0,1,0,0,0,0,0.0,0.0,110.0,5.0,40.6,1.2,0.08333333333333333,0.0,0.0,140.0,14.0,34.9,1.6,0.6875,0.0,0.0,120.0,11.0,34.6,1.0,0.75,3.0,13.0,-300.0,0.07368421052631578,0.2631578947368421,5,9,35.8,10.0,1629,306,1428,0.0,0.0,130.0,11.0,34.2,1.0,1.0,0.0,0.0,160.0,15.0,35.9,1.1,0.05555555555555555,1.7,0.0,55.0,-488.0,16.0,12.0,465.0,0.0,,-0.0625,0.0,0.0,1.0100000000000002,0.0,1.3905999999999992,1.3566000000000003,-0.5531000000000006,-1.1653999999999982,0.7468999999999966,0.37884856416238566,2.3482759633399137,1.0,0.0,,0.14285714285714285,0.24285714285714285,0.0,,0.09957325746799428,
772,202305030112,0,0,0,0,2,4,5,40,0,0,0,0,0,0,0,0,1,1,0,14,0,0,0,0,0,0,0,0,0,1,0,4,0,0,0,0,0.0,0.0,10.0,9.0,40.2,1.3,0.6666666666666666,0.0,0.0,15.0,11.0,37.4,1.7,0.875,0.0,0.0,16.0,12.0,36.5,1.4,1.0,1.5,5.0,-300.0,0.03389830508474576,0.06779661016949153,7,14,328.1,15.0,1537,1482,488,0.0,0.0,16.0,11.0,36.8,1.9,0.9375,0.0,0.0,15.0,10.0,36.8,1.5,0.875,0.2,0.0,55.0,-498.0,16.0,12.0,467.0,0.16666666666666666,0.0625,0.0,0.0,0.0,0.7400000000000013,0.0,0.8074000000000012,-0.6726000000000028,-1.3211000000000013,-1.4795000000000016,-1.4795000000000016,0.11211353372561426,1.361763562443938,-1.0,2.0,0.0,0.09090909090909091,0.09090909090909091,0.0,,,-0.05872427832593624
773,202305030112,1,9,5,30,6,1,7,45,0,0,0,1,0,2,2,16,1,0,1,15,0,0,0,0,0,0,0,7,1,0,0,6,0,0,0,0,0.0,0.0,1.0,2.0,39.4,0.0,0.3333333333333333,0.0,0.0,14.0,14.0,37.7,3.2,0.3125,0.0,0.0,11.0,13.0,42.0,2.9,0.14285714285714285,5.5,14.0,-100.0,0.087248322147651,0.28187919463087246,6,12,260.1,14.0,1172,1183,1556,0.0,0.0,5.0,8.0,40.6,1.6,0.08333333333333333,0.0,0.0,9.0,6.0,41.2,0.6,0.2,0.2,0.2,56.0,-418.0,16.0,12.0,464.0,-0.08333333333333333,0.0,0.2857142857142857,0.0,-0.06666666666666667,-0.6500000000000007,0.0,,0.035700000000005616,2.7905999999999977,1.0533000000000001,1.5741000000000014,0.09620078916898078,1.5025311976794355,2.0,1.0,0.0,0.05063291139240506,0.12658227848101267,1.0,0.0,0.01460869565217393,-0.0538498326159732
774,202305030112,5,3,2,43,1,6,3,26,0,0,0,1,3,1,0,18,0,1,0,7,0,0,0,0,2,0,0,2,0,0,0,1,0,0,0,0,0.0,0.0,15.0,16.0,38.3,4.1,1.0,0.0,0.0,12.0,10.0,13.5,6.4,0.9166666666666666,0.0,0.0,14.0,12.0,13.6,5.8,0.7142857142857143,-2.0,10.0,200.0,0.0,0.02564102564102564,5,10,420.7,16.0,1520,1559,695,0.0,0.0,16.0,15.0,37.2,3.3,0.75,0.0,0.0,1.0,1.0,38.9,0.0,0.2222222222222222,-2.5,0.2,56.0,-484.0,16.0,16.0,488.0,0.0,0.0,0.14285714285714285,-0.0625,0.0,-2.4900000000000007,0.0,0.3888999999999996,,,-0.4642999999999944,0.6204999999999998,0.270477774047082,12.055704044144415,0.0,2.0,0.5,0.08695652173913043,0.08695652173913043,1.0,0.0,0.0023270846800258482,0.07049897869857018
775,202305030112,1,0,1,6,1,0,1,3,0,0,0,0,0,0,0,4,1,0,0,1,0,0,0,0,0,0,0,1,1,0,0,0,0,0,0,0,0.0,0.0,10.0,1.0,36.9,0.0,0.1875,0.0,0.0,70.0,2.0,37.7,0.3,0.0625,,,,,,,,1.0,-14.0,100.0,0.0425531914893617,0.17553191489361702,8,15,4.2,2.0,1401,1430,517,,,,,,,,,,,,,,,1.0,1.0,55.0,28.0,16.0,16.0,444.0,0.0,0.0,,,,-0.8000000000000043,0.0,-0.6914000000000016,-0.5794999999999959,,,,0.0625,0.40000000000000213,-1.0,1.0,1.0,0.0,0.11363636363636363,0.0,,0.019047619047619035,0.21103896103896103
776,202305030204,1,3,0,16,3,5,2,33,0,0,0,2,1,0,0,5,1,1,1,14,0,0,0,1,1,0,0,2,1,0,0,6,0,0,0,1,0.0,0.0,130.0,10.0,38.4,2.2,0.75,0.0,0.0,1.0,1.0,37.4,0.0,0.75,0.0,0.0,2.0,4.0,37.4,0.7,0.5625,-3.0,22.0,0.0,0.039473684210526314,0.18421052631578946,7,14,3.9,1.0,1736,1558,1482,0.0,0.0,3.0,3.0,38.5,0.2,0.5,0.0,0.0,12.0,2.0,36.1,0.2,0.625,-1.4,0.6,56.0,-539.0,16.0,16.0,470.0,-0.125,0.0625,-0.0625,-0.125,-0.1875,0.3499999999999993,0.0,0.12049999999999983,-0.26429999999999865,-0.7537999999999982,0.5889000000000024,-2.0537999999999954,0.1,0.868562030024338,-2.0,4.0,0.5,0.0,0.057692307692307696,1.0,1.0,0.028891202498698587,0.0611517126001585
777,202305030204,1,1,3,11,8,5,5,44,0,0,0,1,1,0,2,3,1,1,2,10,0,0,0,0,0,0,0,1,0,0,0,5,0,0,0,0,0.0,0.0,1.0,3.0,37.5,0.4,0.125,0.0,0.0,5.0,2.0,36.8,0.2,0.125,0.0,0.0,4.0,2.0,38.2,0.0,0.0625,-0.5,-4.0,250.0,0.0,0.06382978723404255,2,4,6.5,4.0,1020,1167,1576,0.0,0.0,14.0,2.0,37.5,0.1,0.25,0.0,0.0,11.0,14.0,37.6,3.2,1.0,2.2,0.8,56.0,-42.0,16.0,16.0,466.0,0.0,0.0,0.0,0.0,0.0,-0.09000000000000057,0.0,-0.32330000000000325,-1.4795000000000016,0.5357000000000056,0.06589999999999918,-0.31109999999999616,0.3491060010942235,0.44452221541785925,0.0,2.0,1.0,0.06451612903225806,0.0967741935483871,1.0,1.0,0.16294117647058826,0.019083827201908404
778,202305030204,0,0,0,11,0,0,0,3,0,0,0,0,0,0,0,6,0,0,0,0,0,0,0,0,0,0,0,1,0,0,0,0,0,0,0,0,0.0,0.0,2.0,2.0,43.9,2.2,0.1111111111111111,0.0,0.0,4.0,6.0,39.3,1.9,0.2,0.0,0.0,1.0,7.0,41.0,1.3,0.26666666666666666,2.5,25.0,0.0,0.06278026905829596,0.17937219730941703,8,16,25.4,8.0,1042,1322,488,0.0,0.0,5.0,2.0,37.6,0.5,0.2,0.0,0.0,5.0,2.0,36.5,0.7,0.4375,-0.4,0.6,54.0,-410.0,16.0,9.0,477.0,0.1111111111111111,-0.06666666666666667,0.2,0.0,0.0,1.6499999999999992,0.0,5.6205,-0.3259000000000043,1.7905999999999977,-0.9775999999999954,-1.7794999999999987,0.10907155879637738,2.6127380274340553,0.0,2.0,1.0,0.02857142857142857,0.15714285714285714,0.0,,-0.09496890898812888,-0.17857142857142855
779,202305030204,0,0,0,1,0,0,1,4,0,0,0,0,0,0,0,0,0,0,1,2,0,0,0,0,0,0,0,0,0,0,0,0,0,0,0,0,0.0,0.0,3.0,3.0,40.6,1.8,0.8,0.0,0.0,6.0,12.0,37.1,1.7,0.8125,0.0,0.0,12.0,4.0,37.5,0.4,0.9375,0.5,10.0,0.0,0.046357615894039736,0.1456953642384106,1,2,111.2,12.0,1203,1642,1393,0.0,0.0,15.0,8.0,36.7,1.4,1.0,0.0,0.0,15.0,11.0,36.3,1.3,1.0,1.2,0.2,55.0,-353.0,16.0,10.0,444.0,-0.2,0.0,0.0,-0.0625,-0.125,0.9000000000000007,0.0,2.3205000000000027,-1.1794999999999973,-0.16429999999999723,-1.453799999999994,-1.291400000000003,0.08782084035125147,1.5331014317389446,-1.0,4.0,0.25,0.06976744186046512,0.20930232558139536,1.0,0.0,,-0.14444444444444443
780,202305030204,0,0,0,1,2,1,0,21,0,0,0,0,0,0,0,0,0,1,0,8,0,0,0,0,0,0,0,0,0,1,0,3,0,0,0,0,0.0,0.0,12.0,10.0,42.1,1.7,0.3333333333333333,0.0,0.0,5.0,8.0,40.1,3.3,0.7333333333333333,0.0,0.0,5.0,3.0,38.9,0.9,0.4666666666666667,-3.5,23.0,0.0,0.0,0.075,3,5,12.6,6.0,1220,1014,1317,0.0,0.0,3.0,3.0,38.7,0.1,0.26666666666666666,0.0,0.0,6.0,5.0,37.9,0.4,0.5625,-1.5000000000000002,0.4,56.0,-419.0,16.0,12.0,491.0,0.3333333333333333,0.06666666666666667,0.06666666666666667,0.06666666666666667,0.0625,0.9800000000000004,0.0,3.8205000000000027,0.47409999999999997,-0.49260000000000304,0.12240000000000606,0.23570000000000135,0.16607394604680034,1.4609585894199746,0.0,2.0,0.0,0.01639344262295082,0.06557377049180328,1.0,0.0,,-0.001984126984126977
781,202305030204,1,0,0,1,1,5,7,15,0,0,0,0,1,0,0,1,0,1,3,6,0,0,0,0,1,0,0,0,0,1,2,2,0,0,0,0,0.0,0.0,3.0,4.0,39.3,0.9,0.4444444444444444,0.0,0.0,13.0,13.0,38.4,1.7,0.2857142857142857,0.0,0.0,11.0,8.0,38.6,1.5,0.8333333333333334,2.0,9.0,0.0,0.047619047619047616,0.09523809523809523,5,10,64.9,11.0,1432,1170,1428,0.0,0.0,11.0,6.0,38.1,0.6,0.5625,0.0,0.0,10.0,8.0,37.4,1.3,0.9333333333333333,0.1,0.0,51.0,-248.0,16.0,9.0,419.0,0.2222222222222222,0.14285714285714285,-0.25,0.0625,0.0,0.4099999999999994,0.0,1.0204999999999984,-0.992600000000003,-0.6094000000000008,0.4357000000000042,-0.511099999999999,0.24051234732634275,0.6216108107168017,-3.0,2.0,0.0,0.0,0.10526315789473684,1.0,0.0,0.027777777777777776,0.10952380952380952
782,202305030204,0,0,1,17,1,0,0,3,0,0,0,1,0,0,1,7,0,0,0,1,0,0,0,0,0,0,1,4,0,0,0,0,0,0,0,0,0.0,0.0,100.0,10.0,37.9,1.4,0.5,0.0,0.0,60.0,5.0,38.0,0.9,0.5625,0.0,0.0,80.0,11.0,42.9,4.1,0.375,0.5,0.0,0.0,0.014492753623188406,0.06521739130434782,4,8,32.8,10.0,1601,1472,239,0.0,0.0,110.0,14.0,39.2,2.6,0.875,0.0,0.0,40.0,4.0,38.3,1.6,0.4666666666666667,-0.3,0.0,56.0,35.0,16.0,16.0,474.0,0.0,-0.0625,-0.0625,-0.125,-0.06666666666666667,-0.2,0.0,-0.37950000000000017,0.13170000000000215,3.274099999999997,1.1274000000000015,1.0448999999999984,0.1706930318176788,1.876805797092496,0.0,1.0,0.0,0.01694915254237288,0.0847457627118644,0.0,,-0.08114035087719298,-0.07777777777777778
783,202305030204,0,1,0,22,0,0,0,1,0,0,0,1,0,1,0,9,0,0,0,1,0,0,0,1,0,0,0,6,0,0,0,0,0,0,0,0,0.0,0.0,11.0,5.0,39.4,0.9,0.8333333333333334,0.0,0.0,14.0,12.0,40.4,3.6,0.2857142857142857,0.0,0.0,8.0,11.0,40.3,2.3,0.6,3.0,0.0,-300.0,0.04395604395604396,0.13186813186813187,1,1,116.2,14.0,1333,1712,1294,0.0,0.0,14.0,8.0,38.4,0.8,0.5,0.0,0.0,4.0,8.0,40.0,2.9,0.5,0.2,0.0,56.0,-408.0,16.0,12.0,468.0,-0.08333333333333333,0.35714285714285715,-0.2,0.0625,-0.0625,0.07999999999999971,0.0,0.0073999999999969646,1.1905999999999963,0.9073999999999955,0.7357000000000014,0.37409999999999854,0.17744469931556914,0.7375635565834309,-1.0,1.0,0.0,0.07017543859649122,0.2631578947368421,1.0,0.0,-0.10158730158730159,
784,202305030204,2,2,0,17,1,4,0,10,0,0,0,0,2,2,0,7,0,2,0,2,0,0,0,0,0,0,0,1,0,2,0,1,0,0,0,0,0.0,0.0,60.0,5.0,39.9,1.6,0.75,0.0,0.0,30.0,9.0,38.7,1.0,0.375,0.0,0.0,10.0,5.0,37.1,1.1,0.4375,0.0,29.0,100.0,0.24183006535947713,0.49673202614379086,5,9,4.8,3.0,1095,334,1221,0.0,0.0,30.0,3.0,37.6,0.9,0.4666666666666667,0.0,0.0,30.0,15.0,42.1,2.4,0.125,1.4,0.2,56.0,-420.0,16.0,8.0,515.0,0.0,0.0,0.125,0.0,0.0625,-0.3300000000000004,0.0,2.3085999999999984,1.0357000000000056,-0.3340999999999994,0.008600000000001273,2.4741,0.19992359651738073,1.7915356541246952,0.0,1.0,0.0,0.13496932515337423,0.3128834355828221,1.0,0.0,-0.06510651065106512,-0.028531983433041863
785,202305030204,0,1,1,6,0,0,0,0,0,0,0,0,0,0,1,2,0,0,0,0,0,0,0,0,0,0,0,1,0,0,0,0,0,0,0,0,0.0,0.0,7.0,8.0,42.7,3.8,0.3333333333333333,0.0,0.0,8.0,9.0,41.0,2.7,0.2,0.0,0.0,10.0,2.0,36.4,0.2,0.0625,-3.0,2.0,-200.0,0.02666666666666667,0.08,6,11,111.7,13.0,1629,1508,1428,0.0,0.0,13.0,10.0,39.0,1.1,0.25,0.0,0.0,10.0,6.0,38.8,1.6,0.375,-0.3,0.2,56.0,-121.0,16.0,9.0,452.0,0.1111111111111111,-0.06666666666666667,0.0,0.0,0.0,0.9800000000000011,0.0,4.6274000000000015,1.6073999999999984,-1.1914000000000016,1.3357000000000028,0.5204999999999984,0.10959521481849065,2.1357902518740004,0.0,2.0,0.0,0.04597701149425287,0.14942528735632185,1.0,0.0,0.09957325746799428,
786,202305030204,1,0,1,11,6,1,7,45,0,0,1,1,0,0,0,4,1,0,1,15,0,0,0,0,0,0,0,1,0,0,0,5,0,0,0,0,0.0,0.0,6.0,6.0,42.4,2.3,0.1111111111111111,0.0,0.0,11.0,14.0,42.6,5.2,0.14285714285714285,0.0,0.0,8.0,12.0,36.7,2.4,0.8333333333333334,3.0,38.0,-100.0,0.015625,0.0625,6,12,26.6,9.0,1677,1183,1167,0.0,0.0,7.0,3.0,35.4,0.5,0.4166666666666667,0.0,0.0,9.0,11.0,39.1,1.1,0.25,-0.1,0.2,52.0,-408.0,16.0,9.0,488.0,0.5555555555555556,0.42857142857142855,0.0,0.0,-0.125,1.3799999999999997,0.0,,3.390599999999999,0.2589000000000041,-0.4977000000000018,1.4357000000000042,0.26382891071583425,2.915201536772372,-1.0,1.0,0.0,0.0375,0.1125,1.0,0.0,-0.10492845786963434,-0.0538498326159732
787,202305030204,0,2,1,16,3,2,2,29,0,0,0,0,0,0,0,8,3,0,1,11,0,0,0,0,0,0,0,5,0,0,0,4,0,0,0,0,0.0,0.0,2.0,5.0,40.7,1.0,0.625,0.0,0.0,15.0,12.0,38.8,1.5,0.75,0.0,0.0,12.0,14.0,44.5,6.2,0.4,4.5,-13.0,0.0,0.06746031746031746,0.25793650793650796,8,15,141.2,15.0,1431,1366,1428,0.0,0.0,8.0,4.0,40.6,1.6,0.5,0.0,0.0,13.0,14.0,35.6,2.4,0.875,1.0,0.0,56.0,-158.0,16.0,8.0,463.0,-0.125,0.0625,0.3333333333333333,-0.08333333333333333,0.0,0.8399999999999999,0.0,2.546200000000006,1.1357,4.8740999999999985,1.0533000000000001,0.1407999999999987,0.16985287751463027,2.8945465966192354,0.0,2.0,0.0,0.016666666666666666,0.05,1.0,0.0,-0.03118137900746598,-0.005916305916305931
788,202305030204,2,3,0,16,1,0,0,13,0,0,0,0,1,1,0,5,0,0,0,5,0,0,0,0,1,1,0,1,0,0,0,3,0,0,0,0,0.0,0.0,4.0,10.0,38.8,1.9,1.0,0.0,0.0,13.0,9.0,38.0,1.6,0.5714285714285714,0.0,0.0,14.0,7.0,39.3,1.2,0.5,-1.5,33.0,0.0,0.0,0.0,7,13,325.1,16.0,1426,1110,306,0.0,0.0,16.0,13.0,38.4,1.8,0.9375,0.0,0.0,13.0,8.0,39.6,3.2,0.6,0.0,0.0,53.0,-401.0,16.0,10.0,469.0,0.0,0.21428571428571427,0.0,0.0625,0.06666666666666667,-0.2000000000000007,0.0,0.6462000000000003,-1.2094000000000023,-0.09260000000000446,0.7357000000000014,-0.025900000000000034,0.2052139252147398,0.5810335618533582,-3.0,2.0,0.0,0.0,0.09859154929577464,1.0,0.0,0.050843881856540096,0.048961069978504884
789,202305030204,0,0,0,4,2,1,4,21,0,0,0,0,0,0,0,0,1,1,3,4,0,0,0,0,0,0,0,0,0,0,2,2,0,0,0,0,0.0,0.0,1.0,2.0,38.3,0.1,0.25,0.0,0.0,11.0,9.0,37.0,0.8,0.1875,0.0,0.0,9.0,8.0,37.5,2.1,0.4166666666666667,3.0,18.0,-100.0,0.06521739130434782,0.17391304347826086,3,6,12.8,7.0,1507,1362,593,0.0,0.0,7.0,14.0,40.2,2.2,0.125,0.0,0.0,5.0,14.0,37.1,2.1,0.0625,2.9,0.2,56.0,-415.0,16.0,8.0,468.0,0.0,0.0625,0.08333333333333333,0.0,0.0,-0.08000000000000114,0.0,,0.8342000000000027,1.0589000000000013,2.5357000000000056,2.0253000000000014,0.12147816447594377,1.1822013364905326,0.0,1.0,0.0,0.09090909090909091,0.3181818181818182,1.0,0.0,-0.125,-0.033568172399502716
790,202305030204,0,0,0,2,0,0,0,0,0,0,0,0,0,0,0,0,0,0,0,0,0,0,0,0,0,0,0,0,0,0,0,0,0,0,0,0,0.0,0.0,3.0,9.0,38.7,2.1,0.4166666666666667,0.0,0.0,7.0,14.0,33.1,0.8,0.8888888888888888,0.0,0.0,5.0,15.0,40.7,2.8,0.1875,3.0,-28.0,400.0,0.038834951456310676,0.1941747572815534,4,7,8.8,5.0,1243,1337,1428,,,,,,,,,,,,,,,3.0,0.0,56.0,-413.0,16.0,12.0,452.0,0.16666666666666666,,0.0625,,,-1.0,0.0,2.258900000000004,-0.4433999999999969,3.0357000000000056,,,0.29201551742033527,3.216623488483952,0.0,1.0,0.0,0.03896103896103896,0.18181818181818182,1.0,0.0,-0.16666666666666666,
791,202305030204,0,1,1,6,6,3,3,47,0,0,0,0,0,0,1,2,2,1,0,11,0,0,0,0,0,0,0,1,0,1,0,4,0,0,0,0,0.0,0.0,3.0,2.0,38.8,0.9,0.4,0.0,0.0,8.0,12.0,39.1,2.4,0.4666666666666667,0.0,0.0,2.0,16.0,40.7,2.9,0.5625,7.0,10.0,0.0,0.06040268456375839,0.2080536912751678,2,3,4.7,2.0,1629,1294,1428,0.0,0.0,7.0,3.0,37.6,0.5,0.25,0.0,0.0,9.0,13.0,43.2,4.4,0.4666666666666667,1.3,0.4,56.0,-136.0,16.0,10.0,538.0,-0.2,0.13333333333333333,-0.1875,0.0625,0.2,-0.7300000000000011,0.0,0.6462000000000003,1.1889000000000038,3.0357000000000056,-0.5537999999999954,3.6533000000000015,0.10348107717516924,1.932252571482311,0.0,3.0,0.6666666666666666,0.12903225806451613,0.4032258064516129,1.0,0.0,0.09957325746799428,0.05268199233716475
792,202305030210,5,1,2,9,4,6,4,57,0,0,0,0,1,0,0,3,0,1,2,19,0,0,0,0,0,0,0,0,0,0,0,1,0,0,0,0,0.0,0.0,110.0,11.0,38.6,2.0,0.13333333333333333,0.0,0.0,8.0,11.0,36.5,1.6,0.5,0.0,0.0,6.0,10.0,35.8,0.7,0.5625,-0.5,0.0,0.0,0.1,0.36,1,1,11.5,6.0,1467,1428,336,0.0,0.0,8.0,7.0,37.5,0.8,0.06666666666666667,0.0,0.0,11.0,4.0,37.4,0.3,0.375,-1.8,0.0,58.0,-560.0,16.0,15.0,540.0,0.0,0.0,0.0,0.0,0.0625,0.14000000000000057,0.0,0.32050000000000267,-1.7794999999999987,-2.4795000000000016,-0.5726000000000013,-0.8795000000000002,0.1964546880184956,0.9520504188329535,0.0,4.0,0.0,0.2,0.2,0.0,,0.12021857923497267,0.035063785856500246
793,202305030210,0,0,0,8,0,1,0,7,0,0,0,4,0,0,0,6,0,1,0,5,0,0,0,3,0,0,0,4,0,0,0,3,0,0,0,3,0.0,0.0,13.0,13.0,37.3,1.9,0.14285714285714285,0.0,0.0,12.0,12.0,39.1,1.9,0.125,0.0,0.0,15.0,2.0,36.2,0.1,0.6875,-5.5,2.0,0.0,0.05454545454545454,0.21818181818181817,3,6,288.6,15.0,832,700,351,0.0,0.0,15.0,11.0,39.5,2.3,0.25,0.0,0.0,12.0,7.0,36.7,1.1,0.4375,-1.3,0.2,58.0,-133.0,16.0,14.0,510.0,0.0,0.0,-0.0625,0.0,0.0,0.079999999999999,0.0,-0.8537999999999997,0.8205000000000027,-1.953799999999994,1.2205000000000013,-1.1210999999999984,0.211092275982784,1.3108775686539145,0.0,4.0,0.25,0.02857142857142857,0.08571428571428572,0.0,,-0.2070175438596491,-0.2333333333333333
794,202305030210,3,2,1,43,1,1,0,15,0,0,0,1,2,1,1,23,1,0,0,8,0,0,0,1,0,0,0,1,0,0,0,3,0,0,0,0,0.0,0.0,50.0,9.0,38.1,1.3,0.125,0.0,0.0,20.0,1.0,37.2,0.0,0.125,0.0,0.0,40.0,2.0,35.8,0.2,0.125,-3.5,0.0,0.0,0.08609271523178808,0.2781456953642384,3,5,27.6,10.0,1393,770,1263,0.0,0.0,90.0,9.0,38.1,1.0,0.1875,0.0,0.0,30.0,1.0,37.6,0.0,0.125,-0.8,0.6,58.0,77.0,16.0,16.0,510.0,0.0,0.0,0.0,0.0,0.0,0.010000000000000142,0.0,0.4357000000000042,-1.079499999999996,-1.8643,-0.033799999999999386,-0.6794999999999973,0.024999999999999998,0.8499411744350326,0.0,5.0,0.6,0.13043478260869565,0.43478260869565216,1.0,0.0,-0.03920282129090463,-0.0016447368421052544
795,202305030210,2,5,8,41,1,1,1,2,0,0,1,1,2,1,1,12,0,0,1,1,0,0,1,1,0,0,0,2,0,0,0,0,0,0,0,0,0.0,0.0,15.0,12.0,36.1,1.5,0.875,0.0,0.0,12.0,9.0,35.3,0.8,0.8125,0.0,0.0,4.0,6.0,37.4,1.1,0.13333333333333333,-3.0,0.0,0.0,0.14772727272727273,0.2727272727272727,8,15,98.9,12.0,1691,1648,1167,0.0,0.0,9.0,13.0,37.6,1.3,0.375,0.0,0.0,7.0,4.0,35.1,0.2,0.625,-1.2,0.0,58.0,-497.0,16.0,16.0,526.0,0.0625,0.0,0.0,0.25,0.0,-0.030000000000000426,0.0,-2.1794999999999973,-2.3643,-0.8795000000000002,-0.5537999999999954,-3.1794999999999973,0.27690752567920174,1.0373041983911955,0.0,5.0,0.0,0.15384615384615385,0.38461538461538464,0.0,,-0.0021298174442190843,0.041666666666666685
796,202305030210,4,6,0,25,1,0,0,4,1,0,0,1,1,1,0,6,0,0,0,3,0,0,0,1,0,0,0,2,0,0,0,1,0,0,0,1,0.0,0.0,10.0,4.0,36.2,0.3,0.1875,0.0,0.0,10.0,4.0,36.0,0.2,0.375,0.0,0.0,30.0,2.0,35.5,0.3,0.3125,-1.0,0.0,0.0,0.20967741935483872,0.4032258064516129,6,12,4.7,2.0,1463,852,1167,0.0,0.0,10.0,7.0,35.7,0.9,0.5,0.0,0.0,20.0,3.0,37.7,0.2,0.14285714285714285,0.1,0.4,58.0,21.0,16.0,16.0,504.0,0.0,-0.125,0.0625,0.0,0.0,-0.2700000000000003,0.0,-1.933799999999998,-2.2794999999999987,-2.7794999999999987,-2.433799999999998,-0.5794999999999959,0.12889344594727564,0.7782030583337495,0.0,5.0,0.4,0.07317073170731707,0.1951219512195122,2.0,0.0,-0.03549135009809168,-0.1111111111111111
797,202305030210,0,1,0,14,0,0,1,4,0,0,0,1,0,0,0,10,0,0,1,2,0,0,0,1,0,0,0,0,0,0,0,0,0,0,0,0,0.0,0.0,5.0,8.0,13.3,4.7,0.5454545454545454,0.0,0.0,13.0,13.0,37.2,1.6,0.25,0.0,0.0,7.0,13.0,13.5,3.6,0.8571428571428571,2.5,6.0,-1450.0,0.068,0.26,4,8,9.7,5.0,1441,559,1167,0.0,0.0,15.0,9.0,37.3,1.6,0.8125,0.0,0.0,14.0,14.0,36.9,1.5,0.6666666666666666,0.8,0.0,58.0,-434.0,16.0,11.0,494.0,0.18181818181818182,0.0625,0.14285714285714285,0.0,0.06666666666666667,-4.729999999999999,0.0,,-0.8725999999999985,,-0.7726000000000042,-1.3795000000000002,0.21804861661831346,11.62782868810854,1.0,1.0,0.0,0.16071428571428573,0.3392857142857143,0.0,,0.065343258891646,0.06818181818181818
798,202305030210,0,0,0,1,0,0,0,0,0,0,0,0,0,0,0,0,0,0,0,0,0,0,0,0,0,0,0,0,0,0,0,0,0,0,0,0,0.0,0.0,60.0,3.0,38.6,0.8,0.0625,0.0,0.0,30.0,9.0,37.1,1.2,0.3125,0.0,0.0,100.0,13.0,39.3,2.3,0.0625,5.0,-16.0,0.0,0.13114754098360656,0.26229508196721313,7,13,20.2,8.0,225,173,1551,0.0,0.0,40.0,3.0,37.3,0.4,0.125,0.0,0.0,100.0,5.0,38.1,0.8,0.0625,-0.2,0.4,58.0,14.0,16.0,16.0,480.0,0.0,0.0,0.0,0.0,0.0,0.08000000000000043,0.0,0.32050000000000267,-0.7984000000000009,1.6357,-0.9795000000000016,-0.17949999999999733,0.09682458365518543,0.8158431221748451,2.0,5.0,0.4,0.0,0.6,0.0,,-0.23636363636363633,
799,202305030210,1,4,5,27,8,10,8,73,0,0,0,1,1,0,1,10,3,3,4,27,0,0,0,1,0,0,0,1,1,0,0,3,0,0,0,0,0.0,0.0,50.0,3.0,35.7,0.4,0.6875,0.0,0.0,50.0,6.0,35.4,0.4,0.875,0.0,0.0,10.0,4.0,35.4,0.1,0.875,0.5,-4.0,0.0,0.1407035175879397,0.3417085427135678,7,14,5.1,3.0,1605,1556,1,0.0,0.0,20.0,1.0,35.4,0.0,0.8,0.0,0.0,10.0,2.0,36.9,0.1,0.8666666666666667,-0.7,0.6,56.0,50.0,16.0,16.0,466.0,-0.125,-0.125,-0.0625,0.0,0.0,-0.23999999999999916,0.0,-2.1983999999999995,-2.8795,-2.511099999999999,-2.1914000000000016,-0.9682999999999993,0.07236097782030804,0.5817215828899593,2.0,2.0,0.5,0.0,0.0,0.0,,0.056687605331699115,-0.01480214466629387
800,202305030210,4,6,0,25,0,1,0,2,0,0,0,1,1,1,0,6,0,1,0,1,0,0,0,1,0,0,0,2,0,0,0,0,0,0,0,0,0.0,0.0,7.0,10.0,42.3,4.5,1.0,0.0,0.0,15.0,16.0,41.7,7.1,1.0,0.0,0.0,11.0,16.0,38.4,3.3,0.1875,3.0,6.0,0.0,0.05,0.1,6,11,66.7,11.0,1463,760,1167,0.0,0.0,12.0,14.0,38.8,4.1,0.42857142857142855,0.0,0.0,11.0,9.0,37.8,1.2,0.375,-0.4,0.0,58.0,-363.0,16.0,10.0,534.0,0.0,0.0,0.25,0.14285714285714285,-0.0625,1.1900000000000006,0.0,4.1462,3.546200000000006,0.12049999999999983,0.6462000000000003,-0.35379999999999967,0.3376841901020804,1.8341210428976609,2.0,5.0,0.0,0.14084507042253522,0.23943661971830985,0.0,,-0.03549135009809168,-0.03030303030303033
801,202305030210,19,15,6,94,1,0,1,18,0,0,0,1,11,6,2,52,1,0,0,9,0,0,0,1,0,1,0,6,0,0,0,1,0,0,0,0,0.0,0.0,7.0,4.0,41.6,1.8,0.5,0.0,0.0,13.0,10.0,37.1,1.2,0.8125,0.0,0.0,16.0,10.0,36.2,1.2,0.9375,3.0,5.0,0.0,0.02040816326530612,0.07142857142857142,5,10,155.5,13.0,1576,1170,1577,0.0,0.0,7.0,11.0,35.8,1.4,0.9375,0.0,0.0,3.0,5.0,35.5,0.4,0.8125,0.3,0.0,58.0,-419.0,16.0,12.0,481.0,-0.08333333333333333,-0.0625,0.0,0.0,0.0,1.3500000000000008,0.0,3.3205000000000027,-1.0537999999999954,-1.953799999999994,-2.1111000000000004,-1.9177000000000035,0.16007810593582122,2.2455288909297075,4.0,3.0,0.0,0.16666666666666666,0.3333333333333333,0.0,,-0.03389267477838315,0.10952380952380952
802,202305030210,1,4,5,27,0,0,0,0,0,0,0,0,1,0,1,10,0,0,0,0,0,0,0,0,0,0,0,1,0,0,0,0,0,0,0,0,0.0,0.0,4.0,5.0,13.9,1.1,0.7777777777777778,0.0,0.0,4.0,7.0,13.4,4.9,0.7777777777777778,0.0,0.0,5.0,6.0,13.7,4.5,0.6666666666666666,0.5,2.0,-1350.0,0.08333333333333333,0.25,4,7,336.9,16.0,1605,1508,1,0.0,0.0,4.0,6.0,13.6,2.8,0.3333333333333333,0.0,0.0,3.0,4.0,13.6,1.5,0.36363636363636365,-0.3,0.0,58.0,-525.0,16.0,9.0,498.0,-0.3333333333333333,0.0,0.0,0.0,0.09090909090909091,0.040000000000000216,0.0,,,,,,0.19663530278616284,0.1624807680927192,-2.0,0.0,,0.2,0.2,0.0,,0.056687605331699115,
803,202305030210,11,6,8,64,0,3,4,44,0,0,1,0,4,2,2,34,0,0,2,13,0,0,0,0,0,0,0,5,0,0,0,0,0,0,0,0,0.0,0.0,20.0,1.0,35.6,0.0,0.1875,0.0,0.0,10.0,1.0,38.9,0.0,0.125,0.0,0.0,10.0,2.0,37.9,0.1,0.21428571428571427,0.5,-10.0,0.0,0.24342105263157895,0.5,5,9,3.6,1.0,1716,1362,1167,0.0,0.0,10.0,2.0,36.6,0.5,0.1875,0.0,0.0,20.0,3.0,38.0,0.1,0.0625,0.5,1.0,58.0,22.0,16.0,16.0,468.0,0.0,0.0,0.0,-0.0625,0.0,-0.25,0.0,-2.5337999999999994,0.6204999999999998,-0.23380000000000223,-1.5337999999999994,-0.27949999999999875,0.05492341606867749,1.1610340218959982,2.0,5.0,1.0,0.2,0.4,3.0,1.0,0.03502141597379693,-0.033568172399502716
804,202305030210,3,0,3,13,2,2,0,9,0,0,0,1,0,0,1,6,1,1,0,6,0,0,0,1,0,0,0,1,0,0,0,1,0,0,0,1,0.0,0.0,3.0,9.0,43.8,4.2,0.7,0.0,0.0,9.0,13.0,41.3,4.5,0.42857142857142855,0.0,0.0,12.0,5.0,37.4,0.7,0.6,-2.0,11.0,-200.0,0.10738255033557047,0.3087248322147651,1,2,22.4,9.0,1657,1322,1317,0.0,0.0,10.0,10.0,37.9,1.0,0.2857142857142857,0.0,0.0,9.0,13.0,38.1,1.4,0.25,0.5,0.0,58.0,-387.0,16.0,10.0,507.0,0.1,-0.07142857142857142,-0.13333333333333333,0.07142857142857142,0.0,1.479999999999999,0.0,6.544899999999998,2.2612999999999985,-1.992600000000003,-0.25379999999999825,-0.05379999999999541,0.17458989848516787,2.46819772303598,1.0,2.0,0.0,0.16,0.36,0.0,,-0.0393939393939394,-0.17857142857142855
805,202305030210,2,1,1,16,0,0,0,1,0,0,0,0,1,1,0,9,0,0,0,0,0,0,0,0,0,0,0,1,0,0,0,0,0,0,0,0,0.0,0.0,10.0,1.0,37.5,0.0,0.125,0.0,0.0,10.0,2.0,38.2,0.0,0.25,0.0,0.0,20.0,1.0,37.3,0.0,0.125,0.0,4.0,0.0,0.25,0.46875,2,3,7.3,4.0,1148,488,1393,0.0,0.0,80.0,7.0,36.6,0.8,0.1875,0.0,0.0,30.0,12.0,38.4,1.9,0.16666666666666666,2.7,0.6,58.0,120.0,16.0,16.0,534.0,0.0,0.0,0.0,-0.0625,0.0,-0.019999999999999574,0.0,-0.7794999999999987,-0.07949999999999591,-0.9795000000000016,1.1407999999999987,2.483399999999996,0.04639803635691685,0.6480740698407861,0.0,3.0,1.0,0.08333333333333333,0.3333333333333333,0.0,,-0.08345021037868161,
806,202305030210,1,1,1,20,0,0,0,1,0,0,0,0,1,0,0,8,0,0,0,0,0,0,0,0,0,0,0,0,0,0,0,0,0,0,0,0,0.0,0.0,3.0,7.0,13.5,2.4,0.25,0.0,0.0,4.0,4.0,13.5,1.0,0.5833333333333334,0.0,0.0,11.0,10.0,37.9,1.7,0.6666666666666666,1.5,2.0,-1460.0,0.0375,0.1125,2,4,15.4,7.0,1317,1210,1186,0.0,0.0,10.0,15.0,37.5,2.2,0.8,0.0,0.0,7.0,15.0,39.4,2.1,0.0625,2.7,0.0,58.0,-273.0,16.0,12.0,506.0,0.08333333333333333,-0.16666666666666666,-0.08333333333333333,-0.06666666666666667,0.0,-7.58,0.0,,,-0.37950000000000017,-0.7794999999999987,1.2462000000000018,0.2738054865126783,12.149666662094067,-2.0,3.0,0.0,0.1,0.3,0.0,,-0.09243697478991597,
807,202305030210,1,0,2,18,4,3,4,23,0,0,0,0,0,0,0,4,2,2,2,11,0,0,0,0,0,0,0,0,0,0,0,0,0,0,0,0,0.0,0.0,140.0,,,,0.25,0.0,0.0,30.0,1.0,39.5,0.0,0.18181818181818182,0.0,0.0,40.0,7.0,35.4,0.6,0.5714285714285714,6.0,1.0,0.0,,,8,16,167.9,14.0,1204,1228,1221,,,,,,,,,,,,,,,6.0,0.5,58.0,0.0,16.0,16.0,480.0,0.5,0.0,0.07142857142857142,,,4.100000000000001,0.0,,1.4273999999999987,-1.0411000000000001,,,0.16988929158378088,2.0500000000000007,0.0,1.0,0.0,,,0.0,,-0.10755148741418766,0.04344193817878028
808,202305030212,0,0,0,8,0,0,0,0,0,0,0,0,0,0,0,6,0,0,0,0,0,0,0,0,0,0,0,1,0,0,0,0,0,0,0,0,0.0,0.0,50.0,4.0,38.2,0.7,0.0625,0.0,0.0,20.0,1.0,37.3,0.0,0.0625,0.0,0.0,30.0,3.0,38.5,0.7,0.1111111111111111,-0.5,4.0,0.0,0.11764705882352941,0.37254901960784315,7,12,2.4,1.0,832,554,351,0.0,0.0,10.0,1.0,37.3,0.0,0.1,0.0,0.0,10.0,2.0,36.4,0.0,0.09090909090909091,-0.4,0.8,55.0,84.0,15.0,16.0,514.0,0.0625,0.0,0.0,0.0,0.0,0.3600000000000009,0.0,-0.07949999999999591,-0.5683000000000007,0.22050000000000125,-0.11770000000000636,-0.041100000000000136,0.019765582387514948,0.7445804187594527,-1.0,2.0,0.5,0.05,0.125,0.0,,-0.2070175438596491,
809,202305030212,0,0,0,1,8,7,8,92,0,0,0,0,0,0,0,1,3,2,5,37,0,0,0,0,0,0,0,0,1,0,1,13,0,0,0,0,0.0,0.0,50.0,13.0,38.0,1.7,0.4,0.0,0.0,100.0,5.0,37.4,0.4,0.1875,0.0,0.0,40.0,11.0,38.1,1.9,0.9375,-1.0,2.0,0.0,0.14,0.34,6,11,19.9,7.0,1575,1263,1576,0.0,0.0,60.0,7.0,38.5,0.5,0.4375,0.0,0.0,10.0,1.0,37.4,0.0,0.5833333333333334,-2.2,0.2,58.0,36.0,15.0,15.0,476.0,0.06666666666666667,0.0625,-0.0625,0.0,-0.08333333333333333,0.010000000000000142,0.0,-0.27949999999999875,-0.8795000000000002,-0.17949999999999733,0.22050000000000125,-0.7338000000000022,0.24879431486895176,0.4261455150532511,0.0,5.0,0.2,0.0,0.07692307692307693,1.0,1.0,,0.03282493368700265
810,202305030212,1,2,2,26,0,2,1,8,0,1,1,7,0,1,1,9,0,2,0,7,0,1,0,6,0,0,1,3,0,0,0,2,0,0,0,2,0.0,0.0,60.0,3.0,35.0,0.5,0.9375,0.0,0.0,70.0,3.0,35.8,0.2,0.6875,0.0,0.0,60.0,4.0,36.4,0.6,0.8125,0.5,-2.0,0.0,0.07291666666666667,0.2604166666666667,5,9,4.6,2.0,1561,223,1263,0.0,0.0,90.0,3.0,34.9,0.5,0.875,0.0,0.0,90.0,6.0,36.6,0.7,0.75,0.6,0.6,58.0,22.0,15.0,16.0,480.0,0.0,0.0,-0.0625,0.0,0.0,-0.23000000000000043,0.0,-3.133800000000001,-2.4795000000000016,-1.8795000000000002,-2.7642999999999986,-1.6794999999999973,0.08838834764831845,0.6974238309665082,2.0,5.0,0.6,0.06923076923076923,0.3076923076923077,1.0,1.0,0.03019943019943022,0.1280193236714976
811,202305030212,2,2,6,46,0,0,0,2,0,0,0,0,0,1,3,26,0,0,0,1,0,0,0,0,0,0,1,7,0,0,0,0,0,0,0,0,0.0,0.0,170.0,13.0,36.2,1.9,0.5,0.0,0.0,50.0,1.0,35.9,0.0,0.4375,0.0,0.0,10.0,1.0,36.9,0.0,0.1875,-6.0,4.0,-200.0,0.14492753623188406,0.37681159420289856,4,7,4.9,3.0,1172,237,1556,0.0,0.0,30.0,3.0,38.0,0.2,0.5625,0.0,0.0,40.0,5.0,38.3,0.7,0.25,-1.4,0.6,55.0,50.0,15.0,18.0,434.0,0.1111111111111111,0.0,0.0,0.125,0.0,-0.629999999999999,0.0,-0.17489999999999384,-1.5161000000000016,-1.011099999999999,0.08890000000000242,0.02049999999999841,0.14469796128487783,0.9520504188329514,-1.0,1.0,0.0,0.08888888888888889,0.17777777777777778,0.0,,0.01460869565217393,-0.125
812,202305030212,1,2,3,16,8,7,7,71,0,0,0,0,1,1,1,6,3,2,0,23,0,0,0,0,1,0,0,0,0,1,0,4,0,0,0,0,0.0,0.0,50.0,1.0,36.5,0.0,0.8,0.0,0.0,60.0,2.0,37.2,0.4,0.42857142857142855,0.0,0.0,60.0,7.0,37.0,0.6,0.625,3.0,4.0,200.0,0.015873015873015872,0.06349206349206349,4,6,26.4,8.0,1440,1294,1167,0.0,0.0,90.0,9.0,36.8,0.5,0.5,0.0,0.0,100.0,2.0,36.8,0.3,0.4666666666666667,0.9000000000000001,0.6,58.0,15.0,15.0,15.0,462.0,-0.06666666666666667,0.0,0.0625,0.0625,0.0,-0.019999999999998862,0.0,-1.4110999999999976,-0.7110999999999947,-0.873899999999999,-0.616100000000003,-1.1111000000000004,0.13515003840109924,0.23323807579381314,2.0,0.0,,0.03529411764705882,0.11764705882352941,0.0,,0.0545238095238095,0.05268199233716475
813,202305030212,4,2,6,19,3,2,6,43,1,0,1,1,2,0,3,9,3,0,1,23,1,0,1,1,0,0,0,1,0,0,0,6,0,0,0,0,0.0,0.0,160.0,7.0,35.8,1.0,0.875,0.0,0.0,120.0,5.0,36.1,0.8,1.0,0.0,0.0,140.0,11.0,36.2,1.7,0.9285714285714286,2.0,-6.0,0.0,0.020618556701030927,0.07216494845360824,7,13,103.5,13.0,1020,1221,1576,0.0,0.0,110.0,7.0,35.5,0.8,0.8181818181818182,0.0,0.0,150.0,12.0,37.3,2.2,0.9333333333333333,1.2,0.0,56.0,-539.0,15.0,16.0,468.0,0.0625,0.0,0.0,0.0,-0.06666666666666667,-0.23999999999999985,0.0,-2.4795000000000016,-2.1794999999999973,-2.079499999999996,-2.0914,-0.6111000000000004,0.061056934506457765,0.6112282715974443,0.0,3.0,0.0,0.047619047619047616,0.14285714285714285,0.0,,0.16294117647058826,-0.024042553191489374
814,202305030212,5,5,7,45,1,0,0,1,0,0,0,0,2,2,2,22,0,0,0,0,0,0,0,0,0,0,1,10,0,0,0,0,0,0,0,0,0.0,0.0,6.0,5.0,36.8,1.1,0.7777777777777778,0.0,0.0,14.0,7.0,36.6,1.1,0.3333333333333333,0.0,0.0,7.0,14.0,36.4,1.7,0.9375,4.5,12.0,200.0,0.025974025974025976,0.07792207792207792,8,15,174.4,14.0,1221,1552,1263,0.0,0.0,3.0,1.0,36.7,0.0,0.5,0.0,0.0,10.0,9.0,35.5,1.4,1.0,0.2,0.2,58.0,-409.0,15.0,9.0,516.0,0.0,0.06666666666666667,0.0625,0.0,0.0,0.24999999999999928,0.0,-1.1111000000000004,-1.5537999999999954,-1.511099999999999,-1.2110999999999947,-2.4110999999999976,0.2555102616866111,0.469041575982343,1.0,1.0,0.0,0.2,0.3,0.0,,0.007542579075425798,-0.18823529411764706
815,202305030212,2,2,6,46,1,1,1,6,0,0,0,0,0,1,3,26,0,0,0,0,0,0,0,0,0,0,1,7,0,0,0,0,0,0,0,0,0.0,0.0,3.0,4.0,37.7,0.6,0.4,0.0,0.0,7.0,12.0,37.6,1.6,0.8571428571428571,0.0,0.0,13.0,10.0,38.2,1.2,0.42857142857142855,3.0,0.0,0.0,0.15023474178403756,0.3427230046948357,3,5,46.0,9.0,1172,1145,1556,0.0,0.0,9.0,8.0,36.6,1.2,0.5333333333333333,0.0,0.0,14.0,9.0,35.4,0.8,0.8125,0.6,0.0,58.0,-310.0,15.0,10.0,520.0,0.1,0.14285714285714285,0.07142857142857142,0.0,0.0,0.5600000000000008,0.0,-0.453799999999994,-1.6094000000000008,-0.37759999999999394,-1.5537999999999954,-2.2642999999999986,0.19230800715132085,0.9959919678391,2.0,3.0,0.0,0.015873015873015872,0.07936507936507936,0.0,,0.01460869565217393,0.09090909090909088
816,202305030212,5,2,2,41,6,1,2,21,0,0,0,1,3,0,1,26,2,1,0,7,0,0,0,1,0,0,0,6,1,0,0,0,0,0,0,0,0.0,0.0,9.0,8.0,38.5,1.8,1.0,0.0,0.0,6.0,12.0,36.0,1.0,1.0,0.0,0.0,13.0,2.0,36.1,0.2,0.75,-3.0,23.0,0.0,0.14606741573033707,0.2696629213483146,5,8,18.2,6.0,1228,1721,1108,0.0,0.0,6.0,9.0,36.6,1.3,0.5333333333333333,0.0,0.0,8.0,4.0,35.7,0.8,0.75,-1.1,0.2,58.0,-313.0,15.0,11.0,495.0,0.0,0.0,-0.0625,0.06666666666666667,-0.1875,0.4999999999999993,0.0,0.8357000000000028,-1.9110999999999976,-1.8110999999999962,-1.5537999999999954,-1.8913999999999973,0.17657230184198705,1.0027960909377334,2.0,2.0,0.0,0.18181818181818182,0.2727272727272727,0.0,,-0.05510752688172041,0.02314814814814814
817,202305030212,1,0,2,18,3,1,3,21,1,0,0,2,0,0,0,4,0,1,0,3,0,0,0,0,0,0,0,0,0,1,0,1,0,0,0,0,0.0,0.0,60.0,6.0,37.6,0.5,0.4375,0.0,0.0,80.0,8.0,37.7,1.0,0.5,0.0,0.0,110.0,14.0,36.4,1.5,0.5,4.0,4.0,-200.0,0.06772908366533864,0.2589641434262948,8,14,15.6,5.0,1204,1503,1221,0.0,0.0,80.0,16.0,41.5,5.2,0.625,0.0,0.0,10.0,10.0,38.1,2.1,0.38461538461538464,1.6,0.0,56.0,15.0,15.0,16.0,512.0,-0.0625,0.0,0.0625,0.0,0.0,-0.4799999999999997,0.0,-0.3523999999999958,-0.3725999999999985,-1.2201999999999984,3.5476000000000028,0.14760000000000417,0.08035608621452375,1.7165080832900264,3.0,0.0,,0.09195402298850575,0.3218390804597701,0.0,,-0.10755148741418766,0.016511867905056737
818,202305030212,2,2,6,46,0,1,3,1,0,0,0,0,0,1,3,26,0,0,0,0,0,0,0,0,0,0,1,7,0,0,0,0,0,0,0,0,0.0,0.0,15.0,13.0,36.8,1.3,0.8125,0.0,0.0,16.0,7.0,34.3,1.3,0.7222222222222222,0.0,0.0,15.0,6.0,36.9,0.7,0.625,-3.5,-10.0,0.0,0.06666666666666667,0.17777777777777778,2,3,46.6,10.0,1172,324,1556,0.0,0.0,15.0,15.0,35.7,1.6,0.4,0.0,0.0,7.0,7.0,38.2,1.2,0.42857142857142855,-0.4,0.0,58.0,-483.0,15.0,16.0,482.0,-0.125,0.0,-0.0625,0.0,0.0,-0.4200000000000017,0.0,-1.3537999999999997,-2.0616000000000057,-1.3795000000000002,0.5469000000000008,0.046200000000006014,0.16129468000193367,1.3075167302944932,0.0,3.0,0.0,0.041666666666666664,0.25,0.0,,0.01460869565217393,0.1777777777777778
819,202305030212,1,0,1,35,3,2,3,51,0,0,0,1,1,0,1,18,1,0,3,24,0,0,0,0,0,0,1,6,0,0,1,5,0,0,0,0,0.0,0.0,5.0,9.0,41.5,4.1,1.0,0.0,0.0,12.0,12.0,36.9,1.8,0.7333333333333333,0.0,0.0,16.0,8.0,37.1,0.7,0.9375,-0.5,7.0,0.0,0.039735099337748346,0.18543046357615894,6,10,70.7,12.0,1090,1482,1169,0.0,0.0,16.0,14.0,37.9,1.9,0.875,0.0,0.0,15.0,13.0,39.8,3.8,0.3125,1.0,0.0,56.0,-359.0,15.0,9.0,437.0,-0.2222222222222222,0.0,0.0,0.0625,0.0,0.24000000000000057,0.0,3.346200000000003,-1.2537999999999982,-0.8166999999999973,-1.6467000000000027,0.9871999999999943,0.24601546925165318,1.7590906741836816,3.0,2.0,0.0,0.09375,0.265625,0.0,,-0.06184012066365008,-0.05872427832593624
820,202305030212,4,6,0,25,0,0,0,0,0,0,0,0,1,1,0,6,0,0,0,0,0,0,0,0,1,1,0,1,0,0,0,0,0,0,0,0,0.0,0.0,5.0,5.0,39.5,1.9,0.75,0.0,0.0,12.0,13.0,13.7,8.2,0.2857142857142857,0.0,0.0,11.0,12.0,14.6,17.3,1.0,3.5,12.0,-200.0,0.044444444444444446,0.13333333333333333,2,2,181.0,15.0,1463,527,1167,0.0,0.0,15.0,13.0,38.2,2.1,0.06666666666666667,0.0,0.0,12.0,16.0,38.6,2.9,0.0625,2.2,0.0,58.0,-420.0,15.0,8.0,520.0,0.125,0.6428571428571429,0.0,0.0,0.0,-2.270000000000001,0.0,1.4273999999999987,,,0.046200000000006014,0.6833000000000027,0.37819080896005314,12.07036039229981,2.0,1.0,0.0,0.0,0.0,0.0,,-0.03549135009809168,
821,202305030212,1,2,1,8,8,10,8,73,0,1,0,0,0,2,1,2,3,3,4,27,0,1,0,0,0,1,0,1,0,2,2,3,0,1,0,0,0.0,0.0,7.0,7.0,41.1,0.9,0.08333333333333333,0.0,0.0,11.0,14.0,38.3,2.3,0.13333333333333333,0.0,0.0,12.0,13.0,38.9,1.3,0.125,3.0,9.0,0.0,0.02912621359223301,0.13106796116504854,3,4,56.1,11.0,1401,1556,517,0.0,0.0,9.0,13.0,35.7,1.4,0.14285714285714285,0.0,0.0,5.0,13.0,43.3,5.1,0.14285714285714285,1.1,0.0,56.0,-131.0,15.0,12.0,483.0,0.0,0.0,0.0,0.0,0.14285714285714285,-0.17999999999999972,0.0,2.8205000000000027,0.14620000000000033,0.9832999999999998,0.5935000000000059,5.020499999999998,0.022100574068328178,2.578061287091522,3.0,3.0,0.0,0.03488372093023256,0.11627906976744186,0.0,,0.019047619047619035,-0.01480214466629387
822,202305030212,2,3,4,35,1,0,0,1,1,0,0,1,1,0,3,10,1,0,0,1,1,0,0,1,0,0,0,0,0,0,0,0,0,0,0,0,0.0,0.0,100.0,1.0,36.4,0.0,0.0625,0.0,0.0,60.0,12.0,36.6,0.8,0.75,0.0,0.0,60.0,14.0,36.6,2.7,0.8125,6.5,-8.0,0.0,,,1,1,7.6,4.0,1503,632,1263,0.0,0.0,20.0,7.0,36.8,1.1,0.125,0.0,0.0,30.0,6.0,37.5,1.1,0.3125,0.5,0.2,56.0,36.0,15.0,16.0,486.0,0.0,0.0,0.0625,0.0,-0.125,-0.23999999999999985,0.0,-1.8795000000000002,-0.8160999999999987,1.5253000000000014,-1.3338000000000036,-0.3984000000000023,0.3127499000799201,0.38157568056677826,0.0,3.0,0.3333333333333333,,,1.0,0.0,-0.017174959871589096,
823,202305030302,2,3,4,35,0,0,0,1,0,0,0,0,1,0,3,10,0,0,0,1,0,0,0,0,1,0,1,1,0,0,0,0,0,0,0,0,0.0,0.0,11.0,11.0,37.3,1.5,0.25,0.0,0.0,7.0,5.0,37.7,0.8,0.125,0.0,0.0,6.0,12.0,38.9,1.7,0.3333333333333333,0.5,4.0,0.0,0.24025974025974026,0.4935064935064935,1,2,3.3,2.0,1503,377,1263,0.0,0.0,2.0,1.0,36.3,0.0,0.1875,0.0,0.0,3.0,9.0,34.3,1.6,0.46153846153846156,-0.8,0.2,54.0,-162.0,16.0,16.0,494.0,0.0,0.0,0.0,0.0,0.07692307692307693,0.7400000000000005,0.0,-0.8537999999999997,-0.5794999999999959,0.988900000000001,-1.8537999999999997,-0.7747000000000028,0.11740398177890343,1.5440207252495035,-1.0,3.0,0.3333333333333333,0.0,0.5,0.0,,-0.017174959871589096,
824,202305030302,4,6,4,21,0,0,0,0,0,0,0,0,3,1,3,8,0,0,0,0,0,0,0,0,2,0,1,5,0,0,0,0,0,0,0,0,0.0,0.0,,,,,,0.0,0.0,40.0,5.0,37.7,0.7,0.3333333333333333,0.0,0.0,10.0,4.0,35.6,0.8,0.36363636363636365,-1.0,11.0,-100.0,0.05025125628140704,0.1708542713567839,4,7,2.3,1.0,1426,1396,306,0.0,0.0,20.0,3.0,35.1,0.9,0.5,0.0,0.0,10.0,7.0,36.9,1.0,0.375,0.5,0.25,54.0,-389.0,16.0,7.0,461.0,,0.0,0.0,0.08333333333333333,0.0,0.29000000000000126,0.0,,-0.21109999999999474,-0.674199999999999,-1.174199999999999,-1.3795000000000002,0.0636304448005013,1.0304731922762476,1.0,1.0,0.0,0.09230769230769231,0.26153846153846155,0.0,,0.050843881856540096,
825,202305030302,3,1,3,13,0,0,0,6,0,0,0,0,1,1,2,6,0,0,0,3,0,0,0,0,0,0,1,3,0,0,0,0,0,0,0,0,0.0,0.0,80.0,6.0,39.4,1.5,0.6875,0.0,0.0,110.0,4.0,38.5,0.8,0.1875,,,,,,,,-2.0,-8.0,200.0,0.10837438423645321,0.270935960591133,4,8,19.9,6.0,1601,1665,239,,,,,,,,,,,,,,,-2.0,0.0,54.0,140.0,16.0,16.0,400.0,0.0,-0.0625,,,,0.8999999999999986,0.0,1.5317000000000007,0.5889000000000024,,,,0.25,0.4499999999999993,0.0,0.0,,0.07017543859649122,0.21052631578947367,0.0,,-0.08114035087719298,-0.32142857142857145
826,202305030302,0,0,0,3,0,0,0,0,0,0,0,0,0,0,0,3,0,0,0,0,0,0,0,0,0,0,0,2,0,0,0,0,0,0,0,0,0.0,0.0,40.0,40.0,39.0,1.2,0.16666666666666666,0.0,0.0,40.0,70.0,39.6,2.1,0.6,0.0,0.0,40.0,60.0,39.8,1.3,0.2,10.0,25.0,200.0,0.06222222222222222,0.18222222222222223,3,5,3.9,3.0,1498,716,1036,0.0,0.0,40.0,40.0,36.2,0.6,0.75,0.0,0.0,30.0,40.0,36.1,0.6,0.6875,-3.0,0.0,54.0,-398.0,16.0,6.0,483.0,0.0,0.06666666666666667,0.13333333333333333,0.0,0.0625,0.9199999999999996,0.0,1.1788999999999987,-0.025900000000000034,0.40739999999999554,-2.079499999999996,-2.0537999999999954,0.2477622067852785,1.6463292501805329,1.0,2.0,0.0,0.02,0.18,0.0,,,
827,202305030302,1,0,1,4,0,0,1,24,0,0,0,0,0,0,1,3,0,0,0,8,0,0,0,0,0,0,0,0,0,0,0,3,0,0,0,0,0.0,0.0,4.0,,,,0.6,0.0,0.0,13.0,5.0,35.8,0.8,0.875,,,,,,,,,0.0,-300.0,0.02531645569620253,0.0759493670886076,5,9,309.5,13.0,1014,1551,180,,,,,,,,,,,,,,,,0.0,52.0,-21.0,16.0,15.0,454.0,0.06666666666666667,0.0,,,,,0.0,,-2.3537999999999997,,,,0.1375,,0.0,1.0,0.0,0.027777777777777776,0.16666666666666666,0.0,,-0.08421052631578946,-0.11853448275862069
828,202305030302,1,1,1,20,1,1,1,9,0,0,0,0,1,0,0,8,0,0,1,6,0,0,0,0,1,0,0,3,0,0,0,2,0,0,0,0,0.0,0.0,150.0,8.0,37.5,2.2,0.875,,,,,,,,,,,,,,,,,200.0,0.02127659574468085,0.0425531914893617,1,1,28.3,7.0,1317,1592,1186,,,,,,,,,,,,,,,,0.0,54.0,70.0,16.0,16.0,482.0,-0.0625,,,,,,,-0.4110999999999976,,,,,,,0.0,0.0,,0.0,0.11864406779661017,0.0,,-0.09243697478991597,0.27350427350427353
829,202305030302,0,0,0,15,0,1,0,5,0,0,0,0,0,0,0,2,0,0,0,0,0,0,0,0,0,0,0,1,0,0,0,0,0,0,0,0,0.0,0.0,10.0,5.0,39.5,1.8,0.9090909090909091,0.0,0.0,10.0,11.0,38.6,2.5,0.4666666666666667,0.0,0.0,8.0,7.0,37.9,1.3,0.0625,1.0,37.0,100.0,0.0457516339869281,0.1437908496732026,3,6,75.8,8.0,1729,882,1428,0.0,0.0,14.0,11.0,36.5,3.0,0.0625,0.0,0.0,11.0,9.0,35.0,1.4,0.7857142857142857,0.8,0.0,53.0,-337.0,16.0,11.0,457.0,-0.2727272727272727,0.0,0.0,0.0,-0.14285714285714285,1.11,0.0,2.065899999999999,0.6889000000000038,-0.25379999999999825,0.7625999999999991,-0.10649999999999693,0.35321177298739737,1.58871016865884,-1.0,1.0,0.0,0.08333333333333333,0.25,0.0,,-0.04391534391534391,-0.10294117647058826
830,202305030302,1,2,1,4,0,0,0,0,0,0,0,0,0,0,0,2,0,0,0,0,0,0,0,0,0,0,0,2,0,0,0,0,0,0,0,0,0.0,0.0,12.0,12.0,40.7,1.8,0.6428571428571429,0.0,0.0,14.0,13.0,41.9,4.2,0.7333333333333333,0.0,0.0,9.0,3.0,40.1,1.0,0.5714285714285714,-4.5,26.0,0.0,0.015384615384615385,0.06153846153846154,2,4,186.6,10.0,1089,1666,1428,0.0,0.0,11.0,5.0,39.0,1.4,0.9285714285714286,0.0,0.0,11.0,6.0,39.1,1.4,0.8,-2.0,0.2,52.0,-395.0,16.0,14.0,464.0,-0.07142857142857142,0.06666666666666667,-0.21428571428571427,-0.21428571428571427,0.06666666666666667,0.6100000000000001,0.0,2.546200000000006,2.274099999999997,0.47409999999999997,-0.3926000000000016,-0.2926000000000002,0.12405104647490596,1.0762899237658963,-2.0,1.0,0.0,0.03571428571428571,0.07142857142857142,0.0,,0.07936507936507936,
831,202305030302,2,0,1,29,8,7,7,71,0,0,0,0,1,0,0,15,3,2,0,23,0,0,0,0,1,0,0,4,2,0,0,8,0,0,0,0,0.0,0.0,15.0,11.0,37.8,2.0,0.8,0.0,0.0,14.0,11.0,37.4,1.4,0.7142857142857143,0.0,0.0,14.0,12.0,35.3,2.0,0.9285714285714286,0.5,4.0,200.0,0.038461538461538464,0.19230769230769232,6,12,487.4,16.0,1489,1294,565,0.0,0.0,2.0,1.0,39.3,0.0,0.25,0.0,0.0,8.0,14.0,41.4,3.3,0.5333333333333333,-0.4,0.2,54.0,-483.0,16.0,15.0,408.0,-0.06666666666666667,0.0,0.0,-0.125,0.0,-0.9100000000000001,0.0,0.38229999999999364,-0.511099999999999,0.14689999999999515,1.6357,1.7740999999999971,0.23568301860925614,2.032338554473639,-2.0,1.0,1.0,0.07142857142857142,0.21428571428571427,0.0,,0.022408963585434177,0.05268199233716475
832,202305030302,0,0,0,0,1,1,1,8,0,0,0,0,0,0,0,0,1,1,1,3,0,0,0,0,0,0,0,0,1,0,0,2,0,0,0,0,0.0,0.0,7.0,7.0,37.9,1.4,0.75,0.0,0.0,11.0,10.0,36.7,1.5,0.8125,0.0,0.0,9.0,14.0,38.5,2.5,0.8,3.5,0.0,400.0,0.030303030303030304,0.10606060606060606,6,11,210.0,11.0,1537,1541,488,,,,,,,,,,,,,,,3.5,0.0,52.0,-397.0,16.0,12.0,488.0,0.0,0.0,0.0,,,-0.3000000000000007,0.0,1.6257999999999981,-1.453799999999994,1.0822999999999965,,,0.02700308624336609,0.7483314773547869,-3.0,1.0,0.0,0.08653846153846154,0.25961538461538464,0.0,,,0.0367965367965368
833,202305030302,0,0,0,0,3,2,6,43,0,0,0,0,0,0,0,0,3,0,1,23,0,0,0,0,0,0,0,0,1,0,0,4,0,0,0,0,0.0,0.0,13.0,12.0,38.3,2.8,0.625,0.0,0.0,5.0,11.0,38.1,2.2,0.3125,0.0,0.0,5.0,3.0,37.3,1.3,0.625,-4.5,0.0,-200.0,0.0,0.2222222222222222,7,14,15.2,5.0,1632,1221,1167,0.0,0.0,16.0,4.0,38.1,0.3,0.375,0.0,0.0,4.0,6.0,41.5,1.7,0.15384615384615385,-1.9,0.2,54.0,-14.0,16.0,16.0,498.0,0.0,0.1875,-0.0625,0.0,0.07692307692307693,-0.6400000000000006,0.0,0.22739999999999583,-0.05379999999999541,-0.8537999999999997,-0.17949999999999733,3.4273999999999987,0.18355061536907705,1.4609585894199744,0.0,3.0,0.3333333333333333,0.06493506493506493,0.19480519480519481,0.0,,,-0.024042553191489374
834,202305030302,3,0,3,13,1,0,0,1,0,0,0,0,0,0,1,6,1,0,0,1,0,0,0,0,0,0,0,3,1,0,0,0,0,0,0,0,0.0,0.0,8.0,10.0,40.3,2.3,0.8181818181818182,0.0,0.0,4.0,12.0,38.2,2.6,0.5625,0.0,0.0,7.0,4.0,37.8,0.7,0.125,-3.0,-10.0,200.0,0.043478260869565216,0.13043478260869565,5,10,14.2,4.0,1657,632,1317,0.0,0.0,8.0,7.0,37.6,1.5,0.6666666666666666,0.0,0.0,9.0,7.0,38.4,0.6,0.3125,-1.1,0.0,54.0,-152.0,16.0,11.0,550.0,-0.09090909090909091,0.0625,0.0,-0.06666666666666667,-0.0625,0.43999999999999984,0.0,2.478899999999996,0.046200000000006014,-0.35379999999999967,0.1822999999999979,0.488900000000001,0.24845886320153204,0.9624967532412761,0.0,2.0,0.0,0.06896551724137931,0.25862068965517243,0.0,,-0.0393939393939394,
835,202305030302,4,0,2,30,0,0,0,2,0,0,0,0,2,0,1,14,0,0,0,1,0,0,0,0,0,0,1,11,0,0,0,1,0,0,0,0,0.0,0.0,,,,,,0.0,0.0,150.0,110.0,38.3,2.3,0.75,0.0,0.0,140.0,130.0,38.4,2.6,0.5625,20.0,,0.0,0.022727272727272728,0.08522727272727272,8,15,339.7,14.0,1403,1172,939,0.0,0.0,110.0,100.0,39.6,2.5,1.0,0.0,0.0,130.0,120.0,38.4,2.1,0.75,0.0,0.0,54.0,-196.0,16.0,,,,-0.0625,-0.0625,-0.07142857142857142,0.0,-0.15000000000000072,0.0,,0.22739999999999583,0.24620000000000175,-0.025900000000000034,0.488900000000001,0.15546678704790937,0.5356071321407152,0.0,2.0,0.0,0.037037037037037035,0.1111111111111111,0.0,,0.06668350593584241,
836,202305030302,0,0,0,0,0,0,0,1,0,0,0,0,0,0,0,0,0,0,0,0,0,0,0,0,0,0,0,0,0,0,0,0,0,0,0,0,0.0,0.0,7.0,9.0,44.9,5.2,0.5833333333333334,0.0,0.0,15.0,14.0,43.8,5.6,0.2,0.0,0.0,15.0,14.0,39.0,2.9,0.3125,2.5,-5.0,0.0,0.0,0.0,8,16,423.5,15.0,1632,1728,1167,0.0,0.0,18.0,16.0,41.2,3.9,0.6666666666666666,0.0,0.0,12.0,13.0,38.7,1.9,0.75,1.0,0.0,51.0,-120.0,16.0,12.0,437.0,0.08333333333333333,0.3333333333333333,0.0,0.16666666666666666,0.0,1.4999999999999987,0.0,7.235700000000001,4.4073999999999955,0.8462000000000032,5.034200000000006,0.7889000000000053,0.21087779504832754,2.4911041728518684,-3.0,2.0,0.0,0.0784313725490196,0.13725490196078433,0.0,,,
837,202305030302,3,1,3,13,3,5,6,36,0,0,0,0,1,1,2,6,1,1,2,14,0,0,0,0,0,0,1,3,0,0,0,9,0,0,0,0,0.0,0.0,2.0,,,,0.7777777777777778,0.0,0.0,15.0,15.0,37.1,5.0,1.0,0.0,0.0,12.0,15.0,38.5,4.5,0.9375,0.0,11.0,-200.0,0.020202020202020204,0.0707070707070707,2,3,258.8,12.0,1601,1618,239,,,,,,,,,,,,,,,0.0,0.0,54.0,-255.0,16.0,9.0,457.0,,0.0,0.0,,,-1.3999999999999986,0.0,,-0.8110999999999962,0.34620000000000317,,,0.09357121727503581,0.6999999999999993,0.0,1.0,0.0,0.09433962264150944,0.1320754716981132,0.0,,-0.08114035087719298,0.06466540104413859
838,202305030302,0,0,0,0,0,0,0,0,0,0,0,0,0,0,0,0,0,0,0,0,0,0,0,0,0,0,0,0,0,0,0,0,0,0,0,0,0.0,0.0,40.0,3.0,40.7,0.7,0.6363636363636364,0.0,0.0,160.0,16.0,37.7,4.2,0.9375,0.0,0.0,90.0,16.0,38.4,4.5,0.9375,6.5,-4.0,-100.0,0.06692913385826772,0.2559055118110236,7,13,95.2,9.0,1066,1282,1278,0.0,0.0,130.0,16.0,36.4,2.5,1.0,,,,,,,,3.9,0.25,54.0,-326.0,16.0,11.0,478.0,-0.09090909090909091,0.0625,0.0625,0.0,,1.2200000000000017,0.0,,2.546900000000001,0.24620000000000175,1.2468999999999966,,0.14173261003711843,1.5604486534327249,2.0,1.0,0.0,0.015873015873015872,0.06349206349206349,0.0,,,
839,202305030312,0,0,2,31,11,5,9,70,0,0,0,0,0,0,0,10,3,0,1,26,0,0,0,0,0,0,0,2,1,0,1,8,0,0,0,0,0.0,0.0,4.0,,,,,0.0,0.0,3.0,12.0,35.3,0.9,0.875,0.0,0.0,4.0,5.0,36.7,0.6,0.75,-7.0,6.0,-200.0,0.0,0.20689655172413793,8,16,3.0,1.0,1127,1167,1328,0.0,0.0,3.0,7.0,37.1,0.9,0.9375,0.0,0.0,2.0,3.0,36.4,1.0,0.5625,-2.5,0.25,53.0,-344.0,16.0,15.0,438.0,,0.0625,0.0625,0.0,-0.125,-0.3700000000000003,0.0,,-2.3643,-1.1210999999999984,-1.1794999999999973,-1.6726000000000028,0.14320549046737,0.6684870978560488,-3.0,2.0,0.0,0.0375,0.2,0.0,,-0.00028462998102465886,0.019083827201908404
840,202305030312,0,0,0,2,0,1,0,10,0,0,0,0,0,0,0,1,0,1,0,8,0,0,0,0,0,0,0,0,0,0,0,2,0,0,0,0,0.0,0.0,3.0,15.0,41.0,4.0,0.125,0.0,0.0,2.0,15.0,40.6,4.3,0.125,0.0,0.0,2.0,2.0,36.4,0.2,0.0625,-6.5,10.0,100.0,0.06,0.20666666666666667,7,13,3.7,2.0,1485,1561,1665,0.0,0.0,8.0,6.0,39.1,1.2,0.125,0.0,0.0,6.0,1.0,35.7,0.0,0.0625,-3.7,0.4,55.0,-154.0,16.0,16.0,508.0,0.0,-0.0625,0.0,0.0,0.0,1.2099999999999995,0.0,3.4086,2.3205000000000027,-1.7537999999999982,0.8205000000000027,-1.1280999999999963,0.030618621784789725,2.1564786110694443,-2.0,3.0,0.3333333333333333,0.08196721311475409,0.21311475409836064,0.0,,,0.038112522686025385
841,202305030312,0,0,1,4,8,10,8,73,0,0,1,2,0,0,0,1,3,3,4,27,0,0,0,0,0,0,0,0,0,1,1,13,0,0,0,0,0.0,0.0,160.0,15.0,36.7,2.2,1.0,0.0,0.0,80.0,10.0,38.6,1.3,0.7333333333333333,0.0,0.0,100.0,5.0,36.2,1.3,0.75,-5.0,0.0,200.0,0.10891089108910891,0.26732673267326734,6,11,46.3,9.0,1554,1556,322,0.0,0.0,90.0,3.0,35.3,0.5,0.75,0.0,0.0,80.0,8.0,35.7,0.7,0.9333333333333333,-2.1,0.2,58.0,-456.0,16.0,16.0,466.0,0.0,0.0,-0.0625,0.0,0.0,0.5300000000000005,0.0,-1.2110999999999947,-1.0259,-2.079499999999996,-2.8537999999999997,-2.2110999999999947,0.11105554165971789,1.1506519890914026,0.0,2.0,0.5,0.041666666666666664,0.14583333333333334,0.0,,-0.10483870967741937,-0.01480214466629387
842,202305030312,0,0,0,2,1,0,0,1,0,0,0,0,0,0,0,2,0,0,0,0,0,0,0,0,0,0,0,0,0,0,0,0,0,0,0,0,0.0,0.0,80.0,8.0,39.6,1.4,0.5,0.0,0.0,110.0,9.0,38.7,2.1,0.5,0.0,0.0,3.0,13.0,38.1,2.0,0.06666666666666667,2.5,-6.0,0.0,0.042328042328042326,0.1746031746031746,7,14,6.1,4.0,1381,1332,548,0.0,0.0,3.0,7.0,37.7,0.9,0.875,0.0,0.0,3.0,10.0,37.7,0.9,0.375,0.2,0.0,53.0,-547.0,16.0,16.0,486.0,-0.1875,0.0,0.0,-0.0625,0.0,0.4799999999999997,0.0,1.3205000000000027,0.4205000000000041,-0.05379999999999541,-0.5794999999999959,0.1086000000000027,0.25973276865099465,0.7199999999999996,-3.0,4.0,0.0,0.046153846153846156,0.15384615384615385,0.0,,,
843,202305030312,0,0,0,15,2,0,2,10,0,0,0,0,0,0,0,2,1,0,2,3,0,0,0,0,0,0,0,1,0,0,1,0,0,0,0,0,0.0,0.0,110.0,12.0,37.3,1.7,1.0,0.0,0.0,100.0,10.0,41.6,1.6,0.0625,0.0,0.0,40.0,8.0,38.7,1.8,0.6,-2.0,-2.0,0.0,0.0625,0.18303571428571427,6,12,285.4,14.0,1729,322,1428,0.0,0.0,90.0,13.0,38.6,1.8,0.1875,0.0,0.0,10.0,1.0,38.5,0.0,0.06666666666666667,-1.9,0.2,58.0,133.0,16.0,16.0,484.0,0.0,0.0,0.0,-0.0625,0.0,0.05999999999999943,0.0,-0.9795000000000016,1.9741,0.4205000000000041,0.32050000000000267,-0.7764000000000024,0.3657279650839466,1.4235167719419406,1.0,3.0,0.0,0.028169014084507043,0.16901408450704225,0.0,,-0.04391534391534391,-0.020270270270270285
844,202305030312,0,0,1,4,4,4,8,68,0,0,0,1,0,0,0,1,1,0,2,20,0,0,0,0,0,0,0,0,0,0,1,6,0,0,0,0,0.0,0.0,40.0,1.0,35.9,0.0,0.875,0.0,0.0,70.0,13.0,38.0,2.1,0.8125,0.0,0.0,60.0,13.0,43.3,4.9,0.13333333333333333,6.0,-8.0,100.0,0.14953271028037382,0.3411214953271028,5,9,5.6,3.0,1064,1183,1556,,,,,,,,,,,,,,,6.0,0.3333333333333333,55.0,28.0,16.0,16.0,484.0,-0.1875,-0.0625,0.26666666666666666,,,-3.6999999999999993,0.0,-1.4399000000000015,-0.07260000000000133,3.6740999999999957,,,0.33586423440226154,3.113768706175131,-1.0,0.0,,0.0,0.1206896551724138,0.0,,0.07142857142857142,-0.0538498326159732
845,202305030312,0,3,0,17,5,2,1,41,0,0,0,0,0,2,0,4,4,1,1,22,0,0,0,0,0,0,0,1,0,1,0,5,0,0,0,0,0.0,0.0,120.0,16.0,39.0,2.7,0.3125,0.0,0.0,90.0,6.0,39.4,1.0,0.14285714285714285,0.0,0.0,130.0,7.0,39.1,0.7,0.0625,-4.5,0.0,-700.0,0.050505050505050504,0.1717171717171717,4,7,231.4,12.0,1449,1393,1306,0.0,0.0,150.0,16.0,43.1,6.9,0.125,0.0,0.0,120.0,10.0,41.6,3.1,0.1875,-0.2,0.0,58.0,119.0,16.0,16.0,516.0,0.0625,0.0,0.0,0.75,0.0,-0.8900000000000006,0.0,0.8768999999999991,1.5317000000000007,0.8205000000000027,6.416800000000002,1.910899999999998,0.08349049805400686,1.635359287740771,3.0,1.0,0.0,0.030303030303030304,0.15151515151515152,0.0,,-0.041166380789022294,-0.10199418363107604
846,202305030312,0,0,0,7,0,2,0,5,0,0,0,1,0,0,0,5,0,2,0,4,0,0,0,1,0,0,0,2,0,0,0,1,0,0,0,1,0.0,0.0,5.0,9.0,42.4,2.1,0.9166666666666666,0.0,0.0,15.0,8.0,36.8,1.8,0.8666666666666667,0.0,0.0,10.0,12.0,39.5,2.1,1.0,1.5,7.0,-470.0,0.06719367588932806,0.25691699604743085,5,10,124.6,11.0,1455,666,1428,0.0,0.0,11.0,8.0,35.5,1.1,1.0,0.0,0.0,6.0,10.0,40.2,1.6,0.5714285714285714,0.2,0.0,58.0,-305.0,16.0,12.0,455.0,-0.08333333333333333,0.06666666666666667,-0.07142857142857142,-0.0625,0.0,0.5699999999999988,0.0,,-1.4795000000000016,-0.12590000000000146,-2.653799999999997,0.5741000000000014,0.15819560784085018,2.4604064704840947,3.0,2.0,0.0,0.0196078431372549,0.13725490196078433,0.0,,0.0625,0.0
847,202305030312,8,6,6,48,0,0,0,2,0,0,0,0,4,4,3,21,0,0,0,1,0,0,0,0,1,0,1,7,0,0,0,0,0,0,0,0,0.0,0.0,30.0,1.0,36.0,0.0,0.75,0.0,0.0,60.0,6.0,38.0,0.7,0.25,0.0,0.0,70.0,4.0,38.4,1.3,0.3125,1.5,-4.0,0.0,0.02564102564102564,0.07692307692307693,1,2,20.2,8.0,1278,1414,625,0.0,0.0,90.0,3.0,38.2,0.8,0.0625,,,,,,,,0.4,0.5,51.0,21.0,16.0,16.0,470.0,0.0,0.0,0.0625,0.0,,-0.7000000000000007,0.0,-2.133800000000001,-0.27949999999999875,0.26619999999999777,-0.07949999999999591,,0.25194555463432966,0.9630680142129112,-3.0,4.0,0.5,0.13043478260869565,0.30434782608695654,2.0,0.5,0.010563380281690127,0.07051282051282053
848,202305030312,0,0,0,0,5,2,1,41,0,0,0,0,0,0,0,0,4,1,1,22,0,0,0,0,0,0,0,0,0,1,0,5,0,0,0,0,0.0,0.0,40.0,1.0,37.3,0.0,0.375,0.0,0.0,100.0,6.0,36.0,1.7,0.8125,,,,,,,,5.0,0.0,0.0,0.02631578947368421,0.18421052631578946,4,8,16.9,7.0,1466,1393,1713,,,,,,,,,,,,,,,5.0,0.5,53.0,27.0,16.0,16.0,448.0,-0.1875,-0.0625,,,,1.2999999999999972,0.0,-0.8338000000000036,-1.4177000000000035,,,,0.21875,0.6499999999999986,-1.0,1.0,1.0,0.09090909090909091,0.2727272727272727,1.0,1.0,,-0.10199418363107604
849,202305030312,3,2,2,30,3,2,3,51,0,0,0,2,1,1,0,10,1,0,3,24,0,0,0,1,0,0,0,5,0,0,0,4,0,0,0,0,0.0,0.0,40.0,2.0,37.3,0.1,0.3333333333333333,0.0,0.0,40.0,3.0,37.6,0.5,0.2857142857142857,0.0,0.0,50.0,4.0,36.6,0.8,0.21428571428571427,1.0,-2.0,200.0,0.014388489208633094,0.06474820143884892,3,5,12.0,5.0,1586,1482,1167,0.0,0.0,50.0,2.0,35.7,0.3,0.3076923076923077,0.0,0.0,80.0,4.0,37.0,0.8,0.2,0.3,0.6,58.0,20.0,16.0,15.0,446.0,0.0,0.0,0.0,0.0,0.0,0.24999999999999928,0.0,-0.6111000000000004,-0.31109999999999616,-0.8177000000000021,-1.7177000000000007,-0.8682999999999979,0.052281418792236,0.6590902821313621,0.0,0.0,,0.016666666666666666,0.08333333333333333,0.0,,-0.06653620352250489,-0.05872427832593624
850,202305030312,2,2,6,46,0,0,1,2,0,0,0,0,0,1,3,26,0,0,0,2,0,0,0,0,0,0,0,6,0,0,0,0,0,0,0,0,0.0,0.0,7.0,5.0,36.1,1.1,0.8666666666666667,0.0,0.0,10.0,4.0,35.7,0.8,0.9285714285714286,0.0,0.0,10.0,9.0,36.5,0.7,0.6,2.0,-2.0,0.0,0.13930348258706468,0.34328358208955223,2,4,14.5,6.0,1172,1472,1556,0.0,0.0,7.0,9.0,37.0,1.5,0.6428571428571429,0.0,0.0,8.0,7.0,36.1,1.0,0.6875,0.9,0.0,58.0,-351.0,16.0,15.0,536.0,0.0,-0.14285714285714285,0.0,0.14285714285714285,0.0,-0.12999999999999973,0.0,-2.1794999999999973,-1.734099999999998,-1.7794999999999987,-0.6642999999999972,-2.0537999999999954,0.12904696011077596,0.439999999999999,0.0,4.0,0.0,0.038461538461538464,0.15384615384615385,0.0,,0.01460869565217393,-0.07777777777777778
851,202305030312,2,1,0,27,3,5,6,36,0,0,0,1,0,1,0,17,1,1,2,14,0,0,0,1,0,0,0,3,0,0,0,1,0,0,0,1,0.0,0.0,10.0,13.0,36.2,1.5,0.75,0.0,0.0,7.0,10.0,36.1,2.0,1.0,0.0,0.0,8.0,14.0,37.3,2.5,0.9375,0.5,-2.0,0.0,0.046052631578947366,0.14473684210526316,3,6,98.9,10.0,1333,1618,1294,0.0,0.0,9.0,8.0,39.6,0.7,0.875,0.0,0.0,1.0,1.0,37.3,0.0,0.125,-2.6,0.2,57.0,0.0,16.0,16.0,486.0,0.0,0.0,-0.0625,-0.375,0.0,-0.5699999999999988,0.0,-1.953799999999994,-1.7210999999999999,-0.9795000000000016,0.053300000000000125,-0.7726000000000042,0.31721443851123804,1.260158720161869,0.0,2.0,0.0,0.015625,0.078125,0.0,,-0.10158730158730159,0.06466540104413859
852,202305030312,8,6,6,48,5,2,1,41,1,0,0,5,4,4,3,21,4,1,1,22,1,0,0,2,1,0,1,7,0,1,0,5,0,0,0,1,0.0,0.0,20.0,2.0,38.5,1.0,0.4444444444444444,0.0,0.0,140.0,15.0,38.2,2.8,0.8125,0.0,0.0,150.0,15.0,37.8,1.6,0.875,6.5,25.0,0.0,0.026490066225165563,0.07947019867549669,2,3,243.8,13.0,1278,1393,625,0.0,0.0,150.0,,,,0.9333333333333333,0.0,0.0,130.0,14.0,36.1,1.6,0.875,3.6,0.25,56.0,-500.0,16.0,9.0,449.0,0.0,-0.0625,-0.0625,0.0,0.0,0.7600000000000001,0.0,0.34620000000000317,0.046200000000006014,-0.4795000000000016,,-2.0537999999999954,0.17600592722903705,0.9287087810503352,2.0,4.0,0.25,0.016129032258064516,0.06451612903225806,0.0,,0.010563380281690127,-0.10199418363107604
853,202305030312,0,0,0,0,1,0,0,1,0,0,0,0,0,0,0,0,0,0,0,0,0,0,0,0,0,0,0,0,0,0,0,0,0,0,0,0,0.0,0.0,3.0,,,,0.7142857142857143,0.0,0.0,15.0,15.0,37.1,2.0,0.6875,0.0,0.0,9.0,8.0,13.8,5.5,0.8888888888888888,-7.0,-11.0,-200.0,0.0,0.2,1,1,414.1,15.0,1146,1332,512,0.0,0.0,11.0,10.0,43.4,6.4,0.6363636363636364,0.0,0.0,15.0,12.0,39.4,2.4,0.7333333333333333,-0.7,0.0,58.0,-412.0,16.0,7.0,549.0,0.2857142857142857,-0.125,0.0,0.2727272727272727,-0.06666666666666667,-3.6499999999999995,0.0,,-1.0537999999999954,,4.587199999999996,-0.22590000000000288,0.08491905980313516,11.552570060380502,2.0,1.0,0.0,0.09615384615384616,0.1346153846153846,0.0,,,
854,202305030312,3,3,1,31,0,0,0,5,0,0,0,0,1,1,1,12,0,0,0,2,0,0,0,0,0,0,1,5,0,0,0,0,0,0,0,0,0.0,0.0,14.0,15.0,43.2,8.5,1.0,0.0,0.0,18.0,17.0,36.3,2.0,0.7222222222222222,0.0,0.0,16.0,16.0,38.3,2.3,0.1875,0.5,10.0,200.0,0.0,0.06666666666666667,8,15,444.7,16.0,1557,1034,1559,0.0,0.0,16.0,8.0,38.6,1.6,0.5,0.0,0.0,13.0,13.0,37.9,2.8,0.7333333333333333,-1.3,0.0,53.0,-226.0,16.0,15.0,468.0,0.0,-0.05555555555555555,0.0,0.0,0.0,0.8300000000000004,0.0,5.378900000000002,1.1935000000000002,0.14620000000000033,0.7766999999999982,0.0788999999999973,0.2715803089281895,2.310497781864334,-1.0,1.0,0.0,0.05172413793103448,0.20689655172413793,0.0,,0.005824790307548927,-0.13333333333333333
855,202305030402,2,2,0,17,0,0,0,5,0,0,0,2,2,2,0,7,0,0,0,1,0,0,0,0,0,0,0,1,0,0,0,0,0,0,0,0,0.0,0.0,1.0,8.0,40.2,2.2,0.4,0.0,0.0,5.0,6.0,36.6,0.7,0.5384615384615384,0.0,0.0,2.0,1.0,36.6,0.0,0.375,-3.5,2.0,0.0,0.059602649006622516,0.2119205298013245,6,11,2.1,1.0,1095,1316,1221,0.0,0.0,3.0,5.0,36.3,0.9,0.6875,0.0,0.0,1.0,1.0,35.2,0.0,0.4,-1.4999999999999998,0.4,56.0,-414.0,15.0,10.0,520.0,0.0,-0.23076923076923078,-0.0625,0.125,0.0,1.0300000000000005,0.0,1.920500000000004,-1.3166999999999973,-1.5537999999999954,-1.9795000000000016,-2.4642999999999944,0.11857387281188662,1.6904437287292358,1.0,4.0,0.5,0.0392156862745098,0.13725490196078433,1.0,1.0,-0.06510651065106512,0.03333333333333334
856,202305030402,0,0,0,1,1,0,0,6,0,0,0,0,0,0,0,0,0,0,0,2,0,0,0,0,0,0,0,0,0,0,0,0,0,0,0,0,0.0,0.0,1.0,1.0,38.2,0.0,0.6428571428571429,0.0,0.0,1.0,2.0,37.6,0.7,0.9230769230769231,0.0,0.0,3.0,2.0,38.2,0.2,0.3333333333333333,0.5,-4.0,-300.0,0.025974025974025976,0.18181818181818182,3,5,29.9,6.0,1220,1313,1317,0.0,0.0,5.0,2.0,36.6,0.8,0.5,0.0,0.0,6.0,2.0,35.3,0.1,0.4,0.2,1.0,56.0,-77.0,15.0,14.0,478.0,-0.5,-0.3076923076923077,-0.06666666666666667,0.0,0.0,0.6800000000000012,0.0,-1.1925999999999988,-1.7926000000000002,-1.1925999999999988,-1.4726,-2.3643,0.20941242973160215,1.1070682002478458,0.0,1.0,1.0,0.05263157894736842,0.10526315789473684,1.0,1.0,,0.0905448717948718
857,202305030402,1,2,3,11,1,4,0,10,0,0,0,0,0,2,1,7,0,2,0,2,0,0,0,0,0,1,0,4,0,2,0,1,0,0,0,0,0.0,0.0,40.0,3.0,38.9,1.6,0.25,0.0,0.0,10.0,5.0,37.8,1.0,0.25,0.0,0.0,30.0,3.0,36.6,0.5,0.06666666666666667,0.0,25.0,-200.0,0.05,0.175,8,15,5.0,3.0,1148,334,1393,0.0,0.0,20.0,2.0,36.7,0.0,0.375,0.0,0.0,40.0,2.0,38.4,0.9,0.1875,-0.5,0.8,56.0,-393.0,15.0,8.0,471.0,0.125,0.0,0.0,-0.0625,0.0,0.20999999999999944,0.0,1.6448999999999998,-0.4795000000000016,-1.0642999999999958,-1.453799999999994,0.12049999999999983,0.10022197585581939,0.9108238029388545,0.0,4.0,0.75,0.044444444444444446,0.28888888888888886,1.0,1.0,-0.08345021037868161,-0.028531983433041863
858,202305030402,0,0,0,0,0,0,0,1,0,0,0,0,0,0,0,0,0,0,0,0,0,0,0,0,0,0,0,0,0,0,0,0,0,0,0,0,0.0,0.0,30.0,2.0,37.1,0.2,0.3125,0.0,0.0,120.0,7.0,36.5,0.9,1.0,,,,,,,,5.0,-16.0,0.0,0.022598870056497175,0.0847457627118644,5,9,4.1,2.0,1676,590,1428,,,,,,,,,,,,,,,5.0,0.5,56.0,42.0,15.0,16.0,586.0,-0.0625,0.0,,,,0.6000000000000014,0.0,-1.1794999999999973,-1.7794999999999987,,,,0.34375,0.3000000000000007,0.0,2.0,0.5,0.0,0.15384615384615385,0.0,,,
859,202305030402,1,3,0,16,6,3,3,47,0,0,0,0,1,0,0,5,2,1,0,11,0,0,0,0,1,0,0,2,0,1,0,4,0,0,0,0,0.0,0.0,6.0,7.0,41.6,1.8,0.5454545454545454,0.0,0.0,8.0,11.0,41.8,3.2,0.14285714285714285,0.0,0.0,7.0,5.0,38.4,1.0,0.6153846153846154,-1.0,27.0,100.0,0.20634920634920634,0.3968253968253968,4,6,8.2,4.0,1736,1294,1482,0.0,0.0,4.0,5.0,36.8,1.3,0.26666666666666666,0.0,0.0,6.0,5.0,39.4,1.7,0.3125,-1.0,0.0,56.0,-412.0,15.0,11.0,541.0,0.0,0.5714285714285714,-0.23076923076923078,0.06666666666666667,-0.1875,0.9400000000000006,0.0,4.008600000000001,2.4073999999999955,-0.992600000000003,-0.8643000000000001,1.3273999999999972,0.17683880646096856,1.905780679931456,0.0,1.0,0.0,0.0449438202247191,0.29213483146067415,1.0,0.0,0.028891202498698587,0.05268199233716475
860,202305030402,1,0,0,2,0,0,0,0,0,0,0,0,0,0,0,1,0,0,0,0,0,0,0,0,0,0,0,0,0,0,0,0,0,0,0,0,0.0,0.0,3.0,3.0,39.5,0.7,0.09090909090909091,0.0,0.0,13.0,10.0,13.7,6.4,0.7857142857142857,0.0,0.0,8.0,8.0,14.1,10.5,0.8888888888888888,2.5,0.0,-300.0,0.037037037037037035,0.1111111111111111,8,14,65.5,10.0,1064,781,1556,0.0,0.0,14.0,10.0,35.1,1.3,0.6111111111111112,0.0,0.0,7.0,8.0,35.3,1.2,0.5625,1.0,0.2,56.0,-494.0,15.0,11.0,480.0,0.0,-0.07142857142857142,0.0,-0.05555555555555555,0.0,-1.3,0.0,0.29059999999999775,,,-0.3592000000000013,0.14689999999999515,0.27492131743326415,11.24803982923247,-1.0,0.0,,0.027777777777777776,0.1111111111111111,0.0,,0.07142857142857142,
861,202305030402,2,3,0,16,3,5,2,33,0,0,0,0,1,1,0,5,1,1,1,14,0,0,0,0,1,1,0,1,1,0,0,6,0,0,0,0,0.0,0.0,100.0,8.0,33.9,0.8,0.9444444444444444,0.0,0.0,60.0,6.0,35.1,0.4,0.8125,0.0,0.0,130.0,5.0,34.6,1.0,0.6875,-1.5,0.0,0.0,0.03278688524590164,0.06557377049180328,2,2,43.6,7.0,1426,1558,306,0.0,0.0,80.0,12.0,39.0,2.7,0.75,0.0,0.0,90.0,10.0,36.6,1.8,0.6875,1.0,0.0,56.0,42.0,15.0,18.0,480.0,-0.05555555555555555,-0.1875,-0.125,0.125,0.125,-0.9300000000000004,0.0,-1.2064999999999984,-0.05310000000000059,-0.5531000000000006,1.1317000000000021,1.4468999999999994,0.09596408150069277,1.8117394956229222,0.0,0.0,,0.04878048780487805,0.18292682926829268,0.0,,0.050843881856540096,0.0611517126001585
862,202305030402,0,0,0,2,1,2,0,18,0,0,0,0,0,0,0,1,0,0,0,5,0,0,0,0,0,0,0,1,0,0,0,3,0,0,0,0,0.0,0.0,20.0,2.0,42.1,1.6,0.16666666666666666,0.0,0.0,80.0,8.0,35.8,1.6,0.6,0.0,0.0,60.0,8.0,35.5,1.7,0.5294117647058824,3.0,9.0,-100.0,0.10784313725490197,0.27450980392156865,6,10,46.3,8.0,1534,1503,1235,,,,,,,,,,,,,,,3.0,0.3333333333333333,56.0,-352.0,15.0,12.0,481.0,0.0,0.0,-0.058823529411764705,,,3.3000000000000007,0.0,,-1.8643,0.39350000000000307,,,0.1898374986055166,3.0430248109405893,1.0,1.0,0.0,0.04081632653061224,0.16326530612244897,1.0,0.0,-0.15789473684210525,0.016511867905056737
863,202305030402,0,0,0,1,1,0,0,13,0,0,0,0,0,0,0,1,0,0,0,5,0,0,0,0,0,0,0,1,0,0,0,3,0,0,0,0,0.0,0.0,160.0,5.0,37.1,0.8,0.6875,0.0,0.0,150.0,8.0,39.0,2.6,0.6875,0.0,0.0,160.0,11.0,38.3,1.7,0.75,3.0,-2.0,0.0,0.0,0.02631578947368421,5,8,222.6,11.0,1008,1110,1364,0.0,0.0,140.0,11.0,40.2,2.9,0.6,0.0,0.0,160.0,14.0,37.5,3.8,1.0,2.1,0.0,56.0,22.0,15.0,16.0,480.0,-0.0625,0.0,0.0625,0.0,0.0,-0.2,0.0,-1.0337999999999994,0.7205000000000013,0.4316999999999993,1.920500000000004,-0.16429999999999723,0.13615248804190103,1.1052601503718487,0.0,4.0,0.0,0.015384615384615385,0.06153846153846154,1.0,0.0,,0.048961069978504884
864,202305030402,0,0,0,0,6,1,7,45,0,0,0,0,0,0,0,0,1,0,1,15,0,0,0,0,0,0,0,0,0,0,0,5,0,0,0,0,0.0,0.0,160.0,15.0,33.8,1.6,0.9375,0.0,0.0,150.0,11.0,36.6,1.4,0.6875,0.0,0.0,,,,,,-4.0,10.0,-200.0,0.025,0.075,3,4,247.7,13.0,1113,1183,880,0.0,0.0,110.0,10.0,37.9,3.0,0.9090909090909091,0.0,0.0,100.0,11.0,38.7,1.6,0.8461538461538461,-1.3,0.0,54.0,-455.0,15.0,16.0,464.0,0.0625,0.0625,,-0.09090909090909091,0.15384615384615385,-1.6000000000000014,0.0,-1.2747000000000028,-1.6794999999999973,,-1.3094000000000037,-0.6925999999999988,0.09678773296854754,1.8607794065928411,-1.0,2.0,0.0,0.0625,0.125,0.0,,,-0.0538498326159732
865,202305030402,1,1,0,3,1,4,0,10,0,0,0,1,0,0,0,1,0,2,0,2,0,0,0,0,0,0,0,0,0,2,0,1,0,0,0,0,0.0,0.0,1.0,,,,0.375,0.0,0.0,9.0,14.0,42.3,5.0,0.4,0.0,0.0,5.0,11.0,37.9,2.2,0.2,-3.0,15.0,200.0,0.042105263157894736,0.1736842105263158,4,7,11.6,5.0,1434,334,969,0.0,0.0,3.0,5.0,37.6,0.5,0.375,0.0,0.0,10.0,6.0,38.3,0.4,0.13333333333333333,-3.0,0.0,56.0,-382.0,15.0,8.0,487.0,0.0,0.5333333333333333,0.0,0.0,0.0,1.2299999999999998,0.0,,2.9073999999999955,0.23570000000000135,0.1659000000000006,0.3888999999999996,0.1086022303842994,1.9070592544543539,0.0,1.0,0.0,0.07692307692307693,0.21794871794871795,1.0,0.0,-0.02167182662538697,-0.028531983433041863
866,202305030402,2,0,0,15,8,5,5,44,0,0,0,0,2,0,0,5,1,1,2,10,0,0,0,0,2,0,0,2,0,0,0,5,0,0,0,0,0.0,0.0,10.0,10.0,13.7,2.8,0.8571428571428571,0.0,0.0,8.0,12.0,13.4,5.2,0.9285714285714286,0.0,0.0,7.0,5.0,13.8,4.9,0.7,-2.5,8.0,-1570.0,0.0,0.0,2,3,240.8,12.0,1657,1167,1317,0.0,0.0,8.0,5.0,13.9,3.8,0.6,0.0,0.0,10.0,9.0,13.7,5.0,0.9,-0.9,0.0,53.0,-200.0,15.0,14.0,472.0,-0.14285714285714285,0.0,-0.3,-0.1,0.0,-0.05,0.0,,,,,,0.12629734917314483,0.16733200530681516,-5.0,0.0,,0.0,0.09722222222222222,0.0,,-0.0393939393939394,0.019083827201908404
867,202305030402,2,5,3,38,0,0,1,18,0,0,0,0,1,1,2,9,0,0,1,8,0,0,0,0,0,1,1,2,0,0,0,4,0,0,0,0,0.0,0.0,9.0,13.0,36.1,3.3,0.9333333333333333,,,,,,,,,,,,,,,,,0.0,0.045454545454545456,0.14285714285714285,1,1,56.5,9.0,1278,1393,625,,,,,,,,,,,,,,,,0.0,55.0,0.0,15.0,15.0,472.0,0.0,,,,,,,-1.5642999999999958,,,,,,,0.0,1.0,0.0,0.045454545454545456,0.15151515151515152,1.0,0.0,0.010563380281690127,-0.10199418363107604
868,202305030402,0,1,1,9,6,3,3,47,0,0,0,0,0,0,1,3,2,1,0,11,0,0,0,0,0,0,1,1,0,1,0,4,0,0,0,0,0.0,0.0,14.0,14.0,37.2,4.2,0.6666666666666666,0.0,0.0,14.0,15.0,37.7,5.1,0.4375,,,,,,,,1.0,-4.0,0.0,0.06666666666666667,0.2549019607843137,7,12,384.6,14.0,1506,1294,199,,,,,,,,,,,,,,,1.0,0.0,56.0,0.0,15.0,15.0,436.0,0.2,0.5,,,,-0.5,0.0,-0.4642999999999944,2.4366000000000057,,,,0.11458333333333331,0.25,0.0,1.0,0.0,0.07228915662650602,0.1927710843373494,1.0,0.0,-0.10407239819004525,0.05268199233716475
869,202305030402,0,0,0,11,3,2,2,29,0,0,0,0,0,0,0,6,3,0,1,11,0,0,0,0,0,0,0,1,0,0,0,4,0,0,0,0,0.0,0.0,15.0,15.0,41.5,11.5,1.0,,,,,,,,,,,,,,,,,0.0,0.0,0.1111111111111111,7,13,474.5,15.0,1042,1366,488,,,,,,,,,,,,,,,,0.0,56.0,0.0,15.0,15.0,526.0,0.0,,,,,,,3.8357000000000028,,,,,,,0.0,1.0,0.0,0.0,0.0,1.0,0.0,-0.09496890898812888,-0.005916305916305931
870,202305030501,3,2,1,20,0,1,0,9,0,0,0,0,1,0,1,10,0,0,0,2,0,0,0,0,1,0,0,2,0,0,0,1,0,0,0,0,0.0,0.0,30.0,2.0,37.8,0.8,0.25,0.0,0.0,50.0,2.0,36.7,0.4,0.6,0.0,0.0,120.0,5.0,37.9,0.9,0.6875,1.5,0.0,200.0,0.02247191011235955,0.08426966292134831,7,13,4.6,3.0,1446,1169,75,,,,,,,,,,,,,,,1.5,0.6666666666666666,54.0,77.0,16.0,16.0,434.0,-0.0625,0.06666666666666667,-0.0625,,,-0.05000000000000071,0.0,-0.11110000000000042,-0.7177000000000007,-0.011099999999999,,,0.18902160370356258,0.543650214343334,0.0,0.0,,0.043478260869565216,0.21739130434782608,0.0,,-0.02024291497975711,0.1857142857142857
871,202305030501,4,4,2,51,1,3,2,8,0,0,0,0,0,3,2,25,1,2,1,3,0,0,0,0,0,3,1,6,0,1,1,1,0,0,0,0,0.0,0.0,2.0,2.0,43.9,2.2,0.1111111111111111,0.0,0.0,4.0,6.0,39.3,1.9,0.2,0.0,0.0,1.0,7.0,41.0,1.3,0.26666666666666666,2.5,25.0,0.0,0.06167400881057269,0.18061674008810572,8,16,10.4,5.0,1042,1322,488,0.0,0.0,5.0,2.0,37.6,0.5,0.2,0.0,0.0,5.0,2.0,36.5,0.7,0.4375,-0.4,0.6,54.0,-397.0,16.0,9.0,477.0,0.1111111111111111,-0.06666666666666667,0.2,0.0,0.0,1.6499999999999992,0.0,5.6205,-0.3259000000000043,1.7905999999999977,-0.9775999999999954,-1.7794999999999987,0.10907155879637738,2.6127380274340553,0.0,2.0,1.0,0.0273972602739726,0.1643835616438356,2.0,1.0,-0.09496890898812888,-0.17857142857142855
872,202305030501,1,0,2,42,24,19,11,236,0,0,0,0,1,0,1,20,7,2,1,59,0,0,0,0,1,0,1,14,4,0,0,25,0,0,0,0,0.0,0.0,6.0,6.0,37.1,0.8,0.9166666666666666,0.0,0.0,5.0,11.0,37.1,2.0,0.7857142857142857,0.0,0.0,1.0,8.0,39.4,1.4,0.07142857142857142,1.0,22.0,400.0,0.13725490196078433,0.3382352941176471,5,9,2.9,1.0,1672,1294,1167,0.0,0.0,1.0,4.0,37.3,0.6,0.125,0.0,0.0,1.0,3.0,37.2,0.8,0.0625,-1.3,0.2,54.0,-403.0,16.0,12.0,544.0,0.0,0.0,0.0,0.0,0.0,-0.039999999999999855,0.0,0.6589000000000027,-0.3177000000000021,0.0073999999999969646,-0.39170000000000016,-1.079499999999996,0.3776005820261474,0.8930845424706433,-1.0,1.0,1.0,0.2542372881355932,0.4745762711864407,1.0,1.0,0.13333333333333336,0.05268199233716475
873,202305030501,10,7,13,98,2,2,5,78,0,0,0,4,1,1,0,26,1,0,1,30,0,0,0,0,1,0,0,8,0,0,0,14,0,0,0,0,0.0,0.0,110.0,12.0,38.2,1.9,0.0625,0.0,0.0,110.0,5.0,36.8,1.6,0.375,,,,,,,,-7.0,-2.0,-200.0,0.04487179487179487,0.14102564102564102,8,15,19.3,7.0,1152,1036,1428,,,,,,,,,,,,,,,-7.0,0.0,53.0,153.0,16.0,16.0,440.0,0.0,-0.25,,,,1.4000000000000057,0.0,3.125300000000003,1.7252999999999972,,,,0.15625,0.7000000000000028,0.0,0.0,,0.09259259259259259,0.12962962962962962,0.0,,-0.0014982876712328896,-0.0649867374005305
874,202305030501,10,4,8,54,7,18,10,156,0,0,0,3,2,3,4,26,0,6,2,50,0,0,0,3,0,2,3,17,0,3,2,26,0,0,0,2,0.0,0.0,3.0,1.0,39.0,0.0,0.125,0.0,0.0,10.0,10.0,41.4,2.1,0.14285714285714285,0.0,0.0,8.0,11.0,40.1,3.2,0.3333333333333333,5.0,11.0,0.0,0.024390243902439025,0.10365853658536585,5,10,62.7,10.0,1601,1428,239,0.0,0.0,10.0,5.0,37.1,0.8,0.125,0.0,0.0,8.0,6.0,40.4,2.2,0.8666666666666667,0.5,0.2,54.0,-400.0,16.0,8.0,469.0,0.0,0.21428571428571427,0.2,0.0,-0.3333333333333333,0.15,0.0,0.8462000000000032,1.7740999999999971,1.5224000000000046,-1.1794999999999973,0.7740999999999971,0.2851110695772173,1.4656056768449,0.0,2.0,0.5,0.03508771929824561,0.07017543859649122,1.0,0.0,-0.08114035087719298,0.035063785856500246
875,202305030501,1,2,0,11,9,12,12,108,0,0,0,2,0,0,0,4,3,7,5,42,0,0,0,1,0,0,0,2,0,4,2,13,0,0,0,1,0.0,0.0,5.0,7.0,38.6,1.4,0.5,0.0,0.0,8.0,7.0,39.1,2.4,0.36363636363636365,0.0,0.0,13.0,9.0,40.2,2.1,0.8125,1.0,8.0,-400.0,0.06614785992217899,0.2529182879377432,3,5,4.4,2.0,1600,1221,680,0.0,0.0,9.0,14.0,41.1,2.7,0.26666666666666666,0.0,0.0,5.0,5.0,38.7,2.0,0.26666666666666666,0.3,0.0,54.0,-491.0,16.0,10.0,492.0,-0.1,0.36363636363636365,-0.1875,0.6666666666666666,-0.06666666666666667,-0.22000000000000028,0.0,-0.9466999999999999,-0.5259,0.5741000000000014,1.4741,-0.9258999999999986,0.20408753456075016,0.9645724441429995,1.0,0.0,,0.05,0.15,0.0,,0.05844155844155843,-0.024042553191489374
876,202305030501,12,9,11,80,24,25,22,286,0,0,1,0,3,2,2,27,9,6,7,91,0,0,1,0,2,0,1,11,3,4,5,31,0,0,1,0,0.0,0.0,80.0,7.0,37.4,1.7,0.625,0.0,0.0,20.0,5.0,37.8,1.8,0.6875,0.0,0.0,20.0,4.0,37.5,1.3,0.625,-1.5,2.0,0.0,0.0,0.2,1,1,10.9,6.0,1586,1013,1167,0.0,0.0,20.0,2.0,37.5,0.3,0.4375,0.0,0.0,20.0,3.0,36.5,0.3,0.7857142857142857,-1.1,0.4,54.0,118.0,16.0,16.0,452.0,-0.0625,0.0,-0.0625,-0.0625,-0.21428571428571427,0.20999999999999944,0.0,-0.7338000000000022,-0.4795000000000016,-0.36829999999999785,-0.6338000000000008,-1.7794999999999987,0.1136982669980829,0.4409081537009714,2.0,4.0,0.5,0.08737864077669903,0.21359223300970873,2.0,0.5,-0.06653620352250489,-0.045033397974574424
877,202305030501,12,17,21,171,0,0,0,3,0,0,0,0,1,5,12,77,0,0,0,1,0,0,0,0,1,3,5,32,0,0,0,1,0,0,0,0,0.0,0.0,60.0,5.0,38.7,1.7,0.25,0.0,0.0,60.0,12.0,39.3,3.4,0.6923076923076923,,,,,,,,7.0,4.0,200.0,0.046242774566473986,0.17341040462427745,4,7,42.5,8.0,1520,144,695,,,,,,,,,,,,,,,7.0,0.0,54.0,77.0,16.0,16.0,478.0,0.0625,-0.07692307692307693,,,,-0.5999999999999943,0.0,0.7889000000000053,1.3888999999999996,,,,0.22115384615384615,0.29999999999999716,3.0,0.0,,0.0898876404494382,0.3146067415730337,0.0,,0.0023270846800258482,
878,202305030501,3,6,7,83,3,10,5,95,0,0,0,0,1,2,1,30,2,5,4,40,0,0,0,0,0,0,0,14,2,1,2,9,0,0,0,0,0.0,0.0,1.0,1.0,36.8,0.0,0.3333333333333333,0.0,0.0,13.0,9.0,36.9,1.4,0.5625,0.0,0.0,13.0,15.0,38.8,3.0,0.2,7.0,-2.0,400.0,0.029850746268656716,0.1044776119402985,7,14,113.4,13.0,1431,1376,1428,0.0,0.0,9.0,9.0,36.6,1.6,0.9375,0.0,0.0,5.0,10.0,40.6,4.2,0.4375,1.8,0.2,52.0,-393.0,16.0,9.0,452.0,0.0,0.0,0.0,-0.3125,0.0,-0.7300000000000011,0.0,0.35889999999999844,-1.3795000000000002,3.062599999999996,1.1407999999999987,2.5274,0.2517246070168305,1.5486768546084755,-2.0,1.0,0.0,0.024390243902439025,0.21951219512195122,1.0,0.0,-0.03118137900746598,0.07508296460176991
879,202305030501,10,4,8,54,7,4,4,70,1,0,0,2,2,3,4,26,1,0,0,27,0,0,0,0,0,2,3,17,1,0,0,12,0,0,0,0,0.0,0.0,90.0,6.0,38.2,1.6,0.875,0.0,0.0,140.0,7.0,39.6,2.4,0.2,0.0,0.0,120.0,11.0,42.2,3.9,0.2,2.5,-2.0,0.0,0.041666666666666664,0.17708333333333334,3,6,58.5,9.0,1601,1503,239,,,,,,,,,,,,,,,2.5,0.0,54.0,41.0,16.0,16.0,448.0,-0.0625,0.0,0.2,,,-2.0,0.0,-0.07949999999999591,0.323599999999999,2.5108999999999995,,,0.31819805153394637,1.6573070526208074,0.0,1.0,0.0,0.0,0.09523809523809523,1.0,0.0,-0.08114035087719298,0.016511867905056737
880,202305030501,43,41,42,253,24,25,22,286,2,1,0,12,13,15,18,95,9,6,7,91,1,0,0,6,2,3,1,12,3,4,5,31,0,0,0,2,0.0,0.0,12.0,11.0,37.5,1.6,0.25,0.0,0.0,7.0,9.0,43.9,3.3,0.14285714285714285,0.0,0.0,5.0,14.0,44.0,4.0,0.125,1.5,-20.0,0.0,0.03614457831325301,0.08433734939759036,2,3,108.3,12.0,1576,1013,1577,0.0,0.0,2.0,11.0,42.8,2.9,0.5625,,,,,,,,0.5,0.0,52.0,0.0,16.0,16.0,480.0,0.0,0.21428571428571427,0.125,0.0,,-1.5999999999999992,0.0,-0.7794999999999987,,4.3740999999999985,3.1740999999999957,,0.17546119530731993,2.6688012290165033,0.0,1.0,0.0,0.030303030303030304,0.21212121212121213,1.0,0.0,-0.03389267477838315,-0.045033397974574424
881,202305030501,10,4,8,54,24,25,22,286,0,1,1,2,2,3,4,26,9,6,7,91,0,0,1,1,0,2,3,17,3,4,5,31,0,0,1,1,0.0,0.0,3.0,3.0,39.8,0.2,0.2222222222222222,0.0,0.0,14.0,12.0,37.2,1.9,0.75,0.0,0.0,11.0,17.0,37.7,5.1,0.8888888888888888,7.0,16.0,-100.0,0.015151515151515152,0.06060606060606061,2,4,204.5,14.0,1601,1013,239,,,,,,,,,,,,,,,7.0,0.3333333333333333,52.0,-67.0,16.0,9.0,414.0,0.0,0.0,0.0,,,1.0499999999999972,0.0,,-1.079499999999996,1.6052000000000035,,,0.2871863410976078,1.1264496832477173,-2.0,1.0,0.0,0.0379746835443038,0.1518987341772152,1.0,0.0,-0.08114035087719298,-0.045033397974574424
882,202305030501,0,0,0,2,4,7,7,131,0,0,0,0,0,0,0,0,1,3,1,42,0,0,0,0,0,0,0,0,0,1,0,17,0,0,0,0,0.0,0.0,9.0,4.0,39.6,0.9,0.5,0.0,0.0,15.0,13.0,38.1,2.1,0.25,0.0,0.0,15.0,15.0,36.7,2.4,0.875,5.5,11.0,-600.0,0.0,0.15384615384615385,4,8,315.1,15.0,1399,1559,1428,0.0,0.0,15.0,10.0,38.8,3.0,1.0,,,,,,,,2.0,0.0,51.0,-394.0,16.0,12.0,423.0,0.0,0.0,0.0625,-0.375,,0.3800000000000011,0.0,0.3153000000000006,-0.17949999999999733,1.5469000000000008,3.5366,,0.2981060004427955,1.0653637876331248,-4.0,1.0,0.0,0.014285714285714285,0.04285714285714286,1.0,0.0,,0.07049897869857018
883,202305030501,5,1,6,33,5,5,3,59,0,0,0,1,3,1,6,14,2,5,2,20,0,0,0,0,1,0,1,6,0,0,0,4,0,0,0,0,0.0,0.0,1.0,10.0,40.1,2.4,0.09090909090909091,0.0,0.0,5.0,12.0,38.0,1.8,0.8666666666666667,0.0,0.0,4.0,14.0,37.6,2.3,0.75,2.0,12.0,200.0,0.019801980198019802,0.06930693069306931,1,2,7.4,4.0,1401,1721,517,0.0,0.0,5.0,5.0,38.4,0.5,0.0625,0.0,0.0,11.0,13.0,39.8,3.4,0.75,-0.1,0.0,54.0,-117.0,16.0,11.0,462.0,0.0,0.06666666666666667,0.0,0.0,-0.125,0.020000000000000996,0.0,2.2789,0.08890000000000242,-0.6794999999999973,0.48329999999999984,4.5366,0.35160360041865973,0.9927738916792681,0.0,1.0,0.0,0.0,0.14285714285714285,1.0,0.0,0.019047619047619035,0.02314814814814814
884,202305030501,5,9,5,81,20,25,21,205,0,0,1,1,0,7,3,29,5,4,2,61,0,0,0,1,0,0,3,10,2,1,0,22,0,0,0,1,0.0,0.0,10.0,11.0,41.4,5.9,1.0,0.0,0.0,16.0,15.0,37.0,2.5,1.0,0.0,0.0,12.0,12.0,38.2,2.5,0.75,0.5,-10.0,100.0,0.0,0.0,6,11,332.0,16.0,1020,1167,1576,0.0,0.0,11.0,7.0,38.3,2.4,0.9375,0.0,0.0,10.0,8.0,38.2,2.0,0.875,-1.4,0.0,51.0,-93.0,16.0,11.0,400.0,0.0,0.0,-0.125,0.0,0.0,0.5099999999999995,0.0,3.9658999999999978,-1.2794999999999987,0.2833000000000041,0.14620000000000033,0.28890000000000526,0.09354143466934853,1.4702380759591276,0.0,2.0,0.0,0.04,0.16,1.0,0.0,0.16294117647058826,0.019083827201908404
885,202305030501,0,0,0,0,7,18,10,156,0,0,0,0,0,0,0,0,0,6,2,50,0,0,0,0,0,0,0,0,0,3,2,26,0,0,0,0,0.0,0.0,11.0,16.0,38.3,3.3,0.9375,0.0,0.0,5.0,9.0,36.2,3.7,0.9,,,,,,,,-7.0,-6.0,0.0,0.045454545454545456,0.18831168831168832,6,12,66.2,11.0,731,1428,464,,,,,,,,,,,,,,,-7.0,0.0,54.0,0.0,16.0,16.0,446.0,0.0,0.0,,,,2.0999999999999943,0.0,0.02049999999999841,0.2834000000000003,,,,0.01874999999999999,1.0499999999999972,0.0,1.0,0.0,0.15789473684210525,0.3333333333333333,1.0,0.0,,0.035063785856500246
886,202305030506,43,41,42,253,17,25,19,185,0,1,0,1,13,15,18,95,7,6,8,58,0,0,0,0,3,1,3,9,1,0,3,3,0,0,0,0,,,,,,,,,,,,,,,,,,,,,,,,,0.24358974358974358,0.4935897435897436,8,15,2.0,1.0,1576,1183,1577,,,,,,,,,,,,,,,,,55.0,,16.0,,,,,,,,,,,,,,,,,,0.0,,0.0,0.1875,0.0,,-0.03389267477838315,-0.0538498326159732
887,202305030506,43,41,42,253,0,4,1,24,0,0,0,0,13,15,18,95,0,2,1,8,0,0,0,0,3,1,3,9,0,0,0,0,0,0,0,0,,,,,,,,,,,,,,,,,,,,,,,,,0.06535947712418301,0.21568627450980393,6,11,6.9,3.0,1576,1561,1577,,,,,,,,,,,,,,,,,55.0,,16.0,,,,,,,,,,,,,,,,,,0.0,,0.06666666666666667,0.15555555555555556,0.0,,-0.03389267477838315,0.038112522686025385
888,202305030506,0,0,0,4,24,19,11,236,0,0,0,1,0,0,0,2,7,2,1,59,0,0,0,0,0,0,0,1,0,0,0,2,0,0,0,0,,,,,,,,,,,,,,,,,,,,,,,,,0.07386363636363637,0.2215909090909091,3,5,13.8,4.0,1699,1294,1313,,,,,,,,,,,,,,,,,55.0,,16.0,,,,,,,,,,,,,,,,,,0.0,,0.125,0.4583333333333333,0.0,,,0.05268199233716475
889,202305030506,0,0,0,0,11,8,5,58,0,0,0,0,0,0,0,0,2,1,0,16,0,0,0,0,0,0,0,0,0,0,0,1,0,0,0,0,,,,,,,,,,,,,,,,,,,,,,,,,0.014184397163120567,0.06382978723404255,2,3,76.6,10.0,1352,334,1503,,,,,,,,,,,,,,,,,55.0,,16.0,,,,,,,,,,,,,,,,,,0.0,,0.1388888888888889,0.2361111111111111,0.0,,,-0.028531983433041863
890,202305030506,0,0,0,8,5,5,3,59,0,0,0,0,0,0,0,3,2,5,2,20,0,0,0,0,0,0,0,1,0,0,0,4,0,0,0,0,0.0,0.0,2.0,12.0,41.5,2.8,0.7857142857142857,0.0,0.0,9.0,8.0,39.1,2.6,0.2,0.0,0.0,5.0,10.0,39.1,3.0,0.5384615384615384,-1.0,5.0,0.0,0.009259259259259259,0.07407407407407407,2,4,87.5,11.0,1282,1721,377,0.0,0.0,9.0,6.0,38.6,2.1,0.7692307692307693,0.0,0.0,11.0,5.0,37.6,1.5,0.5625,-1.6,0.0,55.0,-405.0,16.0,14.0,467.0,-0.21428571428571427,0.0,0.0,0.0,0.0,0.8299999999999997,0.0,3.2205000000000013,1.5086000000000013,0.8205000000000027,0.32050000000000267,-0.6794999999999973,0.21174017070768,1.2828094168659656,0.0,4.0,0.0,0.07142857142857142,0.19047619047619047,4.0,0.0,,0.02314814814814814
891,202305030506,2,5,4,35,2,4,2,12,0,0,0,0,0,0,1,12,1,1,1,7,0,0,0,0,0,0,0,1,0,0,0,2,0,0,0,0,0.0,0.0,3.0,6.0,39.0,0.9,0.25,0.0,0.0,7.0,6.0,39.6,0.7,0.14285714285714285,0.0,0.0,1.0,5.0,40.6,0.8,0.15384615384615385,-0.5,0.0,-400.0,0.04950495049504951,0.1782178217821782,6,12,13.9,5.0,1674,1278,1428,0.0,0.0,1.0,1.0,39.3,0.0,0.0625,0.0,0.0,2.0,3.0,39.4,0.4,0.4,-1.1,0.4,55.0,-295.0,16.0,16.0,484.0,0.0625,0.0,0.0,0.0,0.13333333333333333,-0.04999999999999929,0.0,-0.038699999999998624,1.5274,0.9741,-0.3259000000000043,0.36129999999999995,0.11557230940255551,0.5455272678794353,-2.0,0.0,,0.05,0.125,0.0,,-0.06413043478260871,0.09999999999999998
892,202305030506,0,0,0,3,0,0,0,0,0,0,0,0,0,0,0,3,0,0,0,0,0,0,0,0,0,0,0,2,0,0,0,0,0,0,0,0,,,,,,,,,,,,,,,,,,,,,,,,,0.04145077720207254,0.17616580310880828,1,1,257.3,16.0,1658,1655,1167,,,,,,,,,,,,,,,,,55.0,,16.0,,,,,,,,,,,,,,,,,,0.0,,0.07692307692307693,0.23076923076923078,0.0,,,
893,202305030506,7,7,8,85,1,0,1,11,0,0,0,0,3,4,0,27,0,0,1,5,0,0,0,0,1,1,0,4,0,0,0,0,0,0,0,0,0.0,0.0,12.0,12.0,36.7,2.0,1.0,0.0,0.0,9.0,6.0,37.0,1.1,0.35714285714285715,0.0,0.0,4.0,1.0,39.3,0.0,0.08333333333333333,-5.5,0.0,200.0,0.03296703296703297,0.17582417582417584,7,14,168.1,15.0,1605,1571,1,0.0,0.0,10.0,8.0,38.8,1.7,0.3125,0.0,0.0,13.0,11.0,41.3,2.6,0.23076923076923078,0.0,0.2,55.0,-456.0,16.0,14.0,464.0,0.0,0.0,0.0,0.0,0.3076923076923077,-1.0999999999999985,0.0,-1.2110999999999947,-0.9110999999999976,1.6357,0.9788999999999959,1.6740999999999957,0.3157077678676898,1.672602762164404,1.0,1.0,1.0,0.0392156862745098,0.1568627450980392,0.0,,0.056687605331699115,-0.08241758241758243
894,202305030506,5,4,3,36,0,3,4,24,0,1,1,2,2,2,2,15,0,1,2,7,0,1,1,2,1,0,0,1,0,0,0,1,0,0,0,0,0.0,0.0,6.0,11.0,37.2,2.5,0.6666666666666666,0.0,0.0,9.0,8.0,38.8,2.5,0.375,0.0,0.0,7.0,12.0,38.1,2.1,0.625,0.5,14.0,400.0,0.036585365853658534,0.08536585365853659,4,7,101.7,13.0,1310,1713,1618,0.0,0.0,13.0,9.0,39.1,2.1,0.125,,,,,,,,-0.2,0.0,53.0,-365.0,16.0,12.0,486.0,0.08333333333333333,-0.0625,-0.0625,0.0,,-0.5,0.0,0.7589000000000041,0.5204999999999984,-0.17949999999999733,0.8205000000000027,,0.21725680848556467,0.7314369419163884,-1.0,3.0,0.0,0.04819277108433735,0.18072289156626506,3.0,0.0,-0.08333333333333334,-0.02580645161290321
895,202305030506,12,17,21,171,0,0,0,2,0,0,0,0,1,5,12,77,0,0,0,1,0,0,0,0,0,0,1,5,0,0,0,0,0,0,0,0,0.0,0.0,5.0,6.0,40.7,2.2,0.5833333333333334,0.0,0.0,7.0,8.0,41.2,2.8,0.125,0.0,0.0,7.0,8.0,39.4,1.9,0.75,1.0,3.0,0.0,0.14285714285714285,0.37142857142857144,5,10,26.9,6.0,1520,432,695,0.0,0.0,6.0,10.0,38.6,2.1,0.4375,,,,,,,,1.2,0.0,55.0,-256.0,16.0,12.0,479.0,-0.08333333333333333,0.0,0.0,0.0,,0.8100000000000008,0.0,2.546200000000006,3.1274000000000015,-0.22590000000000288,0.32050000000000267,,0.229816786176148,1.0304731922762485,-1.0,2.0,0.0,0.08695652173913043,0.17391304347826086,1.0,0.0,0.0023270846800258482,
896,202305030506,12,9,11,80,14,9,8,141,0,0,0,2,3,2,2,27,2,1,3,49,0,0,0,0,0,0,0,5,0,0,0,6,0,0,0,0,0.0,0.0,7.0,2.0,39.8,0.0,0.1875,0.0,0.0,13.0,14.0,42.0,4.4,0.8666666666666667,0.0,0.0,7.0,7.0,37.9,2.9,0.6,2.5,22.0,-400.0,0.04516129032258064,0.14193548387096774,1,2,88.9,12.0,1586,1618,1167,0.0,0.0,4.0,1.0,39.2,0.0,0.5833333333333334,0.0,0.0,8.0,4.0,38.3,1.0,0.8571428571428571,-0.9,0.4,54.0,-486.0,16.0,16.0,506.0,-0.125,-0.06666666666666667,0.2,-0.3333333333333333,-0.21428571428571427,0.5799999999999997,0.0,0.1740999999999957,2.6073999999999984,-0.17260000000000275,-0.4258999999999986,-0.7387000000000015,0.24733626252001467,1.4430523206037962,-1.0,0.0,,0.13414634146341464,0.31097560975609756,0.0,,-0.06653620352250489,0.06466540104413859
897,202305030506,4,0,2,13,0,3,2,19,0,0,0,0,0,0,1,6,0,1,0,6,0,0,0,0,0,0,0,1,0,0,0,0,0,0,0,0,,,,,,,,,,,,,,,,,,,,,,,,,0.061946902654867256,0.18141592920353983,4,8,30.4,7.0,1434,1654,969,,,,,,,,,,,,,,,,,55.0,,16.0,,,,,,,,,,,,,,,,,,0.0,,0.046153846153846156,0.13846153846153847,0.0,,-0.02167182662538697,0.12499999999999997
898,202305030506,7,7,8,85,0,4,1,24,0,0,0,0,3,4,0,27,0,2,1,8,0,0,0,0,1,1,0,4,0,0,0,0,0,0,0,0,,,,,,,,,,,,,,,,,,,,,,,,,0.14883720930232558,0.3395348837209302,7,13,40.6,8.0,1605,1561,1,,,,,,,,,,,,,,,,,55.0,,16.0,,,,,,,,,,,,,,,,,,0.0,,0.04938271604938271,0.20987654320987653,0.0,,0.056687605331699115,0.038112522686025385
899,202305030506,3,2,1,20,0,0,0,2,0,0,0,0,1,0,1,10,0,0,0,0,0,0,0,0,0,0,0,0,0,0,0,0,0,0,0,0,,,,,,,,,,,,,,,,,,,,,,,,,0.02631578947368421,0.07894736842105263,8,16,150.7,14.0,1446,1487,75,,,,,,,,,,,,,,,,,55.0,,16.0,,,,,,,,,,,,,,,,,,0.0,,0.01639344262295082,0.08196721311475409,0.0,,-0.02024291497975711,
900,202305030506,0,0,0,1,7,18,10,156,0,0,0,0,0,0,0,0,0,6,2,50,0,0,0,0,0,0,0,0,0,1,0,4,0,0,0,0,0.0,0.0,9.0,15.0,38.8,4.2,0.9375,,,,,,,,,,,,,,,,,0.0,0.08552631578947369,0.28289473684210525,5,9,48.9,9.0,1146,1428,512,,,,,,,,,,,,,,,,0.0,55.0,0.0,16.0,16.0,486.0,0.0,,,,,,,0.5204999999999984,,,,,,,0.0,1.0,0.0,,,1.0,0.0,,
901,202305030506,5,9,5,81,7,18,10,156,0,1,0,3,0,7,3,29,0,6,2,50,0,1,0,1,0,2,0,5,0,1,0,4,0,1,0,0,,,,,,,,,,,,,,,,,,,,,,,,,0.13793103448275862,0.3399014778325123,3,6,4.3,2.0,1020,1428,1576,,,,,,,,,,,,,,,,,55.0,,16.0,,,,,,,,,,,,,,,,,,0.0,,0.0,0.1935483870967742,0.0,,0.16294117647058826,0.035063785856500246
902,202305030509,17,18,10,162,10,7,13,124,1,1,0,4,10,9,5,93,5,3,5,58,1,0,0,4,2,0,1,23,0,0,0,8,0,0,0,2,0.0,0.0,90.0,13.0,36.1,1.6,0.9285714285714286,0.0,0.0,80.0,1.0,36.4,0.0,0.75,0.0,0.0,70.0,7.0,39.0,1.1,0.4666666666666667,-3.0,-2.0,0.0,0.024691358024691357,0.07407407407407407,2,4,6.3,3.0,1172,1366,1556,0.0,0.0,10.0,1.0,36.8,0.0,0.5625,0.0,0.0,50.0,2.0,36.7,0.1,0.6153846153846154,-2.2,0.6,55.0,91.0,16.0,14.0,484.0,0.0,0.0,0.0,-0.125,-0.07692307692307693,-0.16000000000000014,0.0,-0.2616000000000014,-1.511099999999999,0.7205000000000013,-1.4795000000000016,-1.579499999999996,0.16062268869480806,1.0295630140986998,-1.0,3.0,0.6666666666666666,0.10576923076923077,0.25961538461538464,3.0,0.6666666666666666,0.01460869565217393,-0.005916305916305931
903,202305030509,1,0,0,4,8,2,7,62,1,0,0,1,1,0,0,2,3,2,2,19,1,0,0,1,0,0,0,1,1,0,0,1,0,0,0,1,0.0,0.0,100.0,3.0,37.0,0.7,0.375,0.0,0.0,80.0,12.0,38.7,2.6,0.3125,0.0,0.0,30.0,1.0,36.5,0.0,0.23076923076923078,-1.0,12.0,0.0,0.041884816753926704,0.17277486910994763,1,1,19.9,7.0,115,1110,726,0.0,0.0,20.0,6.0,40.4,1.1,0.2857142857142857,0.0,0.0,50.0,17.0,36.4,2.2,0.6111111111111112,2.2,0.4,58.0,21.0,16.0,16.0,500.0,0.0,0.0625,0.0,-0.07142857142857142,0.05555555555555555,-0.04999999999999929,0.0,-1.2794999999999987,0.4205000000000041,-1.7794999999999987,1.1235999999999962,0.8378999999999976,0.1324472948987089,1.5401298646542765,0.0,3.0,0.6666666666666666,0.06818181818181818,0.20454545454545456,3.0,0.6666666666666666,,0.048961069978504884
904,202305030509,5,1,6,33,9,12,12,108,0,0,0,1,3,1,6,14,3,7,5,42,0,0,0,1,0,0,2,3,0,1,0,6,0,0,0,0,0.0,0.0,80.0,11.0,37.5,1.3,0.6875,0.0,0.0,70.0,1.0,37.2,0.0,0.125,0.0,0.0,40.0,3.0,37.0,0.4,0.4,-4.0,0.0,200.0,0.03333333333333333,0.16666666666666666,6,12,181.6,14.0,1401,1221,517,0.0,0.0,50.0,4.0,37.8,0.4,0.25,0.0,0.0,140.0,9.0,38.0,0.9,0.6875,-0.1,0.4,58.0,20.0,16.0,16.0,496.0,0.0,0.0,-0.13333333333333333,-0.125,-0.125,-0.15999999999999942,0.0,-0.4110999999999976,-0.7110999999999947,-0.9110999999999976,-0.11110000000000042,-0.27949999999999875,0.2275686709545055,0.36878177829171455,0.0,1.0,0.0,0.018867924528301886,0.07547169811320754,1.0,0.0,0.019047619047619035,-0.024042553191489374
905,202305030509,6,2,13,58,9,12,12,108,0,0,2,5,1,1,3,17,3,7,5,42,0,0,0,2,0,0,0,1,0,1,0,6,0,0,0,0,0.0,0.0,80.0,6.0,36.4,0.9,0.6875,0.0,0.0,70.0,5.0,35.4,1.4,0.875,0.0,0.0,130.0,9.0,36.6,0.9,0.4375,1.5,10.0,0.0,0.046511627906976744,0.1744186046511628,6,11,19.2,6.0,1426,1221,306,0.0,0.0,60.0,1.0,36.1,0.0,0.5,0.0,0.0,80.0,7.0,37.5,1.7,0.8125,-0.2,0.2,58.0,21.0,16.0,16.0,492.0,0.0625,0.0,0.0,0.0,0.125,-0.2900000000000006,0.0,-1.8795000000000002,-2.1914000000000016,-1.3110999999999962,-1.7984000000000009,-0.5726000000000013,0.1704772712123232,0.6841052550594832,0.0,2.0,0.5,0.06896551724137931,0.1724137931034483,1.0,0.0,0.050843881856540096,-0.024042553191489374
906,202305030509,7,2,9,76,24,25,22,286,2,0,0,8,2,1,1,28,9,6,7,91,0,0,0,2,0,0,0,7,3,0,1,15,0,0,0,0,0.0,0.0,100.0,13.0,38.4,2.8,0.8666666666666667,0.0,0.0,130.0,10.0,38.2,1.3,0.8,0.0,0.0,130.0,6.0,38.2,0.5,0.5,-3.5,2.0,-400.0,0.014285714285714285,0.06428571428571428,7,14,328.3,15.0,1713,1013,215,0.0,0.0,130.0,12.0,35.2,1.4,0.8571428571428571,0.0,0.0,120.0,11.0,39.5,2.5,0.625,-0.2,0.0,58.0,48.0,16.0,15.0,474.0,-0.06666666666666667,-0.2,-0.1875,-0.21428571428571427,-0.125,0.07999999999999971,0.0,-0.6387,-1.1925999999999988,-1.1925999999999988,0.12530000000000285,-0.12590000000000146,0.14399152784349137,1.4338758663147928,0.0,0.0,,0.0,0.08571428571428572,0.0,,-0.0301990391214825,-0.045033397974574424
907,202305030509,5,9,5,81,9,12,12,108,1,0,0,5,0,7,3,29,3,7,5,42,0,0,0,3,0,2,0,1,0,1,0,6,0,0,0,0,0.0,0.0,160.0,7.0,35.8,1.0,0.875,0.0,0.0,120.0,5.0,36.1,0.8,1.0,0.0,0.0,140.0,11.0,36.2,1.7,0.9285714285714286,2.0,-6.0,0.0,0.02,0.07,5,9,152.2,13.0,1020,1221,1576,0.0,0.0,110.0,7.0,35.5,0.8,0.8181818181818182,0.0,0.0,150.0,12.0,37.3,2.2,0.9333333333333333,1.2,0.0,56.0,-526.0,16.0,16.0,468.0,0.0625,0.0,0.0,0.0,-0.06666666666666667,-0.23999999999999985,0.0,-2.4795000000000016,-2.1794999999999973,-2.079499999999996,-2.0914,-0.6111000000000004,0.061056934506457765,0.6112282715974443,0.0,3.0,0.0,0.046875,0.140625,3.0,0.0,0.16294117647058826,-0.024042553191489374
908,202305030509,2,1,1,28,1,1,1,23,1,0,0,3,2,1,0,15,1,1,0,10,1,0,0,2,0,0,0,0,0,1,0,1,0,0,0,0,0.0,0.0,9.0,9.0,37.8,1.5,0.2727272727272727,0.0,0.0,6.0,14.0,37.7,1.7,0.5,0.0,0.0,5.0,7.0,36.6,0.4,0.2,-1.0,4.0,0.0,0.04975124378109453,0.1791044776119403,7,13,11.7,5.0,1507,1592,593,0.0,0.0,4.0,1.0,35.6,0.0,0.125,0.0,0.0,1.0,3.0,37.2,0.0,0.7333333333333333,-2.5,0.4,58.0,-133.0,16.0,11.0,502.0,-0.09090909090909091,-0.0625,0.0,0.0,-0.2,0.329999999999999,0.0,-0.4795000000000016,0.1086000000000027,-1.6794999999999973,-2.5537999999999954,-0.21770000000000067,0.22236292607070413,0.8109253973085312,0.0,3.0,0.3333333333333333,0.04395604395604396,0.2967032967032967,2.0,0.0,-0.125,0.27350427350427353
909,202305030509,10,4,8,54,10,14,7,96,1,0,1,2,2,3,4,26,6,9,2,45,0,0,0,1,1,0,0,0,0,0,0,2,0,0,0,0,0.0,0.0,9.0,10.0,37.8,1.9,0.4375,0.0,0.0,9.0,10.0,38.0,0.8,0.5,0.0,0.0,3.0,10.0,37.6,1.4,0.08333333333333333,0.0,8.0,-200.0,0.13861386138613863,0.3415841584158416,1,2,3.4,2.0,1601,1362,239,0.0,0.0,14.0,11.0,33.6,1.2,0.8235294117647058,0.0,0.0,7.0,8.0,35.6,0.6,0.2,-0.3,0.0,58.0,-162.0,16.0,16.0,468.0,0.0625,-0.07142857142857142,0.0,0.0,0.26666666666666666,0.879999999999999,0.0,-0.2726000000000042,-0.27949999999999875,-0.4725999999999999,-1.4746999999999986,0.1407999999999987,0.25716437536214415,1.6951696080333665,0.0,1.0,0.0,0.06818181818181818,0.1590909090909091,1.0,0.0,-0.08114035087719298,-0.033568172399502716
910,202305030509,9,2,4,101,4,3,1,34,1,1,1,2,3,1,2,27,3,1,1,12,1,1,1,2,0,1,1,12,1,1,0,1,0,1,0,1,0.0,0.0,10.0,2.0,36.0,0.3,0.5625,0.0,0.0,10.0,7.0,34.7,0.8,1.0,0.0,0.0,40.0,2.0,35.9,0.3,0.8125,0.0,0.0,0.0,0.06578947368421052,0.21710526315789475,8,15,2.7,1.0,1557,1541,1559,0.0,0.0,20.0,3.0,35.9,0.3,0.8125,0.0,0.0,20.0,2.0,35.2,0.0,0.5625,-0.4,0.8,58.0,21.0,16.0,16.0,518.0,0.0625,0.0,0.0,0.0,0.0,0.039999999999999855,0.0,-2.2794999999999987,-3.433799999999998,-2.3795,-2.3795,-2.933799999999998,0.16770509831248423,0.5083306010855517,0.0,5.0,0.8,0.06870229007633588,0.31297709923664124,3.0,1.0,0.005824790307548927,0.0367965367965368
911,202305030509,4,5,6,66,20,25,21,205,0,2,1,4,2,2,2,34,5,4,2,61,0,1,0,4,0,0,0,13,1,1,1,5,0,0,0,0,0.0,0.0,20.0,1.0,38.7,0.0,0.5,0.0,0.0,130.0,12.0,36.3,0.8,0.875,0.0,0.0,80.0,14.0,36.8,1.5,0.4666666666666667,6.5,-2.0,-100.0,0.14388489208633093,0.37410071942446044,3,6,34.9,8.0,1313,1167,1108,0.0,0.0,40.0,14.0,36.2,1.7,0.8571428571428571,0.0,0.0,70.0,7.0,37.4,0.9,0.8125,1.4,0.2,58.0,-475.0,16.0,8.0,464.0,-0.125,0.0,0.06666666666666667,-0.07142857142857142,0.0625,0.2700000000000003,0.0,,-1.5211000000000041,-1.3537999999999997,-2.079499999999996,-0.4211000000000027,0.18021875092770184,0.915204895091805,3.0,2.0,0.0,0.05194805194805195,0.1038961038961039,1.0,0.0,-0.02239448751076656,0.019083827201908404
912,202305030509,4,3,1,29,3,2,4,22,0,1,1,4,2,1,1,13,1,1,1,7,0,1,1,4,0,0,0,2,0,0,0,0,0,0,0,0,0.0,0.0,150.0,120.0,38.0,3.6,0.8666666666666667,0.0,0.0,100.0,140.0,37.8,1.9,0.5625,0.0,0.0,130.0,40.0,36.3,0.6,0.26666666666666666,-40.0,1.0,-200.0,0.03225806451612903,0.06451612903225806,2,3,74.0,12.0,1629,1,1428,0.0,0.0,80.0,100.0,39.0,1.6,0.2727272727272727,0.0,0.0,120.0,110.0,35.8,0.7,0.8,-6.0,0.0,58.0,-485.0,16.0,15.0,495.0,-0.06666666666666667,0.0,-0.13333333333333333,0.18181818181818182,0.0,0.3200000000000003,0.0,-0.07260000000000133,-0.4795000000000016,-1.8537999999999997,1.1788999999999987,-2.4795000000000016,0.25299133250976974,1.1702991070662245,1.0,3.0,0.0,0.045454545454545456,0.22727272727272727,2.0,0.0,0.09957325746799428,-0.0903225806451613
913,202305030509,2,4,2,75,9,12,12,108,0,0,0,6,1,2,1,39,3,7,5,42,0,0,0,4,0,0,0,6,0,1,0,6,0,0,0,0,0.0,0.0,60.0,11.0,38.4,1.4,0.4375,0.0,0.0,60.0,9.0,37.7,0.8,0.5333333333333333,0.0,0.0,80.0,2.0,37.0,0.1,0.8125,-4.5,2.0,-400.0,0.06640625,0.25390625,4,7,61.6,11.0,1571,1221,1108,0.0,0.0,70.0,7.0,36.8,0.5,0.6,0.0,0.0,70.0,11.0,39.8,1.8,0.4666666666666667,-0.2,0.2,58.0,62.0,16.0,16.0,482.0,-0.0625,0.13333333333333333,-0.1875,-0.06666666666666667,-0.2,-0.18999999999999914,0.0,-0.6387,-1.9258999999999986,-2.6259000000000015,-2.5926000000000045,0.40739999999999554,0.13362987856181133,1.0873821775254544,0.0,0.0,,0.0,0.1,0.0,,0.10004302925989672,-0.024042553191489374
914,202305030509,12,9,9,59,0,0,0,2,0,0,0,1,5,4,1,17,0,0,0,1,0,0,0,1,1,1,0,4,0,0,0,1,0,0,0,1,0.0,0.0,4.0,9.0,42.0,1.8,0.5,0.0,0.0,8.0,16.0,44.8,8.5,0.625,0.0,0.0,4.0,13.0,37.2,0.9,0.13333333333333333,2.0,-3.0,0.0,0.24516129032258063,0.4967741935483871,8,16,7.3,4.0,1463,258,1167,0.0,0.0,7.0,5.0,37.0,0.4,0.6428571428571429,0.0,0.0,8.0,13.0,35.4,1.1,0.3333333333333333,-0.3,0.0,58.0,-406.0,16.0,12.0,521.0,0.3333333333333333,0.25,0.0,0.0,0.13333333333333333,2.1,0.0,3.7205000000000013,6.8889,-1.079499999999996,-0.9110999999999976,0.3252999999999986,0.19191657768185544,3.534062817777861,2.0,2.0,0.0,0.18518518518518517,0.3333333333333333,2.0,0.0,-0.03549135009809168,
915,202305030509,3,6,7,83,0,1,0,2,0,1,0,1,1,2,1,30,0,1,0,2,0,1,0,1,0,0,0,2,0,0,0,0,0,0,0,0,0.0,0.0,1.0,2.0,39.6,0.3,0.125,0.0,0.0,9.0,7.0,38.0,1.1,0.25,0.0,0.0,10.0,6.0,36.5,0.4,0.5833333333333334,2.0,1.0,170.0,0.020833333333333332,0.041666666666666664,4,8,45.3,10.0,1431,39,1428,0.0,0.0,12.0,7.0,36.9,0.9,0.5,0.0,0.0,9.0,5.0,37.6,0.6,0.375,0.6,0.2,58.0,-319.0,16.0,8.0,523.0,0.0,-0.0625,0.16666666666666666,-0.0625,-0.125,0.5100000000000001,0.0,,0.17889999999999873,-1.4110999999999976,-0.6914000000000016,-0.22109999999999985,0.16541194367732676,1.075918212505022,1.0,0.0,,0.0,0.11666666666666667,0.0,,-0.03118137900746598,
916,202305030509,0,0,0,0,1,0,0,5,0,0,0,0,0,0,0,0,0,0,0,2,0,0,0,0,0,0,0,0,0,0,0,0,0,0,0,0,0.0,0.0,12.0,9.0,40.1,1.8,0.4166666666666667,0.0,0.0,9.0,15.0,38.5,2.3,0.26666666666666666,0.0,0.0,9.0,7.0,37.2,0.8,0.1875,-1.0,2.0,0.0,0.0457516339869281,0.1895424836601307,5,10,44.1,9.0,641,118,272,0.0,0.0,2.0,12.0,37.8,1.5,0.6666666666666666,0.0,0.0,5.0,4.0,37.7,0.4,0.375,-1.3,0.0,58.0,-388.0,16.0,12.0,432.0,0.25,-0.06666666666666667,0.0,0.0,0.0,0.55,0.0,1.9462000000000046,0.22050000000000125,-0.7110999999999947,-0.11110000000000042,-0.12109999999999843,0.16335033925074452,1.009158064923429,5.0,2.0,0.0,0.14285714285714285,0.30952380952380953,1.0,0.0,,
917,202305030509,43,41,42,253,0,0,1,23,0,0,0,2,13,15,18,95,0,0,1,11,0,0,0,2,3,3,5,19,0,0,0,0,0,0,0,0,0.0,0.0,100.0,10.0,38.8,1.3,0.9166666666666666,0.0,0.0,150.0,13.0,35.7,1.4,0.8666666666666667,0.0,0.0,150.0,11.0,37.6,2.1,0.6666666666666666,0.5,2.0,200.0,,,3,5,,,1576,1522,1577,0.0,0.0,150.0,15.0,36.2,2.1,1.0,0.0,0.0,140.0,12.0,38.4,2.3,0.5625,0.6,0.0,58.0,-465.0,16.0,12.0,524.0,0.08333333333333333,0.13333333333333333,0.0,0.0,0.0,0.029999999999999714,0.0,0.8888999999999996,-2.453799999999994,-0.6794999999999973,-1.6210999999999984,0.32739999999999725,0.16260893784373193,1.2092973166264758,1.0,2.0,0.0,,,1.0,0.0,-0.03389267477838315,0.05357142857142857
918,202305030606,0,0,0,8,0,0,1,4,0,0,0,0,0,0,0,3,0,0,0,3,0,0,0,0,0,0,0,1,0,0,0,2,0,0,0,0,0.0,0.0,2.0,1.0,35.8,0.0,0.7333333333333333,0.0,0.0,4.0,3.0,35.9,0.4,0.7333333333333333,0.0,0.0,3.0,4.0,37.6,0.7,0.5,1.5,-6.0,200.0,0.03614457831325301,0.10843373493975904,3,6,4.2,2.0,1023,1317,1327,0.0,0.0,12.0,3.0,35.9,0.3,0.5,0.0,0.0,6.0,4.0,35.9,1.0,0.6875,0.6,0.6,56.0,-419.0,16.0,15.0,506.0,-0.13333333333333333,0.0,0.0,-0.0625,0.0,-0.020000000000000285,0.0,-2.1111000000000004,-2.011099999999999,-1.6094000000000008,-1.7642999999999986,-2.3795,0.1081280105553906,0.6910861017268412,-2.0,2.0,0.5,0.02857142857142857,0.08571428571428572,1.0,0.0,0.14285714285714285,
919,202305030606,0,4,3,47,2,0,1,7,0,0,0,0,0,2,1,24,1,0,1,3,0,0,0,0,0,1,1,12,1,0,1,1,0,0,0,0,0.0,0.0,1.0,1.0,40.5,0.0,0.3333333333333333,0.0,0.0,6.0,7.0,36.9,1.1,0.8666666666666667,0.0,0.0,2.0,5.0,38.8,1.2,0.8,2.0,-10.0,0.0,0.044585987261146494,0.14012738853503184,5,9,92.7,11.0,1729,1051,1428,0.0,0.0,11.0,2.0,35.8,0.1,0.6875,0.0,0.0,14.0,9.0,34.8,1.7,0.5625,1.1,0.4,55.0,-389.0,16.0,12.0,462.0,-0.16666666666666666,0.0,-0.26666666666666666,0.0625,0.0,1.2500000000000007,0.0,2.8357000000000028,-1.011099999999999,-0.5926000000000045,-2.4795000000000016,-0.27470000000000283,0.18909506721341107,2.0558210038814186,-1.0,2.0,1.0,0.0759493670886076,0.21518987341772153,1.0,1.0,-0.04391534391534391,
920,202305030606,43,41,42,253,8,2,7,62,0,0,0,3,13,15,18,95,3,2,2,19,0,0,0,0,2,3,1,12,0,1,2,14,0,0,0,0,0.0,0.0,3.0,10.0,43.8,4.3,0.2,0.0,0.0,1.0,11.0,39.0,2.3,0.4666666666666667,0.0,0.0,2.0,2.0,37.0,0.1,0.1875,-4.0,3.0,0.0,0.14184397163120568,0.36879432624113473,5,10,4.9,3.0,1576,1110,1577,0.0,0.0,3.0,3.0,37.4,0.6,0.25,0.0,0.0,5.0,4.0,38.3,1.1,0.375,-2.0,0.4,56.0,-227.0,16.0,10.0,497.0,0.2,0.13333333333333333,0.0,0.0,0.0,1.2600000000000002,0.0,5.520499999999998,1.0889000000000024,-0.8233000000000033,-0.8795000000000002,0.02049999999999841,0.10814085465005557,2.4511221919765642,0.0,3.0,0.3333333333333333,0.02,0.12,3.0,0.3333333333333333,-0.03389267477838315,0.048961069978504884
921,202305030606,5,1,6,33,2,2,3,29,0,0,0,0,3,1,6,14,1,1,1,8,0,0,0,0,1,0,1,6,0,1,1,3,0,0,0,0,0.0,0.0,7.0,1.0,39.7,0.0,0.75,0.0,0.0,8.0,12.0,40.9,2.8,0.13333333333333333,0.0,0.0,5.0,5.0,39.3,1.0,0.06666666666666667,2.0,5.0,0.0,0.031746031746031744,0.06349206349206349,4,8,13.0,6.0,1401,1448,517,0.0,0.0,5.0,4.0,39.0,0.6,0.2,0.0,0.0,6.0,4.0,37.8,0.7,0.125,-0.2,0.2,56.0,-397.0,16.0,8.0,489.0,-0.5,0.13333333333333333,0.0,0.0,0.0,0.570000000000001,0.0,1.420500000000004,1.2740999999999971,-0.09260000000000446,-0.3926000000000016,-0.4795000000000016,0.2510865278035531,1.0051865498503256,0.0,2.0,0.5,0.0,0.045454545454545456,2.0,0.5,0.019047619047619035,0.036324786324786335
922,202305030606,6,7,7,42,11,8,5,58,0,1,0,1,3,5,4,18,2,1,0,16,0,1,0,0,2,4,3,10,0,1,0,6,0,1,0,0,0.0,0.0,40.0,3.0,38.9,1.6,0.25,0.0,0.0,10.0,5.0,37.8,1.0,0.25,0.0,0.0,30.0,3.0,36.6,0.5,0.06666666666666667,0.0,25.0,-200.0,0.04926108374384237,0.17733990147783252,8,15,3.1,1.0,1148,334,1393,0.0,0.0,20.0,2.0,36.7,0.0,0.375,0.0,0.0,40.0,2.0,38.4,0.9,0.1875,-0.5,0.8,56.0,-386.0,16.0,8.0,471.0,0.125,0.0,0.0,-0.0625,0.0,0.20999999999999944,0.0,1.6448999999999998,-0.4795000000000016,-1.0642999999999958,-1.453799999999994,0.12049999999999983,0.10022197585581939,0.9108238029388545,0.0,4.0,0.75,0.043478260869565216,0.29347826086956524,2.0,0.5,-0.08345021037868161,-0.028531983433041863
923,202305030606,2,1,2,23,10,7,13,124,0,0,0,1,0,0,1,11,5,3,5,58,0,0,0,0,0,0,0,6,2,2,2,24,0,0,0,0,0.0,0.0,5.0,2.0,39.5,0.6,0.5,0.0,0.0,9.0,6.0,40.5,2.6,0.42857142857142855,0.0,0.0,8.0,8.0,40.0,1.3,0.2857142857142857,3.0,7.0,0.0,0.10596026490066225,0.304635761589404,1,2,6.9,4.0,1064,1366,1556,0.0,0.0,2.0,7.0,38.7,1.3,0.5833333333333334,0.0,0.0,4.0,6.0,37.1,1.0,0.6875,0.9,0.2,56.0,-102.0,16.0,12.0,457.0,-0.08333333333333333,-0.07142857142857142,0.14285714285714285,-0.16666666666666666,-0.0625,0.6599999999999995,0.0,1.2205000000000013,1.1073999999999984,0.6073999999999984,-0.6925999999999988,-1.1794999999999973,0.13643812814529296,1.1892854997854798,1.0,2.0,0.5,0.08571428571428572,0.2571428571428571,2.0,0.5,0.07142857142857142,-0.005916305916305931
924,202305030606,4,0,7,35,5,11,7,79,0,0,1,7,1,0,3,12,1,3,1,21,0,0,0,1,1,0,2,7,0,0,0,10,0,0,0,1,0.0,0.0,5.0,10.0,39.3,1.7,1.0,0.0,0.0,13.0,12.0,41.1,4.6,1.0,0.0,0.0,12.0,7.0,37.3,0.9,0.5,-1.5,11.0,0.0,0.03529411764705882,0.08235294117647059,6,11,26.1,8.0,1204,1039,1221,0.0,0.0,8.0,7.0,36.9,1.4,0.8125,0.0,0.0,14.0,6.0,37.7,1.2,0.6875,-1.3,0.0,54.0,-354.0,16.0,11.0,465.0,-0.09090909090909091,-0.14285714285714285,0.14285714285714285,0.0,0.0,0.7399999999999991,0.0,1.0204999999999984,3.894600000000004,-2.0926000000000045,-1.3795000000000002,-0.5794999999999959,0.19121323175972943,1.5512575543732259,-2.0,3.0,0.0,0.045454545454545456,0.13636363636363635,3.0,0.0,-0.10755148741418766,0.034783776524308335
925,202305030606,2,4,3,23,20,25,21,205,0,0,0,0,0,0,2,9,5,4,2,61,0,0,0,0,0,0,0,4,2,1,0,22,0,0,0,0,0.0,0.0,15.0,8.0,37.0,1.4,0.8125,0.0,0.0,13.0,13.0,38.2,3.5,0.875,0.0,0.0,11.0,14.0,36.4,3.4,1.0,3.0,-2.0,0.0,0.0425531914893617,0.1276595744680851,3,5,368.4,15.0,1343,1167,1428,,,,,,,,,,,,,,,3.0,0.0,54.0,0.0,16.0,16.0,472.0,0.0,0.0625,0.0,,,0.3000000000000007,0.0,-1.2794999999999987,0.046200000000006014,-1.4211000000000027,,,0.07795119555779044,0.74833147735479,0.0,2.0,0.0,0.014084507042253521,0.04225352112676056,1.0,0.0,-0.12740384615384615,0.019083827201908404
926,202305030606,3,2,1,57,7,18,10,156,0,0,0,4,0,0,0,17,0,6,2,50,0,0,0,1,0,0,0,10,0,3,2,26,0,0,0,0,0.0,0.0,1.0,7.0,39.0,0.8,0.2727272727272727,0.0,0.0,9.0,11.0,38.4,1.9,0.6666666666666666,0.0,0.0,5.0,9.0,38.0,1.5,0.4375,1.0,10.0,200.0,0.04597701149425287,0.1724137931034483,1,1,8.4,5.0,1489,1428,565,0.0,0.0,3.0,2.0,37.7,0.2,0.25,0.0,0.0,8.0,5.0,37.1,0.9,0.375,-1.3,0.2,56.0,-400.0,16.0,11.0,466.0,0.18181818181818182,0.06666666666666667,0.0,0.0,-0.0625,0.4499999999999993,0.0,1.0889000000000024,0.488900000000001,-0.27949999999999875,-0.12109999999999843,-0.7210999999999999,0.14955934662685816,0.6406246951218778,0.0,1.0,0.0,0.02702702702702703,0.10810810810810811,1.0,0.0,0.022408963585434177,0.035063785856500246
927,202305030606,20,10,20,146,19,18,17,223,1,0,0,5,13,5,8,64,10,4,3,73,0,0,0,0,3,1,2,17,3,0,1,27,0,0,0,0,0.0,0.0,12.0,10.0,38.7,1.6,0.0625,0.0,0.0,9.0,8.0,38.5,2.9,0.625,0.0,0.0,9.0,16.0,43.4,6.3,0.8125,3.0,0.0,0.0,0.08496732026143791,0.28104575163398693,4,7,176.1,12.0,1716,1558,1167,,,,,,,,,,,,,,,3.0,0.0,54.0,0.0,16.0,16.0,502.0,0.0,0.0,0.125,,,-2.349999999999998,0.0,0.4205000000000041,0.22050000000000125,3.8532999999999973,,,0.31868871959954903,2.2642143596988915,0.0,2.0,0.0,0.0,0.08450704225352113,2.0,0.0,0.03502141597379693,0.0611517126001585
928,202305030606,0,1,0,9,0,0,0,0,0,0,0,0,0,1,0,2,0,0,0,0,0,0,0,0,0,0,0,0,0,0,0,0,0,0,0,0,0.0,0.0,13.0,12.0,38.2,2.1,0.8666666666666667,0.0,0.0,9.0,4.0,35.6,1.0,0.4166666666666667,0.0,0.0,6.0,3.0,38.0,0.1,0.42857142857142855,-4.5,-4.0,200.0,0.06563706563706563,0.2548262548262548,6,12,77.8,10.0,1397,1392,1428,0.0,0.0,10.0,11.0,38.8,1.8,0.1875,0.0,0.0,9.0,13.0,37.1,1.4,0.875,0.9,0.2,54.0,-77.0,16.0,15.0,458.0,-0.06666666666666667,-0.08333333333333333,0.0,-0.0625,-0.0625,-0.09999999999999928,0.0,0.28890000000000526,-0.8410999999999973,0.08890000000000242,0.5204999999999984,-1.0537999999999954,0.271923733805644,1.1128342194594836,0.0,2.0,0.0,0.01639344262295082,0.04918032786885246,1.0,0.0,-0.023076923076923078,
929,202305030606,4,5,4,48,2,2,3,29,0,0,0,0,2,1,2,16,1,1,1,8,0,0,0,0,2,1,1,6,0,1,1,3,0,0,0,0,0.0,0.0,4.0,2.0,38.5,0.0,0.09090909090909091,0.0,0.0,8.0,9.0,39.0,1.2,0.26666666666666666,0.0,0.0,7.0,12.0,38.8,2.0,0.25,5.0,21.0,200.0,0.03773584905660377,0.18867924528301888,2,3,23.3,7.0,1467,1448,336,0.0,0.0,5.0,6.0,38.0,1.0,0.3333333333333333,0.0,0.0,5.0,4.0,37.5,0.4,0.375,0.1,0.2,54.0,-397.0,16.0,11.0,415.0,0.0,0.0,0.0,0.0,0.0,0.3,0.0,0.6788999999999987,1.0889000000000024,0.5204999999999984,0.08890000000000242,-0.7794999999999987,0.09725054028096868,0.5462600113499061,0.0,2.0,0.0,0.05128205128205128,0.10256410256410256,2.0,0.0,0.12021857923497267,0.036324786324786335
930,202305030606,10,7,13,98,17,25,19,185,1,0,0,5,1,1,0,26,7,6,8,58,0,0,0,2,1,0,0,8,2,2,1,15,0,0,0,0,0.0,0.0,11.0,11.0,36.9,3.0,0.75,0.0,0.0,9.0,13.0,38.5,2.2,0.4375,0.0,0.0,11.0,4.0,36.4,0.8,0.1875,-3.5,-2.0,400.0,0.0,0.0,7,14,31.1,9.0,1152,1183,1428,0.0,0.0,9.0,9.0,39.1,2.1,0.4666666666666667,0.0,0.0,10.0,4.0,37.4,1.1,0.5333333333333333,-1.8,0.0,51.0,-48.0,16.0,12.0,466.0,0.16666666666666666,0.125,0.0625,0.0,0.0,-0.16000000000000014,0.0,0.6257999999999981,0.22050000000000125,-1.7537999999999982,1.1889000000000038,-0.017700000000004934,0.18064314114973876,1.0011992808627073,-3.0,2.0,0.0,0.0,0.0958904109589041,1.0,0.0,-0.0014982876712328896,-0.0538498326159732
931,202305030606,5,10,5,88,0,2,0,10,0,0,0,1,3,2,0,20,0,0,0,1,0,0,0,0,1,0,0,5,0,0,0,1,0,0,0,0,0.0,0.0,10.0,10.0,41.0,2.8,0.8181818181818182,0.0,0.0,18.0,10.0,36.1,1.3,0.5,0.0,0.0,16.0,14.0,39.3,3.2,0.625,2.0,5.0,-100.0,0.029411764705882353,0.10294117647058823,8,16,430.7,16.0,1561,796,1263,0.0,0.0,14.0,14.0,38.5,3.0,0.8666666666666667,0.0,0.0,7.0,7.0,37.8,1.5,0.4666666666666667,-0.2,0.0,52.0,-254.0,16.0,11.0,413.0,-0.2727272727272727,0.0,0.0,0.13333333333333333,-0.06666666666666667,0.4000000000000007,0.0,,0.9935000000000045,1.0204999999999984,0.5889000000000024,-0.021100000000004115,0.16237306973172827,1.620617166390631,-2.0,1.0,0.0,0.016129032258064516,0.08064516129032258,1.0,0.0,0.03019943019943022,-0.05555555555555555
932,202305030606,10,4,8,54,9,12,12,108,0,0,0,0,2,3,4,26,3,7,5,42,0,0,0,0,0,2,3,17,0,4,2,13,0,0,0,0,0.0,0.0,3.0,1.0,36.6,0.0,0.3,0.0,0.0,15.0,8.0,38.4,2.0,0.7333333333333333,0.0,0.0,13.0,11.0,38.8,2.5,0.7857142857142857,5.0,15.0,600.0,0.026143790849673203,0.0784313725490196,7,13,244.3,14.0,1601,1221,239,0.0,0.0,14.0,15.0,37.9,3.8,1.0,,,,,,,,4.5,0.25,56.0,-395.0,16.0,10.0,463.0,,0.0,0.0,0.0,,-0.429999999999999,0.0,,-1.2259000000000029,0.22240000000000038,-0.37950000000000017,,0.25414924106653136,0.8287792227125372,0.0,1.0,0.0,0.015873015873015872,0.07936507936507936,1.0,0.0,-0.08114035087719298,-0.024042553191489374
933,202305030606,0,0,0,0,0,0,0,0,0,0,0,0,0,0,0,0,0,0,0,0,0,0,0,0,0,0,0,0,0,0,0,0,0,0,0,0,0.0,0.0,13.0,16.0,40.9,6.5,0.9375,0.0,0.0,11.0,13.0,42.0,5.3,0.5,0.0,0.0,11.0,12.0,37.5,2.8,0.8125,-2.0,0.0,0.0,0.03365384615384615,0.1346153846153846,2,4,203.0,13.0,353,423,377,,,,,,,,,,,,,,,-2.0,0.0,56.0,0.0,16.0,16.0,512.0,0.0,0.2857142857142857,-0.0625,,,1.6999999999999993,0.0,2.6205,2.3740999999999985,-0.6537999999999968,,,0.1839950180484968,1.9154343864744854,0.0,2.0,0.0,0.0196078431372549,0.13725490196078433,1.0,0.0,,
934,202305030608,1,0,1,26,10,14,7,96,0,0,0,0,0,0,0,5,6,9,2,45,0,0,0,0,0,0,0,3,3,3,2,11,0,0,0,0,0.0,0.0,13.0,12.0,36.6,2.3,1.0,0.0,0.0,15.0,11.0,35.1,1.5,0.625,0.0,0.0,6.0,13.0,36.7,2.2,0.875,0.5,-8.0,200.0,0.028985507246376812,0.13043478260869565,2,3,39.3,7.0,1707,1362,1482,0.0,0.0,14.0,7.0,36.3,1.0,0.6875,0.0,0.0,8.0,8.0,36.0,0.7,0.875,-1.2,0.0,56.0,-468.0,16.0,16.0,478.0,0.0,0.0625,0.0,0.0625,0.0625,7.105427357601002e-16,0.0,-1.3110999999999962,-2.564299999999996,-1.579499999999996,-1.9795000000000016,-1.6642999999999972,0.13693063937629152,0.5748043145279966,0.0,4.0,0.0,0.0196078431372549,0.17647058823529413,2.0,0.0,0.2857142857142857,-0.033568172399502716
935,202305030608,6,7,7,42,1,0,0,1,0,0,0,0,3,5,4,18,1,0,0,1,0,0,0,0,1,1,1,6,0,0,0,0,0,0,0,0,0.0,0.0,100.0,7.0,36.4,0.7,0.8666666666666667,0.0,0.0,15.0,7.0,36.6,0.7,0.6,0.0,0.0,13.0,10.0,37.3,1.2,0.3125,1.5,2.0,250.0,0.14814814814814814,0.33796296296296297,4,7,14.9,5.0,1148,707,1393,0.0,0.0,11.0,8.0,36.6,1.6,0.6875,0.0,0.0,13.0,16.0,38.4,2.2,0.4375,1.9,0.0,56.0,-517.0,16.0,15.0,472.0,-0.13333333333333333,0.13333333333333333,-0.0625,0.0,-0.0625,-0.4,0.0,-1.4233000000000047,-1.3110999999999962,-0.7726000000000042,-1.6794999999999973,0.12049999999999983,0.1928694146595336,0.7364781055808779,0.0,2.0,0.0,0.029411764705882353,0.20588235294117646,2.0,0.0,-0.08345021037868161,
936,202305030608,10,4,8,54,13,13,12,182,0,0,0,2,2,3,4,26,3,3,3,65,0,0,0,1,0,0,0,7,0,0,0,11,0,0,0,0,0.0,0.0,2.0,2.0,40.2,0.6,0.38461538461538464,0.0,0.0,10.0,9.0,37.3,2.0,0.8666666666666667,0.0,0.0,8.0,14.0,40.2,2.3,0.0625,6.0,9.0,-100.0,0.06589147286821706,0.25193798449612403,3,6,17.8,6.0,1601,1405,239,0.0,0.0,6.0,8.0,38.1,1.1,0.15384615384615385,0.0,0.0,9.0,10.0,39.1,2.1,0.1875,1.5,0.2,58.0,-480.0,16.0,13.0,497.0,0.0,-0.06666666666666667,0.0625,0.0,0.1875,0.13999999999999985,0.0,,-0.8537999999999997,0.5741000000000014,-1.2926000000000002,-0.5259,0.28770866137988377,1.1478675881825413,2.0,1.0,0.0,0.030303030303030304,0.10606060606060606,0.0,,-0.08114035087719298,0.04068736141906873
937,202305030608,6,2,13,58,4,4,4,52,0,0,1,0,1,1,3,17,0,1,1,23,0,0,0,0,0,0,0,8,0,0,0,3,0,0,0,0,0.0,0.0,5.0,7.0,38.9,1.5,0.18181818181818182,0.0,0.0,7.0,13.0,41.0,2.9,0.3125,0.0,0.0,2.0,13.0,39.8,2.4,0.125,3.0,-6.0,200.0,0.009174311926605505,0.07339449541284404,5,9,178.0,12.0,1426,1551,306,0.0,0.0,3.0,2.0,37.1,0.0,0.23076923076923078,0.0,0.0,12.0,4.0,37.0,0.4,0.125,-1.7,0.2,56.0,-315.0,16.0,11.0,518.0,0.0,0.0,0.125,0.0,0.0,0.7699999999999996,0.0,0.988900000000001,2.7205000000000013,1.976699999999994,-0.7233000000000018,-1.2794999999999987,0.07079469849107192,1.547384890710775,3.0,2.0,0.0,0.05263157894736842,0.10526315789473684,2.0,0.0,0.050843881856540096,-0.11853448275862069
938,202305030608,16,16,15,141,24,19,11,236,0,0,1,6,9,9,7,56,7,2,1,59,0,0,0,1,3,4,4,17,1,1,1,16,0,0,0,1,0.0,0.0,4.0,5.0,36.4,0.4,0.625,0.0,0.0,2.0,1.0,36.7,0.0,0.125,0.0,0.0,2.0,5.0,37.0,0.2,0.1875,0.0,4.0,0.0,0.07344632768361582,0.22598870056497175,1,1,8.1,4.0,1278,1294,625,0.0,0.0,7.0,3.0,37.0,0.4,0.125,0.0,0.0,7.0,2.0,37.6,0.2,0.375,-0.4,0.6,55.0,0.0,16.0,16.0,460.0,0.0,0.0,0.0,0.0,0.0,-0.2700000000000003,0.0,-1.8795000000000002,-1.579499999999996,-0.6642999999999972,-1.1537999999999968,-0.6794999999999973,0.1920286436967152,0.3979949748426485,0.0,5.0,0.6,0.047619047619047616,0.17857142857142858,3.0,0.6666666666666666,0.010563380281690127,0.05268199233716475
939,202305030608,0,4,0,18,1,0,1,11,0,0,0,0,0,2,0,3,0,0,1,5,0,0,0,0,0,0,0,1,0,0,0,0,0,0,0,0,0.0,0.0,30.0,4.0,36.1,1.1,0.1875,0.0,0.0,20.0,2.0,35.8,0.0,0.625,0.0,0.0,10.0,2.0,36.2,0.1,0.3125,-1.0,4.0,0.0,0.036585365853658534,0.10975609756097561,1,2,5.7,3.0,1045,1571,969,0.0,0.0,20.0,2.0,37.3,0.7,0.5384615384615384,0.0,0.0,40.0,2.0,37.2,0.2,0.25,-0.4,0.8,55.0,15.0,16.0,16.0,514.0,0.0,-0.125,-0.0625,0.0,0.0,-0.3700000000000003,0.0,-1.5642999999999958,-1.6177000000000064,-1.2160999999999973,-0.5683000000000007,-0.668299999999995,0.16947643881557536,0.6112282715974451,0.0,1.0,0.0,0.08333333333333333,0.25,0.0,,0.1515151515151515,-0.08241758241758243
940,202305030608,4,1,3,26,5,11,7,79,0,0,0,1,1,0,1,19,1,3,1,21,0,0,0,0,1,0,0,5,0,1,1,4,0,0,0,0,0.0,0.0,110.0,10.0,39.9,2.2,0.16666666666666666,0.0,0.0,100.0,11.0,40.5,2.9,0.0625,0.0,0.0,120.0,13.0,37.8,1.8,0.8,1.5,-12.0,-400.0,0.043010752688172046,0.12903225806451613,3,5,266.3,13.0,1270,1039,969,0.0,0.0,90.0,11.0,37.1,1.9,0.6875,0.0,0.0,20.0,12.0,38.9,1.8,0.25,0.4,0.0,58.0,71.0,16.0,12.0,458.0,0.25,0.0,0.2,0.25,0.125,0.5399999999999998,0.0,0.2108999999999952,2.5476000000000028,-1.8259000000000043,-0.4913999999999987,1.482299999999995,0.29437551604106693,1.2642784503423286,0.0,0.0,,0.0,0.1111111111111111,0.0,,-0.07529411764705882,0.034783776524308335
941,202305030608,43,41,42,253,11,13,6,86,3,1,2,4,13,15,18,95,4,8,2,42,2,1,1,0,3,5,4,26,2,1,1,7,1,0,1,0,0.0,0.0,50.0,4.0,36.3,0.4,0.8125,0.0,0.0,90.0,9.0,35.1,0.9,0.9375,0.0,0.0,40.0,6.0,36.8,0.8,0.8125,1.0,-2.0,0.0,0.03571428571428571,0.08333333333333333,5,10,42.4,8.0,1576,1393,1577,0.0,0.0,50.0,5.0,36.8,1.0,0.9333333333333333,0.0,0.0,30.0,11.0,40.3,1.0,0.5,1.0,0.0,56.0,21.0,16.0,16.0,482.0,0.0,-0.0625,-0.0625,-0.13333333333333333,-0.3125,-0.9699999999999995,0.0,-1.9795000000000016,-2.3160999999999987,-1.4795000000000016,-1.0683000000000007,0.6108999999999938,0.15936941711354508,1.7350504315437048,0.0,2.0,0.0,0.030303030303030304,0.21212121212121213,2.0,0.0,-0.03389267477838315,-0.10199418363107604
942,202305030608,12,9,9,59,5,8,9,99,0,0,0,2,5,4,1,17,1,2,3,50,0,0,0,1,3,1,0,6,0,1,1,17,0,0,0,0,0.0,0.0,12.0,6.0,35.1,0.4,0.14285714285714285,0.0,0.0,12.0,10.0,38.4,2.1,0.3333333333333333,0.0,0.0,8.0,14.0,38.4,1.6,0.25,4.0,2.0,200.0,0.06493506493506493,0.22077922077922077,4,8,63.2,10.0,1463,1235,1167,0.0,0.0,9.0,12.0,38.6,1.3,0.0625,0.0,0.0,2.0,1.0,37.5,0.0,0.0625,-0.8,0.2,58.0,-468.0,16.0,14.0,504.0,0.0,0.0,0.0,0.0,0.0,-0.5,0.0,-0.05310000000000059,0.488900000000001,0.5766999999999953,0.7789000000000001,-0.32330000000000325,0.10670213589703188,1.3069047402163625,0.0,0.0,,0.0375,0.15,0.0,,-0.03549135009809168,-0.02181818181818182
943,202305030608,5,4,3,36,17,25,19,185,1,0,0,2,2,2,2,15,7,6,8,58,0,0,0,0,0,1,1,6,0,1,0,15,0,0,0,0,0.0,0.0,4.0,9.0,37.3,0.8,0.4666666666666667,0.0,0.0,9.0,10.0,33.0,0.9,0.875,0.0,0.0,1.0,1.0,37.8,0.0,0.125,-4.0,2.0,200.0,0.041237113402061855,0.17525773195876287,6,12,46.7,9.0,1310,1183,1618,0.0,0.0,5.0,3.0,36.9,0.1,0.25,0.0,0.0,10.0,3.0,37.5,0.3,0.25,-1.9,0.6,58.0,-419.0,16.0,15.0,514.0,0.0,,0.0,0.0,0.0,-0.43000000000000044,0.0,-0.6111000000000004,-0.5433999999999983,-0.021100000000004115,-1.011099999999999,-0.4110999999999976,0.2647535541677287,1.774260409297349,0.0,0.0,,0.057692307692307696,0.17307692307692307,0.0,,-0.08333333333333334,-0.0538498326159732
944,202305030608,4,4,2,51,5,8,9,99,0,0,0,0,0,3,2,25,1,2,3,50,0,0,0,0,0,0,1,13,0,1,1,17,0,0,0,0,0.0,0.0,90.0,5.0,37.7,0.6,0.3333333333333333,0.0,0.0,60.0,4.0,37.1,0.7,0.4666666666666667,0.0,0.0,120.0,5.0,36.0,1.1,0.7857142857142857,0.0,-6.0,200.0,0.0380952380952381,0.19047619047619047,2,4,296.0,14.0,1042,1235,488,0.0,0.0,110.0,11.0,37.3,1.0,0.625,0.0,0.0,50.0,7.0,37.2,0.8,0.7692307692307693,1.1,0.0,56.0,29.0,16.0,15.0,452.0,-0.06666666666666667,0.0,0.0,0.0,-0.07692307692307693,0.08000000000000043,0.0,-0.21109999999999474,-0.3160999999999987,-1.4177000000000035,-0.6111000000000004,-0.7110999999999947,0.17467815999572628,0.5678027826631361,0.0,0.0,,0.05128205128205128,0.10256410256410256,0.0,,-0.09496890898812888,-0.02181818181818182
945,202305030608,20,10,20,146,17,25,19,185,1,0,1,5,13,5,8,64,7,6,8,58,1,0,0,3,2,0,1,17,0,1,0,15,0,0,0,2,0.0,0.0,20.0,2.0,35.7,0.0,0.0625,0.0,0.0,90.0,3.0,37.8,0.4,0.13333333333333333,0.0,0.0,60.0,10.0,37.0,0.9,0.8125,4.0,-4.0,0.0,0.2484076433121019,0.4968152866242038,6,11,4.5,2.0,1716,1183,1167,0.0,0.0,120.0,15.0,39.3,1.8,0.4375,0.0,0.0,50.0,15.0,39.6,3.5,0.9375,3.8,0.4,58.0,29.0,16.0,16.0,500.0,0.0,0.06666666666666667,0.0,0.125,0.0,-0.9299999999999997,0.0,-2.433799999999998,-0.4795000000000016,-0.9110999999999976,2.616799999999998,1.5274,0.35102627315408236,1.4496896219536086,0.0,2.0,1.0,0.015625,0.0625,1.0,1.0,0.03502141597379693,-0.0538498326159732
946,202305030608,9,7,9,91,1,1,2,7,0,1,0,1,2,1,4,32,0,1,0,2,0,1,0,1,1,0,3,10,0,0,0,0,0,0,0,0,0.0,0.0,7.0,10.0,38.8,1.5,0.1875,0.0,0.0,2.0,14.0,39.2,1.8,0.375,0.0,0.0,1.0,13.0,38.2,1.7,0.1875,1.5,-4.0,-200.0,0.10666666666666667,0.30666666666666664,8,15,2.0,1.0,1304,920,1503,0.0,0.0,1.0,1.0,37.0,0.0,0.0625,0.0,0.0,3.0,2.0,36.5,0.0,0.125,-2.9,0.4,55.0,-112.0,16.0,16.0,482.0,0.0,-0.0625,0.0,0.0,0.0,0.6799999999999997,0.0,0.7273999999999958,1.2889000000000053,-0.07949999999999591,-0.9110999999999976,-1.7794999999999987,0.10458250331675945,1.0346013725102055,-1.0,2.0,0.5,0.06779661016949153,0.2542372881355932,2.0,0.5,0.005261979399910438,-0.16363636363636364
947,202305030608,11,4,13,73,0,0,0,14,0,0,0,3,5,3,2,25,0,0,0,5,0,0,0,1,2,0,0,11,0,0,0,1,0,0,0,1,0.0,0.0,1.0,5.0,41.4,1.8,0.25,0.0,0.0,15.0,14.0,37.6,2.2,0.875,0.0,0.0,13.0,10.0,40.0,3.2,0.5,2.5,13.0,0.0,0.03260869565217391,0.17391304347826086,7,14,398.7,15.0,1095,1168,1221,0.0,0.0,14.0,12.0,37.1,1.7,1.0,0.0,0.0,13.0,11.0,39.1,3.0,1.0,1.0,0.0,58.0,-356.0,16.0,8.0,487.0,0.0,0.0,0.07142857142857142,-0.0625,-0.07692307692307693,0.5099999999999995,0.0,3.1205,-0.6794999999999973,0.7905999999999977,-1.0537999999999954,-0.4466999999999999,0.3,1.5704776343520455,2.0,3.0,0.0,0.038461538461538464,0.15384615384615385,2.0,0.0,-0.06510651065106512,0.2857142857142857
948,202305030608,6,2,13,58,16,16,19,162,1,1,0,7,1,1,3,17,4,4,5,55,0,0,0,0,0,0,0,8,0,1,1,20,0,0,0,0,0.0,0.0,150.0,16.0,39.1,4.4,1.0,0.0,0.0,60.0,8.0,38.5,2.0,0.2,,,,,,,,-8.0,6.0,200.0,0.0,0.18181818181818182,8,16,580.2,16.0,1426,1345,306,,,,,,,,,,,,,,,-8.0,0.0,56.0,105.0,16.0,16.0,454.0,0.0,0.0,,,,0.6000000000000014,0.0,1.1889000000000038,1.5675999999999988,,,,0.4,0.3000000000000007,0.0,0.0,,0.015151515151515152,0.06060606060606061,0.0,,0.050843881856540096,-0.02467151904716891
949,202305030608,0,4,0,18,7,18,10,156,0,3,0,4,0,2,0,3,0,6,2,50,0,2,0,1,0,0,0,1,0,0,0,10,0,0,0,0,0.0,0.0,5.0,9.0,37.4,4.7,1.0,0.0,0.0,14.0,9.0,37.6,1.5,0.4375,0.0,0.0,11.0,16.0,41.6,5.2,0.1875,3.5,3.0,0.0,0.027932960893854747,0.0893854748603352,7,13,142.6,11.0,1045,1428,969,0.0,0.0,6.0,8.0,37.7,1.1,0.5625,0.0,0.0,10.0,10.0,39.3,1.9,0.6,0.1,0.0,56.0,-123.0,16.0,9.0,503.0,0.0,0.0,0.0625,0.0,-0.06666666666666667,-0.38999999999999985,0.0,-0.8795000000000002,0.1822999999999979,3.3205000000000027,-0.21109999999999474,-0.09260000000000446,0.2641732386143608,1.591728620085723,1.0,2.0,0.0,0.044444444444444446,0.26666666666666666,2.0,0.0,0.1515151515151515,0.035063785856500246
950,202305030709,1,0,0,1,18,15,24,255,0,0,0,1,0,0,0,0,3,4,10,79,0,0,0,0,0,0,0,0,0,1,4,17,0,0,0,0,0.0,0.0,70.0,2.0,35.3,0.2,0.7333333333333333,0.0,0.0,50.0,13.0,38.0,1.7,0.4,0.0,0.0,100.0,5.0,37.4,0.4,0.1875,1.5,-16.0,0.0,0.13658536585365855,0.34146341463414637,6,12,13.4,5.0,1575,1263,1576,0.0,0.0,40.0,11.0,38.1,1.9,0.9375,0.0,0.0,60.0,7.0,38.5,0.5,0.4375,0.8,0.2,58.0,20.0,16.0,15.0,460.0,0.0,0.06666666666666667,0.0625,-0.0625,0.0,-0.6500000000000007,0.0,-2.8338000000000036,-0.27949999999999875,-0.8795000000000002,-0.17949999999999733,0.22050000000000125,0.264477997404531,1.1359577456930354,0.0,5.0,0.2,0.0,0.14285714285714285,4.0,0.0,,0.03282493368700265
951,202305030709,4,1,3,26,15,21,12,151,0,0,0,0,1,0,1,19,4,6,4,62,0,0,0,0,0,0,1,0,0,1,0,8,0,0,0,0,0.0,0.0,,,,,,0.0,0.0,20.0,5.0,36.8,0.4,0.4375,0.0,0.0,30.0,3.0,37.1,0.3,0.5,-2.0,-6.0,200.0,0.07303370786516854,0.2247191011235955,4,7,2.8,1.0,1270,1482,969,0.0,0.0,20.0,3.0,38.0,0.4,0.26666666666666666,0.0,0.0,10.0,8.0,37.7,0.7,0.5714285714285714,0.9,0.5,58.0,-274.0,16.0,15.0,438.0,,0.0,0.0,0.06666666666666667,-0.07142857142857142,-0.36000000000000154,0.0,,-1.1111000000000004,-0.8110999999999962,-0.27949999999999875,-0.5794999999999959,0.11276453450596485,0.47434164902525805,0.0,2.0,0.5,0.0,0.0,2.0,0.5,-0.07529411764705882,-0.05872427832593624
952,202305030709,9,7,3,105,20,25,21,205,1,1,0,10,3,1,0,26,5,4,2,61,0,0,0,4,0,0,0,2,1,1,1,5,0,0,0,0,0.0,0.0,4.0,,,,,0.0,0.0,3.0,12.0,35.3,0.9,0.875,0.0,0.0,4.0,5.0,36.7,0.6,0.75,-7.0,6.0,-200.0,0.03333333333333333,0.23333333333333334,6,11,3.7,2.0,1127,1167,1328,0.0,0.0,3.0,7.0,37.1,0.9,0.9375,0.0,0.0,2.0,3.0,36.4,1.0,0.5625,-2.5,0.25,53.0,-330.0,16.0,15.0,438.0,,0.0625,0.0625,0.0,-0.125,-0.3700000000000003,0.0,,-2.3643,-1.1210999999999984,-1.1794999999999973,-1.6726000000000028,0.14320549046737,0.6684870978560488,-3.0,2.0,0.0,0.04878048780487805,0.2073170731707317,1.0,0.0,-0.00028462998102465886,0.019083827201908404
953,202305030709,5,10,5,88,2,4,0,17,2,2,0,12,3,2,0,20,1,2,0,9,1,1,0,4,0,1,0,1,0,0,0,0,0,0,0,0,0.0,0.0,20.0,3.0,35.0,0.2,0.9333333333333333,0.0,0.0,60.0,3.0,35.0,0.5,0.9375,0.0,0.0,70.0,3.0,35.8,0.2,0.6875,0.0,2.0,0.0,0.2468354430379747,0.4936708860759494,1,2,5.6,3.0,1561,223,1263,0.0,0.0,60.0,4.0,36.4,0.6,0.8125,0.0,0.0,90.0,3.0,34.9,0.5,0.875,0.1,0.8,58.0,20.0,16.0,15.0,482.0,0.0,0.0,0.0,-0.0625,0.0,-0.11999999999999958,0.0,-3.133800000000001,-3.133800000000001,-2.4795000000000016,-1.8795000000000002,-2.7642999999999986,0.09277361933461713,0.5878775382679622,0.0,5.0,0.8,0.06818181818181818,0.3106060606060606,2.0,0.5,0.03019943019943022,0.1280193236714976
954,202305030709,0,1,0,9,7,4,6,38,0,0,0,3,0,1,0,2,5,1,4,20,0,0,0,1,0,1,0,1,0,0,0,4,0,0,0,1,0.0,0.0,16.0,11.0,36.8,0.9,0.875,0.0,0.0,10.0,15.0,41.0,4.5,0.6875,0.0,0.0,5.0,14.0,38.2,2.7,0.9333333333333333,1.5,-2.0,-300.0,0.14746543778801843,0.34101382488479265,3,6,29.0,10.0,1397,1542,1428,0.0,0.0,9.0,5.0,38.2,0.7,0.75,0.0,0.0,11.0,7.0,37.5,1.6,0.9230769230769231,-1.8,0.0,58.0,-392.0,16.0,16.0,524.0,-0.0625,0.25,0.06666666666666667,-0.3125,-0.07692307692307693,0.13999999999999915,0.0,-1.7775999999999996,1.7905999999999977,-1.3466999999999985,-1.0093999999999994,-0.7794999999999987,0.0979804284821667,1.4277254638059802,0.0,1.0,0.0,0.3333333333333333,0.3333333333333333,1.0,0.0,-0.023076923076923078,-0.1937062937062937
955,202305030709,5,4,5,75,1,1,0,7,1,1,0,4,3,3,2,27,0,1,0,4,0,1,0,3,0,1,0,8,0,1,0,3,0,1,0,3,0.0,0.0,10.0,1.0,40.5,0.0,0.2222222222222222,0.0,0.0,130.0,12.0,36.8,1.3,0.5625,0.0,0.0,150.0,10.0,36.7,2.0,0.5625,4.5,4.0,0.0,0.047619047619047616,0.11904761904761904,7,14,110.2,11.0,1348,402,1221,0.0,0.0,80.0,13.0,38.3,1.6,0.5333333333333333,0.0,0.0,110.0,6.0,36.8,0.5,0.1875,1.1,0.2,58.0,-483.0,16.0,9.0,530.0,0.0,0.0625,0.0,0.06666666666666667,-0.0625,0.5900000000000005,0.0,2.346200000000003,-0.791400000000003,-0.8913999999999973,0.3888999999999996,-1.4795000000000016,0.1711286967875275,1.4661514246489007,2.0,2.0,0.5,0.15384615384615385,0.34615384615384615,1.0,0.0,0.03966632618318011,0.2777777777777778
956,202305030709,9,23,14,109,11,13,6,86,1,2,1,4,4,12,9,52,4,8,2,42,1,2,0,3,0,1,2,12,0,2,0,12,0,0,0,2,0.0,0.0,40.0,7.0,38.8,0.6,0.15384615384615385,0.0,0.0,10.0,7.0,38.8,0.6,0.25,0.0,0.0,30.0,2.0,39.8,0.0,0.1875,-2.5,-6.0,-400.0,0.06538461538461539,0.25384615384615383,2,3,18.8,7.0,1228,1393,1108,0.0,0.0,70.0,2.0,38.1,1.0,0.25,0.0,0.0,60.0,5.0,36.7,0.8,0.5625,-0.9,0.4,58.0,84.0,16.0,13.0,498.0,0.0,-0.125,0.0,0.0625,0.0,0.48999999999999844,0.0,-0.8259000000000043,-0.8259000000000043,0.1740999999999957,-1.5259,-1.579499999999996,0.14565324185855022,1.0248902380255145,0.0,1.0,0.0,0.0851063829787234,0.2553191489361702,1.0,0.0,-0.05510752688172041,-0.10199418363107604
957,202305030709,7,2,9,76,24,25,22,286,2,0,0,8,2,1,1,28,9,6,7,91,0,0,0,2,0,0,0,7,3,0,1,15,0,0,0,0,0.0,0.0,150.0,5.0,35.8,0.3,0.6666666666666666,0.0,0.0,100.0,13.0,38.4,2.8,0.8666666666666667,0.0,0.0,130.0,10.0,38.2,1.3,0.8,2.5,-10.0,0.0,0.014084507042253521,0.06338028169014084,1,1,113.2,13.0,1713,1013,215,0.0,0.0,130.0,6.0,38.2,0.5,0.5,0.0,0.0,130.0,12.0,35.2,1.4,0.8571428571428571,0.7,0.0,58.0,7.0,16.0,15.0,464.0,0.0,-0.06666666666666667,-0.2,-0.1875,-0.21428571428571427,0.13999999999999843,0.0,-2.4795000000000016,-0.6387,-1.1925999999999988,-1.1925999999999988,0.12530000000000285,0.1387995177313271,1.3705473359209455,0.0,1.0,0.0,0.0,0.08333333333333333,1.0,0.0,-0.0301990391214825,-0.045033397974574424
958,202305030709,14,12,23,161,2,1,1,22,0,0,0,4,3,4,8,59,0,0,1,3,0,0,0,1,0,0,1,17,0,0,0,1,0,0,0,1,0.0,0.0,11.0,16.0,40.6,4.3,0.25,0.0,0.0,8.0,9.0,35.7,0.8,0.5714285714285714,0.0,0.0,8.0,9.0,36.1,0.9,0.875,-3.5,4.0,-200.0,0.06451612903225806,0.21935483870967742,8,16,21.9,8.0,1221,1079,1263,0.0,0.0,10.0,6.0,35.8,0.9,0.9375,0.0,0.0,10.0,6.0,35.7,0.7,1.0,-2.3,0.0,58.0,-155.0,16.0,16.0,502.0,-0.0625,0.0,0.0,0.0,0.0,0.9700000000000003,0.0,2.5274,-2.579499999999996,-2.1794999999999973,-2.4795000000000016,-2.579499999999996,0.28016940939221696,1.9156200040717888,0.0,4.0,0.0,0.0,0.05555555555555555,4.0,0.0,0.007542579075425798,0.06837606837606836
959,202305030709,5,1,6,33,9,12,12,108,0,0,0,1,3,1,6,14,3,7,5,42,0,0,0,1,0,0,2,3,0,1,0,6,0,0,0,0,0.0,0.0,140.0,3.0,36.7,0.1,0.06666666666666667,0.0,0.0,80.0,11.0,37.5,1.3,0.6875,0.0,0.0,70.0,1.0,37.2,0.0,0.125,-1.0,0.0,0.0,0.0,0.0625,2,4,27.3,9.0,1401,1221,517,0.0,0.0,40.0,3.0,37.0,0.4,0.4,0.0,0.0,50.0,4.0,37.8,0.4,0.25,-0.6,0.6,58.0,7.0,16.0,15.0,496.0,0.0,0.0,0.0,-0.13333333333333333,-0.125,-0.16999999999999887,0.0,-1.579499999999996,-0.4110999999999976,-0.7110999999999947,-0.9110999999999976,-0.11110000000000042,0.2225109235770485,0.3826225293941781,0.0,1.0,1.0,0.018518518518518517,0.09259259259259259,1.0,1.0,0.019047619047619035,-0.024042553191489374
960,202305030709,43,41,42,253,1,4,1,22,1,1,0,1,13,15,18,95,0,1,0,8,0,0,0,0,3,3,5,19,0,0,0,1,0,0,0,0,0.0,0.0,30.0,8.0,36.9,0.8,1.0,0.0,0.0,20.0,7.0,38.5,0.9,0.4375,0.0,0.0,10.0,3.0,37.8,0.2,0.25,-2.5,-4.0,-400.0,0.1073170731707317,0.2731707317073171,7,13,8.3,4.0,1576,1404,1577,0.0,0.0,10.0,4.0,38.0,1.3,0.75,0.0,0.0,10.0,3.0,38.1,0.5,0.8125,-1.3,0.4,58.0,105.0,16.0,15.0,518.0,-0.13333333333333333,-0.0625,0.0,0.0625,-0.0625,-0.19000000000000056,0.0,-2.725900000000003,-1.1259000000000015,-1.8259000000000043,-1.6259000000000015,-1.5259,0.2698379143115363,0.5314132102234577,0.0,0.0,,0.13953488372093023,0.3023255813953488,0.0,,-0.03389267477838315,-0.08095238095238094
961,202305030709,9,7,5,96,11,13,6,86,0,0,0,13,5,2,1,32,4,8,2,42,0,0,0,7,1,0,0,10,0,2,0,12,0,0,0,5,0.0,0.0,160.0,10.0,36.4,1.4,0.9375,0.0,0.0,130.0,13.0,36.6,1.3,0.8666666666666667,0.0,0.0,150.0,12.0,36.3,1.1,0.9333333333333333,1.0,0.0,200.0,0.049019607843137254,0.17647058823529413,5,10,245.5,14.0,1090,1393,1169,0.0,0.0,130.0,6.0,36.6,0.8,0.75,0.0,0.0,150.0,5.0,36.3,0.7,0.8125,-1.7,0.0,58.0,62.0,16.0,16.0,480.0,0.0,0.0,0.0,-0.0625,0.0,0.020000000000000285,0.0,-1.511099999999999,-1.2682999999999964,-1.116100000000003,-1.3110999999999962,-1.6111000000000004,0.07181186840936842,0.13564659966250728,1.0,0.0,,0.0,0.11475409836065574,0.0,,-0.06184012066365008,-0.10199418363107604
962,202305030709,4,0,7,35,3,2,4,22,1,0,0,1,1,0,3,12,1,1,1,7,1,0,0,1,0,0,0,0,0,0,0,0,0,0,0,0,0.0,0.0,20.0,10.0,37.9,0.0,0.1,0.0,0.0,120.0,160.0,38.1,1.8,0.3125,0.0,0.0,140.0,80.0,36.7,0.8,0.07142857142857142,35.0,22.0,400.0,0.025974025974025976,0.07792207792207792,4,8,111.8,12.0,1204,1,1221,0.0,0.0,140.0,120.0,37.7,1.4,0.25,0.0,0.0,120.0,130.0,37.4,2.1,0.75,20.0,0.0,56.0,-390.0,16.0,10.0,486.0,0.0,0.0,0.0,0.0625,0.0,0.13999999999999985,0.0,2.002299999999998,0.18890000000000384,-1.579499999999996,0.1086000000000027,-0.8795000000000002,0.2438645073789617,0.4882622246293475,1.0,2.0,0.0,0.047619047619047616,0.14285714285714285,2.0,0.0,-0.10755148741418766,-0.0903225806451613
963,202305030709,1,1,0,11,3,3,3,19,0,0,0,0,0,0,0,2,1,1,2,11,0,0,0,0,0,0,0,0,0,0,1,6,0,0,0,0,0.0,0.0,20.0,,,,0.1111111111111111,0.0,0.0,40.0,3.0,34.1,0.4,0.3333333333333333,0.0,0.0,50.0,5.0,34.4,0.2,0.6,2.0,6.0,0.0,0.14084507042253522,0.3732394366197183,8,15,18.3,6.0,1289,1665,1428,0.0,0.0,50.0,4.0,34.1,0.2,0.16666666666666666,0.0,0.0,60.0,7.0,34.3,0.8,0.4375,1.1,0.25,58.0,97.0,16.0,9.0,460.0,0.2222222222222222,0.0,0.0,0.25,0.0625,-0.029999999999999007,0.0,,-1.0064999999999955,-0.7531000000000034,-1.0064999999999955,-0.8064999999999998,0.17835756152483814,0.12990381056766423,0.0,0.0,,0.019230769230769232,0.1346153846153846,0.0,,0.02797202797202797,-0.32142857142857145
964,202305030709,14,12,23,161,3,6,2,75,0,0,0,2,3,4,8,59,0,1,0,18,0,0,0,1,0,0,1,17,0,0,0,1,0,0,0,0,0.0,0.0,16.0,15.0,39.4,3.7,0.375,0.0,0.0,15.0,12.0,38.1,2.4,0.9333333333333333,0.0,0.0,13.0,16.0,37.8,1.8,0.4375,0.5,-14.0,0.0,0.04430379746835443,0.14556962025316456,3,5,384.9,16.0,1221,1306,1263,0.0,0.0,6.0,13.0,38.6,1.3,0.7333333333333333,0.0,0.0,15.0,5.0,36.7,0.7,0.5,-1.9,0.0,58.0,0.0,16.0,16.0,498.0,0.125,-0.06666666666666667,-0.0625,-0.06666666666666667,-0.0625,0.48999999999999916,0.0,1.1204999999999998,-0.05379999999999541,-0.11110000000000042,0.7789000000000001,-1.2110999999999947,0.20776589389663228,0.8930845424706433,0.0,2.0,0.0,0.14285714285714285,0.35714285714285715,1.0,0.0,0.007542579075425798,-0.08709065021357382
965,202305030709,5,4,5,75,0,0,1,2,0,0,0,0,3,3,2,27,0,0,1,2,0,0,0,0,0,1,0,8,0,0,0,0,0,0,0,0,0.0,0.0,8.0,8.0,47.0,3.8,0.2222222222222222,0.0,0.0,15.0,16.0,42.8,6.5,0.125,,,,,,,,8.0,1.0,0.0,0.037383177570093455,0.18691588785046728,5,9,328.2,15.0,1348,1509,1221,,,,,,,,,,,,,,,8.0,0.0,56.0,-204.0,16.0,9.0,495.0,0.5555555555555556,0.0,,,,4.200000000000003,0.0,8.720500000000001,4.520499999999998,,,,0.048611111111111105,2.1000000000000014,5.0,2.0,0.0,0.05063291139240506,0.10126582278481013,2.0,0.0,0.03966632618318011,
966,202305030803,0,1,0,1,0,0,0,0,0,0,0,0,0,0,0,0,0,0,0,0,0,0,0,0,0,0,0,0,0,0,0,0,0,0,0,0,0.0,0.0,20.0,4.0,35.3,0.9,0.5333333333333333,0.0,0.0,30.0,2.0,37.1,0.2,0.3125,0.0,0.0,120.0,7.0,36.5,0.9,1.0,1.5,-16.0,0.0,0.027777777777777776,0.08888888888888889,1,2,4.5,2.0,1676,590,1428,,,,,,,,,,,,,,,1.5,0.3333333333333333,56.0,14.0,16.0,15.0,570.0,0.0,-0.0625,0.0,,,-0.6000000000000014,0.0,-2.3643,-1.1794999999999973,-1.7794999999999987,,,0.28658940603993194,0.74833147735479,0.0,3.0,0.3333333333333333,0.0,0.13333333333333333,2.0,0.5,,
967,202305030803,5,9,5,81,20,25,21,205,0,0,1,1,0,7,3,29,5,4,2,61,0,0,0,1,0,0,3,10,2,1,0,22,0,0,0,1,0.0,0.0,1.0,3.0,37.5,0.4,0.125,0.0,0.0,5.0,2.0,36.8,0.2,0.125,0.0,0.0,4.0,2.0,38.2,0.0,0.0625,-0.5,-4.0,250.0,0.0,0.07368421052631578,4,8,6.1,5.0,1020,1167,1576,0.0,0.0,14.0,2.0,37.5,0.1,0.25,0.0,0.0,11.0,14.0,37.6,3.2,1.0,2.2,0.8,56.0,-21.0,16.0,16.0,466.0,0.0,0.0,0.0,0.0,0.0,-0.09000000000000057,0.0,-0.32330000000000325,-1.4795000000000016,0.5357000000000056,0.06589999999999918,-0.31109999999999616,0.3491060010942235,0.44452221541785925,0.0,2.0,1.0,0.06060606060606061,0.12121212121212122,1.0,1.0,0.16294117647058826,0.019083827201908404
968,202305030803,20,10,20,146,19,18,17,223,1,0,0,5,13,5,8,64,10,4,3,73,0,0,0,0,3,1,2,17,3,0,1,27,0,0,0,0,0.0,0.0,30.0,2.0,37.7,0.1,0.125,0.0,0.0,50.0,6.0,38.6,1.6,0.1875,0.0,0.0,90.0,12.0,39.8,2.6,0.0625,5.0,2.0,0.0,0.041025641025641026,0.17435897435897435,6,11,5.0,3.0,1716,1558,1167,0.0,0.0,70.0,8.0,40.5,2.3,0.8666666666666667,0.0,0.0,40.0,7.0,40.5,3.4,0.7857142857142857,1.2,0.2,56.0,42.0,16.0,16.0,472.0,0.0,0.0625,0.125,-0.06666666666666667,-0.2857142857142857,-0.7499999999999993,0.0,-0.43379999999999797,0.32050000000000267,0.9871999999999943,0.8740999999999985,1.2235999999999976,0.34672491824822793,1.1052601503718469,0.0,2.0,0.5,0.1095890410958904,0.2465753424657534,1.0,0.0,0.03502141597379693,0.0611517126001585
969,202305030803,0,1,0,2,0,0,0,0,0,0,0,0,0,1,0,2,0,0,0,0,0,0,0,0,0,1,0,2,0,0,0,0,0,0,0,0,0.0,0.0,40.0,40.0,39.0,1.2,0.16666666666666666,0.0,0.0,40.0,70.0,39.6,2.1,0.6,0.0,0.0,40.0,60.0,39.8,1.3,0.2,10.0,25.0,200.0,0.0611353711790393,0.18777292576419213,2,4,5.8,4.0,1498,716,1036,0.0,0.0,40.0,40.0,36.2,0.6,0.75,0.0,0.0,30.0,40.0,36.1,0.6,0.6875,-3.0,0.0,54.0,-383.0,16.0,6.0,483.0,0.0,0.06666666666666667,0.13333333333333333,0.0,0.0625,0.9199999999999996,0.0,1.1788999999999987,-0.025900000000000034,0.40739999999999554,-2.079499999999996,-2.0537999999999954,0.2477622067852785,1.6463292501805329,1.0,2.0,0.0,0.03773584905660377,0.18867924528301888,1.0,0.0,,
970,202305030803,17,18,10,162,24,19,11,236,0,0,0,8,10,9,5,93,7,2,1,59,0,0,0,2,5,1,2,20,4,0,0,25,0,0,0,0,0.0,0.0,4.0,10.0,42.3,2.4,0.3,0.0,0.0,9.0,11.0,37.8,1.8,0.5,0.0,0.0,11.0,5.0,37.1,0.8,0.1875,-2.5,6.0,-100.0,0.013986013986013986,0.06293706293706294,5,9,100.0,11.0,1172,1294,1556,0.0,0.0,14.0,6.0,38.5,2.5,0.375,0.0,0.0,9.0,13.0,39.2,2.8,0.8125,0.1,0.0,56.0,-399.0,16.0,10.0,456.0,0.5,0.0,0.0,0.0,0.0,0.5499999999999986,0.0,,-0.023300000000006094,-1.1794999999999973,0.22050000000000125,1.2889000000000053,0.21438866574518348,1.8015548839821662,0.0,2.0,0.0,0.018867924528301886,0.1320754716981132,2.0,0.0,0.01460869565217393,0.05268199233716475
971,202305030803,10,4,8,54,1,5,0,14,0,0,0,3,2,3,4,26,0,2,0,1,0,0,0,0,0,2,3,17,0,0,0,0,0,0,0,0,0.0,0.0,100.0,7.0,38.3,0.8,0.875,0.0,0.0,100.0,10.0,37.9,1.4,0.5,0.0,0.0,60.0,5.0,38.0,0.9,0.5625,-1.0,-4.0,0.0,0.025806451612903226,0.07741935483870968,4,7,116.9,12.0,1601,1472,239,0.0,0.0,80.0,11.0,42.9,4.1,0.375,0.0,0.0,110.0,14.0,39.2,2.6,0.875,1.5,0.0,56.0,21.0,16.0,16.0,470.0,-0.25,0.0,-0.0625,-0.0625,-0.125,-0.6800000000000012,0.0,0.6356999999999999,-0.37950000000000017,0.13170000000000215,3.274099999999997,1.1274000000000015,0.203100960115899,1.876805797092496,0.0,2.0,0.0,0.015625,0.078125,1.0,0.0,-0.08114035087719298,-0.07777777777777778
972,202305030803,6,2,13,58,0,0,0,1,0,0,0,0,1,1,3,17,0,0,0,1,0,0,0,0,0,1,2,4,0,0,0,1,0,0,0,0,0.0,0.0,,,,,,0.0,0.0,40.0,5.0,37.7,0.7,0.3333333333333333,0.0,0.0,10.0,4.0,35.6,0.8,0.36363636363636365,-1.0,11.0,-100.0,0.04854368932038835,0.17475728155339806,8,16,3.3,1.0,1426,1396,306,0.0,0.0,20.0,3.0,35.1,0.9,0.5,0.0,0.0,10.0,7.0,36.9,1.0,0.375,0.5,0.25,54.0,-374.0,16.0,7.0,461.0,,0.0,0.0,0.08333333333333333,0.0,0.29000000000000126,0.0,,-0.21109999999999474,-0.674199999999999,-1.174199999999999,-1.3795000000000002,0.0636304448005013,1.0304731922762476,1.0,1.0,0.0,0.09090909090909091,0.2727272727272727,1.0,0.0,0.050843881856540096,
973,202305030803,2,0,2,20,0,0,0,3,0,0,0,2,1,0,0,7,0,0,0,2,0,0,0,2,0,0,0,5,0,0,0,2,0,0,0,2,0.0,0.0,10.0,8.0,38.5,0.9,0.8333333333333334,0.0,0.0,14.0,9.0,40.3,3.1,0.9333333333333333,0.0,0.0,13.0,8.0,36.3,1.1,0.9375,0.0,2.0,500.0,0.03225806451612903,0.25806451612903225,7,14,136.4,13.0,1243,124,1428,0.0,0.0,13.0,11.0,41.1,3.8,0.25,0.0,0.0,13.0,15.0,38.0,1.8,0.875,1.6,0.0,56.0,-219.0,16.0,12.0,490.0,0.0,-0.06666666666666667,0.0625,0.1875,0.0,0.019999999999999574,0.0,,0.6740999999999957,-1.9795000000000016,1.4741,-0.27949999999999875,0.26080005112473936,1.703643155123749,0.0,2.0,0.0,0.021739130434782608,0.17391304347826086,2.0,0.0,-0.16666666666666666,
974,202305030803,9,6,8,51,2,2,5,78,0,0,0,1,2,3,3,20,1,0,1,30,0,0,0,0,1,3,2,10,0,0,0,14,0,0,0,0,0.0,0.0,12.0,10.0,37.2,2.4,0.9230769230769231,0.0,0.0,14.0,12.0,36.2,1.5,1.0,0.0,0.0,12.0,,,,,2.0,-4.0,0.0,0.03225806451612903,0.17204301075268819,5,10,78.0,10.0,1677,1036,1167,0.0,0.0,10.0,9.0,36.9,1.2,0.6875,0.0,0.0,10.0,6.0,35.8,1.6,0.625,-1.5,0.0,56.0,-119.0,16.0,13.0,450.0,-0.07692307692307693,0.0,,-0.125,0.0,0.35000000000000214,0.0,-1.079499999999996,-2.079499999999996,,-1.3795000000000002,-1.6341000000000037,0.15661477391211973,0.5539629951540096,0.0,3.0,0.0,0.058823529411764705,0.14705882352941177,3.0,0.0,-0.10492845786963434,-0.0649867374005305
975,202305030803,8,7,5,65,0,0,0,7,0,0,0,0,3,3,1,17,0,0,0,2,0,0,0,0,1,2,1,8,0,0,0,2,0,0,0,0,0.0,0.0,2.0,2.0,40.3,0.5,0.21428571428571427,0.0,0.0,15.0,10.0,37.0,1.3,0.5,0.0,0.0,8.0,9.0,38.1,2.4,0.6875,3.5,12.0,-200.0,0.0196078431372549,0.06862745098039216,3,5,213.8,15.0,1317,1236,1186,0.0,0.0,7.0,10.0,38.1,1.1,0.8125,0.0,0.0,12.0,6.0,38.0,1.8,0.8125,0.8,0.2,54.0,-379.0,16.0,14.0,460.0,-0.07142857142857142,0.0625,0.0,-0.125,-0.125,0.3499999999999993,0.0,2.3832999999999984,-1.2794999999999987,-0.05379999999999541,0.6822999999999979,0.08890000000000242,0.226539517659115,1.0825894882179474,0.0,2.0,0.0,0.037037037037037035,0.14814814814814814,1.0,0.0,-0.09243697478991597,0.0
976,202305030803,0,0,1,11,1,3,2,23,0,0,0,0,0,0,1,7,1,1,2,8,0,0,0,0,0,0,0,4,1,1,2,1,0,0,0,0,0.0,0.0,4.0,4.0,40.2,1.5,0.7272727272727273,0.0,0.0,11.0,7.0,39.6,2.1,0.9090909090909091,0.0,0.0,16.0,11.0,37.2,1.4,0.5,3.5,10.0,0.0,0.05263157894736842,0.05263157894736842,2,3,362.7,16.0,1432,79,1428,0.0,0.0,7.0,12.0,39.4,2.1,0.3125,0.0,0.0,9.0,8.0,39.2,3.4,0.6875,1.3,0.0,54.0,-397.0,16.0,11.0,412.0,-0.18181818181818182,-0.2727272727272727,-0.125,-0.0625,0.0,0.22000000000000028,0.0,1.920500000000004,-0.5251000000000019,-1.079499999999996,1.4832999999999998,1.1274000000000015,0.20412203650053065,1.0166612021711063,3.0,2.0,0.0,0.06779661016949153,0.1694915254237288,2.0,0.0,0.027777777777777776,0.015325670498084282
977,202305030803,0,0,0,7,2,4,5,19,0,0,0,0,0,0,0,4,2,4,1,7,0,0,0,0,0,0,0,3,1,0,0,2,0,0,0,0,0.0,0.0,3.0,3.0,40.6,1.8,0.8,0.0,0.0,6.0,12.0,37.1,1.7,0.8125,0.0,0.0,12.0,4.0,37.5,0.4,0.9375,0.5,10.0,0.0,0.04375,0.14375,7,13,20.5,6.0,1203,1642,1393,0.0,0.0,15.0,8.0,36.7,1.4,1.0,0.0,0.0,15.0,11.0,36.3,1.3,1.0,1.2,0.2,55.0,-332.0,16.0,10.0,444.0,-0.2,0.0,0.0,-0.0625,-0.125,0.9000000000000007,0.0,2.3205000000000027,-1.1794999999999973,-0.16429999999999723,-1.453799999999994,-1.291400000000003,0.08782084035125147,1.5331014317389446,-1.0,4.0,0.25,0.06666666666666667,0.2222222222222222,2.0,0.5,,-0.14444444444444443
978,202305030803,7,7,8,85,11,13,6,86,0,1,0,3,3,4,0,27,4,8,2,42,0,1,0,2,0,0,0,14,1,4,1,18,0,0,0,0,0.0,0.0,4.0,2.0,38.2,0.1,0.1111111111111111,0.0,0.0,9.0,13.0,38.4,1.8,0.0625,0.0,0.0,10.0,2.0,36.4,0.5,0.0625,0.0,14.0,200.0,0.0,0.14285714285714285,1,1,31.7,9.0,1605,1393,1,0.0,0.0,7.0,8.0,41.6,3.1,0.6666666666666666,0.0,0.0,8.0,10.0,39.3,1.4,0.625,1.1,0.4,51.0,-393.0,16.0,9.0,460.0,0.0,0.0,0.0,-0.06666666666666667,-0.0625,-0.5399999999999991,0.0,0.28890000000000526,0.12049999999999983,-1.7537999999999982,2.390599999999999,1.4788999999999959,0.27871370106346377,1.695169608033368,-2.0,2.0,0.5,0.06666666666666667,0.25,1.0,0.0,0.056687605331699115,-0.10199418363107604
979,202305030803,1,0,2,42,0,0,0,7,0,0,0,0,1,0,1,20,0,0,0,3,0,0,0,0,1,0,1,14,0,0,0,0,0,0,0,0,0.0,0.0,3.0,4.0,36.8,0.8,0.7272727272727273,0.0,0.0,14.0,14.0,39.2,3.5,0.375,0.0,0.0,7.0,16.0,36.6,3.2,1.0,6.0,24.0,500.0,0.014705882352941176,0.058823529411764705,3,6,195.3,14.0,1672,1242,1167,0.0,0.0,5.0,15.0,39.0,3.4,0.9375,0.0,0.0,4.0,7.0,36.8,2.0,0.8125,0.7,0.0,52.0,-399.0,16.0,11.0,444.0,-0.18181818181818182,0.1875,0.0,0.0,0.0,0.020000000000000285,0.0,,0.9205000000000041,1.4468999999999994,1.3083000000000027,-0.8643000000000001,0.21936822321241492,1.1634431657799205,-1.0,2.0,0.0,0.034482758620689655,0.11494252873563218,1.0,0.0,0.13333333333333336,0.2
980,202305030803,4,9,6,86,0,0,0,4,0,0,0,1,0,3,2,28,0,0,0,2,0,0,0,0,0,1,2,15,0,0,0,0,0,0,0,0,0.0,0.0,3.0,4.0,42.2,1.3,0.2857142857142857,0.0,0.0,12.0,7.0,35.7,1.8,0.9166666666666666,0.0,0.0,8.0,15.0,39.2,3.8,0.9375,5.5,8.0,-200.0,0.10628019323671498,0.27053140096618356,8,15,31.3,8.0,1333,1364,1294,0.0,0.0,7.0,16.0,39.8,2.5,0.25,0.0,0.0,5.0,9.0,38.0,2.7,0.7333333333333333,1.9,0.0,56.0,-376.0,16.0,7.0,510.0,0.0,0.0,-0.125,0.0,-0.06666666666666667,0.43000000000000116,0.0,4.1274000000000015,-0.7410999999999959,0.9205000000000041,1.8832999999999984,-0.07260000000000133,0.30006698042897717,2.135790251873999,0.0,1.0,0.0,0.03389830508474576,0.06779661016949153,1.0,0.0,-0.10158730158730159,
981,202305030803,12,9,11,80,29,23,21,228,0,1,0,4,3,2,2,27,13,9,13,81,0,1,0,2,2,0,1,11,5,3,6,21,0,0,0,0,0.0,0.0,30.0,11.0,46.2,6.3,0.8181818181818182,0.0,0.0,70.0,16.0,40.9,5.0,0.5,0.0,0.0,70.0,,,,,5.0,-4.0,100.0,0.03488372093023256,0.08139534883720931,6,12,28.5,7.0,1586,1556,1167,0.0,0.0,80.0,4.0,38.4,1.0,0.7333333333333333,0.0,0.0,30.0,9.0,41.9,2.7,0.1875,-1.8,0.0,54.0,-336.0,16.0,11.0,524.0,0.18181818181818182,-0.125,,-0.13333333333333333,-0.0625,1.5400000000000014,0.0,8.608600000000003,2.6205,,0.24620000000000175,2.3532999999999973,0.24446794432117236,2.816469421101534,-1.0,3.0,0.0,0.0,0.10869565217391304,1.0,0.0,-0.06653620352250489,-0.01480214466629387
982,202305030812,0,0,0,0,0,0,0,0,0,0,0,0,0,0,0,0,0,0,0,0,0,0,0,0,0,0,0,0,0,0,0,0,0,0,0,0,0.0,0.0,100.0,9.0,37.2,1.3,0.3125,0.0,0.0,4.0,3.0,36.5,0.5,0.21428571428571427,0.0,0.0,6.0,6.0,36.4,0.9,0.5,-1.5,-4.0,0.0,0.14285714285714285,0.2857142857142857,6,12,4.7,3.0,451,721,494,0.0,0.0,7.0,12.0,36.1,1.3,0.4375,0.0,0.0,8.0,4.0,36.4,0.9,0.1875,-0.1,0.2,53.0,-517.0,16.0,16.0,466.0,0.125,0.0,-0.1875,0.0,0.0625,0.2000000000000007,0.0,-0.933799999999998,-1.7794999999999987,-1.8795000000000002,-1.1550999999999974,-1.8795000000000002,0.12203106830907062,0.3655133376499422,-3.0,4.0,0.25,0.075,0.225,3.0,0.3333333333333333,,
983,202305030812,0,1,0,1,17,25,19,185,0,1,0,0,0,0,0,0,7,6,8,58,0,0,0,0,0,0,0,0,0,1,0,15,0,0,0,0,0.0,0.0,50.0,2.0,35.4,0.8,0.3125,0.0,0.0,50.0,2.0,37.2,0.2,0.8461538461538461,0.0,0.0,10.0,1.0,38.0,0.0,0.0625,-0.5,2.0,0.0,0.1407766990291262,0.3446601941747573,6,11,3.0,1.0,1676,1183,1428,0.0,0.0,50.0,2.0,38.3,0.4,0.07142857142857142,0.0,0.0,50.0,7.0,41.4,1.3,0.3333333333333333,1.0,0.8,53.0,22.0,16.0,16.0,492.0,0.0,0.0,0.0,0.0,-0.13333333333333333,-1.3099999999999994,0.0,-2.2642999999999986,-1.079499999999996,-0.1338000000000008,0.22739999999999583,1.7740999999999971,0.2846160843920098,1.9509997437211515,2.0,3.0,1.0,0.12903225806451613,0.3010752688172043,1.0,1.0,,-0.0538498326159732
984,202305030812,0,0,0,1,2,2,1,16,0,0,0,0,0,0,0,0,0,0,0,0,0,0,0,0,0,0,0,0,0,0,0,0,0,0,0,0,0.0,0.0,30.0,13.0,39.9,2.3,0.125,,,,,,,,,,,,,,,,,250.0,0.06140350877192982,0.18421052631578946,7,13,11.3,5.0,332,548,57,,,,,,,,,,,,,,,,0.0,58.0,357.0,16.0,16.0,560.0,0.125,,,,,,,2.0766999999999953,,,,,,,2.0,0.0,,0.2,0.3333333333333333,0.0,,,0.13032581453634084
985,202305030812,17,18,10,162,0,0,0,0,0,0,0,0,10,9,5,93,0,0,0,0,0,0,0,0,1,6,1,27,0,0,0,0,0,0,0,0,0.0,0.0,30.0,3.0,36.8,0.2,0.5,0.0,0.0,20.0,6.0,39.7,1.8,0.3333333333333333,0.0,0.0,20.0,5.0,39.2,1.6,0.5,1.0,-4.0,0.0,0.03125,0.0625,3,6,8.1,4.0,1172,633,1556,0.0,0.0,10.0,1.0,37.9,0.0,0.125,0.0,0.0,90.0,2.0,36.7,0.5,0.125,-0.7,0.6,55.0,63.0,16.0,16.0,436.0,0.0625,-0.08333333333333333,0.3125,0.0,0.0625,0.1999999999999993,0.0,-1.4795000000000016,0.07410000000000139,-0.4258999999999986,-0.05239999999999867,-1.2523999999999944,0.16791201399674904,1.2208193969625496,-1.0,1.0,1.0,0.029850746268656716,0.11940298507462686,1.0,1.0,0.01460869565217393,
986,202305030812,4,3,4,20,29,23,21,228,2,0,3,10,0,0,2,8,13,9,13,81,0,0,2,3,0,0,0,3,2,3,3,28,0,0,0,2,0.0,0.0,160.0,15.0,36.7,2.2,1.0,0.0,0.0,80.0,10.0,38.6,1.3,0.7333333333333333,0.0,0.0,100.0,5.0,36.2,1.3,0.75,-5.0,0.0,200.0,0.05555555555555555,0.05555555555555555,2,3,45.1,10.0,1554,1556,322,0.0,0.0,90.0,3.0,35.3,0.5,0.75,0.0,0.0,80.0,8.0,35.7,0.7,0.9333333333333333,-2.1,0.2,58.0,-441.0,16.0,16.0,466.0,0.0,0.0,-0.0625,0.0,0.0,0.5300000000000005,0.0,-1.2110999999999947,-1.0259,-2.079499999999996,-2.8537999999999997,-2.2110999999999947,0.11105554165971789,1.1506519890914026,0.0,2.0,0.5,0.03773584905660377,0.1509433962264151,1.0,0.0,-0.10483870967741937,-0.01480214466629387
987,202305030812,0,4,0,18,14,9,8,141,0,0,0,0,0,2,0,3,2,1,3,49,0,0,0,0,0,0,0,1,0,0,0,15,0,0,0,0,0.0,0.0,3.0,8.0,39.4,0.9,0.625,0.0,0.0,3.0,3.0,37.5,0.2,0.06666666666666667,0.0,0.0,8.0,6.0,36.6,1.5,0.625,-1.0,8.0,200.0,0.10679611650485436,0.27184466019417475,8,15,27.0,8.0,1045,1618,969,0.0,0.0,4.0,10.0,43.0,4.5,0.1,0.0,0.0,6.0,3.0,37.3,0.3,0.0625,-0.3,0.4,58.0,-197.0,16.0,16.0,544.0,0.1875,0.0,-0.0625,0.3,0.0,-0.12999999999999973,0.0,1.488900000000001,-0.4110999999999976,-1.6794999999999973,3.6073999999999984,-0.8537999999999997,0.2690776426568692,2.3139576487049194,3.0,2.0,0.5,0.023809523809523808,0.21428571428571427,1.0,0.0,0.1515151515151515,0.06466540104413859
988,202305030812,4,5,4,48,9,12,12,108,0,1,0,2,2,1,2,16,3,7,5,42,0,0,0,0,0,0,0,5,0,2,2,10,0,0,0,0,0.0,0.0,8.0,11.0,37.0,1.7,0.45454545454545453,0.0,0.0,7.0,8.0,37.2,1.7,0.8,0.0,0.0,7.0,8.0,35.2,1.0,0.9090909090909091,-1.5,2.0,100.0,0.04878048780487805,0.17560975609756097,1,2,55.6,11.0,1467,1221,336,0.0,0.0,2.0,1.0,36.7,0.0,0.75,0.0,0.0,7.0,2.0,36.5,0.2,0.625,-2.5,0.4,56.0,-476.0,16.0,11.0,496.0,0.0,0.1,0.0,0.0,-0.0625,0.15,0.0,-0.5914000000000001,-0.7110999999999947,-0.6976999999999975,-1.2110999999999947,-1.0914000000000001,0.15607266796576016,0.7025667228100114,0.0,0.0,,0.04819277108433735,0.21686746987951808,0.0,,0.12021857923497267,-0.024042553191489374
989,202305030812,7,7,8,85,16,16,19,162,1,0,0,0,3,4,0,27,4,4,5,55,0,0,0,0,0,0,0,3,0,1,1,20,0,0,0,0,0.0,0.0,10.0,14.0,39.1,2.5,0.9285714285714286,0.0,0.0,8.0,14.0,38.4,2.7,0.7142857142857143,0.0,0.0,9.0,16.0,39.8,3.8,0.8125,1.0,0.0,-300.0,0.03349282296650718,0.1339712918660287,1,1,232.2,15.0,1605,1345,1,0.0,0.0,6.0,14.0,39.5,1.8,0.9375,0.0,0.0,3.0,8.0,40.7,1.8,0.3333333333333333,-1.2,0.0,55.0,-420.0,16.0,14.0,482.0,0.07142857142857142,0.2857142857142857,0.0,-0.4375,0.0,-0.43000000000000044,0.0,-0.2926000000000002,-0.992600000000003,0.40739999999999554,0.10739999999999839,1.3074000000000012,0.22168603823083957,0.7615773105863918,-3.0,0.0,,0.038461538461538464,0.19230769230769232,0.0,,0.056687605331699115,-0.02467151904716891
990,202305030812,11,8,8,84,0,0,0,3,0,0,0,0,0,2,1,13,0,0,0,0,0,0,0,0,0,0,0,2,0,0,0,0,0,0,0,0,0.0,0.0,2.0,3.0,41.4,1.1,0.2,0.0,0.0,13.0,11.0,39.8,2.0,0.6666666666666666,0.0,0.0,14.0,9.0,36.5,1.9,0.9375,3.0,9.0,-100.0,0.04516129032258064,0.1870967741935484,3,5,228.1,14.0,1428,302,1263,0.0,0.0,12.0,9.0,37.8,1.2,0.6666666666666666,0.0,0.0,14.0,11.0,37.0,1.2,0.875,1.4,0.2,58.0,-399.0,16.0,10.0,483.0,0.2,0.26666666666666666,0.0,-0.06666666666666667,0.0,1.0799999999999996,0.0,,0.40739999999999554,-1.7794999999999987,-0.4795000000000016,-1.2794999999999987,0.25865034312755125,1.8352111595127134,2.0,3.0,0.0,0.08333333333333333,0.25,3.0,0.0,-0.07016632016632018,
991,202305030812,0,4,0,18,7,18,10,156,0,3,0,4,0,2,0,3,0,6,2,50,0,2,0,1,0,0,0,1,0,0,0,10,0,0,0,0,0.0,0.0,80.0,5.0,34.8,0.7,0.5333333333333333,0.0,0.0,60.0,6.0,38.2,0.7,0.5,0.0,0.0,50.0,6.0,36.2,0.8,0.13333333333333333,0.5,6.0,-400.0,0.08441558441558442,0.2792207792207792,4,8,44.3,9.0,1045,1428,969,0.0,0.0,140.0,8.0,36.5,1.5,0.3888888888888889,0.0,0.0,30.0,8.0,35.7,0.6,0.25,0.8,0.0,58.0,7.0,16.0,15.0,482.0,0.06666666666666667,0.0625,-0.06666666666666667,0.0,0.0,-0.010000000000000852,0.0,-0.6592000000000056,0.9619,1.0469000000000008,0.1383999999999972,0.5469000000000008,0.1509639806602559,1.1196428001822738,0.0,0.0,,0.3333333333333333,0.6666666666666666,0.0,,0.1515151515151515,0.035063785856500246
992,202305030812,0,2,0,5,0,0,0,3,0,0,0,0,0,2,0,3,0,0,0,0,0,0,0,0,0,0,0,1,0,0,0,0,0,0,0,0,0.0,0.0,70.0,5.0,33.5,0.5,0.5384615384615384,0.0,0.0,90.0,4.0,34.6,0.4,0.38461538461538464,0.0,0.0,30.0,3.0,33.9,0.3,0.35714285714285715,-1.0,6.0,0.0,0.0440251572327044,0.14465408805031446,2,4,15.3,6.0,1485,1687,1665,0.0,0.0,40.0,6.0,33.8,0.8,0.7,0.0,0.0,10.0,1.0,33.6,0.0,0.5294117647058824,-0.6,0.4,54.0,29.0,16.0,13.0,454.0,0.0,-0.07692307692307693,0.07142857142857142,0.0,-0.058823529411764705,0.060000000000000143,0.0,-1.606499999999997,-0.47469999999999857,-1.6621000000000024,-1.3064999999999998,-1.5064999999999955,0.12332685128971167,0.3867815921162748,-2.0,0.0,,0.08,0.24,0.0,,,
993,202305030812,4,0,7,35,7,4,4,70,1,0,0,1,1,0,3,12,1,0,0,27,0,0,0,1,0,0,0,1,0,0,0,8,0,0,0,0,0.0,0.0,100.0,4.0,37.5,0.3,0.3125,0.0,0.0,80.0,1.0,37.2,0.0,0.1875,0.0,0.0,90.0,9.0,38.3,2.1,0.5,2.5,-2.0,200.0,0.07262569832402235,0.22905027932960895,7,14,17.9,7.0,1204,1503,1221,,,,,,,,,,,,,,,2.5,0.3333333333333333,53.0,113.0,16.0,16.0,460.0,-0.0625,0.0,0.0625,,,-0.3999999999999986,0.0,-0.4110999999999976,-0.668299999999995,0.02049999999999841,,,0.12842529172852035,0.4642796092394684,-1.0,1.0,0.0,0.08064516129032258,0.22580645161290322,1.0,0.0,-0.10755148741418766,0.016511867905056737
994,202305030812,3,5,4,33,20,25,21,205,1,0,0,1,1,3,2,9,5,4,2,61,0,0,0,0,1,0,0,3,1,1,0,14,0,0,0,0,0.0,0.0,12.0,13.0,37.1,2.4,0.875,0.0,0.0,7.0,15.0,38.9,2.0,0.5333333333333333,0.0,0.0,7.0,10.0,35.6,1.6,0.2,-1.5,-8.0,0.0,0.045714285714285714,0.17142857142857143,5,10,56.5,12.0,1657,1167,1317,0.0,0.0,4.0,3.0,35.8,0.0,0.4666666666666667,0.0,0.0,7.0,11.0,35.1,0.8,0.5882352941176471,-1.6,0.2,58.0,0.0,16.0,16.0,478.0,0.0,0.0,0.13333333333333333,0.06666666666666667,-0.29411764705882354,0.7100000000000002,0.0,-1.1794999999999973,0.6204999999999998,0.4935000000000045,-2.3537999999999997,0.025300000000001432,0.21693479992897174,1.369671493461114,0.0,3.0,0.3333333333333333,0.06779661016949153,0.2542372881355932,2.0,0.0,-0.0393939393939394,0.019083827201908404
995,202305030812,0,0,0,1,1,1,2,58,0,0,0,0,0,0,0,0,0,1,0,22,0,0,0,0,0,0,0,0,0,0,0,0,0,0,0,0,0.0,0.0,5.0,1.0,39.3,0.0,0.16666666666666666,0.0,0.0,13.0,14.0,38.7,3.5,0.375,0.0,0.0,9.0,11.0,37.7,2.2,0.75,5.0,5.0,0.0,0.028985507246376812,0.10144927536231885,5,9,112.3,13.0,1540,1328,1036,0.0,0.0,3.0,1.0,38.5,0.0,0.06666666666666667,0.0,0.0,3.0,2.0,38.9,0.3,0.25,-1.1,0.6,53.0,-383.0,16.0,12.0,463.0,-0.08333333333333333,0.125,0.0,0.0,-0.0625,0.1,0.0,1.6357,0.4205000000000041,-0.453799999999994,0.22050000000000125,0.988900000000001,0.23685438564654024,0.5306599664568622,-3.0,4.0,0.5,0.08653846153846154,0.21153846153846154,2.0,0.5,,0.08933002481389579
996,202305030812,0,2,0,5,0,4,1,24,0,0,0,1,0,2,0,3,0,2,1,8,0,0,0,1,0,0,0,1,0,0,0,2,0,0,0,1,0.0,0.0,3.0,15.0,41.0,4.0,0.125,0.0,0.0,2.0,15.0,40.6,4.3,0.125,0.0,0.0,2.0,2.0,36.4,0.2,0.0625,-6.5,10.0,100.0,0.14678899082568808,0.3394495412844037,4,7,4.1,2.0,1485,1561,1665,0.0,0.0,8.0,6.0,39.1,1.2,0.125,0.0,0.0,6.0,1.0,35.7,0.0,0.0625,-3.7,0.4,55.0,-139.0,16.0,16.0,508.0,0.0,-0.0625,0.0,0.0,0.0,1.2099999999999995,0.0,3.4086,2.3205000000000027,-1.7537999999999982,0.8205000000000027,-1.1280999999999963,0.030618621784789725,2.1564786110694443,-2.0,3.0,0.3333333333333333,0.07936507936507936,0.2222222222222222,2.0,0.0,,0.038112522686025385
997,202305030812,4,4,2,51,5,5,3,59,0,0,0,2,0,3,2,25,2,5,2,20,0,0,0,0,0,0,1,13,1,1,1,4,0,0,0,0,0.0,0.0,130.0,14.0,38.6,1.6,0.0625,0.0,0.0,140.0,15.0,40.3,3.6,0.125,0.0,0.0,110.0,12.0,38.9,2.3,0.16666666666666666,-1.0,8.0,0.0,0.014925373134328358,0.05970149253731343,8,16,320.6,16.0,1042,1721,488,0.0,0.0,110.0,8.0,39.5,2.0,0.0625,0.0,0.0,90.0,14.0,46.0,5.4,0.06666666666666667,-0.7,0.0,54.0,92.0,16.0,16.0,486.0,0.0625,0.0,0.0,0.0,0.4666666666666667,-1.4,0.0,0.7015999999999991,2.1661999999999964,2.2031999999999954,1.5476000000000028,6.3740999999999985,0.0422788363132194,2.732471408816568,2.0,2.0,0.0,0.034482758620689655,0.06896551724137931,0.0,,-0.09496890898812888,0.02314814814814814
998,202305040101,4,5,4,48,1,2,1,7,0,0,0,0,2,1,2,16,1,2,1,0,0,0,0,0,2,1,1,6,0,2,1,0,0,0,0,0,0.0,0.0,12.0,12.0,38.6,1.4,0.5625,0.0,0.0,2.0,1.0,37.7,0.0,0.375,0.0,0.0,12.0,10.0,35.4,1.9,0.6923076923076923,-1.0,2.0,0.0,0.0641025641025641,0.21794871794871795,7,14,5.3,2.0,1467,1520,336,,,,,,,,,,,,,,,-1.0,0.3333333333333333,55.0,-35.0,16.0,16.0,482.0,0.0,-0.0625,0.07692307692307693,,,1.6000000000000014,0.0,0.32050000000000267,-0.5794999999999959,0.3252999999999986,,,0.13025208830907756,1.3474255287605172,0.0,2.0,0.5,0.12698412698412698,0.3968253968253968,2.0,0.5,0.12021857923497267,-0.06363636363636366
999,202305040101,16,16,15,141,1,1,0,4,0,0,0,0,9,9,7,56,1,0,0,1,0,0,0,0,2,2,2,23,0,0,0,1,0,0,0,0,0.0,0.0,10.0,2.0,37.5,0.0,0.23076923076923078,0.0,0.0,40.0,3.0,38.2,0.4,0.2857142857142857,,,,,,,,1.0,-10.0,200.0,0.06060606060606061,0.18614718614718614,6,11,2.1,1.0,1278,1691,625,,,,,,,,,,,,,,,1.0,1.0,55.0,21.0,16.0,13.0,454.0,0.0,0.0,,,,-0.7000000000000028,0.0,-0.4110999999999976,0.28890000000000526,,,,0.027472527472527458,0.3500000000000014,0.0,0.0,,0.043010752688172046,0.2903225806451613,0.0,,0.010563380281690127,-0.20833333333333331
1000,202305040101,0,0,0,0,20,25,21,205,0,0,0,0,0,0,0,0,5,4,2,61,0,0,0,0,0,0,0,0,2,1,0,22,0,0,0,0,0.0,0.0,4.0,14.0,47.9,9.0,0.07142857142857142,0.0,0.0,6.0,10.0,40.3,2.2,0.25,0.0,0.0,1.0,12.0,39.4,2.1,0.25,-1.0,-2.0,-300.0,0.044585987261146494,0.18471337579617833,2,3,10.9,4.0,1479,1167,857,0.0,0.0,5.0,3.0,40.1,0.7,0.13333333333333333,0.0,0.0,4.0,4.0,39.9,0.9,0.25,-2.7,0.2,55.0,-288.0,16.0,14.0,450.0,0.8571428571428571,0.16666666666666666,0.0,-0.06666666666666667,-0.0625,1.6199999999999997,0.0,8.507399999999997,0.9073999999999955,1.3273999999999972,0.47409999999999997,0.3532999999999973,0.07492097121258935,3.2039975031201258,3.0,0.0,,0.078125,0.21875,0.0,,,0.019083827201908404
1001,202305040101,5,9,5,81,0,0,0,4,0,0,0,0,0,7,3,29,0,0,0,0,0,0,0,0,0,0,3,10,0,0,0,0,0,0,0,0,0.0,0.0,9.0,13.0,40.9,4.1,0.5,0.0,0.0,7.0,16.0,42.1,7.5,0.8125,0.0,0.0,4.0,3.0,37.9,0.2,0.5333333333333333,-5.0,0.0,-300.0,0.0,0.07317073170731707,3,5,27.4,8.0,1020,705,1576,0.0,0.0,3.0,5.0,38.0,0.2,0.9230769230769231,0.0,0.0,8.0,4.0,38.0,0.8,0.625,-2.9,0.2,55.0,-301.0,16.0,14.0,448.0,0.2857142857142857,0.125,-0.2,-0.07692307692307693,0.0,0.9899999999999999,0.0,1.507399999999997,4.0274,-0.17260000000000275,-0.07260000000000133,-0.27949999999999875,0.16344499664918333,1.7724559232883623,0.0,1.0,0.0,0.136986301369863,0.2328767123287671,1.0,0.0,0.16294117647058826,
1002,202305040101,0,0,0,0,11,13,6,86,0,0,0,0,0,0,0,0,4,8,2,42,0,0,0,0,0,0,0,0,1,4,1,18,0,0,0,0,0.0,0.0,7.0,8.0,39.4,0.9,0.3333333333333333,0.0,0.0,9.0,5.0,37.5,1.1,0.4666666666666667,0.0,0.0,8.0,5.0,37.7,1.7,0.7333333333333333,-1.5,23.0,200.0,0.02040816326530612,0.12244897959183673,8,15,25.3,7.0,1662,1393,1337,0.0,0.0,10.0,8.0,38.0,1.8,0.4375,0.0,0.0,4.0,12.0,37.2,2.4,0.875,1.1,0.0,54.0,-374.0,16.0,12.0,495.0,-0.08333333333333333,0.0,-0.2,0.0,0.0,0.3899999999999991,0.0,1.488900000000001,-0.4110999999999976,-0.21109999999999474,-0.07260000000000133,-0.953799999999994,0.2019625927960148,0.7657675887630645,0.0,1.0,0.0,0.08196721311475409,0.32786885245901637,0.0,,,-0.10199418363107604
1003,202305040101,12,9,11,80,0,1,0,9,0,0,0,0,3,2,2,27,0,0,0,2,0,0,0,0,2,0,1,11,0,0,0,2,0,0,0,0,0.0,0.0,60.0,5.0,37.2,0.8,0.09090909090909091,0.0,0.0,70.0,5.0,36.4,1.2,0.2222222222222222,0.0,0.0,60.0,6.0,35.1,0.7,0.2,0.5,6.0,-100.0,0.0,0.0,7,13,13.0,5.0,1586,1332,1167,,,,,,,,,,,,,,,0.5,0.0,52.0,34.0,16.0,11.0,438.0,0.0,0.3333333333333333,0.0,,,1.0500000000000007,0.0,1.2775000000000034,0.47749999999999915,-0.3592000000000013,,,0.05738543375189143,0.8653836657164783,-3.0,0.0,,0.0,0.0945945945945946,0.0,,-0.06653620352250489,
1004,202305040101,9,7,10,114,0,0,0,1,0,0,0,0,3,1,0,26,0,0,0,0,0,0,0,0,1,0,0,7,0,0,0,0,0,0,0,0,0.0,0.0,15.0,14.0,43.8,4.5,0.1875,0.0,0.0,8.0,14.0,41.0,4.0,0.35714285714285715,0.0,0.0,7.0,7.0,37.8,1.7,0.125,-3.5,-10.0,-400.0,0.04060913705583756,0.17766497461928935,6,12,30.1,9.0,1503,314,1263,0.0,0.0,13.0,12.0,40.9,3.2,0.23076923076923078,0.0,0.0,9.0,1.0,38.8,0.0,0.06666666666666667,-2.8,0.2,55.0,-337.0,16.0,16.0,446.0,0.5625,0.5,0.0,0.23076923076923078,0.0,1.0100000000000002,0.0,4.174099999999996,1.6073999999999984,2.062599999999996,2.6205,0.7273999999999958,0.09897766334977927,2.072293415518179,3.0,1.0,0.0,0.058823529411764705,0.17647058823529413,1.0,0.0,-0.017174959871589096,
1005,202305040101,0,1,0,1,8,2,7,62,0,0,0,0,0,0,0,0,3,2,2,19,0,0,0,0,0,0,0,0,0,1,2,14,0,0,0,0,0.0,0.0,5.0,7.0,37.9,1.3,0.4,0.0,0.0,1.0,2.0,37.8,0.1,0.2,0.0,0.0,4.0,2.0,36.5,0.2,0.125,-2.5,0.0,-300.0,0.08387096774193549,0.27741935483870966,1,1,20.9,6.0,1676,1110,1428,0.0,0.0,7.0,5.0,38.1,0.4,0.125,0.0,0.0,5.0,8.0,40.3,1.4,0.4,0.5,0.4,55.0,-288.0,16.0,15.0,460.0,-0.06666666666666667,0.13333333333333333,0.0,0.0,0.06666666666666667,-0.5100000000000001,0.0,-1.492600000000003,-1.5926000000000045,-0.7550999999999988,0.02740000000000009,0.9073999999999955,0.12549900398011135,1.2270289320142367,1.0,0.0,,0.25,0.5,0.0,,,0.048961069978504884
1006,202305040101,0,0,0,0,2,4,2,55,0,0,0,0,0,0,0,0,2,0,1,22,0,0,0,0,0,0,0,0,1,0,0,6,0,0,0,0,0.0,0.0,3.0,1.0,39.1,0.0,0.08333333333333333,0.0,0.0,12.0,12.0,38.2,2.1,0.9375,0.0,0.0,13.0,8.0,40.2,1.9,0.13333333333333333,3.5,-4.0,-100.0,0.043478260869565216,0.14285714285714285,3,6,285.3,14.0,1049,1589,1428,0.0,0.0,14.0,9.0,38.6,2.0,0.8125,0.0,0.0,11.0,14.0,38.0,3.7,0.9375,2.3,0.2,54.0,-208.0,16.0,12.0,458.0,0.0,0.0,0.0,0.0,-0.0625,0.18000000000000044,0.0,,0.28890000000000526,2.1274000000000015,0.32050000000000267,0.17889999999999873,0.38880693580919223,0.7858753081755406,1.0,1.0,0.0,0.0,0.1746031746031746,1.0,0.0,,0.12301587301587302
1007,202305040101,7,7,8,85,11,13,6,86,0,1,0,3,3,4,0,27,4,8,2,42,0,1,0,2,0,0,0,14,1,4,1,18,0,0,0,0,0.0,0.0,8.0,8.0,37.2,1.2,0.45454545454545453,0.0,0.0,9.0,9.0,38.3,2.5,0.75,0.0,0.0,6.0,7.0,36.6,1.3,0.3333333333333333,-0.5,0.0,200.0,0.1461187214611872,0.3378995433789954,4,8,7.1,3.0,1605,1393,1,0.0,0.0,4.0,3.0,35.6,0.9,0.18181818181818182,0.0,0.0,11.0,13.0,38.2,1.3,0.6666666666666666,0.4,0.2,55.0,-386.0,16.0,11.0,460.0,0.0,0.0,0.08333333333333333,0.09090909090909091,0.13333333333333333,0.06999999999999958,0.0,-0.7110999999999947,0.4788999999999959,0.1589000000000027,-0.674199999999999,0.28890000000000526,0.20917872552027048,1.0127191120937722,0.0,0.0,,0.037037037037037035,0.14814814814814814,0.0,,0.056687605331699115,-0.10199418363107604
1008,202305040101,4,0,7,35,5,8,9,99,0,0,0,0,1,0,3,12,1,2,3,50,0,0,0,0,1,0,2,7,0,0,0,20,0,0,0,0,0.0,0.0,3.0,3.0,40.5,0.4,0.3333333333333333,0.0,0.0,11.0,11.0,38.2,2.7,0.6363636363636364,0.0,0.0,8.0,6.0,36.4,0.7,0.08333333333333333,1.5,-5.0,0.0,0.014492753623188406,0.057971014492753624,2,4,108.8,12.0,1204,1235,1221,0.0,0.0,6.0,5.0,36.6,0.7,0.08333333333333333,0.0,0.0,5.0,10.0,36.4,1.6,0.8181818181818182,0.8,0.2,53.0,-367.0,16.0,9.0,475.0,0.0,0.2727272727272727,0.0,0.0,0.09090909090909091,0.9800000000000004,0.0,2.8357000000000028,1.7589000000000041,-0.041100000000000136,0.702300000000001,-0.041100000000000136,0.2950696794021361,1.5904716281656839,2.0,1.0,1.0,0.07692307692307693,0.1346153846153846,0.0,,-0.10755148741418766,-0.02181818181818182
1009,202305040101,7,7,8,85,24,19,11,236,0,0,0,0,3,4,0,27,7,2,1,59,0,0,0,0,0,0,0,14,4,0,0,25,0,0,0,0,0.0,0.0,16.0,16.0,40.7,5.7,0.5,0.0,0.0,15.0,15.0,39.1,3.4,0.8125,0.0,0.0,13.0,12.0,39.2,2.3,0.6875,-2.0,-4.0,0.0,0.043478260869565216,0.13043478260869565,5,9,147.7,13.0,1605,1294,1,0.0,0.0,12.0,13.0,35.7,2.3,1.0,,,,,,,,-1.2,0.0,54.0,-119.0,16.0,16.0,434.0,0.1875,0.125,0.0,-0.07692307692307693,,1.4899999999999998,0.0,2.420500000000004,1.1889000000000038,0.9205000000000041,0.6253000000000029,,0.18221724671391565,1.830812661087966,-1.0,2.0,0.0,0.04477611940298507,0.14925373134328357,2.0,0.0,0.056687605331699115,0.05268199233716475
1010,202305040101,12,9,11,80,0,0,0,2,0,0,0,0,3,2,2,27,0,0,0,0,0,0,0,0,2,0,1,11,0,0,0,0,0,0,0,0,0.0,0.0,11.0,7.0,39.0,2.3,1.0,0.0,0.0,9.0,9.0,35.4,2.8,0.8888888888888888,0.0,0.0,11.0,9.0,40.8,3.0,0.7272727272727273,1.0,26.0,-100.0,0.041666666666666664,0.13541666666666666,8,16,307.2,15.0,1586,1576,1167,0.0,0.0,15.0,13.0,38.4,2.4,0.875,0.0,0.0,10.0,7.0,39.4,2.2,0.7272727272727273,0.4,0.0,55.0,-291.0,16.0,12.0,422.0,0.0,0.0,0.0,0.0,0.09090909090909091,-0.3799999999999997,0.0,,0.29350000000000165,2.727399999999996,0.12049999999999983,1.488900000000001,0.10446246645209646,1.7843766418556366,1.0,1.0,0.0,0.045454545454545456,0.14772727272727273,1.0,0.0,-0.06653620352250489,
1011,202305040101,6,7,7,42,4,7,7,131,0,1,0,3,3,5,4,18,1,3,1,42,0,0,0,0,2,4,3,10,0,1,0,17,0,0,0,0,0.0,0.0,8.0,4.0,37.9,1.2,1.0,0.0,0.0,15.0,11.0,37.0,1.7,0.8125,0.0,0.0,16.0,14.0,38.3,2.6,0.9375,5.0,2.0,100.0,0.02857142857142857,0.1,4,7,374.2,16.0,1148,1559,1393,0.0,0.0,11.0,13.0,39.4,3.5,1.0,0.0,0.0,9.0,5.0,33.6,0.2,0.25,0.4,0.0,53.0,-287.0,16.0,11.0,394.0,-0.09090909090909091,0.0,0.0,0.0,,0.6199999999999996,0.0,0.30859999999999843,1.846899999999998,0.02049999999999841,1.488900000000001,0.05660000000000309,0.28339460121886584,1.9764614845728705,0.0,1.0,0.0,0.046153846153846156,0.13846153846153847,1.0,0.0,-0.08345021037868161,0.07049897869857018
1012,202305040101,0,0,1,18,24,19,11,236,0,0,0,0,0,0,1,11,7,2,1,59,0,0,0,0,0,0,1,8,4,0,0,25,0,0,0,0,0.0,0.0,13.0,14.0,48.3,11.2,0.8571428571428571,0.0,0.0,11.0,12.0,39.7,2.7,0.7857142857142857,0.0,0.0,9.0,7.0,39.3,1.4,0.3333333333333333,-3.5,4.0,-300.0,0.04830917874396135,0.17391304347826086,1,2,54.8,10.0,1704,1294,1712,0.0,0.0,11.0,15.0,36.7,2.4,0.125,0.0,0.0,10.0,12.0,36.1,1.0,0.6875,-0.1,0.0,55.0,-315.0,16.0,14.0,476.0,0.07142857142857142,-0.07142857142857142,-0.06666666666666667,0.0625,0.0,2.7399999999999993,0.0,8.907399999999996,0.30740000000000123,-0.09260000000000446,1.2408000000000001,0.9935000000000045,0.2814513325740522,4.371910337598426,0.0,0.0,,0.06766917293233082,0.3082706766917293,0.0,,-0.05263157894736842,0.05268199233716475
1013,202305040101,0,0,0,4,1,0,1,13,0,0,0,0,0,0,0,2,0,0,0,2,0,0,0,0,0,0,0,1,0,0,0,1,0,0,0,0,0.0,0.0,16.0,13.0,35.1,1.6,0.8125,0.0,0.0,12.0,12.0,37.3,3.0,0.9166666666666666,0.0,0.0,16.0,17.0,35.6,2.1,0.3888888888888889,2.0,8.0,200.0,0.07216494845360824,0.26804123711340205,5,10,76.7,11.0,1699,1034,1313,0.0,0.0,16.0,16.0,39.9,3.3,0.5625,0.0,0.0,14.0,10.0,38.5,3.1,0.75,-0.2,0.0,55.0,-280.0,16.0,16.0,490.0,0.0,0.08333333333333333,0.0,0.0,0.0,-0.9399999999999998,0.0,-0.05310000000000059,0.8588999999999984,0.4935000000000045,1.988900000000001,0.8083000000000027,0.18805986372875794,1.7848249213858474,0.0,0.0,,0.013888888888888888,0.041666666666666664,0.0,,,-0.13333333333333333
1014,202305040112,1,0,2,42,7,18,10,156,0,0,0,0,1,0,1,20,0,6,2,50,0,0,0,0,0,0,0,3,0,0,0,10,0,0,0,0,0.0,0.0,30.0,6.0,36.0,0.4,0.9333333333333333,0.0,0.0,40.0,3.0,34.5,0.2,0.6666666666666666,0.0,0.0,40.0,2.0,34.2,0.2,0.7222222222222222,-2.0,0.0,200.0,0.24528301886792453,0.49056603773584906,6,11,6.1,4.0,1672,1428,1167,0.0,0.0,40.0,7.0,38.3,1.1,0.5,0.0,0.0,70.0,3.0,37.5,0.4,0.25,-0.2,0.6,54.0,21.0,15.0,15.0,430.0,0.0,-0.05555555555555555,0.0,0.0,-0.0625,-0.6799999999999997,0.0,-1.9110999999999976,-1.316200000000002,-0.9530999999999992,0.16619999999999635,-0.7794999999999987,0.2288888888888889,1.611210724889825,0.0,2.0,0.5,0.3076923076923077,0.6923076923076923,1.0,1.0,0.13333333333333336,0.035063785856500246
1015,202305040112,20,10,20,146,5,11,7,79,0,0,0,0,13,5,8,64,1,3,1,21,0,0,0,0,2,0,1,17,0,1,1,4,0,0,0,0,0.0,0.0,10.0,2.0,36.8,0.1,0.06666666666666667,,,,,,,,,,,,,,,,,0.0,0.045454545454545456,0.09090909090909091,5,8,47.3,10.0,1716,1039,1167,,,,,,,,,,,,,,,,1.0,53.0,0.0,15.0,15.0,452.0,0.0,,,,,,,-1.4795000000000016,,,,,,,0.0,1.0,1.0,0.09090909090909091,0.22727272727272727,1.0,1.0,0.03502141597379693,0.034783776524308335
1016,202305040112,1,0,0,2,2,1,5,55,0,0,0,0,1,0,0,2,0,0,1,15,0,0,0,0,0,0,0,0,0,0,0,4,0,0,0,0,0.0,0.0,60.0,2.0,36.4,0.0,0.8125,0.0,0.0,10.0,1.0,37.1,0.0,0.3125,,,,,,,,-1.0,6.0,0.0,0.042105263157894736,0.12631578947368421,3,5,2.7,1.0,1195,1014,1428,,,,,,,,,,,,,,,-1.0,1.0,56.0,167.0,15.0,16.0,476.0,-0.0625,-0.0625,,,,-0.7000000000000028,0.0,-1.8795000000000002,-1.1794999999999973,,,,0.25,0.3500000000000014,0.0,2.0,1.0,0.06557377049180328,0.2459016393442623,2.0,1.0,,-0.001984126984126977
1017,202305040112,10,4,8,54,13,13,12,182,0,0,0,2,2,3,4,26,3,3,3,65,0,0,0,1,0,0,0,7,0,0,0,11,0,0,0,0,0.0,0.0,2.0,2.0,40.2,0.6,0.38461538461538464,0.0,0.0,10.0,9.0,37.3,2.0,0.8666666666666667,0.0,0.0,8.0,14.0,40.2,2.3,0.0625,6.0,9.0,-100.0,0.06513409961685823,0.25287356321839083,6,10,4.9,3.0,1601,1405,239,0.0,0.0,6.0,8.0,38.1,1.1,0.15384615384615385,0.0,0.0,9.0,10.0,39.1,2.1,0.1875,1.5,0.2,58.0,-369.0,15.0,13.0,497.0,0.0,-0.06666666666666667,0.0625,0.0,0.1875,0.13999999999999985,0.0,,-0.8537999999999997,0.5741000000000014,-1.2926000000000002,-0.5259,0.28770866137988377,1.1478675881825413,2.0,1.0,0.0,0.029411764705882353,0.11764705882352941,0.0,,-0.08114035087719298,0.04068736141906873
1018,202305040112,0,1,0,1,0,0,0,0,0,0,0,0,0,0,0,0,0,0,0,0,0,0,0,0,0,0,0,0,0,0,0,0,0,0,0,0,0.0,0.0,20.0,1.0,36.1,0.0,0.25,0.0,0.0,20.0,4.0,35.3,0.9,0.5333333333333333,0.0,0.0,30.0,2.0,37.1,0.2,0.3125,0.5,0.0,0.0,0.03314917127071823,0.09392265193370165,4,6,12.6,5.0,1676,590,1428,0.0,0.0,120.0,7.0,36.5,0.9,1.0,,,,,,,,1.6,0.5,56.0,104.0,15.0,16.0,570.0,0.0,0.0,-0.0625,0.0,,-0.3,0.0,-2.1794999999999973,-2.3643,-1.1794999999999973,-1.7794999999999987,,0.29430908674668316,0.6538348415311024,0.0,4.0,0.5,0.0625,0.1875,3.0,0.6666666666666666,,
1019,202305040112,7,2,9,76,11,13,6,86,0,1,0,1,2,1,1,28,4,8,2,42,0,1,0,0,0,1,0,4,2,1,1,7,0,1,0,0,0.0,0.0,1.0,4.0,39.9,0.9,0.6363636363636364,0.0,0.0,11.0,13.0,36.9,2.2,0.625,0.0,0.0,7.0,6.0,36.7,1.6,0.8666666666666667,1.0,-4.0,-200.0,0.0,0.0,2,2,19.5,7.0,1713,1393,215,0.0,0.0,11.0,3.0,35.9,0.3,0.875,0.0,0.0,7.0,6.0,36.1,1.2,0.875,-0.6,0.2,52.0,-117.0,15.0,11.0,512.0,-0.18181818181818182,0.0,-0.06666666666666667,0.0,0.0,0.8599999999999994,0.0,1.8273999999999972,-1.3795000000000002,-1.579499999999996,-2.3795,-1.4913999999999987,0.1184238004396082,1.4477568856683078,-3.0,3.0,0.3333333333333333,0.08490566037735849,0.25471698113207547,3.0,0.3333333333333333,-0.0301990391214825,-0.10199418363107604
1020,202305040112,9,7,5,96,29,23,21,228,1,0,0,0,5,2,1,32,13,9,13,81,1,0,0,0,2,1,1,4,2,3,3,28,0,0,0,0,0.0,0.0,8.0,3.0,13.1,0.6,0.75,0.0,0.0,13.0,6.0,37.1,0.8,0.8666666666666667,0.0,0.0,12.0,9.0,13.4,2.8,0.8571428571428571,3.0,0.0,-1600.0,0.07222222222222222,0.22777777777777777,5,9,41.9,9.0,1090,1556,1169,0.0,0.0,8.0,7.0,13.4,1.6,0.14285714285714285,0.0,0.0,7.0,6.0,13.4,1.6,0.09090909090909091,0.7,0.2,56.0,-316.0,15.0,12.0,484.0,-0.5,-0.13333333333333333,-0.07142857142857142,0.07142857142857142,0.09090909090909091,2.3099999999999996,0.0,,-2.2926,,,,0.3495094614270027,9.510709752694591,-1.0,0.0,,0.11428571428571428,0.26666666666666666,0.0,,-0.06184012066365008,-0.01480214466629387
1021,202305040112,0,0,0,14,1,0,1,9,0,0,0,0,0,0,0,3,0,0,1,5,0,0,0,0,0,0,0,0,0,0,0,0,0,0,0,0,0.0,0.0,5.0,9.0,42.4,2.1,0.9166666666666666,0.0,0.0,15.0,8.0,36.8,1.8,0.8666666666666667,0.0,0.0,10.0,12.0,39.5,2.1,1.0,1.5,7.0,-470.0,0.0,0.037037037037037035,2,3,232.8,15.0,1455,666,1428,0.0,0.0,11.0,8.0,35.5,1.1,1.0,0.0,0.0,6.0,10.0,40.2,1.6,0.5714285714285714,0.2,0.0,58.0,-186.0,15.0,12.0,455.0,-0.08333333333333333,0.06666666666666667,-0.07142857142857142,-0.0625,0.0,0.5699999999999988,0.0,,-1.4795000000000016,-0.12590000000000146,-2.653799999999997,0.5741000000000014,0.15819560784085018,2.4604064704840947,3.0,2.0,0.0,0.018518518518518517,0.12962962962962962,1.0,0.0,0.0625,0.0
1022,202305040112,6,13,11,107,1,1,3,11,0,0,0,0,2,4,4,38,0,0,2,8,0,0,0,0,0,0,2,12,0,0,2,1,0,0,0,0,0.0,0.0,110.0,13.0,36.5,1.4,0.15384615384615385,0.0,0.0,70.0,16.0,42.2,3.5,0.0625,0.0,0.0,110.0,13.0,39.3,2.5,0.0625,0.0,2.0,-600.0,0.06086956521739131,0.18695652173913044,3,4,48.5,11.0,1393,1505,1263,0.0,0.0,100.0,10.0,36.4,2.3,0.8125,0.0,0.0,60.0,10.0,38.9,2.1,0.38461538461538464,-1.2,0.0,56.0,14.0,15.0,13.0,500.0,0.0,0.0,0.0,0.0625,0.3076923076923077,0.10000000000000071,0.0,-0.8453000000000017,2.5741000000000014,0.4871999999999943,-1.5523999999999987,-0.13870000000000005,0.28420903945249326,2.1341040274550824,1.0,0.0,,0.06521739130434782,0.17391304347826086,0.0,,-0.03920282129090463,-0.11249999999999999
1023,202305040112,0,4,1,34,3,6,2,75,0,1,0,1,0,0,1,16,0,1,0,18,0,0,0,0,0,0,0,6,0,0,0,4,0,0,0,0,0.0,0.0,12.0,10.0,38.0,2.2,0.6,0.0,0.0,11.0,8.0,38.1,1.6,0.46153846153846156,0.0,0.0,13.0,10.0,36.8,1.3,0.875,0.0,6.0,0.0,0.10576923076923077,0.2692307692307692,7,13,124.8,12.0,1441,1306,1167,0.0,0.0,6.0,10.0,38.9,2.2,0.5384615384615384,0.0,0.0,10.0,1.0,37.6,0.0,0.5,-1.6,0.2,54.0,0.0,15.0,15.0,464.0,0.0,0.0,-0.0625,0.0,-0.125,0.0,0.0,-0.27949999999999875,0.18890000000000384,-0.6177000000000064,1.0788999999999973,-0.22109999999999985,0.1472810781340609,0.6852736679604731,0.0,1.0,0.0,0.05714285714285714,0.14285714285714285,1.0,0.0,0.065343258891646,-0.08709065021357382
1024,202305040112,0,0,0,6,20,25,21,205,0,0,0,1,0,0,0,4,5,4,2,61,0,0,0,0,0,0,0,0,1,1,0,14,0,0,0,0,0.0,0.0,1.0,1.0,41.4,0.0,0.3333333333333333,0.0,0.0,16.0,16.0,34.6,1.8,1.0,0.0,0.0,15.0,11.0,36.2,0.9,0.1875,5.0,2.0,0.0,0.020833333333333332,0.125,4,7,31.0,8.0,1246,1167,533,0.0,0.0,11.0,10.0,35.0,1.1,0.9090909090909091,0.0,0.0,6.0,7.0,34.2,1.0,1.0,0.6,0.2,55.0,-373.0,15.0,9.0,476.0,-0.2222222222222222,0.0,0.0625,0.0,0.0,1.3999999999999992,0.0,3.2462000000000018,-0.5064999999999955,1.0469000000000008,-0.153100000000002,-0.9530999999999992,0.3520902101305698,2.6460536653665954,-1.0,1.0,1.0,0.038461538461538464,0.1794871794871795,0.0,,,0.019083827201908404
1025,202305040112,0,4,3,47,0,0,0,2,0,0,0,0,0,2,1,24,0,0,0,0,0,0,0,0,0,0,0,5,0,0,0,0,0,0,0,0,0.0,0.0,60.0,5.0,36.5,0.4,0.625,0.0,0.0,110.0,5.0,34.9,0.4,0.4375,0.0,0.0,100.0,12.0,32.8,1.5,0.8888888888888888,3.5,0.0,200.0,0.04081632653061224,0.17857142857142858,7,12,4.8,2.0,1729,1487,1428,0.0,0.0,60.0,9.0,34.4,0.6,0.3333333333333333,0.0,0.0,50.0,4.0,34.1,0.5,0.8181818181818182,0.2,0.0,56.0,27.0,15.0,16.0,462.0,0.0,-0.125,,0.0,0.0,0.5299999999999997,0.0,-1.3682999999999979,-0.25310000000000343,-0.7434000000000012,-0.7531000000000034,-1.0531000000000006,0.21311246266391676,1.200999583680195,0.0,0.0,,0.023809523809523808,0.09523809523809523,0.0,,-0.04391534391534391,
1026,202305040112,0,0,0,8,0,0,1,20,0,0,0,4,0,0,0,3,0,0,1,8,0,0,0,2,0,0,0,2,0,0,0,3,0,0,0,2,0.0,0.0,15.0,14.0,38.6,2.2,0.9333333333333333,0.0,0.0,13.0,9.0,38.5,1.6,0.8571428571428571,0.0,0.0,14.0,13.0,39.2,3.0,0.4666666666666667,-0.5,-4.0,-400.0,0.0,0.13333333333333333,8,14,159.2,14.0,1023,1380,1327,0.0,0.0,16.0,9.0,37.2,0.6,0.3125,0.0,0.0,13.0,11.0,38.3,1.4,0.7142857142857143,-0.6,0.0,55.0,-21.0,15.0,15.0,486.0,0.06666666666666667,-0.07142857142857142,-0.13333333333333333,0.0,0.07142857142857142,0.19000000000000056,0.0,-0.9466999999999999,-0.5386999999999986,0.9205000000000041,-0.4916999999999945,-0.2775999999999996,0.23435260852978904,0.6529931086925803,-2.0,1.0,0.0,0.014084507042253521,0.04225352112676056,1.0,0.0,0.14285714285714285,0.02930402930402931
1027,202305040112,6,13,11,107,0,1,1,4,0,0,0,0,2,4,4,38,0,0,0,0,0,0,0,0,0,0,2,12,0,0,0,0,0,0,0,0,0.0,0.0,80.0,4.0,39.0,1.2,0.1,0.0,0.0,120.0,12.0,37.8,1.9,0.8125,0.0,0.0,90.0,14.0,42.4,4.1,0.13333333333333333,5.0,20.0,-400.0,0.04487179487179487,0.1858974358974359,8,15,15.6,6.0,1393,61,1263,0.0,0.0,120.0,14.0,38.0,2.4,0.125,0.0,0.0,,,,,,3.2,0.0,58.0,28.0,15.0,10.0,534.0,0.0,0.0,0.06666666666666667,0.0,,-0.16000000000000014,0.0,-0.038699999999998624,-0.023300000000006094,3.007399999999997,2.5407999999999973,,0.30035244054554755,1.8466185312619388,0.0,0.0,,0.08163265306122448,0.24489795918367346,0.0,,-0.03920282129090463,
1028,202305040112,0,1,0,9,10,7,13,124,0,0,0,3,0,0,0,1,5,3,5,58,0,0,0,0,0,0,0,0,2,1,2,11,0,0,0,0,0.0,0.0,5.0,6.0,13.6,4.5,0.2,0.0,0.0,12.0,6.0,13.3,3.1,0.3333333333333333,0.0,0.0,13.0,15.0,39.9,4.6,0.7333333333333333,4.5,-2.0,-1600.0,0.047058823529411764,0.11764705882352941,1,1,125.5,13.0,1034,1366,1263,0.0,0.0,1.0,1.0,38.1,0.0,0.125,0.0,0.0,5.0,7.0,38.0,1.8,0.6875,-0.3,0.2,58.0,-344.0,15.0,10.0,464.0,0.4,0.25,0.0,0.0,0.0,-7.360000000000001,0.0,,,1.6204999999999998,0.18890000000000384,0.17889999999999873,0.25003333111140735,12.372453273300328,-2.0,1.0,0.0,0.03333333333333333,0.06666666666666667,1.0,0.0,0.0111111111111111,-0.005916305916305931
1029,202305040201,1,2,0,11,0,0,0,1,0,0,0,0,0,0,0,4,0,0,0,0,0,0,0,0,0,0,0,2,0,0,0,0,0,0,0,0,0.0,0.0,11.0,7.0,39.0,0.9,0.6363636363636364,0.0,0.0,12.0,10.0,42.0,2.6,0.15384615384615385,0.0,0.0,16.0,8.0,40.1,1.7,0.1875,0.5,4.0,-400.0,0.0718232044198895,0.2265193370165746,8,16,28.5,8.0,1600,639,680,0.0,0.0,16.0,16.0,43.3,5.0,0.3125,0.0,0.0,16.0,15.0,39.8,3.4,0.5625,2.2,0.0,55.0,-385.0,16.0,11.0,468.0,-0.09090909090909091,0.0,0.1875,0.6875,0.0625,-0.28999999999999915,0.0,-0.6259000000000015,2.3740999999999985,0.47409999999999997,3.6740999999999957,1.5204999999999984,0.195621754102842,1.5755633912984897,1.0,1.0,0.0,0.015384615384615385,0.07692307692307693,1.0,0.0,0.05844155844155843,
1030,202305040201,0,0,0,8,0,0,2,7,0,0,0,0,0,0,0,3,0,0,0,3,0,0,0,0,0,0,0,1,0,0,0,1,0,0,0,0,0.0,0.0,20.0,13.0,42.8,3.8,0.25,,,,,,,,,,,,,,,,,-400.0,0.07006369426751592,0.2229299363057325,7,13,3.7,1.0,1282,733,377,,,,,,,,,,,,,,,,0.0,56.0,28.0,16.0,16.0,500.0,0.25,,,,,,,3.110899999999994,,,,,,,1.0,0.0,,0.047619047619047616,0.21428571428571427,0.0,,,
1031,202305040201,0,0,0,3,0,0,0,0,0,0,0,0,0,0,0,3,0,0,0,0,0,0,0,0,0,0,0,1,0,0,0,0,0,0,0,0,0.0,0.0,60.0,4.0,38.9,0.6,0.8666666666666667,0.0,0.0,60.0,12.0,36.9,2.9,0.8333333333333334,0.0,0.0,160.0,7.0,36.5,1.8,0.9375,1.5,-2.0,-400.0,0.04020100502512563,0.18090452261306533,2,3,5.9,3.0,1658,1655,1167,,,,,,,,,,,,,,,1.5,0.0,56.0,29.0,16.0,15.0,460.0,-0.13333333333333333,0.0,0.0,,,1.1999999999999993,0.0,-0.13870000000000005,0.983399999999996,-1.7794999999999987,,,0.043434710475310785,1.0498677165349077,1.0,1.0,0.0,0.07142857142857142,0.21428571428571427,1.0,0.0,,
1032,202305040201,2,0,2,25,4,2,3,28,0,0,0,0,2,0,1,15,3,0,0,8,0,0,0,0,0,0,1,5,2,0,0,3,0,0,0,0,0.0,0.0,30.0,3.0,41.4,1.1,0.2222222222222222,0.0,0.0,130.0,7.0,38.1,0.5,0.5714285714285714,0.0,0.0,90.0,8.0,39.7,3.0,0.6363636363636364,2.5,-5.0,-200.0,0.0,0.0,4,8,53.8,11.0,1059,1160,1482,0.0,0.0,,,,,,0.0,0.0,60.0,7.0,39.5,1.2,0.4,1.3,0.25,52.0,-374.0,16.0,9.0,457.0,-0.1111111111111111,0.07142857142857142,0.09090909090909091,,0.06666666666666667,0.4099999999999994,0.0,3.3273999999999972,-1.1094000000000008,0.4906000000000006,,0.10739999999999839,0.16096102204025303,1.1712706775122468,-4.0,0.0,,0.036585365853658534,0.10975609756097561,0.0,,-0.03266787658802178,-0.12324324324324326
1033,202305040201,0,1,0,3,1,1,0,4,0,0,0,0,0,0,0,0,1,0,0,1,0,0,0,0,0,0,0,0,0,0,0,1,0,0,0,0,0.0,0.0,1.0,1.0,40.7,0.0,0.18181818181818182,0.0,0.0,7.0,11.0,39.3,2.7,0.625,0.0,0.0,9.0,9.0,38.5,1.5,0.75,4.0,-2.0,0.0,0.04294478527607362,0.1411042944785276,3,6,9.1,4.0,1381,1691,548,0.0,0.0,6.0,12.0,42.2,4.4,0.5333333333333333,0.0,0.0,12.0,6.0,38.9,1.4,0.1875,1.0999999999999999,0.2,54.0,-369.0,16.0,11.0,438.0,-0.09090909090909091,-0.0625,-0.1875,0.2,0.0,0.07000000000000028,0.0,3.0357000000000056,1.0204999999999984,0.42739999999999867,2.5741000000000014,0.6204999999999998,0.23162221861890336,1.3600000000000019,0.0,3.0,0.3333333333333333,0.05,0.1,2.0,0.0,,-0.20833333333333331
1034,202305040201,6,2,13,58,5,5,3,59,0,0,0,0,1,1,3,17,2,5,2,20,0,0,0,0,0,1,2,4,0,0,0,4,0,0,0,0,0.0,0.0,30.0,8.0,41.5,1.8,0.0625,,,,,,,,,,,,,,,,,-400.0,0.060085836909871244,0.1888412017167382,3,5,12.6,6.0,1426,1721,306,,,,,,,,,,,,,,,,0.0,56.0,28.0,16.0,16.0,462.0,0.1875,,,,,,,1.8108999999999966,,,,,,,1.0,0.0,,0.037037037037037035,0.18518518518518517,0.0,,0.050843881856540096,0.02314814814814814
1035,202305040201,7,7,8,85,1,0,1,11,0,0,0,0,3,4,0,27,0,0,1,5,0,0,0,0,0,0,0,14,0,0,0,3,0,0,0,0,0.0,0.0,12.0,12.0,36.7,2.0,1.0,0.0,0.0,9.0,6.0,37.0,1.1,0.35714285714285715,0.0,0.0,4.0,1.0,39.3,0.0,0.08333333333333333,-5.5,0.0,200.0,0.0,0.125,1,1,15.8,7.0,1605,1571,1,0.0,0.0,10.0,8.0,38.8,1.7,0.3125,0.0,0.0,13.0,11.0,41.3,2.6,0.23076923076923078,0.0,0.2,55.0,-343.0,16.0,14.0,464.0,0.0,0.0,0.0,0.0,0.3076923076923077,-1.0999999999999985,0.0,-1.2110999999999947,-0.9110999999999976,1.6357,0.9788999999999959,1.6740999999999957,0.3157077678676898,1.672602762164404,1.0,1.0,1.0,0.03636363636363636,0.14545454545454545,0.0,,0.056687605331699115,-0.08241758241758243
1036,202305040201,4,0,7,35,0,1,0,18,0,0,0,0,1,0,3,12,0,1,0,8,0,0,0,0,1,0,2,7,0,1,0,4,0,0,0,0,0.0,0.0,1.0,2.0,40.2,0.4,0.4444444444444444,0.0,0.0,8.0,15.0,39.8,3.2,0.6666666666666666,0.0,0.0,5.0,9.0,38.6,1.6,0.375,3.5,6.0,0.0,0.10457516339869281,0.3006535947712418,6,12,3.9,2.0,1204,1673,1221,0.0,0.0,7.0,10.0,37.3,1.4,0.9333333333333333,0.0,0.0,8.0,6.0,37.6,0.5,0.9333333333333333,0.3,0.2,56.0,-327.0,16.0,9.0,490.0,-0.1111111111111111,0.26666666666666666,0.0,-0.06666666666666667,-0.2,0.7700000000000002,0.0,2.046200000000006,0.1740999999999957,0.6889000000000038,-0.6111000000000004,-0.22109999999999985,0.23520151591012284,1.1523888232710353,1.0,1.0,1.0,0.0,0.0821917808219178,0.0,,-0.10755148741418766,0.03070175438596491
1037,202305040201,0,0,1,11,4,1,0,34,0,0,0,1,0,0,1,7,1,1,0,18,0,0,0,1,0,0,0,4,1,1,0,7,0,0,0,0,0.0,0.0,12.0,11.0,39.4,2.1,0.8333333333333334,0.0,0.0,15.0,10.0,35.3,1.3,0.5625,0.0,0.0,7.0,9.0,38.2,1.7,0.9333333333333333,-1.0,22.0,0.0,0.045454545454545456,0.17045454545454544,2,4,29.6,9.0,1432,1313,1428,0.0,0.0,4.0,10.0,38.0,2.3,1.0,0.0,0.0,9.0,5.0,38.1,0.7,0.5,-1.2,0.0,56.0,-379.0,16.0,12.0,460.0,0.0,0.0,0.0,-0.1875,-0.0625,-0.010000000000000852,0.0,1.1204999999999998,0.14689999999999515,0.28890000000000526,0.17889999999999873,0.18890000000000384,0.19972898304118678,1.3490737563232051,2.0,1.0,0.0,0.029411764705882353,0.14705882352941177,1.0,0.0,0.027777777777777776,0.0905448717948718
1038,202305040201,0,0,0,0,5,5,3,59,0,0,0,0,0,0,0,0,2,5,2,20,0,0,0,0,0,0,0,0,0,0,0,4,0,0,0,0,0.0,0.0,2.0,6.0,42.0,2.8,0.4444444444444444,0.0,0.0,4.0,9.0,37.7,1.5,0.3333333333333333,0.0,0.0,12.0,5.0,36.2,0.5,0.625,-0.5,21.0,-300.0,0.07042253521126761,0.11267605633802817,5,9,9.9,5.0,1578,1721,1428,0.0,0.0,6.0,10.0,37.1,1.9,0.875,0.0,0.0,8.0,7.0,39.4,1.5,0.5,0.3,0.0,55.0,-302.0,16.0,9.0,497.0,-0.1111111111111111,0.16666666666666666,-0.1875,0.0,0.0,0.5800000000000004,0.0,2.6073999999999984,1.5342000000000056,0.03420000000000556,-1.1794999999999973,1.488900000000001,0.1853008897795324,2.046851240320115,1.0,1.0,0.0,0.0641025641025641,0.19230769230769232,1.0,0.0,,0.02314814814814814
1039,202305040201,6,7,7,42,24,19,11,236,0,1,0,3,3,5,4,18,7,2,1,59,0,0,0,0,2,4,3,10,4,0,0,25,0,0,0,0,0.0,0.0,3.0,7.0,39.8,1.9,0.5,0.0,0.0,8.0,11.0,40.8,3.0,0.35714285714285715,0.0,0.0,4.0,9.0,40.4,3.9,0.7272727272727273,1.0,4.0,-100.0,0.04807692307692308,0.17307692307692307,8,15,52.9,10.0,1148,1294,1393,0.0,0.0,7.0,9.0,39.5,0.9,0.25,0.0,0.0,8.0,4.0,37.0,0.8,0.1875,-0.8,0.0,56.0,-379.0,16.0,12.0,474.0,-0.16666666666666666,0.35714285714285715,0.09090909090909091,0.0,0.0,0.6899999999999992,0.0,,1.590599999999995,1.1905999999999963,0.10739999999999839,-1.5775999999999968,0.1931343388123154,1.329661611087572,0.0,0.0,,0.06666666666666667,0.3037037037037037,0.0,,-0.08345021037868161,0.05268199233716475
1040,202305040201,0,1,0,3,10,14,7,96,0,0,0,0,0,0,0,0,6,9,2,45,0,0,0,0,0,0,0,0,3,5,0,21,0,0,0,0,0.0,0.0,9.0,3.0,42.0,0.7,0.6,0.0,0.0,10.0,6.0,38.9,1.6,0.3333333333333333,0.0,0.0,13.0,11.0,39.3,3.2,0.4375,4.0,-9.0,0.0,0.06463878326996197,0.2509505703422053,7,14,73.9,12.0,1381,1362,548,0.0,0.0,10.0,8.0,37.6,2.2,0.625,0.0,0.0,10.0,10.0,37.8,1.8,0.8125,1.6,0.2,56.0,-368.0,16.0,10.0,481.0,-0.2,0.0,0.0,0.125,-0.125,0.9700000000000003,0.0,3.846200000000003,-0.49260000000000304,1.2273999999999958,-0.4725999999999999,0.208599999999997,0.16489474757486297,1.576578574001309,0.0,1.0,1.0,0.13253012048192772,0.3072289156626506,0.0,,,-0.033568172399502716
1041,202305040201,0,0,0,3,0,0,0,2,0,0,0,0,0,0,0,1,0,0,0,0,0,0,0,0,0,0,0,1,0,0,0,0,0,0,0,0,0.0,0.0,10.0,13.0,43.1,3.9,0.21428571428571427,0.0,0.0,9.0,10.0,39.5,1.5,0.125,0.0,0.0,14.0,4.0,38.0,1.4,0.2,-4.5,4.0,0.0,0.0707070707070707,0.26262626262626265,6,11,115.6,13.0,548,397,257,0.0,0.0,13.0,13.0,39.5,2.4,0.1875,0.0,0.0,10.0,13.0,42.9,4.5,0.42857142857142855,0.3,0.0,55.0,-292.0,16.0,14.0,496.0,0.35714285714285715,0.0,0.0,0.0,0.42857142857142855,0.04000000000000057,0.0,4.820500000000003,1.2205000000000013,0.40859999999999985,1.2205000000000013,3.6905999999999963,0.10334704758674994,2.0356817039999155,2.0,3.0,0.0,0.04477611940298507,0.13432835820895522,3.0,0.0,,
1042,202305040201,2,1,1,28,2,0,2,16,0,0,0,0,2,1,0,15,1,0,1,10,0,0,0,0,1,1,0,7,0,0,0,1,0,0,0,0,0.0,0.0,,,,,,0.0,0.0,150.0,14.0,39.8,3.1,0.4375,0.0,0.0,120.0,11.0,35.2,1.9,0.9166666666666666,-3.0,-10.0,0.0,0.0,0.0,1,2,301.2,15.0,1507,1199,593,0.0,0.0,140.0,10.0,36.1,3.0,0.9444444444444444,0.0,0.0,120.0,14.0,37.3,2.5,0.3888888888888889,-0.1,0.0,52.0,-137.0,16.0,11.0,442.0,,0.0625,-0.08333333333333333,-0.05555555555555555,0.05555555555555555,0.6600000000000001,0.0,,1.5204999999999984,0.04690000000000083,0.9468999999999994,2.146899999999995,0.25943681399378715,1.7277152543170973,-2.0,2.0,0.0,0.01818181818181818,0.12727272727272726,1.0,0.0,-0.125,0.03529411764705881
1043,202305040201,4,9,6,86,1,1,2,58,0,0,0,0,0,3,2,28,0,1,0,22,0,0,0,0,0,1,2,15,0,0,0,15,0,0,0,0,0.0,0.0,15.0,13.0,38.3,4.1,0.9333333333333333,0.0,0.0,16.0,15.0,37.8,3.0,1.0,0.0,0.0,7.0,7.0,41.0,1.6,0.3333333333333333,-3.0,-2.0,200.0,0.0,0.025,4,7,367.2,16.0,1333,1328,1294,0.0,0.0,15.0,9.0,39.1,2.6,0.875,0.0,0.0,16.0,15.0,39.4,3.1,0.75,-0.2,0.0,56.0,-322.0,16.0,15.0,490.0,-0.06666666666666667,0.0,0.0,-0.125,0.0,-0.3500000000000007,0.0,0.3888999999999996,0.36589999999999634,,1.1889000000000038,1.1204999999999998,0.23720595832876262,1.0979981785048654,2.0,1.0,0.0,0.014705882352941176,0.058823529411764705,1.0,0.0,-0.10158730158730159,0.08933002481389579
1044,202305040201,0,0,0,0,2,4,2,54,0,0,0,0,0,0,0,0,0,0,1,10,0,0,0,0,0,0,0,0,0,0,0,4,0,0,0,0,0.0,0.0,2.0,7.0,41.7,3.1,0.45454545454545453,0.0,0.0,15.0,12.0,40.0,1.9,0.4,0.0,0.0,11.0,10.0,37.2,2.0,0.625,1.5,19.0,-100.0,0.0,0.07142857142857142,5,10,181.6,14.0,1656,1417,1576,0.0,0.0,12.0,11.0,38.0,2.2,0.7333333333333333,0.0,0.0,14.0,16.0,41.1,4.0,0.1875,1.7,0.0,55.0,-359.0,16.0,11.0,475.0,-0.18181818181818182,0.0,0.0,0.2,0.0,0.3200000000000003,0.0,,1.4224000000000032,-1.079499999999996,0.17889999999999873,2.8205000000000027,0.1885772695560225,1.7401149387324966,1.0,2.0,0.0,0.015384615384615385,0.06153846153846154,2.0,0.0,,0.00985663082437277
1045,202305040206,6,7,7,42,1,0,0,1,0,0,0,0,3,5,4,18,1,0,0,1,0,0,0,0,1,1,1,6,0,0,0,0,0,0,0,0,0.0,0.0,100.0,7.0,36.4,0.7,0.8666666666666667,0.0,0.0,15.0,7.0,36.6,0.7,0.6,0.0,0.0,13.0,10.0,37.3,1.2,0.3125,1.5,2.0,250.0,0.1493212669683258,0.3393665158371041,5,9,4.7,2.0,1148,707,1393,0.0,0.0,11.0,8.0,36.6,1.6,0.6875,0.0,0.0,13.0,16.0,38.4,2.2,0.4375,1.9,0.0,56.0,-405.0,15.0,15.0,472.0,-0.13333333333333333,0.13333333333333333,-0.0625,0.0,-0.0625,-0.4,0.0,-1.4233000000000047,-1.3110999999999962,-0.7726000000000042,-1.6794999999999973,0.12049999999999983,0.1928694146595336,0.7364781055808779,0.0,2.0,0.0,0.027777777777777776,0.2222222222222222,2.0,0.0,-0.08345021037868161,
1046,202305040206,11,4,13,73,29,23,21,228,0,0,0,0,5,3,2,25,13,9,13,81,0,0,0,0,2,0,0,11,2,3,3,28,0,0,0,0,0.0,0.0,5.0,6.0,39.1,1.6,0.6363636363636364,0.0,0.0,15.0,14.0,38.2,2.7,0.8666666666666667,0.0,0.0,15.0,15.0,43.0,7.8,0.5,4.5,-2.0,170.0,0.03333333333333333,0.13333333333333333,6,10,39.8,11.0,1095,1556,1221,0.0,0.0,10.0,12.0,37.8,0.8,0.9375,0.0,0.0,2.0,1.0,36.9,0.0,0.0625,-1.2,0.2,56.0,-346.0,15.0,11.0,480.0,0.0,0.0,0.0625,0.0,0.0,0.48000000000000115,0.0,,0.28890000000000526,4.720500000000001,-0.11110000000000042,-1.011099999999999,0.31152659232027263,2.121320343559643,7.0,1.0,0.0,0.033707865168539325,0.11235955056179775,1.0,0.0,-0.06510651065106512,-0.01480214466629387
1047,202305040206,16,19,15,132,29,23,21,228,2,3,1,8,1,2,4,30,13,9,13,81,1,2,0,3,0,0,1,10,2,3,3,28,0,0,0,0,0.0,0.0,16.0,16.0,42.8,6.0,0.375,0.0,0.0,10.0,10.0,35.2,1.9,0.7,0.0,0.0,9.0,16.0,35.8,2.7,0.5,0.0,12.0,200.0,0.028169014084507043,0.09859154929577464,7,12,13.5,7.0,1167,1556,460,0.0,0.0,9.0,9.0,38.1,1.1,0.07142857142857142,0.0,0.0,7.0,10.0,38.4,1.7,0.125,-1.3,0.0,54.0,-356.0,15.0,16.0,456.0,0.0,0.0,-0.0625,0.0,0.0,0.5899999999999999,0.0,4.8889,0.04690000000000083,0.6468999999999951,0.27890000000000015,0.12049999999999983,0.23399154005289705,2.6785070468453123,0.0,1.0,0.0,0.0,0.171875,1.0,0.0,0.03409825468648997,-0.01480214466629387
1048,202305040206,5,1,6,33,15,21,12,151,0,0,0,0,3,1,6,14,4,6,4,62,0,0,0,0,2,0,3,3,1,1,1,10,0,0,0,0,0.0,0.0,11.0,11.0,36.1,1.6,0.42857142857142855,0.0,0.0,6.0,8.0,37.5,0.9,0.2,0.0,0.0,3.0,13.0,37.0,1.8,0.6875,1.0,0.0,-200.0,0.13942307692307693,0.34615384615384615,2,2,12.6,6.0,1401,1482,517,0.0,0.0,6.0,1.0,36.3,0.0,0.125,0.0,0.0,2.0,1.0,35.8,0.0,0.38461538461538464,-2.7,0.4,54.0,-363.0,15.0,14.0,430.0,0.07142857142857142,0.0,-0.0625,0.0,-0.07692307692307693,0.18000000000000113,0.0,-1.1550999999999974,-0.7794999999999987,-0.8233000000000033,-1.3643,-2.4795000000000016,0.1965997179559274,0.6216108107168028,1.0,3.0,0.6666666666666666,0.07936507936507936,0.2222222222222222,2.0,0.5,0.019047619047619035,-0.05872427832593624
1049,202305040206,0,0,0,8,4,7,7,131,0,0,0,0,0,0,0,3,1,3,1,42,0,0,0,0,0,0,0,1,0,1,0,8,0,0,0,0,0.0,0.0,10.0,1.0,37.4,0.0,0.125,0.0,0.0,10.0,12.0,39.3,1.6,0.26666666666666666,0.0,0.0,20.0,2.0,38.3,0.5,0.125,0.5,-2.0,250.0,0.0,0.0,8,15,48.9,13.0,1282,1559,377,0.0,0.0,30.0,2.0,37.8,1.2,0.125,,,,,,,,-0.7,0.75,50.0,92.0,15.0,16.0,440.0,0.0,0.0,0.0,0.0,,-0.019999999999999574,0.0,-0.4233000000000047,1.3888999999999996,0.42609999999999815,-0.11110000000000042,,0.06134346610139773,0.7106335201775944,0.0,0.0,,0.08411214953271028,0.2523364485981308,0.0,,,0.07049897869857018
1050,202305040206,9,7,9,91,3,1,0,7,0,0,0,0,2,1,4,32,3,0,0,5,0,0,0,0,1,0,3,10,2,0,0,2,0,0,0,0,0.0,0.0,130.0,13.0,37.9,1.2,0.875,0.0,0.0,10.0,11.0,35.6,1.6,0.875,0.0,0.0,12.0,15.0,41.7,4.2,0.5,1.0,2.0,200.0,0.07692307692307693,0.23076923076923078,4,7,4.9,3.0,1304,760,1503,0.0,0.0,15.0,13.0,37.3,1.8,0.2,0.0,0.0,6.0,12.0,37.3,1.6,0.5384615384615384,0.0,0.0,54.0,-441.0,15.0,16.0,454.0,0.0625,0.0,0.1875,0.06666666666666667,0.0,-0.04999999999999929,0.0,-0.011099999999999,-2.6794999999999973,2.0741000000000014,-0.7726000000000042,-0.6167000000000016,0.2549550372240509,2.0214846029589255,-2.0,1.0,0.0,0.05555555555555555,0.1388888888888889,1.0,0.0,0.005261979399910438,-0.03030303030303033
1051,202305040206,1,2,0,11,5,8,9,99,0,0,0,0,0,0,0,4,1,2,3,50,0,0,0,0,0,0,0,1,0,1,1,17,0,0,0,0,0.0,0.0,20.0,8.0,40.2,1.2,0.14285714285714285,0.0,0.0,50.0,2.0,38.0,0.5,0.06666666666666667,0.0,0.0,50.0,9.0,37.8,1.2,0.1,0.5,0.0,-400.0,0.04784688995215311,0.1722488038277512,8,14,5.5,4.0,1600,1235,680,0.0,0.0,80.0,3.0,40.3,0.0,0.09090909090909091,0.0,0.0,50.0,4.0,36.1,0.5,0.2222222222222222,-0.7,0.4,54.0,22.0,15.0,14.0,506.0,0.0,0.0,0.0,0.0,0.0,0.5900000000000005,0.0,0.5741000000000014,1.3168000000000006,1.8833999999999946,1.6293999999999969,0.6407999999999987,0.0546990058690603,1.5892136420255143,1.0,0.0,,0.04938271604938271,0.12345679012345678,0.0,,0.05844155844155843,-0.02181818181818182
1052,202305040206,3,6,7,83,2,1,1,22,1,0,0,4,1,2,1,30,0,0,1,3,0,0,0,1,1,1,1,12,0,0,0,0,0,0,0,0,0.0,0.0,100.0,10.0,37.2,0.6,0.26666666666666666,0.0,0.0,15.0,8.0,36.7,0.8,0.1875,0.0,0.0,12.0,8.0,37.1,1.5,0.6875,-1.0,0.0,0.0,0.07,0.26,4,6,34.7,9.0,1431,1079,1428,0.0,0.0,15.0,4.0,36.8,0.8,0.625,0.0,0.0,10.0,9.0,38.2,1.1,0.25,-0.6,0.0,56.0,-392.0,15.0,15.0,476.0,0.0,0.0625,-0.0625,-0.1875,-0.0625,-0.20999999999999944,0.0,-0.4642999999999944,-1.579499999999996,-0.7233000000000018,-1.023300000000006,0.7822999999999993,0.2091218411463624,0.53291650377897,0.0,2.0,0.0,0.12631578947368421,0.30526315789473685,1.0,0.0,-0.03118137900746598,0.06837606837606836
1053,202305040206,11,4,13,73,3,1,4,19,0,0,0,2,5,3,2,25,2,1,2,5,0,0,0,1,2,0,0,11,2,0,2,2,0,0,0,1,0.0,0.0,14.0,9.0,36.5,1.1,0.9333333333333333,0.0,0.0,10.0,10.0,38.3,1.3,0.375,0.0,0.0,5.0,10.0,36.7,1.0,0.26666666666666666,0.5,-6.0,0.0,0.05982905982905983,0.18803418803418803,6,11,74.0,14.0,1095,1205,1221,0.0,0.0,2.0,2.0,36.6,0.2,0.5,0.0,0.0,12.0,7.0,37.1,0.5,0.5625,-1.2,0.2,56.0,0.0,15.0,15.0,502.0,-0.06666666666666667,0.0,0.0,0.0,0.0625,0.04999999999999929,0.0,-1.7794999999999987,0.22739999999999583,-1.216699999999996,-1.4726,-0.8166999999999973,0.22714410501803572,0.6621178142898725,0.0,1.0,0.0,0.140625,0.40625,1.0,0.0,-0.06510651065106512,-0.2962962962962963
1054,202305040206,2,2,1,21,0,4,1,24,0,0,0,2,1,1,0,7,0,2,1,8,0,0,0,1,1,1,0,1,0,0,0,2,0,0,0,0,0.0,0.0,4.0,7.0,37.2,0.9,0.8333333333333334,0.0,0.0,11.0,2.0,37.6,0.4,0.9166666666666666,0.0,0.0,13.0,8.0,36.6,0.5,0.8125,0.5,4.0,-200.0,0.04519774011299435,0.1694915254237288,7,13,41.9,12.0,1670,1561,882,0.0,0.0,15.0,8.0,36.8,1.3,0.875,0.0,0.0,4.0,6.0,36.5,1.5,0.8571428571428571,0.4,0.2,56.0,-216.0,15.0,12.0,492.0,0.0,-0.08333333333333333,-0.0625,-0.125,-0.07142857142857142,0.220000000000001,0.0,-0.8725999999999985,-0.4725999999999999,-1.2210999999999999,-1.0211000000000041,-0.9177000000000035,0.03579356280564976,0.40792156108742356,0.0,0.0,,0.06896551724137931,0.22413793103448276,0.0,,0.07435897435897434,0.038112522686025385
1055,202305040206,13,10,14,133,11,13,6,86,1,1,0,4,4,1,3,20,4,8,2,42,0,0,0,0,2,0,0,3,2,1,1,7,0,0,0,0,0.0,0.0,10.0,4.0,37.7,0.5,0.6875,0.0,0.0,10.0,2.0,36.6,0.4,0.6923076923076923,0.0,0.0,30.0,2.0,37.2,0.0,0.5625,-1.0,10.0,0.0,0.14444444444444443,0.26666666666666666,1,1,4.5,1.0,1691,1393,1167,0.0,0.0,70.0,3.0,37.0,0.8,0.5625,0.0,0.0,130.0,6.0,35.9,0.8,0.5,0.5,0.6,54.0,21.0,15.0,16.0,472.0,0.0,-0.07692307692307693,-0.0625,0.0,-0.0625,0.320000000000001,0.0,-0.5794999999999959,-1.3110999999999962,-1.079499999999996,-1.2794999999999987,-2.2338000000000022,0.07613781882626598,0.6046486583132403,0.0,4.0,0.5,0.2857142857142857,0.5357142857142857,3.0,0.6666666666666666,-0.0021298174442190843,-0.10199418363107604
1056,202305040206,3,2,1,20,0,1,0,9,0,0,0,0,1,0,1,10,0,0,0,2,0,0,0,0,0,0,0,3,0,0,0,1,0,0,0,0,0.0,0.0,30.0,1.0,36.3,0.0,0.1875,0.0,0.0,30.0,2.0,37.8,0.8,0.25,0.0,0.0,50.0,2.0,36.7,0.4,0.6,0.5,14.0,0.0,0.03296703296703297,0.09340659340659341,2,3,12.5,5.0,1446,1169,75,0.0,0.0,120.0,5.0,37.9,0.9,0.6875,,,,,,,,1.2,0.75,54.0,113.0,15.0,16.0,448.0,-0.0625,-0.0625,0.06666666666666667,-0.0625,,-0.370000000000001,0.0,-1.9795000000000016,-0.11110000000000042,-0.7177000000000007,-0.011099999999999,,0.2158739504896318,0.6905613658466561,0.0,1.0,1.0,0.07692307692307693,0.23076923076923078,1.0,1.0,-0.02024291497975711,0.1857142857142857
1057,202305040206,0,0,0,6,19,18,17,223,0,0,0,0,0,0,0,4,10,4,3,73,0,0,0,0,0,0,0,0,2,0,2,15,0,0,0,0,0.0,0.0,12.0,12.0,38.2,1.7,0.3125,0.0,0.0,11.0,13.0,38.8,2.7,0.5333333333333333,0.0,0.0,13.0,10.0,38.1,0.5,0.1875,-1.0,-4.0,200.0,0.06962025316455696,0.22784810126582278,5,8,37.8,10.0,1246,1558,533,0.0,0.0,14.0,13.0,39.1,1.5,0.07142857142857142,0.0,0.0,10.0,13.0,37.1,2.0,1.0,0.2,0.0,54.0,-336.0,15.0,16.0,472.0,0.0,0.26666666666666666,0.0,0.07142857142857142,-0.07692307692307693,0.18999999999999986,0.0,0.28890000000000526,0.8888999999999996,0.6822999999999979,0.5224000000000046,1.6407999999999987,0.3275223504169994,0.688767014308902,0.0,0.0,,0.13846153846153847,0.4,0.0,,,0.0611517126001585
1058,202305040206,6,13,11,107,1,0,0,0,1,0,0,0,2,4,4,38,0,0,0,0,0,0,0,0,0,0,2,12,0,0,0,0,0,0,0,0,0.0,0.0,13.0,13.0,39.1,2.7,0.6923076923076923,0.0,0.0,4.0,8.0,40.3,1.1,0.2727272727272727,0.0,0.0,9.0,7.0,36.5,1.4,0.6666666666666666,-3.0,2.0,200.0,0.1038961038961039,0.2987012987012987,3,4,15.1,8.0,1393,842,1263,0.0,0.0,10.0,10.0,35.3,0.6,0.2727272727272727,0.0,0.0,15.0,16.0,36.7,1.7,0.75,0.8,0.0,54.0,-370.0,15.0,13.0,490.0,0.15384615384615385,0.09090909090909091,-0.1111111111111111,-0.09090909090909091,0.0,0.9799999999999998,0.0,1.1889000000000038,,1.134599999999999,0.14689999999999515,1.593500000000006,0.21250701358676724,1.8356470248934025,1.0,0.0,,0.04411764705882353,0.14705882352941177,0.0,,-0.03920282129090463,
1059,202305040206,6,2,13,58,16,16,19,162,1,1,0,7,1,1,3,17,4,4,5,55,0,0,0,0,0,0,0,8,0,1,1,20,0,0,0,0,0.0,0.0,160.0,15.0,38.3,2.9,0.8125,0.0,0.0,150.0,14.0,39.4,2.4,0.2,0.0,0.0,160.0,15.0,38.2,3.3,1.0,0.0,-4.0,200.0,0.0,0.02564102564102564,3,5,416.8,15.0,1426,1345,306,0.0,0.0,150.0,16.0,39.1,4.4,1.0,0.0,0.0,60.0,8.0,38.5,2.0,0.2,-1.2,0.0,56.0,22.0,15.0,16.0,450.0,0.0625,0.0,0.0,0.0,0.0,-0.010000000000000852,0.0,0.3888999999999996,1.488900000000001,-0.07949999999999591,1.1889000000000038,1.5675999999999988,0.36772952016393784,0.46904157598234264,0.0,1.0,0.0,0.014925373134328358,0.05970149253731343,1.0,0.0,0.050843881856540096,-0.02467151904716891
1060,202305040212,7,7,8,85,7,18,10,156,0,0,1,3,3,4,0,27,0,6,2,50,0,0,0,1,2,3,0,2,0,0,0,5,0,0,0,0,0.0,0.0,30.0,5.0,34.6,0.2,0.1111111111111111,0.0,0.0,30.0,4.0,35.1,0.3,0.26666666666666666,0.0,0.0,90.0,12.0,37.0,1.0,0.125,3.5,2.0,0.0,0.14545454545454545,0.33636363636363636,7,13,5.9,4.0,1605,1428,1,0.0,0.0,30.0,7.0,36.1,0.9,0.5,0.0,0.0,80.0,5.0,36.0,0.4,0.29411764705882354,0.3,0.0,56.0,57.0,16.0,18.0,470.0,0.0,0.0,0.0,0.0,0.0,-0.3799999999999997,0.0,-0.5064999999999955,-0.05310000000000059,1.3500999999999976,-0.2616000000000014,0.9253,0.14085413152794188,0.8357032966310467,1.0,0.0,,0.16666666666666666,0.25,0.0,,0.056687605331699115,0.035063785856500246
1061,202305040212,17,18,10,162,2,4,2,54,0,0,0,0,10,9,5,93,0,0,1,10,0,0,0,0,2,0,1,23,0,0,0,0,0,0,0,0,0.0,0.0,30.0,9.0,37.4,2.2,0.5625,0.0,0.0,20.0,6.0,40.0,1.4,0.35714285714285715,0.0,0.0,60.0,2.0,36.2,0.4,0.26666666666666666,-3.5,4.0,200.0,0.04040404040404041,0.17676767676767677,8,15,12.2,6.0,1172,1417,1556,0.0,0.0,60.0,6.0,38.5,1.1,0.5714285714285714,0.0,0.0,20.0,8.0,34.0,0.8,0.4375,-0.2,0.2,56.0,78.0,16.0,16.0,494.0,0.125,0.0,0.06666666666666667,-0.2857142857142857,0.0625,0.8299999999999997,0.0,-0.511099999999999,1.8661999999999992,-2.079499999999996,0.22050000000000125,-1.153100000000002,0.11763603598154457,2.0399999999999996,0.0,3.0,0.3333333333333333,0.0,0.4,2.0,0.5,0.01460869565217393,0.00985663082437277
1062,202305040212,0,0,0,0,0,0,0,0,0,0,0,0,0,0,0,0,0,0,0,0,0,0,0,0,0,0,0,0,0,0,0,0,0,0,0,0,0.0,0.0,100.0,9.0,37.2,1.3,0.3125,0.0,0.0,4.0,3.0,36.5,0.5,0.21428571428571427,0.0,0.0,6.0,6.0,36.4,0.9,0.5,-1.5,-4.0,0.0,0.2,0.3333333333333333,6,11,4.7,2.0,451,721,494,0.0,0.0,7.0,12.0,36.1,1.3,0.4375,0.0,0.0,8.0,4.0,36.4,0.9,0.1875,-0.1,0.2,54.0,-412.0,16.0,16.0,466.0,0.125,0.0,-0.1875,0.0,0.0625,0.2000000000000007,0.0,-0.933799999999998,-1.7794999999999987,-1.8795000000000002,-1.1550999999999974,-1.8795000000000002,0.12203106830907062,0.3655133376499422,-2.0,4.0,0.25,0.08641975308641975,0.2345679012345679,3.0,0.3333333333333333,,
1063,202305040212,4,5,4,48,0,1,0,1,0,1,0,0,2,1,2,16,0,0,0,0,0,0,0,0,0,0,1,0,0,0,0,0,0,0,0,0,0.0,0.0,10.0,1.0,35.3,0.0,0.0625,0.0,0.0,20.0,2.0,36.4,0.5,0.0625,0.0,0.0,40.0,5.0,37.5,0.3,0.75,2.0,-4.0,0.0,0.10526315789473684,0.3026315789473684,2,3,3.0,1.0,1467,1298,336,0.0,0.0,10.0,1.0,37.3,0.0,0.0625,0.0,0.0,20.0,2.0,36.2,0.6,0.3125,0.1,0.8,54.0,127.0,16.0,16.0,448.0,0.0,0.0,0.0,0.0,0.0,-0.270000000000001,0.0,-2.3643,-1.7338000000000022,0.08389999999999986,-0.9795000000000016,-1.3913999999999973,0.2680951323690902,0.7964923100695952,1.0,3.0,1.0,0.07692307692307693,0.23076923076923078,1.0,1.0,0.12021857923497267,
1064,202305040212,5,3,2,12,2,4,3,13,1,1,0,0,1,0,1,3,0,0,1,6,0,0,0,0,0,0,0,2,0,0,0,0,0,0,0,0,0.0,0.0,50.0,6.0,36.6,0.4,0.3333333333333333,0.0,0.0,10.0,1.0,35.4,0.0,0.875,0.0,0.0,30.0,2.0,36.1,0.2,0.5625,-2.0,-6.0,-200.0,0.25,0.49375,4,8,5.3,3.0,882,880,695,0.0,0.0,20.0,3.0,37.0,0.8,0.4375,0.0,0.0,50.0,4.0,35.6,0.2,0.875,-0.2,0.6,58.0,120.0,16.0,15.0,496.0,0.0,0.0,0.0625,-0.125,0.0625,0.039999999999999855,0.0,-1.3523999999999958,-2.6726000000000028,-1.9726,-0.9523999999999972,-2.0201999999999956,0.22306264690540287,0.5986651818838309,0.0,0.0,,0.08888888888888889,0.3111111111111111,0.0,,-0.06565656565656564,-0.1013986013986014
1065,202305040212,5,10,5,88,2,4,0,17,2,2,0,12,3,2,0,20,1,2,0,9,1,1,0,4,0,1,0,1,0,0,0,0,0,0,0,0,0.0,0.0,30.0,4.0,35.9,0.4,0.5625,0.0,0.0,20.0,3.0,35.0,0.2,0.9333333333333333,0.0,0.0,60.0,3.0,35.0,0.5,0.9375,-0.5,-4.0,0.0,0.07142857142857142,0.2653061224489796,2,4,18.7,7.0,1561,223,1263,0.0,0.0,70.0,3.0,35.8,0.2,0.6875,0.0,0.0,60.0,4.0,36.4,0.6,0.8125,0.0,0.6,58.0,106.0,16.0,16.0,478.0,0.125,0.0,0.0,0.0,-0.0625,-0.17999999999999972,0.0,-2.3795,-3.133800000000001,-3.133800000000001,-2.4795000000000016,-1.8795000000000002,0.14492335138885581,0.5455272678794335,0.0,5.0,0.6,0.06716417910447761,0.30597014925373134,3.0,0.3333333333333333,0.03019943019943022,0.1280193236714976
1066,202305040212,9,6,8,51,2,1,3,16,0,1,1,2,2,3,3,20,2,1,1,6,0,1,1,2,0,0,1,2,1,0,0,0,0,0,0,0,0.0,0.0,60.0,8.0,36.5,0.7,0.8666666666666667,0.0,0.0,110.0,11.0,36.7,1.2,0.75,0.0,0.0,70.0,7.0,36.1,0.9,0.875,-0.5,-2.0,200.0,0.10526315789473684,0.2679425837320574,8,16,40.7,8.0,1677,332,1167,0.0,0.0,110.0,11.0,38.8,1.7,0.25,0.0,0.0,50.0,8.0,36.0,0.8,0.75,0.0,0.0,58.0,43.0,16.0,15.0,496.0,-0.06666666666666667,0.0625,0.0,0.0625,0.0,-0.10999999999999943,0.0,-1.4110999999999976,-1.3725999999999985,-2.1794999999999973,0.7273999999999958,-1.9110999999999976,0.23060307408570638,1.022545842493136,0.0,1.0,0.0,0.13333333333333333,0.3090909090909091,1.0,0.0,-0.10492845786963434,0.0
1067,202305040212,20,10,20,146,17,25,19,185,1,0,1,5,13,5,8,64,7,6,8,58,1,0,0,3,2,1,2,10,2,1,3,16,0,0,0,0,0.0,0.0,10.0,1.0,37.3,0.0,0.5,0.0,0.0,10.0,3.0,36.9,0.6,0.8125,0.0,0.0,70.0,4.0,35.6,0.6,0.6666666666666666,1.5,0.0,0.0,0.14285714285714285,0.14285714285714285,4,7,8.0,5.0,1716,1183,1167,0.0,0.0,60.0,1.0,37.2,0.0,0.3333333333333333,0.0,0.0,110.0,12.0,39.5,2.3,0.5,2.0,0.6,56.0,28.0,16.0,12.0,482.0,-0.16666666666666666,0.0,-0.1111111111111111,-0.13333333333333333,0.25,-0.470000000000001,0.0,-0.9795000000000016,-1.3795000000000002,-2.352399999999996,-1.079499999999996,-0.12590000000000146,0.16351180725290484,1.2569805089976531,0.0,3.0,1.0,0.14285714285714285,0.14285714285714285,3.0,1.0,0.03502141597379693,-0.0538498326159732
1068,202305040212,5,2,2,10,3,3,2,8,0,0,0,0,5,2,1,7,1,0,0,1,0,0,0,0,1,0,0,0,0,0,0,0,0,0,0,0,0.0,0.0,5.0,6.0,40.2,1.9,0.6153846153846154,0.0,0.0,9.0,12.0,39.6,2.3,0.16666666666666666,0.0,0.0,13.0,13.0,14.0,11.7,1.0,3.5,9.0,-200.0,0.14009661835748793,0.34782608695652173,1,2,101.6,12.0,832,525,351,0.0,0.0,10.0,7.0,37.7,1.1,0.3125,0.0,0.0,15.0,7.0,37.4,1.1,0.625,-0.3,0.0,58.0,-331.0,16.0,13.0,519.0,-0.23076923076923078,0.0,0.0,0.0,0.0,0.7500000000000007,0.0,2.944900000000004,0.39059999999999917,,-0.5794999999999959,-0.8795000000000002,0.2882933982901774,9.947944511304836,2.0,2.0,0.0,0.07317073170731707,0.14634146341463414,2.0,0.0,-0.2070175438596491,-0.2272727272727273
1069,202305040212,20,10,20,146,17,25,19,185,1,0,1,5,13,5,8,64,7,6,8,58,1,0,0,3,2,1,2,10,2,1,3,16,0,0,0,0,0.0,0.0,7.0,2.0,36.9,0.2,1.0,0.0,0.0,16.0,15.0,37.1,2.4,0.5625,0.0,0.0,13.0,12.0,37.3,1.3,0.5625,5.0,0.0,200.0,0.0,0.16666666666666666,7,14,91.7,11.0,1716,1183,1167,0.0,0.0,11.0,8.0,35.9,1.2,0.9285714285714286,0.0,0.0,11.0,10.0,36.8,1.8,0.4375,0.9,0.2,55.0,-362.0,16.0,12.0,476.0,0.0,-0.125,0.0,-0.07142857142857142,0.0,0.14000000000000057,0.0,-0.9211000000000027,-1.1794999999999973,-0.6111000000000004,-2.011099999999999,-1.4795000000000016,0.22313570045227307,0.48166378315169184,-1.0,2.0,0.0,0.045454545454545456,0.13636363636363635,2.0,0.0,0.03502141597379693,-0.0538498326159732
1070,202305040212,6,8,6,93,2,0,1,7,1,0,0,3,3,0,1,23,1,0,1,3,0,0,0,2,1,0,1,3,0,0,0,1,0,0,0,1,0.0,0.0,4.0,7.0,40.4,1.0,0.5833333333333334,0.0,0.0,16.0,15.0,38.1,1.9,0.375,0.0,0.0,16.0,11.0,36.5,1.8,0.625,2.0,-9.0,200.0,0.0603448275862069,0.1896551724137931,5,9,290.6,16.0,1736,1051,1482,0.0,0.0,15.0,13.0,37.1,1.3,0.75,0.0,0.0,10.0,14.0,45.2,7.0,0.13333333333333333,1.2,0.0,58.0,-206.0,16.0,12.0,541.0,-0.3333333333333333,-0.125,0.0,0.125,0.6666666666666666,-0.8600000000000009,0.0,2.5788999999999973,0.4357000000000042,-1.7794999999999987,-0.8110999999999962,5.807400000000001,0.21675639167815405,3.162657110721933,2.0,2.0,0.0,0.1276595744680851,0.30851063829787234,1.0,0.0,0.028891202498698587,
1071,202305040212,1,8,7,59,24,19,11,236,0,0,0,2,1,3,1,23,7,2,1,59,0,0,0,1,0,2,1,1,1,1,0,6,0,0,0,0,0.0,0.0,80.0,5.0,36.4,0.8,0.3333333333333333,0.0,0.0,50.0,1.0,36.5,0.0,0.8,0.0,0.0,60.0,2.0,37.2,0.4,0.42857142857142855,-1.5,0.0,0.0,0.014285714285714285,0.05714285714285714,3,5,53.3,9.0,1440,1294,1167,0.0,0.0,60.0,7.0,37.0,0.6,0.625,0.0,0.0,90.0,9.0,36.8,0.5,0.5,1.4,0.4,56.0,126.0,16.0,15.0,462.0,0.0,-0.06666666666666667,0.0,0.0625,0.0625,-0.12999999999999973,0.0,-1.7338000000000022,-1.4110999999999976,-0.7110999999999947,-0.873899999999999,-0.616100000000003,0.1621839329832454,0.29933259094191644,-2.0,1.0,0.0,0.03409090909090909,0.11363636363636363,0.0,,0.0545238095238095,0.05268199233716475
1072,202305040212,5,1,6,33,9,12,12,108,0,0,0,1,3,1,6,14,3,7,5,42,0,0,0,1,0,0,2,3,0,1,0,6,0,0,0,0,0.0,0.0,90.0,10.0,37.2,1.2,0.25,0.0,0.0,140.0,3.0,36.7,0.1,0.06666666666666667,0.0,0.0,80.0,11.0,37.5,1.3,0.6875,0.5,-4.0,0.0,0.031914893617021274,0.1702127659574468,5,10,79.6,10.0,1401,1221,517,0.0,0.0,70.0,1.0,37.2,0.0,0.125,0.0,0.0,40.0,3.0,37.0,0.4,0.4,-1.6,0.6,58.0,106.0,16.0,16.0,492.0,0.0,0.0,0.0,0.0,-0.13333333333333333,-0.009999999999999431,0.0,-1.079499999999996,-1.579499999999996,-0.4110999999999976,-0.7110999999999947,-0.9110999999999976,0.2225109235770485,0.26381811916545783,0.0,2.0,0.5,0.01818181818181818,0.09090909090909091,2.0,0.5,0.019047619047619035,-0.024042553191489374
1073,202305040212,16,19,15,132,18,15,24,255,1,1,6,25,1,2,4,30,3,4,10,79,0,0,3,6,0,0,1,4,0,1,4,17,0,0,1,3,0.0,0.0,1.0,2.0,40.5,0.6,0.36363636363636365,0.0,0.0,13.0,14.0,37.0,2.3,0.625,0.0,0.0,14.0,14.0,41.3,3.5,0.06666666666666667,6.0,5.0,-200.0,0.043209876543209874,0.1419753086419753,6,12,208.1,13.0,1167,1263,460,0.0,0.0,5.0,15.0,40.7,4.7,0.5,0.0,0.0,9.0,6.0,34.8,0.4,1.0,0.9,0.2,57.0,-294.0,16.0,11.0,467.0,-0.09090909090909091,0.0,0.0,-0.0625,0.0,0.7700000000000002,0.0,2.4273999999999987,-1.2794999999999987,1.6740999999999957,2.6274000000000015,-3.1167000000000016,0.30704596856755906,2.5287150887357797,1.0,1.0,0.0,0.02857142857142857,0.22857142857142856,1.0,0.0,0.03409825468648997,0.03282493368700265
1074,202305040212,5,4,5,75,0,1,1,4,0,1,1,2,3,3,2,27,0,1,0,3,0,1,0,2,0,1,0,8,0,0,0,2,0,0,0,2,0.0,0.0,100.0,14.0,41.7,2.7,0.8571428571428571,0.0,0.0,160.0,16.0,38.1,2.4,0.4375,0.0,0.0,150.0,15.0,37.7,2.5,0.25,0.5,-20.0,-600.0,0.034482758620689655,0.08045977011494253,1,1,260.1,15.0,1348,1365,1221,0.0,0.0,150.0,13.0,38.1,1.2,0.5,0.0,0.0,90.0,8.0,36.7,1.1,0.125,-1.5,0.0,57.0,-291.0,16.0,14.0,504.0,0.14285714285714285,0.125,0.0,-0.0625,0.0,1.0,0.0,2.3711000000000055,-0.17949999999999733,-0.5794999999999959,0.27890000000000015,-1.216699999999996,0.2501020200001657,1.6989408465276243,1.0,2.0,0.0,0.017857142857142856,0.08928571428571429,2.0,0.0,0.03966632618318011,
1075,202305040212,9,23,14,109,10,7,13,124,0,1,2,0,4,12,9,52,5,3,5,58,0,0,1,0,0,1,2,12,0,0,0,8,0,0,0,0,0.0,0.0,4.0,2.0,38.4,0.2,0.4,0.0,0.0,15.0,16.0,42.7,9.2,1.0,0.0,0.0,15.0,15.0,37.0,2.0,0.9375,6.5,-6.0,170.0,0.0648854961832061,0.25190839694656486,3,6,231.0,14.0,1228,1366,1108,0.0,0.0,14.0,12.0,37.7,1.0,0.6875,0.0,0.0,14.0,16.0,37.5,2.5,0.4375,2.4,0.2,58.0,-374.0,16.0,5.0,512.0,0.0,0.0,0.0,0.125,0.0,0.6799999999999997,0.0,,4.878900000000002,-0.9110999999999976,-0.21109999999999474,-0.7794999999999987,0.24705768557160893,2.0693960471596546,3.0,1.0,0.0,0.028985507246376812,0.11594202898550725,1.0,0.0,-0.05510752688172041,-0.005916305916305931
1076,202305040306,0,0,0,0,0,0,0,1,0,0,0,0,0,0,0,0,0,0,0,0,0,0,0,0,0,0,0,0,0,0,0,0,0,0,0,0,0.0,0.0,,,,,,,,,,,,,,,,,,,,,,-400.0,0.13875598086124402,0.3444976076555024,3,5,2.7,1.0,838,808,664,,,,,,,,,,,,,,,,,56.0,51.0,15.0,14.0,,,,,,,,,,,,,,,,1.0,0.0,,0.07142857142857142,0.14285714285714285,0.0,,,
1077,202305040306,3,0,0,11,0,0,0,0,0,0,0,0,0,0,0,3,0,0,0,0,0,0,0,0,0,0,0,1,0,0,0,0,0,0,0,0,0.0,0.0,5.0,2.0,35.5,0.6,0.4375,0.0,0.0,2.0,4.0,36.5,0.5,0.9375,0.0,0.0,3.0,3.0,36.3,1.2,0.9375,0.5,-2.0,0.0,0.15315315315315314,0.34234234234234234,4,7,15.1,6.0,1152,707,1428,0.0,0.0,6.0,5.0,36.9,0.9,0.5625,0.0,0.0,4.0,11.0,39.4,2.4,0.375,1.9,0.4,56.0,-258.0,15.0,16.0,470.0,0.0,-0.0625,0.0,0.0,0.125,-0.8199999999999996,0.0,-2.1642999999999972,-1.7794999999999987,-1.9795000000000016,-1.3795000000000002,1.488900000000001,0.24238399287081647,1.3212115651930993,-1.0,4.0,0.5,0.05,0.1,0.0,,-0.0014982876712328896,
1078,202305040306,0,0,0,0,2,2,0,18,0,0,0,0,0,0,0,0,1,1,0,8,0,0,0,0,0,0,0,0,1,0,0,0,0,0,0,0,,,,,,,,,,,,,,,,,,,,,,,,,0.0,0.09523809523809523,4,6,7.8,3.0,1282,1221,377,,,,,,,,,,,,,,,,,56.0,,15.0,,,,,,,,,,,,,,,,,,0.0,,0.0,0.0,0.0,,,-0.024042553191489374
1079,202305040306,0,2,0,6,0,0,0,9,0,0,0,0,0,0,0,2,0,0,0,3,0,0,0,0,0,0,0,0,0,0,0,0,0,0,0,0,0.0,0.0,2.0,3.0,34.2,0.7,0.7222222222222222,0.0,0.0,2.0,2.0,34.5,0.3,0.6111111111111112,0.0,0.0,2.0,2.0,35.5,0.3,0.5,-0.5,4.0,-400.0,0.031578947368421054,0.16842105263157894,5,8,24.8,8.0,1098,1306,1294,0.0,0.0,4.0,6.0,34.7,0.7,0.7777777777777778,0.0,0.0,8.0,4.0,36.1,0.3,0.9333333333333333,0.6,0.6,56.0,-327.0,15.0,18.0,492.0,-0.1111111111111111,0.0,0.0625,-0.05555555555555555,-0.06666666666666667,-0.4,0.0,-1.2591999999999999,-0.9592000000000027,0.04079999999999728,-0.37469999999999715,-2.0537999999999954,0.14730500817045822,0.6985699678629188,-1.0,1.0,0.0,0.02127659574468085,0.1702127659574468,0.0,,0.056540649046503855,-0.08709065021357382
1080,202305040306,1,0,0,0,1,1,0,10,1,0,0,0,0,0,0,0,0,0,0,2,0,0,0,0,0,0,0,0,0,0,0,0,0,0,0,0,0.0,0.0,3.0,2.0,38.4,0.2,0.8181818181818182,0.0,0.0,9.0,8.0,36.4,1.1,0.8125,0.0,0.0,11.0,9.0,37.3,1.0,0.8125,3.5,9.0,200.0,0.0,0.125,3,4,58.4,10.0,1600,1235,680,0.0,0.0,9.0,9.0,40.1,2.3,1.0,0.0,0.0,15.0,10.0,40.4,2.1,0.875,1.7,0.2,53.0,-354.0,15.0,11.0,469.0,-0.36363636363636365,0.0,0.0,-0.23076923076923078,-0.25,-0.7700000000000002,0.0,0.5788999999999973,-0.8551000000000002,-0.9795000000000016,0.47409999999999997,0.8532999999999973,0.07213895567319945,1.5509996776273045,-1.0,1.0,0.0,0.05084745762711865,0.2033898305084746,0.0,,0.05844155844155843,-0.02181818181818182
1081,202305040306,0,0,0,0,0,0,0,0,0,0,0,0,0,0,0,0,0,0,0,0,0,0,0,0,0,0,0,0,0,0,0,0,0,0,0,0,,,,,,,,,,,,,,,,,,,,,,,,,0.0449438202247191,0.16853932584269662,2,2,8.0,4.0,1243,1601,1428,,,,,,,,,,,,,,,,,55.0,,15.0,,,,,,,,,,,,,,,,,,0.0,,0.0379746835443038,0.17721518987341772,0.0,,-0.16666666666666666,
1082,202305040306,0,2,0,6,0,0,0,3,0,0,0,0,0,1,0,3,0,0,0,1,0,0,0,0,0,0,0,0,0,0,0,1,0,0,0,0,0.0,0.0,4.0,,,,0.9,0.0,0.0,10.0,9.0,38.3,1.0,0.7333333333333333,0.0,0.0,15.0,7.0,37.1,0.7,0.6,-2.0,-16.0,400.0,0.06666666666666667,0.1,6,10,133.4,15.0,1674,779,1428,,,,,,,,,,,,,,,-2.0,0.0,53.0,-325.0,15.0,10.0,438.0,,0.0,0.0,,,1.1999999999999957,0.0,,0.4788999999999959,-1.0537999999999954,,,0.12272623352430292,0.5999999999999979,-2.0,1.0,0.0,0.05555555555555555,0.1111111111111111,0.0,,-0.06413043478260871,-0.05384615384615385
1083,202305040306,0,0,0,0,1,1,2,11,0,0,0,0,0,0,0,0,0,0,1,4,0,0,0,0,0,0,0,0,0,0,0,1,0,0,0,0,,,,,,,,,,,,,,,,,,,,,,,,,0.2484472049689441,0.4906832298136646,8,14,4.7,2.0,1656,1393,1576,,,,,,,,,,,,,,,,,56.0,,15.0,,,,,,,,,,,,,,,,,,0.0,,0.08791208791208792,0.3076923076923077,0.0,,,-0.10199418363107604
1084,202305040306,1,1,3,10,1,2,1,23,0,0,0,1,0,0,0,3,1,2,0,8,0,0,0,0,0,0,0,0,0,0,0,2,0,0,0,0,,,,,,,,,,,,,,,,,,,,,,,,,0.0,0.0,6,11,8.5,5.0,1317,1428,1186,,,,,,,,,,,,,,,,,54.0,,15.0,,,,,,,,,,,,,,,,,,0.0,,0.0,0.08333333333333333,0.0,,-0.09243697478991597,0.035063785856500246
1085,202305040306,2,1,1,20,1,0,0,6,0,0,0,0,2,1,0,9,0,0,0,1,0,0,0,0,0,0,0,1,0,0,0,0,0,0,0,0,,,,,,,,,,,,,,,,,,,,,,,,,0.0,0.0,5,9,23.5,7.0,1172,1417,1556,,,,,,,,,,,,,,,,,55.0,,15.0,,,,,,,,,,,,,,,,,,0.0,,0.06666666666666667,0.26666666666666666,0.0,,0.01460869565217393,0.00985663082437277
1086,202305040306,0,0,0,0,0,0,0,3,0,0,0,0,0,0,0,0,0,0,0,1,0,0,0,0,0,0,0,0,0,0,0,0,0,0,0,0,0.0,0.0,10.0,6.0,40.3,1.4,0.5,0.0,0.0,18.0,18.0,37.4,4.0,0.7777777777777778,0.0,0.0,8.0,6.0,36.6,2.1,0.3,0.0,5.0,-100.0,0.0,0.03571428571428571,7,13,104.6,13.0,1537,1026,488,0.0,0.0,9.0,9.0,34.5,1.8,0.8,0.0,0.0,14.0,14.0,41.8,4.7,0.8,0.7,0.0,56.0,-288.0,15.0,12.0,481.0,0.0,0.2222222222222222,0.0,0.2,0.13333333333333333,-0.010000000000000142,0.0,,1.483399999999996,0.6833999999999989,-0.9592000000000027,2.7612999999999985,0.20262475200097543,2.616409753842084,1.0,0.0,,0.08333333333333333,0.08333333333333333,0.0,,,
1087,202305040306,2,1,1,20,1,0,1,3,0,0,0,0,2,1,0,9,0,0,0,2,0,0,0,0,0,0,0,1,0,0,0,0,0,0,0,0,,,,,,,,,,,,,,,,,,,,,,,,,0.059574468085106386,0.18723404255319148,7,12,62.7,11.0,1172,460,1556,,,,,,,,,,,,,,,,,56.0,,15.0,,,,,,,,,,,,,,,,,,0.0,,0.03636363636363636,0.18181818181818182,0.0,,0.01460869565217393,-0.011695906432748537
1088,202305040306,0,0,0,0,0,1,1,3,0,0,0,0,0,0,0,0,0,0,0,1,0,0,0,0,0,0,0,0,0,0,0,0,0,0,0,0,0.0,0.0,7.0,8.0,41.8,4.0,0.3333333333333333,0.0,0.0,6.0,16.0,40.1,2.4,0.0625,0.0,0.0,11.0,11.0,45.3,6.2,0.08333333333333333,1.5,4.0,200.0,0.06439393939393939,0.25,2,3,47.2,9.0,431,1708,432,0.0,0.0,8.0,5.0,37.8,1.4,0.625,0.0,0.0,9.0,13.0,40.2,2.8,0.4,-0.1,0.0,56.0,-287.0,15.0,9.0,542.0,0.1111111111111111,0.0625,0.4166666666666667,-0.0625,0.0,0.5499999999999993,0.0,3.8888999999999996,2.188900000000004,5.9073999999999955,-0.11110000000000042,2.046200000000006,0.2098014934805438,2.482418175892208,0.0,1.0,0.0,0.0,0.0,0.0,,,-0.014814814814814836
1089,202305040306,0,0,0,0,1,0,0,2,0,0,0,0,0,0,0,0,0,0,0,1,0,0,0,0,0,0,0,0,0,0,0,1,0,0,0,0,0.0,0.0,8.0,1.0,36.7,0.0,0.1111111111111111,0.0,0.0,14.0,14.0,39.4,3.2,0.6,,,,,,,,13.0,-32.0,600.0,0.02564102564102564,0.07692307692307693,1,1,124.4,14.0,1381,1328,548,,,,,,,,,,,,,,,13.0,0.5,55.0,-285.0,15.0,9.0,444.0,0.1111111111111111,0.13333333333333333,,,,-2.6999999999999957,0.0,,1.2462000000000018,,,,0.24444444444444444,1.3499999999999979,1.0,1.0,0.0,0.02857142857142857,0.14285714285714285,0.0,,,
1090,202305040306,0,0,1,12,2,2,0,18,0,0,0,3,0,0,0,5,1,1,0,8,0,0,0,0,0,0,0,1,1,0,0,0,0,0,0,0,0.0,0.0,6.0,2.0,38.3,0.1,0.09090909090909091,0.0,0.0,16.0,16.0,41.0,4.9,0.5625,0.0,0.0,14.0,16.0,40.1,3.1,0.75,7.0,14.0,200.0,0.041666666666666664,0.125,8,15,72.7,12.0,1557,1221,1559,0.0,0.0,12.0,15.0,40.9,3.2,0.2,,,,,,,,3.9,0.25,54.0,-274.0,15.0,11.0,426.0,0.0,0.125,0.0,0.0,,-0.6900000000000006,0.0,0.4788999999999959,3.1788999999999987,2.188900000000004,2.7462000000000018,,0.26666483392427187,1.0825317547305493,0.0,1.0,0.0,0.036585365853658534,0.14634146341463414,0.0,,0.005824790307548927,-0.024042553191489374
1091,202305040406,16,16,15,141,19,18,17,223,0,1,0,6,9,9,7,56,10,4,3,73,0,0,0,3,3,4,4,17,2,0,2,15,0,0,0,0,0.0,0.0,50.0,2.0,36.5,0.2,0.8125,0.0,0.0,90.0,2.0,36.3,0.0,0.8,0.0,0.0,100.0,16.0,37.0,1.7,0.75,7.0,-2.0,200.0,0.07650273224043716,0.22950819672131148,4,7,4.3,2.0,1278,1558,625,0.0,0.0,120.0,7.0,37.2,1.4,0.4375,0.0,0.0,90.0,10.0,37.3,1.0,0.5625,2.1,0.4,54.0,20.0,16.0,16.0,422.0,0.0,0.0,0.1875,0.0625,0.125,-0.25,0.0,-1.3682999999999979,-1.6111000000000004,-0.41610000000000014,-0.933799999999998,-0.5683000000000007,0.1477751670613165,0.3929376540877707,0.0,1.0,0.0,0.02702702702702703,0.17567567567567569,0.0,,0.010563380281690127,0.0611517126001585
1092,202305040406,0,0,0,8,4,1,0,27,0,0,0,0,0,0,0,3,1,0,0,9,0,0,0,0,0,0,0,1,0,0,0,2,0,0,0,0,0.0,0.0,20.0,3.0,34.7,0.2,0.6153846153846154,0.0,0.0,60.0,2.0,34.0,0.2,0.3125,0.0,0.0,110.0,5.0,36.3,0.5,0.875,1.0,0.0,200.0,0.1032258064516129,0.2967741935483871,4,8,2.6,1.0,1282,1186,377,0.0,0.0,30.0,1.0,37.9,0.0,0.125,,,,,,,,-0.3,0.75,56.0,98.0,16.0,13.0,502.0,-0.23076923076923078,0.0,-0.0625,0.0,,-1.1899999999999984,0.0,-0.45309999999999917,-1.106499999999997,-1.5683000000000007,0.48229999999999507,,0.2865395706935167,1.5072740294982847,1.0,0.0,,0.08333333333333333,0.25,0.0,,,-0.04086538461538461
1093,202305040406,2,1,2,23,4,7,7,131,0,0,0,0,0,0,1,11,1,3,1,42,0,0,0,0,0,0,0,4,0,1,0,8,0,0,0,0,0.0,0.0,30.0,6.0,37.2,0.6,0.375,0.0,0.0,40.0,6.0,35.3,0.8,0.875,0.0,0.0,20.0,2.0,36.8,0.1,0.3125,-2.0,-2.0,200.0,0.24691358024691357,0.4876543209876543,3,6,13.2,5.0,1064,1559,1556,0.0,0.0,60.0,5.0,38.1,1.4,0.0625,0.0,0.0,20.0,5.0,39.4,0.8,0.0625,-0.3,0.2,56.0,34.0,16.0,16.0,502.0,-0.0625,-0.0625,-0.0625,0.0,0.0,-0.7199999999999995,0.0,-0.668299999999995,-0.5162000000000049,-0.616100000000003,-0.033799999999999386,1.3273999999999972,0.29738443133425796,1.3632314550361586,0.0,1.0,0.0,0.05555555555555555,0.16666666666666666,0.0,,0.07142857142857142,0.07049897869857018
1094,202305040406,9,6,8,51,14,9,8,141,1,1,1,4,2,3,3,20,2,1,3,49,0,0,0,1,1,0,0,5,0,0,0,15,0,0,0,0,0.0,0.0,70.0,4.0,36.5,0.3,0.6875,0.0,0.0,90.0,7.0,37.3,1.6,0.5333333333333333,0.0,0.0,,,,,,3.0,14.0,200.0,0.0,0.058823529411764705,8,16,10.1,4.0,1677,1618,1167,0.0,0.0,120.0,13.0,35.7,1.5,0.8235294117647058,0.0,0.0,140.0,7.0,34.4,1.2,0.8666666666666667,1.5,0.0,53.0,13.0,16.0,16.0,444.0,-0.125,-0.06666666666666667,,0.058823529411764705,0.0,0.7899999999999998,0.0,-1.4110999999999976,-0.6111000000000004,,-0.21659999999999968,-0.6747000000000014,0.13027800903959738,1.0709224995301942,0.0,0.0,,0.05405405405405406,0.13513513513513514,0.0,,-0.10492845786963434,0.06466540104413859
1095,202305040406,11,4,13,73,0,0,1,14,0,0,0,2,5,3,2,25,0,0,0,1,0,0,0,0,2,0,0,11,0,0,0,0,0,0,0,0,0.0,0.0,1.0,8.0,40.2,2.2,0.4,0.0,0.0,5.0,6.0,36.6,0.7,0.5384615384615384,0.0,0.0,2.0,1.0,36.6,0.0,0.375,-3.5,2.0,0.0,0.06918238993710692,0.22641509433962265,1,2,6.2,3.0,1095,1316,1221,0.0,0.0,3.0,5.0,36.3,0.9,0.6875,0.0,0.0,1.0,1.0,35.2,0.0,0.4,-1.4999999999999998,0.4,56.0,-289.0,16.0,10.0,520.0,0.0,-0.23076923076923078,-0.0625,0.125,0.0,1.0300000000000005,0.0,1.920500000000004,-1.3166999999999973,-1.5537999999999954,-1.9795000000000016,-2.4642999999999944,0.11857387281188662,1.6904437287292358,1.0,4.0,0.5,0.057692307692307696,0.15384615384615385,2.0,0.0,-0.06510651065106512,0.03333333333333334
1096,202305040406,2,1,2,23,0,1,0,13,0,0,0,0,0,0,1,11,0,1,0,4,0,0,0,0,0,0,0,4,0,0,0,0,0,0,0,0,0.0,0.0,110.0,14.0,35.2,1.8,0.4375,0.0,0.0,140.0,12.0,34.8,1.1,0.16666666666666666,0.0,0.0,70.0,7.0,34.0,0.4,0.5,-3.5,-2.0,-200.0,0.15246636771300448,0.3452914798206278,3,5,20.0,9.0,1064,1103,1556,0.0,0.0,30.0,13.0,40.0,3.6,1.0,0.0,0.0,10.0,8.0,37.5,0.4,0.5,-1.1,0.0,58.0,13.0,16.0,16.0,530.0,-0.0625,0.0,-0.07142857142857142,0.0,-0.0625,-0.9799999999999998,0.0,-0.4498999999999995,-0.27470000000000283,-1.0747,0.37409999999999854,-0.7794999999999987,0.2693871645874102,2.185406140743638,0.0,1.0,0.0,0.12,0.48,1.0,0.0,0.07142857142857142,0.17857142857142858
1097,202305040406,6,6,4,130,0,4,1,24,0,0,0,0,1,1,0,30,0,2,1,8,0,0,0,0,0,1,0,9,0,0,0,2,0,0,0,0,0.0,0.0,30.0,5.0,36.9,1.5,0.1875,0.0,0.0,10.0,6.0,36.9,1.4,0.375,0.0,0.0,40.0,2.0,36.6,0.1,0.3125,-1.5,2.0,0.0,0.042682926829268296,0.1402439024390244,5,10,31.1,10.0,1009,1561,298,0.0,0.0,20.0,5.0,37.3,0.8,0.5,0.0,0.0,10.0,6.0,36.8,0.5,0.6,0.1,0.2,55.0,147.0,16.0,16.0,470.0,0.0,0.0,0.0,-0.25,0.06666666666666667,-0.019999999999999574,0.0,-1.2338000000000022,-1.3795000000000002,-1.2984000000000009,-0.6111000000000004,-1.023300000000006,0.14374456511465047,0.22803508501982647,-1.0,3.0,0.3333333333333333,0.06329113924050633,0.189873417721519,1.0,0.0,0.11976875706924722,0.038112522686025385
1098,202305040406,17,18,10,162,0,3,0,4,0,3,0,2,10,9,5,93,0,2,0,3,0,2,0,2,1,6,1,27,0,2,0,2,0,2,0,2,0.0,0.0,6.0,5.0,38.9,0.6,0.9166666666666666,0.0,0.0,8.0,10.0,37.7,0.9,0.625,0.0,0.0,13.0,8.0,37.1,1.4,0.6875,1.5,1.0,0.0,0.0,0.13636363636363635,1,1,99.2,13.0,1172,753,1556,0.0,0.0,11.0,14.0,38.1,2.3,1.0,0.0,0.0,6.0,13.0,38.2,2.0,0.4375,2.0,0.0,58.0,-269.0,16.0,12.0,459.0,-0.5,-0.125,-0.0625,-0.0625,0.0,0.09999999999999928,0.0,0.7462000000000018,-0.21109999999999474,-1.1794999999999973,0.02740000000000009,0.7822999999999993,0.20301546191799721,0.5932958789676521,2.0,2.0,0.0,0.09090909090909091,0.12727272727272726,1.0,0.0,0.01460869565217393,
1099,202305040406,3,5,4,33,2,1,1,26,0,0,0,0,1,3,2,9,0,0,0,7,0,0,0,0,1,0,0,3,0,0,0,0,0,0,0,0,0.0,0.0,12.0,10.0,39.1,1.6,0.125,0.0,0.0,12.0,13.0,34.6,0.8,0.8125,0.0,0.0,15.0,16.0,38.3,2.4,0.1875,3.0,14.0,200.0,0.14285714285714285,0.3476190476190476,5,9,13.7,6.0,1657,1331,1317,0.0,0.0,10.0,9.0,37.9,1.2,0.0625,0.0,0.0,6.0,14.0,36.4,1.6,0.23529411764705882,0.4,0.0,54.0,-329.0,16.0,16.0,474.0,0.0,0.0625,0.0,0.0,0.0,0.21000000000000085,0.0,1.1889000000000038,-0.5531000000000006,3.1935000000000002,-0.011099999999999,1.0345999999999975,0.27031035923807784,1.5932357013323544,-2.0,0.0,,0.08695652173913043,0.2608695652173913,0.0,,-0.0393939393939394,0.04057971014492753
1100,202305040406,0,0,0,5,15,21,12,151,0,0,0,1,0,0,0,0,4,6,4,62,0,0,0,0,0,0,0,0,1,1,1,10,0,0,0,0,0.0,0.0,10.0,9.0,40.2,1.3,0.6666666666666666,0.0,0.0,15.0,11.0,37.4,1.7,0.875,0.0,0.0,16.0,12.0,36.5,1.4,1.0,1.5,5.0,-300.0,0.0,0.025,8,15,439.9,15.0,1537,1482,488,0.0,0.0,16.0,11.0,36.8,1.9,0.9375,0.0,0.0,15.0,10.0,36.8,1.5,0.875,0.2,0.0,56.0,-365.0,16.0,12.0,467.0,0.16666666666666666,0.0625,0.0,0.0,0.0,0.7400000000000013,0.0,0.8074000000000012,-0.6726000000000028,-1.3211000000000013,-1.4795000000000016,-1.4795000000000016,0.11211353372561426,1.361763562443938,0.0,2.0,0.0,0.08,0.08,2.0,0.0,,-0.05872427832593624
1101,202305040406,0,0,0,1,1,0,0,1,0,0,0,0,0,0,0,0,0,0,0,1,0,0,0,0,0,0,0,0,0,0,0,0,0,0,0,0,0.0,0.0,1.0,4.0,39.5,0.8,0.5555555555555556,0.0,0.0,16.0,15.0,38.4,3.0,0.875,0.0,0.0,14.0,10.0,39.3,2.2,0.5714285714285714,3.0,3.0,0.0,0.047619047619047616,0.17142857142857143,6,12,83.0,11.0,1085,1033,334,0.0,0.0,15.0,12.0,36.5,1.6,0.6875,0.0,0.0,14.0,9.0,36.5,1.4,0.875,0.7,0.0,58.0,-373.0,16.0,9.0,525.0,-0.2222222222222222,0.125,0.21428571428571427,0.0625,0.0,0.7899999999999998,0.0,1.8357000000000028,-0.4128000000000043,-0.3259000000000043,-1.6537999999999968,-1.7794999999999987,0.13997815490224264,1.3108775686539145,2.0,3.0,0.0,0.06779661016949153,0.22033898305084745,1.0,0.0,,
1102,202305040406,9,6,8,51,2,2,5,78,0,0,0,1,2,3,3,20,1,0,1,30,0,0,0,0,1,0,0,5,1,0,0,2,0,0,0,0,0.0,0.0,12.0,10.0,37.2,2.4,0.9230769230769231,0.0,0.0,14.0,12.0,36.2,1.5,1.0,0.0,0.0,12.0,,,,,2.0,-4.0,0.0,0.03125,0.16666666666666666,7,14,303.3,14.0,1677,1036,1167,0.0,0.0,10.0,9.0,36.9,1.2,0.6875,0.0,0.0,10.0,6.0,35.8,1.6,0.625,-1.5,0.0,56.0,-8.0,16.0,13.0,450.0,-0.07692307692307693,0.0,,-0.125,0.0,0.35000000000000214,0.0,-1.079499999999996,-2.079499999999996,,-1.3795000000000002,-1.6341000000000037,0.15661477391211973,0.5539629951540096,0.0,3.0,0.0,0.05263157894736842,0.13157894736842105,3.0,0.0,-0.10492845786963434,-0.0649867374005305
1103,202305040406,6,7,7,42,4,7,7,131,0,1,0,3,3,5,4,18,1,3,1,42,0,0,0,0,1,1,1,6,0,1,0,8,0,0,0,0,0.0,0.0,13.0,9.0,38.8,1.8,0.5333333333333333,0.0,0.0,10.0,11.0,37.9,1.9,0.8571428571428571,0.0,0.0,5.0,8.0,37.9,1.6,0.7692307692307693,-0.5,-16.0,-400.0,0.10476190476190476,0.26666666666666666,2,3,14.9,7.0,1148,1559,1393,0.0,0.0,5.0,3.0,38.7,1.0,0.8888888888888888,0.0,0.0,6.0,10.0,38.7,3.5,0.875,-0.6,0.2,56.0,-336.0,16.0,15.0,478.0,0.3333333333333333,-0.07142857142857142,0.0,-0.3333333333333333,-0.3125,-0.060000000000001566,0.0,-0.8259000000000043,-0.6775999999999982,-0.17260000000000275,-0.6925999999999988,-0.6925999999999988,0.13242498139945785,0.40987803063838485,0.0,0.0,,0.03571428571428571,0.14285714285714285,0.0,,-0.08345021037868161,0.07049897869857018
1104,202305040406,12,9,11,80,3,10,5,95,0,1,0,2,3,2,2,27,2,5,4,40,0,0,0,1,1,2,1,9,0,2,0,13,0,0,0,1,0.0,0.0,2.0,1.0,40.6,0.0,0.16666666666666666,0.0,0.0,13.0,14.0,38.0,2.5,0.75,0.0,0.0,14.0,12.0,36.4,1.4,1.0,5.5,1.0,-200.0,0.03076923076923077,0.06153846153846154,7,13,88.1,12.0,1586,1376,1167,0.0,0.0,13.0,10.0,35.8,0.8,0.8,0.0,0.0,9.0,12.0,39.8,3.8,0.25,1.8,0.2,58.0,-366.0,16.0,6.0,505.0,0.0,0.0,0.0,0.13333333333333333,0.0,0.3800000000000011,0.0,2.6833000000000027,-0.15379999999999683,-1.511099999999999,0.6468999999999951,1.7273999999999958,0.32636040064798166,1.8616122045152164,5.0,1.0,0.0,0.0,0.08108108108108109,0.0,,-0.06653620352250489,0.07508296460176991
1105,202305040406,0,2,1,16,1,3,2,40,0,0,0,2,0,0,1,4,1,0,0,14,0,0,0,0,0,0,0,0,0,0,0,5,0,0,0,0,0.0,0.0,8.0,10.0,37.7,1.8,0.46153846153846156,0.0,0.0,11.0,10.0,37.6,1.3,0.375,0.0,0.0,13.0,11.0,38.6,1.1,0.4,0.5,-10.0,200.0,0.046511627906976744,0.11627906976744186,6,11,19.2,8.0,1534,1511,1235,0.0,0.0,11.0,12.0,38.2,2.3,0.4375,0.0,0.0,12.0,6.0,37.1,1.1,0.3333333333333333,-0.6,0.0,56.0,-379.0,16.0,13.0,508.0,-0.07692307692307693,-0.0625,0.0,0.1875,0.0,0.060000000000000143,0.0,-0.21109999999999474,-0.31109999999999616,0.7789000000000001,0.3766999999999996,-0.8110999999999962,0.04528091876505775,0.5161395160225577,0.0,0.0,,0.04411764705882353,0.1323529411764706,0.0,,-0.15789473684210525,0.10766045548654243
1106,202305040406,6,2,13,58,16,16,19,162,1,1,0,7,1,1,3,17,4,4,5,55,0,0,0,0,0,0,0,8,0,1,1,20,0,0,0,0,0.0,0.0,150.0,15.0,38.3,2.8,0.8666666666666667,0.0,0.0,160.0,15.0,38.3,2.9,0.8125,0.0,0.0,150.0,14.0,39.4,2.4,0.2,-0.5,0.0,0.0,0.0,0.0,2,4,562.9,16.0,1426,1345,306,0.0,0.0,160.0,15.0,38.2,3.3,1.0,0.0,0.0,150.0,16.0,39.1,4.4,1.0,0.2,0.0,53.0,6.0,16.0,15.0,450.0,0.0,0.0625,0.0,0.0,0.0,-0.1500000000000014,0.0,0.02049999999999841,0.3888999999999996,1.488900000000001,-0.07949999999999591,1.1889000000000038,0.29721391473332986,0.49234134500364696,-3.0,2.0,0.0,0.014492753623188406,0.057971014492753624,2.0,0.0,0.050843881856540096,-0.02467151904716891
1107,202305040501,0,0,0,0,0,0,1,1,0,0,0,0,0,0,0,0,0,0,0,0,0,0,0,0,0,0,0,0,0,0,0,0,0,0,0,0,0.0,0.0,100.0,6.0,35.7,1.1,0.6,0.0,0.0,130.0,9.0,35.2,0.7,1.0,,,,,,,,3.0,0.0,200.0,0.02040816326530612,0.12244897959183673,4,5,7.3,4.0,1381,1339,548,,,,,,,,,,,,,,,3.0,0.0,56.0,85.0,13.0,15.0,452.0,-0.13333333333333333,0.0,,,,0.5,0.0,0.5469000000000008,-0.6161999999999992,,,,0.2,0.25,1.0,0.0,,0.0851063829787234,0.1702127659574468,0.0,,,0.09210526315789475
1108,202305040501,0,0,0,4,0,0,0,0,0,0,0,0,0,0,0,1,0,0,0,0,0,0,0,0,0,0,0,1,0,0,0,0,0,0,0,0,0.0,0.0,2.0,2.0,37.6,0.4,0.23076923076923078,0.0,0.0,2.0,5.0,40.5,1.6,0.14285714285714285,,,,,,,,3.0,0.0,0.0,0.06832298136645963,0.2236024844720497,5,7,3.7,2.0,1426,1520,306,,,,,,,,,,,,,,,3.0,0.5,55.0,0.0,13.0,13.0,468.0,0.0,0.07142857142857142,,,,-2.8999999999999986,0.0,-0.5537999999999954,0.8740999999999985,,,,0.043956043956043966,1.4499999999999993,0.0,1.0,1.0,,,0.0,,0.050843881856540096,-0.06363636363636366
1109,202305040501,0,1,0,8,2,4,3,19,0,0,0,0,0,1,0,3,0,1,0,5,0,0,0,0,0,1,0,2,0,1,0,3,0,0,0,0,0.0,0.0,3.0,7.0,39.8,1.9,0.5,0.0,0.0,8.0,11.0,40.8,3.0,0.35714285714285715,0.0,0.0,4.0,9.0,40.4,3.9,0.7272727272727273,1.0,4.0,-100.0,0.04716981132075472,0.17452830188679244,8,12,55.9,10.0,1148,1294,1393,0.0,0.0,7.0,9.0,39.5,0.9,0.25,0.0,0.0,8.0,4.0,37.0,0.8,0.1875,-0.8,0.0,56.0,-372.0,13.0,12.0,474.0,-0.16666666666666666,0.35714285714285715,0.09090909090909091,0.0,0.0,0.6899999999999992,0.0,,1.590599999999995,1.1905999999999963,0.10739999999999839,-1.5775999999999968,0.1931343388123154,1.329661611087572,0.0,0.0,,0.0661764705882353,0.3014705882352941,0.0,,-0.08345021037868161,0.05268199233716475
1110,202305040501,3,2,2,19,0,0,1,1,0,0,0,0,3,1,1,8,0,0,0,1,0,0,0,0,1,0,0,6,0,0,0,0,0,0,0,0,0.0,0.0,10.0,9.0,39.3,3.8,0.6428571428571429,,,,,,,,,,,,,,,,,200.0,0.05907172995780591,0.18565400843881857,8,13,4.0,3.0,1278,770,625,,,,,,,,,,,,,,,,0.0,55.0,49.0,13.0,14.0,482.0,0.0,,,,,,,1.3888999999999996,,,,,,,0.0,0.0,,0.0851063829787234,0.19148936170212766,0.0,,0.010563380281690127,-0.0016447368421052544
1111,202305040501,0,2,0,7,1,2,0,24,0,0,0,0,0,0,0,2,0,1,0,7,0,0,0,0,0,0,0,1,0,0,0,4,0,0,0,0,0.0,0.0,2.0,2.0,40.2,0.0,0.5,0.0,0.0,12.0,14.0,42.0,3.2,0.5,0.0,0.0,12.0,6.0,39.2,2.1,0.625,2.0,3.0,0.0,0.04597701149425287,0.11494252873563218,1,1,26.4,7.0,1509,1183,1110,0.0,0.0,11.0,9.0,38.2,2.1,0.625,0.0,0.0,6.0,5.0,38.0,1.3,0.38461538461538464,0.1,0.2,56.0,-248.0,13.0,12.0,485.0,-0.25,0.125,-0.0625,0.0,0.07692307692307693,0.8200000000000003,0.0,2.5357000000000056,2.4532999999999987,1.1274000000000015,0.046200000000006014,-0.27949999999999875,0.09048684889245069,1.4675149062275308,1.0,3.0,0.3333333333333333,0.047058823529411764,0.2235294117647059,0.0,,0.227345629510826,-0.0538498326159732
1112,202305040501,1,0,0,3,4,1,3,31,0,0,0,0,1,0,0,2,1,1,1,6,0,0,0,0,0,0,0,0,1,0,1,3,0,0,0,0,0.0,0.0,80.0,5.0,36.3,1.1,0.5625,,,,,,,,,,,,,,,,,200.0,0.06390977443609022,0.24812030075187969,2,2,3.5,1.0,1020,1013,1576,,,,,,,,,,,,,,,,0.0,55.0,21.0,13.0,16.0,448.0,0.0,,,,,,,-1.1177000000000064,,,,,,,0.0,0.0,,0.05128205128205128,0.1282051282051282,0.0,,0.16294117647058826,-0.045033397974574424
1113,202305040501,1,0,0,4,0,0,0,1,0,0,0,0,0,0,0,0,0,0,0,0,0,0,0,0,0,0,0,0,0,0,0,0,0,0,0,0,0.0,0.0,110.0,15.0,42.3,5.0,0.5,0.0,0.0,80.0,12.0,42.0,4.1,0.8571428571428571,0.0,0.0,70.0,8.0,37.6,1.3,0.2222222222222222,-3.5,-4.0,-200.0,0.033707865168539325,0.07865168539325842,7,11,138.1,11.0,1434,1654,969,0.0,0.0,70.0,12.0,38.6,3.6,0.75,,,,,,,,-1.3,0.0,55.0,8.0,13.0,16.0,472.0,0.0,0.0,0.4444444444444444,0.125,,1.5499999999999985,0.0,4.227399999999996,2.7235999999999976,2.1407999999999987,0.32050000000000267,,0.24499549759078865,2.0583670712484676,-1.0,1.0,0.0,0.04477611940298507,0.13432835820895522,0.0,,-0.02167182662538697,0.12499999999999997
1114,202305040501,0,0,0,0,0,0,0,4,0,0,0,0,0,0,0,0,0,0,0,0,0,0,0,0,0,0,0,0,0,0,0,0,0,0,0,0,0.0,0.0,2.0,7.0,40.6,1.3,0.4166666666666667,0.0,0.0,16.0,16.0,40.5,6.4,0.5,0.0,0.0,10.0,12.0,40.6,3.2,0.7333333333333333,2.5,18.0,-100.0,0.04216867469879518,0.13855421686746988,7,10,189.8,12.0,1537,1317,488,0.0,0.0,14.0,8.0,39.0,2.7,0.5,0.0,0.0,12.0,13.0,38.3,2.4,0.8571428571428571,0.4,0.0,54.0,-367.0,13.0,12.0,460.0,-0.08333333333333333,0.5,0.2,0.125,0.0,0.6100000000000009,0.0,,4.5833999999999975,1.2073999999999998,1.0889000000000024,0.02049999999999841,0.16583192321555462,0.9654014708917749,0.0,1.0,0.0,0.017543859649122806,0.08771929824561403,0.0,,,
1115,202305040501,0,1,1,2,0,0,0,0,0,0,0,0,0,0,1,0,0,0,0,0,0,0,0,0,0,0,1,0,0,0,0,0,0,0,0,0,0.0,0.0,110.0,4.0,37.2,1.8,0.6428571428571429,0.0,0.0,140.0,14.0,39.6,4.0,0.875,,,,,,,,10.0,0.0,200.0,0.025477707006369428,0.07643312101910828,3,3,13.0,5.0,1446,1487,75,,,,,,,,,,,,,,,10.0,0.0,56.0,22.0,13.0,14.0,490.0,-0.07142857142857142,-0.125,,,,-2.3999999999999986,0.0,-0.2160999999999973,1.3205000000000027,,,,0.11607142857142855,1.1999999999999993,1.0,1.0,0.0,0.015384615384615385,0.07692307692307693,0.0,,-0.02024291497975711,
1116,202305040501,1,0,0,4,0,0,1,5,0,0,0,0,0,0,0,1,0,0,0,1,0,0,0,0,0,0,0,1,0,0,0,0,0,0,0,0,0.0,0.0,1.0,,,,0.8888888888888888,0.0,0.0,2.0,4.0,34.2,0.2,0.7857142857142857,0.0,0.0,5.0,4.0,33.7,0.7,0.3333333333333333,0.0,0.0,200.0,0.15555555555555556,0.3466666666666667,6,8,38.5,9.0,1455,1721,1428,0.0,0.0,11.0,2.0,34.8,0.5,0.6875,0.0,0.0,2.0,1.0,35.3,0.0,0.2777777777777778,-1.1,0.5,56.0,-252.0,13.0,9.0,472.0,0.1111111111111111,0.07142857142857142,0.13333333333333333,0.0,-0.05555555555555555,-0.4399999999999977,0.0,,-0.9530999999999992,-1.406499999999994,-0.35310000000000485,-0.0654000000000039,0.24511124525358,0.604152298679726,5.0,0.0,,0.11214953271028037,0.2616822429906542,0.0,,0.0625,0.02314814814814814
1117,202305040501,0,0,0,0,0,0,0,3,0,0,0,0,0,0,0,0,0,0,0,1,0,0,0,0,0,0,0,0,0,0,0,1,0,0,0,0,0.0,0.0,150.0,13.0,35.8,2.1,0.75,0.0,0.0,140.0,9.0,42.0,3.1,0.5625,0.0,0.0,90.0,10.0,38.8,2.7,0.75,-1.5,2.0,200.0,0.10377358490566038,0.2641509433962264,6,9,17.0,6.0,1146,1665,512,0.0,0.0,,,,,,0.0,0.0,60.0,11.0,38.3,2.6,0.8461538461538461,-0.5,0.0,56.0,-174.0,13.0,16.0,480.0,-0.0625,0.125,0.0,,0.0,-0.4299999999999997,0.0,0.6468999999999951,2.4532999999999987,0.8888999999999996,,0.14620000000000033,0.10285400110661252,2.2060994991160316,2.0,1.0,0.0,0.13157894736842105,0.23684210526315788,0.0,,,-0.32142857142857145
1118,202305040501,1,0,1,6,0,0,0,0,0,0,0,0,0,0,0,3,0,0,0,0,0,0,0,0,0,0,0,2,0,0,0,0,0,0,0,0,0.0,0.0,150.0,15.0,44.3,5.9,0.6875,0.0,0.0,,,,,,0.0,0.0,80.0,12.0,39.4,4.1,1.0,-3.0,,-400.0,0.030612244897959183,0.17346938775510204,5,6,38.2,8.0,1657,623,1317,0.0,0.0,90.0,13.0,42.2,3.7,0.2857142857142857,0.0,0.0,50.0,5.0,39.4,2.7,0.2857142857142857,-2.9,0.0,56.0,-91.0,13.0,16.0,508.0,0.3125,,-0.07692307692307693,0.2857142857142857,0.42857142857142855,1.189999999999999,0.0,4.753299999999996,,1.2462000000000018,2.8074000000000012,2.5497000000000014,0.3000966441908204,2.063219571446529,0.0,1.0,0.0,0.023255813953488372,0.09302325581395349,0.0,,-0.0393939393939394,
1119,202305040501,0,0,0,0,1,0,0,5,0,0,0,0,0,0,0,0,0,0,0,2,0,0,0,0,0,0,0,0,0,0,0,2,0,0,0,0,0.0,0.0,70.0,120.0,44.2,5.7,0.6666666666666666,0.0,0.0,130.0,130.0,40.7,4.3,0.38461538461538464,0.0,0.0,100.0,100.0,38.3,2.4,0.42857142857142855,-10.0,2.0,0.0,0.0,0.0,4,4,245.1,13.0,1656,1541,1576,0.0,0.0,40.0,100.0,38.0,1.6,0.7333333333333333,,,,,,,,-9.0,0.0,52.0,-276.0,13.0,12.0,470.0,0.16666666666666666,0.15384615384615385,0.0,-0.06666666666666667,,2.1000000000000014,0.0,6.535700000000006,2.546200000000006,0.4788999999999959,0.5822999999999965,,0.14939521258796837,2.4829418035870288,-2.0,2.0,0.0,0.0425531914893617,0.2978723404255319,0.0,,,0.0367965367965368
1120,202305040510,3,0,0,8,0,1,2,21,0,0,0,0,0,0,0,2,0,1,0,7,0,0,0,0,0,0,0,0,0,0,0,0,0,0,0,0,0.0,0.0,90.0,5.0,37.0,1.2,0.5333333333333333,0.0,0.0,12.0,8.0,36.8,1.6,0.9375,0.0,0.0,5.0,8.0,36.1,1.5,0.6,1.5,6.0,0.0,0.15178571428571427,0.34375,7,11,7.8,4.0,1605,1618,1,0.0,0.0,8.0,7.0,35.7,0.9,1.0,0.0,0.0,4.0,9.0,35.8,0.6,0.4666666666666667,0.7,0.0,56.0,-427.0,14.0,15.0,506.0,0.0,-0.0625,0.1,0.0,-0.06666666666666667,0.35,0.0,-1.2794999999999987,-0.4551000000000016,-2.1794999999999973,-2.453799999999994,-1.4551000000000016,0.21833333333333332,0.5268775948927789,0.0,3.0,0.0,0.27586206896551724,0.5172413793103449,0.0,,0.056687605331699115,0.06466540104413859
1121,202305040510,1,3,1,7,0,0,1,1,0,0,0,0,1,1,0,2,0,0,1,1,0,0,0,0,0,0,0,0,0,0,1,0,0,0,0,0,0.0,0.0,12.0,15.0,37.9,1.7,0.5,0.0,0.0,5.0,10.0,36.8,1.0,0.4,0.0,0.0,7.0,2.0,35.8,0.5,0.21428571428571427,-6.5,10.0,0.0,0.030927835051546393,0.16494845360824742,4,6,10.5,7.0,1304,1592,1503,0.0,0.0,5.0,14.0,42.5,4.3,0.2,0.0,0.0,3.0,15.0,42.0,4.6,0.13333333333333333,0.4,0.2,58.0,-104.0,14.0,16.0,562.0,0.0,-0.06666666666666667,0.0,-0.06666666666666667,0.0,-1.3900000000000006,0.0,-0.37950000000000017,-1.4795000000000016,-2.3537999999999997,3.1073999999999984,3.7205000000000013,0.1375325152237251,2.7400729917285065,2.0,4.0,0.25,0.125,0.3020833333333333,0.0,,0.005261979399910438,0.27350427350427353
1122,202305040510,0,0,0,0,0,0,1,0,0,0,0,0,0,0,0,0,0,0,0,0,0,0,0,0,0,0,0,0,0,0,0,0,0,0,0,0,0.0,0.0,14.0,9.0,36.8,0.6,0.5,0.0,0.0,7.0,11.0,36.4,1.1,0.8,0.0,0.0,11.0,3.0,35.2,0.6,0.6428571428571429,-3.0,4.0,0.0,0.04739336492890995,0.17061611374407584,5,7,73.6,11.0,123,962,334,0.0,0.0,13.0,11.0,36.5,1.6,0.8666666666666667,0.0,0.0,2.0,10.0,37.8,1.1,0.6875,0.2,0.2,58.0,-104.0,14.0,16.0,478.0,0.0,-0.06666666666666667,0.0,0.0,0.0625,-0.21000000000000013,0.0,-1.4795000000000016,-1.8795000000000002,-2.953799999999994,-1.4110999999999976,-0.11110000000000042,0.12743434573008694,0.8333066662399844,2.0,3.0,0.3333333333333333,0.13513513513513514,0.22972972972972974,0.0,,,0.29059829059829057
1123,202305040510,1,2,1,10,0,0,1,1,0,0,0,0,0,0,0,2,0,0,0,1,0,0,0,0,0,0,0,0,0,0,0,0,0,0,0,0,0.0,0.0,30.0,2.0,36.9,0.0,0.2857142857142857,0.0,0.0,30.0,9.0,36.6,0.6,0.8125,0.0,0.0,50.0,2.0,36.9,0.0,0.3125,0.0,4.0,0.0,0.10426540284360189,0.26540284360189575,1,1,4.2,1.0,1393,770,1263,0.0,0.0,100.0,3.0,37.6,0.4,0.125,0.0,0.0,50.0,9.0,38.1,1.3,0.125,0.8,0.6,58.0,22.0,14.0,14.0,514.0,0.0,-0.0625,-0.0625,0.0,0.0,-0.3400000000000006,0.0,-1.2338000000000022,-1.2233000000000018,-1.3795000000000002,-0.5337999999999994,0.4357000000000042,0.2526265090231516,0.5491812087098399,0.0,4.0,0.75,0.11538461538461539,0.46153846153846156,0.0,,-0.03920282129090463,-0.0016447368421052544
1124,202305040510,1,1,0,17,0,0,0,0,0,0,0,0,0,0,0,1,0,0,0,0,0,0,0,0,0,0,0,0,0,0,0,0,0,0,0,0,0.0,0.0,90.0,9.0,36.5,1.0,0.4375,0.0,0.0,20.0,1.0,36.3,0.0,0.375,0.0,0.0,40.0,7.0,36.8,0.7,0.625,-1.0,4.0,0.0,0.0625,0.25,8,13,121.3,14.0,1503,881,1263,0.0,0.0,60.0,2.0,37.2,0.3,0.7857142857142857,0.0,0.0,30.0,1.0,36.5,0.0,0.7272727272727273,-1.5,0.6,58.0,154.0,14.0,16.0,490.0,0.0,0.0,0.0,0.0,-0.09090909090909091,-0.09000000000000057,0.0,-1.6338000000000008,-1.9795000000000016,-1.4795000000000016,-1.079499999999996,-1.7794999999999987,0.15990877765101935,0.31368774282716383,0.0,5.0,0.6,0.10869565217391304,0.2391304347826087,0.0,,-0.017174959871589096,
1125,202305040510,0,2,0,10,2,1,4,41,0,0,0,0,0,1,0,3,1,0,0,11,0,0,0,0,0,0,0,0,0,0,0,0,0,0,0,0,0.0,0.0,30.0,8.0,36.6,1.2,1.0,0.0,0.0,30.0,13.0,36.3,1.7,1.0,0.0,0.0,30.0,5.0,35.0,0.2,0.875,-1.5,4.0,200.0,0.06875,0.225,6,10,10.1,6.0,1467,1263,336,0.0,0.0,30.0,3.0,35.1,0.3,0.75,0.0,0.0,20.0,3.0,35.5,0.5,0.8666666666666667,-2.0,0.4,58.0,35.0,14.0,11.0,474.0,0.0,0.0,-0.125,-0.125,0.0,0.33999999999999986,0.0,-1.3110999999999962,-1.6111000000000004,-2.4177000000000035,-3.0337999999999994,-2.7794999999999987,0.09404490653110589,0.6418722614352481,1.0,2.0,1.0,0.0,0.1875,0.0,,0.12021857923497267,0.03282493368700265
1126,202305040510,1,1,0,17,0,0,0,10,0,0,0,0,0,0,0,1,0,0,0,1,0,0,0,0,0,0,0,0,0,0,0,0,0,0,0,0,0.0,0.0,7.0,5.0,39.1,1.7,0.6,0.0,0.0,10.0,14.0,37.1,1.3,0.6,0.0,0.0,7.0,7.0,37.2,0.9,0.2,1.0,14.0,-200.0,0.14218009478672985,0.3459715639810427,7,12,4.6,2.0,1503,334,1263,0.0,0.0,4.0,7.0,37.0,0.8,0.13333333333333333,0.0,0.0,12.0,3.0,38.5,0.3,0.25,-1.1,0.2,56.0,-351.0,14.0,10.0,518.0,0.1,0.0,0.0,0.0,0.0,0.13000000000000042,0.0,1.0274,-0.8110999999999962,-0.953799999999994,-1.1537999999999968,0.22050000000000125,0.20210008521632156,0.8565045242145541,1.0,3.0,0.3333333333333333,0.14285714285714285,0.2857142857142857,0.0,,-0.017174959871589096,-0.028531983433041863
1127,202305040510,0,1,0,5,0,0,0,0,0,0,0,0,0,0,0,2,0,0,0,0,0,0,0,0,0,0,0,0,0,0,0,0,0,0,0,0,0.0,0.0,110.0,7.0,38.9,0.8,0.5625,0.0,0.0,9.0,7.0,38.4,1.1,1.0,0.0,0.0,7.0,7.0,33.5,0.8,1.0,0.0,-10.0,-400.0,0.08152173913043478,0.23369565217391305,5,8,12.6,8.0,1463,357,1167,0.0,0.0,13.0,10.0,34.1,0.8,0.9444444444444444,0.0,0.0,7.0,10.0,34.1,1.3,0.5384615384615384,0.9,0.0,56.0,-413.0,14.0,16.0,490.0,-0.25,-0.6923076923076923,-0.13333333333333333,-0.05555555555555555,0.0,1.3899999999999992,0.0,-0.7259000000000029,-1.2259000000000029,-1.9592000000000027,-1.0064999999999955,-1.0064999999999955,0.21225478733731207,2.3426480742954103,3.0,0.0,,0.25,0.48333333333333334,0.0,,-0.03549135009809168,-0.35714285714285715
1128,202305040510,0,0,0,0,0,0,0,0,0,0,0,0,0,0,0,0,0,0,0,0,0,0,0,0,0,0,0,0,0,0,0,0,0,0,0,0,0.0,0.0,12.0,13.0,38.5,3.7,0.7333333333333333,0.0,0.0,5.0,7.0,36.3,1.1,0.8,0.0,0.0,11.0,14.0,35.5,1.3,0.42857142857142855,0.5,21.0,-200.0,0.1,0.1,6,9,14.6,9.0,599,1520,324,0.0,0.0,9.0,5.0,36.5,0.8,0.6875,0.0,0.0,9.0,4.0,37.0,1.3,0.875,-2.0,0.0,58.0,-365.0,14.0,15.0,499.0,0.0,0.0,-0.07142857142857142,-0.1875,-0.0625,0.2799999999999997,0.0,0.42739999999999867,-1.9795000000000016,0.39350000000000307,-2.077599999999997,-1.1537999999999968,0.15195177657279338,0.9951884243699785,1.0,2.0,0.0,0.2,0.3333333333333333,0.0,,,-0.06363636363636366
1129,202305040510,0,1,0,5,0,0,0,0,0,0,0,0,0,0,0,2,0,0,0,0,0,0,0,0,0,0,0,0,0,0,0,0,0,0,0,0,0.0,0.0,20.0,5.0,36.6,0.5,0.6875,0.0,0.0,10.0,4.0,36.2,0.3,0.1875,0.0,0.0,10.0,4.0,36.0,0.2,0.375,-0.5,0.0,0.0,0.06415094339622641,0.2490566037735849,3,3,8.8,5.0,1463,852,1167,0.0,0.0,30.0,2.0,35.5,0.3,0.3125,0.0,0.0,10.0,7.0,35.7,0.9,0.5,0.2,0.2,58.0,133.0,14.0,16.0,504.0,-0.0625,0.0,-0.125,0.0625,0.0,0.25,0.0,-1.5337999999999994,-1.933799999999998,-2.2794999999999987,-2.7794999999999987,-2.433799999999998,0.1704772712123232,0.3847076812334272,0.0,5.0,0.2,0.07058823529411765,0.18823529411764706,0.0,,-0.03549135009809168,-0.1111111111111111
1130,202305040510,5,1,0,17,4,4,2,22,0,1,0,0,3,1,0,10,0,2,1,7,0,1,0,0,0,1,0,1,0,1,0,0,0,1,0,0,0.0,0.0,10.0,11.0,36.3,1.4,0.5,0.0,0.0,4.0,10.0,36.6,1.1,0.4375,0.0,0.0,7.0,2.0,36.9,0.3,0.2,-4.5,-8.0,0.0,0.04242424242424243,0.1393939393939394,2,2,45.0,10.0,1716,1558,1167,0.0,0.0,12.0,5.0,36.3,0.2,0.25,0.0,0.0,6.0,15.0,38.2,1.9,0.5,0.3,0.2,58.0,0.0,14.0,14.0,492.0,-0.07142857142857142,0.0,0.0,0.0,0.0,-0.3500000000000007,0.0,-1.8537999999999997,-1.5537999999999954,-1.3795000000000002,-1.9795000000000016,0.28890000000000526,0.12757350822173075,0.7059745037889136,0.0,4.0,0.25,0.06666666666666667,0.3,0.0,,0.03502141597379693,0.0611517126001585
1131,202305040510,2,1,1,20,0,0,4,14,0,0,0,0,2,1,0,9,0,0,0,6,0,0,0,0,1,0,0,0,0,0,0,1,0,0,0,0,0.0,0.0,30.0,1.0,35.2,0.0,0.8,0.0,0.0,90.0,13.0,36.1,1.6,0.9285714285714286,0.0,0.0,80.0,1.0,36.4,0.0,0.75,0.0,12.0,0.0,0.03409090909090909,0.07954545454545454,3,4,6.7,3.0,1172,1366,1556,0.0,0.0,70.0,7.0,39.0,1.1,0.4666666666666667,0.0,0.0,10.0,1.0,36.8,0.0,0.5625,-0.6,0.6,56.0,120.0,14.0,15.0,496.0,0.0,0.0,0.0,0.0,-0.125,-0.6099999999999988,0.0,-3.079499999999996,-0.2616000000000014,-1.511099999999999,0.7205000000000013,-1.4795000000000016,0.1661828010234786,1.2649110640673509,1.0,3.0,0.6666666666666666,0.11320754716981132,0.2641509433962264,0.0,,0.01460869565217393,-0.005916305916305931
1132,202305040510,0,1,0,1,0,0,0,0,0,0,0,0,0,1,0,0,0,0,0,0,0,0,0,0,0,0,0,0,0,0,0,0,0,0,0,0,0.0,0.0,13.0,13.0,37.3,1.9,0.14285714285714285,0.0,0.0,12.0,12.0,39.1,1.9,0.125,0.0,0.0,15.0,2.0,36.2,0.1,0.6875,-5.5,2.0,0.0,0.02564102564102564,0.19230769230769232,4,5,85.7,13.0,832,700,351,0.0,0.0,15.0,11.0,39.5,2.3,0.25,0.0,0.0,12.0,7.0,36.7,1.1,0.4375,-1.3,0.2,58.0,0.0,14.0,14.0,510.0,0.0,0.0,-0.0625,0.0,0.0,0.079999999999999,0.0,-0.8537999999999997,0.8205000000000027,-1.953799999999994,1.2205000000000013,-1.1210999999999984,0.211092275982784,1.3108775686539145,0.0,4.0,0.25,0.02631578947368421,0.10526315789473684,0.0,,-0.2070175438596491,-0.2333333333333333
1133,202305040510,0,1,0,5,0,0,0,1,0,0,0,0,0,0,0,2,0,0,0,1,0,0,0,0,0,0,0,0,0,0,0,0,0,0,0,0,0.0,0.0,7.0,10.0,42.3,4.5,1.0,0.0,0.0,15.0,16.0,41.7,7.1,1.0,0.0,0.0,11.0,16.0,38.4,3.3,0.1875,3.0,6.0,0.0,0.059322033898305086,0.1864406779661017,8,14,74.8,12.0,1463,760,1167,0.0,0.0,12.0,14.0,38.8,4.1,0.42857142857142855,0.0,0.0,11.0,9.0,37.8,1.2,0.375,-0.4,0.0,58.0,-230.0,14.0,10.0,534.0,0.0,0.0,0.25,0.14285714285714285,-0.0625,1.1900000000000006,0.0,4.1462,3.546200000000006,0.12049999999999983,0.6462000000000003,-0.35379999999999967,0.3376841901020804,1.8341210428976609,2.0,5.0,0.0,0.13333333333333333,0.24,0.0,,-0.03549135009809168,-0.03030303030303033
1134,202305040602,0,0,0,8,0,0,2,7,0,0,0,0,0,0,0,3,0,0,0,3,0,0,0,0,0,0,0,1,0,0,0,1,0,0,0,0,0.0,0.0,10.0,2.0,37.4,0.0,0.0625,0.0,0.0,20.0,13.0,42.8,3.8,0.25,,,,,,,,11.0,-2.0,0.0,0.06790123456790123,0.22839506172839505,6,9,4.7,3.0,1282,733,377,,,,,,,,,,,,,,,11.0,0.5,56.0,13.0,13.0,16.0,498.0,0.0,0.25,,,,-5.399999999999999,0.0,-0.8795000000000002,3.110899999999994,,,,0.09375,2.6999999999999993,0.0,1.0,1.0,0.046511627906976744,0.22093023255813954,1.0,1.0,,
1135,202305040602,0,0,0,0,0,4,1,24,0,0,0,0,0,0,0,0,0,2,1,8,0,0,0,0,0,0,0,0,0,2,1,6,0,0,0,0,0.0,0.0,80.0,10.0,39.2,2.8,0.26666666666666666,,,,,,,,,,,,,,,,,-200.0,0.04,0.185,2,2,287.1,13.0,1043,1561,477,,,,,,,,,,,,,,,,0.0,56.0,13.0,13.0,15.0,488.0,0.0,,,,,,,1.1274000000000015,,,,,,,0.0,0.0,,0.022727272727272728,0.09090909090909091,0.0,,,0.038112522686025385
1136,202305040602,0,0,0,0,0,0,0,2,0,0,0,0,0,0,0,0,0,0,0,1,0,0,0,0,0,0,0,0,0,0,0,0,0,0,0,0,0.0,0.0,60.0,10.0,38.6,2.8,0.21428571428571427,,,,,,,,,,,,,,,,,-400.0,0.10191082802547771,0.29936305732484075,3,3,17.1,6.0,1479,258,857,,,,,,,,,,,,,,,,0.0,56.0,98.0,13.0,14.0,420.0,0.21428571428571427,,,,,,,2.2683000000000035,,,,,,,1.0,0.0,,0.06666666666666667,0.25,0.0,,,
1137,202305040602,0,0,0,0,14,9,8,141,0,0,0,0,0,0,0,0,2,1,3,49,0,0,0,0,0,0,0,0,0,0,1,13,0,0,0,0,0.0,0.0,30.0,2.0,37.4,0.4,0.5,,,,,,,,,,,,,,,,,200.0,0.041666666666666664,0.13690476190476192,4,4,2.6,1.0,1656,1618,1576,,,,,,,,,,,,,,,,1.0,55.0,84.0,13.0,12.0,482.0,0.0,,,,,,,-0.511099999999999,,,,,,,0.0,0.0,,0.06451612903225806,0.25806451612903225,0.0,,,0.06466540104413859
1138,202305040602,1,2,0,11,5,8,9,99,0,0,0,0,0,0,0,4,1,2,3,50,0,0,0,0,0,0,0,2,0,0,0,20,0,0,0,0,0.0,0.0,3.0,2.0,38.4,0.2,0.8181818181818182,0.0,0.0,9.0,8.0,36.4,1.1,0.8125,0.0,0.0,11.0,9.0,37.3,1.0,0.8125,3.5,9.0,200.0,0.0440251572327044,0.18867924528301888,8,13,9.1,4.0,1600,1235,680,0.0,0.0,9.0,9.0,40.1,2.3,1.0,0.0,0.0,15.0,10.0,40.4,2.1,0.875,1.7,0.2,56.0,-342.0,13.0,11.0,469.0,-0.36363636363636365,0.0,0.0,-0.23076923076923078,-0.25,-0.7700000000000002,0.0,0.5788999999999973,-0.8551000000000002,-0.9795000000000016,0.47409999999999997,0.8532999999999973,0.07213895567319945,1.5509996776273045,2.0,1.0,0.0,0.05,0.2,1.0,0.0,0.05844155844155843,-0.02181818181818182
1139,202305040602,6,2,13,58,3,10,5,95,0,0,0,0,1,1,3,17,2,5,4,40,0,0,0,0,0,1,2,4,2,1,2,9,0,0,0,0,0.0,0.0,90.0,11.0,35.4,2.1,0.8461538461538461,,,,,,,,,,,,,,,,,-200.0,0.045454545454545456,0.11363636363636363,6,8,174.3,10.0,1426,1376,306,,,,,,,,,,,,,,,,0.0,55.0,12.0,13.0,13.0,414.0,-0.07692307692307693,,,,,,,-0.24990000000000379,,,,,,,0.0,0.0,,0.08955223880597014,0.26865671641791045,0.0,,0.050843881856540096,0.07508296460176991
1140,202305040602,11,4,13,73,1,1,3,11,0,0,0,0,5,3,2,25,0,0,2,8,0,0,0,0,3,2,2,5,0,0,0,2,0,0,0,0,0.0,0.0,10.0,12.0,41.5,3.1,0.9166666666666666,0.0,0.0,4.0,10.0,40.5,2.9,0.2,0.0,0.0,10.0,1.0,38.9,0.0,0.14285714285714285,-5.5,4.0,-200.0,0.08108108108108109,0.23243243243243245,1,1,24.7,7.0,1095,1505,1221,0.0,0.0,8.0,14.0,38.5,2.5,0.8125,0.0,0.0,5.0,7.0,39.7,1.7,0.13333333333333333,-0.6,0.2,56.0,-363.0,13.0,12.0,534.0,0.08333333333333333,0.3,0.0,0.0,0.0,0.5599999999999994,0.0,3.4273999999999987,1.1073999999999984,-0.49260000000000304,1.6719000000000008,0.07410000000000139,0.34810916199107933,1.0851727973000431,0.0,0.0,,0.04878048780487805,0.12195121951219512,0.0,,-0.06510651065106512,-0.11249999999999999
1141,202305040602,0,0,0,8,1,0,1,13,0,0,0,0,0,0,0,3,0,0,0,2,0,0,0,0,0,0,0,1,0,0,0,1,0,0,0,0,0.0,0.0,3.0,3.0,40.3,1.4,0.09090909090909091,0.0,0.0,5.0,10.0,36.2,1.7,0.9166666666666666,0.0,0.0,9.0,9.0,35.8,0.4,0.125,3.0,22.0,-100.0,0.08333333333333333,0.1875,5,6,27.4,8.0,1282,1034,377,0.0,0.0,11.0,14.0,40.1,2.6,0.0625,0.0,0.0,8.0,7.0,34.3,1.1,0.4375,1.2,0.2,55.0,-367.0,13.0,11.0,512.0,0.18181818181818182,0.0,0.0625,0.0,,0.8100000000000002,0.0,,-0.0741999999999976,0.6468999999999951,2.0274,0.7565999999999988,0.3244746584073657,2.4204131878668984,1.0,0.0,,0.1111111111111111,0.25925925925925924,0.0,,,-0.13333333333333333
1142,202305040602,3,0,3,55,4,1,0,27,0,0,0,0,2,0,1,22,1,0,0,9,0,0,0,0,0,0,0,10,1,0,0,2,0,0,0,0,0.0,0.0,14.0,8.0,37.1,1.5,0.4375,0.0,0.0,1.0,4.0,39.6,0.3,0.3333333333333333,0.0,0.0,11.0,10.0,38.1,1.0,0.5,1.0,4.0,0.0,0.0330188679245283,0.13679245283018868,5,7,286.1,12.0,1036,1186,1108,0.0,0.0,12.0,12.0,37.6,1.6,0.625,0.0,0.0,9.0,5.0,37.8,1.9,0.1875,0.2,0.0,56.0,-385.0,13.0,16.0,520.0,-0.125,-0.08333333333333333,0.0,0.0625,0.0,0.06000000000000085,0.0,-1.1794999999999973,1.3205000000000027,0.18890000000000384,-0.22330000000000183,-0.11110000000000042,0.14848774734337883,0.8452218643646179,-1.0,2.0,0.0,0.03296703296703297,0.12087912087912088,2.0,0.0,0.014846891432106407,-0.04086538461538461
1143,202305040602,0,0,0,8,5,5,3,59,0,0,0,0,0,0,0,3,2,5,2,20,0,0,0,0,0,0,0,1,0,0,0,4,0,0,0,0,0.0,0.0,2.0,12.0,41.5,2.8,0.7857142857142857,0.0,0.0,9.0,8.0,39.1,2.6,0.2,0.0,0.0,5.0,10.0,39.1,3.0,0.5384615384615384,-1.0,5.0,0.0,0.00909090909090909,0.07272727272727272,8,12,10.3,5.0,1282,1721,377,0.0,0.0,9.0,6.0,38.6,2.1,0.7692307692307693,0.0,0.0,11.0,5.0,37.6,1.5,0.5625,-1.6,0.0,56.0,-279.0,13.0,14.0,467.0,-0.21428571428571427,0.0,0.0,0.0,0.0,0.8299999999999997,0.0,3.2205000000000013,1.5086000000000013,0.8205000000000027,0.32050000000000267,-0.6794999999999973,0.21174017070768,1.2828094168659656,1.0,4.0,0.0,0.06976744186046512,0.18604651162790697,4.0,0.0,,0.02314814814814814
1144,202305040602,0,0,0,8,9,12,12,108,0,0,0,0,0,0,0,3,3,7,5,42,0,0,0,0,0,0,0,1,0,4,2,13,0,0,0,0,0.0,0.0,30.0,3.0,37.9,0.3,0.26666666666666666,,,,,,,,,,,,,,,,,0.0,0.24539877300613497,0.49079754601226994,4,5,4.1,2.0,1282,1221,377,,,,,,,,,,,,,,,,1.0,56.0,12.0,13.0,15.0,486.0,0.06666666666666667,,,,,,,0.001599999999996271,,,,,,,0.0,1.0,1.0,0.0,0.25,0.0,,,-0.024042553191489374
1145,202305040602,3,6,7,83,24,19,11,236,0,0,0,6,1,2,1,30,7,2,1,59,0,0,0,2,0,0,0,14,4,0,0,25,0,0,0,1,0.0,0.0,7.0,5.0,42.3,1.0,0.6363636363636364,0.0,0.0,15.0,14.0,39.1,2.2,0.6666666666666666,0.0,0.0,13.0,12.0,38.7,2.4,0.375,3.5,11.0,0.0,0.04672897196261682,0.17757009345794392,7,11,159.2,9.0,1431,1294,1428,0.0,0.0,13.0,9.0,37.3,2.1,0.6428571428571429,0.0,0.0,15.0,12.0,39.2,1.6,0.625,0.9,0.0,55.0,-358.0,13.0,11.0,459.0,-0.09090909090909091,0.0,0.0625,0.0,0.0,0.7999999999999993,0.0,4.1462,1.1889000000000038,1.2822999999999993,0.8588999999999984,1.2889000000000053,0.10795171095021323,1.6375591592366971,4.0,1.0,0.0,0.034482758620689655,0.13793103448275862,0.0,,-0.03118137900746598,0.05268199233716475
1146,202305040602,9,7,5,96,0,0,0,7,0,0,0,0,5,2,1,32,0,0,0,2,0,0,0,0,2,1,0,13,0,0,0,2,0,0,0,0,0.0,0.0,7.0,3.0,42.4,1.8,0.625,0.0,0.0,9.0,10.0,35.6,3.5,0.9,0.0,0.0,16.0,10.0,34.3,1.5,0.6875,3.5,20.0,0.0,0.02531645569620253,0.189873417721519,7,10,253.4,11.0,1090,1236,1169,0.0,0.0,11.0,13.0,41.9,6.4,0.9230769230769231,0.0,0.0,14.0,13.0,35.2,1.7,0.875,2.3,0.2,55.0,-353.0,13.0,8.0,466.0,-0.25,0.0,,0.0,0.0,0.8099999999999994,0.0,4.246200000000002,0.4935000000000045,0.7565999999999988,3.6205,0.12530000000000285,0.1216813911275901,3.5153378216040623,1.0,2.0,0.5,0.0449438202247191,0.14606741573033707,1.0,0.0,-0.06184012066365008,0.0
1147,202305040608,4,0,7,35,2,1,5,55,0,0,2,2,1,0,3,12,0,0,1,15,0,0,0,0,0,0,0,0,0,0,0,0,0,0,0,0,0.0,0.0,10.0,9.0,37.1,1.5,0.8125,0.0,0.0,10.0,1.0,37.0,0.0,0.125,0.0,0.0,30.0,2.0,37.0,0.4,0.3125,-3.5,4.0,250.0,0.06382978723404255,0.1702127659574468,7,12,1.8,1.0,1204,1014,1221,0.0,0.0,60.0,2.0,35.9,0.4,0.2222222222222222,0.0,0.0,30.0,4.0,40.2,0.6,0.13333333333333333,-0.9,0.6,56.0,98.0,14.0,16.0,516.0,0.0625,0.0,-0.0625,0.0,0.06666666666666667,-0.5100000000000001,0.0,-0.7738999999999976,-1.1338000000000008,-1.1338000000000008,-2.0523999999999987,0.5108999999999995,0.2549651997556132,1.4485855169785469,1.0,2.0,1.0,0.125,0.375,0.0,,-0.10755148741418766,-0.001984126984126977
1148,202305040608,5,9,5,81,9,12,12,108,1,0,0,5,0,7,3,29,3,7,5,42,0,0,0,3,0,2,0,1,0,1,0,6,0,0,0,0,0.0,0.0,160.0,7.0,35.8,1.0,0.875,0.0,0.0,120.0,5.0,36.1,0.8,1.0,0.0,0.0,140.0,11.0,36.2,1.7,0.9285714285714286,2.0,-6.0,0.0,0.019417475728155338,0.06796116504854369,6,9,90.9,11.0,1020,1221,1576,0.0,0.0,110.0,7.0,35.5,0.8,0.8181818181818182,0.0,0.0,150.0,12.0,37.3,2.2,0.9333333333333333,1.2,0.0,56.0,-400.0,14.0,16.0,468.0,0.0625,0.0,0.0,0.0,-0.06666666666666667,-0.23999999999999985,0.0,-2.4795000000000016,-2.1794999999999973,-2.079499999999996,-2.0914,-0.6111000000000004,0.061056934506457765,0.6112282715974443,0.0,3.0,0.0,0.04411764705882353,0.1323529411764706,3.0,0.0,0.16294117647058826,-0.024042553191489374
1149,202305040608,17,18,10,162,1,0,0,7,0,0,0,1,10,9,5,93,1,0,0,3,0,0,0,1,2,0,1,23,0,0,0,0,0,0,0,0,0.0,0.0,30.0,13.0,36.8,1.0,0.75,0.0,0.0,50.0,5.0,36.4,0.8,0.6875,0.0,0.0,30.0,14.0,36.3,1.4,0.875,0.5,0.0,200.0,0.13986013986013987,0.3706293706293706,2,2,38.4,7.0,1172,237,1556,0.0,0.0,30.0,4.0,36.0,0.7,0.6666666666666666,0.0,0.0,170.0,13.0,36.2,1.9,0.5,-0.1,0.0,56.0,21.0,14.0,16.0,432.0,-0.0625,0.0,-0.0625,-0.06666666666666667,0.1111111111111111,0.15999999999999873,0.0,-1.1111000000000004,-1.511099999999999,-1.5739000000000019,-2.133800000000001,-0.17489999999999384,0.12190615698606495,0.2653299832284307,0.0,1.0,0.0,0.10416666666666667,0.1875,0.0,,0.01460869565217393,-0.125
1150,202305040608,9,6,8,51,2,1,3,16,0,1,1,2,2,3,3,20,2,1,1,6,0,1,1,2,0,0,1,2,1,0,0,0,0,0,0,0,0.0,0.0,80.0,7.0,36.0,1.6,0.9375,0.0,0.0,60.0,8.0,36.5,0.7,0.8666666666666667,0.0,0.0,110.0,11.0,36.7,1.2,0.75,2.0,0.0,0.0,0.10328638497652583,0.26291079812206575,5,8,31.0,6.0,1677,332,1167,0.0,0.0,70.0,7.0,36.1,0.9,0.875,0.0,0.0,110.0,11.0,38.8,1.7,0.25,0.7,0.0,58.0,13.0,14.0,16.0,496.0,-0.0625,-0.06666666666666667,0.0625,0.0,0.0625,-0.5199999999999996,0.0,-2.2794999999999987,-1.4110999999999976,-1.3725999999999985,-2.1794999999999973,0.7273999999999958,0.25035530307500536,1.022545842493136,0.0,2.0,0.0,0.1317365269461078,0.30538922155688625,2.0,0.0,-0.10492845786963434,0.0
1151,202305040608,1,0,1,26,10,14,7,96,0,0,0,0,0,0,0,5,6,9,2,45,0,0,0,0,0,0,0,1,0,0,0,2,0,0,0,0,0.0,0.0,13.0,12.0,36.6,2.3,1.0,0.0,0.0,15.0,11.0,35.1,1.5,0.625,0.0,0.0,6.0,13.0,36.7,2.2,0.875,0.5,-8.0,200.0,0.03317535545023697,0.13744075829383887,6,10,4.0,2.0,1707,1362,1482,0.0,0.0,14.0,7.0,36.3,1.0,0.6875,0.0,0.0,8.0,8.0,36.0,0.7,0.875,-1.2,0.0,56.0,-343.0,14.0,16.0,478.0,0.0,0.0625,0.0,0.0625,0.0625,7.105427357601002e-16,0.0,-1.3110999999999962,-2.564299999999996,-1.579499999999996,-1.9795000000000016,-1.6642999999999972,0.13693063937629152,0.5748043145279966,0.0,4.0,0.0,0.03571428571428571,0.17857142857142858,2.0,0.0,0.2857142857142857,-0.033568172399502716
1152,202305040608,3,6,7,83,7,4,6,38,1,0,1,9,1,2,1,30,5,1,4,20,1,0,1,8,0,0,0,2,0,0,0,4,0,0,0,2,0.0,0.0,70.0,7.0,35.9,0.6,1.0,0.0,0.0,100.0,6.0,36.8,0.9,0.75,0.0,0.0,70.0,6.0,35.9,0.8,0.2,-0.5,-6.0,200.0,0.046948356807511735,0.1784037558685446,7,11,59.9,9.0,1431,1542,1428,0.0,0.0,130.0,7.0,36.9,0.8,0.4375,0.0,0.0,120.0,8.0,36.7,0.8,0.6875,0.3,0.0,58.0,13.0,14.0,13.0,488.0,0.0,0.0,0.0,0.0,0.0,-0.17000000000000098,0.0,-2.011099999999999,-1.0739000000000019,-0.46160000000000423,-1.011099999999999,-0.8913999999999973,0.27402098459789537,0.445421149026402,3.0,0.0,,0.03278688524590164,0.06557377049180328,0.0,,-0.03118137900746598,-0.1937062937062937
1153,202305040608,9,2,4,101,4,3,1,34,1,1,1,2,3,1,2,27,3,1,1,12,1,1,1,2,0,1,1,12,1,1,0,1,0,1,0,1,0.0,0.0,10.0,9.0,36.1,0.4,0.4666666666666667,0.0,0.0,10.0,2.0,36.0,0.3,0.5625,0.0,0.0,10.0,7.0,34.7,0.8,1.0,-1.0,2.0,0.0,0.10256410256410256,0.30128205128205127,1,1,4.5,3.0,1557,1541,1559,0.0,0.0,40.0,2.0,35.9,0.3,0.8125,0.0,0.0,20.0,3.0,35.9,0.3,0.8125,-1.2,0.6,58.0,126.0,14.0,15.0,520.0,0.0,0.0625,0.0,0.0,0.0,0.05000000000000071,0.0,-2.1794999999999973,-2.2794999999999987,-3.433799999999998,-2.3795,-2.3795,0.19178619461380542,0.5153639490690038,0.0,5.0,0.6,0.06569343065693431,0.30656934306569344,4.0,0.75,0.005824790307548927,0.0367965367965368
1154,202305040608,4,0,7,35,3,2,4,22,1,0,0,1,1,0,3,12,1,1,1,7,1,0,0,1,0,0,0,0,0,0,0,0,0,0,0,0,0.0,0.0,20.0,10.0,37.9,0.0,0.1,0.0,0.0,120.0,160.0,38.1,1.8,0.3125,0.0,0.0,140.0,80.0,36.7,0.8,0.07142857142857142,35.0,22.0,400.0,0.03278688524590164,0.09289617486338798,8,13,137.5,14.0,1204,1,1221,0.0,0.0,140.0,120.0,37.7,1.4,0.25,0.0,0.0,120.0,130.0,37.4,2.1,0.75,20.0,0.0,56.0,-271.0,14.0,10.0,486.0,0.0,0.0,0.0,0.0625,0.0,0.13999999999999985,0.0,2.002299999999998,0.18890000000000384,-1.579499999999996,0.1086000000000027,-0.8795000000000002,0.2438645073789617,0.4882622246293475,1.0,2.0,0.0,0.045454545454545456,0.13636363636363635,2.0,0.0,-0.10755148741418766,-0.0903225806451613
1155,202305040608,14,12,23,161,2,1,1,22,0,0,0,4,3,4,8,59,0,0,1,3,0,0,0,1,0,0,1,17,0,0,0,1,0,0,0,1,0.0,0.0,11.0,16.0,40.6,4.3,0.25,0.0,0.0,8.0,9.0,35.7,0.8,0.5714285714285714,0.0,0.0,8.0,9.0,36.1,0.9,0.875,-3.5,4.0,-200.0,0.0,0.125,8,14,50.9,8.0,1221,1079,1263,0.0,0.0,10.0,6.0,35.8,0.9,0.9375,0.0,0.0,10.0,6.0,35.7,0.7,1.0,-2.3,0.0,58.0,-36.0,14.0,16.0,502.0,-0.0625,0.0,0.0,0.0,0.0,0.9700000000000003,0.0,2.5274,-2.579499999999996,-2.1794999999999973,-2.4795000000000016,-2.579499999999996,0.28016940939221696,1.9156200040717888,0.0,4.0,0.0,0.0,0.05263157894736842,4.0,0.0,0.007542579075425798,0.06837606837606836
1156,202305040608,1,8,7,59,24,19,11,236,0,0,0,2,1,3,1,23,7,2,1,59,0,0,0,1,0,2,1,1,1,1,0,6,0,0,0,0,0.0,0.0,90.0,12.0,36.6,2.0,0.625,0.0,0.0,80.0,5.0,36.4,0.8,0.3333333333333333,0.0,0.0,50.0,1.0,36.5,0.0,0.8,-5.5,16.0,0.0,0.03333333333333333,0.07777777777777778,5,7,103.2,12.0,1440,1294,1167,0.0,0.0,60.0,2.0,37.2,0.4,0.42857142857142855,0.0,0.0,60.0,7.0,37.0,0.6,0.625,-1.3,0.4,57.0,13.0,14.0,16.0,478.0,0.0,0.0,-0.06666666666666667,0.0,0.0625,-0.16000000000000014,0.0,-1.6794999999999973,-1.7338000000000022,-1.4110999999999976,-0.7110999999999947,-0.873899999999999,0.16411758132164336,0.30724582991474536,1.0,2.0,0.0,0.03333333333333333,0.12222222222222222,1.0,0.0,0.0545238095238095,0.05268199233716475
1157,202305040608,9,7,9,91,0,1,0,1,0,0,0,0,2,1,4,32,0,1,0,1,0,0,0,0,0,0,0,3,0,0,0,0,0,0,0,0,0.0,0.0,50.0,1.0,36.2,0.0,0.8666666666666667,0.0,0.0,110.0,5.0,35.8,1.0,0.8,0.0,0.0,110.0,5.0,36.7,0.1,0.9230769230769231,2.0,-2.0,200.0,0.0,0.024390243902439025,4,5,25.2,5.0,1304,497,1503,0.0,0.0,100.0,8.0,36.7,0.9,0.9375,0.0,0.0,90.0,9.0,37.0,0.8,0.9375,1.9,0.2,56.0,49.0,14.0,15.0,448.0,-0.06666666666666667,-0.06666666666666667,-0.07692307692307693,0.0,0.0,-0.25,0.0,-1.7110999999999947,-2.1111000000000004,-1.1983999999999995,-1.3725999999999985,-0.9110999999999976,0.053305820689631384,0.4261455150532515,0.0,1.0,0.0,0.03508771929824561,0.14035087719298245,0.0,,0.005261979399910438,
1158,202305040608,3,0,3,55,0,0,1,5,0,0,1,4,2,0,1,22,0,0,1,3,0,0,1,3,0,0,0,2,0,0,0,0,0,0,0,0,0.0,0.0,2.0,,,,0.8181818181818182,0.0,0.0,13.0,12.0,36.6,1.6,0.5714285714285714,0.0,0.0,9.0,9.0,33.8,0.5,0.7777777777777778,-3.0,11.0,100.0,0.04430379746835443,0.189873417721519,4,6,105.8,13.0,1036,1616,1108,0.0,0.0,12.0,11.0,37.8,0.9,0.25,0.0,0.0,15.0,3.0,37.4,0.4,0.26666666666666666,-2.5,0.25,58.0,-36.0,14.0,11.0,493.0,-0.09090909090909091,0.0,0.0,-0.0625,0.06666666666666667,-0.6399999999999991,0.0,,-1.6794999999999973,-1.3064999999999998,-0.11110000000000042,-0.511099999999999,0.24235156781899664,1.5620499351813313,2.0,1.0,0.0,0.06666666666666667,0.21666666666666667,1.0,0.0,0.014846891432106407,-0.16666666666666666
1159,202305040608,9,7,9,91,20,25,21,205,0,0,0,1,2,1,4,32,5,4,2,61,0,0,0,1,0,0,0,3,1,1,1,5,0,0,0,0,0.0,0.0,9.0,8.0,39.5,2.9,1.0,0.0,0.0,16.0,13.0,37.4,1.7,0.9375,0.0,0.0,14.0,15.0,38.6,2.1,0.8125,3.5,13.0,0.0,0.041916167664670656,0.1377245508982036,3,3,65.7,10.0,1304,1167,1503,0.0,0.0,10.0,12.0,38.0,1.8,0.8571428571428571,0.0,0.0,15.0,10.0,38.2,1.3,0.1875,0.3,0.0,55.0,-356.0,14.0,9.0,505.0,0.0,0.0625,0.0,0.07142857142857142,0.0625,0.1999999999999993,0.0,1.2205000000000013,-1.992600000000003,-0.7926000000000002,0.08890000000000242,-0.07949999999999591,0.2929333524534068,0.6974238309665082,1.0,2.0,0.0,0.3333333333333333,0.3333333333333333,2.0,0.0,0.005261979399910438,0.019083827201908404
1160,202305040608,4,5,6,66,20,25,21,205,0,2,1,4,2,2,2,34,5,4,2,61,0,1,0,4,0,0,0,13,1,1,1,5,0,0,0,0,0.0,0.0,20.0,1.0,38.7,0.0,0.5,0.0,0.0,130.0,12.0,36.3,0.8,0.875,0.0,0.0,80.0,14.0,36.8,1.5,0.4666666666666667,6.5,-2.0,-100.0,0.06930693069306931,0.25742574257425743,3,4,24.4,4.0,1313,1167,1108,0.0,0.0,40.0,14.0,36.2,1.7,0.8571428571428571,0.0,0.0,70.0,7.0,37.4,0.9,0.8125,1.4,0.2,58.0,-349.0,14.0,8.0,464.0,-0.125,0.0,0.06666666666666667,-0.07142857142857142,0.0625,0.2700000000000003,0.0,,-1.5211000000000041,-1.3537999999999997,-2.079499999999996,-0.4211000000000027,0.18021875092770184,0.915204895091805,3.0,2.0,0.0,0.04938271604938271,0.09876543209876543,1.0,0.0,-0.02239448751076656,0.019083827201908404
1161,202305040704,0,0,0,4,10,7,13,124,0,0,0,0,0,0,0,2,5,3,5,58,0,0,0,0,0,0,0,1,1,0,0,4,0,0,0,0,,,,,,,,,,,,,,,,,,,,,,,,,0.0,0.14285714285714285,3,4,11.0,4.0,1699,1366,1313,,,,,,,,,,,,,,,,,55.0,,15.0,,,,,,,,,,,,,,,,,,0.0,,0.043478260869565216,0.13043478260869565,0.0,,,-0.005916305916305931
1162,202305040704,12,9,11,80,1,0,0,15,0,0,0,0,3,2,2,27,0,0,0,3,0,0,0,0,0,0,0,5,0,0,0,1,0,0,0,0,0.0,0.0,15.0,16.0,39.0,2.6,0.625,0.0,0.0,12.0,13.0,42.5,4.9,0.5384615384615384,0.0,0.0,12.0,13.0,38.6,2.5,1.0,-1.5,-2.0,200.0,0.03980099502487562,0.1890547263681592,7,13,45.5,9.0,1586,1327,1167,0.0,0.0,16.0,11.0,37.5,1.3,0.125,0.0,0.0,10.0,13.0,39.9,2.6,0.3125,-0.8,0.0,56.0,-342.0,15.0,16.0,466.0,0.0625,0.0,0.0,0.0625,-0.0625,0.3200000000000003,0.0,1.0889000000000024,2.8740999999999985,0.7789000000000001,-0.7794999999999987,1.6204999999999998,0.29693328997979473,1.6864163187066232,0.0,2.0,0.0,0.028169014084507043,0.1267605633802817,2.0,0.0,-0.06653620352250489,0.008928571428571425
1163,202305040704,5,1,6,33,24,19,11,236,0,0,0,1,3,1,6,14,7,2,1,59,0,0,0,1,0,1,0,2,0,0,0,2,0,0,0,0,0.0,0.0,4.0,2.0,37.8,0.0,0.4166666666666667,0.0,0.0,10.0,11.0,40.0,2.6,0.21428571428571427,0.0,0.0,8.0,16.0,40.7,3.4,0.125,7.0,14.0,500.0,0.046511627906976744,0.17674418604651163,2,3,7.6,3.0,1401,1294,517,0.0,0.0,4.0,14.0,40.4,3.2,0.4,0.0,0.0,2.0,1.0,37.0,0.0,0.13333333333333333,0.1,0.4,56.0,-351.0,15.0,12.0,476.0,0.0,-0.07142857142857142,0.125,0.06666666666666667,0.0,0.11999999999999958,0.0,,1.7205000000000013,2.420500000000004,2.488900000000001,-0.5914000000000001,0.12687058415849026,1.4918444959177222,1.0,2.0,0.0,0.04819277108433735,0.12048192771084337,2.0,0.0,0.019047619047619035,0.05268199233716475
1164,202305040704,0,1,0,1,0,0,0,7,0,0,0,0,0,0,0,0,0,0,0,5,0,0,0,0,0,0,0,0,0,0,0,0,0,0,0,0,0.0,0.0,7.0,7.0,39.2,1.7,0.5,0.0,0.0,6.0,8.0,37.9,0.8,0.5625,0.0,0.0,5.0,7.0,37.8,1.3,0.7142857142857143,0.0,-2.0,0.0,0.009009009009009009,0.07207207207207207,8,15,28.5,7.0,1676,296,1428,0.0,0.0,7.0,4.0,36.9,1.1,0.6666666666666666,,,,,,,,-1.0,0.0,55.0,-203.0,15.0,16.0,466.0,0.0,-0.0625,0.0,0.0,,0.7000000000000014,0.0,0.9205000000000041,-0.011099999999999,-0.4795000000000016,-1.3795000000000002,,0.08432065521216117,0.8200609733428379,0.0,3.0,0.0,0.05263157894736842,0.21052631578947367,3.0,0.0,,
1165,202305040704,11,4,13,73,2,0,1,7,0,0,0,0,5,3,2,25,1,0,1,3,0,0,0,0,0,1,0,2,0,0,0,0,0,0,0,0,,,,,,,,,,,,,,,,,,,,,,,,,0.08064516129032258,0.23118279569892472,4,6,31.9,8.0,1095,1051,1221,,,,,,,,,,,,,,,,,56.0,,15.0,,,,,,,,,,,,,,,,,,0.0,,0.08256880733944955,0.25688073394495414,0.0,,-0.06510651065106512,
1166,202305040704,4,5,4,48,11,13,6,86,1,0,0,1,2,1,2,16,4,8,2,42,1,0,0,0,0,0,0,5,1,1,0,4,0,0,0,0,,,,,,,,,,,,,,,,,,,,,,,,,0.0,0.2,8,14,1.9,1.0,1467,1393,336,,,,,,,,,,,,,,,,,56.0,,15.0,,,,,,,,,,,,,,,,,,0.0,,,,0.0,,0.12021857923497267,-0.10199418363107604
1167,202305040704,0,4,3,47,24,19,11,236,0,1,1,2,0,2,1,24,7,2,1,59,0,0,0,0,0,0,0,2,0,0,0,2,0,0,0,0,0.0,0.0,3.0,8.0,41.5,1.9,0.5,0.0,0.0,12.0,10.0,35.3,1.3,0.5833333333333334,0.0,0.0,11.0,7.0,40.4,2.0,0.6,-0.5,20.0,-300.0,0.14285714285714285,0.2857142857142857,2,2,127.1,13.0,1729,1294,1428,0.0,0.0,11.0,7.0,42.1,2.8,0.4,0.0,0.0,9.0,11.0,39.6,2.2,0.75,0.3,0.0,56.0,-367.0,15.0,12.0,502.0,0.25,0.0,0.13333333333333333,-0.06666666666666667,0.0625,-0.3000000000000007,0.0,2.2905999999999977,-0.730000000000004,0.8532999999999973,2.4741,-0.025900000000000034,0.11595018087284056,2.4011663832396133,-1.0,0.0,,0.13333333333333333,0.3333333333333333,0.0,,-0.04391534391534391,0.05268199233716475
1168,202305040704,1,2,0,11,18,15,24,255,0,1,0,1,0,0,0,4,3,4,10,79,0,0,0,0,0,0,0,1,0,0,0,4,0,0,0,0,,,,,,,,,,,,,,,,,,,,,,,,,0.038461538461538464,0.11538461538461539,6,11,13.4,5.0,1600,1263,680,,,,,,,,,,,,,,,,,54.0,,15.0,,,,,,,,,,,,,,,,,,0.0,,0.11009174311926606,0.25688073394495414,0.0,,0.05844155844155843,0.03282493368700265
1169,202305040704,0,0,0,0,0,0,0,2,0,0,0,0,0,0,0,0,0,0,0,1,0,0,0,0,0,0,0,0,0,0,0,0,0,0,0,0,0.0,0.0,4.0,11.0,41.1,3.3,1.0,0.0,0.0,12.0,14.0,39.8,3.1,0.2,0.0,0.0,14.0,9.0,38.4,1.9,0.8125,-1.0,1.0,-100.0,0.06343283582089553,0.25,1,1,212.5,15.0,1261,1127,387,0.0,0.0,15.0,9.0,38.0,1.7,0.5333333333333333,,,,,,,,-1.1,0.0,55.0,-365.0,15.0,11.0,421.0,0.0,0.2,0.0,-0.06666666666666667,,1.0700000000000003,0.0,,1.9788999999999959,0.12049999999999983,-0.27949999999999875,,0.3017796605831259,1.223468430324216,1.0,2.0,0.0,0.15517241379310345,0.3275862068965517,2.0,0.0,,
1170,202305040704,4,5,4,48,0,0,0,2,0,0,0,0,2,1,2,16,0,0,0,0,0,0,0,0,0,0,0,5,0,0,0,0,0,0,0,0,,,,,,,,,,,,,,,,,,,,,,,,,0.03271028037383177,0.13551401869158877,7,12,75.8,10.0,1467,1576,336,,,,,,,,,,,,,,,,,55.0,,15.0,,,,,,,,,,,,,,,,,,0.0,,0.0,0.10638297872340426,0.0,,0.12021857923497267,
1171,202305040704,2,1,2,23,0,0,0,2,0,0,0,0,0,0,1,11,0,0,0,1,0,0,0,0,0,0,1,1,0,0,0,0,0,0,0,0,0.0,0.0,10.0,9.0,38.8,2.0,0.75,0.0,0.0,10.0,11.0,36.2,1.0,0.3888888888888889,0.0,0.0,7.0,14.0,43.3,3.4,0.4375,2.5,-8.0,200.0,0.024242424242424242,0.10303030303030303,6,10,6.3,2.0,1064,803,1556,0.0,0.0,7.0,10.0,38.2,2.8,0.7333333333333333,0.0,0.0,2.0,11.0,38.4,2.1,0.4666666666666667,0.3,0.0,56.0,-346.0,15.0,12.0,488.0,0.08333333333333333,0.05555555555555555,0.0,-0.13333333333333333,0.0,-0.12000000000000029,0.0,0.8888999999999996,0.8346000000000018,3.753299999999996,0.6086000000000027,0.12049999999999983,0.15429149100819156,2.3395726105423598,-1.0,1.0,0.0,0.2459016393442623,0.47540983606557374,1.0,0.0,0.07142857142857142,
1172,202305040704,0,0,0,0,0,0,0,2,0,0,0,0,0,0,0,0,0,0,0,0,0,0,0,0,0,0,0,0,0,0,0,0,0,0,0,0,0.0,0.0,2.0,3.0,38.0,0.4,0.5,0.0,0.0,11.0,8.0,37.6,2.2,0.8666666666666667,0.0,0.0,15.0,7.0,36.9,0.4,0.75,2.0,-12.0,200.0,0.041176470588235294,0.13529411764705881,5,9,92.3,12.0,1219,1576,348,0.0,0.0,14.0,9.0,37.7,1.4,0.375,0.0,0.0,16.0,9.0,39.4,2.3,0.25,1.3,0.2,55.0,-357.0,15.0,10.0,466.0,-0.3,0.0,-0.0625,0.0,0.0,-0.28999999999999987,0.0,0.08890000000000242,-0.31109999999999616,-0.6914000000000016,-0.5794999999999959,1.488900000000001,0.22951639980136013,0.8231646250902667,-1.0,1.0,0.0,0.0,0.18461538461538463,1.0,0.0,,
1173,202305040704,0,0,0,9,7,4,4,70,0,0,0,0,0,0,0,3,1,0,0,27,0,0,0,0,0,0,0,2,0,0,0,2,0,0,0,0,0.0,0.0,,,,,,0.0,0.0,140.0,14.0,37.6,2.6,1.0,0.0,0.0,110.0,10.0,40.5,4.8,1.0,-4.0,2.0,100.0,0.032432432432432434,0.0918918918918919,5,8,187.1,14.0,1516,1503,1039,0.0,0.0,140.0,13.0,38.3,3.4,0.9333333333333333,,,,,,,,-0.5,0.0,56.0,-104.0,15.0,15.0,492.0,,0.0,-0.08333333333333333,0.0,,-0.34999999999999787,0.0,,0.1822999999999979,2.4273999999999987,0.02049999999999841,,0.03142696805273544,1.235583532856709,-1.0,1.0,0.0,0.04918032786885246,0.19672131147540983,1.0,0.0,,0.016511867905056737
1174,202305040704,1,0,1,4,0,1,1,13,0,0,0,0,0,0,1,4,0,0,1,5,0,0,0,0,0,0,0,0,0,0,0,0,0,0,0,0,0.0,0.0,13.0,15.0,43.0,8.5,0.7333333333333333,0.0,0.0,6.0,14.0,39.0,3.4,0.6666666666666666,,,,,,,,-1.0,12.0,-300.0,0.07317073170731707,0.23780487804878048,3,5,14.7,6.0,525,464,1,,,,,,,,,,,,,,,-1.0,0.0,56.0,-112.0,15.0,15.0,482.0,0.26666666666666666,0.13333333333333333,,,,4.0,0.0,3.6073999999999984,0.7205000000000013,,,,0.033333333333333326,2.0,0.0,1.0,0.0,0.0,0.0,1.0,0.0,0.06666666666666671,
1175,202305040704,2,1,2,23,0,0,0,2,0,0,0,0,0,0,1,11,0,0,0,2,0,0,0,0,0,0,1,1,0,0,0,0,0,0,0,0,0.0,0.0,80.0,30.0,38.9,0.9,0.16666666666666666,0.0,0.0,120.0,140.0,38.4,4.0,0.8666666666666667,0.0,0.0,110.0,150.0,38.3,3.4,0.9333333333333333,60.0,-1.0,500.0,0.019230769230769232,0.07692307692307693,4,7,88.5,11.0,1064,617,1556,,,,,,,,,,,,,,,60.0,0.0,56.0,-356.0,15.0,12.0,495.0,0.0,0.0,0.0,,,0.3000000000000007,0.0,,0.488900000000001,0.02049999999999841,,,0.3467663674294941,0.26246692913372743,0.0,1.0,0.0,0.020833333333333332,0.16666666666666666,1.0,0.0,0.07142857142857142,
1176,202305040708,5,1,6,33,15,21,12,151,0,0,0,0,3,1,6,14,4,6,4,62,0,0,0,0,2,0,3,3,1,1,1,10,0,0,0,0,0.0,0.0,11.0,11.0,36.1,1.6,0.42857142857142855,0.0,0.0,6.0,8.0,37.5,0.9,0.2,0.0,0.0,3.0,13.0,37.0,1.8,0.6875,1.0,0.0,-200.0,0.14150943396226415,0.3443396226415094,8,13,4.1,2.0,1401,1482,517,0.0,0.0,6.0,1.0,36.3,0.0,0.125,0.0,0.0,2.0,1.0,35.8,0.0,0.38461538461538464,-2.7,0.4,54.0,-349.0,13.0,14.0,430.0,0.07142857142857142,0.0,-0.0625,0.0,-0.07692307692307693,0.18000000000000113,0.0,-1.1550999999999974,-0.7794999999999987,-0.8233000000000033,-1.3643,-2.4795000000000016,0.1965997179559274,0.6216108107168028,1.0,3.0,0.6666666666666666,0.078125,0.21875,2.0,0.5,0.019047619047619035,-0.05872427832593624
1177,202305040708,5,1,6,33,0,0,0,0,0,0,0,0,3,1,6,14,0,0,0,0,0,0,0,0,2,0,3,3,0,0,0,0,0,0,0,0,0.0,0.0,50.0,6.0,36.9,1.6,0.5,0.0,0.0,10.0,1.0,36.8,0.0,0.4375,0.0,0.0,90.0,2.0,37.5,0.3,0.4375,-2.0,-10.0,0.0,0.0736196319018405,0.2331288343558282,3,3,4.6,3.0,1401,1269,517,,,,,,,,,,,,,,,-2.0,0.6666666666666666,56.0,155.0,13.0,16.0,500.0,-0.0625,-0.25,0.0,,,-0.3000000000000007,0.0,-1.2338000000000022,-1.1111000000000004,-0.4110999999999976,,,0.02946278254943948,0.30912061651652456,0.0,1.0,0.0,0.06666666666666667,0.16666666666666666,0.0,,0.019047619047619035,
1178,202305040708,10,4,8,54,13,13,12,182,0,0,0,2,2,3,4,26,3,3,3,65,0,0,0,1,0,0,0,7,0,0,0,11,0,0,0,0,0.0,0.0,2.0,2.0,40.2,0.6,0.38461538461538464,0.0,0.0,10.0,9.0,37.3,2.0,0.8666666666666667,0.0,0.0,8.0,14.0,40.2,2.3,0.0625,6.0,9.0,-100.0,0.06367041198501873,0.24719101123595505,7,11,2.5,1.0,1601,1405,239,0.0,0.0,6.0,8.0,38.1,1.1,0.15384615384615385,0.0,0.0,9.0,10.0,39.1,2.1,0.1875,1.5,0.2,58.0,-354.0,13.0,13.0,497.0,0.0,-0.06666666666666667,0.0625,0.0,0.1875,0.13999999999999985,0.0,,-0.8537999999999997,0.5741000000000014,-1.2926000000000002,-0.5259,0.28770866137988377,1.1478675881825413,2.0,1.0,0.0,0.02857142857142857,0.11428571428571428,0.0,,-0.08114035087719298,0.04068736141906873
1179,202305040708,11,4,13,73,0,0,0,9,0,0,0,0,5,3,2,25,0,0,0,5,0,0,0,0,2,0,0,11,0,0,0,0,0,0,0,0,0.0,0.0,100.0,16.0,36.2,2.5,1.0,0.0,0.0,70.0,7.0,38.1,1.3,0.3076923076923077,0.0,0.0,80.0,9.0,38.8,1.6,0.1,-3.5,0.0,0.0,0.0446927374301676,0.16759776536312848,5,6,12.4,5.0,1095,1645,1221,0.0,0.0,60.0,1.0,37.1,0.0,0.25,,,,,,,,-4.3,0.25,54.0,162.0,13.0,16.0,446.0,-0.0625,0.0,0.0,-0.0625,,-0.33999999999999914,0.0,-1.933799999999998,0.23170000000000357,0.8475999999999999,-0.5642999999999958,,0.34647821340867,0.9861541461657991,0.0,2.0,0.5,0.03389830508474576,0.13559322033898305,0.0,,-0.06510651065106512,0.4
1180,202305040708,5,1,6,33,1,2,0,14,0,0,0,0,3,1,6,14,0,0,0,5,0,0,0,0,2,0,3,3,0,0,0,0,0,0,0,0,0.0,0.0,80.0,16.0,37.3,3.4,0.375,0.0,0.0,90.0,13.0,35.7,1.7,0.8888888888888888,0.0,0.0,100.0,12.0,35.0,1.3,0.6923076923076923,-2.0,14.0,-200.0,0.04142011834319527,0.13609467455621302,4,4,24.6,8.0,1401,1335,517,0.0,0.0,60.0,6.0,35.2,0.5,0.6666666666666666,0.0,0.0,50.0,4.0,34.1,0.6,0.8823529411764706,-3.1,0.0,57.0,14.0,13.0,16.0,464.0,-0.0625,-0.05555555555555555,-0.15384615384615385,-0.05555555555555555,0.0,0.6899999999999992,0.0,2.225299999999997,0.5935000000000059,-0.6499000000000024,-2.0381,-1.0064999999999955,0.18746810314531537,1.0556514576317304,-1.0,0.0,,0.0,0.08,0.0,,0.019047619047619035,0.17647058823529413
1181,202305040708,3,6,7,83,2,1,1,22,1,0,0,4,1,2,1,30,0,0,1,3,0,0,0,1,1,1,1,12,0,0,0,0,0,0,0,0,0.0,0.0,100.0,10.0,37.2,0.6,0.26666666666666666,0.0,0.0,15.0,8.0,36.7,0.8,0.1875,0.0,0.0,12.0,8.0,37.1,1.5,0.6875,-1.0,0.0,0.0,0.06862745098039216,0.2549019607843137,6,8,16.0,6.0,1431,1079,1428,0.0,0.0,15.0,4.0,36.8,0.8,0.625,0.0,0.0,10.0,9.0,38.2,1.1,0.25,-0.6,0.0,56.0,-378.0,13.0,15.0,476.0,0.0,0.0625,-0.0625,-0.1875,-0.0625,-0.20999999999999944,0.0,-0.4642999999999944,-1.579499999999996,-0.7233000000000018,-1.023300000000006,0.7822999999999993,0.2091218411463624,0.53291650377897,0.0,2.0,0.0,0.12371134020618557,0.30927835051546393,1.0,0.0,-0.03118137900746598,0.06837606837606836
1182,202305040708,4,5,4,48,11,13,6,86,1,0,0,1,2,1,2,16,4,8,2,42,1,0,0,0,0,0,0,5,2,1,1,7,0,0,0,0,0.0,0.0,120.0,8.0,38.1,1.2,1.0,0.0,0.0,110.0,12.0,40.6,4.5,0.23076923076923078,0.0,0.0,130.0,11.0,39.5,1.8,0.7142857142857143,1.5,10.0,-300.0,0.03286384976525822,0.13615023474178403,8,12,90.2,10.0,1467,1393,336,0.0,0.0,120.0,11.0,36.3,2.0,0.6875,0.0,0.0,140.0,8.0,37.3,1.0,0.9333333333333333,-0.1,0.0,58.0,63.0,13.0,13.0,496.0,-0.46153846153846156,0.5384615384615384,0.21428571428571427,0.0625,-0.13333333333333333,0.5900000000000013,0.0,-1.176400000000001,1.2073999999999998,0.10739999999999839,-1.8338000000000036,-0.9795000000000016,0.26985701318446503,1.5331014317389455,0.0,2.0,0.0,0.0625,0.25,1.0,0.0,0.12021857923497267,-0.10199418363107604
1183,202305040708,3,2,1,20,0,1,0,9,0,0,0,0,1,0,1,10,0,0,0,2,0,0,0,0,0,0,0,3,0,0,0,1,0,0,0,0,0.0,0.0,50.0,12.0,38.8,1.8,0.2,0.0,0.0,30.0,1.0,36.3,0.0,0.1875,0.0,0.0,30.0,2.0,37.8,0.8,0.25,-5.0,10.0,0.0,0.03260869565217391,0.09239130434782608,7,10,18.4,7.0,1446,1169,75,0.0,0.0,50.0,2.0,36.7,0.4,0.6,0.0,0.0,120.0,5.0,37.9,0.9,0.6875,-1.3,0.6,54.0,14.0,13.0,15.0,458.0,0.0,-0.0625,-0.0625,0.06666666666666667,-0.0625,0.13999999999999915,0.0,0.5204999999999984,-1.9795000000000016,-0.11110000000000042,-0.7177000000000007,-0.011099999999999,0.2140969406600664,0.896660470858395,0.0,2.0,0.5,0.07407407407407407,0.2222222222222222,2.0,0.5,-0.02024291497975711,0.1857142857142857
1184,202305040708,17,18,10,162,0,0,0,0,0,0,0,0,10,9,5,93,0,0,0,0,0,0,0,0,1,6,1,27,0,0,0,0,0,0,0,0,0.0,0.0,1.0,2.0,39.7,0.4,0.375,0.0,0.0,4.0,9.0,39.0,2.4,0.07692307692307693,0.0,0.0,11.0,18.0,36.4,1.7,0.1111111111111111,8.0,0.0,170.0,0.25,0.4375,5,7,8.8,4.0,1172,1403,1556,0.0,0.0,3.0,7.0,35.9,1.0,0.35714285714285715,0.0,0.0,2.0,2.0,38.8,0.1,0.2,-0.2,0.4,56.0,-278.0,13.0,8.0,472.0,0.125,0.0,0.0,0.21428571428571427,0.0,0.49000000000000127,0.0,,0.7205000000000013,1.3252999999999986,-0.37420000000000186,0.5204999999999984,0.12286540332860782,1.5160474926597791,0.0,2.0,0.5,0.3,0.5333333333333333,2.0,0.5,0.01460869565217393,
1185,202305040708,9,6,8,51,2,2,5,78,0,0,0,1,2,3,3,20,1,0,1,30,0,0,0,0,1,0,0,5,1,0,0,2,0,0,0,0,0.0,0.0,12.0,10.0,37.2,2.4,0.9230769230769231,0.0,0.0,14.0,12.0,36.2,1.5,1.0,0.0,0.0,12.0,,,,,2.0,-4.0,0.0,0.02531645569620253,0.0759493670886076,2,2,294.9,12.0,1677,1036,1167,0.0,0.0,10.0,9.0,36.9,1.2,0.6875,0.0,0.0,10.0,6.0,35.8,1.6,0.625,-1.5,0.0,56.0,0.0,13.0,13.0,450.0,-0.07692307692307693,0.0,,-0.125,0.0,0.35000000000000214,0.0,-1.079499999999996,-2.079499999999996,,-1.3795000000000002,-1.6341000000000037,0.15661477391211973,0.5539629951540096,0.0,3.0,0.0,0.05,0.125,3.0,0.0,-0.10492845786963434,-0.0649867374005305
1186,202305040708,12,9,11,80,9,12,12,108,0,0,1,1,3,2,2,27,3,7,5,42,0,0,0,0,1,2,1,9,0,2,2,10,0,0,0,0,0.0,0.0,11.0,9.0,43.0,3.3,0.18181818181818182,0.0,0.0,11.0,11.0,38.6,2.7,0.3076923076923077,0.0,0.0,8.0,15.0,42.5,4.9,0.13333333333333333,3.0,6.0,100.0,0.058823529411764705,0.18487394957983194,1,1,104.3,11.0,1586,1221,1167,0.0,0.0,8.0,12.0,41.1,3.8,0.25,0.0,0.0,7.0,14.0,41.1,3.4,0.5714285714285714,1.1,0.0,54.0,-197.0,13.0,11.0,462.0,0.5454545454545454,0.0,0.3333333333333333,0.08333333333333333,0.2857142857142857,0.12999999999999973,0.0,5.565899999999999,0.32050000000000267,2.8740999999999985,3.0274,1.4741,0.1532032948104577,1.5291827882892215,0.0,1.0,0.0,0.03508771929824561,0.17543859649122806,1.0,0.0,-0.06653620352250489,-0.024042553191489374
1187,202305040708,6,2,13,58,16,16,19,162,1,1,0,7,1,1,3,17,4,4,5,55,0,0,0,0,0,0,0,8,0,1,1,20,0,0,0,0,0.0,0.0,160.0,16.0,38.5,2.7,0.375,0.0,0.0,150.0,15.0,38.3,2.8,0.8666666666666667,0.0,0.0,160.0,15.0,38.3,2.9,0.8125,-0.5,4.0,0.0,0.0,0.024390243902439025,4,5,430.1,13.0,1426,1345,306,0.0,0.0,150.0,14.0,39.4,2.4,0.2,0.0,0.0,160.0,15.0,38.2,3.3,1.0,-0.3,0.0,56.0,8.0,13.0,16.0,454.0,0.0625,0.0,0.0625,0.0,0.0,-0.05000000000000071,0.0,0.22050000000000125,0.02049999999999841,0.3888999999999996,1.488900000000001,-0.07949999999999591,0.30788706443182123,0.4409081537009717,3.0,3.0,0.0,0.014285714285714285,0.05714285714285714,3.0,0.0,0.050843881856540096,-0.02467151904716891
1188,202305040708,43,41,42,253,10,7,13,124,0,0,0,3,13,15,18,95,5,3,5,58,0,0,0,1,3,5,4,26,2,1,2,11,0,0,0,0,0.0,0.0,5.0,11.0,44.5,4.3,0.18181818181818182,0.0,0.0,9.0,13.0,40.1,5.7,0.6153846153846154,0.0,0.0,14.0,16.0,39.9,5.5,0.9375,2.5,3.0,-200.0,0.04,0.12,6,9,35.7,9.0,1576,1366,1577,0.0,0.0,4.0,1.0,38.3,0.0,0.1875,,,,,,,,-2.7,0.25,55.0,-280.0,13.0,11.0,489.0,0.36363636363636365,0.3076923076923077,0.0625,0.0,,1.8800000000000012,0.0,6.427399999999999,1.8205000000000027,1.7462000000000018,0.4788999999999959,,0.3170578329335895,2.3021728866442683,-1.0,2.0,0.0,0.019230769230769232,0.1346153846153846,1.0,0.0,-0.03389267477838315,-0.005916305916305931
1189,202305040807,2,1,2,23,4,7,7,131,0,0,0,0,0,0,1,11,1,3,1,42,0,0,0,0,0,0,0,4,0,1,0,8,0,0,0,0,0.0,0.0,50.0,3.0,36.7,0.1,0.1875,0.0,0.0,30.0,6.0,37.2,0.6,0.375,0.0,0.0,40.0,6.0,35.3,0.8,0.875,1.5,2.0,0.0,0.24390243902439024,0.4878048780487805,3,5,3.1,1.0,1064,1559,1556,0.0,0.0,20.0,2.0,36.8,0.1,0.3125,0.0,0.0,60.0,5.0,38.1,1.4,0.0625,0.0,0.4,56.0,14.0,16.0,16.0,504.0,-0.0625,-0.0625,-0.0625,-0.0625,0.0,-0.23999999999999916,0.0,-1.579499999999996,-0.668299999999995,-0.5162000000000049,-0.616100000000003,-0.033799999999999386,0.27782638463616083,0.9064215354899742,0.0,2.0,0.5,0.05,0.2,1.0,1.0,0.07142857142857142,0.07049897869857018
1190,202305040807,3,6,7,83,1,3,4,28,0,0,0,0,1,2,1,30,1,0,3,12,0,0,0,0,1,1,1,12,0,0,0,2,0,0,0,0,0.0,0.0,2.0,4.0,40.5,0.8,0.16666666666666666,0.0,0.0,2.0,10.0,36.3,1.4,0.8125,0.0,0.0,11.0,2.0,36.1,0.2,0.75,-1.0,13.0,-100.0,0.044444444444444446,0.16666666666666666,6,12,40.2,11.0,1431,1292,1428,0.0,0.0,3.0,7.0,36.0,0.5,0.3125,0.0,0.0,4.0,3.0,35.2,0.5,0.3125,-0.5,0.4,56.0,-271.0,16.0,12.0,501.0,0.0,-0.0625,-0.0625,0.0,-0.125,1.0899999999999992,0.0,,-1.8537999999999997,-2.1794999999999973,0.846899999999998,0.04690000000000083,0.2597407895918117,1.8776581158453736,0.0,2.0,0.5,0.018867924528301886,0.1320754716981132,1.0,1.0,-0.03118137900746598,-0.07936507936507936
1191,202305040807,16,16,15,141,1,0,1,11,0,0,0,0,9,9,7,56,0,0,1,5,0,0,0,0,3,4,4,17,0,0,0,0,0,0,0,0,0.0,0.0,60.0,1.0,37.4,0.0,0.3125,0.0,0.0,60.0,5.0,38.8,1.5,0.5,,,,,,,,4.0,0.0,0.0,0.04375,0.1875,7,14,4.5,3.0,1278,1571,625,,,,,,,,,,,,,,,4.0,0.5,56.0,153.0,16.0,16.0,480.0,0.0,0.0625,,,,-1.3999999999999986,0.0,-0.8795000000000002,0.8888999999999996,,,,0.09375,0.6999999999999993,0.0,1.0,1.0,0.043478260869565216,0.13043478260869565,1.0,1.0,0.010563380281690127,-0.08241758241758243
1192,202305040807,1,0,1,26,2,0,2,16,0,0,0,2,0,0,0,5,1,0,1,10,0,0,0,1,0,0,0,3,1,0,0,3,0,0,0,0,0.0,0.0,80.0,4.0,37.5,0.7,0.125,0.0,0.0,100.0,10.0,39.9,1.8,0.07692307692307693,0.0,0.0,70.0,1.0,36.6,0.0,0.125,-1.5,2.0,0.0,0.0,0.0,5,9,33.5,8.0,1707,1199,1482,0.0,0.0,20.0,5.0,39.5,2.5,0.26666666666666666,0.0,0.0,40.0,5.0,41.5,1.6,0.13333333333333333,-0.3,0.2,56.0,0.0,16.0,16.0,554.0,0.0,0.0,0.0,0.13333333333333333,0.0,-0.7600000000000001,0.0,-0.7794999999999987,1.8273999999999972,-0.6550999999999974,-0.12590000000000146,2.687199999999997,0.063831993074852,1.7504285189632847,0.0,1.0,0.0,0.043478260869565216,0.2608695652173913,1.0,0.0,0.2857142857142857,0.03529411764705881
1193,202305040807,9,7,10,114,0,0,1,1,0,0,0,0,3,1,0,26,0,0,1,0,0,0,0,0,1,0,0,5,0,0,0,0,0,0,0,0,0.0,0.0,11.0,11.0,37.3,1.5,0.25,0.0,0.0,7.0,5.0,37.7,0.8,0.125,0.0,0.0,6.0,12.0,38.9,1.7,0.3333333333333333,0.5,4.0,0.0,0.08333333333333333,0.27564102564102566,2,4,25.3,7.0,1503,377,1263,0.0,0.0,2.0,1.0,36.3,0.0,0.1875,0.0,0.0,3.0,9.0,34.3,1.6,0.46153846153846156,-0.8,0.2,54.0,-22.0,16.0,16.0,494.0,0.0,0.0,0.0,0.0,0.07692307692307693,0.7400000000000005,0.0,-0.8537999999999997,-0.5794999999999959,0.988900000000001,-1.8537999999999997,-0.7747000000000028,0.11740398177890343,1.5440207252495035,-1.0,3.0,0.3333333333333333,0.2,0.4,1.0,0.0,-0.017174959871589096,
1194,202305040807,4,0,7,35,3,3,3,19,1,0,0,0,1,0,3,12,1,1,2,11,0,0,0,0,0,0,0,1,0,0,0,0,0,0,0,0,0.0,0.0,50.0,7.0,39.1,1.3,0.23076923076923078,0.0,0.0,30.0,8.0,39.6,1.2,0.2727272727272727,0.0,0.0,30.0,14.0,41.6,3.7,0.14285714285714285,3.5,16.0,-200.0,0.01904761904761905,0.0761904761904762,4,8,7.1,4.0,1204,1665,1221,0.0,0.0,80.0,6.0,38.3,0.8,0.0625,0.0,0.0,80.0,10.0,38.1,2.2,0.25,0.4,0.0,56.0,14.0,16.0,13.0,560.0,0.0,-0.09090909090909091,0.42857142857142855,0.0,0.0,0.3300000000000004,0.0,1.0274,0.2073999999999998,2.323599999999999,0.22739999999999583,-0.033799999999999386,0.07819073269799702,1.2531560158256438,0.0,1.0,0.0,0.10810810810810811,0.25675675675675674,0.0,,-0.10755148741418766,-0.32142857142857145
1195,202305040807,4,9,6,86,1,1,0,4,0,1,0,0,0,3,2,28,1,0,0,1,0,0,0,0,0,2,0,7,0,0,0,0,0,0,0,0,0.0,0.0,7.0,9.0,36.7,2.1,0.9,0.0,0.0,12.0,12.0,41.6,4.5,0.8333333333333334,0.0,0.0,12.0,9.0,39.9,2.0,0.26666666666666666,0.0,24.0,480.0,0.15486725663716813,0.34513274336283184,3,6,39.1,10.0,1333,1691,1294,0.0,0.0,15.0,14.0,37.4,1.2,0.875,0.0,0.0,15.0,16.0,39.9,2.9,0.6875,1.6,0.0,54.0,-313.0,16.0,10.0,434.0,,0.08333333333333333,0.0,0.0625,0.0625,-0.21999999999999886,0.0,,3.5274,0.507399999999997,-0.017700000000004934,1.8273999999999972,0.23475755815545346,1.7988885457415082,0.0,0.0,,0.044444444444444446,0.14444444444444443,0.0,,-0.10158730158730159,-0.20833333333333331
1196,202305040807,4,9,6,86,24,25,22,286,0,0,0,4,0,3,2,28,9,6,7,91,0,0,0,2,0,2,0,7,2,0,0,15,0,0,0,0,0.0,0.0,100.0,3.0,37.7,0.2,0.125,0.0,0.0,110.0,4.0,37.3,0.4,0.5333333333333333,0.0,0.0,90.0,7.0,37.3,1.1,0.4375,2.0,12.0,200.0,0.046296296296296294,0.18055555555555555,1,1,16.6,6.0,1333,1013,1294,0.0,0.0,90.0,2.0,37.4,0.8,0.6,0.0,0.0,50.0,6.0,42.9,2.7,0.4444444444444444,0.4,0.4,56.0,27.0,16.0,16.0,460.0,0.0,0.0,0.0,-0.06666666666666667,-0.2222222222222222,-1.0499999999999994,0.0,-0.21109999999999474,-0.6111000000000004,-0.8338000000000036,-0.511099999999999,3.274099999999997,0.16300231006467286,2.194903186931032,0.0,1.0,0.0,0.06521739130434782,0.30434782608695654,0.0,,-0.10158730158730159,-0.045033397974574424
1197,202305040807,0,0,0,1,1,0,0,1,0,0,0,0,0,0,0,0,0,0,0,1,0,0,0,0,0,0,0,0,0,0,0,0,0,0,0,0,0.0,0.0,1.0,4.0,39.5,0.8,0.5555555555555556,0.0,0.0,16.0,15.0,38.4,3.0,0.875,0.0,0.0,14.0,10.0,39.3,2.2,0.5714285714285714,3.0,3.0,0.0,0.03255813953488372,0.13488372093023257,8,16,138.7,14.0,1085,1033,334,0.0,0.0,15.0,12.0,36.5,1.6,0.6875,0.0,0.0,14.0,9.0,36.5,1.4,0.875,0.7,0.0,58.0,-359.0,16.0,9.0,525.0,-0.2222222222222222,0.125,0.21428571428571427,0.0625,0.0,0.7899999999999998,0.0,1.8357000000000028,-0.4128000000000043,-0.3259000000000043,-1.6537999999999968,-1.7794999999999987,0.13997815490224264,1.3108775686539145,2.0,3.0,0.0,0.06557377049180328,0.21311475409836064,1.0,0.0,,
1198,202305040807,1,1,0,11,1,0,0,15,1,0,0,2,0,0,0,2,0,0,0,3,0,0,0,0,0,0,0,0,0,0,0,1,0,0,0,0,0.0,0.0,7.0,10.0,39.9,2.1,1.0,0.0,0.0,16.0,14.0,40.7,1.8,0.125,0.0,0.0,15.0,10.0,37.1,1.7,0.8125,0.0,17.0,-300.0,0.030303030303030304,0.06060606060606061,1,2,317.5,15.0,1289,1327,1428,0.0,0.0,13.0,15.0,37.2,2.9,0.125,0.0,0.0,8.0,8.0,34.3,1.3,0.7777777777777778,-0.3,0.0,56.0,-354.0,16.0,10.0,475.0,0.0,0.0,0.0,0.0,0.0,1.4700000000000002,0.0,0.507399999999997,2.420500000000004,-1.1794999999999973,2.125300000000003,-1.1592000000000056,0.3695697364821107,2.2764885240211528,2.0,2.0,0.0,0.0,0.044444444444444446,2.0,0.0,0.02797202797202797,0.008928571428571425
1199,202305040807,0,0,0,5,15,21,12,151,0,0,0,1,0,0,0,0,4,6,4,62,0,0,0,0,0,0,0,0,1,1,1,10,0,0,0,0,0.0,0.0,10.0,9.0,40.2,1.3,0.6666666666666666,0.0,0.0,15.0,11.0,37.4,1.7,0.875,0.0,0.0,16.0,12.0,36.5,1.4,1.0,1.5,5.0,-300.0,0.06319702602230483,0.24907063197026022,7,13,460.0,16.0,1537,1482,488,0.0,0.0,16.0,11.0,36.8,1.9,0.9375,0.0,0.0,15.0,10.0,36.8,1.5,0.875,0.2,0.0,56.0,-351.0,16.0,12.0,467.0,0.16666666666666666,0.0625,0.0,0.0,0.0,0.7400000000000013,0.0,0.8074000000000012,-0.6726000000000028,-1.3211000000000013,-1.4795000000000016,-1.4795000000000016,0.11211353372561426,1.361763562443938,0.0,2.0,0.0,0.07692307692307693,0.07692307692307693,2.0,0.0,,-0.05872427832593624
1200,202305040807,12,9,9,59,17,25,19,185,1,1,0,4,5,4,1,17,7,6,8,58,0,0,0,1,3,1,0,6,0,1,0,15,0,0,0,1,0.0,0.0,11.0,11.0,40.6,2.4,0.4166666666666667,0.0,0.0,9.0,12.0,38.1,2.4,0.625,0.0,0.0,13.0,10.0,40.4,1.4,0.15384615384615385,-0.5,-12.0,-300.0,0.14553990610328638,0.3474178403755869,8,15,34.4,9.0,1463,1183,1167,0.0,0.0,11.0,11.0,42.1,4.9,0.14285714285714285,0.0,0.0,8.0,14.0,39.6,2.8,0.1875,0.5,0.0,56.0,-78.0,16.0,12.0,490.0,0.16666666666666666,0.125,0.0,0.21428571428571427,0.0,-0.2,0.0,1.2073999999999998,-0.17949999999999733,0.7740999999999971,2.4741,1.4462000000000046,0.188580664123733,1.3093509842666327,0.0,2.0,0.0,0.0,0.3333333333333333,1.0,0.0,-0.03549135009809168,-0.0538498326159732
1201,202305040807,0,0,0,6,20,25,21,205,0,0,0,1,0,0,0,4,5,4,2,61,0,0,0,0,0,0,0,0,1,1,0,14,0,0,0,0,0.0,0.0,1.0,1.0,41.4,0.0,0.3333333333333333,0.0,0.0,16.0,16.0,34.6,1.8,1.0,0.0,0.0,15.0,11.0,36.2,0.9,0.1875,5.0,2.0,0.0,0.08021390374331551,0.22994652406417113,5,10,88.0,13.0,1246,1167,533,0.0,0.0,11.0,10.0,35.0,1.1,0.9090909090909091,0.0,0.0,6.0,7.0,34.2,1.0,1.0,0.6,0.2,56.0,-352.0,16.0,9.0,476.0,-0.2222222222222222,0.0,0.0625,0.0,0.0,1.3999999999999992,0.0,3.2462000000000018,-0.5064999999999955,1.0469000000000008,-0.153100000000002,-0.9530999999999992,0.3520902101305698,2.6460536653665954,0.0,1.0,1.0,0.0375,0.175,0.0,,,0.019083827201908404
1202,202305040807,4,1,2,15,3,2,2,17,0,1,0,1,0,1,2,2,0,1,1,8,0,1,0,1,0,0,1,1,0,0,0,3,0,0,0,1,0.0,0.0,70.0,11.0,37.2,1.4,0.7333333333333333,0.0,0.0,90.0,13.0,35.8,2.1,0.8571428571428571,0.0,0.0,40.0,9.0,38.4,2.2,0.7,-1.0,2.0,200.0,0.1346153846153846,0.38461538461538464,4,7,11.3,5.0,32,910,664,0.0,0.0,30.0,8.0,37.4,1.5,0.8461538461538461,0.0,0.0,110.0,7.0,37.1,1.3,1.0,-1.3,0.0,56.0,35.0,16.0,15.0,482.0,0.13333333333333333,0.07142857142857142,0.2,-0.07692307692307693,0.0,-0.13999999999999985,0.0,-0.668299999999995,-0.6411000000000016,0.12049999999999983,-0.4682999999999993,-1.1794999999999973,0.1059305193981237,0.8304215796810682,1.0,2.0,0.0,0.09302325581395349,0.16279069767441862,2.0,0.0,-0.04545454545454547,-0.005952380952380987
1203,202305040807,0,0,0,4,0,0,1,25,0,0,0,0,0,0,0,2,0,0,1,12,0,0,0,0,0,0,0,0,0,0,0,3,0,0,0,0,0.0,0.0,20.0,6.0,34.9,0.2,0.0625,0.0,0.0,30.0,6.0,34.1,0.5,0.07692307692307693,0.0,0.0,50.0,7.0,35.1,0.4,0.25,0.5,4.0,-200.0,0.10126582278481013,0.3037974683544304,6,11,4.2,2.0,1699,1506,1313,0.0,0.0,20.0,10.0,36.5,0.7,0.125,0.0,0.0,70.0,6.0,34.0,0.4,0.2,0.4,0.0,54.0,48.0,16.0,16.0,450.0,0.0,0.0,0.0625,0.0625,0.0,-0.060000000000000143,0.0,-0.1747000000000014,-1.0064999999999955,0.025300000000001432,1.4253,-1.0747,0.07192821865619399,0.8997777503361593,0.0,0.0,,0.10638297872340426,0.23404255319148937,0.0,,,0.11538461538461539
1204,202305040807,0,1,1,3,0,1,1,3,0,1,1,3,0,0,1,1,0,0,1,1,0,0,1,1,0,0,1,1,0,0,1,1,0,0,1,1,0.0,0.0,140.0,16.0,39.2,4.1,0.0625,0.0,0.0,60.0,9.0,36.8,1.8,0.375,0.0,0.0,40.0,11.0,38.0,1.3,0.07692307692307693,-2.5,0.0,-200.0,0.039603960396039604,0.19306930693069307,2,3,58.3,12.0,217,945,556,0.0,0.0,20.0,8.0,36.7,2.6,0.75,0.0,0.0,40.0,3.0,37.2,0.6,0.125,-2.7,0.2,58.0,126.0,16.0,16.0,538.0,0.0,0.0,0.0,0.0,-0.0625,0.4099999999999994,0.0,4.125300000000003,-1.3338000000000036,-0.27949999999999875,-0.8913999999999973,-1.079499999999996,0.2617151552455591,0.9303762679690413,0.0,3.0,0.3333333333333333,0.04878048780487805,0.12195121951219512,2.0,0.5,,
1205,202305040812,43,41,42,253,0,0,1,23,0,0,0,2,13,15,18,95,0,0,1,11,0,0,0,2,3,3,5,19,0,0,0,0,0,0,0,0,0.0,0.0,100.0,10.0,38.8,1.3,0.9166666666666666,0.0,0.0,150.0,13.0,35.7,1.4,0.8666666666666667,0.0,0.0,150.0,11.0,37.6,2.1,0.6666666666666666,0.5,2.0,200.0,0.0797872340425532,0.22872340425531915,6,6,19.5,6.0,1576,1522,1577,0.0,0.0,150.0,15.0,36.2,2.1,1.0,0.0,0.0,140.0,12.0,38.4,2.3,0.5625,0.6,0.0,58.0,-332.0,11.0,12.0,524.0,0.08333333333333333,0.13333333333333333,0.0,0.0,0.0,0.029999999999999714,0.0,0.8888999999999996,-2.453799999999994,-0.6794999999999973,-1.6210999999999984,0.32739999999999725,0.16260893784373193,1.2092973166264758,1.0,2.0,0.0,0.08823529411764706,0.2647058823529412,1.0,0.0,-0.03389267477838315,0.05357142857142857
1206,202305040812,4,5,4,48,7,18,10,156,0,0,1,5,2,1,2,16,0,6,2,50,0,0,1,0,0,0,1,0,0,0,0,5,0,0,0,0,0.0,0.0,80.0,7.0,36.1,1.0,0.25,0.0,0.0,7.0,1.0,35.4,0.0,0.2,0.0,0.0,10.0,10.0,35.9,1.1,0.21428571428571427,1.5,-8.0,0.0,0.14485981308411214,0.34579439252336447,1,1,2.2,1.0,1467,1428,336,0.0,0.0,3.0,6.0,36.9,0.5,0.3333333333333333,0.0,0.0,6.0,5.0,36.8,0.5,0.625,0.1,0.2,56.0,-386.0,11.0,16.0,500.0,-0.0625,0.0,0.07142857142857142,0.0,-0.125,-0.28999999999999915,0.0,-2.1794999999999973,-2.1914000000000016,-1.3551000000000002,-2.492600000000003,-1.4795000000000016,0.15721066358159097,0.5635601121442144,1.0,2.0,0.0,0.0,0.5,2.0,0.0,0.12021857923497267,0.035063785856500246
1207,202305040812,9,2,4,101,4,3,1,34,1,1,1,2,3,1,2,27,3,1,1,12,1,1,1,2,0,1,1,12,1,1,0,1,0,1,0,1,0.0,0.0,30.0,7.0,35.4,0.7,0.7142857142857143,0.0,0.0,10.0,9.0,36.1,0.4,0.4666666666666667,0.0,0.0,10.0,2.0,36.0,0.3,0.5625,-2.5,-4.0,0.0,0.10062893081761007,0.3018867924528302,5,5,3.9,2.0,1557,1541,1559,0.0,0.0,10.0,7.0,34.7,0.8,1.0,0.0,0.0,40.0,2.0,35.9,0.3,0.8125,-1.2,0.4,58.0,7.0,11.0,14.0,516.0,0.0,0.0,0.0625,0.0,0.0,0.039999999999999855,0.0,-2.8795,-2.1794999999999973,-2.2794999999999987,-3.433799999999998,-2.3795,0.18739524662608142,0.519230199429886,0.0,5.0,0.4,0.06474820143884892,0.302158273381295,4.0,0.5,0.005824790307548927,0.0367965367965368
1208,202305040812,5,9,5,81,0,1,0,9,0,0,0,0,0,7,3,29,0,0,0,2,0,0,0,0,0,2,0,1,0,0,0,0,0,0,0,0,0.0,0.0,20.0,1.0,35.9,0.0,0.75,0.0,0.0,50.0,2.0,36.0,0.1,0.6875,0.0,0.0,60.0,8.0,37.6,0.5,0.6666666666666666,3.5,0.0,200.0,0.04419889502762431,0.1712707182320442,8,10,5.3,3.0,1020,1169,1576,0.0,0.0,90.0,6.0,36.0,0.8,1.0,0.0,0.0,20.0,1.0,36.7,0.0,0.25,0.4000000000000001,0.6,56.0,27.0,11.0,16.0,514.0,-0.0625,-0.0625,0.06666666666666667,-0.125,0.0,-0.16000000000000086,0.0,-2.011099999999999,-1.8682999999999979,-0.31109999999999616,-1.4177000000000035,-0.7160999999999973,0.24166666666666667,0.6468384651518502,0.0,0.0,,0.0136986301369863,0.0410958904109589,0.0,,0.16294117647058826,0.1857142857142857
1209,202305040812,3,9,4,49,0,0,0,3,0,0,0,0,1,3,0,20,0,0,0,1,0,0,0,0,0,0,0,3,0,0,0,0,0,0,0,0,0.0,0.0,10.0,9.0,37.8,2.1,0.6,0.0,0.0,12.0,11.0,38.1,1.5,0.46153846153846156,0.0,0.0,9.0,11.0,37.0,1.6,0.6923076923076923,1.0,-4.0,200.0,0.03296703296703297,0.07692307692307693,8,11,38.6,8.0,1447,1423,1721,0.0,0.0,13.0,4.0,37.0,0.5,0.375,0.0,0.0,13.0,5.0,36.7,0.7,0.38461538461538464,-1.5,0.0,57.0,-330.0,11.0,10.0,496.0,0.0,0.0,0.15384615384615385,0.0625,-0.07692307692307693,0.329999999999999,0.0,-0.11110000000000042,0.4357000000000042,-0.9110999999999976,-0.8211000000000013,-1.1210999999999984,0.12438963407410103,0.5344155686354948,2.0,1.0,0.0,0.0,0.0,0.0,,-0.14198717948717948,
1210,202305040812,0,0,0,1,2,0,0,11,0,0,0,1,0,0,0,0,0,0,0,3,0,0,0,0,0,0,0,0,0,0,0,1,0,0,0,0,0.0,0.0,6.0,1.0,39.9,0.0,0.1,0.0,0.0,14.0,13.0,38.3,2.0,0.125,0.0,0.0,10.0,11.0,13.7,6.6,0.9285714285714286,5.0,17.0,-600.0,0.1320754716981132,0.37735849056603776,7,9,7.0,4.0,562,815,882,0.0,0.0,9.0,7.0,37.3,1.0,0.375,0.0,0.0,10.0,16.0,41.3,4.3,0.1875,2.4,0.2,58.0,-341.0,11.0,10.0,483.0,0.0,0.0,-0.21428571428571427,-0.0625,0.1875,-0.17999999999999972,0.0,0.6152999999999977,1.0448999999999984,,-0.291400000000003,3.0204999999999984,0.3081139134694657,10.290966912783267,2.0,1.0,0.0,0.09090909090909091,0.1590909090909091,1.0,0.0,,0.02797202797202797
1211,202305040812,5,1,6,33,9,12,12,108,0,0,0,1,3,1,6,14,3,7,5,42,0,0,0,1,0,0,2,3,0,1,0,6,0,0,0,0,0.0,0.0,100.0,13.0,37.3,2.1,0.25,0.0,0.0,90.0,10.0,37.2,1.2,0.25,0.0,0.0,140.0,3.0,36.7,0.1,0.06666666666666667,-5.0,0.0,0.0,0.030303030303030304,0.1717171717171717,2,2,38.2,7.0,1401,1221,517,0.0,0.0,80.0,11.0,37.5,1.3,0.6875,0.0,0.0,70.0,1.0,37.2,0.0,0.125,-2.3,0.4,58.0,20.0,11.0,16.0,492.0,0.0,0.0,0.0,0.0,0.0,-0.010000000000000852,0.0,-0.9795000000000016,-1.079499999999996,-1.579499999999996,-0.4110999999999976,-0.7110999999999947,0.21785571167887957,0.26381811916545717,0.0,3.0,0.3333333333333333,0.017241379310344827,0.08620689655172414,3.0,0.3333333333333333,0.019047619047619035,-0.024042553191489374
1212,202305040812,9,7,3,105,19,18,17,223,3,1,1,9,3,1,0,26,10,4,3,73,3,1,0,2,0,0,0,2,1,1,0,15,0,0,0,1,0.0,0.0,100.0,8.0,36.8,1.0,0.6363636363636364,0.0,0.0,100.0,11.0,37.1,1.3,0.9285714285714286,0.0,0.0,110.0,7.0,36.6,0.5,1.0,-0.5,-10.0,0.0,0.043478260869565216,0.19254658385093168,4,4,88.7,10.0,1127,1558,1328,0.0,0.0,80.0,8.0,37.7,1.1,0.5625,0.0,0.0,120.0,8.0,36.4,0.8,0.9375,-0.3,0.0,58.0,0.0,11.0,11.0,438.0,0.0,0.0,-0.0625,0.0625,0.0,0.019999999999999574,0.0,-1.4795000000000016,-1.1794999999999973,-1.0642999999999958,-1.6925999999999988,-1.8795000000000002,0.1776382049095329,0.45343136195018674,0.0,4.0,0.0,0.0,0.0,3.0,0.0,-0.00028462998102465886,0.0611517126001585
1213,202305040812,2,1,1,28,1,1,1,23,1,0,0,3,2,1,0,15,1,1,0,10,1,0,0,2,0,0,0,0,0,1,0,1,0,0,0,0,0.0,0.0,9.0,9.0,37.8,1.5,0.2727272727272727,0.0,0.0,6.0,14.0,37.7,1.7,0.5,0.0,0.0,5.0,7.0,36.6,0.4,0.2,-1.0,4.0,0.0,0.04608294930875576,0.17972350230414746,6,7,39.5,9.0,1507,1592,593,0.0,0.0,4.0,1.0,35.6,0.0,0.125,0.0,0.0,1.0,3.0,37.2,0.0,0.7333333333333333,-2.5,0.4,58.0,0.0,11.0,11.0,502.0,-0.09090909090909091,-0.0625,0.0,0.0,-0.2,0.329999999999999,0.0,-0.4795000000000016,0.1086000000000027,-1.6794999999999973,-2.5537999999999954,-0.21770000000000067,0.22236292607070413,0.8109253973085312,0.0,3.0,0.3333333333333333,0.042105263157894736,0.29473684210526313,2.0,0.0,-0.125,0.27350427350427353
1214,202305040812,4,1,3,26,29,23,21,228,0,0,0,1,1,0,1,19,13,9,13,81,0,0,0,1,0,0,1,0,3,1,2,14,0,0,0,0,0.0,0.0,9.0,16.0,41.2,4.5,0.25,0.0,0.0,5.0,10.0,37.7,1.6,0.45454545454545453,0.0,0.0,3.0,6.0,34.4,0.5,0.23076923076923078,-5.0,-30.0,200.0,0.15418502202643172,0.3436123348017621,3,3,12.1,5.0,1270,1556,969,0.0,0.0,4.0,6.0,34.5,0.5,0.1875,0.0,0.0,2.0,15.0,34.8,0.8,0.4375,-0.6,0.0,56.0,-91.0,11.0,16.0,490.0,0.125,0.09090909090909091,-0.07692307692307693,0.0,0.1875,1.6000000000000014,0.0,3.2889000000000053,-0.5794999999999959,-0.7531000000000034,-0.6064999999999969,-0.35310000000000485,0.11136617500482206,2.6392423155140583,0.0,1.0,0.0,0.05660377358490566,0.16981132075471697,1.0,0.0,-0.07529411764705882,-0.01480214466629387
1215,202305040812,1,2,1,57,1,3,2,8,0,0,0,2,0,0,0,16,1,2,1,3,0,0,0,2,0,0,0,0,0,0,0,0,0,0,0,0,0.0,0.0,10.0,1.0,37.7,0.0,0.14285714285714285,0.0,0.0,110.0,11.0,37.0,1.7,0.9090909090909091,0.0,0.0,130.0,15.0,38.0,1.9,0.5333333333333333,7.0,20.0,0.0,0.06296296296296296,0.24814814814814815,7,8,243.7,11.0,1655,1322,239,0.0,0.0,150.0,10.0,37.5,1.5,0.5625,0.0,0.0,,,,,,3.1,0.25,58.0,-191.0,11.0,7.0,476.0,0.0,0.09090909090909091,0.06666666666666667,0.125,,-0.03999999999999915,0.0,-0.453799999999994,-1.2794999999999987,0.17889999999999873,-0.19169999999999732,,0.2713226487787094,0.36400549446402625,2.0,2.0,0.5,0.07547169811320754,0.1320754716981132,1.0,0.0,0.08336239972096267,-0.17857142857142855
1216,202305040901,0,0,0,4,24,19,11,236,0,0,0,1,0,0,0,2,7,2,1,59,0,0,0,0,0,0,0,1,4,0,0,25,0,0,0,0,0.0,0.0,10.0,5.0,38.8,0.6,0.46153846153846156,0.0,0.0,40.0,3.0,37.4,0.4,0.125,,,,,,,,-2.0,6.0,0.0,0.12962962962962962,0.37037037037037035,4,4,2.3,1.0,1699,1294,1313,,,,,,,,,,,,,,,-2.0,0.5,56.0,22.0,13.0,13.0,454.0,0.07692307692307693,0.0,,,,1.3999999999999986,0.0,0.5204999999999984,-0.8795000000000002,,,,0.16826923076923078,0.6999999999999993,3.0,2.0,0.5,0.14285714285714285,0.4642857142857143,2.0,0.5,,0.05268199233716475
1217,202305040901,0,0,0,3,0,0,0,0,0,0,0,0,0,0,0,3,0,0,0,0,0,0,0,0,0,0,0,1,0,0,0,0,0,0,0,0,0.0,0.0,30.0,3.0,36.8,0.3,0.6875,0.0,0.0,60.0,4.0,38.9,0.6,0.8666666666666667,0.0,0.0,60.0,12.0,36.9,2.9,0.8333333333333334,4.5,10.0,0.0,0.03940886699507389,0.1921182266009852,6,9,4.9,3.0,1658,1655,1167,0.0,0.0,160.0,7.0,36.5,1.8,0.9375,,,,,,,,2.0,0.25,56.0,21.0,13.0,16.0,470.0,0.0,-0.13333333333333333,0.0,0.0,,0.28999999999999915,0.0,-1.4795000000000016,-0.13870000000000005,0.983399999999996,-1.7794999999999987,,0.091120532202621,0.9496709956611288,0.0,2.0,0.5,0.058823529411764705,0.23529411764705882,2.0,0.5,,
1218,202305040901,0,1,0,3,1,1,0,4,0,0,0,0,0,0,0,0,1,0,0,1,0,0,0,0,0,0,0,0,0,0,0,1,0,0,0,0,0.0,0.0,1.0,1.0,40.7,0.0,0.18181818181818182,0.0,0.0,7.0,11.0,39.3,2.7,0.625,0.0,0.0,9.0,9.0,38.5,1.5,0.75,4.0,-2.0,0.0,0.040697674418604654,0.13372093023255813,4,5,42.0,7.0,1381,1691,548,0.0,0.0,6.0,12.0,42.2,4.4,0.5333333333333333,0.0,0.0,12.0,6.0,38.9,1.4,0.1875,1.0999999999999999,0.2,54.0,-348.0,13.0,11.0,438.0,-0.09090909090909091,-0.0625,-0.1875,0.2,0.0,0.07000000000000028,0.0,3.0357000000000056,1.0204999999999984,0.42739999999999867,2.5741000000000014,0.6204999999999998,0.23162221861890336,1.3600000000000019,0.0,3.0,0.3333333333333333,0.04878048780487805,0.0975609756097561,2.0,0.0,,-0.20833333333333331
1219,202305040901,43,41,42,253,1,1,2,58,0,0,0,0,13,15,18,95,0,1,0,22,0,0,0,0,2,3,1,12,0,0,0,15,0,0,0,0,0.0,0.0,30.0,60.0,38.1,2.1,1.0,0.0,0.0,70.0,120.0,35.2,2.4,0.8571428571428571,0.0,0.0,60.0,90.0,38.3,1.5,0.4375,15.0,10.0,0.0,0.14814814814814814,0.35185185185185186,5,6,4.2,2.0,1576,1328,1577,0.0,0.0,90.0,90.0,37.9,2.1,0.5625,0.0,0.0,10.0,150.0,38.4,3.0,0.9375,15.0,0.0,55.0,-301.0,13.0,11.0,468.0,0.0,0.14285714285714285,0.0,-0.0625,0.0625,-0.329999999999999,0.0,-0.17949999999999733,-0.2591999999999999,0.14620000000000033,0.0788999999999973,0.488900000000001,0.21979524330519948,1.2023310692151292,1.0,2.0,0.0,0.03614457831325301,0.14457831325301204,1.0,0.0,-0.03389267477838315,0.08933002481389579
1220,202305040901,1,0,2,55,17,25,19,185,0,0,0,0,1,0,0,29,7,6,8,58,0,0,0,0,1,0,0,16,2,2,1,15,0,0,0,0,0.0,0.0,2.0,2.0,40.2,0.0,0.5,0.0,0.0,12.0,14.0,42.0,3.2,0.5,0.0,0.0,12.0,6.0,39.2,2.1,0.625,2.0,3.0,0.0,0.0673076923076923,0.25,8,13,30.8,6.0,1509,1183,1110,0.0,0.0,11.0,9.0,38.2,2.1,0.625,0.0,0.0,6.0,5.0,38.0,1.3,0.38461538461538464,0.1,0.2,56.0,-234.0,13.0,12.0,485.0,-0.25,0.125,-0.0625,0.0,0.07692307692307693,0.8200000000000003,0.0,2.5357000000000056,2.4532999999999987,1.1274000000000015,0.046200000000006014,-0.27949999999999875,0.09048684889245069,1.4675149062275308,1.0,3.0,0.3333333333333333,0.05747126436781609,0.22988505747126436,1.0,0.0,0.227345629510826,-0.0538498326159732
1221,202305040901,7,2,9,76,3,2,2,16,0,0,0,1,2,1,1,28,3,1,1,7,0,0,0,0,1,0,1,12,1,0,0,4,0,0,0,0,0.0,0.0,2.0,9.0,40.2,1.4,0.26666666666666666,0.0,0.0,4.0,5.0,36.3,0.7,0.3125,0.0,0.0,7.0,5.0,40.6,1.4,0.1875,-2.0,6.0,-400.0,0.013888888888888888,0.0625,1,1,10.9,5.0,1713,1225,215,0.0,0.0,5.0,6.0,38.2,2.0,0.3333333333333333,0.0,0.0,5.0,6.0,38.7,1.4,0.07692307692307693,-0.5,0.0,55.0,-195.0,13.0,15.0,478.0,0.0,0.0,-0.125,0.0,0.0,0.10999999999999943,0.0,0.5741000000000014,0.8407999999999944,1.5613000000000028,0.6086000000000027,0.4205000000000041,0.09372544605038619,1.537530487502607,0.0,1.0,0.0,0.08333333333333333,0.1875,1.0,0.0,-0.0301990391214825,-0.1505016722408027
1222,202305040901,0,0,0,0,13,13,12,182,0,0,0,0,0,0,0,0,3,3,3,65,0,0,0,0,0,0,0,0,1,2,1,21,0,0,0,0,0.0,0.0,60.0,9.0,40.4,5.8,0.1111111111111111,,,,,,,,,,,,,,,,,-400.0,0.1111111111111111,0.1111111111111111,3,3,42.2,8.0,1479,1405,857,,,,,,,,,,,,,,,,0.0,56.0,91.0,13.0,9.0,452.0,0.0,,,,,,,4.940799999999996,,,,,,,1.0,0.0,,0.13636363636363635,0.29545454545454547,0.0,,,0.04068736141906873
1223,202305040901,1,2,0,11,3,3,10,60,0,0,0,0,0,0,0,4,0,0,2,22,0,0,0,0,0,0,0,2,0,0,2,5,0,0,0,0,0.0,0.0,10.0,11.0,34.9,1.5,0.6666666666666666,0.0,0.0,9.0,14.0,37.3,1.9,0.6875,0.0,0.0,10.0,6.0,39.1,1.2,0.5714285714285714,-2.5,4.0,0.0,0.045454545454545456,0.18181818181818182,8,12,7.7,4.0,1600,1228,680,0.0,0.0,8.0,6.0,38.5,1.1,0.5,0.0,0.0,4.0,8.0,38.5,1.7,0.38461538461538464,-1.4,0.0,55.0,-195.0,13.0,18.0,454.0,0.0,0.0,0.07142857142857142,0.0,0.0,-0.8400000000000005,0.0,-0.20649999999999835,1.8407999999999944,1.0274,0.5889000000000024,0.22050000000000125,0.11144824087715109,1.4987995196156165,0.0,1.0,0.0,0.05660377358490566,0.1509433962264151,1.0,0.0,0.05844155844155843,0.04344193817878028
1224,202305040901,4,0,2,13,0,3,2,19,0,0,0,0,0,0,1,6,0,1,0,6,0,0,0,0,0,0,0,4,0,0,0,4,0,0,0,0,0.0,0.0,110.0,7.0,37.6,1.7,0.7692307692307693,0.0,0.0,110.0,15.0,42.3,5.0,0.5,0.0,0.0,80.0,12.0,42.0,4.1,0.8571428571428571,2.5,0.0,0.0,0.06273062730627306,0.24723247232472326,6,8,239.1,11.0,1434,1654,969,0.0,0.0,70.0,8.0,37.6,1.3,0.2222222222222222,0.0,0.0,70.0,12.0,38.6,3.6,0.75,0.3,0.0,56.0,14.0,13.0,13.0,472.0,0.0,0.0,0.0,0.4444444444444444,0.125,0.2699999999999996,0.0,-0.2984000000000009,4.227399999999996,2.7235999999999976,2.1407999999999987,0.32050000000000267,0.2315311311010589,2.0999047597450686,1.0,2.0,0.0,0.043478260869565216,0.14492753623188406,1.0,0.0,-0.02167182662538697,0.12499999999999997
1225,202305040901,5,9,5,81,3,6,2,75,0,0,0,0,0,7,3,29,0,1,0,18,0,0,0,0,0,0,3,10,0,0,0,7,0,0,0,0,0.0,0.0,8.0,10.0,39.3,1.5,0.6153846153846154,0.0,0.0,6.0,11.0,38.2,1.9,0.26666666666666666,0.0,0.0,5.0,5.0,37.7,1.1,0.4375,-2.5,11.0,200.0,0.03125,0.25,2,2,112.9,9.0,1020,1306,1576,0.0,0.0,6.0,7.0,38.7,1.7,0.25,0.0,0.0,3.0,4.0,38.6,1.1,0.1875,-1.6,0.0,55.0,-353.0,13.0,13.0,445.0,0.0,0.06666666666666667,-0.0625,-0.0625,0.0,0.08999999999999915,0.0,1.3888999999999996,0.28890000000000526,-0.12330000000000041,0.7889000000000053,0.6889000000000038,0.15583709084269465,0.5329165037789674,1.0,0.0,,0.03614457831325301,0.10843373493975904,0.0,,0.16294117647058826,-0.08709065021357382
1226,202305040901,6,7,7,42,0,0,0,4,0,0,0,0,3,5,4,18,0,0,0,2,0,0,0,0,2,4,3,10,0,0,0,0,0,0,0,0,0.0,0.0,4.0,7.0,39.2,0.6,0.16666666666666666,0.0,0.0,12.0,12.0,38.4,2.3,0.6875,0.0,0.0,12.0,6.0,39.3,1.6,0.3125,-0.5,11.0,200.0,0.045871559633027525,0.17889908256880735,5,7,171.1,10.0,1148,1364,1393,0.0,0.0,11.0,8.0,39.5,1.8,0.1875,0.0,0.0,10.0,7.0,39.2,1.3,0.1875,-0.4,0.0,56.0,-352.0,13.0,12.0,451.0,0.0,0.0,0.0625,0.0,0.0,-0.11000000000000014,0.0,1.2889000000000053,0.5788999999999973,1.3888999999999996,1.3462000000000032,1.3789000000000016,0.1964971020425266,0.37629775444453606,0.0,1.0,0.0,0.0,0.043478260869565216,0.0,,-0.08345021037868161,
1227,202305040901,2,1,2,23,2,2,5,78,0,0,0,0,0,0,1,11,1,0,1,30,0,0,0,0,0,0,0,6,0,0,0,14,0,0,0,0,0.0,0.0,9.0,11.0,43.0,5.6,0.6363636363636364,0.0,0.0,15.0,15.0,44.1,8.0,0.8666666666666667,0.0,0.0,13.0,12.0,38.6,2.7,0.8461538461538461,0.5,9.0,-100.0,0.0,0.0,7,11,358.4,13.0,1064,1036,1556,0.0,0.0,14.0,12.0,38.4,3.4,0.6428571428571429,,,,,,,,0.0,0.0,53.0,-338.0,13.0,11.0,519.0,0.18181818181818182,0.13333333333333333,0.0,0.2857142857142857,,1.9300000000000004,0.0,,5.287199999999999,0.32050000000000267,2.6625999999999976,,0.10866652308832996,2.5557533136044257,-3.0,1.0,0.0,0.0625,0.1875,1.0,0.0,0.07142857142857142,-0.0649867374005305
1228,202305040901,9,7,5,96,9,12,12,108,0,0,0,5,5,2,1,32,3,7,5,42,0,0,0,2,2,1,0,13,0,4,2,13,0,0,0,0,0.0,0.0,9.0,9.0,37.7,3.7,0.2222222222222222,0.0,0.0,14.0,12.0,36.4,2.1,0.7857142857142857,0.0,0.0,16.0,15.0,36.1,2.4,0.375,3.0,6.0,-600.0,0.0,0.023809523809523808,7,10,247.3,12.0,1090,1221,1169,0.0,0.0,12.0,13.0,39.0,3.0,0.8461538461538461,0.0,0.0,16.0,15.0,38.8,6.4,0.6875,1.3,0.0,56.0,-272.0,13.0,9.0,480.0,0.7777777777777778,0.21428571428571427,0.125,0.0,0.3125,-0.479999999999999,0.0,1.7834000000000003,0.9407999999999959,0.8366000000000042,0.7205000000000013,2.4251000000000005,0.2427704172551756,1.191637528781298,4.0,1.0,0.0,0.014084507042253521,0.056338028169014086,1.0,0.0,-0.06184012066365008,-0.024042553191489374
1229,202305040910,9,7,3,105,19,18,17,223,3,1,1,9,3,1,0,26,10,4,3,73,3,1,0,2,3,1,0,3,3,1,0,7,3,1,0,0,0.0,0.0,130.0,7.0,37.4,1.0,0.125,0.0,0.0,50.0,15.0,38.4,2.5,0.125,0.0,0.0,40.0,2.0,36.3,0.2,0.25,-2.5,8.0,-200.0,0.14418604651162792,0.3488372093023256,1,1,6.2,4.0,1127,1558,1328,0.0,0.0,10.0,1.0,36.1,0.0,0.0625,0.0,0.0,20.0,1.0,35.8,0.0,0.06666666666666667,-2.6,0.6,58.5,252.0,13.0,16.0,474.0,0.0,0.0,0.0,0.0,0.0,0.55,0.0,-0.6726000000000028,0.12049999999999983,-1.9795000000000016,-2.1794999999999973,-2.4795000000000016,0.06772083217970015,0.9654014708917736,0.5,4.0,0.75,0.1111111111111111,0.4444444444444444,4.0,0.75,-0.00028462998102465886,0.0611517126001585
1230,202305040910,10,4,8,54,7,4,4,70,1,0,0,2,2,3,4,26,1,0,0,27,0,0,0,0,0,0,0,0,0,0,0,0,0,0,0,0,0.0,0.0,10.0,1.0,36.4,0.0,0.46153846153846156,0.0,0.0,30.0,3.0,36.5,0.4,0.4375,0.0,0.0,10.0,2.0,37.2,0.2,0.4375,0.5,6.0,200.0,0.125,0.25,5,6,8.5,6.0,1601,1503,239,0.0,0.0,10.0,1.0,36.3,0.0,0.4,0.0,0.0,10.0,2.0,36.9,0.0,0.13333333333333333,0.0,1.0,56.0,20.0,13.0,13.0,484.0,-0.07692307692307693,0.0625,0.0,0.0,0.0,-0.07999999999999971,0.0,-1.017700000000005,-1.5726000000000013,-1.079499999999996,-1.9795000000000016,-0.9984000000000037,0.12192122325965582,0.33823069050575677,-2.0,3.0,1.0,0.0,0.2,2.0,1.0,-0.08114035087719298,0.016511867905056737
1231,202305040910,16,16,15,141,0,0,1,2,0,0,1,0,9,9,7,56,0,0,1,0,0,0,1,0,2,1,0,3,0,0,0,0,0,0,0,0,0.0,0.0,70.0,10.0,37.4,1.9,1.0,0.0,0.0,70.0,8.0,35.2,0.5,1.0,0.0,0.0,80.0,1.0,35.5,0.0,0.4375,-4.5,6.0,0.0,0.25,0.5,7,10,8.4,5.0,1278,1465,625,0.0,0.0,60.0,5.0,35.6,0.7,0.8125,0.0,0.0,50.0,3.0,36.9,0.5,0.875,-1.7,0.4,54.0,112.0,13.0,15.0,482.0,0.0,0.0,0.0,-0.0625,0.0625,0.060000000000000143,0.0,-0.7338000000000022,-2.7110999999999947,-2.633800000000001,-1.8160999999999987,-1.011099999999999,0.2069118169655856,0.865794432876533,-3.0,2.0,0.5,0.16666666666666666,0.3333333333333333,0.0,,0.010563380281690127,
1232,202305040910,1,0,2,55,16,16,19,162,0,0,0,0,1,0,0,29,4,4,5,55,0,0,0,0,0,0,0,1,0,1,1,4,0,0,0,0,0.0,0.0,10.0,9.0,36.0,0.5,0.6363636363636364,0.0,0.0,30.0,7.0,36.3,0.5,0.3125,0.0,0.0,20.0,1.0,36.9,0.0,0.4375,-4.0,-2.0,250.0,0.043209876543209874,0.19135802469135801,8,12,18.7,7.0,1509,1345,1110,0.0,0.0,10.0,1.0,36.4,0.0,0.1875,0.0,0.0,50.0,3.0,35.2,0.0,0.4375,-1.8,0.6,55.0,98.0,13.0,11.0,534.0,0.0,0.0,-0.0625,0.0,0.0,0.1499999999999993,0.0,-1.8233000000000033,-1.6111000000000004,-0.5177000000000049,-1.4739000000000004,-2.2160999999999973,0.1493097064150622,0.5607138307550459,-2.0,0.0,,0.0,0.0,0.0,,0.227345629510826,-0.02467151904716891
1233,202305040910,2,3,2,55,1,4,1,22,0,2,0,12,0,1,1,24,0,1,0,8,0,1,0,7,0,0,0,4,0,0,0,1,0,0,0,1,0.0,0.0,110.0,10.0,36.6,1.1,0.625,0.0,0.0,90.0,7.0,35.6,0.3,0.8181818181818182,0.0,0.0,120.0,6.0,36.1,0.4,0.3125,-2.0,2.0,200.0,0.04395604395604396,0.17032967032967034,7,11,59.5,10.0,1110,1404,938,0.0,0.0,100.0,2.0,36.2,0.0,0.6363636363636364,0.0,0.0,130.0,9.0,34.7,0.5,0.875,-0.7,0.2,55.0,22.0,13.0,16.0,502.0,-0.0625,0.0,0.0,0.09090909090909091,-0.0625,0.31999999999999956,0.0,-1.3110999999999962,-2.223300000000002,-1.8110999999999962,-1.668299999999995,-2.7177000000000007,0.19675833648210847,0.65299310869258,-2.0,0.0,,0.06557377049180328,0.18032786885245902,0.0,,0.047096774193548394,-0.08095238095238094
1234,202305040910,0,0,0,2,0,0,0,2,0,0,0,2,0,0,0,1,0,0,0,1,0,0,0,1,0,0,0,0,0,0,0,0,0,0,0,0,0.0,0.0,110.0,10.0,36.2,1.2,1.0,0.0,0.0,70.0,11.0,38.4,2.0,0.36363636363636365,0.0,0.0,80.0,6.0,36.2,0.7,0.3076923076923077,-2.0,-2.0,250.0,0.06796116504854369,0.2524271844660194,6,8,59.3,9.0,458,698,225,0.0,0.0,90.0,1.0,37.0,0.0,0.125,0.0,0.0,50.0,13.0,37.2,1.3,0.625,-0.4,0.2,54.0,98.0,13.0,11.0,472.0,-0.09090909090909091,0.18181818181818182,0.0,0.0625,0.125,-0.060000000000000143,0.0,-1.6233000000000004,0.5317000000000007,-1.7110999999999947,-0.9110999999999976,-0.7110999999999947,0.30350929285675643,0.809938269252662,-3.0,0.0,,0.08888888888888889,0.15555555555555556,0.0,,,
1235,202305040910,6,6,4,130,24,25,22,286,1,0,0,11,1,1,0,30,9,6,7,91,1,0,0,2,0,0,0,1,0,0,0,8,0,0,0,1,0.0,0.0,9.0,8.0,40.6,2.2,0.5833333333333334,0.0,0.0,7.0,9.0,35.5,1.2,0.625,0.0,0.0,3.0,12.0,36.6,0.4,0.75,2.0,11.0,0.0,0.058823529411764705,0.23529411764705882,4,4,3.9,1.0,1009,1013,298,0.0,0.0,1.0,7.0,36.7,0.5,0.23076923076923078,0.0,0.0,5.0,3.0,37.5,1.1,0.5333333333333333,-1.2,0.2,58.5,-234.0,13.0,12.0,477.0,0.0,0.1875,0.0,-0.07692307692307693,0.0,0.5,0.0,2.935700000000004,-2.4110999999999976,-1.2210999999999999,-1.579499999999996,-0.6537999999999968,0.17249360391766683,1.731357848626332,1.5,3.0,0.3333333333333333,0.35714285714285715,0.7142857142857143,1.0,0.0,0.11976875706924722,-0.045033397974574424
1236,202305040910,10,4,8,54,8,2,7,62,3,2,1,1,2,3,4,26,3,2,2,19,2,2,0,0,0,0,0,0,0,0,0,1,0,0,0,0,0.0,0.0,80.0,6.0,35.5,1.0,0.75,0.0,0.0,50.0,6.0,38.8,0.8,0.1875,0.0,0.0,50.0,10.0,37.5,0.7,0.125,2.0,0.0,-200.0,0.15350877192982457,0.34210526315789475,4,5,4.1,2.0,1601,1110,239,0.0,0.0,30.0,16.0,39.2,2.4,0.5625,0.0,0.0,10.0,2.0,37.0,0.1,0.1875,0.2,0.2,56.0,20.0,13.0,16.0,494.0,0.0625,0.0,0.0,0.1875,0.0,-0.3400000000000006,0.0,-2.120199999999997,-0.8259000000000043,-0.5726000000000013,0.1162000000000063,-2.6259000000000015,0.2481179155159901,1.3251415018781958,-1.0,0.0,,0.13636363636363635,0.3939393939393939,0.0,,-0.08114035087719298,0.048961069978504884
1237,202305040910,7,7,8,85,29,23,21,228,2,1,0,5,3,4,0,27,13,9,13,81,1,0,0,2,0,0,0,3,0,1,0,7,0,0,0,0,0.0,0.0,10.0,1.0,35.5,0.0,0.8571428571428571,0.0,0.0,30.0,1.0,34.7,0.0,0.875,0.0,0.0,30.0,8.0,36.6,0.8,0.875,3.5,-2.0,200.0,0.07272727272727272,0.23636363636363636,3,3,4.8,3.0,1605,1556,1,0.0,0.0,50.0,3.0,35.7,0.4,0.6875,0.0,0.0,50.0,6.0,35.4,0.4,0.875,1.2,0.6,55.0,70.0,13.0,14.0,462.0,-0.07142857142857142,0.0,0.0,-0.125,-0.125,-0.07999999999999971,0.0,-2.4110999999999976,-3.2110999999999947,-1.5337999999999994,-2.1983999999999995,-2.8795,0.07354021529276429,0.6112282715974449,2.0,3.0,0.3333333333333333,0.0,0.0,1.0,0.0,0.056687605331699115,-0.01480214466629387
1238,202305040910,0,0,0,2,0,0,0,2,0,0,0,2,0,0,0,2,0,0,0,2,0,0,0,2,0,0,0,1,0,0,0,1,0,0,0,1,0.0,0.0,5.0,5.0,38.2,0.3,0.8181818181818182,0.0,0.0,11.0,10.0,36.4,0.9,0.6153846153846154,0.0,0.0,12.0,6.0,36.5,0.6,0.7142857142857143,0.5,-10.0,170.0,0.04093567251461988,0.13450292397660818,8,13,106.6,11.0,857,1426,516,0.0,0.0,16.0,8.0,35.9,0.8,0.8125,0.0,0.0,13.0,14.0,36.8,1.7,0.5625,1.6,0.0,55.0,-172.0,13.0,11.0,498.0,-0.09090909090909091,0.0,0.0,-0.0625,0.0,0.3300000000000011,0.0,,-1.8795000000000002,-1.4110999999999976,-2.3795,-1.0211000000000041,0.10275100287854283,0.7761443164772918,-1.0,2.0,0.0,0.08695652173913043,0.30434782608695654,2.0,0.0,,
1239,202305040910,2,5,4,35,19,18,17,223,0,0,0,0,0,0,1,12,10,4,3,73,0,0,0,0,0,0,0,0,3,1,0,7,0,0,0,0,0.0,0.0,14.0,13.0,39.1,2.1,0.5333333333333333,0.0,0.0,8.0,11.0,36.7,0.9,0.46153846153846156,0.0,0.0,11.0,15.0,35.0,1.5,0.3333333333333333,1.0,-2.0,-300.0,0.1388888888888889,0.375,5,7,19.5,8.0,1674,1558,1428,0.0,0.0,10.0,7.0,34.7,0.4,0.26666666666666666,0.0,0.0,7.0,13.0,35.4,1.4,0.21428571428571427,-0.4,0.0,53.0,-21.0,13.0,15.0,480.0,0.0,-0.07692307692307693,0.1111111111111111,0.5333333333333333,0.14285714285714285,0.9400000000000006,0.0,-0.10940000000000083,-1.579499999999996,-0.4592000000000027,-0.7591999999999999,-0.05920000000000414,0.1191575485688547,1.6117071694324627,-2.0,1.0,0.0,0.06896551724137931,0.1839080459770115,1.0,0.0,-0.06413043478260871,0.0611517126001585
1240,202305040910,20,10,20,146,29,23,21,228,2,0,3,6,13,5,8,64,13,9,13,81,2,0,2,4,1,1,1,10,0,1,0,7,0,0,0,2,0.0,0.0,140.0,11.0,37.8,2.2,1.0,0.0,0.0,130.0,10.0,33.4,0.9,0.7692307692307693,0.0,0.0,120.0,12.0,35.0,1.1,1.0,0.5,-4.0,0.0,0.0,0.1111111111111111,2,2,128.1,12.0,1716,1556,1167,0.0,0.0,110.0,12.0,37.2,1.7,0.8571428571428571,0.0,0.0,70.0,16.0,39.4,5.2,0.875,1.2,0.0,53.0,-70.0,13.0,15.0,430.0,0.0,0.07692307692307693,0.0,0.07142857142857142,0.0,-0.7000000000000007,0.0,-0.4795000000000016,-1.6747000000000014,-3.2794999999999987,-0.7110999999999947,2.1449,0.08895161498249597,2.1181123671797963,-2.0,2.0,0.0,0.26666666666666666,0.4,2.0,0.0,0.03502141597379693,-0.01480214466629387
1241,202305040910,0,0,0,9,2,4,2,54,0,0,0,1,0,0,0,6,0,0,1,10,0,0,0,1,0,0,0,1,0,0,0,1,0,0,0,1,0.0,0.0,16.0,16.0,35.2,1.4,0.1875,0.0,0.0,18.0,16.0,33.5,0.8,1.0,0.0,0.0,16.0,14.0,38.6,2.4,0.9375,-1.0,-14.0,200.0,0.0,0.0,6,9,280.3,13.0,1321,1417,1263,0.0,0.0,13.0,13.0,35.9,1.7,0.9230769230769231,0.0,0.0,15.0,14.0,34.2,1.3,1.0,-0.7,0.0,51.0,-237.0,13.0,16.0,476.0,0.125,0.0,0.0625,-0.07692307692307693,0.0,-0.039999999999999855,0.0,0.04690000000000083,-1.653100000000002,0.32050000000000267,-2.3795,-1.0912999999999968,0.3126493725845533,1.7634057956125697,-6.0,2.0,0.0,0.03225806451612903,0.06451612903225806,2.0,0.0,0.0,0.00985663082437277
1242,202305050106,0,1,0,1,17,25,19,185,0,1,0,0,0,0,0,0,7,6,8,58,0,0,0,0,0,0,0,0,0,1,0,15,0,0,0,0,0.0,0.0,10.0,2.0,36.2,0.2,0.1875,0.0,0.0,50.0,2.0,35.4,0.8,0.3125,0.0,0.0,50.0,2.0,37.2,0.2,0.8461538461538461,0.0,0.0,0.0,0.0,0.3333333333333333,8,15,1.8,1.0,1676,1183,1428,0.0,0.0,10.0,1.0,38.0,0.0,0.0625,0.0,0.0,50.0,2.0,38.3,0.4,0.07142857142857142,-0.1,1.0,55.0,132.0,16.0,16.0,492.0,0.0,0.0,0.0,0.0,0.0,-0.679999999999999,0.0,-2.079499999999996,-2.2642999999999986,-1.079499999999996,-0.1338000000000008,0.22739999999999583,0.2897130751657407,1.0888526071052953,2.0,4.0,1.0,0.12121212121212122,0.30303030303030304,2.0,1.0,,-0.0538498326159732
1243,202305050106,1,0,0,2,2,1,5,55,0,0,0,0,1,0,0,2,0,0,1,15,0,0,0,0,0,0,0,0,0,0,0,4,0,0,0,0,0.0,0.0,10.0,3.0,36.7,0.3,0.2,0.0,0.0,60.0,2.0,36.4,0.0,0.8125,0.0,0.0,10.0,1.0,37.1,0.0,0.3125,-1.0,-2.0,0.0,0.041237113402061855,0.13402061855670103,2,3,4.7,3.0,1195,1014,1428,,,,,,,,,,,,,,,-1.0,1.0,57.0,28.0,16.0,15.0,474.0,0.0,-0.0625,-0.0625,,,-0.1999999999999993,0.0,-1.579499999999996,-1.8795000000000002,-1.1794999999999973,,,0.26621054741605477,0.2867441755680886,1.0,3.0,1.0,0.06349206349206349,0.25396825396825395,3.0,1.0,,-0.001984126984126977
1244,202305050106,0,0,0,8,4,1,0,27,0,0,0,0,0,0,0,3,1,0,0,9,0,0,0,0,0,0,0,1,0,0,0,2,0,0,0,0,0.0,0.0,10.0,2.0,36.2,0.1,0.375,0.0,0.0,20.0,3.0,34.7,0.2,0.6153846153846154,0.0,0.0,60.0,2.0,34.0,0.2,0.3125,0.0,-4.0,0.0,0.1,0.30625,5,10,4.0,2.0,1282,1186,377,0.0,0.0,110.0,5.0,36.3,0.5,0.875,0.0,0.0,30.0,1.0,37.9,0.0,0.125,0.0,0.8,57.0,21.0,16.0,16.0,498.0,-0.0625,-0.23076923076923078,0.0,-0.0625,0.0,-0.49999999999999856,0.0,-2.079499999999996,-0.45309999999999917,-1.106499999999997,-1.5683000000000007,0.48229999999999507,0.25983608852391593,1.3614697940093996,1.0,1.0,1.0,0.08108108108108109,0.25225225225225223,1.0,1.0,,-0.04086538461538461
1245,202305050106,17,18,10,162,1,5,0,14,0,1,0,2,10,9,5,93,0,2,0,1,0,1,0,1,1,6,1,27,0,1,0,1,0,1,0,1,0.0,0.0,7.0,5.0,36.1,1.1,0.8666666666666667,0.0,0.0,10.0,4.0,35.7,0.8,0.9285714285714286,0.0,0.0,10.0,9.0,36.5,0.7,0.6,2.0,-2.0,0.0,0.0449438202247191,0.11235955056179775,7,14,117.3,14.0,1172,1472,1556,0.0,0.0,7.0,9.0,37.0,1.5,0.6428571428571429,0.0,0.0,8.0,7.0,36.1,1.0,0.6875,0.9,0.0,58.0,-204.0,16.0,15.0,536.0,0.0,-0.14285714285714285,0.0,0.14285714285714285,0.0,-0.12999999999999973,0.0,-2.1794999999999973,-1.734099999999998,-1.7794999999999987,-0.6642999999999972,-2.0537999999999954,0.12904696011077596,0.439999999999999,0.0,4.0,0.0,0.03571428571428571,0.14285714285714285,2.0,0.0,0.01460869565217393,-0.07777777777777778
1246,202305050106,5,1,6,33,1,2,0,14,0,0,0,0,3,1,6,14,0,0,0,5,0,0,0,0,2,0,3,3,0,0,0,0,0,0,0,0,0.0,0.0,80.0,5.0,35.5,1.1,1.0,0.0,0.0,80.0,16.0,37.3,3.4,0.375,0.0,0.0,90.0,13.0,35.7,1.7,0.8888888888888888,4.0,4.0,0.0,0.04046242774566474,0.13872832369942195,4,7,24.9,5.0,1401,1335,517,0.0,0.0,100.0,12.0,35.0,1.3,0.6923076923076923,0.0,0.0,60.0,6.0,35.2,0.5,0.6666666666666666,-0.2,0.0,57.0,13.0,16.0,13.0,468.0,-0.07692307692307693,-0.0625,-0.05555555555555555,-0.15384615384615385,-0.05555555555555555,0.28999999999999915,0.0,-2.7794999999999987,2.225299999999997,0.5935000000000059,-0.6499000000000024,-2.0381,0.21422195009817369,0.8163332652783406,0.0,1.0,0.0,0.0,0.07894736842105263,1.0,0.0,0.019047619047619035,0.17647058823529413
1247,202305050106,1,8,3,33,15,21,12,151,1,6,2,7,0,1,0,2,4,6,4,62,0,1,0,1,0,0,0,1,1,1,1,10,0,0,0,1,0.0,0.0,70.0,10.0,36.6,1.7,0.8571428571428571,0.0,0.0,70.0,9.0,35.3,2.2,1.0,0.0,0.0,120.0,9.0,35.8,2.1,0.8125,-0.5,2.0,200.0,0.102803738317757,0.2616822429906542,6,12,101.3,13.0,1175,1482,882,0.0,0.0,90.0,14.0,39.1,1.7,0.7857142857142857,0.0,0.0,30.0,10.0,38.0,1.3,0.6875,0.5,0.0,56.0,14.0,16.0,14.0,440.0,0.07142857142857142,0.0,0.0,0.21428571428571427,0.0,-0.6600000000000001,0.0,-0.8177000000000021,0.22529999999999717,-1.8643,0.016200000000004877,-0.1338000000000008,0.10217656786371405,1.4065560778013808,2.0,2.0,0.0,0.04838709677419355,0.1935483870967742,0.0,,-0.05833333333333332,-0.05872427832593624
1248,202305050106,6,7,7,42,17,25,19,185,0,0,0,0,3,5,4,18,7,6,8,58,0,0,0,0,1,1,1,6,0,1,0,15,0,0,0,0,0.0,0.0,130.0,15.0,38.5,2.8,0.6,0.0,0.0,90.0,14.0,37.2,1.8,0.625,0.0,0.0,50.0,4.0,37.4,0.7,0.9375,-5.5,-2.0,0.0,0.045662100456621,0.1780821917808219,1,2,86.7,12.0,1148,1183,1393,0.0,0.0,120.0,7.0,36.3,1.4,0.4375,0.0,0.0,90.0,4.0,35.1,0.7,0.75,-2.9,0.0,57.0,-168.0,16.0,15.0,464.0,0.0,0.0,0.0,0.0,-0.08333333333333333,0.7700000000000002,0.0,0.22050000000000125,-1.079499999999996,-0.8795000000000002,-1.9795000000000016,-2.3340999999999994,0.1666958307816965,1.1401754250991378,-1.0,4.0,0.0,0.08163265306122448,0.1836734693877551,4.0,0.0,-0.08345021037868161,-0.0538498326159732
1249,202305050106,0,1,0,1,0,0,0,0,0,0,0,0,0,0,0,0,0,0,0,0,0,0,0,0,0,0,0,0,0,0,0,0,0,0,0,0,0.0,0.0,50.0,5.0,36.4,1.2,0.8,0.0,0.0,20.0,1.0,36.1,0.0,0.25,0.0,0.0,20.0,4.0,35.3,0.9,0.5333333333333333,-0.5,-2.0,0.0,0.03225806451612903,0.0913978494623656,3,6,35.9,8.0,1676,590,1428,0.0,0.0,30.0,2.0,37.1,0.2,0.3125,0.0,0.0,120.0,7.0,36.5,0.9,1.0,0.5,0.4,57.0,28.0,16.0,15.0,568.0,0.0,0.0,0.0,-0.0625,0.0,-0.12000000000000029,0.0,-1.8795000000000002,-2.1794999999999973,-2.3643,-1.1794999999999973,-1.7794999999999987,0.2854577221080402,0.587877538267964,1.0,5.0,0.4,0.09523809523809523,0.23809523809523808,4.0,0.5,,
1250,202305050106,12,9,9,59,0,0,0,2,0,0,0,0,5,4,1,17,0,0,0,1,0,0,0,0,3,1,0,6,0,0,0,1,0,0,0,0,0.0,0.0,30.0,11.0,35.8,1.1,0.4444444444444444,0.0,0.0,30.0,3.0,34.9,0.1,0.2222222222222222,0.0,0.0,20.0,1.0,34.9,0.0,0.2777777777777778,-5.0,10.0,0.0,0.058577405857740586,0.18410041841004185,7,13,27.9,7.0,1463,432,1167,0.0,0.0,30.0,2.0,34.0,0.3,0.6111111111111112,0.0,0.0,10.0,7.0,35.5,0.6,0.15384615384615385,-0.9000000000000001,0.6,58.0,83.0,16.0,18.0,478.0,0.16666666666666666,0.0,-0.05555555555555555,0.0,0.0,0.1499999999999993,0.0,0.6935000000000002,-0.20649999999999835,-0.20649999999999835,-1.106499999999997,0.39350000000000307,0.1654017306013985,0.6177378084592194,0.0,0.0,,0.10416666666666667,0.22916666666666666,0.0,,-0.03549135009809168,
1251,202305050106,11,4,13,73,29,23,21,228,0,0,0,0,5,3,2,25,13,9,13,81,0,0,0,0,2,0,0,11,2,3,3,28,0,0,0,0,0.0,0.0,5.0,6.0,39.1,1.6,0.6363636363636364,0.0,0.0,15.0,14.0,38.2,2.7,0.8666666666666667,0.0,0.0,15.0,15.0,43.0,7.8,0.5,4.5,-2.0,170.0,0.032407407407407406,0.13425925925925927,8,16,26.1,6.0,1095,1556,1221,0.0,0.0,10.0,12.0,37.8,0.8,0.9375,0.0,0.0,2.0,1.0,36.9,0.0,0.0625,-1.2,0.2,56.0,-319.0,16.0,11.0,480.0,0.0,0.0,0.0625,0.0,0.0,0.48000000000000115,0.0,,0.28890000000000526,4.720500000000001,-0.11110000000000042,-1.011099999999999,0.31152659232027263,2.121320343559643,7.0,1.0,0.0,0.03260869565217391,0.11956521739130435,1.0,0.0,-0.06510651065106512,-0.01480214466629387
1252,202305050106,20,10,20,146,24,25,22,286,4,0,3,15,13,5,8,64,9,6,7,91,3,0,1,9,2,0,1,17,2,0,0,15,2,0,0,4,0.0,0.0,80.0,6.0,36.2,1.8,0.9375,0.0,0.0,90.0,6.0,36.6,0.9,0.75,0.0,0.0,100.0,9.0,36.4,0.9,0.75,1.5,4.0,200.0,0.0625,0.24632352941176472,3,5,70.3,10.0,1716,1013,1167,0.0,0.0,100.0,8.0,36.9,0.8,0.9333333333333333,0.0,0.0,70.0,3.0,36.5,0.9,0.9333333333333333,-0.4,0.2,58.0,35.0,16.0,16.0,488.0,0.0,-0.125,0.0625,0.0,0.0,-0.08999999999999915,0.0,-1.7110999999999947,-0.8177000000000021,-0.7229000000000028,-1.011099999999999,-1.4110999999999976,0.09050782654923643,0.23151673805580347,1.0,0.0,,0.08571428571428572,0.20952380952380953,0.0,,0.03502141597379693,-0.045033397974574424
1253,202305050106,6,6,4,130,0,4,1,24,0,0,0,0,1,1,0,30,0,2,1,8,0,0,0,0,0,1,0,9,0,0,0,2,0,0,0,0,0.0,0.0,100.0,7.0,37.8,1.4,0.1875,0.0,0.0,30.0,5.0,36.9,1.5,0.1875,0.0,0.0,10.0,6.0,36.9,1.4,0.375,-0.5,10.0,0.0,0.07228915662650602,0.23493975903614459,2,4,68.1,9.0,1009,1561,298,0.0,0.0,40.0,2.0,36.6,0.1,0.3125,0.0,0.0,20.0,5.0,37.3,0.8,0.5,-0.7,0.2,56.0,21.0,16.0,16.0,480.0,0.0625,0.0,0.0,0.0,-0.25,0.12999999999999973,0.0,-0.4795000000000016,-1.2338000000000022,-1.3795000000000002,-1.2984000000000009,-0.6111000000000004,0.11858541225631422,0.4147288270665531,1.0,4.0,0.25,0.06172839506172839,0.18518518518518517,2.0,0.0,0.11976875706924722,0.038112522686025385
1254,202305050106,7,2,9,76,11,13,6,86,0,1,0,1,2,1,1,28,4,8,2,42,0,1,0,0,0,1,0,4,2,1,1,7,0,1,0,0,0.0,0.0,1.0,4.0,39.9,0.9,0.6363636363636364,0.0,0.0,11.0,13.0,36.9,2.2,0.625,0.0,0.0,7.0,6.0,36.7,1.6,0.8666666666666667,1.0,-4.0,-200.0,0.08465608465608465,0.2328042328042328,5,9,79.1,11.0,1713,1393,215,0.0,0.0,11.0,3.0,35.9,0.3,0.875,0.0,0.0,7.0,6.0,36.1,1.2,0.875,-0.6,0.2,56.0,-89.0,16.0,11.0,512.0,-0.18181818181818182,0.0,-0.06666666666666667,0.0,0.0,0.8599999999999994,0.0,1.8273999999999972,-1.3795000000000002,-1.579499999999996,-2.3795,-1.4913999999999987,0.1184238004396082,1.4477568856683078,1.0,3.0,0.3333333333333333,0.08181818181818182,0.2545454545454545,3.0,0.3333333333333333,-0.0301990391214825,-0.10199418363107604
1255,202305050106,2,2,5,52,1,0,0,1,0,0,0,0,0,1,3,10,1,0,0,1,0,0,0,0,0,1,1,6,0,0,0,0,0,0,0,0,0.0,0.0,40.0,80.0,43.4,2.9,0.25,0.0,0.0,130.0,110.0,35.2,1.2,1.0,0.0,0.0,140.0,120.0,34.8,1.6,0.7333333333333333,20.0,18.0,0.0,0.04371584699453552,0.16939890710382513,1,1,295.5,15.0,1098,707,1294,0.0,0.0,130.0,130.0,37.4,2.3,0.7857142857142857,0.0,0.0,140.0,110.0,34.4,0.7,0.8125,8.0,0.0,58.0,-350.0,16.0,12.0,506.0,0.0,0.0,-0.13333333333333333,-0.14285714285714285,-0.1875,1.5800000000000005,0.0,5.246200000000002,0.04690000000000083,-0.3064999999999998,1.0383999999999958,-0.6747000000000014,0.2499137039268372,3.345205524328811,2.0,1.0,0.0,0.04285714285714286,0.14285714285714285,0.0,,0.056540649046503855,
1256,202305050106,2,1,1,5,2,4,5,19,1,1,1,1,1,1,0,2,2,4,1,7,1,1,0,1,0,1,0,1,1,1,0,1,0,1,0,1,0.0,0.0,30.0,5.0,35.7,1.0,0.5833333333333334,0.0,0.0,60.0,3.0,37.8,0.1,0.1875,0.0,0.0,20.0,3.0,37.3,0.0,0.13333333333333333,-1.0,4.0,100.0,0.06666666666666667,0.24761904761904763,4,8,23.8,4.0,1451,1642,1482,0.0,0.0,10.0,3.0,36.5,0.4,0.0625,0.0,0.0,20.0,13.0,38.8,1.6,0.25,1.6,0.6,58.0,26.0,16.0,12.0,464.0,-0.16666666666666666,-0.0625,0.0,0.0,0.125,-0.48999999999999916,0.0,-1.3979999999999961,-0.11110000000000042,-0.6111000000000004,-0.9161000000000001,0.8888999999999996,0.18086597247685926,1.064706532336491,0.0,0.0,,0.12244897959183673,0.30612244897959184,0.0,,-0.30158730158730157,-0.14444444444444443
1257,202305050106,10,7,13,98,1,0,0,3,0,0,0,1,1,1,0,26,0,0,0,2,0,0,0,0,0,0,0,12,0,0,0,0,0,0,0,0,0.0,0.0,90.0,11.0,43.0,5.0,0.36363636363636365,0.0,0.0,150.0,11.0,37.3,1.5,0.875,0.0,0.0,160.0,16.0,40.7,5.2,0.0625,2.5,8.0,0.0,0.0,0.023255813953488372,6,11,430.4,16.0,1152,764,1428,0.0,0.0,170.0,11.0,34.8,0.8,0.6470588235294118,0.0,0.0,70.0,11.0,42.2,5.3,0.16666666666666666,0.0,0.0,58.0,-292.0,16.0,11.0,538.0,0.5454545454545454,0.0,0.0,0.058823529411764705,0.25,0.4099999999999994,0.0,4.720500000000001,-0.5233000000000061,2.420500000000004,-0.35310000000000485,3.161300000000004,0.3012299525892481,3.0938648968563593,4.0,2.0,0.0,0.013888888888888888,0.05555555555555555,2.0,0.0,-0.0014982876712328896,
1258,202305050208,5,1,6,33,7,18,10,156,0,0,0,3,3,1,6,14,0,6,2,50,0,0,0,1,0,0,2,3,0,0,0,5,0,0,0,0,0.0,0.0,11.0,13.0,37.6,2.4,0.6428571428571429,0.0,0.0,9.0,15.0,38.0,1.9,0.1875,0.0,0.0,9.0,6.0,36.8,0.4,0.6428571428571429,-3.5,-6.0,0.0,0.09937888198757763,0.3105590062111801,4,8,5.0,2.0,1401,1428,517,0.0,0.0,10.0,16.0,34.7,0.8,0.058823529411764705,0.0,0.0,7.0,8.0,36.2,0.7,0.25,-0.9,0.0,55.0,-371.0,16.0,14.0,416.0,0.0,0.1875,0.0,0.058823529411764705,0.0,0.6099999999999994,0.0,-0.6794999999999973,0.08890000000000242,-1.1111000000000004,-0.4064999999999941,-1.4642999999999944,0.2418740643184007,1.162067123706715,2.0,2.0,0.0,0.3333333333333333,0.6666666666666666,1.0,0.0,0.019047619047619035,0.035063785856500246
1259,202305050208,0,0,0,1,0,0,1,11,0,0,0,0,0,0,0,0,0,0,0,6,0,0,0,0,0,0,0,0,0,0,0,0,0,0,0,0,0.0,0.0,10.0,1.0,36.2,0.0,0.0625,0.0,0.0,10.0,2.0,34.9,0.2,0.3076923076923077,0.0,0.0,20.0,2.0,34.6,0.2,0.8125,0.5,-2.0,200.0,0.25,0.5,7,13,1.9,1.0,1540,1414,1036,0.0,0.0,10.0,1.0,37.4,0.0,0.1875,0.0,0.0,10.0,3.0,33.8,0.3,0.3125,0.3,1.0,55.0,57.0,16.0,16.0,466.0,0.0,-0.15384615384615385,0.0,0.0,0.0,0.23000000000000115,0.0,-1.2177000000000007,-0.25310000000000343,-0.5531000000000006,-0.511099999999999,-1.7621000000000038,0.2550524948866978,1.271849047646772,1.0,0.0,,0.0,0.07792207792207792,0.0,,,0.07051282051282053
1260,202305050208,4,5,4,48,29,23,21,228,1,1,0,2,2,1,2,16,13,9,13,81,0,0,0,0,0,0,1,0,3,1,2,14,0,0,0,0,0.0,0.0,1.0,1.0,35.5,0.0,0.3333333333333333,0.0,0.0,3.0,2.0,36.4,0.5,0.375,0.0,0.0,5.0,3.0,36.5,0.6,0.5625,1.0,4.0,-200.0,0.0,0.0625,2,3,20.1,7.0,1467,1556,336,0.0,0.0,6.0,5.0,36.8,0.8,0.4375,0.0,0.0,7.0,3.0,36.1,0.3,0.1875,0.7,0.8,56.0,-196.0,16.0,15.0,506.0,-0.06666666666666667,0.0,0.0,0.0,0.0,-0.16000000000000014,0.0,-2.5726000000000013,-1.8795000000000002,-1.7794999999999987,-1.4795000000000016,-2.1794999999999973,0.12318121249245403,0.4409081537009712,0.0,4.0,0.75,0.08602150537634409,0.3010752688172043,4.0,0.75,0.12021857923497267,-0.01480214466629387
1261,202305050208,43,41,42,253,3,0,1,7,2,0,1,6,13,15,18,95,0,0,0,4,0,0,0,3,3,3,5,19,0,0,0,1,0,0,0,1,0.0,0.0,60.0,12.0,37.8,1.6,1.0,0.0,0.0,80.0,5.0,35.4,1.4,0.8125,0.0,0.0,70.0,6.0,35.5,0.8,1.0,-3.0,-16.0,-300.0,0.12307692307692308,0.27692307692307694,2,4,58.2,10.0,1576,748,1577,0.0,0.0,50.0,16.0,37.8,2.5,0.9375,0.0,0.0,50.0,5.0,36.3,0.6,0.625,-0.3,0.0,56.0,98.0,16.0,14.0,500.0,0.0,-0.0625,-0.13333333333333333,-0.0625,-0.125,0.060000000000000143,0.0,-1.5926000000000045,-1.8551000000000002,-2.7794999999999987,-0.4795000000000016,-1.9795000000000016,0.14252192813739226,1.0594338110519215,0.0,3.0,0.0,0.10666666666666667,0.25333333333333335,3.0,0.0,-0.03389267477838315,0.23636363636363633
1262,202305050208,16,16,15,141,19,18,17,223,0,1,0,6,9,9,7,56,10,4,3,73,0,0,0,3,0,2,0,3,1,1,0,15,0,0,0,0,0.0,0.0,20.0,1.0,35.5,0.0,0.5625,0.0,0.0,50.0,2.0,36.5,0.2,0.8125,0.0,0.0,90.0,2.0,36.3,0.0,0.8,0.5,0.0,0.0,0.058333333333333334,0.18333333333333332,5,10,11.5,4.0,1278,1558,625,0.0,0.0,100.0,16.0,37.0,1.7,0.75,0.0,0.0,120.0,7.0,37.2,1.4,0.4375,2.6,0.6,55.0,22.0,16.0,16.0,422.0,0.125,0.0,0.0,0.1875,0.0625,-0.39000000000000057,0.0,-2.7794999999999987,-1.3682999999999979,-1.6111000000000004,-0.41610000000000014,-0.933799999999998,0.1477751670613165,0.5966573556070528,1.0,2.0,0.5,0.04,0.18666666666666668,1.0,1.0,0.010563380281690127,0.0611517126001585
1263,202305050208,5,9,5,81,9,12,12,108,1,0,0,5,0,7,3,29,3,7,5,42,0,0,0,3,0,2,0,1,0,1,0,6,0,0,0,0,0.0,0.0,160.0,7.0,35.8,1.0,0.875,0.0,0.0,120.0,5.0,36.1,0.8,1.0,0.0,0.0,140.0,11.0,36.2,1.7,0.9285714285714286,2.0,-6.0,0.0,0.018867924528301886,0.07547169811320754,4,7,33.5,9.0,1020,1221,1576,0.0,0.0,110.0,7.0,35.5,0.8,0.8181818181818182,0.0,0.0,150.0,12.0,37.3,2.2,0.9333333333333333,1.2,0.0,56.0,-385.0,16.0,16.0,468.0,0.0625,0.0,0.0,0.0,-0.06666666666666667,-0.23999999999999985,0.0,-2.4795000000000016,-2.1794999999999973,-2.079499999999996,-2.0914,-0.6111000000000004,0.061056934506457765,0.6112282715974443,0.0,3.0,0.0,0.04225352112676056,0.14084507042253522,3.0,0.0,0.16294117647058826,-0.024042553191489374
1264,202305050208,20,10,20,146,1,3,4,28,0,0,0,0,13,5,8,64,1,0,3,12,0,0,0,0,2,1,2,10,0,0,0,0,0,0,0,0,0.0,0.0,30.0,1.0,35.7,0.0,0.6875,0.0,0.0,80.0,5.0,35.4,0.2,0.8125,0.0,0.0,60.0,4.0,36.7,1.0,0.25,1.5,-8.0,200.0,0.08421052631578947,0.23157894736842105,1,2,14.2,5.0,1716,1292,1167,0.0,0.0,70.0,6.0,36.2,0.4,1.0,0.0,0.0,90.0,3.0,38.1,0.7,1.0,0.5,0.4,56.0,50.0,16.0,16.0,464.0,0.0,-0.0625,0.0,0.0,-0.23076923076923078,-0.5600000000000002,0.0,-2.2110999999999947,-1.7229000000000028,-1.579499999999996,-1.7110999999999947,-1.176400000000001,0.2766992952647332,0.949526197637538,0.0,1.0,0.0,0.0,0.09090909090909091,1.0,0.0,0.03502141597379693,-0.07936507936507936
1265,202305050208,12,9,9,59,1,3,1,5,1,3,1,4,5,4,1,17,0,1,0,1,0,1,0,1,1,1,0,4,0,1,0,1,0,1,0,1,0.0,0.0,140.0,10.0,35.7,0.7,0.5,0.0,0.0,120.0,9.0,37.9,1.3,0.5625,0.0,0.0,5.0,10.0,39.6,2.7,0.5,0.0,4.0,-200.0,0.04294478527607362,0.1901840490797546,6,11,15.1,6.0,1463,622,1167,0.0,0.0,7.0,2.0,38.2,0.0,0.2857142857142857,0.0,0.0,6.0,4.0,37.0,0.9,0.5,-1.9,0.2,56.0,-413.0,16.0,16.0,500.0,-0.125,0.25,0.0,-0.07142857142857142,0.1,-0.28999999999999987,0.0,0.6253000000000029,-1.7259000000000029,0.053300000000000125,-1.1925999999999988,-1.5775999999999968,0.09509662111210249,1.295221988695374,0.0,0.0,,0.029411764705882353,0.20588235294117646,0.0,,-0.03549135009809168,-0.07142857142857145
1266,202305050208,20,10,20,146,10,14,7,96,0,0,0,3,13,5,8,64,6,9,2,45,0,0,0,0,2,1,2,10,0,0,0,2,0,0,0,0,0.0,0.0,14.0,13.0,37.5,1.9,0.9375,0.0,0.0,14.0,9.0,36.8,1.3,0.4375,0.0,0.0,14.0,10.0,37.3,0.6,0.14285714285714285,-1.5,6.0,200.0,0.045454545454545456,0.17727272727272728,5,9,203.2,14.0,1716,1362,1167,0.0,0.0,12.0,10.0,40.9,2.7,0.26666666666666666,0.0,0.0,15.0,7.0,37.4,0.7,0.875,-1.1,0.0,56.0,-83.0,16.0,16.0,492.0,0.0,-0.125,0.07142857142857142,0.13333333333333333,-0.125,-0.38999999999999985,0.0,-0.4110999999999976,-1.4795000000000016,-1.2775999999999996,1.507399999999997,-0.5167000000000002,0.3202634527046787,1.4797297050475133,1.0,1.0,0.0,0.125,0.25,1.0,0.0,0.03502141597379693,-0.033568172399502716
1267,202305050208,6,7,7,42,1,0,0,1,0,0,0,0,3,5,4,18,1,0,0,1,0,0,0,0,0,0,0,1,0,0,0,0,0,0,0,0,0.0,0.0,100.0,7.0,36.4,0.7,0.8666666666666667,0.0,0.0,15.0,7.0,36.6,0.7,0.6,0.0,0.0,13.0,10.0,37.3,1.2,0.3125,1.5,2.0,250.0,0.0718562874251497,0.23353293413173654,1,1,26.1,8.0,1148,707,1393,0.0,0.0,11.0,8.0,36.6,1.6,0.6875,0.0,0.0,13.0,16.0,38.4,2.2,0.4375,1.9,0.0,56.0,-377.0,16.0,15.0,472.0,-0.13333333333333333,0.13333333333333333,-0.0625,0.0,-0.0625,-0.4,0.0,-1.4233000000000047,-1.3110999999999962,-0.7726000000000042,-1.6794999999999973,0.12049999999999983,0.1928694146595336,0.7364781055808779,0.0,2.0,0.0,0.05405405405405406,0.24324324324324326,2.0,0.0,-0.08345021037868161,
1268,202305050208,3,6,7,83,0,1,0,15,0,0,0,1,1,2,1,30,0,0,0,5,0,0,0,1,0,0,0,2,0,0,0,0,0,0,0,0,0.0,0.0,8.0,6.0,38.5,1.4,0.5,0.0,0.0,15.0,10.0,36.9,1.5,0.875,0.0,0.0,17.0,18.0,34.1,1.4,0.4444444444444444,6.0,24.0,200.0,0.03,0.17,3,5,340.2,15.0,1431,1378,1428,0.0,0.0,15.0,11.0,36.5,1.6,0.6875,0.0,0.0,8.0,10.0,36.8,0.9,0.5,0.9,0.0,56.0,-204.0,16.0,10.0,478.0,0.0,-0.0625,0.1111111111111111,0.0,0.0,0.38000000000000045,0.0,0.6788999999999987,-1.011099999999999,-1.0064999999999955,-1.7794999999999987,-1.1111000000000004,0.15966786514666573,1.4136477637657827,2.0,1.0,0.0,0.03529411764705882,0.1411764705882353,1.0,0.0,-0.03118137900746598,-0.0625
1269,202305050208,17,18,10,162,2,4,2,54,0,0,0,0,10,9,5,93,0,0,1,10,0,0,0,0,2,0,1,23,0,0,0,0,0,0,0,0,0.0,0.0,60.0,2.0,35.9,0.6,0.1875,0.0,0.0,30.0,9.0,37.4,2.2,0.5625,0.0,0.0,20.0,6.0,40.0,1.4,0.35714285714285715,2.0,12.0,0.0,0.0392156862745098,0.19607843137254902,3,6,8.0,3.0,1172,1417,1556,0.0,0.0,60.0,2.0,36.2,0.4,0.26666666666666666,0.0,0.0,60.0,6.0,38.5,1.1,0.5714285714285714,0.1,0.4,56.0,28.0,16.0,16.0,506.0,0.0,0.125,0.0,0.06666666666666667,-0.2857142857142857,-0.4000000000000007,0.0,-2.3795,-0.511099999999999,1.8661999999999992,-2.079499999999996,0.22050000000000125,0.15489673613802568,1.5139352694220447,0.0,4.0,0.5,0.0,0.5,3.0,0.6666666666666666,0.01460869565217393,0.00985663082437277
1270,202305050208,5,9,5,81,3,2,2,34,0,0,0,2,0,7,3,29,1,1,0,7,0,0,0,0,0,2,0,1,0,0,0,1,0,0,0,0,0.0,0.0,2.0,1.0,39.5,0.0,0.125,0.0,0.0,15.0,13.0,42.4,3.8,0.1875,0.0,0.0,12.0,13.0,37.4,2.1,0.375,6.0,20.0,-200.0,0.03208556149732621,0.09090909090909091,8,16,71.4,12.0,1020,1412,1576,0.0,0.0,13.0,16.0,43.2,5.0,0.0625,0.0,0.0,9.0,12.0,37.8,0.9,0.6875,2.5,0.2,56.0,-258.0,16.0,8.0,532.0,0.0,0.0,0.125,0.0625,-0.0625,0.2600000000000001,0.0,1.4273999999999987,2.2748999999999953,-0.8795000000000002,4.161300000000004,-0.11670000000000158,0.22569337606584736,2.359321936489382,1.0,1.0,0.0,0.13333333333333333,0.28888888888888886,1.0,0.0,0.16294117647058826,0.0673635307781649
1271,202305050208,4,6,6,91,1,0,3,16,0,0,0,0,2,2,2,33,0,0,0,8,0,0,0,0,0,1,2,1,0,0,0,0,0,0,0,0,0.0,0.0,160.0,140.0,36.7,2.2,0.875,0.0,0.0,110.0,110.0,36.6,1.8,0.9333333333333333,0.0,0.0,130.0,90.0,37.5,1.6,0.875,-25.0,12.0,0.0,,,7,14,343.2,16.0,1403,1708,939,0.0,0.0,100.0,110.0,37.0,1.6,1.0,0.0,0.0,60.0,10.0,36.7,0.0,1.0,-26.0,0.0,55.0,0.0,16.0,16.0,502.0,0.0,-0.06666666666666667,0.0,0.0,0.0,-0.039999999999999855,0.0,-1.579499999999996,-1.6794999999999973,-0.4110999999999976,-0.6642999999999972,-1.579499999999996,0.05592653911854173,0.32863353450309873,0.0,4.0,0.0,0.0,0.05,3.0,0.0,0.06668350593584241,-0.014814814814814836
1272,202305050208,4,1,3,26,9,12,12,108,0,0,0,1,1,0,1,19,3,7,5,42,0,0,0,1,0,0,1,0,0,1,0,6,0,0,0,0,0.0,0.0,20.0,2.0,37.9,1.1,0.2222222222222222,0.0,0.0,160.0,14.0,38.0,1.2,0.25,0.0,0.0,,,,,,12.0,2.0,200.0,0.040229885057471264,0.13793103448275862,6,12,144.7,13.0,1270,1221,969,0.0,0.0,120.0,12.0,36.3,1.5,0.9285714285714286,0.0,0.0,130.0,15.0,38.4,2.2,0.0625,3.7,0.25,55.0,-267.0,16.0,9.0,498.0,0.0,0.0,,0.0,0.0,0.020000000000000285,0.0,-0.011099999999999,0.17889999999999873,,-0.14110000000000156,0.12049999999999983,0.33268858820799435,0.8015609770940706,1.0,2.0,0.0,0.0,0.0425531914893617,2.0,0.0,-0.07529411764705882,-0.024042553191489374
1273,202305050208,43,41,42,253,15,21,12,151,0,2,2,7,13,15,18,95,4,6,4,62,0,1,1,2,3,3,5,19,0,1,0,8,0,0,0,1,0.0,0.0,13.0,12.0,37.3,1.6,1.0,0.0,0.0,11.0,16.0,37.4,2.5,0.6875,0.0,0.0,6.0,9.0,37.6,1.3,0.8571428571428571,-1.5,4.0,-400.0,0.08280254777070063,0.27388535031847133,8,15,68.9,11.0,1576,1482,1577,0.0,0.0,5.0,1.0,37.3,0.0,0.8461538461538461,0.0,0.0,2.0,7.0,40.1,2.2,0.8,-2.5,0.2,56.0,-14.0,16.0,16.0,536.0,0.0,0.0,-0.2857142857142857,-0.6923076923076923,-0.4,-0.5500000000000007,0.0,-2.246700000000004,-0.8795000000000002,-1.6094000000000008,-2.0926000000000045,0.8822000000000045,0.10076810729537777,1.0855413396089542,3.0,1.0,0.0,0.26666666666666666,0.4,1.0,0.0,-0.03389267477838315,-0.05872427832593624
1274,202305050309,5,9,5,81,16,16,19,162,0,0,0,1,0,7,3,29,4,4,5,55,0,0,0,0,0,3,0,11,0,1,1,20,0,0,0,0,0.0,0.0,20.0,3.0,37.2,0.4,0.3333333333333333,0.0,0.0,20.0,1.0,34.2,0.0,0.1875,,,,,,,,-2.0,-2.0,-100.0,0.14746543778801843,0.35023041474654376,1,1,11.2,4.0,1020,1345,1576,,,,,,,,,,,,,,,-2.0,1.0,56.0,83.0,16.0,9.0,480.0,0.2222222222222222,-0.0625,,,,3.0,0.0,0.5031999999999996,-0.9064999999999941,,,,0.07291666666666666,1.5,1.0,0.0,,0.04878048780487805,0.12195121951219512,0.0,,0.16294117647058826,-0.02467151904716891
1275,202305050309,0,1,0,1,0,0,0,0,0,0,0,0,0,0,0,0,0,0,0,0,0,0,0,0,0,0,0,0,0,0,0,0,0,0,0,0,0.0,0.0,10.0,1.0,37.0,0.0,0.2857142857142857,0.0,0.0,10.0,2.0,37.3,0.0,0.375,0.0,0.0,10.0,2.0,39.0,0.2,0.08333333333333333,0.5,-2.0,200.0,0.14285714285714285,0.26373626373626374,7,13,78.0,14.0,1676,429,1428,0.0,0.0,20.0,6.0,37.9,1.5,0.2857142857142857,0.0,0.0,40.0,2.0,34.7,0.1,0.375,0.6,0.8,56.0,21.0,16.0,14.0,482.0,0.0,0.0,0.0,0.0,0.0,0.3999999999999993,0.0,-0.4177000000000035,-0.6111000000000004,0.7205000000000013,0.6618999999999957,-0.4064999999999941,0.10657255627302413,1.4161920773680372,3.0,1.0,1.0,0.0,0.0,1.0,1.0,,
1276,202305050309,9,7,3,105,0,0,1,7,0,0,0,0,3,1,0,26,0,0,0,2,0,0,0,0,0,0,0,7,0,0,0,0,0,0,0,0,0.0,0.0,60.0,1.0,36.5,0.0,0.08333333333333333,,,,,,,,,,,,,,,,,200.0,0.0,0.0,2,4,35.2,8.0,1127,239,1328,,,,,,,,,,,,,,,,1.0,55.0,20.0,16.0,12.0,470.0,0.0,,,,,,,-1.4110999999999976,,,,,,,0.0,0.0,,0.25,0.5,0.0,,-0.00028462998102465886,-0.125
1277,202305050309,5,1,6,33,7,4,4,70,0,0,0,0,3,1,6,14,1,0,0,27,0,0,0,0,2,0,3,3,0,0,0,8,0,0,0,0,0.0,0.0,10.0,1.0,38.4,0.0,0.0625,0.0,0.0,40.0,2.0,38.7,0.1,0.07692307692307693,0.0,0.0,80.0,3.0,37.6,0.3,0.6,1.0,2.0,0.0,0.05555555555555555,0.2222222222222222,7,14,13.9,5.0,1401,1503,517,,,,,,,,,,,,,,,1.0,1.0,55.0,56.0,16.0,16.0,464.0,0.0,0.0,-0.2,,,0.3999999999999986,0.0,0.12049999999999983,0.4205000000000041,-0.2984000000000009,,,0.2500497156352779,0.4642796092394708,0.0,3.0,1.0,0.16666666666666666,0.16666666666666666,2.0,1.0,0.019047619047619035,0.016511867905056737
1278,202305050309,0,0,0,13,7,18,10,156,0,0,0,0,0,0,0,6,0,6,2,50,0,0,0,0,0,0,0,0,0,0,0,10,0,0,0,0,0.0,0.0,3.0,13.0,39.4,1.6,0.0625,0.0,0.0,5.0,6.0,32.8,1.0,0.29411764705882354,0.0,0.0,5.0,6.0,35.4,0.6,0.2222222222222222,-3.5,10.0,200.0,0.044444444444444446,0.1111111111111111,6,11,58.4,11.0,1521,1428,1313,0.0,0.0,7.0,5.0,37.9,1.1,0.07692307692307693,0.0,0.0,11.0,5.0,38.8,0.8,0.125,-1.7,0.0,56.0,-316.0,16.0,16.0,492.0,0.0,,0.0,0.0,0.0,-0.38999999999999985,0.0,1.488900000000001,-0.7434000000000012,0.03459999999999752,-0.011099999999999,0.5204999999999984,0.08878981978926036,2.4458945193936716,0.0,1.0,0.0,0.06818181818181818,0.18181818181818182,1.0,0.0,0.0,0.035063785856500246
1279,202305050309,7,7,8,85,8,2,7,62,0,0,0,3,3,4,0,27,3,2,2,19,0,0,0,1,0,0,0,3,1,0,0,2,0,0,0,0,0.0,0.0,30.0,1.0,37.9,0.0,0.0625,,,,,,,,,,,,,,,,,0.0,0.15283842794759825,0.3406113537117904,5,9,40.4,9.0,1605,1110,1,,,,,,,,,,,,,,,,1.0,55.0,34.0,16.0,16.0,454.0,0.0,,,,,,,-0.37950000000000017,,,,,,,0.0,1.0,1.0,0.0,0.0,1.0,1.0,0.056687605331699115,0.048961069978504884
1280,202305050309,6,13,11,107,0,0,0,2,0,0,0,0,2,4,4,38,0,0,0,0,0,0,0,0,0,0,2,12,0,0,0,0,0,0,0,0,0.0,0.0,60.0,6.0,33.7,0.8,0.6666666666666666,0.0,0.0,10.0,1.0,36.7,0.0,0.8571428571428571,0.0,0.0,50.0,3.0,33.8,0.4,0.8125,-1.5,2.0,-200.0,0.10493827160493827,0.3148148148148148,8,16,20.1,6.0,1393,397,1263,,,,,,,,,,,,,,,-1.5,0.6666666666666666,56.0,76.0,16.0,12.0,490.0,0.0,-0.5714285714285714,-0.1875,,,-0.04999999999999716,0.0,-1.3746999999999971,1.2408000000000001,-1.3064999999999998,,,0.0813371071141652,1.3912424503139484,1.0,0.0,,0.14814814814814814,0.3333333333333333,0.0,,-0.03920282129090463,
1281,202305050309,4,5,4,48,11,13,6,86,1,0,0,1,2,1,2,16,4,8,2,42,1,0,0,0,0,0,0,5,2,1,1,7,0,0,0,0,0.0,0.0,40.0,3.0,34.9,0.3,0.3333333333333333,0.0,0.0,20.0,1.0,35.3,0.0,0.23076923076923078,,,,,,,,-2.0,-4.0,0.0,0.24848484848484848,0.4909090909090909,5,10,5.9,3.0,1467,1393,336,,,,,,,,,,,,,,,-2.0,1.0,56.0,56.0,16.0,6.0,490.0,0.0,0.0,,,,-0.3999999999999986,0.0,-0.20649999999999835,0.14689999999999515,,,,0.051282051282051266,0.1999999999999993,1.0,0.0,,0.08695652173913043,0.391304347826087,0.0,,0.12021857923497267,-0.10199418363107604
1282,202305050309,7,7,8,85,9,12,12,108,0,0,0,4,3,4,0,27,3,7,5,42,0,0,0,0,0,0,0,3,0,2,2,10,0,0,0,0,0.0,0.0,10.0,3.0,37.5,0.0,1.0,0.0,0.0,60.0,1.0,35.8,0.0,0.9,,,,,,,,-2.0,12.0,0.0,0.2,0.6,4,8,2.4,1.0,1605,1221,1,,,,,,,,,,,,,,,-2.0,1.0,56.0,42.0,16.0,9.0,500.0,-0.1111111111111111,0.0,,,,1.7000000000000028,0.0,-0.7794999999999987,-2.098400000000005,,,,0.04999999999999999,0.8500000000000014,1.0,2.0,1.0,0.0,0.0,1.0,1.0,0.056687605331699115,-0.024042553191489374
1283,202305050309,0,0,0,2,0,1,0,4,0,0,0,0,0,0,0,1,0,0,0,2,0,0,0,0,0,0,0,1,0,0,0,0,0,0,0,0,0.0,0.0,100.0,9.0,35.8,0.7,0.2,0.0,0.0,10.0,1.0,37.8,0.0,0.18181818181818182,0.0,0.0,60.0,5.0,35.8,1.6,0.14285714285714285,-2.0,-2.0,200.0,0.08227848101265822,0.2721518987341772,3,5,71.0,13.0,969,702,201,,,,,,,,,,,,,,,-2.0,0.3333333333333333,56.0,69.0,16.0,10.0,458.0,0.0,0.0,0.0,,,0.0,0.0,0.6468999999999951,-0.11110000000000042,0.34079999999999444,,,0.02383705610032244,0.9428090415820634,1.0,0.0,,0.0,0.08333333333333333,0.0,,,-0.033333333333333354
1284,202305050309,4,2,1,10,1,0,2,8,0,0,0,0,3,0,0,2,0,0,0,3,0,0,0,0,0,0,0,0,0,0,0,0,0,0,0,0,0.0,0.0,10.0,1.0,36.0,0.0,0.3333333333333333,0.0,0.0,40.0,2.0,36.9,0.3,0.3,0.0,0.0,30.0,3.0,36.1,2.0,0.2222222222222222,1.0,-2.0,400.0,0.10232558139534884,0.26046511627906976,8,15,27.3,7.0,429,577,377,,,,,,,,,,,,,,,1.0,1.0,56.0,125.0,16.0,12.0,468.0,0.0,-0.1,0.1111111111111111,,,-0.05000000000000071,0.0,-0.4410999999999987,1.0837999999999965,-1.3677999999999955,,,0.046554833666579754,0.40276819911981815,1.0,0.0,,0.08695652173913043,0.15217391304347827,0.0,,0.05882352941176472,-0.1727272727272727
1285,202305050309,4,5,4,48,1,2,1,7,0,0,0,0,2,1,2,16,1,2,1,0,0,0,0,0,0,0,0,5,0,0,0,0,0,0,0,0,0.0,0.0,12.0,12.0,38.6,1.4,0.5625,0.0,0.0,2.0,1.0,37.7,0.0,0.375,0.0,0.0,12.0,10.0,35.4,1.9,0.6923076923076923,-1.0,2.0,0.0,0.07142857142857142,0.23214285714285715,6,12,64.1,12.0,1467,1520,336,,,,,,,,,,,,,,,-1.0,0.3333333333333333,55.0,0.0,16.0,16.0,482.0,0.0,-0.0625,0.07692307692307693,,,1.6000000000000014,0.0,0.32050000000000267,-0.5794999999999959,0.3252999999999986,,,0.13025208830907756,1.3474255287605172,0.0,2.0,0.5,0.13432835820895522,0.3880597014925373,2.0,0.5,0.12021857923497267,-0.06363636363636366
1286,202305050309,43,41,42,253,24,25,22,286,2,1,0,12,13,15,18,95,9,6,7,91,1,0,0,6,3,5,4,26,2,0,0,15,0,0,0,0,0.0,0.0,50.0,2.0,37.8,0.1,0.125,0.0,0.0,10.0,1.0,37.6,0.0,0.14285714285714285,,,,,,,,-1.0,16.0,0.0,0.025,0.1875,4,7,4.4,2.0,1576,1013,1577,,,,,,,,,,,,,,,-1.0,1.0,56.0,20.0,16.0,8.0,510.0,0.0,0.0,,,,0.19999999999999574,0.0,-0.4795000000000016,-0.2738999999999976,,,,0.008928571428571425,0.09999999999999788,0.0,1.0,1.0,0.08490566037735849,0.20754716981132076,1.0,1.0,-0.03389267477838315,-0.045033397974574424
1287,202305050309,1,2,0,11,0,0,0,1,0,0,0,0,0,0,0,4,0,0,0,0,0,0,0,0,0,0,0,1,0,0,0,0,0,0,0,0,0.0,0.0,11.0,7.0,39.0,0.9,0.6363636363636364,0.0,0.0,12.0,10.0,42.0,2.6,0.15384615384615385,0.0,0.0,16.0,8.0,40.1,1.7,0.1875,0.5,4.0,-400.0,0.08376963350785341,0.23036649214659685,3,6,151.8,15.0,1600,639,680,0.0,0.0,16.0,16.0,43.3,5.0,0.3125,0.0,0.0,16.0,15.0,39.8,3.4,0.5625,2.2,0.0,55.0,-351.0,16.0,11.0,468.0,-0.09090909090909091,0.0,0.1875,0.6875,0.0625,-0.28999999999999915,0.0,-0.6259000000000015,2.3740999999999985,0.47409999999999997,3.6740999999999957,1.5204999999999984,0.195621754102842,1.5755633912984897,1.0,1.0,0.0,0.030303030303030304,0.09090909090909091,1.0,0.0,0.05844155844155843,
1288,202305050309,43,41,42,253,0,0,0,0,0,0,0,0,13,15,18,95,0,0,0,0,0,0,0,0,3,5,4,26,0,0,0,0,0,0,0,0,0.0,0.0,10.0,1.0,37.5,0.0,0.06666666666666667,,,,,,,,,,,,,,,,,200.0,0.03902439024390244,0.1951219512195122,2,3,44.6,10.0,1576,1719,1577,,,,,,,,,,,,,,,,1.0,56.0,28.0,16.0,15.0,474.0,0.0,,,,,,,-0.4110999999999976,,,,,,,1.0,0.0,,0.10144927536231885,0.2753623188405797,0.0,,-0.03389267477838315,
1289,202305050309,0,0,0,0,0,0,0,0,0,0,0,0,0,0,0,0,0,0,0,0,0,0,0,0,0,0,0,0,0,0,0,0,0,0,0,0,0.0,0.0,15.0,17.0,35.1,1.4,0.3333333333333333,0.0,0.0,6.0,11.0,35.9,2.3,0.36363636363636365,0.0,0.0,5.0,9.0,35.6,1.4,0.1875,-4.0,-2.0,0.0,0.04524886877828054,0.17647058823529413,1,2,237.0,16.0,594,4,324,0.0,0.0,8.0,5.0,34.4,0.3,0.07142857142857142,0.0,0.0,10.0,8.0,36.3,1.3,0.5,-2.4,0.0,55.0,-351.0,16.0,18.0,458.0,-0.1111111111111111,-0.09090909090909091,0.125,0.0,0.16666666666666666,-0.08999999999999915,0.0,-0.006499999999995509,-0.016600000000003945,0.4468999999999994,-0.7064999999999984,1.0366,0.1481032432467973,0.6590902821313627,1.0,0.0,,0.047619047619047616,0.13095238095238096,0.0,,,
1290,202305050401,12,9,11,80,1,0,0,15,0,0,0,0,3,2,2,27,0,0,0,3,0,0,0,0,2,0,1,11,0,0,0,1,0,0,0,0,0.0,0.0,15.0,16.0,39.0,2.6,0.625,0.0,0.0,12.0,13.0,42.5,4.9,0.5384615384615384,0.0,0.0,12.0,13.0,38.6,2.5,1.0,-1.5,-2.0,200.0,0.03864734299516908,0.1932367149758454,4,5,2.4,1.0,1586,1327,1167,0.0,0.0,16.0,11.0,37.5,1.3,0.125,0.0,0.0,10.0,13.0,39.9,2.6,0.3125,-0.8,0.0,56.0,-321.0,14.0,16.0,466.0,0.0625,0.0,0.0,0.0625,-0.0625,0.3200000000000003,0.0,1.0889000000000024,2.8740999999999985,0.7789000000000001,-0.7794999999999987,1.6204999999999998,0.29693328997979473,1.6864163187066232,0.0,2.0,0.0,0.027777777777777776,0.1388888888888889,2.0,0.0,-0.06653620352250489,0.008928571428571425
1291,202305050401,0,0,0,0,7,4,6,38,0,0,0,0,0,0,0,0,5,1,4,20,0,0,0,0,0,0,0,0,1,0,0,7,0,0,0,0,0.0,0.0,13.0,13.0,40.3,3.6,0.07692307692307693,0.0,0.0,12.0,13.0,38.0,3.0,0.9285714285714286,0.0,0.0,11.0,11.0,39.7,2.4,0.42857142857142855,-1.0,-2.0,-200.0,0.10429447852760736,0.3128834355828221,5,8,2.8,2.0,1564,1542,334,0.0,0.0,6.0,14.0,37.8,1.8,0.3125,0.0,0.0,13.0,12.0,36.9,1.3,0.6875,-0.1,0.0,56.0,-350.0,14.0,13.0,488.0,0.0,0.0,0.21428571428571427,0.0,-0.0625,0.7,0.0,2.227399999999996,0.40859999999999985,0.30740000000000123,-0.4795000000000016,-1.3795000000000002,0.29570682536397386,1.2626955294131683,0.0,2.0,0.0,0.10714285714285714,0.25,2.0,0.0,,-0.1937062937062937
1292,202305050401,12,17,21,171,29,23,21,228,1,2,2,4,1,5,12,77,13,9,13,81,0,1,2,2,1,3,5,32,5,3,6,21,0,1,2,1,0.0,0.0,50.0,5.0,39.8,1.0,0.5714285714285714,0.0,0.0,20.0,4.0,37.2,1.0,0.7692307692307693,0.0,0.0,150.0,7.0,33.8,0.7,1.0,1.0,4.0,-300.0,0.07647058823529412,0.23529411764705882,7,11,4.9,3.0,1520,1556,695,,,,,,,,,,,,,,,1.0,0.0,56.0,85.0,14.0,14.0,482.0,-0.35714285714285715,-0.15384615384615385,-0.125,,,3.0,0.0,0.40739999999999554,-0.6233000000000004,-1.3064999999999998,,,0.17513601593966185,2.4567367696917706,1.0,0.0,,0.029850746268656716,0.08955223880597014,0.0,,0.0023270846800258482,-0.01480214466629387
1293,202305050401,9,6,8,51,2,1,1,14,0,0,0,0,2,3,3,20,2,0,1,6,0,0,0,0,1,3,2,10,1,0,1,1,0,0,0,0,0.0,0.0,5.0,4.0,39.0,1.7,0.4166666666666667,0.0,0.0,6.0,7.0,37.6,1.2,0.5,0.0,0.0,10.0,5.0,36.5,0.8,0.375,0.5,6.0,0.0,0.0297029702970297,0.16831683168316833,8,13,115.1,9.0,1677,1736,1167,0.0,0.0,5.0,5.0,37.8,0.9,0.4375,0.0,0.0,14.0,9.0,39.2,1.0,0.125,0.8,0.0,56.0,-282.0,14.0,12.0,462.0,0.0,0.0625,0.0,0.0,0.0,-0.060000000000000143,0.0,1.3357000000000028,-0.0916999999999959,-0.32809999999999917,-0.4795000000000016,1.1274000000000015,0.12936812246883353,0.9887365675446627,0.0,2.0,0.0,0.10810810810810811,0.25225225225225223,1.0,0.0,-0.10492845786963434,0.1777777777777778
1294,202305050401,0,0,0,5,11,13,6,86,0,0,0,0,0,0,0,0,4,8,2,42,0,0,0,0,0,0,0,0,1,4,1,18,0,0,0,0,0.0,0.0,2.0,2.0,41.9,1.3,0.625,0.0,0.0,8.0,13.0,35.5,1.5,0.8666666666666667,0.0,0.0,6.0,9.0,38.5,1.2,0.1875,3.5,2.0,-100.0,0.04242424242424243,0.18787878787878787,1,1,36.0,7.0,1537,1393,488,0.0,0.0,7.0,5.0,38.3,1.8,0.25,0.0,0.0,8.0,16.0,46.5,5.8,0.0625,2.0,0.2,56.0,-333.0,14.0,8.0,468.0,-0.25,0.0,0.0,-0.0625,0.0625,-1.2,0.0,,0.346899999999998,0.42739999999999867,0.02049999999999841,6.953299999999999,0.29998379585867263,3.7723202409127463,0.0,1.0,0.0,0.0,0.08974358974358974,1.0,0.0,,-0.10199418363107604
1295,202305050401,0,2,1,38,20,25,21,205,0,0,0,0,0,1,0,18,5,4,2,61,0,0,0,0,0,0,0,8,2,1,0,22,0,0,0,0,0.0,0.0,80.0,4.0,37.9,0.8,0.6923076923076923,0.0,0.0,80.0,4.0,38.6,2.2,1.0,0.0,0.0,130.0,8.0,35.5,0.6,0.75,2.0,4.0,-200.0,0.03225806451612903,0.07526881720430108,8,14,12.8,4.0,1306,1167,1445,0.0,0.0,90.0,10.0,37.0,2.8,0.8333333333333334,0.0,0.0,70.0,6.0,39.0,3.5,0.8571428571428571,1.0,0.0,55.0,15.0,14.0,13.0,444.0,0.0,-0.125,-0.125,-0.08333333333333333,0.0,-0.060000000000000143,0.0,-0.17260000000000275,0.5274000000000001,-0.8748999999999967,1.5407999999999973,2.149700000000003,0.1048310435550672,1.2505998560690788,0.0,0.0,,0.0,0.09333333333333334,0.0,,0.04447632711621234,0.019083827201908404
1296,202305050401,0,1,0,1,0,0,0,7,0,0,0,0,0,0,0,0,0,0,0,5,0,0,0,0,0,0,0,0,0,0,0,0,0,0,0,0,0.0,0.0,7.0,7.0,39.2,1.7,0.5,0.0,0.0,6.0,8.0,37.9,0.8,0.5625,0.0,0.0,5.0,7.0,37.8,1.3,0.7142857142857143,0.0,-2.0,0.0,0.008928571428571428,0.07142857142857142,3,3,16.8,5.0,1676,296,1428,0.0,0.0,7.0,4.0,36.9,1.1,0.6666666666666666,,,,,,,,-1.0,0.0,55.0,-182.0,14.0,16.0,466.0,0.0,-0.0625,0.0,0.0,,0.7000000000000014,0.0,0.9205000000000041,-0.011099999999999,-0.4795000000000016,-1.3795000000000002,,0.08432065521216117,0.8200609733428379,0.0,3.0,0.0,0.09090909090909091,0.22727272727272727,3.0,0.0,,
1297,202305050401,5,4,3,36,5,5,3,59,0,0,0,0,2,2,2,15,2,5,2,20,0,0,0,0,1,1,1,6,0,0,0,4,0,0,0,0,0.0,0.0,10.0,20.0,40.7,0.0,0.1,0.0,0.0,110.0,110.0,40.5,2.2,0.06666666666666667,0.0,0.0,110.0,80.0,38.6,0.6,0.5625,30.0,9.0,0.0,0.031914893617021274,0.09042553191489362,4,6,351.6,13.0,1310,1721,1618,0.0,0.0,90.0,50.0,38.8,1.8,0.25,0.0,0.0,130.0,80.0,38.9,1.4,0.2857142857142857,6.0,0.0,56.0,-342.0,14.0,10.0,455.0,0.0,0.0,0.0,0.0625,0.0,0.5300000000000011,0.0,2.546200000000006,2.9086,0.6889000000000038,0.8888999999999996,0.6204999999999998,0.17606736368017778,0.9055385138137428,0.0,2.0,0.0,0.06097560975609756,0.18292682926829268,1.0,0.0,-0.08333333333333334,0.02314814814814814
1298,202305050401,0,0,0,0,0,0,0,6,0,0,0,0,0,0,0,0,0,0,0,3,0,0,0,0,0,0,0,0,0,0,0,0,0,0,0,0,0.0,0.0,30.0,9.0,42.8,2.3,0.8181818181818182,0.0,0.0,100.0,10.0,40.1,3.7,0.2727272727272727,0.0,0.0,140.0,8.0,40.2,2.4,0.5,-0.5,6.0,0.0,0.04484304932735426,0.17488789237668162,7,12,30.8,6.0,1338,1611,1028,0.0,0.0,110.0,12.0,35.8,2.2,0.3125,0.0,0.0,90.0,16.0,37.4,2.4,0.3888888888888889,1.6,0.0,56.0,-332.0,14.0,11.0,496.0,0.18181818181818182,0.2727272727272727,0.07142857142857142,0.0,-0.05555555555555555,1.5100000000000002,0.0,4.6462,0.7073999999999998,0.8074000000000012,0.6468999999999951,2.0345999999999975,0.1958399679108515,2.43113142384364,0.0,1.0,0.0,0.047058823529411764,0.12941176470588237,0.0,,,
1299,202305050401,0,0,0,0,20,25,21,205,0,0,0,0,0,0,0,0,5,4,2,61,0,0,0,0,0,0,0,0,2,1,0,22,0,0,0,0,0.0,0.0,14.0,4.0,40.5,3.1,0.8125,0.0,0.0,8.0,10.0,38.6,1.6,0.5714285714285714,0.0,0.0,10.0,6.0,39.5,2.0,1.0,1.0,14.0,-400.0,0.043243243243243246,0.16756756756756758,6,9,59.8,8.0,1037,1167,1428,0.0,0.0,11.0,10.0,40.0,1.5,0.8571428571428571,0.0,0.0,8.0,7.0,37.0,1.7,0.8888888888888888,0.6,0.0,56.0,-20.0,14.0,16.0,468.0,-0.4375,-0.07142857142857142,-0.14285714285714285,-0.21428571428571427,0.0,0.5600000000000002,0.0,0.8740999999999985,0.32050000000000267,-0.046700000000001296,0.7905999999999977,1.5407999999999973,0.1415554674512126,1.2319090875547594,0.0,1.0,0.0,0.0,0.09210526315789473,1.0,0.0,,0.019083827201908404
1300,202305050401,0,0,0,0,0,0,0,5,0,0,0,0,0,0,0,0,0,0,0,3,0,0,0,0,0,0,0,0,0,0,0,0,0,0,0,0,0.0,0.0,12.0,12.0,42.0,4.8,0.8333333333333334,0.0,0.0,12.0,14.0,41.9,4.5,0.7142857142857143,0.0,0.0,16.0,13.0,38.7,2.8,0.625,0.5,12.0,200.0,0.03225806451612903,0.1336405529953917,3,4,160.2,10.0,1706,5,1428,0.0,0.0,10.0,11.0,39.0,1.9,0.42857142857142855,0.0,0.0,13.0,12.0,39.2,4.8,0.8571428571428571,-0.3,0.0,56.0,-333.0,14.0,12.0,516.0,0.16666666666666666,0.21428571428571427,0.0625,0.0,0.0,0.8499999999999993,0.0,4.088900000000002,2.8613,0.4205000000000041,0.7205000000000013,1.2889000000000053,0.15596601176345065,1.4705101155721425,0.0,2.0,0.0,0.13043478260869565,0.2826086956521739,2.0,0.0,,
1301,202305050401,0,0,1,18,3,3,10,60,0,0,0,0,0,0,1,11,0,0,2,22,0,0,0,0,0,0,1,8,0,0,2,5,0,0,0,0,0.0,0.0,2.0,2.0,41.1,0.4,0.5,0.0,0.0,10.0,11.0,41.2,2.8,0.26666666666666666,0.0,0.0,7.0,3.0,39.6,1.2,0.2,0.5,7.0,0.0,0.0136986301369863,0.06164383561643835,2,2,234.2,11.0,1704,1228,1712,0.0,0.0,5.0,5.0,39.8,0.8,0.5714285714285714,0.0,0.0,6.0,5.0,40.5,1.1,0.3333333333333333,0.0,0.4,55.0,-331.0,14.0,12.0,503.0,-0.08333333333333333,0.06666666666666667,-0.06666666666666667,-0.21428571428571427,0.06666666666666667,0.26000000000000084,0.0,3.435700000000004,1.5741000000000014,-0.025900000000000034,0.1740999999999957,1.1073999999999984,0.14021687122117896,0.6529931086925815,1.0,1.0,1.0,0.013513513513513514,0.04054054054054054,0.0,,-0.05263157894736842,0.04344193817878028
1302,202305050401,0,0,0,5,0,0,1,4,0,0,0,0,0,0,0,0,0,0,0,3,0,0,0,0,0,0,0,0,0,0,0,2,0,0,0,0,0.0,0.0,2.0,7.0,40.6,1.3,0.4166666666666667,0.0,0.0,16.0,16.0,40.5,6.4,0.5,0.0,0.0,10.0,12.0,40.6,3.2,0.7333333333333333,2.5,18.0,-100.0,0.0,0.05555555555555555,5,7,329.8,12.0,1537,1317,488,0.0,0.0,14.0,8.0,39.0,2.7,0.5,0.0,0.0,12.0,13.0,38.3,2.4,0.8571428571428571,0.4,0.0,54.0,-339.0,14.0,12.0,460.0,-0.08333333333333333,0.5,0.2,0.125,0.0,0.6100000000000009,0.0,,4.5833999999999975,1.2073999999999998,1.0889000000000024,0.02049999999999841,0.16583192321555462,0.9654014708917749,0.0,1.0,0.0,0.01694915254237288,0.0847457627118644,1.0,0.0,,
1303,202305050401,0,0,0,0,0,1,0,5,0,0,0,0,0,0,0,0,0,0,0,3,0,0,0,0,0,0,0,0,0,0,0,3,0,0,0,0,0.0,0.0,9.0,11.0,43.1,6.4,1.0,0.0,0.0,14.0,14.0,39.0,4.2,1.0,0.0,0.0,11.0,10.0,47.1,7.3,1.0,-0.5,10.0,0.0,0.0,0.0,6,10,467.1,14.0,1037,1137,1428,0.0,0.0,13.0,14.0,37.9,4.6,1.0,,,,,,,,0.5,0.0,53.0,-254.0,14.0,11.0,476.0,0.0,0.0,-0.09090909090909091,0.0,,0.7500000000000007,0.0,4.820500000000003,0.7205000000000013,7.4741,0.20830000000000126,,0.0,3.63412644248931,-3.0,2.0,0.0,0.0,0.09090909090909091,2.0,0.0,,-0.16666666666666666
1304,202305050409,4,2,1,10,0,0,1,3,0,0,0,0,3,0,0,2,0,0,1,3,0,0,0,0,0,0,0,1,0,0,1,0,0,0,0,0,0.0,0.0,10.0,1.0,37.1,0.0,0.26666666666666666,0.0,0.0,10.0,3.0,37.1,0.8,0.5333333333333333,0.0,0.0,30.0,1.0,36.1,0.0,0.2,0.0,4.0,200.0,0.07100591715976332,0.23076923076923078,1,1,10.1,4.0,429,609,377,0.0,0.0,30.0,3.0,37.7,0.2,0.5625,0.0,0.0,120.0,14.0,38.7,3.2,0.9285714285714286,2.6,0.8,57.0,78.0,15.0,15.0,528.0,-0.06666666666666667,0.0,0.0,0.0,0.0,-0.38000000000000045,0.0,-0.8110999999999962,-0.8110999999999962,-1.8110999999999962,0.2839000000000027,0.6274000000000015,0.258115993718235,0.8522910301065013,1.0,0.0,,0.0851063829787234,0.14893617021276595,0.0,,0.05882352941176472,
1305,202305050409,12,9,9,59,2,1,1,5,2,1,1,3,5,4,1,17,2,1,1,2,2,1,1,1,0,1,1,1,0,0,1,1,0,0,1,1,0.0,0.0,50.0,10.0,35.9,1.3,0.7857142857142857,0.0,0.0,20.0,5.0,36.6,0.5,0.6875,0.0,0.0,10.0,4.0,36.2,0.3,0.1875,-3.0,0.0,0.0,0.024691358024691357,0.18518518518518517,7,13,7.9,3.0,1463,852,1167,0.0,0.0,10.0,4.0,36.0,0.2,0.375,0.0,0.0,30.0,2.0,35.5,0.3,0.3125,-1.7,0.2,58.0,28.0,15.0,14.0,504.0,-0.14285714285714285,-0.0625,0.0,-0.125,0.0625,0.13999999999999985,0.0,-1.9984000000000037,-1.5337999999999994,-1.933799999999998,-2.2794999999999987,-2.7794999999999987,0.22830620773381508,0.36110940170535655,0.0,5.0,0.2,0.06741573033707865,0.1797752808988764,2.0,0.5,-0.03549135009809168,-0.1111111111111111
1306,202305050409,13,10,14,133,2,1,1,8,1,0,0,0,4,1,3,20,2,1,0,2,1,0,0,0,0,0,1,3,0,0,0,1,0,0,0,0,0.0,0.0,15.0,12.0,36.1,1.5,0.875,0.0,0.0,12.0,9.0,35.3,0.8,0.8125,0.0,0.0,4.0,6.0,37.4,1.1,0.13333333333333333,-3.0,0.0,0.0,0.05,0.05,3,5,57.4,13.0,1691,1648,1167,0.0,0.0,9.0,13.0,37.6,1.3,0.375,0.0,0.0,7.0,4.0,35.1,0.2,0.625,-1.2,0.0,58.0,-336.0,15.0,16.0,526.0,0.0625,0.0,0.0,0.25,0.0,-0.030000000000000426,0.0,-2.1794999999999973,-2.3643,-0.8795000000000002,-0.5537999999999954,-3.1794999999999973,0.27690752567920174,1.0373041983911955,0.0,5.0,0.0,0.125,0.3125,3.0,0.0,-0.0021298174442190843,0.041666666666666685
1307,202305050409,4,0,7,35,2,1,5,55,0,0,2,2,1,0,3,12,0,0,1,15,0,0,0,0,0,0,0,0,0,0,0,3,0,0,0,0,0.0,0.0,10.0,1.0,35.5,0.0,0.21428571428571427,0.0,0.0,10.0,9.0,37.1,1.5,0.8125,0.0,0.0,10.0,1.0,37.0,0.0,0.125,0.0,8.0,0.0,0.16666666666666666,0.5,4,7,2.5,1.0,1204,1014,1221,0.0,0.0,30.0,2.0,37.0,0.4,0.3125,0.0,0.0,60.0,2.0,35.9,0.4,0.2222222222222222,-0.5,0.8,57.0,22.0,15.0,14.0,524.0,0.14285714285714285,0.0625,0.0,-0.0625,0.0,-0.06999999999999958,0.0,-2.7794999999999987,-0.7738999999999976,-1.1338000000000008,-1.1338000000000008,-2.0523999999999987,0.24489866451880454,0.6663332499583078,1.0,3.0,1.0,0.17647058823529413,0.4117647058823529,1.0,1.0,-0.10755148741418766,-0.001984126984126977
1308,202305050409,2,1,2,23,17,25,19,185,0,0,1,0,0,0,1,11,7,6,8,58,0,0,1,0,0,0,0,0,1,1,0,2,0,0,0,0,0.0,0.0,10.0,14.0,34.5,1.4,0.42857142857142855,0.0,0.0,9.0,8.0,37.6,1.3,0.2,0.0,0.0,10.0,7.0,36.7,0.3,0.3125,-3.5,0.0,0.0,0.042682926829268296,0.18902439024390244,2,3,56.2,12.0,1064,1183,1556,0.0,0.0,12.0,5.0,36.2,0.7,0.5333333333333333,0.0,0.0,5.0,5.0,36.7,0.5,0.5,-2.1,0.0,56.0,-216.0,15.0,14.0,470.0,0.21428571428571427,-0.06666666666666667,0.0,0.0,-0.1,-0.3000000000000007,0.0,-0.6064999999999969,-0.6794999999999973,-1.579499999999996,-2.079499999999996,-1.2110999999999947,0.1233850323708347,1.0248902380255172,0.0,3.0,0.0,0.0625,0.265625,3.0,0.0,0.07142857142857142,-0.0538498326159732
1309,202305050409,17,18,10,162,10,7,13,124,1,1,0,4,10,9,5,93,5,3,5,58,1,0,0,4,1,0,0,4,0,0,1,5,0,0,0,1,0.0,0.0,30.0,12.0,36.2,1.8,0.8571428571428571,0.0,0.0,30.0,1.0,35.2,0.0,0.8,0.0,0.0,90.0,13.0,36.1,1.6,0.9285714285714286,0.5,4.0,0.0,0.03260869565217391,0.07608695652173914,3,4,14.7,6.0,1172,1366,1556,0.0,0.0,80.0,1.0,36.4,0.0,0.75,0.0,0.0,70.0,7.0,39.0,1.1,0.4666666666666667,-1.0,0.4,57.0,28.0,15.0,14.0,500.0,0.0,0.0,0.0,0.0,0.0,-0.679999999999999,0.0,-1.6983999999999995,-3.079499999999996,-0.2616000000000014,-1.511099999999999,0.7205000000000013,0.15849061289684394,1.2781236246936356,1.0,3.0,0.3333333333333333,0.10909090909090909,0.2545454545454545,2.0,0.5,0.01460869565217393,-0.005916305916305931
1310,202305050409,0,0,0,4,2,1,1,14,0,0,0,0,0,0,0,2,2,0,1,6,0,0,0,0,0,0,0,0,0,0,0,0,0,0,0,0,0.0,0.0,10.0,1.0,35.2,0.0,0.8333333333333334,0.0,0.0,110.0,9.0,37.2,1.6,1.0,0.0,0.0,60.0,1.0,33.9,0.0,0.8125,0.0,-2.0,-200.0,0.043478260869565216,0.16847826086956522,6,10,3.9,2.0,1699,1736,1313,0.0,0.0,40.0,5.0,35.9,0.6,0.375,0.0,0.0,20.0,1.0,36.4,0.0,0.875,-0.39999999999999997,0.6,55.0,28.0,15.0,12.0,454.0,0.0,-0.06666666666666667,0.0,0.0,-0.125,-0.10999999999999872,0.0,-2.420199999999994,-2.4258999999999986,-3.3551,-2.2338000000000022,-1.7338000000000022,0.21229565338094994,1.1196428001822731,1.0,2.0,0.5,0.023255813953488372,0.20930232558139536,0.0,,,0.1777777777777778
1311,202305050409,4,5,4,48,7,18,10,156,0,0,1,5,2,1,2,16,0,6,2,50,0,0,1,0,0,0,0,0,0,0,0,1,0,0,0,0,0.0,0.0,2.0,2.0,38.1,0.6,0.1,0.0,0.0,12.0,11.0,37.5,1.0,0.1875,0.0,0.0,15.0,8.0,36.9,0.9,0.13333333333333333,3.0,18.0,200.0,0.0,0.0,5,8,95.7,15.0,1467,1428,336,0.0,0.0,10.0,10.0,34.5,0.8,0.08333333333333333,0.0,0.0,4.0,8.0,37.6,1.1,0.2,1.0999999999999999,0.2,58.0,-235.0,15.0,10.0,488.0,0.0,0.0,0.0,0.0,0.0,0.4,0.0,0.27890000000000015,-0.4110999999999976,-1.3795000000000002,-0.6064999999999969,-0.31109999999999616,0.046278144589716075,1.2687001221722969,1.0,1.0,0.0,0.02564102564102564,0.10256410256410256,1.0,0.0,0.12021857923497267,0.035063785856500246
1312,202305050409,2,5,4,35,5,8,9,99,0,1,0,0,0,0,1,12,1,2,3,50,0,0,0,0,0,0,0,0,0,0,0,1,0,0,0,0,0.0,0.0,13.0,11.0,37.2,1.8,0.3125,0.0,0.0,10.0,9.0,38.3,1.2,0.08333333333333333,0.0,0.0,15.0,6.0,36.6,0.2,0.4375,-2.5,-4.0,0.0,0.125,0.125,5,9,44.0,9.0,1674,1235,1428,0.0,0.0,9.0,9.0,36.6,1.0,0.5333333333333333,0.0,0.0,4.0,5.0,36.1,0.9,0.5625,-1.2,0.0,56.0,-182.0,15.0,16.0,500.0,0.125,0.0,-0.125,0.0,-0.0625,0.38999999999999985,0.0,-1.079499999999996,0.02049999999999841,-1.6794999999999973,-1.6794999999999973,-1.4913999999999987,0.17465442069030682,0.7552483035399667,0.0,4.0,0.0,0.08333333333333333,0.375,4.0,0.0,-0.06413043478260871,-0.02181818181818182
1313,202305050409,9,7,9,91,1,1,1,23,0,0,0,2,2,1,4,32,1,1,0,10,0,0,0,1,0,0,0,1,0,0,0,0,0,0,0,0,0.0,0.0,12.0,15.0,37.9,1.7,0.5,0.0,0.0,5.0,10.0,36.8,1.0,0.4,0.0,0.0,7.0,2.0,35.8,0.5,0.21428571428571427,-6.5,10.0,0.0,0.0660377358490566,0.24528301886792453,8,15,12.8,5.0,1304,1592,1503,0.0,0.0,5.0,14.0,42.5,4.3,0.2,0.0,0.0,3.0,15.0,42.0,4.6,0.13333333333333333,0.4,0.2,58.0,-76.0,15.0,16.0,562.0,0.0,-0.06666666666666667,0.0,-0.06666666666666667,0.0,-1.3900000000000006,0.0,-0.37950000000000017,-1.4795000000000016,-2.3537999999999997,3.1073999999999984,3.7205000000000013,0.1375325152237251,2.7400729917285065,2.0,4.0,0.25,0.13,0.31,3.0,0.0,0.005261979399910438,0.27350427350427353
1314,202305050409,0,0,0,1,1,1,0,11,0,0,0,1,0,0,0,0,0,0,0,0,0,0,0,0,0,0,0,0,0,0,0,0,0,0,0,0,0.0,0.0,14.0,9.0,36.8,0.6,0.5,0.0,0.0,7.0,11.0,36.4,1.1,0.8,0.0,0.0,11.0,3.0,35.2,0.6,0.6428571428571429,-3.0,4.0,0.0,0.04504504504504504,0.17567567567567569,6,11,16.4,7.0,123,962,334,0.0,0.0,13.0,11.0,36.5,1.6,0.8666666666666667,0.0,0.0,2.0,10.0,37.8,1.1,0.6875,0.2,0.2,58.0,-76.0,15.0,16.0,478.0,0.0,-0.06666666666666667,0.0,0.0,0.0625,-0.21000000000000013,0.0,-1.4795000000000016,-1.8795000000000002,-2.953799999999994,-1.4110999999999976,-0.11110000000000042,0.12743434573008694,0.8333066662399844,2.0,3.0,0.3333333333333333,0.12987012987012986,0.23376623376623376,2.0,0.0,,0.29059829059829057
1315,202305050409,2,3,2,4,0,1,0,1,0,1,0,1,1,1,0,2,0,1,0,0,0,1,0,0,1,1,0,0,0,1,0,0,0,1,0,0,0.0,0.0,90.0,13.0,37.6,1.6,0.0625,0.0,0.0,60.0,7.0,37.8,0.7,0.21428571428571427,0.0,0.0,60.0,12.0,37.9,1.4,0.0625,-0.5,-4.0,100.0,0.08333333333333333,0.22916666666666666,2,2,52.4,11.0,225,173,1551,0.0,0.0,80.0,7.0,37.7,0.6,0.1875,0.0,0.0,60.0,3.0,38.6,0.8,0.0625,-2.0,0.2,58.0,14.0,15.0,16.0,488.0,0.0,-0.07142857142857142,0.0,0.0,0.0,-0.19000000000000056,0.0,0.008600000000001273,-0.33380000000000365,-0.011099999999999,-0.43379999999999797,0.32050000000000267,0.06832545167753211,0.35440090293338716,0.0,3.0,0.3333333333333333,0.0,0.5,1.0,1.0,-0.23636363636363633,
1316,202305050409,6,2,13,58,0,2,1,25,0,0,1,0,1,1,3,17,0,2,1,6,0,0,1,0,0,0,1,2,0,0,1,0,0,0,1,0,0.0,0.0,11.0,16.0,44.9,7.4,0.0625,0.0,0.0,8.0,13.0,37.2,1.3,0.2,0.0,0.0,5.0,11.0,41.0,2.7,0.14285714285714285,-2.5,-6.0,0.0,0.0,0.25,7,12,19.3,8.0,1426,1430,306,0.0,0.0,10.0,3.0,36.2,0.5,0.0625,0.0,0.0,8.0,15.0,40.5,3.0,0.125,-1.2,0.2,56.0,-35.0,15.0,16.0,482.0,0.125,0.0,0.0,0.0,0.0,0.9799999999999998,0.0,6.746200000000002,-1.079499999999996,1.6073999999999984,-1.055099999999996,2.2205000000000013,0.05205717029950664,3.0832450437809817,0.0,3.0,0.0,0.0,0.5555555555555556,2.0,0.0,0.050843881856540096,0.21103896103896103
1317,202305050409,0,4,1,34,1,1,0,9,0,0,0,0,0,0,1,16,1,1,0,5,0,0,0,0,0,0,0,0,0,0,0,1,0,0,0,0,0.0,0.0,5.0,8.0,13.3,4.7,0.5454545454545454,0.0,0.0,13.0,13.0,37.2,1.6,0.25,0.0,0.0,7.0,13.0,13.5,3.6,0.8571428571428571,2.5,6.0,-1450.0,0.038834951456310676,0.1941747572815534,4,6,64.2,14.0,1441,559,1167,0.0,0.0,15.0,9.0,37.3,1.6,0.8125,0.0,0.0,14.0,14.0,36.9,1.5,0.6666666666666666,0.8,0.0,58.0,-273.0,15.0,11.0,494.0,0.18181818181818182,0.0625,0.14285714285714285,0.0,0.06666666666666667,-4.729999999999999,0.0,,-0.8725999999999985,,-0.7726000000000042,-1.3795000000000002,0.21804861661831346,11.62782868810854,1.0,1.0,0.0,0.15254237288135594,0.3220338983050847,1.0,0.0,0.065343258891646,0.06818181818181818
1318,202305050409,8,7,5,65,1,0,0,6,1,0,0,1,3,3,1,17,1,0,0,3,1,0,0,1,1,1,0,1,0,0,0,1,0,0,0,1,0.0,0.0,3.0,7.0,13.5,2.4,0.25,0.0,0.0,4.0,4.0,13.5,1.0,0.5833333333333334,0.0,0.0,11.0,10.0,37.9,1.7,0.6666666666666666,1.5,2.0,-1460.0,0.013793103448275862,0.06206896551724138,8,14,52.2,10.0,1317,1210,1186,0.0,0.0,10.0,15.0,37.5,2.2,0.8,0.0,0.0,7.0,15.0,39.4,2.1,0.0625,2.7,0.0,58.0,-112.0,15.0,12.0,506.0,0.08333333333333333,-0.16666666666666666,-0.08333333333333333,-0.06666666666666667,0.0,-7.58,0.0,,,-0.37950000000000017,-0.7794999999999987,1.2462000000000018,0.2738054865126783,12.149666662094067,-2.0,3.0,0.0,0.09090909090909091,0.2727272727272727,2.0,0.0,-0.09243697478991597,
1319,202305050508,1,0,1,6,2,4,5,40,0,0,0,0,0,0,0,4,1,1,0,14,0,0,0,0,0,0,0,1,1,0,0,2,0,0,0,0,0.0,0.0,11.0,11.0,36.1,1.6,0.42857142857142855,0.0,0.0,6.0,8.0,37.5,0.9,0.2,0.0,0.0,3.0,13.0,37.0,1.8,0.6875,1.0,0.0,-200.0,0.14545454545454545,0.38181818181818183,2,4,11.7,6.0,1401,1482,517,0.0,0.0,6.0,1.0,36.3,0.0,0.125,0.0,0.0,2.0,1.0,35.8,0.0,0.38461538461538464,-2.7,0.4,55.0,-322.0,16.0,14.0,430.0,0.07142857142857142,0.0,-0.0625,0.0,-0.07692307692307693,0.18000000000000113,0.0,-1.1550999999999974,-0.7794999999999987,-0.8233000000000033,-1.3643,-2.4795000000000016,0.1965997179559274,0.6216108107168028,2.0,3.0,0.6666666666666666,0.09230769230769231,0.23076923076923078,1.0,1.0,0.019047619047619035,-0.05872427832593624
1320,202305050508,2,2,1,17,3,5,2,33,0,0,0,1,0,0,0,4,1,1,1,14,0,0,0,1,0,0,0,0,0,0,0,0,0,0,0,0,0.0,0.0,4.0,14.0,39.9,1.9,0.5,0.0,0.0,4.0,2.0,35.9,0.2,0.75,0.0,0.0,1.0,7.0,38.5,0.9,0.1875,-3.5,4.0,-400.0,0.07602339181286549,0.23976608187134502,8,16,7.8,4.0,1304,1558,1503,0.0,0.0,3.0,3.0,36.6,0.2,0.26666666666666666,0.0,0.0,4.0,1.0,36.5,0.0,0.125,-2.5,0.6,58.0,-49.0,16.0,16.0,496.0,0.125,-0.0625,0.0,-0.06666666666666667,0.0,0.6099999999999994,0.0,0.2740999999999971,-1.7642999999999986,0.42739999999999867,-1.3166999999999973,-1.4166999999999987,0.23031379560166268,1.491844495917721,0.0,1.0,1.0,0.022727272727272728,0.20454545454545456,1.0,1.0,0.005261979399910438,0.0611517126001585
1321,202305050508,0,1,0,1,0,1,0,1,0,1,0,0,0,1,0,0,0,1,0,0,0,1,0,0,0,0,0,0,0,0,0,0,0,0,0,0,0.0,0.0,2.0,8.0,38.2,1.4,0.5,0.0,0.0,1.0,3.0,36.2,0.2,0.5,0.0,0.0,1.0,2.0,36.5,0.4,0.5333333333333333,-3.0,-2.0,0.0,0.2469879518072289,0.4879518072289157,7,14,2.9,1.0,941,760,420,0.0,0.0,2.0,2.0,36.4,0.1,0.3333333333333333,0.0,0.0,1.0,1.0,36.7,0.0,0.4,-1.4999999999999998,0.8,56.0,-15.0,16.0,16.0,562.0,0.0,0.0,-0.06666666666666667,-0.06666666666666667,0.0,0.2800000000000004,0.0,-0.07949999999999591,-1.4642999999999944,-1.3211000000000013,-1.511099999999999,-1.1210999999999984,0.07483314773547883,0.7183313998427195,0.0,2.0,0.5,0.08536585365853659,0.24390243902439024,1.0,1.0,-0.025000000000000022,-0.03030303030303033
1322,202305050508,0,4,2,20,0,2,1,3,0,1,1,2,0,2,1,4,0,1,1,2,0,1,1,1,0,1,0,1,0,1,0,1,0,1,0,1,0.0,0.0,70.0,6.0,35.7,1.5,1.0,0.0,0.0,30.0,4.0,35.9,0.4,0.5625,0.0,0.0,20.0,3.0,35.0,0.2,0.9333333333333333,-1.5,-4.0,0.0,0.06542056074766354,0.24299065420560748,6,11,32.0,9.0,1561,223,1263,0.0,0.0,60.0,3.0,35.0,0.5,0.9375,0.0,0.0,70.0,3.0,35.8,0.2,0.6875,-0.7,0.6,58.0,41.0,16.0,16.0,474.0,0.0,0.125,0.0,0.0,0.0,0.07000000000000099,0.0,-2.579499999999996,-2.3795,-3.133800000000001,-3.133800000000001,-2.4795000000000016,0.16901265567340742,0.3969886648255837,0.0,5.0,0.6,0.06428571428571428,0.30714285714285716,0.0,,0.03019943019943022,0.1280193236714976
1323,202305050508,1,1,5,34,4,3,6,31,1,0,0,2,0,0,0,6,1,0,2,10,0,0,0,0,0,0,0,2,0,0,1,2,0,0,0,0,0.0,0.0,160.0,15.0,35.2,0.9,1.0,0.0,0.0,7.0,7.0,34.4,0.4,0.75,0.0,0.0,10.0,6.0,34.0,1.0,1.0,-4.5,0.0,-200.0,0.0,0.18181818181818182,3,6,13.5,7.0,1691,1428,1167,0.0,0.0,5.0,5.0,34.5,1.0,1.0,0.0,0.0,9.0,10.0,35.9,1.6,0.6,-1.2,0.0,58.0,-386.0,16.0,16.0,448.0,-0.125,0.0,-0.15384615384615385,0.0,-0.1,-0.1499999999999993,0.0,0.12530000000000285,-0.6747000000000014,-1.0747,-0.6064999999999969,-0.2657999999999987,0.1661324772583615,0.6723094525588645,0.0,0.0,,0.02857142857142857,0.2,0.0,,-0.0021298174442190843,0.035063785856500246
1324,202305050508,2,0,1,7,4,3,6,31,0,0,0,0,0,0,0,0,1,0,2,10,0,0,0,0,0,0,0,0,0,0,1,2,0,0,0,0,0.0,0.0,80.0,7.0,36.1,1.0,0.25,0.0,0.0,7.0,1.0,35.4,0.0,0.2,0.0,0.0,10.0,10.0,35.9,1.1,0.21428571428571427,1.5,-8.0,0.0,0.15137614678899083,0.3532110091743119,7,13,5.9,3.0,1467,1428,336,0.0,0.0,3.0,6.0,36.9,0.5,0.3333333333333333,0.0,0.0,6.0,5.0,36.8,0.5,0.625,0.1,0.2,56.0,-365.0,16.0,16.0,500.0,-0.0625,0.0,0.07142857142857142,0.0,-0.125,-0.28999999999999915,0.0,-2.1794999999999973,-2.1914000000000016,-1.3551000000000002,-2.492600000000003,-1.4795000000000016,0.15721066358159097,0.5635601121442144,1.0,2.0,0.0,0.0,0.6,0.0,,0.12021857923497267,0.035063785856500246
1325,202305050508,0,0,0,0,0,0,0,0,0,0,0,0,0,0,0,0,0,0,0,0,0,0,0,0,0,0,0,0,0,0,0,0,0,0,0,0,0.0,0.0,60.0,5.0,36.3,1.0,0.7,0.0,0.0,140.0,16.0,36.3,1.6,0.4375,0.0,0.0,50.0,8.0,38.1,0.9,0.14285714285714285,1.5,10.0,400.0,0.0,0.1,1,2,41.0,10.0,504,156,695,0.0,0.0,100.0,7.0,37.2,0.7,0.0625,0.0,0.0,80.0,4.0,37.8,0.3,0.08333333333333333,-1.1,0.0,56.0,-326.0,16.0,10.0,488.0,-0.1,0.0625,0.0,0.0,0.0,-0.39000000000000057,0.0,0.025799999999996714,1.1468999999999951,0.18890000000000384,-0.4642999999999944,-0.11110000000000042,0.24733024596052425,0.7445804187594526,2.0,1.0,0.0,0.10416666666666667,0.16666666666666666,1.0,0.0,,
1326,202305050508,2,0,1,2,2,1,4,21,0,0,1,0,0,0,1,0,1,1,3,4,0,0,1,0,0,0,0,0,0,0,0,1,0,0,0,0,0.0,0.0,13.0,12.0,36.6,2.3,1.0,0.0,0.0,15.0,11.0,35.1,1.5,0.625,0.0,0.0,6.0,13.0,36.7,2.2,0.875,0.5,-8.0,200.0,0.03211009174311927,0.13302752293577982,2,3,29.0,8.0,1707,1362,1482,0.0,0.0,14.0,7.0,36.3,1.0,0.6875,0.0,0.0,8.0,8.0,36.0,0.7,0.875,-1.2,0.0,56.0,-315.0,16.0,16.0,478.0,0.0,0.0625,0.0,0.0625,0.0625,7.105427357601002e-16,0.0,-1.3110999999999962,-2.564299999999996,-1.579499999999996,-1.9795000000000016,-1.6642999999999972,0.13693063937629152,0.5748043145279966,0.0,4.0,0.0,0.034482758620689655,0.1724137931034483,2.0,0.0,0.2857142857142857,-0.033568172399502716
1327,202305050508,13,9,10,66,4,3,6,31,0,1,0,0,6,4,6,29,1,0,2,10,0,0,0,0,2,1,2,9,0,0,1,2,0,0,0,0,0.0,0.0,130.0,14.0,38.6,2.5,0.2,0.0,0.0,130.0,1.0,36.9,0.0,0.125,0.0,0.0,70.0,8.0,36.2,1.3,0.6666666666666666,-3.0,0.0,-200.0,0.08290155440414508,0.22797927461139897,4,7,7.9,5.0,1576,1428,1577,0.0,0.0,110.0,4.0,37.9,0.7,0.5384615384615384,0.0,0.0,140.0,13.0,38.9,1.8,0.5,0.1,0.2,57.0,153.0,16.0,15.0,480.0,0.0,0.0,0.1111111111111111,0.0,0.0,-0.15999999999999942,0.0,0.5274000000000001,-1.3795000000000002,1.0469000000000008,-0.011099999999999,0.6204999999999998,0.20771430716029057,1.017840851999957,1.0,2.0,0.5,0.08035714285714286,0.25892857142857145,0.0,,-0.03389267477838315,0.035063785856500246
1328,202305050508,13,9,10,66,0,0,0,4,0,0,0,0,6,4,6,29,0,0,0,3,0,0,0,0,2,1,2,9,0,0,0,0,0,0,0,0,0.0,0.0,30.0,2.0,38.4,0.1,0.23076923076923078,0.0,0.0,20.0,4.0,37.1,1.0,0.625,0.0,0.0,40.0,3.0,37.5,0.1,0.0625,0.5,-2.0,0.0,0.10365853658536585,0.3170731707317073,5,10,5.4,2.0,1576,577,1577,0.0,0.0,10.0,1.0,36.8,0.0,0.125,0.0,0.0,40.0,6.0,38.5,0.6,0.0625,0.5,0.6,55.0,40.0,16.0,13.0,508.0,-0.07692307692307693,0.0,0.0,0.0,0.0,0.010000000000000142,0.0,0.7357000000000014,-0.8110999999999962,-0.4110999999999976,-1.3338000000000036,0.22050000000000125,0.21107904658048238,0.6829348431585551,4.0,3.0,0.6666666666666666,0.25,0.375,1.0,1.0,-0.03389267477838315,-0.1727272727272727
1329,202305050508,1,0,1,11,0,0,0,4,0,0,0,1,0,0,0,4,0,0,0,2,0,0,0,1,0,0,0,2,0,0,0,0,0,0,0,0,0.0,0.0,60.0,4.0,36.2,0.5,0.21428571428571427,0.0,0.0,80.0,7.0,36.0,1.6,0.9375,0.0,0.0,60.0,8.0,36.5,0.7,0.8666666666666667,2.0,4.0,0.0,0.10185185185185185,0.25925925925925924,3,5,57.7,12.0,1677,332,1167,0.0,0.0,110.0,11.0,36.7,1.2,0.75,0.0,0.0,70.0,7.0,36.1,0.9,0.875,1.0,0.0,58.0,28.0,16.0,14.0,500.0,-0.07142857142857142,-0.0625,-0.06666666666666667,0.0625,0.0,-0.05,0.0,-2.079499999999996,-2.2794999999999987,-1.4110999999999976,-1.3725999999999985,-2.1794999999999973,0.26423916363950867,0.26076809620810637,0.0,3.0,0.0,0.13095238095238096,0.30357142857142855,0.0,,-0.10492845786963434,0.0
1330,202305050508,0,0,3,14,0,0,0,0,0,0,0,0,0,0,1,5,0,0,0,0,0,0,0,0,0,0,0,1,0,0,0,0,0,0,0,0,0.0,0.0,10.0,9.0,37.8,2.1,0.6,0.0,0.0,12.0,11.0,38.1,1.5,0.46153846153846156,0.0,0.0,9.0,11.0,37.0,1.6,0.6923076923076923,1.0,-4.0,200.0,0.04216867469879518,0.18674698795180722,1,1,218.8,15.0,1447,1423,1721,0.0,0.0,13.0,4.0,37.0,0.5,0.375,0.0,0.0,13.0,5.0,36.7,0.7,0.38461538461538464,-1.5,0.0,58.0,-309.0,16.0,10.0,496.0,0.0,0.0,0.15384615384615385,0.0625,-0.07692307692307693,0.329999999999999,0.0,-0.11110000000000042,0.4357000000000042,-0.9110999999999976,-0.8211000000000013,-1.1210999999999984,0.12438963407410103,0.5344155686354948,3.0,1.0,0.0,0.0,0.0,1.0,0.0,-0.14198717948717948,
1331,202305050508,8,5,3,34,3,1,5,37,0,0,0,2,2,1,2,9,2,1,1,13,0,0,0,0,1,1,1,4,0,1,0,1,0,0,0,0,0.0,0.0,40.0,13.0,37.4,1.7,0.7333333333333333,0.0,0.0,60.0,3.0,37.1,0.4,0.2,0.0,0.0,20.0,1.0,36.9,0.0,0.13333333333333333,-6.0,8.0,200.0,0.15217391304347827,0.3391304347826087,4,8,133.1,13.0,1716,1345,1167,0.0,0.0,50.0,3.0,37.2,0.6,0.15384615384615385,0.0,0.0,110.0,14.0,40.3,2.0,0.1875,0.19999999999999982,0.6,56.0,27.0,16.0,15.0,486.0,0.0,0.0,0.0,0.0,0.0,-0.5899999999999999,0.0,-0.4682999999999993,-0.8110999999999962,-0.5161000000000016,-0.21770000000000067,2.0204999999999984,0.2271036873602524,1.270275560656032,2.0,1.0,0.0,0.0,0.25,0.0,,0.03502141597379693,-0.02467151904716891
1332,202305050508,0,0,1,17,5,3,4,58,0,0,0,0,0,0,1,7,0,2,2,22,0,0,0,0,0,0,0,0,0,0,1,7,0,0,0,0,0.0,0.0,60.0,6.0,36.1,1.5,0.875,0.0,0.0,40.0,6.0,37.3,0.4,0.25,0.0,0.0,20.0,5.0,35.3,0.5,0.5454545454545454,-0.5,0.0,200.0,0.06227106227106227,0.2454212454212454,5,9,56.0,11.0,1601,1013,239,0.0,0.0,40.0,2.0,35.2,0.1,0.5454545454545454,0.0,0.0,50.0,3.0,37.2,0.6,0.125,-1.0,0.4,58.0,28.0,16.0,16.0,478.0,0.0625,0.0625,0.0,0.09090909090909091,0.0,-0.010000000000000852,0.0,-1.8110999999999962,-0.6111000000000004,-1.1411000000000016,-1.2410999999999959,-0.3913999999999973,0.26184737842257816,0.8975522268926749,0.0,0.0,,0.0,0.0,0.0,,-0.08114035087719298,-0.045033397974574424
1333,202305050508,1,3,0,16,1,0,0,2,1,0,0,1,1,0,0,5,1,0,0,1,1,0,0,1,0,0,0,1,0,0,0,0,0,0,0,0,0.0,0.0,4.0,7.0,40.4,1.0,0.5833333333333334,0.0,0.0,16.0,15.0,38.1,1.9,0.375,0.0,0.0,16.0,11.0,36.5,1.8,0.625,2.0,-9.0,200.0,0.031746031746031744,0.08994708994708994,8,15,448.3,16.0,1736,1051,1482,0.0,0.0,15.0,13.0,37.1,1.3,0.75,0.0,0.0,10.0,14.0,45.2,7.0,0.13333333333333333,1.2,0.0,58.0,-165.0,16.0,12.0,541.0,-0.3333333333333333,-0.125,0.0,0.125,0.6666666666666666,-0.8600000000000009,0.0,2.5788999999999973,0.4357000000000042,-1.7794999999999987,-0.8110999999999962,5.807400000000001,0.21675639167815405,3.162657110721933,2.0,2.0,0.0,0.12871287128712872,0.3069306930693069,1.0,0.0,0.028891202498698587,
1334,202305050508,1,0,1,6,3,2,1,18,0,0,0,0,0,0,0,4,1,0,1,9,0,0,0,0,0,0,0,1,0,0,0,0,0,0,0,0,0.0,0.0,70.0,7.0,37.3,0.8,0.09090909090909091,0.0,0.0,100.0,13.0,37.3,2.1,0.25,0.0,0.0,90.0,10.0,37.2,1.2,0.25,1.5,2.0,0.0,0.029411764705882353,0.16666666666666666,6,12,197.8,14.0,1401,1221,517,0.0,0.0,140.0,3.0,36.7,0.1,0.06666666666666667,0.0,0.0,80.0,11.0,37.5,1.3,0.6875,-0.2,0.2,58.0,21.0,16.0,11.0,494.0,0.0,0.0,0.0,0.0,0.0,0.019999999999998862,0.0,-0.9795000000000016,-0.9795000000000016,-1.079499999999996,-1.579499999999996,-0.4110999999999976,0.22294366935652699,0.2683281572999733,0.0,4.0,0.25,0.016666666666666666,0.08333333333333333,0.0,,0.019047619047619035,-0.024042553191489374
1335,202305050601,0,2,1,6,0,0,1,3,0,0,0,0,0,1,0,1,0,0,1,3,0,0,0,0,0,1,0,0,0,0,0,0,0,0,0,0,0.0,0.0,60.0,2.0,36.3,0.4,0.5625,0.0,0.0,20.0,9.0,40.2,2.8,0.2857142857142857,0.0,0.0,20.0,4.0,37.6,0.5,0.375,1.0,4.0,100.0,0.1004566210045662,0.2557077625570776,6,12,3.4,2.0,1045,1736,969,0.0,0.0,30.0,4.0,36.4,1.1,0.5,0.0,0.0,60.0,4.0,34.6,0.4,0.4166666666666667,-0.1,0.2,56.0,22.0,16.0,16.0,470.0,0.0,0.0,0.0,0.0,0.0,0.7199999999999995,0.0,-1.291400000000003,2.2889000000000053,-0.26829999999999643,1.3252999999999986,-0.47469999999999857,0.09639182133331982,1.8551549800488378,0.0,0.0,,0.1301775147928994,0.30177514792899407,0.0,,0.1515151515151515,0.1777777777777778
1336,202305050601,0,0,0,1,0,0,0,0,0,0,0,0,0,0,0,0,0,0,0,0,0,0,0,0,0,0,0,0,0,0,0,0,0,0,0,0,0.0,0.0,30.0,2.0,36.4,0.2,0.6923076923076923,0.0,0.0,30.0,3.0,36.8,0.3,0.6875,0.0,0.0,60.0,4.0,38.9,0.6,0.8666666666666667,1.0,2.0,0.0,0.04285714285714286,0.19523809523809524,8,16,2.6,1.0,1658,1655,1167,0.0,0.0,60.0,12.0,36.9,2.9,0.8333333333333334,0.0,0.0,160.0,7.0,36.5,1.8,0.9375,1.9,0.4,56.0,21.0,16.0,13.0,472.0,0.07692307692307693,0.0,-0.13333333333333333,0.0,0.0,-0.030000000000000426,0.0,-1.8795000000000002,-1.4795000000000016,-0.13870000000000005,0.983399999999996,-1.7794999999999987,0.09864661925179868,0.918694726228468,0.0,3.0,0.6666666666666666,0.05555555555555555,0.2777777777777778,0.0,,,
1337,202305050601,1,0,2,18,0,0,1,8,0,0,0,0,0,0,0,4,0,0,0,2,0,0,0,0,0,0,0,4,0,0,0,2,0,0,0,0,0.0,0.0,40.0,7.0,42.2,3.2,0.7777777777777778,0.0,0.0,90.0,14.0,42.8,4.6,0.125,0.0,0.0,90.0,10.0,43.2,3.5,0.375,1.5,-17.0,0.0,0.15,0.35,7,14,12.8,5.0,1204,1713,1221,0.0,0.0,60.0,10.0,38.6,2.0,0.6875,0.0,0.0,50.0,3.0,37.3,0.9,0.5,-1.2,0.2,56.0,-269.0,16.0,9.0,427.0,0.0,0.0625,0.0,-0.125,0.0,1.4000000000000008,0.0,4.046200000000006,4.727399999999996,3.6533000000000015,0.32050000000000267,-0.8537999999999997,0.23165734060631474,2.4003333101884006,1.0,3.0,0.3333333333333333,0.01818181818181818,0.14545454545454545,0.0,,-0.10755148741418766,-0.02580645161290321
1338,202305050601,0,0,0,0,0,3,0,12,0,0,0,0,0,0,0,0,0,0,0,5,0,0,0,0,0,0,0,0,0,0,0,2,0,0,0,0,0.0,0.0,1.0,1.0,40.6,0.0,0.16666666666666666,0.0,0.0,4.0,8.0,37.7,1.7,0.4375,0.0,0.0,4.0,6.0,38.9,1.1,0.3125,2.5,0.0,0.0,0.028846153846153848,0.16346153846153846,4,7,53.2,7.0,1038,1104,489,0.0,0.0,8.0,7.0,38.3,1.7,0.6875,0.0,0.0,7.0,4.0,38.4,1.1,0.1875,0.5,0.2,56.0,-336.0,16.0,12.0,478.0,0.0,-0.0625,0.0,-0.125,0.0,0.3800000000000011,0.0,2.4462000000000046,-0.5794999999999959,0.6204999999999998,0.02049999999999841,0.24620000000000175,0.19112241568632857,0.986711710683521,0.0,5.0,0.2,0.10526315789473684,0.2543859649122807,0.0,,,-0.03688853247794707
1339,202305050601,0,0,0,0,0,0,0,3,0,0,0,0,0,0,0,0,0,0,0,1,0,0,0,0,0,0,0,0,0,0,0,0,0,0,0,0,0.0,0.0,20.0,13.0,38.1,1.2,0.47058823529411764,,,,,,,,,,,,,,,,,0.0,0.0273972602739726,0.1232876712328767,2,4,23.8,6.0,1282,1645,377,,,,,,,,,,,,,,,,0.0,54.0,21.0,16.0,17.0,468.0,0.058823529411764705,,,,,,,0.8618999999999986,,,,,,,0.0,0.0,,0.0,0.19402985074626866,0.0,,,0.4
1340,202305050601,8,6,6,48,3,2,6,43,0,0,0,0,4,4,3,21,3,0,1,23,0,0,0,0,2,2,2,2,1,0,0,4,0,0,0,0,0.0,0.0,16.0,15.0,36.6,1.6,0.8125,0.0,0.0,7.0,8.0,35.8,0.9,0.5833333333333334,0.0,0.0,2.0,6.0,38.3,1.0,0.125,-4.5,6.0,200.0,0.06181818181818182,0.24363636363636362,1,2,70.4,10.0,1278,1221,625,0.0,0.0,3.0,4.0,38.0,0.2,0.0625,0.0,0.0,3.0,3.0,38.2,1.1,0.125,-2.8,0.2,56.0,-287.0,16.0,16.0,480.0,0.0625,0.0,0.0,0.0,0.0,-0.5400000000000006,0.0,1.2346000000000004,-0.4742000000000033,0.4766999999999939,0.40859999999999985,0.37890000000000157,0.3006359001257908,1.0007996802557448,0.0,0.0,,0.1282051282051282,0.23076923076923078,0.0,,0.010563380281690127,-0.024042553191489374
1341,202305050601,0,0,0,0,1,2,2,7,0,0,0,0,0,0,0,0,0,1,1,2,0,0,0,0,0,0,0,0,0,0,0,2,0,0,0,0,0.0,0.0,4.0,2.0,41.1,0.6,0.2857142857142857,0.0,0.0,15.0,14.0,41.2,2.1,0.4375,0.0,0.0,10.0,14.0,41.7,3.0,0.0625,6.0,-1.0,-200.0,0.04142011834319527,0.1834319526627219,6,11,268.8,14.0,1537,1430,488,0.0,0.0,9.0,6.0,40.1,1.3,0.25,0.0,0.0,13.0,9.0,40.5,1.7,0.25,0.6,0.2,56.0,-319.0,16.0,14.0,457.0,-0.07142857142857142,0.25,0.0,0.0,0.125,0.23000000000000043,0.0,3.0274,1.6533000000000015,2.8872,0.47409999999999997,0.8740999999999985,0.11944279648707604,0.5600000000000008,1.0,0.0,,0.04395604395604396,0.14285714285714285,0.0,,,0.21103896103896103
1342,202305050601,5,1,2,9,0,0,1,8,0,0,0,0,1,0,0,3,0,0,1,3,0,0,0,0,1,0,0,3,0,0,0,0,0,0,0,0,0.0,0.0,10.0,11.0,35.8,0.7,0.5625,0.0,0.0,6.0,16.0,36.4,1.6,0.3125,0.0,0.0,1.0,8.0,35.2,0.5,0.5,-1.5,0.0,200.0,0.0,0.14285714285714285,5,9,5.6,3.0,1467,1335,336,0.0,0.0,1.0,2.0,35.7,0.2,0.1875,0.0,0.0,1.0,2.0,34.9,0.2,0.4444444444444444,-3.2,0.4,56.0,-259.0,16.0,16.0,464.0,-0.0625,0.0625,-0.125,0.0625,-0.05555555555555555,0.24999999999999928,0.0,0.4345999999999961,1.2468999999999966,0.04690000000000083,0.5469000000000008,-0.25310000000000343,0.13504400288813043,0.5176871642217907,-1.0,0.0,,0.1276595744680851,0.2765957446808511,0.0,,0.12021857923497267,0.17647058823529413
1343,202305050601,2,1,4,14,4,4,8,68,0,0,0,0,1,0,1,9,1,0,2,20,0,0,0,0,0,0,0,4,1,0,1,10,0,0,0,0,0.0,0.0,2.0,2.0,40.2,0.0,0.5,0.0,0.0,12.0,14.0,42.0,3.2,0.5,0.0,0.0,12.0,6.0,39.2,2.1,0.625,2.0,3.0,0.0,0.043010752688172046,0.10752688172043011,8,15,72.4,11.0,1509,1183,1110,0.0,0.0,11.0,9.0,38.2,2.1,0.625,0.0,0.0,6.0,5.0,38.0,1.3,0.38461538461538464,0.1,0.2,56.0,-213.0,16.0,12.0,485.0,-0.25,0.125,-0.0625,0.0,0.07692307692307693,0.8200000000000003,0.0,2.5357000000000056,2.4532999999999987,1.1274000000000015,0.046200000000006014,-0.27949999999999875,0.09048684889245069,1.4675149062275308,1.0,3.0,0.3333333333333333,0.056179775280898875,0.2247191011235955,0.0,,0.227345629510826,-0.0538498326159732
1344,202305050601,2,2,0,14,0,0,0,0,0,0,0,0,0,1,0,4,0,0,0,0,0,0,0,0,0,0,0,1,0,0,0,0,0,0,0,0,0.0,0.0,13.0,14.0,43.2,5.9,0.35714285714285715,0.0,0.0,11.0,7.0,39.1,1.9,0.8333333333333334,0.0,0.0,14.0,7.0,39.4,2.6,0.3333333333333333,-3.5,2.0,-300.0,0.11764705882352941,0.2647058823529412,3,6,59.8,9.0,1674,1383,1428,0.0,0.0,15.0,14.0,38.0,2.3,0.875,0.0,0.0,9.0,11.0,38.2,1.3,0.625,0.1,0.0,55.0,-238.0,16.0,14.0,452.0,0.6428571428571429,0.0,0.0,0.0,0.0,1.11,0.0,3.8074000000000012,-0.2926000000000002,-0.22590000000000288,0.40859999999999985,0.28890000000000526,0.22832948504627384,1.8850994668717092,0.0,0.0,,0.06666666666666667,0.18888888888888888,0.0,,-0.06413043478260871,
1345,202305050601,0,0,0,0,0,0,0,5,0,0,0,0,0,0,0,0,0,0,0,2,0,0,0,0,0,0,0,0,0,0,0,0,0,0,0,0,0.0,0.0,4.0,5.0,43.5,1.3,0.3,0.0,0.0,15.0,6.0,38.5,1.6,0.125,0.0,0.0,16.0,11.0,40.0,2.5,0.125,3.0,1.0,0.0,0.0,0.0,3,5,435.5,16.0,1656,1034,1576,0.0,0.0,13.0,6.0,38.4,1.7,0.26666666666666666,0.0,0.0,12.0,14.0,39.1,5.0,1.0,1.8,0.0,52.0,-329.0,16.0,10.0,473.0,0.0,0.0,0.0,0.06666666666666667,0.0,0.8899999999999999,0.0,5.346200000000003,0.22050000000000125,1.8462000000000032,0.5788999999999973,1.2789000000000001,0.3262837892251332,1.8878559267062731,-2.0,3.0,0.0,0.0,0.08860759493670886,0.0,,,-0.13333333333333333
1346,202305050601,0,0,2,31,3,5,6,36,0,0,0,0,0,0,0,10,1,1,2,14,0,0,0,0,0,0,0,4,0,0,0,9,0,0,0,0,0.0,0.0,14.0,12.0,35.8,2.0,0.6470588235294118,0.0,0.0,14.0,12.0,35.8,1.9,0.9375,0.0,0.0,15.0,12.0,37.2,2.5,1.0,0.0,-2.0,-600.0,0.013605442176870748,0.061224489795918366,4,8,303.9,15.0,1127,1618,1328,0.0,0.0,13.0,12.0,39.4,2.5,0.5625,,,,,,,,0.0,0.0,55.0,-55.0,16.0,17.0,440.0,0.11764705882352941,0.0625,0.0,-0.0625,,-1.220000000000001,0.0,-0.11660000000000537,0.34079999999999444,-0.953799999999994,1.4832999999999998,,0.18574364822160483,1.4722431864335463,0.0,1.0,0.0,0.013333333333333334,0.04,0.0,,-0.00028462998102465886,0.06466540104413859
1347,202305050601,1,0,1,4,3,2,6,43,0,0,0,0,0,0,1,3,3,0,1,23,0,0,0,0,0,0,0,0,1,0,0,4,0,0,0,0,0.0,0.0,2.0,1.0,38.1,0.0,1.0,0.0,0.0,12.0,13.0,39.9,2.7,0.25,0.0,0.0,5.0,7.0,38.5,2.1,0.625,3.0,11.0,0.0,0.08205128205128205,0.23076923076923078,1,1,101.4,12.0,1014,1221,180,0.0,0.0,6.0,4.0,37.8,1.4,0.3333333333333333,0.0,0.0,11.0,5.0,38.4,1.6,0.6666666666666666,-0.1,0.2,56.0,-244.0,16.0,11.0,467.0,-0.8181818181818182,0.0,0.0,0.06666666666666667,0.0,0.15000000000000072,0.0,-0.17949999999999733,1.7462000000000018,0.6788999999999987,-0.11110000000000042,0.488900000000001,0.26666666666666666,0.7227724399837061,0.0,2.0,0.5,0.041666666666666664,0.1388888888888889,0.0,,-0.08421052631578946,-0.024042553191489374
1348,202305050601,3,2,1,43,0,1,0,6,0,0,0,0,2,1,1,23,0,0,0,0,0,0,0,0,0,0,0,6,0,0,0,0,0,0,0,0,0.0,0.0,16.0,14.0,36.5,1.3,0.125,0.0,0.0,13.0,14.0,36.2,2.9,0.6875,0.0,0.0,8.0,14.0,40.0,2.9,0.3125,0.0,0.0,200.0,0.03954802259887006,0.13559322033898305,5,10,53.9,8.0,1393,548,1263,0.0,0.0,4.0,9.0,35.8,1.6,0.4444444444444444,,,,,,,,-1.5,0.0,55.0,-210.0,16.0,16.0,436.0,0.0625,0.0625,-0.0625,0.0,,-0.16999999999999887,0.0,1.346899999999998,1.0469000000000008,1.8462000000000032,0.6935000000000002,,0.20474337483063287,1.6783548492497051,1.0,1.0,0.0,0.029411764705882353,0.10294117647058823,0.0,,-0.03920282129090463,0.13032581453634084
1349,202305050601,0,0,0,2,0,0,0,25,0,0,0,0,0,0,0,2,0,0,0,14,0,0,0,0,0,0,0,2,0,0,0,5,0,0,0,0,0.0,0.0,6.0,10.0,44.8,4.3,0.5454545454545454,0.0,0.0,14.0,10.0,40.1,3.2,0.8571428571428571,0.0,0.0,12.0,11.0,36.3,1.9,0.75,0.5,-10.0,-100.0,0.08045977011494253,0.2471264367816092,7,13,119.9,13.0,1381,1036,548,0.0,0.0,12.0,8.0,36.0,1.6,0.4375,0.0,0.0,14.0,6.0,38.8,1.2,0.4375,-1.0,0.0,56.0,-332.0,16.0,11.0,434.0,0.36363636363636365,0.07142857142857142,0.0,0.1875,0.0,1.61,0.0,,0.7073999999999998,-0.14110000000000156,-1.6642999999999972,1.3822999999999936,0.16985748865748454,3.193117598836597,2.0,1.0,0.0,0.043478260869565216,0.14130434782608695,0.0,,,-0.0649867374005305
1350,202305050601,0,0,0,6,0,0,0,1,0,0,0,0,0,0,0,2,0,0,0,1,0,0,0,0,0,0,0,1,0,0,0,0,0,0,0,0,0.0,0.0,40.0,6.0,38.6,0.6,0.06666666666666667,,,,,,,,,,,,,,,,,0.0,0.0425531914893617,0.1702127659574468,2,3,8.1,4.0,1243,1601,1428,,,,,,,,,,,,,,,,0.0,55.0,41.0,16.0,15.0,430.0,0.0,,,,,,,0.7015999999999991,,,,,,,0.0,1.0,0.0,0.037037037037037035,0.1728395061728395,0.0,,-0.16666666666666666,
1351,202305050607,2,2,6,46,1,1,0,0,1,1,0,0,0,1,3,26,0,0,0,0,0,0,0,0,0,0,0,6,0,0,0,0,0,0,0,0,0.0,0.0,20.0,6.0,34.1,0.2,0.75,0.0,0.0,60.0,2.0,34.4,0.1,0.7222222222222222,0.0,0.0,40.0,4.0,36.8,1.3,0.375,-1.0,0.0,0.0,0.10303030303030303,0.3151515151515151,4,7,2.1,1.0,1172,633,1556,0.0,0.0,30.0,3.0,36.8,0.2,0.5,0.0,0.0,20.0,6.0,39.7,1.8,0.3333333333333333,0.1,0.4,57.0,41.0,16.0,16.0,444.0,0.0,-0.05555555555555555,0.0,0.0625,-0.08333333333333333,-1.36,0.0,-2.2616000000000014,-0.7064999999999984,-1.4795000000000016,-1.4795000000000016,0.07410000000000139,0.17249082995844472,2.0244505427399315,1.0,2.0,0.5,0.0410958904109589,0.1506849315068493,0.0,,0.01460869565217393,
1352,202305050607,7,7,3,46,8,10,8,73,1,0,0,1,3,2,2,9,3,3,4,27,1,0,0,1,1,2,1,3,0,1,1,13,0,0,0,0,0.0,0.0,16.0,16.0,42.8,6.0,0.375,0.0,0.0,10.0,10.0,35.2,1.9,0.7,0.0,0.0,9.0,16.0,35.8,2.7,0.5,0.0,12.0,200.0,0.027777777777777776,0.1111111111111111,5,10,19.7,7.0,1167,1556,460,0.0,0.0,9.0,9.0,38.1,1.1,0.07142857142857142,0.0,0.0,7.0,10.0,38.4,1.7,0.125,-1.3,0.0,54.0,-314.0,16.0,16.0,456.0,0.0,0.0,-0.0625,0.0,0.0,0.5899999999999999,0.0,4.8889,0.04690000000000083,0.6468999999999951,0.27890000000000015,0.12049999999999983,0.23399154005289705,2.6785070468453123,0.0,1.0,0.0,0.0,0.18181818181818182,0.0,,0.03409825468648997,-0.01480214466629387
1353,202305050607,1,1,0,7,8,7,8,92,0,0,0,0,0,0,0,2,3,2,5,37,0,0,0,0,0,0,0,0,0,1,1,8,0,0,0,0,0.0,0.0,20.0,8.0,37.7,0.7,0.07142857142857142,0.0,0.0,60.0,6.0,38.6,0.5,0.26666666666666666,0.0,0.0,90.0,6.0,36.9,1.3,0.1875,-1.0,6.0,-200.0,0.058091286307053944,0.1825726141078838,7,14,15.9,6.0,1600,1263,680,0.0,0.0,10.0,1.0,37.0,0.0,0.25,0.0,0.0,10.0,4.0,39.6,0.6,0.375,-1.3,0.2,57.0,28.0,16.0,14.0,498.0,0.0,0.06666666666666667,0.0,-0.0625,0.0,-0.21999999999999958,0.0,-0.3725999999999985,-1.0259,-1.1726000000000028,-1.0726000000000013,-0.025900000000000034,0.09972012990560142,1.0209799214480182,2.0,0.0,,0.08,0.18,0.0,,0.05844155844155843,0.03282493368700265
1354,202305050607,11,6,8,64,4,4,8,68,0,0,1,3,4,2,2,34,1,0,2,20,0,0,0,1,0,0,1,7,0,0,1,6,0,0,0,0,0.0,0.0,20.0,12.0,37.4,1.3,0.4375,0.0,0.0,20.0,2.0,35.7,0.0,0.0625,0.0,0.0,90.0,3.0,37.8,0.4,0.13333333333333333,-4.5,-4.0,0.0,0.12121212121212122,0.2727272727272727,6,11,9.3,4.0,1716,1183,1167,0.0,0.0,60.0,10.0,37.0,0.9,0.8125,0.0,0.0,120.0,15.0,39.3,1.8,0.4375,1.4,0.4,58.0,154.0,16.0,16.0,496.0,0.0,0.0,0.06666666666666667,0.0,0.125,-0.5099999999999995,0.0,-0.8795000000000002,-2.433799999999998,-0.4795000000000016,-0.9110999999999976,2.616799999999998,0.26655726922704204,1.167218916913188,0.0,3.0,0.6666666666666666,0.015151515151515152,0.06060606060606061,1.0,1.0,0.03502141597379693,-0.0538498326159732
1355,202305050607,1,2,2,30,1,0,0,7,0,0,0,1,0,1,0,15,1,0,0,3,0,0,0,1,0,1,0,5,1,0,0,1,0,0,0,1,0.0,0.0,100.0,10.0,37.2,0.6,0.26666666666666666,0.0,0.0,15.0,8.0,36.7,0.8,0.1875,0.0,0.0,12.0,8.0,37.1,1.5,0.6875,-1.0,0.0,0.0,0.041916167664670656,0.18562874251497005,2,4,68.9,13.0,1431,1079,1428,0.0,0.0,15.0,4.0,36.8,0.8,0.625,0.0,0.0,10.0,9.0,38.2,1.1,0.25,-0.6,0.0,56.0,-350.0,16.0,15.0,476.0,0.0,0.0625,-0.0625,-0.1875,-0.0625,-0.20999999999999944,0.0,-0.4642999999999944,-1.579499999999996,-0.7233000000000018,-1.023300000000006,0.7822999999999993,0.2091218411463624,0.53291650377897,0.0,2.0,0.0,0.12745098039215685,0.30392156862745096,0.0,,-0.03118137900746598,0.06837606837606836
1356,202305050607,1,0,2,18,0,0,0,6,0,0,0,2,0,0,0,4,0,0,0,3,0,0,0,0,0,0,0,0,0,0,0,0,0,0,0,0,0.0,0.0,40.0,6.0,37.0,0.8,0.4375,0.0,0.0,50.0,7.0,39.1,1.3,0.23076923076923078,0.0,0.0,30.0,8.0,39.6,1.2,0.2727272727272727,1.0,4.0,0.0,0.06204379562043796,0.24452554744525548,1,1,15.1,5.0,1204,1665,1221,0.0,0.0,30.0,14.0,41.6,3.7,0.14285714285714285,0.0,0.0,80.0,6.0,38.3,0.8,0.0625,0.7,0.0,57.0,22.0,16.0,16.0,564.0,0.0,0.0,-0.09090909090909091,0.42857142857142855,0.0,-0.5099999999999995,0.0,-1.2794999999999987,1.0274,0.2073999999999998,2.323599999999999,0.22739999999999583,0.12690936129594588,1.5197368193210306,1.0,1.0,0.0,0.10526315789473684,0.25,0.0,,-0.10755148741418766,-0.32142857142857145
1357,202305050607,2,2,6,46,0,0,1,2,0,0,0,0,0,1,3,26,0,0,0,2,0,0,0,0,0,0,0,6,0,0,0,0,0,0,0,0,0.0,0.0,7.0,5.0,36.1,1.1,0.8666666666666667,0.0,0.0,10.0,4.0,35.7,0.8,0.9285714285714286,0.0,0.0,10.0,9.0,36.5,0.7,0.6,2.0,-2.0,0.0,0.04395604395604396,0.10989010989010989,4,8,22.9,8.0,1172,1472,1556,0.0,0.0,7.0,9.0,37.0,1.5,0.6428571428571429,0.0,0.0,8.0,7.0,36.1,1.0,0.6875,0.9,0.0,58.0,-189.0,16.0,15.0,536.0,0.0,-0.14285714285714285,0.0,0.14285714285714285,0.0,-0.12999999999999973,0.0,-2.1794999999999973,-1.734099999999998,-1.7794999999999987,-0.6642999999999972,-2.0537999999999954,0.12904696011077596,0.439999999999999,0.0,4.0,0.0,0.03488372093023256,0.13953488372093023,0.0,,0.01460869565217393,-0.07777777777777778
1358,202305050607,1,0,0,0,8,7,7,71,0,0,0,0,1,0,0,0,3,2,0,23,0,0,0,0,0,0,0,0,1,1,0,3,0,0,0,0,0.0,0.0,6.0,4.0,36.7,0.5,0.36363636363636365,0.0,0.0,10.0,11.0,39.4,1.3,0.75,0.0,0.0,11.0,7.0,39.0,1.2,0.2857142857142857,1.5,4.0,-400.0,0.0,0.2,8,15,30.7,9.0,1676,1294,1428,0.0,0.0,7.0,5.0,38.2,0.5,0.9090909090909091,0.0,0.0,5.0,6.0,38.0,0.7,0.7,-0.2,0.0,57.0,-287.0,16.0,11.0,532.0,-0.09090909090909091,-0.4375,0.07142857142857142,-0.2727272727272727,-0.2,-0.13999999999999985,0.0,-2.8466999999999985,0.0073999999999969646,-0.6259000000000015,-1.4258999999999986,-1.6259000000000015,0.23776720417247751,0.9329523031752467,-1.0,0.0,,0.0,0.0,0.0,,,0.05268199233716475
1359,202305050607,1,2,1,8,0,0,1,8,0,0,0,0,0,2,1,2,0,0,1,3,0,0,0,0,0,0,1,0,0,0,0,0,0,0,0,0,0.0,0.0,50.0,5.0,35.7,1.3,0.8125,0.0,0.0,80.0,5.0,35.5,1.1,1.0,0.0,0.0,80.0,16.0,37.3,3.4,0.375,5.5,-2.0,0.0,0.04,0.13714285714285715,3,5,32.8,12.0,1401,1335,517,0.0,0.0,90.0,13.0,35.7,1.7,0.8888888888888888,0.0,0.0,100.0,12.0,35.0,1.3,0.6923076923076923,2.2,0.0,57.0,15.0,16.0,16.0,466.0,0.0,-0.07692307692307693,-0.0625,-0.05555555555555555,-0.15384615384615385,0.12000000000000029,0.0,-2.579499999999996,-2.7794999999999987,2.225299999999997,0.5935000000000059,-0.6499000000000024,0.21428012665385746,0.7735631842325473,0.0,2.0,0.0,0.0,0.08860759493670886,0.0,,0.019047619047619035,0.17647058823529413
1360,202305050607,1,2,2,30,0,1,1,15,0,0,0,0,0,1,0,15,0,0,1,7,0,0,0,0,0,1,0,5,0,0,0,1,0,0,0,0,0.0,0.0,2.0,4.0,40.5,0.8,0.16666666666666666,0.0,0.0,2.0,10.0,36.3,1.4,0.8125,0.0,0.0,11.0,2.0,36.1,0.2,0.75,-1.0,13.0,-100.0,0.043010752688172046,0.16666666666666666,6,12,5.2,2.0,1431,1292,1428,0.0,0.0,3.0,7.0,36.0,0.5,0.3125,0.0,0.0,4.0,3.0,35.2,0.5,0.3125,-0.5,0.4,57.0,-249.0,16.0,12.0,501.0,0.0,-0.0625,-0.0625,0.0,-0.125,1.0899999999999992,0.0,,-1.8537999999999997,-2.1794999999999973,0.846899999999998,0.04690000000000083,0.2597407895918117,1.8776581158453736,1.0,2.0,0.5,0.018518518518518517,0.14814814814814814,0.0,,-0.03118137900746598,-0.07936507936507936
1361,202305050607,2,3,4,35,0,0,0,1,0,0,0,0,1,0,3,10,0,0,0,1,0,0,0,0,0,0,1,6,0,0,0,1,0,0,0,0,0.0,0.0,11.0,11.0,37.3,1.5,0.25,0.0,0.0,7.0,5.0,37.7,0.8,0.125,0.0,0.0,6.0,12.0,38.9,1.7,0.3333333333333333,0.5,4.0,0.0,0.0755813953488372,0.2441860465116279,1,2,32.4,11.0,1503,377,1263,0.0,0.0,2.0,1.0,36.3,0.0,0.1875,0.0,0.0,3.0,9.0,34.3,1.6,0.46153846153846156,-0.8,0.2,55.0,0.0,16.0,16.0,494.0,0.0,0.0,0.0,0.0,0.07692307692307693,0.7400000000000005,0.0,-0.8537999999999997,-0.5794999999999959,0.988900000000001,-1.8537999999999997,-0.7747000000000028,0.11740398177890343,1.5440207252495035,0.0,3.0,0.3333333333333333,0.16666666666666666,0.3333333333333333,0.0,,-0.017174959871589096,
1362,202305050607,0,0,0,3,0,0,0,0,0,0,0,0,0,0,0,1,0,0,0,0,0,0,0,0,0,0,0,0,0,0,0,0,0,0,0,0,0.0,0.0,1.0,4.0,39.5,0.8,0.5555555555555556,0.0,0.0,16.0,15.0,38.4,3.0,0.875,0.0,0.0,14.0,10.0,39.3,2.2,0.5714285714285714,3.0,3.0,0.0,0.0319634703196347,0.1324200913242009,3,6,257.7,15.0,1085,1033,334,0.0,0.0,15.0,12.0,36.5,1.6,0.6875,0.0,0.0,14.0,9.0,36.5,1.4,0.875,0.7,0.0,58.0,-337.0,16.0,9.0,525.0,-0.2222222222222222,0.125,0.21428571428571427,0.0625,0.0,0.7899999999999998,0.0,1.8357000000000028,-0.4128000000000043,-0.3259000000000043,-1.6537999999999968,-1.7794999999999987,0.13997815490224264,1.3108775686539145,2.0,3.0,0.0,0.06451612903225806,0.20967741935483872,0.0,,,
1363,202305050607,0,0,0,2,0,1,2,22,0,0,0,0,0,0,0,0,0,0,0,9,0,0,0,0,0,0,0,0,0,0,0,3,0,0,0,0,0.0,0.0,40.0,4.0,38.1,0.8,0.4,0.0,0.0,20.0,1.0,36.5,0.0,0.375,0.0,0.0,20.0,3.0,37.8,1.2,0.25,-0.5,0.0,-300.0,0.0,0.16666666666666666,2,3,8.7,3.0,1399,1014,1428,0.0,0.0,10.0,5.0,37.1,0.5,0.4375,0.0,0.0,30.0,2.0,36.8,0.3,0.125,0.0,0.6,57.0,134.0,16.0,15.0,454.0,-0.06666666666666667,0.0625,0.0,-0.0625,0.0,0.2000000000000007,0.0,-1.2926000000000002,-1.0914000000000001,0.208599999999997,-0.3160999999999987,-0.616100000000003,0.115,0.6019966777316967,2.0,0.0,,0.056818181818181816,0.22727272727272727,0.0,,,-0.001984126984126977
1364,202305050607,11,6,8,64,0,0,0,5,0,0,0,0,4,2,2,34,0,0,0,4,0,0,0,0,0,0,1,7,0,0,0,3,0,0,0,0,0.0,0.0,14.0,12.0,38.5,2.2,0.125,0.0,0.0,14.0,16.0,38.8,3.1,0.1875,0.0,0.0,16.0,11.0,38.3,1.7,0.9375,-0.5,0.0,200.0,0.10138248847926268,0.25806451612903225,8,16,103.0,14.0,1716,796,1167,0.0,0.0,14.0,14.0,38.2,2.5,0.375,0.0,0.0,1.0,1.0,40.2,0.0,0.1,-2.4,0.2,58.0,-147.0,16.0,16.0,492.0,0.0,-0.0625,0.0,-0.125,0.0,-0.28000000000000114,0.0,0.5889000000000024,1.1357,0.3888999999999996,0.046200000000006014,1.920500000000004,0.31150842685230845,0.7293833011524198,0.0,3.0,0.3333333333333333,0.10619469026548672,0.25663716814159293,0.0,,0.03502141597379693,-0.05555555555555555
1365,202305050607,0,0,0,15,0,0,0,0,0,0,0,0,0,0,0,2,0,0,0,0,0,0,0,0,0,0,0,1,0,0,0,0,0,0,0,0,0.0,0.0,50.0,4.0,35.9,1.0,0.8181818181818182,0.0,0.0,60.0,6.0,35.9,0.6,0.9333333333333333,0.0,0.0,20.0,12.0,38.6,2.8,0.6,4.0,2.0,200.0,0.04326923076923077,0.1971153846153846,5,9,30.9,10.0,1729,1487,1428,0.0,0.0,60.0,5.0,36.5,0.4,0.625,0.0,0.0,110.0,5.0,34.9,0.4,0.4375,0.1,0.0,57.0,21.0,16.0,11.0,472.0,0.0,-0.06666666666666667,0.0,0.0,-0.125,0.13999999999999985,0.0,-1.5161000000000016,-1.517700000000005,0.32050000000000267,-1.3682999999999979,-0.25310000000000343,0.17404824489744924,1.23223374405995,0.0,1.0,0.0,0.022222222222222223,0.1111111111111111,0.0,,-0.04391534391534391,
1366,202305050607,4,2,6,19,3,2,6,43,1,0,1,1,2,0,3,9,3,0,1,23,1,0,1,1,1,0,2,2,1,0,1,4,1,0,1,1,0.0,0.0,80.0,80.0,42.2,1.8,0.45454545454545453,0.0,0.0,120.0,120.0,44.7,7.8,0.3333333333333333,0.0,0.0,180.0,160.0,36.3,1.4,0.1111111111111111,40.0,18.0,0.0,0.0,0.0,7,13,657.8,16.0,1020,1221,1576,0.0,0.0,140.0,110.0,36.7,1.4,0.7857142857142857,0.0,0.0,160.0,160.0,39.7,3.8,0.125,15.0,0.0,53.0,-335.0,16.0,11.0,484.0,0.0,0.16666666666666666,0.0,0.0,0.0625,1.3,0.0,4.046200000000006,6.6274000000000015,0.9345999999999961,0.2589000000000041,1.546200000000006,0.24820735360570337,3.211479409867049,-1.0,2.0,0.0,0.0,0.08974358974358974,0.0,,0.16294117647058826,-0.024042553191489374
1367,202305050611,7,7,8,85,29,23,21,228,2,1,0,5,3,4,0,27,13,9,13,81,1,0,0,2,0,0,0,3,0,1,0,7,0,0,0,0,0.0,0.0,30.0,9.0,35.0,0.7,0.8461538461538461,0.0,0.0,10.0,1.0,35.5,0.0,0.8571428571428571,0.0,0.0,30.0,1.0,34.7,0.0,0.875,-4.0,6.0,0.0,0.07514450867052024,0.24277456647398843,3,6,13.8,5.0,1605,1556,1,0.0,0.0,30.0,8.0,36.6,0.8,0.875,0.0,0.0,50.0,3.0,35.7,0.4,0.6875,-0.5,0.6,56.0,21.0,16.0,13.0,468.0,0.0,-0.07142857142857142,0.0,0.0,-0.125,-0.2500000000000007,0.0,-3.2794999999999987,-2.4110999999999976,-3.2110999999999947,-1.5337999999999994,-2.1983999999999995,0.07118566050181441,0.654217089351845,1.0,3.0,0.3333333333333333,0.0,0.0,1.0,0.0,0.056687605331699115,-0.01480214466629387
1368,202305050611,16,19,15,132,1,4,1,22,0,0,0,0,1,2,4,30,0,1,0,8,0,0,0,0,0,1,0,8,0,0,0,1,0,0,0,0,0.0,0.0,11.0,14.0,36.7,2.2,0.75,0.0,0.0,7.0,8.0,35.0,1.4,0.875,0.0,0.0,6.0,1.0,35.4,0.0,0.8666666666666667,-6.5,2.0,0.0,0.0427807486631016,0.1657754010695187,1,1,89.5,12.0,1167,1404,460,0.0,0.0,12.0,2.0,35.2,0.0,0.625,0.0,0.0,12.0,3.0,35.8,0.7,0.6875,-2.8000000000000003,0.6,57.0,-343.0,16.0,16.0,518.0,0.0,0.0,-0.06666666666666667,-0.0625,0.0625,0.16000000000000086,0.0,-1.579499999999996,-3.2794999999999987,-2.7537999999999982,-3.079499999999996,-2.4795000000000016,0.09816369548418148,0.6013318551349169,0.0,5.0,0.6,0.05263157894736842,0.23684210526315788,4.0,0.5,0.03409825468648997,-0.08095238095238094
1369,202305050611,16,16,15,141,0,0,0,0,0,0,0,0,9,9,7,56,0,0,0,0,0,0,0,0,2,1,0,3,0,0,0,0,0,0,0,0,0.0,0.0,1.0,12.0,41.0,2.8,0.15384615384615385,0.0,0.0,13.0,11.0,36.4,1.8,0.5,0.0,0.0,6.0,13.0,38.4,2.1,0.23076923076923078,0.5,-6.0,-400.0,0.08247422680412371,0.2268041237113402,6,11,25.5,8.0,1278,42,625,0.0,0.0,7.0,12.0,36.9,1.5,0.8666666666666667,0.0,0.0,8.0,3.0,35.5,0.0,0.4375,-1.7,0.2,57.0,-283.0,16.0,13.0,502.0,0.3076923076923077,-0.125,0.0,-0.06666666666666667,0.0,1.05,0.0,1.3740999999999985,-1.8795000000000002,0.488900000000001,-1.2537999999999982,-2.7794999999999987,0.24951435406857667,1.925201288177421,1.0,3.0,0.3333333333333333,0.23529411764705882,0.35294117647058826,2.0,0.5,0.010563380281690127,
1370,202305050611,4,5,4,48,20,25,21,205,0,0,0,5,2,1,2,16,5,4,2,61,0,0,0,3,0,0,0,0,0,0,1,6,0,0,0,0,0.0,0.0,20.0,1.0,34.4,0.0,0.1875,0.0,0.0,150.0,15.0,37.3,2.1,0.05555555555555555,0.0,0.0,70.0,16.0,36.3,1.6,0.1111111111111111,7.5,10.0,-200.0,0.1506849315068493,0.3515981735159817,5,10,1.9,1.0,1467,1167,336,0.0,0.0,20.0,1.0,35.3,0.0,0.1,0.0,0.0,20.0,1.0,39.0,0.0,0.14285714285714285,-1.4,0.6,58.0,405.0,16.0,16.0,522.0,0.0,0.0,0.0,0.0,0.0,-0.7200000000000003,0.0,-2.8551,1.853199999999994,0.38339999999999463,-1.3832000000000022,-0.6259000000000015,0.04406591926437896,1.5982490419205644,4.0,0.0,,0.2903225806451613,0.5161290322580645,0.0,,0.12021857923497267,0.019083827201908404
1371,202305050611,16,16,15,141,0,0,1,2,0,0,1,0,9,9,7,56,0,0,1,0,0,0,1,0,2,1,0,3,0,0,0,0,0,0,0,0,0.0,0.0,50.0,3.0,35.9,0.2,0.46153846153846156,0.0,0.0,70.0,10.0,37.4,1.9,1.0,0.0,0.0,70.0,8.0,35.2,0.5,1.0,2.5,2.0,0.0,0.2,0.6,5,9,7.6,3.0,1278,1465,625,0.0,0.0,80.0,1.0,35.5,0.0,0.4375,0.0,0.0,60.0,5.0,35.6,0.7,0.8125,-0.5,0.4,57.0,21.0,16.0,13.0,484.0,0.07692307692307693,0.0,0.0,0.0,-0.0625,0.24999999999999928,0.0,-2.3795,-0.7338000000000022,-2.7110999999999947,-2.633800000000001,-1.8160999999999987,0.24878774133121268,0.7730459236035063,3.0,3.0,0.6666666666666666,0.14285714285714285,0.42857142857142855,1.0,1.0,0.010563380281690127,
1372,202305050611,3,9,4,49,1,0,1,13,0,0,0,0,1,3,0,20,0,0,0,2,0,0,0,0,0,0,0,0,0,0,0,0,0,0,0,0,0.0,0.0,15.0,11.0,38.7,1.5,0.4375,0.0,0.0,16.0,10.0,36.8,1.2,0.625,0.0,0.0,14.0,13.0,36.1,0.8,0.4375,1.0,-8.0,-300.0,0.11940298507462686,0.26865671641791045,7,14,47.2,10.0,1447,1034,1721,0.0,0.0,15.0,12.0,38.1,1.7,0.6666666666666666,0.0,0.0,9.0,6.0,37.5,0.7,0.5384615384615384,-0.8,0.0,58.0,-231.0,16.0,16.0,466.0,-0.0625,0.0625,0.0,0.26666666666666666,0.0,0.11000000000000014,0.0,-0.6925999999999988,-1.3537999999999997,-2.1794999999999973,-1.5259,-0.7794999999999987,0.09410531505795236,0.920000000000001,1.0,3.0,0.0,0.0,0.0,2.0,0.0,-0.14198717948717948,-0.13333333333333333
1373,202305050611,12,17,21,171,2,3,0,7,0,0,0,0,1,5,12,77,0,1,0,3,0,0,0,0,0,0,1,2,0,0,0,0,0,0,0,0,0.0,0.0,60.0,6.0,35.7,0.3,0.6363636363636364,0.0,0.0,40.0,13.0,36.6,1.2,0.6875,0.0,0.0,30.0,5.0,36.1,0.3,0.45454545454545453,-0.5,-6.0,250.0,0.0,0.16666666666666666,2,4,51.5,11.0,1520,12,695,0.0,0.0,30.0,3.0,36.0,0.3,0.125,0.0,0.0,60.0,3.0,35.5,0.6,0.5625,-1.6,0.4,55.0,119.0,16.0,11.0,478.0,0.0,0.0625,0.0,0.0,-0.1875,0.10000000000000071,0.0,-2.1233000000000004,-1.3110999999999962,-1.8110999999999962,-1.9110999999999976,-1.9177000000000035,0.2000581010647979,0.3762977544445357,0.0,0.0,,0.0,0.0,0.0,,0.0023270846800258482,-0.19444444444444448
1374,202305050611,9,23,14,109,14,9,8,141,0,0,0,6,4,12,9,52,2,1,3,49,0,0,0,5,1,1,2,1,0,0,1,3,0,0,0,0,0.0,0.0,4.0,9.0,42.4,2.8,0.1,0.0,0.0,13.0,12.0,38.5,1.7,0.14285714285714285,0.0,0.0,13.0,13.0,38.6,2.1,0.6153846153846154,2.0,1.0,0.0,0.03977272727272727,0.13636363636363635,8,15,384.5,16.0,1228,1618,1108,0.0,0.0,16.0,8.0,35.2,0.8,0.8125,0.0,0.0,12.0,11.0,37.2,1.6,0.8461538461538461,0.0,0.0,57.0,-156.0,16.0,10.0,505.0,0.0,0.0,0.07692307692307693,0.0,0.07692307692307693,1.3699999999999988,0.0,4.246200000000002,0.5889000000000024,0.32050000000000267,-3.079499999999996,-1.079499999999996,0.3219584671329956,2.354909764725602,1.0,4.0,0.0,0.16666666666666666,0.3888888888888889,3.0,0.0,-0.05510752688172041,0.06466540104413859
1375,202305050611,0,0,0,3,0,1,0,9,0,0,0,3,0,0,0,0,0,0,0,2,0,0,0,0,0,0,0,0,0,0,0,0,0,0,0,0,0.0,0.0,110.0,1.0,35.5,0.0,0.1875,0.0,0.0,70.0,15.0,41.9,5.0,0.125,0.0,0.0,30.0,1.0,36.7,0.0,0.125,0.0,6.0,100.0,0.041666666666666664,0.18452380952380953,4,8,17.7,7.0,1609,1332,115,0.0,0.0,20.0,6.0,40.0,1.7,0.18181818181818182,0.0,0.0,10.0,2.0,37.3,0.0,0.0625,-0.7,0.6,57.0,21.0,16.0,16.0,516.0,0.0625,0.0625,0.0,0.0,0.0,-0.16999999999999957,0.0,-2.0914,3.8273999999999972,-1.3725999999999985,1.7205000000000013,-0.9795000000000016,0.045596369653952,2.3344378338263794,-1.0,2.0,0.5,0.11764705882352941,0.35294117647058826,2.0,0.5,,
1376,202305050611,12,17,21,171,24,19,11,236,0,0,0,3,1,5,12,77,7,2,1,59,0,0,0,3,0,0,1,2,1,0,0,1,0,0,0,0,0.0,0.0,3.0,4.0,41.6,1.3,1.0,0.0,0.0,15.0,10.0,35.2,1.1,0.9375,0.0,0.0,11.0,12.0,38.4,1.7,0.15384615384615385,4.0,12.0,-300.0,0.05263157894736842,0.21052631578947367,2,3,339.0,15.0,1520,1294,695,0.0,0.0,14.0,15.0,39.9,4.2,0.375,0.0,0.0,12.0,10.0,38.7,1.1,0.6,1.7,0.0,57.0,-242.0,16.0,7.0,506.0,-0.2857142857142857,0.0,0.07692307692307693,0.5,-0.4,0.11000000000000014,0.0,2.2074,-3.079499999999996,0.12049999999999983,0.507399999999997,-0.6925999999999988,0.3233277414673335,2.1058015101143783,1.0,2.0,0.0,0.0,0.5,2.0,0.0,0.0023270846800258482,0.05268199233716475
1377,202305050611,5,2,2,10,4,1,2,27,1,0,0,1,5,2,1,7,2,0,0,7,1,0,0,1,0,0,0,3,0,0,0,1,0,0,0,1,0.0,0.0,10.0,1.0,40.8,0.0,0.09090909090909091,0.0,0.0,130.0,10.0,38.0,0.9,0.2857142857142857,0.0,0.0,150.0,12.0,37.7,1.4,0.125,5.5,3.0,0.0,0.10091743119266056,0.25688073394495414,6,12,114.5,14.0,832,939,351,0.0,0.0,150.0,15.0,37.6,2.5,0.375,0.0,0.0,140.0,11.0,37.4,1.1,0.0625,2.5,0.2,59.0,-329.0,16.0,11.0,483.0,0.0,0.0,0.0625,0.0,0.0,0.7199999999999995,0.0,2.6462000000000003,0.08890000000000242,-0.453799999999994,-0.31109999999999616,-0.8795000000000002,0.12137777602761006,1.2649110640673504,3.0,3.0,0.3333333333333333,0.1,0.16,1.0,0.0,-0.2070175438596491,0.12745098039215685
1378,202305050611,10,7,13,98,2,0,0,0,0,0,0,0,1,1,0,26,1,0,0,0,0,0,0,0,0,0,0,0,0,0,0,0,0,0,0,0,0.0,0.0,10.0,1.0,36.8,0.0,0.5,0.0,0.0,20.0,4.0,33.5,0.3,0.16666666666666666,0.0,0.0,10.0,3.0,33.6,0.1,0.5555555555555556,1.0,-8.0,-200.0,0.0,0.15384615384615385,4,7,5.5,2.0,1152,1601,1428,0.0,0.0,10.0,3.0,34.0,0.3,0.18181818181818182,0.0,0.0,10.0,2.0,33.3,0.2,0.2727272727272727,0.1,0.8,57.0,42.0,16.0,16.0,492.0,-0.0625,0.0,0.0,0.0,0.0,0.65,0.0,-1.2726000000000042,-1.9592000000000027,-1.8592000000000013,-1.9166000000000025,-2.1592000000000056,0.16220222023435496,1.3001538370515997,0.0,0.0,,0.06451612903225806,0.2903225806451613,0.0,,-0.0014982876712328896,
1379,202305050611,43,41,42,253,11,13,6,86,3,1,2,4,13,15,18,95,4,8,2,42,2,1,1,0,0,2,1,10,0,0,0,0,0,0,0,0,0.0,0.0,20.0,6.0,37.5,0.6,0.25,0.0,0.0,40.0,8.0,36.8,1.6,0.625,0.0,0.0,40.0,5.0,35.9,0.7,0.5384615384615384,-0.5,-2.0,0.0,0.0430622009569378,0.19617224880382775,8,16,15.2,6.0,1576,1393,1577,0.0,0.0,10.0,4.0,37.3,1.0,0.3125,0.0,0.0,20.0,1.0,35.9,0.0,0.3125,-1.4,0.2,57.0,148.0,16.0,16.0,470.0,0.0625,0.0,0.0,0.0,0.0,0.2700000000000003,0.0,-0.6338000000000008,-1.1111000000000004,-2.011099999999999,-0.36430000000000007,-1.6914000000000016,0.1465013581131386,0.6764613810115105,0.0,2.0,0.0,0.1038961038961039,0.24675324675324675,0.0,,-0.03389267477838315,-0.10199418363107604
1380,202305050611,43,41,42,253,0,2,2,4,0,2,2,2,13,15,18,95,0,2,2,2,0,2,2,2,0,2,1,10,0,0,0,0,0,0,0,0,0.0,0.0,11.0,9.0,39.4,3.1,1.0,0.0,0.0,15.0,12.0,36.9,1.3,0.8,0.0,0.0,13.0,9.0,37.0,1.6,0.5384615384615384,0.0,-14.0,-100.0,0.02912621359223301,0.1650485436893204,3,5,28.5,9.0,1576,1568,1577,0.0,0.0,15.0,12.0,38.3,1.8,0.8,0.0,0.0,12.0,14.0,37.9,1.7,0.13333333333333333,1.0,0.0,57.0,-333.0,16.0,11.0,522.0,0.0,0.13333333333333333,0.0,0.0,0.0,0.16000000000000014,0.0,,-1.1726000000000028,-2.6259000000000015,-1.2467000000000041,-0.25379999999999825,0.29892817517239834,0.9186947262284677,0.0,1.0,0.0,0.047619047619047616,0.19047619047619047,0.0,,-0.03389267477838315,-0.09999999999999998
1381,202305050611,0,0,0,2,0,0,0,2,0,0,0,2,0,0,0,1,0,0,0,1,0,0,0,1,0,0,0,0,0,0,0,0,0,0,0,0,0.0,0.0,90.0,6.0,36.7,0.5,0.15384615384615385,0.0,0.0,110.0,10.0,36.2,1.2,1.0,0.0,0.0,70.0,11.0,38.4,2.0,0.36363636363636365,2.5,-4.0,0.0,0.043478260869565216,0.10869565217391304,1,2,111.8,13.0,458,698,225,0.0,0.0,80.0,6.0,36.2,0.7,0.3076923076923077,0.0,0.0,90.0,1.0,37.0,0.0,0.125,-1.4,0.2,57.0,21.0,16.0,13.0,468.0,0.0,-0.09090909090909091,0.18181818181818182,0.0,0.0625,-0.05999999999999943,0.0,-1.579499999999996,-1.6233000000000004,0.5317000000000007,-1.7110999999999947,-0.9110999999999976,0.31798214744724834,0.8099382692526618,3.0,1.0,0.0,0.10204081632653061,0.16326530612244897,1.0,0.0,,
1382,202305050611,2,2,5,52,19,18,17,223,0,0,0,0,0,1,3,10,10,4,3,73,0,0,0,0,0,0,0,0,3,1,0,7,0,0,0,0,0.0,0.0,70.0,2.0,36.8,0.5,0.13333333333333333,0.0,0.0,80.0,15.0,37.9,2.3,0.125,0.0,0.0,40.0,1.0,37.0,0.0,0.2,-0.5,-2.0,-200.0,0.15151515151515152,0.33766233766233766,7,13,13.7,4.0,1098,1558,1294,0.0,0.0,10.0,9.0,39.2,1.3,0.5,0.0,0.0,20.0,1.0,38.3,0.0,0.1111111111111111,-0.8,0.6,56.0,154.0,16.0,15.0,500.0,0.0,0.125,0.0,-0.07142857142857142,0.0,-0.43000000000000044,0.0,-1.2726000000000042,2.250099999999996,-0.25509999999999877,0.6224000000000061,0.3475999999999999,0.14629160798863763,0.8777243302996688,0.0,0.0,,0.08333333333333333,0.25,0.0,,0.056540649046503855,0.0611517126001585
1383,202305050704,0,0,0,1,0,1,0,1,0,0,0,0,0,0,0,0,0,1,0,1,0,0,0,0,0,0,0,0,0,0,0,0,0,0,0,0,,,,,,,,,,,,,,,,,,,,,,,,,0.031914893617021274,0.07446808510638298,1,1,30.7,12.0,1540,783,1036,,,,,,,,,,,,,,,,,55.0,,16.0,,,,,,,,,,,,,,,,,,0.0,,0.07575757575757576,0.22727272727272727,0.0,,,
1384,202305050704,43,41,42,253,20,25,21,205,1,4,1,7,13,15,18,95,5,4,2,61,0,1,0,4,3,1,3,9,0,0,0,6,0,0,0,0,,,,,,,,,,,,,,,,,,,,,,,,,0.042105263157894736,0.16842105263157894,5,9,7.4,2.0,1576,1167,1577,,,,,,,,,,,,,,,,,56.0,,16.0,,,,,,,,,,,,,,,,,,0.0,,0.03409090909090909,0.13636363636363635,0.0,,-0.03389267477838315,0.019083827201908404
1385,202305050704,2,2,5,52,1,3,2,8,0,0,0,0,0,1,3,10,1,2,1,3,0,0,0,0,0,0,0,0,1,0,0,0,0,0,0,0,0.0,0.0,1.0,3.0,39.4,0.6,0.3333333333333333,0.0,0.0,8.0,6.0,35.3,0.8,0.6428571428571429,0.0,0.0,3.0,9.0,34.3,1.3,0.875,3.0,-14.0,200.0,0.08080808080808081,0.22727272727272727,4,7,7.5,3.0,1098,1322,1294,0.0,0.0,3.0,5.0,35.9,0.5,0.6875,0.0,0.0,3.0,5.0,34.1,0.3,0.8,0.3,0.2,56.0,-332.0,16.0,12.0,484.0,0.0,-0.07142857142857142,-0.125,-0.0625,0.06666666666666667,0.9999999999999993,0.0,1.5788999999999973,-0.6225000000000023,-0.8531000000000049,0.7935000000000016,-1.0531000000000006,0.18616489898612057,1.9162463307205573,-1.0,0.0,,0.0,0.42857142857142855,0.0,,0.056540649046503855,-0.17857142857142855
1386,202305050704,2,5,4,35,20,25,21,205,0,0,0,3,0,0,1,12,5,4,2,61,0,0,0,0,0,0,0,1,0,0,0,6,0,0,0,0,,,,,,,,,,,,,,,,,,,,,,,,,0.10714285714285714,0.31547619047619047,5,10,11.7,7.0,1674,1167,1428,,,,,,,,,,,,,,,,,55.0,,16.0,,,,,,,,,,,,,,,,,,0.0,,0.05555555555555555,0.16666666666666666,0.0,,-0.06413043478260871,0.019083827201908404
1387,202305050704,1,1,0,4,15,21,12,151,0,0,0,0,0,0,0,0,4,6,4,62,0,0,0,0,0,0,0,0,0,1,0,4,0,0,0,0,0.0,0.0,4.0,8.0,37.4,1.2,0.5625,0.0,0.0,4.0,13.0,40.0,1.6,0.125,0.0,0.0,5.0,8.0,36.8,1.0,0.9375,0.0,0.0,-200.0,0.031578947368421054,0.08947368421052632,2,3,31.0,13.0,1038,1482,489,0.0,0.0,3.0,4.0,37.7,2.1,0.75,0.0,0.0,7.0,3.0,37.4,0.5,0.9375,-1.9,0.2,56.0,-204.0,16.0,16.0,480.0,0.0625,0.0,0.0625,0.0625,0.0,0.2299999999999997,0.0,-0.6726000000000028,1.7205000000000013,-1.2726000000000042,-0.3725999999999985,-0.6726000000000028,0.3025929609227551,1.1092339699089646,-1.0,1.0,0.0,0.08333333333333333,0.16666666666666666,1.0,0.0,,-0.05872427832593624
1388,202305050704,0,0,1,11,2,2,1,16,0,0,0,0,0,0,1,7,0,0,0,0,0,0,0,0,0,0,0,0,0,0,0,0,0,0,0,0,0.0,0.0,10.0,10.0,39.5,2.0,0.6666666666666666,0.0,0.0,12.0,8.0,36.5,1.8,0.875,0.0,0.0,11.0,6.0,38.2,1.2,0.4375,-2.0,-2.0,-400.0,0.0,0.06666666666666667,8,15,30.3,11.0,1432,548,1428,,,,,,,,,,,,,,,-2.0,0.0,56.0,-274.0,16.0,15.0,420.0,0.06666666666666667,0.0,0.0,,,0.6499999999999986,0.0,-0.12590000000000146,-1.7794999999999987,-0.07949999999999591,,,0.1786761156981751,1.2283683848458853,-1.0,2.0,0.0,0.06349206349206349,0.20634920634920634,2.0,0.0,0.027777777777777776,0.13032581453634084
1389,202305050704,1,0,0,2,0,0,0,2,0,0,0,0,1,0,0,2,0,0,0,0,0,0,0,0,1,0,0,1,0,0,0,0,0,0,0,0,,,,,,,,,,,,,,,,,,,,,,,,,0.041176470588235294,0.18235294117647058,7,14,5.9,1.0,1195,1487,1428,,,,,,,,,,,,,,,,,56.0,,16.0,,,,,,,,,,,,,,,,,,0.0,,0.04285714285714286,0.14285714285714285,0.0,,,
1390,202305050704,5,9,5,81,4,1,0,34,2,0,0,1,0,7,3,29,1,1,0,18,0,0,0,0,0,2,0,5,0,0,0,1,0,0,0,0,0.0,0.0,6.0,1.0,38.6,0.0,0.125,0.0,0.0,7.0,5.0,40.4,2.5,1.0,0.0,0.0,4.0,3.0,40.2,0.7,0.8666666666666667,1.0,-4.0,-700.0,0.03910614525139665,0.1340782122905028,6,11,21.0,10.0,1020,1313,1576,0.0,0.0,4.0,3.0,40.7,1.3,0.5454545454545454,0.0,0.0,10.0,8.0,36.9,1.2,0.9375,1.2,0.6,55.0,-85.0,16.0,16.0,462.0,0.0,-0.26666666666666666,-0.13333333333333333,-0.18181818181818182,-0.0625,0.31000000000000016,0.0,-0.21280000000000143,1.5871999999999957,0.5741000000000014,1.0741000000000014,-1.3795000000000002,0.3251352053295981,1.4291256067959888,-2.0,1.0,0.0,0.02857142857142857,0.1,1.0,0.0,0.16294117647058826,0.0905448717948718
1391,202305050704,0,4,0,18,24,25,22,286,0,0,0,1,0,2,0,3,9,6,7,91,0,0,0,0,0,0,0,0,0,1,1,6,0,0,0,0,0.0,0.0,7.0,9.0,39.5,2.1,0.42857142857142855,0.0,0.0,10.0,5.0,39.3,1.0,0.35714285714285715,0.0,0.0,8.0,7.0,36.3,1.8,0.8,-1.0,-4.0,-300.0,0.0,0.034482758620689655,8,16,8.1,5.0,1045,1013,969,0.0,0.0,11.0,8.0,37.3,1.9,0.6428571428571429,0.0,0.0,13.0,4.0,36.0,1.8,0.7142857142857143,-0.7,0.0,55.0,-266.0,16.0,14.0,434.0,0.21428571428571427,0.07142857142857142,-0.06666666666666667,0.07142857142857142,0.0,0.9,0.0,0.10739999999999839,-0.09260000000000446,-1.6111000000000004,0.8588999999999984,-0.27420000000000044,0.16888590521293315,1.4702380759591285,0.0,0.0,,0.03333333333333333,0.13333333333333333,0.0,,0.1515151515151515,-0.045033397974574424
1392,202305050704,16,16,15,141,7,1,4,51,1,0,0,3,9,9,7,56,4,0,2,21,1,0,0,2,2,0,1,3,0,0,1,1,0,0,0,0,0.0,0.0,12.0,16.0,39.4,6.1,0.875,0.0,0.0,10.0,10.0,42.3,3.7,0.9230769230769231,0.0,0.0,8.0,8.0,40.9,2.2,0.0625,-4.0,2.0,-200.0,0.04081632653061224,0.14285714285714285,3,5,81.1,14.0,1278,1170,625,0.0,0.0,11.0,7.0,38.6,1.7,0.8125,0.0,0.0,14.0,10.0,37.7,2.0,0.8125,-1.5,0.0,55.0,-211.0,16.0,16.0,444.0,0.0625,-0.07692307692307693,0.0625,-0.0625,0.0625,0.7099999999999987,0.0,2.1449,2.753299999999996,1.3532999999999973,0.32050000000000267,-0.5794999999999959,0.32002045515244226,1.6412190591142894,0.0,2.0,0.0,0.012987012987012988,0.03896103896103896,2.0,0.0,0.010563380281690127,0.10952380952380952
1393,202305050704,0,0,0,5,2,2,5,78,0,0,0,0,0,0,0,0,1,0,1,30,0,0,0,0,0,0,0,0,0,0,0,5,0,0,0,0,0.0,0.0,1.0,2.0,38.9,0.5,0.08333333333333333,0.0,0.0,13.0,9.0,37.0,2.0,0.0625,0.0,0.0,14.0,8.0,39.1,2.2,0.5625,3.0,26.0,0.0,0.0,0.0,6,12,98.4,15.0,1537,1036,488,0.0,0.0,15.0,11.0,38.6,2.5,0.8125,,,,,,,,2.6,0.25,55.0,-324.0,16.0,12.0,456.0,0.0,0.0625,-0.125,-0.0625,,-0.120000000000001,0.0,0.6204999999999998,-0.6642999999999972,1.2789000000000001,0.32050000000000267,,0.3198357732884175,0.8276472678623426,1.0,3.0,0.3333333333333333,0.05263157894736842,0.3157894736842105,2.0,0.5,,-0.0649867374005305
1394,202305050704,11,4,13,73,1,1,1,23,0,0,0,2,5,3,2,25,1,1,0,10,0,0,0,0,0,1,0,2,0,0,0,0,0,0,0,0,0.0,0.0,8.0,10.0,38.8,3.1,0.3333333333333333,0.0,0.0,4.0,8.0,37.4,0.9,0.3333333333333333,0.0,0.0,6.0,2.0,35.9,0.5,0.4166666666666667,-4.0,-6.0,200.0,0.0,0.3,4,8,16.7,9.0,1095,1592,1221,0.0,0.0,1.0,4.0,37.1,1.0,0.16666666666666666,0.0,0.0,2.0,3.0,36.0,0.8,0.3,-1.8,0.4,56.0,-296.0,16.0,12.0,484.0,0.16666666666666666,-0.08333333333333333,-0.16666666666666666,0.0,0.0,0.5899999999999992,0.0,0.8888999999999996,0.9588999999999999,-0.5411000000000001,0.6589000000000027,-0.4410999999999987,0.08137703743822469,1.0594338110519215,0.0,0.0,,0.028169014084507043,0.09859154929577464,0.0,,-0.06510651065106512,0.27350427350427353
1395,202305050704,12,17,21,171,0,0,0,1,0,0,0,0,1,5,12,77,0,0,0,0,0,0,0,0,0,0,1,5,0,0,0,0,0,0,0,0,0.0,0.0,5.0,7.0,43.5,4.5,0.25,0.0,0.0,13.0,15.0,40.3,3.0,0.125,0.0,0.0,10.0,10.0,36.6,1.5,0.6428571428571429,1.5,26.0,-100.0,0.044444444444444446,0.17333333333333334,7,13,7.5,4.0,1520,1493,695,0.0,0.0,5.0,6.0,37.2,1.8,0.5,0.0,0.0,4.0,13.0,40.6,3.2,0.1875,0.3,0.0,55.0,-310.0,16.0,8.0,464.0,0.625,0.0,0.07142857142857142,-0.14285714285714285,0.0,0.8899999999999991,0.0,,2.0204999999999984,0.702300000000001,0.7589000000000041,2.3205000000000027,0.19743249944407507,2.508066984751403,1.0,2.0,0.0,0.046511627906976744,0.12790697674418605,2.0,0.0,0.0023270846800258482,
1396,202305050704,0,0,0,0,3,3,10,60,0,0,0,0,0,0,0,0,0,0,2,22,0,0,0,0,0,0,0,0,0,0,0,1,0,0,0,0,0.0,0.0,8.0,10.0,42.8,3.6,0.1,0.0,0.0,16.0,16.0,39.6,4.3,0.4375,0.0,0.0,16.0,16.0,43.1,10.7,1.0,3.0,25.0,100.0,0.0,0.21428571428571427,2,4,205.0,16.0,1663,1228,1716,0.0,0.0,16.0,14.0,39.3,3.3,0.6875,,,,,,,,1.2,0.0,56.0,-295.0,16.0,10.0,513.0,0.9,0.5625,0.0,0.0625,,0.7,0.0,5.208599999999997,3.683399999999999,5.0274,1.0204999999999984,,0.3303052565430953,1.75641680702503,1.0,1.0,0.0,0.04225352112676056,0.14084507042253522,1.0,0.0,,0.04344193817878028
1397,202305050704,0,0,1,27,0,0,0,2,0,0,0,0,0,0,1,10,0,0,0,0,0,0,0,0,0,0,1,0,0,0,0,0,0,0,0,0,0.0,0.0,3.0,3.0,37.0,0.8,0.3333333333333333,0.0,0.0,16.0,11.0,35.1,1.2,0.16666666666666666,0.0,0.0,14.0,8.0,35.8,1.4,0.125,2.5,-15.0,200.0,0.0784313725490196,0.17647058823529413,3,6,15.4,8.0,1611,444,1263,0.0,0.0,8.0,15.0,40.2,3.5,0.5625,,,,,,,,3.3,0.25,55.0,-331.0,16.0,12.0,437.0,-0.08333333333333333,0.0,0.0,0.0,,-1.0300000000000005,0.0,-0.8211000000000013,0.025300000000001432,0.7252999999999972,1.920500000000004,,0.1720327558845182,1.954961636452236,1.0,1.0,0.0,0.07407407407407407,0.12962962962962962,1.0,0.0,-0.03571428571428571,
1398,202305050704,0,0,0,0,2,4,2,55,0,0,0,0,0,0,0,0,2,0,1,22,0,0,0,0,0,0,0,0,0,0,1,0,0,0,0,0,0.0,0.0,90.0,7.0,40.8,1.2,0.75,0.0,0.0,90.0,14.0,41.0,3.2,0.06666666666666667,0.0,0.0,60.0,16.0,40.9,3.6,0.25,4.5,10.0,0.0,0.02857142857142857,0.1619047619047619,1,2,9.1,6.0,1352,1589,1503,,,,,,,,,,,,,,,4.5,0.0,55.0,-283.0,16.0,12.0,454.0,-0.3333333333333333,0.06666666666666667,0.0,,,-0.05000000000000071,0.0,3.1357,3.1766999999999967,2.6205,,,0.28878203151926723,0.08164965809277376,1.0,2.0,0.0,0.02040816326530612,0.16326530612244897,1.0,0.0,,0.12301587301587302
1399,202305050708,0,1,0,1,17,25,19,185,0,1,0,0,0,0,0,0,7,6,8,58,0,0,0,0,0,0,0,0,2,1,3,16,0,0,0,0,0.0,0.0,10.0,1.0,35.4,0.0,0.125,0.0,0.0,10.0,2.0,36.2,0.2,0.1875,0.0,0.0,50.0,2.0,35.4,0.8,0.3125,0.5,2.0,0.0,0.0,0.13333333333333333,4,8,2.3,1.0,1676,1183,1428,0.0,0.0,50.0,2.0,37.2,0.2,0.8461538461538461,0.0,0.0,10.0,1.0,38.0,0.0,0.0625,0.0,1.0,55.0,21.0,16.0,16.0,494.0,0.0625,0.0,0.0,0.0,0.0,-0.6200000000000003,0.0,-2.8795,-2.079499999999996,-2.2642999999999986,-1.079499999999996,-0.1338000000000008,0.28209971903440445,1.0229369482035546,0.0,5.0,1.0,0.1262135922330097,0.30097087378640774,3.0,1.0,,-0.0538498326159732
1400,202305050708,0,0,0,0,0,0,0,0,0,0,0,0,0,0,0,0,0,0,0,0,0,0,0,0,0,0,0,0,0,0,0,0,0,0,0,0,0.0,0.0,100.0,9.0,37.2,1.3,0.3125,0.0,0.0,4.0,3.0,36.5,0.5,0.21428571428571427,0.0,0.0,6.0,6.0,36.4,0.9,0.5,-1.5,-4.0,0.0,0.1875,0.375,7,14,4.6,3.0,451,721,494,0.0,0.0,7.0,12.0,36.1,1.3,0.4375,0.0,0.0,8.0,4.0,36.4,0.9,0.1875,-0.1,0.2,55.0,-364.0,16.0,16.0,466.0,0.125,0.0,-0.1875,0.0,0.0625,0.2000000000000007,0.0,-0.933799999999998,-1.7794999999999987,-1.8795000000000002,-1.1550999999999974,-1.8795000000000002,0.12203106830907062,0.3655133376499422,-1.0,4.0,0.25,0.08433734939759036,0.25301204819277107,3.0,0.3333333333333333,,
1401,202305050708,2,2,1,21,5,5,3,59,0,1,0,2,1,1,0,7,2,5,2,20,0,1,0,1,0,0,0,0,0,2,0,1,0,0,0,0,0.0,0.0,30.0,5.0,35.5,1.3,0.6875,0.0,0.0,10.0,2.0,35.8,0.1,0.8125,0.0,0.0,30.0,3.0,36.7,0.4,0.9375,-1.0,6.0,100.0,0.15086206896551724,0.33620689655172414,8,16,28.9,8.0,1670,1721,882,0.0,0.0,10.0,1.0,35.9,0.0,0.5,0.0,0.0,20.0,2.0,35.6,0.4,0.6428571428571429,-0.7,0.8,58.0,13.0,16.0,16.0,472.0,0.0,0.0,-0.0625,0.0,-0.14285714285714285,-0.030000000000000426,0.0,-2.0914,-1.791400000000003,-1.168299999999995,-1.6914000000000016,-1.817700000000002,0.14912585425794972,0.4242640687119295,0.0,0.0,,0.043478260869565216,0.14492753623188406,0.0,,0.07435897435897434,0.02314814814814814
1402,202305050708,13,10,14,133,8,2,7,62,1,0,0,0,4,1,3,20,3,2,2,19,0,0,0,0,1,0,0,3,1,0,0,1,0,0,0,0,0.0,0.0,50.0,15.0,41.4,3.9,0.4666666666666667,0.0,0.0,40.0,5.0,35.6,0.8,0.7777777777777778,0.0,0.0,10.0,1.0,36.8,0.0,0.75,-7.0,-6.0,-400.0,0.1493212669683258,0.35294117647058826,6,11,40.0,10.0,1691,1110,1167,0.0,0.0,10.0,4.0,39.4,1.7,0.5,0.0,0.0,30.0,2.0,38.0,0.5,0.25,-2.6999999999999997,0.4,57.0,83.0,16.0,15.0,520.0,0.06666666666666667,0.0,-0.08333333333333333,-0.08333333333333333,0.0,0.3,0.0,1.7740999999999971,-2.352399999999996,-1.2726000000000042,-0.22590000000000288,-0.07260000000000133,0.19561236548558017,2.0214846029589237,2.0,0.0,,0.034482758620689655,0.13793103448275862,0.0,,-0.0021298174442190843,0.048961069978504884
1403,202305050708,4,5,4,48,29,23,21,228,1,1,0,2,2,1,2,16,13,9,13,81,0,0,0,0,0,0,1,0,3,1,2,14,0,0,0,0,0.0,0.0,1.0,1.0,35.5,0.0,0.3333333333333333,0.0,0.0,3.0,2.0,36.4,0.5,0.375,0.0,0.0,5.0,3.0,36.5,0.6,0.5625,1.0,4.0,-200.0,0.08163265306122448,0.1836734693877551,6,12,23.5,6.0,1467,1556,336,0.0,0.0,6.0,5.0,36.8,0.8,0.4375,0.0,0.0,7.0,3.0,36.1,0.3,0.1875,0.7,0.8,56.0,-176.0,16.0,15.0,506.0,-0.06666666666666667,0.0,0.0,0.0,0.0,-0.16000000000000014,0.0,-2.5726000000000013,-1.8795000000000002,-1.7794999999999987,-1.4795000000000016,-2.1794999999999973,0.12318121249245403,0.4409081537009712,0.0,4.0,0.75,0.08421052631578947,0.30526315789473685,4.0,0.75,0.12021857923497267,-0.01480214466629387
1404,202305050708,4,6,6,91,11,13,6,86,1,1,0,3,2,2,2,33,4,8,2,42,0,0,0,0,0,1,2,1,0,2,0,12,0,0,0,0,0.0,0.0,9.0,14.0,40.3,1.9,0.14285714285714285,0.0,0.0,3.0,8.0,38.7,0.9,0.2727272727272727,0.0,0.0,3.0,11.0,38.0,1.8,0.07692307692307693,-1.5,4.0,-300.0,0.24550898203592814,0.49101796407185627,4,7,3.5,2.0,1403,1393,939,0.0,0.0,2.0,6.0,37.1,1.1,0.3333333333333333,0.0,0.0,1.0,6.0,39.6,0.6,0.125,-1.8,0.0,58.0,-232.0,16.0,14.0,496.0,0.0,0.0,0.0,-0.06666666666666667,-0.0625,0.29999999999999927,0.0,0.9073999999999955,-0.6925999999999988,-0.07260000000000133,-0.8166999999999973,-0.025900000000000034,0.09656287507303653,1.1324310133513642,0.0,0.0,,0.0851063829787234,0.30851063829787234,0.0,,0.06668350593584241,-0.10199418363107604
1405,202305050708,0,0,0,8,0,0,1,4,0,0,0,0,0,0,0,3,0,0,0,3,0,0,0,0,0,0,0,0,0,0,0,0,0,0,0,0,0.0,0.0,2.0,1.0,35.8,0.0,0.7333333333333333,0.0,0.0,4.0,3.0,35.9,0.4,0.7333333333333333,0.0,0.0,3.0,4.0,37.6,0.7,0.5,1.5,-6.0,200.0,0.0425531914893617,0.10638297872340426,3,5,57.3,11.0,1023,1317,1327,0.0,0.0,12.0,3.0,35.9,0.3,0.5,0.0,0.0,6.0,4.0,35.9,1.0,0.6875,0.6,0.6,57.0,-259.0,16.0,15.0,506.0,-0.13333333333333333,0.0,0.0,-0.0625,0.0,-0.020000000000000285,0.0,-2.1111000000000004,-2.011099999999999,-1.6094000000000008,-1.7642999999999986,-2.3795,0.1081280105553906,0.6910861017268412,-1.0,2.0,0.5,0.05405405405405406,0.10810810810810811,1.0,0.0,0.14285714285714285,
1406,202305050708,5,9,5,81,0,1,0,9,0,0,0,0,0,7,3,29,0,0,0,2,0,0,0,0,0,2,0,1,0,0,0,0,0,0,0,0,0.0,0.0,30.0,4.0,36.0,0.5,1.0,0.0,0.0,20.0,1.0,35.9,0.0,0.75,0.0,0.0,50.0,2.0,36.0,0.1,0.6875,-1.0,0.0,0.0,0.042328042328042326,0.1693121693121693,7,13,14.4,4.0,1020,1169,1576,0.0,0.0,60.0,8.0,37.6,0.5,0.6666666666666666,0.0,0.0,90.0,6.0,36.0,0.8,1.0,1.1,0.4,57.0,28.0,16.0,11.0,514.0,-0.18181818181818182,-0.0625,-0.0625,0.06666666666666667,-0.125,-0.1700000000000003,0.0,-2.2794999999999987,-2.011099999999999,-1.8682999999999979,-0.31109999999999616,-1.4177000000000035,0.1488380924957646,0.651152823843989,1.0,1.0,0.0,0.013157894736842105,0.039473684210526314,1.0,0.0,0.16294117647058826,0.1857142857142857
1407,202305050708,1,2,1,57,4,1,0,34,1,0,0,2,0,0,0,16,1,1,0,18,0,0,0,1,0,0,0,0,0,0,0,2,0,0,0,0,0.0,0.0,4.0,3.0,37.1,0.9,0.5555555555555556,0.0,0.0,16.0,7.0,36.5,1.6,0.75,0.0,0.0,12.0,9.0,36.0,0.7,0.9375,3.0,-5.0,0.0,0.024390243902439025,0.1951219512195122,8,15,170.5,13.0,1655,1313,239,0.0,0.0,10.0,7.0,36.5,1.0,0.4,0.0,0.0,14.0,6.0,36.3,0.5,0.7333333333333333,0.6,0.2,56.0,-281.0,16.0,9.0,481.0,-0.2222222222222222,0.0,-0.0625,0.0,-0.06666666666666667,0.16000000000000086,0.0,-0.5642999999999958,-1.7794999999999987,-1.8211000000000013,-1.6537999999999968,-1.5211000000000041,0.18320786952745813,0.36000000000000076,2.0,3.0,0.3333333333333333,0.0,0.041666666666666664,1.0,0.0,0.08336239972096267,0.0905448717948718
1408,202305050708,43,41,42,253,2,3,0,7,1,0,0,0,13,15,18,95,0,1,0,3,0,0,0,0,3,3,5,19,0,0,0,0,0,0,0,0,0.0,0.0,10.0,1.0,36.4,0.0,0.45454545454545453,0.0,0.0,10.0,5.0,37.3,0.5,0.2,0.0,0.0,10.0,2.0,35.2,0.0,0.0625,0.5,-4.0,-200.0,0.08163265306122448,0.22959183673469388,1,2,38.4,9.0,1576,12,1577,0.0,0.0,20.0,3.0,37.7,0.4,0.1875,0.0,0.0,10.0,1.0,36.3,0.0,0.2,-0.2,0.8,55.0,21.0,16.0,11.0,456.0,0.0,0.0,0.0,0.0625,0.0,-0.020000000000000285,0.0,-1.6726000000000028,-0.7726000000000042,-2.055099999999996,-0.3725999999999985,-1.7726000000000042,0.12780448976192418,0.8704022058795574,0.0,0.0,,0.10256410256410256,0.24358974358974358,0.0,,-0.03389267477838315,-0.19444444444444448
1409,202305050708,3,2,1,57,8,2,7,62,0,0,0,0,0,0,0,17,3,2,2,19,0,0,0,0,0,0,0,2,1,0,0,1,0,0,0,0,0.0,0.0,3.0,6.0,42.9,2.0,0.18181818181818182,0.0,0.0,7.0,11.0,35.2,1.2,0.7692307692307693,0.0,0.0,16.0,9.0,37.3,1.3,0.5,1.5,12.0,0.0,0.0,0.09090909090909091,2,4,187.3,14.0,1489,1110,565,0.0,0.0,14.0,11.0,37.7,1.3,0.1875,0.0,0.0,12.0,13.0,39.9,3.3,0.5714285714285714,1.4,0.0,58.0,-308.0,16.0,11.0,502.0,0.09090909090909091,0.0,0.0,0.0,0.21428571428571427,0.35,0.0,4.6205,-0.09129999999999683,-0.9795000000000016,-0.5794999999999959,3.0497000000000014,0.22788618204917588,2.616868357407379,2.0,3.0,0.0,0.08928571428571429,0.125,3.0,0.0,0.022408963585434177,0.048961069978504884
1410,202305050708,9,2,4,101,4,3,1,34,1,1,1,2,3,1,2,27,3,1,1,12,1,1,1,2,0,1,1,12,1,1,0,1,0,1,0,1,0.0,0.0,20.0,3.0,35.9,0.4,0.8181818181818182,0.0,0.0,30.0,7.0,35.4,0.7,0.7142857142857143,0.0,0.0,10.0,9.0,36.1,0.4,0.4666666666666667,3.0,-2.0,0.0,0.10843373493975904,0.3192771084337349,1,1,26.7,7.0,1557,1541,1559,0.0,0.0,10.0,2.0,36.0,0.3,0.5625,0.0,0.0,10.0,7.0,34.7,0.8,1.0,0.3,0.4,58.0,28.0,16.0,11.0,514.0,0.0,0.0,0.0,0.0625,0.0,0.179999999999999,0.0,-2.3795,-2.8795,-2.1794999999999973,-2.2794999999999987,-3.433799999999998,0.18802231959279464,0.519230199429886,0.0,5.0,0.4,0.06382978723404255,0.3049645390070922,4.0,0.5,0.005824790307548927,0.0367965367965368
1411,202305050708,6,13,11,107,20,25,21,205,1,1,0,2,2,4,4,38,5,4,2,61,1,1,0,0,0,0,0,7,1,1,1,5,0,0,0,0,0.0,0.0,50.0,9.0,37.7,0.9,0.625,0.0,0.0,110.0,8.0,35.2,0.6,0.9285714285714286,0.0,0.0,40.0,6.0,35.0,0.6,0.9090909090909091,-1.5,-10.0,0.0,0.037037037037037035,0.1111111111111111,5,9,71.6,12.0,1393,1167,1263,0.0,0.0,20.0,8.0,37.9,1.0,0.1875,0.0,0.0,70.0,2.0,36.0,0.2,0.125,-1.4,0.2,57.0,55.0,16.0,16.0,510.0,-0.125,0.0,-0.09090909090909091,0.0,0.0,0.07000000000000099,0.0,0.035700000000005616,0.04690000000000083,-1.4410999999999987,-0.37950000000000017,-2.133800000000001,0.3434507909075247,1.2240914998479482,-1.0,3.0,0.3333333333333333,0.0,0.047619047619047616,1.0,0.0,-0.03920282129090463,0.019083827201908404
1412,202305050708,0,0,0,0,0,0,0,0,0,0,0,0,0,0,0,0,0,0,0,0,0,0,0,0,0,0,0,0,0,0,0,0,0,0,0,0,0.0,0.0,30.0,15.0,38.2,2.5,0.6,0.0,0.0,60.0,9.0,39.3,2.2,0.7272727272727273,0.0,0.0,60.0,9.0,35.1,2.1,0.4,-3.0,8.0,200.0,0.08,0.24571428571428572,5,10,22.4,5.0,943,385,115,0.0,0.0,20.0,1.0,37.8,0.0,0.08333333333333333,0.0,0.0,10.0,1.0,37.8,0.0,0.09090909090909091,-3.6,0.4,57.0,104.0,16.0,15.0,466.0,0.13333333333333333,0.18181818181818182,0.0,0.0,0.0,0.23000000000000115,0.0,0.28890000000000526,1.6357,-0.05310000000000059,-0.11110000000000042,-0.33380000000000365,0.2611446161806652,1.383618444514237,1.0,2.0,0.5,0.09803921568627451,0.1568627450980392,0.0,,,
1413,202305050708,16,16,15,141,7,1,4,51,1,0,0,3,9,9,7,56,4,0,2,21,1,0,0,2,0,2,0,3,1,0,0,2,0,0,0,1,0.0,0.0,8.0,8.0,13.6,4.9,1.0,0.0,0.0,12.0,10.0,13.7,8.3,0.6923076923076923,0.0,0.0,7.0,6.0,14.0,5.3,0.8888888888888888,-1.0,10.0,-1370.0,0.0,0.06976744186046512,2,3,391.7,15.0,1278,1170,625,0.0,0.0,15.0,15.0,38.9,2.4,0.1875,0.0,0.0,10.0,8.0,40.5,3.1,0.1,0.5,0.0,58.0,-231.0,16.0,8.0,488.0,0.0,0.15384615384615385,-0.1111111111111111,0.0,0.3,-7.9,0.0,,,,0.6204999999999998,2.346200000000003,0.3657008702819109,12.715439434010921,1.0,2.0,0.0,0.027777777777777776,0.1388888888888889,1.0,0.0,0.010563380281690127,0.10952380952380952
1414,202305050708,5,4,5,75,0,1,1,4,0,1,1,2,3,3,2,27,0,1,0,3,0,1,0,2,0,1,0,8,0,0,0,2,0,0,0,2,0.0,0.0,100.0,14.0,41.7,2.7,0.8571428571428571,0.0,0.0,160.0,16.0,38.1,2.4,0.4375,0.0,0.0,150.0,15.0,37.7,2.5,0.25,0.5,-20.0,-600.0,0.0,0.375,3,6,447.9,16.0,1348,1365,1221,0.0,0.0,150.0,13.0,38.1,1.2,0.5,0.0,0.0,90.0,8.0,36.7,1.1,0.125,-1.5,0.0,58.0,-243.0,16.0,14.0,504.0,0.14285714285714285,0.125,0.0,-0.0625,0.0,1.0,0.0,2.3711000000000055,-0.17949999999999733,-0.5794999999999959,0.27890000000000015,-1.216699999999996,0.2501020200001657,1.6989408465276243,2.0,2.0,0.0,0.01639344262295082,0.08196721311475409,2.0,0.0,0.03966632618318011,
1415,202305050710,9,7,10,114,11,8,5,58,0,0,0,0,3,1,0,26,2,1,0,16,0,0,0,0,0,0,0,1,0,0,0,2,0,0,0,0,0.0,0.0,7.0,5.0,39.1,1.7,0.6,0.0,0.0,10.0,14.0,37.1,1.3,0.6,0.0,0.0,7.0,7.0,37.2,0.9,0.2,1.0,14.0,-200.0,0.0625,0.1875,2,3,7.1,3.0,1503,334,1263,0.0,0.0,4.0,7.0,37.0,0.8,0.13333333333333333,0.0,0.0,12.0,3.0,38.5,0.3,0.25,-1.1,0.2,56.0,-310.0,16.0,10.0,518.0,0.1,0.0,0.0,0.0,0.0,0.13000000000000042,0.0,1.0274,-0.8110999999999962,-0.953799999999994,-1.1537999999999968,0.22050000000000125,0.20210008521632156,0.8565045242145541,1.0,3.0,0.3333333333333333,0.1111111111111111,0.2222222222222222,1.0,1.0,-0.017174959871589096,-0.028531983433041863
1416,202305050710,7,7,8,85,7,18,10,156,0,0,1,3,3,4,0,27,0,6,2,50,0,0,0,1,0,0,0,1,0,0,0,1,0,0,0,0,0.0,0.0,40.0,1.0,35.5,0.0,0.125,0.0,0.0,30.0,5.0,34.6,0.2,0.1111111111111111,0.0,0.0,30.0,4.0,35.1,0.3,0.26666666666666666,1.5,2.0,0.0,0.15021459227467812,0.33905579399141633,7,14,2.4,1.0,1605,1428,1,0.0,0.0,90.0,12.0,37.0,1.0,0.125,0.0,0.0,30.0,7.0,36.1,0.9,0.5,1.9,0.2,57.0,48.0,16.0,16.0,472.0,0.0,0.0,0.0,0.0,0.0,-0.36000000000000015,0.0,-2.7794999999999987,-0.5064999999999955,-0.05310000000000059,1.3500999999999976,-0.2616000000000014,0.14854645530175417,0.8309031231136391,1.0,1.0,1.0,0.23076923076923078,0.3076923076923077,1.0,1.0,0.056687605331699115,0.035063785856500246
1417,202305050710,12,9,9,59,2,1,1,5,2,1,1,3,5,4,1,17,2,1,1,2,2,1,1,1,0,1,1,1,0,0,1,1,0,0,1,1,0.0,0.0,30.0,2.0,36.0,0.5,0.6666666666666666,0.0,0.0,50.0,10.0,35.9,1.3,0.7857142857142857,0.0,0.0,20.0,5.0,36.6,0.5,0.6875,1.5,2.0,0.0,0.024096385542168676,0.1927710843373494,4,8,7.7,4.0,1463,852,1167,0.0,0.0,10.0,4.0,36.2,0.3,0.1875,0.0,0.0,10.0,4.0,36.0,0.2,0.375,-0.2,0.2,58.0,13.0,16.0,15.0,506.0,-0.13333333333333333,-0.14285714285714285,-0.0625,0.0,-0.125,-0.030000000000000426,0.0,-2.2794999999999987,-1.9984000000000037,-1.5337999999999994,-1.933799999999998,-2.2794999999999987,0.22345304690770182,0.24979991993593686,0.0,5.0,0.2,0.06593406593406594,0.18681318681318682,2.0,0.5,-0.03549135009809168,-0.1111111111111111
1418,202305050710,13,10,14,133,2,1,1,8,1,0,0,0,4,1,3,20,2,1,0,2,1,0,0,0,0,0,1,3,0,0,0,1,0,0,0,0,0.0,0.0,15.0,12.0,36.1,1.5,0.875,0.0,0.0,12.0,9.0,35.3,0.8,0.8125,0.0,0.0,4.0,6.0,37.4,1.1,0.13333333333333333,-3.0,0.0,0.0,0.047619047619047616,0.09523809523809523,2,4,22.8,7.0,1691,1648,1167,0.0,0.0,9.0,13.0,37.6,1.3,0.375,0.0,0.0,7.0,4.0,35.1,0.2,0.625,-1.2,0.0,58.0,-323.0,16.0,16.0,526.0,0.0625,0.0,0.0,0.25,0.0,-0.030000000000000426,0.0,-2.1794999999999973,-2.3643,-0.8795000000000002,-0.5537999999999954,-3.1794999999999973,0.27690752567920174,1.0373041983911955,0.0,5.0,0.0,0.1111111111111111,0.3333333333333333,3.0,0.0,-0.0021298174442190843,0.041666666666666685
1419,202305050710,6,2,13,58,9,12,12,108,0,0,2,5,1,1,3,17,3,7,5,42,0,0,0,2,0,0,1,2,1,0,0,1,0,0,0,0,0.0,0.0,40.0,16.0,42.3,4.5,0.0625,0.0,0.0,80.0,8.0,38.7,1.7,0.06666666666666667,0.0,0.0,20.0,1.0,35.3,0.0,0.0625,-7.5,4.0,-200.0,0.03932584269662921,0.1348314606741573,4,7,23.0,8.0,1426,1221,306,0.0,0.0,90.0,13.0,38.7,1.8,0.3125,0.0,0.0,110.0,13.0,37.2,2.1,0.0625,-0.1,0.2,55.0,48.0,16.0,16.0,470.0,0.0,0.0,0.0,0.25,0.0,1.019999999999999,0.0,4.227399999999996,0.6274000000000015,-1.9551000000000016,0.4205000000000041,1.5501000000000005,0.09959640778885774,2.299217258111986,2.0,1.0,0.0,0.13529411764705881,0.3058823529411765,1.0,0.0,0.050843881856540096,-0.024042553191489374
1420,202305050710,17,18,10,162,5,11,7,79,0,0,0,5,10,9,5,93,1,3,1,21,0,0,0,0,1,0,0,4,0,0,0,0,0,0,0,0,0.0,0.0,11.0,9.0,37.2,1.8,1.0,0.0,0.0,14.0,14.0,38.2,1.8,0.9285714285714286,0.0,0.0,12.0,9.0,38.5,2.1,0.6153846153846154,0.0,2.0,0.0,0.044642857142857144,0.17410714285714285,6,12,243.0,16.0,1172,1039,1556,0.0,0.0,14.0,13.0,40.3,3.1,0.5,0.0,0.0,14.0,11.0,38.3,1.8,0.5714285714285714,0.3,0.0,58.0,-113.0,16.0,11.0,472.0,0.0,-0.2857142857142857,0.15384615384615385,0.35714285714285715,-0.07142857142857142,-0.4299999999999983,0.0,-0.953799999999994,-0.8386999999999958,-0.31280000000000285,1.0822000000000003,-0.7387000000000015,0.20162963652409832,1.0059821071967414,0.0,1.0,0.0,0.0,0.17647058823529413,0.0,,0.01460869565217393,0.034783776524308335
1421,202305050710,43,41,42,253,0,0,1,23,0,0,0,2,13,15,18,95,0,0,1,11,0,0,0,2,0,1,2,8,0,0,0,0,0,0,0,0,0.0,0.0,100.0,10.0,38.8,1.3,0.9166666666666666,0.0,0.0,150.0,13.0,35.7,1.4,0.8666666666666667,0.0,0.0,150.0,11.0,37.6,2.1,0.6666666666666666,0.5,2.0,200.0,0.08121827411167512,0.22842639593908629,5,9,55.2,12.0,1576,1522,1577,0.0,0.0,150.0,15.0,36.2,2.1,1.0,0.0,0.0,140.0,12.0,38.4,2.3,0.5625,0.6,0.0,58.0,-304.0,16.0,12.0,524.0,0.08333333333333333,0.13333333333333333,0.0,0.0,0.0,0.029999999999999714,0.0,0.8888999999999996,-2.453799999999994,-0.6794999999999973,-1.6210999999999984,0.32739999999999725,0.16260893784373193,1.2092973166264758,1.0,2.0,0.0,0.1,0.2714285714285714,1.0,0.0,-0.03389267477838315,0.05357142857142857
1422,202305050710,2,3,2,4,0,1,0,1,0,1,0,1,1,1,0,2,0,1,0,0,0,1,0,0,1,1,0,0,0,1,0,0,0,1,0,0,0.0,0.0,110.0,12.0,37.0,1.2,0.2,0.0,0.0,90.0,13.0,37.6,1.6,0.0625,0.0,0.0,60.0,7.0,37.8,0.7,0.21428571428571427,-2.5,4.0,0.0,0.06159420289855073,0.2427536231884058,1,1,82.3,14.0,225,173,1551,0.0,0.0,60.0,12.0,37.9,1.4,0.0625,0.0,0.0,80.0,7.0,37.7,0.6,0.1875,-1.1,0.0,58.0,13.0,16.0,15.0,492.0,0.13333333333333333,0.0,-0.07142857142857142,0.0,0.0,-0.1700000000000003,0.0,-1.2794999999999987,0.008600000000001273,-0.33380000000000365,-0.011099999999999,-0.43379999999999797,0.0681815553489059,0.3162277660168375,0.0,3.0,0.0,0.0,0.42857142857142855,1.0,0.0,-0.23636363636363633,
1423,202305050710,4,0,7,35,2,1,5,55,0,0,2,2,1,0,3,12,0,0,1,15,0,0,0,0,0,0,0,0,0,0,0,3,0,0,0,0,0.0,0.0,10.0,4.0,36.6,0.7,0.2,0.0,0.0,10.0,1.0,35.5,0.0,0.21428571428571427,0.0,0.0,10.0,9.0,37.1,1.5,0.8125,2.5,-10.0,0.0,0.08,0.18,3,5,6.0,2.0,1204,1014,1221,0.0,0.0,10.0,1.0,37.0,0.0,0.125,0.0,0.0,30.0,2.0,37.0,0.4,0.3125,-0.4,0.6,57.0,13.0,16.0,15.0,514.0,0.0,0.14285714285714285,0.0625,0.0,-0.0625,-0.2299999999999997,0.0,-1.6794999999999973,-2.7794999999999987,-0.7738999999999976,-1.1338000000000008,-1.1338000000000008,0.24713821217765444,0.5953150426454888,0.0,4.0,0.75,0.15789473684210525,0.3684210526315789,2.0,0.5,-0.10755148741418766,-0.001984126984126977
1424,202305050710,4,5,4,48,18,15,24,255,1,0,0,3,2,1,2,16,3,4,10,79,0,0,0,0,0,0,0,0,0,0,1,2,0,0,0,0,0.0,0.0,60.0,6.0,35.2,1.0,1.0,0.0,0.0,60.0,6.0,34.9,0.9,1.0,0.0,0.0,30.0,8.0,36.6,1.2,1.0,1.0,0.0,100.0,0.07954545454545454,0.24431818181818182,8,16,9.8,5.0,1467,1263,336,0.0,0.0,30.0,13.0,36.3,1.7,1.0,0.0,0.0,30.0,5.0,35.0,0.2,0.875,0.5,0.0,58.0,27.0,16.0,16.0,476.0,0.0,0.0,0.0,0.0,-0.125,-0.09999999999999928,0.0,-2.3913999999999973,-2.9984000000000037,-1.3110999999999962,-1.6111000000000004,-2.4177000000000035,0.049999999999999996,0.7071067811865474,0.0,1.0,0.0,0.0,0.16666666666666666,0.0,,0.12021857923497267,0.03282493368700265
1425,202305050710,43,41,42,253,20,25,21,205,1,4,1,7,13,15,18,95,5,4,2,61,0,1,0,4,0,1,2,8,0,0,0,7,0,0,0,1,0.0,0.0,20.0,12.0,38.0,1.4,0.4166666666666667,0.0,0.0,60.0,2.0,37.1,0.0,0.625,0.0,0.0,90.0,6.0,36.8,0.7,0.5625,-3.0,-2.0,-400.0,0.04265402843601896,0.1990521327014218,3,6,13.8,6.0,1576,1167,1577,0.0,0.0,90.0,6.0,38.1,0.4,0.0625,0.0,0.0,140.0,8.0,37.3,0.7,0.4375,-0.4,0.2,58.0,55.0,16.0,12.0,526.0,-0.08333333333333333,-0.1875,0.0625,0.0625,-0.25,0.04000000000000057,0.0,-1.0386999999999986,-2.2926,-1.2726000000000042,-0.9837999999999951,-1.9764000000000053,0.19516730714383945,0.5083306010855545,0.0,0.0,,0.1724137931034483,0.4827586206896552,0.0,,-0.03389267477838315,0.019083827201908404
1426,202305050710,6,7,7,42,24,19,11,236,0,1,0,3,3,5,4,18,7,2,1,59,0,0,0,0,0,0,0,0,0,0,0,2,0,0,0,0,0.0,0.0,9.0,12.0,37.0,1.5,0.3125,0.0,0.0,11.0,6.0,36.5,0.6,0.07692307692307693,0.0,0.0,14.0,11.0,38.7,1.4,0.14285714285714285,-0.5,2.0,0.0,0.08176100628930817,0.27044025157232704,8,15,27.4,9.0,1148,1294,1393,0.0,0.0,10.0,14.0,40.8,2.9,0.14285714285714285,0.0,0.0,6.0,7.0,38.6,1.1,0.4,-0.2,0.0,58.0,0.0,16.0,16.0,508.0,-0.125,0.0,0.0,0.0,-0.2,-0.75,0.0,-1.2794999999999987,-1.5726000000000013,0.546200000000006,1.1740999999999957,-1.0259,0.12100055089639972,1.5118200951171399,0.0,2.0,0.0,0.0,0.0,1.0,0.0,-0.08345021037868161,0.05268199233716475
1427,202305050710,0,0,1,11,1,4,3,25,0,0,0,0,0,0,1,7,0,2,1,9,0,0,0,0,0,0,0,0,0,0,0,0,0,0,0,0,0.0,0.0,120.0,10.0,35.6,1.2,0.8666666666666667,0.0,0.0,170.0,6.0,33.5,0.4,0.6470588235294118,0.0,0.0,120.0,10.0,35.2,1.0,0.9166666666666666,0.0,-10.0,-200.0,0.0,0.3333333333333333,6,11,79.1,13.0,1432,1145,1428,0.0,0.0,120.0,14.0,35.0,1.7,1.0,0.0,0.0,100.0,11.0,35.3,1.0,0.5625,1.0,0.0,56.0,56.0,16.0,15.0,476.0,-0.06666666666666667,0.0,-0.08333333333333333,-0.07142857142857142,0.0,-0.08999999999999915,0.0,0.5253000000000014,-1.5747,-1.1748999999999938,-0.4592000000000027,0.22529999999999717,0.1660377696362791,0.7359347797189641,2.0,0.0,,0.028985507246376812,0.10144927536231885,0.0,,0.027777777777777776,0.09090909090909088
1428,202305050710,20,10,20,146,10,14,7,96,0,0,0,3,13,5,8,64,6,9,2,45,0,0,0,0,3,0,0,5,0,0,0,0,0,0,0,0,0.0,0.0,15.0,14.0,36.8,2.2,0.75,0.0,0.0,11.0,11.0,34.5,0.9,0.16666666666666666,0.0,0.0,9.0,15.0,36.9,2.1,0.375,0.5,-4.0,0.0,0.0,0.06818181818181818,5,10,139.5,15.0,1716,1362,1167,0.0,0.0,16.0,5.0,34.0,0.1,0.4444444444444444,0.0,0.0,15.0,11.0,34.3,0.5,0.5625,-1.2,0.0,56.0,0.0,16.0,16.0,462.0,0.0625,0.0,-0.0625,0.0,-0.1875,0.55,0.0,-1.4795000000000016,-0.6064999999999969,1.7468999999999966,-1.106499999999997,-0.8531000000000049,0.19396766944551214,1.2759310326189257,0.0,1.0,0.0,0.06521739130434782,0.21739130434782608,1.0,0.0,0.03502141597379693,-0.033568172399502716
1429,202305050710,6,2,13,58,3,2,4,22,2,0,2,1,1,1,3,17,1,1,1,7,0,0,0,0,0,0,1,2,0,0,0,0,0,0,0,0,0.0,0.0,10.0,6.0,40.9,1.5,0.18181818181818182,0.0,0.0,10.0,15.0,36.6,2.6,1.0,0.0,0.0,6.0,9.0,36.7,1.6,0.5384615384615384,1.5,-3.0,0.0,0.10778443113772455,0.31736526946107785,7,13,34.0,10.0,1426,1,306,0.0,0.0,7.0,10.0,36.0,0.6,1.0,0.0,0.0,2.0,11.0,36.2,1.5,0.8666666666666667,0.5,0.0,58.0,-238.0,16.0,11.0,471.0,0.18181818181818182,0.0,0.07692307692307693,0.0,0.13333333333333333,0.9999999999999993,0.0,2.7462000000000018,-1.6794999999999973,-1.3725999999999985,-2.0726000000000013,-1.8725999999999985,0.31650368534587375,1.8280043763623752,2.0,2.0,0.0,0.022222222222222223,0.2222222222222222,1.0,0.0,0.050843881856540096,-0.0903225806451613
1430,202305050710,12,9,9,59,3,1,0,7,3,0,0,5,5,4,1,17,3,0,0,5,3,0,0,4,0,1,1,1,0,0,0,0,0,0,0,0,0.0,0.0,7.0,10.0,42.3,4.5,1.0,0.0,0.0,15.0,16.0,41.7,7.1,1.0,0.0,0.0,11.0,16.0,38.4,3.3,0.1875,3.0,6.0,0.0,0.03571428571428571,0.10714285714285714,1,2,54.3,11.0,1463,760,1167,0.0,0.0,12.0,14.0,38.8,4.1,0.42857142857142855,0.0,0.0,11.0,9.0,37.8,1.2,0.375,-0.4,0.0,58.0,-189.0,16.0,10.0,534.0,0.0,0.0,0.25,0.14285714285714285,-0.0625,1.1900000000000006,0.0,4.1462,3.546200000000006,0.12049999999999983,0.6462000000000003,-0.35379999999999967,0.3376841901020804,1.8341210428976609,2.0,5.0,0.0,0.12658227848101267,0.22784810126582278,1.0,0.0,-0.03549135009809168,-0.03030303030303033
1431,202305050801,4,0,7,35,7,4,4,70,1,0,0,1,1,0,3,12,1,0,0,27,0,0,0,1,1,0,2,7,1,0,0,12,0,0,0,0,0.0,0.0,30.0,4.0,39.0,0.2,0.26666666666666666,0.0,0.0,10.0,5.0,40.0,0.7,0.6,0.0,0.0,70.0,3.0,39.3,1.1,0.7142857142857143,-0.5,-6.0,-300.0,0.11764705882352941,0.23529411764705882,1,2,10.2,4.0,1204,1503,1221,,,,,,,,,,,,,,,-0.5,0.3333333333333333,56.0,14.0,16.0,15.0,452.0,0.0,-0.4,-0.21428571428571427,,,-0.14999999999999858,0.0,-0.3926000000000016,0.9613000000000014,-0.3259000000000043,,,0.1898932879839769,0.4189935029992181,1.0,0.0,,0.08333333333333333,0.3020833333333333,0.0,,-0.10755148741418766,0.016511867905056737
1432,202305050801,12,17,21,171,29,23,21,228,1,2,2,4,1,5,12,77,13,9,13,81,0,1,2,2,1,3,5,32,5,3,6,21,0,1,2,1,0.0,0.0,30.0,3.0,37.4,0.5,0.5,0.0,0.0,50.0,5.0,39.8,1.0,0.5714285714285714,0.0,0.0,20.0,4.0,37.2,1.0,0.7692307692307693,0.5,4.0,0.0,0.14957264957264957,0.3418803418803419,3,5,9.1,3.0,1520,1556,695,0.0,0.0,150.0,7.0,33.8,0.7,1.0,,,,,,,,1.1,0.25,56.0,14.0,16.0,14.0,486.0,0.0,-0.35714285714285715,-0.15384615384615385,-0.125,,1.3399999999999999,0.0,-0.8795000000000002,0.40739999999999554,-0.6233000000000004,-1.3064999999999998,,0.194235820690642,2.1371710273162514,0.0,1.0,1.0,0.027777777777777776,0.09722222222222222,1.0,1.0,0.0023270846800258482,-0.01480214466629387
1433,202305050801,0,0,0,0,7,4,6,38,0,0,0,0,0,0,0,0,5,1,4,20,0,0,0,0,0,0,0,0,1,0,0,7,0,0,0,0,0.0,0.0,13.0,13.0,40.3,3.6,0.07692307692307693,0.0,0.0,12.0,13.0,38.0,3.0,0.9285714285714286,0.0,0.0,11.0,11.0,39.7,2.4,0.42857142857142855,-1.0,-2.0,-200.0,0.24404761904761904,0.4880952380952381,7,13,1.7,1.0,1564,1542,334,0.0,0.0,6.0,14.0,37.8,1.8,0.3125,0.0,0.0,13.0,12.0,36.9,1.3,0.6875,-0.1,0.0,56.0,-336.0,16.0,13.0,488.0,0.0,0.0,0.21428571428571427,0.0,-0.0625,0.7,0.0,2.227399999999996,0.40859999999999985,0.30740000000000123,-0.4795000000000016,-1.3795000000000002,0.29570682536397386,1.2626955294131683,0.0,2.0,0.0,0.10434782608695652,0.25217391304347825,2.0,0.0,,-0.1937062937062937
1434,202305050801,0,0,0,0,0,0,1,4,0,0,0,0,0,0,0,0,0,0,0,3,0,0,0,0,0,0,0,0,0,0,0,2,0,0,0,0,0.0,0.0,100.0,3.0,36.5,0.7,0.6875,,,,,,,,,,,,,,,,,100.0,0.02830188679245283,0.16037735849056603,2,4,18.0,6.0,1479,1317,857,,,,,,,,,,,,,,,,1.0,55.0,14.0,16.0,16.0,458.0,0.0625,,,,,,,-1.0914000000000001,,,,,,,0.0,0.0,,0.07407407407407407,0.07407407407407407,0.0,,,
1435,202305050801,4,5,4,48,7,4,4,70,0,0,0,0,2,1,2,16,1,0,0,27,0,0,0,0,2,1,1,6,1,0,0,12,0,0,0,0,0.0,0.0,12.0,15.0,35.3,1.8,0.7222222222222222,0.0,0.0,2.0,5.0,41.4,2.0,0.375,0.0,0.0,8.0,5.0,38.4,0.8,0.1875,-5.0,14.0,-200.0,0.0,0.2727272727272727,5,10,11.2,5.0,1467,1503,336,0.0,0.0,6.0,10.0,41.4,3.3,0.125,0.0,0.0,5.0,5.0,38.1,0.5,0.4375,-1.5,0.0,56.0,-279.0,16.0,18.0,494.0,0.05555555555555555,-0.125,0.0,-0.0625,0.0,-0.5600000000000008,0.0,0.22529999999999717,3.3273999999999972,0.32739999999999725,3.3273999999999972,-0.17949999999999733,0.21069952568398626,2.295560933628206,0.0,1.0,0.0,0.06382978723404255,0.2127659574468085,1.0,0.0,0.12021857923497267,0.016511867905056737
1436,202305050801,0,0,0,0,0,1,0,3,0,0,0,0,0,0,0,0,0,1,0,2,0,0,0,0,0,0,0,0,0,1,0,1,0,0,0,0,0.0,0.0,10.0,9.0,38.7,1.5,0.2,,,,,,,,,,,,,,,,,200.0,0.04,0.14,8,15,7.2,2.0,1479,1716,857,,,,,,,,,,,,,,,,0.0,56.0,78.0,16.0,15.0,520.0,0.06666666666666667,,,,,,,1.2822999999999993,,,,,,,1.0,0.0,,0.05970149253731343,0.2537313432835821,0.0,,,
1437,202305050801,0,0,0,5,11,13,6,86,0,0,0,0,0,0,0,0,4,8,2,42,0,0,0,0,0,0,0,0,1,4,1,18,0,0,0,0,0.0,0.0,2.0,2.0,41.9,1.3,0.625,0.0,0.0,8.0,13.0,35.5,1.5,0.8666666666666667,0.0,0.0,6.0,9.0,38.5,1.2,0.1875,3.5,2.0,-100.0,0.04093567251461988,0.18128654970760233,5,9,31.7,8.0,1537,1393,488,0.0,0.0,7.0,5.0,38.3,1.8,0.25,0.0,0.0,8.0,16.0,46.5,5.8,0.0625,2.0,0.2,56.0,-319.0,16.0,8.0,468.0,-0.25,0.0,0.0,-0.0625,0.0625,-1.2,0.0,,0.346899999999998,0.42739999999999867,0.02049999999999841,6.953299999999999,0.29998379585867263,3.7723202409127463,0.0,1.0,0.0,0.0,0.0875,1.0,0.0,,-0.10199418363107604
1438,202305050801,0,1,0,3,1,1,0,4,0,0,0,0,0,0,0,0,1,0,0,1,0,0,0,0,0,0,0,0,0,0,0,1,0,0,0,0,0.0,0.0,1.0,1.0,40.7,0.0,0.18181818181818182,0.0,0.0,7.0,11.0,39.3,2.7,0.625,0.0,0.0,9.0,9.0,38.5,1.5,0.75,4.0,-2.0,0.0,0.03888888888888889,0.13333333333333333,7,14,21.0,7.0,1381,1691,548,0.0,0.0,6.0,12.0,42.2,4.4,0.5333333333333333,0.0,0.0,12.0,6.0,38.9,1.4,0.1875,1.0999999999999999,0.2,54.0,-320.0,16.0,11.0,438.0,-0.09090909090909091,-0.0625,-0.1875,0.2,0.0,0.07000000000000028,0.0,3.0357000000000056,1.0204999999999984,0.42739999999999867,2.5741000000000014,0.6204999999999998,0.23162221861890336,1.3600000000000019,0.0,3.0,0.3333333333333333,0.04819277108433735,0.10843373493975904,2.0,0.0,,-0.20833333333333331
1439,202305050801,0,0,0,0,15,21,12,151,0,0,0,0,0,0,0,0,4,6,4,62,0,0,0,0,0,0,0,0,3,3,2,30,0,0,0,0,0.0,0.0,50.0,5.0,37.3,1.0,0.5625,0.0,0.0,,,,,,,,,,,,,,,100.0,0.042105263157894736,0.08421052631578947,1,1,64.2,10.0,1663,1482,1716,,,,,,,,,,,,,,,,0.0,55.0,14.0,16.0,16.0,478.0,-0.1875,,,,,,0.0,-0.291400000000003,,,,,,,0.0,0.0,,0.0,0.04081632653061224,0.0,,,-0.05872427832593624
1440,202305050801,0,0,0,3,0,0,0,2,0,0,0,0,0,0,0,1,0,0,0,0,0,0,0,0,0,0,0,1,0,0,0,0,0,0,0,0,0.0,0.0,10.0,13.0,43.1,3.9,0.21428571428571427,0.0,0.0,9.0,10.0,39.5,1.5,0.125,0.0,0.0,14.0,4.0,38.0,1.4,0.2,-4.5,4.0,0.0,0.04225352112676056,0.19718309859154928,6,12,53.3,9.0,548,397,257,0.0,0.0,13.0,13.0,39.5,2.4,0.1875,0.0,0.0,10.0,13.0,42.9,4.5,0.42857142857142855,0.3,0.0,55.0,-243.0,16.0,14.0,496.0,0.35714285714285715,0.0,0.0,0.0,0.42857142857142855,0.04000000000000057,0.0,4.820500000000003,1.2205000000000013,0.40859999999999985,1.2205000000000013,3.6905999999999963,0.10334704758674994,2.0356817039999155,2.0,3.0,0.0,0.0410958904109589,0.136986301369863,3.0,0.0,,
1441,202305050801,0,0,0,1,13,13,12,182,0,0,0,0,0,0,0,0,3,3,3,65,0,0,0,0,0,0,0,0,1,2,1,21,0,0,0,0,0.0,0.0,2.0,4.0,39.4,0.5,0.4444444444444444,0.0,0.0,12.0,6.0,33.4,0.6,0.3888888888888889,0.0,0.0,15.0,12.0,35.0,1.3,0.2222222222222222,4.0,6.0,-100.0,0.0,0.06521739130434782,4,7,173.1,11.0,1540,1405,1036,0.0,0.0,16.0,15.0,40.3,3.7,0.5,0.0,0.0,11.0,11.0,39.7,2.0,0.1875,2.3,0.0,55.0,-324.0,16.0,9.0,470.0,-0.1111111111111111,,0.0,0.0625,0.125,-0.7500000000000007,0.0,,-0.14339999999999975,-0.10649999999999693,2.0204999999999984,1.420500000000004,0.12300883236380293,2.8047103237232895,1.0,2.0,0.0,0.05555555555555555,0.2222222222222222,2.0,0.0,,0.04068736141906873
1442,202305050801,0,0,0,1,0,0,0,2,0,0,0,0,0,0,0,0,0,0,0,0,0,0,0,0,0,0,0,0,0,0,0,0,0,0,0,0,0.0,0.0,2.0,2.0,37.7,1.6,0.8181818181818182,0.0,0.0,13.0,6.0,40.5,3.0,0.8,0.0,0.0,14.0,6.0,40.2,2.4,0.625,2.0,4.0,-600.0,0.06451612903225806,0.0967741935483871,4,8,602.8,16.0,153,872,699,0.0,0.0,16.0,10.0,38.2,1.8,0.8125,0.0,0.0,16.0,12.0,39.4,2.6,0.875,2.4,0.2,54.0,-314.0,16.0,11.0,452.0,-0.6363636363636364,0.06666666666666667,0.0625,-0.0625,0.0625,-0.10999999999999943,0.0,-1.0970999999999975,1.6871999999999971,0.5741000000000014,0.37890000000000157,1.1204999999999998,0.08458821010788796,1.0936178491593844,-2.0,1.0,0.0,0.05263157894736842,0.10526315789473684,1.0,0.0,,
1443,202305050801,0,1,0,5,0,0,1,7,0,0,0,0,0,1,0,4,0,0,0,2,0,0,0,0,0,0,0,1,0,0,0,1,0,0,0,0,0.0,0.0,40.0,90.0,42.6,2.5,0.36363636363636365,0.0,0.0,110.0,90.0,35.8,1.0,0.5555555555555556,0.0,0.0,120.0,130.0,40.6,3.1,0.4375,20.0,11.0,-200.0,0.0,0.15,2,3,206.5,12.0,412,239,998,0.0,0.0,30.0,90.0,45.1,4.7,0.36363636363636365,0.0,0.0,60.0,90.0,34.7,1.2,0.25,0.0,0.0,53.0,-287.0,16.0,11.0,517.0,0.18181818181818182,0.05555555555555555,0.0625,0.36363636363636365,0.0,0.6499999999999992,0.0,4.683300000000003,-0.29480000000000217,2.3205000000000027,5.4741,-0.7591999999999999,0.10057069832052218,3.964139250833654,-1.0,1.0,0.0,0.021739130434782608,0.21739130434782608,1.0,0.0,,-0.125
1444,202305050801,0,0,0,2,0,0,0,7,0,0,0,0,0,0,0,1,0,0,0,2,0,0,0,0,0,0,0,1,0,0,0,2,0,0,0,0,0.0,0.0,8.0,11.0,38.4,2.2,0.8571428571428571,0.0,0.0,9.0,9.0,34.7,1.8,0.8125,0.0,0.0,6.0,4.0,33.0,0.3,0.625,-3.5,-14.0,200.0,0.0,0.0,3,6,349.7,14.0,1231,1236,1104,0.0,0.0,11.0,8.0,35.8,0.8,0.3888888888888889,0.0,0.0,15.0,10.0,35.6,0.5,0.4375,-0.3,0.0,56.0,-259.0,16.0,14.0,470.0,0.0,-0.0625,,-0.2222222222222222,0.0625,0.45,0.0,0.488900000000001,-0.45309999999999917,-0.5433999999999983,0.4345999999999961,0.4468999999999994,0.18970931105491953,1.7549928774784236,-1.0,0.0,,0.01282051282051282,0.038461538461538464,0.0,,,0.0
1445,202305050801,0,0,0,6,14,9,8,141,0,0,0,0,0,0,0,4,2,1,3,49,0,0,0,0,0,0,0,3,0,0,1,13,0,0,0,0,0.0,0.0,8.0,5.0,39.1,2.4,0.5,0.0,0.0,12.0,12.0,39.0,3.9,0.16666666666666666,0.0,0.0,14.0,12.0,37.6,3.2,0.7857142857142857,3.5,10.0,-100.0,0.03333333333333333,0.1,8,16,283.7,13.0,1246,1618,533,0.0,0.0,13.0,15.0,41.7,4.2,0.4375,0.0,0.0,7.0,10.0,38.5,4.3,0.6923076923076923,1.3,0.0,54.0,-322.0,16.0,12.0,436.0,0.0,0.5,0.07142857142857142,0.0625,0.15384615384615385,-0.15,0.0,,2.8342000000000027,1.702300000000001,3.420500000000004,3.0407999999999973,0.21553712813800524,1.3673331708109775,0.0,1.0,0.0,0.03225806451612903,0.14516129032258066,1.0,0.0,,0.06466540104413859
1446,202305050801,2,1,1,28,29,23,21,228,0,0,0,0,2,1,0,15,13,9,13,81,0,0,0,0,1,1,0,7,5,3,6,21,0,0,0,0,0.0,0.0,6.0,5.0,41.4,3.2,0.3333333333333333,0.0,0.0,15.0,16.0,42.8,6.5,0.875,0.0,0.0,16.0,16.0,37.8,4.0,0.5,5.5,-10.0,0.0,0.0,0.11764705882352941,6,11,573.1,15.0,1507,1556,593,,,,,,,,,,,,,,,5.5,0.0,52.0,-46.0,16.0,6.0,426.0,0.5,0.125,0.125,,,1.8000000000000007,0.0,3.1205,4.520499999999998,2.3407999999999944,,,0.22652092264305682,2.106075866524175,1.0,2.0,0.0,0.016129032258064516,0.04838709677419355,2.0,0.0,-0.125,-0.01480214466629387
1447,202305050807,4,5,4,48,17,25,19,185,0,1,1,0,2,1,2,16,7,6,8,58,0,0,1,0,0,0,0,5,0,1,0,15,0,0,0,0,0.0,0.0,90.0,4.0,37.4,0.5,0.25,0.0,0.0,80.0,7.0,37.7,0.5,0.6,0.0,0.0,20.0,5.0,37.3,0.5,0.25,0.5,12.0,100.0,0.10454545454545454,0.2590909090909091,7,14,7.7,4.0,1467,1183,336,0.0,0.0,50.0,3.0,37.3,0.4,0.1875,0.0,0.0,60.0,7.0,38.5,0.9,0.125,0.2,0.2,58.0,15.0,16.0,16.0,480.0,-0.125,-0.06666666666666667,0.0625,0.0,0.0,-0.17999999999999972,0.0,-0.19140000000000157,-0.21109999999999474,-0.9795000000000016,-0.291400000000003,0.22050000000000125,0.1653783540854123,0.45431266766402295,0.0,2.0,0.0,0.1346153846153846,0.3076923076923077,2.0,0.0,0.12021857923497267,-0.0538498326159732
1448,202305050807,10,7,13,98,3,10,5,95,0,0,0,6,1,1,0,26,2,5,4,40,0,0,0,1,0,0,0,12,0,2,0,13,0,0,0,1,0.0,0.0,8.0,12.0,37.6,2.7,1.0,0.0,0.0,7.0,13.0,35.6,2.0,1.0,0.0,0.0,6.0,3.0,35.9,0.0,0.8125,-4.5,-4.0,-200.0,0.14864864864864866,0.35135135135135137,6,11,7.7,3.0,1152,1376,1428,0.0,0.0,8.0,4.0,36.7,1.1,0.9166666666666666,0.0,0.0,8.0,10.0,36.5,0.8,0.6,-1.3,0.2,58.0,-336.0,16.0,13.0,500.0,0.0,0.0,0.0,0.0,0.0,0.11000000000000014,0.0,-0.4725999999999999,-1.6550999999999974,-2.1726000000000028,-1.216699999999996,-1.7794999999999987,0.14973124070962762,0.694550214167414,0.0,1.0,0.0,0.13450292397660818,0.30409356725146197,1.0,0.0,-0.0014982876712328896,0.07508296460176991
1449,202305050807,11,4,13,73,0,0,0,9,0,0,0,0,5,3,2,25,0,0,0,5,0,0,0,0,2,0,0,11,0,0,0,0,0,0,0,0,0.0,0.0,50.0,4.0,36.7,0.7,0.8181818181818182,0.0,0.0,50.0,4.0,35.9,0.5,0.6153846153846154,0.0,0.0,100.0,16.0,36.2,2.5,1.0,6.0,0.0,-200.0,0.041884816753926704,0.17277486910994763,5,10,6.0,2.0,1095,1645,1221,0.0,0.0,70.0,7.0,38.1,1.3,0.3076923076923077,0.0,0.0,80.0,9.0,38.8,1.6,0.1,1.3,0.0,55.0,22.0,16.0,11.0,462.0,-0.09090909090909091,-0.07692307692307693,-0.0625,0.0,0.0,-0.6399999999999991,0.0,-1.3725999999999985,-2.3795,-1.933799999999998,0.23170000000000357,0.8475999999999999,0.32809877223560385,1.1217842929904116,0.0,2.0,0.0,0.03278688524590164,0.13114754098360656,1.0,0.0,-0.06510651065106512,0.4
1450,202305050807,0,0,1,18,7,4,4,70,0,0,0,0,0,0,1,11,1,0,0,27,0,0,0,0,0,0,0,1,0,0,0,8,0,0,0,0,0.0,0.0,13.0,13.0,38.6,2.9,0.9333333333333333,0.0,0.0,11.0,12.0,36.0,1.6,0.9375,0.0,0.0,4.0,7.0,35.8,0.7,0.8,-3.0,0.0,-400.0,0.08125,0.26875,1,1,194.4,14.0,1704,1503,1712,0.0,0.0,8.0,5.0,37.1,0.5,0.9375,0.0,0.0,10.0,11.0,37.6,1.3,0.9285714285714286,-1.1,0.0,56.0,-258.0,16.0,15.0,488.0,0.0,0.0,-0.13333333333333333,0.0,0.0,0.08999999999999986,0.0,-1.0259,-2.2794999999999987,-2.3537999999999997,-1.1794999999999973,-0.4725999999999999,0.053791347541168585,1.036146707759091,4.0,3.0,0.0,0.041666666666666664,0.1388888888888889,2.0,0.0,-0.05263157894736842,0.016511867905056737
1451,202305050807,12,9,11,80,24,25,22,286,0,0,1,0,3,2,2,27,9,6,7,91,0,0,1,0,1,2,1,9,2,0,0,15,0,0,0,0,0.0,0.0,20.0,4.0,38.1,0.8,0.26666666666666666,0.0,0.0,40.0,1.0,37.5,0.0,0.5333333333333333,0.0,0.0,60.0,2.0,37.8,0.2,1.0,-1.0,4.0,-400.0,0.02702702702702703,0.12162162162162163,2,3,11.0,6.0,1586,1013,1167,0.0,0.0,60.0,7.0,36.6,1.0,0.5625,0.0,0.0,80.0,7.0,37.4,1.7,0.625,1.2,0.4,53.0,29.0,16.0,15.0,438.0,0.13333333333333333,-0.26666666666666666,-0.2727272727272727,0.0,-0.0625,0.23000000000000043,0.0,-1.589100000000002,-2.1259000000000015,-0.9679000000000002,-1.6794999999999973,-0.7338000000000022,0.23560796062763056,0.5035871324805664,1.0,2.0,0.0,0.08411214953271028,0.205607476635514,1.0,0.0,-0.06653620352250489,-0.045033397974574424
1452,202305050807,6,13,11,107,1,1,3,11,0,0,0,0,2,4,4,38,0,0,2,8,0,0,0,0,0,0,2,12,0,0,2,1,0,0,0,0,0.0,0.0,110.0,9.0,37.1,2.1,0.8666666666666667,0.0,0.0,110.0,13.0,36.5,1.4,0.15384615384615385,0.0,0.0,70.0,16.0,42.2,3.5,0.0625,3.5,-2.0,0.0,0.05785123966942149,0.1859504132231405,4,8,46.3,11.0,1393,1505,1263,0.0,0.0,110.0,13.0,39.3,2.5,0.0625,0.0,0.0,100.0,10.0,36.4,2.3,0.8125,0.2,0.0,57.0,50.0,16.0,15.0,498.0,0.06666666666666667,0.0,0.0,0.0,0.0625,-0.13999999999999915,0.0,-1.1794999999999973,-0.8453000000000017,2.5741000000000014,0.4871999999999943,-1.5523999999999987,0.3676916259872806,2.2135943621178664,1.0,1.0,0.0,0.06382978723404255,0.1702127659574468,1.0,0.0,-0.03920282129090463,-0.11249999999999999
1453,202305050807,16,16,15,141,0,0,0,1,0,0,0,0,9,9,7,56,0,0,0,1,0,0,0,0,3,4,4,17,0,0,0,0,0,0,0,0,0.0,0.0,30.0,2.0,36.6,0.1,0.3,0.0,0.0,10.0,1.0,39.2,0.0,0.26666666666666666,0.0,0.0,30.0,2.0,38.2,0.2,0.3333333333333333,0.0,2.0,-400.0,0.04040404040404041,0.1414141414141414,5,9,2.4,1.0,1278,1396,625,0.0,0.0,10.0,9.0,38.5,2.6,0.9333333333333333,0.0,0.0,50.0,2.0,38.1,0.0,0.4375,0.8,0.8,57.0,35.0,16.0,10.0,448.0,-0.1,-0.06666666666666667,-0.2,-0.13333333333333333,-0.375,-0.2299999999999997,0.0,-3.089100000000002,-0.4258999999999986,-1.4258999999999986,-0.7764000000000024,-0.9837999999999951,0.24633423545166344,0.8518215775618745,1.0,0.0,,0.06153846153846154,0.26153846153846155,0.0,,0.010563380281690127,
1454,202305050807,0,0,1,11,0,0,0,5,0,0,0,0,0,0,1,7,0,0,0,2,0,0,0,0,0,0,1,3,0,0,0,1,0,0,0,0,0.0,0.0,100.0,3.0,36.9,0.6,0.9166666666666666,0.0,0.0,90.0,13.0,40.2,2.2,0.5,0.0,0.0,120.0,9.0,33.4,0.9,0.8461538461538461,3.0,4.0,250.0,0.13793103448275862,0.3724137931034483,7,13,35.0,10.0,1432,580,1428,0.0,0.0,90.0,11.0,38.0,3.1,0.6666666666666666,0.0,0.0,140.0,12.0,40.1,2.7,0.8571428571428571,1.6,0.2,55.0,22.0,16.0,12.0,454.0,-0.16666666666666666,0.21428571428571427,0.0,0.3333333333333333,0.0,-0.42000000000000026,0.0,-0.9233000000000047,0.5741000000000014,-1.7064999999999984,1.6251000000000033,0.47409999999999997,0.15341383527728578,2.4991198450654597,3.0,0.0,,0.017857142857142856,0.16071428571428573,0.0,,0.027777777777777776,0.0
1455,202305050807,43,41,42,253,14,9,8,141,3,0,1,11,13,15,18,95,2,1,3,49,1,0,1,6,3,5,4,26,0,0,0,15,0,0,0,0,0.0,0.0,80.0,5.0,36.7,0.7,0.6875,0.0,0.0,40.0,8.0,36.0,1.2,0.6875,0.0,0.0,80.0,9.0,35.8,1.3,0.8125,2.0,-4.0,100.0,0.04245283018867924,0.19811320754716982,6,12,13.8,7.0,1576,1618,1577,0.0,0.0,110.0,10.0,35.4,1.9,0.7692307692307693,0.0,0.0,20.0,1.0,36.7,0.0,0.5,-0.6,0.2,55.0,15.0,16.0,16.0,448.0,-0.0625,-0.0625,0.0,0.23076923076923078,-0.0625,0.060000000000000143,0.0,-0.8913999999999973,-1.4177000000000035,-2.3338000000000036,0.3252999999999986,-0.8913999999999973,0.10713281863370519,0.511468474101779,0.0,1.0,0.0,0.036585365853658534,0.17073170731707318,0.0,,-0.03389267477838315,0.06466540104413859
1456,202305050807,43,41,42,253,1,0,3,16,0,0,0,1,13,15,18,95,0,0,0,8,0,0,0,1,3,5,4,26,0,0,0,2,0,0,0,1,0.0,0.0,6.0,10.0,36.8,0.6,0.6875,0.0,0.0,5.0,3.0,37.2,0.6,0.2,0.0,0.0,13.0,2.0,36.8,0.6,0.25,-4.0,0.0,200.0,,,3,6,29.5,9.0,1576,1708,1577,0.0,0.0,14.0,10.0,36.3,0.7,0.1875,0.0,0.0,12.0,10.0,37.5,1.0,0.4375,0.7,0.4,58.0,-286.0,16.0,16.0,500.0,0.0625,0.0,-0.0625,0.0,0.125,-0.05,0.0,-1.1111000000000004,-0.7110999999999947,-1.023300000000006,-1.3643,-0.32330000000000325,0.1899671024151287,0.4069397989875177,0.0,1.0,0.0,0.09859154929577464,0.2676056338028169,0.0,,-0.03389267477838315,-0.014814814814814836
1457,202305050807,4,4,2,51,7,18,10,156,0,0,0,0,0,3,2,25,0,6,2,50,0,0,0,0,0,0,1,13,0,0,0,10,0,0,0,0,0.0,0.0,4.0,8.0,38.5,1.1,0.75,0.0,0.0,11.0,12.0,37.6,2.2,0.5714285714285714,0.0,0.0,14.0,9.0,36.7,1.3,0.8125,0.5,6.0,200.0,0.0,0.0,3,5,75.7,12.0,1042,1428,488,0.0,0.0,13.0,9.0,36.9,1.3,0.9375,0.0,0.0,12.0,11.0,37.3,1.3,0.875,0.3,0.0,51.0,-305.0,16.0,12.0,472.0,0.0,0.0,-0.0625,0.0,0.0625,0.31000000000000083,0.0,0.5889000000000024,-0.4725999999999999,-1.2110999999999947,-0.5177000000000049,-0.9795000000000016,0.12558536408940887,0.6324555320336757,-3.0,1.0,0.0,0.07142857142857142,0.14285714285714285,1.0,0.0,-0.09496890898812888,0.035063785856500246
1458,202305050807,0,2,1,16,0,0,0,1,0,0,0,0,0,0,1,4,0,0,0,0,0,0,0,0,0,0,0,0,0,0,0,0,0,0,0,0,0.0,0.0,130.0,11.0,37.5,2.4,0.8125,0.0,0.0,110.0,13.0,34.8,1.5,1.0,0.0,0.0,80.0,13.0,35.3,1.6,0.625,1.0,12.0,200.0,0.031818181818181815,0.1318181818181818,8,16,294.0,16.0,1534,1493,1235,0.0,0.0,130.0,11.0,37.3,1.4,1.0,0.0,0.0,140.0,7.0,36.1,0.8,0.75,-1.0,0.0,57.0,57.0,16.0,16.0,494.0,0.0,0.0,0.0,-0.0625,-0.125,0.029999999999999714,0.0,-0.4110999999999976,-0.35310000000000485,0.14689999999999515,-0.9795000000000016,-1.3160999999999987,0.1457737973711325,1.0658330075579387,3.0,1.0,0.0,0.03225806451612903,0.11827956989247312,1.0,0.0,-0.15789473684210525,
1459,202305050807,43,41,42,253,9,12,12,108,0,2,0,2,13,15,18,95,3,7,5,42,0,2,0,1,3,5,4,26,0,2,2,10,0,1,0,0,0.0,0.0,50.0,6.0,37.2,0.4,0.8666666666666667,0.0,0.0,60.0,1.0,36.7,0.0,0.5333333333333333,0.0,0.0,50.0,7.0,39.1,2.2,0.125,0.5,0.0,200.0,0.034482758620689655,0.10344827586206896,1,2,10.6,5.0,1576,1221,1577,,,,,,,,,,,,,,,0.5,0.3333333333333333,54.0,98.0,16.0,15.0,464.0,0.0,0.0,0.0,,,-0.9499999999999993,0.0,-0.7110999999999947,-1.2110999999999947,1.0274,,,0.30329975394111475,1.0338708279513875,0.0,0.0,,0.06060606060606061,0.25757575757575757,0.0,,-0.03389267477838315,-0.024042553191489374
1460,202305050807,6,8,6,93,17,25,19,185,0,0,0,4,3,0,1,23,7,6,8,58,0,0,0,2,0,0,0,6,0,1,0,15,0,0,0,0,0.0,0.0,8.0,9.0,43.7,3.3,0.1,0.0,0.0,14.0,15.0,44.8,6.2,0.1875,0.0,0.0,8.0,14.0,38.2,1.5,0.3125,2.5,-22.0,0.0,0.0,0.15789473684210525,4,7,26.8,8.0,1736,1183,1482,0.0,0.0,8.0,12.0,39.9,1.9,0.125,0.0,0.0,6.0,10.0,37.9,1.6,0.625,-0.1,0.0,52.0,-219.0,16.0,10.0,448.0,0.8,0.25,0.0,0.0625,0.0625,1.6500000000000008,0.0,6.035700000000006,5.174099999999996,-0.07949999999999591,2.0788999999999973,0.07669999999999533,0.1921262605684085,2.8404225037835475,-2.0,2.0,0.0,0.033707865168539325,0.14606741573033707,1.0,0.0,0.028891202498698587,-0.0538498326159732
1461,202305050807,16,16,15,141,11,13,6,86,1,0,0,1,9,9,7,56,4,8,2,42,0,0,0,1,3,4,4,17,2,1,1,7,0,0,0,0,0.0,0.0,20.0,2.0,38.5,1.0,0.4444444444444444,0.0,0.0,140.0,15.0,38.2,2.8,0.8125,0.0,0.0,150.0,15.0,37.8,1.6,0.875,6.5,25.0,0.0,0.025157232704402517,0.07547169811320754,8,15,205.9,15.0,1278,1393,625,0.0,0.0,150.0,,,,0.9333333333333333,0.0,0.0,130.0,14.0,36.1,1.6,0.875,3.6,0.25,56.0,-331.0,16.0,9.0,449.0,0.0,-0.0625,-0.0625,0.0,0.0,0.7600000000000001,0.0,0.34620000000000317,0.046200000000006014,-0.4795000000000016,,-2.0537999999999954,0.17600592722903705,0.9287087810503352,2.0,4.0,0.25,0.014925373134328358,0.05970149253731343,1.0,0.0,0.010563380281690127,-0.10199418363107604
1462,202305050807,3,5,4,33,0,0,1,25,0,0,0,0,1,3,2,9,0,0,1,12,0,0,0,0,1,0,0,3,0,0,0,3,0,0,0,0,0.0,0.0,60.0,110.0,38.3,1.7,0.08333333333333333,0.0,0.0,140.0,140.0,36.8,2.4,0.75,0.0,0.0,130.0,160.0,38.3,1.7,0.375,25.0,10.0,-300.0,0.061371841155234655,0.24187725631768953,2,4,125.9,13.0,1657,1506,1317,0.0,0.0,150.0,140.0,35.5,1.6,0.5,0.0,0.0,60.0,100.0,35.3,0.9,0.625,-2.0,0.0,56.0,-232.0,16.0,12.0,444.0,0.08333333333333333,0.0625,0.0625,0.0,0.0,0.7299999999999998,0.0,2.7714,-0.6177000000000064,0.02049999999999841,0.346899999999998,0.14689999999999515,0.2288255036290997,1.2986146464598336,2.0,1.0,0.0,0.06521739130434782,0.1956521739130435,1.0,0.0,-0.0393939393939394,0.11538461538461539
