tree
version=v4
num_class=1
num_tree_per_iteration=1
label_index=0
max_feature_idx=96
objective=binary sigmoid:1
feature_names=f_course1 f_course2 f_course3 f_courseout mf_course1 mf_course2 mf_course3 mf_courseout f_mf_course1 f_mf_course2 f_mf_course3 f_mf_courseout f_len1 f_len2 f_len3 f_lenout mf_len1 mf_len2 mf_len3 mf_classout f_mf_len1 f_mf_len2 f_mf_len3 f_mf_classout f_class1 f_class2 f_class3 f_classout mf_class1 mf_class2 mf_class3 mf_classout.1 f_mf_class1 f_mf_class2 f_mf_class3 f_mf_classout.1 time_df_course1 time_df_class1 ninki_1 result_1 agari_1 margin_1 corner_ratio_1 time_df_course2 time_df_class2 ninki_2 result_2 agari_2 margin_2 corner_ratio_2 time_df_course3 time_df_class3 ninki_3 result_3 agari_3 margin_3 corner_ratio_3 rank_trend weight_change dist_change jockey_win_rate jockey_place_rate waku umaban current_odds current_popularity father_cat mother_father_cat paternal_gf_cat time_df_course4 time_df_class4 ninki_4 result_4 agari_4 margin_4 corner_ratio_4 time_df_course5 time_df_class5 ninki_5 result_5 agari_5 margin_5 corner_ratio_5 rank_trend_5 win_rate_recent5 kinryo days_since_last_race n_horses_today n_horses_1 horse_weight_abs_1 corner_chase_1 corner_chase_2 corner_chase_3 corner_chase_4 corner_chase_5 agari_trend_5 time_diff_trend_5
feature_infos=[0:20] [0:19] [0:16] [0:161] [0:22] [0:22] [0:13] [0:178] [0:5] [0:4] [0:3] [0:27] [0:8] [0:7] [0:6] [0:58] [0:7] [0:7] [0:5] [0:51] [0:3] [0:3] [0:3] [0:11] [0:4] [0:3] [0:5] [0:22] [0:4] [0:4] [0:3] [0:23] [0:1] [0:1] [0:2] [0:6] [-1:0] [-1:0] [-1:180] [-1:140] [-1:95.400000000000006] [-1:59] [-1:1] [-1:0] [-1:0] [-1:180] [-1:180] [-1:47.399999999999999] [-1:14.5] [-1:1] [-1:0] [-1:0] [-1:180] [-1:170] [-1:48.299999999999997] [-1:64.900000000000006] [-1:1] [-55:80] [-42:68] [-1800:1000] [-1:1] [-1:1] [1:8] [1:16] [-1:720.29999999999995] [-1:16] [52:1736] [1:1736] [1:1721] [-1:0] [-1:0] [-1:170] [-1:170] [-1:46.5] [-1:10.9] [-1:1] [-1:0] [-1:0] [-1:180] [-1:160] [-1:48.100000000000001] [-1:13.800000000000001] [-1:1] [-22:55] [-1:1] [49:58] [-1652:574] [7:16] [-1:18] [-1:574] [-1:0.90909090909090917] [-1:0.93333333333333324] [-1:0.90000000000000002] [-1:0.80000000000000004] [-1:0.875] [-9.9499999999999993:11.890000000000001] [-1:0]
tree_sizes=1067 1085 1087 1084 1084 1086 1087 1084 1085 1086 1088 1086 983 1084 985 982 982 983 1087 985 1085 984 983 1091 985 980 1087 980 1083 979 1086 1090 1083 1080 1085 1086 1082 1081 1081 1080 990 1086 1087 1083 1083 1084 1086 1091 1084 1087 1083 1092 1085 1085 1087 1082 1084 1086 1087 1079 987 1085 1088 1087 1087 1089 1085 1086 1088 1089 1084 1086 1089 1087 1092 1089 1085 1087 1088 1088 1082 1087 1090 1081 983 1088 984 1087 1092 1079 987 1087 1082 1616 980 1623 1089 1624 985 1621 1085 1625 1621 1093 1624 1089 1618 1625 1086 1715 1620 1617 1714 1622 1091 1622 1710 1714 1620 1627 1710 1715 1620 1834 1709 1623 1715 1515 1833 1709 1728 1712 1711 1831 1718 1724 1716 1722 1833 1714 1725 1720 1719 1724 1088 1830 1725 1607 1615 1723 1614 1729 1827 1829 1826 1618 1727 1827 1831 1826 1719 1728 1828 1828 1729 1824 1614 1829 1728 1827 1825 1728 1719 1828 1727 1726 1722 1827 1833 1716 1609 1714 1827 1826 1818 1616 1821 1715 1617 1825 1724 1824 1611 1827 1609 1722 1838 1613 1618 1612 1718 1621 1819 1624 1729 1616 772 1720 1618 1711 1721 779 1729 1622 1722 1621 780 1828 1618 1717 1716 1616 1618 1727 1631 780 1612 1728 1617 1614 1825 1623 1731 1508 780 1511 1727 1516 1830 1510 774 1521 1819 1510 1515 776 1820 1516 1518 1830 1513 777 1515 1406 1728 778 1517 1836 980 1514 1517 1405 1519 1517 1516 1723 1517 977 1519 1514 1515 1514 1515 1618 1520 1722 979 1516 1732 1514 981 1518 1511 1512 1516 1402 1514 1522 1406 982 1730 1520 1518 1401 1733 1514 1519 1517 1401 1517 1519 1519 1511 1402 1726 1521 984 1400 1516 1519 1517 1846 1408 1719 1513 1725 1514 1293 1512 1729 1404 983 1516 1514 1730 1299 1734 1505 1719 1302 1513 1727 1618 888 1524 1299 983 1516 1726 1724 1300 1523 1621 1299 1721 1525 1305 1523 982 1618 1724 1304 1516 982 1728 1301 1516 1724 1508 1299 1515

Tree=0
num_leaves=9
num_cat=0
split_feature=64 59 61 64 57 56 65 85
split_gain=874.301 441.488 249.234 215.252 214.123 207.394 131.17 44.2259
threshold=107.65000000000002 350.00000000000006 0.033908045977011456 10.950000000000001 -2.7499999999999996 0.41421568627450983 3.5000000000000004 53.500000000000007
decision_type=2 2 2 2 2 2 2 2
left_child=1 2 3 -1 7 -4 -6 -3
right_child=-2 4 5 -5 6 -7 -8 -9
leaf_value=-0.12650039811143235 -0.15345835919294895 -0.11946482984910931 -0.12103783024395708 -0.15341355068945717 -0.13189242815807206 -0.12886621375841004 -0.15344922201172517 -0.142834984477308
leaf_weight=58.886466190218925 89.580722451210022 37.986330151557922 1276.2595842033625 39.81365442276001 33.035497263073921 345.87175808846951 71.415742620825768 7.7297438085079184
leaf_count=69 360 10 591 160 58 478 287 23
internal_value=-0.136721 -0.124832 -0.123547 -0.137368 -0.139561 -0.122706 -0.146635 -0.123426
internal_weight=0 1871 1720.83 98.7001 150.167 1622.13 104.451 45.7161
internal_count=2036 1676 1298 229 378 1069 345 33
is_linear=0
shrinkage=1


Tree=1
num_leaves=9
num_cat=0
split_feature=64 59 61 64 57 56 65 85
split_gain=858.44 432.979 244.364 211.543 210.319 203.207 129.041 43.3771
threshold=107.65000000000002 350.00000000000006 0.033908045977011456 10.950000000000001 -2.7499999999999996 0.41421568627450983 3.5000000000000004 53.500000000000007
decision_type=2 2 2 2 2 2 2 2
left_child=1 2 3 -1 7 -4 -6 -3
right_child=-2 4 5 -5 6 -7 -8 -9
leaf_value=0.010122659446080026 -0.016607754072147419 0.017083626722876024 0.015527074148492744 -0.016563579704971437 0.0047841522581115251 0.0077805222717722382 -0.016598747709203665 -0.0060629303059577411
leaf_weight=58.926028192043304 89.472211003303528 38.028278589248657 1277.5482578128576 39.765563011169434 33.046195223927498 346.05192738771439 71.32928192615509 7.7264472544193259
leaf_count=69 360 10 591 160 58 478 287 23
internal_value=0 0.0117733 0.0130452 -0.000640996 -0.00281525 0.0138771 -0.00983216 0.0131655
internal_weight=0 1872.42 1722.29 98.6916 150.13 1623.6 104.375 45.7547
internal_count=2036 1676 1298 229 378 1069 345 33
is_linear=0
shrinkage=0.00895904


Tree=2
num_leaves=9
num_cat=0
split_feature=64 59 61 64 57 56 65 85
split_gain=842.964 424.682 239.621 207.919 206.605 199.185 126.967 42.5531
threshold=107.65000000000002 350.00000000000006 0.033908045977011456 10.950000000000001 -2.7499999999999996 0.41421568627450983 3.5000000000000004 53.500000000000007
decision_type=2 2 2 2 2 2 2 2
left_child=1 2 3 -1 7 -4 -6 -3
right_child=-2 4 5 -5 6 -7 -8 -9
leaf_value=0.01002609899720844 -0.016481409242522012 0.016915328426088148 0.015374414871538136 -0.016437839287192078 0.0047400723002056716 0.0077070965572139938 -0.016472525184168758 -0.0060125269666676381
leaf_weight=58.962213918566704 89.352369904518127 38.064290046691895 1278.6710428148508 39.712462425231934 33.056419804692268 346.21999362111092 71.233801811933517 7.7230372428894034
leaf_count=69 360 10 591 160 58 478 287 23
internal_value=0 0.0116602 0.0129187 -0.000635527 -0.00279108 0.0137418 -0.00975229 0.0130386
internal_weight=0 1873.64 1723.57 98.6747 150.078 1624.89 104.29 45.7873
internal_count=2036 1676 1298 229 378 1069 345 33
is_linear=0
shrinkage=0.00895904


Tree=3
num_leaves=9
num_cat=0
split_feature=64 59 61 64 57 56 65 85
split_gain=827.859 416.59 235.001 204.378 202.979 195.318 124.944 41.7529
threshold=107.65000000000002 350.00000000000006 0.033908045977011456 10.950000000000001 -2.7499999999999996 0.41421568627450983 3.5000000000000004 53.500000000000007
decision_type=2 2 2 2 2 2 2 2
left_child=1 2 3 -1 7 -4 -6 -3
right_child=-2 4 5 -5 6 -7 -8 -9
leaf_value=0.0099310180675275788 -0.01635807654561168 0.01675124535571023 0.015225199858093421 -0.016315083213989556 0.0046964656163822624 0.0076346267538431748 -0.016349309665359909 -0.0059626270343894954
leaf_weight=58.995105668902397 89.221521019935608 38.094516754150391 1279.6321799904108 39.654498100280762 33.066180989146233 346.37626053392887 71.129558876156807 7.7195179164409629
leaf_count=69 360 10 591 160 58 478 287 23
internal_value=0 0.0115494 0.0127949 -0.000630161 -0.0027674 0.0136093 -0.00967393 0.0129147
internal_weight=0 1874.67 1724.66 98.6496 150.01 1626.01 104.196 45.814
internal_count=2036 1676 1298 229 378 1069 345 33
is_linear=0
shrinkage=0.00895904


Tree=4
num_leaves=9
num_cat=0
split_feature=64 59 61 64 57 56 65 85
split_gain=813.115 408.695 230.499 200.918 199.437 191.598 122.973 40.9755
threshold=107.65000000000002 350.00000000000006 0.033908045977011456 10.950000000000001 -2.7499999999999996 0.41421568627450983 3.5000000000000004 53.500000000000007
decision_type=2 2 2 2 2 2 2 2
left_child=1 2 3 -1 7 -4 -6 -3
right_child=-2 4 5 -5 6 -7 -8 -9
leaf_value=0.0098373772727326 -0.016237656343773509 0.016591213291271993 0.015079303658983776 -0.016195213342856597 0.0046533236994047347 0.0075630925223359275 -0.016229001475801367 -0.0059132228332112171
leaf_weight=59.02478763461113 89.079980850219727 38.119109511375427 1280.4358629733324 39.591803550720215 33.075490310788155 346.52100558578968 71.016796886920929 7.7158925235271445
leaf_count=69 360 10 591 160 58 478 287 23
internal_value=0 0.0114408 0.0126735 -0.000624892 -0.00274419 0.0134795 -0.00959704 0.0127935
internal_weight=0 1875.5 1725.57 98.6166 149.927 1626.96 104.092 45.835
internal_count=2036 1676 1298 229 378 1069 345 33
is_linear=0
shrinkage=0.00895904


Tree=5
num_leaves=9
num_cat=0
split_feature=64 59 61 64 57 56 65 85
split_gain=798.718 400.992 226.111 197.535 195.978 188.018 121.05 40.2199
threshold=107.65000000000002 350.00000000000006 0.033908045977011456 10.950000000000001 -2.7499999999999996 0.41421568627450983 3.5000000000000004 53.500000000000007
decision_type=2 2 2 2 2 2 2 2
left_child=1 2 3 -1 7 -4 -6 -3
right_child=-2 4 5 -5 6 -7 -8 -9
leaf_value=0.0097451389668108731 -0.016120050923718356 0.016435080904989931 0.014936607139399528 -0.016078131733857682 0.0046106395717583999 0.0074924731166420904 -0.016111503121997644 -0.0058643062126115149
leaf_weight=59.051340162754059 88.928055167198181 38.138213396072388 1281.0861820280552 39.524519443511963 33.084357842803001 346.65453085303307 70.895763888955116 7.7121645510196677
leaf_count=69 360 10 591 160 58 478 287 23
internal_value=0 0.0113344 0.0125545 -0.000619718 -0.00272144 0.0133523 -0.00952158 0.012675
internal_weight=0 1876.15 1726.32 98.5759 149.83 1627.74 103.98 45.8504
internal_count=2036 1676 1298 229 378 1069 345 33
is_linear=0
shrinkage=0.00895904


Tree=6
num_leaves=9
num_cat=0
split_feature=64 59 61 64 57 56 65 85
split_gain=784.658 393.474 221.833 194.228 192.597 184.571 119.174 39.4854
threshold=107.65000000000002 350.00000000000006 0.033908045977011456 10.950000000000001 -2.7499999999999996 0.41421568627450983 3.5000000000000004 53.500000000000007
decision_type=2 2 2 2 2 2 2 2
left_child=1 2 3 -1 7 -4 -6 -3
right_child=-2 4 5 -5 6 -7 -8 -9
leaf_value=0.0096542667084440394 -0.016005165536150022 0.016282698956555552 0.014796996352583471 -0.01596374618643065 0.0045684066001354271 0.0074227495516575601 -0.015996719016458352 -0.0058158698610478671
leaf_weight=59.074842438101768 88.766049742698669 38.151975035667419 1281.5871557742357 39.452776908874512 33.092794597148895 346.77709770202637 70.766707926988602 7.7083367705345145
leaf_count=69 360 10 591 160 58 478 287 23
internal_value=0 0.0112301 0.0124379 -0.000614636 -0.00269913 0.0132276 -0.00944749 0.0125591
internal_weight=0 1876.61 1726.89 98.5276 149.72 1628.36 103.86 45.8603
internal_count=2036 1676 1298 229 378 1069 345 33
is_linear=0
shrinkage=0.00895904


Tree=7
num_leaves=9
num_cat=0
split_feature=64 59 61 64 57 56 65 85
split_gain=770.924 386.135 217.661 190.994 189.294 181.25 117.343 38.771
threshold=107.65000000000002 350.00000000000006 0.033908045977011456 10.950000000000001 -2.7499999999999996 0.41421568627450983 3.5000000000000004 53.500000000000007
decision_type=2 2 2 2 2 2 2 2
left_child=1 2 3 -1 7 -4 -6 -3
right_child=-2 4 5 -5 6 -7 -8 -9
leaf_value=0.0095647244280985776 -0.01589291121966695 0.016133932429143103 0.014660363287813595 -0.015851970448566271 0.0045266185535762626 0.0073539035418065122 -0.015884563329311867 -0.0057679063034719626
leaf_weight=59.095372930169106 88.59425961971283 38.160531640052795 1281.9426950365305 39.376707077026367 33.100810527801514 346.88898679614067 70.629855662584305 7.7044125795364371
leaf_count=69 360 10 591 160 58 478 287 23
internal_value=0 0.0111277 0.0123235 -0.000609644 -0.00267725 0.0131054 -0.00937474 0.0124457
internal_weight=0 1876.9 1727.3 98.4721 149.596 1628.83 103.731 45.8649
internal_count=2036 1676 1298 229 378 1069 345 33
is_linear=0
shrinkage=0.00895904


Tree=8
num_leaves=9
num_cat=0
split_feature=64 59 61 64 57 56 65 85
split_gain=757.505 378.969 213.591 187.831 186.065 178.049 115.556 38.076
threshold=107.65000000000002 350.00000000000006 0.033908045977011456 10.950000000000001 -2.7499999999999996 0.41421568627450983 3.5000000000000004 53.500000000000007
decision_type=2 2 2 2 2 2 2 2
left_child=1 2 3 -1 7 -4 -6 -3
right_child=-2 4 5 -5 6 -7 -8 -9
leaf_value=0.009476478811560423 -0.015783204595154463 0.015988645731277642 0.01452660378804628 -0.015742717464249205 0.0044852688665807244 0.0072859157194337942 -0.015774949657657369 -0.0057204081808401872
leaf_weight=59.113004580140114 88.41296911239624 38.164021849632263 1282.1566460132599 39.296438694000244 33.10841391980648 346.99046187102795 70.485438033938408 7.7003950774669638
leaf_count=69 360 10 591 160 58 478 287 23
internal_value=0 0.0110274 0.0122113 -0.000604739 -0.00265578 0.0129855 -0.00930328 0.0123347
internal_weight=0 1877.01 1727.56 98.4094 149.458 1629.15 103.594 45.8644
internal_count=2036 1676 1298 229 378 1069 345 33
is_linear=0
shrinkage=0.00895904


Tree=9
num_leaves=9
num_cat=0
split_feature=64 59 61 64 57 56 65 85
split_gain=744.392 371.97 209.621 184.736 182.908 174.962 113.812 37.3996
threshold=107.65000000000002 350.00000000000006 0.033908045977011456 10.950000000000001 -2.7499999999999996 0.41421568627450983 3.5000000000000004 53.500000000000007
decision_type=2 2 2 2 2 2 2 2
left_child=1 2 3 -1 7 -4 -6 -3
right_child=-2 4 5 -5 6 -7 -8 -9
leaf_value=0.009389497174439437 -0.015675962649881098 0.015846714508607133 0.014395619094628807 -0.015635908635159172 0.0044443504819593445 0.0072187692879536877 -0.01566779603512352 -0.0056733681844827319
leaf_weight=59.127815738320351 88.22246789932251 38.162580728530884 1282.2327881604433 39.212093353271484 33.115616261959076 347.08178403973579 70.333681702613831 7.6962874233722678
leaf_count=69 360 10 591 160 58 478 287 23
internal_value=0 0.0109289 0.0121012 -0.000599917 -0.00263471 0.0128678 -0.00923308 0.0122261
internal_weight=0 1876.96 1727.65 98.3399 149.308 1629.31 103.449 45.8589
internal_count=2036 1676 1298 229 378 1069 345 33
is_linear=0
shrinkage=0.00895904


Tree=10
num_leaves=9
num_cat=0
split_feature=64 59 61 64 57 56 65 85
split_gain=731.574 365.133 205.746 181.708 179.821 171.983 112.108 36.7411
threshold=107.65000000000002 350.00000000000006 0.033908045977011456 10.950000000000001 -2.7499999999999996 0.41421568627450983 3.5000000000000004 53.500000000000007
decision_type=2 2 2 2 2 2 2 2
left_child=1 2 3 -1 7 -4 -6 -3
right_child=-2 4 5 -5 6 -7 -8 -9
leaf_value=0.0093037475096027986 -0.015571106391883636 0.015708017830543694 0.014267314360372043 -0.015531466620609266 0.0044038577613726045 0.0071524470359651928 -0.015563023687619023 -0.0056267803210361825
leaf_weight=59.139875009655952 88.023029565811157 38.156340837478638 1282.1747645884752 39.123795032501221 33.122427389025688 347.16321763396263 70.17480905354023 7.6920928657054892
leaf_count=69 360 10 591 160 58 478 287 23
internal_value=0 0.0108322 0.0119932 -0.000595178 -0.00261403 0.0127524 -0.0091641 0.0121196
internal_weight=0 1876.75 1727.6 98.2637 149.146 1629.34 103.297 45.8484
internal_count=2036 1676 1298 229 378 1069 345 33
is_linear=0
shrinkage=0.00895904


Tree=11
num_leaves=9
num_cat=0
split_feature=64 59 61 64 57 56 65 85
split_gain=719.043 358.454 201.964 178.745 176.801 169.108 110.444 36.0998
threshold=107.65000000000002 350.00000000000006 0.033908045977011456 10.950000000000001 -2.7499999999999996 0.41421568627450983 3.5000000000000004 53.500000000000007
decision_type=2 2 2 2 2 2 2 2
left_child=1 2 3 -1 7 -4 -6 -3
right_child=-2 4 5 -5 6 -7 -8 -9
leaf_value=0.0092191995112108332 -0.015468562029274758 0.015572441822411577 0.01414160010706674 -0.015429315863645592 0.0043637841477760213 0.0070869317166570196 -0.015460560002348038 -0.0055806371216955957
leaf_weight=59.149255409836769 87.814922332763672 38.145428419113159 1281.9861985743046 39.031662940979004 33.128854870796204 347.235003054142 70.009033918380737 7.6878135204315177
leaf_count=69 360 10 591 160 58 478 287 23
internal_value=0 0.0107373 0.0118871 -0.000590517 -0.00259373 0.0126391 -0.0090963 0.0120154
internal_weight=0 1876.37 1727.4 98.1809 148.971 1629.22 103.138 45.8332
internal_count=2036 1676 1298 229 378 1069 345 33
is_linear=0
shrinkage=0.00895904


Tree=12
num_leaves=8
num_cat=0
split_feature=64 59 64 61 64 56 38
split_gain=706.791 351.957 221.517 176.77 170.804 147.236 136.079
threshold=107.65000000000002 250.00000000000003 26.150000000000002 0.033908045977011456 10.950000000000001 0.41421568627450983 5.5000000000000009
decision_type=2 2 2 2 2 2 2
left_child=1 3 6 4 -1 -5 -3
right_child=-2 2 -4 5 -6 -7 -8
leaf_value=0.0094797582997222189 -0.015368258661640195 0.0121770041792468 -0.01578049371558185 0.014087092921575431 -0.015322706313338604 0.0073713552583276965 -0.0059340517485749261
leaf_weight=58.406105399131775 87.598409056663513 87.289869204163551 55.751355588436127 1252.7770634293556 35.772279024124146 332.23609113693237 53.611986547708511
leaf_count=66 360 63 228 569 147 445 158
internal_value=0 0.0106441 -0.000695053 0.011972 4.67004e-05 0.0126805 0.00528704
internal_weight=0 1875.84 196.653 1679.19 94.1784 1585.01 140.902
internal_count=2036 1676 449 1227 213 1014 221
is_linear=0
shrinkage=0.00895904


Tree=13
num_leaves=9
num_cat=0
split_feature=64 59 61 64 57 56 65 85
split_gain=694.789 345.785 194.715 172.981 171.801 163.687 108.123 34.9441
threshold=107.65000000000002 350.00000000000006 0.033908045977011456 10.950000000000001 -2.7499999999999996 0.41421568627450983 3.5000000000000004 53.500000000000007
decision_type=2 2 2 2 2 2 2 2
left_child=1 2 3 -1 7 -4 -6 -3
right_child=-2 4 5 -5 6 -7 -8 -9
leaf_value=0.0090515736382124345 -0.015270124079110978 0.015347130313712801 0.013898115536652114 -0.015231808832314654 0.0043288420071964885 0.0069579289055542171 -0.015298051156102893 -0.0054774778688490644
leaf_weight=59.16030290722847 87.37375795841217 38.115996852517128 1281.2327587604523 38.836564004421234 33.133647471666336 347.35008271038532 69.722207635641098 7.6776797771453849
leaf_count=69 360 10 591 160 58 478 287 23
internal_value=0 0.0105522 0.011681 -0.000582748 -0.00255612 0.0124189 -0.008979 0.011847
internal_weight=0 1875.23 1726.58 97.9969 148.65 1628.58 102.856 45.7937
internal_count=2036 1676 1298 229 378 1069 345 33
is_linear=0
shrinkage=0.00895904


Tree=14
num_leaves=8
num_cat=0
split_feature=64 59 64 61 64 56 38
split_gain=683.066 340.018 215.457 170.384 165.358 142.488 131.946
threshold=107.65000000000002 250.00000000000003 26.150000000000002 0.033908045977011456 10.950000000000001 0.41421568627450983 5.5000000000000009
decision_type=2 2 2 2 2 2 2
left_child=1 3 6 4 -1 -5 -3
right_child=-2 2 -4 5 -6 -7 -8
leaf_value=0.0093133242045766937 -0.01517409573638214 0.011985452309194124 -0.0156113118044343 0.013847319932055391 -0.015129330900492092 0.0072409589780210032 -0.0058587062892990057
leaf_weight=58.412038564682007 87.141210436820984 87.241025760769844 55.509464576840401 1251.7980704307556 35.586371585726738 332.33131471276283 53.530419960618019
leaf_count=66 360 63 228 569 147 445 158
internal_value=0 0.0104623 -0.000694182 0.0117671 4.75305e-05 0.0124624 0.00520105
internal_weight=0 1874.41 196.281 1678.13 93.9984 1584.13 140.771
internal_count=2036 1676 449 1227 213 1014 221
is_linear=0
shrinkage=0.00895904


Tree=15
num_leaves=8
num_cat=0
split_feature=64 59 64 61 64 56 38
split_gain=671.58 333.991 212.033 167.314 162.699 140.289 129.617
threshold=107.65000000000002 250.00000000000003 26.150000000000002 0.033908045977011456 10.950000000000001 0.41421568627450983 5.5000000000000009
decision_type=2 2 2 2 2 2 2
left_child=1 3 6 4 -1 -5 -3
right_child=-2 2 -4 5 -6 -7 -8
leaf_value=0.0092302854266485476 -0.015080108763755347 0.011879750930114496 -0.015508626692047474 0.013730606805432071 -0.015035728391890511 0.0071753621122805349 -0.0058096630821969711
leaf_weight=58.411234736442566 86.901023983955383 87.230459123849869 55.378252312541008 1251.1329177618027 35.488733544945717 332.36646789312363 53.500431269407272
leaf_count=66 360 63 228 569 147 445 158
internal_value=0 0.0103735 -0.000688695 0.0116668 4.69763e-05 0.0123558 0.00515601
internal_weight=0 1873.51 196.109 1677.4 93.9 1583.5 140.731
internal_count=2036 1676 449 1227 213 1014 221
is_linear=0
shrinkage=0.00895904


Tree=16
num_leaves=8
num_cat=0
split_feature=64 59 64 61 64 56 38
split_gain=660.341 328.1 208.683 164.315 160.096 138.161 127.337
threshold=107.65000000000002 250.00000000000003 26.150000000000002 0.033908045977011456 10.950000000000001 0.41421568627450983 5.5000000000000009
decision_type=2 2 2 2 2 2 2
left_child=1 3 6 4 -1 -5 -3
right_child=-2 2 -4 5 -6 -7 -8
leaf_value=0.009148377834517888 -0.014988101460474428 0.011775795643966613 -0.015408170340691975 0.013616108123800501 -0.014944087543964334 0.0071105507387743214 -0.0057610985084657626
leaf_weight=58.407938241958618 86.653439998626709 87.213876381516457 55.241791293025017 1250.3555797934532 35.38808798789978 332.39271496236324 53.469824567437172
leaf_count=66 360 63 228 569 147 445 158
internal_value=0 0.0102863 -0.000683295 0.0115682 4.64288e-05 0.0122509 0.0051116
internal_weight=0 1872.47 195.925 1676.54 93.796 1582.75 140.684
internal_count=2036 1676 449 1227 213 1014 221
is_linear=0
shrinkage=0.00895904


Tree=17
num_leaves=8
num_cat=0
split_feature=64 59 64 61 64 56 55
split_gain=649.342 322.34 205.403 161.384 157.545 136.103 125.193
threshold=107.65000000000002 250.00000000000003 26.150000000000002 0.033908045977011456 10.950000000000001 0.41421568627450983 1.5500000000000003
decision_type=2 2 2 2 2 2 2
left_child=1 3 6 4 -1 -5 -3
right_child=-2 2 -4 5 -6 -7 -8
leaf_value=0.0090675741280085657 -0.014898015328711389 0.0084505041231656003 -0.015309874023141023 0.01350375364387919 -0.014854351621328619 0.0070465098370280877 -0.015972945634128165
leaf_weight=58.402215361595154 86.398689150810242 121.25213362276554 55.100239142775536 1249.4691473841667 35.284533485770226 332.41027988493443 19.377925738692284
leaf_count=66 360 142 228 569 147 445 79
internal_value=0 0.0102006 -0.000677978 0.0114713 4.58869e-05 0.0121479 0.00506781
internal_weight=0 1871.3 195.73 1675.57 93.6867 1581.88 140.63
internal_count=2036 1676 449 1227 213 1014 221
is_linear=0
shrinkage=0.00895904


Tree=18
num_leaves=9
num_cat=0
split_feature=64 59 61 57 64 56 65 85
split_gain=638.567 317.246 178.087 161.718 159.545 151.639 103.43 32.6542
threshold=107.65000000000002 350.00000000000006 0.033908045977011456 -2.7499999999999996 10.950000000000001 0.41421568627450983 3.5000000000000004 53.500000000000007
decision_type=2 2 2 2 2 2 2 2
left_child=1 2 4 7 -1 -4 -5 -3
right_child=-2 3 5 6 -6 -7 -8 -9
leaf_value=0.0086489637307145782 -0.014809795540226054 0.014897092664631767 0.013330339004840623 0.0042562536038866141 -0.014773338915995075 0.0066492173387745854 -0.014970818322016298 -0.0052663430671181745
leaf_weight=59.14402274787426 86.137007474899292 38.007485777139664 1277.3050628304482 33.13513608276844 38.289478585124016 347.46855407953262 69.02029724419117 7.6523193269968024
leaf_count=69 360 10 591 58 160 478 287 23
internal_value=0 0.0101161 0.0111971 -0.00247653 -0.000566248 0.0119025 -0.00873782 0.0115095
internal_weight=0 1870.02 1722.21 147.815 97.4335 1624.77 102.155 45.6598
internal_count=2036 1676 1298 378 229 1069 345 33
is_linear=0
shrinkage=0.00895904


Tree=19
num_leaves=8
num_cat=0
split_feature=64 59 64 61 64 56 38
split_gain=628.039 311.735 199.91 155.697 152.637 132.077 122.967
threshold=107.65000000000002 250.00000000000003 26.150000000000002 0.033908045977011456 10.950000000000001 0.41421568627450983 5.5000000000000009
decision_type=2 2 2 2 2 2 2
left_child=1 3 6 4 -1 -5 -3
right_child=-2 2 -4 5 -6 -7 -8
leaf_value=0.0089121335932397117 -0.014723386973781904 0.011539815427422587 -0.015157728754236915 0.013285716003176641 -0.014680328215212772 0.0069236655662259523 -0.0057067107960381983
leaf_weight=58.384190201759338 85.868620276451111 87.083221554756165 54.815883502364159 1247.3866543769836 35.069017454981804 332.42044079303741 53.386540114879608
leaf_count=66 360 63 228 569 147 445 158
internal_value=0 0.0100334 -0.000677353 0.0112834 4.67384e-05 0.011948 0.00498615
internal_weight=0 1868.55 195.286 1673.26 93.4532 1579.81 140.47
internal_count=2036 1676 449 1227 213 1014 221
is_linear=0
shrinkage=0.00895904


Tree=20
num_leaves=9
num_cat=0
split_feature=64 59 61 57 64 56 65 85
split_gain=617.717 306.405 171.912 157.289 154.563 147.317 101.385 31.6502
threshold=107.65000000000002 350.00000000000006 0.033908045977011456 -2.7499999999999996 10.950000000000001 0.41421568627450983 3.5000000000000004 53.500000000000007
decision_type=2 2 2 2 2 2 2 2
left_child=1 2 4 7 -1 -4 -5 -3
right_child=-2 3 5 6 -6 -7 -8 -9
leaf_value=0.0084963988948992646 -0.014638737834933337 0.014697932552931345 0.013117068149967086 0.0042231651576645985 -0.014602946069535303 0.0065305063746899121 -0.014828475689561907 -0.0051696066864830173
leaf_weight=59.121492281556129 85.593752861022949 37.938492462038994 1274.9817310422659 33.13473804295063 38.049228981137276 347.45867785811424 68.673269286751747 7.6399437636137
leaf_count=69 360 10 591 58 160 478 287 23
internal_value=0 0.00995182 0.0110143 -0.00244243 -0.000559341 0.0117075 -0.00863137 0.0113595
internal_weight=0 1867 1719.61 147.386 97.1707 1622.44 101.808 45.5784
internal_count=2036 1676 1298 378 229 1069 345 33
is_linear=0
shrinkage=0.00895904


Tree=21
num_leaves=8
num_cat=0
split_feature=64 59 64 61 64 56 55
split_gain=607.621 301.542 194.633 150.26 147.922 128.299 120.44
threshold=107.65000000000002 250.00000000000003 26.150000000000002 0.033908045977011456 10.950000000000001 0.41421568627450983 1.5500000000000003
decision_type=2 2 2 2 2 2 2
left_child=1 3 6 4 -1 -5 -3
right_child=-2 2 -4 5 -6 -7 -8
leaf_value=0.0087606948710350144 -0.014555796951007068 0.0082248963355705338 -0.015011675468518351 0.013075440812118403 -0.014513282517695918 0.0068036176278571453 -0.015788827948811594
leaf_weight=58.357566475868225 85.312619805335999 120.9840696901083 54.516738131642342 1244.905541062355 34.842958688735962 332.40006917715073 19.274163693189621
leaf_count=66 360 142 228 569 147 445 79
internal_value=0 0.00987178 -0.00067676 0.0111017 4.75834e-05 0.0117547 0.00490777
internal_weight=0 1865.28 194.775 1670.51 93.2005 1577.31 140.258
internal_count=2036 1676 449 1227 213 1014 221
is_linear=0
shrinkage=0.00895904


Tree=22
num_leaves=8
num_cat=0
split_feature=64 59 64 61 64 56 38
split_gain=597.711 296.418 191.632 147.642 145.616 126.545 118.8
threshold=107.65000000000002 250.00000000000003 26.150000000000002 0.033908045977011456 10.950000000000001 0.41421568627450983 5.5000000000000009
decision_type=2 2 2 2 2 2 2
left_child=1 3 6 4 -1 -5 -3
right_child=-2 2 -4 5 -6 -7 -8
leaf_value=0.0086849576009519272 -0.014474518374433689 0.011313749443099158 -0.01492198858967886 0.012972824339584505 -0.014432272934390275 0.0067431421543095778 -0.0056530177712077172
leaf_weight=58.340832591056824 85.02543032169342 86.914411380887032 54.354927390813828 1243.5191974639893 34.726221933960915 332.3783138692379 53.296566799283028
leaf_count=66 360 63 228 569 147 445 158
internal_value=0 0.00979255 -0.000671685 0.0110124 4.70427e-05 0.0116599 0.00486533
internal_weight=0 1863.53 194.566 1668.96 93.0671 1575.9 140.211
internal_count=2036 1676 449 1227 213 1014 221
is_linear=0
shrinkage=0.00895904


Tree=23
num_leaves=9
num_cat=0
split_feature=64 59 61 57 64 56 65 85
split_gain=588.012 291.458 163.179 151.693 147.439 141.302 98.3259 30.5098
threshold=107.65000000000002 350.00000000000006 0.033908045977011456 -2.7499999999999996 10.950000000000001 0.41421568627450983 3.5000000000000004 53.500000000000007
decision_type=2 2 2 2 2 2 2 2
left_child=1 2 4 7 -1 -4 -5 -3
right_child=-2 3 5 6 -6 -7 -8 -9
leaf_value=0.0082736934272141585 -0.014394853667792605 0.014450509209610999 0.012811767801302925 0.0041444382667308695 -0.014359642377187421 0.0063582562469116227 -0.014640382993848268 -0.005076081677983923
leaf_weight=59.071895778179169 84.732393622398376 37.830762177705765 1270.7690636515617 33.136619552969933 37.667846530675888 347.38101346790791 68.155751675367355 7.6251205801963797
leaf_count=69 360 10 591 58 160 478 287 23
internal_value=0 0.00971473 0.0107516 -0.00240043 -0.000549851 0.0114273 -0.00849871 0.0111669
internal_weight=0 1861.64 1714.89 146.748 96.7397 1618.15 101.292 45.4559
internal_count=2036 1676 1298 378 229 1069 345 33
is_linear=0
shrinkage=0.00895904


Tree=24
num_leaves=8
num_cat=0
split_feature=64 59 64 61 64 56 55
split_gain=578.52 286.863 186.648 142.553 141.175 123.096 116.915
threshold=107.65000000000002 250.00000000000003 26.150000000000002 0.033908045977011456 10.950000000000001 0.41421568627450983 1.5500000000000003
decision_type=2 2 2 2 2 2 2
left_child=1 3 6 4 -1 -5 -3
right_child=-2 2 -4 5 -6 -7 -8
leaf_value=0.0085392203829317316 -0.014316759281282867 0.0080576592500400529 -0.014784560837327125 0.012773327343990138 -0.014274972551135925 0.0066271101662082228 -0.015646154609191203
leaf_weight=58.302101492881775 84.433708190917969 120.77490149438381 54.034824773669243 1240.4816238880157 34.485644727945328 332.31476743519306 19.195421487092972
leaf_count=66 360 142 228 569 147 445 79
internal_value=0 0.00963835 -0.000671159 0.0108391 4.7891e-05 0.0114757 0.00478985
internal_weight=0 1859.59 194.005 1665.58 92.7877 1572.8 139.97
internal_count=2036 1676 449 1227 213 1014 221
is_linear=0
shrinkage=0.00895904


Tree=25
num_leaves=8
num_cat=0
split_feature=64 59 64 3 73 64 55
split_gain=569.2 282.054 183.808 140.207 163.316 144.912 114.972
threshold=107.65000000000002 250.00000000000003 26.150000000000002 68.500000000000014 38.050000000000004 18.650000000000002 1.5500000000000003
decision_type=2 2 2 2 2 2 2
left_child=1 3 6 4 -1 -5 -3
right_child=-2 2 -4 5 -6 -7 -8
leaf_value=0.011945722670161026 -0.014240190616076211 0.0079866548249016081 -0.014699637539226094 0.0062587430715272318 -0.0080770538597152528 -0.018268559469199131 -0.015542313430194264
leaf_weight=1500.7493660002947 84.129583239555359 120.75876043736935 53.861981496214867 106.25911176204681 33.298208549618721 23.435107573866844 19.152021259069443
leaf_count=893 360 142 228 139 100 95 79
internal_value=0 0.0095627 -0.000666212 0.010754 0.0115101 0.00180621 0.00474884
internal_weight=0 1857.51 193.773 1663.74 1534.05 129.694 139.911
internal_count=2036 1676 449 1227 993 234 221
is_linear=0
shrinkage=0.00895904


Tree=26
num_leaves=9
num_cat=0
split_feature=64 59 61 57 64 56 65 85
split_gain=559.989 277.682 157.384 146.733 142.046 137.208 94.9101 29.6786
threshold=107.65000000000002 350.00000000000006 0.033908045977011456 -2.7499999999999996 10.950000000000001 0.41421568627450983 3.5000000000000004 53.500000000000007
decision_type=2 2 2 2 2 2 2 2
left_child=1 2 4 7 -1 -4 -5 -3
right_child=-2 3 5 6 -6 -7 -8 -9
leaf_value=0.0080364450129298149 -0.014165108319007772 0.014235330355902851 0.012532623415757456 0.0040176131489889988 -0.014226254600860947 0.0061695855963551267 -0.014461725041135283 -0.0050384255840980642
leaf_weight=58.996426597237587 83.82020115852356 37.716864228248596 1265.9472658783197 33.142429754137993 37.43648873269558 347.21050824224949 67.603044360876083 7.614855855703353
leaf_count=69 360 10 591 58 160 478 287 23
internal_value=0 0.00948647 0.0104994 -0.00236671 -0.00061706 0.011164 -0.00838624 0.0109897
internal_weight=0 1855.67 1709.59 146.077 96.4329 1613.16 100.745 45.3317
internal_count=2036 1676 1298 378 229 1069 345 33
is_linear=0
shrinkage=0.00895904


Tree=27
num_leaves=8
num_cat=0
split_feature=64 59 64 3 73 64 38
split_gain=551.054 273.017 179.083 137.769 159.915 142.068 112.961
threshold=107.65000000000002 250.00000000000003 26.150000000000002 68.500000000000014 38.050000000000004 18.650000000000002 5.5000000000000009
decision_type=2 2 2 2 2 2 2
left_child=1 3 6 4 -1 -5 -3
right_child=-2 2 -4 5 -6 -7 -8
leaf_value=0.01176876689235771 -0.014091471874937086 0.010978928291907643 -0.014570151564407243 0.0061243739096961325 -0.0080557839172901262 -0.018171846178618181 -0.0055949022429519525
leaf_weight=1497.3496840149164 83.505755066871643 86.540244281291962 53.522735521197319 106.10249838232994 33.260026946663857 23.417050793766975 53.132125169038773
leaf_count=893 360 63 228 139 100 95 158
internal_value=0 0.00941342 -0.00066573 0.0105863 0.011337 0.00171112 0.00467497
internal_weight=0 1853.32 193.195 1660.13 1530.61 129.52 139.672
internal_count=2036 1676 449 1227 993 234 221
is_linear=0
shrinkage=0.00895904


Tree=28
num_leaves=9
num_cat=0
split_feature=64 59 61 57 64 56 65 85
split_gain=542.21 268.406 154.45 142.832 139.043 135.129 93.153 28.8012
threshold=107.65000000000002 350.00000000000006 0.033908045977011456 -2.7499999999999996 10.950000000000001 0.41421568627450983 3.5000000000000004 53.500000000000007
decision_type=2 2 2 2 2 2 2 2
left_child=1 2 4 7 -1 -4 -5 -3
right_child=-2 3 5 6 -6 -7 -8 -9
leaf_value=0.0078764772899708978 -0.014019239974787779 0.014059514827589466 0.012356556147516162 0.0039879326085377736 -0.014172695610529931 0.0060388904989940205 -0.014338256753439901 -0.004946344726381933
leaf_weight=58.931652784347534 83.186432719230652 37.611122786998749 1262.4045025110245 33.138227820396423 37.3343585729599 347.03829933702946 67.200558617711067 7.6008637696504584
leaf_count=69 360 10 591 58 160 478 287 23
internal_value=0 0.00933952 0.0103359 -0.00233565 -0.000685676 0.0109952 -0.0082895 0.0108565
internal_weight=0 1851.26 1705.71 145.551 96.266 1609.44 100.339 45.212
internal_count=2036 1676 1298 378 229 1069 345 33
is_linear=0
shrinkage=0.00895904


Tree=29
num_leaves=8
num_cat=0
split_feature=64 59 64 3 73 64 55
split_gain=533.622 264.302 174.535 135.423 156.626 139.295 110.766
threshold=107.65000000000002 250.00000000000003 26.150000000000002 68.500000000000014 38.050000000000004 18.650000000000002 1.5500000000000003
decision_type=2 2 2 2 2 2 2
left_child=1 3 6 4 -1 -5 -3
right_child=-2 2 -4 5 -6 -7 -8
leaf_value=0.011597118044029402 -0.013948379421967734 0.007783074425760728 -0.01444561353605462 0.0059930885928592172 -0.0080340608270932038 -0.018076626925622296 -0.015380473404983587
leaf_weight=1493.6223254203796 82.862411141395569 120.3591133505106 53.171952337026596 105.93454399704933 33.220917701721191 23.396939471364021 19.028606906533241
leaf_count=893 360 142 228 139 100 95 79
internal_value=0 0.00926854 -0.000665249 0.0104235 0.011169 0.00161826 0.00460397
internal_weight=0 1848.73 192.56 1656.17 1526.84 129.331 139.388
internal_count=2036 1676 449 1227 993 234 221
is_linear=0
shrinkage=0.00895904


Tree=30
num_leaves=9
num_cat=0
split_feature=64 73 55 3 64 74 56 64
split_gain=525.113 260.312 289.258 180.555 131.897 129.42 114.683 41.709
threshold=107.65000000000002 36.95000000000001 0.75000000000000011 68.500000000000014 15.350000000000003 1.5500000000000003 0.41421568627450983 2.9500000000000006
decision_type=2 2 2 2 2 2 2 2
left_child=1 3 5 6 -5 -3 -1 -4
right_child=-2 2 7 4 -6 -7 -8 -9
leaf_value=0.012359103719736768 -0.013878850873926356 -0.017595403595001204 0.0067605032819353476 0.0050212705072878979 -0.017517212074758409 0.011886354652029422 0.0063801968324798571 -0.016437932302127679
leaf_weight=1225.6612938791513 82.533872723579407 13.427267760038374 6.7338151186704627 78.572741836309433 28.147846817970276 98.424320906400681 326.86325703561306 68.687527254223824
leaf_count=575 360 55 9 116 115 61 459 286
internal_value=0 0.00919655 -0.000815266 0.0103265 -0.00094384 0.00832299 0.0111013 -0.0143546
internal_weight=0 1846.52 187.273 1659.25 106.721 111.852 1552.52 75.4213
internal_count=2036 1676 411 1265 231 116 1034 295
is_linear=0
shrinkage=0.00895904


Tree=31
num_leaves=9
num_cat=0
split_feature=64 59 61 57 64 56 65 85
split_gain=516.762 257.91 150.737 138.285 135.369 131.164 90.2845 27.9871
threshold=107.65000000000002 350.00000000000006 0.033908045977011456 -2.7499999999999996 10.950000000000001 0.41421568627450983 3.5000000000000004 53.500000000000007
decision_type=2 2 2 2 2 2 2 2
left_child=1 2 4 7 -1 -4 -5 -3
right_child=-2 3 5 6 -6 -7 -8 -9
leaf_value=0.0076575251893411782 -0.013810620455547764 0.013827117526342209 0.012103039640555639 0.0038550576643799038 -0.014124983767100257 0.005873558048599758 -0.014207304295231914 -0.0049227287497520689
leaf_weight=58.823907092213631 82.200983762741089 37.450221747159958 1256.5540461987257 33.140245199203491 37.228020697832108 346.73130655288696 66.736430332064629 7.5924085974693289
leaf_count=69 360 10 591 58 160 478 287 23
internal_value=0 0.00912538 0.0101037 -0.00234434 -0.000796069 0.0107567 -0.00821788 0.0106587
internal_weight=0 1844.26 1699.34 144.919 96.0519 1603.29 99.8767 45.0426
internal_count=2036 1676 1298 378 229 1069 345 33
is_linear=0
shrinkage=0.00895904


Tree=32
num_leaves=9
num_cat=0
split_feature=64 40 56 64 3 39 92 68
split_gain=508.662 255.662 333.989 196.807 148.904 119.767 74.0145 65.4936
threshold=107.65000000000002 36.650000000000013 0.51470588235294124 41.000000000000007 68.500000000000014 5.5000000000000009 0.13809523809523808 1582.5000000000002
decision_type=2 2 2 2 2 2 2 2
left_child=1 4 3 -3 6 -6 -1 -4
right_child=-2 2 7 -5 5 -7 -8 -9
leaf_value=0.011991386283622134 -0.013743657059880334 0.0090242211430239423 -0.01458936790717703 -0.015766094128249097 0.0055831004537956631 -0.018510830835413584 -0.0056356131756378778 0.010418641112747267
leaf_weight=1281.8862959742546 81.863910555839539 329.20211213827133 82.49768653512001 27.705832183361053 70.209749087691307 21.460779204964638 19.303437486290932 9.219192907214163
leaf_count=684 360 301 327 118 101 87 50 8
internal_value=0 0.0090573 0.00317353 0.00709233 0.0109517 -8.40671e-05 0.0117291 -0.0120589
internal_weight=0 1841.49 448.625 356.908 1392.86 91.6705 1301.19 91.7169
internal_count=2036 1676 754 419 922 188 734 335
is_linear=0
shrinkage=0.00895904


Tree=33
num_leaves=9
num_cat=0
split_feature=64 73 55 3 64 74 59 64
split_gain=500.623 251.991 280.64 174.883 128.045 126.289 111.723 40.3998
threshold=107.65000000000002 36.95000000000001 0.75000000000000011 68.500000000000014 15.350000000000003 1.5500000000000003 350.00000000000006 2.9500000000000006
decision_type=2 2 2 2 2 2 2 2
left_child=1 3 5 6 -5 -3 -1 -4
right_child=-2 2 7 4 -6 -7 -8 -9
leaf_value=0.01149301422931137 -0.013677924684804143 -0.017501560121278577 0.0065600014546474475 0.0048814401031138464 -0.017350279485875787 0.011656767051758672 0.0015989243822148783 -0.016311395000810618
leaf_weight=1448.1413173526525 81.522830128669739 13.395309388637541 6.7122518122196189 78.440261736512184 28.079229161143303 98.10297092795372 97.86595430970192 68.343673884868622
leaf_count=832 360 55 9 116 115 61 202 286
internal_value=0 0.00898792 -0.00088135 0.0101021 -0.0009994 0.00812952 0.010867 -0.0142542
internal_weight=0 1839.08 186.554 1652.53 106.519 111.498 1546.01 75.0559
internal_count=2036 1676 411 1265 231 116 1034 295
is_linear=0
shrinkage=0.00895904


Tree=34
num_leaves=9
num_cat=0
split_feature=64 40 56 64 3 39 92 68
split_gain=492.741 249.104 326.209 192.203 144.488 116.744 72.7146 64.0703
threshold=107.65000000000002 36.650000000000013 0.51470588235294124 41.000000000000007 68.500000000000014 5.5000000000000009 0.13809523809523808 1582.5000000000002
decision_type=2 2 2 2 2 2 2 2
left_child=1 4 3 -3 6 -6 -1 -4
right_child=-2 2 7 -5 5 -7 -8 -9
leaf_value=0.011820747339548885 -0.013613394519374775 0.0088926903709685527 -0.014474013576740259 -0.015651540372791855 0.0055185578433679305 -0.018270125458380894 -0.005656588015600237 0.010273305439218013
leaf_weight=1278.1144151985645 81.177892684936523 328.45532919466496 82.292194753885269 27.598751723766327 70.158223316073418 21.463988453149796 19.290176704525948 9.2115805000066739
leaf_count=684 360 301 327 118 101 87 50 8
internal_value=0 0.00891955 0.00310509 0.00698275 0.0107923 -8.05721e-05 0.0115601 -0.0119662
internal_weight=0 1836.58 447.558 356.054 1389.03 91.6222 1297.4 91.5038
internal_count=2036 1676 754 419 922 188 734 335
is_linear=0
shrinkage=0.00895904


Tree=35
num_leaves=9
num_cat=0
split_feature=64 73 55 3 64 74 56 64
split_gain=485.009 245.907 273.821 169.807 124.695 123.683 110.67 39.4698
threshold=107.65000000000002 36.95000000000001 0.75000000000000011 68.500000000000014 15.350000000000003 1.5500000000000003 0.41421568627450983 2.9500000000000006
decision_type=2 2 2 2 2 2 2 2
left_child=1 3 5 6 -5 -3 -1 -4
right_child=-2 2 7 4 -6 -7 -8 -9
leaf_value=0.011953475719444885 -0.013550034213408779 -0.017375997231163613 0.0064512756011197913 0.0048142276390999075 -0.017139945675255539 0.011495456319844496 0.0060693414583298478 -0.016179338207637572
leaf_weight=1215.4752667397261 80.829264521598816 13.382888302206991 6.6989907920360556 78.38084802031517 28.033475086092949 97.873532459139824 326.03825254738331 68.12577249109745
leaf_count=575 360 55 9 116 115 61 459 286
internal_value=0 0.00885209 -0.000909528 0.00995435 -0.00098951 0.00799846 0.0107099 -0.0141417
internal_weight=0 1834.01 186.081 1647.93 106.414 111.256 1541.51 74.8248
internal_count=2036 1676 411 1265 231 116 1034 295
is_linear=0
shrinkage=0.00895904


Tree=36
num_leaves=9
num_cat=0
split_feature=64 40 56 64 3 39 92 68
split_gain=477.428 243.494 317.877 187.709 140.314 113.835 71.4411 62.8279
threshold=107.65000000000002 36.650000000000013 0.51470588235294124 41.000000000000007 68.500000000000014 5.5000000000000009 0.13809523809523808 1582.5000000000002
decision_type=2 2 2 2 2 2 2 2
left_child=1 4 3 -3 6 -6 -1 -4
right_child=-2 2 7 -5 5 -7 -8 -9
leaf_value=0.011658036100602337 -0.01348781648827962 0.0087522851252299846 -0.014352455600254773 -0.015544952890902367 0.0054551335427323183 -0.018039612924274129 -0.0056716425516319885 0.010163997528788087
leaf_weight=1274.0645070970058 80.47709047794342 327.63675902783871 82.088840797543526 27.501086607575417 70.103557035326958 21.45864337682724 19.276360616087914 9.2055971324443799
leaf_count=684 360 301 327 118 101 87 50 8
internal_value=0 0.00878565 0.00303014 0.00686334 0.0106403 -7.70479e-05 0.0113989 -0.011864
internal_weight=0 1831.34 446.432 355.138 1384.9 91.5622 1293.34 91.2944
internal_count=2036 1676 754 419 922 188 734 335
is_linear=0
shrinkage=0.00895904


Tree=37
num_leaves=9
num_cat=0
split_feature=64 59 61 57 64 56 65 85
split_gain=469.987 240.507 145.265 130.986 128.592 125.081 85.8543 27.1466
threshold=107.65000000000002 350.00000000000006 0.033908045977011456 -2.7499999999999996 10.950000000000001 0.41421568627450983 3.5000000000000004 53.500000000000007
decision_type=2 2 2 2 2 2 2 2
left_child=1 2 4 7 -1 -4 -5 -3
right_child=-2 3 5 6 -6 -7 -8 -9
leaf_value=0.0072065938049734931 -0.013426712551372464 0.013446246826383571 0.011639958076579918 0.003617935527052136 -0.01407507619758919 0.00554306424161366 -0.01403185429430549 -0.005027897098422429
leaf_weight=58.52219070494175 80.121526122093201 37.135509684681892 1243.4486999213696 33.126825392246246 37.054792121052742 345.73361679911613 65.982539892196655 7.5945289283990851
leaf_count=69 360 10 591 58 160 478 287 23
internal_value=0 0.00872001 0.00966931 -0.00239684 -0.00105564 0.0103144 -0.00813668 0.0103011
internal_weight=0 1828.6 1684.76 143.839 95.577 1589.18 99.1094 44.73
internal_count=2036 1676 1298 378 229 1069 345 33
is_linear=0
shrinkage=0.00895904


Tree=38
num_leaves=9
num_cat=0
split_feature=64 73 55 3 64 74 56 64
split_gain=462.759 238.24 265.851 164.635 121.126 120.77 107.186 38.2591
threshold=107.65000000000002 36.95000000000001 0.75000000000000011 68.500000000000014 15.350000000000003 1.5500000000000003 0.41421568627450983 2.9500000000000006
decision_type=2 2 2 2 2 2 2 2
left_child=1 3 5 6 -5 -3 -1 -4
right_child=-2 2 7 4 -6 -7 -8 -9
leaf_value=0.011720735449005976 -0.01336669445516904 -0.017287890132817223 0.0062610773797508361 0.0046811137816569915 -0.016986382085887874 0.01128189673837111 0.005922531794001192 -0.016063400222826062
leaf_weight=1208.4999260008335 79.762716293334961 13.346227645874022 6.6748445630073538 78.233094066381454 27.947350069880486 97.488108322024345 325.47370907664299 67.746144413948059
leaf_count=575 360 55 9 116 115 61 459 286
internal_value=0 0.00865706 -0.000972378 0.0097447 -0.00104201 0.00781756 0.0104914 -0.0140499
internal_weight=0 1825.41 185.255 1640.15 106.18 110.834 1533.97 74.421
internal_count=2036 1676 411 1265 231 116 1034 295
is_linear=0
shrinkage=0.00895904


Tree=39
num_leaves=9
num_cat=0
split_feature=64 40 56 64 3 39 92 68
split_gain=455.595 236.347 307.402 181.795 136.093 111.014 70.1546 61.4099
threshold=107.65000000000002 36.650000000000013 0.51470588235294124 41.000000000000007 68.500000000000014 5.5000000000000009 0.13809523809523808 1582.5000000000002
decision_type=2 2 2 2 2 2 2 2
left_child=1 4 3 -3 6 -6 -1 -4
right_child=-2 2 7 -5 5 -7 -8 -9
leaf_value=0.011433066444845786 -0.013307734767789325 0.0085505895393719195 -0.014234744252995835 -0.015440494310578331 0.0053318965927118024 -0.017886614630372458 -0.005759835107213263 0.010023144034432753
leaf_weight=1267.5083725303411 79.400811195373535 326.14656715095043 81.7276261895895 27.312287375330925 69.97025403380394 21.430588766932487 19.230219647288322 9.1936673820018751
leaf_count=684 360 301 327 118 101 87 50 8
internal_value=0 0.00859316 0.0029099 0.00668935 0.010425 -0.000137882 0.0111753 -0.0117657
internal_weight=0 1822.52 444.38 353.459 1378.14 91.4008 1286.74 90.9213
internal_count=2036 1676 754 419 922 188 734 335
is_linear=0
shrinkage=0.00895904


Tree=40
num_leaves=8
num_cat=0
split_feature=64 59 64 61 64 56 38
split_gain=448.563 232.741 155.662 126.501 122.243 107.526 102.302
threshold=107.65000000000002 250.00000000000003 26.150000000000002 0.033908045977011456 10.950000000000001 0.41421568627450983 5.5000000000000009
decision_type=2 2 2 2 2 2 2
left_child=1 3 6 4 -1 -5 -3
right_child=-2 2 -4 5 -6 -7 -8
leaf_value=0.0073355178322813139 -0.013249811059350643 0.010188579921049065 -0.014056437092871105 0.011471626983868671 -0.01404408998235016 0.0056977139551705148 -0.0056560811147169853
leaf_weight=57.611975699663162 79.035939574241638 85.143482238054276 51.879985794425011 1207.8134877830744 33.955163151025772 330.29262667894363 52.874579414725304
leaf_count=66 360 63 228 569 147 445 158
internal_value=0 0.00853001 -0.000855614 0.00962366 -0.000605051 0.0102326 0.00411892
internal_weight=0 1819.57 189.898 1629.67 91.5671 1538.11 138.018
internal_count=2036 1676 449 1227 213 1014 221
is_linear=0
shrinkage=0.00895904


Tree=41
num_leaves=9
num_cat=0
split_feature=64 73 55 3 74 64 59 64
split_gain=441.716 231.061 257.934 159.645 118.149 117.638 104.312 37.0791
threshold=107.65000000000002 36.95000000000001 0.75000000000000011 68.500000000000014 1.5500000000000003 15.350000000000003 350.00000000000006 2.9500000000000006
decision_type=2 2 2 2 2 2 2 2
left_child=1 3 4 6 -3 -5 -1 -4
right_child=-2 2 7 5 -6 -7 -8 -9
leaf_value=0.010892458759725986 -0.013192894753129973 -0.017219846547922024 0.0060771305910631455 0.0045527175127793107 0.011073181358139705 -0.016832691813732745 0.0012997545209112035 -0.015946147734427964
leaf_weight=1428.6843346953392 78.668246269226074 13.315743982791899 6.6490179300308219 78.077655673027039 97.067324697971344 27.852520182728767 97.238588511943817 67.360298752784729
leaf_count=832 360 55 9 116 61 115 202 286
internal_value=0 0.00846914 -0.00103599 0.00954319 0.00763603 -0.00109023 0.0102814 -0.0139567
internal_weight=0 1816.25 184.392 1631.85 110.383 105.93 1525.92 74.0093
internal_count=2036 1676 411 1265 116 231 1034 295
is_linear=0
shrinkage=0.00895904


Tree=42
num_leaves=9
num_cat=0
split_feature=64 40 56 64 3 39 92 68
split_gain=434.938 228.841 298.112 176.027 131.981 108.319 68.9121 59.8573
threshold=107.65000000000002 36.650000000000013 0.51470588235294124 41.000000000000007 68.500000000000014 5.5000000000000009 0.13809523809523808 1582.5000000000002
decision_type=2 2 2 2 2 2 2 2
left_child=1 4 3 -3 6 -6 -1 -4
right_child=-2 2 7 -5 5 -7 -8 -9
leaf_value=0.011213859366338128 -0.013136964074428206 0.0083670960639230241 -0.014126625518256197 -0.015329597114317766 0.0052139145673907273 -0.017740141087282085 -0.0058469852008968606 0.0098479617222007893
leaf_weight=1260.4977114498615 78.297865390777588 324.64363810420036 81.350774392485619 27.098427459597588 69.830898270010948 21.396823987364769 19.181877255439758 9.1771424412727338
leaf_count=684 360 301 327 118 101 87 50 8
internal_value=0 0.00840752 0.00280229 0.00653408 0.0102152 -0.000195443 0.0109573 -0.0116803
internal_weight=0 1813.18 442.27 351.742 1370.91 91.2277 1279.68 90.5279
internal_count=2036 1676 754 419 922 188 734 335
is_linear=0
shrinkage=0.00895904


Tree=43
num_leaves=9
num_cat=0
split_feature=64 73 55 3 74 64 56 64
split_gain=428.284 225.649 251.863 155.15 115.79 114.659 103.838 36.2599
threshold=107.65000000000002 36.95000000000001 0.75000000000000011 68.500000000000014 1.5500000000000003 15.350000000000003 0.41421568627450983 2.9500000000000006
decision_type=2 2 2 2 2 2 2 2
left_child=1 3 4 6 -3 -5 -1 -4
right_child=-2 2 7 5 -6 -7 -8 -9
leaf_value=0.011359205137721521 -0.013081994302928829 -0.017102953199861076 0.0059778017443772209 0.0044911756723788254 0.010928234507014389 -0.016644575820659473 0.005638027602055215 -0.015827931294730334
leaf_weight=1196.1708779931068 77.924920320510864 13.297134280204771 6.6336841583251944 78.004947513341904 96.772436007857323 27.779645666480064 324.2783372849226 67.098227724432945
leaf_count=575 360 55 9 116 61 115 459 286
internal_value=0 0.00834671 -0.00106138 0.00941005 0.00751786 -0.00107904 0.0101399 -0.0138554
internal_weight=0 1810.04 183.801 1626.23 110.07 105.785 1520.45 73.7319
internal_count=2036 1676 411 1265 116 231 1034 295
is_linear=0
shrinkage=0.00895904


Tree=44
num_leaves=9
num_cat=0
split_feature=64 40 56 64 3 39 92 29
split_gain=421.755 223.902 290.654 172.031 128.292 105.707 67.7654 58.7417
threshold=107.65000000000002 36.650000000000013 0.51470588235294124 41.000000000000007 68.500000000000014 5.5000000000000009 0.13809523809523808 1.5000000000000002
decision_type=2 2 2 2 2 2 2 2
left_child=1 4 3 -3 6 -6 -1 -4
right_child=-2 2 7 -5 5 -7 -8 -9
leaf_value=0.011067799430922136 -0.013027965171962159 0.0082391232239193823 -0.014014116727860328 -0.015234692576934739 0.0051558827368715591 -0.017532550525260253 -0.0058571712889776122 0.009756801993552347
leaf_weight=1255.5952545106411 77.549545168876648 323.66532012820244 81.110933601856232 26.985289737582207 69.765473112463951 21.371014937758446 19.166712939739227 9.1621671766042692
leaf_count=684 360 301 327 118 101 87 50 8
internal_value=0 0.0082867 0.00273426 0.00642524 0.0100784 -0.0001898 0.0108125 -0.0115857
internal_weight=0 1806.82 440.924 350.651 1365.9 91.1365 1274.76 90.2731
internal_count=2036 1676 754 419 922 188 734 335
is_linear=0
shrinkage=0.00895904


Tree=45
num_leaves=9
num_cat=0
split_feature=64 40 56 64 3 39 92 68
split_gain=415.342 220.458 285.957 169.315 126.435 103.889 66.7464 58.04
threshold=107.65000000000002 36.650000000000013 0.51470588235294124 41.000000000000007 68.500000000000014 5.5000000000000009 0.13809523809523808 1582.5000000000002
decision_type=2 2 2 2 2 2 2 2
left_child=1 4 3 -3 6 -6 -1 -4
right_child=-2 2 7 -5 5 -7 -8 -9
leaf_value=0.010991157082801099 -0.012974852165157634 0.0081757565335328283 -0.013923150126979783 -0.015147019085854469 0.0051122681211624183 -0.017386021094077442 -0.0058024197510170988 0.0097114666199287717
leaf_weight=1253.0361096709967 77.171863317489624 323.25502976775169 80.936280950903893 26.899815812706947 69.732088848948479 21.359714642167091 19.175999879837036 9.1589774787425977
leaf_count=684 360 301 327 118 101 87 50 8
internal_value=0 0.00822739 0.00271386 0.00637668 0.0100072 -0.000188423 0.0107372 -0.0115047
internal_weight=0 1803.55 440.25 350.155 1363.3 91.0918 1272.21 90.0953
internal_count=2036 1676 754 419 922 188 734 335
is_linear=0
shrinkage=0.00895904


Tree=46
num_leaves=9
num_cat=0
split_feature=64 73 55 3 74 64 56 64
split_gain=409.047 218.788 244.134 148.878 112.97 110.836 101.869 35.2108
threshold=107.65000000000002 36.95000000000001 0.75000000000000011 68.500000000000014 1.5500000000000003 15.350000000000003 0.41421568627450983 2.9500000000000006
decision_type=2 2 2 2 2 2 2 2
left_child=1 3 4 6 -3 -5 -1 -4
right_child=-2 2 7 5 -6 -7 -8 -9
leaf_value=0.01115075530206612 -0.012922634540460505 -0.016993409324745308 0.0058303873385533011 0.0044085114353893439 0.010726901022179484 -0.016409650120733373 0.0054745250744227831 -0.015701553197491197
leaf_weight=1188.3273622691631 76.791998147964478 13.269781351089476 6.6082144528627387 77.888313680887222 96.301322236657143 27.657076209783554 323.44775359332561 66.719441592693329
leaf_count=575 360 55 9 116 61 115 459 286
internal_value=0 0.00816884 -0.00111761 0.00921904 0.0073458 -0.00106631 0.00993717 -0.0137507
internal_weight=0 1800.22 182.899 1617.32 109.571 105.545 1511.78 73.3277
internal_count=2036 1676 411 1265 116 231 1034 295
is_linear=0
shrinkage=0.00895904


Tree=47
num_leaves=9
num_cat=0
split_feature=64 59 61 57 64 56 65 62
split_gain=402.864 216.436 136.398 120.199 118.585 114.544 79.8248 27.6294
threshold=107.65000000000002 350.00000000000006 0.033908045977011456 -2.7499999999999996 10.950000000000001 0.41421568627450983 3.5000000000000004 6.5000000000000009
decision_type=2 2 2 2 2 2 2 2
left_child=1 2 4 7 -1 -4 -5 -3
right_child=-2 3 5 6 -6 -7 -8 -9
leaf_value=0.0065516087112302583 -0.012871293087390523 -0.0056894616898085478 0.010943153669897053 0.0032720615599983504 -0.01399901230035773 0.0050794423285090515 -0.013819540458588814 0.012973674416098703
leaf_weight=57.88423316180706 76.410056948661804 7.5879973769187918 1217.2000516504049 33.039735913276672 36.640318647027016 343.33644443750381 64.675717771053314 36.470404490828514
leaf_count=69 360 23 591 58 160 478 287 10
internal_value=0 0.00811096 0.00902094 -0.00250977 -0.00142635 0.00965386 -0.00804518 0.0097482
internal_weight=0 1796.83 1655.06 141.774 94.5246 1560.54 97.7155 44.0584
internal_count=2036 1676 1298 378 229 1069 345 33
is_linear=0
shrinkage=0.00895904


Tree=48
num_leaves=9
num_cat=0
split_feature=64 40 56 64 3 39 92 68
split_gain=396.839 214.315 276.727 164.156 122.838 101.394 65.6362 56.7839
threshold=107.65000000000002 36.650000000000013 0.51470588235294124 41.000000000000007 68.500000000000014 5.5000000000000009 0.13809523809523808 1582.5000000000002
decision_type=2 2 2 2 2 2 2 2
left_child=1 4 3 -3 6 -6 -1 -4
right_child=-2 2 7 -5 5 -7 -8 -9
leaf_value=0.010791710063000443 -0.012820806656667757 0.00799326596261455 -0.013816726103800232 -0.015058383779237123 0.0049988445541234508 -0.017251961833154847 -0.0058820690864380496 0.0095859443914455018
leaf_weight=1245.2112150043249 76.026173830032349 321.52157969772816 80.522288739681244 26.690710112452507 69.58109225332737 21.312483802437782 19.127996146678925 9.1423742324113828
leaf_count=684 360 301 327 118 101 87 50 8
internal_value=0 0.00805507 0.00260459 0.00621897 0.0098155 -0.000243527 0.0105386 -0.011415
internal_weight=0 1793.11 437.877 348.212 1355.23 90.8936 1264.34 89.6647
internal_count=2036 1676 754 419 922 188 734 335
is_linear=0
shrinkage=0.00895904


Tree=49
num_leaves=9
num_cat=0
split_feature=64 73 55 3 74 64 56 64
split_gain=390.874 212.312 237.387 144.603 110.445 107.824 98.9588 34.1857
threshold=107.65000000000002 36.95000000000001 0.75000000000000011 68.500000000000014 1.5500000000000003 15.350000000000003 0.41421568627450983 2.9500000000000006
decision_type=2 2 2 2 2 2 2 2
left_child=1 3 4 6 -3 -5 -1 -4
right_child=-2 2 7 5 -6 -7 -8 -9
leaf_value=0.01095003797995856 -0.012771156684934056 -0.016915193726360082 0.0056593481612246697 0.0042887475953029622 0.010542507017900615 -0.016283290116248173 0.0053458140750793047 -0.015606380609850423
leaf_weight=1179.8281334191561 75.640445351600647 13.224445030093191 6.5796679705381385 77.714197039604187 95.804169028997421 27.537368908524513 322.65329679846764 66.276135891675949
leaf_count=575 360 55 9 116 61 115 459 286
internal_value=0 0.00799854 -0.00117465 0.00903634 0.00718806 -0.00111318 0.0097474 -0.0136758
internal_weight=0 1789.62 181.884 1607.73 109.029 105.252 1502.48 72.8558
internal_count=2036 1676 411 1265 116 231 1034 295
is_linear=0
shrinkage=0.00895904


Tree=50
num_leaves=9
num_cat=0
split_feature=64 40 56 64 11 65 73 68
split_gain=385.013 209.815 269.895 160.504 120.766 94.5511 67.4939 55.7487
threshold=107.65000000000002 36.650000000000013 0.51470588235294124 41.000000000000007 2.5000000000000004 2.5000000000000004 38.050000000000004 1582.5000000000002
decision_type=2 2 2 2 2 2 2 2
left_child=1 4 3 -3 6 -6 -1 -4
right_child=-2 2 7 -5 5 -7 -8 -9
leaf_value=0.010432467422382815 -0.012722323538889689 0.0078733300380503957 -0.0137124019380136 -0.014971771055783499 0.0078564407538294061 -0.018361188433115322 -0.0061853072338729064 0.009493182083083215
leaf_weight=1286.047268524766 75.252989530563354 320.44984078407288 80.246356680989265 26.567334771156311 22.515523999929428 21.322757169604301 19.802220240235329 9.1307753771543485
leaf_count=756 360 301 327 118 23 88 55 8
internal_value=0 0.00794263 0.00254101 0.00611697 0.00968851 -0.00491961 0.0101796 -0.0113262
internal_weight=0 1786.08 436.394 347.017 1349.69 43.8383 1305.85 89.3771
internal_count=2036 1676 754 419 922 111 811 335
is_linear=0
shrinkage=0.00895904


Tree=51
num_leaves=9
num_cat=0
split_feature=64 59 61 57 64 68 65 62
split_gain=379.251 207.785 132.628 115.611 114.618 111.723 77.1833 27.1565
threshold=107.65000000000002 350.00000000000006 0.033908045977011456 -2.7499999999999996 10.950000000000001 1322.0000000000002 3.5000000000000004 6.5000000000000009
decision_type=2 2 2 2 2 2 2 2
left_child=1 2 4 7 -1 -4 -5 -3
right_child=-2 3 5 6 -6 -7 -8 -9
leaf_value=0.0063138518018499941 -0.012674289415025977 -0.0057863924344002246 0.0062386780304703199 0.0031181714982740642 -0.013948716795119035 0.011239596206262772 -0.013725391787956912 0.012734657110639633
leaf_weight=57.593092739582062 74.863913655281067 7.5816478282213202 566.49777722358704 32.989310815930367 36.410367295145988 981.2778294980526 64.036018699407578 36.145621910691261
leaf_count=69 360 23 633 58 160 436 287 10
internal_value=0 0.00788721 0.00878276 -0.00255634 -0.00154662 0.00941023 -0.00800337 0.00951167
internal_weight=0 1782.53 1641.78 140.753 94.0035 1547.78 97.0253 43.7273
internal_count=2036 1676 1298 378 229 1069 345 33
is_linear=0
shrinkage=0.00895904


Tree=52
num_leaves=9
num_cat=0
split_feature=64 73 55 3 74 64 56 64
split_gain=373.615 205.373 231.172 141.667 108.045 104.837 97.0149 33.2667
threshold=107.65000000000002 36.95000000000001 0.75000000000000011 68.500000000000014 1.5500000000000003 15.350000000000003 0.41421568627450983 2.9500000000000006
decision_type=2 2 2 2 2 2 2 2
left_child=1 3 4 6 -3 -5 -1 -4
right_child=-2 2 7 5 -6 -7 -8 -9
leaf_value=0.010761615261704501 -0.012627036141824997 -0.01682480817717116 0.0055140287031101576 0.0041295795178315628 0.010382277979086167 -0.016190493323904993 0.0052021351688742428 -0.015509330638063151
leaf_weight=1171.2327273786068 74.47331964969635 13.177997067570685 6.5536882728338233 77.505917325615883 95.330335646867752 27.434527367353439 321.71903748810291 65.817541763186455
leaf_count=575 360 55 9 116 61 115 459 286
internal_value=0 0.00783314 -0.00121359 0.00885726 0.00705405 -0.00120229 0.00956443 -0.0135957
internal_weight=0 1778.77 180.88 1597.89 108.508 104.94 1492.95 72.3712
internal_count=2036 1676 411 1265 116 231 1034 295
is_linear=0
shrinkage=0.00895904


Tree=53
num_leaves=9
num_cat=0
split_feature=64 40 56 64 11 65 92 29
split_gain=368.056 203.638 262.122 155.789 118.122 92.1945 66.6541 54.4646
threshold=107.65000000000002 36.650000000000013 0.51470588235294124 41.000000000000007 2.5000000000000004 2.5000000000000004 0.13809523809523808 1.5000000000000002
decision_type=2 2 2 2 2 2 2 2
left_child=1 4 3 -3 6 -6 -1 -4
right_child=-2 2 7 -5 5 -7 -8 -9
leaf_value=0.010245601556933756 -0.012580547203257256 0.0077109504904534351 -0.013622545762250913 -0.014885472860956957 0.0076897442428626311 -0.018243296635959898 -0.0062948530125256528 0.0093667725073088015
leaf_weight=1277.6865036338568 74.0813148021698 318.72504694759846 79.828301623463631 26.350195467472076 22.406045973300934 21.279511377215385 19.737742319703102 9.0895008742809278
leaf_count=758 360 301 327 118 23 88 53 8
internal_value=0 0.00777907 0.00244344 0.00597811 0.00950511 -0.0049664 0.00999306 -0.0112572
internal_weight=0 1775.1 433.993 345.075 1341.11 43.6856 1297.42 88.9178
internal_count=2036 1676 754 419 922 111 811 335
is_linear=0
shrinkage=0.00895904


Tree=54
num_leaves=9
num_cat=0
split_feature=64 59 61 57 64 68 65 62
split_gain=362.587 201.369 129.421 112.194 111.612 109.753 75.1588 26.6879
threshold=107.65000000000002 350.00000000000006 0.033908045977011456 -2.7499999999999996 10.950000000000001 1322.0000000000002 3.5000000000000004 6.5000000000000009
decision_type=2 2 2 2 2 2 2 2
left_child=1 2 4 7 -1 -4 -5 -3
right_child=-2 3 5 6 -6 -7 -8 -9
leaf_value=0.0061507754529072844 -0.012534805311514685 -0.0058230129039563497 0.0060831014608997329 0.003003027481654888 -0.013893426990269441 0.011053678788805659 -0.013647652547804799 0.012556534844598429
leaf_weight=57.3782679438591 73.687995672225952 7.5730676352977744 563.85607521235943 32.950136810541153 36.204170137643814 974.07545293867588 63.523563653230667 35.8787921667099
leaf_count=69 360 23 633 58 160 436 287 10
internal_value=0 0.00772538 0.00860992 -0.00258576 -0.00161602 0.0092323 -0.00796578 0.00934124
internal_weight=0 1771.44 1631.51 139.926 93.5824 1537.93 96.4737 43.4519
internal_count=2036 1676 1298 378 229 1069 345 33
is_linear=0
shrinkage=0.00895904


Tree=55
num_leaves=9
num_cat=0
split_feature=64 73 55 3 74 64 56 64
split_gain=357.238 199.286 225.162 138.839 105.601 101.955 95.153 32.3806
threshold=107.65000000000002 36.95000000000001 0.75000000000000011 68.500000000000014 1.5500000000000003 15.350000000000003 0.41421568627450983 2.9500000000000006
decision_type=2 2 2 2 2 2 2 2
left_child=1 3 4 6 -3 -5 -1 -4
right_child=-2 2 7 5 -6 -7 -8 -9
leaf_value=0.010581088858245069 -0.012489795747927602 -0.016734678265928008 0.0053635650024165321 0.0039758130488255902 0.010214230268229395 -0.016099806314888887 0.0050641689635580085 -0.01542648999723913
leaf_weight=1162.39227001369 73.293458819389343 13.129777178168295 6.5254386216402045 77.287302523851395 94.819112673401833 27.324997961521149 320.730294495821 65.35649698972702
leaf_count=575 360 55 9 116 61 115 459 286
internal_value=0 0.00767302 -0.00126425 0.00868533 0.00691242 -0.00128762 0.00938886 -0.0135296
internal_weight=0 1767.57 179.831 1587.73 107.949 104.612 1483.12 71.8819
internal_count=2036 1676 411 1265 116 231 1034 295
is_linear=0
shrinkage=0.00895904


Tree=56
num_leaves=9
num_cat=0
split_feature=64 40 56 64 11 65 92 68
split_gain=351.962 197.714 254.636 151.263 115.566 89.9146 65.4944 53.2313
threshold=107.65000000000002 36.650000000000013 0.51470588235294124 41.000000000000007 2.5000000000000004 2.5000000000000004 0.13809523809523808 1582.5000000000002
decision_type=2 2 2 2 2 2 2 2
left_child=1 4 3 -3 6 -6 -1 -4
right_child=-2 2 7 -5 5 -7 -8 -9
leaf_value=0.010064323010441646 -0.012445499844227364 0.007553489704919536 -0.013539790609324566 -0.014803292314248581 0.0075279134851335945 -0.018128376117897319 -0.0063543590052652036 0.0092092078756318852
leaf_weight=1269.0470066815615 72.897800803184509 316.9490859657526 79.367602035403252 26.12851694226265 22.293699637055397 21.232440441846848 19.682426914572716 9.0767989605665189
leaf_count=758 360 301 327 118 23 88 53 8
internal_value=0 0.00762068 0.00234881 0.00584344 0.00932765 -0.00501154 0.00981264 -0.01119
internal_weight=0 1763.78 431.522 343.078 1332.26 43.5261 1288.73 88.4444
internal_count=2036 1676 754 419 922 111 811 335
is_linear=0
shrinkage=0.00895904


Tree=57
num_leaves=9
num_cat=0
split_feature=64 59 61 57 64 68 65 62
split_gain=346.77 195.218 126.311 108.91 108.72 107.868 73.2578 26.2377
threshold=107.65000000000002 350.00000000000006 0.033908045977011456 -2.7499999999999996 10.950000000000001 1322.0000000000002 3.5000000000000004 6.5000000000000009
decision_type=2 2 2 2 2 2 2 2
left_child=1 2 4 7 -1 -4 -5 -3
right_child=-2 3 5 6 -6 -7 -8 -9
leaf_value=0.0059932548958704542 -0.012401904118755894 -0.0058583684192620566 0.0059321793019707072 0.0028945481927967237 -0.013840321106318497 0.010874286572626483 -0.013574752857561762 0.012385895992256674
leaf_weight=57.155034437775612 72.501118183135986 7.5635453313589087 561.13863705098629 32.906579494476318 35.990370646119118 966.63840253651142 63.002433508634567 35.602067083120346
leaf_count=69 360 23 633 58 160 436 287 10
internal_value=0 0.00756868 0.00844262 -0.00261451 -0.00168266 0.00906008 -0.00792937 0.00917685
internal_weight=0 1760 1620.92 139.075 93.1454 1527.78 95.909 43.1656
internal_count=2036 1676 1298 378 229 1069 345 33
is_linear=0
shrinkage=0.00895904


Tree=58
num_leaves=9
num_cat=0
split_feature=64 73 55 3 74 64 56 64
split_gain=341.689 193.478 219.358 136.098 103.364 99.1602 93.3603 31.5319
threshold=107.65000000000002 36.95000000000001 0.75000000000000011 68.500000000000014 1.5500000000000003 15.350000000000003 0.41421568627450983 2.9500000000000006
decision_type=2 2 2 2 2 2 2 2
left_child=1 3 4 6 -3 -5 -1 -4
right_child=-2 2 7 5 -6 -7 -8 -9
leaf_value=0.01040675568471594 -0.012358995180770133 -0.016663014917741113 0.0052171236998313783 0.0038263025927783309 0.01005239672904068 -0.016010622168155408 0.0049305941883227801 -0.015348095890344124
leaf_weight=1153.3088700026274 72.103491425514221 13.079141512513159 6.4965590685605994 77.059005603194237 94.289839848875999 27.210046410560608 319.69639423489571 64.882379919290543
leaf_count=575 360 55 9 116 61 115 459 286
internal_value=0 0.00751793 -0.00131447 0.00851893 0.00677399 -0.00136999 0.00921904 -0.0134671
internal_weight=0 1756.02 178.748 1577.27 107.369 104.269 1473.01 71.3789
internal_count=2036 1676 411 1265 116 231 1034 295
is_linear=0
shrinkage=0.00895904


Tree=59
num_leaves=9
num_cat=0
split_feature=64 40 56 64 3 39 92 68
split_gain=336.678 192.032 247.419 146.914 113.423 95.7406 62.4704 51.9402
threshold=107.65000000000002 36.650000000000013 0.51470588235294124 41.000000000000007 68.500000000000014 5.5000000000000009 0.13809523809523808 1582.5000000000002
decision_type=2 2 2 2 2 2 2 2
left_child=1 4 3 -3 6 -6 -1 -4
right_child=-2 2 7 -5 5 -7 -8 -9
leaf_value=0.010116667625164201 -0.01231675457853337 0.0074006704287387171 -0.013455153729403264 -0.01472501577634309 0.0045763096723826953 -0.017128780967219912 -0.0062323746822436797 0.0090547870027018196
leaf_weight=1214.1376180052757 71.70502245426178 315.1276737600565 78.910121858119965 25.902769923210144 68.908851876854897 21.16044682264328 18.932243376970291 9.04834336042404
leaf_count=684 360 301 327 118 101 87 50 8
internal_value=0 0.0074672 0.00225698 0.00571274 0.00915587 -0.00054826 0.0098647 -0.0111247
internal_weight=0 1752.13 428.989 341.03 1323.14 90.0693 1233.07 87.9585
internal_count=2036 1676 754 419 922 188 734 335
is_linear=0
shrinkage=0.00895904


Tree=60
num_leaves=8
num_cat=0
split_feature=64 59 64 61 64 56 79
split_gain=331.753 189.478 128.121 110.737 103.928 94.4266 92.1069
threshold=107.65000000000002 250.00000000000003 26.150000000000002 0.033908045977011456 10.950000000000001 0.41421568627450983 9.5000000000000018
decision_type=2 2 2 2 2 2 2
left_child=1 3 6 4 -1 -5 -3
right_child=-2 2 -4 5 -6 -7 -8
leaf_value=0.0061404675694251704 -0.012275171954251379 -0.0077745284074787948 -0.013542913380846759 0.010216290494591808 -0.013846456802351749 0.0047407703001629475 0.0082757415973289776
leaf_weight=56.174926102161407 71.305781006813049 41.294870048761368 49.15167136490345 1150.9940886348486 32.979758605360985 324.60868391394615 92.98717924952507
leaf_count=66 360 132 228 569 147 445 89
internal_value=0 0.00741702 -0.00119626 0.00842678 -0.00126661 0.00901255 0.0033357
internal_weight=0 1748.19 183.434 1564.76 89.1547 1475.6 134.282
internal_count=2036 1676 449 1227 213 1014 221
is_linear=0
shrinkage=0.00895904


Tree=61
num_leaves=9
num_cat=0
split_feature=64 40 56 64 11 65 73 29
split_gain=326.931 188.001 241.78 143.444 112.63 87.1743 63.8758 51.1012
threshold=107.65000000000002 36.650000000000013 0.51470588235294124 41.000000000000007 2.5000000000000004 2.5000000000000004 38.050000000000004 1.5000000000000002
decision_type=2 2 2 2 2 2 2 2
left_child=1 4 3 -3 6 -6 -1 -4
right_child=-2 2 7 -5 5 -7 -8 -9
leaf_value=0.0097770159230465611 -0.012234232309583761 0.0072941709748763151 -0.01336799504388961 -0.014647816493562487 0.007262652470558139 -0.018083291464039947 -0.0064731532946634435 0.0090074267852334692
leaf_weight=1254.0200476795435 70.905863642692566 313.91695666313171 78.595681488513947 25.707456737756729 22.088640496134758 21.145662799477577 19.595346316695213 9.0085498094558698
leaf_count=756 360 301 327 118 23 88 55 8
internal_value=0 0.00736798 0.00220256 0.00562592 0.00904323 -0.00515849 0.00952604 -0.0110522
internal_weight=0 1744.08 427.229 339.624 1316.85 43.2343 1273.62 87.6042
internal_count=2036 1676 754 419 922 111 811 335
is_linear=0
shrinkage=0.00895904


Tree=62
num_leaves=9
num_cat=0
split_feature=64 73 55 3 74 64 61 64
split_gain=322.166 186.146 212.121 131.721 100.841 95.6878 91.2463 30.4489
threshold=107.65000000000002 36.95000000000001 0.75000000000000011 68.500000000000014 1.5500000000000003 15.350000000000003 0.033908045977011456 2.9500000000000006
decision_type=2 2 2 2 2 2 2 2
left_child=1 3 4 6 -3 -5 -1 -4
right_child=-2 2 7 5 -6 -7 -8 -9
leaf_value=-0.00017008986596666738 -0.012193920626029002 -0.016593314303459582 0.005029095685671392 0.0036661622801389387 0.0098560622790845702 -0.01587658068562281 0.0095465212743797243 -0.0152488700187346
leaf_weight=82.191855326294899 70.505350828170776 13.022511169314383 6.455214485526084 76.765363484621048 93.548678740859032 27.033912047743797 1376.8273135721684 64.269478186964989
leaf_count=180 360 55 9 116 61 115 854 286
internal_value=0 0.00731866 -0.00137961 0.00830551 0.0065999 -0.00144328 0.00899918 -0.0133892
internal_weight=0 1740.11 177.296 1562.82 106.571 103.799 1459.02 70.7247
internal_count=2036 1676 411 1265 116 231 1034 295
is_linear=0
shrinkage=0.00895904


Tree=63
num_leaves=9
num_cat=0
split_feature=64 40 56 64 11 65 92 68
split_gain=317.476 184.208 236.517 140.325 110.38 85.2049 63.3221 50.1675
threshold=107.65000000000002 36.650000000000013 0.51470588235294124 41.000000000000007 2.5000000000000004 2.5000000000000004 0.13809523809523808 1582.5000000000002
decision_type=2 2 2 2 2 2 2 2
left_child=1 4 3 -3 6 -6 -1 -4
right_child=-2 2 7 -5 5 -7 -8 -9
leaf_value=0.0096628411500844225 -0.012154227718156099 0.0071914063505725276 -0.013291430477046028 -0.014572291565789285 0.0071630290188228135 -0.017927509241370234 -0.006537151217600832 0.0088846119631625798
leaf_weight=1247.9333058595657 70.104312300682068 312.73223970830441 78.259240582585335 25.556874766945839 22.010355591773987 21.109788671135902 19.545234203338623 9.0079893320798856
leaf_count=758 360 301 327 118 23 88 53 8
internal_value=0 0.00726969 0.00214714 0.00553984 0.00893243 -0.00514468 0.00941206 -0.0109877
internal_weight=0 1736.16 425.556 338.289 1310.6 43.1201 1267.48 87.2672
internal_count=2036 1676 754 419 922 111 811 335
is_linear=0
shrinkage=0.00895904


Tree=64
num_leaves=9
num_cat=0
split_feature=64 86 64 73 49 66 64 59
split_gain=312.867 182.858 275.785 168.205 114.281 74.5677 74.3985 3.06888
threshold=107.65000000000002 -24.499999999999996 45.000000000000007 36.95000000000001 0.67708333333333337 1692.0000000000002 7.6500000000000012 250.00000000000003
decision_type=2 2 2 2 2 2 2 2
left_child=1 2 3 -1 5 -3 -6 -4
right_child=-2 4 7 -5 6 -7 -8 -9
leaf_value=0.0071067854029031379 -0.01211513653241913 0.010387049615387115 -0.017318995432600029 -0.0071884102230830946 0.0056342361317298084 -0.0081381446917375595 -0.019036258867475446 -0.012863468149232091
leaf_weight=524.75832265615463 69.702839255332947 1016.8796119987965 28.447466358542442 75.419753342866898 21.676352694630623 17.610122889280319 17.633959665894508 29.720946475863457
leaf_count=533 360 498 120 233 25 49 74 144
internal_value=0 0.00722129 0.00350221 0.00530866 0.0095004 0.0100702 -0.00547063 -0.0150925
internal_weight=0 1732.15 658.346 600.178 1073.8 1034.49 39.3103 58.1684
internal_count=2036 1676 1030 766 646 547 99 264
is_linear=0
shrinkage=0.00895904


Tree=65
num_leaves=9
num_cat=0
split_feature=64 59 61 68 57 64 65 62
split_gain=308.318 180.88 118.484 104.858 101.976 101.908 69.2077 25.4594
threshold=107.65000000000002 350.00000000000006 0.033908045977011456 1322.0000000000002 -2.7499999999999996 10.950000000000001 3.5000000000000004 6.5000000000000009
decision_type=2 2 2 2 2 2 2 2
left_child=1 2 5 -4 7 -1 -6 -3
right_child=-2 4 3 -5 6 -7 -8 -9
leaf_value=0.0056158954538724024 -0.012076637278369122 -0.006010500770377813 0.0055257923148438982 0.010439982760839791 0.002632883009943101 -0.013718062158316035 -0.013452599487087585 0.012018874070183143
leaf_weight=56.561443954706192 69.300996065139771 7.5322260111570349 552.94625177979469 946.34676946699619 32.774213269352913 35.42623271048069 61.735534980893135 34.913903251290321
leaf_count=69 360 23 633 436 58 160 287 10
internal_value=0 0.00717283 0.00802308 0.00862856 -0.00270336 -0.00184278 -0.00788018 0.00880636
internal_weight=0 1728.24 1591.28 1499.29 136.956 91.9877 94.5097 42.4461
internal_count=2036 1676 1298 1069 378 229 345 33
is_linear=0
shrinkage=0.00895904


Tree=66
num_leaves=9
num_cat=0
split_feature=64 86 64 73 49 66 64 59
split_gain=303.876 179.359 269.677 164.639 112.58 73.519 72.846 3.03422
threshold=107.65000000000002 -24.499999999999996 45.000000000000007 36.95000000000001 0.67708333333333337 1692.0000000000002 7.6500000000000012 250.00000000000003
decision_type=2 2 2 2 2 2 2 2
left_child=1 2 3 -1 5 -3 -6 -4
right_child=-2 4 7 -5 6 -7 -8 -9
leaf_value=0.0070075850956576669 -0.012038719623286195 0.010274678741820783 -0.017223491227525041 -0.0071492317570076812 0.0055270993940925847 -0.0081234772788089955 -0.018908713532413177 -0.012779373808116461
leaf_weight=522.90215095877647 68.898857831954956 1011.2357045263052 28.373856604099274 75.287361919879913 21.611404240131378 17.604096472263336 17.614172771573067 29.427550539374352
leaf_count=533 360 498 120 233 25 49 74 144
internal_value=0 0.00712588 0.00343721 0.00522407 0.00939037 0.0099584 -0.00548376 -0.015011
internal_weight=0 1724.06 655.991 598.19 1068.07 1028.84 39.2256 57.8014
internal_count=2036 1676 1030 766 646 547 99 264
is_linear=0
shrinkage=0.00895904


Tree=67
num_leaves=9
num_cat=0
split_feature=64 86 64 73 49 65 64 59
split_gain=299.478 177.077 265.542 161.918 110.967 72.9891 71.5389 2.89705
threshold=107.65000000000002 -24.499999999999996 45.000000000000007 36.95000000000001 0.67708333333333337 5.5000000000000009 7.6500000000000012 250.00000000000003
decision_type=2 2 2 2 2 2 2 2
left_child=1 2 3 -1 5 -3 -6 -4
right_child=-2 4 7 -5 6 -7 -8 -9
leaf_value=0.0069550935067340808 -0.012001366639903579 0.0057075833289699221 -0.017092582716133366 -0.0070869926817679488 0.0054848025409066281 0.011263413062217776 -0.01873553757099871 -0.012731364846403968
leaf_weight=522.1334520727396 68.49650502204895 252.38979552686214 28.336648434400558 75.269880160689354 21.58455191552639 773.48073674738407 17.619462937116623 29.275288954377174
leaf_count=533 360 293 120 233 25 254 74 144
internal_value=0 0.00707837 0.00341142 0.00518412 0.00933249 0.00989788 -0.00543815 -0.0149263
internal_weight=0 1720.09 655.015 597.403 1065.07 1025.87 39.204 57.6119
internal_count=2036 1676 1030 766 646 547 99 264
is_linear=0
shrinkage=0.00895904


Tree=68
num_leaves=9
num_cat=0
split_feature=64 40 56 64 3 39 64 68
split_gain=295.154 175.537 227.292 132.901 109.308 91.3064 62.0836 48.3446
threshold=107.65000000000002 36.650000000000013 0.51470588235294124 41.000000000000007 68.500000000000014 5.5000000000000009 44.000000000000007 1582.5000000000002
decision_type=2 2 2 2 2 2 2 2
left_child=1 4 3 -3 6 -6 -1 -4
right_child=-2 2 7 -5 5 -7 -8 -9
leaf_value=0.0076032184977735846 -0.011964573395594452 0.0069625282368626995 -0.013193412262617695 -0.014384550996358441 0.0041450302906975694 -0.017113468352614989 0.011716360042248991 0.0086437832856063757
leaf_weight=686.71140010654926 68.093996644020081 309.83944919705391 77.583641156554222 25.142239063978195 68.185059770941734 21.067293792963028 518.60223311185837 8.9549877345561963
leaf_count=609 360 301 327 118 101 87 125 8
internal_value=0 0.00703138 0.00200873 0.00535294 0.00866624 -0.000898518 0.00937455 -0.0109194
internal_weight=0 1716.09 421.52 334.982 1294.57 89.2524 1205.31 86.5386
internal_count=2036 1676 754 419 922 188 734 335
is_linear=0
shrinkage=0.00895904


Tree=69
num_leaves=9
num_cat=0
split_feature=64 59 68 64 57 73 65 62
split_gain=290.922 173.591 115.318 195.002 98.6969 97.8048 67.2537 24.9809
threshold=107.65000000000002 350.00000000000006 1322.0000000000002 51.850000000000001 -2.7499999999999996 37.750000000000007 3.5000000000000004 6.5000000000000009
decision_type=2 2 2 2 2 2 2 2
left_child=1 2 3 -1 7 -4 -6 -3
right_child=-2 4 5 -5 6 -7 -8 -9
leaf_value=0.0059229976505351545 -0.011928323653663107 -0.0060379279495138766 0.010110354682348822 -0.017343097264243445 0.0025161684792346798 -0.012089118096087955 -0.013380185943871682 0.011850581558822413
leaf_weight=576.42913709580898 67.691407799720764 7.5162792950868598 953.28957661986351 30.257949829101562 32.719272673130035 16.045750960707664 61.053215324878693 34.580435410141945
leaf_count=640 360 23 470 129 58 59 287 10
internal_value=0 0.00698554 0.00782315 0.00475748 -0.00272751 0.00974054 -0.00783954 0.00864324
internal_weight=0 1711.89 1576.02 606.687 135.869 969.335 93.7725 42.0967
internal_count=2036 1676 1298 769 378 529 345 33
is_linear=0
shrinkage=0.00895904


Tree=70
num_leaves=9
num_cat=0
split_feature=64 86 64 73 49 66 64 59
split_gain=286.751 172.161 256.12 157.457 109.037 72.4871 69.7546 2.7655
threshold=107.65000000000002 -24.499999999999996 45.000000000000007 36.95000000000001 0.67708333333333337 1692.0000000000002 7.6500000000000012 250.00000000000003
decision_type=2 2 2 2 2 2 2 2
left_child=1 2 3 -1 5 -3 -6 -4
right_child=-2 4 7 -5 6 -7 -8 -9
leaf_value=0.0068115024121993065 -0.011892610202613514 0.010055108153443786 -0.016900722804220961 -0.0070561360746616416 0.005335688467517659 -0.0082422845988634509 -0.018611977540041992 -0.012610538174918659
leaf_weight=519.2867279201746 67.288797497749329 999.66873945295811 28.228020995855331 75.075723022222519 21.481964379549026 17.548993587493896 17.605021998286247 28.837447732686996
leaf_count=533 360 498 120 233 25 49 74 144
internal_value=0 0.00693988 0.00331618 0.00505809 0.0091736 0.00973793 -0.00548809 -0.0147825
internal_weight=0 1707.73 651.428 594.362 1056.3 1017.22 39.087 57.0655
internal_count=2036 1676 1030 766 646 547 99 264
is_linear=0
shrinkage=0.00895904


Tree=71
num_leaves=9
num_cat=0
split_feature=64 86 64 73 49 65 64 59
split_gain=282.635 169.997 252.233 154.86 107.482 72.23 68.5217 2.64162
threshold=107.65000000000002 -24.499999999999996 45.000000000000007 36.95000000000001 0.67708333333333337 5.5000000000000009 7.6500000000000012 250.00000000000003
decision_type=2 2 2 2 2 2 2 2
left_child=1 2 3 -1 5 -3 -6 -4
right_child=-2 4 7 -5 6 -7 -8 -9
leaf_value=0.0067607598004264715 -0.011857419358228706 0.00549659909703784 -0.016777421984968871 -0.0069949106504711527 0.0052949596351986664 0.011048834521445925 -0.018446733646857699 -0.012565221302227134
leaf_weight=518.50195553898811 66.886240839958191 250.32596664130688 28.182330682873726 75.056119024753571 21.454862341284752 763.85505291819572 17.605300799012184 28.683545097708702
leaf_count=533 360 293 120 233 25 254 74 144
internal_value=0 0.00689417 0.00329148 0.00501961 0.00911797 0.00967972 -0.00544319 -0.0147024
internal_weight=0 1703.67 650.424 593.558 1053.24 1014.18 39.0602 56.8659
internal_count=2036 1676 1030 766 646 547 99 264
is_linear=0
shrinkage=0.00895904


Tree=72
num_leaves=9
num_cat=0
split_feature=64 40 56 64 11 65 92 45
split_gain=278.589 168.676 219.741 126.794 107.825 82.1087 61.614 47.0098
threshold=107.65000000000002 36.650000000000013 0.51470588235294124 41.000000000000007 2.5000000000000004 2.5000000000000004 0.13809523809523808 6.5000000000000009
decision_type=2 2 2 2 2 2 2 2
left_child=1 4 3 -3 6 -6 -1 -4
right_child=-2 2 7 -5 5 -7 -8 -9
leaf_value=0.0091953691247003855 -0.01182274395109624 0.0067836221273054626 0.0020789993540937476 -0.014204405885039753 0.0067013693936703814 -0.018061586991607217 -0.0068663819973243936 -0.014234314331958616
leaf_weight=1219.3791256397963 66.483791470527649 307.48344901204109 17.836030930280685 24.800871595740318 21.639429926872253 21.013071030378342 19.344139039516449 68.068828091025352
leaf_count=758 360 301 35 118 23 88 53 300
internal_value=0 0.00684895 0.00190728 0.00520978 0.00846116 -0.00552398 0.00894351 -0.0108499
internal_weight=0 1699.56 418.189 332.284 1281.38 42.6525 1238.72 85.9049
internal_count=2036 1676 754 419 922 111 811 335
is_linear=0
shrinkage=0.00895904


Tree=73
num_leaves=9
num_cat=0
split_feature=64 86 64 73 49 64 64 59
split_gain=274.615 166.759 246.063 151.614 105.854 71.7306 67.0777 2.54516
threshold=107.65000000000002 -24.499999999999996 45.000000000000007 36.95000000000001 0.67708333333333337 19.450000000000003 7.6500000000000012 250.00000000000003
decision_type=2 2 2 2 2 2 2 2
left_child=1 2 3 -1 5 -3 -6 -4
right_child=-2 4 7 -5 6 -7 -8 -9
leaf_value=0.0066655190713829368 -0.011788571936576238 0.0062927140265399435 -0.016643672699639952 -0.0069574612208508036 0.0051974271568267861 0.011318347825526619 -0.018317062956085713 -0.012486916211559651
leaf_weight=516.66398733854294 66.08151376247406 350.16121327877045 28.09736642241478 74.939857870340347 21.3844283670187 658.15784841775894 17.586781904101372 28.382385566830635
leaf_count=533 360 368 120 233 25 179 74 144
internal_value=0 0.00680441 0.00323118 0.00493813 0.00901458 0.00957463 -0.00545123 -0.0146044
internal_weight=0 1695.37 648.084 591.604 1047.29 1008.32 38.9712 56.4798
internal_count=2036 1676 1030 766 646 547 99 264
is_linear=0
shrinkage=0.00895904


Tree=74
num_leaves=9
num_cat=0
split_feature=64 59 61 68 64 57 65 62
split_gain=270.702 165.308 112.583 100.05 95.3534 95.061 64.9633 24.4448
threshold=107.65000000000002 350.00000000000006 0.033908045977011456 1322.0000000000002 10.950000000000001 -2.7499999999999996 3.5000000000000004 6.5000000000000009
decision_type=2 2 2 2 2 2 2 2
left_child=1 2 4 -4 -1 7 -7 -3
right_child=-2 5 3 -5 -6 6 -8 -9
leaf_value=0.0051679386489455366 -0.011754894248578574 -0.0060777115813327037 0.0051336886417451258 0.0099814481075106622 -0.013661439679199871 0.0023649456230697107 -0.013307901995247968 0.011659153877192968
leaf_weight=55.802008256316185 65.679466724395752 7.4917095303535453 544.16220611333847 921.78020705282688 34.944398880004883 32.644908249378204 60.219866290688515 34.160951510071754
leaf_count=69 360 23 633 436 160 58 287 10
internal_value=0 0.00676013 0.00758346 0.00818287 -0.00209609 -0.00276482 -0.00780464 0.00845524
internal_weight=0 1691.21 1556.69 1465.94 90.7464 134.517 92.8648 41.6527
internal_count=2036 1676 1298 1069 229 378 345 33
is_linear=0
shrinkage=0.00895904


Tree=75
num_leaves=9
num_cat=0
split_feature=64 86 64 73 49 66 64 59
split_gain=266.868 163.685 240.737 148.42 104.324 71.6508 65.7134 2.5156
threshold=107.65000000000002 -24.499999999999996 45.000000000000007 36.95000000000001 0.67708333333333337 1692.0000000000002 7.6500000000000012 250.00000000000003
decision_type=2 2 2 2 2 2 2 2
left_child=1 2 3 -1 5 -3 -6 -4
right_child=-2 4 7 -5 6 -7 -8 -9
leaf_value=0.0065737984631017736 -0.011721702670577492 0.0097920115216955806 -0.016560381521012871 -0.0069186957712485493 0.0050975623354890956 -0.0084476278651744331 -0.018204107195280601 -0.012412957859851382
leaf_weight=514.73276230692863 65.277704000473022 984.91737104952335 28.009349822998047 74.804420530796051 21.316863998770714 17.456179901957512 17.556922078132629 28.081168368458748
leaf_count=533 360 498 120 233 25 49 74 144
internal_value=0 0.00671685 0.00317133 0.00486005 0.00891425 0.0094728 -0.00546347 -0.0145337
internal_weight=0 1686.88 645.628 589.537 1041.25 1002.37 38.8738 56.0905
internal_count=2036 1676 1030 766 646 547 99 264
is_linear=0
shrinkage=0.00895904


Tree=76
num_leaves=9
num_cat=0
split_feature=64 40 56 64 3 39 64 68
split_gain=263.076 162.203 212.85 121.571 106.844 87.5767 61.8572 45.8087
threshold=107.65000000000002 36.650000000000013 0.51470588235294124 41.000000000000007 68.500000000000014 5.5000000000000009 44.000000000000007 1582.5000000000002
decision_type=2 2 2 2 2 2 2 2
left_child=1 4 3 -3 6 -6 -1 -4
right_child=-2 2 7 -5 5 -7 -8 -9
leaf_value=0.0071980068563185923 -0.011688985475976965 0.0066160058584603942 -0.013029590937659655 -0.014079204087723524 0.003751221840506116 -0.017119097176908574 0.011350814691912833 0.0083385026799132032
leaf_weight=674.83543217182159 64.876289963722229 305.10732163488865 76.388119429349899 24.441891252994537 67.479247495532036 21.001475110650063 504.58602979779243 8.8670931011438352
leaf_count=609 360 301 327 118 101 87 125 8
internal_value=0 0.00667321 0.00180906 0.00507374 0.00826402 -0.00122851 0.00897625 -0.0107932
internal_weight=0 1682.71 414.804 329.549 1267.9 88.4807 1179.42 85.2552
internal_count=2036 1676 754 419 922 188 734 335
is_linear=0
shrinkage=0.00895904


Tree=77
num_leaves=9
num_cat=0
split_feature=64 86 64 73 49 65 64 59
split_gain=259.361 160.31 235.165 145.301 102.597 71.2281 64.3723 2.42536
threshold=107.65000000000002 -24.499999999999996 45.000000000000007 36.95000000000001 0.67708333333333337 5.5000000000000009 7.6500000000000012 250.00000000000003
decision_type=2 2 2 2 2 2 2 2
left_child=1 2 3 -1 5 -3 -6 -4
right_child=-2 4 7 -5 6 -7 -8 -9
leaf_value=0.0064861077752848073 -0.011656735150117869 0.0051938364157677608 -0.016438797994590935 -0.0068762800744809381 0.0050148370954723924 0.010746455993610335 -0.018070748298001087 -0.012343825054648982
leaf_weight=512.93304264545441 64.47527289390564 247.2090874761343 27.911557823419571 74.683031439781189 21.252709224820137 749.05879002809525 17.536979302763939 27.789755895733833
leaf_count=533 360 293 120 233 25 254 74 144
internal_value=0 0.00663056 0.0031171 0.00478609 0.00881328 0.00936994 -0.00545919 -0.0144455
internal_weight=0 1678.37 643.317 587.616 1035.06 996.268 38.7897 55.7013
internal_count=2036 1676 1030 766 646 547 99 264
is_linear=0
shrinkage=0.00895904


Tree=78
num_leaves=9
num_cat=0
split_feature=64 59 61 68 64 57 65 62
split_gain=255.69 158.848 109.463 97.8177 92.3568 92.1236 63.2489 24.007
threshold=107.65000000000002 350.00000000000006 0.033908045977011456 1322.0000000000002 10.950000000000001 -2.7499999999999996 3.5000000000000004 6.5000000000000009
decision_type=2 2 2 2 2 2 2 2
left_child=1 2 4 -4 -1 7 -7 -3
right_child=-2 5 3 -5 -6 6 -8 -9
leaf_value=0.0049882709308233146 -0.011624943100650306 -0.0061025081797794808 0.0049719342122790996 0.0097871927033743589 -0.013612426175621063 0.0022588910327249775 -0.013248064306722013 0.011507513936896072
leaf_weight=55.469961389899254 64.074706435203552 7.4729442149400702 540.25189603865147 910.40682506561279 34.64905196428299 32.578995198011398 59.518577754497528 33.817759871482849
leaf_count=69 360 23 633 436 160 58 287 10
internal_value=0 0.00658774 0.00739967 0.00799481 -0.0021768 -0.0027879 -0.00776903 0.00830641
internal_weight=0 1674.17 1540.78 1450.66 90.119 133.388 92.0976 41.2907
internal_count=2036 1676 1298 1069 229 378 345 33
is_linear=0
shrinkage=0.00895904


Tree=79
num_leaves=9
num_cat=0
split_feature=64 56 64 64 64 92 61 59
split_gain=252.094 157.473 352.439 156.703 123.917 102.28 17.4408 3.89211
threshold=107.65000000000002 0.11437908496732026 41.000000000000007 27.850000000000005 9.8500000000000032 -0.16025641025641016 0.12158167036215817 250.00000000000003
decision_type=2 2 2 2 2 2 2 2
left_child=1 3 5 4 -1 -3 -5 -4
right_child=-2 2 7 6 -6 -7 -8 -9
leaf_value=0.0060259592868565836 -0.011593599633936575 -0.0098502164057822274 -0.017029719966585644 0.0064001192950661496 -0.011949815270572943 0.0062662358566686763 0.012200019138648986 -0.012424149366738848
leaf_weight=154.2276152074337 63.674649596214294 32.769068136811256 42.75426059961319 45.796671137213707 38.257385492324829 782.54635664820671 545.88271670043468 27.556336954236031
leaf_count=163 360 102 183 44 116 857 68 143
internal_value=0 0.00654591 0.00395566 0.0094696 0.00244474 0.0056163 0.0117534 -0.0152636
internal_weight=0 1669.79 885.626 784.164 192.485 815.315 591.679 70.3106
internal_count=2036 1676 1285 391 279 959 112 326
is_linear=0
shrinkage=0.00895904


Tree=80
num_leaves=9
num_cat=0
split_feature=64 40 56 64 11 65 64 45
split_gain=248.527 156.389 206.329 116.45 105.029 79.4431 60.5801 44.8853
threshold=107.65000000000002 36.650000000000013 0.51470588235294124 41.000000000000007 2.5000000000000004 2.5000000000000004 44.000000000000007 6.5000000000000009
decision_type=2 2 2 2 2 2 2 2
left_child=1 4 3 -3 6 -6 -1 -4
right_child=-2 2 7 -5 5 -7 -8 -9
leaf_value=0.0068754445878552789 -0.011562698059604734 0.006448700277678342 0.0019376339096266368 -0.013949068409758953 0.0063505559004757642 -0.018128244056525713 0.010948644450512669 -0.014087776318528009
leaf_weight=711.33907790482044 63.275139927864075 302.74136111140251 17.676878124475479 24.084797441959381 21.325905621051788 20.902003884315491 500.665098965168 66.947545066475868
leaf_count=670 360 301 35 118 23 88 141 300
internal_value=0 0.00650334 0.00170938 0.00493817 0.00807548 -0.00579261 0.00855952 -0.0107432
internal_weight=0 1665.68 411.451 326.826 1254.23 42.2279 1212 84.6244
internal_count=2036 1676 754 419 922 111 811 335
is_linear=0
shrinkage=0.00895904


Tree=81
num_leaves=9
num_cat=0
split_feature=64 86 64 73 49 66 64 59
split_gain=245.036 155.023 224.921 141.37 100.314 70.5243 62.7521 2.32102
threshold=107.65000000000002 -24.499999999999996 45.000000000000007 36.95000000000001 0.67708333333333337 1692.0000000000002 7.6500000000000012 250.00000000000003
decision_type=2 2 2 2 2 2 2 2
left_child=1 2 3 -1 5 -3 -6 -4
right_child=-2 4 7 -5 6 -7 -8 -9
leaf_value=0.0063160043568559806 -0.01153222764513335 0.0095015409654245642 -0.016256042500729914 -0.0068874611553353705 0.0048620503200208776 -0.0086483165801075294 -0.017976732313345772 -0.012213760470013027
leaf_weight=509.11541779339314 62.876236438751221 966.8710695207119 27.719016253948212 74.463654458522797 21.136145249009132 17.352541118860245 17.489190265536308 27.215100541710854
leaf_count=533 360 498 120 233 25 49 74 144
internal_value=0 0.0064619 0.00299682 0.00462952 0.00862399 0.0091799 -0.00551624 -0.0143032
internal_weight=0 1661.36 638.513 583.579 1022.85 984.224 38.6253 54.9341
internal_count=2036 1676 1030 766 646 547 99 264
is_linear=0
shrinkage=0.00895904


Tree=82
num_leaves=9
num_cat=0
split_feature=64 56 64 64 64 92 61 59
split_gain=241.591 153.374 340.741 155.46 121.702 99.9583 17.3832 3.69394
threshold=107.65000000000002 0.11437908496732026 41.000000000000007 27.850000000000005 9.8500000000000032 -0.16025641025641016 0.12158167036215817 250.00000000000003
decision_type=2 2 2 2 2 2 2 2
left_child=1 3 5 4 -1 -3 -5 -4
right_child=-2 2 7 6 -6 -7 -8 -9
leaf_value=0.0058833421918386098 -0.011502182729460983 -0.0098022472759923731 -0.016846089164539332 0.0062511764026867951 -0.011946257604321057 0.0061401080826996544 0.012066330974098054 -0.012323936359952117
leaf_weight=153.1575391292572 62.477982044219971 32.733260899782181 42.557723134756088 45.399285480380058 38.241589143872261 778.49685595929623 539.40428374707699 27.124940916895866
leaf_count=163 360 102 183 44 116 857 68 143
internal_value=0 0.00642046 0.00386064 0.00932391 0.00231249 0.00549464 0.0116171 -0.0151247
internal_weight=0 1657.12 880.913 776.203 191.399 811.23 584.804 69.6827
internal_count=2036 1676 1285 391 279 959 112 326
is_linear=0
shrinkage=0.00895904


Tree=83
num_leaves=9
num_cat=0
split_feature=64 86 64 73 49 64 64 59
split_gain=238.191 152.083 218.28 138.748 98.3042 70.1998 61.536 2.12391
threshold=107.65000000000002 -24.499999999999996 45.000000000000007 36.95000000000001 0.67708333333333337 19.450000000000003 7.6500000000000012 250.00000000000003
decision_type=2 2 2 2 2 2 2 2
left_child=1 2 3 -1 5 -3 -6 -4
right_child=-2 4 7 -5 6 -7 -8 -9
leaf_value=0.0062263016599989635 -0.011472556019840216 0.0058111296969681429 -0.016047449480343989 -0.0068579338292902919 0.004813275201972585 0.010847060889899368 -0.017817052067540782 -0.0121412707784478
leaf_weight=507.41272908449173 62.080419659614563 343.01782208681107 27.591629192233086 74.449976727366447 21.096285343170166 634.99288421869278 17.476991981267929 26.925697475671768
leaf_count=533 360 368 120 233 25 179 74 144
internal_value=0 0.006379 0.00294305 0.00455042 0.00852893 0.00908231 -0.005477 -0.0141679
internal_weight=0 1652.96 636.38 581.863 1016.58 978.011 38.5733 54.5173
internal_count=2036 1676 1030 766 646 547 99 264
is_linear=0
shrinkage=0.00895904


Tree=84
num_leaves=8
num_cat=0
split_feature=64 61 56 64 64 64 40
split_gain=234.858 150.936 137.765 345.856 119.876 95.8215 48.6645
threshold=107.65000000000002 0.033908045977011456 0.41421568627450983 23.650000000000002 19.450000000000003 10.950000000000001 34.750000000000007
decision_type=2 2 2 2 2 2 2
left_child=1 5 4 -4 -3 6 -1
right_child=-2 2 3 -5 -6 -7 -8
leaf_value=0.0094472761173441371 -0.011443336552978019 0.0044257045633702358 0.0062740760912414709 -0.016378965764737557 0.010555213193133026 -0.013443379247185519 -0.0079695725214805058
leaf_weight=38.802450954914093 61.683602929115295 379.92262257635593 309.70876437425613 65.347058340907097 788.3705403059721 47.453669339418411 19.0514195561409
leaf_count=27 360 462 356 290 262 225 54
internal_value=0 0.00633843 0.00704654 0.00232077 0.008563 -0.00403305 0.00370412
internal_weight=0 1648.66 1543.35 375.056 1168.29 105.308 57.8539
internal_count=2036 1676 1370 646 724 306 81
is_linear=0
shrinkage=0.00895904


Tree=85
num_leaves=9
num_cat=0
split_feature=64 40 56 64 3 39 64 45
split_gain=231.593 149.604 197.642 110.701 103.382 83.8315 59.7504 43.5153
threshold=107.65000000000002 36.650000000000013 0.51470588235294124 41.000000000000007 68.500000000000014 5.5000000000000009 44.000000000000007 6.5000000000000009
decision_type=2 2 2 2 2 2 2 2
left_child=1 4 3 -3 6 -6 -1 -4
right_child=-2 2 7 -5 5 -7 -8 -9
leaf_value=0.0068093443036485292 -0.011414521047935356 0.0062414508018084729 0.0018535065927335981 -0.013801379239707945 0.0033831987196462801 -0.017105209272488257 0.010948947043137092 -0.013974217524371743
leaf_weight=662.38435299694538 61.287564039230347 299.81886504590511 17.590325742959976 23.699612557888031 66.717545077204704 20.889249011874199 486.85308231413364 66.233773216605186
leaf_count=609 360 301 35 118 101 87 125 300
internal_value=0 0.0062988 0.00158874 0.00476583 0.00784951 -0.00152853 0.00856456 -0.0106559
internal_weight=0 1644.19 407.343 323.518 1236.84 87.6068 1149.24 83.8241
internal_count=2036 1676 754 419 922 188 734 335
is_linear=0
shrinkage=0.00895904


Tree=86
num_leaves=8
num_cat=0
split_feature=64 61 56 64 64 64 40
split_gain=228.372 148.077 134.735 338.582 118.697 94.0931 47.7577
threshold=107.65000000000002 0.033908045977011456 0.41421568627450983 23.650000000000002 19.450000000000003 10.950000000000001 34.750000000000007
decision_type=2 2 2 2 2 2 2
left_child=1 5 4 -4 -3 6 -1
right_child=-2 2 3 -5 -6 -7 -8
leaf_value=0.0093462057071722771 -0.011386098235221805 0.0043477438447875197 0.0061973072547420261 -0.016266229440095616 0.010461694471780006 -0.013396738615542109 -0.0079210581141469314
leaf_weight=38.630459427833557 60.892356634140015 378.59803679585457 308.88117477297783 65.031370908021927 782.42304350435734 47.15945790708065 19.048324212431908
leaf_count=27 360 462 356 290 262 225 54
internal_value=0 0.00625924 0.00696286 0.00228403 0.00846906 -0.0040361 0.003636
internal_weight=0 1639.77 1534.93 373.913 1161.02 104.838 57.6788
internal_count=2036 1676 1370 646 724 306 81
is_linear=0
shrinkage=0.00895904


Tree=87
num_leaves=9
num_cat=0
split_feature=64 59 68 64 57 73 65 86
split_gain=225.208 147.152 104.355 166.595 87.8401 87.4896 59.8635 27.1229
threshold=107.65000000000002 350.00000000000006 1322.0000000000002 51.850000000000001 -2.7499999999999996 37.750000000000007 3.5000000000000004 -534.99999999999989
decision_type=2 2 2 2 2 2 2 2
left_child=1 2 3 -1 7 -4 -6 -3
right_child=-2 4 5 -5 6 -7 -8 -9
leaf_value=0.0051589423487165458 -0.011358063803830531 -0.016422334291330706 0.0092685559989466714 -0.016677328929089595 0.0019789429413937937 -0.011919393652472354 -0.013188250571925251 0.010190175202532801
leaf_weight=557.35536335408688 60.498012900352478 3.1754325777292243 901.45930998027325 29.343844458460808 32.427995100617409 15.76112988591194 58.257670387625694 37.498698994517326
leaf_count=640 360 13 470 129 58 59 287 20
internal_value=0 0.00622029 0.00701452 0.00406168 -0.00286954 0.00890204 -0.00777168 0.00804479
internal_weight=0 1635.28 1503.92 586.699 131.36 917.22 90.6857 40.6741
internal_count=2036 1676 1298 769 378 529 345 33
is_linear=0
shrinkage=0.00895904


Tree=88
num_leaves=9
num_cat=0
split_feature=64 86 64 86 49 66 64 59
split_gain=222.079 145.858 206.149 134.208 95.6434 69.298 59.4008 1.94812
threshold=107.65000000000002 -24.499999999999996 45.000000000000007 -350.49999999999994 0.67708333333333337 1692.0000000000002 7.6500000000000012 250.00000000000003
decision_type=2 2 2 2 2 2 2 2
left_child=1 2 3 -1 5 -3 -6 -4
right_child=-2 4 7 -5 6 -7 -8 -9
leaf_value=0.0063460439527718588 -0.011330409746530374 0.0091838843947502375 -0.015791945022023912 -0.0050639416040524727 0.0046109628567212492 -0.0088704211136122167 -0.017688817346128632 -0.011995399196354315
leaf_weight=476.40043373405933 60.104575753211975 945.4382941275835 27.308118984103203 99.973658338189125 20.933872446417809 17.232734337449074 17.401475816965103 26.241538763046265
leaf_count=515 360 498 120 251 25 49 74 144
internal_value=0 0.00618104 0.00280239 0.00436589 0.00830623 0.00885897 -0.00554857 -0.0139813
internal_weight=0 1630.93 629.924 576.374 1001.01 962.671 38.3353 53.5497
internal_count=2036 1676 1030 766 646 547 99 264
is_linear=0
shrinkage=0.00895904


Tree=89
num_leaves=9
num_cat=0
split_feature=64 56 64 64 64 5 61 59
split_gain=218.979 144.638 315.7 152.99 120.151 96.9866 17.2636 3.28571
threshold=107.65000000000002 0.11437908496732026 41.000000000000007 27.850000000000005 9.8500000000000032 9.5000000000000018 0.12158167036215817 250.00000000000003
decision_type=2 2 2 2 2 2 2 2
left_child=1 3 5 4 -1 -3 -5 -4
right_child=-2 2 7 6 -6 -7 -8 -9
leaf_value=0.0055983273700052722 -0.011303131519741145 0.0056258865778517084 -0.016457563631527429 0.0059140290721113901 -0.012197936303565771 -0.01880989547752801 0.011777495610940174 -0.01211212335291518
leaf_weight=150.93437458574772 59.712077379226685 787.9933252632618 42.05919985473156 44.322687715291977 37.946120083332062 13.073582127690313 524.31181661784649 26.14740364253521
leaf_count=163 360 902 183 44 116 57 68 143
internal_value=0 0.00614131 0.00364626 0.00900278 0.00201421 0.00522266 0.0113226 -0.0148306
internal_weight=0 1626.79 869.274 757.515 188.88 801.067 568.635 68.2066
internal_count=2036 1676 1285 391 279 959 112 326
is_linear=0
shrinkage=0.00895904


Tree=90
num_leaves=8
num_cat=0
split_feature=64 61 56 64 64 64 40
split_gain=215.933 143.686 130.62 326.159 117.265 90.7293 47.1431
threshold=107.65000000000002 0.033908045977011456 0.41421568627450983 23.650000000000002 19.450000000000003 10.950000000000001 34.750000000000007
decision_type=2 2 2 2 2 2 2
left_child=1 5 4 -4 -3 6 -1
right_child=-2 2 3 -5 -6 -7 -8
leaf_value=0.0091770395598107287 -0.011276218204136513 0.0041890476616286707 0.0060309197634326036 -0.016095384876018345 0.010296126420051647 -0.013325424937540103 -0.0080117067183939905
leaf_weight=38.324629351496696 59.320566058158875 375.73494070768356 307.32390174269676 64.539462238550186 770.95920360088348 46.681471735239029 19.011994600296021
leaf_count=27 360 462 356 290 262 225 54
internal_value=0 0.00610216 0.00679993 0.00218438 0.00829608 -0.00407823 0.00346943
internal_weight=0 1622.58 1518.56 371.863 1146.69 104.018 57.3366
internal_count=2036 1676 1370 646 724 306 81
is_linear=0
shrinkage=0.00895904


Tree=91
num_leaves=9
num_cat=0
split_feature=64 40 56 64 11 65 92 45
split_gain=212.962 142.485 187.959 104.655 100.753 75.6705 59.2167 41.9411
threshold=107.65000000000002 36.650000000000013 0.51470588235294124 41.000000000000007 2.5000000000000004 2.5000000000000004 0.13809523809523808 6.5000000000000009
decision_type=2 2 2 2 2 2 2 2
left_child=1 4 3 -3 6 -6 -1 -4
right_child=-2 2 7 -5 5 -7 -8 -9
leaf_value=0.0083368330580383398 -0.011249666582400151 0.0059996688607703869 0.001739574286424379 -0.013660965178655803 0.0059216550169902066 -0.018133079605626466 -0.007593892110098783 -0.013862805416261118
leaf_weight=1155.2972994148731 58.930073976516724 296.14503726363182 17.475553616881371 23.271175742149353 20.921931773424149 20.7292340695858 18.894723117351532 65.319347277283669
leaf_count=758 360 301 35 118 23 88 53 300
internal_value=0 0.00606446 0.00144121 0.00455989 0.00759339 -0.00607775 0.00807927 -0.0105729
internal_weight=0 1618.05 402.211 319.416 1215.84 41.6512 1174.19 82.7949
internal_count=2036 1676 754 419 922 111 811 335
is_linear=0
shrinkage=0.00895904


Tree=92
num_leaves=9
num_cat=0
split_feature=64 86 64 73 49 65 64 59
split_gain=210.02 141.247 196.125 132.658 93.425 68.7473 57.5561 1.76224
threshold=107.65000000000002 -24.499999999999996 45.000000000000007 36.95000000000001 0.67708333333333337 5.5000000000000009 7.6500000000000012 250.00000000000003
decision_type=2 2 2 2 2 2 2 2
left_child=1 2 3 -1 5 -3 -6 -4
right_child=-2 4 7 -5 6 -7 -8 -9
leaf_value=0.0058773717323163518 -0.011223468462727882 0.0045346500499712714 -0.015547269846924066 -0.006970662449126295 0.0044485333110811532 0.010086457053026104 -0.017556403236967149 -0.011880225464076147
leaf_weight=498.50098790228367 58.540633320808411 239.98061081767082 27.043544590473175 73.920541733503342 20.800164923071861 710.433528393507 17.337609842419624 25.685077160596848
leaf_count=533 360 293 120 233 25 254 74 144
internal_value=0 0.00602638 0.00269209 0.00421641 0.008134 0.00868584 -0.00559218 -0.0138108
internal_weight=0 1613.7 625.15 572.422 988.552 950.414 38.1378 52.7286
internal_count=2036 1676 1030 766 646 547 99 264
is_linear=0
shrinkage=0.00895904


Tree=93
num_leaves=14
num_cat=0
split_feature=59 64 49 64 39 92 6 38 54 78 45 64 64
split_gain=207.479 123.225 116.015 177.701 117.375 87.7776 82.9763 81.6526 57.2822 50.424 6.71927 4.06855 0.905157
threshold=250.00000000000003 26.150000000000002 0.69615384615384623 17.650000000000002 14.500000000000002 0.13809523809523808 1.0000000180025095e-35 5.5000000000000009 34.550000000000004 6.5000000000000009 1.5000000000000002 105.00000000000001 42.800000000000004
decision_type=2 2 2 2 2 2 2 2 2 2 2 2 2
left_child=2 7 4 6 5 -1 -4 9 -9 -2 -6 -5 -3
right_child=1 12 3 11 10 -7 -8 8 -10 -11 -12 -13 -14
leaf_value=0.0080555944037226154 -0.016992653985088198 -0.01446721610632332 -0.011635892800942658 -0.017363566367371484 -0.0016384548751882375 -0.0096268672133908266 0.0089505204713068685 0.0060512206568269743 -0.013583948105488375 0.010132349522693084 -0.018009065479940019 -0.011067782980401699 -0.011602054159563571
leaf_weight=1269.2556452006102 5.7876291424036017 15.472658336162565 18.811519831418991 32.414220109581947 2.3769374936819103 22.785763382911682 91.059452667832375 18.522196903824806 32.838311076164246 71.210144951939583 14.710218042135237 13.071281924843786 59.208361566066742
leaf_count=903 25 70 59 140 8 72 65 25 133 38 68 81 349
internal_value=0 -0.00309681 0.00656456 -0.00075434 0.0074331 0.00774236 0.00541152 0.002228 -0.0065063 0.00805609 -0.0157765 -0.0156088 -0.0122314
internal_weight=0 203.039 1464.49 155.356 1309.13 1292.04 109.871 128.358 51.3605 76.9978 17.0872 45.4855 74.681
internal_count=2036 640 1396 345 1051 975 124 221 158 63 76 221 419
is_linear=0
shrinkage=0.00895904


Tree=94
num_leaves=8
num_cat=0
split_feature=64 61 56 64 64 64 40
split_gain=204.854 139.425 126.814 314.097 116.455 87.7355 46.0143
threshold=107.65000000000002 0.033908045977011456 0.41421568627450983 23.650000000000002 19.450000000000003 10.950000000000001 34.750000000000007
decision_type=2 2 2 2 2 2 2
left_child=1 5 4 -4 -3 6 -1
right_child=-2 2 3 -5 -6 -7 -8
leaf_value=0.00899761403849067 -0.011179529958039206 0.0040256367422494754 0.0058668785302742792 -0.015939270361357446 0.010142796567575815 -0.013269614287112753 -0.0080223048809799392
leaf_weight=37.981681033968925 57.87585785984993 372.66871616244316 305.36074128746986 63.960646644234657 759.81602773070335 46.174794703722 18.967430964112282
leaf_count=27 360 462 356 290 262 225 54
internal_value=0 0.00595233 0.0066443 0.00208404 0.00813085 -0.0041184 0.00332071
internal_weight=0 1604.93 1501.81 369.321 1132.48 103.124 56.9491
internal_count=2036 1676 1370 646 724 306 81
is_linear=0
shrinkage=0.00895904


Tree=95
num_leaves=14
num_cat=0
split_feature=59 64 49 64 39 6 92 64 38 54 78 64 64
split_gain=202.638 120.283 113.219 173.571 115.128 81.6613 81.6234 80.1729 80.1205 56.2153 49.626 3.86015 0.86767
threshold=250.00000000000003 26.150000000000002 0.69615384615384623 17.650000000000002 13.500000000000002 1.0000000180025095e-35 0.13809523809523808 4.1500000000000012 5.5000000000000009 34.550000000000004 6.5000000000000009 105.00000000000001 42.800000000000004
decision_type=2 2 2 2 2 2 2 2 2 2 2 2 2
left_child=2 8 4 5 6 -4 -1 -6 10 -10 -2 -5 -3
right_child=1 12 3 11 7 -7 -8 -9 9 -11 -12 -13 -14
leaf_value=0.0081040620007455672 -0.016899352941317263 -0.014380189694686135 -0.011556776865775964 -0.017194854859733631 0.009553713665566347 0.0088656355236860461 -0.0093520788492987058 -0.018061791119472127 0.0059624134836561956 -0.013504069699762368 0.010034856213282746 -0.011016308954157145 -0.011550621749859704
leaf_weight=1243.1412028372288 5.7784836143255225 15.369532078504561 18.826876670122147 32.313555270433426 12.919767707586287 90.713840216398239 21.725442141294479 23.615030631422997 18.499684900045395 32.769262105226517 70.800963699817657 12.898074641823767 58.508215993642807
leaf_count=863 25 70 59 140 10 65 67 111 25 133 38 81 349
internal_value=0 -0.00309017 0.00648837 -0.000755095 0.00734971 0.00534137 0.00780285 -0.00829666 0.00216986 -0.00648339 0.00796511 -0.0154866 -0.0121752
internal_weight=0 201.726 1456.15 154.752 1301.4 109.541 1264.87 36.5348 127.848 51.2689 76.5794 45.2116 73.8777
internal_count=2036 640 1396 345 1051 124 930 121 221 158 63 221 419
is_linear=0
shrinkage=0.00895904


Tree=96
num_leaves=9
num_cat=0
split_feature=64 56 64 64 64 19 61 59
split_gain=199.775 137.023 293.798 151.807 119.023 94.5729 17.0526 3.02061
threshold=107.65000000000002 0.11437908496732026 41.000000000000007 27.850000000000005 9.8500000000000032 14.500000000000002 0.12158167036215817 250.00000000000003
decision_type=2 2 2 2 2 2 2 2
left_child=1 3 5 4 -1 -3 -5 -4
right_child=-2 2 7 6 -6 -7 -8 -9
leaf_value=0.0053120783762414543 -0.011135728717607235 0.0058757988130617392 -0.016147418231271575 0.0056251972998153038 -0.012491682077355374 -0.0055872859935506116 0.011521206839978275 -0.011906423351821085
leaf_weight=148.63290756940842 57.197327986359596 727.36114180088043 41.554293245077133 43.285141125321388 37.603523731231689 62.59932367503643 509.66607035696507 25.162054657936096
leaf_count=163 360 798 183 44 116 161 68 143
internal_value=0 0.00588032 0.00344055 0.00870623 0.00170802 0.00496626 0.0110618 -0.0145869
internal_weight=0 1595.86 856.677 739.188 186.236 789.96 552.951 66.7163
internal_count=2036 1676 1285 391 279 959 112 326
is_linear=0
shrinkage=0.00895904


Tree=97
num_leaves=14
num_cat=0
split_feature=59 64 49 64 39 6 92 79 64 72 84 64 64
split_gain=197.513 117.936 110.693 169.695 112.858 80.4894 80.2434 79.2577 78.5933 61.2773 51.4883 3.68013 0.86078
threshold=250.00000000000003 26.150000000000002 0.69615384615384623 17.650000000000002 13.500000000000002 1.0000000180025095e-35 0.13809523809523808 9.5000000000000018 4.1500000000000012 10.500000000000002 0.36666666666666675 105.00000000000001 42.800000000000004
decision_type=2 2 2 2 2 2 2 2 2 2 2 2 2
left_child=2 7 4 5 6 -4 -1 10 -6 -9 -2 -5 -3
right_child=1 12 3 11 8 -7 -8 9 -10 -11 -12 -13 -14
leaf_value=0.0080177965007406024 -0.015833435986858463 -0.014322829324008602 -0.011493158218117127 -0.017043290636685578 0.0094709531278033849 0.0087807132671572415 -0.0092933011275718961 0.0094859263372864076 -0.01793936714884348 -0.01507103362916558 0.0050855905204607614 -0.010966040034361153 -0.011497681634423676
leaf_weight=1235.5681574344635 25.672491997480392 15.324587702751158 18.845263481140137 32.225107327103615 12.846417054533957 90.366379514336586 21.719486504793167 78.162836045026779 23.525134772062302 8.9304347783327085 14.754808545112608 12.725618004798887 57.790688261389732
leaf_count=863 111 70 59 140 10 65 67 50 111 39 21 81 349
internal_value=0 -0.00307047 0.00641198 -0.000763093 0.00726702 0.00526812 0.00771736 0.00213183 -0.00825856 0.0069401 -0.00821007 -0.0153771 -0.012126
internal_weight=0 200.636 1447.82 154.162 1293.66 109.212 1257.29 127.521 36.3716 87.0933 40.4273 44.9507 73.1153
internal_count=2036 640 1396 345 1051 124 930 221 121 89 132 221 419
is_linear=0
shrinkage=0.00895904


Tree=98
num_leaves=8
num_cat=0
split_feature=64 61 56 64 64 64 40
split_gain=194.82 135.012 122.838 301.3 115.295 84.4935 44.9123
threshold=107.65000000000002 0.033908045977011456 0.41421568627450983 23.650000000000002 19.450000000000003 10.950000000000001 34.750000000000007
decision_type=2 2 2 2 2 2 2
left_child=1 5 4 -4 -3 6 -1
right_child=-2 2 3 -5 -6 -7 -8
leaf_value=0.0088186201576467751 -0.011093213519532397 0.0038736967928643235 0.0057059178147675802 -0.015743351272839334 0.0099918441322210567 -0.013189058215187399 -0.0080319072982186698
leaf_weight=37.629549697041512 56.522726982831955 369.70622846484184 303.49613344669342 63.378615841269493 748.32421045005322 45.633916705846786 18.933795765042305
leaf_count=27 360 462 356 290 262 225 54
internal_value=0 0.00580829 0.00649382 0.00199416 0.00796975 -0.00414574 0.00316969
internal_weight=0 1587.1 1484.91 366.875 1118.03 102.197 56.5633
internal_count=2036 1676 1370 646 724 306 81
is_linear=0
shrinkage=0.00895904


Tree=99
num_leaves=14
num_cat=0
split_feature=59 64 49 64 39 92 6 38 54 79 45 64 64
split_gain=192.95 115.157 108.035 165.808 110.464 83.0908 79.2183 78.2019 54.5787 42.1313 6.38732 3.49474 0.825285
threshold=250.00000000000003 26.150000000000002 0.69615384615384623 17.650000000000002 14.500000000000002 0.13809523809523808 1.0000000180025095e-35 5.5000000000000009 34.550000000000004 9.5000000000000018 1.5000000000000002 105.00000000000001 42.800000000000004
decision_type=2 2 2 2 2 2 2 2 2 2 2 2 2
left_child=2 7 4 6 5 -1 -4 9 -9 -2 -6 -5 -3
right_child=1 12 3 11 10 -7 -8 8 -10 -11 -12 -13 -14
leaf_value=0.0077999168460025671 -0.0067761956860397246 -0.014240273188344412 -0.011414814979903454 -0.016885534332952586 -0.0015456305786148974 -0.0094279900058875325 0.0086986960280998615 0.0058022252214672805 -0.01340950144240031 0.010864962856455907 -0.017663305032848336 -0.010917054176697517 -0.011449229556594239
leaf_weight=1246.2578018456697 12.988434344530104 15.219143837690352 18.859756141901016 32.109620660543442 2.3273238390684154 22.727851554751396 90.016934037208557 18.44558010995388 32.650977149605751 62.910644844174385 14.527600869536398 12.554512470960615 57.096562966704369
leaf_count=903 40 70 59 140 8 72 65 25 133 23 68 81 349
internal_value=0 -0.00306436 0.00633854 -0.000763422 0.00718658 0.00748997 0.00520049 0.00207573 -0.00647798 0.00783633 -0.0154814 -0.0152621 -0.012073
internal_weight=0 199.311 1439.38 153.541 1285.84 1268.99 108.877 126.996 51.0966 75.8991 16.8549 44.6641 72.3157
internal_count=2036 640 1396 345 1051 975 124 221 158 63 76 221 419
is_linear=0
shrinkage=0.00895904


Tree=100
num_leaves=9
num_cat=0
split_feature=64 56 64 64 64 92 61 59
split_gain=190.113 132.717 281.76 151.06 117.397 92.9212 16.8687 2.86581
threshold=107.65000000000002 0.11437908496732026 41.000000000000007 27.850000000000005 15.850000000000003 -0.16025641025641016 0.12158167036215817 250.00000000000003
decision_type=2 2 2 2 2 2 2 2
left_child=1 3 5 4 -1 -3 -5 -4
right_child=-2 2 7 6 -6 -7 -8 -9
leaf_value=0.0035433410554619252 -0.011052966692298619 -0.010010865931562337 -0.015962403410420493 0.0054796435296242813 -0.02386994464268229 0.0054681429757563278 0.01138149462934737 -0.011786402910600588
leaf_weight=171.37925085425377 55.869071036577225 32.300993740558624 41.260806038975716 42.733930587768555 13.336616054177282 751.27048815786839 501.19284623861313 24.590166881680489
leaf_count=219 360 102 183 44 60 857 68 143
internal_value=0 0.00573847 0.00333092 0.00854345 0.0015413 0.00482774 0.0109199 -0.014442
internal_weight=0 1578.07 849.422 728.643 184.716 783.571 543.927 65.851
internal_count=2036 1676 1285 391 279 959 112 326
is_linear=0
shrinkage=0.00895904


Tree=101
num_leaves=14
num_cat=0
split_feature=59 64 49 64 39 6 92 38 64 54 79 64 64
split_gain=188.478 112.739 105.558 162.156 108.746 77.6574 77.5589 77.0846 76.3243 53.6895 41.4261 3.3285 0.822725
threshold=250.00000000000003 26.150000000000002 0.69615384615384623 17.650000000000002 13.500000000000002 1.0000000180025095e-35 0.13809523809523808 5.5000000000000009 4.1500000000000012 34.550000000000004 9.5000000000000018 105.00000000000001 42.800000000000004
decision_type=2 2 2 2 2 2 2 2 2 2 2 2 2
left_child=2 7 4 5 6 -4 -1 10 -6 -9 -2 -5 -3
right_child=1 12 3 11 8 -7 -8 9 -10 -11 -12 -13 -14
leaf_value=0.0078509234184337504 -0.0067113290320105039 -0.01419090545176065 -0.011292667842729358 -0.016739086509104353 0.0093570859927583593 0.0086124354192143766 -0.0091783053763065201 0.0057214303722611425 -0.017772081510621845 -0.013346359649187196 0.010785009953139295 -0.010869191882932698 -0.011399088720406833
leaf_weight=1220.4815584719181 12.997903585433958 15.17395183444023 18.898021474480629 32.009790807962418 12.729818686842917 89.640918478369713 21.697318941354752 18.421836778521538 23.335299775004387 32.601090684533119 62.550156578421593 12.384264975786207 56.385755583643913
leaf_count=863 40 70 59 140 10 65 67 25 111 133 23 81 349
internal_value=0 -0.00305571 0.00626507 -0.00076817 0.00710656 0.00513272 0.00755209 0.00202712 -0.00819692 -0.00646586 0.00776515 -0.0151558 -0.0120277
internal_weight=0 198.131 1431.18 152.933 1278.24 108.539 1242.18 126.571 36.0651 51.0229 75.5481 44.3941 71.5597
internal_count=2036 640 1396 345 1051 124 930 221 121 158 63 221 419
is_linear=0
shrinkage=0.00895904


Tree=102
num_leaves=14
num_cat=0
split_feature=59 64 49 64 39 56 92 38 64 54 79 64 64
split_gain=185.62 111.44 104.036 159.767 107.124 76.7499 76.3827 75.9266 75.1323 52.8589 40.8621 3.19348 0.784306
threshold=250.00000000000003 26.150000000000002 0.69615384615384623 17.650000000000002 13.500000000000002 0.34313725490196084 0.13809523809523808 5.5000000000000009 4.1500000000000012 34.550000000000004 9.5000000000000018 105.00000000000001 42.800000000000004
decision_type=2 2 2 2 2 2 2 2 2 2 2 2 2
left_child=2 7 4 5 6 -4 -1 10 -6 -9 -2 -5 -3
right_child=1 12 3 11 8 -7 -8 9 -10 -11 -12 -13 -14
leaf_value=0.0078041480745694256 -0.0066539430859875702 -0.014121481105288557 -0.02175650607078744 -0.016623645964458183 0.0093075069749917628 0.0071999223066347481 -0.0090874879084534271 0.0056742521565958208 -0.017649283738994312 -0.013256818554390509 0.010730883378768383 -0.01084591284701812 -0.011371981892742843
leaf_weight=1216.8144844025373 12.994216695427893 15.113152280449865 7.7397850155830374 31.944929331541061 12.684198588132857 100.59669092297554 21.719637244939804 18.41023351252079 23.288683190941811 32.528859987854958 62.304512709379196 12.30044388771057 56.015910252928734
leaf_count=863 40 70 33 140 10 91 67 25 111 133 23 81 349
internal_value=0 -0.00304038 0.00622677 -0.000763367 0.00706362 0.00509628 0.00750655 0.00201426 -0.00814465 -0.00641876 0.00772125 -0.0150716 -0.0119928
internal_weight=0 197.367 1427.09 152.582 1274.51 108.336 1238.53 126.238 35.9729 50.9391 75.2987 44.2454 71.1291
internal_count=2036 640 1396 345 1051 124 930 221 121 158 63 221 419
is_linear=0
shrinkage=0.00895904


Tree=103
num_leaves=9
num_cat=0
split_feature=64 61 56 64 64 84 64 38
split_gain=183.407 130.071 118.339 286.682 114.357 81.5467 47.6897 13.8454
threshold=107.65000000000002 0.033908045977011456 0.41421568627450983 23.650000000000002 19.450000000000003 0.55000000000000016 5.4500000000000011 15.500000000000002
decision_type=2 2 2 2 2 2 2 2
left_child=1 5 4 -4 -3 6 -1 -7
right_child=-2 2 3 -5 -6 7 -8 -9
leaf_value=0.0021750799434111685 -0.010996769525587369 0.0036829024656053586 0.0055112421502645599 -0.015532279963137205 0.0098170451890299583 -0.0047839321182339819 -0.014262112701107476 0.010492050510395682
leaf_weight=19.707344770431519 54.917434751987457 365.77124018967152 301.01418805122375 62.605720952153206 734.25732943415642 5.7064452767372158 49.773383677005768 25.866899937391281
leaf_count=32 360 462 356 290 262 16 245 13
internal_value=0 0.00563517 0.00631393 0.00188178 0.00777839 -0.00418893 -0.00960643 0.00771825
internal_weight=0 1564.7 1463.65 363.62 1100.03 101.054 69.4807 31.5733
internal_count=2036 1676 1370 646 724 306 277 29
is_linear=0
shrinkage=0.00895904


Tree=104
num_leaves=14
num_cat=0
split_feature=59 64 49 64 39 6 92 79 64 72 84 64 64
split_gain=181.318 108.851 101.593 156.107 104.788 76.1732 75.0204 74.5668 73.7355 58.4306 49.8207 3.03528 0.751769
threshold=250.00000000000003 26.150000000000002 0.69615384615384623 17.650000000000002 13.500000000000002 1.0000000180025095e-35 0.13809523809523808 9.5000000000000018 4.1500000000000012 10.500000000000002 0.36666666666666675 105.00000000000001 42.800000000000004
decision_type=2 2 2 2 2 2 2 2 2 2 2 2 2
left_child=2 7 4 5 6 -4 -1 10 -6 -9 -2 -5 -3
right_child=1 12 3 11 8 -7 -8 9 -10 -11 -12 -13 -14
leaf_value=0.0077224670111578856 -0.015619130392191288 -0.014043957505519697 -0.011223895285661168 -0.016479008441168719 0.009240026706975827 0.008494496651160666 -0.0090237905851200586 0.0092114378651763293 -0.017531029114061531 -0.014890494004114204 0.0050008052353378322 -0.010799766855889405 -0.011326518480037956
leaf_weight=1209.2137053012848 25.473348513245583 15.003604233264921 18.912113770842552 31.809652179479599 12.620765224099157 89.09348563849926 21.706163674592972 76.645323649048805 23.173843383789062 8.8476313203573209 14.724453330039976 12.132094472646711 55.325934812426567
leaf_count=863 111 70 59 140 10 65 67 50 111 39 21 81 349
internal_value=0 -0.00303412 0.00615586 -0.000765396 0.0069861 0.00502779 0.00742579 0.00196126 -0.00809232 0.00668918 -0.00807761 -0.0149652 -0.0119431
internal_weight=0 196.02 1418.66 151.947 1266.71 108.006 1230.92 125.691 35.7946 85.493 40.1978 43.9417 70.3295
internal_count=2036 640 1396 345 1051 124 930 221 121 89 132 221 419
is_linear=0
shrinkage=0.00895904


Tree=105
num_leaves=9
num_cat=0
split_feature=64 73 55 3 74 31 56 64
split_gain=178.96 127.967 163.814 113.398 88.0677 81.6205 69.0412 25.0507
threshold=107.65000000000002 36.95000000000001 0.75000000000000011 68.500000000000014 1.5500000000000003 1.0000000180025095e-35 0.41421568627450983 2.9500000000000006
decision_type=2 2 2 2 2 2 2 2
left_child=1 3 4 6 -3 -5 -1 -4
right_child=-2 2 7 5 -6 -7 -8 -9
leaf_value=0.0082822591068178065 -0.010958449515196209 -0.016831617659388343 0.0040533246946565888 -0.016979193571468914 0.0085582899397539224 0.0018752044254735142 0.003365697299790841 -0.014809115838590049
leaf_weight=996.3804577589035 54.257930248975754 12.382576227188109 6.1717528998851767 24.385434925556183 86.005206167697906 73.541252344846725 298.25491812825203 58.4557825922966
leaf_count=575 360 55 9 99 61 132 459 286
internal_value=0 0.0055681 -0.00194015 0.00644718 0.00533614 -0.00284362 0.00715028 -0.0130008
internal_weight=0 1555.58 163.015 1392.56 98.3878 97.9267 1294.64 64.6275
internal_count=2036 1676 411 1265 116 231 1034 295
is_linear=0
shrinkage=0.00895904


Tree=106
num_leaves=14
num_cat=0
split_feature=59 64 61 56 64 65 64 38 49 79 40 64 64
split_gain=177.174 106.704 99.9432 86.1064 264.626 100.679 79.4806 73.5011 51.8679 39.541 39.0536 0.724706 0.143912
threshold=250.00000000000003 26.150000000000002 0.033908045977011456 0.41421568627450983 23.650000000000002 7.5000000000000009 10.950000000000001 5.5000000000000009 0.24264705882352941 9.5000000000000018 34.150000000000013 42.800000000000004 90.250000000000014
decision_type=2 2 2 2 2 2 2 2 2 2 2 2 2
left_child=2 7 6 5 -5 -4 10 9 -9 -2 -1 -3 -8
right_child=1 11 3 4 -6 -7 12 8 -10 -11 -12 -13 -14
leaf_value=-0.024443085562336063 -0.006576340158550931 -0.013978488191324911 0.0040443499981965393 0.0062806136230215744 -0.015747409630166305 0.010032120969927644 -0.0133897645354011 0.0025914044025654786 -0.015482022208707575 0.010573562723790546 0.0062174885876158503 -0.011289107170739082 -0.010935092189357619
leaf_weight=3.390040472149848 12.941732734441755 14.928114905953406 342.32830929756165 263.66404230892658 52.290968835353851 661.89886067807674 28.630948275327682 25.5834751278162 25.109932646155357 61.460169985890388 48.843883112072945 54.693747892975807 9.4445194751024228
leaf_count=15 40 70 402 271 245 213 138 48 110 23 51 349 61
internal_value=0 -0.00302906 0.00608511 0.00670884 0.00262755 0.00799215 -0.00302742 0.0019201 -0.00638504 0.00758093 0.00414516 -0.0119028 -0.0128392
internal_weight=0 194.717 1410.49 1320.18 315.955 1004.23 90.3094 125.095 50.6934 74.4019 52.2339 69.6219 38.0755
internal_count=2036 640 1396 1131 516 615 265 221 158 63 66 419 199
is_linear=0
shrinkage=0.00895904


Tree=107
num_leaves=14
num_cat=0
split_feature=59 64 49 64 39 56 92 38 64 49 79 64 64
split_gain=174.554 105.489 98.5247 151.825 102.415 74.6973 73.6468 72.3998 72.0658 51.1299 39.007 2.89874 0.690214
threshold=250.00000000000003 26.150000000000002 0.69615384615384623 17.650000000000002 13.500000000000002 0.34313725490196084 0.13809523809523808 5.5000000000000009 4.1500000000000012 0.24264705882352941 9.5000000000000018 105.00000000000001 42.800000000000004
decision_type=2 2 2 2 2 2 2 2 2 2 2 2 2
left_child=2 7 4 5 6 -4 -1 10 -6 -9 -2 -5 -3
right_child=1 12 3 11 8 -7 -8 9 -10 -11 -12 -13 -14
leaf_value=0.0076058333296143005 -0.0065203621266869257 -0.01391288591471268 -0.021523214338123337 -0.016343026394675383 0.0091280179206094589 0.0070265032609537186 -0.0090070263787406356 0.0025686658502241176 -0.017439885595332456 -0.015389493419165373 0.010521681976999923 -0.010734724956298878 -0.011263479199705552
leaf_weight=1197.8368189483881 12.937560692429541 14.865316972136496 7.7551229000091544 31.637874960899353 12.513775765895842 99.723487809300423 21.654109582304955 25.580421611666679 23.028549015522003 25.036074057221413 61.211940795183182 11.889394313096998 54.329147517681122
leaf_count=863 40 70 33 140 10 91 67 48 111 110 23 81 349
internal_value=0 -0.00301401 0.00604975 -0.000786246 0.00687227 0.00493168 0.00730946 0.00190785 -0.00808644 -0.00633795 0.00753877 -0.0148654 -0.0118698
internal_weight=0 193.96 1406.04 151.006 1255.03 107.479 1219.49 124.766 35.5423 50.6165 74.1495 43.5273 69.1945
internal_count=2036 640 1396 345 1051 124 930 221 121 158 63 221 419
is_linear=0
shrinkage=0.00895904


Tree=108
num_leaves=9
num_cat=0
split_feature=64 86 64 86 49 66 64 59
split_gain=172.549 124.747 164.601 126.657 81.6844 68.6369 51.3307 1.4217
threshold=107.65000000000002 -24.499999999999996 45.000000000000007 -350.49999999999994 0.67708333333333337 1692.0000000000002 7.6500000000000012 250.00000000000003
decision_type=2 2 2 2 2 2 2 2
left_child=1 2 3 -1 5 -3 -6 -4
right_child=-2 4 7 -5 6 -7 -8 -9
leaf_value=0.0056731250448228887 -0.010903008212385467 0.00838717764878728 -0.014906885943090345 -0.0055761447278578711 0.0041193290771857349 -0.0098460086311689243 -0.016855342696888254 -0.011453842208422641
leaf_weight=455.1487497985363 53.284473314881325 885.60916972160339 26.085883282124996 97.381403416395187 20.452796652913094 16.733329907059669 16.990401282906532 23.495616018772125
leaf_count=515 360 498 120 251 25 49 74 144
internal_value=0 0.00546933 0.00228462 0.0036892 0.00750884 0.00804701 -0.005435 -0.0133214
internal_weight=0 1541.9 602.112 552.53 939.786 902.342 37.4432 49.5815
internal_count=2036 1676 1030 766 646 547 99 264
is_linear=0
shrinkage=0.00895904


Tree=109
num_leaves=15
num_cat=0
split_feature=48 64 92 92 1 64 65 61 68 89 84 64 59 64
split_gain=170.723 259.114 130.737 118.45 96.0665 83.059 62.4045 78.9097 67.9383 39.0345 3.48861 2.33044 2.20777 1.13178
threshold=0.8500000000000002 45.000000000000007 -0.10555555555555554 0.12916666666666668 8.5000000000000018 3.6500000000000008 7.5000000000000009 0.044466403162055308 1436.5000000000002 527.00000000000011 0.55000000000000016 107.65000000000002 250.00000000000003 56.250000000000007
decision_type=2 2 2 2 2 2 2 2 2 2 2 2 2 2
left_child=4 2 9 -4 6 10 8 -8 -1 -2 -6 12 -3 -7
right_child=1 11 3 -5 5 13 7 -9 -10 -11 -12 -13 -14 -15
leaf_value=0.0058019417324050755 -0.016991858402904264 -0.015582410500872708 0.0059263545383839095 -0.017584758197153855 0.0044938395964056032 -0.02123628724683347 -0.013696841881458845 0.0099460224451419117 -0.0098365797600477225 0.010609574583580942 0.013870655867766797 -0.010852393735109586 -0.011479395845088612 -0.01087136730883422
leaf_weight=387.81716455519199 29.439421966671944 29.718790903687477 423.27828578650951 17.744908764958382 7.2872614711523074 16.827831983566288 11.401621013879774 566.30557827651501 23.485163882374763 4.6415677517652503 5.8973549604415894 43.254223644733429 22.021863088011742 1.5665306299924839
leaf_count=400 120 137 450 78 10 73 58 196 67 4 3 296 135 9
internal_value=0 0.000963317 0.00366508 0.0049731 0.0070842 -0.00826091 0.0075757 0.00947499 0.00490478 -0.0131938 0.00882815 -0.0125291 -0.0138853 -0.0204758
internal_weight=0 570.099 475.104 441.023 1020.59 31.579 989.01 577.707 411.302 34.081 13.1846 94.9949 51.7407 18.3944
internal_count=2036 1220 652 528 816 95 721 254 467 124 13 568 272 82
is_linear=0
shrinkage=0.00895904


Tree=110
num_leaves=14
num_cat=0
split_feature=59 64 61 56 64 65 64 38 54 79 40 64 64
split_gain=169.304 102.006 96.7161 83.5956 254.832 99.9979 76.6117 71.2276 50.2052 38.5388 38.254 0.699505 0.14397
threshold=250.00000000000003 26.150000000000002 0.033908045977011456 0.41421568627450983 23.650000000000002 7.5000000000000009 10.950000000000001 5.5000000000000009 34.550000000000004 9.5000000000000018 34.150000000000013 42.800000000000004 90.250000000000014
decision_type=2 2 2 2 2 2 2 2 2 2 2 2 2
left_child=2 7 6 5 -5 -4 10 9 -9 -2 -1 -3 -8
right_child=1 11 3 4 -6 -7 12 8 -10 -11 -12 -13 -14
leaf_value=-0.024237779079446006 -0.0065371547637803626 -0.013861137960341444 0.0038959909797751536 0.0061269995755125076 -0.015584823996882146 0.0098970146620677001 -0.013319020069258882 0.0054527333247194861 -0.013063216119860895 0.010419967390238909 0.0060639562492782332 -0.011194871507900448 -0.010848589561638127
leaf_weight=3.402860850095748 12.927878499031065 14.813741743564604 339.35584816336632 261.88283547759056 51.810354083776474 651.30064952373505 28.340851366519928 18.303801283240318 32.219382122159004 60.681917279958725 48.470366030931473 53.28900508582592 9.2172451615333539
leaf_count=15 40 70 402 271 245 213 138 25 133 23 51 349 61
internal_value=0 -0.00301788 0.00594835 0.0065663 0.00253363 0.0078425 -0.00305895 0.00181761 -0.00635947 0.00743231 0.00399393 -0.0118124 -0.0127714
internal_weight=0 192.236 1393.78 1304.35 313.693 990.656 89.4313 124.133 50.5232 73.6098 51.8732 68.1027 37.5581
internal_count=2036 640 1396 1131 516 615 265 221 158 63 66 419 199
is_linear=0
shrinkage=0.00895904


Tree=111
num_leaves=14
num_cat=0
split_feature=59 64 61 56 64 65 64 79 72 84 40 64 64
split_gain=166.801 100.857 95.3211 82.6293 250.976 99.2603 75.6323 70.26 55.7887 47.959 37.4574 0.666138 0.129855
threshold=250.00000000000003 26.150000000000002 0.033908045977011456 0.41421568627450983 23.650000000000002 7.5000000000000009 10.950000000000001 9.5000000000000018 10.500000000000002 0.36666666666666675 34.150000000000013 42.800000000000004 90.250000000000014
decision_type=2 2 2 2 2 2 2 2 2 2 2 2 2
left_child=2 7 6 5 -5 -4 10 9 -9 -2 -1 -3 -8
right_child=1 11 3 4 -6 -7 12 8 -10 -11 -12 -13 -14
leaf_value=-0.023872704138990081 -0.015407423582387449 -0.013797458972312233 0.0038672833533395521 0.0060827800198770127 -0.01549691649681984 0.0098539845162236052 -0.013263697542999865 0.0089564045842065072 -0.014732929602950882 0.0048817378429010924 0.0060215674535874526 -0.01117045792703465 -0.010825037651831423
leaf_weight=3.4267657548189154 25.222813010215759 14.749951735138891 338.81594954431057 261.42679715156555 51.639302179217339 648.29856376349926 28.205500982701778 75.14061276614666 8.7502459585666639 14.674827829003332 48.376039519906044 52.929044052958488 9.1552367806434614
leaf_count=15 111 70 402 271 245 213 138 50 39 21 51 349 61
internal_value=0 -0.00300317 0.00591394 0.00652845 0.00251591 0.00780029 -0.00304151 0.00180634 0.0064573 -0.00795661 0.003963 -0.0117806 -0.0127249
internal_weight=0 191.467 1389.34 1300.18 313.066 987.115 89.1635 123.788 83.8909 39.8976 51.8028 67.679 37.3607
internal_count=2036 640 1396 1131 516 615 265 221 89 132 66 419 199
is_linear=0
shrinkage=0.00895904


Tree=112
num_leaves=15
num_cat=0
split_feature=48 64 92 92 1 64 65 61 68 89 84 64 59 64
split_gain=164.62 250.338 127.325 115.582 94.3168 81.3424 61.4548 76.1835 66.6083 38.3529 3.4426 2.21068 2.10883 1.10675
threshold=0.8500000000000002 45.000000000000007 -0.10555555555555554 0.12916666666666668 8.5000000000000018 3.6500000000000008 7.5000000000000009 0.044466403162055308 1436.5000000000002 527.00000000000011 0.55000000000000016 107.65000000000002 250.00000000000003 56.250000000000007
decision_type=2 2 2 2 2 2 2 2 2 2 2 2 2 2
left_child=4 2 9 -4 6 10 8 -8 -1 -2 -6 12 -3 -7
right_child=1 11 3 -5 5 13 7 -9 -10 -11 -12 -13 -14 -15
leaf_value=0.0057033453192658597 -0.016836628695108848 -0.015446753853855287 0.0058321443458226162 -0.017468151235965103 0.0044048274414773443 -0.021085972033993008 -0.01356067557341583 0.0098312967467778095 -0.009782141268700072 0.010541851012821016 0.013741667182761942 -0.010792891902009398 -0.011395391141187754 -0.010771037818269418
leaf_weight=385.62518559396267 29.367505684494972 29.425831027328968 420.15338273346424 17.629383072257042 7.2550007402896899 16.818292766809467 11.242822676897047 558.5710866600275 23.490359336137772 4.635517790913581 5.8598718643188477 42.387884855270386 21.605186656117439 1.5501146465539921
leaf_count=400 120 137 450 78 10 73 58 196 67 4 3 296 135 9
internal_value=0 0.000933702 0.00358789 0.00488657 0.00697167 -0.00825416 0.00746289 0.00936532 0.00481 -0.0130654 0.00871598 -0.0124502 -0.0137809 -0.0203368
internal_weight=0 565.205 471.786 437.783 1010.41 31.4833 978.929 569.814 409.116 34.003 13.1149 93.4189 51.031 18.3684
internal_count=2036 1220 652 528 816 95 721 254 467 124 13 568 272 82
is_linear=0
shrinkage=0.00895904


Tree=113
num_leaves=14
num_cat=0
split_feature=59 64 61 56 64 65 64 38 49 79 40 64 64
split_gain=163.014 98.6443 92.9575 81.1038 245.433 98.1061 73.9593 69.4084 49.2992 37.5507 36.6447 0.644969 0.114514
threshold=250.00000000000003 26.150000000000002 0.033908045977011456 0.41421568627450983 23.650000000000002 7.5000000000000009 10.950000000000001 5.5000000000000009 0.24264705882352941 9.5000000000000018 34.150000000000013 42.800000000000004 90.250000000000014
decision_type=2 2 2 2 2 2 2 2 2 2 2 2 2
left_child=2 7 6 5 -5 -4 10 9 -9 -2 -1 -3 -8
right_child=1 11 3 4 -6 -7 12 8 -10 -11 -12 -13 -14
leaf_value=-0.023537599554690612 -0.0064627100859875322 -0.013730374870838139 0.0038104887118142416 0.0060065384831504021 -0.015386896134998319 0.0097779758627073044 -0.013183367941657493 0.0024421855800685044 -0.01524441884470964 0.010307767984039574 0.0059516817119483105 -0.011126465723612517 -0.010776054762140604
leaf_weight=3.4485410302877417 12.895327836275099 14.684413999319075 337.68639430403709 260.53426322340965 51.364770025014877 642.50000528991222 27.978377632796764 25.454683631658554 24.861350581049919 60.068762794137001 48.205231994390488 52.244710937142372 9.026134140789507
leaf_count=15 40 70 402 271 245 213 138 48 110 23 51 349 61
internal_value=0 -0.00299586 0.00584829 0.0064572 0.00247603 0.00772327 -0.00302039 0.00175966 -0.00632107 0.00733438 0.00390282 -0.0117356 -0.0126553
internal_weight=0 190.209 1380.74 1292.09 311.899 980.186 88.6583 123.28 50.316 72.9641 51.6538 66.9291 37.0045
internal_count=2036 640 1396 1131 516 615 265 221 158 63 66 419 199
is_linear=0
shrinkage=0.00895904


Tree=114
num_leaves=9
num_cat=0
split_feature=64 73 55 3 74 31 56 64
split_gain=160.645 118.138 155.184 107.877 85.2147 78.5714 63.8875 23.7589
threshold=107.65000000000002 36.95000000000001 0.75000000000000011 68.500000000000014 1.5500000000000003 1.0000000180025095e-35 0.41421568627450983 2.9500000000000006
decision_type=2 2 2 2 2 2 2 2
left_child=1 3 4 6 -3 -5 -1 -4
right_child=-2 2 7 5 -6 -7 -8 -9
leaf_value=0.0079531609347852084 -0.010799583864951631 -0.016821400243471975 0.0037955002426411982 -0.016907732251342546 0.0083343802572268411 0.001692282261761566 0.0031775664628788912 -0.014710996665575867
leaf_weight=964.33664990961552 51.399319171905518 12.210615783929823 6.089713141322135 24.142479605972767 84.381483599543571 72.538774192333221 293.6917038410902 56.978431299328804
leaf_count=575 360 55 9 99 61 132 459 286
internal_value=0 0.00527916 -0.00200762 0.00613812 0.00512712 -0.00297638 0.00683895 -0.0129176
internal_weight=0 1514.37 159.66 1354.71 96.5921 96.6813 1258.03 63.0681
internal_count=2036 1676 411 1265 116 231 1034 295
is_linear=0
shrinkage=0.00895904


Tree=115
num_leaves=14
num_cat=0
split_feature=59 64 49 64 39 92 6 38 49 79 45 64 64
split_gain=159.362 96.7462 91.38 141.918 97.5139 74.3369 74.0067 68.0629 48.5341 36.8843 5.76378 2.63219 0.620257
threshold=250.00000000000003 26.150000000000002 0.69615384615384623 17.650000000000002 14.500000000000002 0.13809523809523808 1.0000000180025095e-35 5.5000000000000009 0.24264705882352941 9.5000000000000018 1.5000000000000002 105.00000000000001 42.800000000000004
decision_type=2 2 2 2 2 2 2 2 2 2 2 2 2
left_child=2 7 4 6 5 -1 -4 9 -9 -2 -6 -5 -3
right_child=1 12 3 11 10 -7 -8 8 -10 -11 -12 -13 -14
leaf_value=0.0071889984801355939 -0.0064182502266507445 -0.013669929933360834 -0.011358633734272596 -0.016069081260460638 -0.0015684664736928494 -0.0092315677358559053 0.0081567613296512041 0.0024071219945530622 -0.015165731712546511 0.010230035755889353 -0.017188703875768045 -0.010583721832426228 -0.011093194332228537
leaf_weight=1185.0524936765432 12.863879293203352 14.605806469917296 18.801756903529167 31.129531674087048 2.2383589595556286 22.391762927174568 87.361140802502632 25.429605349898338 24.750448316335678 59.62990403175354 14.028127223253248 11.295755721628664 51.630954541265965
leaf_count=903 40 70 59 140 8 72 65 48 110 23 68 81 349
internal_value=0 -0.00299089 0.00578323 -0.000850189 0.00658872 0.00688305 0.0046861 0.00172198 -0.00628466 0.00726641 -0.0150838 -0.0146632 -0.0116995
internal_weight=0 188.911 1372.3 148.588 1223.71 1207.44 106.163 122.674 50.1801 72.4938 16.2665 42.4253 66.2368
internal_count=2036 640 1396 345 1051 975 124 221 158 63 76 221 419
is_linear=0
shrinkage=0.00895904


Tree=116
num_leaves=15
num_cat=0
split_feature=48 64 92 92 1 64 64 64 86 89 6 64 59 64
split_gain=157.831 240.352 123.762 111.95 92.0239 79.3828 61.2158 117.598 85.5301 37.8808 3.43334 2.13604 2.03476 1.06636
threshold=0.8500000000000002 45.000000000000007 -0.10555555555555554 0.12916666666666668 8.5000000000000018 3.6500000000000008 46.45000000000001 29.750000000000004 -14.499999999999998 527.00000000000011 4.5000000000000009 107.65000000000002 250.00000000000003 56.250000000000007
decision_type=2 2 2 2 2 2 2 2 2 2 2 2 2 2
left_child=4 2 9 -4 6 10 7 -1 -8 -2 -6 12 -3 -7
right_child=1 11 3 -5 5 13 8 -9 -10 -11 -12 -13 -14 -15
leaf_value=0.0060377045240344483 -0.016719490235297885 -0.0153332146021298 0.0057098150895515442 -0.017295800029150592 0.0037341837247105705 -0.020902157057405321 -0.013128899365015786 -0.02175847708795127 0.01075665900682907 0.010509996227459122 0.013032958962688921 -0.01071913767196464 -0.011312160034741139 -0.010657383356534145
leaf_weight=555.98597738146782 29.256914705038071 29.143677279353142 415.99478325247765 17.516730472445488 6.3901695013046282 16.807115204632286 12.263822093605993 12.306907534599302 385.64757649600506 4.6299908310174933 6.6418092250823975 41.270575925707817 21.136501207947731 1.5242349952459324
leaf_count=522 120 137 450 78 10 73 68 56 75 4 3 296 135 9
internal_value=0 0.000881331 0.00348245 0.00477296 0.00682823 -0.00823759 0.00731883 0.00542859 0.0100145 -0.0129603 0.00859509 -0.0123776 -0.0136926 -0.0201705
internal_weight=0 558.949 467.398 433.512 997.568 31.3633 966.204 568.293 397.911 33.8869 13.032 91.5508 50.2802 18.3314
internal_count=2036 1220 652 528 816 95 721 578 143 124 13 568 272 82
is_linear=0
shrinkage=0.00895904


Tree=117
num_leaves=15
num_cat=0
split_feature=48 64 92 92 1 64 65 61 68 89 84 64 59 64
split_gain=155.721 237.209 121.657 110.168 90.6871 77.9025 61.1728 73.6423 65.5981 37.2025 3.41524 2.06208 1.95679 1.00213
threshold=0.8500000000000002 45.000000000000007 -0.10555555555555554 0.12916666666666668 8.5000000000000018 3.6500000000000008 7.5000000000000009 0.044466403162055308 1436.5000000000002 527.00000000000011 0.55000000000000016 107.65000000000002 250.00000000000003 56.250000000000007
decision_type=2 2 2 2 2 2 2 2 2 2 2 2 2 2
left_child=4 2 9 -4 6 10 8 -8 -1 -2 -6 12 -3 -7
right_child=1 11 3 -5 5 13 7 -9 -10 -11 -12 -13 -14 -15
leaf_value=0.0055181311691756569 -0.01656571990745654 -0.015250429881130626 0.0056692229628092002 -0.01717268236774375 0.0042371557928165618 -0.02067868447779167 -0.013489324892123193 0.0096675288343613351 -0.0098895128055799669 0.010431682649156247 0.013571405697205295 -0.010699593084122151 -0.011285510466972543 -0.01062463094143291
leaf_weight=381.39845639467239 29.265678927302361 29.040863536298275 415.22459478676319 17.485767513513565 7.1910087019205111 16.838470511138443 11.08866512775421 546.91788052022457 23.374657168984413 4.6244201660156241 5.803982138633728 40.977209165692329 20.997678332030773 1.5158638060092915
leaf_count=400 120 137 450 78 10 73 58 196 67 4 3 296 135 9
internal_value=0 0.000875334 0.00345712 0.00473895 0.00679054 -0.00816807 0.00727916 0.00920285 0.00462407 -0.0128433 0.00854431 -0.0123397 -0.0136364 -0.0199678
internal_weight=0 557.616 466.6 432.71 994.129 31.3493 962.78 558.007 404.773 33.8901 12.995 91.0158 50.0385 18.3543
internal_count=2036 1220 652 528 816 95 721 254 467 124 13 568 272 82
is_linear=0
shrinkage=0.00895904


Tree=118
num_leaves=14
num_cat=0
split_feature=59 64 61 68 64 73 64 79 72 84 40 64 64
split_gain=154.366 93.502 89.2974 79.8288 140.287 78.5713 71.0237 67.0143 53.5849 46.1048 35.9847 0.601516 0.117268
threshold=250.00000000000003 26.150000000000002 0.033908045977011456 1322.0000000000002 51.850000000000001 36.650000000000013 10.950000000000001 9.5000000000000018 10.500000000000002 0.36666666666666675 34.150000000000013 42.800000000000004 90.250000000000014
decision_type=2 2 2 2 2 2 2 2 2 2 2 2 2
left_child=2 7 6 4 -4 -5 10 9 -9 -2 -1 -3 -8
right_child=1 11 3 5 -6 -7 12 8 -10 -11 -12 -13 -14
leaf_value=-0.023414577113927103 -0.015260525541698012 -0.013587962277747003 0.0047042703260009649 0.0087537741947539757 -0.015090254926590553 -0.0041498196645985454 -0.013118398762138403 0.0087221832933411202 -0.014626146413581865 0.0046955138106871035 0.005791113984894747 -0.011030136956433918 -0.010683296201466314
leaf_weight=3.4552778452634803 24.99743677675724 14.522347077727316 467.59845857322216 734.49286982417107 30.433334484696388 39.824773326516151 27.634338572621346 73.732342690229416 8.6572069525718671 14.605642050504683 47.773091495037079 50.616275735199451 8.7595040723681432
leaf_count=15 111 70 511 360 159 101 138 50 39 21 51 349 61
internal_value=0 -0.00298912 0.00568706 0.00628951 0.0034893 0.00808923 -0.0030553 0.00164029 0.00624033 -0.007913 0.00374095 -0.0116389 -0.0125919
internal_weight=0 187.131 1359.97 1272.35 498.032 774.318 87.6222 121.993 82.3895 39.6031 51.2284 65.1386 36.3938
internal_count=2036 640 1396 1131 670 461 265 221 89 132 66 419 199
is_linear=0
shrinkage=0.00895904


Tree=119
num_leaves=14
num_cat=0
split_feature=59 64 49 64 39 6 92 64 38 49 79 64 64
split_gain=152.072 92.4664 88.0633 136.844 94.4715 72.6412 68.7906 67.915 66.2369 47.3089 36.0056 2.47782 0.57195
threshold=250.00000000000003 26.150000000000002 0.69615384615384623 17.650000000000002 13.500000000000002 1.0000000180025095e-35 0.13809523809523808 4.1500000000000012 5.5000000000000009 0.24264705882352941 9.5000000000000018 105.00000000000001 42.800000000000004
decision_type=2 2 2 2 2 2 2 2 2 2 2 2 2
left_child=2 8 4 5 6 -4 -1 -6 10 -10 -2 -5 -3
right_child=1 12 3 11 7 -7 -8 -9 9 -11 -12 -13 -14
leaf_value=0.0071770299600618405 -0.0063887307896419721 -0.013528691615172374 -0.01133286252963814 -0.015910556281955805 0.0088338227718611061 0.0080230627509260757 -0.0089860039521347454 -0.017288598030033079 0.0023153883504367511 -0.015073171723905937 0.010099454705197264 -0.010513499521719613 -0.011007821971425235
leaf_weight=1152.4533545076847 12.823806464672087 14.456429615616797 18.784632310271263 30.875333108007908 12.193432092666624 86.630855828523636 21.373341917991638 22.453686393797398 25.347064360976219 24.610653877258301 58.869392156600952 11.011994965374468 50.266450457274914
leaf_count=863 40 70 59 140 10 65 67 111 48 110 23 81 349
internal_value=0 -0.00297485 0.00565358 -0.000885271 0.00645064 0.00455941 0.00688129 -0.00809663 0.00162993 -0.00627515 0.00714074 -0.0145465 -0.0116095
internal_weight=0 186.374 1355.78 147.303 1208.47 105.415 1173.83 34.6471 121.651 49.9577 71.6932 41.8873 64.7229
internal_count=2036 640 1396 345 1051 124 930 121 221 158 63 221 419
is_linear=0
shrinkage=0.00895904


Tree=120
num_leaves=15
num_cat=0
split_feature=48 64 92 92 1 64 64 64 86 89 6 64 59 64
split_gain=150.649 229.333 118.941 107.135 89.2126 76.2569 61.2913 115.112 82.9958 36.7125 3.41948 1.95013 1.86122 0.977269
threshold=0.8500000000000002 45.000000000000007 -0.10555555555555554 0.12916666666666668 8.5000000000000018 3.6500000000000008 46.45000000000001 29.750000000000004 -14.499999999999998 527.00000000000011 4.5000000000000009 107.65000000000002 250.00000000000003 56.250000000000007
decision_type=2 2 2 2 2 2 2 2 2 2 2 2 2 2
left_child=4 2 9 -4 6 10 7 -1 -8 -2 -6 12 -3 -7
right_child=1 11 3 -5 5 13 8 -9 -10 -11 -12 -13 -14 -15
leaf_value=0.0058847315779747295 -0.016463214075391357 -0.015117124844965784 0.0055748893356710547 -0.01701446504978267 0.0035681833668758504 -0.020547253541817512 -0.01304840232985653 -0.021662297541008887 0.010639445343543063 0.010379023588613078 0.012882172389531413 -0.010648053299330188 -0.011208546920617093 -0.010513750206207654
leaf_weight=550.29348480701447 29.181059718132019 28.80546872317791 412.15721637010574 17.386831015348434 6.3451055139303225 16.827382564544681 12.099575646221636 12.266624614596365 378.60118062794209 4.6169873774051657 6.5651675462722778 40.167240828275681 20.589328549802303 1.4889545291662205
leaf_count=522 120 137 450 78 10 73 68 56 75 4 3 296 135 9
internal_value=0 0.000840635 0.00337846 0.00465331 0.00668475 -0.00817914 0.00717323 0.00527686 0.00989977 -0.012758 0.00842527 -0.0122676 -0.0135379 -0.01985
internal_weight=0 552.904 463.342 429.544 984.487 31.2266 953.261 562.56 390.701 33.798 12.9103 89.562 49.3948 18.3163
internal_count=2036 1220 652 528 816 95 721 578 143 124 13 568 272 82
is_linear=0
shrinkage=0.00895904


Tree=121
num_leaves=15
num_cat=0
split_feature=48 64 92 92 1 64 65 61 68 89 84 64 59 64
split_gain=148.637 226.357 116.929 105.445 87.9183 74.8558 61.2506 71.3421 64.7055 36.0629 3.40421 1.88259 1.79005 0.918573
threshold=0.8500000000000002 45.000000000000007 -0.10555555555555554 0.12916666666666668 8.5000000000000018 3.6500000000000008 7.5000000000000009 0.044466403162055308 1436.5000000000002 527.00000000000011 0.55000000000000016 107.65000000000002 250.00000000000003 56.250000000000007
decision_type=2 2 2 2 2 2 2 2 2 2 2 2 2 2
left_child=4 2 9 -4 6 10 8 -8 -1 -2 -6 12 -3 -7
right_child=1 11 3 -5 5 13 7 -9 -10 -11 -12 -13 -14 -15
leaf_value=0.0053645400129623882 -0.016315097314233595 -0.015038293428226306 0.0055352525748116332 -0.016897583666396293 0.0040615502287582239 -0.020334247178223779 -0.013398445034926 0.0095419446088995091 -0.0099703564517224872 0.010302459601434276 0.013415423769476985 -0.010629369428070332 -0.011183168013132646 -0.010482288037609729
leaf_weight=377.83882646262646 29.183895796537399 28.698529861867428 411.39442917704582 17.35173125565052 7.123914301395418 16.853204086422924 10.944557055830954 537.79697298258543 23.281504884362221 4.6110775619745246 5.7489579916000366 39.878984972834587 20.452224850654602 1.4806559681892384
leaf_count=400 120 137 450 78 10 73 58 196 67 4 3 296 135 9
internal_value=0 0.000834926 0.00335396 0.00462019 0.00664802 -0.00811166 0.0071345 0.00907985 0.0044701 -0.0126451 0.008376 -0.0122312 -0.0134842 -0.0196563
internal_weight=0 551.571 462.541 428.746 981.069 31.2067 949.862 548.742 401.12 33.795 12.8729 89.0297 49.1508 18.3339
internal_count=2036 1220 652 528 816 95 721 254 467 124 13 568 272 82
is_linear=0
shrinkage=0.00895904


Tree=122
num_leaves=14
num_cat=0
split_feature=59 64 61 68 64 73 64 79 72 84 40 64 64
split_gain=147.357 89.4014 86.171 78.4683 134.951 76.5619 68.4784 65.0668 52.2631 44.8715 35.271 0.555207 0.110758
threshold=250.00000000000003 26.150000000000002 0.033908045977011456 1322.0000000000002 51.850000000000001 36.650000000000013 10.950000000000001 9.5000000000000018 10.500000000000002 0.36666666666666675 34.150000000000013 42.800000000000004 90.250000000000014
decision_type=2 2 2 2 2 2 2 2 2 2 2 2 2
left_child=2 7 6 4 -4 -5 10 9 -9 -2 -1 -3 -8
right_child=1 11 3 5 -6 -7 12 8 -10 -11 -12 -13 -14
leaf_value=-0.02322490731980521 -0.015149696487877595 -0.013452107526120466 0.0045665424509381347 0.0086205641368691365 -0.014952248245663581 -0.0041553335770983073 -0.013043514482587953 0.0085846898211223797 -0.014552622275972833 0.0045762844096186349 0.0056565268940838593 -0.010947954790175506 -0.010608873115209069
leaf_weight=3.4662292897701255 24.859553605318069 14.369649007916449 463.40608374774456 723.58413371443748 30.103237107396126 39.603620566427708 27.295996189117432 72.941793352365494 8.6009576469659788 14.562591880559919 47.412423267960548 49.267650604248047 8.546656131744383
leaf_count=15 111 70 511 360 159 101 138 50 39 21 51 349 61
internal_value=0 -0.00297358 0.00556045 0.0061565 0.00337055 0.00795669 -0.00307129 0.00155052 0.00611557 -0.00787545 0.00360878 -0.0115524 -0.012523
internal_weight=0 184.602 1343.42 1256.7 493.509 763.188 86.7213 120.965 81.5428 39.4221 50.8787 63.6373 35.8427
internal_count=2036 640 1396 1131 670 461 265 221 89 132 66 419 199
is_linear=0
shrinkage=0.00895904


Tree=123
num_leaves=16
num_cat=0
split_feature=40 56 64 11 93 65 64 68 64 65 54 27 64 64 59
split_gain=145.342 163.329 99.0042 97.5343 66.3338 65.3524 63.2937 53.6873 108.822 59.2063 51.9897 22.5292 3.14981 1.62906 0.343896
threshold=36.650000000000013 0.40588235294117653 41.000000000000007 2.5000000000000004 -0.069047619047618983 2.5000000000000004 8.4500000000000011 1322.0000000000002 51.850000000000001 6.5000000000000009 35.250000000000007 2.5000000000000004 44.000000000000007 17.650000000000002 250.00000000000003
decision_type=2 2 2 2 2 2 2 2 2 2 2 2 2 2 2
left_child=3 2 4 7 -2 11 10 8 -1 -9 -3 -5 -8 -7 -4
right_child=1 6 14 5 -6 13 12 9 -10 -11 -12 -13 -14 -15 -16
leaf_value=0.0052079687263682055 -0.010499031252604827 0.0081918026612963647 -0.013612093121181383 0.011117376489862326 0.0068988735179144048 -0.020728779422574842 -0.014804130905874499 0.0037919162481006834 -0.014829655557153078 0.0097505385865624215 -0.01178758267967194 -0.0094063307143597182 -0.01113746804118324 -0.01490633423406779 -0.010773869387542115
leaf_weight=362.20321495831013 18.878807261586189 26.386327505111694 13.342145346105101 13.604782804846765 229.56564778089523 9.4409343898296374 41.464444927871227 182.00022472441196 22.960343793034554 509.49389958381653 17.040085434913635 6.0612767040729514 43.124410688877106 13.148557893931864 14.392831169068812
leaf_count=383 59 24 74 6 190 40 195 226 125 171 60 17 299 65 102
internal_value=0 -0.00010158 0.00377547 0.00616617 0.00556969 -0.00716136 -0.00845922 0.00669044 0.00400666 0.00818375 0.000334265 0.00476097 -0.0129645 -0.0174945 -0.012224
internal_weight=0 404.195 276.179 1118.91 248.444 42.2556 128.015 1076.66 385.164 691.494 43.4264 19.6661 84.5889 22.5895 27.735
internal_count=2036 1003 425 1033 249 128 578 905 508 397 84 23 494 105 176
is_linear=0
shrinkage=0.00895904


Tree=124
num_leaves=15
num_cat=0
split_feature=48 64 92 92 1 64 64 64 86 89 6 64 59 64
split_gain=143.799 218.549 114.238 102.98 86.2489 73.2351 61.0869 112.914 80.4188 35.274 3.42567 1.76153 1.66778 0.88427
threshold=0.8500000000000002 45.000000000000007 -0.10555555555555554 0.12916666666666668 8.5000000000000018 3.6500000000000008 46.45000000000001 29.750000000000004 -14.499999999999998 527.00000000000011 4.5000000000000009 107.65000000000002 250.00000000000003 56.250000000000007
decision_type=2 2 2 2 2 2 2 2 2 2 2 2 2 2
left_child=4 2 9 -4 6 10 7 -1 -8 -2 -6 12 -3 -7
right_child=1 11 3 -5 5 13 8 -9 -10 -11 -12 -13 -14 -15
leaf_value=0.0057418469526862737 -0.016196669242314523 -0.014884690569147149 0.0054427793965985769 -0.016780717974615653 0.0034030484183743084 -0.020171570687943289 -0.012966999640745512 -0.021596507348780151 0.010523579118717293 0.010175919394277963 0.012755366688242552 -0.010577815029555068 -0.011114804145036563 -0.010379366880016522
leaf_weight=544.87950891256332 29.08861168473959 28.437968656420708 408.43974561989307 17.267449200153351 6.3006510585546511 16.848954774439338 11.921102665364741 12.217475324869154 371.13620066642761 4.5938994586467734 6.5005538463592529 39.066011495888233 20.0586326867342 1.4548258110880841
leaf_count=522 120 137 450 78 10 73 68 56 75 4 3 296 135 9
internal_value=0 0.000802367 0.00327592 0.00453416 0.00654585 -0.00809503 0.00703181 0.00513505 0.00978636 -0.0125619 0.00827189 -0.0121535 -0.0133757 -0.01951
internal_weight=0 546.952 459.39 425.707 971.259 31.105 940.154 557.097 383.057 33.6825 12.8012 87.5626 48.4966 18.3038
internal_count=2036 1220 652 528 816 95 721 578 143 124 13 568 272 82
is_linear=0
shrinkage=0.00895904


Tree=125
num_leaves=14
num_cat=0
split_feature=59 64 61 68 64 73 64 38 49 79 40 64 64
split_gain=142.319 86.5968 83.6608 76.5015 130.063 74.9728 66.6542 64.1015 45.8278 35.1362 34.5778 0.532821 0.102576
threshold=250.00000000000003 26.150000000000002 0.033908045977011456 1322.0000000000002 51.850000000000001 36.650000000000013 10.950000000000001 5.5000000000000009 0.24264705882352941 9.5000000000000018 34.150000000000013 42.800000000000004 90.250000000000014
decision_type=2 2 2 2 2 2 2 2 2 2 2 2 2
left_child=2 7 6 4 -4 -5 10 9 -9 -2 -1 -3 -8
right_child=1 11 3 5 -6 -7 12 8 -10 -11 -12 -13 -14
leaf_value=-0.022983891180274395 -0.00641386680543114 -0.013372863639948206 0.0044773983578626896 0.0085135025859878373 -0.014790572661643405 -0.0041582688104069392 -0.012979555180713601 0.0021755922692838982 -0.014994569422166077 0.0099331597290655688 0.0055645622778628806 -0.010891155888109514 -0.010554386855789358
leaf_weight=3.4808473587036124 12.759460106492041 14.241335436701773 460.61649616062641 714.9002079218626 29.761176988482475 39.436504773795605 27.017868220806122 25.212836906313896 24.422815769910812 57.814824506640434 47.158654659986496 48.273190826177597 8.3888308331370336
leaf_count=15 40 70 511 360 159 101 138 48 110 23 51 349 61
internal_value=0 -0.00296069 0.00546875 0.00605936 0.00330266 0.00785011 -0.00306906 0.00148908 -0.00629757 0.00696804 0.00352259 -0.011496 -0.0124654
internal_weight=0 182.724 1330.76 1244.71 490.378 754.337 86.0462 120.21 49.6357 70.5743 50.6395 62.5145 35.4067
internal_count=2036 640 1396 1131 670 461 265 221 158 63 66 419 199
is_linear=0
shrinkage=0.00895904


Tree=126
num_leaves=15
num_cat=0
split_feature=48 64 92 92 1 64 65 61 68 89 6 64 59 64
split_gain=140.466 213.419 111.96 101.095 84.9717 71.8958 61.0949 68.1106 63.9261 34.8515 3.39805 1.67742 1.58645 0.848059
threshold=0.8500000000000002 45.000000000000007 -0.10555555555555554 0.12916666666666668 8.5000000000000018 3.6500000000000008 7.5000000000000009 0.044466403162055308 1436.5000000000002 527.00000000000011 4.5000000000000009 107.65000000000002 250.00000000000003 56.250000000000007
decision_type=2 2 2 2 2 2 2 2 2 2 2 2 2 2
left_child=4 2 9 -4 6 10 8 -8 -1 -2 -6 12 -3 -7
right_child=1 11 3 -5 5 13 7 -9 -10 -11 -12 -13 -14 -15
leaf_value=0.0051901829788288199 -0.016081721062118765 -0.014778184117805652 0.0053791601744654404 -0.016686557359823561 0.0033482953270880253 -0.020016875989460701 -0.013249799390087504 0.0093903670555794683 -0.010097497800183045 0.01014110491715524 0.012681436425173035 -0.010543731562592569 -0.011067060525325769 -0.010314174139388054
leaf_weight=373.64946170151234 29.036445699632168 28.252571389079094 406.58173789083958 17.194073915481567 6.2847597748041171 16.854023784399036 10.724832713603972 526.0868503972888 23.148630008101463 4.5913983285427085 6.4573004245758057 38.51779630035162 19.79104558378458 1.4378826096653927
leaf_count=400 120 137 450 78 10 73 58 196 67 4 3 296 135 9
internal_value=0 0.000784214 0.00322652 0.00447669 0.0064777 -0.00806974 0.00696284 0.00893344 0.00429383 -0.0124636 0.00819746 -0.0120997 -0.0132999 -0.0193701
internal_weight=0 543.965 457.404 423.776 964.644 31.034 933.61 536.812 396.798 33.6278 12.7421 86.5614 48.0436 18.2919
internal_count=2036 1220 652 528 816 95 721 254 467 124 13 568 272 82
is_linear=0
shrinkage=0.00895904


Tree=127
num_leaves=13
num_cat=0
split_feature=59 64 49 64 39 6 92 55 79 45 64 64
split_gain=139.095 84.7897 82.4299 128.403 89.5149 71.1246 68.3267 63.0847 53.555 5.43496 2.28573 0.515445
threshold=250.00000000000003 26.150000000000002 0.69615384615384623 17.650000000000002 14.500000000000002 1.0000000180025095e-35 0.13809523809523808 1.5500000000000003 9.5000000000000018 1.5000000000000002 105.00000000000001 42.800000000000004
decision_type=2 2 2 2 2 2 2 2 2 2 2 2
left_child=2 7 4 5 6 -4 -1 8 -2 -6 -5 -3
right_child=1 11 3 10 9 -7 -8 -9 -10 -11 -12 -13
leaf_value=0.0067842350847432059 -0.0058764433644293689 -0.013315921576471382 -0.011424400927720152 -0.015704259006441016 -0.0015648810163459237 0.0077906805576959731 -0.0090736490995085243 -0.014297507781636897 0.0083041615504785057 -0.016909841504740085 -0.010386525512325547 -0.010854178669727797
leaf_weight=1139.8298422172666 30.161019057035446 14.169993832707403 18.700023218989372 30.350208126008511 2.1900114417076102 85.25217479467392 22.074298955500126 17.266929090023041 72.267123714089394 13.663906656205652 10.476533629000185 47.625605337321758
leaf_count=903 90 70 59 140 8 65 72 79 52 68 81 349
internal_value=0 -0.00295331 0.00540808 -0.00096999 0.00619216 0.00431921 0.0064815 0.00144877 0.00412515 -0.0148355 -0.0143951 -0.0114584
internal_weight=0 181.491 1322.54 144.779 1177.76 103.952 1161.9 119.695 102.428 15.8539 40.8267 61.7956
internal_count=2036 640 1396 345 1051 124 975 221 142 76 221 419
is_linear=0
shrinkage=0.00895904


Tree=128
num_leaves=16
num_cat=0
split_feature=40 56 11 64 93 65 64 68 64 65 54 27 64 64 59
split_gain=137.451 156.495 95.1591 93.8667 64.9501 63.0998 60.9021 52.19 103.585 59.0051 50.2606 22.2587 3.07549 1.5556 0.308611
threshold=36.650000000000013 0.40588235294117653 2.5000000000000004 41.000000000000007 -0.069047619047618983 2.5000000000000004 8.4500000000000011 1322.0000000000002 51.850000000000001 6.5000000000000009 35.250000000000007 2.5000000000000004 44.000000000000007 17.650000000000002 250.00000000000003
decision_type=2 2 2 2 2 2 2 2 2 2 2 2 2 2 2
left_child=2 3 7 4 -2 11 10 8 -1 -9 -3 -4 -8 -7 -5
right_child=1 6 5 14 -6 13 12 9 -10 -11 -12 -13 -14 -15 -16
leaf_value=0.0050452473563879462 -0.010502501541476675 0.0080167270039247854 0.01097301708817482 -0.013461406189005827 0.0067567022746126849 -0.020540087306771315 -0.014696625078935707 0.0036167081214599777 -0.014669685643136513 0.0096055109059479202 -0.011676052650846029 -0.0095025012536401852 -0.011032480054738402 -0.014811334684267678 -0.010673830767635053
leaf_weight=358.16643136739731 18.794247001409531 26.15442456305027 13.410003945231439 13.111028745770456 226.59404857456684 9.4501311331987399 41.038645386695862 180.0740749835968 22.565234802663326 498.45387144386768 16.998215869069099 6.0333813428878775 41.736266866326332 13.020357079803942 13.908912017941473
leaf_count=383 59 24 6 74 190 40 195 226 125 171 60 17 299 65 102
internal_value=0 -0.000137323 0.00600367 0.00368043 0.00542758 -0.00721164 -0.00838916 0.00652782 0.00386994 0.00801765 0.00024175 0.00458755 -0.0128791 -0.0173748 -0.0121125
internal_weight=0 398.336 1101.17 272.408 245.388 41.9139 125.928 1059.26 380.732 678.528 43.1526 19.4434 82.7749 22.4705 27.0199
internal_count=2036 1003 1033 425 249 128 578 905 508 397 84 23 494 105 176
is_linear=0
shrinkage=0.00895904


Tree=129
num_leaves=15
num_cat=0
split_feature=48 64 92 92 1 64 64 64 86 89 6 64 59 64
split_gain=136.057 206.512 109.132 98.2008 83.3214 70.3484 61.1023 110.508 77.4881 34.2964 3.37558 1.58713 1.50311 0.816399
threshold=0.8500000000000002 45.000000000000007 -0.10555555555555554 0.12916666666666668 8.5000000000000018 3.6500000000000008 46.45000000000001 29.750000000000004 -14.499999999999998 527.00000000000011 4.5000000000000009 107.65000000000002 250.00000000000003 56.250000000000007
decision_type=2 2 2 2 2 2 2 2 2 2 2 2 2 2
left_child=4 2 9 -4 6 10 7 -1 -8 -2 -6 12 -3 -7
right_child=1 11 3 -5 5 13 8 -9 -10 -11 -12 -13 -14 -15
leaf_value=0.0055663930748006641 -0.015955716724051022 -0.01465846120011091 0.0052865539338410343 -0.016510969567995921 0.0032647332616308191 -0.019860421211420357 -0.012877077076415498 -0.021552904353118005 0.010390716448679482 0.010087084098217182 0.012591026328176578 -0.010498545058932343 -0.011002729663183754 -0.010220038874310952
leaf_weight=538.07111419737339 28.94731305539608 28.007710918784142 403.59172540903091 17.116431549191475 6.2576424479484576 16.839509718120102 11.706823512911795 12.151700764894484 362.41033253073692 4.5810810625553122 6.4063688516616821 37.758030489087105 19.404280252754688 1.4148724153637875
leaf_count=522 120 137 450 78 10 73 68 56 75 4 3 296 135 9
internal_value=0 0.000749812 0.0031513 0.00439257 0.00637822 -0.00805242 0.00686251 0.00496013 0.00965635 -0.0123597 0.0081016 -0.0120361 -0.013213 -0.0192282
internal_weight=0 539.407 454.237 420.708 955.258 30.9184 924.34 550.223 374.117 33.5284 12.664 85.17 47.412 18.2544
internal_count=2036 1220 652 528 816 95 721 578 143 124 13 568 272 82
is_linear=0
shrinkage=0.00895904


Tree=130
num_leaves=15
num_cat=0
split_feature=59 90 61 68 64 73 85 64 15 10 40 86 64 64
split_gain=134.341 82.5034 80.2415 74.5241 123.72 72.9214 69.5594 63.9845 51.1814 40.7511 33.8752 1.06175 0.374876 0.0998712
threshold=250.00000000000003 -0.27922077922077915 0.033908045977011456 1322.0000000000002 51.850000000000001 36.650000000000013 50.500000000000007 10.950000000000001 1.5000000000000002 1.0000000180025095e-35 34.150000000000013 -1111.4999999999998 51.150000000000013 90.250000000000014
decision_type=2 2 2 2 2 2 2 2 2 2 2 2 2 2
left_child=2 8 7 4 -4 -5 -3 10 11 -8 -1 -2 -10 -9
right_child=1 6 3 5 -6 -7 9 13 12 -11 -12 -13 -14 -15
leaf_value=-0.022820202973344889 0.012331325388844645 0.0099232577553173187 0.0043194750196650575 0.0083536268167807848 -0.01461385118914911 -0.0042004844816589159 -0.011461442081086608 -0.012912694139691653 -0.016557416194644833 0.0036130034034677636 0.0054145877756657272 0.0091013451149133274 -0.010724593835403643 -0.010472890773421234
leaf_weight=3.4894824922084799 22.266551971435547 17.436394870281219 455.53547021746635 701.36533097177744 29.308812655508518 39.098942913115025 96.431897856295109 26.628126338124275 4.0083608627319327 16.818486370146275 46.725976645946503 19.108708679676056 3.6187774091959 8.1416602209210378
leaf_count=15 2 6 511 360 159 101 535 138 18 37 51 17 25 61
internal_value=0 -0.00293986 0.00531809 0.00590198 0.00316959 0.00768978 -0.00665517 -0.00309438 0.00695557 -0.00922027 0.00337288 0.0108889 -0.0141232 -0.0124025
internal_weight=0 179.689 1310.29 1225.31 484.844 740.464 130.687 84.9852 49.0024 113.25 50.2155 41.3753 7.62714 34.7698
internal_count=2036 640 1396 1131 670 461 578 265 62 572 66 19 43 199
is_linear=0
shrinkage=0.00895904


Tree=131
num_leaves=15
num_cat=0
split_feature=48 64 92 92 1 64 64 64 86 89 84 64 59 64
split_gain=132.927 201.774 107.124 96.3489 81.977 69.1399 61.0677 108.447 75.8669 33.6928 3.40229 1.51109 1.429 0.781294
threshold=0.8500000000000002 45.000000000000007 -0.10555555555555554 0.12916666666666668 8.5000000000000018 3.6500000000000008 46.45000000000001 29.750000000000004 -14.499999999999998 527.00000000000011 0.55000000000000016 107.65000000000002 250.00000000000003 56.250000000000007
decision_type=2 2 2 2 2 2 2 2 2 2 2 2 2 2
left_child=4 2 9 -4 6 10 7 -1 -8 -2 -6 12 -3 -7
right_child=1 11 3 -5 5 13 8 -9 -10 -11 -12 -13 -14 -15
leaf_value=0.0054950652067971562 -0.015845686810720308 -0.014558281091508101 0.0052254782549747249 -0.01641707710276746 0.0037003066102756646 -0.019708021950896323 -0.012803422043449426 -0.02138390393521503 0.01033568775796103 0.0099956650366411371 0.013129164813021779 -0.010467293353569515 -0.010958895370655124 -0.010157904361694064
leaf_weight=535.37852649390697 28.887383371591568 27.815687008202076 401.77633310854435 17.033841744065285 6.9829647243022936 16.839441068470482 11.588179744780062 12.140158176422117 358.77316124737263 4.5705892443656913 5.6269010305404663 37.238347381353378 19.146020174026489 1.3980366513133038
leaf_count=522 120 137 450 78 10 73 68 56 75 4 3 296 135 9
internal_value=0 0.000732271 0.00310412 0.00433808 0.00631218 -0.0080168 0.00679533 0.00489177 0.00960539 -0.0122781 0.00804289 -0.0119856 -0.0131418 -0.0190903
internal_weight=0 536.468 452.268 418.81 948.727 30.8473 917.88 547.519 370.361 33.458 12.6099 84.2001 46.9617 18.2375
internal_count=2036 1220 652 528 816 95 721 578 143 124 13 568 272 82
is_linear=0
shrinkage=0.00895904


Tree=132
num_leaves=15
num_cat=0
split_feature=59 90 82 64 7 65 65 61 85 15 10 64 86 64
split_gain=131.294 81.124 79.1226 180.368 126.197 90.5925 101.438 78.4998 68.3241 50.245 40.0491 2.49812 1.064 0.35634
threshold=250.00000000000003 -0.27922077922077915 0.31009615384615391 32.45000000000001 60.000000000000007 7.5000000000000009 6.5000000000000009 0.044466403162055308 50.500000000000007 1.5000000000000002 1.0000000180025095e-35 109.20000000000002 -1111.4999999999998 51.150000000000013
decision_type=2 2 2 2 2 2 2 2 2 2 2 2 2 2
left_child=2 9 5 4 -4 6 -1 -7 -3 12 -10 -5 -2 -11
right_child=1 8 3 11 -6 7 -8 -9 10 13 -12 -13 -14 -15
leaf_value=0.0038818783959158861 0.01227180203779411 0.0098628702167931938 0.005385722691847907 -0.015538489974968758 -0.021035795423790762 -0.012698957500151774 -0.023563999514969049 0.0093072220553583173 -0.011414680867620031 -0.016449979514550208 0.0035485972061991451 -0.010450658780209489 0.0090326122581547465 -0.010673307160893816
leaf_weight=325.64946337044239 22.09032678604126 17.308182954788208 316.9433885961771 36.167652234435081 15.018771052360533 13.153342001140116 10.990122377872465 571.8974546417594 95.69641774892807 3.9931056797504416 16.790737643837929 12.26129926741123 19.003989562392235 3.5716917887330055
leaf_count=391 2 6 336 169 66 75 51 214 535 18 37 94 17 25
internal_value=0 -0.00293209 0.00525954 0.00182055 0.00417885 0.00667815 0.00297291 0.00880844 -0.00662857 0.00691495 -0.00917871 -0.014297 0.0108232 -0.0140562
internal_weight=0 178.454 1302.08 380.391 331.962 921.69 336.64 585.051 129.795 48.6591 112.487 48.429 41.0943 7.5648
internal_count=2036 640 1396 665 402 731 442 289 578 62 572 263 19 43
is_linear=0
shrinkage=0.00895904


Tree=133
num_leaves=16
num_cat=0
split_feature=40 56 11 64 19 65 64 68 64 65 54 27 64 64 59
split_gain=129.778 149.993 91.9588 89.0541 63.9353 60.6544 58.7454 50.3546 98.4163 58.772 48.6215 21.7283 2.99405 1.47243 0.270631
threshold=36.650000000000013 0.40588235294117653 2.5000000000000004 41.000000000000007 13.500000000000002 2.5000000000000004 8.4500000000000011 1322.0000000000002 51.850000000000001 6.5000000000000009 35.250000000000007 2.5000000000000004 44.000000000000007 17.650000000000002 250.00000000000003
decision_type=2 2 2 2 2 2 2 2 2 2 2 2 2 2 2
left_child=2 3 7 4 -2 11 10 8 -1 -9 -3 -4 -8 -7 -5
right_child=1 6 5 14 -6 13 12 9 -10 -11 -12 -13 -14 -15 -16
leaf_value=0.0048947772733830726 0.0063305742514157366 0.007860382283346172 0.010830022957918824 -0.013309791161097892 -0.015065222505550101 -0.020269448010027068 -0.014589717578980111 0.0034426234920740192 -0.01449522698424985 0.0094613669631688317 -0.011556353036180203 -0.0094580840066371338 -0.010931711772190884 -0.014652733900239058 -0.010582138823608941
leaf_weight=354.31792472302914 230.79587163031101 25.927935138344765 13.207550182938578 12.869971826672556 11.602730810642241 9.4600009024143237 40.607066415250301 178.16625478863716 22.150169938802719 486.94500586390495 16.955401077866554 6.0235705822706214 40.365181989967823 12.854742780327795 13.442642405629156
leaf_count=383 205 24 6 74 44 40 195 226 125 171 60 17 299 65 102
internal_value=0 -0.000165569 0.00584677 0.00359391 0.00529526 -0.00719944 -0.00831508 0.0063684 0.00374709 0.00785059 0.00016556 0.00444367 -0.0127965 -0.017187 -0.0120036
internal_weight=0 392.567 1083.13 268.711 242.399 41.5459 123.856 1041.58 376.468 665.111 42.8833 19.2311 80.9722 22.3147 26.3126
internal_count=2036 1003 1033 425 249 128 578 905 508 397 84 23 494 105 176
is_linear=0
shrinkage=0.00895904


Tree=134
num_leaves=15
num_cat=0
split_feature=48 64 92 92 1 64 64 64 86 89 84 64 59 64
split_gain=128.492 195.235 104.321 94.0238 80.0788 67.6476 60.6532 105.931 73.6523 32.933 3.36558 1.41631 1.33663 0.741749
threshold=0.8500000000000002 45.000000000000007 -0.10555555555555554 0.12916666666666668 8.5000000000000018 3.6500000000000008 46.45000000000001 29.750000000000004 -14.499999999999998 527.00000000000011 0.55000000000000016 107.65000000000002 250.00000000000003 56.250000000000007
decision_type=2 2 2 2 2 2 2 2 2 2 2 2 2 2
left_child=4 2 9 -4 6 10 7 -1 -8 -2 -6 12 -3 -7
right_child=1 11 3 -5 5 13 8 -9 -10 -11 -12 -13 -14 -15
leaf_value=0.0053988437749143822 -0.015701397916871015 -0.014429874395044234 0.0051413780005117463 -0.016291072249061539 0.0036452133584952803 -0.019524756859785393 -0.012708620750352537 -0.021197758469496508 0.010251602648521483 0.0098945893551283266 0.01304575447060549 -0.010424738522471657 -0.010899660428495777 -0.010065377561667047
leaf_weight=531.59140485525131 28.784507133066654 27.527011856436729 398.85844404995441 16.950991161167622 6.9616690427064913 16.823880337178711 11.424374558031557 12.112417683005331 353.07637111842632 4.5529880225658408 5.5863052606582642 36.510614186525345 18.771289326250553 1.3732150420546521
leaf_count=522 120 137 450 78 10 73 68 56 75 4 3 296 135 9
internal_value=0 0.000704729 0.00303637 0.00426051 0.00621589 -0.00796786 0.00669765 0.00479904 0.00952562 -0.0121685 0.00796518 -0.0119194 -0.0130498 -0.0189243
internal_weight=0 531.956 449.147 415.809 938.95 30.7451 908.205 543.704 364.501 33.3375 12.548 82.8089 46.2983 18.1971
internal_count=2036 1220 652 528 816 95 721 578 143 124 13 568 272 82
is_linear=0
shrinkage=0.00895904


Tree=135
num_leaves=15
num_cat=0
split_feature=59 90 49 64 39 6 85 92 15 10 45 64 86 64
split_gain=126.9 79.4261 76.9184 120.102 84.7135 69.8931 66.7039 64.8083 49.0303 39.2119 5.25599 2.07347 1.05493 0.333788
threshold=250.00000000000003 -0.27922077922077915 0.69615384615384623 17.650000000000002 14.500000000000002 1.0000000180025095e-35 50.500000000000007 0.13809523809523808 1.5000000000000002 1.0000000180025095e-35 1.5000000000000002 105.00000000000001 -1111.4999999999998 51.150000000000013
decision_type=2 2 2 2 2 2 2 2 2 2 2 2 2 2
left_child=2 8 4 5 7 -4 -3 -1 12 -8 -6 -5 -2 -10
right_child=1 6 3 11 10 -7 9 -9 13 -11 -12 -13 -14 -15
leaf_value=0.0065318964376163665 0.01219463266466124 0.0097822377379062336 -0.011535576536098201 -0.015477262754883319 -0.0015490031384016746 0.0075732195934310022 -0.011363287085320006 -0.0089801616025795995 -0.016319783254402479 0.0034814134004024361 -0.016750453831551222 -0.010269717304910064 0.0089565943434072939 -0.010605896163348666
leaf_weight=1109.9603811576962 21.851939678192139 17.126218304038048 18.619321644306183 29.756627187132835 2.1598873659968367 83.888999342918396 94.597331374883652 21.886777453124523 3.9702454656362525 16.722445204854012 13.41810694336891 9.9609216526150686 18.856879040598869 3.5010434314608574
leaf_count=903 2 6 59 140 8 65 535 72 18 37 68 81 17 25
internal_value=0 -0.00292075 0.00517381 -0.00103943 0.00594402 0.0040871 -0.00659822 0.00623045 0.00687009 -0.00913097 -0.0146886 -0.0142273 0.0107442 -0.013977
internal_weight=0 176.626 1289.65 142.226 1147.43 102.508 128.446 1131.85 48.1801 111.32 15.578 39.7175 40.7088 7.47129
internal_count=2036 640 1396 345 1051 124 578 975 62 572 76 221 19 43
is_linear=0
shrinkage=0.00895904


Tree=136
num_leaves=15
num_cat=0
split_feature=48 64 92 92 1 64 65 61 68 89 84 64 59 64
split_gain=125.642 191.159 102.3 91.756 78.7945 66.4338 60.7776 63.6252 63.1123 32.3513 3.3633 1.3631 1.29091 0.710711
threshold=0.8500000000000002 45.000000000000007 -0.10555555555555554 0.12916666666666668 8.5000000000000018 3.6500000000000008 7.5000000000000009 0.044466403162055308 1436.5000000000002 527.00000000000011 0.55000000000000016 107.65000000000002 250.00000000000003 56.250000000000007
decision_type=2 2 2 2 2 2 2 2 2 2 2 2 2 2
left_child=4 2 9 -4 6 10 8 -8 -1 -2 -6 12 -3 -7
right_child=1 11 3 -5 5 13 7 -9 -10 -11 -12 -13 -14 -15
leaf_value=0.0048584195948196303 -0.015583648856246557 -0.014356835805660804 0.0050804254235121277 -0.016141878829371365 0.0035757096334722046 -0.019379993566901805 -0.013113023710410048 0.0091082125376853226 -0.01043522742981688 0.0098160340280527298 0.012991423595761137 -0.010398081561550403 -0.010858300669579407 -0.010009176283936928
leaf_weight=365.56787783652544 28.726506926119328 27.359292834997177 396.98894710838795 16.870446041226387 6.9339848905801791 16.811474934220318 10.397149696946142 503.31993943452835 22.843112036585808 4.5413430631160727 5.5565330982208252 36.035209603607655 18.518123686313629 1.3590128794312466
leaf_count=400 120 137 450 78 10 73 58 196 67 4 3 296 135 9
internal_value=0 0.00068547 0.00299165 0.00420821 0.00615123 -0.00793651 0.00663164 0.00865372 0.00395422 -0.0120794 0.00789901 -0.0118804 -0.0129961 -0.018792
internal_weight=0 529.04 447.127 413.859 932.789 30.661 902.128 513.717 388.411 33.2678 12.4905 81.9126 45.8774 18.1705
internal_count=2036 1220 652 528 816 95 721 254 467 124 13 568 272 82
is_linear=0
shrinkage=0.00895904


Tree=137
num_leaves=15
num_cat=0
split_feature=59 90 82 64 7 65 65 61 85 15 10 64 86 64
split_gain=124.047 78.1017 75.9768 172.114 121.985 89.6718 98.9213 75.5833 65.5562 48.1801 38.5286 2.29348 1.05817 0.313752
threshold=250.00000000000003 -0.27922077922077915 0.31009615384615391 32.45000000000001 60.000000000000007 7.5000000000000009 6.5000000000000009 0.044466403162055308 50.500000000000007 1.5000000000000002 1.0000000180025095e-35 109.20000000000002 -1111.4999999999998 51.150000000000013
decision_type=2 2 2 2 2 2 2 2 2 2 2 2 2 2
left_child=2 9 5 4 -4 6 -1 -7 -3 12 -10 -5 -2 -11
right_child=1 8 3 11 -6 7 -8 -9 10 13 -12 -13 -14 -15
leaf_value=0.0037324325888442914 0.012138826229657309 0.009725172425702899 0.0052377044019142546 -0.015347110091458869 -0.020755427249291924 -0.012621067891577506 -0.023378486669880898 0.0091689409394591533 -0.011317342481424398 -0.016219380873456368 0.0034157570557643673 -0.010385418590834947 0.008889999151484947 -0.010569213537113471
leaf_weight=322.48455445468426 21.676519870758057 17.003597527742386 313.61291056871414 35.707084663212299 15.006437286734579 12.915228396654127 10.987235084176062 559.2912338450551 93.895094081759453 3.9538277834653845 16.696235932409763 11.916336975991724 18.752790428698063 3.4578010067343712
leaf_count=391 2 6 336 169 66 75 51 214 535 18 37 94 17 25
internal_value=0 -0.0029141 0.00511569 0.00173052 0.00403926 0.0065213 0.00282621 0.00867302 -0.00657235 0.00682956 -0.0090908 -0.0141526 0.0106814 -0.0139188
internal_weight=0 175.436 1281.92 376.243 328.619 905.678 333.472 572.206 127.595 47.8409 110.591 47.6234 40.4293 7.41163
internal_count=2036 640 1396 665 402 731 442 289 578 62 572 263 19 43
is_linear=0
shrinkage=0.00895904


Tree=138
num_leaves=16
num_cat=0
split_feature=40 56 11 64 93 65 64 68 64 65 54 27 64 64 59
split_gain=122.713 143.439 88.9426 84.7349 62.2598 58.5073 56.8041 49.3337 94.2918 58.1342 47.0185 21.2331 2.87265 1.35504 0.249713
threshold=36.650000000000013 0.40588235294117653 2.5000000000000004 41.000000000000007 -0.069047619047618983 2.5000000000000004 8.4500000000000011 1322.0000000000002 51.850000000000001 6.5000000000000009 35.250000000000007 2.5000000000000004 44.000000000000007 17.650000000000002 250.00000000000003
decision_type=2 2 2 2 2 2 2 2 2 2 2 2 2 2 2
left_child=2 3 7 4 -2 11 10 8 -1 -9 -3 -4 -8 -7 -5
right_child=1 6 5 14 -6 13 12 9 -10 -11 -12 -13 -14 -15 -16
leaf_value=0.0047339818249351844 -0.010488072099613834 0.0077209561479315986 0.010703818969093157 -0.01320028955969977 0.0064916948695979675 -0.019984631448406079 -0.014470488152225217 0.0033020545975370797 -0.014398491271101295 0.0093261687154175248 -0.011421966185731798 -0.0094032878810003974 -0.010842071425345812 -0.014529463796260918 -0.010496301852924996
leaf_weight=350.17266489565372 18.636811912059784 25.707468628883362 13.024666592478754 12.649562507867815 220.73021312057972 9.4719019532203692 40.160942308604717 176.55423414707184 21.787750817835331 475.9794502556324 16.905539602041245 6.0160125494003287 39.070662520825863 12.712376371026037 12.990727700293062
leaf_count=383 59 24 6 74 190 40 195 226 125 171 60 17 299 65 102
internal_value=0 -0.000196801 0.00569381 0.00350208 0.00516225 -0.00718398 -0.00823478 0.00621327 0.0036064 0.00769772 0.000108899 0.00431936 -0.012712 -0.0170107 -0.0119191
internal_weight=0 386.852 1065.72 265.007 239.367 41.225 121.845 1024.49 371.96 652.534 42.613 19.0407 79.2316 22.1843 25.6403
internal_count=2036 1003 1033 425 249 128 578 905 508 397 84 23 494 105 176
is_linear=0
shrinkage=0.00895904


Tree=139
num_leaves=15
num_cat=0
split_feature=48 64 92 92 1 64 64 64 86 89 6 64 59 64
split_gain=121.493 185.007 99.6181 89.5959 76.99 65.0531 60.3165 103.363 71.0216 31.6239 3.34928 1.27779 1.20757 0.675522
threshold=0.8500000000000002 45.000000000000007 -0.10555555555555554 0.12916666666666668 8.5000000000000018 3.6500000000000008 46.45000000000001 29.750000000000004 -14.499999999999998 527.00000000000011 4.5000000000000009 107.65000000000002 250.00000000000003 56.250000000000007
decision_type=2 2 2 2 2 2 2 2 2 2 2 2 2 2
left_child=4 2 9 -4 6 10 7 -1 -8 -2 -6 12 -3 -7
right_child=1 11 3 -5 5 13 8 -9 -10 -11 -12 -13 -14 -15
leaf_value=0.0052370191195460786 -0.01544451271005335 -0.014236172161225219 0.0049979935215490115 -0.016025018141497375 0.0029899471190354401 -0.019212510999928264 -0.012624495429757561 -0.021105121717432784 0.010123126229209791 0.0097180116142228674 0.012351932536106865 -0.010358031086567968 -0.010802573888740284 -0.0099213119041512594
leaf_weight=525.09262497723103 28.616641275584698 27.064245194196701 394.10251407325268 16.787747599184513 6.1665084213018435 16.787433288991455 11.222851932048796 12.048920452594755 344.36237064749002 4.5227102637290946 6.2622334957122803 35.326200149953365 18.151118233799934 1.3344556093215931
leaf_count=522 120 137 450 78 10 73 68 56 75 4 3 296 135 9
internal_value=0 0.000658063 0.00292523 0.00413194 0.00605739 -0.00789143 0.00653635 0.00463877 0.0093987 -0.0119737 0.00782455 -0.011818 -0.0129096 -0.0186404
internal_weight=0 524.571 444.03 410.89 923.277 30.5506 892.727 537.142 355.585 33.1394 12.4287 80.5416 45.2154 18.1219
internal_count=2036 1220 652 528 816 95 721 578 143 124 13 568 272 82
is_linear=0
shrinkage=0.00895904


Tree=140
num_leaves=15
num_cat=0
split_feature=59 90 68 64 73 52 67 85 82 15 10 64 86 64
split_gain=119.881 76.4354 74.1257 126.169 91.9338 69.3848 67.3264 63.9908 60.8007 47.0513 37.6103 2.09283 1.04954 0.294983
threshold=250.00000000000003 -0.27922077922077915 1322.0000000000002 51.850000000000001 36.650000000000013 75.000000000000014 1504.0000000000002 50.500000000000007 0.91987179487179505 1.5000000000000002 1.0000000180025095e-35 106.05000000000001 -1111.4999999999998 51.150000000000013
decision_type=2 2 2 2 2 2 2 2 2 2 2 2 2 2
left_child=2 9 3 6 5 -4 -1 -3 -6 12 -9 -5 -2 -11
right_child=1 7 4 11 8 -7 -8 10 -10 13 -12 -13 -14 -15
leaf_value=0.0045533209542114933 0.01206530888709971 0.009648052028963466 0.0079828805059741267 -0.015380655843723301 -0.014508457526931315 -0.015779488818348945 -0.0086007599559712166 -0.011260074003639802 0.0065795941199532776 -0.016104424680018693 0.0033331060564124903 -0.010525866590303889 0.0088167673922564145 -0.010504995227532354
leaf_weight=455.30448220670223 21.436542987823486 16.822309240698814 690.18347735702991 22.589115954935551 25.748500637710094 9.8342255726456624 33.354566365480423 92.824947632849216 18.867650963366032 3.9307649061083785 16.631999686360359 13.750789292156695 18.60733163356781 3.3885708376765251
leaf_count=514 2 6 391 111 119 43 93 535 19 18 37 106 17 25
internal_value=0 -0.00290165 0.00503245 0.00245301 0.00684994 0.0076448 0.0036524 -0.00653989 -0.00560007 0.00678539 -0.00904049 -0.013609 0.0106055 -0.0138489
internal_weight=0 173.642 1269.63 524.999 744.634 700.018 488.659 126.279 44.6162 47.3632 109.457 36.3399 40.0439 7.31934
internal_count=2036 640 1396 824 572 434 607 578 138 62 572 217 19 43
is_linear=0
shrinkage=0.00895904


Tree=141
num_leaves=15
num_cat=0
split_feature=48 64 75 67 1 64 64 64 86 84 49 64 59 64
split_gain=118.746 180.669 98.2036 81.5762 75.6509 63.8634 60.2633 101.353 69.544 3.36774 1.73564 1.20487 1.13423 0.640473
threshold=0.8500000000000002 45.000000000000007 0.064583333333333312 1485.5000000000002 8.5000000000000018 3.6500000000000008 46.45000000000001 29.750000000000004 -14.499999999999998 0.55000000000000016 0.65686274509803932 107.65000000000002 250.00000000000003 56.250000000000007
decision_type=2 2 2 2 2 2 2 2 2 2 2 2 2 2
left_child=4 2 10 -4 6 9 7 -1 -8 -6 -2 12 -3 -7
right_child=1 11 3 -5 5 13 8 -9 -10 -11 -12 -13 -14 -15
leaf_value=0.0051693309845813702 -0.024647798945573968 -0.014131878228291268 0.0046708430523385424 -0.010576278580993905 0.003432650313428794 -0.019050023937673102 -0.012550546103628936 -0.020923840230907469 0.010071762466797996 0.012891897968456911 -0.015700980664184155 -0.010330394832858575 -0.010763518105434956 -0.0098648895675671981
leaf_weight=522.54471459984779 8.0953388065099698 26.857849784195423 399.6634463891387 30.119394540786743 6.8772119283676165 16.784687139093879 11.110001139342783 12.042123615741728 340.85745044052601 5.4968459606170654 4.2204209566116324 34.838393330574036 17.903402522206306 1.3187486678361882
leaf_count=522 37 137 493 102 10 73 68 56 75 3 20 296 135 9
internal_value=0 0.000641007 0.00287932 0.00359803 0.00599486 -0.00784752 0.00647235 0.00457423 0.00935118 0.00776882 -0.0218709 -0.0117675 -0.0128367 -0.0184924
internal_weight=0 521.698 442.099 429.783 917.032 30.4775 886.554 534.587 351.967 12.3741 12.3158 79.5996 44.7613 18.1034
internal_count=2036 1220 652 595 816 95 721 578 143 13 57 568 272 82
is_linear=0
shrinkage=0.00895904


Tree=142
num_leaves=15
num_cat=0
split_feature=48 64 92 92 64 64 86 68 89 68 56 64 59 64
split_gain=117.21 178.389 97.2716 87.7769 74.7285 105.577 71.8206 47.133 30.8933 14.3669 2.4212 1.16232 1.09019 0.00845792
threshold=0.8500000000000002 45.000000000000007 -0.10555555555555554 0.12916666666666668 46.45000000000001 29.750000000000004 -14.499999999999998 242.50000000000003 527.00000000000011 1322.0000000000002 0.36038961038961043 107.65000000000002 250.00000000000003 116.30000000000001
decision_type=2 2 2 2 2 2 2 2 2 2 2 2 2 2
left_child=4 2 8 -4 5 7 13 -1 -2 -8 -7 12 -3 -6
right_child=1 11 3 -5 6 10 9 -9 -10 -11 -12 -13 -14 -15
leaf_value=-0.010195342059398106 -0.015308023110333271 -0.014070033675568871 0.0049155773760192019 -0.015941984902267992 -0.013360561828361284 -0.023893938407387162 0.0048705157896306497 0.0050244618666807229 0.0096004433935756844 0.010626206541460724 -0.015186325641973459 -0.010315404698668939 -0.010743402269645706 -0.0099432885126232804
leaf_weight=16.67524479329586 28.568270772695541 26.735615409910679 391.74874768406153 16.708782054483891 8.0608991235494596 7.5950967967510206 39.932471863925457 531.35317259281874 4.5075408965349189 300.07227704674006 6.4572820961475372 34.577895425260067 17.777152329683304 3.63846231997013
leaf_count=50 120 137 450 78 42 36 49 547 4 33 29 296 135 30
internal_value=0 0.00063629 0.00285704 0.00405523 0.00596233 0.00393346 0.00920082 0.00455792 -0.0118771 0.0099534 -0.0201521 -0.011738 -0.0127937 -0.0124769
internal_weight=0 520.624 441.533 408.458 913.785 562.081 351.704 548.028 33.0758 340.005 14.0524 79.0907 44.5128 11.6994
internal_count=2036 1220 652 528 816 662 154 597 124 82 65 568 272 72
is_linear=0
shrinkage=0.00895904


Tree=143
num_leaves=15
num_cat=0
split_feature=59 90 11 65 85 73 55 65 15 52 10 87 86 64
split_gain=116.254 74.9261 72.6389 80.3432 62.6332 61.4273 116.36 59.9441 46.0794 37.2355 36.8672 10.8003 1.04689 0.288803
threshold=250.00000000000003 -0.27922077922077915 2.5000000000000004 2.5000000000000004 50.500000000000007 36.850000000000001 0.75000000000000011 7.5000000000000009 1.5000000000000002 155.00000000000003 1.0000000180025095e-35 14.500000000000002 -1111.4999999999998 51.150000000000013
decision_type=2 2 2 2 2 2 2 2 2 2 2 2 2 2
left_child=2 8 5 11 -3 7 -7 -1 12 -5 -6 -4 -2 -10
right_child=1 4 3 9 10 6 -8 -9 13 -11 -12 -13 -14 -15
leaf_value=0.0036538320484411123 0.011997124016869457 0.0095771713485802712 0.010324894019767989 -0.017022873279819589 -0.011219389718466304 0.0056026587320107922 -0.012989269580183031 0.0079438316605897098 -0.016030962349217016 0.011598942252431162 0.003261409825884493 -0.00098552213202800177 0.0087417388588607783 -0.010433415983384388
leaf_weight=453.25708484649658 21.212675094604492 16.653947338461876 19.437905520200729 30.325186923146248 91.858607672154903 80.868177950382233 40.338000386953354 619.43672286719084 3.915359027683734 4.0070643424987784 16.57583125680685 10.296585202217104 18.460050642490387 3.3205526620149612
leaf_count=556 2 6 10 150 535 85 188 387 18 1 37 19 17 25
internal_value=0 -0.0028999 0.00495035 -0.00433292 -0.00651889 0.00544914 -0.000595375 0.00613213 0.00673744 -0.0136359 -0.00900374 0.00642631 0.0105322 -0.0138004
internal_weight=0 171.997 1257.97 64.0667 125.088 1193.9 121.206 1072.69 46.9086 34.3323 108.434 29.7345 39.6727 7.23591
internal_count=2036 640 1396 180 578 1216 273 943 62 151 572 29 19 43
is_linear=0
shrinkage=0.00895904


Tree=144
num_leaves=9
num_cat=0
split_feature=64 61 56 64 64 84 64 38
split_gain=114.87 92.5056 84.6145 204.14 107.854 64.5238 35.5613 12.4617
threshold=107.65000000000002 0.033908045977011456 0.41421568627450983 23.650000000000002 19.450000000000003 0.55000000000000016 5.4500000000000011 15.500000000000002
decision_type=2 2 2 2 2 2 2 2
left_child=1 5 4 -4 -3 6 -1 -7
right_child=-2 2 3 -5 -6 7 -8 -9
leaf_value=0.0010350762078063108 -0.010410870810266891 0.0023225053174810873 0.0043049834811055435 -0.014393965318118113 0.0086297360697590655 -0.0054613855222257323 -0.01374763356258729 0.0095162571110974873
leaf_weight=18.500264644622803 42.985332481563091 336.01156465709209 280.69936752319336 56.054610013961792 618.37407521158457 5.3470879197120693 44.009501822292805 23.69299428164959
leaf_count=32 360 462 356 290 262 16 245 13
internal_value=0 0.0044308 0.00504792 0.00118596 0.00641008 -0.00426468 -0.00938243 0.00674
internal_weight=0 1382.69 1291.14 336.754 954.386 91.5498 62.5098 29.0401
internal_count=2036 1676 1370 646 724 306 277 29
is_linear=0
shrinkage=0.00895904


Tree=145
num_leaves=16
num_cat=0
split_feature=40 56 11 64 19 65 91 68 64 65 54 55 27 65 59
split_gain=113.652 135.77 85.0966 79.4021 61.3458 55.1325 54.1798 47.1896 88.7579 57.5863 43.2505 28.5094 20.8178 1.30857 0.210342
threshold=36.650000000000013 0.40588235294117653 2.5000000000000004 41.000000000000007 13.500000000000002 2.5000000000000004 0.21825396825396823 1322.0000000000002 51.850000000000001 6.5000000000000009 35.250000000000007 0.25000000000000006 2.5000000000000004 7.5000000000000009 250.00000000000003
decision_type=2 2 2 2 2 2 2 2 2 2 2 2 2 2 2
left_child=2 3 7 4 -2 12 11 8 -1 -9 -8 -3 -4 -7 -5
right_child=1 6 5 14 -6 13 10 9 -10 -11 -12 -13 -14 -15 -16
leaf_value=0.0045373502971309048 0.0060341770050077563 0.0022297882408042779 0.010516373141591553 -0.013038850196510562 -0.015002299760541815 -0.019376794007968118 0.010180847503873576 0.0030896697716826533 -0.014256569952106812 0.0091417014811319905 -0.012666597962826197 -0.013429496470581599 -0.0094990227282073601 -0.014034967477484277 -0.010398497371974643
leaf_weight=345.18689051270485 224.01008912920952 10.512901827692984 12.735625714063646 12.364926278591158 11.527524173259733 10.621125534176828 19.362435176968578 174.19005012512207 21.23569879680872 460.458994820714 9.8906306624412519 79.340737268328667 5.9824398308992377 11.323311537504194 12.427887894213198
leaf_count=383 205 22 6 74 44 46 14 226 125 171 62 480 17 59 102
internal_value=0 -0.000239037 0.00548762 0.00338571 0.00499318 -0.00719257 -0.00815451 0.00600397 0.00344123 0.00748209 0.00242312 -0.0115963 0.00408674 -0.0167666 -0.011806
internal_weight=0 379.437 1041.73 260.33 235.538 40.6625 119.107 1001.07 366.423 634.649 29.2531 89.8536 18.7181 21.9444 24.7928
internal_count=2036 1003 1033 425 249 128 578 905 508 397 76 502 23 105 176
is_linear=0
shrinkage=0.00895904


Tree=146
num_leaves=15
num_cat=0
split_feature=59 90 68 64 73 52 67 85 82 15 10 64 86 64
split_gain=112.314 73.3002 70.8555 119.253 88.307 67.201 65.1536 60.9652 58.5119 45.0524 36.1602 1.91901 1.02336 0.267617
threshold=250.00000000000003 -0.27922077922077915 1322.0000000000002 51.850000000000001 36.650000000000013 75.000000000000014 1504.0000000000002 50.500000000000007 0.91987179487179505 1.5000000000000002 1.0000000180025095e-35 106.05000000000001 -1111.4999999999998 51.150000000000013
decision_type=2 2 2 2 2 2 2 2 2 2 2 2 2 2
left_child=2 9 3 6 5 -4 -1 -3 -6 12 -9 -5 -2 -11
right_child=1 7 4 11 8 -7 -8 10 -10 13 -12 -13 -14 -15
leaf_value=0.0043969606799696892 0.011922234119798305 0.0094931768234707906 0.007801407001644718 -0.015194485632768593 -0.014381531976810457 -0.015692155729636181 -0.0085697062989084413 -0.011164513996443547 0.0064631355138626452 -0.015914183042495315 0.0032171939764641705 -0.010450176708288144 0.0086849140283971615 -0.010380495399980911
leaf_weight=449.7250567227602 20.943953037261963 16.446385756134987 674.1981496065855 22.157032161951065 25.467100813984871 9.7438945993781072 33.236661434173584 90.788933865725994 18.524415895342827 3.8956315070390692 16.500899404287338 13.285408459603785 18.327927343547344 3.2557334303855896
leaf_count=514 2 6 391 111 119 43 93 535 19 18 37 106 17 25
internal_value=0 -0.00288854 0.00486836 0.00233577 0.00667085 0.00746237 0.00350153 -0.00648814 -0.00561358 0.00669257 -0.00895065 -0.0134824 0.0104614 -0.0137343
internal_weight=0 170.159 1246.34 518.404 727.934 683.942 482.962 123.736 43.9915 46.4232 107.29 35.4424 39.2719 7.15136
internal_count=2036 640 1396 824 572 434 607 578 138 62 572 217 19 43
is_linear=0
shrinkage=0.00895904


Tree=147
num_leaves=14
num_cat=0
split_feature=48 64 75 67 64 64 86 68 68 56 49 64 59
split_gain=111.25 169.557 95.2878 78.717 74.2455 103.028 69.0127 45.7855 14.0448 2.5813 1.67152 1.08096 1.01133
threshold=0.8500000000000002 45.000000000000007 0.064583333333333312 1485.5000000000002 46.45000000000001 29.750000000000004 -14.499999999999998 242.50000000000003 1322.0000000000002 0.36038961038961043 0.65686274509803932 107.65000000000002 250.00000000000003
decision_type=2 2 2 2 2 2 2 2 2 2 2 2 2
left_child=4 2 10 -4 5 7 -6 -1 -8 -7 -2 12 -3
right_child=1 11 3 -5 6 9 8 -9 -10 -11 -12 -13 -14
leaf_value=-0.010135895447023665 -0.024380799589566304 -0.013936200303822772 0.0045301721284770309 -0.010494500017126878 -0.012377855870869033 -0.023912859824288358 0.0047772926430480703 0.0048754210697532392 0.010517429899176483 -0.014980822544520735 -0.015543419741556546 -0.010253511130696363 -0.010663061874050301
leaf_weight=16.656129539012909 8.1029780209064466 26.29423076659441 394.13553973287344 29.94652433693409 11.456242263317106 7.5630456209182721 39.295870207250118 525.22240599989891 292.16337826102972 6.3983192443847656 4.1797165721654883 33.430215559899807 17.194145582616329
leaf_count=50 37 137 493 102 72 36 49 547 33 29 20 296 135
internal_value=0 0.000585329 0.00274845 0.0034649 0.0058134 0.00378869 0.00909131 0.00441055 0.00984013 -0.020079 -0.02166 -0.0116623 -0.012695
internal_weight=0 513.283 436.365 424.082 898.755 555.84 342.915 541.879 331.459 13.9614 12.2827 76.9186 43.4884
internal_count=2036 1220 652 595 816 662 154 597 82 65 57 568 272
is_linear=0
shrinkage=0.00895904


Tree=148
num_leaves=14
num_cat=0
split_feature=48 64 92 92 64 64 86 68 38 68 56 64 59
split_gain=109.789 167.439 93.8974 84.9287 73.8821 101.268 68.1951 44.9956 30.0437 14.0421 2.43863 1.0426 0.971858
threshold=0.8500000000000002 45.000000000000007 -0.10555555555555554 0.12916666666666668 46.45000000000001 29.750000000000004 -14.499999999999998 242.50000000000003 6.5000000000000009 1322.0000000000002 0.36038961038961043 107.65000000000002 250.00000000000003
decision_type=2 2 2 2 2 2 2 2 2 2 2 2 2
left_child=4 2 8 -4 5 7 -6 -1 -2 -8 -7 12 -3
right_child=1 11 3 -5 6 10 9 -9 -10 -11 -12 -13 -14
leaf_value=-0.010023026345094331 0.00039996438974487764 -0.013877763921808478 0.004770242837757544 -0.015842488732059505 -0.012340979955683897 -0.023624116960873156 0.0047440422641483156 0.004842247039026598 -0.017772849633195212 0.010490507372703104 -0.014895840260034142 -0.010239378058850994 -0.010644092018895671
leaf_weight=16.694771468639374 10.869692310690878 26.16975274682045 386.39756809920073 16.554033488035202 11.388407766818998 7.5891194492578489 39.218460239470005 524.08937469869852 21.988105602562428 290.29783437401056 6.3783544450998306 33.177839174866676 17.071363888680935
leaf_count=50 24 137 450 78 72 36 49 547 100 33 29 296 135
internal_value=0 0.000580993 0.00272715 0.00391626 0.0057813 0.00376202 0.00906324 0.00437991 -0.011793 0.00980979 -0.0198952 -0.0116343 -0.0126542
internal_weight=0 512.228 435.809 402.952 895.656 554.752 340.905 540.784 32.8578 329.516 13.9675 76.419 43.2411
internal_count=2036 1220 652 528 816 662 154 597 124 82 65 568 272
is_linear=0
shrinkage=0.00895904


Tree=149
num_leaves=15
num_cat=0
split_feature=59 90 82 64 7 65 65 61 85 15 10 64 86 64
split_gain=108.897 71.8258 69.1822 153.704 116.263 87.7306 95.6583 70.1666 59.7017 44.1594 35.5639 1.87121 1.02189 0.262136
threshold=250.00000000000003 -0.27922077922077915 0.31009615384615391 32.45000000000001 60.000000000000007 7.5000000000000009 6.5000000000000009 0.044466403162055308 50.500000000000007 1.5000000000000002 1.0000000180025095e-35 109.20000000000002 -1111.4999999999998 51.150000000000013
decision_type=2 2 2 2 2 2 2 2 2 2 2 2 2 2
left_child=2 9 5 4 -4 6 -1 -7 -3 12 -10 -5 -2 -11
right_child=1 8 3 11 -6 7 -8 -9 10 13 -12 -13 -14 -15
leaf_value=0.0034037988531044581 0.011858437398268092 0.0094299343288141903 0.0049074790548113935 -0.014920032752949801 -0.020548342382831982 -0.012511448465332134 -0.023334156365122163 0.0088722961437002392 -0.011125107161522778 -0.015847082325093492 0.0031666988987489784 -0.010225730836331302 0.0086125822538037512 -0.010312589576857644
leaf_weight=315.48384992778301 20.722257137298584 16.282831847667694 306.20741485804319 34.55420096963644 14.923818029463289 12.448225870728491 10.928013339638708 529.34755966812372 89.859916359186172 3.8819717764854422 16.452543541789055 11.057487756013868 18.182419337332249 3.1895905211567879
leaf_count=391 2 6 336 169 66 75 51 214 535 18 37 94 17 25
internal_value=0 -0.0028851 0.00478865 0.00152493 0.00371287 0.00616663 0.00249541 0.0083767 -0.00646429 0.00664554 -0.00891144 -0.01383 0.0103916 -0.0136915
internal_weight=0 168.572 1234.95 366.743 321.131 868.208 326.412 541.796 122.595 45.9762 106.312 45.6117 38.9047 7.07156
internal_count=2036 640 1396 665 402 731 442 289 578 62 572 263 19 43
is_linear=0
shrinkage=0.00895904


Tree=150
num_leaves=14
num_cat=0
split_feature=86 64 86 84 73 66 52 49 84 65 64 64 59
split_gain=107.438 151.853 111.639 132.611 78.877 76.3222 70.0243 58.0238 52.692 3.03948 2.03141 0.511437 0.52586
threshold=-24.499999999999996 45.000000000000007 -350.49999999999994 0.22500000000000003 36.95000000000001 1692.0000000000002 105.00000000000001 0.67708333333333337 0.63333333333333341 10.500000000000002 51.850000000000001 105.00000000000001 250.00000000000003
decision_type=2 2 2 2 2 2 2 2 2 2 2 2 2
left_child=1 2 4 -4 -1 6 7 -2 9 -7 -8 12 -3
right_child=5 11 3 -5 -6 8 10 -9 -10 -11 -12 -13 -14
leaf_value=0.0061571583210383168 0.0071212204383178171 -0.013278191000220194 -0.017303052905654651 0.0041924606752461483 -0.0052461541898217168 -0.025979044128925904 -0.023195151064568729 -0.0048426302501720338 0.0074750869750047277 -0.013891120860345526 -0.012682692565047752 -0.010227644357550209 -0.010597135065745011
leaf_weight=355.96208181977272 762.2291664481163 22.20125599950552 44.841078996658325 47.035941392183304 56.244547180831432 8.8496674448251742 4.8903289139270765 33.858352839946747 7.0619610249996176 3.019112564623355 3.4196741580963135 31.858028531074524 17.434045754373074
leaf_count=339 512 118 195 56 176 42 23 103 7 17 20 288 140
internal_value=0 0.000874704 0.00260889 -0.00631247 0.00459944 0.00592027 0.00633956 0.00661132 -0.01178 -0.0231754 -0.0192548 -0.0113267 -0.0121561
internal_weight=0 575.577 504.084 91.877 412.207 823.328 804.398 796.088 18.9307 11.8688 8.31 71.4933 39.6353
internal_count=2036 1312 766 251 515 724 658 615 66 59 43 546 258
is_linear=0
shrinkage=0.00895904


Tree=151
num_leaves=15
num_cat=0
split_feature=59 90 68 64 73 52 67 85 82 15 10 64 86 64
split_gain=106.387 70.5221 68.2475 113.722 85.1788 65.1317 63.0665 58.5339 56.7527 43.4327 35.1719 1.76252 1.01712 0.251505
threshold=250.00000000000003 -0.27922077922077915 1322.0000000000002 51.850000000000001 36.650000000000013 75.000000000000014 1504.0000000000002 50.500000000000007 0.91987179487179505 1.5000000000000002 1.0000000180025095e-35 106.05000000000001 -1111.4999999999998 51.150000000000013
decision_type=2 2 2 2 2 2 2 2 2 2 2 2 2 2
left_child=2 9 3 6 5 -4 -1 -3 -6 12 -9 -5 -2 -11
right_child=1 7 4 11 8 -7 -8 10 -10 13 -12 -13 -14 -15
leaf_value=0.0042685089800791678 0.011805644153124947 0.0093686932018483323 0.0076532588082215448 -0.015032528299096893 -0.014254067454466611 -0.015565559516415537 -0.0085027810704505179 -0.011079901664720592 0.0063914738978280514 -0.015774807812786854 0.0031516681880177115 -0.010405605309929141 0.0085568926234822849 -0.010270254182785305
leaf_weight=445.18527299165726 20.533760070800781 16.150858640670776 661.03716809302568 21.747635170817375 25.262401096522808 9.6687561795115453 33.182573035359383 89.163903780281544 18.269978739321232 3.8649063706398001 16.424535363912582 12.967610962688921 18.063240006566048 3.1477674022316933
leaf_count=514 2 6 391 111 119 43 93 535 19 18 37 106 17 25
internal_value=0 -0.00287654 0.00473541 0.00224155 0.0065258 0.00731416 0.00337952 -0.00643423 -0.00559886 0.00660623 -0.00886424 -0.0133714 0.0103355 -0.0136457
internal_weight=0 167.349 1227.32 513.083 714.238 670.706 478.368 121.739 43.5324 45.6097 105.588 34.7152 38.597 7.01267
internal_count=2036 640 1396 824 572 434 607 578 138 62 572 217 19 43
is_linear=0
shrinkage=0.00895904


Tree=152
num_leaves=16
num_cat=0
split_feature=61 56 64 64 2 28 78 84 64 72 38 0 64 64 80
split_gain=105.411 95.5699 216.022 95.4589 91.0158 75.3826 73.4118 66.097 32.7631 39.3247 12.223 12.9485 4.98828 2.94213 2.89647
threshold=0.033908045977011456 0.41421568627450983 23.650000000000002 19.450000000000003 6.5000000000000009 1.0000000180025095e-35 75.000000000000014 0.55000000000000016 5.4500000000000011 8.5000000000000018 15.500000000000002 8.5000000000000018 10.950000000000001 51.150000000000013 35.850000000000001
decision_type=2 2 2 2 2 2 2 2 2 2 2 2 2 2 2
left_child=7 3 5 6 -5 -3 -2 8 9 -1 11 -9 -10 -4 -12
right_child=1 2 13 4 -6 -7 -8 10 12 -11 14 -13 -14 -15 -16
leaf_value=-0.022161647805970016 -0.00012034789163070748 0.0049907301778162796 -0.015354088362238087 0.0085515025273876742 -0.017739353076436426 -0.020479592478543904 0.010088233959633581 -0.016377058951901103 -0.019791697062567441 0.0082002875334324012 0.0055979287790424723 0.011383615133222533 -0.011769723430660184 -0.01148324760333496 0.012138918245846205
leaf_weight=4.3232913911342647 258.9662511497736 267.42752356827259 31.960080683231354 597.35138995945454 10.585981614887713 9.476974204182623 72.138317584991455 3.2393235191702869 7.6547567099332801 13.982083722949026 10.24386014044285 2.0501918792724609 47.032937906682491 40.838363103568554 13.016243457794188
leaf_count=19 435 315 156 298 52 41 27 15 33 13 11 1 319 299 2
internal_value=0 0.00449202 0.000493661 0.00598059 0.00808822 0.00410539 0.00210829 -0.00498199 -0.00949597 0.000873162 0.00654454 -0.0055914 -0.0129581 -0.0132187 0.00932839
internal_weight=0 1288.74 349.703 939.042 607.937 276.904 331.105 101.543 72.9931 18.3054 28.5496 5.28952 54.6877 72.7984 23.2601
internal_count=2036 1623 811 812 350 356 462 413 384 32 29 16 352 455 13
is_linear=0
shrinkage=0.00895904


Tree=153
num_leaves=16
num_cat=0
split_feature=40 56 11 64 19 65 91 88 73 54 84 55 27 65 59
split_gain=104.336 127.518 81.0138 73.8956 59.3389 52.752 52.0143 45.6692 43.1535 41.0025 35.7152 27.4566 20.4286 1.31637 0.171752
threshold=36.650000000000013 0.40588235294117653 2.5000000000000004 41.000000000000007 13.500000000000002 2.5000000000000004 0.21825396825396823 17.500000000000004 38.050000000000004 35.250000000000007 0.77500000000000013 0.25000000000000006 2.5000000000000004 7.5000000000000009 250.00000000000003
decision_type=2 2 2 2 2 2 2 2 2 2 2 2 2 2 2
left_child=2 3 7 4 -2 12 11 8 -1 -8 -9 -3 -4 -7 -5
right_child=1 6 5 14 -6 13 9 10 -10 -11 -12 -13 -14 -15 -16
leaf_value=0.0062839488190717307 0.0058484777477988831 0.0021267836571453487 0.010378976944844253 -0.012871513329638422 -0.014887145246767671 -0.019205975424139099 0.0099938528457373041 -0.020094455350050208 -0.0074567803667561347 -0.01255549967550617 0.0087188361105807171 -0.013345796786328043 -0.0095284318227570365 -0.013838284984483347 -0.010296344278048077
leaf_weight=941.71587418019772 219.52902045845985 10.395766742527483 12.510376736521723 12.043821170926096 11.48463301360607 10.595085114240648 19.003672748804096 9.4340650439262372 18.554725952446461 9.5780332088470441 5.2453793734312049 76.908109575510025 5.9600249528884879 11.070069536566733 11.846049182116984
leaf_count=789 205 22 6 74 44 46 14 47 65 62 4 480 17 59 102
internal_value=0 -0.000289803 0.00526284 0.00325256 0.00480606 -0.00718651 -0.00807433 0.00577667 0.00601699 0.0024033 -0.0098175 -0.0115025 0.00392224 -0.0166095 -0.0116875
internal_weight=0 370.789 1015.09 254.904 231.014 40.1356 115.886 974.95 960.271 28.5817 14.6794 87.3039 18.4704 21.6652 23.8899
internal_count=2036 1003 1033 425 249 128 578 905 854 76 51 502 23 105 176
is_linear=0
shrinkage=0.00895904


Tree=154
num_leaves=16
num_cat=0
split_feature=61 56 64 64 2 28 78 84 64 72 38 0 64 80 64
split_gain=103.233 93.4031 211.614 95.0049 89.403 73.6399 72.6323 64.9317 32.2436 38.5191 12.019 12.7114 4.768 2.87335 2.81184
threshold=0.033908045977011456 0.41421568627450983 23.650000000000002 19.450000000000003 6.5000000000000009 1.0000000180025095e-35 75.000000000000014 0.55000000000000016 5.4500000000000011 8.5000000000000018 15.500000000000002 8.5000000000000018 10.950000000000001 35.850000000000001 51.150000000000013
decision_type=2 2 2 2 2 2 2 2 2 2 2 2 2 2 2
left_child=7 3 5 6 -5 -3 -2 8 9 -1 11 -9 -10 -12 -4
right_child=1 2 14 4 -6 -7 -8 10 12 -11 13 -13 -14 -15 -16
leaf_value=-0.021910116274824365 -0.00016175554740719357 0.0049321630569975584 -0.01526185119338557 0.0084961259904447976 -0.017613829083154571 -0.020239486823560696 0.010025829045701954 -0.016265890457737891 -0.01960157185413244 0.0081319487279549203 0.0055438172867278476 0.011319927863354482 -0.011740492626414193 0.012076973858901212 -0.011451532364657976
leaf_weight=4.3339203894138363 258.36219735443592 266.35849143564701 31.748566702008247 592.37984145432711 10.543117895722387 9.4803894907236081 71.580664053559303 3.2266148254275349 7.6526975929737082 13.906140074133871 10.200205832719805 2.0342476367950439 46.554789789021015 12.906846046447752 40.345759101212025
leaf_count=19 435 315 156 298 52 41 27 15 33 13 11 1 319 2 299
internal_value=0 0.00444219 0.000480205 0.00591948 0.00803407 0.00405351 0.00205289 -0.00496676 -0.00945931 0.000839176 0.0064923 -0.00557221 -0.0129158 0.00926322 -0.0131658
internal_weight=0 1280.8 347.933 932.866 602.923 275.839 329.943 100.815 72.4475 18.2401 28.3679 5.26086 54.2075 23.1071 72.0943
internal_count=2036 1623 811 812 350 356 462 413 384 32 29 16 352 13 455
is_linear=0
shrinkage=0.00895904


Tree=155
num_leaves=14
num_cat=0
split_feature=86 64 86 84 73 66 52 49 84 65 64 64 59
split_gain=102.319 144.021 107.985 128.445 75.29 74.4708 67.652 56.0875 51.4182 2.9774 1.90881 0.455148 0.464345
threshold=-24.499999999999996 45.000000000000007 -350.49999999999994 0.22500000000000003 36.95000000000001 1692.0000000000002 105.00000000000001 0.67708333333333337 0.63333333333333341 10.500000000000002 51.850000000000001 105.00000000000001 250.00000000000003
decision_type=2 2 2 2 2 2 2 2 2 2 2 2 2
left_child=1 2 4 -4 -1 6 7 -2 9 -7 -8 12 -3
right_child=5 11 3 -5 -6 8 10 -9 -10 -11 -12 -13 -14
leaf_value=0.0060168094709393072 0.0069772018485951392 -0.013139832860431567 -0.017141589074809491 0.0040837822096270234 -0.0051609648827156416 -0.025721496441747607 -0.022859705139307497 -0.0048284756939475744 0.0073822675681176862 -0.013712618262196621 -0.012547694810650632 -0.010172462495764303 -0.010528898191991362
leaf_weight=350.932762183249 748.88439204543829 21.751131601631641 44.570287078619003 46.69623738527298 55.941696584224701 8.8759376108646411 4.8964368849992734 33.625052608549595 7.0117143094539633 2.9866193160414687 3.3487502411007881 30.810036562383175 16.896242149174213
leaf_count=339 512 118 195 56 176 42 23 103 7 17 20 288 140
internal_value=0 0.000816238 0.00250258 -0.00629564 0.0044782 0.00577748 0.00619812 0.00646882 -0.0117295 -0.0229657 -0.0190539 -0.0112513 -0.0120565
internal_weight=0 567.598 498.141 91.2665 406.874 809.629 790.755 782.509 18.8743 11.8626 8.24519 69.4574 38.6474
internal_count=2036 1312 766 251 515 724 658 615 66 59 43 546 258
is_linear=0
shrinkage=0.00895904


Tree=156
num_leaves=15
num_cat=0
split_feature=59 90 68 64 73 52 67 85 82 15 10 64 86 64
split_gain=101.367 67.9939 66.3245 108.92 82.2472 63.0993 61.4742 56.174 54.5932 41.9963 34.5301 1.65865 0.99708 0.231393
threshold=250.00000000000003 -0.27922077922077915 1322.0000000000002 51.850000000000001 36.650000000000013 75.000000000000014 1504.0000000000002 50.500000000000007 0.91987179487179505 1.5000000000000002 1.0000000180025095e-35 106.05000000000001 -1111.4999999999998 51.150000000000013
decision_type=2 2 2 2 2 2 2 2 2 2 2 2 2 2
left_child=2 9 3 6 5 -4 -1 -3 -6 12 -9 -5 -2 -11
right_child=1 7 4 11 8 -7 -8 10 -10 13 -12 -13 -14 -15
leaf_value=0.0041403298466422492 0.011696528299082501 0.0092417757563191174 0.0075160789403549396 -0.014925067741723527 -0.014105404923438482 -0.01542732085116894 -0.0085001155631484141 -0.011020222564574795 0.0062886178815675644 -0.015643355102160802 0.0031505542082297224 -0.010365400845405919 0.0084493060894694615 -0.010188195264394925
leaf_weight=440.15738818049431 20.115138530731201 15.820956394076346 648.80323898792267 21.372536234557629 25.020526081323624 9.5932612717151624 33.032124936580658 87.642445400357246 17.947629392147064 3.8321265503764144 16.284420125186443 12.655043706297873 17.734291635453701 3.0547162368893623
leaf_count=514 2 6 391 111 119 43 93 535 19 18 37 106 17 25
internal_value=0 -0.00288478 0.00460889 0.00213973 0.00639345 0.00717736 0.00325481 -0.00640336 -0.00559629 0.00652024 -0.00879787 -0.0132974 0.0102258 -0.0135678
internal_weight=0 164.484 1208.58 507.217 701.365 658.397 473.19 119.748 42.9682 44.7363 103.927 34.0276 37.8494 6.88684
internal_count=2036 640 1396 824 572 434 607 578 138 62 572 217 19 43
is_linear=0
shrinkage=0.00895904


Tree=157
num_leaves=16
num_cat=0
split_feature=61 56 64 64 2 28 78 84 64 72 38 0 64 80 64
split_gain=100.53 90.649 205.564 94.2331 87.558 72.0847 71.7033 63.2946 31.5753 37.7404 11.8816 12.4752 4.5845 2.88207 2.7203
threshold=0.033908045977011456 0.41421568627450983 23.650000000000002 19.450000000000003 6.5000000000000009 1.0000000180025095e-35 75.000000000000014 0.55000000000000016 5.4500000000000011 8.5000000000000018 15.500000000000002 8.5000000000000018 10.950000000000001 35.850000000000001 51.150000000000013
decision_type=2 2 2 2 2 2 2 2 2 2 2 2 2 2 2
left_child=7 3 5 6 -5 -3 -2 8 9 -1 11 -9 -10 -12 -4
right_child=1 2 14 4 -6 -7 -8 10 12 -11 13 -13 -14 -15 -16
leaf_value=-0.021690826139507489 -0.00022090733558193735 0.0048490342401202712 -0.015162939081460798 0.0084209984340511343 -0.017494458411686804 -0.020061331611165002 0.0099467711804087956 -0.016203498647029142 -0.019432054670349301 0.0080495970372821309 0.0054370715436721203 0.011228460458247703 -0.011703850016621529 0.012002429489285205 -0.011386745621530874
leaf_weight=4.3421084433794048 257.32029795646667 264.87992684543133 31.522554568946362 584.80510919541121 10.481371983885763 9.4774757921695691 70.842800334095955 3.218720585107806 7.6481094360351554 13.813297301530836 10.13017910718918 2.0107228755950928 45.893300026655197 12.771466732025145 39.603085666894913
leaf_count=19 435 315 156 298 52 41 27 15 33 13 11 1 319 2 299
internal_value=0 0.00437034 0.000455036 0.00583473 0.00795918 0.00397505 0.00197851 -0.00496019 -0.00942205 0.000783444 0.00639767 -0.00562785 -0.0128735 0.00916845 -0.0130969
internal_weight=0 1268.93 345.483 923.45 595.286 274.357 328.163 99.8279 71.6968 18.1554 28.1311 5.22944 53.5414 22.9016 71.1256
internal_count=2036 1623 811 812 350 356 462 413 384 32 29 16 352 13 455
is_linear=0
shrinkage=0.00895904


Tree=158
num_leaves=16
num_cat=0
split_feature=40 56 11 64 93 65 91 64 56 86 54 55 27 65 59
split_gain=99.2713 121.516 77.748 71.1336 58.2761 51.2743 50.4228 44.826 162.085 64.1528 39.5988 26.7079 20.056 1.30177 0.159774
threshold=36.650000000000013 0.40588235294117653 2.5000000000000004 41.000000000000007 -0.069047619047618983 2.5000000000000004 0.21825396825396823 44.000000000000007 0.12132352941176471 66.500000000000014 35.250000000000007 0.25000000000000006 2.5000000000000004 7.5000000000000009 250.00000000000003
decision_type=2 2 2 2 2 2 2 2 2 2 2 2 2 2 2
left_child=2 3 7 4 -2 12 11 9 -9 -1 -8 -3 -4 -7 -5
right_child=1 6 5 14 -6 13 10 8 -10 -11 -12 -13 -14 -15 -16
leaf_value=0.0047245006653014029 -0.010554953482640643 0.0020575066919271399 0.010308841425370467 -0.012818237497540278 0.0060186950104520005 -0.01903273014338629 0.0098681224447594359 0.009796457700769888 -0.013068165507394317 -0.010177577148659444 -0.012500385617634354 -0.013273537549258021 -0.0094389559324535993 -0.013675693982315669 -0.01025802860909609
leaf_weight=571.30770722031593 18.358259260654449 10.318336874246596 12.395450681447985 11.854196660220625 209.63368156552315 10.565303936600687 18.762168221175674 337.45705846697092 26.700889155268669 23.991096645593643 9.3674342930316907 75.234977208077908 5.9659243822097769 10.88648074865341 11.616568066179751
leaf_count=602 59 22 6 74 190 46 14 72 163 68 62 480 17 59 102
internal_value=0 -0.000329768 0.00512836 0.00314513 0.00467633 -0.00711453 -0.00800868 0.00563772 0.00811393 0.00412082 0.00238427 -0.0114238 0.00386008 -0.0164602 -0.0116453
internal_weight=0 365.146 999.27 251.463 227.992 39.8132 113.683 959.457 364.158 595.299 28.1296 85.5533 18.3614 21.4518 23.4708
internal_count=2036 1003 1033 425 249 128 578 905 235 670 76 502 23 105 176
is_linear=0
shrinkage=0.00895904


Tree=159
num_leaves=16
num_cat=0
split_feature=61 56 64 64 2 78 28 84 64 72 38 0 64 80 64
split_gain=98.1674 88.0046 201.093 93.3279 85.9061 70.8552 70.4293 62.3344 31.0944 37.0108 11.7003 12.2559 4.39294 2.83928 2.61734
threshold=0.033908045977011456 0.41421568627450983 23.650000000000002 19.450000000000003 6.5000000000000009 75.000000000000014 1.0000000180025095e-35 0.55000000000000016 5.4500000000000011 8.5000000000000018 15.500000000000002 8.5000000000000018 10.950000000000001 35.850000000000001 51.150000000000013
decision_type=2 2 2 2 2 2 2 2 2 2 2 2 2 2 2
left_child=7 3 6 5 -5 -2 -3 8 9 -1 11 -9 -10 -12 -4
right_child=1 2 14 4 -6 -7 -8 10 12 -11 13 -13 -14 -15 -16
leaf_value=-0.021464077435085091 -0.00025061437637564189 0.0047996824916778048 -0.015066226486415212 0.0083609750201956712 -0.017367188343867104 0.0098888336179745271 -0.019823230273901746 -0.016093006928130493 -0.019257661341313809 0.0079865555298346495 0.0054177462433366592 0.011172848480441753 -0.011673042578012984 0.01194830663596962 -0.0113359638372006
leaf_weight=4.3497972935438183 256.87483376264572 263.96485249698162 31.305671915411949 579.25995749980211 10.434066593647001 70.304278254508972 9.4785088002681714 3.2058826982975033 7.6429537981748572 13.743771106004713 10.119366034865381 1.996056795120239 45.37663060426712 12.670635700225828 39.031990453600883
leaf_count=19 435 315 156 298 52 27 41 15 33 13 11 1 319 2 299
internal_value=0 0.00432239 0.000456233 0.00577159 0.00790021 0.00193259 0.00393281 -0.00493109 -0.00938218 0.000754636 0.006363 -0.00560147 -0.0128322 0.00911881 -0.0130329
internal_weight=0 1260.65 343.781 916.873 589.694 327.179 273.443 99.1051 71.1132 18.0936 27.9919 5.20194 53.0196 22.79 70.3377
internal_count=2036 1623 811 812 350 462 356 413 384 32 29 16 352 13 455
is_linear=0
shrinkage=0.00895904


Tree=160
num_leaves=15
num_cat=0
split_feature=59 90 68 64 73 52 67 85 82 15 65 64 86 64
split_gain=97.3904 65.9067 64.42 104.885 79.7925 61.065 60.1135 54.2298 53.0244 40.7771 34.2595 1.55839 0.985753 0.210192
threshold=250.00000000000003 -0.27922077922077915 1322.0000000000002 51.850000000000001 36.650000000000013 75.000000000000014 1504.0000000000002 50.500000000000007 0.91987179487179505 1.5000000000000002 3.5000000000000004 106.05000000000001 -1111.4999999999998 51.150000000000013
decision_type=2 2 2 2 2 2 2 2 2 2 2 2 2 2
left_child=2 9 3 6 5 -4 -1 -3 -6 12 -9 -5 -2 -11
right_child=1 7 4 11 8 -7 -8 10 -10 13 -12 -13 -14 -15
leaf_value=0.004045454144271406 0.011610069647115197 0.0091413612709081993 0.0074045575190053135 -0.014819676967310487 -0.013997602693520841 -0.015242887391937694 -0.0084773410229495548 -0.0007239357974144681 0.0062192096093934375 -0.015504543652719756 -0.012075567891038769 -0.010331266889887229 0.0083576830801281275 -0.010116300687640294
leaf_weight=436.37288926541805 19.76313304901123 15.54539545625448 638.56264290958643 21.02145729213953 24.794747807085514 9.5282677710056287 32.92197348177433 30.281807318329811 17.702848881483078 3.8064890801906577 72.314569570124149 12.372123919427393 17.476810410618782 2.9782477542757988
leaf_count=514 2 6 391 111 119 43 93 65 19 18 507 106 17 25
internal_value=0 -0.0028854 0.00451141 0.00207038 0.00628717 0.00706716 0.00316381 -0.00636977 -0.00558543 0.00645162 -0.00873288 -0.0132258 0.0101349 -0.013485
internal_weight=0 162.166 1193.28 502.688 690.589 648.091 469.295 118.142 42.4976 44.0247 102.596 33.3936 37.2399 6.78474
internal_count=2036 640 1396 824 572 434 607 578 138 62 572 217 19 43
is_linear=0
shrinkage=0.00895904


Tree=161
num_leaves=15
num_cat=0
split_feature=86 86 84 64 66 73 52 49 84 95 45 65 64 59
split_gain=96.3228 135.337 119.059 96.2086 72.3904 71.4414 64.7292 53.8627 50.2218 46.5671 16.0365 2.94424 1.76277 0.0215437
threshold=-24.499999999999996 -350.49999999999994 0.22500000000000003 45.000000000000007 1692.0000000000002 36.95000000000001 105.00000000000001 0.67708333333333337 0.63333333333333341 0.090000000000000163 115.00000000000001 10.500000000000002 51.850000000000001 250.00000000000003
decision_type=2 2 2 2 2 2 2 2 2 2 2 2 2 2
left_child=1 3 10 5 6 -1 7 -2 11 -4 -3 -6 -8 -5
right_child=4 2 9 13 8 -7 12 -9 -10 -11 -12 -13 -14 -15
leaf_value=0.0058595999288491617 0.0068093556325925413 -0.016131101163732973 -0.021032113883171704 -0.011908874124281389 -0.025497828476472247 -0.0050751609493197951 -0.022429751089503909 -0.0048146235093182279 0.0072937985665653708 0.0063825799605930489 -0.0014294658492044233 -0.013509420049516177 -0.012360131670354206 -0.010212827500777849
leaf_weight=344.99282364547253 732.8725574016571 66.450896039605141 5.4279101788997641 14.54376809298992 8.8915380239486712 55.542210876941681 4.9059003144502622 33.324599869549274 6.9607736468315116 43.245224073529243 6.5863494873046866 2.9452260434627524 3.2523725479841232 21.195063851773739
leaf_count=339 512 393 25 99 42 176 23 103 7 50 30 17 20 200
internal_value=0 0.000752676 -0.00759361 0.00308346 0.0056111 0.00434152 0.00603367 0.00630268 -0.0116807 0.00325448 -0.0148128 -0.0227792 -0.0187935 -0.0109634
internal_weight=0 557.984 121.71 436.274 793.153 400.535 774.355 766.197 18.7975 48.6731 73.0372 11.8368 8.15827 35.7388
internal_count=2036 1312 498 814 724 515 658 615 66 75 423 59 43 299
is_linear=0
shrinkage=0.00895904


Tree=162
num_leaves=16
num_cat=0
split_feature=61 56 64 64 2 78 28 84 64 72 38 0 64 80 64
split_gain=95.5467 85.3579 195.272 92.6975 84.1094 70.0099 68.8217 60.7766 30.4223 36.2992 11.5586 12.0173 4.23382 2.8489 2.53067
threshold=0.033908045977011456 0.41421568627450983 23.650000000000002 19.450000000000003 6.5000000000000009 75.000000000000014 1.0000000180025095e-35 0.55000000000000016 5.4500000000000011 8.5000000000000018 15.500000000000002 8.5000000000000018 10.950000000000001 35.850000000000001 46.45000000000001
decision_type=2 2 2 2 2 2 2 2 2 2 2 2 2 2 2
left_child=7 3 6 5 -5 -2 -3 8 9 -1 11 -9 -10 -12 -4
right_child=1 2 14 4 -6 -7 -8 10 12 -11 13 -13 -14 -15 -16
leaf_value=-0.021267776167301529 -0.00031199769705612018 0.0047172944467824924 -0.015102703733603106 0.0082889187253112062 -0.017255681354790286 0.009812491675944883 -0.019629267927922026 -0.016015265658727268 -0.019103245535790923 0.0079013298905916303 0.0053135322886425102 0.011085756528333934 -0.011636334174664047 0.011877718945857891 -0.011373795622016829
leaf_weight=4.3582011610269573 255.8207738250494 262.48662304878235 28.933915756642818 571.83416902273893 10.363117992877958 69.574301421642303 9.4752374440431577 3.1994289904832867 7.6356549113988867 13.653645962476729 10.050222367048265 1.9725314378738401 44.691658228635788 12.535754680633543 40.400405772030354
leaf_count=19 435 315 141 298 52 27 41 15 33 13 11 1 319 2 314
internal_value=0 0.00425257 0.000432689 0.00568861 0.00782866 0.0018572 0.00385576 -0.00492296 -0.00934611 0.000692815 0.00627187 -0.00564841 -0.012792 0.00902699 -0.0129675
internal_weight=0 1248.89 341.296 907.592 582.197 325.395 271.962 98.0971 70.3392 18.0118 27.7579 5.17196 52.3273 22.586 69.3343
internal_count=2036 1623 811 812 350 462 356 413 384 32 29 16 352 13 455
is_linear=0
shrinkage=0.00895904


Tree=163
num_leaves=16
num_cat=0
split_feature=40 56 11 64 19 65 91 64 56 86 54 55 27 65 59
split_gain=94.5079 115.844 74.6908 68.4387 57.0417 49.7766 49.0276 44.977 154.86 62.7525 38.2758 25.9911 19.5983 1.28017 0.150215
threshold=36.650000000000013 0.40588235294117653 2.5000000000000004 41.000000000000007 13.500000000000002 2.5000000000000004 0.21825396825396823 44.000000000000007 0.12132352941176471 66.500000000000014 35.250000000000007 0.25000000000000006 2.5000000000000004 7.5000000000000009 250.00000000000003
decision_type=2 2 2 2 2 2 2 2 2 2 2 2 2 2 2
left_child=2 3 7 4 -2 12 11 9 -9 -1 -8 -3 -4 -7 -5
right_child=1 6 5 14 -6 13 10 8 -10 -11 -12 -13 -14 -15 -16
leaf_value=0.0045872094372507149 0.0055970094291891391 0.0019847722884804037 0.010227265839339387 -0.01277014400645345 -0.01479770764853508 -0.018859774520682937 0.0097557278829522379 0.0096906275807006059 -0.01291852178291257 -0.010166186571299347 -0.012448591336588526 -0.013212532520986449 -0.0093218293202236516 -0.013521157171785429 -0.010217584571844705
leaf_weight=564.68769964575768 213.57196772098541 10.237972699105738 12.25941286981106 11.662712253630163 11.423431493341921 10.531471543014051 18.529130227863792 329.02594553679228 26.091158583760262 23.951631933450699 9.1530204862356168 73.549888141453266 5.9723355770111075 10.696697875857351 11.370513014495371
leaf_count=602 205 22 6 74 44 46 14 72 163 68 62 480 17 59 102
internal_value=0 -0.000367756 0.00499989 0.00304158 0.00454973 -0.00705131 -0.00794617 0.00550512 0.00802336 0.00398375 0.00237808 -0.011355 0.00379189 -0.0163156 -0.0116056
internal_weight=0 359.499 983.216 248.029 224.995 39.4599 111.47 943.756 355.117 588.639 27.6822 83.7879 18.2317 21.2282 23.0332
internal_count=2036 1003 1033 425 249 128 578 905 235 670 76 502 23 105 176
is_linear=0
shrinkage=0.00895904


Tree=164
num_leaves=15
num_cat=0
split_feature=59 90 68 64 73 52 67 85 82 15 65 36 86 64
split_gain=93.4152 64.0698 62.5751 100.948 77.2313 59.3181 58.6149 52.5016 51.3843 39.6533 33.6113 1.58912 0.970738 0.197554
threshold=250.00000000000003 -0.27922077922077915 1322.0000000000002 51.850000000000001 36.650000000000013 75.000000000000014 1504.0000000000002 50.500000000000007 0.91987179487179505 1.5000000000000002 3.5000000000000004 -1.0000000180025095e-35 -1111.4999999999998 51.150000000000013
decision_type=2 2 2 2 2 2 2 2 2 2 2 2 2 2
left_child=2 9 3 6 5 -4 -1 -3 -6 12 -9 -5 -2 -11
right_child=1 7 4 11 8 -7 -8 10 -10 13 -12 -13 -14 -15
leaf_value=0.0039499600885507056 0.011530661982830917 0.0090450979442401585 0.0072933485267007367 -0.020311490374967316 -0.013865232086712627 -0.015100739550511206 -0.0084322562471087579 -0.00075690128933993323 0.0061492456596933653 -0.015405523312509746 -0.012043225908455538 -0.012405795624647342 0.0082792535650591977 -0.010041318195454983
leaf_weight=432.62596434354782 19.437978744506836 15.29625281691551 628.59876672178507 2.6247796118259421 24.578567445278168 9.4663509353995305 32.848268628120422 30.201760739088058 17.469591662287712 3.7747469469904891 70.945200197398663 30.134228467941284 17.240208305418491 2.8997859209775925
leaf_count=514 2 6 391 14 119 43 93 65 19 18 507 203 17 25
internal_value=0 -0.00288218 0.00441465 0.00200136 0.00618147 0.00695664 0.003073 -0.00634144 -0.0055592 0.00639576 -0.00868122 -0.0131542 0.0100539 -0.0134232
internal_weight=0 159.796 1178.35 498.233 680.113 638.065 465.474 116.443 42.0482 43.3527 101.147 32.759 36.6782 6.67453
internal_count=2036 640 1396 824 572 434 607 578 138 62 572 217 19 43
is_linear=0
shrinkage=0.00895904


Tree=165
num_leaves=16
num_cat=0
split_feature=61 56 64 64 2 78 54 84 64 72 38 0 64 80 64
split_gain=92.7198 82.2254 189.657 91.9128 82.1096 69.3159 67.3101 59.5465 29.8377 35.667 11.4067 11.7795 4.06841 2.81763 2.45024
threshold=0.033908045977011456 0.41421568627450983 23.650000000000002 19.450000000000003 6.5000000000000009 75.000000000000014 36.95000000000001 0.55000000000000016 5.4500000000000011 8.5000000000000018 15.500000000000002 8.5000000000000018 10.950000000000001 35.850000000000001 46.45000000000001
decision_type=2 2 2 2 2 2 2 2 2 2 2 2 2 2 2
left_child=7 3 6 5 -5 -2 -3 8 9 -1 11 -9 -10 -12 -4
right_child=1 2 14 4 -6 -7 -8 10 12 -11 13 -13 -14 -15 -16
leaf_value=-0.021100441502192271 -0.00037385680490844853 0.0052150280843535997 -0.015008602838494358 0.0082136983195265495 -0.017118007082861101 0.0097431817970464359 -0.01020177277549985 -0.015927180758883136 -0.018951107045066553 0.007830381518229533 0.0052666558808446371 0.011008416966714989 -0.011605406492149181 0.011814178824302619 -0.011308462421446447
leaf_weight=4.3602928221225765 254.82095205783844 245.63983137905598 28.685639970004559 564.01610412448645 10.287427030503748 68.897752240300179 24.868498936295509 3.1864638254046467 7.6186188906431189 13.569387078285216 10.017035663127901 1.9510668516159055 44.006981380283833 12.41110038757324 39.563228867948055
leaf_count=19 435 266 141 298 52 27 90 15 33 13 11 1 319 2 314
internal_value=0 0.00418441 0.000422854 0.00560294 0.00775434 0.00178379 0.00379143 -0.0048995 -0.00930889 0.000644918 0.00621319 -0.00566585 -0.0127559 0.00896017 -0.0129016
internal_weight=0 1236.78 338.757 898.022 574.304 323.719 270.508 97.1209 69.5553 17.9297 27.5657 5.13753 51.6256 22.4281 68.2489
internal_count=2036 1623 811 812 350 462 356 413 384 32 29 16 352 13 455
is_linear=0
shrinkage=0.00895904


Tree=166
num_leaves=14
num_cat=0
split_feature=86 86 84 64 66 73 52 39 84 95 45 65 64
split_gain=91.388 130.4 115.764 91.0815 70.5579 68.2607 62.4228 52.535 49.1136 45.3189 15.8393 2.85895 1.63266
threshold=-24.499999999999996 -350.49999999999994 0.22500000000000003 45.000000000000007 1692.0000000000002 36.95000000000001 105.00000000000001 13.500000000000002 0.63333333333333341 0.090000000000000163 115.00000000000001 10.500000000000002 51.850000000000001
decision_type=2 2 2 2 2 2 2 2 2 2 2 2 2
left_child=1 3 10 5 6 -1 7 -2 11 -4 -3 -6 -8
right_child=4 2 9 -5 8 -7 12 -9 -10 -11 -12 -13 -14
leaf_value=0.0057311151214021038 0.0064163019847314805 -0.016065027127808024 -0.020784209198120119 -0.01088772804214856 -0.025246619446373984 -0.0049975500657619904 -0.022084778224716609 -0.016100310436704655 0.0072184326295388606 0.0062906925281854143 -0.0013228075173614278 -0.013360846943338224 -0.012236584637416798
leaf_weight=340.16919372230768 744.56340738385916 65.303767547011375 5.4205190837383261 34.609640650451183 8.9146885350346583 55.185242369771004 4.9096481278538686 8.2335627377033216 6.9177967309951773 42.842236466705799 6.4665733426809302 2.906766176223754 3.1708413511514664
leaf_count=339 568 393 25 299 42 176 23 47 7 50 30 17 20
internal_value=0 0.000705189 -0.00754373 0.00301042 0.0054745 0.00423181 0.00589836 0.00616597 -0.0116201 0.00317927 -0.0147441 -0.0225854 -0.0185956
internal_weight=0 549.997 120.033 429.964 779.617 395.354 760.877 752.797 18.7393 48.2628 71.7703 11.8215 8.08049
internal_count=2036 1312 498 814 724 515 658 615 66 75 423 59 43
is_linear=0
shrinkage=0.00895904


Tree=167
num_leaves=16
num_cat=0
split_feature=61 56 64 64 2 78 28 84 64 72 38 0 64 80 64
split_gain=90.8974 80.4506 185.56 91.2868 80.7461 68.4184 66.8837 58.4055 29.3405 34.9386 11.2524 11.5901 3.9159 2.81901 2.35209
threshold=0.033908045977011456 0.41421568627450983 23.650000000000002 19.450000000000003 6.5000000000000009 75.000000000000014 1.0000000180025095e-35 0.55000000000000016 5.4500000000000011 8.5000000000000018 15.500000000000002 8.5000000000000018 10.950000000000001 35.850000000000001 46.45000000000001
decision_type=2 2 2 2 2 2 2 2 2 2 2 2 2 2 2
left_child=7 3 6 5 -5 -2 -3 8 9 -1 11 -9 -10 -12 -4
right_child=1 2 14 4 -6 -7 -8 10 12 -11 13 -13 -14 -15 -16
leaf_value=-0.020868994080005702 -0.0004020980186547393 0.0045951595679218239 -0.014916916433752581 0.0081619468099929614 -0.017022125602019083 0.009683606287419759 -0.019433479242555972 -0.015843904944898554 -0.018798216717448687 0.0077575367619778825 0.0051932641261326143 0.010950632267054249 -0.011574825344260277 0.011759736688577119 -0.011267086321412404
leaf_weight=4.3715637773275402 254.33949914574623 260.02846586704254 28.527050144970417 559.21018724888563 10.235322847962378 68.335859134793282 9.4556297659873945 3.1786486357450512 7.6178408414125434 13.495270669460295 9.9724603742361086 1.9346755743026731 43.522808618843555 12.301726818084715 39.030781634151936
leaf_count=19 435 315 141 298 52 27 41 15 33 13 11 1 319 2 314
internal_value=0 0.00413832 0.000408908 0.00554687 0.00770368 0.00173825 0.00373876 -0.00488917 -0.00927556 0.000605127 0.00614995 -0.00567251 -0.0127173 0.00889012 -0.0128464
internal_weight=0 1229.16 337.042 892.121 569.446 322.675 269.484 96.395 69.0075 17.8668 27.3875 5.11332 51.1406 22.2742 67.5578
internal_count=2036 1623 811 812 350 462 356 413 384 32 29 16 352 13 455
is_linear=0
shrinkage=0.00895904


Tree=168
num_leaves=15
num_cat=0
split_feature=59 90 68 64 73 52 67 85 82 15 10 36 86 47
split_gain=89.9527 62.1119 61.056 97.3418 74.8892 57.6453 57.1805 50.7246 49.6693 38.6215 33.5412 1.61218 0.961149 0.196359
threshold=250.00000000000003 -0.27922077922077915 1322.0000000000002 51.850000000000001 36.650000000000013 75.000000000000014 1504.0000000000002 50.500000000000007 0.91987179487179505 1.5000000000000002 1.0000000180025095e-35 -1.0000000180025095e-35 -1111.4999999999998 35.45000000000001
decision_type=2 2 2 2 2 2 2 2 2 2 2 2 2 2
left_child=2 9 3 6 5 -4 -1 -3 -6 12 -9 -5 -2 -11
right_child=1 7 4 11 8 -7 -8 10 -10 13 -12 -13 -14 -15
leaf_value=0.0038532279751537189 0.011449611464857621 0.0089452989264204759 0.0071882948367189515 -0.020285711507283172 -0.013724482498541662 -0.014960406517673176 -0.0083971739636504675 -0.010884658908669395 0.0060683715681942004 -0.017509779977913309 0.0032606947226482171 -0.012331492718655905 0.0081900035444395086 -0.01142019057803601
leaf_weight=428.78573746234179 19.091240882873535 15.028417684137819 619.16153353452682 2.6220538020133963 24.378118358552456 9.4043407887220365 32.750614181160927 83.912327714264393 17.221684493124485 1.6163365617394436 15.923741891980169 29.531441271305084 16.977459155023098 4.9608194008469582
leaf_count=514 2 6 391 14 119 43 93 535 19 8 37 203 17 35
internal_value=0 -0.0028903 0.00432084 0.00192892 0.0060818 0.00685243 0.00298077 -0.0063161 -0.00553976 0.00632338 -0.00862635 -0.0130971 0.00996727 -0.0133729
internal_weight=0 157.51 1163.86 493.69 670.166 628.566 461.536 114.864 41.5998 42.6459 99.8361 32.1535 36.0687 6.57716
internal_count=2036 640 1396 824 572 434 607 578 138 62 572 217 19 43
is_linear=0
shrinkage=0.00895904


Tree=169
num_leaves=16
num_cat=0
split_feature=61 56 64 64 2 78 28 84 64 72 38 0 64 80 64
split_gain=89.0331 78.8018 181.854 90.4495 79.3669 67.6357 65.6346 57.3353 28.9632 34.3512 11.1251 11.4026 3.76588 2.81923 2.28019
threshold=0.033908045977011456 0.41421568627450983 23.650000000000002 19.450000000000003 6.5000000000000009 75.000000000000014 1.0000000180025095e-35 0.55000000000000016 5.4500000000000011 8.5000000000000018 15.500000000000002 8.5000000000000018 10.950000000000001 35.850000000000001 46.45000000000001
decision_type=2 2 2 2 2 2 2 2 2 2 2 2 2 2 2
left_child=7 3 6 5 -5 -2 -3 8 9 -1 11 -9 -10 -12 -4
right_child=1 2 14 4 -6 -7 -8 10 12 -11 13 -13 -14 -15 -16
leaf_value=-0.020680552660850612 -0.00042605697614148043 0.0045392864976535755 -0.014844930035828463 0.0081101686820933133 -0.016916452348624128 0.0096325366555038809 -0.01926871025968389 -0.015764976240111462 -0.018650531030414964 0.0077093432920864735 0.0051297022930457117 0.01089128072453285 -0.011546750294893505 0.011712766730889652 -0.011229426622634953
leaf_weight=4.3760627359151867 253.8529145270586 259.06678812205791 28.370025143027306 554.24142194539309 10.187477588653563 67.840301662683487 9.452887296676634 3.1711639463901546 7.6082464903593054 13.435718491673468 9.9291100502014178 1.9175229072570799 43.07487091422081 12.205489635467528 38.528203696012497
leaf_count=19 435 315 141 298 52 27 41 15 33 13 11 1 319 2 314
internal_value=0 0.00409272 0.000393774 0.00549245 0.00765284 0.00169955 0.00368794 -0.00487292 -0.00923734 0.000587431 0.00609518 -0.00568554 -0.0126797 0.00883004 -0.012801
internal_weight=0 1221.54 335.418 886.122 564.429 321.693 268.52 95.7182 68.4949 17.8118 27.2233 5.08869 50.6831 22.1346 66.8982
internal_count=2036 1623 811 812 350 462 356 413 384 32 29 16 352 13 455
is_linear=0
shrinkage=0.00895904


Tree=170
num_leaves=16
num_cat=0
split_feature=40 56 11 56 64 65 91 64 56 86 54 55 27 85 65
split_gain=88.1376 108.624 71.0576 65.544 69.2567 48.0845 47.3159 45.2817 145.842 61.2497 36.5181 25.0565 19.1427 14.6493 1.29778
threshold=36.650000000000013 0.40588235294117653 2.5000000000000004 0.36931818181818182 28.850000000000005 2.5000000000000004 0.21825396825396823 44.000000000000007 0.12132352941176471 66.500000000000014 35.250000000000007 0.25000000000000006 2.5000000000000004 53.500000000000007 7.5000000000000009
decision_type=2 2 2 2 2 2 2 2 2 2 2 2 2 2 2
left_child=2 3 7 4 -2 12 11 9 -9 -1 -8 -3 -4 -5 -7
right_child=1 6 5 13 -6 14 10 8 -10 -11 -12 -13 -14 -15 -16
leaf_value=0.0044004967075167425 0.0021190080454293156 0.0018864816789740772 0.010127825433589257 0.011082089354785921 -0.013676771810739905 -0.018725659374326742 0.0096158727658836457 0.009554228913711554 -0.012738401457817954 -0.010207952186665811 -0.012373023304711647 -0.013142870768193864 -0.0092399053359732818 0.0028277776060575874 -0.013338387443647738
leaf_weight=555.52142173051834 126.11557719111443 10.117442101240156 12.091377004981043 66.875879786908627 26.859736070036888 10.47998730838299 18.203497134149078 317.72870546579361 25.275606401264668 23.854651749134064 8.8549199402332288 71.245539873838425 5.9685825407505027 23.464543253183365 10.43944016098976
leaf_count=602 188 22 6 8 191 46 14 72 163 68 62 480 17 38 59
internal_value=0 -0.000416589 0.0048243 0.00290683 -0.000667939 -0.00699936 -0.00786708 0.00532533 0.00790526 0.00379581 0.00238279 -0.0112737 0.00369607 0.00894891 -0.0161836
internal_weight=0 351.737 961.36 243.316 152.975 38.9794 108.421 922.38 343.004 579.376 27.0584 81.363 18.06 90.3404 20.9194
internal_count=2036 1003 1033 425 379 128 578 905 235 670 76 502 23 46 105
is_linear=0
shrinkage=0.00895904


Tree=171
num_leaves=15
num_cat=0
split_feature=59 90 68 64 73 42 52 85 82 15 65 36 86 47
split_gain=86.9853 60.7537 59.5526 94.5968 72.9693 56.6175 56.1733 49.1157 48.5165 37.7493 32.988 1.62243 0.956324 0.182616
threshold=250.00000000000003 -0.27922077922077915 1322.0000000000002 51.850000000000001 36.650000000000013 0.70714285714285718 75.000000000000014 50.500000000000007 0.91987179487179505 1.5000000000000002 3.5000000000000004 -1.0000000180025095e-35 -1111.4999999999998 35.45000000000001
decision_type=2 2 2 2 2 2 2 2 2 2 2 2 2 2
left_child=2 9 3 5 6 -1 -4 -3 -6 12 -9 -5 -2 -11
right_child=1 7 4 11 8 -7 -8 10 -10 13 -12 -13 -14 -15
leaf_value=0.0041524560705169149 0.011394656119365869 0.0088555878785038546 0.0071040858584873025 -0.020243030849364248 -0.013624342321299766 -0.0050980497326985862 -0.014822730059927557 -0.00073513427822663674 0.006020586806403147 -0.017371789303648612 -0.011985902750226436 -0.012268030119882149 0.0081271003622265976 -0.011354565730061331
leaf_weight=397.7730947881937 18.856731414794922 14.787969022989271 611.67914766073227 2.6211111098527935 24.20899810642004 61.115841552615166 9.3504934385418874 30.083263039588928 17.056060373783112 1.611355036497115 68.693769685924053 29.045245327055454 16.798970319330692 4.8858510851860046
leaf_count=454 2 6 391 14 119 153 43 65 19 8 507 203 17 35
internal_value=0 -0.00288048 0.00425054 0.00188347 0.00600272 0.00291879 0.00676944 -0.00628761 -0.00551369 0.00628513 -0.00856767 -0.0130465 0.00990741 -0.0133047
internal_weight=0 155.718 1152.85 490.555 662.295 458.889 621.03 113.565 41.2651 42.1529 98.777 31.6664 35.6557 6.49721
internal_count=2036 640 1396 824 572 607 434 578 138 62 572 217 19 43
is_linear=0
shrinkage=0.00895904


Tree=172
num_leaves=15
num_cat=0
split_feature=61 56 64 64 2 78 54 84 64 72 52 15 64 64
split_gain=86.2506 75.7322 176.803 89.6636 77.5684 66.8657 64.8384 56.3582 28.3405 33.681 7.80707 18.8187 3.62764 2.20729
threshold=0.033908045977011456 0.41421568627450983 23.650000000000002 19.450000000000003 6.5000000000000009 75.000000000000014 36.95000000000001 0.55000000000000016 5.4500000000000011 8.5000000000000018 1.5000000000000002 11.500000000000002 10.950000000000001 46.45000000000001
decision_type=2 2 2 2 2 2 2 2 2 2 2 2 2 2
left_child=7 3 6 5 -5 -2 -3 8 9 -1 -9 -12 -10 -4
right_child=1 2 13 4 -6 -7 -8 10 12 -11 11 -13 -14 -15
leaf_value=-0.020504466966033398 -0.00048362914325796367 0.0050403796929453836 -0.014757238870839051 0.0080369374982351815 -0.016796624857117432 0.0095622650781712389 -0.010157685918479509 0.010001698873677994 -0.018514181478115028 0.0076286501751698437 -0.016803117951119377 0.0080085226931599311 -0.011514524326254636 -0.011168601801323914
leaf_weight=4.3777761608362225 252.91905003786087 242.49138042330742 28.118501596152782 546.50799880921841 10.111964948475359 67.141191273927689 24.657748118042946 16.054413557052616 7.5861764699220648 13.33785358071327 3.3841599822044355 7.6273392289876938 42.389296513050795 37.713605217635632
leaf_count=19 435 266 141 298 52 27 90 8 33 13 15 6 319 314
internal_value=0 0.00402676 0.000389029 0.00540803 0.00758013 0.00162816 0.00363125 -0.00484212 -0.00920407 0.000530439 0.0060542 0.000224365 -0.0126441 -0.0127401
internal_weight=0 1209.66 332.981 876.68 556.62 320.06 267.149 94.757 67.6911 17.7156 27.0659 11.0115 49.9755 65.8321
internal_count=2036 1623 811 812 350 462 356 413 384 32 29 21 352 455
is_linear=0
shrinkage=0.00895904


Tree=173
num_leaves=16
num_cat=0
split_feature=40 56 3 31 56 64 91 64 81 64 39 54 55 87 85
split_gain=85.1952 105.244 69.6636 64.721 64.1745 67.9797 46.4521 45.4014 114.395 54.3484 44.0799 35.6089 24.6159 18.4204 14.5676
threshold=36.650000000000013 0.40588235294117653 68.500000000000014 1.0000000180025095e-35 0.36931818181818182 28.850000000000005 0.21825396825396823 44.000000000000007 0.55000000000000016 38.000000000000007 5.5000000000000009 35.250000000000007 0.25000000000000006 7.5000000000000009 53.500000000000007
decision_type=2 2 2 2 2 2 2 2 2 2 2 2 2 2 2
left_child=2 4 7 13 5 -2 12 9 -9 -1 -5 -8 -3 -4 -6
right_child=1 6 3 10 14 -7 11 8 -10 -11 -12 -13 -14 -15 -16
leaf_value=0.0041805548168552358 0.0020714271308436049 0.0018456496929600112 0.010764145525401093 0.0051794933302320824 0.01102642724754703 -0.013661451148108229 0.0095444453452844715 0.0093696275919533875 -0.012963231089186157 -0.021655764396742258 -0.014939564564108766 -0.012318091102149492 -0.013093037211490761 -0.019420137581835542 0.0027508229423571558
leaf_weight=532.19298625737429 125.53096343576908 10.074432142078875 1.6526998281478906 47.787197969853878 65.882010661065578 26.539538688957691 18.05333132296801 315.21475875377655 19.386595211923122 6.4289067089557639 10.4977470934391 8.7081426754593831 70.182515725493431 18.875645503401756 23.242413349449635
leaf_count=580 188 22 1 60 8 191 14 95 126 29 56 62 480 86 38
internal_value=0 -0.00042947 0.00474896 -0.0033112 0.00285136 -0.00068788 -0.00781579 0.00547703 0.00806894 0.00386455 0.00151841 0.00239263 -0.0112176 -0.016912 0.00887903
internal_weight=0 348.213 952.037 78.8133 241.195 152.071 107.018 873.223 334.601 538.622 58.2849 26.7615 80.2569 20.5283 89.1244
internal_count=2036 1003 1033 203 425 379 578 830 221 609 116 76 502 87 46
is_linear=0
shrinkage=0.00895904


Tree=174
num_leaves=15
num_cat=0
split_feature=61 56 64 64 2 78 28 84 64 72 52 15 64 64
split_gain=84.3834 73.5235 172.946 88.7492 75.9708 66.0635 63.7948 55.3282 27.9298 33.0549 7.71886 18.5573 3.47729 2.09334
threshold=0.033908045977011456 0.41421568627450983 23.650000000000002 19.450000000000003 6.5000000000000009 75.000000000000014 1.0000000180025095e-35 0.55000000000000016 5.4500000000000011 8.5000000000000018 1.5000000000000002 11.500000000000002 10.950000000000001 46.45000000000001
decision_type=2 2 2 2 2 2 2 2 2 2 2 2 2 2
left_child=7 3 6 5 -5 -2 -3 8 9 -1 -9 -12 -10 -4
right_child=1 2 13 4 -6 -7 -8 10 12 -11 11 -13 -14 -15
leaf_value=-0.020307562319562284 -0.00050611486612313697 0.0044386828954811374 -0.014653685517987547 0.0079815295580264976 -0.016656119913409425 0.0095100723770667386 -0.019074352371230296 0.0099429765450729322 -0.018359959137485546 0.0075725600383834369 -0.016713593274916727 0.0079578250261524153 -0.011484929178248067 -0.011128833198441582
leaf_weight=4.3810987621545818 252.57934720814228 256.73560084402561 27.901150964200497 541.23091806471348 10.06190290302038 66.643045157194138 9.4210767745971662 15.94624260812998 7.5759419202804557 13.271569907665251 3.3791628107428533 7.5852599740028381 41.911018967628479 37.182209953665733
leaf_count=19 435 315 141 298 52 27 41 8 33 13 15 6 319 314
internal_value=0 0.00398327 0.000390467 0.00534996 0.00752619 0.00158931 0.0035932 -0.00482161 -0.00916491 0.000508293 0.00600191 0.000195944 -0.0126046 -0.0126788
internal_weight=0 1201.76 331.24 870.515 551.293 319.222 266.157 94.0503 67.1396 17.6527 26.9107 10.9644 49.487 65.0834
internal_count=2036 1623 811 812 350 462 356 413 384 32 29 21 352 455
is_linear=0
shrinkage=0.00895904


Tree=175
num_leaves=15
num_cat=0
split_feature=59 90 68 64 73 67 65 85 7 15 10 36 86 47
split_gain=83.5429 59.0328 57.7794 91.3347 70.7429 55.5756 55.2193 47.2456 47.2372 36.784 32.685 1.60595 0.947437 0.168456
threshold=250.00000000000003 -0.27922077922077915 1322.0000000000002 51.850000000000001 36.650000000000013 1504.0000000000002 7.5000000000000009 50.500000000000007 1.5000000000000002 1.5000000000000002 1.0000000180025095e-35 -1.0000000180025095e-35 -1111.4999999999998 35.45000000000001
decision_type=2 2 2 2 2 2 2 2 2 2 2 2 2 2
left_child=2 9 3 5 6 -1 -4 -3 -6 12 -9 -5 -2 -11
right_child=1 7 4 11 8 -7 -8 10 -10 13 -12 -13 -14 -15
leaf_value=0.0037073240675541885 0.01132471703721866 0.0087503411431707132 0.002982355288879275 -0.020138000160441809 0.0031946423447409568 -0.0084189590011142009 0.0086354085456793114 -0.010781336550786422 -0.016105514208601329 -0.01724286494462577 0.0032886663907738855 -0.012200358063396394 0.0080487570758856625 -0.011295015799340497
leaf_weight=422.59374428540468 18.544634819030762 14.481517635285853 213.23344126343727 2.6251541823148754 22.510183870792389 32.500116154551506 398.13349933177233 81.676927283406258 18.30873017385602 1.6050932481884945 15.716930441558359 28.454550083726645 16.549182713031769 4.7982459664344788
leaf_count=514 2 6 270 14 38 93 164 535 100 8 37 203 17 35
internal_value=0 -0.0028803 0.0041603 0.00182146 0.00590272 0.00283811 0.00666532 -0.00626319 -0.00549641 0.00622625 -0.00850857 -0.0129907 0.00983255 -0.0132466
internal_weight=0 153.373 1138.36 486.174 652.186 455.094 611.367 111.875 40.8189 41.4972 97.3939 31.0797 35.0938 6.40334
internal_count=2036 640 1396 824 572 607 434 578 138 62 572 217 19 43
is_linear=0
shrinkage=0.00895904


Tree=176
num_leaves=15
num_cat=0
split_feature=61 56 64 64 2 78 54 84 64 72 52 15 64 64
split_gain=82.6323 71.8477 169.808 87.522 74.6626 65.244 62.8911 54.3617 27.6645 32.4923 7.64442 18.2738 3.34414 2.03747
threshold=0.033908045977011456 0.41421568627450983 23.650000000000002 19.450000000000003 6.5000000000000009 75.000000000000014 36.95000000000001 0.55000000000000016 5.4500000000000011 8.5000000000000018 1.5000000000000002 11.500000000000002 10.950000000000001 51.150000000000013
decision_type=2 2 2 2 2 2 2 2 2 2 2 2 2 2
left_child=7 3 6 5 -5 -2 -3 8 9 -1 -9 -12 -10 -4
right_child=1 2 13 4 -6 -7 -8 10 12 -11 11 -13 -14 -15
leaf_value=-0.020109528888287525 -0.0005164853242973082 0.0049455433204327369 -0.014473968507447432 0.0079271342721267454 -0.016561661444803342 0.0094650306976332681 -0.010057509465718477 0.0098903218830942424 -0.018223983247881412 0.0075352258758854063 -0.016608145977897809 0.0079001936367752209 -0.011460689736209104 -0.010998853403800872
leaf_weight=4.385440960526469 252.30894237756729 240.77063675224781 29.739493705332279 536.05040370672941 10.009114131331442 66.194799691438675 24.548129886388779 15.843322068452837 7.5636813491582862 13.222908452153204 3.3761798813939077 7.5468727499246597 41.499037783592939 34.711806155741215
leaf_count=19 435 266 156 298 52 27 90 8 33 13 15 6 319 299
internal_value=0 0.00393926 0.000380918 0.00529611 0.00747257 0.00156235 0.00355108 -0.00480215 -0.00912489 0.000506688 0.00595268 0.000167397 -0.0125706 -0.0126408
internal_weight=0 1194.33 329.77 864.563 546.06 318.504 265.319 93.4374 66.6711 17.6083 26.7664 10.9231 49.0627 64.4513
internal_count=2036 1623 811 812 350 462 356 413 384 32 29 21 352 455
is_linear=0
shrinkage=0.00895904


Tree=177
num_leaves=16
num_cat=0
split_feature=40 56 11 93 64 65 91 64 56 86 62 54 55 27 65
split_gain=81.7863 100.941 67.641 62.8235 53.6222 46.5472 45.4448 44.7653 137.437 60.0117 34.6459 34.5895 24.0977 18.7133 1.31048
threshold=36.650000000000013 0.40588235294117653 2.5000000000000004 -0.069047619047618983 41.000000000000007 2.5000000000000004 0.21825396825396823 44.000000000000007 0.12132352941176471 66.500000000000014 1.5000000000000002 35.250000000000007 0.25000000000000006 2.5000000000000004 7.5000000000000009
decision_type=2 2 2 2 2 2 2 2 2 2 2 2 2 2 2
left_child=2 3 7 10 -5 13 12 9 -9 -1 -2 -8 -3 -4 -7
right_child=1 6 5 4 -6 14 11 8 -10 -11 -12 -13 -14 -15 -16
leaf_value=0.0042350325619382552 0.0044239223223401618 0.0017988061200527451 0.010036254888602276 0.0055843983460975603 -0.011429547458310022 -0.01859593696322278 0.0094635754614569405 0.0094111613702053069 -0.012572370495510729 -0.01026383422203535 -0.018327646110067448 -0.012262500855262374 -0.013037641753264427 -0.0091591024068013258 -0.013166494553774753
leaf_weight=547.20044420659542 7.8966256752610233 10.016162417829035 11.935143262147905 198.56547228246927 15.892465382814406 10.433697491884233 17.876852259039882 305.89311702549458 24.501269429922104 23.735292345285416 16.191322058439255 8.5336290523409826 68.841008044779301 5.9634413272142401 10.192663505673407
leaf_count=602 12 22 6 190 129 46 14 72 163 68 94 62 480 17 59
internal_value=0 -0.00045351 0.00465271 0.00277128 0.0043144 -0.00694789 -0.00775313 0.00514994 0.00777451 0.003629 -0.0108922 0.002405 -0.0111531 0.0036103 -0.0160598
internal_weight=0 343.814 939.855 238.546 214.458 38.5249 105.268 901.33 330.394 570.936 24.0879 26.4105 78.8572 17.8986 20.6264
internal_count=2036 1003 1033 425 319 128 578 905 235 670 106 76 502 23 105
is_linear=0
shrinkage=0.00895904


Tree=178
num_leaves=16
num_cat=0
split_feature=59 90 68 64 73 42 65 82 63 15 64 55 36 86 47
split_gain=80.7166 57.5735 56.4107 88.775 68.9528 54.6897 54.5983 46.5182 46.0757 35.9463 34.2104 31.7383 1.61364 0.944226 0.157727
threshold=250.00000000000003 -0.27922077922077915 1322.0000000000002 51.850000000000001 36.650000000000013 0.70714285714285718 7.5000000000000009 0.91987179487179505 14.500000000000002 1.5000000000000002 2.6500000000000008 0.65000000000000002 -1.0000000180025095e-35 -1111.4999999999998 35.45000000000001
decision_type=2 2 2 2 2 2 2 2 2 2 2 2 2 2 2
left_child=2 9 3 5 6 -1 -4 -6 10 13 -3 -10 -5 -2 -11
right_child=1 8 4 12 7 -7 -8 -9 11 14 -12 -13 -14 -15 -16
leaf_value=0.0040019846191773553 0.011268656051915318 0.0089093437926721711 0.0029213805536747366 -0.020096491683062566 -0.013463852571062264 -0.0051315569404580402 0.0085665572442393829 0.0059668039500343373 0.011129237772850247 -0.017130643696827801 -0.010965747636469019 -0.011906541431954716 -0.012141650334437116 0.0079817043929899401 -0.011236328169326761
leaf_weight=391.84874458611012 18.288143634796143 7.4728810787200919 212.24169760942459 2.623907849192622 23.815024506300688 60.607785768806934 391.90310006588697 16.667710341513157 17.253263339400295 1.5980557724833477 79.450999401509762 6.4469581171870223 27.974365919828415 16.376564279198647 4.7227000445127487
leaf_count=454 2 9 270 14 119 153 164 19 3 8 515 51 203 17 35
internal_value=0 -0.00286769 0.00409198 0.00177615 0.00582628 0.00277682 0.00658494 -0.00547283 -0.00622591 0.00618275 -0.009241 0.00481691 -0.0129453 0.00976881 -0.0131898
internal_weight=0 151.61 1127.68 483.055 644.628 452.457 604.145 40.4827 110.624 40.9855 86.9239 23.7002 30.5983 34.6647 6.32076
internal_count=2036 640 1396 824 572 607 434 138 578 62 524 54 217 19 43
is_linear=0
shrinkage=0.00895904


Tree=179
num_leaves=15
num_cat=0
split_feature=61 56 68 64 73 84 73 64 72 62 52 15 64 64
split_gain=80.0252 70.2365 65.1679 93.2237 61.0365 53.5019 28.7647 27.165 31.856 21.0231 7.60699 17.932 4.11683 3.22662
threshold=0.033908045977011456 0.90454545454545465 1322.0000000000002 51.850000000000001 37.95000000000001 0.55000000000000016 34.150000000000013 5.4500000000000011 8.5000000000000018 2.5000000000000004 1.5000000000000002 11.500000000000002 22.750000000000004 10.950000000000001
decision_type=2 2 2 2 2 2 2 2 2 2 2 2 2 2
left_child=5 2 3 -2 -4 7 9 8 -1 -3 -7 -12 -8 -9
right_child=1 6 4 -5 -6 10 12 13 -10 -11 11 -13 -14 -15
leaf_value=-0.019931756699098715 0.0028361455734251229 0.0091081811984868102 0.006463837680579375 -0.012535199612244087 -0.013848115118013154 0.0098564656325086184 -0.021031648850832498 -0.01810388540007949 0.0074664843632854675 -0.016956366407669999 -0.016485363732299876 0.0078324644206778093 -0.012104360663004852 -0.011432396308046627
leaf_weight=4.3842824846506145 463.69386967271566 8.3915151730179804 642.63375124335289 33.799840934574604 11.923516623675821 15.763610623776914 8.3752443641424197 7.5379563122987738 13.135021746158598 3.3050187379121772 3.370157562196253 7.4952425509691238 10.622986853122709 40.857997868210077
leaf_count=19 634 6 511 260 76 8 38 33 13 19 15 6 79 319
internal_value=0 0.00387565 0.00423252 0.00178735 0.00608986 -0.00476813 -0.00946081 -0.00909059 0.000467363 0.00158696 0.00591905 0.000132891 -0.0162116 -0.0125392
internal_weight=0 1182.75 1152.05 497.494 654.557 92.5443 30.6948 65.9153 17.5193 11.6965 26.629 10.8654 18.9982 48.396
internal_count=2036 1623 1481 894 587 413 142 384 32 25 29 21 117 352
is_linear=0
shrinkage=0.00895904


Tree=180
num_leaves=14
num_cat=0
split_feature=86 86 84 64 66 73 52 39 84 95 45 65 64
split_gain=79.0727 120.367 109.863 78.9781 67.3374 61.4532 57.9699 48.6868 47.6903 43.3653 15.5211 2.94107 1.61343
threshold=-24.499999999999996 -350.49999999999994 0.22500000000000003 45.000000000000007 1692.0000000000002 36.95000000000001 105.00000000000001 13.500000000000002 0.63333333333333341 0.090000000000000163 115.00000000000001 10.500000000000002 40.350000000000001
decision_type=2 2 2 2 2 2 2 2 2 2 2 2 2
left_child=1 3 10 5 6 -1 7 -2 11 -4 -3 -6 -8
right_child=4 2 9 -5 8 -7 12 -9 -10 -11 -12 -13 -14
leaf_value=0.0054349416568029753 0.0060588797335217022 -0.01605159607621804 -0.020505503797606486 -0.010713122755104063 -0.02520625381380558 -0.0048633428247147467 -0.02266103976073169 -0.016068440944283734 0.007034292978518002 0.0061165501526895287 -0.001067739348387869 -0.013045887631049118 -0.01295422847215209
leaf_weight=327.23065058887005 708.71200953423977 62.390762701630592 5.3718259111046782 31.65987678989768 8.8766093552112597 54.054373420774937 4.0595028176903716 7.8937403634190551 6.8082138299942008 41.868451230227947 6.1231757253408423 2.8023852705955496 3.7855919227004051
leaf_count=339 568 393 25 299 42 176 19 47 7 50 30 17 24
internal_value=0 0.000579109 -0.00748735 0.00284272 0.00511205 0.0039732 0.00554388 0.00581088 -0.0116921 0.00301826 -0.0147195 -0.0225477 -0.0184
internal_weight=0 528.699 115.754 412.945 742.938 381.285 724.451 716.606 18.4872 47.2403 68.5139 11.679 7.84509
internal_count=2036 1312 498 814 724 515 658 615 66 75 423 59 43
is_linear=0
shrinkage=0.00895904


Tree=181
num_leaves=15
num_cat=0
split_feature=61 56 68 64 73 84 73 64 72 62 52 15 64 64
split_gain=78.4496 68.9675 64.1776 91.218 59.8003 52.4928 28.2307 26.727 31.2246 20.7253 7.54501 17.6289 3.92908 3.10599
threshold=0.033908045977011456 0.90454545454545465 1322.0000000000002 51.850000000000001 37.95000000000001 0.55000000000000016 34.150000000000013 5.4500000000000011 8.5000000000000018 2.5000000000000004 1.5000000000000002 11.500000000000002 22.750000000000004 10.950000000000001
decision_type=2 2 2 2 2 2 2 2 2 2 2 2 2 2
left_child=5 2 3 -2 -4 7 9 8 -1 -3 -7 -12 -8 -9
right_child=1 6 4 -5 -6 10 12 13 -10 -11 11 -13 -14 -15
leaf_value=-0.019732030995055445 0.0027912346588147919 0.009048001228144446 0.0064083349451885272 -0.012501078345824148 -0.013786626890716002 0.0097983955799528424 -0.020834079596689998 -0.017970394339554076 0.007397892481278593 -0.016896758326428871 -0.016383862213588524 0.0077589646114562694 -0.012071181892206396 -0.011405150230266543
leaf_weight=4.390809208154681 462.11110039800406 8.3397182673215884 638.14406455308199 33.393456317484379 11.815683051943777 15.64282436668873 8.3801948428154009 7.5312591940164557 13.062539264559744 3.2887826189398757 3.366724990308283 7.4482120871543884 10.504606328904627 40.401117190718651
leaf_count=19 634 6 511 260 76 8 38 33 13 19 15 6 79 319
internal_value=0 0.00383134 0.00418595 0.00175617 0.00603722 -0.00475886 -0.0094231 -0.00906006 0.000431411 0.00155359 0.00585869 8.69698e-05 -0.016131 -0.0125045
internal_weight=0 1175.98 1145.46 495.505 649.96 91.8435 30.5133 65.3857 17.4533 11.6285 26.4578 10.8149 18.8848 47.9324
internal_count=2036 1623 1481 894 587 413 142 384 32 25 29 21 117 352
is_linear=0
shrinkage=0.00895904


Tree=182
num_leaves=16
num_cat=0
split_feature=59 90 82 64 7 65 65 61 63 15 64 55 64 86 47
split_gain=77.6739 56.0848 54.6829 113.017 100.001 81.7959 88.931 55.8689 45.2848 35.2277 33.5042 31.054 1.08016 0.928135 0.160082
threshold=250.00000000000003 -0.27922077922077915 0.31009615384615391 32.45000000000001 60.000000000000007 7.5000000000000009 6.5000000000000009 0.044466403162055308 14.500000000000002 1.5000000000000002 2.6500000000000008 0.65000000000000002 109.20000000000002 -1111.4999999999998 35.45000000000001
decision_type=2 2 2 2 2 2 2 2 2 2 2 2 2 2 2
left_child=2 9 5 4 -4 6 -1 -7 10 13 -3 -10 -5 -2 -11
right_child=1 8 3 12 -6 7 -8 -9 11 14 -12 -13 -14 -15 -16
leaf_value=0.0026513868863554417 0.011205502960460995 0.0087803556882217922 0.0040710603727300036 -0.013987964519659472 -0.019803763366579682 -0.012159320093822324 -0.023498661400595026 0.0081638476351858502 0.011081749724102842 -0.017134958891653895 -0.010937022103903063 -0.011886532853080865 -0.0098297861388616063 0.0079227043364673549 -0.011204883049354729
leaf_weight=298.59124644845724 17.986665964126587 7.4422633349895468 284.37502116709948 31.153619192540646 14.625900469720362 10.958361536264418 10.625526793301104 455.52629179507494 17.056136175990108 1.5878089144825924 78.381447479128838 6.3310830742120734 8.7335615530610067 16.185980923473835 4.6412420347332954
leaf_count=391 2 9 336 169 66 75 51 214 3 8 515 51 94 17 35
internal_value=0 -0.00286969 0.00400225 0.000999166 0.0028912 0.00531364 0.00173874 0.00768159 -0.00620372 0.00612884 -0.00921122 0.00481712 -0.0131294 0.00970404 -0.0131858
internal_weight=0 149.613 1114.59 338.888 299.001 775.701 309.217 466.485 109.211 40.4017 85.8237 23.3872 39.8872 34.1726 6.22905
internal_count=2036 640 1396 665 402 731 442 289 578 62 524 54 263 19 43
is_linear=0
shrinkage=0.00895904


Tree=183
num_leaves=16
num_cat=0
split_feature=40 56 3 31 93 64 64 81 64 91 39 65 54 55 87
split_gain=76.6512 96.1711 65.6294 62.9388 61.4309 50.63 45.3327 105.651 52.1082 44.4496 42.0419 33.8527 33.3891 23.4342 17.773
threshold=36.650000000000013 0.40588235294117653 68.500000000000014 1.0000000180025095e-35 -0.069047619047618983 41.000000000000007 44.000000000000007 0.55000000000000016 38.000000000000007 0.21825396825396823 5.5000000000000009 2.5000000000000004 35.250000000000007 0.25000000000000006 7.5000000000000009
decision_type=2 2 2 2 2 2 2 2 2 2 2 2 2 2 2
left_child=2 4 6 14 11 -6 8 -8 -1 13 -5 -2 -11 -3 -4
right_child=1 9 3 10 5 -7 7 -9 -10 12 -12 -13 -14 -15 -16
leaf_value=0.0039326231446417705 0.0049212019092555754 0.0017137309447450961 0.010629302252389934 0.0050440333518425697 0.005462746250411538 -0.011348924883784632 0.0091900145008766438 -0.012764213794495709 -0.021450734195576849 0.00938128342453237 -0.014821632022599148 -0.01802532995478786 -0.012184097798339663 -0.012985751556285308 -0.019296420504010342
leaf_weight=520.48702009022236 7.3910695761442211 9.9455770179629308 1.6189265251159692 46.994281865656376 195.51069972664118 15.340378995984791 299.34281509369612 18.527413003146648 6.3854849785566321 17.665568538010124 10.252854891121386 16.38220826536417 8.3214440271258336 67.194264277815819 18.708907254040241
leaf_count=580 9 22 1 60 190 129 95 126 29 14 56 97 62 480 86
internal_value=0 -0.000480823 0.00450734 -0.00337215 0.0026887 0.00423033 0.00523156 0.00790341 0.00361726 -0.00768364 0.0014482 -0.0109081 0.00243628 -0.0110907 -0.0168351
internal_weight=0 337.751 922.318 77.575 234.624 210.851 844.743 317.87 526.873 103.127 57.2471 23.7733 25.987 77.1398 20.3278
internal_count=2036 1003 1033 203 425 319 830 221 609 578 116 106 76 502 87
is_linear=0
shrinkage=0.00895904


Tree=184
num_leaves=16
num_cat=0
split_feature=61 56 68 64 73 84 73 64 72 62 67 38 64 64 12
split_gain=75.8234 67.046 62.5099 88.7481 58.3017 51.2861 27.6546 26.1387 30.6258 20.3017 7.49834 17.9417 3.78675 3.00235 1.243
threshold=0.033908045977011456 0.90454545454545465 1322.0000000000002 51.850000000000001 37.95000000000001 0.55000000000000016 34.150000000000013 5.4500000000000011 8.5000000000000018 2.5000000000000004 1173.5000000000002 155.00000000000003 22.750000000000004 10.950000000000001 1.5000000000000002
decision_type=2 2 2 2 2 2 2 2 2 2 2 2 2 2 2
left_child=5 2 3 -2 -4 7 9 8 -1 -3 14 -12 -8 -9 -7
right_child=1 6 4 -5 -6 10 12 13 -10 -11 11 -13 -14 -15 -16
leaf_value=-0.019578239252691115 0.0027344935574421304 0.0089847442470360264 0.0063273885207353582 -0.012466132404033716 -0.013735545471725067 0.0060139852201731708 -0.020650360053963163 -0.017837255942976391 0.0073261428125797482 -0.016797645047518326 -0.016554178043934973 0.010973318226761132 -0.011995014064221932 -0.011356309608766296 0.010893047131429263
leaf_weight=4.3850236386060741 459.45262128859758 8.2737129554152506 630.79912047088146 32.856341488659382 11.669187426567076 8.7212755084037816 8.3684923499822634 7.5092673748731604 12.973823934793471 3.2602633684873572 3.3708146065473548 3.8858153820037842 10.318092733621596 39.693578481674194 10.280242964625359
leaf_count=19 634 6 511 260 76 8 38 33 13 19 16 1 79 319 4
internal_value=0 0.00376738 0.00411862 0.00171552 0.00595897 -0.00472462 -0.00936387 -0.0090108 0.000389124 0.00153979 0.00580207 -0.00190756 -0.0160425 -0.0124557 0.00873714
internal_weight=0 1165 1134.78 492.309 642.468 90.8198 30.2206 64.5617 17.3588 11.534 26.2581 7.25663 18.6866 47.2028 19.0015
internal_count=2036 1623 1481 894 587 413 142 384 32 25 29 17 117 352 12
is_linear=0
shrinkage=0.00895904


Tree=185
num_leaves=14
num_cat=0
split_feature=86 86 84 64 66 73 52 49 84 45 45 65 64
split_gain=75.127 116.577 107.115 74.7437 65.9612 59.3259 56.2695 47.6005 46.4523 42.3874 15.2755 2.83682 1.5821
threshold=-24.499999999999996 -350.49999999999994 0.22500000000000003 45.000000000000007 1692.0000000000002 36.95000000000001 105.00000000000001 0.67708333333333337 0.63333333333333341 4.5000000000000009 115.00000000000001 10.500000000000002 40.350000000000001
decision_type=2 2 2 2 2 2 2 2 2 2 2 2 2
left_child=1 3 10 5 6 -1 7 -2 11 -4 -3 -6 -8
right_child=4 2 9 -5 8 -7 12 -9 -10 -11 -12 -13 -14
leaf_value=0.0053232072408622893 0.00619427962118216 -0.016009176830438232 0.0063356111045698394 -0.010648037456554196 -0.024976855784217041 -0.0048343071210496099 -0.022466842274714429 -0.0049701573259795968 0.0069164877514788911 -0.018247504416419934 -0.0010294784311180242 -0.012930843151701656 -0.012802577445547924
leaf_weight=322.99711703509092 672.62600113451481 61.339139118790627 40.492402009665966 30.587104741483927 8.8953179046511668 53.685033045709133 4.0605445280671111 31.976157233119011 6.7402217686176291 6.3457617685198775 6.0299078226089469 2.7574093863368025 3.7159043475985527
leaf_count=339 512 393 40 299 42 176 19 103 7 35 30 17 24
internal_value=0 0.000535082 -0.00745649 0.0027786 0.00498651 0.00387377 0.00541999 0.00568637 -0.0116844 0.00294383 -0.0146754 -0.0223834 -0.0182702
internal_weight=0 521.476 114.207 407.269 730.772 376.682 712.379 704.602 18.3929 46.8382 67.369 11.6527 7.77645
internal_count=2036 1312 498 814 724 515 658 615 66 75 423 59 43
is_linear=0
shrinkage=0.00895904


Tree=186
num_leaves=16
num_cat=0
split_feature=59 90 92 78 49 73 39 63 15 64 55 87 64 86 47
split_gain=74.4444 54.657 52.9158 76.3336 52.026 82.4174 56.9249 44.4143 34.452 32.7743 30.2742 2.11389 1.88598 0.907568 0.153423
threshold=250.00000000000003 -0.27922077922077915 0.13809523809523808 75.000000000000014 0.69615384615384623 35.050000000000004 14.500000000000002 14.500000000000002 1.5000000000000002 2.6500000000000008 0.65000000000000002 12.500000000000002 41.900000000000006 -1111.4999999999998 35.45000000000001
decision_type=2 2 2 2 2 2 2 2 2 2 2 2 2 2 2
left_child=2 8 4 12 6 -6 -1 9 13 -3 -9 -5 -4 -2 -10
right_child=1 7 3 11 5 -7 -8 10 14 -11 -12 -13 -14 -15 -16
leaf_value=0.0052139920538327314 0.011144854647014559 0.0086516836297391292 -0.01924760102272647 0.010729422264056501 0.0045199677410805682 -0.011362234273406321 -0.014160582867475712 0.011028262726682369 -0.017085581838744281 -0.010904036171354662 -0.011859912327536715 0.0042589693454240301 -0.011779406826494946 0.007872654338761215 -0.011168916215094842
leaf_weight=939.79708914458752 17.695820331573486 7.4079008251428595 16.456772103905681 8.7726656496524829 68.841473415493965 42.104130275547504 12.152473568916319 16.836886540055279 1.5754896998405445 77.183678835630417 6.1986781656742087 8.1771712154149991 4.7227804139256468 15.992804311215876 4.5553385466337204
leaf_count=903 2 9 73 2 108 194 65 3 8 515 51 15 36 17 35
internal_value=0 -0.00286083 0.00391497 -0.00643207 0.00428726 -0.00151636 0.00496384 -0.00617635 0.00608674 -0.00917556 0.00482131 0.00769157 -0.0177038 0.00964538 -0.0131642
internal_weight=0 147.447 1101.02 38.1294 1062.9 110.946 951.95 107.627 39.8195 84.5916 23.0356 16.9498 21.1796 33.6886 6.13083
internal_count=2036 640 1396 126 1270 302 968 578 62 524 54 17 109 19 43
is_linear=0
shrinkage=0.00895904


Tree=187
num_leaves=15
num_cat=0
split_feature=61 56 68 64 73 84 73 64 72 62 52 15 64 64
split_gain=73.867 65.5267 61.4898 86.4661 56.8685 50.0397 26.9661 25.6494 30.0612 20.02 7.43464 17.1008 3.58695 2.847
threshold=0.033908045977011456 0.90454545454545465 1322.0000000000002 51.850000000000001 37.95000000000001 0.55000000000000016 34.150000000000013 5.4500000000000011 8.5000000000000018 2.5000000000000004 1.5000000000000002 11.500000000000002 22.750000000000004 10.950000000000001
decision_type=2 2 2 2 2 2 2 2 2 2 2 2 2 2
left_child=5 2 3 -2 -4 7 9 8 -1 -3 -7 -12 -8 -9
right_child=1 6 4 -5 -6 10 12 13 -10 -11 11 -13 -14 -15
leaf_value=-0.019422139717186558 0.0026682913622672845 0.0089090600634568091 0.006254922569658177 -0.012443769368975887 -0.013679215702572949 0.0096770246912832886 -0.020437287456762408 -0.017673725819450817 0.0072580111669836864 -0.016778635970803521 -0.016244079599314946 0.0076252671743489674 -0.011956710067647121 -0.011331928810356825
leaf_weight=4.383373528718951 456.73158040642738 8.202101945877077 624.42131149023771 32.365359596908092 11.527230225503443 15.351910866796972 8.3646945282816905 7.4904793053865424 12.892295852303503 3.2400431558489791 3.3556558787822706 7.3175390064716339 10.157378323376177 39.131723288446665
leaf_count=19 634 6 511 260 76 8 38 33 13 19 15 6 79 319
internal_value=0 0.0037043 0.00405306 0.00166375 0.00588955 -0.00471862 -0.00933232 -0.00897637 0.000348482 0.00147683 0.00572355 -3.12992e-05 -0.0159577 -0.0124194
internal_weight=0 1155.01 1125.05 489.097 635.949 89.923 29.9642 63.8979 17.2757 11.4421 26.0251 10.6732 18.5221 46.6222
internal_count=2036 1623 1481 894 587 413 142 384 32 25 29 21 117 352
is_linear=0
shrinkage=0.00895904


Tree=188
num_leaves=14
num_cat=0
split_feature=48 64 75 64 64 67 86 42 68 75 49 64 86
split_gain=72.954 112.986 83.8694 72.0775 86.7983 68.0791 48.5555 43.3456 12.7604 4.23578 1.90321 0.589199 0.5727
threshold=0.8500000000000002 45.000000000000007 0.064583333333333312 46.45000000000001 29.750000000000004 384.00000000000006 -14.499999999999998 0.064583333333333312 1322.0000000000002 0.18465909090909091 0.65686274509803932 107.65000000000002 -24.499999999999996
decision_type=2 2 2 2 2 2 2 2 2 2 2 2 2
left_child=3 2 10 4 7 -4 -5 -1 -8 -6 -2 12 -3
right_child=1 11 5 6 9 -7 8 -9 -10 -11 -12 -13 -14
leaf_value=-0.0038079727271759407 -0.024075913088979699 -0.011136863101259848 -0.017877079516466977 -0.011530526797883753 -0.026536317601158779 0.0033897362262813027 0.0039043611119844814 0.0043087307294632643 0.0098149385456872164 -0.015163058853909067 -0.014687028049320771 -0.0098578390016535004 -0.014421874899167084
leaf_weight=59.978689268231392 7.9993601739406568 26.099325340241194 12.299958668649195 9.3413665369153005 5.0286635160446158 370.88428420573473 33.880617275834084 433.4779821485281 236.21203141659498 8.1355392262339574 3.8660686314105988 25.093511179089546 9.1186812594532949
leaf_count=120 37 223 61 72 26 534 49 477 33 39 20 296 49
internal_value=0 0.000222346 0.0019676 0.0047288 0.00271222 0.00269844 0.00838048 0.00332102 0.00907688 -0.0198274 -0.0213004 -0.011179 -0.0120614
internal_weight=0 455.361 395.05 786.055 506.621 383.184 279.434 493.457 270.093 13.1642 11.8654 60.3115 35.218
internal_count=2036 1220 652 816 662 595 154 597 82 65 57 568 272
is_linear=0
shrinkage=0.00895904


Tree=189
num_leaves=16
num_cat=0
split_feature=61 56 68 64 73 84 73 64 72 62 67 38 64 64 12
split_gain=72.3623 64.3654 60.4194 84.6151 56.0997 49.175 26.5553 25.3138 29.4519 19.6773 7.39874 17.4865 3.44096 2.73809 1.22891
threshold=0.033908045977011456 0.90454545454545465 1322.0000000000002 51.850000000000001 36.95000000000001 0.55000000000000016 34.150000000000013 5.4500000000000011 8.5000000000000018 2.5000000000000004 1173.5000000000002 155.00000000000003 22.750000000000004 10.950000000000001 1.5000000000000002
decision_type=2 2 2 2 2 2 2 2 2 2 2 2 2 2 2
left_child=5 2 3 -2 -4 7 9 8 -1 -3 14 -12 -8 -9 -7
right_child=1 6 4 -5 -6 10 12 13 -10 -11 11 -13 -14 -15 -16
leaf_value=-0.019209536941539984 0.0026279062336604206 0.0088550178140610579 0.0064973457447340642 -0.012406827180680983 -0.0049364628450005677 0.0058977295449585375 -0.020269110781649641 -0.017547841542200744 0.0072003408187726638 -0.016684964625132807 -0.016449528026911658 0.010875514031717297 -0.011924944540741542 -0.011307536824123382 0.010780840515421289
leaf_weight=4.3904529213905361 455.53839215636253 8.1525415182113665 594.97464425861835 31.976932007819414 36.421342626214027 8.6068112403154409 8.3706759437918681 7.4808679074048987 12.82903543114662 3.2207153439521781 3.3590936139225951 3.8072454929351807 10.051170490682123 38.720913872122765 10.096758291125298
leaf_count=19 634 6 446 260 141 8 38 33 13 19 16 1 79 319 4
internal_value=0 0.00366087 0.00400745 0.00163722 0.00583647 -0.00470472 -0.00929609 -0.00894354 0.00032816 0.00146414 0.00567546 -0.00202443 -0.0158871 -0.0123867 0.00861747
internal_weight=0 1148.71 1118.91 487.515 631.396 89.2912 29.7951 63.4213 17.2195 11.3733 25.8699 7.16634 18.4218 46.2018 18.7036
internal_count=2036 1623 1481 894 587 413 142 384 32 25 29 17 117 352 12
is_linear=0
shrinkage=0.00895904


Tree=190
num_leaves=15
num_cat=0
split_feature=86 86 84 73 66 52 65 86 64 84 56 45 65 64
split_gain=71.7012 113.445 104.575 71.9096 64.6556 54.8677 53.417 50.5675 46.4892 45.1687 41.9145 14.9865 2.74513 1.52181
threshold=-24.499999999999996 -350.49999999999994 0.22500000000000003 36.95000000000001 1692.0000000000002 105.00000000000001 10.500000000000002 -427.99999999999994 27.850000000000005 0.63333333333333341 0.64495798319327746 115.00000000000001 10.500000000000002 40.350000000000001
decision_type=2 2 2 2 2 2 2 2 2 2 2 2 2 2
left_child=1 3 11 6 5 8 -1 -5 -2 12 -4 -3 -6 -7
right_child=4 2 10 7 9 13 -8 -9 -10 -11 -12 -13 -14 -15
leaf_value=0.0051704671728792012 0.0031877931405595813 -0.015982195942486808 -0.0081396564411108756 -0.011337776243279462 -0.024746953684326806 -0.022288215138621968 -0.011831350655156159 0.0053227654430921326 0.0078307162038233572 0.0067929608795952523 0.0093906293157590658 -0.0010144478371979277 -0.012805206015398167 -0.01272438257581298
leaf_weight=321.0592592433095 338.64790984988213 60.398105673491955 17.284259960055351 44.082284457981586 8.9129092022776621 4.0639662444591513 15.372198939323424 21.692062955349684 354.88710032403469 6.6650832891464225 29.146875932812691 5.9242425300180903 2.7159063369035712 3.652214840054512
leaf_count=367 413 393 52 270 42 19 133 44 202 7 23 30 17 24
internal_value=0 0.000485348 -0.00744895 0.00271217 0.00486416 0.00529893 0.00438727 -0.00584338 0.00556515 -0.0116827 0.00285779 -0.0146523 -0.0222124 -0.018182
internal_weight=0 514.959 112.753 402.206 719.545 701.251 336.431 65.7743 693.535 18.2939 46.4311 66.3223 11.6288 7.71618
internal_count=2036 1312 498 814 724 658 500 314 615 66 75 423 59 43
is_linear=0
shrinkage=0.00895904


Tree=191
num_leaves=16
num_cat=0
split_feature=59 90 92 78 15 31 73 63 15 89 55 87 64 86 47
split_gain=71.0674 53.1147 51.429 74.4793 51.1306 68.7333 62.6378 43.4589 33.7269 32.528 29.4495 2.10401 1.80302 0.88582 0.15165
threshold=250.00000000000003 -0.27922077922077915 0.13809523809523808 75.000000000000014 18.500000000000004 1.0000000180025095e-35 38.050000000000004 14.500000000000002 1.5000000000000002 405.50000000000006 0.65000000000000002 12.500000000000002 41.900000000000006 -1111.4999999999998 35.45000000000001
decision_type=2 2 2 2 2 2 2 2 2 2 2 2 2 2 2
left_child=2 8 4 12 6 -6 -1 9 13 -3 -9 -5 -4 -2 -10
right_child=1 7 3 11 5 -7 -8 10 14 -11 -12 -13 -14 -15 -16
leaf_value=0.0052017753758502108 0.011077813351985911 0.0092725402444261487 -0.019103466230478212 0.010669109481419128 -0.017687698265582839 0.0016096739866258221 -0.0085339173501804335 0.01095995817155614 -0.017091271003079007 -0.010830442680836039 -0.011837396882926053 0.0041770046071399171 -0.011696608779459541 0.0078155089855547703 -0.011150931625792318
leaf_weight=924.39976630359888 17.364728450775146 6.9099980257451525 16.414767593145374 8.6419321596622485 18.076750658452511 78.228648755699396 27.270649943500757 16.597076132893566 1.5620004013180722 76.407205071300268 6.061752848327159 8.0926626250147802 4.6079174876213065 15.772511288523672 4.4677437767386436
leaf_count=927 2 11 73 2 77 153 113 3 8 513 51 15 36 17 35
internal_value=0 -0.00286525 0.00380663 -0.00644301 0.00417705 -0.00204017 0.00480651 -0.0061577 0.00602934 -0.00914548 0.00481211 0.00761365 -0.0176012 0.00957951 -0.013172
internal_weight=0 145.143 1085.73 37.7573 1047.98 96.3054 951.67 105.976 39.167 83.3172 22.6588 16.7346 21.0227 33.1372 6.02974
internal_count=2036 640 1396 126 1270 230 1040 578 62 524 54 17 109 19 43
is_linear=0
shrinkage=0.00895904


Tree=192
num_leaves=14
num_cat=0
split_feature=61 56 68 64 73 84 56 73 40 62 64 64 63
split_gain=70.6077 63.2021 59.2801 82.6556 54.5068 48.2059 35.6313 26.0335 24.4236 19.389 15.067 3.32782 1.07318
threshold=0.033908045977011456 0.90454545454545465 1322.0000000000002 51.850000000000001 37.95000000000001 0.77500000000000013 0.80625000000000013 34.150000000000013 35.45000000000001 2.5000000000000004 2.9500000000000006 22.750000000000004 1.5000000000000002
decision_type=2 2 2 2 2 2 2 2 2 2 2 2 2
left_child=5 2 3 -2 -4 6 10 9 -8 -3 -1 -9 -7
right_child=1 7 4 -5 -6 12 8 11 -10 -11 -12 -13 -14
leaf_value=0.0034555275745507164 0.0025701619557353976 0.0087822745458188637 0.0061285676823490797 -0.012384621499374254 -0.013557807312609856 0.011186737737702757 0.0088352437776247315 -0.020148052367101651 -0.011347486816628225 -0.016650794576143799 -0.013635054983551892 -0.011897222393013265 0.006404211729086332
leaf_weight=4.4752499163150778 453.0057957097888 8.0823617503047007 613.61645802110434 31.552725296467543 11.325061049312351 7.2685303688049343 13.641431957483293 8.3585753217339533 7.1917830556631079 3.2018593177199355 45.481218248605728 9.9178379699587804 10.396319903433321
leaf_count=7 634 6 511 260 76 2 15 38 69 19 310 79 10
internal_value=0 0.00359958 0.00394457 0.00159181 0.00576774 -0.00470256 -0.00800447 -0.00929011 0.00182709 0.00140642 -0.0120962 -0.0158416 0.00847215
internal_weight=0 1139.06 1109.5 484.559 624.942 88.4545 70.7897 29.5606 20.8332 11.2842 49.9565 18.2764 17.6649
internal_count=2036 1623 1481 894 587 413 401 142 84 25 317 117 12
is_linear=0
shrinkage=0.00895904


Tree=193
num_leaves=16
num_cat=0
split_feature=40 56 11 93 64 64 56 86 65 91 62 54 64 27 65
split_gain=69.6947 90.0864 63.1223 59.4341 46.405 45.9444 122.383 58.7206 43.748 42.4354 33.3118 31.3418 22.5234 18.155 1.24545
threshold=36.650000000000013 0.40588235294117653 2.5000000000000004 -0.069047619047618983 41.000000000000007 44.000000000000007 0.12132352941176471 66.500000000000014 2.5000000000000004 0.21825396825396823 1.5000000000000002 35.250000000000007 3.4500000000000006 2.5000000000000004 7.5000000000000009
decision_type=2 2 2 2 2 2 2 2 2 2 2 2 2 2 2
left_child=2 3 5 10 -5 7 -7 -1 13 12 -2 -11 -3 -4 -10
right_child=1 9 8 4 -6 6 -8 -9 14 11 -12 -13 -14 -15 -16
leaf_value=0.0038425120142285226 0.0042617384078107992 0.0019454680820159395 0.0098092195344551721 0.0052752312877178929 -0.011240327377900901 0.0091612748674001366 -0.012309279958257981 -0.010620296734276564 -0.018476278443509381 0.0091772072911184485 -0.018366630250176742 -0.012071620519720699 -0.012881158763080174 -0.0092831034751940968 -0.013080589418299437
leaf_weight=527.8989414870739 7.6941545605659512 9.3485415875911695 11.52207623422146 190.75535963475704 14.528468575328587 283.86400055885315 22.872262582182884 23.35489596426487 10.336318969726564 17.225430563092235 15.652680620551108 8.0054424069821817 65.31191473081708 5.8896313458681098 9.7961104884743673
leaf_count=602 12 18 6 190 129 72 163 68 46 14 94 62 484 17 59
internal_value=0 -0.00054715 0.00427671 0.002554 0.00409689 0.00477465 0.00755354 0.00322625 -0.00706841 -0.00763657 -0.0109343 0.00239422 -0.0110241 0.00331915 -0.0159999
internal_weight=0 328.522 895.534 228.631 205.284 857.99 306.736 551.254 37.5441 99.8913 23.3468 25.2309 74.6605 17.4117 20.1324
internal_count=2036 1003 1033 425 319 905 235 670 128 578 106 76 502 23 105
is_linear=0
shrinkage=0.00895904


Tree=194
num_leaves=14
num_cat=0
split_feature=61 56 68 64 74 84 56 73 40 62 64 64 63
split_gain=68.9191 61.7668 58.0893 80.8976 53.7979 47.6004 35.1901 25.5122 23.983 19.073 14.8827 3.1423 1.07792
threshold=0.033908045977011456 0.90454545454545465 1322.0000000000002 51.850000000000001 0.95000000000000007 0.77500000000000013 0.80625000000000013 34.150000000000013 35.45000000000001 2.5000000000000004 2.9500000000000006 22.750000000000004 1.5000000000000002
decision_type=2 2 2 2 2 2 2 2 2 2 2 2 2
left_child=5 2 3 -2 -4 6 10 9 -8 -3 -1 -9 -7
right_child=1 7 4 -5 -6 12 8 11 -10 -11 -12 -13 -14
leaf_value=0.0034129439802265704 0.0025335268386107728 0.008728902824041547 0.0066807878434025775 -0.012355492064780709 -0.0014818598655027292 0.011166961660932482 0.0087851284566808473 -0.019920501147950846 -0.011328807663562744 -0.01657248430497963 -0.013599780010909253 -0.011851042156618599 0.0063664570879950668
leaf_weight=4.4639674127101889 451.55180160701275 8.0335453897714633 546.7104701474309 31.131939999759197 73.444218002259731 7.234941482543948 13.559377118945124 8.3573385179042834 7.0873813368380061 3.1811916306614867 45.069749776273966 9.7882721796631795 10.34441379457712
leaf_count=7 634 6 365 260 222 2 15 38 69 19 310 79 10
internal_value=0 0.00355829 0.00390024 0.00156866 0.0057139 -0.00467577 -0.00797605 -0.00922742 0.00183895 0.00139224 -0.0120589 -0.015738 0.00844241
internal_weight=0 1132.2 1102.84 482.684 620.155 87.7598 70.1805 29.3603 20.6468 11.2147 49.5337 18.1456 17.5794
internal_count=2036 1623 1481 894 587 413 401 142 84 25 317 117 12
is_linear=0
shrinkage=0.00895904


Tree=195
num_leaves=15
num_cat=0
split_feature=86 86 84 73 66 52 65 86 64 84 95 45 65 64
split_gain=68.3244 110.253 102.183 68.7914 63.5222 53.2211 51.2275 49.4186 46.2165 44.0716 41.3683 14.6514 2.65079 1.45653
threshold=-24.499999999999996 -350.49999999999994 0.22500000000000003 36.95000000000001 1692.0000000000002 105.00000000000001 10.500000000000002 -427.99999999999994 27.850000000000005 0.63333333333333341 0.090000000000000163 115.00000000000001 10.500000000000002 40.350000000000001
decision_type=2 2 2 2 2 2 2 2 2 2 2 2 2 2
left_child=1 3 11 6 5 8 -1 -5 -2 12 -4 -3 -6 -7
right_child=4 2 10 7 9 13 -8 -9 -10 -11 -12 -13 -14 -15
leaf_value=0.0050676106319218865 0.003071116164497581 -0.015954125370565522 -0.020255210993195279 -0.011262333804315159 -0.024575147225907035 -0.022052479545929659 -0.011791879795303804 0.005287895437642528 0.0077367728956647336 0.0066689150163766935 0.0058736381291137132 -0.0010225603544984335 -0.012730318914828275 -0.012604301408228999
leaf_weight=316.92410441115499 335.26562846451998 59.420121841132641 5.3304742574691764 43.388320796191692 8.916898652911188 4.0650521889328948 14.978509940207003 21.546586725860834 347.28985984623432 6.5943051278591147 40.735815517604351 5.8199275359511367 2.6726545095443717 3.5814101845026016
leaf_count=367 413 393 25 270 42 19 133 44 202 7 50 30 17 24
internal_value=0 0.000439777 -0.00743222 0.00265032 0.00474486 0.00518135 0.00430033 -0.00577093 0.00544658 -0.011703 0.00277839 -0.0146293 -0.0220968 -0.018046
internal_weight=0 508.144 111.306 396.838 708.386 690.202 331.903 64.9349 682.555 18.1839 46.0663 65.24 11.5896 7.64646
internal_count=2036 1312 498 814 724 658 500 314 615 66 75 423 59 43
is_linear=0
shrinkage=0.00895904


Tree=196
num_leaves=16
num_cat=0
split_feature=59 90 92 78 15 31 73 71 83 15 64 87 64 86 47
split_gain=67.5772 51.645 49.826 72.6292 49.5141 67.4012 59.9724 42.5375 40.5829 32.9516 2.09512 2.08128 1.70795 0.852611 0.154086
threshold=250.00000000000003 -0.27922077922077915 0.13809523809523808 75.000000000000014 18.500000000000004 1.0000000180025095e-35 38.050000000000004 9.5000000000000018 -1.0000000180025095e-35 1.5000000000000002 41.900000000000006 12.500000000000002 41.900000000000006 -1111.4999999999998 35.45000000000001
decision_type=2 2 2 2 2 2 2 2 2 2 2 2 2 2 2
left_child=2 9 4 12 6 -6 -1 8 -3 13 -9 -5 -4 -2 -11
right_child=1 7 3 11 5 -7 -8 10 -10 14 -12 -13 -14 -15 -16
leaf_value=0.0050863600817793045 0.011011233489735294 -0.011420369129450027 -0.018945606943506461 0.010615007417603194 -0.017586083714588804 0.0015668380957638774 -0.008415355190400424 -0.014145353041910627 0.0043897685349457427 -0.017105200491089597 -0.0099551950110573027 0.0041172534604286036 -0.011617357723383622 0.0077761607972138365 -0.011116702892556262
leaf_weight=910.32097547501326 17.021011590957642 19.550276707857847 16.359392046928409 8.505920812487604 18.010665059089661 77.568873152136803 27.026167999953032 27.624725870788097 38.152735687792301 1.5475863218307484 18.851577702909708 8.0053399764001352 4.4870710633695117 15.568208388984202 4.3675198890268803
leaf_count=927 2 111 73 2 77 153 113 142 97 8 228 15 36 17 35
internal_value=0 -0.00285951 0.00370117 -0.00644024 0.0040691 -0.00206999 0.00469541 -0.00613395 -0.000986523 0.00598594 -0.012494 0.00754925 -0.0174894 0.00952092 -0.0131743
internal_weight=0 142.684 1070.28 37.3577 1032.93 95.5795 937.347 104.179 57.703 38.5043 46.4763 16.5113 20.8465 32.5892 5.91511
internal_count=2036 640 1396 126 1270 230 1040 578 208 62 370 17 109 19 43
is_linear=0
shrinkage=0.00895904


Tree=197
num_leaves=14
num_cat=0
split_feature=61 56 68 64 73 84 56 73 40 62 64 64 63
split_gain=67.2815 60.6308 56.9116 79.1215 52.3947 46.6776 34.5703 24.9994 23.4926 18.806 14.6291 3.02769 1.0842
threshold=0.033908045977011456 0.90454545454545465 1322.0000000000002 51.850000000000001 36.95000000000001 0.77500000000000013 0.80625000000000013 34.150000000000013 35.45000000000001 2.5000000000000004 2.9500000000000006 22.750000000000004 1.5000000000000002
decision_type=2 2 2 2 2 2 2 2 2 2 2 2 2
left_child=5 2 3 -2 -4 6 10 9 -8 -3 -1 -9 -7
right_child=1 7 4 -5 -6 12 8 11 -10 -11 -12 -13 -14
leaf_value=0.0033515475168027224 0.0024798511427428526 0.0086641316269049379 0.0062972015960974801 -0.012334768462959405 -0.0048449126154729771 0.011117080154015602 0.0087106910400225508 -0.019793111411612791 -0.011313518620645405 -0.016528767966752168 -0.013562684519728127 -0.01182502739960095 0.0062876022789696449
leaf_weight=4.4413652569055548 449.1383813098073 7.9619525000453013 578.01232878863811 30.738019347190857 35.844512671232224 7.1562051773071316 13.446209967136385 8.3441277071833628 6.9894411005079737 3.1670775040984154 44.632211171090603 9.6581482551991922 10.266886323690413
leaf_count=7 634 6 446 260 141 2 15 38 69 19 310 79 10
internal_value=0 0.00349839 0.00383867 0.00152633 0.00564524 -0.00467544 -0.00796016 -0.00921845 0.00181947 0.00133456 -0.0120244 -0.0156889 0.00837174
internal_weight=0 1122.86 1093.73 479.876 613.857 86.9323 69.5092 29.1313 20.4357 11.129 49.0736 18.0023 17.4231
internal_count=2036 1623 1481 894 587 413 401 142 84 25 317 117 12
is_linear=0
shrinkage=0.00895904


Tree=198
num_leaves=14
num_cat=0
split_feature=48 64 75 64 64 67 86 42 68 75 49 64 86
split_gain=66.3858 103.526 81.3957 71.5262 84.3163 65.9808 44.9377 43.7919 12.4266 4.42956 1.84548 0.525035 0.551459
threshold=0.8500000000000002 45.000000000000007 0.064583333333333312 46.45000000000001 29.750000000000004 1485.5000000000002 -14.499999999999998 0.064583333333333312 1322.0000000000002 0.18465909090909091 0.65686274509803932 107.65000000000002 -24.499999999999996
decision_type=2 2 2 2 2 2 2 2 2 2 2 2 2
left_child=3 2 10 4 7 -4 -5 -1 -8 -6 -2 12 -3
right_child=1 11 5 6 9 -7 8 -9 -10 -11 -12 -13 -14
leaf_value=-0.004134425614231778 -0.023918843511514073 -0.01102110928171879 0.0035978031232679316 -0.011382974902116535 -0.026687914674308512 -0.010728898554185535 0.0037512846585815436 0.0040976596586624059 0.0096754801798824945 -0.015056403107721637 -0.014583007981528045 -0.0097889265532625259 -0.014310419964939466
leaf_weight=58.927611574530602 7.9869580566883069 24.683055713772774 347.01227686554193 8.8970516361296159 4.9824852421879759 27.687888212502003 32.922684833407402 424.34546475112438 224.73291000723839 8.0745085850357992 3.7974033281207085 23.461634911596775 8.9039761722087842
leaf_count=120 37 223 493 72 26 102 49 477 33 39 20 296 49
internal_value=0 0.00013588 0.00180048 0.00449448 0.00248243 0.00253416 0.00823642 0.0030926 0.00892193 -0.0198181 -0.0211935 -0.0111091 -0.0119699
internal_weight=0 443.533 386.485 762.883 496.33 374.7 266.553 483.273 257.656 13.057 11.7844 57.0487 33.587
internal_count=2036 1220 652 816 662 595 154 597 82 65 57 568 272
is_linear=0
shrinkage=0.00895904


Tree=199
num_leaves=14
num_cat=0
split_feature=61 56 68 64 74 84 56 73 40 62 64 64 63
split_gain=65.9306 59.5804 55.896 77.463 51.883 45.9136 34.0876 24.5723 23.1169 18.5125 14.4594 2.90859 1.08843
threshold=0.033908045977011456 0.90454545454545465 1322.0000000000002 51.850000000000001 0.95000000000000007 0.77500000000000013 0.80625000000000013 34.150000000000013 35.45000000000001 2.5000000000000004 2.9500000000000006 22.750000000000004 1.5000000000000002
decision_type=2 2 2 2 2 2 2 2 2 2 2 2 2
left_child=5 2 3 -2 -4 6 10 9 -8 -3 -1 -9 -7
right_child=1 7 4 -5 -6 12 8 11 -10 -11 -12 -13 -14
leaf_value=0.0033168348665980167 0.0024424900255237236 0.0086056039745060365 0.0065567567048537851 -0.012300952636197567 -0.0014967556370972211 0.011078405142034554 0.008657746134552901 -0.019631964150597835 -0.011301159301485926 -0.016463009993880468 -0.013524420756685711 -0.01178531860544159 0.006228163759165393
leaf_weight=4.4302989691495887 448.02372454106808 7.9145765528082865 536.68444290757179 30.363769110292196 72.850851770490408 7.0941872596740749 13.367412470281126 8.3488445654511469 6.9068232253193846 3.1475005224347115 44.277857184410095 9.5597463212907297 10.216553904116152
leaf_count=7 634 6 365 260 222 2 15 38 69 19 310 79 10
internal_value=0 0.0034571 0.0037953 0.00150212 0.00559401 -0.00466349 -0.00793508 -0.00918378 0.00181517 0.00131213 -0.0119852 -0.0156136 0.00831656
internal_weight=0 1116.89 1087.92 478.387 609.535 86.2931 68.9824 28.9707 20.2742 11.0621 48.7082 17.9086 17.3107
internal_count=2036 1623 1481 894 587 413 401 142 84 25 317 117 12
is_linear=0
shrinkage=0.00895904


Tree=200
num_leaves=15
num_cat=0
split_feature=86 86 84 73 54 66 52 64 3 84 56 45 65 64
split_gain=65.2781 107.467 99.8489 66.1771 71.6399 62.2571 51.7958 45.9524 45.899 42.828 41.1591 14.357 2.55234 1.40712
threshold=-24.499999999999996 -350.49999999999994 0.22500000000000003 36.550000000000004 36.050000000000004 1692.0000000000002 105.00000000000001 27.850000000000005 68.500000000000014 0.63333333333333341 0.64495798319327746 115.00000000000001 10.500000000000002 51.850000000000001
decision_type=2 2 2 2 2 2 2 2 2 2 2 2 2 2
left_child=1 3 11 8 -5 6 7 -2 -1 12 -4 -3 -7 -8
right_child=5 2 10 4 -6 9 13 -9 -10 -11 -12 -13 -14 -15
leaf_value=0.0051215066146533756 0.0029581481378866768 -0.015929631756781006 -0.0082468484631367453 0.0033933686123435612 -0.012715825235695087 -0.024343493112685403 -0.021073871136825569 0.0076458276063780329 -0.017550728042336077 0.0065429929211639967 0.009244665659583106 -0.0010286057193422838 -0.012619605531555521 -0.011386871108459835
leaf_weight=296.34243143349886 332.19734372198582 58.541751001030207 17.096677247434855 46.781263947486877 41.796683795750141 8.9305739998817462 4.841369502246379 339.93263310194016 7.1608177311718455 6.5218097716569892 28.599516421556473 5.7264311872422686 2.6322191134095183 2.7407255098223686
leaf_count=402 413 393 52 93 280 42 23 202 39 7 23 30 17 20
internal_value=0 0.000392211 -0.00742691 0.0025878 -0.00421876 0.00462833 0.00506589 0.0053305 0.00457578 -0.0116968 0.00269285 -0.0146093 -0.0219255 -0.0179418
internal_weight=0 502.046 109.964 392.081 88.5779 697.797 679.712 672.13 303.503 18.0846 45.6962 64.2682 11.5628 7.5821
internal_count=2036 1312 498 814 373 724 658 615 441 66 75 423 59 43
is_linear=0
shrinkage=0.00895904


Tree=201
num_leaves=14
num_cat=0
split_feature=92 49 78 61 73 84 65 64 91 86 64 59 46
split_gain=64.7465 62.5501 62.2141 54.6715 52.2988 50.1698 44.7828 41.2102 20.5404 19.0426 2.91727 1.51873 0.144854
threshold=0.13809523809523808 0.81534090909090928 75.000000000000014 0.042572463768115909 35.050000000000004 0.55000000000000016 7.5000000000000009 15.850000000000003 -0.080128205128205079 -842.99999999999989 41.900000000000006 250.00000000000003 8.5000000000000018
decision_type=2 2 2 2 2 2 2 2 2 2 2 2 2
left_child=1 3 10 5 7 -1 -5 -3 -4 -6 11 -2 -10
right_child=2 4 8 6 9 -7 -8 -9 12 -11 -12 -13 -14
leaf_value=-0.0090283262773251244 -0.018807159187094576 0.0070648445488277469 0.010209494441198397 0.0024851728146485226 -0.0013833633011879408 0.0069124241812883631 0.0062829686759131318 -0.013428531126158582 -0.016962957508852562 -0.016013032287811077 -0.010720184622259144 -0.011496835970236487 -0.010071494795246478
leaf_weight=47.572056833654642 16.303057476878173 33.545842543244362 14.658513449132444 500.97412716969848 9.72693122923374 23.54601576924324 496.58432359993458 10.086635924875734 1.1702451258897775 27.116564277559519 8.6053932532668096 4.0577464252710334 2.5096605382859707
leaf_count=266 73 28 8 691 32 22 513 73 5 184 93 25 23
internal_value=0 0.00326175 -0.00741387 0.00383545 -0.00434746 -0.00374591 0.00437658 0.00228887 0.0054649 -0.0121784 -0.0155505 -0.017472 -0.0129993
internal_weight=0 1149.15 47.3046 1068.68 80.476 71.1181 997.558 43.6325 18.3384 36.8435 28.9662 20.3608 3.67991
internal_count=2036 1809 227 1492 317 288 1204 101 36 216 191 98 28
is_linear=0
shrinkage=0.00895904


Tree=202
num_leaves=16
num_cat=0
split_feature=59 90 11 65 30 19 63 15 64 86 55 87 67 86 47
split_gain=64.0748 50.1905 48.1312 61.9016 47.9872 74.3832 41.8756 32.1916 31.4975 30.8242 27.828 10.2209 4.44267 0.824582 0.156762
threshold=250.00000000000003 -0.27922077922077915 2.5000000000000004 2.5000000000000004 1.5000000000000002 14.500000000000002 14.500000000000002 1.5000000000000002 2.6500000000000008 -1122.9999999999998 0.65000000000000002 14.500000000000002 1303.5000000000002 -1111.4999999999998 35.45000000000001
decision_type=2 2 2 2 2 2 2 2 2 2 2 2 2 2 2
left_child=2 7 4 11 5 -1 8 13 -3 -5 -8 -4 -6 -2 -9
right_child=1 6 3 9 12 -7 10 14 -10 -11 -12 -13 -14 -15 -16
leaf_value=0.0039106907360655528 0.010945364426289942 0.0084513055830201071 0.0095115418360604224 0.010994538712353161 0.009948096313021371 -0.0076410449986570664 0.0108408782574477 -0.017111056636722369 -0.010862875662666978 -0.016393195785802638 -0.01178052889473552 -0.0019501745903365798 0.0055450026531180989 0.0077299702339100511 -0.011077198675686054
leaf_weight=820.3125770650804 16.682669401168823 7.3239302933216086 17.475229322910309 3.620195388793948 104.72111856937408 47.145741954445839 16.158053040504459 1.5349032729864109 73.328782074153423 26.873600162565708 5.7783488333225241 9.5670464932918566 23.369180619716644 15.345285959541796 4.2727045528590679
leaf_count=1038 2 9 10 1 17 140 3 8 515 150 51 19 21 17 35
internal_value=0 -0.0028616 0.00357799 -0.00437827 0.00403858 0.00328129 -0.00611194 0.00593735 -0.00909286 -0.0130927 0.00483073 0.00547061 0.00915443 0.00946057 -0.0131708
internal_weight=0 140.425 1053.08 57.5361 995.549 867.458 102.589 37.8356 80.6527 30.4938 21.9364 27.0423 128.09 32.028 5.80761
internal_count=2036 640 1396 180 1216 1178 578 62 524 151 54 29 38 19 43
is_linear=0
shrinkage=0.00895904


Tree=203
num_leaves=14
num_cat=0
split_feature=92 49 78 61 73 84 65 64 91 25 64 59 46
split_gain=63.5347 61.3892 61.1786 53.5993 51.3194 49.2849 44.3108 40.5754 20.2288 18.8625 2.78777 1.457 0.131288
threshold=0.13809523809523808 0.81534090909090928 75.000000000000014 0.042572463768115909 35.050000000000004 0.55000000000000016 7.5000000000000009 15.850000000000003 -0.080128205128205079 1.0000000180025095e-35 41.900000000000006 250.00000000000003 8.5000000000000018
decision_type=2 2 2 2 2 2 2 2 2 2 2 2 2
left_child=1 3 10 5 7 -1 -5 -3 -4 -6 11 -2 -10
right_child=2 4 8 6 9 -7 -8 -9 12 -11 -12 -13 -14
leaf_value=-0.0089738600617737287 -0.018656501652794966 0.0070043053758945158 0.010163330636734799 0.0024466270420614405 -0.015866846811835124 0.0068629946439787105 0.0062339026634478153 -0.013398435193785098 -0.016840713989129664 -0.0011298249342751505 -0.010700709077991217 -0.011431691994619145 -0.010041407085011052
leaf_weight=47.391081091016531 16.291679866611965 33.366687849164009 14.54967647790909 499.43344995379448 27.249151702970266 23.423742279410362 493.11169208586216 10.014222599565981 1.169406816363334 9.3909590318799001 8.5043139532208425 4.0111500918865195 2.481285497546196
leaf_count=266 73 28 8 691 182 22 513 73 5 34 93 25 23
internal_value=0 0.00322213 -0.00738607 0.00379172 -0.00433765 -0.00373074 0.00432907 0.00225577 0.00543823 -0.0121158 -0.0154716 -0.0173503 -0.0129558
internal_weight=0 1143.38 47.0075 1063.36 80.021 70.8148 992.545 43.3809 18.2004 36.6401 28.8071 20.3028 3.65069
internal_count=2036 1809 227 1492 317 288 1204 101 36 216 191 98 28
is_linear=0
shrinkage=0.00895904


Tree=204
num_leaves=15
num_cat=0
split_feature=86 64 73 92 39 64 39 23 19 61 64 61 59 64
split_gain=62.9808 93.846 74.3919 76.2679 67.0495 59.8705 78.1389 73.1734 52.5762 39.9918 1.35612 0.738583 0.286101 0.213504
threshold=-14.499999999999998 45.000000000000007 36.550000000000004 -0.16025641025641016 2.5000000000000004 19.450000000000003 8.5000000000000018 1.0000000180025095e-35 39.000000000000007 0.04880952380952381 63.350000000000001 0.13574938574938572 250.00000000000003 104.10000000000001
decision_type=2 2 2 2 2 2 2 2 2 2 2 2 2 2
left_child=1 2 3 -1 -4 6 8 9 -2 -7 -9 -8 13 -3
right_child=5 12 4 -5 -6 7 11 10 -10 -11 -12 -13 -14 -15
leaf_value=-0.018999418329985914 0.0028271373606337238 -0.012480668790875692 0.0049492080225140411 0.0042532773721795595 -0.0112181505400366 -0.012368815390762414 -0.014120595632946547 -0.018498319024373888 -0.026514185801884683 0.0078831027062807348 -0.010383599204274905 -0.025353707295166533 -0.0098452039634658785 -0.0098081941424540166
leaf_weight=11.508188642561434 268.8824419900775 18.749310296028856 31.536269627511501 354.38711509853601 58.633138451725245 7.8270700909197322 1.4064786583185176 7.2746725529432279 4.80233410000801 376.92597791552544 3.3668897524476051 7.8111820966005325 25.523077648133039 8.8372738957405073
leaf_count=55 346 123 43 425 252 53 6 36 23 176 29 36 328 105
internal_value=0 0.000401983 0.001716 0.00351232 -0.00556496 0.00457097 0.00142276 0.00682165 0.00229403 0.00746511 -0.0161618 -0.0239643 -0.010847 -0.0116988
internal_weight=0 509.174 456.065 365.895 90.1694 678.297 282.902 395.395 273.685 384.753 10.6416 9.21766 53.1097 27.5866
internal_count=2036 1331 775 480 295 705 411 294 369 229 65 42 556 228
is_linear=0
shrinkage=0.00895904


Tree=205
num_leaves=14
num_cat=0
split_feature=92 78 49 61 73 84 65 64 91 86 64 59 46
split_gain=62.215 60.2061 60.0506 52.2975 50.3703 48.3243 43.5712 39.8754 19.8517 18.7409 2.66205 1.38195 0.110424
threshold=0.13809523809523808 75.000000000000014 0.81534090909090928 0.042572463768115909 35.050000000000004 0.55000000000000016 7.5000000000000009 15.850000000000003 -0.080128205128205079 -842.99999999999989 41.900000000000006 250.00000000000003 8.5000000000000018
decision_type=2 2 2 2 2 2 2 2 2 2 2 2 2
left_child=2 10 3 5 7 -1 -5 -4 -3 -6 11 -2 -10
right_child=1 8 4 6 9 -7 -8 -9 12 -11 -12 -13 -14
leaf_value=-0.0089090665106193317 -0.018499251752603672 0.01012170767232482 0.0069456569007795973 0.002413740045481659 -0.0013103752455442146 0.006812192731704571 0.0061793814982785437 -0.013356405366101692 -0.016648335109404819 -0.015886631268381194 -0.010671429488170247 -0.011394898789939191 -0.010000369968201597
leaf_weight=47.132191877812147 16.270352363586433 14.441082701087 33.206152409315109 498.12487490475178 9.6576381921768171 23.310259185731411 489.13362772017717 9.9295120947062951 1.1676054000854486 26.749409347772598 8.3836465999484044 3.9789281897246829 2.4481397271156311
leaf_count=266 73 8 28 691 32 22 513 73 5 184 93 25 23
internal_value=0 -0.0073493 0.00318337 0.00374806 -0.00431608 -0.00370204 0.00428027 0.0022334 0.00542732 -0.0120477 -0.0153899 -0.0172241 -0.0128822
internal_weight=0 46.6898 1137.24 1057.7 79.5427 70.4425 987.259 43.1357 18.0568 36.407 28.6329 20.2493 3.61575
internal_count=2036 227 1809 1492 317 288 1204 101 36 216 191 98 28
is_linear=0
shrinkage=0.00895904


Tree=206
num_leaves=6
num_cat=0
split_feature=64 64 64 88 49
split_gain=61.7836 56.7781 64.5322 52.0455 12.018
threshold=107.65000000000002 105.00000000000001 80.450000000000017 17.500000000000004 0.060661764705882353
decision_type=2 2 2 2 2
left_child=1 2 3 -1 -4
right_child=-2 -3 4 -5 -6
leaf_value=0.0030545056250043064 -0.010004970933520117 0.0099549279287244191 -0.035901602051101635 -0.011324623820508103 -0.012226052187501337
leaf_weight=1026.7539658807218 29.539007551968098 88.743722036480904 1.880311220884322 20.424956634640694 13.70570185780525
leaf_count=1480 360 12 11 72 101
internal_value=0 0.00307749 0.0025015 0.002772 -0.0154847
internal_weight=0 1151.51 1062.76 1047.18 15.586
internal_count=2036 1676 1664 1552 112
is_linear=0
shrinkage=0.00895904


Tree=207
num_leaves=15
num_cat=0
split_feature=40 56 11 19 64 64 56 86 65 68 84 60 74 65
split_gain=61.5847 82.8734 59.0596 58.7185 54.3312 45.3017 113.16 57.5205 41.2135 22.3291 22.2662 19.4945 18.5689 1.13322
threshold=36.650000000000013 0.51470588235294124 2.5000000000000004 13.500000000000002 41.000000000000007 44.000000000000007 0.12132352941176471 66.500000000000014 2.5000000000000004 1582.5000000000002 0.55000000000000016 0.095564253098499669 5.6500000000000012 7.5000000000000009
decision_type=2 2 2 2 2 2 2 2 2 2 2 2 2 2
left_child=2 3 5 4 -2 7 -7 -1 11 10 -3 -4 -5 -10
right_child=1 9 8 12 -6 6 -8 -9 13 -11 -12 -13 -14 -15
leaf_value=0.0035535753435985314 0.0042912311645356051 -0.01257203022219444 -0.020280973706887081 -0.017645871807879202 -0.011133436605136507 0.0089497867002954236 -0.01220558777499689 -0.01083931441735626 -0.018235537048859204 0.0059261882775298166 0.0065843934279749801 0.0069099062564597592 0.01110216491013836 -0.012969776072415425
leaf_weight=513.62910614907742 211.56191849708557 57.346452262252569 2.2768671959638622 14.913473352789879 19.882269449532032 265.71388109773397 21.805887438356876 23.113942161202431 10.257581584155561 6.8602771498262873 5.2021455168724051 14.761502817273138 1.9159469604492194 9.4866944514214975
leaf_count=602 248 452 10 91 189 72 163 68 46 12 10 13 1 59
internal_value=0 -0.000641675 0.00397303 0.00177904 0.00295797 0.0044691 0.0073382 0.00293008 -0.0071084 -0.00928187 -0.0109632 0.00309007 -0.0142837 -0.0158554
internal_weight=0 317.682 861.045 248.274 231.444 824.263 287.52 536.743 36.7826 69.4089 62.5486 17.0384 16.8294 19.7443
internal_count=2036 1003 1033 529 437 905 235 670 128 474 462 23 92 105
is_linear=0
shrinkage=0.00895904


Tree=208
num_leaves=14
num_cat=0
split_feature=92 78 49 61 73 84 65 64 91 25 64 59 46
split_gain=60.8739 59.1627 58.5414 50.9245 49.5177 47.4961 43.1421 39.0627 19.5091 18.6021 2.5387 1.31839 0.0944837
threshold=0.13809523809523808 75.000000000000014 0.81534090909090928 0.042572463768115909 35.050000000000004 0.55000000000000016 7.5000000000000009 15.850000000000003 -0.080128205128205079 1.0000000180025095e-35 41.900000000000006 250.00000000000003 8.5000000000000018
decision_type=2 2 2 2 2 2 2 2 2 2 2 2 2
left_child=2 10 3 5 7 -1 -5 -4 -3 -6 11 -2 -10
right_child=1 8 4 6 9 -7 -8 -9 12 -11 -12 -13 -14
leaf_value=-0.0088634933712538784 -0.018364163367067567 0.010070201638951509 0.0068795973459296412 0.0023563781696869278 -0.015767692950918167 0.0067649028366525256 0.0061179552821496262 -0.013323055064928532 -0.01651523386610014 -0.00105542690297682 -0.010646033300201916 -0.01136739738038668 -0.009975797724007824
leaf_weight=46.858129784464836 16.24883101135493 14.306903816759588 32.9997448772192 496.04519189149141 26.813374307006598 23.187256321310997 483.6561573036015 9.8072066493332368 1.1662330776453012 9.307596702128647 8.2156154066324216 3.9556217119097701 2.4135408997535706
leaf_count=266 73 8 28 691 182 22 513 73 5 34 93 25 23
internal_value=0 -0.00733427 0.00312693 0.00368653 -0.00430643 -0.00368535 0.00421424 0.00221188 0.00539591 -0.0120028 -0.0153295 -0.017115 -0.0128424
internal_weight=0 46.3067 1128.67 1049.75 78.9279 70.0454 979.701 42.807 17.8867 36.121 28.4201 20.2045 3.57977
internal_count=2036 227 1809 1492 317 288 1204 101 36 216 191 98 28
is_linear=0
shrinkage=0.00895904


Tree=209
num_leaves=15
num_cat=0
split_feature=59 90 88 49 64 92 63 84 15 64 55 64 86 47
split_gain=60.3238 48.854 46.1935 46.5797 73.8663 49.9381 40.844 38.5234 31.3562 30.7399 26.9346 2.63177 0.80549 0.165405
threshold=250.00000000000003 -0.27922077922077915 17.500000000000004 0.69615384615384623 17.650000000000002 0.13809523809523808 14.500000000000002 0.63333333333333341 1.5000000000000002 2.6500000000000008 0.65000000000000002 37.300000000000004 -1111.4999999999998 35.45000000000001
decision_type=2 2 2 2 2 2 2 2 2 2 2 2 2 2
left_child=2 8 3 5 -5 -1 9 11 12 -3 -8 -4 -2 -10
right_child=1 6 7 4 -6 -7 10 -9 13 -11 -12 -13 -14 -15
leaf_value=0.0047187499937432842 0.010883460656052219 0.0083219656544814731 -0.022449383637531243 0.0025370181929449394 -0.013603426316041292 -0.0095775026571654244 0.010764143597783667 0.0067834440020479309 -0.017108872516132419 -0.01083045151201434 -0.011764595439046755 -0.011569902903302003 0.0076748558676506115 -0.011004090942255221
leaf_weight=875.22819893807173 16.368808746337894 7.2755326777696601 8.9590688347816485 90.038720548152924 30.245743550360203 19.887401513755322 15.882037788629534 6.6216544210910788 1.5212442278861988 72.105729158967733 5.6191505007445803 3.100952334702014 15.108967430889605 4.1768927574157715
leaf_count=913 2 9 41 123 215 76 3 7 8 515 51 21 17 35
internal_value=0 -0.00286367 0.00343826 0.0036958 -0.00153652 0.00439912 -0.00609644 -0.010454 0.00589464 -0.009059 0.00482358 -0.0198783 0.00939977 -0.0131408
internal_weight=0 138.058 1034.08 1015.4 120.284 895.116 100.882 18.6817 37.1759 79.3813 21.5012 12.06 31.4778 5.69814
internal_count=2036 640 1396 1327 338 989 578 69 62 524 54 62 19 43
is_linear=0
shrinkage=0.00895904


Tree=210
num_leaves=15
num_cat=0
split_feature=86 86 45 73 54 66 52 66 64 3 84 45 65 64
split_gain=59.6697 103.626 95.7943 62.0485 68.6667 60.4329 49.7243 47.4533 44.5756 44.3918 41.6957 13.0806 2.55154 1.3049
threshold=-24.499999999999996 -350.49999999999994 4.5000000000000009 36.550000000000004 36.050000000000004 1692.0000000000002 105.00000000000001 1160.5000000000002 27.850000000000005 68.500000000000014 0.63333333333333341 115.00000000000001 10.500000000000002 51.850000000000001
decision_type=2 2 2 2 2 2 2 2 2 2 2 2 2 2
left_child=1 3 7 9 -5 6 8 -3 -2 -1 12 -4 -7 -8
right_child=5 2 11 4 -6 10 13 -9 -10 -11 -12 -13 -14 -15
leaf_value=0.0049744042513716205 0.0027679741033424994 -0.021128641989271928 -0.015837293028737206 0.0033260090951433953 -0.012626156271748561 -0.024260789788754705 -0.020845151186217825 0.0061494256559379498 0.0074537359727135568 -0.017464608844211665 0.0063984289149652748 -0.0016798619985706636 -0.012469472224717044 -0.011341287196169732
leaf_weight=289.73516318947077 326.66825427860022 5.7001481130719176 57.297557324171066 45.903697319328785 40.707738365978003 8.8982493579387683 4.8193011358380309 38.918250318616629 325.70940127968788 7.0694853439927092 6.4278843551874152 5.820442631840705 2.5852458178997031 2.6784043125808239
leaf_count=402 413 28 397 93 280 42 23 42 202 39 7 31 17 20
internal_value=0 0.000300605 -0.00745471 0.00248247 -0.00418264 0.00440144 0.00484329 0.00258868 0.00510895 0.00442895 -0.0117548 -0.0145411 -0.0218562 -0.0178199
internal_weight=0 491.152 107.736 383.416 86.6114 677.787 659.875 44.6184 652.378 296.805 17.9114 63.118 11.4835 7.49771
internal_count=2036 1312 498 814 373 724 658 70 615 441 66 428 59 43
is_linear=0
shrinkage=0.00895904


Tree=211
num_leaves=6
num_cat=0
split_feature=64 64 64 88 49
split_gain=59.1073 55.7931 62.7721 49.7736 11.7948
threshold=107.65000000000002 105.00000000000001 80.450000000000017 17.500000000000004 0.060661764705882353
decision_type=2 2 2 2 2
left_child=1 2 3 -1 -4
right_child=-2 -3 4 -5 -6
leaf_value=0.0029603201490401129 -0.0099897328349408711 0.0098990300390593231 -0.035621076417746492 -0.011106987916900653 -0.012176748132856746
leaf_weight=1014.8683824501932 28.721791870892048 86.340406019240618 1.8904119506478299 20.413125641644001 13.437633916735647
leaf_count=1480 360 12 11 72 101
internal_value=0 0.00298333 0.00241327 0.00268092 -0.0154734
internal_weight=0 1136.95 1050.61 1035.28 15.328
internal_count=2036 1676 1664 1552 112
is_linear=0
shrinkage=0.00895904


Tree=212
num_leaves=15
num_cat=0
split_feature=40 56 3 31 19 93 64 81 68 28 68 84 74 87
split_gain=58.8937 80.2873 57.9157 59.1149 57.1498 52.5367 45.3757 88.6985 51.4154 38.9272 21.8712 21.7749 18.1308 16.6397
threshold=36.650000000000013 0.51470588235294124 68.500000000000014 1.0000000180025095e-35 13.500000000000002 -0.10555555555555554 44.000000000000007 0.55000000000000016 1557.0000000000002 1.0000000180025095e-35 1582.5000000000002 0.55000000000000016 5.6500000000000012 7.5000000000000009
decision_type=2 2 2 2 2 2 2 2 2 2 2 2 2 2
left_child=2 4 6 13 5 -2 8 -8 -1 -5 11 -3 -6 -4
right_child=1 10 3 9 12 -7 7 -9 -10 -11 -12 -13 -14 -15
leaf_value=0.0033410203414485258 -0.010346695646194348 -0.012540751522165852 0.010360356742288159 0.0042197151805585271 -0.017533988808537737 0.0042789925697263214 0.008768322551437259 -0.012442336321568123 -0.019317239918108482 -0.017303153802388126 0.0058836548093952976 0.0064540462044323987 0.011020622391482689 -0.019192657332663926
leaf_weight=488.64145636558533 21.600602686405182 56.386620342731476 1.547534823417666 47.113135032355785 14.777605682611465 207.19203024357557 261.63266544044018 16.677218414843082 7.9843280762433997 7.6756635569035998 6.7847635447978965 5.1802334710955611 1.8945140838623054 18.332108654081821
leaf_count=579 96 452 1 76 91 341 95 126 30 40 12 10 1 86
internal_value=0 -0.000673027 0.00386811 -0.00366007 0.00171954 0.00289057 0.00459424 0.00748955 0.00296939 0.0011543 -0.00924635 -0.0109271 -0.0141996 -0.0168141
internal_weight=0 313.816 849.604 74.6684 245.465 228.793 774.936 278.31 496.626 54.7888 68.3516 61.5669 16.6721 19.8796
internal_count=2036 1003 1033 203 529 437 830 221 609 116 474 462 92 87
is_linear=0
shrinkage=0.00895904


Tree=213
num_leaves=14
num_cat=0
split_feature=92 78 49 61 73 84 65 88 91 86 64 59 46
split_gain=58.1836 57.7358 56.0485 49.3534 48.4275 46.2883 42.5169 38.2169 19.0293 18.4473 2.34757 1.20669 0.0813023
threshold=0.13809523809523808 75.000000000000014 0.81534090909090928 0.042572463768115909 35.050000000000004 0.55000000000000016 7.5000000000000009 12.500000000000002 -0.080128205128205079 -842.99999999999989 41.900000000000006 250.00000000000003 8.5000000000000018
decision_type=2 2 2 2 2 2 2 2 2 2 2 2 2
left_child=2 10 3 5 7 -1 -5 -4 -3 -6 11 -2 -10
right_child=1 8 4 6 9 -7 -8 -9 12 -11 -12 -13 -14
leaf_value=-0.0088338196886318925 -0.018116610301856444 0.010024527276934354 -0.014708353423639877 0.002262433838762228 -0.0012424841688679761 0.006667508610954464 0.0060214548613291034 0.0064368819217067623 -0.016351683459183784 -0.0158223596849086 -0.010591334441393775 -0.011299353720889901 -0.0099041893350620136
leaf_weight=46.465848047286272 16.201858893036849 14.152743067592384 8.3982192128896695 492.10057844594121 9.5272543095052225 22.956460103392601 474.83106428012252 33.931978195905685 1.1638989001512521 26.101414017379284 7.9786610156297675 3.8898177631199351 2.3555194213986397
leaf_count=266 73 8 56 691 32 22 513 45 5 184 93 25 23
internal_value=0 -0.00725608 0.00303406 0.00358528 -0.00428411 -0.00370331 0.00410923 0.00219386 0.0053943 -0.0119517 -0.0152037 -0.016917 -0.012776
internal_weight=0 45.7425 1114.31 1036.35 77.9589 69.4223 966.932 42.3302 17.6722 35.6287 28.0703 20.0917 3.51942
internal_count=2036 227 1809 1492 317 288 1204 101 36 216 191 98 28
is_linear=0
shrinkage=0.00895904


Tree=214
num_leaves=15
num_cat=0
split_feature=40 56 11 19 64 64 56 86 65 68 84 60 74 65
split_gain=57.6537 78.8843 57.1315 56.1347 52.3314 44.5899 108.906 56.2738 40.1304 21.6344 21.4966 18.8582 17.8441 1.08886
threshold=36.650000000000013 0.51470588235294124 2.5000000000000004 13.500000000000002 41.000000000000007 44.000000000000007 0.12132352941176471 66.500000000000014 2.5000000000000004 1582.5000000000002 0.55000000000000016 0.095564253098499669 5.6500000000000012 7.5000000000000009
decision_type=2 2 2 2 2 2 2 2 2 2 2 2 2 2
left_child=2 3 5 4 -2 7 -7 -1 11 10 -3 -4 -5 -10
right_child=1 9 8 12 -6 6 -8 -9 13 -11 -12 -13 -14 -15
leaf_value=0.0034183674454723234 0.0041706961205043728 -0.01250675717582439 -0.019992563426598647 -0.017433116093027373 -0.011119726733974634 0.0088400838851830053 -0.012158419330943124 -0.010833528375400739 -0.018130287110444478 0.0058644685211327102 0.006382902977618678 0.0067986993439631263 0.010975949922921597 -0.01291717059811111
leaf_weight=507.1535445228219 208.50586382299662 55.921635821461678 2.2715637832880047 14.711079873144627 19.473937083035707 256.92658499628305 21.314704235643148 23.072695091366768 10.21096955984831 6.7571606859564772 5.1745609417557707 14.577749550342558 1.8825285434722907 9.3624676242470724
leaf_count=602 248 452 10 91 189 72 163 68 46 12 10 13 1 59
internal_value=0 -0.000678283 0.00382545 0.00169421 0.00285626 0.00432036 0.00722416 0.00279447 -0.00712461 -0.00921082 -0.0108916 0.00300146 -0.0141204 -0.0157871
internal_weight=0 312.427 844.89 244.573 227.98 808.468 278.241 530.226 36.4228 67.8534 61.0962 16.8493 16.5936 19.5734
internal_count=2036 1003 1033 529 437 905 235 670 128 474 462 23 92 105
is_linear=0
shrinkage=0.00895904


Tree=215
num_leaves=14
num_cat=0
split_feature=92 78 49 61 73 84 65 71 91 80 64 59 46
split_gain=57.0196 56.7872 54.7138 48.1915 47.639 45.5621 41.9796 37.6065 18.7211 18.3631 2.23734 1.14495 0.0647521
threshold=0.13809523809523808 75.000000000000014 0.81534090909090928 0.042572463768115909 35.050000000000004 0.55000000000000016 7.5000000000000009 7.5000000000000009 -0.080128205128205079 33.650000000000013 41.900000000000006 250.00000000000003 8.5000000000000018
decision_type=2 2 2 2 2 2 2 2 2 2 2 2 2
left_child=2 10 3 5 7 -1 -5 -4 -3 -6 11 -2 -10
right_child=1 8 4 6 9 -7 -8 -9 12 -11 -12 -13 -14
leaf_value=-0.0087784709193237768 -0.017974038793539877 0.0099807845070591251 -0.015835489588761409 0.0022281990091120307 0.00083462239359103772 0.0066323519829547539 0.005973774567215144 0.0061213581096962516 -0.016204403858424643 -0.015138706560196981 -0.010564897636188017 -0.011265375562656233 -0.0098809742928057404
leaf_weight=46.241573803126812 16.172136671841152 14.045816723257305 7.44320349022746 490.72868537157774 7.2276503928005686 22.869891181588173 470.9396637044847 34.659504503011703 1.161929547786712 28.155836015939713 7.8499334193766108 3.8603736050426951 2.3270061537623405
leaf_count=266 73 8 51 691 20 22 513 50 5 196 93 25 23
internal_value=0 -0.00722461 0.00299799 0.0035439 -0.00425465 -0.00367428 0.0040633 0.00218504 0.00537281 -0.0118884 -0.0151303 -0.0168012 -0.0127263
internal_weight=0 45.4172 1108.27 1030.78 77.4862 69.1115 961.668 42.1027 17.5348 35.3835 27.8824 20.0325 3.48894
internal_count=2036 227 1809 1492 317 288 1204 101 36 216 191 98 28
is_linear=0
shrinkage=0.00895904


Tree=216
num_leaves=6
num_cat=0
split_feature=64 64 64 88 49
split_gain=56.7303 54.6356 61.1535 48.3636 11.5174
threshold=107.65000000000002 105.00000000000001 80.450000000000017 17.500000000000004 0.060661764705882353
decision_type=2 2 2 2 2
left_child=1 2 3 -1 -4
right_child=-2 -3 4 -5 -6
leaf_value=0.0028728904132189264 -0.0099769877942244567 0.0098416853883373113 -0.035292216080794532 -0.011001927440403585 -0.012135332517599537
leaf_weight=1003.6506891325116 28.001291278749704 83.830448679625988 1.9006346240639675 20.392709299921989 13.198607150465248
leaf_count=1480 360 12 11 72 101
internal_value=0 0.00289184 0.00232944 0.00259456 -0.0154571
internal_weight=0 1122.97 1039.14 1024.04 15.0992
internal_count=2036 1676 1664 1552 112
is_linear=0
shrinkage=0.00895904


Tree=217
num_leaves=16
num_cat=0
split_feature=59 90 30 19 64 66 71 83 15 64 39 64 86 49 47
split_gain=56.287 47.421 44.9266 92.2301 90.43 43.4283 39.6562 38.3855 30.3767 18.7618 52.6026 1.86515 0.788433 0.265522 0.161522
threshold=250.00000000000003 -0.27922077922077915 1.5000000000000002 14.500000000000002 8.0500000000000025 1726.5000000000002 9.5000000000000018 -1.0000000180025095e-35 1.5000000000000002 27.850000000000005 9.5000000000000018 41.900000000000006 -1111.4999999999998 0.12916666666666668 35.45000000000001
decision_type=2 2 2 2 2 2 2 2 2 2 2 2 2 2 2
left_child=2 8 3 5 -5 -1 7 -3 12 10 -4 -8 -2 -11 -10
right_child=1 6 9 4 -6 -7 11 -9 14 13 -12 -13 -14 -15 -16
leaf_value=0.0036320500055279092 0.010816945096613273 -0.011363712823523107 -0.025995400085663152 0.00063066519383815146 -0.020093136929941809 -0.01841824678444472 -0.014000252157115093 0.0043143081735002907 -0.017049032406421871 0.010063801679857015 0.010051561091716947 -0.0098466901411242459 0.0076094893112102118 0.0087535498537892296 -0.010934440118996927
leaf_weight=812.08077420294285 16.028266429901127 18.833226658403873 4.5010141730308524 45.10060241818428 26.824790637940168 7.045922487974166 26.794252157211304 36.556670945137739 1.5052589997649182 74.187109798192978 10.375057861208914 16.787657298147678 14.839645750820635 33.271091405302286 4.0589540712535381
leaf_count=1070 2 111 22 73 154 46 142 97 8 7 6 228 17 18 35
internal_value=0 -0.00286324 0.00328375 0.0025836 -0.00713087 0.00343809 -0.00607751 -0.0010368 0.00585419 0.00837127 -0.00104539 -0.0124509 0.00933209 0.00967462 -0.0131045
internal_weight=0 135.404 1013.39 891.052 71.9254 819.127 98.9718 55.3899 36.4321 122.334 14.8761 43.5819 30.8679 107.458 5.56421
internal_count=2036 640 1396 1343 227 1116 578 208 62 53 28 370 19 25 43
is_linear=0
shrinkage=0.00895904


Tree=218
num_leaves=14
num_cat=0
split_feature=92 78 49 88 73 64 88 84 91 86 64 59 46
split_gain=55.9021 55.8457 53.6221 47.0932 46.7892 42.0923 37.174 35.7829 18.4336 18.2015 2.13616 1.1041 0.0562401
threshold=0.13809523809523808 75.000000000000014 0.81534090909090928 17.500000000000004 35.050000000000004 107.65000000000002 12.500000000000002 0.63333333333333341 -0.080128205128205079 -842.99999999999989 41.900000000000006 250.00000000000003 8.5000000000000018
decision_type=2 2 2 2 2 2 2 2 2 2 2 2 2
left_child=2 10 3 5 6 -1 -4 -5 -3 -6 11 -2 -10
right_child=1 8 4 7 9 -7 -8 -9 12 -11 -12 -13 -14
leaf_value=0.0039936502529272768 -0.017859970090639058 0.0099342202104123149 -0.014622451552419317 -0.019385704751189815 -0.0011855670140581691 -0.01011384394326432 0.006346039232169612 0.0059057289522848463 -0.016116349057003678 -0.015743447788318841 -0.010555738885797456 -0.011214467952230802 -0.0098530092638959687
leaf_weight=987.55470360815525 16.145987257361419 13.916172105818989 8.3056556917726976 12.318714160472156 9.4472546577453596 17.094166398048401 33.555712543427944 6.8881315141916266 1.1600027829408639 25.675874751061201 7.7350380755960932 3.8218849897384635 2.2977073527872562
leaf_count=1218 73 8 56 64 32 202 45 8 5 184 93 25 23
internal_value=0 -0.00721672 0.00294302 0.00348535 -0.00426011 0.00375171 0.00213756 -0.0103456 0.00533995 -0.011856 -0.015075 -0.0167077 -0.0126956
internal_weight=0 45.0768 1100.84 1023.86 76.9845 1004.65 41.8614 19.2068 17.3739 35.1231 27.7029 19.9679 3.45771
internal_count=2036 227 1809 1492 317 1420 101 72 36 216 191 98 28
is_linear=0
shrinkage=0.00895904


Tree=219
num_leaves=15
num_cat=0
split_feature=86 86 45 73 54 66 52 66 64 3 84 45 65 64
split_gain=55.582 99.7762 92.7491 59.4195 66.1205 58.4425 47.8197 45.8299 43.5924 42.847 40.6447 12.8064 2.45069 1.20673
threshold=-24.499999999999996 -350.49999999999994 4.5000000000000009 36.550000000000004 36.050000000000004 1692.0000000000002 105.00000000000001 1160.5000000000002 18.250000000000004 68.500000000000014 0.63333333333333341 115.00000000000001 10.500000000000002 51.850000000000001
decision_type=2 2 2 2 2 2 2 2 2 2 2 2 2 2
left_child=1 3 7 9 -5 6 8 -3 -2 -1 12 -4 -7 -8
right_child=5 2 11 4 -6 10 13 -9 -10 -11 -12 -13 -14 -15
leaf_value=0.0048408387481313287 0.002070954808461734 -0.020833406919582218 -0.015816501493965237 0.0032134955415458492 -0.012586495816776455 -0.024037592321418593 -0.020592073841419877 0.0060122846438040289 0.0068528189434930355 -0.017317644834062295 0.0062987079207478328 -0.0016354083693868808 -0.012341643482882261 -0.011264716848191404
leaf_weight=284.24580051377416 256.97048234939575 5.6935423612594596 56.154430229216814 45.151214025914669 39.879062190651894 8.9051980227231997 4.8119186833500853 38.358152002096176 378.94374485313892 6.9967929236590853 6.3701856881380072 5.6766782291233531 2.5272702202200881 2.6039878092706203
leaf_count=402 351 28 397 93 280 42 23 42 264 39 7 31 17 20
internal_value=0 0.000211675 -0.00746314 0.00237412 -0.00420805 0.00421165 0.0046559 0.00246692 0.00492173 0.0042974 -0.0117197 -0.014524 -0.0216998 -0.0176857
internal_weight=0 482.156 105.883 376.273 85.0303 661.133 643.33 44.0517 635.914 291.243 17.8027 61.8311 11.4325 7.41591
internal_count=2036 1312 498 814 373 724 658 70 615 441 66 428 59 43
is_linear=0
shrinkage=0.00895904


Tree=220
num_leaves=15
num_cat=0
split_feature=40 56 3 31 68 47 64 81 68 39 68 84 87 59
split_gain=55.0418 76.2781 55.462 57.8885 54.2505 50.2699 44.796 85.0378 50.1507 37.6622 21.2047 20.948 16.155 1.61286
threshold=36.650000000000013 0.51470588235294124 68.500000000000014 1.0000000180025095e-35 1436.5000000000002 34.650000000000013 44.000000000000007 0.55000000000000016 1557.0000000000002 5.5000000000000009 1582.5000000000002 0.55000000000000016 7.5000000000000009 175.00000000000003
decision_type=2 2 2 2 2 2 2 2 2 2 2 2 2 2
left_child=2 4 6 12 5 -2 8 -8 -1 -5 11 -3 -4 -6
right_child=1 10 3 9 13 -7 7 -9 -10 -11 -12 -13 -14 -15
leaf_value=0.0031881138260343115 -0.0175292720363707 -0.012482490884715529 0.010268174327798796 0.0046011007556696123 -0.022660989786529057 0.00342763663082734 0.008653181113754075 -0.012387426192007014 -0.01917038992604226 -0.014747111162532007 0.0058388980921146106 0.0062143253934207098 -0.019066383587376837 -0.014225149298797545
leaf_weight=481.62161187827587 9.3966658785939199 54.956573344767094 1.5218524932861353 44.523456886410713 3.9442558810114843 220.92595906555653 252.11752365157008 16.25542876124382 8.0004627257585508 9.6640274152159673 6.6651085168123236 5.1537692323327056 18.253939803689718 7.1503217667341232
leaf_count=579 54 452 1 60 20 410 95 126 30 56 12 10 86 45
internal_value=0 -0.000724598 0.00370709 -0.0036906 0.00162086 0.00255869 0.00442972 0.00737074 0.00281538 0.00111028 -0.00918498 -0.0108645 -0.016731 -0.0175597
internal_weight=0 308.193 831.958 73.9633 241.417 230.323 757.995 268.373 489.622 54.1875 66.7755 60.1103 19.7758 11.0946
internal_count=2036 1003 1033 203 529 464 830 221 609 116 474 462 87 65
is_linear=0
shrinkage=0.00895904


Tree=221
num_leaves=14
num_cat=0
split_feature=61 56 68 42 64 84 56 58 40 62 64 64 63
split_gain=54.427 54.0091 50.5709 71.1393 49.3172 40.5832 32.7622 22.5787 20.7582 20.5793 14.2408 2.44773 1.17295
threshold=0.033908045977011456 0.90454545454545465 1322.0000000000002 0.71825396825396837 37.300000000000004 0.77500000000000013 0.80625000000000013 -4.4999999999999991 35.45000000000001 2.5000000000000004 2.9500000000000006 19.650000000000002 1.5000000000000002
decision_type=2 2 2 2 2 2 2 2 2 2 2 2 2
left_child=5 2 3 -2 -4 6 10 9 -8 -3 -1 -9 -7
right_child=1 7 4 -5 -6 12 8 11 -10 -11 -12 -13 -14
leaf_value=0.0033942108202282858 0.0024622471920311912 0.0096668697227443694 0.0025969784379897345 -0.0083812253729001456 0.007879234109012874 0.010869557853886861 0.0085853153590722056 -0.019524011603481224 -0.011163602092730325 -0.016179176173276043 -0.013395920279707456 -0.012015617276553045 0.0057619168736354094
leaf_weight=4.4103475809097281 404.18672620132565 7.1288323998451251 292.96430195122957 55.000461366027594 275.4256228543818 6.7379283905029324 12.890937168151142 7.7566837370395687 6.1562715098261824 3.5428787618875504 41.73995404317975 9.2548028491437417 9.7356389835476858
leaf_count=7 668 4 391 226 196 2 15 35 69 23 310 80 10
internal_value=0 0.00303919 0.00337245 0.00116044 0.00515844 -0.00454486 -0.00771714 -0.0092686 0.00215354 0.000950359 -0.0117835 -0.0156197 0.00795321
internal_weight=0 1055.26 1027.58 459.187 568.39 81.6711 65.1975 27.6832 19.0472 10.6717 46.1503 17.0115 16.4736
internal_count=2036 1623 1481 894 587 413 401 142 84 27 317 115 12
is_linear=0
shrinkage=0.00895904


Tree=222
num_leaves=14
num_cat=0
split_feature=92 78 49 88 73 64 71 84 91 80 64 59 46
split_gain=54.2278 54.5692 51.6771 45.9421 45.7346 40.8595 36.5148 34.8825 18.0599 18.0202 2.015 1.02895 0.0453423
threshold=0.13809523809523808 75.000000000000014 0.81534090909090928 17.500000000000004 35.050000000000004 107.65000000000002 7.5000000000000009 0.63333333333333341 -0.080128205128205079 33.650000000000013 41.900000000000006 250.00000000000003 8.5000000000000018
decision_type=2 2 2 2 2 2 2 2 2 2 2 2 2
left_child=2 10 3 5 6 -1 -4 -5 -3 -6 11 -2 -10
right_child=1 8 4 7 9 -7 -8 -9 12 -11 -12 -13 -14
leaf_value=0.0039137060593679883 -0.017687492234978161 0.0098737799533695735 -0.015723823322709541 -0.019200920040357842 0.00087339055683331593 -0.010105423971572536 0.00603080319572309 0.0058297393040788684 -0.015994839656205233 -0.015050229706763377 -0.010523083640440157 -0.011167212832969528 -0.0098121118871174005
leaf_weight=977.37707277387381 16.083288088440902 13.765398140996696 7.3660570047795764 12.289227228611709 7.1493452154099932 16.797919474542141 34.152470164000988 6.8459016084671012 1.1582966744899743 27.591052040457726 7.5967393554747096 3.7673165388405314 2.2581827268004417
leaf_count=1218 73 8 51 64 20 202 50 8 5 196 93 25 23
internal_value=0 -0.00718214 0.00287417 0.00340956 -0.00423035 0.00367491 0.00211619 -0.0102756 0.0053034 -0.0117858 -0.0149814 -0.0165696 -0.0126519
internal_weight=0 44.6292 1089.57 1013.31 76.2589 994.175 41.5185 19.1351 17.1819 34.7404 27.4473 19.8506 3.41648
internal_count=2036 227 1809 1492 317 1420 101 72 36 216 191 98 28
is_linear=0
shrinkage=0.00895904


Tree=223
num_leaves=15
num_cat=0
split_feature=40 56 11 19 93 64 56 88 65 68 84 60 74 65
split_gain=53.6221 74.5633 54.5715 53.7144 50.6859 43.8899 104.273 55.5785 38.7227 20.8718 20.6052 18.2582 17.2567 1.03777
threshold=36.650000000000013 0.51470588235294124 2.5000000000000004 13.500000000000002 -0.10555555555555554 44.000000000000007 0.12132352941176471 6.5000000000000009 2.5000000000000004 1582.5000000000002 0.55000000000000016 0.095564253098499669 5.6500000000000012 7.5000000000000009
decision_type=2 2 2 2 2 2 2 2 2 2 2 2 2 2
left_child=2 3 5 4 -2 7 -7 -1 11 10 -3 -4 -5 -10
right_child=1 9 8 12 -6 6 -8 -9 13 -11 -12 -13 -14 -15
leaf_value=-0.0062891031515784294 -0.010347353134243927 -0.012444715824571469 -0.019723675963045331 -0.017275935558351798 0.0041166483266993608 0.0087166412673379701 -0.012119485166294261 0.0035842488112946573 -0.017982197890127064 0.0057984574999062378 0.0061300570425256292 0.0066773934288316093 0.010868260838059264 -0.012825535871484791
leaf_weight=50.500994727015495 21.326329823583364 54.380973495543003 2.2688942253589657 14.502922058105469 202.46662751212716 246.56068384647369 20.745407406240702 471.5725523903966 10.150007940828802 6.6250969395041457 5.1399914249777785 14.362659573554991 1.852923750877381 9.166086118668316
leaf_count=115 96 452 10 91 341 72 163 555 46 12 10 13 1 59
internal_value=0 -0.000740353 0.00364841 0.00158092 0.00273054 0.00414047 0.00709197 0.00262719 -0.00712093 -0.00914848 -0.0108258 0.00289094 -0.0139973 -0.0156862
internal_weight=0 306.295 825.327 240.149 223.793 789.38 267.306 522.074 35.9476 66.1461 59.521 16.6316 16.3558 19.3161
internal_count=2036 1003 1033 529 437 905 235 670 128 474 462 23 92 105
is_linear=0
shrinkage=0.00895904


Tree=224
num_leaves=14
num_cat=0
split_feature=92 78 49 61 73 84 65 64 25 91 64 59 46
split_gain=53.1955 53.6417 50.5009 45.6006 45.0382 43.6697 40.9251 35.9869 17.9448 17.7734 1.92273 0.973177 0.0376953
threshold=0.13809523809523808 75.000000000000014 0.81534090909090928 0.042572463768115909 35.050000000000004 0.55000000000000016 7.5000000000000009 15.850000000000003 1.0000000180025095e-35 -0.080128205128205079 41.900000000000006 250.00000000000003 8.5000000000000018
decision_type=2 2 2 2 2 2 2 2 2 2 2 2 2
left_child=2 10 3 5 7 -1 -5 -4 -6 -3 11 -2 -11
right_child=1 9 4 6 8 -7 -8 -9 -10 12 -12 -13 -14
leaf_value=-0.0087470512149946406 -0.017549922953089117 0.0098268803065049825 0.006628914869591925 0.0020665578394076164 -0.015543318649270152 0.0064801876616413061 0.0058072387718937296 -0.013191039867035683 -0.00080877130497254267 -0.015896248102632751 -0.010498228699858036 -0.011135407466020937 -0.0097751296803172526
leaf_weight=45.472563736140728 16.046134304255254 13.661891371011736 31.963409557938576 484.26870009303093 25.510548394173384 22.430063016712666 456.07827854901552 9.3446036539971811 8.9760587774217111 1.1564456224441522 7.5005783401429644 3.7383468113839617 2.2304780222475529
leaf_count=266 73 8 28 691 182 22 513 73 34 5 93 25 23
internal_value=0 -0.00715354 0.00283926 0.00336958 -0.00420564 -0.00371269 0.00388166 0.00210459 -0.0117345 0.00527775 -0.0149046 -0.0164573 -0.01261
internal_weight=0 44.3339 1084.04 1008.25 75.7946 67.9026 940.347 41.308 34.4866 17.0488 27.2851 19.7845 3.38692
internal_count=2036 227 1809 1492 317 288 1204 101 216 36 191 98 28
is_linear=0
shrinkage=0.00895904


Tree=225
num_leaves=6
num_cat=0
split_feature=64 64 64 19 49
split_gain=52.5096 53.1278 59.1629 46.1282 11.4045
threshold=107.65000000000002 105.00000000000001 80.450000000000017 49.500000000000007 0.060661764705882353
decision_type=2 2 2 2 2
left_child=1 2 3 -1 -4
right_child=-2 -3 4 -5 -6
leaf_value=0.0025941970851706252 -0.0099427286624572918 0.0097554839419598215 -0.035186519762265465 -0.021679617074966417 -0.012108840862100696
leaf_weight=998.17198701202869 26.694805361330509 79.954125303775072 1.9023462310433377 6.1337745115160933 12.901976235210894
leaf_count=1520 360 12 11 32 101
internal_value=0 0.00273132 0.00217849 0.00244182 -0.0154872
internal_weight=0 1099.06 1019.11 1004.31 14.8043
internal_count=2036 1676 1664 1552 112
is_linear=0
shrinkage=0.00895904


Tree=226
num_leaves=14
num_cat=0
split_feature=92 78 49 88 73 83 71 84 86 91 64 59 46
split_gain=52.3802 52.874 49.6611 45.1758 44.3723 39.7387 35.7201 34.2627 17.87 17.5515 1.8418 0.929349 0.0288755
threshold=0.13809523809523808 75.000000000000014 0.81534090909090928 17.500000000000004 35.050000000000004 2.7500000000000004 7.5000000000000009 0.63333333333333341 -842.99999999999989 -0.080128205128205079 41.900000000000006 250.00000000000003 8.5000000000000018
decision_type=2 2 2 2 2 2 2 2 2 2 2 2 2
left_child=2 10 3 5 6 -1 -4 -5 -6 -3 11 -2 -11
right_child=1 9 4 7 8 -7 -8 -9 -10 12 -12 -13 -14
leaf_value=0.0037529924757770316 -0.017439165347156473 0.0097869974174647264 -0.015682253113011416 -0.019125141300177086 -0.0010551241402261581 -0.016776089944022389 0.0059651255263475809 0.0057499008752121957 -0.015605429976294443 -0.015804929074688473 -0.010486734052012303 -0.011112895449641979 -0.0097557062162964437
leaf_weight=977.69865254685283 16.026051048189409 13.567967474460604 7.2706037051975718 12.243943121284248 9.3083532378077489 7.4414171800017348 33.829467304050922 6.8017317503690711 25.02344473451376 1.1555173695087426 7.4160044677555552 3.7191581204533568 2.2102804332971573
leaf_count=1364 73 8 51 64 32 56 50 8 184 5 93 25 23
internal_value=0 -0.00713939 0.00280298 0.00332975 -0.0042 0.00359467 0.00208021 -0.0102716 -0.0116888 0.00524957 -0.0148468 -0.0163668 -0.0125775
internal_weight=0 44.095 1079.62 1004.19 75.4319 985.14 41.1001 19.0457 34.3318 16.9338 27.1612 19.7452 3.3658
internal_count=2036 227 1809 1492 317 1420 101 72 216 36 191 98 28
is_linear=0
shrinkage=0.00895904


Tree=227
num_leaves=15
num_cat=0
split_feature=40 56 3 31 68 91 64 81 68 28 68 84 87 59
split_gain=52.1454 72.9171 53.7906 56.6846 52.9299 48.8936 44.3875 81.811 48.9953 37.104 20.5997 20.2521 15.7196 1.48546
threshold=36.650000000000013 0.51470588235294124 68.500000000000014 1.0000000180025095e-35 1436.5000000000002 -0.12916666666666662 44.000000000000007 0.55000000000000016 1557.0000000000002 1.0000000180025095e-35 1582.5000000000002 0.55000000000000016 7.5000000000000009 175.00000000000003
decision_type=2 2 2 2 2 2 2 2 2 2 2 2 2 2
left_child=2 4 6 12 5 -2 8 -8 -1 -5 11 -3 -4 -6
right_child=1 10 3 9 13 -7 7 -9 -10 -11 -12 -13 -14 -15
leaf_value=0.0030616259118370725 -0.017569371561121906 -0.012426821521390933 0.010183813570680142 0.0040751409338231201 -0.022425605477603094 0.0033209838988763909 0.0085604028021201341 -0.012336512956926341 -0.019010711810054797 -0.017134237079973299 0.0057743684901594176 0.0060174514860403226 -0.018955140796834639 -0.014213792104198727
leaf_weight=475.92990691959858 9.1897443123161775 53.799379751086235 1.4978224039077783 46.103090971708298 3.9343970045447332 218.27941879630089 244.25604880601168 15.857030402868984 8.0224101990461332 7.5342320129275313 6.5731961652636519 5.1280474439263335 18.194817002862692 7.080733384937048
leaf_count=579 52 452 1 76 20 412 95 126 30 40 12 10 86 45
internal_value=0 -0.000772704 0.00357282 -0.0037405 0.00152826 0.00246285 0.00429438 0.00727826 0.00268832 0.00104518 -0.00913077 -0.0108071 -0.016661 -0.0174819
internal_weight=0 303.985 817.395 73.33 238.484 227.469 744.065 260.113 483.952 53.6373 65.5006 58.9274 19.6926 11.0151
internal_count=2036 1003 1033 203 529 464 830 221 609 116 474 462 87 65
is_linear=0
shrinkage=0.00895904


Tree=228
num_leaves=14
num_cat=0
split_feature=61 56 68 67 64 84 56 58 62 40 64 64 63
split_gain=51.5621 51.9489 49.0097 69.8577 48.5795 39.0829 32.1524 21.8777 19.9633 19.9561 14.0394 2.29436 1.18008
threshold=0.033908045977011456 0.90454545454545465 1322.0000000000002 1504.0000000000002 37.300000000000004 0.77500000000000013 0.80625000000000013 -4.4999999999999991 2.5000000000000004 35.45000000000001 2.9500000000000006 19.650000000000002 1.5000000000000002
decision_type=2 2 2 2 2 2 2 2 2 2 2 2 2
left_child=5 2 3 -2 -4 6 10 8 -3 -8 -1 -9 -7
right_child=1 7 4 -5 -6 12 9 11 -10 -11 -12 -13 -14
leaf_value=0.0033812823744512857 0.0020751487566066425 0.0095690807999807698 0.0024805058448454198 -0.011081618266213393 0.0077785438175856283 0.010790525807360367 0.0085262666548350848 -0.019319931436173662 -0.016105581486391133 -0.011114304165207835 -0.013343709779569198 -0.011965098519833709 0.0056326818339638152
leaf_weight=4.3861115574836722 418.96826177090406 7.0007026493549365 289.59252689778805 34.914602350443602 267.29333434998989 6.5990166664123562 12.706092424690725 7.7410808727145222 3.4806563444435596 5.93711894750595 41.054106157273054 9.0207778662443143 9.6012715175747854
leaf_count=7 751 4 391 143 196 2 15 35 23 69 310 80 10
internal_value=0 0.00291505 0.0032447 0.00105878 0.00502529 -0.00452985 -0.00767043 -0.00925191 0.000905004 0.00222097 -0.0117214 -0.0155429 0.00783651
internal_weight=0 1038.01 1010.77 453.883 556.886 80.2837 64.0834 27.2432 10.4814 18.6432 45.4402 16.7619 16.2003
internal_count=2036 1623 1481 894 587 413 401 142 27 84 317 115 12
is_linear=0
shrinkage=0.00895904


Tree=229
num_leaves=14
num_cat=0
split_feature=92 78 49 65 47 66 64 91 54 64 64 59 46
split_gain=51.2143 51.9336 48.3745 83.0203 55.641 50.7425 42.4004 17.2325 2.45456 1.75604 1.5501 0.873442 0.0138642
threshold=0.13809523809523808 75.000000000000014 0.39444444444444454 9.5000000000000018 37.95000000000001 1713.5000000000002 27.850000000000005 -0.080128205128205079 34.95000000000001 41.900000000000006 51.150000000000013 250.00000000000003 8.5000000000000018
decision_type=2 2 2 2 2 2 2 2 2 2 2 2 2
left_child=2 9 5 4 -4 6 -1 -3 -7 11 -5 -2 -9
right_child=1 7 3 10 -6 8 -8 12 -10 -11 -12 -13 -14
leaf_value=0.0022815723975837085 -0.017303129108271791 0.0097371010340197572 0.0025033224422557464 -0.015114441483695749 -0.013613670236871602 -0.025617654379767457 0.0066830430813489602 -0.015657226987769477 -0.013782644369655641 -0.010463862135553909 -0.010828732772516439 -0.011084489544992625 -0.0097314903293170673
leaf_weight=373.32291373610497 15.979823231697088 13.452915173023941 301.1885213367641 11.705421950668095 18.043391287326813 2.6543128043413153 332.16281728073955 1.1513559967279428 5.1768112294375896 7.3292777277529231 27.692360807210207 3.6852483898401251 2.1818739622831345
leaf_count=507 73 8 462 64 106 13 307 5 31 93 319 25 23
internal_value=0 -0.00711389 0.00275228 6.7947e-05 0.00158469 0.00410146 0.00435519 0.00522405 -0.0183125 -0.0147697 -0.0121695 -0.016257 -0.0125239
internal_weight=0 43.7805 1071.95 358.63 319.232 713.317 705.486 16.7861 7.83112 26.9943 39.3978 19.6651 3.33323
internal_count=2036 227 1809 951 568 858 814 36 44 191 383 98 28
is_linear=0
shrinkage=0.00895904


Tree=230
num_leaves=16
num_cat=0
split_feature=59 90 30 19 64 66 63 89 15 55 64 39 86 49 47
split_gain=50.7846 45.3362 43.1439 88.1435 86.9887 41.2698 38.3737 29.3865 29.1837 24.6962 18.7127 50.5733 0.754358 0.252906 0.168522
threshold=250.00000000000003 -0.27922077922077915 1.5000000000000002 14.500000000000002 8.0500000000000025 1726.5000000000002 14.500000000000002 405.50000000000006 1.5000000000000002 0.65000000000000002 27.850000000000005 9.5000000000000018 -1111.4999999999998 0.12916666666666668 35.45000000000001
decision_type=2 2 2 2 2 2 2 2 2 2 2 2 2 2 2
left_child=2 8 3 5 -5 -1 7 -3 12 -8 11 -4 -2 -12 -10
right_child=1 6 10 4 -6 -7 9 -9 14 -11 13 -13 -14 -15 -16
leaf_value=0.0034068269592196381 0.010722112484520792 0.0090894562763963148 -0.025626278183731345 0.00045515321176864984 -0.02004692950867604 -0.018367993921904434 0.010578947932919407 -0.010681752579154489 -0.017047726993548961 -0.011747798489822027 0.0099452061426465403 0.0098671626879058109 0.0075291441553828782 0.0086204766313793379 -0.010845460594509681
leaf_weight=788.20115971937776 15.528899431228639 6.4607572667300692 4.5047472566366187 44.419254064559937 26.331622906029224 6.86121567711234 15.169900432229044 69.474860571324825 1.4837007969617833 5.1893540844321242 69.703026726841927 10.07610362768173 14.419030442833899 31.360091015696526 3.9105119258165359
leaf_count=1070 2 11 22 73 154 46 3 513 8 51 7 6 17 18 35
internal_value=0 -0.00287391 0.00304902 0.00236136 -0.00720839 0.00321451 -0.00605658 -0.00898066 0.00578304 0.00483061 0.00818481 -0.00128709 0.00924312 0.00955143 -0.0130812
internal_weight=0 131.637 981.457 865.813 70.7509 795.062 96.2949 75.9356 35.3421 20.3593 115.644 14.5809 29.9479 101.063 5.39421
internal_count=2036 640 1396 1343 227 1116 578 524 62 54 53 28 19 25 43
is_linear=0
shrinkage=0.00895904


Tree=231
num_leaves=14
num_cat=0
split_feature=92 78 49 88 73 83 71 84 86 91 59 64 46
split_gain=50.2852 51.1243 47.6744 43.9637 43.2593 38.6742 35.0047 33.3695 17.6562 16.9881 1.67627 0.845021 0.00543623
threshold=0.13809523809523808 75.000000000000014 0.81534090909090928 17.500000000000004 35.050000000000004 2.7500000000000004 7.5000000000000009 0.63333333333333341 -842.99999999999989 -0.080128205128205079 250.00000000000003 41.900000000000006 8.5000000000000018
decision_type=2 2 2 2 2 2 2 2 2 2 2 2 2
left_child=2 10 3 5 6 -1 -4 -5 -6 -3 11 -2 -11
right_child=1 9 4 7 8 -7 -8 -9 -10 12 -12 -13 -14
leaf_value=0.0036588636107581932 -0.01718790362403377 0.0096989438873882859 -0.015631302773879988 -0.018955879511490178 -0.0010308816127550554 -0.016709912797630549 0.0059091679913560822 0.0056687380033130933 -0.015558681839878786 -0.015560041409274875 -0.010371789320728313 -0.011145010645334082 -0.0097058279316336142
leaf_weight=965.89147369191051 15.941915966570383 13.351215444505216 7.1927333995699874 12.197515331208708 9.244217634201048 7.3542340248823157 33.503665667027235 6.7502970248460761 24.658467877656221 1.1485961526632302 7.0435973703861228 3.8442743420600882 2.1589089706540108
leaf_count=1364 73 8 51 64 32 56 50 8 184 5 82 36 23
internal_value=0 -0.00709016 0.00271836 0.00323782 -0.00418095 0.00350167 0.00204617 -0.0102131 -0.0116261 0.00520126 -0.0147055 -0.016133 -0.0124853
internal_weight=0 43.4885 1066.79 992.194 74.5991 973.246 40.6964 18.9478 33.9027 16.6587 26.8298 19.7862 3.30751
internal_count=2036 227 1809 1492 317 1420 101 72 216 36 191 109 28
is_linear=0
shrinkage=0.00895904


Tree=232
num_leaves=15
num_cat=0
split_feature=40 56 3 31 68 47 64 81 92 28 68 84 87 59
split_gain=50.0889 70.5252 52.2305 55.6856 51.6773 48.1001 43.732 79.9446 49.3424 36.2759 20.1854 19.8275 15.3486 1.38755
threshold=36.650000000000013 0.51470588235294124 68.500000000000014 1.0000000180025095e-35 1436.5000000000002 34.650000000000013 44.000000000000007 0.55000000000000016 -0.16025641025641016 1.0000000180025095e-35 1582.5000000000002 0.55000000000000016 7.5000000000000009 175.00000000000003
decision_type=2 2 2 2 2 2 2 2 2 2 2 2 2 2
left_child=2 4 6 12 5 -2 8 -8 -1 -5 11 -3 -4 -6
right_child=1 10 3 9 13 -7 7 -9 -10 -11 -12 -13 -14 -15
leaf_value=-0.0022817690914050653 -0.017354727780125728 -0.012388742304020704 0.010120325127851101 0.0040242079004239786 -0.022179954236862771 0.0032599772492414875 0.0084877421148058484 -0.012310901900773101 0.0042914193032661868 -0.017012763693357347 0.0057324061134070813 0.0059103217676514516 -0.01882817294415394 -0.014155633388342706
leaf_weight=123.19168883562088 9.2943984232842904 52.932058073580265 1.4794130325317407 45.81185982003808 3.9332729354500753 215.97990222647786 238.71240726113319 15.649198446422814 356.76013781875372 7.4861750788986674 6.5101267211139193 5.1061877980828276 18.144770223647356 7.0160919986665249
leaf_count=221 54 452 1 76 20 410 95 126 388 40 12 10 86 45
internal_value=0 -0.000803528 0.0034792 -0.00374482 0.00146568 0.00239534 0.00419741 0.00719975 0.00260396 0.00101865 -0.00908811 -0.0107643 -0.016568 -0.0173718
internal_weight=0 300.772 807.236 72.9222 236.224 225.274 734.313 254.362 479.952 53.298 64.5484 58.0382 19.6242 10.9494
internal_count=2036 1003 1033 203 529 464 830 221 609 116 474 462 87 65
is_linear=0
shrinkage=0.00895904


Tree=233
num_leaves=13
num_cat=0
split_feature=61 56 68 67 64 84 56 78 40 34 64 63
split_gain=49.7487 50.4019 47.7022 67.9053 47.8451 38.2386 31.5459 21.3784 19.3003 18.5345 13.7459 1.19751
threshold=0.033908045977011456 0.90454545454545465 1322.0000000000002 1504.0000000000002 37.300000000000004 0.77500000000000013 0.80625000000000013 3.5000000000000004 35.45000000000001 1.5000000000000002 2.9500000000000006 1.5000000000000002
decision_type=2 2 2 2 2 2 2 2 2 2 2 2
left_child=5 2 3 -2 -4 6 10 -3 -8 -9 -1 -7
right_child=1 7 4 -5 -6 11 8 9 -10 -11 -12 -13
leaf_value=0.0033061102180727861 0.0020038531077461869 0.0067674579767497325 0.0024038046119835214 -0.010993454589535595 0.007702425019828197 0.010749976494148057 0.0084377537052087465 -0.015995505534297311 -0.011077509222991042 0.010280390280092528 -0.013305852307431153 0.0055376324354236076
leaf_weight=4.3556628525257102 415.38161044567823 5.2661303840577629 287.23529144376516 34.789428256452084 261.42430509999394 6.5263757705688503 12.551902048289778 19.347042270004753 5.7879731990396968 2.289463758468627 40.556907039135695 9.5126070380210859
leaf_count=7 751 12 391 143 196 2 15 129 69 1 310 10
internal_value=0 0.00283075 0.00315729 0.00099512 0.00493033 -0.0045274 -0.00765793 -0.00922879 0.00222684 -0.0131483 -0.0116871 0.00776171
internal_weight=0 1025.73 998.831 450.171 548.66 79.2914 63.2524 26.9026 18.3399 21.6365 44.9126 16.039
internal_count=2036 1623 1481 894 587 413 401 142 84 130 317 12
is_linear=0
shrinkage=0.00895904


Tree=234
num_leaves=6
num_cat=0
split_feature=64 64 64 19 49
split_gain=49.4543 51.4888 57.2035 44.5545 11.1431
threshold=107.65000000000002 105.00000000000001 80.450000000000017 49.500000000000007 0.060661764705882353
decision_type=2 2 2 2 2
left_child=1 2 3 -1 -4
right_child=-2 -3 4 -5 -6
leaf_value=0.0024526653830766591 -0.0099337263260670765 0.0096729629127190204 -0.034923944067142734 -0.021455646621864062 -0.012083383313606417
leaf_weight=979.95928160101175 25.770462859421968 76.164357308298349 1.9067413881421078 6.1066084131598464 12.609626907855271
leaf_count=1520 360 12 11 32 101
internal_value=0 0.00258087 0.00203925 0.00230044 -0.0155006
internal_weight=0 1076.75 1000.58 986.066 14.5164
internal_count=2036 1676 1664 1552 112
is_linear=0
shrinkage=0.00895904


Tree=235
num_leaves=13
num_cat=0
split_feature=92 78 49 65 63 66 64 91 54 59 64 64
split_gain=49.1706 50.2214 46.3742 80.023 54.0437 49.1696 41.6038 16.6676 2.25129 1.60748 1.46023 0.802543
threshold=0.13809523809523808 75.000000000000014 0.39444444444444454 9.5000000000000018 5.5000000000000009 1713.5000000000002 27.850000000000005 -0.080128205128205079 34.95000000000001 250.00000000000003 51.150000000000013 41.900000000000006
decision_type=2 2 2 2 2 2 2 2 2 2 2 2
left_child=2 9 5 4 -4 6 -1 -3 -7 11 -5 -2
right_child=1 7 3 10 -6 8 -8 -9 -10 -11 -12 -13
leaf_value=0.0021823444999158545 -0.017084723485426025 0.0096444264777927387 0.0050380111983519358 -0.015019191036505872 -0.0023767972539878745 -0.025118225510816054 0.0065760911790257439 -0.012445730419306553 -0.013696071095158992 -0.010355852978489816 -0.010806536937255799 -0.011113842252642855
leaf_weight=370.18886243924499 15.897376488894229 13.214139174669983 165.14216838404536 11.59006144851446 150.75001166388392 2.6737992465496054 325.016760841012 3.2705531083047381 5.123883530497551 6.9475576877593985 26.964194394648075 3.7982865609228602
leaf_count=507 73 8 194 64 374 13 307 28 31 82 319 36
internal_value=0 -0.00708661 0.00265293 1.04959e-05 0.00150015 0.00398482 0.00423775 0.00516787 -0.0181236 -0.0146523 -0.0121415 -0.0160524
internal_weight=0 43.1279 1057.45 354.446 315.892 703.003 695.206 16.4847 7.79768 26.6432 38.5543 19.6957
internal_count=2036 227 1809 951 568 858 814 36 44 191 383 109
is_linear=0
shrinkage=0.00895904


Tree=236
num_leaves=15
num_cat=0
split_feature=40 56 11 19 93 64 56 92 65 68 84 60 74 65
split_gain=48.5951 68.7349 51.3389 51.0415 48.4986 42.2734 97.7891 54.978 37.2166 19.9145 19.5917 17.5049 16.6522 1.01043
threshold=36.650000000000013 0.51470588235294124 2.5000000000000004 13.500000000000002 -0.10555555555555554 44.000000000000007 0.12132352941176471 -0.16025641025641016 2.5000000000000004 1582.5000000000002 0.55000000000000016 0.095564253098499669 5.6500000000000012 7.5000000000000009
decision_type=2 2 2 2 2 2 2 2 2 2 2 2 2 2
left_child=2 3 5 4 -2 7 -7 -1 11 10 -3 -4 -5 -10
right_child=1 9 8 12 -6 6 -8 -9 13 -11 -12 -13 -14 -15
leaf_value=-0.0025867463733648178 -0.010311295269057991 -0.012360396376804788 -0.019397388942589511 -0.017132790628880182 0.0039332567961043157 0.0085353573704657817 -0.012038117796405878 0.0041371009499920437 -0.017844428324844279 0.0056897905717150981 0.005861993709929833 0.0065369856413941456 0.010750217331716263 -0.012701827530879865
leaf_weight=131.0773918479681 21.060824725776911 52.330175973474979 2.2574418783187893 14.27088462933898 197.59618362784386 232.19530973210931 19.984919961541891 380.76439791917801 10.079069852828981 6.4875832237303248 5.0919057950377455 14.113209441304205 1.8193130493164069 8.9339998774230462
leaf_count=246 96 452 10 91 341 72 163 424 46 12 10 13 1 59
internal_value=0 -0.000828262 0.00340655 0.00141579 0.00255332 0.00389563 0.00689696 0.00241483 -0.00711724 -0.00905087 -0.01073 0.00277652 -0.0138894 -0.0155799
internal_weight=0 298.657 799.406 234.747 218.657 764.022 252.18 511.842 35.3837 63.9097 57.4221 16.3707 16.0902 19.0131
internal_count=2036 1003 1033 529 437 905 235 670 128 474 462 23 92 105
is_linear=0
shrinkage=0.00895904


Tree=237
num_leaves=13
num_cat=0
split_feature=92 78 49 88 73 83 88 84 25 91 59 64
split_gain=48.2668 49.3887 45.3436 42.9367 42.3585 37.659 34.3358 32.4967 17.6125 16.4035 1.5358 0.758096
threshold=0.13809523809523808 75.000000000000014 0.81534090909090928 17.500000000000004 35.050000000000004 2.7500000000000004 12.500000000000002 0.63333333333333341 1.0000000180025095e-35 -0.080128205128205079 250.00000000000003 41.900000000000006
decision_type=2 2 2 2 2 2 2 2 2 2 2 2
left_child=2 10 3 5 6 -1 -4 -5 -6 -3 11 -2
right_child=1 9 4 7 8 -7 -8 -9 -10 -11 -12 -13
leaf_value=0.0035509631680229804 -0.01696480384687319 0.009598476127874532 -0.014401311136557944 -0.018844613893872406 -0.015428083408811192 -0.016688956644560736 0.0061578058687577816 0.0055592093059616786 -0.00064377798228454927 -0.012416361437902632 -0.010338794938061373 -0.011074713585825891
leaf_weight=952.41473177820444 15.850922688841825 13.112536564469339 7.9684032872319213 12.131458822637798 24.650821935385466 7.2498244829475871 32.297973733395338 6.6815173476934424 8.7714864537119848 3.2378151863813391 6.8744174651801577 3.7521599121391764
leaf_count=1364 73 8 56 64 182 56 45 8 34 28 82 36
internal_value=0 -0.00706214 0.0026207 0.00313124 -0.00414875 0.00339474 0.00203988 -0.0102077 -0.0115744 0.00514436 -0.0145835 -0.0159565
internal_weight=0 42.8279 1052.17 978.478 73.6887 959.665 40.2664 18.813 33.4223 16.3504 26.4775 19.6031
internal_count=2036 227 1809 1492 317 1420 101 72 216 36 191 109
is_linear=0
shrinkage=0.00895904


Tree=238
num_leaves=16
num_cat=0
split_feature=68 64 67 73 64 64 81 42 91 83 48 36 64 40 86
split_gain=48.0502 70.8144 58.0243 56.4639 47.5597 46.9236 66.1491 46.7895 46.2321 44.6569 10.8314 2.10499 1.3258 1.1451 0.25202
threshold=1322.0000000000002 51.850000000000001 1504.0000000000002 36.95000000000001 5.7500000000000009 37.300000000000004 0.65000000000000002 0.71825396825396837 0.2264957264957265 -1.8499999999999999 1.8500000000000003 -1.0000000180025095e-35 107.65000000000002 37.650000000000013 7.5000000000000009
decision_type=2 2 2 2 2 2 2 2 2 2 2 2 2 2 2
left_child=1 2 7 5 -4 9 -7 -1 13 -2 -10 12 -3 -5 -13
right_child=3 11 4 8 -6 6 -8 -9 10 -11 -12 14 -14 -15 -16
leaf_value=0.0032501689114491725 -0.01653993186808457 -0.025150283550234027 0.0015489527909795882 -0.016127694180725047 -0.018850061604485095 0.0085434792680369361 -0.012527042682649059 -0.0051853914711178749 -0.015494396905024561 0.0029057956667662755 0.008236632023772554 -0.010287773094546855 -0.0098414304688816661 -0.011586795388276939 -0.012972236451005927
leaf_weight=375.77459385246038 9.6288309991359693 1.4918042272329324 16.710052326321602 11.501622755080463 20.07123601436615 244.89639044553041 12.407148357480763 61.217656277120113 1.5508760586380947 274.45097636431456 14.215736135840414 26.902046550065279 1.1628680899739263 13.205633718520401 7.5800658427178851
leaf_count=509 37 7 26 65 103 104 107 177 8 352 20 340 7 123 51
internal_value=0 0.000219976 0.00115563 0.00398506 -0.009622 0.00474853 0.00751882 0.00206664 -0.00620096 0.00223591 0.00574307 -0.0116607 -0.0195652 -0.0138093 -0.0109469
internal_weight=0 510.91 473.774 581.857 36.7813 541.383 257.304 436.992 40.4739 284.08 15.7666 37.1368 2.65467 24.7073 34.4821
internal_count=2036 1220 815 816 129 600 211 686 216 389 28 405 14 188 391
is_linear=0
shrinkage=0.00895904


Tree=239
num_leaves=13
num_cat=0
split_feature=61 56 68 42 64 84 56 78 40 34 64 63
split_gain=47.5933 48.5333 45.8514 65.4264 46.923 37.5322 30.8891 20.9868 18.7024 17.9911 13.6764 1.18535
threshold=0.033908045977011456 0.90454545454545465 1322.0000000000002 0.71825396825396837 37.300000000000004 0.77500000000000013 0.80625000000000013 3.5000000000000004 35.45000000000001 1.5000000000000002 2.9500000000000006 1.5000000000000002
decision_type=2 2 2 2 2 2 2 2 2 2 2 2
left_child=5 2 3 -2 -4 6 10 -3 -8 -9 -1 -7
right_child=1 7 4 -5 -6 11 8 9 -10 -11 -12 -13
leaf_value=0.0033134085457766547 0.0022015122287225128 0.006743981192656642 0.0023125759160984353 -0.0083170664161356343 0.0076101493194174847 0.010703454115114612 0.0083620159728517284 -0.015911072280929684 -0.011058123733129798 0.010203505020399895 -0.013279628808452733 0.005493894075160999
leaf_weight=4.3481833189725867 392.35054018720984 5.2124225571751621 284.63608708977699 53.802175454795361 254.16725104674697 6.442560911178588 12.383267641067507 19.093139294534925 5.6369937323033801 2.2464826107025138 40.010970193892717 9.4625577107071859
leaf_count=7 668 12 391 226 196 2 15 129 69 1 310 10
internal_value=0 0.00273207 0.00305491 0.00092999 0.00481343 -0.00451123 -0.00764112 -0.00917889 0.00223353 -0.0130946 -0.0116454 0.00770766
internal_weight=0 1011.51 984.956 446.153 538.803 78.2845 62.3794 26.552 18.0203 21.3396 44.3592 15.9051
internal_count=2036 1623 1481 894 587 413 401 142 84 130 317 12
is_linear=0
shrinkage=0.00895904


Tree=240
num_leaves=6
num_cat=0
split_feature=64 64 64 19 49
split_gain=47.2226 50.2332 55.4733 43.4894 10.8176
threshold=107.65000000000002 105.00000000000001 80.450000000000017 49.500000000000007 0.060661764705882353
decision_type=2 2 2 2 2
left_child=1 2 3 -1 -4
right_child=-2 -3 4 -5 -6
leaf_value=0.0023608532571536486 -0.0099227457052031096 0.0096166895233996963 -0.034522398419384558 -0.02132478840545618 -0.01202781051908771
leaf_weight=968.3672433719039 25.024133827537298 73.564259890466928 1.9194969460368145 6.0723537057638159 12.340923711657522
leaf_count=1520 360 12 11 32 101
internal_value=0 0.00248357 0.00195104 0.00220907 -0.0154745
internal_weight=0 1062.26 988.7 974.44 14.2604
internal_count=2036 1676 1664 1552 112
is_linear=0
shrinkage=0.00895904


Tree=241
num_leaves=13
num_cat=0
split_feature=92 78 15 31 73 41 95 89 91 87 59 64
split_gain=47.1295 48.5195 44.3242 61.1764 56.3477 41.8201 39.2028 37.6965 16.1214 13.5852 1.46466 0.713567
threshold=0.13809523809523808 75.000000000000014 18.500000000000004 1.0000000180025095e-35 38.050000000000004 0.45000000000000007 -1.0099999999999998 461.50000000000006 -0.080128205128205079 7.5000000000000009 250.00000000000003 41.900000000000006
decision_type=2 2 2 2 2 2 2 2 2 2 2 2
left_child=2 10 4 9 6 -6 -1 -5 -3 -4 11 -2
right_child=1 8 3 7 5 -7 -8 -9 -10 -11 -12 -13
leaf_value=-0.016166146694044304 -0.016856331225838777 0.0095523262307580549 0.0065140938048145018 -0.0097083603511565197 0.0039871337994509129 -0.014872812737898779 0.0037918025950422667 0.0041024734617311383 -0.012393068294221718 -0.019270103576614083 -0.010321182809888349 -0.011049750404333918
leaf_weight=7.7844588868319979 15.804826840758329 12.978064280003311 1.7069613486528421 21.474910635501146 15.597632776945828 23.438866674900055 895.62375059723854 59.03189342468977 3.1995224989950648 18.310914363712072 6.7597425766289225 3.7090152427554122
leaf_count=41 73 8 2 99 41 177 1250 105 28 94 82 36
internal_value=0 -0.00705285 0.00255736 -0.00309322 0.0031606 -0.0073538 0.00361642 0.000403918 0.00511655 -0.0170295 -0.0145296 -0.0158719
internal_weight=0 42.4512 1042.97 100.525 942.445 39.0365 903.408 80.5068 16.1776 20.0179 26.2736 19.5138
internal_count=2036 227 1809 300 1509 218 1291 204 36 96 191 109
is_linear=0
shrinkage=0.00895904


Tree=242
num_leaves=16
num_cat=0
split_feature=59 90 30 19 64 66 63 64 15 55 64 39 86 5 47
split_gain=46.6551 43.5791 41.6453 84.3109 83.5914 39.3996 37.0214 29.1071 28.2592 23.6294 18.6414 48.6868 0.723046 0.352345 0.17655
threshold=250.00000000000003 -0.27922077922077915 1.5000000000000002 14.500000000000002 8.0500000000000025 1726.5000000000002 14.500000000000002 2.6500000000000008 1.5000000000000002 0.65000000000000002 27.850000000000005 9.5000000000000018 -1111.4999999999998 10.500000000000002 35.45000000000001
decision_type=2 2 2 2 2 2 2 2 2 2 2 2 2 2 2
left_child=2 8 3 5 -5 -1 7 -3 12 -8 11 -4 -2 -12 -10
right_child=1 6 10 4 -6 -7 9 -9 14 -11 13 -13 -14 -15 -16
leaf_value=0.0032116553836104796 0.010636983222893817 0.0080901869428992145 -0.025255322957529826 0.00030777490297905755 -0.019938030112718313 -0.018254324238134584 0.010476668176005783 -0.010775902123894126 -0.017085600403353048 -0.011761430269519094 0.0080470791123895373 0.0097135193185509464 0.0074599296768264704 0.0097799602840143267 -0.010787869878582769
leaf_weight=768.36286534368992 15.062489509582521 7.1325567811727515 4.5071722939610472 43.834992825984955 25.924922127276659 6.7369089573621741 14.774791881442072 67.161291223019361 1.4638794437050808 4.9802976213395587 18.818124037235975 9.802410811185835 14.071255221962927 76.77369699627161 3.793877549469471
leaf_count=1070 2 9 22 73 154 46 3 515 8 51 11 6 17 14 35
internal_value=0 -0.00290102 0.00284707 0.00217108 -0.00724986 0.00302059 -0.00605412 -0.00894824 0.00570677 0.00481022 0.00803067 -0.00148738 0.00916197 0.00945582 -0.0130841
internal_weight=0 128.44 954.761 844.86 69.7599 775.1 94.0489 74.2938 34.3915 19.7551 109.901 14.3096 29.1337 95.5918 5.25776
internal_count=2036 640 1396 1343 227 1116 578 524 62 54 53 28 19 25 43
is_linear=0
shrinkage=0.00895904


Tree=243
num_leaves=13
num_cat=0
split_feature=61 56 68 67 64 84 72 64 78 34 64 63
split_gain=46.3941 47.6332 44.9484 64.8291 46.6221 36.8176 30.4869 28.2027 20.6845 17.589 2.91889 1.19097
threshold=0.033908045977011456 0.90454545454545465 1322.0000000000002 1504.0000000000002 37.300000000000004 0.77500000000000013 8.5000000000000018 7.2500000000000009 3.5000000000000004 1.5000000000000002 10.950000000000001 1.5000000000000002
decision_type=2 2 2 2 2 2 2 2 2 2 2 2
left_child=5 2 3 -2 -4 6 10 -8 -3 -10 -1 -7
right_child=1 8 4 -5 -6 11 7 -9 9 -11 -12 -13
leaf_value=-0.017641874110173192 0.0018772486616982565 0.0066972320273572927 0.0022465430232475624 -0.010876119060424443 0.0075564258170276542 0.010659693566316051 0.0065514134255071051 -0.01053261671623071 -0.015869258132373928 0.010140006782116068 -0.011544765979432391 0.0054174008533068784
leaf_weight=11.443401865661146 409.05971074104309 5.1652125976979759 282.88007698208094 34.51442239433527 250.26187966391444 6.3618152141571036 16.666592121124271 14.17643455788493 18.951696507632736 2.210420846939086 19.453863844275475 9.3924655318260175
leaf_count=51 751 12 391 143 196 2 18 168 129 1 164 10
internal_value=0 0.00266712 0.00298829 0.000880598 0.00474091 -0.00452014 -0.00763697 -0.00131679 -0.0091827 -0.013085 -0.0138984 0.00763826
internal_weight=0 1003.04 976.716 443.574 533.142 77.4946 61.7403 30.843 26.3273 21.1621 30.8973 15.7543
internal_count=2036 1623 1481 894 587 413 401 186 142 130 215 12
is_linear=0
shrinkage=0.00895904


Tree=244
num_leaves=13
num_cat=0
split_feature=92 78 49 88 73 83 71 84 25 91 59 64
split_gain=46.12 47.7354 43.4141 41.6524 41.1081 36.4998 33.6509 31.5446 17.3248 15.8504 1.40809 0.672183
threshold=0.13809523809523808 75.000000000000014 0.81534090909090928 17.500000000000004 35.050000000000004 2.7500000000000004 7.5000000000000009 0.63333333333333341 1.0000000180025095e-35 -0.080128205128205079 250.00000000000003 67.200000000000017
decision_type=2 2 2 2 2 2 2 2 2 2 2 2
left_child=2 10 3 5 6 -1 -4 -5 -6 -3 11 -2
right_child=1 9 4 7 8 -7 -8 -9 -10 -11 -12 -13
leaf_value=0.0034322389795941309 -0.016494874967358335 0.0095126537155429489 -0.015525435278115004 -0.018703585713394668 -0.015385399691273749 -0.0166294535465474 0.0058087294604992502 0.0054462447267236485 -0.00063073646576514207 -0.012350451654681568 -0.010287698881449361 -0.0096665773939253359
leaf_weight=937.5138753131032 17.127084117382772 12.863293778151276 7.0491900593042365 12.048336107283832 24.271176766604185 7.1494125351309767 32.743698753416538 6.615283489227294 8.6718345358967763 3.1672216430306426 6.6519444845616809 2.3094182424247256
leaf_count=1364 82 8 51 64 182 56 50 8 34 28 82 27
internal_value=0 -0.00703338 0.00251036 0.00301445 -0.00415596 0.00327705 0.00197265 -0.0101742 -0.0115282 0.00509693 -0.0144707 -0.0157869
internal_weight=0 42.119 1036.06 963.327 72.7359 944.663 39.7929 18.6636 32.943 16.0305 26.0884 19.4365
internal_count=2036 227 1809 1492 317 1420 101 72 216 36 191 109
is_linear=0
shrinkage=0.00895904


Tree=245
num_leaves=6
num_cat=0
split_feature=64 64 64 19 49
split_gain=45.7319 49.5313 54.2677 42.2507 10.3156
threshold=107.65000000000002 105.00000000000001 80.450000000000017 49.500000000000007 0.060661764705882353
decision_type=2 2 2 2 2
left_child=1 2 3 -1 -4
right_child=-2 -3 4 -5 -6
leaf_value=0.0022839790420377238 -0.0099147690893861603 0.00957715545453291 -0.033936732491127143 -0.021081615576631435 -0.012014670548762475
leaf_weight=959.4883228763938 24.570526123046875 71.803416710346937 1.9395440444350232 6.0620211437344542 12.184346724301575
leaf_count=1520 360 12 11 32 101
internal_value=0 0.00240428 0.00187677 0.00213311 -0.0154403
internal_weight=0 1051.48 979.674 965.55 14.1239
internal_count=2036 1676 1664 1552 112
is_linear=0
shrinkage=0.00895904


Tree=246
num_leaves=16
num_cat=0
split_feature=68 64 67 73 64 81 64 91 42 83 48 36 64 40 86
split_gain=45.4709 67.5189 55.6932 54.2704 46.2513 64.1963 46.2274 45.083 44.7534 43.6111 10.5932 1.87492 1.127 1.08826 0.21981
threshold=1322.0000000000002 51.850000000000001 1504.0000000000002 36.95000000000001 37.300000000000004 0.65000000000000002 5.7500000000000009 0.2264957264957265 0.71825396825396837 -1.8499999999999999 1.8500000000000003 -1.0000000180025095e-35 107.65000000000002 37.650000000000013 7.5000000000000009
decision_type=2 2 2 2 2 2 2 2 2 2 2 2 2 2 2
left_child=1 2 8 4 9 -6 -4 13 -1 -2 -9 12 -3 -5 -13
right_child=3 11 6 7 5 -7 -8 10 -10 -11 -12 14 -14 -15 -16
leaf_value=0.0031279592285410008 -0.016465278972732662 -0.024222466509961429 0.0015080893846431537 -0.01606529136347366 0.0084448059266910153 -0.012507486801289748 -0.018660534051475899 -0.015343121860466451 -0.0051475055647960399 0.0027737792317935883 0.008172068471603974 -0.010256036539488044 -0.0097771185320477804 -0.01157549574680735 -0.012882091530514518
leaf_weight=371.24143721163273 9.6094117909669858 1.5218353718519204 16.629398241639137 11.402878295630218 236.72290929406881 12.183364313095806 19.935858208686113 1.5466892793774594 60.898826170712709 270.9838837236166 13.972820684313772 26.073442872613668 1.1452619656920431 12.927639652043579 7.438861306756734
leaf_count=509 37 7 26 65 104 107 103 8 177 352 20 340 7 123 51
internal_value=0 0.00014809 0.0010602 0.00384101 0.00460023 0.00741033 -0.00952745 -0.0062202 0.00195994 0.00210405 0.0056687 -0.0116111 -0.0190976 -0.0137896 -0.0109095
internal_weight=0 504.885 468.706 569.35 529.5 248.906 36.5653 39.85 432.14 280.593 15.5195 36.1794 2.6671 24.3305 33.5123
internal_count=2036 1220 815 816 600 211 129 216 686 389 28 405 14 188 391
is_linear=0
shrinkage=0.00895904


Tree=247
num_leaves=13
num_cat=0
split_feature=92 78 15 31 73 41 95 89 91 87 64 59
split_gain=45.1701 46.944 42.8465 60.1374 54.4232 41.0047 37.99 36.8019 15.6178 13.2837 1.34949 0.395643
threshold=0.13809523809523808 75.000000000000014 18.500000000000004 1.0000000180025095e-35 38.050000000000004 0.45000000000000007 -1.0099999999999998 461.50000000000006 -0.080128205128205079 7.5000000000000009 10.950000000000001 250.00000000000003
decision_type=2 2 2 2 2 2 2 2 2 2 2 2
left_child=2 10 4 9 6 -6 -1 -5 -3 -4 -2 -12
right_child=1 8 3 7 5 -7 -8 -9 -10 -11 11 -13
leaf_value=-0.016006738971381464 -0.0179500124984661 0.009471829276839587 0.0064490619374420102 -0.0096442370178256194 0.0039275728178785859 -0.014848952264138831 0.0036881058617367415 0.0040491884814083312 -0.012335804777758278 -0.019166589589271556 -0.013954417524793379 -0.010076722439965446
leaf_weight=7.7460419014096251 7.6535997539758709 12.750345841050146 1.6896103471517587 21.338584840297699 15.470042888075112 23.092676971107721 883.4658043384552 58.520628992468119 3.1339973397552958 18.240555945783854 12.059491250663998 6.1986867077648631
leaf_count=41 33 8 2 99 41 177 1250 105 28 94 78 80
internal_value=0 -0.00701754 0.00246336 -0.00311091 0.00306217 -0.00733371 0.0035135 0.000375682 0.00507213 -0.0169532 -0.0144124 -0.0127574
internal_weight=0 41.7961 1029.56 99.7894 929.775 38.5627 891.212 79.8592 15.8843 19.9302 25.9118 18.2582
internal_count=2036 227 1809 300 1509 218 1291 204 36 96 191 158
is_linear=0
shrinkage=0.00895904


Tree=248
num_leaves=13
num_cat=0
split_feature=61 56 68 42 64 84 72 64 78 34 64 63
split_gain=44.8453 46.3479 43.6965 62.4157 46.1753 36.1091 30.0459 27.5207 20.4169 17.1813 2.77455 1.17879
threshold=0.033908045977011456 0.90454545454545465 1322.0000000000002 0.71825396825396837 37.300000000000004 0.77500000000000013 8.5000000000000018 7.2500000000000009 3.5000000000000004 1.5000000000000002 10.950000000000001 1.5000000000000002
decision_type=2 2 2 2 2 2 2 2 2 2 2 2
left_child=5 2 3 -2 -4 6 10 -8 -3 -10 -1 -7
right_child=1 8 4 -5 -6 11 7 -9 9 -11 -12 -13
leaf_value=-0.017513226501738654 0.0020779285379617291 0.006667010792102742 0.0021656438443147913 -0.0082387798523558837 0.0074882736141217449 0.010610380932126047 0.0064816563742968632 -0.010514723376206783 -0.015806258958103826 0.010080846731715784 -0.011532113795937368 0.0053685013921853002
leaf_weight=11.411970995366575 387.13589888811111 5.1343382596969631 280.64811321347952 53.389849305152893 245.24981680139899 6.2695593833923331 16.534123912453655 13.898485239595173 18.789476294070486 2.1763792037963858 19.225757207721472 9.3394085541367513
leaf_count=51 668 12 391 226 196 2 18 168 129 1 164 10
internal_value=0 0.00258778 0.00290658 0.000824502 0.00464969 -0.00451584 -0.00762139 -0.00129704 -0.00915108 -0.0130511 -0.0138556 0.00757842
internal_weight=0 992.524 966.424 440.526 525.898 76.6793 61.0703 30.4326 26.1002 20.9659 30.6377 15.609
internal_count=2036 1623 1481 894 587 413 401 186 142 130 215 12
is_linear=0
shrinkage=0.00895904


Tree=249
num_leaves=16
num_cat=0
split_feature=59 90 30 19 64 66 71 83 15 64 39 64 86 5 47
split_gain=44.5052 42.4733 40.6274 82.0482 81.4564 38.2519 36.1637 35.412 27.739 18.562 47.3336 1.60258 0.716112 0.369953 0.181294
threshold=250.00000000000003 -0.27922077922077915 1.5000000000000002 14.500000000000002 8.0500000000000025 1726.5000000000002 9.5000000000000018 -1.0000000180025095e-35 1.5000000000000002 27.850000000000005 9.5000000000000018 41.900000000000006 -1111.4999999999998 10.500000000000002 35.45000000000001
decision_type=2 2 2 2 2 2 2 2 2 2 2 2 2 2 2
left_child=2 8 3 5 -5 -1 7 -3 12 10 -4 -8 -2 -11 -10
right_child=1 6 9 4 -6 -7 11 -9 14 13 -12 -13 -14 -15 -16
leaf_value=0.0031041246041736345 0.010587825971913047 -0.011243708516766362 -0.024938208191572407 0.00022232810007165446 -0.019851169713346425 -0.018140419491448425 -0.013851403261715623 0.0041787209653595904 -0.017101627057018412 0.0079497208462564872 0.0096144749231007378 -0.0097473069028308629 0.0074013196160816301 0.0097318332477171008 -0.010753294882599932
leaf_weight=757.70423574745655 14.789742469787599 18.045966178178787 4.5161921605467787 43.507730439305305 25.678239457309246 6.6762028858065596 25.657876737415791 34.478018585592508 1.4559781178832043 18.269462790340185 9.6323189884424192 14.611771192401646 13.867725558578966 74.213964357972145 3.7309139780700207
leaf_count=1070 2 111 22 73 154 46 142 97 8 11 6 228 17 14 35
internal_value=0 -0.00291907 0.00273517 0.00206795 -0.00726183 0.00291405 -0.00604985 -0.00114123 0.00564994 0.0079377 -0.00159893 -0.012416 0.00910595 0.00939718 -0.0130847
internal_weight=0 126.638 940.198 833.566 69.186 764.38 92.7936 52.524 33.8444 106.632 14.1485 40.2696 28.6575 92.4834 5.18689
internal_count=2036 640 1396 1343 227 1116 578 208 62 53 28 370 19 25 43
is_linear=0
shrinkage=0.00895904


Tree=250
num_leaves=13
num_cat=0
split_feature=92 78 49 65 47 66 64 91 54 64 59 64
split_gain=44.2341 46.2046 41.8665 73.919 51.8811 46.3509 40.0587 15.3558 2.02595 1.32066 1.29395 0.602712
threshold=0.13809523809523808 75.000000000000014 0.39444444444444454 9.5000000000000018 37.95000000000001 1713.5000000000002 27.850000000000005 -0.080128205128205079 34.95000000000001 51.150000000000013 250.00000000000003 67.200000000000017
decision_type=2 2 2 2 2 2 2 2 2 2 2 2
left_child=2 10 5 4 -4 6 -1 -3 -7 -5 11 -2
right_child=1 7 3 9 -6 8 -8 -9 -10 -11 -12 -13
leaf_value=0.0019425693759667058 -0.016298746408959341 0.0094327673913285406 0.0022171796728196981 -0.014867127985604012 -0.013589531185987023 -0.024470300234595593 0.0063378227166560426 -0.012293948546366631 -0.013522820146798542 -0.010757460848318674 -0.010238306258317001 -0.0096203780518577982
leaf_weight=362.35368303209543 17.023921906948097 12.637017346918581 290.47508579865098 11.358322881162165 17.490216229110956 2.6954157650470725 308.06624014303088 3.102161578834056 5.0353676006197929 25.399562403559685 6.4556577503681174 2.2488866075873366
leaf_count=507 82 8 462 64 106 13 307 28 31 319 82 27
internal_value=0 -0.00700085 0.00241796 -0.000124248 0.00131152 0.00370993 0.00396351 0.00505281 -0.0178417 -0.0120984 -0.0143583 -0.0156229
internal_weight=0 41.4676 1022.87 344.723 307.965 678.151 670.42 15.7392 7.73078 36.7579 25.7285 19.2728
internal_count=2036 227 1809 951 568 858 814 36 44 383 191 109
is_linear=0
shrinkage=0.00895904


Tree=251
num_leaves=6
num_cat=0
split_feature=64 64 64 19 49
split_gain=43.8519 48.3883 52.6216 41.0371 9.81339
threshold=107.65000000000002 105.00000000000001 80.450000000000017 49.500000000000007 0.060661764705882353
decision_type=2 2 2 2 2
left_child=1 2 3 -1 -4
right_child=-2 -3 4 -5 -6
leaf_value=0.0021975165193064698 -0.00990361150702679 0.009526505074247479 -0.033325679513899788 -0.020852425046231547 -0.011970517160327964
leaf_weight=948.61857929453254 23.945173818618059 69.454161740839481 1.9591240882873524 6.0502070635557166 11.940756175667046
leaf_count=1520 360 12 11 32 101
internal_value=0 0.00231302 0.00179395 0.00204726 -0.0153939
internal_weight=0 1038.02 968.569 954.669 13.8999
internal_count=2036 1676 1664 1552 112
is_linear=0
shrinkage=0.00895904


Tree=252
num_leaves=13
num_cat=0
split_feature=61 56 68 67 64 84 72 64 78 34 64 15
split_gain=43.6142 45.3543 42.6 62.0758 45.7026 35.408 29.5786 26.9696 20.1262 16.8025 2.67072 1.20089
threshold=0.033908045977011456 0.90454545454545465 1322.0000000000002 1504.0000000000002 37.300000000000004 0.77500000000000013 8.5000000000000018 7.2500000000000009 3.5000000000000004 1.5000000000000002 10.950000000000001 1.0000000180025095e-35
decision_type=2 2 2 2 2 2 2 2 2 2 2 2
left_child=5 2 3 -2 -4 6 10 -8 -3 -10 -1 -7
right_child=1 8 4 -5 -6 11 7 -9 9 -11 -12 -13
leaf_value=-0.017402512330546436 0.0017679354992803122 0.0066330227960020947 0.0021048478970235383 -0.010756132347719256 0.0074308762717915644 0.010671800874494295 0.0064233666461892156 -0.010502606326182693 -0.015753788984373896 0.010023982164938307 -0.011504038309445498 0.0053380925611609112
leaf_weight=11.382491752505304 403.85319516062737 5.0907721184194115 279.10945268347859 34.285022426396608 241.13956614583731 6.0009875297546378 16.411331459879879 13.678321100771425 18.637827426195148 2.1432707309722892 19.010615460574627 9.477081932127474
leaf_count=51 751 12 391 143 196 1 18 168 129 1 164 11
internal_value=0 0.0025258 0.00284244 0.000783587 0.00457537 -0.00451231 -0.00760393 -0.00128798 -0.0091373 -0.0130269 -0.0138089 0.00751254
internal_weight=0 984.259 958.387 438.138 520.249 75.9608 60.4828 30.0897 25.8719 20.7811 30.3931 15.4781
internal_count=2036 1623 1481 894 587 413 401 186 142 130 215 12
is_linear=0
shrinkage=0.00895904


Tree=253
num_leaves=12
num_cat=0
split_feature=92 78 88 49 73 83 84 91 64 59 64
split_gain=43.4329 45.5285 41.3718 41.4893 40.5056 35.2687 30.5407 15.1259 1.62777 1.24231 0.570853
threshold=0.13809523809523808 75.000000000000014 17.500000000000004 0.81534090909090928 35.050000000000004 2.7500000000000004 0.63333333333333341 -0.080128205128205079 37.300000000000004 250.00000000000003 67.200000000000017
decision_type=2 2 2 2 2 2 2 2 2 2 2
left_child=2 9 3 5 -5 -1 8 -3 -4 10 -2
right_child=1 7 6 4 -6 -7 -8 -9 -10 -11 -12
leaf_value=0.0032857690403524228 -0.01621088060679083 0.0093937992796715355 -0.020084980202432524 0.0021654469092874844 -0.011462305784380995 -0.016594890992948901 0.0053116208635230521 -0.012258463665888911 -0.011303187584498057 -0.010225211698011114 -0.0096104539174455064
leaf_weight=919.64504085853696 16.975935388356454 12.535051282495258 10.038581222295763 38.627369370311499 31.745412610471249 7.0314826779067507 6.5376788079738608 3.0750837475061408 3.1412146091461173 6.3870124928653231 2.2263581715524188
leaf_count=1364 82 8 46 98 211 56 8 28 26 82 27
internal_value=0 -0.00699037 0.00237282 0.00262772 -0.0039962 0.0031315 -0.0104173 0.00503023 -0.0181854 -0.014307 -0.0155492
internal_weight=0 41.1994 1016.77 997.049 70.3728 926.677 19.7175 15.6101 13.1798 25.5893 19.2023
internal_count=2036 227 1809 1729 309 1420 80 36 72 191 109
is_linear=0
shrinkage=0.00895904


Tree=254
num_leaves=15
num_cat=0
split_feature=40 56 68 11 47 64 56 88 65 68 84 60 59 65
split_gain=43.1878 63.4736 49.3593 47.424 45.948 40.6448 90.5715 55.7318 35.0259 19.0016 18.6387 16.7509 1.31565 0.963638
threshold=36.650000000000013 0.51470588235294124 1436.5000000000002 2.5000000000000004 34.650000000000013 44.000000000000007 0.12132352941176471 6.5000000000000009 2.5000000000000004 1582.5000000000002 0.55000000000000016 0.095564253098499669 175.00000000000003 7.5000000000000009
decision_type=2 2 2 2 2 2 2 2 2 2 2 2 2 2
left_child=3 2 4 5 -2 7 -7 -1 11 10 -3 -5 -4 -10
right_child=1 9 12 8 -6 6 -8 -9 13 -11 -12 -13 -14 -15
leaf_value=-0.0069214404818890218 -0.017302407708254176 -0.012328441719602512 -0.022115562882019393 -0.019133135522597967 0.0030327468568534309 0.0083260954922209605 -0.011967430430389165 0.0031300077876952872 -0.017638577261316922 0.0056042037673848964 0.0056137828908033585 0.0063454706024975551 -0.01415659622683544 -0.012529641105596102
leaf_weight=48.931882381439209 9.1291235499083978 50.279669765383005 3.8734803199768049 2.243259564042094 207.60691286250949 215.14348160475492 19.060693237930536 449.30945947766304 9.9723756760358828 6.2880845703184596 5.007485218346118 13.757253855466841 6.8376927711069584 8.6087163761258108
leaf_count=115 54 452 20 10 410 72 163 555 46 12 10 13 45 59
internal_value=0 -0.000958492 0.00122764 0.00310441 0.00216159 0.00358897 0.00666599 0.00214054 -0.00712143 -0.00901276 -0.0106892 0.00258803 -0.0173747 -0.0154247
internal_weight=0 289.022 227.447 767.027 216.736 732.446 234.204 498.241 34.5816 61.5752 55.2872 16.0005 10.7112 18.5811
internal_count=2036 1003 529 1033 464 905 235 670 128 474 462 23 65 105
is_linear=0
shrinkage=0.00895904


Tree=255
num_leaves=6
num_cat=0
split_feature=64 64 64 19 49
split_gain=42.6782 47.5663 51.6172 40.1918 9.52619
threshold=107.65000000000002 105.00000000000001 80.450000000000017 49.500000000000007 0.060661764705882353
decision_type=2 2 2 2 2
left_child=1 2 3 -1 -4
right_child=-2 -3 4 -5 -6
leaf_value=0.0021412340046185084 -0.0098981125323233058 0.0094904641114517529 -0.032969664551955886 -0.020717971332054101 -0.011944309073850072
leaf_weight=942.05813866108656 23.547930091619492 67.891249168664217 1.9714692309498776 6.0241305716335765 11.7847758308053
leaf_count=1520 360 12 11 32 101
internal_value=0 0.00225312 0.00174046 0.00199181 -0.0153704
internal_weight=0 1029.73 961.839 948.082 13.7562
internal_count=2036 1676 1664 1552 112
is_linear=0
shrinkage=0.00895904


Tree=256
num_leaves=13
num_cat=0
split_feature=92 78 15 31 73 41 95 89 91 87 59 64
split_gain=42.5911 44.7882 40.7915 59.318 52.2347 40.1107 36.7839 35.6754 14.9034 12.9582 1.18822 0.540875
threshold=0.13809523809523808 75.000000000000014 18.500000000000004 1.0000000180025095e-35 38.050000000000004 0.45000000000000007 -1.0099999999999998 461.50000000000006 -0.080128205128205079 7.5000000000000009 250.00000000000003 67.200000000000017
decision_type=2 2 2 2 2 2 2 2 2 2 2 2
left_child=2 10 4 9 6 -6 -1 -5 -3 -4 11 -2
right_child=1 8 3 7 5 -7 -8 -9 -10 -11 -12 -13
leaf_value=-0.015919721295764314 -0.016119870636538455 0.0093503468307713448 0.0063514403573957656 -0.0095531083453250266 0.003837425225696617 -0.014859755134637385 0.0035424841960707159 0.0039957025030264203 -0.01224462209811095 -0.019105317323189923 -0.010211974244156832 -0.0095775793251720292
leaf_weight=7.6793627701699725 16.9191461801529 12.42596824467182 1.6673010438680673 21.144670460373163 15.310532402247189 22.66956888884306 866.26136077195406 57.817148875445127 3.0434332937002173 18.136076897382736 6.3076409101486197 2.1899334602057925
leaf_count=41 82 8 2 99 41 177 1250 105 28 94 82 27
internal_value=0 -0.00697885 0.00232814 -0.0031364 0.00292053 -0.00734054 0.00336799 0.000352947 0.00500262 -0.0169207 -0.0142549 -0.0154737
internal_weight=0 40.8861 1010.69 98.7652 911.921 37.9801 873.941 78.9618 15.4694 19.8034 25.4167 19.1091
internal_count=2036 227 1809 300 1509 218 1291 204 36 96 191 109
is_linear=0
shrinkage=0.00895904


Tree=257
num_leaves=16
num_cat=0
split_feature=68 64 67 73 64 81 64 91 83 42 48 84 40 64 86
split_gain=42.3733 63.7071 53.1471 51.2567 45.1538 61.5375 44.6181 43.7224 42.5542 42.4856 10.2636 1.72603 1.04236 0.995018 0.188727
threshold=1322.0000000000002 51.850000000000001 1504.0000000000002 36.95000000000001 37.300000000000004 0.65000000000000002 5.7500000000000009 0.2264957264957265 -1.8499999999999999 0.71825396825396837 1.8500000000000003 -1.0000000180025095e-35 37.650000000000013 107.65000000000002 7.5000000000000009
decision_type=2 2 2 2 2 2 2 2 2 2 2 2 2 2 2
left_child=1 2 9 4 8 -6 -4 12 -2 -1 -9 13 -5 -3 -13
right_child=3 11 6 7 5 -7 -8 10 -10 -11 -12 14 -14 -15 -16
leaf_value=0.0029770900047790148 -0.01644621938335817 -0.02358841939296575 0.0014352475917591963 -0.016014906456004663 0.0083152809206628753 -0.012466834887761617 -0.018464756182096833 -0.015122161464825748 0.0026120932179841999 -0.0051277045119810629 0.0081133542905904715 -0.010214693645853227 -0.011545444861495543 -0.0097657551387591354 -0.012786456993812078
leaf_weight=365.01681292057037 9.5576673746108991 1.5410115867853158 16.495527237653732 11.254409186542036 225.95966030284762 11.879047326743601 19.751900412142277 1.5367659777402867 266.56711504235864 60.335893277078867 13.650822501629589 25.032309826463461 12.516486179083584 1.1395779326558111 7.2724291048943988
leaf_count=509 37 7 26 65 104 107 103 8 352 177 20 340 123 7 51
internal_value=0 5.13856e-05 0.000936721 0.00365671 0.00440814 0.00726802 -0.00944809 -0.0062292 0.0019414 0.00182559 0.00560183 -0.0115707 -0.0137735 -0.0187625 -0.0108662
internal_weight=0 496.585 461.6 552.922 513.963 237.839 36.2474 38.9585 276.125 425.353 15.1876 34.9853 23.7709 2.68059 32.3047
internal_count=2036 1220 815 816 600 211 129 216 389 686 28 405 188 14 391
is_linear=0
shrinkage=0.00895904


Tree=258
num_leaves=8
num_cat=0
split_feature=88 64 64 64 84 64 79
split_gain=42.0563 42.0827 44.548 51.6472 29.766 1.64023 0.665388
threshold=17.500000000000004 107.65000000000002 105.00000000000001 80.450000000000017 0.63333333333333341 37.300000000000004 5.5000000000000009
decision_type=2 2 2 2 2 2 2
left_child=1 2 3 -1 5 6 -2
right_child=4 -3 -4 -5 -6 -7 -8
leaf_value=0.0022179867786287356 -0.021983904942106017 -0.0098951781724630154 0.0095418863695744018 -0.015365424270060764 0.0052184296181420351 -0.011149819759039382 -0.015192609938938496
leaf_weight=923.58072113618255 6.5211497917771357 22.413391474634409 66.515246894210577 13.416142351925371 6.4858283251523963 3.4064166061580172 4.4262515604496002
leaf_count=1480 30 347 11 110 8 30 20
internal_value=0 0.0021953 0.0024672 0.00196311 -0.0106042 -0.0177298 -0.0195484
internal_weight=0 1025.93 1003.51 936.997 20.8396 14.3538 10.9474
internal_count=2036 1948 1601 1590 88 80 50
is_linear=0
shrinkage=0.00895904


Tree=259
num_leaves=13
num_cat=0
split_feature=30 19 64 41 46 74 64 39 47 83 50 65
split_gain=41.8534 75.734 81.9522 49.8716 45.9469 42.8015 23.5145 44.2766 12.3293 1.74324 1.73374 1.14185
threshold=1.5000000000000002 14.500000000000002 8.0500000000000025 1.0000000180025095e-35 15.500000000000002 2.6500000000000008 27.850000000000005 9.5000000000000018 13.350000000000003 -0.34999999999999992 -1.0000000180025095e-35 4.5000000000000009
decision_type=2 2 2 2 2 2 2 2 2 2 2 2
left_child=1 4 3 -3 5 -1 7 9 -4 -2 -8 -6
right_child=6 2 8 -5 11 -7 10 -9 -10 -11 -12 -13
leaf_value=0.0026287935102536678 -0.02825440517254681 0.0060314117412848074 -0.029876173899023924 -0.013940429133913869 -0.018010985814438406 -0.014277320592167762 0.0097192642387187462 0.0085088234253275757 -0.015152587912094381 -0.015707124351802743 0.0065196806590259769 -0.011517246577668061
leaf_weight=831.67348812893033 2.7414481937885258 35.372588619589806 5.722704228013753 13.789159163832663 3.9240799844264975 12.0080174729228 70.265744216740131 9.8822919428348523 26.764310700818896 2.8589766472578066 19.125101529061794 10.853492077440022
leaf_count=1426 14 34 33 49 17 104 6 8 197 14 29 105
internal_value=0 0.00132473 -0.00691053 0.000396807 0.00210939 0.00238496 0.00728752 -0.00287519 -0.0179067 -0.0225839 0.00905036 -0.0134514
internal_weight=0 940.108 81.6488 49.1617 858.459 843.682 104.874 15.4827 32.487 5.60042 89.3908 14.7776
internal_count=2036 1965 313 83 1652 1530 71 36 230 28 35 122
is_linear=0
shrinkage=0.00895904


Tree=260
num_leaves=13
num_cat=0
split_feature=61 56 68 67 64 84 72 64 78 34 64 15
split_gain=41.663 43.6892 40.8062 59.5834 44.8922 34.4941 29.0954 26.1347 19.8107 16.3112 2.55071 1.2174
threshold=0.033908045977011456 0.90454545454545465 1322.0000000000002 1504.0000000000002 37.300000000000004 0.77500000000000013 8.5000000000000018 7.2500000000000009 3.5000000000000004 1.5000000000000002 11.950000000000001 1.0000000180025095e-35
decision_type=2 2 2 2 2 2 2 2 2 2 2 2
left_child=5 2 3 -2 -4 6 10 -8 -3 -10 -1 -7
right_child=1 8 4 -5 -6 11 7 -9 9 -11 -12 -13
leaf_value=-0.017211531616220539 0.0016730863340108269 0.0066141668784606882 0.0019929465115390696 -0.010638367913169933 0.0073321646856398187 0.010622734237372655 0.0063399653461713498 -0.010490717546235014 -0.015712829948051933 0.0099444526637422533 -0.011436356538450883 0.0052263862793220303
leaf_weight=11.684534050524237 399.28440693020821 5.0280992612242725 275.9587971419096 34.067079711705446 233.36452544853091 5.9165649414062491 16.216449737548832 13.307789277285336 18.367200702428821 2.0963582992553702 18.350435432046652 9.3525738567113859
leaf_count=53 751 12 391 143 196 1 18 168 129 1 162 11
internal_value=0 0.00240865 0.00272228 0.000700924 0.00444118 -0.00452228 -0.0075994 -0.0012643 -0.00912239 -0.0130155 -0.0137786 0.00742446
internal_weight=0 968.166 942.675 433.351 509.323 74.8283 59.5592 29.5242 25.4917 20.4636 30.035 15.2691
internal_count=2036 1623 1481 894 587 413 401 186 142 130 215 12
is_linear=0
shrinkage=0.00895904


Tree=261
num_leaves=12
num_cat=0
split_feature=92 78 88 49 73 83 84 91 64 64 59
split_gain=41.3585 43.917 39.5916 39.7832 39.3387 34.2471 29.162 14.5955 1.45118 1.12541 0.288839
threshold=0.13809523809523808 75.000000000000014 17.500000000000004 0.81534090909090928 35.050000000000004 2.7500000000000004 0.63333333333333341 -0.080128205128205079 37.300000000000004 12.300000000000002 250.00000000000003
decision_type=2 2 2 2 2 2 2 2 2 2 2
left_child=2 9 3 5 -5 -1 8 -3 -4 -2 -11
right_child=1 7 6 4 -6 -7 -8 -9 -10 10 -12
leaf_value=0.0031611980267477273 -0.017369295072473284 0.0093045515551087969 -0.019711182949269979 0.0020866595644505204 -0.011426062729449059 -0.016597925997017548 0.0051674930647330293 -0.012221513648924169 -0.011216088676197698 -0.013668232645319675 -0.0099932047021206553
leaf_weight=904.39560358598828 7.9688992053270367 12.280840974301098 10.022689536213877 38.207646749913692 31.321321187540889 6.9085326083004466 6.4560702741146079 2.9947299025952807 3.0565742924809447 11.373265836387874 5.8395919390022746
leaf_count=1364 35 8 46 98 211 56 8 28 26 76 80
internal_value=0 -0.00696242 0.00225707 0.00250939 -0.00401489 0.00300793 -0.0103115 0.00498397 -0.017918 -0.014193 -0.0125464
internal_weight=0 40.4573 1000.37 980.833 69.529 911.304 19.5353 15.2756 13.0793 25.1818 17.2129
internal_count=2036 227 1809 1729 309 1420 80 36 72 191 156
is_linear=0
shrinkage=0.00895904


Tree=262
num_leaves=13
num_cat=0
split_feature=30 19 64 41 46 74 64 39 47 50 83 65
split_gain=41.1888 74.3439 80.6267 48.8122 44.9401 42.0018 23.3421 43.3489 11.8121 1.75845 1.62003 1.05999
threshold=1.5000000000000002 14.500000000000002 8.0500000000000025 1.0000000180025095e-35 15.500000000000002 2.6500000000000008 27.850000000000005 9.5000000000000018 13.350000000000003 -1.0000000180025095e-35 -0.34999999999999992 4.5000000000000009
decision_type=2 2 2 2 2 2 2 2 2 2 2 2
left_child=1 4 3 -3 5 -1 7 10 -4 -8 -2 -6
right_child=6 2 8 -5 11 -7 9 -9 -10 -11 -12 -13
leaf_value=0.0025834022551137295 -0.027827739882511388 0.0059775969711684208 -0.029510713668627446 -0.013784494777671293 -0.017810397908104979 -0.014236424461180295 0.0096964888440992571 0.0084418739070936111 -0.015103465466880293 0.0064584341693746054 -0.015609072325394728 -0.011484992405400631
leaf_weight=827.62324677221477 2.7636823132634136 35.160703465342522 5.7515962384641162 13.815211825072764 3.9217011034488669 11.902486141771076 69.197805471718311 9.8043777644634229 26.560492822900414 18.913112230598927 2.8450284153223055 10.726132340729235
leaf_count=1426 14 34 33 49 17 104 6 8 197 29 14 105
internal_value=0 0.00128943 -0.00688772 0.000370656 0.00206901 0.00234172 0.00724067 -0.00289973 -0.0178274 0.00901719 -0.0223535 -0.0133879
internal_weight=0 935.462 81.288 48.9759 854.174 839.526 103.524 15.4131 32.3121 88.1109 5.60871 14.6478
internal_count=2036 1965 313 83 1652 1530 71 36 230 35 28 122
is_linear=0
shrinkage=0.00895904


Tree=263
num_leaves=13
num_cat=0
split_feature=61 56 68 42 64 84 72 64 78 34 64 15
split_gain=40.8117 42.8824 40.0158 58.5605 44.5293 33.8979 28.6566 25.7034 19.5054 15.9793 2.44553 1.22151
threshold=0.033908045977011456 0.90454545454545465 1322.0000000000002 0.71825396825396837 37.300000000000004 0.77500000000000013 8.5000000000000018 7.2500000000000009 3.5000000000000004 1.5000000000000002 11.950000000000001 1.0000000180025095e-35
decision_type=2 2 2 2 2 2 2 2 2 2 2 2
left_child=5 2 3 -2 -4 6 10 -8 -3 -10 -1 -7
right_child=1 8 4 -5 -6 11 7 -9 9 -11 -12 -13
leaf_value=-0.01709770943224569 0.0019029235367525957 0.006559637354418754 0.0019466142225637807 -0.008161508125872444 0.0072852263986802413 0.010587598911426901 0.0062887566057580379 -0.010477269514264786 -0.015649341293947971 0.0098978290756260284 -0.011414177346353598 0.0051646904755609201
leaf_weight=11.650774762034418 379.1468807309866 4.9976888149976757 274.7872091345489 52.680153571069241 230.81185932457447 5.8553161621093741 16.120830178260807 13.153744135051964 18.246695265173916 2.0685451030731192 18.207388021051884 9.3003248050808889
leaf_count=53 668 12 391 226 196 1 18 168 129 1 162 11
internal_value=0 0.00236407 0.00267545 0.000672003 0.00438563 -0.00452009 -0.0075811 -0.001263 -0.00910013 -0.0129789 -0.0137275 0.00736718
internal_weight=0 962.739 937.426 431.827 505.599 74.2884 59.1327 29.2746 25.3129 20.3152 29.8582 15.1556
internal_count=2036 1623 1481 894 587 413 401 186 142 130 215 12
is_linear=0
shrinkage=0.00895904


Tree=264
num_leaves=13
num_cat=0
split_feature=30 19 64 41 46 74 64 39 47 50 83 65
split_gain=40.5429 73.0195 79.4157 47.8154 44.2524 41.3451 23.1408 42.4516 11.2491 1.78585 1.48749 1.01159
threshold=1.5000000000000002 14.500000000000002 8.0500000000000025 1.0000000180025095e-35 15.500000000000002 2.6500000000000008 27.850000000000005 9.5000000000000018 13.350000000000003 -1.0000000180025095e-35 -0.34999999999999992 4.5000000000000009
decision_type=2 2 2 2 2 2 2 2 2 2 2 2
left_child=1 4 3 -3 5 -1 7 10 -4 -8 -2 -6
right_child=6 2 8 -5 11 -7 9 -9 -10 -11 -12 -13
leaf_value=0.0025529684756120724 -0.027359876624410494 0.0059361954614829612 -0.029103539092131672 -0.013618649007924028 -0.017686077672188719 -0.014192227454652021 0.009677987272439726 0.0083906134503950458 -0.01504959377840776 0.0064026878234636252 -0.015511122551030689 -0.011460451386880136
leaf_weight=825.01564948819578 2.7880773767828915 34.999543771147728 5.7837825715541831 13.84956596046686 3.9169089496135703 11.819079626351593 68.314897336065769 9.7382000833749753 26.382556702941656 18.747326832264662 2.8361863642931002 10.635560132563112
leaf_count=1426 14 34 33 49 17 104 6 8 197 29 14 105
internal_value=0 0.00126879 -0.00684881 0.000360089 0.00204263 0.00231325 0.00720253 -0.00290389 -0.0177346 0.00898856 -0.022096 -0.0133455
internal_weight=0 932.403 81.0154 48.8491 851.387 836.835 102.425 15.3625 32.1663 87.0622 5.62426 14.5525
internal_count=2036 1965 313 83 1652 1530 71 36 230 35 28 122
is_linear=0
shrinkage=0.00895904


Tree=265
num_leaves=15
num_cat=0
split_feature=59 90 85 65 30 19 64 66 64 64 39 54 5 64
split_gain=40.2766 41.2371 44.1221 43.0347 38.0361 75.462 75.0168 36.4604 23.1418 18.0214 43.2364 7.8778 0.402595 0.0036566
threshold=250.00000000000003 -0.080128205128205079 50.500000000000007 5.5000000000000009 1.5000000000000002 14.500000000000002 8.0500000000000025 1726.5000000000002 2.6500000000000008 27.850000000000005 9.5000000000000018 36.150000000000013 10.500000000000002 38.650000000000013
decision_type=2 2 2 2 2 2 2 2 2 2 2 2 2 2
left_child=4 3 -3 11 5 7 -7 -1 -4 10 -6 -2 -11 -5
right_child=1 2 8 13 9 6 -8 -9 -10 12 -12 -13 -14 -15
leaf_value=0.0028698493101609059 0.009456196198366679 0.0082833306417140658 0.0068067885338709156 -0.012136818699505388 -0.023705070988189775 6.8944350265576494e-05 -0.019374239007995706 -0.018050271877514432 -0.012911010757013671 0.0077320908627101417 0.0093805771681466036 0.00091291635213280506 0.0096166807044676221 -0.0095648438481049283
leaf_weight=735.8848370872438 30.862392753362656 11.290602281689642 5.1610614806413642 6.8518566861748678 4.5791485086083403 42.76711393892765 25.184461049735546 6.5595188736915579 49.942057345062494 17.122331362217665 9.2628240585327131 12.084177520126103 68.322253376245499 7.0139197818934917
leaf_count=1070 15 5 7 44 22 73 154 46 431 11 6 27 14 111
internal_value=0 -0.0029598 -0.00774478 0.00263902 0.00249514 0.00185282 -0.00717103 0.00268038 -0.0110466 0.00772399 -0.00173725 0.00706754 0.00925741 -0.0109854
internal_weight=0 123.206 66.3937 56.8123 909.682 810.396 67.9516 742.444 55.1031 99.2866 13.842 42.9466 85.4446 13.8658
internal_count=2036 640 443 197 1396 1343 227 1116 438 53 28 42 25 155
is_linear=0
shrinkage=0.00895904


Tree=266
num_leaves=13
num_cat=0
split_feature=92 78 15 31 73 41 95 89 91 87 59 64
split_gain=40.0889 43.0934 38.7247 58.6841 49.2965 39.1718 35.342 34.3824 14.2477 12.6426 1.08325 0.46909
threshold=0.13809523809523808 75.000000000000014 18.500000000000004 1.0000000180025095e-35 38.050000000000004 0.45000000000000007 -1.0099999999999998 461.50000000000006 -0.080128205128205079 7.5000000000000009 250.00000000000003 67.200000000000017
decision_type=2 2 2 2 2 2 2 2 2 2 2 2
left_child=2 10 4 9 6 -6 -1 -5 -3 -4 11 -2
right_child=1 8 3 7 5 -7 -8 -9 -10 -11 -12 -13
leaf_value=-0.015751345262894182 -0.015916938347366637 0.0092590563268203554 0.0062449820244187609 -0.0094490189766439064 0.0037987647937614889 -0.014815559934685141 0.003387161857375602 0.0039408280305499423 -0.012192527835550779 -0.019072892597619691 -0.010133139060414522 -0.0095378746463958657
leaf_weight=7.629585735499858 16.751853533089168 12.131911456584929 1.6430026888847375 20.871408788487315 15.152940385043619 22.183897770941257 847.97245299816132 56.984756197780371 2.936651822179555 18.021986413747072 6.0355885587632647 2.1183470860123625
leaf_count=41 82 8 2 99 41 177 1250 105 28 94 82 27
internal_value=0 -0.00694364 0.00218726 -0.00316855 0.00277276 -0.00727963 0.00321299 0.000336671 0.00497649 -0.0169167 -0.0141394 -0.015305
internal_weight=0 39.9744 990.46 97.5212 892.939 37.3368 855.602 77.8562 15.0686 19.665 24.9058 18.8702
internal_count=2036 227 1809 300 1509 218 1291 204 36 96 191 109
is_linear=0
shrinkage=0.00895904


Tree=267
num_leaves=8
num_cat=0
split_feature=88 64 64 64 84 64 79
split_gain=39.9195 39.96 43.3646 50.0744 28.2896 1.44609 0.535783
threshold=17.500000000000004 107.65000000000002 105.00000000000001 80.450000000000017 0.63333333333333341 37.300000000000004 5.5000000000000009
decision_type=2 2 2 2 2 2 2
left_child=1 2 3 -1 5 6 -2
right_child=4 -3 -4 -5 -6 -7 -8
leaf_value=0.0020967499691375616 -0.021401423720000291 -0.0098787701585646148 0.0094823214176798787 -0.015335482850953139 0.0050796618670611582 -0.01105401934860514 -0.014964741008825245
leaf_weight=909.20450080186129 6.5483868792653102 21.782124176621437 63.604030624032021 13.23177866078913 6.402680590748786 3.3239210098981848 4.3698320835828781
leaf_count=1480 30 347 11 110 8 30 20
internal_value=0 0.00207215 0.00233804 0.00184354 -0.0104571 -0.017418 -0.0191295
internal_weight=0 1007.82 986.04 922.436 20.6448 14.2421 10.9182
internal_count=2036 1948 1601 1590 88 80 50
is_linear=0
shrinkage=0.00895904


Tree=268
num_leaves=13
num_cat=0
split_feature=61 56 68 67 64 84 72 64 78 34 64 63
split_gain=39.6566 42.0102 38.9117 57.8925 44.1493 33.1656 28.2338 25.0628 19.2264 15.5345 2.37307 1.24663
threshold=0.033908045977011456 0.90454545454545465 1322.0000000000002 1504.0000000000002 37.300000000000004 0.77500000000000013 8.5000000000000018 7.2500000000000009 3.5000000000000004 1.5000000000000002 11.950000000000001 1.5000000000000002
decision_type=2 2 2 2 2 2 2 2 2 2 2 2
left_child=5 2 3 -2 -4 6 10 -8 -3 -10 -1 -7
right_child=1 8 4 -5 -6 11 7 -9 9 -11 -12 -13
leaf_value=-0.017018650052370993 0.0015897309979750374 0.0065190348832857171 0.0018735717128584629 -0.010584113920046948 0.0072250286480087592 0.010465868571441333 0.0062194679923658781 -0.010457089619998744 -0.015612612880128395 0.0098235252953962626 -0.011389832242334148 0.0050008528408290783
leaf_weight=11.613737359642984 395.02098683267832 4.9437005855143097 272.80413354933262 33.864460229873657 226.56393861398101 5.9908978939056388 15.970917016267778 12.904419776052235 18.079861639067534 2.0237741470336905 17.982372926548123 9.0059726238250715
leaf_count=53 751 12 391 143 196 2 18 168 129 1 162 10
internal_value=0 0.00229434 0.00260397 0.000624149 0.00430342 -0.00452905 -0.00757465 -0.00125235 -0.00911223 -0.0129824 -0.0136946 0.00728985
internal_weight=0 953.301 928.254 428.885 499.368 73.4683 58.4714 28.8753 25.0473 20.1036 29.5961 14.9969
internal_count=2036 1623 1481 894 587 413 401 186 142 130 215 12
is_linear=0
shrinkage=0.00895904


Tree=269
num_leaves=13
num_cat=0
split_feature=30 19 64 41 46 66 64 39 47 50 83 65
split_gain=39.3677 70.4651 76.9272 46.8004 43.0522 40.22 22.7987 40.847 10.4336 1.81144 1.29579 0.93607
threshold=1.5000000000000002 14.500000000000002 8.0500000000000025 1.0000000180025095e-35 15.500000000000002 1726.5000000000002 27.850000000000005 9.5000000000000018 13.350000000000003 -1.0000000180025095e-35 -0.34999999999999992 4.5000000000000009
decision_type=2 2 2 2 2 2 2 2 2 2 2 2
left_child=1 4 3 -3 5 -1 7 10 -4 -8 -2 -6
right_child=6 2 8 -5 11 -7 9 -9 -10 -11 -12 -13
leaf_value=0.0024562043655205622 -0.026610928678668041 0.0058699788681737175 -0.028465939094303051 -0.013489425306453745 -0.017500045532488174 -0.016187114982688818 0.0096391115792831394 0.0082878305374347542 -0.014933068613522638 0.0063116908783432159 -0.015321445648408857 -0.011431395121724676
leaf_weight=820.57083474285901 2.8267732709646198 34.729223415255547 5.8325067982077625 13.866058751940725 3.9115310311317435 9.2053084559738618 66.450818352401257 9.5955044180154783 26.002976896241307 18.412697490304708 2.8151786625385302 10.46350611373782
leaf_count=1461 14 34 33 49 17 69 6 8 197 29 14 105
internal_value=0 0.00121419 -0.00678855 0.000314305 0.00197809 0.00224567 0.00712441 -0.00293424 -0.0175684 0.00893326 -0.0216694 -0.0132925
internal_weight=0 924.582 80.4308 48.5953 844.151 829.776 100.101 15.2375 31.8355 84.8635 5.64195 14.375
internal_count=2036 1965 313 83 1652 1530 71 36 230 35 28 122
is_linear=0
shrinkage=0.00895904


Tree=270
num_leaves=13
num_cat=0
split_feature=92 78 49 73 88 13 71 84 61 91 59 64
split_gain=39.1719 42.3796 37.8823 37.3562 36.7295 33.5809 32.0785 27.7473 16.9965 13.9917 1.03754 0.438426
threshold=0.13809523809523808 75.000000000000014 0.81534090909090928 35.050000000000004 17.500000000000004 4.5000000000000009 7.5000000000000009 0.63333333333333341 0.11237373737373736 -0.080128205128205079 250.00000000000003 67.200000000000017
decision_type=2 2 2 2 2 2 2 2 2 2 2 2
left_child=2 10 4 6 5 -1 -4 -6 -5 -3 11 -2
right_child=1 9 3 8 7 -7 -8 -9 -10 -11 -12 -13
leaf_value=0.0030372961656252107 -0.015824579697912278 0.0092186483241963324 -0.015552291975803465 -0.0020513111072109551 -0.017980495230674992 -0.015680463374257561 0.0055632771357822563 0.005031092942129862 -0.016033624673290024 -0.012161714334732891 -0.010110955723309776 -0.0095271043292665548
leaf_weight=887.58615913614631 16.683392010629184 12.014952573925255 6.8723994977772227 10.500359350815417 11.781653709709646 7.5732131749391547 31.484056908637285 6.3740264773368827 21.007611447945237 2.8995765522122374 5.9593362584710112 2.0930693615227929
leaf_count=1383 82 8 51 72 64 37 50 8 144 28 82 27
internal_value=0 -0.00692998 0.00213236 -0.00421795 0.00261894 0.0028756 0.00172094 -0.0099323 -0.0114151 0.00495912 -0.0140824 -0.015227
internal_weight=0 39.6503 983.179 69.8644 913.315 895.159 38.3565 18.1557 31.508 14.9145 24.7358 18.7765
internal_count=2036 227 1809 317 1492 1420 101 72 216 36 191 109
is_linear=0
shrinkage=0.00895904


Tree=271
num_leaves=13
num_cat=0
split_feature=30 19 64 41 46 74 64 39 47 50 83 65
split_gain=38.9845 69.2636 75.8042 45.8234 42.3098 39.9502 22.616 40.078 9.95582 1.82564 1.18866 0.873827
threshold=1.5000000000000002 14.500000000000002 8.0500000000000025 1.0000000180025095e-35 15.500000000000002 2.6500000000000008 27.850000000000005 9.5000000000000018 13.350000000000003 -1.0000000180025095e-35 -0.34999999999999992 4.5000000000000009
decision_type=2 2 2 2 2 2 2 2 2 2 2 2
left_child=1 4 3 -3 5 -1 7 10 -4 -8 -2 -6
right_child=6 2 8 -5 11 -7 9 -9 -10 -11 -12 -13
leaf_value=0.0024515685087797105 -0.026211075430585443 0.0058249012688996469 -0.028103058905884548 -0.013327372760101729 -0.017331413252587129 -0.014146461129483199 0.0096234089141830782 0.0082443177938774388 -0.014885257923352758 0.0062735249485066204 -0.015238324285138246 -0.011403784397481173
leaf_weight=815.67967717535794 2.848324649035928 34.564129501581192 5.8623529560863998 13.901265308260916 3.9091733843088141 11.619476050138472 65.779321275651455 9.5334774255752546 25.829897588118911 18.301694456487894 2.8028115555644053 10.377432702109216
leaf_count=1426 14 34 33 49 17 104 6 8 197 29 14 105
internal_value=0 0.00119156 -0.00675626 0.000300204 0.00194995 0.0022152 0.00709605 -0.00293502 -0.017485 0.00891042 -0.0214504 -0.013235
internal_weight=0 921.743 80.1576 48.4654 841.586 827.299 99.2656 15.1846 31.6923 84.081 5.65114 14.2866
internal_count=2036 1965 313 83 1652 1530 71 36 230 35 28 122
is_linear=0
shrinkage=0.00895904


Tree=272
num_leaves=13
num_cat=0
split_feature=61 56 68 67 64 84 72 64 78 34 64 63
split_gain=38.7931 41.121 38.0028 56.6144 43.6769 32.532 27.7637 24.5967 18.9177 15.0758 2.28469 1.25739
threshold=0.033908045977011456 0.90454545454545465 1322.0000000000002 1504.0000000000002 37.300000000000004 0.77500000000000013 8.5000000000000018 7.2500000000000009 3.5000000000000004 1.5000000000000002 11.950000000000001 1.5000000000000002
decision_type=2 2 2 2 2 2 2 2 2 2 2 2
left_child=5 2 3 -2 -4 6 10 -8 -3 -10 -1 -7
right_child=1 8 4 -5 -6 11 7 -9 9 -11 -12 -13
leaf_value=-0.016918525761571067 0.0015460511974756297 0.0064665116630269063 0.0018184848864069795 -0.010505889623065229 0.0071686982418036086 0.010429288974663177 0.0061597854109001846 -0.010444417964282667 -0.015542316321534719 0.0097533218949114285 -0.011366637687180993 0.0049212581549030465
leaf_weight=11.578682377934458 393.00240883976221 4.9046888723969486 271.30511897057295 33.798224970698357 223.34670995920897 5.9184064865112296 15.851080864667894 12.74562440253794 17.934770697727803 1.9810109138488758 17.819644615054131 8.9469175785779935
leaf_count=53 751 12 391 143 196 2 18 168 129 1 162 10
internal_value=0 0.00223934 0.00254656 0.000587327 0.00423611 -0.00453713 -0.00756504 -0.00126024 -0.00909713 -0.0129562 -0.0136493 0.00722038
internal_weight=0 946.273 921.452 426.801 494.652 72.8604 57.995 28.5967 24.8205 19.9158 29.3983 14.8653
internal_count=2036 1623 1481 894 587 413 401 186 142 130 215 12
is_linear=0
shrinkage=0.00895904


Tree=273
num_leaves=14
num_cat=0
split_feature=59 90 85 65 30 19 64 71 64 64 39 54 38
split_gain=38.4587 40.3863 43.0238 41.7397 36.5801 71.5317 71.4183 35.5236 22.6085 17.6865 40.7863 7.72713 0.308856
threshold=250.00000000000003 -0.080128205128205079 50.500000000000007 5.5000000000000009 1.5000000000000002 14.500000000000002 8.0500000000000025 65.000000000000014 2.6500000000000008 27.850000000000005 9.5000000000000018 36.150000000000013 85.000000000000014
decision_type=2 2 2 2 2 2 2 2 2 2 2 2 2
left_child=4 3 -3 11 5 7 -7 -1 -4 10 -6 -2 -11
right_child=1 2 8 -5 9 6 -8 -9 -10 12 -12 -13 -14
leaf_value=0.001584274447580921 0.0093685282550375476 0.0082120044227477779 0.0066702680810162771 -0.010967932525021332 -0.022937302464328884 1.3960311792408466e-05 -0.019053127077605012 0.006524134897164342 -0.012890583940826948 0.0082501554399457364 0.0092443253157836972 0.00086052649295383305 0.0097096700556158332
leaf_weight=586.82078618742526 30.390634059906006 11.10293786972761 5.1270878612995139 13.579950757324694 4.6181899309158316 42.448413282632828 24.891781702637672 145.77992629259825 49.254740992560983 30.95765071734786 9.0343139022588712 11.968653377145527 51.112250603735447
leaf_count=990 15 5 7 155 22 73 154 126 431 15 6 27 10
internal_value=0 -0.00298622 -0.00775198 0.00259981 0.00238338 0.00175599 -0.00706776 0.00256873 -0.0110291 0.00761219 -0.00180678 0.00697979 0.00917988
internal_weight=0 121.424 65.4848 55.9392 895.663 799.941 67.3402 732.601 54.3818 95.7224 13.6525 42.3593 82.0699
internal_count=2036 640 443 197 1396 1343 227 1116 438 53 28 42 25
is_linear=0
shrinkage=0.00895904


Tree=274
num_leaves=13
num_cat=0
split_feature=92 78 15 31 73 41 95 78 91 87 59 64
split_gain=38.2615 41.5391 37.0008 57.7581 47.443 38.5041 34.2702 33.4643 13.6994 12.3219 0.996174 0.41128
threshold=0.13809523809523808 75.000000000000014 18.500000000000004 1.0000000180025095e-35 38.050000000000004 0.45000000000000007 -1.0099999999999998 85.000000000000014 -0.080128205128205079 7.5000000000000009 250.00000000000003 67.200000000000017
decision_type=2 2 2 2 2 2 2 2 2 2 2 2
left_child=2 10 4 9 6 -6 -1 -5 -3 -4 11 -2
right_child=1 8 3 7 5 -7 -8 -9 -10 -11 -12 -13
leaf_value=-0.015636573772922921 -0.015737163953503761 0.0091690049184417546 0.006151119866835239 -0.0036386114400437314 0.0037448802517220051 -0.014804291064786193 0.0032680823292238559 0.0090800371551804215 -0.012135063454142911 -0.01897087362498482 -0.010069814464100319 -0.0095168458070207136
leaf_weight=7.5816546455025664 16.598216500133283 11.864344846457241 1.6251197606325174 53.093547215685248 15.046613791957496 21.855633849278092 834.44958816096187 23.929401718080044 2.8556652069091788 17.942112363874912 5.8361056167632333 2.0721300803124896
leaf_count=41 82 8 2 186 41 177 1250 18 28 94 82 27
internal_value=0 -0.00692431 0.00207958 -0.00317911 0.00265808 -0.00726013 0.00309432 0.000325242 0.00493183 -0.0168439 -0.0140297 -0.0151516
internal_weight=0 39.2265 975.524 96.5902 878.933 36.9022 842.031 77.0229 14.72 19.5672 24.5065 18.6703
internal_count=2036 227 1809 300 1509 218 1291 204 36 96 191 109
is_linear=0
shrinkage=0.00895904


Tree=275
num_leaves=15
num_cat=0
split_feature=48 75 64 64 64 67 42 86 68 75 65 49 86 64
split_gain=38.0523 70.3369 64.9529 59.8192 75.0942 54.8823 44.7177 31.9367 10.9583 7.65099 4.00314 1.3092 0.142084 0.108341
threshold=0.8500000000000002 0.064583333333333312 45.000000000000007 46.45000000000001 29.750000000000004 1558.5000000000002 0.064583333333333312 -14.499999999999998 1322.0000000000002 0.18465909090909091 8.5000000000000018 0.65686274509803932 -21.499999999999996 107.65000000000002
decision_type=2 2 2 2 2 2 2 2 2 2 2 2 2 2
left_child=3 10 5 4 6 -3 -1 -5 -9 -6 11 -2 -12 -4
right_child=1 2 13 7 9 -7 -8 8 -10 -11 12 -13 -14 -15
leaf_value=-0.0057242697995736978 -0.023815517436503758 0.0022385586373173719 -0.011365215605348212 -0.011006121197892578 -0.029576137392563741 -0.01997370666689454 0.0029792945567804464 0.0026814518036676858 0.008878941141418949 -0.014337400971203586 -0.0092503116745400668 -0.014202284877442068 -0.014007617917619002 -0.0094828837503923551
leaf_weight=54.058621570467949 7.9099920205771941 316.49704174697399 24.43451820500195 7.2403757404536 4.5841677188873273 8.9967655725777131 374.52833274751902 27.056754592806101 157.12319406867027 7.7687463983893394 3.1446515545248994 2.653527308255434 3.3527112863957864 13.49218272231519
leaf_count=120 38 548 244 72 26 47 477 49 33 39 50 15 25 253
internal_value=0 -0.000520655 0.000318188 0.00306457 0.00124774 0.00161315 0.00187938 0.00724411 0.00797235 -0.0203594 -0.0181956 -0.0216986 -0.0120391 -0.0107472
internal_weight=0 380.481 363.421 632.36 440.94 325.494 428.587 191.42 184.18 12.3529 17.0609 10.5635 6.49736 37.9267
internal_count=2036 1220 1092 816 662 595 597 154 82 65 128 53 75 497
is_linear=0
shrinkage=0.00895904


Tree=276
num_leaves=8
num_cat=0
split_feature=88 64 64 64 84 64 49
split_gain=37.8389 37.9701 42.103 48.4964 26.9364 1.28492 0.515328
threshold=17.500000000000004 107.65000000000002 105.00000000000001 80.450000000000017 0.63333333333333341 37.300000000000004 0.46410256410256417
decision_type=2 2 2 2 2 2 2
left_child=1 2 3 -1 5 6 -2
right_child=4 -3 -4 -5 -6 -7 -8
leaf_value=0.0019823083715206163 -0.020910604994449262 -0.0098685790185421337 0.0094247752657787114 -0.015329744291976772 0.0049496675023306888 -0.010931490054321293 -0.014551934620862959
leaf_weight=895.32327474467456 6.66757780313492 21.142659656703472 60.755115982145071 12.989159893244503 6.3225895017385474 3.2207984514534465 4.2045913487672806
leaf_count=1480 30 347 11 110 8 30 20
internal_value=0 0.00195575 0.00221565 0.00173154 -0.010311 -0.0171335 -0.0187479
internal_weight=0 990.21 969.068 908.312 20.4156 14.093 10.8722
internal_count=2036 1948 1601 1590 88 80 50
is_linear=0
shrinkage=0.00895904


Tree=277
num_leaves=13
num_cat=0
split_feature=30 19 64 41 46 66 64 39 47 50 83 65
split_gain=37.6617 66.3987 73.533 44.9233 41.0223 39.1672 22.1706 38.6292 9.18777 1.83519 1.03119 0.803088
threshold=1.5000000000000002 14.500000000000002 8.0500000000000025 1.0000000180025095e-35 15.500000000000002 1726.5000000000002 27.850000000000005 9.5000000000000018 13.350000000000003 -1.0000000180025095e-35 -0.34999999999999992 4.5000000000000009
decision_type=2 2 2 2 2 2 2 2 2 2 2 2
left_child=1 4 3 -3 5 -1 7 10 -4 -8 -2 -6
right_child=6 2 8 -5 11 -7 9 -9 -10 -11 -12 -13
leaf_value=0.002348399133719082 -0.025528429507726581 0.0057727817470036745 -0.027475524278837975 -0.013200487286979493 -0.017146248207369281 -0.016155595125081038 0.0095801191492319582 0.0081537760535549987 -0.014771844793510822 0.0061842575870178782 -0.015052320441855071 -0.011372432356686984
leaf_weight=809.65090539120138 2.8834447488188717 34.344597399234772 5.9108654335141209 13.916606433689592 3.9034173637628546 9.0976687446236593 63.601746298372746 9.4117264747619611 25.417358603328466 17.916012641042471 2.7790487259626406 10.177045902237294
leaf_count=1461 14 34 33 49 17 69 6 8 197 29 14 105
internal_value=0 0.0011294 -0.00667881 0.000270654 0.00187699 0.00213903 0.00700759 -0.00294183 -0.0173218 0.00885028 -0.0210512 -0.0131832
internal_weight=0 912.418 79.5894 48.2612 832.829 818.749 96.592 15.0742 31.3282 81.5178 5.66249 14.0805
internal_count=2036 1965 313 83 1652 1530 71 36 230 35 28 122
is_linear=0
shrinkage=0.00895904


Tree=278
num_leaves=15
num_cat=0
split_feature=49 65 40 61 92 89 66 64 54 64 59 64 40 61
split_gain=37.5582 72.6258 52.9206 47.3347 44.0577 42.5133 42.4616 37.495 1.77322 1.17981 0.621364 0.133307 0.119548 0.104834
threshold=0.39444444444444454 9.5000000000000018 37.050000000000004 0.43705985915492956 0.13809523809523808 479.50000000000006 1713.5000000000002 27.850000000000005 34.95000000000001 51.150000000000013 250.00000000000003 107.65000000000002 39.250000000000007 0.13245614035087719
decision_type=2 2 2 2 2 2 2 2 2 2 2 2 2 2
left_child=4 2 3 -2 6 -4 7 -1 -8 12 13 -11 -3 -6
right_child=1 9 5 -5 10 -7 8 -9 -10 11 -12 -13 -14 -15
leaf_value=0.0015693576722385556 0.0037571418291007012 -0.015025169652255413 -0.013355911219273348 -0.015305212216941564 -0.011877535954129761 3.7074937196778955e-05 -0.023729177527260489 0.0059611496743611379 -0.013310082249090843 -0.011582157114927128 -0.009887935960425696 -0.0093965453193658958 -0.0094018738487798986 -0.01737113888376696
leaf_weight=349.84165051952004 227.72089425101876 10.956199847161768 32.728040665388107 10.771296590566633 2.6048506535589677 45.056901305913925 2.7149444222450247 281.76218229904771 4.8758275397121906 15.831822957843544 3.3018242940306655 11.946837706491349 1.6338840276002873 5.4784702435135841
leaf_count=507 284 59 184 40 20 119 13 307 31 150 44 236 16 26
internal_value=0 -0.000655332 0.000791538 0.00288453 0.00296163 -0.00561671 0.00327448 0.00352981 -0.0175316 -0.0119419 -0.0143645 -0.0107137 -0.0144489 -0.0159193
internal_weight=0 356.646 316.277 238.492 650.58 77.7849 639.195 631.604 7.59077 40.3687 11.3851 27.7787 12.5901 8.08332
internal_count=2036 1088 627 324 948 303 858 814 44 461 90 386 75 46
is_linear=0
shrinkage=0.00895904


Tree=279
num_leaves=13
num_cat=0
split_feature=61 56 68 42 64 84 72 64 78 34 64 15
split_gain=37.2653 40.0369 36.4964 55.1311 42.8621 31.6242 27.2995 23.9066 18.5914 14.5897 2.19352 1.28273
threshold=0.033908045977011456 0.90454545454545465 1322.0000000000002 0.71825396825396837 37.300000000000004 0.77500000000000013 8.5000000000000018 7.2500000000000009 3.5000000000000004 1.5000000000000002 11.950000000000001 1.0000000180025095e-35
decision_type=2 2 2 2 2 2 2 2 2 2 2 2
left_child=5 2 3 -2 -4 6 10 -8 -3 -10 -1 -7
right_child=1 8 4 -5 -6 11 7 -9 9 -11 -12 -13
leaf_value=-0.016822936877562467 0.0017398193750009297 0.006431857157472823 0.0017346730842325124 -0.0081005050177041446 0.0070870087040877409 0.010472369466782303 0.006087394567593803 -0.010430639108005164 -0.015505980001895488 0.0096705111206707318 -0.011340505307338348 0.0048533757792293564
leaf_weight=11.526619181036951 370.83780996873975 4.83116411790252 268.87875292822719 51.926445754244924 217.0957820750773 5.6498055458068839 15.683893933892252 12.437390385195611 17.72049052268267 1.9300527572631825 17.506702598184347 9.020451754331587
leaf_count=53 668 12 391 226 196 1 18 168 129 1 162 11
internal_value=0 0.00214817 0.00245347 0.000528 0.00412758 -0.00454097 -0.00754975 -0.00123852 -0.00911427 -0.0129626 -0.0136138 0.00712587
internal_weight=0 933.22 908.739 422.764 485.975 71.8249 57.1546 28.1213 24.4817 19.6505 29.0333 14.6703
internal_count=2036 1623 1481 894 587 413 401 186 142 130 215 12
is_linear=0
shrinkage=0.00895904


Tree=280
num_leaves=8
num_cat=0
split_feature=88 64 64 64 84 64 49
split_gain=36.9215 37.0257 41.351 47.6281 26.2955 1.19704 0.486186
threshold=17.500000000000004 107.65000000000002 105.00000000000001 80.450000000000017 0.63333333333333341 37.300000000000004 0.46410256410256417
decision_type=2 2 2 2 2 2 2
left_child=1 2 3 -1 5 6 -2
right_child=4 -3 -4 -5 -6 -7 -8
leaf_value=0.0019336071570931477 -0.020671437241557736 -0.0098616110462870204 0.0093942573474646556 -0.015313938171587483 0.0048850654826909827 -0.010899588868093434 -0.014412475204855873
leaf_weight=889.67030339688063 6.6736585795879382 20.817435242235661 59.352145848795772 12.84930259734392 6.2857669889926902 3.179634502157568 4.1792039126157761
leaf_count=1480 30 347 11 110 8 30 20
internal_value=0 0.00190573 0.00216234 0.00168483 -0.0102404 -0.0169919 -0.0185549
internal_weight=0 982.689 961.872 902.52 20.3183 14.0325 10.8529
internal_count=2036 1948 1601 1590 88 80 50
is_linear=0
shrinkage=0.00895904


Tree=281
num_leaves=13
num_cat=0
split_feature=30 19 64 41 46 74 64 39 47 50 83 65
split_gain=36.7768 65.0405 72.2437 43.9177 40.0462 38.2325 21.9758 37.8432 8.78704 1.84648 0.941852 0.742406
threshold=1.5000000000000002 14.500000000000002 8.0500000000000025 1.0000000180025095e-35 15.500000000000002 2.6500000000000008 27.850000000000005 9.5000000000000018 13.350000000000003 -1.0000000180025095e-35 -0.34999999999999992 4.5000000000000009
decision_type=2 2 2 2 2 2 2 2 2 2 2 2
left_child=1 4 3 -3 5 -1 7 10 -4 -8 -2 -6
right_child=6 2 8 -5 11 -7 9 -9 -10 -11 -12 -13
leaf_value=0.0023234635541715845 -0.025173460607516553 0.0057107990597757745 -0.027167373747173013 -0.01305943765308004 -0.016972091272518215 -0.014101629008318248 0.0095521306122074955 0.0080897495118815253 -0.014731557617256238 0.0061203754574437972 -0.014980620216297848 -0.011338984020687155
leaf_weight=802.10559541918337 2.9013978391885731 34.111740753054619 5.9316845126450088 13.933466278016565 3.8970091938972464 11.349665554240344 62.254112884402275 9.3315483927726728 25.157159592956305 17.648917566984892 2.7673714831471461 10.039141546934841
leaf_count=1426 14 34 33 49 17 104 6 8 197 29 14 105
internal_value=0 0.00108911 -0.00666068 0.000236609 0.00183172 0.002091 0.00694605 -0.00297168 -0.0172568 0.00881084 -0.0208533 -0.0131244
internal_weight=0 906.525 79.1341 48.0452 827.391 813.455 94.9033 15.0003 31.0888 79.903 5.66877 13.9362
internal_count=2036 1965 313 83 1652 1530 71 36 230 35 28 122
is_linear=0
shrinkage=0.00895904


Tree=282
num_leaves=13
num_cat=0
split_feature=92 78 49 73 88 13 88 84 61 91 59 64
split_gain=36.5405 40.4758 35.9444 36.018 34.1856 32.4524 31.2145 25.8287 16.7337 13.278 0.928569 0.367453
threshold=0.13809523809523808 75.000000000000014 0.81534090909090928 35.050000000000004 17.500000000000004 4.5000000000000009 12.500000000000002 0.63333333333333341 0.11237373737373736 -0.080128205128205079 250.00000000000003 67.200000000000017
decision_type=2 2 2 2 2 2 2 2 2 2 2 2
left_child=2 10 4 6 5 -1 -4 -6 -5 -3 11 -2
right_child=1 9 3 8 7 -7 -8 -9 -10 -11 -12 -13
leaf_value=0.0028714587656908691 -0.01560416501293445 0.0091198382883380859 -0.014352464786927201 -0.0020068077191603226 -0.017529768120574815 -0.015573039952255771 0.0057430842065192833 0.0048430823610171219 -0.016017441293378846 -0.012096833385575368 -0.010025670956138329 -0.0094645264997538763
leaf_weight=867.07586263306439 16.46912248805166 11.659961950033901 7.61816806718707 10.285726256668569 11.64159804582596 7.5371657870709887 30.011806096881628 6.2638702094554892 20.636839579790831 2.7823247760534278 5.6565494500100604 2.0010700952261677
leaf_count=1383 82 8 56 72 64 37 45 8 144 28 82 27
internal_value=0 -0.00689595 0.00197705 -0.00426643 0.00245743 0.00270911 0.00162211 -0.00973345 -0.0113988 0.00492613 -0.0139566 -0.0150441
internal_weight=0 38.569 961.071 68.5525 892.518 874.613 37.63 17.9055 30.9226 14.4423 24.1267 18.4702
internal_count=2036 227 1809 317 1492 1420 101 72 216 36 191 109
is_linear=0
shrinkage=0.00895904


Tree=283
num_leaves=13
num_cat=0
split_feature=61 56 68 67 64 84 72 64 78 34 64 63
split_gain=36.4588 39.2161 35.6527 54.5752 42.4907 31.0436 26.8729 23.4699 18.3141 14.2404 2.10274 1.29902
threshold=0.033908045977011456 0.90454545454545465 1322.0000000000002 1504.0000000000002 37.300000000000004 0.77500000000000013 8.5000000000000018 7.2500000000000009 3.5000000000000004 1.5000000000000002 11.950000000000001 1.5000000000000002
decision_type=2 2 2 2 2 2 2 2 2 2 2 2
left_child=5 2 3 -2 -4 6 10 -8 -3 -10 -1 -7
right_child=1 8 4 -5 -6 11 7 -9 9 -11 -12 -13
leaf_value=-0.016721783903254045 0.0014442246320170767 0.0063877124020123568 0.0016808704963717333 -0.01044785033933999 0.0070365247995551085 0.010356801608495312 0.0060286554275690253 -0.010422205238910867 -0.01545173226147018 0.00961658975747922 -0.011323019181199222 0.0047154791137980915
leaf_weight=11.490304596722128 387.30481972359121 4.7932952381670502 267.53003390133381 33.474185366183519 214.08911826089025 5.7729809284210196 15.576557710766794 12.273533204570411 17.573412366211418 1.8966076374053944 17.353085743263364 8.775368317961691
leaf_count=53 751 12 391 143 196 2 18 168 129 1 162 10
internal_value=0 0.00209651 0.00239945 0.000493802 0.00406346 -0.00454652 -0.00753929 -0.00124213 -0.00909978 -0.0129388 -0.0135706 0.00706097
internal_weight=0 926.661 902.398 420.779 481.619 71.2418 56.6935 27.8501 24.2633 19.47 28.8434 14.5483
internal_count=2036 1623 1481 894 587 413 401 186 142 130 215 12
is_linear=0
shrinkage=0.00895904


Tree=284
num_leaves=13
num_cat=0
split_feature=30 19 64 41 49 64 68 64 39 47 50 83
split_gain=36.1589 63.7828 71.182 42.9978 39.2982 96.8103 52.7183 21.8118 37.1175 8.41952 1.87164 0.862401
threshold=1.5000000000000002 14.500000000000002 8.0500000000000025 1.0000000180025095e-35 0.39444444444444454 26.150000000000002 1557.0000000000002 27.850000000000005 9.5000000000000018 13.350000000000003 -1.0000000180025095e-35 -0.34999999999999992
decision_type=2 2 2 2 2 2 2 2 2 2 2 2
left_child=1 4 3 -3 6 -6 -1 8 11 -4 -9 -2
right_child=7 2 9 -5 5 -7 -8 10 -10 -11 -12 -13
leaf_value=0.0035962858211800891 -0.024849723255466596 0.0056647816039891554 -0.026868935349792154 -0.012912328838190452 0.0014085463158669332 -0.012704892000376063 -0.018016364293592151 0.0095322019397737628 0.0080358600748109184 -0.014687746395557307 0.0060602476126903216 -0.01491220124640521
leaf_weight=527.75124096125364 2.9177221581339809 33.930666849017143 5.9536654949188259 13.954677127301691 240.32163557782769 46.371854942291975 9.0295270346105081 61.31857630610466 9.2486366033554059 24.951727140694857 17.45950460806489 2.7528264746069926
leaf_count=729 14 34 33 49 412 471 40 6 8 197 29 14
internal_value=0 0.00105917 -0.00663185 0.00022075 0.00179645 -0.000881143 0.00322639 0.00690164 -0.00299852 -0.017186 0.00877955 -0.0206739
internal_weight=0 902.265 78.7907 47.8853 823.474 286.693 536.781 93.6973 14.9192 30.9054 78.7781 5.67055
internal_count=2036 1965 313 83 1652 883 769 71 36 230 35 28
is_linear=0
shrinkage=0.00895904


Tree=285
num_leaves=12
num_cat=0
split_feature=83 30 19 64 74 64 39 65 50 47 89
split_gain=35.9839 36.3854 63.0784 70.2195 37.9741 19.8182 35.7146 1.88443 1.2279 0.633692 0.212277
threshold=2.7500000000000004 1.5000000000000002 14.500000000000002 8.0500000000000025 2.6500000000000008 27.850000000000005 9.5000000000000018 8.5000000000000018 -1.0000000180025095e-35 36.050000000000004 489.50000000000006
decision_type=2 2 2 2 2 2 2 2 2 2 2
left_child=1 2 4 -4 -1 6 -3 9 -7 10 -2
right_child=7 5 3 -5 -6 8 -8 -9 -10 -11 -12
leaf_value=0.002185744119509113 -0.016948221110592476 -0.02106455091927684 0.00028936353538038244 -0.017171664026175353 -0.013938255912161213 0.0095209405786461886 0.0079977433742821624 -0.0096933409258499054 0.0066035547574408359 -0.012630127777187909 -0.027583716255477033
leaf_weight=802.60803482122719 2.5067646279931055 5.1229664832353583 47.575968138873577 30.032832553610206 11.708535885438321 60.843457974493504 9.210545286536215 3.7964306604117155 16.984044633805752 2.1780897378921509 1.1753407120704649
leaf_count=1466 11 25 82 222 111 6 8 61 26 12 6
internal_value=0 0.00176929 0.00121469 -0.00649301 0.00195066 0.00712271 -0.00252873 -0.0154428 0.00890234 -0.0187393 -0.0215444
internal_weight=0 984.086 891.925 77.6088 814.317 92.161 14.3335 9.65663 77.8275 5.8602 3.68211
internal_count=2036 1946 1881 304 1577 65 33 90 32 29 17
is_linear=0
shrinkage=0.00895904


Tree=286
num_leaves=13
num_cat=0
split_feature=61 56 68 67 64 84 72 64 78 34 64 15
split_gain=35.714 38.4761 34.8065 53.4864 41.9757 30.5325 26.4469 23.0685 18.1068 13.8971 2.01824 1.31565
threshold=0.033908045977011456 0.90454545454545465 1322.0000000000002 1504.0000000000002 37.300000000000004 0.77500000000000013 8.5000000000000018 7.2500000000000009 3.5000000000000004 1.5000000000000002 11.950000000000001 1.0000000180025095e-35
decision_type=2 2 2 2 2 2 2 2 2 2 2 2
left_child=5 2 3 -2 -4 6 10 -8 -3 -10 -1 -7
right_child=1 8 4 -5 -6 11 7 -9 9 -11 -12 -13
leaf_value=-0.016619627184448822 0.0014178239985897813 0.0063664208113162072 0.0016447071253386223 -0.010365244942338049 0.006990220313262482 0.010420117518448672 0.0059708314439959002 -0.010412595654898917 -0.015398515035744737 0.0095629345917536673 -0.011299156142853583 0.0046998428202192338
leaf_weight=11.462242662906649 385.8518519308418 4.7618631757795837 266.64228507131338 33.421735649928451 211.43179261125624 5.5542979240417472 15.484937831759455 12.130267929285763 17.43293243274093 1.8631496429443348 17.167431838810444 8.8956523835659009
leaf_count=53 751 12 391 143 196 1 18 168 129 1 162 11
internal_value=0 0.0020583 0.00235879 0.000474201 0.0040107 -0.00454136 -0.00752252 -0.00124713 -0.0090791 -0.0129169 -0.0135263 0.00700761
internal_weight=0 921.406 897.348 419.274 478.074 70.6948 56.2449 27.6152 24.0579 19.2961 28.6297 14.45
internal_count=2036 1623 1481 894 587 413 401 186 142 130 215 12
is_linear=0
shrinkage=0.00895904


Tree=287
num_leaves=13
num_cat=0
split_feature=92 78 15 31 73 41 95 15 91 87 59 64
split_gain=35.4867 39.7938 34.7303 56.9238 44.7316 37.5971 32.6958 32.3773 13.0117 11.9221 0.882329 0.341245
threshold=0.13809523809523808 75.000000000000014 18.500000000000004 1.0000000180025095e-35 38.050000000000004 0.45000000000000007 -1.0099999999999998 22.500000000000004 -0.080128205128205079 7.5000000000000009 250.00000000000003 67.200000000000017
decision_type=2 2 2 2 2 2 2 2 2 2 2 2
left_child=2 10 4 9 6 -6 -1 -5 -3 -4 11 -2
right_child=1 8 3 7 5 -7 -8 -9 -10 -11 -12 -13
leaf_value=-0.015485136016306789 -0.015514049254132561 0.0090858980586342904 0.0059926098036869012 -0.019362825035570776 0.0036862422607841249 -0.014790234824780779 0.0030903819891723531 0.0020405693974652949 -0.012053811549797219 -0.018916517511118548 -0.010005823291204896 -0.0094441990382593665
leaf_weight=7.4903363771736613 16.363091606646783 11.539525229483841 1.5979862362146402 5.9819142948836079 14.870789846405385 21.37229180149734 813.12030686624348 69.768516667187214 2.742141366004943 17.804198179394007 5.5675642993301144 1.9716871008276928
leaf_count=41 82 8 2 40 41 177 1250 164 28 94 82 27
internal_value=0 -0.00687157 0.00191619 -0.00321411 0.00248652 -0.00722908 0.00291723 0.000305524 0.00491971 -0.0168254 -0.0139009 -0.0149668
internal_weight=0 38.184 952.006 95.1526 856.854 36.2431 820.611 75.7504 14.2817 19.4022 23.9023 18.3348
internal_count=2036 227 1809 300 1509 218 1291 204 36 96 191 109
is_linear=0
shrinkage=0.00895904


Tree=288
num_leaves=12
num_cat=0
split_feature=83 30 19 64 74 64 39 65 50 47 89
split_gain=35.2703 35.7994 61.8539 69.2529 37.034 19.6495 35.0427 1.79155 1.25255 0.574247 0.161689
threshold=2.7500000000000004 1.5000000000000002 14.500000000000002 8.0500000000000025 2.6500000000000008 27.850000000000005 9.5000000000000018 8.5000000000000018 -1.0000000180025095e-35 36.050000000000004 489.50000000000006
decision_type=2 2 2 2 2 2 2 2 2 2 2
left_child=1 2 4 -4 -1 6 -3 9 -7 10 -2
right_child=7 5 3 -5 -6 8 -8 -9 -10 -11 -12
leaf_value=0.0021468912802993546 -0.016790008787238842 -0.020893754336793125 0.00027020231336030872 -0.017113000506036875 -0.013868169406412299 0.0095017876540531756 0.0079423388022817169 -0.0096749928391288969 0.0065427711838379806 -0.012572051144817535 -0.027070587428428595
leaf_weight=798.97317953966558 2.5057124346494661 5.1183391585946074 47.477439634501934 29.83030859939754 11.571097444742916 59.915962390601635 9.1381813287734968 3.7537277825176716 16.794089552015066 2.1589332818984985 1.1874664574861524
leaf_count=1466 11 25 82 222 111 6 8 61 26 12 6
internal_value=0 0.00173354 0.00118428 -0.00646279 0.00191502 0.00708045 -0.00254853 -0.0153511 0.00887216 -0.0185664 -0.0212725
internal_weight=0 978.819 887.852 77.3077 810.544 90.9666 14.2565 9.60584 76.7101 5.85211 3.69318
internal_count=2036 1946 1881 304 1577 65 33 90 32 29 17
is_linear=0
shrinkage=0.00895904


Tree=289
num_leaves=8
num_cat=0
split_feature=88 64 64 64 84 64 52
split_gain=35.1627 35.3307 40.1697 46.1317 25.1441 1.07481 0.46663
threshold=17.500000000000004 107.65000000000002 105.00000000000001 80.450000000000017 0.63333333333333341 37.300000000000004 25.000000000000004
decision_type=2 2 2 2 2 2 2
left_child=1 2 3 -1 5 6 -2
right_child=4 -3 -4 -5 -6 -7 -8
leaf_value=0.0018278521921495808 -0.016015094040889456 -0.0098531743137558817 0.0093419807376231619 -0.015285711944661485 0.0047601289180046608 -0.010791453293033194 -0.02264561041991341
leaf_weight=877.02820033207536 7.7645755484700221 20.263252412900329 56.788005460053682 12.637591022998093 6.2102233171463004 3.0836400464177123 3.0320827215909958
leaf_count=1480 36 347 11 110 8 30 14
internal_value=0 0.00179755 0.00204895 0.00158149 -0.0101227 -0.0167572 -0.0182413
internal_weight=0 966.717 946.454 889.666 20.0905 13.8803 10.7967
internal_count=2036 1948 1601 1590 88 80 50
is_linear=0
shrinkage=0.00895904


Tree=290
num_leaves=15
num_cat=0
split_feature=59 68 92 1 19 64 82 64 57 90 65 38 59 3
split_gain=34.9543 33.8565 57.9937 65.4456 49.373 45.0586 75.9242 38.5636 29.2186 28.5112 30.8964 22.9197 10.7211 0.964077
threshold=350.00000000000006 1322.0000000000002 -0.16025641025641016 1.0000000180025095e-35 14.500000000000002 37.300000000000004 0.16025641025641021 29.750000000000004 -2.7499999999999996 -0.080128205128205079 3.5000000000000004 9.5000000000000018 990.00000000000011 2.5000000000000004
decision_type=2 2 2 2 2 2 2 2 2 2 2 2 2 2
left_child=1 2 3 -1 -4 7 -7 -3 11 10 -10 13 -11 -2
right_child=8 5 4 -5 -6 6 -8 -9 9 12 -12 -13 -14 -15
leaf_value=-0.021240143633153925 0.010558798848238241 0.0017369003585072271 0.0028514269298282676 -0.0019284325098583499 -0.0087099564276604188 0.0082616369082712682 -0.013134687297587133 -0.023829559386336817 0.0084691094742553961 -0.012697513675844556 -0.011063639722359334 -0.013934962167484171 0.006471969988325864 0.0064085851373506548
leaf_weight=19.08724345639348 9.3767139539122617 266.80999286472797 307.8272147513926 52.464659385383129 32.618622876703739 195.73832909949124 14.111828565597532 4.6298585012555113 15.574311457574369 37.912713006138802 10.868045350536702 4.3124012611806384 2.3806258942931882 11.592124260962009
leaf_count=96 5 383 531 122 148 79 121 24 15 346 123 27 6 10
internal_value=0 0.00208301 0.000197546 -0.00712328 0.00173938 0.00369625 0.00681203 0.00128425 -0.00371107 -0.00681333 0.000418337 0.00446687 -0.0115391 0.00834423
internal_weight=0 893.288 411.998 71.5519 340.446 481.29 209.85 271.44 92.0169 66.7357 26.4424 25.2812 40.2933 20.9688
internal_count=2036 1504 897 218 679 607 200 407 532 490 138 42 352 15
is_linear=0
shrinkage=0.00895904


Tree=291
num_leaves=13
num_cat=0
split_feature=92 78 49 73 88 13 71 84 25 91 59 64
split_gain=34.6977 39.1504 34.2246 34.9022 32.5401 31.4243 30.5144 24.6792 16.5389 12.8105 0.845927 0.319937
threshold=0.13809523809523808 75.000000000000014 0.81534090909090928 35.050000000000004 17.500000000000004 4.5000000000000009 7.5000000000000009 0.63333333333333341 1.0000000180025095e-35 -0.080128205128205079 250.00000000000003 67.200000000000017
decision_type=2 2 2 2 2 2 2 2 2 2 2 2
left_child=2 10 4 6 5 -1 -4 -6 -5 -3 11 -2
right_child=1 9 3 8 7 -7 -8 -9 -10 -11 -12 -13
leaf_value=0.0027518504379621506 -0.015441935962442161 0.0090486168106175286 -0.015498658276505851 -0.015295792604492943 -0.017280249677215549 -0.015436078272790088 0.0053939124946440374 0.0047186484126964844 -0.00036745233751166281 -0.012046209776288808 -0.0099796175640779142 -0.0094187924169415894
leaf_weight=852.41251771897078 16.292322959750898 11.424714226275681 6.6811578478664151 22.33528042212129 11.51139433309436 7.5056185442954293 30.402398493140936 6.1872668713331214 8.1152043249458057 2.7080981023609629 5.4590062350034705 1.9386561159044493
leaf_count=1383 82 8 51 182 64 37 50 8 34 28 82 27
internal_value=0 -0.00686207 0.00186823 -0.00426921 0.00234137 0.00258967 0.00156894 -0.00962026 -0.0113452 0.00489796 -0.0138617 -0.0149072
internal_weight=0 37.8228 945.151 67.534 877.617 859.918 37.0836 17.6987 30.4505 14.1328 23.69 18.231
internal_count=2036 227 1809 317 1492 1420 101 72 216 36 191 109
is_linear=0
shrinkage=0.00895904


Tree=292
num_leaves=13
num_cat=0
split_feature=61 56 68 42 64 84 72 64 78 34 64 63
split_gain=34.5657 37.5245 33.5396 52.5096 41.2825 29.8611 25.9968 22.4717 17.7572 13.5188 1.93755 1.33275
threshold=0.033908045977011456 0.90454545454545465 1322.0000000000002 0.71825396825396837 37.300000000000004 0.77500000000000013 8.5000000000000018 7.2500000000000009 3.5000000000000004 1.5000000000000002 11.950000000000001 1.5000000000000002
decision_type=2 2 2 2 2 2 2 2 2 2 2 2
left_child=5 2 3 -2 -4 6 10 -8 -3 -10 -1 -7
right_child=1 8 4 -5 -6 11 7 -9 9 -11 -12 -13
leaf_value=-0.016530664346221826 0.0016246987854561983 0.0063038435855887909 0.0015746899482692099 -0.0080371206201724187 0.0069182758959612789 0.010301447845170035 0.0058985221260019595 -0.010398209216597839 -0.015346901158202024 0.0095019671634511988 -0.011278877752167481 0.0045507582723592699
leaf_weight=11.40617971122265 364.99569454789162 4.7091645542532232 264.64658575505018 51.326497232541442 206.70125832781196 5.6583034992218009 15.331396088004114 11.885132772848008 17.252168430015448 1.8249480724334706 16.932469571009278 8.6370869874954206
leaf_count=53 668 12 391 226 196 2 18 168 129 1 162 10
internal_value=0 0.00198545 0.00228376 0.000430337 0.00391993 -0.00454598 -0.00751419 -0.0012402 -0.00907548 -0.0128979 -0.0134902 0.00693453
internal_weight=0 911.456 887.67 416.322 471.348 69.8506 55.5552 27.2165 23.7863 19.0771 28.3386 14.2954
internal_count=2036 1623 1481 894 587 413 401 186 142 130 215 12
is_linear=0
shrinkage=0.00895904


Tree=293
num_leaves=12
num_cat=0
split_feature=83 30 19 64 74 64 39 65 50 47 89
split_gain=34.3561 34.9634 59.7698 68.2635 36.0946 19.4048 34.1556 1.69833 1.25188 0.516098 0.149432
threshold=2.7500000000000004 1.5000000000000002 14.500000000000002 8.0500000000000025 2.6500000000000008 27.850000000000005 9.5000000000000018 8.5000000000000018 -1.0000000180025095e-35 36.050000000000004 489.50000000000006
decision_type=2 2 2 2 2 2 2 2 2 2 2
left_child=1 2 4 -4 -1 6 -3 9 -7 10 -2
right_child=7 5 3 -5 -6 8 -8 -9 -10 -11 -12
leaf_value=0.002086313082411233 -0.016580694193915835 -0.020640715202569628 0.00027146460196147292 -0.017047411826507042 -0.013832350311865551 0.0094720110462111484 0.0078838335631033242 -0.009624182080599215 0.006484860036748045 -0.012527429502452492 -0.026678358810366516
leaf_weight=792.48787531070411 2.499476574361323 5.1199724003672591 47.40637132525444 29.518914598971605 11.410970907658337 58.44625037163496 9.0338519364595395 3.6567135080695152 16.468784812837839 2.1444084756076336 1.1977828741073606
leaf_count=1466 11 25 82 222 111 6 8 61 26 12 6
internal_value=0 0.00167645 0.00113472 -0.00639994 0.00185709 0.00701966 -0.00257085 -0.0152783 0.00883383 -0.0183963 -0.0210102
internal_weight=0 969.893 880.824 76.9253 803.899 89.0689 14.1538 9.49838 74.915 5.84167 3.69726
internal_count=2036 1946 1881 304 1577 65 33 90 32 29 17
is_linear=0
shrinkage=0.00895904


Tree=294
num_leaves=15
num_cat=0
split_feature=59 68 92 1 19 64 82 63 57 90 65 38 59 3
split_gain=34.0176 32.7263 57.0389 63.492 47.716 44.3318 74.7333 37.9903 28.676 28.1689 30.3638 22.4927 10.5797 0.966656
threshold=350.00000000000006 1322.0000000000002 -0.16025641025641016 1.0000000180025095e-35 14.500000000000002 37.300000000000004 0.16025641025641021 7.5000000000000009 -2.7499999999999996 -0.080128205128205079 3.5000000000000004 9.5000000000000018 990.00000000000011 2.5000000000000004
decision_type=2 2 2 2 2 2 2 2 2 2 2 2 2 2
left_child=1 2 3 -1 -4 7 -7 -3 11 10 -10 13 -11 -2
right_child=8 5 4 -5 -6 6 -8 -9 9 12 -12 -13 -14 -15
leaf_value=-0.020972883966998656 0.010518267108169131 0.0036324670222207915 0.0028090633403842383 -0.0019521421185048928 -0.0085826977770303847 0.0082117875233030779 -0.013121787546990935 -0.0034715550747179179 0.0084131628390955206 -0.012672561247373551 -0.011042602563477491 -0.013856751904795121 0.0064209287006146212 0.0063484763438317873
leaf_weight=19.116700202226639 9.281910795718435 179.20275687426329 306.30727932788432 52.265226759016514 32.470121594145894 192.34251238591969 13.978233233094214 90.925280023366213 15.482647784054281 37.555789485573769 10.735538743436335 4.2829806804656974 2.3683217521756879 11.499732673168182
leaf_count=96 5 211 531 122 148 79 121 196 15 346 123 27 6 10
internal_value=0 0.00203392 0.000178465 -0.00708885 0.00171292 0.00363046 0.00675551 0.0012404 -0.0037069 -0.00679428 0.000423503 0.00442917 -0.0115141 0.00829093
internal_weight=0 886.608 410.159 71.3819 338.777 476.449 206.321 270.128 91.2069 66.1423 26.2182 25.0646 39.9241 20.7816
internal_count=2036 1504 897 218 679 607 200 407 532 490 138 42 352 15
is_linear=0
shrinkage=0.00895904


Tree=295
num_leaves=13
num_cat=0
split_feature=92 78 49 73 88 13 88 84 61 91 59 64
split_gain=33.9156 38.4881 33.1184 34.2114 31.7577 30.7967 30.0375 24.2094 16.4141 12.5885 0.811273 0.299584
threshold=0.13809523809523808 75.000000000000014 0.81534090909090928 35.050000000000004 17.500000000000004 4.5000000000000009 12.500000000000002 0.63333333333333341 0.11237373737373736 -0.080128205128205079 250.00000000000003 67.200000000000017
decision_type=2 2 2 2 2 2 2 2 2 2 2 2
left_child=2 10 4 6 5 -1 -4 -6 -5 -3 11 -2
right_child=1 9 3 8 7 -7 -8 -9 -10 -11 -12 -13
leaf_value=0.0026973773621493469 -0.015368316196522038 0.0090077043016640185 -0.014268975054303523 -0.0018611879487324544 -0.017171326557629783 -0.015322972375356354 0.0056445483396531347 0.0046736962143050604 -0.015908760469097036 -0.012021924700101194 -0.0099497529138835236 -0.0094024191130155227
leaf_weight=845.96849850378931 16.20659742504359 11.308120608329771 7.463814688846468 10.029000939801337 11.44318748638034 7.4931729473173609 29.373822322115302 6.1571176797151557 20.140619646757841 2.6748085487633935 5.3554742317646733 1.9149913005530823
leaf_count=1383 82 8 56 72 64 37 45 8 144 28 82 27
internal_value=0 -0.00685031 0.00182215 -0.00423896 0.00228926 0.00253574 0.00155628 -0.00956001 -0.011281 0.00487533 -0.013818 -0.014844
internal_weight=0 37.46 938.069 67.0073 871.062 853.462 36.8376 17.6003 30.1696 13.9829 23.4771 18.1216
internal_count=2036 227 1809 317 1492 1420 101 72 216 36 191 109
is_linear=0
shrinkage=0.00895904


Tree=296
num_leaves=13
num_cat=0
split_feature=30 19 64 41 46 66 64 39 47 50 65 83
split_gain=33.8028 57.5985 67.4157 41.4468 37.6992 36.9866 20.8221 34.0508 7.37514 1.92903 0.646502 0.618853
threshold=1.5000000000000002 14.500000000000002 8.0500000000000025 1.0000000180025095e-35 15.500000000000002 1726.5000000000002 27.850000000000005 9.5000000000000018 13.350000000000003 -1.0000000180025095e-35 4.5000000000000009 -0.34999999999999992
decision_type=2 2 2 2 2 2 2 2 2 2 2 2
left_child=1 4 3 -3 5 -1 7 11 -4 -8 -6 -2
right_child=6 2 8 -5 10 -7 9 -9 -10 -11 -12 -13
leaf_value=0.0021184643093237637 -0.023489488754977406 0.0056087002166582871 -0.025873882219132803 -0.01263967873912941 -0.016699772351128728 -0.016070093071904212 0.0094525611924814092 0.0078411142988700326 -0.014437279326886784 0.0058486558518388463 -0.011283786283938274 -0.014446476786014101
leaf_weight=784.92932781949639 2.987207762897012 33.661316335201263 6.0268200226128128 13.980768188834189 3.8790851682424536 8.8878659326583129 57.551721699535847 8.9577234089374524 23.984786016866565 16.673747330904007 9.6961879245936853 2.6813343465328234
leaf_count=1461 14 34 33 49 17 69 6 8 197 29 105 14
internal_value=0 0.000947197 -0.00641293 0.000224023 0.00165646 0.00191096 0.00673866 -0.0029983 -0.0168841 0.00866042 -0.0130437 -0.0198275
internal_weight=0 885.046 77.6537 47.6421 807.392 793.817 88.8517 14.6263 30.0116 74.2255 13.5753 5.66854
internal_count=2036 1965 313 83 1652 1530 71 36 230 35 122 28
is_linear=0
shrinkage=0.00895904


Tree=297
num_leaves=13
num_cat=0
split_feature=61 56 67 61 11 84 72 64 78 34 64 63
split_gain=33.6316 36.5378 33.4032 65.1144 40.768 29.232 25.5723 22.0074 17.4188 13.074 1.86267 1.34544
threshold=0.033908045977011456 0.90454545454545465 1504.0000000000002 0.22111111111111112 2.5000000000000004 0.77500000000000013 8.5000000000000018 7.2500000000000009 3.5000000000000004 1.5000000000000002 11.950000000000001 1.5000000000000002
decision_type=2 2 2 2 2 2 2 2 2 2 2 2
left_child=5 2 4 -4 -2 6 10 -8 -3 -10 -1 -7
right_child=1 8 3 -5 -6 11 7 -9 9 -11 -12 -13
leaf_value=-0.016436111016980171 0.0033002726378887257 0.0062445575220411425 -0.014299615540289778 0.0017662712852290333 -0.0065947092247350576 0.010268338781163001 0.0058428252287148451 -0.010385233258351114 -0.015272007421926356 0.0094318854631734988 -0.011252934331304927 0.0044675940200692571
leaf_weight=11.362000212073328 742.60354962572455 4.666481431573632 27.584013918414712 74.588498629629612 34.819606775417924 5.5884261131286612 15.205497756600382 11.696361957117913 17.06262245960534 1.7808437347412098 16.735673991963267 8.5714894086122495
leaf_count=53 1067 12 141 129 144 2 18 168 129 1 162 10
internal_value=0 0.00192724 0.0022226 -0.00258954 0.00285555 -0.00454716 -0.00749927 -0.00123553 -0.00905105 -0.0128648 -0.0134467 0.00686492
internal_weight=0 903.106 879.596 102.173 777.423 69.1594 54.9995 26.9019 23.5099 18.8435 28.0977 14.1599
internal_count=2036 1623 1481 270 1211 413 401 186 142 130 215 12
is_linear=0
shrinkage=0.00895904


Tree=298
num_leaves=12
num_cat=0
split_feature=83 30 19 64 74 64 39 65 50 47 67
split_gain=33.4203 34.0624 56.6605 66.5775 35.2423 19.0352 32.7348 1.59222 1.27119 0.474758 0.153798
threshold=2.7500000000000004 1.5000000000000002 14.500000000000002 8.0500000000000025 2.6500000000000008 27.850000000000005 9.5000000000000018 8.5000000000000018 -1.0000000180025095e-35 36.050000000000004 1293.0000000000002
decision_type=2 2 2 2 2 2 2 2 2 2 2
left_child=1 2 4 -4 -1 6 -3 9 -7 10 -2
right_child=7 5 3 -5 -6 8 -8 -9 -10 -11 -12
leaf_value=0.0020213650457910821 -0.024966170892661781 -0.020204598355352887 0.00029700172876873982 -0.01688606122300872 -0.013805073587062011 0.0094391658340296954 0.0077913554163274576 -0.009597324591841868 0.0064038750628290231 -0.012426893384989212 -0.015441819349805541
leaf_weight=786.22462743893266 1.66190594434738 5.1247525736689559 47.332384489476681 29.103515552356839 11.268581632524727 56.945573724806309 8.8935936987400037 3.5759138688445091 16.165455676615238 2.1216593459248543 2.0353454127907753
leaf_count=1466 8 25 82 222 111 6 8 61 26 12 9
internal_value=0 0.00162115 0.00108777 -0.00627114 0.00179445 0.00695674 -0.00257608 -0.015191 0.00878682 -0.0182096 -0.0207471
internal_weight=0 961.058 873.929 76.4359 797.493 87.1294 14.0183 9.39482 73.111 5.81891 3.69725
internal_count=2036 1946 1881 304 1577 65 33 90 32 29 17
is_linear=0
shrinkage=0.00895904


Tree=299
num_leaves=13
num_cat=0
split_feature=92 78 49 73 88 13 71 84 86 91 59 64
split_gain=33.1503 37.8188 32.4063 33.4512 31.0148 30.2568 29.7474 23.6764 16.2921 12.3389 0.777268 0.278924
threshold=0.13809523809523808 75.000000000000014 0.81534090909090928 35.050000000000004 17.500000000000004 4.5000000000000009 7.5000000000000009 0.63333333333333341 -842.99999999999989 -0.080128205128205079 250.00000000000003 67.200000000000017
decision_type=2 2 2 2 2 2 2 2 2 2 2 2
left_child=2 10 4 6 5 -1 -4 -6 -5 -3 11 -2
right_child=1 9 3 8 7 -7 -8 -9 -10 -11 -12 -13
leaf_value=0.0026448034788241117 -0.015292192607859674 0.0089624594359735393 -0.015425167834631128 -0.00069855499186550021 -0.017053071076008265 -0.015233156075329667 0.0053220578638225628 0.0046139241465033747 -0.01535498078425249 -0.011992827770129218 -0.0099259320963412181 -0.0093869953693280998
leaf_weight=840.31812391988933 16.108347732573755 11.189221996814011 6.6075306478887788 8.4993018787354249 11.376225089654328 7.4794422201812258 29.95453454554081 6.1202460601925841 21.459635242819786 2.6363330446183673 5.2766564581543198 1.8914891071617592
leaf_count=1383 82 8 51 32 64 37 50 8 184 28 82 27
internal_value=0 -0.00683891 0.0017757 -0.00424182 0.00223917 0.00248365 0.00151118 -0.00950485 -0.0112285 0.0048558 -0.0137691 -0.0147782
internal_weight=0 37.102 931.815 66.521 865.294 847.798 36.5621 17.4965 29.9589 13.8256 23.2765 17.9998
internal_count=2036 227 1809 317 1492 1420 101 72 216 36 191 109
is_linear=0
shrinkage=0.00895904


Tree=300
num_leaves=13
num_cat=0
split_feature=30 19 64 41 46 66 64 39 47 50 65 83
split_gain=33.0751 55.3834 65.7532 40.5285 36.8466 36.2247 20.4936 32.8482 6.85111 1.95217 0.601582 0.521859
threshold=1.5000000000000002 14.500000000000002 8.0500000000000025 1.0000000180025095e-35 15.500000000000002 1726.5000000000002 27.850000000000005 9.5000000000000018 13.350000000000003 -1.0000000180025095e-35 4.5000000000000009 -0.34999999999999992
decision_type=2 2 2 2 2 2 2 2 2 2 2 2
left_child=1 4 3 -3 5 -1 7 11 -4 -8 -6 -2
right_child=6 2 8 -5 10 -7 9 -9 -10 -11 -12 -13
leaf_value=0.002066103460090004 -0.022956789341956822 0.0055671617468572802 -0.025385352673104628 -0.012480404760493261 -0.016557643966626519 -0.015997081230196455 0.0094253871254149774 0.0077521146594221628 -0.014340919414830658 0.0057779748883172791 -0.011253254032656514 -0.014287846632527728
leaf_weight=780.51284210197628 3.0116014704108212 33.503664001822472 6.0607072785496738 14.003026828169821 3.8693889975547782 8.8245022688060981 56.378281973302364 8.8369846343994123 23.608892416581511 16.472653007134795 9.5798476655036193 2.6528192609548586
leaf_count=1461 14 34 33 49 17 69 6 8 197 29 105 14
internal_value=0 0.000911067 -0.0063285 0.000218277 0.00160842 0.00186031 0.00668574 -0.00300702 -0.016746 0.00861826 -0.0129919 -0.0195005
internal_weight=0 879.963 77.1763 47.5067 802.787 789.337 87.3523 14.5014 29.6696 72.8509 13.4492 5.66442
internal_count=2036 1965 313 83 1652 1530 71 36 230 35 122 28
is_linear=0
shrinkage=0.00895904


Tree=301
num_leaves=13
num_cat=0
split_feature=61 56 67 61 11 84 72 64 78 34 64 15
split_gain=32.9006 35.8108 32.7428 63.765 39.2107 28.7076 25.1578 21.6146 17.1598 12.6975 1.78586 1.36104
threshold=0.033908045977011456 0.90454545454545465 1504.0000000000002 0.22111111111111112 2.5000000000000004 0.77500000000000013 8.5000000000000018 7.2500000000000009 3.5000000000000004 1.5000000000000002 11.950000000000001 1.0000000180025095e-35
decision_type=2 2 2 2 2 2 2 2 2 2 2 2
left_child=5 2 4 -4 -2 6 10 -8 -3 -10 -1 -7
right_child=1 8 3 -5 -6 11 7 -9 9 -11 -12 -13
leaf_value=-0.016343189750741026 0.0032414808941984632 0.00619953858558339 -0.014192970621172399 0.0017265084151557471 -0.0064852573000790097 0.010325073881224084 0.0057867886467147531 -0.01037601636146666 -0.015208277979044177 0.0093712674133807211 -0.011234353192777014 0.0044434929786431147
leaf_weight=11.317052491009237 737.4101016651839 4.6311971209943321 27.534736381843686 74.222120393067598 34.661137744784355 5.3769459724426261 15.098465129733087 11.551772281527517 16.927913447842005 1.7425755262374867 16.570682538673282 8.6681428253650648
leaf_count=53 1067 12 141 129 144 1 18 168 129 1 162 11
internal_value=0 0.00188062 0.00217367 -0.00259955 0.00280328 -0.0045494 -0.00748753 -0.00124235 -0.00903625 -0.0128412 -0.0134056 0.00680528
internal_weight=0 897.13 873.828 101.757 772.071 68.5831 54.538 26.6502 23.3017 18.6705 27.8877 14.0451
internal_count=2036 1623 1481 270 1211 413 401 186 142 130 215 12
is_linear=0
shrinkage=0.00895904


Tree=302
num_leaves=13
num_cat=0
split_feature=30 19 64 41 86 64 64 64 86 47 50 0
split_gain=32.6841 54.1991 64.9261 39.7267 36.2953 62.5595 44.2253 20.349 32.2569 6.52501 1.96691 0.428912
threshold=1.5000000000000002 14.500000000000002 8.0500000000000025 1.0000000180025095e-35 21.500000000000004 65.950000000000017 14.800000000000002 27.850000000000005 -330.49999999999994 13.350000000000003 -1.0000000180025095e-35 3.5000000000000004
decision_type=2 2 2 2 2 2 2 2 2 2 2 2
left_child=1 4 3 -3 5 -1 -6 8 -2 -4 -9 -10
right_child=7 2 9 -5 6 -7 -8 10 11 -11 -12 -13
leaf_value=0.00104375997568041 0.0081694141504571327 0.0055380972154442255 -0.025089585969756332 -0.012325892196534979 -0.001148654031445406 -0.012114899788525514 0.0070378598266066317 0.009412241384041415 -0.022342013949883836 -0.014295809828908854 0.0057402857910620964 -0.014392257174047121
leaf_weight=524.91666396334767 8.4695872813463193 33.392976000905037 6.0796138606965568 14.032231934368609 77.302265152335167 30.503367384895682 167.68740121647716 55.785978600382805 2.7643191516399375 23.422418488189578 16.374852258712053 3.2036409601569176
leaf_count=994 7 34 33 49 136 412 110 6 12 197 29 17
internal_value=0 0.000893881 -0.0062795 0.00022371 0.00158468 0.000317128 0.00445578 0.00665772 -0.00301772 -0.0166683 0.00859669 -0.0186581
internal_weight=0 877.337 76.9272 47.4252 800.41 555.42 244.99 86.5984 14.4375 29.502 72.1608 5.96796
internal_count=2036 1965 313 83 1652 1406 246 71 36 230 35 29
is_linear=0
shrinkage=0.00895904


Tree=303
num_leaves=12
num_cat=0
split_feature=83 30 19 64 74 64 39 65 50 47 67
split_gain=32.5218 33.0322 53.67 64.0812 34.5275 18.6004 31.1329 1.49613 1.30262 0.441244 0.154194
threshold=2.7500000000000004 1.5000000000000002 14.500000000000002 8.0500000000000025 2.6500000000000008 27.850000000000005 9.5000000000000018 8.5000000000000018 -1.0000000180025095e-35 36.050000000000004 1415.5000000000002
decision_type=2 2 2 2 2 2 2 2 2 2 2
left_child=1 2 4 -4 -1 6 -3 9 -7 10 -2
right_child=7 5 3 -5 -6 8 -8 -9 -10 -11 -12
leaf_value=0.0019585058143930696 -0.023915478295093981 -0.019695254156519317 0.00028798557514037959 -0.016662684965097388 -0.013793678855990544 0.0094015981507068833 0.0076874948448332134 -0.0095703889622781434 0.006307905791275055 -0.012321914133579614 -0.014496505068308111
leaf_weight=780.63607241027057 1.992468968033789 5.1319110095500937 47.121844239532948 28.667485157027841 11.141466120257972 55.350947104394436 8.7311595380306226 3.4961494207382202 15.912456113845108 2.0967842116951942 1.7024360150098798
leaf_count=1466 10 25 82 222 111 6 8 61 26 12 7
internal_value=0 0.00156706 0.00104369 -0.00614919 0.00173354 0.00688646 -0.0025779 -0.0151106 0.00872986 -0.0180381 -0.0205093
internal_weight=0 952.693 867.567 75.7893 791.778 85.1265 13.8631 9.28784 71.2634 5.79169 3.6949
internal_count=2036 1946 1881 304 1577 65 33 90 32 29 17
is_linear=0
shrinkage=0.00895904


Tree=304
num_leaves=15
num_cat=0
split_feature=59 38 67 68 60 66 56 63 57 90 65 38 59 3
split_gain=32.2876 31.3255 69.8346 63.9005 46.5311 44.2033 36.7488 32.7107 27.7539 27.6975 29.3354 21.8156 10.3006 0.983443
threshold=350.00000000000006 35.000000000000007 1462.5000000000002 1492.5000000000002 0.025978407557354904 1433.0000000000002 0.46410256410256417 3.5000000000000004 -2.7499999999999996 -0.080128205128205079 3.5000000000000004 9.5000000000000018 990.00000000000011 2.5000000000000004
decision_type=2 2 2 2 2 2 2 2 2 2 2 2 2 2
left_child=1 3 6 5 -5 -1 -3 -4 11 10 -10 13 -11 -2
right_child=8 2 7 4 -6 -7 -8 -9 9 12 -12 -13 -14 -15
leaf_value=0.0030350858033426002 0.010460015782072511 0.0060765435960556695 0.0027619408995934202 -0.0016445612046163522 -0.027306029880387227 -0.0027050503392630895 -0.0026997871291814654 -0.021003001495104315 0.0083113676541562102 -0.012662593895921974 -0.011011805349966925 -0.013802035032654623 0.0062750840093861405 0.0062272980745952935
leaf_weight=333.75702473148704 9.0996914394199884 292.1078088991344 7.2684664875268963 11.660019349306824 10.903596978634594 158.74624062329531 43.953145414590836 12.503881968557833 15.282290577888491 36.898899149149656 10.452370364218948 4.2087163981050244 2.3451614975929251 11.297638341784477
leaf_count=498 5 222 17 36 58 455 145 73 15 346 123 27 6 10
internal_value=0 0.0019195 0.00396301 0.000506755 -0.0141715 0.00118452 0.00492775 -0.012323 -0.00372369 -0.00678717 0.000438881 0.00435528 -0.0115054 0.00819638
internal_weight=0 870.9 355.833 515.067 22.5636 492.503 336.061 19.7723 89.5848 64.9787 25.7347 24.606 39.2441 20.3973
internal_count=2036 1504 457 1047 94 953 367 90 532 490 138 42 352 15
is_linear=0
shrinkage=0.00895904


Tree=305
num_leaves=13
num_cat=0
split_feature=92 78 15 31 73 41 78 95 91 87 59 64
split_gain=32.1578 36.9547 31.4097 55.9665 41.7557 36.4373 30.8397 30.6817 12.066 11.3805 0.735707 0.255359
threshold=0.13809523809523808 75.000000000000014 18.500000000000004 1.0000000180025095e-35 38.050000000000004 0.45000000000000007 85.000000000000014 -1.0099999999999998 -0.080128205128205079 7.5000000000000009 250.00000000000003 67.200000000000017
decision_type=2 2 2 2 2 2 2 2 2 2 2 2
left_child=2 10 4 9 7 -6 -5 -1 -3 -4 11 -2
right_child=1 8 3 6 5 -7 -8 -9 -10 -11 -12 -13
leaf_value=-0.015240991838695431 -0.015203273881474945 0.0089123942394211033 0.0058143286430750955 -0.0035181742804404948 0.003584666278623045 -0.01481181279911687 0.0089942193115090281 0.0028619832180239039 -0.011975334550375168 -0.018817078737874301 -0.0098889328483060014 -0.0093535871326793033
leaf_weight=7.3995208479464045 15.994525175541645 11.022539511322973 1.5572542697191263 51.188740849494934 14.60068100877106 20.758194833993912 22.647337682545185 786.09501256234944 2.5910392571240655 17.616635795682669 5.1403340306133023 1.8520393520593632
leaf_count=41 82 8 2 186 41 177 18 1250 28 94 82 27
internal_value=0 -0.00683143 0.00171038 -0.00322157 0.00226447 -0.00723638 0.000332729 0.00268951 0.00482435 -0.0167777 -0.0137181 -0.0147032
internal_weight=0 36.6005 921.863 93.01 828.853 35.3589 73.8361 793.495 13.6136 19.1739 22.9869 17.8466
internal_count=2036 227 1809 300 1509 218 204 1291 36 96 191 109
is_linear=0
shrinkage=0.00895904


Tree=306
num_leaves=8
num_cat=0
split_feature=88 64 64 64 84 64 52
split_gain=31.9389 32.1969 38.2973 43.9436 23.0441 0.859415 0.461953
threshold=17.500000000000004 107.65000000000002 105.00000000000001 80.450000000000017 0.63333333333333341 37.300000000000004 25.000000000000004
decision_type=2 2 2 2 2 2 2
left_child=1 2 3 -1 5 6 -2
right_child=4 -3 -4 -5 -6 -7 -8
leaf_value=0.0016426351998676595 -0.015447356443916762 -0.0098310706514352416 0.0092600457798603739 -0.015283371921237842 0.0045233023554159752 -0.010588847791399318 -0.021941768206685992
leaf_weight=853.16722094453871 7.5947670564055461 19.147203775122762 52.593213073909283 12.301338756456969 6.0632568374276152 2.8857107739895573 3.0509008020162582
leaf_count=1480 36 347 11 110 8 30 14
internal_value=0 0.00161027 0.00185092 0.0013987 -0.0098925 -0.0163266 -0.0176654
internal_weight=0 937.209 918.062 865.469 19.5946 13.5314 10.6457
internal_count=2036 1948 1601 1590 88 80 50
is_linear=0
shrinkage=0.00895904


Tree=307
num_leaves=12
num_cat=0
split_feature=83 30 19 64 58 64 39 65 52 47 67
split_gain=31.811 32.4881 52.3793 63.1371 34.1472 18.3333 30.6553 1.42037 1.31239 0.392026 0.132018
threshold=2.7500000000000004 1.5000000000000002 14.500000000000002 8.0500000000000025 -10.499999999999998 27.850000000000005 9.5000000000000018 8.5000000000000018 1.0000000180025095e-35 36.050000000000004 1415.5000000000002
decision_type=2 2 2 2 2 2 2 2 2 2 2
left_child=1 2 4 -4 -1 6 -3 9 -7 10 -2
right_child=7 5 3 -5 -6 8 -8 -9 -10 -11 -12
leaf_value=-0.012510270700758743 -0.023599845296745324 -0.019551249421908119 0.00026935587843124787 -0.016603969247312195 0.0019354240393857911 0.009379331959864283 0.0076575992464390412 -0.0095382437410348898 0.0062560080179638712 -0.012288025582297397 -0.014367018342283353
leaf_weight=13.171761170029638 1.9998693093657478 5.1230691447854033 47.036148764193058 28.436116760596633 773.71630145981908 54.337504640221596 8.6912060230970365 3.4209597855806351 15.72060391679406 2.080023605376482 1.6984383314847944
leaf_count=82 10 25 82 222 1495 6 8 61 26 12 7
internal_value=0 0.00152487 0.00100635 -0.00611375 0.0016906 0.00684155 -0.00256069 -0.0150469 0.00869775 -0.017894 -0.0202813
internal_weight=0 946.233 862.36 75.4723 786.888 83.8724 13.8143 9.19929 70.0581 5.77833 3.69831
internal_count=2036 1946 1881 304 1577 65 33 90 32 29 17
is_linear=0
shrinkage=0.00895904


Tree=308
num_leaves=13
num_cat=0
split_feature=61 56 13 67 84 72 64 78 34 64 64 15
split_gain=31.7264 34.9048 31.6703 31.5384 28.065 24.844 21.1221 16.9868 12.3134 9.1098 1.71513 1.3769
threshold=0.033908045977011456 0.90454545454545465 4.5000000000000009 1504.0000000000002 0.77500000000000013 8.5000000000000018 7.2500000000000009 3.5000000000000004 1.5000000000000002 1.6500000000000001 11.950000000000001 1.0000000180025095e-35
decision_type=2 2 2 2 2 2 2 2 2 2 2 2
left_child=4 2 3 -2 5 10 -7 -3 -9 -4 -1 -6
right_child=1 7 9 -5 11 6 -8 8 -10 -11 -12 -13
leaf_value=-0.016266641408406477 0.0028919966747991792 0.0061996478027397869 0.0093935146613693555 -0.0024575555543631415 0.010292526250154267 0.0057345486809447094 -0.010366246347201291 -0.015173748130857813 0.0093028590163616622 -0.018510136698164866 -0.01122033213870567 0.0043530784044299269
leaf_weight=11.266382507979872 754.88442355953157 4.582235166803005 0.95343416929244806 100.04171443730593 5.3151569366455069 14.972745984792711 11.310111504048107 16.750781016424302 1.6993137598037709 7.3196376264095306 16.327992830425501 8.5863909125328046
leaf_count=53 1177 12 1 265 1 18 168 129 1 38 162 11
internal_value=0 0.00180408 0.00209529 0.00226557 -0.00454748 -0.00747244 -0.00121804 -0.00903594 -0.0128458 -0.0151521 -0.0133793 0.00673451
internal_weight=0 886.232 863.199 854.926 67.7788 53.8772 26.2829 23.0323 18.4501 8.27307 27.5944 13.9015
internal_count=2036 1623 1481 1442 413 401 186 142 130 39 215 12
is_linear=0
shrinkage=0.00895904


Tree=309
num_leaves=13
num_cat=0
split_feature=92 78 49 73 88 71 13 84 25 91 59 64
split_gain=31.5623 36.3982 31.0407 32.4098 29.548 28.9507 28.8457 22.5833 16.1978 11.8528 0.707213 0.238907
threshold=0.13809523809523808 75.000000000000014 0.81534090909090928 35.050000000000004 17.500000000000004 7.5000000000000009 4.5000000000000009 0.63333333333333341 1.0000000180025095e-35 -0.080128205128205079 250.00000000000003 67.200000000000017
decision_type=2 2 2 2 2 2 2 2 2 2 2 2
left_child=2 10 4 5 6 -4 -1 -6 -5 -3 11 -2
right_child=1 9 3 8 7 -7 -8 -9 -10 -11 -12 -13
leaf_value=0.0025259428864650006 -0.015144477810311209 0.0088728744076773981 -0.015361498631787214 -0.015179527909036858 -0.016828299513565188 0.0052305294426091553 -0.014977051268505105 0.004477145970529014 -0.00020674928328374433 -0.011941373377064019 -0.0098760694411678396 -0.009336600790379063
leaf_weight=825.93694053776562 15.918821170926099 10.912220750004051 6.5293641593307248 21.603524675592784 11.230379221960904 29.514102675020695 7.4390250295400611 6.0340991467237464 7.9131533205509177 2.560715051367878 5.0730638541281214 1.826398679986595
leaf_count=1383 82 8 51 182 64 50 37 8 34 28 82 27
internal_value=0 -0.00683069 0.00166707 -0.00426456 0.00212511 0.00143817 0.00236627 -0.00941317 -0.0111934 0.00480335 -0.0136837 -0.014654
internal_weight=0 36.2912 916.201 65.5601 850.64 36.0435 833.376 17.2645 29.5167 13.4729 22.8183 17.7452
internal_count=2036 227 1809 317 1492 101 1420 72 216 36 191 109
is_linear=0
shrinkage=0.00895904


Tree=310
num_leaves=13
num_cat=0
split_feature=30 19 64 41 46 66 64 39 47 50 65 83
split_gain=31.4313 51.1705 62.3043 38.9001 35.3816 34.9291 19.7312 30.8135 5.8766 1.9956 0.548507 0.377298
threshold=1.5000000000000002 14.500000000000002 8.0500000000000025 1.0000000180025095e-35 15.500000000000002 1726.5000000000002 27.850000000000005 9.5000000000000018 13.350000000000003 -1.0000000180025095e-35 4.5000000000000009 -0.34999999999999992
decision_type=2 2 2 2 2 2 2 2 2 2 2 2
left_child=1 4 3 -3 5 -1 7 11 -4 -8 -6 -2
right_child=6 2 8 -5 10 -7 9 -9 -10 -11 -12 -13
leaf_value=0.0019520780664153497 -0.022058905908091338 0.0054738457638554682 -0.024442691244699763 -0.012229712563533569 -0.016394090148626906 -0.015900184773673876 0.0093640438970092853 0.0076203820651744372 -0.014158579916153926 0.0056204158906708775 -0.011213996579050461 -0.01399215530591803
leaf_weight=769.03025710582733 3.0499863773584339 33.130091086030006 6.1225074958056238 14.019229151308535 3.8503503352403632 8.7087010312825424 53.666791073977947 8.6087389886379224 22.830894991755486 15.993431461974977 9.3509398866444808 2.5969465523958224
leaf_count=1461 14 34 33 49 17 69 6 8 197 29 105 14
internal_value=0 0.000824455 -0.00618281 0.000181292 0.00150004 0.00174829 0.00656112 -0.0030081 -0.0164803 0.00852261 -0.0129393 -0.0189334
internal_weight=0 867.043 76.1027 47.1493 790.94 777.739 83.9159 14.2557 28.9534 69.6602 13.2013 5.64693
internal_count=2036 1965 313 83 1652 1530 71 36 230 35 122 28
is_linear=0
shrinkage=0.00895904


Tree=311
num_leaves=16
num_cat=0
split_feature=49 65 40 61 64 80 49 64 83 15 89 64 64 64 40
split_gain=31.2608 63.2462 47.385 44.1041 39.8598 73.6144 73.1389 101.637 86.538 48.3132 39.11 1.07723 0.921522 0.0931537 0.0820321
threshold=0.39444444444444454 9.5000000000000018 37.050000000000004 0.43705985915492956 27.850000000000005 36.150000000000013 0.18465909090909091 9.8500000000000032 -1.1999999999999995 10.500000000000002 479.50000000000006 43.250000000000007 51.150000000000013 107.65000000000002 39.250000000000007
decision_type=2 2 2 2 2 2 2 2 2 2 2 2 2 2 2
left_child=4 2 3 -2 6 9 7 -1 -8 -6 -4 -7 14 -14 -3
right_child=1 12 10 -5 5 11 8 -9 -10 -11 -12 -13 13 -15 -16
leaf_value=-0.00029944525300054263 0.0034253395086126788 -0.014732141577520895 -0.013223499645881934 -0.015129938202398725 0.0070581638846924028 -0.016699771645329139 -0.022474443489944443 -0.018259126941588936 0.0053315606415145775 -0.016011507726380721 -0.00012330641558679697 -0.011097548879701529 -0.011509416541478914 -0.0093211226350268083 -0.009131754338368844
leaf_weight=114.66607768088579 215.43497263640165 10.467963103204964 31.571334931999445 10.608701735734938 239.67293217405677 6.4333029985427848 9.2348765097558481 32.260626628994942 192.83655649423599 7.3379900995641938 43.145905576646328 9.2017073333263379 14.686682736501099 10.39380165748298 1.4744397401809681
leaf_count=198 284 59 184 40 172 36 46 135 193 48 119 120 150 236 16
internal_value=0 -0.000865257 0.000497631 0.00254234 0.00252978 0.00516481 0.000544926 -0.00426162 0.00404062 0.00636087 -0.00567866 -0.0135782 -0.011883 -0.0106809 -0.0141975
internal_weight=0 337.784 300.761 226.044 611.644 262.646 348.998 146.927 202.071 247.011 74.7172 15.635 37.0229 25.0805 11.9424
internal_count=2036 1088 627 324 948 376 572 333 239 220 303 156 461 386 75
is_linear=0
shrinkage=0.00895904


Tree=312
num_leaves=12
num_cat=0
split_feature=83 30 19 64 71 64 86 65 50 47 67
split_gain=30.9794 31.6823 50.3804 61.127 33.5712 17.9718 29.5617 1.33963 1.32452 0.36221 0.138173
threshold=2.7500000000000004 1.5000000000000002 14.500000000000002 8.0500000000000025 65.000000000000014 27.850000000000005 -330.49999999999994 8.5000000000000018 -1.0000000180025095e-35 36.050000000000004 1415.5000000000002
decision_type=2 2 2 2 2 2 2 2 2 2 2
left_child=1 2 4 -4 -1 6 -3 9 -7 10 -2
right_child=7 5 3 -5 -6 8 -8 -9 -10 -11 -12
leaf_value=0.00073290576067688558 -0.023356890390427449 0.0080616398770849418 0.00023492644698227733 -0.016448228013802826 0.0054543796580160189 0.0093478075920376252 -0.018464761467430185 -0.0095069487899342841 0.0061838898654806903 -0.012191553720897466 -0.014178974086095534
leaf_weight=631.58593207225204 2.0030365884304033 8.2612340897321683 46.799599692225456 28.081023696810007 149.32078258879483 52.991762585937977 5.4230774641036978 3.3435509689152241 15.448659170418976 2.0530473999679089 1.6925351321697233
leaf_count=1367 10 7 82 222 210 6 26 61 26 12 7
internal_value=0 0.00147418 0.000963293 -0.00604714 0.00163686 0.00678307 -0.00255892 -0.0149734 0.0086532 -0.0177402 -0.0200646
internal_weight=0 937.912 855.787 74.8806 780.907 82.1247 13.6843 9.09217 68.4404 5.74862 3.69557
internal_count=2036 1946 1881 304 1577 65 33 90 32 29 17
is_linear=0
shrinkage=0.00895904


Tree=313
num_leaves=15
num_cat=0
split_feature=59 38 67 68 60 66 56 63 57 90 65 38 59 3
split_gain=30.8322 30.348 67.5156 61.8242 44.7841 42.577 35.6887 32.0676 26.87 27.142 28.492 21.1756 10.047 0.984108
threshold=350.00000000000006 35.000000000000007 1462.5000000000002 1492.5000000000002 0.025978407557354904 1433.0000000000002 0.46410256410256417 3.5000000000000004 -2.7499999999999996 -0.080128205128205079 3.5000000000000004 9.5000000000000018 990.00000000000011 2.5000000000000004
decision_type=2 2 2 2 2 2 2 2 2 2 2 2 2 2
left_child=1 3 6 5 -5 -1 -3 -4 11 10 -10 13 -11 -2
right_child=8 2 7 4 -6 -7 -8 -9 9 12 -12 -13 -14 -15
leaf_value=0.0029339759878219025 0.010397766449693813 0.0059701135008347573 0.002786030844271945 -0.0016478176411349906 -0.026858209324270271 -0.0027285115167313928 -0.00273218668155263 -0.020877369253289691 0.0082220667499292577 -0.012638299411021328 -0.01099367117914022 -0.013719879981548425 0.0061552602451782831 0.0061300084882597167
leaf_weight=328.8737585041672 8.9143920056521928 285.70204541832209 7.1825051717460182 11.557593610137703 10.938132528215645 157.46188243851066 43.476074861362576 12.369910152629016 15.093063130974771 36.297299457713962 10.221444284543393 4.1486748773604623 2.3235974814742795 11.102360293269157
leaf_count=498 5 222 17 36 58 455 145 73 15 346 123 27 6 10
internal_value=0 0.00182193 0.00385697 0.000426235 -0.0140301 0.00110022 0.00481977 -0.0122409 -0.0037384 -0.00677499 0.000438037 0.00428485 -0.0114823 0.00811223
internal_weight=0 857.562 348.731 508.831 22.4957 486.336 329.178 19.5524 88.1008 63.9354 25.3145 24.1654 38.6209 20.0168
internal_count=2036 1504 457 1047 94 953 367 90 532 490 138 42 352 15
is_linear=0
shrinkage=0.00895904


Tree=314
num_leaves=13
num_cat=0
split_feature=92 78 49 61 64 88 13 84 7 91 59 41
split_gain=30.7365 35.3676 30.0466 31.7995 33.6605 28.7211 28.129 21.9925 17.7267 11.6008 0.664071 0.218483
threshold=0.13809523809523808 75.000000000000014 0.81534090909090928 0.17349498327759191 15.850000000000003 17.500000000000004 4.5000000000000009 0.63333333333333341 48.500000000000007 -0.080128205128205079 250.00000000000003 2.1500000000000008
decision_type=2 2 2 2 2 2 2 2 2 2 2 2
left_child=2 10 5 4 -4 6 -1 -7 -5 -3 11 -2
right_child=1 9 3 8 -6 7 -8 -9 -10 -11 -12 -13
leaf_value=0.0024665228151396546 -0.015594545931199452 0.0088106709341455505 0.0070946035613242151 -0.014843275178665089 -0.01190330165329789 -0.016687947396834893 -0.014838810466950838 0.0044111700799590202 0.0016530708257700818 -0.011930801033478084 -0.0098323126537102883 -0.01168174608129886
leaf_weight=818.37931381165981 12.306803911924368 10.72723453119397 25.048057425767183 22.749961700290445 10.452409908175467 11.152871197089555 7.4207832794636479 5.9906377643346778 6.7223948370665303 2.5226440317928782 4.9493077732622615 5.2869020029902449
leaf_count=1383 63 8 25 126 139 64 37 8 27 28 82 46
internal_value=0 -0.00682719 0.00161575 -0.00424632 0.00146659 0.00206847 0.00230758 -0.00934652 -0.0110935 0.00474638 -0.0136133 -0.0145584
internal_weight=0 35.7929 907.916 64.9728 35.5005 842.944 825.8 17.1435 29.4724 13.2499 22.543 17.5937
internal_count=2036 227 1809 317 164 1492 1420 72 153 36 191 109
is_linear=0
shrinkage=0.00895904


Tree=315
num_leaves=15
num_cat=0
split_feature=30 19 64 41 86 64 64 62 25 64 46 47 15 89
split_gain=30.5274 48.9781 60.258 38.137 34.2088 59.7422 43.7359 32.2764 8.94622 8.56403 24.3716 5.28974 0.861752 0.0721617
threshold=1.5000000000000002 14.500000000000002 8.0500000000000025 1.0000000180025095e-35 21.500000000000004 65.950000000000017 14.800000000000002 5.5000000000000009 2.5000000000000004 27.850000000000005 12.500000000000002 13.350000000000003 1.0000000180025095e-35 442.50000000000006
decision_type=2 2 2 2 2 2 2 2 2 2 2 2 2 2
left_child=1 4 3 -3 5 -1 -6 9 12 10 -2 -4 -9 -11
right_child=7 2 11 -5 6 -7 -8 8 -10 13 -12 -13 -14 -15
leaf_value=0.00092337391934082884 -0.018552389541245964 0.0054239776765932085 -0.023834662627845348 -0.012120351909633306 -0.0013161367651407013 -0.012133626173577878 0.0069069167640598405 -0.026037022644638093 0.008985671292192101 0.0096512710657714815 0.010561268659710625 -0.014045343431692746 -0.014399978242286372 0.0083885357762087925
leaf_weight=516.55281080491841 3.3786063194274885 32.945222243666649 6.1722006071358946 14.01768811047077 76.223791524767876 29.554224392399192 162.21006376296282 0.98603193461894889 1.1413151025772093 45.606419343501329 6.336283802986145 22.40871512144804 4.2597294691950083 20.413348942995071
leaf_count=994 16 34 33 49 136 412 110 5 1 6 2 197 28 13
internal_value=0 0.000785433 -0.00609508 0.000158859 0.00144931 0.00021271 0.00427909 0.00649689 -0.0125834 0.00813398 0.000271149 -0.0163047 -0.0174313 0.00928655
internal_weight=0 860.085 75.5438 46.9629 784.541 546.107 238.434 82.1217 6.38708 75.7347 9.71489 28.5809 5.24576 66.0198
internal_count=2036 1965 313 83 1652 1406 246 71 34 37 18 230 33 19
is_linear=0
shrinkage=0.00895904


Tree=316
num_leaves=13
num_cat=0
split_feature=61 56 68 67 64 84 72 64 73 34 64 15
split_gain=30.339 33.5966 30.4385 48.0187 39.3916 27.3658 24.4385 20.5314 16.7079 12.1384 1.63262 1.38595
threshold=0.033908045977011456 0.90454545454545465 1322.0000000000002 1504.0000000000002 37.300000000000004 0.77500000000000013 8.5000000000000018 7.2500000000000009 33.750000000000007 1.5000000000000002 11.950000000000001 1.0000000180025095e-35
decision_type=2 2 2 2 2 2 2 2 2 2 2 2
left_child=5 2 3 -2 -4 6 10 -8 -3 -10 -1 -7
right_child=1 8 4 -5 -6 11 7 -9 9 -11 -12 -13
leaf_value=-0.016170962877169334 0.0011414559951118247 0.0056975339505563266 0.0013243972757045262 -0.010170494359114846 0.0066979791757522467 0.01025568541981804 0.0056711835285115191 -0.01035012031499764 -0.015290051042575619 0.0092510128524180661 -0.011197634538643303 0.0042679078379150182
leaf_weight=11.197703979909422 370.42842452786863 4.7894827015697983 256.9715837687254 32.59318788535893 190.77651402167976 5.2445821762084952 14.819791451096537 11.029067020863293 16.254854729399089 1.6665095090866078 16.02273190766573 8.5015690028667432
leaf_count=53 751 13 391 143 196 1 18 168 128 1 162 11
internal_value=0 0.00172083 0.00200869 0.000222186 0.00361591 -0.00453481 -0.00744937 -0.00118972 -0.00898836 -0.0129331 -0.013343 0.0066635
internal_weight=0 873.481 850.77 403.022 447.748 66.8154 53.0693 25.8489 22.7108 17.9214 27.2204 13.7462
internal_count=2036 1623 1481 894 587 413 401 186 142 129 215 12
is_linear=0
shrinkage=0.00895904


Tree=317
num_leaves=11
num_cat=0
split_feature=83 30 19 64 74 64 39 50 65 89
split_gain=30.2133 30.7461 48.4456 59.5138 32.8599 17.6023 28.7601 1.35534 1.26172 0.319812
threshold=2.7500000000000004 1.5000000000000002 14.500000000000002 8.0500000000000025 2.6500000000000008 27.850000000000005 9.5000000000000018 -1.0000000180025095e-35 8.5000000000000018 489.50000000000006
decision_type=2 2 2 2 2 2 2 2 2 2
left_child=1 2 4 -4 -1 6 -3 -7 9 -2
right_child=8 5 3 -5 -6 7 -8 -9 -10 -11
leaf_value=0.00180842766246131 -0.014800422299472904 -0.01894527581585503 0.00021993837046840959 -0.016313647244036243 -0.013774872666034813 0.0093175228314460873 0.0075627396445441123 0.006087291735166641 -0.0094791082959450618 -0.023171469032217555
leaf_weight=764.14501053653657 4.2841661199927312 5.1136261373758307 46.638697445392609 27.746323216706514 10.827844370156525 51.608501061797142 8.4477259665727598 15.117099091410635 3.2636960167437792 1.4408330600708721
leaf_count=1466 21 25 82 222 111 6 8 26 61 8
internal_value=0 0.00142571 0.000923982 -0.00597301 0.00158732 0.0067184 -0.00255577 0.00860553 -0.0149082 -0.0175926
internal_weight=0 929.645 849.358 74.385 774.973 80.287 13.5614 66.7256 8.9887 5.725
internal_count=2036 1946 1881 304 1577 65 33 32 90 29
is_linear=0
shrinkage=0.00895904


Tree=318
num_leaves=13
num_cat=0
split_feature=92 78 49 65 47 66 63 91 54 64 59 41
split_gain=29.9705 34.8835 29.2894 55.2041 44.0216 37.9581 37.4426 11.4108 1.38238 0.833919 0.63131 0.200678
threshold=0.13809523809523808 75.000000000000014 0.39444444444444454 9.5000000000000018 37.95000000000001 1713.5000000000002 15.500000000000002 -0.080128205128205079 34.95000000000001 51.150000000000013 250.00000000000003 2.1500000000000008
decision_type=2 2 2 2 2 2 2 2 2 2 2 2
left_child=2 10 5 4 -4 6 -1 -3 -7 -5 11 -2
right_child=1 7 3 9 -6 8 -8 -9 -10 -11 -12 -13
leaf_value=0.003189910894055608 -0.01551432174402911 0.0087858908934921719 0.0014954100081250585 -0.014349410710690845 -0.013615615557441854 -0.022737990596704991 -0.023529207552204359 -0.011902389508913959 -0.013166719430635548 -0.010668892283329097 -0.0098158802159728914 -0.011643122206234367
leaf_weight=581.32926054298878 12.244383785873657 10.640527948737143 261.88400418497622 10.390140306204559 16.253669353201985 2.7310729175806037 4.0511128511279813 2.4899307396262875 4.6475312057882547 20.478581260889769 4.8717395048588505 5.2242141962051383
leaf_count=788 63 8 462 64 106 13 26 28 31 319 82 46
internal_value=0 -0.00679933 0.00157494 -0.00066103 0.000603522 0.00274044 0.00299733 0.00474645 -0.0171978 -0.0119892 -0.0135689 -0.0144966
internal_weight=0 35.4708 901.765 309.006 278.138 592.759 585.38 13.1305 7.3786 30.8687 22.3403 17.4686
internal_count=2036 227 1809 951 568 858 814 36 44 383 191 109
is_linear=0
shrinkage=0.00895904


Tree=319
num_leaves=15
num_cat=0
split_feature=40 56 93 1 64 56 86 88 24 62 68 53 68 64
split_gain=29.7177 51.0263 43.0826 41.5788 38.645 79.7501 59.2206 48.7692 46.2722 30.6977 17.4698 16.5063 9.60011 0.0720754
threshold=36.650000000000013 0.51470588235294124 -0.10555555555555554 6.5000000000000009 44.000000000000007 0.12132352941176471 66.500000000000014 6.5000000000000009 1.0000000180025095e-35 1.5000000000000002 1582.5000000000002 2.5000000000000004 1322.0000000000002 109.20000000000002
decision_type=2 2 2 2 2 2 2 2 2 2 2 2 2 2
left_child=4 2 9 -4 6 12 7 -1 -8 -2 11 -3 -6 -7
right_child=1 10 3 -5 5 13 8 -9 -10 -11 -12 -13 -14 -15
leaf_value=-0.0064826280603638604 0.0055053457557760069 0.0047833701876331177 0.0030034380036103856 -0.019238638191772593 0.0024140391306251082 -0.012297871649524728 -0.024615044167516704 0.0026655041122264642 8.8665863467587367e-05 -0.017773603285070071 0.005759217988648784 -0.012354621703498006 0.0085076618447195058 -0.0092806133761790862
leaf_weight=52.615815617144108 6.2806237488985088 4.9122741967439643 176.76043536700308 6.8236058373004189 24.441871136426926 14.439957972615959 12.433148972690105 409.5945650935173 11.744021996855736 15.58063994348049 5.6964289993047705 44.709357747808099 145.00794040411711 4.4687904436141244
leaf_count=122 10 11 365 48 44 105 61 561 22 106 12 451 33 85
internal_value=0 -0.00132038 0.000738123 0.00215742 0.00223995 0.00568319 0.000904759 0.00162182 -0.012708 -0.011095 -0.008942 -0.0106458 0.00763255 -0.0116861
internal_weight=0 260.763 205.445 183.584 674.746 188.359 486.388 462.21 24.1772 21.8613 55.3181 49.6216 169.45 18.9087
internal_count=2036 1003 529 413 1033 267 766 683 83 116 474 462 77 190
is_linear=0
shrinkage=0.00895904


Tree=320
num_leaves=12
num_cat=0
split_feature=83 30 19 64 71 64 39 50 65 47 67
split_gain=29.6176 30.1782 47.3044 58.6825 32.6717 17.4193 28.2656 1.35745 1.20043 0.286574 0.129083
threshold=2.7500000000000004 1.5000000000000002 14.500000000000002 8.0500000000000025 65.000000000000014 27.850000000000005 9.5000000000000018 -1.0000000180025095e-35 8.5000000000000018 36.050000000000004 1415.5000000000002
decision_type=2 2 2 2 2 2 2 2 2 2 2
left_child=1 2 4 -4 -1 6 -3 -7 9 10 -2
right_child=8 5 3 -5 -6 7 -8 -9 -10 -11 -12
leaf_value=0.00066429776653434761 -0.022850336728981544 -0.018801809557708368 0.00021117576147201042 -0.016253095922107622 0.0053625131381125346 0.0092984299966841506 0.0075211762002283401 0.0060448290221712794 -0.0094527982427310316 -0.012094580465082326 -0.01386544356061805
leaf_weight=624.63935237377882 2.0133287012577044 5.106639325618743 46.592857725918293 27.511149112135172 146.54129577800632 50.768531434237957 8.3910224437713605 14.919728003442286 3.1958580426871777 2.0109982434660196 1.6783884316682813
leaf_count=1367 10 25 82 222 210 6 8 26 61 12 7
internal_value=0 0.001397 0.000900768 -0.00592704 0.0015582 0.00667886 -0.00255985 0.00857949 -0.0148547 -0.0174729 -0.0196562
internal_weight=0 924.471 845.285 74.104 771.181 79.1859 13.4977 65.6883 8.89857 5.70272 3.69172
internal_count=2036 1946 1881 304 1577 65 33 32 90 29 17
is_linear=0
shrinkage=0.00895904


Tree=321
num_leaves=8
num_cat=0
split_feature=88 64 64 64 84 64 52
split_gain=29.5332 29.6667 36.5108 41.8617 21.6727 0.703643 0.438597
threshold=17.500000000000004 107.65000000000002 105.00000000000001 80.450000000000017 0.63333333333333341 37.300000000000004 25.000000000000004
decision_type=2 2 2 2 2 2 2
left_child=1 2 3 -1 5 6 -2
right_child=4 -3 -4 -5 -6 -7 -8
leaf_value=0.0014956045381318633 -0.015058867340134967 -0.009812730334155851 0.0091903396756399334 -0.015270700868906114 0.0043772340289054282 -0.01047279772325236 -0.021411183342633776
leaf_weight=833.71167087927461 7.4509620815515536 18.168554631993175 49.074866872280836 11.935906100086866 5.9599833711981764 2.7299504186958066 3.0564685314893723
leaf_count=1480 36 347 11 110 8 30 14
internal_value=0 0.00146163 0.00169264 0.00125553 -0.0097128 -0.0160303 -0.0172588
internal_weight=0 912.891 894.722 845.648 19.1974 13.2374 10.5074
internal_count=2036 1948 1601 1590 88 80 50
is_linear=0
shrinkage=0.00895904


Tree=322
num_leaves=13
num_cat=0
split_feature=92 78 49 61 64 88 13 84 7 91 59 64
split_gain=29.4445 34.2415 28.8258 31.3023 32.7148 27.4425 27.2438 21.2926 17.5176 11.1797 0.600659 0.185108
threshold=0.13809523809523808 75.000000000000014 0.81534090909090928 0.17349498327759191 15.850000000000003 17.500000000000004 4.5000000000000009 0.63333333333333341 48.500000000000007 -0.080128205128205079 250.00000000000003 67.200000000000017
decision_type=2 2 2 2 2 2 2 2 2 2 2 2
left_child=2 10 5 4 -4 6 -1 -7 -5 -3 11 -2
right_child=1 9 3 8 -6 7 -8 -9 -10 -11 -12 -13
leaf_value=0.0023768218670470829 -0.014894411218742539 0.0087363370721890553 0.0070230336566812742 -0.014800236374366329 -0.011907962956890186 -0.01650117463205979 -0.014684604447993145 0.0043490870767140767 0.0017091325807069074 -0.011875619588994751 -0.0098061439626065932 -0.0092177627921787592
leaf_weight=807.19790988974273 15.632972281426197 10.511406339704989 24.78339009732008 22.543284187093381 10.179296731948851 11.029014596715571 7.3941162079572669 5.9461165741085997 6.6219599135220042 2.4545003846287718 4.8085732609033576 1.7205139640718687
leaf_count=1383 82 8 25 126 139 64 37 8 27 28 82 27
internal_value=0 -0.006804 0.00153615 -0.00424302 0.00147587 0.00198273 0.00221851 -0.00922935 -0.0110644 0.00471671 -0.0135278 -0.0144396
internal_weight=0 35.128 895.695 64.1279 34.9627 831.567 814.592 16.9751 29.1652 12.9659 22.1621 17.3535
internal_count=2036 227 1809 317 164 1492 1420 72 153 36 191 109
is_linear=0
shrinkage=0.00895904


Tree=323
num_leaves=13
num_cat=0
split_feature=61 56 68 42 64 84 72 64 73 34 64 63
split_gain=29.342 32.4302 29.2141 46.8265 38.6064 26.8156 24.0542 20.0309 16.3953 11.9155 1.56964 1.40237
threshold=0.033908045977011456 0.90454545454545465 1322.0000000000002 0.71825396825396837 37.300000000000004 0.77500000000000013 8.5000000000000018 7.2500000000000009 33.750000000000007 1.5000000000000002 11.950000000000001 1.5000000000000002
decision_type=2 2 2 2 2 2 2 2 2 2 2 2
left_child=5 2 3 -2 -4 6 10 -8 -3 -10 -1 -7
right_child=1 8 4 -5 -6 11 7 -9 9 -11 -12 -13
leaf_value=-0.016105046453387048 0.0013396458442450291 0.0056969257053929318 0.0012589474154643524 -0.0079251802303552232 0.0066246868989539524 0.010149002297977355 0.005605980399862787 -0.010346739054434752 -0.015221975433778328 0.0092216856822965459 -0.011186237983441066 0.0041305832963671185
leaf_weight=11.134127050638201 349.85787495598197 4.7312991451472071 255.12380263954401 49.855139102786779 186.13237177394331 5.3366787433624259 14.669325426220896 10.800583130680023 16.046352336183194 1.647960066795348 15.774198176339267 8.26343986392021
leaf_count=53 668 13 391 226 196 2 18 168 128 1 162 10
internal_value=0 0.00165121 0.00193554 0.000180773 0.00352429 -0.00453934 -0.00744611 -0.0011847 -0.00893665 -0.0128698 -0.0133218 0.0066019
internal_weight=0 863.395 840.969 399.713 441.256 65.9784 52.3782 25.4699 22.4256 17.6943 26.9083 13.6001
internal_count=2036 1623 1481 894 587 413 401 186 142 129 215 12
is_linear=0
shrinkage=0.00895904


Tree=324
num_leaves=15
num_cat=0
split_feature=73 55 74 15 89 86 0 92 58 33 52 64 64 56
split_gain=29.1833 69.9439 55.553 36.9507 43.6041 34.4166 34.2797 31.164 28.903 27.5546 27.4389 16.4406 2.10519 0.859964
threshold=36.95000000000001 0.75000000000000011 1.5500000000000003 16.500000000000004 459.50000000000006 -24.499999999999996 1.0000000180025095e-35 0.13809523809523808 -10.499999999999998 1.0000000180025095e-35 115.00000000000001 2.9500000000000006 42.800000000000004 0.18465909090909091
decision_type=2 2 2 2 2 2 2 2 2 2 2 2 2 2
left_child=3 2 13 7 9 -6 -4 8 -1 -5 -9 -3 -13 -2
right_child=1 11 6 4 5 -7 -8 10 -10 -11 -12 12 -14 -15
leaf_value=-0.012843057663400638 -0.020057205236563215 0.0032356289223430543 -0.017759116399742706 -0.017204569685021369 -0.011140946942126447 0.0041796748099726189 0.0080586255619505848 -0.014400219011812774 0.0030199127013476623 0.0062720748668372616 0.0075513740931478111 -0.01470988048474966 -0.0098710003696237027 -0.013213193572430296
leaf_weight=9.1581951826810819 4.2774794958531839 5.3499476164579383 4.2875204961746922 22.331144457682971 15.33098262734711 48.480354860424995 54.185566019266844 15.472014518454673 690.49338490702212 4.7770097255706778 6.3113073632121077 29.25584864243865 12.137528029270468 5.8611737042665482
leaf_count=46 22 9 29 126 81 68 42 108 1037 6 12 181 232 37
internal_value=0 -0.00301116 0.00274676 0.00180103 -0.00357597 0.000476163 0.00611339 0.00247948 0.00280878 -0.0130517 -0.00802879 -0.01144 -0.0133435 -0.016421
internal_weight=0 115.355 68.6117 812.354 90.9195 63.8113 58.4731 721.435 699.652 27.1082 21.7833 46.7433 41.3934 10.1387
internal_count=2036 552 130 1484 281 149 71 1203 1083 132 120 422 413 59
is_linear=0
shrinkage=0.00895904


Tree=325
num_leaves=11
num_cat=0
split_feature=83 30 19 64 71 64 39 50 65 84
split_gain=28.9502 29.6096 46.2671 57.7016 32.0133 17.1575 27.7723 1.352 1.1465 0.275279
threshold=2.7500000000000004 1.5000000000000002 14.500000000000002 8.0500000000000025 65.000000000000014 27.850000000000005 9.5000000000000018 -1.0000000180025095e-35 8.5000000000000018 0.36666666666666675
decision_type=2 2 2 2 2 2 2 2 2 2
left_child=1 2 4 -4 -1 6 -3 -7 9 -2
right_child=8 5 3 -5 -6 7 -8 -9 -10 -11
leaf_value=0.00062609395747312865 -0.014505918419691254 -0.018665553651118397 0.00017256710573930096 -0.016219661739138514 0.0053003483490271473 0.0092741406433364329 0.0074864617932934212 0.0060010301848270036 -0.0094239658998206115 -0.022452995972937595
leaf_weight=620.57584192790091 4.106418348848818 5.0900357104837886 46.401861861348152 27.224064844660461 144.93810176476836 49.686182923614979 8.332190126180647 14.696658657863734 3.1326942723244429 1.5644393339753149
leaf_count=1367 21 25 82 222 210 6 8 26 61 8
internal_value=0 0.00135037 0.000859359 -0.00591471 0.00151222 0.00663065 -0.00255248 0.00854733 -0.0148016 -0.0173638
internal_weight=0 916.945 839.14 73.6259 765.514 77.8051 13.4222 64.3828 8.80355 5.67086
internal_count=2036 1946 1881 304 1577 65 33 32 90 29
is_linear=0
shrinkage=0.00895904


Tree=326
num_leaves=15
num_cat=0
split_feature=73 55 74 15 89 86 0 89 38 67 33 64 64 56
split_gain=28.8438 68.7782 54.6502 36.1575 42.7857 33.8206 33.7948 30.9825 78.9933 32.0573 27.0643 16.2646 2.03483 0.807727
threshold=36.95000000000001 0.75000000000000011 1.5500000000000003 16.500000000000004 459.50000000000006 -24.499999999999996 1.0000000180025095e-35 476.50000000000006 45.000000000000007 1434.0000000000002 1.0000000180025095e-35 2.9500000000000006 42.800000000000004 0.18465909090909091
decision_type=2 2 2 2 2 2 2 2 2 2 2 2 2 2
left_child=3 2 13 7 10 -6 -4 9 -9 -1 -5 -3 -13 -2
right_child=1 11 6 4 5 -7 -8 8 -10 -11 -12 12 -14 -15
leaf_value=0.0041806725652558697 -0.019884037650482363 0.0032042669978422831 -0.017663274768262384 -0.017062627776155782 -0.011054580787446935 0.0041503569393254126 0.0080101353566001676 0.00088459533763927457 -0.021903576663678561 -0.0017334273762299585 0.0062416004676506803 -0.014649547639198594 -0.0098633702083201699 -0.01316764735315182
leaf_weight=504.71987551823258 4.2740428149700147 5.3429123461246482 4.2755121793597928 22.278180768713359 15.29690079949796 48.351001307368279 53.790510280057788 114.97839425317943 13.466684576123951 85.997078265994787 4.7602309770882121 29.098416790366173 12.037384048104284 5.8280663639307022
leaf_count=650 22 9 29 126 81 68 42 253 77 223 6 181 232 37
internal_value=0 -0.00301786 0.00271184 0.00178007 -0.00354555 0.000473522 0.00606754 0.00245243 -0.00153349 0.00331937 -0.012944 -0.0113985 -0.0133017 -0.0163284
internal_weight=0 114.647 68.1681 809.848 90.6863 63.6479 58.066 719.162 128.445 590.717 27.0384 46.4787 41.1358 10.1021
internal_count=2036 552 130 1484 281 149 71 1203 330 873 132 422 413 59
is_linear=0
shrinkage=0.00895904


Tree=327
num_leaves=13
num_cat=0
split_feature=61 56 13 67 84 72 64 78 34 64 64 63
split_gain=28.5962 31.6158 28.7701 29.0294 26.315 23.7773 19.6824 16.1182 11.634 8.81351 1.49955 1.40137
threshold=0.033908045977011456 0.90454545454545465 4.5000000000000009 1504.0000000000002 0.77500000000000013 8.5000000000000018 7.2500000000000009 3.5000000000000004 1.5000000000000002 1.6500000000000001 11.950000000000001 1.5000000000000002
decision_type=2 2 2 2 2 2 2 2 2 2 2 2
left_child=4 2 3 -2 5 10 -7 -3 -9 -4 -1 -6
right_child=1 7 9 -5 11 6 -8 8 -10 -11 -12 -13
leaf_value=-0.016019699020535006 0.0026765845473301713 0.0061796023162199315 0.0094149894000663224 -0.002513412992622698 0.010122438410950139 0.0055657072033882147 -0.010333000915093093 -0.01496090429871727 0.0092125519687042811 -0.017983993176864412 -0.011172328627767271 0.0040814983377257521
leaf_weight=11.071984596550466 728.717613754794 4.4435676094144609 0.95758396387100031 97.992915559560061 5.2808232307434073 14.594394192099573 10.637183818034826 16.183820693753663 1.6421852111816395 7.223611980676651 15.603103103116153 8.2011508494615537
leaf_count=53 1177 12 1 265 2 18 168 129 1 38 162 10
internal_value=0 0.0016122 0.00189401 0.00206093 -0.00452621 -0.00741908 -0.0011634 -0.00887805 -0.0126585 -0.0146325 -0.013285 0.00655791
internal_weight=0 857.161 834.892 826.711 65.3886 51.9067 25.2316 22.2696 17.826 8.1812 26.6751 13.482
internal_count=2036 1623 1481 1442 413 401 186 142 130 39 215 12
is_linear=0
shrinkage=0.00895904


Tree=328
num_leaves=15
num_cat=0
split_feature=59 38 67 68 60 73 56 63 57 90 65 38 59 3
split_gain=28.4816 28.3022 64.1263 59.7733 42.936 40.7906 33.3422 30.939 25.71 26.5282 27.2485 20.3991 9.7726 0.97659
threshold=350.00000000000006 35.000000000000007 1462.5000000000002 1492.5000000000002 0.025978407557354904 36.95000000000001 0.46410256410256417 3.5000000000000004 -2.7499999999999996 -0.080128205128205079 3.5000000000000004 9.5000000000000018 990.00000000000011 2.5000000000000004
decision_type=2 2 2 2 2 2 2 2 2 2 2 2 2 2
left_child=1 3 6 5 -5 -1 -3 -4 11 10 -10 13 -11 -2
right_child=8 2 7 4 -6 -7 -8 -9 9 12 -12 -13 -14 -15
leaf_value=0.0018073401360851249 0.010329183184543211 0.0057860771060191463 0.0028051516999348007 -0.0016773901912571969 -0.026467863088374906 -0.0074154015103270812 -0.0027187533150786706 -0.020689794090340385 0.0081136152346854978 -0.012629396437146587 -0.010964096109716253 -0.013639460488242272 0.0060511684310260066 0.0060257788933703324
leaf_weight=434.45554606802762 8.657573532313112 274.74444539658725 7.0080488361418274 11.366572855040433 10.933591168373821 42.04180022329092 42.63284166995436 12.16064417362213 14.810844391584398 35.32718501240015 9.8330677822232229 4.0607821587473145 2.2885282505303612 10.838048756122589
leaf_count=740 5 222 17 36 58 213 145 73 15 346 123 27 6 10
internal_value=0 0.00167255 0.00367937 0.00031758 -0.0139548 0.000990912 0.00464262 -0.0121562 -0.00374211 -0.00675309 0.000474777 0.00420528 -0.0114674 0.00801981
internal_weight=0 835.343 336.546 498.798 22.3002 476.497 317.377 19.1687 85.816 62.2596 24.6439 23.5564 37.6157 19.4956
internal_count=2036 1504 457 1047 94 953 367 90 532 490 138 42 352 15
is_linear=0
shrinkage=0.00895904


Tree=329
num_leaves=11
num_cat=0
split_feature=83 30 19 64 58 64 39 50 65 67
split_gain=28.424 29.1252 45.3578 56.6191 31.5401 16.9065 27.3872 1.36005 1.10331 0.260506
threshold=2.7500000000000004 1.5000000000000002 14.500000000000002 8.0500000000000025 -10.499999999999998 27.850000000000005 9.5000000000000018 -1.0000000180025095e-35 8.5000000000000018 1122.5000000000002
decision_type=2 2 2 2 2 2 2 2 2 2
left_child=1 2 4 -4 -1 6 -3 -7 9 -2
right_child=8 5 3 -5 -6 7 -8 -9 -10 -11
leaf_value=-0.012315339214024723 -0.021390559696874499 -0.018552210498785308 0.00013062852228390025 -0.016169685415806746 0.0017176106356234172 0.0092541502541871115 0.0074757675144462759 0.0059500407714208016 -0.0094027764706311034 -0.013986940243117871
leaf_weight=12.890663646161554 2.0389131009578687 5.0747391842305651 46.224659092724323 26.952910738997161 747.77929197438061 48.839728824794292 8.2731144428253156 14.496012426912783 3.0787080228328705 3.6031272504478693
leaf_count=82 10 25 82 222 1495 6 8 26 61 19
internal_value=0 0.00131488 0.000828183 -0.00589937 0.00147673 0.00659166 -0.00254067 0.00851848 -0.0147636 -0.0172805
internal_weight=0 910.531 833.848 73.1776 760.67 76.6836 13.3479 63.3357 8.72075 5.64204
internal_count=2036 1946 1881 304 1577 65 33 32 90 29
is_linear=0
shrinkage=0.00895904


Tree=330
num_leaves=13
num_cat=0
split_feature=92 78 49 61 64 88 13 84 7 91 59 41
split_gain=28.2428 32.96 27.4776 30.5614 31.8045 26.6539 26.0026 20.6964 17.1466 10.7353 0.543951 0.167179
threshold=0.13809523809523808 75.000000000000014 0.81534090909090928 0.17349498327759191 15.850000000000003 17.500000000000004 4.5000000000000009 0.63333333333333341 48.500000000000007 -0.080128205128205079 250.00000000000003 2.1500000000000008
decision_type=2 2 2 2 2 2 2 2 2 2 2 2
left_child=2 10 5 4 -4 6 -1 -7 -5 -3 11 -2
right_child=1 9 3 8 -6 7 -8 -9 -10 -11 -12 -13
leaf_value=0.0022908321805905382 -0.015285748960363487 0.008654425420781868 0.0069681245382838949 -0.01468958467062651 -0.011888497587634663 -0.016415895271439336 -0.014428072744241327 0.0042538312833833242 0.0017508208485814503 -0.011763528703879823 -0.0097508430432281402 -0.011493231047335446
leaf_weight=796.1382371429354 12.078474730253225 10.256616890430449 24.471497401595116 22.340142957866195 9.9379120254889113 10.90958200953901 7.3486423026770344 5.8799804151058188 6.5265541542321435 2.3996615298092356 4.6407381240278474 5.0477065686136475
leaf_count=1383 63 8 25 126 139 64 37 8 27 28 82 46
internal_value=0 -0.00678877 0.00146112 -0.00421893 0.00148579 0.00190018 0.00213449 -0.0092094 -0.0109847 0.00466382 -0.0134314 -0.0143087
internal_weight=0 34.4232 883.553 63.2761 34.4094 820.276 803.487 16.7896 28.8667 12.6563 21.7669 17.1262
internal_count=2036 227 1809 317 164 1492 1420 72 153 36 191 109
is_linear=0
shrinkage=0.00895904


Tree=331
num_leaves=15
num_cat=0
split_feature=30 19 64 41 46 66 62 25 64 46 47 15 65 89
split_gain=28.1097 44.2844 55.9023 37.0916 32.3633 32.5128 30.5925 8.39379 8.23385 22.8369 4.54787 0.818397 0.458671 0.0847156
threshold=1.5000000000000002 14.500000000000002 8.0500000000000025 1.0000000180025095e-35 15.500000000000002 1726.5000000000002 5.5000000000000009 2.5000000000000004 27.850000000000005 12.500000000000002 13.350000000000003 1.0000000180025095e-35 3.5000000000000004 442.50000000000006
decision_type=2 2 2 2 2 2 2 2 2 2 2 2 2 2
left_child=1 4 3 -3 5 -1 8 11 9 -2 -4 -8 -6 -10
right_child=6 2 10 -5 12 -7 7 -9 13 -11 -12 -13 -14 -15
leaf_value=0.0017457163233730508 -0.018004494927789817 0.0053077509894461517 -0.022982417998060972 -0.012067318966494394 -0.016654618499617302 -0.015717936326161593 -0.025441720253831238 0.0088727481534374413 0.009585065778073271 0.010440478189823075 -0.013812582291418329 -0.014069361292460369 -0.011315759453127504 0.0082546974760077125
leaf_weight=744.62417994253337 3.3461053445935232 32.456719756126404 6.2112333141267326 13.937931180000303 2.9730859249830237 8.4659897964447719 0.99173077940940757 1.1009895801544187 42.313831644132733 6.1081253290176392 21.254677468910813 4.1732923965901136 9.6696100784465653 18.948578145354986
leaf_count=1461 16 34 33 49 13 69 5 1 6 2 197 28 109 13
internal_value=0 0.000665846 -0.00595006 5.93026e-05 0.00130536 0.00154542 0.00631617 -0.0123957 0.00800348 0.000213227 -0.0160318 -0.0170884 -0.0128027 0.00920094
internal_weight=0 839.593 73.8606 46.3947 765.733 753.09 76.9827 6.26601 70.7166 9.45423 27.4659 5.16502 12.6427 61.2624
internal_count=2036 1965 313 83 1652 1530 71 34 37 18 230 33 122 19
is_linear=0
shrinkage=0.00895904


Tree=332
num_leaves=14
num_cat=0
split_feature=61 56 68 92 64 40 40 64 73 34 64 86 64
split_gain=27.8966 30.7356 28.2993 45.9583 37.838 25.8771 42.5992 16.0032 15.8261 11.5834 1.99271 1.00028 0.666784
threshold=0.033908045977011456 0.90454545454545465 1322.0000000000002 -0.19374999999999998 37.300000000000004 34.750000000000007 34.150000000000013 3.0500000000000003 33.750000000000007 1.5000000000000002 7.2500000000000009 -730.49999999999989 10.550000000000002
decision_type=2 2 2 2 2 2 2 2 2 2 2 2 2
left_child=5 2 3 -2 -4 6 12 -7 -3 -10 -9 -8 -1
right_child=1 8 4 -5 -6 7 11 10 9 -11 -12 -13 -14
leaf_value=-0.018407044324398988 -0.0069892119877437335 0.0056418073002266218 0.0011779253741244966 0.0014233846068891227 0.0065432379299987103 0.0041679825763904716 0.010524608723640154 -0.016965421209978741 -0.015076315638486194 0.0091852564283973967 -0.010906197375881097 0.0063090347565081311 -0.01183015251721546
leaf_weight=3.4041709974408167 61.592186763882637 4.6652314979583052 252.28151250258088 333.14234193041921 181.29025682061911 5.5112124830484381 10.813403725624086 6.4369903430342701 15.76139395032078 1.6249350309371955 23.07353035826236 10.11351218819618 5.4087244309484959
leaf_count=15 184 13 391 710 196 9 4 30 128 1 302 12 41
internal_value=0 0.00156503 0.00184374 0.000107922 0.00342328 -0.00452664 0.00161631 -0.00972416 -0.00882893 -0.0127322 -0.0123295 0.00856402 -0.0147104
internal_weight=0 850.358 828.306 394.735 433.572 64.7615 29.7398 35.0217 22.0516 17.3863 29.5105 20.9269 8.8129
internal_count=2036 1623 1481 894 587 413 72 341 142 129 332 16 56
is_linear=0
shrinkage=0.00895904


Tree=333
num_leaves=7
num_cat=0
split_feature=64 64 64 71 50 63
split_gain=27.799 36.871 39.6424 30.2278 6.63246 0.00171327
threshold=107.65000000000002 105.00000000000001 80.450000000000017 65.000000000000014 -1.0000000180025095e-35 14.500000000000002
decision_type=2 2 2 2 2 2
left_child=1 2 3 -1 -4 -3
right_child=-2 5 4 -5 -6 -7
leaf_value=0.00035993737294310902 -0.0098019019630936951 0.0083884339273530492 -0.028540010440064704 0.0048160428031238595 -0.011508823699851725 0.0095620880252886339
leaf_weight=688.39797280728817 18.125309867784381 21.517990021035075 2.3092275056987992 148.37399981357157 9.5152079435065371 25.423181533813477
leaf_count=1356 360 11 14 196 98 1
internal_value=0 0.00134787 0.000919243 0.00115103 -0.0152385 0.00906081
internal_weight=0 895.538 848.596 836.772 11.8244 46.9412
internal_count=2036 1676 1664 1552 112 12
is_linear=0
shrinkage=0.00895904


Tree=334
num_leaves=13
num_cat=0
split_feature=92 78 49 65 47 57 83 87 91 64 59 41
split_gain=27.7726 32.3906 26.876 51.851 41.6776 36.5195 92.1025 42.233 10.5559 0.735736 0.521361 0.151563
threshold=0.13809523809523808 75.000000000000014 0.39444444444444454 9.5000000000000018 37.95000000000001 -1.2499999999999998 -0.94999999999999984 14.500000000000002 -0.080128205128205079 51.150000000000013 250.00000000000003 2.1500000000000008
decision_type=2 2 2 2 2 2 2 2 2 2 2 2
left_child=2 10 5 4 -4 6 -1 -7 -3 -5 11 -2
right_child=1 8 3 9 -6 7 -8 -9 -10 -11 -12 -13
leaf_value=-0.020804226333984249 -0.015215665967502167 0.0086126390916668114 0.0013636685946347075 -0.014233434461932752 -0.013502185013463272 -0.00057464278617812194 0.0022838629570338729 0.0051232543260883567 -0.011747232862170729 -0.010652973005494344 -0.0097316943776428865 -0.011465060011583823
leaf_weight=18.012258898466825 12.029255712404852 10.142626535147427 256.16164508461952 10.140445102006199 15.895761499181388 148.27209185063839 58.097199372947216 352.42755179852247 2.3708658274263135 19.454958518967032 4.5805361634120336 5.0008518313989034
leaf_count=102 63 8 462 64 106 273 100 383 28 319 82 46
internal_value=0 -0.00679157 0.00142446 -0.000742124 0.000486121 0.00255742 -0.00321844 0.00343632 0.00463454 -0.0119641 -0.0133914 -0.0142553
internal_weight=0 34.1241 878.462 301.653 272.057 576.809 76.1095 500.7 12.5135 29.5954 21.6106 17.0301
internal_count=2036 227 1809 951 568 858 202 656 36 383 191 109
is_linear=0
shrinkage=0.00895904


Tree=335
num_leaves=11
num_cat=0
split_feature=83 30 19 64 74 64 39 50 65 67
split_gain=27.6159 28.3318 43.4057 55.2125 30.997 16.552 26.4673 1.36752 1.03682 0.247572
threshold=2.7500000000000004 1.5000000000000002 14.500000000000002 8.0500000000000025 2.6500000000000008 27.850000000000005 9.5000000000000018 -1.0000000180025095e-35 8.5000000000000018 1122.5000000000002
decision_type=2 2 2 2 2 2 2 2 2 2
left_child=1 2 4 -4 -1 6 -3 -7 9 -2
right_child=8 5 3 -5 -6 7 -8 -9 -10 -11
leaf_value=0.001637095125252952 -0.021194530367936257 -0.018247419111875794 0.00012698644275844091 -0.016042644787993558 -0.013766230087565988 0.0092252938584242248 0.0074158877550718197 0.0058761272378356341 -0.0093603602969697056 -0.01386748090885819
leaf_weight=744.17478510178626 2.0331055074930173 5.0669828541576853 46.078482903540134 26.615736370906234 10.445836100727318 47.502432860434055 8.1632748395204526 14.175310751423238 2.9890688275918365 3.5714408084750175
leaf_count=1466 10 25 82 222 111 6 8 26 61 19
internal_value=0 0.00126152 0.000783025 -0.00581954 0.00142041 0.00653051 -0.00253125 0.00847648 -0.0147006 -0.0171416
internal_weight=0 902.223 827.315 72.6942 754.621 74.908 13.2303 61.6777 8.59362 5.60455
internal_count=2036 1946 1881 304 1577 65 33 32 90 29
is_linear=0
shrinkage=0.00895904


Tree=336
num_leaves=8
num_cat=0
split_feature=88 64 64 64 84 64 86
split_gain=27.4029 27.5877 34.8495 39.9097 20.3119 0.581876 0.453207
threshold=17.500000000000004 107.65000000000002 105.00000000000001 80.450000000000017 0.63333333333333341 34.650000000000013 19.500000000000004
decision_type=2 2 2 2 2 2 2
left_child=1 2 3 -1 5 6 -2
right_child=4 -3 -4 -5 -6 -7 -8
leaf_value=0.0013623897688462131 -0.014704806807764854 -0.0098037521709170433 0.0091236998810183441 -0.015229683093628729 0.0042077707177819541 -0.010603629312275282 -0.021118382776133638
leaf_weight=815.81677926518023 7.1241209954023379 17.335758118890226 45.988499341532588 11.61345813423395 5.846958562731742 2.8221467342227688 2.9882687926292419
leaf_count=1480 35 347 11 110 8 31 14
internal_value=0 0.00132602 0.00154905 0.00112601 -0.00955541 -0.0157492 -0.0169594
internal_weight=0 890.754 873.419 827.43 18.7815 12.9345 10.1124
internal_count=2036 1948 1601 1590 88 80 49
is_linear=0
shrinkage=0.00895904


Tree=337
num_leaves=13
num_cat=0
split_feature=92 78 49 73 88 88 13 84 86 91 59 41
split_gain=27.2793 31.946 26.6035 30.1509 27.1603 25.5044 25.4297 19.9606 15.5549 10.4106 0.495957 0.136266
threshold=0.13809523809523808 75.000000000000014 0.81534090909090928 35.050000000000004 12.500000000000002 17.500000000000004 4.5000000000000009 0.63333333333333341 -842.99999999999989 -0.080128205128205079 250.00000000000003 2.1500000000000008
decision_type=2 2 2 2 2 2 2 2 2 2 2 2
left_child=2 10 5 4 -4 6 -1 -7 -5 -3 11 -2
right_child=1 9 3 8 -6 7 -8 -9 -10 -11 -12 -13
leaf_value=0.0022176836905047469 -0.015144944131057481 0.0085823370136027047 -0.014063477040009811 -0.00056396243355284954 0.0054197781112918508 -0.016206603937744542 -0.014342496109006311 0.0041804741627095073 -0.015286458690805858 -0.011731544814731983 -0.0097201362440571398 -0.011437290518833926
leaf_weight=787.90209934301674 11.975077467039233 10.063920792192219 7.0552735030651084 8.0845542056486028 27.501965260133147 10.796251811087133 7.3249261062592259 5.8337217345833769 19.999799297191203 2.3460792787373057 4.5232474114745846 4.9575806614011517
leaf_count=1383 63 8 56 32 45 64 37 8 184 28 82 46
internal_value=0 -0.00677617 0.00139689 -0.00422014 0.00138584 0.00183121 0.0020617 -0.00908744 -0.0110816 0.00462042 -0.0133515 -0.0142007
internal_weight=0 33.8659 874.499 62.6416 34.5572 811.857 795.227 16.63 28.0844 12.41 21.4559 16.9327
internal_count=2036 227 1809 317 101 1492 1420 72 216 36 191 109
is_linear=0
shrinkage=0.00895904


Tree=338
num_leaves=15
num_cat=0
split_feature=30 61 67 49 19 60 64 62 7 64 46 25 15 89
split_gain=27.205 43.0624 66.6734 64.0731 60.9441 38.3461 36.9949 29.9344 22.0644 8.14632 22.1874 8.12449 0.756929 0.0842235
threshold=1.5000000000000002 0.22111111111111112 1462.5000000000002 0.80625000000000013 14.500000000000002 0.071946169772256721 6.2500000000000009 5.5000000000000009 48.500000000000007 27.850000000000005 12.500000000000002 2.5000000000000004 1.0000000180025095e-35 442.50000000000006
decision_type=2 2 2 2 2 2 2 2 2 2 2 2 2 2
left_child=1 2 4 5 -1 -3 -4 9 -5 10 -2 12 -9 -11
right_child=7 3 6 8 -6 -7 -8 11 -10 13 -12 -13 -14 -15
leaf_value=0.00076190779005018991 -0.017756805893626951 0.0068845548500422234 -0.0009443030227268064 -0.01628261405462356 -0.014922432866800651 0.0012938666339875227 -0.017947148533518951 -0.025054338512671456 0.0035918755097404716 0.0095605236598111949 0.010389435802556598 0.0088089676714313541 -0.013963864308726308 0.0082163940052833555
leaf_weight=311.26808360219002 3.3393495082855207 152.30572770349681 15.999589845538138 18.663336010649804 21.049473497085273 278.32771031185985 28.621942452155054 0.99530778080224891 5.8001736700534812 40.933295493945479 5.9955052137374878 1.0782525539398191 4.1322770770639181 18.48940747231245
leaf_count=787 16 141 31 112 146 471 260 5 17 6 2 1 28 13
internal_value=0 0.000616015 -0.00162303 0.00247048 -0.000239517 0.0032734 -0.0118811 0.00624472 -0.0115783 0.0079518 0.000163894 -0.0123373 -0.0169452 0.0091704
internal_weight=0 832.036 376.939 455.097 332.318 430.633 44.6215 74.9634 24.4635 68.7576 9.33485 6.20584 5.12758 59.4227
internal_count=2036 1965 1224 741 933 612 291 71 129 37 18 34 33 19
is_linear=0
shrinkage=0.00895904


Tree=339
num_leaves=15
num_cat=0
split_feature=59 38 67 68 60 73 61 63 57 90 65 38 59 3
split_gain=27.1173 27.4255 61.6687 57.9737 41.3525 39.5031 32.4178 30.0808 24.9347 26.0648 26.3991 19.7696 9.56622 0.992631
threshold=350.00000000000006 35.000000000000007 1462.5000000000002 1492.5000000000002 0.025978407557354904 36.95000000000001 0.38762626262626265 3.5000000000000004 -2.7499999999999996 -0.080128205128205079 3.5000000000000004 9.5000000000000018 990.00000000000011 2.5000000000000004
decision_type=2 2 2 2 2 2 2 2 2 2 2 2 2 2
left_child=1 3 6 5 -5 -1 -3 -4 11 10 -10 13 -11 -2
right_child=8 2 7 4 -6 -7 -8 -9 9 12 -12 -13 -14 -15
leaf_value=0.0017132061350518943 0.01028316386435546 0.0051551034415019889 0.0028236931505480002 -0.0016973120857666799 -0.026086284596979651 -0.0074197871054837326 -0.0088822977474784046 -0.020528050104802263 0.0080189524083074427 -0.012624049303584005 -0.010948133988957401 -0.013545012843599156 0.0059422946453812761 0.0059150036102335801
leaf_weight=428.21071122772992 8.4933827482163942 296.52922419738024 6.8856912087649134 11.238532058894636 10.951433569192885 41.524228903464973 13.649121351540087 11.99656391981989 14.624476909637453 34.711251311004162 9.5851953821256739 4.000735215842723 2.2691710405051699 10.637572854757309
leaf_count=740 5 324 17 36 58 213 43 73 15 346 123 27 6 10
internal_value=0 0.00157183 0.00357311 0.000232215 -0.0138552 0.000903116 0.00453223 -0.0120685 -0.00375797 -0.00674792 0.000481551 0.00414087 -0.0114595 0.0079381
internal_weight=0 820.986 329.061 491.925 22.19 469.735 310.178 18.8823 84.3218 61.1901 24.2097 23.1317 36.9804 19.131
internal_count=2036 1504 457 1047 94 953 367 90 532 490 138 42 352 15
is_linear=0
shrinkage=0.00895904


Tree=340
num_leaves=11
num_cat=0
split_feature=83 30 19 64 71 64 39 50 65 67
split_gain=27.0364 27.6127 42.1591 53.991 30.6134 16.1898 25.7155 1.37217 0.984893 0.237251
threshold=2.7500000000000004 1.5000000000000002 14.500000000000002 8.0500000000000025 65.000000000000014 27.850000000000005 9.5000000000000018 -1.0000000180025095e-35 8.5000000000000018 1122.5000000000002
decision_type=2 2 2 2 2 2 2 2 2 2
left_child=1 2 4 -4 -1 6 -3 -7 9 -2
right_child=8 5 3 -5 -6 7 -8 -9 -10 -11
leaf_value=0.00050898324138418376 -0.02105203130415222 -0.017997581378317806 9.9947015609138789e-05 -0.0159526504924252 0.0051475020382049947 0.0091973173169262751 0.0073793625741696307 0.0058125985770554386 -0.0093392659554172811 -0.013783846414632287
leaf_weight=609.03172183595598 2.0296815633773786 5.0517820455133906 45.918901205062866 26.339457570575178 140.38803654164076 46.338002033531666 8.064833536744116 13.926147330552338 2.9187355535104871 3.5462292861193419
leaf_count=1367 10 25 82 222 210 6 8 26 61 19
internal_value=0 0.00121946 0.000748427 -0.00577791 0.00137903 0.00647783 -0.00251111 0.00843641 -0.0146637 -0.0170444
internal_weight=0 895.059 821.678 72.2584 749.42 73.3808 13.1166 60.2641 8.49465 5.57591
internal_count=2036 1946 1881 304 1577 65 33 32 90 29
is_linear=0
shrinkage=0.00895904


Tree=341
num_leaves=13
num_cat=0
split_feature=92 78 15 31 73 41 15 95 87 91 59 41
split_gain=26.7394 31.1621 26.0374 52.8815 36.3657 34.3944 28.5918 27.5627 10.4853 10.264 0.465202 0.127113
threshold=0.13809523809523808 75.000000000000014 18.500000000000004 1.0000000180025095e-35 38.050000000000004 0.45000000000000007 22.500000000000004 -1.0099999999999998 7.5000000000000009 -0.080128205128205079 250.00000000000003 2.1500000000000008
decision_type=2 2 2 2 2 2 2 2 2 2 2 2
left_child=2 10 4 8 7 -6 -5 -1 -4 -3 11 -2
right_child=1 9 3 6 5 -7 -8 -9 -10 -11 -12 -13
leaf_value=-0.014914609748876205 -0.015054730864742813 0.0085272553300228017 0.0056605333801076369 -0.018659773969067685 0.0034717584476312291 -0.014815996764147667 0.0020769471551561275 0.0024685392845508682 -0.018450822451279603 -0.011721482164756788 -0.0096900105473721899 -0.011374276571416172
leaf_weight=7.2061054892837992 11.905843432992702 9.9307041242718679 1.4914766401052499 5.6261237338185301 14.056947292760013 19.592909720726311 64.390978926792741 739.22875489480793 17.28962360881269 2.3295773919671765 4.4349295757710925 4.9050451014190903
leaf_count=41 63 8 2 40 41 177 164 1250 94 28 82 46
internal_value=0 -0.00677202 0.00136219 -0.00322974 0.00188558 -0.00719938 0.000364021 0.00229691 -0.0164971 0.00455696 -0.0132929 -0.0141223
internal_weight=0 33.5061 868.883 88.7982 780.085 33.6499 70.0171 746.435 18.7811 12.2603 21.2458 16.8109
internal_count=2036 227 1809 300 1509 218 204 1291 96 36 191 109
is_linear=0
shrinkage=0.00895904


Tree=342
num_leaves=14
num_cat=0
split_feature=61 56 68 92 64 84 73 1 64 34 40 75 52
split_gain=26.6128 29.8168 27.2352 45.0839 37.0448 25.1936 15.5696 15.0976 14.1991 11.1149 9.61286 8.06496 3.62437
threshold=0.033908045977011456 0.90454545454545465 1322.0000000000002 -0.19374999999999998 37.300000000000004 0.55000000000000016 33.750000000000007 4.5000000000000009 5.5500000000000007 1.5000000000000002 34.350000000000001 0.97222222222222232 1.5000000000000002
decision_type=2 2 2 2 2 2 2 2 2 2 2 2 2
left_child=5 2 3 -2 -4 7 -3 11 -9 -8 -7 -1 -12
right_child=1 6 4 -5 -6 10 9 8 -10 -11 12 -13 -14
leaf_value=-0.013064988665668957 -0.0070084342175024865 0.0056282368576364653 0.0010983771841639213 0.0013565820606240362 0.0064652589604553947 -0.014908528573678517 -0.015042801444303706 0.0081925969004229323 -0.010667185209180308 0.0090961115778783914 0.0092317996845334808 0.0018076853787967093 0.00095361373785277982
leaf_weight=28.351873832754794 61.167572975158691 4.5851303599774864 249.67695651203394 328.81344844680279 175.93716285191476 1.780195459723475 15.528525647707283 7.2013131082057935 5.4636328937485814 1.5687305927276618 10.634444121271374 3.2096709217876187 7.0732486173510543
leaf_count=294 184 13 391 710 196 9 128 8 68 1 6 14 14
internal_value=0 0.00147578 0.00175227 4.16984e-05 0.00331886 -0.00452242 -0.00884775 -0.00825132 1.71387e-05 -0.0127505 0.0039369 -0.01155 0.00597191
internal_weight=0 837.278 815.595 389.981 425.614 63.7144 21.6824 44.2265 12.6649 17.0973 19.4879 31.5615 17.7077
internal_count=2036 1623 1481 894 587 413 142 384 76 129 29 308 20
is_linear=0
shrinkage=0.00895904


Tree=343
num_leaves=11
num_cat=0
split_feature=83 30 19 64 58 64 86 50 65 67
split_gain=26.5177 27.1931 41.164 53.4279 30.1333 16.0406 25.2552 1.39625 0.936703 0.205983
threshold=2.7500000000000004 1.5000000000000002 14.500000000000002 8.0500000000000025 -10.499999999999998 27.850000000000005 -330.49999999999994 -1.0000000180025095e-35 8.5000000000000018 1122.5000000000002
decision_type=2 2 2 2 2 2 2 2 2 2
left_child=1 2 4 -4 -1 6 -3 -7 9 -2
right_child=8 5 3 -5 -6 7 -8 -9 -10 -11
leaf_value=-0.012208161616903931 -0.020827055430835732 0.0078040846840811418 0.0001067020163981807 -0.015897094105905514 0.0015905002414458647 0.0091847172648055163 -0.017168053717984345 0.0057561241377794429 -0.0093199590130837347 -0.013713051340091627
leaf_weight=12.73649009130895 2.0265117585659009 7.6990351751446706 45.900490671396255 26.162257703952491 733.83116619102657 45.712824568152428 5.3414399325847626 13.783498827368019 2.8821203168481588 3.5256287772208452
leaf_count=82 10 7 82 222 1495 6 26 26 61 19
internal_value=0 0.00119399 0.000727368 -0.00572988 0.001352 0.00644413 -0.0025234 0.00841179 -0.0145908 -0.0169212
internal_weight=0 891.167 818.63 72.0627 746.568 72.5368 13.0405 59.4963 8.43426 5.55214
internal_count=2036 1946 1881 304 1577 65 33 32 90 29
is_linear=0
shrinkage=0.00895904


Tree=344
num_leaves=15
num_cat=0
split_feature=59 38 67 68 60 73 68 63 57 90 65 38 59 3
split_gain=26.394 26.643 60.472 56.6607 40.1849 38.4841 31.8888 29.4581 24.4446 25.7692 25.9685 19.4293 9.43056 0.985772
threshold=350.00000000000006 35.000000000000007 1462.5000000000002 1492.5000000000002 0.025978407557354904 36.95000000000001 482.50000000000006 3.5000000000000004 -2.7499999999999996 -0.080128205128205079 3.5000000000000004 9.5000000000000018 990.00000000000011 2.5000000000000004
decision_type=2 2 2 2 2 2 2 2 2 2 2 2 2 2
left_child=1 3 6 5 -5 -1 -3 -4 11 10 -10 13 -11 -2
right_child=8 2 7 4 -6 -7 -8 -9 9 12 -12 -13 -14 -15
leaf_value=0.0016742583173281688 0.010243110531995519 -0.011447630405586657 0.0027888219668701598 -0.0016933149487962365 -0.025737101129888865 -0.0073597688715934242 0.0049908176365818313 -0.020402752846616627 0.0079776513025796598 -0.012599074522376894 -0.010927103024039124 -0.013506437878999938 0.0058812762640254625 0.0058688545058515253
leaf_weight=425.77087898366153 8.3854394480586087 9.6064124274998886 6.8268022667616632 11.198564263060691 10.989036072045563 41.348886734806001 297.18087582755834 11.939645157195626 14.530429139733316 34.384443838149309 9.4670258639380318 3.962726240977644 2.2584739085286847 10.553458865731955
leaf_count=740 5 46 17 36 58 213 321 73 15 346 123 27 6 10
internal_value=0 0.00152674 0.00351198 0.00020498 -0.013721 0.000871842 0.00446919 -0.0120221 -0.00375548 -0.00672818 0.000491343 0.00410539 -0.0114348 0.00788989
internal_weight=0 814.861 325.554 489.307 22.1876 467.12 306.787 18.7664 83.542 60.6404 23.9975 22.9016 36.6429 18.9389
internal_count=2036 1504 457 1047 94 953 367 90 532 490 138 42 352 15
is_linear=0
shrinkage=0.00895904


Tree=345
num_leaves=13
num_cat=0
split_feature=92 78 49 65 47 57 83 87 91 64 59 41
split_gain=26.2447 30.5872 25.4103 49.7201 40.115 35.5417 89.1777 40.8742 10.0942 0.669412 0.441105 0.116165
threshold=0.13809523809523808 75.000000000000014 0.39444444444444454 9.5000000000000018 37.95000000000001 -1.2499999999999998 -0.94999999999999984 14.500000000000002 -0.080128205128205079 51.150000000000013 250.00000000000003 2.1500000000000008
decision_type=2 2 2 2 2 2 2 2 2 2 2 2
left_child=2 10 5 4 -4 6 -1 -7 -3 -5 11 -2
right_child=1 8 3 9 -6 7 -8 -9 -10 -11 -12 -13
leaf_value=-0.020633599100680373 -0.014979777273357045 0.008485180712952305 0.0012774330511441242 -0.014151503029644859 -0.013413588615173928 -0.00063815971710410745 0.0021856926241379531 0.0050037878767148934 -0.011702845201643669 -0.010644640202499259 -0.0096630028858403286 -0.011332863050941645
leaf_weight=17.897592475637794 11.852582048624759 9.8201689384877664 252.45258399285376 9.9625311531126517 15.663334600627421 146.94496293365955 57.124867666512728 344.59759918227792 2.3030499424785367 18.811794539913535 4.3548615751788011 4.8638736056163898
leaf_count=102 63 8 462 64 106 273 100 383 28 319 82 46
internal_value=0 -0.00676709 0.00132857 -0.00079417 0.000410142 0.00244085 -0.00329653 0.00331751 0.00452596 -0.0119451 -0.0132477 -0.0140603
internal_weight=0 33.1945 863.455 296.89 268.116 566.565 75.0225 491.543 12.1232 28.7743 21.0713 16.7165
internal_count=2036 227 1809 951 568 858 202 656 36 383 191 109
is_linear=0
shrinkage=0.00895904


Tree=346
num_leaves=11
num_cat=0
split_feature=83 30 19 64 71 64 39 50 65 67
split_gain=26.0919 26.8049 40.2661 52.5785 29.8269 15.7618 24.8994 1.4093 0.897073 0.189819
threshold=2.7500000000000004 1.5000000000000002 14.500000000000002 8.0500000000000025 65.000000000000014 27.850000000000005 9.5000000000000018 -1.0000000180025095e-35 8.5000000000000018 1122.5000000000002
decision_type=2 2 2 2 2 2 2 2 2 2
left_child=1 2 4 -4 -1 6 -3 -7 9 -2
right_child=8 5 3 -5 -6 7 -8 -9 -10 -11
leaf_value=0.00046676304887335982 -0.020681956478585742 -0.017718432035899605 9.1392326814289507e-05 -0.015831336731589186 0.0050736424717226789 0.0091684202794797536 0.0073365457268351978 0.0057060888300209493 -0.0092983405239035234 -0.013654068808682203
leaf_weight=604.63113496266305 2.0262577384710294 5.0343396551907045 45.815636716783047 25.948154760524631 138.50048557110131 45.073619112372398 7.9662528932094574 13.626002276316283 2.8259158926084638 3.5063208248466253
leaf_count=1367 10 25 82 222 210 6 8 26 61 19
internal_value=0 0.00116999 0.000707143 -0.00569241 0.00132648 0.00641425 -0.00248044 0.00838624 -0.0145565 -0.0168375
internal_weight=0 886.596 814.895 71.7638 743.132 71.7002 13.0006 58.6996 8.35849 5.53258
internal_count=2036 1946 1881 304 1577 65 33 32 90 29
is_linear=0
shrinkage=0.00895904


Tree=347
num_leaves=13
num_cat=0
split_feature=92 78 15 31 73 41 15 95 87 91 59 41
split_gain=25.9246 30.0692 25.1282 52.0949 35.1735 33.8862 27.8892 26.7402 10.3052 9.96379 0.419802 0.100548
threshold=0.13809523809523808 75.000000000000014 18.500000000000004 1.0000000180025095e-35 38.050000000000004 0.45000000000000007 22.500000000000004 -1.0099999999999998 7.5000000000000009 -0.080128205128205079 250.00000000000003 2.1500000000000008
decision_type=2 2 2 2 2 2 2 2 2 2 2 2
left_child=2 10 4 8 7 -6 -5 -1 -4 -3 11 -2
right_child=1 9 3 6 5 -7 -8 -9 -10 -11 -12 -13
leaf_value=-0.014759641990971175 -0.014904183494837729 0.0084425619040369559 0.0056367764858848658 -0.018494548869878693 0.0034538531230091101 -0.014776730532368632 0.0020676227516175862 0.002405055497326101 -0.018349523104269561 -0.01168381185001126 -0.0096499797417489153 -0.011306632882614867
leaf_weight=7.1694338284432879 11.801354227587586 9.7326400279998762 1.4801758825778986 5.5797807825729242 13.979385502636431 19.337484581395984 63.896777851507068 732.20561017561704 17.210525391623378 2.2870349474251261 4.3170451037585726 4.8268384020775548
leaf_count=41 63 8 2 40 41 177 164 1250 94 28 82 46
internal_value=0 -0.00676213 0.00131123 -0.00321531 0.00182842 -0.00715071 0.000369634 0.00223481 -0.0164109 0.00448809 -0.0132014 -0.0140018
internal_weight=0 32.9649 860.859 88.1673 772.692 33.3169 69.4766 739.375 18.6907 12.0197 20.9452 16.6282
internal_count=2036 227 1809 300 1509 218 204 1291 96 36 191 109
is_linear=0
shrinkage=0.00895904


Tree=348
num_leaves=8
num_cat=0
split_feature=88 64 64 64 84 64 86
split_gain=25.8232 26.1655 33.7512 38.6578 19.3866 0.508826 0.406808
threshold=17.500000000000004 107.65000000000002 105.00000000000001 80.450000000000017 0.63333333333333341 34.650000000000013 19.500000000000004
decision_type=2 2 2 2 2 2 2
left_child=1 2 3 -1 5 6 -2
right_child=4 -3 -4 -5 -6 -7 -8
leaf_value=0.0012642364430278448 -0.014474012110057579 -0.009800131691032752 0.009079068758263073 -0.015245962678444382 0.0040937988339565775 -0.010478066906471054 -0.020711080036250159
leaf_weight=802.00580898858607 6.9943139068782347 16.748930793255568 43.897869912907481 11.355918399058281 5.7696595415472975 2.7007418833672991 2.9892527312040329
leaf_count=1480 35 347 11 110 8 31 14
internal_value=0 0.00122668 0.00144429 0.00103017 -0.00942894 -0.0155511 -0.0166983
internal_weight=0 874.009 857.26 813.362 18.454 12.6843 9.98357
internal_count=2036 1948 1601 1590 88 80 49
is_linear=0
shrinkage=0.00895904


Tree=349
num_leaves=14
num_cat=0
split_feature=61 56 68 92 64 40 40 40 64 34 64 86 64
split_gain=25.7207 29.218 26.3499 44.3405 36.331 24.6768 41.3132 15.4135 15.4068 10.6257 1.86517 0.976565 0.606863
threshold=0.033908045977011456 0.90454545454545465 1322.0000000000002 -0.19374999999999998 37.300000000000004 34.750000000000007 34.150000000000013 33.750000000000007 3.0500000000000003 1.5000000000000002 6.2500000000000009 -730.49999999999989 10.550000000000002
decision_type=2 2 2 2 2 2 2 2 2 2 2 2 2
left_child=5 2 3 -2 -4 6 12 -3 -7 -9 -10 -8 -1
right_child=1 7 4 -5 -6 8 11 9 10 -11 -12 -13 -14
leaf_value=-0.018229275165399884 -0.0070006772267915745 0.0062973577820101823 0.0010469010435209334 0.0013160896977589922 0.0064029946295798661 0.0040821786149131557 0.010452871778838298 -0.014779128041739044 -0.017317229700176299 0.0090384429922113797 -0.011009065895628948 0.0062329232867550438 -0.011795566475444179
leaf_weight=3.3834006711840647 60.900201914831996 4.2044371720403459 247.94821548089385 325.94530970323831 172.20736236684024 5.3825234770774832 10.523046016693117 15.708588906563818 5.3875952437520054 1.5325341224670417 23.075229926034808 9.872964680194853 5.2877192907035351
leaf_count=15 184 9 391 710 196 9 4 132 25 1 307 12 41
internal_value=0 0.00141619 0.00169131 3.92833e-06 0.00324415 -0.00451753 0.0015349 -0.00885891 -0.00969552 -0.0125848 -0.0123116 0.00848817 -0.014648
internal_weight=0 828.447 807.001 386.846 420.156 62.9125 29.0671 21.4456 33.8453 17.2411 28.4628 20.396 8.67112
internal_count=2036 1623 1481 894 587 413 72 142 341 133 332 16 56
is_linear=0
shrinkage=0.00895904


Tree=350
num_leaves=15
num_cat=0
split_feature=59 38 67 68 82 66 61 63 57 90 65 38 59 3
split_gain=25.6126 25.7592 59.0381 55.2988 39.1821 37.8031 31.6521 28.9214 24.0224 25.4315 25.4604 18.9909 9.29917 0.980912
threshold=350.00000000000006 35.000000000000007 1462.5000000000002 1492.5000000000002 0.97222222222222232 1433.0000000000002 0.38762626262626265 3.5000000000000004 -2.7499999999999996 -0.080128205128205079 3.5000000000000004 9.5000000000000018 990.00000000000011 2.5000000000000004
decision_type=2 2 2 2 2 2 2 2 2 2 2 2 2 2
left_child=1 3 6 5 -5 -1 -3 -4 11 10 -10 13 -11 -2
right_child=8 2 7 4 -6 -7 -8 -9 9 12 -12 -13 -14 -15
leaf_value=0.0026256280606953477 0.010207929455454323 0.005026083671243995 0.0027881265226329418 -0.0193940362857195 0.010357496415447883 -0.0028167028126087046 -0.0088935037808973993 -0.020287973015540806 0.0079225869365998538 -0.012586669230162344 -0.010912602770765816 -0.013421674029941421 0.0058127910170330324 0.0058211553516599266
leaf_weight=311.43099865317345 8.2707886155694759 289.17582252901047 6.7624804191291359 17.866748368367556 4.2923102378845206 152.42802324611694 13.562854615971444 11.857982457615433 14.406437858939173 33.994789789430797 9.3236646344885212 3.9198913145810357 2.2476183492690316 10.455336537212133
leaf_count=498 5 324 17 93 1 455 43 73 15 346 123 27 6 10
internal_value=0 0.00147543 0.00344259 0.000173831 -0.0135907 0.000836761 0.00439718 -0.0119631 -0.00375648 -0.00671952 0.000493135 0.00408002 -0.0114205 0.00784353
internal_weight=0 807.377 321.359 486.018 22.1591 463.859 302.739 18.6205 82.6185 59.9725 23.7301 22.646 36.2424 18.7261
internal_count=2036 1504 457 1047 94 953 367 90 532 490 138 42 352 15
is_linear=0
shrinkage=0.00895904


Tree=351
num_leaves=11
num_cat=0
split_feature=83 30 61 67 49 64 39 50 65 84
split_gain=25.493 26.1857 40.0755 63.8686 61.1261 15.5981 24.4239 1.42654 0.84837 0.163392
threshold=2.7500000000000004 1.5000000000000002 0.22111111111111112 1462.5000000000002 0.80625000000000013 27.850000000000005 9.5000000000000018 -1.0000000180025095e-35 8.5000000000000018 0.36666666666666675
decision_type=2 2 2 2 2 2 2 2 2 2
left_child=1 2 3 -1 -4 6 -3 -7 9 -2
right_child=8 5 4 -5 -6 7 -8 -9 -10 -11
leaf_value=-0.00015263792701688351 -0.013989387573681029 -0.017597251980754763 0.0032707709536401509 -0.011752289378275719 -0.011464166335085341 0.0091488324733860205 0.0072829027673638295 0.0056403140111249989 -0.0092675863204921844 -0.021274053512137039
leaf_weight=322.23717464506626 3.9236762113869172 5.0209264904260618 420.66253688000143 43.018298337236047 23.693332504481077 44.135200001299381 7.8896487951278687 13.41815268807113 2.7575130145996809 1.5775043964385984
leaf_count=888 21 25 594 275 124 6 8 26 61 8
internal_value=0 0.00113043 0.000673749 -0.0015243 0.00248045 0.00636118 -0.00250711 0.00835264 -0.0145057 -0.0167275
internal_weight=0 880.075 809.611 365.255 444.356 70.4639 12.9106 57.5534 8.25869 5.50118
internal_count=2036 1946 1881 1163 718 65 33 32 90 29
is_linear=0
shrinkage=0.00895904


Tree=352
num_leaves=13
num_cat=0
split_feature=92 78 15 31 73 41 15 95 87 91 59 41
split_gain=25.3738 29.482 24.4941 51.025 34.3311 33.3528 27.3789 26.1183 10.0828 9.80578 0.394694 0.0926185
threshold=0.13809523809523808 75.000000000000014 18.500000000000004 1.0000000180025095e-35 38.050000000000004 0.45000000000000007 22.500000000000004 -1.0099999999999998 7.5000000000000009 -0.080128205128205079 250.00000000000003 2.1500000000000008
decision_type=2 2 2 2 2 2 2 2 2 2 2 2
left_child=2 10 4 8 7 -6 -5 -1 -4 -3 11 -2
right_child=1 9 3 6 5 -7 -8 -9 -10 -11 -12 -13
leaf_value=-0.01464632811839872 -0.01483318666635924 0.0084004146439735587 0.0055915606239249236 -0.018398294788501343 0.0034134583078759629 -0.014750742893342089 0.0020361421644951639 0.0023562156349607442 -0.01821190312041987 -0.011668507270529873 -0.0096267301523109607 -0.011258454587438101
leaf_weight=7.1362157724797717 11.737452561035758 9.6180220730602723 1.4696815460920358 5.5447354018688193 13.891000712290404 19.11088308878243 63.572628584690392 726.59184444881976 17.143034071661532 2.2625328842550507 4.2315102787688366 4.7777224453166118
leaf_count=41 63 8 2 40 41 177 164 1250 94 28 82 46
internal_value=0 -0.0067566 0.0012711 -0.00320841 0.00178435 -0.00712891 0.000350236 0.00218704 -0.0162934 0.00445223 -0.0131584 -0.0139412
internal_weight=0 32.6272 854.46 87.7301 766.73 33.0019 69.1174 733.728 18.6127 11.8806 20.7467 16.5152
internal_count=2036 227 1809 300 1509 218 204 1291 96 36 191 109
is_linear=0
shrinkage=0.00895904


Tree=353
num_leaves=8
num_cat=0
split_feature=88 64 64 64 84 64 86
split_gain=25.1478 25.5145 33.1351 37.9582 18.964 0.474575 0.367443
threshold=17.500000000000004 107.65000000000002 105.00000000000001 80.450000000000017 0.63333333333333341 34.650000000000013 19.500000000000004
decision_type=2 2 2 2 2 2 2
left_child=1 2 3 -1 5 6 -2
right_child=4 -3 -4 -5 -6 -7 -8
leaf_value=0.0012254044306148281 -0.014377107624786209 -0.0097941420490490049 0.009054888986919361 -0.015231026487412086 0.0040428542909432246 -0.010432336895530475 -0.020475042325963529
leaf_weight=796.82702487986535 6.9307978376746195 16.467390612699091 42.921927167102695 11.22027829941362 5.7353360876440993 2.6591632161289445 2.9914024472236633
leaf_count=1480 35 347 11 110 8 31 14
internal_value=0 0.00118722 0.0014019 0.000993315 -0.00936704 -0.0154507 -0.0165705
internal_weight=0 867.437 850.969 808.047 18.3167 12.5814 9.9222
internal_count=2036 1948 1601 1590 88 80 49
is_linear=0
shrinkage=0.00895904


Tree=354
num_leaves=15
num_cat=0
split_feature=30 61 61 88 41 49 60 62 7 64 46 25 15 89
split_gain=25.0349 40.9953 62.4479 93.6104 66.4137 60.2399 37.8522 28.7664 21.6382 7.79537 20.87 7.5108 0.736722 0.0965363
threshold=1.5000000000000002 0.22111111111111112 0.15047169811320757 10.500000000000002 1.4500000000000002 0.80625000000000013 0.071946169772256721 5.5000000000000009 48.500000000000007 27.850000000000005 12.500000000000002 2.5000000000000004 1.0000000180025095e-35 442.50000000000006
decision_type=2 2 2 2 2 2 2 2 2 2 2 2 2 2
left_child=1 2 4 -4 -1 6 -3 9 -7 10 -2 12 -9 -11
right_child=7 5 3 -5 -6 8 -8 11 -10 13 -12 -13 -14 -15
leaf_value=0.0029639267019327623 -0.017227551051340058 0.0067728166599721638 -0.022551817019956521 -0.0029653943350260717 -0.0092759612031216385 -0.016093500510201451 0.0011514141910261666 -0.024630999713127842 0.0037211143896327425 0.0095054670609331857 0.010304389558502105 0.0086441643524698131 -0.013688483944362397 0.0080923173027954449
leaf_weight=206.61568420007825 3.3102943375706655 148.36578499153256 24.511549524962902 94.94577178824693 42.785275612026453 18.340977564454082 272.83181102387607 0.99461284652352233 5.7255706731230012 38.118249583989382 5.798627495765686 1.0198341608047483 4.0715295951813459 17.242642100900412
leaf_count=422 16 141 153 278 371 112 471 5 17 6 2 1 28 13
internal_value=0 0.000514975 -0.00169335 -0.00701419 0.000858555 0.00234434 0.00313377 0.00607138 -0.0113864 0.0078355 0.000147916 -0.0122817 -0.0166597 0.00909513
internal_weight=0 814.122 368.858 119.457 249.401 445.264 421.198 70.5558 24.0665 64.4698 9.10892 6.08598 5.06614 55.3609
internal_count=2036 1965 1224 431 793 741 612 71 129 37 18 34 33 19
is_linear=0
shrinkage=0.00895904


Tree=355
num_leaves=11
num_cat=0
split_feature=83 30 19 64 71 64 46 50 65 84
split_gain=24.8847 25.5652 39.0555 51.4667 29.2548 15.3054 23.7289 1.42939 0.789948 0.129831
threshold=2.7500000000000004 1.5000000000000002 14.500000000000002 8.0500000000000025 75.000000000000014 27.850000000000005 9.5000000000000018 -1.0000000180025095e-35 8.5000000000000018 0.36666666666666675
decision_type=2 2 2 2 2 2 2 2 2 2
left_child=1 2 4 -4 -1 6 -3 -7 9 -2
right_child=8 5 3 -5 -6 7 -8 -9 -10 -11
leaf_value=0.00049521932491320287 -0.013879131824973145 -0.017377835154208161 5.2485617667961371e-05 -0.015768229234575291 0.0054197823110472632 0.0091256287052651573 0.0072354001490709842 0.0055884191229812969 -0.0092411142483905875 -0.020953251496604108
leaf_weight=619.81059666909277 3.8990169167518598 5.0004304237663728 45.595219619572163 25.672739655710757 114.57295865844935 43.183695532381535 7.7897422388195992 13.23646999709308 2.7079392075538635 1.5831804648041723
leaf_count=1399 21 24 82 222 178 6 9 26 61 8
internal_value=0 0.00109943 0.000649788 -0.00567326 0.00126475 0.006317 -0.00250008 0.00831787 -0.0144119 -0.0165641
internal_weight=0 874.862 805.652 71.268 734.384 69.2103 12.7902 56.4202 8.19014 5.4822
internal_count=2036 1946 1881 304 1577 65 33 32 90 29
is_linear=0
shrinkage=0.00895904


Tree=356
num_leaves=13
num_cat=0
split_feature=92 78 49 65 47 63 87 91 46 64 59 41
split_gain=24.8442 28.9434 23.9796 47.7558 38.6035 34.6255 37.3311 9.66715 2.53494 0.622873 0.370782 0.0823731
threshold=0.13809523809523808 75.000000000000014 0.39444444444444454 9.5000000000000018 37.95000000000001 15.500000000000002 14.500000000000002 -0.080128205128205079 7.5000000000000009 51.150000000000013 250.00000000000003 2.1500000000000008
decision_type=2 2 2 2 2 2 2 2 2 2 2 2
left_child=2 10 5 4 -4 6 -1 -3 -7 -5 11 -2
right_child=1 7 3 9 -6 8 -8 -9 -10 -11 -12 -13
leaf_value=-0.0009961600106064472 -0.014756810618776638 0.008359547104685781 0.0011994621029279148 -0.014077447006821332 -0.013310542768130188 -0.027931709633515302 0.0040613641826079648 -0.011662573768803475 -0.0095667753681711199 -0.010618988285344043 -0.009609320397804719 -0.011210877563632489
leaf_weight=168.2999440766871 11.671998765319591 9.5253032185137254 249.2795870192349 9.823176462203266 15.448008984327315 2.8457525670528407 384.66607045382261 2.2391149029135695 1.0992736257612703 18.185191829688847 4.1698620840907088 4.719026803970336
leaf_count=332 63 8 462 64 106 16 499 28 11 319 82 46
internal_value=0 -0.00674084 0.00123888 -0.000836669 0.000343649 0.00232983 0.00252221 0.00442118 -0.0234994 -0.0119201 -0.0131104 -0.0138785
internal_weight=0 32.3253 849.647 292.736 264.728 556.911 552.966 11.7644 3.94503 28.0084 20.5609 16.391
internal_count=2036 227 1809 951 568 858 831 36 27 383 191 109
is_linear=0
shrinkage=0.00895904


Tree=357
num_leaves=15
num_cat=0
split_feature=59 38 67 68 72 73 61 63 57 90 65 38 59 3
split_gain=24.7581 24.9107 57.1263 53.8942 38.007 36.9343 30.8311 28.3727 23.3304 25.0886 24.8743 18.5511 9.14336 0.989444
threshold=350.00000000000006 35.000000000000007 1462.5000000000002 1492.5000000000002 7.5000000000000009 36.95000000000001 0.38762626262626265 3.5000000000000004 -2.7499999999999996 -0.080128205128205079 3.5000000000000004 9.5000000000000018 990.00000000000011 2.5000000000000004
decision_type=2 2 2 2 2 2 2 2 2 2 2 2 2 2
left_child=1 3 6 5 -5 -1 -3 -4 11 10 -10 13 -11 -2
right_child=8 2 7 4 -6 -7 -8 -9 9 12 -12 -13 -14 -15
leaf_value=0.0015852324363724217 0.010166444745723643 0.0049467061551137625 0.0028249401976463192 -0.024703057940850773 -0.0012329330214977854 -0.0073315353685766659 -0.0088060264128382599 -0.020118143221453295 0.0078685038696622786 -0.012568451938796592 -0.010884638019976056 -0.013362991371662785 0.0057350595967763989 0.0057339478232235888
leaf_weight=419.45886003039777 8.1454231366515195 284.83708034176379 6.7099238224327591 11.408944431692364 10.641430048272012 40.730953443795443 13.541465239599345 11.766135498881338 14.272441387176515 33.521529004909098 9.1537300245836359 3.8753181453794232 2.2343486025929442 10.286723554134369
leaf_count=740 5 324 17 61 33 213 43 73 15 346 123 27 6 10
internal_value=0 0.00141774 0.00336837 0.000135214 -0.0134856 0.00079325 0.00431724 -0.0118413 -0.00376074 -0.00669821 0.000510995 0.00402212 -0.0113996 0.00777828
internal_weight=0 799.095 316.855 482.24 22.0504 460.19 298.379 18.4761 81.4895 59.182 23.4262 22.3075 35.7559 18.4321
internal_count=2036 1504 457 1047 94 953 367 90 532 490 138 42 352 15
is_linear=0
shrinkage=0.00895904


Tree=358
num_leaves=13
num_cat=0
split_feature=61 56 13 68 84 72 64 73 34 64 63 64
split_gain=24.5262 28.2299 25.5913 25.538 24.0654 22.5447 17.9075 15.1581 10.4263 8.34544 1.4147 1.26006
threshold=0.033908045977011456 0.90454545454545465 4.5000000000000009 1322.0000000000002 0.77500000000000013 8.5000000000000018 7.2500000000000009 33.750000000000007 1.5000000000000002 1.6500000000000001 1.5000000000000002 11.950000000000001
decision_type=2 2 2 2 2 2 2 2 2 2 2 2
left_child=4 2 3 -2 5 11 -7 -3 -9 -4 -6 -1
right_child=1 7 9 -5 10 6 -8 8 -10 -11 -12 -13
leaf_value=-0.015713339304531341 0.00010558877888280604 0.0056353984021176281 0.0093769577159927321 0.0033338010123249717 0.0099966730032201544 0.005436888822033443 -0.010287916107313371 -0.014953231312048745 0.0089692895962641232 -0.01736671844421404 0.0038065883670413158 -0.0110985513122604
leaf_weight=10.842656232416632 379.25659311376512 4.4651493094861534 0.9502241611480694 408.47372109815478 5.0112378597259504 13.962980419397356 9.6738018747419101 15.162998935207725 1.4893676042556769 7.1208532191812992 7.9042287021875381 14.618318543769417
leaf_count=53 875 13 1 567 2 18 168 128 1 38 10 162
internal_value=0 0.0013437 0.00161586 0.00177999 -0.00449225 -0.00735068 -0.00102883 -0.00883372 -0.0127347 -0.0140712 0.00632097 -0.0131672
internal_weight=0 816.919 795.801 787.73 62.0132 49.0978 23.6368 21.1175 16.6524 8.07108 12.9155 25.461
internal_count=2036 1623 1481 1442 413 401 186 142 129 39 12 215
is_linear=0
shrinkage=0.00895904


Tree=359
num_leaves=11
num_cat=0
split_feature=83 30 61 67 49 64 39 50 65 67
split_gain=24.4551 25.1407 38.5093 61.5686 58.4035 15.0911 23.4511 1.4438 0.757135 0.118883
threshold=2.7500000000000004 1.5000000000000002 0.22111111111111112 1462.5000000000002 0.80625000000000013 27.850000000000005 9.5000000000000018 -1.0000000180025095e-35 8.5000000000000018 1122.5000000000002
decision_type=2 2 2 2 2 2 2 2 2 2
left_child=1 2 3 -1 -4 6 -3 -7 9 -2
right_child=8 5 4 -5 -6 7 -8 -9 -10 -11
leaf_value=-0.00018588646431079637 -0.020074396663262516 -0.017264565472183101 0.0031834796881365355 -0.011624001972903891 -0.011289747880163573 0.009109317987999006 0.0072395915039677912 0.0055333439732568757 -0.0092201257611728444 -0.013431128155140148
leaf_weight=319.16250193119049 2.0241972133517248 4.9965190328657609 415.9705363214016 42.65284638851881 23.464148841798306 42.498665694147348 7.740589052438736 13.066263837739823 2.6498750234022737 3.427276112139225
leaf_count=888 10 25 594 275 124 6 8 26 61 19
internal_value=0 0.00106981 0.000624283 -0.00153977 0.00240603 0.00627966 -0.00248457 0.0082907 -0.0143888 -0.0164992
internal_weight=0 869.552 801.25 361.815 439.435 68.302 12.7371 55.5649 8.10135 5.45147
internal_count=2036 1946 1881 1163 718 65 33 32 90 29
is_linear=0
shrinkage=0.00895904


Tree=360
num_leaves=13
num_cat=0
split_feature=92 78 15 31 73 16 15 95 87 91 59 41
split_gain=24.3493 28.3979 23.6175 49.5567 32.988 32.7997 26.6937 25.3146 9.80758 9.4977 0.348642 0.0749325
threshold=0.13809523809523808 75.000000000000014 18.500000000000004 1.0000000180025095e-35 38.050000000000004 1.5000000000000002 22.500000000000004 -1.0099999999999998 7.5000000000000009 -0.080128205128205079 250.00000000000003 2.1500000000000008
decision_type=2 2 2 2 2 2 2 2 2 2 2 2
left_child=2 10 4 8 7 -6 -5 -1 -4 -3 11 -2
right_child=1 9 3 6 5 -7 -8 -9 -10 -11 -12 -13
leaf_value=-0.014511896818014219 -0.014683898501207415 0.008315641915949832 0.0055511781808741311 -0.018276451133655402 -0.012932887663585354 0.0065510601811351937 0.0019952511968945666 0.0022809448366057127 -0.018031706632553168 -0.011633312308498551 -0.0095832953680376146 -0.011161454747598625
leaf_weight=7.0894999653100959 11.60751229524613 9.422037195414303 1.4550255835056329 5.4918578760698429 22.801213684491813 9.7882602699100953 62.913450473919511 717.85357847250998 17.04646466486156 2.2142977640032759 4.0942738037556401 4.6728592226281753
leaf_count=41 63 8 2 40 196 22 164 1250 94 28 82 46
internal_value=0 -0.00672955 0.00120822 -0.0032105 0.00171587 -0.00707613 0.000320965 0.0021129 -0.016138 0.00439081 -0.0130634 -0.0138157
internal_weight=0 32.011 844.439 86.9068 757.533 32.5895 68.4053 724.943 18.5015 11.6363 20.3746 16.2804
internal_count=2036 227 1809 300 1509 218 204 1291 96 36 191 109
is_linear=0
shrinkage=0.00895904


end of trees

feature_importances:
current_odds=986
dist_change=204
corner_ratio_3=180
current_popularity=171
jockey_place_rate=142
win_rate_recent5=128
agari_4=126
paternal_gf_cat=117
days_since_last_race=116
corner_chase_3=116
corner_ratio_2=95
ninki_5=78
agari_1=77
f_lenout=65
result_1=64
mf_classout=57
corner_chase_2=56
mother_father_cat=55
ninki_1=51
f_courseout=47
agari_2=45
rank_trend_5=44
n_horses_1=43
mf_class3=41
rank_trend=40
result_4=40
margin_3=39
father_cat=39
kinryo=39
umaban=38
corner_chase_1=37
margin_1=36
margin_4=35
horse_weight_abs_1=33
ninki_3=32
agari_3=32
time_df_course3=30
result_2=29
f_mf_courseout=28
waku=26
n_horses_today=25
f_mf_class3=23
margin_2=23
mf_classout.1=21
ninki_2=21
ninki_4=20
result_5=19
f_course2=18
mf_course3=16
corner_ratio_5=16
corner_ratio_1=15
agari_trend_5=15
f_len2=13
f_mf_course3=12
jockey_win_rate=12
f_course1=11
f_course3=11
f_class2=11
f_classout=11
mf_class1=11
agari_5=11
corner_chase_4=11
mf_courseout=10
corner_ratio_4=9
margin_5=9
time_df_course1=7
weight_change=6
mf_course2=4
mf_class2=3
f_len1=2
f_mf_class2=2
mf_len1=1
f_mf_classout=1
f_class1=1
result_3=1

parameters:
[boosting: gbdt]
[objective: binary]
[metric: binary_logloss]
[tree_learner: serial]
[device_type: cpu]
[data_sample_strategy: bagging]
[data: ]
[valid: ]
[num_iterations: 361]
[learning_rate: 0.00895904]
[num_leaves: 16]
[num_threads: 16]
[seed: 0]
[deterministic: 0]
[force_col_wise: 1]
[force_row_wise: 0]
[histogram_pool_size: -1]
[max_depth: 4]
[min_data_in_leaf: 6]
[min_sum_hessian_in_leaf: 0.001]
[bagging_fraction: 1]
[pos_bagging_fraction: 1]
[neg_bagging_fraction: 1]
[bagging_freq: 0]
[bagging_seed: 7719]
[feature_fraction: 1]
[feature_fraction_bynode: 1]
[feature_fraction_seed: 2437]
[extra_trees: 0]
[extra_seed: 11797]
[early_stopping_round: 0]
[first_metric_only: 0]
[max_delta_step: 0]
[lambda_l1: 0.00241985]
[lambda_l2: 0.191486]
[linear_lambda: 0]
[min_gain_to_split: 0]
[drop_rate: 0.1]
[max_drop: 50]
[skip_drop: 0.5]
[xgboost_dart_mode: 0]
[uniform_drop: 0]
[drop_seed: 21238]
[top_rate: 0.2]
[other_rate: 0.1]
[min_data_per_group: 100]
[max_cat_threshold: 32]
[cat_l2: 10]
[cat_smooth: 10]
[max_cat_to_onehot: 4]
[top_k: 20]
[monotone_constraints: ]
[monotone_constraints_method: basic]
[monotone_penalty: 0]
[feature_contri: ]
[forcedsplits_filename: ]
[refit_decay_rate: 0.9]
[cegb_tradeoff: 1]
[cegb_penalty_split: 0]
[cegb_penalty_feature_lazy: ]
[cegb_penalty_feature_coupled: ]
[path_smooth: 0]
[interaction_constraints: ]
[verbosity: -1]
[saved_feature_importance_type: 0]
[use_quantized_grad: 0]
[num_grad_quant_bins: 4]
[quant_train_renew_leaf: 0]
[stochastic_rounding: 1]
[linear_tree: 0]
[max_bin: 255]
[max_bin_by_feature: ]
[min_data_in_bin: 3]
[bin_construct_sample_cnt: 200000]
[data_random_seed: 38]
[is_enable_sparse: 1]
[enable_bundle: 1]
[use_missing: 1]
[zero_as_missing: 0]
[feature_pre_filter: 1]
[pre_partition: 0]
[two_round: 0]
[header: 0]
[label_column: ]
[weight_column: ]
[group_column: ]
[ignore_column: ]
[categorical_feature: ]
[forcedbins_filename: ]
[precise_float_parser: 0]
[parser_config_file: ]
[objective_seed: 8855]
[num_class: 1]
[is_unbalance: 0]
[scale_pos_weight: 3.62548]
[sigmoid: 1]
[boost_from_average: 1]
[reg_sqrt: 0]
[alpha: 0.9]
[fair_c: 1]
[poisson_max_delta_step: 0.7]
[tweedie_variance_power: 1.5]
[lambdarank_truncation_level: 30]
[lambdarank_norm: 1]
[label_gain: ]
[lambdarank_position_bias_regularization: 0]
[eval_at: ]
[multi_error_top_k: 1]
[auc_mu_weights: ]
[num_machines: 1]
[local_listen_port: 12400]
[time_out: 120]
[machine_list_filename: ]
[machines: ]
[gpu_platform_id: -1]
[gpu_device_id: -1]
[gpu_use_dp: 0]
[num_gpu: 1]

end of parameters

pandas_categorical:[]
