tree
version=v4
num_class=1
num_tree_per_iteration=1
label_index=0
max_feature_idx=106
objective=binary sigmoid:1
feature_names=f_course1 f_course2 f_course3 f_courseout mf_course1 mf_course2 mf_course3 mf_courseout f_mf_course1 f_mf_course2 f_mf_course3 f_mf_courseout f_len1 f_len2 f_len3 f_lenout mf_len1 mf_len2 mf_len3 mf_classout f_mf_len1 f_mf_len2 f_mf_len3 f_mf_classout f_class1 f_class2 f_class3 f_classout mf_class1 mf_class2 mf_class3 mf_classout.1 f_mf_class1 f_mf_class2 f_mf_class3 f_mf_classout.1 time_df_course1 time_df_class1 ninki_1 result_1 agari_1 margin_1 corner_ratio_1 time_df_course2 time_df_class2 ninki_2 result_2 agari_2 margin_2 corner_ratio_2 time_df_course3 time_df_class3 ninki_3 result_3 agari_3 margin_3 corner_ratio_3 rank_trend weight_change dist_change jockey_win_rate jockey_place_rate waku umaban current_odds current_popularity father_cat mother_father_cat paternal_gf_cat time_df_course4 time_df_class4 ninki_4 result_4 agari_4 margin_4 corner_ratio_4 time_df_course5 time_df_class5 ninki_5 result_5 agari_5 margin_5 corner_ratio_5 rank_trend_5 win_rate_recent5 kinryo days_since_last_race n_horses_today n_horses_1 horse_weight_abs_1 corner_chase_1 corner_chase_2 corner_chase_3 corner_chase_4 corner_chase_5 agari_trend_5 time_diff_trend_5 agari_df_course_1 agari_df_course_2 agari_df_course_3 agari_df_course_4 agari_df_course_5 corner_ratio_std5 agari_std5 kinryo_diff_1 same_course_cnt5 same_course_pr5
feature_infos=[0:20] [0:19] [0:16] [0:161] [0:22] [0:22] [0:13] [0:178] [0:5] [0:4] [0:3] [0:27] [0:8] [0:7] [0:6] [0:58] [0:7] [0:7] [0:5] [0:51] [0:3] [0:3] [0:3] [0:11] [0:4] [0:3] [0:5] [0:22] [0:4] [0:4] [0:3] [0:23] [0:1] [0:1] [0:2] [0:6] [-1:0] [-1:0] [-1:180] [-1:140] [-1:95.400000000000006] [-1:59] [-1:1] [-1:0] [-1:0] [-1:180] [-1:180] [-1:47.399999999999999] [-1:14.5] [-1:1] [-1:0] [-1:0] [-1:180] [-1:170] [-1:48.299999999999997] [-1:64.900000000000006] [-1:1] [-55:80] [-42:68] [-1800:1000] [-1:1] [-1:1] [1:8] [1:16] [-1:720.29999999999995] [-1:16] [52:1736] [1:1736] [1:1721] [-1:0] [-1:0] [-1:170] [-1:170] [-1:46.5] [-1:10.9] [-1:1] [-1:0] [-1:0] [-1:180] [-1:160] [-1:48.100000000000001] [-1:13.800000000000001] [-1:1] [-22:55] [-1:1] [49:58] [-1652:574] [7:16] [-1:18] [-1:574] [-1:0.90909090909090917] [-1:0.93333333333333324] [-1:0.90000000000000002] [-1:0.80000000000000004] [-1:0.875] [-9.9499999999999993:11.890000000000001] [-1:0] [-3.4258999999999986:57.246200000000009] [-3.125900000000001:7.7740999999999971] [-4.3926000000000016:9.6408000000000005] [-2.992600000000003:7.2408000000000001] [-3.9705999999999975:9.8833999999999964] [-1:0.41814476120395672] [-1:23.041215245728687] [-8:6] [0:5] [-1:1]
tree_sizes=1067 1085 1087 1084 1084 1086 1087 1084 1085 1086 1088 1086 985 1088 984 982 983 986 984 985 982 987 987 986 986 981 984 984 1091 1080 985 1087 1084 1083 1083 1086 1083 1084 1085 1085 1083 1085 1090 1084 1084 1092 1080 1085 1087 1083 1085 1086 1085 1081 1091 1085 1085 1085 1088 1080 1084 1086 1092 1089 1088 1087 1087 1088 1087 1086 1084 1091 1082 1089 1084 988 1090 1090 983 1088 1086 985 1090 1086 1093 986 1085 1092 1087 984 1087 984 1092 1087 1087 1617 986 1616 983 1615 1086 1618 1617 986 1621 1626 1093 1621 1714 1621 1091 1618 1711 1512 1704 1708 1617 1624 1707 1831 1709 1520 1706 1623 1840 1703 1624 1705 1833 1718 1707 1723 1828 1701 1724 1710 1829 1725 1713 1837 1718 1731 1723 1840 1724 1835 1612 1727 1622 1613 1829 1624 1617 1836 1615 1620 1827 1730 1628 1832 1731 1839 1828 1722 1620 1835 1727 1839 1726 1839 1827 1716 1836 1837 1726 1836 1730 1835 1841 1836 1729 1838 1723 1830 1620 1837 1622 1723 1839 1723 1617 1727 1624 1833 1723 1621 1725 1723 1827 1725 1616 1733 1621 1715 1721 1623 1096 1620 1719 778 1619 1625 1708 1617 1624 1617 1625 1619 1720 1726 1626 1725 1624 1619 1719 1626 1723 775 1723 1624 1725 1723 1726 1618 1723 1732 1619 1727 778 1517 1719 1623 771 1502 1728 1623 1628 1403 1723 1517 1515 1522 1396 1518 1515 1517 1512 1835 1518 1511 1511 975 1512 1520 1514 978 1621 1515 1514 1512 1494 1719 1516 1517 1512 1515 1842 1510 1512 1517 980 1521 1513 1827 979 1514 1625 1517 1513 983 1518 1628 1518 1520 1398 1623 1521 1625 1512 1515 1400 1834 1516 981 1518 1628 1412 1294 1624 1513 1627 1520 1517 1635 1299 1611 1300 1519 1638 1293 1733 1520 1840 1626 979 1515 1620 1837 1830 1630 1613 1615 1615 1525 1618 1292 1414 1841 1294 1405 1845 1416 1293 1838 982 1739 1619 1300 1416 1833 1403 1518 1834 1417 1305 1299 1517 1400 780 1744 1195

Tree=0
num_leaves=9
num_cat=0
split_feature=64 59 61 64 57 56 65 85
split_gain=874.301 441.488 249.234 215.252 214.123 207.394 131.17 44.2259
threshold=107.65000000000002 350.00000000000006 0.033908045977011456 10.950000000000001 -2.7499999999999996 0.41421568627450983 3.5000000000000004 53.500000000000007
decision_type=2 2 2 2 2 2 2 2
left_child=1 2 3 -1 7 -4 -6 -3
right_child=-2 4 5 -5 6 -7 -8 -9
leaf_value=-0.12650039811143235 -0.15345835919294895 -0.11946482984910931 -0.12103783024395708 -0.15341355068945717 -0.13189242815807206 -0.12886621375841004 -0.15344922201172517 -0.142834984477308
leaf_weight=58.886466190218925 89.580722451210022 37.986330151557922 1276.2595842033625 39.81365442276001 33.035497263073921 345.87175808846951 71.415742620825768 7.7297438085079184
leaf_count=69 360 10 591 160 58 478 287 23
internal_value=-0.136721 -0.124832 -0.123547 -0.137368 -0.139561 -0.122706 -0.146635 -0.123426
internal_weight=0 1871 1720.83 98.7001 150.167 1622.13 104.451 45.7161
internal_count=2036 1676 1298 229 378 1069 345 33
is_linear=0
shrinkage=1


Tree=1
num_leaves=9
num_cat=0
split_feature=64 59 61 64 57 56 65 85
split_gain=858.44 432.979 244.364 211.543 210.319 203.207 129.041 43.3771
threshold=107.65000000000002 350.00000000000006 0.033908045977011456 10.950000000000001 -2.7499999999999996 0.41421568627450983 3.5000000000000004 53.500000000000007
decision_type=2 2 2 2 2 2 2 2
left_child=1 2 3 -1 7 -4 -6 -3
right_child=-2 4 5 -5 6 -7 -8 -9
leaf_value=0.010122659446080026 -0.016607754072147419 0.017083626722876024 0.015527074148492744 -0.016563579704971437 0.0047841522581115251 0.0077805222717722382 -0.016598747709203665 -0.0060629303059577411
leaf_weight=58.926028192043304 89.472211003303528 38.028278589248657 1277.5482578128576 39.765563011169434 33.046195223927498 346.05192738771439 71.32928192615509 7.7264472544193259
leaf_count=69 360 10 591 160 58 478 287 23
internal_value=0 0.0117733 0.0130452 -0.000640996 -0.00281525 0.0138771 -0.00983216 0.0131655
internal_weight=0 1872.42 1722.29 98.6916 150.13 1623.6 104.375 45.7547
internal_count=2036 1676 1298 229 378 1069 345 33
is_linear=0
shrinkage=0.00895904


Tree=2
num_leaves=9
num_cat=0
split_feature=64 59 61 64 57 56 65 85
split_gain=842.964 424.682 239.621 207.919 206.605 199.185 126.967 42.5531
threshold=107.65000000000002 350.00000000000006 0.033908045977011456 10.950000000000001 -2.7499999999999996 0.41421568627450983 3.5000000000000004 53.500000000000007
decision_type=2 2 2 2 2 2 2 2
left_child=1 2 3 -1 7 -4 -6 -3
right_child=-2 4 5 -5 6 -7 -8 -9
leaf_value=0.01002609899720844 -0.016481409242522012 0.016915328426088148 0.015374414871538136 -0.016437839287192078 0.0047400723002056716 0.0077070965572139938 -0.016472525184168758 -0.0060125269666676381
leaf_weight=58.962213918566704 89.352369904518127 38.064290046691895 1278.6710428148508 39.712462425231934 33.056419804692268 346.21999362111092 71.233801811933517 7.7230372428894034
leaf_count=69 360 10 591 160 58 478 287 23
internal_value=0 0.0116602 0.0129187 -0.000635527 -0.00279108 0.0137418 -0.00975229 0.0130386
internal_weight=0 1873.64 1723.57 98.6747 150.078 1624.89 104.29 45.7873
internal_count=2036 1676 1298 229 378 1069 345 33
is_linear=0
shrinkage=0.00895904


Tree=3
num_leaves=9
num_cat=0
split_feature=64 59 61 64 57 56 65 85
split_gain=827.859 416.59 235.001 204.378 202.979 195.318 124.944 41.7529
threshold=107.65000000000002 350.00000000000006 0.033908045977011456 10.950000000000001 -2.7499999999999996 0.41421568627450983 3.5000000000000004 53.500000000000007
decision_type=2 2 2 2 2 2 2 2
left_child=1 2 3 -1 7 -4 -6 -3
right_child=-2 4 5 -5 6 -7 -8 -9
leaf_value=0.0099310180675275788 -0.01635807654561168 0.01675124535571023 0.015225199858093421 -0.016315083213989556 0.0046964656163822624 0.0076346267538431748 -0.016349309665359909 -0.0059626270343894954
leaf_weight=58.995105668902397 89.221521019935608 38.094516754150391 1279.6321799904108 39.654498100280762 33.066180989146233 346.37626053392887 71.129558876156807 7.7195179164409629
leaf_count=69 360 10 591 160 58 478 287 23
internal_value=0 0.0115494 0.0127949 -0.000630161 -0.0027674 0.0136093 -0.00967393 0.0129147
internal_weight=0 1874.67 1724.66 98.6496 150.01 1626.01 104.196 45.814
internal_count=2036 1676 1298 229 378 1069 345 33
is_linear=0
shrinkage=0.00895904


Tree=4
num_leaves=9
num_cat=0
split_feature=64 59 61 64 57 56 65 85
split_gain=813.115 408.695 230.499 200.918 199.437 191.598 122.973 40.9755
threshold=107.65000000000002 350.00000000000006 0.033908045977011456 10.950000000000001 -2.7499999999999996 0.41421568627450983 3.5000000000000004 53.500000000000007
decision_type=2 2 2 2 2 2 2 2
left_child=1 2 3 -1 7 -4 -6 -3
right_child=-2 4 5 -5 6 -7 -8 -9
leaf_value=0.0098373772727326 -0.016237656343773509 0.016591213291271993 0.015079303658983776 -0.016195213342856597 0.0046533236994047347 0.0075630925223359275 -0.016229001475801367 -0.0059132228332112171
leaf_weight=59.02478763461113 89.079980850219727 38.119109511375427 1280.4358629733324 39.591803550720215 33.075490310788155 346.52100558578968 71.016796886920929 7.7158925235271445
leaf_count=69 360 10 591 160 58 478 287 23
internal_value=0 0.0114408 0.0126735 -0.000624892 -0.00274419 0.0134795 -0.00959704 0.0127935
internal_weight=0 1875.5 1725.57 98.6166 149.927 1626.96 104.092 45.835
internal_count=2036 1676 1298 229 378 1069 345 33
is_linear=0
shrinkage=0.00895904


Tree=5
num_leaves=9
num_cat=0
split_feature=64 59 61 64 57 56 65 85
split_gain=798.718 400.992 226.111 197.535 195.978 188.018 121.05 40.2199
threshold=107.65000000000002 350.00000000000006 0.033908045977011456 10.950000000000001 -2.7499999999999996 0.41421568627450983 3.5000000000000004 53.500000000000007
decision_type=2 2 2 2 2 2 2 2
left_child=1 2 3 -1 7 -4 -6 -3
right_child=-2 4 5 -5 6 -7 -8 -9
leaf_value=0.0097451389668108731 -0.016120050923718356 0.016435080904989931 0.014936607139399528 -0.016078131733857682 0.0046106395717583999 0.0074924731166420904 -0.016111503121997644 -0.0058643062126115149
leaf_weight=59.051340162754059 88.928055167198181 38.138213396072388 1281.0861820280552 39.524519443511963 33.084357842803001 346.65453085303307 70.895763888955116 7.7121645510196677
leaf_count=69 360 10 591 160 58 478 287 23
internal_value=0 0.0113344 0.0125545 -0.000619718 -0.00272144 0.0133523 -0.00952158 0.012675
internal_weight=0 1876.15 1726.32 98.5759 149.83 1627.74 103.98 45.8504
internal_count=2036 1676 1298 229 378 1069 345 33
is_linear=0
shrinkage=0.00895904


Tree=6
num_leaves=9
num_cat=0
split_feature=64 59 61 64 57 56 65 85
split_gain=784.658 393.474 221.833 194.228 192.597 184.571 119.174 39.4854
threshold=107.65000000000002 350.00000000000006 0.033908045977011456 10.950000000000001 -2.7499999999999996 0.41421568627450983 3.5000000000000004 53.500000000000007
decision_type=2 2 2 2 2 2 2 2
left_child=1 2 3 -1 7 -4 -6 -3
right_child=-2 4 5 -5 6 -7 -8 -9
leaf_value=0.0096542667084440394 -0.016005165536150022 0.016282698956555552 0.014796996352583471 -0.01596374618643065 0.0045684066001354271 0.0074227495516575601 -0.015996719016458352 -0.0058158698610478671
leaf_weight=59.074842438101768 88.766049742698669 38.151975035667419 1281.5871557742357 39.452776908874512 33.092794597148895 346.77709770202637 70.766707926988602 7.7083367705345145
leaf_count=69 360 10 591 160 58 478 287 23
internal_value=0 0.0112301 0.0124379 -0.000614636 -0.00269913 0.0132276 -0.00944749 0.0125591
internal_weight=0 1876.61 1726.89 98.5276 149.72 1628.36 103.86 45.8603
internal_count=2036 1676 1298 229 378 1069 345 33
is_linear=0
shrinkage=0.00895904


Tree=7
num_leaves=9
num_cat=0
split_feature=64 59 61 64 57 56 65 85
split_gain=770.924 386.135 217.661 190.994 189.294 181.25 117.343 38.771
threshold=107.65000000000002 350.00000000000006 0.033908045977011456 10.950000000000001 -2.7499999999999996 0.41421568627450983 3.5000000000000004 53.500000000000007
decision_type=2 2 2 2 2 2 2 2
left_child=1 2 3 -1 7 -4 -6 -3
right_child=-2 4 5 -5 6 -7 -8 -9
leaf_value=0.0095647244280985776 -0.01589291121966695 0.016133932429143103 0.014660363287813595 -0.015851970448566271 0.0045266185535762626 0.0073539035418065122 -0.015884563329311867 -0.0057679063034719626
leaf_weight=59.095372930169106 88.59425961971283 38.160531640052795 1281.9426950365305 39.376707077026367 33.100810527801514 346.88898679614067 70.629855662584305 7.7044125795364371
leaf_count=69 360 10 591 160 58 478 287 23
internal_value=0 0.0111277 0.0123235 -0.000609644 -0.00267725 0.0131054 -0.00937474 0.0124457
internal_weight=0 1876.9 1727.3 98.4721 149.596 1628.83 103.731 45.8649
internal_count=2036 1676 1298 229 378 1069 345 33
is_linear=0
shrinkage=0.00895904


Tree=8
num_leaves=9
num_cat=0
split_feature=64 59 61 64 57 56 65 85
split_gain=757.505 378.969 213.591 187.831 186.065 178.049 115.556 38.076
threshold=107.65000000000002 350.00000000000006 0.033908045977011456 10.950000000000001 -2.7499999999999996 0.41421568627450983 3.5000000000000004 53.500000000000007
decision_type=2 2 2 2 2 2 2 2
left_child=1 2 3 -1 7 -4 -6 -3
right_child=-2 4 5 -5 6 -7 -8 -9
leaf_value=0.009476478811560423 -0.015783204595154463 0.015988645731277642 0.01452660378804628 -0.015742717464249205 0.0044852688665807244 0.0072859157194337942 -0.015774949657657369 -0.0057204081808401872
leaf_weight=59.113004580140114 88.41296911239624 38.164021849632263 1282.1566460132599 39.296438694000244 33.10841391980648 346.99046187102795 70.485438033938408 7.7003950774669638
leaf_count=69 360 10 591 160 58 478 287 23
internal_value=0 0.0110274 0.0122113 -0.000604739 -0.00265578 0.0129855 -0.00930328 0.0123347
internal_weight=0 1877.01 1727.56 98.4094 149.458 1629.15 103.594 45.8644
internal_count=2036 1676 1298 229 378 1069 345 33
is_linear=0
shrinkage=0.00895904


Tree=9
num_leaves=9
num_cat=0
split_feature=64 59 61 64 57 56 65 85
split_gain=744.392 371.97 209.621 184.736 182.908 174.962 113.812 37.3996
threshold=107.65000000000002 350.00000000000006 0.033908045977011456 10.950000000000001 -2.7499999999999996 0.41421568627450983 3.5000000000000004 53.500000000000007
decision_type=2 2 2 2 2 2 2 2
left_child=1 2 3 -1 7 -4 -6 -3
right_child=-2 4 5 -5 6 -7 -8 -9
leaf_value=0.009389497174439437 -0.015675962649881098 0.015846714508607133 0.014395619094628807 -0.015635908635159172 0.0044443504819593445 0.0072187692879536877 -0.01566779603512352 -0.0056733681844827319
leaf_weight=59.127815738320351 88.22246789932251 38.162580728530884 1282.2327881604433 39.212093353271484 33.115616261959076 347.08178403973579 70.333681702613831 7.6962874233722678
leaf_count=69 360 10 591 160 58 478 287 23
internal_value=0 0.0109289 0.0121012 -0.000599917 -0.00263471 0.0128678 -0.00923308 0.0122261
internal_weight=0 1876.96 1727.65 98.3399 149.308 1629.31 103.449 45.8589
internal_count=2036 1676 1298 229 378 1069 345 33
is_linear=0
shrinkage=0.00895904


Tree=10
num_leaves=9
num_cat=0
split_feature=64 59 61 64 57 56 65 85
split_gain=731.574 365.133 205.746 181.708 179.821 171.983 112.108 36.7411
threshold=107.65000000000002 350.00000000000006 0.033908045977011456 10.950000000000001 -2.7499999999999996 0.41421568627450983 3.5000000000000004 53.500000000000007
decision_type=2 2 2 2 2 2 2 2
left_child=1 2 3 -1 7 -4 -6 -3
right_child=-2 4 5 -5 6 -7 -8 -9
leaf_value=0.0093037475096027986 -0.015571106391883636 0.015708017830543694 0.014267314360372043 -0.015531466620609266 0.0044038577613726045 0.0071524470359651928 -0.015563023687619023 -0.0056267803210361825
leaf_weight=59.139875009655952 88.023029565811157 38.156340837478638 1282.1747645884752 39.123795032501221 33.122427389025688 347.16321763396263 70.17480905354023 7.6920928657054892
leaf_count=69 360 10 591 160 58 478 287 23
internal_value=0 0.0108322 0.0119932 -0.000595178 -0.00261403 0.0127524 -0.0091641 0.0121196
internal_weight=0 1876.75 1727.6 98.2637 149.146 1629.34 103.297 45.8484
internal_count=2036 1676 1298 229 378 1069 345 33
is_linear=0
shrinkage=0.00895904


Tree=11
num_leaves=9
num_cat=0
split_feature=64 59 61 64 57 56 65 85
split_gain=719.043 358.454 201.964 178.745 176.801 169.108 110.444 36.0998
threshold=107.65000000000002 350.00000000000006 0.033908045977011456 10.950000000000001 -2.7499999999999996 0.41421568627450983 3.5000000000000004 53.500000000000007
decision_type=2 2 2 2 2 2 2 2
left_child=1 2 3 -1 7 -4 -6 -3
right_child=-2 4 5 -5 6 -7 -8 -9
leaf_value=0.0092191995112108332 -0.015468562029274758 0.015572441822411577 0.01414160010706674 -0.015429315863645592 0.0043637841477760213 0.0070869317166570196 -0.015460560002348038 -0.0055806371216955957
leaf_weight=59.149255409836769 87.814922332763672 38.145428419113159 1281.9861985743046 39.031662940979004 33.128854870796204 347.235003054142 70.009033918380737 7.6878135204315177
leaf_count=69 360 10 591 160 58 478 287 23
internal_value=0 0.0107373 0.0118871 -0.000590517 -0.00259373 0.0126391 -0.0090963 0.0120154
internal_weight=0 1876.37 1727.4 98.1809 148.971 1629.22 103.138 45.8332
internal_count=2036 1676 1298 229 378 1069 345 33
is_linear=0
shrinkage=0.00895904


Tree=12
num_leaves=8
num_cat=0
split_feature=64 59 64 61 64 105 56
split_gain=706.791 351.957 221.517 176.77 170.804 151.735 147.236
threshold=107.65000000000002 250.00000000000003 26.150000000000002 0.033908045977011456 10.950000000000001 1.5000000000000002 0.41421568627450983
decision_type=2 2 2 2 2 2 2
left_child=1 3 5 4 -1 -3 -5
right_child=-2 2 -4 6 -6 -7 -8
leaf_value=0.0094797582997222189 -0.015368258661640195 -0.006382576679322678 -0.01578049371558185 0.014087092921575431 -0.015322706313338604 0.012674373246478942 0.0073713552583276965
leaf_weight=58.406105399131775 87.598409056663513 54.628850281238556 55.751355588436127 1252.7770634293556 35.772279024124146 86.273005470633507 332.23609113693237
leaf_count=66 360 165 228 569 147 56 445
internal_value=0 0.0106441 -0.000695053 0.011972 4.67004e-05 0.00528704 0.0126805
internal_weight=0 1875.84 196.653 1679.19 94.1784 140.902 1585.01
internal_count=2036 1676 449 1227 213 221 1014
is_linear=0
shrinkage=0.00895904


Tree=13
num_leaves=9
num_cat=0
split_feature=64 59 61 64 57 56 65 85
split_gain=694.791 345.655 194.723 172.994 171.614 163.681 108.19 34.9585
threshold=107.65000000000002 350.00000000000006 0.033908045977011456 10.950000000000001 -2.7499999999999996 0.41421568627450983 3.5000000000000004 53.500000000000007
decision_type=2 2 2 2 2 2 2 2
left_child=1 2 3 -1 7 -4 -6 -3
right_child=-2 4 5 -5 6 -7 -8 -9
leaf_value=0.0090515890880078723 -0.015270124079110978 0.015342261075024387 0.013897908020186547 -0.015232563367082015 0.0043384138052486162 0.0069578538582659132 -0.015294992330613825 -0.0054856930274894576
leaf_weight=59.160300448536873 87.37375795841217 38.115211650729179 1281.2320039272308 38.837295562028885 33.132207676768303 347.35012340545654 69.71679151058197 7.6784483939409247
leaf_count=69 360 10 591 160 58 478 287 23
internal_value=0 0.0105523 0.0116808 -0.000583148 -0.00255394 0.0124187 -0.00897369 0.0118412
internal_weight=0 1875.22 1726.58 97.9976 148.643 1628.58 102.849 45.7937
internal_count=2036 1676 1298 229 378 1069 345 33
is_linear=0
shrinkage=0.00895904


Tree=14
num_leaves=8
num_cat=0
split_feature=64 59 64 61 64 105 56
split_gain=683.068 340.009 215.46 170.384 165.358 147.113 142.489
threshold=107.65000000000002 250.00000000000003 26.150000000000002 0.033908045977011456 10.950000000000001 1.5000000000000002 0.41421568627450983
decision_type=2 2 2 2 2 2 2
left_child=1 3 5 4 -1 -3 -5
right_child=-2 2 -4 6 -6 -7 -8
leaf_value=0.0093133241681283337 -0.01517409573638214 -0.0063006312280714698 -0.015611322679166715 0.013847321727630183 -0.015129326170931262 0.012475100402275254 0.0072409595433001236
leaf_weight=58.412038564682007 87.141210436820984 54.541328802704811 55.509485140442848 1251.7980732917786 35.586367204785347 86.22279392182827 332.33131471276283
leaf_count=66 360 165 228 569 147 56 445
internal_value=0 0.0104623 -0.000694222 0.0117671 4.7533e-05 0.00520131 0.0124624
internal_weight=0 1874.4 196.274 1678.13 93.9984 140.764 1584.13
internal_count=2036 1676 449 1227 213 221 1014
is_linear=0
shrinkage=0.00895904


Tree=15
num_leaves=8
num_cat=0
split_feature=64 59 64 61 64 105 56
split_gain=671.584 333.971 212.038 167.314 162.699 144.524 140.289
threshold=107.65000000000002 250.00000000000003 26.150000000000002 0.033908045977011456 10.950000000000001 1.5000000000000002 0.41421568627450983
decision_type=2 2 2 2 2 2 2
left_child=1 3 5 4 -1 -3 -5
right_child=-2 2 -4 6 -6 -7 -8
leaf_value=0.0092302854266485476 -0.015080108763755347 -0.0062482769452470851 -0.01550863666172075 0.013730608363862069 -0.015035723637894511 0.01236565596614296 0.0071753627088117708
leaf_weight=58.411234736442566 86.901023983955383 54.507356032729149 55.378275245428085 1251.1329289674759 35.488729164004326 86.208367735147476 332.36646789312363
leaf_count=66 360 165 228 569 147 56 445
internal_value=0 0.0103736 -0.000688762 0.0116668 4.69788e-05 0.00515655 0.0123558
internal_weight=0 1873.49 196.094 1677.4 93.9 140.716 1583.5
internal_count=2036 1676 449 1227 213 221 1014
is_linear=0
shrinkage=0.00895904


Tree=16
num_leaves=8
num_cat=0
split_feature=64 59 64 61 64 105 56
split_gain=660.347 328.07 208.69 164.315 160.096 141.991 138.161
threshold=107.65000000000002 250.00000000000003 26.150000000000002 0.033908045977011456 10.950000000000001 1.5000000000000002 0.41421568627450983
decision_type=2 2 2 2 2 2 2
left_child=1 3 5 4 -1 -3 -5
right_child=-2 2 -4 6 -6 -7 -8
leaf_value=0.009148377834517888 -0.014988101460474428 -0.0061964444235072134 -0.015408180444125128 0.013616109796144391 -0.014944082765236677 0.012258087684150775 0.0071105516692253831
leaf_weight=58.407938241958618 86.653439998626709 54.472643598914146 55.24181167781353 1250.3555967211723 35.388083606958389 86.187518760561943 332.39271496236324
leaf_count=66 360 165 228 569 147 56 445
internal_value=0 0.0102865 -0.000683389 0.0115682 4.64313e-05 0.00511245 0.0122509
internal_weight=0 1872.45 195.902 1676.54 93.796 140.66 1582.75
internal_count=2036 1676 449 1227 213 221 1014
is_linear=0
shrinkage=0.00895904


Tree=17
num_leaves=8
num_cat=0
split_feature=64 59 64 61 64 105 56
split_gain=649.35 322.299 205.413 161.384 157.545 139.512 136.103
threshold=107.65000000000002 250.00000000000003 26.150000000000002 0.033908045977011456 10.950000000000001 1.5000000000000002 0.41421568627450983
decision_type=2 2 2 2 2 2 2
left_child=1 3 5 4 -1 -3 -5
right_child=-2 2 -4 6 -6 -7 -8
leaf_value=0.0090675740550996281 -0.014898015328711389 -0.006145124985917118 -0.015309884375322387 0.013503755230719302 -0.014854346817570342 0.012152339324305365 0.0070465106050738319
leaf_weight=58.402215361595154 86.398689150810242 54.437215313315392 55.10026153922081 1249.4691596627235 35.284529104828835 86.160421118140221 332.41027845442295
leaf_count=66 360 165 228 569 147 56 445
internal_value=0 0.0102008 -0.000678101 0.0114713 4.58894e-05 0.00506897 0.0121479
internal_weight=0 1871.26 195.698 1675.57 93.6867 140.598 1581.88
internal_count=2036 1676 449 1227 213 221 1014
is_linear=0
shrinkage=0.00895904


Tree=18
num_leaves=8
num_cat=0
split_feature=64 59 64 61 64 105 56
split_gain=638.586 316.655 202.206 158.519 155.047 137.085 134.11
threshold=107.65000000000002 250.00000000000003 26.150000000000002 0.033908045977011456 10.950000000000001 1.5000000000000002 0.41421568627450983
decision_type=2 2 2 2 2 2 2
left_child=1 3 5 4 -1 -3 -5
right_child=-2 2 -4 6 -6 -7 -8
leaf_value=0.008987847676480679 -0.014809795540226054 -0.0060943111114496983 -0.015213683798986041 0.013393477164329193 -0.014766458660458493 0.012048355512538174 0.0069832242388413873
leaf_weight=58.394134521484375 86.137007474899292 54.40109883248806 54.953776121139526 1248.4767097234726 35.178157657384872 86.127252280712128 332.41940480470657
leaf_count=66 360 165 228 569 147 56 445
internal_value=0 0.0101165 -0.000672896 0.011376 4.53541e-05 0.00502611 0.0120466
internal_weight=0 1869.95 195.482 1674.47 93.5723 140.528 1580.9
internal_count=2036 1676 449 1227 213 221 1014
is_linear=0
shrinkage=0.00895904


Tree=19
num_leaves=8
num_cat=0
split_feature=64 59 64 61 64 105 56
split_gain=628.048 311.135 199.065 155.719 152.599 134.709 132.18
threshold=107.65000000000002 250.00000000000003 26.150000000000002 0.033908045977011456 10.950000000000001 1.5000000000000002 0.41421568627450983
decision_type=2 2 2 2 2 2 2
left_child=1 3 5 4 -1 -3 -5
right_child=-2 2 -4 6 -6 -7 -8
leaf_value=0.0089091735770561679 -0.014723386973781904 -0.0060439941177269883 -0.015119514692713448 0.013285209826160193 -0.014680364719426645 0.011946084950357235 0.006920678217361107
leaf_weight=58.383755683898926 85.868620276451111 54.364315241575241 54.802516177296638 1247.3812417984009 35.069063454866409 86.088175430893898 332.42030046880245
leaf_count=66 360 165 228 569 147 56 445
internal_value=0 0.0100336 -0.000667771 0.0112824 4.48248e-05 0.00498384 0.011947
internal_weight=0 1868.51 195.255 1673.25 93.4528 140.452 1579.8
internal_count=2036 1676 449 1227 213 221 1014
is_linear=0
shrinkage=0.00895904


Tree=20
num_leaves=8
num_cat=0
split_feature=64 59 64 61 64 105 56
split_gain=617.731 305.735 195.99 152.981 150.2 132.384 130.311
threshold=107.65000000000002 250.00000000000003 26.150000000000002 0.033908045977011456 10.950000000000001 1.5000000000000002 0.41421568627450983
decision_type=2 2 2 2 2 2 2
left_child=1 3 5 4 -1 -3 -5
right_child=-2 2 -4 6 -6 -7 -8
leaf_value=0.0088315262577733228 -0.014638737834933337 -0.0059941660163727864 -0.015027316357031242 0.013178891236116983 -0.01459601323242235 0.011845478273355628 0.0068588584446988956
leaf_weight=58.371145486831665 85.593752861022949 54.326889455318451 54.64663128554821 1246.1856550574303 34.95733630657196 86.043351411819458 332.41319355368614
leaf_count=66 360 165 228 569 147 56 445
internal_value=0 0.00995212 -0.000662723 0.0111902 4.43014e-05 0.00494216 0.0118491
internal_weight=0 1866.94 195.017 1671.93 93.3285 140.37 1578.6
internal_count=2036 1676 449 1227 213 221 1014
is_linear=0
shrinkage=0.00895904


Tree=21
num_leaves=8
num_cat=0
split_feature=64 59 64 61 64 105 56
split_gain=607.627 300.451 192.978 150.304 147.849 130.106 128.498
threshold=107.65000000000002 250.00000000000003 26.150000000000002 0.033908045977011456 10.950000000000001 1.5000000000000002 0.41421568627450983
decision_type=2 2 2 2 2 2 2
left_child=1 3 5 4 -1 -3 -5
right_child=-2 2 -4 6 -6 -7 -8
leaf_value=0.0087548822262925735 -0.014555796951007068 -0.0059448200033369765 -0.014937032620677962 0.01307446089787056 -0.014513356379845728 0.011746485438611372 0.0067977505962911458
leaf_weight=58.356363892555237 85.312619805335999 54.288843363523483 54.486266389489174 1244.8928515911102 34.84306164085865 85.992948621511459 332.39829477667809
leaf_count=66 360 165 228 569 147 56 445
internal_value=0 0.0098719 -0.000657751 0.0110995 4.37834e-05 0.00490105 0.0117527
internal_weight=0 1865.26 194.768 1670.49 93.1994 140.282 1577.29
internal_count=2036 1676 449 1227 213 221 1014
is_linear=0
shrinkage=0.00895904


Tree=22
num_leaves=8
num_cat=0
split_feature=64 59 64 61 64 105 56
split_gain=597.731 295.279 190.028 147.685 145.544 127.875 126.741
threshold=107.65000000000002 250.00000000000003 26.150000000000002 0.033908045977011456 10.950000000000001 1.5000000000000002 0.41421568627450983
decision_type=2 2 2 2 2 2 2
left_child=1 3 5 4 -1 -3 -5
right_child=-2 2 -4 6 -6 -7 -8
leaf_value=0.0086792190837023993 -0.014474518374433689 -0.0058959482414795697 -0.014848606120309407 0.012971861383374955 -0.01443234525291142 0.011649061916910251 0.0067373416748084669
leaf_weight=58.339469194412231 85.02543032169342 54.250201925635338 54.321569889783859 1243.5056419372559 34.726327076554298 85.93711906671524 332.37581759691238
leaf_count=66 360 165 228 569 147 56 445
internal_value=0 0.00979296 -0.000652853 0.0110103 4.32714e-05 0.00486049 0.0116579
internal_weight=0 1863.46 194.509 1668.95 93.0658 140.187 1575.88
internal_count=2036 1676 449 1227 213 221 1014
is_linear=0
shrinkage=0.00895904


Tree=23
num_leaves=8
num_cat=0
split_feature=64 59 64 61 64 105 56
split_gain=588.036 290.218 187.137 145.124 143.285 125.691 125.036
threshold=107.65000000000002 250.00000000000003 26.150000000000002 0.033908045977011456 10.950000000000001 1.5000000000000002 0.41421568627450983
decision_type=2 2 2 2 2 2 2
left_child=1 3 5 4 -1 -3 -5
right_child=-2 2 -4 6 -6 -7 -8
leaf_value=0.0086045136157376079 -0.014394853667792605 -0.0058475435352611984 -0.014761984016639458 0.012871037635124986 -0.01435293384728782 0.011553162524774833 0.0066776185570056115
leaf_weight=58.320523858070374 84.732393622398376 54.21098268032074 54.152683079242706 1242.0267176032066 34.607218042016029 85.876015067100525 332.34596405923367
leaf_count=66 360 165 228 569 147 56 445
internal_value=0 0.00971526 -0.000648027 0.0109225 4.27646e-05 0.00482048 0.0115646
internal_weight=0 1861.54 194.24 1667.3 92.9277 140.087 1574.37
internal_count=2036 1676 449 1227 213 221 1014
is_linear=0
shrinkage=0.00895904


Tree=24
num_leaves=8
num_cat=0
split_feature=64 59 64 61 64 105 56
split_gain=578.539 285.262 184.305 142.617 141.07 123.55 123.381
threshold=107.65000000000002 250.00000000000003 26.150000000000002 0.033908045977011456 10.950000000000001 1.5000000000000002 0.41421568627450983
decision_type=2 2 2 2 2 2 2
left_child=1 3 5 4 -1 -3 -5
right_child=-2 2 -4 6 -6 -7 -8
leaf_value=0.008530744317653256 -0.014316759281282867 -0.0057995984108283752 -0.014677113241039324 0.012771935767031908 -0.014275078554065807 0.011458743056133095 0.0066185680854283467
leaf_weight=58.29958176612854 84.433708190917969 54.171211421489716 53.979742988944054 1240.4588169455528 34.485813394188881 85.809792667627335 332.30894391238689
leaf_count=66 360 165 228 569 147 56 445
internal_value=0 0.00963875 -0.000643271 0.0108361 4.22631e-05 0.00478099 0.0114728
internal_weight=0 1859.51 193.961 1665.55 92.7854 139.981 1572.77
internal_count=2036 1676 449 1227 213 221 1014
is_linear=0
shrinkage=0.00895904


Tree=25
num_leaves=8
num_cat=0
split_feature=64 59 64 3 73 64 105
split_gain=569.233 280.411 181.529 140.241 163.35 144.925 121.453
threshold=107.65000000000002 250.00000000000003 26.150000000000002 68.500000000000014 38.050000000000004 18.650000000000002 1.5000000000000002
decision_type=2 2 2 2 2 2 2
left_child=1 3 6 4 -1 -5 -3
right_child=-2 2 -4 5 -6 -7 -8
leaf_value=0.011942861386598476 -0.014240190616076211 -0.0057521061914742166 -0.014593945069094224 0.0062548027147889739 -0.0080821187055239198 -0.018273819436496357 0.011365764300167133
leaf_weight=1500.7190458476543 84.129583239555359 54.13090743124485 53.802883982658386 106.25698788464069 33.297646418213844 23.434714004397392 85.738592594861984
leaf_count=893 360 165 228 139 100 95 56
internal_value=0 0.00956342 -0.000638582 0.010751 0.0115072 0.00180202 0.00474201
internal_weight=0 1857.38 193.672 1663.71 1534.02 129.692 139.87
internal_count=2036 1676 449 1227 993 234 221
is_linear=0
shrinkage=0.00895904


Tree=26
num_leaves=8
num_cat=0
split_feature=64 59 64 61 64 56 105
split_gain=560.035 275.56 178.809 140.072 138.191 121.59 119.398
threshold=107.65000000000002 250.00000000000003 26.150000000000002 0.033908045977011456 10.950000000000001 0.41421568627450983 1.5000000000000002
decision_type=2 2 2 2 2 2 2
left_child=1 3 6 4 -1 -5 -3
right_child=-2 2 -4 5 -6 -7 -8
leaf_value=0.0083630176586134055 -0.014165108319007772 -0.0057050602065346978 -0.014512431090931236 0.012589334492402992 -0.014228547397480539 0.0064783578543961932 0.011274184643712012
leaf_weight=58.243425562977791 83.82020115852356 54.090091347694397 53.622242301702499 1237.2610801756382 34.409547030925751 332.18674232065678 85.662562131881714
leaf_count=66 360 165 228 569 147 445 56
internal_value=0 0.00948749 -0.00063396 0.010665 -3.88668e-05 0.0112969 0.00470354
internal_weight=0 1855.48 193.375 1662.1 92.653 1569.45 139.753
internal_count=2036 1676 449 1227 213 1014 221
is_linear=0
shrinkage=0.00895904


Tree=27
num_leaves=8
num_cat=0
split_feature=64 59 64 3 73 64 38
split_gain=551.096 270.906 176.142 137.815 159.959 142.085 117.741
threshold=107.65000000000002 250.00000000000003 26.150000000000002 68.500000000000014 38.050000000000004 18.650000000000002 5.5000000000000009
decision_type=2 2 2 2 2 2 2
left_child=1 3 6 4 -1 -5 -3
right_child=-2 2 -4 5 -6 -7 -8
leaf_value=0.011765060693095849 -0.014091471874937086 0.011114487645210792 -0.014432526592845874 0.0061192226782675148 -0.0080624291544480961 -0.018178674334800259 -0.0058012291989725752
leaf_weight=1497.3030379265547 83.505755066871643 86.391946107149124 53.437941879034042 106.09927895665169 33.259283542633057 23.416622415184975 53.238678783178329
leaf_count=893 360 63 228 139 100 95 158
internal_value=0 0.00941436 -0.000629402 0.0105824 0.0113332 0.00170562 0.00466556
internal_weight=0 1853.15 193.069 1660.08 1530.56 129.516 139.631
internal_count=2036 1676 449 1227 993 234 221
is_linear=0
shrinkage=0.00895904


Tree=28
num_leaves=9
num_cat=0
split_feature=64 59 61 57 64 56 65 85
split_gain=542.252 266.397 154.708 142.354 139.151 135.209 99.4547 28.2744
threshold=107.65000000000002 350.00000000000006 0.033908045977011456 -2.7499999999999996 10.950000000000001 0.41421568627450983 3.5000000000000004 53.500000000000007
decision_type=2 2 2 2 2 2 2 2
left_child=1 2 4 7 -1 -4 -5 -3
right_child=-2 3 5 6 -6 -7 -8 -9
leaf_value=0.0078699803551340666 -0.014019239974787779 0.014061726934434847 0.012354859690855468 0.0044926303757527432 -0.014185998529204576 0.0060346859427180318 -0.014457008172598599 -0.0048088205710267555
leaf_weight=58.924528375267982 83.186432719230652 37.583280622959137 1262.3056562095881 33.01461885869503 37.346888348460197 346.95485036075115 67.386370196938515 7.5651990026235572
leaf_count=69 360 10 591 58 160 478 287 23
internal_value=0 0.00934045 0.0103332 -0.00229099 -0.000697219 0.0109931 -0.00822894 0.0108923
internal_weight=0 1851.08 1705.53 145.549 96.2714 1609.26 100.401 45.1485
internal_count=2036 1676 1298 378 229 1069 345 33
is_linear=0
shrinkage=0.00895904


Tree=29
num_leaves=9
num_cat=0
split_feature=64 40 56 64 3 39 92 68
split_gain=533.661 262.62 341.432 201.047 152.83 121.426 74.243 66.3537
threshold=107.65000000000002 36.650000000000013 0.51470588235294124 41.000000000000007 68.500000000000014 5.5000000000000009 0.13809523809523808 1582.5000000000002
decision_type=2 2 2 2 2 2 2 2
left_child=1 4 3 -3 6 -6 -1 -4
right_child=-2 2 7 -5 5 -7 -8 -9
leaf_value=0.012233166614914298 -0.013948379421967734 0.0092216923945602682 -0.014593421289200928 -0.015769772877057244 0.0057130986419256539 -0.018533152893888134 -0.0053915849362406844 0.010561955154982511
leaf_weight=1286.9735614806414 82.862411141395569 330.50371697545052 82.832441300153732 27.853433176875114 70.317793563008308 21.48332105576992 19.371771544218063 9.2277276515960676
leaf_count=684 360 301 327 118 101 87 50 8
internal_value=0 0.00926944 0.00331811 0.00727178 0.0111859 1.19822e-05 0.011971 -0.012055
internal_weight=0 1848.56 450.417 358.357 1398.15 91.8011 1306.35 92.0602
internal_count=2036 1676 754 419 922 188 734 335
is_linear=0
shrinkage=0.00895904


Tree=30
num_leaves=8
num_cat=0
split_feature=64 59 64 61 64 56 55
split_gain=525.141 259.396 169.582 134.781 132.313 117.637 114.879
threshold=107.65000000000002 250.00000000000003 26.150000000000002 0.033908045977011456 10.950000000000001 0.41421568627450983 1.5500000000000003
decision_type=2 2 2 2 2 2 2
left_child=1 3 6 4 -1 -5 -3
right_child=-2 2 -4 5 -6 -7 -8
leaf_value=0.0080454019825386119 -0.013878850873926356 0.0077955956638742826 -0.014267068147525184 0.01224098519108063 -0.01411156898542809 0.0062240808118889327 -0.015703916253524193
leaf_weight=58.103565484285355 82.533872723579407 120.08442658185959 52.968653798103333 1229.9974776208401 34.204803973436356 331.83291371166706 19.206523433327675
leaf_count=66 360 142 228 569 147 445 79
internal_value=0 0.0091972 -0.000651811 0.0103419 -0.000176831 0.0109635 0.00453803
internal_weight=0 1846.4 192.26 1654.14 92.3084 1561.83 139.291
internal_count=2036 1676 449 1227 213 1014 221
is_linear=0
shrinkage=0.00895904


Tree=31
num_leaves=9
num_cat=0
split_feature=64 73 55 3 64 74 59 64
split_gain=516.865 256.587 288.247 179.406 132.495 129.787 114.044 41.1739
threshold=107.65000000000002 36.95000000000001 0.75000000000000011 68.500000000000014 15.350000000000003 1.5500000000000003 350.00000000000006 2.9500000000000006
decision_type=2 2 2 2 2 2 2 2
left_child=1 3 5 6 -5 -3 -1 -4
right_child=-2 2 7 4 -6 -7 -8 -9
leaf_value=0.011654768072654847 -0.013810620455547764 -0.017652493303989096 0.0066590514467690497 0.0049933404349811559 -0.017605025835728861 0.011881693671953986 0.0016672056722476501 -0.016418979353834458
leaf_weight=1452.1581748276949 82.200983762741089 13.419123962521551 6.716959908604621 78.494680136442184 28.127750903367996 98.258709162473679 98.033576026558876 68.573486730456352
leaf_count=832 360 55 9 116 115 61 202 286
internal_value=0 0.00912777 -0.000820323 0.0102504 -0.000988939 0.00830855 0.0110235 -0.0143481
internal_weight=0 1843.78 186.968 1656.81 106.622 111.678 1550.19 75.2904
internal_count=2036 1676 411 1265 231 116 1034 295
is_linear=0
shrinkage=0.00895904


Tree=32
num_leaves=9
num_cat=0
split_feature=64 40 56 64 3 39 92 68
split_gain=508.669 253.601 330.601 194.403 147.922 118.333 72.7871 64.6118
threshold=107.65000000000002 36.650000000000013 0.51470588235294124 41.000000000000007 68.500000000000014 5.5000000000000009 0.13809523809523808 1582.5000000000002
decision_type=2 2 2 2 2 2 2 2
left_child=1 4 3 -3 6 -6 -1 -4
right_child=-2 2 7 -5 5 -7 -8 -9
leaf_value=0.011979801382269365 -0.013743657059880334 0.0090143945171877148 -0.014468490023736633 -0.015640538137148743 0.005580024239898498 -0.018365246869227331 -0.0054899918543635058 0.010372190804934915
leaf_weight=1281.7112777531147 81.863910555839539 329.35121405124664 82.512111261487007 27.664561539888382 70.202512979507446 21.471014767885208 19.328437179327011 9.2174482047557813
leaf_count=684 360 301 327 118 101 87 50 8
internal_value=0 0.00905745 0.00319849 0.0070965 0.0109446 -5.4594e-05 0.0117195 -0.0119557
internal_weight=0 1841.46 448.745 357.016 1392.71 91.6735 1301.04 91.7296
internal_count=2036 1676 754 419 922 188 734 335
is_linear=0
shrinkage=0.00895904


Tree=33
num_leaves=9
num_cat=0
split_feature=64 73 55 3 64 74 56 64
split_gain=500.635 250.35 281.204 174.162 128.998 127.082 112.977 40.2181
threshold=107.65000000000002 36.95000000000001 0.75000000000000011 68.500000000000014 15.350000000000003 1.5500000000000003 0.41421568627450983 2.9500000000000006
decision_type=2 2 2 2 2 2 2 2
left_child=1 3 5 6 -5 -3 -1 -4
right_child=-2 2 7 4 -6 -7 -8 -9
leaf_value=0.012115043468316971 -0.013677924684804143 -0.017522766746149381 0.0065485407094877709 0.0049245833115885785 -0.017385785326576537 0.011714748149805347 0.0061737483862206195 -0.016284049386022192
leaf_weight=1219.6879111677408 81.522830128669739 13.409354940056799 6.7037256211042395 78.437994688749313 28.093012019991875 98.052764564752579 326.2808001935482 68.3658716827631
leaf_count=575 360 55 9 116 115 61 459 286
internal_value=0 0.00898819 -0.000849567 0.0100986 -0.00097926 0.00817314 0.0108621 -0.0142333
internal_weight=0 1839.03 186.532 1652.5 106.531 111.462 1545.97 75.0696
internal_count=2036 1676 411 1265 231 116 1034 295
is_linear=0
shrinkage=0.00895904


Tree=34
num_leaves=9
num_cat=0
split_feature=64 40 56 64 3 39 92 68
split_gain=492.755 247.817 322.086 189.814 143.612 115.354 71.4942 63.3469
threshold=107.65000000000002 36.650000000000013 0.51470588235294124 41.000000000000007 68.500000000000014 5.5000000000000009 0.13809523809523808 1582.5000000000002
decision_type=2 2 2 2 2 2 2 2
left_child=1 4 3 -3 6 -6 -1 -4
right_child=-2 2 7 -5 5 -7 -8 -9
leaf_value=0.011812441236562226 -0.013613394519374775 0.0088705249984055486 -0.014344939952506549 -0.015532348166577649 0.005515095726421608 -0.018129013225983991 -0.0055072610263591096 0.010260340121663884
leaf_weight=1277.9018356651068 81.177892684936523 328.58141016960144 82.318676024675369 27.569260075688362 70.152344316244125 21.470635399222374 19.31521700322628 9.2124457061290723
leaf_count=684 360 301 327 118 101 87 50 8
internal_value=0 0.00891989 0.00312156 0.00697413 0.0107882 -5.16068e-05 0.0115538 -0.011852
internal_weight=0 1836.52 447.682 356.151 1388.84 91.623 1297.22 91.5311
internal_count=2036 1676 754 419 922 188 734 335
is_linear=0
shrinkage=0.00895904


Tree=35
num_leaves=9
num_cat=0
split_feature=64 59 61 57 64 56 65 85
split_gain=485.027 244.529 146.509 133.597 130.09 127.164 93.6536 27.2588
threshold=107.65000000000002 350.00000000000006 0.033908045977011456 -2.7499999999999996 10.950000000000001 0.41421568627450983 3.5000000000000004 53.500000000000007
decision_type=2 2 2 2 2 2 2 2
left_child=1 2 4 7 -1 -4 -5 -3
right_child=-2 3 5 6 -6 -7 -8 -9
leaf_value=0.0073409447300091749 -0.013550034213408779 0.013618435572822071 0.01178764491917466 0.0041965981659749544 -0.014058930955728193 0.0056442353606424188 -0.014227017225910108 -0.0049201249738908843
leaf_weight=58.614913925528526 80.829264521598816 37.24833045899868 1247.9180939048529 33.044012129306793 37.047996133565903 345.9787859171629 66.506736665964127 7.5656695365905753
leaf_count=69 360 10 591 58 160 478 287 23
internal_value=0 0.00885253 0.00980873 -0.00233621 -0.000958027 0.010455 -0.00811511 0.0104806
internal_weight=0 1833.92 1689.56 144.365 95.6629 1593.9 99.5507 44.814
internal_count=2036 1676 1298 378 229 1069 345 33
is_linear=0
shrinkage=0.00895904


Tree=36
num_leaves=9
num_cat=0
split_feature=64 73 55 3 64 74 56 64
split_gain=477.52 242.471 272.953 168.8 125.272 124.049 109.347 38.9707
threshold=107.65000000000002 36.95000000000001 0.75000000000000011 68.500000000000014 15.350000000000003 1.5500000000000003 0.41421568627450983 2.9500000000000006
decision_type=2 2 2 2 2 2 2 2
left_child=1 3 5 6 -5 -3 -1 -4
right_child=-2 2 7 4 -6 -7 -8 -9
leaf_value=0.011875489114196249 -0.01348781648827962 -0.017429645933265021 0.0063550074201031929 0.0047886704052678732 -0.017224090974548169 0.011493964155307569 0.0060233768330965011 -0.016164173881269634
leaf_weight=1213.0560077130795 80.47709047794342 13.376009479165075 6.6797623932361594 78.295382544398308 28.017442867159843 97.696383833885193 325.7522676885128 68.000000894069672
leaf_count=575 360 55 9 116 115 61 459 286
internal_value=0 0.00878791 -0.000913866 0.00988334 -0.00103286 0.00798661 0.0106376 -0.0141385
internal_weight=0 1830.87 185.752 1645.12 106.313 111.072 1538.81 74.6798
internal_count=2036 1676 411 1265 231 116 1034 295
is_linear=0
shrinkage=0.00895904


Tree=37
num_leaves=9
num_cat=0
split_feature=64 40 56 64 3 39 92 29
split_gain=470.079 240.455 311.351 183.759 139.24 112.469 70.1827 61.9826
threshold=107.65000000000002 36.650000000000013 0.51470588235294124 41.000000000000007 68.500000000000014 5.5000000000000009 0.13809523809523808 1.5000000000000002
decision_type=2 2 2 2 2 2 2 2
left_child=1 4 3 -3 6 -6 -1 -4
right_child=-2 2 7 -5 5 -7 -8 -9
leaf_value=0.011581123014331594 -0.013426712551372464 0.0086636576231859819 -0.014225643861897487 -0.015425180348994795 0.0053892186463919073 -0.017972265035419314 -0.0055980502883193218 0.010130134939511455
leaf_weight=1271.6678227186203 80.121526122093201 327.16441570222378 81.973533630371094 27.383424669504166 70.024448782205582 21.446572035551071 19.270842134952545 9.2026506513357145
leaf_count=684 360 301 327 118 101 87 50 8
internal_value=0 0.00872229 0.00299842 0.00679578 0.0105671 -0.000114051 0.0113239 -0.011751
internal_weight=0 1828.13 445.724 354.548 1382.41 91.471 1290.94 91.1762
internal_count=2036 1676 754 419 922 188 734 335
is_linear=0
shrinkage=0.00895904


Tree=38
num_leaves=9
num_cat=0
split_feature=64 73 55 3 64 74 59 64
split_gain=462.779 236.656 266.452 163.982 122.061 121.377 108.256 38.0886
threshold=107.65000000000002 36.95000000000001 0.75000000000000011 68.500000000000014 15.350000000000003 1.5500000000000003 350.00000000000006 2.9500000000000006
decision_type=2 2 2 2 2 2 2 2
left_child=1 3 5 6 -5 -3 -1 -4
right_child=-2 2 7 4 -6 -7 -8 -9
leaf_value=0.011107273883854117 -0.01336669445516904 -0.0172895234543076 0.0062506666905088456 0.0047235007067534069 -0.017023017435573346 0.011337702998630444 0.0013539074222178229 -0.016038301072238283
leaf_weight=1436.2726352214813 79.762716293334961 13.362478137016295 6.6651373058557501 78.229416862130165 27.963354900479317 97.445254251360893 97.610404923558235 67.763596251606941
leaf_count=832 360 55 9 116 115 61 202 286
internal_value=0 0.00865755 -0.000940361 0.00974157 -0.00102306 0.00786143 0.0104869 -0.0140311
internal_weight=0 1825.31 185.236 1640.08 106.193 110.808 1533.88 74.4287
internal_count=2036 1676 411 1265 231 116 1034 295
is_linear=0
shrinkage=0.00895904


Tree=39
num_leaves=9
num_cat=0
split_feature=64 40 56 64 3 39 92 68
split_gain=455.611 234.444 304.203 179.54 135.201 109.701 68.9949 60.7989
threshold=107.65000000000002 36.650000000000013 0.51470588235294124 41.000000000000007 68.500000000000014 5.5000000000000009 0.13809523809523808 1582.5000000000002
decision_type=2 2 2 2 2 2 2 2
left_child=1 4 3 -3 6 -6 -1 -4
right_child=-2 2 7 -5 5 -7 -8 -9
leaf_value=0.011422238337301464 -0.013307734767789325 0.0085401553648880735 -0.014120508306608329 -0.015321109769561234 0.0053276953590743687 -0.017752980645440338 -0.0056171009878683564 0.010021567289545593
leaf_weight=1267.2753044366837 79.400811195373535 326.31956258416176 81.738934502005577 27.262789249420166 69.966725692152977 21.431360960006714 19.256672367453575 9.1886333525180799
leaf_count=684 360 301 327 118 101 87 50 8
internal_value=0 0.00859356 0.00293435 0.00669299 0.0104185 -0.000109911 0.0111664 -0.0116647
internal_weight=0 1822.44 444.51 353.582 1377.93 91.3981 1286.53 90.9276
internal_count=2036 1676 754 419 922 188 734 335
is_linear=0
shrinkage=0.00895904


Tree=40
num_leaves=9
num_cat=0
split_feature=64 73 55 3 64 74 56 64
split_gain=448.582 231.06 260.136 159.32 118.946 118.926 107.475 37.2389
threshold=107.65000000000002 36.95000000000001 0.75000000000000011 68.500000000000014 15.350000000000003 1.5500000000000003 0.41421568627450983 2.9500000000000006
decision_type=2 2 2 2 2 2 2 2
left_child=1 3 5 6 -5 -3 -1 -4
right_child=-2 2 7 4 -6 -7 -8 -9
leaf_value=0.011574362380625775 -0.013249811059350643 -0.017170312193279018 0.0061484254624429788 0.004659433239689403 -0.016828348540274464 0.011186350548406835 0.0057619236394383724 -0.01591731149330854
leaf_weight=1203.8634721040726 79.035939574241638 13.345833197236059 6.6500590145587912 78.159953162074089 27.899368792772293 97.176294758915901 324.86468118429184 67.51198136806488
leaf_count=575 360 55 9 116 115 61 459 286
internal_value=0 0.00853051 -0.000967248 0.00960348 -0.00101296 0.00773824 0.0103401 -0.0139277
internal_weight=0 1819.47 184.684 1634.79 106.059 110.522 1528.73 74.162
internal_count=2036 1676 411 1265 231 116 1034 295
is_linear=0
shrinkage=0.00895904


Tree=41
num_leaves=9
num_cat=0
split_feature=64 40 56 64 3 39 92 68
split_gain=441.681 229.307 296.518 175.418 131.378 107.034 67.8273 59.6485
threshold=107.65000000000002 36.650000000000013 0.51470588235294124 41.000000000000007 68.500000000000014 5.5000000000000009 0.13809523809523808 1582.5000000000002
decision_type=2 2 2 2 2 2 2 2
left_child=1 4 3 -3 6 -6 -1 -4
right_child=-2 2 7 -5 5 -7 -8 -9
leaf_value=0.011270553890047342 -0.013192894753129973 0.008407774982559079 -0.014006825995611117 -0.015224361869881943 0.0052672198259763941 -0.017542735383501457 -0.0056303940423840819 0.0099190580513899423
leaf_weight=1262.6529454886913 78.668246269226074 325.39870937168598 81.503263309597969 27.152456805109978 69.906189978122711 21.40830272436142 19.241952195763588 9.1802414804697019
leaf_count=684 360 301 327 118 101 87 50 8
internal_value=0 0.00846823 0.00286372 0.00658036 0.0102765 -0.000105762 0.011016 -0.0115687
internal_weight=0 1816.44 443.235 352.551 1373.21 91.3145 1281.89 90.6835
internal_count=2036 1676 754 419 922 188 734 335
is_linear=0
shrinkage=0.00895904


Tree=42
num_leaves=9
num_cat=0
split_feature=64 59 61 57 64 56 65 85
split_gain=434.909 226.863 140.757 125.741 123.17 119.792 88.6821 26.2956
threshold=107.65000000000002 350.00000000000006 0.033908045977011456 -2.7499999999999996 10.950000000000001 0.41421568627450983 3.5000000000000004 53.500000000000007
decision_type=2 2 2 2 2 2 2 2
left_child=1 2 4 7 -1 -4 -5 -3
right_child=-2 3 5 6 -6 -7 -8 -9
leaf_value=0.0068560526546478781 -0.013136964074428206 0.013190027983870306 0.011280066457939742 0.0039105385569888967 -0.014032830028720718 0.0052981658258198592 -0.014058307180980095 -0.0050384051688472636
leaf_weight=58.196252822875977 78.297865390777588 36.832529112696648 1230.7981700450182 33.035705402493477 36.833012878894806 344.4355651140213 65.647788047790527 7.5590573847293845
leaf_count=69 360 10 591 58 160 478 287 23
internal_value=0 0.00840679 0.00933417 -0.00241741 -0.00125212 0.0099729 -0.00804684 0.0100773
internal_weight=0 1813.34 1670.26 143.075 95.0293 1575.23 98.6835 44.3916
internal_count=2036 1676 1298 378 229 1069 345 33
is_linear=0
shrinkage=0.00895904


Tree=43
num_leaves=9
num_cat=0
split_feature=64 40 56 64 3 39 92 29
split_gain=428.316 224.157 289.428 171.173 129.301 105.164 66.7644 58.5584
threshold=107.65000000000002 36.650000000000013 0.51470588235294124 41.000000000000007 68.500000000000014 5.5000000000000009 0.13809523809523808 1.5000000000000002
decision_type=2 2 2 2 2 2 2 2
left_child=1 4 3 -3 6 -6 -1 -4
right_child=-2 2 7 -5 5 -7 -8 -9
leaf_value=0.011128013126066138 -0.013081994302928829 0.0082804372968015554 -0.013910000746219757 -0.015135235447469603 0.0051637011189307547 -0.017459134035913905 -0.0056499335923908501 0.0098198426260000179
leaf_weight=1257.7755815088749 77.924920320510864 324.3499104231596 81.196692109107971 26.979582190513611 69.79469196498394 21.386423870921135 19.218863904476166 9.1637355983257276
leaf_count=684 360 301 327 118 101 87 50 8
internal_value=0 0.00834753 0.00279677 0.00647495 0.0101388 -0.00016769 0.0108747 -0.0114876
internal_weight=0 1809.87 441.69 351.329 1368.18 91.1811 1276.99 90.3604
internal_count=2036 1676 754 419 922 188 734 335
is_linear=0
shrinkage=0.00895904


Tree=44
num_leaves=9
num_cat=0
split_feature=64 73 55 3 74 64 56 64
split_gain=421.788 222.354 250.835 152.61 115.639 114.623 103.795 35.8557
threshold=107.65000000000002 36.95000000000001 0.75000000000000011 68.500000000000014 1.5500000000000003 15.350000000000003 0.41421568627450983 2.9500000000000006
decision_type=2 2 2 2 2 2 2 2
left_child=1 3 4 6 -3 -5 -1 -4
right_child=-2 2 7 5 -6 -7 -8 -9
leaf_value=0.01128999012643811 -0.013027965171962159 -0.017089761837715812 0.0059170775903617913 0.0045094986194691147 0.010924313417920918 -0.016629622826363176 0.0055655367166512247 -0.015799142538542563
leaf_weight=1193.6066686809063 77.549545168876648 13.299463793635367 6.6131341457366934 77.958385020494461 96.58542762696743 27.761573478579521 323.81294864416122 66.996750131249428
leaf_count=575 360 55 9 116 61 115 459 286
internal_value=0 0.00828759 -0.00105924 0.00934425 0.00750972 -0.00106136 0.0100693 -0.0138376
internal_weight=0 1806.63 183.495 1623.14 109.885 105.72 1517.42 73.6099
internal_count=2036 1676 411 1265 116 231 1034 295
is_linear=0
shrinkage=0.00895904


Tree=45
num_leaves=9
num_cat=0
split_feature=64 59 61 57 64 56 65 85
split_gain=415.375 219.678 137.397 121.834 119.896 116.238 86.3207 25.7287
threshold=107.65000000000002 350.00000000000006 0.033908045977011456 -2.7499999999999996 10.950000000000001 0.41421568627450983 3.5000000000000004 53.500000000000007
decision_type=2 2 2 2 2 2 2 2
left_child=1 2 4 7 -1 -4 -5 -3
right_child=-2 3 5 6 -6 -7 -8 -9
leaf_value=0.006673632884482166 -0.012974852165157634 0.012980547809179748 0.011071314595324379 0.0037831502576904691 -0.013979602517896582 0.0051699733115981973 -0.013967944575325492 -0.0050652851950416288
leaf_weight=58.008264243602753 77.171863317489624 36.596558943390846 1222.5957165658474 33.025461837649345 36.652785837650299 343.75087097287178 65.184856548905373 7.552500754594802
leaf_count=69 360 10 591 58 160 478 287 23
internal_value=0 0.00822828 0.00914363 -0.00244953 -0.00133515 0.00977701 -0.00800277 0.00988445
internal_weight=0 1803.37 1661.01 142.359 94.6611 1566.35 98.2103 44.1491
internal_count=2036 1676 1298 378 229 1069 345 33
is_linear=0
shrinkage=0.00895904


Tree=46
num_leaves=9
num_cat=0
split_feature=64 40 56 64 3 39 92 68
split_gain=409.13 217.837 279.997 165.9 125.575 102.621 65.637 57.4452
threshold=107.65000000000002 36.650000000000013 0.51470588235294124 41.000000000000007 68.500000000000014 5.5000000000000009 0.13809523809523808 1582.5000000000002
decision_type=2 2 2 2 2 2 2 2
left_child=1 4 3 -3 6 -6 -1 -4
right_child=-2 2 7 -5 5 -7 -8 -9
leaf_value=0.010923438354055716 -0.012922634540460505 0.0080938940797132992 -0.013804898289575004 -0.015044244456043219 0.005048604892884178 -0.017321877385257797 -0.0057319849932330391 0.0097193708652354733
leaf_weight=1250.1877629011869 76.791998147964478 322.67053134739399 80.792686432600021 26.772769555449486 69.64687941968441 21.342734634876251 19.17228701710701 9.1505963951349241
leaf_count=684 360 301 327 118 101 87 50 8
internal_value=0 0.00817109 0.0026852 0.00631382 0.00994237 -0.000223787 0.010671 -0.0113958
internal_weight=0 1799.74 439.387 349.443 1360.35 90.9896 1269.36 89.9433
internal_count=2036 1676 754 419 922 188 734 335
is_linear=0
shrinkage=0.00895904


Tree=47
num_leaves=9
num_cat=0
split_feature=64 73 55 3 74 64 59 64
split_gain=402.948 215.699 243.835 148.189 113.026 111.461 100.795 34.7983
threshold=107.65000000000002 36.95000000000001 0.75000000000000011 68.500000000000014 1.5500000000000003 15.350000000000003 350.00000000000006 2.9500000000000006
decision_type=2 2 2 2 2 2 2 2
left_child=1 3 4 6 -3 -5 -1 -4
right_child=-2 2 7 5 -6 -7 -8 -9
leaf_value=0.010481009871617179 -0.012871293087390523 -0.017008311433361813 0.0057433235403388924 0.0043868815762540597 0.010734341041393571 -0.016495332845970219 0.0010249963929914233 -0.015700050678763653
leaf_weight=1411.6613847464323 76.410056948661804 13.25644528865814 6.5845792740583411 77.786997899413109 96.109354600310326 27.65035055577755 96.725994989275932 66.562305614352226
leaf_count=832 360 55 9 116 61 115 202 286
internal_value=0 0.00811326 -0.0011171 0.00915717 0.00734755 -0.00110913 0.00987486 -0.0137595
internal_weight=0 1796.34 182.513 1613.82 109.366 105.437 1508.39 73.1469
internal_count=2036 1676 411 1265 116 231 1034 295
is_linear=0
shrinkage=0.00895904


Tree=48
num_leaves=9
num_cat=0
split_feature=64 40 56 64 3 39 92 68
split_gain=396.869 212.603 273.73 162.209 122.049 100.189 64.5852 56.2638
threshold=107.65000000000002 36.650000000000013 0.51470588235294124 41.000000000000007 68.500000000000014 5.5000000000000009 0.13809523809523808 1582.5000000000002
decision_type=2 2 2 2 2 2 2 2
left_child=1 4 3 -3 6 -6 -1 -4
right_child=-2 2 7 -5 5 -7 -8 -9
leaf_value=0.010781933042552197 -0.012820806656667757 0.0079826674735398936 -0.013708056541579439 -0.014953078430190175 0.004992832763548628 -0.017128837655277368 -0.0057461090202549732 0.0095953861888997752
leaf_weight=1244.9253130555153 76.026173830032349 321.68251015245914 80.509529128670692 26.635886535048485 69.578479573130608 21.303761452436447 19.157002970576286 9.1347763240337354
leaf_count=684 360 301 327 118 101 87 50 8
internal_value=0 0.00805592 0.00262801 0.00622146 0.00980974 -0.000217595 0.0105306 -0.0113178
internal_weight=0 1792.93 437.963 348.318 1354.96 90.8822 1264.08 89.6443
internal_count=2036 1676 754 419 922 188 734 335
is_linear=0
shrinkage=0.00895904


Tree=49
num_leaves=9
num_cat=0
split_feature=64 73 55 3 74 64 56 64
split_gain=390.906 210.763 238.26 144.102 110.825 108.725 100.77 34.0577
threshold=107.65000000000002 36.95000000000001 0.75000000000000011 68.500000000000014 1.5500000000000003 15.350000000000003 0.41421568627450983 2.9500000000000006
decision_type=2 2 2 2 2 2 2 2
left_child=1 3 4 6 -3 -5 -1 -4
right_child=-2 2 7 5 -6 -7 -8 -9
leaf_value=0.010956370567353726 -0.012771156684934056 -0.016898506819424397 0.0056505265701912834 0.0043286637353164457 0.010599208364579442 -0.01632374082374783 0.005299074525831466 -0.015592955383724979
leaf_weight=1179.9789167046547 75.640445351600647 13.233143925666807 6.5676284879446021 77.703862145543098 95.777434080839157 27.558341771364212 322.33065466582775 66.268113747239113
leaf_count=575 360 55 9 116 61 115 459 286
internal_value=0 0.00799946 -0.00114124 0.00903347 0.0072372 -0.00109789 0.0097434 -0.0136673
internal_weight=0 1789.42 181.846 1607.57 109.011 105.262 1502.31 72.8357
internal_count=2036 1676 411 1265 116 231 1034 295
is_linear=0
shrinkage=0.00895904


Tree=50
num_leaves=9
num_cat=0
split_feature=64 40 56 64 11 65 73 68
split_gain=385.045 208.138 266.951 158.596 120.808 94.6593 68.3827 55.2398
threshold=107.65000000000002 36.650000000000013 0.51470588235294124 41.000000000000007 2.5000000000000004 2.5000000000000004 38.050000000000004 1582.5000000000002
decision_type=2 2 2 2 2 2 2 2
left_child=1 4 3 -3 6 -6 -1 -4
right_child=-2 2 7 -5 5 -7 -8 -9
leaf_value=0.010428612366658716 -0.012722323538889689 0.0078626028924602132 -0.013604697804948152 -0.0148681086160708 0.0078586667778869374 -0.018374088361808937 -0.0063054267197472855 0.0095031675607085558
leaf_weight=1285.7858549952507 75.252989530563354 320.61476373672485 80.229778945446014 26.510655581951141 22.509801343083382 21.327517837285995 19.783782735466957 9.1229424029588682
leaf_count=756 360 301 327 118 23 88 55 8
internal_value=0 0.00794354 0.00256429 0.00611931 0.00968288 -0.00492788 0.0101741 -0.0112299
internal_weight=0 1785.89 436.478 347.125 1349.41 43.8373 1305.57 89.3527
internal_count=2036 1676 754 419 922 111 811 335
is_linear=0
shrinkage=0.00895904


Tree=51
num_leaves=9
num_cat=0
split_feature=64 59 61 57 64 68 65 85
split_gain=379.284 205.739 132.925 115.89 114.344 111.54 82.537 25.039
threshold=107.65000000000002 350.00000000000006 0.033908045977011456 -2.7499999999999996 10.950000000000001 1322.0000000000002 3.5000000000000004 53.500000000000007
decision_type=2 2 2 2 2 2 2 2
left_child=1 2 4 7 -1 -4 -5 -3
right_child=-2 3 5 6 -6 -7 -8 -9
leaf_value=0.0062900429719609796 -0.012674289415025977 0.012674077346216629 0.0062386712811359274 0.0035727448003728844 -0.013955698289237246 0.011236225572510221 -0.013835060315330092 -0.0051549856655124507
leaf_weight=57.544065698981285 74.863913655281067 36.196689650416374 566.2954036295414 32.974595308303833 36.386295095086098 981.10670624673367 64.282164677977562 7.539515569806098
leaf_count=69 360 10 633 58 160 436 287 23
internal_value=0 0.00788815 0.00878021 -0.00249424 -0.00156486 0.00940831 -0.00793735 0.00959103
internal_weight=0 1782.33 1641.33 140.993 93.9304 1547.4 97.2568 43.7362
internal_count=2036 1676 1298 378 229 1069 345 33
is_linear=0
shrinkage=0.00895904


Tree=52
num_leaves=9
num_cat=0
split_feature=64 73 55 3 74 64 56 64
split_gain=373.647 203.847 232.004 141.177 108.409 105.688 98.7872 33.1373
threshold=107.65000000000002 36.95000000000001 0.75000000000000011 68.500000000000014 1.5500000000000003 15.350000000000003 0.41421568627450983 2.9500000000000006
decision_type=2 2 2 2 2 2 2 2
left_child=1 3 4 6 -3 -5 -1 -4
right_child=-2 2 7 5 -6 -7 -8 -9
leaf_value=0.01076785255155282 -0.012627036141824997 -0.016806723087752565 0.0055053010967272597 0.004168599731060289 0.010438145801990055 -0.016227802374204851 0.0051556526066913206 -0.015495189634633304
leaf_weight=1171.3973249346018 74.47331964969635 13.187624871730803 6.5412607938051215 77.49644772708416 95.308035835623741 27.457554548978806 321.37188293039799 65.807929292321205
leaf_count=575 360 55 9 116 61 115 459 286
internal_value=0 0.00783407 -0.00117991 0.00885439 0.00710256 -0.00118704 0.00956046 -0.0135867
internal_weight=0 1778.57 180.845 1597.72 108.496 104.954 1492.77 72.3492
internal_count=2036 1676 411 1265 116 231 1034 295
is_linear=0
shrinkage=0.00895904


Tree=53
num_leaves=9
num_cat=0
split_feature=64 40 56 64 11 65 73 29
split_gain=368.088 202.002 259.219 153.918 118.15 92.2854 66.4472 53.868
threshold=107.65000000000002 36.650000000000013 0.51470588235294124 41.000000000000007 2.5000000000000004 2.5000000000000004 38.050000000000004 1.5000000000000002
decision_type=2 2 2 2 2 2 2 2
left_child=1 4 3 -3 6 -6 -1 -4
right_child=-2 2 7 -5 5 -7 -8 -9
leaf_value=0.010239843744936406 -0.012580547203257256 0.0076999764947679782 -0.013512306542886765 -0.014782906480330737 0.0076917797910839086 -0.018254185517225935 -0.0062760867504802588 0.0093607901555470083
leaf_weight=1277.3971822857857 74.0813148021698 318.89873920381069 79.81384851038456 26.291549250483513 22.400281026959419 21.284292653203011 19.735086470842361 9.0802369415760023
leaf_count=756 360 301 327 118 23 88 55 8
internal_value=0 0.00777999 0.00246664 0.00598025 0.00949955 -0.00497379 0.00998766 -0.0111606
internal_weight=0 1774.9 434.084 345.19 1340.82 43.6846 1297.13 88.8941
internal_count=2036 1676 754 419 922 111 811 335
is_linear=0
shrinkage=0.00895904


Tree=54
num_leaves=9
num_cat=0
split_feature=64 59 61 57 64 56 65 62
split_gain=362.622 199.349 129.714 112.439 111.355 109.702 80.3946 26.4156
threshold=107.65000000000002 350.00000000000006 0.033908045977011456 -2.7499999999999996 10.950000000000001 0.41421568627450983 3.5000000000000004 6.5000000000000009
decision_type=2 2 2 2 2 2 2 2
left_child=1 2 4 7 -1 -4 -5 -3
right_child=-2 3 5 6 -6 -7 -8 -9
leaf_value=0.0061275211125902517 -0.012534805311514685 -0.0057029368972937554 0.010507956670827153 0.0034532375627961279 -0.013901313635544404 0.0047430142499370912 -0.013755081924941922 0.012610974463018541
leaf_weight=57.327023029327393 73.687995672225952 7.5441148877143851 1196.6185184121132 32.948776140809059 36.179083094000816 340.90407325327396 63.771924719214439 35.9161227196455
leaf_count=69 360 23 591 58 160 478 287 10
internal_value=0 0.00772641 0.00860749 -0.00252274 -0.00163431 0.0092305 -0.00789745 0.00942036
internal_weight=0 1771.21 1631.03 140.181 93.5061 1537.52 96.7207 43.4602
internal_count=2036 1676 1298 378 229 1069 345 33
is_linear=0
shrinkage=0.00895904


Tree=55
num_leaves=9
num_cat=0
split_feature=64 40 56 64 11 65 92 68
split_gain=357.291 197.688 253.167 150.323 116.326 90.4379 65.6116 53.0809
threshold=107.65000000000002 36.650000000000013 0.51470588235294124 41.000000000000007 2.5000000000000004 2.5000000000000004 0.13809523809523808 1582.5000000000002
decision_type=2 2 2 2 2 2 2 2
left_child=1 4 3 -3 6 -6 -1 -4
right_child=-2 2 7 -5 5 -7 -8 -9
leaf_value=0.010117167412011028 -0.012489795747927602 0.0075873198501869073 -0.013431844310496256 -0.014707635100312998 0.0075701562824780728 -0.018146147721173945 -0.0063048995533860281 0.0092797000563223445
leaf_weight=1271.6053397357464 73.293458819389343 317.68551078438759 79.44768251478672 26.104122251272202 22.31848219037056 21.256971120834351 19.710222467780113 9.0796393007040006
leaf_count=758 360 301 327 118 23 88 53 8
internal_value=0 0.00767461 0.00240781 0.00588714 0.0093797 -0.00499878 0.00986559 -0.0110872
internal_weight=0 1767.21 432.317 343.79 1334.89 43.5755 1291.32 88.5273
internal_count=2036 1676 754 419 922 111 811 335
is_linear=0
shrinkage=0.00895904


Tree=56
num_leaves=9
num_cat=0
split_feature=64 73 55 3 74 64 56 64
split_gain=352.009 196.077 224.306 137.757 105.554 101.864 95.5658 31.9839
threshold=107.65000000000002 36.95000000000001 0.75000000000000011 68.500000000000014 1.5500000000000003 15.350000000000003 0.41421568627450983 2.9500000000000006
decision_type=2 2 2 2 2 2 2 2
left_child=1 3 4 6 -3 -5 -1 -4
right_child=-2 2 7 5 -6 -7 -8 -9
leaf_value=0.010525994689079483 -0.012445499844227364 -0.016724907405115948 0.0053048990848306417 0.0039548724894663727 0.010223447650795126 -0.016119149361548065 0.0049909449668038303 -0.015395644170567475
leaf_weight=1159.4910607486963 72.897800803184509 13.127720504999159 6.5005426108837119 77.175217345356941 94.611140981316566 27.311886355280876 320.02244530618191 65.211282625794411
leaf_count=575 360 55 9 116 61 115 459 286
internal_value=0 0.00762211 -0.0012522 0.00862752 0.00691581 -0.00131196 0.00932957 -0.0135097
internal_weight=0 1763.45 179.451 1584 107.739 104.487 1479.51 71.7118
internal_count=2036 1676 411 1265 116 231 1034 295
is_linear=0
shrinkage=0.00895904


Tree=57
num_leaves=9
num_cat=0
split_feature=64 40 56 64 3 39 92 68
split_gain=346.823 193.624 246.975 147.043 114.244 95.212 62.4892 52.1398
threshold=107.65000000000002 36.650000000000013 0.51470588235294124 41.000000000000007 68.500000000000014 5.5000000000000009 0.13809523809523808 1582.5000000000002
decision_type=2 2 2 2 2 2 2 2
left_child=1 4 3 -3 6 -6 -1 -4
right_child=-2 2 7 -5 5 -7 -8 -9
leaf_value=0.010222059176744925 -0.012401904118755894 0.0074752955111205346 -0.013334876741587466 -0.014630140653363858 0.0046340257774148191 -0.01699808056803433 -0.0061026588948713536 0.0091944501692356097
leaf_weight=1219.7189633101225 72.501118183135986 316.53342752158642 79.141224697232246 25.970118701457977 69.020451903343201 21.18332713842392 18.996195986866951 9.0655669122934324
leaf_count=684 360 301 327 118 101 87 50 8
internal_value=0 0.0075703 0.00234871 0.00579186 0.00926204 -0.000471034 0.00997079 -0.0110042
internal_weight=0 1759.63 430.71 342.504 1328.92 90.2038 1238.72 88.2068
internal_count=2036 1676 754 419 922 188 734 335
is_linear=0
shrinkage=0.00895904


Tree=58
num_leaves=9
num_cat=0
split_feature=64 73 55 3 74 64 61 64
split_gain=341.729 191.712 219.333 134.047 103.557 99.4305 94.4972 31.3323
threshold=107.65000000000002 36.95000000000001 0.75000000000000011 68.500000000000014 1.5500000000000003 15.350000000000003 0.033908045977011456 2.9500000000000006
decision_type=2 2 2 2 2 2 2 2
left_child=1 3 4 6 -3 -5 -1 -4
right_child=-2 2 7 5 -6 -7 -8 -9
leaf_value=-0.00010005250563900919 -0.012358995180770133 -0.016622846239854765 0.0052198925601842569 0.0039034441433664071 0.010100991901993279 -0.015961876040323637 0.0097636086328184938 -0.015299773027775767
leaf_weight=82.581107929348946 72.103491425514221 13.09914620220661 6.4824521243572226 77.08344891667366 94.234916374087334 27.2016591578722 1390.1721248775721 64.884911522269249
leaf_count=180 360 55 9 116 61 115 854 286
internal_value=0 0.00751915 -0.00127408 0.0085156 0.00681559 -0.00129776 0.00921057 -0.0134266
internal_weight=0 1755.74 178.701 1577.04 107.334 104.285 1472.75 71.3674
internal_count=2036 1676 411 1265 116 231 1034 295
is_linear=0
shrinkage=0.00895904


Tree=59
num_leaves=9
num_cat=0
split_feature=64 59 61 68 57 64 65 62
split_gain=336.71 190.61 124.543 108.121 107.678 107.51 77.2967 25.9001
threshold=107.65000000000002 350.00000000000006 0.033908045977011456 1322.0000000000002 -2.7499999999999996 10.950000000000001 3.5000000000000004 6.5000000000000009
decision_type=2 2 2 2 2 2 2 2
left_child=1 2 5 -4 7 -1 -6 -3
right_child=-2 4 3 -5 6 -7 -8 -9
leaf_value=0.00590834618384468 -0.01231675457853337 -0.0058220231797394316 0.0058114161705496176 0.010771499959413637 0.0032462450489971293 -0.013846451430460984 -0.013674044352423791 0.012346502667577537
leaf_weight=56.997288003563881 71.70502245426178 7.5264820903539649 558.38287825882435 961.76031294465065 32.878121599555016 35.863119944930077 63.015880480408669 35.474549531936646
leaf_count=69 360 23 633 436 58 160 287 10
internal_value=0 0.00746818 0.00833529 0.00895053 -0.00259917 -0.00173361 -0.00787764 0.00915425
internal_weight=0 1751.9 1613 1520.14 138.895 92.8604 95.894 43.001
internal_count=2036 1676 1298 1069 378 229 345 33
is_linear=0
shrinkage=0.00895904


Tree=60
num_leaves=9
num_cat=0
split_feature=64 40 56 64 11 64 65 73
split_gain=331.797 188.078 240.653 121.161 112.772 101.839 87.3712 63.8524
threshold=107.65000000000002 36.650000000000013 0.40588235294117653 41.000000000000007 2.5000000000000004 8.4500000000000011 2.5000000000000004 38.050000000000004
decision_type=2 2 2 2 2 2 2 2
left_child=1 4 3 -3 7 -4 -6 -1
right_child=-2 2 5 -5 6 -7 -8 -9
leaf_value=0.0098250614717071503 -0.012275171954251379 0.0079478471136152622 0.0019735056355932984 -0.01443236218542302 0.0073146214886814368 -0.015008065868769868 -0.018043606623861997 -0.0064156906371932417
leaf_weight=1256.7967095822096 71.305781006813049 287.79492780566216 45.842770680785179 20.645569160580635 22.12168750166893 73.893563792109489 21.16855289041996 19.61130166053772
leaf_count=756 360 249 84 95 23 326 88 55
internal_value=0 0.00741839 0.00225763 0.00644173 0.00909221 -0.00851348 -0.00510969 0.00957459
internal_weight=0 1747.88 428.177 308.44 1319.7 119.736 43.2902 1276.41
internal_count=2036 1676 754 344 922 410 111 811
is_linear=0
shrinkage=0.00895904


Tree=61
num_leaves=9
num_cat=0
split_feature=64 86 64 73 49 100 66 59
split_gain=326.956 186.324 280.557 169.268 114.876 113.002 74.5767 2.97006
threshold=107.65000000000002 -24.499999999999996 45.000000000000007 36.95000000000001 0.67708333333333337 -1.0937000000000017 1692.0000000000002 250.00000000000003
decision_type=2 2 2 2 2 2 2 2
left_child=1 2 3 -1 6 -6 -3 -4
right_child=-2 4 7 -5 5 -7 -8 -9
leaf_value=0.0072399872131777079 -0.012234232309583761 0.010542700349206499 -0.017270125419371472 -0.0070608566404253732 0.01046344909945862 -0.019748220779730062 -0.0079254417582137228 -0.01288950008870165
leaf_weight=527.58797523379326 70.905863642692566 1024.7542245239019 28.528468191623688 75.840541735291481 18.866704970598221 20.596527591347694 17.723804652690887 29.992547169327736
leaf_count=533 360 498 120 233 13 86 49 144
internal_value=0 0.00736877 0.00362332 0.00544091 0.00965924 -0.0053232 0.0102273 -0.0150747
internal_weight=0 1743.89 661.95 603.429 1081.94 39.4632 1042.48 58.521
internal_count=2036 1676 1030 766 646 99 547 264
is_linear=0
shrinkage=0.00895904


Tree=62
num_leaves=9
num_cat=0
split_feature=64 59 61 68 57 64 65 62
split_gain=322.173 184.258 121.476 106.417 104.613 104.344 75.1848 25.4858
threshold=107.65000000000002 350.00000000000006 0.033908045977011456 1322.0000000000002 -2.7499999999999996 10.950000000000001 3.5000000000000004 6.5000000000000009
decision_type=2 2 2 2 2 2 2 2
left_child=1 2 5 -4 7 -1 -6 -3
right_child=-2 4 3 -5 6 -7 -8 -9
leaf_value=0.0057439826599864829 -0.012193920626029002 -0.0058441188310785546 0.0056645555175125267 0.010600334820655531 0.0031283054993018825 -0.013774234158754325 -0.013589400291653406 0.012198092536733847
leaf_weight=56.753810793161392 70.505350828170776 7.5174234211444846 555.61774653196335 954.04790219664574 32.859140336513519 35.62044620513916 62.430053174495697 35.210828721523285
leaf_count=69 360 23 633 436 58 160 287 10
internal_value=0 0.00731889 0.00817454 0.00878473 -0.00261044 -0.00179513 -0.00782959 0.00901141
internal_weight=0 1740.06 1602.04 1509.67 138.017 92.3743 95.2892 42.7283
internal_count=2036 1676 1298 1069 378 229 345 33
is_linear=0
shrinkage=0.00895904


Tree=63
num_leaves=9
num_cat=0
split_feature=64 86 64 73 49 100 66 59
split_gain=317.503 182.717 274.283 165.655 113.152 110.827 73.5206 2.9425
threshold=107.65000000000002 -24.499999999999996 45.000000000000007 36.95000000000001 0.67708333333333337 -1.0937000000000017 1692.0000000000002 250.00000000000003
decision_type=2 2 2 2 2 2 2 2
left_child=1 2 3 -1 6 -6 -3 -4
right_child=-2 4 7 -5 5 -7 -8 -9
leaf_value=0.0071380394645716196 -0.012154227718156099 0.010426863801518912 -0.017175487503556224 -0.0070231362812473138 0.010340034738219119 -0.019610905634912693 -0.0079143076468956765 -0.012802548056596308
leaf_weight=525.76790063083172 70.104312300682068 1019.2152747809887 28.454849824309349 75.708783999085426 18.794963777065277 20.591482162475586 17.716526851058006 29.70021279156208
leaf_count=533 360 498 120 233 13 86 49 144
internal_value=0 0.00727056 0.00355624 0.00535385 0.00954586 -0.00533708 0.0101121 -0.0149919
internal_weight=0 1735.95 659.632 601.477 1076.32 39.3864 1036.93 58.1551
internal_count=2036 1676 1030 766 646 99 547 264
is_linear=0
shrinkage=0.00895904


Tree=64
num_leaves=9
num_cat=0
split_feature=64 40 56 64 11 65 92 68
split_gain=312.879 180.613 233.123 136.624 110.799 85.0731 63.0737 49.6689
threshold=107.65000000000002 36.650000000000013 0.51470588235294124 41.000000000000007 2.5000000000000004 2.5000000000000004 0.13809523809523808 1582.5000000000002
decision_type=2 2 2 2 2 2 2 2
left_child=1 4 3 -3 6 -6 -1 -4
right_child=-2 2 7 -5 5 -7 -8 -9
leaf_value=0.0096034878244624904 -0.01211513653241913 0.0071427801042046506 -0.013200043325715586 -0.014398336678066366 0.0070864316607250465 -0.017996916804711518 -0.0065736578577052993 0.0088814489156345457
leaf_weight=1244.5187337398529 69.702839255332947 312.42801839113235 78.122943699359894 25.388016000390053 21.951223373413086 21.124825194478035 19.523289203643799 8.9947601407766324
leaf_count=758 360 301 327 118 23 88 53 8
internal_value=0 0.00722169 0.00214638 0.00551659 0.00887106 -0.00523934 0.00935265 -0.0109054
internal_weight=0 1732.05 424.934 337.816 1307.12 43.076 1264.04 87.1177
internal_count=2036 1676 754 419 922 111 811 335
is_linear=0
shrinkage=0.00895904


Tree=65
num_leaves=9
num_cat=0
split_feature=64 86 64 73 49 100 65 59
split_gain=308.347 179.121 267.456 162.172 111.399 108.527 72.8408 2.83221
threshold=107.65000000000002 -24.499999999999996 45.000000000000007 36.95000000000001 0.67708333333333337 -1.0937000000000017 5.5000000000000009 250.00000000000003
decision_type=2 2 2 2 2 2 2 2
left_child=1 2 3 -1 6 -6 -3 -4
right_child=-2 4 7 -5 5 -7 -8 -9
leaf_value=0.0070363215398263545 -0.012076637278369122 0.0058199248058870452 -0.017029087237105934 -0.0069873427703734461 0.010215300936828505 -0.019454032815578386 0.011357724479696492 -0.012717619852500774
leaf_weight=523.99599219858646 69.300996065139771 253.4461472928524 28.383554548025131 75.594721391797066 18.717532232403755 20.5947395414114 777.87323535978794 29.40587055683136
leaf_count=533 360 293 120 233 13 86 254 144
internal_value=0 0.00717378 0.00349122 0.00526655 0.00943387 -0.00534615 0.00999817 -0.0148848
internal_weight=0 1728.01 657.38 599.591 1070.63 39.3123 1031.32 57.7894
internal_count=2036 1676 1030 766 646 99 547 264
is_linear=0
shrinkage=0.00895904


Tree=66
num_leaves=9
num_cat=0
split_feature=64 86 64 73 49 100 66 59
split_gain=303.878 176.84 263.365 159.494 109.802 106.565 72.5549 2.70435
threshold=107.65000000000002 -24.499999999999996 45.000000000000007 36.95000000000001 0.67708333333333337 -1.0937000000000017 1692.0000000000002 250.00000000000003
decision_type=2 2 2 2 2 2 2 2
left_child=1 2 3 -1 6 -6 -3 -4
right_child=-2 4 7 -5 5 -7 -8 -9
leaf_value=0.0069835475446237642 -0.012038719623286195 0.010252350952406473 -0.016902223410885004 -0.006926860992442288 0.010146175865170767 -0.01926345973465492 -0.0079847727936803534 -0.01267029144541406
leaf_weight=523.23069547116756 68.898857831954956 1010.6740536689758 28.342017889022827 75.573373720049858 18.677703559398651 20.613953486084938 17.684323787689209 29.252683356404305
leaf_count=533 360 498 120 233 13 86 49 144
internal_value=0 0.00712592 0.00346505 0.00522626 0.0093756 -0.00530132 0.00993728 -0.0148023
internal_weight=0 1724.05 656.399 598.804 1067.65 39.2917 1028.36 57.5947
internal_count=2036 1676 1030 766 646 99 547 264
is_linear=0
shrinkage=0.00895904


Tree=67
num_leaves=9
num_cat=0
split_feature=64 59 61 68 57 64 65 62
split_gain=299.482 175.284 117.321 103.943 100.666 100.094 72.5474 24.9238
threshold=107.65000000000002 350.00000000000006 0.033908045977011456 1322.0000000000002 -2.7499999999999996 10.950000000000001 3.5000000000000004 6.5000000000000009
decision_type=2 2 2 2 2 2 2 2
left_child=1 2 5 -4 7 -1 -6 -3
right_child=-2 4 3 -5 6 -7 -8 -9
leaf_value=0.0054912583057135653 -0.012001366639903579 -0.005890370124752224 0.005428956246703291 0.010332905892563237 0.0029618759492246838 -0.01370549136872534 -0.013507813076531483 0.011989737637971055
leaf_weight=56.335579112172127 68.49650502204895 7.4953957051038733 550.75200061500072 940.95056539773941 32.795178651809692 35.300788938999176 61.622449472546577 34.804386362433434
leaf_count=69 360 23 633 436 58 160 287 10
internal_value=0 0.00707852 0.00791887 0.00852326 -0.00265092 -0.00191677 -0.00779256 0.00880866
internal_weight=0 1720.06 1583.34 1491.7 136.717 91.6364 94.4176 42.2998
internal_count=2036 1676 1298 1069 378 229 345 33
is_linear=0
shrinkage=0.00895904


Tree=68
num_leaves=9
num_cat=0
split_feature=64 40 56 64 3 64 39 64
split_gain=295.185 173.656 226.275 111.157 109.623 95.3896 90.2752 62.5366
threshold=107.65000000000002 36.650000000000013 0.40588235294117653 41.000000000000007 68.500000000000014 8.4500000000000011 5.5000000000000009 44.000000000000007
decision_type=2 2 2 2 2 2 2 2
left_child=1 4 3 -3 7 -4 -6 -1
right_child=-2 2 5 -5 6 -7 -8 -9
leaf_value=0.0075901011392878947 -0.011964573395594452 0.0075793939181449232 0.0016873860415040644 -0.014141704817013946 0.0040991155663734043 -0.014832284693878092 -0.017032305395841305 0.011718608131911754
leaf_weight=686.37873433530331 68.093996644020081 283.34313976764679 45.581962689757347 20.08699306845665 68.147049695253372 72.617276728153229 21.088645607233047 518.59493446350098
leaf_count=609 360 249 84 95 101 326 87 125
internal_value=0 0.00703243 0.0020377 0.00613338 0.00865906 -0.00846909 -0.000920307 0.00936852
internal_weight=0 1715.84 421.629 303.43 1294.21 118.199 89.2357 1204.97
internal_count=2036 1676 754 344 922 410 188 734
is_linear=0
shrinkage=0.00895904


Tree=69
num_leaves=9
num_cat=0
split_feature=64 86 64 73 49 100 65 59
split_gain=290.957 171.926 255.268 155.363 107.894 104.371 72.0182 2.70216
threshold=107.65000000000002 -24.499999999999996 45.000000000000007 36.95000000000001 0.67708333333333337 -1.0937000000000017 5.5000000000000009 250.00000000000003
decision_type=2 2 2 2 2 2 2 2
left_child=1 2 3 -1 6 -6 -3 -4
right_child=-2 4 7 -5 5 -7 -8 -9
leaf_value=0.0068445583882655679 -0.011928323653663107 0.0056076697802271624 -0.016803841762818007 -0.0069075880453107197 0.0099926412386752931 -0.019167327838152275 0.011138959308049302 -0.01255718770065902
leaf_weight=520.3772809356451 67.691407799720764 251.41561828553677 28.217586383223534 75.341590866446495 18.567663460969925 20.585469931364059 768.28084816038609 28.809857368469238
leaf_count=533 360 293 120 233 13 86 254 144
internal_value=0 0.00698677 0.00336891 0.0051036 0.00921602 -0.00535686 0.0097765 -0.014708
internal_weight=0 1711.6 652.746 595.719 1058.85 39.1531 1019.7 57.0274
internal_count=2036 1676 1030 766 646 99 547 264
is_linear=0
shrinkage=0.00895904


Tree=70
num_leaves=9
num_cat=0
split_feature=64 40 56 64 11 64 65 64
split_gain=286.776 169.808 221.365 108.425 107.966 93.4572 82.6925 61.5583
threshold=107.65000000000002 36.650000000000013 0.40588235294117653 41.000000000000007 2.5000000000000004 8.4500000000000011 2.5000000000000004 44.000000000000007
decision_type=2 2 2 2 2 2 2 2
left_child=1 4 3 -3 7 -4 -6 -1
right_child=-2 2 5 -5 6 -7 -8 -9
leaf_value=0.0073471229446553559 -0.011892610202613514 0.0074815158423127337 0.001632135469276167 -0.014045976348945147 0.0068173933451527802 -0.014740736163315562 -0.017995763459437795 0.011394051703800508
leaf_weight=726.05509260296822 67.288797497749329 282.22810070216656 45.539205104112625 19.941587939858437 21.727379873394966 72.236644461750984 21.055613413453102 518.7441595941782
leaf_count=670 360 249 84 95 23 326 88 141
internal_value=0 0.00694074 0.00199247 0.00605275 0.00855406 -0.00841745 -0.00541965 0.00903511
internal_weight=0 1707.53 419.946 302.17 1287.58 117.776 42.783 1244.8
internal_count=2036 1676 754 344 922 410 111 811
is_linear=0
shrinkage=0.00895904


Tree=71
num_leaves=9
num_cat=0
split_feature=64 86 64 73 49 100 66 59
split_gain=282.68 168.247 249.295 152.181 106.111 102.336 71.559 2.61272
threshold=107.65000000000002 -24.499999999999996 45.000000000000007 36.95000000000001 0.67708333333333337 -1.0937000000000017 1692.0000000000002 250.00000000000003
decision_type=2 2 2 2 2 2 2 2
left_child=1 2 3 -1 6 -6 -3 -4
right_child=-2 4 7 -5 5 -7 -8 -9
leaf_value=0.0067535205229981472 -0.011857419358228706 0.0099840213579476932 -0.016679313639943655 -0.0068692760656217031 0.0098873631572563604 -0.019018305141614004 -0.0081741487114212856 -0.012482147489333342
leaf_weight=518.62853354215622 66.886240839958191 996.13249017298222 28.127263188362122 75.223261430859566 18.493267193436623 20.582488864660263 17.593212500214577 28.510359227657318
leaf_count=533 360 498 120 233 13 86 49 144
internal_value=0 0.00689573 0.00331215 0.00502623 0.00910887 -0.00535615 0.00966738 -0.0146161
internal_weight=0 1703.29 650.489 593.852 1052.8 39.0758 1013.73 56.6376
internal_count=2036 1676 1030 766 646 99 547 264
is_linear=0
shrinkage=0.00895904


Tree=72
num_leaves=9
num_cat=0
split_feature=64 59 68 64 57 73 65 62
split_gain=278.633 166.72 113.793 187.687 96.716 95.8547 69.8272 24.4895
threshold=107.65000000000002 350.00000000000006 1322.0000000000002 51.850000000000001 -2.7499999999999996 37.750000000000007 3.5000000000000004 6.5000000000000009
decision_type=2 2 2 2 2 2 2 2
left_child=1 2 3 -1 7 -4 -6 -3
right_child=-2 4 5 -5 6 -7 -8 -9
leaf_value=0.0057690582889115116 -0.01182274395109624 -0.0059686283535124295 0.0099597066974474579 -0.017141024540122583 0.0027846008181052341 -0.012029711072017909 -0.013423526544979922 0.011790134932361829
leaf_weight=572.93881578743458 66.483791470527649 7.476660192012786 944.85640169680119 30.031262159347534 32.744379356503487 16.02921524643898 60.719563499093056 34.386642411351204
leaf_count=640 360 23 470 129 58 59 287 10
internal_value=0 0.00685052 0.007676 0.00462289 -0.00268593 0.00959054 -0.00775082 0.00860522
internal_weight=0 1699.18 1563.86 602.97 135.327 960.886 93.4639 41.8633
internal_count=2036 1676 1298 769 378 529 345 33
is_linear=0
shrinkage=0.00895904


Tree=73
num_leaves=9
num_cat=0
split_feature=64 86 64 73 49 100 64 59
split_gain=274.662 165.016 242.561 148.675 104.536 100.285 71.7512 2.47325
threshold=107.65000000000002 -24.499999999999996 45.000000000000007 36.95000000000001 0.67708333333333337 -1.0937000000000017 19.450000000000003 250.00000000000003
decision_type=2 2 2 2 2 2 2 2
left_child=1 2 3 -1 6 -6 -3 -4
right_child=-2 4 7 -5 5 -7 -8 -9
leaf_value=0.0066548721317962996 -0.011788571936576238 0.0062795767139125032 -0.016509247093469497 -0.0068208540726414748 0.0097707589826579733 -0.01887443686729014 0.011306881831760695 -0.012398158514446703
leaf_weight=516.72684063017368 66.08151376247406 350.04700906574726 28.041800752282143 75.125347778201103 18.417898908257484 20.58243428170681 657.82883724570274 28.199367865920067
leaf_count=533 360 368 120 233 13 86 179 144
internal_value=0 0.00680609 0.00325186 0.00494267 0.0090054 -0.00536455 0.00956239 -0.0144974
internal_weight=0 1694.97 648.093 591.852 1046.88 39.0003 1007.88 56.2412
internal_count=2036 1676 1030 766 646 99 547 264
is_linear=0
shrinkage=0.00895904


Tree=74
num_leaves=9
num_cat=0
split_feature=64 40 56 3 64 64 39 64
split_gain=270.75 163.107 214.334 106.757 103.666 90.1201 87.2309 61.5775
threshold=107.65000000000002 36.650000000000013 0.40588235294117653 68.500000000000014 41.000000000000007 8.4500000000000011 5.5000000000000009 44.000000000000007
decision_type=2 2 2 2 2 2 2 2
left_child=1 3 4 7 -3 -4 -5 -1
right_child=-2 2 5 6 -6 -7 -8 -9
leaf_value=0.0072908743626908818 -0.011754894248578574 0.0073074395464409253 0.0014865847092537362 0.0038358126548737811 -0.013886121893611082 -0.014635300179166736 -0.016971985940247816 0.011423322583108169
leaf_weight=677.8696698397398 65.679466724395752 279.9425006955862 45.414011031389236 67.676923900842667 19.661323800683022 71.542280614376068 21.038862779736519 507.64198635518551
leaf_count=609 360 249 84 101 95 326 87 125
internal_value=0 0.00676186 0.00189397 0.0083527 0.00590857 -0.00838281 -0.00112442 0.00906199
internal_weight=0 1690.79 416.56 1274.23 299.604 116.956 88.7158 1185.51
internal_count=2036 1676 754 922 344 410 188 734
is_linear=0
shrinkage=0.00895904


Tree=75
num_leaves=8
num_cat=0
split_feature=64 61 56 64 64 64 40
split_gain=266.918 161.592 147.101 361.507 120.719 103.443 48.3839
threshold=107.65000000000002 0.033908045977011456 0.41421568627450983 23.650000000000002 19.450000000000003 10.950000000000001 34.750000000000007
decision_type=2 2 2 2 2 2 2
left_child=1 5 4 -4 -3 6 -1
right_child=-2 2 3 -5 -6 -7 -8
leaf_value=0.0097623273839561146 -0.011721702670577492 0.0048558995213693768 0.0065951964445836253 -0.016436319443940681 0.010937587384545103 -0.013585936073650421 -0.0075101323671850871
leaf_weight=39.316499173641205 65.277704000473022 387.18015758693218 312.99376326799393 66.088581889867783 813.14541387557983 48.459956675767899 19.244441166520119
leaf_count=27 360 462 356 290 262 225 54
internal_value=0 0.00671867 0.00744057 0.00257359 0.00897697 -0.00392913 0.00407986
internal_weight=0 1686.43 1579.41 379.082 1200.33 107.021 58.5609
internal_count=2036 1676 1370 646 724 306 81
is_linear=0
shrinkage=0.00895904


Tree=76
num_leaves=9
num_cat=0
split_feature=64 59 64 56 64 64 38 64
split_gain=263.148 160.425 107.547 99.3517 267.761 133.334 89.8872 0.0177249
threshold=107.65000000000002 250.00000000000003 26.150000000000002 0.13809523809523808 41.000000000000007 27.850000000000005 5.5000000000000009 42.800000000000004
decision_type=2 2 2 2 2 2 2 2
left_child=1 3 6 5 -5 -1 -3 -4
right_child=-2 2 7 4 -6 -7 -8 -9
leaf_value=0.0039697268787581286 -0.011688985475976965 0.0087515561581743128 -0.014226225512029721 0.0065135398688580867 -0.017009056410714398 0.011960470163020934 -0.0063808322991600087 -0.012407857678086318
leaf_weight=233.7383521348238 64.876289963722229 79.465668231248856 15.634974986314772 634.79177685081959 41.190757185220718 594.58356460928917 51.948002085089684 30.703059017658234
leaf_count=292 360 63 70 661 176 98 158 158
internal_value=0 0.00667587 -0.00137166 0.00762685 0.00507576 0.00970708 0.00276896 -0.0130779
internal_weight=0 1682.06 177.752 1504.3 675.983 828.322 131.414 46.338
internal_count=2036 1676 449 1227 837 390 221 228
is_linear=0
shrinkage=0.00895904


Tree=77
num_leaves=9
num_cat=0
split_feature=64 86 64 73 49 100 66 59
split_gain=259.433 158.94 230.688 144.505 102.03 98.0317 70.4808 2.25424
threshold=107.65000000000002 -24.499999999999996 45.000000000000007 36.95000000000001 0.67708333333333337 -1.0937000000000017 1692.0000000000002 250.00000000000003
decision_type=2 2 2 2 2 2 2 2
left_child=1 2 3 -1 6 -6 -3 -4
right_child=-2 4 7 -5 5 -7 -8 -9
leaf_value=0.0064817452002140135 -0.011656735150117869 0.0096819770131019271 -0.016232145765192555 -0.0068288349433417881 0.0096210919681485388 -0.018766497421895591 -0.0083943117949964816 -0.012257098189261869
leaf_weight=512.80532872676849 64.47527289390564 978.25163140892982 27.833038404583931 74.881431743502617 18.283681929111481 20.547037392854691 17.485456079244614 27.625278577208519
leaf_count=533 360 498 120 233 13 86 49 144
internal_value=0 0.00663326 0.0031345 0.00478404 0.00880728 -0.00541785 0.00936298 -0.0143014
internal_weight=0 1677.71 643.145 587.687 1034.57 38.8307 995.737 55.4583
internal_count=2036 1676 1030 766 646 99 547 264
is_linear=0
shrinkage=0.00895904


Tree=78
num_leaves=8
num_cat=0
split_feature=64 61 56 64 64 64 40
split_gain=255.762 157.35 143.246 349.8 118.941 100.574 47.5047
threshold=107.65000000000002 0.033908045977011456 0.41421568627450983 23.650000000000002 19.450000000000003 10.950000000000001 34.750000000000007
decision_type=2 2 2 2 2 2 2
left_child=1 5 4 -4 -3 6 -1
right_child=-2 2 3 -5 -6 -7 -8
leaf_value=0.0096150537849888189 -0.011624943100650306 0.0047339870852392994 0.0064564682340139193 -0.016260174538300622 0.010792103225293292 -0.01351618310936379 -0.0075224785894608256
leaf_weight=39.084720849990845 64.074706435203552 385.10503005981445 311.83467352390289 65.708955392241478 804.47377613186836 48.069334149360657 19.222862169146538
leaf_count=27 360 462 356 290 262 225 54
internal_value=0 0.00659043 0.00730618 0.00249649 0.00883199 -0.00394773 0.00395865
internal_weight=0 1673.5 1567.12 377.544 1189.58 106.377 58.3076
internal_count=2036 1676 1370 646 724 306 81
is_linear=0
shrinkage=0.00895904


Tree=79
num_leaves=9
num_cat=0
split_feature=64 86 64 73 49 100 65 59
split_gain=252.17 155.793 224.698 141.533 100.032 96.1396 69.7383 2.11436
threshold=107.65000000000002 -24.499999999999996 45.000000000000007 36.95000000000001 0.67708333333333337 -1.0937000000000017 5.5000000000000009 250.00000000000003
decision_type=2 2 2 2 2 2 2 2
left_child=1 2 3 -1 6 -6 -3 -4
right_child=-2 4 7 -5 5 -7 -8 -9
leaf_value=0.0063930094062663806 -0.011593599633936575 0.0051279202223606934 -0.016070382918318801 -0.0067903603171720582 0.0095426067600177852 -0.01860396031880646 0.01063285412953624 -0.012189647916415247
leaf_weight=510.92075268924236 63.674649596214294 246.59737904369831 27.711189776659012 74.785644456744194 18.211766824126244 20.530935361981392 742.96112084388733 27.353994518518448
leaf_count=533 360 293 120 233 13 86 254 144
internal_value=0 0.00654879 0.00308002 0.00470799 0.00870931 -0.0053907 0.00926231 -0.0141919
internal_weight=0 1669.07 640.772 585.706 1028.3 38.7427 989.558 55.0652
internal_count=2036 1676 1030 766 646 99 547 264
is_linear=0
shrinkage=0.00895904


Tree=80
num_leaves=9
num_cat=0
split_feature=64 59 68 64 57 73 65 62
split_gain=248.616 154.523 108.715 173.095 91.0443 90.1677 66.3673 23.4185
threshold=107.65000000000002 350.00000000000006 1322.0000000000002 51.850000000000001 -2.7499999999999996 37.750000000000007 3.5000000000000004 6.5000000000000009
decision_type=2 2 2 2 2 2 2 2
left_child=1 2 3 -1 7 -4 -6 -3
right_child=-2 4 5 -5 6 -7 -8 -9
leaf_value=0.0054195263840363384 -0.011562698059604734 -0.0059584515780933076 0.0095769752463244831 -0.0167477333393336 0.0025599527302017293 -0.011836524563241956 -0.013315145355674136 0.011478147907094689
leaf_weight=564.35798560082912 63.275139927864075 7.4338873773813239 921.76703932881355 29.580589920282364 32.661618769168854 15.902533352375029 59.422754228115082 33.691947519779205
leaf_count=640 360 23 470 129 58 59 287 10
internal_value=0 0.00650678 0.00731168 0.00431043 -0.00274483 0.00921144 -0.00769051 0.00831278
internal_weight=0 1664.82 1531.61 593.939 133.21 937.67 92.0844 41.1258
internal_count=2036 1676 1298 769 378 529 345 33
is_linear=0
shrinkage=0.00895904


Tree=81
num_leaves=8
num_cat=0
split_feature=64 61 56 64 64 64 40
split_gain=245.124 153.283 140.049 339.822 117.477 97.8804 46.7462
threshold=107.65000000000002 0.033908045977011456 0.41421568627450983 23.650000000000002 19.450000000000003 10.950000000000001 34.750000000000007
decision_type=2 2 2 2 2 2 2
left_child=1 5 4 -4 -3 6 -1
right_child=-2 2 3 -5 -6 -7 -8
leaf_value=0.0094779134651571777 -0.01153222764513335 0.0046126077774920572 0.0063196066595111282 -0.016134324872241999 0.010655133269984964 -0.013451548758128644 -0.007545423535474995
leaf_weight=38.861517041921616 62.876236438751221 382.94413101673126 310.56248579919338 65.313740029931068 795.93392094969749 47.683575063943863 19.197660803794861
leaf_count=27 360 462 356 290 262 225 54
internal_value=0 0.00646532 0.00717521 0.00241164 0.00869338 -0.00396616 0.00384236
internal_weight=0 1660.5 1554.75 375.876 1178.88 105.743 58.0592
internal_count=2036 1676 1370 646 724 306 81
is_linear=0
shrinkage=0.00895904


Tree=82
num_leaves=9
num_cat=0
split_feature=64 40 56 64 11 65 92 68
split_gain=241.701 151.879 200.301 113.375 103.831 79.0665 60.1149 44.8045
threshold=107.65000000000002 36.650000000000013 0.51470588235294124 41.000000000000007 2.5000000000000004 2.5000000000000004 0.13809523809523808 1582.5000000000002
decision_type=2 2 2 2 2 2 2 2
left_child=1 4 3 -3 6 -6 -1 -4
right_child=-2 2 7 -5 5 -7 -8 -9
leaf_value=0.0087180791056934541 -0.011502182729460983 0.0063672238682506987 -0.012861402166296351 -0.013814982201270606 0.0063140766128650253 -0.018123214651832812 -0.0072380614272967185 0.0083500135631646832
leaf_weight=1185.2451907992363 62.477982044219971 301.49286000430584 75.241599977016449 23.948619559407234 21.281888991594315 20.888202533125877 19.122343704104424 8.8074859976768476
leaf_count=758 360 301 327 118 23 88 53 8
internal_value=0 0.00642477 0.00168995 0.00487474 0.00797965 -0.00581719 0.00846361 -0.0106245
internal_weight=0 1656.03 409.491 325.441 1246.54 42.1701 1204.37 84.0491
internal_count=2036 1676 754 419 922 111 811 335
is_linear=0
shrinkage=0.00895904


Tree=83
num_leaves=9
num_cat=0
split_feature=64 56 64 64 64 92 61 59
split_gain=238.316 150.924 330.349 153.226 125.049 98.2854 17.3799 3.40862
threshold=107.65000000000002 0.11437908496732026 41.000000000000007 27.850000000000005 9.8500000000000032 -0.16025641025641016 0.12158167036215817 250.00000000000003
decision_type=2 2 2 2 2 2 2 2
left_child=1 3 5 4 -1 -3 -5 -4
right_child=-2 2 7 6 -6 -7 -8 -9
leaf_value=0.0059240387696839992 -0.011472556019840216 -0.0097346052878435948 -0.01657904057615019 0.0061738826768132351 -0.012178133952264853 0.0060902136896302693 0.012007831353363172 -0.012201437598434731
leaf_weight=153.36738260090351 62.080419659614563 32.66529007256031 42.36450183391571 45.082660332322121 38.074371963739395 776.67104451358318 536.64853166043758 26.8337512165308
leaf_count=163 360 102 183 44 116 857 68 143
internal_value=0 0.00638392 0.003842 0.00927054 0.00231515 0.00544934 0.0115579 -0.0149202
internal_weight=0 1651.71 878.535 773.173 191.442 809.336 581.731 69.1983
internal_count=2036 1676 1285 391 279 959 112 326
is_linear=0
shrinkage=0.00895904


Tree=84
num_leaves=9
num_cat=0
split_feature=64 86 64 73 49 100 66 59
split_gain=234.969 149.723 211.107 136.818 97.3747 93.8228 69.3207 1.89486
threshold=107.65000000000002 -24.499999999999996 45.000000000000007 36.95000000000001 0.67708333333333337 -1.0937000000000017 1692.0000000000002 250.00000000000003
decision_type=2 2 2 2 2 2 2 2
left_child=1 2 3 -1 6 -6 -3 -4
right_child=-2 4 7 -5 5 -7 -8 -9
leaf_value=0.0061768340521278671 -0.011443336552978019 0.0093545643255805219 -0.015765174710722384 -0.0068132268368703555 0.0093710843441473547 -0.018515622866925138 -0.0086383831985122547 -0.012029064585851205
leaf_weight=505.89660097658634 61.683602929115295 957.16903136670589 27.420971482992172 74.520700886845589 18.053998425602913 20.476332858204842 17.357726812362671 26.64032556116581
leaf_count=533 360 498 120 233 13 86 49 144
internal_value=0 0.00634283 0.00292884 0.00450729 0.00848003 -0.00546658 0.00903243 -0.0139734
internal_weight=0 1647.54 634.479 580.417 1013.06 38.5303 974.527 54.0613
internal_count=2036 1676 1030 766 646 99 547 264
is_linear=0
shrinkage=0.00895904


Tree=85
num_leaves=8
num_cat=0
split_feature=64 61 56 64 64 64 40
split_gain=231.684 148.635 135.746 327.089 116.118 94.5081 45.7681
threshold=107.65000000000002 0.033908045977011456 0.41421568627450983 23.650000000000002 19.450000000000003 10.950000000000001 34.750000000000007
decision_type=2 2 2 2 2 2 2
left_child=1 5 4 -4 -3 6 -1
right_child=-2 2 3 -5 -6 -7 -8
leaf_value=0.0092901319470552277 -0.011414521047935356 0.0044451089942292082 0.006146668860355098 -0.015965440362908628 0.010481828943424093 -0.013388452212904507 -0.0075906620768534548
leaf_weight=38.532226011157036 61.287564039230347 380.04145947098732 308.83931627869606 64.797012954950333 784.6918065994978 47.188947603106499 19.152387842535973
leaf_count=27 360 462 356 290 262 225 54
internal_value=0 0.00630247 0.00700599 0.00230566 0.00851318 -0.00401118 0.00367844
internal_weight=0 1643.24 1538.37 373.636 1164.73 104.874 57.6846
internal_count=2036 1676 1370 646 724 306 81
is_linear=0
shrinkage=0.00895904


Tree=86
num_leaves=9
num_cat=0
split_feature=64 56 64 64 64 5 61 59
split_gain=228.471 147.073 318.249 151.503 122.724 97.8357 17.2709 3.15688
threshold=107.65000000000002 0.11437908496732026 41.000000000000007 27.850000000000005 9.8500000000000032 9.5000000000000018 0.12158167036215817 250.00000000000003
decision_type=2 2 2 2 2 2 2 2
left_child=1 3 5 4 -1 -3 -5 -4
right_child=-2 2 7 6 -6 -7 -8 -9
leaf_value=0.0057983838298065749 -0.011386098235221805 0.0057322413005526096 -0.016359709049394097 0.0060352535448181211 -0.012148221581896292 -0.018772575408805489 0.011877440237373546 -0.012105209147197841
leaf_weight=152.4096804112196 60.892356634140015 791.9527872055769 42.114713758230209 44.669927895069122 38.061665862798691 13.114275425672529 529.99973638355732 26.408905640244484
leaf_count=163 360 902 183 44 116 57 68 143
internal_value=0 0.00626328 0.00375013 0.00913096 0.00220342 0.00532867 0.0114255 -0.0147586
internal_weight=0 1638.73 873.591 765.141 190.471 805.067 574.67 68.5236
internal_count=2036 1676 1285 391 279 959 112 326
is_linear=0
shrinkage=0.00895904


Tree=87
num_leaves=9
num_cat=0
split_feature=64 86 64 86 49 100 65 59
split_gain=225.279 145.818 202.697 134.101 95.1643 91.8283 68.3882 1.70131
threshold=107.65000000000002 -24.499999999999996 45.000000000000007 -350.49999999999994 0.67708333333333337 -1.0937000000000017 5.5000000000000009 250.00000000000003
decision_type=2 2 2 2 2 2 2 2
left_child=1 2 3 -1 6 -6 -3 -4
right_child=-2 4 7 -5 5 -7 -8 -9
leaf_value=0.0063703759881373473 -0.011358063803830531 0.0047759065002964188 -0.015530931690056293 -0.0050239097390799821 0.0092690573415167531 -0.018371253266305041 0.010277874471474591 -0.01193849343723025
leaf_weight=477.33328083157539 60.498012900352478 242.80135573446751 27.200073257088661 100.17004193365574 17.95257031917572 20.442862749099731 722.3968114554882 26.232856884598732
leaf_count=515 360 293 120 251 13 86 254 144
internal_value=0 0.00622319 0.00284706 0.00439295 0.00834472 -0.00546504 0.00889507 -0.0138166
internal_weight=0 1634.53 630.936 577.503 1003.59 38.3954 965.198 53.4329
internal_count=2036 1676 1030 766 646 99 547 264
is_linear=0
shrinkage=0.00895904


Tree=88
num_leaves=9
num_cat=0
split_feature=64 40 56 102 3 39 64 68
split_gain=222.133 145.021 191.262 108.801 101.469 81.7195 59.4752 43.1225
threshold=107.65000000000002 36.650000000000013 0.51470588235294124 0.24674884647442316 68.500000000000014 5.5000000000000009 44.000000000000007 1582.5000000000002
decision_type=2 2 2 2 2 2 2 2
left_child=1 4 3 -3 6 -6 -1 -4
right_child=-2 2 7 -5 5 -7 -8 -9
leaf_value=0.0066785562807493539 -0.011330409746530374 0.0061591516093360615 -0.012772753597114403 -0.013474564357703186 0.0032760955683342717 -0.016977023707085471 0.010830186913147879 0.0081178325662066321
leaf_weight=657.98301693797112 60.104575753211975 297.13881957530975 74.423714607954025 24.343251571059227 66.467728644609451 20.84735943377018 480.41708214581013 8.7426178604364377
leaf_count=609 360 322 327 97 101 87 125 8
internal_value=0 0.00618327 0.00153189 0.00466524 0.00771834 -0.00158586 0.00843213 -0.0105628
internal_weight=0 1630.36 404.648 321.482 1225.72 87.3151 1138.4 83.1663
internal_count=2036 1676 754 419 922 188 734 335
is_linear=0
shrinkage=0.00895904


Tree=89
num_leaves=8
num_cat=0
split_feature=64 61 56 64 64 64 40
split_gain=219.047 144.268 130.964 315.701 113.699 91.7128 44.9071
threshold=107.65000000000002 0.033908045977011456 0.41421568627450983 23.650000000000002 19.450000000000003 10.950000000000001 34.750000000000007
decision_type=2 2 2 2 2 2 2
left_child=1 5 4 -4 -3 6 -1
right_child=-2 2 3 -5 -6 -7 -8
leaf_value=0.0091297389286751282 -0.011303131519741145 0.0043028333870746118 0.0059946374652841 -0.015811783650738841 0.010304347808458332 -0.013336841895793665 -0.0076202452788843742
leaf_weight=38.238366693258286 59.712077379226685 377.56267006695271 307.28493514657021 64.270479917526245 772.8091149777174 46.771020844578743 19.125427737832069
leaf_count=27 360 462 356 290 262 225 54
internal_value=0 0.00614416 0.00684221 0.00221637 0.00833566 -0.00405149 0.00353805
internal_weight=0 1626.06 1521.93 371.555 1150.37 104.135 57.3638
internal_count=2036 1676 1370 646 724 306 81
is_linear=0
shrinkage=0.00895904


Tree=90
num_leaves=9
num_cat=0
split_feature=64 59 68 64 57 73 65 86
split_gain=216.03 142.964 103.153 157.865 86.5484 84.9397 62.2545 27.1926
threshold=107.65000000000002 350.00000000000006 1322.0000000000002 51.850000000000001 -2.7499999999999996 37.750000000000007 3.5000000000000004 -534.99999999999989
decision_type=2 2 2 2 2 2 2 2
left_child=1 2 3 -1 7 -4 -6 -3
right_child=-2 4 5 -5 6 -7 -8 -9
leaf_value=0.0050181385706706792 -0.011276218204136513 -0.016600965307232249 0.0091465035003690243 -0.016382072444584624 0.0022022883515515432 -0.011759854455426502 -0.013260472597362932 0.010169472304839495
leaf_weight=553.42049570381641 59.320566058158875 3.1433614939451209 892.43897564709187 28.938464239239693 32.497354358434677 15.718316197395323 58.108624011278152 37.25432924926281
leaf_count=640 360 13 470 129 58 59 287 20
internal_value=0 0.00610625 0.00689486 0.00394965 -0.00286316 0.00878223 -0.00772131 0.00801743
internal_weight=0 1621.52 1490.52 582.359 131.004 908.157 90.606 40.3977
internal_count=2036 1676 1298 769 378 529 345 33
is_linear=0
shrinkage=0.00895904


Tree=91
num_leaves=8
num_cat=0
split_feature=64 61 56 64 64 64 40
split_gain=213.042 141.436 128.753 309.042 112.879 89.8084 44.2683
threshold=107.65000000000002 0.033908045977011456 0.41421568627450983 23.650000000000002 19.450000000000003 10.950000000000001 34.750000000000007
decision_type=2 2 2 2 2 2 2
left_child=1 5 4 -4 -3 6 -1
right_child=-2 2 3 -5 -6 -7 -8
leaf_value=0.009036233067716325 -0.011249666582400151 0.0042251002758158145 0.0059091127366098974 -0.015716410761602264 0.010219876796018974 -0.013276633549244934 -0.0076085260704715644
leaf_weight=38.066931247711182 58.930073976516724 376.1368473470211 306.41256618499756 63.946530118584633 767.01569212973118 46.461700543761253 19.11836950480938
leaf_count=27 360 462 356 290 262 225 54
internal_value=0 0.0060679 0.00676127 0.00216898 0.00824844 -0.00405057 0.00346431
internal_weight=0 1617.16 1513.51 370.359 1143.15 103.647 57.1853
internal_count=2036 1676 1370 646 724 306 81
is_linear=0
shrinkage=0.00895904


Tree=92
num_leaves=9
num_cat=0
split_feature=64 59 90 104 49 64 39 102
split_gain=210.118 140.173 98.5283 98.6458 88.4917 162.722 106.267 28.0072
threshold=107.65000000000002 250.00000000000003 -0.27922077922077915 -5.4999999999999991 0.69615384615384623 17.650000000000002 14.500000000000002 0.16847292078185996
decision_type=2 2 2 2 2 2 2 2
left_child=1 4 7 -4 6 -6 -1 -3
right_child=-2 2 3 -5 5 -7 -8 -9
leaf_value=0.0079505693173663131 -0.011223468462727882 -0.014077195243638862 0.012778266106477703 -0.0095122448536063709 0.0054607424782743162 -0.017267532130603513 -0.016544198744394223 0.010597766152970846
leaf_weight=1283.5160510540009 58.540633320808411 3.835178703069686 18.710748672485352 101.88488782942295 109.96274988353252 32.624081462621689 14.202293485403059 47.867569923400879
leaf_count=904 360 18 1 406 124 141 58 24
internal_value=0 0.0060306 -0.00160462 -0.00603886 0.00694408 0.000244143 0.00768008 0.00872183
internal_weight=0 1612.6 172.298 120.596 1440.31 142.587 1297.72 51.7027
internal_count=2036 1676 449 407 1227 265 962 42
is_linear=0
shrinkage=0.00895904


Tree=93
num_leaves=9
num_cat=0
split_feature=64 56 64 64 64 19 61 59
split_gain=207.217 139.204 297.43 149.321 121.529 95.8778 17.1686 2.89664
threshold=107.65000000000002 0.11437908496732026 41.000000000000007 27.850000000000005 9.8500000000000032 14.500000000000002 0.12158167036215817 250.00000000000003
decision_type=2 2 2 2 2 2 2 2
left_child=1 3 5 4 -1 -3 -5 -4
right_child=-2 2 7 6 -6 -7 -8 -9
leaf_value=0.0055260484899920369 -0.011197620396723852 0.0059805448363251471 -0.01607817313587347 0.0057119472855442985 -0.012420684628666355 -0.0055467561735223197 0.011605717464977055 -0.011933845916528856
leaf_weight=150.23410598933697 58.152276277542114 731.81620235741138 41.624365106225014 43.610288321971893 37.731275007128716 62.740250617265701 515.001001983881 25.526073351502419
leaf_count=163 360 798 183 44 116 161 68 143
internal_value=0 0.00599269 0.00353805 0.00882419 0.00191442 0.00506917 0.0111477 -0.0145415
internal_weight=0 1608.28 861.707 746.577 187.965 794.556 558.611 67.1504
internal_count=2036 1676 1285 391 279 959 112 326
is_linear=0
shrinkage=0.00895904


Tree=94
num_leaves=9
num_cat=0
split_feature=64 73 55 3 74 31 56 64
split_gain=204.353 138.369 177.42 116.421 92.2345 83.2273 74.6494 26.8167
threshold=107.65000000000002 36.95000000000001 0.75000000000000011 68.500000000000014 1.5500000000000003 1.0000000180025095e-35 0.41421568627450983 2.9500000000000006
decision_type=2 2 2 2 2 2 2 2
left_child=1 3 4 6 -3 -5 -1 -4
right_child=-2 2 7 5 -6 -7 -8 -9
leaf_value=0.0086960605417514512 -0.011172112852434581 -0.016751030432718774 0.0043935796672736607 -0.016644504791742443 0.0089759212205161257 0.0022333318839104725 0.003638313079925026 -0.014939407890552373
leaf_weight=1033.6202635318041 57.765040397644043 12.625197201967238 6.2804484367370597 24.784872472286224 88.236586958169937 74.98933644592762 303.38228544592857 60.144804984331131
leaf_count=575 360 55 9 99 61 132 459 286
internal_value=0 0.00595471 -0.00175486 0.00685248 0.00572974 -0.00247879 0.0075491 -0.0131038
internal_weight=0 1604.06 167.287 1436.78 100.862 99.7742 1337 66.4253
internal_count=2036 1676 411 1265 116 231 1034 295
is_linear=0
shrinkage=0.00895904


Tree=95
num_leaves=14
num_cat=0
split_feature=59 64 49 64 39 92 38 6 54 79 45 64 64
split_gain=201.756 119.132 112.699 173.463 114.177 87.8863 83.8617 83.0764 57.6696 40.1569 6.6807 3.79448 0.67777
threshold=250.00000000000003 26.150000000000002 0.69615384615384623 17.650000000000002 14.500000000000002 0.13809523809523808 5.5000000000000009 1.0000000180025095e-35 34.550000000000004 9.5000000000000018 1.5000000000000002 105.00000000000001 42.800000000000004
decision_type=2 2 2 2 2 2 2 2 2 2 2 2 2
left_child=2 6 4 7 5 -1 9 -4 -8 -2 -6 -5 -3
right_child=1 12 3 11 10 -7 8 -9 -10 -11 -12 -13 -14
leaf_value=0.0079705246977106944 -0.0061127232872605986 -0.014147562458254163 -0.011701024592511227 -0.01714574703278714 -0.0014774355165257829 -0.0097602751328170496 0.006002366803921428 0.0089120430298757769 -0.013705647179817822 0.011050758028566861 -0.01780357968700215 -0.011015821346726821 -0.011542066617183711
leaf_weight=1260.8429729491472 13.084693863987921 15.236630216240881 18.793448939919472 32.362911745905876 2.372419252991679 22.689089626073837 18.426238521933556 90.736476838588715 33.086219102144241 63.387086033821106 14.666860431432722 12.896171391010283 58.583022981882095
leaf_count=903 40 70 59 140 8 72 25 65 133 23 68 81 349
internal_value=0 -0.00306728 0.0064891 -0.000736555 0.00734907 0.00765567 0.00216167 0.00536075 -0.00665946 0.00810579 -0.0155734 -0.0154533 -0.0121154
internal_weight=0 201.804 1455.36 154.789 1300.57 1283.53 127.984 109.53 51.5125 76.4718 17.0393 45.2591 73.8197
internal_count=2036 640 1396 345 1051 975 221 124 158 63 76 221 419
is_linear=0
shrinkage=0.00895904


Tree=96
num_leaves=8
num_cat=0
split_feature=64 61 56 64 64 64 40
split_gain=199.34 136.794 123.464 296.001 111.774 86.4382 43.1283
threshold=107.65000000000002 0.033908045977011456 0.41421568627450983 23.650000000000002 19.450000000000003 10.950000000000001 34.750000000000007
decision_type=2 2 2 2 2 2 2
left_child=1 5 4 -4 -3 6 -1
right_child=-2 2 3 -5 -6 -7 -8
leaf_value=0.0088285266988795998 -0.011129323840654909 0.0040234008984982444 0.0057283930393507926 -0.015539886107465458 0.010027978459381344 -0.013218606991858844 -0.0076446360019441825
leaf_weight=37.655318975448608 57.104186773300171 372.22285334765911 304.28776341676712 63.283187910914421 752.83317501842976 45.967816367745399 19.066769331693649
leaf_count=27 360 462 356 290 262 225 54
internal_value=0 0.00588165 0.00656979 0.00206048 0.00804242 -0.00411399 0.00328371
internal_weight=0 1595.32 1492.63 367.571 1125.06 102.69 56.7221
internal_count=2036 1676 1370 646 724 306 81
is_linear=0
shrinkage=0.00895904


Tree=97
num_leaves=14
num_cat=0
split_feature=59 64 49 64 39 38 92 6 64 54 79 64 64
split_gain=197.082 116.33 109.987 169.485 111.954 82.3191 81.841 81.7585 79.186 56.6013 39.5741 3.60494 0.650794
threshold=250.00000000000003 26.150000000000002 0.69615384615384623 17.650000000000002 13.500000000000002 5.5000000000000009 0.13809523809523808 1.0000000180025095e-35 4.1500000000000012 34.550000000000004 9.5000000000000018 105.00000000000001 42.800000000000004
decision_type=2 2 2 2 2 2 2 2 2 2 2 2 2
left_child=2 5 4 7 6 10 -1 -4 -6 -7 -2 -5 -3
right_child=1 12 3 11 8 9 -8 -9 -10 -11 -12 -13 -14
leaf_value=0.0080194332656489137 -0.0060920230517237731 -0.014070967012882246 -0.011620080459061531 -0.016986362119085309 0.0095463071960172029 0.0059149866388684838 -0.0094954170354460184 0.008828428024325586 -0.017916078860398532 -0.013624810749491376 0.010959431140583082 -0.010965638480128008 -0.011493188383053654
leaf_weight=1234.7460339665413 13.078759595751761 15.127750173211096 18.809426069259644 32.250456690788269 12.921074092388151 18.403085321187973 21.636886045336723 90.388344436883926 23.52403849363327 33.017981946468353 62.95486781001091 12.724048897624014 57.885937094688416
leaf_count=863 40 70 59 140 10 25 67 65 111 133 23 81 349
internal_value=0 -0.00306167 0.00641424 -0.00073744 0.00726709 0.00210502 0.00771638 0.00529178 -0.0081801 -0.00663529 0.00801814 -0.0153372 -0.012063
internal_weight=0 200.468 1447 154.172 1292.83 127.455 1256.38 109.198 36.4451 51.4211 76.0336 44.9745 73.0137
internal_count=2036 640 1396 345 1051 221 930 124 121 158 63 221 419
is_linear=0
shrinkage=0.00895904


Tree=98
num_leaves=8
num_cat=0
split_feature=64 61 56 64 64 64 40
split_gain=194.417 134.004 121.18 288.877 111.105 84.6056 42.2656
threshold=107.65000000000002 0.033908045977011456 0.41421568627450983 23.650000000000002 19.450000000000003 10.950000000000001 34.750000000000007
decision_type=2 2 2 2 2 2 2
left_child=1 5 4 -4 -3 6 -1
right_child=-2 2 3 -5 -6 -7 -8
leaf_value=0.0087296142685238474 -0.0110866524664843 0.0039469207771488032 0.0056458304077806228 -0.015419579333755993 0.0099491258349859429 -0.013155942064947157 -0.0075932707107035395
leaf_weight=37.455411791801453 56.429799124598503 370.7344406992197 303.33443208038807 62.927314087748528 747.04946403205395 45.633062809705734 19.063867777585983
leaf_count=27 360 462 356 290 262 225 54
internal_value=0 0.00581091 0.00649413 0.00202036 0.00795942 -0.00410805 0.0032165
internal_weight=0 1586.2 1484.05 366.262 1117.78 102.152 56.5193
internal_count=2036 1676 1370 646 724 306 81
is_linear=0
shrinkage=0.00895904


Tree=99
num_leaves=14
num_cat=0
split_feature=59 64 49 64 39 38 6 92 64 54 79 64 64
split_gain=192.552 113.617 107.353 165.631 109.515 80.8093 80.4644 80.3815 77.7099 55.558 39.0025 3.42709 0.62531
threshold=250.00000000000003 26.150000000000002 0.69615384615384623 17.650000000000002 13.500000000000002 5.5000000000000009 1.0000000180025095e-35 0.13809523809523808 4.1500000000000012 34.550000000000004 9.5000000000000018 105.00000000000001 42.800000000000004
decision_type=2 2 2 2 2 2 2 2 2 2 2 2 2
left_child=2 5 4 6 7 10 -4 -1 -6 -7 -2 -5 -3
right_child=1 12 3 11 8 9 -8 -9 -10 -11 -12 -13 -14
leaf_value=0.0079349640577896959 -0.0060710460314877665 -0.013997367452112205 -0.011539777525389509 -0.016832891586918131 0.0094770355744512782 0.0058291734406870892 0.0087462252509358587 -0.0094292617047541868 -0.01779347445265865 -0.013545250179868917 0.010869969853400403 -0.010916676855079896 -0.011445878015514836
leaf_weight=1227.1018663197756 13.072690233588217 15.017512694001196 18.824791014194489 32.130020216107368 12.857471048831938 18.379222378134727 90.038272723555565 21.623163059353828 23.41429278254509 32.947515472769737 62.520284041762352 12.553006187081335 57.192235872149467
leaf_count=863 40 70 59 140 10 25 65 67 111 133 23 81 349
internal_value=0 -0.00305633 0.00634095 -0.000738189 0.00718684 0.0020494 0.00522403 0.00763286 -0.00812713 -0.0066113 0.00793205 -0.015225 -0.0120124
internal_weight=0 199.129 1438.54 153.546 1285 126.92 108.863 1248.73 36.2718 51.3267 75.593 44.683 72.2097
internal_count=2036 640 1396 345 1051 221 124 930 121 158 63 221 419
is_linear=0
shrinkage=0.00895904


Tree=100
num_leaves=9
num_cat=0
split_feature=64 86 64 86 49 100 66 59
split_gain=189.638 131.962 177.379 127.797 87.3305 87.854 68.3501 1.4393
threshold=107.65000000000002 -24.499999999999996 45.000000000000007 -350.49999999999994 0.67708333333333337 -1.0937000000000017 1692.0000000000002 250.00000000000003
decision_type=2 2 2 2 2 2 2 2
left_child=1 2 3 -1 6 -6 -3 -4
right_child=-2 4 7 -5 5 -7 -8 -9
leaf_value=0.0059146568480763764 -0.011045221332291858 0.0086870580319570474 -0.015062193821313784 -0.0053093680833909843 0.0090775046595395481 -0.0181641723453843 -0.009373919506362835 -0.011637963378114739
leaf_weight=463.65610574185848 55.75948429107666 908.9016914665699 26.459179148077965 98.5997663885355 17.600354239344597 20.236609160900116 16.985096424818039 24.625218912959099
leaf_count=515 360 498 120 251 13 86 49 144
internal_value=0 0.00574128 0.00249161 0.00394518 0.00780853 -0.00550988 0.00835384 -0.0134616
internal_weight=0 1577.06 613.34 562.256 963.724 37.837 925.887 51.0844
internal_count=2036 1676 1030 766 646 99 547 264
is_linear=0
shrinkage=0.00895904


Tree=101
num_leaves=14
num_cat=0
split_feature=59 64 49 64 39 92 38 6 54 79 45 64 64
split_gain=188.256 111.017 104.407 162.002 107.323 83.258 79.6481 79.065 54.5917 38.4893 6.4101 3.24131 0.627364
threshold=250.00000000000003 26.150000000000002 0.69615384615384623 17.650000000000002 14.500000000000002 0.13809523809523808 5.5000000000000009 1.0000000180025095e-35 34.550000000000004 9.5000000000000018 1.5000000000000002 105.00000000000001 42.800000000000004
decision_type=2 2 2 2 2 2 2 2 2 2 2 2 2
left_child=2 6 4 7 5 -1 9 -4 -8 -2 -6 -5 -3
right_child=1 12 3 11 10 -7 8 -9 -10 -11 -12 -13 -14
leaf_value=0.0077174622690636243 -0.0060519692876882889 -0.013950527484574309 -0.011429329169008079 -0.016669729377225537 -0.0013358964278154344 -0.0095660404211360597 0.0057341522959260573 0.0086765799010613577 -0.013485021550631381 0.010787792558401503 -0.017463504843331413 -0.010868857230922643 -0.01139319701742684
leaf_weight=1238.0046365410089 13.069178149104117 14.967898786067961 18.846452057361603 32.017858281731606 2.328300595283511 22.626494154334068 18.353615909814835 89.701476022601128 32.897642374038696 62.140183538198471 14.476562157273291 12.382910713553427 56.464157238602638
leaf_count=903 40 70 59 140 8 72 25 65 133 23 68 81 349
internal_value=0 -0.0030527 0.00626783 -0.00072639 0.00710525 0.00740583 0.00199191 0.00517155 -0.00660629 0.00785331 -0.0152705 -0.015106 -0.0119652
internal_weight=0 197.893 1430.38 152.949 1277.44 1260.63 126.461 108.548 51.2513 75.2094 16.8049 44.4008 71.4321
internal_count=2036 640 1396 345 1051 975 221 124 158 63 76 221 419
is_linear=0
shrinkage=0.00895904


Tree=102
num_leaves=14
num_cat=0
split_feature=59 64 49 64 39 38 92 6 64 54 79 64 64
split_gain=185.386 109.744 102.89 159.618 106.168 78.4511 77.8499 77.7607 75.8468 53.7406 37.9719 3.10978 0.595946
threshold=250.00000000000003 26.150000000000002 0.69615384615384623 17.650000000000002 13.500000000000002 5.5000000000000009 0.13809523809523808 1.0000000180025095e-35 4.1500000000000012 34.550000000000004 9.5000000000000018 105.00000000000001 42.800000000000004
decision_type=2 2 2 2 2 2 2 2 2 2 2 2 2
left_child=2 5 4 7 6 10 -1 -4 -6 -7 -2 -5 -3
right_child=1 12 3 11 8 9 -8 -9 -10 -11 -12 -13 -14
leaf_value=0.007803646230683991 -0.0060012787485274584 -0.013885111334394898 -0.01130807309169026 -0.016555628163581373 0.0093928774054933915 0.0056868768173938752 -0.0092808648577264573 0.0086214746355245311 -0.017630719746287125 -0.013392847791235644 0.01073391828989408 -0.010845583062954356 -0.011366085975772905
leaf_weight=1216.090365588665 13.06313696503639 14.904871568083761 18.879786819219589 31.951315835118294 12.77337960898876 18.342036485671997 21.637179762125015 89.468313500285149 23.28874360024929 32.828920438885689 61.894622221589088 12.299093678593634 56.093886107206345
leaf_count=863 40 70 59 140 10 25 67 65 111 133 23 81 349
internal_value=0 -0.0030374 0.0062291 -0.000721862 0.00706182 0.00197927 0.00750358 0.0051347 -0.00805918 -0.00655767 0.00780927 -0.0150226 -0.0119311
internal_weight=0 197.127 1426.39 152.599 1273.79 126.129 1237.73 108.348 36.0621 51.171 74.9578 44.2504 70.9988
internal_count=2036 640 1396 345 1051 221 930 124 121 158 63 221 419
is_linear=0
shrinkage=0.00895904


Tree=103
num_leaves=8
num_cat=0
split_feature=64 61 56 64 64 64 40
split_gain=183.004 129.501 116.684 275.35 111.111 80.9691 41.0161
threshold=107.65000000000002 0.033908045977011456 0.41421568627450983 23.650000000000002 19.450000000000003 10.950000000000001 34.750000000000007
decision_type=2 2 2 2 2 2 2
left_child=1 5 4 -4 -3 6 -1
right_child=-2 2 3 -5 -6 -7 -8
leaf_value=0.0085070155081161496 -0.010989697617958894 0.0037371223277908481 0.0054565260169216279 -0.015234119031983196 0.0097810336076388921 -0.013087836272298654 -0.0076257894232144912
leaf_weight=36.979333221912384 54.82506836950779 366.45592972636223 300.83246619999409 62.121811136603355 733.43375504016876 45.012532085180283 18.996555745601654
leaf_count=27 360 462 356 290 262 225 54
internal_value=0 0.0056376 0.00631502 0.00190897 0.00776837 -0.00416816 0.0030243
internal_weight=0 1563.83 1462.84 362.954 1099.89 100.988 55.9759
internal_count=2036 1676 1370 646 724 306 81
is_linear=0
shrinkage=0.00895904


Tree=104
num_leaves=14
num_cat=0
split_feature=59 64 61 56 64 65 64 38 54 40 79 64 64
split_gain=181.152 107.225 100.585 86.3096 259.476 98.7974 80.5988 77.0186 52.7597 40.1688 37.4281 0.572669 0.134171
threshold=250.00000000000003 26.150000000000002 0.033908045977011456 0.41421568627450983 23.650000000000002 7.5000000000000009 10.950000000000001 5.5000000000000009 34.550000000000004 34.150000000000013 9.5000000000000018 42.800000000000004 90.250000000000014
decision_type=2 2 2 2 2 2 2 2 2 2 2 2 2
left_child=2 7 6 5 -5 -4 9 10 -9 -1 -2 -3 -8
right_child=1 11 3 4 -6 -7 12 8 -10 -11 -12 -13 -14
leaf_value=-0.024865947363221983 -0.005979675971344316 -0.013816649011578645 0.0041631959527833676 0.0063099405455638927 -0.015486090714622787 0.010075260837119787 -0.013368713930700256 0.005604981504977998 -0.013316132470200418 0.0063378902670778604 0.010648697613989474 -0.011322065240363081 -0.010944392064510249
leaf_weight=3.3627233803272238 13.056853026151655 14.792377442121504 344.6756225079298 264.23270690441132 52.36451455950737 666.07016856968403 28.744106248021126 18.316568985581398 32.753250539302826 48.982523709535599 61.455629080533981 55.409171611070633 9.4975208938121778
leaf_count=15 40 70 402 271 245 213 138 25 133 51 23 349 61
internal_value=0 -0.00303243 0.00615851 0.00678185 0.00269767 0.00806037 -0.00297001 0.00192616 -0.00653392 0.00424958 0.00772675 -0.0118842 -0.0128247
internal_weight=0 195.784 1417.93 1327.34 316.597 1010.75 90.5869 125.582 51.0698 52.3452 74.5125 70.2015 38.2416
internal_count=2036 640 1396 1131 516 615 265 221 158 66 63 419 199
is_linear=0
shrinkage=0.00895904


Tree=105
num_leaves=14
num_cat=0
split_feature=59 64 49 64 39 6 92 38 64 54 79 64 64
split_gain=178.468 106.006 99.6335 154.668 103.273 76.5896 76.3152 75.8656 74.246 51.9438 36.9275 2.93511 0.543481
threshold=250.00000000000003 26.150000000000002 0.69615384615384623 17.650000000000002 13.500000000000002 1.0000000180025095e-35 0.13809523809523808 5.5000000000000009 4.1500000000000012 34.550000000000004 9.5000000000000018 105.00000000000001 42.800000000000004
decision_type=2 2 2 2 2 2 2 2 2 2 2 2 2
left_child=2 7 4 5 6 -4 -1 10 -6 -9 -2 -5 -3
right_child=1 12 3 11 8 -7 -8 9 -10 -11 -12 -13 -14
leaf_value=0.0076850099694254197 -0.0059296870825841716 -0.013753650670647502 -0.011284785208445034 -0.016388860117171215 0.0093032619069470125 0.0085074082168217456 -0.0092523919335969224 0.0055589197168996836 -0.017524214007569355 -0.013226668478892787 0.010596268060551584 -0.010779379777501787 -0.011295903526136929
leaf_weight=1204.4360122680664 13.05060565471649 14.728166565299032 18.871340930461884 31.741032987833023 12.689664721488951 88.960123896598816 21.582498595118523 18.304523512721062 23.119777888059616 32.680987477302551 61.208456873893738 12.056085437536238 55.042031422257423
leaf_count=863 40 70 59 140 10 65 67 25 111 133 23 81 349
internal_value=0 -0.00301743 0.0061227 -0.000738053 0.00694713 0.00502956 0.00738543 0.00191406 -0.00801794 -0.00648639 0.00768385 -0.0148989 -0.0118513
internal_weight=0 195.015 1413.46 151.629 1261.83 107.831 1226.02 125.245 35.8094 50.9855 74.2591 43.7971 69.7702
internal_count=2036 640 1396 345 1051 124 930 221 121 158 63 221 419
is_linear=0
shrinkage=0.00895904


Tree=106
num_leaves=9
num_cat=0
split_feature=64 73 55 3 74 31 56 64
split_gain=176.451 125.828 164.259 111.778 87.7627 79.8241 67.8315 24.9172
threshold=107.65000000000002 36.95000000000001 0.75000000000000011 68.500000000000014 1.5500000000000003 1.0000000180025095e-35 0.41421568627450983 2.9500000000000006
decision_type=2 2 2 2 2 2 2 2
left_child=1 3 4 6 -3 -5 -1 -4
right_child=-2 2 7 5 -6 -7 -8 -9
leaf_value=0.0082382274502850392 -0.010932693454725499 -0.01675167337676093 0.0040093931949016304 -0.016769834290758113 0.0086001349495549752 0.0018621922316007175 0.0033548994454288264 -0.014819197476325771
leaf_weight=992.14633005857468 53.847336247563362 12.380644828081129 6.1624900549650183 24.433139652013779 85.790105998516083 73.546616122126579 297.04892309010029 58.258824601769447
leaf_count=575 360 55 9 99 61 132 459 286
internal_value=0 0.00553875 -0.00191567 0.00641265 0.00537633 -0.00280749 0.00711372 -0.0130112
internal_weight=0 1549.77 162.592 1387.18 98.1708 97.9798 1289.2 64.4213
internal_count=2036 1676 411 1265 116 231 1034 295
is_linear=0
shrinkage=0.00895904


Tree=107
num_leaves=14
num_cat=0
split_feature=59 64 61 56 64 65 64 38 54 40 79 64 64
split_gain=174.375 103.928 98.3265 83.9934 252.694 98.6873 78.6502 74.3858 50.9797 39.4168 36.2656 0.523234 0.137328
threshold=250.00000000000003 26.150000000000002 0.033908045977011456 0.41421568627450983 23.650000000000002 7.5000000000000009 10.950000000000001 5.5000000000000009 34.550000000000004 34.150000000000013 9.5000000000000018 42.800000000000004 90.250000000000014
decision_type=2 2 2 2 2 2 2 2 2 2 2 2 2
left_child=2 7 6 5 -5 -4 9 10 -9 -1 -2 -3 -8
right_child=1 11 3 4 -6 -7 12 8 -10 -11 -12 -13 -14
leaf_value=-0.024631991862514236 -0.0058890091951695495 -0.013693349087109915 0.0040363603633841172 0.0062050742994034583 -0.015376774280121762 0.0099713499114508636 -0.013332382406123763 0.005485248610946695 -0.01314333194304307 0.0062237857714742542 0.010513863623367982 -0.011259047243833024 -0.010889341710996082
leaf_weight=3.3775598257780066 13.020554989576338 14.649959951639174 342.15412130951881 262.9769365042448 51.991241529583931 658.18300944566727 28.558552622795105 18.285282254219055 32.565344646573067 48.705259039998055 60.770854726433754 54.411158084869385 9.3430853039026243
leaf_count=15 40 70 402 271 245 213 138 25 133 51 23 349 61
internal_value=0 -0.00301228 0.00605241 0.00667224 0.00263535 0.00794254 -0.00300239 0.001874 -0.00644884 0.00413948 0.00761152 -0.0118122 -0.0127885
internal_weight=0 193.703 1405.29 1315.31 314.968 1000.34 89.9845 124.642 50.8506 52.0828 73.7914 69.0611 37.9016
internal_count=2036 640 1396 1131 516 615 265 221 158 66 63 419 199
is_linear=0
shrinkage=0.00895904


Tree=108
num_leaves=15
num_cat=0
split_feature=48 64 92 92 1 64 65 61 68 98 84 64 59 56
split_gain=172.038 260.893 126.642 118.201 94.2364 83.3934 61.6434 77.6314 67.0922 58.7397 3.54311 2.28702 2.1713 1.08213
threshold=0.8500000000000002 45.000000000000007 -0.10555555555555554 0.12916666666666668 8.5000000000000018 3.6500000000000008 7.5000000000000009 0.044466403162055308 1436.5000000000002 2.68845 0.55000000000000016 107.65000000000002 250.00000000000003 0.46862745098039221
decision_type=2 2 2 2 2 2 2 2 2 2 2 2 2 2
left_child=4 2 9 -4 6 10 8 -8 -1 -2 -6 12 -3 -7
right_child=1 11 3 -5 5 13 7 -9 -10 -11 -12 -13 -14 -15
leaf_value=0.0058525920707116928 -0.019091728756101396 -0.015560393939351986 0.0059368223698497268 -0.017570414253198122 0.0046588119624095528 -0.022340853797139428 -0.013539796429491765 0.0099630808398182853 -0.0096438704716689128 0.0090552792415537296 0.014086977517318373 -0.01086631550955885 -0.011494793274176612 -0.016197801633979343
leaf_weight=388.88571360707283 26.630914553999901 29.663493558764458 423.60383841395378 17.711243033409119 7.3353409320116061 11.672760903835298 11.349276244640349 567.35455465316772 23.626000866293907 7.5210921168327323 5.9312514066696167 43.482295975089073 22.214952901005745 6.7755868285894385
leaf_count=400 116 137 450 78 10 52 58 196 67 8 3 296 135 30
internal_value=0 0.000984941 0.00369839 0.00498615 0.00712432 -0.00804133 0.00761104 0.00949779 0.00496094 -0.0128765 0.00901604 -0.0125243 -0.0138685 -0.0202754
internal_weight=0 570.828 475.467 441.315 1022.93 31.7149 991.216 578.704 412.512 34.152 13.2666 95.3607 51.8784 18.4483
internal_count=2036 1220 652 528 816 95 721 254 467 124 13 568 272 82
is_linear=0
shrinkage=0.00895904


Tree=109
num_leaves=14
num_cat=0
split_feature=59 64 61 56 64 65 64 38 49 40 79 64 64
split_gain=170.358 101.627 95.8561 82.4241 247.093 97.5703 76.8898 73.1408 50.2164 38.5445 35.8158 0.505222 0.121129
threshold=250.00000000000003 26.150000000000002 0.033908045977011456 0.41421568627450983 23.650000000000002 7.5000000000000009 10.950000000000001 5.5000000000000009 0.24264705882352941 34.150000000000013 9.5000000000000018 42.800000000000004 90.250000000000014
decision_type=2 2 2 2 2 2 2 2 2 2 2 2 2
left_child=2 7 6 5 -5 -4 9 10 -9 -1 -2 -3 -8
right_child=1 11 3 4 -6 -7 12 8 -10 -11 -12 -13 -14
leaf_value=-0.024268358753201231 -0.0058759364972882661 -0.013625198674221186 0.0039763518198065962 0.0061272153585729709 -0.015267825808171029 0.0098932960206740295 -0.013248734734638595 0.0024172028027765755 -0.015358382947742132 0.0061522115248544319 0.010438236846137422 -0.01121279710001347 -0.010838659832314712
leaf_weight=3.401635840535163 13.012420892715452 14.583781421184538 340.97821338474751 262.08596870303154 51.712837919592857 652.35975007712841 28.330498039722443 25.557862624526024 25.182955369353294 48.53361451625824 60.376497149467468 53.718460515141487 9.2119951695203763
leaf_count=15 40 70 402 271 245 213 138 48 110 51 23 349 61
internal_value=0 -0.00300405 0.00598494 0.00659902 0.00259416 0.0078634 -0.00298045 0.0018271 -0.00642907 0.00407749 0.00753755 -0.0117649 -0.0127159
internal_weight=0 192.432 1396.61 1307.14 313.799 993.338 89.4777 124.13 50.7408 51.9353 73.3889 68.3022 37.5425
internal_count=2036 640 1396 1131 516 615 265 221 158 66 63 419 199
is_linear=0
shrinkage=0.00895904


Tree=110
num_leaves=9
num_cat=0
split_feature=64 86 64 86 49 100 66 59
split_gain=168.062 121.126 159.559 122.77 80.9769 84.426 67.3079 1.28883
threshold=107.65000000000002 -24.499999999999996 45.000000000000007 -350.49999999999994 0.67708333333333337 -1.0937000000000017 1692.0000000000002 250.00000000000003
decision_type=2 2 2 2 2 2 2 2
left_child=1 2 3 -1 6 -6 -3 -4
right_child=-2 4 7 -5 5 -7 -8 -9
leaf_value=0.0056092724983300467 -0.010859010097132455 0.0083071834745511736 -0.014726738412417166 -0.0054762133205892337 0.0089631570005229682 -0.017930669263991103 -0.0097211127994243883 -0.011389088923675975
leaf_weight=452.38355524837971 52.550038427114487 878.48035924136639 25.756678946316242 97.291596993803978 17.301563516259193 20.017533108592033 16.788617596030235 23.258615255355835
leaf_count=515 360 498 120 251 13 86 49 144
internal_value=0 0.00540929 0.0022634 0.0036459 0.00742794 -0.0054797 0.00796708 -0.0131939
internal_weight=0 1531.28 598.69 549.675 932.588 37.3191 895.269 49.0153
internal_count=2036 1676 1030 766 646 99 547 264
is_linear=0
shrinkage=0.00895904


Tree=111
num_leaves=14
num_cat=0
split_feature=59 64 61 68 64 73 64 38 54 40 97 64 64
split_gain=166.667 99.3589 94.0769 81.3585 146.353 80.6208 75.4033 72.1 49.5309 37.749 37.3629 0.505488 0.117704
threshold=250.00000000000003 26.150000000000002 0.033908045977011456 1322.0000000000002 51.850000000000001 36.650000000000013 10.950000000000001 5.5000000000000009 34.550000000000004 34.150000000000013 0.11864999999999881 42.800000000000004 90.250000000000014
decision_type=2 2 2 2 2 2 2 2 2 2 2 2 2
left_child=2 7 6 4 -4 -5 9 10 -9 -1 -2 -3 -8
right_child=1 11 3 5 -6 -7 12 8 -10 -11 -12 -13 -14
leaf_value=-0.023960180458348374 0.010539967040411652 -0.013582359634272801 0.0049463081940786715 0.0089799171641873551 -0.015168778698358762 -0.003999610112764688 -0.013202053910151489 0.0053571852076660662 -0.013036241047526681 0.0060728329575552133 -0.0058067507971362757 -0.011166148241337392 -0.010792614223228549
leaf_weight=3.4211746752262107 59.30068065226078 14.531184256076811 474.90016044676304 753.10992699861526 30.737382933497429 40.367963343858719 28.164282783865929 18.228241711854935 32.437750920653343 48.339062601327896 13.699408411979674 53.010956630110741 9.0888299942016584
leaf_count=15 20 70 511 360 159 101 138 25 133 51 43 349 61
internal_value=0 -0.00300082 0.00591847 0.00652897 0.0037182 0.00831875 -0.00298613 0.00177364 -0.00642311 0.00400634 0.00746483 -0.0117232 -0.012673
internal_weight=0 191.208 1388.13 1299.12 505.638 793.478 89.0134 123.666 50.666 51.7602 73.0001 67.5421 37.2531
internal_count=2036 640 1396 1131 670 461 265 221 158 66 63 419 199
is_linear=0
shrinkage=0.00895904


Tree=112
num_leaves=15
num_cat=0
split_feature=48 64 92 92 1 64 65 61 68 98 84 64 59 56
split_gain=164.895 248.697 123.081 115.182 92.6687 81.5174 61.3167 74.6703 65.5632 57.8056 3.5091 2.12959 2.03487 1.08993
threshold=0.8500000000000002 45.000000000000007 -0.10555555555555554 0.12916666666666668 8.5000000000000018 3.6500000000000008 7.5000000000000009 0.044466403162055308 1436.5000000000002 2.68845 0.55000000000000016 107.65000000000002 250.00000000000003 0.46862745098039221
decision_type=2 2 2 2 2 2 2 2 2 2 2 2 2 2
left_child=4 2 9 -4 6 10 8 -8 -1 -2 -6 12 -3 -7
right_child=1 11 3 -5 5 13 7 -9 -10 -11 -12 -13 -14 -15
leaf_value=0.0057051237273862913 -0.018964077294345599 -0.015373260273090229 0.0058019565150394256 -0.017474918383464939 0.0045038032534708162 -0.022254374922944468 -0.013410225941021628 0.0098284014080595519 -0.0096260390195585157 0.0090100080283712653 0.013916108668290135 -0.010785454894081475 -0.011382928964937374 -0.016098627448374023
leaf_weight=385.54807156324387 26.534854337573051 29.31567444652319 419.61824935674667 17.603175774216652 7.2780893594026583 11.662063524127008 11.163429737091063 557.90257655084133 23.597306370735168 7.4924442917108527 5.8844394683837891 42.313579842448235 21.654313340783119 6.7322745919227591
leaf_count=400 116 137 450 78 10 52 58 196 67 8 3 296 135 30
internal_value=0 0.000932023 0.00357867 0.00485751 0.00697802 -0.00809617 0.00746582 0.00936813 0.00481676 -0.0127879 0.0088525 -0.012418 -0.0137274 -0.0201916
internal_weight=0 564.532 471.249 437.221 1009.77 31.5569 978.211 569.066 409.145 34.0273 13.1625 93.2836 50.97 18.3943
internal_count=2036 1220 652 528 816 95 721 254 467 124 13 568 272 82
is_linear=0
shrinkage=0.00895904


Tree=113
num_leaves=13
num_cat=0
split_feature=59 64 49 64 39 92 6 55 79 101 64 64
split_gain=162.821 97.1848 92.6449 145.074 98.2103 77.2411 74.8455 70.9862 54.7325 7.76869 2.70996 0.487622
threshold=250.00000000000003 26.150000000000002 0.69615384615384623 17.650000000000002 14.500000000000002 0.13809523809523808 1.0000000180025095e-35 1.5500000000000003 9.5000000000000018 -1.4529500000000011 105.00000000000001 42.800000000000004
decision_type=2 2 2 2 2 2 2 2 2 2 2 2
left_child=2 7 4 6 5 -1 -4 8 -2 -6 -5 -3
right_child=1 11 3 10 9 -7 -8 -9 -10 -11 -12 -13
leaf_value=0.0072647026236302703 -0.0054983598793866342 -0.01351661499605636 -0.011364144402467193 -0.01614909547234393 0.0037569763138191959 -0.0094975783079941263 0.0082613982230002516 -0.014710905803286071 0.0086749409622354483 -0.01698506711556319 -0.010625631868474596 -0.011122285111326832
leaf_weight=1191.7824923098087 30.759097427129745 14.463211491703985 18.78754797577858 31.265545770525932 1.5331400185823465 22.322854191064835 87.68123035132885 17.823264017701149 74.554102227091789 14.838479675352572 11.464423552155493 52.3275266289711
leaf_count=903 90 70 59 140 3 72 65 79 52 73 81 349
internal_value=0 -0.00299305 0.00585205 -0.000814007 0.00666035 0.00695504 0.00478387 0.00172856 0.00453264 -0.0150204 -0.0147217 -0.0116782
internal_weight=0 189.927 1379.68 149.199 1230.48 1214.11 106.469 123.136 105.313 16.3716 42.73 66.7907
internal_count=2036 640 1396 345 1051 975 124 221 142 76 221 419
is_linear=0
shrinkage=0.00895904


Tree=114
num_leaves=15
num_cat=0
split_feature=48 64 92 92 1 64 64 64 86 98 84 64 59 56
split_gain=161.199 243.146 120.559 112.287 91.2154 79.9499 61.2582 117.665 86.3365 56.8206 3.4922 2.04944 1.96699 1.04682
threshold=0.8500000000000002 45.000000000000007 -0.10555555555555554 0.12916666666666668 8.5000000000000018 3.6500000000000008 46.45000000000001 29.750000000000004 -14.499999999999998 2.68845 0.55000000000000016 107.65000000000002 250.00000000000003 0.46862745098039221
decision_type=2 2 2 2 2 2 2 2 2 2 2 2 2 2
left_child=4 2 9 -4 6 10 7 -1 -8 -2 -6 12 -3 -7
right_child=1 11 3 -5 5 13 8 -9 -10 -11 -12 -13 -14 -15
leaf_value=0.0061082624862952599 -0.018806380231182897 -0.015278996930771458 0.0057303753762120531 -0.017287044880778521 0.0044245255679466319 -0.02206119216216966 -0.013141210497434443 -0.021672865564630227 0.010814734776279101 0.0089597514871808722 0.01383153095908974 -0.010749499686673455 -0.011328485397241735 -0.015985878999593757
leaf_weight=558.49035884439945 26.505317687988281 29.169937111437321 417.67632545530796 17.550429031252861 7.2481134086847323 11.683104932308199 12.305699899792669 12.326983213424681 388.80773368477821 7.472565069794654 5.855751633644104 41.770140156149864 21.37637098133564 6.7008803859353057
leaf_count=522 116 137 450 78 10 52 68 56 75 8 3 296 135 30
internal_value=0 0.000908533 0.00352455 0.00479496 0.00690343 -0.00806732 0.00738995 0.00550122 0.0100738 -0.0126833 0.00876855 -0.0123671 -0.0136578 -0.0200356
internal_weight=0 561.521 469.205 435.227 1003.42 31.4879 971.931 570.817 401.113 33.9779 13.1039 92.3164 50.5463 18.384
internal_count=2036 1220 652 528 816 95 721 578 143 124 13 568 272 82
is_linear=0
shrinkage=0.00895904


Tree=115
num_leaves=15
num_cat=0
split_feature=48 64 92 92 1 64 65 61 68 98 84 64 59 64
split_gain=159.036 239.966 118.562 110.5 89.8972 78.4816 61.2163 73.0901 64.6119 55.8384 3.45396 1.97807 1.89154 0.978245
threshold=0.8500000000000002 45.000000000000007 -0.10555555555555554 0.12916666666666668 8.5000000000000018 3.6500000000000008 7.5000000000000009 0.044466403162055308 1436.5000000000002 2.68845 0.55000000000000016 107.65000000000002 250.00000000000003 56.250000000000007
decision_type=2 2 2 2 2 2 2 2 2 2 2 2 2 2
left_child=4 2 9 -4 6 10 8 -8 -1 -2 -6 12 -3 -7
right_child=1 11 3 -5 5 13 7 -9 -10 -11 -12 -13 -14 -15
leaf_value=0.0055851110357128808 -0.018647623613681448 -0.015197049380057823 0.0056896023828500453 -0.017163801119078524 0.0043927702456193615 -0.020536986033039759 -0.013362499324192775 0.0097250468829674554 -0.0096453347607596985 0.0088942984126070667 0.013760176129100554 -0.010729576801283124 -0.011301493972133609 -0.010544461890269148
leaf_weight=382.9354589432478 26.493169277906418 29.065986201167107 416.90553896129131 17.519597500562668 7.236540615558626 16.899890922009948 11.070027723908423 550.91828505694866 23.570368260145187 7.4615747779607764 5.8344719409942627 41.474469229578972 21.236540034413338 1.5033945739269245
leaf_count=400 116 137 450 78 10 73 58 196 67 8 3 296 135 9
internal_value=0 0.000902384 0.00349908 0.00476076 0.00686525 -0.00799941 0.00734984 0.00926583 0.00469783 -0.0125787 0.00871401 -0.0123292 -0.013602 -0.0198388
internal_weight=0 560.157 468.38 434.425 999.968 31.4743 968.494 561.988 406.506 33.9547 13.071 91.777 50.3025 18.4033
internal_count=2036 1220 652 528 816 95 721 254 467 124 13 568 272 82
is_linear=0
shrinkage=0.00895904


Tree=116
num_leaves=14
num_cat=0
split_feature=59 64 61 68 64 73 64 38 49 40 97 64 64
split_gain=157.703 93.906 89.7479 79.8516 139.631 78.077 72.0213 70.1302 48.5525 36.9563 36.4389 0.471073 0.109389
threshold=250.00000000000003 26.150000000000002 0.033908045977011456 1322.0000000000002 51.850000000000001 36.650000000000013 10.950000000000001 5.5000000000000009 0.24264705882352941 34.150000000000013 0.11864999999999881 42.800000000000004 90.250000000000014
decision_type=2 2 2 2 2 2 2 2 2 2 2 2 2
left_child=2 7 6 4 -4 -5 9 10 -9 -1 -2 -3 -8
right_child=1 11 3 5 -6 -7 12 8 -10 -11 -12 -13 -14
leaf_value=-0.023771753581189475 0.010386265845373978 -0.013433829982649489 0.0047654020068507875 0.0088089045754130117 -0.015000522770565088 -0.0040149807291764983 -0.013096776523675593 0.002281781592447042 -0.01524647637122725 0.005909623301983081 -0.0057984402272266266 -0.011058444648933474 -0.010689149009146899
leaf_weight=3.4324725419282904 58.39265102148056 14.377056524157522 469.52264283597469 739.3975252956152 30.36692002415657 40.069402635097504 27.743464484810829 25.419417142868042 25.036057904362679 47.901587530970573 13.66082541644573 51.308634057641029 8.8062543570995313
leaf_count=15 20 70 511 360 159 101 138 48 110 51 43 349 61
internal_value=0 -0.00299007 0.00575478 0.00635637 0.00355935 0.00814883 -0.00299736 0.00164575 -0.00644009 0.00384358 0.00731023 -0.0116162 -0.012576
internal_weight=0 188.195 1367.24 1279.36 499.89 779.467 87.8838 122.509 50.4555 51.3341 72.0535 65.6857 36.5497
internal_count=2036 640 1396 1131 670 461 265 221 158 66 63 419 199
is_linear=0
shrinkage=0.00895904


Tree=117
num_leaves=14
num_cat=0
split_feature=59 64 49 64 39 6 92 64 38 49 97 64 64
split_gain=155.353 92.8685 89.2124 139.839 95.3592 73.4655 71.4834 69.9371 69.0935 47.8748 35.9659 2.54713 0.445949
threshold=250.00000000000003 26.150000000000002 0.69615384615384623 17.650000000000002 13.500000000000002 1.0000000180025095e-35 0.13809523809523808 4.1500000000000012 5.5000000000000009 0.24264705882352941 0.11864999999999881 105.00000000000001 42.800000000000004
decision_type=2 2 2 2 2 2 2 2 2 2 2 2 2
left_child=2 8 4 5 6 -4 -1 -6 10 -10 -2 -5 -3
right_child=1 12 3 11 7 -7 -8 -9 9 -11 -12 -13 -14
leaf_value=0.0072514418919358723 0.010339506131816879 -0.01337689635861598 -0.011338988616997846 -0.01598417754219842 0.0089897772131556017 0.0081269179296149536 -0.00925239863720341 -0.017393119719479891 0.0022618037733654244 -0.015157790260330867 -0.0057511368706950495 -0.010554139634803233 -0.011035686970020071
leaf_weight=1158.9443625658751 58.133251011371613 14.310010120272635 18.768679589033127 31.009623423218727 12.355387628078459 86.953175812959671 21.297367736697197 22.518989808857441 25.415904298424721 24.958397641777992 13.651409104466437 11.178460963070391 50.955798178911209
leaf_count=863 20 70 59 140 10 65 67 111 48 110 43 81 349
internal_value=0 -0.00297583 0.00572088 -0.000847509 0.00652045 0.0046567 0.00695216 -0.00804745 0.00163561 -0.00639318 0.00727206 -0.0146001 -0.011587
internal_weight=0 187.425 1363.03 147.91 1215.12 105.722 1180.24 34.8744 122.159 50.3743 71.7847 42.1881 65.2658
internal_count=2036 640 1396 345 1051 124 930 121 221 158 63 221 419
is_linear=0
shrinkage=0.00895904


Tree=118
num_leaves=15
num_cat=0
split_feature=48 64 92 92 1 64 64 64 86 98 84 64 59 56
split_gain=153.863 231.957 115.729 107.514 88.4459 76.8692 61.326 115.187 83.7708 55.0569 3.4377 1.87107 1.8007 0.962196
threshold=0.8500000000000002 45.000000000000007 -0.10555555555555554 0.12916666666666668 8.5000000000000018 3.6500000000000008 46.45000000000001 29.750000000000004 -14.499999999999998 2.68845 0.55000000000000016 107.65000000000002 250.00000000000003 0.46862745098039221
decision_type=2 2 2 2 2 2 2 2 2 2 2 2 2 2
left_child=4 2 9 -4 6 10 7 -1 -8 -2 -6 12 -3 -7
right_child=1 11 3 -5 5 13 8 -9 -10 -11 -12 -13 -14 -15
leaf_value=0.0059538238349799971 -0.018530191136880883 -0.015065284098871243 0.005593330738656835 -0.017006112195260121 0.0042752157368295095 -0.021681262078234738 -0.013059786117073492 -0.021580018256448345 0.010695476778871647 0.0088669284266879173 0.013644588203497959 -0.010676816876007161 -0.011223504087017194 -0.015768697961051441
leaf_weight=552.77123421430588 26.394385799765587 28.828036710619926 413.80557091534138 17.432269752025604 7.1919101178646105 11.718814283609392 12.142275199294088 12.286100700497625 381.73283958435059 7.434791386127471 5.7957826852798462 40.658549442887306 20.824811600148678 6.6450623869895926
leaf_count=522 116 137 450 78 10 52 68 56 75 8 3 296 135 30
internal_value=0 0.000866844 0.00341932 0.00467258 0.00675834 -0.00801294 0.0072428 0.00534801 0.00995711 -0.0124923 0.00859546 -0.0122566 -0.0135038 -0.0197277
internal_weight=0 555.378 465.067 431.238 990.284 31.3516 958.932 565.057 393.875 33.8292 12.9877 90.3114 49.6528 18.3639
internal_count=2036 1220 652 528 816 95 721 578 143 124 13 568 272 82
is_linear=0
shrinkage=0.00895904


Tree=119
num_leaves=16
num_cat=0
split_feature=40 56 64 11 102 65 64 99 68 64 65 27 64 65 59
split_gain=151.926 166.509 103.766 98.8572 76.8034 67.4857 62.1437 55.1701 54.1958 110.739 58.798 22.039 2.88615 1.54017 0.362518
threshold=36.650000000000013 0.40588235294117653 41.000000000000007 2.5000000000000004 0.24674884647442316 2.5000000000000004 8.4500000000000011 -0.32414999999999944 1322.0000000000002 51.850000000000001 6.5000000000000009 2.5000000000000004 44.000000000000007 7.5000000000000009 250.00000000000003
decision_type=2 2 2 2 2 2 2 2 2 2 2 2 2 2 2
left_child=3 2 4 8 -2 11 7 -3 9 -1 -10 -5 -8 -7 -4
right_child=1 6 14 5 -6 13 12 -9 10 -11 -12 -13 -14 -15 -16
leaf_value=0.0053445139076935162 0.0069559373156325138 0.0057782777073493267 -0.01375089612387078 0.01121547783995417 -0.013285956350422051 -0.020427312246533092 -0.014662098632434173 -0.017934650203013564 0.003949920100612952 -0.014803262514217191 0.0098579386101432433 -0.0089877365270676184 -0.011157509826561303 -0.014779730636193826 -0.010897672724705794
leaf_weight=365.30299323797226 234.90468437969685 33.516581431031227 13.492240212857725 13.742176681756975 15.898923411965368 10.62204745411873 41.721910856664181 10.084337413311003 183.47093367576599 23.108666718006134 517.94099360704422 6.1219274848699561 43.922414623200893 12.03782047331333 14.975985273718832
leaf_count=383 192 42 74 6 57 46 195 42 226 125 171 17 299 59 102
internal_value=0 -6.9094e-05 0.00382168 0.00630399 0.00566352 -0.00707307 -0.00846962 0.000238845 0.00682712 0.00413906 0.00831409 0.00496159 -0.0128939 -0.017577 -0.0123335
internal_weight=0 408.517 279.272 1132.35 250.804 42.524 129.245 43.6009 1089.82 388.412 701.412 19.8641 85.6443 22.6599 28.4682
internal_count=2036 1003 425 1033 249 128 578 84 905 508 397 23 494 105 176
is_linear=0
shrinkage=0.00895904


Tree=120
num_leaves=15
num_cat=0
split_feature=48 64 92 92 1 64 65 61 68 98 84 64 59 64
split_gain=150.281 226.436 113.348 105.262 86.818 75.2415 61.1555 70.2656 63.6785 53.98 3.36943 1.77512 1.69779 0.901988
threshold=0.8500000000000002 45.000000000000007 -0.10555555555555554 0.12916666666666668 8.5000000000000018 3.6500000000000008 7.5000000000000009 0.044466403162055308 1436.5000000000002 2.68845 0.55000000000000016 107.65000000000002 250.00000000000003 56.250000000000007
decision_type=2 2 2 2 2 2 2 2 2 2 2 2 2 2
left_child=4 2 9 -4 6 10 8 -8 -1 -2 -6 12 -3 -7
right_child=1 11 3 -5 5 13 7 -9 -10 -11 -12 -13 -14 -15
leaf_value=0.0053997191597319593 -0.018383467248855295 -0.014944659342457242 0.0055262580430265424 -0.016864275797093344 0.0042410937695281647 -0.020198563712947717 -0.013258355241772012 0.0095680183578896981 -0.0097628590598908341 0.0087803537711172094 0.013536524636974167 -0.010641039856950113 -0.011177978481010972 -0.010347512641037617
leaf_weight=378.62278006970882 26.32798857986927 28.640057317912579 411.93773157894611 17.388011321425438 7.1794717162847537 16.909942239522938 10.885222129523752 539.27928571403027 23.444270998239517 7.4145772457122794 5.7595038414001465 40.107840985059738 20.561592429876328 1.4527371823787678
leaf_count=400 116 137 450 78 10 73 58 196 67 8 3 296 135 9
internal_value=0 0.00084797 0.00336811 0.00461226 0.00668775 -0.00795728 0.00717068 0.00911189 0.00451132 -0.012398 0.00851747 -0.0121979 -0.0134204 -0.0195352
internal_weight=0 552.378 463.068 429.326 983.533 31.3017 952.232 550.165 402.067 33.7426 12.939 89.3095 49.2016 18.3627
internal_count=2036 1220 652 528 816 95 721 254 467 124 13 568 272 82
is_linear=0
shrinkage=0.00895904


Tree=121
num_leaves=13
num_cat=0
split_feature=59 64 61 68 64 73 64 55 79 40 64 64
split_gain=148.786 88.9254 85.8878 77.7429 132.514 75.8532 68.9976 67.6128 52.6103 36.2063 0.431933 0.105831
threshold=250.00000000000003 26.150000000000002 0.033908045977011456 1322.0000000000002 51.850000000000001 36.650000000000013 10.950000000000001 1.5500000000000003 9.5000000000000018 34.150000000000013 42.800000000000004 90.250000000000014
decision_type=2 2 2 2 2 2 2 2 2 2 2 2
left_child=2 7 6 4 -4 -5 9 8 -2 -1 -3 -8
right_child=1 10 3 5 -6 -7 11 -9 -10 -11 -12 -13
leaf_value=-0.023598614883601356 -0.0055290308808657743 -0.013287140638948638 0.0045973825016121291 0.0086387231262889351 -0.014802042878981646 -0.0040582889023460141 -0.013016912665368682 -0.014581403694423277 0.0084344589900847838 0.0057516239141863169 -0.010958193016943387 -0.010598204341512849
leaf_weight=3.4423214048147193 30.607932806015015 14.173295974731444 464.30705800652504 725.50566913187504 29.907988339662552 39.728863224387169 27.333834543824196 17.637729704380035 72.967923671007156 47.462207138538361 49.628760285675526 8.5458598807454091
leaf_count=15 90 70 511 360 159 101 138 79 52 51 349 61
internal_value=0 -0.00296995 0.00559586 0.00618987 0.00341808 0.00797865 -0.00301904 0.00153825 0.00430528 0.00368545 -0.0115141 -0.0125007
internal_weight=0 185.016 1346.23 1259.45 494.215 765.235 86.7842 121.214 103.576 50.9045 63.8021 35.8797
internal_count=2036 640 1396 1131 670 461 265 221 142 66 419 199
is_linear=0
shrinkage=0.00895904


Tree=122
num_leaves=15
num_cat=0
split_feature=48 64 92 92 1 64 64 64 86 98 84 64 59 64
split_gain=146.786 221.074 111.185 103.23 85.4632 73.9091 61.1562 113.001 81.1687 53.2053 3.35785 1.69068 1.61616 0.864967
threshold=0.8500000000000002 45.000000000000007 -0.10555555555555554 0.12916666666666668 8.5000000000000018 3.6500000000000008 46.45000000000001 29.750000000000004 -14.499999999999998 2.68845 0.55000000000000016 107.65000000000002 250.00000000000003 56.250000000000007
decision_type=2 2 2 2 2 2 2 2 2 2 2 2 2 2
left_child=4 2 9 -4 6 10 7 -1 -8 -2 -6 12 -3 -7
right_child=1 11 3 -5 5 13 8 -9 -10 -11 -12 -13 -14 -15
leaf_value=0.0058080139071067837 -0.018263408293513535 -0.01483707831505769 0.0054602083310556198 -0.016761657820672751 0.0041726627389856641 -0.020042522737276473 -0.012978790898396856 -0.02151962882517881 0.010577697932673292 0.0087363150595897564 0.013468082802534993 -0.010605519884741028 -0.011128484808835605 -0.010282303243356041
leaf_weight=547.33540128171444 26.268509216606617 28.455459378659725 410.09650258719921 17.311331354081631 7.1538483053445834 16.914825417101387 11.963969372212885 12.236104696989058 374.24058039486408 7.3966739624738684 5.7322973012924194 39.550234653055668 20.289888367056847 1.4357197582721699
leaf_count=522 116 137 450 78 10 73 68 56 75 8 3 296 135 9
internal_value=0 0.000828649 0.00331676 0.004553 0.00661714 -0.00792702 0.00709903 0.00520325 0.00984183 -0.0123147 0.00844597 -0.0121429 -0.0133434 -0.0193941
internal_weight=0 549.369 461.073 427.408 977.013 31.2367 945.776 559.572 386.205 33.6652 12.8861 88.2956 48.7453 18.3505
internal_count=2036 1220 652 528 816 95 721 578 143 124 13 568 272 82
is_linear=0
shrinkage=0.00895904


Tree=123
num_leaves=14
num_cat=0
split_feature=59 64 49 64 39 6 92 38 49 97 101 64 64
split_gain=145.37 86.8984 84.3195 132.758 90.9688 71.9703 71.5871 66.9675 46.5358 34.9203 8.35965 2.34257 0.409605
threshold=250.00000000000003 26.150000000000002 0.69615384615384623 17.650000000000002 14.500000000000002 1.0000000180025095e-35 0.13809523809523808 5.5000000000000009 0.24264705882352941 0.11864999999999881 -1.5624999999999998 105.00000000000001 42.800000000000004
decision_type=2 2 2 2 2 2 2 2 2 2 2 2 2
left_child=2 7 4 5 6 -4 -1 9 -9 -2 -6 -5 -3
right_child=1 12 3 11 10 -7 -8 8 -10 -11 -12 -13 -14
leaf_value=0.0069169817360852587 0.010169581807950776 -0.013216715842910214 -0.011357391295832778 -0.015770568544754553 0.0064400486958651115 0.0079505152140992366 -0.0093082004033109827 0.0021329860347177611 -0.015089977708538968 -0.0057410125505293341 -0.016661930598565907 -0.010453778037254771 -0.010917427443855026
leaf_weight=1153.7196106016636 57.070538237690926 14.08603275567293 18.719163075089455 30.597014807164669 1.2726282179355646 85.912777215242386 22.087432764470577 25.294861480593681 24.797279670834541 13.591271758079527 14.743943974375723 10.763249486684797 48.951829440891743
leaf_count=903 20 70 59 140 2 65 72 48 110 43 74 81 349
internal_value=0 -0.0029609 0.00553393 -0.000891307 0.00632103 0.00448159 0.00661071 0.00149211 -0.00641752 0.00710175 -0.0147706 -0.014442 -0.01147
internal_weight=0 183.792 1337.82 145.992 1191.82 104.632 1175.81 120.754 50.0921 70.6618 16.0166 41.3603 63.0379
internal_count=2036 640 1396 345 1051 124 975 221 158 63 76 221 419
is_linear=0
shrinkage=0.00895904


Tree=124
num_leaves=16
num_cat=0
split_feature=40 56 64 11 102 65 64 99 68 64 65 27 64 65 59
split_gain=143.724 159.381 98.2975 96.3508 74.5526 65.2959 59.7366 53.4678 52.6992 105.363 58.5792 21.6295 2.81791 1.49918 0.326218
threshold=36.650000000000013 0.40588235294117653 41.000000000000007 2.5000000000000004 0.24674884647442316 2.5000000000000004 8.4500000000000011 -0.32414999999999944 1322.0000000000002 51.850000000000001 6.5000000000000009 2.5000000000000004 44.000000000000007 7.5000000000000009 250.00000000000003
decision_type=2 2 2 2 2 2 2 2 2 2 2 2 2 2 2
left_child=3 2 4 8 -2 11 7 -3 9 -1 -10 -5 -8 -7 -4
right_child=1 6 14 5 -6 13 12 -9 10 -11 -12 -13 -14 -15 -16
leaf_value=0.0051772523715897878 0.0068032391080236421 0.0056261830583631423 -0.013592958650588238 0.011064814971497477 -0.013186408424077175 -0.020275657581723283 -0.014553019073958928 -0.017759580719876766 0.0037717526023730952 -0.014641371295392631 0.0097084646675230247 -0.0090080917529778894 -0.011050847514307103 -0.014677402853075205 -0.010791244493916642
leaf_weight=361.20614229142666 231.81550861895084 33.281616523861885 13.258985921740534 13.544596567749979 15.833080962300299 10.613654404878618 41.278507649898529 10.058624431490896 181.53628481924534 22.711877979338169 506.79588180780411 6.1084875911474219 42.517025202512741 11.923022389411924 14.482295133173464
leaf_count=383 192 42 74 6 57 46 195 42 226 125 171 17 299 59 102
internal_value=0 -0.000107627 0.00372248 0.00613793 0.00551594 -0.00711815 -0.00839736 0.000143951 0.00666072 0.00399805 0.00814427 0.00479803 -0.0128056 -0.0174635 -0.0122151
internal_weight=0 402.526 275.39 1114.44 247.649 42.1898 127.136 43.3402 1072.25 383.918 688.332 19.6531 83.7955 22.5367 27.7413
internal_count=2036 1003 425 1033 249 128 578 84 905 508 397 23 494 105 176
is_linear=0
shrinkage=0.00895904


Tree=125
num_leaves=15
num_cat=0
split_feature=48 64 92 92 1 64 64 64 86 98 84 64 59 56
split_gain=142.081 213.926 108.435 100.238 83.8579 72.2705 61.1191 110.567 79.0462 52.2174 3.30308 1.60004 1.53245 0.849437
threshold=0.8500000000000002 45.000000000000007 -0.10555555555555554 0.12916666666666668 8.5000000000000018 3.6500000000000008 46.45000000000001 29.750000000000004 -14.499999999999998 2.68845 0.55000000000000016 107.65000000000002 250.00000000000003 0.46862745098039221
decision_type=2 2 2 2 2 2 2 2 2 2 2 2 2 2
left_child=4 2 9 -4 6 10 7 -1 -8 -2 -6 12 -3 -7
right_child=1 11 3 -5 5 13 8 -9 -10 -11 -12 -13 -14 -15
leaf_value=0.0057006672828552665 -0.018130295753012445 -0.0147154152499833 0.005367713688352419 -0.016577390740760707 0.0040955560938512924 -0.021103314002091138 -0.012900887796915728 -0.021358084940917225 0.010493984421706582 0.0086700984046003751 0.01334196241573664 -0.010558164391385365 -0.011061692802408592 -0.015418998732920131
leaf_weight=543.25319321453571 26.160415574908257 28.212921433150768 407.05353567004204 17.237577937543392 7.1237495690584201 11.766714513301851 11.811156429350374 12.212706401944159 368.95226675271988 7.367579758167266 5.6844608783721924 38.777093462646008 19.897069543600082 6.5470297038555136
leaf_count=522 116 137 450 78 10 52 68 56 75 8 3 296 135 30
internal_value=0 0.000794822 0.00324183 0.00446903 0.00651556 -0.00791611 0.00699684 0.00509855 0.00976211 -0.0122246 0.00833699 -0.0120773 -0.0132546 -0.019253
internal_weight=0 544.706 457.819 424.291 967.351 31.122 936.229 555.466 380.763 33.528 12.8082 86.8871 48.11 18.3137
internal_count=2036 1220 652 528 816 95 721 578 143 124 13 568 272 82
is_linear=0
shrinkage=0.00895904


Tree=126
num_leaves=14
num_cat=0
split_feature=59 65 61 68 64 73 105 64 79 65 40 64 64
split_gain=140.38 84.1716 82.4784 75.4662 125.818 73.6341 67.7712 66.2968 63.3931 48.4888 35.5615 0.695311 0.105721
threshold=250.00000000000003 7.5000000000000009 0.033908045977011456 1322.0000000000002 51.850000000000001 36.650000000000013 1.5000000000000002 10.950000000000001 9.5000000000000018 2.5000000000000004 34.150000000000013 43.250000000000007 90.250000000000014
decision_type=2 2 2 2 2 2 2 2 2 2 2 2 2
left_child=2 6 7 4 -4 -5 9 10 -8 -2 -1 -3 -9
right_child=1 11 3 5 -6 -7 8 12 -10 -11 -12 -13 -14
leaf_value=-0.023473271613956948 0.0031074655574112012 -0.013532905939709943 0.0044397214048093334 0.008472543160442941 -0.014615699978681016 -0.0040938878130882591 -0.016956885775804054 -0.012957892870144132 0.010246112200276441 -0.014156267388077685 0.0056002016553765863 -0.010840090174433418 -0.010518238348358291
leaf_weight=3.4485266506671897 23.886143237352371 14.697730071842669 459.23468101024628 711.64109858870506 29.418430268764496 39.392004586756229 7.5685607343912116 26.951742351055145 61.176574394106865 28.459627218544483 47.022678375244141 46.103321395814419 8.3048940822482091
leaf_count=15 42 71 511 360 159 101 34 138 23 134 51 336 61
internal_value=0 -0.00294882 0.00544185 0.00602956 0.00328721 0.00781252 0.00137204 -0.00305102 0.00721208 -0.00629555 0.00353207 -0.0115318 -0.0124438
internal_weight=0 181.892 1325.41 1239.69 488.653 751.033 121.091 85.7278 68.7451 52.3458 50.4712 60.8011 35.2566
internal_count=2036 640 1396 1131 670 461 233 265 57 176 66 407 199
is_linear=0
shrinkage=0.00895904


Tree=127
num_leaves=15
num_cat=0
split_feature=48 64 92 92 1 64 65 61 68 98 6 64 59 64
split_gain=138.818 208.908 106.47 98.3291 82.6209 70.9626 61.2966 66.5371 63.0036 51.3177 3.29914 1.52399 1.45928 0.79848
threshold=0.8500000000000002 45.000000000000007 -0.10555555555555554 0.12916666666666668 8.5000000000000018 3.6500000000000008 7.5000000000000009 0.044466403162055308 1436.5000000000002 2.68845 4.5000000000000009 107.65000000000002 250.00000000000003 56.250000000000007
decision_type=2 2 2 2 2 2 2 2 2 2 2 2 2 2
left_child=4 2 9 -4 6 10 8 -8 -1 -2 -6 12 -3 -7
right_child=1 11 3 -5 5 13 7 -9 -10 -11 -12 -13 -14 -15
leaf_value=0.0051473695602245479 -0.018016387850885114 -0.014614289401034968 0.0053045274291415902 -0.016483002136780996 0.0034736470843473822 -0.019737406896931344 -0.013119229939798156 0.0093616938193280645 -0.010008814972114873 0.008589782529019728 0.012675921516312525 -0.010524697869131495 -0.011014660128537804 -0.010104067087670865
leaf_weight=372.61917173862457 26.086357675492764 28.021471261978149 405.18527911603451 17.153733432292938 6.2867576926946658 16.908311277627948 10.623945541679857 523.22596319019794 23.22069177031517 7.3465293645858756 6.4655630588531494 38.232470966875553 19.627226404845715 1.3881347551941861
leaf_count=400 116 137 450 78 10 73 58 196 67 8 3 296 135 9
internal_value=0 0.000776335 0.00319264 0.00441248 0.00644818 -0.00789229 0.00692866 0.00890973 0.00425382 -0.0121537 0.00825947 -0.0120253 -0.013182 -0.0191199
internal_weight=0 541.653 455.772 422.339 960.739 31.0488 929.69 533.85 395.84 33.4329 12.7523 85.8812 47.6487 18.2964
internal_count=2036 1220 652 528 816 95 721 254 467 124 13 568 272 82
is_linear=0
shrinkage=0.00895904


Tree=128
num_leaves=16
num_cat=0
split_feature=40 56 64 11 102 65 64 99 68 64 65 27 64 65 59
split_gain=137.338 154.072 93.9892 93.9467 72.5817 63.3775 57.7742 52.015 51.1899 100.847 58.2368 21.2619 2.76621 1.43579 0.287328
threshold=36.650000000000013 0.40588235294117653 41.000000000000007 2.5000000000000004 0.24674884647442316 2.5000000000000004 8.4500000000000011 -0.32414999999999944 1322.0000000000002 51.850000000000001 6.5000000000000009 2.5000000000000004 44.000000000000007 7.5000000000000009 250.00000000000003
decision_type=2 2 2 2 2 2 2 2 2 2 2 2 2 2 2
left_child=3 2 4 8 -2 11 7 -3 9 -1 -10 -5 -8 -7 -4
right_child=1 6 14 5 -6 13 12 -9 10 -11 -12 -13 -14 -15 -16
leaf_value=0.0050519779336063685 0.00668434926536721 0.0054907689862926526 -0.013448134491614996 0.010949519594555986 -0.013071859459665228 -0.020084545730593373 -0.014466025897633648 -0.017602342905522685 0.0036352868979582027 -0.014487171417499153 0.0095869197423684473 -0.0089985112443585272 -0.01096367575185022 -0.014569222649727523 -0.010711085794995384
leaf_weight=358.10456748306751 229.43658807873726 33.093587800860405 13.049097046256067 13.388307452201845 15.787832111120222 10.610803306102754 40.926506593823433 10.044707953929899 180.03668956458569 22.352146327495575 497.56254725158215 6.0980647206306449 41.377877928316593 11.818801797926424 14.096347458660601
leaf_count=383 192 42 74 6 57 46 195 42 226 125 171 17 299 59 102
internal_value=0 -0.000133458 0.00365008 0.00600888 0.00540313 -0.00712144 -0.00834175 5.9035e-05 0.00653027 0.00389727 0.00800709 0.00467906 -0.012735 -0.0173273 -0.0121126
internal_weight=0 397.813 272.37 1099.97 245.224 41.916 125.443 43.1383 1058.06 380.457 677.599 19.4864 82.3044 22.4296 27.1454
internal_count=2036 1003 425 1033 249 128 578 84 905 508 397 23 494 105 176
is_linear=0
shrinkage=0.00895904


Tree=129
num_leaves=15
num_cat=0
split_feature=59 90 82 64 7 65 65 61 104 15 10 64 86 64
split_gain=135.63 81.795 80.3606 182.794 126.122 90.4261 102.398 79.1876 78.3291 50.7715 41.0317 2.49 1.16437 0.356526
threshold=250.00000000000003 -0.27922077922077915 0.31009615384615391 32.45000000000001 60.000000000000007 7.5000000000000009 6.5000000000000009 0.044466403162055308 -5.4999999999999991 1.5000000000000002 1.0000000180025095e-35 109.20000000000002 -1111.4999999999998 51.150000000000013
decision_type=2 2 2 2 2 2 2 2 2 2 2 2 2 2
left_child=2 9 5 4 -4 6 -1 -7 -3 12 -10 -5 -2 -11
right_child=1 8 3 11 -6 7 -8 -9 10 13 -12 -13 -14 -15
leaf_value=0.003987012376423558 0.012387809880247536 0.01170584004057473 0.0054621189063994019 -0.015533336612887886 -0.020923481402867754 -0.012653995114126248 -0.023573731965411227 0.0093827713176684018 -0.011429060456095137 -0.016461878491503882 0.0036863728582540128 -0.010480556107006047 0.0090279839011894701 -0.01070741992715085
leaf_weight=327.66788786649704 22.156173229217529 16.235698699951172 318.77498377859592 36.249230578541756 15.048688344657419 13.231472566723822 11.000241532921789 578.50773984193802 98.210338957607746 3.9834924787282935 16.792304091155529 12.435945168137549 18.989782504737377 3.63376484811306
leaf_count=391 2 1 336 169 66 75 51 214 540 18 37 94 17 25
internal_value=0 -0.00293782 0.00535234 0.00189418 0.00426128 0.00677335 0.00307894 0.00888605 -0.00661718 0.00695129 -0.00921931 -0.0142892 0.0108867 -0.0140494
internal_weight=0 180.002 1312.92 382.509 333.824 930.407 338.668 591.739 131.238 48.7632 115.003 48.6852 41.146 7.61726
internal_count=2036 640 1396 665 402 731 442 289 578 62 577 263 19 43
is_linear=0
shrinkage=0.00895904


Tree=130
num_leaves=15
num_cat=0
split_feature=48 64 92 92 1 64 64 64 86 98 84 64 59 56
split_gain=134.112 202.119 103.76 95.895 80.7214 69.4365 60.7933 107.964 75.9006 50.2245 3.2869 1.42876 1.36635 0.763165
threshold=0.8500000000000002 45.000000000000007 -0.10555555555555554 0.12916666666666668 8.5000000000000018 3.6500000000000008 46.45000000000001 29.750000000000004 -14.499999999999998 2.68845 0.55000000000000016 107.65000000000002 250.00000000000003 0.46862745098039221
decision_type=2 2 2 2 2 2 2 2 2 2 2 2 2 2
left_child=4 2 9 -4 6 10 7 -1 -8 -2 -6 12 -3 -7
right_child=1 11 3 -5 5 13 8 -9 -10 -11 -12 -13 -14 -15
leaf_value=0.0055309370625749666 -0.017872368376921188 -0.014484431875333399 0.0052192193707711488 -0.016349120832555245 0.0039402611055740075 -0.020731442587626363 -0.012790674176844074 -0.021288072816605406 0.010356286994001717 0.0085007374678175082 0.013201302377057344 -0.010480320377700159 -0.010953235921786189 -0.015218653559608502
leaf_weight=536.56605218350887 25.966999277472496 27.733485914766788 402.23856034874916 17.071641832590103 7.0643551647663134 11.781549185514452 11.58446045219898 12.139702856540678 359.71238288283348 7.3185963630676261 5.6213546991348267 37.491969361901283 19.246589437127113 6.4768909662961951
leaf_count=522 116 137 450 78 10 52 68 56 75 8 3 296 135 30
internal_value=0 0.000748339 0.00312385 0.00433398 0.00634872 -0.00784803 0.00682779 0.00493033 0.00962782 -0.0120575 0.00818102 -0.0119575 -0.0130886 -0.0189553
internal_weight=0 537.068 452.596 419.31 950.947 30.9442 920.003 548.706 371.297 33.2856 12.6857 84.472 46.9801 18.2584
internal_count=2036 1220 652 528 816 95 721 578 143 124 13 568 272 82
is_linear=0
shrinkage=0.00895904


Tree=131
num_leaves=15
num_cat=0
split_feature=59 90 82 64 7 65 65 61 104 15 10 64 86 64
split_gain=132.539 80.4276 78.6169 178.185 123.397 89.6912 100.215 77.6355 76.9768 49.8453 40.3404 2.33306 1.16503 0.339926
threshold=250.00000000000003 -0.27922077922077915 0.31009615384615391 32.45000000000001 60.000000000000007 7.5000000000000009 6.5000000000000009 0.044466403162055308 -5.4999999999999991 1.5000000000000002 1.0000000180025095e-35 109.20000000000002 -1111.4999999999998 51.150000000000013
decision_type=2 2 2 2 2 2 2 2 2 2 2 2 2 2
left_child=2 9 5 4 -4 6 -1 -7 -3 12 -10 -5 -2 -11
right_child=1 8 3 11 -6 7 -8 -9 10 13 -12 -13 -14 -15
leaf_value=0.0039267162668198841 0.012327841989479268 0.01165586878646644 0.0053974832657792318 -0.015386666505765907 -0.020694546508098665 -0.012601697280322229 -0.023306194648435221 0.0093179169986220677 -0.011381771681948738 -0.01636115658702644 0.0036235911147273138 -0.010446872730732472 0.0089601507106585564 -0.010656203626025783
leaf_weight=326.44065572321415 21.98145866394043 16.091976165771484 317.51144468784332 36.029710881412029 15.060137845575808 13.109678275883196 11.029267266392706 573.11465137451887 97.466069288551807 3.96689149737358 16.768073424696922 12.268097080290316 18.884766936302185 3.5864241570234299
leaf_count=391 2 1 336 169 66 75 51 214 540 18 37 94 17 25
internal_value=0 -0.00292976 0.00529379 0.00186747 0.00420464 0.00670587 0.00302391 0.00882374 -0.00659084 0.00691108 -0.00917661 -0.0141786 0.0108212 -0.0139856
internal_weight=0 178.746 1304.56 380.869 332.572 923.694 337.47 586.224 130.326 48.4195 114.234 48.2978 40.8662 7.55332
internal_count=2036 640 1396 665 402 731 442 289 578 62 577 263 19 43
is_linear=0
shrinkage=0.00895904


Tree=132
num_leaves=16
num_cat=0
split_feature=40 56 11 64 102 65 64 99 73 95 60 27 64 65 59
split_gain=131.092 148.271 90.5508 90.2411 70.6024 61.1832 56.1106 50.5707 49.9307 59.9427 51.1672 20.7082 2.632 1.33243 0.273171
threshold=36.650000000000013 0.40588235294117653 2.5000000000000004 41.000000000000007 0.24674884647442316 2.5000000000000004 8.4500000000000011 -0.32414999999999944 38.050000000000004 -1.0099999999999998 0.61250000000000016 2.5000000000000004 44.000000000000007 7.5000000000000009 250.00000000000003
decision_type=2 2 2 2 2 2 2 2 2 2 2 2 2 2 2
left_child=2 3 8 4 -2 11 7 -3 9 -1 -10 -4 -8 -7 -5
right_child=1 6 5 14 -6 13 12 -9 10 -11 -12 -13 -14 -15 -16
leaf_value=-0.01606559778170517 0.006569257747022419 0.0053898362921891299 0.010843024938950304 -0.013360417013781245 -0.012947172755212061 -0.019767907616649302 -0.014346512423297464 -0.017418522762151275 -0.01719495865632133 0.0068799801560412857 0.013363703952316154 -0.0088743377664065454 -0.010891164630414597 -0.014396639389138759 -0.010635216675829902
leaf_weight=9.0456865131854993 226.92854198813438 32.919863045215607 13.235590681433679 12.860516287386419 15.744771584868429 10.618146970868112 40.504512391984463 10.01647701859474 13.71152386069298 1014.7568253949285 6.2654972076416007 6.1021800935268393 40.318528771400452 11.677551716566084 13.718357935547827
leaf_count=38 192 42 6 74 57 46 195 42 68 798 1 17 299 59 102
internal_value=0 -0.000155362 0.00588314 0.00357515 0.00529372 -0.00704942 -0.00826466 1.47337e-05 0.00640021 0.00667426 -0.00757373 0.00459394 -0.0126529 -0.0171022 -0.0120408
internal_weight=0 393.012 1085.41 269.252 242.673 41.6335 123.759 42.9363 1043.78 1023.8 19.977 19.3378 80.823 22.2957 26.5789
internal_count=2036 1003 1033 425 249 128 578 84 905 836 69 23 494 105 176
is_linear=0
shrinkage=0.00895904


Tree=133
num_leaves=15
num_cat=0
split_feature=48 64 92 92 1 64 64 64 86 98 6 64 59 64
split_gain=129.675 195.883 101.092 93.4843 78.9773 67.9416 60.6598 105.228 73.8905 49.1538 3.2946 1.35292 1.29432 0.717068
threshold=0.8500000000000002 45.000000000000007 -0.10555555555555554 0.12916666666666668 8.5000000000000018 3.6500000000000008 46.45000000000001 29.750000000000004 -14.499999999999998 2.68845 4.5000000000000009 107.65000000000002 250.00000000000003 56.250000000000007
decision_type=2 2 2 2 2 2 2 2 2 2 2 2 2 2
left_child=4 2 9 -4 6 10 7 -1 -8 -2 -6 12 -3 -7
right_child=1 11 3 -5 5 13 8 -9 -10 -11 -12 -13 -14 -15
leaf_value=0.0054274482852737253 -0.017729398724791279 -0.014377112552601269 0.0051356463953410939 -0.016215138277402116 0.003301903865679206 -0.019384495944235188 -0.012704628653852666 -0.021085653482193125 0.010275585275288858 0.0084141718698545996 0.012537163142270802 -0.010439335585803115 -0.01089632819549622 -0.0099320106270924351
leaf_weight=532.50473339855671 25.841407239437103 27.454263500869274 399.29166735708714 16.983879342675209 6.2316180318593997 16.881486013531688 11.440831221640108 12.107373133301733 354.44999244809151 7.290059119462966 6.3851393461227417 36.788088917732239 18.87754837423563 1.3371832966804493
leaf_count=522 116 137 450 78 10 73 68 56 75 8 3 296 135 9
internal_value=0 0.000719197 0.00305714 0.00425744 0.00625123 -0.00781423 0.00672914 0.00483079 0.0095507 -0.011961 0.00809497 -0.0118991 -0.01301 -0.0188024
internal_weight=0 532.527 449.407 416.276 941.338 30.8354 910.503 544.612 365.891 33.1315 12.6168 83.1199 46.3318 18.2187
internal_count=2036 1220 652 528 816 95 721 578 143 124 13 568 272 82
is_linear=0
shrinkage=0.00895904


Tree=134
num_leaves=15
num_cat=0
split_feature=59 90 49 64 39 104 6 92 15 10 101 64 86 64
split_gain=128.132 78.7063 76.9926 121.355 84.8573 75.2142 70.5074 66.9924 48.5882 39.5026 7.97451 2.07329 1.15033 0.319712
threshold=250.00000000000003 -0.27922077922077915 0.69615384615384623 17.650000000000002 14.500000000000002 -5.4999999999999991 1.0000000180025095e-35 0.13809523809523808 1.5000000000000002 1.0000000180025095e-35 -1.5624999999999998 105.00000000000001 -1111.4999999999998 51.150000000000013
decision_type=2 2 2 2 2 2 2 2 2 2 2 2 2 2
left_child=2 8 4 6 7 -3 -4 -1 12 -7 -6 -5 -2 -10
right_child=1 5 3 11 10 9 -8 -9 13 -11 -12 -13 -14 -15
leaf_value=0.006568400712660627 0.012247326216393649 0.01158862239327569 -0.011556820671135325 -0.015481448129397571 0.0063371019885695313 -0.011329715806536517 0.0076482169632263773 -0.0092297039848367873 -0.016228658028767058 0.0035533991604746302 -0.016501702674272086 -0.010298589053170866 0.0088849563871032152 -0.010581960531929483
leaf_weight=1112.3962580934167 21.74088716506958 15.89402389526367 18.584610790014267 29.798943191766739 1.2400053441524495 96.366839662194252 83.993166610598564 21.808717519044876 3.937674641609191 16.710480846464634 14.397560656070707 10.085111215710638 18.712783105671406 3.5208285674452782
leaf_count=903 2 1 59 140 2 540 65 72 18 37 74 81 17 25
internal_value=0 -0.00292071 0.00520688 -0.0010044 0.00597649 -0.00656123 0.00415347 0.00626311 0.0068656 -0.00912782 -0.0146345 -0.0142269 0.0107417 -0.0138975
internal_weight=0 176.884 1292.3 142.462 1149.84 128.971 102.578 1134.2 47.9122 113.077 15.6376 39.8841 40.4537 7.4585
internal_count=2036 640 1396 345 1051 578 124 975 62 577 76 221 19 43
is_linear=0
shrinkage=0.00895904


Tree=135
num_leaves=15
num_cat=0
split_feature=48 64 92 92 1 64 65 61 68 98 84 64 59 56
split_gain=126.784 191.793 99.1701 91.2237 77.7071 66.7363 60.7394 62.6238 61.7674 48.2222 3.29745 1.30191 1.24987 0.701847
threshold=0.8500000000000002 45.000000000000007 -0.10555555555555554 0.12916666666666668 8.5000000000000018 3.6500000000000008 7.5000000000000009 0.044466403162055308 1436.5000000000002 2.68845 0.55000000000000016 107.65000000000002 250.00000000000003 0.46862745098039221
decision_type=2 2 2 2 2 2 2 2 2 2 2 2 2 2
left_child=4 2 9 -4 6 10 8 -8 -1 -2 -6 12 -3 -7
right_child=1 11 3 -5 5 13 7 -9 -10 -11 -12 -13 -14 -15
leaf_value=0.0048850474680188069 -0.01760348951345574 -0.014304512976550865 0.005074743663385283 -0.016066344136932083 0.0037713926217194621 -0.020390735688164081 -0.012980583392205888 0.0091293766771390669 -0.010187296253571381 0.0083321615306632419 0.013086515051667306 -0.010412212011485801 -0.010854958070368841 -0.015006583048321295
leaf_weight=366.21148502826691 25.767697036266327 27.286417074501514 397.41621014475822 16.902649782598019 6.997888848185541 11.79179558157921 10.334383726119993 504.80695988237858 23.028296589851379 7.2660946547985068 5.5569730997085571 36.310381300747395 18.623437106609344 6.3959698230028144
leaf_count=400 116 137 450 78 10 52 58 196 67 8 3 296 135 30
internal_value=0 0.000700004 0.00301258 0.00420519 0.00618631 -0.00778559 0.00666283 0.00868112 0.00398871 -0.0118829 0.00803077 -0.01186 -0.0129566 -0.0186746
internal_weight=0 529.573 447.353 414.319 935.124 30.7426 904.381 515.141 389.24 33.0338 12.5549 82.2202 45.9099 18.1878
internal_count=2036 1220 652 528 816 95 721 254 467 124 13 568 272 82
is_linear=0
shrinkage=0.00895904


Tree=136
num_leaves=16
num_cat=0
split_feature=40 56 11 64 102 65 91 68 64 65 54 106 27 65 59
split_gain=125.322 142.887 88.4467 86.4937 68.7789 59.3775 54.6249 49.7781 94.7392 57.7231 44.6593 31.074 20.3947 1.26916 0.24663
threshold=36.650000000000013 0.40588235294117653 2.5000000000000004 41.000000000000007 0.24674884647442316 2.5000000000000004 0.21825396825396823 1322.0000000000002 51.850000000000001 6.5000000000000009 35.250000000000007 0.45000000000000007 2.5000000000000004 7.5000000000000009 250.00000000000003
decision_type=2 2 2 2 2 2 2 2 2 2 2 2 2 2 2
left_child=2 3 7 4 -2 12 11 8 -1 -9 -8 -3 -4 -7 -5
right_child=1 6 5 14 -6 13 10 9 -10 -11 -12 -13 -14 -15 -16
leaf_value=0.0047858229020409041 0.0064513476778540165 -0.013362175337644297 0.010731765105073442 -0.013247116071977379 -0.012842504363306537 -0.019587587648643712 0.010226656817229037 0.003382731525081954 -0.014363259970782222 0.0093706107699058835 -0.01272800896259914 0.0035929200354046522 -0.0088904992207240567 -0.014303606144959777 -0.010564068100415349
leaf_weight=351.30044110119343 224.53254850208759 82.746802650392056 13.074719294905664 12.673834286630155 15.701432317495344 10.610694020986559 19.587487235665325 177.21280989050865 21.853638656437397 480.06925849616528 10.182051114737986 9.607539236545561 6.0853752493858329 11.586188212037085 13.352002434432505
leaf_count=383 192 485 6 74 57 46 14 226 125 171 62 17 17 59 102
internal_value=0 -0.00018181 0.00575799 0.0034982 0.00518101 -0.00706424 -0.00819822 0.00627385 0.00365751 0.00775768 0.0023436 -0.0115943 0.00447218 -0.0169764 -0.0119587
internal_weight=0 388.384 1071.79 266.26 240.234 41.357 122.124 1030.44 373.154 657.282 29.7695 92.3543 19.1601 22.1969 26.0258
internal_count=2036 1003 1033 425 249 128 578 905 508 397 76 502 23 105 176
is_linear=0
shrinkage=0.00895904


Tree=137
num_leaves=15
num_cat=0
split_feature=59 90 68 64 73 104 101 52 100 15 10 64 86 47
split_gain=123.784 77.0922 75.562 127.527 92.3829 73.5357 72.8133 70.2763 64.6703 47.4186 38.5429 2.0831 1.13745 0.303413
threshold=250.00000000000003 -0.27922077922077915 1322.0000000000002 51.850000000000001 36.650000000000013 -5.4999999999999991 0.23750000000000074 75.000000000000014 -1.5545500000000023 1.5000000000000002 1.0000000180025095e-35 106.05000000000001 -1111.4999999999998 35.45000000000001
decision_type=2 2 2 2 2 2 2 2 2 2 2 2 2 2
left_child=2 9 3 6 7 -3 -1 -4 -6 12 -7 -5 -2 -11
right_child=1 5 4 11 8 10 -8 -9 -10 13 -12 -13 -14 -15
leaf_value=0.00068076031195806656 0.012172515812036185 0.011524878254972878 0.0080698633751999909 -0.015372191064199181 0.0098306645251171592 -0.011275547550850581 0.0076352541466697173 -0.015767528564869612 -0.012986410250217871 -0.018459824650689845 0.0034622039070282646 -0.010540106468713758 0.0088143675175999525 -0.011908504343722856
leaf_weight=276.45717034488916 21.503547191619873 15.70145797729492 698.07144644856453 22.608467474579811 14.677443556487558 95.263288982212543 214.54443091899157 9.8987181410193426 30.169959150254726 1.667846307158469 16.647487677633762 13.863760955631731 18.564225219190121 5.692108727991581
leaf_count=452 2 1 391 111 6 540 155 43 132 8 37 106 17 35
internal_value=0 -0.00290919 0.00512066 0.0025191 0.00694235 -0.00653187 0.00372138 0.00773237 -0.00550842 0.00682484 -0.00908084 -0.0136007 0.0106665 -0.0138264
internal_weight=0 175.04 1280.29 527.474 752.818 127.612 491.002 707.97 44.8474 47.4277 111.911 36.4722 40.0678 7.35996
internal_count=2036 640 1396 824 572 578 607 434 138 62 577 217 19 43
is_linear=0
shrinkage=0.00895904


Tree=138
num_leaves=15
num_cat=0
split_feature=48 64 75 67 1 64 64 64 86 84 49 64 59 56
split_gain=122.694 185.122 97.0101 82.248 75.936 65.4626 60.7901 102.926 71.2667 3.26292 1.91204 1.20603 1.14997 0.659535
threshold=0.8500000000000002 45.000000000000007 0.064583333333333312 1485.5000000000002 8.5000000000000018 3.6500000000000008 46.45000000000001 29.750000000000004 -14.499999999999998 0.55000000000000016 0.65686274509803932 107.65000000000002 250.00000000000003 0.46862745098039221
decision_type=2 2 2 2 2 2 2 2 2 2 2 2 2 2
left_child=4 2 10 -4 6 9 7 -1 -8 -6 -2 12 -3 -7
right_child=1 11 3 -5 5 13 8 -9 -10 -11 -12 -13 -14 -15
leaf_value=0.0052576933049467544 -0.02448660796105822 -0.014163389448943801 0.0047252506592048325 -0.010570842785291705 0.0037299992934492691 -0.020205734004616668 -0.012619460484516091 -0.0210270040227169 0.010154519480105656 0.0130164570247581 -0.015340753175441032 -0.010369031916705719 -0.010798066866527425 -0.014910185651783661
leaf_weight=525.81439705193043 8.0955393165349943 26.978816479444504 401.6211040392518 30.166766807436943 6.9812102913856524 11.791044570505621 11.23445589840412 12.050229683518408 346.04924192279577 5.5201753377914429 4.2675131112337104 35.553030624985695 18.24174764752388 6.3597964346408835
leaf_count=522 37 137 493 102 10 52 68 56 75 3 20 296 135 30
internal_value=0 0.000669936 0.00293999 0.00365233 0.00609203 -0.00773821 0.00656719 0.0046615 0.00943198 0.00796679 -0.0216135 -0.0117896 -0.0128576 -0.0185265
internal_weight=0 524.925 444.151 431.788 925.801 30.6522 895.148 537.865 357.284 12.5014 12.3631 80.7736 45.2206 18.1508
internal_count=2036 1220 652 595 816 95 721 578 143 13 57 568 272 82
is_linear=0
shrinkage=0.00895904


Tree=139
num_leaves=16
num_cat=0
split_feature=40 56 11 64 102 65 91 97 41 61 54 106 27 65 59
split_gain=121.192 139.109 86.4667 83.5673 67.224 57.9513 53.5715 49.577 106.752 70.7338 43.5313 30.5799 20.0216 1.21928 0.215874
threshold=36.650000000000013 0.40588235294117653 2.5000000000000004 41.000000000000007 0.24674884647442316 2.5000000000000004 0.21825396825396823 -0.26174999999999921 0.95000000000000007 0.089220563847429463 35.250000000000007 0.45000000000000007 2.5000000000000004 7.5000000000000009 250.00000000000003
decision_type=2 2 2 2 2 2 2 2 2 2 2 2 2 2 2
left_child=2 3 7 4 -2 12 11 8 -1 -9 -8 -3 -4 -7 -5
right_child=1 6 5 14 -6 13 10 9 -10 -11 -12 -13 -14 -15 -16
leaf_value=0.0055472101786397865 0.0063605354643411719 -0.013314257634915639 0.010649265926137658 -0.013133882782083892 -0.012727153831037756 -0.019414743565613821 0.010128108058304436 -0.0077113511748534615 -0.0084406404294960942 0.0089548109981728279 -0.01265874390602364 0.0035340976651642869 -0.0088139873229500371 -0.01420204538339717 -0.010510718719411465
leaf_weight=481.34555070102215 222.75880905985832 81.728525310754776 12.949436619877817 12.523613490164282 15.686705678701399 10.610699132084848 19.439400523900989 21.227417916059494 48.002472318708897 469.79055046290159 10.051411129534243 9.5854447335004789 6.0930528491735449 11.490026265382765 13.076532639563082
leaf_count=459 192 485 6 74 57 46 14 78 149 219 62 17 17 59 102
internal_value=0 -0.000201193 0.00566703 0.0034419 0.00509551 -0.0070424 -0.00815701 0.00618075 0.00427613 0.00823154 0.00232933 -0.0115417 0.00439471 -0.0168509 -0.0118828
internal_weight=0 384.85 1061.51 264.046 238.446 41.1432 120.805 1020.37 529.348 491.018 29.4908 91.314 19.0425 22.1007 25.6001
internal_count=2036 1003 1033 425 249 128 578 905 608 297 76 502 23 105 176
is_linear=0
shrinkage=0.00895904


Tree=140
num_leaves=15
num_cat=0
split_feature=48 64 92 92 64 64 86 105 98 68 56 64 59 64
split_gain=119.928 180.963 95.7789 88.4419 75.6341 107.259 73.0377 48.0241 46.8033 14.0383 2.58886 1.15157 1.09282 0.0175855
threshold=0.8500000000000002 45.000000000000007 -0.10555555555555554 0.12916666666666668 46.45000000000001 29.750000000000004 -14.499999999999998 1.0000000180025095e-35 2.68845 1322.0000000000002 0.36038961038961043 107.65000000000002 250.00000000000003 116.30000000000001
decision_type=2 2 2 2 2 2 2 2 2 2 2 2 2 2
left_child=4 2 8 -4 5 7 13 -1 -2 -8 -7 12 -3 -6
right_child=1 11 3 -5 6 10 9 -9 -10 -11 -12 -13 -14 -15
leaf_value=0.00015598799298144613 -0.017442822365317155 -0.01407972940275686 0.0049394631177532766 -0.015946224132234715 -0.013435107280186587 -0.024129745045291077 0.0050059790547919971 0.0061860729364681061 0.0081902623775948306 0.010678508528684412 -0.015199739929807903 -0.010340844418314017 -0.010762785100530246 -0.0099823968927908388
leaf_weight=143.39279245585203 25.600376836955547 26.767274342477322 392.75649446249008 16.792683996260166 8.0744858458638173 7.589159816503523 40.171442054212093 406.59310095012188 7.2195963561534873 303.50915800780058 6.4772530496120453 35.054232962429523 17.998318359255791 3.6984299048781386
leaf_count=236 116 137 450 78 42 36 49 361 8 33 29 296 135 30
internal_value=0 0.000652843 0.00289432 0.00407599 0.00602906 0.00398705 0.00926547 0.00461454 -0.0117887 0.0100187 -0.0202786 -0.0117466 -0.0127981 -0.0125294
internal_weight=0 522.189 442.369 409.549 919.506 564.052 355.454 549.986 32.82 343.681 14.0664 79.8198 44.7656 11.7729
internal_count=2036 1220 652 528 816 662 154 597 124 82 65 568 272 72
is_linear=0
shrinkage=0.00895904


Tree=141
num_leaves=15
num_cat=0
split_feature=59 90 68 64 73 101 104 52 100 15 10 64 86 47
split_gain=118.725 75.2046 73.5587 122.386 89.6116 71.7697 71.5483 68.3143 62.7508 46.1854 37.504 1.93413 1.12564 0.296885
threshold=250.00000000000003 -0.27922077922077915 1322.0000000000002 51.850000000000001 36.650000000000013 0.23750000000000074 -5.4999999999999991 75.000000000000014 -1.5545500000000023 1.5000000000000002 1.0000000180025095e-35 106.05000000000001 -1111.4999999999998 35.45000000000001
decision_type=2 2 2 2 2 2 2 2 2 2 2 2 2 2
left_child=2 9 3 5 7 -1 -3 -4 -6 12 -8 -5 -2 -11
right_child=1 6 4 11 8 -7 10 -9 -10 13 -12 -13 -14 -15
leaf_value=0.00058742467214509047 0.012085193435096595 0.011445329926202898 0.0079471928971230101 -0.015217906062076939 0.0097406373459958534 0.0075214272425314973 -0.011225645811850586 -0.015625977288966145 -0.012870850662393876 -0.018375690828472527 0.0033625351741876086 -0.010493000179558449 0.0087267864990135322 -0.011840090974284035
leaf_weight=274.67001234740019 21.219315052032471 15.454280853271483 687.32900704443455 22.289348624646664 14.466315597295759 212.37347947061062 93.900026224553585 9.8394341096281988 29.949528686702251 1.656199812889098 16.555155746638775 13.564361274242399 18.366010874509811 5.5919753909111023
leaf_count=452 2 1 391 111 6 155 540 43 132 8 37 106 17 35
internal_value=0 -0.00290596 0.00500978 0.00243511 0.00682407 0.00361278 -0.00650917 0.00761026 -0.00549557 0.00676768 -0.00903692 -0.0134962 0.0105771 -0.0137709
internal_weight=0 172.743 1264.48 522.897 741.584 487.043 125.909 697.168 44.4158 46.8335 110.455 35.8537 39.5853 7.24818
internal_count=2036 640 1396 824 572 607 578 434 138 62 577 217 19 43
is_linear=0
shrinkage=0.00895904


Tree=142
num_leaves=15
num_cat=0
split_feature=48 64 75 67 64 64 86 101 68 56 49 64 59 64
split_gain=117.258 176.699 94.2006 80.1309 75.5278 105.11 71.5168 47.6774 13.8131 2.45045 1.80492 1.08505 1.02664 0.00232658
threshold=0.8500000000000002 45.000000000000007 0.064583333333333312 1485.5000000000002 46.45000000000001 29.750000000000004 -14.499999999999998 0.23750000000000074 1322.0000000000002 0.36038961038961043 0.65686274509803932 107.65000000000002 250.00000000000003 116.30000000000001
decision_type=2 2 2 2 2 2 2 2 2 2 2 2 2 2
left_child=4 2 10 -4 5 7 13 -1 -8 -7 -2 12 -3 -6
right_child=1 11 3 -5 6 9 8 -9 -10 -11 -12 -13 -14 -15
leaf_value=0.0024859385629268727 -0.02413848785104615 -0.013980094168809323 0.0046220549977032867 -0.010510564446144037 -0.01333484606178279 -0.023848389722562136 0.0049925509458218376 0.0079393800615908255 0.010630221337572373 -0.015112201195193993 -0.015182939010025201 -0.010313824285642318 -0.010724117319926627 -0.0099508083752720983
leaf_weight=340.58590443432331 8.1218598335981351 26.554959140717983 397.95189667493105 30.037987820804119 8.0039971172809583 7.6095152646303159 40.060340009629726 206.90715466439724 300.1758004873991 6.4533364176750183 4.237296298146247 34.571779683232307 17.749785266816616 3.6495598852634421
leaf_count=466 37 137 493 102 42 36 49 131 33 29 20 296 135 30
internal_value=0 0.000634565 0.00284771 0.00355571 0.00596662 0.00392508 0.0092206 0.00454898 0.00996967 -0.0200978 -0.0213483 -0.0116976 -0.0127279 -0.0124549
internal_weight=0 519.226 440.349 427.99 913.446 561.556 351.89 547.493 340.236 14.0629 12.3592 78.8765 44.3047 11.6536
internal_count=2036 1220 652 595 816 662 154 597 82 65 57 568 272 72
is_linear=0
shrinkage=0.00895904


Tree=143
num_leaves=16
num_cat=0
split_feature=40 56 11 64 102 65 91 97 41 61 54 106 27 64 59
split_gain=116.306 134.401 84.3475 79.8545 65.6194 56.7146 52.3767 49.3185 103.387 68.9225 42.2045 29.9102 19.758 1.23762 0.17588
threshold=36.650000000000013 0.40588235294117653 2.5000000000000004 41.000000000000007 0.24674884647442316 2.5000000000000004 0.21825396825396823 -0.26174999999999921 0.95000000000000007 0.089220563847429463 35.250000000000007 0.45000000000000007 2.5000000000000004 26.950000000000003 250.00000000000003
decision_type=2 2 2 2 2 2 2 2 2 2 2 2 2 2 2
left_child=2 3 7 4 -2 12 11 8 -1 -9 -8 -3 -4 -7 -5
right_child=1 6 5 14 -6 13 10 9 -10 -11 -12 -13 -14 -15 -16
leaf_value=0.0054168525505347356 0.0062413622105100706 -0.013262523238125159 0.010574350723502704 -0.012984364148445006 -0.012645881977308383 -0.018664673997713137 0.010013644075937037 -0.0076531548151947629 -0.0083746633944008879 0.0088460199307558458 -0.012583409019420823 0.0034389650478878486 -0.008789346938167247 -0.013265079262192694 -0.010444616325207771
leaf_weight=475.47731451690197 220.39119870960712 80.451249688863754 12.832666710019113 12.336333826184275 15.646728798747061 13.704478666186334 19.254092276096348 21.112288415431976 47.861909925937653 462.88428189605474 9.8819414749741536 9.5545705854892713 6.0916660428047171 8.2772320285439474 12.722549617290495
leaf_count=459 192 485 6 74 57 59 14 78 149 219 62 17 17 46 102
internal_value=0 -0.000234388 0.00554948 0.00336347 0.00498002 -0.00703756 -0.00811194 0.00606188 0.00415291 0.00812353 0.00231664 -0.0114858 0.00431451 -0.0167645 -0.0117848
internal_weight=0 380.239 1048.24 261.097 236.038 40.906 119.142 1007.34 523.339 483.997 29.136 90.0058 18.9243 21.9817 25.0589
internal_count=2036 1003 1033 425 249 128 578 905 608 297 76 502 23 105 176
is_linear=0
shrinkage=0.00895904


Tree=144
num_leaves=15
num_cat=0
split_feature=59 90 68 64 73 101 104 52 100 15 65 64 86 47
split_gain=114.894 73.6067 72.187 118.556 87.5478 70.3144 69.7996 66.7642 61.1933 45.209 37.0118 1.82409 1.11728 0.286616
threshold=250.00000000000003 -0.27922077922077915 1322.0000000000002 51.850000000000001 36.650000000000013 0.23750000000000074 -5.4999999999999991 75.000000000000014 -1.5545500000000023 1.5000000000000002 3.5000000000000004 106.05000000000001 -1111.4999999999998 35.45000000000001
decision_type=2 2 2 2 2 2 2 2 2 2 2 2 2 2
left_child=2 9 3 5 7 -1 -3 -4 -6 12 -8 -5 -2 -11
right_child=1 6 4 11 8 -7 10 -9 -10 13 -12 -13 -14 -15
leaf_value=0.00053351586899621757 0.012013539069521658 0.011377618139554251 0.0078559281858187092 -0.015097889109771882 0.0096676219367453475 0.0074195180120251933 -0.00068118545123631346 -0.015495197038100985 -0.01276989744747821 -0.018276959325097462 -0.012256130565381728 -0.010455915963150375 0.0086538123699776565 -0.011782800496084258
leaf_weight=273.63101052492857 20.984316825866699 15.237730979919432 679.50144443660975 22.05421507358551 14.294286429882048 210.51585485041142 30.922921270132065 9.8002069741487485 29.791783884167671 1.6488798856735218 78.41764610260725 13.336016371846197 18.214631043374538 5.5185456052422523
leaf_count=452 2 1 391 111 6 155 66 43 132 8 511 106 17 35
internal_value=0 -0.00290019 0.00492697 0.00237068 0.00673674 0.00352947 -0.00648467 0.00751969 -0.00548401 0.00671726 -0.0089897 -0.013415 0.0105026 -0.0137164
internal_weight=0 170.945 1252.92 519.537 733.388 484.147 124.578 689.302 44.0861 46.3664 109.341 35.3902 39.1989 7.16743
internal_count=2036 640 1396 824 572 607 578 434 138 62 577 217 19 43
is_linear=0
shrinkage=0.00895904


Tree=145
num_leaves=16
num_cat=0
split_feature=40 56 11 64 19 65 91 97 41 61 54 106 27 64 59
split_gain=113.561 131.444 82.7781 77.917 64.9114 55.7345 51.581 48.9795 101.273 67.7841 41.4116 29.5303 19.449 1.18013 0.159583
threshold=36.650000000000013 0.40588235294117653 2.5000000000000004 41.000000000000007 13.500000000000002 2.5000000000000004 0.21825396825396823 -0.26174999999999921 0.95000000000000007 0.089220563847429463 35.250000000000007 0.45000000000000007 2.5000000000000004 26.950000000000003 250.00000000000003
decision_type=2 2 2 2 2 2 2 2 2 2 2 2 2 2 2
left_child=2 3 7 4 -2 12 11 8 -1 -9 -8 -3 -4 -7 -5
right_child=1 6 5 14 -6 13 10 9 -10 -11 -12 -13 -14 -15 -16
leaf_value=0.005350561552936511 0.0059897729782907002 -0.013216868389260384 0.010522692799274688 -0.012914962244341502 -0.015723554498934613 -0.018521754671702952 0.0099453287162536066 -0.0075957788719820266 -0.0083057479784189644 0.0087839154784724194 -0.012537658147846485 0.0033993866704782149 -0.0086972331651667401 -0.013202384898807824 -0.010408067427976817
leaf_weight=472.76038773357868 223.21000668406487 79.670677028596401 12.748456433415415 12.227388240396978 11.444708958268164 13.692988812923433 19.148418679833416 21.07277300208807 47.839109010994434 459.31494808197021 9.7758095785975438 9.538660451769827 6.1033360213041297 8.2122826129198057 12.528349444270132
leaf_count=459 205 485 6 74 44 59 14 78 149 219 62 17 17 46 102
internal_value=0 -0.000245447 0.00548941 0.0033217 0.00491871 -0.00700198 -0.00807145 0.00599928 0.00409302 0.00806262 0.0023133 -0.0114365 0.00427415 -0.0166602 -0.0117368
internal_weight=0 377.544 1041.74 259.41 234.655 40.7571 118.134 1000.99 520.599 480.388 28.9242 89.2093 18.8518 21.9053 24.7557
internal_count=2036 1003 1033 425 249 128 578 905 608 297 76 502 23 105 176
is_linear=0
shrinkage=0.00895904


Tree=146
num_leaves=14
num_cat=0
split_feature=48 64 92 92 64 64 86 105 98 68 56 64 59
split_gain=112.409 169.083 92.0537 85.3947 75.741 102.313 69.2288 47.3548 45.4699 13.6381 2.38649 1.00257 0.944829
threshold=0.8500000000000002 45.000000000000007 -0.10555555555555554 0.12916666666666668 46.45000000000001 29.750000000000004 -14.499999999999998 1.0000000180025095e-35 2.68845 1322.0000000000002 0.36038961038961043 107.65000000000002 250.00000000000003
decision_type=2 2 2 2 2 2 2 2 2 2 2 2 2
left_child=4 2 8 -4 5 7 -6 -1 -2 -8 -7 12 -3
right_child=1 11 3 -5 6 10 9 -9 -10 -11 -12 -13 -14
leaf_value=-2.88220076656639e-05 -0.017292539753748306 -0.013845707194221627 0.0047836553822931472 -0.015833423760686954 -0.012369364832411186 -0.023628078562912939 0.0049128964058693476 0.0059943246344505707 0.0080623375617862782 0.010550207502797679 -0.014980153667168598 -0.010262706455686194 -0.010656260673531291
leaf_weight=141.88976693153381 25.385751187801361 26.159190125763416 386.99077750742435 16.641390696167946 11.451532326638697 7.6165227442979795 39.589509427547455 400.20387680828571 7.1708359718322745 294.35683933645487 6.4079571068286896 33.617202326655388 17.259869493544102
leaf_count=236 116 137 450 78 72 36 49 361 8 33 29 296 135
internal_value=0 0.000593711 0.002756 0.00392647 0.00584622 0.00379751 0.00914082 0.00441831 -0.0116928 0.00988516 -0.0199333 -0.0116256 -0.0126307
internal_weight=0 513.225 436.189 403.632 901.516 556.118 345.398 542.094 32.5566 333.946 14.0245 77.0363 43.4191
internal_count=2036 1220 652 528 816 662 154 597 124 82 65 568 272
is_linear=0
shrinkage=0.00895904


Tree=147
num_leaves=15
num_cat=0
split_feature=59 90 68 64 73 101 104 52 100 15 10 64 86 47
split_gain=111.073 72.065 70.6508 114.932 85.4437 69.223 68.2347 65.254 59.6749 44.2117 36.3121 1.72218 1.11588 0.279558
threshold=250.00000000000003 -0.27922077922077915 1322.0000000000002 51.850000000000001 36.650000000000013 0.23750000000000074 -5.4999999999999991 75.000000000000014 -1.5545500000000023 1.5000000000000002 1.0000000180025095e-35 106.05000000000001 -1111.4999999999998 35.45000000000001
decision_type=2 2 2 2 2 2 2 2 2 2 2 2 2 2
left_child=2 9 3 5 7 -1 -3 -4 -6 12 -8 -5 -2 -11
right_child=1 6 4 11 8 -7 10 -9 -10 13 -12 -13 -14 -15
leaf_value=0.00047616943556117006 0.011946880811326102 0.011317306006692666 0.0077638625945719618 -0.014983916496796628 0.009596297008163425 0.0073307427311525642 -0.011139778496987456 -0.015370329513898214 -0.012673143811493936 -0.018184236161313434 0.0033001835255861514 -0.010419831003090799 0.0085774057388359522 -0.011717729818969709
leaf_weight=272.46458542346954 20.752614974975586 15.03998279571533 671.60663724690676 21.816916756331921 14.121516846120356 208.79011485725641 91.742099471390247 9.7592607811093313 29.610960692167282 1.6414207220077504 16.392346791923046 13.107692658901213 18.064962700009346 5.4399449750781059
leaf_count=452 2 1 391 111 6 155 540 43 132 8 37 106 17 35
internal_value=0 -0.00289177 0.0048458 0.00231123 0.00664899 0.00345177 -0.00646019 0.00742825 -0.00547121 0.00667102 -0.00894863 -0.0133377 0.0104291 -0.0136589
internal_weight=0 169.073 1241.28 516.179 725.098 481.255 123.174 681.366 43.7325 45.8989 108.134 34.9246 38.8176 7.08137
internal_count=2036 640 1396 824 572 607 578 434 138 62 577 217 19 43
is_linear=0
shrinkage=0.00895904


Tree=148
num_leaves=14
num_cat=0
split_feature=48 64 75 67 64 64 86 105 68 56 49 64 59
split_gain=109.914 165.148 91.1695 77.7649 75.6243 100.284 67.7946 46.6752 13.425 2.26041 1.71843 0.944264 0.887491
threshold=0.8500000000000002 45.000000000000007 0.064583333333333312 384.00000000000006 46.45000000000001 29.750000000000004 -14.499999999999998 1.0000000180025095e-35 1322.0000000000002 0.36038961038961043 0.65686274509803932 107.65000000000002 250.00000000000003
decision_type=2 2 2 2 2 2 2 2 2 2 2 2 2
left_child=4 2 10 -4 5 7 -6 -1 -8 -7 -2 12 -3
right_child=1 11 3 -5 6 9 8 -9 -10 -11 -12 -13 -14
leaf_value=-6.2578858679199125e-05 -0.023840231192347652 -0.013753358131812166 -0.017972304086152833 0.0041067826109965136 -0.012301815855204063 -0.02336336244289958 0.0049005626026029812 0.0059258432502977991 0.010504375775313607 -0.014897232723500778 -0.015028449818055713 -0.010237600691132274 -0.01061999040981669
leaf_weight=141.60255020856857 8.1328885257244092 25.941563479602337 13.030808322131632 408.83738081157207 11.328575119376181 7.6332644671201688 39.481741726398468 398.0552354156971 291.09449768811464 6.3826899528503418 4.1920607909560195 33.150985032320023 17.018253274261951
leaf_count=236 37 137 61 534 72 36 49 361 33 29 20 296 135
internal_value=0 0.000576231 0.00271133 0.0034169 0.00578582 0.00373784 0.00909826 0.00435502 0.00983839 -0.0197623 -0.0211206 -0.0115799 -0.0125652
internal_weight=0 510.304 434.193 421.868 895.579 553.674 341.905 539.658 330.576 14.016 12.3249 76.1108 42.9598
internal_count=2036 1220 652 595 816 662 154 597 82 65 57 568 272
is_linear=0
shrinkage=0.00895904


Tree=149
num_leaves=14
num_cat=0
split_feature=73 55 3 74 64 31 65 64 61 64 87 64 56
split_gain=108.993 135.52 90.2836 74.779 73.5501 67.5144 60.2817 54.4549 31.802 19.1653 17.0375 4.05805 0.780128
threshold=36.95000000000001 0.75000000000000011 68.500000000000014 1.5500000000000003 107.65000000000002 1.0000000180025095e-35 7.5000000000000009 15.350000000000003 0.089220563847429463 2.9500000000000006 7.5000000000000009 35.95000000000001 0.25833333333333336
decision_type=2 2 2 2 2 2 2 2 2 2 2 2 2
left_child=2 3 4 12 6 10 -1 -7 -5 -3 -4 -11 -2
right_child=1 9 5 8 -6 7 -8 -9 -10 11 -12 -13 -14
leaf_value=0.0035409910058484908 -0.019303405983572303 0.0032171073336472933 0.0078966927848493889 -0.014368583375882546 -0.01038120593489877 0.0049884993965597898 0.0077112388227770449 -0.013782043133122982 0.0088822918396733903 -0.015716278557782775 -0.018908575804127102 -0.011032184924314851 -0.013255692453971336
leaf_weight=514.97912745922804 5.6566463485360128 5.863552674651145 1.9789129048585916 4.8719857931137076 22.847648799419403 54.9496680945158 606.51665030419827 15.815146833658217 74.140888176858425 35.391185879707336 21.788235455751419 30.50072068721056 6.4409545138478279
leaf_count=649 26 9 2 27 193 65 385 88 44 168 102 245 33
internal_value=0 -0.00301558 0.0047774 0.00423447 0.00547254 -0.00363138 0.00579726 0.000767315 0.00741708 -0.0122083 -0.0166305 -0.0135866 -0.016342
internal_weight=0 162.866 1238.88 91.1105 1144.34 94.532 1121.5 70.7648 79.0129 71.7555 23.7671 65.8919 12.0976
internal_count=2036 552 1484 130 1227 257 1034 153 71 422 104 413 59
is_linear=0
shrinkage=0.00895904


Tree=150
num_leaves=16
num_cat=0
split_feature=40 56 11 64 19 65 91 97 41 56 54 106 27 64 59
split_gain=107.97 126.411 80.4031 74.0261 63.456 54.3087 50.38 48.6701 97.9653 69.5505 39.9169 28.7132 19.2235 1.19635 0.127185
threshold=36.650000000000013 0.40588235294117653 2.5000000000000004 41.000000000000007 13.500000000000002 2.5000000000000004 0.21825396825396823 -0.26174999999999921 0.95000000000000007 0.86190476190476206 35.250000000000007 0.45000000000000007 2.5000000000000004 26.950000000000003 250.00000000000003
decision_type=2 2 2 2 2 2 2 2 2 2 2 2 2 2 2
left_child=2 3 7 4 -2 12 11 8 -1 -9 -8 -3 -4 -7 -5
right_child=1 6 5 14 -6 13 10 9 -10 -11 -12 -13 -14 -15 -16
leaf_value=0.005197389515615808 0.005860267944453555 -0.01316969194357653 0.0104344631505919 -0.012779627929220841 -0.015640323035773271 -0.018435160460726047 0.0098188506961579079 0.0083995079626580198 -0.0082697575681577179 -0.017357786898282782 -0.012447278261443652 0.003266841212022992 -0.0087200616250027868 -0.013072200415595293 -0.010339537372823421
leaf_weight=465.66643512248993 220.38295486569405 78.178397946059704 12.609012663364412 11.995427146553995 11.415616974234579 13.668551161885263 18.930958889424804 463.34996597468853 47.631834410130978 8.3967743664979917 9.5737675875425321 9.4945143759250623 6.0905115008354178 8.072136774659155 12.125393994152544
leaf_count=459 205 485 6 74 44 59 14 255 149 42 62 17 17 46 102
internal_value=0 -0.000285492 0.00534807 0.00323269 0.00478928 -0.00700858 -0.00802819 0.00585665 0.00394504 0.00793414 0.0023065 -0.0113862 0.00416946 -0.0165764 -0.011645
internal_weight=0 372.097 1025.49 255.919 231.799 40.4402 116.178 985.045 513.298 471.747 28.5047 87.6729 18.6995 21.7407 24.1208
internal_count=2036 1003 1033 425 249 128 578 905 608 297 76 502 23 105 176
is_linear=0
shrinkage=0.00895904


Tree=151
num_leaves=14
num_cat=0
split_feature=86 64 86 100 105 66 52 49 84 65 64 64 59
split_gain=106.828 149.003 109.651 150.266 83.226 75.1964 68.8203 57.55 51.7313 3.05407 1.98654 0.474076 0.487365
threshold=-24.499999999999996 45.000000000000007 -350.49999999999994 -0.92125000000000046 1.0000000180025095e-35 1692.0000000000002 105.00000000000001 0.67708333333333337 0.63333333333333341 10.500000000000002 51.850000000000001 105.00000000000001 250.00000000000003
decision_type=2 2 2 2 2 2 2 2 2 2 2 2 2
left_child=1 2 4 -4 -1 6 7 -2 9 -7 -8 12 -3
right_child=5 11 3 -5 -6 8 10 -9 -10 -11 -12 -13 -14
leaf_value=-0.0037327910512519546 0.0070940297809550645 -0.013205477428162346 0.0039269764106087367 -0.019126796099296302 0.0065198864835276501 -0.0256951433421241 -0.022911526309687447 -0.0048390914233497955 0.0074531833872784276 -0.013632655903996722 -0.012509186683882028 -0.010212707574071741 -0.010577362385233994
leaf_weight=78.485075697302818 759.80445849150419 21.944715857505798 51.189910665154457 40.497040487825871 331.28838156908751 8.8974512144923228 4.9227655529975873 33.75469920784235 7.0530066341161719 3.0167376473546019 3.3965712487697601 31.556793093681335 17.331801690161228
leaf_count=205 512 118 67 184 310 42 23 103 7 17 20 288 140
internal_value=0 0.00085429 0.00257357 -0.00627401 0.00455528 0.0058971 0.00631496 0.00658537 -0.0116544 -0.0229066 -0.0190441 -0.0112911 -0.0121032
internal_weight=0 572.294 501.46 91.687 409.773 820.846 801.878 793.559 18.9672 11.9142 8.31934 70.8333 39.2765
internal_count=2036 1312 766 251 515 724 658 615 66 59 43 546 258
is_linear=0
shrinkage=0.00895904


Tree=152
num_leaves=14
num_cat=0
split_feature=73 55 3 74 64 31 65 64 61 64 87 64 56
split_gain=105.751 131.75 88.1964 72.9043 71.1919 66.2644 59.9471 52.8973 31.1771 18.9215 16.6373 3.87303 0.737565
threshold=36.95000000000001 0.75000000000000011 68.500000000000014 1.5500000000000003 107.65000000000002 1.0000000180025095e-35 7.5000000000000009 15.350000000000003 0.089220563847429463 2.9500000000000006 7.5000000000000009 35.95000000000001 0.25833333333333336
decision_type=2 2 2 2 2 2 2 2 2 2 2 2 2
left_child=2 3 4 12 6 10 -1 -7 -5 -3 -4 -11 -2
right_child=1 9 5 8 -6 7 -8 -9 -10 11 -12 -13 -14
leaf_value=0.0034558627527191844 -0.019105184156596174 0.0031989231688992906 0.0077993308962303861 -0.014335957558799369 -0.010350067716009612 0.0049048515146361896 0.0076323681570068793 -0.013690861663797455 0.008784147346730567 -0.015601274630330371 -0.018787359282844963 -0.010986749699879179 -0.013155345700805079
leaf_weight=511.93562809377909 5.6544990167021734 5.853351578116416 1.9632044434547449 4.8291479125618926 22.4364263266325 54.620938286185265 599.43627121299505 15.631187625229357 73.409864172339439 35.177975498139858 21.70864275842905 29.921311914920807 6.3692042231559753
leaf_count=649 26 9 2 27 193 65 385 88 44 168 102 245 33
internal_value=0 -0.00301601 0.00469883 0.00416219 0.00538997 -0.00363806 0.00570947 0.000741005 0.00732531 -0.0121347 -0.0165366 -0.0135191 -0.0162108
internal_weight=0 161.215 1227.73 90.2627 1133.81 93.924 1111.37 70.2521 78.239 70.9526 23.6718 65.0993 12.0237
internal_count=2036 552 1484 130 1227 257 1034 153 71 422 104 413 59
is_linear=0
shrinkage=0.00895904


Tree=153
num_leaves=16
num_cat=0
split_feature=40 56 11 64 102 65 91 97 41 56 54 106 27 65 59
split_gain=104.635 122.866 78.6139 71.9092 62.8041 52.9719 49.5665 48.2548 95.269 68.158 39.0328 28.1925 18.9161 1.14113 0.116875
threshold=36.650000000000013 0.40588235294117653 2.5000000000000004 41.000000000000007 0.24674884647442316 2.5000000000000004 0.21825396825396823 -0.26174999999999921 0.95000000000000007 0.86190476190476206 35.250000000000007 0.45000000000000007 2.5000000000000004 7.5000000000000009 250.00000000000003
decision_type=2 2 2 2 2 2 2 2 2 2 2 2 2 2 2
left_child=2 3 7 4 -2 12 11 8 -1 -9 -8 -3 -4 -7 -5
right_child=1 6 5 14 -6 13 10 9 -10 -11 -12 -13 -14 -15 -16
leaf_value=0.0051055045424295625 0.0059706022469709283 -0.013118718974849241 0.010357211115050367 -0.012727236704304668 -0.012581636036122897 -0.018926556834657549 0.0097425309645956283 0.0083161639201630982 -0.0081826946918104448 -0.017254044509604154 -0.012386542471959475 0.0031953564152387955 -0.0086750366539347958 -0.013813691355163041 -0.010302985405693339
leaf_weight=461.67569691687822 214.53826025128365 77.259194917976856 12.481341719627382 11.858298741281034 15.540091827511786 10.588837616145613 18.818828113377098 458.1590593457222 47.612946428358555 8.349307604134081 9.455742880702017 9.4733416438102704 6.0900794416666022 11.032221570610998 11.899438261985777
leaf_count=459 192 485 6 74 57 46 14 255 149 42 62 17 17 59 102
internal_value=0 -0.000306953 0.0052637 0.00317343 0.00470802 -0.00699125 -0.00798132 0.00576977 0.00386055 0.00785158 0.0023077 -0.0113335 0.00409002 -0.0164629 -0.011606
internal_weight=0 368.843 1015.99 253.836 230.078 40.1925 115.007 975.797 509.289 466.508 28.2746 86.7325 18.5714 21.6211 23.7577
internal_count=2036 1003 1033 425 249 128 578 905 608 297 76 502 23 105 176
is_linear=0
shrinkage=0.00895904


Tree=154
num_leaves=14
num_cat=0
split_feature=48 64 75 67 64 64 86 101 68 56 49 64 59
split_gain=103.43 156.159 88.7722 76.1218 75.6412 97.6696 65.2326 46.475 13.4435 2.28192 1.70214 0.903448 0.819272
threshold=0.8500000000000002 45.000000000000007 0.064583333333333312 1485.5000000000002 46.45000000000001 29.750000000000004 -14.499999999999998 0.23750000000000074 1322.0000000000002 0.36038961038961043 0.62019230769230782 107.65000000000002 250.00000000000003
decision_type=2 2 2 2 2 2 2 2 2 2 2 2 2
left_child=4 2 10 -4 5 7 -6 -1 -8 -7 -2 12 -3
right_child=1 11 3 -5 6 9 8 -9 -10 -11 -12 -13 -14
leaf_value=0.0021179783247784957 -0.024037736682248661 -0.013645435372706334 0.0043541146002858116 -0.01052272175241767 -0.012236517483100952 -0.023294153722910046 0.0047237742799248273 0.0075866764505746918 0.010395918002341784 -0.014783081387152813 -0.015537752760508436 -0.010161062758044799 -0.010564203830093004
leaf_weight=332.12110680341721 7.4034700244665128 25.471029199659824 386.47447412461042 29.547648876905441 11.0842452570796 7.6243958473205549 38.596665315330029 199.78928703069687 282.84984174370766 6.3174590617418289 4.9007027074694633 31.712630651891232 16.50220288336277
leaf_count=466 34 137 493 102 72 36 49 131 33 29 23 296 135
internal_value=0 0.000513981 0.00258776 0.00329309 0.00561188 0.0035578 0.00897964 0.00417409 0.00971814 -0.0196916 -0.0209439 -0.0115158 -0.012488
internal_weight=0 502.012 428.326 416.022 878.383 545.852 332.531 531.91 321.447 13.9419 12.3042 73.6859 41.9732
internal_count=2036 1220 652 595 816 662 154 597 82 65 57 568 272
is_linear=0
shrinkage=0.00895904


Tree=155
num_leaves=14
num_cat=0
split_feature=73 55 3 74 64 31 65 64 61 64 87 64 56
split_gain=102.934 128.426 86.2028 71.22 68.8751 65.0991 59.4449 51.5163 30.4621 18.5588 16.2999 3.75376 0.695618
threshold=36.95000000000001 0.75000000000000011 68.500000000000014 1.5500000000000003 107.65000000000002 1.0000000180025095e-35 7.5000000000000009 15.350000000000003 0.089220563847429463 2.9500000000000006 7.5000000000000009 35.95000000000001 0.25833333333333336
decision_type=2 2 2 2 2 2 2 2 2 2 2 2 2
left_child=2 3 4 12 6 10 -1 -7 -5 -3 -4 -11 -2
right_child=1 9 5 8 -6 7 -8 -9 -10 11 -12 -13 -14
leaf_value=0.0033779244982525638 -0.01892568463456356 0.0031315864759008808 0.0077155109642820085 -0.014280867960709558 -0.010319054833055681 0.0048280191914657506 0.0075545724668566114 -0.013611639028185128 0.0086861344519239148 -0.015514115332468752 -0.018673603754181464 -0.010936432816164923 -0.013073252878450514
leaf_weight=509.21274653822184 5.6520222648978216 5.8287513554096213 1.9515704512596155 4.7795199006795874 22.015582695603371 54.337733939290047 592.15473946928978 15.460087664425371 72.698267862200737 35.01013945043087 21.635263413190842 29.335840307176113 6.3043191954493523
leaf_count=649 26 9 2 27 193 65 385 88 44 168 102 245 33
internal_value=0 -0.00302634 0.00462273 0.00408992 0.00531028 -0.00364199 0.00562446 0.000717293 0.00723733 -0.0120824 -0.0164447 -0.0134661 -0.0160963
internal_weight=0 159.609 1216.77 89.4341 1123.38 93.3847 1101.37 69.7978 77.4778 70.1747 23.5868 64.346 11.9563
internal_count=2036 552 1484 130 1227 257 1034 153 71 422 104 413 59
is_linear=0
shrinkage=0.00895904


Tree=156
num_leaves=16
num_cat=0
split_feature=61 56 64 64 2 28 78 84 64 72 38 0 64 80 64
split_gain=101.455 92.0976 205.313 95.5666 89.3933 73.2718 71.5302 65.4091 33.178 37.438 11.8145 13.1509 4.71061 2.76423 2.65153
threshold=0.033908045977011456 0.41421568627450983 23.650000000000002 19.450000000000003 6.5000000000000009 1.0000000180025095e-35 75.000000000000014 0.55000000000000016 5.4500000000000011 8.5000000000000018 15.500000000000002 8.5000000000000018 10.950000000000001 35.850000000000001 51.150000000000013
decision_type=2 2 2 2 2 2 2 2 2 2 2 2 2 2 2
left_child=7 3 5 6 -5 -3 -2 8 9 -1 11 -9 -10 -12 -4
right_child=1 2 14 4 -6 -7 -8 10 12 -11 13 -13 -14 -15 -16
leaf_value=-0.021423425626781647 -0.00021343871222800242 0.0048529613318791928 -0.015147345647390641 0.0084642094984348822 -0.017695063940835837 -0.020260740772077589 0.0099440476464792218 -0.016389034568841495 -0.01964632639229914 0.0081605384577871833 0.0056560654470831509 0.011516672588103799 -0.011799924714275219 0.01207055323473123 -0.011410761493913468
leaf_weight=4.3448067158460644 257.36718018352985 264.33901968598366 31.393391184508801 587.95545066893101 10.502072319388388 9.4788468480110151 70.802039787173271 3.2052692770957973 7.592952534556388 13.932900473475454 10.229959651827814 2.0823674201965332 46.475402414798737 12.89560031890869 39.710375122725964
leaf_count=19 435 315 156 298 52 41 27 15 33 13 11 1 319 2 299
internal_value=0 0.00439869 0.000446304 0.00586948 0.0079996 0.00396996 0.00198248 -0.00493379 -0.00945088 0.000977736 0.0065532 -0.00537689 -0.0129677 0.00930368 -0.0130971
internal_weight=0 1271.55 344.922 926.627 598.458 273.818 328.169 100.759 72.3461 18.2777 28.4132 5.28764 54.0684 23.1256 71.1038
internal_count=2036 1623 811 812 350 356 462 413 384 32 29 16 352 13 455
is_linear=0
shrinkage=0.00895904


Tree=157
num_leaves=15
num_cat=0
split_feature=59 90 68 64 73 101 104 52 100 15 10 64 86 47
split_gain=100.763 68.8604 67.2201 105.996 79.815 67.0934 64.5121 62.7389 55.6146 41.9453 34.8491 1.58592 1.07414 0.304348
threshold=250.00000000000003 -0.27922077922077915 1322.0000000000002 51.850000000000001 36.650000000000013 0.23750000000000074 -5.4999999999999991 75.000000000000014 -1.5545500000000023 1.5000000000000002 1.0000000180025095e-35 106.05000000000001 -1111.4999999999998 35.45000000000001
decision_type=2 2 2 2 2 2 2 2 2 2 2 2 2 2
left_child=2 9 3 5 7 -1 -3 -4 -6 12 -8 -5 -2 -11
right_child=1 6 4 11 8 -7 10 -9 -10 13 -12 -13 -14 -15
leaf_value=0.00024879530038864409 0.011796608344704357 0.011163497211121188 0.0074956860332945569 -0.014819454701281706 0.0094151799503813319 0.0070754031331617664 -0.011076850989004475 -0.015372097636144574 -0.01246929458523508 -0.018190667472605199 0.0032183079767450955 -0.010308476313922871 0.0084422894198313021 -0.011566941386444476
leaf_weight=267.84971199929714 20.175905227661133 14.514340400695799 647.21892957389355 21.250967711210251 13.531188271939753 203.07434213906527 88.894587457180023 9.6023090183734876 28.975108228623867 1.6190197765827168 16.081857465207577 12.36951147019863 17.589912116527557 5.1989322379231453
leaf_count=452 2 1 391 111 6 155 540 43 132 8 37 106 17 35
internal_value=0 -0.00289233 0.00458892 0.00209536 0.00638686 0.00319433 -0.00643545 0.00715696 -0.00549124 0.00659014 -0.00888483 -0.0132282 0.0102853 -0.0135969
internal_weight=0 164.075 1203.87 504.545 699.328 470.924 119.491 656.821 42.5063 44.5838 104.976 33.6205 37.7658 6.81795
internal_count=2036 640 1396 824 572 607 578 434 138 62 577 217 19 43
is_linear=0
shrinkage=0.00895904


Tree=158
num_leaves=14
num_cat=0
split_feature=86 64 86 100 105 66 52 49 84 65 64 64 59
split_gain=99.9188 138.932 106.082 145.293 79.6241 73.3777 66.0854 55.0025 50.1501 3.00132 1.88873 0.429201 0.418425
threshold=-24.499999999999996 45.000000000000007 -350.49999999999994 -0.92125000000000046 1.0000000180025095e-35 1692.0000000000002 105.00000000000001 0.67708333333333337 0.63333333333333341 10.500000000000002 51.850000000000001 105.00000000000001 250.00000000000003
decision_type=2 2 2 2 2 2 2 2 2 2 2 2 2
left_child=1 2 4 -4 -1 6 7 -2 9 -7 -8 12 -3
right_child=5 11 3 -5 -6 8 10 -9 -10 -11 -12 -13 -14
leaf_value=-0.0037298451447651888 0.0068981581581015819 -0.013053335509903953 0.0037880623315299008 -0.018986157325691269 0.0063478204949681686 -0.02550012873690748 -0.022622588893756256 -0.0048237944658665417 0.0072764450569945413 -0.013467157823771985 -0.012345593539638537 -0.010127960933513732 -0.010505989248199456
leaf_weight=77.882864475250244 741.2145244255662 21.418699614703655 50.61139727383852 40.190680302679539 325.11855034530163 8.9073415696620959 4.919443376362322 33.453555420041084 6.9617488384246817 2.9670613035559645 3.3000709936022758 29.987160302698612 16.699897013604641
leaf_count=205 512 118 67 184 310 42 23 103 7 17 20 288 140
internal_value=0 0.000772577 0.00242821 -0.00631073 0.00439934 0.00569975 0.00612102 0.00639086 -0.0116939 -0.0227567 -0.018874 -0.0112045 -0.011996
internal_weight=0 561.909 493.803 90.8021 403.001 801.724 782.888 774.668 18.8362 11.8744 8.21951 68.1058 38.1186
internal_count=2036 1312 766 251 515 724 658 615 66 59 43 546 258
is_linear=0
shrinkage=0.00895904


Tree=159
num_leaves=16
num_cat=0
split_feature=40 56 11 56 101 65 91 97 41 56 54 106 27 85 65
split_gain=99.1227 116.53 75.5497 70.15 76.7292 51.3633 48.2724 48.0477 91.2345 65.9633 37.5731 27.4047 18.5308 14.6893 1.13548
threshold=36.650000000000013 0.40588235294117653 2.5000000000000004 0.36931818181818182 0.23750000000000074 2.5000000000000004 0.21825396825396823 -0.26174999999999921 0.95000000000000007 0.86190476190476206 35.250000000000007 0.45000000000000007 2.5000000000000004 53.500000000000007 7.5000000000000009
decision_type=2 2 2 2 2 2 2 2 2 2 2 2 2 2 2
left_child=2 3 7 4 -2 12 11 8 -1 -9 -8 -3 -4 -5 -7
right_child=1 6 5 13 -6 14 10 9 -10 -11 -12 -13 -14 -15 -16
leaf_value=0.004926634811385157 -0.010798237409889139 -0.013063312410384234 0.010260811770077155 0.01123631832842743 0.0032457190452116437 -0.018790621034052272 0.0096247231058765887 0.0081745865265127025 -0.0081163166753289544 -0.017134202458393227 -0.01230463826516324 0.0030832603212633276 -0.0086187236110085511 0.0031351410212624433 -0.013673063294161753
leaf_weight=453.40928492695093 43.013690680265427 75.477898173034191 12.319774314761164 69.69612230360508 112.42375952005386 10.5611973926425 18.583103075623516 448.41735354065895 47.385114252567291 8.2473361417651159 9.2293308079242689 9.4199366718530637 6.0876831263303748 24.44360813498497 10.830949902534483
leaf_count=459 178 485 6 8 201 46 14 255 149 42 62 17 17 38 59
internal_value=0 -0.000365597 0.00510563 0.00304887 -0.000648984 -0.00696466 -0.00791889 0.00560868 0.00368984 0.00771047 0.00231249 -0.0112686 0.00399139 0.00914369 -0.0163449
internal_weight=0 362.287 997.259 249.577 155.437 39.7996 112.71 957.459 500.794 456.665 27.8124 84.8978 18.4075 94.1397 21.3921
internal_count=2036 1003 1033 425 379 128 578 905 608 297 76 502 23 46 105
is_linear=0
shrinkage=0.00895904


Tree=160
num_leaves=15
num_cat=0
split_feature=73 55 68 64 99 74 61 65 64 61 64 64 36 56
split_gain=98.0606 123.386 83.4743 97.6528 69.8327 69.0373 49.8548 46.7794 32.5575 29.4426 18.4546 3.56142 1.74338 0.681543
threshold=36.95000000000001 0.75000000000000011 1322.0000000000002 51.850000000000001 1.0654499999999987 1.5500000000000003 0.033908045977011456 7.5000000000000009 3.1500000000000008 0.089220563847429463 2.9500000000000006 35.95000000000001 -1.0000000180025095e-35 0.25833333333333336
decision_type=2 2 2 2 2 2 2 2 2 2 2 2 2 2
left_child=2 5 3 4 -1 13 8 -8 -4 -7 -3 -12 -5 -2
right_child=1 10 6 12 -6 9 7 -9 -10 -11 11 -13 -14 -15
leaf_value=0.00043746664670132277 -0.018774166434212165 0.0031786079244304436 0.010420873207322779 -0.019983166667084846 0.0080333705046638695 -0.014172299156405837 0.0038121173106126457 0.0087299362337148502 -0.010356385592676848 0.0085602420168422802 -0.015384826641166133 -0.010870208382450671 -0.011862937906571693 -0.012945644845601068
leaf_weight=314.91049221903086 5.6318320482969266 5.8253854513168326 8.1271000206470507 2.6122263967990866 140.31103953719139 4.7133733332157126 242.19037062674761 434.77148829400539 22.166717745363712 71.599881194531918 34.672945864498615 28.477713003754616 33.12784668058157 6.1979870498180389
leaf_count=543 26 9 6 14 85 27 288 203 103 44 168 245 242 33
internal_value=0 -0.00302552 0.00449897 0.00165985 0.00278116 0.00399537 0.00646882 0.00697214 -0.00475119 0.00712396 -0.0119839 -0.0133883 -0.0125604 -0.0159771
internal_weight=0 157.119 1198.22 490.962 455.222 88.1431 707.256 676.962 30.2938 76.3133 68.976 63.1507 35.7401 11.8298
internal_count=2036 552 1484 884 628 130 600 491 109 71 422 413 256 59
is_linear=0
shrinkage=0.00895904


Tree=161
num_leaves=16
num_cat=0
split_feature=40 56 11 56 101 65 97 41 56 91 54 106 27 85 65
split_gain=96.8849 114.151 74.0914 69.1406 75.1732 50.5325 47.5767 89.3265 64.9571 47.5543 36.875 27.0283 18.2454 14.5558 1.06607
threshold=36.650000000000013 0.40588235294117653 2.5000000000000004 0.36931818181818182 0.23750000000000074 2.5000000000000004 -0.26174999999999921 0.95000000000000007 0.86190476190476206 0.21825396825396823 35.250000000000007 0.45000000000000007 2.5000000000000004 53.500000000000007 7.5000000000000009
decision_type=2 2 2 2 2 2 2 2 2 2 2 2 2 2 2
left_child=2 3 6 4 -2 12 7 -1 -8 11 -11 -3 -4 -5 -7
right_child=1 9 5 13 -6 14 8 -9 -10 10 -12 -13 -14 -15 -16
leaf_value=0.0048685189364436532 -0.010713512528022842 -0.013019598651328582 0.010217694243744533 0.011191427509290133 0.0032043690941600828 -0.018631217970988597 0.0081156061736054313 -0.008041086095756678 -0.017036023790741449 0.0095533404395367911 -0.012255002813851787 0.0030373399438112839 -0.0085217747618640417 0.0031070126177771456 -0.013617007920174992
leaf_weight=450.92500448226929 42.932584874331951 74.797699101269245 12.245055720210077 68.989516265690327 111.98091214895248 10.555883482098581 444.90407242625952 47.381808012723923 8.2235657051205617 18.492196016013626 9.1439779549837095 9.4024443626403791 6.1006939858198157 24.364917829632759 10.756250277161596
leaf_count=459 178 485 6 8 201 46 255 149 42 14 62 17 17 38 59
internal_value=0 -0.000374903 0.00505069 0.00301049 -0.000661145 -0.00692311 0.0055511 0.00363834 0.00765209 -0.0078827 0.00230216 -0.0112235 0.00396125 0.00909236 -0.0162453
internal_weight=0 360.104 991.092 248.268 154.913 39.6579 951.434 498.307 453.128 111.836 27.6362 84.2001 18.3457 93.3544 21.3121
internal_count=2036 1003 1033 425 379 128 905 608 297 578 76 502 23 46 105
is_linear=0
shrinkage=0.00895904


Tree=162
num_leaves=16
num_cat=0
split_feature=61 56 64 64 2 28 78 84 64 72 38 0 64 80 64
split_gain=95.9235 86.2621 195.726 94.3145 86.8438 70.6293 70.1799 63.131 32.1796 36.3883 11.6424 12.6721 4.41466 2.74658 2.51412
threshold=0.033908045977011456 0.41421568627450983 23.650000000000002 19.450000000000003 6.5000000000000009 1.0000000180025095e-35 75.000000000000014 0.55000000000000016 5.4500000000000011 8.5000000000000018 15.500000000000002 8.5000000000000018 10.950000000000001 35.850000000000001 51.150000000000013
decision_type=2 2 2 2 2 2 2 2 2 2 2 2 2 2 2
left_child=7 3 5 6 -5 -3 -2 8 9 -1 11 -9 -10 -12 -4
right_child=1 2 14 4 -6 -7 -8 10 12 -11 13 -13 -14 -15 -16
leaf_value=-0.021148539359342675 -0.00035043435147722769 0.0047248417979478532 -0.015010257102625749 0.0083199307002893089 -0.017565554559577354 -0.019956634617224977 0.0098006976843124545 -0.01629798659835599 -0.019379161415925036 0.0080572331951339858 0.0055487131035314779 0.011324135902084044 -0.011742704589929662 0.011971805385235708 -0.011319394598099103
leaf_weight=4.3435875028371838 255.03316116333008 261.323341101408 30.929009959101677 572.97600080817938 10.421333231031893 9.4626655876636487 69.381385803222656 3.1737377643585232 7.5695450007915488 13.788455754518507 10.15257088840008 2.0353116989135742 45.324342772364616 12.714483737945555 38.385494418442249
leaf_count=19 435 315 156 298 52 41 27 15 33 13 11 1 319 2 299
internal_value=0 0.00425751 0.000408743 0.00569898 0.00785188 0.00384877 0.00182499 -0.00489313 -0.00938216 0.000911821 0.00644893 -0.00548244 -0.0129019 0.00919077 -0.0130034
internal_weight=0 1247.91 340.101 907.812 583.397 270.786 324.415 99.102 71.0259 18.132 28.0761 5.20905 52.8939 22.8671 69.3145
internal_count=2036 1623 811 812 350 356 462 413 384 32 29 16 352 13 455
is_linear=0
shrinkage=0.00895904


Tree=163
num_leaves=15
num_cat=0
split_feature=73 55 68 64 99 74 64 81 98 86 64 64 36 56
split_gain=95.101 120.358 81.9229 94.98 68.369 67.5149 48.8548 97.4603 76.5974 29.1185 18.342 3.41347 1.72608 0.649698
threshold=36.95000000000001 0.75000000000000011 1322.0000000000002 51.850000000000001 1.0654499999999987 1.5500000000000003 37.300000000000004 0.65000000000000002 1.4296500000000025 -427.99999999999994 2.9500000000000006 35.95000000000001 -1.0000000180025095e-35 0.25833333333333336
decision_type=2 2 2 2 2 2 2 2 2 2 2 2 2 2
left_child=2 5 3 4 -1 13 8 -8 -4 -7 -3 -12 -5 -2
right_child=1 10 6 12 -6 9 7 -9 -10 -11 11 -13 -14 -15
leaf_value=0.00039285136497582208 -0.018615835579310486 0.0031941599108526162 0.0046047984130704817 -0.019907561946057705 0.0079434444287718019 -0.0098547533978971154 0.0096303373045625064 -0.012934941913112551 -0.0222642574414844 0.0088648659774046706 -0.0152919935219959 -0.010836255026536162 -0.011818201024756907 -0.012861079582505708
leaf_weight=313.55276377499104 5.6202885583043081 5.822859674692153 324.29622279852629 2.6108480244874945 138.71778953075409 7.2289452776312819 350.87304210662842 15.904255926609038 8.5579770952463132 68.377326428890228 34.423632681369781 28.003107614815235 32.621897719800472 6.1313436776399612
leaf_count=543 26 9 350 14 85 30 104 107 39 41 168 245 242 33
internal_value=0 -0.00301974 0.00442603 0.00160565 0.00271115 0.00394237 0.00639026 0.00864556 0.0039015 0.00705437 -0.0119175 -0.0133329 -0.0125226 -0.0158695
internal_weight=0 155.608 1187.13 487.503 452.271 87.3579 699.631 366.777 332.854 75.6063 68.2496 62.4267 35.2327 11.7516
internal_count=2036 552 1484 884 628 130 600 211 389 71 422 413 256 59
is_linear=0
shrinkage=0.00895904


Tree=164
num_leaves=14
num_cat=0
split_feature=48 64 75 64 64 67 86 105 68 102 49 64 59
split_gain=94.0602 142.479 84.6379 74.6843 93.7006 72.351 60.8244 45.0158 13.1235 2.47548 1.66708 0.80553 0.704751
threshold=0.8500000000000002 45.000000000000007 0.064583333333333312 46.45000000000001 29.750000000000004 384.00000000000006 -14.499999999999998 1.0000000180025095e-35 1322.0000000000002 0.097084985834278964 0.62019230769230782 107.65000000000002 250.00000000000003
decision_type=2 2 2 2 2 2 2 2 2 2 2 2 2
left_child=3 2 10 4 7 -4 -5 -1 -8 -6 -2 12 -3
right_child=1 11 5 6 9 -7 8 -9 -10 -11 -12 -13 -14
leaf_value=-0.00047840274977988136 -0.023659077763762415 -0.013454455418000135 -0.017762162024020284 -0.012098734667103853 -0.025089931833622892 0.0037775894654083954 0.0045020561713373826 0.0054909005234333791 0.010213745920523244 -0.015997849693729808 -0.015238117807760208 -0.010061851116548106 -0.01046810419521671
leaf_weight=137.944789044559 7.4187546372413617 24.607862681150436 12.74056091159582 10.653884567320345 5.0153151899576178 393.00492781400681 37.207665987312794 382.19840946793556 268.70999602228403 8.761991932988165 4.8432830050587654 29.72380206733942 15.636997371912001
leaf_count=236 34 137 61 72 24 534 49 361 33 41 23 296 135
internal_value=0 0.000406362 0.00238833 0.00534078 0.00329452 0.00309312 0.0087878 0.00390817 0.00952238 -0.0196077 -0.0206201 -0.0114082 -0.0123497
internal_weight=0 487.976 418.008 850.492 533.921 405.745 316.572 520.143 305.918 13.7773 12.262 69.9687 40.2449
internal_count=2036 1220 652 816 662 595 154 597 82 65 57 568 272
is_linear=0
shrinkage=0.00895904


Tree=165
num_leaves=16
num_cat=0
split_feature=40 56 11 56 101 65 97 41 56 91 54 55 27 85 65
split_gain=93.0957 110.074 71.7804 67.6167 72.9332 49.4359 47.1895 86.5198 63.2317 46.5393 35.8044 26.7123 17.9632 14.4147 1.04913
threshold=36.650000000000013 0.40588235294117653 2.5000000000000004 0.36931818181818182 0.23750000000000074 2.5000000000000004 -0.26174999999999921 0.95000000000000007 0.86190476190476206 0.21825396825396823 35.250000000000007 0.25000000000000006 2.5000000000000004 53.500000000000007 7.5000000000000009
decision_type=2 2 2 2 2 2 2 2 2 2 2 2 2 2 2
left_child=2 3 6 4 -2 12 7 -1 -8 11 -11 -3 -4 -5 -7
right_child=1 9 5 13 -6 14 8 -9 -10 10 -12 -13 -14 -15 -16
leaf_value=0.0047540989355538826 -0.010612733771826696 0.0023772563891336627 0.010161684069227343 0.011118796623097831 0.0031295804375597964 -0.01849513789579868 0.0080172377134269338 -0.0079751054451753303 -0.016901493622799676 0.00946033000662873 -0.012190478679542047 -0.013069170037938102 -0.0084486716778044476 0.0030287617731397177 -0.013501179819637849
leaf_weight=445.62474227696657 42.782080195844173 10.185677267611025 12.151537567377092 67.765476398169994 111.04281625151634 10.536341093480589 438.2091428861022 47.242211610078812 8.1549821421504003 18.311150774359707 8.981547608971594 72.713001348078251 6.1079684197902671 24.147192500531673 10.620436526834963
leaf_count=459 178 22 6 8 201 46 255 149 42 14 62 480 17 38 59
internal_value=0 -0.000402909 0.0049473 0.00293331 -0.000700761 -0.00687249 0.00544466 0.00353131 0.00755488 -0.00783539 0.00229935 -0.0111699 0.0039121 0.00900434 -0.0161328
internal_weight=0 355.929 978.647 245.738 153.825 39.4163 939.231 492.867 446.364 110.191 27.2927 82.8987 18.2595 91.9127 21.1568
internal_count=2036 1003 1033 425 379 128 905 608 297 578 76 502 23 46 105
is_linear=0
shrinkage=0.00895904


Tree=166
num_leaves=15
num_cat=0
split_feature=73 55 68 64 99 74 64 81 98 86 64 64 36 56
split_gain=92.3766 117.574 80.3385 92.2757 67.3578 66.0869 48.5338 95.1334 74.4561 28.6139 18.1573 3.29632 1.71084 0.598218
threshold=36.95000000000001 0.75000000000000011 1322.0000000000002 51.850000000000001 1.0654499999999987 1.5500000000000003 37.300000000000004 0.65000000000000002 1.4296500000000025 -427.99999999999994 2.9500000000000006 35.95000000000001 -1.0000000180025095e-35 0.25833333333333336
decision_type=2 2 2 2 2 2 2 2 2 2 2 2 2 2
left_child=2 5 3 4 -1 13 8 -8 -4 -7 -3 -12 -5 -2
right_child=1 10 6 12 -6 9 7 -9 -10 -11 11 -13 -14 -15
leaf_value=0.00034272862914874129 -0.018435387674834072 0.0031812905270050314 0.0045296767974806083 -0.019829011300452493 0.0078672961393969048 -0.0098077107670341088 0.0095670047534740944 -0.012871816006179886 -0.021928809695976017 0.0087883204650282352 -0.01520900774725009 -0.010796281754231649 -0.011767004729257072 -0.012805565730421783
leaf_weight=312.32938881963491 5.608879588544367 5.8125561177730551 322.23260888457298 2.6093880534172049 137.36113074421883 7.2010132372379294 345.32418268173933 15.700032800436018 8.5814334601163846 67.788823813199997 34.236765474081039 27.498212911188602 32.09845919907093 6.0800957754254341
leaf_count=543 26 9 350 14 85 30 104 107 39 41 168 245 242 33
internal_value=0 -0.00301663 0.00435458 0.00155546 0.00264358 0.0038865 0.00631342 0.00858483 0.00383098 0.00698189 -0.0118612 -0.0132833 -0.0124792 -0.0157624
internal_weight=0 154.226 1176.24 484.398 449.691 86.6788 691.838 361.024 330.814 74.9898 67.5475 61.735 34.7078 11.689
internal_count=2036 552 1484 884 628 130 600 211 389 71 422 413 256 59
is_linear=0
shrinkage=0.00895904


Tree=167
num_leaves=16
num_cat=0
split_feature=61 56 64 64 2 78 28 84 64 72 105 25 64 64 91
split_gain=91.4954 81.4343 187.967 92.6946 84.4327 68.8608 68.7256 61.3422 31.5368 35.4524 12.3893 12.1063 4.23138 2.40748 2.16862
threshold=0.033908045977011456 0.41421568627450983 23.650000000000002 19.450000000000003 6.5000000000000009 75.000000000000014 1.0000000180025095e-35 0.55000000000000016 5.4500000000000011 8.5000000000000018 1.0000000180025095e-35 1.0000000180025095e-35 10.950000000000001 51.150000000000013 -0.25833333333333325
decision_type=2 2 2 2 2 2 2 2 2 2 2 2 2 2 2
left_child=7 3 6 5 -5 -2 -3 8 9 -1 14 -12 -10 -4 -9
right_child=1 2 13 4 -6 -7 -8 10 12 -11 11 -13 -14 -15 -16
leaf_value=-0.020854336891763098 -0.00043824211851388424 0.0046241557458170128 -0.014890626160422187 0.008198864512067524 -0.017436067615799782 0.0096885290363731471 -0.019727723793993093 0.011856531313594735 -0.019208780135227057 0.0079790756265540816 -0.017936138927656067 0.0090931270985067977 -0.011699802853176015 -0.011234691709182718 0.0061174030372216229
leaf_weight=4.351939499378207 253.55939202010632 259.15181301534176 30.571666322648525 559.91433341801167 10.33211489766836 68.245912283658981 9.4611680358648282 11.81745004653931 7.5461691468954077 13.687304094433783 2.8277448862791053 2.2155157476663589 44.363302037119865 37.232723765075207 10.957318611443043
leaf_count=19 435 315 156 298 52 27 41 2 33 13 12 2 319 299 13
internal_value=0 0.00414339 0.000386864 0.00555966 0.00772866 0.00171378 0.0037529 -0.00485494 -0.0093234 0.00087589 0.00636718 -0.0061597 -0.0128584 -0.0129207 0.00917031
internal_weight=0 1228.47 336.417 892.052 570.246 321.805 268.613 97.7667 69.9487 18.0392 27.818 5.04326 51.9095 67.8044 22.7748
internal_count=2036 1623 811 812 350 462 356 413 384 32 29 14 352 455 15
is_linear=0
shrinkage=0.00895904


Tree=168
num_leaves=15
num_cat=0
split_feature=73 55 68 64 67 74 64 81 98 86 64 64 36 56
split_gain=90.3378 115.492 79.0862 90.3922 67.2228 65.0381 48.1999 93.3396 72.8309 28.1423 17.9996 3.18421 1.67262 0.568999
threshold=36.95000000000001 0.75000000000000011 1322.0000000000002 51.850000000000001 1504.0000000000002 1.5500000000000003 37.300000000000004 0.65000000000000002 1.4296500000000025 -427.99999999999994 2.9500000000000006 35.95000000000001 -1.0000000180025095e-35 0.25833333333333336
decision_type=2 2 2 2 2 2 2 2 2 2 2 2 2 2
left_child=2 5 3 4 -1 13 8 -8 -4 -7 -3 -12 -5 -2
right_child=1 10 6 12 -6 9 7 -9 -10 -11 11 -13 -14 -15
leaf_value=0.003552017318710902 -0.018310863201080507 0.0031690611997193174 0.0044796211453628273 -0.019719300167330957 -0.010045813756244616 -0.0097273453315033336 0.009519134925345259 -0.012821717123451331 -0.021674822963762001 0.0087346568143866661 -0.015134170959035506 -0.010769943592766699 -0.01172916242618839 -0.012753285275728672
leaf_weight=416.83703926205635 5.599413260817526 5.8061622381210318 320.88187415152788 2.6071536242961875 31.192470356822014 7.1887281388044348 341.48689579963684 15.538340665400026 8.5918644070625287 67.345029294490814 34.055302247405052 27.155092060565948 31.730943605303764 6.0366679579019547
leaf_count=531 26 9 350 14 97 30 104 107 39 41 168 245 242 33
internal_value=0 -0.00300696 0.00430693 0.00152591 0.00260138 0.00385112 0.00626001 0.00854041 0.00378532 0.00693336 -0.0118112 -0.013238 -0.0124424 -0.0156826
internal_weight=0 153.186 1168.87 482.368 448.03 86.1698 686.499 357.025 329.474 74.5338 67.0166 61.2104 34.3381 11.6361
internal_count=2036 552 1484 884 628 130 600 211 389 71 422 413 256 59
is_linear=0
shrinkage=0.00895904


Tree=169
num_leaves=16
num_cat=0
split_feature=61 56 64 64 2 78 28 84 64 72 105 25 64 64 91
split_gain=89.408 79.5678 184.312 91.6576 82.9536 68.1154 67.4892 60.2216 31.1677 34.7767 12.2291 11.8866 4.05957 2.3258 2.16331
threshold=0.033908045977011456 0.41421568627450983 23.650000000000002 19.450000000000003 6.5000000000000009 75.000000000000014 1.0000000180025095e-35 0.55000000000000016 5.4500000000000011 8.5000000000000018 1.0000000180025095e-35 1.0000000180025095e-35 10.950000000000001 51.150000000000013 -0.25833333333333325
decision_type=2 2 2 2 2 2 2 2 2 2 2 2 2 2 2
left_child=7 3 6 5 -5 -2 -3 8 9 -1 14 -12 -10 -4 -9
right_child=1 2 13 4 -6 -7 -8 10 12 -11 11 -13 -14 -15 -16
leaf_value=-0.020616305049267241 -0.00045890902052092358 0.0045732991095544613 -0.014814326485907994 0.0081441958602317156 -0.017326227624549089 0.0096415658403217093 -0.019555035167265322 0.011807640588077012 -0.019040648991097097 0.0079287620157428209 -0.017796938527790181 0.009025188771415513 -0.011666873754881556 -0.011197833873433876 0.0060623577126750648
leaf_weight=4.362401798367503 253.17951826751232 258.27819319069386 30.396090589463711 554.63937437534332 10.282728001475332 67.781242325901985 9.465251073241232 11.726604461669925 7.5418712347745887 13.638326048851011 2.8264557272195807 2.2040565013885498 43.88871705532074 36.759958244860172 10.918717786669731
leaf_count=19 435 315 156 298 52 27 41 2 33 13 12 2 319 299 13
internal_value=0 0.00409715 0.000376751 0.0055032 0.00767483 0.00167854 0.00370687 -0.00482789 -0.0092754 0.000865605 0.00631601 -0.00614099 -0.0128152 -0.0128725 0.00911249
internal_weight=0 1220.78 334.899 885.883 564.922 320.961 267.743 97.1072 69.4313 18.0007 27.6758 5.03051 51.4306 67.156 22.6453
internal_count=2036 1623 811 812 350 462 356 413 384 32 29 14 352 455 15
is_linear=0
shrinkage=0.00895904


Tree=170
num_leaves=16
num_cat=0
split_feature=40 56 3 56 101 31 91 64 81 64 39 54 55 87 85
split_gain=88.6315 104.983 69.083 65.6464 70.621 61.7637 45.2856 45.2515 120.803 54.0552 44.9736 34.6159 26.1411 17.8446 14.225
threshold=36.650000000000013 0.40588235294117653 68.500000000000014 0.36931818181818182 0.23750000000000074 1.0000000180025095e-35 0.21825396825396823 44.000000000000007 0.55000000000000016 38.000000000000007 5.5000000000000009 35.250000000000007 0.25000000000000006 7.5000000000000009 53.500000000000007
decision_type=2 2 2 2 2 2 2 2 2 2 2 2 2 2 2
left_child=2 3 7 4 -2 13 12 9 -9 -1 -7 -8 -3 -4 -5
right_child=1 6 5 14 -6 10 11 8 -10 -11 -12 -13 -14 -15 -16
leaf_value=0.0042464539387509466 -0.010509272257180291 0.0023338330167607998 0.01079603138688621 0.011027840610462414 0.0030520879049395415 0.0052325202215495557 0.009357511057767989 0.0094318017946322819 -0.013139203671032053 -0.021356791843336772 -0.014980370622138989 -0.012133970027131855 -0.013012486981708388 -0.018823486327519654 0.0029290039177360641
leaf_weight=535.90146096795797 42.623745433986187 10.117535673081873 1.660487294197085 66.171291321516037 109.83747079968452 48.067273944616318 18.088214747607712 321.21003184467554 20.066256619989872 6.5142819583415976 10.625398978590963 8.7787506952881795 71.12954081594944 19.103688046336174 23.841727890074253
leaf_count=580 178 22 1 8 201 60 14 95 126 29 56 62 480 86 38
internal_value=0 -0.000437992 0.00482254 0.00283565 -0.000747561 -0.00317286 -0.00777222 0.005542 0.00809799 0.0039315 0.00153611 0.00229822 -0.0111002 -0.0163768 0.00889372
internal_weight=0 350.588 963.149 242.474 152.461 79.4568 108.114 883.692 341.276 542.416 58.6927 26.867 81.2471 20.7642 90.013
internal_count=2036 1003 1033 425 379 203 578 830 221 609 116 76 502 87 46
is_linear=0
shrinkage=0.00895904


Tree=171
num_leaves=15
num_cat=0
split_feature=59 90 68 64 73 101 52 104 100 15 64 64 86 47
split_gain=87.5926 64.242 60.4843 93.8938 72.7691 63.6464 58.9473 58.8703 50.4522 39.1239 32.9166 1.30385 1.01477 0.345167
threshold=250.00000000000003 -0.27922077922077915 1322.0000000000002 51.850000000000001 36.650000000000013 0.23750000000000074 75.000000000000014 -5.4999999999999991 -1.5545500000000023 1.5000000000000002 2.6500000000000008 106.05000000000001 -1111.4999999999998 35.45000000000001
decision_type=2 2 2 2 2 2 2 2 2 2 2 2 2 2
left_child=2 9 3 5 6 -1 -4 -3 -6 12 -9 -5 -2 -11
right_child=1 7 4 11 8 -7 -8 10 -10 13 -12 -13 -14 -15
leaf_value=1.3086769836550603e-05 0.011610754905614178 0.010940246527107917 0.0071202471681831624 -0.01447899121171619 0.00917889521745913 0.0067659027025636399 -0.015295207156191691 0.0090280907005920938 -0.01221966765151164 -0.018227525381577816 -0.010216992368422998 -0.010171019354128293 0.0082727514979232808 -0.011353038786939501
leaf_weight=262.1708866506815 19.410040855407715 13.694505691528319 612.94912867993116 20.300724685192112 12.695952758193014 195.43528300523758 9.3893929198384267 7.5784554928541175 28.118849776685238 1.5873399600386608 92.994539715349674 11.398026943206785 16.78793490678072 4.8924270868301392
leaf_count=452 2 1 391 111 6 155 43 9 132 8 568 106 17 35
internal_value=0 -0.00287686 0.00425449 0.001864 0.00601723 0.00289876 0.00677742 -0.0063776 -0.00555107 0.00648232 -0.00875221 -0.013001 0.0101149 -0.0135152
internal_weight=0 156.945 1152.46 489.305 663.153 457.606 622.339 114.268 40.8148 42.6777 100.573 31.6988 36.198 6.47977
internal_count=2036 640 1396 824 572 607 434 578 138 62 577 217 19 43
is_linear=0
shrinkage=0.00895904


Tree=172
num_leaves=16
num_cat=0
split_feature=61 56 64 64 2 78 28 84 64 72 105 25 64 64 91
split_gain=87.0192 76.6123 179.078 90.4607 80.9193 66.9838 66.0734 58.8788 30.5194 34.1162 12.0689 11.6366 3.89954 2.22735 2.15076
threshold=0.033908045977011456 0.41421568627450983 23.650000000000002 19.450000000000003 6.5000000000000009 75.000000000000014 1.0000000180025095e-35 0.55000000000000016 5.4500000000000011 8.5000000000000018 1.0000000180025095e-35 1.0000000180025095e-35 10.950000000000001 51.150000000000013 -0.25833333333333325
decision_type=2 2 2 2 2 2 2 2 2 2 2 2 2 2 2
left_child=7 3 6 5 -5 -2 -3 8 9 -1 14 -12 -10 -4 -9
right_child=1 2 13 4 -6 -7 -8 10 12 -11 11 -13 -14 -15 -16
leaf_value=-0.020450390342925989 -0.00049760758243203094 0.004508969062879592 -0.014712468247149104 0.0080675403406280134 -0.017159956161831809 0.0095656185194718957 -0.019384468061356935 0.011737580385664071 -0.018885828020054108 0.0078507175747948733 -0.017674369617266466 0.0089287712532384982 -0.01163271189050526 -0.011139217258541636 0.0059907132555321796
leaf_weight=4.3606412559747723 252.44271402060986 256.85366731882095 30.107580028474331 547.021717838943 10.225277081131933 67.031371608376503 9.4508279561996442 11.593527317047123 7.5229886919260016 13.542695581912993 2.822904258966445 2.18631611764431 43.28086730837822 36.022988848388195 10.876646399497986
leaf_count=19 435 315 156 298 52 27 41 2 33 13 12 2 319 299 13
internal_value=0 0.004032 0.000369356 0.00542039 0.00759885 0.00161823 0.00364762 -0.00481496 -0.00924092 0.000812869 0.00623792 -0.0061578 -0.0127741 -0.0128041 0.0090309
internal_weight=0 1209.16 332.435 876.721 557.247 319.474 266.304 96.1866 68.7072 17.9033 27.4794 5.00922 50.8039 66.1306 22.4702
internal_count=2036 1623 811 812 350 462 356 413 384 32 29 14 352 455 15
is_linear=0
shrinkage=0.00895904


Tree=173
num_leaves=16
num_cat=0
split_feature=40 56 11 56 101 65 97 41 61 91 54 55 27 85 65
split_gain=86.0249 101.583 67.499 64.2398 68.8338 47.7591 46.9827 82.2063 60.6846 44.567 33.8991 25.7268 17.455 14.1596 1.05717
threshold=36.650000000000013 0.40588235294117653 2.5000000000000004 0.36931818181818182 0.23750000000000074 2.5000000000000004 -0.26174999999999921 0.95000000000000007 0.089220563847429463 0.21825396825396823 35.250000000000007 0.25000000000000006 2.5000000000000004 53.500000000000007 7.5000000000000009
decision_type=2 2 2 2 2 2 2 2 2 2 2 2 2 2 2
left_child=2 3 6 4 -2 12 7 -1 -8 11 -11 -3 -4 -5 -7
right_child=1 9 5 13 -6 14 8 -9 -10 10 -12 -13 -14 -15 -16
leaf_value=0.0045281502661464346 -0.010414769592876634 0.0022927207709239235 0.010072171882820889 0.010968937872667457 0.0029964973987594104 -0.018324203797464269 -0.0077573458188250231 -0.0079459636292316671 0.0081210655429649805 0.0093035477797398583 -0.012093827113087983 -0.012967686148570825 -0.0083077721750333816 0.0028429655410603769 -0.013298064820031917
leaf_weight=434.82344170659781 42.526077628135681 10.08381053060293 11.998216137290003 65.120497524738312 109.16122782975435 10.474780090153219 20.118556745350361 46.808055743575096 413.32595351338387 17.964112758636478 8.6475062593817693 70.115557007491589 6.112225428223609 23.606574267148972 10.351287558674811
leaf_count=459 178 22 6 8 201 46 78 149 219 14 62 480 17 38 59
internal_value=0 -0.000458355 0.00474919 0.0027716 -0.000771647 -0.00677939 0.00524107 0.00331311 0.00738091 -0.00772062 0.00231289 -0.0110478 0.00384579 0.00881798 -0.015971
internal_weight=0 347.225 954.013 240.414 151.687 38.9365 915.076 481.631 433.445 106.811 26.6116 80.1994 18.1104 88.7271 20.8261
internal_count=2036 1003 1033 425 379 128 905 608 297 578 76 502 23 46 105
is_linear=0
shrinkage=0.00895904


Tree=174
num_leaves=15
num_cat=0
split_feature=73 55 68 64 67 74 64 81 98 86 64 64 36 56
split_gain=84.9858 110.663 75.7544 85.5508 65.1743 63.199 47.733 89.4441 70.1222 27.3073 18.0491 3.03514 1.63451 0.545883
threshold=36.95000000000001 0.75000000000000011 1322.0000000000002 51.850000000000001 1504.0000000000002 1.5500000000000003 37.300000000000004 0.65000000000000002 1.4296500000000025 -427.99999999999994 2.9500000000000006 35.95000000000001 -1.0000000180025095e-35 0.25833333333333336
decision_type=2 2 2 2 2 2 2 2 2 2 2 2 2 2
left_child=2 5 3 4 -1 13 8 -8 -4 -7 -3 -12 -5 -2
right_child=1 10 6 12 -6 9 7 -9 -10 -11 11 -13 -14 -15
leaf_value=0.0034250983557627436 -0.018187134478872057 0.0032596496227236108 0.0043299517383736143 -0.019544345420748031 -0.010006319200343517 -0.0096450124766919044 0.0094013847526681939 -0.012725850480148423 -0.021361302279101935 0.0086342561664867548 -0.015023692312479754 -0.010698365225639129 -0.011634647397403924 -0.012669621720097606
leaf_weight=411.3543758019805 5.5648435503244382 5.8185351043939582 316.437908411026 2.6122479438781729 31.010571122169495 7.1193154528737059 330.88499990105629 15.180489383637903 8.5755599588155729 66.193495199084282 33.597344420850277 26.211302764713764 30.728706173598766 5.9296519458293915
leaf_count=531 26 9 350 14 97 30 104 107 39 41 168 245 242 33
internal_value=0 -0.00298836 0.00417047 0.00143468 0.00247956 0.00376904 0.00610879 0.00842419 0.00363984 0.00683838 -0.0117065 -0.0131687 -0.0123631 -0.0155969
internal_weight=0 150.434 1146.78 475.706 442.365 84.8073 671.079 346.065 325.013 73.3128 65.6272 59.8086 33.341 11.4945
internal_count=2036 552 1484 884 628 130 600 211 389 71 422 413 256 59
is_linear=0
shrinkage=0.00895904


Tree=175
num_leaves=16
num_cat=0
split_feature=61 56 64 64 2 78 28 84 64 72 105 25 64 91 64
split_gain=84.148 74.0074 174.404 89.2694 79.3266 66.2403 64.5806 57.545 30.1732 33.3587 11.8045 11.458 3.70618 2.13514 2.12634
threshold=0.033908045977011456 0.41421568627450983 23.650000000000002 19.450000000000003 6.5000000000000009 75.000000000000014 1.0000000180025095e-35 0.55000000000000016 5.4500000000000011 8.5000000000000018 1.0000000180025095e-35 1.0000000180025095e-35 10.950000000000001 -0.25833333333333325 51.150000000000013
decision_type=2 2 2 2 2 2 2 2 2 2 2 2 2 2 2
left_child=7 3 6 5 -5 -2 -3 8 9 -1 13 -12 -10 -9 -4
right_child=1 2 14 4 -6 -7 -8 10 12 -11 11 -13 -14 -15 -16
leaf_value=-0.020174832182859148 -0.00054376942243604929 0.0044425525677273718 -0.01462310467689455 0.0079921510233703762 -0.017055457128996677 0.009504440803902621 -0.019197248271289186 0.011677745404358621 -0.018694934209635923 0.0078077810856164494 -0.017505917343277749 0.0089137715701560986 -0.011595401043893831 0.0059312562855538811 -0.011098396858684495
leaf_weight=4.3678456395864513 251.60758566856384 255.4067474603653 29.831911265850067 539.61814453452826 10.169043913483618 66.39765702188015 9.437739431858061 11.476815223693851 7.5064702928066245 13.487521126866339 2.8202423006296149 2.1807017624378204 42.658617243170738 10.813736379146576 35.373117715120316
leaf_count=19 435 315 156 298 52 27 41 2 33 13 12 2 319 13 299
internal_value=0 0.00396512 0.000353813 0.00533822 0.00752305 0.00155863 0.0035868 -0.00477449 -0.00917698 0.000819936 0.00618485 -0.00607736 -0.0127252 0.0089652 -0.0127494
internal_weight=0 1197.84 330.05 867.792 549.787 318.005 264.844 95.3119 68.0205 17.8554 27.2915 5.00094 50.1651 22.2906 65.205
internal_count=2036 1623 811 812 350 462 356 413 384 32 29 14 352 15 455
is_linear=0
shrinkage=0.00895904


Tree=176
num_leaves=15
num_cat=0
split_feature=59 90 68 64 73 101 52 104 100 15 10 36 86 47
split_gain=83.3615 62.1953 58.2237 89.9077 70.2055 62.0634 57.0362 56.5186 48.3075 37.9185 32.647 1.26218 0.992451 0.337878
threshold=250.00000000000003 -0.27922077922077915 1322.0000000000002 51.850000000000001 36.650000000000013 0.23750000000000074 75.000000000000014 -5.4999999999999991 -1.5545500000000023 1.5000000000000002 1.0000000180025095e-35 -1.0000000180025095e-35 -1111.4999999999998 35.45000000000001
decision_type=2 2 2 2 2 2 2 2 2 2 2 2 2 2
left_child=2 9 3 5 6 -1 -4 -3 -6 12 -9 -5 -2 -11
right_child=1 7 4 11 8 -7 -8 10 -10 13 -12 -13 -14 -15
leaf_value=-5.4346109342791262e-05 0.011521848829181579 0.010850898774335963 0.006988743854174354 -0.019439377203559413 0.0090710846015600467 0.0066509021079581851 -0.015146264618610381 -0.010889437915226249 -0.012081135848448074 -0.018116066544006233 0.0032340600973394 -0.012200774131944425 0.0081896520233525876 -0.011262847156652274
leaf_weight=260.36443743854761 19.049444675445557 13.346756935119627 601.22354620695114 2.6094770431518581 12.381751656532286 192.67086551338434 9.3167656511068326 83.566481858491898 27.827677790075541 1.5798384770750988 15.487613283097742 28.392651379108429 16.500677034258842 4.7791005522012711
leaf_count=452 2 1 391 14 6 155 43 540 132 8 37 203 17 35
internal_value=0 -0.00287443 0.00414101 0.00178694 0.00589093 0.00279888 0.00664629 -0.00634523 -0.00555504 0.00642034 -0.00867896 -0.0129263 0.010028 -0.0134486
internal_weight=0 154.31 1134.79 484.037 650.75 453.035 610.54 112.401 40.2094 41.9091 99.0541 31.0021 35.5501 6.35894
internal_count=2036 640 1396 824 572 607 434 578 138 62 577 217 19 43
is_linear=0
shrinkage=0.00895904


Tree=177
num_leaves=16
num_cat=0
split_feature=40 56 3 56 101 31 64 81 64 91 39 54 106 87 85
split_gain=82.5542 97.926 65.5734 62.5384 66.8787 60.2231 45.3129 114.606 52.1105 43.5283 43.3583 32.921 25.2811 17.2526 14.0495
threshold=36.650000000000013 0.40588235294117653 68.500000000000014 0.36931818181818182 0.23750000000000074 1.0000000180025095e-35 44.000000000000007 0.55000000000000016 38.000000000000007 0.21825396825396823 5.5000000000000009 35.250000000000007 0.45000000000000007 7.5000000000000009 53.500000000000007
decision_type=2 2 2 2 2 2 2 2 2 2 2 2 2 2 2
left_child=2 3 6 4 -2 13 8 -8 -1 12 -7 -11 -3 -4 -5
right_child=1 9 5 14 -6 10 7 -9 -10 11 -12 -13 -14 -15 -16
leaf_value=0.0040632009572893731 -0.010313164712644322 -0.012833985048081441 0.010688546283502737 0.010900779625061091 0.0029409577543832812 0.0051515709605574689 0.0093031965522752599 -0.012986440330810253 -0.021115333293820891 0.0092127866253156193 -0.014863690539449755 -0.012042493942156797 0.0028835883775902285 -0.018643349658890921 0.0027495889212091123
leaf_weight=527.42689523845911 42.358138501644135 69.667584124952555 1.6339322328567529 63.861719213426113 108.22890827804804 47.544089242815971 310.11665653437376 19.525307968258858 6.4937764555215827 17.772129155695442 10.429574303328989 8.4853035509586316 9.2345358133316022 19.003532007336617 23.317598879337311
leaf_count=580 178 485 1 8 201 60 95 126 29 14 56 62 17 86 38
internal_value=0 -0.000482083 0.00465121 0.00270187 -0.00079547 -0.00317606 0.00536431 0.0079761 0.00374947 -0.00767304 0.00151334 0.00230569 -0.0109916 -0.0162431 0.00873166
internal_weight=0 342.926 942.174 237.766 150.587 78.6111 863.563 329.642 533.921 105.16 57.9737 26.2574 78.9021 20.6375 87.1793
internal_count=2036 1003 1033 425 379 203 830 221 609 578 116 76 502 87 46
is_linear=0
shrinkage=0.00895904


Tree=178
num_leaves=16
num_cat=0
split_feature=61 56 64 64 2 78 28 84 64 72 105 25 64 91 64
split_gain=81.9215 71.3114 169.509 88.0139 77.4411 65.0974 63.2069 56.2929 29.5812 32.7227 11.6527 11.2206 3.56304 2.12136 2.03658
threshold=0.033908045977011456 0.41421568627450983 23.650000000000002 19.450000000000003 6.5000000000000009 75.000000000000014 1.0000000180025095e-35 0.55000000000000016 5.4500000000000011 8.5000000000000018 1.0000000180025095e-35 1.0000000180025095e-35 10.950000000000001 -0.25833333333333325 51.150000000000013
decision_type=2 2 2 2 2 2 2 2 2 2 2 2 2 2 2
left_child=7 3 6 5 -5 -2 -3 8 9 -1 13 -12 -10 -9 -4
right_child=1 2 14 4 -6 -7 -8 10 12 -11 11 -13 -14 -15 -16
leaf_value=-0.020013209072814182 -0.00057688934544240886 0.0043789679328084651 -0.01452920992550703 0.0079175231149183137 -0.016901686386556817 0.0094311387560644909 -0.019031919468770891 0.011611725944680013 -0.01855239218938283 0.0077357119531671322 -0.017390046642893356 0.0088200132141418447 -0.011564384961848822 0.0058649359035362943 -0.011045059674055595
leaf_weight=4.3635546416044262 250.91197323799133 253.96289111673832 29.536454074084759 532.2043104544282 10.111479997634886 65.659969300031662 9.4193852096796018 11.344962596893314 7.4850636273622504 13.390929162502287 2.8157382756471625 2.1631621271371841 42.071507126092911 10.772265411913395 34.655944518744946
leaf_count=19 435 315 156 298 52 27 41 2 33 13 12 2 319 13 299
internal_value=0 0.00390211 0.000345185 0.0052583 0.00744893 0.00150325 0.00352842 -0.00476224 -0.0091445 0.000773822 0.00611097 -0.00609356 -0.0126876 0.00888807 -0.012687
internal_weight=0 1186.46 327.575 858.888 542.316 316.572 263.382 94.4072 67.3111 17.7545 27.0961 4.9789 49.5566 22.1172 64.1924
internal_count=2036 1623 811 812 350 462 356 413 384 32 29 14 352 15 455
is_linear=0
shrinkage=0.00895904


Tree=179
num_leaves=16
num_cat=0
split_feature=40 56 11 93 102 97 41 56 65 91 65 54 55 27 65
split_gain=80.8589 95.6502 64.4202 61.6844 60.9898 46.772 78.9597 59.1425 46.401 42.8326 35.5316 32.3683 25.0712 17.0361 1.04063
threshold=36.650000000000013 0.40588235294117653 2.5000000000000004 -0.069047619047618983 0.23289818051745848 -0.26174999999999921 0.95000000000000007 0.86190476190476206 2.5000000000000004 0.21825396825396823 2.5000000000000004 35.250000000000007 0.25000000000000006 2.5000000000000004 7.5000000000000009
decision_type=2 2 2 2 2 2 2 2 2 2 2 2 2 2 2
left_child=2 3 5 10 -5 6 -1 -7 13 12 -2 -11 -3 -4 -10
right_child=1 9 8 4 -6 7 -8 -9 14 11 -12 -13 -14 -15 -16
leaf_value=0.0043616512377960132 0.0051989050400540115 0.0022623967206575357 0.0099950665402547042 0.0057102536725481441 -0.011006378837647801 0.0077169051809841752 -0.0079117478435642569 -0.016716678084658466 -0.018170838621546715 0.0091548779200687092 -0.018132501427060597 -0.012014601582364037 -0.012885900146628443 -0.0081953009284059658 -0.01315348351657583
leaf_weight=427.03338304907084 7.5131438970565823 9.9976966306567174 11.86315266788006 193.40855769813061 19.083060532808304 416.06546695530415 46.49134872853756 7.9318306595087043 10.425368227064611 17.667225643992428 16.581463165581226 8.3966229632496816 68.146964065730572 6.1145108491182318 10.141677081584929
leaf_count=459 9 22 6 224 95 255 149 42 46 14 97 62 480 17 59
internal_value=0 -0.000492497 0.00460385 0.0026576 0.00420034 0.00509123 0.00315387 0.00725243 -0.00671332 -0.00763618 -0.0108728 0.00229629 -0.0109468 0.00378585 -0.015842
internal_weight=0 340.795 936.067 236.586 212.492 897.522 473.525 423.997 38.5447 104.209 24.0946 26.0638 78.1447 17.9777 20.567
internal_count=2036 1003 1033 425 319 905 608 297 128 578 106 76 502 23 105
is_linear=0
shrinkage=0.00895904


Tree=180
num_leaves=15
num_cat=0
split_feature=73 55 68 64 99 74 64 81 98 86 64 64 36 56
split_gain=80.2034 106.113 72.4465 81.0751 63.4298 61.3033 47.4407 85.5159 67.6601 26.4552 17.9893 2.89419 1.57483 0.524821
threshold=36.95000000000001 0.75000000000000011 1322.0000000000002 51.850000000000001 1.0654499999999987 1.5500000000000003 37.300000000000004 0.65000000000000002 1.4296500000000025 -427.99999999999994 2.9500000000000006 35.95000000000001 -1.0000000180025095e-35 0.25833333333333336
decision_type=2 2 2 2 2 2 2 2 2 2 2 2 2 2
left_child=2 5 3 4 -1 13 8 -8 -4 -7 -3 -12 -5 -2
right_child=1 10 6 12 -6 9 7 -9 -10 -11 11 -13 -14 -15
leaf_value=0.00012690038389639142 -0.018054804690197417 0.003317365485001977 0.0041798656882087552 -0.019343810272658586 0.0075688750619213241 -0.0095602489269508394 0.0092894766086686221 -0.012623132251277756 -0.021096137492829667 0.0085265474551139957 -0.014923158409609725 -0.010634546961108788 -0.011551175782019286 -0.012573540067291375
leaf_weight=305.56879319250584 5.5371893644332868 5.8116656094789496 311.96622570604086 2.6125432252883902 131.29718821495771 7.0484779700636855 320.69071842730045 14.799330495297907 8.5504754632711393 65.032339528203011 33.142929330468178 25.297281630337238 29.744583927094936 5.8114518672227859
leaf_count=543 26 9 350 14 85 30 104 107 39 41 168 245 242 33
internal_value=0 -0.00297982 0.0040393 0.00135054 0.00236592 0.00368263 0.00596151 0.00831614 0.00349331 0.00673697 -0.0116164 -0.0131079 -0.0122911 -0.015505
internal_weight=0 147.681 1125.23 469.223 436.866 83.4295 656.007 335.49 320.517 72.0808 64.2519 58.4402 32.3571 11.3486
internal_count=2036 552 1484 884 628 130 600 211 389 71 422 413 256 59
is_linear=0
shrinkage=0.00895904


Tree=181
num_leaves=16
num_cat=0
split_feature=61 56 64 64 2 78 54 84 64 72 105 25 64 91 64
split_gain=79.4514 68.5939 165.231 87.1236 75.9315 64.2083 62.0449 55.0449 29.1993 32.0941 11.5218 10.9998 3.41153 2.11696 1.93872
threshold=0.033908045977011456 0.41421568627450983 23.650000000000002 19.450000000000003 6.5000000000000009 75.000000000000014 36.95000000000001 0.55000000000000016 5.4500000000000011 8.5000000000000018 1.0000000180025095e-35 1.0000000180025095e-35 10.950000000000001 -0.25833333333333325 51.150000000000013
decision_type=2 2 2 2 2 2 2 2 2 2 2 2 2 2 2
left_child=7 3 6 5 -5 -2 -3 8 9 -1 13 -12 -10 -9 -4
right_child=1 2 14 4 -6 -7 -8 10 12 -11 11 -13 -14 -15 -16
leaf_value=-0.019808650968649616 -0.00062571957389388646 0.0048795795898328954 -0.014440623678947809 0.0078455492736672176 -0.016806353236406519 0.0093624336581264074 -0.010048447254724502 0.011561517387073996 -0.018397470793255596 0.0076888083526826046 -0.017273034630996269 0.0087499376820490173 -0.011531752083507572 0.0058019599403299309 -0.011006233064153373
leaf_weight=4.3633305281400707 250.05620987713337 237.54208500683308 29.251943252980709 525.06631035357714 10.049681290984152 64.910581588745117 24.486258968710899 11.241613626480106 7.4645010679960242 13.328890651464461 2.8122015446424475 2.1429007202386856 41.482609439641237 10.70660162717104 34.010438814759254
leaf_count=19 435 266 156 298 52 27 90 2 33 13 12 2 319 13 299
internal_value=0 0.00383827 0.000339146 0.00517683 0.00737669 0.00143708 0.00347817 -0.00473378 -0.00909336 0.000766571 0.00605204 -0.006108 -0.0126468 0.0088274 -0.0126334
internal_weight=0 1175.37 325.291 850.083 535.116 314.967 262.028 93.5426 66.6393 17.6922 26.9033 4.9551 48.9471 21.9482 63.2624
internal_count=2036 1623 811 812 350 462 356 413 384 32 29 14 352 15 455
is_linear=0
shrinkage=0.00895904


Tree=182
num_leaves=15
num_cat=0
split_feature=59 90 92 78 104 15 73 31 15 64 87 64 86 47
split_gain=78.3789 59.866 56.1567 75.0507 54.1099 52.3486 66.2037 66.0389 36.5924 32.2446 2.20882 2.01306 0.968369 0.334544
threshold=250.00000000000003 -0.27922077922077915 0.13809523809523808 75.000000000000014 -5.4999999999999991 18.500000000000004 38.050000000000004 1.0000000180025095e-35 1.5000000000000002 2.6500000000000008 12.500000000000002 41.900000000000006 -1111.4999999999998 35.45000000000001
decision_type=2 2 2 2 2 2 2 2 2 2 2 2 2 2
left_child=2 8 5 11 -3 6 -1 -7 12 -6 -5 -4 -2 -10
right_child=1 4 3 10 9 7 -8 -9 13 -11 -12 -13 -14 -15
leaf_value=0.0054095800317875272 0.011427928392204412 0.010760904744109489 -0.019300089998241801 0.010625420484847554 0.0090126663315398519 -0.017047771237596578 -0.0086418835262643389 0.0017014555785608146 -0.018026181351291429 -0.010100149433638468 0.0040095808181842326 -0.011769123527217432 0.0080990342308895989 -0.011164929081364242
leaf_weight=950.44033169746399 18.641863346099854 12.984795570373533 16.504955619573597 8.6115210056304949 7.5447497814893714 18.428747892379761 27.530280210077763 79.126129556447268 1.5684132799506176 89.593466304242611 8.2139693051576597 4.9140566438436499 16.149148851633072 4.6433481648564339
leaf_count=927 2 1 73 2 9 77 113 153 8 568 15 36 17 35
internal_value=0 -0.00286432 0.00400854 -0.00663625 -0.00630275 0.00438819 0.00501239 -0.00186663 0.0063563 -0.00860062 0.0074784 -0.0176929 0.00993615 -0.013388
internal_weight=0 151.126 1113.77 38.2445 110.123 1075.53 977.971 97.5549 41.0028 97.1382 16.8255 21.419 34.791 6.21176
internal_count=2036 640 1396 126 578 1270 1040 230 62 577 17 109 19 43
is_linear=0
shrinkage=0.00895904


Tree=183
num_leaves=16
num_cat=0
split_feature=61 68 64 67 100 84 64 64 72 64 105 0 64 91 36
split_gain=78.0202 67.7141 92.1398 83.5463 79.3937 54.0743 41.9722 28.7379 31.535 19.2591 11.3522 10.8143 3.26886 2.12137 1.58698
threshold=0.033908045977011456 1322.0000000000002 51.850000000000001 1504.0000000000002 1.1836500000000003 0.55000000000000016 37.300000000000004 5.4500000000000011 8.5000000000000018 2.9500000000000006 1.0000000180025095e-35 8.5000000000000018 10.950000000000001 -0.25833333333333325 -1.0000000180025095e-35
decision_type=2 2 2 2 2 2 2 2 2 2 2 2 2 2 2
left_child=5 2 3 -2 6 7 -3 8 -1 -6 13 -12 -9 -7 -4
right_child=1 4 14 -5 9 10 -8 12 -10 -11 11 -13 -14 -15 -16
leaf_value=-0.0196453680363834 0.0034293932636528944 0.0038863887707732167 -0.01967163224847792 -0.011347401022037951 0.011956491892411861 0.011513438154510005 0.0084837310538210097 -0.018249717510385247 0.0076261780486050834 -0.015126038878902312 -0.017142922146068926 0.0087078323747902791 -0.011505683084140834 0.0057331082579083091 -0.011716714518239055
leaf_weight=4.3647745400667217 440.64384533464909 312.15755318105221 2.48465971648693 32.824202239513397 2.2489306926727322 11.14156270027161 326.83332100510597 7.4484366476535788 13.258685931563376 17.444313690066338 2.8109878599643698 2.1285928189754486 41.112268973141909 10.66022664308548 33.883755169808865
leaf_count=19 571 358 13 114 1 2 183 33 13 109 12 2 319 13 274
internal_value=0 0.0037956 0.00134345 0.00240074 0.00569264 -0.00472675 0.00623972 -0.00906375 0.000732099 -0.0119468 0.00599453 -0.0060897 -0.0126082 0.00876259 -0.012361
internal_weight=0 1168.52 509.836 473.468 658.684 92.9255 638.991 66.1842 17.6235 19.6932 26.7414 4.93958 48.5607 21.8018 36.3684
internal_count=2036 1623 972 685 651 413 541 384 32 110 29 14 352 15 287
is_linear=0
shrinkage=0.00895904


Tree=184
num_leaves=14
num_cat=0
split_feature=48 64 75 64 64 67 86 104 68 102 49 64 59
split_gain=77.0676 119.905 77.548 71.6685 85.9222 66.6281 53.1481 44.2523 12.2429 3.14598 1.55714 0.638401 0.524306
threshold=0.8500000000000002 45.000000000000007 0.064583333333333312 46.45000000000001 29.750000000000004 384.00000000000006 -14.499999999999998 -2.4999999999999996 1322.0000000000002 0.097084985834278964 0.62019230769230782 105.00000000000001 250.00000000000003
decision_type=2 2 2 2 2 2 2 2 2 2 2 2 2
left_child=3 2 10 4 7 -4 -5 -1 -8 -6 -2 12 -3
right_child=1 11 5 6 9 -7 8 -9 -10 -11 -12 -13 -14
leaf_value=0.0089674473594233937 -0.02300078900126485 -0.013173896320820408 -0.017580814654675331 -0.011858771067093895 -0.025434572231328452 0.0034372484174290726 0.0041455022689523323 0.0021411216246857738 0.0098753307496729972 -0.015397553790202472 -0.014763229030619949 -0.0099394690048437203 -0.010297735167061709
leaf_weight=93.802145808935165 7.420392230153082 22.355508219450712 12.323285989463328 9.8475414067506772 4.9356162995100012 373.15215826779604 34.632186032831669 404.41362178325653 241.136743247509 8.4673246368765813 4.6948253139853477 27.086005255579948 13.577639795839785
leaf_count=47 34 133 61 72 24 534 49 550 33 41 23 304 131
internal_value=0 0.000229951 0.00205131 0.00483301 0.00282417 0.00275687 0.00842701 0.00342935 0.00915921 -0.0194015 -0.0200898 -0.0112321 -0.0121481
internal_weight=0 460.61 397.591 797.235 511.619 385.475 285.616 498.216 275.769 13.4029 12.1152 63.0192 35.9331
internal_count=2036 1220 652 816 662 595 154 597 82 65 57 568 264
is_linear=0
shrinkage=0.00895904


Tree=185
num_leaves=16
num_cat=0
split_feature=61 68 64 67 100 84 64 64 72 64 105 25 64 91 36
split_gain=76.4685 66.5133 90.1231 81.8894 78.0115 53.142 41.5865 28.3256 30.8934 18.9885 11.2086 10.654 3.15276 2.1037 1.55093
threshold=0.033908045977011456 1322.0000000000002 51.850000000000001 1504.0000000000002 1.1836500000000003 0.55000000000000016 37.300000000000004 5.4500000000000011 8.5000000000000018 2.9500000000000006 1.0000000180025095e-35 1.0000000180025095e-35 10.950000000000001 -0.25833333333333325 -1.0000000180025095e-35
decision_type=2 2 2 2 2 2 2 2 2 2 2 2 2 2 2
left_child=5 2 3 -2 6 7 -3 8 -1 -6 13 -12 -9 -7 -4
right_child=1 4 14 -5 9 10 -8 12 -10 -11 11 -13 -14 -15 -16
leaf_value=-0.019434050576427796 0.0033839720740275734 0.0038428537967520769 -0.019553952681937076 -0.011240722035884318 0.011894254935646055 0.011462649031117095 0.0084353268169887943 -0.01812271617631462 0.007561366629194966 -0.015074829381445656 -0.017033145232501427 0.0086589109575976562 -0.011479844216656298 0.0056889599134985593 -0.011672190355024951
leaf_weight=4.3715705424547222 439.31564956903458 311.06424564123154 2.4830958992242804 32.855064235627651 2.2357006072998074 11.035212755203251 323.2836798876524 7.4392948746681204 13.189127072691916 17.320060685276985 2.8098445385694495 2.1188222169876099 40.684917539358139 10.622056342661381 33.460314072668552
leaf_count=19 571 358 13 114 1 2 183 33 13 109 12 2 319 13 274
internal_value=0 0.00375175 0.0013194 0.00236215 0.00564083 -0.00471477 0.0061852 -0.00903313 0.000702751 -0.0119051 0.00594194 -0.00607319 -0.0125749 0.00870655 -0.012318
internal_weight=0 1162.02 508.114 472.171 653.904 92.2708 634.348 65.6849 17.5607 19.5558 26.5859 4.92867 48.1242 21.6573 35.9434
internal_count=2036 1623 972 685 651 413 541 384 32 110 29 14 352 15 287
is_linear=0
shrinkage=0.00895904


Tree=186
num_leaves=14
num_cat=0
split_feature=48 64 75 64 64 67 86 105 68 102 49 64 59
split_gain=75.506 117.513 76.0569 71.0963 84.4143 65.4945 52.1339 43.977 12.0784 3.01853 1.46931 0.610301 0.49872
threshold=0.8500000000000002 45.000000000000007 0.064583333333333312 46.45000000000001 29.750000000000004 384.00000000000006 -14.499999999999998 1.0000000180025095e-35 1322.0000000000002 0.097084985834278964 0.62019230769230782 105.00000000000001 250.00000000000003
decision_type=2 2 2 2 2 2 2 2 2 2 2 2 2
left_child=3 2 10 4 7 -4 -5 -1 -8 -6 -2 12 -3
right_child=1 11 5 6 9 -7 8 -9 -10 -11 -12 -13 -14
leaf_value=-0.0010154882310479585 -0.022748754571349474 -0.013120523119267129 -0.017486472583044078 -0.011815949360734497 -0.025172473706796011 0.0033918427838330201 0.0041302896533913372 0.005000010497579175 0.0098370809335568393 -0.0153110046780007 -0.014677286319463455 -0.0099225640501574737 -0.010274008518034394
leaf_weight=133.24149646610022 7.4392014741897565 22.164709255099297 12.275412075221537 9.7350094094872457 4.9481475651264182 371.84444714337587 34.481542162597179 363.26922443509102 238.09840770065784 8.4319597110152227 4.6735513955354691 26.720931220799685 13.397680193185804
leaf_count=236 34 133 61 72 24 534 49 361 33 41 23 304 131
internal_value=0 0.000215346 0.00201508 0.00478339 0.00278451 0.00271619 0.00838917 0.0033859 0.00911865 -0.0192632 -0.0199131 -0.0112049 -0.0121095
internal_weight=0 458.516 396.233 792.206 509.891 384.12 282.315 496.511 272.58 13.3801 12.1128 62.2833 35.5624
internal_count=2036 1220 652 816 662 595 154 597 82 65 57 568 264
is_linear=0
shrinkage=0.00895904


Tree=187
num_leaves=15
num_cat=0
split_feature=40 56 19 64 11 97 41 56 65 68 84 74 27 65
split_gain=74.7846 90.6745 64.4284 63.3966 61.806 46.6251 75.464 57.2969 44.9706 24.9253 23.4022 19.7867 16.7987 1.03753
threshold=36.650000000000013 0.51470588235294124 13.500000000000002 41.000000000000007 2.5000000000000004 -0.26174999999999921 0.95000000000000007 0.86190476190476206 2.5000000000000004 1582.5000000000002 0.55000000000000016 5.6500000000000012 2.5000000000000004 7.5000000000000009
decision_type=2 2 2 2 2 2 2 2 2 2 2 2 2 2
left_child=4 2 3 -2 5 6 -1 -7 12 10 -3 -4 -6 -10
right_child=1 9 11 -5 8 7 -8 -9 13 -11 -12 -13 -14 -15
leaf_value=0.0041519230932402082 0.0046110903004221281 -0.01255113118055641 -0.01787577687590812 -0.011267249847516271 0.0098974978004476716 0.0075595568157031338 -0.0079068211933627421 -0.016656505515430731 -0.018087661961166214 0.0064310994318369412 0.0068815450236874741 0.011343203304702801 -0.0082263037255913204 -0.013053865994304052
leaf_weight=417.03351823240519 220.09839910268784 61.383896041661501 15.622683949768543 22.035328313708305 11.687615916132929 404.53810834884644 46.095618136227131 7.8223794624209395 10.379887141287329 7.1832606121897689 5.2906386181712142 1.9759794473648078 6.0977835953235617 9.9471737742423993
leaf_count=459 248 452 91 189 6 255 149 42 46 12 10 1 17 59
internal_value=0 -0.000540495 0.0019514 0.00315823 0.00441523 0.00490175 0.00294889 0.00709261 -0.00672896 -0.0092863 -0.0109935 -0.0145071 0.00366105 -0.0157702
internal_weight=0 333.59 259.732 242.134 913.602 875.49 463.129 412.36 38.1125 73.8578 66.6745 17.5987 17.7854 20.3271
internal_count=2036 1003 529 437 1033 905 608 297 128 474 462 92 23 105
is_linear=0
shrinkage=0.00895904


Tree=188
num_leaves=16
num_cat=0
split_feature=61 68 64 67 100 84 64 64 72 64 105 25 64 91 36
split_gain=74.2181 65.0777 87.4972 80.1875 76.352 52.1471 41.3791 27.9371 30.2707 18.6792 11.1408 10.462 3.02073 2.09589 1.53322
threshold=0.033908045977011456 1322.0000000000002 51.850000000000001 1504.0000000000002 1.1836500000000003 0.55000000000000016 37.300000000000004 5.4500000000000011 8.5000000000000018 2.9500000000000006 1.0000000180025095e-35 1.0000000180025095e-35 10.950000000000001 -0.25833333333333325 -1.0000000180025095e-35
decision_type=2 2 2 2 2 2 2 2 2 2 2 2 2 2 2
left_child=5 2 3 -2 6 7 -3 8 -1 -6 13 -12 -9 -7 -4
right_child=1 4 14 -5 9 10 -8 12 -10 -11 11 -13 -14 -15 -16
leaf_value=-0.019237393732703174 0.0033183584857387717 0.0037722342699652695 -0.019468979213033259 -0.011164915232864964 0.011814983839373525 0.011422581047282714 0.0083773605303512997 -0.017987925576891637 0.0075045122707088413 -0.015036725510623702 -0.016949469248212251 0.0085830939736107822 -0.011457394500235129 0.0056431458544304236 -0.011622201516296714
leaf_weight=4.3709247857332256 436.83129787445068 309.13608129322529 2.4818927794694892 32.813326083123684 2.21838450431824 10.948729991912845 318.46019402891397 7.4187594503164283 13.116377457976339 17.145346909761429 2.8069119751453391 2.0982262343168259 40.116903655230999 10.569580599665642 32.875630155205727
leaf_count=19 571 358 13 114 1 2 183 33 13 109 12 2 319 13 274
internal_value=0 0.00368824 0.00127729 0.00230225 0.00556921 -0.00469011 0.00611088 -0.0089956 0.000683217 -0.0118738 0.00589254 -0.00611125 -0.0125451 0.00865959 -0.0122755
internal_weight=0 1151.96 505.002 469.645 646.96 91.4464 627.596 65.023 17.4873 19.3637 26.4234 4.90514 47.5357 21.5183 35.3575
internal_count=2036 1623 972 685 651 413 541 384 32 110 29 14 352 15 287
is_linear=0
shrinkage=0.00895904


Tree=189
num_leaves=15
num_cat=0
split_feature=73 55 3 74 31 83 64 73 86 64 87 65 64 56
split_gain=73.2375 101.417 68.4321 59.4718 59.3824 51.6508 44.5488 43.1626 25.3223 17.2268 14.5045 3.85691 2.73851 0.457681
threshold=36.95000000000001 0.75000000000000011 68.500000000000014 1.5500000000000003 1.0000000180025095e-35 2.6500000000000008 107.65000000000002 34.850000000000001 -427.99999999999994 2.9500000000000006 7.5000000000000009 8.5000000000000018 35.95000000000001 0.25833333333333336
decision_type=2 2 2 2 2 2 2 2 2 2 2 2 2 2
left_child=2 3 5 13 10 6 -1 -6 -5 -3 -4 -7 -11 -2
right_child=1 9 4 8 7 11 -8 -9 -10 12 -12 -13 -14 -15
leaf_value=0.0049400818076446593 -0.017852445143787598 0.003141399274300224 0.0071575012158831223 -0.0093646528656395594 0.0048858372685746578 -0.022873900594546109 -0.010173584749553115 -0.011629467645714949 0.0084298779204132566 -0.014801307606930802 -0.018262723251159532 -0.010402022856239321 -0.010536175037599169 -0.012529731677840843
leaf_weight=982.4172642454505 5.5031443759798986 5.7462280839681616 1.8694193661212946 6.9760143533349028 48.940562918782234 4.2616515234112722 15.73391719162464 16.93882243335247 63.703425161540508 32.658110778778791 20.842420682311058 4.6985529288649559 23.898789908736944 5.7035419046878815
leaf_count=1002 26 9 2 30 71 20 160 82 41 168 102 45 245 33
internal_value=0 -0.00294671 0.00384235 0.00360529 -0.00370037 0.00450645 0.00469992 0.000617718 0.00665271 -0.0115431 -0.0161271 -0.0166908 -0.013041 -0.0154014
internal_weight=0 144.189 1095.7 81.8861 88.5912 1007.11 998.151 65.8794 70.6794 62.3031 22.7118 8.9602 56.5569 11.2067
internal_count=2036 552 1484 130 257 1227 1162 153 71 422 104 65 413 59
is_linear=0
shrinkage=0.00895904


Tree=190
num_leaves=14
num_cat=0
split_feature=92 49 78 61 84 73 68 64 101 91 64 59 46
split_gain=72.8794 66.3727 62.9486 60.8161 57.0496 54.1732 47.0967 43.881 25.3478 21.6706 3.33043 1.70047 0.198145
threshold=0.13809523809523808 0.81534090909090928 75.000000000000014 0.042572463768115909 0.55000000000000016 35.050000000000004 1322.0000000000002 15.850000000000003 -2.004600000000003 -0.080128205128205079 41.900000000000006 250.00000000000003 8.5000000000000018
decision_type=2 2 2 2 2 2 2 2 2 2 2 2 2
left_child=1 3 10 4 -1 7 -5 -3 -7 -4 11 -2 -11
right_child=2 5 9 6 -6 8 -8 -9 -10 12 -12 -13 -14
leaf_value=-0.0092506911925133509 -0.019130470318229408 0.0073756559250566173 0.010130170492478059 0.002385489702369696 0.0073278929878240655 0.0046250208826172003 0.0062639942943530386 -0.013393603898178886 -0.015215975296104099 -0.017456209676615816 -0.010832872639434965 -0.011623673105899209 -0.010266857594815203
leaf_weight=49.899690017104149 16.442072294652469 34.146017000079155 14.856515675783159 436.3151952251792 24.791843466460705 6.0587664246559134 593.6509762853384 10.524920281022785 32.122306499630213 1.1671341210603707 9.540163502097128 4.2290784008800975 2.7431459501385689
leaf_count=266 73 28 8 723 22 8 481 73 208 5 93 25 23
internal_value=0 0.00347544 -0.00765686 0.0040556 -0.00374292 -0.0042511 0.00462175 0.00244545 -0.0120596 0.00519824 -0.0156254 -0.0177165 -0.0131328
internal_weight=0 1187.51 48.9781 1104.66 74.6915 82.852 1029.97 44.6709 38.1811 18.7668 30.2113 20.6712 3.91028
internal_count=2036 1809 227 1492 288 317 1204 101 216 36 191 98 28
is_linear=0
shrinkage=0.00895904


Tree=191
num_leaves=15
num_cat=0
split_feature=59 90 92 78 104 15 31 73 15 10 87 64 86 47
split_gain=72.1414 57.5317 53.0677 71.6181 51.7611 49.6826 63.6744 62.7218 35.4382 31.2199 2.14586 1.79091 0.923886 0.355992
threshold=250.00000000000003 -0.27922077922077915 0.13809523809523808 75.000000000000014 -5.4999999999999991 18.500000000000004 1.0000000180025095e-35 38.050000000000004 1.5000000000000002 1.0000000180025095e-35 12.500000000000002 41.900000000000006 -1111.4999999999998 35.45000000000001
decision_type=2 2 2 2 2 2 2 2 2 2 2 2 2 2
left_child=2 8 5 11 -3 7 -7 -1 12 -6 -5 -4 -2 -10
right_child=1 4 3 10 9 6 -8 -9 13 -11 -12 -13 -14 -15
leaf_value=0.0052021807946508848 0.011324412301841051 0.010667677416751642 -0.01896398248206696 0.010517135698022683 -0.010782155003952172 -0.016886903957842227 0.0015987123260151879 -0.0085826115830703893 -0.018133923178392297 0.0032303244762271243 0.0039205401125215807 -0.011657869274900499 0.0080249877957714686 -0.011110177381292304
leaf_weight=924.84997872635722 18.176898002624512 12.597252845764158 16.439512431621555 8.3681596666574496 79.687454905360937 18.304374396800995 78.00927546620369 27.106829538941383 1.5476031377911557 15.09558781981468 8.0596408098936063 4.7175137177109709 15.790529660880564 4.4937555640935898
leaf_count=927 2 1 73 2 540 77 153 113 8 37 15 36 17 35
internal_value=0 -0.00286446 0.00381232 -0.00662386 -0.00627874 0.00418766 -0.00194078 0.00480799 0.0062849 -0.00854822 0.00736455 -0.0174551 0.00984482 -0.0134148
internal_weight=0 147.389 1085.86 37.5848 107.38 1048.27 96.3136 951.957 40.0088 94.783 16.4278 21.157 33.9674 6.04136
internal_count=2036 640 1396 126 578 1270 230 1040 62 577 17 109 19 43
is_linear=0
shrinkage=0.00895904


Tree=192
num_leaves=14
num_cat=0
split_feature=48 64 75 64 64 67 86 104 68 102 49 64 59
split_gain=71.5291 112.096 74.3542 71.0027 82.388 63.5893 50.4053 43.9583 11.9076 3.04367 1.45531 0.583081 0.473523
threshold=0.8500000000000002 45.000000000000007 0.064583333333333312 46.45000000000001 29.750000000000004 384.00000000000006 -14.499999999999998 -2.4999999999999996 1322.0000000000002 0.097084985834278964 0.62019230769230782 105.00000000000001 250.00000000000003
decision_type=2 2 2 2 2 2 2 2 2 2 2 2 2
left_child=3 2 10 4 7 -4 -5 -1 -8 -6 -2 12 -3
right_child=1 11 5 6 9 -7 8 -9 -10 -11 -12 -13 -14
leaf_value=0.0088218726246875722 -0.022625248998752019 -0.013060889599971828 -0.017404159581723703 -0.011773523691830347 -0.025121683135841032 0.0032874791561113281 0.0040417320728497611 0.0019490783748346496 0.0097571360388611899 -0.015216805746175618 -0.014568879028431158 -0.0098800510673580175 -0.010223784804229523
leaf_weight=91.803934633731842 7.4296504557132703 21.802124857902527 12.132796570658682 9.5298110321164113 4.9353860020637503 366.86324215307832 33.939970418810844 398.31907626986504 231.44837138801813 8.3766124024987203 4.6288820579648018 25.737872518599033 12.961788959801195
leaf_count=47 34 133 61 72 24 534 49 550 33 41 23 304 131
internal_value=0 0.000158247 0.00191559 0.00464041 0.00263907 0.00261657 0.00830083 0.00323939 0.00902973 -0.0191948 -0.0198105 -0.0111703 -0.0120655
internal_weight=0 451.556 391.055 778.353 503.435 378.996 274.918 490.123 265.388 13.312 12.0585 60.5018 34.7639
internal_count=2036 1220 652 816 662 595 154 597 82 65 57 568 264
is_linear=0
shrinkage=0.00895904


Tree=193
num_leaves=16
num_cat=0
split_feature=61 56 64 64 2 78 28 84 64 72 105 0 64 91 64
split_gain=71.0033 62.9238 153.523 85.6256 71.8081 63.948 60.6472 49.9859 27.4142 29.527 10.9494 10.2281 2.82432 2.10427 1.90623
threshold=0.033908045977011456 0.41421568627450983 23.650000000000002 19.450000000000003 6.5000000000000009 75.000000000000014 1.0000000180025095e-35 0.55000000000000016 5.4500000000000011 8.5000000000000018 1.0000000180025095e-35 8.5000000000000018 10.950000000000001 -0.25833333333333325 51.150000000000013
decision_type=2 2 2 2 2 2 2 2 2 2 2 2 2 2 2
left_child=7 3 6 5 -5 -2 -3 8 9 -1 13 -12 -10 -9 -4
right_child=1 2 14 4 -6 -7 -8 10 12 -11 11 -13 -14 -15 -16
leaf_value=-0.018993232936227403 -0.00089458668442927384 0.0040836228849953898 -0.014368694016100254 0.0076248766039404428 -0.016616062995948779 0.0092003290130893596 -0.018916795571188118 0.011327588869325698 -0.017776273295813605 0.0074459430505265873 -0.016838876533251331 0.0085001491271893756 -0.011415987206272772 0.0055016270981296661 -0.010898033984862407
leaf_weight=4.3684500008821514 245.76388514041901 247.50748729705811 28.718855489045382 499.94970559328794 9.8298932611942273 63.148900091648102 9.3689021319150907 10.739577293396 7.3812935203313819 13.028192982077597 2.8072390407323828 2.069736659526825 39.242508541792631 10.456008158624172 32.101034328341484
leaf_count=19 435 315 156 298 52 27 41 2 33 13 12 2 319 13 299
internal_value=0 0.00358355 0.000199012 0.00489654 0.00715134 0.0011734 0.00323119 -0.00467212 -0.00892343 0.000671099 0.00575495 -0.00616612 -0.012492 0.00852958 -0.0125772
internal_weight=0 1136.39 317.696 818.692 509.78 308.913 256.876 90.093 64.0204 17.3966 26.0726 4.87698 46.6238 21.1956 60.8199
internal_count=2036 1623 811 812 350 462 356 413 384 32 29 14 352 15 455
is_linear=0
shrinkage=0.00895904


Tree=194
num_leaves=15
num_cat=0
split_feature=86 86 106 105 100 73 66 52 84 39 1 103 65 64
split_gain=70.327 115.511 114.527 74.0662 70.0982 67.9367 66.6789 56.6904 47.2848 47.15 44.2911 15.5234 3.54935 1.63018
threshold=-24.499999999999996 -350.49999999999994 0.29166666666666669 1.5000000000000002 -0.84599999999999997 36.150000000000013 1692.0000000000002 105.00000000000001 0.63333333333333341 13.500000000000002 6.5000000000000009 0.29257477676655513 10.500000000000002 51.850000000000001
decision_type=2 2 2 2 2 2 2 2 2 2 2 2 2 2
left_child=1 3 11 5 -4 -1 7 9 12 -2 -5 -3 -8 -9
right_child=6 2 4 10 -6 -7 8 13 -10 -11 -12 -13 -14 -15
leaf_value=0.0023920253138539019 0.0057532048715672659 0.0024832685006046375 0.0092491632587422025 0.0067156107147702884 -0.01875757920381035 -0.0093568065823990132 -0.025837037887110951 -0.022016914644980463 0.0067852670309308952 -0.016438958646108701 -0.018140183662609416 -0.015858434270395568 -0.012656408373900502 -0.01188715783922986
leaf_weight=112.97109048813581 677.1220503076911 3.8749746680259696 35.549358442425728 220.05320685356855 8.7873969599604589 60.506711114197969 8.7508201524615306 4.8401131108403197 6.6719802469015113 7.5925694704055777 5.7286516092717639 64.614744607359171 2.7550064772367469 2.8965370357036591
leaf_count=221 568 9 21 233 39 329 42 23 7 47 31 429 17 20
internal_value=0 0.000427373 -0.00756919 0.00268972 0.00364104 -0.00171148 0.00478239 0.0052281 -0.0120726 0.00550256 0.00607002 -0.0148164 -0.0229417 -0.0186059
internal_weight=0 512.086 112.826 399.26 44.3368 173.478 710.629 692.451 18.1778 684.715 225.782 68.4897 11.5058 7.73665
internal_count=2036 1312 498 814 60 550 724 658 66 615 264 438 59 43
is_linear=0
shrinkage=0.00895904


Tree=195
num_leaves=14
num_cat=0
split_feature=92 49 78 61 84 73 68 64 101 91 64 59 46
split_gain=69.6727 64.1021 60.445 58.4772 54.8934 52.8526 45.9005 42.5086 24.5739 21.085 3.01445 1.51537 0.185242
threshold=0.13809523809523808 0.81534090909090928 75.000000000000014 0.042572463768115909 0.55000000000000016 35.050000000000004 1322.0000000000002 15.850000000000003 -2.004600000000003 -0.080128205128205079 41.900000000000006 250.00000000000003 8.5000000000000018
decision_type=2 2 2 2 2 2 2 2 2 2 2 2 2
left_child=1 3 10 4 -1 7 -5 -3 -7 -4 11 -2 -11
right_child=2 5 9 6 -6 8 -8 -9 -10 12 -12 -13 -14
leaf_value=-0.0091824516592263587 -0.018773288242344848 0.0072550323504990185 0.010033333869137668 0.0022952542276169284 0.0071895425480524456 0.004491835247377801 0.0061491494038261639 -0.013333317611797936 -0.015171403004945565 -0.017333067537131992 -0.010765324858768778 -0.011543474263669142 -0.010211758088648064
leaf_weight=49.261619012802839 16.396645702421672 33.771398261189461 14.594958022236826 432.13590401783586 24.451237335801125 5.9824926555156699 583.27426675334573 10.362030625343321 31.655948739498854 1.1656668484210961 9.2314390465617162 4.1555158719420424 2.6830052435398102
leaf_count=266 73 28 8 723 22 8 481 73 208 5 93 25 23
internal_value=0 0.00337589 -0.0075925 0.00395038 -0.00374686 -0.00426688 0.00450978 0.00238391 -0.0120385 0.00512134 -0.0154487 -0.0174326 -0.0130933
internal_weight=0 1170.89 48.2272 1089.12 73.7129 81.7719 1015.41 44.1334 37.6384 18.4436 29.7836 20.5522 3.84867
internal_count=2036 1809 227 1492 288 317 1204 101 216 36 191 98 28
is_linear=0
shrinkage=0.00895904


Tree=196
num_leaves=15
num_cat=0
split_feature=59 90 92 78 104 15 31 73 15 64 87 64 86 47
split_gain=69.0164 55.8091 50.8294 68.624 49.9538 48.1224 61.9923 60.3278 34.5844 31.1024 2.12722 1.59082 0.907166 0.357808
threshold=250.00000000000003 -0.27922077922077915 0.13809523809523808 75.000000000000014 -5.4999999999999991 18.500000000000004 1.0000000180025095e-35 38.050000000000004 1.5000000000000002 2.6500000000000008 12.500000000000002 41.900000000000006 -1111.4999999999998 35.45000000000001
decision_type=2 2 2 2 2 2 2 2 2 2 2 2 2 2
left_child=2 8 5 11 -3 7 -7 -1 12 -6 -5 -4 -2 -10
right_child=1 4 3 10 9 6 -8 -9 13 -11 -12 -13 -14 -15
leaf_value=0.0050861889213762628 0.011255008693142578 0.010598368753831843 -0.018615790827074249 0.010439727511245493 0.0088422311541002368 -0.016734469477855368 0.0015411946742931945 -0.0084793811258325556 -0.018104672903010897 -0.01001746667572845 0.0038212662492372678 -0.011559047399616461 0.0079552928855048995 -0.011051017280969376
leaf_weight=911.15070285275578 17.830358982086182 12.300730705261229 16.388880558311943 8.1953578293323535 7.4937817603349677 18.250033520162106 77.383393730968237 26.926621463149786 1.5404423177242268 86.022349994629622 7.9566761702299109 4.5805252753198138 15.529722005128859 4.4027310907840729
leaf_count=927 2 1 73 2 9 77 153 113 8 568 15 36 17 35
internal_value=0 -0.00287295 0.00370778 -0.00656883 -0.00625657 0.00407799 -0.00197265 0.00469513 0.00622246 -0.00849096 0.00726369 -0.0171939 0.00977375 -0.0133909
internal_weight=0 145.12 1070.83 37.1214 105.817 1033.71 95.6334 938.077 39.3033 93.5161 16.152 20.9694 33.3601 5.94317
internal_count=2036 640 1396 126 578 1270 230 1040 62 577 17 109 19 43
is_linear=0
shrinkage=0.00895904


Tree=197
num_leaves=15
num_cat=0
split_feature=86 86 106 105 100 60 66 52 39 84 1 103 65 64
split_gain=68.2302 113.262 112.388 72.3709 68.7203 66.7659 65.5249 55.5214 46.3899 46.2111 43.2802 15.2102 3.40164 1.54225
threshold=-24.499999999999996 -350.49999999999994 0.29166666666666669 1.5000000000000002 -0.84599999999999997 0.55844155844155852 1692.0000000000002 105.00000000000001 13.500000000000002 0.63333333333333341 6.5000000000000009 0.29257477676655513 10.500000000000002 51.850000000000001
decision_type=2 2 2 2 2 2 2 2 2 2 2 2 2 2
left_child=1 3 11 5 -4 -1 7 8 -2 12 -5 -3 -8 -9
right_child=6 2 4 10 -6 -7 9 13 -10 -11 -12 -13 -14 -15
leaf_value=-0.0042524156346420722 0.0056776250620361804 0.0024161267896025554 0.0091739357309497654 0.0066505210724419964 -0.018570644371915149 0.010484424181672645 -0.02555564681653907 -0.021777855448434167 -0.016399096017990625 0.0067143174887231765 -0.017961687129313779 -0.015802228077400633 -0.012584176433931959 -0.011841382928796268
leaf_weight=142.81800847873092 671.01442778483033 3.8494497686624518 35.288818962872028 218.15950127691031 8.7921670451760274 29.632993742823601 8.7777890935540217 4.8447993546724311 7.5475304722785941 6.6273637861013404 5.7094676084816447 64.035874623805285 2.7358672469854346 2.8766044303774834
leaf_count=543 568 9 21 233 39 7 42 23 47 7 31 429 17 20
internal_value=0 0.000401555 -0.0075473 0.00264984 0.00358327 -0.00171118 0.00470835 0.00515367 0.00542748 -0.0120153 0.00600791 -0.0147649 -0.0227315 -0.0184549
internal_weight=0 508.286 111.966 396.32 44.081 172.451 704.424 686.283 678.562 18.141 223.869 67.8853 11.5137 7.7214
internal_count=2036 1312 498 814 60 550 724 658 615 66 264 438 59 43
is_linear=0
shrinkage=0.00895904


Tree=198
num_leaves=16
num_cat=0
split_feature=61 56 68 64 100 84 73 64 72 62 105 105 64 64 91
split_gain=67.7221 61.4419 58.0329 80.7221 67.5506 47.9612 29.2789 26.8548 28.8332 20.5353 10.8565 9.9785 3.50855 2.63443 2.13664
threshold=0.033908045977011456 0.90454545454545465 1322.0000000000002 51.850000000000001 1.2228999999999994 0.55000000000000016 34.150000000000013 5.4500000000000011 8.5000000000000018 2.5000000000000004 1.0000000180025095e-35 3.5000000000000004 22.750000000000004 10.950000000000001 -0.25833333333333325
decision_type=2 2 2 2 2 2 2 2 2 2 2 2 2 2 2
left_child=5 2 3 -2 -4 7 9 8 -1 -3 14 -12 -8 -9 -7
right_child=1 6 4 -5 -6 10 12 13 -10 -11 11 -13 -14 -15 -16
leaf_value=-0.018767410160698925 0.0024679803149023926 0.0093124818384189029 0.00616515670271471 -0.012358804538188974 -0.011656531346079571 0.011259444448431943 -0.02046320167645567 -0.017552729213588362 0.007389441386820024 -0.016476813131055697 -0.016756823175231708 0.0083731168899603518 -0.012045864829225202 -0.011363994478222679 0.0053591507364020201
leaf_weight=4.3643657565116909 445.80003362521529 8.4682055264711398 595.65010842680931 31.368712592869997 17.402454644441605 10.581400871276859 8.4402030706405657 7.344548135995864 12.943949207663534 3.2822238430380812 2.8080922514200202 2.0391768217086792 10.00792311131954 38.363458540290594 10.330810628831387
leaf_count=19 634 6 491 260 96 2 38 33 13 19 12 2 79 319 13
internal_value=0 0.00348281 0.0038325 0.00148867 0.00565574 -0.00463913 -0.00908544 -0.00884188 0.000659454 0.0019583 0.00563074 -0.00626427 -0.0160687 -0.012428 0.00842075
internal_weight=0 1120.42 1090.22 477.169 613.053 88.7758 30.1986 63.0163 17.3083 11.7504 25.7595 4.84727 18.4481 45.708 20.9122
internal_count=2036 1623 1481 894 587 413 142 384 32 25 29 14 117 352 15
is_linear=0
shrinkage=0.00895904


Tree=199
num_leaves=15
num_cat=0
split_feature=40 56 19 64 11 97 41 56 65 68 84 74 27 65
split_gain=66.9276 83.9901 60.9224 58.6495 58.4797 46.875 70.9598 54.2682 42.8548 23.8525 22.2591 19.3324 16.3965 1.00974
threshold=36.650000000000013 0.51470588235294124 13.500000000000002 41.000000000000007 2.5000000000000004 -0.26174999999999921 0.95000000000000007 0.86190476190476206 2.5000000000000004 1582.5000000000002 0.55000000000000016 5.6500000000000012 2.5000000000000004 7.5000000000000009
decision_type=2 2 2 2 2 2 2 2 2 2 2 2 2 2
left_child=4 2 3 -2 5 6 -1 -7 12 10 -3 -4 -6 -10
right_child=1 9 11 -5 8 7 -8 -9 13 -11 -12 -13 -14 -15
leaf_value=0.0038428954617512447 0.0044091812311257313 -0.012487884668464046 -0.017758691000108864 -0.011208722324732192 0.0097400629376678503 0.0073422247408268656 -0.0079389702143015193 -0.016448106172105095 -0.017976195451085471 0.0063657316737388975 0.0066141534946323761 0.011269836339133272 -0.008278022758245112 -0.012953009489544058
leaf_weight=403.01092577725649 213.89649029076099 58.897973190993071 15.257088024169207 21.027874983847141 11.387366563081743 388.95845913141966 45.498372599482536 7.6759185642004004 10.277072399854662 6.992608703672885 5.2199312001466742 1.9582277536392219 6.0614334046840659 9.7070145234465581
leaf_count=459 248 452 91 189 6 255 149 42 46 12 10 1 17 59
internal_value=0 -0.000619412 0.00180703 0.00300315 0.00414504 0.00463075 0.00264477 0.00687405 -0.00678828 -0.009205 -0.0109174 -0.0143678 0.00345773 -0.0156834
internal_weight=0 323.25 252.14 234.924 882.577 845.144 448.509 396.634 37.4329 71.1105 64.1179 17.2153 17.4488 19.9841
internal_count=2036 1003 529 437 1033 905 608 297 128 474 462 92 23 105
is_linear=0
shrinkage=0.00895904


Tree=200
num_leaves=14
num_cat=0
split_feature=92 49 78 61 84 73 65 64 101 91 64 59 46
split_gain=66.4188 61.5887 58.3038 55.9641 52.9169 51.5339 44.613 41.1854 23.8156 20.6254 2.7323 1.35961 0.173695
threshold=0.13809523809523808 0.81534090909090928 75.000000000000014 0.042572463768115909 0.55000000000000016 35.050000000000004 7.5000000000000009 15.850000000000003 -2.004600000000003 -0.080128205128205079 41.900000000000006 250.00000000000003 8.5000000000000018
decision_type=2 2 2 2 2 2 2 2 2 2 2 2 2
left_child=1 3 10 4 -1 7 -5 -3 -7 -4 11 -2 -11
right_child=2 5 9 6 -6 8 -8 -9 -10 12 -12 -13 -14
leaf_value=-0.0091019447019200592 -0.01843981983752771 0.007154638605729631 0.0099588320507692386 0.0025060161890538895 0.0070750611595470697 0.004366553900235581 0.0062897210403546041 -0.013254480853558681 -0.015106095050304549 -0.017234311745763595 -0.010701040457611607 -0.011452252770302523 -0.010171982624898535
leaf_weight=48.642751794308424 16.336529247462757 33.401066333055496 14.392831541597845 501.00512467697263 24.139278829097748 5.9155262634158126 500.18416924029589 10.203662801533936 31.18875702098012 1.1632731109857553 8.9445942975580675 4.0808845460414878 2.6334679424762726
leaf_count=266 73 28 8 691 22 8 513 73 208 5 93 25 23
internal_value=0 0.00327837 -0.00750629 0.0038457 -0.00373181 -0.00426183 0.00439718 0.00234127 -0.0119945 0.00506585 -0.0152777 -0.0171636 -0.0130648
internal_weight=0 1154.68 47.5516 1073.97 72.782 80.709 1001.19 43.6047 37.1043 18.1896 29.362 20.4174 3.79674
internal_count=2036 1809 227 1492 288 317 1204 101 216 36 191 98 28
is_linear=0
shrinkage=0.00895904


Tree=201
num_leaves=15
num_cat=0
split_feature=59 90 68 64 73 101 65 104 100 15 10 36 86 47
split_gain=65.6143 54.1316 49.0446 74.9615 61.3967 59.7184 54.3484 48.54 42.3635 33.8273 30.5946 1.23299 0.897237 0.359225
threshold=250.00000000000003 -0.27922077922077915 1322.0000000000002 51.850000000000001 36.650000000000013 0.23750000000000074 7.5000000000000009 -5.4999999999999991 -1.5545500000000023 1.5000000000000002 1.0000000180025095e-35 -1.0000000180025095e-35 -1111.4999999999998 35.45000000000001
decision_type=2 2 2 2 2 2 2 2 2 2 2 2 2 2
left_child=2 9 3 5 6 -1 -4 -3 -6 12 -9 -5 -2 -11
right_child=1 7 4 11 8 -7 -8 10 -10 13 -12 -13 -14 -15
leaf_value=-0.00050747350057147905 0.011195704306486181 0.010548697933314078 0.0023415463755458708 -0.019068241866119641 0.0086939201922601513 0.0062383790844351712 0.0081573918119656023 -0.010691843072247589 -0.011884991180616762 -0.018083599537782814 0.0032896593591404616 -0.011884797995564045 0.0078895257576589977 -0.011000218311717276
leaf_weight=250.11367897316813 17.526019096374512 12.083783149719237 202.63171399384737 2.600225321948531 11.313835054636 181.73051660880446 355.61310780793428 77.307844720780849 26.538828879594803 1.5326396375894535 14.897059902548788 25.707706302404404 15.312806293368338 4.3199363872408867
leaf_count=452 2 1 270 14 6 155 164 540 132 8 37 203 17 35
internal_value=0 -0.00286067 0.00360314 0.00140497 0.00529897 0.0023328 0.00604792 -0.00621595 -0.00572076 0.00616865 -0.00843055 -0.0126691 0.00970936 -0.0133729
internal_weight=0 142.98 1056.25 460.152 596.097 431.844 558.245 104.289 37.8527 38.6914 92.2049 28.3079 32.8388 5.85258
internal_count=2036 640 1396 824 572 607 434 578 138 62 577 217 19 43
is_linear=0
shrinkage=0.00895904


Tree=202
num_leaves=14
num_cat=0
split_feature=92 49 78 61 84 73 68 64 101 91 64 59 46
split_gain=65.2199 60.2595 57.3319 54.734 51.9519 50.6588 44.0849 40.5108 23.5661 20.321 2.61235 1.30768 0.158358
threshold=0.13809523809523808 0.81534090909090928 75.000000000000014 0.042572463768115909 0.55000000000000016 35.050000000000004 1322.0000000000002 15.850000000000003 -2.004600000000003 -0.080128205128205079 41.900000000000006 250.00000000000003 8.5000000000000018
decision_type=2 2 2 2 2 2 2 2 2 2 2 2 2
left_child=1 3 10 4 -1 7 -5 -3 -7 -4 11 -2 -11
right_child=2 5 9 6 -6 8 -8 -9 -10 12 -12 -13 -14
leaf_value=-0.0090399747896768093 -0.018302335978417589 0.0071001351255353656 0.0099156399640041425 0.0021702985576266625 0.0070234090874153731 0.0043480055869942399 0.0059810500553950686 -0.013217437595261002 -0.015050905686751744 -0.017101321739688577 -0.010682599418847803 -0.011388023571298813 -0.010142382496834265
leaf_weight=48.431381363421679 16.320640861988075 33.241293266415596 14.277420125901701 426.53540130704641 24.0351737216115 5.9032375067472449 569.22671641781926 10.116958007216452 30.949490867555141 1.1629853546619409 8.8307212851941568 4.0342451222240916 2.6070968471467495
leaf_count=266 73 28 8 723 22 8 481 73 208 5 93 25 23
internal_value=0 0.00323985 -0.00748257 0.00380231 -0.00370742 -0.00424181 0.00434946 0.00232158 -0.0119365 0.00503743 -0.0152077 -0.0170519 -0.0130174
internal_weight=0 1148.44 47.2331 1068.23 72.4666 80.211 995.762 43.3583 36.8527 18.0475 29.1856 20.3549 3.77008
internal_count=2036 1809 227 1492 288 317 1204 101 216 36 191 98 28
is_linear=0
shrinkage=0.00895904


Tree=203
num_leaves=15
num_cat=0
split_feature=86 86 106 105 100 60 66 52 64 84 1 103 65 64
split_gain=64.523 110.019 109.42 69.712 67.0335 64.292 64.0877 53.7689 46.5956 44.976 42.4347 14.752 3.3052 1.47807
threshold=-24.499999999999996 -350.49999999999994 0.29166666666666669 1.5000000000000002 -0.84599999999999997 0.55844155844155852 1692.0000000000002 105.00000000000001 27.850000000000005 0.63333333333333341 6.5000000000000009 0.29257477676655513 10.500000000000002 51.850000000000001
decision_type=2 2 2 2 2 2 2 2 2 2 2 2 2 2
left_child=1 3 11 5 -4 -1 7 8 -2 12 -5 -3 -8 -9
right_child=6 2 4 10 -6 -7 9 13 -10 -11 -12 -13 -14 -15
leaf_value=-0.0042179692106926528 0.0028908424056146562 0.0023137490901234993 0.0090656475853800253 0.0065501556038564702 -0.018386907813099099 0.010401102300524812 -0.025347013350112687 -0.021561570270907049 0.0076326152116616697 0.0065917617564713316 -0.017921775929242909 -0.015767406969103601 -0.012454072145086585 -0.011728740991574503
leaf_weight=141.28819954767823 329.21200855076313 3.7914272323250762 34.84695640206337 214.62351670116186 8.7791154757142049 28.9264797270298 8.7853011041879672 4.8321370035409918 336.83072107285261 6.5513296574354163 5.6618117690086356 62.96948654204607 2.6872583925724021 2.8217952772974968
leaf_count=543 413 9 21 233 39 7 42 23 202 7 31 429 17 20
internal_value=0 0.000347821 -0.00754164 0.00258068 0.00348451 -0.00172456 0.0045699 0.00501705 0.00529039 -0.0120195 0.00590606 -0.0147366 -0.0225829 -0.018314
internal_weight=0 500.887 110.387 390.5 43.6261 170.215 691.721 673.697 666.043 18.0239 220.285 66.7609 11.4726 7.65393
internal_count=2036 1312 498 814 60 550 724 658 615 66 264 438 59 43
is_linear=0
shrinkage=0.00895904


Tree=204
num_leaves=15
num_cat=0
split_feature=40 56 19 11 64 97 41 61 65 68 84 66 74 65
split_gain=63.847 80.7736 59.1606 56.8057 56.7441 46.4936 68.3932 52.9353 41.9208 23.5531 21.7589 21.6979 18.9406 0.940225
threshold=36.650000000000013 0.51470588235294124 13.500000000000002 2.5000000000000004 41.000000000000007 -0.26174999999999921 0.95000000000000007 0.089220563847429463 2.5000000000000004 1582.5000000000002 0.55000000000000016 1552.5000000000002 5.6500000000000012 7.5000000000000009
decision_type=2 2 2 2 2 2 2 2 2 2 2 2 2 2
left_child=3 2 4 5 -2 6 -1 -7 11 10 -3 -5 -4 -10
right_child=1 9 12 8 -6 7 -8 -9 13 -11 -12 -13 -14 -15
leaf_value=0.0037224410232209997 0.0043178314367161106 -0.012438135161590451 -0.017641631492742952 -0.013798535807740998 -0.011185966217757132 -0.0077294759068602531 -0.0078677414111726872 0.0075248005472161039 -0.017836422982998177 0.0063965097105702275 0.006490975972405273 0.0090969508056112213 0.011204825958737145 -0.012916155632079242
leaf_weight=397.73829898238182 211.32363977283239 57.847821693867445 15.114328719675541 4.2470837384462383 20.628791570663452 19.05316387116909 45.361217364668846 370.9053343012929 10.241133220493795 6.929154857993125 5.2029642686247817 13.080852642655371 1.9421188831329352 9.604897201061247
leaf_count=459 248 452 91 15 189 78 149 219 46 12 10 8 1 59
internal_value=0 -0.000648586 0.0017426 0.00403639 0.00293081 0.00452029 0.00253299 0.006776 -0.00677476 -0.00913897 -0.0108608 0.00339454 -0.0142679 -0.0156024
internal_weight=0 318.989 249.009 870.232 231.952 833.058 443.1 389.958 37.174 69.9799 63.0508 17.3279 17.0564 19.846
internal_count=2036 1003 529 1033 437 905 608 297 128 474 462 23 92 105
is_linear=0
shrinkage=0.00895904


Tree=205
num_leaves=14
num_cat=0
split_feature=92 49 78 61 84 73 65 64 101 91 64 59 46
split_gain=63.2463 58.5181 56.2283 52.9496 50.9526 49.8838 43.6286 39.6262 23.0146 20.0328 2.46482 1.22631 0.144306
threshold=0.13809523809523808 0.81534090909090928 75.000000000000014 0.042572463768115909 0.55000000000000016 35.050000000000004 7.5000000000000009 15.850000000000003 -2.004600000000003 -0.080128205128205079 41.900000000000006 250.00000000000003 8.5000000000000018
decision_type=2 2 2 2 2 2 2 2 2 2 2 2 2
left_child=1 3 10 4 -1 7 -5 -3 -7 -4 11 -2 -11
right_child=2 5 9 6 -6 8 -8 -9 -10 12 -12 -13 -14
leaf_value=-0.0089700711221438207 -0.018115904003974285 0.0070455927750465528 0.0098748213009291243 0.0024081227817240427 0.0069812080121230908 0.0042567537271013907 0.006176103408819876 -0.013152777259944022 -0.014992336120702989 -0.016986443397949649 -0.010641643421694592 -0.011335544772740137 -0.010117858092313232
leaf_weight=48.110503550618887 16.272316373884685 33.026332005858421 14.181395523250105 496.85110230371356 23.918718472123146 5.8573602214455596 490.43906995654106 9.9991706162691099 30.643425542861223 1.162161156535148 8.6567677482962591 3.9912892431020728 2.5769852586090565
leaf_count=266 73 28 8 691 22 8 513 73 208 5 93 25 23
internal_value=0 0.00318309 -0.00741979 0.00373964 -0.00366837 -0.00422131 0.00428073 0.00231349 -0.0118967 0.00501775 -0.0151098 -0.0169001 -0.0129817
internal_weight=0 1138.85 46.8409 1059.32 72.0292 79.5263 987.29 43.0255 36.5008 17.9205 28.9204 20.2636 3.73915
internal_count=2036 1809 227 1492 288 317 1204 101 216 36 191 98 28
is_linear=0
shrinkage=0.00895904


Tree=206
num_leaves=9
num_cat=0
split_feature=64 82 65 65 64 41 64 106
split_gain=62.5729 58.1187 102.935 102.795 100.348 67.5193 32.8786 1.11317
threshold=107.65000000000002 0.087121212121212113 10.500000000000002 7.5000000000000009 9.8500000000000032 0.8500000000000002 17.250000000000004 0.36666666666666675
decision_type=2 2 2 2 2 2 2 2
left_child=1 3 5 4 -1 -3 -5 -4
right_child=-2 2 7 6 -6 -7 -8 -9
leaf_value=0.0031057884501805681 -0.0099828585210937348 0.0045880834463359497 -0.013136803735867397 -0.028105925166841243 -0.013643026522498911 -0.0015888455506315596 0.0083253854729025637 -0.02097477125771113
leaf_weight=144.0401466935873 30.029164899140596 354.62674165144563 32.814572799950838 1.817700833082198 35.656782545149326 236.71885085105896 345.06769229471684 1.9893217384815205
leaf_count=186 360 408 212 10 121 581 148 10
internal_value=0 0.00307821 0.00123275 0.00527133 -0.000228499 0.00211567 0.00811902 -0.0136977
internal_weight=0 1152.73 626.149 526.582 179.697 591.346 346.885 34.8039
internal_count=2036 1676 1211 465 307 989 158 222
is_linear=0
shrinkage=0.00895904


Tree=207
num_leaves=14
num_cat=0
split_feature=92 49 78 61 84 73 65 64 101 91 64 59 46
split_gain=62.1198 57.2647 55.2699 51.852 50.0037 49.0718 42.9292 38.9986 22.7883 19.7267 2.35475 1.16667 0.130454
threshold=0.13809523809523808 0.81534090909090928 75.000000000000014 0.042572463768115909 0.55000000000000016 35.050000000000004 7.5000000000000009 15.850000000000003 -2.004600000000003 -0.080128205128205079 41.900000000000006 250.00000000000003 8.5000000000000018
decision_type=2 2 2 2 2 2 2 2 2 2 2 2 2
left_child=1 3 10 4 -1 7 -5 -3 -7 -4 11 -2 -11
right_child=2 5 9 6 -6 8 -8 -9 -10 12 -12 -13 -14
leaf_value=-0.0089100583317963736 -0.017976003697575446 0.0069932188749960442 0.0098262199856961364 0.0023764566217257723 0.0069296678087725858 0.0042363748395158919 0.0061235378690813469 -0.01311854348089994 -0.014938598318223554 -0.016865253166012908 -0.010619201507428247 -0.011302963173046144 -0.010090369716072184
leaf_weight=47.924832236021757 16.246529005467899 32.881967812776566 14.07174774259329 495.81792300567031 23.793432302772999 5.850249968469142 486.54989108815789 9.9150052517652494 30.422917999327183 1.1610150039196008 8.5476575717329961 3.967907700687646 2.5492977388203144
leaf_count=266 73 28 8 691 22 8 513 73 208 5 93 25 23
internal_value=0 0.00314449 -0.00739656 0.00369621 -0.00365027 -0.00420143 0.00423318 0.00229563 -0.0118394 0.00498758 -0.0150361 -0.0167856 -0.0129395
internal_weight=0 1133.16 46.5442 1054.09 71.7183 79.0701 982.368 42.797 36.2732 17.7821 28.7621 20.2144 3.71031
internal_count=2036 1809 227 1492 288 317 1204 101 216 36 191 98 28
is_linear=0
shrinkage=0.00895904


Tree=208
num_leaves=15
num_cat=0
split_feature=73 55 3 74 31 83 0 73 65 64 87 65 64 86
split_gain=61.5016 92.5895 61.4455 56.4385 55.9083 47.416 40.1487 39.6003 38.7344 16.4869 13.9189 3.50488 2.40037 0.472492
threshold=36.95000000000001 0.75000000000000011 68.500000000000014 1.5500000000000003 1.0000000180025095e-35 2.6500000000000008 1.0000000180025095e-35 34.850000000000001 7.5000000000000009 2.9500000000000006 7.5000000000000009 8.5000000000000018 35.95000000000001 1.0000000180025095e-35
decision_type=2 2 2 2 2 2 2 2 2 2 2 2 2 2
left_child=2 3 5 13 10 8 -5 -6 -1 -3 -4 -7 -11 -2
right_child=1 9 4 6 7 11 -8 -9 -10 12 -12 -13 -14 -15
leaf_value=0.002429514780412484 -0.013205957785061296 0.0030581892128611677 0.0070176934793851654 -0.017568287600830713 0.0046325987273488408 -0.022462520783470993 0.0084315217145039621 -0.011451223967838518 0.0060613131804013454 -0.01459196632667973 -0.018071334439444683 -0.010243204453866115 -0.01042358935631438 -0.019022849182350504
leaf_weight=457.84149539470673 7.519371420145033 5.6536437273025504 1.8416704982519174 4.9784614183008662 47.46701692044735 4.238046281039713 62.927373379468918 16.363654162734747 486.61990013718605 31.509754672646523 20.406709797680378 4.326997097581625 21.724281903356314 3.387401282787323
leaf_count=630 43 9 2 29 71 20 42 82 532 168 102 45 245 16
internal_value=0 -0.00291345 0.00345517 0.00343509 -0.0037874 0.00410998 0.00648101 0.000487088 0.00430162 -0.011394 -0.0159514 -0.0166509 -0.0129348 -0.0153116
internal_weight=0 137.7 1039.11 78.8126 86.0791 953.026 67.9058 63.8307 944.461 58.8877 22.2484 8.56504 53.234 10.9068
internal_count=2036 552 1484 130 257 1227 71 153 1162 422 104 65 413 59
is_linear=0
shrinkage=0.00895904


Tree=209
num_leaves=6
num_cat=0
split_feature=64 64 64 88 49
split_gain=61.1906 56.8921 66.2761 50.9483 11.4035
threshold=107.65000000000002 105.00000000000001 80.450000000000017 17.500000000000004 0.060661764705882353
decision_type=2 2 2 2 2
left_child=1 2 3 -1 -4
right_child=-2 -3 4 -5 -6
leaf_value=0.0030056646622111396 -0.0099736504476105083 0.0099417181376425419 -0.035424027340614728 -0.011215417151485343 -0.012431715890251408
leaf_weight=1019.8982059620321 29.656734302639961 87.85773491859436 1.8924783766269708 20.444451801478863 14.119965225458143
leaf_count=1480 360 12 11 72 101
internal_value=0 0.00302182 0.00244457 0.00272416 -0.015537
internal_weight=0 1144.21 1056.36 1040.34 16.0124
internal_count=2036 1676 1664 1552 112
is_linear=0
shrinkage=0.00895904


Tree=210
num_leaves=14
num_cat=0
split_feature=92 49 78 61 84 73 68 64 101 91 64 59 46
split_gain=60.8247 55.9995 54.4083 50.6311 49.06 48.2152 42.5978 38.3975 22.4458 19.3631 2.24439 1.11212 0.116274
threshold=0.13809523809523808 0.81534090909090928 75.000000000000014 0.042572463768115909 0.55000000000000016 35.050000000000004 1322.0000000000002 15.850000000000003 -2.004600000000003 -0.080128205128205079 41.900000000000006 250.00000000000003 8.5000000000000018
decision_type=2 2 2 2 2 2 2 2 2 2 2 2 2
left_child=1 3 10 4 -1 7 -5 -3 -7 -4 11 -2 -11
right_child=2 5 9 6 -6 8 -8 -9 -10 12 -12 -13 -14
leaf_value=-0.0088598694707689354 -0.017850198014853592 0.0069263663999516376 0.0097780257413091279 0.0020172904995068019 0.0068708785589879371 0.0041779873312675787 0.0057984817504289363 -0.013099193421795248 -0.014898298670686098 -0.01672206997811922 -0.010611208493605253 -0.011270585589301168 -0.010046442956585284
leaf_weight=47.721486676484346 16.21882891654969 32.697220236063004 13.954154849052431 420.91964365914464 23.656271152198315 5.8261903822422019 554.53425811976194 9.8408688232302648 30.170791354030371 1.1588364988565438 8.4355584941804391 3.9364714510738841 2.5142987668514252
leaf_count=266 73 28 8 723 22 8 481 73 208 5 93 25 23
internal_value=0 0.00308702 -0.0073801 0.00363454 -0.00364159 -0.00420188 0.00416759 0.00225515 -0.0118044 0.0049672 -0.0149758 -0.0166844 -0.0128823
internal_weight=0 1125.37 46.2181 1046.83 71.3778 78.5351 975.454 42.5381 35.997 17.6273 28.5909 20.1553 3.67314
internal_count=2036 1809 227 1492 288 317 1204 101 216 36 191 98 28
is_linear=0
shrinkage=0.00895904


Tree=211
num_leaves=14
num_cat=0
split_feature=48 64 75 64 64 67 86 105 68 102 49 64 59
split_gain=60.2556 98.7279 70.5536 70.0658 78.3797 60.8987 45.3323 43.8594 11.6643 3.58869 1.4817 0.517089 0.424725
threshold=0.8500000000000002 45.000000000000007 0.064583333333333312 46.45000000000001 29.750000000000004 1485.5000000000002 -14.499999999999998 1.0000000180025095e-35 1322.0000000000002 0.097084985834278964 0.62019230769230782 105.00000000000001 250.00000000000003
decision_type=2 2 2 2 2 2 2 2 2 2 2 2 2
left_child=3 2 10 4 7 -4 -5 -1 -8 -6 -2 12 -3
right_child=1 11 5 6 9 -7 8 -9 -10 -11 -12 -13 -14
leaf_value=-0.0016572382798348527 -0.022492492739304641 -0.01294192165288012 0.0034056697155518262 -0.011618031815806918 -0.025619323048650489 -0.010426353721611849 0.0037004776355141541 0.0044857316245180898 0.0095247778901200609 -0.014968539138694701 -0.014322587456890823 -0.0097816135637085553 -0.01010058382832958
leaf_weight=127.91184023022652 7.3739600479602796 20.74714408442378 336.0893261693418 8.9269993714988214 4.8572781234979621 27.463088795542717 32.128427550196648 343.57559176534414 211.73556412011385 8.2655676305294019 4.4807014018297195 23.180949077010155 11.902906328439711
leaf_count=236 34 133 493 72 24 102 49 361 33 41 23 304 131
internal_value=0 -4.66345e-06 0.0016501 0.00421098 0.00221482 0.00235579 0.00803304 0.00281914 0.00876104 -0.0192242 -0.0196831 -0.0110993 -0.0119717
internal_weight=0 431.238 375.407 737.401 484.61 363.552 252.791 471.487 243.864 13.1228 11.8547 55.831 32.6501
internal_count=2036 1220 652 816 662 595 154 597 82 65 57 568 264
is_linear=0
shrinkage=0.00895904


Tree=212
num_leaves=15
num_cat=0
split_feature=59 90 104 30 19 64 100 15 64 64 39 86 47 49
split_gain=59.7696 51.6837 47.1802 46.3526 93.2549 91.3173 51.8568 32.6595 30.1017 18.7364 51.7 0.860429 0.390772 0.343017
threshold=250.00000000000003 -0.27922077922077915 -5.4999999999999991 1.5000000000000002 14.500000000000002 8.0500000000000025 2.0953999999999984 1.5000000000000002 2.6500000000000008 27.850000000000005 9.5000000000000018 -1111.4999999999998 35.45000000000001 0.12916666666666668
decision_type=2 2 2 2 2 2 2 2 2 2 2 2 2 2
left_child=3 7 -3 4 6 -6 -1 11 -4 10 -5 -2 -9 -11
right_child=1 2 8 9 5 -7 -8 12 -10 13 -12 -13 -14 -15
leaf_value=0.0037812360108272773 0.011100390987677119 0.010500133357240215 0.008707248835462757 -0.025320052655900219 0.00074177159566644446 -0.01997858942236902 -0.016194510751764864 -0.01820387482518011 -0.0099405073969433978 0.01014833067687881 0.010093096947469016 0.0078101082239611166 -0.01091128126061717 0.0087501647497338544
leaf_weight=816.95316333696246 17.019157409667972 11.86807346343994 7.4377870410680762 4.6022648811340323 45.329276189208031 27.180011451244354 10.380035646259783 1.512333258986472 82.609447624534369 77.378578506410122 10.492105692625044 14.914215788245199 4.1695527993142605 33.680249687284231
leaf_count=1060 2 1 9 22 73 154 56 8 568 7 6 17 35 18
internal_value=0 -0.00285969 -0.00616984 0.00338691 0.0026727 -0.00705709 0.0035269 0.00609414 -0.00838478 0.0084694 -0.000884859 0.00962008 -0.0133862 0.0097403
internal_weight=0 139.531 101.915 1026 899.842 72.5093 827.333 37.6153 90.0472 126.153 15.0944 31.9334 5.68189 111.059
internal_count=2036 640 578 1396 1343 227 1116 62 577 53 28 19 43 25
is_linear=0
shrinkage=0.00895904


Tree=213
num_leaves=14
num_cat=0
split_feature=92 49 78 61 84 73 65 88 101 91 64 59 46
split_gain=59.4492 54.77 53.3839 49.3105 48.1684 47.3605 42.1168 37.8893 22.0347 19.0408 2.14382 1.07079 0.108012
threshold=0.13809523809523808 0.81534090909090928 75.000000000000014 0.042572463768115909 0.55000000000000016 35.050000000000004 7.5000000000000009 12.500000000000002 -2.004600000000003 -0.080128205128205079 41.900000000000006 250.00000000000003 8.5000000000000018
decision_type=2 2 2 2 2 2 2 2 2 2 2 2 2
left_child=1 3 10 4 -1 7 -5 -3 -7 -4 11 -2 -11
right_child=2 5 9 6 -6 8 -8 -9 -10 12 -12 -13 -14
leaf_value=-0.0088104738394551661 -0.017730382184646142 -0.014504787102833391 0.0097279863625345277 0.0022633454806279094 0.0068179866058741267 0.0041040006194335435 0.0060027660010071376 0.0064804821085628055 -0.014859220620990406 -0.016639372855033682 -0.010583848322494295 -0.011210654200422457 -0.010013251161803585
leaf_weight=47.447862297296524 16.177369654178626 8.4824469909071905 13.811481952667238 491.48542428389192 23.53565751761198 5.791209675371646 476.34880127757788 33.731034316122532 29.88999043777585 1.157205939292907 8.2721112109720689 3.8891030773520461 2.477681890130043
leaf_count=266 73 56 8 691 22 8 513 45 208 5 93 25 23
internal_value=0 0.00303253 -0.00736382 0.00357597 -0.00362392 -0.00420551 0.00410466 0.0022167 -0.0117753 0.00493308 -0.0149173 -0.0165858 -0.0128555
internal_weight=0 1116.71 45.785 1038.82 70.9835 77.8947 967.834 42.2135 35.6812 17.4464 28.3386 20.0665 3.63489
internal_count=2036 1809 227 1492 288 317 1204 101 216 36 191 98 28
is_linear=0
shrinkage=0.00895904


Tree=214
num_leaves=14
num_cat=0
split_feature=82 65 65 64 85 41 10 93 59 64 86 64 106
split_gain=58.7577 124.381 90.5129 97.9634 128.683 64.7242 62.1199 49.6727 39.3947 32.1938 29.7848 2.0209 1.03742
threshold=0.087121212121212113 10.500000000000002 7.5000000000000009 9.8500000000000032 50.500000000000007 0.8500000000000002 1.5000000000000002 -0.21825396825396817 250.00000000000003 17.250000000000004 31.500000000000004 105.00000000000001 0.36666666666666675
decision_type=2 2 2 2 2 2 2 2 2 2 2 2 2
left_child=2 5 3 10 -5 7 -7 -2 9 -4 -1 12 -3
right_child=1 11 8 4 -6 6 -8 -9 -10 -11 -12 -13 -14
leaf_value=0.0040197169037628341 -0.015651206035206991 -0.013132968756747443 -0.02785878734230645 0.010477293736505515 -0.025580374460165128 -0.0036916074430045193 0.0087905169126173271 0.0049833572267664293 -0.011038001058047755 0.0082182640172737999 -0.012888430852498892 -0.009805707421520116 -0.020792300954078965
leaf_weight=133.68736204504967 9.4458507262170297 31.422889433801174 1.8150015100836743 11.765395164489744 23.719575546681881 196.59303650259972 38.029678847640753 340.32628361880779 8.7891139201819879 333.44746856018901 8.7341284155845624 19.957803942263126 1.9881691262125958
leaf_count=159 42 204 10 1 120 570 17 373 86 157 27 260 10
internal_value=0 0.000779746 0.0048331 -0.000355077 -0.0136324 0.00197678 -0.00166279 0.00441779 0.00751464 0.0080071 0.00296674 -0.0122877 -0.0137053
internal_weight=0 637.764 521.958 177.906 35.485 584.395 234.623 349.772 344.052 335.262 142.421 53.3689 33.4111
internal_count=2036 1476 560 307 121 1002 587 415 253 167 186 474 214
is_linear=0
shrinkage=0.00895904


Tree=215
num_leaves=14
num_cat=0
split_feature=92 49 78 88 73 64 64 84 101 91 64 59 46
split_gain=58.2884 53.5272 52.4315 48.8325 46.4918 43.5224 37.244 35.8124 21.8701 18.7658 2.04179 1.01519 0.0959728
threshold=0.13809523809523808 0.81534090909090928 75.000000000000014 17.500000000000004 35.050000000000004 107.65000000000002 15.850000000000003 0.63333333333333341 -2.004600000000003 -0.080128205128205079 41.900000000000006 250.00000000000003 8.5000000000000018
decision_type=2 2 2 2 2 2 2 2 2 2 2 2 2
left_child=1 3 10 5 6 -1 -3 -5 -6 -4 11 -2 -11
right_child=2 4 9 7 8 -7 -8 -9 -10 12 -12 -13 -14
leaf_value=0.0040509061287358587 -0.017588633667440574 0.0068144073024611279 0.0096885874853212487 -0.019526134442502643 0.004103865389573305 -0.010074743528742443 -0.013052241058844885 0.0058085851990793275 -0.014799982052177784 -0.016527461913136657 -0.010560122152977205 -0.011167323090666977 -0.0099869707140411816
leaf_weight=996.5761783272028 16.140097834169872 32.330904543399811 13.695129059255125 12.386893074959518 5.7910187616944304 17.642347805202007 9.6855801381170732 6.8408158123493186 29.662215858697891 1.1554871350526803 8.1647487431764585 3.8522668108344069 2.4518871419131756
leaf_count=1218 73 28 8 64 8 202 73 8 208 5 93 25 23
internal_value=0 0.00299591 -0.00733467 0.00353447 -0.00417915 0.00380331 0.00219582 -0.0105431 -0.0117061 0.00490666 -0.01484 -0.0164701 -0.0128152
internal_weight=0 1110.92 45.4596 1033.45 77.4697 1014.22 42.0165 19.2277 35.4532 17.3025 28.1571 19.9924 3.60737
internal_count=2036 1809 227 1492 317 1420 101 72 216 36 191 98 28
is_linear=0
shrinkage=0.00895904


Tree=216
num_leaves=14
num_cat=0
split_feature=82 65 65 64 85 41 10 93 59 64 86 64 106
split_gain=57.8525 122.129 89.9556 96.3025 125.835 63.4604 61.066 48.7968 38.7595 31.5834 29.2095 1.95711 0.968645
threshold=0.087121212121212113 10.500000000000002 7.5000000000000009 9.8500000000000032 50.500000000000007 0.8500000000000002 1.5000000000000002 -0.21825396825396817 250.00000000000003 17.250000000000004 31.500000000000004 105.00000000000001 0.36666666666666675
decision_type=2 2 2 2 2 2 2 2 2 2 2 2 2
left_child=2 5 3 10 -5 7 -7 -2 9 -4 -1 12 -3
right_child=1 11 8 4 -6 6 -8 -9 -10 -11 -12 -13 -14
leaf_value=0.0039671323866552217 -0.01551288009602597 -0.013092357412802683 -0.027469880979934743 0.010451610057088383 -0.025307039344162788 -0.0036695456038749745 0.0087484229401753946 0.0049305361415167542 -0.011023102480151072 0.0081819249101542368 -0.012748109825567053 -0.0097857250656987974 -0.020560846957640797
leaf_weight=133.10632401704788 9.4552052170038206 31.216349598020315 1.8244463056325901 11.648983955383299 23.780850309878588 196.40410889685154 37.727661702781916 338.76116371527314 8.6919200271368009 330.63352906703949 8.7694981992244703 19.621160790324211 1.9913599789142598
leaf_count=159 42 204 10 1 120 570 17 373 86 157 27 260 10
internal_value=0 0.000758355 0.0047915 -0.000384912 -0.0135564 0.00194298 -0.00166293 0.00436715 0.00748061 0.00797051 0.002918 -0.0122596 -0.0136562
internal_weight=0 635.177 518.456 177.306 35.4298 582.348 234.132 348.216 341.15 332.458 141.876 52.8289 33.2077
internal_count=2036 1476 560 307 121 1002 587 415 253 167 186 474 214
is_linear=0
shrinkage=0.00895904


Tree=217
num_leaves=14
num_cat=0
split_feature=82 65 65 64 85 41 10 11 59 64 86 64 106
split_gain=57.1573 120.629 89.0464 94.6125 123.074 62.4754 60.148 48.3654 38.2969 31.0385 28.6402 1.89653 0.916818
threshold=0.087121212121212113 10.500000000000002 7.5000000000000009 9.8500000000000032 50.500000000000007 0.8500000000000002 1.5000000000000002 3.5000000000000004 250.00000000000003 17.250000000000004 31.500000000000004 105.00000000000001 0.36666666666666675
decision_type=2 2 2 2 2 2 2 2 2 2 2 2 2
left_child=2 5 3 10 -5 7 -7 -2 9 -4 -1 12 -3
right_child=1 11 8 4 -6 6 -8 -9 -10 -11 -12 -13 -14
leaf_value=0.003940052517068672 0.0048463713020401476 -0.013050415606717835 -0.027089116360594107 0.0104333354250912 -0.024994718982165723 -0.0036345055477324433 0.0087163948069643622 -0.017537085127033818 -0.011003388799285536 0.0081536739037497766 -0.012575344794744696 -0.0097764196907401436 -0.020370273141932967
leaf_weight=132.82305201888084 339.67440690472722 31.037524957209826 1.8361538276076306 11.565550804138182 23.864298332482576 196.52238474786282 37.528645124286413 7.74466299265623 8.6301023215055448 328.81552669778466 8.812765493988989 19.464766643941402 1.993762969970702
leaf_count=159 379 204 10 1 120 570 17 36 86 157 27 260 10
internal_value=0 0.000752881 0.00476794 -0.000382089 -0.0134352 0.00192852 -0.00164852 0.00433795 0.00745443 0.00794233 0.0028967 -0.0122283 -0.0136078
internal_weight=0 633.966 516.347 177.066 35.4298 581.47 234.051 347.419 339.282 330.652 141.636 52.4961 33.0313
internal_count=2036 1476 560 307 121 1002 587 415 253 167 186 474 214
is_linear=0
shrinkage=0.00895904


Tree=218
num_leaves=15
num_cat=0
split_feature=92 49 78 88 73 64 88 84 101 91 64 59 48 46
split_gain=56.8663 51.9591 51.2955 47.7696 45.4192 42.3466 36.8067 34.9224 21.7794 18.4348 1.9557 0.609075 0.322714 0.0858565
threshold=0.13809523809523808 0.81534090909090928 75.000000000000014 17.500000000000004 35.050000000000004 107.65000000000002 12.500000000000002 0.63333333333333341 -2.004600000000003 -0.080128205128205079 10.950000000000001 250.00000000000003 0.8500000000000002 8.5000000000000018
decision_type=2 2 2 2 2 2 2 2 2 2 2 2 2 2
left_child=1 3 10 5 6 -1 -3 -5 -6 -4 12 -12 -2 -11
right_child=2 4 9 7 8 -7 -8 -9 -10 13 11 -13 -14 -15
leaf_value=0.0039881802715540354 -0.021968385384602173 -0.014416621610201139 0.0096374346490897995 -0.01934332540545268 0.0041251195412957044 -0.010062322134242793 0.0063941535968875217 0.0057390288665590339 -0.014743121007740036 -0.016430347203588696 -0.014386696730834874 -0.010242876935421969 -0.01517432019647506 -0.0099553982554255929
leaf_weight=988.59858973324299 3.7403936386108425 8.3747630417346937 13.541428901255133 12.35607146471739 5.7994952425360671 17.34385284408927 33.3425521440804 6.795160546898841 29.360914912074804 1.1522070020437234 12.908383376896383 7.2571850121021262 3.9945916086435318 2.417534027248621
leaf_count=1218 16 56 8 64 8 202 45 8 208 5 78 80 17 23
internal_value=0 0.00294361 -0.00731022 0.00347649 -0.00415255 0.00374404 0.00216908 -0.0104739 -0.0116248 0.00486951 -0.014763 -0.0130069 -0.0189138 -0.0127812
internal_weight=0 1101.97 45.0117 1025.09 76.8777 1005.94 41.7173 19.1512 35.1604 17.1112 27.9006 20.1656 7.73499 3.56974
internal_count=2036 1809 227 1492 317 1420 101 72 216 36 191 158 33 28
is_linear=0
shrinkage=0.00895904


Tree=219
num_leaves=15
num_cat=0
split_feature=73 55 3 74 31 83 73 65 86 64 87 65 64 86
split_gain=56.3137 88.295 58.6624 54.6821 54.4338 45.013 37.9555 37.3294 23.3925 15.7688 13.4183 3.19652 2.2385 0.467524
threshold=36.95000000000001 0.75000000000000011 68.500000000000014 1.5500000000000003 1.0000000180025095e-35 2.6500000000000008 34.850000000000001 7.5000000000000009 -427.99999999999994 2.9500000000000006 7.5000000000000009 7.5000000000000009 35.95000000000001 1.0000000180025095e-35
decision_type=2 2 2 2 2 2 2 2 2 2 2 2 2 2
left_child=2 3 5 13 10 7 -6 -1 -5 -3 -4 -7 -11 -2
right_child=1 9 4 8 6 11 -8 -9 -10 12 -12 -13 -14 -15
leaf_value=0.0022492796907250833 -0.013104253938726369 0.0028766573390047187 0.0068169298208054256 -0.0094293507366743565 0.0044806977787869989 -0.022402359440235133 -0.011407290956561894 0.0058664439654261156 0.0081392965608688521 -0.014486581655915837 -0.018034076525369383 -0.010509414296951106 -0.010362503976396754 -0.018910047804152726
leaf_weight=450.26282543689013 7.4079640023410303 5.5758875012397757 1.8083432316780115 6.6077531762421122 46.595064997673035 3.9923170283436757 16.072641003876925 466.68566918745637 59.81842514872551 31.030038651078939 20.175501547753811 4.3698943741619587 20.543608780950308 3.3722092360258102
leaf_count=630 43 9 2 30 71 19 82 532 41 168 102 46 245 16
internal_value=0 -0.00292285 0.00324788 0.0033242 -0.0038841 0.00390104 0.000383159 0.00409112 0.00636925 -0.0113456 -0.0159477 -0.0165643 -0.0128886 -0.0152207
internal_weight=0 134.356 1009.96 77.2064 84.6516 925.311 62.6677 916.948 66.4262 57.1495 21.9838 8.36221 51.5736 10.7802
internal_count=2036 552 1484 130 257 1227 153 1162 71 422 104 65 413 59
is_linear=0
shrinkage=0.00895904


Tree=220
num_leaves=14
num_cat=0
split_feature=82 65 65 64 85 41 10 93 59 64 86 64 106
split_gain=55.7884 118.276 88.189 92.9375 120.29 61.0481 58.8816 47.7569 37.5072 30.5294 28.0248 1.84748 0.849585
threshold=0.087121212121212113 10.500000000000002 7.5000000000000009 9.8500000000000032 50.500000000000007 0.8500000000000002 1.5000000000000002 -0.21825396825396817 250.00000000000003 17.250000000000004 31.500000000000004 105.00000000000001 0.36666666666666675
decision_type=2 2 2 2 2 2 2 2 2 2 2 2 2
left_child=2 5 3 10 -5 7 -7 -2 9 -4 -1 12 -3
right_child=1 11 8 4 -6 6 -8 -9 -10 -11 -12 -13 -14
leaf_value=0.0038747849997100236 -0.015391437268506168 -0.01302284221127226 -0.026816377927362786 0.010404532998044141 -0.024746567284118195 -0.0036158237507355946 0.0086653419188273319 0.004839143868154705 -0.010983633527304505 0.0080995245188312612 -0.012440877396237521 -0.0097551325222459909 -0.020152753211028166
leaf_weight=132.06611885130405 9.4514235816895944 30.811172127723694 1.8406237438321102 11.433029174804686 23.900583744049072 196.00596903637052 37.102926652878523 335.7520382553339 8.5171004608273488 324.74826648831367 8.8412826210260373 19.088705033063889 1.9953063055872906
leaf_count=159 42 204 10 1 120 570 17 373 86 157 27 260 10
internal_value=0 0.000721819 0.00470446 -0.000425843 -0.0133772 0.00188589 -0.00165548 0.00427696 0.00740139 0.00788708 0.00283541 -0.0122092 -0.0135716
internal_weight=0 630.208 511.347 176.241 35.3336 578.312 233.109 345.203 335.106 326.589 140.907 51.8952 32.8065
internal_count=2036 1476 560 307 121 1002 587 415 253 167 186 474 214
is_linear=0
shrinkage=0.00895904


Tree=221
num_leaves=15
num_cat=0
split_feature=92 49 78 88 73 64 64 84 101 91 64 59 48 46
split_gain=55.4872 50.5064 50.3712 46.7588 44.4383 41.3656 36.2033 34.1493 21.5837 18.0698 1.84403 0.578176 0.288992 0.073255
threshold=0.13809523809523808 0.81534090909090928 75.000000000000014 17.500000000000004 35.050000000000004 107.65000000000002 15.850000000000003 0.63333333333333341 -2.004600000000003 -0.080128205128205079 10.950000000000001 250.00000000000003 0.8500000000000002 8.5000000000000018
decision_type=2 2 2 2 2 2 2 2 2 2 2 2 2 2
left_child=1 3 10 5 6 -1 -3 -5 -6 -4 12 -12 -2 -11
right_child=2 4 9 7 8 -7 -8 -9 -10 13 11 -13 -14 -15
leaf_value=0.0039261605724292513 -0.021703658019810137 0.0067132955040493389 0.0095949854618830027 -0.019178123307522017 0.004117526492686715 -0.010053983940145792 -0.013006898535015545 0.0056802684491824348 -0.014689604623435723 -0.016291665550812587 -0.01431390843701676 -0.010213289531928765 -0.015056932631107937 -0.0099082127742453601
leaf_weight=981.13382152467966 3.755983084440234 31.940286621451378 13.408449582755567 12.327422235161068 5.7932206243276587 17.108586244285107 9.5482980087399465 6.7565367370843878 29.063982333987951 1.1476527750492089 12.807338904589416 7.1389089152216902 3.9798856228590012 2.3799769505858421
leaf_count=1218 16 28 8 64 8 202 73 8 208 5 78 80 17 23
internal_value=0 0.00289083 -0.00728202 0.00341838 -0.00412951 0.00368465 0.00213541 -0.0104071 -0.0115578 0.00485489 -0.0146906 -0.0129584 -0.0187331 -0.0127227
internal_weight=0 1093.67 44.6182 1017.33 76.3458 998.242 41.4886 19.084 34.8572 16.9361 27.6821 19.9462 7.73587 3.52763
internal_count=2036 1809 227 1492 317 1420 101 72 216 36 191 158 33 28
is_linear=0
shrinkage=0.00895904


Tree=222
num_leaves=14
num_cat=0
split_feature=82 65 65 64 85 41 10 11 59 64 68 64 106
split_gain=54.9268 116.152 87.6324 91.3893 117.705 59.8626 57.8884 47.269 36.9105 29.9701 27.4818 1.78911 0.790873
threshold=0.087121212121212113 10.500000000000002 7.5000000000000009 9.8500000000000032 50.500000000000007 0.8500000000000002 1.5000000000000002 3.5000000000000004 250.00000000000003 17.250000000000004 1436.5000000000002 105.00000000000001 0.36666666666666675
decision_type=2 2 2 2 2 2 2 2 2 2 2 2 2
left_child=2 5 3 10 -5 7 -7 -2 9 -4 -1 12 -3
right_child=1 11 8 4 -6 6 -8 -9 -10 -11 -12 -13 -14
leaf_value=0.0036359190239740585 0.0047354259732535521 -0.01298417604430856 -0.026464707485831535 0.010380108337728348 -0.024495508203124572 -0.0035945284738303799 0.0086241226113510528 -0.017418562075776349 -0.010969593276280085 0.0080639333807746502 -0.015635159052947316 -0.0097359480529326855 -0.01994079907426384
leaf_weight=134.35248416662216 335.96514838561416 30.604023508727551 1.8486391156911839 11.319670677185057 23.950569164007902 195.81787265464664 36.80905581638217 7.7276658304035655 8.4236661270260793 322.02981251478195 6.0264368802309027 18.762734025716782 1.9970550835132588
leaf_count=166 379 204 10 1 120 570 17 36 86 157 20 260 10
internal_value=0 0.000701288 0.00466389 -0.000454334 -0.0133063 0.00185325 -0.00165555 0.00422783 0.00736806 0.00785126 0.00278829 -0.0121826 -0.0135249
internal_weight=0 627.684 507.951 175.649 35.2702 576.32 232.627 343.693 332.302 323.878 140.379 51.3638 32.6011
internal_count=2036 1476 560 307 121 1002 587 415 253 167 186 474 214
is_linear=0
shrinkage=0.00895904


Tree=223
num_leaves=14
num_cat=0
split_feature=92 78 49 61 84 73 68 88 101 91 64 59 46
split_gain=54.4454 49.4822 49.4177 45.957 46.6551 43.6454 40.5404 35.8476 21.4167 17.8 1.75285 0.862968 0.0627596
threshold=0.13809523809523808 75.000000000000014 0.81534090909090928 0.042572463768115909 0.55000000000000016 35.050000000000004 1322.0000000000002 12.500000000000002 -2.004600000000003 -0.080128205128205079 41.900000000000006 250.00000000000003 8.5000000000000018
decision_type=2 2 2 2 2 2 2 2 2 2 2 2 2
left_child=2 10 3 4 -1 7 -5 -4 -7 -3 11 -2 -11
right_child=1 9 5 6 -6 8 -8 -9 -10 12 -12 -13 -14
leaf_value=-0.0087677413585722647 -0.017177117216547338 0.0095480041229939281 -0.014352061413220995 0.001783593989149848 0.0067401140761311701 0.0041101520543492297 0.0055319187743083365 0.0063045696202593581 -0.014637965572538264 -0.016188605856174685 -0.010480025611750377 -0.011022169453923614 -0.0098833997837866009
leaf_weight=46.70891622826457 16.005318939685829 13.301067940890791 8.2744229771196824 410.81920338794589 23.140594534575939 5.7916809245944014 531.52467160671949 32.98903065174818 28.839679095894098 1.145397633314132 7.7758248709142199 3.7190912403166285 2.355179600417614
leaf_count=266 73 8 56 723 22 8 481 45 208 5 93 25 23
internal_value=0 -0.00725648 0.00285577 0.00337871 -0.00362542 -0.00410926 0.00389854 0.00211468 -0.0114966 0.00482381 -0.0146202 -0.0161348 -0.012685
internal_weight=0 44.3019 1088.09 1012.19 69.8495 75.8948 942.344 41.2635 34.6314 16.8016 27.5002 19.7244 3.50058
internal_count=2036 227 1809 1492 288 317 1204 101 216 36 191 98 28
is_linear=0
shrinkage=0.00895904


Tree=224
num_leaves=15
num_cat=0
split_feature=59 90 30 19 64 100 104 15 10 64 39 86 47 49
split_gain=53.9391 49.1574 44.7088 89.0331 85.2364 48.8708 43.6177 31.2737 29.5246 18.693 49.168 0.793579 0.420525 0.327004
threshold=250.00000000000003 -0.27922077922077915 1.5000000000000002 14.500000000000002 8.0500000000000025 2.0953999999999984 -5.4999999999999991 1.5000000000000002 1.0000000180025095e-35 27.850000000000005 9.5000000000000018 -1111.4999999999998 35.45000000000001 0.12916666666666668
decision_type=2 2 2 2 2 2 2 2 2 2 2 2 2 2
left_child=2 7 3 5 -5 -1 -3 11 -8 10 -4 -2 -9 -11
right_child=1 6 9 4 -6 -7 8 12 -10 13 -12 -13 -14 -15
leaf_value=0.00356345187999929 0.010980508661381148 0.010359616690445935 -0.024757851083438486 0.00049724409728051924 -0.019674119990572697 -0.016042554172199193 -0.010590530586131758 -0.018319903092223203 0.0033617546671218614 0.01002844251903123 0.0098724527919780512 0.0077460588520529717 -0.01080543472127779 0.0086177730996940885
leaf_weight=793.22847960889339 16.435368537902836 11.223870277404783 4.6260130554437628 44.503641247749329 26.822272308170795 10.151264250278471 73.023534115403891 1.4873294681310643 14.503999162465332 73.259273342788219 10.193545237183569 14.425641335546969 3.9799442887306213 31.797678526490927
leaf_count=1060 2 1 22 73 154 56 540 8 37 7 6 17 35 18
internal_value=0 -0.0028662 0.00316423 0.00245986 -0.00712031 0.00331193 -0.00614174 0.00602263 -0.00827599 0.00829154 -0.00111408 0.00952639 -0.0134043 0.00961814
internal_weight=0 135.08 994.582 874.706 71.3259 803.38 98.7514 36.3283 87.5275 119.877 14.8196 30.861 5.46727 105.057
internal_count=2036 640 1396 1343 227 1116 578 62 577 53 28 19 43 25
is_linear=0
shrinkage=0.00895904


Tree=225
num_leaves=14
num_cat=0
split_feature=82 65 65 64 85 41 10 93 59 64 86 64 106
split_gain=53.5354 113.79 86.7737 89.7465 114.405 58.2517 56.7423 46.787 36.0124 29.2856 27.5188 1.72832 0.749023
threshold=0.087121212121212113 10.500000000000002 7.5000000000000009 9.8500000000000032 50.500000000000007 0.8500000000000002 1.5000000000000002 -0.21825396825396817 250.00000000000003 17.250000000000004 31.500000000000004 105.00000000000001 0.36666666666666675
decision_type=2 2 2 2 2 2 2 2 2 2 2 2 2
left_child=2 5 3 10 -5 7 -7 -2 9 -4 -1 12 -3
right_child=1 11 8 4 -6 6 -8 -9 -10 -11 -12 -13 -14
leaf_value=0.0037654528182569018 -0.015314991433508975 -0.012944101457485684 -0.026042468955287907 0.010342334466180464 -0.024215299981139676 -0.0035693043516934479 0.0085776998970866405 0.0047284833440222485 -0.010938637615914629 0.0080092848162955817 -0.012406038598193414 -0.009722269064912633 -0.019777488162103059
leaf_weight=130.82298241555691 9.4351724535226804 30.310858748853207 1.8585835769772518 11.142587661743162 23.987010292708874 195.27367531135678 36.468036618083715 331.90888819471002 8.2913524918258172 317.97531484812498 8.8422235548496229 18.463794942945242 1.995683304965495
leaf_count=159 42 204 10 1 120 570 17 373 86 157 27 260 10
internal_value=0 0.000673247 0.00460147 -0.000497129 -0.0132569 0.00181353 -0.00165219 0.00416612 0.00731631 0.00779588 0.00272589 -0.0121561 -0.0134809
internal_weight=0 623.856 502.92 174.795 35.1296 573.086 231.742 341.344 328.125 319.834 139.665 50.7703 32.3065
internal_count=2036 1476 560 307 121 1002 587 415 253 167 186 474 214
is_linear=0
shrinkage=0.00895904


Tree=226
num_leaves=15
num_cat=0
split_feature=92 78 49 65 63 66 64 91 99 64 64 59 48 46
split_gain=53.136 48.5252 48.3623 86.4578 55.859 53.1045 42.5542 17.507 3.08008 1.69767 1.31096 0.511235 0.248546 0.0547063
threshold=0.13809523809523808 75.000000000000014 0.39444444444444454 9.5000000000000018 5.5000000000000009 1713.5000000000002 27.850000000000005 -0.080128205128205079 -0.46174999999999849 10.950000000000001 51.150000000000013 250.00000000000003 0.8500000000000002 4.5000000000000009
decision_type=2 2 2 2 2 2 2 2 2 2 2 2 2 2
left_child=2 9 5 4 -4 6 -1 -3 -7 12 -5 -11 -2 -9
right_child=1 7 3 10 -6 8 -8 13 -10 11 -12 -13 -14 -15
leaf_value=0.0023284722437436683 -0.021307446332387087 0.0095078642346902685 0.005238086868439587 -0.014894917526403977 -0.0022418107582951818 -0.026216023228789027 0.0067225110724109865 -0.016671341663673872 -0.013506865875332829 -0.014147521374261339 -0.01092417719410806 -0.010149452666746803 -0.014858406271681774 -0.010115996141393892
leaf_weight=373.82281215488911 3.775653779506686 13.157504931092264 168.94924222305417 11.800717648118733 152.12454241514206 2.8777557164430618 336.21311474964023 0.92379593849182073 5.0610874369740477 12.617463875561954 28.86716203764081 6.8900342695415011 3.9590535759925842 2.5410566553473473
leaf_count=507 16 8 194 64 374 14 307 4 30 78 319 80 17 24
internal_value=0 -0.00723375 0.00280518 0.000133672 0.00169483 0.00415076 0.0044104 0.00479613 -0.0186254 -0.014557 -0.0121413 -0.0128489 -0.0184479 -0.0126513
internal_weight=0 43.8646 1079.72 361.742 321.074 717.975 710.036 16.6224 7.93884 27.2422 40.6679 19.5075 7.73471 3.46485
internal_count=2036 227 1809 951 568 858 814 36 44 191 383 158 33 28
is_linear=0
shrinkage=0.00895904


Tree=227
num_leaves=6
num_cat=0
split_feature=64 64 64 19 103
split_gain=52.5856 53.9209 61.4121 46.5923 12.833
threshold=107.65000000000002 105.00000000000001 80.450000000000017 49.500000000000007 0.24909673645990879
decision_type=2 2 2 2 2
left_child=1 2 3 -1 -4
right_child=-2 -3 4 -5 -6
leaf_value=0.002569275601891725 -0.0099134856276899865 0.009772714697200844 -0.036900548719365822 -0.021775718580155822 -0.012202643505049649
leaf_weight=992.53746744245291 26.997081149369478 80.032762885093689 1.8375866338610638 6.1604426726698867 13.38414630293846
leaf_count=1520 360 12 11 32 101
internal_value=0 0.00270139 0.00214146 0.00241494 -0.015607
internal_weight=0 1093.95 1013.92 998.698 15.2217
internal_count=2036 1676 1664 1552 112
is_linear=0
shrinkage=0.00895904


Tree=228
num_leaves=15
num_cat=0
split_feature=92 78 49 88 73 64 88 84 101 91 64 59 48 46
split_gain=52.329 47.8414 47.6159 45.4821 42.6172 39.2668 35.1142 33.1 21.1928 17.2887 1.60715 0.491974 0.212678 0.0453516
threshold=0.13809523809523808 75.000000000000014 0.81534090909090928 17.500000000000004 35.050000000000004 107.65000000000002 12.500000000000002 0.63333333333333341 -2.004600000000003 -0.080128205128205079 10.950000000000001 250.00000000000003 0.8500000000000002 8.5000000000000018
decision_type=2 2 2 2 2 2 2 2 2 2 2 2 2 2
left_child=2 10 3 5 6 -1 -4 -5 -6 -3 12 -12 -2 -11
right_child=1 9 4 7 8 -7 -8 -9 -10 13 11 -13 -14 -15
leaf_value=0.0037881651712616412 -0.021081248835080026 0.0094691342192477421 -0.014311848724908705 -0.019044284097923362 0.0040835358025592709 -0.010033817143427598 0.0062325207931554607 0.0055503681268621692 -0.014604285223798233 -0.016006482054126383 -0.014104167819674766 -0.010136611448301745 -0.014783901816470742 -0.0098306890831643436
leaf_weight=964.61405889317393 3.7881038635969189 13.067091777920725 8.1885503455996496 12.255664356052877 5.77845624834299 16.604884792119265 32.719833791255951 6.6749500930309287 28.467475038021803 1.1410635560750955 12.552909240126612 6.8216359056532374 3.9505182057619095 2.3022921904921532
leaf_count=1218 16 8 56 64 8 202 45 8 208 5 78 80 17 23
internal_value=0 -0.00722017 0.00276931 0.00328623 -0.00410052 0.00355233 0.00207215 -0.0104023 -0.0114452 0.00476944 -0.0145042 -0.0128212 -0.0183038 -0.0126186
internal_weight=0 43.6236 1075.3 1000.15 75.1543 981.219 40.9084 18.9306 34.2459 16.5104 27.1132 19.3745 7.73862 3.44336
internal_count=2036 227 1809 1492 317 1420 101 72 216 36 191 158 33 28
is_linear=0
shrinkage=0.00895904


Tree=229
num_leaves=14
num_cat=0
split_feature=82 65 65 64 85 41 10 93 59 64 68 64 106
split_gain=51.975 110.395 86.087 88.2411 111.874 57.0303 55.4857 46.001 35.1595 28.7811 27.1084 1.64217 0.679851
threshold=0.087121212121212113 10.500000000000002 7.5000000000000009 9.8500000000000032 50.500000000000007 0.8500000000000002 1.5000000000000002 -0.21825396825396817 250.00000000000003 17.250000000000004 1436.5000000000002 104.10000000000001 0.36666666666666675
decision_type=2 2 2 2 2 2 2 2 2 2 2 2 2
left_child=2 5 3 10 -5 7 -7 -2 9 -4 -1 12 -3
right_child=1 11 8 4 -6 6 -8 -9 -10 -11 -12 -13 -14
leaf_value=0.0034981178176555741 -0.015226359076809059 -0.012900311298774491 -0.025792566667998687 0.010310992739367609 -0.024012444372537526 -0.0035707231978104512 0.0085113121745517342 0.0046516408336168521 -0.010931959451094441 0.0079485873844340905 -0.015655563067308816 -0.0097310903467825016 -0.019528462429154788
leaf_weight=132.77124212682247 9.4334255121648294 29.613159213215116 1.8607684448361386 10.994044303894041 24.009778086096048 194.84497080743313 35.979078937321901 329.52399273216724 8.151915140449999 312.90212135761976 6.0200176388025275 18.298124220222235 1.9952089637517918
leaf_count=166 42 201 10 1 120 570 17 373 86 157 20 263 10
internal_value=0 0.000631414 0.0045211 -0.000562694 -0.013234 0.00175198 -0.00168188 0.00409007 0.00725602 0.00773349 0.00264675 -0.0121194 -0.0134345
internal_weight=0 619.688 496.71 173.795 35.0038 569.781 230.824 338.957 322.915 314.763 138.791 49.9065 31.6084
internal_count=2036 1476 560 307 121 1002 587 415 253 167 186 474 211
is_linear=0
shrinkage=0.00895904


Tree=230
num_leaves=15
num_cat=0
split_feature=68 64 100 67 98 42 64 64 64 36 59 64 64 64
split_gain=51.6634 75.2519 68.8171 62.1461 48.5277 46.728 45.5272 41.3061 14.4061 1.93643 1.57685 1.48217 1.24991 0.208146
threshold=1322.0000000000002 51.850000000000001 1.1836500000000003 1504.0000000000002 2.2452500000000026 0.71825396825396837 5.7500000000000009 37.300000000000004 2.9500000000000006 -1.0000000180025095e-35 250.00000000000003 23.650000000000002 107.65000000000002 105.00000000000001
decision_type=2 2 2 2 2 2 2 2 2 2 2 2 2 2
left_child=1 3 4 5 7 -1 -5 -2 -4 12 -10 -6 -3 -11
right_child=2 9 8 6 11 -7 -8 -9 10 13 -12 -13 -14 -15
leaf_value=0.0033671161551933095 0.0027718715145928856 -0.024665194080665399 0.0086988056497748923 0.001155852580499969 -0.019570553076816918 -0.0049752943473068663 -0.018938151443345652 0.0076209790334344904 -0.016622620180233444 -0.011804423737852803 -0.010594279044243994 -0.011192435102068266 -0.0094380962395473125 -0.009666003566220981
leaf_weight=378.82164458185434 299.68699599802494 1.5066533237695687 2.3323033303022411 16.312145531177521 4.4652149900794011 62.648401856422424 20.074205920100212 266.71119491383433 11.189086612313988 21.978509712964296 7.4538434296846381 4.587918359786272 1.0797377005219457 14.426383901387451
leaf_count=509 401 7 2 26 20 177 103 207 63 180 78 45 7 211
internal_value=0 0.0002743 0.00414402 0.00125258 0.00472626 0.00218156 -0.00997044 0.00505711 -0.0117268 -0.011662 -0.0143457 -0.0156468 -0.0194049 -0.0110126
internal_weight=0 516.848 596.427 477.856 575.451 441.47 36.3864 566.398 20.9752 38.9913 18.6429 9.05313 2.58639 36.4049
internal_count=2036 1220 816 815 673 686 129 608 143 405 141 65 14 391
is_linear=0
shrinkage=0.00895904


Tree=231
num_leaves=15
num_cat=0
split_feature=92 78 49 65 47 66 64 91 99 64 64 59 48 46
split_gain=51.1277 46.8883 46.4271 83.2575 54.6985 51.7438 41.9001 17.0349 2.92873 1.52632 1.23639 0.458514 0.194365 0.0396421
threshold=0.13809523809523808 75.000000000000014 0.39444444444444454 9.5000000000000018 37.95000000000001 1713.5000000000002 27.850000000000005 -0.080128205128205079 -0.46174999999999849 10.950000000000001 51.150000000000013 250.00000000000003 0.8500000000000002 4.5000000000000009
decision_type=2 2 2 2 2 2 2 2 2 2 2 2 2 2
left_child=2 9 5 4 -4 6 -1 -3 -7 12 -5 -11 -2 -9
right_child=1 7 3 10 -6 8 -8 13 -10 11 -12 -13 -14 -15
leaf_value=0.0022415999599016364 -0.02086834939575704 0.0094291219401150348 0.0025342813449743032 -0.014786051337625129 -0.013412113443695809 -0.025850032070177695 0.0066315980144897304 -0.016488387763049821 -0.013414640621601135 -0.014021638740488033 -0.010881448069825285 -0.010109673080818603 -0.014671482208992791 -0.010062478511780807
leaf_weight=371.26515631750226 3.799394071102145 12.930161044001581 300.61919315159321 11.703294549137352 18.127002343535423 2.8947362154722214 329.62373324483633 0.9237136691808695 5.0168049708008757 12.454479042440655 28.080135982483625 6.6996903903782359 3.9388339221477509 2.4902161806821823
leaf_count=507 16 8 462 64 106 14 307 4 30 78 319 80 17 24
internal_value=0 -0.00719811 0.00271965 9.21919e-05 0.00161984 0.00404827 0.00430747 0.00473584 -0.0184706 -0.0144341 -0.012096 -0.0127681 -0.0181473 -0.0125905
internal_weight=0 43.2365 1067.33 358.53 318.746 708.8 700.889 16.3441 7.91154 26.8924 39.7834 19.1542 7.73823 3.41393
internal_count=2036 227 1809 951 568 858 814 36 44 191 383 158 33 28
is_linear=0
shrinkage=0.00895904


Tree=232
num_leaves=15
num_cat=0
split_feature=68 64 100 67 98 42 64 64 64 36 59 64 64 64
split_gain=50.7302 74.0227 67.5986 60.9708 47.6983 45.7907 44.7538 40.9044 14.2022 1.87515 1.51293 1.3951 1.19412 0.193814
threshold=1322.0000000000002 51.850000000000001 1.1836500000000003 1504.0000000000002 2.2452500000000026 0.71825396825396837 5.7500000000000009 37.300000000000004 2.9500000000000006 -1.0000000180025095e-35 250.00000000000003 23.650000000000002 107.65000000000002 105.00000000000001
decision_type=2 2 2 2 2 2 2 2 2 2 2 2 2 2
left_child=1 3 4 5 7 -1 -5 -2 -4 12 -10 -6 -3 -11
right_child=2 9 8 6 11 -7 -8 -9 10 13 -12 -13 -14 -15
leaf_value=0.0033275054138160618 0.0027376266374392459 -0.024398620298327903 0.0086425522711170086 0.0011363459542392928 -0.019386326041327406 -0.0049330623175914247 -0.018805435595259237 0.0075784643255372283 -0.016527487239974225 -0.0117727339906144 -0.010576497863326912 -0.011178508219369769 -0.0094304885375110399 -0.0096557959156238476
leaf_weight=377.52052796632051 298.84079014509916 1.5152016133069985 2.3223361819982555 16.290504589676857 4.464398078620432 62.644219990819693 20.020585022866726 264.18408095091581 11.13556143268943 21.769097734242678 7.3827109932899466 4.5408094339072704 1.0778869092464445 14.249268788844345
leaf_count=509 401 7 2 26 20 177 103 207 63 180 78 45 7 211
internal_value=0 0.000259676 0.00410312 0.00122827 0.00468178 0.00215018 -0.00989919 0.0050109 -0.0116769 -0.0116396 -0.0142887 -0.0155689 -0.0192609 -0.0109913
internal_weight=0 515.087 592.871 476.476 572.03 440.165 36.3111 563.025 20.8406 38.6115 18.5183 9.00521 2.59309 36.0184
internal_count=2036 1220 816 815 673 686 129 608 143 405 141 65 14 391
is_linear=0
shrinkage=0.00895904


Tree=233
num_leaves=14
num_cat=0
split_feature=92 78 49 88 73 15 71 84 101 91 59 64 46
split_gain=50.2061 46.1068 45.7376 44.155 41.5479 38.5629 34.4576 32.1228 20.8438 16.8255 1.44466 0.704166 0.0309125
threshold=0.13809523809523808 75.000000000000014 0.81534090909090928 17.500000000000004 35.050000000000004 18.500000000000004 7.5000000000000009 0.63333333333333341 -2.004600000000003 -0.080128205128205079 250.00000000000003 41.900000000000006 4.5000000000000009
decision_type=2 2 2 2 2 2 2 2 2 2 2 2 2
left_child=2 10 3 5 6 -1 -4 -5 -6 -3 11 -2 -11
right_child=1 9 4 7 8 -7 -8 -9 -10 12 -12 -13 -14
leaf_value=0.0040343246411398094 -0.016696779850700401 0.0093910047502355765 -0.01536275289979183 -0.018861252338510329 0.0040394712297807528 -0.0021003589930140378 0.0059123630345915348 0.0054599717998027372 -0.014557629277827186 -0.016386823366771355 -0.010274894387893724 -0.011038214665027423 -0.010040397919657277
leaf_weight=878.5514749661088 15.855219490826135 12.835786491632463 7.2873910889029494 12.189525332301857 5.7478602752089492 90.61497301235795 33.246717762202024 6.6156961172819129 28.052201140671968 0.92383649945259039 7.0086327753961077 3.8787897862493983 2.470607727766037
leaf_count=1183 73 8 51 64 8 237 50 8 208 4 82 36 24
internal_value=0 -0.00717185 0.00268581 0.00319586 -0.00408376 0.00346042 0.00203265 -0.0103351 -0.0113895 0.00470662 -0.014364 -0.0157024 -0.0125565
internal_weight=0 42.9729 1062.31 987.972 74.3342 969.166 40.5341 18.8052 33.8001 16.2302 26.7426 19.734 3.39444
internal_count=2036 227 1809 1492 317 1420 101 72 216 36 191 109 28
is_linear=0
shrinkage=0.00895904


Tree=234
num_leaves=15
num_cat=0
split_feature=59 90 30 19 64 100 104 15 10 64 39 86 47 49
split_gain=50.0413 47.3446 43.2928 85.617 81.3855 46.3944 41.4933 30.4072 28.7762 18.5283 47.3121 0.753563 0.442129 0.297305
threshold=250.00000000000003 -0.27922077922077915 1.5000000000000002 14.500000000000002 8.0500000000000025 2.0953999999999984 -5.4999999999999991 1.5000000000000002 1.0000000180025095e-35 27.850000000000005 9.5000000000000018 -1111.4999999999998 35.45000000000001 0.12916666666666668
decision_type=2 2 2 2 2 2 2 2 2 2 2 2 2 2
left_child=2 7 3 5 -5 -1 -3 11 -8 10 -4 -2 -9 -11
right_child=1 6 9 4 -6 -7 8 12 -10 13 -12 -13 -14 -15
leaf_value=0.0033919383178913527 0.010891652559328601 0.010273340423378532 -0.024293315212012733 0.00033692326763749099 -0.019496857855918787 -0.015889219911070111 -0.010544747679254755 -0.018421423778876789 0.0033148567622792368 0.0099305185349867139 0.009723617759011597 0.0076882634787847921 -0.010747817000310881 0.0085329746005670688
leaf_weight=775.7270267829299 15.990319252014162 10.813660621643065 4.649526819586753 43.948540925979614 26.491069532930851 9.9610181264579278 71.397478591650724 1.4718987494707096 14.354515913873909 69.768156372010708 9.9992969334125501 14.101896122097967 3.8625201545655727 30.439571525901556
leaf_count=1060 2 1 22 73 154 56 540 8 37 7 6 17 35 18
internal_value=0 -0.00288721 0.00298897 0.00229491 -0.00715453 0.00314365 -0.0061346 0.00594929 -0.00822224 0.0081498 -0.00124602 0.00944929 -0.0134341 0.00952329
internal_weight=0 131.992 970.984 856.128 70.4396 785.688 96.5657 35.4266 85.752 114.857 14.6488 30.0922 5.33442 100.208
internal_count=2036 640 1396 1343 227 1116 578 62 577 53 28 19 43 25
is_linear=0
shrinkage=0.00895904


Tree=235
num_leaves=15
num_cat=0
split_feature=68 64 100 67 98 106 64 64 64 36 59 64 64 64
split_gain=49.5576 72.5764 65.9784 59.6492 46.7038 44.751 43.8256 40.6553 13.9542 1.78989 1.45296 1.28394 1.11929 0.180846
threshold=1322.0000000000002 51.850000000000001 1.1836500000000003 1504.0000000000002 2.2452500000000026 1.0000000180025095e-35 5.7500000000000009 37.300000000000004 2.9500000000000006 -1.0000000180025095e-35 250.00000000000003 23.650000000000002 107.65000000000002 105.00000000000001
decision_type=2 2 2 2 2 2 2 2 2 2 2 2 2 2
left_child=1 3 4 5 7 -1 -5 -2 -4 12 -10 -6 -3 -11
right_child=2 9 8 6 11 -7 -8 -9 10 13 -12 -13 -14 -15
leaf_value=-0.00011321029247765154 0.0026780396445383265 -0.024039108306423151 0.008583134695993198 0.0011006604823922852 -0.019145454621791121 0.0057988443270296309 -0.018670332192634666 0.0075256046380865723 -0.016422838151125267 -0.011744181088686845 -0.010533194268775999 -0.011171138046825983 -0.0094131969716049757 -0.0096447686911816915
leaf_weight=273.64219009131193 297.19394614547491 1.5269675254821771 2.3067510128021267 16.238336309790611 4.4668878689408285 164.3647705167532 19.932128373533487 261.0547530837357 11.073794309049847 21.538859911262989 7.2606707178056231 4.4958074428141117 1.0724939480423925 14.049586046487091
leaf_count=536 401 7 2 26 20 150 103 207 63 180 78 45 7 211
internal_value=0 0.000233595 0.00404526 0.00119228 0.00461907 0.00210684 -0.00983471 0.00494676 -0.0116192 -0.0116164 -0.0142246 -0.0154651 -0.0190723 -0.010972
internal_weight=0 512.365 587.853 474.177 567.211 438.007 36.1705 558.249 20.6412 38.1879 18.3345 8.9627 2.59946 35.5884
internal_count=2036 1220 816 815 673 686 129 608 143 405 141 65 14 391
is_linear=0
shrinkage=0.00895904


Tree=236
num_leaves=14
num_cat=0
split_feature=61 56 68 106 100 84 56 73 40 62 64 64 63
split_gain=48.974 52.3779 47.0493 70.5639 54.775 40.6776 33.7552 25.3973 20.6325 18.9886 17.2433 2.94287 1.14171
threshold=0.033908045977011456 0.90454545454545465 1322.0000000000002 1.0000000180025095e-35 1.2228999999999994 0.77500000000000013 0.80625000000000013 34.150000000000013 35.45000000000001 2.5000000000000004 2.9500000000000006 22.750000000000004 1.5000000000000002
decision_type=2 2 2 2 2 2 2 2 2 2 2 2 2
left_child=5 2 3 -2 -4 6 10 9 -8 -3 -1 -9 -7
right_child=1 7 4 -5 -6 12 8 11 -10 -11 -12 -13 -14
leaf_value=0.0045739542620638418 -0.0017807480621963763 0.0088092214125696858 0.0054049269065934045 0.0055900657492431649 -0.011357824926663757 0.010933426218133075 0.0087380301085510422 -0.019868407929329042 -0.01115385375081078 -0.016564913759162164 -0.013509185046856808 -0.011834924405186806 0.0058941694721125456
leaf_weight=4.6139077097177497 278.44100742787123 7.9146684743464011 526.65366363152862 166.38738819211721 15.950461801141499 6.8202862739563015 13.034874867647888 8.3673044815659541 5.9368750192224971 3.1531153358519077 41.682578612118959 8.91725931689143 9.7295264303684217
leaf_count=7 737 6 491 157 96 2 15 38 69 19 310 79 10
internal_value=0 0.00279271 0.00313805 0.000977464 0.00490829 -0.00440538 -0.00758429 -0.00917419 0.00246283 0.00141965 -0.0116951 -0.0159002 0.00807348
internal_weight=0 1015.78 987.433 444.828 542.604 81.818 65.2682 28.3523 18.9717 11.0678 46.2965 17.2846 16.5498
internal_count=2036 1623 1481 894 587 413 401 142 84 25 317 117 12
is_linear=0
shrinkage=0.00895904


Tree=237
num_leaves=15
num_cat=0
split_feature=92 78 49 65 63 66 64 91 99 64 64 59 48 46
split_gain=48.7216 45.3396 44.6011 80.1169 53.4401 50.1592 41.1454 16.5449 2.79351 1.38723 1.15782 0.407468 0.177183 0.0260307
threshold=0.13809523809523808 75.000000000000014 0.39444444444444454 9.5000000000000018 5.5000000000000009 1713.5000000000002 27.850000000000005 -0.080128205128205079 -0.46174999999999849 10.950000000000001 51.150000000000013 250.00000000000003 0.8500000000000002 4.5000000000000009
decision_type=2 2 2 2 2 2 2 2 2 2 2 2 2 2
left_child=2 9 5 4 -4 6 -1 -3 -7 12 -5 -11 -2 -9
right_child=1 7 3 10 -6 8 -8 13 -10 11 -12 -13 -14 -15
leaf_value=0.0021436479279001342 -0.020519951036777704 0.009356945988830084 0.0050530981533061566 -0.014690194085187821 -0.0023275419101828738 -0.025467905843827934 0.0065286659310904698 -0.016298001863176228 -0.013282864953956454 -0.013881258250922826 -0.0108558432159899 -0.010049753250681122 -0.014448020074893184 -0.0099945370105609267
leaf_weight=367.96951618418097 3.8163847327232387 12.718173772096636 164.78243144974113 11.569509141147135 150.47628818079829 2.9101255834102631 322.39907950907946 0.92323359847068731 4.9644820801913729 12.269191917032005 27.356138817965984 6.4666076041758052 3.9076659232378006 2.4327075369656086
leaf_count=507 16 8 194 64 374 14 307 4 30 78 319 80 17 24
internal_value=0 -0.00713942 0.00262096 3.11951e-05 0.0015309 0.00393422 0.00419271 0.00469434 -0.0182863 -0.0143112 -0.0120624 -0.012675 -0.0178747 -0.0125209
internal_weight=0 42.534 1052.43 354.184 315.259 698.243 690.369 16.0741 7.87461 26.4599 38.9256 18.7358 7.72405 3.35594
internal_count=2036 227 1809 951 568 858 814 36 44 191 383 158 33 28
is_linear=0
shrinkage=0.00895904


Tree=238
num_leaves=6
num_cat=0
split_feature=64 64 64 19 103
split_gain=48.2043 52.1437 58.1187 45.1174 12.2302
threshold=107.65000000000002 105.00000000000001 80.450000000000017 49.500000000000007 0.24909673645990879
decision_type=2 2 2 2 2
left_child=1 2 3 -1 -4
right_child=-2 -3 4 -5 -6
leaf_value=0.0023927232147736193 -0.0098834352719916179 0.0096799058292640402 -0.036173814047724739 -0.021610054362936202 -0.012093904759960899
leaf_weight=970.35657879337668 25.581257484853268 75.612378876656294 1.8583656325936306 6.1365639492869368 12.930401977151631
leaf_count=1520 360 12 11 32 101
internal_value=0 0.0025175 0.00196938 0.00223765 -0.015545
internal_weight=0 1066.89 991.282 976.493 14.7888
internal_count=2036 1676 1664 1552 112
is_linear=0
shrinkage=0.00895904


Tree=239
num_leaves=13
num_cat=0
split_feature=92 78 88 49 73 15 84 91 64 59 64 46
split_gain=47.9863 44.7101 44.4969 44.0542 40.7381 37.1105 31.2029 16.3407 2.06799 1.33442 0.617687 0.0168803
threshold=0.13809523809523808 75.000000000000014 17.500000000000004 0.81534090909090928 35.050000000000004 18.500000000000004 0.63333333333333341 -0.080128205128205079 34.650000000000013 250.00000000000003 41.900000000000006 4.5000000000000009
decision_type=2 2 2 2 2 2 2 2 2 2 2 2
left_child=2 9 3 5 -5 -1 8 -3 -4 10 -2 -9
right_child=1 7 6 4 -6 -7 -8 11 -10 -11 -12 -13
leaf_value=0.0039239306080382542 -0.016496450610603151 0.009319952323428058 -0.020583763833056871 0.0022276892983210885 -0.011263115047889126 -0.0021122419909735202 0.0053385627418316428 -0.016195379909677177 -0.011387689054865263 -0.010219359316112654 -0.011007087023785642 -0.0099751575710734751
leaf_weight=866.02417998760939 15.754042498767381 12.631015151739119 9.8604498729109782 39.481390379369259 32.694099597632885 90.146972596645355 6.5368604958057395 0.92319543659686987 3.5446230843663207 6.7824225947260848 3.7948825359344474 2.4117379635572433
leaf_count=1183 73 8 45 98 211 237 8 4 27 82 36 24
internal_value=0 -0.00712593 0.00258714 0.00284493 -0.00389672 0.00335451 -0.0106059 0.00466915 -0.0183483 -0.0142607 -0.015549 -0.0124891
internal_weight=0 42.2973 1048.29 1028.35 72.1755 956.171 19.9419 15.9659 13.4051 26.3313 19.5489 3.33493
internal_count=2036 227 1809 1729 309 1420 80 36 72 191 109 28
is_linear=0
shrinkage=0.00895904


Tree=240
num_leaves=15
num_cat=0
split_feature=59 90 30 19 64 100 104 15 64 64 39 86 47 49
split_gain=47.7531 46.2573 42.5704 83.2772 79.502 44.8188 40.7678 29.8766 28.5991 18.4519 46.0846 0.734453 0.441147 0.288924
threshold=250.00000000000003 -0.27922077922077915 1.5000000000000002 14.500000000000002 8.0500000000000025 2.0953999999999984 -5.4999999999999991 1.5000000000000002 2.6500000000000008 27.850000000000005 9.5000000000000018 -1111.4999999999998 35.45000000000001 0.12916666666666668
decision_type=2 2 2 2 2 2 2 2 2 2 2 2 2 2
left_child=2 7 3 5 -5 -1 -3 11 -8 10 -4 -2 -9 -11
right_child=1 6 9 4 -6 -7 8 12 -10 13 -12 -13 -14 -15
leaf_value=0.0032873538051155626 0.010844000475531244 0.01024657275169024 -0.023977176813041401 0.00026798507533845443 -0.019409256055501093 -0.015774514391458907 0.0084990840697638341 -0.018407754207976888 -0.0098018157195052334 0.0098802013566043553 0.0096312926925435239 0.0076550876688138573 -0.010711869328964176 0.0084793765565014546
leaf_weight=766.23717143759131 15.705543518066408 10.68414783477783 4.6657628715038291 43.692032471299171 26.263551007956266 9.843110438436268 7.3710195273160926 1.4652202129364003 77.419248066842556 67.837231926620007 9.8624354153871518 13.974142342805861 3.7983995899558067 29.693216569721699
leaf_count=1060 2 1 22 73 154 56 9 8 568 7 6 17 35 18
internal_value=0 -0.00288938 0.00288583 0.0021974 -0.00715198 0.00304173 -0.00611472 0.0059078 -0.00819505 0.00807065 -0.00133217 0.00940198 -0.0134291 0.00947139
internal_weight=0 130.418 958.095 846.036 69.9556 776.08 95.4744 34.9433 84.7903 112.059 14.5282 29.6797 5.26362 97.5304
internal_count=2036 640 1396 1343 227 1116 578 62 577 53 28 19 43 25
is_linear=0
shrinkage=0.00895904


Tree=241
num_leaves=14
num_cat=0
split_feature=61 56 68 106 100 84 72 64 73 62 64 64 63
split_gain=47.4781 51.2569 45.7378 69.2785 53.2165 39.8538 33.2524 32.3944 24.6427 18.6714 3.31079 2.78858 1.13868
threshold=0.033908045977011456 0.90454545454545465 1322.0000000000002 1.0000000180025095e-35 1.2228999999999994 0.77500000000000013 8.5000000000000018 7.2500000000000009 34.150000000000013 2.5000000000000004 10.950000000000001 22.750000000000004 1.5000000000000002
decision_type=2 2 2 2 2 2 2 2 2 2 2 2 2
left_child=5 2 3 -2 -4 6 10 -8 9 -3 -1 -10 -7
right_child=1 8 4 -5 -6 12 7 -9 11 -11 -12 -13 -14
leaf_value=-0.018103762375797194 -0.0018182043065929239 0.0087035231660086473 0.0053099568747988343 0.0055134166935908169 -0.011289554755335685 0.010875737066284768 0.0069922515187123063 -0.010747910441800353 -0.019688399037770244 -0.01655343322692001 -0.01169463673882002 -0.011806977327865432 0.0058205138208310614
leaf_weight=11.391118928790094 276.78946460038424 7.8184369653463381 519.27566546946764 164.93023519217968 15.803333654999731 6.7228291034698513 17.62474650144577 15.217250328510998 8.3646659851074237 3.1336804442107677 20.333281427621841 8.7748167105019075 9.6645053774118406
leaf_count=51 737 6 491 157 96 2 18 168 38 19 164 79 10
internal_value=0 0.00271106 0.00305482 0.000920446 0.00481579 -0.00441391 -0.00757863 -0.0012416 -0.00918117 0.00131465 -0.0140914 -0.0158297 0.00799737
internal_weight=0 1004.89 976.799 441.72 535.079 80.9537 64.5664 32.842 28.0916 10.9521 31.7244 17.1395 16.3873
internal_count=2036 1623 1481 894 587 413 401 186 142 25 215 117 12
is_linear=0
shrinkage=0.00895904


Tree=242
num_leaves=6
num_cat=0
split_feature=64 64 64 19 103
split_gain=46.8637 51.5324 56.9341 43.8352 11.5969
threshold=107.65000000000002 105.00000000000001 80.450000000000017 49.500000000000007 0.24909673645990879
decision_type=2 2 2 2 2
left_child=1 2 3 -1 -4
right_child=-2 -3 4 -5 -6
leaf_value=0.0023293951052771535 -0.0098724061187612788 0.0096470925677093599 -0.035440285626068761 -0.021331868224706452 -0.012075122485872858
leaf_weight=963.1946807615459 25.168688409030437 74.124336875975132 1.884094826877116 6.1357416287064543 12.785123009234665
leaf_count=1520 360 12 11 32 101
internal_value=0 0.00245274 0.001909 0.00217542 -0.0154956
internal_weight=0 1058.12 984 969.33 14.6692
internal_count=2036 1676 1664 1552 112
is_linear=0
shrinkage=0.00895904


Tree=243
num_leaves=13
num_cat=0
split_feature=92 78 88 49 64 15 84 91 64 59 64 46
split_gain=46.792 44.0254 43.5824 42.9504 39.9174 36.0588 30.4627 16.0539 1.95977 1.29161 0.578084 0.00859514
threshold=0.13809523809523808 75.000000000000014 17.500000000000004 0.81534090909090928 15.15 18.500000000000004 0.63333333333333341 -0.080128205128205079 34.650000000000013 250.00000000000003 41.900000000000006 4.5000000000000009
decision_type=2 2 2 2 2 2 2 2 2 2 2 2
left_child=2 9 3 5 -5 -1 8 -3 -4 10 -2 -9
right_child=1 7 6 4 -6 -7 -8 11 -10 -11 -12 -13
leaf_value=0.0038510170035411821 -0.016419104932892864 0.0092813320443521415 -0.020399875911779695 0.0010561756704203322 -0.012886265451101339 -0.0021107314528210396 0.005257231052675157 -0.016082461746771325 -0.011356850861725932 -0.010186865017457067 -0.011006255098743645 -0.0099363822718700878
leaf_weight=858.1914076320827 15.684787765145307 12.506786823272703 9.8479483425617236 46.321767240762711 25.369848590344191 89.839549109339714 6.4863237440586081 0.92204423248767797 3.5015336647629729 6.6460032686591139 3.753587692975997 2.3753162957727909
leaf_count=1183 73 8 45 82 227 237 8 4 27 82 36 24
internal_value=0 -0.00711427 0.00252337 0.00277997 -0.00389858 0.00328572 -0.0105675 0.0046513 -0.0182237 -0.0142256 -0.0154925 -0.0124496
internal_weight=0 41.8885 1039.56 1019.72 71.6916 948.031 19.8358 15.8041 13.3495 26.0844 19.4384 3.29736
internal_count=2036 227 1809 1729 309 1420 80 36 72 191 109 28
is_linear=0
shrinkage=0.00895904


Tree=244
num_leaves=15
num_cat=0
split_feature=86 86 106 100 105 66 60 102 52 84 1 103 65 64
split_gain=46.5459 97.9569 95.2174 60.5083 60.011 56.4831 54.6358 48.6417 42.9325 40.0124 39.1149 12.5322 3.1866 0.954712
threshold=-24.499999999999996 -350.49999999999994 0.29166666666666669 -0.84599999999999997 1.5000000000000002 1692.0000000000002 0.55844155844155852 0.28314344488596893 105.00000000000001 0.63333333333333341 6.5000000000000009 0.29257477676655513 10.500000000000002 21.850000000000005
decision_type=2 2 2 2 2 2 2 2 2 2 2 2 2 2
left_child=1 4 11 -4 6 7 -1 8 -2 12 -6 -3 -7 -9
right_child=5 2 3 -5 10 9 -8 13 -10 -11 -12 -13 -14 -15
leaf_value=-0.0042554712914432326 0.0047483709966995051 0.0017085612895559575 0.0084727165896651638 -0.018007918916429073 0.0060841394592821094 -0.024704477640431745 0.010030624995682079 -0.020970139699614098 -0.018140359441476919 0.0060298502305753754 -0.017972110596227796 -0.015790775080148763 -0.011555668455600488 -0.01225725927497227
leaf_weight=132.71127356216311 586.35786700993776 3.4420956112444392 32.250376641750336 8.6177115552127344 195.98808970302343 8.7528654336929339 25.443689957261086 4.7785577476024619 6.4678502641618243 6.2024464905261985 5.3977885730564585 57.799279678612947 2.4130626767873755 2.7167564854025841
leaf_count=543 579 9 21 39 233 42 7 21 39 7 31 429 17 19
internal_value=0 -1.85087e-05 -0.00775412 0.00283037 0.0021813 0.00374164 -0.00194766 0.00420377 0.00449284 -0.0121019 0.00542279 -0.0148046 -0.0221075 -0.0181989
internal_weight=0 461.65 102.109 40.8681 359.541 617.689 158.155 600.321 592.826 17.3684 201.386 61.2414 11.1659 7.49531
internal_count=2036 1312 498 60 814 724 550 658 618 66 264 438 59 40
is_linear=0
shrinkage=0.00895904


Tree=245
num_leaves=14
num_cat=0
split_feature=61 56 68 106 100 84 72 64 73 62 64 64 63
split_gain=46.1394 49.8978 44.7983 67.7286 51.926 39.0975 32.6567 31.6908 24.2137 18.3282 3.1348 2.62326 1.13344
threshold=0.033908045977011456 0.90454545454545465 1322.0000000000002 1.0000000180025095e-35 1.2228999999999994 0.77500000000000013 8.5000000000000018 7.2500000000000009 34.150000000000013 2.5000000000000004 10.950000000000001 22.750000000000004 1.5000000000000002
decision_type=2 2 2 2 2 2 2 2 2 2 2 2 2
left_child=5 2 3 -2 -4 6 10 -8 9 -3 -1 -10 -7
right_child=1 8 4 -5 -6 12 7 -9 11 -11 -12 -13 -14
leaf_value=-0.01794485647714348 -0.0018385933929981027 0.0086533517182962819 0.0052341059710199521 0.0054355399976891792 -0.011222416212417017 0.010825105157062784 0.0069185055500061076 -0.010734128448023903 -0.019487753044956712 -0.016453428090112215 -0.011673575385698258 -0.011780569828120022 0.0057612153536902577
leaf_weight=11.363832272589208 275.61741808056831 7.7652714438736457 513.52206850796938 163.53983277827501 15.689642608165739 6.6346461772918728 17.491458177566528 14.972794763743876 8.364328972995283 3.1117638759315014 20.125672750174999 8.6434579379856569 9.6193634644150716
leaf_count=51 737 6 491 157 96 2 18 168 38 19 164 79 10
internal_value=0 0.00264651 0.00298737 0.000871394 0.00474229 -0.00440962 -0.00756081 -0.00123758 -0.00912987 0.00130832 -0.0140322 -0.0157469 0.00793152
internal_weight=0 996.254 968.369 439.157 529.212 80.2078 63.9538 32.4643 27.8848 10.877 31.4895 17.0078 16.254
internal_count=2036 1623 1481 894 587 413 401 186 142 25 215 117 12
is_linear=0
shrinkage=0.00895904


Tree=246
num_leaves=14
num_cat=0
split_feature=82 65 65 64 21 41 10 93 59 64 86 64 106
split_gain=45.5038 100.787 84.6236 85.6289 107.415 52.2016 52.8625 44.2505 32.1714 27.864 27.5937 1.4561 0.636705
threshold=0.087121212121212113 10.500000000000002 7.5000000000000009 9.8500000000000032 1.0000000180025095e-35 0.8500000000000002 1.5000000000000002 -0.21825396825396817 250.00000000000003 17.250000000000004 31.500000000000004 104.10000000000001 0.36666666666666675
decision_type=2 2 2 2 2 2 2 2 2 2 2 2 2
left_child=2 5 3 10 -5 7 -7 -2 9 -4 -1 12 -3
right_child=1 11 8 4 -6 6 -8 -9 -10 -11 -12 -13 -14
leaf_value=0.0034003336202263631 -0.015191714186334335 -0.012763456482653476 -0.025636229513813526 -0.023943844341659571 0.010217055428145026 -0.0036167817282952387 0.0083707643822235854 0.0043891926433951654 -0.010904443630861576 0.0077224898198484746 -0.012976338575088526 -0.0096668558529574376 -0.019263396752456554
leaf_weight=126.45129762589931 9.3559649400413019 28.454087182879451 1.8416668698191632 23.823872420936823 10.540120124816893 191.24517988786101 34.724467661231756 319.25481640920043 7.6645534560084334 293.09426802024245 8.6467297971248609 16.876709949225187 1.9823976680636395
leaf_count=159 42 201 10 120 1 570 17 373 86 157 27 263 10
internal_value=0 0.000472329 0.00418764 -0.000880694 -0.0134668 0.00154466 -0.00176905 0.00382311 0.00702484 0.00749762 0.00233513 -0.0120521 -0.0133053
internal_weight=0 601.894 472.063 169.462 34.364 554.58 225.97 328.611 302.6 294.936 135.098 47.3132 30.4365
internal_count=2036 1476 560 307 121 1002 587 415 253 167 186 474 211
is_linear=0
shrinkage=0.00895904


Tree=247
num_leaves=12
num_cat=0
split_feature=92 78 88 64 64 84 91 64 59 64 46
split_gain=45.1893 43.2174 42.4833 41.5678 43.7458 29.5335 15.787 1.82763 1.21914 0.535864 0.00199643
threshold=0.13809523809523808 75.000000000000014 17.500000000000004 107.65000000000002 105.00000000000001 0.63333333333333341 -0.080128205128205079 34.650000000000013 250.00000000000003 41.900000000000006 4.5000000000000009
decision_type=2 2 2 2 2 2 2 2 2 2 2
left_child=2 8 3 4 -1 7 -3 -4 9 -2 -8
right_child=1 6 5 -5 -6 -7 10 -9 -10 -11 -12
leaf_value=0.0024492557379204305 -0.016289880244825878 0.009253198010562293 -0.020153182774556376 -0.0099118801976323528 0.0096926937040605118 0.005161622514053099 -0.015987900206042769 -0.011309581569920632 -0.010151947653036238 -0.010959777910958653 -0.0098974615522659931
leaf_weight=917.54410818219185 15.582544192671781 12.395918332040308 9.8299627751112002 20.312278807163239 72.03514301404357 6.4260119348764411 0.9203225970268244 3.4519806653261176 6.5023017488420001 3.6939310096204272 2.3360996134579182
leaf_count=1434 73 8 45 286 9 8 4 27 82 36 24
internal_value=0 -0.00706056 0.00246222 0.00271721 0.00297833 -0.0105035 0.00464775 -0.0180497 -0.0141523 -0.0153874 -0.0124173
internal_weight=0 41.4311 1029.6 1009.89 989.579 19.708 15.6523 13.2819 25.7788 19.2765 3.25642
internal_count=2036 227 1809 1729 1443 80 36 72 191 109 28
is_linear=0
shrinkage=0.00895904


Tree=248
num_leaves=15
num_cat=0
split_feature=68 64 100 67 98 42 64 64 64 36 59 64 64 64
split_gain=45.0135 67.4957 60.2062 57.389 44.3687 43.2718 41.7406 40.7366 13.7719 1.64888 1.28222 1.13883 0.988985 0.139365
threshold=1322.0000000000002 51.850000000000001 1.1836500000000003 1504.0000000000002 2.2452500000000026 0.71825396825396837 5.7500000000000009 37.300000000000004 2.9500000000000006 -1.0000000180025095e-35 250.00000000000003 23.650000000000002 107.65000000000002 105.00000000000001
decision_type=2 2 2 2 2 2 2 2 2 2 2 2 2 2
left_child=1 3 4 5 7 -1 -5 -2 -4 12 -10 -6 -3 -11
right_child=2 9 8 6 11 -7 -8 -9 10 13 -12 -13 -14 -15
leaf_value=0.0031192758643229165 0.0024121914686079863 -0.023387900146582132 0.0086616914528394977 0.00092878705760266161 -0.018878532490456498 -0.0049736929970337152 -0.018480902644159993 0.0073594661201212231 -0.016154699379029396 -0.011647966121492917 -0.010423270995913543 -0.011161126824301502 -0.009352607315166345 -0.0095964359099785703
leaf_weight=368.23955315724015 289.84343807026744 1.5491276979446404 2.2982456088066128 16.019563123583794 4.455344691872595 61.766708128154278 19.743692379444838 248.0968289077282 10.837149906903507 20.800306295976043 6.8396636471152297 4.3310279920697212 1.0549293532967565 13.149661671370266
leaf_count=509 401 7 2 26 20 177 103 207 63 180 78 45 7 211
internal_value=0 0.000124771 0.00380805 0.00104664 0.0043675 0.00195504 -0.0098274 0.00469571 -0.0113994 -0.0115652 -0.0140737 -0.015396 -0.0187399 -0.0109123
internal_weight=0 502.324 566.702 465.77 546.727 430.006 35.7633 537.94 19.9751 36.554 17.6768 8.78637 2.60406 33.95
internal_count=2036 1220 816 815 673 686 129 608 143 405 141 65 14 391
is_linear=0
shrinkage=0.00895904


Tree=249
num_leaves=13
num_cat=0
split_feature=30 19 64 41 46 66 64 39 36 50 83 65
split_gain=44.596 78.5314 79.4475 48.9699 46.566 45.1717 23.7492 43.5556 10.3673 1.81896 0.856688 0.85369
threshold=1.5000000000000002 14.500000000000002 8.0500000000000025 1.0000000180025095e-35 15.500000000000002 1726.5000000000002 27.850000000000005 9.5000000000000018 -1.0000000180025095e-35 -1.0000000180025095e-35 -0.34999999999999992 4.5000000000000009
decision_type=2 2 2 2 2 2 2 2 2 2 2 2
left_child=1 4 3 -3 5 -1 7 10 -4 -8 -2 -6
right_child=6 2 8 -5 11 -7 9 -9 -10 -11 -12 -13
leaf_value=0.0027296248818980133 -0.026423295046206927 0.0059858167495673853 -0.031992976090905872 -0.013666003086833462 -0.01723544690121211 -0.01647220903274934 0.009800250616269747 0.0084857169132913288 -0.015615922765865259 0.0066177267553030961 -0.016211137935669744 -0.011470848245451973
leaf_weight=848.15176617726684 2.8651201874017689 35.221402511000633 3.5459061414003363 14.090916991233824 3.9912057667970648 9.7602841481566411 74.614507727324963 10.105962082743643 29.820225473493338 20.208479885011911 2.8699285015463847 11.29893011972308
leaf_count=1461 14 34 20 49 17 69 6 8 210 29 14 105
internal_value=0 0.00143952 -0.00689588 0.000338762 0.00223012 0.00250752 0.00744307 -0.00268289 -0.0175296 0.00913693 -0.0220055 -0.0131716
internal_weight=0 955.881 82.6785 49.3123 873.202 857.912 110.664 15.841 33.3661 94.823 5.73505 15.2901
internal_count=2036 1965 313 83 1652 1530 71 36 230 35 28 122
is_linear=0
shrinkage=0.00895904


Tree=250
num_leaves=13
num_cat=0
split_feature=61 56 68 106 100 84 72 64 78 34 64 63
split_gain=44.3603 48.5883 43.163 66.0445 50.0184 38.399 32.0982 30.9321 23.7355 20.1911 2.99166 1.14055
threshold=0.033908045977011456 0.90454545454545465 1322.0000000000002 1.0000000180025095e-35 1.2228999999999994 0.77500000000000013 8.5000000000000018 7.2500000000000009 3.5000000000000004 1.5000000000000002 10.950000000000001 1.5000000000000002
decision_type=2 2 2 2 2 2 2 2 2 2 2 2
left_child=5 2 3 -2 -4 6 10 -8 -3 -10 -1 -7
right_child=1 8 4 -5 -6 11 7 -9 9 -11 -12 -13
leaf_value=-0.017795625013531616 -0.001854697328625064 0.0072254673532574009 0.005133263536651559 0.0053571755770660395 -0.011110619527675909 0.010795964114416932 0.0068476336839057876 -0.010716108949097046 -0.016249522988070874 0.010521149566116767 -0.011635520089757323 0.0057027888884544353
leaf_weight=11.345354266464712 274.01041055843234 5.575335685163739 505.9192836470902 162.03053417801857 15.510988857597111 6.5766606330871609 17.356631174683571 14.677574165165423 19.659541472792629 2.4189400672912589 19.855921179056168 9.5609974414110166
leaf_count=51 737 12 491 157 96 2 18 168 129 1 164 10
internal_value=0 0.0025683 0.00290708 0.000826322 0.00464611 -0.00438682 -0.00753251 -0.00121498 -0.00910005 -0.0132503 -0.013971 0.00788202
internal_weight=0 985.125 957.471 436.041 521.43 79.3731 63.2355 32.0342 27.6538 22.0785 31.2013 16.1377
internal_count=2036 1623 1481 894 587 413 401 186 142 130 215 12
is_linear=0
shrinkage=0.00895904


Tree=251
num_leaves=13
num_cat=0
split_feature=30 19 64 41 46 66 64 39 36 50 65 83
split_gain=44.0751 77.2416 78.1913 48.0007 45.7533 44.3341 23.6469 42.6846 9.79892 1.83877 0.807407 0.772422
threshold=1.5000000000000002 14.500000000000002 8.0500000000000025 1.0000000180025095e-35 15.500000000000002 1726.5000000000002 27.850000000000005 9.5000000000000018 -1.0000000180025095e-35 -1.0000000180025095e-35 4.5000000000000009 -0.34999999999999992
decision_type=2 2 2 2 2 2 2 2 2 2 2 2
left_child=1 4 3 -3 5 -1 7 11 -4 -8 -6 -2
right_child=6 2 8 -5 10 -7 9 -9 -10 -11 -12 -13
leaf_value=0.0026956625242840317 -0.026046037159177578 0.0059378596193550553 -0.031457048050200533 -0.013516589223628786 -0.017102211945033571 -0.016390076219584646 0.0097835086834398496 0.0084222327673092283 -0.015563653731376626 0.0065732601321546831 -0.011440604598058427 -0.016121094982837914
leaf_weight=845.17191705107689 2.8847153335809681 35.03446464240551 3.5776367411017409 14.125530607998369 3.9853649586439124 9.6945534534752351 73.811769686639309 10.027502059936522 29.61985837481916 20.058051031082869 11.189995091408489 2.8623480796813983
leaf_count=1461 14 34 20 49 17 69 6 8 210 29 105 14
internal_value=0 0.00141523 -0.00686757 0.000316664 0.00220064 0.00247557 0.00740951 -0.00271121 -0.0174477 0.00911255 -0.0131235 -0.0217857
internal_weight=0 952.399 82.3575 49.16 870.042 854.866 109.644 15.7746 33.1975 93.8698 15.1754 5.74706
internal_count=2036 1965 313 83 1652 1530 71 36 230 35 122 28
is_linear=0
shrinkage=0.00895904


Tree=252
num_leaves=12
num_cat=0
split_feature=92 78 88 49 73 13 84 91 64 59 64
split_gain=43.7816 42.3698 41.2909 40.8109 38.4012 34.7896 28.608 15.447 1.69923 1.16894 0.486784
threshold=0.13809523809523808 75.000000000000014 17.500000000000004 0.81534090909090928 35.050000000000004 4.5000000000000009 0.63333333333333341 -0.080128205128205079 34.650000000000013 250.00000000000003 41.900000000000006
decision_type=2 2 2 2 2 2 2 2 2 2 2
left_child=2 9 3 5 -5 -1 8 -3 -4 10 -2
right_child=1 7 6 4 -6 -7 -8 -9 -10 -11 -12
leaf_value=0.0032987494508442674 -0.0161757146599899 0.0092078923703913414 -0.01989399234035686 0.0020881448519749881 -0.011159542949481014 -0.015584641089072438 0.005066663479224149 -0.012378205881974746 -0.011256821110929776 -0.010108515902020035 -0.010957880028320991
leaf_weight=921.16400760412216 15.491331122815614 12.253603555262087 9.8186901807785052 38.627426132559776 31.934328306466341 7.7115450948476783 6.3679079711437216 3.2063985206186763 3.405357562005519 6.3807314857840529 3.6556058302521697
leaf_count=1383 73 8 45 98 211 37 8 28 27 82 36
internal_value=0 -0.00703711 0.0023864 0.00263966 -0.00392107 0.00313878 -0.0104328 0.00463289 -0.0178638 -0.0140874 -0.015299
internal_weight=0 40.9877 1019.03 999.437 70.5618 928.876 19.592 15.46 13.224 25.5277 19.1469
internal_count=2036 227 1809 1729 309 1420 80 36 72 191 109
is_linear=0
shrinkage=0.00895904


Tree=253
num_leaves=13
num_cat=0
split_feature=30 19 64 41 46 66 64 39 47 50 65 83
split_gain=43.6711 75.9507 77.0393 47.0094 44.9568 43.636 23.4474 41.8915 9.28821 1.85517 0.748881 0.695615
threshold=1.5000000000000002 14.500000000000002 8.0500000000000025 1.0000000180025095e-35 15.500000000000002 1726.5000000000002 27.850000000000005 9.5000000000000018 13.350000000000003 -1.0000000180025095e-35 4.5000000000000009 -0.34999999999999992
decision_type=2 2 2 2 2 2 2 2 2 2 2 2
left_child=1 4 3 -3 5 -1 7 11 -4 -8 -6 -2
right_child=6 2 8 -5 10 -7 9 -9 -10 -11 -12 -13
leaf_value=0.0026602853962348441 -0.025673795703270302 0.0058909532543525225 -0.02760834878754265 -0.013357796023214763 -0.016936376611426576 -0.016324005584409669 0.0097660797382764977 0.008376296201235655 -0.014942058931350246 0.0065325502311781528 -0.011413397764645594 -0.016021022824846527
leaf_weight=842.60651291161776 2.9044124409556362 34.861779078841209 5.9437037631869307 14.162169322371481 3.9826209694147101 9.6428645066916925 73.062513493001461 9.9720054864883405 27.107947902753949 19.934924002736807 11.100069493055342 2.8523095399141329
leaf_count=1461 14 34 33 49 17 69 6 8 197 29 105 14
internal_value=0 0.00138937 -0.00683809 0.000299546 0.00216929 0.00244184 0.00737957 -0.00270824 -0.0173664 0.00908802 -0.0130672 -0.0215645
internal_weight=0 949.408 82.0756 49.0239 867.332 852.249 108.726 15.7287 33.0517 92.9974 15.0827 5.75672
internal_count=2036 1965 313 83 1652 1530 71 36 230 35 122 28
is_linear=0
shrinkage=0.00895904


Tree=254
num_leaves=13
num_cat=0
split_feature=61 56 68 106 100 84 72 64 78 34 64 63
split_gain=43.2999 47.5203 42.246 64.8336 48.9287 37.6377 31.5289 30.3385 23.3098 19.643 2.87753 1.15111
threshold=0.033908045977011456 0.90454545454545465 1322.0000000000002 1.0000000180025095e-35 1.2228999999999994 0.77500000000000013 8.5000000000000018 7.2500000000000009 3.5000000000000004 1.5000000000000002 10.950000000000001 1.5000000000000002
decision_type=2 2 2 2 2 2 2 2 2 2 2 2
left_child=5 2 3 -2 -4 6 10 -8 -3 -10 -1 -7
right_child=1 8 4 -5 -6 11 7 -9 9 -11 -12 -13
leaf_value=-0.017673300340369038 -0.0018760240490957646 0.0071556711593291685 0.0050602234874351252 0.005291074720772543 -0.011053249097483078 0.010752080790040313 0.0067804529912357048 -0.010700683113656793 -0.016163318982760796 0.010443232380541708 -0.011604598046038705 0.0056189581459863162
leaf_weight=11.319815397262575 273.02218500524759 5.5362842231988934 500.71091153472662 160.81960998475552 15.420534953474997 6.49833059310913 17.230168789625171 14.496663819998501 19.524232368916277 2.37790822982788 19.675387632101774 9.4958743378519994
leaf_count=51 737 12 491 157 96 2 18 168 129 1 164 10
internal_value=0 0.00250677 0.00284315 0.00078184 0.00457484 -0.00439314 -0.00751918 -0.00122265 -0.00907745 -0.0132082 -0.0139166 0.00780838
internal_weight=0 977.412 949.973 433.842 516.131 78.7162 62.722 31.7268 27.4384 21.9021 30.9952 15.9942
internal_count=2036 1623 1481 894 587 413 401 186 142 130 215 12
is_linear=0
shrinkage=0.00895904


Tree=255
num_leaves=13
num_cat=0
split_feature=30 19 64 41 49 64 68 64 39 36 50 79
split_gain=43.1586 74.7052 75.8272 46.0841 44.5058 106.61 52.5294 23.3433 41.0629 8.853 1.87486 0.628792
threshold=1.5000000000000002 14.500000000000002 8.0500000000000025 1.0000000180025095e-35 0.39444444444444454 26.150000000000002 1557.0000000000002 27.850000000000005 9.5000000000000018 -1.0000000180025095e-35 -1.0000000180025095e-35 7.5000000000000009
decision_type=2 2 2 2 2 2 2 2 2 2 2 2
left_child=1 4 3 -3 6 -6 -1 8 11 -4 -9 -2
right_child=7 2 9 -5 5 -7 -8 10 -10 -11 -12 -13
leaf_value=0.0039755285732788427 -0.023343566477856563 0.0058436569113832579 -0.030513587814428627 -0.013214208897915285 0.001750408636436417 -0.012534574288595553 -0.017360907585577387 0.0097497719691525368 0.008313855308561954 -0.015452994968544199 0.0064884888915994745 -0.012363822633835963
leaf_weight=555.46059215441346 4.4705355688929549 34.678151652216911 3.6356706097722045 14.194239765405653 249.32797113806009 50.213085986673832 9.2323637492954713 72.277638629078865 9.8943721204996091 29.247907830402255 19.787929464131594 1.2964261323213575
leaf_count=729 21 34 20 49 412 471 40 6 8 210 29 7
internal_value=0 0.00136577 -0.00680996 0.000278179 0.00214055 -0.000650637 0.00362089 0.00734649 -0.00273593 -0.0172858 0.00906397 -0.0213556
internal_weight=0 945.99 81.756 48.8724 864.234 299.541 564.693 107.727 15.6613 32.8836 92.0656 5.76696
internal_count=2036 1965 313 83 1652 883 769 71 36 230 35 28
is_linear=0
shrinkage=0.00895904


Tree=256
num_leaves=13
num_cat=0
split_feature=30 19 64 41 46 66 64 86 47 50 65 54
split_gain=42.7466 73.5496 74.8033 45.2307 44.0592 42.8006 23.1408 40.4102 8.41924 1.89339 0.713786 0.544869
threshold=1.5000000000000002 14.500000000000002 8.0500000000000025 1.0000000180025095e-35 15.500000000000002 1726.5000000000002 27.850000000000005 -330.49999999999994 13.350000000000003 -1.0000000180025095e-35 4.5000000000000009 37.150000000000013
decision_type=2 2 2 2 2 2 2 2 2 2 2 2
left_child=1 4 3 -3 5 -1 7 -2 -4 -8 -6 -9
right_child=6 2 8 -5 10 -7 9 11 -10 -11 -12 -13
leaf_value=0.00261216188013776 0.008729864821093402 0.0058112521020775411 -0.026900978565916448 -0.013059289725432155 -0.016829923915206265 -0.016262129706489863 0.009736966038332075 -0.021944322723234311 -0.014838977119879457 0.006454450256641155 -0.011384898019708484 -0.010911786078756834
leaf_weight=838.04860560968518 9.5538079887628538 34.560705408453941 6.002158921211957 14.236028686165808 3.9763823300600043 9.5670376457273942 71.72702880948782 5.0282593145966521 26.768217101693153 19.715407557785511 10.962118793278931 1.0510919541120527
leaf_count=1461 7 34 33 49 17 69 6 23 197 29 105 6
internal_value=0 0.00135608 -0.00676566 0.000275964 0.00212546 0.00239548 0.00732498 -0.00271901 -0.0171923 0.00904444 -0.0130304 -0.0204318
internal_weight=0 944.121 81.5671 48.7967 862.554 847.616 107.076 15.6332 32.7704 91.4424 14.9385 6.07935
internal_count=2036 1965 313 83 1652 1530 71 36 230 35 122 29
is_linear=0
shrinkage=0.00895904


Tree=257
num_leaves=16
num_cat=0
split_feature=73 55 74 15 64 92 89 0 52 83 75 64 64 64 86
split_gain=42.3816 76.9832 50.8548 49.6672 52.3456 42.7416 37.6017 36.275 35.102 33.4721 14.9474 12.9634 1.97112 1.49331 0.46947
threshold=36.95000000000001 0.75000000000000011 1.5500000000000003 16.500000000000004 15.350000000000003 0.13809523809523808 459.50000000000006 1.0000000180025095e-35 115.00000000000001 2.6500000000000008 0.11437908496732026 2.9500000000000006 42.800000000000004 26.450000000000003 -1.0000000180025095e-35
decision_type=2 2 2 2 2 2 2 2 2 2 2 2 2 2 2
left_child=3 2 14 5 6 9 -5 -4 -7 -1 11 -3 -12 -6 -2
right_child=1 10 7 4 13 8 -8 -9 -10 -11 12 -13 -14 -15 -16
leaf_value=0.0038568631647662613 -0.012659476691857451 0.01155489712248764 -0.017552398711568926 -0.011857829408345526 -0.018151192987351874 -0.015206277412413432 0.0035627991248171668 0.0080541768808816035 0.0076995022557458754 -0.016388625993573148 -0.014362210590657088 -0.012846668731072743 -0.0099822451351684015 -0.012791283255605423 -0.018287177178549212
leaf_weight=794.44589215144515 6.4625266082584858 3.9156242609024039 4.6304483972489825 15.963620111346243 9.2971048876643199 17.268593806773428 59.013436108827591 57.651819042861462 7.6128188446164122 6.423760123550891 31.262043312191963 2.8511611595749855 14.392034294083713 14.04468162730336 3.9790822528302652
leaf_count=1029 39 2 29 50 46 108 79 42 12 54 179 25 216 106 20
internal_value=0 -0.00293829 0.00302645 0.00261393 -0.00340045 0.00333069 0.000257409 0.00610211 -0.00819179 0.00369057 -0.0111945 0.00119968 -0.0130294 -0.0150574 -0.0150968
internal_weight=0 125.145 72.7239 924.07 98.3188 825.751 74.9771 62.2823 24.8814 800.87 52.4209 6.76679 45.6541 23.3418 10.4416
internal_count=2036 552 130 1484 281 1203 129 71 120 1083 422 27 395 152 59
is_linear=0
shrinkage=0.00895904


Tree=258
num_leaves=13
num_cat=0
split_feature=30 19 64 41 49 64 68 64 39 47 50 83
split_gain=42.3198 72.1492 73.4711 44.4099 43.5771 104.692 51.6132 22.9506 39.6204 8.05207 1.89783 0.550098
threshold=1.5000000000000002 14.500000000000002 8.0500000000000025 1.0000000180025095e-35 0.39444444444444454 26.150000000000002 1557.0000000000002 27.850000000000005 9.5000000000000018 13.350000000000003 -1.0000000180025095e-35 -0.34999999999999992
decision_type=2 2 2 2 2 2 2 2 2 2 2 2
left_child=1 4 3 -3 6 -6 -1 8 11 -4 -9 -2
right_child=7 2 9 -5 5 -7 -8 10 -10 -11 -12 -13
leaf_value=0.0039193261434320049 -0.024731182361783944 0.0057659303149576518 -0.026577082011032493 -0.012937191098005733 0.001706434920969924 -0.012509530444542205 -0.017211757700621846 0.0097192251524179287 0.0082425164271542617 -0.014774056299705103 0.0064215962881194362 -0.015672621091732196
leaf_weight=552.06041096523404 2.9506415575742695 34.382981464266777 6.0257471948862067 14.256832815706728 248.29367088153958 49.744926657527685 9.2500248290598375 70.964309230446815 9.7742951065301877 26.541766110807657 19.58270189166069 2.8311137333512324
leaf_count=729 14 34 33 49 412 471 40 6 8 197 29 14
internal_value=0 0.00133242 -0.00672962 0.000254174 0.00209562 -0.000672755 0.00356531 0.00729693 -0.00272662 -0.0171011 0.00902134 -0.0209438
internal_weight=0 940.556 81.2073 48.6398 859.349 298.039 561.31 106.103 15.5561 32.5675 90.547 5.78176
internal_count=2036 1965 313 83 1652 883 769 71 36 230 35 28
is_linear=0
shrinkage=0.00895904


Tree=259
num_leaves=13
num_cat=0
split_feature=61 56 68 67 100 84 72 64 78 34 64 63
split_gain=41.9935 46.3056 41.0566 63.7654 47.6352 36.7965 30.9292 29.5679 22.9821 19.0047 2.77473 1.16017
threshold=0.033908045977011456 0.90454545454545465 1322.0000000000002 1504.0000000000002 1.2228999999999994 0.77500000000000013 8.5000000000000018 7.2500000000000009 3.5000000000000004 1.5000000000000002 10.950000000000001 1.5000000000000002
decision_type=2 2 2 2 2 2 2 2 2 2 2 2
left_child=5 2 3 -2 -4 6 10 -8 -3 -10 -1 -7
right_child=1 8 4 -5 -6 11 7 -9 9 -11 -12 -13
leaf_value=-0.017570204322483594 0.0017321442932071104 0.0071286977428849738 0.004974104520449686 -0.011139521624003284 -0.011000272618360337 0.010702171873861068 0.0066908166534994954 -0.010689504107970449 -0.016108229279815197 0.010340877401566055 -0.01157543944369605 0.0055274185262051334
leaf_weight=11.287575863301756 396.96234797686338 5.4783243387937572 493.74646323174238 33.305973157286644 15.275682576000689 6.4059739112853995 17.066581904888157 14.232890300452707 19.303372830152515 2.3227329254150382 19.369317539036274 9.4175605326890928
leaf_count=51 751 12 491 143 96 2 18 168 129 1 164 10
internal_value=0 0.0024353 0.0027691 0.000731219 0.00449072 -0.00440022 -0.007512 -0.00122883 -0.00906973 -0.0132007 -0.0138787 0.00772662
internal_weight=0 966.395 939.29 430.268 509.022 77.7799 61.9564 31.2995 27.1044 21.6261 30.6569 15.8235
internal_count=2036 1623 1481 894 587 413 401 186 142 130 215 12
is_linear=0
shrinkage=0.00895904


Tree=260
num_leaves=13
num_cat=0
split_feature=30 19 64 41 46 66 64 86 47 50 65 54
split_gain=41.7743 70.9448 72.3726 43.5605 42.976 41.8643 22.8121 38.9462 7.69884 1.92071 0.680186 0.455924
threshold=1.5000000000000002 14.500000000000002 8.0500000000000025 1.0000000180025095e-35 15.500000000000002 1726.5000000000002 27.850000000000005 -330.49999999999994 13.350000000000003 -1.0000000180025095e-35 4.5000000000000009 37.150000000000013
decision_type=2 2 2 2 2 2 2 2 2 2 2 2
left_child=1 4 3 -3 5 -1 7 -2 -4 -8 -6 -9
right_child=6 2 8 -5 10 -7 9 11 -10 -11 -12 -13
leaf_value=0.0025512031775953253 0.008635266439138492 0.0057241058390052942 -0.026274046153090029 -0.012798826098575144 -0.01672075032485144 -0.01620320481537205 0.0097023379209654065 -0.021485240452428802 -0.01472418661445073 0.006374386683603718 -0.011348780871899359 -0.010858793782230518
leaf_weight=831.61226432025433 9.4096457809209806 34.215968117117882 6.0463857389986506 14.287221550941466 3.967841073870658 9.4757167957723123 70.17169151455164 5.0513387471437445 26.361780351027846 19.443192090839148 10.789284359663723 1.0353842005133627
leaf_count=1461 7 34 33 49 17 69 6 23 197 29 105 6
internal_value=0 0.00131059 -0.00669828 0.000238625 0.00206911 0.00233625 0.00726276 -0.00274463 -0.0170214 0.00899567 -0.0129903 -0.0200674
internal_weight=0 936.756 80.9114 48.5032 855.845 841.088 105.111 15.4964 32.4082 89.6149 14.7571 6.08672
internal_count=2036 1965 313 83 1652 1530 71 36 230 35 122 29
is_linear=0
shrinkage=0.00895904


Tree=261
num_leaves=8
num_cat=0
split_feature=88 64 64 64 84 64 86
split_gain=41.4982 41.6 46.1505 54.3587 27.486 1.69001 0.808007
threshold=17.500000000000004 107.65000000000002 105.00000000000001 80.450000000000017 0.63333333333333341 34.650000000000013 19.500000000000004
decision_type=2 2 2 2 2 2 2
left_child=1 2 3 -1 5 6 -2
right_child=4 -3 -4 -5 -6 -7 -8
leaf_value=0.0021758514829576122 -0.01679723422116116 -0.0098353912475629517 0.009571974754083043 -0.015490211838646458 0.0049165576894490476 -0.011075300334085394 -0.024603578910396058
leaf_weight=915.28275484219193 7.7964465692639369 22.525856994092464 67.458430953323841 14.007531395182012 6.2778341099619857 3.6731061600148669 2.9009588360786438
leaf_count=1480 35 347 11 110 8 31 14
internal_value=0 0.00215415 0.00242696 0.0019064 -0.010618 -0.0173812 -0.0193116
internal_weight=0 1019.27 996.749 929.29 20.6483 14.3705 10.6974
internal_count=2036 1948 1601 1590 88 80 49
is_linear=0
shrinkage=0.00895904


Tree=262
num_leaves=13
num_cat=0
split_feature=30 19 64 41 49 64 68 64 39 47 50 83
split_gain=41.2666 69.7994 71.28 42.7537 42.5486 102.58 50.6574 22.6231 38.2828 7.29845 1.91984 0.463933
threshold=1.5000000000000002 14.500000000000002 8.0500000000000025 1.0000000180025095e-35 0.39444444444444454 26.150000000000002 1557.0000000000002 27.850000000000005 9.5000000000000018 13.350000000000003 -1.0000000180025095e-35 -0.34999999999999992
decision_type=2 2 2 2 2 2 2 2 2 2 2 2
left_child=1 4 3 -3 6 -6 -1 8 11 -4 -9 -2
right_child=7 2 9 -5 5 -7 -8 10 -10 -11 -12 -13
leaf_value=0.0038530065733582567 -0.024170438304300421 0.0056798423548900445 -0.025939455300485859 -0.012667558924166187 0.0016522023487485931 -0.012491904311769124 -0.017078650548979054 0.0096832917236523552 0.0081561530910062574 -0.014682941389433934 0.0063450706305136747 -0.015478948392415752
leaf_weight=547.8169642239809 2.9773672148585293 34.057652145624161 6.0696189217269412 14.322645924985407 247.16420715302229 49.179452054202557 9.253788832575081 69.319706849753857 9.652118965983389 26.191299062222242 19.332440838217735 2.8207533359527606
leaf_count=729 14 34 33 49 412 471 40 6 8 197 29 14
internal_value=0 0.00128759 -0.00666979 0.000219251 0.00204086 -0.000701548 0.00349951 0.00723 -0.00274477 -0.016942 0.00897081 -0.0205757
internal_weight=0 934.056 80.6412 48.3803 853.414 296.344 557.071 104.102 15.4502 32.2609 88.6521 5.79812
internal_count=2036 1965 313 83 1652 883 769 71 36 230 35 28
is_linear=0
shrinkage=0.00895904


Tree=263
num_leaves=13
num_cat=0
split_feature=61 56 68 106 100 84 72 64 78 34 64 63
split_gain=40.9303 45.2828 40.0359 62.9837 46.6876 36.087 30.4067 28.9814 22.6831 18.5179 2.66661 1.17171
threshold=0.033908045977011456 0.90454545454545465 1322.0000000000002 1.0000000180025095e-35 1.2228999999999994 0.77500000000000013 8.5000000000000018 7.2500000000000009 3.5000000000000004 1.5000000000000002 10.950000000000001 1.5000000000000002
decision_type=2 2 2 2 2 2 2 2 2 2 2 2
left_child=5 2 3 -2 -4 6 10 -8 -3 -10 -1 -7
right_child=1 8 4 -5 -6 11 7 -9 9 -11 -12 -13
leaf_value=-0.017454038245251404 -0.0019393878637946154 0.0070995369148815872 0.0049027553100816105 0.0051747259590719128 -0.010950912189049282 0.010662977292545107 0.0066206552265147363 -0.010678855590701921 -0.016050149790496033 0.010266887101610431 -0.011547318867971756 0.0054470885053569456
leaf_weight=11.268683508038523 269.71722590178251 5.4352575652301338 488.47373312339187 158.38215301185846 15.202345667406915 6.3329899311065665 16.947807699441913 14.034080971032379 19.13641471974552 2.2819702625274649 19.143103525042534 9.3608983382582647
leaf_count=51 737 12 491 157 96 2 18 168 129 1 164 10
internal_value=0 0.00237737 0.0027086 0.000693678 0.00442022 -0.00440098 -0.00749775 -0.00123239 -0.00905266 -0.0131791 -0.0138322 0.0076564
internal_weight=0 958.629 931.775 428.099 503.676 77.0876 61.3937 30.9819 26.8536 21.4184 30.4118 15.6939
internal_count=2036 1623 1481 894 587 413 401 186 142 130 215 12
is_linear=0
shrinkage=0.00895904


Tree=264
num_leaves=13
num_cat=0
split_feature=30 19 64 46 41 66 64 86 47 50 65 54
split_gain=40.7655 68.68 70.1863 42.0058 41.9212 41.0275 22.5166 37.6194 6.95391 1.93922 0.639812 0.376334
threshold=1.5000000000000002 14.500000000000002 8.0500000000000025 15.500000000000002 1.0000000180025095e-35 1726.5000000000002 27.850000000000005 -330.49999999999994 13.350000000000003 -1.0000000180025095e-35 4.5000000000000009 37.150000000000013
decision_type=2 2 2 2 2 2 2 2 2 2 2 2
left_child=1 3 4 5 -3 -1 7 -2 -4 -8 -5 -9
right_child=6 2 8 10 -6 -7 9 11 -10 -11 -12 -13
leaf_value=0.0024928119070236616 0.0085456275405240267 0.0056339048939768651 -0.025640429970124071 -0.016599930274227879 -0.012536216551214582 -0.016153667094855804 0.0096679579694704289 -0.02105427579480651 -0.01463959396656336 0.0063019225711203712 -0.011322429265891339 -0.010834997435698305
leaf_weight=825.93990977853537 9.2790062427520734 33.881439238786697 6.0887327603995791 3.9627005308866492 14.34940445423126 9.3921919837594015 68.577318035066128 5.0753646641969672 26.001533409580588 19.192931294441223 10.637715412303804 1.0264721512794492
leaf_count=1461 7 34 33 17 49 69 6 23 197 29 105 6
internal_value=0 0.00126616 -0.00664279 0.00201493 0.000199375 0.00227948 0.00719798 -0.00277126 -0.0168672 0.00894747 -0.0129526 -0.0197206
internal_weight=0 930.254 80.3211 849.933 48.2308 835.332 103.151 15.3808 32.0903 87.7702 14.6004 6.10184
internal_count=2036 1965 313 1652 83 1530 71 36 230 35 122 29
is_linear=0
shrinkage=0.00895904


Tree=265
num_leaves=8
num_cat=0
split_feature=88 64 64 64 84 64 86
split_gain=40.5636 40.292 45.4642 53.118 26.7829 1.59818 0.774669
threshold=17.500000000000004 107.65000000000002 105.00000000000001 80.450000000000017 0.63333333333333341 34.650000000000013 13.500000000000002
decision_type=2 2 2 2 2 2 2
left_child=1 2 3 -1 5 6 -2
right_child=4 -3 -4 -5 -6 -7 -8
leaf_value=0.0021200361973859666 -0.016513453066096768 -0.0098195244981442529 0.0095414240789878473 -0.01543750977756196 0.0048388156699051919 -0.011025547628638518 -0.024024400134870626
leaf_weight=909.03084329329431 7.5230064690113085 22.075993193313479 65.994249310344458 13.85454931296408 6.2311898320913306 3.6271620579063883 3.1592997461557388
leaf_count=1480 34 347 11 110 8 31 15
internal_value=0 0.00210017 0.00236814 0.00185329 -0.0105604 -0.017243 -0.0191208
internal_weight=0 1010.96 988.88 922.885 20.5407 14.3095 10.6823
internal_count=2036 1948 1601 1590 88 80 49
is_linear=0
shrinkage=0.00895904


Tree=266
num_leaves=14
num_cat=0
split_feature=92 78 88 49 73 13 84 91 64 48 59 64 46
split_gain=40.4025 40.8577 38.2083 38.0672 36.3428 33.4873 26.2718 14.7383 1.40489 1.18104 0.224647 0.137261 0.00307646
threshold=0.13809523809523808 75.000000000000014 17.500000000000004 0.81534090909090928 35.050000000000004 4.5000000000000009 0.63333333333333341 -0.080128205128205079 34.650000000000013 0.75000000000000011 250.00000000000003 13.750000000000002 4.5000000000000009
decision_type=2 2 2 2 2 2 2 2 2 2 2 2 2
left_child=2 9 3 5 -5 -1 8 -3 -4 11 -11 -2 -9
right_child=1 7 6 4 -6 -7 -8 12 -10 10 -12 -13 -14
leaf_value=0.0030889134457606706 -0.019841177043120321 0.0091526783868086155 -0.019247742834221485 0.0019352417562852873 -0.011112192482370104 -0.015553789268064647 0.0048083529537573657 -0.015806477352587542 -0.011093429735981063 -0.013456985769657108 -0.010028450260429452 -0.013788931771226616 -0.009678349745897567
leaf_weight=894.18424203246832 3.831955939531329 11.928779914975165 9.7685359418392199 37.742561548948288 31.116609746590257 7.6140850111842147 6.2157698571681967 0.91448554396629278 3.2653062082827082 11.732619319111111 5.9777889493852845 3.3209732621908188 2.1589265540242195
leaf_count=1383 16 8 45 98 211 37 8 4 27 76 80 19 24
internal_value=0 -0.00698947 0.00218914 0.0024378 -0.00397488 0.00292822 -0.0102488 0.00465061 -0.0173967 -0.0139957 -0.0124206 -0.017467 -0.0123285
internal_weight=0 39.8655 989.907 970.657 68.8592 901.798 19.2496 15.0022 13.0338 24.8633 17.7104 7.15293 3.07341
internal_count=2036 227 1809 1729 309 1420 80 36 72 191 156 35 28
is_linear=0
shrinkage=0.00895904


Tree=267
num_leaves=13
num_cat=0
split_feature=30 19 64 49 64 68 41 64 39 56 50 83
split_gain=40.2694 67.515 69.0692 41.2948 100.165 49.7714 41.0668 22.3251 36.9529 6.65729 1.93544 0.38897
threshold=1.5000000000000002 14.500000000000002 8.0500000000000025 0.39444444444444454 26.150000000000002 1557.0000000000002 1.0000000180025095e-35 27.850000000000005 9.5000000000000018 0.12132352941176471 -1.0000000180025095e-35 -0.34999999999999992
decision_type=2 2 2 2 2 2 2 2 2 2 2 2
left_child=1 3 6 5 -5 -1 -3 8 11 -4 -9 -2
right_child=7 2 9 4 -6 -7 -8 10 -10 -11 -12 -13
leaf_value=0.0037722257037226545 -0.023650171224868753 0.0055771162365578428 -0.023341555056131936 0.0015894036513052255 -0.012472215267356737 -0.016978438418582157 -0.012411848099845879 0.0096454568633381494 0.0080627095083901576 -0.013956839822287638 0.0062675211000092733 -0.01529131283697579
leaf_weight=542.69882553815842 3.0013620331883404 33.677628174424171 9.2606935985386389 245.65225772559643 48.526544699445367 9.2525059022009355 14.375344008207319 67.577903211116791 9.50753006339073 22.650003476068377 19.039697915315628 2.8061965331435221
leaf_count=729 14 34 53 412 471 40 49 6 8 177 29 14
internal_value=0 0.00122995 -0.00662908 0.00197403 -0.000736675 0.00341857 0.000167253 0.00715843 -0.00278266 -0.016804 0.00891865 -0.0202318
internal_weight=0 926.094 79.9637 846.13 294.179 551.951 48.053 101.933 15.3151 31.9107 86.6176 5.80756
internal_count=2036 1965 313 1652 883 769 83 71 36 230 35 28
is_linear=0
shrinkage=0.00895904


Tree=268
num_leaves=13
num_cat=0
split_feature=30 19 64 46 66 41 64 86 56 50 65 54
split_gain=39.879 66.4717 68.1552 41.0649 40.3265 40.3177 22.1291 36.3816 6.37533 1.95376 0.58803 0.303889
threshold=1.5000000000000002 14.500000000000002 8.0500000000000025 15.500000000000002 1726.5000000000002 1.0000000180025095e-35 27.850000000000005 -330.49999999999994 0.12132352941176471 -1.0000000180025095e-35 4.5000000000000009 37.150000000000013
decision_type=2 2 2 2 2 2 2 2 2 2 2 2
left_child=1 3 5 4 -1 -3 7 -2 -4 -8 -5 -9
right_child=6 2 8 10 -6 -7 9 11 -10 -11 -12 -13
leaf_value=0.0024340780899431797 0.0084681968509046166 0.0055457654296918058 -0.023112494993498142 -0.016446090138020047 -0.016119338790861193 -0.012272111029628757 0.0096333382908336072 -0.020634598653785193 -0.013910353321679749 0.0062340036223981323 -0.011299276278650175 -0.010802850924484223
leaf_weight=820.76089369505644 9.1727620214223844 33.566172122955322 9.2705364003777522 3.960403084754943 9.3229807335883361 14.410792991518973 67.059289634227753 5.0941765308380118 22.523305386304855 18.971907336264849 10.507423147559164 1.0159947350621221
leaf_count=1461 7 34 53 17 69 49 6 23 177 29 105 6
internal_value=0 0.00122114 -0.00658651 0.00195995 0.002222 0.000165868 0.00713754 -0.00276673 -0.0167165 0.00889947 -0.0129061 -0.0193812
internal_weight=0 924.323 79.7708 844.552 830.084 47.977 101.314 15.2829 31.7938 86.0312 14.4678 6.11017
internal_count=2036 1965 313 1652 1530 83 71 36 230 35 122 29
is_linear=0
shrinkage=0.00895904


Tree=269
num_leaves=13
num_cat=0
split_feature=61 56 68 67 64 84 72 64 78 34 64 63
split_gain=39.6564 44.0974 38.8318 62.0686 46.1627 35.2388 29.8186 28.271 22.3122 17.9046 2.56428 1.18791
threshold=0.033908045977011456 0.90454545454545465 1322.0000000000002 1504.0000000000002 37.300000000000004 0.77500000000000013 8.5000000000000018 7.2500000000000009 3.5000000000000004 1.5000000000000002 11.950000000000001 1.5000000000000002
decision_type=2 2 2 2 2 2 2 2 2 2 2 2
left_child=5 2 3 -2 -4 6 10 -8 -3 -10 -1 -7
right_child=1 8 4 -5 -6 11 7 -9 9 -11 -12 -13
leaf_value=-0.017256788978901441 0.0016308639560245026 0.0070507769856315164 0.0018052313071630745 -0.011117213309312852 0.0072891266911730762 0.010613114193051198 0.0065348967215381089 -0.010669467124318139 -0.015989838617917269 0.010169707597274046 -0.011465311835031069 0.0053401746209656093
leaf_weight=11.596055142581465 391.65289287082851 5.3778485767543343 268.48979475721717 33.065981719642878 227.7921587638557 6.2391276359558097 16.785437434911731 13.789949266239999 18.937740420922641 2.227350950241088 18.527783516794443 9.2809195071458799
leaf_count=53 751 12 391 143 196 2 18 168 129 1 162 10
internal_value=0 0.00229408 0.00262287 0.000633764 0.00432421 -0.0044158 -0.00749361 -0.00124193 -0.00905061 -0.0131694 -0.0137904 0.00756481
internal_weight=0 947.544 921.001 424.719 496.282 76.2193 60.6992 30.5754 26.5429 21.1651 30.1238 15.52
internal_count=2036 1623 1481 894 587 413 401 186 142 130 215 12
is_linear=0
shrinkage=0.00895904


Tree=270
num_leaves=13
num_cat=0
split_feature=92 78 88 49 64 13 84 91 64 48 59 64
split_gain=39.3388 40.1686 37.2051 36.8611 35.7456 32.7804 25.6489 14.4709 1.32075 1.13652 0.205082 0.117574
threshold=0.13809523809523808 75.000000000000014 17.500000000000004 0.81534090909090928 15.15 4.5000000000000009 0.63333333333333341 -0.080128205128205079 34.650000000000013 0.75000000000000011 250.00000000000003 13.750000000000002
decision_type=2 2 2 2 2 2 2 2 2 2 2 2
left_child=2 9 3 5 -5 -1 8 -3 -4 11 -11 -2
right_child=1 7 6 4 -6 -7 -8 -9 -10 10 -12 -13
leaf_value=0.0030260176580213954 -0.01967309418434772 0.00911873987510947 -0.019046491653224074 0.00075287241497385359 -0.012837472531461598 -0.015443803579407148 0.0047509835116665402 -0.012289187309848364 -0.011039049870228379 -0.013385326909379366 -0.010002811216442425 -0.013715325789851641
leaf_weight=887.00597634911537 3.8362031280994442 11.814546622335909 9.74751825630665 44.847551897168159 23.556496495380998 7.593269031494855 6.1804634481668463 3.0346147269010535 3.2215143330395213 11.62808425165713 5.8962490521371356 3.297653716057539
leaf_count=1383 16 8 45 82 227 37 8 28 27 76 80 19
internal_value=0 -0.00696309 0.00213443 0.00238111 -0.00394973 0.00286595 -0.0101704 0.00464156 -0.0172486 -0.0139342 -0.0123689 -0.0173526
internal_weight=0 39.5074 982.153 963.003 68.404 894.599 19.1495 14.8492 12.969 24.6582 17.5243 7.13386
internal_count=2036 227 1809 1729 309 1420 80 36 72 191 156 35
is_linear=0
shrinkage=0.00895904


Tree=271
num_leaves=15
num_cat=0
split_feature=59 90 104 30 19 60 100 15 64 64 86 86 47 5
split_gain=39.2507 42.6632 37.8329 37.3589 67.7757 64.671 40.3097 28.1546 26.9145 17.058 36.6035 0.635608 0.59858 0.368482
threshold=250.00000000000003 -0.27922077922077915 -5.4999999999999991 1.5000000000000002 14.500000000000002 0.12861869313482219 2.0953999999999984 1.5000000000000002 2.6500000000000008 27.850000000000005 -132.49999999999997 -1111.4999999999998 35.45000000000001 10.500000000000002
decision_type=2 2 2 2 2 2 2 2 2 2 2 2 2 2
left_child=3 7 -3 4 6 -6 -1 11 -4 10 -5 -2 -9 -11
right_child=1 2 8 9 5 -7 -8 12 -10 13 -12 -13 -14 -15
leaf_value=0.0028133009394829232 0.010679124295352921 0.010119210953671036 0.0081209642195653724 0.009848424631326241 -0.013865946855297812 0.0041046447287415586 -0.015624796618077065 -0.019062121260914066 -0.0098065919454351311 0.0076885009029994417 -0.019788358215658067 0.0075730828584723731 -0.010491474739306131 0.0095209863142708025
leaf_weight=722.45485773123801 14.708840370178224 10.053745269775389 7.2532964050769797 8.500534921884535 40.783737070858479 26.328976891934872 9.4560147039592248 1.4336815364658821 73.321280078962445 17.047502990812063 5.2470421120524398 13.105459686368702 3.4891716875135899 66.693017698824406
leaf_count=1060 2 1 9 4 190 37 56 8 568 11 24 17 35 14
internal_value=0 -0.0029663 -0.00613009 0.00242035 0.00178044 -0.00682397 0.00257103 0.00577628 -0.00817706 0.00765107 -0.00157795 0.00927819 -0.013612 0.00916659
internal_weight=0 123.365 90.6283 896.512 799.024 67.1127 731.911 32.7372 80.5746 97.4881 13.7476 27.8143 4.92285 83.7405
internal_count=2036 640 578 1396 1343 227 1116 62 577 53 28 19 43 25
is_linear=0
shrinkage=0.00895904


Tree=272
num_leaves=13
num_cat=0
split_feature=30 19 64 49 64 68 41 64 39 56 50 83
split_gain=38.8682 64.1703 66.8794 40.0228 97.9054 48.8844 39.2174 21.7537 35.2376 6.04279 1.99619 0.297322
threshold=1.5000000000000002 14.500000000000002 8.0500000000000025 0.39444444444444454 26.150000000000002 1557.0000000000002 1.0000000180025095e-35 27.850000000000005 9.5000000000000018 0.12132352941176471 -1.0000000180025095e-35 -0.34999999999999992
decision_type=2 2 2 2 2 2 2 2 2 2 2 2
left_child=1 3 6 5 -5 -1 -3 8 11 -4 -9 -2
right_child=7 2 9 4 -6 -7 -8 10 -10 -11 -12 -13
leaf_value=0.0036918042372511626 -0.02293057688201371 0.0055066426593821955 -0.022834834974290747 0.0015314160487625843 -0.012453136160281375 -0.016872614625474493 -0.012064164390860265 0.0096004027155322785 0.0079716893808624446 -0.01383836909765992 0.0061399433355588005 -0.015010770581188345
leaf_weight=537.62709976173937 3.032648898661134 33.397089466452599 9.2607452832162398 244.10672320798039 47.901400117203593 9.2543766759335977 14.448026731610296 65.535669133067131 9.3338524401187879 22.239169362932444 18.679141875356436 2.7825161293149012
leaf_count=729 14 34 53 412 471 40 49 6 8 177 29 14
internal_value=0 0.00117962 -0.00651171 0.00190844 -0.000769212 0.00333799 0.000173308 0.00707377 -0.00277959 -0.0166059 0.00884879 -0.019744
internal_weight=0 918.235 79.345 838.89 292.008 546.881 47.8451 99.3638 15.149 31.4999 84.2148 5.81517
internal_count=2036 1965 313 1652 883 769 83 71 36 230 35 28
is_linear=0
shrinkage=0.00895904


Tree=273
num_leaves=13
num_cat=0
split_feature=61 56 68 106 64 84 72 64 78 34 64 63
split_gain=38.6351 43.1405 37.9136 61.5156 45.6647 34.559 29.3018 27.6476 21.992 17.4569 2.45748 1.19261
threshold=0.033908045977011456 0.90454545454545465 1322.0000000000002 1.0000000180025095e-35 37.300000000000004 0.77500000000000013 8.5000000000000018 7.2500000000000009 3.5000000000000004 1.5000000000000002 11.950000000000001 1.5000000000000002
decision_type=2 2 2 2 2 2 2 2 2 2 2 2
left_child=5 2 3 -2 -4 6 10 -8 -3 -10 -1 -7
right_child=1 8 4 -5 -6 11 7 -9 9 -11 -12 -13
leaf_value=-0.017146418412874505 -0.0020194106691471562 0.0070037630782344889 0.0017521538346476049 0.0050624675750123487 0.0072363151757360552 0.010573411307852672 0.0064603136076265468 -0.010656159261208668 -0.01594108461831099 0.010100390400349511 -0.011441762651627054 0.005270134261202172
leaf_weight=11.554991014301779 266.30259270966053 5.3368004076182869 266.97812094539404 155.93597009778023 224.29550701752305 6.1631870269775382 16.655848488211635 13.572825796902178 18.753297572955493 2.1876714229583731 18.304239060729742 9.2197076305747014
leaf_count=53 737 12 391 157 196 2 18 168 129 1 162 10
internal_value=0 0.00224005 0.00256629 0.00059704 0.00425789 -0.00441513 -0.00748002 -0.00124306 -0.00903719 -0.0131527 -0.0137453 0.00750017
internal_weight=0 939.79 913.512 422.239 491.274 75.4708 60.0879 30.2287 26.2778 20.941 29.8592 15.3829
internal_count=2036 1623 1481 894 587 413 401 186 142 130 215 12
is_linear=0
shrinkage=0.00895904


Tree=274
num_leaves=13
num_cat=0
split_feature=30 19 64 46 66 41 64 39 56 50 65 79
split_gain=38.2526 63.0647 65.9209 39.7756 39.2864 38.4764 21.6173 34.5635 5.8023 2.02216 0.5369 0.268835
threshold=1.5000000000000002 14.500000000000002 8.0500000000000025 15.500000000000002 1726.5000000000002 1.0000000180025095e-35 27.850000000000005 9.5000000000000018 0.12132352941176471 -1.0000000180025095e-35 4.5000000000000009 7.5000000000000009
decision_type=2 2 2 2 2 2 2 2 2 2 2 2
left_child=1 3 5 4 -1 -3 7 11 -4 -8 -5 -2
right_child=6 2 8 10 -6 -7 9 -9 -10 -11 -12 -13
leaf_value=0.0023540335559491267 -0.021087094724649022 0.0054676038519179378 -0.022636760343830317 -0.016286233852638273 -0.016057256012142741 -0.011938764955370192 0.0095838725733258471 0.0079142467649216206 -0.013796719297650773 0.00608742282514412 -0.011264055588195231 -0.011860593250305128
leaf_weight=812.29544564522803 4.5831012278795233 33.251363813877106 9.2583469934761542 3.9462597519159308 9.2210678346455079 14.470203533768652 64.726882338523865 9.2601447850465757 22.07501582801342 18.518478237092495 10.30965895950794 1.2348410785198209
leaf_count=1461 21 34 53 17 69 49 6 8 177 29 105 7
internal_value=0 0.00116106 -0.00647765 0.00188494 0.00214366 0.000162547 0.00703719 -0.00280275 -0.0165311 0.00882208 -0.0128532 -0.0195727
internal_weight=0 914.827 79.0549 835.772 821.517 47.7216 98.3234 15.0781 31.3334 83.2454 14.2559 5.81794
internal_count=2036 1965 313 1652 1530 83 71 36 230 35 122 28
is_linear=0
shrinkage=0.00895904


Tree=275
num_leaves=13
num_cat=0
split_feature=92 78 88 49 73 13 84 91 64 48 59 64
split_gain=38.0705 39.5265 36.2023 35.6421 35.012 32.0597 24.9791 14.1838 1.24107 1.11741 0.186132 0.0962181
threshold=0.13809523809523808 75.000000000000014 17.500000000000004 0.81534090909090928 35.050000000000004 4.5000000000000009 0.63333333333333341 -0.080128205128205079 34.650000000000013 0.75000000000000011 250.00000000000003 13.750000000000002
decision_type=2 2 2 2 2 2 2 2 2 2 2 2
left_child=2 9 3 5 -5 -1 8 -3 -4 11 -11 -2
right_child=1 7 6 4 -6 -7 -8 -9 -10 10 -12 -13
leaf_value=0.0029528682942932759 -0.01954622972434434 0.0090913610041318902 -0.018857131007338233 0.0018927170529375629 -0.011020348022765202 -0.015345451595997088 0.0046811261476963325 -0.012262983337237025 -0.010986941910029007 -0.013307052465618894 -0.0099624195451676438 -0.01367701501896326
leaf_weight=877.93604648113251 3.8365261405706432 11.693808797746895 9.7165135145187396 37.219545684754848 30.533364575356245 7.5658208616077891 6.1301161646842948 2.9826024472713462 3.1737707257270804 11.502904932945968 5.7719210796058169 3.2721059434115887
leaf_count=1383 16 8 45 98 211 37 8 28 27 76 80 19
internal_value=0 -0.00693141 0.00206887 0.00231386 -0.00394099 0.00279322 -0.0101093 0.00464814 -0.0171102 -0.0138839 -0.0123122 -0.0172772
internal_weight=0 39.0599 972.275 953.255 67.7529 885.502 19.0204 14.6764 12.8903 24.3835 17.2748 7.10863
internal_count=2036 227 1809 1729 309 1420 80 36 72 191 156 35
is_linear=0
shrinkage=0.00895904


Tree=276
num_leaves=16
num_cat=0
split_feature=73 55 74 15 89 100 92 0 52 83 33 75 64 64 86
split_gain=37.9109 71.9604 48.6909 46.0983 49.3505 40.7473 38.5503 35.2461 32.8794 31.3575 27.526 15.3196 12.8709 1.84601 0.412239
threshold=36.95000000000001 0.75000000000000011 1.5500000000000003 16.500000000000004 459.50000000000006 -1.0195500000000022 0.13809523809523808 1.0000000180025095e-35 115.00000000000001 2.6500000000000008 1.0000000180025095e-35 0.11437908496732026 2.9500000000000006 42.800000000000004 -1.0000000180025095e-35
decision_type=2 2 2 2 2 2 2 2 2 2 2 2 2 2 2
left_child=3 2 14 6 10 -6 9 -4 -8 -1 -5 12 -3 -13 -2
right_child=1 11 7 4 5 -7 8 -9 -10 -11 -12 13 -14 -15 -16
leaf_value=0.0035727545152015728 -0.012585936058452513 0.011615183513502339 -0.017605383389511547 -0.017407660514650165 -0.01934078402822291 0.0030472299758811171 -0.014945145715610599 0.0079126730627496894 0.0076595021246907945 -0.016417511621359671 0.005960475145776958 -0.014311657749065449 -0.012868056385764158 -0.0099297946587498884 -0.018061307974316591
leaf_weight=762.38718322105706 6.3288527727127075 3.9498424530029288 4.5306373834609976 23.410668876022104 7.1193592436611643 60.534670751541853 16.728690501302484 55.735559649765491 7.2913914658129206 6.1646089181303969 4.7817505337297908 30.583749867975712 2.7620259448885918 13.406387455761431 3.9515435807406885
leaf_count=1029 39 2 29 126 36 113 108 42 12 54 6 179 25 216 20
internal_value=0 -0.00298858 0.00286182 0.00234862 -0.0035147 0.00064304 0.00305838 0.00594426 -0.00807621 0.00340833 -0.0134299 -0.0111094 0.00145938 -0.0130256 -0.0149844
internal_weight=0 121.249 70.5466 888.418 95.8464 67.654 792.572 60.2662 24.0201 768.552 28.1924 50.702 6.71187 43.9901 10.2804
internal_count=2036 552 130 1484 281 149 1203 71 120 1083 132 422 27 395 59
is_linear=0
shrinkage=0.00895904


Tree=277
num_leaves=13
num_cat=0
split_feature=30 19 64 46 66 41 64 39 56 50 65 79
split_gain=37.8657 61.8301 64.7443 38.8862 38.5709 37.6991 21.3942 33.863 5.60802 2.0299 0.492239 0.245861
threshold=1.5000000000000002 14.500000000000002 8.0500000000000025 15.500000000000002 1726.5000000000002 1.0000000180025095e-35 27.850000000000005 9.5000000000000018 0.12132352941176471 -1.0000000180025095e-35 3.5000000000000004 7.5000000000000009
decision_type=2 2 2 2 2 2 2 2 2 2 2 2
left_child=1 3 5 4 -1 -3 7 11 -4 -8 -5 -2
right_child=6 2 8 10 -6 -7 9 -9 -10 -11 -12 -13
leaf_value=0.0023102494178049884 -0.020876884411036238 0.0054121655911164189 -0.022469017366602048 -0.01674523870536667 -0.015997538517840231 -0.011832110187524588 0.0095641853410497538 0.0078678888788833723 -0.013749925681925531 0.0060460589785576472 -0.011436747308999573 -0.011775660329635354
leaf_weight=808.20560516230762 4.5844186767935744 33.034238144755363 9.2483196184039134 3.0535596907138816 9.1541649140417558 14.476398617029188 63.89009103178978 9.176688224077223 21.847305906936526 18.362743724137545 11.069973556324838 1.2230145856738088
leaf_count=1461 21 34 53 13 69 49 6 8 177 29 109 7
internal_value=0 0.00112711 -0.00645812 0.00184554 0.00210148 0.000131009 0.00700425 -0.00281076 -0.0164655 0.0087949 -0.0127946 -0.0194009
internal_weight=0 910.09 78.6063 831.483 817.36 47.5106 97.237 14.9841 31.0956 82.2528 14.1235 5.80743
internal_count=2036 1965 313 1652 1530 83 71 36 230 35 122 28
is_linear=0
shrinkage=0.00895904


Tree=278
num_leaves=13
num_cat=0
split_feature=61 56 68 67 64 84 72 64 78 34 64 63
split_gain=37.6063 42.1909 36.9804 60.1539 45.1732 33.8324 28.8156 27.0455 21.5807 16.9597 2.36599 1.1976
threshold=0.033908045977011456 0.90454545454545465 1322.0000000000002 1504.0000000000002 37.300000000000004 0.77500000000000013 8.5000000000000018 7.2500000000000009 3.5000000000000004 1.5000000000000002 11.950000000000001 1.5000000000000002
decision_type=2 2 2 2 2 2 2 2 2 2 2 2
left_child=5 2 3 -2 -4 6 10 -8 -3 -10 -1 -7
right_child=1 8 4 -5 -6 11 7 -9 9 -11 -12 -13
leaf_value=-0.017053962236672392 0.0015398515526849179 0.0069308499024135833 0.0016861619643636077 -0.011061040440718983 0.0071752634672566625 0.01052838117415543 0.00639330617562803 -0.010643845589722098 -0.015869701731692592 0.010026238309605634 -0.011422604324239199 0.0051897482557779814
leaf_weight=11.502038963139059 386.49449658021331 5.2895351275801685 264.97624222189188 32.811762042343616 220.52613016031682 6.0770263671874991 16.508259505033497 13.355397360399364 18.603723360225562 2.1445915699005118 18.105745179578662 9.1415998190641385
leaf_count=53 751 12 391 143 196 2 18 168 129 1 162 10
internal_value=0 0.00217434 0.0024986 0.00054915 0.00418133 -0.00442555 -0.00747313 -0.00124447 -0.00902885 -0.0131248 -0.0137065 0.00742729
internal_weight=0 930.846 904.809 419.306 485.502 74.6901 59.4714 29.8637 26.0379 20.7483 29.6078 15.2186
internal_count=2036 1623 1481 894 587 413 401 186 142 130 215 12
is_linear=0
shrinkage=0.00895904


Tree=279
num_leaves=13
num_cat=0
split_feature=30 19 64 49 64 68 41 64 86 56 50 79
split_gain=37.2417 60.7128 63.8652 38.3223 95.4293 48.0347 37.0066 21.2255 33.2983 5.38728 2.05928 0.119391
threshold=1.5000000000000002 14.500000000000002 8.0500000000000025 0.39444444444444454 26.150000000000002 1557.0000000000002 1.0000000180025095e-35 27.850000000000005 -330.49999999999994 0.12132352941176471 -1.0000000180025095e-35 7.5000000000000009
decision_type=2 2 2 2 2 2 2 2 2 2 2 2
left_child=1 3 6 5 -5 -1 -3 8 -2 -4 -9 -10
right_child=7 2 9 4 -6 -7 -8 10 11 -11 -12 -13
leaf_value=0.0035862502849327003 0.0082546834577970178 0.0053784079357796994 -0.022277761142309872 0.001465978339383307 -0.012435907153956207 -0.016814241627570833 -0.011708291928434273 0.0095469907051095124 -0.019818210943162707 -0.013707546210943857 0.0059900471766638425 -0.011514900985348152
leaf_weight=530.57986090891063 8.8207512944936735 32.904255837202072 9.243633449077608 241.9574821293354 47.19854380376637 9.2416635006666166 14.498041518032549 63.072698369622231 4.9167108610272399 21.694501237943769 18.209102474153042 1.1841627061367033
leaf_count=729 7 34 53 412 471 40 49 6 22 177 29 7
internal_value=0 0.00110882 -0.00642038 0.00182169 -0.000809861 0.00323112 0.000125887 0.00696635 -0.00282421 -0.0163901 0.00876637 -0.0186095
internal_weight=0 907.318 78.3404 828.978 289.156 539.822 47.4023 96.2034 14.9216 30.9381 81.2818 6.10087
internal_count=2036 1965 313 1652 883 769 83 71 36 230 35 29
is_linear=0
shrinkage=0.00895904


Tree=280
num_leaves=8
num_cat=0
split_feature=88 64 64 64 84 64 86
split_gain=36.9527 37.0173 43.5472 50.7261 24.4643 1.27895 0.713673
threshold=17.500000000000004 107.65000000000002 105.00000000000001 80.450000000000017 0.63333333333333341 34.650000000000013 13.500000000000002
decision_type=2 2 2 2 2 2 2
left_child=1 2 3 -1 5 6 -2
right_child=4 -3 -4 -5 -6 -7 -8
leaf_value=0.0019303288396576976 -0.015869348946089063 -0.0098057065301311395 0.0094510336690336802 -0.015430210950966167 0.0046060393297812294 -0.010855271613022683 -0.023083509170367084
leaf_weight=885.13732571341097 7.3861221298575419 21.001886207610369 61.448232132941484 13.52857770770788 6.0850846096873275 3.4614607244729987 3.199738010764122
leaf_count=1480 34 347 11 110 8 31 15
internal_value=0 0.00190765 0.0021658 0.00166573 -0.0102981 -0.016731 -0.0184233
internal_weight=0 981.116 960.114 898.666 20.1324 14.0473 10.5859
internal_count=2036 1948 1601 1590 88 80 49
is_linear=0
shrinkage=0.00895904


Tree=281
num_leaves=13
num_cat=0
split_feature=61 56 68 106 64 84 72 64 78 34 64 15
split_gain=36.7756 41.3747 36.1785 59.9173 44.7452 33.2661 28.3779 26.5812 21.327 16.6325 2.26717 1.20895
threshold=0.033908045977011456 0.90454545454545465 1322.0000000000002 1.0000000180025095e-35 37.300000000000004 0.77500000000000013 8.5000000000000018 7.2500000000000009 3.5000000000000004 1.5000000000000002 11.950000000000001 1.0000000180025095e-35
decision_type=2 2 2 2 2 2 2 2 2 2 2 2
left_child=5 2 3 -2 -4 6 10 -8 -3 -10 -1 -7
right_child=1 8 4 -5 -6 11 7 -9 9 -11 -12 -13
leaf_value=-0.016942430054894538 -0.0020643594707955965 0.0069067065443240688 0.001647375924902185 0.0049650163148816607 0.0071333301378811546 0.010580910701119026 0.0063345944845043618 -0.010633611910819589 -0.01581705566661951 0.0099792006651985895 -0.011398460468715912 0.0051767286537270892
leaf_weight=11.476776771247389 263.90961398743093 5.2572324015200165 264.08905655890703 153.94071666151285 217.77112150751054 5.8435811996459952 16.418972715735439 13.189667325466869 18.46184069104493 2.1169400215148917 17.909398175776005 9.2744637206196767
leaf_count=53 737 12 391 157 196 1 18 168 129 1 162 11
internal_value=0 0.00213442 0.00245611 0.000526377 0.00412858 -0.00441696 -0.00745277 -0.00124321 -0.00900311 -0.0130948 -0.0136601 0.00737324
internal_weight=0 925.547 899.711 417.85 481.86 74.1129 58.9948 29.6086 25.836 20.5788 29.3862 15.118
internal_count=2036 1623 1481 894 587 413 401 186 142 130 215 12
is_linear=0
shrinkage=0.00895904


Tree=282
num_leaves=13
num_cat=0
split_feature=30 19 64 46 66 41 64 39 56 50 65 83
split_gain=36.5364 59.6437 62.8637 37.9496 37.698 36.3018 21.0934 32.7032 5.169 2.06485 0.459822 0.195694
threshold=1.5000000000000002 14.500000000000002 8.0500000000000025 15.500000000000002 1726.5000000000002 1.0000000180025095e-35 27.850000000000005 9.5000000000000018 0.12132352941176471 -1.0000000180025095e-35 3.5000000000000004 -0.34999999999999992
decision_type=2 2 2 2 2 2 2 2 2 2 2 2
left_child=1 3 5 4 -1 -3 7 11 -4 -8 -5 -2
right_child=6 2 8 10 -6 -7 9 -9 -10 -11 -12 -13
leaf_value=0.0022489967618453594 -0.02201590640923495 0.0053291144328352514 -0.022101413303079135 -0.016622788367340404 -0.015930859521269117 -0.01160149939481952 0.0095253531966443764 0.0077706881975053753 -0.013676375865493511 0.0059438586097956764 -0.011409058701474191 -0.014625566662336911
leaf_weight=801.74695386551321 3.0681533887982342 32.725032851099968 9.2302096150815505 3.0513698011636725 9.0714875813573581 14.514995902776716 62.017201773822308 9.028045251965521 21.511899635195732 18.018433656543493 10.904620613902805 2.7393646612763423
leaf_count=1461 14 34 53 13 69 49 6 8 177 29 109 14
internal_value=0 0.00107993 -0.00639959 0.00178847 0.00204186 0.000100713 0.00691975 -0.00286065 -0.0163278 0.00873543 -0.0127601 -0.0191117
internal_weight=0 902.757 77.9821 824.774 810.818 47.24 94.8712 14.8356 30.7421 80.0356 13.956 5.80752
internal_count=2036 1965 313 1652 1530 83 71 36 230 35 122 28
is_linear=0
shrinkage=0.00895904


Tree=283
num_leaves=16
num_cat=0
split_feature=73 55 60 3 31 83 73 65 74 75 87 64 65 64 46
split_gain=36.3783 62.3639 46.3444 44.7104 52.0863 35.2981 33.2677 32.0703 27.5835 16.7351 11.4697 11.1056 2.4261 1.66564 0.549924
threshold=37.050000000000004 0.75000000000000011 0.044949494949494906 68.500000000000014 1.0000000180025095e-35 2.6500000000000008 34.850000000000001 7.5000000000000009 1.5500000000000003 0.11437908496732026 7.5000000000000009 2.9500000000000006 7.5000000000000009 42.800000000000004 7.5000000000000009
decision_type=2 2 2 2 2 2 2 2 2 2 2 2 2 2 2
left_child=3 2 14 5 10 7 -6 -1 -4 11 -5 -3 -7 -11 -2
right_child=1 9 8 4 6 12 -8 -9 -10 13 -12 -13 -14 -15 -16
leaf_value=0.0013253533821128551 -0.0185252609913262 0.011600594888955538 -0.013806795402614664 0.0059619464164124758 0.004249722776200439 -0.021470366745093641 -0.011225468661268875 0.0049193512092127198 0.0078128872502340949 -0.014262474153081125 -0.01804682097787302 -0.012271643324392685 -0.010109544132036376 -0.0099050259455525438 -0.012223647391592301
leaf_weight=417.84984596446157 4.9204473458230478 3.9387900829315177 5.0637539476156226 1.6468495726585413 42.714762024581432 3.8576532937586299 14.87337173335254 381.17224933952093 49.177882760763168 28.897466521710157 19.547481579706073 2.3313764706254005 3.4216045551002026 12.362938126549123 4.1042404100298882
leaf_count=641 26 2 29 2 71 19 84 548 33 172 104 22 46 205 32
internal_value=0 -0.00321109 0.0026141 0.00223049 -0.0042041 0.00286007 0.000228591 0.00304066 0.0057527 -0.0109446 -0.0161436 0.00262043 -0.0165291 -0.0130092 -0.0159753
internal_weight=0 110.797 63.2663 885.084 78.7825 806.301 57.5881 799.022 54.2416 47.5306 21.1943 6.27017 7.27926 41.2604 9.02469
internal_count=2036 521 120 1515 261 1254 155 1189 62 401 106 24 65 377 58
is_linear=0
shrinkage=0.00895904


Tree=284
num_leaves=8
num_cat=0
split_feature=88 64 64 64 84 64 86
split_gain=36.1333 36.1663 42.8008 49.857 23.9287 1.20369 0.67886
threshold=17.500000000000004 107.65000000000002 105.00000000000001 80.450000000000017 0.63333333333333341 34.650000000000013 13.500000000000002
decision_type=2 2 2 2 2 2 2
left_child=1 2 3 -1 5 6 -2
right_child=4 -3 -4 -5 -6 -7 -8
leaf_value=0.0018833944004859699 -0.015738451569485001 -0.0097998703092417976 0.0094218126892093579 -0.015411762436981745 0.0045478687939953964 -0.010834462092372226 -0.022838329122388631
leaf_weight=879.58471473120153 7.3474239334464091 20.711369644850492 60.084287894889712 13.394863994792102 6.0464739128947249 3.4275699108839026 3.2049589157104492
leaf_count=1480 34 347 11 110 8 31 15
internal_value=0 0.00185901 0.00211432 0.00162069 -0.0102425 -0.0166161 -0.0182654
internal_weight=0 973.775 953.064 892.98 20.0264 13.98 10.5524
internal_count=2036 1948 1601 1590 88 80 49
is_linear=0
shrinkage=0.00895904


Tree=285
num_leaves=13
num_cat=0
split_feature=30 19 64 74 46 41 64 86 56 50 64 79
split_gain=35.9437 58.5435 61.8841 37.1778 37.0287 35.7084 20.902 32.0767 4.9837 2.05587 1.01269 0.0767436
threshold=1.5000000000000002 14.500000000000002 8.0500000000000025 2.6500000000000008 15.500000000000002 1.0000000180025095e-35 27.850000000000005 -330.49999999999994 0.12132352941176471 -1.0000000180025095e-35 12.300000000000002 7.5000000000000009
decision_type=2 2 2 2 2 2 2 2 2 2 2 2
left_child=1 3 5 4 -1 -3 7 -2 -4 -8 -5 -9
right_child=6 2 8 10 -6 -7 9 11 -10 -11 -12 -13
leaf_value=0.002237960074826881 0.0081508241222972878 0.0052861023635345714 -0.021937598446075929 -0.018823135202594432 -0.012875152231554552 -0.011515988733628595 0.0095024793698683611 -0.019461259405117788 -0.01363778271263256 0.0059102560182889025 -0.011661404818959527 -0.011436099095471722
leaf_weight=795.52710600942373 8.6627546399831754 32.559186518192291 9.2204005308449286 2.7535687088966361 13.040176585316656 14.521853074431418 61.01840166002512 4.9254917204380027 21.325786579400301 17.857472103089094 9.6648197192698699 1.1708069145679472
leaf_count=1426 7 34 53 13 107 49 6 22 177 29 106 7
internal_value=0 0.00104996 -0.00637712 0.00175357 0.00199121 7.74885e-05 0.00687788 -0.00287567 -0.0162649 0.00870576 -0.0135128 -0.0183187
internal_weight=0 898.613 77.6272 820.986 808.567 47.081 93.6349 14.7591 30.5462 78.8759 12.4184 6.0963
internal_count=2036 1965 313 1652 1533 83 71 36 230 35 119 29
is_linear=0
shrinkage=0.00895904


Tree=286
num_leaves=14
num_cat=0
split_feature=92 78 15 31 73 41 65 78 91 87 48 59 64
split_gain=35.6986 38.4288 33.9346 56.8452 43.4019 61.7518 33.1208 32.8937 13.5947 11.9218 1.0555 0.155693 0.0601709
threshold=0.13809523809523808 75.000000000000014 18.500000000000004 1.0000000180025095e-35 37.050000000000004 0.75000000000000011 7.5000000000000009 85.000000000000014 -0.080128205128205079 7.5000000000000009 0.75000000000000011 250.00000000000003 13.750000000000002
decision_type=2 2 2 2 2 2 2 2 2 2 2 2 2
left_child=2 10 4 9 6 -6 -1 -5 -3 -4 12 -12 -2
right_child=1 8 3 7 5 -7 -8 -9 -10 -11 11 -13 -14
leaf_value=0.0013549524915448083 -0.019284352632552113 0.0090459834025441287 0.0059086981027212451 -0.0036246304931184885 0.0033364211946501406 -0.012377368634705116 0.0050575493249903989 0.0090851694645184954 -0.012189002697870179 -0.018720043519268009 -0.013184733570325071 -0.0098997774811275096 -0.013580920656960085
leaf_weight=401.8753961622715 3.840524613857272 11.460997760295866 1.6383035182952905 51.27182480879128 44.382622106000781 36.36039742641151 374.92602871917188 23.758954096585512 2.8765373304486266 18.033385187387466 11.270898956805469 5.5581830125302067 3.2263316065073013
leaf_count=609 16 8 2 186 95 276 529 18 28 94 76 80 19
internal_value=0 -0.00687766 0.00193081 -0.00315382 0.00249294 -0.00375213 0.00314286 0.000412599 0.00467962 -0.0166306 -0.013795 -0.0122247 -0.0171105
internal_weight=0 38.2335 952.247 94.7025 857.544 80.743 776.801 75.0308 14.3375 19.6717 23.8959 16.8291 7.06686
internal_count=2036 227 1809 300 1509 371 1138 204 36 96 191 156 35
is_linear=0
shrinkage=0.00895904


Tree=287
num_leaves=13
num_cat=0
split_feature=61 56 97 41 54 84 72 64 78 34 64 63
split_gain=35.5183 40.4042 35.0888 72.4345 48.3079 32.6027 28.0584 25.9663 21.0113 16.1833 2.16242 1.22032
threshold=0.033908045977011456 0.90454545454545465 -0.26174999999999921 0.95000000000000007 38.95000000000001 0.77500000000000013 8.5000000000000018 7.2500000000000009 3.5000000000000004 1.5000000000000002 11.950000000000001 1.5000000000000002
decision_type=2 2 2 2 2 2 2 2 2 2 2 2
left_child=5 2 3 -2 -4 6 10 -8 -3 -10 -1 -7
right_child=1 8 4 -5 -6 11 7 -9 9 -11 -12 -13
leaf_value=-0.016843390397096748 0.001829264524470596 0.0068649141356296817 0.0043787319290519988 -0.0097960583256453387 -0.011970528795957946 0.01046957519432995 0.0062823028846178824 -0.010612881683847438 -0.015761417108449017 0.0099093969416070536 -0.011391436260598129 0.0050483501181677066
leaf_weight=11.42245687544346 327.45209776796401 5.2089220322668579 498.08035241626203 49.329340171068907 14.760299326851962 5.9618566036224356 16.288325548172001 12.920779222622512 18.309435481205586 2.0754663944244376 17.729869518429041 9.0107093527913076
leaf_count=53 463 12 708 214 96 2 18 168 129 1 162 10
internal_value=0 0.00205918 0.00237919 0.000302983 0.00390384 -0.00441337 -0.00743631 -0.00121107 -0.00899814 -0.0130788 -0.0136243 0.00731338
internal_weight=0 915.216 889.622 376.781 512.841 73.334 58.3614 29.2091 25.5938 20.3849 29.1523 14.9726
internal_count=2036 1623 1481 677 804 413 401 186 142 130 215 12
is_linear=0
shrinkage=0.00895904


Tree=288
num_leaves=13
num_cat=0
split_feature=30 19 64 66 46 41 64 39 56 50 52 83
split_gain=35.4068 57.3088 61.0036 36.7527 36.321 34.9754 20.6898 31.6126 4.82694 2.07241 1.80116 0.149341
threshold=1.5000000000000002 14.500000000000002 8.0500000000000025 1726.5000000000002 15.500000000000002 1.0000000180025095e-35 27.850000000000005 9.5000000000000018 0.12132352941176471 -1.0000000180025095e-35 7.5000000000000009 -0.34999999999999992
decision_type=2 2 2 2 2 2 2 2 2 2 2 2
left_child=1 3 5 4 -1 -3 7 11 -4 -8 -5 -2
right_child=6 2 8 10 -6 -7 9 -9 -10 -11 -12 -13
leaf_value=0.0021727993303590912 -0.021604497426165409 0.0052456122081389099 -0.021787701798333076 -0.020915233932836355 -0.01279391771348226 -0.01139417950034758 0.0094824438487658494 0.00769253017905034 -0.013592934410648204 0.0058578280393566775 -0.011878416692966288 -0.014461323634625978
leaf_weight=794.11494747176766 3.0805259793996784 32.394700020551682 9.2067892886698264 3.491129979491232 13.042727606371043 14.526881538331507 60.136810138821602 8.8909579664468747 21.134861886501312 17.674906190484762 6.1560946218669415 2.7170777469873446
leaf_count=1461 14 34 53 18 115 49 6 8 177 29 58 14
internal_value=0 0.00102051 -0.00634494 0.00171857 0.00192795 6.81147e-05 0.00683807 -0.00288204 -0.0162013 0.00867579 -0.0154943 -0.0188298
internal_weight=0 894.068 77.2632 816.805 807.158 46.9216 92.5003 14.6886 30.3417 77.8117 9.64722 5.7976
internal_count=2036 1965 313 1652 1576 83 71 36 230 35 76 28
is_linear=0
shrinkage=0.00895904


Tree=289
num_leaves=8
num_cat=0
split_feature=88 64 64 64 84 64 86
split_gain=35.2074 35.1589 42.1161 48.8548 23.3307 1.13185 0.667955
threshold=17.500000000000004 107.65000000000002 105.00000000000001 80.450000000000017 0.63333333333333341 34.650000000000013 13.500000000000002
decision_type=2 2 2 2 2 2 2
left_child=1 2 3 -1 5 6 -2
right_child=4 -3 -4 -5 -6 -7 -8
leaf_value=0.0018246040441162832 -0.015578887982806749 -0.0097923980574068075 0.0093915206090105351 -0.015380032940211529 0.0044774201287718918 -0.010795199034437241 -0.022619938480646386
leaf_weight=872.68603910692036 7.3047507405281085 20.366866437718272 58.657254975289106 13.26173743419349 6.0032514035701743 3.3854810763150445 3.2096474021673203
leaf_count=1480 34 347 11 110 8 31 15
internal_value=0 0.00179979 0.00205168 0.00156378 -0.0101826 -0.0164905 -0.0180964
internal_weight=0 964.972 944.605 885.948 19.9031 13.8999 10.5144
internal_count=2036 1948 1601 1590 88 80 49
is_linear=0
shrinkage=0.00895904


Tree=290
num_leaves=13
num_cat=0
split_feature=30 19 64 49 64 68 41 64 86 56 50 79
split_gain=34.9526 56.3897 60.1289 36.2396 92.1321 46.9857 34.339 20.5103 31.0881 4.61776 2.06997 0.0442851
threshold=1.5000000000000002 14.500000000000002 8.0500000000000025 0.39444444444444454 26.150000000000002 1557.0000000000002 1.0000000180025095e-35 27.850000000000005 -330.49999999999994 0.12132352941176471 -1.0000000180025095e-35 7.5000000000000009
decision_type=2 2 2 2 2 2 2 2 2 2 2 2
left_child=1 3 6 5 -5 -1 -3 8 -2 -4 -9 -10
right_child=7 2 9 4 -6 -7 -8 10 11 -11 -12 -13
leaf_value=0.0034388831468436876 0.008078614894714611 0.0052049119147008173 -0.021601070912385712 0.0013618692774677416 -0.012434135834748698 -0.01678666164853353 -0.011284135966887456 0.0094658171279778935 -0.019143950870868308 -0.013558995392795583 0.0058315422661701019 -0.011347783775924514
leaf_weight=520.24132110923529 8.5543740093708021 32.254985347390175 9.2007797062397021 239.09901690483093 46.194040386006236 9.1981393173336965 14.552036516368387 59.406398363411427 4.9309680908918372 20.992307662963867 17.581329859793186 1.1574524194002149
leaf_count=729 7 34 53 412 471 40 49 6 22 177 29 7
internal_value=0 0.00100181 -0.00631704 0.00169486 -0.000878716 0.00308151 5.30109e-05 0.00680739 -0.00287962 -0.0161311 0.00865268 -0.0180565
internal_weight=0 891.733 77.0001 814.733 285.293 529.439 46.807 91.6305 14.6428 30.1931 76.9877 6.08842
internal_count=2036 1965 313 1652 883 769 83 71 36 230 35 29
is_linear=0
shrinkage=0.00895904


Tree=291
num_leaves=14
num_cat=0
split_feature=92 78 15 31 73 41 95 89 91 87 48 59 64
split_gain=34.6804 37.7338 33.018 56.0562 42.3041 36.3524 32.3244 32.2209 13.324 11.6756 1.01714 0.139611 0.0425339
threshold=0.13809523809523808 75.000000000000014 18.500000000000004 1.0000000180025095e-35 38.050000000000004 0.45000000000000007 -1.0099999999999998 461.50000000000006 -0.080128205128205079 7.5000000000000009 0.75000000000000011 250.00000000000003 13.750000000000002
decision_type=2 2 2 2 2 2 2 2 2 2 2 2 2
left_child=2 10 4 9 6 -6 -1 -5 -3 -4 12 -12 -2
right_child=1 8 3 7 5 -7 -8 -9 -10 -11 11 -13 -14
leaf_value=-0.015226484631475176 -0.019137276038093256 0.0090106936515475973 0.0058284608373288154 -0.0092739187546835421 0.003868190026882096 -0.014270988130215413 0.0030293051272205118 0.0039719300193313822 -0.012174629634954004 -0.018635620180660343 -0.013121584487406432 -0.0098712759455886895 -0.013520654725395591
leaf_weight=7.6737919040024272 3.8424628525972393 11.325181387364863 1.6254304796457315 19.994644749909639 14.737034661695359 21.818058971315622 805.13965321518481 54.445562405511737 2.8268416114151469 17.962621932849288 11.147106856107714 5.4534650761634103 3.2006761766970158
leaf_count=41 16 8 2 99 41 177 1250 105 28 94 76 80 19
internal_value=0 -0.00686034 0.0018711 -0.00316167 0.00242886 -0.00697561 0.00285338 0.000399138 0.00467141 -0.0165677 -0.0137457 -0.0121799 -0.0170133
internal_weight=0 37.7957 943.397 94.0283 849.369 36.5551 812.813 74.4402 14.152 19.5881 23.6437 16.6006 7.04314
internal_count=2036 227 1809 300 1509 218 1291 204 36 96 191 156 35
is_linear=0
shrinkage=0.00895904


Tree=292
num_leaves=13
num_cat=0
split_feature=30 19 64 66 46 41 64 39 56 50 52 83
split_gain=34.5836 55.4857 59.2259 36.1134 35.5756 33.7128 20.3222 30.6385 4.44894 2.08684 1.73263 0.107424
threshold=1.5000000000000002 14.500000000000002 8.0500000000000025 1726.5000000000002 15.500000000000002 1.0000000180025095e-35 27.850000000000005 9.5000000000000018 0.12132352941176471 -1.0000000180025095e-35 7.5000000000000009 -0.34999999999999992
decision_type=2 2 2 2 2 2 2 2 2 2 2 2
left_child=1 3 5 4 -1 -3 7 11 -4 -8 -5 -2
right_child=6 2 8 10 -6 -7 9 -9 -10 -11 -12 -13
leaf_value=0.0021225013485551151 -0.021210855236296785 0.0051632434231543185 -0.021433556148755108 -0.020766053890994476 -0.012763933066874364 -0.011181762364352825 0.0094518698929707615 0.0076252463537295669 -0.013515703429920457 0.0057925740746721383 -0.011852305220670194 -0.014303811216573573
leaf_weight=789.39169724658132 3.0929085016250584 32.101061791181564 9.1950166076421755 3.4902632534503919 12.910326523706315 14.565653041005133 58.796926572918892 8.7837936133146268 20.839146079495549 17.482058946043253 6.0973921846598387 2.6961265429854411
leaf_count=1461 14 34 53 18 115 49 6 8 177 29 58 14
internal_value=0 0.000983203 -0.00629098 0.00167176 0.00187994 3.63177e-05 0.00678135 -0.00288059 -0.0160609 0.0086301 -0.0154425 -0.0185586
internal_weight=0 888.591 76.7009 811.89 802.302 46.6667 90.8518 14.5728 30.0342 76.279 9.58766 5.78904
internal_count=2036 1965 313 1652 1576 83 71 36 230 35 76 28
is_linear=0
shrinkage=0.00895904


Tree=293
num_leaves=13
num_cat=0
split_feature=61 56 67 62 11 84 72 64 78 34 64 15
split_gain=34.4451 39.4353 34.7714 67.5039 37.682 31.8787 27.6033 25.3152 20.7011 15.6507 2.0935 1.23651
threshold=0.033908045977011456 0.90454545454545465 1504.0000000000002 3.5000000000000004 2.5000000000000004 0.77500000000000013 8.5000000000000018 7.2500000000000009 3.5000000000000004 1.5000000000000002 11.950000000000001 1.0000000180025095e-35
decision_type=2 2 2 2 2 2 2 2 2 2 2 2
left_child=5 2 4 -4 -2 6 10 -8 -3 -10 -1 -7
right_child=1 8 3 -5 -6 11 7 -9 9 -11 -12 -13
leaf_value=-0.016766553476216726 0.0033764531856426468 0.0068308160195773128 0.0036032507482371603 -0.011130271906113749 -0.0061483297520186879 0.010507146841358447 0.0062066501650486026 -0.010598584935453705 -0.015704874149615654 0.0098237389587309404 -0.011368530267329768 0.0050008716154960825
leaf_weight=11.381062127649786 743.24906191602349 5.1526783797889975 59.05927231349051 42.952040892094374 34.730916034430265 5.7125744819641104 16.131560340523723 12.676555452868341 18.130928650498394 2.0239036083221427 17.481733433902264 9.0987138897180539
leaf_count=53 1067 12 90 180 144 1 18 168 129 1 162 11
internal_value=0 0.00198709 0.00230492 -0.00260934 0.00294981 -0.00442397 -0.00743218 -0.00120863 -0.00899798 -0.013072 -0.0135943 0.00723304
internal_weight=0 905.299 879.991 102.011 777.98 72.4822 57.6709 28.8081 25.3075 20.1548 28.8628 14.8113
internal_count=2036 1623 1481 270 1211 413 401 186 142 130 215 12
is_linear=0
shrinkage=0.00895904


Tree=294
num_leaves=12
num_cat=0
split_feature=88 30 19 64 86 84 64 46 46 64 86
split_gain=34.3314 34.0835 53.0907 60.3198 37.4078 22.7391 17.1001 29.6798 1.74644 1.07364 0.655352
threshold=17.500000000000004 1.5000000000000002 14.500000000000002 8.0500000000000025 19.500000000000004 0.63333333333333341 27.850000000000005 9.5000000000000018 4.5000000000000009 34.650000000000013 13.500000000000002
decision_type=2 2 2 2 2 2 2 2 2 2 2
left_child=1 2 4 -4 -1 9 7 -3 -8 10 -2
right_child=5 6 3 -5 -6 -7 8 -9 -10 -11 -12
leaf_value=0.00049844130362040092 -0.015437198118975214 -0.018616774173237812 0.00038075849481605486 -0.016124122175633443 0.0046211607454433139 0.004400319411185019 0.0094511922506027076 0.0080895901045527543 0.0060391901605531271 -0.010739003804082185 -0.022420193718737134
leaf_weight=526.91904128342867 7.258600130677225 5.2131089493632308 45.868767313659191 28.812785750254989 265.60359593480825 5.9557579457759848 58.14612540602684 8.5596620813012105 17.05885897949338 3.3316476158797732 3.2132756412029266
leaf_count=1316 34 25 80 221 267 8 7 8 24 31 15
internal_value=0 0.00174269 0.00120004 -0.00601163 0.00188093 -0.0101325 0.00701741 -0.00213411 0.00869483 -0.0163789 -0.0179461
internal_weight=0 956.182 867.204 74.6816 792.523 19.7593 88.9778 13.7728 75.205 13.8035 10.4719
internal_count=2036 1948 1884 301 1583 88 64 33 31 80 49
is_linear=0
shrinkage=0.00895904


Tree=295
num_leaves=14
num_cat=0
split_feature=92 78 49 73 88 71 13 84 101 91 48 59 64
split_gain=33.9397 37.061 32.407 32.6208 31.7205 30.4101 29.9163 22.3342 19.4839 13.0844 0.974716 0.128926 0.0231195
threshold=0.13809523809523808 75.000000000000014 0.81534090909090928 35.050000000000004 17.500000000000004 7.5000000000000009 4.5000000000000009 0.63333333333333341 -2.004600000000003 -0.080128205128205079 0.75000000000000011 250.00000000000003 13.750000000000002
decision_type=2 2 2 2 2 2 2 2 2 2 2 2 2
left_child=2 10 4 5 6 -4 -1 -6 -5 -3 12 -12 -2
right_child=1 9 3 8 7 -7 -8 -9 -10 -11 11 -13 -14
leaf_value=0.0026913005187944299 -0.018985653673603338 0.0089653030782551341 -0.015450473603032767 0.0040012877415933519 -0.016856931207721745 0.0053568776884311553 -0.015100656468436408 0.0043720403949996482 -0.014432412495561528 -0.012149306503753931 -0.013073463666437753 -0.0098475558295716102 -0.013466055162894269
leaf_weight=844.96732279844582 3.8421804904937771 11.204459540545939 6.7363125663250676 5.5578178428113487 11.439907649531962 30.108993204310536 7.4662840329110614 5.9418785199522963 24.659809004515409 2.791812499985098 11.048095103353264 5.3842706494033328 3.178088515996933
leaf_count=1383 16 8 51 8 64 50 37 8 208 28 76 80 19
internal_value=0 -0.00685292 0.00182407 -0.00416864 0.00228695 0.00149194 0.00253208 -0.00963011 -0.0110374 0.00464495 -0.0136977 -0.0121434 -0.0169138
internal_weight=0 37.4489 936.878 67.0629 869.815 36.8453 852.434 17.3818 30.2176 13.9963 23.4526 16.4324 7.02027
internal_count=2036 227 1809 317 1492 101 1420 72 216 36 191 156 35
is_linear=0
shrinkage=0.00895904


Tree=296
num_leaves=13
num_cat=0
split_feature=30 19 64 86 64 64 41 64 39 56 50 92
split_gain=33.841 53.329 57.8438 35.3527 65.7479 45.7647 32.9903 20.0219 29.6885 4.18501 2.10861 0.0750937
threshold=1.5000000000000002 14.500000000000002 8.0500000000000025 21.500000000000004 65.950000000000017 14.800000000000002 1.0000000180025095e-35 27.850000000000005 9.5000000000000018 0.12132352941176471 -1.0000000180025095e-35 0.060661764705882353
decision_type=2 2 2 2 2 2 2 2 2 2 2 2
left_child=1 3 6 4 -1 -5 -3 8 11 -4 -9 -2
right_child=7 2 9 5 -6 -7 -8 10 -10 -11 -12 -13
leaf_value=0.0011330506934588724 -0.019397212873919201 0.0051270598018547525 -0.021154242443226799 -0.0012867121348375133 -0.012124914146602538 0.0070555481858367835 -0.011047967192994704 0.0094242038903739542 0.0075577741933949985 -0.013428211840627924 0.005723253320074206 -0.011006077771102738
leaf_weight=529.78281486034393 4.7488079145550719 31.965350240468979 9.1770197786390799 76.607504040002823 31.634301235899329 169.12048713117838 14.577844023704527 57.594509243965149 8.6537390500307065 20.499038781970739 17.274059526622295 1.0302950143814085
leaf_count=994 22 34 53 136 412 110 49 6 8 177 29 6
internal_value=0 0.000946162 -0.00620781 0.00162306 0.000382083 0.00445572 3.58892e-05 0.00672815 -0.00290097 -0.0159384 0.00858737 -0.0183058
internal_weight=0 883.364 76.2193 807.145 561.417 245.728 46.5432 89.3014 14.4328 29.6761 74.8686 5.7791
internal_count=2036 1965 313 1652 1406 246 83 71 36 230 35 28
is_linear=0
shrinkage=0.00895904


Tree=297
num_leaves=14
num_cat=0
split_feature=59 90 104 65 97 40 75 98 68 59 64 64 54
split_gain=33.5596 41.188 45.7967 38.8689 34.8442 66.4905 51.6481 55.4051 50.042 36.9636 24.8841 18.1475 8.10678
threshold=250.00000000000003 -0.080128205128205079 -4.7499999999999991 5.5000000000000009 -0.26174999999999921 35.350000000000001 0.51470588235294124 -0.16590000000000407 446.00000000000006 -249.99999999999997 2.6500000000000008 2.9500000000000006 36.150000000000013
decision_type=2 2 2 2 2 2 2 2 2 2 2 2 2
left_child=4 3 -3 12 5 8 9 -8 -1 -6 -4 -7 -2
right_child=1 2 10 -5 6 11 7 -9 -10 -11 -12 -13 -14
leaf_value=-0.016443019792667414 0.0093889278820808164 0.010030751784366193 0.0072199238191439155 -0.010897564752010898 -0.018498284324312952 0.0010832877696686644 -0.017432168286542853 0.0010215030412883974 0.0016448878363866111 0.0053058016835891321 -0.013026131994679191 -0.019023294048837108 0.00064188766494159099
leaf_weight=12.539510499686001 29.792261682450771 9.602627754211424 5.2839273959398261 12.683400213718413 5.1232815496623507 4.4915364682674435 16.634567983448505 58.237579856067896 344.18202993832529 393.45948792435229 49.121577434241772 17.582557210698724 11.920680429786442
leaf_count=53 15 1 7 155 27 8 101 164 516 421 435 106 27
internal_value=0 -0.00299786 -0.00785894 0.00272927 0.00208899 6.34594e-05 0.00370882 -0.00311213 0.00100052 0.00499104 -0.011041 -0.014957 0.00690408
internal_weight=0 118.404 64.0081 54.3963 852.251 378.796 473.455 74.8721 356.722 398.583 54.4055 22.0741 41.7129
internal_count=2036 640 443 197 1396 683 713 265 569 448 442 114 42
is_linear=0
shrinkage=0.00895904


Tree=298
num_leaves=13
num_cat=0
split_feature=30 19 64 66 74 41 64 39 56 50 52 79
split_gain=33.4121 52.3576 56.9468 35.201 35.0242 32.3066 19.8524 29.1768 3.99267 2.12314 1.65139 0.0665164
threshold=1.5000000000000002 14.500000000000002 8.0500000000000025 1726.5000000000002 2.6500000000000008 1.0000000180025095e-35 27.850000000000005 9.5000000000000018 0.12132352941176471 -1.0000000180025095e-35 7.5000000000000009 7.5000000000000009
decision_type=2 2 2 2 2 2 2 2 2 2 2 2
left_child=1 3 5 4 -1 -3 7 11 -4 -8 -5 -2
right_child=6 2 8 10 -6 -7 9 -9 -10 -11 -12 -13
leaf_value=0.0020378321645648685 -0.019348531014493266 0.0050850947084443527 -0.020964775794540959 -0.020581323132428928 -0.013557944517432623 -0.010926848844287297 0.0094096536580795496 0.0075143454891022686 -0.01338841149676347 0.0056828780629763105 -0.011809982240042779 -0.011364802763850658
leaf_weight=782.97062759101391 4.6134957820177069 31.80611452460289 9.1755758952349442 3.4867061264812929 11.541804753243921 14.597109101712702 56.975708529353142 8.5993780195713025 20.308813171461225 17.149627055972815 6.0071075093001127 1.1618129909038541
leaf_count=1465 21 34 53 18 111 49 6 8 177 29 58 7
internal_value=0 0.000929604 -0.00617447 0.00160147 0.00180803 2.35307e-05 0.00669939 -0.00290342 -0.015867 0.00856458 -0.0153768 -0.0181623
internal_weight=0 879.894 75.8876 804.006 794.512 46.4032 88.5 14.3747 29.4844 74.1253 9.49381 5.77531
internal_count=2036 1965 313 1652 1576 83 71 36 230 35 76 28
is_linear=0
shrinkage=0.00895904


Tree=299
num_leaves=13
num_cat=0
split_feature=61 56 97 41 54 84 72 64 78 34 64 63
split_gain=33.2037 38.2568 34.0116 68.4928 46.3849 31.1905 27.0953 24.6997 20.3612 15.0763 1.98438 1.25268
threshold=0.033908045977011456 0.90454545454545465 -0.26174999999999921 0.95000000000000007 38.95000000000001 0.77500000000000013 8.5000000000000018 7.2500000000000009 3.5000000000000004 1.5000000000000002 11.950000000000001 1.5000000000000002
decision_type=2 2 2 2 2 2 2 2 2 2 2 2
left_child=5 2 3 -2 -4 6 10 -8 -3 -10 -1 -7
right_child=1 8 4 -5 -6 11 7 -9 9 -11 -12 -13
leaf_value=-0.016644771585137649 0.0016764426184631275 0.0067942002833337994 0.0042284119956298247 -0.0096955462749445127 -0.011912860960053593 0.010398818580721964 0.0061349304571612943 -0.010586897795346085 -0.015620180858936192 0.0097359846838467497 -0.011344491209270214 0.0048653186998595674
leaf_weight=11.328821897506716 321.13976735062897 5.1065219845622805 485.6690903455019 48.800283452495933 14.541583299636839 5.8216342926025382 15.991917967796327 12.42903124168515 17.927969990298156 1.9703862667083729 17.217894658446312 8.8477385342121107
leaf_count=53 463 12 708 214 96 2 18 168 129 1 162 10
internal_value=0 0.00191726 0.00223197 0.000172019 0.00375475 -0.00441401 -0.00741094 -0.001199 -0.00896725 -0.0130394 -0.0135456 0.00716848
internal_weight=0 895.156 870.151 369.94 500.211 71.637 56.9677 28.4209 25.0049 19.8984 28.5467 14.6694
internal_count=2036 1623 1481 677 804 413 401 186 142 130 215 12
is_linear=0
shrinkage=0.00895904


Tree=300
num_leaves=12
num_cat=0
split_feature=88 30 19 64 86 84 64 46 46 64 86
split_gain=33.0215 32.9592 50.3975 57.839 36.0081 21.9479 16.7581 28.4086 1.78795 0.968601 0.578178
threshold=17.500000000000004 1.5000000000000002 14.500000000000002 8.0500000000000025 19.500000000000004 0.63333333333333341 27.850000000000005 9.5000000000000018 4.5000000000000009 34.650000000000013 13.500000000000002
decision_type=2 2 2 2 2 2 2 2 2 2 2
left_child=1 2 4 -4 -1 9 7 -3 -8 10 -2
right_child=5 6 3 -5 -6 -7 8 -9 -10 -11 -12
leaf_value=0.00045140033049908288 -0.015242536007385316 -0.018240172739093091 0.00034155105936405084 -0.015930582409942877 0.0045200307983721899 0.0043186624841151195 0.0094103644599539734 0.0080044823078114623 0.0059258847780236847 -0.010677142107480997 -0.021979830647333012
leaf_weight=522.87065121158957 7.188366003334524 5.2096697464585295 45.525500170886517 28.312599625438452 261.9733341448009 5.8995083570480338 56.357254177331924 8.3687323033809644 16.726461365818977 3.2552455663681021 3.2260211706161499
leaf_count=1316 34 25 80 221 267 8 7 8 24 31 15
internal_value=0 0.0016764 0.00114412 -0.00592264 0.00181027 -0.0100261 0.00693606 -0.00217694 0.00863075 -0.0161927 -0.0176907
internal_weight=0 945.344 858.682 73.8381 784.844 19.5691 86.6621 13.5784 73.0837 13.6696 10.4144
internal_count=2036 1948 1884 301 1583 88 64 33 31 80 49
is_linear=0
shrinkage=0.00895904


Tree=301
num_leaves=16
num_cat=0
split_feature=73 55 60 15 89 100 92 52 67 74 33 75 64 64 46
split_gain=32.9065 57.6909 44.032 40.7871 46.5494 38.128 34.6868 30.4099 29.4712 26.1002 25.9775 16.6519 10.8162 1.5042 0.503012
threshold=37.050000000000004 0.75000000000000011 0.044949494949494906 16.500000000000004 459.50000000000006 -1.0195500000000022 0.13809523809523808 115.00000000000001 1434.0000000000002 1.5500000000000003 1.0000000180025095e-35 0.11437908496732026 2.9500000000000006 13.350000000000003 7.5000000000000009
decision_type=2 2 2 2 2 2 2 2 2 2 2 2 2 2 2
left_child=3 2 14 6 10 -6 8 -8 -1 -4 -5 12 -3 -13 -2
right_child=1 11 9 4 5 -7 7 -9 -10 -11 -12 13 -14 -15 -16
leaf_value=0.0037825982247753345 -0.018357668160866893 0.01158226501978272 -0.013622151704405443 -0.01715183256576467 -0.018971508104293041 0.0029209444322335462 -0.014657013781878704 0.0075977637397068414 -0.0012369707031878493 0.0076266479267392377 0.0058357479824967771 -0.015601846092527918 -0.012276464961429303 -0.011477972817248232 -0.012126684225373861
leaf_weight=629.63172199204564 4.8548761680722219 3.9205696582794181 4.9649332910776129 23.030634477734569 6.9717142656445494 58.609142504632473 16.322873834520582 6.8821373805403701 110.22723312117159 47.400980561971664 4.6527459174394599 13.493141561746596 2.2386939004063606 26.194169152528048 3.9520579762756824
leaf_count=844 26 2 29 127 36 114 110 12 266 33 6 67 22 310 32
internal_value=0 -0.0032533 0.00244079 0.00201195 -0.00357553 0.000544833 0.00269563 -0.00804761 0.00303461 0.0055693 -0.013274 -0.0108299 0.00279829 -0.0129488 -0.0158815
internal_weight=0 107.019 61.1728 856.328 93.2642 65.5809 763.064 23.205 739.859 52.3659 27.6834 45.8466 6.15926 39.6873 8.80693
internal_count=2036 521 120 1515 283 150 1232 122 1110 62 133 401 24 377 58
is_linear=0
shrinkage=0.00895904


Tree=302
num_leaves=13
num_cat=0
split_feature=30 19 64 66 46 41 64 39 56 50 52 79
split_gain=32.6241 50.5103 55.2746 34.4481 34.1615 31.6558 19.5421 28.2276 3.74769 2.14696 1.56676 0.0475444
threshold=1.5000000000000002 14.500000000000002 8.0500000000000025 1726.5000000000002 15.500000000000002 1.0000000180025095e-35 27.850000000000005 9.5000000000000018 0.12132352941176471 -1.0000000180025095e-35 7.5000000000000009 7.5000000000000009
decision_type=2 2 2 2 2 2 2 2 2 2 2 2
left_child=1 3 5 4 -1 -3 7 11 -4 -8 -5 -2
right_child=6 2 8 10 -6 -7 9 -9 -10 -11 -12 -13
leaf_value=0.0020009639541882598 -0.019056400873281868 0.005031276427321197 -0.020684980544024074 -0.020382703010645816 -0.012717432373818074 -0.010838375396404181 0.0093814727141645175 0.007445717069716958 -0.013293956448782125 0.0056090203758309542 -0.011772582519319898 -0.011236066197396796
leaf_weight=777.00935047119856 4.6114079877734175 31.595379069447517 9.1522466670721787 3.4823940619826299 12.677785146981476 14.588359676301478 55.772465877234936 8.4588905125856382 19.939881032332778 16.927305869758129 5.9432907830923796 1.148913040757179
leaf_count=1461 21 34 53 18 115 49 6 8 177 29 58 7
internal_value=0 0.000895414 -0.00611103 0.00155675 0.00176162 -5.16079e-06 0.00664519 -0.00292688 -0.0157399 0.00852044 -0.0152984 -0.0179119
internal_weight=0 874.389 75.2759 799.113 789.687 46.1837 86.919 14.2192 29.0921 72.6998 9.42568 5.76032
internal_count=2036 1965 313 1652 1576 83 71 36 230 35 76 28
is_linear=0
shrinkage=0.00895904


Tree=303
num_leaves=8
num_cat=0
split_feature=88 64 64 64 84 64 86
split_gain=32.4126 32.4438 40.558 46.5857 21.5015 0.917687 0.553597
threshold=17.500000000000004 107.65000000000002 105.00000000000001 80.450000000000017 0.63333333333333341 34.650000000000013 13.500000000000002
decision_type=2 2 2 2 2 2 2
left_child=1 2 3 -1 5 6 -2
right_child=4 -3 -4 -5 -6 -7 -8
leaf_value=0.0016679479728971063 -0.015129762116223274 -0.0097729781653909439 0.0093229605437888698 -0.015335483592052883 0.0042598005046925779 -0.010649033240283712 -0.021776354595764803
leaf_weight=852.79052804596722 7.150165870785715 19.375954950228333 55.139443647116423 12.941872084513305 5.8684116527438155 3.224678734317421 3.2330848127603531
leaf_count=1480 34 347 11 110 8 31 15
internal_value=0 0.00164382 0.00188605 0.0014104 -0.00997765 -0.016093 -0.0175582
internal_weight=0 940.248 920.872 865.732 19.4763 13.6079 10.3833
internal_count=2036 1948 1601 1590 88 80 49
is_linear=0
shrinkage=0.00895904


Tree=304
num_leaves=13
num_cat=0
split_feature=61 56 97 41 54 84 72 64 78 34 64 15
split_gain=32.2964 37.5188 33.5324 66.5245 45.2113 30.5793 26.6982 24.1634 20.0757 14.6621 1.90348 1.26416
threshold=0.033908045977011456 0.90454545454545465 -0.26174999999999921 0.95000000000000007 38.95000000000001 0.77500000000000013 8.5000000000000018 7.2500000000000009 3.5000000000000004 1.5000000000000002 11.950000000000001 1.0000000180025095e-35
decision_type=2 2 2 2 2 2 2 2 2 2 2 2
left_child=5 2 3 -2 -4 6 10 -8 -3 -10 -1 -7
right_child=1 8 4 -5 -6 11 7 -9 9 -11 -12 -13
leaf_value=-0.016553006098192283 0.0016128790305741949 0.0067484708993363679 0.0041648775908955816 -0.0096192885351627927 -0.011832464188213631 0.01044333284243067 0.0060749858904161009 -0.010570577017162869 -0.015566563753969765 0.009670060847352906 -0.011326596483295658 0.0048377133409916581
leaf_weight=11.280950374901296 318.71665795333683 5.0644704438746002 480.85081769526005 48.607889482751489 14.429307471960781 5.5969080924987784 15.865543797612192 12.220457859337328 17.793708650395278 1.9297740459442128 17.026953650638461 8.9383757486939412
leaf_count=53 463 12 708 214 96 1 18 168 129 1 162 11
internal_value=0 0.0018606 0.00217364 0.000122235 0.00369438 -0.00441426 -0.00739778 -0.00118941 -0.00896505 -0.013027 -0.0135074 0.00710539
internal_weight=0 887.393 862.605 367.325 495.28 70.9292 56.3939 28.086 24.788 19.7235 28.3079 14.5353
internal_count=2036 1623 1481 677 804 413 401 186 142 130 215 12
is_linear=0
shrinkage=0.00895904


Tree=305
num_leaves=14
num_cat=0
split_feature=68 64 67 100 64 82 98 58 64 64 86 36 86
split_gain=32.2123 53.1714 49.0663 47.7404 39.7073 79.2023 46.7696 37.2028 36.432 12.6806 1.23421 1.04038 0.0756594
threshold=1322.0000000000002 51.850000000000001 1504.0000000000002 1.1836500000000003 37.300000000000004 0.16025641025641021 1.2787499999999989 -8.4999999999999982 5.7500000000000009 2.9500000000000006 -1.0000000180025095e-35 -1.0000000180025095e-35 7.5000000000000009
decision_type=2 2 2 2 2 2 2 2 2 2 2 2 2
left_child=1 2 7 4 6 -6 -2 -1 -4 -5 -11 -3 -13
right_child=3 11 8 9 5 -7 -8 -9 -10 10 -12 12 -14
leaf_value=-0.016833528550617826 0.0019714905045819025 -0.017423936213748062 0.00049626985611460762 0.0085774819344333897 0.0080741153155759124 -0.012774069632773595 -0.01816238305721302 0.0018124591043883447 -0.018076369596708962 -0.011898131103955116 -0.018186013817256177 -0.01023045684704864 -0.012577095004929465
leaf_weight=8.5926513411104661 260.7765314206481 2.5661568604409721 15.313554555177687 2.1534864008426693 190.45139846019447 15.670733882114289 9.4103152602910978 387.70728769339621 18.764445800334215 11.189084943383932 4.7698819413781139 22.475709743797783 6.6427955105900756
leaf_count=47 378 14 26 2 92 155 48 639 103 114 27 340 51
internal_value=0 -0.000315239 0.000511419 0.00297442 0.00351884 0.00647861 0.0012578 0.00140018 -0.00977365 -0.0112282 -0.0139722 -0.0114802 -0.0108452
internal_weight=0 462.063 430.378 494.421 476.309 206.122 270.187 396.3 34.078 18.1125 15.959 31.6847 29.1185
internal_count=2036 1220 815 816 673 247 426 686 129 143 141 405 391
is_linear=0
shrinkage=0.00895904


Tree=306
num_leaves=12
num_cat=0
split_feature=30 19 64 58 74 41 64 86 47 56 50
split_gain=31.8691 49.5017 54.2565 33.7127 32.474 30.9993 19.4059 27.7323 13.1841 3.59349 2.13435
threshold=1.5000000000000002 14.500000000000002 8.0500000000000025 -10.499999999999998 2.6500000000000008 1.0000000180025095e-35 27.850000000000005 -330.49999999999994 45.20000000000001 0.12132352941176471 -1.0000000180025095e-35
decision_type=2 2 2 2 2 2 2 2 2 2 2
left_child=1 3 5 8 -5 -3 7 -2 -1 -4 -8
right_child=6 2 9 4 -6 -7 10 -9 -10 -11 -12
leaf_value=-0.016259234154281328 0.0078136130742386539 0.0049731942215208809 -0.020537957905432863 0.0019831063369652353 -0.013368298412155841 -0.010748883461239853 0.0093568155957080359 -0.017217393152745997 0.0073122475494965143 -0.013262105409524289 0.0055659054702425501
leaf_weight=11.323618501424788 8.0911941826343519 31.378778249025345 9.1224545910954493 769.4131879042834 11.032222501933573 14.586275517940519 54.632637687027454 6.0370238050818434 2.1648935675621024 19.715869267471135 16.683873128145933
leaf_count=81 7 34 53 1457 112 49 6 29 2 177 29
internal_value=0 0.000861938 -0.00609594 0.00151884 0.00176285 -3.93813e-05 0.00659075 -0.00296789 -0.0124251 -0.0156847 0.00848755
internal_weight=0 868.737 74.8034 793.934 780.445 45.9651 85.4447 14.1282 13.4885 28.8383 71.3165
internal_count=2036 1965 313 1652 1569 83 71 36 83 230 35
is_linear=0
shrinkage=0.00895904


Tree=307
num_leaves=11
num_cat=0
split_feature=88 83 30 19 84 64 65 64 86 67
split_gain=31.6803 31.6766 32.2901 48.6323 21.0466 14.8966 1.44139 0.868064 0.51572 0.411873
threshold=17.500000000000004 2.7500000000000004 1.5000000000000002 14.500000000000002 0.63333333333333341 27.850000000000005 8.5000000000000018 34.650000000000013 13.500000000000002 1122.5000000000002
decision_type=2 2 2 2 2 2 2 2 2 2
left_child=1 2 3 -1 7 -4 9 8 -2 -3
right_child=4 6 5 -5 -6 -7 -8 -9 -10 -11
leaf_value=0.0018997151471909441 -0.015024658951641786 -0.022986148183191508 -0.0017516948871288979 -0.0057798499680291613 0.00420535609545952 0.0087157195283740063 -0.009516522708386441 -0.010604343474032414 -0.021545513529044619 -0.014550793500925909
leaf_weight=769.16403359733522 7.1055159419775027 1.7950842976570109 12.846752434968947 72.230719715356827 5.8325052484869948 70.074813716113567 3.4246445503085852 3.1765485759824506 3.2391757816076279 3.7164864167571068
leaf_count=1509 34 9 30 293 8 28 60 31 15 19
internal_value=0 0.00160215 0.00176583 0.00123926 -0.00992338 0.00709348 -0.0150075 -0.0159931 -0.017423 -0.0179815
internal_weight=0 933.253 924.316 841.395 19.3537 82.9216 8.93622 13.5212 10.3447 5.51157
internal_count=2036 1948 1860 1802 88 58 88 80 49 28
is_linear=0
shrinkage=0.00895904


Tree=308
num_leaves=14
num_cat=0
split_feature=92 78 49 61 88 13 54 40 84 91 48 59 64
split_gain=31.6219 35.6208 30.5568 32.2702 29.3398 28.8182 24.0242 23.666 20.6681 12.5576 0.889194 0.10196 0.0102776
threshold=0.13809523809523808 75.000000000000014 0.81534090909090928 0.11651583710407236 17.500000000000004 4.5000000000000009 34.650000000000013 35.95000000000001 0.63333333333333341 -0.080128205128205079 0.75000000000000011 250.00000000000003 13.750000000000002
decision_type=2 2 2 2 2 2 2 2 2 2 2 2 2
left_child=2 10 4 7 5 -1 -5 -4 -6 -3 12 -12 -2
right_child=1 9 3 6 8 -7 -8 -9 -10 -11 11 -13 -14
leaf_value=0.0025361471410423834 -0.018727277076389864 0.0088981369939564476 0.0082265249291815432 -0.0014974591702297086 -0.016450403321892598 -0.014985964587984081 -0.015542382851619902 -0.011512061032938534 0.004178059075797113 -0.012133700702744022 -0.012955821551443153 -0.0097660395713422814 -0.01329599029316807
leaf_weight=824.80590014345944 3.8405388593673733 10.909139990806578 20.028337027877573 17.673458702862263 11.220619112253191 7.4150409512221804 21.817733973264694 6.2427051747217766 5.8193270936608306 2.6894856654107562 10.766894556581972 5.0844191294163457 3.1210698187351227
leaf_count=1383 16 8 32 43 64 37 164 78 8 28 76 80 19
internal_value=0 -0.00681089 0.00168166 -0.00419357 0.00213747 0.00237659 -0.00929497 0.00348593 -0.00943616 0.00462624 -0.0136112 -0.0120628 -0.0167164
internal_weight=0 36.4115 915.023 65.7622 849.261 832.221 39.4912 26.271 17.0399 13.5986 22.8129 15.8513 6.96161
internal_count=2036 227 1809 317 1492 1420 207 110 72 36 191 156 35
is_linear=0
shrinkage=0.00895904


Tree=309
num_leaves=13
num_cat=0
split_feature=61 56 97 41 54 97 40 78 84 98 34 75
split_gain=31.3877 36.5211 33.1541 64.5517 44.0458 29.9881 20.3635 19.6658 16.4925 16.2714 14.3821 2.46202
threshold=0.033908045977011456 0.90454545454545465 -0.26174999999999921 0.95000000000000007 38.95000000000001 -1.0392500000000024 34.350000000000001 3.5000000000000004 0.77500000000000013 -1.0336999999999994 1.5000000000000002 0.4494949494949495
decision_type=2 2 2 2 2 2 2 2 2 2 2 2
left_child=5 2 3 -2 -4 6 -1 -3 9 -7 -9 -8
right_child=1 7 4 -5 -6 8 11 10 -10 -11 -12 -13
leaf_value=-0.015606854308405426 0.0015462285103618584 0.0066854803564861415 0.0041035068412011121 -0.0095432309784388696 -0.01174782485357442 0.00043259947768978452 0.0021646643309615548 -0.015486922582443476 0.0074774266531012126 -0.012762200595834139 0.009635627146818565 0.010063141787027311
leaf_weight=3.2387051656842258 316.19781230203807 5.0264429468661573 476.15637817047536 48.41262830235064 14.316865749657152 9.5263521857559663 4.2771055046469 17.635498842224482 4.6980983763933173 34.832041355781257 1.9084373712539662 13.660577116534112
leaf_count=17 463 12 708 214 96 37 9 129 4 334 1 12
internal_value=0 0.00180561 0.00211581 6.94848e-05 0.00363636 -0.00441059 0.00447091 -0.00892192 -0.00824741 -0.00993834 -0.012963 0.00822376
internal_weight=0 879.654 855.084 364.61 490.473 70.2329 21.1764 24.5704 49.0565 44.3584 19.5439 17.9377
internal_count=2036 1623 1481 677 804 413 38 142 375 371 130 21
is_linear=0
shrinkage=0.00895904


Tree=310
num_leaves=14
num_cat=0
split_feature=68 64 67 100 64 82 98 58 86 64 86 36 86
split_gain=31.3127 52.081 47.962 46.6638 39.2328 77.7412 45.5311 36.1752 35.8472 12.4126 1.18 1.00101 0.0655475
threshold=1322.0000000000002 51.850000000000001 1504.0000000000002 1.1836500000000003 37.300000000000004 0.16025641025641021 1.2787499999999989 -8.4999999999999982 -1111.4999999999998 2.9500000000000006 -1.0000000180025095e-35 -1.0000000180025095e-35 7.5000000000000009
decision_type=2 2 2 2 2 2 2 2 2 2 2 2 2
left_child=1 2 7 4 6 -6 -2 -1 -4 -5 -11 -3 -13
right_child=3 11 8 9 5 -7 -8 -9 -10 10 -12 12 -14
leaf_value=-0.016698389777949272 0.0019128536277166991 -0.017324561507802528 0.0063755667775632716 0.0085088160601028227 0.0080256239157470467 -0.012753977912926347 -0.017999264101358294 0.001762552363424572 -0.014934217754236704 -0.011868835668169963 -0.01807164795222186 -0.010220595909874031 -0.01254503455944868
leaf_weight=8.5217309817671758 259.14763687923551 2.5590716339647797 8.2748672068119031 2.1275120377540615 187.20082854665816 15.487847631797193 9.3659219928085786 385.26388181746006 25.612796653062105 11.047767009586096 4.7477518469095203 22.161855165846649 6.5702724121510974
leaf_count=47 378 14 12 2 92 155 48 639 117 114 27 340 51
internal_value=0 -0.00034517 0.000473229 0.00291232 0.00345358 0.00642717 0.00120589 0.00135507 -0.00972346 -0.0112023 -0.0139287 -0.0114662 -0.0108324
internal_weight=0 458.964 427.673 489.125 471.202 202.689 268.514 393.786 33.8877 17.923 15.7955 31.2912 28.7321
internal_count=2036 1220 815 816 673 247 426 686 129 143 141 405 391
is_linear=0
shrinkage=0.00895904


Tree=311
num_leaves=13
num_cat=0
split_feature=30 19 64 66 46 41 64 39 56 50 52 92
split_gain=30.9141 47.5602 53.5781 33.1474 32.773 30.2218 19.0742 27.2915 3.43302 2.15819 1.43265 0.0232545
threshold=1.5000000000000002 14.500000000000002 8.0500000000000025 1726.5000000000002 15.500000000000002 1.0000000180025095e-35 27.850000000000005 9.5000000000000018 0.12132352941176471 -1.0000000180025095e-35 7.5000000000000009 0.060661764705882353
decision_type=2 2 2 2 2 2 2 2 2 2 2 2
left_child=1 3 5 4 -1 -3 7 11 -4 -8 -5 -2
right_child=6 2 8 10 -6 -7 9 -9 -10 -11 -12 -13
leaf_value=0.0019064136222776229 -0.018689901695401558 0.0049523537902718753 -0.020367285898175675 -0.020067130275045975 -0.012650089797139327 -0.010577418579110345 0.0093245679772574856 0.0073638447332355812 -0.013212148621323062 0.0054751492199035948 -0.011713443144332054 -0.010709577174516977
leaf_weight=766.11525486968458 4.7391591668128958 31.290333226323128 9.0894066952168959 3.4735871665179712 12.429580004885791 14.588572345674036 53.251322895288467 8.2972587049007398 19.434555348940194 16.351189106702805 5.8197451177984476 0.99120131134986866
leaf_count=1461 22 34 53 18 115 49 6 8 177 29 58 6
internal_value=0 0.000821418 -0.00601622 0.00146849 0.00167094 -8.7709e-06 0.00652093 -0.00297554 -0.0156136 0.00843807 -0.0151802 -0.0177041
internal_weight=0 862.241 74.4029 787.838 778.545 45.8789 83.6301 14.0276 28.524 69.6025 9.29333 5.73036
internal_count=2036 1965 313 1652 1576 83 71 36 230 35 76 28
is_linear=0
shrinkage=0.00895904


Tree=312
num_leaves=13
num_cat=0
split_feature=92 78 49 61 88 13 73 40 84 91 48 59
split_gain=30.7779 34.9598 29.6411 31.7463 28.6422 28.2539 23.8149 23.2441 20.2164 12.336 0.832475 0.090338
threshold=0.13809523809523808 75.000000000000014 0.81534090909090928 0.11651583710407236 17.500000000000004 4.5000000000000009 34.850000000000001 35.95000000000001 0.63333333333333341 -0.080128205128205079 0.75000000000000011 250.00000000000003
decision_type=2 2 2 2 2 2 2 2 2 2 2 2
left_child=2 10 4 7 5 -1 -5 -4 -6 -3 -2 -12
right_child=1 9 3 6 8 -7 -8 -9 -10 -11 11 -13
leaf_value=0.0024859126575649724 -0.016587013229419609 0.0088597860078362106 0.0081864231300657533 -0.0017667381698725155 -0.016345155356204615 -0.014882473270844611 -0.015751757825125889 -0.011492662828211942 0.0041199593542368268 -0.01213106708750873 -0.012902629562900026 -0.0097356689839631048
leaf_weight=818.76342066191137 6.9377110786736038 10.79569775983691 19.883674027398232 18.356679189950228 11.14356096275151 7.3989833053201428 20.852678392082453 6.1568199330940834 5.784956842660903 2.6471725199371567 10.649745507165788 4.9813596457242957
leaf_count=1383 35 8 32 54 64 37 153 78 8 28 76 80
internal_value=0 -0.00678473 0.00163924 -0.00416998 0.00208971 0.00232693 -0.00924534 0.00348289 -0.00938252 0.00461235 -0.0135559 -0.0120248
internal_weight=0 36.0117 908.341 65.2499 843.091 826.162 39.2094 26.0405 16.9285 13.4429 22.5688 15.6311
internal_count=2036 227 1809 317 1492 1420 207 110 72 36 191 156
is_linear=0
shrinkage=0.00895904


Tree=313
num_leaves=14
num_cat=0
split_feature=68 64 67 100 64 82 98 58 64 64 86 36 86
split_gain=30.7206 51.2963 46.9829 45.808 38.8543 76.5969 44.5784 35.5339 35.4004 12.2385 1.12729 0.958603 0.0567322
threshold=1322.0000000000002 51.850000000000001 1504.0000000000002 1.1836500000000003 37.300000000000004 0.16025641025641021 1.2787499999999989 -8.4999999999999982 5.7500000000000009 2.9500000000000006 -1.0000000180025095e-35 -1.0000000180025095e-35 10.500000000000002
decision_type=2 2 2 2 2 2 2 2 2 2 2 2 2
left_child=1 2 7 4 6 -6 -2 -1 -4 -5 -11 -3 -13
right_child=3 11 8 9 5 -7 -8 -9 -10 10 -12 12 -14
leaf_value=-0.016611358696385178 0.0018779159980566783 -0.017214385488287399 0.00048568681401297246 0.0084674892457411808 0.0079910908804049132 -0.012735032348239897 -0.017861356606588503 0.0017305525056327711 -0.017894968853952919 -0.011838956790007054 -0.017949749547148244 -0.010220326117609065 -0.012543167868649206
leaf_weight=8.4784273244440538 258.16406326368451 2.5521316453814533 15.227051436901091 2.1141401231288937 185.07488629221916 15.339235438033937 9.3305619731545431 383.86703249439597 18.561611652374268 10.938544690608978 4.7356815673410866 22.105287970043722 6.3495544362813225
leaf_count=47 378 14 26 2 92 155 48 639 103 114 27 341 50
internal_value=0 -0.000360092 0.000451522 0.00287527 0.0034133 0.00639401 0.00117702 0.00132623 -0.00965493 -0.0111617 -0.0138809 -0.0114492 -0.0108198
internal_weight=0 457.141 426.134 485.697 467.909 200.414 267.495 392.345 33.7887 17.7884 15.6742 31.007 28.4548
internal_count=2036 1220 815 816 673 247 426 686 129 143 141 405 391
is_linear=0
shrinkage=0.00895904


Tree=314
num_leaves=11
num_cat=0
split_feature=83 30 19 64 58 64 46 50 65 89
split_gain=30.5982 31.0612 47.136 52.8367 32.82 17.4845 26.2145 1.44326 1.33721 0.384972
threshold=2.7500000000000004 1.5000000000000002 14.500000000000002 8.0500000000000025 -10.499999999999998 27.850000000000005 9.5000000000000018 -1.0000000180025095e-35 8.5000000000000018 489.50000000000006
decision_type=2 2 2 2 2 2 2 2 2 2
left_child=1 2 4 -4 -1 6 -3 -7 9 -2
right_child=8 5 3 -5 -6 7 -8 -9 -10 -11
leaf_value=-0.012316833070171547 -0.014790762814713247 -0.018103498129553287 3.1859422310980546e-05 -0.015638192238909557 0.0018427612570990511 0.0093050172243860987 0.0072391075900035346 0.0060417235970521366 -0.0094998818563004923 -0.023469788629472708
leaf_weight=13.179612180218099 4.2720685675740224 5.1450442448258391 45.507438987493515 27.640009101480246 763.5423451717943 52.416098691523075 8.3057719320058805 15.743000939488409 3.4307404700666666 1.4272673316299913
leaf_count=82 21 24 82 222 1495 6 9 26 61 8
internal_value=0 0.00145934 0.000951567 -0.00591441 0.00159949 0.00673229 -0.00257109 0.00857064 -0.0148543 -0.0176602
internal_weight=0 931.479 849.869 73.1474 776.722 81.6099 13.4508 68.1591 9.13008 5.69934
internal_count=2036 1946 1881 304 1577 65 33 32 90 29
is_linear=0
shrinkage=0.00895904


Tree=315
num_leaves=14
num_cat=0
split_feature=61 56 97 41 54 97 40 78 64 84 34 1 75
split_gain=30.2837 35.3583 32.9218 62.3071 42.7986 29.3536 20.0227 19.227 16.15 15.2257 13.9833 8.88212 2.43572
threshold=0.033908045977011456 0.90454545454545465 -0.26174999999999921 0.8500000000000002 38.95000000000001 -1.0392500000000024 34.350000000000001 3.5000000000000004 3.7500000000000004 0.90000000000000013 1.5000000000000002 4.5000000000000009 0.4494949494949495
decision_type=2 2 2 2 2 2 2 2 2 2 2 2 2
left_child=5 2 3 -2 -4 6 -1 -3 11 -10 -9 -7 -8
right_child=1 7 4 -5 -6 8 12 10 9 -11 -12 -13 -14
leaf_value=-0.015529715077572724 0.0016001409828951541 0.0066156880939478311 0.0040387998927121447 -0.0086536750192085041 -0.011663310692488525 -0.0061286221134967296 0.0021389153125909101 -0.015396088144048171 -0.012421811713559489 0.0082211271156391874 0.0095804435401354096 0.010747407449771805 0.010023266907828877
leaf_weight=3.2194632031023529 304.87709022685885 4.9848652034997967 470.380954278633 56.159863976761699 14.17623366601765 4.9655530229210836 4.2528842873871353 17.429676869884137 35.767942394129932 2.985275223851203 1.8740857839584339 4.6828148365020752 13.486564891412852
leaf_count=17 441 12 708 236 96 14 9 129 356 2 1 3 12
internal_value=0 0.00174263 0.00204952 1.34203e-06 0.00357495 -0.00440112 0.00442705 -0.0088733 -0.00822674 -0.0107985 -0.0128999 0.00210967 0.0081773
internal_weight=0 869.883 845.594 361.037 484.557 69.3605 20.9589 24.2886 48.4016 38.7532 19.3038 9.64837 17.7394
internal_count=2036 1623 1481 677 804 413 38 142 375 358 130 17 21
is_linear=0
shrinkage=0.00895904


Tree=316
num_leaves=11
num_cat=0
split_feature=83 30 19 64 74 64 39 50 65 89
split_gain=30.1204 30.6907 46.3283 52.1547 32.5123 17.4024 25.7869 1.45451 1.27918 0.338205
threshold=2.7500000000000004 1.5000000000000002 14.500000000000002 8.0500000000000025 2.6500000000000008 27.850000000000005 9.5000000000000018 -1.0000000180025095e-35 8.5000000000000018 489.50000000000006
decision_type=2 2 2 2 2 2 2 2 2 2
left_child=1 2 4 -4 -1 6 -3 -7 9 -2
right_child=8 5 3 -5 -6 7 -8 -9 -10 -11
leaf_value=0.0018018494263203255 -0.014716973717033691 -0.017828886774694474 1.9441082270962767e-05 -0.015584439346255448 -0.013458820168753487 0.0092926645949557313 0.0072954511332503358 0.0060064712294839251 -0.0094840000189584661 -0.023161736521326314
leaf_weight=763.39840390533209 4.2565623596310598 5.2082102671265593 45.445007033646107 27.461217877455056 11.182504024356602 51.877494886517525 8.169044151902197 15.63585928454995 3.3935706317424774 1.4339138828217981
leaf_count=1466 21 25 82 222 111 6 8 26 61 8
internal_value=0 0.0014392 0.000935151 -0.00588313 0.00157823 0.00670519 -0.00259826 0.00855105 -0.0147865 -0.0175334
internal_weight=0 928.378 847.487 72.9062 774.581 80.8906 13.3773 67.5134 9.08405 5.69048
internal_count=2036 1946 1881 304 1577 65 33 32 90 29
is_linear=0
shrinkage=0.00895904


Tree=317
num_leaves=13
num_cat=0
split_feature=92 78 15 31 73 41 15 95 91 87 48 59
split_gain=29.8944 34.3105 28.9704 54.2386 37.3359 34.5976 30.1172 29.3744 12.0893 11.0658 0.780381 0.0798537
threshold=0.13809523809523808 75.000000000000014 18.500000000000004 1.0000000180025095e-35 38.050000000000004 0.45000000000000007 22.500000000000004 -1.0099999999999998 -0.080128205128205079 7.5000000000000009 0.75000000000000011 250.00000000000003
decision_type=2 2 2 2 2 2 2 2 2 2 2 2
left_child=2 10 4 9 7 -6 -5 -1 -3 -4 -2 -12
right_child=1 8 3 6 5 -7 -8 -9 -10 -11 11 -13
leaf_value=-0.014848269065761791 -0.016476560153128875 0.0088192005714039252 0.0056493424276104218 -0.01909650037629625 0.003796178975668806 -0.014200456971004794 0.002127494465483932 0.0027113426071811767 -0.012118962132493334 -0.018473520405365419 -0.012859172986531914 -0.0097068940757089207
leaf_weight=7.5356906540691844 6.9028055276721743 10.670232634991406 1.5817197263240839 5.6496602967381468 14.364083549007772 20.832704603672028 65.840824482962489 766.9815386403352 2.6019645556807509 17.708243884146214 10.526342401280997 4.8656987920403472
leaf_count=41 35 8 2 40 41 177 164 1250 28 94 76 80
internal_value=0 -0.00676501 0.00158801 -0.00320642 0.00212619 -0.00687448 0.000403396 0.00253684 0.00459876 -0.0164583 -0.0135124 -0.0119956
internal_weight=0 35.567 900.494 90.7804 809.714 35.1968 71.4905 774.517 13.2722 19.29 22.2948 15.392
internal_count=2036 227 1809 300 1509 218 204 1291 36 96 191 156
is_linear=0
shrinkage=0.00895904


Tree=318
num_leaves=14
num_cat=0
split_feature=68 64 67 100 64 82 98 106 64 64 86 36 86
split_gain=29.8022 50.1943 45.8958 44.5603 38.4357 75.0664 43.4889 35.2161 34.7291 12.1189 1.07701 0.91408 0.0480217
threshold=1322.0000000000002 51.850000000000001 1504.0000000000002 1.1836500000000003 37.300000000000004 0.16025641025641021 1.2787499999999989 1.0000000180025095e-35 5.7500000000000009 2.9500000000000006 -1.0000000180025095e-35 -1.0000000180025095e-35 10.500000000000002
decision_type=2 2 2 2 2 2 2 2 2 2 2 2 2
left_child=1 2 7 4 6 -6 -2 -1 -4 -5 -11 -3 -13
right_child=3 11 8 9 5 -7 -8 -9 -10 10 -12 12 -14
leaf_value=-0.00077113598572170505 0.0018191619247728244 -0.017096912868324647 0.00045834004747919365 0.0084402119639561349 0.0079425924182479016 -0.012706393485823891 -0.017714640749499772 0.0048096155364981434 -0.017795255663319149 -0.011801767461477208 -0.017831656421907458 -0.010207085327794635 -0.01251081680554721
leaf_weight=246.2973543331027 256.57007806375623 2.5439925640821484 15.166715204715727 2.1101418435573605 181.92683997936547 15.148617921397088 9.2950792126357538 143.47692301124334 18.434276029467583 10.789668520912528 4.7105264551937553 21.76863096468151 6.2789638340473166
leaf_count=536 378 14 26 2 92 155 48 150 103 114 27 341 50
internal_value=0 -0.000386228 0.000416654 0.00281437 0.00334806 0.00634446 0.00112389 0.00128445 -0.00959945 -0.011099 -0.0138309 -0.011432 -0.0108049
internal_weight=0 453.967 423.375 480.551 462.941 197.075 265.865 389.774 33.601 17.6103 15.5002 30.5916 28.0476
internal_count=2036 1220 815 816 673 247 426 686 129 143 141 405 391
is_linear=0
shrinkage=0.00895904


Tree=319
num_leaves=11
num_cat=0
split_feature=88 83 30 19 84 64 65 64 86 67
split_gain=29.6857 29.6446 30.2931 44.9132 19.772 14.4876 1.23707 0.742964 0.356761 0.327249
threshold=17.500000000000004 2.7500000000000004 1.5000000000000002 14.500000000000002 0.63333333333333341 27.850000000000005 8.5000000000000018 37.300000000000004 13.500000000000002 1122.5000000000002
decision_type=2 2 2 2 2 2 2 2 2 2
left_child=1 2 3 -1 7 -4 9 8 -2 -3
right_child=4 6 5 -5 -6 -7 -8 -9 -10 -11
leaf_value=0.0017767109581160562 -0.014702882651760783 -0.022257699731698805 -0.0018411043589822498 -0.0056606424808997649 0.0040333937018665368 0.0086147426426936517 -0.0094334642512626521 -0.010220576541576269 -0.020576539120846182 -0.014251251387421334
leaf_weight=754.74766329862177 6.9766712784767169 1.8047054260969142 12.590031176805494 71.142301796935499 5.725683204829692 66.198292378336191 3.2304966934025288 2.7976583279669276 3.4740239679813385 3.6468343064188957
leaf_count=1509 34 9 30 293 8 28 60 30 16 19
internal_value=0 0.00148258 0.0016421 0.00113487 -0.00978435 0.00694326 -0.0148144 -0.0157301 -0.0169925 -0.0175709
internal_weight=0 913.36 904.678 825.89 18.974 78.7883 8.68204 13.2484 10.4507 5.45154
internal_count=2036 1948 1860 1802 88 58 88 80 50 28
is_linear=0
shrinkage=0.00895904


Tree=320
num_leaves=15
num_cat=0
split_feature=106 66 68 39 72 84 78 5 90 64 57 97 45 7
split_gain=29.3887 59.5297 61.9915 69.2527 69.1571 39.1972 35.9991 44.1114 32.4787 47.338 28.1062 19.1284 7.66176 1.31971
threshold=1.0000000180025095e-35 1692.0000000000002 836.00000000000011 13.500000000000002 10.500000000000002 0.77500000000000013 35.000000000000007 1.0000000180025095e-35 0.060661764705882353 4.3500000000000005 0.75000000000000011 -1.8625000000000005 3.5000000000000004 38.500000000000007
decision_type=2 2 2 2 2 2 2 2 2 2 2 2 2 2
left_child=1 2 4 -4 -1 12 8 10 11 -10 -8 -2 -3 -9
right_child=6 5 3 -5 -6 -7 7 13 9 -11 -12 -13 -14 -15
leaf_value=-0.016745146928575625 -0.024122549889414577 -0.026188121820553224 0.0023717505331217743 -0.014911939685701927 0.0014405131303322346 0.0082744285652659923 -0.016752242791337166 -0.025781418758924448 0.0047769425810411364 -0.021572683742920869 0.0070077104014967199 0.0061642438075229329 -0.014017425180953049 -0.01661593481875713
leaf_weight=32.210665935650468 1.5024176239967335 5.82634847424925 542.00447195209563 19.079153077676892 34.760000611655414 5.9638789370656005 5.0125277638435426 4.7036417163908464 14.280885368585588 8.6271963119506818 17.036494024097919 217.75011179596186 18.197168659418821 4.2849287986755371
leaf_count=195 7 30 1048 155 123 5 21 26 19 45 15 177 151 19
internal_value=0 0.000215564 0.000805956 0.00177911 -0.00732867 -0.0120755 0.00371037 -0.00534934 0.00487495 -0.00524197 0.00150752 0.00593574 -0.0171538 -0.0218522
internal_weight=0 658.042 628.054 561.084 66.9707 29.9874 273.198 31.0376 242.161 22.9081 22.049 219.253 24.0235 8.98857
internal_count=2036 1707 1521 1203 318 186 329 81 248 64 36 184 181 45
is_linear=0
shrinkage=0.00895904


Tree=321
num_leaves=13
num_cat=0
split_feature=61 56 97 41 54 97 40 78 84 98 34 75
split_gain=29.2022 34.4746 32.4899 59.9627 41.5024 28.7117 19.6292 18.9172 15.7537 15.7063 13.6335 2.40067
threshold=0.033908045977011456 0.90454545454545465 -0.26174999999999921 0.95000000000000007 38.95000000000001 -1.0392500000000024 34.350000000000001 3.5000000000000004 0.77500000000000013 -1.0336999999999994 1.5000000000000002 0.4494949494949495
decision_type=2 2 2 2 2 2 2 2 2 2 2 2
left_child=5 2 3 -2 -4 6 -1 -3 9 -7 -9 -8
right_child=1 7 4 -5 -6 8 11 10 -10 -11 -12 -13
leaf_value=-0.015410917785315451 0.001386588503275438 0.0065680632523948896 0.0039709993728928765 -0.0093637694875909252 -0.011560978242740452 0.00038376417060402627 0.0021222129969507173 -0.015334001782779686 0.0073370408005618264 -0.012709561465369326 0.0095270921189049545 0.0099772428940821146
leaf_weight=3.2042341083288219 309.97954505123198 4.9463578052818802 464.9139247443527 47.911557218059897 14.049122285097836 9.3647934608161432 4.2311308216303614 17.272608775645498 4.5915360748767844 33.808395178057253 1.8407127857208241 13.309697551652787
leaf_count=17 463 12 708 214 96 37 9 129 4 334 1 12
internal_value=0 0.0016807 0.00198547 -5.67594e-05 0.00351093 -0.00438913 0.00438273 -0.00885089 -0.00820164 -0.00987981 -0.0128679 0.00812708
internal_weight=0 860.914 836.854 357.891 478.963 68.5098 20.7451 24.0597 47.7647 43.1732 19.1133 17.5408
internal_count=2036 1623 1481 677 804 413 38 142 375 371 130 21
is_linear=0
shrinkage=0.00895904


Tree=322
num_leaves=16
num_cat=0
split_feature=67 62 64 11 39 38 28 40 65 64 104 87 102 61 60
split_gain=29.1608 72.6087 75.2857 39.0288 38.3922 35.8394 42.7926 39.9611 35.1981 21.8 14.9309 13.6935 8.38734 7.55528 1.30537
threshold=1504.0000000000002 3.5000000000000004 4.3500000000000005 2.5000000000000004 3.5000000000000004 35.000000000000007 1.0000000180025095e-35 33.750000000000007 2.5000000000000004 5.6500000000000012 -1.0000000180025095e-35 14.500000000000002 0.097084985834278964 0.22111111111111112 0.066120218579234905
decision_type=2 2 2 2 2 2 2 2 2 2 2 2 2 2 2
left_child=3 4 10 5 13 6 -1 -7 11 -6 -3 -5 -4 -2 -10
right_child=1 2 12 8 9 7 -8 -9 14 -11 -12 -13 -14 -15 -16
leaf_value=0.0011799894729277653 3.4738486254429759e-05 0.0085720948966935585 -0.027446448238336047 0.0085509438588303524 0.0047011056739370526 -0.022912069947780438 -0.013418018853543814 0.0049210999234638383 -0.011543574340458889 -0.015173756535005892 -0.010150381610546445 -0.0080812401711769632 -0.016523345535092843 0.0093098713837711268 -0.016562684580029793
leaf_weight=439.71995772980154 8.6953676640987378 12.737491488456728 8.4721872601658124 11.257397308945658 7.0154913365840939 4.0089039653539649 16.539532700553536 315.35661735013127 11.144354226067664 11.489379614591597 4.4689651876687995 5.9049348384141913 22.454397212713957 37.180026993155479 11.275600669905542
leaf_count=947 22 12 51 8 8 20 105 383 107 95 13 18 170 10 67
internal_value=0 -0.00304829 -0.0113498 0.00181382 0.0031731 0.0022572 0.000645353 0.00455813 -0.00684299 -0.00766674 0.00364994 0.00280114 -0.0196669 0.00755976 -0.0141877
internal_weight=0 112.513 48.133 815.207 64.3803 775.625 456.259 319.366 39.5823 18.5049 17.2065 17.1623 30.9266 45.8754 22.42
internal_count=2036 381 246 1655 135 1455 1052 403 200 103 25 26 221 32 174
is_linear=0
shrinkage=0.00895904


Tree=323
num_leaves=14
num_cat=0
split_feature=30 19 64 106 39 15 41 62 25 68 66 56 15
split_gain=29.0195 43.5507 50.7239 31.9905 49.0742 33.9604 29.1254 27.8485 10.174 5.07181 23.1249 3.0796 0.501979
threshold=1.5000000000000002 14.500000000000002 8.0500000000000025 1.0000000180025095e-35 13.500000000000002 26.500000000000004 1.0000000180025095e-35 5.5000000000000009 2.5000000000000004 1322.0000000000002 1184.5000000000002 0.12132352941176471 1.0000000180025095e-35
decision_type=2 2 2 2 2 2 2 2 2 2 2 2 2
left_child=1 3 6 4 -1 -5 -3 9 12 10 -2 -4 -9
right_child=7 2 11 5 -6 -7 -8 8 -10 -11 -12 -13 -14
leaf_value=0.00078589579859657927 0.0091390614405548187 0.0048687092083126351 -0.019916727280418409 0.0046904636124226184 -0.011562890734995911 -0.018004933587241773 -0.010425986073661325 -0.023521972428840899 0.0097063439076844268 0.0092914122311442277 -0.015721130342161625 -0.013031985611570863 -0.013767606195693087
leaf_weight=516.84756123647094 13.318073242902758 30.937199890613556 9.0103251840919274 224.08717709779739 26.997008418664336 5.2347740456461898 14.527082145214079 1.0171926543116558 1.3930714130401609 55.960957687348127 3.6765855625271788 18.629460843279958 4.3107637651264668
leaf_count=1207 4 34 53 237 184 24 49 5 1 10 23 177 28
internal_value=0 0.000727409 -0.005873 0.00135282 0.000168995 0.00415771 -4.11205e-05 0.00637717 -0.010855 0.00798924 0.00364436 -0.0153987 -0.0163852
internal_weight=0 846.271 73.1041 773.167 543.845 229.322 45.4643 79.6766 6.72103 72.9556 16.9947 27.6398 5.32796
internal_count=2036 1965 313 1652 1391 261 83 71 34 37 27 230 33
is_linear=0
shrinkage=0.00895904


Tree=324
num_leaves=8
num_cat=0
split_feature=88 64 64 64 84 64 86
split_gain=28.82 28.9793 38.4123 43.4432 19.1028 0.692858 0.32459
threshold=17.500000000000004 107.65000000000002 105.00000000000001 80.450000000000017 0.63333333333333341 37.300000000000004 13.500000000000002
decision_type=2 2 2 2 2 2 2
left_child=1 2 3 -1 5 6 -2
right_child=4 -3 -4 -5 -6 -7 -8
leaf_value=0.0014570866117992558 -0.014559061454952926 -0.0097507740034169094 0.0092349532529553951 -0.015290023030694695 0.0039322722376069208 -0.01013777217484422 -0.020310498508588234
leaf_weight=824.52728881686926 6.9143503308296221 18.02924969047308 50.528927862644196 12.432321715168653 5.6665896177291861 2.7323129978030911 3.4718381613492966
leaf_count=1480 34 347 11 110 8 30 16
internal_value=0 0.00143466 0.00166397 0.00120486 -0.00972173 -0.015593 -0.0168165
internal_weight=0 905.518 887.489 836.96 18.7851 13.1185 10.3862
internal_count=2036 1948 1601 1590 88 80 50
is_linear=0
shrinkage=0.00895904


Tree=325
num_leaves=13
num_cat=0
split_feature=92 78 49 61 64 88 13 84 6 91 48 59
split_gain=28.7274 33.3265 28.0519 31.0309 31.8411 26.6903 26.8692 18.7454 16.3649 11.736 0.713122 0.0628517
threshold=0.13809523809523808 75.000000000000014 0.81534090909090928 0.17349498327759191 15.850000000000003 17.500000000000004 4.5000000000000009 0.63333333333333341 1.5000000000000002 -0.080128205128205079 0.75000000000000011 250.00000000000003
decision_type=2 2 2 2 2 2 2 2 2 2 2 2
left_child=2 10 5 4 -4 6 -1 -7 -5 -3 -2 -12
right_child=1 9 3 8 -6 7 -8 -9 -10 -11 11 -13
leaf_value=0.0023445584659658983 -0.01631567348328658 0.0087558929342829994 0.0070419037706788571 -0.016927101091331949 -0.011631155536859283 -0.016025085683983462 -0.014643277764203981 0.0039063611833011509 -0.0033954643471599769 -0.012080908607672497 -0.012786432357813973 -0.0096736589738146278
leaf_weight=800.20089280046523 6.8521952517330673 10.479407846927641 24.566365245729685 16.21617649868131 10.222789138555525 10.891145691275598 7.3549698144197455 5.654397338628768 12.964086899533866 2.5454116240143767 10.364993911236523 4.7339823786169282
leaf_count=1383 35 8 25 95 139 64 37 8 58 28 76 80
internal_value=0 -0.00674554 0.00151086 -0.0041959 0.00152057 0.00195474 0.00218638 -0.00924551 -0.0109774 0.00456613 -0.0134398 -0.0119453
internal_weight=0 34.976 888.071 63.9694 34.7892 824.101 807.556 16.5455 29.1803 13.0248 21.9512 15.099
internal_count=2036 227 1809 317 164 1492 1420 72 153 36 191 156
is_linear=0
shrinkage=0.00895904


Tree=326
num_leaves=14
num_cat=0
split_feature=30 61 61 56 41 49 60 62 7 25 68 66 15
split_gain=28.6478 43.0333 68.8113 90.2497 69.907 66.0802 40.0985 27.5479 22.1284 9.99272 5.03813 22.8337 0.459941
threshold=1.5000000000000002 0.22111111111111112 0.15047169811320757 0.10555555555555557 1.4500000000000002 0.80625000000000013 0.071946169772256721 5.5000000000000009 48.500000000000007 2.5000000000000004 1322.0000000000002 1184.5000000000002 1.0000000180025095e-35
decision_type=2 2 2 2 2 2 2 2 2 2 2 2 2
left_child=1 2 4 -4 -1 6 -3 10 -7 12 11 -2 -9
right_child=7 5 3 -5 -6 8 -8 9 -10 -11 -12 -13 -14
leaf_value=0.003154999535222061 0.0091175189073678612 0.0070064171948399506 -0.022935664201104846 -0.003307610972332899 -0.0090471451172751335 -0.016386815277932756 0.0013309323711654137 -0.023280245265908783 0.0035349088120778666 0.0096596021237457582 0.009277051101808504 -0.015657930422068658 -0.013730919054692346
leaf_weight=218.15602059289813 13.188878536224367 155.43371722847223 23.175621677190065 96.747100852429867 45.356363143771887 18.743736816570166 279.50485916621983 1.0188337191939343 5.779549377039074 1.3773496150970457 55.194010533392429 3.658209726214408 4.2826206982135773
leaf_count=422 4 141 108 323 371 112 471 5 17 1 10 23 28
internal_value=0 0.000704152 -0.00151134 -0.00713152 0.00104961 0.00255295 0.00336142 0.00634958 -0.0116999 -0.0108374 0.00796776 0.00362095 -0.0163176
internal_weight=0 842.897 383.435 119.923 263.512 459.462 434.939 78.7199 24.5233 6.6788 72.0411 16.8471 5.30145
internal_count=2036 1965 1224 431 793 741 612 71 129 34 37 27 33
is_linear=0
shrinkage=0.00895904


Tree=327
num_leaves=16
num_cat=0
split_feature=67 62 64 11 39 38 28 40 65 64 104 87 102 61 60
split_gain=28.4412 71.201 73.5719 37.5877 37.5802 35.2801 41.368 38.9449 34.5127 21.3132 14.7142 13.2901 7.92791 7.53388 1.2395
threshold=1504.0000000000002 3.5000000000000004 4.3500000000000005 2.5000000000000004 3.5000000000000004 35.000000000000007 1.0000000180025095e-35 33.750000000000007 2.5000000000000004 5.6500000000000012 -1.0000000180025095e-35 14.500000000000002 0.097084985834278964 0.22111111111111112 0.066120218579234905
decision_type=2 2 2 2 2 2 2 2 2 2 2 2 2 2 2
left_child=3 4 10 5 13 6 -1 -7 11 -6 -3 -5 -4 -2 -10
right_child=1 2 12 8 9 7 -8 -9 14 -11 -12 -13 -14 -15 -16
leaf_value=0.0011267070569123772 -6.0868555689783416e-06 0.0085258246955723597 -0.027094019368992847 0.0085009218005279788 0.0046308269265011633 -0.022569399809237278 -0.013254710851690093 0.0048612618405544103 -0.011482576641705584 -0.015104218551405138 -0.010075451355380325 -0.0078981987513173472 -0.01644747558119276 0.0092746846309416479 -0.016430986871206917
leaf_weight=436.80535717308521 8.664370244368909 12.600480511784555 8.4941206760704535 11.152151316404344 6.9672237038612392 4.0239127576351157 16.475055309012532 311.89228332787752 10.948412360623481 11.360741602256892 4.4763866364955893 5.9196861237287512 22.253752823919058 36.70380000770092 11.191735797561703
leaf_count=947 22 12 51 8 8 20 105 383 107 95 13 18 170 10 67
internal_value=0 -0.00305861 -0.011298 0.00176427 0.0031427 0.00220099 0.000598572 0.00449834 -0.00677123 -0.00763062 0.00359093 0.00278871 -0.0195388 0.0075092 -0.0141044
internal_weight=0 111.521 47.8247 808.409 63.6961 769.197 453.28 315.916 39.212 18.328 17.0769 17.0718 30.7479 45.3682 22.1401
internal_count=2036 381 246 1655 135 1455 1052 403 200 103 25 26 221 32 174
is_linear=0
shrinkage=0.00895904


Tree=328
num_leaves=16
num_cat=0
split_feature=73 55 60 15 89 100 67 62 83 74 33 75 64 64 46
split_gain=28.369 52.4855 41.1841 36.2233 44.0204 35.3875 30.5121 93.7101 33.0541 24.3938 24.253 16.0145 10.0783 1.32198 0.439962
threshold=37.050000000000004 0.75000000000000011 0.044949494949494906 16.500000000000004 459.50000000000006 -1.0195500000000022 1434.0000000000002 3.5000000000000004 2.2500000000000004 1.5500000000000003 1.0000000180025095e-35 0.11437908496732026 2.9500000000000006 13.350000000000003 7.5000000000000009
decision_type=2 2 2 2 2 2 2 2 2 2 2 2 2 2 2
left_child=3 2 14 6 10 -6 8 -8 -1 -4 -5 12 -3 -13 -2
right_child=1 11 9 4 5 -7 7 -9 -10 -11 -12 13 -14 -15 -16
leaf_value=0.0033798244475689203 -0.018092454530150886 0.011417730573688877 -0.013425466855181135 -0.0169370232421788 -0.018517927894573554 0.0028148464016754314 0.0045059282004304433 -0.012489622853351296 -0.017403432263403674 0.0074165767797525969 0.0056423110142774175 -0.015386669998822648 -0.012105014593503379 -0.011391043075230693 -0.011972212661091356
leaf_weight=609.46675382740796 4.7819906622171384 3.8088746070861808 4.8268177248537532 22.470111343078319 6.8209252767264834 56.57489906065166 68.460900329053402 41.76673692651093 6.017403343692421 45.273609172552824 4.4926155209541312 13.166982959955929 2.1188692059367895 24.394563416019082 3.7471561785787344
leaf_count=880 26 2 29 127 36 114 98 201 53 33 6 67 22 310 32
internal_value=0 -0.00327703 0.00225464 0.00172776 -0.00361608 0.000470403 0.00239393 -0.00194421 0.00317125 0.00536469 -0.0131607 -0.0107122 0.00289031 -0.0128632 -0.015728
internal_weight=0 102.119 58.6296 816.07 90.3586 63.3958 725.712 110.228 615.484 50.1004 26.9627 43.4893 5.92774 37.5615 8.52915
internal_count=2036 521 120 1515 283 150 1232 299 933 62 133 401 24 377 58
is_linear=0
shrinkage=0.00895904


Tree=329
num_leaves=14
num_cat=0
split_feature=30 19 64 106 102 58 41 62 25 68 66 56 15
split_gain=28.3231 42.1901 49.2414 30.9845 48.0353 32.7564 28.4643 27.0848 9.77573 4.99438 22.3901 2.8221 0.427245
threshold=1.5000000000000002 14.500000000000002 8.0500000000000025 1.0000000180025095e-35 0.25628429679781378 6.5000000000000009 1.0000000180025095e-35 5.5000000000000009 2.5000000000000004 1322.0000000000002 1184.5000000000002 0.12132352941176471 1.0000000180025095e-35
decision_type=2 2 2 2 2 2 2 2 2 2 2 2 2
left_child=1 3 6 4 -1 -5 -3 9 12 10 -2 -4 -9
right_child=7 2 11 5 -6 -7 -8 8 -10 -11 -12 -13 -14
leaf_value=0.00094144173951704591 0.0090886299231305555 0.0048005690730167682 -0.019631263562773001 0.0048244793896834127 -0.0086921281185332894 -0.011373804152069992 -0.010349140224863133 -0.022990050492267849 0.0096155162943834874 0.0092613333536135881 -0.015537474424161053 -0.012979279564618277 -0.01363141987264916
leaf_weight=494.10748901311308 13.017093718051912 30.669690996408463 8.9906804617494362 216.43750553578138 45.164565375074744 10.327386692166327 14.502475261688231 1.0223418474197377 1.3624160289764402 54.456521678715944 3.6353307478129855 18.329527521505952 4.2473351582884789
leaf_count=1135 4 34 53 225 256 36 49 5 1 10 23 177 28
internal_value=0 0.000681949 -0.00584156 0.00130062 0.000131782 0.0040777 -8.59052e-05 0.00632866 -0.0107673 0.00794809 0.00359579 -0.0152905 -0.0161935
internal_weight=0 838.529 72.4924 766.037 539.272 226.765 45.1722 77.741 6.63209 71.1089 16.6524 27.3202 5.26968
internal_count=2036 1965 313 1652 1391 261 83 71 34 37 27 230 33
is_linear=0
shrinkage=0.00895904


Tree=330
num_leaves=14
num_cat=0
split_feature=30 61 61 88 41 49 60 62 7 25 68 66 15
split_gain=28.0666 41.856 67.2366 87.4686 68.1056 64.6729 39.5908 26.7946 21.7858 9.64455 4.96327 22.1183 0.395967
threshold=1.5000000000000002 0.22111111111111112 0.15047169811320757 10.500000000000002 1.4500000000000002 0.80625000000000013 0.071946169772256721 5.5000000000000009 48.500000000000007 2.5000000000000004 1322.0000000000002 1184.5000000000002 1.0000000180025095e-35
decision_type=2 2 2 2 2 2 2 2 2 2 2 2 2
left_child=1 2 4 -4 -1 6 -3 10 -7 12 11 -2 -9
right_child=7 5 3 -5 -6 8 -8 9 -10 -11 -12 -13 -14
leaf_value=0.0031153914439590175 0.0090687597749460908 0.0069539759330431421 -0.021909329596020533 -0.003116131653968381 -0.0089787627728167597 -0.016299460956834801 0.0012901331051565015 -0.022754656476106888 0.0035469352624583326 0.0095912359299417885 0.0092507651072365263 -0.015458336052008756 -0.013573301121766872
leaf_weight=216.69779983349144 12.92955192923546 153.84847160056233 24.995774801820517 94.74300274066627 44.963295508176088 18.629315394908193 277.8930245693773 1.0256297811865795 5.7287163268774739 1.354150056838989 54.032422859221697 3.622244991362094 4.2282123230397701
leaf_count=422 4 141 153 278 371 112 471 5 17 1 10 23 28
internal_value=0 0.000676575 -0.0015132 -0.00706816 0.00103203 0.00250763 0.00331065 0.00631616 -0.0116397 -0.0107156 0.00793564 0.00358448 -0.0161068
internal_weight=0 837.499 381.4 119.739 261.661 456.1 431.741 77.1922 24.358 6.60799 70.5842 16.5518 5.25384
internal_count=2036 1965 1224 431 793 741 612 71 129 34 37 27 33
is_linear=0
shrinkage=0.00895904


Tree=331
num_leaves=14
num_cat=0
split_feature=61 56 97 41 54 97 40 78 64 84 34 71 75
split_gain=27.8412 32.9862 32.0948 56.8688 39.526 27.8032 19.1946 18.3589 15.3319 14.5861 12.9493 10.4881 2.41091
threshold=0.033908045977011456 0.90454545454545465 -0.26174999999999921 0.8500000000000002 38.95000000000001 -1.0392500000000024 34.350000000000001 3.5000000000000004 3.7500000000000004 0.90000000000000013 1.5000000000000002 2.5000000000000004 0.4494949494949495
decision_type=2 2 2 2 2 2 2 2 2 2 2 2 2
left_child=5 2 3 -2 -4 6 -1 -3 11 -10 -9 -7 -8
right_child=1 7 4 -5 -6 8 12 10 9 -11 -12 -13 -14
leaf_value=-0.015327565033731701 0.0013997938274771407 0.006536526582409918 0.0038766920116787866 -0.0084751174022877525 -0.011370204703377629 -0.016559029950742488 0.0019995345549890008 -0.015189657283962179 -0.012374470750002912 0.0081158142659742 0.0094245997108844386 0.0065524462935296528 0.0099204236847875576
leaf_weight=3.1802271492779282 297.03005783632398 4.8497250527143505 455.68191318586469 55.367557080462575 13.886425456032155 1.7802131474018077 4.1748111527413156 17.015908830799166 34.501915123313665 2.9015093445777884 1.7762486934661854 7.6920790821313858 13.079011049121616
leaf_count=17 441 12 708 236 96 8 9 129 356 2 1 9 12
internal_value=0 0.00158727 0.00188817 -0.000155418 0.0034213 -0.00439192 0.00430046 -0.00880421 -0.00818365 -0.0107512 -0.0127904 0.00196461 0.00804808
internal_weight=0 845.608 821.966 352.398 469.568 67.3098 20.434 23.6419 46.8757 37.4034 18.7922 9.47229 17.2538
internal_count=2036 1623 1481 677 804 413 38 142 375 358 130 17 21
is_linear=0
shrinkage=0.00895904


Tree=332
num_leaves=14
num_cat=0
split_feature=30 19 64 58 74 41 62 47 25 68 66 56 15
split_gain=27.7366 41.4865 48.333 30.7054 28.9157 27.8569 26.5178 11.9229 9.47442 4.93934 21.8158 2.65749 0.363461
threshold=1.5000000000000002 14.500000000000002 8.0500000000000025 -10.499999999999998 2.6500000000000008 1.0000000180025095e-35 5.5000000000000009 45.20000000000001 2.5000000000000004 1322.0000000000002 1184.5000000000002 0.12132352941176471 1.0000000180025095e-35
decision_type=2 2 2 2 2 2 2 2 2 2 2 2 2
left_child=1 3 5 7 -5 -3 9 -1 12 10 -2 -4 -8
right_child=6 2 11 4 -6 -7 8 -9 -10 -11 -12 -13 -14
leaf_value=-0.015955184990167615 0.0090414371188198249 0.0047478521260576638 -0.019438486981380853 0.0017261847920551645 -0.013222269974407272 -0.010254923570379373 -0.022514059053111646 0.0069356567383303666 0.009550742096939133 0.0092378379736942507 -0.015392059665843113 -0.012944382652122163 -0.013518108940621658
leaf_weight=10.94422730989754 12.805279076099398 30.48779633641243 8.9785757046192902 739.28843788709491 10.344590310007332 14.498858854174612 1.0292175784707058 2.0696847885847083 1.3403016328811643 53.472608231008053 3.6027117297053328 18.179670734331012 4.2066973224282265
leaf_count=81 4 34 53 1457 112 49 5 2 1 10 23 177 28
internal_value=0 0.000663571 -0.00582093 0.00127833 0.00151655 -0.00010992 0.00629523 -0.0122653 -0.0106843 0.00791826 0.00355958 -0.0152132 -0.0160224
internal_weight=0 834.792 72.1449 762.647 749.633 44.9867 76.4568 13.0139 6.57622 69.8806 16.408 27.1582 5.23591
internal_count=2036 1965 313 1652 1569 83 71 83 34 37 27 230 33
is_linear=0
shrinkage=0.00895904


Tree=333
num_leaves=13
num_cat=0
split_feature=92 78 49 65 97 41 47 61 91 48 64 59
split_gain=27.6139 32.2791 26.6724 51.7278 44.701 86.2815 41.4046 30.5442 11.4021 0.65691 0.590799 0.0475572
threshold=0.13809523809523808 75.000000000000014 0.39444444444444454 9.5000000000000018 -0.26174999999999921 0.75000000000000011 37.95000000000001 0.042572463768115909 -0.080128205128205079 0.75000000000000011 104.10000000000001 250.00000000000003
decision_type=2 2 2 2 2 2 2 2 2 2 2 2
left_child=2 9 4 6 5 -1 -4 -6 -3 -2 -5 -11
right_child=1 8 3 10 7 -7 -8 -9 -10 11 -12 -13
leaf_value=0.001307768509540484 -0.016173752684646426 0.0086783393632228999 0.001399080827401909 -0.012784434640952035 -0.0096173220625372924 -0.017506698506194893 -0.013355450161895696 0.0052168479800295438 -0.01205883004820872 -0.012714039451607715 -0.009329389589351823 -0.0096284839848383361
leaf_weight=221.25987215898931 6.8064177744090584 10.28113843873143 254.78429844230413 21.325191484764222 11.369812425225971 21.268360188230872 16.046723598614335 320.77014573290944 2.4928482305258504 10.172858185134826 8.6282836692407709 4.5726528316736212
leaf_count=319 35 8 462 185 85 115 106 339 28 76 198 80
internal_value=0 -0.00673153 0.00143845 -0.000722716 0.00256952 -0.000354575 0.000515977 0.00470373 0.00451147 -0.0133774 -0.0118555 -0.0118943
internal_weight=0 34.3259 875.453 300.784 574.668 242.528 270.831 332.14 12.774 21.5519 29.9535 14.7455
internal_count=2036 227 1809 951 858 434 568 424 36 191 383 156
is_linear=0
shrinkage=0.00895904


Tree=334
num_leaves=14
num_cat=0
split_feature=30 19 64 66 106 66 62 25 68 66 56 52 15
split_gain=27.4793 40.7528 47.6269 30.3365 29.8501 27.6661 26.1971 9.33423 4.90513 21.4939 2.55615 1.1305 0.329207
threshold=1.5000000000000002 14.500000000000002 8.0500000000000025 1726.5000000000002 1.0000000180025095e-35 1287.5000000000002 5.5000000000000009 2.5000000000000004 1322.0000000000002 1184.5000000000002 0.12132352941176471 7.5000000000000009 1.0000000180025095e-35
decision_type=2 2 2 2 2 2 2 2 2 2 2 2 2
left_child=1 3 5 4 -1 -3 8 12 9 -2 -4 -5 -8
right_child=6 2 10 11 -6 -7 7 -9 -10 -11 -12 -13 -14
leaf_value=0.00029713278623787973 0.0090144681999642512 -0.017865204800765117 -0.019306762803769553 -0.019317303827242855 0.0042055197563949593 0.0026448182235910378 -0.022256417083651395 0.0095234661847030805 0.0092261159980588092 -0.015329788701896491 -0.012905991085562228 -0.011598501237066057 -0.013459614288674787
leaf_weight=528.43278453219682 12.679234042763712 5.9103001207113257 8.9592478945851344 3.4636709950864297 222.88769452646375 38.949145682156086 1.0331349372863758 1.3309308290481565 52.952619627118111 3.5766282416880122 18.011615842580795 5.549447113648057 4.1824247390031815
leaf_count=1324 4 25 53 18 252 58 5 1 10 23 177 58 28
internal_value=0 0.000649826 -0.00579146 0.00125968 0.0014574 -0.000121377 0.00627972 -0.0106305 0.0079045 0.00354079 -0.0151541 -0.0149073 -0.0159326
internal_weight=0 832.164 71.8303 760.334 751.32 44.8594 75.755 6.54649 69.2085 16.2559 26.9709 9.01312 5.21556
internal_count=2036 1965 313 1652 1576 83 71 34 37 27 230 76 33
is_linear=0
shrinkage=0.00895904


Tree=335
num_leaves=11
num_cat=0
split_feature=83 30 19 64 58 64 46 46 65 89
split_gain=27.3497 27.9771 40.6033 47.1279 30.6714 16.3817 23.349 1.37102 1.0107 0.281009
threshold=2.7500000000000004 1.5000000000000002 14.500000000000002 8.0500000000000025 -10.499999999999998 27.850000000000005 9.5000000000000018 4.5000000000000009 8.5000000000000018 489.50000000000006
decision_type=2 2 2 2 2 2 2 2 2 2
left_child=1 2 4 -4 -1 6 -3 -7 9 -2
right_child=8 5 3 -5 -6 7 -8 -9 -10 -11
leaf_value=-0.012236961281641376 -0.014204445879525298 -0.0172551505043993 -6.6623394868475688e-05 -0.015163345394162871 0.001641735283912797 0.0091928744534595895 0.0071064012853866536 0.0058479133311458388 -0.0093617144254812372 -0.022225687982111005
leaf_weight=12.815661512315272 4.1790985688567144 5.0724340938031656 44.624623253941536 26.238626008853316 739.82329901866615 47.257975861430168 7.7137716636061668 14.268519222736357 3.1341045657172799 1.4383044671267269
leaf_count=82 21 24 82 222 1495 8 9 24 61 8
internal_value=0 0.00126733 0.00079146 -0.00568261 0.00140233 0.00652484 -0.00266843 0.00843805 -0.0144785 -0.0169269
internal_weight=0 897.815 823.502 70.8632 752.639 74.3127 12.7862 61.5265 8.75151 5.6174
internal_count=2036 1946 1881 304 1577 65 33 32 90 29
is_linear=0
shrinkage=0.00895904


Tree=336
num_leaves=12
num_cat=0
split_feature=88 73 55 60 15 89 92 84 75 64 49
split_gain=27.2511 27.1872 50.5896 40.5744 33.2887 45.3419 28.1443 18.1638 15.7453 0.613206 0.299939
threshold=17.500000000000004 37.050000000000004 0.75000000000000011 0.044949494949494906 16.500000000000004 459.50000000000006 0.13809523809523808 0.63333333333333341 0.11437908496732026 37.300000000000004 0.46410256410256417
decision_type=2 2 2 2 2 2 2 2 2 2 2
left_child=1 4 3 -3 6 -6 -1 9 -4 10 -2
right_child=7 2 8 -5 5 -7 -8 -9 -10 -11 -12
leaf_value=0.0028467055855553001 -0.018298411932177214 -0.015766748414126029 0.0029107316846173105 0.0054797535075304564 -0.013073137329770706 0.00094588854216356641 -0.0077005317827502258 0.0038039752943391206 -0.012841588343606759 -0.010013996780324061 -0.012754437847495061
leaf_weight=680.47027517296374 6.5275149047374743 8.2689560875296575 5.8618503529578438 48.891776267439127 26.467839810065925 60.552095457911491 20.750172862783074 5.5777771994471541 35.605914315208793 2.6167260501533738 3.7443645596504211
leaf_count=1056 30 56 24 60 130 138 116 8 368 30 20
internal_value=0 0.00132887 -0.00310143 0.00236345 0.00188386 -0.00333721 0.00253255 -0.00961222 -0.0106112 -0.0153907 -0.01655
internal_weight=0 886.869 98.6285 57.1607 788.24 87.0199 701.22 18.4664 41.4678 12.8886 10.2719
internal_count=2036 1948 508 116 1440 268 1172 88 392 80 50
is_linear=0
shrinkage=0.00895904


Tree=337
num_leaves=16
num_cat=0
split_feature=67 62 64 39 38 3 3 73 56 68 41 64 104 61 102
split_gain=27.1077 68.4657 71.4494 36.3404 35.7158 50.7988 75.0599 40.9728 38.577 40.2344 35.4605 20.7432 14.3459 7.46117 7.35577
threshold=1504.0000000000002 3.5000000000000004 4.3500000000000005 3.5000000000000004 35.000000000000007 11.500000000000002 22.500000000000004 36.95000000000001 0.46410256410256417 482.50000000000006 0.65000000000000002 5.6500000000000012 -1.0000000180025095e-35 0.22111111111111112 0.097084985834278964
decision_type=2 2 2 2 2 2 2 2 2 2 2 2 2 2 2
left_child=4 3 12 13 5 7 -7 -1 9 -6 -10 -5 -3 -2 -4
right_child=1 2 14 11 8 6 -8 -9 10 -11 -12 -13 -14 -15 -16
leaf_value=0.003614433756920994 -8.7008370161847088e-05 0.008470111867863667 -0.026612697069012946 0.0045432784835778162 -0.019334956727836253 -0.019328858932454528 -0.0014662361513481422 -0.0084840289168818354 0.0030695935456839297 0.0056985288123918565 -0.012888250611733642 -0.015072202853742389 -0.0099007477420850198 0.0092144812560542733 -0.016314532992688521
leaf_weight=254.23877891153097 8.5556100904941541 12.458631917834284 8.5189539380371588 6.8908033967018154 5.0695698317140332 21.02627788297832 171.92639702092856 24.461689041927457 26.387760244309902 271.72921074926853 19.123986164107919 11.115647017955778 4.4928297102451316 35.877440884709358 21.893828069791198
leaf_count=376 22 12 51 8 31 146 498 164 47 251 142 95 13 10 170
internal_value=0 -0.00307307 -0.0111737 0.00308676 0.00167271 0.000101553 -0.00343009 0.00254737 0.00397036 0.00522691 -0.00366131 -0.00759564 0.00354361 0.0074303 -0.0193483
internal_weight=0 109.804 47.3642 62.4395 793.964 471.653 192.953 278.7 322.311 276.799 45.5117 18.0065 16.9515 44.4331 30.4128
internal_count=2036 381 246 135 1655 1184 644 540 471 282 189 103 25 32 221
is_linear=0
shrinkage=0.00895904


Tree=338
num_leaves=11
num_cat=0
split_feature=83 30 19 64 58 64 39 46 65 89
split_gain=26.8638 27.6032 39.6924 46.3885 29.8547 16.101 22.9424 1.37703 0.967715 0.256588
threshold=2.7500000000000004 1.5000000000000002 14.500000000000002 8.0500000000000025 -10.499999999999998 27.850000000000005 9.5000000000000018 4.5000000000000009 8.5000000000000018 489.50000000000006
decision_type=2 2 2 2 2 2 2 2 2 2
left_child=1 2 4 -4 -1 6 -3 -7 9 -2
right_child=8 5 3 -5 -6 7 -8 -9 -10 -11
leaf_value=-0.012107675525974967 -0.01413464771426105 -0.016991721690618817 -8.0954167173306568e-05 -0.015105937856388628 0.0016122237503792196 0.0091764712129844862 0.0071640698420230645 0.0058071674722827149 -0.0093450689454514894 -0.022029237580108583
leaf_weight=12.764288740232585 4.1520932614803296 5.1060415878891927 44.543854705989361 26.004136992618442 736.20234034396708 46.58125526830554 7.6272857636213303 14.120162194594739 3.0909679234027863 1.4364737924188373
leaf_count=82 21 25 82 222 1495 8 8 24 61 8
internal_value=0 0.00124206 0.000769753 -0.0056454 0.00137534 0.00649688 -0.00262891 0.0084138 -0.0144263 -0.0168302
internal_weight=0 892.949 819.515 70.548 748.967 73.4347 12.7333 60.7014 8.67953 5.58857
internal_count=2036 1946 1881 304 1577 65 33 32 90 29
is_linear=0
shrinkage=0.00895904


Tree=339
num_leaves=12
num_cat=0
split_feature=88 30 61 61 49 84 64 46 46 64 49
split_gain=26.6732 26.7726 40.0667 67.9266 61.8635 17.8271 14.6868 23.143 1.76471 0.575455 0.286344
threshold=17.500000000000004 1.5000000000000002 0.22111111111111112 0.15047169811320757 0.80625000000000013 0.63333333333333341 27.850000000000005 9.5000000000000018 4.5000000000000009 37.300000000000004 0.46410256410256417
decision_type=2 2 2 2 2 2 2 2 2 2 2
left_child=1 2 3 -1 -4 9 7 -3 -8 10 -2
right_child=5 6 4 -5 -6 -7 8 -9 -10 -11 -12
leaf_value=0.0012519719945439179 -0.018149929730707372 -0.016712010952513685 0.0034241602581001167 -0.0070745735982516459 -0.011523433622961016 0.0037647254599624653 0.0091858701763168991 0.0077255456418251567 0.0054287718743689867 -0.0099831463826806233 -0.012659678471097434
leaf_weight=249.74013112671673 6.51215408742428 5.0798849537968618 421.59849815629423 114.55747177172452 23.274267166852951 5.5550464689731589 46.167581975460052 7.4054446667432785 14.224074134603141 2.5838660337030879 3.7166975475847721
leaf_count=754 30 25 591 414 125 8 7 8 24 30 20
internal_value=0 0.00130316 0.000833936 -0.00136869 0.00263748 -0.00955002 0.00649698 -0.00231786 0.00832127 -0.0152948 -0.0164264
internal_weight=0 882.047 809.17 364.298 444.873 18.3678 72.877 12.4853 60.3917 12.8127 10.2289
internal_count=2036 1948 1884 1168 716 88 64 33 31 80 50
is_linear=0
shrinkage=0.00895904


Tree=340
num_leaves=16
num_cat=0
split_feature=67 62 64 39 38 3 3 73 56 68 41 64 104 61 102
split_gain=26.6501 67.2758 70.0667 35.7093 35.1882 49.6001 73.9009 40.1855 37.8219 39.4191 34.938 20.4701 14.1381 7.40543 6.96718
threshold=1504.0000000000002 3.5000000000000004 4.3500000000000005 3.5000000000000004 35.000000000000007 11.500000000000002 22.500000000000004 36.95000000000001 0.46410256410256417 482.50000000000006 0.65000000000000002 5.6500000000000012 -1.0000000180025095e-35 0.22111111111111112 0.097084985834278964
decision_type=2 2 2 2 2 2 2 2 2 2 2 2 2 2 2
left_child=4 3 12 13 5 7 -7 -1 9 -6 -10 -5 -3 -2 -4
right_child=1 2 14 11 8 6 -8 -9 10 -11 -12 -13 -14 -15 -16
leaf_value=0.0035701476887847658 -9.4845667189439903e-05 0.0084291229362310292 -0.026280689451948828 0.0045116606260275022 -0.019143520707372293 -0.019213295863450795 -0.0014582158079560962 -0.0084248698788886179 0.0030483959674930047 0.0056552298033716889 -0.012829810767849113 -0.015016845987532858 -0.0098143773951051994 0.0091866131900158448 -0.016238570911560394
leaf_weight=252.9333984348923 8.5433958657085878 12.362449362874033 8.5467320438474434 6.8734518885612514 5.0616283435374489 20.947016114369035 171.68954485561699 24.413655074313283 26.308848336338997 269.70846236869693 19.004813310690224 11.032450174912809 4.5016705989837638 35.490927055478096 21.763635957613587
leaf_count=376 22 12 51 8 31 146 498 164 47 251 142 95 13 10 170
internal_value=0 -0.00307513 -0.0111141 0.00306248 0.00164482 8.41243e-05 -0.00340615 0.00250912 0.00393493 0.00518531 -0.00363651 -0.00755092 0.00350246 0.00739275 -0.0192181
internal_weight=0 109.115 47.1745 61.9402 790.067 469.984 192.637 277.347 320.084 274.77 45.3137 17.9059 16.8641 44.0343 30.3104
internal_count=2036 381 246 135 1655 1184 644 540 471 282 189 103 25 32 221
is_linear=0
shrinkage=0.00895904


Tree=341
num_leaves=12
num_cat=0
split_feature=92 78 100 106 66 78 91 15 48 65 59
split_gain=26.3905 31.4096 26.0577 26.6258 53.8112 37.5332 11.0558 0.797243 0.575426 0.0673774 0.0327632
threshold=0.13809523809523808 75.000000000000014 -2.0545500000000021 1.0000000180025095e-35 1692.0000000000002 35.000000000000007 -0.080128205128205079 5.5000000000000009 0.75000000000000011 4.5000000000000009 250.00000000000003
decision_type=2 2 2 2 2 2 2 2 2 2 2
left_child=2 8 7 4 -4 -5 -3 9 -2 -1 -10
right_child=1 6 3 5 -6 -7 -8 -9 10 -11 -12
leaf_value=-0.027150895510992083 -0.015976973306417834 0.0086225294130807643 0.0010452234982611835 0.0050635709537707914 -0.011993220466062725 -0.0066919255739600397 -0.01201612366375702 -0.012811121337355619 -0.012645705971017718 -0.015825729311089221 -0.0095900225243769118
leaf_weight=1.1747253388166421 6.7589777521789101 10.120383642613886 580.20063010510057 227.63632245734334 26.378226809203625 23.939990498125553 2.4326612781733266 2.5325203873217106 10.00153651461005 1.4657086431980131 4.4250364340841761
leaf_count=6 35 8 1330 224 159 68 28 15 76 7 80
internal_value=0 -0.00668666 0.0013686 0.00149135 0.00047458 0.00394059 0.0045008 -0.0183171 -0.0132975 -0.0223671 -0.0118478
internal_weight=0 33.7386 863.328 858.155 606.579 251.576 12.553 5.17295 21.1856 2.64043 14.4266
internal_count=2036 227 1809 1781 1489 292 36 28 191 13 156
is_linear=0
shrinkage=0.00895904


Tree=342
num_leaves=11
num_cat=0
split_feature=83 30 19 64 74 64 39 46 65 89
split_gain=26.268 26.9676 38.9412 45.4584 29.0828 15.736 22.2963 1.40655 0.916502 0.222528
threshold=2.7500000000000004 1.5000000000000002 14.500000000000002 8.0500000000000025 2.6500000000000008 27.850000000000005 9.5000000000000018 4.5000000000000009 8.5000000000000018 489.50000000000006
decision_type=2 2 2 2 2 2 2 2 2 2
left_child=1 2 4 -4 -1 6 -3 -7 9 -2
right_child=8 5 3 -5 -6 7 -8 -9 -10 -11
leaf_value=0.001557776224164142 -0.014047626146688343 -0.016758006564854763 -0.00011791261176643816 -0.015038896075048627 -0.013308905064439248 0.009152445344328717 0.0071246602529270592 0.0057253090115569113 -0.0093228899334912903 -0.021758650218043435
leaf_weight=734.43841524422169 4.1216847077012044 5.0891017317771894 44.394361399114132 25.793120765127242 10.525553932413457 45.623925272375345 7.5519603788852692 13.90908858925104 3.0457553239539266 1.4359223786741493
leaf_count=1466 21 25 82 222 111 8 8 24 61 8
internal_value=0 0.00120835 0.000742822 -0.00562752 0.00134433 0.00644992 -0.00259504 0.00837303 -0.014352 -0.0167021
internal_weight=0 887.326 815.151 70.1875 744.964 72.1741 12.6411 59.533 8.60336 5.55761
internal_count=2036 1946 1881 304 1577 65 33 32 90 29
is_linear=0
shrinkage=0.00895904


Tree=343
num_leaves=16
num_cat=0
split_feature=67 62 64 39 38 3 3 73 56 68 41 64 104 61 102
split_gain=26.1882 66.1004 68.8096 35.2066 34.628 48.7138 72.6913 39.4463 37.1533 38.705 34.3887 20.1578 13.8917 7.35125 6.59599
threshold=1504.0000000000002 3.5000000000000004 4.3500000000000005 3.5000000000000004 35.000000000000007 11.500000000000002 22.500000000000004 36.95000000000001 0.46410256410256417 482.50000000000006 0.65000000000000002 5.6500000000000012 -1.0000000180025095e-35 0.22111111111111112 0.097084985834278964
decision_type=2 2 2 2 2 2 2 2 2 2 2 2 2 2 2
left_child=4 3 12 13 5 7 -7 -1 9 -6 -10 -5 -3 -2 -4
right_child=1 2 14 11 8 6 -8 -9 10 -11 -12 -13 -14 -15 -16
leaf_value=0.0035310858083769784 -9.9042878916263125e-05 0.0083854929365754158 -0.025962984860230177 0.0044610597703506191 -0.019008379876362107 -0.019113088848447861 -0.0014626212960583002 -0.0083767949771732624 0.0030194441670875756 0.005611715582252228 -0.012768616394529029 -0.01497519878286247 -0.0096996421761866482 0.0091604174758268073 -0.0161699610909227
leaf_weight=251.84346007369459 8.5359622761607152 12.273173168301584 8.5726398006081599 6.8398428410291698 5.0419637411832801 20.841587433591485 171.33166589774191 24.316541943699121 26.221103908494115 267.74781046248972 18.90374746080488 10.948128010146318 4.5132722407579413 35.139566093683243 21.626843679696321
leaf_count=376 22 12 51 8 31 146 498 164 47 251 142 95 13 10 170
internal_value=0 -0.00307569 -0.0110536 0.00303804 0.00161712 6.76866e-05 -0.00339408 0.00247741 0.00389816 0.00514357 -0.00362003 -0.00753243 0.00346722 0.00735772 -0.0190967
internal_weight=0 108.449 46.9859 61.4635 786.248 468.333 192.173 276.16 317.915 272.79 45.1249 17.788 16.7864 43.6755 30.1995
internal_count=2036 381 246 135 1655 1184 644 540 471 282 189 103 25 32 221
is_linear=0
shrinkage=0.00895904


Tree=344
num_leaves=8
num_cat=0
split_feature=88 64 64 64 84 64 86
split_gain=25.9536 26.1201 36.5579 40.7221 17.3548 0.532275 0.357301
threshold=17.500000000000004 107.65000000000002 105.00000000000001 80.450000000000017 0.63333333333333341 34.650000000000013 13.500000000000002
decision_type=2 2 2 2 2 2 2
left_child=1 2 3 -1 5 6 -2
right_child=4 -3 -4 -5 -6 -7 -8
leaf_value=0.0012821257037483808 -0.014077044423767122 -0.0097182806479271366 0.0091621759760379569 -0.015219395228473955 0.0036940325841499774 -0.010174523116042427 -0.019961106491547184
leaf_weight=798.72665091603994 6.687545485794546 16.861252107657492 46.809010053053498 11.995661311782895 5.514010861515998 2.748093193396925 3.2622275799512863
leaf_count=1480 34 347 11 110 8 31 15
internal_value=0 0.00126199 0.00148003 0.0010344 -0.00948906 -0.0151853 -0.0163489
internal_weight=0 874.393 857.531 810.722 18.2119 12.6979 9.94977
internal_count=2036 1948 1601 1590 88 80 49
is_linear=0
shrinkage=0.00895904


Tree=345
num_leaves=15
num_cat=0
split_feature=106 66 68 72 39 84 78 5 57 90 64 97 43 7
split_gain=25.8489 54.3043 55.3375 65.3867 63.454 37.0015 33.3338 39.948 31.1331 31.0295 44.028 18.0179 6.81007 1.41414
threshold=1.0000000180025095e-35 1692.0000000000002 836.00000000000011 10.500000000000002 13.500000000000002 0.77500000000000013 35.000000000000007 1.0000000180025095e-35 -1.0000000180025095e-35 0.060661764705882353 4.3500000000000005 -1.8625000000000005 -1.0000000180025095e-35 38.500000000000007
decision_type=2 2 2 2 2 2 2 2 2 2 2 2 2 2
left_child=1 2 3 -1 -4 12 9 8 -8 11 -11 -2 -3 -9
right_child=6 5 4 -5 -6 -7 7 13 -10 10 -12 -13 -14 -15
leaf_value=-0.016412358412871478 -0.023345221602767672 -0.026779286481218943 0.0021506854383051442 0.001553645590817658 -0.014802891720310598 0.0082665014177607625 -0.023874044645281502 -0.025051957689330336 0.0058244690079915741 0.0044552050978905319 -0.021224008646200745 0.0058793356156564697 -0.014240234213233515 -0.015812622741927036
leaf_weight=31.429529028013349 1.5227485001087178 4.6260509341955247 518.95844132360071 33.403734544292092 18.156050873920321 5.7149519920349112 3.1560844406485584 4.7046791836619359 18.259079478681091 13.805183261632921 8.5139486789703351 206.55116098560393 18.453948786482215 4.2155577912926674
leaf_count=195 7 24 1048 123 155 5 16 26 20 19 45 177 157 19
internal_value=0 5.13649e-05 0.000627977 -0.00717817 0.00157249 -0.0119263 0.00340418 -0.00539925 0.00127382 0.00456693 -0.00543675 0.00564409 -0.0169541 -0.021112
internal_weight=0 630.743 601.948 64.8333 537.114 28.795 260.728 30.3354 21.4152 230.393 22.3191 208.074 23.08 8.92024
internal_count=2036 1707 1521 318 1203 186 329 81 36 248 64 184 181 45
is_linear=0
shrinkage=0.00895904


Tree=346
num_leaves=14
num_cat=0
split_feature=30 61 61 88 41 49 60 62 7 25 68 66 15
split_gain=25.7512 38.9539 64.1001 83.1354 63.4985 60.5471 39.1719 24.7612 21.1594 9.07681 4.81832 20.1456 0.360915
threshold=1.5000000000000002 0.22111111111111112 0.15047169811320757 10.500000000000002 1.4500000000000002 0.80625000000000013 0.071946169772256721 5.5000000000000009 48.500000000000007 2.5000000000000004 1322.0000000000002 1184.5000000000002 1.0000000180025095e-35
decision_type=2 2 2 2 2 2 2 2 2 2 2 2 2
left_child=1 2 4 -4 -1 6 -3 10 -7 12 11 -2 -9
right_child=7 5 3 -5 -6 8 -8 9 -10 -11 -12 -13 -14
leaf_value=0.0030038004626113321 0.0089333966238595904 0.0068338167010017188 -0.021475422249716294 -0.003106963745740896 -0.0088523384445731972 -0.016092165127238 0.0011227594811791331 -0.022027260779851912 0.0036716160797202559 0.0095096208337297622 0.0091676354338189568 -0.014813556057892582 -0.013146551524038527
leaf_weight=211.06879364326596 12.058868303894995 149.32839852385223 24.930768150836229 93.399976858869195 43.579633777961135 18.273015707731251 271.62477126531303 1.0286368876695622 5.603293800726532 1.3261615037918089 49.906672041863203 3.5583802387118331 4.1046746727079153
leaf_count=422 4 141 153 278 371 112 471 5 17 1 10 23 28
internal_value=0 0.000572014 -0.00156285 -0.00700559 0.000969571 0.002362 0.00315093 0.00615484 -0.0114608 -0.0103629 0.00780898 0.0034074 -0.0156583
internal_weight=0 817.809 372.979 118.331 254.648 444.829 420.953 71.9834 23.8763 6.45947 65.5239 15.6172 5.13331
internal_count=2036 1965 1224 431 793 741 612 71 129 34 37 27 33
is_linear=0
shrinkage=0.00895904


Tree=347
num_leaves=11
num_cat=0
split_feature=83 30 19 64 71 64 46 46 65 89
split_gain=25.5418 26.3002 37.9799 44.2969 28.7132 15.3282 21.626 1.39118 0.853146 0.197999
threshold=2.7500000000000004 1.5000000000000002 14.500000000000002 8.0500000000000025 65.000000000000014 27.850000000000005 9.5000000000000018 4.5000000000000009 8.5000000000000018 489.50000000000006
decision_type=2 2 2 2 2 2 2 2 2 2
left_child=1 2 4 -4 -1 6 -3 -7 9 -2
right_child=8 5 3 -5 -6 7 -8 -9 -10 -11
leaf_value=0.00046225611511737725 -0.013924474355016146 -0.016602775430026761 -0.00016053984411581776 -0.014947018908995744 0.0049983213860363062 0.0091259629228629298 0.0070411923160013084 0.0056787482409572246 -0.0092824849934641032 -0.021479597527231963
leaf_weight=601.84228421747684 4.0944696962833387 5.0237134881317598 44.215964525938034 25.536836762912571 137.44582797773182 44.450965274125338 7.4944081753492355 13.612745346501468 2.9667820706963539 1.4345431942492721
leaf_count=1367 21 24 82 222 210 8 9 24 61 8
internal_value=0 0.00116832 0.000709977 -0.00560035 0.00130669 0.00640565 -0.00255297 0.00833948 -0.0142698 -0.0165419
internal_weight=0 879.623 809.041 69.7528 739.288 70.5818 12.5181 58.0637 8.49579 5.52901
internal_count=2036 1946 1881 304 1577 65 33 32 90 29
is_linear=0
shrinkage=0.00895904


Tree=348
num_leaves=12
num_cat=0
split_feature=92 78 100 106 66 78 91 15 48 65 59
split_gain=25.5506 30.4744 25.2937 25.6039 51.3979 36.261 10.7086 0.740626 0.518773 0.0415387 0.0189876
threshold=0.13809523809523808 75.000000000000014 -2.0545500000000021 1.0000000180025095e-35 1692.0000000000002 35.000000000000007 -0.080128205128205079 5.5000000000000009 0.75000000000000011 4.5000000000000009 250.00000000000003
decision_type=2 2 2 2 2 2 2 2 2 2 2
left_child=2 8 7 4 -4 -5 -3 9 -2 -1 -10
right_child=1 6 3 5 -6 -7 -8 -9 10 -11 -12
leaf_value=-0.026664941188177731 -0.01582335527701266 0.0085486133099005965 0.00099143664120104435 0.0049688929258668944 -0.011819435289018479 -0.0066055360778851996 -0.011952148438385242 -0.012698444808543805 -0.0125799524007261 -0.015629832378046049 -0.009561118296417901
leaf_weight=1.1862946897745126 6.7138227839022901 9.9309892542660219 574.30680402833968 224.36777782440186 26.095699718222022 23.885081689804792 2.3847174476832143 2.5049577876925468 9.8529528658837062 1.4594134353101251 4.3147597275674334
leaf_count=6 35 8 1330 224 159 68 28 15 76 7 80
internal_value=0 -0.0066792 0.00131005 0.0014321 0.000431002 0.00385097 0.00445506 -0.0181249 -0.0132279 -0.0220512 -0.0118018
internal_weight=0 33.1972 853.806 848.655 600.403 248.253 12.3157 5.15067 20.8815 2.64571 14.1677
internal_count=2036 227 1809 1781 1489 292 36 28 191 13 156
is_linear=0
shrinkage=0.00895904


Tree=349
num_leaves=16
num_cat=0
split_feature=67 62 64 39 38 3 3 73 61 39 60 64 104 61 55
split_gain=25.4241 64.5337 67.0503 34.4738 33.766 47.4481 70.9714 38.5806 36.2195 29.2016 21.6953 19.6846 13.6758 7.28499 6.2458
threshold=1504.0000000000002 3.5000000000000004 4.3500000000000005 3.5000000000000004 35.000000000000007 11.500000000000002 22.500000000000004 36.95000000000001 0.41444372153545866 13.500000000000002 0.48333333333333339 5.6500000000000012 -1.0000000180025095e-35 0.22111111111111112 0.65000000000000002
decision_type=2 2 2 2 2 2 2 2 2 2 2 2 2 2 2
left_child=4 3 12 13 5 7 -7 -1 9 -6 -10 -5 -3 -2 -4
right_child=1 2 14 11 8 6 -8 -9 10 -11 -12 -13 -14 -15 -16
leaf_value=0.0034713045528656878 -0.00012113038009308359 0.0083371124341702664 -0.023118168754596137 0.0043844752260050746 0.0048345769924455781 -0.018984256864485311 -0.0014797912321707143 -0.0083489177775401026 -0.020508711468864901 -0.013234101398724165 0.0078910804512552935 -0.014912506100704865 -0.0096325067205341904 0.009122443089646326 -0.014454851549913376
leaf_weight=249.52170705981553 8.5045230574905855 12.144527196884157 15.124653507024052 6.785441622138026 296.27229668013752 20.683765834197402 170.37150293495506 24.139679163694382 7.4133719243109208 7.177196789532899 2.894118532538414 10.81929108314216 4.5130987614393225 34.6438999325037 14.893203155137597
leaf_count=376 22 12 80 8 362 146 498 164 39 68 2 95 13 10 141
internal_value=0 -0.00308026 -0.0109804 0.00300438 0.00156559 3.21092e-05 -0.00339206 0.00242345 0.00383541 0.00439907 -0.0125341 -0.00750645 0.00341312 0.00730756 -0.0189395
internal_weight=0 107.429 46.6755 60.7532 778.474 464.717 191.055 273.661 313.757 303.449 10.3075 17.6047 16.6576 43.1484 30.0179
internal_count=2036 381 246 135 1655 1184 644 540 471 430 41 103 25 32 221
is_linear=0
shrinkage=0.00895904


Tree=350
num_leaves=12
num_cat=0
split_feature=88 30 61 61 49 84 64 46 46 64 52
split_gain=25.1773 25.3716 37.93 64.5627 58.5976 16.8652 13.9662 21.7498 1.80491 0.492212 0.26079
threshold=17.500000000000004 1.5000000000000002 0.22111111111111112 0.15047169811320757 0.80625000000000013 0.63333333333333341 27.850000000000005 9.5000000000000018 4.5000000000000009 37.300000000000004 25.000000000000004
decision_type=2 2 2 2 2 2 2 2 2 2 2
left_child=1 2 3 -1 -4 9 7 -3 -8 10 -2
right_child=5 6 4 -5 -6 -7 8 -9 -10 -11 -12
leaf_value=0.0011912939955235782 -0.014113662873671499 -0.016241979269053883 0.0033054303764761058 -0.0069659352038864133 -0.011347983577337439 0.003625618412598842 0.0091328172753825498 0.0076377295287232859 0.0052554454697669685 -0.0098707800369977946 -0.019745944586984979
leaf_weight=245.31037005316466 7.0993105657398718 5.0303280279040319 414.08105787821114 113.88044902868569 22.941208876669407 5.4691859036684027 43.853342965245247 7.2169710546731949 13.630634812638162 2.4771101772785178 3.0062308758497238
leaf_count=754 36 25 591 414 125 8 7 8 24 30 14
internal_value=0 0.00121387 0.000759244 -0.00139721 0.00253153 -0.00942159 0.0063883 -0.00226768 0.00823429 -0.0150637 -0.0161273
internal_weight=0 865.944 796.213 359.191 437.022 18.0518 69.7313 12.2473 57.484 12.5827 10.1055
internal_count=2036 1948 1884 1168 716 88 64 33 31 80 50
is_linear=0
shrinkage=0.00895904


Tree=351
num_leaves=13
num_cat=0
split_feature=61 56 97 68 97 84 72 64 78 34 64 63
split_gain=25.0943 30.6477 31.5956 51.9286 37.3856 26.5774 25.1389 21.0106 17.507 11.7848 1.63941 1.31128
threshold=0.033908045977011456 0.90454545454545465 -0.26174999999999921 571.50000000000011 0.54350000000000176 0.77500000000000013 8.5000000000000018 7.2500000000000009 3.5000000000000004 1.5000000000000002 11.950000000000001 1.5000000000000002
decision_type=2 2 2 2 2 2 2 2 2 2 2 2
left_child=5 2 3 -2 -4 6 10 -8 -3 -10 -1 -7
right_child=1 8 4 -5 -6 11 7 -9 9 -11 -12 -13
leaf_value=-0.016236962580565513 -0.012034310737442178 0.0064834084818245173 0.005617876187380787 0.0006968009235426586 0.00044692180975917776 0.010167348540358575 0.0058998398343822894 -0.010464337100724161 -0.014982137965057533 0.0092347062183076953 -0.011174433497729192 0.0043272961051217312
leaf_weight=10.911689907312395 27.814571924507618 4.6835067216306951 246.28448182716966 314.25195366330445 206.11801216006279 5.3497660160064688 14.948897734284403 10.592373558320103 16.56331328954548 1.6561944484710682 15.395041518844662 8.251757010817526
leaf_count=53 116 12 258 561 546 2 18 168 129 1 162 10
internal_value=0 0.00141474 0.00171012 -0.000344499 0.00326318 -0.00434293 -0.0072636 -0.000913172 -0.00876009 -0.0127064 -0.0133773 0.00673515
internal_weight=0 817.372 794.469 342.067 452.402 65.4495 51.848 25.5413 22.903 18.2195 26.3067 13.6015
internal_count=2036 1623 1481 677 804 413 401 186 142 130 215 12
is_linear=0
shrinkage=0.00895904


Tree=352
num_leaves=16
num_cat=0
split_feature=67 62 64 42 38 3 3 73 56 68 41 66 104 55 64
split_gain=25.0284 63.3099 65.7926 33.8781 33.1217 46.52 69.7349 37.8421 35.8828 37.0337 33.1188 19.5529 13.4656 5.94185 1.97987
threshold=1504.0000000000002 3.5000000000000004 4.3500000000000005 0.53589743589743599 35.000000000000007 11.500000000000002 22.500000000000004 36.95000000000001 0.46410256410256417 482.50000000000006 0.65000000000000002 1168.0000000000002 -1.0000000180025095e-35 0.65000000000000002 16.150000000000002
decision_type=2 2 2 2 2 2 2 2 2 2 2 2 2 2 2
left_child=4 3 12 11 5 7 -7 -1 9 -6 -10 -2 -3 -4 -5
right_child=1 2 13 14 8 6 -8 -9 10 -11 -12 -13 -14 -15 -16
leaf_value=0.003436082034114793 -0.017085138572856318 0.0082991772133059836 -0.022886157061285533 -0.02265874542017858 -0.018629880995511303 -0.018864600533581653 -0.0014770219442351202 -0.0082914215331386966 0.0029137747422674303 0.0055047879667292927 -0.012692482077834263 0.0067115560213451431 -0.0095341501356436681 -0.014401314045920511 -0.011349863753335881
leaf_weight=248.36464597471058 2.7508922293782225 12.053484797477724 15.131356038153173 2.1232783161103717 5.0211933236569157 20.590256799012423 170.10063109174371 24.055284045636654 25.88420046120882 262.09442551247776 18.608892925083637 50.484890688210726 4.5247047394514075 14.775016801431773 4.8749491609632969
leaf_count=376 15 12 80 11 31 146 498 164 47 251 142 53 13 141 56
internal_value=0 -0.0030842 -0.0109174 0.00297603 0.00154013 2.02666e-05 -0.00337164 0.00239534 0.00379746 0.00503801 -0.00363936 0.00542466 0.00337732 -0.0188133 -0.0152961
internal_weight=0 106.719 46.4846 60.234 774.72 463.111 190.691 272.42 311.609 267.116 44.4931 53.2358 16.5782 29.9064 6.99823
internal_count=2036 381 246 135 1655 1184 644 540 471 282 189 68 25 221 67
is_linear=0
shrinkage=0.00895904


Tree=353
num_leaves=12
num_cat=0
split_feature=92 78 100 106 66 78 91 15 48 61 65
split_gain=24.9223 29.7247 24.6264 25.0723 49.9055 35.3135 10.458 0.701426 0.469448 0.131601 0.0193672
threshold=0.13809523809523808 75.000000000000014 -2.0545500000000021 1.0000000180025095e-35 1692.0000000000002 35.000000000000007 -0.080128205128205079 5.5000000000000009 1.3500000000000003 0.13245614035087719 4.5000000000000009
decision_type=2 2 2 2 2 2 2 2 2 2 2
left_child=2 8 7 4 -4 -5 -3 10 9 -2 -1
right_child=1 6 3 5 -6 -7 -8 -9 -10 -11 -12
leaf_value=-0.026252760143557614 -0.011367221973278368 0.0084887723594824112 0.00095153152372676316 0.0049093628849842131 -0.0117208897104355 -0.0065192207792995685 -0.011913907296473772 -0.012579978870206862 -0.010904834599063738 -0.015779902063980267 -0.015461196448449274
leaf_weight=1.1958341002464288 3.6628064252436188 9.7879075109958631 569.61984383035451 222.17346021533012 25.893655832856894 23.880704794079065 2.3488356899470082 2.4785279184579849 8.7429149970412237 8.2416174784302694 1.4509960897266863
leaf_count=6 32 8 1330 224 159 68 28 15 115 44 7
internal_value=0 -0.00666888 0.00127018 0.00139134 0.000396892 0.00379587 0.00441474 -0.017952 -0.0131657 -0.0146254 -0.0217867
internal_weight=0 32.7841 846.693 841.568 595.513 246.054 12.1367 5.12536 20.6473 11.9044 2.64683
internal_count=2036 227 1809 1781 1489 292 36 28 191 76 13
is_linear=0
shrinkage=0.00895904


Tree=354
num_leaves=11
num_cat=0
split_feature=81 67 62 64 42 38 3 61 64 95
split_gain=24.7861 25.334 62.0101 65.1741 33.4113 30.9962 45.0493 35.2917 0.372084 0.00646331
threshold=3.1500000000000008 1504.0000000000002 3.5000000000000004 4.3500000000000005 0.53589743589743599 35.000000000000007 11.500000000000002 0.41444372153545866 48.250000000000007 -0.61999999999999977
decision_type=2 2 2 2 2 2 2 2 2 2
left_child=1 5 4 -4 -3 6 -1 -7 9 -2
right_child=8 2 3 -5 -6 7 -8 -9 -10 -11
leaf_value=0.0025594703939002396 -0.016875970726691412 0.005448734802593681 0.0033461831525856615 -0.018885880582722427 -0.015336213826908135 0.0044457512075589322 -0.0031667494106645479 -0.012474498446044131 -0.0093077796674060267 -0.012014346399059973
leaf_weight=268.33722112886608 2.9352230578660965 52.747237419709563 16.514041677117348 29.023172615095973 6.8454017965123048 298.20489685609937 186.9245119234547 10.052253771573303 3.1544522941112518 3.6634686142206174
leaf_count=505 13 65 25 210 62 414 615 40 64 23
internal_value=0 0.00112589 -0.00299363 -0.0108427 0.00301933 0.00169375 0.000207969 0.00388651 -0.0130993 -0.014595
internal_weight=0 868.649 105.13 45.5372 59.5926 763.519 455.262 308.257 9.75314 6.59869
internal_count=2036 1936 362 235 127 1574 1120 454 100 36
is_linear=0
shrinkage=0.00895904


Tree=355
num_leaves=11
num_cat=0
split_feature=83 30 19 64 58 64 39 46 65 84
split_gain=24.7341 25.4501 36.8622 43.1521 27.9556 14.9693 21.0182 1.44258 0.797408 0.191613
threshold=2.7500000000000004 1.5000000000000002 14.500000000000002 8.0500000000000025 -10.499999999999998 27.850000000000005 9.5000000000000018 4.5000000000000009 8.5000000000000018 0.36666666666666675
decision_type=2 2 2 2 2 2 2 2 2 2
left_child=1 2 4 -4 -1 6 -3 -7 9 -2
right_child=8 5 3 -5 -6 7 -8 -9 -10 -11
leaf_value=-0.011907656156169585 -0.013659927863687665 -0.016319695132995596 -0.00021198043867433721 -0.014882656948490234 0.0014815832607975418 0.0090951517233378281 0.0070582469216615316 0.0055428550227937584 -0.0092507979159407363 -0.02096507419385565
leaf_weight=12.548269204795359 3.8922529127448779 5.0401243269443494 43.944794967770576 25.207058292813599 718.23214411176741 43.154512945562601 7.3499263226985931 13.219376537948845 2.8923838650807738 1.5807353928685186
leaf_count=82 21 25 82 222 1495 8 8 24 61 8
internal_value=0 0.00110688 0.000656505 -0.00558634 0.00124859 0.00632939 -0.00255354 0.00828412 -0.0142003 -0.0164111
internal_weight=0 868.696 799.932 69.1519 730.78 68.7639 12.3901 56.3739 8.36537 5.47299
internal_count=2036 1946 1881 304 1577 65 33 32 90 29
is_linear=0
shrinkage=0.00895904


Tree=356
num_leaves=13
num_cat=0
split_feature=92 78 15 31 73 41 15 95 91 87 48 61
split_gain=24.5467 29.202 24.267 50.2876 30.6171 32.5173 27.8466 25.6649 10.3183 9.89171 0.441755 0.11451
threshold=0.13809523809523808 75.000000000000014 18.500000000000004 1.0000000180025095e-35 38.050000000000004 0.45000000000000007 22.500000000000004 -1.0099999999999998 -0.080128205128205079 7.5000000000000009 1.3500000000000003 0.13245614035087719
decision_type=2 2 2 2 2 2 2 2 2 2 2 2
left_child=2 10 4 9 7 -6 -5 -1 -3 -4 11 -2
right_child=1 8 3 6 5 -7 -8 -9 -10 -11 -12 -13
leaf_value=-0.014333486729801285 -0.011334489966647753 0.0084455073613365836 0.0053762310645713938 -0.018742684478934631 0.0038468988208302155 -0.014024453108458533 0.0021046287402079603 0.0023188384416257652 -0.011891518208039149 -0.017953741581417687 -0.010887235499635056 -0.015688100006598801
leaf_weight=7.3179665729403487 3.6264551226049688 9.6942246593534929 1.5046732425689722 5.4137339964509001 13.865283139050005 19.472312422469258 62.141881031915545 716.25903495028615 2.3326069600880137 17.442418470047414 8.657237299717961 8.2123221773654205
leaf_count=41 32 8 2 40 41 177 164 1250 28 94 115 44
internal_value=0 -0.00666439 0.0012454 -0.00324499 0.0017593 -0.0066115 0.000385405 0.00214665 0.00437481 -0.0160646 -0.0131237 -0.0145579
internal_weight=0 32.5228 843.417 86.5027 756.915 33.3376 67.5556 723.577 12.0268 18.9471 20.496 11.8388
internal_count=2036 227 1809 300 1509 218 204 1291 36 96 191 76
is_linear=0
shrinkage=0.00895904


Tree=357
num_leaves=12
num_cat=0
split_feature=88 30 61 61 49 84 64 46 46 64 52
split_gain=24.486 24.6376 36.8728 62.8705 56.7089 16.3861 13.6051 21.1243 1.8535 0.457078 0.262737
threshold=17.500000000000004 1.5000000000000002 0.22111111111111112 0.15047169811320757 0.80625000000000013 0.63333333333333341 27.850000000000005 9.5000000000000018 4.5000000000000009 37.300000000000004 25.000000000000004
decision_type=2 2 2 2 2 2 2 2 2 2 2
left_child=1 2 3 -1 -4 9 7 -3 -8 10 -2
right_child=5 6 4 -5 -6 -7 8 -9 -10 -11 -12
leaf_value=0.0011540598593596648 -0.013988254714889644 -0.016038112206889579 0.003236459648793091 -0.0069187649217861353 -0.011240157153184055 0.0035395157450205067 0.0091030713979642318 0.0075963396576324256 0.0051327863378793984 -0.0098241858889042723 -0.019610226668851264
leaf_weight=242.60048390738666 7.0291708335280436 5.0026873238384706 409.78063114918768 113.50924485828727 22.748132364824414 5.4174608290195456 42.682555261999369 7.1207419186830521 13.314113561064003 2.4236831665039054 2.9987245947122574
leaf_count=754 36 25 591 414 125 8 7 8 24 30 14
internal_value=0 0.00116041 0.000713106 -0.00142141 0.0024704 -0.009381 0.00632206 -0.0022523 0.00818017 -0.0149727 -0.0160075
internal_weight=0 856.759 788.638 356.11 432.529 17.869 68.1201 12.1234 55.9967 12.4516 10.0279
internal_count=2036 1948 1884 1168 716 88 64 33 31 80 50
is_linear=0
shrinkage=0.00895904


Tree=358
num_leaves=6
num_cat=0
split_feature=64 64 64 71 103
split_gain=24.3117 37.0109 38.2458 27.3739 7.18971
threshold=107.65000000000002 105.00000000000001 80.450000000000017 65.000000000000014 0.24909673645990879
decision_type=2 2 2 2 2
left_child=1 2 3 -1 -4
right_child=-2 -3 4 -5 -6
leaf_value=0.00018170813262231804 -0.0096906090223342518 0.0090641409002335614 -0.03008739485056847 0.0045384280057824697 -0.011560023288842976
leaf_weight=659.98643898870796 16.75615144148469 44.705765487626195 2.0159302502870551 140.19234949350357 9.8298510238528234
leaf_count=1356 360 12 11 196 101
internal_value=0 0.0011457 0.000707691 0.000945941 -0.0151433
internal_weight=0 856.73 812.025 800.179 11.8458
internal_count=2036 1676 1664 1552 112
is_linear=0
shrinkage=0.00895904


Tree=359
num_leaves=15
num_cat=0
split_feature=106 66 68 72 39 84 78 57 90 64 8 58 100 43
split_gain=24.302 50.3276 52.1732 62.7792 60.3799 36.0781 31.4239 37.8198 30.0424 42.3946 17.8858 16.3922 12.7491 6.15184
threshold=1.0000000180025095e-35 1692.0000000000002 836.00000000000011 10.500000000000002 13.500000000000002 0.77500000000000013 35.000000000000007 0.75000000000000011 0.060661764705882353 4.3500000000000005 1.0000000180025095e-35 1.5000000000000002 -1.9190500000000017 -1.0000000180025095e-35
decision_type=2 2 2 2 2 2 2 2 2 2 2 2 2 2
left_child=1 2 3 -1 -4 13 8 12 10 -10 -2 -9 -8 -3
right_child=6 5 4 -5 -6 -7 7 11 9 -11 -12 -13 -14 -15
leaf_value=-0.016166559671113894 0.0061964688773041947 -0.026013133473633876 0.0020287698861780525 0.0015526099957448452 -0.014715139711365999 0.0083162870050472945 0.0071702207627745819 -0.012927460893829901 0.0043170315864801767 -0.021024138436208338 -0.0044872233887156563 0.0065511011570333032 -0.022260560802156749 -0.014054016272502648
leaf_weight=31.151235214434564 189.18690221756697 4.6656713783741059 508.0406739693135 32.824531336314976 17.704787982627749 5.6657324880361548 1.2547200173139597 4.2975632175803211 13.583356074988844 8.4425558596849424 13.336182594299315 15.090418532490729 9.3966793436557037 17.895928597077727
leaf_count=195 152 24 1048 123 155 5 2 17 19 45 32 14 48 157
internal_value=0 -3.16165e-05 0.000529358 -0.00709741 0.00145972 -0.0116768 0.00325658 -0.00532454 0.00440818 -0.00549278 0.00548926 0.00214815 -0.0187263 -0.0167262
internal_weight=0 617.949 589.721 63.9758 525.745 28.2273 254.588 30.0394 224.549 22.0259 202.523 19.388 10.6514 22.5616
internal_count=2036 1707 1521 318 1203 186 329 81 248 64 184 31 50 181
is_linear=0
shrinkage=0.00895904


Tree=360
num_leaves=10
num_cat=0
split_feature=81 67 62 64 42 38 3 61 64
split_gain=24.129 24.6405 60.7254 63.627 32.7211 30.2657 43.6982 34.4158 0.340153
threshold=3.1500000000000008 1504.0000000000002 3.5000000000000004 4.3500000000000005 0.53589743589743599 35.000000000000007 11.500000000000002 0.41444372153545866 48.250000000000007
decision_type=2 2 2 2 2 2 2 2 2
left_child=1 5 4 -4 -3 6 -1 -7 -2
right_child=8 2 3 -5 -6 7 -8 -9 -10
leaf_value=0.0025004430482931709 -0.014481841033848062 0.0054002063558450768 0.0032855175723874265 -0.01875789356042808 -0.015273480121917397 0.0043829572440168491 -0.0031557508354432399 -0.012335132183943673 -0.0092800241741520535
leaf_weight=266.15301817655563 6.5556184314191324 52.242126159369946 16.393798246979713 28.836836874485016 6.7738814717158666 294.70471534039825 186.13647832721472 10.044757306575773 3.0907645653933287
leaf_count=505 36 65 25 210 62 414 615 40 64
internal_value=0 0.00108065 -0.0029992 -0.0107876 0.00298518 0.0016431 0.000172279 0.00382445 -0.0130304
internal_weight=0 861.286 104.247 45.2306 59.016 757.039 452.289 304.749 9.64638
internal_count=2036 1936 362 235 127 1574 1120 454 100
is_linear=0
shrinkage=0.00895904


end of trees

feature_importances:
current_odds=977
corner_ratio_3=190
dist_change=180
current_popularity=160
jockey_place_rate=143
days_since_last_race=115
paternal_gf_cat=114
agari_4=103
win_rate_recent5=98
corner_chase_3=97
corner_ratio_2=87
ninki_5=72
margin_1=69
agari_1=66
result_1=64
corner_chase_2=60
agari_df_course_4=58
result_2=57
mf_classout=54
mf_class3=51
f_lenout=50
f_courseout=49
father_cat=49
margin_2=44
same_course_pr5=41
margin_3=40
mother_father_cat=39
margin_4=39
n_horses_1=39
same_course_cnt5=39
agari_3=36
agari_df_course_1=34
agari_df_course_5=34
result_4=31
kinryo=31
f_mf_courseout=30
agari_df_course_2=30
kinryo_diff_1=30
rank_trend=28
waku=28
time_df_course3=27
ninki_1=26
agari_2=26
rank_trend_5=26
ninki_3=24
corner_chase_1=24
corner_ratio_std5=23
time_df_course1=22
f_mf_course3=20
corner_ratio_4=20
result_5=20
f_course2=18
mf_classout.1=18
n_horses_today=18
f_classout=17
f_mf_class3=17
f_class2=15
jockey_win_rate=15
umaban=15
corner_ratio_5=15
mf_course3=13
horse_weight_abs_1=12
weight_change=11
agari_df_course_3=11
mf_class1=10
f_course3=9
margin_5=9
f_len2=8
agari_std5=8
f_course1=7
mf_courseout=7
corner_chase_4=7
corner_ratio_1=6
ninki_4=5
agari_trend_5=5
mf_course2=4
mf_class2=3
f_mf_class2=3
ninki_2=3
time_df_course2=2
agari_5=2
f_mf_course1=1
f_mf_len2=1

parameters:
[boosting: gbdt]
[objective: binary]
[metric: binary_logloss]
[tree_learner: serial]
[device_type: cpu]
[data_sample_strategy: bagging]
[data: ]
[valid: ]
[num_iterations: 361]
[learning_rate: 0.00895904]
[num_leaves: 16]
[num_threads: 16]
[seed: 0]
[deterministic: 0]
[force_col_wise: 1]
[force_row_wise: 0]
[histogram_pool_size: -1]
[max_depth: 4]
[min_data_in_leaf: 6]
[min_sum_hessian_in_leaf: 0.001]
[bagging_fraction: 1]
[pos_bagging_fraction: 1]
[neg_bagging_fraction: 1]
[bagging_freq: 0]
[bagging_seed: 7719]
[feature_fraction: 1]
[feature_fraction_bynode: 1]
[feature_fraction_seed: 2437]
[extra_trees: 0]
[extra_seed: 11797]
[early_stopping_round: 0]
[first_metric_only: 0]
[max_delta_step: 0]
[lambda_l1: 0.00241985]
[lambda_l2: 0.191486]
[linear_lambda: 0]
[min_gain_to_split: 0]
[drop_rate: 0.1]
[max_drop: 50]
[skip_drop: 0.5]
[xgboost_dart_mode: 0]
[uniform_drop: 0]
[drop_seed: 21238]
[top_rate: 0.2]
[other_rate: 0.1]
[min_data_per_group: 100]
[max_cat_threshold: 32]
[cat_l2: 10]
[cat_smooth: 10]
[max_cat_to_onehot: 4]
[top_k: 20]
[monotone_constraints: ]
[monotone_constraints_method: basic]
[monotone_penalty: 0]
[feature_contri: ]
[forcedsplits_filename: ]
[refit_decay_rate: 0.9]
[cegb_tradeoff: 1]
[cegb_penalty_split: 0]
[cegb_penalty_feature_lazy: ]
[cegb_penalty_feature_coupled: ]
[path_smooth: 0]
[interaction_constraints: ]
[verbosity: -1]
[saved_feature_importance_type: 0]
[use_quantized_grad: 0]
[num_grad_quant_bins: 4]
[quant_train_renew_leaf: 0]
[stochastic_rounding: 1]
[linear_tree: 0]
[max_bin: 255]
[max_bin_by_feature: ]
[min_data_in_bin: 3]
[bin_construct_sample_cnt: 200000]
[data_random_seed: 38]
[is_enable_sparse: 1]
[enable_bundle: 1]
[use_missing: 1]
[zero_as_missing: 0]
[feature_pre_filter: 1]
[pre_partition: 0]
[two_round: 0]
[header: 0]
[label_column: ]
[weight_column: ]
[group_column: ]
[ignore_column: ]
[categorical_feature: ]
[forcedbins_filename: ]
[precise_float_parser: 0]
[parser_config_file: ]
[objective_seed: 8855]
[num_class: 1]
[is_unbalance: 0]
[scale_pos_weight: 3.62548]
[sigmoid: 1]
[boost_from_average: 1]
[reg_sqrt: 0]
[alpha: 0.9]
[fair_c: 1]
[poisson_max_delta_step: 0.7]
[tweedie_variance_power: 1.5]
[lambdarank_truncation_level: 30]
[lambdarank_norm: 1]
[label_gain: ]
[lambdarank_position_bias_regularization: 0]
[eval_at: ]
[multi_error_top_k: 1]
[auc_mu_weights: ]
[num_machines: 1]
[local_listen_port: 12400]
[time_out: 120]
[machine_list_filename: ]
[machines: ]
[gpu_platform_id: -1]
[gpu_device_id: -1]
[gpu_use_dp: 0]
[num_gpu: 1]

end of parameters

pandas_categorical:[]
