tree
version=v4
num_class=1
num_tree_per_iteration=1
label_index=0
max_feature_idx=65
objective=lambdarank
feature_names=f_course1 f_course2 f_course3 f_courseout mf_course1 mf_course2 mf_course3 mf_courseout f_mf_course1 f_mf_course2 f_mf_course3 f_mf_courseout f_len1 f_len2 f_len3 f_lenout mf_len1 mf_len2 mf_len3 mf_classout f_mf_len1 f_mf_len2 f_mf_len3 f_mf_classout f_class1 f_class2 f_class3 f_classout mf_class1 mf_class2 mf_class3 mf_classout.1 f_mf_class1 f_mf_class2 f_mf_class3 f_mf_classout.1 time_df_course1 time_df_class1 ninki_1 result_1 agari_1 margin_1 corner_ratio_1 time_df_course2 time_df_class2 ninki_2 result_2 agari_2 margin_2 corner_ratio_2 time_df_course3 time_df_class3 ninki_3 result_3 agari_3 margin_3 corner_ratio_3 rank_trend weight_change dist_change jockey_win_rate jockey_place_rate waku umaban current_odds current_popularity
feature_infos=[0:17] [0:16] [0:16] [0:107] [0:13] [0:17] [0:12] [0:150] [0:3] [0:3] [0:2] [0:11] [0:13] [0:11] [0:13] [0:97] [0:9] [0:12] [0:9] [0:114] [0:3] [0:3] [0:2] [0:10] [0:5] [0:4] [0:7] [0:39] [0:6] [0:5] [0:7] [0:39] [0:1] [0:2] [0:2] [0:7] [-1:0] [-1:0] [-1:180] [-1:140] [-1:64.599999999999994] [-1:34.899999999999999] [-1:1] [-1:0] [-1:0] [-1:180] [-1:180] [-1:50.299999999999997] [-1:19] [-1:1] [-1:0] [-1:0] [-1:180] [-1:180] [-1:52] [-1:89.5] [-1:1] [-55:70] [-38:54] [-2230:900] [-1:1] [-1:1] [1:8] [1:16] [-1:658.70000000000005] [-1:16]
tree_sizes=4150 4882 4971 4483 4356 3830 4355 4046 4274 4238 3645 4261 4879 3635 3834 4051 4694 4665 3645 4370 4575 3431 3854 3655 3421 3022 3638 3837 4261 2574 4366 3837 4044 5033 3122 2694 4801 4166 3109 2794 4490 3320 4275 4178 2580 3621 2044 2027 2143 3242 3244 2590 1838 4185 2790 3633 1612 2595 3300 3320 2695 2045 4057 3536 2168 2052 1639 1407 3337 3308 4065 2676 3861 3310 3084 3201 4814 3225 4668 5862 4379 3220 4769 2267 4993 5144 4894 3014 3191 2822 3237 2396 4357 3275 3523 3295 3321 4447 3747 3216 2473 3211 1848 3224 2805 3531 1412 3112 4809 1320 2596 4065 4917 3539 2882 2474 2805 2061 990 2794 2057 3749 5445 3850 3770 3331 4174 4072 1305 1529 1843 1841 3726 2077 3435 4720 4400 3326 2287 3131 3760 4861 3776 3669 3458 1857 2705 2150 2166 1841 2054 3012 2067 2497 1743 2709 4175 2923 5306 2913 3031 5012 3860 3789 3553 3780 2067 4835 4518 3663 3142 3770 3564 4076 4747 4212 3464 4074 4103 2587 4397 1962 2375 1753 3202 2593 1856 2577 2950 3778 4201 4297 1963 3249 5054 2258 2489 4513 1965 2713 2919 4312 3448 2708 2376 2711 1434 5289 1101 4195 2178 1722 2295 2173 3657 1948 2175 3478 1305 2176 3261 3047 2575 3772 3247

Tree=0
num_leaves=38
num_cat=0
split_feature=64 64 64 57 55 39 59 59 40 49 62 64 47 40 47 58 29 38 39 45 53 52 61 45 61 41 49 49 62 21 62 62 48 46 49 45 45
split_gain=544.923 80.2243 44.4594 12.1975 10.1526 9.48826 9.27005 8.95087 9.58153 9.11012 8.25126 7.98403 7.75574 7.57463 7.34866 8.40579 6.64812 6.35506 8.78737 5.82203 5.43872 8.03259 5.12211 4.44436 3.74623 2.95966 2.84943 2.67806 2.63828 2.63763 2.42526 3.97211 2.29694 1.60475 0.371303 0.311725 0.22255
threshold=11.750000000000002 36.050000000000004 5.2500000000000009 3.7500000000000004 0.8500000000000002 13.500000000000002 -349.99999999999994 -1.0000000180025095e-35 39.650000000000013 0.06904761904761901 7.5000000000000009 3.2500000000000004 36.550000000000004 40.250000000000007 39.650000000000013 -1.0000000180025095e-35 1.0000000180025095e-35 65.000000000000014 5.5000000000000009 4.5000000000000009 2.5000000000000004 11.500000000000002 0.12318229715489987 15.500000000000002 0.067231638418079068 1.5500000000000003 0.69615384615384623 0.73030303030303034 1.5000000000000002 1.0000000180025095e-35 7.5000000000000009 6.5000000000000009 2.9500000000000006 5.5000000000000009 0.46410256410256417 45.000000000000007 19.000000000000004
decision_type=2 2 2 2 2 2 2 2 2 2 2 2 2 2 2 2 2 2 2 2 2 2 2 2 2 2 2 2 2 2 2 2 2 2 2 2 2
left_child=2 7 11 5 6 20 -3 9 10 -2 12 22 -9 16 28 -16 -11 29 -19 -10 25 -22 -1 -15 -20 -4 -5 -21 -8 33 31 32 -13 -6 -12 -24 -32
right_child=1 4 3 26 17 -7 14 8 19 13 34 30 -14 23 15 -17 -18 18 24 27 21 -23 35 -25 -26 -27 -28 -29 -30 -31 36 -33 -34 -35 -36 -37 -38
leaf_value=0.023973522382389728 0.044043761331516891 0.025585846200993131 0.054919064842681511 -0.073230552671384647 -0.061568554785566103 -0.039250005881640203 -0.027925529302715472 -0.057254284398177029 0.01004860347002258 -0.015003103675966746 -0.052660420019465755 0.047846411697940287 -0.002842759569617403 -0.014403064399114422 -0.077437982300321645 0.021350410226880379 -0.077677804042893803 0.0044625293666844586 -0.030775578861512561 -0.073859802234980773 0.0048905725377384407 0.03662041259371273 0.080977389613808626 0.046865110440428223 -0.079367372503640926 0.02167910493675677 -0.0033162142318349966 -0.034041502383806668 -0.075678047474578222 -0.037685502449797549 0.060409657212608783 0.010368063873002214 0.073435612366311492 -0.090799146399234004 -0.086915924686384372 0.065979300131904201 0.079765074437244579
leaf_weight=4.2236056998372069 7.4840132035315028 3.1712158918380728 26.256231237202883 2.9371939040720454 6.3008648455142966 4.2306094616651526 3.2759248688817051 6.7230619452893725 2.6755809672176865 21.690101411193613 3.0644467398524275 46.215291664004326 38.419819127768278 4.4457321763038617 2.9451527632772923 4.8363782428205004 4.4414811953902236 4.0385554321110275 4.7300280146300819 14.84490489959717 29.142195396125317 45.924202229827642 58.079444963485003 6.0526081956923008 19.831851862370968 8.2297780066728574 2.2954753413796425 5.7580913826823226 22.210586667060852 2.7640653662383547 7.5177776105701906 5.5321827307343474 10.483096748590468 69.055095624178648 2.6388989239931107 9.627148646861313 7.7341067753732204
leaf_count=28 45 22 148 48 91 53 40 100 24 243 46 296 393 50 45 37 70 37 55 229 299 336 193 35 296 64 25 70 335 34 36 54 36 1074 41 42 23
internal_value=0 -0.0485066 0.0472371 0.0256422 -0.0722618 0.0289029 -0.0502394 -0.0196748 -0.0296786 -0.00279994 -0.0180664 0.0643842 -0.0111503 -0.0125523 -0.0575827 -0.0168388 -0.0261262 -0.0796806 -0.0597748 -0.0546909 0.031599 0.0243509 0.0758722 0.0210486 -0.0703199 0.0471548 -0.0437801 -0.0631431 -0.0697977 -0.0868101 0.0535641 0.0490784 0.0528005 -0.088512 -0.0707364 0.07903 0.0710603
internal_weight=0 261.398 268.428 119.016 143.16 113.783 36.4393 118.239 74.1248 44.1139 50.8462 149.413 45.1429 36.6299 33.268 7.78153 26.1316 106.72 28.6004 23.2786 109.552 75.0664 71.9302 10.4983 24.5619 34.486 5.23267 20.603 25.4865 78.12 77.4825 62.2306 56.6984 75.356 5.70335 67.7066 15.2519
internal_count=5093 3412 1681 973 2066 900 479 1346 903 443 580 708 493 398 457 82 313 1587 388 323 847 635 263 85 351 212 73 299 375 1199 445 386 332 1165 87 235 59
is_linear=0
shrinkage=0.0472155


Tree=1
num_leaves=45
num_cat=0
split_feature=64 64 64 64 65 40 39 3 45 42 55 38 40 47 42 59 62 56 47 49 54 64 18 59 64 45 45 42 5 59 64 65 31 61 15 24 64 7 42 42 28 48 2 65
split_gain=524.637 97.2148 54.7834 21.7534 18.3638 18.8362 14.9878 14.4269 12.7538 12.4847 11.619 11.403 10.7918 11.6557 10.8377 11.7066 10.142 9.39457 11.3687 9.23335 9.12505 8.93981 7.90045 6.7888 6.33178 10.5221 6.19653 6.02497 5.46816 5.123 5.03543 6.26901 5.00248 4.39678 5.25432 3.60576 3.5554 3.08947 4.17619 2.56524 2.51367 2.16601 1.21325 0.101442
threshold=11.750000000000002 3.2500000000000004 36.050000000000004 7.0500000000000007 4.5000000000000009 37.45000000000001 10.500000000000002 13.500000000000002 55.000000000000007 0.45804195804195807 0.8500000000000002 5.5000000000000009 39.850000000000001 39.250000000000007 0.91987179487179505 75.000000000000014 1.5000000000000002 0.37980769230769235 38.95000000000001 0.56696428571428581 35.650000000000013 13.350000000000003 1.0000000180025095e-35 -74.999999999999986 18.850000000000005 85.000000000000014 14.500000000000002 0.087121212121212113 4.5000000000000009 -349.99999999999994 60.350000000000001 12.500000000000002 10.500000000000002 0.25543735224586289 3.5000000000000004 2.5000000000000004 55.150000000000013 1.5000000000000002 0.55050505050505061 0.97222222222222232 1.5000000000000002 0.35000000000000003 8.5000000000000018 6.5000000000000009
decision_type=2 2 2 2 2 2 2 2 2 2 2 2 2 2 2 2 2 2 2 2 2 2 2 2 2 2 2 2 2 2 2 2 2 2 2 2 2 2 2 2 2 2 2 2
left_child=1 8 9 12 5 11 7 -6 20 16 17 -5 14 22 15 -3 43 37 29 27 -1 -21 -14 -15 25 32 -7 -18 39 -19 31 36 -11 34 -22 42 -12 38 -4 -26 -39 -35 -32 -2
right_child=2 3 10 4 6 26 -8 -9 -10 24 30 -13 13 23 -16 -17 19 18 -20 21 33 -23 -24 -25 28 -27 -28 -29 -30 -31 35 -33 -34 41 -36 -37 -38 40 -40 -41 -42 -43 -44 -45
leaf_value=0.033381648480428121 -0.052439772926802519 0.027333582781052017 -0.0073098630665387561 0.058291840116555332 -0.00028522415994102081 -0.02064421407177619 -0.043520789452140822 0.038052949318396999 0.020250424156759726 -0.045976694236312177 -0.072319534686743819 -0.0084761348501285107 -0.039591248654264333 0.047352318211818588 0.056665082384985466 0.0038604880686773312 0.022690844715656251 0.0077026798774326366 0.025114060962237693 0.019056127906150806 0.066492868214366577 -0.055947861220866132 0.015004991255813661 -0.0014209471059179186 -0.062500422332336839 0.021103431521468954 -0.055832002779551311 -0.010990648606805103 -0.0084262032233982202 -0.064631576491876494 -0.081161580590212432 -0.0020279958389045499 0.0087509171247151605 0.079066136662870504 0.036055984522778833 -0.018146080687827585 -0.030615639819363657 -0.081353424485121992 -0.076464665916837135 -0.03203779462575243 -0.035193274074254662 0.062414465805427401 -0.04101281922737389 -0.073592939088385267
leaf_weight=30.410286784172058 4.277139022946356 185.28634106740355 4.7280473653227117 8.3277478143572825 43.782769568264484 24.532260607928038 9.3526124618947488 43.497131116688251 24.113278768956661 27.773929847404364 23.890140954405073 17.168407544493675 17.525555308908228 12.743982553482056 20.931727111339569 63.787158876657486 14.852557443082331 2.7784349918365487 7.6281375102698794 4.4183702468872097 25.5185816437006 16.099573062732816 8.7341254241764528 12.466376978904009 38.012070160359144 8.0901249386370164 20.950302004814148 55.590722464025021 5.8554896004497996 9.2171664740890265 86.210950152948499 4.1720144357532254 4.2148858644068232 33.473050594329834 26.994373396039009 2.2866691946983329 6.1597030870616427 15.624175179749729 3.2138812728226185 8.1844704747199994 3.6928349435329428 53.827887788414955 2.3349691070616236 4.5465499721467495
leaf_count=43 29 421 40 18 154 109 57 112 46 220 298 70 60 28 35 189 62 11 37 20 29 125 25 37 330 48 103 349 39 121 1144 38 24 33 47 21 61 197 37 61 36 65 25 39
internal_value=0 0.0243825 -0.0457872 0.0131465 -0.000640831 -0.0188541 0.0127405 0.0188517 0.0526194 -0.0283996 -0.0651429 0.0135557 0.0203334 0.000504011 0.0241082 0.0213317 -0.0167718 -0.0447541 -0.0195477 -0.0120069 0.0571753 -0.0397405 -0.0214286 0.0233653 -0.0409308 -0.0266028 -0.0370186 -0.0038413 -0.0518244 -0.0479545 -0.0727082 -0.0565294 -0.0387372 0.0622977 0.0510308 -0.0786762 -0.0640192 -0.0626361 -0.0364201 -0.0572587 -0.0729575 0.0689519 -0.0801931 -0.0646307
internal_weight=0 683.424 363.853 489.086 167.611 70.9787 96.6325 87.2799 194.337 191.916 171.937 25.4962 321.475 51.47 270.005 249.073 99.7849 46.8827 19.6237 90.9612 170.224 20.5179 26.2597 25.2104 92.131 40.0789 45.4826 70.4433 52.052 11.9956 125.054 34.2219 31.9888 139.814 52.513 90.8326 30.0498 27.2589 7.94193 46.1965 19.317 87.3009 88.5459 8.82369
internal_count=5093 1681 3412 1418 623 300 323 266 263 1346 2066 88 795 150 645 610 624 479 169 556 217 145 85 65 722 292 212 411 430 132 1587 397 244 174 76 1190 359 310 77 391 233 98 1169 68
is_linear=0
shrinkage=0.0472155


Tree=2
num_leaves=46
num_cat=0
split_feature=64 64 64 64 0 41 3 55 45 40 45 27 56 47 59 49 56 42 64 3 54 54 61 15 27 48 40 47 48 56 38 39 7 42 3 39 52 23 49 61 49 64 28 60 65
split_gain=366.722 67.6114 46.8794 13.6978 18.3118 25.4753 12.1954 12.1316 11.9901 11.0908 10.8195 9.93014 9.75144 9.82642 9.25347 7.80126 7.41177 11.9661 9.61739 6.83277 5.52396 5.47887 5.95722 5.74278 5.20045 5.1767 8.64185 4.8949 8.22073 5.85694 4.67302 5.76731 3.67008 4.05183 3.57704 3.5023 3.19288 4.72964 3.10761 2.29391 2.10197 2.03579 1.45371 0.00597729 0.00457565
threshold=11.750000000000002 3.2500000000000004 36.050000000000004 7.4500000000000011 1.5000000000000002 1.5500000000000003 1.0000000180025095e-35 0.8500000000000002 4.5000000000000009 36.250000000000007 55.000000000000007 1.0000000180025095e-35 0.4330357142857143 38.95000000000001 -25.499999999999996 0.087121212121212113 0.087121212121212113 0.087121212121212113 20.150000000000002 32.500000000000007 39.050000000000004 35.650000000000013 0.25543735224586289 3.5000000000000004 2.5000000000000004 1.7500000000000002 37.650000000000013 42.95000000000001 2.2500000000000004 0.5590277777777779 65.000000000000014 6.5000000000000009 1.5000000000000002 0.25833333333333336 3.5000000000000004 8.5000000000000018 7.5000000000000009 1.0000000180025095e-35 0.92582417582417598 0.25824574121058358 0.37980769230769235 2.3500000000000001 1.5000000000000002 0.055728088336783957 10.500000000000002
decision_type=2 2 2 2 2 2 2 2 2 2 2 2 2 2 2 2 2 2 2 2 2 2 2 2 2 2 2 2 2 2 2 2 2 2 2 2 2 2 2 2 2 2 2 2 2
left_child=1 10 16 6 14 19 25 12 9 -8 21 -10 32 39 20 -16 17 -2 24 -6 -5 -1 23 -23 -19 26 -3 28 29 -18 36 34 33 -4 -32 -7 37 -9 -30 -14 -33 -24 -34 -20 -38
right_child=2 3 7 4 5 35 8 30 11 -11 -12 -13 13 -15 15 -17 27 18 43 -21 -22 22 41 -25 -26 -27 -28 -29 38 -31 31 40 42 -35 -36 -37 44 -39 -40 -41 -42 -43 -44 -45 -46
leaf_value=0.032035983888519498 0.041345566337948995 0.053374854805755462 0.0095806754462591671 -0.0089880480188159629 0.045991411806030551 -0.018866914932359855 0.037238585817292294 -0.068021816231294135 -0.0001019951211185245 -0.020026299287004935 0.016585922301661057 0.023241682441098113 -0.056063753257795383 0.026696998617908141 0.015602091671181111 -0.040105159635994467 -0.034828748038871114 0.024767623824761838 -0.076183211853732641 0.0084683373369693407 0.034890303874320967 0.06056791562622043 0.074133732174863798 0.027112292146407754 -0.036610716884525843 0.054711797247713273 0.0042942410870250641 0.027068114025284938 -0.060553610151906759 -0.012926489923961176 0.021420819161920179 -0.039938415424660076 -0.076650628392011783 -0.05777146604998163 -0.0439085953934297 -0.078010844707456312 -0.070467829370136029 0.0013591151332048197 -0.012967530045449233 0 -0.073149338382550652 0.056690344041182013 -0.038420651687205133 -0.053620602796019275 -0.080540553095196699
leaf_weight=27.347864262759686 9.3677964322268981 13.657403111457823 3.352534648030999 25.513211376965046 31.035816259682178 4.2151840403676015 9.2114629745483381 7.8495283089578134 54.09664299339056 38.164305489510298 23.248982086777687 162.26591253653169 7.2360482979565877 8.082077030092476 6.5514150708913794 34.978974260389805 55.47796886973083 7.8571720402687806 3.7752229981124392 16.771160252392292 8.3400242514908296 21.483115196228027 31.770771458745003 25.60156686604023 4.8127011694014072 22.262185215950012 19.115086078643799 3.323911949992179 21.934874411672357 54.163384592160583 3.2526962459087398 6.9795186091214445 13.69737063907087 4.5283255539834499 3.9522221107035875 5.0405368208885193 14.817626528441904 2.9784878864884377 3.7208556383848181 2.1101083047688007 15.957538105547426 38.977554962038994 3.4141180142760268 2.9500017687678337 53.456207055598497
leaf_count=43 33 25 24 114 82 21 21 112 159 139 46 409 98 33 23 198 471 42 37 57 28 29 42 47 37 41 62 15 226 426 19 89 209 58 45 39 209 28 29 21 235 56 36 30 850
internal_value=0 0.021175 -0.0411147 0.0116354 -0.00112216 0.0190187 0.0169358 -0.0601239 0.0126972 -0.00878236 0.0466888 0.0174068 -0.0383938 -0.0110754 -0.0163854 -0.0312732 -0.023842 -0.00199126 -0.0231385 0.0329203 0.00192662 0.0514792 0.055932 0.0425584 0.00122128 0.0371314 0.0249423 -0.028363 -0.0297628 -0.0240527 -0.0684811 -0.0519271 -0.0572089 -0.0294539 -0.0145192 -0.0519946 -0.0746523 -0.0491603 -0.0538119 -0.0436973 -0.0634506 0.0646964 -0.0695266 -0.0679912 -0.0785497
internal_weight=0 619.649 319.048 451.219 132.446 57.0627 318.773 151.664 263.738 47.3758 168.43 216.363 42.4206 17.4282 75.3836 41.5304 167.384 28.7629 19.3951 47.807 33.8532 145.181 117.833 47.0847 12.6699 55.0347 32.7725 138.621 135.297 109.641 109.244 30.142 24.9923 7.88086 7.20492 9.25572 79.1018 10.828 25.6557 9.34616 22.9371 70.7483 17.1115 6.72522 68.2738
internal_count=5093 1681 3412 1418 562 199 856 2066 728 160 263 568 479 152 363 221 1346 179 146 139 142 217 174 76 79 128 87 1167 1152 897 1587 388 327 82 64 60 1199 140 255 119 324 98 245 67 1059
is_linear=0
shrinkage=0.0472155


Tree=3
num_leaves=41
num_cat=0
split_feature=64 64 64 45 55 52 56 53 56 7 63 58 60 59 16 42 61 54 56 59 3 40 0 58 54 61 48 64 64 65 61 41 55 40 47 39 3 38 59 0
split_gain=282.049 44.803 41.8937 12.0163 10.8644 9.71862 14.3963 11.2919 22.3033 11.9317 10.0614 11.4673 15.8992 8.71317 8.3917 8.24541 8.19916 7.54937 7.464 7.62068 6.65023 6.25468 6.1839 8.63894 4.85299 4.81692 8.93775 3.62704 3.31783 7.09583 2.62942 2.40014 2.10118 2.42862 2.01013 2.00838 1.92999 3.6044 0.739044 0.317186
threshold=11.750000000000002 3.2500000000000004 36.650000000000013 55.000000000000007 0.8500000000000002 11.500000000000002 0.87083333333333346 3.5000000000000004 0.46410256410256417 31.500000000000004 15.500000000000002 -1.0000000180025095e-35 0.087956043956043964 -1.0000000180025095e-35 3.5000000000000004 0.10357142857142856 0.32209077465589814 35.150000000000013 0.37980769230769235 -134.99999999999997 1.0000000180025095e-35 39.150000000000013 1.5000000000000002 4.5000000000000009 37.250000000000007 0.25543735224586289 0.45000000000000007 18.550000000000004 60.350000000000001 12.500000000000002 1.0000000180025095e-35 0.25000000000000006 4.3500000000000005 40.850000000000001 41.350000000000001 10.500000000000002 44.500000000000007 65.000000000000014 -74.999999999999986 1.5000000000000002
decision_type=2 2 2 2 2 2 2 2 2 2 2 2 2 2 2 2 2 2 2 2 2 2 2 2 2 2 2 2 2 2 2 2 2 2 2 2 2 2 2 2
left_child=1 3 13 17 18 6 7 9 -9 -3 11 12 -7 14 15 -2 -13 -1 34 -20 -17 22 23 -15 -21 26 -19 -24 29 30 -6 -27 33 -23 35 -4 38 -38 -30 -16
right_child=2 5 4 -5 28 10 -8 8 -10 -11 -12 16 -14 21 39 20 -18 25 19 24 -22 32 27 -25 -26 31 -28 -29 36 -31 -32 -33 -34 -35 -36 -37 37 -39 -40 -41
leaf_value=0.022482007856791768 0.030079499700894893 0.025666360642647046 -0.043969147803681226 0.0094212862046719557 -0.015777817830515274 0.01584086072412557 -0.049372328648382348 -0.026936286830031152 0.017898378116672227 -0.016819573886612878 0.05793054785241597 0.018359100063659338 -0.033176188707670522 0.0020680506074725984 -0.074489127005721148 -0.071860471219516914 0.050789023918263454 0.012287742011568618 0.038013499508034503 -0.066061889373128208 -0.0058868001378055189 -0.03804950566093597 -0.020604486831213895 -0.051637982358351438 -0.0083499619748217315 0.073299235821177283 0.056082298524761272 -0.064468003311031072 -0.060389132824768349 0.0072030054169602755 -0.066218016734672383 0.052818958766558829 -0.0039511632892852162 -0.064703492842206556 -0.0072102860637025352 -0.076460027036716588 -0.075743697504587301 0.0065519115657680016 -0.075832253379314443 -0.043663692211956588
leaf_weight=25.060197293758392 13.783995967358349 81.035384900867939 10.879917163401847 23.559943236410618 2.7846617940813365 43.39207336679101 10.582582563161848 49.441757805645466 49.144386224448681 17.855186887085438 13.144742682576178 116.71259464323521 22.128387603908777 31.467668876051903 2.8317255564033976 3.5704569332301608 20.403967197984457 17.171221517026424 4.6586179621517685 5.1884266678243867 38.550337830558419 24.617648394778371 8.5763479769229907 8.2894697710871679 8.4674066826701146 21.486899562180042 26.777196735143661 8.6689203679561597 14.027751810848711 4.0306966025382271 20.082450728863478 43.049902260303497 2.7627940811216822 12.19317797757685 1.925330689176916 8.5689917765557748 2.3991989940404883 2.1282539553940296 52.248199664056301 2.7871869970113039
leaf_count=40 52 234 151 46 32 143 55 231 174 64 28 346 89 241 31 43 54 34 21 70 293 252 73 83 75 29 43 103 233 37 317 71 22 143 19 136 45 20 892 28
internal_value=0 0.0191015 -0.0375434 0.0406267 -0.0566073 0.0111077 0.00381752 0.00671238 -0.00458792 0.0179726 0.0181252 0.0154921 -0.000748234 -0.0209283 -0.00699931 -0.00137734 0.0232482 0.0461075 -0.0354827 -0.0131286 -0.0117687 -0.0297664 -0.0196366 -0.00929088 -0.0308825 0.0515141 0.0391025 -0.0431173 -0.0651033 -0.0501541 -0.0602702 0.0598275 -0.0441906 -0.0471603 -0.0543445 -0.0588716 -0.0706356 -0.038117 -0.072741 -0.0610913
internal_weight=0 580.946 295.49 157.105 137.39 423.841 208.059 197.477 98.5861 98.8906 215.782 202.637 65.5205 158.1 61.5237 55.9048 137.117 133.545 39.6887 18.3145 42.1208 96.576 57.0024 39.7571 13.6558 108.485 43.9484 17.2453 97.7012 26.8978 22.8671 64.5368 39.5736 36.8108 21.3742 19.4489 70.8034 4.52745 66.276 5.61891
internal_count=5093 1681 3412 263 2048 1418 758 703 405 298 660 632 232 1364 447 388 400 217 472 166 336 917 500 324 145 177 77 176 1576 386 349 100 417 395 306 287 1190 65 1125 59
is_linear=0
shrinkage=0.0472155


Tree=4
num_leaves=40
num_cat=0
split_feature=64 64 64 59 49 55 56 42 47 52 58 12 57 45 11 29 46 46 54 64 54 0 61 12 19 45 38 39 59 61 62 3 21 3 45 57 47 46 15
split_gain=230.842 43.7057 29.0988 12.1738 12.239 11.4508 11.4278 10.4124 10.1556 10.1042 9.74416 9.58829 13.871 13.6327 7.65482 9.51242 6.61144 9.09717 6.53199 6.43821 5.23567 4.34633 7.18294 7.01734 5.95831 5.54735 4.0833 4.32025 3.99161 3.94157 6.01719 4.28545 2.34359 2.1112 1.88071 1.64677 1.15461 0.731332 0.38551
threshold=13.050000000000002 3.9500000000000006 36.650000000000013 350.00000000000006 0.67708333333333337 0.8500000000000002 0.087121212121212113 0.087121212121212113 39.650000000000013 10.500000000000002 -8.4999999999999982 1.0000000180025095e-35 1.7500000000000002 25.000000000000004 2.5000000000000004 1.5000000000000002 7.5000000000000009 2.5000000000000004 35.150000000000013 6.7500000000000009 37.250000000000007 2.5000000000000004 0.070802005012531311 1.0000000180025095e-35 1.0000000180025095e-35 85.000000000000014 65.000000000000014 5.5000000000000009 -349.99999999999994 0.25824574121058358 6.5000000000000009 5.5000000000000009 1.0000000180025095e-35 54.500000000000007 11.500000000000002 1.7500000000000002 37.250000000000007 3.5000000000000004 6.5000000000000009
decision_type=2 2 2 2 2 2 2 2 2 2 2 2 2 2 2 2 2 2 2 2 2 2 2 2 2 2 2 2 2 2 2 2 2 2 2 2 2 2 2
left_child=1 11 6 10 34 8 7 -2 28 -10 19 18 13 20 15 -12 17 -9 -1 -3 -13 23 -23 25 -25 -8 32 -28 -4 30 -20 -31 37 -29 -5 -24 -30 -7 -18
right_child=2 3 5 4 -6 26 21 16 9 -11 14 12 -14 -15 -16 -17 38 -19 29 -21 -22 22 35 24 -26 -27 27 33 36 31 -32 -33 -34 -35 -36 -37 -38 -39 -40
leaf_value=0.017848261893047241 0.043746530630096703 -0.00089066706487587089 0.004108845309315828 -0.080430818726750286 0.020848402611305258 -0.034522035585788632 -0.040304734784312603 -0.046269082213872006 -0.044761605749874457 0.042717283238366204 0.0095793369286550252 0.059020851910002531 -0.016054962806548775 -0.0097793913312130935 -0.026051483138359154 0.041250186461699659 -0.07427905427828696 0.045824184383740765 0.023802012695705282 -0.055862133711865103 0.027957183746152005 0.0098000197000590542 -0.069890882386727832 -0.05666646206814048 0.0029095511875876987 -0.002001035908990471 -0.002432875720673825 -0.058547270219123468 -0.064073952585140828 0.041972468679997654 0.060101727169050941 0.067089840453180172 -0.022810342898784496 -0.0022923414471293026 -0.040218952036099855 -0.033669907887663685 -0.041008766571682446 -0.071390637775278681 -0.04109404398368998
leaf_weight=23.054133519530296 10.190716885030271 11.438367299735548 2.959278833121064 5.2674718275666255 6.4995225034654132 1.7902259752154339 45.696757964789867 4.0548872761428338 4.9439543634653074 6.749884344637394 290.62351554259658 22.809152789413929 17.985202647745609 14.321084581315516 12.146058179438112 22.670832172036171 2.6008736193180075 5.3249332010746002 33.405297733843327 7.984174318611621 27.113853231072426 3.887030482292178 12.316634964197876 4.1623283885419395 27.077763382345438 10.393597787246106 4.3802014663815525 19.334716103971008 12.374742750078441 35.570627875626087 14.84534180909395 28.925764426589012 2.6518444381654254 1.6517500579357136 6.5688344165682793 4.396103359758853 10.9860831387341 60.253698442131281 2.6285644806921482
leaf_count=44 28 37 19 33 25 27 489 43 57 26 1077 36 43 35 57 70 31 25 79 57 56 27 156 50 216 84 36 333 210 67 26 42 33 16 36 46 160 1131 30
internal_value=0 0.0165597 -0.036891 0.00651993 -0.0307832 -0.0529431 -0.0213476 0.0074909 -0.0309582 0.00556353 0.00851977 0.0332625 0.020454 0.0307006 0.0104635 0.0118949 -0.0179741 0.00582638 0.0409772 -0.0238183 0.0423193 -0.0279814 -0.047517 -0.0232801 -0.0052791 -0.0332468 -0.0621374 -0.0453692 -0.0471384 0.0456658 0.0351606 0.0533984 -0.0685619 -0.0542058 -0.0590795 -0.0608494 -0.0536401 -0.0704373 -0.0595896
internal_weight=0 581.229 260.807 363.199 18.3358 128.076 132.73 24.8 38.0139 11.6938 344.863 218.03 82.2293 64.2441 325.44 313.294 14.6093 9.37982 135.801 19.4225 49.923 107.93 20.5998 87.3304 31.2401 56.0904 90.0624 25.3667 26.3201 112.747 48.2506 64.4964 64.6958 20.9865 11.8363 16.7127 23.3608 62.0439 5.22944
internal_count=5093 1820 3273 1392 94 2048 1225 157 472 83 1298 428 170 127 1204 1147 129 68 258 94 92 1068 229 839 266 573 1576 385 389 214 105 109 1191 349 69 202 370 1158 61
is_linear=0
shrinkage=0.0472155


Tree=5
num_leaves=35
num_cat=0
split_feature=64 64 64 39 55 61 61 64 48 64 47 56 52 55 45 42 61 54 61 63 61 59 35 38 49 39 52 48 61 60 60 62 52 39
split_gain=191.033 38.5019 28.4668 12.9759 10.3116 9.30219 19.1238 9.63915 9.36055 11.1987 8.92518 8.82537 8.69154 7.73052 6.02853 5.87888 5.61543 5.31852 5.25731 5.87189 5.13685 4.0908 3.91354 3.42279 4.1525 4.77588 3.88104 3.27131 3.10609 2.8326 2.03986 1.00866 0.663577 0.483539
threshold=11.750000000000002 2.8500000000000001 36.650000000000013 14.500000000000002 0.8500000000000002 0.10361093038386461 0.085960591133004915 5.3500000000000005 0.15000000000000005 8.6500000000000004 39.650000000000013 0.087121212121212113 10.500000000000002 0.25000000000000006 25.000000000000004 0.32291666666666669 0.10551619433198377 42.550000000000004 0.26873696035949285 10.500000000000002 0.27167203435319381 -349.99999999999994 1.0000000180025095e-35 65.000000000000014 0.71825396825396837 6.5000000000000009 3.5000000000000004 2.2500000000000004 0.31751394251394249 0.085417969564310955 0.027149877149877103 1.5000000000000002 7.5000000000000009 7.5000000000000009
decision_type=2 2 2 2 2 2 2 2 2 2 2 2 2 2 2 2 2 2 2 2 2 2 2 2 2 2 2 2 2 2 2 2 2 2
left_child=1 14 11 5 10 6 7 -3 13 -10 21 15 -12 -7 28 18 -17 22 19 -2 -16 -4 27 26 25 -25 -6 -13 29 -1 -24 -23 -28 -18
right_child=2 3 4 -5 23 8 -8 -9 9 -11 12 17 -14 -15 20 16 33 -19 -20 -21 -22 31 30 24 -26 -27 32 -29 -30 -31 -32 -33 -34 -35
leaf_value=0.05182079681556024 -0.025519369643563692 0.039138132987987698 0.0066573717699358517 -0.041540476438352646 0.0058154883078787179 0.0061657332398129122 0.064526905568156878 -0.023582469283879436 0.015993340106759603 -0.0067956437306142415 -0.046626017885445299 -0.0192238126037747 0.036902614704753096 -0.029193793937720581 0.0041235739321817113 0.023090915067995425 -0.069077186211110767 0.034522303535793844 0.053635511933698976 0.039817400677812698 0.045957757024348914 -0.022088969987190721 -0.019133169896725057 0.011867401995426919 -0.070763548719732963 -0.044700479579481846 -0.049935842605819979 -0.039976377438592232 0.066156241870436699 0.026497394977380427 -0.071812339103213815 -0.05559504069922127 -0.06914404446269877 -0.035824609777169371
leaf_weight=31.545535251498222 7.1966520585119778 8.9931550323963183 2.996887024492028 10.369040533900259 1.6341811642050732 32.845608476549387 20.876079574227333 13.336667221039532 283.61643114313483 57.728125013411045 4.2560044620186073 84.195591678842902 7.2634780909866095 23.489284824579954 13.980377875268461 3.154003042727707 2.8021846059709787 3.16994385421276 6.555688899010419 5.0743073970079422 12.251887574791906 2.6718209292739656 2.5118882209062559 4.5559236984699991 7.9666045773774377 11.41959422174841 7.0828230865299693 21.473839158192277 21.167332082986832 15.415672980248926 5.919684175401926 18.756598772481084 51.678590988740325 2.7964175418019295
leaf_count=57 53 21 19 55 15 93 38 68 856 269 57 822 26 99 38 20 35 16 21 21 21 39 24 40 149 196 124 245 35 31 77 331 1052 30
internal_value=0 0.0159759 -0.0328655 0.0102296 -0.0498368 0.0114646 0.0322388 0.00175696 0.00919276 0.0121359 -0.0284158 -0.0187251 0.00575073 -0.00861102 0.0433793 0.00526098 -0.0263495 -0.024371 0.0200983 0.00162686 0.023862 -0.044482 -0.0260632 -0.058881 -0.0430512 -0.0285745 -0.0650031 -0.0235063 0.0508044 0.043651 -0.0569019 -0.0516601 -0.0669949 -0.0541697
internal_weight=0 545.615 265.133 451.254 120.283 440.885 43.2059 22.3298 397.679 341.345 35.9448 144.85 11.5195 56.3349 94.3608 27.5793 8.75261 117.271 18.8266 12.271 26.2323 24.4253 114.101 84.3377 23.9421 15.9755 60.3956 105.669 68.1285 46.9612 8.43157 21.4284 58.7614 5.5986
internal_count=5093 1681 3412 1499 2048 1444 127 89 1317 1125 472 1364 83 192 182 180 85 1184 95 74 59 389 1168 1576 385 236 1191 1067 123 88 101 370 1176 65
is_linear=0
shrinkage=0.0472155


Tree=6
num_leaves=40
num_cat=0
split_feature=64 64 57 64 55 3 61 55 49 59 56 60 19 38 46 41 54 61 15 60 64 46 56 41 4 5 38 13 30 39 56 55 64 60 40 45 65 38 49
split_gain=160.151 35.2766 14.2271 13.652 13.3385 13.2392 13.5435 13.0066 12.4892 12.7837 11.3739 9.56154 9.39468 12.9693 11.7151 9.70779 8.34597 7.42332 10.8941 6.6874 6.27445 6.02086 5.73755 7.63746 4.81531 6.11291 7.00526 4.704 4.62151 2.87446 2.72879 3.71804 2.4546 4.3095 1.75809 1.1321 0.952508 0.132685 0.124794
threshold=20.150000000000002 5.2500000000000009 3.7500000000000004 2.8500000000000001 0.8500000000000002 1.0000000180025095e-35 0.16879058441558445 1.2500000000000002 0.30384615384615393 -1.0000000180025095e-35 0.80625000000000013 0.022347066167290854 7.5000000000000009 65.000000000000014 1.5000000000000002 0.25000000000000006 37.750000000000007 0.25543735224586289 3.5000000000000004 0.21132376395534289 116.35000000000001 8.5000000000000018 0.31009615384615391 1.4500000000000002 1.0000000180025095e-35 1.5000000000000002 135.00000000000003 1.0000000180025095e-35 1.0000000180025095e-35 2.5000000000000004 0.38675213675213677 1.0500000000000003 1.9500000000000002 0.12012658227848101 37.650000000000013 7.5000000000000009 8.5000000000000018 3.5000000000000004 0.36931818181818182
decision_type=2 2 2 2 2 2 2 2 2 2 2 2 2 2 2 2 2 2 2 2 2 2 2 2 2 2 2 2 2 2 2 2 2 2 2 2 2 2 2
left_child=1 3 12 17 5 -5 -7 27 9 11 -9 -2 13 21 28 -16 -15 18 -1 20 30 -3 23 -13 25 26 -11 -6 -14 -4 36 -32 -19 -34 -26 -22 -10 -36 -37
right_child=8 2 29 4 7 6 -8 10 19 24 -12 22 14 16 15 -17 -18 32 -20 -21 35 -23 -24 -25 34 -27 -28 -29 -30 -31 31 -33 33 -35 37 38 -38 -39 -40
leaf_value=0.047450395025205483 -0.057728709886076264 -0.021874590540630671 -0.024537706929779628 0.033884928548253361 0.030056758331924099 0.025121156440875446 -0.018465822117755326 0.023362561828247627 -0.039902107071954428 -0.050390507201648976 -0.028201807502058206 0.030068406763885079 -0.072403953505472241 0.040229686370633483 0.043917865795481792 0.0093232157641172791 -0.013420910324370375 0.066390803436596244 0.00047237842779798299 0.041195959863485426 -0.024700805824892671 -0.00064688787257535915 0.050747534097041413 -0.056937954124916312 -0.021738827838948423 0.034144212789254162 0.041284594701207204 0.062715307648898933 -0.010516883214802573 -0.068258118364071016 -0.021624823577033134 -0.045463490585872131 0.060455519663426799 0.025085698326276135 -0.049514093679713815 -0.04512197167855423 -0.063364499179193678 -0.07105863772807483 -0.069633543855144919
leaf_weight=21.790268413722515 3.85955532640219 68.297520332969725 7.290531147271393 24.565524235367775 18.243240267038345 22.216361314058304 54.5695421397686 58.876111909747124 7.0901452098041799 11.256408474408095 11.208708669990299 5.7543786745518464 4.2681170478463155 19.318151846528057 21.545821350067854 109.58245140500367 9.5417617559432966 16.111161455512047 22.11664816737175 1.7263200655579556 1.6915124151855696 52.854377381503582 8.3401877917349321 3.4478377168998122 2.6676803017035118 3.3599978685379019 2.0735813174396744 23.06434004753828 7.0787523798644543 6.6860746368765831 23.305912276729941 42.062800850719213 15.578925319015982 15.989665336906908 3.1692405194044104 1.9272025227546681 15.822172039188443 9.0405277991667372 30.421754610724747
leaf_count=40 59 379 56 51 40 50 162 151 96 181 32 36 41 71 70 531 65 27 54 11 25 326 46 57 39 24 13 40 40 68 286 678 27 34 53 34 287 163 650
internal_value=0 0.0114619 0.000150574 0.0228437 0.0162542 0.00384064 -0.005818 0.0275192 -0.0395211 -0.020212 0.0150569 0.00790549 0.00238835 -0.00585246 0.0110662 0.0150634 0.0224953 0.0380829 0.0238973 -0.047721 -0.0490382 -0.0126333 0.02281 -0.00291606 -0.0392339 -0.0214176 -0.0357316 0.0484951 -0.0345981 -0.0460838 -0.0422079 -0.0370546 0.0509973 0.042798 -0.0586963 -0.0664266 -0.0564897 -0.0662975 -0.0684438
internal_weight=0 610.794 306.464 304.33 212.744 101.351 76.7859 111.392 177.017 52.9694 70.0848 21.402 292.487 150.012 142.475 131.128 28.8599 91.5867 43.9069 124.048 122.321 121.152 17.5424 9.20222 31.5674 16.69 13.33 41.3076 11.3469 13.9766 88.281 65.3687 47.6798 31.5686 14.8774 34.0405 22.9123 12.2098 32.349
internal_count=5093 2355 1647 708 526 263 212 263 2738 671 183 198 1523 841 682 601 136 182 94 2067 2056 705 139 93 473 218 194 80 81 124 1347 964 88 61 255 709 383 216 684
is_linear=0
shrinkage=0.0472155


Tree=7
num_leaves=37
num_cat=0
split_feature=64 64 64 53 52 56 6 45 45 41 47 41 38 48 42 54 52 52 19 46 56 41 54 60 42 1 5 42 52 59 57 45 59 60 39 53
split_gain=137.821 25.0099 18.3527 13.1627 12.5413 11.1517 10.5021 10.1856 8.15919 7.84566 8.16227 9.99635 9.17107 9.16281 8.08874 7.14763 6.35334 6.29403 5.49863 4.77419 3.41345 3.17198 6.14737 5.99574 3.15735 3.87166 2.97619 2.60603 2.49487 5.5893 2.10043 0.920124 0.812977 0.68683 1.38456 0.459099
threshold=13.050000000000002 3.2500000000000004 36.650000000000013 5.5000000000000009 9.5000000000000018 0.087121212121212113 2.5000000000000004 45.000000000000007 13.500000000000002 7.2500000000000009 40.95000000000001 3.0500000000000003 85.000000000000014 4.8500000000000005 0.19375000000000003 35.350000000000001 3.5000000000000004 19.000000000000004 19.500000000000004 7.5000000000000009 0.42261904761904762 1.1500000000000001 39.050000000000004 0.039292882507333614 0.36931818181818182 2.5000000000000004 4.5000000000000009 0.087121212121212113 135.00000000000003 485.00000000000006 -0.74999999999999989 7.5000000000000009 -74.999999999999986 1.0000000180025095e-35 9.5000000000000018 3.5000000000000004
decision_type=2 2 2 2 2 2 2 2 2 2 2 2 2 2 2 2 2 2 2 2 2 2 2 2 2 2 2 2 2 2 2 2 2 2 2 2
left_child=1 7 5 4 33 17 8 15 -6 10 11 12 -3 20 -13 -1 -5 19 30 27 -12 22 26 -24 31 -26 -7 -2 32 -30 -17 -23 -18 34 -4 -35
right_child=2 9 3 16 6 21 -8 -9 -10 -11 13 14 -14 -15 -16 18 28 -19 -20 -21 -22 24 23 -25 25 -27 -28 -29 29 -31 -32 -33 -34 35 -36 -37
leaf_value=0.013303448014321841 0.037063376724388232 0.0073685110633819771 -0.010774258224281505 0.029493900965712132 0.056027076050058029 -0.0342199530904337 -0.062754153289429807 0.0052612962910162202 -0.0099373512043857415 0.053003921012218298 -0.072545183562847948 0.020201811825931004 0.033914431221363089 0.020041723059251382 -0.045883543974299959 0.034283607739608125 -0.049303972164135512 0.041559029920633629 0.017875511243626737 -0.049867980595820094 -0.019204572568550272 -0.029539321605619607 -0.038173758353438066 0.027228755634507669 -0.019437575191243176 -0.06207222605626482 0.0058424407386610628 -0.010310519394461575 -0.054066306593356546 0.040523678414180371 0.055281025168640439 -0.061381096523647927 -0.063976410465935926 -0.065429560237991624 -0.061869860233972271 -0.034420940080670613
leaf_weight=20.572887003421783 4.2003753781318682 332.70823902450502 2.6409868299961081 1.7925944104790676 7.4875407032668653 25.606536893174056 4.1048018522560588 26.36057984828949 9.0725340433418733 8.0884251669049245 6.3718964122235793 5.8665016815066364 31.657519109547138 6.3743022866547099 13.04983835108578 15.198765791952608 15.140492528211324 9.1526489444076997 14.345545247197149 4.1355328485369673 4.8699035122990608 3.3690509498119345 4.1757143437862387 10.921180143952368 32.293806618079543 5.5004938915371886 4.8360216952860346 6.1710380483418703 5.0780968386679879 1.7428869139403103 50.195212043821812 9.2717620115727168 50.78252767585218 8.4864092422649247 2.1714365426450968 2.0807160530239335
leaf_count=39 11 1230 38 12 38 312 70 57 112 21 47 25 100 22 83 31 301 38 35 50 29 36 47 76 353 77 45 58 106 14 101 122 1105 168 45 39
internal_value=0 0.0131305 -0.0305385 -0.0444015 -0.0208072 -0.017673 0.0032411 0.03145 0.0201235 0.00744388 0.00650033 0.0079496 0.00969188 -0.0247637 -0.0253574 0.0383044 -0.0557271 0.0112769 0.0447033 -0.00805227 -0.0501436 -0.0248239 -0.0156683 0.00886625 -0.0329953 -0.0259171 -0.0278376 0.0091111 -0.0579018 -0.0293952 0.0505153 -0.0534644 -0.0607559 -0.0528344 -0.0353213 -0.0600444
internal_weight=0 535.66 230.215 110.581 36.0444 119.634 20.6649 126.673 16.5601 408.987 400.898 383.282 364.366 17.6161 18.9163 100.312 74.5366 23.6596 79.7395 14.5069 11.2418 95.9746 45.5395 15.0969 50.4351 37.7943 30.4426 10.3714 72.744 6.82098 65.394 12.6408 65.923 15.3795 4.81242 10.5671
internal_count=5093 1820 3273 2048 510 1225 220 263 150 1557 1536 1438 1330 98 108 206 1538 157 167 119 76 1068 480 123 588 430 357 69 1526 120 132 158 1406 290 83 207
is_linear=0
shrinkage=0.0472155


Tree=8
num_leaves=39
num_cat=0
split_feature=64 64 64 53 45 52 54 59 40 24 42 62 12 64 61 61 60 48 54 56 54 28 41 1 1 42 47 58 10 6 2 60 59 39 60 41 53 65
split_gain=119.237 18.8717 16.7118 12.2811 10.8213 10.1228 8.10032 7.51655 13.052 11.9588 10.1162 9.9413 9.65625 10.7824 9.26827 8.97712 6.8134 8.39966 6.7663 7.68305 6.71059 6.26606 6.15592 5.29233 4.79595 4.64196 4.37849 3.9073 3.63106 2.99444 2.40028 2.22354 1.47128 1.95948 0.74974 1.92673 0.448089 0.267056
threshold=11.750000000000002 43.45000000000001 3.2500000000000004 5.5000000000000009 45.000000000000007 9.5000000000000018 37.45000000000001 -1.0000000180025095e-35 38.250000000000007 1.5000000000000002 0.36931818181818182 2.5000000000000004 3.5000000000000004 8.1500000000000004 0.23053613053613051 0.33776408450704232 0.097283677482792513 0.25000000000000006 43.850000000000001 0.087121212121212113 35.150000000000013 1.0000000180025095e-35 0.95000000000000007 1.5000000000000002 2.5000000000000004 0.32291666666666669 39.650000000000013 8.5000000000000018 1.0000000180025095e-35 1.0000000180025095e-35 8.5000000000000018 0.063914893617021268 1.0000000180025095e-35 1.5000000000000002 1.0000000180025095e-35 2.0500000000000003 3.5000000000000004 8.5000000000000018
decision_type=2 2 2 2 2 2 2 2 2 2 2 2 2 2 2 2 2 2 2 2 2 2 2 2 2 2 2 2 2 2 2 2 2 2 2 2 2 2
left_child=2 18 4 5 20 34 26 10 9 14 16 -12 13 -10 -9 -13 17 -4 19 21 -1 25 -8 -18 29 -2 -7 28 -21 -22 32 -29 33 -5 35 -3 -36 -34
right_child=1 3 7 30 -6 6 22 8 12 -11 11 15 -14 -15 -16 -17 23 -19 -20 27 24 -23 -24 -25 -26 -27 -28 31 -30 -31 -32 -33 37 -35 36 -37 -38 -39
leaf_value=0.010290546506659217 0.026582912444755528 0.0058147097074697819 0.0056830466968992481 0.00017014271969438284 0.0016529200851283881 0.0011002860953871995 0.032594750845112284 -0.0069433049437050576 0.0028079783324204527 0.051203583921928822 0.033738326040107527 -0.01746441332452536 -0.060050220346571127 -0.034832938938809517 0.021233154452075093 0.029442564578525052 -0.024080221125652775 0.042199296612822415 0.055451212562274893 -0.017441620499728191 0.059000309685608245 -0.046161188455110178 -0.058893120661988929 0.02825948460433433 0.020058375247212445 -0.020380133696748751 0.065064207201803351 -0.028571492497011651 -0.059476583025309789 0.037169842055614993 -0.0049346479026692106 -0.061554169412548404 -0.036897519697952873 -0.051589549118127555 -0.065216047232724547 -0.059976861576353312 -0.032430546411327602 -0.065498294101644219
leaf_weight=19.513617306947708 17.017381712794311 1.7289200760424166 19.16773346811533 1.7115091504529143 27.498576015233994 4.678387966006996 2.2183742187917224 51.726089233532548 75.249025685712695 15.720589715987442 16.997641637921333 42.556228589266539 7.7030347958207122 21.711875353008509 52.024622239172459 11.38025216385722 9.4019540399312991 53.427920117974281 2.6573930345475665 89.613919300958514 28.953398764133453 4.4754443019628516 5.1878669839352369 7.6504818052053443 18.485954582691193 6.2913387557491651 4.7514574602246284 11.494787512347104 4.7108918707817784 30.65827452391386 2.0703833177685729 8.2703807726502401 1.6296275537461031 25.89996565785259 6.6579720899462682 2.0206635883077979 1.8372440133243797 32.706303221173584
leaf_count=37 81 23 67 24 57 58 18 194 296 35 51 181 40 150 170 27 43 140 7 999 58 57 90 24 41 73 10 146 66 70 27 124 29 560 147 46 37 790
internal_value=0 -0.0276102 0.0128742 -0.0441814 0.0278557 -0.0185536 0.00521424 0.00799005 0.00239663 0.0130544 0.015782 0.00243736 -0.00976428 -0.00566165 0.00719121 -0.00749216 0.0263085 0.0326035 -0.0168911 -0.0183173 0.0352147 0.00390832 -0.0312848 -0.00051222 0.0413971 0.013822 0.0339958 -0.0237332 -0.0196541 0.0479254 -0.0557307 -0.0428241 -0.0573993 -0.0483771 -0.0508983 -0.0305695 -0.0589981 -0.0643536
internal_weight=0 237.63 509.827 93.0987 125.11 29.0809 16.8361 384.717 224.135 119.471 160.582 70.9341 104.664 96.9609 103.751 53.9365 89.6481 72.5957 144.532 141.874 97.6112 27.7842 7.40624 17.0524 78.0976 23.3087 9.42985 114.09 94.3248 59.6117 64.0178 19.7652 61.9474 27.6115 12.2448 3.74958 8.49522 34.3359
internal_count=5093 3412 1681 1859 263 429 176 1418 885 399 533 259 486 446 364 208 274 207 1553 1546 206 211 108 67 169 154 68 1335 1065 128 1430 270 1403 584 253 69 184 819
is_linear=0
shrinkage=0.0472155


Tree=9
num_leaves=39
num_cat=0
split_feature=64 64 64 45 53 52 60 59 42 49 49 46 47 40 64 38 60 57 14 56 54 64 61 64 57 46 38 59 64 57 0 58 45 49 38 60 41 53
split_gain=111.176 16.5248 13.4002 12.2373 11.9943 9.08016 7.30127 6.85738 9.66634 6.41214 16.7005 11.6208 10.7558 7.22023 15.3815 8.09954 6.26853 6.23129 8.03382 5.72408 6.75413 5.33173 5.31491 4.93637 6.33253 4.55222 3.64382 5.89847 3.25063 2.10281 1.7046 1.40481 1.20932 1.52329 2.86791 0.514224 1.83367 0.5167
threshold=11.750000000000002 43.45000000000001 3.2500000000000004 65.000000000000014 5.5000000000000009 9.5000000000000018 0.030151515151515155 350.00000000000006 0.63068181818181823 0.63068181818181823 0.79285714285714304 5.5000000000000009 37.050000000000004 38.250000000000007 8.6500000000000004 85.000000000000014 0.065318976026005657 -0.74999999999999989 1.0000000180025095e-35 0.074175824175824162 43.750000000000007 22.750000000000004 0.26348078785921863 18.550000000000004 1.7500000000000002 4.5000000000000009 6.5000000000000009 -134.99999999999997 35.550000000000004 4.2500000000000009 1.0000000180025095e-35 7.5000000000000009 5.5000000000000009 0.54195804195804198 45.000000000000007 1.0000000180025095e-35 1.7500000000000002 3.5000000000000004
decision_type=2 2 2 2 2 2 2 2 2 2 2 2 2 2 2 2 2 2 2 2 2 2 2 2 2 2 2 2 2 2 2 2 2 2 2 2 2 2
left_child=2 19 3 17 5 35 -7 9 31 13 11 -11 -12 15 -15 -4 -8 25 30 21 26 23 -20 24 -2 -1 29 -28 -23 -21 -19 -9 -6 34 -34 36 -3 -37
right_child=1 4 7 -5 32 6 16 8 -10 10 12 -13 -14 14 -16 -17 -18 18 22 20 -22 28 -24 -25 -26 -27 27 -29 -30 -31 -32 -33 33 -35 -36 37 -38 -39
leaf_value=-0.0068791440261919343 -0.035655973243349556 0.006110751245344769 0.016866682083424817 -0.0169293510651247 -0.013961760211242836 -0.054706505469537738 0.042923708616474598 -0.072662205477537586 0.016456619651675226 0.0037610798205734205 0.036686997554390657 -0.050619300526872961 -0.0045101144811971611 0.011984491492884242 -0.033649063126515187 0.053923056807982636 -0.026860716352659023 0.055831705184295047 -0.0034658601895492035 -0.042347400790950417 0.053395921348767188 -0.052804222812302189 0.037824494679929689 0.047185349012735467 0.036359187893140944 0.03103797983492089 0.014184739411847877 -0.022954229372005221 0.010101057843251653 0 0.036245479849289157 -0.032836676637528595 -0.057849959835399749 -0.062497685981678049 -0.022401740591121384 -0.062454436148186354 -0.059200453804555665 -0.028958519404152474
leaf_weight=13.789254255592825 5.8418981498107367 1.6288617271930008 120.36267390474677 12.846004553139208 1.7480955515056837 3.3948595877736834 9.0527079347521049 4.5632494911551493 8.0531014725565893 15.622185602784155 26.290873408317566 19.643732961267233 30.181372132152319 115.69572913274169 19.017861228436232 14.679793428629635 4.0119952354580155 34.203340888023376 13.43492065370083 25.111680273897949 2.4622337184846392 4.7306214217096558 14.105264931917189 7.1564686410129061 4.794375091791153 14.129079319536684 10.782632503658531 74.683275633491576 2.8197889132425189 2.944754794239997 16.421490415930748 4.4285909608006477 15.169428401626648 35.615064012818038 8.2127472013235074 6.349344343878327 2.0024984860792756 1.8797071380540726
leaf_count=30 52 20 381 34 28 64 56 36 27 57 78 100 126 415 136 36 56 70 28 338 7 57 32 28 21 32 94 896 32 28 37 26 370 884 148 147 49 37
internal_value=0 -0.0271033 0.0125575 0.0263752 -0.0430259 -0.017471 0.00523199 0.00820436 -0.0209092 0.00958835 -0.00118707 -0.0266119 0.014712 0.0132536 0.00550219 0.0209643 0.0213732 0.0316444 0.0384806 -0.0170234 -0.0214601 0.00326415 0.0177638 0.0173691 -0.00307171 0.012361 -0.0231691 -0.0182417 -0.0295312 -0.0379499 0.0496379 -0.0541198 -0.0548448 -0.0560004 -0.0456856 -0.0486492 -0.0308012 -0.0556427
internal_weight=0 230.393 497.469 118.929 89.0653 28.32 16.4596 378.539 17.0449 361.494 91.7382 35.2659 56.4722 269.756 134.714 135.042 13.0647 106.083 78.165 141.328 115.985 25.3432 27.5402 17.7927 10.6363 27.9183 113.522 85.4659 7.55041 28.0564 50.6248 8.99184 60.7453 58.9972 23.3822 11.8604 3.63136 8.22905
internal_count=5093 3412 1681 263 1859 429 176 1418 89 1329 361 157 204 968 551 417 112 229 167 1553 1363 190 60 101 73 62 1356 990 89 366 107 62 1430 1402 518 253 69 184
is_linear=0
shrinkage=0.0472155


Tree=10
num_leaves=33
num_cat=0
split_feature=64 64 61 64 53 61 61 23 53 52 19 40 41 52 56 47 42 46 48 62 45 47 48 53 60 52 49 38 60 41 55 54
split_gain=101.709 14.2636 13.7087 17.8597 11.3957 8.01909 13.663 7.97737 7.74844 7.67837 6.53142 6.32129 9.98721 7.05011 5.35336 5.69185 5.45219 7.22865 10.2994 5.21067 4.92046 4.60422 4.55753 4.19314 1.93274 1.58039 1.23875 2.48388 0.779741 2.15494 0.484808 0.452674
threshold=11.750000000000002 43.45000000000001 -1.0000000180025095e-35 3.0500000000000003 5.5000000000000009 0.10230245944531656 0.085960591133004915 1.0000000180025095e-35 1.5000000000000002 9.5000000000000018 8.5000000000000018 39.850000000000001 1.0500000000000003 85.000000000000014 0.087121212121212113 43.150000000000013 0.06904761904761901 8.5000000000000018 0.25000000000000006 2.5000000000000004 13.500000000000002 39.050000000000004 2.2500000000000004 9.5000000000000018 0.065633600574368761 3.5000000000000004 0.54195804195804198 45.000000000000007 1.0000000180025095e-35 1.7500000000000002 0.45000000000000007 38.050000000000004
decision_type=2 2 2 2 2 2 2 2 2 2 2 2 2 2 2 2 2 2 2 2 2 2 2 2 2 2 2 2 2 2 2 2
left_child=2 14 -1 7 9 6 8 19 -5 28 20 13 -13 -7 16 22 -2 18 -18 -4 -11 -21 23 -16 -24 -6 27 -27 29 -3 -30 -19
right_child=1 4 3 5 25 11 -8 -9 -10 10 -12 12 -14 -15 15 -17 17 31 -20 21 -22 -23 24 -25 -26 26 -28 -29 30 -31 -32 -33
leaf_value=-0.053838126043603135 0.034985521443431609 0.011392071117075348 0.061908621992121382 0.040226217402253309 0.0012123990634062274 0.0064592262126265459 0.05738393725075161 -0.00065452982364842891 -0.021886597251271366 0.04835384162521688 -0.053448272659251748 -0.052714747658062569 0.00075517094760682362 0.029606795659463388 -0.025829452539705113 0.03862507943993896 -0.048386159049817579 -0.069382427214813969 0.034934846902668487 0.037784167420718308 -0.0091847575716015872 0.006064821490831776 -0.031011709850142604 -0.0035613099421315051 -0.061899020832543318 -0.05644373324086812 -0.060597722148366201 -0.023108631233801455 -0.061461293238404414 -0.058255295839044735 -0.029276507367340023 -0.035815388209687882
leaf_weight=6.7594757284969083 7.6956797428429153 1.7791497893631478 15.714801162481306 6.8744463399052647 1.1291065551340569 262.54103591665626 18.90118096023798 14.383670307695864 12.094378858804701 6.4533671922981757 3.2578342575579873 9.2221257612109167 45.303845960646868 32.906176041811705 58.478054655715823 3.2366417050361624 4.8613156266510513 3.1189070008695117 9.4569413298740965 49.754607614129782 6.5003342777490616 12.979474477469919 12.296548447571697 27.977924194186926 7.9523572027683249 14.967280568554999 33.860483378171921 8.1027699597179872 5.853013914078474 1.898936243727803 1.993841854855418 2.3827433586120605
leaf_count=35 28 20 28 18 11 954 34 33 59 32 66 55 221 101 741 16 61 41 54 106 78 37 174 281 128 383 885 151 144 49 40 29
internal_value=0 -0.0263806 0.0120879 0.0130356 -0.0414824 0.00857266 0.0291682 0.0316229 0.000751773 -0.0164135 0.00454168 0.00632873 -0.00841627 0.00905554 -0.0169091 -0.0215644 0.00168718 -0.0114027 0.00635846 0.0375375 0.0196935 0.031267 -0.0234564 -0.0186525 -0.0436003 -0.053362 -0.0544561 -0.0450256 -0.0455722 -0.0254109 -0.0541812 -0.0565113
internal_weight=0 223.253 487.435 480.676 85.7961 387.843 37.87 92.8326 18.9688 27.7365 16.2115 349.973 54.526 295.447 137.457 109.942 27.5156 19.8199 14.3183 78.4489 12.9537 62.7341 106.705 86.456 20.2489 58.0596 56.9305 23.0701 11.5249 3.67809 7.84686 5.50165
internal_count=5093 3412 1681 1646 1859 1442 111 204 77 429 176 1331 276 1055 1553 1340 213 185 115 171 110 143 1324 1022 302 1430 1419 534 253 69 184 70
is_linear=0
shrinkage=0.0472155


Tree=11
num_leaves=39
num_cat=0
split_feature=64 64 64 53 57 57 40 31 23 60 17 59 45 48 52 47 5 54 56 60 58 47 17 60 12 45 61 56 38 58 42 45 38 49 46 60 41 53
split_gain=90.6521 13.2681 10.2151 10.0388 8.76051 8.57626 7.1411 6.92408 11.564 8.43824 8.6476 8.09298 10.5004 7.43514 6.53229 5.91278 5.56408 5.3815 5.32925 5.80312 6.64944 5.24172 4.91524 4.2116 3.95417 3.93051 3.78556 3.69768 3.1703 2.79604 2.07645 1.65201 1.34232 2.37896 0.784725 0.74929 2.00752 0.466315
threshold=11.750000000000002 43.45000000000001 3.2500000000000004 5.5000000000000009 2.2500000000000004 -1.0000000180025095e-35 37.350000000000001 7.5000000000000009 1.5000000000000002 0.03986754966887416 4.5000000000000009 75.000000000000014 10.500000000000002 0.95000000000000007 9.5000000000000018 39.650000000000013 2.5000000000000004 35.250000000000007 0.087121212121212113 0.060075187969924802 -1.4999999999999998 43.150000000000013 6.5000000000000009 0.084797123780174607 1.0000000180025095e-35 11.500000000000002 0.3156487475372925 0.5590277777777779 4.5000000000000009 1.5000000000000002 0.63068181818181823 4.5000000000000009 45.000000000000007 0.54195804195804198 5.5000000000000009 1.0000000180025095e-35 1.6500000000000001 3.5000000000000004
decision_type=2 2 2 2 2 2 2 2 2 2 2 2 2 2 2 2 2 2 2 2 2 2 2 2 2 2 2 2 2 2 2 2 2 2 2 2 2 2
left_child=2 18 4 14 5 6 -1 8 11 25 24 13 -13 -4 35 17 29 -16 19 20 -2 27 -12 -21 -11 -9 -25 30 -29 -7 -20 -5 34 -34 -33 36 -3 -37
right_child=1 3 7 31 -6 16 -8 9 -10 10 22 12 -14 -15 15 -17 -18 -19 21 23 -22 -23 -24 26 -26 -27 -28 28 -30 -31 -32 32 33 -35 -36 37 -38 -39
leaf_value=-0.013863503630827768 0.011853481414135425 0.011288706443051933 0.0016003736518850479 0.0033565211040715534 -0.0074860898601011453 0.034274901304867364 0.029683161029057652 0.012034725335422842 -0.05023070662492668 0.022209892349352143 -0.031334934310136682 -0.028864317464920162 0.0064754333977378158 0.019931529020825553 0.033918336621939757 0.033766085854174593 0.015605808574130268 -0.047096246462692878 -0.025780713966630318 0.048218286914073684 -0.057914128291927172 0.035808227786094979 0.02368011269679373 -0.032494516325301731 0.048470983872808009 -0.038885171934791567 0.03026530686764467 -0.041922182678839355 -0.0089007850436969831 0.059288527515007718 -0.047710748496943671 -0.030182606497122889 -0.021043101135546381 -0.056712993664502324 -0.060216551342876998 -0.059395971294965079 -0.056299543983048296 -0.026763893999395726
leaf_weight=14.688322320580481 6.1890491656959057 1.7786509115248939 95.426313523203135 1.1510007604956616 16.406851895153522 18.117748714983463 19.133567005395889 6.4180143699049932 8.2338319122791273 25.677399169653654 7.589451562613247 29.708024397492409 50.101229034364223 102.18666692823172 2.4371136948466283 7.3559295106679192 15.046200424432753 6.0236960537731647 38.08889589458704 7.0072145070880643 5.7066671196371335 3.3693268150091162 6.6061445623636246 4.1249325079843384 26.677821543067694 6.7856167629361153 4.0940688345581293 7.4620951395481816 44.777751651592553 25.820191755890846 13.499071530066429 2.7267682105302802 7.9451451487839249 9.6128962906077486 34.196855929680169 5.7037863060832024 1.8496061060577629 1.8033768907189367
leaf_count=32 43 19 356 15 49 46 48 27 45 91 39 166 207 356 16 46 37 114 492 31 77 16 23 44 75 33 18 108 511 51 213 59 148 254 954 147 50 37
internal_value=0 -0.0252758 0.0115562 -0.0401634 0.0242197 0.0298353 0.0107785 0.00775978 0.00431669 0.0200473 0.0268815 0.00596863 -0.00670566 0.011092 -0.0163344 0.00318627 0.0406874 -0.0234708 -0.0160772 0.00258633 -0.0219167 -0.0208018 -0.00571123 0.0218032 0.0357206 -0.0142521 -0.00117619 -0.0227022 -0.0137542 0.0491658 -0.0316736 -0.0516087 -0.0527887 -0.0409756 -0.0581689 -0.043739 -0.0240017 -0.0524297
internal_weight=0 216.904 474.623 82.5848 109.213 92.806 33.8219 365.411 285.656 79.7544 66.5508 277.422 79.8093 197.613 26.9522 15.8167 58.9841 8.46081 134.319 27.1219 11.8957 107.197 14.1956 15.2262 52.3552 13.2036 8.219 103.828 52.2398 43.9379 51.588 55.6327 54.4817 17.558 36.9236 11.1354 3.62826 7.50716
internal_count=5093 3412 1681 1859 263 214 80 1418 1130 288 228 1085 373 712 429 176 134 130 1553 213 120 1340 62 93 166 60 62 1324 619 97 705 1430 1415 402 1013 253 69 184
is_linear=0
shrinkage=0.0472155


Tree=12
num_leaves=45
num_cat=0
split_feature=64 64 64 38 61 41 15 61 11 56 53 52 7 48 52 64 31 1 52 45 47 52 61 48 48 54 48 52 61 46 60 59 64 54 26 42 45 38 59 61 54 61 46 46
split_gain=84.1 12.4007 10.9633 9.84502 11.3738 9.0654 7.60291 10.3481 9.08633 7.4276 7.27584 8.33913 6.90874 6.60684 6.56071 6.23143 6.15269 6.0102 5.95682 5.81848 5.76808 6.85542 5.21137 5.19928 5.10105 9.10279 5.09149 4.9429 4.55875 3.93848 3.93319 3.59764 3.37415 2.2741 2.51728 2.22053 2.50379 2.12216 3.26361 1.70355 1.35258 1.06062 0.583156 0.249171
threshold=13.050000000000002 7.0500000000000007 36.050000000000004 5.5000000000000009 0.30915071770334934 0.45000000000000007 9.5000000000000018 0.27547643501084113 1.5000000000000002 0.087121212121212113 5.5000000000000009 1.5000000000000002 56.500000000000007 2.2500000000000004 45.000000000000007 3.2500000000000004 7.5000000000000009 3.5000000000000004 3.5000000000000004 55.000000000000007 39.650000000000013 10.500000000000002 0.24278779472954229 0.8500000000000002 1.1500000000000001 36.050000000000004 1.5500000000000003 19.000000000000004 0.32209077465589814 7.5000000000000009 0.061981203265418054 -349.99999999999994 8.8500000000000032 36.850000000000001 1.0000000180025095e-35 0.092329545454545456 11.500000000000002 75.000000000000014 485.00000000000006 0.16300322061191622 34.750000000000007 0.27963963963963967 8.5000000000000018 10.500000000000002
decision_type=2 2 2 2 2 2 2 2 2 2 2 2 2 2 2 2 2 2 2 2 2 2 2 2 2 2 2 2 2 2 2 2 2 2 2 2 2 2 2 2 2 2 2 2
left_child=1 3 9 4 5 18 14 8 17 27 20 -12 15 -7 24 19 -17 -8 -1 -5 31 43 -14 -6 25 -3 -26 29 -9 39 -16 -4 -32 34 40 -35 -37 42 -39 -2 -11 -33 -13 -22
right_child=2 6 10 12 23 13 7 28 -10 33 11 37 22 -15 30 16 -18 -19 -20 -21 21 -23 -24 -25 26 -27 -28 -29 -30 -31 32 41 -34 35 -36 36 -38 38 -40 -41 -42 -43 -44 -45
leaf_value=0.039406412195476845 0.029505108427414935 0.018371791212529007 0.016477994470700735 0.039932592810997515 0.052210684201836492 -0.038580060012182019 0.038705942910232147 -0.056780796520395256 -0.029163959506584687 -0.022990109444634602 0.070312467720392208 -0.043875633596395971 -0.030723423885276484 0.0070498104883181889 -0.061886765046972443 0.013032897399872257 0.037805089797060189 0.00054068243413963289 -0.0091014727711049206 0.0068243427463393538 -0.025194839756570497 0.031458425231054174 0.017625655562455354 0.0059736750127415113 0.032862601933414504 -0.043980500379372803 -0.0052847997036884822 0.036086365050855947 0.0018421851830089638 -0.049656201876041951 0.010677548484324135 -0.046430220882838297 -0.043614854708490393 -0.05535324536794195 -0.00062315375751917867 -0.028106831866349376 -0.0087171712203828397 -0.043183720781110546 0.016733660442427991 -0.0099061963444687356 -0.059019161176494167 -0.01267863095334122 -0.059387510591237154 -0.058521514372380602
leaf_weight=10.141194663941862 4.0292562060058135 8.0809768699109572 2.6132037714123753 59.802001401782036 11.022587142884733 24.515129443258047 31.62368405610323 6.1039769873023015 7.1410395875573149 3.7573799546807995 1.1599610708653916 10.387951386626808 9.9843500256538409 9.8159929439425451 7.610623266547921 142.83907503820956 26.482031047344208 12.998297795653341 12.31077318638563 14.904587065801023 1.3213841244578346 7.9178517907857895 9.55372606217861 10.677688226103781 11.607555154711006 14.115293733775614 22.901711983606219 8.7088862992823106 5.530434750020504 3.6779020875692359 4.9838147461414319 15.384392992593353 4.909052561968565 3.2667146511375895 3.1400146000087252 23.975430591031909 39.568642142228782 14.338324820622804 2.2434518672525874 5.6647404199466109 8.2416210006922466 2.6443583872169247 32.091285696253181 2.0259304847568274
leaf_count=26 23 35 23 145 26 103 116 47 54 52 3 257 36 34 52 460 68 57 51 40 25 46 30 39 51 112 150 37 29 50 21 334 38 48 37 319 459 325 30 46 136 43 934 46
internal_value=0 0.0106515 -0.0260317 0.0154648 0.000774064 -0.0103336 -0.00131273 0.0106735 0.0197265 -0.0154766 -0.0378917 -0.0475541 0.0198335 -0.0255452 -0.0115624 0.0219963 0.0169462 0.0276485 0.0129155 0.0333673 -0.0194748 0.00758637 -0.00710232 0.029719 -0.00370813 -0.0212849 0.00762893 0.00875356 -0.0292453 -0.00923636 -0.0366822 -0.0342138 -0.0164892 -0.0220178 -0.03856 -0.0181688 -0.0161002 -0.0500809 -0.0349484 0.00664215 -0.0482829 -0.0416848 -0.055805 -0.047455
internal_weight=0 479.656 196.159 342.049 78.4834 56.7831 137.606 63.3974 51.763 104.031 92.1281 60.221 263.566 34.3311 74.209 244.028 169.321 44.622 22.452 74.7066 31.9071 11.2652 19.5381 21.7003 56.7055 22.1963 34.5093 22.0808 11.6344 13.3719 17.5035 20.642 9.89287 81.9498 15.139 66.8108 63.5441 59.061 16.5818 9.694 11.999 18.0288 42.4792 3.34731
internal_count=5093 1820 3273 1058 279 214 762 303 227 1207 2066 1549 779 137 459 713 528 173 77 185 517 117 66 65 348 147 201 156 76 119 111 400 59 1051 225 826 778 1546 355 69 188 377 1191 71
is_linear=0
shrinkage=0.0472155


Tree=13
num_leaves=33
num_cat=0
split_feature=64 64 61 64 61 55 60 62 64 65 56 56 62 61 55 60 61 63 64 4 38 39 60 14 56 47 46 61 52 13 41 4
split_gain=78.0403 11.6938 8.84064 14.0538 11.984 6.45484 6.36252 5.66093 12.5107 5.78231 5.40069 5.30276 6.67312 4.92727 4.66567 3.87707 5.33941 3.76606 3.6042 3.78597 3.41512 4.74326 3.29792 2.54131 2.47091 2.3734 2.12173 1.86981 1.57894 2.40261 1.44644 0.661702
threshold=11.750000000000002 36.050000000000004 1.0000000180025095e-35 2.8500000000000001 0.10056179775280898 0.8500000000000002 -1.0000000180025095e-35 7.5000000000000009 5.0500000000000007 1.5000000000000002 0.087121212121212113 0.37980769230769235 5.5000000000000009 0.085960591133004915 6.6000000000000005 0.060075187969924802 0.10551619433198377 6.5000000000000009 1.9500000000000002 1.0000000180025095e-35 65.000000000000014 5.5000000000000009 0.084797123780174607 1.0000000180025095e-35 0.93933823529411764 41.650000000000013 12.500000000000002 0.067231638418079068 7.5000000000000009 1.5000000000000002 1.5500000000000003 1.0000000180025095e-35
decision_type=2 2 2 2 2 2 2 2 2 2 2 2 2 2 2 2 2 2 2 2 2 2 2 2 2 2 2 2 2 2 2 2
left_child=2 10 6 18 13 11 -1 9 -9 -6 15 25 17 -5 24 16 -2 -13 -4 -20 28 -22 -17 -21 26 30 -12 -23 29 -7 -3 -18
right_child=1 5 3 4 7 20 -8 8 -10 -11 14 12 -14 -15 -16 22 31 -19 19 23 21 27 -24 -25 -26 -27 -28 -29 -30 -31 -32 -33
leaf_value=-0.061689946560566568 0.018737524849310728 -0.02248181732448418 0.049028854850749912 0.012812719906356587 -0.011262467482230788 -0.052154330485529823 0.0025095657938390857 0.04352516582104924 -0.0026372389886010041 0.0066995924476042816 -0.019502605517654283 -0.010576624368002068 -0.057789645391773344 0.055682782938927256 0.042822944382097293 0.0454761065604639 -0.027343197462577549 0.044548349882980946 0.0077408485640231457 0.049829367323994629 0.018386734193824156 -0.0072841379843159391 0.00035651584188314237 0.020051365820541331 0.01173702407400122 0.021319442966755843 -0.039505990839895359 -0.048646779470585988 -0.057242884761496846 0.005500355928612327 -0.055731542031756537 -0.064715444710326253
leaf_weight=6.0205334946513176 4.8122141622006911 5.1247110445983735 20.309015817940235 9.7642117291688937 47.470799945294857 4.0636557610705486 7.6708243116736394 26.23685884475708 25.85779738985002 247.02525216154754 72.075996015220881 4.862492894753812 2.9786974079906932 15.978301309049128 2.4543029740452758 6.5273810904473049 2.4210537895560265 6.0148501018993556 17.773612029850483 13.992284163832666 3.7451206445693996 3.1871035620570174 7.9003002122044563 12.52068594843149 4.7163849212229243 1.2672620266675938 14.393733529374002 11.886935086920856 35.195877029560506 2.5193629004061222 8.3193693654611689 2.8259976394474506
leaf_count=35 30 94 49 45 151 100 35 63 127 1035 902 67 60 32 12 27 28 42 44 32 37 55 55 33 43 14 210 296 1059 40 202 39
internal_value=0 -0.023964 0.0110289 0.0122037 0.00866536 -0.0368668 -0.0260968 0.0063438 0.0206674 0.00379706 -0.014179 -0.0181695 0.00277402 0.0396434 -0.0193357 0.00551166 -0.0167819 0.0200701 0.0325102 0.0247572 -0.0455928 -0.028387 0.0211143 0.0360148 -0.0210946 -0.0377396 -0.0229129 -0.0401279 -0.0531769 -0.0304229 -0.0435565 -0.0490301
internal_weight=0 207.293 450.62 436.929 372.333 89.1654 13.6914 346.591 52.0947 294.496 118.127 28.5674 13.856 25.7425 93.6404 24.4869 10.0593 10.8773 64.5956 44.2866 60.5981 18.8192 14.4277 26.513 91.1861 14.7113 86.4697 15.074 41.7789 6.58302 13.4441 5.24705
internal_count=5093 3412 1681 1611 1453 2066 70 1376 190 1186 1346 479 169 77 1167 179 97 109 158 109 1587 388 82 65 1155 310 1112 351 1199 140 296 67
is_linear=0
shrinkage=0.0472155


Tree=14
num_leaves=35
num_cat=0
split_feature=64 64 64 45 12 57 45 55 49 31 23 55 54 49 10 39 41 39 48 64 48 26 59 60 45 64 2 64 45 42 39 27 59 1
split_gain=67.2414 9.76287 9.60644 7.57949 6.47036 10.909 6.15374 6.01884 6.78874 5.49186 8.90772 7.37812 9.49435 7.6396 6.47457 5.87733 5.06956 5.06635 6.00721 4.64844 4.33853 10.3042 3.88862 3.63192 3.3848 3.50509 3.31086 2.91321 3.91812 2.16036 1.95949 1.8694 0.181479 0.65506
threshold=13.050000000000002 3.5500000000000003 124.05000000000001 65.000000000000014 1.0000000180025095e-35 -0.74999999999999989 19.000000000000004 0.8500000000000002 0.29285714285714287 7.5000000000000009 1.5000000000000002 1.1500000000000001 41.250000000000007 0.5590277777777779 1.0000000180025095e-35 10.500000000000002 1.3500000000000003 5.5000000000000009 0.45000000000000007 2.3500000000000001 0.95000000000000007 1.0000000180025095e-35 150.00000000000003 0.16532179345350428 115.00000000000001 79.15000000000002 7.5000000000000009 18.550000000000004 95.000000000000014 0.42261904761904762 9.5000000000000018 2.5000000000000004 -74.999999999999986 1.5000000000000002
decision_type=2 2 2 2 2 2 2 2 2 2 2 2 2 2 2 2 2 2 2 2 2 2 2 2 2 2 2 2 2 2 2 2 2 2
left_child=1 3 7 4 5 -1 19 8 20 10 11 13 -13 -3 15 16 -11 18 -9 -6 21 -2 -20 26 25 -10 32 28 -19 -7 -22 -29 33 -4
right_child=2 9 23 -5 6 29 -8 17 24 14 -12 12 -14 -15 -16 -17 -18 27 22 -21 30 -23 -24 -25 -26 -27 -28 31 -30 -31 -32 -33 -34 -35
leaf_value=0.0016675620661929841 -0.041642129993721674 0.016643445255427002 -0.055091963847273391 -0.012912218756374058 0.047338470040884005 0.052454464665059049 -0.017226720393098298 0.040963475748036049 -0.033634440023034617 0.021948432404386858 -0.049442807069385107 -0.010702536793155059 0.039161180414088684 -0.005826061367621295 -0.023586743937101865 0.051401714435935698 -0.013985847977580016 -0.028212895123186379 -0.0059540445196092813 0.0063829721832331507 0.041326523736075899 0.038682818727156641 -0.041939597467410036 0.032919735125642356 0.021925707866454404 0.013874672380363211 0.0076826664496064739 -0.032871922363764038 0.031720189841045923 0.028864505460739324 0.005143907388387943 -0.052987019917600159 -0.059730430764828195 -0.017936151018065713
leaf_weight=16.407174341380596 8.612687040120365 116.34503914043307 4.1408368991687992 12.502025838941334 10.427021458745005 35.099340859800577 12.151964321732519 4.0481486655771723 25.910453281365339 45.299239367246628 6.9762950055301181 91.591414542868733 9.2073582559823972 47.321970608085394 7.7322199232876292 11.992349194362758 10.687198571860788 11.425275222398339 18.195334712974731 15.065730661153792 8.5990375140681845 5.8112205844372502 10.53044186811894 1.038404868915676 3.3158232038840643 3.8728538528084746 1.8519886359572399 30.286992518231273 2.9117906149476758 12.7039203569293 5.5452436041086903 17.366110003553331 19.964474504813552 1.7821649815887211
leaf_count=44 135 457 115 41 25 80 39 26 418 168 51 442 36 216 42 34 56 144 249 48 58 44 218 10 38 48 24 610 16 41 50 397 628 45
internal_value=0 0.00964475 -0.0240195 0.0216019 0.0258595 0.0349611 0.0102278 -0.01936 -0.00783328 0.00569514 0.00255135 0.00395714 -0.00608139 0.0101435 0.0169259 0.0215923 0.0150552 -0.0268258 -0.0116958 0.0233683 0.00898644 -0.00916008 -0.0193423 -0.0490554 -0.0223409 -0.0273901 -0.0523345 -0.0347591 -0.0157604 0.046327 0.0274226 -0.040383 -0.0566757 -0.044854
internal_weight=0 461.51 185.209 114.357 101.855 64.2104 37.6447 156.431 61.6673 347.153 271.442 264.466 100.799 163.667 75.711 67.9788 55.9864 94.7641 32.7739 25.4928 28.5682 14.4239 28.7258 28.7779 33.0991 29.7833 27.7395 61.9902 14.3371 47.8033 14.1443 47.6531 25.8875 5.923
internal_count=5093 1820 3273 318 277 165 112 2451 791 1502 1202 1151 478 673 300 258 224 1660 493 73 287 179 467 822 504 466 812 1167 160 121 108 1007 788 160
is_linear=0
shrinkage=0.0472155


Tree=15
num_leaves=37
num_cat=0
split_feature=64 64 55 64 57 59 42 62 39 31 64 65 41 57 2 65 62 63 59 49 42 49 31 64 58 39 48 19 2 56 61 40 59 14 60 41
split_gain=62.3152 9.61103 8.05155 8.94372 7.07272 6.35066 9.64625 5.64974 11.0222 12.0021 5.7542 5.47987 10.1366 5.46312 5.52352 5.19105 5.05102 4.60183 5.64009 4.53829 5.72981 4.07086 3.70216 3.50064 3.05129 3.15227 2.81539 2.42284 2.17624 1.82816 1.15381 1.14297 0.360999 1.01835 0.340137 0.228042
threshold=13.050000000000002 3.2500000000000004 1.0500000000000003 60.350000000000001 2.2500000000000004 350.00000000000006 0.86190476190476206 7.5000000000000009 5.5000000000000009 9.5000000000000018 5.6500000000000012 1.5000000000000002 0.65000000000000002 -1.0000000180025095e-35 1.0000000180025095e-35 12.500000000000002 7.5000000000000009 14.500000000000002 -1.0000000180025095e-35 0.40588235294117653 0.68990384615384626 0.91987179487179505 1.5000000000000002 19.450000000000003 2.5000000000000004 1.5000000000000002 1.5500000000000003 7.5000000000000009 8.5000000000000018 0.54195804195804198 0.11566332218506127 40.750000000000007 -74.999999999999986 1.5000000000000002 0.099751243781094526 1.2500000000000002
decision_type=2 2 2 2 2 2 2 2 2 2 2 2 2 2 2 2 2 2 2 2 2 2 2 2 2 2 2 2 2 2 2 2 2 2 2 2
left_child=1 4 16 15 13 7 27 11 10 -10 -9 12 -3 14 -1 17 19 23 -19 20 22 -13 -2 -4 25 -21 29 -7 32 -15 -26 34 33 -5 -18 -22
right_child=2 5 3 28 -6 6 -8 8 9 -11 -12 21 -14 26 -16 -17 31 18 -20 24 35 -23 -24 -25 30 -27 -28 -29 -30 -31 -32 -33 -34 -35 -36 -37
leaf_value=-0.010985706456642687 0.023392214408831317 -0.051270513949087528 -0.013049078449867626 -0.051613178356660502 -0.0078945335270742146 -0.027137529030059195 0.033705025069148888 0.056818661452047697 -0.029123473915284422 0.048428643629721241 0.016068918651956837 0.0051005432720638046 0.0065560847290126413 0.035909759855835242 0.030566811202192269 0.034931099980757628 -0.0587389786755175 0.052422745829393221 -0.036844336062819789 0.030433724610385699 -0.022777241807324287 0.026975845096914718 -0.0085100189475888263 -0.038150035591848958 -0.018082871879740392 -0.018058942923906366 0.016570939803017104 -0.07152757089938809 0.0012364159667905337 0.058436093673591066 -0.052425933267742884 -0.0063012949254616108 -0.056952480556272972 -0.010613331762841079 -0.028392060393776807 -0.051620987863802217
leaf_weight=12.855534747242929 19.391291417181492 10.544735316187145 19.660168415866792 5.8387838625349096 13.976786149665712 7.8193979822099227 4.8060006648302069 17.604966856539253 14.330732244998218 6.2410014048218718 14.087157642468808 244.29572673514485 18.15148863196373 25.153027359396219 15.604388840496538 3.2592292185872784 5.7831965228542668 3.4434831514954567 2.6287017138674846 3.3535653706640032 1.3798442222177971 20.42618727684021 13.688239628449081 34.991666780784726 3.5923829656094295 19.458721275441349 11.164497271180151 4.4755646511912346 1.6474007843062271 13.325958237051962 7.0426194826141 1.4923287909477947 26.524122063070536 1.9338985253125427 1.6787615045905111 3.352060922421515
leaf_count=39 167 45 223 177 49 54 16 37 81 18 61 1075 58 70 41 31 122 19 52 33 22 79 174 651 61 301 36 33 26 28 145 22 884 48 28 87
internal_value=0 0.00930822 -0.0234899 -0.0324316 0.0229199 0.00584219 -0.0220948 0.0072366 0.0215169 -0.00535464 0.0389134 0.00467946 -0.0148525 0.0284478 0.0118223 -0.0217289 -0.0122961 -0.0248723 0.0137252 -0.00802703 0.00316677 0.00680761 0.0101964 -0.0292026 -0.0206512 -0.0107246 0.0378909 -0.0441253 -0.0512678 0.0439571 -0.0413657 -0.0453937 -0.053802 -0.0419519 -0.0528036 -0.0444544
internal_weight=0 454.863 180.14 99.9275 92.0802 362.783 17.101 345.682 52.2639 20.5717 31.6921 293.418 28.6962 78.1034 28.4599 63.9832 80.213 60.724 6.07218 71.2587 37.8114 264.722 33.0795 54.6518 33.4473 22.8123 49.6435 12.295 35.9442 38.479 10.635 8.95429 34.2968 7.77268 7.46196 4.73191
internal_count=5093 1820 3273 2111 263 1557 103 1454 197 99 98 1257 103 214 80 976 1162 945 71 990 450 1154 341 874 540 334 134 87 1135 98 206 172 1109 225 150 109
is_linear=0
shrinkage=0.0472155


Tree=16
num_leaves=43
num_cat=0
split_feature=64 64 55 64 26 55 56 41 49 45 38 59 12 42 61 64 40 57 8 63 62 52 56 47 56 3 54 54 45 45 48 42 38 49 46 56 63 53 54 59 6 52
split_gain=54.3705 8.39627 7.33343 7.24841 7.27846 8.67653 9.40539 8.39221 8.03274 6.90127 6.81471 6.06431 5.98984 8.94018 10.347 7.15341 5.04639 4.86924 7.07169 6.3238 7.1416 4.51684 4.35354 5.96259 4.11957 4.08838 3.52656 5.30748 4.22068 3.51614 4.05082 3.21522 3.19221 3.83732 2.87836 2.62572 2.45733 2.42917 1.32787 0.789889 0.544973 1.06524
threshold=11.750000000000002 43.45000000000001 0.8500000000000002 7.0500000000000007 1.0000000180025095e-35 0.25000000000000006 0.46862745098039221 1.2500000000000002 0.31009615384615391 9.5000000000000018 45.000000000000007 -134.99999999999997 1.0000000180025095e-35 0.39444444444444454 0.3686367558239862 3.2500000000000004 36.150000000000013 1.2500000000000002 1.0000000180025095e-35 5.5000000000000009 7.5000000000000009 55.000000000000007 0.087121212121212113 43.150000000000013 0.36931818181818182 13.500000000000002 38.850000000000001 35.550000000000004 85.000000000000014 13.500000000000002 1.9500000000000002 0.62019230769230782 65.000000000000014 0.19375000000000003 4.5000000000000009 0.5590277777777779 5.5000000000000009 9.5000000000000018 38.250000000000007 -1.0000000180025095e-35 5.5000000000000009 11.500000000000002
decision_type=2 2 2 2 2 2 2 2 2 2 2 2 2 2 2 2 2 2 2 2 2 2 2 2 2 2 2 2 2 2 2 2 2 2 2 2 2 2 2 2 2 2
left_child=3 22 11 12 5 8 10 31 34 -8 -7 -3 13 16 15 -15 -1 19 21 24 -21 -19 26 35 -14 -18 27 28 -2 30 -13 -6 40 -34 -5 36 -24 -37 -35 -31 -4 -42
right_child=1 2 32 4 7 6 9 -9 -10 -11 -12 29 17 14 -16 -17 25 18 -20 20 -22 -23 23 -25 -26 -27 -28 -29 -30 39 -32 -33 33 38 -36 37 -38 -39 -40 -41 41 -43
leaf_value=-0.0043184129715669621 -0.021122020869671885 0.033862828724858109 -0.055013974507129929 0.015181272594989725 0.019219381826312023 -0.052469295791178462 0.029484387938417535 -0.021740916518616617 -0.023131962336123846 -0.014802569089272499 -0.0033857245005634441 -0.029607788289809516 0.0115682560405958 0.023550074513453326 0.049082515320322886 -0.011354483216531829 0.026147935632629002 -0.030600375123449788 0.030086068860779285 -0.0079045701652120468 0.028733265789451755 0.012229125470610039 -0.044507731826130041 0.041367784788376501 0.042860559750271664 0.052148298053932222 -0.034164283277307785 0.043581587120337793 0.03797927465887016 -0.024423221434435042 0.030541357890865303 0.056779535426917008 0.020966722073999081 -0.018660447757223995 0.054638284739605365 -0.021500007209020115 -0.020745007940979183 0.00023416577858697535 -0.051891043507747044 -0.058630036893565891 0.0058835129009364067 -0.053429169278349023
leaf_weight=10.060298930853603 10.066391516476875 4.8767391256988075 29.627208774909377 8.7535396888852173 12.770040255039936 19.388425549492244 11.499401431530712 7.8739348202943793 7.7421406358480445 23.731977401301265 9.3855510354042035 6.1232916098088044 20.716598838567734 18.232834547758102 10.447457130998371 45.115114197134972 79.661067854613066 21.775819409638647 7.8634797856211653 45.859733387827873 15.799764823168514 7.1870163660496464 14.35591442324221 3.4668659195303908 17.358978480100632 16.486137852072716 4.2888205368071786 7.4345034752041093 3.4791837744414797 2.7332634814083576 3.9583419943228364 8.6889777481555921 2.9687485843896857 5.0565542085096222 8.0543688684701902 26.825310099869967 32.024465968832374 19.815623318776488 6.5901577351614833 5.2251950595527878 1.1090504527091973 1.3737360136583445
leaf_count=34 112 37 1027 37 54 151 47 55 44 144 49 146 68 55 27 190 234 99 21 173 49 25 243 16 43 40 43 36 22 53 40 20 33 129 22 388 462 231 187 128 28 51
internal_value=0 -0.0209556 -0.0340261 0.00923675 -0.000751528 -0.00751122 -0.0166588 0.0195574 0.0162607 -0.000254891 -0.0365987 -0.0119877 0.0129568 0.0186121 0.00595697 -0.00126085 0.0273748 0.00548346 -0.00914918 0.0108995 0.0015279 -0.0199406 -0.0134361 -0.0179995 0.0259824 0.0306995 0.00396754 0.0120113 -0.00560384 -0.0246242 -0.00581025 0.0347941 -0.0447361 -0.0258789 0.0344955 -0.0202926 -0.0282538 -0.012286 -0.0380082 -0.04774 -0.0531124 -0.0280486
internal_weight=0 191.399 69.6423 434.453 117.888 88.5554 64.0054 29.333 24.55 35.2314 28.774 22.9168 316.564 180.003 73.7954 63.3479 106.208 136.561 36.8263 99.7351 61.6595 28.9628 121.757 96.4882 38.0756 96.1472 25.2689 20.9801 13.5456 18.0401 10.0816 21.459 46.7255 14.6155 16.8079 93.0213 46.3804 46.6409 11.6467 7.95846 32.11 2.48279
internal_count=5093 3412 1859 1681 623 494 391 129 103 191 200 404 1058 580 272 245 308 478 145 333 222 124 1553 1340 111 274 213 170 134 367 186 74 1455 349 59 1324 705 619 316 181 1106 79
is_linear=0
shrinkage=0.0472155


Tree=17
num_leaves=43
num_cat=0
split_feature=64 64 64 65 38 56 15 56 2 61 62 38 42 58 64 14 41 60 61 63 2 56 58 55 62 64 49 45 28 60 63 15 39 7 49 38 39 40 41 54 39 46
split_gain=52.2618 7.02791 6.12903 7.71991 8.17295 8.52839 8.15622 7.12202 7.05388 6.63143 8.68867 7.87347 7.43775 6.95548 6.51825 6.71089 6.28306 6.15257 8.52403 6.78887 5.97821 5.32463 5.03845 4.8776 4.63952 4.26664 4.23426 5.10755 4.11311 3.37334 3.3353 3.57779 3.30067 3.10331 3.07413 2.71989 3.2698 1.62294 1.57056 0.99988 0.148078 0.126818
threshold=11.950000000000001 124.05000000000001 7.0500000000000007 4.5000000000000009 8.5000000000000018 0.10555555555555557 9.5000000000000018 0.2817460317460318 1.0000000180025095e-35 0.30315449577744663 7.5000000000000009 5.5000000000000009 0.20714285714285713 5.5000000000000009 8.6500000000000004 1.0000000180025095e-35 0.95000000000000007 0.11746550472040666 0.32510162601626019 7.5000000000000009 7.5000000000000009 0.62019230769230782 -1.4999999999999998 0.8500000000000002 7.5000000000000009 34.850000000000001 0.29285714285714287 115.00000000000001 1.0000000180025095e-35 0.18237250554323722 14.500000000000002 15.500000000000002 3.5000000000000004 15.500000000000002 0.91287878787878796 65.000000000000014 5.5000000000000009 37.350000000000001 6.1500000000000012 38.550000000000004 7.5000000000000009 3.5000000000000004
decision_type=2 2 2 2 2 2 2 2 2 2 2 2 2 2 2 2 2 2 2 2 2 2 2 2 2 2 2 2 2 2 2 2 2 2 2 2 2 2 2 2 2 2
left_child=2 23 9 4 5 -4 14 -8 22 10 11 12 -1 -13 -5 -16 -12 33 -19 -20 29 -7 -6 24 26 30 28 -28 -2 41 34 -32 -9 -11 -25 38 -37 -10 -27 40 -26 -3
right_child=1 20 3 6 8 21 7 32 37 17 16 13 -14 -15 15 -17 -18 18 19 -21 -22 -23 -24 25 39 35 27 -29 -30 -31 31 -33 -34 -35 -36 36 -38 -39 -40 -41 -42 -43
leaf_value=0.0095630631958499475 0.019854941303014836 -0.033492923414618257 0.057643027983292745 0.025157574625300806 0.01530064941328547 -0.03553365088582755 -0.012039052683344544 0.05717707820304737 -0.025791157910166927 0.02273837936045249 0.045042352783177003 0.0025214705914668361 -0.032171023139076188 0.025431085640573406 -0.036455089113375173 0.019625219560657055 0.0049758906960009975 -0.034506149016109627 0.038751186247425955 0.0035269245978197818 0.027118093272368953 0.024289403406185808 -0.041509398424080086 -0.02460281091150605 -0.063657774851095028 -0.04958646545620362 -0.02196577095793905 0.033203432833124075 -0.029212215782802666 0.034178197377506353 -0.018305429029272673 0.049895052547924978 0.02311711171902504 0.053239692480611771 0.0061632343819960087 0.019869230812341189 -0.034110552860600794 -0.062102624764378563 0.0044471333507658875 -0.0083036161231262225 -0.038362711145482065 -0.055587526296071089
leaf_weight=16.224399991333485 21.872611377388242 1.7520128786563969 5.6138827074319151 9.8659486062824708 9.0655655823647958 7.842369541525839 8.22223052382469 11.340661793947222 4.2509662732481948 13.493568629026415 22.053060065954924 101.76635347306728 22.579802714288235 41.524866703897715 16.375607255846266 6.5295598208904257 14.506449617445467 6.8471294157207003 24.274961017072201 24.5067153647542 2.310275772586464 5.4874659925699234 5.406913015991452 48.161933328956366 2.6770378053188315 21.427768923342231 26.57184535171837 4.1819227188825598 4.4336135629564515 0.88358905166387458 3.3493231981992713 3.1813763529062271 15.288789618760346 17.976997002959251 8.4051597621291858 3.4246597010642281 8.149221193045376 10.796164877712725 1.217415615916251 1.5245612151920793 2.4708107989281416 20.993510400876403
leaf_count=58 191 48 18 45 48 58 46 28 28 45 54 361 116 137 120 39 52 31 71 95 24 28 43 654 52 680 412 37 68 7 44 14 65 38 88 32 200 82 22 21 50 743
internal_value=0 -0.0207662 0.00920982 -2.17127e-05 -0.014381 0.00974657 0.0102702 0.0261177 -0.0298524 0.0127149 0.0083101 0.00407606 -0.0147404 0.00918796 -0.00661309 -0.0204127 0.0292615 0.0237265 0.0141963 0.0211445 -0.0435401 -0.0108629 -0.00612184 -0.0170509 -0.00685663 -0.0236961 -0.00242993 -0.0142974 0.0114224 -0.0506243 -0.0163221 0.0152566 0.037925 0.0403803 -0.0200151 -0.0371223 -0.0180251 -0.0523013 -0.0466414 -0.0435878 -0.0532992 -0.0541827
internal_weight=0 186.989 421.84 116.086 48.4633 18.9437 67.6228 34.8517 29.5196 305.754 218.655 182.095 38.8042 143.291 32.7711 22.9052 36.5595 87.0994 55.6288 48.7817 25.9394 13.3298 14.4725 161.049 63.7324 97.3169 57.06 30.7538 26.3062 23.6291 63.0978 6.5307 26.6295 31.4706 56.5671 34.2191 11.5739 15.0471 22.6452 6.67241 5.14785 22.7455
internal_count=5093 3387 1706 648 305 104 343 139 201 1058 778 672 174 498 204 159 106 280 197 166 822 86 91 2565 831 1734 708 449 259 798 800 58 93 83 742 934 232 110 702 123 102 791
is_linear=0
shrinkage=0.0472155


Tree=18
num_leaves=33
num_cat=0
split_feature=64 60 64 49 64 58 59 59 59 38 42 60 4 42 5 60 41 56 46 45 65 58 63 27 49 30 40 41 56 47 2 15
split_gain=49.551 10.1105 11.0699 8.85039 6.88421 7.575 6.52306 5.3193 5.12035 10.7971 7.1547 4.71029 3.86465 3.85482 3.17304 2.79387 2.52564 4.08558 2.10745 3.78179 5.56119 2.40241 1.87183 1.63937 1.5256 0.941928 0.878213 0.692242 1.24109 0.409193 0.0406694 0.029528
threshold=20.150000000000002 -1.0000000180025095e-35 1.9500000000000002 0.30384615384615393 7.0500000000000007 -8.4999999999999982 -1.0000000180025095e-35 -25.499999999999996 75.000000000000014 7.5000000000000009 0.087121212121212113 0.022347066167290854 1.0000000180025095e-35 0.46770833333333339 1.5000000000000002 0.14346246973365617 1.8500000000000003 0.37980769230769235 8.5000000000000018 9.5000000000000018 12.500000000000002 -8.4999999999999982 4.5000000000000009 4.5000000000000009 0.71008403361344552 1.5000000000000002 37.650000000000013 1.1500000000000001 0.19375000000000003 38.650000000000013 1.0000000180025095e-35 19.500000000000004
decision_type=2 2 2 2 2 2 2 2 2 2 2 2 2 2 2 2 2 2 2 2 2 2 2 2 2 2 2 2 2 2 2 2
left_child=1 -1 -3 6 8 22 11 -7 10 -10 -4 30 13 14 -8 18 23 -18 21 20 -20 -5 -6 -13 -23 -21 -15 28 -14 -17 -2 -29
right_child=3 2 4 15 5 7 12 -9 9 -11 -12 16 27 26 -16 29 17 -19 19 25 -22 24 -24 -25 -26 -27 -28 31 -30 -31 -32 -33
leaf_value=-0.05316316086623922 -0.026643663383986358 0.045147269789405552 0.037125997512111195 0.013250084869791021 -0.015084969848161279 0.01088146383465482 -0.0068983376224063114 -0.0064852162426039502 -0.025933411058425383 0.01199722524773731 0.011292033849543671 0.019840196026013758 0.0034056890934510953 -0.0080452549125661563 0.054850172216346076 -0.011582219385804995 -0.048491223887579156 0.034808297182376095 -0.041638985880535571 -0.051339671567837156 0.037304148405740638 -0.022484686567419563 -0.063767661692070529 0.061175286753036233 -0.045776976538786311 -0.023776816713189784 -0.055829362999361865 -0.059247576440335396 -0.051647714595174185 0.018035583966388838 -0.049617422982500457 -0.036616631268077751
leaf_weight=5.9744514375925055 1.404884080402556 16.859355546534061 27.635612029582262 2.8714527171105173 2.9819668643176547 69.10102504119277 6.3039063848555106 90.724500767886639 23.624512232840061 56.13916302844882 174.21730744838715 4.7821208108216506 1.6307018660008892 1.3034029398113478 2.4279418345540762 1.7959650820121162 2.1541165877133599 2.8313164282590151 5.4183555571362358 37.469377810135484 2.918108144775033 17.965196136385206 4.8473246302455664 4.2225487381219864 10.338332048617302 3.5621861210092893 3.0547563089057803 5.1093341736122966 1.7866276716813443 2.0141819342970848 1.3508004443719981 1.5161161329597233
leaf_count=51 27 49 74 44 28 418 102 763 115 200 591 47 32 22 12 33 53 21 129 1115 31 355 66 18 245 90 82 135 50 25 32 38
internal_value=0 0.00698329 0.00777525 -0.0265104 0.00635435 -0.00121679 -0.00811351 0.00102297 0.0108619 0.000722602 0.0148613 0.0142208 -0.0242944 -0.00714499 0.0109391 -0.0351652 0.025395 -0.00148261 -0.0370314 -0.0431882 -0.0137308 -0.0270744 -0.0460419 0.0400908 -0.0312444 -0.0490736 -0.0425436 -0.0460787 -0.0263112 0.00401704 -0.0404167 -0.0552398
internal_weight=0 472.105 466.131 124.232 449.271 167.655 39.8786 159.826 281.617 79.7637 201.853 16.7458 23.1328 13.09 8.73185 84.3532 13.9901 4.98543 80.543 49.368 8.33646 31.175 7.82929 9.00467 28.3035 41.0316 4.35816 10.0428 3.41733 3.81015 2.75568 6.62545
internal_count=5093 2355 2304 2738 2255 1275 671 1181 980 315 665 198 473 218 114 2067 139 74 2009 1365 160 644 94 65 600 1205 104 255 82 58 59 173
is_linear=0
shrinkage=0.0472155


Tree=19
num_leaves=40
num_cat=0
split_feature=64 49 64 59 7 45 45 27 60 61 53 49 27 49 57 2 42 60 6 19 27 38 53 61 55 46 45 65 58 60 18 49 7 49 56 64 30 23 2
split_gain=43.9016 8.17678 7.78791 6.35918 5.67382 5.72799 5.21921 7.56252 5.14371 5.89219 5.16668 8.40207 7.88286 5.11451 4.901 6.655 4.8029 4.16785 3.90317 6.22991 3.57375 3.83375 4.20464 3.11266 2.86903 2.5577 4.57306 5.95685 1.88374 2.15486 1.85289 2.21448 1.34618 1.29837 1.02689 0.867594 2.20468 0.596698 0.103687
threshold=20.150000000000002 0.30384615384615393 3.5500000000000003 -1.0000000180025095e-35 54.500000000000007 65.000000000000014 85.000000000000014 2.5000000000000004 0.041543392504930908 0.10056179775280898 3.5000000000000004 0.67708333333333337 1.0000000180025095e-35 0.83974358974358987 -0.74999999999999989 1.0000000180025095e-35 0.32291666666666669 0.022347066167290854 2.5000000000000004 1.0000000180025095e-35 1.5000000000000002 25.000000000000004 5.5000000000000009 0.16433463796477493 2.2500000000000004 8.5000000000000018 9.5000000000000018 12.500000000000002 -8.4999999999999982 0.14346246973365617 1.0000000180025095e-35 0.20714285714285713 1.5000000000000002 0.71008403361344552 0.67708333333333337 60.350000000000001 1.5000000000000002 1.0000000180025095e-35 1.0000000180025095e-35
decision_type=2 2 2 2 2 2 2 2 2 2 2 2 2 2 2 2 2 2 2 2 2 2 2 2 2 2 2 2 2 2 2 2 2 2 2 2 2 2 2
left_child=2 3 4 17 5 14 8 18 9 13 11 -10 -12 -4 15 -1 -11 38 19 -8 21 34 -23 -16 -9 28 27 37 -3 33 31 -19 -22 -30 -5 36 -28 -27 -2
right_child=1 25 6 20 -6 -7 7 24 10 16 12 -13 -14 -15 23 -17 -18 30 -20 -21 32 22 -24 -25 -26 26 35 -29 29 -31 -32 -33 -34 -35 -36 -37 -38 -39 -40
leaf_value=-0.020622680844468749 -0.022746827954350953 0.011991908663466536 -0.0034658168434319619 -0.048755658086135266 -0.016240016375773415 -0.010471661644846723 0.054613772393774379 -0.034533619391392135 0.017704643347864531 -0.0047424155236995887 -0.015094793411947905 -0.02716786193666821 0.0070553888848935205 0.046813931300752148 0.0074834038882381172 0.030509695366599428 -0.037291894381333006 0.014137729320596589 0.057281305423730111 0.0037160078377453721 -0.013787323324939904 0.042090531202056816 -0.026164518454246579 0.037982918769021871 0.013474889888295163 -0.048760872044261966 -0.044084770199956672 0.036251216621183739 -0.021797163471600073 0.028887182448587533 -0.0034097229008195925 0.05908441608075457 -0.056446047294740072 -0.043867015042298139 0.0016048720638169249 -0.054231958748541642 0.011788802036799738 -0.0089766648306247674 -0.049299730988527551
leaf_weight=10.233426094055178 1.3269648831337719 2.9347073603421476 23.478086318820719 4.1394627960398811 9.5342626795172674 10.718109987676142 7.7261281572282341 6.5796181932091695 86.651059065014124 19.543291617184877 56.05946734175086 10.251361694186924 98.462235517799854 5.3968379981815806 8.9706814363598806 12.300947330892084 20.998491529375315 5.3745504189282638 8.459543973207472 16.862262070178986 2.3888346441090089 4.5223358720541 3.3526614876464009 49.103914499282837 4.5592754799872637 4.2554688025265914 16.02789739519358 3.5587034057825804 17.60545963887126 1.3197668232023705 3.609223671257495 4.626904321834445 6.8860361510887742 9.678735723718999 1.0965369166806338 22.51982164895162 1.6519709601998318 1.2011292092502115 1.2641108920797703
leaf_count=38 27 46 151 113 30 38 27 57 374 108 354 73 548 22 29 36 177 63 22 97 49 34 62 147 27 107 365 33 355 16 52 24 190 245 25 849 24 27 32
internal_value=0 -0.0255294 0.0065467 -0.00758344 0.0181498 0.0217713 0.0033317 0.0185125 0.00123 -0.010129 0.00437359 0.0129105 -0.00098436 0.00613487 0.0260798 0.00728075 -0.021705 0.0148299 0.0298203 0.0200081 -0.0238229 -0.00769641 0.0130146 0.0333195 -0.0149216 -0.0340619 -0.0408429 -0.0101233 -0.0232928 -0.0269863 0.0253361 0.0356533 -0.0459862 -0.0298795 -0.0383788 -0.0476425 -0.0387634 -0.0406695 -0.038235
internal_weight=0 119.341 465.889 38.5876 100.861 91.3271 365.028 44.1868 320.841 69.4167 251.424 96.9024 154.522 28.8749 80.609 22.5344 40.5418 16.2018 33.0479 24.5884 22.3859 13.111 7.875 58.0746 11.1389 80.7537 49.215 9.0153 31.5387 28.604 13.6107 10.0015 9.27487 27.2842 5.236 40.1997 17.6799 5.4566 2.59108
internal_count=5093 2738 2355 671 318 288 2037 230 1807 458 1349 447 902 173 250 74 285 198 146 124 473 234 96 176 84 2067 1405 167 662 616 139 87 239 600 138 1238 389 134 59
is_linear=0
shrinkage=0.0472155


Tree=20
num_leaves=42
num_cat=0
split_feature=64 64 64 52 53 59 61 3 47 54 61 11 45 49 54 53 45 52 45 40 52 45 58 56 47 46 48 38 48 57 54 59 2 61 4 52 40 60 41 59 55
split_gain=38.4315 7.46472 6.7209 6.43 7.90243 9.06221 6.21381 7.9186 6.1575 9.48885 8.68227 5.61969 5.61371 5.61125 6.17255 4.97551 4.81255 8.17898 4.33769 3.86565 3.16349 3.87924 3.87375 3.10832 4.20658 3.633 3.04443 6.02645 2.96134 2.83641 3.22171 2.5702 1.81516 1.71971 1.61368 1.34172 1.30242 1.18014 2.16732 0.990686 0.536948
threshold=11.750000000000002 43.45000000000001 3.9500000000000006 12.500000000000002 3.5000000000000004 75.000000000000014 0.25543735224586289 1.5000000000000002 36.050000000000004 37.650000000000013 0.24234614183067793 1.0000000180025095e-35 8.5000000000000018 0.94097222222222232 34.95000000000001 5.5000000000000009 8.5000000000000018 12.500000000000002 45.000000000000007 39.050000000000004 9.5000000000000018 13.500000000000002 7.5000000000000009 0.074175824175824162 43.150000000000013 8.5000000000000018 0.25000000000000006 4.5000000000000009 2.2500000000000004 -1.0000000180025095e-35 37.95000000000001 -184.99999999999997 8.5000000000000018 0.17344352617079889 1.0000000180025095e-35 3.5000000000000004 37.250000000000007 1.0000000180025095e-35 1.5500000000000003 -74.999999999999986 0.45000000000000007
decision_type=2 2 2 2 2 2 2 2 2 2 2 2 2 2 2 2 2 2 2 2 2 2 2 2 2 2 2 2 2 2 2 2 2 2 2 2 2 2 2 2 2
left_child=2 23 6 4 8 11 7 -1 10 -10 -4 -6 -7 14 -5 20 -9 -18 29 -16 37 -22 -23 25 28 26 27 -2 31 30 -8 -25 35 -30 -27 -17 -31 38 -3 -37 -39
right_child=1 15 3 13 5 12 18 16 9 -11 -12 -13 -14 -15 19 32 17 -19 -20 -21 21 22 -24 24 -26 34 -28 -29 33 36 -32 -33 -34 -35 -36 39 -38 40 -40 -41 -42
leaf_value=0.030025636067417306 0.039080144233083529 0.028248883942905267 0.011768872624437857 -0.034947368875689347 0.0063445351945426165 -0.064725738207372097 0.00099534030686517058 0.016169819699226203 0.032400786144273046 -0.012677119866799756 -0.059708523159522575 -0.036951518325999556 -0.019169057668276344 0.047267507783398319 0.016219695040890388 0.011683519077590887 -0.053541999808335156 0.00084521255899851059 0.0010759715398369672 -0.0032225430774970908 0.029287079157972993 -0.048017307100190941 0.02340448495279834 0.010756768837527457 0.036109601136427708 -0.002910113387915633 0.033387775663579936 -0.050134139688806527 -0.01769480491951347 0.024446280326988892 0.03743321251953452 -0.015814820992820389 0.0066019332503637193 -0.04845538115354367 -0.056734829714763749 -0.030083458756406535 0.04592342324421015 -0.054386971631626611 -0.047116252314696995 -0.049338997633796906 -0.018301177003795965
leaf_weight=20.42806039378047 3.0052802823483971 1.5422724187374135 9.3628697916865331 6.6971798241138449 37.34859168343246 9.5826982744038123 11.443695895373823 14.516137540340422 31.057616945356131 15.473257813602684 6.1245591416954985 7.9553119055926791 16.548957165330648 8.8016205690801126 86.220011346042156 0.87694442458450694 9.0582846142351645 18.460411407053471 12.278205521404741 30.830906189978123 5.9713316578417999 4.4086351152509451 2.5361945703625679 9.1069703176617605 3.3278259672224513 2.5850685834884635 9.3635276518762094 3.42289087921381 7.9523448310792473 9.4393903836607915 10.164897568523882 65.408621169626713 1.6188150867819775 9.0241707488894445 2.3007878363132477 9.2048501428216642 25.866255771368742 4.5165038099512458 1.512620468623936 28.284904568456117 1.5156449750065801
leaf_count=57 14 17 39 37 176 81 41 48 108 82 32 53 108 24 357 11 37 73 37 156 51 102 23 94 17 28 54 55 133 33 27 943 27 176 39 289 75 144 52 1103 40
internal_value=0 -0.0182584 0.00815367 0.00382735 -0.00348329 -0.0141762 0.0168732 0.0060379 0.00882813 0.0174055 -0.0168072 -0.00135695 -0.0362192 0.0111876 0.00855308 -0.0314648 -0.0056805 -0.0172593 0.0266054 0.011096 -0.0132444 0.00178506 -0.0219097 -0.0111279 -0.0147421 0.00539925 0.0164329 -0.0083967 -0.0166642 0.0320814 0.0183288 -0.0125411 -0.0413735 -0.0344115 -0.02947 -0.0434354 0.0403484 -0.0343067 -0.00939881 -0.0447901 -0.046196
internal_weight=0 177.486 397.659 266.004 133.454 71.4356 131.655 62.4629 62.0183 46.5309 15.4874 45.3039 26.1317 132.55 123.748 61.9887 42.0348 27.5187 69.1924 117.051 22.0032 12.9162 6.94483 115.497 94.8199 20.6776 15.7917 6.42817 91.4921 56.9142 21.6086 74.5156 39.9855 16.9765 4.88586 38.3667 35.3056 9.08704 3.05489 37.4898 6.03215
internal_count=5093 3412 1681 1253 679 418 428 215 261 190 71 229 189 574 550 1859 158 110 213 513 429 176 125 1553 1363 190 123 69 1346 176 68 1037 1430 309 67 1403 108 253 69 1392 184
is_linear=0
shrinkage=0.0472155


Tree=21
num_leaves=31
num_cat=0
split_feature=64 64 61 64 61 47 54 48 26 54 48 55 42 38 46 56 54 47 59 38 59 56 2 41 4 62 46 52 46 41
split_gain=36.3818 8.53945 5.60459 8.16724 7.53383 7.14153 7.0601 6.43964 5.07336 6.54099 6.20637 4.79718 3.60522 4.96803 3.57282 4.79204 3.31293 3.26039 3.02953 2.90104 2.60432 2.51511 2.30555 2.22186 2.1444 1.80631 1.47579 1.07595 0.582801 0.226175
threshold=9.6500000000000004 36.650000000000013 0.057417582417582359 2.3500000000000001 0.10056179775280898 40.550000000000004 39.95000000000001 1.1500000000000001 1.0000000180025095e-35 39.45000000000001 5.9500000000000011 0.95000000000000007 0.56696428571428581 10.500000000000002 3.5000000000000004 0.5590277777777779 36.350000000000001 39.650000000000013 -349.99999999999994 65.000000000000014 485.00000000000006 0.4330357142857143 1.0000000180025095e-35 1.0000000180025095e-35 1.0000000180025095e-35 1.5000000000000002 13.500000000000002 3.5000000000000004 5.5000000000000009 1.3500000000000003
decision_type=2 2 2 2 2 2 2 2 2 2 2 2 2 2 2 2 2 2 2 2 2 2 2 2 2 2 2 2 2 2
left_child=2 8 16 22 -5 7 -7 -6 10 14 12 17 13 -2 -10 -16 -1 18 -3 27 23 26 -4 -21 -14 -20 -19 -13 -29 -11
right_child=1 11 3 4 5 6 -8 -9 9 29 -12 19 24 -15 15 -17 -18 21 25 20 -22 -23 -24 -25 -26 -27 -28 28 -30 -31
leaf_value=0.0083208244224067477 -0.024568361704271333 0.023255872849366071 0.046529673880291701 0.038179213436479426 0.0022178511840860314 -0.044157281039374462 0.013133119373494285 0.016909884781735211 0.041180828626982628 -0.032443586965410914 0.041651588118852306 0.00069402986484226234 -0.038950679206672577 0.0022220929520794636 -0.024803128050979343 0.022751081458736496 -0.037555072580994109 -0.044451756931136607 0.0052217310558354017 0.03700678411941262 0.025732078239789197 0.035370319436826669 0.019438627705443679 -0.035187710383382413 -0.016847205893685421 -0.037920679207924093 0.015624181851877056 -0.026213486583697536 -0.051528717461108549 -0.062456227863211387
leaf_weight=5.6868358366191378 26.260352917946875 2.4978880137205186 15.740798261016609 17.452428301796317 159.51712049171329 11.664116635918619 7.9277386143803588 114.11185474507511 8.3850863147527033 2.1634631827473636 4.1598076149821273 0.97158028557896869 18.385344579815865 36.913662903010845 7.4833495151251581 12.147315947338937 8.6897723563015443 1.8436233457177871 2.4879914028570083 0.8882598839700212 2.1205873880535355 4.3898881636559963 13.451998129487036 11.094830899499355 22.063467783853412 13.646032387390731 1.5154278967529533 2.9480150192976025 25.074673006311059 1.7569975443184374
leaf_count=27 333 20 48 46 671 78 35 456 42 30 24 15 284 362 102 106 54 43 45 5 30 30 46 336 271 365 20 86 1053 30
internal_value=0 -0.0156051 0.00921872 0.0104441 0.00818624 0.00637714 -0.0210313 0.00835414 -0.00885228 0.00763212 -0.0137471 -0.029119 -0.0160437 -0.00894115 0.0157111 0.00453143 -0.0194821 -0.0131028 -0.0237542 -0.0388152 -0.0207895 0.0123854 0.0342584 -0.0293273 -0.0270344 -0.0312435 -0.0177342 -0.0473839 -0.0490677 -0.0481465
internal_weight=0 209.198 354.243 339.866 310.673 293.221 19.5919 273.629 139.719 31.9362 107.783 69.4788 103.623 63.174 28.0158 19.6307 14.3766 26.3809 18.6319 43.0979 14.1037 7.74894 29.1928 11.9831 40.4488 16.134 3.35905 28.9943 28.0227 3.92046
internal_count=5093 3632 1461 1380 1286 1240 113 1127 1584 310 1274 2048 1250 695 250 208 81 523 430 1525 371 93 94 341 555 410 63 1154 1139 60
is_linear=0
shrinkage=0.0472155


Tree=22
num_leaves=35
num_cat=0
split_feature=64 64 59 19 46 45 49 63 3 64 56 41 21 56 42 60 47 47 40 47 49 60 2 64 56 47 27 59 42 42 6 1 7 3
split_gain=32.9282 8.19355 5.25412 4.89523 4.91173 4.58523 6.64511 4.96367 4.23687 5.14442 4.89396 6.60654 4.74579 4.68301 4.2375 4.76949 4.24685 3.99118 3.8344 3.74582 3.70509 3.4705 2.78015 2.73849 2.44972 2.47018 2.30616 2.12061 0.616023 1.81701 0.1572 0.308641 0.0208186 0.0206042
threshold=9.6500000000000004 124.05000000000001 -1.0000000180025095e-35 1.0000000180025095e-35 6.5000000000000009 85.000000000000014 0.31696428571428575 3.5000000000000004 1.0000000180025095e-35 2.5500000000000003 0.56696428571428581 2.3500000000000001 1.0000000180025095e-35 0.87083333333333346 0.24264705882352941 0.10507913139492085 37.750000000000007 43.250000000000007 40.150000000000013 38.750000000000007 0.64495798319327746 0.094807158032358216 7.5000000000000009 4.4500000000000011 0.36931818181818182 39.150000000000013 1.5000000000000002 -849.99999999999989 0.42261904761904762 0.2264957264957265 5.5000000000000009 1.5000000000000002 31.500000000000004 4.5000000000000009
decision_type=2 2 2 2 2 2 2 2 2 2 2 2 2 2 2 2 2 2 2 2 2 2 2 2 2 2 2 2 2 2 2 2 2 2
left_child=8 2 5 28 18 6 7 -2 14 19 12 13 20 -12 23 16 -16 -6 -5 26 -11 -8 27 -1 -7 -26 -10 -3 29 -4 32 -32 -29 -30
right_child=1 22 3 4 17 24 21 -9 9 10 11 -13 -14 -15 15 -17 -18 -19 -20 -21 -22 -23 -24 -25 25 -27 -28 30 33 -31 31 -33 -34 -35
leaf_value=0.048359544002971447 -0.037965909281433639 0.018635344318897861 -0.05474592244081293 0.0067113878961377656 -0.024593923904854077 -0.0068074175598354988 -0.034869942757990734 0.015443368117530908 0.04745765984077286 0.00068251483457000875 0.025004260576826139 -0.027733426530381657 0.026824060028781443 -0.0035690791571401418 -0.032379995821953292 0.028110992601246856 0.011489025911175444 0.02823618592649392 -0.042928644084433497 -0.0028736748785171636 -0.018639797577362074 0.0027598759191196837 0.012358851485372101 0.016717477804237137 0.013424030250712184 0.06168702189294259 0.016963995589822454 -0.054704833138341971 -0.042011116467647242 -0.0093816723250730281 -0.047255457550885484 -0.0056259669960477855 -0.035145374840693397 -0.058242150381696819
leaf_weight=14.250588662922384 4.3868849258869913 0.91450143046677723 3.6871409127488759 28.834913383238018 59.456559242680669 4.4065045015886417 19.794528468512002 25.745707533322275 12.735722795128828 139.90151140652597 54.772058766335249 7.5073344409465781 13.243124864995478 16.563739757984877 7.9308429211378124 16.75926348567009 12.334250744432209 3.2148780077695838 3.7646403331309548 8.2340816408395749 26.089887335896492 7.4458159860223523 1.7740161903202523 11.171090811491011 5.4924994902685267 4.2175844758749008 10.331575892865656 15.136857742443686 3.9489707015454751 4.2787653552368283 0.87209825869649538 0.78899053763598204 1.5920990239828814 4.3481154507026076
leaf_count=33 66 15 74 328 1161 53 354 223 38 611 197 41 47 85 48 54 51 27 73 37 132 91 24 49 69 26 38 649 94 59 41 28 65 112
internal_value=0 -0.0150794 -0.0118387 -0.0182361 -0.0140879 -0.00182859 -0.00777704 0.00747202 0.00875109 0.00633338 0.00412939 0.0139185 -0.000182519 0.0183682 0.0198955 0.00960476 -0.00577796 -0.0218025 0.000760498 0.0243606 -0.00236704 -0.0246088 -0.0428588 0.0346897 0.0221011 0.0351737 0.0340583 -0.0480317 -0.0420887 -0.0311843 -0.0515262 -0.0302557 -0.0532648 -0.051621
internal_weight=0 204.102 183.024 111.534 95.271 71.4895 57.3729 30.1326 351.825 289.379 258.078 78.8431 179.235 71.3358 62.446 37.0244 20.2651 62.6714 32.5996 31.3014 165.991 27.2403 21.0786 25.4217 14.1166 9.71008 23.0673 19.3045 16.263 7.96591 18.39 1.66109 16.729 8.29709
internal_count=5093 3632 2810 1928 1589 882 734 289 1461 1226 1113 323 790 282 235 153 99 1188 401 113 743 445 822 82 148 95 76 798 339 133 783 69 714 206
is_linear=0
shrinkage=0.0472155


Tree=23
num_leaves=33
num_cat=0
split_feature=64 60 64 49 58 64 57 65 60 38 47 56 59 38 4 42 46 45 65 49 41 45 6 57 40 56 63 23 64 30 11 57
split_gain=29.7315 8.19283 7.85227 6.53646 6.47807 5.73225 5.10846 4.48555 4.43202 4.42183 6.92309 5.83274 4.33583 3.53243 3.13337 4.62521 2.414 3.88503 4.19419 1.85983 3.68434 1.72368 1.96604 1.93335 1.52483 1.29282 1.09348 0.867156 0.798699 1.81011 0.663062 0.0828165
threshold=20.150000000000002 -1.0000000180025095e-35 7.0500000000000007 0.30384615384615393 -8.4999999999999982 1.9500000000000002 3.7500000000000004 4.5000000000000009 0.022347066167290854 35.000000000000007 37.050000000000004 0.36931818181818182 -1.0000000180025095e-35 7.5000000000000009 1.0000000180025095e-35 0.46770833333333339 8.5000000000000018 9.5000000000000018 12.500000000000002 0.20714285714285713 1.4500000000000002 135.00000000000003 5.5000000000000009 -1.0000000180025095e-35 37.650000000000013 0.80625000000000013 4.5000000000000009 1.0000000180025095e-35 60.350000000000001 1.5000000000000002 1.5000000000000002 -3.7499999999999996
decision_type=2 2 2 2 2 2 2 2 2 2 2 2 2 2 2 2 2 2 2 2 2 2 2 2 2 2 2 2 2 2 2 2
left_child=1 -1 5 8 26 -3 7 -6 24 10 -7 -11 19 -8 15 -14 21 18 27 20 -10 22 25 -24 -2 -5 -4 -18 29 -19 -16 -30
right_child=3 2 4 16 6 9 13 -9 12 11 -12 -13 14 -15 30 -17 17 28 -20 -21 -22 -23 23 -25 -26 -27 -28 -29 31 -31 -32 -33
leaf_value=-0.054136446654319874 -0.0044288966892671129 0.040364604508225078 -0.02057434517498085 -0.021523200750739307 -0.010970506403648425 0.020074294210436164 -0.0051435279538622255 0.0073211645998589887 0.033020872558261867 0.0058547044556142638 5.8750551829675113e-05 0.033080897500251623 0.02292675800104638 -0.066441885444378387 -0.05034291457606406 -0.050170760876106016 -0.045905943023676767 -0.040734497749996317 0.032167618774547053 0.044158511935326612 -0.032433136099413416 0.02630169158772315 -0.027264378976990092 0.035209807136509022 -0.049435226036326593 -0.04922871552838623 -0.060585328856799667 -0.00025545455840645542 -0.033589231218800572 0.010981431485337948 -0.0074049531867774465 -0.052905069364396845
leaf_weight=4.9087851587682954 2.471576748415826 13.894302174448965 2.7929795719683161 18.73989780433477 41.999303227290511 53.296063005924225 4.2882819846272451 102.33851994294673 4.796991840004921 35.217191781848669 138.05543313547969 35.093332029879093 6.7668405538424832 4.0328527949750423 4.2755604730919012 2.4968569967895746 3.7335001481696946 14.438034231774511 3.2981769889593124 5.3117705686017871 2.9456228911876678 1.5690983440726984 1.8243760727345941 2.2913845386356106 5.5576512981206179 4.8541425000876179 4.2871549483388662 1.256379399448633 1.9528893642127538 1.5882254578173149 1.1046964256092904 16.974120622500777
leaf_count=51 42 49 28 422 293 182 37 801 39 141 556 101 83 50 137 77 107 365 33 40 60 22 42 31 163 145 66 27 65 24 30 784
internal_value=0 0.00545296 0.00614792 -0.0221482 -0.00217643 0.0109742 -0.00010037 0.00198735 -0.00555904 0.00938514 0.0056502 0.0195014 0.00342746 -0.0356848 -0.0141087 0.00259112 -0.030279 -0.0374054 -0.00804266 0.0230741 0.00787118 -0.0195725 -0.0223422 0.00738391 -0.0360502 -0.027571 -0.0457681 -0.0349352 -0.0442746 -0.0355062 -0.0421542 -0.051272
internal_weight=0 440.204 435.295 108.248 159.739 275.556 152.659 144.338 35.7276 261.662 191.351 70.3105 27.6983 8.32113 14.644 9.2637 72.5202 43.2413 8.28806 13.0544 7.74261 29.2789 27.7098 4.11576 8.02923 23.594 7.08013 4.98988 34.9533 16.0263 5.38026 18.927
internal_count=5093 2355 2304 2738 1275 1029 1181 1094 671 980 738 242 466 87 327 160 2067 1405 167 139 99 662 640 73 205 567 94 134 1238 389 167 849
is_linear=0
shrinkage=0.0472155


Tree=24
num_leaves=31
num_cat=0
split_feature=64 60 64 49 64 3 26 61 38 60 59 27 60 54 42 46 45 65 58 49 41 47 40 56 56 64 30 23 61 57
split_gain=26.3468 6.68411 7.1752 5.98067 5.16729 5.92735 5.19283 5.0408 4.86541 4.17625 3.75224 2.93184 3.56915 2.8298 2.57078 2.41154 3.4531 3.42011 2.00243 1.86759 3.50754 1.31628 1.23748 1.17682 2.23513 0.8418 1.75267 0.80811 0.240672 0.0973946
threshold=20.150000000000002 -1.0000000180025095e-35 1.6500000000000001 0.30384615384615393 8.6500000000000004 1.0000000180025095e-35 1.0000000180025095e-35 0.30315449577744663 85.000000000000014 0.022347066167290854 -1.0000000180025095e-35 1.5000000000000002 0.065633600574368761 39.150000000000013 0.45804195804195807 8.5000000000000018 9.5000000000000018 12.500000000000002 -8.4999999999999982 0.20714285714285713 1.4500000000000002 41.850000000000001 37.650000000000013 0.80625000000000013 0.6132478632478634 60.350000000000001 1.5000000000000002 1.0000000180025095e-35 0.080322580645161262 -3.7499999999999996
decision_type=2 2 2 2 2 2 2 2 2 2 2 2 2 2 2 2 2 2 2 2 2 2 2 2 2 2 2 2 2 2
left_child=1 -1 -3 9 5 14 8 -7 -6 22 19 12 -12 -8 -4 18 17 27 -5 20 -11 -13 -2 24 -20 26 -18 -17 -25 -27
right_child=3 2 4 15 6 7 13 -9 -10 10 11 21 -14 -15 -16 16 25 -19 23 -21 -22 -23 -24 28 -26 29 -28 -29 -30 -31
leaf_value=-0.050876938146943468 -0.0066033867849977007 0.05380139084691276 0.02872208676420351 0.018232350059187465 -0.014677161306606267 0.0010353827135143562 0.020283338735304166 0.016085021007241809 0.015140155779986423 0.030528558117231361 0.024574059548415707 -0.053444951905415136 -0.035121297854017512 -0.021440192949064678 0.0066794786296639711 -0.044184999112003208 -0.039512318846744741 0.028306836753881081 -0.029180385876893977 0.042607486099211854 -0.034468678019568745 0.0022536557398607172 -0.048076116450455592 -0.016480873291533502 0.0026195800670286294 -0.032287879102693921 0.010752348188380287 0 -0.047441252405654021 -0.052188870468896302
leaf_weight=4.5209860354661933 2.4171750647947183 6.6490605771541587 38.806267462670803 2.845515942201021 70.013520142063498 186.60952014289796 23.613849271088842 67.47664662450552 14.597121279686688 4.7685163225978631 5.9772851997986418 3.9720272952690712 3.3281660480424762 4.1127614006400099 17.219395432621241 3.5473925778642279 13.810166894458233 3.2221262557432055 12.794070322066551 5.3856000639498234 2.782815869897604 1.1790562160313127 5.267061092890799 1.0061411010101426 7.8463861737400284 1.8829769510775793 1.6427997238934029 1.2420714274048803 4.2533528376370668 16.043159527704123
leaf_count=51 42 21 131 46 697 795 160 272 109 39 77 130 90 47 72 107 365 33 312 40 60 30 163 29 145 65 24 27 130 784
internal_value=0 0.00514442 0.00575668 -0.0211751 0.00497698 0.00811933 -0.003691 0.00504292 -0.00950478 -0.00519958 0.0034624 -0.0129714 0.00290109 0.0139755 0.0220007 -0.029123 -0.036451 -0.0082962 -0.0183923 0.0218038 0.00625385 -0.0409194 -0.0355503 -0.0225363 -0.0171403 -0.0431108 -0.0340667 -0.0331811 -0.0423591 -0.0504666
internal_weight=0 433.619 429.098 105.214 422.449 310.112 112.337 254.086 84.6106 35.0777 27.3935 14.4565 9.30545 27.7266 56.0257 70.1362 41.3907 8.01159 28.7455 12.9369 7.55133 5.15108 7.68424 25.9 20.6405 33.3791 15.453 4.78946 5.25949 17.9261
internal_count=5093 2355 2304 2738 2283 1270 1013 1067 806 671 466 327 167 207 203 2067 1405 167 662 139 99 160 205 616 457 1238 389 134 159 849
is_linear=0
shrinkage=0.0472155


Tree=25
num_leaves=27
num_cat=0
split_feature=64 60 64 49 61 61 19 40 45 60 63 62 59 46 45 65 58 40 60 6 25 30 65 23 39 52
split_gain=24.203 5.52122 6.4726 4.71972 4.03223 7.12968 5.15953 4.04687 3.91294 3.19261 3.22314 3.15448 5.68038 2.52312 2.81614 3.08684 1.78666 1.48326 1.24401 1.30191 0.929352 2.4986 1.16103 0.550199 0.210483 0.0144697
threshold=20.150000000000002 -1.0000000180025095e-35 1.6500000000000001 0.30384615384615393 0.10056179775280898 0.089087301587301507 73.500000000000014 39.45000000000001 7.5000000000000009 0.022347066167290854 3.5000000000000004 2.5000000000000004 -1.0000000180025095e-35 8.5000000000000018 9.5000000000000018 12.500000000000002 -8.4999999999999982 37.650000000000013 0.14346246973365617 1.0000000180025095e-35 1.0000000180025095e-35 1.5000000000000002 7.5000000000000009 1.0000000180025095e-35 4.5000000000000009 55.000000000000007
decision_type=2 2 2 2 2 2 2 2 2 2 2 2 2 2 2 2 2 2 2 2 2 2 2 2 2 2
left_child=1 -1 -3 9 5 8 7 -6 -4 17 24 -12 -13 16 15 23 -5 -2 19 -18 22 -22 -16 -15 -11 -19
right_child=3 2 4 13 6 -7 -8 -9 -10 10 11 12 -14 14 20 -17 18 25 -20 -21 21 -23 -24 -25 -26 -27
leaf_value=-0.047020518561595788 -0.0024894940631689038 0.052688600310266578 -0.019832793464349758 0.017437712064467911 0.00675700674712249 0.048103586701550641 -0.039861426803107766 -0.0045545854917202928 0.018488248708848781 -0.019279844217489985 0.047150591880329905 0.024017237280072521 -0.02634104764068429 -0.043713273262446527 -0.014720899477185976 0.024741670398374074 -0.036876082479476019 -0.051232440107668489 0.02427426924755852 -0.014080780945418089 -0.038456387799195919 0.033938215740271879 -0.049307745966846929 -0.0051539489585498404 -0.050585013860207369 -0.029398128248090582
leaf_weight=4.3451854474842539 2.4545355970039955 6.1945003271102896 9.0488379076123255 2.8818845832720426 283.33898194227368 12.615450847893952 5.9143793657422057 93.640037935227156 16.499161804094911 1.1126393452286749 3.6108581945300129 10.332436073571449 9.3404967505484766 3.3547896435484281 2.6514530228450957 3.2214554734528065 9.4223751127719932 3.8583501679822803 1.1432622335851181 14.634356221184133 5.0656230282038441 1.1788531821221111 22.965021179057658 1.1952834427356718 2.1099834786728024 1.1446986896917222
leaf_count=51 42 21 55 46 1436 35 44 607 106 21 30 105 248 107 50 33 264 126 16 336 192 19 977 27 62 37
internal_value=0 0.00488385 0.00543227 -0.0207034 0.00471391 0.0193177 0.00324848 0.00394473 0.00484759 -0.00627202 0.00144336 0.00768235 5.36422e-05 -0.0278974 -0.0355913 -0.00973101 -0.0168628 -0.0331836 -0.0209041 -0.0232377 -0.0417914 -0.024136 -0.0458771 -0.034287 -0.0415171 -0.0475243
internal_weight=0 431.597 427.251 101.678 421.057 38.1635 382.893 376.979 25.548 33.964 26.5064 23.2838 19.6729 67.7144 39.6325 7.77153 28.0819 7.45758 25.2 24.0567 31.861 6.24448 25.6165 4.55007 3.22262 5.00305
internal_count=5093 2355 2304 2738 2283 196 2087 2043 161 671 466 383 353 2067 1405 167 662 205 616 600 1238 211 1027 134 83 163
is_linear=0
shrinkage=0.0472155


Tree=26
num_leaves=33
num_cat=0
split_feature=64 64 48 47 41 5 45 42 48 26 63 64 49 54 54 39 6 54 64 2 59 46 61 54 45 5 58 1 54 42 11 52
split_gain=21.5241 4.15337 3.72128 4.24424 5.44689 5.28009 4.20178 4.12395 6.98558 5.33011 4.33071 4.62344 3.49145 3.05072 2.7899 4.60633 3.44012 3.03021 2.00196 1.93597 1.90653 1.89355 2.02183 2.67716 1.86567 1.79053 1.34042 0.867251 0.642785 0.428897 0.395388 0.316344
threshold=20.150000000000002 124.05000000000001 8.0500000000000025 40.550000000000004 3.7500000000000004 1.0000000180025095e-35 14.500000000000002 0.74166666666666681 0.25000000000000006 1.0000000180025095e-35 15.500000000000002 3.0500000000000003 0.30384615384615393 38.350000000000001 38.250000000000007 5.5000000000000009 1.5000000000000002 40.650000000000013 5.6500000000000012 7.5000000000000009 -849.99999999999989 8.5000000000000018 0.1329931972789116 38.250000000000007 135.00000000000003 1.0000000180025095e-35 8.5000000000000018 5.5000000000000009 36.95000000000001 0.74166666666666681 1.5000000000000002 12.500000000000002
decision_type=2 2 2 2 2 2 2 2 2 2 2 2 2 2 2 2 2 2 2 2 2 2 2 2 2 2 2 2 2 2 2 2
left_child=2 12 3 7 5 13 -7 10 -9 -10 11 -1 14 -5 16 17 25 -16 -12 20 -3 24 23 -23 26 -2 -14 -17 -18 -24 -22 -32
right_child=1 19 -4 4 -6 6 -8 8 9 -11 18 -13 21 -15 15 27 28 -19 -20 -21 30 22 29 -25 -26 -27 -28 -29 -30 -31 31 -33
leaf_value=0.019383046467548293 0.0047279931251760039 0.020323172082691448 0.039778575139351492 -0.017254692851075514 0.03320988727453747 -0.029178259957112138 0.025280490545286624 -0.047230753808699885 -0.0068663284292832553 0.025488497067396504 0.050492545771117482 0.0037748409309660254 -0.012435279424628244 -0.068100494642448633 -0.022779943661546585 -0.052645653371245493 -0.049263014258012605 0.049932951458163316 0.015380377807674412 0.0092379283590831186 -0.051438668596879095 0.0034614491870816801 -0.048182377501479419 -0.045482490951227944 0.036379166161802937 0.037989659707550694 -0.051913992435621011 -0.0048441072623812082 -0.0029461538535109342 -0.030408436353040396 0.0046308075291961433 -0.037697953834553322
leaf_weight=50.618676103651524 8.6389096230268532 0.83174484968186035 6.4219878502190104 4.8311228500679189 4.4390866672620168 6.0463940966874343 6.2379415556788445 7.5601948052644721 51.904621799476445 14.33883475139737 7.002069588750599 255.36590911727399 20.906676554121084 6.1645938474684954 2.336981747299431 5.5512620792724192 2.0256158960983153 2.4392788391560316 7.9011144824326038 1.5150889642536629 14.079816649667917 6.7083618165925163 9.9107429198920745 3.7477941401302814 1.4357694014906872 6.1593997450545421 1.9859890053048719 1.0727154314517973 1.0368061577901242 6.8256023274734607 0.59974420815706142 0.71718197874724865
leaf_count=180 123 15 23 43 23 57 28 51 337 69 17 1421 464 59 55 165 57 18 47 24 721 158 329 135 16 62 61 19 27 227 23 39
internal_value=0 -0.0198803 0.00457381 0.00402079 -0.0137765 -0.0229445 -0.00150575 0.00527789 -0.00477165 0.00017607 0.00759262 0.00636861 -0.0152627 -0.046439 -0.00219136 -0.020288 0.00940839 0.014677 0.0323149 -0.0405126 -0.0452458 -0.0226414 -0.0312076 -0.0144807 -0.0128857 0.0188977 -0.0162561 -0.0453236 -0.034789 -0.0413616 -0.049018 -0.0197059
internal_weight=0 98.5255 428.833 422.411 27.7191 23.2801 12.2843 394.691 73.8037 66.2435 320.888 305.985 80.7819 10.9957 29.261 11.4002 17.8607 4.77626 14.9032 17.7436 16.2285 51.5209 27.1925 10.4562 24.3284 14.7983 22.8927 6.62398 3.06242 16.7363 15.3967 1.31693
internal_count=5093 2738 2355 2332 210 187 85 2122 457 406 1665 1601 1916 102 526 257 269 73 64 822 798 1390 849 293 541 185 525 184 84 556 783 62
is_linear=0
shrinkage=0.0472155


Tree=27
num_leaves=35
num_cat=0
split_feature=64 64 26 27 2 4 15 3 41 62 45 59 49 55 52 38 41 0 64 64 14 47 39 5 19 40 2 60 61 56 47 59 6 15
split_gain=18.4934 4.26768 4.05292 4.16518 3.67793 5.85391 5.79612 6.56294 6.01161 5.84938 4.34353 6.19581 5.0484 3.90345 3.62929 4.53932 3.60909 4.80971 3.36713 2.78576 3.29653 2.2319 2.07717 2.9351 3.66807 2.35608 1.71534 1.97527 1.40601 2.0073 0.422428 0.194223 0.511132 0.127843
threshold=25.250000000000004 8.6500000000000004 1.0000000180025095e-35 7.5000000000000009 1.0000000180025095e-35 5.5000000000000009 5.5000000000000009 1.5000000000000002 2.9500000000000006 1.5000000000000002 5.5000000000000009 -25.499999999999996 0.44097222222222227 1.6500000000000001 115.00000000000001 95.000000000000014 1.3500000000000003 1.5000000000000002 124.05000000000001 11.950000000000001 3.5000000000000004 43.150000000000013 11.500000000000002 1.0000000180025095e-35 11.500000000000002 13.350000000000003 7.5000000000000009 0.19900990099009905 0.10673139158576046 0.24264705882352941 38.250000000000007 -74.999999999999986 3.5000000000000004 2.5000000000000004
decision_type=2 2 2 2 2 2 2 2 2 2 2 2 2 2 2 2 2 2 2 2 2 2 2 2 2 2 2 2 2 2 2 2 2 2
left_child=1 4 3 14 5 10 7 -6 9 -8 11 -1 -12 -9 15 -3 19 -18 21 -4 -21 22 23 25 -25 -2 27 31 29 -24 -19 32 -20 -30
right_child=18 2 16 -5 6 -7 8 13 -10 -11 12 -13 -14 -15 -16 -17 17 30 26 20 -22 -23 28 24 -26 -27 -28 -29 33 -31 -32 -33 -34 -35
leaf_value=0.016289826064163689 0.019220557059988683 -0.0082825608157258632 0.035727663367718418 -0.056753193730656966 0.019531873200458436 0.044538883808774445 0.032482128995304026 -0.043114015731186298 -0.035759298092324157 0.0041203860331876195 0.022042188270604154 -0.027262101753605401 0.0010908049898042385 0.003393515397078814 -0.04951160300195076 0.02324778608535169 0.019541996639809992 -0.060196742608543061 -0.044148387416608703 -0.026703289995673604 0.033125400771761231 0.030236945473264939 -0.054038708359085107 0.015679418155701001 -0.019368446578520136 -0.031083908667512917 0.0076327102514268733 0.033862730477270384 -0.030391518057140327 0.010853650084415745 -0.027423422043417862 -0.051696434647833196 -0.0039371079906843805 -0.050736364744343544
leaf_weight=13.564948992803695 2.189315925352278 78.717694440856576 13.008658301085239 3.6154545024037352 7.6666106432676342 11.319466076791285 18.785768590867519 15.412170372903349 7.1414748020470133 112.94738501310349 64.824551474303007 15.31662483140826 42.481595624238253 5.356408115476369 3.9562372080981723 11.508660322055219 5.0340043511241657 2.3828940624371171 2.8565498087555183 4.3716087639331809 3.5681353993713856 2.0988936433568588 1.4589664125815023 12.799385940656068 13.490126228891311 19.28707305341959 1.4850733019411553 0.56453641131520349 2.1967259286902827 2.8823926569893956 2.3063591253012419 10.955219463910906 1.0135520435869692 5.9371774969622493
leaf_count=54 33 860 51 56 31 35 65 82 45 475 235 77 195 28 56 82 47 32 123 67 27 29 42 248 374 576 24 5 70 67 30 632 38 202
internal_value=0 0.00375715 -0.00348834 -0.00818725 0.00671622 0.0121477 0.00191608 -0.0174344 0.00589978 0.00820754 0.00939697 -0.0068097 0.013769 -0.0311603 -0.00621423 -0.00421638 0.0114348 -0.0121468 -0.0209869 0.0224209 0.000238715 -0.0158251 -0.0175236 -0.0129349 -0.00228967 -0.025812 -0.0396598 -0.0442995 -0.0346202 -0.0120602 -0.0457774 -0.0476794 -0.0344033 -0.0460757
internal_weight=0 443.287 128.47 97.798 314.817 147.507 167.31 28.4352 138.875 131.733 136.188 28.8816 107.306 20.7686 94.1826 90.2264 30.6717 9.72326 79.215 20.9484 7.93974 62.3401 60.2412 47.7659 26.2895 21.4764 16.8749 15.3899 12.4753 4.34136 4.68925 14.8253 3.8701 8.1339
internal_count=5093 2630 1308 1054 1322 596 726 141 585 540 561 131 430 110 998 942 254 109 2463 145 94 1641 1612 1231 622 609 822 798 381 109 62 793 161 272
is_linear=0
shrinkage=0.0472155


Tree=28
num_leaves=39
num_cat=0
split_feature=64 31 23 60 59 47 58 58 42 41 65 64 61 4 64 38 62 52 58 54 49 6 47 60 57 60 55 54 45 40 2 60 54 62 3 13 46 61
split_gain=17.1477 4.05568 6.87424 5.58087 4.45265 9.57771 6.02417 4.85619 4.22733 4.66294 4.1362 3.77411 3.25531 3.11087 3.67154 5.04398 3.70866 3.33847 3.0141 2.99981 3.18554 2.94524 2.60682 2.23996 2.81573 2.14623 1.95457 1.86785 1.8089 2.22445 1.66501 1.92572 1.43267 1.16066 1.44786 0.639015 0.213843 0.206413
threshold=20.150000000000002 7.5000000000000009 1.5000000000000002 0.033060109289617452 75.000000000000014 38.95000000000001 -7.4999999999999991 14.500000000000002 0.087121212121212113 3.0500000000000003 3.5000000000000004 124.05000000000001 0.10673139158576046 2.5000000000000004 8.4500000000000011 7.5000000000000009 2.5000000000000004 13.500000000000002 3.5000000000000004 38.250000000000007 0.71008403361344552 1.5000000000000002 35.750000000000007 0.071661998132586363 2.7500000000000004 0.094467108618052006 1.5500000000000003 40.650000000000013 14.500000000000002 37.050000000000004 7.5000000000000009 0.2264957264957265 38.050000000000004 2.5000000000000004 1.0000000180025095e-35 2.5000000000000004 3.5000000000000004 0.28281378178835115
decision_type=2 2 2 2 2 2 2 2 2 2 2 2 2 2 2 2 2 2 2 2 2 2 2 2 2 2 2 2 2 2 2 2 2 2 2 2 2 2
left_child=1 2 4 12 8 6 -6 -7 10 -10 -1 19 -3 17 16 -16 -15 22 -4 20 21 25 -5 33 26 -2 -25 -26 29 -22 31 36 -23 34 -21 -35 -13 -30
right_child=11 3 18 13 5 7 -8 -9 9 -11 -12 30 -14 14 15 -17 -18 -19 -20 23 28 32 -24 24 27 -27 -28 -29 37 -31 -32 -33 -34 35 -36 -37 -38 -39
leaf_value=0.03178808714580434 0.014356222343312809 0.0082366356391606697 -0.062904212224326378 0.038969996335375852 -0.043904278468211766 -0.045037894588959806 0.0066226830215415002 0.0038931299236966387 0.0057313318563550781 -0.022464739802668096 -0.005785111971593951 -0.022435698277317905 -0.042858108440675849 0.038825251835566003 0.02636221318408714 -0.040499153435818662 0.0075109863495195703 0.049408571222363744 -0.0055515504708982628 0.027119353625799366 0.031145516166605349 -0.032696241116712259 -0.0028840116265197988 -0.002975700681122565 -0.011556717866182583 -0.022248512853611221 -0.047418436769438757 0.054901503704293683 -0.048862453136728837 -0.026887898707888505 0.0078069568832136293 0.035037698345869214 0.0200442346982618 -0.046464232602611302 -0.029162759133572996 -0.012384789837523917 -0.049059504068917986 -0.018840683778183574
leaf_weight=24.528210394084454 22.643408239819113 5.2735403478145582 4.9597714375704509 5.5407587923109549 5.5295517798513165 16.935513461008671 67.242774600163102 6.0779092349112025 184.93632961623371 13.890570098534225 8.7766352295875532 1.2645539194345481 5.5542381592094898 12.230917870998381 3.9978801086544973 6.1805561892688274 26.907492972910404 11.872322279959915 3.496987160295248 1.1971569200977743 1.9828160936012844 6.5801289789378634 7.7921462021768093 4.8621127298101765 1.5958435675129288 4.0602572886273256 3.9545484827831388 1.9223381299525497 5.0547511680051684 4.4654703056439757 1.4725459162145842 0.53650160692632276 1.2440015561878679 11.952048637904225 3.8824798641726375 1.5954541265964497 12.918943548575042 0.98708228673785914
leaf_count=77 381 35 51 19 49 165 398 45 940 102 58 48 50 35 28 68 122 40 26 18 33 183 47 104 42 84 134 18 167 134 24 4 26 397 124 46 746 25
internal_value=0 0.0040693 0.00173187 0.0132514 0.00282707 -0.00572737 0.00267842 -0.0321554 0.00636137 0.0037402 0.0218888 -0.0181969 -0.0181791 0.0178587 0.0108773 -0.0141732 0.0174426 0.031324 -0.0398565 -0.013818 -0.00624492 0.00116088 0.014741 -0.0251977 -0.00933428 0.00865782 -0.0235166 0.0254621 -0.0265017 -0.00859376 -0.0388721 -0.043622 -0.0239748 -0.0354834 -0.0153137 -0.0427071 -0.0470333 -0.0447303
internal_weight=0 421.724 336.374 85.3499 327.917 95.7857 72.7723 23.0134 232.132 198.827 33.3048 94.1724 10.8278 74.5221 49.3168 10.1784 39.1384 25.2052 8.45676 77.9799 47.0179 34.5278 13.3329 30.962 12.3348 26.7037 8.81666 3.51818 12.4901 6.44829 16.1925 14.72 7.82413 18.6271 5.07964 13.5475 14.1835 6.04183
internal_count=5093 2355 1911 444 1834 657 447 210 1177 1042 135 2738 85 359 253 96 157 106 77 1916 1033 674 66 883 298 465 238 60 359 167 822 798 209 585 142 443 794 192
is_linear=0
shrinkage=0.0472155


Tree=29
num_leaves=23
num_cat=0
split_feature=64 60 54 54 64 40 64 48 59 47 58 41 56 41 60 2 41 53 45 61 46 10
split_gain=14.7463 6.77815 6.4153 6.94801 5.59223 5.02096 2.9243 2.29872 2.51478 2.37088 2.49639 2.31739 2.19446 2.02657 1.6096 1.64729 0.769635 1.06574 1.01571 0.54989 0.170656 0.0583049
threshold=29.150000000000002 -1.0000000180025095e-35 44.100000000000009 41.850000000000001 1.6500000000000001 41.650000000000013 124.05000000000001 0.45000000000000007 250.00000000000003 39.150000000000013 3.5000000000000004 1.1500000000000001 0.5590277777777779 4.9500000000000011 0.2264957264957265 7.5000000000000009 3.0500000000000003 5.5000000000000009 145.00000000000003 0.24350078846587067 3.5000000000000004 1.0000000180025095e-35
decision_type=2 2 2 2 2 2 2 2 2 2 2 2 2 2 2 2 2 2 2 2 2 2
left_child=1 -1 3 4 -3 -6 7 11 9 13 -11 -2 19 -9 15 20 18 -18 -10 -13 -8 -22
right_child=6 2 -4 -5 5 -7 14 8 16 10 -12 12 -14 -15 -16 -17 17 -19 -20 -21 21 -23
leaf_value=-0.054420026395617951 0.03244467244163525 0.05171004999597837 0.057465885869698113 -0.051494113556107703 0.0043823331821402182 -0.01852490666040893 -0.02292332924309563 -0.029166318374964174 -0.048035549222449486 -0.017850156438932809 0.021914535081769007 -0.052026853798163832 0.022996500359571861 0.024426970178580074 0.033341284402904306 0.0051169149635391402 0.024182209433723897 -0.037182748399770545 0.0077728460986006562 -0.0065599987320981313 -0.049562520731093927 -0.02016448614343657
leaf_weight=4.3391106892377129 4.0240456126630288 5.1847712695598593 4.7242755666375151 4.9559334833174935 400.48282687179744 22.3505091778934 1.2031687367707444 15.625097634270793 8.9267742657102609 6.7865188438445312 6.9381294706836343 2.0763282822445039 1.924808803014457 1.6013541631400574 0.53400606103241521 1.4626268204301602 0.92991554364561979 1.3065722179599104 0.71986695565283376 0.9280312880873679 11.688813084270802 0.56119090830907303
leaf_count=56 47 20 12 44 2456 197 48 500 375 199 128 70 28 28 4 24 13 58 22 18 719 27
internal_value=0 0.00313585 0.00372943 0.00311862 0.00377327 0.00316279 -0.0205706 -0.0150809 -0.0196191 -0.0123747 0.00222813 0.00651961 -0.0149051 -0.0239516 -0.0385553 -0.0415291 -0.0379808 -0.0114963 -0.0437408 -0.0393202 -0.0466484 -0.0485709
internal_weight=0 442.037 437.698 432.974 428.018 422.833 67.2372 51.7874 42.8342 30.9511 13.7246 8.95321 4.92917 17.2265 15.4498 14.9158 11.8831 2.23649 9.64664 3.00436 13.4532 12.25
internal_count=5093 2785 2729 2717 2673 2653 2308 1486 1323 855 327 163 116 528 822 818 468 71 397 88 794 746
is_linear=0
shrinkage=0.0472155


Tree=30
num_leaves=40
num_cat=0
split_feature=64 42 59 24 63 47 57 64 42 11 12 62 55 53 13 64 64 65 64 16 56 63 41 47 7 7 49 61 55 60 47 38 15 57 46 54 47 47 61
split_gain=13.9389 3.57678 7.61773 5.60826 4.25111 3.76093 6.85866 5.50802 5.20463 4.68134 4.42946 3.57849 3.192 3.14746 5.2511 4.13088 2.85152 2.74631 2.61989 3.96516 2.34296 2.69746 2.42687 2.03799 1.60542 1.85431 1.47076 1.32826 1.54798 1.29066 1.22824 1.18968 1.82477 1.14343 0.699017 0.521538 0.154772 0.115441 0.105023
threshold=25.250000000000004 0.71825396825396837 -184.99999999999997 1.5000000000000002 15.500000000000002 38.350000000000001 2.2500000000000004 3.9500000000000006 0.13809523809523808 1.5000000000000002 7.5000000000000009 5.5000000000000009 0.95000000000000007 7.5000000000000009 1.5000000000000002 5.2500000000000009 60.350000000000001 12.500000000000002 6.0500000000000007 1.5000000000000002 0.37980769230769235 10.500000000000002 1.5500000000000003 43.250000000000007 2.5000000000000004 36.500000000000007 0.31009615384615391 0.10673139158576046 2.3500000000000001 0.094807158032358216 39.150000000000013 95.000000000000014 34.500000000000007 -1.0000000180025095e-35 3.5000000000000004 38.050000000000004 14.250000000000002 37.250000000000007 0.045983086680761058
decision_type=2 2 2 2 2 2 2 2 2 2 2 2 2 2 2 2 2 2 2 2 2 2 2 2 2 2 2 2 2 2 2 2 2 2 2 2 2 2 2
left_child=1 4 -3 13 5 7 9 11 -8 -7 -9 -1 20 14 -4 -15 17 27 -6 -20 22 26 24 38 -2 -26 -22 28 -14 37 -28 34 35 -29 -18 -33 -36 -23 -24
right_child=12 2 3 -5 18 6 8 10 -10 -11 -12 -13 16 15 -16 -17 31 -19 19 -21 21 29 23 -25 25 -27 30 33 -30 -31 -32 32 -34 -35 36 -37 -38 -39 -40
leaf_value=0.0097785834764953887 0.025691056386989097 0.034394414011964212 -0.015499749789989045 0.029886654862468592 0.047900788056437771 0.0052613720547899879 0.0010587923912161107 0.0016535717228723312 -0.045732709618159756 -0.035231038981804741 0.044478784767022973 0.033937478786318039 -0.021971381226133718 0.017149927355657898 -0.06285868929265119 -0.016709916491466716 0.0030330437975631007 0.029904339895999756 -0.021846310800998858 0.041707268731424163 0.047447161865984508 -0.02132986231283187 -0.021619382027688018 0.026835202773113225 -0.041211422529397156 0.022812718880247641 -0.005642095888863669 -0.048869806996604849 0.026446098525121062 0.012857699422917243 0.03192879013674229 -0.0092932016095235836 0.03660855997446525 -0.019270550949584755 -0.012630486052095135 -0.046150348041848151 -0.048711522837688571 -0.051295569188311942 -0.047676865972041141
leaf_weight=29.95572143420577 3.0195583784952786 9.4035746268928033 30.535407140851021 6.8917562272399655 7.9628769010305431 105.00956901721656 9.0545427966862935 134.53557545132935 12.487304473295806 6.5982763785868874 5.4370661154389373 25.443214405328035 3.3524599205702605 12.834760300815104 6.1966262925416222 20.805296158418059 0.58088021911681309 2.4909074790775767 4.2204312942922098 4.1879253014922142 2.7132061030715695 0.88822484295815218 0.92125223623588492 0.86565960198640812 2.6370049705728889 1.4183006510138509 5.2689907839521748 4.337175097316508 2.3491513719782233 1.1903118612244723 2.8394264560192823 1.565479765646159 0.92757139448076475 9.88980373553931 0.46702280640602012 2.25304199103266 15.037061913404612 1.837077062577009 6.4620520137250423
leaf_count=117 38 47 232 35 21 596 54 870 119 56 24 82 91 49 51 219 17 39 39 19 18 29 28 8 76 26 128 152 47 21 30 67 13 282 21 116 926 59 231
internal_value=0 0.00323559 -0.00532782 -0.0102375 0.00539096 0.00421009 -0.00190423 0.00837841 -0.0261854 0.00281025 0.00337516 0.0209577 -0.0190091 -0.0142405 -0.0237669 -0.00375027 -0.0272069 -0.0152909 0.028753 0.00993732 -0.00710394 0.00627592 -0.0199389 -0.0370619 0.000349345 -0.0186494 0.0184212 -0.0211833 -0.00171907 -0.026484 0.00783321 -0.0397663 -0.017855 -0.0288233 -0.04593 -0.0322716 -0.0478191 -0.0436289 -0.0450871
internal_weight=0 431.56 86.6674 77.2638 344.893 328.521 133.15 195.372 21.5418 111.608 139.973 55.3989 73.3116 70.3721 36.732 33.6401 43.2506 22.4195 16.3712 8.40836 30.0611 14.7372 15.3238 8.24896 7.07486 4.05531 10.8216 19.9286 5.70161 3.91561 8.10842 20.8311 4.74609 14.227 16.085 3.81852 15.5041 2.7253 7.3833
internal_count=5093 2630 633 586 1997 1918 825 1093 173 652 894 199 2463 551 283 268 1771 611 79 58 692 285 407 267 140 102 176 572 138 109 158 1160 196 434 964 183 947 88 259
is_linear=0
shrinkage=0.0472155


Tree=31
num_leaves=35
num_cat=0
split_feature=64 64 38 41 21 57 64 52 60 54 18 54 4 63 49 56 49 49 60 57 55 7 31 49 59 2 59 62 3 47 53 13 11 45
split_gain=12.2701 3.46612 3.37253 6.08519 5.8168 5.04813 4.18836 3.94043 3.81989 3.7925 3.72994 3.04515 3.11346 2.97743 2.75692 2.49042 2.48627 2.2859 2.07606 2.38558 1.75764 1.74525 1.676 1.53794 1.49107 1.49943 1.18347 1.1229 1.24107 0.647791 1.0211 0.638438 0.330874 0.198062
threshold=20.150000000000002 124.05000000000001 35.000000000000007 2.8500000000000001 1.0000000180025095e-35 -5.2499999999999991 2.5500000000000003 95.000000000000014 0.03986754966887416 37.250000000000007 4.5000000000000009 38.250000000000007 3.5000000000000004 15.500000000000002 0.30384615384615393 0.38675213675213677 0.2264957264957265 0.51470588235294124 0.071661998132586363 2.7500000000000004 1.5500000000000003 6.5000000000000009 15.500000000000002 0.18465909090909091 -849.99999999999989 7.5000000000000009 -1.0000000180025095e-35 2.5000000000000004 1.0000000180025095e-35 37.45000000000001 3.5000000000000004 2.5000000000000004 1.5000000000000002 15.500000000000002
decision_type=2 2 2 2 2 2 2 2 2 2 2 2 2 2 2 2 2 2 2 2 2 2 2 2 2 2 2 2 2 2 2 2 2 2
left_child=2 11 4 6 5 21 -4 8 -7 -5 13 12 14 -8 23 -16 -6 -18 27 20 -20 -1 -12 -2 -3 32 -21 28 -13 -14 -31 -29 -26 -34
right_child=1 24 3 9 16 7 10 -9 -10 -11 22 18 29 -15 15 -17 17 -19 19 26 -22 -23 -24 -25 25 -27 -28 31 -30 30 -32 -33 33 -35
leaf_value=0.0095477460968231669 0.0012356582443338064 0.022713661987757157 0.048169136909470285 0.0028371963485799069 0.048513048282343534 -0.013220855360125544 0.010460779041756471 -0.038245761623362191 0.0012963208594046897 -0.068940848038649125 -0.040026821747786677 0.026581043021846756 -0.05457810795488599 0.04349450546648994 -0.037373626293127973 -0.0010648204676214836 -0.0099631357580809987 0.032320810259867404 -0.0021995328411450422 0.051125440925798772 -0.045723495981789659 0.044039807108377342 0.00185740644719614 0.030941667701894788 -0.048680549930087143 0.00436096865435059 -0.0031974689359970097 -0.045372023435898849 -0.02698436633957298 0.01404137423781552 -0.038987680851280404 -0.01057051643508721 0.002406085371543762 -0.033315944162203737
leaf_weight=6.6876111403107625 7.8522518207319063 0.75550948362797399 6.7019271161407223 3.1077011153101912 6.8683410733938244 50.513410437852144 96.789997035637498 6.5645126905292264 198.84356023743749 3.2325649186968803 4.2706334404647333 1.1295209778472841 2.4124883450567713 6.3605284914374343 5.2879554103128639 18.604113906621933 5.292053369805215 5.8045413363724947 4.7424847381189448 1.6519606094807389 3.5660878717899323 6.58579296246171 4.0059342384338379 7.6384274698793888 11.004937809891997 1.4114105207845558 1.6718888143077482 11.011547912843524 3.5945175550878048 1.1275458792224529 2.0757917482405901 1.5087337186560024 0.56027995608746894 0.55081080738455057
leaf_count=33 134 15 22 22 25 340 547 51 1105 36 35 18 86 28 170 466 33 26 104 12 134 26 26 91 721 24 48 397 124 21 65 46 28 34
internal_value=0 -0.0159679 0.00342516 0.00991102 0.000607289 -0.00113357 0.0123492 -0.00261586 -0.00164911 -0.0345284 0.0101168 -0.011783 -0.00405492 0.0125742 0.000679149 -0.00934118 0.026488 0.0122563 -0.0237064 -0.00804742 -0.0215145 0.02706 -0.0200594 0.016107 -0.0371637 -0.0408025 0.0248234 -0.0340452 -0.0135527 -0.0363827 -0.0203701 -0.0414328 -0.0461035 -0.0169241
internal_weight=0 88.1583 411.629 124.469 287.16 269.195 118.129 255.921 249.357 6.34027 111.427 73.8753 44.9986 103.151 39.3827 23.8921 17.9649 11.0966 28.8767 11.6324 8.30857 13.2734 8.27657 15.4907 14.2829 13.5274 3.32385 17.2443 4.72404 5.61583 3.20334 12.5203 12.116 1.11109
internal_count=5093 2738 2355 716 1639 1555 658 1496 1445 58 636 1916 1033 575 861 636 84 59 883 298 238 59 61 225 822 807 60 585 142 172 86 443 783 62
is_linear=0
shrinkage=0.0472155


Tree=32
num_leaves=37
num_cat=0
split_feature=64 54 64 40 38 42 47 63 52 3 52 48 61 55 65 55 38 52 56 63 7 3 64 0 15 6 47 17 4 56 63 46 7 54 57 46
split_gain=11.3983 4.89354 4.16623 4.76057 5.11553 4.37014 4.354 5.11199 4.7529 4.61111 4.0488 3.87406 3.74137 3.51046 3.49758 2.942 2.49187 2.70848 2.07763 2.0959 2.00492 2.00074 1.55916 1.47671 1.45329 1.37341 1.25808 1.19295 1.06884 0.944485 0.517256 0.47475 0.18508 0.160925 0.134651 0.06569
threshold=37.45000000000001 44.100000000000009 9.4500000000000011 37.350000000000001 75.000000000000014 0.51666666666666672 40.550000000000004 4.5000000000000009 85.000000000000014 10.500000000000002 5.5000000000000009 2.4500000000000006 0.075614636935391624 1.0500000000000003 5.5000000000000009 0.95000000000000007 65.000000000000014 2.5000000000000004 0.4330357142857143 10.500000000000002 2.5000000000000004 3.5000000000000004 61.350000000000001 4.5000000000000009 10.500000000000002 1.5000000000000002 39.150000000000013 1.0000000180025095e-35 2.5000000000000004 0.30384615384615393 13.500000000000002 2.5000000000000004 13.500000000000002 39.050000000000004 -0.74999999999999989 5.5000000000000009
decision_type=2 2 2 2 2 2 2 2 2 2 2 2 2 2 2 2 2 2 2 2 2 2 2 2 2 2 2 2 2 2 2 2 2 2 2 2
left_child=1 2 6 4 13 14 8 -8 11 -10 -9 -1 -7 -4 -5 18 17 -17 24 25 -6 22 -18 30 27 26 -20 29 -29 -2 -23 -19 -21 -24 -26 -33
right_child=15 -3 3 5 20 12 7 10 9 -11 -12 -13 -14 -15 -16 16 21 31 19 32 -22 23 33 -25 34 -27 -28 28 -30 -31 -32 35 -34 -35 -36 -37
leaf_value=0.0022837571159531138 -0.039321718267234691 0.050779864193029434 0.010074866965724016 -0.023633639668725805 0.061098887648687032 0.015454780903692502 0.018044373544254668 -0.0055214192314076618 0.0049878128015244053 0.043990341195451442 -0.055605247337688783 0.020107635829629017 -0.0299388743200035 -0.027994486858471057 0.0038003241735867829 0.049760419682198555 0.03791170338861112 -0.0019673613157757653 0.0033924453297453205 -0.049362117061995954 0.018814037474800809 -0.046336067492171541 -0.0032438678619285395 0.0091837642525679063 -0.052448376872805895 -0.010336089542273099 0.051372156258478255 0.029459754122654138 -0.024295082134533914 0.013517562262790845 -0.0034535943796600195 -0.028713583164030516 -0.012727224443869338 -0.036869070720690109 -0.020930764099242796 -0.046827747465743245
leaf_weight=237.4904117397964 2.8334727678447984 4.4343557916581622 15.906299082562329 13.479432167485355 4.2393781803548318 4.5289166131988159 6.6192807070910957 7.0137987062334997 13.268882164731624 13.7927237637341 7.3782468698918819 30.556905759498477 30.670310803689063 7.9511722782626739 42.712536539882421 0.56609548628330841 2.3400948252528893 0.62708992883563297 2.0226609325036389 0.91004296112805583 6.4720061384141445 4.1380982869304717 0.63921911874785997 1.767424509860575 2.5035961563698952 2.1705228099599481 3.1196555830538273 2.2461882876232271 1.0815686229616401 0.88627932220697392 0.80720892455428828 1.7361599551513816 0.73393920995295048 0.67430452071130276 0.81012978125363577 16.414144017267972
leaf_count=1079 110 14 150 148 19 62 29 40 58 44 50 128 524 124 533 4 29 16 49 35 60 209 27 41 93 51 20 41 44 15 29 71 28 35 28 1056
internal_value=0 0.00237576 0.00186887 -0.00538512 0.0094966 -0.0110286 0.00476269 -0.015911 0.00624538 0.0250453 -0.0316015 0.00432985 -0.0240324 -0.0026974 -0.00282207 -0.0215684 -0.0308638 -0.0408359 -0.00709082 0.00942229 0.0363224 -0.0118255 0.0156984 -0.0269183 -0.0213464 0.0203619 0.0333545 -0.0086545 0.011463 -0.0265243 -0.0398201 -0.0440357 -0.036161 -0.0232457 -0.0463652 -0.0454212
internal_weight=0 446.515 442.08 125.96 34.5689 91.3912 316.12 21.0113 295.109 27.0616 14.392 268.047 35.1992 23.8575 56.192 49.0279 29.7098 19.3435 19.3181 8.95682 10.7114 10.3664 3.65362 6.71273 10.3612 7.31284 5.14232 7.04751 3.32776 3.71975 4.94531 18.7774 1.64398 1.31352 3.31373 18.1503
internal_count=5093 3062 3048 1620 353 1267 1428 119 1309 102 90 1207 586 274 681 2031 1517 1147 514 183 79 370 91 279 331 120 69 210 85 125 238 1143 63 62 121 1127
is_linear=0
shrinkage=0.0472155


Tree=33
num_leaves=46
num_cat=0
split_feature=64 40 59 53 46 42 57 0 64 38 27 60 60 31 60 47 6 42 60 7 52 49 49 16 56 64 62 5 19 65 30 13 30 27 57 42 42 64 47 52 38 61 42 12 40
split_gain=9.90456 3.73943 9.06737 8.73148 6.18285 6.16694 11.1928 5.35047 5.10634 7.97065 5.08652 4.03137 3.65698 3.29167 8.36512 5.37563 4.85798 6.04376 5.99195 4.80016 4.15421 3.60981 3.15011 2.95144 2.88099 2.78968 2.29322 2.17701 3.84639 2.60471 2.90346 1.64506 2.02806 1.59403 2.35785 1.26871 2.36325 1.25754 1.04019 1.18074 0.82419 0.754482 0.572409 0.344261 0.168074
threshold=25.250000000000004 38.750000000000007 -1.0000000180025095e-35 9.5000000000000018 1.5000000000000002 0.42261904761904762 -1.2499999999999998 1.5000000000000002 4.2500000000000009 8.5000000000000018 1.0000000180025095e-35 0.064665471923536402 0.067878887609017571 7.5000000000000009 0.052830940988835708 36.050000000000004 1.0000000180025095e-35 0.74166666666666681 0.11549577590040011 3.5000000000000004 9.5000000000000018 0.64495798319327746 0.92582417582417598 3.5000000000000004 0.060661764705882353 124.05000000000001 3.5000000000000004 1.0000000180025095e-35 11.500000000000002 12.500000000000002 1.5000000000000002 1.0000000180025095e-35 1.0000000180025095e-35 1.0000000180025095e-35 1.0000000180025095e-35 0.21825396825396823 0.17156862745098037 36.050000000000004 42.750000000000007 95.000000000000014 95.000000000000014 0.29190074906367042 0.2264957264957265 5.5000000000000009 34.850000000000001
decision_type=2 2 2 2 2 2 2 2 2 2 2 2 2 2 2 2 2 2 2 2 2 2 2 2 2 2 2 2 2 2 2 2 2 2 2 2 2 2 2 2 2 2 2 2 2
left_child=1 13 4 8 -3 11 -7 10 9 -4 -5 -6 -10 15 26 19 18 -18 -17 24 -21 23 -9 -16 -1 27 -15 33 29 30 -29 32 -30 34 37 36 -27 -2 39 -35 -31 -33 -36 44 -37
right_child=25 2 3 7 5 6 -8 22 12 -11 -12 -13 -14 14 21 16 17 -19 -20 20 -22 -23 -24 -25 -26 35 -28 28 31 40 -32 41 -34 38 42 43 -38 -39 -40 -41 -42 -43 -44 -45 -46
leaf_value=0.02253529500319151 0.030684408565681887 -0.033916318153026863 -0.037054737088736037 -0.010405115080744261 0.0056227356332829419 0.027093432732911489 -0.041508273445819567 -0.042647733203571042 -0.019204809995074713 0.023983313845826321 0.0336100041590899 0.033809531579306051 -0.047900263086395854 0.0050038692265606602 0.045216633341513594 0.020600811643652055 0.0042624911846956279 -0.03218575817218923 -0.0089637294728698007 -0.064131894489275976 -0.013365591433213355 -0.0013237684934943952 0.012954699144821238 0.014039899738474434 -0.012425343357251914 -0.048265083546141223 -0.038764390365326029 -0.010158722273618593 0.014298978071503838 0.019803087725502298 0.06408848944426862 -0.040429187135156947 -0.032350859391987924 -0.044043065181239176 -0.0078975219510227339 -0.01172264762379905 0.037209618812195006 -0.008520592955294809 0.014877414707815045 -0.0012750590689579731 0.059343440935411204 0.0034822816329818226 -0.047288976159607823 -0.010880542731256496 -0.047134568175823226
leaf_weight=8.7511100675910729 2.772239865735175 6.4989554956555358 8.4025107398629206 9.0143467746675032 18.54436700977385 10.294945858418943 10.566730592399834 6.2784985117614251 21.48458400927484 10.564371652901171 16.073552323505282 29.409556431695819 19.034142252057791 4.65303687751293 20.2617900390178 73.59915890917182 60.913449106737971 11.984050715342162 19.133215606212616 5.6463191583752623 9.8304506391286832 7.6910566985607138 3.3791927993297577 10.543305687606333 12.591694589704273 1.2543252664618187 5.9008700121194124 9.1503221392631531 4.90611614380032 2.7605683617293826 1.168023111298681 6.8454000344499937 3.3366204663179815 9.8531856527551955 1.2664847942069171 0.50056116003542861 1.2791614858433602 4.6056574052199721 0.790153684094549 1.7291827872395522 2.4228632543236017 0.93530083820223797 3.0662954347208142 0.86998217832297164 9.2845793203450722
leaf_count=33 40 53 38 86 100 52 90 74 239 38 95 125 208 30 78 395 329 108 112 41 68 44 17 54 78 89 45 249 120 56 13 263 117 382 31 24 25 137 18 51 14 24 126 31 653
internal_value=0 0.00271582 -0.00269925 -0.0124536 0.00949712 0.0136821 -0.00767981 0.0063191 -0.023416 -0.00311492 0.0178068 0.0229829 -0.0328488 0.00636824 0.0173242 0.00369793 0.00732866 -0.00178335 0.0144885 -0.0125745 -0.0324378 0.0275181 -0.0232426 0.0347066 0.0019461 -0.0165858 -0.0196406 -0.0118669 -0.00363814 0.0130314 -0.000763513 -0.0197715 -0.00478789 -0.0225078 -0.00972676 -0.0360184 -0.00525436 0.00649478 -0.0342491 -0.0378271 0.0397407 -0.0351089 -0.036672 -0.0430703 -0.0456258
internal_weight=0 421.045 169.546 94.2312 75.3146 68.8156 20.8617 34.7456 59.4856 18.9669 25.0879 47.9539 40.5187 251.5 49.0501 202.449 165.63 72.8975 92.7324 36.8196 15.4768 38.4962 9.65769 30.8051 21.3428 68.797 10.5539 55.6084 31.5252 15.5018 10.3183 16.0234 8.24274 24.0832 11.7107 13.1886 2.53349 7.3779 12.3725 11.5824 5.18343 7.7807 4.33278 10.6551 9.78514
internal_count=5093 2630 1215 795 420 367 142 272 523 76 181 225 447 1415 251 1164 944 437 507 220 109 176 91 132 111 2463 75 1641 856 332 262 524 237 785 334 822 114 177 451 433 70 287 157 708 677
is_linear=0
shrinkage=0.0472155


Tree=34
num_leaves=28
num_cat=0
split_feature=64 60 64 54 55 5 55 42 38 56 49 58 62 6 47 60 63 41 56 6 52 42 60 2 6 59 49
split_gain=9.33593 4.70505 4.63542 3.4343 4.21889 3.65876 3.2416 2.82169 2.54324 2.47501 1.93013 1.95452 1.66298 1.34487 1.24626 1.23236 1.04737 1.02847 0.850238 0.679857 0.90712 0.662446 0.542415 0.130098 0.0534291 0.0116623 0.00795275
threshold=43.45000000000001 -1.0000000180025095e-35 1.6500000000000001 44.100000000000009 3.7500000000000004 1.0000000180025095e-35 0.8500000000000002 0.26969696969696971 65.000000000000014 0.29705882352941176 0.51470588235294124 -1.0000000180025095e-35 5.5000000000000009 1.5000000000000002 42.95000000000001 1.0000000180025095e-35 4.5000000000000009 1.5500000000000003 0.32291666666666669 5.5000000000000009 11.500000000000002 0.34313725490196084 0.10135754907356447 1.5000000000000002 3.5000000000000004 -74.999999999999986 0.71825396825396837
decision_type=2 2 2 2 2 2 2 2 2 2 2 2 2 2 2 2 2 2 2 2 2 2 2 2 2 2 2
left_child=1 18 -3 4 5 -4 9 -6 19 14 11 -10 13 21 15 17 -13 -2 -1 25 -21 -11 26 -14 -17 -8 -12
right_child=6 2 3 -5 7 -7 8 -9 10 12 22 16 23 -15 -16 24 -18 -19 -20 20 -22 -23 -24 -25 -26 -27 -28
leaf_value=-0.070037554614763908 0.023954020504331829 0.047948757024456876 -0.0025266896372345411 0.044732174664509253 0.0034796798250284291 0.0063670463368303435 -0.03501148854964322 -0.044236696247945385 -0.040153058600984094 0.052684286041647481 -0.027316223251879494 0.048379330367757205 -0.040980545816920781 -0.010862248548838594 0.0260750228181547 -0.0527590229152144 -0.0013781119019266397 -0.037163874594499026 -0.023047747420677184 0.022275545056601807 -0.043208005637679382 0.017123429736829197 0.0064651853802797435 -0.010398874506092313 -0.022728902766860251 -0.047852597857400432 -0.046277486780823274
leaf_weight=1.9313043877482408 1.1835851967334741 4.7685340270400038 188.65570060629398 3.9704685918986788 4.3466795831918699 226.87544974125922 3.2821593512780991 7.1840872215107083 1.1460482496768234 2.3210011823102814 1.4380575097166004 1.9609485063701853 0.81319278571754672 1.8839824693277476 0.76839020010083903 3.0580385648645465 1.6277555990964172 0.94243119051679958 1.9750460870563982 0.7845731722190965 0.75702104205265641 2.8201962672173977 0.56547384895384301 0.78727809339761734 0.63213275792077173 11.921969952061774 2.1277119442820549
leaf_count=31 17 21 1415 13 33 1605 178 88 50 15 74 27 33 46 10 138 51 47 28 28 51 46 22 26 26 849 125
internal_value=0 0.00200841 0.00248142 0.00195765 0.00154029 0.00232827 -0.0215495 -0.0264111 -0.0317522 -0.00416193 -0.0109148 0.00947377 0.012343 0.0222806 -0.0256384 -0.0331405 0.0266242 -0.00362375 -0.0484455 -0.0425193 -0.0106313 0.0345052 -0.0338673 -0.0288098 -0.0490444 -0.0455527 -0.0404394
internal_weight=0 439.707 435.801 431.032 427.062 415.531 40.8219 11.5308 25.6117 15.2102 8.866 4.73475 8.62565 7.02518 6.58458 5.81619 3.5887 2.12602 3.90635 16.7457 1.54159 5.1412 4.13124 1.60047 3.69017 15.2041 3.56577
internal_count=5093 3234 3175 3154 3141 3020 1859 121 1455 404 349 128 166 107 238 228 78 64 59 1106 79 61 221 59 164 1027 199
is_linear=0
shrinkage=0.0472155


Tree=35
num_leaves=24
num_cat=0
split_feature=64 60 64 39 5 54 61 55 40 49 58 4 45 42 42 56 46 64 59 61 49 61 58
split_gain=8.72601 4.13126 4.21311 3.10729 3.31649 5.3823 4.83099 2.73492 3.16473 2.67057 2.5884 2.32466 2.02721 2.01265 2.29302 0.772862 0.62958 0.525672 0.516823 0.68525 0.14621 0.117767 0.0686382
threshold=43.45000000000001 -1.0000000180025095e-35 1.6500000000000001 14.500000000000002 1.0000000180025095e-35 37.650000000000013 0.10056179775280898 0.25000000000000006 37.150000000000013 0.51470588235294124 -2.4999999999999996 2.5000000000000004 7.5000000000000009 0.17156862745098037 0.68990384615384626 0.39444444444444454 3.5000000000000004 105.45 -74.999999999999986 0.29296146175127069 0.46410256410256417 0.075614636935391624 -1.0000000180025095e-35
decision_type=2 2 2 2 2 2 2 2 2 2 2 2 2 2 2 2 2 2 2 2 2 2 2
left_child=1 15 -3 4 5 -4 -6 -5 -9 10 21 13 17 22 -15 -1 -14 -11 19 -18 -13 -2 -12
right_child=9 2 3 7 6 -7 -8 8 -10 12 11 20 16 14 -16 -17 18 -19 -20 -21 -22 -23 -24
leaf_value=-0.066942516113736805 -0.017254665115030411 0.047095289190171197 0.0057346220262899103 0.015746261442976819 0.026270058130809692 -0.010210499414192341 0.0040154165323398935 0.0084232679063117686 -0.049709362141209669 -0.015559473113112855 -0.016107168036343763 -0.046426239830115956 0.0064839689360037655 0.025041389126724271 -0.023536299396684848 -0.020110242535277083 -0.033416577951615123 0.027125394758600263 -0.047052214524407138 0.01422070983061029 -0.012232871215491294 -0.047647828470187815 -0.043891152605039063
leaf_weight=1.9246081002056592 0.68620592728257479 4.4650176391005507 96.283502062782645 3.3210638873279086 24.191309955902398 92.198365134187043 204.6948665715754 2.8561900742351991 6.9949483508244157 1.0299582518637209 0.6865825834684075 2.0306055294349785 0.56780763715505855 9.355093489866702 2.6400210675783446 1.6722069960087536 4.0155382202938261 1.2043480481952427 11.408665580675001 0.67919597029685963 0.56082296837121237 3.1311998032033443 1.2009105430915974
leaf_count=35 37 21 644 25 186 758 1416 18 107 34 22 109 17 216 118 24 209 24 808 21 23 161 60
internal_value=0 0.00191066 0.00233777 0.00185315 0.00257067 -0.00206395 0.00638864 -0.020569 -0.0329374 -0.0212931 -0.00923023 -0.000914225 -0.034003 0.00684189 0.014112 -0.0472848 -0.0396209 0.0074795 -0.0413385 -0.0261286 -0.0405023 -0.0433425 -0.0363229
internal_weight=0 438.602 435.005 430.54 417.368 188.482 228.886 13.1722 9.85114 39.197 20.2914 16.474 18.9055 13.8826 11.9951 3.59682 16.6712 2.23431 16.1034 4.69473 2.59143 3.81741 1.88749
internal_count=5093 3234 3175 3154 3004 1402 1602 150 125 1859 746 548 1113 416 334 59 1055 58 1038 230 132 198 82
is_linear=0
shrinkage=0.0472155


Tree=36
num_leaves=44
num_cat=0
split_feature=64 64 58 47 62 61 61 56 48 6 61 56 56 16 60 0 55 38 38 40 54 59 56 62 49 58 19 47 60 53 41 42 39 54 6 7 64 7 65 55 52 6 46
split_gain=7.98908 3.94489 5.58967 8.7052 4.72744 6.74694 5.27288 6.55231 6.0935 4.43038 5.11932 4.26682 9.01563 4.44391 3.04476 3.14642 2.54587 2.48077 1.92115 1.75888 2.23382 1.58171 1.55936 2.13827 1.51683 1.88336 1.43746 1.31026 1.32465 1.2881 1.09347 1.07098 0.684438 0.613838 0.285249 0.67343 0.27048 0.220815 0.0680854 0.0672079 0.0576508 0.0237578 0.0209567
threshold=43.45000000000001 5.2500000000000009 12.500000000000002 43.250000000000007 7.5000000000000009 0.27963963963963967 0.30195010763581109 0.83974358974358987 3.4500000000000006 6.5000000000000009 0.17958733974358979 0.54195804195804198 0.13809523809523808 4.5000000000000009 0.17902930402930403 2.5000000000000004 1.1500000000000001 14.500000000000002 65.000000000000014 38.95000000000001 38.650000000000013 -1.0000000180025095e-35 0.29705882352941176 5.5000000000000009 0.53589743589743599 3.5000000000000004 11.500000000000002 43.150000000000013 1.0000000180025095e-35 4.5000000000000009 1.2500000000000002 0.25833333333333336 3.5000000000000004 38.050000000000004 5.5000000000000009 42.500000000000007 107.15000000000002 17.500000000000004 8.5000000000000018 1.2500000000000002 75.000000000000014 3.5000000000000004 7.5000000000000009
decision_type=2 2 2 2 2 2 2 2 2 2 2 2 2 2 2 2 2 2 2 2 2 2 2 2 2 2 2 2 2 2 2 2 2 2 2 2 2 2 2 2 2 2 2
left_child=1 4 9 19 6 29 7 8 -1 11 21 12 -3 -13 15 -8 22 -12 34 20 -4 -11 27 26 25 36 31 28 30 -6 -2 -24 -21 -28 38 -36 -20 -25 -18 -40 -26 -30 -42
right_child=16 2 3 -5 5 -7 14 -9 -10 10 17 13 -14 -15 -16 -17 18 -19 24 32 -22 -23 23 37 40 -27 33 -29 41 -31 -32 -33 -34 -35 35 -37 -38 -39 39 -41 42 -43 -44
leaf_value=-0.0025881223238063489 0.034652237710734474 0.0071524701240423686 -0.039021597045346149 0.054434867205574201 0.027196488715668463 -0.0098859452597146753 0.031583580126943747 -0.044359173778988958 0.041051131018254014 0.010442819437895013 0.050660816867754137 0.0093229289145244816 -0.017022276322207586 -0.040488936200404016 -0.0032753345920650996 -0.002424528154474281 -0.019313544697614222 0.0090668125965655943 -0.042866303288418589 -0.02238127739409183 0.016605203617983681 -0.039143879886357473 0.052685489647486504 -0.046061761963644789 -0.015876654073877887 0.033365800666077708 -0.037117610358060403 0.030210605609339233 -0.051142292814521408 0.052050870688527068 -0.028349397781504904 0.011265575002585971 -0.053024390596934652 0.011219155341149756 0.021529786523008427 -0.041837183501048952 -0.0045077837693346451 -0.011813897289606076 -0.015318433948585206 -0.046376296963808086 -0.021456651083648127 -0.024023546438403903 -0.045390175060735442
leaf_weight=83.451976675540209 0.88798727467656435 59.715421430766582 3.605440882034606 2.5173999294638625 10.649246197193866 8.7392555549740774 26.820420183241367 7.4751167818903914 7.622507117688655 2.4894145540893078 9.2275762949138862 78.283223317936063 80.590495844371617 4.0314416047185651 12.304701168090103 7.7470066845417014 0.68287331424653785 5.0415594298392525 0.98896250035613664 2.4990491643548003 2.6484255054965615 2.9823513217270401 2.1568961003795248 1.3631653930060559 0.72304618731141124 2.3876718282699585 1.1938130613416436 0.71559795830398787 3.1748535819351678 9.7113237194716913 1.2770284302532671 3.9115453870035708 9.5450682011432928 0.88361345976591099 0.48971815314143785 0.70740319136530161 0.76620099600404501 0.8738055508583783 0.4422171376645555 11.258352196542544 0.7745090946555141 0.66928878240287293 1.6164674540050326
leaf_count=363 11 452 49 8 36 38 95 41 24 23 40 760 834 50 55 30 33 46 42 44 29 43 16 60 40 47 44 8 158 26 61 89 148 22 25 46 30 42 26 877 35 30 117
internal_value=0 0.00180483 -0.0018434 -0.0252175 0.00730635 0.0246235 0.00381119 -0.00238738 0.00112894 0.000178187 0.0215165 -0.0017265 -0.0067326 0.00679476 0.016818 0.0239695 -0.0207315 0.0362976 -0.0317589 -0.0366229 -0.0155531 -0.0168452 -0.00707679 0.00436407 -0.0116421 0.00696503 0.0156969 -0.0244974 -0.0317876 0.0394253 -0.0015736 0.0271553 -0.0471308 -0.0169968 -0.0421765 -0.0160041 -0.0283836 -0.0347802 -0.0443968 -0.0455 -0.0356464 -0.0478336 -0.039882
internal_weight=0 437.698 263.177 20.8154 174.522 29.0998 145.422 98.5496 91.0745 242.361 19.7409 222.621 140.306 82.3147 46.8721 34.5674 37.945 14.2691 20.8374 18.298 6.25387 5.47177 17.1076 10.3828 7.25686 4.14284 8.14587 6.72476 6.00916 20.3606 2.16502 6.06844 12.0441 2.07743 13.5806 1.19712 1.75516 2.23697 12.3834 11.7006 3.11402 3.84414 2.39098
internal_count=5093 3234 2526 278 708 100 608 428 387 2248 152 2096 1286 810 180 125 1859 86 1318 270 78 66 541 273 311 119 171 268 260 62 72 105 192 66 1007 71 72 102 936 903 192 188 152
is_linear=0
shrinkage=0.0472155


Tree=37
num_leaves=38
num_cat=0
split_feature=64 64 40 18 45 52 0 54 55 38 63 55 38 60 63 31 1 47 16 42 63 18 58 56 59 40 49 2 59 57 58 54 28 14 3 11 3
split_gain=7.90983 3.44797 3.23474 4.6129 6.34195 5.01196 4.46211 5.13178 4.51447 4.221 3.82668 3.48022 5.21936 5.29312 7.60241 4.28133 3.59453 3.18099 2.86876 2.70684 2.60544 2.30833 4.82693 2.57427 2.2965 3.61356 2.58289 1.04608 1.03899 0.940117 0.520184 0.603009 0.491078 0.851526 0.444185 0.287524 0.123916
threshold=11.750000000000002 124.05000000000001 38.850000000000001 1.0000000180025095e-35 3.5000000000000004 35.000000000000007 1.5000000000000002 37.750000000000007 0.75000000000000011 5.5000000000000009 10.500000000000002 1.1500000000000001 75.000000000000014 0.073252032520325167 10.500000000000002 7.5000000000000009 8.5000000000000018 39.250000000000007 4.5000000000000009 0.30384615384615393 1.5000000000000002 4.5000000000000009 1.5000000000000002 0.60555555555555574 1.0000000180025095e-35 39.650000000000013 0.85164835164835173 7.5000000000000009 -849.99999999999989 -1.2499999999999998 1.0000000180025095e-35 37.150000000000013 1.5000000000000002 1.0000000180025095e-35 54.500000000000007 1.5000000000000002 24.500000000000004
decision_type=2 2 2 2 2 2 2 2 2 2 2 2 2 2 2 2 2 2 2 2 2 2 2 2 2 2 2 2 2 2 2 2 2 2 2 2 2
left_child=2 18 11 4 -4 9 8 -8 10 -6 -5 16 13 14 -13 -15 21 -7 20 -10 30 23 -23 -1 26 -26 -22 28 -3 -9 -2 -32 34 -34 -20 -30 -37
right_child=1 27 3 6 5 17 7 29 19 -11 -12 12 -14 15 -16 -17 -18 -19 32 -21 24 22 -24 -25 25 -27 -28 -29 35 -31 31 -33 33 -35 -36 36 -38
leaf_value=0.008107023382894268 -0.047949338038821759 0.01703038868539692 -0.05031706053320454 -0.020305434493179567 -0.019237791025456193 -0.051169679482862246 0.013818858159409076 -0.018203402369093975 0.04398314014551135 0.012179464472784628 0.028642493426437519 -0.013663466276136444 0.028198729688036314 -0.03072973950309961 0.033302551364999301 0.01673704746941623 0.041784082179399364 -0.0011928932671686813 -0.057018230046076722 0.011194433611756009 0.0044641824516305322 0.012808921903391857 -0.045316849011898627 0.024830021379933148 -0.0022935974020958129 -0.031907473430774443 -0.025905210468624856 0.0061029052952695758 -0.045662617309642141 -0.051479195062424765 0.010380899093353884 -0.031625765461461439 0.0056858363552740572 -0.044465981387000406 -0.017088104773360216 0.0019577399316672737 -0.028178803436156814
leaf_weight=99.611482264474034 3.1685592508874825 0.58346137125044961 7.8545971587300292 10.112559188157318 13.85099248960614 7.3357484340667707 8.1596309840679186 3.5951197016984224 12.746985528618099 29.569177128374577 5.2678641714155665 17.860847385600213 11.004508595913647 22.582084842026237 13.20923778042197 5.0672990381717673 8.0628883242607099 4.6217039078474045 2.9217280056327573 10.312663149088619 62.179319946095347 8.3374287746846658 4.9158664010465136 25.876626711338758 26.164444331079721 14.05025280267 6.7607526197098187 1.1995114888995875 8.6889117569662595 4.8900753073394281 0.96450204961001906 2.3305050511844456 1.4313162425532939 1.3024401548318563 1.0857068197801707 0.50305811781436283 0.42208898393437266
leaf_count=447 83 15 52 63 94 51 42 27 45 146 23 100 45 137 53 21 23 24 84 63 1040 43 31 108 574 448 179 24 721 43 23 64 29 39 27 31 31
internal_value=0 -0.00969836 0.00387713 -0.00239447 -0.0110859 -0.00536887 0.00757433 -0.0127351 0.0164031 0.00210555 -0.00336532 0.00730625 -0.00136967 -0.00698936 0.00635783 -0.0219567 0.011428 -0.0322022 -0.00734992 0.0295421 -0.0055672 0.00960875 -0.00901242 0.0115904 -0.00380742 -0.0127496 0.00141852 -0.034363 -0.0392079 -0.038108 -0.0343045 -0.01924 -0.0369171 -0.0192236 -0.0475228 -0.0429304 -0.0134998
internal_weight=0 133.757 334.845 118.317 63.2322 55.3776 55.0849 16.6448 38.4401 43.4202 15.3804 216.528 69.724 58.7195 31.0701 27.6494 146.804 11.9575 122.36 23.0596 115.618 138.741 13.2533 125.488 109.155 40.2147 68.9401 11.397 10.1975 8.4852 6.46357 3.29501 6.74119 2.73376 4.00743 9.61406 0.925147
internal_count=5093 3412 1681 673 367 315 306 112 194 240 86 1008 356 311 153 158 652 75 2590 108 2411 629 74 555 2241 1022 1219 822 798 70 170 87 179 68 111 783 62
is_linear=0
shrinkage=0.0472155


Tree=38
num_leaves=28
num_cat=0
split_feature=64 59 58 64 26 54 47 38 46 41 47 30 47 40 49 61 46 60 59 47 6 38 2 60 54 59 7
split_gain=7.74639 4.80342 3.71678 3.48476 2.67449 3.93112 3.04947 2.75042 3.10376 2.5189 2.29765 4.148 2.74227 3.04388 5.89811 2.704 2.05515 1.92941 1.91247 1.89353 1.74172 1.65442 0.911171 0.975235 0.611121 0.264686 0.425663
threshold=9.6500000000000004 350.00000000000006 3.5000000000000004 124.05000000000001 1.0000000180025095e-35 39.45000000000001 42.250000000000007 7.5000000000000009 13.500000000000002 2.4500000000000006 40.750000000000007 1.0000000180025095e-35 40.050000000000004 40.550000000000004 0.23205128205128203 0.30915071770334934 3.5000000000000004 1.0000000180025095e-35 -1.0000000180025095e-35 41.45000000000001 6.5000000000000009 55.000000000000007 7.5000000000000009 0.2264957264957265 41.150000000000013 -74.999999999999986 18.500000000000004
decision_type=2 2 2 2 2 2 2 2 2 2 2 2 2 2 2 2 2 2 2 2 2 2 2 2 2 2 2
left_child=1 10 -3 4 6 9 7 20 -9 16 12 19 13 15 -15 -1 -6 -11 -14 -12 -2 -8 23 25 -7 26 -5
right_child=3 2 -4 22 5 24 21 8 -10 17 11 -13 18 14 -16 -17 -18 -19 -20 -21 -22 -23 -24 -25 -26 -27 -28
leaf_value=0.0042255085981122379 -0.027882246443390629 -0.047911805357405378 -0.0019041214017084429 -0.039455863594436105 0.036410283165499858 -0.049128863466222278 -0.0013731047000972271 -0.0044535488940392106 -0.036866352069646287 0.019383892910197771 -0.0090678864240782506 0.018295206959019868 0.042253527209045287 0.018948434736331423 -0.034785292730788148 0.016043647934449273 0.0075498544589832385 -0.046214805111336979 0.010051766058354733 -0.055760386291813721 0.014167590634368361 0.046801075291174318 0.0044612228213049242 0.026880222968766417 -0.0057140560559240253 -0.046737939701830794 -0.0008382434782228383
leaf_weight=177.97464126069099 25.488829064182941 6.3740263991057899 9.8459024950861913 1.5813909517601117 8.0485252253711277 2.8187724025920029 3.1778999995440236 77.852024142164737 7.0390697419643393 1.4342659823596471 3.689213849604128 5.4186463467776775 7.7657847125083235 7.5803812146186855 10.880578082054852 57.008666269481182 17.247317446861416 2.5592505042441189 8.9682048149406892 4.1945137865841389 2.2750115226954213 2.9356681732460856 1.1780514940619458 0.3642673362046488 1.0659302473068235 6.8427230070810747 1.0646089743822811
leaf_count=846 605 45 51 101 54 86 57 1350 209 23 28 25 25 37 85 239 268 76 46 34 34 16 24 4 32 633 60
internal_value=0 0.00450457 -0.0203419 -0.00827964 -0.00639217 0.00542647 -0.00970188 -0.0114771 -0.00721911 0.0114184 0.00594018 -0.0130849 0.00688714 0.00565113 -0.0127159 0.00710523 0.0169451 -0.0226754 0.0253167 -0.0346623 -0.0243463 0.0223156 -0.0337141 -0.0383412 -0.0381355 -0.0413535 -0.0251635
internal_weight=0 299.701 16.2199 162.974 151.943 33.1741 118.769 112.655 84.8911 29.2894 283.481 13.3024 270.178 253.444 18.461 234.983 25.2958 3.99352 16.734 7.88373 27.7638 6.11357 11.031 9.85299 3.8847 9.48872 2.646
internal_count=5093 1461 96 3632 2810 539 2271 2198 1559 421 1365 87 1278 1207 122 1085 322 99 71 62 639 73 822 798 118 794 161
is_linear=0
shrinkage=0.0472155


Tree=39
num_leaves=25
num_cat=0
split_feature=64 59 64 58 58 56 60 58 42 10 15 52 3 19 56 56 0 56 58 2 59 7 0 46
split_gain=6.86016 3.69698 3.42277 3.0263 2.58409 2.19586 3.43476 3.7205 3.2029 2.76482 2.77261 2.05304 4.37544 3.05858 2.92514 4.12997 3.52327 3.51458 2.88287 0.852239 0.820023 0.809882 0.316908 0.251757
threshold=9.6500000000000004 350.00000000000006 124.05000000000001 3.5000000000000004 -11.499999999999998 0.087121212121212113 0.048865768377963463 -1.4999999999999998 0.34313725490196084 1.0000000180025095e-35 9.5000000000000018 85.000000000000014 10.500000000000002 8.5000000000000018 0.87083333333333346 0.69615384615384623 1.0000000180025095e-35 0.94281045751633996 -1.4999999999999998 7.5000000000000009 -849.99999999999989 1.5000000000000002 2.5000000000000004 3.5000000000000004
decision_type=2 2 2 2 2 2 2 2 2 2 2 2 2 2 2 2 2 2 2 2 2 2 2 2
left_child=1 11 4 -3 21 6 7 -6 -8 10 -7 14 13 -13 15 16 -1 -16 -17 20 -4 -2 -11 -22
right_child=2 3 19 -5 5 9 8 -9 -10 22 -12 12 -14 -15 17 18 -18 -19 -20 -21 23 -23 -24 -25
leaf_value=0.0096769593425807803 -0.011006855282923132 -0.042784368149591842 0.013164384254701761 -0.0011080265959828555 0.016188544788377945 -0.012108714392369241 0.032351830769824286 -0.041059139279068638 -0.012134860843067707 -0.026661482669594498 0.0028703025769841709 -0.026550993209437448 0.03743809481040361 0.022631103711629536 -0.034722953242669205 -0.0023552519357796097 -0.0024345062180515832 0.015904315749724122 0.030843219938631088 0.0030579713100394989 -0.013929799883158442 -0.051799971529927304 -0.054716899713269943 -0.044538953444514792
leaf_weight=99.581947470083833 1.8050365233793844 6.2610350400209454 0.55353088770061631 9.9043433591723424 4.5360298892483115 67.46258427714929 12.518649316392841 5.3204054038506019 4.9075427027419201 2.6463039172813287 46.284948659129441 5.7271991912275571 12.716038934886454 5.2173943631350994 8.6227937228977662 7.8832855187356499 115.33944678027183 4.5363838374614707 21.602501541376114 1.1997200082987536 0.93269930733367612 3.3192408513277769 2.3466029101982713 7.9255036362446845
leaf_count=465 43 45 15 51 49 1373 98 116 88 64 819 36 47 23 57 45 582 26 84 24 48 104 56 735
internal_value=0 0.00425584 -0.00782047 -0.0175747 -0.00597382 -0.00478721 0.00724636 -0.014826 0.0197907 -0.00756416 -0.00601289 0.00552314 0.018793 -0.00306008 0.0042897 0.00546314 0.00317754 -0.017242 0.021984 -0.03354 -0.0382432 -0.0383908 -0.041379 -0.04172
internal_weight=0 297.392 161.759 16.1654 151.147 146.023 27.2826 9.85644 17.4262 118.74 113.748 281.227 23.6606 10.9446 257.566 244.407 214.921 13.1592 29.4858 10.6115 9.41173 5.12428 4.99291 8.8582
internal_count=5093 1461 3632 96 2810 2663 351 165 186 2312 2192 1365 106 59 1259 1176 1047 83 129 822 798 147 120 783
is_linear=0
shrinkage=0.0472155


Tree=40
num_leaves=41
num_cat=0
split_feature=64 38 28 59 7 7 64 55 42 64 61 53 49 58 31 46 4 41 64 64 63 60 19 38 60 12 60 59 30 59 48 62 38 14 55 54 46 24 64 55
split_gain=6.94771 4.51281 5.05502 5.72351 4.96954 4.86322 4.49235 4.17217 4.84386 3.82635 3.875 5.59578 4.68702 5.50628 3.81758 3.83239 3.94433 3.64138 4.937 4.59945 3.61969 3.59372 3.51482 2.99687 3.12241 2.83546 2.63932 1.99796 1.60992 1.13249 1.09919 1.0665 0.893835 1.25625 0.80737 0.612479 0.54923 0.519579 0.168762 0.0914161
threshold=7.0500000000000007 7.5000000000000009 1.0000000180025095e-35 75.000000000000014 2.5000000000000004 60.000000000000007 3.9500000000000006 0.8500000000000002 0.78174603174603186 60.350000000000001 0.25962962962962965 4.5000000000000009 0.77350427350427364 1.0000000180025095e-35 7.5000000000000009 1.5000000000000002 1.0000000180025095e-35 1.3500000000000003 8.3500000000000032 8.8500000000000032 14.500000000000002 0.11034186401833457 21.500000000000004 85.000000000000014 0.015749007936507905 1.0000000180025095e-35 0.056670681118693909 250.00000000000003 1.0000000180025095e-35 150.00000000000003 0.8500000000000002 5.5000000000000009 75.000000000000014 3.5000000000000004 0.65000000000000002 36.850000000000001 3.5000000000000004 1.0000000180025095e-35 17.750000000000004 1.2500000000000002
decision_type=2 2 2 2 2 2 2 2 2 2 2 2 2 2 2 2 2 2 2 2 2 2 2 2 2 2 2 2 2 2 2 2 2 2 2 2 2 2 2 2
left_child=1 2 3 4 21 14 -5 8 17 10 11 38 29 -14 15 16 -3 23 -19 -20 -17 -1 -4 24 -2 -6 -13 34 -16 -12 -29 -8 36 35 37 -34 -11 -10 -9 -38
right_child=7 5 22 6 25 -7 31 9 27 32 12 26 13 -15 28 20 -18 18 19 -21 -22 -23 -24 -25 -26 -27 -28 30 -30 -31 -32 -33 33 -35 -36 -37 39 -39 -40 -41
leaf_value=-0.023280173192598747 -0.020126142616423405 0.01075991322087737 -0.054141939696865787 0.00084245237186359866 0.041993165169316629 -0.021725431308353183 -0.068342109877169641 -0.06253299304698863 -0.053916686966800492 0.0069896434757847209 -0.026927833203292454 -0.0082918266928864327 0.0414644568058029 -0.035426705420338517 0.043062325765845164 0.0088410237823127232 -0.043245308278070646 -0.051498761771061392 0.055723901528576883 -0.0057352112606656406 0.037260620643382335 0.019714436144102454 -0.0072537797664165961 0.04058220836871939 0.013652689035769877 0.0075881414572647977 0.0094619018779250885 0.023315185756374087 0.017205720290504878 -0.051581198937383409 -0.024456394480059637 -0.028302693544418261 0.0017271654366599052 0.030395917969557221 -0.0050383825904445753 -0.038166418730062053 -0.023450804979833383 -0.017467131975439878 -0.033492610065435982 -0.045235359837910501
leaf_weight=11.074555948376657 7.0843939855694762 5.8358153477311117 6.5716879889368993 8.4294774048030359 11.93375112488866 9.963217079639433 3.5198941156268111 2.8075025826692572 5.1854390134103578 0.44003138318657775 13.598797935992485 40.005233901087195 4.4323295392096025 3.6038899132981896 10.851025208830835 108.93062066007406 5.9102254137396812 4.5683108530938616 2.8351864814758327 27.454356626374647 10.879792258143423 6.8738778233528128 7.7676127403974533 7.3419734984636298 38.084969705436379 9.8133989162743074 34.689954290632159 2.0746164261363451 11.456983350217341 6.7043947395868591 1.878268298693001 3.302527517080307 1.1350529883056872 0.90171152818948019 1.2973190248012541 2.8480325359851122 1.2290001539513458 1.372006118763238 1.5830812919884918 9.177457824116571
leaf_count=57 96 27 40 34 43 54 35 35 144 14 205 659 36 55 34 477 35 42 7 436 38 27 42 53 348 41 419 38 50 131 44 24 51 20 25 190 84 27 45 831
internal_value=0 0.00569305 -0.00439433 0.00213447 0.0115875 0.00996333 -0.0222789 -0.00596889 0.00123296 -0.0117672 -0.00854267 -0.00314553 -0.0234698 0.00688328 0.0120418 0.00894759 -0.0165955 0.00509071 -0.00670785 0.00028344 0.0114777 -0.00674708 -0.0291809 0.0129313 0.00828329 0.026682 -3.51551e-05 -0.0269154 0.030049 -0.0354716 0.000384696 -0.0502455 -0.0334101 -0.0156319 -0.0404435 -0.0270484 -0.0409826 -0.0470389 -0.0538893 -0.0431542
internal_weight=0 233.114 69.2868 54.9475 39.6956 163.828 15.2519 222.333 99.1768 123.156 107.425 79.0858 28.3394 8.03622 153.864 131.556 11.746 87.3692 34.8579 30.2895 119.81 17.9484 14.3393 52.5113 45.1694 21.7472 74.6952 11.8076 22.308 20.3032 3.95288 6.82242 15.7313 4.8848 7.85476 3.98309 10.8465 6.55745 4.39058 10.4065
internal_count=5093 1058 343 261 168 715 93 4035 1260 2775 1585 1158 427 91 661 577 62 982 485 443 515 84 82 497 444 84 1078 278 84 336 82 59 1190 261 196 241 929 171 80 915
is_linear=0
shrinkage=0.0472155


Tree=41
num_leaves=30
num_cat=0
split_feature=64 58 64 53 38 45 4 60 64 40 42 65 41 42 56 16 63 17 46 59 42 42 45 39 27 12 55 40 40
split_gain=5.42352 3.35493 2.7814 2.59282 4.907 5.89956 4.61003 4.1682 3.72206 7.32864 3.38158 3.78757 4.1898 3.56753 2.47702 2.39979 2.12664 1.8422 4.27458 2.81021 0.928097 1.60151 0.560452 0.401407 0.517871 0.339063 0.306171 0.191564 0.0448727
threshold=11.950000000000001 25.500000000000004 124.05000000000001 2.5000000000000004 35.000000000000007 25.000000000000004 1.0000000180025095e-35 0.044515215852795408 5.2500000000000009 38.95000000000001 0.74166666666666681 2.5000000000000004 0.95000000000000007 0.14835164835164832 0.36931818181818182 4.5000000000000009 1.5000000000000002 1.0000000180025095e-35 9.5000000000000018 -1.0000000180025095e-35 0.21825396825396823 0.17156862745098037 95.000000000000014 8.5000000000000018 4.5000000000000009 5.5000000000000009 0.65000000000000002 14.800000000000002 37.250000000000007
decision_type=2 2 2 2 2 2 2 2 2 2 2 2 2 2 2 2 2 2 2 2 2 2 2 2 2 2 2 2 2
left_child=1 3 15 10 5 7 -7 -5 14 -10 11 12 -1 -13 -6 16 22 19 -19 -18 21 -4 28 24 26 27 -17 -22 -2
right_child=2 -3 20 4 8 6 -8 -9 9 -11 -12 13 -14 -15 -16 23 17 18 -20 -21 25 -23 -24 -25 -26 -27 -28 -29 -30
leaf_value=0.011374045781571867 -0.022388946269456065 -0.030141433530010819 -0.044073028151926867 -0.01722858375559666 0.0079476718076748661 -0.041626028309450169 -0.0050804023209949948 0.005124236153170386 0.012344449926281434 -0.040337252478338873 -0.015487875717834537 -0.00046441731970048452 -0.025569949330806148 0.030379751746081575 0.037056777318577622 0.010066961337413411 0.0037491633147631845 0.013497152696889954 -0.016558058065422664 -0.017474602861394978 -0.0052879280864216952 0.035238829836189756 0 -0.049886669753514905 -0.044096145444186406 -0.0062026318851032634 -0.021393489901277075 -0.044050160521419267 -0.041759661499183219
leaf_weight=28.421845085918903 1.2494999216869462 6.3959102388471356 0.89973814738914182 22.375746900215745 11.154123198240997 13.971113104373218 17.09793265722692 105.82434550113976 31.422874107956886 7.0583015941083422 9.7305047456175071 10.988275479525326 8.8185783028602582 34.166287418454885 16.143308565020561 1.0200959257781503 23.586049235891551 32.638435271102935 15.367018865887074 33.389829356689006 0.38967719255015243 1.0262406948022542 1.0421621971763668 2.358112053014338 1.4231074731796978 0.75116999587044109 1.4624452344141898 6.8149196221493185 3.7021135655231774
leaf_count=122 35 37 89 157 50 87 93 570 167 62 57 55 52 142 55 15 384 511 412 911 21 25 25 84 37 31 43 656 108
internal_value=0 0.00324656 -0.00825681 0.00393814 0.00120072 -0.00327764 -0.0216761 0.00119962 0.0120339 0.00252583 0.0106032 0.0137186 0.00252968 0.0228868 0.0253123 -0.00619551 -0.00455511 -0.00295997 0.00383756 -0.00869281 -0.0321147 -0.00208966 -0.0315125 -0.0342439 -0.0229061 -0.0391023 -0.00841123 -0.0422164 -0.0379291
internal_weight=0 323.569 127.121 317.173 225.048 159.269 31.069 128.2 65.7786 38.4812 92.1255 82.395 37.2404 45.1546 27.2974 117.239 110.975 104.981 48.0055 56.9759 9.88175 1.92598 5.99378 6.26376 3.90565 7.95577 2.48254 7.2046 4.95161
internal_count=5093 1706 3387 1669 1241 907 180 727 334 229 428 371 174 197 105 2565 2386 2218 923 1295 822 114 168 179 95 708 58 677 143
is_linear=0
shrinkage=0.0472155


Tree=42
num_leaves=39
num_cat=0
split_feature=64 38 59 42 60 12 41 47 59 39 40 41 38 55 42 19 60 41 59 41 3 0 27 54 39 40 46 41 17 60 18 27 58 13 46 47 13 64
split_gain=5.54138 4.13744 4.42285 4.72376 6.32278 5.61329 4.79915 4.47658 3.58135 3.81744 4.03012 4.4138 4.39395 6.02045 3.53908 3.4967 3.38307 3.32555 8.10912 3.72354 6.48443 5.04964 3.05744 4.82708 3.56167 3.36697 3.71453 2.27608 2.18325 1.99428 1.90954 1.68181 1.8924 1.95172 1.87214 0.405859 0.0707051 0.0339312
threshold=7.0500000000000007 7.5000000000000009 75.000000000000014 0.12132352941176471 0.085417969564310955 1.0000000180025095e-35 0.35000000000000003 38.650000000000013 -1.0000000180025095e-35 11.500000000000002 37.45000000000001 6.1500000000000012 75.000000000000014 1.0500000000000003 0.94097222222222232 49.500000000000007 0.066890380313199063 2.3500000000000001 75.000000000000014 0.65000000000000002 36.500000000000007 6.5000000000000009 4.5000000000000009 34.95000000000001 4.5000000000000009 39.95000000000001 12.500000000000002 0.45000000000000007 1.0000000180025095e-35 0.042900964066608212 1.5000000000000002 2.5000000000000004 5.5000000000000009 1.5000000000000002 6.5000000000000009 37.550000000000004 1.0000000180025095e-35 26.650000000000002
decision_type=2 2 2 2 2 2 2 2 2 2 2 2 2 2 2 2 2 2 2 2 2 2 2 2 2 2 2 2 2 2 2 2 2 2 2 2 2 2
left_child=1 2 3 -1 6 -6 -5 27 14 10 12 16 13 -10 22 17 -12 19 -19 20 -3 -21 25 30 -25 26 -2 -4 -27 -14 -24 32 33 -11 -34 -16 37 -33
right_child=8 15 7 4 5 -7 -8 -9 9 31 11 -13 29 -15 35 -17 -18 18 -20 21 -22 -23 23 24 -26 28 -28 -29 -30 -31 -32 36 34 -35 -36 -37 -38 -39
leaf_value=0.028691154251392445 -0.0041742016754428794 0.010010463226144439 0.01506832143126279 0.0079343421415002096 0.032285851858909489 -0.017889809094225557 -0.045548177691579504 -0.051136169594707764 0.011691734030051257 -0.041596833984347895 -0.0066476169335085936 0.049269049435666602 -0.0020213437155906207 -0.042121884546088416 -0.01715499167619406 -0.021753622045664389 -0.027189588737768413 -0.046429128097300564 0.025452581997483611 0.016284014803454275 -0.038038138842511039 0.05802346840954424 -0.041466678390483798 0.054248786717199411 0.011319152927612939 -0.00060330921542327959 -0.052370777709784759 -0.026228867340743849 0.032592333020814761 0.046163578683653006 0.014724843864711791 -0.044536352265724936 0.050411399924838764 0.016511804860476556 -0.013931973451072216 -0.056077865944083843 -0.054842633374062616 -0.022135274626815356
leaf_weight=11.846616953611372 42.793344712350518 60.816331274807453 6.0066527836024779 5.611174605786803 12.152882616966965 8.1644897051155549 10.668283089995382 7.6932693906128398 15.254869504366075 7.3347439584322291 45.911991503089666 2.3104235015343866 2.5466485824435932 6.4477027112152419 1.1476851925253861 7.5282445698976508 29.380975118139759 6.9558424204587919 6.699342492967844 64.047087733168155 6.8017413988709441 7.0807316452264777 3.3340360932052162 7.6404315531253841 9.9768060510978085 8.7578728348016757 3.723781786626204 5.5560319051146507 8.6469005860853922 7.0887083886191249 2.0509992009028792 0.92654016055166666 1.2684472147375334 1.4385234946385024 3.1623156326822937 2.2114419126883149 4.2594774253666401 1.2486102250404654
leaf_count=42 564 266 31 24 46 39 72 52 156 238 1127 22 39 171 35 44 628 45 30 274 37 19 55 38 145 134 69 37 99 55 21 15 13 32 99 49 166 65
internal_value=0 0.00515581 -0.00461329 0.00299796 -0.00539849 0.0121107 -0.0271863 -0.0236492 -0.00536213 -0.0104186 -0.00693085 -0.0126967 0.00731802 -0.00447551 0.00183834 0.00929571 -0.0147166 0.0108569 -0.0112408 0.0130478 0.00508195 0.0205805 0.00372113 0.0184148 0.0303242 -0.00159214 -0.00822815 -0.00481569 0.0160122 0.0335534 -0.0201589 -0.0295016 -0.0193452 -0.0318601 0.00556382 -0.0444707 -0.0491806 -0.034559
internal_weight=0 227.629 67.6994 48.4434 36.5968 20.3174 16.2795 19.256 218.863 128.58 108.941 77.6034 31.3379 21.7026 90.2833 159.929 75.293 152.401 13.6552 138.746 67.6181 71.1278 86.9242 23.0023 17.6172 63.9219 46.5171 11.5627 17.4048 9.63536 5.38504 19.6387 13.204 8.77327 4.43076 3.35913 6.43463 2.17515
internal_count=5093 1058 343 223 181 85 96 120 4035 2826 2198 1777 421 327 1209 715 1755 671 75 596 303 293 1125 259 183 866 633 68 233 94 76 628 382 270 112 84 246 80
is_linear=0
shrinkage=0.0472155


Tree=43
num_leaves=38
num_cat=0
split_feature=64 42 42 41 38 45 63 59 42 27 41 56 39 57 17 65 27 48 49 56 7 6 24 42 56 52 52 48 42 55 54 27 2 58 31 64 13
split_gain=5.2362 3.36391 4.55289 4.88161 4.22244 6.5267 3.57863 3.24861 3.80305 5.05074 3.68339 3.89049 3.59458 3.45408 3.44646 3.99997 3.80275 3.28867 3.12705 3.04306 2.9853 2.59236 2.53413 5.69931 2.5962 2.48855 3.91358 2.46026 2.16958 2.11536 1.7853 1.7296 1.6392 1.41339 1.25474 0.103405 0.180757
threshold=7.0500000000000007 0.91987179487179505 0.69615384615384623 0.35000000000000003 5.5000000000000009 10.500000000000002 4.5000000000000009 -1.0000000180025095e-35 0.42261904761904762 4.5000000000000009 0.75000000000000011 0.4330357142857143 11.500000000000002 -0.74999999999999989 1.0000000180025095e-35 4.5000000000000009 7.5000000000000009 1.1500000000000001 0.064583333333333312 0.73030303030303034 3.5000000000000004 1.5000000000000002 1.0000000180025095e-35 0.39444444444444454 0.4330357142857143 45.000000000000007 10.500000000000002 1.0500000000000003 0.19375000000000003 0.75000000000000011 38.350000000000001 2.5000000000000004 3.5000000000000004 5.5000000000000009 7.5000000000000009 11.950000000000001 1.0000000180025095e-35
decision_type=2 2 2 2 2 2 2 2 2 2 2 2 2 2 2 2 2 2 2 2 2 2 2 2 2 2 2 2 2 2 2 2 2 2 2 2 2
left_child=1 2 4 -4 5 21 -3 8 9 25 27 34 14 -13 18 17 -17 -16 -9 29 -20 -1 24 -24 -6 26 -2 -10 -11 -5 -27 32 33 -14 -12 -33 -37
right_child=7 6 3 19 22 -7 -8 12 10 28 11 13 31 -15 15 16 -18 -19 20 -21 -22 -23 23 -25 -26 30 -28 -29 -30 -31 -32 35 -34 -35 -36 36 -38
leaf_value=-0.0080640638652192762 -0.0076534030833873964 0.046549566014806025 0.018069682795910969 -0.061838279203911647 0.0077746084940540534 -0.048273381033119012 0.0042730470974920451 0.022699136941773907 -0.01443667971603373 0.0092510583028899071 -0.049709067687352004 0.013617030939798984 -0.036330232230992784 -0.026600342393510404 -0.046588526555491824 0.012848164266312915 -0.029620522758571879 0.0028451838241594471 -0.0094546024896613057 0.0035847453907010959 -0.033689937565496528 0.017562470465729275 -0.019854149357401041 0.024495500575019202 0.022955417921683312 -0.0028497661598126216 0.026851240737032347 0.038447319558955133 0.049174301979716381 -0.022603019660645467 -0.045426091561181617 -0.065227032845310104 0.025042965389925582 -0.0014049685788647096 -0.013018450441345378 -0.023292708874290954 -0.048869443524500733
leaf_weight=24.339993704110384 16.051216690335426 8.474650479853155 6.7511567473411587 5.6566126495599764 70.707422442734241 6.8959016352891913 9.3808604944497329 4.2580209448933592 3.0269102081656447 4.9057891918346277 7.7302611081395316 10.544351239223035 7.5945706826169062 8.3846733691170794 6.0600116997957212 39.704090217826888 5.1537849782034746 5.7012011855840683 29.866457823896781 4.7232322972267857 18.397033999208361 13.548283234238623 16.708314353600148 10.28476197645068 39.217779360711575 5.5044787311926466 13.19015294825658 4.9698011227883399 8.4261284670792502 7.3187555000185966 3.5459073111414909 1.5188247077167023 1.5387042984366406 3.9504461491014808 3.1013826243579388 1.5723218717612324 3.1186287705786526
leaf_count=129 178 25 30 39 317 45 43 54 34 55 170 162 249 213 54 758 123 44 691 30 474 62 93 42 164 69 110 42 56 39 68 19 24 109 52 74 153
internal_value=0 0.00506657 0.0033494 -0.0157013 0.00592906 -0.00662854 0.0246315 -0.0052105 0.00169422 0.0100154 -0.00965958 -0.0173035 -0.0100165 -0.00424404 -0.00666262 0.00141073 0.00785835 -0.0228813 -0.0153539 -0.0286703 -0.0187943 0.00112124 0.0100444 -0.00288352 0.0132244 0.00123567 0.00795608 0.0184701 0.0348418 -0.0403523 -0.0201465 -0.0287252 -0.0184897 -0.0246342 -0.0396365 -0.0490915 -0.0415758
internal_weight=0 224.008 206.152 24.4498 181.702 44.7842 17.8555 217.815 89.3811 51.6237 37.7574 29.7607 128.434 18.929 109.141 56.6191 44.8579 11.7612 52.5215 17.6986 48.2635 37.8883 136.918 26.9931 109.925 38.2918 29.2414 7.99671 13.3319 12.9754 9.05039 19.2935 13.0837 11.545 10.8316 6.20978 4.69095
internal_count=5093 1058 990 138 852 236 68 4035 1209 536 673 597 2826 375 2198 979 881 98 1219 108 1165 191 616 135 481 425 288 76 111 78 137 628 382 358 222 246 227
is_linear=0
shrinkage=0.0472155


Tree=44
num_leaves=23
num_cat=0
split_feature=64 61 64 61 61 27 39 19 53 49 12 27 45 38 53 56 45 42 49 0 61 63
split_gain=4.86112 3.252 3.38831 3.15041 5.36706 4.63489 2.96098 2.74703 2.46073 2.44543 2.01821 1.91163 1.83588 1.77068 1.7466 1.68394 1.0591 0.8028 0.546784 0.658285 0.198402 0.00752598
threshold=37.45000000000001 -1.0000000180025095e-35 1.6500000000000001 0.10056179775280898 0.089087301587301507 3.5000000000000004 14.500000000000002 73.500000000000014 10.500000000000002 0.71825396825396837 5.5000000000000009 2.5000000000000004 7.5000000000000009 15.500000000000002 3.5000000000000004 0.4494949494949495 9.5000000000000018 0.36038961038961043 0.25833333333333336 1.5000000000000002 0.29296146175127069 1.5000000000000002
decision_type=2 2 2 2 2 2 2 2 2 2 2 2 2 2 2 2 2 2 2 2 2 2
left_child=1 17 -3 4 5 -4 7 -5 -8 10 11 13 -11 14 -2 -15 -6 -1 -13 -20 21 -14
right_child=9 2 3 6 16 -7 8 -9 -10 12 -12 18 20 15 -16 -17 -18 -19 19 -21 -22 -23
leaf_value=-0.063038967635841783 0.012273472042645613 0.044331285036419268 -0.014788245470562461 0.0014539984764592891 0.055716875996898174 0.024604190682061364 -0.0072809851268120273 -0.033909528793222905 -0.054412948670090423 0.015562868516976849 0.030948377013461061 -0.047582146875100428 -0.021966675650293373 -0.0083663276897545224 -0.033882831154735123 0.02867612609104327 0.025624691761496718 -0.016954577893362209 -0.0039007501810262293 -0.037737938803771527 -0.014837420970257502 -0.045445091837133918
leaf_weight=1.803306890651583 2.4914465425536125 4.0005788579583159 14.882002813741567 333.67123564053327 5.6503871828317624 11.758214553818105 7.1705428399145585 4.7938988953828803 3.6785262878984213 1.3108806163072575 2.4719002679921678 2.9238801123574358 0.64096447639166942 5.789722453337161 5.8463940690271556 4.8838442196138203 5.9444985529407859 1.8616988919675348 2.731385629856959 2.4055397724732757 0.85726542258635241 7.9271347080357373
leaf_count=30 51 21 170 2485 22 91 65 49 58 36 50 167 44 183 398 134 43 28 138 137 51 642
internal_value=0 0.00159501 0.00201975 0.0015615 0.0143966 0.00262143 0.000148245 0.000933943 -0.0239306 -0.0155888 -0.00844691 -0.0122434 -0.0347317 -0.00393421 -0.020046 0.00871259 0.0409546 -0.041638 -0.0312621 -0.0205893 -0.0419502 -0.0442376
internal_weight=0 395.215 391.55 387.549 38.2351 26.6402 349.314 338.465 10.8491 40.2804 29.5441 27.0722 10.7362 19.0114 8.33784 10.6736 11.5949 3.66501 8.06081 5.13693 9.42536 8.5681
internal_count=5093 3062 3004 2983 326 261 2657 2534 123 2031 1258 1208 773 766 449 317 65 58 442 275 737 686
is_linear=0
shrinkage=0.0472155


Tree=45
num_leaves=33
num_cat=0
split_feature=64 58 64 26 52 3 47 56 3 57 54 53 39 40 59 13 56 4 61 38 7 64 42 61 23 53 42 42 65 55 12 40
split_gain=4.64827 2.93055 2.83757 2.37645 2.8085 3.76609 2.72379 3.53513 2.36196 3.08808 4.05551 3.00495 4.15391 3.87482 5.57149 3.52416 4.03903 3.4594 2.3618 2.87914 2.22061 1.97662 1.85766 2.73652 1.23148 0.886453 0.825426 1.38103 0.355663 0.419463 0.288786 0.26236
threshold=7.0500000000000007 -10.499999999999998 124.05000000000001 1.0000000180025095e-35 115.00000000000001 30.500000000000004 35.45000000000001 0.14835164835164832 1.0000000180025095e-35 2.2500000000000004 38.45000000000001 10.500000000000002 3.5000000000000004 39.45000000000001 -1.0000000180025095e-35 3.5000000000000004 0.80625000000000013 1.5000000000000002 0.21828631138975962 10.500000000000002 3.5000000000000004 4.9500000000000011 0.55050505050505061 0.29043156059285097 1.0000000180025095e-35 6.5000000000000009 0.21825396825396823 0.17156862745098037 9.5000000000000018 0.75000000000000011 5.5000000000000009 14.800000000000002
decision_type=2 2 2 2 2 2 2 2 2 2 2 2 2 2 2 2 2 2 2 2 2 2 2 2 2 2 2 2 2 2 2 2
left_child=8 24 3 6 5 -5 20 -8 9 10 18 13 -13 15 21 16 -10 -16 -1 -20 -3 -15 -14 -24 28 -26 27 -4 -2 -30 31 -28
right_child=1 2 26 4 -6 -7 7 -9 11 -11 -12 12 22 14 17 -17 -18 -19 19 -21 -22 -23 23 -25 25 -27 30 -29 29 -31 -32 -33
leaf_value=0.037678847046654057 -0.05342372567040133 -0.0070463983604001071 -0.042630068843813838 0.01309616113430232 0.041939032443712644 -0.01785690436652964 0.010308229989221296 -0.0074583766849229639 0.0028940114636388536 0.039513077884781117 -0.01999094766531636 -0.014627486811526534 0.036326118135146301 0.014036614439420357 -0.070836465346787558 0.026632907110133126 -0.03118355273719365 -0.011458194597922229 0.027186907696314083 -0.014679280203265602 -0.041555071818441272 -0.020376789481625718 -0.011627679084463481 0.033205003289611963 0.02572517831765898 -0.029505362451708737 0 0.034413147624253612 0.0096109390075831101 -0.038602992271928566 -0.0062688167499601625 -0.042430283072361408
leaf_weight=8.5461201965808922 3.854157793801277 9.0236878274008649 0.77463170047849217 26.389764717314392 4.4208271168172351 12.896313745528458 32.568084890022874 104.8225307604298 101.4233739823103 8.8661817535758001 8.2570752874016744 7.7678937204182139 13.605990272015335 9.0040047727525252 5.2366127446293813 12.455263506621121 8.2189270779490453 3.8525699786841869 7.1639729104936105 7.1308720856904984 7.7633715681731692 6.0819757133722296 6.0095300525426847 5.7958333417773247 1.0425016758963468 1.2059035759884862 0.36170744709670533 0.96744775446131825 0.5331468400545416 0.86295388685539365 0.74417769536375988 5.9516424988396466
leaf_count=34 78 127 83 349 36 195 372 1782 483 35 41 44 55 38 48 49 45 27 26 34 174 40 36 23 13 47 20 23 17 66 31 622
internal_value=0 -0.00494594 -0.00387516 -0.0026914 0.00700127 0.00288477 -0.00544813 -0.00323439 0.00482807 0.0151862 0.00804751 0.00250514 0.0152943 -0.000406236 -0.0176095 0.00301502 0.000287991 -0.0464301 0.0182865 0.00633267 -0.0233076 4.57467e-05 0.0245037 0.0104925 -0.0336138 -0.00362176 -0.0298517 -0.000271969 -0.0458073 -0.0207599 -0.0368804 -0.0401226
internal_weight=0 214.183 206.684 197.885 43.7069 39.2861 154.178 137.391 219.416 39.9642 31.098 179.452 33.1792 146.273 24.1752 122.098 109.642 9.08918 22.841 14.2948 16.7871 15.086 25.4114 11.8054 7.49866 2.24841 8.79961 1.74208 5.25026 1.3961 7.05753 6.31335
internal_count=5093 4035 3814 3035 580 544 2455 2154 1058 170 135 888 158 730 153 577 528 75 94 60 301 78 114 59 221 60 779 106 161 83 673 642
is_linear=0
shrinkage=0.0472155


Tree=46
num_leaves=18
num_cat=0
split_feature=53 64 42 42 38 45 63 3 11 65 38 64 56 61 58 61 59
split_gain=6.20332 4.38384 3.0536 3.89785 3.23299 3.33161 2.69409 2.55163 2.82792 2.67529 4.2088 3.27868 2.52969 1.92586 0.653521 0.304855 0.125206
threshold=16.500000000000004 7.0500000000000007 0.91987179487179505 0.75735294117647067 5.5000000000000009 10.500000000000002 4.5000000000000009 101.00000000000001 3.5000000000000004 4.5000000000000009 13.500000000000002 9.6500000000000004 0.62019230769230782 0.14672782874617732 5.5000000000000009 0.16537844104881383 250.00000000000003
decision_type=2 2 2 2 2 2 2 2 2 2 2 2 2 2 2 2 2
left_child=1 2 3 4 5 -1 -4 8 9 10 -3 -11 -5 -6 -10 16 -2
right_child=15 7 6 12 13 -7 -8 -9 14 11 -12 -13 -14 -15 -16 -17 -18
leaf_value=-0.00044230632389800299 -0.0079142523875591082 8.9440561726708955e-05 0.043483821005997729 -0.038366532283097339 0.021651102923904906 -0.037969680060213645 0.0057288261912332916 0.04745689972662577 -0.059022983702446401 0.014068135537380949 -0.031076681957510881 -0.0042568554941037262 0.002078369884395749 0.006537315784708674 -0.014076482382801387 -0.065199631043450126 -0.041790992951485591
leaf_weight=37.865365095436573 0.59830506891012081 19.576278356835246 8.2621168345212954 7.5876973494887334 22.341231483966112 5.9600519761443129 8.6287444755434972 1.929151490330695 2.3885678881779309 25.551229201257229 18.813213901594281 141.03603034419939 6.1189302559942007 117.7983713876456 1.2528773057274518 2.955995412543416 0.56423715897835791
leaf_count=200 24 163 25 46 101 46 43 10 61 144 170 3332 41 545 33 66 43
internal_value=0 0.000570093 0.00531892 0.00365719 0.00547579 -0.0056913 0.0244911 -0.00426663 -0.00478741 -0.00403054 -0.0152388 -0.00143047 -0.020466 0.00897539 -0.045083 -0.0564684 -0.028157
internal_weight=0 425.11 214.563 197.672 183.965 43.8254 16.8909 210.547 208.618 204.977 38.3895 166.587 13.7066 140.14 3.64145 4.11854 1.16254
internal_count=5093 4960 1047 979 892 246 68 3913 3903 3809 333 3476 87 646 94 133 67
is_linear=0
shrinkage=0.0472155


Tree=47
num_leaves=18
num_cat=0
split_feature=64 60 54 55 64 61 61 64 57 56 15 45 53 59 27 61 59
split_gain=3.72611 3.3424 3.13998 4.67127 3.19215 2.69389 2.10877 2.23347 1.75634 1.74102 0.857513 1.17556 0.774419 0.742642 0.31892 0.127411 0.0307082
threshold=100.95000000000002 -1.0000000180025095e-35 44.100000000000009 3.7500000000000004 1.6500000000000001 0.1329931972789116 0.18635759388501164 5.8500000000000005 -6.2499999999999991 0.46862745098039221 12.500000000000002 6.5000000000000009 13.500000000000002 485.00000000000006 6.5000000000000009 0.13660287081339714 -599.99999999999989
decision_type=2 2 2 2 2 2 2 2 2 2 2 2 2 2 2 2 2
left_child=1 9 3 4 -3 -6 7 -5 -2 -1 14 -12 -8 15 16 -13 -10
right_child=8 2 -4 6 5 -7 12 -9 10 -11 11 13 -14 -15 -16 -17 -18
leaf_value=-0.065698495033173654 0.031443426293232546 0.045619950116898143 0.044369052664593803 0.040212629238990397 0.0099341019001469699 -0.00051423827098453069 -0.054639510453673663 -0.02839331551772387 -0.012755435393988955 -0.00158758300711691 0.036380958058732371 -0.018889431062424016 -0.019897862583615599 0.023865801692775166 0 -0.045298884520064198 -0.043293572487390748
leaf_weight=2.371350661385804 0.9571505100466301 3.473623350262641 3.5453179413452736 1.5728323161602 65.960520141292363 326.4592309044674 4.8302186476066709 2.5027550091035664 0.31709166616201301 1.5484002409502862 0.72984877135604653 1.329263590276242 2.5048899766989052 0.45291001722216595 0.40450061578303564 1.2893079377245156 6.7267874495591959
leaf_count=48 22 20 18 7 821 3007 56 69 18 25 14 101 38 20 25 103 681
internal_value=0 0.000761609 0.00118569 0.000789325 0.00165497 0.00124399 -0.0287596 -0.0011994 -0.0255231 -0.0416815 -0.0308341 -0.0116173 -0.0436019 -0.0245686 -0.0400647 -0.0341478 -0.0423511
internal_weight=0 414.769 410.849 407.304 395.893 392.42 11.4107 4.07559 12.2069 3.91975 11.2497 3.80133 7.33511 3.07148 7.44838 2.61857 7.04388
internal_count=5093 4109 4036 4018 3848 3828 170 76 984 73 962 238 94 224 724 204 699
is_linear=0
shrinkage=0.0472155


Tree=48
num_leaves=19
num_cat=0
split_feature=64 54 54 64 58 16 14 19 52 57 15 45 52 61 27 48 59 3
split_gain=3.40776 2.48233 3.09612 2.18464 2.86554 2.75225 5.15009 3.96651 2.65553 1.61181 0.760637 1.08339 0.733441 0.362028 0.274507 0.136419 0.0232496 0.0318383
threshold=100.95000000000002 44.100000000000009 41.95000000000001 3.5500000000000003 -17.499999999999996 2.5000000000000004 1.0000000180025095e-35 6.5000000000000009 11.500000000000002 -6.2499999999999991 12.500000000000002 6.5000000000000009 145.00000000000003 0.21283459162663007 6.5000000000000009 1.6500000000000001 -599.99999999999989 17.500000000000004
decision_type=2 2 2 2 2 2 2 2 2 2 2 2 2 2 2 2 2 2
left_child=1 2 3 5 -5 7 -7 -1 -6 -2 14 -12 15 -4 16 -13 -11 -18
right_child=9 -3 13 4 8 6 -8 -9 -10 10 11 12 -14 -15 -16 -17 17 -19
leaf_value=0.0034514198924306171 0.030144129288355324 0.039148856425487648 -0.022877100256768208 0.038568265988963117 -0.0056706095060867767 0.017787625796415206 -0.044744525072325472 0.029912906321328703 0.0027294495645068554 -0.01258383304193633 0.034614572918199596 -0.013541767082139602 0.025401602506573234 -0.05712665247818758 0 -0.041871244374122596 -0.043059649591612591 -0.01085695121794936
leaf_weight=35.2446946837008 0.93718490097671647 3.5383847868069997 1.7780807246454053 3.9038740354590109 158.99684856506065 5.9544064626097661 5.4706432595849037 19.610427588224411 177.15187531663105 0.30888509145006438 0.71903584152460132 0.86721349461004216 0.41439297050237645 1.8183112451806662 0.40419292775914062 1.6687420969828961 6.1609409409575155 0.26532698119990517
leaf_count=165 22 20 33 40 1754 29 33 82 1925 18 14 66 13 28 25 145 655 26
internal_value=0 0.000717266 0.000367391 0.000763866 -0.000764155 0.00859452 -0.0123222 0.0129881 -0.0012427 -0.0248882 -0.0301231 -0.0116397 -0.0244267 -0.0422126 -0.0390286 -0.0339219 -0.0412419 -0.0421512
internal_weight=0 413.468 409.929 406.333 340.053 66.2802 11.425 54.8551 336.149 11.7459 10.8087 3.66938 2.95035 3.59639 7.13935 2.53596 6.73515 6.42627
internal_count=5093 4109 4089 4028 3719 309 62 247 3679 984 962 238 224 61 724 211 699 681
is_linear=0
shrinkage=0.0472155


Tree=49
num_leaves=29
num_cat=0
split_feature=53 64 52 41 0 0 64 62 49 61 27 57 49 42 45 12 49 58 4 6 61 55 45 61 23 65 49 64
split_gain=3.41144 2.89508 2.61536 5.19951 3.10096 4.93114 3.64014 2.96564 3.83628 4.35016 3.75446 6.03823 3.69948 2.9183 2.90551 3.23609 2.56678 2.43117 2.04174 2.10292 1.42792 1.29056 0.978547 0.293846 0.168661 0.077953 0.0773156 0.0527554
threshold=16.500000000000004 43.45000000000001 11.500000000000002 0.35000000000000003 6.5000000000000009 1.5000000000000002 4.9500000000000011 7.5000000000000009 0.93095238095238109 0.31153480636730818 1.0000000180025095e-35 1.2500000000000002 0.63961038961038974 0.91287878787878796 19.000000000000004 1.0000000180025095e-35 0.51470588235294124 -2.4999999999999996 2.5000000000000004 1.0000000180025095e-35 0.29190074906367042 0.95000000000000007 5.5000000000000009 0.054804804804804756 1.0000000180025095e-35 10.500000000000002 0.45804195804195807 156.35000000000005
decision_type=2 2 2 2 2 2 2 2 2 2 2 2 2 2 2 2 2 2 2 2 2 2 2 2 2 2 2 2
left_child=1 2 3 14 5 -5 -6 8 9 -4 11 -9 -12 -10 15 -1 17 23 19 -19 22 -22 -18 -3 -24 -2 -20 -27
right_child=25 16 7 4 6 -7 -8 10 13 -11 12 -13 -14 -15 -16 -17 20 18 26 -21 21 -23 24 -25 -26 27 -28 -29
leaf_value=0.0022382401386326252 -0.051822959390995994 -0.0013006779949641608 -0.0031853724391910526 -0.0034866435271090753 0.055561068760371313 -0.024292625920195356 -0.0027507728370101741 -0.038464066196334246 0.0073908598742481466 0.017787926687791389 0.040039979488039876 0.037328180585637624 -0.005921616564702907 0.049761558315261828 -0.01841213175880865 0.029059853944629885 0.014369598197609681 -0.0044343507566292229 -0.041105254664290644 0.034192128767007141 0.043455963596993614 -0.02967739291984911 -0.041157495975442826 -0.045002986693687366 -0.023666303560176318 -0.0061867209809623102 -0.010712805021131871 -0.034055064098017791
leaf_weight=19.654124099761248 2.5070508131757374 0.44138292642310561 123.90411592740566 103.31692889053375 3.5485896766185743 33.574867035262287 6.5499988347291946 5.3430366385728139 8.6265839999541623 26.633110331371427 16.634960143826905 3.8972386159002781 5.0008410196751347 6.2233376214280716 6.1576508097350588 20.488543874584138 0.76447814190760155 6.3755533318035322 1.4931434025056649 5.9060342344455421 0.97696585021912941 0.8363862419500947 8.732651907252146 2.479887381196022 2.7067604339681557 0.44740151055157173 0.45424277614802111 0.34858342236839235
leaf_count=157 56 27 1078 881 10 341 66 59 80 161 94 22 46 31 44 119 16 237 105 161 16 62 763 166 196 31 22 46
internal_value=0 0.000384823 0.00149641 -0.00239866 -0.00674731 -0.00861886 0.0182743 0.0053345 0.00281293 0.000537292 0.0187284 -0.00632908 0.0294246 0.0255636 0.0113666 0.0160106 -0.0134188 -0.00107687 0.0070553 0.0143081 -0.0282741 0.00975584 -0.0340352 -0.0390556 -0.0374935 -0.046569 -0.0357889 -0.022996
internal_weight=0 420.721 389.554 193.291 146.99 136.892 10.0986 196.263 165.387 150.537 30.8761 9.24028 21.6358 14.8499 46.3003 40.1427 31.1675 17.1502 14.229 12.2816 14.0172 1.81335 12.2039 2.92127 11.4394 3.30304 1.94739 0.795985
internal_count=5093 4960 3189 1618 1298 1222 76 1571 1350 1239 221 81 140 111 320 276 1771 718 525 398 1053 78 975 193 959 133 127 77
is_linear=0
shrinkage=0.0472155


Tree=50
num_leaves=29
num_cat=0
split_feature=64 54 55 60 64 48 61 55 38 56 45 41 56 47 15 58 7 6 46 17 54 5 63 60 60 59 65 61
split_gain=2.92612 2.50948 2.88164 2.25593 2.47777 2.97761 2.67774 2.08306 2.13144 1.68049 1.58933 1.41723 1.32475 1.28373 1.1984 1.16955 1.13967 1.09848 1.14957 0.675366 0.537166 0.41094 0.187504 0.0451716 0.0404065 0.0198559 0.0636316 0.015891
threshold=43.45000000000001 44.100000000000009 3.7500000000000004 -1.0000000180025095e-35 2.5500000000000003 1.4500000000000002 0.10056179775280898 0.8500000000000002 65.000000000000014 0.46862745098039221 13.500000000000002 1.3500000000000003 0.70294117647058829 37.850000000000001 8.5000000000000018 -1.0000000180025095e-35 10.500000000000002 5.5000000000000009 5.5000000000000009 1.0000000180025095e-35 37.750000000000007 1.0000000180025095e-35 8.5000000000000018 0.027907580477673853 1.0000000180025095e-35 -74.999999999999986 10.500000000000002 0.21450482033304116
decision_type=2 2 2 2 2 2 2 2 2 2 2 2 2 2 2 2 2 2 2 2 2 2 2 2 2 2 2 2
left_child=1 2 3 -1 5 -5 -6 9 17 10 14 -4 15 20 19 23 -17 25 -19 -2 -11 -13 -16 -10 -12 26 -9 -20
right_child=7 -3 11 4 6 -7 -8 8 12 13 24 21 -14 -15 22 16 -18 18 27 -21 -22 -23 -24 -25 -26 -27 -28 -29
leaf_value=-0.0369783135292861 -0.0048000551921057819 0.040465145645251693 -0.0076316431921827849 0.026062223402793985 0.012551249572750467 -0.011286328380417276 -0.00069154506298884006 -0.011875379151769816 -0.009590926112049071 -0.036410784828423588 -0.021502481040101034 -0.022556709448978141 -0.037615675320979439 0.034356009825445774 -0.045248568122635037 0.034449707768534302 -0.022101847386799579 0.051947708546209496 -0.035729098130572332 0.034902968514183376 0.014244569885981511 -0.055484328505635103 -0.0082494340329298463 -0.035263479634119084 -0.049960199042861357 -0.043433579768927609 -0.034828936095896407 -0.0090056045202147449
leaf_weight=3.2009548824280492 1.6933987382799407 3.4070044960826626 5.7303011491894704 17.964972097426656 38.06186568364501 6.3093653023242942 309.46600475069135 0.7207110100425792 0.48674568487331249 0.87079517031088449 0.65436279634013805 1.8888308238238094 1.6498494106344876 3.9166440982371569 0.82432563276961424 3.1222544102929524 0.89856722066178907 0.49440051522105821 0.4423226872459054 1.8453716393560169 0.68845396721735597 2.6026262827217579 0.64613806223496795 0.770991291385144 1.6925444328226147 8.0547309136018157 1.7302388788666574 0.30588315799832344
leaf_count=54 56 15 54 84 344 31 2581 41 35 47 38 29 126 50 37 85 53 10 46 42 17 42 28 50 89 849 137 23
internal_value=0 0.00112436 0.000756521 0.0014373 0.00178701 0.0163169 0.000762558 -0.0137975 -0.0237871 0.000816766 -0.013746 -0.0237604 -0.00278507 0.0203142 0.00146897 0.00884085 0.0212627 -0.0358958 0.00500395 0.0163991 -0.0144918 -0.0431411 -0.0319908 -0.0281651 -0.0443252 -0.0407967 -0.0295671 -0.0292832
internal_weight=0 388.632 385.225 375.003 371.802 24.2743 347.528 31.5087 18.6767 12.832 7.35614 10.2218 6.92841 5.47589 5.00923 5.27856 4.02082 11.7483 1.24261 3.53877 1.55925 4.49146 1.47046 1.25774 2.34691 10.5057 2.45095 0.748206
internal_count=5093 3234 3219 3094 3040 115 2925 1859 1455 404 290 125 349 114 163 223 138 1106 79 98 64 71 65 85 127 1027 178 69
is_linear=0
shrinkage=0.0472155


Tree=51
num_leaves=23
num_cat=0
split_feature=59 64 59 40 39 45 4 38 42 46 61 45 46 7 55 55 57 15 45 61 27 59
split_gain=3.22739 2.86437 2.41293 4.42112 4.22692 3.58758 4.23922 3.51778 3.32122 2.99955 3.92454 3.6433 2.92229 2.41344 2.127 1.41943 1.32404 0.849633 0.990529 0.686448 0.200466 0.030268
threshold=-1369.9999999999998 100.95000000000002 -1.0000000180025095e-35 39.850000000000001 6.5000000000000009 95.000000000000014 2.5000000000000004 65.000000000000014 0.32291666666666669 3.5000000000000004 0.24350078846587067 65.000000000000014 10.500000000000002 12.500000000000002 1.8500000000000003 0.8500000000000002 -6.2499999999999991 12.500000000000002 6.5000000000000009 0.077524038461538464 6.5000000000000009 -599.99999999999989
decision_type=2 2 2 2 2 2 2 2 2 2 2 2 2 2 2 2 2 2 2 2 2 2
left_child=-1 2 5 9 13 6 7 -2 -8 11 -11 -4 -6 -5 15 -7 -3 20 -19 -20 21 -18
right_child=1 16 3 4 12 14 8 -9 -10 10 -12 -13 -14 -15 -16 -17 17 18 19 -21 -22 -23
leaf_value=-0.05177190697267342 0.0041391589561108298 0.028105978845451695 0.0058259285833307884 -0.058286075067061703 -0.022643570135988285 0.026150760635863551 0.0021766644991018623 0.027553950640860244 -0.026720300595011275 -0.0090979863893537339 0.0064945689364600163 0.042754927142657294 0.0062999929782907565 -0.016648998512862435 0.05078421934649173 -0.011888235018778972 -0.010184507137998454 0.035346399217775208 0.0090843474277441782 -0.038231765807505612 -0.0020656784418888346 -0.041529214286613117
leaf_weight=2.4921650905162087 98.217119256965816 0.86001595016568799 42.825634566135705 6.447110830806194 13.409727160353215 6.2924277568235976 19.22876599477604 16.611607705941424 16.181702713482082 83.580804374301806 62.890941187506542 6.7730329800397149 18.004510778468102 6.3132206806913018 5.3568136505782595 3.1509429556317627 0.26099245110526581 0.70650288974866304 0.94207682367414269 1.750001420965418 0.37386668380349863 5.7813806276535606
leaf_count=23 753 22 306 135 254 45 147 161 181 1044 539 36 293 106 41 47 17 14 53 170 25 681
internal_value=0 0.000331832 0.000973889 -0.00204339 -0.0155069 0.00536752 0.0031621 0.00756885 -0.0110768 0.000997766 -0.0023988 0.0110145 -0.00609162 -0.03824 0.0274133 0.0134058 -0.0236075 -0.0286167 -0.00867375 -0.0219045 -0.0385712 -0.0406042
internal_weight=0 415.959 405.284 240.245 44.1746 165.039 150.239 114.829 35.4105 196.07 146.472 49.5987 31.4142 12.7603 14.8002 9.44337 10.6748 9.81482 3.39858 2.69208 6.41624 6.04237
internal_count=5093 5070 4088 2713 788 1375 1242 914 328 1925 1583 342 547 241 133 92 982 960 237 223 723 698
is_linear=0
shrinkage=0.0472155


Tree=52
num_leaves=16
num_cat=0
split_feature=53 54 55 47 56 3 38 47 58 29 64 60 56 61 61
split_gain=2.60686 2.57423 3.05438 3.07161 3.07552 4.85416 4.78251 2.99079 4.00795 2.73463 1.39199 1.40122 1.1793 0.257664 0.291014
threshold=16.500000000000004 44.100000000000009 3.0500000000000003 40.95000000000001 0.54195804195804198 3.5000000000000004 4.5000000000000009 42.050000000000004 4.5000000000000009 1.5000000000000002 3.5500000000000003 0.15875337533753378 0.06904761904761901 0.16537844104881383 0.12141687141687142
decision_type=2 2 2 2 2 2 2 2 2 2 2 2 2 2 2
left_child=1 2 3 4 5 -1 -6 12 -9 10 -4 -12 -5 14 -2
right_child=13 -3 9 7 6 -7 -8 8 -10 -11 11 -13 -14 -15 -16
leaf_value=0.0082926410928441021 -0.038798331412580912 0.038122676222574613 -0.054001971190755969 -0.0031030400613551489 -0.013355385602668779 -0.0059963112970868888 0.011646925085155682 -0.035320503941837812 0.021740006902982861 0.028958534584273773 -0.021798000930962316 0.028301846213489336 -0.046978087425039651 -0.051465511996859017 0.0037354005724752541
leaf_weight=78.972900121007115 0.54847908602096074 3.8058167626149944 2.72163604944945 1.7782698543742315 20.028214767342433 160.19877979555167 109.3265070032794 4.384464316070078 6.7156743991654366 2.3482223954051724 14.847884825896474 1.1969920340925444 6.6760751372203231 2.0477375981863588 0.6069809696637094
leaf_count=755 47 28 18 32 301 1646 1360 87 63 40 446 11 173 66 20
internal_value=0 0.000337743 -2.82563e-05 0.000924994 0.00189742 -0.00127288 0.00775796 -0.0172229 -0.000939521 -0.0174426 -0.0234968 -0.0177554 -0.0380746 -0.0413076 -0.0184169
internal_weight=0 413.001 409.196 388.081 368.526 239.172 129.355 19.5545 11.1001 21.1147 18.7665 16.0449 8.45434 3.2032 1.15546
internal_count=5093 4960 4932 4417 4062 2401 1661 355 150 515 475 457 205 133 67
is_linear=0
shrinkage=0.0472155


Tree=53
num_leaves=38
num_cat=0
split_feature=64 31 23 60 58 19 16 47 56 40 50 55 54 61 12 41 65 54 4 17 42 42 58 40 58 57 52 30 58 41 47 62 49 41 60 47 47
split_gain=2.71759 2.46671 3.82304 3.42924 3.01332 4.21063 5.47482 2.89001 5.94285 3.3945 4.68784 2.89811 2.59885 3.17032 2.39728 2.26124 2.15845 2.14657 2.20291 2.20958 2.58872 2.29906 1.81351 1.97345 1.68502 2.18038 2.10277 1.69146 1.57397 1.37794 0.991405 0.817926 0.751761 1.21127 0.969857 0.491364 0.466787
threshold=20.150000000000002 7.5000000000000009 1.5000000000000002 0.033615819209039506 2.5000000000000004 23.500000000000004 2.5000000000000004 36.050000000000004 0.54195804195804198 37.150000000000013 -1.0000000180025095e-35 1.0000000180025095e-35 39.050000000000004 0.16537844104881383 1.0000000180025095e-35 0.35000000000000003 4.5000000000000009 38.250000000000007 3.5000000000000004 1.0000000180025095e-35 0.26969696969696971 0.24264705882352941 -8.4999999999999982 36.850000000000001 1.0000000180025095e-35 5.2500000000000009 135.00000000000003 1.5000000000000002 5.5000000000000009 1.8500000000000003 38.250000000000007 1.5000000000000002 0.19375000000000003 1.4500000000000002 0.15353598014888339 38.350000000000001 38.95000000000001
decision_type=2 2 2 2 2 2 2 2 2 2 2 2 2 2 2 2 2 2 2 2 2 2 2 2 2 2 2 2 2 2 2 2 2 2 2 2 2
left_child=1 2 7 16 12 -6 -7 8 11 15 -11 -1 13 -5 -10 -9 -3 18 19 20 21 -2 -21 -24 25 27 32 30 -4 -22 -19 -20 33 -26 -34 -33 -37
right_child=17 3 28 4 5 6 -8 9 14 10 -12 -13 -14 -15 -16 -17 -18 24 31 22 29 -23 23 -25 26 -27 -28 -29 -30 -31 -32 35 34 -35 -36 36 -38
leaf_value=-0.0080467730826854888 -0.0011482882546234906 -0.035641910726053917 -0.051867131543475754 0.042848262244886352 0.028639814848004087 0.017336643175597685 -0.040179585142381756 0.026446498073074642 0.02438100232361971 0.031541973964480642 -0.0019775421583602482 -0.039717142076816987 0.045280029285249268 0.0063879766447888318 -0.014529719830717694 0.0050901517034781484 0.008638690136009694 0.00096849267221381244 0.014591655714522095 0.056599899916425556 -0.0073440062514009358 0.055334988984783486 -0.033254486712159401 0.016442241672451147 0.019709471293145271 0.051277816900671389 0.024911269651092978 0.024709831048266965 -0.0049969456880929498 -0.037373790686427384 -0.029936562186696537 -0.048528361728485958 -0.043658674590544885 -0.040324294560846914 0.016288737713420143 0.012188758246736977 -0.034018882213901258
leaf_weight=12.579479895532133 5.7796504856087294 5.3698259983211738 4.2369935717433682 6.8817068859934833 7.4361410662531879 6.5083049777895203 8.088249219581483 19.343376282602549 10.815553324297069 9.6632812209427339 170.19706084020436 13.406199954450129 8.2755411341786367 22.148413294926286 5.0382554884999982 25.94571397639811 4.2676213551312685 3.3296303665265459 0.68248199298977752 1.9311767080798734 9.0427604406140727 2.0350795250851661 1.9107322224881489 12.085637841722926 1.3079092504922294 1.1561228702776123 1.3116589216515411 2.1154483659192911 2.6180582139641047 5.4744911987800142 7.0513538718223572 2.8950047623366117 10.290998541051518 1.346916824346408 0.53581388434395272 0.7332643545232711 0.90765730733983219
leaf_count=78 128 41 55 32 41 35 73 103 66 49 1233 109 37 139 40 156 46 140 20 28 297 24 70 303 38 27 43 51 22 294 354 141 628 68 15 19 50
internal_value=0 0.00175156 -0.000258069 0.00971987 0.0139698 8.2588e-05 -0.014589 0.000644103 -0.0107219 0.0027658 -0.000144144 -0.0245669 0.0221156 0.0152582 0.0119514 0.0142926 -0.0161635 -0.00833266 -0.00169908 0.0022576 -0.00728783 0.01437 0.0156151 0.00928524 -0.0183767 -0.00622973 -0.0293399 -0.012236 -0.0346287 -0.0190227 -0.020111 -0.0299597 -0.0349171 -0.0111303 -0.0404212 -0.0370934 -0.0138298
internal_weight=0 342.82 273.844 68.9758 59.3384 22.0327 14.5966 266.989 41.8395 225.149 179.86 25.9857 37.3057 29.0301 15.8538 45.2891 9.63745 71.9238 43.4779 38.2595 22.332 7.81473 15.9275 13.9964 28.4459 13.6526 14.7933 12.4964 6.85505 14.5173 10.381 5.21841 13.4816 2.65483 10.8268 4.53593 1.64092
internal_count=5093 2355 1911 444 357 149 108 1834 293 1541 1282 187 208 171 106 259 87 2738 1374 1144 743 152 401 373 1364 572 792 545 77 591 494 230 749 106 643 210 69
is_linear=0
shrinkage=0.0472155


Tree=54
num_leaves=25
num_cat=0
split_feature=19 5 7 27 0 38 28 46 58 20 1 1 48 59 39 47 54 52 49 47 55 39 47 64
split_gain=2.54748 2.73616 3.23065 3.09838 2.99626 2.73599 4.48061 3.74679 2.69723 4.67277 4.0883 4.58628 3.84647 3.43142 3.32826 2.96703 2.61858 2.5227 2.28042 2.20931 2.0183 2.04171 2.71071 1.89702
threshold=73.500000000000014 1.0000000180025095e-35 1.5000000000000002 8.5000000000000018 3.5000000000000004 5.5000000000000009 1.0000000180025095e-35 15.500000000000002 -1.4999999999999998 1.0000000180025095e-35 2.5000000000000004 7.5000000000000009 0.15000000000000005 -1.0000000180025095e-35 12.500000000000002 38.550000000000004 39.250000000000007 95.000000000000014 0.23205128205128203 37.050000000000004 0.45000000000000007 4.5000000000000009 37.550000000000004 3.4500000000000006
decision_type=2 2 2 2 2 2 2 2 2 2 2 2 2 2 2 2 2 2 2 2 2 2 2 2
left_child=1 8 20 5 23 6 -4 -7 9 12 13 17 -1 14 -10 -14 -15 -12 -2 -6 -3 -22 -23 -5
right_child=18 2 3 4 19 7 -8 -9 10 -11 11 -13 15 16 -16 -17 -18 -19 -20 -21 21 22 -24 -25
leaf_value=-0.058644273619999882 -0.058903363953874376 0.050581380489880416 0.0044162465263641757 0.013089396362329491 0.023960282924100018 0.0087866457278863441 -0.031924917600156449 -0.042841905590985371 0.017480773931240031 0.042243083079246423 -0.040993520529445139 0.027670967304934218 -0.0026906198956370983 0.0012361713830399729 -0.028246857559841698 -0.02477871613793891 -0.023903671396816713 0.012844781147886179 -0.0032362032178762565 -0.012178191274471145 0.037922427144575228 0.026584781654571836 -0.043082503457863464 -0.045741824023387459
leaf_weight=3.948345895856618 2.8889595307409754 4.7960152118466786 23.781016526278108 1.3775703758001343 5.1657261173240867 142.27635917509906 10.877081337850539 3.0292176152579477 41.841174989705905 3.242492424324154 11.881947445217522 3.3720394521951667 35.080447091022506 48.696991010103375 3.709143539890646 22.052664250368252 11.208277018973602 2.2065767808817318 3.6345356958918273 12.643981163389979 3.5741892247460765 2.302346071228385 2.3293924878817052 6.8674010019749403
leaf_count=38 32 25 303 7 45 1577 180 105 364 24 196 28 394 650 51 357 282 28 57 158 20 19 40 113
internal_value=0 0.000475981 0.0040586 0.00260312 -0.0125549 0.00481132 -0.0070736 0.00765564 -0.00371114 -0.0115308 0.000386339 -0.0206527 -0.0145085 0.0039044 0.0136492 -0.0112773 -0.00351267 -0.0324618 -0.0288802 -0.00152905 0.0267309 0.0119489 -0.00861073 -0.0357677
internal_weight=0 406.26 219.02 206.018 26.0547 179.964 34.6581 145.306 187.24 64.3239 122.916 17.4606 61.0815 105.456 45.5503 57.1331 59.9053 14.0885 6.5235 17.8097 13.0019 8.20593 4.63174 8.24497
internal_count=5093 5004 2592 2488 323 2165 483 1682 2412 813 1599 252 789 1347 415 751 932 224 89 203 104 79 59 120
is_linear=0
shrinkage=0.0472155


Tree=55
num_leaves=33
num_cat=0
split_feature=64 46 45 4 4 7 58 5 6 47 61 61 47 55 62 47 40 14 46 47 65 64 59 48 14 39 18 59 64 7 42 19
split_gain=2.40248 3.10262 4.23696 4.13052 3.77313 3.386 3.28172 3.03699 2.74797 2.6817 2.41982 4.52011 3.40611 3.46018 2.88528 2.86686 3.34484 2.3706 2.29731 2.25481 2.23799 4.03689 2.15833 2.13857 1.84779 1.82477 1.82299 1.55751 1.49148 1.07033 0.946383 0.669346
threshold=9.6500000000000004 8.5000000000000018 115.00000000000001 1.5000000000000002 2.5000000000000004 4.5000000000000009 21.500000000000004 1.0000000180025095e-35 1.5000000000000002 38.350000000000001 0.057417582417582359 0.13003220611916264 40.550000000000004 2.6500000000000008 4.5000000000000009 40.050000000000004 39.850000000000001 2.5000000000000004 9.5000000000000018 36.550000000000004 5.5000000000000009 20.150000000000002 75.000000000000014 0.35000000000000003 1.0000000180025095e-35 6.5000000000000009 1.0000000180025095e-35 150.00000000000003 23.850000000000005 24.500000000000004 0.93541666666666667 16.500000000000004
decision_type=2 2 2 2 2 2 2 2 2 2 2 2 2 2 2 2 2 2 2 2 2 2 2 2 2 2 2 2 2 2 2 2
left_child=10 2 3 9 8 7 28 20 -5 17 23 14 15 26 -12 16 -13 -2 -8 -6 -3 -22 -9 -1 -20 -4 -14 -11 31 -30 -24 -7
right_child=1 5 25 4 19 6 18 22 -10 27 11 12 13 -15 -16 -17 -18 -19 24 -21 21 -23 30 -25 -26 -27 -28 -29 29 -31 -32 -33
leaf_value=0.007950877462341549 -0.0090064800258261041 -0.051479931662953615 0.054703021625223988 0.004282713494062354 -0.033824272864834672 -0.048070258835869246 0.063643996009381143 0.042705942949959393 0.051729902262710278 -0.034557440299864628 0.0016499195353381411 0.0042179114708386289 -0.052108356259014998 0.016656857625867636 0.038419354060321591 0.027267311498441318 -0.014246854238856334 0.023311513152267763 -0.048504791286760371 0.006366179100004983 0.017497835912242025 -0.025418341617788196 -0.035077338315953693 -0.036507855495492722 0.026444284747514649 0.0036423631398980055 -0.011049146603991096 -0.0012444429183722165 -0.0082458086096709998 -0.034070174969118391 0.022149667338842348 -0.025945135883397603
leaf_weight=3.7540317103266698 25.452023853780705 2.3452655635774198 4.2509949263185254 4.6121590221300739 3.6360849472694126 8.1871115472167748 1.3357495237141841 4.9034254392608991 6.7002172619104385 12.211346104508268 7.60314713418484 181.09987269900739 5.7772329039871675 3.8641519397497168 12.782601822167633 10.347891587764023 24.688876833766699 6.1263780654408029 1.2035057127941402 16.767487014643848 9.5572381783276814 9.6327845456544292 1.3600035835988822 6.2184163257479668 1.393395723076537 2.4942325334995985 4.3252477515488863 4.2587624765001229 10.379153540357946 5.5009664492681614 0.94191402196884144 6.4045627769082776
leaf_count=24 467 41 28 67 103 154 10 54 58 269 50 943 53 26 50 49 175 70 58 293 114 565 65 57 30 49 34 103 527 390 14 103
internal_value=0 -0.00476425 0.00103966 -0.002023 0.0111554 -0.0127068 -0.0226614 -0.00070301 0.0328016 -0.0107441 0.00273878 0.00365429 0.0017546 -0.0206911 0.0248679 0.00322359 0.00198929 -0.00262231 0.0172269 -0.000991463 -0.00961526 -0.00404637 0.0254425 -0.0198596 -0.00892637 0.0364851 -0.0350799 -0.026086 -0.0278995 -0.0175057 -0.0114893 -0.0388256
internal_weight=0 149.655 86.5097 79.7645 31.7159 63.1451 34.4044 28.7406 11.3124 48.0485 260.461 250.489 230.103 13.9666 20.3857 216.137 205.789 31.5784 3.93265 20.4036 21.5353 19.19 7.20534 9.97245 2.5969 6.74523 10.1025 16.4701 30.4718 15.8801 2.30192 14.5917
internal_count=5093 3632 1507 1430 521 2125 1272 853 125 909 1461 1380 1280 113 100 1167 1118 537 98 396 720 679 133 81 88 77 87 372 1174 917 79 257
is_linear=0
shrinkage=0.0472155


Tree=56
num_leaves=14
num_cat=0
split_feature=53 9 64 54 54 54 57 14 40 64 65 64 59
split_gain=2.53596 2.33705 2.27452 2.05609 2.73018 1.93169 1.08957 0.768394 0.634757 0.104996 0.137777 0.0895309 0.0398809
threshold=16.500000000000004 1.5000000000000002 100.95000000000002 44.100000000000009 41.95000000000001 40.650000000000013 -6.2499999999999991 1.0000000180025095e-35 39.45000000000001 3.6500000000000008 11.500000000000002 156.35000000000005 -349.99999999999994
decision_type=2 2 2 2 2 2 2 2 2 2 2 2 2
left_child=1 2 3 4 5 -1 -4 12 -9 -2 -11 -12 -8
right_child=9 -3 6 -5 -6 -7 7 8 -10 10 11 -13 -14
leaf_value=0.00051842471484590824 -0.0099530895733356221 -0.04332945485313347 0.031246030713515158 0.036855157990659797 -0.042175501051267869 0.017167572947895351 -0.010164077773497116 0.0017329979337042819 -0.033118056972882608 -0.052502090465511637 0 -0.030781215841747429 -0.041737014928030253
leaf_weight=368.28256913367659 0.36414086818695013 2.5397963421419254 0.64236002368852396 3.3960594208911052 3.0833726953715077 16.051452566403896 0.28364575374871392 2.8752017547376454 1.7297835580538956 1.9537021978758278 0.32576311146840442 0.27866282942704856 4.059916684171184
leaf_count=3739 2 34 9 19 57 194 17 180 188 62 25 44 523
internal_value=0 0.000327004 0.000624348 0.00118781 0.000856987 0.00122295 -0.0218795 -0.0262903 -0.0119563 -0.04256 -0.0460301 -0.0171885 -0.0402919
internal_weight=0 402.944 400.404 390.813 387.417 384.334 9.59091 8.94855 4.60499 2.92227 2.55813 0.604426 4.34356
internal_count=5093 4960 4926 4009 3990 3933 917 908 368 133 131 69 540
is_linear=0
shrinkage=0.0472155


Tree=57
num_leaves=23
num_cat=0
split_feature=64 60 64 61 61 38 27 15 0 63 47 56 56 45 57 15 45 61 27 52 3 59
split_gain=2.16074 1.90502 2.62161 2.4599 3.24453 2.87945 2.28959 5.19557 2.60139 1.97871 2.05772 1.54172 1.44852 1.41455 1.0083 0.820756 0.837683 0.735607 0.155641 0.130508 0.0450224 0.0426381
threshold=100.95000000000002 -1.0000000180025095e-35 2.5500000000000003 0.10230245944531656 0.089087301587301507 4.5000000000000009 2.5000000000000004 7.5000000000000009 2.5000000000000004 4.5000000000000009 37.150000000000013 0.5590277777777779 0.31009615384615391 9.5000000000000018 -6.2499999999999991 12.500000000000002 6.5000000000000009 0.077524038461538464 5.5000000000000009 105.00000000000001 17.500000000000004 -599.99999999999989
decision_type=2 2 2 2 2 2 2 2 2 2 2 2 2 2 2 2 2 2 2 2 2 2
left_child=1 11 9 4 5 -4 8 -8 -5 -3 -11 -1 -12 -6 -2 18 -17 -18 20 -19 21 -16
right_child=14 2 3 6 13 -7 7 -9 -10 10 12 -13 -14 -15 15 16 17 19 -20 -21 -22 -23
leaf_value=-0.058862381477132596 0.026000287999205368 0.037167130254866815 -0.036129035027852842 0.002978275149932571 0.049183137821347499 0.0077265515721192512 -0.033596711184244551 -0.0030866265572269598 -0.015051181970272906 0.028860418919225212 0.010820771920040016 0.0041403837975646507 -0.023078888419409953 0.015866303555731414 -0.0085228994307789425 0.034144228963698155 0.012363939053461583 -0.042763811740148927 -0.0069275254941401484 -0.003277368171574637 -0.0072861471797801818 -0.041213790682935812
leaf_weight=1.9854384688660496 0.75530545692890783 6.8200020119547871 3.6308338404633131 194.91213452839293 5.3042497187852842 26.877709545195103 14.120573224034159 96.967001126613468 19.456046591047198 6.0440158843994167 5.8271276503801328 1.3784746965393422 5.1021325513720512 6.5971814549993724 0.24839075189083715 0.6906997533515099 0.93418579013086889 1.3323779376223681 0.50278035039082158 0.28956625517457713 0.23366037267260242 4.8068624803563571
leaf_count=51 22 29 75 1926 31 369 196 1021 220 30 31 22 29 79 15 14 53 143 41 28 25 643
internal_value=0 0.000547627 0.000860467 -0.000123539 0.0105461 0.00230987 -0.00152081 -0.00701739 0.00132796 0.0159909 0.00715181 -0.0339344 -0.0050608 0.0312662 -0.0217097 -0.026185 -0.00644809 -0.0191388 -0.0366273 -0.0370801 -0.0390199 -0.0400702
internal_weight=0 395.023 391.659 367.866 42.41 30.5085 325.456 111.088 214.368 23.7933 16.9733 3.36391 10.9293 11.9014 9.79383 9.03852 3.24683 2.55613 5.79169 1.62194 5.28891 5.05525
internal_count=5093 4109 4036 3917 554 444 3363 1217 2146 119 90 73 60 110 984 962 238 224 724 171 683 658
is_linear=0
shrinkage=0.0472155


Tree=58
num_leaves=30
num_cat=0
split_feature=53 64 3 57 58 27 55 56 40 39 58 18 64 4 48 18 39 58 49 48 45 61 52 57 62 54 47 61 59
split_gain=2.16951 1.8525 1.90094 2.55408 3.74448 2.62689 5.25897 3.91327 2.37983 4.75531 2.05882 4.27983 2.55613 1.79227 2.0658 2.1602 1.87582 1.7807 1.77152 1.54733 1.12619 1.09546 0.956037 0.796014 0.453166 0.308453 0.692454 0.121458 0.191553
threshold=16.500000000000004 20.150000000000002 1.5000000000000002 3.7500000000000004 3.5000000000000004 1.0000000180025095e-35 0.35000000000000003 0.54195804195804198 40.650000000000013 11.500000000000002 1.5000000000000002 1.5000000000000002 5.7500000000000009 3.5000000000000004 2.8500000000000001 4.5000000000000009 3.5000000000000004 -1.4999999999999998 0.71008403361344552 1.1500000000000001 12.500000000000002 0.20067114093959734 65.000000000000014 -6.2499999999999991 3.5000000000000004 37.45000000000001 38.350000000000001 0.16537844104881383 250.00000000000003
decision_type=2 2 2 2 2 2 2 2 2 2 2 2 2 2 2 2 2 2 2 2 2 2 2 2 2 2 2 2 2
left_child=1 2 8 5 17 6 -4 -7 10 -10 11 -1 -12 14 15 18 20 -5 -3 -6 -16 25 24 -18 -23 26 -15 28 -2
right_child=27 13 3 4 19 7 -8 -9 9 -11 12 -13 -14 21 16 -17 23 -19 -20 -21 -22 22 -24 -25 -26 -27 -28 -29 -30
leaf_value=0.01093402828657573 0 0.0029684234961630841 0.012177663280776803 -0.021056018239533514 0.022144678241398513 -0.0012752529190208509 -0.019306220912856355 0.012912203701786759 -0.049434362370804806 0.025539430234151672 0.033111931073695478 -0.032385853272813805 0.0040134945323332012 -0.041392251873830201 0.040183015280715009 0.050683389260773141 0.013765845983191319 -0.066250684308864424 -0.018151775978429062 -0.016499343235265029 -0.032004063014269342 0.0001562913202640023 0.021635811825855566 -0.042189244908387206 -0.039872754188602928 -0.049114643792245484 0.0076393080302458328 -0.047969833799001486 -0.03793125844185101
leaf_weight=32.184119688346982 0.56089033163152568 37.905128002166748 18.024621767923236 5.1553333550691605 4.6848473008722049 123.65180365554988 33.616769149899483 66.477158086374402 4.1228130832314482 3.2007342390716076 16.159845326095823 5.8550984226167193 11.630982149392365 1.4904854944907113 1.2125371536239962 1.6278093773871649 0.52513706684112538 3.2921286709606665 11.353504999075083 4.2213588114827871 0.57277267077006389 0.99977390374988395 1.5239462787285445 5.8490668646991253 1.3907573274336753 3.122373485006392 0.93613212043419469 1.8227647298481313 0.45123309153132141
leaf_count=196 24 1066 108 46 21 861 282 442 57 20 71 48 96 80 33 33 7 34 579 42 56 46 41 419 69 173 34 66 43
internal_value=0 0.00029979 0.00175962 -0.000137099 -0.0175428 0.00112136 -0.00830077 0.0036892 0.00847129 -0.0167498 0.0113239 0.00413139 0.0210582 -0.00675758 -0.00365154 -6.967e-05 -0.0254415 -0.0397316 -0.00193348 0.00379203 0.0159039 -0.025652 -0.00591681 -0.0372359 -0.0240112 -0.0388542 -0.0229872 -0.0399358 -0.0199827
internal_weight=0 400.787 332.278 259.124 17.3537 241.77 51.6414 190.129 73.1536 7.32355 65.83 38.0392 27.7908 68.5094 59.046 50.8864 8.15951 8.44746 49.2586 8.90621 1.78531 9.46347 3.91448 6.3742 2.39053 5.54899 2.42662 2.83489 1.01212
internal_count=5093 4960 2324 1836 143 1693 390 1303 488 77 411 244 167 2636 2193 1678 515 80 1645 63 89 443 156 426 115 287 114 133 67
is_linear=0
shrinkage=0.0472155


Tree=59
num_leaves=30
num_cat=0
split_feature=53 20 40 41 55 39 42 40 27 40 54 60 54 19 31 61 49 55 31 60 42 64 54 57 15 47 61 61 48
split_gain=2.40056 3.19914 1.87024 2.95403 5.27986 2.99042 2.68649 2.63942 3.48799 3.18804 2.46685 4.18598 2.98526 2.25822 2.28211 2.14986 1.93459 1.78504 1.71306 1.67902 1.46877 1.3443 1.29234 1.51887 1.20704 0.74123 0.255094 0.417253 0.359467
threshold=15.500000000000002 1.0000000180025095e-35 39.45000000000001 1.0500000000000003 1.9500000000000002 2.5000000000000004 0.087121212121212113 39.650000000000013 4.5000000000000009 41.350000000000001 40.650000000000013 0.058632543926661555 40.050000000000004 73.500000000000014 7.5000000000000009 0.10673139158576046 0.18465909090909091 2.7500000000000004 1.5000000000000002 0.093491561890674355 0.39444444444444454 4.4500000000000011 37.250000000000007 -1.0000000180025095e-35 4.5000000000000009 38.650000000000013 0.19453765846383292 0.12141687141687142 2.5500000000000003
decision_type=2 2 2 2 2 2 2 2 2 2 2 2 2 2 2 2 2 2 2 2 2 2 2 2 2 2 2 2 2
left_child=2 26 10 4 5 21 22 8 -8 -9 12 17 13 14 -1 -6 -14 -12 -18 -17 -15 -4 -5 -24 -13 -7 27 -2 -28
right_child=1 -3 3 6 15 25 7 9 -10 -11 11 24 16 20 -16 19 18 -19 -20 -21 -22 -23 23 -25 -26 -27 28 -29 -30
leaf_value=0.00088093499272308819 -0.045389042941295837 0.042719199659008597 0.018321327246965644 0.037899932573732434 0.052294471901212281 -0.064259162351793811 -0.063029932152059306 0.0067237558610333207 0.017578630869037212 -0.014882985419325812 0.016831045538183719 0.05342720297496896 -0.06255466388560986 -0.0031975182049831861 0.012247726702729275 -0.030118617443601309 -0.035540554343943473 -0.045042253376146167 0.0064776559095058748 0.024265878208959226 -0.056035464212605676 -0.025068254330620127 -0.019168855029207364 0.027764299628357213 0.020098727416479726 -0.034809175113392911 -0.030852675640715282 -0.0020759889784645489 -0.068021696259861222
leaf_weight=215.7326346191112 0.89354811422526736 1.0226946165785191 2.3465798757970395 5.0825389144010824 2.1067324981559059 4.9789930512197298 3.3819409261923274 39.800458688172512 1.6913923274260012 24.403004506370053 1.6543052864726626 5.044503004755823 2.0421467265114179 2.4071829738095394 48.045946308877319 2.3929930140729994 3.7348321143072081 2.2869953780900687 4.6966939670965075 2.3170176544226706 2.2089686230756342 4.1531415006611496 2.7834856195840985 3.0208045556209981 5.3205909291282296 4.6604463560506701 1.7820526976138356 1.0196989825926719 1.6493590613827107
leaf_count=2212 82 7 14 28 31 66 74 729 31 534 28 29 29 19 442 67 60 58 74 23 48 81 45 26 50 71 50 49 36
internal_value=0 -0.0283673 0.000468108 -0.0049938 -0.0198593 -0.0344768 -0.000694836 -0.00414316 -0.0363428 -0.00149681 0.00239328 0.0213972 0.00140323 0.00237668 0.00296054 0.014653 -0.0231105 -0.0193034 -0.0124039 -0.00332177 -0.0297405 -0.00923687 0.0209079 0.00524678 0.0369984 -0.0509615 -0.0430102 -0.0247233 -0.0513322
internal_weight=0 6.36735 396.294 103.12 22.9559 16.1392 80.1636 69.2768 5.07333 64.2035 293.175 14.3064 278.868 268.395 263.779 6.81674 10.4737 3.9413 8.43153 4.71001 4.61615 6.49972 10.8868 5.80429 10.3651 9.63944 5.34466 1.91325 3.43141
internal_count=5093 224 4869 1820 353 232 1467 1368 105 1263 3049 165 2884 2721 2654 121 163 86 134 90 67 95 99 71 79 137 217 131 86
is_linear=0
shrinkage=0.0472155


Tree=60
num_leaves=24
num_cat=0
split_feature=58 39 64 7 59 40 42 15 46 42 61 49 61 38 56 42 52 53 58 61 14 65 42
split_gain=2.03617 2.22171 2.34947 2.15941 1.77895 4.2831 4.80766 4.08509 3.1675 3.42307 5.03878 3.54157 2.98481 2.44787 3.74534 1.75306 1.24048 1.74712 1.12967 1.02177 0.948311 0.514009 0.379548
threshold=25.500000000000004 14.500000000000002 2.9500000000000006 23.500000000000004 75.000000000000014 41.350000000000001 0.17156862745098037 4.5000000000000009 1.5000000000000002 0.44097222222222227 0.25652371227592469 0.68990384615384626 0.36406117247238745 1.5000000000000002 0.5590277777777779 0.092329545454545456 11.500000000000002 2.5000000000000004 41.500000000000007 0.20722996515679443 1.0000000180025095e-35 5.5000000000000009 0.77350427350427364
decision_type=2 2 2 2 2 2 2 2 2 2 2 2 2 2 2 2 2 2 2 2 2 2 2
left_child=1 4 -3 18 8 6 7 -6 13 11 -11 -10 -8 -1 -15 -7 22 -18 19 -2 -19 -17 -4
right_child=3 2 16 -5 5 15 12 -9 9 10 -12 -13 -14 14 -16 21 17 20 -20 -21 -22 -23 -24
leaf_value=0.016109647838571585 -0.049685779419539604 0.033945084084534914 -0.055331982331490406 -0.067215174088868804 -0.0065094729051741063 0.012247144658357677 0.0047250174040459926 -0.060442146001472713 0.012509531676973596 -0.011768006344179498 0.010084012156264146 -0.0096077630061748211 -0.033725096808816205 -0.027398545539049343 0.016121907671536855 -0.058340433528871825 0.033190067361495781 -0.043420221002860727 0.022694423564007839 -0.0015128954772448027 -0.0035028318256462411 -0.030231124780590479 -0.016865376784676232
leaf_weight=5.8084621373564032 1.5753620008472347 1.4568991512060154 3.0750220878981036 1.7776042497716842 8.1101591001497564 1.3784332391805927 86.291481057181954 5.0082012326456598 124.47074115183204 52.007191013311967 42.646027655806392 18.375920386519283 4.5712311943061641 19.174959697294984 5.5613386817276469 3.3436746075749397 1.2553091822192071 2.826288113836199 1.6038162373006342 2.3267072676680982 2.5054945696610957 4.1402805375400931 1.0010700831189749
leaf_count=39 57 6 76 38 115 16 1312 104 947 910 355 206 54 207 43 50 8 118 20 38 89 234 51
internal_value=0 0.000463599 -0.0192884 -0.024439 0.00110239 -0.00386433 -0.00114615 -0.0276728 0.00319688 0.00504095 -0.00191532 0.00965155 0.00272239 -0.0110676 -0.0175436 -0.0350448 -0.027052 -0.0136398 -0.00886915 -0.0224183 -0.0254874 -0.0439206 -0.0471203
internal_weight=0 393.008 12.1201 7.28349 380.888 112.843 103.981 13.1184 268.045 237.5 94.6532 142.847 90.8627 30.5448 24.7363 8.86239 10.6632 6.58709 5.50589 3.90207 5.33178 7.48396 4.07609
internal_count=5093 4940 348 153 4592 1885 1585 219 2707 2418 1265 1153 1366 289 250 300 342 215 115 95 207 284 127
is_linear=0
shrinkage=0.0472155


Tree=61
num_leaves=18
num_cat=0
split_feature=53 9 21 47 63 38 6 40 55 61 3 61 0 49 52 59 64
split_gain=2.26586 2.20071 1.84004 2.18603 3.15878 1.94765 3.42777 3.61725 3.19838 4.41921 3.83718 1.98887 1.34038 1.65505 1.11667 0.164207 0.272468
threshold=16.500000000000004 1.5000000000000002 1.0000000180025095e-35 38.050000000000004 10.500000000000002 35.000000000000007 3.5000000000000004 41.350000000000001 1.0000000180025095e-35 0.3156487475372925 33.500000000000007 0.081799933087989204 6.5000000000000009 0.2264957264957265 35.000000000000007 150.00000000000003 3.6500000000000008
decision_type=2 2 2 2 2 2 2 2 2 2 2 2 2 2 2 2 2
left_child=1 2 5 12 14 8 7 -7 9 -1 -10 -8 13 -4 -5 -2 -17
right_child=15 -3 3 4 -6 6 11 -9 10 -11 -12 -13 -14 -15 -16 16 -18
leaf_value=0.016060463696905392 -0.016875179241600924 -0.042546411578390619 0.038321464363205611 -0.057365703115530423 0.030983888508508507 0.010057394339227409 0.029978030356029011 -0.03598001976671783 -0.0029827241344767249 -0.024820631585924097 -0.025861036517731528 -0.017726729977163597 0.047757670708786323 -0.0015525134031945215 -0.0078074680519580617 -0.007749533587756742 -0.056471546520394308
leaf_weight=35.233559809857979 0.85316166537813787 2.4773158440366378 3.7766718128696102 1.943399847485124 2.717463546898216 97.921621464425698 2.007008250802758 3.7838884433731428 188.8466645773733 6.8997472524642935 17.739426905987784 18.481724273879081 4.0399126736447206 5.5197763592004776 2.1332841254770756 0.40863445401191745 1.599239502334967
leaf_count=312 34 34 23 34 22 1100 37 106 2586 56 257 284 19 62 28 2 97
internal_value=0 0.000313349 0.00060544 0.0144452 -0.00716398 -0.000150398 0.00472502 0.00827938 -0.0025499 0.0092755 -0.00497063 -0.0128081 0.0254519 0.0149868 -0.0329736 -0.0406328 -0.0482686
internal_weight=0 393.521 391.044 20.1305 6.79415 370.914 122.194 101.706 248.719 42.1333 206.586 20.4887 13.3364 9.29645 4.07668 2.86104 2.00787
internal_count=5093 4960 4926 188 84 4738 1527 1206 3211 368 2843 321 104 85 62 133 99
is_linear=0
shrinkage=0.0472155


Tree=62
num_leaves=37
num_cat=0
split_feature=59 46 42 49 47 42 61 60 41 47 42 28 57 28 46 62 41 61 48 40 52 57 61 49 53 42 27 7 49 2 61 64 27 38 18 53
split_gain=2.21294 3.38455 3.2431 2.75768 2.99288 3.79144 3.37332 7.76268 4.19039 2.68303 2.85558 2.63748 2.59785 2.59232 3.01838 2.59151 2.59513 2.55639 2.4115 2.39697 2.20378 2.01291 2.04246 1.93165 2.28019 1.83861 1.77241 1.65666 1.62012 1.605 1.9717 1.17293 1.07879 0.856903 0.766287 0.748286
threshold=75.000000000000014 3.5000000000000004 0.25833333333333336 0.86190476190476206 35.95000000000001 0.25833333333333336 0.37635410599883518 0.19274475524475523 0.15000000000000005 36.850000000000001 0.21825396825396823 1.0000000180025095e-35 2.7500000000000004 1.0000000180025095e-35 10.500000000000002 3.5000000000000004 3.8500000000000001 0.3156487475372925 1.8500000000000003 40.95000000000001 9.5000000000000018 -2.7499999999999996 0.24234614183067793 0.25833333333333336 11.500000000000002 0.67708333333333337 1.5000000000000002 13.500000000000002 0.91287878787878796 2.5000000000000004 0.23691816245816846 6.5500000000000007 6.5000000000000009 35.000000000000007 1.0000000180025095e-35 4.5000000000000009
decision_type=2 2 2 2 2 2 2 2 2 2 2 2 2 2 2 2 2 2 2 2 2 2 2 2 2 2 2 2 2 2 2 2 2 2 2 2
left_child=3 21 11 4 5 29 7 8 -6 18 -11 23 35 15 28 16 -4 -16 25 -17 34 -2 31 24 -3 -5 -22 -8 -15 30 -1 -23 -25 -33 -7 -12
right_child=1 2 13 9 6 20 27 -9 -10 10 12 -13 -14 14 17 19 -18 -19 -20 -21 26 22 -24 32 -26 -27 -28 -29 -30 -31 -32 33 -34 -35 -36 -37
leaf_value=0.010239927148954511 0.033194394283974998 -0.016452410303097624 -0.028156474975145045 -0.035483032401332715 0.019706257847721956 -0.059440267498656003 0.012422898087172058 -0.071386326257565053 0.0022940688726264904 0.019138142472416863 -0.060856556947639286 -0.05665754449340412 0.011057187507913284 0.016760917518537727 -0.034529416452002401 0.0015743848320509395 0.030034259735109006 0.033346998233527943 0.040246972479910409 -0.0347401933801516 -0.033560529883298627 0.032092228693653004 -0.019418630013119834 -0.044068620390999076 0.03267442418309538 0.0093882516252917873 0.014590304915044802 0.048402074362832052 0.061650030761376366 0.026358302874489627 -0.026777590754911595 -0.021758827846737192 0.0063393043896424386 0.014693354799349084 -0.025148788497931219 -0.032238235802196723
leaf_weight=7.9867591978982144 6.3993518315255669 7.7486116830259615 18.12425855151378 3.1458036755211669 37.887487279251218 4.1340584123972786 6.0085170883685333 2.7874571532011023 162.73459150549024 2.5503904942888758 4.0193792649079096 4.522339599672704 2.2004292702767989 7.78994920151308 4.0291538087185463 38.471450093202293 1.7314233158249397 1.5857195779681204 2.9964917234610757 4.3496545930393031 3.015750335296616 4.6078397855162638 5.972581814043223 5.5356083635706446 2.6919114482589066 5.0884264428168535 3.4842898561619222 5.6751641607843339 2.2794236093759537 5.1543735805898896 5.1050351792946458 2.1979551305994391 1.0597466123290358 3.4706767392344773 2.9531228402629495 6.1448550160275772
leaf_count=76 48 99 385 36 255 74 45 20 1779 30 72 104 37 104 139 638 35 16 32 202 42 21 56 173 33 56 48 28 19 29 44 35 21 50 52 160
internal_value=0 -0.00526632 -0.00900483 0.00236563 0.0039138 -0.00955483 0.00591628 0.00448125 0.00559989 -0.0121598 -0.0251773 -0.0251533 -0.0345092 -0.00450777 0.0125487 -0.00880933 -0.0228318 -0.0148198 0.00519262 -0.00222573 -0.0282762 0.0111413 0.00215552 -0.0162614 -0.00339505 -0.00805924 -0.00794707 0.0304102 0.0278655 0.00448738 -0.00430886 0.0148713 -0.035919 0.000220329 -0.0461912 -0.0444564
internal_weight=0 122.568 99.9193 273.072 246.927 31.8334 215.093 203.41 200.622 26.1458 14.9151 21.5582 12.3647 78.361 15.6842 62.6768 19.8557 5.61487 11.2307 42.8211 13.5872 22.6484 16.2491 17.0359 10.4405 8.23423 6.50004 11.6837 10.0694 18.2462 13.0918 10.2765 6.59535 5.66863 7.08718 10.1642
internal_count=5093 2178 1968 2915 2492 365 2127 2054 2034 423 299 430 269 1538 278 1260 420 155 124 840 216 210 162 326 132 92 90 73 123 149 120 106 194 85 126 232
is_linear=0
shrinkage=0.0472155


Tree=63
num_leaves=32
num_cat=0
split_feature=42 49 61 27 49 47 61 63 49 61 38 24 7 61 63 49 57 3 64 46 42 56 52 27 54 61 48 54 24 45 64
split_gain=1.79362 3.96429 4.23316 3.46818 3.32632 3.33106 3.4782 2.94574 2.74705 2.55252 2.29592 3.8385 2.26182 2.59484 2.12908 2.06795 2.00485 1.95742 1.68627 1.63462 1.54564 1.51883 1.56803 2.0022 1.42645 1.12616 1.09418 0.92214 0.882196 0.631052 0.156553
threshold=0.74166666666666681 0.91287878787878796 0.29695235148514859 1.0000000180025095e-35 0.85164835164835173 14.050000000000002 0.10056179775280898 11.500000000000002 0.82085561497326209 -1.0000000180025095e-35 65.000000000000014 1.0000000180025095e-35 17.500000000000004 0.22528866895064079 6.5000000000000009 0.74166666666666681 -2.7499999999999996 13.500000000000002 5.7500000000000009 7.5000000000000009 0.21825396825396823 0.5590277777777779 12.500000000000002 2.5000000000000004 37.150000000000013 0.26536911060720592 3.2500000000000004 38.850000000000001 1.5000000000000002 10.500000000000002 5.9500000000000011
decision_type=2 2 2 2 2 2 2 2 2 2 2 2 2 2 2 2 2 2 2 2 2 2 2 2 2 2 2 2 2 2 2
left_child=4 2 3 26 8 -6 19 21 9 30 14 -12 13 -5 -11 16 -4 -14 -9 -7 -8 -3 23 -23 -18 -22 27 -2 -24 -21 -1
right_child=1 7 15 12 5 6 20 18 -10 10 11 -13 17 -15 -16 -17 24 -19 -20 29 25 22 28 -25 -26 -27 -28 -29 -30 -31 -32
leaf_value=-0.061018412074300359 -0.051481635272381254 -0.0061663038547326715 0.028465707727908168 -0.014441743877678215 0.047873540815326729 0.042085526555526262 -0.0016756284922755204 0.019565735563226577 0.039241950256634441 -0.0047034958325227281 0.017966154658977915 -0.017433136143784046 -0.0029884485420487027 0.021127400654919404 0.004454055987276483 0.031930158189646639 0.0090100054510847891 -0.043269552450029454 -0.048328827269913513 0.016377779284486822 -0.048323132185607652 -0.036479796416760392 0.030610098019827125 0.032717685153991621 -0.027039635569717994 -0.016292174962395215 -0.00079744812904462674 -0.022760962836683937 0.068174599898559382 -0.04564591760254167 -0.025648324459594449
leaf_weight=1.0817088037729257 8.8994624419137818 2.9674953160574686 3.2512427777983257 11.223976745735859 1.4805609891191149 2.2915315004065664 3.1572363141458473 1.1117391958832734 4.3978620702400795 93.816800117958337 40.604915770934895 8.0385224733035994 4.6055411670822632 7.459153513191267 142.01884731010068 5.1830221284180871 3.8292109083849937 6.5117504196241498 2.1788670145906508 0.46778092673048355 8.6475343911442888 1.3831975345965459 5.0610030652023852 2.142307544592768 6.1853303054813296 3.8208317590178913 1.5882147571537633 4.1774365135934195 2.262920930981636 0.74850686243735254 1.0307967145927248
leaf_count=20 186 46 27 299 7 20 48 6 32 1023 483 140 88 111 1457 41 44 146 88 8 203 38 87 38 81 62 50 98 5 63 48
internal_value=0 -0.00629745 -0.0117797 -0.0196499 0.00161985 -0.0166233 -0.0220363 0.0137419 0.00292365 0.00234046 0.00274043 0.0120615 -0.0102617 -0.000142343 0.000807602 0.00716063 -0.00275867 -0.0269446 -0.0253743 0.0195986 -0.0315375 0.0233048 0.0313942 0.00495261 -0.0132741 -0.0389201 -0.0383376 -0.0427774 0.0436233 -0.0222676 -0.0473256
internal_weight=0 80.0219 62.9143 44.4655 311.603 20.614 19.1334 17.1075 290.989 286.592 284.479 48.6434 29.8004 18.6831 235.836 18.4488 13.2658 11.1173 3.29061 3.50782 15.6256 13.8169 10.8494 3.52551 10.0145 12.4684 14.6651 13.0769 7.32392 1.21629 2.11251
internal_count=5093 1479 1171 978 3614 411 404 308 3203 3171 3103 623 644 410 2480 193 152 234 94 91 313 214 168 76 125 265 334 284 92 71 68
is_linear=0
shrinkage=0.0472155


Tree=64
num_leaves=19
num_cat=0
split_feature=64 54 54 61 40 5 45 40 38 47 57 15 57 53 57 46 26 3
split_gain=1.77691 1.75332 2.08818 1.67282 2.7942 2.89114 2.6599 2.5183 3.47589 3.02537 0.76444 0.802469 0.730667 0.893102 0.734413 0.282746 0.241981 0.0411831
threshold=100.95000000000002 44.100000000000009 41.95000000000001 0.1329931972789116 36.750000000000007 1.0000000180025095e-35 6.5000000000000009 37.150000000000013 75.000000000000014 40.550000000000004 -6.2499999999999991 12.500000000000002 -0.74999999999999989 7.5000000000000009 -1.0000000180025095e-35 9.5000000000000018 1.5000000000000002 19.500000000000004
decision_type=2 2 2 2 2 2 2 2 2 2 2 2 2 2 2 2 2 2
left_child=1 2 3 4 6 -6 -1 8 -5 -9 -2 16 -13 -14 -15 -4 17 -12
right_child=10 -3 15 7 5 -7 -8 9 -10 -11 11 12 13 14 -16 -17 -18 -19
leaf_value=0.010463056398416246 0.023476448250227162 0.034500964839358175 -0.049509074185118199 0.0018797868542189461 -0.0019708261070678747 0.020185916168731239 -0.037986225689070459 -0.001846968823736044 0.028404172209560468 -0.022530371322926148 -0.038505484899712443 -0.036362129899104027 0.042139471275251958 0.032615000647209159 -0.035567375127921817 -0.01805399774282148 0.0014050664715442778 -0.0064001210341844235
leaf_weight=4.5870992410927993 0.66718432819470663 3.1763416519388548 1.7124709514901035 63.824935128446668 21.356382663361728 33.580898067448288 5.2472860859706998 215.15515158441849 13.160934329964219 16.853010217193514 4.8450278451200557 0.91714924317784641 0.91580962203443084 0.35234510106965944 0.9167278308887028 1.5629590344615278 0.3349377664271741 0.21927771740593005
leaf_count=39 22 20 23 524 359 428 98 2202 100 278 679 78 20 13 127 38 25 20
internal_value=0 0.000499656 0.000195624 0.000534612 0.00742402 0.011582 -0.0155354 -0.000910848 0.00647673 -0.00336804 -0.020342 -0.0242597 -0.00449501 0.0103128 -0.0145307 -0.0363642 -0.0350013 -0.0374991
internal_weight=0 380.217 377.041 373.766 64.7717 54.9373 9.83439 308.994 76.9859 232.008 9.16846 8.50128 3.10203 2.18488 1.26907 3.27543 5.39924 5.06431
internal_count=5093 4109 4089 4028 924 787 137 3104 624 2480 984 962 238 160 140 61 724 699
is_linear=0
shrinkage=0.0472155


Tree=65
num_leaves=18
num_cat=0
split_feature=53 60 61 0 61 45 27 15 45 7 0 14 55 65 42 61 59
split_gain=1.77178 1.59661 1.91368 3.41308 3.3561 3.40884 2.57568 3.60943 2.81262 2.44629 2.43165 3.17679 2.06695 1.8067 1.4665 0.17143 0.411141
threshold=16.500000000000004 -1.0000000180025095e-35 0.10056179775280898 6.5000000000000009 0.089087301587301507 75.000000000000014 2.5000000000000004 9.5000000000000018 105.00000000000001 2.5000000000000004 2.5000000000000004 3.5000000000000004 2.1500000000000008 6.5000000000000009 0.58578431372549034 0.16537844104881383 150.00000000000003
decision_type=2 2 2 2 2 2 2 2 2 2 2 2 2 2 2 2 2
left_child=1 14 3 4 5 -3 10 9 -9 -8 12 -12 -4 -6 -1 16 -2
right_child=15 2 6 -5 13 -7 7 8 -10 -11 11 -13 -14 -15 -16 -17 -18
leaf_value=-0.055661755120036155 0.016245933935856549 -0.013059654294775767 0.0058790259273926605 0.043276378561770135 0.041835201965856876 0.02456772241825321 -0.003726089616031257 -0.00040884547012749631 -0.042620666760707075 -0.034878116530042871 -0.02139754482741181 0.025987399028433476 -0.007676162783286187 -0.0028827376806061385 0.0072100239971037913 -0.045824672933413219 -0.038736896524371449
leaf_weight=1.9753349807579064 0.39826080901548211 21.134941725526009 173.20418813324068 5.7309464220888904 6.6355889663100225 6.9964772649109355 9.3351224681828189 88.566574069438502 3.4913043482229105 14.317651261342688 17.292758885538209 3.6822855114005497 29.125604026019573 2.7921548883896321 1.2580072793643919 1.7607421746943144 0.4937443679664284
leaf_count=61 16 513 1754 48 29 146 135 1018 100 232 201 41 547 106 29 66 51
internal_value=0 0.000273 0.000561235 0.00988948 0.00460089 -0.00358457 -0.000632504 -0.00634589 -0.00209459 -0.0227281 0.00232778 -0.012902 0.0039196 0.0287129 -0.0318963 -0.0372375 -0.0149443
internal_weight=0 385.539 382.306 43.2901 37.5592 28.1314 339.015 115.711 92.0579 23.6528 223.305 20.975 202.33 9.42774 3.23334 2.65275 0.892005
internal_count=5093 4960 4870 842 794 659 4028 1485 1118 367 2543 242 2301 135 90 133 67
is_linear=0
shrinkage=0.0472155


Tree=66
num_leaves=14
num_cat=0
split_feature=53 54 54 5 30 7 58 12 35 60 61 61 59
split_gain=1.72298 1.3889 2.97284 1.4799 4.14538 3.1254 2.66692 2.56952 2.32818 1.6815 0.523019 0.126813 0.369786
threshold=16.500000000000004 44.100000000000009 41.95000000000001 1.0000000180025095e-35 1.0000000180025095e-35 1.5000000000000002 -3.4999999999999996 1.0000000180025095e-35 1.0000000180025095e-35 0.057259953161592457 0.18533452807646353 0.16537844104881383 150.00000000000003
decision_type=2 2 2 2 2 2 2 2 2 2 2 2 2
left_child=1 2 3 4 8 9 -7 -6 -1 -5 -4 12 -2
right_child=11 -3 10 5 7 6 -8 -9 -10 -11 -12 -13 -14
leaf_value=5.5221569483258184e-06 0.014035886617898599 0.030617553486381129 -0.015005404907480964 0.00015200095538602342 -0.013696563580894348 0.011281265114996056 -0.0014843413387902612 -0.063571006472837449 -0.033934722570661727 0.038262202928555089 -0.055871312077759548 -0.04478422891886441 -0.038703454488214967
leaf_weight=153.46916666137986 0.3889303056057537 3.15732403169386 1.298037963220849 3.7965781535021952 6.5784749505110067 48.079634005436674 149.21732241823338 3.5234247357584536 4.4657021006569257 8.1288369325920922 2.1946112434379756 1.7306705929804591 0.48403622396290302
leaf_count=1996 16 28 56 44 101 601 1856 67 105 60 46 66 51
internal_value=0 0.000268012 6.9137e-07 0.000413468 -0.00288265 0.00306403 0.0016305 -0.0319416 -0.000986576 0.0263606 -0.0423009 -0.0370459 -0.0161699
internal_weight=0 383.909 380.752 377.259 168.037 209.222 197.297 10.1019 157.935 11.9254 3.49265 2.60364 0.872967
internal_count=5093 4960 4932 4830 2269 2561 2457 168 2101 104 102 133 67
is_linear=0
shrinkage=0.0472155


Tree=67
num_leaves=12
num_cat=0
split_feature=19 19 49 53 7 58 6 60 4 60 59
split_gain=1.99323 2.27721 2.08829 1.87332 1.81376 2.25792 1.6475 3.32914 2.13554 1.63846 0.18198
threshold=73.500000000000014 65.500000000000014 0.23205128205128203 16.500000000000004 61.500000000000007 -2.4999999999999996 5.5000000000000009 0.03642999336429991 7.5000000000000009 0.058055274688237256 150.00000000000003
decision_type=2 2 2 2 2 2 2 2 2 2 2
left_child=1 3 -2 4 6 -6 8 -8 -1 -7 -5
right_child=2 -3 -4 10 5 9 7 -9 -10 -11 -12
leaf_value=0.00042137496799464892 -0.058351224149998854 0.030806723294369828 -0.0019824359647194114 -0.013716432067173543 0.015721888114768143 -0.0098174879853694785 -0.025561520962672682 0.021615058706413698 -0.038836948259415284 -0.051011027365593008 -0.045890382705909123
leaf_weight=335.70206158177461 2.4729388263076535 5.2467375141568473 3.3644215841777623 0.80592860025353674 3.160795781761407 4.6131035552825761 3.8943280756939229 18.480718152830377 2.9425496216863385 4.1256998982280493 1.8991636800346894
leaf_count=4331 32 39 57 34 37 80 94 188 42 60 99
internal_value=0 0.000425609 -0.0269737 -1.11874e-05 0.000279923 -0.0177187 0.000883268 0.0132407 5.84548e-05 -0.0299578 -0.0379455
internal_weight=0 380.871 5.83736 375.624 372.919 11.8996 361.02 22.375 338.645 8.7388 2.70509
internal_count=5093 5004 89 4965 4832 177 4655 282 4373 140 133
is_linear=0
shrinkage=0.0472155


Tree=68
num_leaves=30
num_cat=0
split_feature=53 3 64 62 42 42 5 7 62 35 56 7 52 42 30 63 46 63 41 31 57 56 60 61 39 54 64 40 64
split_gain=2.64231 1.49318 4.9152 2.99869 1.95108 2.81113 1.64563 3.90172 2.81889 2.72776 2.66531 2.54584 2.18832 5.4656 2.72295 1.70826 3.3539 1.54378 1.94733 1.54112 1.38629 1.35406 1.04277 0.545344 0.40962 0.194543 0.0608833 0.0543381 0.0757615
threshold=16.500000000000004 1.0000000180025095e-35 8.6500000000000004 6.5000000000000009 0.63068181818181823 0.20714285714285713 1.0000000180025095e-35 1.5000000000000002 7.5000000000000009 1.0000000180025095e-35 0.51470588235294124 16.500000000000004 7.5000000000000009 0.080128205128205107 1.0000000180025095e-35 9.5000000000000018 9.5000000000000018 3.5000000000000004 0.55000000000000016 1.0000000180025095e-35 1.7500000000000002 0.63961038961038974 0.10361093038386461 0.29043156059285097 5.5000000000000009 38.850000000000001 6.2500000000000009 40.350000000000001 24.550000000000004
decision_type=2 2 2 2 2 2 2 2 2 2 2 2 2 2 2 2 2 2 2 2 2 2 2 2 2 2 2 2 2
left_child=1 2 17 4 5 -4 9 15 10 12 -9 -10 13 -3 -14 16 -8 -1 20 -20 -19 24 -6 25 -11 -2 -27 28 -5
right_child=23 6 3 27 22 -7 7 8 11 21 -12 -13 14 -15 -16 -17 -18 18 19 -21 -22 -23 -24 -25 -26 26 -28 -29 -30
leaf_value=0.035328759551808579 -0.041131595832457804 0.034163681196167445 -0.028347012542682456 -0.058164480393173242 -0.043976407781427952 0.02077538791612819 -0.027718989471094198 -0.007641221418419655 0.033950765132620589 -0.064586510152458226 0.0052055428463840996 0.0032186781694932038 0.0023172054419739116 -0.019492529711209478 -0.034528344004285491 0.047349309604698693 0.045701938558551515 0.0090818087692887007 0.016916019599488328 -0.0098025161108565347 0.040821141156896397 -0.00019023236565350563 0.014248265365877172 -0.068274141430852656 -0.029772436349683611 0.003051489098667916 -0.016227638474747189 -0.026488222954023751 -0.029308773695385454
leaf_weight=7.9520231112837783 0.65569785516709034 4.6657371777109793 3.4512937727849993 2.1146901808679099 2.906120944069698 8.9722814557608199 2.5871354872360808 85.398822719464079 9.4243275877088326 2.1524859650526187 61.938185644568875 16.323965315474197 90.371521696913987 33.758651782758534 4.5280953679466611 5.5202249777503312 2.6131781484000385 5.8978981599211711 8.6870950646698493 10.342995367944239 6.6783466003835201 1.7673945541027931 0.77004754496738304 1.1110930347349492 2.0767353065311909 0.47761460766196229 0.66758710681460798 1.0648118680110199 1.0420852217357603
leaf_count=34 53 28 80 40 123 156 32 1052 77 31 884 205 1236 446 91 31 27 33 42 67 30 44 16 21 50 4 55 50 55
internal_value=0 0.00035051 0.00718866 -0.011601 -0.00209789 0.00687351 -0.000917897 0.00201259 0.0002834 -0.0047864 -0.00223649 0.0146454 -0.00335586 -0.0128351 0.000491999 0.0294183 0.00934184 0.0168659 0.0120313 0.00240364 0.026316 -0.0354898 -0.0315189 -0.0435074 -0.0495008 -0.0232052 -0.00835884 -0.0461692 -0.0508733
internal_weight=0 383.006 59.8797 20.3213 16.0997 12.4236 323.126 183.806 173.085 139.321 147.337 25.7483 133.324 38.4244 94.8996 10.7205 5.20031 39.5584 31.6063 19.0301 12.5762 5.99662 3.67617 2.91199 4.22922 1.8009 1.1452 4.22159 3.15678
internal_count=5093 4960 726 520 375 236 4234 2308 2218 1926 1936 282 1801 474 1327 90 59 206 172 109 63 125 139 133 81 112 59 145 95
is_linear=0
shrinkage=0.0472155


Tree=69
num_leaves=30
num_cat=0
split_feature=64 61 5 62 7 42 4 6 30 49 63 49 3 38 31 39 59 57 57 48 61 60 48 41 2 61 54 48 15
split_gain=1.44403 1.87315 3.47449 4.81396 2.36197 3.09302 1.7141 3.19061 2.59432 1.90878 1.64444 1.6349 1.57807 1.56272 3.4588 4.00374 1.77558 1.6728 3.61425 3.34964 1.36754 1.19342 1.09313 0.977566 0.936278 0.577564 0.19528 0.356765 0.0135409
threshold=20.150000000000002 0.10551619433198377 1.0000000180025095e-35 5.5000000000000009 18.500000000000004 0.5590277777777779 3.5000000000000004 5.5000000000000009 1.5000000000000002 0.30384615384615393 14.500000000000002 0.2264957264957265 83.500000000000014 65.000000000000014 1.0000000180025095e-35 4.5000000000000009 -1.0000000180025095e-35 -4.7499999999999991 -3.2499999999999996 1.1500000000000001 0.20067114093959734 0.054616477272727261 0.65000000000000002 1.1500000000000001 1.0000000180025095e-35 0.21406109613656782 37.45000000000001 1.7500000000000002 13.500000000000002
decision_type=2 2 2 2 2 2 2 2 2 2 2 2 2 2 2 2 2 2 2 2 2 2 2 2 2 2 2 2 2
left_child=1 2 3 22 -4 -6 7 8 9 11 -10 -2 13 17 16 -16 -15 19 -19 -3 26 -11 -1 -9 -22 -26 27 -8 -27
right_child=6 12 4 -5 5 -7 20 23 10 21 -12 -13 -14 14 15 -17 -18 18 -20 -21 24 -23 -24 -25 25 28 -28 -29 -30
leaf_value=-0.011424151791716344 -0.0055518820365759647 -0.01421678788177042 0.041104798023139141 0.021923732454542381 -0.016014096754338115 0.037683103875458458 -0.040623730433287729 0.061006643488460029 0 -0.0073667775068968185 0.072765682930160586 0.024000767386055995 0.024894634420862188 0.038974011628452432 0.020157127568679975 -0.020235983785177943 0.0079505145325375615 -0.031824690513175991 -0.0016065510454721516 0.032201498074230034 0.02084314530197064 -0.025589222712213304 -0.049163026013487869 0.0078844880637013379 0.012166576776828569 -0.017254761298814991 -0.049348491950669669 -0.0025370460594768504 -0.044700750006868954
leaf_weight=3.2947409329935891 13.6278878308367 5.6048498023301354 9.7142802057787794 6.9391301106661558 5.2506034541875106 4.1014999933540821 1.2848053092602625 1.9266396812163287 1.3167872852645808 19.145912829553708 1.2935072444379327 5.8010870583821079 5.4300182443112126 8.7396742478013056 9.0386090353131312 13.281115274876354 7.9579027369618407 9.0332665387541038 214.35242369119078 8.5250780573114735 1.7571329446509483 14.047004465421194 3.8682041931897402 1.3620577191468326 0.58717771247029338 0.47956361598335184 2.9762019775807858 0.97881952952593554 0.97458156524226069
leaf_count=29 408 40 57 53 49 27 66 21 48 948 10 121 33 41 57 143 58 99 1570 49 55 675 50 57 12 35 176 51 55
internal_value=0 0.00134366 0.0119265 -0.00577487 0.024986 0.00772739 -0.00625479 -0.0032514 -0.00600054 -0.00833593 0.0384124 0.00337446 8.98364e-05 -0.000410336 0.00832235 -0.00382005 0.0244627 -0.00185267 -0.00285537 0.0137951 -0.0251997 -0.0151915 -0.032579 0.0407024 -0.00314368 -0.0240983 -0.0404506 -0.025784 -0.0388727
internal_weight=0 315.131 33.1685 14.1021 19.0664 9.3521 67.5592 58.5209 55.2322 52.6219 2.61029 19.429 281.963 276.533 39.0173 22.3197 16.6976 237.516 223.386 14.1299 9.03828 33.1929 7.16295 3.2887 3.79846 2.04132 5.23983 2.26362 1.45415
internal_count=5093 2355 265 132 133 76 2738 2288 2210 2152 58 529 2090 2057 299 200 99 1758 1669 89 450 1623 79 78 157 102 293 117 90
is_linear=0
shrinkage=0.0472155


Tree=70
num_leaves=37
num_cat=0
split_feature=59 42 40 19 48 14 58 42 48 39 15 61 27 61 48 46 55 31 54 54 64 4 55 61 49 16 56 16 61 61 4 62 46 64 53 65
split_gain=1.46575 2.8814 2.71835 2.05838 2.56114 4.85119 2.04899 1.96139 1.88579 3.94475 2.67406 2.54691 2.57566 2.63663 2.53642 2.99758 2.31599 2.31567 2.21395 2.48486 2.44393 2.12579 2.42991 1.96814 2.10325 1.86611 1.81231 1.78734 1.46965 1.27918 1.16962 0.985174 0.752984 0.743189 0.65928 0.499887
threshold=75.000000000000014 0.087121212121212113 41.350000000000001 21.500000000000004 0.45000000000000007 1.0000000180025095e-35 41.500000000000007 0.092329545454545456 0.8500000000000002 11.500000000000002 13.500000000000002 0.23484096877735627 6.5000000000000009 0.21406109613656782 1.3500000000000003 9.5000000000000018 2.5500000000000003 10.500000000000002 37.750000000000007 36.45000000000001 10.250000000000002 2.5000000000000004 1.8500000000000003 0.39672760996290407 0.53589743589743599 2.5000000000000004 0.46862745098039221 1.5000000000000002 0.16537844104881383 0.28053167222319714 3.5000000000000004 2.5000000000000004 4.5000000000000009 21.650000000000002 5.5000000000000009 5.5000000000000009
decision_type=2 2 2 2 2 2 2 2 2 2 2 2 2 2 2 2 2 2 2 2 2 2 2 2 2 2 2 2 2 2 2 2 2 2 2 2
left_child=8 33 3 25 30 -6 7 -4 9 16 11 12 13 -10 26 -16 23 32 19 28 -21 22 -20 24 -1 27 -13 -3 -12 -27 -5 -23 -11 -2 -35 -9
right_child=1 2 6 4 5 -7 -8 35 10 17 18 14 -14 -15 15 -17 -18 -19 21 20 -22 31 -24 -25 -26 29 -28 -29 -30 -31 -32 -33 -34 34 -36 -37
leaf_value=0.0029956326518254177 -0.063240983466294018 -0.0049058710759964331 0.021197447088477237 0.050026768592127444 0.021535401251239296 -0.03139118976034258 0.032919648310810852 -0.056605053317750953 0.0030739787025647102 -0.065111322670497476 0.01289184178789762 0.015936266698822907 0.040866752502876302 -0.02924683964820881 -0.011216005323944534 0.017342871646679532 -0.034661135256980759 0.01474315964678446 -0.018626696926853755 0.034223274362264064 -0.013411295136109997 -0.0072876667958865346 0.022000340509377016 0.032944913430675467 -0.01503102517604778 -0.05347045785014256 0.045747289177532319 0.019330325258099239 -0.031945967620512952 -0.0036125686929093757 0.012559194496616839 -0.048674912474087846 -0.025718068680245208 0.018044712131502019 -0.041362095349776459 -0.029371727984922432
leaf_weight=78.515699186827987 2.0496609006077047 69.602379289455712 1.133521999232469 4.1489066518843201 9.4974018391221744 6.2499204890336832 1.0055836662650097 3.3627545908093452 44.334887234377675 3.2468394874595097 2.4340162589214769 10.040123469196262 3.3252734681591383 6.2644689215812823 11.397551068337632 27.920290769776329 4.0402864674106231 1.4361391984857617 9.7517818445339817 7.9938254579901677 3.2660114369355142 1.8861940107308317 4.7251542925368986 3.9637078782543531 17.491675894707441 2.6342003280296913 8.7635715710930508 7.334332078928127 4.2439567118417472 2.0342661528848112 3.6253094747662544 4.7055622106418014 2.2020391528494656 0.60175354871898867 0.74842381873168051 4.3622193606570363
leaf_count=599 28 1206 13 22 126 145 8 56 742 69 36 68 28 107 142 240 37 22 118 36 85 32 80 23 183 75 57 94 76 19 43 86 49 9 56 278
internal_value=0 -0.00435616 -0.00304753 -0.000798193 0.011449 0.000374697 -0.0265236 -0.0338501 0.0019704 -0.00269882 0.00540178 0.00910694 0.00169195 -0.00100181 0.0159497 0.00903476 -0.000373668 -0.0368529 -0.00521793 0.00691421 0.0203561 -0.0155495 -0.00521781 0.00106375 -0.000303317 -0.00435313 0.0301577 -0.00254843 -0.0155971 -0.0327943 0.0332974 -0.0374226 -0.0506024 -0.0461196 -0.0154292 -0.0423001
internal_weight=0 118.391 114.991 105.127 23.5215 15.7473 9.86408 8.8585 261.949 110.896 151.053 112.046 53.9246 50.5994 58.1215 39.3178 104.011 6.88502 39.0065 17.9378 11.2598 21.0687 14.4769 99.9711 96.0074 81.6052 18.8037 76.9367 6.67797 4.66847 7.77422 6.59176 5.44888 3.39984 1.35018 7.72497
internal_count=5093 2178 2085 1730 336 271 355 347 2915 982 1933 1384 877 849 507 382 842 140 549 233 121 316 198 805 782 1394 125 1300 112 94 65 118 118 93 65 334
is_linear=0
shrinkage=0.0472155


Tree=71
num_leaves=24
num_cat=0
split_feature=64 61 39 38 62 56 61 64 47 54 41 54 55 27 29 52 63 49 56 64 15 63 58
split_gain=1.39341 1.28233 2.36998 2.01035 3.24471 3.14716 1.86169 1.65582 1.65139 2.07997 1.61795 1.60916 2.47192 2.06012 1.90713 1.59646 1.56803 1.691 1.52515 1.15583 0.557522 0.156473 0.00646948
threshold=215.55000000000004 0.1329931972789116 8.5000000000000018 45.000000000000007 4.5000000000000009 0.46410256410256417 0.095564253098499669 1.6500000000000001 37.350000000000001 37.150000000000013 0.55000000000000016 44.100000000000009 3.0500000000000003 2.5000000000000004 1.5000000000000002 75.000000000000014 7.5000000000000009 0.16025641025641021 0.64495798319327746 6.8500000000000005 57.000000000000007 11.500000000000002 -8.4999999999999982
decision_type=2 2 2 2 2 2 2 2 2 2 2 2 2 2 2 2 2 2 2 2 2 2 2
left_child=1 2 3 4 5 -1 -6 -3 9 21 -5 12 13 -9 -14 -12 17 -10 -11 -18 22 -4 -2
right_child=20 7 8 10 6 -7 -8 11 16 18 15 -13 14 -15 -16 -17 19 -19 -20 -21 -22 -23 -24
leaf_value=-0.035011485325471305 -0.0093175304975562402 0.032839421676609089 -0.058075686927229052 0.00024071887857793733 0.003120381926896489 0.009530901201159403 0.033109333392380827 0.0020795828690249123 -0.03763289964040923 -0.034001983310276013 0.047270966870316344 0.033317379872084912 -0.0264121247780147 -0.0063528350140958298 0.026583938236113384 0.0094941327083705659 0.022495301589961939 0.023944292756276894 0.028026271874557942 -0.02955109467959886 0.01880807786219154 -0.024934961484820335 -0.045223736014901594
leaf_weight=6.7126062123570573 0.16376575944013971 3.0032487586140624 2.5195760345086486 4.1756116403266779 9.5258717730175722 7.1141159693943337 8.9485340104438347 190.280122223543 0.99147449573501756 1.3939673407003286 7.4925129632465524 2.7691849605180314 13.147519964026285 97.52869220986031 1.5539366181474168 3.9219196033664048 1.0803195387125013 6.8180937287397683 1.8468340509571133 3.9587141044903547 0.25686795450747002 0.90714495116844762 1.8596287522232149
leaf_count=118 31 20 87 46 160 132 96 2004 24 41 60 20 259 1169 22 65 6 164 35 172 6 29 327
internal_value=0 0.000231597 0.00612336 0.0117683 0.00496728 -0.0122147 0.0178554 -0.00105731 -0.00767745 -0.0264238 0.0256066 -0.00141152 -0.00175065 -0.000777758 -0.0205201 0.0346864 0.00222536 0.015392 0.00078152 -0.0178882 -0.0354534 -0.0511202 -0.043585
internal_weight=0 375.69 67.4073 47.8912 32.3011 13.8267 18.4744 308.283 19.5161 6.66752 15.59 305.279 302.51 287.809 14.7015 11.4144 12.8486 7.80957 3.2408 5.03903 2.28026 3.42672 2.02339
internal_count=5093 4729 1235 677 506 250 256 3494 558 192 171 3474 3454 3173 281 125 366 188 76 178 364 116 358
is_linear=0
shrinkage=0.0472155


Tree=72
num_leaves=35
num_cat=0
split_feature=64 58 57 64 64 61 39 31 38 45 64 5 19 6 64 53 40 61 38 49 57 15 15 4 27 45 47 53 54 58 57 63 54 42
split_gain=1.43787 1.75724 1.54296 2.66052 4.24826 3.21165 1.50115 1.55508 1.51216 1.49245 2.57429 2.5658 3.81301 2.456 1.88747 2.95329 4.04025 3.51143 1.47995 1.67464 1.67084 1.4031 3.25469 1.96482 1.09916 1.2901 0.940967 0.936917 0.633139 0.424795 0.226826 0.199158 0.158216 0.150539
threshold=19.450000000000003 12.500000000000002 3.7500000000000004 5.3500000000000005 4.4500000000000011 0.22187060478199719 11.500000000000002 1.0000000180025095e-35 115.00000000000001 10.500000000000002 18.150000000000002 1.0000000180025095e-35 1.0000000180025095e-35 1.0000000180025095e-35 4.2500000000000009 2.5000000000000004 39.350000000000001 0.23823366555924694 95.000000000000014 0.4494949494949495 5.2500000000000009 12.500000000000002 21.500000000000004 2.5000000000000004 1.5000000000000002 13.500000000000002 39.750000000000007 5.5000000000000009 40.850000000000001 36.500000000000007 -4.2499999999999991 7.5000000000000009 37.150000000000013 0.12132352941176471
decision_type=2 2 2 2 2 2 2 2 2 2 2 2 2 2 2 2 2 2 2 2 2 2 2 2 2 2 2 2 2 2 2 2 2 2
left_child=2 6 9 4 -4 -5 8 24 18 14 11 13 -13 -11 21 16 -16 -17 20 -20 -2 23 -23 -1 25 -8 33 -28 30 -29 -9 32 -10 -3
right_child=1 26 3 5 -6 -7 7 28 31 10 -12 12 -14 -15 15 17 -18 -19 19 -21 -22 22 -24 -25 -26 -27 27 29 -30 -31 -32 -33 -34 -35
leaf_value=0.018002785589055124 -0.0035088357099662907 -0.011909943207503184 -0.01762435949121249 -0.0014864719843203332 0.037398855230668542 -0.05990129394561694 0.033262819776339415 -0.02195013154220465 -0.00077170796910744301 0.0016224165393625527 0.037535394455787331 0.049791738557526957 0.0070050919670101436 -0.021355670233502971 0.014574121167203861 -0.0020725989147317397 -0.029525397572947084 -0.026363483036285648 0.044133072461010864 -0.0069053947650209438 0.03501700315022159 -0.030660254281832538 0.020027744143072457 -0.012426149802812638 -0.038852579306540722 -0.01600338455501564 0.020639020599351538 -0.043773651427330078 0.013693668262966845 0.011110716066456942 -0.045145919436917488 -0.0469515249606446 -0.030955868206388806 -0.045265994786309133
leaf_weight=24.0634989887476 39.096103428979404 0.55113529390655358 8.3931875508278626 4.1404458545148355 4.7501434013247481 4.1475674565881491 2.4046177440322918 2.1559327666182071 0.77431854000315004 51.922512254677713 5.1826323373243204 4.7524478267878285 85.065179603174329 12.764974151737986 24.502315493300561 32.422023914754391 5.5254183672368518 22.395044925622642 3.4585712677799156 2.2648993795737624 2.5049652539892113 5.9864714592695218 5.0386756472289562 5.7192678637802592 1.0893701068125663 2.0254018701380119 1.349277120549232 1.0918616608250884 0.47540800855495025 0.31470501702278841 3.8848514577839524 1.2298981898929922 0.72678293264470994 3.7154724033316597
leaf_count=125 1389 29 57 54 22 64 63 86 30 378 48 21 592 114 150 310 55 218 46 71 69 36 26 36 78 93 24 114 32 13 290 66 38 256
internal_value=0 -0.0061435 0.0013868 -0.0107748 0.00244326 -0.0314297 -0.00356078 -0.0184042 4.70533e-05 0.00230855 0.00533608 0.00421057 0.00936866 -0.00294734 -0.00153597 -0.00555036 0.00631385 -0.0120605 0.00208249 0.0242209 -0.00103656 0.00678273 -0.0074863 0.0120994 3.04077e-05 0.0108458 -0.0282476 -0.00588964 -0.0337077 -0.0312144 -0.0378227 -0.0330026 -0.0174783 -0.041742
internal_weight=0 69.1136 306.772 21.4313 13.1433 8.28801 62.0911 12.0356 50.0555 285.34 159.688 154.505 89.8176 64.6875 125.653 84.8448 30.0277 54.8171 47.3245 5.72347 41.6011 40.8079 11.0251 29.7828 5.51939 4.43002 7.02245 2.75584 6.51619 1.40657 6.04078 2.731 1.5011 4.26661
internal_count=5093 2787 2306 197 79 118 2351 642 1709 2109 1153 1105 613 492 956 733 205 528 1575 117 1458 223 62 161 234 156 436 151 408 127 376 134 68 285
is_linear=0
shrinkage=0.0472155


Tree=73
num_leaves=30
num_cat=0
split_feature=0 42 61 53 3 64 52 42 7 53 45 46 64 26 58 61 60 62 46 6 63 45 56 52 61 61 30 57 27
split_gain=1.2644 3.57818 3.09999 2.89694 2.46551 2.31768 2.30035 2.79623 2.45918 2.28878 1.89198 1.59598 1.53956 2.5972 2.57391 2.06593 4.78404 3.92528 5.58691 2.58828 2.04712 2.38985 2.29007 1.98741 1.95038 1.67766 1.35453 0.44201 0.204721
threshold=6.5000000000000009 0.14835164835164832 0.090326340326340307 2.5000000000000004 33.500000000000007 5.1500000000000012 9.5000000000000018 0.6132478632478634 31.500000000000004 6.5000000000000009 35.000000000000007 4.5000000000000009 6.5500000000000007 1.0000000180025095e-35 -8.4999999999999982 0.30315449577744663 0.11746550472040666 7.5000000000000009 13.500000000000002 1.0000000180025095e-35 1.5000000000000002 9.5000000000000018 0.14835164835164832 12.500000000000002 0.25056053811659196 0.31926033195945197 1.0000000180025095e-35 1.7500000000000002 14.500000000000002
decision_type=2 2 2 2 2 2 2 2 2 2 2 2 2 2 2 2 2 2 2 2 2 2 2 2 2 2 2 2 2
left_child=4 -2 -3 -4 12 -5 26 8 10 -9 -8 -7 15 20 -15 17 25 18 -1 -18 21 -14 -22 -19 -16 -17 28 -11 -6
right_child=1 2 3 5 6 11 7 9 -10 27 -12 -13 13 14 24 16 19 23 -20 -21 22 -23 -24 -25 -26 -27 -28 -29 -30
leaf_value=-0.0085019572008139758 -0.029043024116134498 0.052305768462931307 0.031443541153095174 0.022784140763485193 -0.06512844262535944 0.011329546189466376 0.016335091822580982 0.039091069537544786 -0.049299013774746096 -0.032508571899404461 -0.030918917200491176 -0.035145556297384153 0.006671801084891571 -0.03850320556079688 0.020877128602612437 0.044345601329813474 -0.013293829724648888 0.0038808822540349905 0.029429280439530532 0.015042715803096202 0.0061704158508067005 -0.04864553833009487 -0.0075491925254277748 0.036275639035064207 -0.007578267961359411 0.013286902658578044 -0.003608911178360459 0.0060640507702791223 -0.03693752929850485
leaf_weight=73.889319334179163 4.2823861711658564 4.3447109269909587 7.2823991971090463 3.8498439043760282 2.1741227409802404 2.2262901272624731 4.2635554473381507 4.0747440916020414 4.0068742535077035 1.4492572345770898 3.1099586407653987 5.3189940797165036 2.606501336907967 2.0965982573106912 21.152008097851652 10.008701458573343 14.634554903954269 8.241619426757099 9.6251281313598138 13.781895739957688 36.647545965155587 4.7438011076301336 102.6072215156164 8.6931548714637739 7.035349558806046 6.7046542465686789 1.8165886085480449 0.99686826905235637 2.4360546059906483
leaf_count=473 43 37 43 19 39 21 41 40 53 55 51 129 49 49 371 40 88 50 51 75 550 144 2317 34 114 33 31 22 31
internal_value=0 0.00974924 0.0171576 0.0085375 -0.000772127 -0.00629966 -0.0152113 -0.00631491 -0.0203565 0.0179858 -0.00376459 -0.021403 0.000322867 -0.00263348 0.00990993 0.00391833 0.0122886 0.000136453 -0.0040702 0.000434652 -0.00523768 -0.0292445 -0.00393076 0.0207489 0.0137491 0.0321914 -0.039069 -0.0171872 -0.0522634
internal_weight=0 27.3046 23.0222 18.6775 346.796 11.3951 24.328 17.9013 11.3804 6.52087 7.37351 7.54528 322.468 176.889 30.284 145.579 45.1298 100.449 83.5144 28.4165 146.605 7.3503 139.255 16.9348 28.1874 16.7134 6.42677 2.44613 4.61018
internal_count=5093 292 249 212 4801 169 363 262 145 117 92 150 4438 3594 534 844 236 608 524 163 3060 193 2867 84 485 73 101 77 70
is_linear=0
shrinkage=0.0472155


Tree=74
num_leaves=28
num_cat=0
split_feature=39 0 61 53 17 23 3 52 7 45 42 14 54 54 15 56 15 54 61 64 52 55 52 49 3 41 48
split_gain=1.43175 1.48784 4.01003 3.07202 2.01287 2.63586 1.81217 1.60818 2.79787 2.36877 1.56492 1.36257 4.04417 3.29139 1.91761 4.14714 2.79165 1.60519 1.15216 1.00006 1.47206 1.80177 1.28434 0.546001 0.540017 0.404418 0.0750071
threshold=14.500000000000002 6.5000000000000009 0.090326340326340307 2.5000000000000004 1.0000000180025095e-35 1.0000000180025095e-35 33.500000000000007 9.5000000000000018 31.500000000000004 35.000000000000007 0.6132478632478634 2.5000000000000004 38.350000000000001 39.850000000000001 13.500000000000002 0.82085561497326209 9.5000000000000018 35.150000000000013 0.16966991341991342 2.9500000000000006 11.500000000000002 0.15000000000000005 13.500000000000002 0.62019230769230782 71.500000000000014 1.2500000000000002 0.95000000000000007
decision_type=2 2 2 2 2 2 2 2 2 2 2 2 2 2 2 2 2 2 2 2 2 2 2 2 2 2 2
left_child=1 6 -3 -4 24 -6 11 18 9 -9 -10 14 17 -14 16 -16 -1 -13 -8 -2 23 -22 -23 -21 -5 -24 -20
right_child=19 2 3 4 5 -7 7 8 10 -11 -12 12 13 -15 15 -17 -18 -19 26 20 21 22 25 -25 -26 -27 -28
leaf_value=-0.00099671292864814218 0.015419425024525486 0.047763913347482853 0.023697106560579488 -0.054026263429788661 0.021828533059154394 -0.029226621953223671 -0.0021842658115801181 0.026899983353985111 -0.048520316091682537 -0.017195070982898877 -0.00023125827201261404 -0.00534039388553672 -0.043928075420121608 0.019699080671382686 -0.018134236071752234 0.022578999444141535 0.012621999319791787 0.030519909207599536 -0.057469469193432647 -0.056588286395740706 0.033462472044089392 0.01632200990156198 0 -0.016224031424574306 -0.016809880396201606 -0.042257308232116216 -0.033897503762275551
leaf_weight=209.00812876073178 1.7974947690963734 5.1875695697963264 8.6191642479971069 2.2709505753591648 5.1912243179976922 3.7117929616943002 1.8286603796295846 6.436636851634832 3.8155872556380919 4.4374692479614168 2.4393657548353076 3.3674393203109565 4.2678485636133692 2.9099236810579896 29.270506584085524 6.7110603601904577 39.781206587445922 13.994081543060018 2.0038008643314242 2.5069420312065618 1.6262122215703128 1.330316473264247 0.5714858457213271 1.3649410065263508 1.7915418492630122 3.025102703133598 2.0255499926861376
leaf_count=2860 9 42 54 51 40 68 31 66 52 73 51 40 68 42 419 97 464 126 27 79 12 31 28 49 18 158 38
internal_value=0 0.000544413 0.0112153 0.0020881 -0.0123522 0.000318569 -0.000318819 -0.0130586 -0.00556726 0.00885996 -0.0303076 0.000632728 0.0112679 -0.0181903 -0.000287817 -0.0104502 0.00118565 0.0235437 -0.0340593 -0.0157755 -0.021381 -0.00722224 -0.021465 -0.0438359 -0.039139 -0.0357221 -0.0476783
internal_weight=0 359.07 26.7722 21.5847 12.9655 8.90302 332.297 22.9871 17.1291 10.8741 6.25495 309.31 24.5393 7.17777 284.771 35.9816 248.789 17.3615 5.85801 12.2225 10.425 6.55312 4.92691 3.87188 4.06249 3.59659 4.02935
internal_count=5093 4727 273 231 177 108 4454 338 242 139 103 4116 276 110 3840 516 3324 166 96 366 357 229 217 128 69 186 65
is_linear=0
shrinkage=0.0472155


Tree=75
num_leaves=29
num_cat=0
split_feature=55 54 64 56 47 64 3 60 42 62 1 60 19 3 7 47 19 53 58 54 64 62 55 29 47 42 56 57
split_gain=1.30254 2.14213 2.48128 1.75644 4.62953 3.50324 3.10135 3.4655 3.58095 3.35187 3.67227 3.16271 3.10477 3.02414 3.76257 3.00305 2.73162 2.71969 2.66617 2.58806 2.56632 2.27412 2.07751 1.35636 1.26337 1.27112 0.802503 0.101663
threshold=3.0500000000000003 44.100000000000009 2.5500000000000003 0.54195804195804198 41.050000000000004 4.1500000000000012 2.5000000000000004 0.11142147734326502 0.63961038961038974 5.5000000000000009 8.5000000000000018 0.16724941724941725 1.0000000180025095e-35 11.500000000000002 60.000000000000007 38.250000000000007 3.5000000000000004 3.5000000000000004 -8.4999999999999982 38.95000000000001 5.8500000000000005 4.5000000000000009 0.75000000000000011 1.5000000000000002 43.150000000000013 0.10357142857142856 0.74166666666666681 -2.2499999999999996
decision_type=2 2 2 2 2 2 2 2 2 2 2 2 2 2 2 2 2 2 2 2 2 2 2 2 2 2 2 2
left_child=3 2 -2 6 5 22 7 8 15 10 12 21 -8 19 -15 -1 17 -11 -10 -7 -18 -9 -5 24 25 -4 -24 -6
right_child=1 -3 23 4 27 13 9 11 18 16 -12 -13 -14 14 -16 -17 20 -19 -20 -21 -22 -23 26 -25 -26 -27 -28 -29
leaf_value=0.027569287326367844 -0.075979906130210051 0.025594011259859946 0.012479270422753189 0.002223574681525928 -0.024474644248346944 -0.010825021795343387 -0.033361895064432073 -0.0079430341435060576 0.03982835805040863 0.029388516477720904 0.027174602723505067 0.013725659027525516 -0.009419537752562478 0.01527195690001275 -0.033986145079879855 0.0032298854208685497 -0.02156126110136351 -0.00047933592530643678 -0.033404537635930619 0.015874725491909474 0.003841244308767268 -0.055716401664249501 0.044579112789990806 0.022604964855436435 0.027799754227405469 -0.026140033761424104 0.022321803622523562 -0.056490064167290514
leaf_weight=26.021529920399189 1.297657199203974 2.9006903781555584 2.1029615886509445 7.4908234253525761 0.78431107499636743 39.504079184029251 14.38550872937776 4.7894301374908519 1.2126577750314025 13.258256026078017 5.0995303834788492 5.6688203494995824 73.55528330616653 42.935621228651144 3.5871417575981459 20.081353918649256 13.645455276593564 13.660394821316002 5.517434364068321 9.987968912930226 24.533098120940849 4.144943964201957 7.0229621995240477 2.0762820974923661 1.1559776107314963 12.499116006190887 9.1485460139811021 2.2972587891854337
leaf_count=210 6 31 45 43 22 715 186 44 19 105 47 42 937 614 76 243 88 163 150 203 389 38 34 43 27 425 45 103
internal_value=0 -0.011087 -0.0168635 0.000706491 0.00524864 0.00675556 -0.00176467 0.00669779 0.0123266 -0.00538089 -0.0111241 -0.0135278 -0.0134019 0.00272048 0.0113469 0.0170339 0.00282553 0.0143025 -0.0194403 -0.00538678 -0.00527801 -0.0308224 0.0229614 -0.0118295 -0.0166057 -0.0204525 0.0324011 -0.0502937
internal_weight=0 22.0327 19.132 348.332 122.759 119.677 225.574 67.4362 52.833 158.138 93.0403 14.6032 87.9408 96.0148 46.5228 46.1029 65.0972 26.9187 6.73009 49.492 38.1786 8.93437 23.6623 17.8343 15.7581 14.6021 16.1715 3.08157
internal_count=5093 577 546 4516 1855 1730 2661 746 622 1915 1170 124 1123 1608 690 453 745 268 169 918 477 82 122 540 497 470 79 125
is_linear=0
shrinkage=0.0472155


Tree=76
num_leaves=44
num_cat=0
split_feature=39 27 1 0 64 52 59 40 19 48 28 3 42 63 63 60 63 54 41 40 42 46 29 30 42 11 53 60 52 31 60 41 40 58 63 65 42 42 54 1 65 60 64
split_gain=1.52274 2.99218 3.56761 1.85474 1.81577 1.70682 1.65834 3.40664 3.49841 2.42563 2.40933 2.39051 4.70288 3.62352 3.20251 3.14473 4.01652 3.28973 2.18674 2.04642 2.51385 3.35226 2.29976 4.49965 3.05259 2.43955 2.11443 2.79457 2.26304 2.02206 1.79543 1.61611 1.51913 2.47391 2.257 1.137 0.867347 0.522547 0.47547 0.340861 0.283909 0.353258 0.00739725
threshold=12.500000000000002 2.5000000000000004 2.5000000000000004 1.0000000180025095e-35 4.1500000000000012 35.000000000000007 -1.0000000180025095e-35 39.850000000000001 3.5000000000000004 1.5500000000000003 1.0000000180025095e-35 4.5000000000000009 0.46770833333333339 15.500000000000002 13.500000000000002 0.057259953161592457 5.5000000000000009 38.250000000000007 6.1500000000000012 38.45000000000001 0.57738095238095244 6.5000000000000009 1.0000000180025095e-35 2.5000000000000004 0.18465909090909091 1.5000000000000002 5.5000000000000009 0.063914893617021268 45.000000000000007 2.5000000000000004 0.035504201680672261 1.4500000000000002 39.850000000000001 -2.4999999999999996 6.5000000000000009 5.5000000000000009 0.72474747474747481 0.73030303030303034 38.150000000000013 1.0000000180025095e-35 1.5000000000000002 0.11034186401833457 47.250000000000007
decision_type=2 2 2 2 2 2 2 2 2 2 2 2 2 2 2 2 2 2 2 2 2 2 2 2 2 2 2 2 2 2 2 2 2 2 2 2 2 2 2 2 2 2 2
left_child=6 2 5 4 -3 32 19 11 18 36 -11 15 13 -13 -14 17 -17 -8 35 22 26 37 25 24 -24 30 28 -28 -21 -23 -1 -5 33 -2 -34 -9 -10 -22 -6 42 -33 -42 -7
right_child=1 3 -4 31 38 39 7 8 9 10 -12 12 14 -15 -16 16 -18 -19 -20 20 21 29 23 -25 -26 -27 27 -29 -30 -31 -32 40 34 -35 -36 -37 -38 -39 -40 -41 41 -43 -44
leaf_value=-0.013588539247274285 0.011984440369912953 0.044140319658830196 0.038753565110347561 0.012187708868528508 -0.051016830736240804 -0.057833571114558488 0.034281737528888641 -0.060476720531927097 -0.038806078694709464 0.0200711178595274 -0.02403395318873609 -0.016076491235763615 0.01025446437082606 0.030794588561477248 -0.032716454164838649 -0.026638686990541977 0.0095204940769049989 -0.00059616674488846403 0.024081726015961362 0.013640580984077598 -0.051997231439777962 -0.011078594408521105 0.011401813474524165 0.034982061605292797 -0.043868243385504387 -0.035186151028636641 0.0031782307443313173 0.03814126518555077 -0.018385177135562605 0.030339816145138223 0.0099929155673042225 -0.075314746018195836 0.036496206134445763 -0.040713927365634589 -0.01132846049220035 -0.027860700521843557 -0.0042521815565899615 -0.018876127769188115 -0.0013254473398770909 -0.014864617031736461 -0.050653555706912504 -0.0091726871158707667 -0.026891619456616618
leaf_weight=8.4342752927914244 3.3870562831871256 1.0613569989800438 4.0094527557957909 0.82207908737473179 0.86125408788211621 1.3991369241848586 15.684848428587431 4.55318660661578 4.3014051096979555 9.7824509416241181 3.6461481018923214 51.860796384629793 48.644975533941761 3.7878521662205449 4.0235310122370711 9.5001520554069412 23.253142878995277 9.6581963060889375 1.1005529446993012 24.539024967700247 2.5733078373596063 5.1997168128145841 2.8574510570615521 2.7737603746354571 8.8041076696244982 3.2165785753168157 7.7826081342063871 15.021696305833755 5.9658669247291973 4.9728480677586049 43.634738459950313 1.6712457984685896 3.8843465498648566 4.3723629489541107 4.6398749228101224 6.2547659680712968 2.6823167372494936 2.3677683179266751 0.79619233589619398 1.0947321560233829 3.027304927585647 0.68366232654079784 0.62455518846400071
leaf_count=134 49 4 43 18 37 31 166 67 88 237 127 589 646 32 89 117 234 170 16 207 35 101 25 21 116 40 110 108 56 60 347 6 51 98 88 322 45 44 27 39 165 16 72
internal_value=0 -0.00975879 -0.000794805 -0.0327387 0 -0.00927398 0.000941261 -0.00181795 -0.0158022 -0.00381256 0.00789296 0.000907937 -0.00323167 -0.012788 0.00686203 0.0086236 -0.00103376 0.0210516 -0.0359471 0.00491263 0.0107032 -0.0062079 -0.000773445 -0.0174448 -0.0303024 0.00360919 0.0155144 0.0263524 0.00728704 0.00927699 0.00612802 -0.046656 -0.00292852 -0.0178722 0.010686 -0.042405 -0.0260534 -0.0374408 -0.0299061 -0.0402953 -0.0558609 -0.0439355 -0.0514795
internal_weight=0 32.3346 23.4115 8.9231 2.7188 19.4021 336.878 198.734 32.3208 20.4123 13.4286 166.413 108.317 55.6486 52.6685 58.0963 32.7533 25.343 11.9085 138.144 68.4228 15.1136 69.7209 14.4353 11.6616 55.2856 53.3092 22.8043 30.5049 10.1726 52.069 6.20429 16.2836 7.75942 8.52422 10.808 6.98372 4.94108 1.65745 3.11842 5.38221 3.71097 2.02369
internal_count=5093 744 471 273 68 428 4349 2945 902 497 364 2043 1356 621 735 687 351 336 405 1404 721 240 683 162 141 521 481 218 263 161 481 205 286 147 139 389 133 79 64 142 187 181 103
is_linear=0
shrinkage=0.0472155


Tree=77
num_leaves=29
num_cat=0
split_feature=56 47 0 47 38 49 64 3 15 19 31 60 7 4 61 48 55 56 56 63 12 31 41 60 13 40 48 57
split_gain=1.52568 2.96303 2.88759 4.76635 3.68343 3.54526 3.85576 3.3677 2.63829 2.51769 3.4155 2.37049 3.62638 2.58993 2.37839 2.14747 2.138 2.19117 1.92383 1.84913 1.50854 1.46634 1.38599 1.3762 1.30511 1.09581 0.96684 0.129083
threshold=0.54195804195804198 41.050000000000004 1.0000000180025095e-35 36.050000000000004 45.000000000000007 0.80625000000000013 7.9500000000000011 83.500000000000014 1.0000000180025095e-35 48.500000000000007 13.500000000000002 0.039292882507333614 78.000000000000014 1.0000000180025095e-35 0.10056179775280898 0.45000000000000007 3.0500000000000003 0.83974358974358987 0.32291666666666669 15.500000000000002 1.0000000180025095e-35 7.5000000000000009 1.0500000000000003 0.12392463562033411 1.0000000180025095e-35 37.550000000000004 2.5500000000000003 -2.2499999999999996
decision_type=2 2 2 2 2 2 2 2 2 2 2 2 2 2 2 2 2 2 2 2 2 2 2 2 2 2 2 2
left_child=2 9 3 18 5 6 -5 11 -7 10 16 12 13 -4 -13 -6 17 -2 21 -16 -12 25 -11 -18 -17 -1 -3 -28
right_child=1 26 7 4 15 8 -8 -9 -10 22 20 14 -14 -15 19 24 23 -19 -20 -21 -22 -23 -24 -25 -26 -27 27 -29
leaf_value=-0.032669600826355019 0.010396602785220893 0.014607731262381176 -0.011470742506724928 0.012340966112791127 -0.012355786186603089 0.0078080117643391433 -0.013536193518315599 0.028076963949504787 -0.056877061139145743 -0.0058849305789967195 0.015101994709749751 0.036225330610297556 0.043476997100507911 -0.04364748313473002 -0.0083321207118357762 0.0191347577021064 -0.032061985204721116 -0.004628349078288946 -0.05611634759064623 0.023498034306875321 0.059773439784050537 0.014080349591559559 -0.054777292329335862 0.013929212786722229 0.043427159033479816 -0.0020026837666482162 -0.022356013733567319 -0.055373433705169221
leaf_weight=6.6462945817038435 79.580075261066668 0.55506368842907194 11.883237667381769 43.593436844646931 3.4380441345274475 2.1361669469624749 17.981951387133449 5.5700304633937767 3.6512986819725484 3.2740589370951048 3.5185785535722962 2.772264410275965 1.5907023246400047 10.752094819326883 87.343528933823109 16.571633413550448 5.287189894472248 29.509627964580432 2.5730253038927904 4.0913721469696602 3.4718079220037907 3.3597678607329717 2.0542891751974821 1.8380399576853959 7.370863629737868 4.3095050076954067 0.78121752175502557 2.1242886658292259
leaf_count=87 1054 15 206 249 35 50 429 41 61 43 52 29 17 257 985 226 209 526 46 41 29 43 58 19 70 62 27 127
internal_value=0 0.00406089 -0.00227609 0.00322624 0.00735665 0.00139384 0.0047566 -0.00723225 -0.0333649 0.00524756 0.00663894 -0.00893731 -0.0220683 -0.0270011 -0.00551907 0.0219011 0.00467442 0.00632541 -0.0197448 -0.0068586 0.0382968 -0.012564 -0.0259951 -0.0200599 0.0269011 -0.0208859 -0.0379675 -0.0484806
internal_weight=0 131.994 235.635 111.632 94.7434 67.3629 61.5754 124.003 5.78747 128.534 123.205 118.433 24.226 22.6353 94.2072 27.3805 116.215 109.09 16.8886 91.4349 6.99039 14.3156 5.32835 7.12523 23.9425 10.9558 3.46057 2.90551
internal_count=5093 2159 2934 1358 1120 789 678 1576 111 1990 1889 1535 480 463 1055 331 1808 1580 238 1026 81 192 101 228 296 149 169 154
is_linear=0
shrinkage=0.0472155


Tree=78
num_leaves=43
num_cat=0
split_feature=5 6 41 58 20 62 40 41 61 61 47 47 4 40 26 61 41 60 47 29 60 64 45 15 61 3 39 64 46 53 47 57 11 64 60 52 48 19 15 45 45 58
split_gain=1.6918 2.97498 2.99 2.33954 3.8386 3.02482 4.03771 3.02048 2.76377 3.71772 2.98357 1.98999 3.53681 3.19581 3.07099 2.88857 3.06463 4.04456 3.05762 2.54932 3.06858 2.60371 2.27942 2.22349 2.1865 2.5859 2.05623 1.95198 1.86714 2.6445 2.22642 1.58484 1.58078 1.57628 1.32621 1.25852 1.10391 0.942733 0.898351 0.328035 0.289219 0.108848
threshold=1.0000000180025095e-35 1.5000000000000002 2.1500000000000008 -1.4999999999999998 1.0000000180025095e-35 4.5000000000000009 38.050000000000004 2.3500000000000001 0.23103087388801671 0.24568837347606301 35.45000000000001 37.750000000000007 3.5000000000000004 13.65 1.5000000000000002 0.1329931972789116 0.25000000000000006 0.055336832895887957 39.250000000000007 1.0000000180025095e-35 0.15189285714285714 4.9500000000000011 25.000000000000004 12.500000000000002 0.22257607926397738 21.500000000000004 10.500000000000002 8.8500000000000032 5.5000000000000009 9.5000000000000018 38.750000000000007 2.2500000000000004 1.5000000000000002 3.8500000000000001 0.044515215852795408 35.000000000000007 0.8500000000000002 18.500000000000004 8.5000000000000018 75.000000000000014 35.000000000000007 3.5000000000000004
decision_type=2 2 2 2 2 2 2 2 2 2 2 2 2 2 2 2 2 2 2 2 2 2 2 2 2 2 2 2 2 2 2 2 2 2 2 2 2 2 2 2 2 2
left_child=1 3 33 4 5 6 -1 -7 28 27 -11 12 13 -2 24 26 18 22 38 20 -15 -21 -18 -19 31 -26 32 -10 30 -30 -5 -14 36 -3 39 -20 -13 -4 -17 -28 41 -35
right_child=11 2 37 8 -6 7 -8 -9 9 10 -12 15 14 19 -16 16 17 23 35 21 -22 -23 -24 -25 25 -27 34 -29 29 -31 -32 -33 -34 40 -36 -37 -38 -39 -40 -41 -42 -43
leaf_value=-0.0043521757734574567 -0.047012955894023274 0.0018696406307707129 -0.010790445533814445 0.012150272693764588 0.043840650257499669 0.0022795748622396576 -0.046292287708089325 -0.045638464890774715 0.014666936638950977 -0.030843677185194509 0.008756254792895591 0.007694139089854799 -0.05343534653504628 0.01671718361974554 0.02244707018738458 0.014419542904166912 -0.037073339718322378 0.011140164370208885 -0.043753446375734362 0.012926959138103525 -0.025540681610666128 -0.024913483103679808 -0.0028262290488784481 -0.009137701526551965 0.0024983843415353323 -0.048331095912439233 -0.045443372114922054 0.059142231239461225 -0.0234593716995798 0.0052227455401206305 -0.027544804749612198 -0.0017384499931340713 -0.014112168341242523 -0.066385463145623991 0.024799929325336294 0.0075857731974955838 0.034967566925708772 0.044142954072747619 0.037876724068384292 -0.0019938624597651941 -0.033410459360511104 -0.036145261565855034
leaf_weight=9.695941745303573 2.5035049316938958 1.5639784540981034 1.2449184078723186 18.017284377943728 2.6305535193532696 26.007513158954684 10.846796036232261 3.1261304190848014 4.5746655464172346 4.6279788513202211 35.993596925167367 4.3513322435319521 6.7845456299837732 35.64819000614807 3.3298829677514723 6.6293765390291837 9.303462427225897 37.479482911061496 1.8628746052272611 6.6154648736119297 4.1217189058661452 9.8997947492171061 8.118052688892929 17.544569983379915 8.0816147923469526 2.8881184067577115 1.5400749181862918 4.458027507411316 19.037433936377059 11.291535404277964 3.6327202911488703 1.6790448105894027 1.9159731320105482 2.8382928357459605 1.1231805698480455 2.1010221573524177 16.526714665582404 1.2283516479656098 9.2970471384469402 0.56294911436270911 2.7399056279100478 1.2874967807438222
leaf_count=125 36 11 42 183 21 290 213 106 26 61 401 41 154 391 40 58 185 439 47 35 39 173 126 243 72 51 79 41 377 320 46 36 46 53 20 21 256 16 56 37 39 41
internal_value=0 -0.00353909 -0.0271767 -0.00183178 -0.00993032 -0.0129346 -0.0267323 -0.00308199 0.0023398 0.0102927 0.00411584 0.00291886 -0.00274725 0.00336957 -0.018478 0.00682678 0.00288684 -0.00162383 0.0192189 0.0057608 0.0122287 -0.00974051 -0.0213385 0.00465432 -0.0256613 -0.0113749 0.0206707 0.0373947 -0.00525408 -0.0127911 0.00529258 -0.0434974 0.0256579 -0.040407 -0.0138821 -0.0172154 0.0294253 0.0173625 0.0284157 -0.0351433 -0.0499364 -0.0589543
internal_weight=0 164.843 10.9029 153.94 52.3069 49.6764 20.5427 29.1336 101.633 49.6543 40.6216 199.908 81.5519 58.7887 22.7632 118.356 92.3359 72.4456 19.8903 56.2852 39.7699 16.5153 17.4215 55.0241 19.4333 10.9697 26.0202 9.03269 51.979 30.329 21.65 8.46359 22.794 8.42967 3.2262 3.9639 20.878 2.47327 15.9264 2.10302 6.8657 4.12579
internal_count=5093 2412 202 2210 755 734 338 396 1455 529 462 2681 1027 674 353 1654 1175 993 182 638 430 208 311 682 313 123 479 67 926 697 229 190 343 144 136 68 297 58 114 116 133 94
is_linear=0
shrinkage=0.0472155


Tree=79
num_leaves=54
num_cat=0
split_feature=59 7 7 62 40 4 52 58 42 30 4 45 42 56 49 42 58 46 59 64 40 31 46 63 55 41 7 38 41 49 56 47 45 45 7 39 65 60 58 27 15 61 46 38 0 61 15 7 57 55 60 53 60
split_gain=1.56298 2.69162 4.83477 4.01242 3.87608 3.14491 2.96077 3.53821 2.75797 2.79259 2.69455 2.63622 2.57258 2.4474 4.41754 2.92019 2.58702 2.46228 3.34832 3.14918 2.43953 2.3186 2.25639 2.18827 2.13164 1.97017 1.96991 4.75846 2.37371 3.16626 2.91052 2.2683 1.95798 1.943 1.88141 1.80295 1.92679 1.77714 1.71816 1.69246 1.63589 1.60237 3.31713 1.57886 1.52955 1.45061 1.33435 1.31697 1.2016 1.18088 1.0974 0.664864 0.0154923
threshold=-1.0000000180025095e-35 13.500000000000002 3.5000000000000004 3.5000000000000004 39.850000000000001 1.5000000000000002 25.000000000000004 5.5000000000000009 0.2817460317460318 1.0000000180025095e-35 2.5000000000000004 4.5000000000000009 0.36038961038961043 0.54195804195804198 0.56696428571428581 0.58578431372549034 3.5000000000000004 7.5000000000000009 -249.99999999999997 4.7500000000000009 39.150000000000013 2.5000000000000004 11.500000000000002 12.500000000000002 0.75000000000000011 0.55000000000000016 18.500000000000004 5.5000000000000009 0.95000000000000007 0.12132352941176471 0.32291666666666669 39.250000000000007 5.5000000000000009 2.5000000000000004 9.5000000000000018 4.5000000000000009 10.500000000000002 0.052128623188405755 -2.4999999999999996 2.5000000000000004 7.5000000000000009 0.34600925390399079 8.5000000000000018 8.5000000000000018 3.5000000000000004 0.23691816245816846 2.5000000000000004 1.0000000180025095e-35 -1.0000000180025095e-35 1.8500000000000003 0.058632543926661555 7.5000000000000009 0.065318976026005657
decision_type=2 2 2 2 2 2 2 2 2 2 2 2 2 2 2 2 2 2 2 2 2 2 2 2 2 2 2 2 2 2 2 2 2 2 2 2 2 2 2 2 2 2 2 2 2 2 2 2 2 2 2 2 2
left_child=13 2 3 35 11 6 23 -8 10 22 24 -5 -11 17 15 20 41 26 19 -19 39 37 32 -4 -3 -14 28 -28 30 -30 -1 -29 -10 -12 -17 38 -37 -7 -2 -15 52 42 -16 -6 47 -26 -21 -20 -35 -24 -42 -22 -18
right_child=1 8 5 4 43 21 7 -9 9 12 33 -13 25 14 16 34 40 18 44 46 51 -23 49 -25 45 -27 27 31 29 -31 -32 -33 -34 48 -36 36 -38 -39 -40 -41 50 -43 -44 -45 -46 -47 -48 -49 -50 -51 -52 -53 -54
leaf_value=0.016640338699620557 -0.035272283553381051 -0.02093590193355473 -0.0067064283631739904 -0.017724153560298061 -0.042830061078037725 0.018359265738607394 -0.054053682320135077 -0.0061941555644794031 -0.0094136377898425602 0.032384511548850657 0.01396294989124275 0.016747155593529 -0.032502988486035313 -0.0012251740959410514 0.01625364166987003 -0.034810817136675623 -0.056832429519008625 0.025573477248140599 -0.0039256667156521881 -0.0044476461811260269 0.034939519049405364 0.037705736419796833 0.0061215283700902495 -0.046715216771084409 0.001045602435959733 -0.00058923242115397441 0.028797753115466569 -0.039675683457154887 -0.050298232075342959 -0.0030233404143080972 -0.02502301373154971 0.0077309359959815476 0.025716626211145958 -0.052870072255125834 0.01517446383451349 -0.037040245525119857 0.0093025286399937238 -0.037985393151352555 0.010651573215760686 0.034989028385213519 0.013188189882601479 0.041190482199081294 -0.034989631050108945 -0.0029742950681319186 -0.011697507875992481 0.040946854622005334 -0.057106230607023432 0.026883136884502997 -0.019797316835943952 -0.039110214266228988 -0.026469653445857208 0.062743598351528623 -0.034280066471504479
leaf_weight=19.568136779591445 2.2514776315074414 3.6653832774609354 19.148449454456571 5.4682570658624163 3.938954289769752 2.0943100920412681 11.402926901588218 5.0176997119560829 3.9015411017462602 3.6531566081102964 2.7035860782489172 40.474545768694952 5.8549419457558569 5.430982118006801 9.9692476824857348 2.3359420504420987 1.6304507907479986 2.2716775685548773 3.6070213762577685 1.6642917734570799 4.7727233385667187 3.2312059781979769 3.1137482565827659 3.4848918123170725 3.9912975868210179 15.31478669005446 3.5244700480252531 12.140274131670592 3.9304275423055541 13.952966730110345 4.4377160537987939 2.6635327544063321 29.198947848053649 3.4057407155632964 4.8841286015231162 10.253269235137848 2.3726842098403713 2.6168252830393612 7.037783582229169 5.8371559507213533 2.9509895208757371 2.6443645088002077 3.7219782462343565 4.945936216507107 3.3541303612291804 4.0549612389877439 3.1795330937020481 18.714217826491222 9.5477449570316804 1.9506143468897787 2.9188089538365602 5.1383520886301994 1.7346949831116942
leaf_count=126 32 40 357 55 144 42 187 94 50 36 18 471 69 48 134 44 39 12 43 27 37 28 93 96 74 344 29 138 57 148 45 28 308 75 57 170 132 38 90 35 45 16 92 156 48 37 68 195 147 100 36 30 33
internal_value=0 -0.0025731 -0.00709459 0.000208533 0.00704271 -0.0189905 -0.0244845 -0.0396877 0.00361349 0.00904937 -0.00885144 0.0125785 -0.00324608 0.0037467 0.0117282 0.0244889 -0.00248914 -0.000891116 0.00948119 -0.0188157 0.0332671 0.0078903 0.0170417 -0.0132062 0.00817377 -0.00964013 -0.00656107 -0.0193934 -0.000873675 -0.0138361 0.00878633 -0.0311123 0.0215287 -0.0215769 -0.00135125 -0.0167803 -0.0282728 -0.013045 -0.000857374 0.0177264 -0.0222519 0.00876157 0.00201061 -0.0212011 0.0174225 0.0216764 -0.0399283 0.021884 -0.0291311 -0.0119013 -0.0066205 0.0502573 -0.0476594
internal_weight=0 214.096 123.739 76.7429 54.8277 46.9963 39.054 16.4206 90.3565 62.9877 27.3687 45.9428 24.8229 146.978 53.9698 28.3993 25.5705 93.0084 32.7909 7.1155 21.1792 7.94234 38.1649 22.6333 11.7116 21.1697 60.2175 18.3283 41.8892 17.8834 24.0059 14.8038 33.1005 15.6571 7.22007 21.9152 12.626 4.71114 9.28926 11.2681 9.23494 16.3356 13.6912 8.88489 25.6754 8.04626 4.84382 22.3212 12.9535 5.06436 5.8698 9.91108 3.36515
internal_count=5093 3483 2092 1250 826 842 734 281 1391 1000 391 526 449 1610 646 251 395 964 393 107 150 108 551 453 151 413 571 195 376 205 171 166 358 240 101 424 302 80 122 83 153 242 226 300 286 111 95 238 222 193 81 67 72
is_linear=0
shrinkage=0.0472155


Tree=80
num_leaves=40
num_cat=0
split_feature=59 40 53 42 45 60 55 41 60 28 47 46 30 58 5 52 31 12 40 41 47 14 62 30 7 14 6 60 55 42 27 64 27 31 55 7 19 4 28
split_gain=1.17365 3.17242 3.50112 2.96375 2.87928 2.83136 3.4651 2.76187 2.426 2.34048 2.52591 2.05526 3.15549 2.88071 2.49361 2.05242 2.01892 1.93929 1.81765 2.32972 1.74607 2.16847 2.25714 1.9466 2.84101 1.98918 3.0803 1.64346 1.56281 1.52691 1.40504 1.38455 1.33444 1.86788 2.75026 2.08137 0.75127 0.592257 0.346542
threshold=-1.0000000180025095e-35 38.45000000000001 9.5000000000000018 0.25833333333333336 65.000000000000014 0.16064516129032258 1.9500000000000002 1.0500000000000003 0.088316542086447805 1.0000000180025095e-35 36.95000000000001 4.5000000000000009 1.0000000180025095e-35 8.5000000000000018 1.5000000000000002 115.00000000000001 8.5000000000000018 1.0000000180025095e-35 38.850000000000001 1.4500000000000002 39.250000000000007 1.5000000000000002 2.5000000000000004 2.5000000000000004 60.000000000000007 1.5000000000000002 3.5000000000000004 0.15875337533753378 0.25000000000000006 0.13809523809523808 1.0000000180025095e-35 9.6500000000000004 4.5000000000000009 1.5000000000000002 0.25000000000000006 16.500000000000004 26.500000000000004 1.5000000000000002 1.0000000180025095e-35
decision_type=2 2 2 2 2 2 2 2 2 2 2 2 2 2 2 2 2 2 2 2 2 2 2 2 2 2 2 2 2 2 2 2 2 2 2 2 2 2 2
left_child=20 3 15 4 9 6 7 -4 -8 10 -2 12 14 16 -5 18 -13 -14 19 -3 23 32 -23 24 25 27 -27 -1 -26 -20 -6 -15 33 34 -22 -35 -11 -24 -30
right_child=1 2 5 11 30 -7 8 -9 -10 36 -12 13 17 31 -16 -17 -18 -19 29 -21 21 22 37 -25 28 26 -28 -29 38 -31 -32 -33 -34 35 -36 -37 -38 -39 -40
leaf_value=-0.0007293378755703244 -0.031999295763499774 -0.012136603862025912 -0.018286844422237585 0.0132565010011869 -0.012249414291649208 -0.045294795363753027 -0.021964599669865064 0.029930485549638734 0.014404472385063205 -0.047321620523982748 0.013004255399061426 0.0018083957049276212 0.013031620588470256 -0.0050502343071795732 0.046213339858213159 -0.062141471721421926 0.027368705140931388 -0.039257688399261012 0.00087695524989979986 0.028901502442510652 0.030441604499760123 0.026598281233983487 -0.050768906795497143 0.032662009650899673 -0.002643632620414625 0.004774610326378919 0.046262092351318847 -0.026633439702189309 -0.027519615429231859 -0.021568398015292867 -0.066746483776489743 -0.052883957059098791 0.044933010539401359 0.049122045569780295 -0.017426591748739936 0.0080263392213459211 -0.011084912908919511 -0.013487028547225962 -0.062479520092582702
leaf_weight=67.953035394661129 3.2258598497137525 8.8620909021701646 3.0912520454730865 13.126819532597443 1.9654570403508831 2.331145249772816 10.752579559455627 14.462163243559187 6.3611654671840361 2.6725332685746244 15.029109001858158 42.502451608655974 3.1966492142528287 2.7059912569820872 8.5307702384889108 1.847818464739247 8.0704231979325396 2.8137997733429074 8.0511885883752239 4.5038862632354713 4.1094515563454568 2.0818914812989524 1.8441829090006647 3.8698893608525387 2.7412775168195358 23.60716764815152 4.6521163857541969 5.7694934401661149 1.6320726070553067 39.742901236517355 2.4733895198442042 2.6695703756995499 3.6613289809320113 5.2150865350849909 6.9493622807785869 5.8629094504285604 2.6678894022479653 2.2459339033812284 2.1541538895107806
leaf_count=771 43 111 81 118 40 32 516 235 113 36 127 581 28 18 48 40 83 35 108 52 33 25 37 33 32 222 43 59 29 848 50 116 34 38 109 76 24 33 36
internal_value=0 -0.00223814 -0.00834062 0.00322661 -0.0100076 0.00316591 0.00665433 0.021306 -0.00839987 -0.00328224 0.00478814 0.00768302 0.0181701 0.00244487 0.026534 -0.0150976 0.00598039 -0.0117614 -0.0134924 0.00183896 0.00328048 0.0129849 -0.0118378 0.000498081 -0.000693826 0.001255 0.0118699 -0.00282362 -0.0304752 -0.0177845 -0.0441363 -0.0298402 0.0189882 0.0143492 0.000500826 0.0278932 -0.0302626 -0.0318423 -0.0494551
internal_weight=0 211.657 100.006 111.651 28.0342 36.9983 34.6672 17.5534 17.1137 23.5954 18.255 83.6165 27.668 55.9484 21.6576 63.0079 50.5729 6.01045 61.1601 13.366 144.349 31.9701 6.17201 112.379 108.509 101.982 28.2593 73.7225 6.5275 47.7941 4.43885 5.37556 25.7981 22.1368 11.0588 11.078 5.34042 4.09012 3.78623
internal_count=5093 3483 2136 1347 320 977 945 316 629 230 170 1027 229 798 166 1159 664 63 1119 163 1610 385 95 1225 1192 1095 265 830 97 956 90 134 290 256 142 114 60 70 65
is_linear=0
shrinkage=0.0472155


Tree=81
num_leaves=29
num_cat=0
split_feature=53 20 47 47 61 60 60 64 54 38 42 48 49 45 7 61 46 10 40 26 38 61 54 39 25 19 57 61
split_gain=1.49308 3.0445 1.23092 1.76539 2.00566 1.92848 1.61309 1.61842 1.40075 1.34264 1.28775 2.96249 2.18683 2.12665 2.07681 2.87086 2.04504 2.04167 2.00022 1.64542 1.48384 1.28098 0.877964 0.48422 0.464626 0.275745 0.250653 0.0133511
threshold=15.500000000000002 1.0000000180025095e-35 40.550000000000004 42.050000000000004 0.24514517345399692 0.058632543926661555 0.098441411612694818 3.5500000000000003 38.150000000000013 35.000000000000007 0.74166666666666681 0.25000000000000006 0.85164835164835173 135.00000000000003 4.5000000000000009 0.10056179775280898 14.500000000000002 1.0000000180025095e-35 39.050000000000004 1.0000000180025095e-35 6.5000000000000009 0.31271258503401367 39.050000000000004 8.5000000000000018 1.0000000180025095e-35 1.5000000000000002 1.0000000180025095e-35 0.22015463620102707
decision_type=2 2 2 2 2 2 2 2 2 2 2 2 2 2 2 2 2 2 2 2 2 2 2 2 2 2 2 2
left_child=2 24 10 6 5 8 7 -4 -5 -9 12 20 13 16 18 -16 -1 19 -14 -13 -12 -6 -15 -22 26 -8 -2 -19
right_child=1 -3 3 4 21 -7 25 9 -10 -11 11 17 14 22 15 -17 -18 27 -20 -21 23 -23 -24 -25 -26 -27 -28 -29
leaf_value=0.0023408208507285106 -0.022408609209323728 0.043268010814113085 0.034439355263998134 0.019623757474049368 -0.048644498509851239 0.041115494396604481 -0.026620055484051282 -0.029612521753824086 -0.046468748848120349 0.0044231423388287174 0.0070975494212357788 -0.0036217071659517442 -0.025299594435606053 0.01267156720564558 0.026912456416294753 -0.041068411928303308 0.027627687112877629 -0.027217782098666713 0.023765141093187923 0.016295589443532148 -0.062747215764529241 0.0036663926405197567 0.050512526841402984 -0.027199998917420497 -0.0055370263188461938 -0.061990511971788315 -0.05709962491746471 -0.050214767928154706
leaf_weight=226.1581554209115 1.0509631014429026 1.0298950076103208 1.3445572480559373 1.4288893109187468 1.7560328149702402 3.9940910623408854 1.3643193447496735 7.0670513187069428 1.118162411265075 3.9064147870521992 1.3028061296790827 45.957514527719468 2.8729357365518835 2.9789302309509358 1.5533323201816509 7.4221940007992089 7.196394342230632 1.1681689715478563 4.5405287281610072 11.387888824567197 2.5148677588440478 2.1761943667661399 2.7419106028974056 2.0466259536333382 0.75624160608276714 1.7648784231860188 2.5111965077230707 1.297555588185787
leaf_count=2493 38 7 7 26 32 47 27 258 58 76 16 881 57 53 37 171 98 37 77 174 40 32 36 66 35 48 144 22
internal_value=0 -0.0243556 0.000387416 -0.00947194 0.00539815 0.0212617 -0.0195429 -0.0114285 -0.0102759 -0.017559 0.00118995 -0.00469515 0.00270761 0.00385667 -0.013879 -0.028943 0.00314353 -0.00149711 0.00452091 0.000359865 -0.0362167 -0.0206145 0.0318791 -0.0485293 -0.0416844 -0.048992 -0.0485666 -0.0420909
internal_weight=0 5.3483 347.06 25.9206 10.4734 6.54114 15.4472 12.318 2.54705 10.9735 321.14 65.6754 255.464 239.075 16.389 8.97553 233.355 59.8111 7.41346 57.3454 5.8643 3.93223 5.72084 4.56149 4.3184 3.1292 3.56216 2.46572
internal_count=5093 224 4869 611 195 131 416 341 84 334 4258 1236 3022 2680 342 208 2591 1114 134 1055 122 64 89 106 217 75 182 59
is_linear=0
shrinkage=0.0472155


Tree=82
num_leaves=44
num_cat=0
split_feature=41 56 55 12 58 0 19 56 62 42 40 41 55 41 19 19 39 7 42 39 31 60 62 40 56 42 64 40 61 55 7 26 46 46 1 58 49 64 3 61 64 64 60
split_gain=1.26063 2.93742 3.09701 2.24815 2.18304 2.93628 2.66999 2.08267 2.16231 2.09245 1.72729 2.77361 3.83909 1.74179 1.71012 4.30402 2.70757 2.08738 2.2903 1.87742 1.80792 2.0972 1.76316 1.64768 1.56455 2.18858 2.42306 1.63562 1.63388 1.71195 1.46922 1.38905 1.22118 1.47051 1.34261 1.16617 0.765274 0.692817 0.675284 0.65137 0.428714 0.311063 0.308872
threshold=1.3500000000000003 0.4494949494949495 3.7500000000000004 1.0000000180025095e-35 17.500000000000004 7.5000000000000009 10.500000000000002 0.87867647058823539 6.5000000000000009 0.39444444444444454 39.45000000000001 1.0500000000000003 1.9500000000000002 0.55000000000000016 26.500000000000004 23.500000000000004 3.5000000000000004 39.500000000000007 0.74166666666666681 2.5000000000000004 7.5000000000000009 0.048695799457994557 4.5000000000000009 38.050000000000004 0.2752525252525253 0.40588235294117653 14.65 38.550000000000004 0.19707639778062308 1.1500000000000001 4.5000000000000009 1.0000000180025095e-35 12.500000000000002 5.5000000000000009 2.5000000000000004 1.5000000000000002 0.44097222222222227 4.7500000000000009 11.500000000000002 0.17602816901408452 13.550000000000002 12.15 0.054158809972763407
decision_type=2 2 2 2 2 2 2 2 2 2 2 2 2 2 2 2 2 2 2 2 2 2 2 2 2 2 2 2 2 2 2 2 2 2 2 2 2 2 2 2 2 2 2
left_child=10 3 7 24 5 6 -5 8 23 -10 14 12 13 35 15 20 -17 -16 19 -19 21 -1 -22 -3 25 26 -2 -27 41 -30 -14 38 33 -13 -35 -12 -20 -4 -9 -32 -15 -26 -39
right_child=1 2 37 4 -6 -7 -8 31 9 -11 11 32 30 40 17 16 -18 18 36 -21 22 -23 -24 -25 28 27 -28 -29 29 -31 39 -33 -34 34 -36 -37 -38 42 -40 -41 -42 -43 -44
leaf_value=0.0098825918902160081 0.022017328204444978 -0.0066659421715739844 -0.066836252117207159 -0.047517016615067451 0.014054251135684004 0.018154295284470916 -0.013399260887607723 -0.033440758951672048 -0.052495988114288815 0.0011202416818471177 -0.039862830242031182 0.030069387853163005 0.036793479360337583 -0.057828430983889748 0.037724378101312309 -0.071859103513628744 -0.0039637424918667133 -0.00707990962519692 -0.0014595228123395834 0.020430782444560976 0.040168602529412949 -0.0024645698139398042 0.0019225639904751157 0.019252188172822558 -0.059110903465783543 0.0057186570767317531 -0.016157381787234953 -0.031167289817521471 0.011720115025042645 -0.040144383249350615 0.014120132830700596 0.019164425198693148 0.041426503304776541 -0.04167650317811461 0.012143408120060919 -0.001211327834085366 -0.039939915305136013 -0.039340478478985093 -0.0013466623701217202 -0.025020219348650331 -0.026298625360721601 -0.024227104203356355 -0.0060981949485872395
leaf_weight=45.426446394296363 13.672384869307285 6.4049849186558268 1.0993390791118138 11.353725028224298 3.3281536635477087 2.8194825323298565 9.6440606006653962 4.9260332835838181 1.831761750858276 8.3292772790882719 2.605733890552079 2.4044176945462805 2.7772603447083375 4.569779135286808 6.0721386843360952 2.6482081031426778 2.5218600300140679 7.4688097683247205 2.1719741411507121 20.039822139544412 5.3879302637651545 93.368674729950726 5.3056839618366212 33.256685697822832 1.8272830042988046 4.6916660738643241 4.8982081979047498 5.8595539155649021 4.2469612723216414 1.9123121718876062 1.5176131448242816 1.984201861079782 2.3433078299276531 1.9373555749189111 1.8765657916665075 4.778453933307901 2.4050088315270841 1.0297209073323759 2.129670238122344 1.981556679587811 1.9048108665738253 1.4689646158367393 1.5709851314313708
leaf_count=553 89 145 6 272 39 45 194 142 49 194 42 23 49 45 40 32 32 77 24 189 43 910 60 556 19 82 138 171 43 64 43 45 38 55 21 86 37 82 64 48 70 81 56
internal_value=0 -0.00372169 0.00358939 -0.0106821 -0.0210515 -0.0260508 -0.032118 0.0062731 0.0100665 -0.00920812 0.00215658 -0.00861046 -0.0181514 -0.0319138 0.00376875 0.00154938 -0.0400764 0.0126991 0.0077641 0.0129405 0.00303852 0.00157925 0.0215887 0.0150395 -0.00330672 0.00211679 0.011857 -0.0148798 -0.0198124 -0.00494492 0.0121782 -0.0143579 0.0136679 0.00225842 -0.0156625 -0.0155435 -0.0225418 -0.0372926 -0.0241101 -0.00800483 -0.0495862 -0.0457569 -0.021144
internal_weight=0 128.285 62.5627 65.7228 27.1454 23.8173 20.9978 58.8626 49.8227 10.161 221.513 28.6969 20.1352 13.8588 192.817 154.659 5.17007 38.1578 32.0856 27.5086 149.489 138.795 10.6936 39.6617 38.5773 29.1218 18.5706 10.5512 9.45552 6.15927 6.27643 9.03991 8.56165 6.21834 3.81392 7.38419 4.57698 3.70005 7.0557 3.49917 6.47459 3.29625 2.60071
internal_count=5093 2576 1339 1237 550 511 466 1195 944 243 2517 520 383 243 1997 1630 64 367 327 266 1566 1463 103 701 687 480 227 253 207 107 140 251 137 99 76 128 61 144 206 91 115 100 138
is_linear=0
shrinkage=0.0472155


Tree=83
num_leaves=20
num_cat=0
split_feature=64 52 45 39 64 64 6 61 54 54 62 15 60 57 27 15 59 63 19
split_gain=1.26415 1.19317 1.04949 2.31806 2.16998 1.14064 1.71272 1.83538 1.58341 1.47632 1.36343 0.695563 0.832211 0.781765 0.477706 0.321881 0.305798 0.496081 0.165565
threshold=100.95000000000002 145.00000000000003 135.00000000000003 6.5000000000000009 15.050000000000002 3.5500000000000003 6.5000000000000009 0.11970149253731341 40.850000000000001 40.050000000000004 6.5000000000000009 18.500000000000004 0.034683239775461054 -6.2499999999999991 8.5000000000000018 5.5000000000000009 -74.999999999999986 12.500000000000002 28.500000000000004
decision_type=2 2 2 2 2 2 2 2 2 2 2 2 2 2 2 2 2 2 2
left_child=1 2 5 4 -4 9 8 -8 -7 10 -1 13 14 -2 -13 -5 17 18 -15
right_child=11 -3 3 15 -6 6 7 -9 -10 -11 -12 12 -14 16 -16 -17 -18 -19 -20
leaf_value=0.0036983458535004132 0.021839950623259038 -0.030234752433648555 -0.0026393585006137419 -0.0015385799153820011 0.051533509968490078 -0.0028294970059531176 -0.027570707127930937 0.017451224010878761 0.014330434752884383 -0.018822944526352997 0.021001194152707198 0.042976786728812826 -0.037310978745322389 -0.034862459556717421 -0.0045789760376215389 -0.039693068591184898 -0.039153977915857813 0.024603324119349665 0.0001514080868257014
leaf_weight=32.537343196570873 0.54841489158570755 2.625442726770415 2.6708195209503156 0.84909864701330695 3.9757411116734147 242.44553916307632 2.1088134697638479 17.605502641759813 12.428566492162643 4.4344394821673623 14.732464540749787 0.84716837294399761 0.5823981538414954 1.019541614456102 0.77568564657121897 1.1968675190582869 3.7396457683062163 0.41792345279827703 0.35179432318545867
leaf_count=207 19 51 25 28 41 3175 49 186 194 30 77 36 75 115 45 46 637 35 22
internal_value=0 0.000451437 0.000709535 0.0167376 0.030161 0.000271815 -0.000938653 0.0124025 -0.00198092 0.00669425 0.0091623 -0.0180298 0.00421118 -0.0260957 0.0216539 -0.0255189 -0.0314881 -0.0130755 -0.0264617
internal_weight=0 337.611 334.985 8.69253 6.64656 326.293 274.588 19.7143 254.874 51.7042 47.2698 8.28257 2.20525 6.07732 1.62285 2.04597 5.52891 1.78926 1.37134
internal_count=5093 4109 4058 140 66 3918 3604 235 3369 314 284 984 156 828 81 74 809 172 137
is_linear=0
shrinkage=0.0472155


Tree=84
num_leaves=46
num_cat=0
split_feature=64 49 60 48 4 17 45 56 38 41 56 31 56 41 56 64 53 49 40 41 57 48 48 59 42 46 46 45 7 64 61 52 55 56 64 40 65 47 40 63 64 47 6 42 58
split_gain=1.14566 1.5092 1.81829 1.32231 1.35176 1.21843 1.19107 1.10916 2.08604 2.1904 3.04141 2.16006 2.84172 2.43207 2.09325 2.41392 2.03415 1.46155 2.79083 2.40326 2.25789 2.31123 2.03085 3.0181 2.30442 1.4039 1.99212 1.51921 1.35935 1.65128 1.01882 1.261 0.97861 1.12799 1.18866 0.666161 0.491411 0.337391 0.310416 0.308419 0.306219 0.503908 0.236577 0.103499 0.09096
threshold=37.45000000000001 0.71825396825396837 0.049238051258369858 2.8500000000000001 2.5000000000000004 1.0000000180025095e-35 8.5000000000000018 0.54195804195804198 4.5000000000000009 2.3500000000000001 0.63068181818181823 3.5000000000000004 0.87083333333333346 1.6500000000000001 0.69615384615384623 4.0500000000000007 6.5000000000000009 0.4494949494949495 36.750000000000007 1.3500000000000003 -2.7499999999999996 0.15000000000000005 1.0500000000000003 250.00000000000003 0.080128205128205107 3.5000000000000004 4.5000000000000009 12.500000000000002 5.5000000000000009 9.8500000000000032 0.30034965034965039 25.000000000000004 1.1500000000000001 0.4330357142857143 55.150000000000013 39.550000000000004 10.500000000000002 39.050000000000004 40.750000000000007 1.5000000000000002 105.45 37.750000000000007 4.5000000000000009 0.080128205128205107 -11.499999999999998
decision_type=2 2 2 2 2 2 2 2 2 2 2 2 2 2 2 2 2 2 2 2 2 2 2 2 2 2 2 2 2 2 2 2 2 2 2 2 2 2 2 2 2 2 2 2 2
left_child=7 2 3 4 5 -2 37 17 14 11 -11 13 -13 -10 15 -9 -12 19 30 20 -1 -22 23 -21 -24 27 -27 -20 -16 -30 31 -19 33 38 -35 -17 -6 -3 -4 -8 -34 -42 43 -5 -41
right_child=1 6 32 42 36 -7 39 8 9 10 16 12 -14 -15 28 35 -18 18 25 22 21 -23 24 -25 -26 26 -28 -29 29 -31 -32 -33 40 34 -36 -37 -38 -39 -40 44 41 -43 -44 -45 -46
leaf_value=0.028857669921257934 0.0047262599862593468 -0.012078744196781066 -0.03451466386905299 -0.0022800388619228502 0.006279939440630212 0.03690424955694345 -0.00011060731656825694 0.010204543653853216 -0.00087789336696053252 0.027795493886697376 0.0042636826981485177 0.027228626666143483 -0.014277122179831523 0.023051547492464564 0.0220217794314778 -0.058594344433183392 -0.041267299264497043 -0.061437916486565831 0.035597390974392094 -0.030259279298934592 -0.010166196116304491 0.0074428955181628223 0.035161331410170138 0.012519962233007085 -0.0049074795848395233 -0.034959459697507404 -0.0030145750553161594 -0.0033507989233674653 -0.034513734405948113 0.015244319954633151 -0.0073609650854414678 -0.015098143834383636 -0.040713064925734281 -0.019610278797931226 0.039317636187979385 -0.020096411067619946 -0.037571716051584277 0.029336598127582093 0 -0.0049672233663692065 0.022068546423998744 -0.032189704520112238 0.0045763649126750634 -0.044329692008219693 -0.039991474185669514
leaf_weight=8.2251165490597469 5.6065318839391747 0.64798035356216022 1.9326512250117942 0.20543398056179185 0.85233674338087384 4.947955837007612 0.54144006071146566 2.3698405399918583 40.652296087704599 3.1773584317415944 3.3707599304616433 23.76910549309105 4.2094404920935622 12.145757256075738 4.7392754992470127 3.353702032007277 5.7819259110838175 3.3598699998110515 3.7879815474152547 14.179741183295848 21.627738188952208 69.545619654469192 3.5834625754505423 4.8071644036099306 21.315996355377138 4.7823905181139699 36.603602511342615 4.9901787098497152 3.041215430945158 2.6019570352509618 2.677059518173337 2.3803578410297632 3.3627505437470973 1.1167503572069111 1.7303614430129526 1.8448922596871851 1.218122436199337 0.77895667683333158 0.84215332358144213 0.26944885356351633 0.47694408264942445 0.75497501261997968 0.27185128489509214 1.0356911827111615 5.3603681357926698
leaf_count=57 257 35 102 9 34 102 43 15 379 30 38 179 53 111 45 50 97 46 24 167 178 564 23 43 267 52 438 45 31 37 24 28 221 37 38 41 103 25 29 34 32 130 21 143 636
internal_value=0 -0.00849103 -0.00265995 0.00824427 0.0133704 0.0202276 -0.0266174 0.000871283 0.00465847 0.00750428 -0.0108944 0.0103382 0.0209111 0.00467265 -0.00999628 -0.0285904 -0.0246644 -0.00121128 -0.00748438 0.00135495 0.00541993 0.00324719 -0.00782214 -0.0193791 0.00103853 -0.00319954 -0.00685324 0.0137514 0.0037462 -0.0116917 -0.0323599 -0.0433465 -0.0176963 -0.00408214 0.0161927 -0.0461521 -0.0201492 0.0108612 -0.024831 -0.0354458 -0.0334576 -0.0105916 -0.0310979 -0.0389683 -0.0386269
internal_weight=0 31.9527 24.3545 14.1379 12.6249 10.5545 7.59819 312.924 111.058 93.1066 12.33 80.7766 27.9785 52.7981 17.9509 7.56843 9.15269 201.866 58.5814 143.285 99.3985 91.1734 43.8864 18.9869 24.8995 50.1642 41.386 8.77816 10.3824 5.64317 8.41729 5.74023 10.2166 5.62192 2.84711 5.19859 2.07046 1.42694 2.7748 6.17126 4.59467 1.23192 1.51298 1.24113 5.62982
internal_count=5093 2031 1258 669 496 359 773 3062 1106 887 165 722 232 490 219 106 135 1956 657 1299 799 742 500 210 290 559 490 69 113 68 98 74 589 206 75 91 137 60 131 713 383 162 173 152 670
is_linear=0
shrinkage=0.0472155


Tree=85
num_leaves=47
num_cat=0
split_feature=41 56 12 0 58 17 55 42 63 49 19 42 0 39 5 6 25 54 52 52 58 29 57 64 63 38 31 58 46 47 54 28 40 56 65 55 3 1 64 61 60 42 63 61 38 15
split_gain=1.09101 2.40069 2.42136 2.19053 2.4472 2.68563 1.69747 1.53042 3.58606 3.16137 2.11495 1.87809 1.72242 1.43755 1.33596 3.26103 2.50852 2.6749 2.82878 1.79461 2.38924 2.20228 3.39038 2.62637 2.58134 1.97764 1.99083 1.44408 1.80787 1.68769 1.38742 1.307 1.56089 1.50862 1.66031 1.43695 1.29414 2.08925 1.24462 0.869849 0.850023 0.461652 0.375122 0.372741 0.350555 0.242913
threshold=1.3500000000000003 0.4494949494949495 1.0000000180025095e-35 7.5000000000000009 17.500000000000004 1.5000000000000002 3.7500000000000004 0.46410256410256417 10.500000000000002 0.4494949494949495 1.0000000180025095e-35 0.39444444444444454 1.0000000180025095e-35 11.500000000000002 1.0000000180025095e-35 1.5000000000000002 1.0000000180025095e-35 37.650000000000013 19.000000000000004 5.5000000000000009 -1.4999999999999998 1.0000000180025095e-35 0.75000000000000011 5.4500000000000011 5.5000000000000009 5.5000000000000009 2.5000000000000004 -1.4999999999999998 4.5000000000000009 38.850000000000001 37.95000000000001 1.0000000180025095e-35 37.150000000000013 0.2817460317460318 9.5000000000000018 1.1500000000000001 1.5000000000000002 1.5000000000000002 3.8500000000000001 0.16433463796477493 0.066076719164197717 0.6132478632478634 6.5000000000000009 0.18635759388501164 25.000000000000004 2.5000000000000004
decision_type=2 2 2 2 2 2 2 2 2 2 2 2 2 2 2 2 2 2 2 2 2 2 2 2 2 2 2 2 2 2 2 2 2 2 2 2 2 2 2 2 2 2 2 2 2 2
left_child=14 2 31 4 5 -4 7 8 9 -3 12 -10 -9 -12 15 16 27 18 -18 20 40 25 24 -24 -23 30 -27 28 -1 -29 -21 33 -33 34 -2 -35 -22 -38 -17 -19 -16 -34 43 -8 -40 -44
right_child=1 6 3 -5 -6 -7 42 10 11 -11 13 -13 -14 -15 19 38 17 39 -20 21 36 22 23 -25 -26 26 -28 29 -30 -31 -32 32 41 35 -36 -37 37 -39 44 -41 -42 -43 45 -45 -46 -47
leaf_value=-0.030108237999816725 0.012289414260710048 0.043693408944093383 -0.044416374926943419 0.016659714595631658 0.012384799042410258 -0.0090055185392193433 0.013746673531386863 -0.051711277425295923 -0.045504912426954924 3.8097458602125532e-06 0.009422216737216639 0.022041288118744659 0.0017204313286941905 -0.013509242614884395 0.046728880847844753 0.002532943953830026 -0.030653899696203187 -0.010593006224406634 0.019657644396325353 -0.040278650646090618 0.024744360242684855 -0.00048351369928787541 0.024140138081000809 -0.0091594742913854964 -0.038567382337208439 0.0023613292273252217 0.021281838174834467 0.012955397476957878 0.0013597059246456961 -0.0076885756095435671 0.00085570114391485621 0.022480618048055141 -0.040596581530799904 -0.0011625355527626043 -0.028607503894021898 -0.044343057486199829 -0.023101379984500823 0.013803755950954311 -0.058779743044301565 -0.050673682585115898 0.019103001980851995 -0.0060179966989227906 -0.015295197710030115 -0.029281846681100891 -0.024177092030542399 -0.056608225729257125
leaf_weight=5.1800815956667092 20.8514345092699 9.0641666876617837 12.911844220710927 2.9745473549701265 3.1879461591597638 7.7671655949670813 0.69062295206822388 2.8163308331277213 2.6313955350778993 6.1992890376131973 25.785525176674128 1.2207412563730029 2.3825412590522319 7.78125462506432 5.15111255599186 1.3305003438144911 4.0618826528079826 1.8247345348354418 5.8692629830911756 2.7129881419241419 5.1349240350537029 6.7900706806685802 9.3188764899969119 11.713655611732973 9.5046591917052847 26.519571595243178 23.333122984622605 38.559963999083266 16.763073972193524 11.264263255987315 4.880328600294888 1.3039237295743067 3.8606073092669249 5.0464829374104729 2.2988785060588262 2.4632949564838782 6.0172953018918616 7.4542041146196425 2.8222478437237442 4.5791992698796093 5.647833047201857 1.2394603390712289 0.72819086024537671 0.76240523322485387 1.4132325584068892 1.0535900775576008
leaf_count=62 216 85 313 46 38 153 33 87 78 136 476 21 71 241 35 10 44 41 41 54 43 74 51 212 138 294 205 374 222 184 105 15 85 68 157 101 61 75 65 67 37 45 31 29 23 51
internal_value=0 -0.00351291 -0.00990156 -0.020655 -0.0254199 -0.0313341 0.00316598 0.00506847 0.0159363 0.0261919 -0.00032148 -0.0239113 -0.0278458 0.00404471 0.00201725 -0.00223295 6.48544e-06 -0.0165842 -0.00103055 0.00522702 0.015384 0.00204624 -0.00685411 0.00564156 -0.0229108 0.00784398 0.0112733 0.00382286 -0.00621913 0.0082647 -0.0143342 -0.00203612 -0.0211426 0.00203106 0.00801632 -0.0160978 0.00498643 -0.0027181 -0.0367124 -0.0399371 0.0328747 -0.0327942 -0.0291986 -0.00915414 -0.0487984 -0.0429332
internal_weight=0 125.022 63.9056 26.8415 23.867 20.679 61.1161 57.8812 19.1156 15.2635 38.7657 3.85214 5.19887 33.5668 217.847 93.6684 88.1025 16.3351 9.93115 124.179 29.4054 94.7733 37.3273 21.0325 16.2947 57.446 49.8527 71.7674 21.9432 49.8242 7.59332 37.0641 6.40399 30.6601 23.1503 7.50978 18.6064 13.4715 5.56598 6.40393 10.7989 5.10007 3.23481 1.45303 4.23548 1.78178
internal_count=5093 2576 1237 550 504 466 1339 1195 320 221 875 99 158 717 2517 1133 1035 193 85 1384 251 1133 475 263 212 658 499 842 284 558 159 687 145 542 373 169 179 136 98 108 72 130 144 62 88 82
is_linear=0
shrinkage=0.0472155


Tree=86
num_leaves=45
num_cat=0
split_feature=41 56 12 52 64 6 58 47 60 60 3 48 47 27 47 61 52 38 31 64 4 7 19 63 65 64 7 47 19 60 63 61 4 42 48 39 55 58 27 46 40 65 46 49
split_gain=1.42811 2.4351 2.69071 2.29185 2.35528 1.97113 1.93677 1.91857 3.3007 3.19649 2.89768 2.68593 2.63189 1.81858 1.44621 1.34744 2.85384 2.2295 1.81489 1.82115 1.92212 1.8409 3.45309 3.2675 1.65252 1.76525 1.63361 1.59241 1.35943 1.26884 1.28007 1.21297 1.1345 2.2136 2.21064 1.63072 1.41479 1.34636 1.0279 1.00279 0.762117 0.62499 0.573856 0.102537
threshold=1.3500000000000003 0.4494949494949495 1.0000000180025095e-35 5.5000000000000009 8.4500000000000011 6.5000000000000009 -10.499999999999998 38.050000000000004 0.11869703389830506 0.085801928133216465 24.500000000000004 2.7500000000000004 39.850000000000001 13.500000000000002 39.350000000000001 0.1329931972789116 45.000000000000007 5.5000000000000009 7.5000000000000009 2.5500000000000003 1.0000000180025095e-35 4.5000000000000009 5.5000000000000009 5.5000000000000009 1.5000000000000002 3.9500000000000006 39.500000000000007 36.45000000000001 10.500000000000002 0.063914893617021268 3.5000000000000004 0.091431556948798315 1.0000000180025095e-35 0.44097222222222227 1.0500000000000003 11.500000000000002 3.4500000000000006 2.5000000000000004 3.5000000000000004 10.500000000000002 39.250000000000007 7.5000000000000009 6.5000000000000009 0.48529411764705882
decision_type=2 2 2 2 2 2 2 2 2 2 2 2 2 2 2 2 2 2 2 2 2 2 2 2 2 2 2 2 2 2 2 2 2 2 2 2 2 2 2 2 2 2 2 2
left_child=15 2 32 13 14 -6 41 9 12 10 -8 -11 -9 43 -5 16 17 31 19 20 -17 23 -23 -21 -20 -26 -27 -19 -29 30 -18 38 33 34 -2 -35 37 -34 -1 -33 -32 -3 -10 -4
right_child=1 6 3 4 5 -7 7 8 42 11 -12 -13 -14 -15 -16 18 29 27 24 21 -22 22 -24 -25 25 26 -28 28 -30 -31 40 39 36 35 -36 -37 -38 -39 -40 -41 -42 -43 -44 -45
leaf_value=-0.04275215034339197 -0.01057939015301115 -0.062546457625843516 -0.058004642916337106 -0.011063981036701309 -0.038301637227157362 0.022133672734500062 0.014810155745989744 0.011558787818830525 0.05654637978554284 -0.044632072960559453 -0.047705391238281783 0.013786944411321755 -0.023390799226122892 -0.0010641699759942316 0.025665645775165679 -0.0032285954082514013 0.017359418329539689 -0.0022842495043439329 -0.010261651531592296 -0.014768041666841437 0.036479823846713257 -0.036173739823473362 -0.0046752158527718028 0.00864677523497661 0.046251803715307252 0.022726326479979447 -0.00038889259973627616 0.040559708644373402 0.010227110297425401 0.027517504944231358 -0.033315251426428723 -0.0088787029567199173 -0.0067014117305463101 -0.038536585126635929 0.027871847818263937 0.0087708763350143569 0.027225085476191672 -0.038266854723302768 0.0098526714154752604 0.037449749906088695 5.6568427440484725e-05 -0.008368674889206033 0.024606781240815542 -0.03274011303007298
leaf_weight=2.1506586859468402 4.8631090689450529 1.0976926507428282 5.0939730913378316 5.588623125106098 7.6819780850782973 1.2878537923097608 13.120365665527062 23.775237203342844 3.1503451438620678 6.2412028026301396 1.7123716963687901 2.2992349369451404 5.8305850896285838 1.926523686153814 3.9025410693138838 5.3209426924586278 1.8707877621054629 3.5398630276322391 7.2602563202381125 18.28949115681462 5.2678974829614162 8.9052782724611443 54.432742323493585 47.156422933447175 3.3254292830824879 12.565331087331289 14.528922433732076 12.157025264110418 4.7791199518833301 1.5643564728088666 5.7029468324035406 2.0305545348674063 10.000929497182367 3.5312766828574231 9.7946384979877603 2.7630282298196107 1.6933246679836873 4.243380151456221 1.1723915662150828 1.8218407991807906 2.0073648609686643 0.90468574373517174 2.9309539508540183 1.4304199892794711
leaf_count=70 58 19 97 47 284 27 262 477 15 112 68 18 269 28 24 34 37 48 46 227 29 142 650 477 14 125 172 116 62 15 120 32 201 113 122 62 34 97 32 32 37 53 46 43
internal_value=0 -0.00401584 -0.0104559 -0.0217593 -0.0121821 -0.0292963 0.00271318 0.00432315 0.0111949 -0.00614671 0.00707769 -0.0288694 0.00455706 -0.0419339 0.00416277 0.00232444 0.0102736 0.0183786 0.000570503 -0.00191351 0.0167381 -0.00347273 -0.00920156 0.00207149 0.00974197 0.0145688 0.0103845 0.0262634 0.0322303 -0.00975089 -0.0162867 -0.00412304 -0.00212851 0.00505828 0.0150967 -0.0179945 -0.0115689 -0.0165 -0.0244437 0.0135454 -0.0247366 -0.0410062 0.0423752 -0.0535623
internal_weight=0 124.864 63.8016 26.9119 18.461 8.96983 61.0627 59.0603 35.6871 23.3732 14.8327 8.54044 29.6058 8.45092 9.49116 215.85 38.7969 27.6515 177.053 139.373 10.5888 128.784 63.338 65.4459 37.6799 30.4197 27.0943 20.476 16.9361 11.1455 9.5811 7.17545 36.8897 20.9521 14.6577 6.2943 15.9376 14.2443 3.32305 3.8524 7.71031 2.00238 6.0813 6.52439
internal_count=5093 2576 1237 550 382 311 1339 1267 807 460 330 130 746 168 71 2517 601 392 1916 1559 63 1496 792 704 357 311 297 226 178 209 194 166 687 355 180 175 332 298 102 64 157 72 61 140
is_linear=0
shrinkage=0.0472155


Tree=87
num_leaves=27
num_cat=0
split_feature=25 63 47 48 58 2 1 54 49 56 64 16 65 60 60 60 30 13 7 42 46 46 61 63 56 57
split_gain=1.08995 0.996311 0.993049 1.55316 1.61207 1.65057 1.2331 2.42519 1.29001 1.14802 2.28674 2.28251 2.17654 1.69193 2.97475 2.33785 2.80078 2.18554 2.11709 2.00108 1.51644 1.56746 1.17622 0.74492 0.550549 0.478802
threshold=2.5000000000000004 4.5000000000000009 40.550000000000004 4.7500000000000009 17.500000000000004 1.0000000180025095e-35 5.5000000000000009 38.250000000000007 0.31009615384615391 0.54195804195804198 4.1500000000000012 4.5000000000000009 4.5000000000000009 0.12012658227848101 0.13911657559198543 0.10033557046979867 1.0000000180025095e-35 1.0000000180025095e-35 1.0000000180025095e-35 0.75735294117647067 3.5000000000000004 7.5000000000000009 0.29043156059285097 7.5000000000000009 0.42261904761904762 -1.2499999999999998
decision_type=2 2 2 2 2 2 2 2 2 2 2 2 2 2 2 2 2 2 2 2 2 2 2 2 2 2
left_child=2 -2 9 6 5 23 7 8 -4 13 20 12 -12 15 17 19 -17 -15 -16 -1 -11 -22 -13 -5 -9 -7
right_child=1 -3 3 4 -6 25 -8 24 -10 10 11 22 -14 14 18 16 -18 -19 -20 -21 21 -23 -24 -25 -26 -27
leaf_value=0.00052387337012604613 0.0052195867076481745 -0.042580748456077504 0.01632606333179136 0.037971850191046382 0.034621349352097576 -0.0078565509427455209 0.020977755939223127 -0.04619495671647543 -0.022472044265576207 -0.00096491530362305975 -0.0074943592517531243 -0.044856613874307311 0.0083172587914368407 -0.058028552523328066 0.019029081900627635 0.02398278223766798 -0.022899286801220456 -0.0059636798909266818 -0.011392203983819496 -0.018458190135134993 0.042468707672284216 0.012303445740396809 0.0070885568360784705 -0.011143691748293827 -0.019500414598419093 -0.05676029489764936
leaf_weight=127.07043710572179 1.4884330183267587 2.3491727570071816 4.2639033345040032 1.3574032741598778 3.0546330793295056 0.81393023813143361 1.6381219965405751 5.4616047280142066 3.1780986172379926 6.4327494911849525 28.522205707617104 3.2745993805583558 59.694072315236554 4.3020128421485415 6.8258211165666607 16.358623140491549 3.2709445892833164 3.1264285331126302 18.571511795977131 13.53542216925416 7.0427611097693434 8.8270254135131818 1.2649293590802697 1.108024787623435 3.215437876060605 1.1724106586771084
leaf_count=1609 28 53 58 30 43 20 29 147 90 41 226 98 1393 48 46 150 41 41 181 381 33 56 13 39 140 59
internal_value=0 -0.0244611 0.000294263 -0.00866938 0.009134 -0.00886287 -0.0162471 -0.0202545 -0.000293397 0.00103582 0.00476649 0.00148175 0.00319299 -0.0011865 -0.0109233 0.000813888 0.0160047 -0.0368427 -0.00311656 -0.00131952 0.0182809 0.0260479 -0.0305193 0.0163778 -0.0369571 -0.0392797
internal_weight=0 3.83761 333.383 25.2636 7.5064 4.45177 17.7572 16.119 7.442 308.12 115.058 92.7558 88.2163 193.061 32.8258 160.235 19.6296 7.42844 25.3973 140.606 22.3025 15.8698 4.53953 2.46543 8.67704 1.98634
internal_count=5093 81 5012 655 191 148 464 435 148 4357 1860 1730 1619 2497 316 2181 191 89 227 1990 130 89 111 69 287 79
is_linear=0
shrinkage=0.0472155


Tree=88
num_leaves=29
num_cat=0
split_feature=54 47 54 61 45 61 61 61 39 47 57 39 60 55 61 7 7 58 64 46 46 63 17 58 46 61 3 38
split_gain=1.07881 2.40836 2.11753 2.32193 2.54028 1.99976 3.02621 2.55508 2.50663 2.066 1.98425 1.98094 1.72215 1.91904 1.5805 1.52502 2.01734 1.89203 1.50649 1.37321 1.56936 1.31582 1.25193 0.781895 0.729145 0.490324 0.675103 0.301392
threshold=36.250000000000007 38.45000000000001 36.45000000000001 0.32334567762690308 35.000000000000007 0.24754878400461403 0.30915071770334934 0.23381860075408459 8.5000000000000018 37.45000000000001 -1.2499999999999998 3.5000000000000004 0.19082633053221285 0.55000000000000016 0.40121951219512203 61.500000000000007 36.500000000000007 -2.4999999999999996 2.8500000000000001 3.5000000000000004 9.5000000000000018 8.5000000000000018 1.0000000180025095e-35 1.5000000000000002 8.5000000000000018 0.1329931972789116 10.500000000000002 19.000000000000004
decision_type=2 2 2 2 2 2 2 2 2 2 2 2 2 2 2 2 2 2 2 2 2 2 2 2 2 2 2 2
left_child=1 5 3 4 -2 7 22 8 11 -10 21 -1 14 -14 15 16 -4 -17 -12 -8 -21 -3 27 -24 -15 -20 -27 -7
right_child=2 10 12 -5 -6 6 19 -9 9 -11 18 -13 13 24 -16 17 -18 -19 25 20 -22 -23 23 -25 -26 26 -28 -29
leaf_value=-0.008563950271592324 -0.027467701213304264 0.023843526002076045 0.00085856759091294246 0.054879452626118201 0.034960618650248847 -0.061289109437615896 -0.020741922636257865 0.03615285242538363 -0.039193743836777324 0.01486978400528092 0.010129871502418611 0.017951863219739593 0.0094063676272881109 -0.01851254576705565 -0.03943601437363748 0.014272319219561368 0.013894260837442876 -0.024763076598459052 -0.01122059278716004 0.02895386131070269 -0.0110594310242366 -0.026682826305233602 -0.030069410293828119 0.0086370431941581293 -0.055553309882265943 -0.06263024715320524 -0.026967006403100593 -0.030736169766752346
leaf_weight=10.230946447700264 2.6388754297513497 2.5130176865495732 201.51471117406618 3.2087278764229268 2.8271764307282865 2.6338662235066312 3.7262820738833389 5.0282357826363286 5.1934541719965628 2.1002796536777169 1.219931447878478 15.670868074754251 2.9650840526446682 2.7749816970899701 1.926388463936745 3.7101618526503435 30.3228437009966 9.5734556808602047 1.0161406204570083 5.209623556584118 3.523732069064863 1.8294357036938889 2.5885619490873069 1.8655070057138798 2.4541758941486478 3.7390797671396285 2.4320842676097527 2.0252949451096356
leaf_count=109 54 38 3176 17 29 45 40 38 197 42 12 182 23 27 23 55 392 168 48 43 36 29 43 24 39 72 60 32
internal_value=0 -0.00509225 0.00140222 0.0241098 0.00479002 -0.00108294 -0.0125288 0.00538774 0.000543071 -0.0235556 -0.0235767 0.00746641 0.000611947 -0.0204483 0.00132709 0.00167799 0.00257553 -0.0137685 -0.0367421 0.00259494 0.0128366 0.00220499 -0.0329349 -0.0140046 -0.0372527 -0.0448374 -0.0498086 -0.0497357
internal_weight=0 72.5463 263.917 8.67478 5.46605 59.7967 21.5729 38.2238 33.1955 7.29373 12.7497 25.9018 255.242 8.19424 247.048 245.121 231.838 13.2836 8.40724 12.4596 8.73336 4.34245 9.11323 4.45407 5.22916 7.1873 6.17116 4.65916
internal_count=5093 1090 4003 100 83 831 263 568 530 239 259 291 3903 89 3814 3791 3568 223 192 119 79 67 144 67 66 180 132 77
is_linear=0
shrinkage=0.0472155


Tree=89
num_leaves=25
num_cat=0
split_feature=64 59 59 40 53 64 42 26 16 63 56 60 25 59 49 64 15 60 57 27 59 63 19 57
split_gain=0.98552 0.884825 1.03987 2.14668 2.44058 2.38772 2.24352 1.94744 1.82169 1.78093 2.51429 2.50652 2.17185 1.83647 1.39178 1.35874 0.734764 0.784882 0.609266 0.40503 0.242701 0.419521 0.177253 0.0701928
threshold=100.95000000000002 -1284.9999999999998 -1.0000000180025095e-35 39.250000000000007 9.5000000000000018 8.1500000000000004 0.25833333333333336 1.0000000180025095e-35 2.5000000000000004 4.5000000000000009 0.37980769230769235 0.099751243781094526 1.5000000000000002 -74.999999999999986 0.53589743589743599 19.450000000000003 18.500000000000004 0.034683239775461054 -6.2499999999999991 8.5000000000000018 -74.999999999999986 12.500000000000002 28.500000000000004 -3.2499999999999996
decision_type=2 2 2 2 2 2 2 2 2 2 2 2 2 2 2 2 2 2 2 2 2 2 2 2
left_child=1 -1 9 6 15 -6 8 -8 -4 10 11 -3 13 -11 -12 -5 18 19 -2 -18 21 22 -20 -22
right_child=16 2 3 4 5 -7 7 -9 -10 12 14 -13 -14 -15 -16 -17 17 -19 20 -21 23 -23 -24 -25
leaf_value=-0.026180080022181858 0.018719576279586519 -0.010582837684895034 -0.0036783800503517321 -0.023323463332621405 0.017301938893348034 -0.014243677561315785 0.0014946990123663926 0.016787121290879302 -0.031760227708053902 0.00030163102014132254 0.038250522870119048 0.025331078350057594 -0.036944570901993594 0.03233302687528293 0.011196408560330993 -0.0011493993794430444 0.04241704568447939 -0.035722210830386271 -0.034834298505300829 -0.0020520626350962355 -0.0067513261520099014 0.023407053899736702 0.00059923038044835052 -0.039636608694427665
leaf_weight=2.5927555123344055 0.5010420677717774 13.319159459322693 32.144130426459014 24.138914033770561 11.504118451848628 9.686221023090182 77.724272838095203 24.281208940315992 5.9911433798260978 86.447460650466383 9.0843752380460518 6.2039845632389179 3.1709891159553072 4.0109637640416613 8.3502990975975973 8.3599004088900966 0.84927059628535084 0.53269734163768578 0.9361116428626699 0.74847883195616305 0.28622760309372086 0.37059708591550578 0.38173326186370105 3.1136456774547692
leaf_count=32 19 149 345 324 81 363 958 244 75 907 66 46 55 22 119 323 36 75 115 45 34 35 22 603
internal_value=0 0.000397758 0.000626165 -0.00156525 -0.00957837 0.00285344 0.00150815 0.00516373 -0.00823195 0.00388156 0.0126319 0.000920598 0.000403569 0.00178876 0.0255698 -0.017676 -0.0164842 0.00649663 -0.0252871 0.0230747 -0.0302217 -0.0130441 -0.0252705 -0.0375151
internal_weight=0 327.01 324.417 193.83 53.6892 21.1903 140.141 102.005 38.1353 130.587 36.9578 19.5231 93.6294 90.4584 17.4347 32.4988 7.7198 2.13045 5.58936 1.59775 5.08832 1.68844 1.31784 3.39987
internal_count=5093 4109 4077 2713 1091 444 1622 1202 420 1364 380 195 984 929 185 647 984 156 828 81 809 172 137 637
is_linear=0
shrinkage=0.0472155


Tree=90
num_leaves=29
num_cat=0
split_feature=54 28 54 59 40 61 63 38 60 64 61 56 55 23 5 54 22 54 40 63 31 61 41 49 55 38 40 60
split_gain=1.10172 4.50398 3.07898 2.09521 1.25249 1.63926 2.06374 1.43897 1.29187 2.30686 2.12461 1.99474 1.88415 1.85292 1.59665 1.59522 1.54121 1.17662 1.12554 1.20251 1.05652 1.07717 0.869408 0.77559 0.677289 0.442929 0.349628 0.0667397
threshold=40.050000000000004 2.5000000000000004 40.350000000000001 -184.99999999999997 14.050000000000002 0.25543735224586289 9.5000000000000018 9.5000000000000018 0.12074751214996526 1.9500000000000002 0.32658188903702184 0.5590277777777779 3.0500000000000003 1.5000000000000002 1.0000000180025095e-35 36.850000000000001 1.0000000180025095e-35 13.350000000000003 38.050000000000004 3.5000000000000004 3.5000000000000004 0.16879058441558445 0.35000000000000003 0.18465909090909091 4.6500000000000012 8.5000000000000018 37.650000000000013 0.011050061050061002
decision_type=2 2 2 2 2 2 2 2 2 2 2 2 2 2 2 2 2 2 2 2 2 2 2 2 2 2 2 2
left_child=4 2 20 -4 5 6 7 27 12 -10 11 -11 13 14 -6 -12 -15 -8 22 -20 25 -22 -5 -7 26 -2 -14 -1
right_child=1 -3 3 18 8 23 17 -9 9 10 15 -13 24 16 -16 -17 -18 -19 19 -21 21 -23 -24 -25 -26 -27 -28 -29
leaf_value=-0.026955917096310653 -0.020878319498629314 -0.073453691506467161 0.041246710908898178 0.0323691009198648 0.00027014349260707918 -0.014031130043792334 0.036467027526939692 0.0087697151272680008 0.039490541216643908 -0.036318826383242409 0.014078245915221612 -0.00066578411528187432 -0.0075058430180336725 -0.0057499715158816156 0.0083047807804124633 -0.0087055320931943708 -0.047142053901881552 -0.0047445757122952931 -0.035098648896420455 -0.0012148626358078783 0.016711947304497592 -0.036428483764707885 -0.00051626983746602066 -0.055235886440731657 -0.0023981072378563444 -0.059677044010253553 -0.051451604590696129 -0.053431793888115447
leaf_weight=1.1419281598646178 1.3261019000783592 2.0286792528349897 2.861400979687466 3.1035702440422019 102.14657237293432 2.1668603417929253 2.9273438872769475 1.6344251688569782 2.2255661860108367 8.9459820892661792 10.370865636039527 5.7464507492259136 0.62628599000163321 12.659419526346026 120.10188062908128 19.363935301546007 2.2369562531821421 2.9565936260623857 2.8173654428683212 10.892410280299371 1.572902979096398 1.4851678360719232 3.8577620331197977 2.1824762274045497 1.557132152142003 2.3871956340735778 1.9418987178942186 1.6920645246282218
leaf_count=27 39 20 36 38 1568 20 19 21 16 116 80 86 16 226 1617 185 58 44 79 345 35 28 63 38 41 74 117 41
internal_value=0 -0.00826008 -0.00347771 0.00461958 0.000886776 -0.0124685 -0.00200602 -0.0257124 0.00157812 -0.00559571 -0.00801491 -0.0225899 0.00297101 0.00353263 0.00461804 -0.00070153 -0.012484 0.0161133 -0.000723291 -0.00857928 -0.0311186 -0.00947099 0.0144888 -0.0361875 -0.0279935 -0.0475511 -0.0421334 -0.0451672
internal_weight=0 32.3326 30.3039 23.5325 302.625 14.7017 10.3524 4.46842 287.923 46.6528 44.4272 14.6924 241.27 237.145 222.248 29.7348 14.8964 5.88394 20.6711 13.7098 6.77137 3.05807 6.96133 4.34934 4.12532 3.7133 2.56818 2.83399
internal_count=5093 757 737 561 4336 210 152 89 4126 483 467 202 3643 3469 3185 265 284 63 525 424 176 63 101 58 174 113 133 68
is_linear=0
shrinkage=0.0472155


Tree=91
num_leaves=21
num_cat=0
split_feature=64 52 54 45 55 59 61 11 61 5 15 60 57 55 38 59 60 61 3 39
split_gain=0.867644 1.00165 0.835476 0.865328 2.60317 1.85449 1.72842 1.23632 2.00399 1.08852 0.723326 0.857997 0.602792 0.391907 0.352442 0.216091 0.3563 0.30581 0.0171851 0.00724412
threshold=100.95000000000002 145.00000000000003 44.100000000000009 4.5000000000000009 1.1500000000000001 -134.99999999999997 0.19707639778062308 1.5000000000000002 0.2745606014426496 1.0000000180025095e-35 18.500000000000004 0.034683239775461054 -6.2499999999999991 1.0500000000000003 95.000000000000014 -74.999999999999986 0.048695799457994557 0.19933774834437087 1.0000000180025095e-35 7.5000000000000009
decision_type=2 2 2 2 2 2 2 2 2 2 2 2 2 2 2 2 2 2 2 2
left_child=1 2 3 4 5 -1 -6 9 -9 -5 12 13 -2 -12 -15 16 19 -18 -17 -14
right_child=10 -3 -4 7 6 -7 -8 8 -10 -11 11 -13 15 14 -16 18 17 -19 -20 -21
leaf_value=0.021309043574118863 0.018378335469229481 -0.028544562762323662 0.027918842876539701 -0.00088033702759140727 -0.001826592321694024 -0.0050023992827323213 -0.048350410145395671 -0.019387101504643876 0.012826931273119733 0.0053671058538536324 0.041606443357373811 -0.036939683739941984 -0.0097999667548776606 -0.02791459583787163 0.026465427510048524 -0.018983766168546169 0.028863852981380989 -0.01808964277644071 -0.040148493427809323 -0.037889125940443254
leaf_weight=6.9413522335235021 0.52423268696293224 2.4723269217647603 2.3046578774228683 118.45311720203608 2.9315450927242628 36.904222265817225 4.5371358133852482 14.118856498040261 5.9931190460920325 130.23187224729918 0.92834481108002387 0.54585892672184844 0.25582700781524159 0.38743604673072696 0.32610052055679262 0.747076475177891 0.46602866449393332 0.42056423146277666 2.5260444545419887 0.55871101014781743
leaf_count=50 19 51 20 1608 38 367 56 277 76 1566 17 75 25 53 11 128 28 38 509 81
internal_value=0 0.00037484 0.000613971 0.000400218 -0.00520494 -0.000754079 -0.0306339 0.00147536 -0.009728 0.00239021 -0.0154996 0.0068534 -0.0244444 0.0239249 -0.00201643 -0.0295544 -0.0132936 0.00667165 -0.0367142 -0.0330145
internal_weight=0 324.888 322.416 320.111 51.3143 43.8456 7.46868 268.797 20.112 248.685 7.68622 2.18774 5.49848 1.64188 0.713537 4.97425 1.70113 0.886593 3.27312 0.814538
internal_count=5093 4109 4058 4038 511 417 94 3527 353 3174 984 156 828 81 64 809 172 66 637 106
is_linear=0
shrinkage=0.0472155


Tree=92
num_leaves=40
num_cat=0
split_feature=64 49 60 45 55 49 15 15 61 1 7 6 12 15 42 46 62 49 27 48 52 54 40 4 54 27 15 64 12 57 64 52 40 49 63 40 58 64 46
split_gain=0.924607 1.15538 1.32668 1.19189 1.15367 1.34957 1.13457 3.23295 2.6006 2.34368 2.00301 3.45404 1.92921 1.91097 1.74968 1.72522 1.9235 1.62364 1.61865 1.74467 3.49482 2.54144 1.6643 2.13151 2.01848 1.5248 1.00148 1.60382 1.53705 0.92626 0.784104 0.766881 0.619927 0.424765 0.383585 0.170074 0.0953402 0.0685775 0.194153
threshold=37.45000000000001 0.71825396825396837 0.054869787746500059 8.5000000000000018 0.95000000000000007 0.4330357142857143 8.5000000000000018 12.500000000000002 0.10056179775280898 2.5000000000000004 36.500000000000007 1.0000000180025095e-35 1.5000000000000002 34.500000000000007 0.36931818181818182 5.5000000000000009 7.5000000000000009 0.64495798319327746 2.5000000000000004 0.55000000000000016 2.5000000000000004 36.050000000000004 38.250000000000007 1.0000000180025095e-35 37.45000000000001 2.5000000000000004 3.5000000000000004 91.750000000000014 5.5000000000000009 -1.0000000180025095e-35 51.150000000000013 55.000000000000007 40.45000000000001 0.91987179487179505 1.5000000000000002 35.45000000000001 -11.499999999999998 76.000000000000014 5.5000000000000009
decision_type=2 2 2 2 2 2 2 2 2 2 2 2 2 2 2 2 2 2 2 2 2 2 2 2 2 2 2 2 2 2 2 2 2 2 2 2 2 2 2
left_child=6 2 26 33 5 32 12 10 9 -9 11 17 18 -11 -13 16 -10 -8 19 20 -1 -21 24 -24 -20 -17 27 30 31 -14 -2 -28 -4 -3 -5 -29 -36 -6 -39
right_child=1 3 4 34 37 -7 7 8 15 13 -12 14 29 -15 -16 25 -18 -19 22 21 -22 -23 23 -25 -26 -27 28 35 -30 -31 -32 -33 -34 -35 36 -37 -38 38 -40
leaf_value=0.013422036776324264 0 -0.010183995885076408 -0.034018878813506952 0.0022415240629394969 -0.04088880664697922 0.028274865056315972 0.031276843558911124 0.036884514531043654 -0.0012138524662817427 -0.032390478579885147 0.037902088737473354 0.0075227993349935547 -0.0077805729468081166 0.025636631912437275 -0.027606837765711482 -0.027318369316515351 0.027793756068604587 0 -0.022866566832747782 -0.012404857728393084 -0.016982691067396794 0.0071139690819070995 -0.048356332866946558 -0.0049739014416609094 0.027108195897520709 -0.0055120059119128581 -0.029158682474775297 0.0058440130136848886 0.034471118283859389 -0.043277626782467798 0.041355482959482374 0.0037283968327409553 0.012199822303670747 0.036707365416898001 -0.0036142873205147383 -0.031901868066094075 -0.038687417633690359 0.0043446121675206001 -0.030204146343510291
leaf_weight=12.005608301609753 1.3813606165349535 0.72976919030770548 2.05082194902934 0.5550228739157318 2.5042932915966958 1.919763562036678 13.748814988881355 7.005824023857711 34.662708524614573 2.5586145631968975 7.1496903877705327 6.5784203261136991 3.3452481562271714 2.178422998636961 5.7732865936122835 9.3544936683028919 5.7904826030135146 5.0659441575407973 3.2525234753266004 17.559208563528955 27.182345105335116 91.696909055113792 4.8796292133629304 5.208023770712316 3.6191675569862127 29.635094945784658 3.6708047013962641 0.24237451679073263 1.5442512128502128 3.3382365554571143 3.9165286389179528 2.5692785704741254 0.78192152711562801 0.66762894159182906 0.26066357851959665 1.0700234720716251 4.9844376317341821 0.40061087440699328 1.1638224070193244
leaf_count=86 40 44 85 43 168 49 96 55 302 40 45 56 38 24 85 126 37 55 36 195 271 922 78 75 28 366 284 16 33 46 84 139 22 16 34 142 636 15 181
internal_value=0 -0.00782202 -0.00259883 -0.0241202 -0.0168584 -0.000714952 0.000792883 0.0041298 -0.000705722 0.019857 0.0156051 0.0102864 -0.00171616 -0.00561125 -0.00900178 -0.0037903 0.00302425 0.0229492 -0.000693926 0.000886991 -0.00763322 0.00395625 -0.014437 -0.0264888 0.00338184 -0.0108591 0.00619282 0.0194865 -0.00519496 -0.0262568 0.0309712 -0.0157848 -0.0210786 0.0134002 -0.0333958 -0.0246288 -0.0372367 -0.0347553 -0.0214385
internal_weight=0 30.4134 23.2159 7.19752 8.82123 4.75251 301.589 129.502 91.1856 11.7429 38.3162 31.1665 172.087 4.73704 12.3517 79.4428 40.4532 18.8148 165.403 148.444 39.188 109.256 16.9593 10.0877 6.87169 38.9896 14.3946 6.61029 7.78433 6.68348 5.29789 6.24008 2.83274 1.3974 5.80012 1.3124 5.2451 4.06873 1.56443
internal_count=5093 2031 1258 773 520 156 3062 1287 950 119 337 292 1775 64 141 831 339 151 1691 1474 357 1117 217 153 64 492 738 282 456 84 124 423 107 60 713 158 670 364 196
is_linear=0
shrinkage=0.0472155


Tree=93
num_leaves=30
num_cat=0
split_feature=47 31 31 25 52 38 39 40 7 50 56 64 24 64 47 42 54 47 11 64 53 58 49 7 3 58 40 64 16
split_gain=1.09387 2.23676 2.67373 2.49422 1.8361 2.0998 1.38354 2.24329 1.25963 1.12706 1.71759 2.70914 1.5115 1.5051 1.50277 1.88487 1.37801 2.2093 1.2937 1.16943 1.29487 0.659524 0.645447 0.818363 0.611673 0.570895 0.547434 0.505872 0.321717
threshold=36.150000000000013 7.5000000000000009 11.500000000000002 1.0000000180025095e-35 85.000000000000014 4.5000000000000009 3.5000000000000004 36.650000000000013 5.5000000000000009 -1.0000000180025095e-35 0.080128205128205107 14.350000000000003 2.5000000000000004 22.350000000000005 39.250000000000007 0.24264705882352941 36.050000000000004 37.050000000000004 1.5000000000000002 7.0500000000000007 2.5000000000000004 1.5000000000000002 0.42261904761904762 9.5000000000000018 53.500000000000007 -1.4999999999999998 40.750000000000007 8.4500000000000011 2.5000000000000004
decision_type=2 2 2 2 2 2 2 2 2 2 2 2 2 2 2 2 2 2 2 2 2 2 2 2 2 2 2 2 2
left_child=1 4 -3 28 5 8 21 -8 27 14 11 19 16 -13 22 -16 17 -12 -18 20 -11 -7 -2 -24 -14 -6 -15 -1 -4
right_child=9 2 3 -5 25 6 7 -9 -10 10 12 13 24 26 15 -17 18 -19 -20 -21 -22 -23 23 -25 -26 -27 -28 -29 -30
leaf_value=0.024139118638815162 0.0077850495140781868 0.036683374312782902 -0.016939407348077484 0.02383339879303702 0.035318302034031239 -0.054414130456099497 -0.034965028885732732 -0.003221667545310173 -0.021161933614713271 -0.035061890899168731 0.011727642977615601 0.031368978788899195 0.036431502211757616 -0.035835986583607947 0.02288985477276103 -0.046126134620926448 0.002967926485871881 -0.024391050303067516 -0.010522123918936687 -0.048950811085574489 0.00038542855499053372 -0.022104086636454957 0.049571913171189572 0.012449830943112538 0.0057149556730723295 0.00032058227141893553 0.013555453215956441 0 -0.050051821322466779
leaf_weight=4.2752127870917302 3.4861792915035021 5.2043206377420557 1.5363260214217009 2.6532156572211534 2.0047633883077651 3.3932664038147804 7.7435929174535003 13.54501834977418 3.1019045205321163 4.1083295401185769 5.570596388308334 3.5666144127026191 3.6118073749821624 1.2404521268326787 1.5800769526977085 1.6070714439265428 207.18980928743258 10.899883100180885 16.972560195834376 3.3701285021379581 4.8701241724193096 3.1369588698726147 3.2014183908468112 2.5211981569882482 2.5495277480222285 2.0639534362126133 0.63431436847895373 3.344064241508022 1.6936124467756597
leaf_count=27 35 57 19 30 21 38 121 263 45 34 66 27 35 62 12 55 3189 209 351 53 36 26 30 38 36 50 28 54 46
internal_value=0 -0.00615628 0.0125704 -0.00909715 -0.0110759 -0.0142804 -0.0210901 -0.0149892 0.00338465 0.00119661 0.000537416 -0.0135549 0.00156475 0.0138197 0.0150119 -0.0123078 0.000961852 -0.0121414 0.00193623 -0.0256937 -0.0161241 -0.0399719 0.0245893 0.0341817 0.0243322 0.0184628 -0.0190788 0.0137117 -0.0361723
internal_weight=0 53.6962 11.0875 5.88315 42.6087 38.54 27.8188 21.2886 10.7212 276.98 264.584 17.79 246.794 5.44138 12.3959 3.18715 240.633 16.4705 224.162 12.3486 8.97845 6.53023 9.2088 5.72262 6.16134 4.06872 1.87477 7.61928 3.22994
internal_count=5093 797 152 95 645 574 448 384 126 4296 4126 240 3886 117 170 67 3815 275 3540 123 70 64 103 68 71 71 90 81 65
is_linear=0
shrinkage=0.0472155


Tree=94
num_leaves=32
num_cat=0
split_feature=25 60 3 15 7 56 45 48 49 5 6 41 27 60 3 15 60 63 54 12 15 2 64 55 54 39 55 64 45 62 15
split_gain=0.973273 1.05907 1.93604 2.69964 2.68889 2.13813 1.76702 1.66138 1.48997 1.4364 1.91866 1.98762 1.79629 2.1482 2.13328 2.32947 1.97586 1.93245 1.42986 1.41878 3.70331 1.87387 1.41679 1.39347 1.30837 1.12995 0.863728 0.779291 0.757421 0.360746 0.28843
threshold=2.5000000000000004 0.11549577590040011 5.5000000000000009 18.500000000000004 2.5000000000000004 0.2752525252525253 13.500000000000002 0.45000000000000007 0.53589743589743599 1.0000000180025095e-35 1.5000000000000002 2.1500000000000008 1.0000000180025095e-35 0.093491561890674355 4.5000000000000009 9.5000000000000018 0.066890380313199063 8.5000000000000018 36.650000000000013 2.5000000000000004 21.500000000000004 2.5000000000000004 5.8500000000000005 1.0000000180025095e-35 37.150000000000013 4.5000000000000009 0.45000000000000007 5.2500000000000009 13.500000000000002 5.5000000000000009 39.500000000000007
decision_type=2 2 2 2 2 2 2 2 2 2 2 2 2 2 2 2 2 2 2 2 2 2 2 2 2 2 2 2 2 2 2
left_child=1 9 4 5 6 23 24 -5 25 10 19 28 13 16 17 -16 -11 -14 -7 21 -21 -1 -10 -4 -3 -6 -15 -2 -12 -9 -29
right_child=27 2 3 7 8 18 -8 29 22 12 11 -13 14 26 15 -17 -18 -19 -20 20 -22 -23 -24 -25 -26 -27 -28 30 -30 -31 -32
leaf_value=-0.00074096606100279724 0.0084173180852060003 -0.011795781430277524 0.016497312734072393 0.0020635152072967897 -0.018338878196611827 0.03897891776724087 -0.029839241634359841 -0.052945019651213225 -0.036730243246102572 -0.0010765168417044735 -0.05714703003492521 0.015082379982628754 0.0046986351058288418 0.037512323511736542 -0.006771706158941555 0.010471978680957613 -0.024978816309632598 0.044016163861708306 0.0094396337888217989 -0.044038414566288958 0.0045906703136740119 0.021868071704609509 0.012128553330173326 -0.018412529625212809 0.022511175530634798 -0.056344103050239888 0.0066353317960029098 -0.050149591257335299 -0.020509249837295056 -0.021525307418874578 -0.014332363638968507
leaf_weight=85.981425457983278 1.0899675823748105 3.8129151775501686 3.6274901637807506 3.4744316069409242 3.1012391438707692 5.4907356207259026 3.1636440658476195 2.5025907929521054 2.1634845435619345 28.103783388272859 2.6301858799997708 1.9260287226643411 4.9456896248739195 3.0587625745683891 23.830373618053272 63.852365675382316 10.491415350465102 6.4744116091169417 10.98872898891568 5.5466535931918761 8.8292602585861442 8.8501926079625246 2.878266142681241 7.5530164097435772 6.3930340802762657 4.9257055381312966 5.8213611813262105 1.4861734118312599 2.9878085635136813 1.853772555477917 1.077079956885427
leaf_count=1522 8 37 30 30 34 40 42 44 18 515 63 52 92 20 422 937 155 78 126 115 112 137 45 86 51 46 71 53 60 32 20
internal_value=0 0.00027842 -0.00526602 0.00192786 -0.0148965 0.00888496 0 -0.0222222 -0.0299757 0.00158743 -0.00231429 -0.0250664 0.00469867 -0.00283598 0.0083133 0.00577398 -0.00767405 0.0273727 0.0196268 -0.000699075 -0.0144315 0.00139863 -0.00924244 -0.00694946 0.00964912 -0.0424442 0.0178619 -0.023668 -0.0389821 -0.0410656 -0.0372136
internal_weight=0 325.259 61.9291 35.4908 26.4383 27.66 13.3696 7.83079 13.0687 263.33 116.752 7.54402 146.578 47.4753 99.1028 87.6827 38.5952 11.4201 16.4795 109.208 14.3759 94.8316 5.04175 11.1805 10.2059 8.02694 8.88012 3.65322 5.61799 4.35636 2.56325
internal_count=5093 5012 661 388 273 282 130 106 143 4351 2061 175 2290 761 1529 1359 670 170 166 1886 227 1659 63 116 88 80 91 81 123 76 73
is_linear=0
shrinkage=0.0472155


Tree=95
num_leaves=30
num_cat=0
split_feature=60 55 54 42 48 49 45 40 3 49 57 40 53 27 38 39 63 45 46 41 42 56 58 15 61 38 39 4 61
split_gain=1.19317 2.89845 1.77025 1.46606 2.93291 1.90318 2.18889 2.25359 2.57183 1.83548 2.21429 2.05043 2.03153 1.80127 1.6645 3.22203 2.41721 2.61505 2.18414 2.06923 1.49717 1.14901 2.57986 1.35544 1.06676 0.920198 0.388718 0.435709 0.193891
threshold=0.18237250554323722 1.3500000000000003 37.750000000000007 0.78174603174603186 0.25000000000000006 0.64495798319327746 12.500000000000002 40.550000000000004 24.500000000000004 0.68990384615384626 -2.7499999999999996 38.95000000000001 6.5000000000000009 7.5000000000000009 65.000000000000014 4.5000000000000009 14.500000000000002 11.500000000000002 9.5000000000000018 0.65000000000000002 0.39444444444444454 0.14835164835164832 3.5000000000000004 33.000000000000007 0.28430709802028004 9.5000000000000018 8.5000000000000018 1.0000000180025095e-35 0.15643825301204822
decision_type=2 2 2 2 2 2 2 2 2 2 2 2 2 2 2 2 2 2 2 2 2 2 2 2 2 2 2 2 2
left_child=3 2 -2 5 26 14 7 8 -7 10 24 12 -11 -12 16 20 18 -18 -1 -17 -16 22 -8 -23 -6 -13 -5 -28 -9
right_child=1 -3 -4 4 9 6 21 28 -10 11 13 25 -14 -15 15 19 17 -19 -20 -21 -22 23 -24 -25 -26 -27 27 -29 -30
leaf_value=-0.0031718147743721044 0.014925684844263994 -0.042649734205184343 -0.024783959475635504 -0.055789382065209558 -0.0031991303040043249 0.015777742999390536 -0.027936890545752175 -0.011929762957790755 -0.025797506037411794 -0.01365038488297571 -0.02610210749786919 0.0027968622614952502 0.023279593153305404 0.011456955187725666 0.017201769311046514 -0.043102917534416606 -0.0023563656735949008 0.034296284923248398 0.0094075820525549025 0.0070128125645910347 0.050398787671117835 -0.024749236611062011 0.044711201701290643 0.0095745717495181824 0.042159000775917471 -0.03127063041181468 0 -0.042081221855912308 -0.042296731974351867
leaf_weight=113.35232522175647 6.9964373596012575 4.7639680951833716 3.667532074265182 2.3703077896498135 2.4990513103548464 19.121938665164642 2.0995922943111536 0.91008653922472094 3.8320439751259974 4.2333001221995863 15.711186678148808 3.1615275891381307 13.496795884915626 3.3357661126647136 7.2237419728189689 1.8222913537174488 7.4862791495397714 9.9793028244748694 42.032328086032066 22.516300073300954 5.5510667525231838 18.641708886483688 1.9164774238597599 2.8453476938884696 1.9036753652617333 3.672034835559316 0.99060716410167549 1.1026128388475624 2.0067843932192773
leaf_count=1200 57 53 38 44 51 251 54 43 54 81 394 93 234 51 58 33 95 102 736 407 31 540 20 51 21 169 26 41 65
internal_value=0 -0.0127439 0.00102946 0.000633278 -0.00655241 0.00208206 -0.00604472 0.00360595 0.00866631 -0.0030626 -0.0124747 0.00592124 0.0143787 -0.0194462 0.00407699 0.0131287 0.00211841 0.0186817 0.000233575 0.00295315 0.0321631 -0.0158176 0.00699613 -0.0201335 0.017134 -0.0157409 -0.04242 -0.0238588 -0.0342429
internal_weight=0 15.4279 10.664 313.814 52.4769 261.338 51.374 25.8709 22.954 48.0133 23.4497 24.5637 17.7301 19.047 209.964 37.1134 172.85 17.4656 155.385 24.3386 12.7748 25.5031 4.01607 21.4871 4.40273 6.83356 4.46353 2.09322 2.91687
internal_count=5093 148 95 4945 1205 3740 1078 413 305 1094 517 577 315 445 2662 529 2133 197 1936 440 89 665 74 591 72 262 111 67 108
is_linear=0
shrinkage=0.0472155


Tree=96
num_leaves=30
num_cat=0
split_feature=57 60 61 48 29 17 58 59 64 48 47 47 58 62 57 64 61 54 1 27 2 64 2 2 54 27 55 63 7
split_gain=1.14833 2.46741 3.58721 2.56282 1.9846 1.51541 1.30284 1.62498 2.83639 1.32776 1.41943 1.38571 1.56048 1.38027 1.31298 1.30232 1.23021 1.09261 1.5108 1.35466 1.06091 0.992485 0.918576 0.728128 0.674246 0.588103 0.270334 0.200422 0.165513
threshold=3.7500000000000004 0.034286833855799302 0.21406109613656782 1.4500000000000002 1.0000000180025095e-35 1.5000000000000002 -8.4999999999999982 75.000000000000014 6.7500000000000009 4.2500000000000009 40.550000000000004 40.050000000000004 12.500000000000002 4.5000000000000009 0.75000000000000011 4.9500000000000011 0.11167800453514737 37.45000000000001 5.5000000000000009 1.0000000180025095e-35 1.0000000180025095e-35 24.550000000000004 1.0000000180025095e-35 1.0000000180025095e-35 39.050000000000004 2.5000000000000004 2.1500000000000008 8.5000000000000018 25.500000000000004
decision_type=2 2 2 2 2 2 2 2 2 2 2 2 2 2 2 2 2 2 2 2 2 2 2 2 2 2 2 2 2
left_child=6 5 4 15 23 -2 7 8 -1 10 11 12 -8 -13 20 -4 -10 19 -19 -12 -11 24 -16 -3 -9 -23 -24 -25 -18
right_child=1 2 3 -5 -6 -7 9 21 16 14 17 13 -14 -15 22 -17 28 18 -20 -21 -22 25 26 27 -26 -27 -28 -29 -30
leaf_value=0.016741994697631341 -0.057443066493251128 0.045126961738559485 0.014285184992362896 -0.052121329272574901 -0.017804044639211713 -0.00010676537227187726 0.0019437518654875391 -0.052607375557539117 0.016621921875658398 0.011915925502023195 0.037070763141642295 0.029051892886120281 -0.012594408259047002 -0.0023110420483598705 0.0066029085704444193 -0.025404962678134999 -0.0470881691615282 -0.031832763043324344 0.021620640888739162 -0.021644737608154371 -0.040168794189781386 -0.02723522815927153 0.054646657045009636 0.00082558105820776221 -0.01729476925540635 0.024403700120895169 0.027154875670495789 0.024674828996895118 -0.018429356513380835
leaf_weight=7.831881847232582 3.1996473544277277 3.7976581783732417 3.8639599159359914 3.6213534362614155 2.2994726070901379 1.5111037879250941 229.26249022420961 3.0381589373573652 0.93780651665292669 2.3842454543337213 1.5979028099682175 7.7439953364664671 17.550566891906783 5.071163002285175 2.8763149073347449 3.2095016164239496 2.7476927337702368 7.3018188264686597 1.2569201216101644 1.5576769551262257 1.1458736900240181 0.66696124128065992 2.0782513436861336 1.6138237565755846 2.4360609576106071 1.0017276486614717 2.5915258359164 1.4991948863025752 1.0191755192354319
leaf_count=43 147 53 22 126 45 51 3067 48 32 56 21 102 389 96 56 48 84 223 20 42 58 49 15 29 26 38 46 32 29
internal_value=0 -0.00976914 -0.00233358 -0.0208061 0.0190358 -0.039846 0.000801211 -0.0108864 -0.000506535 0.00162415 0.000961961 0.00169366 0.00089915 0.0167274 0.0175215 -0.00381316 -0.0289233 -0.0149867 -0.0236327 0.00827881 -0.00591521 -0.0285678 0.0284547 0.0315222 -0.0380303 0.00278713 0.0410557 0.0132099 -0.0406609
internal_weight=0 24.6157 19.905 10.6948 9.21015 4.71075 302.098 19.6795 12.5366 282.419 271.343 259.628 246.813 12.8152 11.0762 7.07346 4.70467 11.7143 8.55874 3.15558 3.53012 7.14291 7.54609 6.91068 5.47422 1.66869 4.66978 3.11302 3.76687
internal_count=5093 553 355 196 159 198 4540 349 188 4191 3960 3654 3456 198 231 70 145 306 243 63 114 161 117 114 74 87 61 61 113
is_linear=0
shrinkage=0.0472155


Tree=97
num_leaves=41
num_cat=0
split_feature=61 39 52 55 48 38 0 64 15 57 54 64 48 64 13 15 31 30 38 59 61 41 53 47 3 56 47 38 63 27 48 42 40 48 40 45 41 38 60 64
split_gain=1.07851 1.95328 1.83153 2.38407 1.79065 2.67889 1.48971 2.89456 2.8908 2.67621 2.45064 2.01766 2.34126 1.9701 2.02577 1.87852 1.49206 2.95478 2.53015 2.36358 1.92595 1.89446 1.6564 1.29575 1.18908 1.18523 1.08734 1.09759 1.16252 0.945589 0.919937 0.902592 0.89738 0.88713 0.873013 1.66025 0.772923 0.707292 0.289858 0.262155
threshold=0.1329931972789116 8.5000000000000018 65.000000000000014 1.8500000000000003 4.3500000000000005 5.5000000000000009 2.5000000000000004 12.65 9.5000000000000018 1.2500000000000002 37.750000000000007 15.550000000000002 2.2500000000000004 15.750000000000002 1.0000000180025095e-35 34.500000000000007 8.5000000000000018 1.0000000180025095e-35 55.000000000000007 75.000000000000014 0.21828631138975962 1.2500000000000002 6.5000000000000009 42.750000000000007 85.500000000000014 0.70294117647058829 35.550000000000004 10.500000000000002 11.500000000000002 6.5000000000000009 1.8500000000000003 0.10357142857142856 37.650000000000013 2.4500000000000006 38.350000000000001 9.5000000000000018 0.8500000000000002 75.000000000000014 0.049238051258369858 32.750000000000007
decision_type=2 2 2 2 2 2 2 2 2 2 2 2 2 2 2 2 2 2 2 2 2 2 2 2 2 2 2 2 2 2 2 2 2 2 2 2 2 2 2 2
left_child=1 2 4 32 5 29 11 8 -8 10 -10 16 13 -13 -15 -11 17 19 -19 -2 22 -22 -18 37 30 -7 38 34 33 -1 39 -32 -4 -29 -28 -36 -5 -14 -3 -9
right_child=6 26 3 36 -6 25 7 24 9 15 -12 12 23 14 -16 -17 20 18 -20 -21 21 -23 -24 -25 -26 -27 27 28 -30 -31 31 -33 -34 -35 35 -37 -38 -39 -40 -41
leaf_value=-0.02027857736025317 0.0035714251712838894 -0.049882052083294423 -0.0064684622516084783 -0.0024286509805137198 0.050872158568209154 0.025030260059225724 -0.037859703257834797 -0.05219375224828475 0.0188471906596498 0 -0.0076400472115999351 0.057758835172681024 -0.030890482467651924 0.0015570232725399104 0.023193319932441312 -0.037443401267100475 -0.025132215187030075 -0.011571472105998537 -0.052199844786256375 -0.011224228719332539 0.026678685644955055 -0.010234755221219277 0.015945972353275949 0.023454652547375388 0.013545651113202167 -0.0021618711454831191 0.039778458682313257 -0.015841872273997217 -0.048573734998753851 0.017809743842662994 0.029583045830995549 -0.025802259444009965 -0.047569034063841997 0.018624465149785246 0.020869440846692421 -0.037750247987572316 0.03715711634664088 3.8041770743700542e-05 -0.010428284743163435 -0.027783338598389978
leaf_weight=6.0019631690811392 76.412541406229138 1.3808337906375556 2.2202943162992579 2.0538520707050338 2.8353565089637405 19.843154336442243 4.5594637412577859 4.3276882446371001 18.931497247889641 6.1179070305079204 12.972975095733998 1.9775172919034947 5.03268813586328 22.007149198325351 17.137167273671366 5.6051829941570759 5.4458987265825289 15.474318597465755 4.2981288190931073 34.914786160923541 12.625024390406908 3.9559268597513428 3.4129363913089037 1.6274183655623344 1.1713784462772299 4.2654769172659135 1.6428130331914861 5.1527362494962272 1.5391407855786381 1.734340325463563 0.69852752564474974 2.5169951095012948 2.6456256853416562 2.2427948288386688 2.9784480286762118 1.4601666857488451 2.0765786783304065 2.3501314565073699 0.78339325543493021 2.408912260318175
leaf_count=180 603 75 37 40 53 220 38 117 123 49 113 10 382 639 351 50 51 141 41 344 81 37 25 50 24 94 28 205 107 33 14 159 68 101 45 83 36 88 21 137
internal_value=0 0.00566092 0.0109605 -0.00785778 0.0158757 0.0124784 -0.0012981 -0.0078831 -0.00281417 0.000970298 0.00807389 0.000593613 0.00882257 0.0136012 0.0111068 -0.0181422 -0.00204451 -0.0040797 -0.0208162 -0.00107337 0.00837444 0.0178183 -0.00923261 -0.01276 -0.0294007 0.0202117 -0.00774942 -0.00300144 -0.0134621 -0.011453 -0.0346662 -0.0126737 -0.0298192 -0.00511512 0.0122103 0.000744596 0.0180245 -0.0211868 -0.0377263 -0.0444832
internal_weight=0 60.857 43.6766 8.99635 34.6803 31.8449 265.982 59.3105 48.187 43.6276 31.9045 206.672 50.1321 41.1218 39.1443 11.7231 156.54 131.1 19.7724 111.327 25.4398 16.581 8.85884 9.01024 11.1235 24.1086 17.1803 15.0161 8.93467 7.7363 9.95212 3.21552 4.86592 7.39553 6.08143 4.43861 4.13043 7.38282 2.16423 6.7366
internal_count=5093 1426 761 181 580 527 3667 824 373 335 236 2843 1520 1000 990 99 1323 1129 182 947 194 118 76 520 451 314 665 569 413 213 427 173 105 306 156 128 76 470 96 254
is_linear=0
shrinkage=0.0472155


Tree=98
num_leaves=34
num_cat=0
split_feature=25 7 59 7 62 40 38 60 47 42 40 65 38 56 54 42 41 16 59 56 60 61 13 7 55 42 49 61 64 55 48 54 47
split_gain=0.929645 0.867375 1.86466 3.96273 4.15847 2.83386 1.6066 1.83143 2.74105 1.75446 1.60374 1.67113 1.60359 1.5649 2.03819 1.58848 2.99167 2.484 1.69803 1.72429 1.57208 1.53651 1.42902 1.42549 1.8378 1.7644 1.31919 1.28924 1.2559 1.19319 1.0385 0.966098 0.763608
threshold=2.5000000000000004 11.500000000000002 -1.0000000180025095e-35 3.5000000000000004 3.5000000000000004 40.550000000000004 65.000000000000014 0.063914893617021268 35.750000000000007 0.55050505050505061 40.850000000000001 7.5000000000000009 85.000000000000014 0.36038961038961043 36.150000000000013 0.19375000000000003 0.15000000000000005 2.5000000000000004 -74.999999999999986 0.31009615384615391 0.022347066167290854 0.21450482033304116 1.0000000180025095e-35 61.500000000000007 1.0500000000000003 0.30384615384615393 0.60555555555555574 0.22713329615170105 11.250000000000002 0.25000000000000006 2.3500000000000001 34.45000000000001 38.550000000000004
decision_type=2 2 2 2 2 2 2 2 2 2 2 2 2 2 2 2 2 2 2 2 2 2 2 2 2 2 2 2 2 2 2 2 2
left_child=1 2 6 4 12 -6 7 9 -9 -1 29 -12 -4 15 26 16 27 -18 20 -20 -17 28 -23 24 -16 -25 31 -3 -8 -5 -28 -15 -2
right_child=32 13 3 10 5 -7 21 8 -10 -11 11 -13 -14 14 23 18 17 -19 19 -21 -22 22 -24 25 -26 -27 30 -29 -30 -31 -32 -33 -34
leaf_value=-0.0039105716763793187 -0.044491669739988263 -0.015073539887925615 -0.022835034546136061 -0.0064107805051968241 0.011303684692203587 -0.026279149648453001 0.054034469164602313 -0.020254272792687447 0.013309671790170478 -0.038100152816739286 0.021449302241999486 -0.039057920445129797 0.015709389860913279 0.020880265870501801 0.020155515563343853 -0.046070774889827699 0.012410057996530964 -0.029012357602401149 0.012542671221636464 -0.023553449839524076 -0.0038577826138730779 0.017343353824173784 -0.026855380929998798 0.01894401653191161 0.0038146669257365065 -0.025690570741509301 -0.056713407757379548 -0.06220203449843105 0.014643165054619631 -0.02937468370897927 -0.0011331772513267896 -0.017358519983616143 -0.0012302028899669238
leaf_weight=19.629866727627817 1.7182686405722045 2.4641538031864938 17.560821973951537 6.8615449711214778 45.222452250658534 4.7867313087917855 3.2068282365798932 6.4843176391441366 29.061992024304345 3.8876305727753779 3.6243449402973047 1.2137580022681502 2.6373691787011913 2.5581202856264991 33.084951642202213 2.2099424551706752 9.2185523961670679 4.7391414793673894 27.351462256745439 3.1312569048022842 11.719094933476297 4.2990043296013027 2.3893694716971368 3.0550563992001107 28.878873078851029 4.9083812750177458 1.986188401700929 3.0710303895175457 4.4013723481912166 21.133837559609674 1.19528179441113 3.0185079171787947 1.8314215284772215
leaf_count=228 40 32 358 96 607 211 12 74 266 104 42 115 60 30 314 55 95 74 394 56 145 53 38 36 650 102 58 30 108 489 20 60 41
internal_value=0 0.000273687 -0.00193686 -0.00603103 0.000302678 0.00761437 0.00380563 0.000338928 0.00709962 -0.00982941 -0.0195237 0.00530681 -0.0176786 0.00301195 0.0074646 -0.0024659 -0.0136435 -0.00179374 0.00245987 0.00870039 -0.0110897 0.0179057 0.00117726 0.0101629 0.0125823 -0.00844855 -0.0137842 -0.0424399 0.0321714 -0.0238441 -0.0371726 0.000171644 -0.0234518
internal_weight=0 318.991 176.401 103.041 70.2074 50.0092 73.3604 59.0638 35.5463 23.5175 32.8335 4.8381 20.1982 142.59 78.6854 63.9046 19.4929 13.9577 44.4118 30.4827 13.929 14.2966 6.68837 69.9273 61.9638 7.96344 8.7581 5.53518 7.6082 27.9954 3.18147 5.57663 3.54969
internal_count=5093 5012 2861 1978 1236 818 883 672 340 332 742 157 418 2151 1270 881 231 169 650 450 200 211 91 1102 964 138 168 62 120 585 78 90 81
is_linear=0
shrinkage=0.0472155


Tree=99
num_leaves=29
num_cat=0
split_feature=52 5 6 41 27 27 41 64 61 59 62 56 3 40 0 15 12 15 2 48 58 38 27 57 55 15 28 56
split_gain=1.23869 1.05515 1.91284 2.00499 1.70984 2.38132 2.07948 2.15017 1.82359 1.81508 2.82135 2.14395 1.71673 1.68836 1.53068 1.39683 1.32066 2.72355 1.53011 1.40371 1.29288 1.21591 1.01206 0.915697 0.480654 0.261543 0.232901 0.0364605
threshold=145.00000000000003 1.0000000180025095e-35 1.5000000000000002 2.1500000000000008 8.5000000000000018 1.0000000180025095e-35 1.8500000000000003 9.2500000000000018 0.10056179775280898 75.000000000000014 2.5000000000000004 0.17156862745098037 3.5000000000000004 38.350000000000001 6.5000000000000009 38.500000000000007 2.5000000000000004 21.500000000000004 3.5000000000000004 1.3500000000000003 -1.4999999999999998 19.000000000000004 2.5000000000000004 0.75000000000000011 0.75000000000000011 12.500000000000002 1.5000000000000002 0.36931818181818182
decision_type=2 2 2 2 2 2 2 2 2 2 2 2 2 2 2 2 2 2 2 2 2 2 2 2 2 2 2 2
left_child=1 2 16 23 5 9 7 13 14 10 -3 -11 -10 -6 -7 -9 18 19 20 -18 -1 -19 -2 24 -4 -20 -8 -25
right_child=22 4 3 -5 6 8 26 15 12 11 -12 -13 -14 -15 -16 -17 17 21 25 -21 -22 -23 -24 27 -26 -27 -28 -29
leaf_value=-0.007535889215587831 -0.0021325488298958562 0.021616246031085681 -0.031555458267845664 0.016437441901214152 0.022767008827331202 0.016421418661875981 -0.049904965713143304 -0.051435358258437355 0.027211791389289693 0.010683125469478376 -0.0059309301109287775 -0.026769477399091881 0.003981751958352724 -0.015090150581764881 0.055553687507688125 -0.004759280142116018 -0.056122737635847797 -0.017549618793493569 0.038584336679903602 -0.013130730008126335 0.0030057625610533148 0.016945026285271936 -0.055863737735491324 -0.060346130775001033 0.0059399511913296949 0.014214667045705759 -0.016702442354919259 -0.037597646177542868
leaf_weight=39.560285173589364 1.6106407095212483 11.615726536605505 1.3624561689794048 1.9973013354465363 7.1056717820465618 11.782950427266767 2.5392721269745375 2.4823121300432822 7.6895054210908702 4.6012734998948899 27.6980600876268 11.934742211480623 74.960360887111165 3.9378933236002922 2.6964981444180003 3.2532014520838857 3.5160223289858576 3.625954303191973 2.1274026180617502 3.4746811944060028 74.454360128147528 5.4985423759790137 1.421303507639095 1.7863008766435085 1.3725898382253943 2.5019512188155204 0.93928228295408178 2.2541886367835104
leaf_count=641 53 120 26 54 48 259 86 82 107 63 366 303 1048 36 18 63 63 64 26 72 1195 62 45 34 32 51 26 50
internal_value=0 0.000295424 -0.00269426 -0.0238391 0.00277642 0.00448844 -0.0100483 -0.00294616 0.00895141 -0.00326536 0.00225158 -0.0163066 0.00620376 0.00918551 0.0243297 -0.025995 -0.0012838 -0.0138911 0.000441133 -0.0356869 -0.000652214 0.00309546 -0.0291965 -0.0359198 -0.0132907 0.026546 -0.0423463 -0.0498964
internal_weight=0 316.769 143.532 8.77284 173.237 152.979 20.2576 16.7791 97.1293 55.8498 39.3138 16.536 82.6499 11.0436 14.4794 5.73551 134.759 16.1152 118.644 6.9907 114.015 9.1245 3.03194 6.77554 2.73505 4.62935 3.47855 4.04049
internal_count=5093 4995 2370 196 2625 2284 341 229 1432 852 486 366 1155 84 277 145 2174 261 1913 135 1836 126 98 142 58 77 112 84
is_linear=0
shrinkage=0.0472155


Tree=100
num_leaves=22
num_cat=0
split_feature=25 47 16 4 24 3 38 56 13 52 58 48 31 27 27 49 58 54 6 45 3
split_gain=1.30903 1.17222 1.64672 2.67537 1.66067 1.5678 1.70237 2.00544 1.23853 1.19211 2.12974 2.45444 1.90593 1.82494 1.67751 1.24909 1.03972 0.955198 1.26937 0.793611 0.652334
threshold=2.5000000000000004 36.150000000000013 1.5000000000000002 3.5000000000000004 1.0000000180025095e-35 2.5000000000000004 2.5000000000000004 0.59411764705882364 7.5000000000000009 45.000000000000007 -1.0000000180025095e-35 0.15000000000000005 15.500000000000002 8.5000000000000018 4.5000000000000009 0.54195804195804198 1.5000000000000002 36.550000000000004 1.0000000180025095e-35 13.500000000000002 9.5000000000000018
decision_type=2 2 2 2 2 2 2 2 2 2 2 2 2 2 2 2 2 2 2 2 2
left_child=1 2 5 19 20 17 -7 -8 9 13 12 -12 -11 14 -3 -15 -2 18 -1 -4 -5
right_child=16 8 3 4 -6 6 7 -9 -10 10 11 -13 -14 15 -16 -17 -18 -19 -20 -21 -22
leaf_value=-0.018606340416718624 -0.0013039863331788912 0.0024901506991160047 0.0060998812958865303 -0.015461591515564926 0.01232323943280053 0.0058315700263257024 -0.038926811999833569 -0.0055176993183337145 0.029873253976844004 -0.020353906452890758 -0.030002643659947446 0.0053302547834647484 0.028097352525934861 -0.0028794439926060878 0.015112195764506078 -0.031424152231499206 -0.050583473634691442 0.018046046371782653 0.017746561000120707 0.036822726118453976 -0.058639789734793071
leaf_weight=6.9453184420708549 1.8708244676236057 150.03284704324324 3.2276331481989455 1.8451056003104889 2.4704078454524279 4.5454155830666449 10.558075994951652 6.573227768065407 3.2344985562376669 20.257121119881052 4.7194569157436481 41.63744711043546 1.823380124522372 10.48320154706016 27.727963621146046 4.9684237495530388 1.8560316055081783 4.5315999467857173 2.8878267335239798 4.8005815003998578 1.5435136377345768
leaf_count=96 43 2304 44 39 37 44 202 129 26 444 55 692 31 143 405 131 38 55 42 49 44
internal_value=0 0.00033669 -0.00628397 0.00743562 -0.0164748 -0.0115985 -0.0195643 -0.0263307 0.0015904 0.00121856 -0.0041254 0.00161989 -0.0161343 0.0031168 0.00447556 -0.0123485 -0.0271799 0.000468226 -0.00774184 0.0249436 -0.037225
internal_weight=0 314.813 49.9287 13.8872 5.85903 36.0415 21.6767 17.1313 264.884 261.65 68.4374 46.3569 22.0805 193.212 177.761 15.4516 3.72686 14.3647 9.83315 8.02821 3.38862
internal_count=5093 5012 781 213 120 568 375 331 4231 4205 1222 747 475 2983 2709 274 81 193 138 93 83
is_linear=0
shrinkage=0.0472155


Tree=101
num_leaves=29
num_cat=0
split_feature=52 27 7 27 40 7 49 42 54 64 64 62 64 57 4 27 38 49 61 60 64 47 56 45 31 61 47 7
split_gain=1.34949 1.24254 1.00763 1.9531 1.93886 1.82888 2.33904 2.68629 1.98522 2.11374 4.67193 3.24831 1.82286 1.52728 1.71685 1.5094 3.10473 1.89295 1.47854 1.41225 1.37224 1.34881 1.78998 1.43384 1.18616 0.702407 0.498093 0.278457
threshold=145.00000000000003 2.5000000000000004 7.5000000000000009 8.5000000000000018 38.350000000000001 4.5000000000000009 0.06904761904761901 0.97222222222222232 36.850000000000001 15.550000000000002 19.450000000000003 5.5000000000000009 12.850000000000003 1.2500000000000002 3.5000000000000004 4.5000000000000009 11.500000000000002 0.19375000000000003 0.10880327163151096 0.084422195825555713 19.750000000000004 37.750000000000007 0.20714285714285713 105.00000000000001 2.5000000000000004 0.16716566866267463 38.250000000000007 28.500000000000004
decision_type=2 2 2 2 2 2 2 2 2 2 2 2 2 2 2 2 2 2 2 2 2 2 2 2 2 2 2 2
left_child=2 -2 5 15 13 8 -7 18 12 11 -11 -10 19 14 -5 21 17 -17 -8 -1 -14 22 -4 -23 -18 27 -27 -6
right_child=1 -3 3 4 25 6 7 -9 9 10 -12 -13 20 -15 -16 16 24 -19 -20 -21 -22 23 -24 -25 -26 26 -28 -29
leaf_value=0.022289355640510981 -0.0011140406428219241 -0.060998776026122345 0.0086305441209751903 0.026254671419178362 0.0076723014265387985 0.034272913425953962 -0.0010933036012660453 0.033355214557344373 -0.019736368102629586 0.036317257482460313 -0.0072572468909787632 0.0025183875183470094 -0.030378134561276006 -0.026783928859705854 -0.017748913187197957 -0.0080192216539923117 0.020068714109381731 0.035616104123786366 -0.033021224237752139 0.0020914528031156327 0.0028485951383606135 0.0081401552021887966 -0.010334225642593675 -0.021118947075138519 -0.017164652963219833 -0.051844017854989072 -0.021453196650968925 -0.022014170759178216
leaf_weight=18.149785534478728 1.6036206131102511 1.3693404707591978 17.057008803123608 5.7295513646677154 1.3215940555091932 1.7793802137021 4.293902238016023 1.7523588788462792 31.676964057609439 7.9399592205882099 16.749083529692143 26.877339247614145 3.8014235291630021 2.9577923679025835 2.8061638507060707 2.5777574949897852 2.5006814259104413 12.761574714560991 13.628040902549399 13.531034484505652 8.9631010709563252 69.747442636056803 30.924972448847257 3.7681451863609245 6.4590156059712172 2.7452708878554404 2.9487707009539008 1.15096561005339
leaf_count=121 53 45 201 55 33 20 99 27 316 77 768 233 67 41 50 39 32 137 276 101 305 1040 512 129 140 61 73 42
internal_value=0 -0.0307604 0.00030763 0.00284501 -0.011052 -0.00250301 -0.0152002 -0.01997 -0.000346737 -0.00465096 0.00688726 -0.00953302 0.00768694 0.00144894 0.0116481 0.0047344 0.0154391 0.0282338 -0.0254919 0.0137419 -0.00727383 0.00256906 -0.00357219 0.00658506 -0.00651647 -0.0283843 -0.037325 -0.00644422
internal_weight=0 2.97296 314.599 165.457 19.6601 149.142 21.4537 19.6743 127.689 83.2433 24.689 58.5543 44.4453 11.4935 8.53572 145.797 24.299 15.3393 17.9219 31.6808 12.7645 121.498 47.982 73.5156 8.9597 8.1666 5.69404 2.47256
internal_count=5093 98 4995 2585 355 2410 422 402 1988 1394 845 549 594 146 105 2230 348 176 375 222 372 1882 713 1169 172 209 134 75
is_linear=0
shrinkage=0.0472155


Tree=102
num_leaves=16
num_cat=0
split_feature=60 54 64 57 25 0 42 64 58 59 56 38 40 40 46
split_gain=1.09696 1.97406 1.2341 1.0068 0.962973 0.950179 0.921198 0.828563 0.754495 1.63766 1.02792 0.572476 0.342719 0.404356 0.0201421
threshold=0.18237250554323722 37.250000000000007 4.0500000000000007 7.2500000000000009 2.5000000000000004 1.0000000180025095e-35 0.37980769230769235 178.25000000000003 -8.4999999999999982 75.000000000000014 0.56696428571428581 19.000000000000004 38.850000000000001 38.550000000000004 5.5000000000000009
decision_type=2 2 2 2 2 2 2 2 2 2 2 2 2 2 2
left_child=3 2 -2 4 7 -3 -6 8 9 -1 -10 -5 13 -9 -14
right_child=1 5 -4 11 6 -7 -8 12 10 -11 -12 -13 14 -15 -16
leaf_value=0.0026920511672758854 0.029931317632144249 -0.011692239170414651 -0.011074422154220104 -0.0012612948698190916 0.0042569327916400597 -0.044461496628977831 -0.046458110434885236 -0.020005122849246507 -6.464435367540091e-05 -0.025601725297003764 0.0060320648531049818 -0.051718153771955454 -0.0069212279835793519 0.033474213726961133 -0.040797514121738855
leaf_weight=12.430065514869058 2.754901558160781 4.3731249088887107 3.5291654649190605 0.8839932787232091 1.3141417456790798 3.8218726068735123 1.6840182372834531 0.82846015202812784 180.68615063978359 6.9715078519657245 93.242058143718168 1.1026494440156964 0.172327056294307 0.28271149448119104 1.2976496474584562
leaf_count=179 16 46 43 25 23 43 54 118 2480 150 1487 67 16 21 325
internal_value=0 -0.0126148 0.00712614 0.000614004 0.000847814 -0.0276622 -0.0250165 0.00112669 0.00137009 -0.00757965 0.00201077 -0.0314858 -0.0246301 -0.00319194 -0.0383783
internal_weight=0 14.4791 6.28407 300.896 298.909 8.195 2.99816 295.911 293.33 19.4016 273.928 1.98664 2.58115 1.11117 1.46998
internal_count=5093 148 59 4945 4853 89 77 4776 4296 329 3967 92 480 139 341
is_linear=0
shrinkage=0.0472155


Tree=103
num_leaves=29
num_cat=0
split_feature=57 5 12 15 38 30 2 46 48 12 47 52 56 41 45 58 16 45 19 14 65 61 6 2 27 41 38 15
split_gain=1.05466 0.775469 1.63724 1.79416 1.62985 1.52392 1.51383 1.38087 1.31726 1.12942 1.11283 1.11185 2.02681 1.6827 1.98955 1.55163 1.52803 1.55782 1.54662 1.27836 1.34296 1.28676 1.17652 1.0419 1.03906 0.868646 0.573428 0.411442
threshold=7.2500000000000009 1.0000000180025095e-35 2.5000000000000004 21.500000000000004 19.000000000000004 1.0000000180025095e-35 3.5000000000000004 6.5000000000000009 1.3500000000000003 4.5000000000000009 36.150000000000013 5.5000000000000009 0.79285714285714304 1.3500000000000003 3.5000000000000004 -1.4999999999999998 4.5000000000000009 10.500000000000002 1.0000000180025095e-35 1.0000000180025095e-35 3.5000000000000004 0.10361093038386461 4.5000000000000009 7.5000000000000009 1.5000000000000002 1.5500000000000003 19.000000000000004 12.500000000000002
decision_type=2 2 2 2 2 2 2 2 2 2 2 2 2 2 2 2 2 2 2 2 2 2 2 2 2 2 2 2
left_child=1 2 5 8 23 6 10 -7 -4 -6 -1 12 13 15 -15 -3 17 22 -19 20 -18 -21 -13 -5 -9 -10 -2 -8
right_child=26 11 3 4 9 7 27 24 25 -11 -12 16 -14 14 -16 -17 19 18 -20 21 -22 -23 -24 -25 -26 -27 -28 -29
leaf_value=-0.010860586496808704 -0.0031535017421009371 0.028363198028576789 -0.053777902913665077 -0.044593914266120326 0.034828629365439095 -0.03960843529295914 0.042317151399368029 0.016764513865796447 0.0053637013109307042 -0.0052790891606410602 0.0018908123035999611 -0.012172804690313654 0.040863899508318272 -0.041262496663470552 0.0018365726112940339 0.0037785585511207775 0.021430600938343064 0.033880116284260214 0.0038385340947593018 0.01502245353004528 -0.022139992211118047 -0.03720888468312792 0.0083363940121217398 0.0014997180723939994 -0.034673172756816084 -0.039377231834865814 -0.053259487167131039 0.012575549555450734
leaf_weight=18.066198841086589 0.93736795475706403 9.0233026435598749 3.498848570976409 2.3627798235975188 2.6374361957423389 3.9053058247081927 2.0357690653763703 2.5568256084807222 2.2743403308559214 3.3901109017897397 93.048258961411193 23.963317269226536 3.8634825830813488 2.8735466713551423 10.842143566114826 15.517357542412354 3.1945951618254167 3.8493599416688076 80.571290898486041 1.1521201106952501 2.7873197515727952 5.8903534892015159 8.2296144894789887 1.8548678443767128 1.1131108172703532 1.4395956750959156 1.0947837190469725 2.5216669454239309
leaf_count=299 27 64 64 52 28 55 24 61 28 47 1535 367 28 75 188 164 23 40 1349 20 89 140 90 23 43 50 69 51
internal_value=0 0.000229611 -0.00236528 -0.0158231 -0.00291227 -0.000433989 0.000917347 -0.0207066 -0.033571 0.012654 -0.00019046 0.00235936 0.00900709 0.0056016 -0.00755267 0.0129811 0.00018528 0.00191093 0.00528327 -0.0150367 0.000971266 -0.0284174 -0.00689324 -0.0249234 0.000126752 -0.0128043 -0.0325232 0.0270714
internal_weight=0 312.463 140.705 17.458 10.2452 123.247 115.672 7.57524 7.21278 6.02755 111.114 171.758 42.1198 38.2564 13.7157 24.5407 129.638 116.614 84.4207 13.0244 5.98191 7.04247 32.1929 4.21765 3.66994 3.71394 2.03215 4.55744
internal_count=5093 4997 2360 292 150 2068 1909 159 142 75 1834 2637 519 491 263 228 2118 1846 1389 272 112 160 457 75 104 78 96 75
is_linear=0
shrinkage=0.0472155


Tree=104
num_leaves=25
num_cat=0
split_feature=57 42 63 64 61 49 61 19 47 49 61 61 64 61 4 61 64 4 45 31 45 65 49 48
split_gain=0.779303 0.769851 1.75064 1.66168 1.46794 1.40172 2.00478 2.2904 1.50411 1.23081 1.9019 1.79334 1.40244 1.22104 2.79078 2.04836 1.09237 0.938691 0.797916 0.616743 0.597731 0.45684 0.420038 0.275715
threshold=7.2500000000000009 0.74166666666666681 13.500000000000002 3.9500000000000006 -1.0000000180025095e-35 0.91287878787878796 0.24234614183067793 24.500000000000004 37.250000000000007 0.85164835164835173 0.10056179775280898 0.26536911060720592 13.050000000000002 0.27669072948328272 1.0000000180025095e-35 0.2745606014426496 44.95000000000001 1.0000000180025095e-35 55.000000000000007 3.5000000000000004 14.500000000000002 5.5000000000000009 0.62019230769230782 2.1500000000000008
decision_type=2 2 2 2 2 2 2 2 2 2 2 2 2 2 2 2 2 2 2 2 2 2 2 2
left_child=1 4 5 -4 21 6 8 -8 -3 13 12 -12 -11 15 -15 -6 23 18 -7 -18 -19 -1 -2 -5
right_child=22 2 3 16 9 17 7 -9 -10 10 11 -13 -14 14 -16 -17 19 20 -20 -21 -22 -23 -24 -25
leaf_value=-0.055294046324468882 -0.045616726845505565 -0.037021058855499243 0.030738053783302362 -0.048994165463313095 0.0040496562048177708 -0.018962729556163127 0.0098728246503787202 -0.033026327114672585 -0.0082850936158546523 0.046233005413099784 -0.032572254272098984 0.0053188443063740916 -0.018008370796284198 -0.013609132183671806 0.0060522761722557883 0.044798233088733652 -0.019764304652034281 0.032672151773550692 0.020895406979980539 0.039607096769906668 0.005968269798668574 -0.0076708044092589972 -0.00077630371505289103 -0.020421232888763657
leaf_weight=1.1243341285735358 1.104052664595655 5.4021952168550369 0.88477019965648551 4.0068482207134366 162.59058707440272 2.9279382404638437 20.376639561727647 3.030754573410376 15.862590177101081 1.7939190082252019 7.8892289391951618 4.1453725688625127 1.0909944867016745 29.365497040562332 35.153718615183607 2.628614558139815 0.75035787886008598 4.6379263998242095 1.573296444956213 0.4975512963719666 3.3170603420585394 0.83832466625608493 0.78902583004673932 1.4861593376845119
leaf_count=27 53 201 5 77 2344 83 273 55 452 8 236 74 77 351 366 19 77 73 41 31 60 45 43 22
internal_value=0 0.000191762 -0.00438053 -0.0253676 0.00139716 -0.00149889 -0.00541768 0.00408697 -0.0158581 0.00173885 -0.0113162 -0.0195784 0.022087 0.00259745 -0.0028991 0.0047486 -0.0334168 0.0123843 -0.00463233 0.00541342 0.021985 -0.0375487 -0.0288877 -0.0422471
internal_weight=0 311.375 64.7541 7.62569 246.621 57.1284 44.6722 23.4074 21.2648 244.658 14.9195 12.0346 2.88491 229.738 64.5192 165.219 6.74092 12.4562 4.50123 1.24791 7.95499 1.96266 1.89308 5.49301
internal_count=5093 4997 1450 212 3547 1238 981 328 653 3475 395 310 85 3080 717 2363 207 257 124 108 133 72 96 99
is_linear=0
shrinkage=0.0472155


Tree=105
num_leaves=32
num_cat=0
split_feature=57 7 38 62 38 64 47 62 64 49 54 59 56 61 62 7 48 49 19 27 6 61 57 13 3 60 61 46 41 7 64
split_gain=0.816977 0.82077 1.70639 1.71859 2.71312 1.72076 1.52743 1.44344 2.21011 2.17419 2.11187 1.86641 3.2308 1.68248 1.42219 1.92153 2.2849 2.0746 1.60637 1.55818 1.47955 1.30009 1.18857 2.20956 1.05705 1.57429 1.31629 0.902166 0.900973 0.582061 0.456666
threshold=7.2500000000000009 11.500000000000002 65.000000000000014 5.5000000000000009 85.000000000000014 10.250000000000002 36.45000000000001 5.5000000000000009 4.1500000000000012 0.25833333333333336 39.650000000000013 -184.99999999999997 0.31009615384615391 0.28053167222319714 2.5000000000000004 17.500000000000004 0.25000000000000006 0.86190476190476206 18.500000000000004 10.500000000000002 1.0000000180025095e-35 0.22015463620102707 1.7500000000000002 2.5000000000000004 21.500000000000004 0.057771773680864509 0.30034965034965039 4.5000000000000009 0.25000000000000006 4.5000000000000009 8.6500000000000004
decision_type=2 2 2 2 2 2 2 2 2 2 2 2 2 2 2 2 2 2 2 2 2 2 2 2 2 2 2 2 2 2 2
left_child=1 2 7 6 21 -6 30 11 9 -9 -10 12 -1 -13 22 16 -16 -18 20 -20 -17 -5 24 28 25 -3 -26 -8 -24 -2 -4
right_child=29 14 3 4 5 -7 27 8 10 -11 -12 13 -14 -15 15 18 17 -19 19 -21 -22 -23 23 -25 26 -27 -28 -29 -30 -31 -32
leaf_value=-0.03239170793272441 0.0011418535068748036 0.036321977411893067 0.0061682198200466772 0.039232376163515992 0.0096405832253443225 -0.043715719183838715 0.039238867010019288 -0.0017646054334084275 -0.00088229114164696369 0.031909594227180427 -0.036140639543907914 -0.0065666571956102043 0.022321040680471603 -0.022896336381052113 -0.022225167309726516 0.014324673889824759 0.023795786624026174 -0.022924981281757132 0.0030773736938840071 -0.021410083048640286 -0.020438870418567956 -0.0051430568749845397 -0.050141306851625433 0.035479534158027154 -0.01206346912402367 0.0089508303112220185 0.033480304581944446 0.014421683379939786 -0.0078031283109040667 -0.048765882779674107 -0.033925590315313552
leaf_weight=3.053741310723125 0.81254662107676168 8.764302151044836 0.93715224415064513 2.7428209746722114 1.8277840949594972 4.2774909440195188 4.4504298935644355 8.1422112528234738 38.58153192687314 8.7038898132741433 4.0310979027999556 48.321317975409329 9.2750147683545929 19.915877783438191 3.498895080760124 3.1053608392830965 17.620234728907239 2.2506029619835308 55.748087626649067 6.2860015623737118 16.652155425166711 2.8529566144570708 1.5122146229259659 1.9459252915112299 5.0953814976382992 10.338476074510252 1.7585682496428487 13.156692074611781 3.7336181950522587 1.1307128057815132 1.4105713947210459
leaf_count=43 37 107 7 35 14 151 37 53 622 54 161 965 98 267 35 38 230 61 863 132 315 35 31 18 101 127 16 240 86 59 55
internal_value=0 0.000199578 -0.001978 0.00788675 -0.00638165 -0.0278156 0.0162683 -0.00421983 0.00134989 0.0157451 -0.004367 -0.00833238 0.00845364 -0.0113885 0.0029063 0.000206235 0.0121002 0.0183179 -0.00320285 0.000532368 -0.0148647 0.0170262 0.0114066 -0.00540943 0.0160955 0.021758 7.28058e-05 0.0210554 -0.0213522 -0.0292225 -0.0183473
internal_weight=0 309.99 171.681 31.6559 11.7011 6.10528 19.9548 140.025 59.4587 16.8461 42.6126 80.566 12.3288 68.2372 138.31 105.161 23.3697 19.8708 81.7916 62.0341 19.7575 5.59578 33.1485 7.19176 25.9567 19.1028 6.85395 17.6071 5.24583 1.94326 2.34772
internal_count=5093 4997 2837 574 235 165 339 2263 890 107 783 1373 141 1232 2160 1674 326 291 1348 995 353 70 486 135 351 234 117 277 117 96 62
is_linear=0
shrinkage=0.0472155


Tree=106
num_leaves=12
num_cat=0
split_feature=20 3 2 56 0 1 60 62 38 57 26
split_gain=1.25702 0.83582 1.24323 1.03731 2.07937 2.48642 1.79135 1.75956 2.19716 2.03645 0.489599
threshold=1.5000000000000002 95.500000000000014 9.5000000000000018 0.36038961038961043 3.5000000000000004 3.5000000000000004 0.15419580419580417 5.5000000000000009 35.000000000000007 2.7500000000000004 2.5000000000000004
decision_type=2 2 2 2 2 2 2 2 2 2 2
left_child=1 2 3 7 5 -5 -6 9 -9 -1 -4
right_child=-2 -3 10 4 6 -7 -8 8 -10 -11 -12
leaf_value=-0.0044197001063622215 -0.032389128624475766 0.026268651246413702 -0.047015404179603162 0.0019804944605835545 0.01062858484335878 -0.028622293060488194 0.050077948215509142 0.0097366463249904025 -0.010248976652909338 -0.028047510755894126 -0.0097286114280502965
leaf_weight=71.924913258873858 2.4734425614587954 2.5589668676257125 1.4682405660860234 132.0877934776945 22.894525968236852 6.0200115520274258 2.7608781596645704 40.145554419839755 17.435272171744145 9.0317651191726309 1.8340607569552956
leaf_count=1045 21 19 33 2436 359 141 16 487 302 190 44
internal_value=0 0.00027821 4.35506e-05 0.000368346 0.00291267 0.000607323 0.0152095 -0.00263448 0.00366115 -0.00711849 -0.0280249
internal_weight=0 308.162 305.603 302.301 163.763 138.108 25.6554 138.538 57.5808 80.9567 3.3023
internal_count=5093 5072 5053 4976 2952 2577 375 2024 789 1235 77
is_linear=0
shrinkage=0.0472155


Tree=107
num_leaves=28
num_cat=0
split_feature=57 48 61 60 63 52 52 25 48 7 62 7 48 31 53 38 62 38 47 62 52 7 31 54 48 61 47
split_gain=0.675257 1.98614 3.19944 1.59639 1.37166 1.36328 1.20687 1.18073 0.877662 0.929258 1.57024 1.82954 1.68164 1.66974 1.58421 1.27396 1.54158 2.81265 1.51908 1.3427 2.46285 1.98312 1.00874 0.981688 0.573185 0.403285 0.0689423
threshold=3.7500000000000004 1.4500000000000002 0.22382841039557452 0.040875999522616009 11.500000000000002 10.500000000000002 13.500000000000002 1.0000000180025095e-35 8.3500000000000032 11.500000000000002 2.5000000000000004 17.500000000000004 0.25000000000000006 1.5000000000000002 4.5000000000000009 65.000000000000014 5.5000000000000009 85.000000000000014 37.750000000000007 3.5000000000000004 2.5000000000000004 5.5000000000000009 11.500000000000002 38.050000000000004 1.0500000000000003 0.17344352617079889 38.650000000000013
decision_type=2 2 2 2 2 2 2 2 2 2 2 2 2 2 2 2 2 2 2 2 2 2 2 2 2 2 2
left_child=8 3 5 -2 24 25 -7 -8 9 15 13 12 -12 23 -13 19 18 -18 -17 20 -1 -21 -15 -11 -5 -3 -4
right_child=1 2 26 4 -6 6 7 -9 -10 10 11 14 -14 22 -16 16 17 -19 -20 21 -22 -23 -24 -25 -26 -27 -28
leaf_value=0.014245521072537203 -0.026463607579821195 -0.048714639539426195 -0.0374552170253038 -0.015685606142116199 0.036184125508957846 0.041374768149332386 -0.035807802988296791 0.030639271367000242 0.031191118763721579 0.0067480828148109131 -0.017591757935111248 -0.010691642947567775 0.018375883615556383 0.022288124951788425 0.0030922210474656269 -0.0050544158652316038 0.016987327064992362 -0.030447409060279179 0.024658028904109147 0.0022670657667910477 -0.016643937093614374 -0.016508903798877737 0.0013273711348565907 -0.038288359749752643 0.011741857179068685 -0.0044197586911801619 -0.06440354963914606
leaf_weight=6.815890959929674 2.7488270726753425 1.11083507502917 1.5632258952828126 2.7570262972731125 3.5007754163816571 1.7957718231482434 1.2911785698379392 0.83120239968411613 1.9038963252678502 2.1079972339794066 3.2918790942057994 33.322053851909004 17.815388241666369 19.855797679047104 41.527955822413787 5.4261088110506597 5.3593252368736994 5.4369757710956037 12.250511920894494 75.987260247813538 32.60732551838737 14.833405817393212 6.9963717875070861 1.9062541904859243 3.8612312363693491 0.8246546946465968 2.3365859158802778
leaf_count=76 57 57 41 41 29 49 107 22 24 32 31 432 255 276 774 113 65 158 197 1056 613 300 106 32 36 24 90
internal_value=0 -0.00782211 -0.0237043 0.00432308 0.0130569 -0.00119249 0.0146268 -0.00915151 0.000619971 0.000394884 0.00340751 0.000413701 0.0126374 0.012639 -0.00304615 -0.0020094 0.00700138 -0.00694634 0.015541 -0.00399098 -0.0112478 -0.000818297 0.0168947 -0.0151903 0.000111201 -0.0320802 -0.0558331
internal_weight=0 22.6213 9.75345 12.8679 10.119 5.85364 3.91815 2.12238 287.444 285.541 126.824 95.9573 21.1073 30.8664 74.85 158.717 28.4729 10.7963 17.6766 130.244 39.4232 90.8207 26.8522 4.01425 6.61826 1.93549 3.89981
internal_count=5093 553 390 163 106 259 178 129 4540 4516 1938 1492 286 446 1206 2578 533 223 310 2045 689 1356 382 64 77 81 131
is_linear=0
shrinkage=0.0472155


Tree=108
num_leaves=44
num_cat=0
split_feature=7 63 57 56 55 3 47 45 39 41 7 57 55 63 61 27 1 52 46 53 64 45 42 1 1 52 60 52 56 42 47 64 61 13 13 61 2 24 61 6 42 48 31
split_gain=0.726948 1.69873 3.45582 2.92889 2.86396 2.48156 3.62931 2.80882 2.02574 2.32233 1.76823 2.3253 1.50564 1.49516 2.08576 1.61291 2.79482 1.79883 1.69885 2.47916 1.64907 1.50371 1.44506 1.23131 1.89617 1.658 1.33211 1.16738 2.6491 2.3858 1.95807 1.95221 1.89924 1.7147 1.16722 1.15071 1.11977 1.07655 1.53193 1.05359 0.835749 0.683468 0.343543
threshold=7.5000000000000009 7.5000000000000009 1.0000000180025095e-35 0.81534090909090928 2.7500000000000004 1.5000000000000002 38.45000000000001 9.5000000000000018 9.5000000000000018 2.1500000000000008 5.5000000000000009 1.7500000000000002 0.45000000000000007 4.5000000000000009 0.35747051114023592 8.5000000000000018 1.0000000180025095e-35 35.000000000000007 7.5000000000000009 8.5000000000000018 9.0500000000000025 105.00000000000001 0.77350427350427364 9.5000000000000018 3.5000000000000004 6.5000000000000009 0.090410506070441168 7.5000000000000009 0.36931818181818182 0.39444444444444454 38.050000000000004 31.250000000000004 0.21575680631965019 1.0000000180025095e-35 1.0000000180025095e-35 0.28430709802028004 2.5000000000000004 1.5000000000000002 0.16433463796477493 3.5000000000000004 0.93095238095238109 0.25000000000000006 13.500000000000002
decision_type=2 2 2 2 2 2 2 2 2 2 2 2 2 2 2 2 2 2 2 2 2 2 2 2 2 2 2 2 2 2 2 2 2 2 2 2 2 2 2 2 2 2 2
left_child=1 2 5 4 12 6 41 -8 9 -7 27 35 -4 14 23 16 18 20 19 -15 -18 -19 -5 24 25 -2 -26 28 33 30 -29 -31 -30 -3 -17 -12 -6 42 -39 -20 -10 -1 -36
right_child=13 10 3 22 36 8 7 -9 40 -11 11 -13 -14 15 -16 34 17 21 39 -21 -22 -23 -24 -25 26 -27 -28 29 32 31 -32 -33 -34 -35 37 -37 -38 38 -40 -41 -42 -43 -44
leaf_value=0.018160291747650454 0.022589484985934074 0.016039701684003208 -0.0099122719576799981 0.031236653432628891 -0.009468550826417033 -0.0058872921636429522 -0.049763553868826402 0.019102562609213069 -0.030620118788416369 0.040579301088155308 -0.062817927212540023 0.014023462197118284 -0.043857909798846011 -0.0085938950351129601 0.043044026059694596 0.007495751889877349 0.0047481354695567942 0.00028791037808347035 -0.012544694250380456 0.024811620687057442 0.023809681482688597 -0.041899649005954678 -0.020595982926450797 0.040865170271891842 -0.034666380150545711 0.0015700747401903071 0.011857129192270319 0.0083934259107790923 -0.002082025086959986 0.022310402861828529 -0.018547285986114829 -0.013272193810995037 -0.047199558327307885 -0.016144249802615387 -0.044832244471579082 -0.0052468370703695711 0.040085709761212909 0.029222865715332863 -0.027136876946582462 -0.040513912548989013 0.0049288659224138338 0.050258904411398672 -0.015674674052295196
leaf_weight=2.6622174496296775 12.187058484414591 11.930617963895207 3.896440024487684 3.0424164646537966 3.3422988114180034 11.457136600161904 2.2355955003295094 2.7545256769517437 7.824049254646523 2.8436014628969124 2.4375508627854283 2.2798188510350883 13.844459793530403 19.846814949996773 3.5426277616061261 3.3233581020031115 23.028402084484696 13.382199975778347 12.706698967376726 6.4047258922364554 18.182240106281824 2.0109968055039635 1.7455886792158706 2.0084833344444624 4.0791210121242321 26.205025399569422 1.8930155085399745 14.256217054557057 3.9894676350522769 24.092715487349782 10.12741787615232 3.8615883847232899 4.2830425214488059 5.1313111021881914 4.0672133711632323 1.1846664650365708 1.2530217914609236 1.5638547167181966 2.6379408222856 3.9406724011059842 1.7161404265789313 4.628650582395494 1.5725415572524069
leaf_count=29 139 136 52 52 97 160 25 44 202 38 71 49 286 250 34 45 170 194 359 74 375 85 45 15 90 446 20 156 69 224 175 291 67 72 106 18 19 25 52 125 31 46 35
internal_value=0 -0.00240684 -0.00823598 -0.0209157 -0.0280717 0.00132247 0.0184329 -0.0122655 -0.00753468 0.00368657 0.00200472 -0.0225152 -0.0366082 0.00217375 0.00896202 -0.000837175 0.00122158 0.0081053 -0.0078423 -0.000308943 0.0132389 -0.00559116 0.0121495 0.00619236 0.00445368 0.00833142 -0.0198967 0.00392264 -0.00436046 0.00794559 -0.00282215 0.0173201 -0.0260119 0.00625733 -0.0162579 -0.0452691 0.00488314 -0.0243346 -0.00568295 -0.0195565 -0.0241852 0.0393255 -0.03753
internal_weight=0 146.821 63.2461 27.1242 22.3362 36.1219 12.281 4.99012 23.8409 14.3007 83.5744 5.90204 17.7409 162.583 49.9153 112.668 99.5028 56.6038 42.8989 26.2515 41.2106 15.3932 4.78801 46.3727 44.3642 38.3921 5.97214 77.6724 25.3344 52.3379 24.3836 27.9543 8.27251 17.0619 13.1649 3.62222 4.59532 9.84155 4.2018 16.6474 9.54019 7.29087 5.63975
internal_count=5093 2454 1126 551 454 575 144 69 431 198 1328 138 338 2639 744 1895 1632 824 808 324 545 279 97 710 695 585 110 1190 344 846 331 515 136 208 263 89 116 218 77 484 233 75 141
is_linear=0
shrinkage=0.0472155


Tree=109
num_leaves=11
num_cat=0
split_feature=64 3 15 15 56 1 56 38 15 46
split_gain=0.772109 0.609272 0.916574 0.944828 0.75055 1.59924 1.44991 0.716867 0.367109 0.0303428
threshold=215.55000000000004 95.500000000000014 52.500000000000007 49.500000000000007 0.36038961038961043 1.0000000180025095e-35 0.31009615384615391 45.000000000000007 57.000000000000007 4.5000000000000009
decision_type=2 2 2 2 2 2 2 2 2 2
left_child=1 2 3 4 6 -6 -1 -4 9 -2
right_child=8 -3 7 -5 5 -7 -8 -9 -10 -11
leaf_value=-0.00097825372804472423 -0.0052559348612318136 0.022432484941002227 -0.044125578981883344 0.022956628134518046 -0.0027738583973570697 0.00670822668959049 -0.017350814567064325 -0.004105030653628482 0.014866175264850953 -0.042136959831794475
leaf_weight=122.08275408763438 0.15075969812460144 2.5438037430867544 1.6604224573820818 3.8688641511835149 75.635462535137776 82.867637047660537 13.223250498645937 2.3630568510852754 0.22037234716117371 1.2335042263730427
leaf_count=1719 18 21 37 45 1327 1318 219 43 6 340
internal_value=0 0.000181283 -1.7086e-05 0.00028958 -2.01903e-05 0.00218136 -0.00260344 -0.021926 -0.031009 -0.0395759
internal_weight=0 304.245 301.701 297.678 293.809 158.503 135.306 4.02348 1.60464 1.38426
internal_count=5093 4729 4708 4628 4583 2645 1938 80 364 358
is_linear=0
shrinkage=0.0472155


Tree=110
num_leaves=23
num_cat=0
split_feature=47 35 25 47 52 45 61 25 11 54 52 15 12 38 45 48 30 53 39 61 42 19
split_gain=0.661458 1.21123 1.18779 1.16766 1.11596 1.90463 1.53165 1.10287 0.929451 1.29479 1.45733 1.20792 1.08924 1.49206 1.87447 1.24705 0.994693 0.937527 0.786961 0.647673 0.500959 0.116976
threshold=36.150000000000013 1.0000000180025095e-35 1.5000000000000002 36.250000000000007 65.000000000000014 25.000000000000004 0.089087301587301507 1.0000000180025095e-35 1.5000000000000002 38.250000000000007 5.5000000000000009 11.500000000000002 7.5000000000000009 6.5000000000000009 19.000000000000004 1.0000000180025095e-35 1.0000000180025095e-35 10.500000000000002 6.5000000000000009 0.17749472414832682 0.14835164835164832 27.500000000000004
decision_type=2 2 2 2 2 2 2 2 2 2 2 2 2 2 2 2 2 2 2 2 2 2
left_child=1 2 4 -2 5 6 -1 -3 12 10 -10 -12 13 14 -5 -15 17 -11 -6 -14 -7 -18
right_child=3 7 -4 8 18 20 -8 -9 9 16 11 -13 19 15 -16 -17 21 -19 -20 -21 -22 -23
leaf_value=-0.039044894047302596 0.032476148648993119 -0.00689059409044752 -0.043927847018770963 -0.004155518533564339 0.028351539036067481 -0.0067397766697718658 0.00024925747800288929 0.04150446436415365 0.032433592835908014 0.0013127883375551293 0.019718057050111922 -0.018511439442942878 0.00098330444345369299 -0.010810022375319297 -0.048184048823249712 0.0040894878533806025 -0.059415303277373391 -0.043252365653531862 -0.010985517084436165 0.034008582486437587 -0.036326997689655922 -0.030277108308682021
leaf_weight=2.2335273497737971 2.4160556950373566 1.841066456632688 1.7400166651932512 50.359743851004168 3.1888695193920276 1.8231259593740095 26.621545948670246 2.0883632416371256 2.3883976400829878 3.8797650537453583 2.3816307166125608 6.4269707802450284 2.1778434766456476 13.356358370278029 2.0846894138958296 166.02780234167585 1.1840381117071959 1.2511793189914895 1.5654448613058773 3.4192349191289395 5.6646069041453302 1.6323627022793514
leaf_count=82 31 42 45 938 41 21 397 22 28 89 41 132 30 152 61 2631 29 53 57 33 90 48
internal_value=0 -0.00515713 -0.00748936 0.000934106 -0.00575115 -0.00858797 -0.00298713 0.0193454 0.000612625 -0.00934277 0.000997322 -0.00792033 0.00142437 0.000916315 -0.00607243 0.00296706 -0.023698 -0.0105009 0.0153378 0.0216899 -0.029526 -0.0455031
internal_weight=0 46.7666 42.8371 258.986 41.0971 36.3428 28.8551 3.92943 256.57 19.1443 11.197 8.8086 237.426 231.829 52.4444 179.384 7.94735 5.13094 4.75431 5.59708 7.48773 2.8164
internal_count=5093 797 733 4296 688 590 479 64 4265 420 201 173 3845 3782 999 2783 219 142 98 63 111 77
is_linear=0
shrinkage=0.0472155


Tree=111
num_leaves=37
num_cat=0
split_feature=40 40 56 31 63 38 62 60 4 63 1 48 7 42 16 59 60 40 65 48 49 49 60 61 25 47 3 59 19 64 62 52 54 42 53 31
split_gain=0.624164 2.10174 2.18425 1.85947 2.60906 2.51938 2.48901 2.29017 1.70864 1.66603 1.53827 1.53225 1.3204 1.29097 1.43981 1.15857 1.45593 1.10725 2.85877 1.76858 1.70943 1.10657 1.03486 1.86014 1.02004 1.09797 0.986898 0.801318 0.781713 0.757215 0.715279 0.697545 0.566794 0.534198 0.347842 0.310571
threshold=36.750000000000007 37.150000000000013 0.36931818181818182 1.0000000180025095e-35 7.5000000000000009 55.000000000000007 4.5000000000000009 0.083067940552016967 1.0000000180025095e-35 12.500000000000002 1.0000000180025095e-35 0.65000000000000002 1.5000000000000002 0.087121212121212113 2.5000000000000004 -1.0000000180025095e-35 0.081165540540540523 37.45000000000001 4.5000000000000009 1.2500000000000002 0.58578431372549034 0.45804195804195807 0.085801928133216465 0.17083593912862202 2.5000000000000004 40.550000000000004 31.500000000000004 75.000000000000014 9.5000000000000018 8.8500000000000032 4.5000000000000009 19.000000000000004 38.150000000000013 0.37980769230769235 7.5000000000000009 7.5000000000000009
decision_type=2 2 2 2 2 2 2 2 2 2 2 2 2 2 2 2 2 2 2 2 2 2 2 2 2 2 2 2 2 2 2 2 2 2 2 2
left_child=3 2 10 4 5 11 7 8 -5 12 -2 -1 29 14 15 32 -17 18 20 -20 -15 -9 23 -4 25 -19 27 31 -29 -6 -26 -8 -3 -11 -13 -10
right_child=1 13 22 6 9 -7 26 21 35 33 -12 34 -14 17 -16 16 -18 24 19 -21 -22 -23 -24 -25 30 -27 -28 28 -30 -31 -32 -33 -34 -35 -36 -37
leaf_value=-0.0012927168408244903 0.011755225716933701 0.037712868024986392 0.036943352564729172 0.0082747896216646324 -0.0062248131105391777 0.024324566976892864 -0.062147390334552487 0.033254614182078507 -0.050856393188624928 -0.029255456880115775 -0.027002639786751555 -0.072228052373606258 0.041159665488211143 -0.050692229271233603 -0.019215291975457644 0.018398593438822639 -0.025241173138678803 0.00099425070827543192 0.020524335411316166 -0.029280752792722894 -0.0063913403058640482 -0.0018597932236187849 0.042576540572139956 -0.010984276517341839 -0.0010022374801261632 -0.01197904437130117 -0.0017821640627169782 0.00057251105355745854 -0.039308320736150329 0.024310304569215214 -0.049378391126373773 -0.023758674713734319 0.013485907934558198 0.0049810144403288625 -0.034887476307879708 -0.018865459308784686
leaf_weight=2.1160855628550079 6.1748463357798773 5.1763213910162484 3.6881868429481965 2.6141515108756739 3.3295553065836447 2.1701808888465166 3.1940875402651709 4.1092290338128805 2.3588400331791495 1.757152467966079 3.3860474477987736 1.3518536952324214 5.3656452475115657 4.6925380006432516 2.7658601996954522 4.2991459347540522 2.5755235087126493 179.46132513287012 5.6848872515838584 2.0056743082823232 3.3857431076467037 3.6584645996335894 5.603095642873086 3.2421091654105112 1.246233312878757 15.648762713186441 2.3945993557572356 2.1733967184554785 1.9626656019827349 3.5878459315281361 1.4283884640317408 2.116059357766062 4.2744699066970497 1.9972053642850367 2.18554054107517 1.4496149637270717
leaf_count=24 51 39 40 38 27 31 57 32 62 24 44 27 46 44 42 60 32 3138 73 65 30 36 41 50 31 522 38 32 53 38 33 30 50 34 51 28
internal_value=0 0.000946624 0.0148044 -0.00481968 0.00466626 -0.017403 -0.0135126 -7.60109e-05 -0.0206792 0.0155441 -0.00214339 -0.0337813 0.0238973 -0.000376815 0.0113255 0.0166879 0.00173689 -0.00143443 -0.0134055 0.00709055 -0.0327327 0.0169584 0.0276351 0.0147128 -0.000465735 -5.27634e-05 -0.0293258 -0.0360814 -0.0190296 0.00973077 -0.0285107 -0.048214 0.027267 -0.0114676 -0.0520646 -0.0402061
internal_weight=0 254.739 22.0943 49.8922 23.8611 7.82366 26.0311 14.1903 6.42261 16.0374 9.56089 5.65348 12.283 232.645 19.0913 16.3255 6.87467 213.554 15.7688 7.69056 8.07828 7.76769 12.5334 6.9303 197.785 195.11 11.8408 9.44621 4.13606 6.9174 2.67462 5.31015 9.45079 3.75436 3.53739 3.80845
internal_count=5093 4385 226 708 302 133 406 196 128 169 95 102 111 4159 223 181 92 3936 212 138 74 68 131 90 3724 3660 210 172 85 65 64 87 89 58 78 90
is_linear=0
shrinkage=0.0472155


Tree=112
num_leaves=45
num_cat=0
split_feature=56 1 53 55 4 63 63 27 41 58 3 42 49 64 60 49 39 52 8 40 26 52 39 52 41 38 49 39 54 62 45 61 59 27 52 40 56 52 41 45 59 49 42 42
split_gain=0.759024 2.01813 2.18225 2.1279 2.05078 1.65733 2.32274 1.90384 1.57678 1.58341 1.57317 1.57112 1.21899 1.1854 1.03381 0.990002 1.88267 1.88192 1.82421 1.45043 1.36269 1.59183 1.24688 1.88288 1.71033 1.67803 1.37501 1.3351 2.25762 1.22117 1.1787 1.80511 1.4818 1.12693 0.959909 1.07523 1.59798 0.900925 0.756939 0.693486 0.647747 0.619628 0.435819 0.235577
threshold=0.60555555555555574 1.0000000180025095e-35 7.5000000000000009 1.0500000000000003 4.5000000000000009 13.500000000000002 9.5000000000000018 2.5000000000000004 2.1500000000000008 -1.4999999999999998 10.500000000000002 0.36931818181818182 0.82085561497326209 4.8500000000000005 0.017095265926358804 0.4330357142857143 3.5000000000000004 2.5000000000000004 1.0000000180025095e-35 41.750000000000007 1.5000000000000002 55.000000000000007 4.5000000000000009 75.000000000000014 0.65000000000000002 45.000000000000007 0.14835164835164832 3.5000000000000004 40.650000000000013 2.5000000000000004 8.5000000000000018 0.24278779472954229 -249.99999999999997 1.5000000000000002 65.000000000000014 37.350000000000001 0.80625000000000013 25.000000000000004 6.5500000000000007 75.000000000000014 -1.0000000180025095e-35 0.74166666666666681 0.70294117647058829 0.55050505050505061
decision_type=2 2 2 2 2 2 2 2 2 2 2 2 2 2 2 2 2 2 2 2 2 2 2 2 2 2 2 2 2 2 2 2 2 2 2 2 2 2 2 2 2 2 2 2
left_child=15 2 4 34 11 6 7 -5 9 13 -8 -2 -11 -4 -7 22 17 -17 19 29 21 -19 23 27 26 -25 -24 28 -1 -18 31 -26 -32 -29 35 -3 -37 -13 39 -10 -36 -42 -21 -20
right_child=1 3 8 5 -6 14 10 -9 38 12 -12 37 -14 -15 -16 16 18 20 43 42 -22 -23 24 25 30 -27 -28 33 -30 -31 32 -33 -34 -35 40 36 -38 -39 -40 -41 41 -43 -44 -45
leaf_value=-0.0044726759161824179 -0.0001718748578501791 0.037547851854039943 0.024953394440401948 -0.027946853543391405 0.022622992282935128 0.0089419578445112981 0.0428908961871644 0.006165711428459575 -0.046588110494257894 0.0064217508423131311 0.0036898257621475221 -0.048570076417165903 0.034206670452910072 -0.020592793396538026 -0.053713910801758614 0.016997384309293564 0.014937507924425544 -0.041627291216870012 -0.051079805061701421 -0.048870008672437792 0.0083009722563739553 -0.0072351993011234208 -0.00148816256951346 -0.00033937028279510149 -0.00028292963722536879 0.044185470427639727 -0.053339536237981412 0.026457137743195358 0.035108945142222077 -0.0019570241515585248 -0.029539533984292352 -0.027345093210770031 0.0055553123642879563 -0.0039052639318590847 0.020259345654189308 0.023824494937985601 -0.014662713745979938 -0.01856351544512989 0.0090673571010903425 0.0023603803866173974 -0.030545778217052341 0.0098637772401379102 -0.0045152531774506344 -0.020548602515556569
leaf_weight=40.021890668664128 4.2068482150789377 7.7461262349970701 1.5212723948061526 5.8488430666038829 2.2558069257065645 0.75921514909714405 4.2886813373770547 9.0691249733790738 2.182981710764579 8.4805401931516808 4.8248997918562964 5.0380283624399436 6.0637234958703621 4.9656984165194444 1.7378414028789846 2.6557562905363765 12.536316861514932 9.2000336081255245 1.320786688011139 1.4748201140901067 2.2626436090795314 4.6106176120229057 2.058939052745699 3.0105348639190188 15.698116150917487 4.7439674017950892 2.485943648731336 7.9887771497014892 3.3153674739878616 37.916075642453507 2.6966231232509008 8.3229290293529612 40.018338697147556 3.9782053548842669 2.0912151131778955 10.227462960872797 2.9757474840153 4.6688260466326028 1.1971887616673482 0.8321245695115066 1.6963972402736538 1.3907537159975616 0.80837888608220954 1.7451889510266481
leaf_count=408 55 55 12 165 27 23 54 210 129 187 129 115 102 136 59 31 212 167 28 76 22 76 19 40 257 33 46 64 34 747 41 143 673 41 28 95 51 87 21 49 37 23 51 35
internal_value=0 0.00351784 -0.00425996 0.009641 -0.0177139 0.000179841 0.00409793 -0.00733487 0.00439502 0.00971905 0.0226674 -0.0244993 0.0183187 -0.00943959 -0.035084 -0.00158596 -0.00594435 -0.0188259 -0.00156393 0.00053527 -0.024904 -0.0304262 0.000831828 0.0056639 -0.00343723 0.0271921 -0.030913 0.00255739 -0.0013007 0.00226526 -0.00148042 -0.00981628 0.00321316 0.0163997 0.0191576 0.0236248 0.0150235 -0.0347874 -0.0213667 -0.0334881 0.000783234 -0.0125907 -0.0348688 -0.0359491
internal_weight=0 94.0693 41.413 52.6563 16.1695 26.5286 24.0315 14.918 25.2435 21.0312 9.11358 13.9137 14.5443 6.48697 2.49706 208.87 74.5306 18.7291 55.8016 52.7356 16.0733 13.8107 134.34 63.0587 71.2809 7.7545 4.54488 55.3042 43.3373 50.4524 66.736 24.021 42.715 11.967 26.1277 20.9493 13.2032 9.70685 4.2123 3.01511 5.17837 3.08715 2.2832 3.06598
internal_count=5093 1849 920 929 284 640 558 375 636 437 183 257 289 148 82 3244 1445 296 1149 1086 265 243 1799 620 1179 73 65 547 442 959 1114 400 714 105 289 201 146 202 199 178 88 60 127 63
is_linear=0
shrinkage=0.0472155


Tree=113
num_leaves=32
num_cat=0
split_feature=40 40 56 31 40 7 15 4 61 60 23 1 49 63 62 63 52 1 64 59 42 65 47 40 48 63 64 42 64 59 28
split_gain=1.5966 3.00164 3.50549 2.57973 4.00149 2.43735 2.42893 1.96605 1.93454 1.88818 1.85072 1.66602 1.44314 1.41516 1.40825 1.31999 1.19769 1.17624 1.17486 1.15582 1.65104 1.64621 1.26708 2.04819 1.37017 0.948703 0.932236 0.823145 0.758905 0.753511 0.597156
threshold=36.750000000000007 37.150000000000013 0.36931818181818182 1.0000000180025095e-35 36.550000000000004 1.5000000000000002 5.5000000000000009 9.5000000000000018 0.23546315077755239 0.081165540540540523 1.0000000180025095e-35 1.0000000180025095e-35 0.68990384615384626 5.5000000000000009 3.5000000000000004 7.5000000000000009 11.500000000000002 2.5000000000000004 4.4500000000000011 -1.0000000180025095e-35 0.087121212121212113 9.5000000000000018 39.150000000000013 39.850000000000001 0.95000000000000007 5.5000000000000009 10.250000000000002 0.46770833333333339 8.8500000000000032 -1.0000000180025095e-35 2.5000000000000004
decision_type=2 2 2 2 2 2 2 2 2 2 2 2 2 2 2 2 2 2 2 2 2 2 2 2 2 2 2 2 2 2 2
left_child=3 2 11 5 6 8 16 19 15 17 12 -2 -4 -11 -7 -1 18 -8 -5 20 26 -22 23 -21 -24 -18 -3 -16 -17 -10 -9
right_child=1 7 10 4 -6 14 9 30 29 13 -12 -13 -14 -15 27 28 25 -19 -20 22 21 -23 24 -25 -26 -27 -28 -29 -30 -31 -32
leaf_value=-0.025115827393372685 0.010475462251452079 0.032004014373055431 0.019258643844606974 -0.0084452773833354304 -0.057936502094099313 -0.010131342929771402 -0.00049667782946850002 -0.060065330798538805 -0.050698898177506876 0.038498279906021136 0.0073042255480616318 -0.029933262039434472 0.059411665887592287 -0.0014900681796815648 0.040335366752839476 -0.00128699203275514 0.024708415624377582 -0.046768841916516327 -0.053617006548881824 0.0035218863656591411 -0.0005827024676464946 0.01870815414066411 -0.035224289954009266 -0.014799844462526862 -0.006448088848390392 -0.02360549757558314 0.0027402076314997858 0.0082559646186764254 0.032825940726812726 -0.013547958053006038 -0.013208446180403351
leaf_weight=2.1572463666088897 6.0551663842052239 6.8547005541622621 3.4681989469099772 1.9992344863712839 4.4057221442926666 2.4955958765931419 3.3793428430799377 1.3290338789811351 2.3877981095574796 3.8247325932607055 4.4261473804945117 3.4039023153018206 5.6790766250342131 3.8095677574165165 5.3095000290777516 2.644504152238369 1.3353614564985039 1.7753631672821937 4.0723143328214064 82.064552875992376 69.377426723949611 11.308753751101902 3.9930131310829884 16.120177357457578 34.685342923447024 2.0831544492393732 3.8375508827157319 2.8863128968514502 2.9293947853147984 2.7748011108487844 1.2996044489555059
leaf_count=49 51 44 43 15 42 42 73 28 31 32 53 44 35 45 46 23 25 47 80 1213 737 361 65 571 1044 47 63 42 38 31 33
internal_value=0 0.00152335 0.0177099 -0.00767269 -0.0176843 0.00367424 -0.0093059 -0.00010088 -0.0100615 0.00409776 0.0329396 -0.0042784 0.0449045 0.0188749 0.0201941 0.0048578 -0.0271829 -0.0175675 -0.0394999 0.000378751 0.00448846 0.0021477 -0.00236266 0.000486226 -0.0095808 -0.00426861 0.0217738 0.0295241 0.0169824 -0.0319513 -0.0394009
internal_weight=0 253.903 23.0325 50.2699 26.6848 23.5852 22.2791 230.87 12.8937 12.789 13.5734 9.45907 9.14728 7.6343 10.6914 7.73115 9.49006 5.15471 6.07155 228.242 91.3784 80.6862 136.863 98.1847 38.6784 3.41852 10.6923 8.19581 5.5739 5.1626 2.62864
internal_count=5093 4385 226 708 406 302 364 4159 172 197 131 95 78 77 130 110 167 120 95 4098 1205 1098 2893 1784 1109 72 107 88 61 62 61
is_linear=0
shrinkage=0.0472155


Tree=114
num_leaves=26
num_cat=0
split_feature=47 61 64 58 61 38 12 61 40 61 15 55 6 64 6 19 54 19 45 7 63 47 42 1 63
split_gain=0.828137 1.80586 1.49573 2.46821 1.0967 0.950847 0.986115 0.835323 1.79197 1.20231 1.64226 1.58761 1.42687 1.09344 0.988195 1.57084 1.98916 1.19086 1.16951 1.32181 0.820064 0.729528 0.474058 0.38429 0.186521
threshold=35.45000000000001 0.38784306826178755 4.8500000000000005 -2.4999999999999996 0.30795574288724981 6.5000000000000009 1.0000000180025095e-35 0.1329931972789116 36.350000000000001 0.12318229715489987 11.500000000000002 2.3500000000000001 5.5000000000000009 1.6500000000000001 5.5000000000000009 23.500000000000004 37.95000000000001 21.500000000000004 7.5000000000000009 61.500000000000007 8.5000000000000018 39.250000000000007 0.31009615384615391 1.0000000180025095e-35 6.5000000000000009
decision_type=2 2 2 2 2 2 2 2 2 2 2 2 2 2 2 2 2 2 2 2 2 2 2 2 2
left_child=1 2 4 24 -1 20 -7 8 23 10 11 -10 -12 -9 15 17 -17 -15 -16 -20 -5 22 -11 -2 -4
right_child=7 -3 3 5 -6 6 -8 13 9 21 12 -13 -14 14 18 16 -18 -19 19 -21 -22 -23 -24 -25 -26
leaf_value=-0.0010251954924216367 -0.045645565128049126 -0.052381492091611977 -0.025713830740327435 -0.010452266988268412 0.030745587096975474 -0.0021415251172362685 -0.029396407088341101 0.03158409795153061 -0.0071419676992779176 0.031940067160372544 0.022880173343546036 0.02013172361198505 -0.026496519240056218 -0.00086541129807879891 0.029584944601996448 -0.032587516110012579 -0.0027365919860934539 0.026869296858305605 0.012537175188063373 -0.01586215172610134 0.022909273676874401 0.050559350484179554 0 -0.010150502042658558 -0.058600217269317592
leaf_weight=6.5165811050683242 1.358507361961528 1.6699149997439224 1.1161828248295926 2.5483774724416497 3.6355100721120834 8.3352228618459758 4.4905358129180959 2.1814301051199427 21.560302225174386 1.7556629530154162 13.461636314517817 5.9136579424375659 1.2849529278464604 167.72331885050517 4.5935273421928313 7.780308271758261 13.531522348523138 3.3481989759020498 10.509145150310358 5.3707695528864852 3.98736172914505 1.9970146412961183 2.1510338612133637 1.5621542391600085 1.9875033051939679
leaf_count=56 56 20 40 55 21 167 128 19 495 18 279 235 51 2535 39 144 210 40 164 92 54 26 49 41 59
internal_value=0 -0.00688707 -0.00427098 -0.0110579 0.0106177 -0.00456228 -0.012001 0.000891405 0.00631094 0.00853372 0.00566146 -0.00115774 0.018274 -0.000396145 -0.000752608 -0.00180743 -0.0138411 -0.000291903 0.00905921 0.0028237 0.00987145 0.0282138 0.0149545 -0.0285169 -0.0489747
internal_weight=0 34.2872 32.6173 22.4652 10.1521 19.3615 12.8258 266.083 51.0449 48.1243 42.2205 27.474 14.7466 215.038 212.857 192.383 21.3118 171.072 20.4734 15.8799 6.53574 5.90371 3.9067 2.92066 3.10369
internal_count=5093 600 580 503 77 404 295 4493 1250 1153 1060 730 330 3243 3224 2929 354 2575 295 256 109 93 67 97 99
is_linear=0
shrinkage=0.0472155


Tree=115
num_leaves=22
num_cat=0
split_feature=59 41 60 60 56 61 26 59 52 56 1 63 55 28 38 46 53 3 7 48 2
split_gain=1.10763 2.78513 2.32446 2.35581 1.4286 1.21177 1.58033 1.06221 0.918846 0.762527 2.06371 3.0832 2.07743 1.20808 2.76769 1.11666 0.761675 0.640418 0.340519 0.13117 0.101499
threshold=350.00000000000006 0.75000000000000011 0.095346320346320318 0.079678081313325613 0.74166666666666681 0.07207792207792206 1.0000000180025095e-35 -1284.9999999999998 145.00000000000003 0.60555555555555574 1.0000000180025095e-35 12.500000000000002 3.0500000000000003 1.0000000180025095e-35 7.5000000000000009 14.500000000000002 10.500000000000002 9.5000000000000018 4.5000000000000009 0.95000000000000007 1.0000000180025095e-35
decision_type=2 2 2 2 2 2 2 2 2 2 2 2 2 2 2 2 2 2 2 2 2
left_child=7 4 3 5 20 16 -7 -1 9 13 11 -11 -12 15 -15 -9 -3 19 -10 -4 -2
right_child=1 2 17 -5 -6 6 -8 8 18 10 12 -13 -14 14 -16 -17 -18 -19 -20 -21 -22
leaf_value=-0.02932777395061276 -0.064643870156577646 -0.0040433082464423264 -0.02507584101308815 0.043546277481336333 0.0024941914742139435 -0.029547262480215018 0.023856379248316947 0.00044877579561151037 0 0.0025097407108922391 0.013487255882916594 -0.035359256215714431 -0.034870241142297309 -0.027343847740965418 0.00034523477042306614 0.016151519396976979 0.043458300770971826 -0.0053948301006512545 -0.03954495003724403 -0.053729107062311841 -0.033573290325872848
leaf_weight=2.4104387159459284 2.3141446361551092 1.3051382070407291 1.3293953533284359 3.177520331926643 1.1679046060889957 4.3170660279574804 1.5420112693682311 142.16687197668944 0.69903884292580132 29.684031749144197 46.144431537366472 5.5320346937514833 1.8976639499887813 11.195464897435157 27.370948373922147 10.702997514163142 1.4545980183174831 1.7335581951774655 1.5144871093798427 1.4653211792465297 1.1436231718398628
leaf_count=35 52 37 12 32 23 163 31 2032 25 608 720 170 94 202 425 222 33 33 57 46 41
internal_value=0 -0.0104246 -0.00107531 0.00994553 -0.0420423 -0.00298884 -0.0151008 0.000787934 0.00107078 0.00132574 0.00509318 -0.00356623 0.0114441 -0.000312546 -0.00776318 0.00156963 0.0218722 -0.0292241 -0.0280772 -0.0425984 -0.0566585
internal_weight=0 20.9503 16.3246 11.7963 4.62567 8.61881 5.85908 279.318 276.908 274.694 83.2582 35.2161 48.0421 191.436 38.5664 152.87 2.75974 4.52827 2.21353 2.79472 3.45777
internal_count=5093 503 387 296 116 264 194 4590 4555 4473 1592 778 814 2881 627 2254 70 91 82 58 93
is_linear=0
shrinkage=0.0472155


Tree=116
num_leaves=25
num_cat=0
split_feature=16 31 42 31 61 6 54 59 52 65 1 42 42 49 64 57 13 3 26 52 27 52 28 64
split_gain=0.980813 2.25727 1.77923 1.55139 1.14286 1.07329 1.06797 0.97053 1.11951 0.842034 1.29416 2.07132 1.43511 2.04971 1.56287 1.20541 1.19357 1.38661 1.57954 1.35914 1.14383 0.253686 0.197674 0.181268
threshold=4.5000000000000009 7.5000000000000009 0.32291666666666669 9.5000000000000018 0.18773496240601503 5.5000000000000009 38.150000000000013 525.00000000000011 25.000000000000004 5.5000000000000009 1.0000000180025095e-35 0.10357142857142856 0.25833333333333336 0.57738095238095244 2.3500000000000001 -2.2499999999999996 7.5000000000000009 22.500000000000004 1.0000000180025095e-35 10.500000000000002 1.0000000180025095e-35 25.000000000000004 1.0000000180025095e-35 7.9500000000000011
decision_type=2 2 2 2 2 2 2 2 2 2 2 2 2 2 2 2 2 2 2 2 2 2 2 2
left_child=7 4 6 -4 23 21 -3 9 -9 10 11 20 14 -14 -12 -13 17 18 -11 -19 -1 -5 -6 -2
right_child=1 2 3 5 22 -7 -8 8 -10 16 12 15 13 -15 -16 -17 -18 19 -20 -21 -22 -23 -24 -25
leaf_value=0.0013333821077045123 0.0045944122072839443 0.031150636318569021 0.02249578512310859 -0.062095394258650218 -0.029886676440823542 -0.0017394239148675911 -0.006526023216878952 -0.047684261642607972 0.0084052466997997458 0.0035268859844670001 0.024639716909764804 0.0045181721220464589 0.014240197211363069 -0.0039202385790459817 -0.0089014866506162676 -0.011120103379078939 0.04245991974421686 -0.027585245338000997 0.021774688667678236 0.00038151996433419781 0.031396035594764775 -0.023093664360418688 -0.05958228914208448 -0.018404011098222865
leaf_weight=7.4258164297789317 1.2395265102386503 4.3597882171161455 1.4290772101376203 1.6044736470794307 1.6459208694286647 1.6806102873524649 2.5393795460695401 1.7682731659151607 1.2345451025757936 71.059595470200293 3.3045615255832699 13.335991350002585 36.096833147108555 22.242667183279991 27.840462965890765 58.811475241556764 1.6333366910694156 5.3764380762586397 12.305488055106251 12.658482405240646 4.4401641823351383 0.94075153570156533 2.1412345445714891 1.4935051405336706
leaf_count=60 10 43 18 48 39 49 45 51 21 2150 26 125 294 210 266 580 24 202 293 404 29 28 29 49
internal_value=0 -0.010309 0.00142971 -0.0178485 -0.0324541 -0.0319911 0.0173732 0.000709458 -0.025228 0.00100923 -0.000995688 -0.00520162 0.00294833 0.00731424 -0.00520422 -0.00821659 0.00438754 0.00369579 0.00626816 -0.00810524 0.0129292 -0.0503312 -0.0487301 -0.00810236
internal_weight=0 19.0743 12.5541 5.65491 6.52019 4.22584 6.89917 279.534 3.00282 276.531 173.498 84.0134 89.4845 58.3395 31.145 72.1475 103.033 101.4 83.3651 18.0349 11.866 2.54523 3.78716 2.73303
internal_count=5093 358 231 143 127 125 88 4735 72 4663 1590 794 796 504 292 705 3073 3049 2443 606 89 76 68 59
is_linear=0
shrinkage=0.0472155


Tree=117
num_leaves=18
num_cat=0
split_feature=59 38 16 42 14 27 38 1 25 40 58 65 39 20 62 7 41
split_gain=0.849081 1.27094 0.81505 2.19266 1.27533 1.51704 1.17803 0.916746 0.868006 0.688821 1.36657 0.710755 0.676542 0.521653 0.483541 0.318906 0.201784
threshold=525.00000000000011 65.000000000000014 4.5000000000000009 0.46770833333333339 1.0000000180025095e-35 3.5000000000000004 10.500000000000002 10.500000000000002 2.5000000000000004 35.850000000000001 -2.4999999999999996 4.5000000000000009 5.5000000000000009 1.0000000180025095e-35 4.5000000000000009 78.000000000000014 1.6500000000000001
decision_type=2 2 2 2 2 2 2 2 2 2 2 2 2 2 2 2 2
left_child=2 -2 7 4 6 -6 -4 8 9 10 -1 -11 -5 16 -10 -7 -14
right_child=1 -3 3 12 5 15 -8 -9 14 11 -12 -13 13 -15 -16 -17 -18
leaf_value=-0.03081148632407002 -0.050866165704260981 0.010450487803218118 -0.0068144365290483391 -0.051188603110813441 -0.050127822106336616 -0.010831290003894673 0.029944010932637054 0.023698772467511998 -0.002835345652560938 -0.00080553404374345656 -0.0014738313308793037 0.0042630175115688602 -0.037517068587048605 0.011669104223242655 -0.044669286739897292 0.017143078074095406 -0.0077058225480313826
leaf_weight=4.1553688596468445 1.5861514226999127 1.2032096073962746 3.3192295728949848 2.4467823165468863 1.7058132337406275 1.680844131158665 4.2643052735365927 3.7020425866357973 1.1730368478456505 130.71215150784701 19.801458492991515 116.24162240565056 1.5989644669462002 0.88440924882888783 1.2796376983169464 1.5935668331803752 0.94830306980293233
leaf_count=95 57 17 47 49 32 36 46 35 34 1131 305 3031 52 17 32 22 55
internal_value=0 -0.0251434 0.000252079 -0.00930832 0.00186529 -0.0163067 0.0139811 0.000896252 0.000570116 0.000833846 -0.0067759 0.00157896 -0.0326593 -0.0174256 -0.0264292 0.00277468 -0.0278655
internal_weight=0 2.78936 295.508 18.4422 12.5638 4.98022 7.58353 277.065 273.363 270.911 23.9568 246.954 5.87846 3.43168 2.45267 3.27441 2.54727
internal_count=5093 74 5019 356 183 90 93 4663 4628 4562 400 4162 173 124 66 58 107
is_linear=0
shrinkage=0.0472155


Tree=118
num_leaves=8
num_cat=0
split_feature=10 1 60 60 60 64 40
split_gain=1.32521 1.27965 1.02091 0.918646 1.08945 1.01371 0.737459
threshold=1.5000000000000002 10.500000000000002 0.34514106583072107 0.2678571428571429 0.19082633053221285 178.25000000000003 37.850000000000001
decision_type=2 2 2 2 2 2 2
left_child=1 2 3 4 5 -1 -6
right_child=-2 -3 -4 -5 6 -7 -8
leaf_value=0.00052764707418895534 -0.034670396482955411 0.025976784097959227 -0.026660014988471682 0.025521265720373332 -0.001854863411118959 -0.029597180317186882 -0.044507370703058331
leaf_weight=280.9154424071312 2.2626931634731582 4.0848675067536524 3.0133725237101308 2.9851288604550055 1.7074167388491326 2.337054982664994 1.8688887306489048
leaf_count=4411 25 41 27 23 22 505 39
internal_value=0 0.000284487 -8.70122e-05 0.00020298 -7.36685e-05 0.000258686 -0.0253531
internal_weight=0 296.912 292.827 289.814 286.829 283.252 3.57631
internal_count=5093 5068 5027 5000 4977 4916 61
is_linear=0
shrinkage=0.0472155


Tree=119
num_leaves=25
num_cat=0
split_feature=16 28 64 65 59 64 16 13 3 6 46 47 38 3 63 60 55 48 60 64 7 18 58 59
split_gain=0.810695 0.975851 0.622855 0.774417 1.1431 1.31787 1.14296 1.02082 1.29506 1.01278 0.821583 1.23418 0.89717 0.47334 0.398215 0.382078 0.37438 0.393124 0.299346 0.110378 0.105809 0.105041 0.0742582 0.0224417
threshold=7.5000000000000009 3.5000000000000004 100.95000000000002 5.5000000000000009 350.00000000000006 6.2500000000000009 4.5000000000000009 7.5000000000000009 22.500000000000004 7.5000000000000009 14.500000000000002 40.750000000000007 10.500000000000002 6.5000000000000009 3.5000000000000004 0.053667434715821756 2.6500000000000008 1.2500000000000002 0.18237250554323722 17.450000000000003 2.5000000000000004 2.5000000000000004 -8.4999999999999982 485.00000000000006
decision_type=2 2 2 2 2 2 2 2 2 2 2 2 2 2 2 2 2 2 2 2 2 2 2 2
left_child=2 -2 3 4 10 -6 7 8 -5 19 11 -1 -12 18 21 -7 17 -16 22 -8 -18 -15 -4 -24
right_child=1 -3 13 6 5 15 9 -9 -10 -11 12 -13 -14 14 16 -17 20 -19 -20 -21 -22 -23 23 -25
leaf_value=-0.00040075458610373224 -0.044642937882164203 0.0059688091020053463 0 0.006657997363346992 -0.0031834455688077197 -0.018370192693396202 -0.017100123707621529 0.040670506550689954 -0.0077699517482267104 0.020692626901684379 0.024713057329131982 -0.023670750779098321 -0.0031597777127850058 -0.038261728518779535 -0.024055701910902415 -0.05305333593821937 0.0039190222859001901 0.019854279550182791 0.018169326426195467 -0.045006908331331016 -0.034683541243929424 -0.0031868076260402269 -0.038112519186182747 -0.010161627101569551
leaf_weight=161.59158799238503 1.7850069972919294 1.3981544851558281 0.16267346846871156 80.4182993050199 6.0743722822517139 1.5929905222728851 0.88568823225796212 1.5724742459133256 16.560485027963296 0.76503410656005133 5.7021536361426097 5.0741233900189391 4.4520147135481238 0.5761281942250206 0.38964119553566057 1.9318106733262537 0.13320797216147173 2.2897237957222387 0.15055702719837416 1.595563930692151 0.41768559033516794 0.35852310818154365 1.9143223944120102 0.29587229574099172
leaf_count=1426 45 30 37 1738 55 24 20 15 454 21 49 70 52 81 60 38 23 210 4 84 102 21 384 50
internal_value=0 -0.0230676 0.000262525 0.000599067 -0.00120686 -0.0169265 0.00390895 0.00483791 0.00417801 -0.0229079 -0.000333931 -0.00113718 0.0125834 -0.0137911 -0.00347608 -0.0391642 0.00450932 0.0121586 -0.0292465 -0.0370723 -0.0257643 -0.0280151 -0.0335503 -0.0356622
internal_weight=0 3.18316 294.905 288.217 186.419 9.59917 101.798 98.5513 96.9788 3.24629 176.82 166.666 10.1542 6.68834 4.16491 3.5248 3.23026 2.67936 2.52343 2.48125 0.550894 0.934651 2.37287 2.21019
internal_count=5093 75 5018 4046 1714 117 2332 2207 2192 125 1597 1496 101 972 497 62 395 270 475 104 125 102 471 434
is_linear=0
shrinkage=0.0472155


Tree=120
num_leaves=18
num_cat=0
split_feature=47 61 61 20 0 46 47 24 7 48 57 18 52 15 61 38 38
split_gain=0.64972 1.09215 1.39816 1.21311 1.20328 1.05257 1.02584 0.66242 0.804586 0.685667 2.31507 1.81217 1.73408 1.40946 1.92875 1.90733 0.44839
threshold=36.150000000000013 0.38784306826178755 0.34802018633540371 1.0000000180025095e-35 5.5000000000000009 11.500000000000002 36.250000000000007 2.5000000000000004 23.500000000000004 0.75000000000000011 -3.2499999999999996 2.5000000000000004 2.5000000000000004 13.500000000000002 0.075614636935391624 6.5000000000000009 25.000000000000004
decision_type=2 2 2 2 2 2 2 2 2 2 2 2 2 2 2 2 2
left_child=1 2 3 4 5 -1 -2 9 -9 10 11 -8 -12 15 -15 -11 -6
right_child=6 -3 -4 -5 16 -7 7 8 -10 13 12 -13 -14 14 -16 -17 -18
leaf_value=-0.0031488696452378023 0.029780032754115459 -0.039536901506819183 0.024443527409989507 0.031525620308294665 -0.060768594092885465 -0.030853355723070623 -0.04497529414474228 0.029220791604550891 -0.003981899285567852 -0.0065676699932762589 0.019944197202936366 0.0085928587047473456 -0.0035950416300028066 0.022538200766588731 -0.01005829367362193 0.0072299080127123981 -0.014352856982826364
leaf_weight=32.898738368763588 2.5446516257943577 1.8061498324386764 3.4541551215806967 1.6441340756136913 1.0805383145343506 3.2144235714804372 4.7326764361932865 3.7001598541392005 2.6867323610931635 28.378232937713619 7.6947934217751017 1.8782658427953718 61.158560008858331 4.4274906881619236 33.247359798639081 102.12897452205652 1.030906959204003
leaf_count=547 31 25 30 19 29 116 86 44 47 692 53 30 664 103 715 1831 31
internal_value=0 -0.00520688 -0.00360743 -0.00615009 -0.00792378 -0.00576959 0.000933295 0.000616501 0.0154215 0.000214962 -0.00351636 -0.0298314 -0.000911112 0.00189498 -0.006124 0.00421996 -0.0412228
internal_weight=0 45.129 43.3229 39.8687 38.2246 36.1132 252.578 250.033 6.38689 243.646 75.4643 6.61094 68.8534 168.182 37.6749 130.507 2.11145
internal_count=5093 797 772 742 723 663 4296 4265 91 4174 833 116 717 3341 818 2523 60
is_linear=0
shrinkage=0.0472155


Tree=121
num_leaves=34
num_cat=0
split_feature=47 4 40 16 7 58 63 58 31 40 45 47 62 31 64 63 3 65 62 65 42 59 50 1 64 59 64 48 42 48 48 46 3
split_gain=0.580661 1.0616 2.47498 1.85958 1.44001 1.75593 1.08507 0.904788 1.39372 0.891827 0.842861 0.78699 2.32481 1.56008 1.50713 1.29312 1.23883 0.709814 0.696057 0.674391 1.23636 1.38404 1.26806 1.42428 1.16175 1.98531 1.32494 1.14787 1.38717 1.3091 0.939823 0.637559 0.198393
threshold=36.150000000000013 3.5000000000000004 36.95000000000001 1.5000000000000002 3.5000000000000004 -1.4999999999999998 5.5000000000000009 -1.0000000180025095e-35 7.5000000000000009 37.050000000000004 13.500000000000002 36.650000000000013 5.5000000000000009 1.0000000180025095e-35 3.5500000000000003 7.5000000000000009 5.5000000000000009 3.5000000000000004 4.5000000000000009 5.5000000000000009 0.087121212121212113 -1.0000000180025095e-35 -1.0000000180025095e-35 1.0000000180025095e-35 20.150000000000002 485.00000000000006 15.550000000000002 2.8500000000000001 0.092329545454545456 4.7500000000000009 1.2500000000000002 8.5000000000000018 9.5000000000000018
decision_type=2 2 2 2 2 2 2 2 2 2 2 2 2 2 2 2 2 2 2 2 2 2 2 2 2 2 2 2 2 2 2 2 2
left_child=1 3 -3 4 5 6 -1 18 -9 -7 -5 12 14 -14 -2 31 -15 -4 -6 20 21 -13 -22 -24 25 26 -21 28 -26 -29 -23 -16 -19
right_child=11 2 17 10 7 9 -8 8 -10 -11 -12 19 13 16 15 -17 -18 32 -20 24 22 30 23 -25 27 -27 -28 29 -30 -31 -32 -33 -34
leaf_value=0.0053574577569466611 0.031787590458664826 0.0073451264898104929 -0.076066123053708343 0 0.0099480017578182506 0.021775835011355594 -0.035660982243097522 -0.047162322814609026 0.0043075527377020367 -0.0012350740286331274 0.032990542743428358 0.025841252497032639 0.039414019287190988 0.026629470569881873 -0.054161666504903491 0.011100473145058789 -0.025643007430220802 -0.006872071879987094 -0.021575856617309798 -0.0022820601262816312 0.018526759666042367 0.012897353282734605 -0.0093984233696480079 0.00057437020352065372 -0.033933913864402428 0.041984001310035018 0.015653658522855492 -0.031441773831952048 0.0036643728071974421 0.011229108571263266 -0.021287418716537464 -0.011762290202029412 -0.041852422871984485
leaf_weight=2.1683167137671253 1.2901424914598489 2.9082830696133888 1.4003601968288424 2.8338186840992412 2.7988128894940019 6.7240675149951157 3.7390419211005792 4.1192975706653652 1.5451023841742424 8.0911475627217424 4.1103881011949852 7.1083318199962378 6.1440883593168092 1.8627664304804059 2.0456930825021122 1.6529986541718242 1.8292328090174121 0.85907084657810606 3.1088556544855237 19.879066115245223 5.5595383476465932 3.5348814949393255 60.542607701383531 67.043689778074622 2.1395676954416549 3.6038173306733361 16.744833691045642 5.0680067045614114 39.309969011170324 2.1741551746963523 3.2869362682104111 1.4855894449865443 0.68600247334688902
leaf_count=30 8 53 13 44 55 74 67 122 18 137 51 52 43 21 42 25 40 28 65 259 42 27 600 616 100 28 218 451 1501 149 32 42 40
internal_value=0 -0.00492427 -0.0233842 -0.00206236 -0.0068601 0.000591082 -0.0207778 -0.0200683 -0.0333037 0.0092979 0.0197792 0.000882879 0.0108572 0.0251652 -0.0108728 -0.0223012 0.000574986 -0.0526432 -0.00667834 0.000183239 -0.00177585 0.0115109 -0.00318409 -0.00415928 0.00342802 0.00934949 0.00593622 -0.00146687 0.00157352 -0.0185818 -0.00360187 -0.0378969 -0.0254576
internal_weight=0 45.0926 5.85372 39.2388 32.2946 20.7226 5.90736 11.5721 5.6644 14.8152 6.94421 252.306 16.3105 9.83609 6.47442 5.18428 3.692 2.94543 5.90767 235.995 147.076 13.9301 133.146 127.586 88.9194 40.2277 36.6239 48.6917 41.4495 7.24216 6.82182 3.53128 1.54507
internal_count=5093 797 134 663 568 308 97 260 140 211 95 4296 221 104 117 109 61 81 120 4075 1369 111 1258 1216 2706 505 477 2201 1601 600 59 84 68
is_linear=0
shrinkage=0.0472155


Tree=122
num_leaves=50
num_cat=0
split_feature=65 38 27 1 64 40 52 49 54 54 47 55 64 40 63 54 57 60 7 7 4 62 64 3 40 64 42 64 62 55 30 31 57 61 49 49 49 19 3 60 49 27 42 54 61 64 49 58 7
split_gain=0.755288 1.14266 2.38594 2.06631 1.55328 1.65479 1.54071 1.42163 1.40145 2.62856 2.04677 1.21756 1.67771 1.19541 1.1187 1.10947 1.57677 1.27259 1.10086 1.00365 2.2618 2.33086 2.74173 2.57778 2.2009 1.98557 1.92381 1.9062 1.1256 1.27594 1.15521 2.06421 1.97423 1.6818 2.58574 2.22089 1.49712 1.10332 1.08821 0.876819 0.756012 0.666856 0.626722 0.583531 0.374601 0.330241 0.310863 0.215787 0.148439
threshold=5.5000000000000009 8.5000000000000018 2.5000000000000004 1.0000000180025095e-35 17.450000000000003 37.750000000000007 75.000000000000014 0.62019230769230782 38.45000000000001 37.45000000000001 37.250000000000007 1.3500000000000003 34.850000000000001 39.750000000000007 10.500000000000002 37.750000000000007 5.7500000000000009 0.080695251452614664 1.5000000000000002 7.5000000000000009 1.5000000000000002 5.5000000000000009 3.8500000000000001 16.500000000000004 36.750000000000007 2.7500000000000004 0.13809523809523808 4.4500000000000011 2.5000000000000004 1.8500000000000003 1.0000000180025095e-35 5.5000000000000009 -0.74999999999999989 0.18893263342082237 0.45804195804195807 0.48529411764705882 0.73030303030303034 34.500000000000007 10.500000000000002 0.090410506070441168 0.57738095238095244 4.5000000000000009 0.63961038961038974 37.150000000000013 0.28053167222319714 90.200000000000003 0.080128205128205107 2.5000000000000004 9.5000000000000018
decision_type=2 2 2 2 2 2 2 2 2 2 2 2 2 2 2 2 2 2 2 2 2 2 2 2 2 2 2 2 2 2 2 2 2 2 2 2 2 2 2 2 2 2 2 2 2 2 2 2 2
left_child=19 3 6 15 5 -4 8 -7 9 -3 -10 13 42 41 40 17 46 43 44 20 21 23 25 26 -24 -23 -1 -25 29 37 33 32 -32 35 -35 -30 -33 38 -21 -20 -6 -5 -13 -2 -8 -16 -17 -14 -15
right_child=1 2 4 11 14 7 18 -9 10 -11 -12 12 47 48 45 16 -18 -19 39 28 -22 22 24 27 -26 -27 -28 -29 30 -31 31 36 -34 34 -36 -37 -38 -39 -40 -41 -42 -43 -44 -45 -46 -47 -48 -49 -50
leaf_value=0.0041841111734252428 -0.0054250279854996851 0.007085122604842049 0.027103849208500733 -0.00964888509148191 0.0010953271415637086 -0.034591738357754601 -0.046432491913111142 0.015395059902579351 -0.047689867227051319 0.035175575436062076 0.0092850849191321045 0.037930102709151668 -0.0035446998784791389 -0.052078944592407361 -0.047349384638042349 -0.0016882701641479578 0.033484967941317306 -0.040766267466459317 -0.0053212594842159174 0.033333826966645462 -0.041301314451061083 -0.0032395035921846129 -0.033606678755779731 -0.019118383146993944 0.0019743858075468921 0.034893644114282335 -0.024257180918338252 0.017843598412318522 -0.027460484586560037 -0.013542085963109513 -0.0015893380478156057 0.0047697531201633661 -0.046135010222675375 0.019328408761428186 -0.0078777781975545511 0.013508285224029104 -0.029732062820777873 -0.0033509184563613728 0.006683663615206596 0.024819691719658678 -0.025461045146118733 0.01909528813027558 0.0055324719741207899 0.026033811169622841 -0.0010233191884495131 -0.0085817235480516417 -0.042165690510380383 -0.035327762595094833 -0.018884712811034234
leaf_weight=6.5772806061431757 3.2858984683407488 15.017796101165006 4.7354344408959168 3.9271862232126313 6.413605082081629 2.5586322993040085 1.3720219189417537 2.2026619343087077 1.400526626384816 14.872812174260615 12.795362873759585 4.9045238280668837 1.0979501237161455 0.88467110763303913 2.6446797687094654 0.50863151997327793 0.60423434898257244 1.473590374109335 7.6776046373415721 8.1278993114829117 3.5882695596665135 4.5448702760040751 4.5244348924607065 4.4298898372799149 21.869779796339571 8.7041231989860517 25.483402688987553 9.3985050413757545 7.3471904695034009 3.907924933359026 3.9210328105837107 18.46865902282298 5.0663060657680052 20.353449706919491 12.382313471287487 4.6907326728105545 3.1244369428604832 5.0055502802133551 6.103890446946024 2.783846108824946 3.5812235332559794 3.0212738949339837 1.9619884779676793 1.941867511719465 0.59954429592471559 0.75279629399301473 5.603392927441746 0.81849063362460572 0.98200478916987777
leaf_count=59 119 386 37 88 262 51 75 25 59 213 338 65 105 36 122 16 24 60 261 55 28 35 40 42 215 49 273 79 84 42 34 172 53 158 122 48 43 45 59 55 240 52 42 38 19 97 316 123 34
internal_value=0 0.00309536 0.00609703 -0.00456007 -0.00671007 0.0077685 0.0112997 -0.01161 0.0154287 0.0212072 0.00310667 0.00604019 0.0183337 -0.006255 -0.0169925 -0.0184093 -0.0317374 -0.00448973 -0.00330112 -0.00182297 -0.00545003 -0.00385717 0.0045075 -0.011087 -0.00428173 0.0218928 -0.0184113 0.00586577 0.00145602 0.0105246 -0.00133879 -0.00839334 -0.0271727 0.003479 0.00903085 -0.0114787 -0.000391764 0.0155249 0.0221688 0.00291508 -0.0086309 0.00292076 0.0291325 0.00660563 -0.0341345 -0.0397818 -0.0390409 -0.0192487 -0.0380494
internal_weight=0 110.424 79.4085 31.0157 22.889 9.49673 56.5195 4.76129 44.0865 29.8906 14.1959 17.5981 8.78295 8.81514 13.3923 13.4176 6.71626 6.70136 12.433 187.62 89.1206 85.5323 39.6432 45.8891 26.3942 13.249 32.0607 13.8284 98.4994 23.1453 75.3541 30.5804 8.98734 44.7737 32.7358 12.0379 21.5931 19.2373 14.2318 10.4615 9.99483 6.94846 6.86651 5.22777 1.97157 3.39748 6.11202 1.91644 1.86668
internal_count=5093 3358 2240 1118 834 113 1406 76 996 599 397 545 335 210 721 573 356 217 410 1735 820 792 339 453 255 84 332 121 915 201 714 302 87 412 280 132 215 159 114 316 502 140 107 157 94 219 332 228 70
is_linear=0
shrinkage=0.0472155


Tree=123
num_leaves=35
num_cat=0
split_feature=47 62 46 55 49 40 63 48 2 64 57 0 53 54 56 6 56 42 26 56 39 61 46 55 63 42 40 63 64 38 42 30 19 65
split_gain=0.663538 1.03099 1.368 1.00464 1.83411 1.29127 1.25798 1.1943 1.5333 2.7137 1.87064 1.31606 0.956074 0.8692 0.867908 2.19687 1.92278 2.11076 1.62276 1.20909 0.714273 0.714153 0.691036 1.2197 0.680932 0.665805 0.567031 0.49978 0.471696 1.26483 0.38926 0.319413 0.234233 0.138778
threshold=40.550000000000004 3.5000000000000004 9.5000000000000018 3.1500000000000008 0.80625000000000013 37.850000000000001 5.5000000000000009 2.4500000000000006 1.0000000180025095e-35 9.8500000000000032 -1.7499999999999998 1.5000000000000002 3.5000000000000004 36.45000000000001 0.93541666666666667 1.5000000000000002 0.85164835164835173 0.19375000000000003 1.0000000180025095e-35 0.60555555555555574 7.5000000000000009 0.17405329593267879 12.500000000000002 2.6500000000000008 8.5000000000000018 0.10357142857142856 38.95000000000001 7.5000000000000009 7.0500000000000007 75.000000000000014 0.81534090909090928 1.0000000180025095e-35 2.5000000000000004 5.5000000000000009
decision_type=2 2 2 2 2 2 2 2 2 2 2 2 2 2 2 2 2 2 2 2 2 2 2 2 2 2 2 2 2 2 2 2 2 2
left_child=3 20 33 7 5 -5 -6 14 9 -9 24 -12 32 -7 16 18 19 -18 -16 -1 21 -2 26 -24 -10 -15 -14 -11 -22 31 -17 -30 -4 -3
right_child=1 2 12 4 6 13 -8 8 10 27 11 -13 22 25 15 30 17 -19 -20 -21 28 -23 23 -25 -26 -27 -28 -29 29 -31 -32 -33 -34 -35
leaf_value=-0.0014656316939503861 0.01201324763921882 -0.055824593899880898 0.024861536208801278 0.018843471602482939 -0.0014036963108957578 0.011694600834388934 -0.067057539718172021 0.0164988812377985 -0.040462909139804097 -0.013697530506594972 0.042992340150936267 0.010759063474539683 0.0231582769739841 0.0052419721999162642 0.010793329917291216 -0.041328851792512708 0.021500856561210886 -0.032238270259519558 0.055765500475481941 0.0069216792112585671 0.038345790858571899 -0.029880560285617159 -0.045181174244945659 -0.00081240329340566452 0.0082577117148111626 -0.036425430444054177 -0.015491230190687761 -0.046512410017639338 -0.040784173777386218 0.035169382160733599 -0.0039057780945728061 0.0032825738700734599 0.00021299224071279058 -0.023972932765395683
leaf_weight=163.66459196666256 1.5845925933681457 1.5081729162484401 1.5852496395818882 3.7557172875385714 1.0188484865939238 1.7208383987890554 1.7734934346517546 6.9779994534328598 1.1205424405634397 2.5047447634860873 6.4443642991827783 5.303397239127662 1.3301694758702054 1.0421544158598406 6.4646919019287434 1.2913413693895557 1.9185424763709287 7.5362846992211416 2.3933127648197114 49.82311317807762 1.5222418941557405 1.7072642890852874 3.0681061843060888 2.4698127327137627 1.131331182317808 3.3428313820040785 1.7527588196680879 2.0210581352002919 0.82733841624576621 1.406300332106184 1.2151239672675727 0.49947974493261427 1.7906542592681942 1.0144761110423131
leaf_count=2287 34 21 25 53 42 35 79 55 36 109 115 111 22 19 109 34 19 220 18 775 10 55 122 98 24 148 86 117 59 29 25 20 34 48
internal_value=0 -0.00784161 -0.0151506 0.000639711 -0.0122545 -0.0023493 -0.0448161 0.00127803 0.0109452 -0.00178403 0.0213435 0.0288668 -0.00812165 -0.0156499 0.000215654 0.0128437 -0.000434734 -0.0210739 0.023861 0.000492814 0.00616046 -0.00993939 -0.0164089 -0.0261379 -0.0168893 -0.0265597 0.00133442 -0.0296753 0.0186615 0.00582764 -0.0248667 -0.0253156 0.0126245 -0.0456419
internal_weight=0 22.0666 14.5194 272.464 12.6539 9.86154 2.79234 259.81 25.5034 11.5038 13.9996 11.7478 11.9968 6.10582 234.307 11.3645 222.943 9.45483 8.858 213.488 7.54722 3.29186 8.62085 5.53792 2.25187 4.38499 3.08293 4.5258 4.25536 2.73312 2.50647 1.32682 3.3759 2.52265
internal_count=5093 663 456 4430 376 255 121 4054 567 281 286 226 387 202 3487 186 3301 239 127 3062 207 89 328 220 60 167 108 226 118 108 59 79 59 69
is_linear=0
shrinkage=0.0472155


Tree=124
num_leaves=34
num_cat=0
split_feature=47 48 3 54 49 18 5 47 63 60 31 64 58 64 65 38 64 60 39 56 7 13 3 42 58 55 53 60 1 60 61 49 64
split_gain=0.8283 0.883517 1.19293 1.12204 1.4286 1.13873 1.03076 0.865997 1.35683 2.32186 1.56731 0.924498 0.884877 1.45967 1.00785 1.43899 2.18706 1.75572 1.28966 3.25972 1.57796 0.843384 1.13507 0.769994 0.765297 0.546486 0.624074 0.520643 0.469459 0.42426 0.30811 0.0938012 0.0873557
threshold=40.550000000000004 4.7500000000000009 17.500000000000004 37.45000000000001 0.29285714285714287 1.5000000000000002 1.0000000180025095e-35 40.050000000000004 8.5000000000000018 0.059563229265216004 1.0000000180025095e-35 4.7500000000000009 12.500000000000002 6.5500000000000007 4.5000000000000009 1.5000000000000002 7.0500000000000007 0.085801928133216465 9.5000000000000018 0.4330357142857143 1.0000000180025095e-35 1.0000000180025095e-35 6.5000000000000009 0.87083333333333346 17.500000000000004 3.3500000000000001 6.5000000000000009 0.032129032258064509 2.5000000000000004 0.093823356807511707 0.28430709802028004 0.26969696969696971 19.450000000000003
decision_type=2 2 2 2 2 2 2 2 2 2 2 2 2 2 2 2 2 2 2 2 2 2 2 2 2 2 2 2 2 2 2 2 2
left_child=7 3 24 4 -2 6 23 12 9 27 -10 -11 14 29 15 17 -17 -1 20 -20 -16 22 -15 -5 25 26 -3 -9 -8 -14 -23 -12 -6
right_child=1 2 -4 5 32 -7 28 8 10 11 31 -13 13 21 18 16 -18 -19 19 -21 -22 30 -24 -25 -26 -27 -28 -29 -30 -31 -32 -33 -34
leaf_value=-0.0045634466939179453 0.024462415586944172 0.0083420356427331647 -0.032051310420587523 -0.038085511653265285 -0.046756669349654868 -0.051514754955517453 -0.0085554068974485319 0.020948787615509008 0.017240706375134661 0.017288449816233155 -0.046810465862435945 -0.025330736939328285 0.015293744097120894 -0.027017473050685262 -0.0094611614563660067 -0.00029239097303828402 -0.01674572326258188 0.037752511334050935 -0.024783917833248015 0.0079323098142705627 0.0098681120870950882 -0.049181073239745292 0.011477530661211188 0.0033014492143134122 0.035976885214190915 0.024787912937239275 -0.043507996637105924 0.056027461859902948 0.023190777085783876 -0.0064401105855668855 -0.012238614883158879 -0.018390192252410224 -0.014600782111362851
leaf_weight=4.2592744790017587 2.829172805882993 1.0049308578018092 1.2716118273092432 3.882744526898021 0.538243433460593 2.2356187070254228 2.6121628480032086 1.8771583966445158 2.2794448307249686 2.1777939908206463 1.1877276871819051 2.011651604087092 4.1701946724206236 4.0219250136287865 10.706538984086363 100.55369048751891 21.789769662544131 4.1938881874084473 10.701635457167869 17.876114547078032 69.676920434169006 2.4404546546284114 2.71926954126684 1.2587913790484888 2.2245728288544342 1.0219340130570342 0.7716244967887177 3.0464417048497126 1.4741281459573654 3.5244181528687477 0.86363607400562603 0.88105704297777254 0.69082714180694893
leaf_count=41 43 27 41 147 11 80 86 54 36 16 30 51 37 188 230 791 263 26 447 562 1321 133 73 37 35 34 54 31 21 32 24 44 47
internal_value=0 -0.00881287 0.00591831 -0.0148275 0.00618991 -0.0223048 -0.0143321 0.000714803 0.0123107 0.0225467 -0.00904144 -0.00322307 9.81417e-05 -0.0100215 0.00085636 -0.00193334 -0.0032478 0.0166959 0.00420876 -0.00437289 0.00727059 -0.0217374 -0.0114983 -0.0280561 0.0164105 -0.000127942 -0.0157295 0.0439587 0.00322746 0.00533485 -0.0408124 -0.0373739 -0.0332167
internal_weight=0 21.8164 6.29467 15.5217 4.05824 11.4634 9.22783 270.959 13.4613 9.11305 4.34823 4.18945 257.498 17.7399 239.758 130.797 122.343 8.45316 108.961 28.5778 80.3835 10.0453 6.74119 5.14154 5.02306 2.79849 1.77656 4.9236 4.08629 7.69461 3.30409 2.06878 1.22907
internal_count=5093 663 191 472 101 371 291 4430 262 152 110 67 4168 487 3681 1121 1054 67 2560 1009 1551 418 261 184 150 115 81 85 107 69 157 74 58
is_linear=0
shrinkage=0.0472155


Tree=125
num_leaves=30
num_cat=0
split_feature=47 58 48 3 54 49 1 49 58 47 64 49 49 12 53 2 11 19 52 46 48 30 61 0 52 55 53 42 64
split_gain=0.84813 0.939864 0.79338 1.00483 0.975605 1.28295 1.20325 0.771199 0.657689 0.62023 1.02707 1.0656 1.06543 0.808421 0.738243 0.600104 1.95046 2.2357 2.00438 1.03039 1.68398 1.39976 0.553018 0.53216 0.531829 0.522039 0.481207 0.360816 0.0896692
threshold=40.550000000000004 24.500000000000004 4.7500000000000009 17.500000000000004 37.45000000000001 0.29285714285714287 5.5000000000000009 0.5590277777777779 17.500000000000004 40.050000000000004 18.850000000000005 0.39444444444444454 0.14835164835164832 1.0000000180025095e-35 7.5000000000000009 1.5000000000000002 1.0000000180025095e-35 9.5000000000000018 9.5000000000000018 11.500000000000002 0.75000000000000011 1.5000000000000002 0.17669683257918553 1.0000000180025095e-35 85.000000000000014 3.3500000000000001 6.5000000000000009 0.55050505050505061 20.950000000000003
decision_type=2 2 2 2 2 2 2 2 2 2 2 2 2 2 2 2 2 2 2 2 2 2 2 2 2 2 2 2 2
left_child=1 9 4 8 5 -2 7 24 25 15 11 12 -11 14 -12 19 18 -18 -17 20 -1 -21 -3 -9 -6 26 -4 -24 -7
right_child=2 22 3 -5 6 28 -8 23 -10 10 13 -13 -14 -15 -16 16 17 -19 -20 21 -22 -23 27 -25 -26 -27 -28 -29 -30
leaf_value=-0.0054997911897025249 0.023341198020875253 -0.045772701626581008 0.0048590097318515681 -0.030593512191272404 -0.041601646875728142 -0.04594105142996853 0.018722634631154034 0.0092372170799322507 0.033396615948047992 0.023568257661370551 0.026903435288111437 0.04039661918703865 -0.013949164613027844 -0.045724060756336615 -0.030146273622843112 -0.0061002884115182836 -0.036953649825413007 -0.00056834650681546878 0.014131336771262725 -0.012848360820265477 0.0047832298520806482 0.035107993012505029 0.0096532417334632935 -0.031344013906712473 -0.0067866077047095347 0.023824011159808162 -0.041170782662288047 -0.02504928417594297 -0.013599893113837379
leaf_weight=61.452665345277637 2.6612573210150035 1.2735176783753552 1.0341771068051451 1.2106675030663607 5.7950781018007529 0.52274619229137875 1.2948041135678057 1.8107053143903615 2.1300210043555126 3.6384432548657042 1.1421300766523921 3.1342148147523403 2.8506540693342686 0.91766117466613639 0.64404512208420772 14.594257682561873 4.2786670579807859 24.626227160450071 41.756864737602882 22.915800851886164 83.549113622051664 1.2688080992083985 1.2000013790093365 0.95274420292116691 1.3167009534081442 1.0255053056171162 0.72592006414197374 1.1235444663907399 0.66699569381307811
leaf_count=755 43 63 27 41 188 12 27 64 35 32 31 24 34 62 66 242 105 430 563 611 1318 33 24 48 44 34 54 37 46
internal_value=0 0.00071454 -0.0090662 0.00507379 -0.0148677 0.00531549 -0.0218578 -0.0274763 0.0147352 0.00104711 0.0113171 0.0185086 0.00705637 -0.013623 0.00514851 0.00053957 0.00376725 -0.00616657 0.00887749 -0.00108531 0.00041939 -0.0100717 -0.0226822 -0.00556749 -0.0355625 -0.000446745 -0.0157979 -0.00744759 -0.0323535
internal_weight=0 270.367 21.1473 6.12629 15.021 3.851 11.17 9.87523 4.91562 266.77 12.3271 9.62331 6.4891 2.70384 1.78618 254.442 85.256 28.9049 56.3511 169.186 145.002 24.1846 3.59706 2.76345 7.11178 2.7856 1.7601 2.32355 1.18974
internal_count=5093 4430 663 191 472 101 371 344 150 4306 249 90 66 159 97 4057 1340 535 805 2717 2073 644 124 112 232 115 81 61 58
is_linear=0
shrinkage=0.0472155


Tree=126
num_leaves=38
num_cat=0
split_feature=58 58 56 64 39 19 7 16 59 27 40 54 45 13 4 61 3 49 56 4 6 61 64 45 47 40 19 15 46 62 2 61 49 41 61 57 42
split_gain=0.708242 1.21543 1.67426 1.56742 1.36768 1.15133 1.70373 1.25982 1.31102 1.1819 1.17621 1.02592 1.09158 0.938285 0.889083 2.49859 2.23716 2.23987 1.4951 1.47184 1.57146 1.4174 1.40683 1.39103 1.15575 1.6818 1.11331 0.856361 0.856464 1.42402 0.852608 0.641286 0.403435 0.294045 0.265279 0.0109317 0.00435131
threshold=8.5000000000000018 6.5000000000000009 0.36931818181818182 7.2500000000000009 3.5000000000000004 26.500000000000004 12.500000000000002 1.0000000180025095e-35 -74.999999999999986 2.5000000000000004 41.250000000000007 37.350000000000001 65.000000000000014 1.0000000180025095e-35 1.0000000180025095e-35 0.27669072948328272 1.0000000180025095e-35 0.82085561497326209 0.94281045751633996 2.5000000000000004 4.5000000000000009 0.22528866895064079 2.5500000000000003 8.5000000000000018 37.650000000000013 38.550000000000004 27.500000000000004 15.500000000000002 9.5000000000000018 1.5000000000000002 2.5000000000000004 0.24350078846587067 0.36931818181818182 0.45000000000000007 0.19248412138320398 -1.2499999999999998 0.36931818181818182
decision_type=2 2 2 2 2 2 2 2 2 2 2 2 2 2 2 2 2 2 2 2 2 2 2 2 2 2 2 2 2 2 2 2 2 2 2 2 2
left_child=1 14 3 -3 -4 6 7 8 31 32 36 -6 -13 -10 15 18 23 -18 21 20 22 -1 -16 -17 25 -21 -26 28 34 -30 -11 -2 -7 -20 -8 -5 -9
right_child=5 2 4 35 11 9 27 10 13 30 -12 12 -14 -15 19 16 17 -19 33 24 -22 -23 -24 -25 26 -27 -28 -29 29 -31 -32 -33 -34 -35 -36 -37 -38
leaf_value=-0.0041953896953243509 -4.5789524041532077e-05 0.010625149322422938 0.047718704241573429 -0.048487788709550422 0.027841172887505785 -0.060580771843376048 0.04659592480125483 -0.032851573980377385 -0.0033710279335965191 0.020305406585291914 0.0012016874465020277 -0.023882960851409691 0.024706655843638351 -0.028765816726701959 0.03416912578748011 -0.015941430630404384 -0.027538091072622707 0.014413931394173123 0.047085952790286996 -0.0041727051726739356 0.036196022994946953 0.010185294411363326 0.00389868981980287 0.022943261135607799 -0.0071534502425562047 -0.035710840525570942 0.0099048966904697177 -0.017402628126420752 0.042108553053167616 -0.0061489010862499829 -0.028107103629598274 0.031443951113291978 -0.021551598328697536 0.015612765877449806 0.01935662842460981 -0.02476681947777425 -0.056117739277283023
leaf_weight=50.515516033046879 2.9854102940298644 3.5608004033565548 3.3930389781016848 0.99348376644775249 4.2362948334775847 1.5832876521162682 1.8272897200658897 1.3766924350056791 10.03336534893606 1.5479277608683335 1.5846847299253566 2.45863369217841 1.5159941678866742 4.709941540437284 3.4688236806541672 3.3236494180746394 19.986103533068675 3.1683940917719147 1.5049226600676768 16.574929899070415 3.8358249095035708 21.695203491311986 60.288881361950189 4.7788789800833911 14.909625559230333 4.7519024567445731 19.412810770911165 1.8017474617809046 1.6368724261410532 5.3183322339318693 1.3538431167835367 2.5405444772914052 1.4369062097975982 1.6660697699408045 2.2671079884748906 0.99725176917854697 1.6309965202817691
leaf_count=1006 45 26 40 28 49 26 30 28 292 27 31 65 25 165 26 39 299 39 8 249 39 288 962 43 267 150 316 41 21 146 39 25 43 50 29 37 54
internal_value=0 0.000980538 0.0130383 -0.00803266 0.0231435 -0.005533 -0.00242449 -0.00963371 -0.00441864 -0.024585 -0.0315083 0.012127 -0.00493376 -0.0117694 6.86467e-05 -0.00308243 -0.0142681 -0.0217047 0.00156945 0.00280094 0.00747705 0.000130435 0.00564475 0.00691487 -0.00287288 -0.0114634 0.00247733 0.0114145 0.0163692 0.00587251 -0.00238569 0.0148391 -0.0444123 0.0324248 0.0330767 -0.0398656 -0.0480639
internal_weight=0 247.037 17.1555 5.55154 11.604 43.6349 37.713 24.8616 20.2693 5.92196 4.59237 8.21092 3.97463 14.7433 229.882 106.639 31.257 23.1545 75.3817 123.243 67.5935 72.2107 63.7577 8.10253 55.6493 21.3268 34.3224 12.8513 11.0496 6.9552 2.90177 5.52595 3.02019 3.17099 4.0944 1.99074 3.00769
internal_count=5093 4051 270 91 179 1042 907 640 527 135 113 139 90 457 3781 1772 420 338 1352 2009 1027 1294 988 82 982 399 583 267 226 167 66 70 69 58 59 65 82
is_linear=0
shrinkage=0.0472155


Tree=127
num_leaves=37
num_cat=0
split_feature=58 64 15 52 53 53 48 61 65 65 56 6 46 41 40 49 58 63 64 58 64 64 61 61 64 47 60 39 64 15 42 2 62 24 56 63
split_gain=0.692861 1.16172 1.23301 1.16892 1.03898 1.36008 1.01152 0.834986 0.689797 2.38597 2.46583 1.38829 1.3324 2.29492 1.47574 1.18504 1.17866 1.07193 1.03072 1.02838 1.35433 1.1675 2.57639 2.70988 1.58851 1.76154 1.63755 1.57897 0.869317 0.526548 0.494434 0.393232 0.354252 0.331166 0.341774 0.191711
threshold=8.5000000000000018 21.650000000000002 20.500000000000004 115.00000000000001 2.5000000000000004 9.5000000000000018 3.2500000000000004 0.29449472096530921 4.5000000000000009 3.5000000000000004 0.13809523809523808 2.5000000000000004 1.5000000000000002 0.65000000000000002 40.650000000000013 0.23205128205128203 6.5000000000000009 7.5000000000000009 8.4500000000000011 -8.4999999999999982 23.550000000000004 20.150000000000002 0.27297565822155995 0.34193870752831446 23.850000000000005 36.95000000000001 0.090410506070441168 9.5000000000000018 29.150000000000002 1.0000000180025095e-35 0.12132352941176471 4.5000000000000009 1.5000000000000002 1.5000000000000002 0.5590277777777779 4.5000000000000009
decision_type=2 2 2 2 2 2 2 2 2 2 2 2 2 2 2 2 2 2 2 2 2 2 2 2 2 2 2 2 2 2 2 2 2 2 2 2
left_child=8 2 4 30 -2 6 -6 -7 9 12 17 18 13 -1 16 -16 -14 -11 -12 20 35 22 27 -24 25 -23 -26 -21 -22 -30 -3 32 -5 34 -32 -10
right_child=1 3 -4 31 5 7 -8 -9 19 10 11 -13 14 -15 15 -17 -18 -19 -20 21 28 24 23 -25 26 -27 -28 -29 29 -31 33 -33 -34 -35 -36 -37
leaf_value=-0.033492180050446692 0.018501060595247455 0.0026258419112669277 -0.032164384776825566 0.022746520020316931 -0.017966471928784838 0.019039157291744727 0.0096033799221138354 -0.010205591295045342 -0.016739631476779936 -0.01153428776598648 -0.041431824599209299 -0.0022679729229656818 0.0035291074942420141 0.0088950245432059556 0.0040399664977399004 -0.039212630918894438 0.026163789297370135 0.025739835706746809 -0.011479603379101982 0.018350260385563547 0.037517262833040493 0.014868424393708387 -0.026677920417856788 0.016032400695226243 -0.0034655299339679028 -0.038086017096860984 0.01763610453205142 -0.0030419948179291429 0.020542394503267572 -0.020475324361361121 -0.023397196905220789 0.043222831061832417 -0.032795011760355944 0.0058329993550282275 -0.049995809281938329 -0.044193397321381611
leaf_weight=5.8905711323022825 5.8737799227237693 0.88976971368538027 2.5609854571521273 0.33806535787880398 12.539777792990213 7.0767722986638528 3.7134254826232782 2.9472754215821624 1.337379785254597 2.9063276536762741 8.5549788679927605 4.8113892860710612 85.009959812276065 5.2215101644396782 2.4579755254089823 2.9791817311197519 5.3056062795221797 3.7298841653391719 3.9639016799628726 38.738495027646422 1.1166965477168558 1.8680266458541144 7.8829176840372366 5.4519089171662927 27.952909488230944 4.4913965417072177 11.386147905839605 9.4683426199480873 0.82201585546135936 2.1575855911942199 3.0401860597194172 0.54453138262033463 0.33317368727875873 0.36337195301894087 2.5185557122458704 1.9904455896466968
leaf_count=50 55 45 43 9 175 78 41 37 23 35 101 54 678 48 22 46 35 29 64 384 14 32 133 54 1401 122 321 142 39 162 229 6 50 19 255 62
internal_value=0 -0.00553534 -0.00172961 -0.0215246 0.000835704 -0.0031849 -0.0115929 0.0103496 0.000966935 -0.0013719 -0.0147814 -0.0240965 0.00164865 -0.0136883 0.00345698 -0.0200281 0.00491397 0.0094438 -0.032288 0.00363919 -0.0131376 0.00482616 0.00906295 -0.00918658 -0.000878201 -0.0224505 0.00267675 0.0141394 0.00495941 -0.00844237 -0.029099 0.0187707 -0.00513887 -0.0339102 -0.0367197 -0.0347328
internal_weight=0 42.7397 34.712 8.02765 32.151 26.2773 16.2532 10.024 245.496 130.831 23.9665 17.3303 106.865 11.1121 95.7527 5.43716 90.3156 6.63621 12.5189 114.664 7.42412 107.24 61.5417 13.3348 45.6985 6.35942 39.3391 48.2068 4.0963 2.9796 6.81188 1.21577 0.671239 5.92211 5.55874 3.32783
internal_count=5093 1042 429 613 386 331 216 115 4051 1162 283 219 879 98 781 68 713 64 165 2889 300 2589 713 187 1876 154 1722 526 215 201 548 65 59 503 484 85
is_linear=0
shrinkage=0.0472155


Tree=128
num_leaves=11
num_cat=0
split_feature=60 56 64 53 0 61 42 61 65 57
split_gain=0.506789 1.5599 0.562694 0.489366 0.458629 0.418393 1.64932 1.28518 0.337674 0.348296
threshold=-1.0000000180025095e-35 0.67708333333333337 1.6500000000000001 16.500000000000004 15.500000000000002 0.1482928240740741 0.78174603174603186 0.15412895927601808 9.5000000000000018 -10.499999999999998
decision_type=2 2 2 2 2 2 2 2 2 2
left_child=1 -1 -2 4 5 6 -4 -7 -5 -10
right_child=2 -3 3 8 -6 7 -8 -9 9 -11
leaf_value=-0.052176547169669976 0.022119784139083717 0.01429259906475364 0.0067644956564619444 -0.034939171477767941 0.022258019375958955 -0.027158372170636873 -0.013670152478072883 -0.00048423052380961709 0.042543609378380122 -0.021186474666460665
leaf_weight=1.391641940805129 2.4130424149334422 1.4416325323982162 52.791762394015677 1.29019698454067 1.9040147941559542 3.9327181212138376 10.377631578128783 209.42181482020533 0.17549378122203041 0.24700293317437172
leaf_count=64 21 28 1111 46 21 95 441 3181 10 75
internal_value=0 -0.0192769 0.000205113 3.44661e-07 0.000164988 0 0.00336873 -0.0010008 -0.0239561 0.0089113
internal_weight=0 2.83327 282.554 280.141 278.428 276.524 63.1694 213.355 1.71269 0.422497
internal_count=5093 92 5001 4980 4849 4828 1552 3276 131 85
is_linear=0
shrinkage=0.0472155


Tree=129
num_leaves=13
num_cat=0
split_feature=64 45 60 56 64 0 15 3 15 49 46 15
split_gain=0.512895 0.471797 0.454607 1.38784 0.525828 0.440964 0.499999 0.845611 0.593598 0.268916 0.257495 0.00831177
threshold=178.25000000000003 11.500000000000002 -1.0000000180025095e-35 0.67708333333333337 1.6500000000000001 15.500000000000002 52.500000000000007 90.500000000000014 49.500000000000007 0.67708333333333337 4.5000000000000009 49.500000000000007
decision_type=2 2 2 2 2 2 2 2 2 2 2 2
left_child=2 9 3 -1 -4 6 8 -8 -6 -2 -3 -12
right_child=1 10 4 -5 5 -7 7 -9 -10 -11 11 -13
leaf_value=-0.051012111756814041 -0.018811405883946235 0.0084716703127447317 0.021824852567754606 0.012970683230827887 1.3734735582748454e-05 0.021833639559232201 -0.033831649117979652 0.0076426139411349533 0.018877068631548068 0.029210360351377009 -0.041131611315814741 -0.0046581800214958143
leaf_weight=1.2879458121024066 0.2869854654418299 0.20047334767878044 2.3529199548065654 1.4237774854991583 267.72712696978124 1.9074726924300183 2.3258544974960378 1.8180211726576088 3.5973742122296235 0.42404386191628873 1.4026546235545536 0.10390421841293562
leaf_count=58 55 5 21 24 4335 20 53 25 45 31 413 8
internal_value=0 -0.0209028 0.000191792 -0.0184448 0.000386189 0.00018835 2.23516e-05 -0.0159139 0.000278227 0.00921089 -0.0334797 -0.0397474
internal_weight=0 2.41806 282.44 2.71172 279.729 277.376 275.468 4.14388 271.325 0.711029 1.70703 1.50656
internal_count=5093 512 4581 82 4499 4478 4458 78 4380 86 426 421
is_linear=0
shrinkage=0.0472155


Tree=130
num_leaves=16
num_cat=0
split_feature=60 56 64 40 61 45 24 42 58 6 56 6 7 40 47
split_gain=0.485481 1.2521 0.51275 0.44932 1.23728 1.11231 0.723093 0.713895 0.589334 0.811722 0.519235 1.58524 0.676266 0.33913 0.316459
threshold=-1.0000000180025095e-35 0.67708333333333337 1.6500000000000001 41.95000000000001 0.24234614183067793 4.5000000000000009 1.0000000180025095e-35 0.78174603174603186 24.500000000000004 1.5000000000000002 0.83974358974358987 1.5000000000000002 11.500000000000002 42.750000000000007 39.150000000000013
decision_type=2 2 2 2 2 2 2 2 2 2 2 2 2 2 2
left_child=1 -1 -2 8 5 -5 -7 13 10 14 12 -12 -4 -6 -10
right_child=2 -3 3 4 7 6 -8 -9 9 -11 11 -13 -14 -15 -16
leaf_value=-0.050396001631845093 0.021630469229997517 0.010520057485156999 -0.00087959665430713144 0.033405874251483544 -0.016020793259696398 -7.16059306436763e-06 -0.04294166505513914 0.0031757751921551261 -0.016225591984481948 0.011117735226647791 0.001556817680268739 -0.023926605382419461 0.0041840434869812714 -0.052618273940262777 -0.05316738822843052
leaf_weight=1.2758146779378869 2.2914519757032386 1.4315250111976636 130.8806463117362 1.7636088293511401 1.1512322457274424 5.012672201381065 0.89207561267539848 1.0580876342719419 1.573902486474253 1.3167058428516609 19.432661700877365 7.3520385012961915 106.28104170429287 1.873109203064814 0.9236853930633514
leaf_count=64 21 28 2138 23 36 217 52 29 45 42 424 214 1658 57 45
internal_value=0 -0.0192791 0.000197071 5.61922e-06 -0.00895935 0.00224495 -0.00764957 -0.0293842 0.00040706 -0.0175993 0.00068121 -0.00552399 0.0013883 -0.0405281 -0.0327172
internal_weight=0 2.70734 281.803 279.511 11.7508 7.66836 5.90475 4.08243 267.761 3.81429 263.946 26.7847 237.162 3.02434 2.49759
internal_count=5093 92 5001 4980 414 292 269 122 4566 132 4434 638 3796 93 90
is_linear=0
shrinkage=0.0472155


Tree=131
num_leaves=16
num_cat=0
split_feature=60 42 64 47 60 48 3 13 47 54 52 5 58 7 61
split_gain=0.469812 1.24523 0.490562 0.468474 0.849049 0.922752 0.752646 0.724851 0.674398 1.04498 1.06457 0.842895 0.616001 0.531324 0.46619
threshold=-1.0000000180025095e-35 0.58578431372549034 1.6500000000000001 40.550000000000004 0.17902930402930403 4.7500000000000009 17.500000000000004 3.5000000000000004 40.050000000000004 39.750000000000007 45.000000000000007 1.5000000000000002 24.500000000000004 11.500000000000002 0.20318851626016263
decision_type=2 2 2 2 2 2 2 2 2 2 2 2 2 2 2
left_child=1 -1 -2 8 5 7 -7 -5 12 10 -10 -11 13 -4 -14
right_child=2 -3 3 4 -6 6 -8 -9 9 11 -12 -13 14 -15 -16
leaf_value=-0.04716068885810959 0.021409733274751236 0.014026164842338441 -0.00174685271184405 -0.014639089441519551 -0.045425526744847969 0.020561010301286931 -0.020737785731442603 0.021318526973403137 0.024096479715380016 -0.047646696593271885 -0.013594064862602827 0.013364073023538509 -0.0419023335256569 0.002674656517685193 -0.0027711316843291914
leaf_weight=1.4131607888266438 2.2336130999028674 1.2507678354158995 132.96219699806534 12.128974273218779 1.0325568038970221 4.3230928576085708 1.0923153782496227 1.2227539306040842 8.5266885459423047 0.94886144436895736 1.9228626511176106 0.78277651441749185 1.1821527854772278 110.95592774066608 1.4880870959023011
leaf_count=63 21 29 2197 422 25 140 39 28 135 55 46 19 59 1767 48
internal_value=0 -0.019111 0.000193096 7.31922e-06 -0.00695742 -0.00440657 0.0117267 -0.011065 0.000547065 0.0113113 0.0169903 -0.0210331 5.05551e-06 0.000262274 -0.0218344
internal_weight=0 2.66393 280.803 278.569 19.7997 18.7671 5.41541 13.3517 258.77 12.1812 10.4496 1.73164 246.588 243.918 2.67024
internal_count=5093 92 5001 4980 654 629 179 450 4326 255 181 74 4071 3964 107
is_linear=0
shrinkage=0.0472155


Tree=132
num_leaves=34
num_cat=0
split_feature=14 38 59 42 15 24 19 57 45 15 38 61 39 60 60 24 46 57 45 25 3 3 40 55 41 61 40 3 7 19 60 63 65
split_gain=0.473861 1.58305 0.953189 0.625029 0.461139 1.27279 1.82451 1.38987 1.32141 1.26709 1.59778 1.3252 1.17466 1.26724 1.11073 1.06766 1.14556 0.928497 1.19197 1.44776 1.19281 1.16419 0.858444 0.813955 1.45769 0.80007 0.905378 0.743618 0.607561 0.41126 0.341706 0.245804 0.111585
threshold=6.5000000000000009 3.5000000000000004 75.000000000000014 0.20714285714285713 9.5000000000000018 1.0000000180025095e-35 10.500000000000002 -1.7499999999999998 14.500000000000002 13.500000000000002 95.000000000000014 0.095564253098499669 11.500000000000002 0.11549577590040011 0.075093984962406005 2.5000000000000004 5.5000000000000009 -4.7499999999999991 11.500000000000002 1.0000000180025095e-35 7.5000000000000009 4.5000000000000009 40.050000000000004 0.95000000000000007 1.6500000000000001 0.22713329615170105 37.550000000000004 25.500000000000004 23.500000000000004 6.5000000000000009 0.095945205479452067 5.5000000000000009 4.5000000000000009
decision_type=2 2 2 2 2 2 2 2 2 2 2 2 2 2 2 2 2 2 2 2 2 2 2 2 2 2 2 2 2 2 2 2 2
left_child=4 -2 3 -3 5 17 25 -8 -9 10 12 23 13 -6 -14 16 -13 21 19 -19 -20 22 -1 27 -25 26 -7 -11 -17 -5 -23 -12 -27
right_child=1 2 -4 29 9 6 7 8 -10 11 31 15 14 -15 -16 28 -18 18 20 -21 -22 30 -24 24 -26 32 -28 -29 -30 -31 -32 -33 -34
leaf_value=-0.020943167139308622 0.024884643747523427 -0.0052180210605143667 0.0072343063868187179 -0.06646180929582611 0.019763440205291527 0.0121492042177261 0.035288481525459651 0.0089005502409902262 -0.046004137858196695 0.045280812797298016 -0.0075789162608568021 0.0016224427461571107 -0.04082327755109097 -0.0080677663926085347 0.0077411595924202605 0.034374465023229113 -0.012014450102109366 -0.0038733624243477037 0.005549885229768496 -0.031123595720218715 -0.0078023928106510281 0.014784321105117761 0.0154568725869436 -0.023230949098990084 0.028878255898706521 -0.064314205711664296 -0.031736911838358077 0.0085599747439716722 0 -0.026048749028547435 0.041496042399755982 -0.045076896749029149 -0.033528485734560659
leaf_weight=2.5430838813772407 1.8362459728959937 1.2423042338341472 1.537254568422213 1.2620056758169087 25.145958011387851 1.447145126760004 1.933089231373742 2.4369699213420977 1.3942273196880703 2.5191788221709412 0.77257268317043681 26.444486080203205 1.5011986858444277 4.1266856408910817 2.6518302066251636 2.2725390098057678 28.149114018073305 57.341185390134342 67.422617774282116 4.5485260555287814 18.942862761265133 2.4054120404180139 2.901619199779816 2.4624863342614844 2.0152410516748205 1.2329324474558236 2.9038713265326805 2.5417852837126702 2.0884451910387725 1.6971228963229803 2.5596189987845719 1.0195248170057309 1.5323768631787968
leaf_count=54 21 21 29 24 356 19 18 45 33 26 26 318 53 54 39 29 660 967 1275 87 366 44 39 71 68 15 92 44 35 53 18 44 50
internal_value=0 -0.0115142 -0.0236622 -0.0349518 0.000323982 -0.00117577 -0.0153465 0.00428469 -0.0120557 0.0028087 0.0100644 -0.000928767 0.012456 0.0157934 -0.0106052 -0.00359045 -0.00541302 -5.6522e-06 -0.000973175 -0.00596864 0.00260395 0.0135009 -0.00155238 0.0152237 0.000286424 -0.0310578 -0.0170922 0.0278646 0.0184115 -0.0462397 0.029625 -0.0313531 -0.0504861
internal_weight=0 7.57493 5.73869 4.20143 275.257 171.546 12.8806 5.76429 3.8312 103.711 35.2178 68.4933 33.4257 29.2726 4.15303 58.9546 54.5936 158.665 148.255 61.8897 86.3655 10.4097 5.4447 9.53869 4.47773 7.11633 4.35102 5.06096 4.36098 2.95913 4.96503 1.7921 2.76531
internal_count=5093 148 127 98 4945 3122 272 96 78 1823 572 1251 502 410 92 1042 978 2850 2695 1054 1641 155 93 209 139 176 111 70 64 77 62 70 65
is_linear=0
shrinkage=0.0472155


Tree=133
num_leaves=18
num_cat=0
split_feature=60 42 64 30 42 5 5 7 57 60 48 64 38 38 62 62 47
split_gain=0.472895 1.10501 0.459426 0.458822 1.14378 1.03723 1.18244 1.011 1.21805 2.10502 2.03157 0.941699 0.819032 0.805653 2.01274 1.2165 0.671912
threshold=-1.0000000180025095e-35 0.58578431372549034 1.6500000000000001 1.0000000180025095e-35 0.87083333333333346 1.0000000180025095e-35 1.5000000000000002 13.500000000000002 -1.0000000180025095e-35 0.094467108618052006 1.0000000180025095e-35 11.950000000000001 3.5000000000000004 65.000000000000014 7.5000000000000009 3.5000000000000004 37.550000000000004
decision_type=2 2 2 2 2 2 2 2 2 2 2 2 2 2 2 2 2
left_child=1 -1 -2 7 5 12 -7 13 9 -9 -10 -6 -5 15 -15 -4 -13
right_child=2 -3 3 4 11 6 -8 8 10 -11 -12 16 -14 14 -16 -17 -18
leaf_value=-0.046877999158818448 0.021048299847301569 0.011949484711974163 -0.0097356532378912747 0.0078443371988814667 -0.042526262127085303 0.01590769306455516 -0.0027579371247929796 -0.01177445804183096 -0.037372292868441889 0.016908625133539794 0.013737104583533246 0.023830791610706385 -0.028798912468493674 0.0096247175999642359 -0.035176558713256832 0.00038777981318157718 -0.022938391576367061
leaf_weight=1.3306263017002486 2.1596294566988936 1.2163553877035154 37.8982080075657 1.7496126213809464 2.7511300295591345 9.1871132135274802 39.185917608032469 16.592897682217885 1.6481881029903878 8.4642260582186264 36.459981585503556 1.0462305471301081 4.7985397257143632 27.101689218601681 2.2591585468035182 86.363755886384752 1.3790130194975061
leaf_count=63 21 29 738 34 37 138 678 353 28 103 593 49 122 506 66 1461 74
internal_value=0 -0.0195846 0.000190924 1.27128e-05 -0.00362924 -0.00158113 0.000818337 0.00102742 0.00604858 -0.00200968 0.0113489 -0.0244763 -0.0189626 -0.00103746 0.00596756 -0.00270389 -0.00226782
internal_weight=0 2.54698 279.045 276.886 60.0976 54.9212 48.373 216.788 63.1653 25.0571 38.1082 5.17637 6.54815 153.623 29.3608 124.262 2.42524
internal_count=5093 92 5001 4980 1132 972 816 3848 1077 456 621 160 156 2771 572 2199 123
is_linear=0
shrinkage=0.0472155


Tree=134
num_leaves=31
num_cat=0
split_feature=30 52 39 3 14 29 60 49 17 5 59 60 46 61 47 7 6 46 59 45 11 40 42 64 42 48 53 49 31 65
split_gain=0.461819 1.19358 0.949088 1.21442 1.8299 1.90431 1.47572 1.20141 1.42539 1.34278 1.21226 1.19956 1.1599 1.10598 0.902062 0.818381 1.50071 1.30382 1.32546 1.0424 0.883318 0.864165 0.730054 0.704092 0.688409 0.569708 0.44411 0.29452 0.223247 0.0236881
threshold=1.0000000180025095e-35 125.00000000000001 6.5000000000000009 3.5000000000000004 2.5000000000000004 1.5000000000000002 0.057259953161592457 0.51470588235294124 1.0000000180025095e-35 1.5000000000000002 -74.999999999999986 0.027149877149877103 4.5000000000000009 0.21676706827309231 43.45000000000001 61.500000000000007 3.5000000000000004 5.5000000000000009 -1.0000000180025095e-35 11.500000000000002 2.5000000000000004 39.850000000000001 0.19375000000000003 5.2500000000000009 0.40588235294117653 1.5500000000000003 7.5000000000000009 0.14835164835164832 5.5000000000000009 6.5000000000000009
decision_type=2 2 2 2 2 2 2 2 2 2 2 2 2 2 2 2 2 2 2 2 2 2 2 2 2 2 2 2 2 2
left_child=14 2 3 6 5 -5 23 10 28 -10 24 -12 -8 -6 15 16 20 19 -19 -18 21 -1 -17 -2 -4 -22 -24 -16 -9 -3
right_child=1 29 7 4 13 -7 12 8 9 -11 11 -13 -14 -15 27 22 17 18 -20 -21 25 -23 26 -25 -26 -27 -28 -29 -30 -31
leaf_value=0.0025419774750659375 0.042902694246957335 -0.052594444399209794 0.021493817868869478 -0.033662361958965666 0.018606564464133692 0.0052904491566035045 -0.032502623708716399 -0.042780907245001054 0.049221758718740002 0.010550369966278271 -0.049282483713468037 -0.0065540947358714496 0.0078949270540590276 -0.019119118546769363 -0.0076086180952028267 0.010493326035810989 0.0076304041698469667 0.027417828605346594 -0.013010855981745362 0.041854744791940367 -0.044742857912390833 -0.005280891074403906 -0.041972762749188125 0.006259878056860387 -0.010493402024917707 0.00066088470723177177 -0.0071533775304298214 -0.049733835880777504 -0.004587442094072503 -0.024672196962231469
leaf_weight=155.58346108085243 2.1919571310281736 0.73561713658273109 4.4762383890338269 10.861932902364062 4.6355704739689818 3.653846703702583 2.69051762111485 0.67498807492665835 2.776435809559187 6.8540116101503372 1.656241722637789 7.9765245995949954 3.3845451371162198 2.5287329393904656 0.77090902836061903 1.3786661564372469 3.487716169562189 2.6144974433118469 4.9555282679502852 4.9188591940328479 1.3882897666189813 39.251117968990002 2.040860289242119 2.5452349764527753 2.0548239713534713 0.96285822452045966 1.5080015810672192 0.82630174222867936 0.71989964949898422 0.87012034020153806
leaf_count=2333 14 14 57 195 56 49 31 37 35 187 63 162 52 34 21 21 38 40 118 36 34 1121 46 56 49 35 48 40 27 44
internal_value=0 -0.00361816 -0.00246263 -0.00789703 -0.014313 -0.0238671 0.0049321 0.00401707 0.0159208 0.0224449 -0.00414645 -0.0147151 -0.0103021 0.00506428 0.00101145 0.00128592 0.00173463 0.015573 0.0011728 0.0281764 0.000597315 0.000959351 -0.0173919 0.0242712 0.0113223 -0.0271355 -0.0283825 -0.0325263 -0.0261905 -0.0417395
internal_weight=0 61.2872 59.6815 32.4923 21.6801 14.5158 10.8123 27.1892 11.0253 9.63045 16.1638 9.63277 6.07506 7.1643 219.687 218.09 213.162 15.9766 7.57003 8.40658 197.186 194.835 4.92753 4.73719 6.53106 2.35115 3.54886 1.59721 1.39489 1.60574
internal_count=5093 1162 1104 487 334 244 153 617 286 222 331 225 83 90 3931 3870 3755 232 158 74 3523 3454 115 70 106 69 94 61 64 58
is_linear=0
shrinkage=0.0472155


Tree=135
num_leaves=43
num_cat=0
split_feature=27 61 53 56 64 64 47 30 41 60 42 60 19 62 54 62 56 60 39 31 59 15 57 48 64 33 57 56 59 27 63 65 38 49 3 52 55 38 64 64 64 47
split_gain=0.438887 1.62139 2.57421 1.26519 1.66975 1.43997 1.77903 1.25934 1.35249 1.25594 2.08333 1.84226 1.50028 1.69138 1.37205 1.2668 1.64884 2.28151 1.5381 1.3453 1.89251 1.25063 1.19363 1.17613 1.1236 1.0757 1.10026 1.08769 1.098 1.0726 0.898391 0.935581 0.830032 0.827295 0.787982 0.738757 0.441429 0.362063 0.27973 0.271651 0.0207164 0.136235
threshold=1.0000000180025095e-35 0.089087301587301507 10.500000000000002 0.4494949494949495 18.550000000000004 15.050000000000002 37.050000000000004 1.5000000000000002 3.5500000000000003 0.057771773680864509 0.75735294117647067 0.055336832895887957 10.500000000000002 2.5000000000000004 38.45000000000001 4.5000000000000009 0.37980769230769235 0.092206477732793515 5.5000000000000009 5.5000000000000009 -74.999999999999986 37.500000000000007 2.2500000000000004 0.45000000000000007 20.950000000000003 1.0000000180025095e-35 2.2500000000000004 0.39444444444444454 75.000000000000014 2.5000000000000004 3.5000000000000004 3.5000000000000004 19.000000000000004 0.20714285714285713 83.500000000000014 25.000000000000004 1.5500000000000003 9.5000000000000018 16.850000000000005 35.550000000000004 36.650000000000013 38.750000000000007
decision_type=2 2 2 2 2 2 2 2 2 2 2 2 2 2 2 2 2 2 2 2 2 2 2 2 2 2 2 2 2 2 2 2 2 2 2 2 2 2 2 2 2 2
left_child=1 2 33 25 5 6 23 8 24 10 12 39 14 -14 -3 19 18 -18 -17 20 -11 -8 -4 -5 -6 26 27 34 -29 -9 -28 -32 -21 -1 -2 -10 -7 -31 -24 -12 -35 -42
right_child=3 9 22 4 7 36 21 29 35 15 11 -13 13 -15 -16 16 17 -19 -20 32 -22 -23 38 -25 -26 -27 30 28 -30 37 31 -33 -34 40 -36 -37 -38 -39 -40 -41 41 -43
leaf_value=-0.0095956966693556637 -0.00043786170380140035 0.024713716426180105 0.039205706789721843 0.038470325638901029 -0.050707614967404065 0.01665692456747082 0.0044880861416560858 0.042721501433641576 -0.0072209035928318321 -0.002479506745064238 -0.053526346063677184 0.023364123903680794 0.02209837418566242 -0.021243282325887659 -0.00083880854149156732 0.019353457421839658 -0.034502928577273426 0.0029179987273029906 -0.0089130986239434572 -0.012740433552979324 -0.028922820237235726 -0.023490246980135517 0.0052949271480187176 0.010737360355548484 -0.01102853167409823 0.031939830157630918 -0.049441329943351646 -0.030022425634397241 0.011268755854048709 0.010860636453202963 0.0047631402527859076 -0.025578680761841516 0.024194712243809906 -0.053207384612036716 0.025956606926601969 0.041774059624691252 0.042588624585454884 -0.030395090606885132 -0.042798642654326674 -0.0153374716772852 -0.042132620800648439 -0.0058459636250175091
leaf_weight=1.8334886860102395 67.001838934840634 15.707924522808758 1.6853363460395487 5.2454893346875897 1.6709643290378213 3.418061349540948 35.683905788697302 1.8529864699812599 1.1162450496340164 11.592541086953137 2.0344154881313443 1.1256242643576113 2.925519186537711 5.5109701936016791 6.5599723684135816 13.622966085793452 5.2971834024647242 10.651092194311785 6.0693288125330573 2.0969061648938796 12.622602822259068 3.7767506223171941 0.35737610049545754 10.021704919636248 13.862403060542418 1.8073487954679865 1.5117728646146122 5.0541704107308751 1.8454589305911211 0.87322835146915145 4.1940089259296638 4.5643268242129125 3.2061656666919589 3.2367646037600935 2.4437786261551073 1.3753370271297169 3.2377356672659516 0.69269996759248897 0.49494180001784116 0.80063040478853498 0.62745667877607025 0.47962136624846607
leaf_count=40 1089 190 50 34 45 42 342 27 79 135 59 20 38 129 120 116 132 154 108 38 242 45 5 101 785 19 47 99 43 31 42 194 31 71 21 48 28 40 54 80 44 36
internal_value=0 -0.00234676 -0.0216711 0.00148826 0.00567798 0.00963733 0.00704466 -0.0056121 -0.0106387 -0.000618231 0.00661515 -0.0248663 0.0108149 -0.00599493 0.0172095 -0.00448377 0.00149428 -0.00971082 0.0106072 -0.0116897 -0.0163987 0.00170207 0.0173562 0.0206358 -0.0158556 -0.00243251 -0.00322016 -0.00124172 -0.0188812 0.0199363 -0.0175981 -0.0111682 0.00953159 -0.0378418 0.000544594 0.0205484 0.0301343 -0.00823888 -0.0245374 -0.0444755 -0.0487876 -0.0298609
internal_weight=0 108.539 8.71499 171.25 82.8275 61.3836 54.7279 21.4439 18.0249 99.8238 34.6651 3.96067 30.7044 8.43649 22.2679 65.1588 35.6406 15.9483 19.6923 29.5182 24.2151 39.4607 2.53765 15.2672 15.5334 88.4227 86.6154 76.3452 6.89963 3.41891 10.2701 8.75834 5.30307 6.17733 69.4456 2.49158 6.6558 1.56593 0.852318 2.83505 4.34384 1.10708
internal_count=5093 1892 300 3201 1647 592 522 1055 957 1592 636 159 477 167 310 956 510 286 224 446 377 387 109 135 830 1554 1535 1252 142 98 283 236 69 191 1110 127 70 71 59 139 151 80
is_linear=0
shrinkage=0.0472155


Tree=136
num_leaves=40
num_cat=0
split_feature=52 38 57 63 15 49 49 7 3 28 48 18 65 58 57 46 49 25 60 57 4 46 61 38 61 30 18 7 48 61 62 58 56 18 48 61 60 63 48
split_gain=0.502497 0.911566 2.49428 2.64649 1.70495 1.7092 1.45454 1.45177 1.43907 1.19717 1.82824 1.50862 1.38931 1.32499 0.928175 0.894132 1.50995 1.35723 1.22897 1.15917 1.26564 2.46568 2.02767 1.70036 1.60179 1.3202 1.2437 1.14708 1.20968 1.07837 1.12547 0.78846 0.772283 0.526996 0.522962 0.515312 0.589027 0.206821 0.154852
threshold=11.500000000000002 14.500000000000002 -0.74999999999999989 5.5000000000000009 21.500000000000004 0.12916666666666668 0.14835164835164832 23.500000000000004 31.500000000000004 1.0000000180025095e-35 1.8500000000000003 4.5000000000000009 3.5000000000000004 5.5000000000000009 -2.7499999999999996 12.500000000000002 0.12132352941176471 1.0000000180025095e-35 0.038314738696418056 -2.7499999999999996 1.0000000180025095e-35 1.5000000000000002 0.28175416133162617 65.000000000000014 0.20722996515679443 1.0000000180025095e-35 2.5000000000000004 1.0000000180025095e-35 1.5500000000000003 0.32209077465589814 1.5000000000000002 5.5000000000000009 0.2264957264957265 1.0000000180025095e-35 0.55000000000000016 0.30034965034965039 0.073252032520325167 7.5000000000000009 0.55000000000000016
decision_type=2 2 2 2 2 2 2 2 2 2 2 2 2 2 2 2 2 2 2 2 2 2 2 2 2 2 2 2 2 2 2 2 2 2 2 2 2 2 2
left_child=1 4 3 7 9 -6 -4 33 14 11 31 12 -1 -12 -5 19 -17 29 -19 26 22 -22 24 -24 -21 -23 27 -2 -29 30 -18 -11 -20 -3 -7 36 -8 -36 -28
right_child=15 2 6 8 5 34 35 -9 -10 10 13 -13 -14 -15 -16 16 17 18 32 20 21 25 23 -25 -26 -27 38 28 -30 -31 -32 -33 -34 -35 37 -37 -38 -39 -40
leaf_value=0.010067184867091895 0.010512079082989834 0.018012556984047547 -0.055455467392134687 -0.0017529348994275024 0.014999123724107196 -0.0086632885887049337 -0.010354167577282377 -0.010600693752900101 0.024740284121150469 -0.03257186649804529 0.023037803331824841 0.041363099469821758 -0.0027669964972121485 -0.017125921028883009 -0.030210152809048305 0.024093230429153421 0.010814835781334667 0.03815982227727114 0.016023505850880287 -0.003602077428028724 -0.030131747768783346 0.016958777923270971 -0.02771717252190839 0.0097018450702636653 0.015503732903431312 0.001716541567578394 0.022585325837072141 -0.04303716706221869 -0.0023091227121888828 0.013457123437748146 -0.032935657527328133 -0.00015867393503723334 -0.044315093043143579 0.048770320008357945 -0.049934904081118142 0.0033479694251589138 -0.038723043734590581 -0.026383597140955724 0.0021742837399076828
leaf_weight=35.599669234827161 2.0972153362818045 2.800258393748666 2.7179881751071653 4.3317325440002588 2.4033565125428122 2.1132716368883848 4.2310457155690511 2.0431094146333635 1.8257211898453523 6.3226364876609278 4.5452950985636553 2.2305560992099336 39.397307179460768 2.8167966429609805 6.321756394347176 2.6165250884369042 1.4234628209378559 1.7428623008308926 0.74291740893386282 22.032465289521497 3.1280035385861984 37.696653589664493 8.9917498645372671 3.7059020111337295 17.290104134532157 19.249057177221403 1.7737268924247467 4.3653199716936797 2.6190041695954278 1.6058042711811129 8.8159189832513203 2.3096950791077688 0.8292830673744902 2.8655182716902345 2.1819764401298016 2.1751214619725943 2.7921684975735843 2.9937297567958012 1.64700795058161
leaf_count=294 41 48 23 69 30 29 99 38 32 117 75 27 947 68 126 45 47 56 13 456 51 568 120 47 223 339 27 124 71 35 443 43 52 27 62 28 47 72 34
internal_value=0 -0.00206221 -0.00898515 0.00113203 0.000102736 -0.018556 -0.0259469 0.0226243 -0.0122228 0.00208076 -0.00959675 0.00452385 0.0033258 0.00754419 -0.0189145 0.00195582 -0.00788984 -0.013664 0.012432 0.00337483 0.00490278 0.00956158 -0.00047891 -0.0167625 0.00481384 0.0118389 -0.0101521 -0.0192263 -0.028285 -0.0210959 -0.0267119 -0.0241482 -0.0166842 0.0346747 -0.0297988 -0.0162858 -0.0223898 -0.037742 0.013522
internal_weight=0 135.019 32.1044 20.1881 102.914 9.69233 11.9163 7.70889 12.4792 93.222 15.9944 77.2275 74.997 7.36209 10.6535 142.373 17.7768 15.1602 3.31506 124.596 112.094 60.0737 52.0202 12.6977 39.3226 56.9457 12.5023 9.08154 6.98432 11.8452 10.2394 8.63233 1.5722 5.66578 7.28898 9.19834 7.02321 5.17571 3.42073
internal_count=5093 2301 537 340 1764 193 197 113 227 1571 303 1268 1241 143 195 2792 691 646 121 2101 1804 958 846 167 679 907 297 236 195 525 490 160 65 75 163 174 146 134 61
is_linear=0
shrinkage=0.0472155


Tree=137
num_leaves=30
num_cat=0
split_feature=55 40 55 55 61 64 31 54 16 47 47 40 54 60 54 57 47 64 39 59 39 64 46 3 53 6 7 19 65
split_gain=0.518888 1.11707 1.92994 0.956789 2.21813 1.90555 1.76858 1.07821 0.824039 0.809873 0.734416 0.679859 0.646571 0.623161 0.60242 0.925995 0.9178 1.09419 0.576848 2.08441 1.34772 0.49718 0.545541 0.504647 0.451521 0.350342 0.348113 0.0891613 0.0285261
threshold=3.0500000000000003 38.250000000000007 3.6500000000000008 2.3500000000000001 0.18893263342082237 4.8500000000000005 7.5000000000000009 40.150000000000013 1.5000000000000002 40.350000000000001 37.750000000000007 37.150000000000013 40.45000000000001 0.11034186401833457 40.850000000000001 4.2500000000000009 38.850000000000001 5.1500000000000012 3.5000000000000004 1.0000000180025095e-35 4.5000000000000009 13.350000000000003 12.500000000000002 2.5000000000000004 8.5000000000000018 1.5000000000000002 9.5000000000000018 1.0000000180025095e-35 6.5000000000000009
decision_type=2 2 2 2 2 2 2 2 2 2 2 2 2 2 2 2 2 2 2 2 2 2 2 2 2 2 2 2 2
left_child=3 8 13 14 7 -6 12 9 11 10 -5 -2 -7 28 15 18 17 -17 19 -1 -20 22 -4 26 -16 -9 -23 -25 -3
right_child=1 2 21 4 5 6 -8 25 -10 -11 -12 -13 -14 -15 24 16 -18 -19 20 -21 -22 23 -24 27 -26 -27 -28 -29 -30
leaf_value=0.00028292576730787675 -0.0020337857421603603 -0.068452511979560357 -0.0095380662957220801 0.010651445201586264 0.020977007725796942 -0.043578283974662901 0.022529113747788099 -0.029626787596679072 -0.017009158891660981 -0.00096050354618603079 0.048023017717971184 0.03461609142609938 -0.0049641529842279174 -0.0026362895733042825 0 0.017656127732098834 -0.051110504326631841 -0.026161726512278025 0.011187301402569358 -0.02068782638484476 -0.00047524097702199736 -0.018950028490626436 0.021037356525906253 -0.0069742430480811378 0.034885824719438845 0.010771682289885853 0.03473313696739868 -0.043636415805507575 -0.035651536869540278
leaf_weight=54.238304393365979 1.9284368446096802 1.4174765106290568 2.7001772290095687 1.7130426279036344 3.8398011326789838 3.6216610544943251 1.5133358213352037 0.71670940634794422 1.956025321036577 1.2716408703126942 5.1975356821203604 2.3845009952783585 1.416038724069949 0.57820187881588925 1.5093212625943118 2.0061429291963568 1.3060914046363903 2.8700120259309188 26.163256310159341 12.929221770260481 136.33817345945863 0.37923813471570644 2.1926007121801376 0.30417332821525622 1.7045313792768864 0.86074720625765622 0.34878654568456113 1.0707323336391708 0.93830413557589043
leaf_count=548 53 17 40 49 25 137 34 43 46 52 113 31 40 15 35 17 75 95 285 277 2642 41 24 28 26 23 24 138 120
internal_value=0 -0.00815186 -0.017903 0.000514575 0.0103501 -0.00477466 -0.0201179 0.0263184 0.00725984 0.0331124 0.0393424 0.0186446 -0.0333795 -0.0488847 -0.000318711 -0.000604935 -0.0183812 -0.00801908 -0.000109985 -0.00378746 0.00140851 -0.00394304 0.00428948 -0.0222388 0.0194415 -0.00834007 0.00780008 -0.0376464 -0.0590129
internal_weight=0 16.1987 9.92969 259.216 20.1505 10.3908 6.55104 9.75968 6.26896 8.18222 6.91058 4.31294 5.0377 2.93398 239.065 235.851 6.18225 4.87615 229.669 67.1675 162.501 6.99571 4.89278 2.10293 3.21385 1.57746 0.728025 1.37491 2.35578
internal_count=5093 577 447 4516 516 236 211 280 130 214 162 84 177 152 4000 3939 187 112 3752 825 2927 295 64 231 61 66 65 166 137
is_linear=0
shrinkage=0.0472155


Tree=138
num_leaves=20
num_cat=0
split_feature=56 16 41 31 3 60 53 55 49 63 55 56 42 48 61 61 52 60 45
split_gain=0.624107 1.86853 1.55529 0.838093 0.748103 0.71547 0.942009 0.527408 2.28014 0.856454 0.803644 0.612647 1.37825 1.66087 0.810781 1.32781 1.32402 0.580292 0.0212892
threshold=0.94281045751633996 1.0000000180025095e-35 1.1500000000000001 1.0000000180025095e-35 16.500000000000004 -1.0000000180025095e-35 10.500000000000002 3.1500000000000008 0.80625000000000013 5.5000000000000009 3.3500000000000001 0.83974358974358987 0.18465909090909091 4.2500000000000009 0.07207792207792206 0.089087301587301507 10.500000000000002 0.11034186401833457 65.000000000000014
decision_type=2 2 2 2 2 2 2 2 2 2 2 2 2 2 2 2 2 2 2
left_child=5 2 -2 -4 18 6 -1 11 10 -10 -9 14 -13 -14 16 -16 -7 -12 -3
right_child=1 4 3 -5 -6 7 -8 8 9 -11 17 12 13 -15 15 -17 -18 -19 -20
leaf_value=-0.048320226101152067 0.045405376617261288 -0.044324581728374904 -0.028105665712463954 0.022873038165993783 0.0061557276588909155 -0.0042209194066186659 0.013825144557983846 -0.035973470496590804 -0.004051536295330305 -0.062485356068224342 0.010003849142510762 0.025332095565894473 -0.019255635738849634 0.022773954963874566 -0.024576872295461457 0.00074477867984132232 0.022949004623310763 -0.018495748007857249 -0.020660759174084685
leaf_weight=1.3505945808719837 3.7487969163339567 0.87804119224892951 1.2201283673057335 1.3052926239906808 1.7361401447560636 6.9380924971774212 0.72448266367427994 1.0281919609988097 0.83249956113286261 1.9092864283011293 8.4620667098788527 2.2358995295362574 13.626295176858546 2.3060931651270939 4.5444363903952754 210.83286423695972 9.007761395419946 1.7737318796571333 0.8789937705732882
leaf_count=58 33 34 55 38 39 150 30 39 44 83 267 36 382 42 148 3355 206 29 25
internal_value=0 0.0116143 0.0267955 -0.0017426 -0.0154544 -0.000434527 -0.0269481 -0.000205524 -0.00906436 -0.0462725 0.000505488 0.000295204 -0.0080073 -0.0129506 0.000955643 0.00018797 0.0111697 0.00477518 -0.0357654
internal_weight=0 9.76739 6.27422 2.52542 3.49318 265.572 2.07508 263.497 14.0058 2.74179 11.264 249.491 18.1683 15.9324 231.323 215.377 15.9459 10.2358 1.75703
internal_count=5093 224 126 93 98 4869 88 4781 462 127 335 4319 460 424 3859 3503 356 296 59
is_linear=0
shrinkage=0.0472155


Tree=139
num_leaves=28
num_cat=0
split_feature=47 61 47 60 58 13 54 39 29 48 42 64 48 19 45 15 64 57 0 64 63 54 41 54 41 64 41
split_gain=0.457112 1.05459 0.66372 1.1506 0.628653 0.592247 0.690254 0.562038 0.557679 1.33618 1.51085 1.97578 1.91543 0.926031 1.59674 1.34917 1.01526 1.28103 0.704043 0.644736 0.726019 0.521815 0.46973 0.464831 0.444861 0.860802 0.114182
threshold=40.550000000000004 0.35111427216690377 42.050000000000004 0.058632543926661555 24.500000000000004 3.5000000000000004 38.45000000000001 10.500000000000002 1.0000000180025095e-35 2.3500000000000001 0.32291666666666669 11.750000000000002 0.75000000000000011 9.5000000000000018 4.5000000000000009 14.500000000000002 2.1500000000000008 -3.2499999999999996 1.0000000180025095e-35 9.8500000000000032 14.500000000000002 38.150000000000013 1.2500000000000002 41.350000000000001 3.1500000000000008 9.6500000000000004 0.35000000000000003
decision_type=2 2 2 2 2 2 2 2 2 2 2 2 2 2 2 2 2 2 2 2 2 2 2 2 2 2 2
left_child=4 2 5 21 8 6 22 26 13 10 11 -10 -12 16 18 -16 -1 -18 -15 -11 -21 -4 -2 -8 25 -5 -6
right_child=1 -3 3 24 7 -7 23 -9 9 19 12 -13 -14 14 15 -17 17 -19 -20 20 -22 -23 -24 -25 -26 -27 -28
leaf_value=-0.019655448504849175 0.006959582301782073 -0.048593058632481596 0.0017390099764864062 -0.020991859024361362 -0.014695763942779369 0.020188770716045364 -0.035484466187672703 0.0034010406549084393 0.0091655379179840443 0.028353811752818703 -0.028414339004696681 -0.02580046055909007 -0.002922616496847026 0.0019888680989687095 0.014278117024397132 -0.0024633022406126692 -0.013668408327116658 0.0022537597802338109 -0.030255498397006662 -0.016007884100529661 0.035159633910543796 -0.042174188214410213 -0.021410243529382405 9.005426339127357e-05 0.036011051536585743 0.026754473351102745 -0.045253719793252656
leaf_weight=5.5130072692409149 3.5240601070108877 1.0976653217803676 1.1205066778347821 1.2637046119198205 0.74961693177465294 1.0343282979447384 3.6097097017336637 1.3067656661150975 19.575619790703062 3.8866427205502978 11.065719200880269 4.2285517198033622 16.084450407652184 2.6123041196260592 37.949959589517675 14.785367380827664 12.280039569945073 117.33845562586794 3.2287122649140656 1.9815814085886816 0.69054055155720551 1.0375975875649599 1.8251634745975023 0.99761565739754576 1.9477701839641666 1.8525048660812897 1.095271212281659
leaf_count=48 69 29 33 18 31 26 191 31 167 30 190 126 348 38 563 298 268 2040 55 123 12 78 91 47 28 53 62
internal_value=0 -0.00696982 -0.00398738 0.00697562 0.000533541 -0.0112455 -0.0148672 -0.0198502 0.000805477 -0.00326642 -0.0058705 0.00278424 -0.0134515 0.00201964 0.00696862 0.00957949 -0.000127084 0.000723914 -0.0160889 0.0164951 -0.00120916 -0.0206771 -0.0029749 -0.027925 0.0191808 0.00710895 -0.035507
internal_weight=0 19.3106 18.213 7.22208 254.373 10.9909 9.95655 3.15165 251.221 57.5131 50.9543 23.8042 27.1502 193.708 58.5763 52.7353 135.132 129.618 5.84102 6.55876 2.67212 2.1581 5.34922 4.60733 5.06398 3.11621 1.84489
internal_count=5093 663 634 210 4430 424 398 124 4306 996 831 293 538 3310 954 861 2356 2308 93 165 135 111 160 238 99 71 93
is_linear=0
shrinkage=0.0472155


Tree=140
num_leaves=34
num_cat=0
split_feature=55 61 49 55 40 55 48 61 64 48 42 2 47 46 38 48 27 45 3 47 65 40 45 27 4 12 45 65 63 47 40 17 61
split_gain=0.50517 1.32258 0.926089 0.8646 0.711919 0.604702 1.51471 1.15901 1.14754 0.815696 0.945907 0.824176 0.73867 0.569274 1.87583 1.22402 1.14481 1.11345 1.94279 1.1522 1.085 2.52686 1.45741 1.41186 1.06236 0.878427 0.799923 0.543807 0.461351 0.438812 0.26497 0.204116 0.108817
threshold=3.1500000000000008 0.35747051114023592 0.80625000000000013 3.3500000000000001 38.250000000000007 2.3500000000000001 0.75000000000000011 0.18893263342082237 16.650000000000002 2.8500000000000001 0.81534090909090928 1.0000000180025095e-35 37.850000000000001 4.5000000000000009 2.5000000000000004 1.2500000000000002 1.0000000180025095e-35 45.000000000000007 1.5000000000000002 35.850000000000001 9.5000000000000018 39.250000000000007 45.000000000000007 2.5000000000000004 2.5000000000000004 2.5000000000000004 10.500000000000002 7.5000000000000009 5.5000000000000009 38.250000000000007 37.150000000000013 1.0000000180025095e-35 0.32510162601626019
decision_type=2 2 2 2 2 2 2 2 2 2 2 2 2 2 2 2 2 2 2 2 2 2 2 2 2 2 2 2 2 2 2 2 2
left_child=5 2 3 -2 30 13 -7 9 12 10 -8 -11 -9 20 15 16 -15 19 -19 -16 21 22 -1 26 -23 -17 -22 -6 -4 -25 -5 -30 -10
right_child=1 -3 28 4 27 6 7 8 32 11 -12 -13 -14 14 17 25 -18 18 -20 -21 23 24 -24 29 -26 -27 -28 -29 31 -31 -32 -33 -34
leaf_value=0.00087779094684835258 -0.0362017330417094 -0.055050854385678381 -0.0028619224467503319 0.0072315041061069424 0.0035325380859014934 -0.025952712887140395 0.038724274128002271 0.024683864358845703 -0.036434396464208971 -0.038201318705420088 -0.0054307665440765122 0.019066944184971322 -0.0043693563942631243 0.023748672139216751 -0.016128997844728651 -0.043481181663326547 -0.026329796630940684 0.012760013901743394 -0.011690748720199788 0.003686502639961101 0.008311187178027991 -0.010157231955596747 0.017186633905295595 -0.033979242867180987 -0.042708978725367705 0.0032321738100109837 0.044365772547411225 -0.028865581495071464 -0.012671879064057338 0.0096475005172270804 0.0331340275318944 -0.059433786718246735 -0.0045117588275855334
leaf_weight=48.388215127866715 1.0326769290259097 1.0747702758526418 0.90594432642683331 1.8334812170360222 5.0166381290182471 2.3975180659908828 6.1605859331903066 3.4444676749408227 1.4481388601125216 0.70672445819946039 1.2262299680151043 1.3572373339557087 4.071524353697896 1.911340224789454 6.8683649154845616 4.7869076597271487 1.8105337517336009 8.9112555790343304 35.534124066820368 90.648394048621412 2.4140457939356557 10.290042910724877 16.218411706387997 1.0253171273507176 2.7840626137331119 1.0364167275838552 3.522238033823669 1.3066345824627204 0.45571740099694558 0.75893560680560757 1.9722536903573198 0.85468461026903242 0.39934815326705564
leaf_count=504 40 12 51 41 83 47 147 24 128 51 52 47 54 30 159 168 40 160 822 1570 76 135 143 59 48 22 43 176 50 21 25 45 20
internal_value=0 -0.00853594 -0.00408854 0.00154559 0.0060064 0.00048341 0.00808768 0.0126588 0.000746194 0.024166 0.0313529 -0.00170711 0.00911999 -0.000200185 -0.00193977 -0.0220077 -0.000534879 -0.000560454 -0.00674308 0.00225783 0.00287604 0.00116951 0.00501721 0.0195579 -0.0176105 -0.0352078 0.0304677 -0.00365989 -0.030769 -0.0158885 0.0216842 -0.0470164 -0.0308415
internal_weight=0 14.4528 13.378 11.1617 10.129 258.12 21.2118 18.8143 9.36348 9.45078 7.38682 2.06396 7.51599 236.909 151.507 9.5452 3.72187 141.962 44.4454 97.5168 85.4013 77.6807 64.6066 7.72054 13.0741 5.82332 5.93628 6.32327 2.21635 1.78425 3.80573 1.3104 1.84749
internal_count=5093 523 511 365 325 4570 570 523 226 297 199 98 78 4000 2971 260 70 2711 982 1729 1029 830 647 199 183 190 119 259 146 80 66 95 148
is_linear=0
shrinkage=0.0472155


Tree=141
num_leaves=45
num_cat=0
split_feature=15 15 42 62 49 42 58 61 58 60 31 47 47 25 24 19 57 45 3 48 52 57 47 39 52 58 52 60 65 61 42 29 61 15 55 64 60 40 46 54 55 3 45 42
split_gain=0.548528 1.73869 1.87291 1.28926 1.31424 1.2441 1.41518 1.20989 1.07974 1.05384 1.02661 1.00658 1.00338 0.953991 0.937395 1.11697 0.916239 1.15987 0.911487 0.826771 2.63203 2.02187 1.81321 1.56317 1.37221 1.39264 1.33672 1.2807 1.25545 1.31761 1.10153 1.08261 0.896423 0.814516 1.56463 0.783346 0.725217 0.683407 0.651254 0.644191 0.515462 0.412225 0.246756 0.11665
threshold=9.5000000000000018 13.500000000000002 0.36931818181818182 6.5000000000000009 0.78174603174603186 0.19375000000000003 -1.4999999999999998 0.095564253098499669 8.5000000000000018 0.056394820536119904 8.5000000000000018 38.150000000000013 35.250000000000007 1.0000000180025095e-35 1.0000000180025095e-35 10.500000000000002 -1.7499999999999998 14.500000000000002 85.500000000000014 0.75000000000000011 2.5000000000000004 -1.0000000180025095e-35 36.650000000000013 3.5000000000000004 8.5000000000000018 8.5000000000000018 95.000000000000014 0.094807158032358216 1.5000000000000002 0.32806250000000009 0.36931818181818182 1.0000000180025095e-35 0.26282894736842111 34.500000000000007 0.95000000000000007 12.65 0.062718531468531472 37.250000000000007 8.5000000000000018 38.150000000000013 0.55000000000000016 3.5000000000000004 16.500000000000004 0.16025641025641021
decision_type=2 2 2 2 2 2 2 2 2 2 2 2 2 2 2 2 2 2 2 2 2 2 2 2 2 2 2 2 2 2 2 2 2 2 2 2 2 2 2 2 2 2 2 2
left_child=14 2 5 4 13 6 -2 10 9 18 33 -7 -10 -4 19 37 -17 -18 -9 20 23 22 -22 36 28 26 -26 -27 32 -30 -25 -23 -21 34 -3 -11 -1 -16 -6 -5 -8 -39 -14 -43
right_child=1 7 3 39 38 11 40 8 12 35 -12 -13 42 -15 15 16 17 -19 -20 24 21 31 -24 30 25 27 -28 -29 29 -31 -32 -33 -34 -35 -36 -37 -38 41 -40 -41 -42 43 -44 -45
leaf_value=0.010397040286406029 -0.023741487401268729 0.028312984470464264 0.0038242098084634319 -0.041328668077179491 0.042488788650189978 0.011752154155196856 0.035226337354584844 -0.0153904621232318 0.016520263596264101 0.0061124443731693486 -0.021758487242406463 0.045705327588401616 -0.020783422315638813 -0.033977787527740839 0 0.02790643640188769 0.0084041488578324216 -0.043966672495596999 0.019671035493303457 -0.0055694482289395169 -0.00046309409895472744 0.0018823948423407465 -0.039064334916975627 0.040629760507384705 0.011111117655705185 0 -0.012493687250429417 -0.035707707589074621 -0.0058434400611537653 -0.033923097457165527 0.0054350186756673734 -0.021316303665093475 0.027195377102249781 0.03954284766818137 -0.02008867323677976 -0.0098286426769978001 -0.022224097975249327 -0.0086670698102122579 0.0051304667735457849 0 0.006241050653496354 -0.019098177978306766 -0.044412227627667694 -0.048096065305398235
leaf_weight=2.700778992380946 2.0681000715121636 3.4921174694318307 8.5983522604219633 1.9578503264929161 2.5584122233558437 3.1827049123821762 2.5996672660112399 15.073120360262694 1.1241416842676688 29.826665914617479 1.4142868244089175 5.8763607571600005 3.6310409689322114 1.6150745730847109 1.5578491140622626 1.7599451427813617 2.3050165274180476 1.3544011298799885 1.6876678997650731 3.4326434656977645 3.9378439844585946 17.453642174368728 8.8268498398829234 4.3444168739952129 50.866578590590507 8.5661277463659626 5.8034017681493415 2.8505072206025934 23.695539275300693 4.2963520302437237 3.7262533202301711 5.8315315367653957 3.703992173075676 2.8616818395676091 2.3339714182075113 8.7247418895130959 3.0431931363418698 1.1502993957838041 1.8356466526165602 1.367557703721104 3.0095140588236973 0.80235470877960358 1.8620585597236639 2.9464945461950265
leaf_count=30 35 49 153 57 27 36 22 344 16 284 51 54 108 53 24 18 45 33 16 33 66 192 151 32 962 315 216 83 508 63 69 74 25 39 98 335 31 33 46 44 45 13 59 106
internal_value=0 0.00263554 0.0112969 0.000623425 0.00675329 0.0225705 0.0081966 -0.00154158 -0.00402929 -0.00182884 0.013455 0.0342956 -0.0218061 -0.00256307 -0.00170577 -0.0143874 0.00135793 -0.0119326 -0.0116551 -0.00070236 -0.00568668 -0.0123964 -0.0273734 0.0117124 0.00170493 0.0056157 0.00865142 -0.00930034 -0.00584693 -0.0103603 0.024919 -0.00401562 0.0115914 0.0195769 0.00879482 0.00245993 -0.00692273 -0.027387 0.0278181 -0.0251096 0.0204461 -0.0357851 -0.0300314 -0.0431834
internal_weight=0 106.701 34.6692 17.9329 14.6075 16.7363 7.67728 72.0315 61.9294 55.3122 10.1021 9.05907 6.61724 10.2134 164.956 11.8764 5.41936 3.65942 16.7608 153.08 49.8645 36.0499 12.7647 13.8146 103.215 68.0866 56.67 11.4166 35.1285 27.9919 8.07067 23.2852 7.13664 8.68777 5.82609 38.5514 5.74397 6.457 4.39406 3.32541 5.60918 4.89915 5.4931 3.74885
internal_count=5093 1971 572 380 279 192 102 1399 1162 979 237 90 183 206 3122 272 96 78 360 2850 645 483 217 162 2205 1576 1178 398 629 571 101 266 58 186 147 619 61 176 73 101 67 152 167 119
is_linear=0
shrinkage=0.0472155


Tree=142
num_leaves=34
num_cat=0
split_feature=39 7 15 31 3 64 42 54 3 26 57 48 40 60 9 7 14 59 41 48 54 60 61 61 61 27 15 9 61 39 62 64 49
split_gain=0.449018 0.641712 0.682585 0.939219 0.948254 0.7607 0.525908 1.14363 1.60348 1.21584 1.42774 1.15797 1.59685 1.70664 1.25476 1.30421 0.997558 0.997115 1.01183 1.05804 0.965392 0.861406 0.719433 1.39461 1.27529 1.15254 1.03631 0.701204 0.639373 0.542386 0.23818 0.107459 0.012006
threshold=14.500000000000002 26.500000000000004 6.5000000000000009 2.5000000000000004 5.5000000000000009 2.9500000000000006 0.46410256410256417 37.650000000000013 17.500000000000004 1.0000000180025095e-35 -0.74999999999999989 1.0500000000000003 38.350000000000001 0.087956043956043964 1.0000000180025095e-35 11.500000000000002 4.5000000000000009 350.00000000000006 0.75000000000000011 1.1500000000000001 38.050000000000004 0.060075187969924802 0.089087301587301507 0.10056179775280898 0.07207792207792206 3.5000000000000004 13.500000000000002 1.0000000180025095e-35 0.21406109613656782 4.5000000000000009 2.5000000000000004 7.5500000000000007 0.64495798319327746
decision_type=2 2 2 2 2 2 2 2 2 2 2 2 2 2 2 2 2 2 2 2 2 2 2 2 2 2 2 2 2 2 2 2 2
left_child=6 2 3 4 5 -2 17 8 9 10 -8 12 20 -14 15 -13 27 22 -19 -20 -9 -11 24 29 25 -1 -25 -10 -21 -24 -4 -26 -32
right_child=1 -3 30 -5 -6 -7 7 11 16 21 -12 14 13 -15 -16 -17 -18 18 19 28 -22 -23 23 26 31 -27 -28 -29 -30 -31 32 -33 -34
leaf_value=-0.016065240108904203 0.019644423665910276 -0.039779731031122686 -0.0025160580389016183 0.038069265116330027 0.026037490710762196 -0.033719673598642509 0.0048833144327261983 -0.024965824443945288 0.013911417615208345 0.036035798636590032 -0.015600967654585053 -0.0086064511471069614 -0.012911520427948671 -0.057041152623059976 -0.045120839892673036 0.0089941418245603148 -0.014016931537855408 -0.045094018964159724 -0.040413867821066457 0.022502363085962561 0.0036927602242601749 -0.0048813791995181398 0.042724934582254737 0.0054397815883059052 -0.018930861805421761 0.018572237681528714 -0.004386896476282977 0.040900057136290364 -0.017504232031775212 0.01029097660824865 -0.042952211192930544 -0.047485834654587881 -0.018214676155749936
leaf_weight=4.3869793078629282 0.64591084420680855 1.2318799637723712 0.77207994880154762 1.2205525413155554 1.2058947813929988 2.2336517479852773 13.728187758650167 3.517315749544653 12.57539991522208 2.644063319778069 16.503585516300518 19.135886500007473 4.9083326794207078 3.2933373507112265 1.25508497445844 18.085115449561272 2.2070552359800777 1.7043753083562467 1.1292800102382896 2.4044497829163451 8.8185448024887574 1.8283240274759007 2.5622823513112953 95.818358507298399 0.9304517507553095 3.8607862452045083 31.649485100992024 2.5789054755587122 1.1882164166308937 2.3420873363502324 0.83923126821173333 1.3791356209549119 0.61899569258093834
leaf_count=138 5 75 27 38 31 102 260 54 243 38 391 614 122 50 49 429 57 71 27 62 123 35 18 1233 8 69 479 24 32 40 51 61 37
internal_value=0 -0.0104026 -0.00472281 0.00449531 -0.00653532 -0.0210982 0.000356982 -0.00209845 0.00298857 -0.00286281 -0.00630327 -0.00659303 -0.0155989 -0.0315304 -0.00172033 -3.52305e-05 0.0146338 0.00218778 -0.0157435 -0.00378416 -0.00466194 0.0196158 0.00301679 0.00396896 -0.00873169 0.000120835 0.00299214 0.018961 0.00890069 0.0282518 -0.0256532 -0.0383865 -0.035925
internal_weight=0 8.7682 7.53632 5.30601 4.08546 2.87956 260.435 111.079 52.0655 34.7042 30.2318 59.0136 20.5375 8.20167 38.4761 37.221 17.3614 149.356 6.42632 4.72195 12.3359 4.47239 142.93 132.372 10.5574 8.24777 127.468 15.1543 3.59267 4.90437 2.23031 2.30959 1.45823
internal_count=5093 366 291 176 138 107 4727 2489 1048 724 651 1441 349 172 1092 1043 324 2238 192 121 177 73 2046 1770 276 207 1712 267 94 58 115 69 88
is_linear=0
shrinkage=0.0472155


Tree=143
num_leaves=33
num_cat=0
split_feature=49 46 59 60 60 60 56 7 7 7 61 45 62 42 61 30 63 61 59 52 49 4 61 4 47 60 27 60 39 60 48 62
split_gain=0.528382 1.11273 1.01356 1.00987 1.55453 1.36375 1.81634 1.05871 1.20537 1.41726 0.99606 0.986322 0.973948 0.869372 2.45598 1.48478 1.24657 1.14415 1.80463 1.38234 1.34318 1.29325 1.05826 1.14864 0.922526 0.756359 0.743224 0.690949 0.638653 0.610136 0.481846 0.401062
threshold=0.56696428571428581 3.5000000000000004 75.000000000000014 0.093242293843857002 0.085417969564310955 0.079678081313325613 0.57738095238095244 2.5000000000000004 11.500000000000002 16.500000000000004 0.31153480636730818 65.000000000000014 4.5000000000000009 0.79285714285714304 0.15412895927601808 1.0000000180025095e-35 13.500000000000002 0.27669072948328272 -134.99999999999997 1.5000000000000002 0.54195804195804198 1.0000000180025095e-35 0.27297565822155995 2.5000000000000004 37.650000000000013 0.080695251452614664 1.0000000180025095e-35 0.063335710465323561 4.5000000000000009 0.11746550472040666 1.8500000000000003 5.5000000000000009
decision_type=2 2 2 2 2 2 2 2 2 2 2 2 2 2 2 2 2 2 2 2 2 2 2 2 2 2 2 2 2 2 2 2
left_child=13 2 10 4 5 6 -3 28 11 -10 12 -9 -2 17 -15 16 24 20 -19 26 22 -21 23 -1 -16 -7 -20 -17 -5 -30 -6 -22
right_child=1 3 -4 7 30 25 -8 8 9 -11 -12 -13 -14 14 15 27 -18 18 19 21 31 -23 -24 -25 -26 -27 -28 -29 29 -31 -32 -33
leaf_value=0.0059788466867531876 -0.029166038099768744 -0.020979939286834472 0.03173679002510716 -0.0044285246216686702 -0.053050098847664817 0.040904480171797125 -0.0013948728397917905 -0.033390667165838703 0.03118667210228239 -0.0080701895082768878 0.024916252007490876 0.0093733626538917807 0.0084848263155120687 -0.048816858191955213 -0.0099112040517158519 -0.0030142090852737198 -0.03041307500177394 -0.040585219616224778 -0.0057369814008409459 -0.0076600152712190984 0.013119698272991401 0.0098513430389804233 0.037126889214631358 -0.0050438199470860768 0.021451226712609246 0.00029090419442374293 -0.042861932102304892 -0.05051211411816011 0.034142157348952921 0.0054838705680003074 -0.011643410482655176 0.042306203086225493
leaf_weight=84.992514858837239 2.7212197864428145 17.218491134786746 3.3291127248667172 2.6559349114540982 2.0498409946449097 1.7473513036966313 27.12359228922287 4.158545150072313 2.994070654967798 5.6231708797859028 2.5786643642932177 1.5451279996195806 3.0856174752116203 2.6580977807752815 2.7371887722983939 1.2366755432449275 1.5549363959580649 2.6293634898029259 2.5041707623749963 17.461418509366922 2.2851464416598892 19.936471433553379 1.926019800826906 27.796722322818823 7.3964653531438671 2.2579355583293363 2.3478048017714173 1.5140054408693684 3.9354893207782879 3.0063143672887236 1.1023421314312143 2.4153725991491228
leaf_count=1275 45 586 37 39 57 16 857 91 33 119 22 30 40 142 59 28 40 43 24 239 56 246 17 508 135 56 38 34 55 56 45 25
internal_value=0 -0.00301839 0.0104009 -0.00513061 -0.0088477 -0.00665681 -0.00906707 0.00285201 -0.00523522 0.00584545 0.00137908 -0.0217617 -0.00938832 0.00145141 -0.00861939 -0.000679182 0.00671355 0.00251142 -0.00389721 -0.0014407 0.00492752 0.00166032 0.00388305 0.003253 0.0128928 0.0191346 -0.0246968 -0.0308366 0.0148629 0.022262 -0.0401386 0.0292303
internal_weight=0 87.1328 11.7146 75.4182 51.4996 48.3474 44.3421 23.9187 14.3209 8.61724 8.3855 5.70367 5.80684 181.392 17.0974 14.4393 11.6886 164.295 44.8792 42.2499 119.416 37.3979 114.715 112.789 10.1337 4.00529 4.85198 2.75068 9.59774 6.9418 3.15218 4.70052
internal_count=5093 2184 144 2040 1617 1515 1443 423 273 152 107 121 85 2909 438 296 234 2471 590 547 1881 485 1800 1783 194 72 62 62 150 111 102 81
is_linear=0
shrinkage=0.0472155


Tree=144
num_leaves=31
num_cat=0
split_feature=64 45 49 1 60 60 39 60 45 56 60 58 61 16 3 3 61 61 49 42 41 61 31 64 42 46 61 40 54 15
split_gain=0.405868 0.414978 0.373506 1.36521 1.14245 1.01176 1.77734 1.57287 1.98928 1.43988 1.3019 1.07375 0.799427 1.32219 1.33293 2.03399 1.19711 1.66198 1.09366 1.09997 1.02533 1.01444 0.643505 0.437066 0.343536 0.303052 0.264213 0.202258 0.0260876 0.00141972
threshold=178.25000000000003 11.500000000000002 0.56696428571428581 4.5000000000000009 0.027907580477673853 0.079678081313325613 4.5000000000000009 0.066890380313199063 7.5000000000000009 0.57738095238095244 0.10819418144258906 -1.4999999999999998 0.27669072948328272 1.0000000180025095e-35 1.0000000180025095e-35 2.5000000000000004 0.38784306826178755 0.30315449577744663 0.54195804195804198 0.94097222222222232 1.0500000000000003 0.27297565822155995 1.0000000180025095e-35 10.750000000000002 0.34313725490196084 4.5000000000000009 0.13367697594501718 39.45000000000001 37.550000000000004 60.500000000000007
decision_type=2 2 2 2 2 2 2 2 2 2 2 2 2 2 2 2 2 2 2 2 2 2 2 2 2 2 2 2 2 2
left_child=2 26 12 5 -5 7 11 9 -9 -4 -8 -7 18 14 20 -16 17 -15 19 21 -14 -1 -20 -24 -6 -3 -2 -21 -26 -27
right_child=1 25 3 4 24 6 10 8 -10 -11 -12 -13 13 16 15 -17 -18 -19 22 27 -22 -23 23 -25 28 29 -28 -29 -30 -31
leaf_value=0.0024517667425272322 -0.023327681640624785 0.012347183439163332 -0.012947640678594862 0.0050401955562483581 -0.0099845214843918371 -0.03618877854364845 0.024636824165435972 0.019571821499143147 -0.040559975950243084 0.0054797777626827597 0.0019893536971150698 -0.0015115122621037341 -0.01032323421866878 -0.013582010202848957 -0.052034997009524658 -0.010363237513387028 -0.026028183295814064 0.015770435136929117 0.03887451653472114 -0.044334876474825514 0.024348432981874751 0.035734298789159027 0.025529161283873419 -0.010437057579600534 -0.028649432878122667 -0.040540296727306038 0.026677299254383263 -0.010177546311987778 -0.052218526394183819 -0.005102280898835623
leaf_weight=118.70011592458468 0.19728008820675258 0.19781185593456019 15.24211851984728 1.9867071073967952 0.96591914957389224 2.5266867382451892 10.834272583946587 1.4765749666839827 4.9727118189912289 24.227490546647459 11.851009073201565 7.7921980267856252 3.7895490741357234 5.684282850706956 2.9733317065984037 16.686419203877449 2.3988773054443291 16.001649237528909 2.8066243235953143 1.0563668679678802 3.4752240269444883 1.9073551839683194 1.2123895287513735 1.4676933807786552 1.1887068627402189 1.2618183203449005 0.47325523424660787 0.84223290963564057 1.869538062950596 0.10041343118064094
leaf_count=1844 42 5 420 45 27 52 193 18 130 584 182 119 33 86 46 261 30 193 36 47 34 19 10 52 32 415 44 30 58 6
internal_value=0 -0.0193061 0.000175847 -0.00239691 -0.0237603 -0.000712695 0.00556665 -0.005244 -0.0265417 -0.00164584 0.0129397 -0.0105262 0.00140134 -0.00358254 -0.0107478 -0.0171019 0.00442064 0.00799989 0.00339481 0.00244759 0.00635826 0.0030345 0.0237004 0.00617418 -0.0377503 -0.031729 0.00941693 -0.0316325 -0.0453045 -0.0392271
internal_weight=0 2.23058 263.936 84.9339 6.01087 78.9231 33.0042 45.9189 6.44929 39.4696 22.6853 10.3189 179.002 51.0093 26.9245 19.6598 24.0848 21.6859 127.993 122.506 7.26477 120.607 5.48671 2.68008 4.02416 1.56004 0.670535 1.8986 3.05824 1.36223
internal_count=5093 512 4581 1860 162 1698 546 1152 148 1004 375 171 2721 683 374 307 309 279 2038 1940 67 1863 98 62 117 426 86 77 90 421
is_linear=0
shrinkage=0.0472155


Tree=145
num_leaves=16
num_cat=0
split_feature=61 61 62 58 41 61 15 15 3 60 61 62 64 7 49
split_gain=0.405088 1.23382 0.884561 0.44033 0.790536 1.08233 1.44419 1.05068 1.48854 0.683118 0.565992 0.621194 1.95562 0.765984 0.462627
threshold=0.53571428571428581 0.38784306826178755 4.5000000000000009 8.5000000000000018 1.7500000000000002 0.23691816245816846 19.500000000000004 15.500000000000002 12.500000000000002 0.094807158032358216 0.37635410599883518 7.5000000000000009 5.7500000000000009 1.0000000180025095e-35 0.86190476190476206
decision_type=2 2 2 2 2 2 2 2 2 2 2 2 2 2 2
left_child=1 3 -3 10 7 6 -6 8 -5 -7 11 13 -13 -1 -9
right_child=-2 2 -4 4 5 9 -8 14 -10 -11 -12 12 -14 -15 -16
leaf_value=-0.0073717204753000433 0.012741077595931599 0.00034100009180857089 -0.045904146130986034 -0.011789147295838033 -0.019769692096257157 0.033370451148016483 0.038232779393831767 -0.040808262727318217 0.019196128559559288 0.0036268276064672501 0.021454343612138941 0.020659499820386167 -0.0029733427258335468 0.00092326945346942011 -0.0023155973745641258
leaf_weight=29.366512020351365 5.2736616997281081 1.5123105959501111 2.0729201808571815 16.034489427809611 5.181331998552194 3.0478498128941283 0.99161927658133198 2.8785624323645602 4.2147180227329946 3.9186314834514633 2.7835752365645012 13.033850103616716 18.899770850955974 154.73834322503535 0.97721730085322622
leaf_count=506 51 31 39 415 259 51 23 85 86 72 32 93 436 2884 30
internal_value=0 -0.000267187 -0.0271174 0.000124492 -0.00460607 0.00463812 -0.009553 -0.00966874 -0.00519889 0.0172293 0.000935644 0.000651122 0.00671241 -0.000402099 -0.0317372
internal_weight=0 259.652 3.58523 256.066 37.2444 13.1394 6.17295 24.105 20.2492 6.96648 218.822 216.038 31.9336 184.105 3.85578
internal_count=5093 5042 70 4972 1021 405 282 616 501 123 3951 3919 529 3390 115
is_linear=0
shrinkage=0.0472155


Tree=146
num_leaves=24
num_cat=0
split_feature=64 61 40 15 61 58 58 57 64 27 12 50 48 61 61 40 31 7 45 61 27 64 56
split_gain=0.400686 1.65759 0.39506 1.04395 0.848474 0.8315 0.782055 0.723355 0.516839 0.508542 1.50612 1.33238 1.24911 1.21376 1.79824 1.3274 0.942402 0.931025 0.747437 0.922455 0.415077 0.365289 0.12543
threshold=1.9500000000000002 0.29043156059285097 41.95000000000001 1.5000000000000002 0.080322580645161262 18.500000000000004 5.5000000000000009 -2.2499999999999996 9.4500000000000011 1.0000000180025095e-35 2.5000000000000004 -1.0000000180025095e-35 0.25000000000000006 0.10230245944531656 0.11803405572755417 39.250000000000007 7.5000000000000009 1.5000000000000002 105.00000000000001 0.090326340326340307 1.5000000000000002 50.550000000000004 0.39444444444444454
decision_type=2 2 2 2 2 2 2 2 2 2 2 2 2 2 2 2 2 2 2 2 2 2 2
left_child=1 -1 9 6 -5 21 8 -8 -4 10 11 17 -13 18 15 -15 -16 -2 19 -11 -20 -6 -10
right_child=2 -3 3 4 5 -7 7 -9 22 13 -12 12 -14 14 16 -17 -18 -19 20 -21 -22 -23 -24
leaf_value=-0.028678278495832685 -0.0057840159563872003 0.018429185720719936 0.047180552400806007 0.012229966893782158 -0.043534858026941049 0.0035456947799053008 0.016393293732401403 -0.04711206155792369 -0.0092976545796448033 0.0027916989296274159 -0.040273984124033588 -0.016658496089981961 -0.0004704851853600386 -0.053503899878618151 -0.00058373273038910337 0.0028489574204236612 0.0090035920700686951 0.027580377734216538 0.052114456592030955 0.027547752901979323 0.014304007781745965 -0.0052240591155613388 0.016869539653881112
leaf_weight=4.2730144318193188 2.6394381069112551 2.4948822781443596 1.1571574714034785 1.4141059642424805 3.4591368259862065 1.4165128499735145 0.6356460265815258 0.63799547939561285 0.63060618378221966 13.447089238790801 2.0640924237668505 12.281896904576568 73.040890745411161 2.1538842290174212 97.124463401501998 1.4902868953649884 29.668285264517181 5.5709416344761848 1.3980468823574477 4.3519143467419772 1.5172096951864658 0.76274510263465334 0.63890652020927519
leaf_count=46 39 23 7 55 113 30 10 50 26 393 44 167 1392 76 1717 60 485 70 22 83 53 99 33
internal_value=0 -0.0111929 0.000301586 -0.00847931 -0.0190089 -0.0270872 0.0113745 -0.0168204 0.0265573 0.000692598 -0.00199678 -0.00107152 -0.00283759 0.00239814 0.000699715 -0.0312147 0.00166384 0.0168806 0.0129666 0.00908995 0.0345706 -0.037244 0.00387226
internal_weight=0 6.7679 257.501 10.7528 7.0525 5.63839 3.70031 1.27364 2.42667 246.748 95.5973 93.5332 85.3228 151.151 130.437 3.64417 126.793 8.21038 20.7143 17.799 2.91526 4.22188 1.26951
internal_count=5093 69 5024 423 297 242 126 60 66 4601 1712 1668 1559 2889 2338 136 2202 109 551 476 75 212 59
is_linear=0
shrinkage=0.0472155


Tree=147
num_leaves=19
num_cat=0
split_feature=64 61 25 63 27 61 61 52 64 12 56 40 31 47 45 54 54 61
split_gain=0.448635 1.7594 0.341468 0.657449 0.386063 1.28791 1.37371 1.20693 1.82622 1.07567 1.07873 0.911635 0.810808 0.765065 0.737951 0.679456 0.636243 0.41137
threshold=1.9500000000000002 0.23823366555924694 2.5000000000000004 4.5000000000000009 1.0000000180025095e-35 0.10056179775280898 0.11803405572755417 95.000000000000014 19.150000000000002 1.5000000000000002 0.32291666666666669 39.250000000000007 7.5000000000000009 35.250000000000007 105.00000000000001 37.45000000000001 34.250000000000007 0.070802005012531311
decision_type=2 2 2 2 2 2 2 2 2 2 2 2 2 2 2 2 2 2
left_child=1 -1 4 -4 7 14 11 9 -9 10 -2 -7 -8 -11 16 -10 -6 -16
right_child=2 -3 3 -5 5 6 12 8 15 13 -12 -13 -14 -15 17 -17 -18 -19
leaf_value=-0.035388925989368443 0.0063792988569650044 0.011384149061775232 0.010035906688941597 -0.03620367747767813 -0.013309067911056223 -0.045443456781422954 -0.00096992205939386842 -0.042246542426777223 0.022813949657453196 0.0066650349650238614 -0.0041356362674762675 0 0.0078526094359710075 -0.032653724314486834 0.047344644029065901 -0.017277949248604024 0.012273058928163556 0.0085731811271052109
leaf_weight=3.3554749279282978 41.774962781986687 3.4841652922332287 1.0755610938649618 1.3996561227831987 2.3237891845637995 2.2219209842151026 99.438197895011399 3.7467159824445835 1.8829962134477685 1.4591463189572085 44.955177533207461 1.6706163239432497 30.080185875704046 3.5443325318628922 1.7970415972522453 1.5584741038619538 16.373705327336211 1.0816891649737952
leaf_count=40 616 29 28 51 73 79 1837 53 53 16 928 76 504 84 40 110 435 41
internal_value=0 -0.0117807 0.0003221 -0.0165313 0.000500216 0.00197222 0.000230055 -0.00179895 -0.0201923 -0.000314917 0.000924258 -0.0267825 0.00108193 -0.0212248 0.0126262 0.00452197 0.00896541 0.0343144
internal_weight=0 6.83964 256.384 2.47522 253.909 154.987 133.411 98.9218 7.18819 91.7336 86.7301 3.89254 129.518 5.00348 21.5762 3.44147 18.6975 2.87873
internal_count=5093 69 5024 79 4945 3085 2496 1860 216 1644 1544 155 2341 100 589 163 508 81
is_linear=0
shrinkage=0.0472155


Tree=148
num_leaves=19
num_cat=0
split_feature=64 61 59 46 61 27 15 19 60 52 49 45 15 6 38 16 19 65
split_gain=0.716369 2.51344 0.567488 0.661896 0.389204 1.64981 1.62065 1.22446 0.878362 0.689859 0.627267 0.714411 0.59275 0.556617 1.55387 0.593172 0.511189 0.390351
threshold=1.9500000000000002 0.23823366555924694 525.00000000000011 10.500000000000002 0.10230245944531656 1.0000000180025095e-35 1.5000000000000002 1.0000000180025095e-35 0.027149877149877103 135.00000000000003 0.12132352941176471 2.5000000000000004 22.500000000000004 6.5000000000000009 8.5000000000000018 4.5000000000000009 1.5000000000000002 9.5000000000000018
decision_type=2 2 2 2 2 2 2 2 2 2 2 2 2 2 2 2 2 2
left_child=1 -1 4 -4 5 6 7 -2 -8 13 12 -12 -7 15 -15 -6 -11 -18
right_child=2 -3 3 -5 9 10 8 -9 -10 16 11 -13 -14 14 -16 -17 17 -19
leaf_value=-0.040228176447660066 -0.04364058957282755 0.01481518572486124 0.0086369094400037972 -0.038669195944488734 0.00018169147466006019 -0.027853862484459788 -0.050321443620734478 0.012183136085328358 0.0035208200605631292 0.0088462620439555585 0.044867586620016199 0.012341311160199951 0.016358341322842643 0.025412672559709117 -0.0039668992493266742 -0.011183772205248821 -0.046677736112219592 -0.0025255133526404386
leaf_weight=3.7722661141306153 0.8636176488944346 3.3257315494120121 0.94493398140184526 1.5609293568995779 193.1203846509452 1.425959986867386 2.4370826942031276 5.3854113812558353 0.85219355602748681 0.75376737047918085 1.5292956484481717 18.504073593096109 0.99986655917018641 6.8481230401666862 9.2010586469550599 10.630109438498037 1.4113546484149995 0.69485081342281763
leaf_count=40 57 29 23 51 3387 54 101 152 26 27 11 532 16 84 174 239 34 56
internal_value=0 -0.0146131 0.000413005 -0.0211902 0.000642531 0.00549702 -0.0107859 0.0033887 -0.0367122 -5.59557e-05 0.0124708 0.0152234 -0.00950756 0.00024964 0.00866832 -0.00041719 -0.022415 -0.0337066
internal_weight=0 7.098 257.163 2.50586 254.657 31.9975 9.53831 6.24903 3.28928 222.66 22.4592 20.0334 2.42583 219.8 16.0492 203.75 2.85997 2.10621
internal_count=5093 69 5024 74 4950 949 336 209 127 4001 613 543 70 3884 258 3626 117 90
is_linear=0
shrinkage=0.0472155


Tree=149
num_leaves=16
num_cat=0
split_feature=64 61 31 17 31 31 47 31 29 56 31 60 31 47 42
split_gain=0.970013 2.66233 0.448998 0.527328 1.14452 1.08555 0.908474 0.829187 0.764951 0.641875 0.609138 0.971039 0.893679 0.328487 0.24837
threshold=1.9500000000000002 0.23823366555924694 28.500000000000004 4.5000000000000009 16.500000000000004 6.5000000000000009 37.750000000000007 17.500000000000004 2.5000000000000004 0.092329545454545456 7.5000000000000009 0.042488716956802057 6.5000000000000009 38.750000000000007 0.36038961038961043
decision_type=2 2 2 2 2 2 2 2 2 2 2 2 2 2 2
left_child=1 -1 3 7 5 6 -5 10 9 -6 12 -12 -2 -7 -9
right_child=2 -3 -4 4 8 13 -8 14 -10 -11 11 -13 -14 -15 -16
leaf_value=-0.041935155090064825 0.00049535692225598249 0.014306390150214423 0.02000812116283179 -0.027917917641315133 0.037348865797177229 -0.053161027082787776 0.01537151050589025 -0.0082394178546465659 -0.02266264756254598 0.0019624788636955835 -0.0080159915804828476 0.011254599609835976 -0.024716319379809511 -0.016262168330168924 -0.042693660990850084
leaf_weight=3.9946392606943837 202.11473195283907 3.2648938335478306 2.4260458138305685 1.8403219346655517 1.6088682091794906 1.9900236303219574 2.1499198852106929 1.0191857942845666 1.4553693020716307 3.356897201098036 7.3249762061459469 25.965333631203976 3.0084211804205543 1.0714149876730514 1.0331607505213467
leaf_count=40 3944 29 44 42 20 52 30 20 43 66 217 378 86 36 46
internal_value=0 -0.0168129 0.000487241 0.000284546 -0.00874021 -0.0216614 -0.00477278 0.000798862 0.00555003 0.0144345 0.0010686 0.00697536 0.000101683 -0.0420253 -0.0278663
internal_weight=0 7.25953 256.365 253.939 13.4728 7.05168 3.99024 240.466 6.42113 4.96577 238.413 33.2903 205.123 3.06144 2.05235
internal_count=5093 69 5024 4980 289 160 72 4691 129 86 4625 595 4030 88 66
is_linear=0
shrinkage=0.0472155


Tree=150
num_leaves=18
num_cat=0
split_feature=64 61 31 45 60 60 65 46 61 17 57 52 60 52 6 2 52
split_gain=2.46588 3.56177 1.84364 0.60384 2.22155 1.71975 1.73255 1.58531 1.05444 0.631747 0.861223 0.940962 0.668554 1.14962 0.895236 0.500044 0.388029
threshold=1.9500000000000002 0.23103087388801671 34.000000000000007 95.000000000000014 0.044907807548256955 0.031009615384615354 7.5000000000000009 10.500000000000002 0.26536911060720592 4.5000000000000009 2.2500000000000004 3.5000000000000004 0.039292882507333614 3.5000000000000004 5.5000000000000009 1.5000000000000002 125.00000000000001
decision_type=2 2 2 2 2 2 2 2 2 2 2 2 2 2 2 2 2
left_child=1 -1 3 9 5 6 -5 8 -6 12 11 -11 13 -2 -14 -9 -7
right_child=2 -3 -4 4 7 16 -8 15 -10 10 -12 -13 14 -15 -16 -17 -18
leaf_value=-0.05072061484242394 0.0096586440167773686 0.011729266810154989 0.048606457003021269 0.026588848704421714 -0.0074519914024356827 0.026381934600216018 -0.020611778865171619 -0.034811619801551327 0.022607018885057187 0.0094377898530968261 0.015044034343663746 -0.024127296240803078 0.00089325323581145087 -0.0078636892874133796 0.015702550901045383 -0.0022540227676737367 0.058525018288724931
leaf_weight=4.7938604378141445 10.243549178005194 3.331946786493063 1.6124620480695728 4.0623187965247798 5.5422572592506167 2.1701918938197196 2.7589088281383738 3.5832209005602627 4.5942040004301816 2.2887294795364124 2.2169468539650543 7.8434745678678155 154.70858364453306 41.618690333212726 9.5074967780383286 1.5565149901667608 2.366379156417679
leaf_count=39 184 30 16 43 124 48 209 149 58 28 50 174 2562 1154 139 64 22
internal_value=0 -0.0253281 0.000818555 0.000480785 0.00718541 0.0228433 0.00736763 -0.00454124 0.00626161 -0.00030303 -0.0106142 -0.0164511 0.00029139 -0.0043695 0.0017704 -0.0254725 0.0448372
internal_weight=0 8.12581 256.674 255.061 26.634 11.3578 6.82123 15.2762 10.1365 228.427 12.3492 10.1322 216.078 51.8622 164.216 5.13974 4.53657
internal_count=5093 69 5024 5008 717 322 252 395 182 4291 252 202 4039 1338 2701 213 70
is_linear=0
shrinkage=0.0472155


Tree=151
num_leaves=27
num_cat=0
split_feature=64 61 41 40 46 57 49 46 61 16 60 61 41 47 55 49 48 54 40 7 45 15 42 48 38 47
split_gain=0.994313 2.65201 0.426443 0.942012 0.920887 1.88889 1.18491 0.872822 1.29841 0.783316 0.810635 0.837819 0.759849 0.920398 0.839563 0.748456 0.918852 0.710666 1.01627 0.771494 0.69435 0.634106 0.688641 0.450391 0.439316 0.0418127
threshold=1.9500000000000002 0.23823366555924694 1.3500000000000003 38.250000000000007 13.500000000000002 1.7500000000000002 0.12132352941176471 12.500000000000002 0.16716566866267463 1.5000000000000002 0.17902930402930403 0.20722996515679443 6.5500000000000007 36.45000000000001 0.55000000000000016 0.36931818181818182 2.1500000000000008 40.45000000000001 38.95000000000001 35.500000000000007 2.5000000000000004 1.5000000000000002 0.77350427350427364 2.6500000000000008 12.500000000000002 38.150000000000013
decision_type=2 2 2 2 2 2 2 2 2 2 2 2 2 2 2 2 2 2 2 2 2 2 2 2 2 2
left_child=1 -1 4 12 7 6 -6 17 -9 10 11 -5 13 20 -15 -7 -17 19 -19 -2 -4 25 -23 -10 -8 -11
right_child=2 -3 3 9 5 15 24 8 23 21 -12 -13 -14 14 -16 16 -18 18 -20 -21 -22 22 -24 -25 -26 -27
leaf_value=-0.0412060425443974 -0.00090474510681155123 0.015092533717699077 -0.0015753130364234565 -0.0027624890679630804 0.058199475711661709 -0.046462319620106558 -0.0027367741022243158 0.010684708819222739 -0.051022031603173493 -0.013470685373920599 -0.025882007389849322 0.0091019366248918914 0.019279109677826589 -0.029727108491331908 -0.0014022890877545709 -0.032281774927263925 0.021546997926433387 0.02445166497395759 -0.016584416372913403 0.0079257974172204978 -0.042145011149948459 -0.010286482850449842 0.013451038480999286 -0.01054708520794133 0.024194899775611685 -0.037549996133617904
leaf_weight=4.1301345359534016 110.06247149233241 3.1438264884054661 1.340395110542892 22.25071872366243 1.9319979068823139 0.90884038468357209 1.8512250958010552 1.9647436339873809 1.8245028734672817 0.59842980478424834 1.8877645006868977 32.220515120076016 1.5392042133025814 2.7857990269549182 11.358953078568446 0.99628596531692926 1.6078280215733682 5.9489790606312445 1.5705740762059575 27.378020508564077 3.4037195461569354 11.563989351911003 3.3663957347162059 1.1094753941288216 4.1750551697332412 1.3988317046314476
leaf_count=40 1533 29 43 825 14 53 54 55 42 27 40 588 23 74 299 42 73 77 61 366 127 331 106 33 67 71
internal_value=0 -0.017004 0.000496289 -0.00203115 0.00196906 0.0147627 0.0273361 0.000969357 -0.0182716 0.000466902 0.00315259 0.00425033 -0.0109522 -0.013604 -0.00732119 -0.0134916 0 0.00164529 0.0156143 0.000857436 -0.0312779 -0.00837777 -0.00479766 -0.0373801 0.0159737 -0.0322998
internal_weight=0 7.27396 255.045 93.7147 161.33 11.4712 7.95828 149.859 4.89872 73.2866 56.359 54.4712 20.4281 18.8889 14.1448 3.51295 2.60411 144.96 7.51955 137.44 4.74411 16.9276 14.9304 2.93398 6.02628 1.99726
internal_count=5093 69 5024 2554 2470 303 135 2167 130 1988 1453 1413 566 543 373 168 115 2037 138 1899 170 535 437 75 121 98
is_linear=0
shrinkage=0.0472155


Tree=152
num_leaves=18
num_cat=0
split_feature=64 61 47 47 48 60 47 60 5 42 4 64 62 58 53 41 41
split_gain=0.509102 1.76299 0.395081 1.11864 0.558749 0.513391 0.72223 1.15812 0.624533 0.972656 0.554565 0.512952 1.21154 0.676253 0.492472 0.442821 0.268018
threshold=1.9500000000000002 0.23823366555924694 40.550000000000004 40.45000000000001 4.3500000000000005 0.17902930402930403 42.050000000000004 0.058632543926661555 1.0000000180025095e-35 0.87083333333333346 1.0000000180025095e-35 3.9500000000000006 5.5000000000000009 22.500000000000004 6.5000000000000009 4.1500000000000012 3.1500000000000008
decision_type=2 2 2 2 2 2 2 2 2 2 2 2 2 2 2 2 2
left_child=1 -1 3 4 11 6 8 14 9 -4 -10 12 -2 -13 -8 -6 -9
right_child=2 -3 5 -5 15 -7 7 16 10 -11 -12 13 -14 -15 -16 -17 -18
leaf_value=-0.033579330777339961 -0.0017648379337725849 0.013156848804029956 -0.039646247371187819 0.033364420855576067 0.0037300017878667286 -0.037411661307939513 0.00088904939601441629 0.010471517083681428 0.016469598009705377 0.0085663107065180912 -0.012434305538533905 -0.00033739207908400047 0.014904281758068518 -0.021051273055214627 -0.042825436117268335 0.042711994624056691 0.034820581496808375
leaf_weight=3.780430245678871 23.230683380737901 3.1425192430615425 2.9705260830815003 2.1633266364224246 1.5318187275552184 0.94796151667833228 1.118413137039169 2.8771149980602786 2.1218209789949469 1.2207552040345033 3.9666668243007734 188.33182230591774 16.428317882120609 3.4078154845628879 0.93480339238885779 1.0627889119787139 1.7305009022820739
leaf_count=40 203 29 169 39 56 25 31 67 52 38 167 3777 122 151 80 17 30
internal_value=0 -0.0124721 0.000348229 0.000864823 0.000536878 -0.00637809 -0.00423887 0.00769174 -0.0120306 -0.0256753 -0.00207937 0.000281506 0.00515909 -0.000727777 -0.0205242 0.0216214 0.0206913
internal_weight=0 6.92295 254.045 236.157 233.993 17.8886 16.9406 6.66083 10.2798 4.19128 6.08849 231.399 39.659 191.74 2.05322 2.59461 4.60762
internal_count=5093 69 5024 4365 4326 659 634 208 426 207 219 4253 325 3928 111 73 97
is_linear=0
shrinkage=0.0472155


Tree=153
num_leaves=22
num_cat=0
split_feature=7 3 42 31 19 45 49 42 64 60 3 60 40 42 59 60 57 47 59 52 56
split_gain=0.357424 1.3359 1.19378 0.909313 0.780136 0.478337 0.412744 0.774297 0.586045 0.497412 0.459519 1.64724 1.89485 1.69678 1.09614 1.27344 0.970318 0.302548 0.272523 0.204153 0.0591889
threshold=61.500000000000007 5.5000000000000009 0.40588235294117653 16.500000000000004 46.000000000000007 9.5000000000000018 0.97222222222222232 0.93541666666666667 5.7500000000000009 0.06827894327894321 4.5000000000000009 0.059563229265216004 39.250000000000007 0.91987179487179505 -1.0000000180025095e-35 0.063914893617021268 3.7500000000000004 38.350000000000001 -1.0000000180025095e-35 12.500000000000002 0.36038961038961043
decision_type=2 2 2 2 2 2 2 2 2 2 2 2 2 2 2 2 2 2 2 2 2
left_child=4 20 3 -3 6 -5 10 8 -8 -10 11 12 -1 -13 15 -12 -16 18 -4 -9 -2
right_child=1 2 17 5 -6 -7 7 19 9 -11 14 13 -14 -15 16 -17 -18 -19 -20 -21 -22
leaf_value=0.017575215585008561 -0.044194271370985722 -0.015864182559595746 -0.023529717255079106 0.037116528590232144 0.030777201232538291 0.0080418801996413117 0.0083273948359999083 -0.0029979372626469771 -0.038498896260528055 -0.006944909655102435 -0.0042021574956986572 -0.0055377226551920084 -0.0047568816647453015 0.023136934728384899 -0.0029582147379582677 0.0096475559322271379 -0.02162163178473946 -0.038995431953062827 0.004387869242335066 0.022237513158945288 -0.022190693474842225
leaf_weight=26.523932784388307 1.4059798424132162 1.8108970923349241 1.41847379237879 2.2863726727664471 1.6977996202185739 2.998536805738695 1.2774730641394834 1.1553369400789963 2.8229959533782676 2.0081402054056525 25.270226562977768 43.493097399245016 12.255172943463547 4.9638403784483662 81.202761041058693 35.130990501726046 6.5786906534340224 1.1593268531723877 1.3729992349399265 1.4207706209272144 1.3999795495183205
leaf_count=440 31 42 40 22 28 51 14 30 159 62 458 705 383 79 1707 430 257 49 43 35 28
internal_value=0 -0.00733064 0.00017751 0.0117422 0.000418054 0.0215254 0.000182348 -0.00981844 -0.0188565 -0.0262136 0.000561048 0.00327808 0.0105114 -0.00251434 -0.00103611 0.00384714 -0.00440452 -0.0200533 -0.0101317 0.0112142 -0.0353806
internal_weight=0 13.8526 11.0466 7.09581 245.801 5.28491 244.103 8.68472 6.10861 4.83114 235.419 87.236 38.7791 48.4569 148.183 60.4012 87.7815 3.9508 2.79147 2.57611 2.80596
internal_count=5093 306 247 115 4787 73 4759 300 235 221 4459 1607 823 784 2852 888 1964 132 83 65 59
is_linear=0
shrinkage=0.0472155


Tree=154
num_leaves=15
num_cat=0
split_feature=59 64 41 46 7 61 61 39 64 63 45 46 49 23
split_gain=0.33239 0.332789 0.409804 0.818706 0.57533 0.573394 0.856494 0.542664 0.507814 0.457576 0.381252 0.301926 0.225917 0.0407889
threshold=-1284.9999999999998 178.25000000000003 4.4500000000000011 4.5000000000000009 1.5000000000000002 0.53571428571428581 0.38784306826178755 4.5000000000000009 6.8500000000000005 8.5000000000000018 11.500000000000002 4.5000000000000009 0.67708333333333337 1.5000000000000002
decision_type=2 2 2 2 2 2 2 2 2 2 2 2 2 2
left_child=-1 2 5 -4 -5 6 7 -2 -6 -8 12 -12 -3 -13
right_child=1 10 3 4 8 -7 9 -9 -10 -11 11 13 -14 -15
leaf_value=-0.018778912003104001 0.0026232104528309038 -0.017616902748040036 0.034829760680199821 0.018962382291926212 0.0086179147881156049 0.016082372256004774 -0.0048046869375981734 -0.0019406720532068099 -0.023999693081979814 -0.040175005693051824 0.01244112540119433 -0.040811488936298011 0.02794257553285822 -0.0021347745394132353
leaf_weight=1.9092763466760505 100.07234325917671 0.24592489574570153 2.08907658071257 2.4455694364150986 1.790755417197943 4.6468586255796245 1.6688043647445732 137.89988047047518 2.157697876507882 1.6330129331909118 0.21035780198872078 1.1424498541455248 0.40627295401645824 0.12232042202958826
leaf_count=35 1373 54 33 57 17 46 33 2855 105 29 5 394 31 26
internal_value=0 0.000152475 0.000316481 0.0104127 0.0016211 -3.63209e-05 -0.000360874 -1.82304e-05 -0.00931185 -0.0236261 -0.0177129 -0.0300628 0.00988912 -0.0382343
internal_weight=0 256.531 254.404 8.4831 6.39402 245.921 241.274 237.972 3.94845 3.30182 2.12733 1.47513 0.652198 1.26477
internal_count=5093 5058 4548 212 179 4336 4290 4228 122 62 510 425 85 420
is_linear=0
shrinkage=0.0472155


Tree=155
num_leaves=24
num_cat=0
split_feature=47 38 12 35 39 41 42 52 42 61 61 6 50 56 64 3 49 27 3 61 64 3 46
split_gain=0.322417 0.712142 0.92161 1.13862 1.01855 0.958466 0.757738 0.743837 0.616121 0.513973 0.601814 0.464881 0.439137 1.11808 1.29543 1.09985 0.907716 0.546206 0.438874 0.447373 0.24436 0.164751 0.152863
threshold=35.850000000000001 5.5000000000000009 1.0000000180025095e-35 1.0000000180025095e-35 11.500000000000002 0.75000000000000011 0.72474747474747481 12.500000000000002 0.87867647058823539 0.53571428571428581 0.39040229885057476 3.5000000000000004 -1.0000000180025095e-35 0.06904761904761901 15.250000000000002 2.5000000000000004 0.42261904761904762 1.0000000180025095e-35 15.500000000000002 0.18893263342082237 3.9500000000000006 3.5000000000000004 10.500000000000002
decision_type=2 2 2 2 2 2 2 2 2 2 2 2 2 2 2 2 2 2 2 2 2 2 2
left_child=1 7 4 5 6 -4 11 18 -8 10 12 -3 15 14 -14 -2 -17 -15 19 -1 -7 -21 -6
right_child=9 2 3 -5 22 20 8 -9 -10 -11 -12 -13 13 17 -16 16 -18 -19 -20 21 -22 -23 -24
leaf_value=0.020643786552930976 0.030808838659506205 0.012699470948713537 -0.0083079204532279342 0.02138634811031986 -0.047044998237911868 -0.0092362842413155188 -0.04350246310894413 0.031011405122271265 0.0018610969370014684 0.01674138752450062 -0.021656884443197012 -0.011136263661627271 -0.029382524051044273 -0.0023416789747869671 0.0085937919151172024 -0.02534094946140078 0.0118302382826737 0.0027784674639529713 -0.015987122372066918 -0.012926434938162083 -0.047605010580469946 0.0053896965209046174 -0.011130394997941637
leaf_weight=2.6528269490227085 3.496492982725611 8.8449880878906715 3.3650109793525171 1.0707181720063088 0.94143164344131836 0.56803956627845753 1.1172315998701372 1.9028531957883377 1.2985854665748773 4.1696559693664303 2.5628048402722916 2.1134771052747956 5.6177117074839753 73.444160108570941 2.9264051989885047 2.1547509443480521 3.7587266851915047 125.38799673944595 2.6219611089909449 1.9753670287318525 3.4524647690122947 2.0257879639975727 0.5977893453091383
leaf_count=39 52 118 47 22 50 6 36 32 39 41 51 34 89 1451 85 43 78 2498 47 39 153 20 23
internal_value=0 -0.004233 -0.00891053 -0.021198 -0.00173536 -0.0278094 0.00257892 0.00547525 -0.0203901 0.00065708 0.000335279 0.00794156 0.000615509 0.000155533 -0.0163899 0.010497 -0.00194714 0.000883554 -0.000172131 0.00621504 -0.0429497 -0.00366092 -0.0360348
internal_weight=0 34.5485 23.3697 8.45623 14.9135 7.38552 13.3743 11.1788 2.41582 223.519 219.349 10.9585 216.786 207.376 8.54412 9.40997 5.91348 198.832 9.27594 6.65398 4.0205 4.00115 1.53922
internal_count=5093 705 528 228 300 206 227 177 75 4388 4347 152 4296 4123 174 173 121 3949 145 98 159 59 73
is_linear=0
shrinkage=0.0472155


Tree=156
num_leaves=38
num_cat=0
split_feature=49 42 60 3 1 1 60 64 42 63 7 48 27 45 62 47 39 62 38 1 2 61 52 63 0 38 64 7 60 64 55 64 55 13 52 38 62
split_gain=0.328184 1.09989 1.27371 1.23433 1.15567 0.944049 0.921762 0.885817 1.16292 1.47806 1.11245 1.90015 1.32368 1.06981 0.910787 0.857548 0.77918 1.52457 1.6657 1.37257 2.16912 1.7658 1.29472 1.21967 1.43933 1.08602 1.07464 0.774861 0.728008 0.671445 0.574292 0.444541 0.436887 0.307631 0.233267 0.341209 0.19143
threshold=0.56696428571428581 0.77350427350427364 0.051376319758672656 32.500000000000007 1.0000000180025095e-35 4.5000000000000009 0.027907580477673853 4.0500000000000007 0.93541666666666667 11.500000000000002 11.500000000000002 2.5500000000000003 1.5000000000000002 7.5000000000000009 4.5000000000000009 37.650000000000013 5.5000000000000009 4.5000000000000009 105.00000000000001 1.5000000000000002 3.5000000000000004 0.24234614183067793 75.000000000000014 14.500000000000002 1.0000000180025095e-35 65.000000000000014 4.8500000000000005 10.500000000000002 0.091704892966360821 41.650000000000013 1.2500000000000002 5.8500000000000005 0.8500000000000002 1.5000000000000002 11.500000000000002 13.500000000000002 7.5000000000000009
decision_type=2 2 2 2 2 2 2 2 2 2 2 2 2 2 2 2 2 2 2 2 2 2 2 2 2 2 2 2 2 2 2 2 2 2 2 2 2
left_child=1 16 29 4 15 7 -7 13 10 28 11 -9 -12 -2 -15 -4 23 18 22 21 -21 -19 -18 25 31 26 -1 -20 -10 -3 -27 -25 -31 -6 -8 -36 -11
right_child=5 2 3 -5 33 6 34 8 9 36 12 -13 -14 14 -16 -17 17 19 27 20 -22 -23 -24 24 -26 30 -28 -29 -30 32 -32 -33 -34 -35 35 -37 -38
leaf_value=-0.0059927430463498285 0.030836026392981046 -0.048455888876982475 -0.020651587576694042 0.035187984560117819 -0.039687460803516546 0.004465186051967278 -0.048503649813422173 -0.018714959233955619 0.0070114826307681698 -0.043376060526690269 -0.012203941622116158 0.0084445446247184749 0.010224167583072876 -0.018049012689594621 0.012377566342599186 0.012950641020931089 0.0046153717831654761 -0.0047210284719678584 0.05026360682542079 0.019675459235661674 -0.019506506413181433 -0.031056428215159686 -0.032845070175763699 0.015689953164498147 0.036600992082458629 0.027747454117617185 0.0062099535269135829 0.0077583414832054351 0.036317246995214478 0.019671012104609514 0.0041452557711510176 -0.013711409737549038 -0.03254674550074671 -0.011173217858122489 0.00081181079071945752 -0.035431390433355123 -0.0054928875925383137
leaf_weight=27.164245357736945 3.7369977794587603 2.3697250715922595 2.3048116425052267 1.4481925637228403 2.2889220186043535 2.0278209482785305 1.5452527165180074 22.824429721396886 4.4908227682462876 0.8002427168539723 9.3864117227494734 7.5015935887640799 14.983674440940375 3.2803617864847165 5.8184063211083412 5.1442024816060439 29.36273674713448 15.779977078607773 2.3561378729064009 7.9747417767066491 4.9550375519320369 8.8244899462442827 2.0341877063037819 2.0036728791892511 5.48890161071904 5.5350879076868278 38.870564050739631 1.7202238421887157 3.3244462935253978 0.63967895344831027 4.0850915480405092 2.2435634576249868 0.45829467941075563 1.6793839959427712 0.91489633615128729 1.2282351013272998 0.57229559810366482
leaf_count=249 30 78 41 19 67 52 56 683 149 47 313 302 333 36 46 99 528 328 38 141 104 167 67 14 52 49 579 43 39 44 50 44 69 39 24 47 27
internal_value=0 0.00115839 -0.0104347 -0.00335227 -0.00875409 -0.00245259 -0.0206736 -0.0010426 -0.00332923 0.0120423 -0.00595329 -0.0119655 0.00153396 0.01018 0.00120458 0.00223346 0.00236808 -0.00120512 0.00578828 -0.00782787 0.00455055 -0.0143451 0.0019992 0.00542686 0.0210194 0.00336782 0.00117788 0.0335365 0.020081 -0.0351098 0.0180443 8.47576e-05 -0.00309508 -0.0287582 -0.034238 -0.0207873 -0.030406
internal_weight=0 174.732 16.3332 12.8655 11.4173 82.4359 5.71621 76.7197 63.8839 9.18781 54.6961 30.326 24.3701 12.8358 9.09877 7.44901 158.399 73.0075 35.4733 37.5342 12.9298 24.6045 31.3969 85.3911 9.73614 75.655 66.0348 4.07636 7.81527 3.4677 9.62018 4.24724 1.09797 3.96831 3.68838 2.14313 1.37254
internal_count=5093 2909 456 265 246 2184 179 2005 1893 262 1631 985 646 112 82 140 2453 1416 676 740 245 495 595 1037 110 927 828 81 188 191 99 58 113 106 127 71 74
is_linear=0
shrinkage=0.0472155


Tree=157
num_leaves=26
num_cat=0
split_feature=57 24 57 38 62 18 60 2 56 38 61 40 40 60 41 63 42 63 57 40 8 61 2 40 55
split_gain=0.355749 1.19666 1.09321 1.01183 1.27031 0.982497 0.756777 0.891321 0.741373 0.724842 0.703694 0.886151 0.698886 0.662066 0.595685 0.621622 0.463282 1.04144 1.06722 0.980432 0.650808 1.01326 0.846674 0.219511 0.161296
threshold=-4.7499999999999991 1.0000000180025095e-35 -3.2499999999999996 55.000000000000007 2.5000000000000004 3.5000000000000004 0.092206477732793515 1.0000000180025095e-35 0.51470588235294124 105.00000000000001 0.29953271028037382 39.95000000000001 41.95000000000001 0.15061128295772572 3.1500000000000008 9.5000000000000018 0.69615384615384623 13.500000000000002 1.7500000000000002 39.150000000000013 1.0000000180025095e-35 0.29953271028037382 4.5000000000000009 40.050000000000004 5.1500000000000012
decision_type=2 2 2 2 2 2 2 2 2 2 2 2 2 2 2 2 2 2 2 2 2 2 2 2 2
left_child=1 3 5 4 -1 9 7 -6 23 10 11 -2 16 14 24 -16 20 19 -19 -18 22 -22 -4 -5 -14
right_child=2 -3 12 8 6 -7 -8 -9 -10 -11 -12 -13 13 -15 15 -17 17 18 -20 -21 21 -23 -24 -25 -26
leaf_value=-0.01278320381074379 -0.041645007174552356 -0.029215930531386873 0.0017166282094023813 -0.040717857232009963 -0.015402178235105684 0.016614886120259513 0.041100946947267764 0.031081194801923877 0.016893354796784672 0.013950678390191254 0.00011769810636934542 -0.0063516580558517092 -0.039632405721493971 -0.049325575131456828 -0.016310832482367647 0.01626211047653681 0.0028967772770059201 -0.035701611290167946 0.009912961290140368 -0.013117960098366755 -0.016827178077583264 0.017492336974373617 0.01410389849085995 -0.0072787167806539575 -0.0041390623057899339
leaf_weight=2.0070276641054061 4.9507114171283302 1.6037363029317919 144.04425365975476 1.0689220284111791 1.5034115720773118 1.8386607047868881 4.2984866930637509 1.8709136559627948 1.2024217729922382 1.1526637491770078 2.1075346926227212 2.4678302962565795 1.1579043642850582 0.85128023684956122 2.3362732313689776 2.543776408652775 36.650773038447369 3.7467097677872507 1.4957505133934317 10.906937319843562 8.3436013904865813 2.3039317645598194 13.311342826578764 0.90095070679672051 0.47438251168932755
leaf_count=33 122 53 2388 36 41 38 40 25 32 37 39 63 99 24 131 93 781 134 54 425 157 28 187 25 8
internal_value=0 0.00714851 -0.000434234 0.0120674 0.0195908 -0.0139222 0.0282377 0.0104504 -0.0105199 -0.0194228 -0.0237066 -0.0304066 0.000313 -0.0138196 -0.00791201 0.000515411 0.000797812 -0.00304861 -0.022668 -0.000797151 0.00201243 -0.0091785 0.00278313 -0.0275676 -0.0310749
internal_weight=0 14.4559 240.684 12.8521 9.67984 12.5174 7.67281 3.37433 3.17229 10.6787 9.52608 7.41854 228.167 7.36362 6.51234 4.88005 220.803 52.8002 5.24246 47.5577 168.003 10.6475 157.356 1.96987 1.63229
internal_count=5093 285 4808 232 139 299 106 66 93 261 224 185 4509 355 331 224 4154 1394 188 1206 2760 185 2575 61 107
is_linear=0
shrinkage=0.0472155


Tree=158
num_leaves=49
num_cat=0
split_feature=52 3 57 63 27 49 42 27 7 64 0 45 60 7 45 58 65 47 2 27 3 39 52 63 62 64 64 57 47 38 40 40 46 27 56 58 63 61 65 40 59 61 49 56 47 60 39 52
split_gain=0.370776 0.731429 1.41982 1.2686 1.5706 1.22095 1.17554 1.33759 1.11032 0.970413 1.50828 1.46022 1.09119 1.76201 1.00048 0.896726 0.794498 0.67386 0.639362 0.616272 1.44019 1.25851 1.34594 1.4284 1.20708 2.33481 2.17208 1.7629 1.28079 1.167 0.996543 0.973985 0.906197 2.03975 1.11064 0.903744 0.852349 0.67579 0.623658 0.570545 0.551352 0.536482 0.635916 0.481072 0.47875 0.261141 0.186214 0.0831083
threshold=10.500000000000002 4.5000000000000009 2.2500000000000004 12.500000000000002 1.0000000180025095e-35 0.76696832579185525 0.36038961038961043 4.5000000000000009 30.500000000000004 10.250000000000002 1.0000000180025095e-35 5.5000000000000009 0.098441411612694818 2.5000000000000004 1.5000000000000002 -4.4999999999999991 9.5000000000000018 38.550000000000004 1.0000000180025095e-35 1.0000000180025095e-35 1.5000000000000002 1.5000000000000002 35.000000000000007 6.5000000000000009 5.5000000000000009 3.8500000000000001 9.8500000000000032 1.2500000000000002 38.350000000000001 19.000000000000004 41.45000000000001 40.150000000000013 4.5000000000000009 2.5000000000000004 0.37980769230769235 4.5000000000000009 7.5000000000000009 0.10056179775280898 12.500000000000002 43.750000000000007 250.00000000000003 0.24011173184357543 0.37980769230769235 0.19375000000000003 41.150000000000013 0.052128623188405755 6.5000000000000009 95.000000000000014
decision_type=2 2 2 2 2 2 2 2 2 2 2 2 2 2 2 2 2 2 2 2 2 2 2 2 2 2 2 2 2 2 2 2 2 2 2 2 2 2 2 2 2 2 2 2 2 2 2 2
left_child=1 9 3 6 -5 41 15 -8 -6 11 18 14 40 -14 -1 -3 -12 -16 44 20 24 29 23 -23 26 -26 28 -28 -2 -22 31 32 33 -21 -34 43 -37 -27 -24 46 -13 42 -4 -33 -11 -7 -32 -48
right_child=19 2 5 4 8 45 7 -9 -10 10 16 12 13 -15 17 -17 -18 -19 -20 30 21 22 38 -25 25 37 27 -29 -30 -31 39 35 34 -35 -36 36 -38 -39 -40 -41 -42 -43 -44 -45 -46 -47 47 -49
leaf_value=0.0082511181468961359 -0.02247860317817128 0.026249692444934705 0.0015900957202117608 0.016095600817838632 -0.035650599772697425 0.015491694455889559 -0.015666035899593027 0.0051841630426554246 0 -0.023976135142745904 0 0.0165891452858818 0.022321061121620855 -0.02625107081658137 -0.0038132784840526628 0.0034941519694679109 0.04634884222774268 -0.037398064771826126 0.0092327370927409447 0.023546944935454669 -0.012760123442988526 -0.027149249830261506 -0.03264119818800109 0.0069669345096455299 0.030046149237343174 0.0064939561769997902 0.03763539430051456 -0.019456116941785388 0.015415004826760555 0.030588826242542007 -0.0052972979445464708 0.0069072409232390749 -0.010271449311965565 -0.0018385013235758607 0.0048709409440366655 0.01588910314396037 -0.032589289873963513 -0.02694777676841249 0.0032204341830669083 0.0085737281600943658 0.039349838166656007 -0.058888156395603117 -0.041353233087621094 0.037438876932159249 0.0077477692359006227 -0.013113109730565132 -0.046849942565448652 -0.013836233494522562
leaf_weight=5.0792030617594737 4.1453021019697252 4.742178526241335 1.2656320059322745 2.4505609116749829 6.5611230278154817 1.3164457015227529 14.723830770468341 12.525144354673101 2.7603349289856851 8.3759552279952896 1.7696619248017662 9.6458038240671176 3.3157659154385319 3.0067160241305828 2.8053398746997118 18.771923190681264 1.326743350131437 2.5301216617226601 1.848056063230614 12.925844404846432 2.4463527622283463 3.9210804038448286 8.3635881730588135 8.0456642570788954 2.6248907353728992 1.5941796461702322 7.5475747868767922 1.300212287053 3.5041066557168961 2.7715254225768149 0.54333463730290521 1.7210215722443516 17.195648559893016 15.150066993199287 28.3344175608363 2.1309841584297833 1.0688431325834242 6.2230767426663078 1.1667093046708021 0.92801457713358093 3.3707719109952441 1.7551897051744161 1.6353623261675236 4.5076634063152596 1.0932781615992997 1.1774887045612557 1.2548023402923716 0.48235524783376593
leaf_count=43 45 49 34 34 132 36 315 257 45 332 41 91 27 31 32 276 29 34 40 122 48 93 195 171 19 42 134 90 34 28 19 41 349 190 742 78 64 162 57 33 27 57 57 107 41 33 98 39
internal_value=0 -0.00199898 -0.00501026 -0.00268693 -0.0165316 -0.0246921 0.000556742 -0.00608663 -0.0253158 0.00273851 -0.00723725 0.00760677 0.0152447 -0.000763276 -0.00653273 0.0082707 0.0210892 -0.0205389 -0.0152468 0.0016273 -0.00233342 -0.0100779 -0.0151198 -0.00438873 0.00533817 -0.00711161 0.0132492 0.0289592 -0.00508081 0.0103907 0.0040986 0.00511862 0.00325436 0.00989928 -0.000851276 0.0192806 -0.000963029 -0.0200542 -0.0282055 -0.0210072 0.0229762 -0.0385499 -0.0233836 0.0295232 -0.0201722 0.00176965 -0.0330612 -0.040127
internal_weight=0 113.853 69.6852 62.5351 11.772 7.15012 50.7631 27.249 9.32146 44.1674 14.4137 29.7537 19.3391 6.32248 10.4147 23.5141 3.09641 5.33546 11.3173 139.897 53.6543 26.7149 21.497 11.9667 26.9393 10.4421 16.4972 8.84779 7.64941 5.21788 86.243 83.0345 73.606 28.0759 45.5301 9.42851 3.19983 7.81726 9.5303 3.20851 13.0166 4.65618 2.90099 6.22868 9.46923 2.49393 2.28049 1.73716
internal_count=5093 2093 1325 1108 211 217 897 572 177 768 483 285 176 58 109 325 70 66 413 3000 1118 592 516 264 526 223 303 224 79 76 1882 1693 1403 312 1091 290 142 204 252 189 118 148 91 148 373 69 156 137
is_linear=0
shrinkage=0.0472155


Tree=159
num_leaves=26
num_cat=0
split_feature=16 49 47 47 15 56 54 64 61 54 14 27 61 55 61 61 52 47 63 56 53 59 64 61 3
split_gain=0.494774 1.03571 0.340933 0.961313 1.23118 1.09143 0.92568 2.17014 0.921735 0.813892 0.877934 0.838256 0.812633 0.720394 1.38532 1.11643 0.68452 1.26078 0.990807 0.662401 0.880635 0.658126 0.419291 0.553151 0.214857
threshold=7.5000000000000009 0.23205128205128203 38.350000000000001 37.750000000000007 1.0000000180025095e-35 0.080128205128205107 38.750000000000007 6.0500000000000007 0.19572818485861967 36.250000000000007 6.5000000000000009 1.0000000180025095e-35 0.21406109613656782 0.75000000000000011 0.21828631138975962 0.36406117247238745 10.500000000000002 37.050000000000004 6.5000000000000009 0.19375000000000003 10.500000000000002 -184.99999999999997 41.650000000000013 0.10230245944531656 23.500000000000004
decision_type=2 2 2 2 2 2 2 2 2 2 2 2 2 2 2 2 2 2 2 2 2 2 2 2 2
left_child=2 -2 3 6 19 -6 16 -8 -7 11 13 12 -4 14 -11 -15 18 -18 -1 -5 -21 -9 24 -24 -13
right_child=1 -3 9 4 5 8 7 21 -10 10 -12 22 -14 15 -16 -17 17 -19 -20 20 -22 -23 23 -25 -26
leaf_value=0.0047750241523174071 -0.051009426044732513 0.0067298761746488311 0.018129781184296388 0.040232791681072654 -0.024727161911277534 0.015792350779278663 0.0099821419815096339 0.004778773669008674 -0.00010310771306447636 -0.0059288445668398328 -0.030863978950291679 -0.043719859459411946 -0.021660336143069402 -0.0013497984725309349 0.01387607829723324 -0.02987017364471398 0.010526254950813602 -0.0057796821500905125 -0.010017867963708838 -0.0036926980207346951 0.03566584861225696 -0.033906064140846431 0.031123413469221699 -0.032136087385449291 -0.016177387043670964
leaf_weight=17.734617043752223 1.1043896792689332 1.3965460514882577 2.3325984298717213 3.1921284082345647 2.612498403992503 12.975130464823449 5.4724857583641988 1.0661854583304373 21.098935744026676 13.090262051904572 1.9073809741530556 2.4522829242050652 1.9294606609037144 58.714640992286149 19.171908209566027 3.0593864133115849 30.054374168859795 16.061239222879522 22.897017726558261 3.0427300510928035 1.932927965710405 6.5954086797428317 0.46150230383500446 0.42195169330807403 1.3468044092878697
leaf_count=282 29 46 49 21 42 256 51 27 316 211 56 63 41 1678 224 59 508 268 419 55 23 258 28 58 25
internal_value=0 -0.0201945 0.000216334 0.00170323 0.00743237 0.00366933 -0.000871629 -0.0124697 0.00598065 -0.00182871 -0.000539497 -0.0153106 0 0.000124929 0.00583174 -0.00285313 0.000898522 0.00483284 -0.00355254 0.0238254 0.0121641 -0.0284537 -0.0287193 0 -0.0352612
internal_weight=0 2.50094 249.624 144.736 44.8544 36.6866 99.8813 13.1341 34.0741 104.888 95.9436 8.9446 4.26206 94.0362 32.2622 61.774 86.7472 46.1156 40.6316 8.16779 4.97566 7.66159 4.68254 0.883454 3.79909
internal_count=5093 75 5018 2526 713 614 1813 336 572 2492 2228 264 90 2172 435 1737 1477 776 701 99 78 285 174 86 88
is_linear=0
shrinkage=0.0472155


Tree=160
num_leaves=27
num_cat=0
split_feature=16 49 57 60 61 64 17 18 61 60 3 38 61 61 49 3 15 57 56 42 47 52 55 40 60 59
split_gain=0.394519 0.868348 0.369851 1.40946 2.10561 1.30209 0.880831 0.606146 0.559704 1.42624 1.3044 1.43533 1.29523 1.59795 1.13597 0.695985 1.96867 1.4612 1.19921 1.11005 1.84835 0.694496 0.577105 0.435275 0.371924 0.314005
threshold=7.5000000000000009 0.23205128205128203 3.7500000000000004 0.042900964066608212 0.21406109613656782 5.8500000000000005 1.5000000000000002 1.5000000000000002 0.22623392422662497 0.046589147286821654 9.5000000000000018 25.000000000000004 0.23928352725045929 0.25962962962962965 0.62019230769230782 3.5000000000000004 7.5000000000000009 -4.7499999999999991 0.55050505050505061 0.63961038961038974 38.250000000000007 10.500000000000002 1.7500000000000002 36.750000000000007 0.060504372584909462 -1.0000000180025095e-35
decision_type=2 2 2 2 2 2 2 2 2 2 2 2 2 2 2 2 2 2 2 2 2 2 2 2 2 2
left_child=2 -2 8 6 7 -6 23 25 15 10 11 -10 14 -14 -11 19 17 -17 -18 20 -1 -12 -21 -4 -7 -5
right_child=1 -3 3 4 5 24 -8 -9 9 12 21 -13 13 -15 -16 16 18 -19 -20 22 -22 -23 -24 -25 -26 -27
leaf_value=0.017161663939737535 -0.048407250673936607 0.0056667653135955322 -0.0014047260640267115 0.045018279533985753 0.00087479279932767674 -0.004364357414049419 0.00065584896335138033 -0.0033321229691810738 0.0086392293277238741 0.02290297302810787 0.015660543775493987 0.054429764156506008 -0.014168070659875492 0.0023666009524264554 -0.014975340563371955 0.02021847319671723 -0.0049514069344987746 -0.018970164465004949 0.0090904087224044378 -0.021610319067401788 -0.0064225441891044739 -0.025274265968443337 0.0049479705086041782 -0.049179868370625712 -0.048122626534499453 0.017580050323549524
leaf_weight=18.260565883247185 1.0009767995215946 1.4001159940380601 0.54701678780839147 1.8704247418791053 4.3325996641069651 0.61720185179729048 1.5844653164676854 1.5108022207277825 3.0320413727313262 9.6018475233577174 1.8370601183269175 3.1562929454958066 15.524700136971658 76.379778797447216 2.0043284579296587 2.1872639695648131 32.815630864759441 21.982727549038827 22.830620264401659 4.9288529246114186 12.211961855122352 1.528726299293339 2.6981004091794603 2.6181882576202042 2.1826236842898652 2.6482809589942899
leaf_count=246 29 46 14 13 46 29 55 40 54 118 30 34 295 1101 66 36 679 628 545 177 284 42 137 148 118 83
internal_value=0 -0.0183823 0.000190131 -0.00630866 0.00168569 -0.0154598 -0.0278658 0.0219356 0.000701279 0.00307444 0.0203642 0.0329506 0.00144066 -0.000441073 0.0161814 -0.00156996 -0.00407728 -0.0152773 0.000808545 0.00366046 0.00770642 -0.00307959 -0.012232 -0.0416232 -0.0395182 0.0303306
internal_weight=0 2.40109 248.892 17.9116 13.1619 7.13243 4.74967 6.02951 230.98 113.065 9.55412 6.18833 103.511 91.9045 11.6062 117.916 79.8162 24.17 55.6463 38.0995 30.4725 3.36579 7.62695 3.16521 2.79983 4.51871
internal_count=5093 75 5018 546 329 193 217 136 4472 1740 160 88 1580 1396 184 2732 1888 664 1224 844 530 72 314 162 147 96
is_linear=0
shrinkage=0.0472155


Tree=161
num_leaves=46
num_cat=0
split_feature=27 63 56 64 15 48 45 46 8 57 48 60 64 38 56 17 48 15 48 14 52 39 42 46 42 64 40 58 61 19 52 54 64 48 24 25 15 56 46 64 17 54 47 54 64
split_gain=0.324898 1.43523 1.22072 1.35183 0.943552 1.83085 1.35466 1.21234 0.893292 0.848354 0.96265 0.78573 0.743968 0.695868 0.675445 0.621094 0.609055 1.38318 1.15723 1.57497 1.7872 1.44471 1.44236 1.6867 1.68149 2.6013 1.50601 1.10029 0.897654 0.805646 0.721546 0.709056 0.894468 1.00606 0.636046 0.785833 0.578562 0.502876 0.46052 0.336758 0.32899 0.322034 0.244045 0.212962 0.0406952
threshold=2.5000000000000004 4.5000000000000009 0.46410256410256417 7.2500000000000009 7.5000000000000009 0.25000000000000006 95.000000000000014 11.500000000000002 1.0000000180025095e-35 3.7500000000000004 1.6500000000000001 0.097283677482792513 24.150000000000002 19.000000000000004 0.5590277777777779 3.5000000000000004 1.4500000000000002 10.500000000000002 0.75000000000000011 2.5000000000000004 2.5000000000000004 3.5000000000000004 0.55050505050505061 3.5000000000000004 0.21825396825396823 5.0500000000000007 39.350000000000001 6.5000000000000009 0.29816126855600544 3.5000000000000004 35.000000000000007 36.050000000000004 5.4500000000000011 2.6500000000000008 1.0000000180025095e-35 1.0000000180025095e-35 4.5000000000000009 0.74166666666666681 5.5000000000000009 5.7500000000000009 3.5000000000000004 37.750000000000007 39.250000000000007 37.050000000000004 20.150000000000002
decision_type=2 2 2 2 2 2 2 2 2 2 2 2 2 2 2 2 2 2 2 2 2 2 2 2 2 2 2 2 2 2 2 2 2 2 2 2 2 2 2 2 2 2 2 2 2
left_child=16 2 3 13 5 -3 7 -7 9 10 -6 15 38 -2 -10 -5 18 31 19 20 21 -1 24 -24 25 -20 -26 -22 -25 30 -19 32 -18 -34 36 -36 -33 42 -4 -31 -11 -40 -14 -39 -41
right_child=1 4 12 11 8 6 -8 -9 14 40 -12 -13 37 -15 -16 -17 17 29 22 -21 27 -23 23 28 26 -27 -28 -29 -30 39 -32 34 33 -35 35 -37 -38 43 41 44 -42 -43 -44 -45 -46
leaf_value=-0.0061371137903661679 0.021892052810283412 0.027026321931495484 0.0098478484628710637 -0.039602565368214999 -0.0052682915453876314 -0.049083346104523473 0.013392424264976367 0.0016737923527730188 -0.042536365697177586 -0.037384709912118702 0.0095380163869023399 0.0057426311335536714 -0.0047085473450864434 -0.0065094032440028652 -0.0034547349289650899 0.004850823342632044 0.0085161425002222985 -0.023363383048609226 0.032019049566137457 0.024671252970467607 -0.012010110673195023 0.025078224893401349 0.040973378355655475 -0.014600518764827628 0.030078437652508457 -0.018215579448697138 -0.0024106754702021751 0.01022581994631303 0.009887754141411173 -0.0074254229617223208 0.020808740755779202 0.00027577801489301593 -0.045385935127456353 -0.004358299037231385 -0.037173636773976705 0.0094367299249635602 0.012190049936778694 0 0.043200280822991613 -0.053076932327749501 0 0.018510735627251272 0.028244653012942968 -0.039035477783825677 -0.027276606613645331
leaf_weight=5.7442484698258323 4.4229702185839432 1.3608234575949589 3.6742512974888069 3.2580523390788585 29.552922805538401 4.8933522630250081 1.236044807359576 1.2778932040091602 2.0633472477202299 1.8304074992192902 14.41534487303579 1.7882985244505105 0.83835306676337429 3.1479964181780815 1.8912338190712032 0.80436981352977444 2.752811171114443 1.7187395485816517 3.3647897262126225 4.6658229872118673 32.527822220581584 7.3518839847529307 1.6507817851379538 10.540192700515034 15.283142318250613 6.3733901655650698 3.9281464179512104 5.6784272886579847 4.669606286508496 0.78260639309883151 1.2811158141121266 33.10189762536902 2.4086615781998262 2.9174656176473945 1.7670810256095131 1.2483106700237838 12.415225381497292 0.48487333441153146 2.9357416266575456 1.6228776033967736 0.74253046402009193 2.838471308350563 0.85436902707442641 0.69579293043352664 1.0557929956703445
leaf_count=63 38 21 41 127 535 126 48 55 56 87 390 42 36 34 43 24 30 46 24 51 484 97 14 265 143 117 76 78 69 7 26 901 110 100 64 28 260 27 24 33 18 39 29 63 104
internal_value=0 -0.00236814 0.0068977 -0.00291331 -0.00641246 -0.0205739 -0.029826 -0.0387148 -0.00387813 -0.00198781 -0.000380705 -0.0196889 0.0175273 0.0101191 -0.0249413 -0.0308113 0.00122238 -0.0024131 0.00348192 -0.00106425 -0.00349332 0.0114374 0.00903315 -0.00190434 0.0153987 -0.000534108 0.0234402 -0.00865687 -0.00701331 -0.0228068 -0.00418838 -1.1021e-05 -0.012819 -0.0238838 0.00214619 -0.0182161 0.00357391 -0.00317751 0.0238343 -0.037787 -0.0274422 0.0320739 0.012666 -0.0250719 -0.0454313
internal_weight=0 85.0074 25.7435 13.4217 59.2639 8.76811 7.40729 6.17125 50.4958 46.5412 43.9683 5.85072 12.3219 7.57097 3.95458 4.06242 164.851 63.0726 101.778 55.9682 51.3024 13.0961 45.81 16.8606 28.9495 9.73818 19.2113 38.2062 15.2098 6.46113 2.99986 56.6115 8.07894 5.32613 48.5325 3.01539 45.5171 2.87339 9.44846 3.46128 2.57294 5.77421 1.69272 1.18067 2.67867
internal_count=5093 1903 524 265 1379 250 229 181 1129 1030 925 193 259 72 99 151 3190 1709 1481 773 722 160 708 348 360 141 219 562 334 216 72 1493 240 210 1253 92 1161 155 104 144 105 63 65 90 137
is_linear=0
shrinkage=0.0472155


Tree=162
num_leaves=35
num_cat=0
split_feature=38 62 21 7 45 52 48 55 56 38 42 56 55 61 55 58 60 62 42 39 39 39 42 58 13 16 12 27 6 7 40 60 64 40
split_gain=0.574033 2.12257 1.25131 1.33152 1.1037 0.859891 0.665966 0.480118 0.3917 0.695643 1.27742 0.983935 0.835443 0.833546 0.988172 0.77068 0.720887 0.634844 1.06924 1.08617 1.10588 0.996983 0.946705 0.655544 0.628036 0.95648 0.584216 0.510114 0.499546 0.350052 0.284771 0.209743 0.0984293 0.0810542
threshold=105.00000000000001 4.5000000000000009 1.0000000180025095e-35 1.5000000000000002 75.000000000000014 25.000000000000004 1.6500000000000001 2.2500000000000004 0.54195804195804198 4.5000000000000009 0.064583333333333312 0.63961038961038974 2.6500000000000008 0.18893263342082237 2.3500000000000001 -1.4999999999999998 0.058632543926661555 7.5000000000000009 0.46410256410256417 5.5000000000000009 10.500000000000002 4.5000000000000009 0.12916666666666668 -17.499999999999996 5.5000000000000009 1.0000000180025095e-35 1.0000000180025095e-35 2.5000000000000004 1.0000000180025095e-35 10.500000000000002 38.050000000000004 0.11034186401833457 21.950000000000003 40.650000000000013
decision_type=2 2 2 2 2 2 2 2 2 2 2 2 2 2 2 2 2 2 2 2 2 2 2 2 2 2 2 2 2 2 2 2 2 2
left_child=8 4 3 -3 5 -2 32 31 17 11 -11 30 15 14 -13 -12 -15 23 19 22 -21 -20 -19 -1 26 -26 -25 -23 -14 -8 -10 -5 -6 -32
right_child=1 2 -4 7 6 -7 29 -9 9 10 12 13 28 16 -16 -17 -18 18 21 20 -22 27 -24 24 25 -27 -28 -29 -30 -31 33 -33 -34 -35
leaf_value=0.024243923872425528 0.012587831264790477 0.01753754442852945 0.034521359018159982 -0.043578420639940496 -0.0040746967600442888 0.053169180141891377 0.031987085762731161 0 -0.0086994737901207007 0.04261345097960427 -0.0032462679312126375 -0.0082438008106769257 -0.025058952604995736 0.014315513395552404 0.029511679221238932 0.0080262599271744752 -0.025392092828396627 0.0004786663452963611 -0.044852715992750709 -0.027773358025010197 0.01495674935687288 0.0094686937436049452 0.030546616255568586 -0.0015735010555074792 0.037824969524042754 -0.005428693290049841 -0.0082583108421124506 -0.024787925943741077 0.00039470217045071244 -0.0033605645650434785 -0.047562521971259104 -0.010188991059694568 -0.034063547216712189 -0.018963695360632037
leaf_weight=1.7128654086263839 2.1072737241629493 1.5716850773897011 1.0133970952592788 2.9871778510278095 0.49799102172255538 3.0645945008145645 1.320473865431268 0.90882980893366028 1.2189484442351379 1.6751149888150383 19.452088718535379 2.846054616966283 3.4012316904263562 1.2513144369004292 3.0111553861061111 43.099226028367411 3.5430569119052961 3.5683542075566965 1.3302877475507546 2.4468993361806488 2.6050856597721577 3.2190794643829577 6.8593559851869941 69.156779533717781 1.836379459593444 2.4947127460036427 50.716785366646945 1.1807283533562438 3.2047349596978165 0.96819682954810549 1.3148436914198103 0.69282180536538351 0.65554312389576808 0.79257776914164413
leaf_count=23 49 51 16 151 9 36 42 36 24 16 414 84 156 40 80 794 98 43 38 57 49 81 70 1220 21 52 968 32 146 45 52 17 52 31
internal_value=0 0.0086607 -0.0101231 -0.01832 0.0242677 0.0377087 0.00304658 -0.0309302 -0.00059562 0.0019536 0.0038612 -0.00759553 0.002808 -0.000389769 0.011352 0.00451117 -0.0147592 -0.00207006 0.00544513 0.0118863 -0.00585263 -0.0116826 0.0204961 -0.00334687 -0.00376615 0.0135243 -0.00441505 -0.000179741 -0.0129239 0.0175949 -0.0293119 -0.0382081 -0.0238464 -0.0393694
internal_weight=0 15.788 7.17391 6.16051 8.61407 5.17187 3.4422 4.58883 231.938 84.8103 70.8324 13.978 69.1573 10.6516 5.85721 62.5513 4.79437 147.127 21.2098 15.4797 5.05198 5.7301 10.4277 125.918 124.205 4.33109 119.874 4.39981 6.60597 2.28867 3.32637 3.68 1.15353 2.10742
internal_count=5093 504 271 255 233 85 148 204 4589 1935 1526 409 1510 302 164 1208 138 2654 370 219 106 151 113 2284 2261 73 2188 113 302 87 107 168 61 83
is_linear=0
shrinkage=0.0472155


Tree=163
num_leaves=34
num_cat=0
split_feature=38 63 21 62 49 59 55 42 64 27 52 61 60 57 2 26 54 46 52 13 60 40 60 12 42 53 45 48 61 16 46 54 61
split_gain=0.417635 1.6147 1.11152 1.05856 0.806709 0.792522 0.632248 0.499393 0.425345 0.346434 0.833067 0.884073 1.26123 0.825006 0.806246 0.686926 1.54979 1.15388 1.44492 0.772082 0.721255 1.0014 0.939176 0.659069 0.522819 0.514418 0.478835 0.239162 0.149363 0.146796 0.0922816 0.0487814 0.0479236
threshold=105.00000000000001 5.5000000000000009 1.0000000180025095e-35 4.5000000000000009 0.4330357142857143 -134.99999999999997 0.45000000000000007 0.25833333333333336 81.300000000000026 5.5000000000000009 105.00000000000001 0.10230245944531656 0.020513359983168503 1.0000000180025095e-35 1.0000000180025095e-35 1.0000000180025095e-35 37.150000000000013 11.500000000000002 14.500000000000002 5.5000000000000009 0.025105042016806706 37.150000000000013 0.047458172458172458 2.5000000000000004 0.51666666666666672 7.5000000000000009 5.5000000000000009 0.65000000000000002 0.27801932367149768 1.0000000180025095e-35 6.5000000000000009 37.45000000000001 0.20318851626016263
decision_type=2 2 2 2 2 2 2 2 2 2 2 2 2 2 2 2 2 2 2 2 2 2 2 2 2 2 2 2 2 2 2 2 2
left_child=9 4 3 29 7 -5 -6 -2 -7 15 11 13 27 26 -14 19 24 18 -18 20 21 -1 -22 -15 -17 -19 -11 -13 31 -3 -26 -8 -12
right_child=1 2 -4 5 6 8 28 -9 -10 10 32 12 14 23 -16 16 17 25 -20 -21 22 -23 -24 -25 30 -27 -28 -29 -30 -31 -32 -33 -34
leaf_value=-0.028055144412198325 0.054581401429825434 0.002861504242078029 0.031907432396831706 0.019009823342484918 0.035784119031217691 -0.035095011641036108 -0.0052249084257189708 0.017955524983560775 0.0019036361134137628 0.01196168066425583 0.010214206684576947 -0.014353445811296356 0.01310424734902192 0.0032470446461367736 -0.0088212998562607996 0.0098840640776269011 -0.030678981176881542 -0.006570024554781102 0.0042939395820517116 0.020738566028203887 0.0095960116043743802 -0.0039772513453838129 -0.0014384850117713454 0.047034279647611157 0.042727840400010271 0.028871896429169434 -0.028656961895118918 -0.044958592743384485 0.0048512729386379384 0.028376529143631007 0.023866766590277533 -0.029028523070002841 0.026502556513242726
leaf_weight=4.5507378107286085 1.9843208335805678 1.1467263684608027 1.3347356102894989 0.74286066985223342 0.74775459570810232 4.1969377046916643 0.47615268360823371 1.8722601416520772 0.76350996794644732 1.0736904258374118 1.2318667134095442 1.1436933728400611 4.1584360518027124 1.4959793748566883 26.894796019128989 3.7940517892129737 4.1651914516114612 1.1557224928401399 6.5410330870654434 3.4815588428173205 20.003546817868482 21.81491196656134 116.04495666129515 1.5415605125017462 2.2323346887715161 3.0613954350119457 1.1759803945897145 2.1766289223451167 0.64215804892592121 0.90055578225292254 2.4437464107759297 0.61916516325436532 1.439370851323474
leaf_count=135 19 32 21 23 18 135 26 44 92 19 36 23 63 45 533 52 105 33 95 49 402 692 2012 20 19 81 50 62 13 33 41 48 22
internal_value=0 0.00747731 -0.00523611 -0.0122777 0.0254413 -0.0226093 0.00371474 0.0385126 -0.0294035 -0.000503297 -0.00435641 -0.00611581 -0.00889493 0.0115397 -0.00580748 0.000358216 0.00790342 -0.00125642 -0.00952729 -0.000709072 -0.00119464 -0.00831511 0.000189443 0.0270224 0.0238154 0.0191369 -0.00954037 -0.0358483 -0.0117608 0.0157271 0.0342211 -0.0213355 0.0203084
internal_weight=0 15.4271 9.08533 7.75059 6.34181 5.70331 2.48523 3.85658 4.96045 231.621 42.332 39.6608 34.3736 5.28721 31.0532 189.289 23.3935 14.9233 10.7062 165.896 162.414 26.3656 136.049 3.03754 8.47013 4.21712 2.24967 3.32032 1.73748 2.04728 4.67608 1.09532 2.67124
internal_count=5093 504 336 315 168 250 105 63 227 4589 873 815 681 134 596 3716 426 314 200 3290 3241 827 2414 65 112 114 69 85 87 65 60 74 58
is_linear=0
shrinkage=0.0472155


Tree=164
num_leaves=32
num_cat=0
split_feature=57 15 15 40 19 40 2 15 58 45 30 5 56 5 13 57 56 48 61 5 59 6 53 46 62 2 48 42 61 54 4
split_gain=0.578473 1.27605 1.8775 1.09095 0.975303 0.911562 0.869036 1.07533 1.03441 0.874202 0.693317 1.61976 2.13281 1.05474 1.11883 1.04705 0.911692 0.871923 0.824823 0.818128 1.14368 0.752844 0.682353 0.506456 0.502823 0.672089 0.470908 0.394504 0.37604 0.221414 0.0244751
threshold=-4.7499999999999991 7.5000000000000009 3.5000000000000004 39.95000000000001 8.5000000000000018 41.45000000000001 1.0000000180025095e-35 1.5000000000000002 6.5000000000000009 5.5000000000000009 1.0000000180025095e-35 1.0000000180025095e-35 0.25833333333333336 1.5000000000000002 1.0000000180025095e-35 -3.2499999999999996 0.42261904761904762 3.9500000000000006 0.22187060478199719 1.5000000000000002 -1.0000000180025095e-35 1.5000000000000002 12.500000000000002 4.5000000000000009 2.5000000000000004 1.5000000000000002 1.2500000000000002 0.4330357142857143 0.27042925278219399 38.150000000000013 2.5000000000000004
decision_type=2 2 2 2 2 2 2 2 2 2 2 2 2 2 2 2 2 2 2 2 2 2 2 2 2 2 2 2 2 2 2
left_child=1 2 3 27 29 10 7 8 22 -8 15 12 -12 14 -13 16 26 -15 -18 21 -21 -17 -7 -14 -11 -26 -2 -1 -6 -3 -9
right_child=5 4 -4 -5 28 6 9 30 -10 24 11 13 23 17 -16 19 18 -19 -20 20 -22 -23 -24 -25 25 -27 -28 -29 -30 -31 -32
leaf_value=-0.035353628765569287 -0.044303803326537924 -0.048370702821765248 0.042473462407007889 0.020509519639022721 -0.010154837213660365 -0.010344025077595995 0.021889599176671281 -0.049775123466290469 -0.045965746327987042 0.0097662952752314638 -0.056917440299221536 -0.0040536089136647066 -0.026355071915036658 -0.0068585132249468946 0.030495631119559288 0.001389264744726256 -0.02148186147586445 0.028304620469550283 0.019166515933004388 -0.0023596309660677941 0.013089580244047046 -0.013177386305009971 0.032701226012783621 0.0098933969292105961 -0.045179538180814473 -0.0026210073188661321 -0.012725640864570899 -0.00029003713680797401 0.023259888333462805 -0.013454815263183323 -0.022505938184435376
leaf_weight=1.4295650657732024 2.0784764713607711 1.0457567954435938 4.0766021625604481 2.9412596883485094 1.2451810971833768 2.0150608219555566 2.3881991126108915 2.175455564341974 0.9809327198890968 1.4669717237120492 2.7246038255980229 3.9585693276603688 1.1044282414950433 31.743744529085234 4.1018365971976891 107.2515750915336 1.7676282983738927 1.4766530810156826 2.4246031232178211 16.233495625434443 30.449093401548453 8.3610881596105155 1.13600757549284 2.4280533976270817 1.3780439852271231 1.894083945546299 2.5022861695615575 1.3640255008358506 1.4191616862080989 0.98077835864387442 0.64361270889639843
leaf_count=31 55 33 49 48 44 68 38 108 68 49 48 85 22 646 53 2047 53 34 31 264 575 196 29 76 83 87 59 31 21 28 34
internal_value=0 0.00909137 0.0186927 0.000921409 -0.0108079 -0.000573038 -0.0121429 -0.0238042 -0.00764257 -0.00038339 0.000178231 -0.00485198 -0.0268974 -0.00139541 0.013724 0.00158338 -0.0141331 -0.00513597 0.00170525 0.00245123 0.0077147 0.000311893 0.00588432 -0.0019745 -0.012119 -0.022116 -0.0282932 -0.0194776 0.00775248 -0.0341796 -0.0454451
internal_weight=0 14.5023 9.81145 5.73485 4.69088 232.685 14.0784 6.95107 4.132 7.1273 218.606 47.5379 6.25709 41.2808 8.06041 171.068 8.77299 33.2204 4.19223 162.295 46.6826 115.613 3.15107 3.53248 4.7391 3.27213 4.58076 2.79359 2.66434 2.02654 2.81907
internal_count=5093 285 159 110 126 4808 564 307 165 257 4244 964 146 818 138 3280 198 680 84 3082 839 2243 97 98 219 170 114 62 65 61 142
is_linear=0
shrinkage=0.0472155


Tree=165
num_leaves=34
num_cat=0
split_feature=47 61 47 64 49 0 53 55 60 27 11 60 64 45 58 61 61 39 39 41 48 54 49 40 49 3 15 38 31 56 49 7 42
split_gain=0.434951 0.926323 0.619544 0.927668 0.92107 0.625774 0.572917 0.817515 1.56295 1.73598 0.948393 0.985174 0.890505 0.851704 0.636255 1.04898 0.719598 1.92802 1.3786 0.613027 0.566287 0.748649 1.05132 0.555677 0.461203 0.460737 0.458937 0.482927 0.4572 0.430991 0.427149 0.354872 0.224321
threshold=40.550000000000004 0.35111427216690377 40.050000000000004 18.850000000000005 0.39444444444444454 1.0000000180025095e-35 10.500000000000002 1.5500000000000003 0.055336832895887957 1.0000000180025095e-35 1.0000000180025095e-35 0.027149877149877103 5.4500000000000011 9.5000000000000018 -12.499999999999998 0.27167203435319381 0.29190074906367042 8.5000000000000018 8.5000000000000018 0.75000000000000011 4.7500000000000009 37.45000000000001 0.29285714285714287 39.150000000000013 0.14835164835164832 17.500000000000004 3.5000000000000004 13.500000000000002 2.5000000000000004 0.37980769230769235 0.18465909090909091 7.5000000000000009 0.83974358974358987
decision_type=2 2 2 2 2 2 2 2 2 2 2 2 2 2 2 2 2 2 2 2 2 2 2 2 2 2 2 2 2 2 2 2 2
left_child=2 20 6 4 24 30 14 8 9 -8 11 -9 -10 -12 15 19 17 -16 -18 -1 21 22 -2 29 -4 26 27 -22 -25 -23 -5 -28 -32
right_child=1 -3 3 5 -6 -7 7 10 12 -11 13 -13 -14 -15 16 -17 18 -19 -20 -21 25 23 -24 28 -26 -27 31 -29 -30 -31 32 -33 -34
leaf_value=0.051911184158147078 0.026842675731409974 -0.048014949963868854 0.019241935881379676 0.033971276094717853 0.038812001498510676 -0.039339107700713645 0.053228747871065248 -0.016206773986778361 0.02268104080358677 0.0010885925479134798 0.01080595980397425 0.0086011455056650369 -0.012502191303714948 -0.034435857127981931 -0.00025423903001651365 -0.012916423173264673 -0.0017860656443122072 -0.013971112453362739 0.016733279460327526 0.0095434391977866906 -0.037699297584049739 -0.020557664249858002 -0.027654497880137401 -0.040986189977799237 -0.0068414056835109415 -0.01822328422763796 0.0058065519885053722 0.017455313282396655 -0.0086279302945306835 0.0083120770472528572 -0.029582157087789898 0.042573038894417173 0.011966423887331752
leaf_weight=1.4575048387050622 2.2414875373942844 0.98577333288267155 2.9444240983575565 0.54674774780869417 3.0247433842159808 1.0001282515004275 3.4251710502430779 4.1796857900917592 2.2520954795181751 2.4094024287769571 1.2333674088586115 19.476933068712242 4.5479323787149042 2.7368045923940372 98.680694884213153 1.7552881436422465 30.610368383349851 29.592751926917117 12.451523667434229 1.6952598420903084 0.45335967466235094 1.8675196588155794 0.99887029733508814 2.5060384919052012 2.7516223741695285 0.86663009284529824 1.1082719664555045 0.6340358117595315 1.8008779592346398 2.4566935800248757 0.52163327485322952 1.3904753242968579 0.34054235729854554
leaf_count=17 40 29 32 9 24 85 35 231 15 67 26 453 120 149 1528 29 397 892 168 41 46 58 57 145 38 39 44 23 88 65 58 29 16
internal_value=0 -0.00717651 0.000550819 0.0113263 0.0184572 -0.013739 -8.83511e-06 0.00505728 0.0149183 0.0324638 0.000458743 0.00410407 -0.000480402 -0.0203623 -0.00117368 0.0152788 -0.00166386 -0.00343849 0.00359999 0.0310244 -0.00418796 -0.00957083 0.00929773 -0.016772 0.00670327 0.0098427 0.0173295 -0.00706652 -0.0284657 -0.00432705 0.00636423 0.0279555 -0.0132979
internal_weight=0 17.31 227.635 11.1298 8.72079 2.40905 216.505 40.2614 12.6346 5.83457 27.6268 23.6566 6.80003 3.97017 176.243 4.90805 171.335 128.273 43.0619 3.15276 16.3243 11.8715 3.24036 8.63113 5.69605 4.45277 3.58614 1.0874 4.30692 4.32421 1.40892 2.49875 0.862176
internal_count=5093 663 4430 262 94 168 4168 1096 237 102 859 684 135 175 3072 87 2985 2420 565 58 634 453 97 356 70 181 142 69 233 123 83 73 74
is_linear=0
shrinkage=0.0472155


Tree=166
num_leaves=18
num_cat=0
split_feature=60 58 63 57 63 57 42 31 63 3 4 38 1 60 46 64 52
split_gain=2.24509 0.850182 0.971989 0.559549 0.99865 1.53241 1.48328 1.37155 0.964988 1.64683 1.39662 1.35842 1.40997 1.27073 0.661033 1.24349 1.06585
threshold=0.36033824331696679 -17.499999999999996 10.500000000000002 -1.0000000180025095e-35 7.5000000000000009 0.75000000000000011 0.34313725490196084 1.5000000000000002 7.5000000000000009 2.5000000000000004 2.5000000000000004 1.5000000000000002 1.5000000000000002 0.063914893617021268 7.5000000000000009 20.550000000000004 10.500000000000002
decision_type=2 2 2 2 2 2 2 2 2 2 2 2 2 2 2 2 2
left_child=1 2 -1 8 5 6 -5 -7 9 10 -3 -10 -13 -11 16 -16 -6
right_child=-2 3 -4 4 14 7 -8 -9 11 13 -12 12 -14 -15 15 -17 -18
leaf_value=-0.0011361558455577131 -0.056410364394475082 0.02066623574230067 0.048799624816854154 0.020107872252874179 -0.0011481878263043083 -0.016559997418588948 -0.004797894462632072 0.00069542192759044065 0.020686210604048356 -0.013851541060385086 -0.019529105546137109 -0.014858928875569293 0.0016688029148831051 0.0040743912634110917 0.0058415272890176475 -0.015718452342816387 0.014916353382297782
leaf_weight=1.6928034614538767 1.3877652673982073 13.185509850969536 1.5430654115043578 10.690468436805533 13.553741484996861 19.842418079701019 10.294570124940945 20.917887970717857 3.5100998837733632 15.030156367109155 2.0933716404251745 32.279932777397335 17.674696421192493 20.762111493269913 24.618172257672995 7.6746136093861415 27.918250390677713
leaf_count=43 12 203 19 130 178 508 218 489 49 422 51 748 362 350 338 629 344
internal_value=0 0.000362113 0.0237691 2.67994e-05 0.00203055 -0.00238893 0.00792075 -0.00772374 -0.00256354 0.00206564 0.0149584 -0.00698984 -0.00901286 -0.003466 0.00573555 0.000640607 0.00966791
internal_weight=0 243.282 3.23587 240.046 135.51 61.7453 20.985 40.7603 104.536 51.0711 15.2789 53.4647 49.9546 35.7923 73.7648 32.2928 41.472
internal_count=5093 5081 62 5019 2834 1345 348 997 2185 1026 254 1159 1110 772 1489 967 522
is_linear=0
shrinkage=0.0472155


Tree=167
num_leaves=44
num_cat=0
split_feature=49 45 28 24 15 38 31 61 42 49 59 18 64 3 15 3 60 15 60 25 40 41 64 52 1 3 7 7 27 45 4 65 47 60 38 31 47 41 57 15 54 46 47
split_gain=0.429876 0.780048 1.28865 1.24338 1.48075 1.13987 1.60197 1.51224 1.30542 1.32406 1.29555 0.999867 1.19948 1.17167 0.970799 1.11373 1.08446 2.08305 1.40856 1.03165 0.925448 0.797373 1.07597 0.739158 0.730973 0.803156 0.613111 1.16599 1.15982 1.11047 1.08091 1.0647 1.02303 0.977426 0.972193 0.954231 0.867681 0.829792 0.609859 0.399612 0.295615 0.150358 0.0663202
threshold=0.56696428571428581 11.500000000000002 1.0000000180025095e-35 1.0000000180025095e-35 9.5000000000000018 9.5000000000000018 1.5000000000000002 0.23823366555924694 0.36038961038961043 0.25833333333333336 75.000000000000014 5.5000000000000009 3.0500000000000003 1.5000000000000002 21.500000000000004 33.500000000000007 0.058055274688237256 4.5000000000000009 0.064665471923536402 1.0000000180025095e-35 36.650000000000013 0.55000000000000016 8.3500000000000032 10.500000000000002 4.5000000000000009 59.500000000000007 11.500000000000002 6.5000000000000009 1.5000000000000002 85.000000000000014 2.5000000000000004 8.5000000000000018 36.850000000000001 0.017095265926358804 25.000000000000004 1.0000000180025095e-35 40.650000000000013 3.9500000000000006 1.0000000180025095e-35 20.500000000000004 38.550000000000004 6.5000000000000009 36.850000000000001
decision_type=2 2 2 2 2 2 2 2 2 2 2 2 2 2 2 2 2 2 2 2 2 2 2 2 2 2 2 2 2 2 2 2 2 2 2 2 2 2 2 2 2 2 2
left_child=1 2 5 14 23 8 7 -7 10 -10 -1 12 -4 -14 16 -16 17 -3 -18 -17 -8 -6 -23 -5 26 39 27 31 30 32 34 33 -30 -2 -28 -32 40 -33 -31 -26 -29 -25 -41
right_child=24 3 11 4 21 6 20 -9 9 -11 -12 -13 13 -15 15 19 18 -19 -20 -21 -22 22 -24 41 25 -27 28 36 29 38 35 37 -34 -35 -36 -37 -38 -39 -40 42 -42 -43 -44
leaf_value=0.019929345981745658 -0.018833922470002415 0.021875182957509901 0.023618536572999598 -0.0017335725558949265 -0.018850647159562389 -0.00093402409351763004 0.034377630712670436 -0.031710722752342921 -0.025142812848746861 0.0043060037234272305 -0.0086428634011627512 -0.048240954174322476 0.011739615941331598 -0.023629627230480829 0.041994684207251387 -0.017366344214931724 -0.02731886339167839 -0.0044081255637318066 0.0028801513906538774 0.0298743063505847 -0.0002239805463647078 0.023551028423576013 -0.0094422229665644293 -0.05700661627264357 -0.011230636927805045 0.0091761351073325996 -0.01161206677349266 -0.039285461224313138 -0.014030271835518904 0.0036613275086462066 0.016999940512855805 -0.027170793453037374 0.019906423471845056 0.0053650095951904252 0.022779762600310467 -0.0322474575881848 0.016866796406403709 0.019386599857418366 -0.041570922621568931 -0.020474230043823125 -0.013631782266186948 -0.026116285333592081 -0.050442805700486579
leaf_weight=16.400585308671001 4.1914904518052962 17.747193659015469 1.8659920692443837 1.3233659653924394 3.1003636159002772 6.8477619946934301 2.0661671443376672 7.36323895258829 4.5042893119389218 12.272531789843923 4.3537842269288367 1.5779623968992371 2.5625985560473046 8.9478027481818554 3.4358854646561658 2.018144639092498 3.6491309131961307 10.617920486198271 34.367372618871741 1.7655453854240475 7.2888725937809795 4.6194288507103902 3.9073586714221165 1.4270928427577021 1.7178417955292382 1.4659627573564646 3.7459945217124204 3.4403569814749053 2.149528364534496 1.2940375992329785 0.94635957124410186 5.0772750809846903 14.062043696001636 24.860063003608957 3.2580071756965481 4.458247197791934 0.86059844837291155 0.871827347727958 1.0917162485420702 0.6851856859866533 1.8774999206070786 1.2746381034667136 1.4693089010543188
leaf_count=176 79 324 17 25 49 147 21 112 115 197 105 25 43 207 42 41 70 242 538 26 142 42 137 30 50 37 131 116 59 47 21 478 260 353 67 166 25 63 51 20 89 36 72
internal_value=0 0.00136028 -0.00214517 0.0043528 -0.00765173 0.000897291 -0.00719743 -0.0171173 0.00600698 -0.00374034 0.0138825 -0.0144847 -0.00988316 -0.015642 0.00692658 0.0231961 0.00509106 0.0120472 -0.00011359 0.00486001 0.0078414 0.000960073 0.00847192 -0.0316855 -0.00289708 -0.019481 -0.00161756 -0.00538965 0.00337358 0.0108067 -0.00771069 -0.00198129 0.0152654 0.00175963 0.00446106 -0.0232454 -0.0240095 -0.0198832 -0.0182111 -0.0304172 -0.0310691 -0.0451337 -0.0434442
internal_weight=0 165.305 76.0516 89.2534 15.6522 61.0972 23.566 14.211 37.5312 16.7768 20.7544 14.9544 13.3764 11.5104 73.6012 7.21958 66.3816 28.3651 38.0165 3.78369 9.35504 11.6272 8.52679 4.0251 77.5233 5.3383 72.185 41.1791 31.0059 18.5973 12.4086 35.0007 16.2116 29.0516 7.004 5.40461 6.17846 5.9491 2.38575 3.87234 5.31786 2.70173 2.15449
internal_count=5093 2909 1307 1602 319 1015 422 259 593 312 281 292 267 250 1283 109 1174 566 608 67 163 228 179 91 2184 179 2005 1203 802 417 385 973 319 432 198 187 230 541 98 142 205 66 92
is_linear=0
shrinkage=0.0472155


Tree=168
num_leaves=41
num_cat=0
split_feature=38 39 24 62 46 62 41 19 49 27 60 61 55 52 48 47 15 61 55 42 61 64 58 64 64 64 47 27 46 62 60 46 38 23 2 41 64 57 63 49
split_gain=0.497673 0.86754 0.82443 1.0396 0.881939 1.15459 1.01801 0.726243 0.722737 0.677405 0.648806 0.612481 0.649182 0.602282 2.42977 1.6046 1.26728 1.01195 0.891322 0.731758 0.660105 0.556848 0.519891 0.927398 1.29126 0.776379 0.698489 0.988754 0.879883 0.762523 1.5894 1.03788 0.740113 0.580697 0.452088 0.426841 0.253679 0.108235 0.0879827 0.0104085
threshold=65.000000000000014 12.500000000000002 1.0000000180025095e-35 4.5000000000000009 10.500000000000002 2.5000000000000004 2.2500000000000004 4.5000000000000009 0.080128205128205107 15.500000000000002 0.043614130434782607 0.13929238431209792 0.65000000000000002 45.000000000000007 1.0000000180025095e-35 38.150000000000013 8.5000000000000018 0.19367341835458868 0.55000000000000016 0.32291666666666669 0.097391598915989155 5.9500000000000011 8.5000000000000018 3.6500000000000008 21.650000000000002 17.750000000000004 35.850000000000001 1.5000000000000002 5.5000000000000009 7.5000000000000009 0.12543706293706297 9.5000000000000018 3.5000000000000004 1.0000000180025095e-35 1.5000000000000002 3.9500000000000006 13.750000000000002 -3.7499999999999996 3.5000000000000004 0.48529411764705882
decision_type=2 2 2 2 2 2 2 2 2 2 2 2 2 2 2 2 2 2 2 2 2 2 2 2 2 2 2 2 2 2 2 2 2 2 2 2 2 2 2 2
left_child=13 2 4 10 5 7 -7 -2 -6 36 -4 12 -3 22 -15 18 21 -18 19 -16 -20 -17 26 -24 25 -25 27 28 -1 31 -31 -28 -29 -26 -10 38 -5 -14 -13 -40
right_child=1 11 3 9 8 6 -8 -9 34 -11 -12 35 37 14 15 16 17 -19 20 -21 -22 -23 23 24 33 -27 29 32 -30 30 -32 -33 -34 -35 -36 -37 -38 -39 39 -41
leaf_value=0.0097366627144507382 -0.033292895281292166 -0.026995589453096405 -0.016736872688139663 -0.053991549429071181 0.027705653589455662 0.013880245289423851 0.042840776923313562 0.006160721762749323 -0.020475412079907853 0.0053884439726447353 0.021946723240517267 -0.013206721277645167 0.040732840999249169 -0.044021927454962112 0.0023685361626955151 -0.0096215696952963586 -0.022418742107268911 0.012961711539467648 0.026325621005121091 0.035432884804166849 -0.0054093158893354348 -0.0366566572729514 -0.026043676624764336 8.8180431127566955e-05 -0.037121446071537979 0.031216003413309955 -0.0023349082581750778 0.0024502889749404891 -0.017792293965050759 0.017636072389297378 -0.021215886633909262 0.0078684855132335856 -0.029657110684951447 0.00097820586450413885 0.010263636698797743 0.002065289156981143 -0.01978774326394311 0.0084674143212067014 -0.045772733350072294 -0.019031065962926072
leaf_weight=8.4831978357397038 1.4623095486313129 0.58265883929561724 1.2701201490126539 1.0980795593932278 1.0248088180087496 18.468816259643067 3.1256110658869138 2.682811142061837 3.9722434706054628 1.103472748189233 2.762653811252676 0.65796780469827432 0.555709161562845 3.311205491423606 2.6662795478478101 2.9515665094368142 2.6332959559222218 4.8533322686562315 1.5411688141175535 3.431308779399842 9.6235518897883576 4.7565168876899406 4.1087934905663159 15.171143484767532 2.725727445329539 1.8562444057315577 65.359231711772736 2.1897853268310419 3.5127964202547437 15.099679132923486 2.6066702799871555 33.42622559965821 5.21433673100546 1.2279845621087586 1.2831318873213602 0.88926843303488556 1.4639056377345694 0.60168066894402716 1.2409109850414095 0.52648450556443993
leaf_count=115 46 33 44 22 14 287 67 59 135 26 45 23 17 51 31 35 74 74 37 33 194 190 40 234 337 40 997 32 107 264 39 816 147 88 41 36 69 49 62 43
internal_value=0 0.00448291 0.00684886 -0.00685797 0.0101837 0.0140432 0.0184125 -0.00839302 -0.00548628 -0.0245489 0.00942024 -0.0135912 0.00829616 -0.00102321 -0.00654983 -0.00249154 -0.0136168 0.000204948 0.00730253 0.0215476 -0.000632873 -0.02683 0.0002065 -0.00600912 -0.00187211 0.00380229 0.00136511 -0.00688143 0.00148225 0.00275226 0.0117286 0.00111891 -0.0202387 -0.0255917 -0.0127623 -0.0251063 -0.0371994 0.0277606 -0.034786 -0.0405725
internal_weight=0 44.7726 39.718 7.69823 32.0197 25.7395 21.5944 4.14512 6.28018 3.66546 4.03277 5.05468 1.74005 196.75 35.7682 32.457 15.1947 7.48663 17.2623 6.09759 11.1647 7.70808 160.982 25.0899 20.9811 17.0274 135.892 19.4001 11.996 116.492 17.7063 98.7855 7.40412 3.95371 5.25538 3.31463 2.56199 1.15739 2.42536 1.7674
internal_count=5093 1118 855 206 649 459 354 105 190 117 89 263 99 3975 719 668 373 148 295 64 231 225 3256 739 699 274 2517 401 222 2116 303 1813 179 425 176 164 91 66 128 105
is_linear=0
shrinkage=0.0472155


Tree=169
num_leaves=33
num_cat=0
split_feature=39 16 59 27 38 63 55 57 57 63 19 49 60 31 15 41 57 61 61 40 40 11 65 27 40 63 3 38 62 4 48 49
split_gain=0.759334 0.640401 0.857884 0.542638 0.524035 1.82832 0.985378 0.875136 0.580053 1.74636 1.28953 1.20233 1.19342 1.27682 1.14384 1.08897 0.987933 1.43439 1.40979 0.837533 1.17279 0.829963 0.579778 0.682366 0.534156 0.501521 0.447077 0.519178 0.286096 0.255164 0.164392 0.145549
threshold=14.500000000000002 1.0000000180025095e-35 250.00000000000003 1.5000000000000002 105.00000000000001 5.5000000000000009 1.1500000000000001 -2.7499999999999996 -1.0000000180025095e-35 7.5000000000000009 6.5000000000000009 0.13809523809523808 0.14980314960629923 1.0000000180025095e-35 13.500000000000002 2.5500000000000003 -0.74999999999999989 0.32806250000000009 0.23928352725045929 38.750000000000007 39.95000000000001 1.0000000180025095e-35 3.5000000000000004 1.5000000000000002 39.050000000000004 2.5000000000000004 4.5000000000000009 10.500000000000002 4.5000000000000009 2.5000000000000004 1.1500000000000001 0.4330357142857143
decision_type=2 2 2 2 2 2 2 2 2 2 2 2 2 2 2 2 2 2 2 2 2 2 2 2 2 2 2 2 2 2 2 2
left_child=4 3 25 26 8 6 30 -7 16 10 15 -12 14 -14 -11 -10 19 18 -18 21 -21 -1 -9 -24 -8 -3 27 -2 -5 -27 -6 -29
right_child=1 2 -4 28 5 7 24 22 9 12 11 -13 13 -15 -16 -17 17 -19 -20 20 -22 -23 23 -25 -26 29 -28 31 -30 -31 -32 -33
leaf_value=0.0064734617461362628 0.018440154207037537 -0.06975969090221229 0.0069672740566833914 0 0.053156435364922719 0.019508418904992934 -0.024449837738374412 0.016889340236569593 -0.016121396918245889 0.012519869279828932 -0.021230767129065898 0.0056694496460235524 0.010518865743075997 -0.030921190701238596 -0.0018147101077968658 0.010670003797472953 -0.0098768355626587308 0.019524428627461756 -0.046746236573392143 -0.014567836473531394 0.0032209889414968134 -0.0096582000903737229 -0.039198234165295866 -0.0040257238848415387 0.02052727679984322 -0.0034331340300014874 0.02190589303538254 -0.04351846471552577 -0.045113197594233774 -0.041988799307840365 0.027088628975480443 -0.0066480559232663652
leaf_weight=35.735182142467238 0.71391142287757103 0.89070750842802304 0.96450763946631912 0.49793158494867362 1.9821972860954686 2.1045428067445755 0.827872225781903 0.91982176061719645 21.672505594644466 48.138156669272576 4.0829628169303751 28.139359578606673 2.8735645320266476 3.4863803053740412 16.544069891097024 3.8454113936750209 7.3351765174884331 2.0735120773315421 3.3395448504015803 18.271278879372403 14.780758259556022 8.6761540333973226 2.2843333560740575 2.6410517696058378 1.2448467831127343 0.89960580912884303 1.8539965632371602 0.52807389956433304 0.66942309908336028 0.60472817526897416 1.9000175492838023 0.54756262444425374
leaf_count=545 13 14 54 35 23 48 49 10 501 930 74 542 36 56 342 118 182 23 64 339 379 166 104 119 42 40 46 34 48 51 35 31
internal_value=0 -0.0139938 -0.0292778 -0.00253786 0.000501066 0.00933091 0.0287365 -0.00543161 -6.36254e-05 0.00196617 -0.00411881 0.00214461 0.00691884 -0.0123185 0.00884848 -0.0120137 -0.00296662 -0.0150557 -0.022039 -0.000939317 -0.00661821 0.00328195 -0.0148247 -0.0212505 0.00177007 -0.043606 0.00649224 -0.00967638 -0.0283756 -0.0220783 0.042277 -0.0288237
internal_weight=0 8.17045 3.35955 4.8109 232.899 13.9047 5.95493 7.94975 218.994 128.782 57.7402 32.2223 71.0422 6.35994 64.6822 25.5179 90.2116 12.7482 10.6747 77.4634 33.052 44.4113 5.84521 4.92539 2.07272 2.39504 3.64354 1.78955 1.16735 1.50433 3.88221 1.07564
internal_count=5093 366 159 207 4727 430 149 281 4297 2599 1235 616 1364 92 1272 619 1698 269 246 1429 718 711 233 223 91 105 124 78 83 91 58 65
is_linear=0
shrinkage=0.0472155


Tree=170
num_leaves=28
num_cat=0
split_feature=25 63 38 39 42 42 65 2 58 42 59 57 61 60 49 42 61 49 40 40 40 1 48 61 45 40 49
split_gain=0.510943 0.54225 0.485704 0.753246 0.784305 1.22206 1.17062 1.08654 0.938634 0.642926 2.3465 0.785819 0.776355 1.572 0.893899 0.67558 1.69479 1.36805 1.10009 0.807122 1.18443 1.08045 0.559751 0.583567 0.536378 0.386623 0.212193
threshold=2.5000000000000004 4.5000000000000009 65.000000000000014 12.500000000000002 0.14835164835164832 0.26969696969696971 8.5000000000000018 1.0000000180025095e-35 -4.4999999999999991 0.13809523809523808 75.000000000000014 4.2500000000000009 0.22187060478199719 0.060708435708435711 0.064583333333333312 0.21825396825396823 0.18533452807646353 0.5590277777777779 37.45000000000001 38.750000000000007 38.350000000000001 1.0000000180025095e-35 0.75000000000000011 0.13929238431209792 19.000000000000004 41.350000000000001 0.31009615384615391
decision_type=2 2 2 2 2 2 2 2 2 2 2 2 2 2 2 2 2 2 2 2 2 2 2 2 2 2 2
left_child=2 -2 9 4 7 6 -6 -4 -7 10 12 25 14 -14 -1 16 17 -11 -18 20 -17 -21 -5 26 -25 -12 -24
right_child=1 -3 3 22 5 8 -8 -9 -10 15 11 -13 13 -15 -16 19 18 -19 -20 21 -22 -23 23 24 -26 -27 -28
leaf_value=-0.022219587245233173 0.0056856703144974189 -0.036580091903273333 0.0091605909787040897 -0.044149834175996848 0.011476288994748151 -0.018306539090599462 0.050404812957713457 -0.032901569939123958 0.0079887585963322443 -0.042368239050958018 -0.036621625133518854 0.014494083903140173 0.040848286133338213 0.0075963897189534864 0.0077514645485230018 -0.00036422362701166156 0.022479989260294798 0.006722664625515253 -0.0087901718165072397 -0.011578449252413036 0.015272032051495221 0.0011260253254444532 0.031633232025642694 0.011239633822350506 -0.031545531586158776 -0.0019141889176047069 -0.0028527993517462802
leaf_weight=2.5210907813161638 1.0094261540798464 1.541299653239548 2.8796038392465553 0.83205437485594202 4.9370981510728589 3.2960927644744507 2.6511884368956089 2.3138442696072161 23.242307551088746 4.7360898414044668 3.7957201109384178 0.93859659624285985 4.4165310577955088 10.814963768934829 12.272851670510134 66.509037317591719 3.2993735694326451 1.6174789894721469 8.8412338455673289 29.0872191034141 12.700188165006692 30.22641416019178 0.84115765942260645 0.85620860697235945 1.726046973664779 0.94593013281701122 0.55708476901054382
leaf_count=40 28 53 40 51 60 111 37 48 529 106 128 42 40 128 188 1111 34 47 139 886 213 799 20 14 115 26 60
internal_value=0 -0.0203256 0.000233738 0.00469361 0.00687162 0.00948354 0.0259902 -0.00992073 0.0046001 -0.000787534 0.00491084 -0.0224447 0.0102075 0.0176347 0.00240068 -0.00209148 -0.0105269 -0.0299266 -4.0849e-05 -0.000948746 0.00216285 -0.00510908 -0.0125885 -0.00425365 -0.0173116 -0.0301439 0.0186937
internal_weight=0 2.55073 236.855 44.1327 39.3201 34.1267 7.58829 5.19345 26.5384 192.723 35.7057 5.68025 30.0254 15.2315 14.7939 157.017 18.4942 6.35357 12.1406 138.523 79.2092 59.3136 4.81255 3.9805 2.58226 4.74165 1.39824
internal_count=5093 81 5012 1085 825 737 97 88 640 3927 592 196 396 168 228 3335 326 153 173 3009 1324 1685 260 209 129 154 80
is_linear=0
shrinkage=0.0472155


Tree=171
num_leaves=34
num_cat=0
split_feature=42 59 19 61 64 49 3 65 61 54 40 56 58 16 38 60 52 48 60 54 64 61 42 53 47 0 42 64 29 5 53 7 55
split_gain=0.475744 2.65157 0.84337 0.985998 0.779232 0.93544 0.520063 0.493924 1.11351 1.12452 1.19307 1.61078 1.02125 0.967701 1.36536 1.11576 0.913385 0.909613 0.947919 0.843052 0.834274 0.788325 1.02485 0.916797 0.743771 0.660497 0.585226 0.974265 0.787492 0.52856 0.791497 0.459556 0.181787
threshold=0.087121212121212113 75.000000000000014 3.5000000000000004 0.23053613053613051 8.1500000000000004 0.16025641025641021 13.500000000000002 4.5000000000000009 0.30315449577744663 39.050000000000004 37.150000000000013 0.26969696969696971 12.500000000000002 1.0000000180025095e-35 7.5000000000000009 0.11034186401833457 10.500000000000002 0.95000000000000007 0.049822695035460961 36.850000000000001 5.4500000000000011 0.30455486542443072 0.2264957264957265 5.5000000000000009 43.250000000000007 1.5000000000000002 0.78174603174603186 8.0500000000000025 1.0000000180025095e-35 1.5000000000000002 4.5000000000000009 25.500000000000004 0.45000000000000007
decision_type=2 2 2 2 2 2 2 2 2 2 2 2 2 2 2 2 2 2 2 2 2 2 2 2 2 2 2 2 2 2 2 2 2
left_child=1 2 3 6 -4 -6 -1 8 9 10 16 -12 21 14 -10 -15 -2 25 -19 -17 -16 26 -23 -24 29 -11 28 -28 -9 30 -14 -31 -3
right_child=7 32 4 -5 5 -7 -8 12 13 17 11 -13 24 15 20 19 -18 18 -20 -21 -22 22 23 -25 -26 -27 27 -29 -30 31 -32 -33 -34
leaf_value=0.017635624145350109 0.010784785040876691 -0.01453946916116223 0.012640937838687616 0.035620207470119923 -0.04313292441133007 0.0050019897865339457 -0.012989535646216622 0.0093972922205255837 0.015482927893860769 -0.023388079414044288 -0.002294210600590678 -0.02016541299614508 0.00032812252899146877 0.032045263740680618 -0.004914672366310581 0.022621825831916197 -0.0094400770148308014 -0.0081633061468448214 0.02236276867437469 -0.004882689570287542 -0.035367615318253443 -0.044264924239379826 0.0099775166759733733 -0.016927533019108282 0.032718712168632196 0.0089000198278555553 0.041285061786283501 -0.0057558763736720951 -0.0030391877110225629 0.010405354941457947 -0.041108451940603488 -0.022265691358045278 -0.051305135638776478
leaf_weight=3.0096741875167989 10.435579240322115 0.66282801982015316 5.4381226543337089 5.2129713483154774 1.3810851669404658 2.0117475757142529 1.8407008675858376 52.379825509211514 5.165815093554559 3.1806613691151169 19.734954630024731 26.38916695676744 1.4599157301709018 4.6417280258610836 6.8206062307581288 3.5871359016746265 9.1903549069538695 3.0710335378535074 7.5180318504571915 7.1134726386517286 2.7494393042288721 1.3525211240630586 5.7425085147842747 5.2133499351912178 0.54418407962657589 2.2760496661067009 0.86689763516187923 16.443618329823948 14.294114966818595 2.0757270334288482 3.0460785373870749 1.4915717439434955 1.4023991365684194
leaf_count=44 103 13 54 44 41 47 32 1380 55 43 213 346 50 40 68 37 87 45 80 79 46 49 103 173 12 26 6 790 453 74 292 88 80
internal_value=0 0.00676223 0.0124453 0.0216736 0.00164041 -0.0155654 0.00583718 -0.000658726 -0.00284121 -0.00569847 -0.0084335 -0.0125705 0.00166333 0.00489557 -0.00369671 0.0131385 0.00128158 0.00543896 0.0134608 0.00449382 -0.0142082 0.00307025 -0.0079936 -0.00283204 -0.0137323 -0.00994754 0.00471265 -0.0029734 0.00672041 -0.0175697 -0.0280349 -0.0034849 -0.041852
internal_weight=0 20.9595 18.8943 10.0633 8.83096 3.39283 4.85038 216.784 111.874 81.7958 65.7501 46.1241 104.91 30.0782 14.7359 15.3423 19.6259 16.0458 10.5891 10.7006 9.57005 96.2928 12.3084 10.9559 8.61748 5.45671 83.9845 17.3105 66.6739 8.07329 4.50599 3.5673 2.06523
internal_count=5093 355 262 120 142 88 76 4738 1268 943 749 559 3470 325 169 156 190 194 125 116 114 2954 325 276 516 69 2629 796 1833 504 342 162 93
is_linear=0
shrinkage=0.0472155


Tree=172
num_leaves=32
num_cat=0
split_feature=58 42 19 61 61 59 0 40 48 42 7 64 46 57 39 49 57 47 60 7 63 40 61 60 52 59 63 64 38 7 61
split_gain=0.75439 2.13784 1.36421 1.23888 0.681466 0.395043 1.2563 0.988597 0.9856 0.761888 0.787187 0.638395 0.515054 0.44657 0.962351 0.943535 0.900659 1.23008 1.73096 1.05129 1.04085 1.50808 1.01119 0.890492 0.634608 1.38964 0.96106 0.515083 0.422286 0.182913 0.0581582
threshold=-12.499999999999998 0.064583333333333312 1.5000000000000002 0.20973381457252427 0.33939594356261032 350.00000000000006 1.0000000180025095e-35 36.95000000000001 0.8500000000000002 0.4494949494949495 1.0000000180025095e-35 19.450000000000003 5.5000000000000009 -1.0000000180025095e-35 9.5000000000000018 0.69615384615384623 -0.74999999999999989 37.850000000000001 0.12922201138519923 2.5000000000000004 12.500000000000002 39.95000000000001 0.29190074906367042 0.12543706293706297 10.500000000000002 -134.99999999999997 14.500000000000002 16.050000000000004 65.000000000000014 7.5000000000000009 0.16433463796477493
decision_type=2 2 2 2 2 2 2 2 2 2 2 2 2 2 2 2 2 2 2 2 2 2 2 2 2 2 2 2 2 2 2
left_child=1 -1 3 -3 30 13 7 29 -8 10 -9 -10 -11 16 24 23 20 19 -19 -18 22 -22 -2 -16 25 -15 -26 -17 -13 -7 -4
right_child=5 2 4 -5 -6 6 8 9 11 12 -12 28 -14 14 15 27 17 18 -20 -21 21 -23 -24 -25 26 -27 -28 -29 -30 -31 -32
leaf_value=0.069734280921469285 -0.0013637602560248614 0.048819414227965499 -0.015490267859007591 -0.0023558430533663129 0.01479097800947328 -0.059044880928255945 -0.03034536358712122 0.0087231382038389163 0.023217694906159422 0.031045827616925193 -0.050095008014115018 -0.027507431571559941 -0.0074861186084093922 -0.027213279583300103 0.026004614428108898 0.002851385626123889 -0.028410956352879685 -0.038330896089405798 0.019833674197107323 0.014074854686325734 -0.021620941642807791 0.013117249733546152 0.012232286790972694 -0.0081517629949669507 0.0012074581046985205 -0.0009292730659191254 0.019666353099001041 -0.036759945412792608 0.01474345444160876 -0.025548264567240013 -0.047137312160739908
leaf_weight=1.1276906616985787 50.270655387867009 1.6209748662658965 0.48321774823125485 2.463688330957666 0.56451545981690276 1.1927372299833208 1.2045251172967253 0.68456855515250925 4.3554526208899915 1.0181289440952244 1.2729870181065051 1.0138759425317401 2.0157651417539455 5.0001487900735802 9.1134256860823353 2.4649419030174609 1.6502151498571018 5.6380650893552229 1.2863911315798757 4.3115202302578837 10.097058204701169 3.6639312253100789 15.89047058863798 1.9632557068252925 61.210746049298905 34.160900445713196 6.8513449332094742 0.83897371689090494 0.77707818720955391 1.2805536570958791 1.1283155884593723
leaf_count=3 1134 30 43 39 11 29 38 17 56 14 62 96 108 88 221 29 37 157 15 69 222 110 218 31 1179 669 117 127 27 33 64
internal_value=0 0.0146717 0.00302624 0.0189726 -0.0258156 -0.000483727 -0.00789396 -0.0213348 0.00584786 -0.00846834 -0.0301951 0.0136869 0.00623129 3.13218e-05 0.00191561 0.0133088 -0.0024296 -0.0139266 -0.0272117 0.00173441 -0.000541429 -0.0122767 0.00191563 0.0198606 0.000362354 -0.00440786 0.00312075 -0.00836488 -0.0091658 -0.0447811 -0.0404574
internal_weight=0 7.3884 6.26071 4.08466 2.17605 229.228 14.8157 7.46474 7.35093 4.99145 1.95756 6.14641 3.03389 214.412 121.604 14.3806 92.8083 12.8862 6.92446 5.96174 79.9221 13.761 66.1611 11.0767 107.223 39.161 68.0621 3.30392 1.79095 2.47329 1.61153
internal_count=5093 190 187 69 118 4903 480 263 217 201 79 179 122 4423 2461 408 1962 278 172 106 1684 332 1352 252 2053 757 1296 156 123 62 107
is_linear=0
shrinkage=0.0472155


Tree=173
num_leaves=37
num_cat=0
split_feature=59 0 40 48 42 19 38 15 41 0 6 58 2 7 58 39 52 63 11 49 49 63 64 58 62 46 65 46 64 15 60 64 15 41 4 55
split_gain=0.704696 1.12644 1.4687 0.840615 0.652416 0.619986 0.599163 0.608035 0.544577 0.968784 0.752929 0.747369 0.65247 1.12479 1.0238 0.567029 1.69933 1.24281 1.32637 0.629323 0.61602 0.818819 0.807289 0.791077 0.85247 0.734169 0.431326 0.592736 0.392072 0.332439 0.320365 0.226809 0.207554 0.185971 0.184625 0.154075
threshold=350.00000000000006 1.0000000180025095e-35 36.95000000000001 0.8500000000000002 0.4330357142857143 1.0000000180025095e-35 6.5000000000000009 12.500000000000002 2.7500000000000004 1.5000000000000002 5.5000000000000009 -6.4999999999999991 1.0000000180025095e-35 7.5000000000000009 10.500000000000002 10.500000000000002 5.5000000000000009 3.5000000000000004 1.0000000180025095e-35 0.4494949494949495 0.56696428571428581 13.500000000000002 4.3500000000000005 -13.499999999999998 2.5000000000000004 3.5000000000000004 7.5000000000000009 3.5000000000000004 12.65 1.0000000180025095e-35 0.014599317988064752 17.750000000000004 20.500000000000004 2.8500000000000001 1.0000000180025095e-35 0.25000000000000006
decision_type=2 2 2 2 2 2 2 2 2 2 2 2 2 2 2 2 2 2 2 2 2 2 2 2 2 2 2 2 2 2 2 2 2 2 2 2
left_child=8 2 29 -3 5 -4 31 -8 15 11 30 35 14 -14 -13 20 19 28 -19 34 23 25 -23 -1 -25 -22 -6 -28 -18 -2 -11 -5 -9 -32 -17 -10
right_child=1 3 4 6 26 -7 7 32 9 10 -12 12 13 -15 -16 16 17 18 -20 -21 21 22 -24 24 -26 -27 27 -29 -30 -31 33 -33 -34 -35 -36 -37
leaf_value=0.023948013745535981 -0.025136715268996121 -0.030075191714237205 0.004041068800392544 -0.039498299479840543 0.01936691269223742 -0.048201637781779813 0.029142349175340601 -0.018787107160456638 -0.0054402155850085563 -0.0051758342535319366 0.02010205579297035 0 -0.016765631558228862 0.024117919423453836 -0.041904307529402184 -0.052063857638031154 0.00041989698895553493 0.022695325685255955 -0.011928700986184355 -0.00071280089502519565 0.011209318103280071 0.013282977967439345 -0.030321012440643745 0.0090967173728023609 -0.00054010850367531757 -0.0044998383799703806 0.025139863747397993 -0.031742970294660201 -0.031470047799514747 -0.065928738614026192 -0.0090522079291799548 0.0013630737575082207 0.0096322869154281641 -0.042439284378721118 -0.017077273817331311 -0.047507267591329415
leaf_weight=3.5006898255669503 1.1968278209678813 1.1950114562641827 0.75825417472515244 0.46051808260381211 1.9246836195234212 1.1115467866184188 3.2431893543689512 0.87748553388519202 0.36161561775953177 0.98612212517764319 0.61353445041459043 9.6290376489632781 1.9430042419116933 5.0453928156639449 1.3328355541743793 0.9841574269812583 1.9097702968865662 16.332332678488459 2.7606700987671493 1.9893456954159772 7.8560049505904308 1.0760529190301884 4.1920139116700739 26.373817910149228 88.76075270032743 37.673654383281246 0.45541019085794676 1.0122094022226518 1.3255135329090988 1.3830343977897426 0.61095093819312785 0.50137374948826618 1.0680496728746218 2.8247401664848439 0.93129751901142299 0.70121733145788312
leaf_count=48 26 39 22 15 30 57 64 32 15 57 23 281 82 118 71 23 22 317 117 48 99 9 172 404 1342 983 7 97 88 37 14 44 33 160 35 62
internal_value=0 -0.00977661 -0.0220311 0.00342816 -0.00701163 -0.0281673 0.0106919 0.0171177 0.000683046 -0.00599076 -0.0240343 -0.00100281 0.00139619 0.0125288 -0.00572834 0.00151122 0.00794825 0.0130037 0.0175926 -0.0201189 0.000503593 -0.00383419 -0.0211549 0.00236932 0.00167224 -0.00174257 0.00527783 -0.0129002 -0.0134007 -0.0500392 -0.0308313 -0.0207004 -0.00337339 -0.037408 -0.038217 -0.0365101
internal_weight=0 15.1876 7.84197 7.34563 5.2621 1.8698 6.15062 5.18872 219.715 24.0485 5.03535 19.0131 17.9503 6.9884 10.9619 195.666 26.2331 22.3283 19.093 3.9048 169.433 50.7977 5.26807 118.635 115.135 45.5297 3.3923 1.46762 3.23528 2.57986 4.42181 0.961892 1.94554 3.43569 1.91545 1.06283
internal_count=5093 503 276 227 213 79 188 129 4590 883 254 629 552 200 352 3707 650 544 434 106 3057 1263 181 1794 1746 1082 134 104 110 63 231 59 65 174 58 77
is_linear=0
shrinkage=0.0472155


Tree=174
num_leaves=43
num_cat=0
split_feature=41 0 2 41 7 31 7 39 6 65 59 40 61 64 61 61 5 64 41 54 7 54 62 63 55 45 64 60 62 47 0 60 4 49 27 65 64 61 38 55 46 52
split_gain=0.367492 0.715154 0.624779 0.995841 1.11122 0.943201 0.851876 0.865351 0.614202 0.576203 0.566019 0.693178 0.666265 0.678426 0.576048 0.557999 0.544383 0.54004 0.491739 0.460256 0.4329 1.19879 0.931993 1.08316 0.845666 0.828855 1.0473 0.868931 0.645144 1.12813 1.4535 0.977188 0.871435 1.80397 0.737569 0.409829 0.385361 0.380654 0.354101 0.249477 0.155319 0.0292879
threshold=2.7500000000000004 1.5000000000000002 1.0000000180025095e-35 3.2500000000000004 10.500000000000002 1.0000000180025095e-35 7.5000000000000009 11.500000000000002 5.5000000000000009 5.5000000000000009 350.00000000000006 39.150000000000013 0.21760654326302192 19.450000000000003 0.15184453227931485 0.24514517345399692 1.0000000180025095e-35 6.2500000000000009 3.9500000000000006 38.550000000000004 3.5000000000000004 36.850000000000001 3.5000000000000004 6.5000000000000009 0.45000000000000007 9.5000000000000018 3.4500000000000006 0.019803921568627456 2.5000000000000004 37.150000000000013 1.0000000180025095e-35 0.095945205479452067 1.0000000180025095e-35 0.06904761904761901 10.500000000000002 12.500000000000002 3.6500000000000008 0.080322580645161262 25.000000000000004 0.95000000000000007 3.5000000000000004 13.500000000000002
decision_type=2 2 2 2 2 2 2 2 2 2 2 2 2 2 2 2 2 2 2 2 2 2 2 2 2 2 2 2 2 2 2 2 2 2 2 2 2 2 2 2 2 2
left_child=10 2 3 4 -2 15 9 39 35 -4 20 12 13 -12 -15 -5 -9 -14 -11 -7 21 25 24 -24 -23 26 -1 -27 29 31 -31 -22 33 -30 -34 36 -3 -37 -19 -8 -38 -13
right_child=1 8 6 5 -6 19 7 16 -10 18 11 41 17 14 -16 -17 -18 38 -20 -21 28 22 23 -25 -26 27 -28 -29 32 30 -32 -33 34 -35 -36 37 40 -39 -40 -41 -42 -43
leaf_value=-0.027797262344519763 -0.047124948848559063 0.0030599173510775508 -0.039720535350996219 0.030769893223758851 0.0071617465109491641 -0.027085196733078444 0.04675683255359054 0.023332697385093238 0.019503265121164719 -0.024997542911598208 0.015946968229416245 -0.046484388777628935 -0.0021768407261338039 -0.037922582366436385 0.0082071308869754254 -0.0041563156457343452 -0.020956389509592541 -0.046746869467711005 0.021584978787690747 0.0020339265169914606 -0.023854555741875606 0.0087841112717364691 0.026462678264311649 0.00060087733251564131 -0.017705451688700493 -0.0056769536022419978 0.0089718950389969382 0.024251099205547202 0.028767732091692345 0.023371094837241032 -0.00035982244372554349 0.013848966653185564 0.0015964060971112113 -0.01554254592358355 -0.015300446238695285 0.029729912394775525 -0.010207628511485146 -0.024884749401621491 -0.0069490333260895602 0.016768394717784435 -0.041286768154035203 -0.017993301877237893
leaf_weight=1.9259384945035005 2.2462779853376627 0.56763358879834314 0.89285618811845635 2.4173860322916867 1.1952786991605533 2.3931967577082105 1.7130920465569945 0.86347021057736162 0.62785000563599158 0.64632985147181887 4.2746915407478792 0.81518118188250699 2.6448289602994919 1.0516288299113514 1.0518696727231143 1.5705058068851938 1.3483087902422992 1.4212057956028732 1.1299435615073887 2.1726688689668663 4.4016562044853371 3.4906918155029407 3.9647994600236407 28.760250061692204 10.011605534818953 2.4888427078258237 9.4760807016864401 12.695244318339972 2.1257264858577427 10.493988097703552 12.363715644110924 2.141056390479207 65.71379708868335 18.763361985853408 6.1351270992308846 0.42924662062432606 0.62734602042473886 0.35973832180025056 0.88770034932531405 1.4962858621729536 2.9786676877411082 0.56551812717225403
leaf_count=18 75 7 17 81 50 98 15 23 24 48 55 58 28 92 54 44 53 69 44 82 115 44 48 548 277 46 148 179 25 173 236 27 1262 418 143 14 27 60 26 50 136 56
internal_value=0 -0.005309 -0.001058 -0.00788118 -0.0286579 0.000811209 0.00893303 0.0195245 -0.0199741 -0.0122292 0.000660335 -0.00891767 -0.00471709 0.00526619 -0.0157129 0.0172636 -0.00295204 -0.0174382 0.00358176 -0.013529 0.00129566 0.00417338 -0.00041552 0.00387794 -0.0107852 0.0121272 0.00237889 0.0192947 -0.000418137 0.00564958 0.0106018 -0.0113807 -0.00235575 -0.0108011 0.000110939 -0.0255888 -0.0313024 0.00416061 -0.0332742 0.034557 -0.0367738 -0.038568
internal_weight=0 25.6761 20.0856 11.9953 3.44156 8.55376 8.09029 5.42116 5.59048 2.66913 207.665 12.7126 11.3319 6.37819 2.1035 3.98789 2.21178 4.95374 1.77627 4.56587 194.952 72.8135 46.2273 32.725 13.5023 26.5861 11.402 15.1841 122.138 29.4004 22.8577 6.54271 92.738 20.8891 71.8489 4.96263 4.17365 0.788985 2.30891 3.20938 3.60601 1.3807
internal_count=5093 948 680 430 125 305 250 141 268 109 4145 438 324 201 146 125 76 123 92 180 3707 1308 917 596 321 391 166 225 2399 551 409 142 1848 443 1405 244 170 74 95 65 163 114
is_linear=0
shrinkage=0.0472155


Tree=175
num_leaves=38
num_cat=0
split_feature=57 56 3 15 57 65 41 58 31 54 61 63 12 40 19 22 0 59 57 61 47 41 39 61 61 41 49 58 60 1 63 38 3 55 60 19 7
split_gain=0.423264 0.823844 0.983339 1.09546 0.692209 1.46737 1.96469 1.43378 1.37319 1.53728 1.33748 0.715037 1.17206 1.65675 0.906673 1.17819 0.888586 1.43736 0.862312 0.78494 0.740628 0.732417 0.689837 1.0339 1.12847 0.926124 0.883461 0.654525 0.65114 0.623585 0.361008 0.321931 0.248823 0.159615 0.157843 0.0210977 0.0109218
threshold=-1.0000000180025095e-35 0.83974358974358987 16.500000000000004 21.500000000000004 1.0000000180025095e-35 7.5000000000000009 0.25000000000000006 -1.0000000180025095e-35 5.5000000000000009 37.95000000000001 0.13569784473739274 7.5000000000000009 1.5000000000000002 39.45000000000001 6.5000000000000009 1.0000000180025095e-35 1.5000000000000002 -1.0000000180025095e-35 0.75000000000000011 0.20973381457252427 40.350000000000001 3.8500000000000001 3.5000000000000004 0.1918500069185001 0.17602816901408452 0.45000000000000007 0.31009615384615391 -2.4999999999999996 0.2678571428571429 10.500000000000002 9.5000000000000018 -1.0000000180025095e-35 2.5000000000000004 1.6500000000000001 0.028708791208791152 19.500000000000004 1.0000000180025095e-35
decision_type=2 2 2 2 2 2 2 2 2 2 2 2 2 2 2 2 2 2 2 2 2 2 2 2 2 2 2 2 2 2 2 2 2 2 2 2 2
left_child=1 22 35 -4 5 6 -2 34 9 -8 -9 14 20 19 16 18 21 -18 -16 -14 27 -6 23 24 31 -24 -25 -13 29 -27 -22 -1 -12 -15 -7 36 -3
right_child=4 2 3 -5 11 7 8 10 -10 -11 32 12 13 33 15 -17 17 -19 -20 -21 30 -23 25 26 -26 28 -28 -29 -30 -31 -32 -33 -34 -35 -36 -37 -38
leaf_value=0.0042579072537993539 0.027812339849527957 -0.020489135644379874 0.02571119405643639 -0.035284501791300313 -0.020098297356699626 0.0034139825780864037 -0.03457509656850772 -0.0034985880322481451 0.017304085477772634 0.001299528019381318 0.065128684532793371 0.017942442779112406 0.0134044038446275 -0.055602638037236474 0.022216830120203725 -0.037590506372071293 0.028354063377497876 -0.02124008609606404 -9.6474221662808644e-05 -0.012592755249010629 0.0088429953807109881 0.013269414461060103 0.020114536260033667 -0.011109050397377293 0.033455924633511547 -0.0023233718548591169 -0.048634265890570516 0.0049790588048555101 0.027312653991428772 0.027245291354907372 -0.022870150091249649 -0.025383923955790959 0.03209108832194596 -0.023787447773273143 -0.027724856357714819 -0.019232926094036932 -0.048844189143697959
leaf_weight=1.3098584664985538 4.7853368837386432 0.51593441260047201 1.4664343497715893 0.91773695987649251 14.56108412353206 0.50499949394725241 4.7963116783648712 1.1693415966583405 3.7332993932068339 5.6368471484165639 2.1078966011991729 12.113805330707686 4.6749399411492032 1.2264974204590537 4.5909257212188157 1.4277537148445834 2.682153232046403 2.2174192954553282 20.030070804234128 5.3755137856933288 1.0035039915819646 1.4841690883040417 4.7096490133553734 4.2402770202606916 1.6873072292655704 76.625679167045746 2.0817980656865984 31.164348262944262 1.5859428606927384 1.4465588852763165 2.4547735503292643 1.7051874975441006 1.6071661167079581 1.2141377468942662 0.69897548266453668 0.62419785710517306 1.452649454528
leaf_count=27 43 25 43 48 423 17 69 50 41 69 16 219 79 35 61 37 35 90 474 101 41 38 48 50 14 1729 44 629 16 18 136 37 59 67 47 26 92
internal_value=0 -0.00230592 -0.0207065 0.00117203 0.00176395 0.00879688 0.00219087 0.0286208 -0.00665264 -0.0154301 0.0397622 8.82055e-05 0.0035403 -0.00919831 -0.00424587 0.00161655 -0.0115205 0.00582318 0.00416554 -0.000414555 0.00698031 -0.0168621 -0.00130296 -0.0123138 0.00428541 0.000150715 -0.0245427 0.00868013 -0.00106303 -0.00170752 -0.0135071 -0.0127766 0.0530897 -0.0426739 -0.0154195 -0.0398602 -0.0439944
internal_weight=0 100.369 4.97695 2.38417 131.261 25.0402 18.9518 6.08838 14.1665 10.4332 4.8844 106.221 59.2275 12.4911 46.9936 26.0488 20.9448 4.89957 24.621 10.0505 46.7364 16.0453 95.3923 11.0244 4.70235 84.3678 6.32208 43.2782 79.6582 78.0722 3.45828 3.01505 3.71506 2.44064 1.20397 2.59278 1.96858
internal_count=5093 2217 234 91 2876 411 222 189 179 138 125 2465 1307 282 1158 572 586 125 535 180 1025 461 1983 172 78 1811 94 848 1763 1747 177 64 75 102 64 143 117
is_linear=0
shrinkage=0.0472155


Tree=176
num_leaves=31
num_cat=0
split_feature=25 47 47 54 1 52 38 61 41 58 27 45 42 47 3 0 29 64 2 4 60 6 63 7 5 63 25 59 42 46
split_gain=0.429188 0.459429 0.373441 0.758658 0.757153 0.744897 1.71233 1.70713 1.09427 1.12894 1.08814 0.880493 0.708524 0.703022 0.933204 0.829758 0.669029 1.26475 1.00096 0.659202 1.37449 1.0787 0.590285 0.586007 0.898314 0.690863 0.56353 0.344642 0.230271 0.0409364
threshold=2.5000000000000004 38.550000000000004 38.350000000000001 36.250000000000007 1.0000000180025095e-35 45.000000000000007 55.000000000000007 0.23546315077755239 0.15000000000000005 6.5000000000000009 3.5000000000000004 55.000000000000007 0.19375000000000003 37.750000000000007 7.5000000000000009 6.5000000000000009 1.0000000180025095e-35 16.650000000000002 4.5000000000000009 3.5000000000000004 0.096930786094581903 4.5000000000000009 11.500000000000002 1.0000000180025095e-35 2.5000000000000004 7.5000000000000009 1.0000000180025095e-35 250.00000000000003 0.74166666666666681 6.5000000000000009
decision_type=2 2 2 2 2 2 2 2 2 2 2 2 2 2 2 2 2 2 2 2 2 2 2 2 2 2 2 2 2 2
left_child=2 -2 13 4 12 8 10 -8 9 -5 -7 -10 -4 16 23 26 19 18 -18 21 -21 -1 -14 25 -25 -15 -16 29 -19 -6
right_child=1 -3 3 5 27 6 7 -9 11 -11 -12 -13 22 14 15 -17 17 28 -20 20 -22 -23 -24 24 -26 -27 -28 -29 -30 -31
leaf_value=0.0016327592150714215 -0.038011359353698454 0.0013463391843217111 0.017382244293597277 0.024195824934731422 -0.054346927358813267 -0.034375564868771434 -0.011847268108088034 0.021390880486931562 -0.0026670618660694814 -0.019045884327885666 -0.00010913953887632453 0.016768104413258322 -0.030849298066901804 0.046034720702374556 -0.0094543560493738025 0.019594816844083762 -0.0081063230605464692 -0.044619322506135393 0.023712509668315385 -0.030766844040268422 0.016043129734839387 0.031087775370770499 0.010108712065806925 0.00097503637214657623 0.025194176650779838 0.0073954363074603619 0.0084644004451221739 -0.0047408277988544066 -0.011735469008835807 -0.027718696758648916
leaf_weight=63.731971666042227 1.1868977390695357 1.2035044552758334 1.917316323146222 7.6214950546273013 0.97974103735759932 6.2757276236661728 7.698315907182403 5.9429988785414025 49.562348733947147 1.4733304148539899 3.0968207311816514 5.6253721660468718 2.1718115124385808 2.3612602050416198 12.618503718636935 3.8920486982678986 13.318830559030177 2.0249663144350047 2.4560461118817321 3.5949419573880723 2.0644978230120614 2.7289881798205888 1.0433179281535556 9.4978960353182611 5.2210629828623487 1.948033421533182 5.4460620308527714 0.78250845125876356 0.88366478937678028 1.2033033542102201
leaf_count=1221 40 41 30 119 20 171 274 103 1316 68 73 92 85 26 253 55 176 136 28 112 29 40 31 182 64 35 97 40 79 57
internal_value=0 -0.0192039 0.000216692 -0.00202798 -0.0156973 -0.000723687 -0.00798486 0.00267407 0.00188049 0.0168937 -0.0233308 -0.00062757 -0.00422414 0.00184692 0.00696664 0.000285498 -0.00046575 -0.00839036 -0.00290592 0.0015936 -0.0136113 0.00293042 -0.0175319 0.0145694 0.00980453 0.0296824 -0.00398741 -0.0340057 -0.0360719 -0.0430907
internal_weight=0 2.3904 227.183 95.3944 8.098 87.2964 23.0139 13.6413 64.2825 9.09483 9.37255 55.1877 5.13245 131.789 40.9849 21.9566 90.8039 18.6835 15.7749 72.1204 5.65944 66.461 3.21513 19.0283 14.719 4.30929 18.0646 2.96555 2.90863 2.18304
internal_count=5093 81 5012 2479 263 2216 621 377 1595 187 244 1408 146 2533 712 405 1821 419 204 1402 141 1261 116 307 246 61 350 117 215 77
is_linear=0
shrinkage=0.0472155


Tree=177
num_leaves=37
num_cat=0
split_feature=49 63 62 47 45 27 61 60 38 7 47 52 47 59 52 61 55 56 42 49 53 59 42 46 39 27 48 49 42 60 63 60 41 14 55 63
split_gain=0.390863 0.726297 1.04472 1.13042 1.07066 1.2892 1.0373 0.948217 0.842523 0.730444 1.06325 0.669149 0.636558 0.921836 0.891353 1.30109 1.21583 0.848862 0.789568 0.742698 0.66654 0.666295 1.3863 1.17019 1.07998 0.756414 0.605832 0.785745 0.782149 0.583219 0.530542 0.386004 0.278914 0.27877 0.23894 0.0977004
threshold=0.60555555555555574 13.500000000000002 4.5000000000000009 35.750000000000007 45.000000000000007 2.5000000000000004 0.3686367558239862 0.13680926916221034 8.5000000000000018 2.5000000000000004 39.050000000000004 4.5000000000000009 38.350000000000001 350.00000000000006 65.000000000000014 0.12588028169014087 1.1500000000000001 0.86190476190476206 0.58578431372549034 0.56696428571428581 10.500000000000002 75.000000000000014 0.24264705882352941 9.5000000000000018 5.5000000000000009 1.5000000000000002 3.4500000000000006 0.82085561497326209 0.73030303030303034 0.12543706293706297 11.500000000000002 0.094807158032358216 0.65000000000000002 1.5000000000000002 0.55000000000000016 4.5000000000000009
decision_type=2 2 2 2 2 2 2 2 2 2 2 2 2 2 2 2 2 2 2 2 2 2 2 2 2 2 2 2 2 2 2 2 2 2 2 2
left_child=12 2 6 31 7 -6 26 -5 11 -10 33 -3 13 14 17 -16 -17 20 34 21 -1 23 30 24 -14 -24 28 -28 -2 -25 -23 32 -4 -11 -15 -21
right_child=1 8 3 4 5 -7 -8 -9 9 10 -12 -13 19 18 15 16 -18 -19 -20 35 -22 22 25 29 -26 -27 27 -29 -30 -31 -32 -33 -34 -35 -36 -37
leaf_value=-9.9735431258758013e-05 -0.019270483177136373 -0.0037952744168670716 -0.0083047020996643833 0.018700835966103144 0.0047748448390329944 -0.038427713549225424 0.028820467798753382 -0.019373477116209827 0.015925987923584371 -0.044077875577419386 0.020807094225740771 -0.05412648726946729 0.0028996610383540257 -0.014591315045182809 -0.018705429319699277 0.032707761916765367 0 0.02679302293895414 0.0040725756686605758 -0.013696102554420045 0.013595583068113815 -0.019534497226661094 -0.012059473476927828 0.014830964550674593 -0.014316464810053749 0.0087213397559700746 0.021913704564405834 -0.025434797284803787 -0.0030076865512034616 -0.0091985134069460291 -0.057920605139496213 0.00012041227992566274 -0.047202972735180426 -0.0067747329355941441 -0.053052363170574476 -0.044457051081648331
leaf_weight=58.555620125727728 13.766796568932486 0.95280889328569029 0.80610294314101638 15.80319689927274 6.5960629220935498 1.816166649572551 1.5260004812153045 1.4471264702733595 2.0912908100290224 1.7078431867994375 0.96043405690579664 1.6524862913647664 21.606564714573324 0.8529950834345067 1.8839285034919147 7.6836388790979964 3.6925455430755392 2.9895880008116356 1.7163782655261455 0.70008330972632282 8.9702786497655307 3.1620125756599036 7.7272923132404667 15.207631637284068 12.758331321994772 7.5282992162392475 2.616843853204045 0.91174733274965536 12.856974946393164 2.4813867206685236 1.1423879984067751 1.180529265257064 1.0977919058641417 0.73798387392889697 1.0258161176461724 0.77816306578461081
leaf_count=862 446 19 18 424 151 88 24 34 55 72 31 93 263 22 56 88 81 42 51 28 158 127 257 316 282 243 70 53 367 41 48 24 54 32 42 31
internal_value=0 -0.00298052 -0.00116864 0.00531887 0.00861326 -0.00507031 -0.007073 0.0153071 -0.0161037 -0.00507933 -0.0183043 -0.0373498 0.00127474 0.00399363 0.00501817 0.0161787 0.0222075 0.00287547 -0.0188333 -0.00196825 0.00174048 -0.0012335 -0.00862707 0.00155196 -0.00351345 -0.00178009 -0.00906674 0.0088809 -0.011512 0.0113668 -0.0317318 -0.0208828 -0.0331306 -0.0342733 -0.0386374 -0.0332726
internal_weight=0 68.5282 60.4253 28.747 25.6626 8.41223 31.6784 17.2503 8.10285 5.49755 3.40626 2.6053 160.463 87.3708 83.7756 13.2601 11.3762 70.5155 3.59519 73.0922 67.5259 71.6139 19.56 52.0539 34.3649 15.2556 30.1524 3.52859 26.6238 17.689 4.3044 3.08442 1.90389 2.44583 1.87881 1.47825
internal_count=5093 2055 1753 793 697 239 960 458 302 190 135 112 3038 1402 1287 225 169 1062 115 1636 1020 1577 675 902 545 500 936 123 813 357 175 96 72 104 64 59
is_linear=0
shrinkage=0.0472155


Tree=178
num_leaves=37
num_cat=0
split_feature=47 56 48 64 65 0 57 57 56 57 64 52 63 45 56 64 55 0 41 62 53 47 23 60 38 61 56 55 57 3 65 38 46 64 60 54
split_gain=0.353856 0.805334 0.690942 0.726458 0.677192 0.600047 0.529039 0.511001 0.388893 1.03911 1.04709 1.04584 1.56591 1.00228 0.583761 1.68727 0.966926 0.838158 0.827702 1.34401 0.767826 0.701563 0.69628 0.639067 0.97668 0.953157 0.579349 0.468878 0.372003 0.363041 0.339802 0.285553 0.250825 0.248321 0.185301 0.15938
threshold=40.550000000000004 0.53589743589743599 4.0500000000000007 3.8500000000000001 5.5000000000000009 3.5000000000000004 -0.74999999999999989 1.7500000000000002 0.54195804195804198 -5.2499999999999991 4.1500000000000012 10.500000000000002 4.5000000000000009 35.000000000000007 0.2817460317460318 52.050000000000004 0.45000000000000007 1.0000000180025095e-35 3.1500000000000008 6.5000000000000009 2.5000000000000004 39.95000000000001 1.0000000180025095e-35 0.11634059308477911 13.500000000000002 0.26282894736842111 0.73030303030303034 1.2500000000000002 -1.0000000180025095e-35 2.5000000000000004 6.5000000000000009 6.5000000000000009 12.500000000000002 61.350000000000001 0.015749007936507905 37.550000000000004
decision_type=2 2 2 2 2 2 2 2 2 2 2 2 2 2 2 2 2 2 2 2 2 2 2 2 2 2 2 2 2 2 2 2 2 2 2 2
left_child=8 2 3 -2 -5 29 -6 28 14 -10 26 12 -12 -13 18 16 20 33 23 22 -16 -18 -20 25 -25 -1 35 -28 -4 32 -9 -19 -3 -17 -31 -11
right_child=1 5 7 4 6 -7 -8 30 9 10 11 13 -14 -15 15 17 21 31 19 -21 -22 -23 -24 24 -26 -27 27 -29 -30 34 -32 -33 -34 -35 -36 -37
leaf_value=0.0015508740875260908 0.017702227360102574 -0.03028657696365962 0.007947091113802221 -0.038916006770337228 0.0099236593478066858 0.01381082825810602 -0.032649691687818776 -0.028362255929179573 0.030035197759631999 0.031333238007568813 0.0099775794385621071 0.010864797339238884 -0.017350442678342931 -0.0036415391056317842 -0.011134397532684321 0.050108269420592697 -0.0058098147456287288 0.020330619983341656 -0.048219163467595444 0.015324520851706642 -0.03822360247892026 0.020064495105174881 0.0034920415330066423 0.0036441765740936219 -0.020914394134934303 0.015691451785650082 0.014228146429606816 -0.010268055900577059 0.039399518485216549 -0.013488898426639971 0.011333361888155995 -0.018739121996160086 0.0052686046366168847 0.018965371603099759 -0.047751547847662432 0.014658330943889439
leaf_weight=50.127738617127761 1.408364679664375 0.55359439755556994 2.0633148392662406 1.9874097667634485 1.9572728332132108 0.72784305072855193 0.75879478448769022 0.77048276690766193 2.9022293173475182 3.3218067688867432 6.5991809946717721 21.641781483049272 14.937614431371911 20.467346192279365 7.7340847458690387 1.3984196407254779 30.92131829704158 0.44764015940017987 2.2395609726081598 1.6296589152188969 3.3962450013495982 2.3466915849130592 0.7046924513997509 8.7572278096340579 5.8781120961066327 13.374753556097856 3.975584571249783 2.8149049337953329 1.4810431888327005 0.71185124173644032 0.80666717590065673 1.0784068482171276 0.96237413454218768 1.5968007599585687 1.8481296997924799 3.2568211518228054
leaf_count=922 16 44 57 59 79 30 74 23 55 32 136 613 377 577 106 23 543 30 125 45 64 38 24 115 91 185 35 33 34 47 47 109 47 120 106 32
internal_value=0 -0.00672289 0.0002226 -0.0103083 -0.0191622 -0.0225311 -0.0030032 0.0128372 0.000514788 0.00311131 0.00202253 -0.00050311 -0.00893403 0.00381274 -0.00105877 -0.00514053 -0.00797077 0.0217756 0.00135333 -0.0177742 -0.0199213 -0.00386986 -0.0361336 0.00251847 -0.00630643 0.00457423 0.0139451 0.00397789 0.0224994 -0.0294743 -0.00858614 -0.00598578 -0.00912399 0.0356734 -0.0399337 0.0237678
internal_weight=0 16.0371 11.2334 6.11184 4.70348 4.80379 2.71607 5.12151 211.549 79.9173 77.015 63.6459 21.5368 42.1091 131.631 48.9196 44.3983 4.52127 82.7117 4.57391 11.1303 33.268 2.94425 78.1378 14.6353 63.5025 13.3691 6.79049 3.54436 4.07595 1.57715 1.52605 1.51597 2.99522 2.55998 6.57863
internal_count=5093 663 389 228 212 274 153 161 4430 1890 1835 1703 513 1190 2540 1033 751 282 1507 194 170 581 149 1313 206 1107 132 68 91 244 70 139 91 143 153 64
is_linear=0
shrinkage=0.0472155


Tree=179
num_leaves=23
num_cat=0
split_feature=14 38 55 45 15 45 41 39 15 45 49 7 62 41 47 42 48 15 7 40 49 40
split_gain=0.400765 0.9842 0.43238 0.530103 0.354621 1.38395 1.20912 0.968461 0.832983 0.827291 0.968302 0.381144 1.05255 1.05632 1.02693 0.947591 0.88036 0.329821 0.163248 0.105866 0.0695025 0.0628816
threshold=6.5000000000000009 3.5000000000000004 0.35000000000000003 45.000000000000007 27.500000000000004 12.500000000000002 0.65000000000000002 4.5000000000000009 25.500000000000004 45.000000000000007 0.56696428571428581 3.5000000000000004 3.5000000000000004 2.7500000000000004 38.350000000000001 0.057189542483660101 4.7500000000000009 35.500000000000007 26.500000000000004 38.45000000000001 0.14835164835164832 37.95000000000001
decision_type=2 2 2 2 2 2 2 2 2 2 2 2 2 2 2 2 2 2 2 2 2 2
left_child=4 -2 -3 -4 8 7 -7 -6 11 21 -11 12 14 -14 -1 20 -17 -9 -10 -19 -13 -8
right_child=1 2 3 -5 5 6 9 17 18 10 -12 15 13 -15 -16 16 -18 19 -20 -21 -22 -23
leaf_value=0.0018185207618276423 0.020191492505984964 -0.043324473154432608 0.00453195203393015 -0.032738801203621479 0.0068077969183355704 -0.0073050508086253858 0.050020062087241454 -0.0024292104050647021 -0.038518847478583786 0.024986659125415377 -0.025776552522328883 -0.048263287833432339 0.0081280224004841219 -0.012563231191420283 -0.019516587298988041 -0.0017690172314016649 0.021412042758059042 -0.049262736369460165 -0.010367533462920502 -0.021473189014365301 -0.017999153597607436 0.029271763153728036
leaf_weight=12.987153399677483 1.4440039568580676 1.3840371208498252 1.8670571214752274 1.2995502923149613 3.6130463671870556 3.0875212982064095 2.0074958230834454 0.90649920795112882 1.2382001173682504 2.5406078945379709 1.0390432557906022 0.74005728261545189 51.919949280039873 5.9702571866801 7.958079627074766 117.46426047862042 3.5919479903532183 1.0434047383023428 1.0524093856802208 1.2364327157847581 0.72897319833282381 2.0797601036028937
leaf_count=270 21 35 50 42 50 54 18 28 48 52 65 18 925 209 294 2602 129 29 26 42 42 44
internal_value=0 -0.0118694 -0.0225508 -0.0114839 0.000330791 0.00673674 0.017192 -0.0097239 -0.000223511 0.0270825 0.00956494 0.000107201 0.00266778 0.00595154 -0.00635164 -0.00153652 -0.00104594 -0.0280402 -0.0275014 -0.0370608 -0.0371541 0.0412499
internal_weight=0 5.99465 4.55064 3.16661 221.205 17.5538 10.7544 6.79938 203.651 7.66691 3.57965 201.361 78.8354 57.8902 20.9452 122.525 121.056 3.18634 2.29061 2.27984 1.46903 4.08726
internal_count=5093 148 127 92 4945 382 233 149 4563 179 117 4489 1698 1134 564 2791 2731 99 74 71 60 62
is_linear=0
shrinkage=0.0472155


Tree=180
num_leaves=40
num_cat=0
split_feature=24 49 7 54 49 1 63 19 62 63 41 45 56 65 63 64 39 6 40 58 48 56 61 52 64 15 47 56 39 41 56 0 31 64 57 57 40 48 45
split_gain=0.565548 1.16409 1.36273 1.03035 0.632358 1.07958 0.935512 1.38042 1.0947 1.56578 1.13069 0.930736 0.784447 1.4041 1.20737 0.876042 1.56809 0.770896 1.12491 0.951565 0.785842 1.6906 1.0042 0.613991 0.597034 0.59298 1.07491 0.91424 0.974683 0.931042 0.900835 0.813676 0.774583 0.682876 0.62752 0.51797 0.385929 0.361487 0.255371
threshold=1.0000000180025095e-35 0.092329545454545456 44.500000000000007 37.750000000000007 0.56696428571428581 4.5000000000000009 13.500000000000002 2.5000000000000004 4.5000000000000009 6.5000000000000009 2.4500000000000006 11.500000000000002 0.14835164835164832 2.5000000000000004 8.5000000000000018 4.2500000000000009 13.500000000000002 5.5000000000000009 38.350000000000001 1.5000000000000002 0.75000000000000011 0.63961038961038974 0.27547643501084113 9.5000000000000018 5.0500000000000007 9.5000000000000018 35.750000000000007 0.16025641025641021 4.5000000000000009 2.0500000000000003 0.29705882352941176 1.5000000000000002 1.0000000180025095e-35 13.050000000000002 -1.7499999999999998 1.0000000180025095e-35 38.750000000000007 0.55000000000000016 12.500000000000002
decision_type=2 2 2 2 2 2 2 2 2 2 2 2 2 2 2 2 2 2 2 2 2 2 2 2 2 2 2 2 2 2 2 2 2 2 2 2 2 2 2
left_child=4 2 3 -2 11 6 8 24 10 -10 -6 12 13 37 -15 23 -17 20 -19 -20 21 -13 -22 -14 -8 26 -3 28 -27 30 -29 -31 38 -34 -30 -7 -9 -1 -28
right_child=1 25 -4 -5 5 35 7 36 9 -11 -12 17 15 14 -16 16 -18 18 19 -21 22 -23 -24 -25 -26 27 32 29 34 31 -32 -33 33 -35 -36 -37 -38 -39 -40
leaf_value=-0.023622809804639523 -0.063047370350125809 0.021973527458417793 0.012194713493893372 -0.0075203845114382101 -0.011316426017613391 -0.052891439894478011 0.030029903742947922 -0.056363346840438332 0.045500358326598225 0.003898514150941564 0.013171323317955546 0.0025829882031485184 0.013314219474285127 -0.00038017695653380591 0.025694599280641311 -0.014421773473003796 0.026005122507777499 0.035141953493539463 -0.033457616637550106 0.021557186053977613 0.013605775474491514 -0.037859453059494258 -0.0035630415152139512 -0.010519679581327893 -0.010775964831565815 -0.047941577020652736 -0.019652428540248033 0.027814885903489253 -0.027517644107157995 0.020678659864701743 0.0036825578002832272 -0.031667480433381794 -0.02285356500001114 0.0090688313689595099 0.0095066581216663396 -0.0058746186870967023 -0.018650710511525597 -0.00064707795469324907 -0.059004838469823968
leaf_weight=3.250007942318919 1.9556429912336164 1.5275801969692091 1.3044685467611996 1.2707401791121808 20.055215146479899 1.2114733888301992 1.0213930793106549 1.5768666936783122 2.0567436967976418 22.114796630339697 5.1276812807191154 20.697764763492163 7.1385188680142146 7.5727153444895512 8.0003919294103962 22.446724586421627 2.1917472116183481 4.4845375299919388 1.1240680335322397 1.3432982415542936 28.596232246083673 2.4137962199747554 10.160253948473835 3.4113446474075317 2.2209803557198029 1.3712624137988338 0.98613844078499857 4.211847414262599 1.400913610588759 0.7463646088726813 16.90024381771218 2.3375204302137718 3.4642226090654731 2.3708149651065469 2.7065605494426563 0.97072080115322013 1.41522872398491 2.8798033474013209 1.0581476024235597
leaf_count=35 45 24 29 36 586 50 9 65 30 599 187 278 66 166 131 526 51 52 36 37 645 50 185 35 89 35 31 62 41 23 330 138 53 95 57 34 79 33 40
internal_value=0 -0.00482182 -0.0270225 -0.0428802 0.00114962 -0.00292776 -0.00158334 -0.0185569 0.000605718 0.00776664 -0.00624829 0.00302999 -0.00142754 0.00558978 0.0131109 -0.0057801 -0.0106414 0.00671854 0.0214696 -0.0038175 0.00499469 -0.00186594 0.00909247 0.00550122 0.002769 -0.00212254 -0.0123413 0.00114855 -0.0159371 0.00513049 0.00871645 -0.01837 -0.0194073 -0.00988932 -0.00357865 -0.0342403 -0.0407466 -0.013249 -0.0433604
internal_weight=0 43.6125 4.53085 3.22638 183.482 57.7711 55.5889 6.23447 49.3544 24.1715 25.1829 125.711 56.8913 21.7029 15.5731 35.1883 24.6385 68.82 6.9519 2.46737 61.868 23.1116 38.7565 10.5499 3.24237 39.0816 9.4069 29.6747 5.47874 24.196 21.1121 3.08389 7.87932 5.83504 4.10747 2.18219 2.9921 6.12981 2.04429
internal_count=5093 1039 110 81 4054 1728 1644 242 1402 629 773 2326 1043 365 297 678 577 1283 125 73 1158 328 830 101 98 929 243 686 133 553 392 161 219 148 98 84 144 68 71
is_linear=0
shrinkage=0.0472155


Tree=181
num_leaves=17
num_cat=0
split_feature=60 64 7 7 42 19 15 45 31 38 18 28 57 49 47 52
split_gain=0.316799 0.50664 0.456728 0.349655 1.35313 1.05387 0.83583 0.736437 0.793996 0.416794 0.362924 1.16619 0.524947 0.277836 0.253951 0.0572125
threshold=-1.0000000180025095e-35 1.6500000000000001 1.0000000180025095e-35 61.500000000000007 0.32291666666666669 42.500000000000007 13.500000000000002 6.5000000000000009 21.500000000000004 55.000000000000007 3.5000000000000004 1.0000000180025095e-35 -3.2499999999999996 0.4330357142857143 37.050000000000004 12.500000000000002
decision_type=2 2 2 2 2 2 2 2 2 2 2 2 2 2 2 2
left_child=2 -2 -1 5 7 10 -7 -5 -9 13 12 -12 -3 -6 -11 -4
right_child=1 3 15 4 9 6 -8 8 -10 14 11 -13 -14 -15 -16 -17
leaf_value=0.01093338416606468 0.024899808134871294 -0.0080439443003234874 -0.045954567309888263 0.028671826940082086 -0.047395810111011023 0.045699434694612052 0.00051897210869427562 -0.021906406291599564 0.018425922016879977 0.01370997472743979 0.015879271368314934 -0.008590845984823417 0.00018110130108650376 -0.017870139893955306 -0.017778516490285827 -0.014487059615603044
leaf_weight=0.61290279228705813 1.6557625494897354 19.080611963290721 0.58447180292569079 2.1234670053236169 1.7101981237065049 1.8584504994796582 1.7169970789691431 2.337932659778744 1.7397152367047963 0.72528764017624814 10.93936803637189 6.9448946521733879 168.91374392330181 1.8528458697255699 1.3768316147616131 0.52940108510665596
leaf_count=19 21 476 38 24 41 27 42 58 27 31 191 178 3769 60 56 35
internal_value=0 0.000163539 -0.0191889 -3.81334e-05 -0.00786496 0.000408395 0.0252122 0.00723531 -0.00449655 -0.0242259 -4.02814e-05 0.00634996 -0.000656975 -0.0337707 -0.00641143 -0.035499
internal_weight=0 222.976 1.72678 221.32 11.8663 209.454 3.57545 6.20111 4.07765 5.66516 205.879 17.8843 187.994 3.56304 2.10212 1.11387
internal_count=5093 5001 92 4980 297 4683 69 109 85 188 4614 369 4245 101 87 73
is_linear=0
shrinkage=0.0472155


Tree=182
num_leaves=21
num_cat=0
split_feature=7 3 19 64 56 38 15 58 17 18 28 59 7 47 60 11 60 42 62 62
split_gain=0.416543 1.48019 1.42333 1.09721 0.816837 0.704106 0.576985 0.406117 0.392414 0.829686 1.21942 0.718803 0.483282 0.526343 0.44042 0.33424 0.256787 0.236451 0.199004 0.176162
threshold=61.500000000000007 5.5000000000000009 42.500000000000007 13.550000000000002 0.63068181818181823 6.5000000000000009 22.500000000000004 -1.4999999999999998 4.5000000000000009 4.5000000000000009 1.0000000180025095e-35 -25.499999999999996 47.500000000000007 38.650000000000013 0.079678081313325613 2.5000000000000004 0.079678081313325613 0.5590277777777779 5.5000000000000009 4.5000000000000009
decision_type=2 2 2 2 2 2 2 2 2 2 2 2 2 2 2 2 2 2 2 2
left_child=2 16 8 -4 5 -3 7 -7 9 12 -11 -10 15 -14 -12 -1 -2 -8 -13 -6
right_child=1 4 3 -5 19 6 17 -9 11 10 14 18 13 -15 -16 -17 -18 -19 -20 -21
leaf_value=0.00023903435681470607 -0.018713563386782751 0.026722697736135757 0.00085699099043707542 0.050247206954714789 -0.0097564638783013326 0.026200401157290769 -0.034612607346402029 -0.0064992551569901073 0.011990752927673456 0.039440948149353824 -0.024116146593444104 -0.042278368145728502 -0.041372605697453643 0.002020320276774421 0.012565787954044708 -0.014828159643105118 -0.053154018441670454 -0.0010582122881551363 -0.0113095911391371 -0.040413505216612397
leaf_weight=194.21229420395684 1.253416228166315 2.5669594036880863 1.87239153496921 2.0697279302403331 1.0882672682637347 1.4723994242958713 1.1232783610466865 1.5807894105673779 1.2625714270398023 2.7184997908771029 1.1997521478915589 1.2510332009987899 1.1455004194285714 1.0995931563666088 1.3725362138357011 3.1634350885869926 1.3288762965239582 0.81404375354759384 1.0420336695387957 0.84322588273789723
leaf_count=4360 42 39 24 46 32 30 38 45 21 33 42 37 45 29 25 93 17 28 32 35
internal_value=0 -0.0084674 0.00048778 0.0279792 0.000308034 0.00746815 -0.00288054 0.00963545 -5.20217e-05 0.000220972 0.0183716 -0.0152302 -0.000272533 -0.0212437 -0.00475429 -1.21066e-05 -0.0389208 -0.0220756 -0.0302675 -0.0256934
internal_weight=0 12.0713 212.409 3.94212 9.48896 7.55747 4.99051 3.05319 208.467 204.912 5.29079 3.55564 199.621 2.24509 2.57229 197.376 2.58229 1.93732 2.29307 1.93149
internal_count=5093 306 4787 70 247 180 141 75 4717 4627 100 90 4527 74 67 4453 59 66 69 67
is_linear=0
shrinkage=0.0472155


Tree=183
num_leaves=15
num_cat=0
split_feature=60 64 52 55 49 11 3 64 31 58 64 65 38 7
split_gain=0.275797 0.478029 0.436829 0.298332 1.13601 1.49326 0.953925 0.774382 0.985084 0.606656 0.573333 1.00744 0.688131 0.23917
threshold=-1.0000000180025095e-35 1.6500000000000001 8.5000000000000018 0.65000000000000002 0.11437908496732026 2.5000000000000004 15.500000000000002 5.0500000000000007 2.5000000000000004 -16.499999999999996 5.2500000000000009 5.5000000000000009 25.000000000000004 1.5000000000000002
decision_type=2 2 2 2 2 2 2 2 2 2 2 2 2 2
left_child=2 -2 -1 4 7 6 -6 -3 -9 -5 12 -12 -11 -4
right_child=1 3 13 9 5 -7 -8 8 -10 10 11 -13 -14 -15
leaf_value=-0.045859820803266116 0.024462895318276036 -0.026633434636906764 0.020710122812833739 -0.032909352379282095 0.0018650864717078526 -0.033764022479851295 0.013627331856186298 0.0060759732722934293 -0.022367231490744714 -0.00056231589102829864 -0.0087748968284698942 0.0010129267571298535 0.01323622257968405 -0.017406822050421066
leaf_weight=0.5778816391248246 1.6136826910078514 4.0095935799181488 0.51616683125030227 1.1784766368218687 44.608403927646577 2.0011107127647838 23.462052354123443 8.3582907287636754 3.7996247116243458 24.586506592109799 39.680199083406478 56.613142437563511 11.740657891146837 0.60621309641283005
leaf_count=33 21 40 15 52 729 56 366 135 117 264 630 2478 113 44
internal_value=0 0.000152431 -0.0180308 -4.22208e-05 0.0021178 0.00472848 0.00595325 -0.00908704 -0.00295204 -0.00144022 -0.0011127 -0.0030223 0.00392164 5.33646e-05
internal_weight=0 221.652 1.70026 220.038 86.2391 70.0716 68.0705 16.1675 12.1579 133.799 132.621 96.2933 36.3272 1.12238
internal_count=5093 5001 92 4980 1443 1151 1095 292 252 3537 3485 3108 377 59
is_linear=0
shrinkage=0.0472155


Tree=184
num_leaves=29
num_cat=0
split_feature=60 52 61 3 40 41 45 64 55 54 61 42 54 56 47 40 41 41 41 60 3 15 49 47 40 7 45 60
split_gain=0.274978 0.426888 0.314216 0.984677 1.33472 0.76547 1.00881 0.753988 0.816666 0.760524 0.709586 0.703429 1.07833 0.621462 0.755612 0.452335 0.707513 0.929015 0.874177 0.64432 2.50519 1.37789 0.274302 0.2687 0.168069 0.151316 0.128165 0.111102
threshold=-1.0000000180025095e-35 8.5000000000000018 0.10673139158576046 10.500000000000002 38.750000000000007 1.0500000000000003 35.000000000000007 60.350000000000001 2.3500000000000001 34.750000000000007 0.11803405572755417 0.31009615384615391 37.350000000000001 0.30384615384615393 39.150000000000013 39.350000000000001 0.95000000000000007 0.65000000000000002 1.5500000000000003 0.060504372584909462 4.5000000000000009 3.5000000000000004 0.48529411764705882 39.95000000000001 40.250000000000007 2.5000000000000004 75.000000000000014 0.014599317988064752
decision_type=2 2 2 2 2 2 2 2 2 2 2 2 2 2 2 2 2 2 2 2 2 2 2 2 2 2 2 2
left_child=1 -1 3 7 5 6 -5 8 9 -2 13 22 -13 14 -4 19 17 -17 -18 20 -12 -21 -6 -7 -9 -3 -26 -15
right_child=2 25 10 4 11 23 -8 24 -10 -11 15 12 -14 27 -16 16 18 -19 -20 21 -22 -23 -24 -25 26 -27 -28 -29
leaf_value=-0.045774793773623895 0.021750344072616213 0.015983089561821314 -0.023403137568060714 0.021289394466148436 0.024245643580388915 -0.042155358121673654 -0.020752680821342788 -0.041336220264448879 0.02140678134126538 -0.013310050805259961 0.019393626255964563 0.03379785816717365 -0.014726241356574297 -0.012237405249980382 0.027771384041856535 -0.0034323820739939771 0.011689350479719054 -0.031057589553319501 -0.004615237067696557 -0.0092168339959974397 -0.0027330246645388147 0.0032043222593359654 0.053118255870390298 0 -0.0226157248451366 -0.014506258099316606 0.010616925817108443 -0.040099931083203859
leaf_weight=0.56927910773083468 1.5166031294502333 0.53431558131705947 1.2276341952383512 3.4078767662867886 2.1800848159473389 1.0140804656548423 1.7964772717095909 1.1393940305861168 2.8710693789180359 7.2789443545043468 18.342742982320487 1.931583200930618 1.8146830592013428 0.71551831730175797 1.0129381804727016 7.2653209980344382 9.3570993125904334 4.2673988852184266 31.500132373941597 29.981413820234593 29.509508804650977 58.353840106108692 1.9153480866807511 0.47017091640736897 0.40333503065630782 0.56683770229574293 0.29594674150575884 1.7740821019979192
leaf_count=33 27 21 43 53 33 77 39 173 57 167 298 66 108 28 21 192 206 110 1002 503 600 937 33 16 88 38 27 97
internal_value=0 -0.0181501 0.000151209 0.00480855 0.0132794 -0.0021505 0.00645373 -0.00431122 0.000235484 -0.0068861 -0.000524647 0.0262806 0.0105199 -0.018254 0 -5.99915e-05 -0.00378427 -0.0140212 -0.000831473 0.00137098 0.00577488 -0.00101406 0.039524 -0.030208 -0.0309944 0 -0.00850183 -0.0336648
internal_weight=0 1.67043 221.343 28.0356 14.5303 6.68861 5.20435 13.5053 11.6666 8.79555 193.308 7.8417 3.74627 4.73017 2.24057 188.577 52.39 11.5327 40.8572 136.188 47.8523 88.3353 4.09543 1.48425 1.83868 1.10115 0.699282 2.4896
internal_count=5093 92 5001 964 425 185 92 539 251 194 4037 240 174 189 64 3848 1510 302 1208 2338 898 1440 66 93 288 59 115 125
is_linear=0
shrinkage=0.0472155


Tree=185
num_leaves=23
num_cat=0
split_feature=59 0 52 48 61 38 46 7 64 38 60 56 64 41 53 6 62 40 63 30 47 64
split_gain=0.285761 0.640603 0.719765 0.654792 0.629739 0.447493 0.428361 0.57991 0.418955 0.449842 0.322704 0.436143 0.431376 0.310155 0.991747 0.625012 0.419669 0.313822 0.377524 0.292185 0.257987 0.255844
threshold=350.00000000000006 1.0000000180025095e-35 9.5000000000000018 0.8500000000000002 0.083835341365461821 6.5000000000000009 3.5000000000000004 1.5000000000000002 19.450000000000003 65.000000000000014 -1.0000000180025095e-35 0.80625000000000013 1.6500000000000001 3.0500000000000003 13.500000000000002 5.5000000000000009 6.5000000000000009 41.95000000000001 4.5000000000000009 1.0000000180025095e-35 35.850000000000001 17.750000000000004
decision_type=2 2 2 2 2 2 2 2 2 2 2 2 2 2 2 2 2 2 2 2 2 2
left_child=10 2 6 -3 -4 21 -2 -8 -7 -10 11 -1 -12 17 15 -15 -16 19 -19 -14 -6 -5
right_child=1 3 4 5 20 8 7 -9 9 -11 12 -13 13 14 16 -17 -18 18 -20 -21 -22 -23
leaf_value=-0.040706434026183465 0.02546549540682834 -0.026858226379320577 0.0069736403202544017 -0.038712264730236423 -0.013457719713706332 0.024411952814917263 0.014792936103149686 -0.031650156339055893 -0.031616567857713322 0.016525005371873534 0.023915628489485516 0.010408934082452446 0.0021283874831788088 -0.014068388574476266 0.0037804563082083336 0.01861174931849531 0.03927241574978934 0.01346400098849827 -0.0310517299144531 -0.002427926940114932 -0.047031574147027182 0.0051751233506915992
leaf_weight=0.78245766891632118 0.90510754752904032 1.1170374799985436 0.7723574067349549 0.41984399640932668 0.95918378361966494 3.4655430684797466 0.94397656444925848 1.1276337781455366 0.60498416307382263 0.79221293842419982 1.579418497160076 0.48527699126861989 146.39558853860945 12.99815989052877 2.0213087322772476 1.2806181578198437 1.0880449415417386 0.46821019402705033 1.2243871686514465 39.64917005886673 2.2050665718852542 0.47406308870995417
leaf_count=59 13 39 39 15 24 43 30 52 58 28 21 16 2842 529 94 42 33 20 82 852 118 44
internal_value=0 -0.00653904 -0.016523 0.00357169 -0.0293307 0.0102038 0.000897994 -0.0106958 0.0159189 -0.00510818 0.000438623 -0.0218028 0.00059649 0.00039355 -0.0056018 -0.0109028 0.0178281 0.000956979 -0.0182837 0.00115252 -0.0382869 -0.0177966
internal_weight=0 13.787 6.91333 6.87368 3.93661 5.75665 2.97672 2.07161 4.86274 1.3972 207.973 1.26773 206.705 205.125 17.3881 14.2788 3.10935 187.737 1.6926 186.045 3.16425 0.893907
internal_count=5093 503 276 227 181 188 95 82 129 86 4590 75 4515 4494 698 571 127 3796 102 3694 142 59
is_linear=0
shrinkage=0.0472155


Tree=186
num_leaves=16
num_cat=0
split_feature=23 11 6 47 0 64 58 63 47 54 14 1 0 31 53
split_gain=0.255208 0.333497 0.418854 0.315006 0.610732 0.447295 0.74937 0.549091 0.358838 0.5948 0.720317 0.607794 0.538708 0.646445 0.498856
threshold=4.5000000000000009 3.5000000000000004 5.5000000000000009 35.45000000000001 4.5000000000000009 5.4500000000000011 -2.4999999999999996 8.5000000000000018 38.350000000000001 36.250000000000007 6.5000000000000009 1.0000000180025095e-35 6.5000000000000009 12.500000000000002 2.5000000000000004
decision_type=2 2 2 2 2 2 2 2 2 2 2 2 2 2 2
left_child=1 3 -3 4 5 7 -7 -1 12 11 -11 -10 13 -5 -14
right_child=-2 2 -4 8 -6 6 -8 -9 9 10 -12 -13 14 -15 -16
leaf_value=0.0161748545480759 0.016149820162893638 -0.041122273040130844 0.0031709305965655472 0.0027392962994279798 -0.032218378885199336 -0.034146419855809705 -0.0034406742099751383 -0.0081422465334845835 -0.0035047182277819647 0.00029954138564863478 -0.031060174762626798 -0.030878842716060062 0.031056957419065421 -0.011997857327828333 0.0050330790249778525
leaf_weight=4.6691996473819071 1.9850609239656467 0.81410971272271015 0.8247454003430903 87.292946147004841 1.5453845463925961 1.9088181880069921 12.710300425125746 3.4315389236435294 4.9755056242574929 82.774211139185354 1.4901900857221324 2.7741481307311915 2.5456699747592202 6.9963463921449138 4.5503526711836457
leaf_count=44 51 42 26 1652 53 91 348 41 146 2160 44 118 26 159 92
internal_value=0 -0.000158947 -0.0203205 6.09383e-06 -0.00504185 -0.00293289 -0.00785022 0.00584146 0.000646772 -0.00148219 -0.000310627 -0.0138511 0.00258454 0.00161874 0.0149809
internal_weight=0 219.303 1.63886 217.665 24.2652 22.7199 14.6191 8.10074 193.399 92.0141 84.2644 7.74965 101.385 94.2893 7.09602
internal_count=5093 5042 68 4974 577 524 439 85 4397 2468 2204 264 1929 1811 118
is_linear=0
shrinkage=0.0472155


Tree=187
num_leaves=23
num_cat=0
split_feature=64 64 2 59 64 56 54 61 52 56 65 60 53 55 58 3 55 58 5 41 27 19
split_gain=0.258969 0.279631 0.707854 0.249563 0.230119 0.558829 1.2143 1.04883 0.878714 0.65056 0.541708 1.02948 1.02643 0.897111 0.967228 0.823079 0.459622 0.157837 0.117027 0.092389 0.0557388 0.0473895
threshold=212.25000000000003 153.70000000000002 2.5000000000000004 -134.99999999999997 3.9500000000000006 0.54195804195804198 37.850000000000001 0.21676706827309231 3.5000000000000004 0.73030303030303034 2.5000000000000004 0.032129032258064509 3.5000000000000004 0.65000000000000002 1.0000000180025095e-35 33.500000000000007 1.0500000000000003 -3.4999999999999996 1.0000000180025095e-35 0.65000000000000002 3.5000000000000004 40.000000000000007
decision_type=2 2 2 2 2 2 2 2 2 2 2 2 2 2 2 2 2 2 2 2 2 2
left_child=1 4 3 -3 5 6 8 -8 -1 19 11 -6 -13 14 -12 -15 -11 18 -2 -7 -5 -19
right_child=17 2 -4 20 10 9 7 -9 -10 16 13 12 -14 15 -16 -17 -18 21 -20 -21 -22 -23
leaf_value=0.004293610614874278 0.015088114541752008 0.027600627256577907 0.047611886219510763 -0.026615757292640322 -0.030938856252697985 0.029020337847194346 -0.010576905520071619 0.015420293740175207 -0.021377311312736031 0.014014396049594579 0.0096035741515313328 -0.018173018373642463 0.0040496935164299683 -0.0011889028786208589 -0.0027219121280275442 -0.016591768200838901 -0.011879979412205916 -0.035508629733167804 -0.021353034756902069 0.014500894066721535 0 0
leaf_weight=4.6970656428020465 0.32732574234250933 0.15278006420703605 0.76061036658938974 0.551458001253194 3.3516029175370958 3.0171957127749902 4.6896981345489648 11.81575285643339 7.5322417039424181 2.7579237734898925 36.289463129127398 6.7149558495730188 13.928002060391007 85.897855663381051 23.025929270661436 8.3455209231469762 3.0115105230361223 0.64286193985026219 0.14632704292307608 2.7713070847094059 0.23195689579006284 0.069922069844324142
leaf_count=57 48 10 46 160 45 29 55 110 84 27 635 88 150 2355 465 300 36 262 47 30 31 23
internal_value=0 0.000127206 0.0182989 -0.00868295 -2.59461e-05 0.00318438 -0.00033718 0.00796146 -0.011544 0.011869 -0.000760531 -0.00733192 -0.0032401 0.000269265 0.00481408 -0.00258795 0.000437539 -0.0205287 0.000109313 0.0228071 -0.0201821 -0.0322888
internal_weight=0 219.543 1.69681 0.936195 217.846 40.2927 28.7348 16.5055 12.2293 11.5579 177.553 23.9946 20.643 153.559 59.3154 94.2434 5.76943 1.18644 0.473653 5.7885 0.783415 0.712784
internal_count=5093 4713 247 201 4466 428 306 165 141 122 4038 283 238 3755 1100 2655 63 380 95 59 191 285
is_linear=0
shrinkage=0.0472155


Tree=188
num_leaves=26
num_cat=0
split_feature=49 39 41 48 62 19 46 56 47 49 57 58 16 11 64 48 28 41 38 64 13 39 25 60 59
split_gain=0.27783 0.883375 0.576318 0.756858 0.356497 0.34386 0.352209 0.280726 0.982749 0.88907 0.814945 0.770521 0.726709 0.706832 0.544615 0.454963 0.686886 0.657061 0.960313 0.629549 0.507563 0.255471 0.251075 0.205933 0.059742
threshold=0.97222222222222232 3.5000000000000004 0.8500000000000002 2.4500000000000006 4.5000000000000009 35.500000000000007 5.5000000000000009 0.54195804195804198 41.050000000000004 0.83974358974358987 -5.2499999999999991 -1.4999999999999998 4.5000000000000009 1.0000000180025095e-35 4.7500000000000009 4.0500000000000007 1.0000000180025095e-35 3.1500000000000008 19.000000000000004 15.250000000000002 5.5000000000000009 3.5000000000000004 1.0000000180025095e-35 0.096930786094581903 -74.999999999999986
decision_type=2 2 2 2 2 2 2 2 2 2 2 2 2 2 2 2 2 2 2 2 2 2 2 2 2
left_child=7 -2 -3 5 -5 6 -4 9 10 15 -9 13 -13 -12 -11 17 19 20 -19 -17 -1 -16 24 -23 -10
right_child=1 2 3 4 -6 -7 -8 8 22 14 11 12 -14 -15 21 16 -18 18 -20 -21 -22 23 -24 -25 -26
leaf_value=-0.00052520603299868436 -0.037937889300333781 0.023730623780136278 -0.0046762355566887723 -0.0095269738544064685 0.029728284097961355 0.0047697086680443508 -0.043999127617491987 0.028210314186940619 -0.012587020784645159 0.0046423359682289935 -0.0099600413126412612 0.0069459069644461358 -0.022480090916759791 0.0082594688015007814 -0.0074984588047832127 0.0034695910780973616 -0.019643162795627174 -0.0040596647923322139 -0.042141763069437482 0.036709033947463027 0.016209577869614154 -0.046505958697830058 0.0014873546519181978 -0.014716156028932753 -0.043819145199491975
leaf_weight=112.60609475735691 1.6075415772502299 1.4946101109962908 0.86649420997127968 0.714476952824043 1.1155438426649196 0.70511099521536369 1.4337107143073806 2.693775223218835 0.43422684166580428 1.389662054600193 16.131737397459805 47.71089025697438 1.7699870742508199 6.5078365314984685 1.1113170910393821 2.7763473400846115 1.0748149424907749 5.8244454701198256 1.8458288843394255 2.3130180487642065 4.0150763314450151 1.6680768326041291 0.41672246454982076 0.99444599624257524 1.0695140691823315
leaf_count=2097 57 33 19 43 41 23 102 52 20 17 423 1085 71 150 36 50 42 183 116 89 73 108 30 26 107
internal_value=0 -0.00857554 -0.000199095 -0.00829552 0.014586 -0.022468 -0.0308256 0.000327341 0.0026086 -0.000960357 0.00350181 0.0025039 0.00580475 -0.00467124 -0.0198472 -0.000182262 0.0121503 -0.000815312 -0.0140422 0.0194174 6.88393e-05 -0.0288349 -0.0292647 -0.0365007 -0.0374384
internal_weight=0 7.93749 6.32995 4.83534 1.83002 3.00532 2.3002 212.354 76.7347 135.619 74.8142 72.1205 49.4809 22.6396 5.1635 130.456 6.16418 124.291 7.67027 5.08937 116.621 3.77384 1.92046 2.66252 1.50374
internal_count=5093 318 261 228 84 144 121 4775 1938 2837 1781 1729 1156 573 187 2650 181 2469 299 139 2170 170 157 134 127
is_linear=0
shrinkage=0.0472155


Tree=189
num_leaves=34
num_cat=0
split_feature=64 3 53 5 61 64 45 40 38 5 40 65 60 48 19 4 55 42 56 48 62 63 3 3 63 48 46 18 9 5 61 64 56
split_gain=0.265596 0.508188 0.792107 0.639601 0.646199 1.08505 0.719967 0.560264 1.32661 0.790188 0.673049 0.484948 1.02053 0.957928 0.935659 1.51427 0.834837 1.06536 0.94072 1.58545 0.796364 0.791174 0.744302 0.727843 0.61336 0.739694 0.606934 0.603506 0.542175 0.488553 0.457722 0.112297 0.0835324
threshold=3.9500000000000006 1.0000000180025095e-35 3.5000000000000004 1.0000000180025095e-35 0.23381860075408459 2.7500000000000004 12.500000000000002 37.750000000000007 12.500000000000002 3.5000000000000004 38.750000000000007 2.5000000000000004 0.027907580477673853 0.75000000000000011 3.5000000000000004 2.5000000000000004 0.65000000000000002 0.79285714285714304 0.56696428571428581 1.3500000000000003 3.5000000000000004 15.500000000000002 33.500000000000007 39.500000000000007 4.5000000000000009 1.2500000000000002 7.5000000000000009 1.5000000000000002 1.0000000180025095e-35 1.5000000000000002 0.16716566866267463 8.1500000000000004 0.63961038961038974
decision_type=2 2 2 2 2 2 2 2 2 2 2 2 2 2 2 2 2 2 2 2 2 2 2 2 2 2 2 2 2 2 2 2 2
left_child=1 2 -1 4 30 -6 -7 8 -5 10 -9 12 -2 14 -14 -16 17 18 20 -20 -13 22 28 -24 -15 -26 27 -19 -18 31 -3 -23 -28
right_child=11 3 -4 7 5 6 -8 9 -10 -11 -12 16 13 24 15 -17 21 26 19 -21 -22 29 23 -25 25 -27 32 -29 -30 -31 -32 -33 -34
leaf_value=-0.0025970251944173518 -0.031035055401925953 -0.0052789296469302142 0.027288363597028659 0.016112357245466113 0.019373097917817075 0.0035188775656642812 -0.029982532024236532 0.036266221490245339 -0.022555325927209085 -0.00676585977576258 0.0067988014256324348 -0.0054684065841148193 0.0038110119382195034 0.01987139746863649 -0.053812115962644562 -0.0029942508218213878 0.00047545143948738881 0.0083019931273708991 0.030375800820074569 -0.010532134287491149 0.0080601340561700513 -0.014245378742901132 -0.040341859367119329 -0.0071523814702376641 0.018266204063649871 -0.012115722542923257 -0.041394963709854904 -0.031193042927566611 -0.017802832157267138 -0.0027621706790348899 -0.033543042066636081 -0.047642904667713842 -0.014537331395233883
leaf_weight=3.4221866140142074 3.2205627840012339 2.7436622502282253 4.3073585741221905 3.8910471871495274 3.9612926971167308 2.8866571076214314 2.5424286089837551 3.6216708123683912 3.6709220428019762 2.7465838734060526 3.4702093550004065 14.307170573971232 3.4998500309884566 4.1550906077027303 2.3541779816150665 2.8104857578873634 80.572322788386373 2.9350314165931191 7.5818887585774046 2.7724947576643899 29.082250892417505 0.57524891383945886 1.7846577235031853 6.6924386430182494 2.4697652850300074 5.3088616235181689 1.2993734128540384 1.0157832494005559 3.6110195374640162 1.4292813710344487 2.4715166576206684 1.2741832859464919 0.75440121861174692
leaf_count=36 43 36 41 41 40 32 28 31 43 33 40 281 37 41 34 34 2619 85 90 63 509 9 79 253 24 70 87 39 113 52 27 77 26
internal_value=0 0.00348414 0.0142106 0.000810368 -0.00641048 0.000985913 -0.0125008 0.00691167 -0.00266073 0.0142516 0.0224473 -0.000773892 -0.00702285 -0.0030075 -0.014824 -0.0272841 0.000184808 0.00456234 0.00668701 0.0193679 0.00358036 -0.00253802 -0.00170016 -0.0148892 0.00560875 -0.00219825 -0.0140005 -0.00258834 -0.00033624 -0.0247436 -0.0194478 -0.0397043 -0.0337362
internal_weight=0 39.7355 7.72955 32.006 14.6056 9.39038 5.42909 17.4004 7.56197 9.83846 7.09188 179.506 23.8188 20.5982 8.66451 5.16466 155.688 59.7484 53.7438 10.3544 43.3894 95.9392 92.6604 8.4771 11.9337 7.77863 6.00459 3.95081 84.1833 3.27871 5.21518 1.84943 2.05377
internal_count=5093 428 77 351 163 100 60 188 84 104 71 4665 283 240 105 68 4382 1180 943 153 790 3202 3064 332 135 94 237 124 2732 138 63 86 113
is_linear=0
shrinkage=0.0472155


Tree=190
num_leaves=38
num_cat=0
split_feature=40 60 4 61 60 46 54 64 56 64 18 40 40 58 58 64 56 7 58 61 58 47 45 49 62 59 63 61 54 39 42 60 64 62 65 27 45
split_gain=0.303946 0.718087 1.06094 0.839207 1.01891 1.2399 0.755755 0.709114 1.16112 0.960578 0.708995 0.731143 0.686652 1.46954 1.68059 0.6859 1.10815 0.676322 0.675527 1.48182 0.827913 1.21001 0.802705 0.688467 0.600392 0.532825 0.531326 1.02653 0.550923 0.470846 0.43116 0.383502 0.369451 0.317979 0.316429 0.286612 0.100582
threshold=37.150000000000013 0.018350168350168304 1.0000000180025095e-35 0.26687370600414079 0.048695799457994557 3.5000000000000004 36.350000000000001 15.050000000000002 0.87867647058823539 15.750000000000002 1.0000000180025095e-35 34.250000000000007 37.550000000000004 3.5000000000000004 -2.4999999999999996 9.6500000000000004 0.63961038961038974 3.5000000000000004 -4.4999999999999991 0.17253783180352272 1.5000000000000002 36.650000000000013 9.5000000000000018 0.51470588235294124 1.5000000000000002 75.000000000000014 7.5000000000000009 0.24641115461226734 37.050000000000004 4.5000000000000009 0.25833333333333336 0.042900964066608212 52.050000000000004 4.5000000000000009 2.5000000000000004 1.0000000180025095e-35 25.000000000000004
decision_type=2 2 2 2 2 2 2 2 2 2 2 2 2 2 2 2 2 2 2 2 2 2 2 2 2 2 2 2 2 2 2 2 2 2 2 2 2
left_child=1 10 17 4 31 -6 -5 8 12 -9 11 -1 13 14 -2 24 -17 26 19 22 21 -20 -11 -22 -14 -10 28 -28 -3 -13 -19 -4 -21 -32 -8 -12 -37
right_child=7 2 3 6 5 -7 34 9 25 18 35 29 15 -15 -16 16 -18 30 20 32 23 -23 -24 -25 -26 -27 27 -29 -30 -31 33 -33 -34 -35 -36 36 -38
leaf_value=-0.027295316497888175 0.0013283030591007244 0.0029200646149341427 0.0059238823368686546 -0.00088434839296828256 0.014501389820975348 -0.017708405249445967 0.014885826003017676 0.026169192452434722 -0.0098838254829672727 0.032081281448651258 -0.049304868729815855 0.031200045029570741 0.01247929166233407 0.012483629517611283 -0.041357380834916233 -0.016202709719499764 0.009645429071968456 0.0019967714456560542 -0.016886302394056422 -0.039668040003748475 0.0047638183017089542 0.015727031940457711 -0.0087380059222493516 -0.010721731208038879 -0.0003080258388115098 -0.04100343626211532 0.023032831316903216 -0.010171085750385469 -0.027915344072990955 -0.003568966946683935 -0.013919486659105983 0.035969730823843707 -0.0047379924481627334 -0.048406156288589741 0.035722597729575215 -0.025135457248874945 -0.001985217266552694
leaf_weight=1.2409864415531036 3.4739817772060624 2.9547458105953437 1.7698912472988038 2.4919525771401814 4.5566588682122511 5.9106488216784783 3.1050334498286229 3.6499411216936997 2.8910174081102005 1.6876648026518513 0.89475316181778941 1.4744561624247583 9.1264843549579364 3.4543988900259128 4.727702170610427 12.973188778618352 4.9761699116788796 1.3088443605229247 2.8024054974084747 2.8404401310253893 15.12749491032446 17.235844289971283 2.3675404984387569 10.805921548337208 67.487030553864315 2.2836804110556841 4.7680694288574141 3.4107159948325716 2.0380590722779743 1.7049671976128591 1.6625958059448751 2.2784172198735178 0.99350387521553774 1.0943592630792407 5.1267384570091963 0.82604317297227658 0.88922410196391866
leaf_count=47 40 51 46 43 50 149 29 50 47 45 36 15 106 37 66 283 76 28 168 111 565 598 158 792 847 45 70 57 48 51 37 24 125 37 56 34 26
internal_value=0 0.0032467 0.00557557 0.0117168 0.00417047 -0.00361809 0.0216411 -0.000954008 -0.00315363 0.00329191 -0.0105278 0.0010468 -0.00206245 -0.0127896 -0.0235499 -0.000712174 -0.00897711 -0.0034068 0.00164989 -0.0109448 0.00385857 0.0110272 0.00872156 -0.00169255 0.0012318 -0.0246306 0.00180538 0.00918575 -0.010061 0.0131491 -0.0198223 0.023777 -0.0313799 -0.029902 0.0284135 -0.0291969 -0.0147713
internal_weight=0 49.5072 42.4767 25.2393 14.5156 10.4673 10.7237 168.904 111.394 57.5108 7.03043 4.42041 106.219 11.6561 8.20168 94.5629 17.9494 17.2374 53.8608 7.88915 45.9717 20.0382 4.05521 25.9334 76.6135 5.1747 13.1716 8.17879 4.9928 3.17942 4.0658 4.04831 3.83394 2.75696 8.23177 2.61002 1.71527
internal_count=5093 934 725 397 269 199 128 4159 1547 2612 209 113 1455 143 106 1312 359 328 2562 439 2123 766 203 1357 953 92 226 127 99 66 102 70 236 74 85 96 60
is_linear=0
shrinkage=0.0472155


Tree=191
num_leaves=39
num_cat=0
split_feature=53 57 61 0 42 60 55 38 7 17 48 24 63 20 12 64 60 54 58 27 61 3 55 61 18 61 42 53 38 49 48 49 47 57 3 52 58 55
split_gain=0.367472 0.755373 1.87913 1.16842 1.2133 1.07429 0.846772 0.752995 0.747644 0.741015 0.685476 0.639345 0.747635 0.890121 0.690937 0.609483 0.574089 0.553082 0.535832 0.50548 1.53461 0.973126 1.51843 0.940554 0.912738 0.862447 1.00351 0.975783 0.48993 0.477287 0.443315 0.423606 0.602583 0.404226 0.312655 0.207582 0.0411136 0.0156196
threshold=10.500000000000002 1.2500000000000002 0.29296146175127069 1.5000000000000002 0.6132478632478634 0.027907580477673853 1.6500000000000001 145.00000000000003 2.5000000000000004 1.5000000000000002 1.3500000000000003 1.0000000180025095e-35 7.5000000000000009 1.0000000180025095e-35 1.5000000000000002 3.9500000000000006 0.049822695035460961 38.050000000000004 1.5000000000000002 1.0000000180025095e-35 0.099295774647887317 3.5000000000000004 0.65000000000000002 0.10056179775280898 1.5000000000000002 0.18063922356091028 0.21825396825396823 1.5000000000000002 4.5000000000000009 0.23205128205128203 0.8500000000000002 0.82085561497326209 37.95000000000001 2.2500000000000004 23.500000000000004 45.000000000000007 1.5000000000000002 0.65000000000000002
decision_type=2 2 2 2 2 2 2 2 2 2 2 2 2 2 2 2 2 2 2 2 2 2 2 2 2 2 2 2 2 2 2 2 2 2 2 2 2 2
left_child=7 2 3 4 10 9 -6 19 -9 33 -2 12 13 -7 -14 -4 -13 -11 -5 20 31 24 -23 28 -22 26 -25 -27 30 -30 -21 32 -1 -3 -20 -19 -18 -10
right_child=1 5 15 18 6 11 -8 8 37 17 -12 16 14 -15 -16 -17 36 35 34 23 21 22 -24 25 -26 27 -28 -29 29 -31 -32 -33 -34 -35 -36 -37 -38 -39
leaf_value=-0.05601236753184434 0.053202373020724239 -0.0087505369602745679 0.0058775773850947089 -0.041745311315587445 -0.028722920797953924 -0.010699346159360702 0.01862317980754433 0.054764959917575733 0.0034139277573254877 0.02975285650312785 0.021527220663512866 0.013532190343047487 0.017663097319989468 0.03210523155970179 -0.014932250580809023 -0.04102184963619207 -0.045525802705217389 -0.041119448528046047 -0.013785309403762271 0.012605738296836356 0.0049443125708542521 0.00080685567120917926 -0.026233502594494116 -0.024481633434937117 -0.012728639669470977 -0.011935678005085605 -0.0026680699942977621 0.0038349031882938724 0 0.020541802445238944 -0.028509689967180028 0.0023738945115655708 -0.01862803278194116 -0.052650209095966467 0.020679399651963904 0.0017801010487842465 -0.020329111302322456 -0.006619964465862248
leaf_weight=1.635402408777735 3.2808593135559914 0.81308171735145496 0.86716761440038626 0.60136488341959138 1.072872893069871 7.5438450421788783 2.4046825754339807 0.8961564729688678 0.45079305209219456 0.69226767652435206 3.6299181325593963 0.71424371271859799 10.491105676512232 1.0831047995015977 1.5199790850747366 1.5483488612226208 0.61302300472743798 0.37864338455256075 0.96003759931772936 0.95095304679125447 34.177438888291363 10.188651948235931 8.2273587770760042 6.4629745145794031 7.8564571837196118 10.048628223361446 16.58562982006697 60.051115159585606 3.3946125239599487 9.3420972215826605 1.047386029618792 0.77744781578076061 2.8399142541456968 1.5090318477596154 1.0312119115842504 0.38528374448651448 1.0793790440366136 0.51808970374986529
leaf_count=69 33 49 9 66 51 245 106 18 23 26 120 25 257 15 38 56 32 40 36 15 589 166 177 140 154 226 436 1071 90 229 51 38 101 157 29 19 56 35
internal_value=0 0.00394537 0.0122201 0.019372 0.0263759 -0.000828848 0.00316274 -0.000952376 0.027554 -0.0235948 0.0375989 0.00302565 0.00577744 -0.0047202 0.0133299 -0.0246759 -0.0191134 0.00247363 -0.00835158 -0.00128982 -0.00455013 -0.0023719 -0.0113719 0.000693926 0.00158669 -0.00106018 -0.008951 0.00154093 0.0117083 0.0151202 -0.00920706 -0.0286136 -0.0340225 -0.0392287 0.00399326 -0.0224962 -0.033214 -0.00157819
internal_weight=0 42.2195 15.3965 12.9809 10.3883 26.823 3.47756 175.451 1.86504 3.77831 6.91078 23.0447 20.638 8.62695 12.0111 2.41552 2.40665 1.45619 2.59261 173.586 65.7027 60.4499 18.416 107.883 42.0339 93.1483 23.0486 70.0997 14.735 12.7367 1.99834 5.25276 4.47532 2.32211 1.99125 0.763927 1.6924 0.968883
internal_count=5093 1465 506 441 310 959 157 3628 76 291 153 668 555 260 295 65 113 85 131 3552 1294 1086 343 2258 743 1873 576 1297 385 319 66 208 170 206 65 59 88 58
is_linear=0
shrinkage=0.0472155


Tree=192
num_leaves=17
num_cat=0
split_feature=41 39 60 64 60 38 57 53 57 61 60 19 7 62 57 62
split_gain=0.439822 0.294717 0.454805 0.426132 0.918387 0.356208 1.06714 0.383891 1.13469 1.48766 0.736588 0.378676 0.998539 0.564209 0.342461 0.173172
threshold=8.5500000000000025 14.500000000000002 0.12543706293706297 2.9500000000000006 0.092514783691254224 145.00000000000003 -4.2499999999999991 10.500000000000002 1.2500000000000002 0.30567033976124885 0.028708791208791152 7.5000000000000009 4.5000000000000009 2.5000000000000004 -10.499999999999998 4.5000000000000009
decision_type=2 2 2 2 2 2 2 2 2 2 2 2 2 2 2 2
left_child=1 5 3 -3 14 7 -7 11 9 -9 -10 12 -1 -13 -5 -8
right_child=-2 2 -4 4 -6 6 15 8 10 -11 -12 13 -14 -15 -16 -17
leaf_value=-0.00032236127120603209 0.022766830593275215 0.023174759726747096 0.011598852503795375 0.021582043343840153 -0.057102001892953939 0.054902782703995186 0.004454284140475208 0.02156122781492591 -0.020962474603634422 -0.02484978355243329 0.0016672802089949792 0.0084915170805965022 -0.011964811806168556 -0.00089743867620548025 -0.014393327081344866 -0.030066154829028701
leaf_weight=68.275667519134004 1.700224092521238 0.40126870572566886 1.5581812291056847 0.53315987670794118 0.99742971063824359 0.8202562602236867 0.55813513556495198 11.325988875702022 3.5718404650979236 1.6159560686210159 21.907184967771173 18.602419298840687 21.50521879812004 58.962338198616635 3.4045438973407731 0.4295137957087718
leaf_count=1348 46 4 32 17 48 6 34 321 270 40 612 358 496 1173 253 35
internal_value=0 -0.000198906 -0.00968024 -0.0161819 -0.0201927 0.000120795 0.0200378 -6.79423e-05 0.00417393 0.0154627 -0.00160131 -0.00104904 -0.00313612 0.00136005 -0.00865383 -0.0122684
internal_weight=0 214.469 6.89458 5.3364 4.93513 207.575 1.80791 205.767 38.421 12.9419 25.479 167.346 89.7809 77.5648 3.9377 0.987649
internal_count=5093 5047 354 322 318 4693 75 4618 1243 361 882 3375 1844 1531 270 69
is_linear=0
shrinkage=0.0472155


Tree=193
num_leaves=29
num_cat=0
split_feature=58 15 64 5 41 53 53 61 53 64 64 40 42 0 0 54 58 4 60 7 38 23 45 45 62 2 16 56
split_gain=0.30472 0.737345 1.05966 0.808836 0.445682 0.438727 0.705501 0.917525 0.722882 0.3904 1.50812 1.08854 1.07479 0.954762 0.793868 0.962164 0.837421 0.590119 0.957721 0.813158 0.364673 0.301692 0.341926 0.280352 0.301749 0.241969 0.177208 0.0526801
threshold=8.5000000000000018 20.500000000000004 21.650000000000002 1.0000000180025095e-35 8.5500000000000025 2.5000000000000004 9.5000000000000018 0.16537844104881383 5.5000000000000009 15.050000000000002 15.750000000000002 37.150000000000013 0.087121212121212113 3.5000000000000004 2.5000000000000004 40.850000000000001 -4.4999999999999991 1.0000000180025095e-35 0.076362383375742152 3.5000000000000004 6.5000000000000009 1.0000000180025095e-35 8.5000000000000018 35.000000000000007 2.5000000000000004 2.5000000000000004 2.5000000000000004 0.087121212121212113
decision_type=2 2 2 2 2 2 2 2 2 2 2 2 2 2 2 2 2 2 2 2 2 2 2 2 2 2 2 2
left_child=4 2 5 -3 9 -2 8 -8 -7 11 -11 17 20 -14 16 -16 -12 19 -19 -1 -13 23 -23 27 -25 -24 -5 -4
right_child=1 3 21 26 -6 6 7 -9 -10 10 14 12 13 -15 15 -17 -18 18 -20 -21 -22 22 25 24 -26 -27 -28 -29
leaf_value=0.0048205864190362336 0.015531485991173233 0.0096709316472951175 -0.0057613046554442675 -0.055505888367210494 0.024318412836598299 0.0034409116191812189 0.041693936820761404 0.0016185359957635115 -0.019712693212206037 0.03110425882388243 -0.0091077779060324531 0.02676961885384271 -0.0077459369796844344 0.0054569660239471946 -0.01568227817459757 0.030995922594867831 0.0072823221044898455 -0.00027400226774461204 0.020029910289395693 -0.022407156403823545 0.0053015054197843711 0.026644001241316086 -0.035296202581483652 0.013262829776651179 -0.025268427954775116 0.011694449305456031 -0.018461326890672078 -0.038977624668029058
leaf_weight=10.206982427276669 4.3492170288227596 0.83430559368571211 0.23064876219723363 1.0878963980940168 1.5948249282082532 5.9452110929414648 1.4675348848104466 5.9101617231499404 5.7385807428508997 3.9789617112837723 8.3695374714734481 2.5089282710105163 67.290053018368781 14.717225064523516 8.6887367081944795 0.93577692424878556 36.80200150955352 9.1293715545907634 11.595091804862021 3.0198490461334577 5.8157668197527528 0.45538399554789044 0.46293529041577131 0.63027953475830123 0.86811001133173704 0.25872595180408098 0.78303406020859245 2.2038224811840337
leaf_count=117 55 27 21 42 39 105 14 101 111 48 423 26 937 204 486 36 1373 118 118 49 77 7 67 41 106 17 29 299
internal_value=0 -0.00430023 -0.00196397 -0.02709 0.000730576 0.00230573 -0.000792217 0.0104573 -0.00799974 0.000498511 0.00366566 -0.000997123 -0.00370982 -0.00536207 0.00156876 -0.0106052 0.00420781 0.00618343 0.0111275 -0.00155907 0.0122658 -0.0210762 0 -0.0271147 -0.00898235 -0.0187341 -0.0432238 -0.036676
internal_weight=0 31.2258 28.5206 2.70524 184.653 23.4107 19.0615 7.3777 11.6838 183.058 58.775 124.283 90.332 82.0073 54.7961 9.62451 45.1715 33.9513 20.7245 13.2268 8.3247 5.10991 1.17705 3.93286 1.49839 0.721661 1.87093 2.43447
internal_count=5093 1042 944 98 4051 386 331 115 216 4012 2366 1646 1244 1141 2318 522 1796 402 236 166 103 558 91 467 147 84 71 320
is_linear=0
shrinkage=0.0472155


Tree=194
num_leaves=46
num_cat=0
split_feature=53 55 0 41 64 62 61 58 7 19 19 19 55 49 42 55 45 49 45 31 40 11 49 16 49 14 27 65 46 63 63 61 64 39 49 45 61 58 42 5 61 59 42 46 26
split_gain=0.489846 0.851476 1.56055 0.964445 0.915679 0.763857 1.14335 1.06216 0.63149 0.535818 1.00891 0.566764 0.513124 0.943085 0.831262 1.04215 1.52085 1.0704 1.03091 0.993753 0.956761 0.826217 0.816773 0.807941 0.800385 0.744034 0.724613 0.610396 0.802771 0.464954 0.549264 0.439283 0.433856 0.433772 0.421281 0.377748 0.516521 0.511836 0.365142 0.357582 0.413992 0.368592 0.339436 0.320966 0.268175
threshold=10.500000000000002 1.9500000000000002 1.5000000000000002 2.2500000000000004 7.4500000000000011 4.5000000000000009 0.24754878400461403 1.5000000000000002 15.500000000000002 5.5000000000000009 18.500000000000004 31.500000000000004 0.65000000000000002 0.11437908496732026 0.91987179487179505 1.8500000000000003 95.000000000000014 0.14835164835164832 105.00000000000001 13.500000000000002 37.150000000000013 2.5000000000000004 0.45804195804195807 2.5000000000000004 0.37980769230769235 3.5000000000000004 2.5000000000000004 8.5000000000000018 1.5000000000000002 2.5000000000000004 9.5000000000000018 0.32334567762690308 11.250000000000002 8.5000000000000018 0.44097222222222227 8.5000000000000018 0.054804804804804756 1.5000000000000002 0.67708333333333337 1.0000000180025095e-35 0.081799933087989204 -74.999999999999986 0.37980769230769235 5.5000000000000009 1.0000000180025095e-35
decision_type=2 2 2 2 2 2 2 2 2 2 2 2 2 2 2 2 2 2 2 2 2 2 2 2 2 2 2 2 2 2 2 2 2 2 2 2 2 2 2 2 2 2 2 2 2
left_child=12 2 3 5 -5 7 -7 -2 31 35 39 33 13 25 15 17 19 23 -18 -17 -19 22 24 -14 -15 27 -24 28 -1 -16 32 -4 -31 -12 -32 -3 -37 -38 -10 41 -41 -11 -6 -13 -29
right_child=1 9 8 4 42 6 -8 -9 38 10 11 43 14 21 29 16 18 20 -20 -21 -22 -23 26 -25 -26 -27 -28 44 -30 30 34 -33 -34 -35 -36 36 37 -39 -40 40 -42 -43 -44 -45 -46
leaf_value=-0.0077626511832656888 -0.044229765642157359 -0.013826302184425801 -0.047666512328255098 -0.00048079023810927674 0.062379099702974693 0.031839271565838587 -0.0087305650771901111 0.009071252171629374 -0.013147615756477018 0.019401089884331445 -0.0053185130578646111 0.0086439921031040649 0.011668099851712315 0.0055078559213257161 -0.016033391160243639 -0.0053801685079645821 0.054274291451617711 0.0011313492221244658 0.0012145454687182988 0.03417620456676055 -0.014030566225834476 -0.025679577337651336 -0.0077826288675420536 -0.023859490868081649 0.021635744974714637 0.017029485161892517 0.0081642903151414072 -0.0025468186812725091 -0.034282522930642406 0.0018937650947455586 0.022030190122237722 -0.0014849312772826711 0.031789999259781418 0.027920498729801225 -0.016408345844250535 -0.031851411113372009 0.00064221750580753609 0.022942110680733308 0.016728260050758881 0.0050152118407415566 -0.042383302995308444 -0.022685026885046592 0.027321701862129726 -0.029878682136369013 0.028348819511078566
leaf_weight=7.465349158504976 0.98992499709129544 1.8415840480010981 1.138068314990959 1.1089980378746975 1.8402474898612129 4.9374681900371797 2.0988132142811082 2.7481909020571038 1.6180934645235538 0.58304725831840176 1.3089950126595797 0.6235533624421804 8.6399012110196036 30.246981490403414 1.1439677422167713 14.563914682628821 1.8779730998212465 11.827958041918462 1.4109475808218119 1.3900056371930976 41.211611133010592 1.8467535381205369 15.91202151408652 1.525855641812085 8.8547184474300575 2.0022502483334383 10.305565860937348 1.7185773532837623 3.8797098398208618 1.6249998584389684 0.77870214299764517 0.76953544851858158 3.5490062867174856 2.0683282678364776 1.7162464497378094 0.48653932777233322 4.8860201815259625 4.2749949296703562 1.6722033965634182 0.41635225908248719 2.5019447596278042 1.0164709585951621 1.7091009430005213 1.1488644654746165 0.7621524215210228
leaf_count=109 41 56 66 12 31 88 54 59 48 17 63 17 153 450 30 433 18 213 68 26 975 57 354 38 98 35 203 77 60 24 18 14 95 59 74 59 176 172 37 38 134 74 64 86 20
internal_value=0 0.00458009 0.0113685 0.0188682 0.0365319 0.0107102 0.0197301 -0.00622575 -0.0106674 -0.00204815 -0.010168 0.00402701 -0.00110183 0.00157792 -0.00354425 -0.00502699 0.00454162 -0.00795484 0.03291 -0.00156017 -0.0106447 0.00402984 0.00494607 0.00595934 0.00925669 -0.00871663 -0.00147717 -0.0126577 -0.017271 0.0100831 0.0143322 -0.0310378 0.0228906 0.0152283 -0.00351127 0.0047789 0.00857932 0.0113528 0.00192741 -0.0260329 -0.0355108 -0.00657915 0.0477492 -0.0164352 0.00794463
internal_weight=0 41.7873 20.6306 15.4327 4.65835 10.7744 7.03628 3.73812 5.1979 21.1567 9.66756 5.14974 174.255 82.9941 91.2611 82.4482 19.2428 63.2053 3.28892 15.9539 53.0396 67.166 65.3193 10.1658 39.1017 15.828 26.2176 13.8258 11.3451 8.81292 7.66895 1.9076 5.17401 3.37732 2.49495 11.4891 9.64755 9.16102 3.2903 4.51782 2.9183 1.59952 3.54935 1.77242 2.48073
internal_count=5093 1465 514 349 107 242 142 100 165 951 488 225 3628 1463 2165 1924 545 1379 86 459 1188 1162 1105 191 548 301 557 266 169 241 211 80 119 122 92 463 407 348 85 263 172 91 95 103 97
is_linear=0
shrinkage=0.0472155


Tree=195
num_leaves=20
num_cat=0
split_feature=41 61 48 47 38 52 52 53 45 61 49 47 54 46 42 59 49 46 45
split_gain=1.39781 0.742984 2.01775 0.399799 0.293689 0.507758 0.908474 1.18424 1.16922 0.739811 0.885178 0.462179 0.854353 1.08537 0.54691 1.12463 0.931326 0.50257 0.423493
threshold=8.5500000000000025 0.38784306826178755 1.2500000000000002 37.750000000000007 45.000000000000007 25.000000000000004 45.000000000000007 2.5000000000000004 95.000000000000014 0.10551619433198377 0.2817460317460318 39.150000000000013 36.250000000000007 9.5000000000000018 0.42261904761904762 435.00000000000006 0.42261904761904762 12.500000000000002 55.000000000000007
decision_type=2 2 2 2 2 2 2 2 2 2 2 2 2 2 2 2 2 2 2
left_child=1 4 3 -3 11 9 8 -8 -7 18 -11 14 17 -14 15 -1 -16 -13 -6
right_child=-2 2 -4 -5 5 6 7 -9 -10 10 -12 12 13 -15 16 -17 -18 -19 -20
leaf_value=0.0046932648363714928 0.035574254366895708 -0.0086706391044043454 -0.044313021379013724 0.018183587045220339 0 0.0084431656238251589 -0.028478271334384912 0.0046546023905769587 0.046422821302351452 0.0022348483381545705 -0.020570981855353825 -0.013858438312217131 -0.013644288112125326 0.0037749830470799823 -0.013628923224302996 -0.031442717872649691 0.00077483810920294261 -0.056337461700179836 0.035532935025267318
leaf_weight=58.797138570080278 2.259442147507797 2.2955754153663284 2.920306013780646 2.2858163490891457 1.5186132276430755 7.1243543692980875 2.4427041369490352 29.144778060086537 2.3287242529913783 8.4205957194790226 6.6210712540196246 2.0540551173326089 13.338504402956458 19.231874052260537 13.54746196628548 1.8076126460218791 36.635818298003869 0.88790406164480362 1.3208286399603819
leaf_count=950 46 38 56 26 48 129 59 849 24 154 178 74 326 722 297 70 972 43 32
internal_value=0 -0.00040679 -0.0148291 0.00476802 0.000129443 0.00294174 0.00583352 0.00192921 0.0185404 -0.00365184 -0.00788253 -0.00100094 -0.00567552 -0.00337376 0.000498226 0.00351737 -0.00313461 -0.0293302 0.0177016
internal_weight=0 212.724 7.5017 4.58139 205.222 58.9217 41.0406 31.5875 9.45308 17.8811 15.0417 146.3 35.5123 32.5704 110.788 60.6048 50.1833 2.94196 2.83944
internal_count=5093 5047 120 64 4927 1473 1061 908 153 412 332 3454 1165 1048 2289 1020 1269 117 80
is_linear=0
shrinkage=0.0472155


Tree=196
num_leaves=22
num_cat=0
split_feature=57 39 60 64 64 65 61 61 42 61 19 60 49 18 6 61 64 40 65 41 56
split_gain=0.529575 0.414826 0.752311 0.496335 0.64384 0.541925 0.324321 0.296763 0.789796 0.890075 1.53496 0.871306 1.18839 0.799444 0.62461 0.775757 0.732103 0.519299 0.50805 0.472777 0.410702
threshold=-10.499999999999998 14.500000000000002 0.12543706293706297 2.9500000000000006 27.150000000000002 7.5000000000000009 0.23928352725045929 0.1482928240740741 0.81534090909090928 0.089087301587301507 10.500000000000002 0.015749007936507905 0.62019230769230782 3.5000000000000004 6.5000000000000009 0.15412895927601808 3.0500000000000003 37.850000000000001 1.5000000000000002 1.1500000000000001 0.93541666666666667
decision_type=2 2 2 2 2 2 2 2 2 2 2 2 2 2 2 2 2 2 2 2 2
left_child=-1 7 3 -3 6 -6 -5 8 9 13 -11 12 -10 -2 15 17 -17 -9 -16 -20 -13
right_child=1 2 -4 4 5 -7 -8 14 11 10 -12 20 -14 -15 18 16 -18 -19 19 -21 -22
leaf_value=0.02834793325784038 -0.0079256875498167813 0.022133217648994931 0.015106589594842684 -0.019620547170066293 0.042433694481182491 -0.01539557079898555 -0.055959070624830833 -0.00048435869739276279 -0.037379105655661209 0.018775319670574928 -0.005105593815497543 -0.040228418279168218 0.01813869276718881 0.021841227985854219 -0.010163988356623882 0.0085690062633076592 -0.002343009796247826 -0.043837410937816866 0.021206977291250432 -0.0016159325017539804 0.0041461467600532797
leaf_weight=1.2840695020277042 12.849627572402822 0.39141575992107291 1.5650932909338733 1.4800161472521725 0.2971349547151475 1.3537294289853887 1.2787077140528706 1.0549790416262106 1.0177644972573028 18.037578788120303 8.7994601170939841 2.1274836994707589 2.8923028474091552 2.1999159625265738 2.1627414450049391 15.146888066083191 128.87814808348776 1.4313534536049699 6.5691639833385107 2.7845327314862516 0.51215622969903041
leaf_count=31 484 4 31 49 8 217 33 22 80 380 261 151 116 69 27 159 2707 60 92 89 23
internal_value=0 -0.000194187 -0.0119019 -0.0210581 -0.0257317 -0.00156268 -0.0390183 0.000173455 0.00340244 0.00580395 0.0109388 -0.0116108 0.00254702 -0.00333085 -0.000814827 -0.00165484 -0.00118192 -0.026927 0.00968118 0.01444 -0.0316665
internal_weight=0 212.83 6.3661 4.801 4.40959 1.65086 2.75872 206.464 48.4363 41.8866 26.837 6.54971 3.91007 15.0495 158.028 146.511 144.025 2.48633 11.5164 9.3537 2.63964
internal_count=5093 5062 342 311 307 225 82 4720 1564 1194 641 370 196 553 3156 2948 2866 82 208 181 174
is_linear=0
shrinkage=0.0472155


Tree=197
num_leaves=41
num_cat=0
split_feature=61 52 45 41 38 39 54 60 54 47 39 55 61 7 56 63 49 54 56 41 53 6 19 61 49 28 60 49 6 65 40 49 47 48 54 41 1 55 3 39
split_gain=0.48353 0.87608 1.9944 1.04458 1.01556 0.83865 0.812128 0.700584 0.6796 0.796581 0.661935 0.638274 0.588488 1.2466 1.02958 0.753426 0.714074 0.698976 0.641993 0.585041 0.580779 0.57336 1.17926 0.966205 0.710381 0.827006 0.732625 0.651748 0.545655 0.539409 0.849946 0.487728 0.487643 0.479204 0.465837 0.451135 0.445336 0.431039 0.111973 0.047941
threshold=0.1482928240740741 45.000000000000007 35.000000000000007 3.5500000000000003 10.500000000000002 12.500000000000002 38.150000000000013 0.063914893617021268 38.650000000000013 39.350000000000001 8.5000000000000018 0.55000000000000016 0.17253783180352272 34.500000000000007 0.63961038961038974 9.5000000000000018 0.86190476190476206 35.350000000000001 0.20714285714285713 2.2500000000000004 13.500000000000002 3.5000000000000004 23.500000000000004 0.22528866895064079 0.41421568627450983 1.0000000180025095e-35 0.13221420643729193 0.19375000000000003 3.5000000000000004 5.5000000000000009 39.95000000000001 0.19375000000000003 37.250000000000007 1.5500000000000003 36.350000000000001 0.95000000000000007 1.5000000000000002 0.75000000000000011 1.0000000180025095e-35 9.5000000000000018
decision_type=2 2 2 2 2 2 2 2 2 2 2 2 2 2 2 2 2 2 2 2 2 2 2 2 2 2 2 2 2 2 2 2 2 2 2 2 2 2 2 2
left_child=1 2 4 7 5 11 29 8 33 -10 34 -1 13 14 18 16 -16 19 35 28 -12 22 27 -24 25 -23 -26 -19 32 -4 -31 -20 -14 -3 -6 -2 -30 -15 -21 -40
right_child=12 3 6 -5 10 -7 -8 -9 9 -11 20 -13 17 37 15 -17 -18 21 31 38 -22 24 23 -25 26 -27 -28 -29 36 30 -32 -33 -34 -35 -36 -37 -38 -39 39 -41
leaf_value=0.018311578369994173 -0.00044752643813105613 -0.015251679210732711 0.02817592166771234 0.039018773233699233 0.017418471471341075 0.038792750570656787 0.043588433264902186 0.019063385626356181 -0.048925492680747466 -0.0029271135280877769 -0.035220091698262609 -0.00060945838815558667 0.0035741436810949293 0.028398050368263334 -0.044310599668297077 0.019433311853980704 0.011514819223380345 -0.0064411644914995347 -0.006057934763776072 -0.0094920516046974306 0.0053529560769801521 0.024559308384917957 0.0046708224290920239 -0.032273527293433878 -0.0073194737355904375 0 0.024274553837949592 0.0029430639882639361 -0.039748485481475478 -0.040953640560562041 0.022513543802745888 -0.045195770446314558 -0.015210322783751253 0.0073442008096500548 -0.011102367644450908 -0.02927792502309727 -0.0030951207805566885 -0.0025508995978830869 -0.019908595369510527 -0.047352939228726722
leaf_weight=5.470183545257906 3.1226691234624031 4.7525830102967976 1.6988462994340801 0.89415002823807377 1.9926094094989801 1.6434670868329693 4.0217970232479274 1.5158558543771512 1.9748676980379962 1.4668069608160292 2.8977144793607299 13.188649687304858 11.106186119839554 1.981297587277367 0.93431389750912675 2.4914313320768997 0.81299201224464923 20.941126869118307 1.0022938670590518 0.69252453139051739 0.96564440190559242 7.7896671710768732 2.329030512017197 4.3136091877240688 8.5815939188178145 5.0333631011890247 1.8349372334778298 75.038998908654321 1.5155490845208981 0.73546428821282439 0.79962070169858634 3.5135799131239764 4.0548749425215638 3.451368686161004 2.9259100633207709 1.8560800773557273 1.4430528252851216 1.7607302707328925 0.8319863225915467 0.76060354220680892
leaf_count=98 43 139 23 43 38 27 53 35 105 86 223 549 183 30 43 49 19 385 20 16 48 99 50 111 218 93 27 1529 30 37 29 111 92 108 67 55 31 48 41 62
internal_value=0 0.00403607 0.00790543 -0.00589665 0.0022894 0.00809546 0.0297457 -0.00946863 -0.0134645 -0.0305907 -0.010957 0.0050219 -0.00124518 -0.00939023 -0.0159644 0.00318075 -0.0193163 -0.000257563 -0.0244812 -0.00832858 -0.0251263 0.00105553 -0.000458911 -0.019438 0.00772414 0.0150915 -0.00138373 0.000880872 -0.00529504 0.0109866 -0.00859518 -0.0371972 -0.00152393 -0.00571368 0.000526677 -0.0119503 -0.0232488 0.0142074 -0.0300317 -0.0367729
internal_weight=0 50.3955 36.3399 14.0556 29.0842 20.3023 7.25573 13.1615 11.6456 3.44167 8.78188 18.6588 163.742 17.4754 13.7334 4.23874 1.74731 146.267 9.49462 20.4048 3.86336 125.862 102.623 6.64264 23.2396 12.823 10.4165 95.9801 18.1197 3.23393 1.53508 4.51587 15.1611 8.20395 4.91852 4.97875 2.9586 3.74203 2.28511 1.59259
internal_count=5093 1708 1192 516 1050 674 142 473 438 191 376 647 3385 418 340 111 62 2967 229 455 271 2512 2075 161 437 192 245 1914 336 89 66 131 275 247 105 98 61 78 119 103
is_linear=0
shrinkage=0.0472155


Tree=198
num_leaves=17
num_cat=0
split_feature=38 57 57 47 39 62 16 60 57 60 31 18 39 63 56 62
split_gain=0.628913 1.30369 0.329694 0.359126 0.79582 0.86868 0.748764 0.698461 0.40871 1.02445 0.876733 0.722642 0.510554 0.752291 0.728771 0.158027
threshold=145.00000000000003 -4.2499999999999991 -10.499999999999998 35.350000000000001 11.500000000000002 2.5000000000000004 3.5000000000000004 0.067491648952323055 -3.2499999999999996 0.091139824642362713 1.5000000000000002 2.5000000000000004 8.5000000000000018 14.500000000000002 0.13809523809523808 4.5000000000000009
decision_type=2 2 2 2 2 2 2 2 2 2 2 2 2 2 2 2
left_child=2 -2 -1 4 6 -6 7 -4 9 11 -11 -5 14 -14 -10 -3
right_child=1 15 3 8 5 -7 -8 -9 12 10 -12 -13 13 -15 -16 -17
leaf_value=0.022818197622536753 0.052215963405355149 0.0020388964591419416 0.0085545417711205673 -0.022060925938652078 0.011451511676240068 -0.051199521842479473 -0.029526015817359273 -0.0092116940180450371 0.0065287420764545941 -0.0067936545737898903 0.024661463214423755 0.0063178098412718991 0.0071247574904023435 -0.01948016026155917 -0.002338579623990054 -0.030216697264231301
leaf_weight=1.1922837218735356 1.3095210177125411 0.59350996889406704 9.9097921939101159 8.4376943291281368 0.60921329859411288 1.439893834874965 1.9718402654398222 9.4800152503885311 25.879858252941631 4.4567999163991763 3.2666525691747665 2.4767578057944766 39.164661001646891 2.3432867335795882 99.47550515976036 0.47437116748187691
leaf_count=30 18 42 221 270 28 82 51 182 417 84 56 62 1205 115 2177 53
internal_value=0 0.023296 -0.000282776 -0.000436701 -0.00592562 -0.0328469 -0.0030672 -0.000103332 0.000257467 -0.00633578 0.0066802 -0.0155647 0.00100364 0.00553179 -0.000496201 -0.014007
internal_weight=0 2.3774 210.104 208.912 23.4108 2.04911 21.3616 19.3898 185.501 18.6379 7.72345 10.9145 166.863 41.5079 125.355 1.06788
internal_count=5093 113 4980 4950 564 110 454 403 4386 472 140 332 3914 1320 2594 95
is_linear=0
shrinkage=0.0472155


Tree=199
num_leaves=24
num_cat=0
split_feature=57 56 25 40 63 57 18 64 7 61 61 4 64 40 61 48 40 45 54 58 42 56 58
split_gain=0.35727 0.845799 0.69041 0.899687 0.777157 0.673575 0.641417 0.456618 0.382267 0.377962 1.50648 0.913276 1.4166 1.02096 0.682611 1.09708 0.984797 0.557904 0.94865 0.660029 0.348296 0.418023 0.277614
threshold=-4.7499999999999991 0.54195804195804198 1.0000000180025095e-35 41.850000000000001 10.500000000000002 -3.2499999999999996 3.5000000000000004 18.550000000000004 12.500000000000002 0.27669072948328272 0.27963963963963967 1.0000000180025095e-35 4.6500000000000012 37.150000000000013 0.25824574121058358 0.95000000000000007 39.95000000000001 7.5000000000000009 40.850000000000001 -2.4999999999999996 0.087121212121212113 0.17156862745098037 1.5000000000000002
decision_type=2 2 2 2 2 2 2 2 2 2 2 2 2 2 2 2 2 2 2 2 2 2 2
left_child=1 2 3 4 8 6 20 -3 -1 14 -11 12 -12 -13 17 -16 -17 19 -19 -7 -2 -22 -23
right_child=5 7 -4 -5 -6 9 -8 -9 -10 10 11 13 -14 -15 15 16 -18 18 -20 -21 21 22 -24
leaf_value=-0.040140639375027716 0.0083072597536152128 0.0085464017417076973 0.025227857133428417 0.027499991958105072 0.0071400391830974217 0.018146142944257586 0.014475303881602279 0.042122785491081761 -0.0075585729453109922 -0.046165417827372622 0.0046837900628126502 0.018532402150301119 -0.017894769158461887 -0.0015989343125370559 -0.010282862503674122 0.030591286779376753 -0.011296084176359734 -0.0026250308926115571 0.01684941995965698 0.0021084919583558943 -0.041983193151761543 -0.024675494002388443 -0.0044160904146438688
leaf_weight=2.1438124069245519 0.93406487128231486 1.9861568761989468 1.6553197007160632 1.1765157845802603 2.0843741166172549 7.2847735309042028 1.5392324693966646 1.7934213289991019 1.4615781595930455 1.5863452448102169 10.707267021760346 7.7661011016462025 14.218490764731539 18.939572689123452 3.0900911185890418 6.1071079821558669 1.4391292381042147 86.914114045648603 5.7783548253064501 25.341700419550762 1.5042060145642606 2.8401950243860483 3.3942762739025056
leaf_count=59 23 30 37 24 47 109 38 49 39 34 110 100 363 367 49 95 58 2461 263 500 55 93 90
internal_value=0 0.00775128 -0.00053828 -0.00731454 -0.0152296 -0.000484599 -0.0121919 0.0258013 -0.0280649 0.000154656 -0.00320845 -0.00172462 -0.00820499 0.00431383 0.00147828 0.012864 0.0224443 0.000490184 -0.00137458 0.00578679 -0.0171906 -0.0204656 -0.0141683
internal_weight=0 12.3012 8.5216 6.86628 5.68976 199.385 10.212 3.77958 3.60539 189.173 53.2178 51.6314 24.9258 26.7057 135.955 10.6363 7.54624 125.319 92.6925 32.6265 8.67274 7.73868 6.23447
internal_count=5093 285 206 169 145 4808 299 79 98 4509 974 940 473 467 3535 202 153 3333 2724 609 261 238 183
is_linear=0
shrinkage=0.0472155


Tree=200
num_leaves=26
num_cat=0
split_feature=57 56 57 40 25 42 63 18 45 65 64 7 39 58 41 63 41 27 62 57 62 56 47 41 14
split_gain=0.415254 0.93565 0.599894 0.572796 0.729151 0.690341 0.662398 0.552759 0.523523 0.398058 0.913381 1.17767 1.07936 0.603993 0.585339 0.585305 0.797629 0.784029 0.43907 1.02543 0.914448 0.309819 0.274537 0.283054 0.2056
threshold=-4.7499999999999991 0.54195804195804198 -3.2499999999999996 41.850000000000001 1.0000000180025095e-35 0.70294117647058829 10.500000000000002 3.5000000000000004 45.000000000000007 5.5000000000000009 9.4500000000000011 21.500000000000004 4.5000000000000009 22.500000000000004 1.0500000000000003 3.5000000000000004 0.65000000000000002 6.5000000000000009 2.5000000000000004 2.7500000000000004 3.5000000000000004 0.67708333333333337 39.750000000000007 1.2500000000000002 1.5000000000000002
decision_type=2 2 2 2 2 2 2 2 2 2 2 2 2 2 2 2 2 2 2 2 2 2 2 2 2
left_child=1 3 7 4 5 6 -1 21 -3 10 18 12 -12 15 -13 17 -17 -11 19 -4 -20 22 23 -2 -15
right_child=2 8 9 -5 -6 -7 -8 -9 -10 13 11 14 -14 24 -16 16 -18 -19 20 -21 -22 -23 -24 -25 -26
leaf_value=-0.036937907314932142 -0.0078025397814646385 0.010889362695303963 0.010082256832041489 0.024506675249822352 0.023285238009780117 0.012753672805915751 0.00099058338179142526 0.012924557541082574 0.046803667131993597 -0.010826877485855136 -0.0047212548597331191 0.019531828887524149 -0.03801005118542259 -0.033034833946053319 -0.013584144483566629 -0.0038911095674125022 0.0087654196516577954 0.017004694972354486 -0.013045142903176725 -0.020500676130328351 0.0005169105783374105 0.0038306245274968426 -0.0010177288070279339 -0.031350864668525831 0.0034507932016073118
leaf_weight=2.6542349045630527 1.8740237555466572 2.307769952807575 18.038952395785603 1.4724543275078756 1.3049247607123104 1.4637271176325155 1.5458290269598363 1.5744225566158991 1.5720841231523079 11.02382953171036 4.07474582409486 2.727934089023619 4.7460523373447359 1.2070883348351333 1.8375082169659434 14.706304288469253 43.343219027010491 2.6467885966994791 13.042202547192572 2.6457369837444267 68.132623228244483 1.3429475492448544 1.4635654567973686 4.0124578221002594 0.37670427205739532
leaf_count=74 42 42 216 33 28 36 35 38 37 479 72 37 117 134 52 459 1770 88 172 42 845 40 43 136 26
internal_value=0 0.00834891 -0.000524285 -0.000519936 -0.00636937 -0.0138057 -0.0233495 -0.0115405 0.0269933 8.23226e-05 -0.00164357 -0.0131551 -0.0230954 0.00280196 0.0060574 0.00347227 0.00554584 -0.0052448 -0.000104426 0.00600025 -0.00167751 -0.0162121 -0.019964 -0.0244025 -0.0245093
internal_weight=0 12.321 198.817 8.44117 6.96872 5.66379 4.20006 10.2674 3.87985 188.55 115.246 13.3862 8.8208 73.3039 4.56544 71.7201 58.0495 13.6706 101.86 20.6847 81.1748 8.69299 7.35005 5.88648 1.58379
internal_count=5093 285 4808 206 173 145 109 299 79 4509 1553 278 189 2956 89 2796 2229 567 1275 258 1017 261 221 178 160
is_linear=0
shrinkage=0.0472155


Tree=201
num_leaves=39
num_cat=0
split_feature=61 39 60 58 31 64 39 5 42 42 52 24 64 2 23 3 61 61 19 56 15 47 58 57 41 54 6 49 15 55 41 38 42 60 49 56 2 38
split_gain=0.419792 0.890018 1.28611 1.12245 0.939999 1.04795 0.797574 1.3173 0.661828 0.546263 0.527291 0.629238 0.499937 0.455154 0.668611 0.457738 0.765024 0.396154 1.17899 1.02809 0.744952 0.627693 0.618738 0.598643 0.591596 0.524421 0.726323 0.620652 0.389953 0.388686 0.309096 0.298399 0.276413 0.263688 0.242625 0.139433 0.0830016 0.0823612
threshold=0.1482928240740741 12.500000000000002 0.10736889692585891 8.5000000000000018 1.5000000000000002 11.750000000000002 13.500000000000002 1.0000000180025095e-35 0.91987179487179505 0.19375000000000003 105.00000000000001 1.0000000180025095e-35 8.3500000000000032 3.5000000000000004 1.0000000180025095e-35 20.500000000000004 0.090326340326340307 0.17253783180352272 21.500000000000004 0.63961038961038974 13.500000000000002 40.550000000000004 16.500000000000004 -0.74999999999999989 1.2500000000000002 34.850000000000001 3.5000000000000004 0.06904761904761901 27.500000000000004 1.4500000000000002 1.9500000000000002 4.5000000000000009 0.5590277777777779 0.034683239775461054 0.67708333333333337 0.93541666666666667 1.5000000000000002 85.000000000000014
decision_type=2 2 2 2 2 2 2 2 2 2 2 2 2 2 2 2 2 2 2 2 2 2 2 2 2 2 2 2 2 2 2 2 2 2 2 2 2 2
left_child=6 17 3 8 5 -4 10 9 12 -8 13 35 -3 15 28 16 -1 18 19 20 -2 25 31 -20 -21 26 -19 -27 -15 -17 -11 -23 -9 -32 -16 37 -34 -12
right_child=1 2 4 -5 -6 -7 7 32 -10 30 11 -13 -14 14 34 29 -18 21 23 24 -22 22 -24 -25 -26 27 -28 -29 -30 -31 33 -33 36 -35 -36 -37 -38 -39
leaf_value=-0.0067175678137017941 -0.013587343412910045 -0.053902998760330639 -0.031133590000811378 0.011189330079184075 0.028574827253329275 0.018885951906849045 0.06459682321828801 -0.035425569054258303 0.0031453658559263088 0.03553984895371122 -0.045227169316290387 0.011742044191283415 -0.023573191054275383 -0.012210048021957279 -0.049498781029203021 0.025732176073115287 0.0085258934911990186 -0.0020592378650338109 0.033184577982993305 0.02051685244920029 -0.044912810454283969 -0.040707911884028482 0.01093736578629571 -0.0020853254152263297 -0.015908091049006843 0.019295217760636994 -0.030168464635313839 0.001974058220896982 0.016296860603873965 -0.0025315822346932953 -0.030786243352381098 -0.013386692806669221 -0.0081472683407975543 0.017614278433300087 -0.0077336423007059322 -0.0039353890375749441 0.017803410372357949 -0.016535452927810466
leaf_weight=11.167752813053086 5.9136838701670076 2.5235059428960067 2.0108597343787546 1.5311545139993539 2.1123111410997808 1.4602532205171881 1.1684126062027642 0.53084156278055139 0.9611657157074659 0.81271367421140872 0.94918387674260862 1.1179423738503826 3.3516407106653787 2.0874000805779356 0.82215942669427 3.7773820671718559 20.54151740425732 13.663828983902929 1.8408240680582819 2.2657830890384498 2.4192473470466211 1.1642374270886637 1.7014783774502573 2.1839142989774691 1.4983777063316663 4.6701221463736138 2.2568987301783627 103.09942286199657 1.8484397729625923 1.3994843523250891 0.28172177579835989 4.1422657315852121 0.39175128159695305 0.37696955836145207 0.61999762221239507 0.49313019565306593 0.34541327063925564 0.78089509694837034
leaf_count=470 134 35 34 53 37 40 18 47 39 25 61 40 214 63 44 75 523 274 28 41 56 69 52 48 52 62 50 1901 39 78 37 166 40 25 30 24 24 45
internal_value=0 -0.00117118 -0.012491 -0.0240308 0.00489539 -0.0100172 0.0037936 0.0238045 -0.0320939 0.0419899 0.00198031 -0.0155698 -0.03789 0.00344146 -0.00914883 0.00532911 0.00312958 -7.75754e-05 -0.00702341 -0.014377 -0.0234948 0.000782511 -0.0127787 0.0146031 0.00579064 0.00157305 -0.00636889 0.00276072 0.00114459 0.0181378 0.0186863 -0.0206074 -0.0141079 -0.00442848 -0.034724 -0.0294279 0.00438657 -0.0353254
internal_weight=0 160.771 13.9509 8.36747 5.58342 3.47111 49.5131 3.90782 6.83631 2.63982 45.6053 3.34115 5.87515 42.2641 5.378 36.8861 31.7093 146.82 16.1218 12.0971 8.33293 130.698 7.00798 4.02474 3.76416 123.69 15.9207 107.77 3.93584 5.17687 1.47141 5.3065 1.26801 0.658691 1.44216 2.22321 0.737165 1.73008
internal_count=5093 3385 452 341 111 74 1708 216 288 105 1492 170 249 1322 176 1146 993 2933 359 283 190 2574 287 76 93 2287 324 1963 102 153 87 235 111 62 74 130 64 106
is_linear=0
shrinkage=0.0472155


Tree=202
num_leaves=31
num_cat=0
split_feature=27 63 39 63 49 4 13 45 16 60 12 60 48 57 27 54 54 49 39 62 12 5 15 45 49 47 13 56 13 42
split_gain=0.299247 0.803105 0.853554 0.81651 0.791337 0.697151 0.682403 0.533771 0.561998 0.525772 0.430733 0.457254 0.492543 0.425609 0.450625 0.858238 0.56174 0.73405 0.474081 0.471446 0.366576 0.811553 0.455545 0.353558 0.320092 0.284796 0.196316 0.154901 0.126015 0.117309
threshold=5.5000000000000009 4.5000000000000009 8.5000000000000018 6.5000000000000009 0.23205128205128203 6.5000000000000009 1.0000000180025095e-35 9.5000000000000018 1.0000000180025095e-35 0.065633600574368761 5.5000000000000009 0.082606717719311509 1.6500000000000001 -10.499999999999998 4.5000000000000009 39.350000000000001 38.850000000000001 0.23205128205128203 14.500000000000002 1.5000000000000002 2.5000000000000004 1.0000000180025095e-35 27.500000000000004 13.500000000000002 0.2817460317460318 37.550000000000004 1.5000000000000002 0.5590277777777779 4.5000000000000009 0.82575757575757591
decision_type=2 2 2 2 2 2 2 2 2 2 2 2 2 2 2 2 2 2 2 2 2 2 2 2 2 2 2 2 2 2
left_child=13 5 3 24 25 7 -6 26 9 -9 11 29 -13 -1 18 16 17 -16 20 -20 22 -22 -15 -21 -3 -5 -2 -17 -10 -4
right_child=1 2 10 4 6 -7 -8 8 28 -11 -12 12 -14 14 15 27 -18 -19 19 23 21 -23 -24 -25 -26 -27 -28 -29 -30 -31
leaf_value=0.028559560658084186 0.0056800952138171571 -0.040776882997082799 -0.052630040335896709 0.00054860328573407187 0.010560712645341246 -0.02198763104238519 -0.014156805152813099 -0.020120650733960205 0.02000194737195219 0.017603290666689624 0.002694947860872916 -0.036148289601083759 0.0066082777280356067 0.00089284154370261875 -0.017518850932137099 -0.034899613647388646 0.04083192363152064 0.017798938385248084 -0.043501205013667776 0.0026820262620153908 -0.023711318490842771 0.001313033025426513 0.027088292868508064 -0.024883834425452951 -0.010171645939109478 0.02263474093586142 -0.018975060498792485 -0.0036093300060991325 0.040891122716863883 -0.017392201552349263
leaf_weight=1.0510978398378927 1.2499091546051189 1.4104538301471685 1.640502379916142 2.134895161958414 3.3837467582779928 1.4661238575354207 8.1023571310215612 1.2461534964386376 2.8577107691671699 1.7772026776801793 0.95032745471689839 0.93116980069316957 1.1730534617672672 142.11057566356612 1.5359056887682507 0.70791629247832932 1.5077817970304748 5.50847420404898 0.81463829742278804 2.9229550023446791 4.1854519741609684 8.3826649011461978 1.3230708859628055 1.3815755879331844 1.9214953830232842 3.4653362213866785 1.2758809870574621 0.74834102194290608 1.3949394546216352 0.57247536833165202
leaf_count=24 27 32 99 38 74 37 201 40 68 34 43 41 35 3279 42 39 22 116 26 103 108 170 25 138 48 51 31 25 22 55
internal_value=0 -0.00384486 -0.0084494 -0.00394605 0.000273142 0.0065636 -0.00677048 0.0112099 0.0176186 0.00160202 -0.0250984 -0.031227 -0.0133519 0.00082826 0.000625146 0.0102577 0.0160303 0.00977087 1.23066e-05 -0.013879 0.000487332 -0.0071811 0.0011717 -0.00664777 -0.0247003 0.014599 -0.00695745 -0.0213293 0.0283457 -0.0457282
internal_weight=0 36.9537 25.6858 20.4183 17.0863 11.2679 11.4861 9.8018 7.27601 3.02336 5.26753 4.3172 2.10422 172.18 171.129 10.0084 8.55216 7.04438 161.121 5.11917 156.002 12.5681 143.434 4.30453 3.33195 5.60023 2.52579 1.45626 4.25265 2.21298
internal_count=5093 976 717 444 364 259 275 222 164 74 273 230 76 4117 4093 244 180 158 3849 267 3582 278 3304 241 80 89 58 64 90 154
is_linear=0
shrinkage=0.0472155


Tree=203
num_leaves=24
num_cat=0
split_feature=59 46 60 61 40 45 53 59 54 46 64 48 62 63 54 61 40 57 54 19 60 41 48
split_gain=0.26857 0.82528 1.52091 0.549625 0.700788 0.479884 0.523987 0.464608 0.938339 0.418534 0.334724 0.473906 0.510146 0.738355 0.383076 1.00768 0.817878 0.687708 0.469355 0.838081 0.795164 0.281294 0.0944665
threshold=-249.99999999999997 5.5000000000000009 0.11869703389830506 0.23484096877735627 37.650000000000013 15.500000000000002 3.5000000000000004 -184.99999999999997 38.95000000000001 7.5000000000000009 3.0500000000000003 2.0500000000000003 2.5000000000000004 7.5000000000000009 36.050000000000004 0.16018867924528304 38.350000000000001 2.7500000000000004 37.250000000000007 1.5000000000000002 0.11342342342342342 1.1500000000000001 3.5500000000000003
decision_type=2 2 2 2 2 2 2 2 2 2 2 2 2 2 2 2 2 2 2 2 2 2 2
left_child=1 3 5 4 -1 6 -3 8 9 -2 11 12 -9 -14 15 16 -12 -17 19 -16 -20 -7 -8
right_child=7 2 -4 -5 -6 21 22 10 -10 -11 14 -13 13 -15 18 17 -18 -19 20 -21 -22 -23 -24
leaf_value=-0.0011378978006001425 -0.010709073204293588 -0.0050677693978304506 0.012161757100084377 -0.010308373260503833 0.038107325761379561 0.010099436879411065 -0.052768536043955372 0.027883455626335544 0.040990494835842495 0.018413040931589908 -0.0069843482622509575 -0.010189930196999524 -0.01038814640536715 0.013584570704137048 0.016544446087778483 -0.0084879972623967143 0.020969664959936681 -0.037855404098277479 0.00076703370924796003 -0.00020659583876803505 -0.010115910946681695 -0.020755479654535357 -0.026133474645844999
leaf_weight=1.9797091009095305 2.5873161780182263 1.0422836837824414 3.1658199434168637 2.2133210231550038 1.8209810811094937 0.93281158467289094 2.055431625572965 2.6369150737300542 1.7118115960038265 1.6501929614460094 4.407440662034789 3.0862819489557287 4.1894994694739571 8.1286836592480523 10.182707936502995 17.344589735032063 4.5780845749832224 1.8589440642390389 93.651769755539135 18.422834099299507 17.619552810967434 1.4596244753920471 1.1977842848282305
leaf_count=40 45 24 47 41 21 22 82 30 30 29 124 45 47 92 181 396 179 88 2648 447 360 50 25
internal_value=0 -0.00586905 -0.0142091 0.00770682 0.0183525 -0.0267782 -0.0360221 0.000489805 0.0132861 0.000765823 6.51709e-05 0.0061478 0.00964104 0.00534821 -0.000589655 -0.00559457 0.00731606 -0.0116805 0.000420088 0.00579816 -0.000963635 -0.00860493 -0.0449856
internal_weight=0 15.8678 9.85376 6.01401 3.80069 6.68794 4.2955 192.057 5.94932 4.23751 186.107 18.0414 14.9551 12.3182 168.066 28.1891 8.98553 19.2035 139.877 28.6055 111.271 2.39244 3.25322
internal_count=5093 352 250 102 61 203 131 4741 104 74 4637 214 169 139 4423 787 303 484 3636 628 3008 72 107
is_linear=0
shrinkage=0.0472155


Tree=204
num_leaves=21
num_cat=0
split_feature=64 59 46 60 48 45 61 59 48 64 61 54 15 61 59 63 64 15 64 46
split_gain=0.251682 0.237523 0.747039 1.19557 0.476308 0.477055 0.463044 0.374656 0.792488 0.325792 0.438345 0.562396 0.477039 0.323962 0.656924 0.394288 0.205745 0.124371 0.129368 0.0894589
threshold=212.25000000000003 -249.99999999999997 5.5000000000000009 0.11869703389830506 3.8500000000000001 35.000000000000007 0.23484096877735627 -184.99999999999997 1.2500000000000002 3.0500000000000003 0.21070533476548511 37.850000000000001 2.5000000000000004 0.37119815668202766 75.000000000000014 3.5000000000000004 5.1500000000000012 57.000000000000007 215.55000000000004 4.5000000000000009
decision_type=2 2 2 2 2 2 2 2 2 2 2 2 2 2 2 2 2 2 2 2
left_child=1 2 6 4 5 -4 16 8 -3 10 12 -12 -9 15 -15 -11 -1 18 -2 -20
right_child=17 7 3 -5 -6 -7 -8 9 -10 13 11 -13 -14 14 -16 -17 -18 -19 19 -21
leaf_value=0.030374011238506044 0.0085335207870262334 -0.0040640279522361905 -0.040210509947192538 0.010166071641040634 0.0019757388429170299 -0.0086234870020657373 -0.0090671837506280488 0.009880638570082827 0.029906309160438856 -0.0047016369980858574 -0.0003794658404537281 0.019396059694982475 -0.018093869702423451 -5.4682581068387026e-05 -0.030624748083899402 0.0011684258785075786 0.0071308042127003384 0.01014683526137224 0.00012959921171611479 -0.037250712380510066
leaf_weight=1.4658756926655763 0.10597955281264038 3.0886126472614697 3.5963679125998151 3.068242714041844 1.1462850226089356 1.7271204090211538 2.1994452094659209 2.3429831310641047 2.739262904622592 31.661946124542737 5.5280782822519523 7.2348273023962975 2.7651809244416654 4.770770165952853 2.1905911113135517 128.17089846596355 2.271125498926267 0.1272114752791822 0.12722832383587956 0.74100438848836347
leaf_count=12 16 48 115 45 25 49 41 32 48 823 64 77 41 76 57 3112 48 6 18 340
internal_value=0 0.000129422 -0.00545856 -0.0135719 -0.0248981 -0.030681 0.00748665 0.000591341 0.0122017 0.00021022 0.00623908 0.0108913 -0.00523805 -0.00043773 -0.0102803 0 0.0173646 -0.0209009 -0.0264457 -0.0320506
internal_weight=0 205.968 15.4745 9.53802 6.46977 5.32349 5.93645 190.493 5.82788 184.665 17.8711 12.7629 5.10816 166.794 6.96136 159.833 3.737 1.10142 0.974212 0.868233
internal_count=5093 4713 335 234 189 164 101 4378 96 4282 214 141 73 4068 133 3935 60 380 374 358
is_linear=0
shrinkage=0.0472155


Tree=205
num_leaves=24
num_cat=0
split_feature=64 59 46 60 48 55 61 64 57 64 53 63 13 38 17 55 45 60 58 55 15 64 46
split_gain=0.232125 0.218581 0.611152 0.990325 0.375037 0.416576 0.363765 0.357997 0.27309 0.675277 0.516116 1.02197 0.538958 0.516029 0.507777 0.480566 0.53397 0.485467 0.424114 0.405448 0.117695 0.12617 0.0900074
threshold=212.25000000000003 -249.99999999999997 5.5000000000000009 0.11869703389830506 3.8500000000000001 0.95000000000000007 0.23484096877735627 5.8500000000000005 3.2500000000000004 5.2500000000000009 10.500000000000002 3.5000000000000004 1.5000000000000002 145.00000000000003 1.0000000180025095e-35 2.8500000000000001 135.00000000000003 0.063914893617021268 3.5000000000000004 1.6500000000000001 57.000000000000007 215.55000000000004 4.5000000000000009
decision_type=2 2 2 2 2 2 2 2 2 2 2 2 2 2 2 2 2 2 2 2 2 2 2
left_child=1 2 6 4 5 -4 7 -1 10 19 13 18 -13 14 -3 16 -11 -17 -12 -10 21 -2 -23
right_child=20 8 3 -5 -6 -7 -8 -9 9 15 11 12 -14 -15 -16 17 -18 -19 -20 -21 -22 22 -24
leaf_value=0.030904314432001524 0.0084717285939351229 -0.0030206445441168894 -0.012565659131797399 0.0090530835075342854 0.00080011716980803692 -0.040470490912649933 -0.0081816453645152439 0.0017416753287630945 0.022342964328882935 -0.022982164337992859 -0.028330391686590524 0.0071231144519756668 0.025058275032385863 0.025208954279589767 0.0025280292854944729 -0.016649615893738097 0.0063001639999308188 0.022145783903674558 0.0026193435063204839 -0.0021922163204281032 0.0097544346552918392 0.00041867976207701801 -0.036999399111421596
leaf_weight=1.6018019765615457 0.10619720249087439 73.056705436727498 2.531796314287929 3.0562868018168956 1.1626044085714964 2.7657871770206839 2.2053758699912578 2.1436058898689225 2.2893451738636967 6.8644682901795004 2.0560248799738505 16.148094029165808 4.8668165940907775 1.6240281217033032 73.627418013755232 1.092097006767289 1.6080466393614186 1.4807147086248731 1.6581303442362694 3.6686882972717285 0.12764350231736898 0.12618459365330637 0.7085704333439935
leaf_count=13 16 1547 63 45 25 101 41 47 33 310 94 463 141 46 1439 86 48 51 72 48 6 18 340
internal_value=0 0.000122966 -0.00523825 -0.0125945 -0.022902 -0.028081 0.006444 0.0152016 0.00056713 -0.00510505 0.00113283 0.0074226 0.0114799 7.22002e-05 -0.000231417 -0.0119722 -0.0173347 0.00543116 -0.0148511 0.0074985 -0.0203371 -0.0258883 -0.0316107
internal_weight=0 205.508 15.4673 9.51647 6.46019 5.29758 5.95078 3.74541 190.041 17.0034 173.037 24.7291 21.0149 148.308 146.684 11.0453 8.47251 2.57281 3.71416 5.95803 1.0686 0.940952 0.834755
internal_count=5093 4713 335 234 189 164 101 60 4378 576 3802 770 604 3032 2986 495 358 137 166 81 380 374 358
is_linear=0
shrinkage=0.0472155


Tree=206
num_leaves=12
num_cat=0
split_feature=60 56 64 61 61 62 7 6 60 52 7
split_gain=0.217734 0.389179 0.278246 0.259804 0.793043 0.562531 0.320766 0.97047 0.640015 0.614001 0.374724
threshold=-1.0000000180025095e-35 0.67708333333333337 1.9500000000000002 0.38784306826178755 0.53571428571428581 4.5000000000000009 1.0000000180025095e-35 1.0000000180025095e-35 0.19082633053221285 8.5000000000000018 3.5000000000000004
decision_type=2 2 2 2 2 2 2 2 2 2 2
left_child=1 -1 -2 6 5 -5 7 9 10 -4 -8
right_child=2 -3 3 4 -6 -7 8 -9 -10 -11 -12
leaf_value=-0.039504448880758949 0.012458396316256632 0.0048333579009686286 -0.015931810888292215 -0.0021629116151549079 0.0054836355915738773 -0.04631562433962768 0.0052303159373797512 0.023856309875468766 -0.026997401024254443 -0.0015794512010738043 1.6826370032291539e-05
leaf_weight=0.67480596050154307 3.832194270566105 0.80210241198074073 9.979180763766637 1.1475297841243439 3.3009205778362229 1.4498021649778818 41.270540197001537 2.3716204894008106 1.6174971181899298 19.703288179065567 119.9007400640694
leaf_count=64 49 28 226 31 46 38 975 38 48 473 3077
internal_value=0 -0.0170728 0.000137747 -0.000104888 -0.00972381 -0.02841 0.000191445 -0.00410864 0.00104563 -0.00649146 0.00136006
internal_weight=0 1.47691 204.573 200.741 5.89825 2.59733 194.843 32.0541 162.789 29.6825 161.171
internal_count=5093 92 5001 4952 115 69 4837 737 4100 699 4052
is_linear=0
shrinkage=0.0472155


Tree=207
num_leaves=48
num_cat=0
split_feature=55 62 56 60 48 55 54 0 40 61 53 57 61 46 57 7 25 57 46 57 52 42 61 49 60 57 38 47 60 53 31 46 52 1 13 4 23 42 18 56 61 42 42 6 46 18 42
split_gain=0.205977 0.758224 1.26499 1.46158 0.890777 0.831739 0.836608 0.680062 0.87312 0.8662 0.848505 0.786728 0.77545 0.685626 0.861254 0.759542 0.671253 0.798723 0.510312 0.464781 0.458462 1.61105 1.05072 0.980104 1.07618 0.953442 0.683304 0.85843 0.58157 0.876606 0.511974 0.482063 0.697216 1.11099 1.04395 1.00847 0.715477 0.677513 0.616811 0.552955 0.472715 0.443307 0.442672 0.320484 0.206305 0.120853 0.0907988
threshold=1.0500000000000003 7.5000000000000009 0.63961038961038974 0.031009615384615354 0.65000000000000002 1.7500000000000002 39.650000000000013 1.0000000180025095e-35 40.550000000000004 0.29816126855600544 10.500000000000002 -1.7499999999999998 0.15815528921313182 6.5000000000000009 0.75000000000000011 2.5000000000000004 1.0000000180025095e-35 1.2500000000000002 10.500000000000002 1.7500000000000002 25.000000000000004 0.32291666666666669 0.29043156059285097 0.55050505050505061 0.046198310360160012 -1.2499999999999998 25.000000000000004 38.650000000000013 0.089699381078691423 3.5000000000000004 1.0000000180025095e-35 13.500000000000002 9.5000000000000018 1.0000000180025095e-35 2.5000000000000004 3.5000000000000004 1.0000000180025095e-35 0.37980769230769235 2.5000000000000004 0.11437908496732026 0.30567033976124885 0.63068181818181823 0.53589743589743599 1.0000000180025095e-35 7.5000000000000009 1.0000000180025095e-35 0.75735294117647067
decision_type=2 2 2 2 2 2 2 2 2 2 2 2 2 2 2 2 2 2 2 2 2 2 2 2 2 2 2 2 2 2 2 2 2 2 2 2 2 2 2 2 2 2 2 2 2 2 2
left_child=20 7 4 -4 -3 18 -7 8 16 10 -10 12 44 14 -13 -15 17 -2 -6 -18 31 26 23 25 -25 -23 27 30 29 -28 -22 32 34 39 36 -35 -1 -33 -36 -34 -30 -39 -24 -14 -9 -43 -5
right_child=1 2 3 46 5 6 -8 11 9 -11 -12 13 43 15 -16 -17 19 -19 -20 -21 21 22 42 24 -26 -27 28 -29 40 -31 -32 37 33 35 38 -37 -38 41 -40 -41 -42 45 -44 -45 -46 -47 -48
leaf_value=0.00053098472066946602 0.012939428323645702 0.039037824908491801 0.022625919194599109 -0.043021150436038012 -0.033551991206575323 0.038162469812025528 -0.010167544247650814 0.021283719496628356 -0.026245189914252925 -0.048677719105090063 0.012712837877201875 -0.032948796807921323 -0.052575200239956266 -0.01541605743912559 -0.0059260579488071416 0.0044886409503470046 -0.0359910118691441 -0.0025322133820492036 0.0085487300056137795 0.0042915487046082165 -0.0090269264439181863 -0.0022426302934860235 0.043515072362068009 0.011703196016234669 -0.026748374112347328 0.02598529218042632 -0.0090528785539527139 0.0045475885547506681 -0.031622288834569801 0.020988664419234637 -0.04550836036980032 0.028017412162228968 0.0059240546655216688 0.0058151405578587227 -0.032480570211742429 -0.02696830306184473 0.01598666899477549 -0.022515575505106591 0.0060234340958135475 -0.025881912682914617 0.004017719272386317 -0.00086465075455796885 0.014593361779166611 -0.016033854802511294 -0.013861091398681627 0.020915034651193602 -0.016103938558758833
leaf_weight=34.731059181911405 16.570510838937484 3.0091913295909745 1.4076252979284611 1.4914774831268007 1.1809694508556279 2.1597257396206264 1.0923435934237202 0.60460646566934817 2.1449452990200362 1.1875783078721722 2.5121760549664032 3.6713613410247481 1.6974326402996669 5.5214572839904603 8.9046834901673702 16.913366826251149 1.3308169190422625 13.190157056378665 1.0747927422635255 1.0051732572028411 1.5966081703081756 4.0599891089368612 2.9772022394463411 3.1350107033504164 3.0073488242924213 7.2499921540729755 3.6958491629920882 2.2788654128089547 1.6434056642465287 4.7426540513988584 2.1749849539482966 2.8055505399825043 1.3298241319134847 11.360516641987486 2.8551014784025019 2.3799385419115415 8.1244075614958984 1.3211836785776543 1.2295348695479331 7.8908652184763923 1.4084995817393062 0.95064048457425077 2.4356129162479192 1.1309993627946822 0.53112018120009452 1.0244983800221232 0.82084986561676476
leaf_count=665 398 30 52 67 31 42 66 20 139 44 150 113 57 236 170 622 47 402 41 32 30 93 26 82 98 84 62 38 34 72 46 46 18 174 87 55 129 32 24 178 24 39 40 50 49 23 36
internal_value=0 -0.001706 0.0091151 -0.013331 0.0190642 0.00717159 0.02205 -0.00345275 0.00103243 -0.0154584 -0.00539712 -0.00782059 -0.027355 -0.00546531 -0.0142096 -0.000462951 0.00412297 0.00608597 -0.0140554 -0.0193091 0.00130716 0.00536161 0.0135838 0.00773863 -0.00724016 0.0159162 -0.00534816 -0.0179551 0.00140459 0.00783958 -0.0313141 -0.000847212 -0.00197605 -0.00868865 0.00131383 -8.45155e-05 0.00352917 0.0116759 -0.0209673 -0.0212011 -0.0156478 -0.00275778 0.0314817 -0.0399649 0.00469879 0.0109147 -0.0355316
internal_weight=0 89.1534 12.237 3.71995 8.51702 5.50783 3.25207 76.9164 37.9414 5.8447 4.65712 38.975 3.96416 35.0109 12.576 22.4348 32.0967 29.7607 2.25576 2.33599 116.409 40.406 22.8652 17.4523 6.14236 11.31 17.5409 6.05046 11.4904 8.4385 3.77159 76.0031 69.9012 22.9611 46.9401 13.7405 42.8555 6.10187 4.08464 9.22069 3.05191 3.29632 5.41282 2.82843 1.13573 1.97514 2.31233
internal_count=5093 2894 365 155 210 180 108 2529 1212 333 289 1317 176 1141 283 858 879 800 72 79 2199 729 423 357 180 177 306 114 192 134 76 1470 1330 425 905 229 794 140 111 196 58 94 66 107 69 62 103
is_linear=0
shrinkage=0.0472155


Tree=208
num_leaves=9
num_cat=0
split_feature=61 60 61 2 23 11 6 25
split_gain=0.364075 0.465106 0.535014 0.417532 0.292658 0.36176 0.653744 0.336271
threshold=0.60791925465838526 0.2678571428571429 0.38784306826178755 1.5000000000000002 4.5000000000000009 3.5000000000000004 5.5000000000000009 2.5000000000000004
decision_type=2 2 2 2 2 2 2 2
left_child=1 2 4 -4 5 7 -7 -1
right_child=-2 -3 3 -5 -6 6 -8 -9
leaf_value=0.00045333012575154709 -0.020543537834474278 0.020546197736190319 -0.036255599031521028 0.00070750633855930266 0.018865912270062079 -0.046094575002708409 0.0097701754529734407 -0.018458200847674675
leaf_weight=191.96918527057278 1.7301407163613465 2.2976339332526541 1.4325908001046621 1.1125804870971476 1.6856694348389272 0.84413908154237904 0.73933297768235207 1.9432653913972888
leaf_count=4781 26 31 37 31 49 41 23 74
internal_value=0 0.000193568 -5.51185e-05 -0.0208543 0.000228335 4.75931e-05 -0.0212671 0.000244003
internal_weight=0 202.024 199.727 2.54517 197.182 195.496 1.58347 193.912
internal_count=5093 5067 5036 68 4968 4919 64 4855
is_linear=0
shrinkage=0.0472155


Tree=209
num_leaves=38
num_cat=0
split_feature=38 31 64 58 55 41 52 48 47 65 64 48 49 60 54 54 64 58 64 40 64 54 56 38 61 31 65 41 63 57 3 54 17 61 52 40 31
split_gain=0.213955 0.613452 0.84964 0.521022 0.59058 0.499436 0.525241 0.674959 0.483478 0.461291 0.451607 0.666408 0.431387 0.359499 0.279576 0.624302 0.606862 0.601694 0.518007 0.498849 0.306713 0.8087 1.01862 0.925237 0.863841 0.729116 0.533083 0.9171 1.45579 0.653627 0.640306 0.550954 0.357948 0.295636 0.163381 0.117758 0.0125661
threshold=65.000000000000014 1.0000000180025095e-35 2.5500000000000003 8.5000000000000018 1.8500000000000003 0.55000000000000016 25.000000000000004 2.1500000000000008 37.850000000000001 2.5000000000000004 7.4500000000000011 2.4500000000000006 0.69615384615384623 0.034683239775461054 40.150000000000013 40.45000000000001 36.050000000000004 5.5000000000000009 3.5500000000000003 39.050000000000004 4.1500000000000012 37.850000000000001 0.54195804195804198 12.500000000000002 0.21450482033304116 1.0000000180025095e-35 2.5000000000000004 0.35000000000000003 5.5000000000000009 3.2500000000000004 14.500000000000002 37.750000000000007 1.0000000180025095e-35 0.29043156059285097 11.500000000000002 13.750000000000002 3.5000000000000004
decision_type=2 2 2 2 2 2 2 2 2 2 2 2 2 2 2 2 2 2 2 2 2 2 2 2 2 2 2 2 2 2 2 2 2 2 2 2 2
left_child=14 5 -3 9 36 -2 10 8 -8 -4 -7 -12 -11 -9 20 17 18 -16 -17 -20 21 22 23 -1 32 -26 27 -22 -29 31 -31 -28 -23 -24 -19 -18 -5
right_child=1 2 3 4 -6 6 7 13 -10 12 11 -13 -14 -15 15 16 35 34 19 -21 26 24 33 -25 25 -27 29 28 -30 30 -32 -33 -34 -35 -36 -37 -38
leaf_value=0.00012214799846206164 -0.0063274559731213509 0.038124032138445757 -0.021610485004051896 -0.048368599542828399 0.0043034734602881456 0.020166652608615162 0.010970400230802087 0.014314602931875767 0.035725797925816073 0.0055607665057319068 -0.037492645188283769 0.015006950780841398 -0.011590362720506018 -0.022362885174214146 -0.044517622917622866 -0.021865983016817189 0 0.0098396082884240725 0.019296302158859184 -0.0044035641405634398 0.0088882291873213556 -0.018552283497264975 0.0035506655637530899 -0.026534773487405676 0.0048493748444314111 0.028315728594675352 0.0042771456422414514 0.0041390163985863468 -0.031918345479011762 -0.0048499892008586768 -0.036504500138327754 -0.0028969276824831786 0.0059570604657173112 0.025232543780254919 -0.017333403501986547 -0.038139919426772952 -0.022271335900873129
leaf_weight=6.5470152106136101 3.0987200886011115 0.95765395089984195 1.9911281522363484 0.81802456034347348 1.0190839384158605 1.0153954168781631 3.3259453854989243 1.0034372707887089 4.4719449001131579 13.523356400895866 1.1206277895253149 0.77292615978512902 4.1101681130530769 1.0226755572948603 1.5427461921353818 1.3865720205940286 0.22489816183224209 0.82473022129852303 3.9149843524210155 3.6670002390164882 3.9911686275154343 2.2668339796364334 3.7725020367652169 4.9698163762222975 5.5800114721059781 6.5051156412810087 50.687305553234182 4.0857748538255674 5.9885597266256809 5.355926632648333 1.8340297298564108 44.713215293682879 2.7225570045411587 2.2128948215395212 0.78617564984597266 0.89502271974924952 0.74880854459479451
leaf_count=75 51 11 27 33 35 11 94 34 87 391 52 20 185 51 66 18 20 25 59 109 45 32 48 70 59 67 1202 55 87 254 107 1267 34 25 35 216 36
internal_value=0 0.00313613 -0.00173894 -0.00377128 -0.0229884 0.0102518 0.0143677 0.0195175 0.0257209 -0.00102555 -0.00293502 -0.0162938 0.0014521 -0.00421067 -0.000746175 -0.00727932 -0.00133729 -0.0250236 0.00290522 0.00790987 -0.0001621 0.00372741 -0.00336514 -0.0115508 0.0109955 0.0177574 -0.00132434 -0.00988536 -0.0174108 -0.000129465 -0.013688 0.00090882 -0.00530448 0.012161 -0.00345878 -0.0316117 -0.0397591
internal_weight=0 38.9999 23.1682 22.2106 2.58592 15.8317 12.733 9.824 7.79789 19.6247 2.90895 1.89355 17.6335 2.02611 164.475 13.2421 10.0885 3.15365 8.96856 7.58198 151.233 34.5767 17.5022 11.5168 17.0745 12.0851 116.656 14.0655 10.0743 102.59 7.18996 95.4005 4.98939 5.9854 1.61091 1.11992 1.56683
internal_count=5093 1118 718 707 104 400 349 266 181 603 83 72 576 85 3975 548 422 126 186 168 3427 410 218 145 192 126 3017 187 142 2830 361 2469 66 73 60 236 69
is_linear=0
shrinkage=0.0472155


Tree=210
num_leaves=19
num_cat=0
split_feature=13 7 63 13 52 27 56 38 64 31 41 25 31 39 60 1 19 57
split_gain=0.364656 0.985545 0.702794 0.4667 0.746471 0.391696 0.434431 0.277704 0.511674 0.660372 0.547045 0.400309 1.41089 0.39423 0.368199 0.881466 0.826327 0.160695
threshold=5.5000000000000009 1.5000000000000002 3.5000000000000004 4.5000000000000009 19.000000000000004 1.5000000000000002 0.33854166666666669 65.000000000000014 2.5500000000000003 1.0000000180025095e-35 0.55000000000000016 1.5000000000000002 11.500000000000002 4.5000000000000009 0.11342342342342342 3.5000000000000004 1.0000000180025095e-35 1.2500000000000002
decision_type=2 2 2 2 2 2 2 2 2 2 2 2 2 2 2 2 2 2
left_child=3 -2 -3 7 -5 -4 -7 11 -9 10 -10 14 17 -11 15 -1 -16 -13
right_child=1 2 5 4 -6 6 -8 8 9 13 -12 12 -14 -15 16 -17 -18 -19
leaf_value=0.0017619581668891315 0.042544533455104699 0.0207421844494921 0.0090112988405319661 -0.040095784833855841 0.0017292858713169475 -0.0017839517208786437 -0.043442558474471697 0.035388721584654552 -0.0080082242549490874 0.0076467423115569796 0.014515223227909758 -0.051709659588010881 0.021718295245516155 -0.0068775396898425479 0.0068993467744040363 -0.013444813636826185 -0.0099479637723360031 -0.017872269485781907
leaf_weight=112.45108224048454 1.470983376726507 2.1551734037930146 1.0785925791133197 1.5202442993177094 2.072827065072488 1.1200526714092123 1.0449180490104479 0.92793166637420554 2.8315468672662965 5.5692097041755941 12.057923439162549 1.1381941221188752 1.1736193830147383 14.847649741015628 8.9213909527752566 9.0124585715238918 22.390700551797636 0.86649908433901135
leaf_count=2874 16 39 19 39 52 36 47 12 47 88 334 45 15 561 135 267 436 31
internal_value=0 0.0105542 0.000659399 -0.000379429 -0.016836 -0.0128742 -0.0239124 -5.33612e-05 0.00365636 0.00263366 0.0101457 -0.00092255 -0.0170669 -0.00285295 -0.000563312 0.000610592 -0.00511565 -0.0399904
internal_weight=0 6.86972 5.39874 195.781 3.59307 3.24356 2.16497 192.188 36.2343 35.3063 14.8895 155.954 3.17831 20.4169 152.776 121.464 31.3121 2.00469
internal_count=5093 157 141 4936 91 102 83 4845 1042 1030 381 3803 91 649 3712 3141 571 76
is_linear=0
shrinkage=0.0472155


Tree=211
num_leaves=15
num_cat=0
split_feature=64 57 57 57 40 53 15 62 60 47 64 58 5 19
split_gain=0.219401 0.217599 0.309292 0.39325 0.450202 0.458189 0.394687 0.428127 0.333006 0.304094 0.159903 0.110945 0.0968429 0.0377516
threshold=212.25000000000003 -10.499999999999998 -6.2499999999999991 -4.7499999999999991 41.95000000000001 13.500000000000002 12.500000000000002 4.5000000000000009 0.095945205479452067 43.45000000000001 9.6500000000000004 -3.4999999999999996 1.0000000180025095e-35 40.000000000000007
decision_type=2 2 2 2 2 2 2 2 2 2 2 2 2 2
left_child=1 -1 8 6 9 -6 7 -4 -3 -5 -8 12 -2 -13
right_child=11 2 3 4 5 -7 10 -9 -10 -11 -12 13 -14 -15
leaf_value=0.018815650731090833 0.013181955825703915 -0.030177206068270301 -0.00048058768001795323 0.00037371640928405913 -0.019086912226710176 0.0092826528191971951 -0.022070178532450319 0.024737364140470838 0.0042700727677364349 -0.021245304580734727 0.0033739854897665246 -0.033739864990846295 -0.020945643126963332 0
leaf_weight=1.2033880453091104 0.29217094290652312 1.3663790726568543 2.2437297594151442 181.1433223632921 4.9908184506348325 1.5296721795457413 0.7908919546753167 4.0389917769934982 0.93844894878566254 1.2865631175227452 1.1091661220416424 0.54324270715005585 0.13199775357497856 0.062512503936886787
leaf_count=29 48 52 47 4069 250 70 14 67 20 50 45 262 47 23
internal_value=0 0.00012053 -5.43636e-06 0.0001996 -0.000240159 -0.0122663 0.0102239 0.0158623 -0.0165793 0.00019749 -0.00787377 -0.0200871 0 -0.0306505
internal_weight=0 200.641 199.438 197.133 188.95 6.52049 8.18278 6.28272 2.30483 182.43 1.90006 1.02992 0.424169 0.605755
internal_count=5093 4713 4684 4612 4439 320 173 114 72 4119 59 380 95 285
is_linear=0
shrinkage=0.0472155


Tree=212
num_leaves=20
num_cat=0
split_feature=64 38 57 40 40 64 7 40 38 57 52 64 42 18 38 61 15 64 46
split_gain=0.208212 0.193347 0.714355 0.219815 0.854662 0.60818 0.594339 1.24558 0.485277 0.6772 0.64139 0.715208 0.619286 0.48896 0.471495 0.133519 0.103885 0.112936 0.0951786
threshold=212.25000000000003 145.00000000000003 -4.2499999999999991 37.850000000000001 37.95000000000001 5.7500000000000009 1.0000000180025095e-35 38.350000000000001 55.000000000000007 -3.2499999999999996 45.000000000000007 8.8500000000000032 0.18465909090909091 2.5000000000000004 85.000000000000014 0.24887883358471594 57.000000000000007 215.55000000000004 4.5000000000000009
decision_type=2 2 2 2 2 2 2 2 2 2 2 2 2 2 2 2 2 2 2
left_child=1 3 -3 8 5 -5 7 -6 10 -10 13 -12 -11 -1 -8 -4 17 -2 -19
right_child=16 2 15 4 6 -7 14 -9 9 12 11 -13 -14 -15 -16 -17 -18 18 -20
leaf_value=-0.00037141084620199093 0.0079032429377900847 0.038417427873359208 -0.027659248885184725 -0.00056911295056133839 -0.039805133601597237 -0.039862160427199075 0.0019034361620582578 -0.003492881980267835 -0.019700901475054915 -0.016638344160800157 -0.0008861707140999771 -0.027723975930382644 0.014075646349951416 0.011496661588733163 -0.0090453705104782955 0.0028776187813880608 0.0086859110658852809 0.0017551105050990115 -0.036542697293391407
leaf_weight=38.497972116048913 0.099125093285691745 1.0542625477537515 0.48344427003757928 1.5491030476987355 2.2674969828221974 1.9776982236653564 91.198627226549434 16.062286206521094 1.5547637285199041 1.4471389208920324 5.7111247349530441 3.5076291079167277 15.675713604432529 9.4791195308789593 9.5139974817866442 0.49633219977840781 0.12512603681534529 0.11824125668499619 0.66092011863656808
leaf_count=714 16 17 49 18 48 55 2308 410 52 28 76 143 293 143 342 17 6 18 340
internal_value=0 0.00011622 0.0140083 -3.51387e-05 -0.00127413 -0.0236209 -0.000572941 -0.0083539 0.0019562 0.00852649 -0.000197559 -0.0114928 0.0113004 0.00199328 0.000848828 -0.0135387 -0.0197883 -0.0252281 -0.0307974
internal_weight=0 200.477 2.03404 198.443 122.569 3.5268 119.042 18.3298 75.8735 18.6776 57.1958 9.21875 17.1229 47.9771 100.713 0.979776 1.00341 0.878286 0.779161
internal_count=5093 4713 83 4630 3181 73 3108 458 1449 373 1076 219 321 857 2650 66 380 374 358
is_linear=0
shrinkage=0.0472155


Tree=213
num_leaves=19
num_cat=0
split_feature=57 58 39 59 47 14 30 60 11 64 19 64 49 64 12 6 65 61
split_gain=0.208779 0.263306 0.228944 0.403964 0.472495 0.352215 0.263216 0.221435 0.250633 0.208056 0.177659 0.174035 0.379311 0.753086 0.520893 0.303403 0.569545 0.546667
threshold=-10.499999999999998 26.500000000000004 14.500000000000002 75.000000000000014 42.250000000000007 1.0000000180025095e-35 1.0000000180025095e-35 0.10876959479443947 1.0000000180025095e-35 29.150000000000002 4.5000000000000009 3.9500000000000006 0.20714285714285713 3.0500000000000003 2.5000000000000004 5.5000000000000009 7.5000000000000009 0.36406117247238745
decision_type=2 2 2 2 2 2 2 2 2 2 2 2 2 2 2 2 2 2
left_child=-1 2 11 4 9 6 -5 8 -3 -4 -7 12 13 -2 -14 17 -17 -13
right_child=1 7 3 5 -6 10 -8 -9 -10 -11 -12 15 14 -15 -16 16 -18 -19
leaf_value=0.018167882632236176 0.0063744525341822098 -0.039347193106031506 -0.047711950328922878 -0.025091782542361971 0.011413741631388764 0.036097773161851456 0.0091916705868196908 0.0013090110908786385 0 -0.011203447820235538 0.00058918729475179537 -0.00038254773157706012 0.0096747910631701049 -0.01793939077089297 -0.01147734463798498 -0.0010022439206337959 0.017588280653951821 -0.014913219559831692
leaf_weight=1.225221600383519 6.7723064478486759 0.88401346988393859 1.0025667618028813 1.0000521130277777 0.54500055708922435 0.56721512234071247 0.70891496579861257 1.0335263754241166 0.54777411738177761 0.76699628611095239 0.62090610881568864 136.58389437993173 19.725081830751154 4.6169104985892773 2.8080153958871952 9.6780876778066141 5.6718087332556015 5.8588053132989435
leaf_count=31 81 77 42 68 16 22 29 23 30 109 42 3674 230 60 37 167 224 131
internal_value=0 -0.000127475 6.7783e-05 -0.00952828 -0.0235065 0.00213186 -0.0109944 -0.0149399 -0.0259363 -0.0346532 0.0204741 0.00034047 0.00340103 -0.00354822 0.00694224 -0.000316436 0.00594619 -0.00100231
internal_weight=0 199.392 196.927 5.21165 2.31456 2.89709 1.70897 2.46531 1.43179 1.76956 1.18812 191.715 33.9223 11.3892 22.5331 157.793 15.3499 142.443
internal_count=5093 5062 4932 328 167 161 97 130 107 151 64 4604 408 141 267 4196 391 3805
is_linear=0
shrinkage=0.0472155


Tree=214
num_leaves=33
num_cat=0
split_feature=47 3 15 65 61 63 56 41 59 52 48 58 40 38 12 47 54 61 14 48 48 15 58 15 42 3 52 38 59 60 42 38
split_gain=0.17777 0.415944 0.50924 0.583705 0.544994 0.521471 0.451841 0.361717 0.313534 0.292834 0.759644 0.57066 0.552844 0.456624 0.727689 0.712393 0.545482 0.455461 0.437443 0.430486 0.414207 1.98748 0.384904 0.37933 0.390241 0.300802 0.268837 0.576449 0.262872 0.436157 0.242899 0.173294
threshold=35.350000000000001 1.5000000000000002 7.5000000000000009 6.5000000000000009 0.18212530712530714 9.5000000000000018 0.81534090909090928 0.55000000000000016 250.00000000000003 2.5000000000000004 1.0500000000000003 -4.4999999999999991 38.850000000000001 4.5000000000000009 7.5000000000000009 36.250000000000007 38.650000000000013 0.081799933087989204 6.5000000000000009 0.55000000000000016 0.75000000000000011 11.500000000000002 22.500000000000004 8.5000000000000018 0.39444444444444454 14.500000000000002 7.5000000000000009 3.5000000000000004 75.000000000000014 0.063914893617021268 0.54195804195804198 45.000000000000007
decision_type=2 2 2 2 2 2 2 2 2 2 2 2 2 2 2 2 2 2 2 2 2 2 2 2 2 2 2 2 2 2 2 2
left_child=1 28 4 26 5 -3 -5 -6 -9 10 23 30 25 14 15 -11 -17 -14 20 -20 21 -15 -22 24 -2 -13 27 -4 29 -1 -12 -21
right_child=9 2 3 6 7 -7 -8 8 -10 13 11 12 17 18 -16 16 -18 -19 19 31 22 -23 -24 -25 -26 -27 -28 -29 -30 -31 -32 -33
leaf_value=0.013237840946512008 0.031636318319860357 -0.028470975408377255 0.014959158210200437 -0.04106445696593488 -0.053019088185629532 0.01348695471603535 0.013661737009460245 -0.031759400705487391 0.0025985649789791879 0.023594805138592027 -0.047243315986383955 -0.031160573140382324 0.036167851134129028 -0.011156750755895416 0.031985337994208787 -0.017663633871126988 -0.001891107844179357 0.0028849004500220406 0.0048186553878442591 -0.039764716846127451 0.003515827282453934 0.009685379908770244 -0.016064959582561305 0.0012732135627035977 0.0062367383344381962 0.0019443521438145006 0.011833792550458449 -0.020165174280832816 0.016605685157969889 -0.015137811621926732 -0.0074916812758296309 -0.0071926214697271666
leaf_weight=2.1154827149584916 3.7218818813562411 0.87515062134480048 1.6522174933925255 1.0873010065988635 1.06143996398896 1.5958745683310551 0.33953338727587823 1.2277770966757091 0.92591985256876785 1.2851902133552418 0.64452588162384905 1.230272769229485 1.0019619758240876 24.698357795947231 0.87317105557303776 10.80812828752096 9.0731767471152107 4.5633955928497016 1.2297548074275249 1.1689478084444997 90.901114139822312 17.100084698409773 2.1130045094178049 2.8461873806081712 2.3295328598469496 0.98799275700002898 4.1021273164078593 2.2386109540238976 2.6478321391623467 2.369918460259214 0.8053744905628264 0.69953333330340672
leaf_count=45 36 53 18 107 21 40 16 48 30 24 27 41 25 436 13 336 367 113 20 47 2456 275 126 44 36 25 57 49 56 42 33 31
internal_value=0 -0.00396308 -0.00838613 -0.00148378 -0.0193245 -0.00202911 -0.0275682 -0.0316353 -0.0176255 0.000498324 0.00615591 -0.00326374 0.00192962 -0.00014498 -0.00643105 -0.00829547 -0.0105771 0.00990984 0.000861799 -0.016181 0.00127874 -0.00260983 0.00303473 0.0158768 0.0224127 -0.017082 0.00358444 -0.00508891 0.00529157 -0.0016215 -0.0287462 -0.0295473
internal_weight=0 22.2392 15.106 9.41979 5.68616 2.47103 1.42683 3.21514 2.1537 178.082 18.1311 9.23352 7.78362 159.95 22.0397 21.1665 19.8813 5.56536 137.911 3.09824 134.813 41.7984 93.0141 8.8976 6.05141 2.21827 7.99296 3.89083 7.13323 4.4854 1.4499 1.86848
internal_count=5093 582 439 247 192 93 123 99 78 4511 380 264 204 4131 740 727 703 138 3391 98 3293 711 2582 116 72 66 124 67 143 87 60 78
is_linear=0
shrinkage=0.0472155


Tree=215
num_leaves=17
num_cat=0
split_feature=57 58 15 15 39 59 47 64 14 60 54 47 57 56 40 56
split_gain=0.25788 0.224466 0.351275 0.288897 0.236248 0.354227 0.430956 0.305309 0.502791 0.234508 0.215749 0.192751 0.192804 0.589228 0.353315 0.173056
threshold=-10.499999999999998 22.500000000000004 5.5000000000000009 12.500000000000002 14.500000000000002 75.000000000000014 42.250000000000007 2.9500000000000006 1.0000000180025095e-35 0.07029898690387941 34.550000000000004 43.350000000000001 -4.7499999999999991 0.54195804195804198 41.95000000000001 0.37980769230769235
decision_type=2 2 2 2 2 2 2 2 2 2 2 2 2 2 2 2
left_child=-1 4 9 -4 11 6 10 -7 -9 -3 -6 12 13 -2 -14 -13
right_child=1 2 3 -5 5 7 -8 8 -10 -11 -12 15 14 -15 -16 -17
leaf_value=0.019989308613512839 -0.00076396842120961793 -0.035724276982914839 0.017395189233480931 -0.015133881223437106 0 0.034154548420110342 0.010494793520143916 -0.024086802203607701 0.016320487091018149 -0.0066621040428244136 -0.040933427299930943 -0.033009463425442184 0.00058031581886678707 0.027559134843978796 -0.011648435951661505 -0.00027864626145365101
leaf_weight=1.2534314421936859 5.2418989590951233 1.1586283480573905 1.2733945224026686 0.86804492166265834 0.32550999708473627 0.35640399158000979 0.54228253837209184 1.2769077040720733 1.1225895753887014 1.4693682937067931 1.4047338853997642 0.55177371361059957 174.22310259759251 2.1734705828130245 5.2541574458591631 0.80067295959452167
leaf_count=31 124 88 45 39 35 4 16 90 64 53 116 31 4003 32 289 33
internal_value=0 -0.000144055 -0.0100792 0.00378299 0.000106673 -0.00981323 -0.0229068 0.00148641 -0.00510702 -0.0211365 -0.0337172 0.000383957 0.000523353 0.00789655 0.000207721 -0.0163081
internal_weight=0 198.043 4.76944 2.14144 193.274 5.02843 2.27253 2.7559 2.3995 2.628 1.73024 188.245 186.893 7.41537 179.477 1.35245
internal_count=5093 5062 225 84 4837 325 167 158 154 141 151 4512 4448 156 4292 64
is_linear=0
shrinkage=0.0472155


Tree=216
num_leaves=19
num_cat=0
split_feature=57 58 38 39 48 24 14 63 52 53 42 3 62 61 42 62 60 11
split_gain=0.229456 0.2139 0.200209 0.512715 0.602849 0.508025 0.751677 0.540129 0.488517 0.729325 0.987094 0.855406 0.416606 0.832567 0.635494 0.314165 0.181014 0.22613
threshold=-10.499999999999998 26.500000000000004 45.000000000000007 12.500000000000002 4.0500000000000007 1.0000000180025095e-35 2.5000000000000004 3.5000000000000004 45.000000000000007 2.5000000000000004 0.32291666666666669 17.500000000000004 4.5000000000000009 0.23928352725045929 0.4330357142857143 4.5000000000000009 0.10876959479443947 1.0000000180025095e-35
decision_type=2 2 2 2 2 2 2 2 2 2 2 2 2 2 2 2 2 2
left_child=-1 2 8 5 15 7 -7 -4 12 10 -10 -11 14 -14 -2 -5 17 -3
right_child=1 16 3 4 -6 6 -8 -9 9 11 -12 -13 13 -15 -16 -17 -18 -19
leaf_value=0.018524460951203144 0.0019605148651920088 -0.037408171490294621 -0.0055918515090091839 -0.0066849685703686511 0.027770031965273036 -0.018488675824320851 0.0071829924227405466 0.008462541185035314 -0.014226061388017255 -0.021358689047479409 0.028226535064145415 0.0015673354600724838 0.0072165295785254152 -0.0035769468874350483 -0.0082377411718846747 -0.034446159049174987 0.0009213556265165202 0
leaf_weight=1.3045437652617682 28.73598945926642 0.81613972983905048 7.2011367739178231 2.2058237447927236 0.53648974664974947 4.9552634395076876 4.856541998044122 34.706456148531288 2.1279625711031285 9.4285293353314028 2.4275117192883044 5.7141927441989528 38.349834868044127 26.935694489395246 25.504801722592674 1.6208943492965771 1.0180747342528773 0.53469313844107091
leaf_count=31 614 77 190 125 24 157 120 716 37 291 29 132 1019 564 780 134 23 30
internal_value=0 -0.000138532 3.53155e-05 0.00241595 -0.0127846 0.00374958 -0.00581406 0.00601894 -0.000920845 -0.0077765 0.00846668 -0.0127462 0.000213299 0.00275579 -0.00283404 -0.0195978 -0.0137419 -0.0240548
internal_weight=0 197.676 195.307 56.0826 4.36321 51.7194 9.81181 41.9076 139.225 19.6982 4.55547 15.1427 119.526 65.2855 54.2408 3.82672 2.36891 1.35083
internal_count=5093 5062 4932 1466 283 1183 277 906 3466 489 66 423 2977 1583 1394 259 130 107
is_linear=0
shrinkage=0.0472155


Tree=217
num_leaves=31
num_cat=0
split_feature=57 56 25 41 59 61 40 57 56 64 49 62 42 1 59 0 60 14 39 65 0 63 56 61 54 63 57 40 14 61
split_gain=0.237409 0.751745 0.557456 0.695424 0.794891 0.507525 0.419535 0.418852 0.423633 0.353497 0.338136 0.320448 0.309249 0.350296 0.279508 0.833148 0.529007 0.662998 0.434807 0.690368 0.335989 0.886952 1.98878 0.770306 0.753893 0.647336 0.528146 0.174004 0.169384 0.106328
threshold=-4.7499999999999991 0.54195804195804198 1.0000000180025095e-35 4.1500000000000012 250.00000000000003 0.17344352617079889 41.95000000000001 -1.0000000180025095e-35 0.91287878787878796 8.3500000000000032 0.18465909090909091 7.5000000000000009 0.21825396825396823 3.5000000000000004 350.00000000000006 1.0000000180025095e-35 0.11692109060530106 1.5000000000000002 7.5000000000000009 5.5000000000000009 1.0000000180025095e-35 12.500000000000002 0.46862745098039221 0.089087301587301507 37.150000000000013 14.500000000000002 1.2500000000000002 39.95000000000001 1.0000000180025095e-35 0.093541666666666662
decision_type=2 2 2 2 2 2 2 2 2 2 2 2 2 2 2 2 2 2 2 2 2 2 2 2 2 2 2 2 2 2
left_child=1 2 3 4 5 -1 14 8 10 -3 -8 12 -9 -14 20 18 17 -17 19 -16 21 23 -23 -2 26 -26 -22 -11 -20 -12
right_child=6 9 -4 -5 -6 -7 7 11 -10 27 29 -13 13 -15 15 16 -18 -19 28 -21 24 22 -24 -25 25 -27 -28 -29 -30 -31
leaf_value=-0.0022967478864907181 -0.011454688595568233 0.0016992309954551442 0.022594415870096005 0.01913807896553401 0.013309813869792155 -0.039780590159363298 -0.0049968609829447079 0.0110482240328111 0.010944010141649359 0.015908061704542079 -0.0095466626802222145 0.026133128609117401 -0.029371222246934545 0.013079609025251904 -0.028075235594475074 0.022869423973717821 -0.026768458030100455 -0.0138619666868358 -0.042332123786787065 0.014842300921164722 0.0081524516482952107 0.0041840105439816255 -0.032525935201945029 0.0066874420496376092 -0.0061180027676153142 0.010744729962020187 -0.0059961027936903813 0.045594564703874969 -0.006606500089907031 -0.04969668933556267
leaf_weight=1.2711818472016587 5.5354006793932049 1.1975192036479714 1.4991604799870399 1.4490441562375052 1.3317548133200032 2.3494225185131654 0.80899438308551985 1.0836270205327307 0.50252649703179475 1.1752057169796901 0.31731732509797428 0.60717785856104445 1.4381126213120294 0.45296120381681237 1.574019805528222 3.3102799628395587 0.78407180192880321 1.4352360983903052 1.7237796863191763 1.4255600573669651 22.789046662481272 10.070148602826519 4.671625301387393 59.434807285579154 54.406782587466296 5.4106487904355154 7.7112979549565344 1.2592853781534357 0.49052349315024901 1.3159939534962175
leaf_count=36 231 18 37 32 34 67 40 39 16 36 25 24 133 14 33 109 23 74 116 77 490 184 184 1190 1371 127 196 25 16 96
internal_value=0 0.00652296 -0.00167025 -0.00790132 -0.0163223 -0.0275034 -0.000407352 -0.0120078 -0.024664 0.0237725 -0.0324796 -0.000766149 -0.00760918 -0.0186435 1.9114e-05 -0.00730034 0.00533221 0.011531 -0.0205558 -0.00778112 0.000492431 0.00272639 -0.00765109 0.0051052 -0.00147351 -0.00455504 0.00454044 0.0335402 -0.0357524 -0.0439331
internal_weight=0 11.5326 7.90056 6.4014 4.95236 3.6206 187.3 6.52671 2.94483 3.63201 2.44231 3.58188 2.9747 1.89107 180.773 10.7435 5.52959 4.74552 5.21388 2.99958 170.03 79.712 14.7418 64.9702 90.3178 59.8174 30.5003 2.43449 2.2143 1.63331
internal_count=5093 285 206 169 137 103 4808 387 177 79 161 210 186 147 4421 448 206 183 242 110 3973 1789 368 1421 2184 1498 686 61 132 121
is_linear=0
shrinkage=0.0472155


Tree=218
num_leaves=11
num_cat=0
split_feature=57 58 47 61 61 2 23 57 55 31
split_gain=0.511144 0.204446 0.3193 0.213457 0.386391 0.333302 0.238842 0.252719 0.157198 0.236087
threshold=-13.499999999999998 24.500000000000004 42.250000000000007 0.53571428571428581 0.38784306826178755 1.5000000000000002 4.5000000000000009 -1.0000000180025095e-35 2.8500000000000001 1.0000000180025095e-35
decision_type=2 2 2 2 2 2 2 2 2 2
left_child=-1 3 8 4 6 -6 7 -2 9 -3
right_child=1 2 -4 -5 5 -7 -8 -9 -10 -11
leaf_value=0.029119986253315307 -0.0020984187987098876 -0.0081266244788397082 0.012130979589708261 0.011515258585006885 -0.032457937074042653 0.00098426623326251751 0.017270065942553012 0.0014108329329041176 0 -0.04272701924318064
leaf_weight=1.1596834070514876 80.920223968249047 1.0737443430698475 0.81985661550424982 3.3546605950104995 1.3537616061512374 1.0930008909781461 1.6031074544880528 104.72135184568469 0.72796276950975869 0.823600050411187
leaf_count=25 2063 45 19 48 36 32 48 2671 43 63
internal_value=0 -0.000197631 -0.0113144 7.48649e-06 -0.00020305 -0.0182039 4.55038e-05 -0.000115888 -0.0191677 -0.0257984
internal_weight=0 196.491 3.44516 193.046 189.691 2.44676 187.245 185.642 2.62531 1.89734
internal_count=5093 5068 170 4898 4850 68 4782 4734 151 108
is_linear=0
shrinkage=0.0472155


Tree=219
num_leaves=19
num_cat=0
split_feature=57 58 6 19 40 40 64 45 47 41 6 15 38 46 55 40 64 63
split_gain=0.566486 0.214894 0.207409 0.532235 0.174389 0.525979 0.734503 0.512318 0.429195 0.402961 0.509993 0.503118 0.473985 0.424268 0.397066 0.337181 0.315841 0.0888452
threshold=-13.499999999999998 26.500000000000004 1.0000000180025095e-35 10.500000000000002 37.850000000000001 37.95000000000001 5.7500000000000009 1.0000000180025095e-35 13.450000000000001 1.3500000000000003 1.0000000180025095e-35 2.5000000000000004 75.000000000000014 3.5000000000000004 2.9500000000000006 37.45000000000001 10.050000000000002 8.5000000000000018
decision_type=2 2 2 2 2 2 2 2 2 2 2 2 2 2 2 2 2 2
left_child=-1 4 17 -4 9 6 -6 16 -9 12 11 -11 15 -14 -12 -2 -7 -3
right_child=1 2 3 -5 5 7 -8 8 -10 10 14 -13 13 -15 -16 -17 -18 -19
leaf_value=0.029046591031472998 -0.00076843665426137137 -0.038123683858357113 0.026506608628352555 -0.028317837646757577 0.007013153092733173 -0.03714674296709633 -0.037913651412063896 0.024756973477412639 -0.0004772044975264281 0.013643221891546127 -0.024588956709743995 -0.0096239477889174339 0.02889747242523585 0.006369258114789317 0.0076333011737558304 0.0076201769644408035 -0.0041235702992079674 -0.0074993876938320297
leaf_weight=1.3105472142342467 38.098696460627252 0.58820493472739988 0.64000048642628804 0.59046127024339512 1.2562758363783353 1.1751966625452035 1.8104774863459168 1.3475877641467366 112.51580204597849 3.7817206141771731 3.7603701814950909 4.1617355214548297 2.557235758751629 6.6884643114753999 0.96315868519013736 14.598884423263369 1.4286233029561115 0.52493238166789524
leaf_count=25 694 37 24 39 15 21 56 26 3221 88 165 145 31 150 31 218 77 30
internal_value=0 -0.000219419 -0.0139231 0 -3.82742e-05 -0.00115896 -0.0199253 -0.000630109 -0.000135341 0.00174705 -0.00585474 0.00142877 0.00332409 0.0130901 -0.0178486 0.00156078 -0.0206619 -0.0271654
internal_weight=0 196.488 2.3436 1.23046 194.144 119.534 3.06675 116.467 113.863 74.6103 12.667 7.94346 61.9433 9.2457 4.72353 52.6976 2.60382 1.11314
internal_count=5093 5068 130 63 4938 3416 71 3345 3247 1522 429 233 1093 181 196 912 98 67
is_linear=0
shrinkage=0.0472155


Tree=220
num_leaves=29
num_cat=0
split_feature=57 47 17 56 18 42 64 38 19 47 52 53 42 65 54 15 40 2 47 29 4 46 45 3 60 15 61 64
split_gain=0.633738 0.226973 0.847919 0.941794 0.813034 0.767787 0.734199 0.639154 0.617987 0.67204 0.585574 0.562105 0.534698 0.329902 0.308862 0.572597 0.790482 0.856986 0.576119 0.37405 0.835277 1.2538 0.707258 0.345186 1.05192 0.576082 0.259452 0.0163411
threshold=-13.499999999999998 39.150000000000013 1.0000000180025095e-35 0.06904761904761901 1.0000000180025095e-35 0.5590277777777779 3.6500000000000008 3.5000000000000004 21.500000000000004 40.250000000000007 5.5000000000000009 13.500000000000002 0.46770833333333339 4.5000000000000009 39.250000000000007 29.500000000000004 38.250000000000007 1.5000000000000002 38.45000000000001 1.0000000180025095e-35 1.0000000180025095e-35 7.5000000000000009 13.500000000000002 3.5000000000000004 0.057771773680864509 7.5000000000000009 0.17405329593267879 33.850000000000001
decision_type=2 2 2 2 2 2 2 2 2 2 2 2 2 2 2 2 2 2 2 2 2 2 2 2 2 2 2 2
left_child=-1 14 3 10 6 7 -5 26 9 -7 13 -6 -9 -3 19 16 18 -18 -16 23 21 -21 -22 24 -2 -25 -4 -10
right_child=1 2 5 4 11 8 -8 12 27 -11 -12 -13 -14 -15 15 -17 17 -19 -20 20 22 -23 -24 25 -26 -27 -28 -29
leaf_value=0.029616443073225644 0.01631723532517346 0.012403941188230783 0.0046685362150743637 -0.023550141652691366 -0.03078068685267242 0.0076065744868111318 0.0020924336389802661 0.0089307817211618703 -0.04758227168605926 -0.031730494561410756 -0.05944965101487127 0.010750929815231772 0.036066694255276519 -0.031207549698552637 0.00022030266903235875 -0.033084030517661241 -0.020379812470998796 0.011660928069473862 0.028825440709201917 -0.050551268637650318 0.0069773670525188052 0.0038676302834416264 -0.0093952472621288505 -0.0052880212528249714 -0.00052185809053227898 0.003875608498561646 -0.02533439558945328 -0.017011620164158157
leaf_weight=1.4226629354525346 14.317716874065807 0.58697836473584464 0.97163410548819884 2.7277270285412731 3.7634494405647265 3.5336622342292676 17.176921983074863 12.348193849175003 0.6636976385489104 1.1326018651307093 1.0828916756436227 0.7716755095461848 1.7641633320017707 0.6212590619106777 5.3753810738562668 1.3249636355321843 6.6748627568886132 2.3963854539324529 2.0710725026438013 1.7607725705020159 13.340533580107151 1.7571174284676088 10.236733421828829 22.522597996925469 19.071783667081036 46.599767140462063 1.3579895362781824 0.43052005331264809
leaf_count=25 306 13 46 33 162 115 617 276 26 87 28 40 36 45 130 50 285 81 35 44 274 42 281 520 363 1015 61 57
internal_value=0 -0.000240735 -0.00302355 -0.00867046 -0.00578748 0.00376085 -0.00156408 0.00896337 -0.010806 -0.00260986 -0.0365678 -0.0234397 0.0127686 -0.0106645 0.000680894 -0.00510495 -0.00249848 -0.011785 0.00874038 0.00148821 -0.00341973 -0.0243001 -0.000120892 0.00279535 0.00672707 0.000874616 -0.0131109 -0.0400686
internal_weight=0 196.383 48.9334 26.7309 24.4398 22.2025 19.9046 16.442 5.76048 4.66626 2.29113 4.53512 14.1124 1.20824 147.45 17.8427 16.5177 9.07125 7.44645 129.607 27.0952 3.51789 23.5773 102.512 33.3895 69.1224 2.32962 1.09422
internal_count=5093 5068 1642 938 852 704 650 419 285 202 86 202 312 58 3426 581 531 366 165 2845 641 86 555 2204 669 1535 107 83
is_linear=0
shrinkage=0.0472155


Tree=221
num_leaves=27
num_cat=0
split_feature=57 64 57 61 60 59 58 38 65 55 49 54 13 31 27 59 59 46 60 3 48 49 56 47 18 47
split_gain=0.329457 0.221904 0.461673 0.69416 0.789644 0.461444 0.440371 0.628318 0.567591 0.499309 0.662287 0.775835 0.426454 0.70245 0.59429 0.415929 0.651582 0.530413 0.753567 0.411838 0.403621 0.339848 0.329077 0.342101 0.297053 0.121572
threshold=-13.499999999999998 5.2500000000000009 3.7500000000000004 0.21406109613656782 0.034286833855799302 -1.0000000180025095e-35 5.5000000000000009 6.5000000000000009 1.5000000000000002 0.8500000000000002 0.12916666666666668 36.650000000000013 1.0000000180025095e-35 7.5000000000000009 1.0000000180025095e-35 -249.99999999999997 -184.99999999999997 4.5000000000000009 0.11944992021026936 2.5000000000000004 4.0500000000000007 0.83974358974358987 0.37980769230769235 38.45000000000001 1.0000000180025095e-35 39.550000000000004
decision_type=2 2 2 2 2 2 2 2 2 2 2 2 2 2 2 2 2 2 2 2 2 2 2 2 2 2
left_child=-1 6 15 4 25 -6 9 8 -8 12 -11 -12 14 -14 -2 17 19 -3 -19 -17 -18 -5 23 -9 -24 -4
right_child=1 2 3 21 5 -7 7 22 -10 10 11 -13 13 -15 -16 16 20 18 -20 -21 -22 -23 24 -25 -26 -27
leaf_value=0.022678778657585174 -0.0082354889736054922 0.0099369605130630798 -0.03642277582482209 -0.040909289041596471 0.031585456624198226 -0.0023821298104758299 -0.018532142278953431 0.016345216390941424 0.010735953904230973 0.024961317598249114 0.023526625932263415 -0.0039903701502805831 -0.020182421557997512 0.0093190336105231399 0.011613833469241622 0.035520512770486234 -0.0010443907073125415 -0.024426430214888297 0.0091675564795763009 0.0055797750649340489 0.012164735095934891 -0.0040997167802320255 0.009528192457736763 -0.0082024175433184181 0.031417010679060733 -0.004838402153727878
leaf_weight=1.2426856751553703 7.5499183973297495 2.1594661650015023 1.014906539581715 1.8974864294868896 1.2892755541251975 2.143316717032576 2.7938497308641699 2.6530378274619562 2.7537385001778603 3.0437951106578138 2.6428763763979068 11.836962431669233 6.8718838747590762 2.2655319347977638 5.7758359627332538 1.6203282217611548 112.16726525884587 5.5468967448105104 1.874124710797332 2.7233057267731056 5.2267022092128164 0.8800429703114786 2.7493462250567973 2.1056163283064961 3.4473733808845282 0.49611498706508417
leaf_count=25 90 48 95 127 19 121 36 30 37 34 35 149 100 28 67 22 3263 203 35 63 251 50 30 34 36 65
internal_value=0 -0.000164291 -0.00118111 -0.0122732 -0.00127118 0.0111103 0.00232294 0.00876954 -0.00400691 -0.000348164 0.00557728 0.00120896 -0.00500658 -0.0127607 0.000359021 -0.000508543 0.000237654 -0.00989075 -0.0158416 0.0178352 -0.000433548 -0.0303999 0.0152586 0.00544664 0.0223355 -0.0280151
internal_weight=0 195.529 139.039 7.72114 4.94361 3.43259 56.4898 16.503 5.54759 39.9868 17.5236 14.4798 22.4632 9.13742 13.3258 131.318 121.738 9.58049 7.42102 4.34363 117.394 2.77753 10.9554 4.75865 6.19672 1.51102
internal_count=5093 5068 4362 477 300 140 706 203 73 503 218 184 285 128 157 3885 3599 286 238 85 3514 177 130 64 66 160
is_linear=0
shrinkage=0.0472155


Tree=222
num_leaves=23
num_cat=0
split_feature=57 58 61 53 63 48 61 61 64 64 55 18 58 38 59 54 54 18 52 64 31 38
split_gain=0.372136 0.211978 0.555456 1.06405 0.727172 0.803974 0.715432 0.68091 0.397799 0.387341 0.268958 0.744053 0.696786 0.622453 0.582008 0.404446 0.404256 0.382327 0.365544 0.319365 0.191285 0.136067
threshold=-13.499999999999998 8.5000000000000018 0.30915071770334934 6.5000000000000009 12.500000000000002 4.0500000000000007 0.31926033195945197 0.16537844104881383 3.8500000000000001 7.2500000000000009 1.9500000000000002 4.5000000000000009 5.5000000000000009 25.000000000000004 250.00000000000003 40.350000000000001 40.050000000000004 5.5000000000000009 25.000000000000004 91.750000000000014 1.0000000180025095e-35 9.5000000000000018
decision_type=2 2 2 2 2 2 2 2 2 2 2 2 2 2 2 2 2 2 2 2 2 2
left_child=-1 10 4 -4 5 7 -5 -3 -6 -7 15 12 14 -14 -12 16 19 -13 -17 -2 -10 -8
right_child=1 2 3 6 8 9 21 -9 20 -11 11 17 13 -15 -16 18 -18 -19 -20 -21 -22 -23
leaf_value=0.023527231815808958 0.00081355274005235126 0.0054473334395245881 0.030113504669565305 0.019731239707758145 0.0049034215200074024 0.04353705634591408 -0.040932176700236779 -0.013740092266931056 -0.016407167179139478 0.002711699893783036 -0.014437354770107186 0.034789648563759379 -0.0024098132168350475 0.0321775862601218 0.0020178528579702969 0 -0.020866040369894815 -0.00037005771208289674 0.031597613467327819 0.013959480757254212 -0.046301624533015513 -0.011350128408732443
leaf_weight=1.3123760526068498 128.37638133083237 6.2436163719685416 2.6187726916978127 0.94256614439655129 0.62023416906595175 0.90775433555245344 0.81284788215998538 11.341033962700747 1.2117008196655663 1.111241140097263 15.575007026665853 1.4191554020217148 3.0769365264859507 1.637672188109718 6.7378447505179784 1.487704694271087 1.6924981141928572 1.145264755701646 1.675473673851229 4.0927019661758086 1.444937443025992 0.94914661499205977
leaf_count=25 2424 306 40 20 7 8 34 348 64 69 573 33 101 42 315 44 53 38 25 387 112 25
internal_value=0 -0.00017919 -0.00395427 0.00951926 -0.00716552 -0.00357443 -0.0108156 -0.00690444 -0.0271909 0.0233709 0.000458289 -0.00360561 -0.0059664 0.0101941 -0.00946257 0.00134219 0.000931917 0.0198311 0.0175882 0.00124246 -0.0347522 -0.0277966
internal_weight=0 195.12 28.2039 5.32333 22.8805 19.6036 2.70456 17.5847 3.27687 2.019 166.917 29.5919 27.0275 4.71461 22.3129 137.325 134.162 2.56442 3.16318 132.469 2.65664 1.76199
internal_count=5093 5068 1033 119 914 731 79 654 183 77 4035 1102 1031 143 888 2933 2864 71 69 2811 176 59
is_linear=0
shrinkage=0.0472155


Tree=223
num_leaves=34
num_cat=0
split_feature=57 42 58 40 61 40 57 60 61 61 42 49 59 55 53 64 61 16 62 48 55 64 58 31 4 56 56 58 7 54 57 61 2
split_gain=0.217759 0.577281 0.913854 1.05407 0.474934 0.430731 0.864395 0.563729 0.956096 0.451413 0.387864 0.331843 0.303958 0.297062 0.267697 0.267536 0.557714 1.00055 0.633284 0.507239 0.563884 0.475043 0.464749 0.581351 0.874994 0.633041 0.516292 0.530651 0.370369 0.221017 0.194591 0.22483 0.0692046
threshold=-4.7499999999999991 0.70294117647058829 -1.4999999999999998 40.050000000000004 0.21199280945043658 41.45000000000001 -1.0000000180025095e-35 0.073797997579491667 0.24011173184357543 0.15061128295772572 0.74166666666666681 0.14835164835164832 250.00000000000003 0.45000000000000007 11.500000000000002 5.2500000000000009 0.33118951112581685 2.5000000000000004 3.5000000000000004 4.0500000000000007 0.65000000000000002 34.850000000000001 5.5000000000000009 1.0000000180025095e-35 1.0000000180025095e-35 0.17156862745098037 0.36931818181818182 9.5000000000000018 2.5000000000000004 40.150000000000013 -3.2499999999999996 0.29953271028037382 1.5000000000000002
decision_type=2 2 2 2 2 2 2 2 2 2 2 2 2 2 2 2 2 2 2 2 2 2 2 2 2 2 2 2 2 2 2 2 2
left_child=1 2 4 12 -1 15 29 9 -9 14 -10 -5 -4 -3 -8 22 19 18 -18 20 -17 -21 23 25 -25 -2 27 -24 -28 30 -7 -32 -11
right_child=5 13 3 11 -6 6 7 8 10 32 -12 -13 -14 -15 -16 16 17 -19 -20 21 -22 -23 26 24 -26 -27 28 -29 -30 -31 31 -33 -34
leaf_value=0.028952903227883298 -0.0090212806342631797 0.0037518487275324352 -0.051294651988542307 0.02487971639141489 -0.0014666240529590772 -0.0076931356310536922 0.018287109894114185 0.037747593163734848 -0.020753533660496915 -0.043160539065518727 0.013743958055074355 -0.0094162215029442425 -0.0097072932256391346 0.03526358548321952 -0.019292350928267206 0.0038024059442430271 -0.037200938257576817 0.014024509419101047 -0.0092456400887266088 0.020533662514575522 -0.0033502971673028022 -0.013323100090873516 0.013361956757698752 -0.020309442623242482 0.0010176917506510045 0.012461963515673066 0.0033405607541424007 -0.014615877995901656 0.02534335350253018 -0.0028893059169495276 -0.041934648846998872 -0.0049656408398638515 -0.01050495159696576
leaf_weight=2.2690309402532867 3.9040112467482677 1.1682913580443703 1.294540960050653 1.0217089455109092 2.0488258404657245 0.90294511738466132 0.84828986186766842 1.6890383967547675 1.5093303696485239 0.75358855558442861 1.0988108567544257 1.1487227142788468 0.7252036080462857 1.7444924002047626 0.54019636107841507 38.51569086429663 2.7071058372966927 2.521728466381318 5.5508615386206657 4.3877295888960353 67.027251227409579 1.0043865960760738 2.9001817703247053 5.6881622383371022 15.726330135948954 12.025002862326799 2.6898383982479572 2.794661900959909 5.2067940179258585 0.95693976551410731 2.2310573020076849 0.54161444329656649 0.41183563746744767
leaf_count=37 49 35 54 17 38 37 39 42 47 66 21 43 28 33 71 824 71 52 134 82 2298 152 32 79 204 133 28 46 60 52 138 21 30
internal_value=0 0.00627584 0 -0.0154534 0.0148801 -0.000394848 -0.00917966 0.00146483 0.0118321 -0.0153821 -0.00603707 0.00710448 -0.0386222 0.0237631 0.00273004 0.00019443 -0.00100411 -0.0111675 -0.0190685 0 -0.000731977 0.0138904 0.00306475 0.000311734 -0.00473605 0.0071157 0.0104817 -0.000284025 0.0181636 -0.0245365 -0.0296168 -0.0356562 -0.0349819
internal_weight=0 11.4208 8.50803 4.19018 4.31786 184.133 11.4836 6.85109 4.29718 2.55391 2.60814 2.17043 2.01974 2.91278 1.38849 172.65 121.715 10.7797 8.25797 110.935 105.543 5.39212 50.935 37.3435 21.4145 15.929 13.5915 5.69484 7.89663 4.63256 3.67562 2.77267 1.16542
internal_count=5093 285 217 142 75 4808 564 316 110 206 68 60 82 68 110 4244 3613 257 205 3356 3122 234 631 465 283 182 166 78 88 248 196 159 96
is_linear=0
shrinkage=0.0472155


Tree=224
num_leaves=29
num_cat=0
split_feature=59 46 60 45 40 42 61 40 57 27 64 58 42 40 60 4 31 27 56 62 18 7 19 17 60 65 41 41
split_gain=0.324978 0.712296 1.08138 0.765637 0.632374 0.350869 0.323745 0.395377 0.231769 0.574901 0.458894 0.402327 1.08113 0.250513 0.57368 0.814784 0.630006 0.609604 0.585461 0.563797 0.443429 0.418538 0.620133 0.611446 0.344386 0.308287 0.269127 0.208613
threshold=-249.99999999999997 5.5000000000000009 0.11869703389830506 19.000000000000004 41.850000000000001 0.65476190476190488 0.23484096877735627 36.750000000000007 -4.7499999999999991 5.5000000000000009 8.3500000000000032 -1.4999999999999998 0.70294117647058829 37.150000000000013 0.076362383375742152 1.0000000180025095e-35 1.0000000180025095e-35 2.5000000000000004 0.93095238095238109 3.5000000000000004 1.0000000180025095e-35 61.500000000000007 42.500000000000007 4.5000000000000009 0.034683239775461054 5.5000000000000009 0.65000000000000002 1.1500000000000001
decision_type=2 2 2 2 2 2 2 2 2 2 2 2 2 2 2 2 2 2 2 2 2 2 2 2 2 2 2 2
left_child=1 6 3 4 5 -3 7 -1 9 10 -2 -12 -13 14 16 17 19 -16 -18 -10 -17 22 23 -15 26 -26 -23 -5
right_child=8 2 -4 27 -6 -7 -8 -9 13 -11 11 12 -14 21 15 20 18 -19 -20 -21 -22 24 -24 -25 25 -27 -28 -29
leaf_value=-0.0021860292656342892 -0.0019777191732642057 -0.052925949002627252 0.0088717981122471545 0.014843829716831399 -6.4667448529072874e-05 -0.016150150592923945 -0.0074663947999896443 0.029249589263250941 -0.013490577620718588 -0.019589313901984578 0.033450803567813964 -0.014214746497947569 0.039592937517869624 -0.00025342643619358392 -0.01181912124143791 0.031955242219366194 -0.015018178779775095 0.019446202013689379 0.016506535984895526 0.014136065979483012 0.010595745631143402 0.027040660348151568 0.022298834178559095 -0.027260976075595959 -0.025739085026120226 -0.0002899672386576367 -0.010157463237983869 -0.014049815910695637
leaf_weight=1.4911305638961487 3.2892020884901267 2.5889958420302706 2.9243374958168715 0.943560591782443 0.95906543475575734 1.0604585931869221 2.0263319651130587 1.8471553451381622 2.0236359966802429 1.3402985803550098 2.4952812304254612 1.901293112023269 1.214584798319265 124.61895699059824 4.6993584570591365 3.4207825688645226 8.2856493329454661 1.7653729257290249 1.3865365519886825 6.3813977992977016 6.5711169135756791 0.62800186080858 2.5017559762927695 1.7234561369696155 3.4204283645376563 1.5847588629694653 0.7663819978479296 0.93269252934260294
leaf_count=33 49 71 47 21 25 48 41 28 66 56 48 80 26 3448 85 36 236 30 35 110 102 11 54 62 68 83 56 38
internal_value=0 -0.00668964 -0.0144431 -0.025011 -0.0350387 -0.043637 0.0068193 0.0156147 0.00055497 0.00739272 0.0118266 0.0198454 0.0075536 0.000131536 0.00371341 0.0100504 -0.00206114 -0.00289629 -0.0102203 0.00726965 0.0183962 -0.000781922 -0.000183628 -0.00066416 -0.0124036 -0.0180882 0.0073312 0.000192196
internal_weight=0 14.7737 9.40911 6.48477 4.60852 3.64945 5.36462 3.33829 180.018 10.2407 8.90036 5.61116 3.11588 169.778 34.5339 16.4566 18.0772 6.46473 9.67219 8.40503 9.9919 135.244 128.844 126.342 6.39957 5.00519 1.39438 1.87625
internal_count=5093 352 250 203 144 119 102 61 4741 259 203 154 106 4482 700 253 447 115 271 176 138 3782 3564 3510 218 151 67 59
is_linear=0
shrinkage=0.0472155


end of trees

feature_importances:
current_odds=499
jockey_place_rate=411
jockey_win_rate=312
corner_ratio_1=257
agari_2=236
corner_ratio_2=225
corner_ratio_3=223
agari_1=210
agari_3=206
ninki_1=194
rank_trend=187
ninki_2=185
dist_change=183
weight_change=180
ninki_3=171
margin_1=167
margin_3=166
margin_2=165
umaban=159
result_2=156
mf_courseout=151
f_courseout=132
f_lenout=129
waku=129
result_1=128
f_classout=112
result_3=111
current_popularity=99
mf_classout.1=90
mf_classout=89
mf_course3=73
mf_course1=68
f_course1=63
f_course3=63
f_course2=51
mf_course2=48
f_len1=42
mf_len1=40
f_len2=37
mf_len3=36
f_len3=35
mf_class3=34
f_class2=31
f_mf_courseout=27
mf_len2=26
mf_class1=25
f_mf_classout=24
f_class1=24
f_class3=23
mf_class2=16
f_mf_len1=8
f_mf_len2=7
f_mf_course3=6
f_mf_course2=5
f_mf_classout.1=5
time_df_course3=5
f_mf_course1=4
f_mf_len3=2
f_mf_class2=1

parameters:
[boosting: gbdt]
[objective: lambdarank]
[metric: ndcg]
[tree_learner: serial]
[device_type: cpu]
[data_sample_strategy: bagging]
[data: ]
[valid: ]
[num_iterations: 225]
[learning_rate: 0.0472155]
[num_leaves: 62]
[num_threads: 16]
[seed: 0]
[deterministic: 0]
[force_col_wise: 1]
[force_row_wise: 0]
[histogram_pool_size: -1]
[max_depth: 6]
[min_data_in_leaf: 29]
[min_sum_hessian_in_leaf: 0.001]
[bagging_fraction: 1]
[pos_bagging_fraction: 1]
[neg_bagging_fraction: 1]
[bagging_freq: 0]
[bagging_seed: 7719]
[feature_fraction: 1]
[feature_fraction_bynode: 1]
[feature_fraction_seed: 2437]
[extra_trees: 0]
[extra_seed: 11797]
[early_stopping_round: 0]
[first_metric_only: 0]
[max_delta_step: 0]
[lambda_l1: 0.0136953]
[lambda_l2: 0.175047]
[linear_lambda: 0]
[min_gain_to_split: 0]
[drop_rate: 0.1]
[max_drop: 50]
[skip_drop: 0.5]
[xgboost_dart_mode: 0]
[uniform_drop: 0]
[drop_seed: 21238]
[top_rate: 0.2]
[other_rate: 0.1]
[min_data_per_group: 100]
[max_cat_threshold: 32]
[cat_l2: 10]
[cat_smooth: 10]
[max_cat_to_onehot: 4]
[top_k: 20]
[monotone_constraints: ]
[monotone_constraints_method: basic]
[monotone_penalty: 0]
[feature_contri: ]
[forcedsplits_filename: ]
[refit_decay_rate: 0.9]
[cegb_tradeoff: 1]
[cegb_penalty_split: 0]
[cegb_penalty_feature_lazy: ]
[cegb_penalty_feature_coupled: ]
[path_smooth: 0]
[interaction_constraints: ]
[verbosity: -1]
[saved_feature_importance_type: 0]
[use_quantized_grad: 0]
[num_grad_quant_bins: 4]
[quant_train_renew_leaf: 0]
[stochastic_rounding: 1]
[linear_tree: 0]
[max_bin: 255]
[max_bin_by_feature: ]
[min_data_in_bin: 3]
[bin_construct_sample_cnt: 200000]
[data_random_seed: 38]
[is_enable_sparse: 1]
[enable_bundle: 1]
[use_missing: 1]
[zero_as_missing: 0]
[feature_pre_filter: 1]
[pre_partition: 0]
[two_round: 0]
[header: 0]
[label_column: ]
[weight_column: ]
[group_column: ]
[ignore_column: ]
[categorical_feature: ]
[forcedbins_filename: ]
[precise_float_parser: 0]
[parser_config_file: ]
[objective_seed: 8855]
[num_class: 1]
[is_unbalance: 0]
[scale_pos_weight: 1]
[sigmoid: 1]
[boost_from_average: 1]
[reg_sqrt: 0]
[alpha: 0.9]
[fair_c: 1]
[poisson_max_delta_step: 0.7]
[tweedie_variance_power: 1.5]
[lambdarank_truncation_level: 30]
[lambdarank_norm: 1]
[label_gain: ]
[lambdarank_position_bias_regularization: 0]
[eval_at: 1,2,3,4,5]
[multi_error_top_k: 1]
[auc_mu_weights: ]
[num_machines: 1]
[local_listen_port: 12400]
[time_out: 120]
[machine_list_filename: ]
[machines: ]
[gpu_platform_id: -1]
[gpu_device_id: -1]
[gpu_use_dp: 0]
[num_gpu: 1]

end of parameters

pandas_categorical:[]
