tree
version=v4
num_class=1
num_tree_per_iteration=1
label_index=0
max_feature_idx=65
objective=lambdarank
feature_names=f_course1 f_course2 f_course3 f_courseout mf_course1 mf_course2 mf_course3 mf_courseout f_mf_course1 f_mf_course2 f_mf_course3 f_mf_courseout f_len1 f_len2 f_len3 f_lenout mf_len1 mf_len2 mf_len3 mf_classout f_mf_len1 f_mf_len2 f_mf_len3 f_mf_classout f_class1 f_class2 f_class3 f_classout mf_class1 mf_class2 mf_class3 mf_classout.1 f_mf_class1 f_mf_class2 f_mf_class3 f_mf_classout.1 time_df_course1 time_df_class1 ninki_1 result_1 agari_1 margin_1 corner_ratio_1 time_df_course2 time_df_class2 ninki_2 result_2 agari_2 margin_2 corner_ratio_2 time_df_course3 time_df_class3 ninki_3 result_3 agari_3 margin_3 corner_ratio_3 rank_trend weight_change dist_change jockey_win_rate jockey_place_rate waku umaban current_odds current_popularity
feature_infos=[0:79] [0:58] [0:65] [0:431] [0:92] [0:69] [0:66] [0:556] [0:16] [0:11] [0:9] [0:66] [0:25] [0:19] [0:20] [0:141] [0:25] [0:26] [0:20] [0:163] [0:6] [0:6] [0:5] [0:29] [0:9] [0:7] [0:9] [0:46] [0:10] [0:9] [0:7] [0:63] [0:3] [0:3] [0:3] [0:13] [-1:0] [-1:0] [-1:180] [-1:140] [-1:66] [-1:32.799999999999997] [-1:1] [-1:0] [-1:0] [-1:180] [-1:180] [-1:50] [-1:25.800000000000001] [-1:1] [-1:0] [-1:0] [-1:180] [-1:170] [-1:48.5] [-1:12.5] [-1:1] [-55:65] [-38:51] [-2330:800] [-1:1] [-1:1] [1:8] [1:18] [-1:939.29999999999995] [-1:18]
tree_sizes=3368 3365 3361 3374 3363 3361 3361 3369 3387 3364 3372 3363 2596 3344 3369 3353 3347 3370 2824 3375 3353 3374 3356 3348 3151 2942 3358 3128 3373 3368 3352 3387 3363 3359 2945 3373 3380 3363 3355 3367 3376 3361 3354 3361 3374 3359 3363 3355 3387 2937 2500 3364 3051 3346 2930 3048 3139 3258 1866 3387 3165 3154 2390 3377 3382 3364 3340 3375 2401 1862 3375 2819 3375 3377 2944 2183 3379 3041 3362 2298 2190 3373 3036 3378 3375 3383 3373 2402 2707 3377 3372 3381 2710 3357 3387 3368 3355 3371 3347 2625 3390 3360 2404 1860 1857 3250 3362 3373 2831 2960 3385 3389 3385 3385 3374 3390 3379 3347 3375 3049 3048 2715 3377 2931 3041 2617 3351 3357 3361 2175 2270 3361 3250 3370 3369 3358 2278 2931 3273 3372 2368 3375 2820 2378 3363 3030 2923 3038 3344 2375 3359 3391 3370 2498 2166 1960 3270 2286 3364 3385 3378 3378 3371 3385 3357 3369 3350 3348 3350 3258 3361 2844 3382 2472 2836 3379 3355 3367 3357 3351

Tree=0
num_leaves=30
num_cat=0
split_feature=48 2 59 42 53 64 23 49 54 38 60 2 39 65 19 41 65 52 64 52 27 61 58 64 58 58 0 42 56
split_gain=6.40675 4.97282 8.42809 7.00615 6.28578 6.04036 6.03506 5.56365 4.91688 4.86771 4.4108 4.39484 7.34974 4.7912 5.37826 4.23019 7.63161 6.66377 5.29957 4.56471 4.15227 4.07483 6.75272 5.98422 3.95071 4.54302 3.94162 3.93155 3.88441
threshold=5.6500000000000012 1.0000000180025095e-35 335.00000000000006 0.62019230769230782 5.5000000000000009 22.650000000000002 1.0000000180025095e-35 0.29705882352941176 33.45000000000001 8.5000000000000018 0.23166368515205724 32.500000000000007 5.5000000000000009 11.500000000000002 43.500000000000007 1.2500000000000002 14.500000000000002 10.500000000000002 3.0500000000000003 105.00000000000001 5.5000000000000009 0.037386443046820358 -1.0000000180025095e-35 1.6500000000000001 14.500000000000002 7.5000000000000009 7.5000000000000009 0.095454545454545472 0.21825396825396823
decision_type=2 2 2 2 2 2 2 2 2 2 2 2 2 2 2 2 2 2 2 2 2 2 2 2 2 2 2 2 2
left_child=1 2 3 4 21 8 10 -6 -5 -2 15 13 -13 24 20 18 17 -17 27 -20 -15 22 -1 -23 25 -8 -18 -3 -12
right_child=9 6 -4 5 7 -7 11 -9 -10 -11 28 12 -14 14 -16 16 26 -19 19 -21 -22 23 -24 -25 -26 -27 -28 -29 -30
leaf_value=-0.003019036815745957 0.0077308004908528552 0.0087805188923149417 -0.006637599919250883 0.0029678084088676591 -0.00031339460966122449 0.0029981448928499263 -0.0017999301363915317 -0.0063197352105202852 -0.005174359713847089 -0.00024462875317378543 0.0016148939846537104 0.0046666370870590123 -0.0041007779924009582 0.0014461941206317871 0.0060631182853233562 0.000526251504262297 -0.00086912622355589028 0.0039355971368090804 0.00016657841542313346 -0.0047574376454669531 -0.004979705592591665 0.0083112065018958823 0.0070608177778787654 -0.0018276898739784811 0.0027776986963817052 -0.0063688214951642674 -0.0094724837775872987 0.0018186940398671675 -0.0069724398417635291
leaf_weight=2.9755682172253728 4.9248509928584081 2.8894280279055229 6.8407037206925443 3.0729895224794763 6.3459379458799985 19.687797865830362 51.375321166124195 11.845391997601835 5.3905642931349576 3.474431186914444 2.272398709319531 8.4692287566140276 3.6039217868819824 8.4233718384057301 4.3447920251637688 26.377588137984276 7.51439564488828 36.848519566003233 100.16077363817021 5.2484494093805543 3.8847440825775257 1.5752252601087082 4.2653670962899914 32.059501718962565 4.3233877862803629 6.5376497432589522 1.701715752482414 8.4383598752319795 3.5712195271626115
leaf_count=49 29 15 117 31 92 239 760 221 92 50 28 71 69 122 38 347 112 369 1389 93 66 6 29 497 48 110 31 86 53
internal_value=0 -9.92155e-05 -0.00113151 -0.000694897 -0.00170743 0.00142842 0.000240466 -0.00423348 -0.00221734 0.00445493 0.000754085 -0.000860418 0.00204097 -0.00130585 0.0011572 0.000891428 0.00187368 0.00251536 0.00028112 -8.13727e-05 -0.000597319 -0.000578079 0.00292806 -0.00133731 -0.00196552 -0.00232247 -0.00251446 0.00363561 -0.00365149
internal_weight=0 380.044 94.059 87.2183 59.067 28.1514 285.985 18.1913 8.46355 8.39928 195.023 90.9624 12.0732 78.8893 16.6529 189.179 72.4422 63.2261 116.737 105.409 12.3081 40.8757 7.24094 33.6347 62.2364 57.913 9.21611 11.3278 5.84362
internal_count=5259 5180 1373 1256 894 362 3807 313 123 79 2523 1284 140 1144 226 2442 859 716 1583 1482 188 581 78 503 918 870 143 101 81
is_linear=0
shrinkage=0.00517761


Tree=1
num_leaves=30
num_cat=0
split_feature=64 42 49 65 64 47 58 46 27 41 35 41 7 58 0 42 14 58 48 7 55 40 38 59 39 42 19 61 60
split_gain=22.7425 17.4593 17.1555 15.8051 17.4968 15.2659 14.8591 14.8067 13.8811 24.3939 18.9677 19.7573 13.4622 13.1558 12.6455 23.1844 21.3129 24.6023 18.1363 17.6624 14.219 11.9419 14.8324 9.80764 8.49842 4.94105 4.29525 4.12186 1.90643
threshold=2.5500000000000003 0.54195804195804198 0.53589743589743599 6.5000000000000009 23.050000000000004 44.500000000000007 -16.499999999999996 15.500000000000002 2.5000000000000004 0.55000000000000016 1.0000000180025095e-35 2.1500000000000008 8.5000000000000018 -10.499999999999998 2.5000000000000004 0.74166666666666681 3.5000000000000004 -4.4999999999999991 5.6500000000000012 5.5000000000000009 0.25000000000000006 34.95000000000001 9.5000000000000018 -124.99999999999999 7.5000000000000009 0.30384615384615393 8.5000000000000018 0.34708049886621323 0.073801742919389915
decision_type=2 2 2 2 2 2 2 2 2 2 2 2 2 2 2 2 2 2 2 2 2 2 2 2 2 2 2 2 2
left_child=1 21 -3 4 7 6 -5 8 9 12 11 -10 -2 -11 15 18 17 -16 -8 -18 -17 22 -1 -6 -12 -9 -23 -24 -25
right_child=3 2 -4 5 23 -7 14 25 10 13 24 -13 -14 -15 16 20 19 -19 -20 -21 -22 26 27 28 -26 -27 -28 -29 -30
leaf_value=0.0053686074450428299 0.0017407908323621272 0.0027039755828221655 -0.0075920475990984126 -0.0071756570412938514 -6.6619453420316206e-05 0.0079148594037747252 -0.0016473672736783455 -0.002565683694464685 0.0004672239886500723 0.003408115326893721 -0.0013300187927194618 0.0052586112536766221 -0.0013281042151092055 -0.003304865085314572 -0.0025874884053602347 -0.0021894633772295809 0.0025194005109644068 0.0022105557405747811 0.0046033221554560551 -0.0020343125204399042 0.0020731542470734691 0.0042760925418062184 -0.0047273588992817125 -0.0055159141258600084 -0.006769884201988971 -0.0096145387371612996 0.0084086662069888934 0.00091830913212712203 -0.0092762907976435497
leaf_weight=15.153147660195829 73.474411725997925 10.053440302610399 7.5328486375510684 7.1263403017073861 6.6315627619624165 6.9292985573410979 236.31465240195394 4.7575378157198411 147.36861389409751 8.2953948825597745 31.028231915086508 27.291405836120248 79.940516985952854 125.01585348509252 32.121272571384907 25.543135683983564 30.402605727314949 261.13216645456851 13.071941822767256 91.088795389980078 116.11430109292269 12.347040299326183 7.200556602329014 7.1116182357072821 10.196184318512676 6.1956191547214985 15.542736675590275 6.5922337621450424 8.4168360084295255
leaf_count=34 243 27 29 36 18 12 1033 20 527 21 142 51 381 555 137 94 85 824 19 377 331 31 28 33 66 35 20 18 32
internal_value=0 0.00278541 -0.0017178 -0.00015305 -0.000844611 0.000298872 0.000233308 -0.000649863 -0.000519615 -0.00126613 0.000471921 0.00121764 0.000141751 -0.00288562 0.000299422 -0.000368521 0.000929167 0.00168452 -0.00131857 -0.000893974 0.00130383 0.00417929 0.00184298 -0.00534233 -0.0026843 -0.00658711 0.00659378 -0.00203713 -0.00758518
internal_weight=0 74.422 17.5863 1355.57 535.724 819.845 812.915 513.564 502.611 286.726 215.884 174.66 153.415 133.311 805.789 391.044 414.745 293.253 249.387 121.491 141.657 56.8357 28.9459 22.16 41.2244 10.9532 27.8898 13.7928 15.5285
internal_count=5259 187 56 5072 2124 2948 2936 2041 1986 1200 786 578 624 576 2900 1477 1423 961 1052 462 425 131 80 83 208 55 51 46 65
is_linear=0
shrinkage=0.00517761


Tree=2
num_leaves=30
num_cat=0
split_feature=48 3 58 59 15 53 61 58 0 64 46 49 39 4 63 7 47 7 45 59 41 61 54 42 42 61 12 59 47
split_gain=16.8359 17.7943 17.7378 22.5661 17.3944 16.8256 16.7971 16.36 22.2208 18.9118 19.2727 18.5413 15.7476 16.0164 15.1332 14.8468 14.4839 13.9709 28.9078 25.3468 13.1526 13.0723 11.8646 11.4206 11.384 14.3266 9.30399 11.4993 9.10223
threshold=5.5500000000000007 8.5000000000000018 -7.4999999999999991 -124.99999999999999 7.5000000000000009 7.5000000000000009 0.11814556331006977 -4.4999999999999991 1.0000000180025095e-35 2.2500000000000004 8.5000000000000018 0.87083333333333346 16.500000000000004 1.0000000180025095e-35 11.500000000000002 1.5000000000000002 38.150000000000013 41.500000000000007 55.000000000000007 185.00000000000003 1.2500000000000002 0.4768336314847943 34.350000000000001 0.87083333333333346 0.79285714285714304 0.40175438596491231 1.0000000180025095e-35 335.00000000000006 36.45000000000001
decision_type=2 2 2 2 2 2 2 2 2 2 2 2 2 2 2 2 2 2 2 2 2 2 2 2 2 2 2 2 2
left_child=1 2 24 5 -2 6 -4 8 -3 -9 17 15 13 -12 -14 20 26 19 -19 -11 -10 -17 -8 -7 25 -1 27 -5 -28
right_child=4 7 3 16 -6 23 22 9 11 10 12 -13 14 -15 -16 21 -18 18 -20 -21 -22 -23 -24 -25 -26 -27 28 -29 -30
leaf_value=-0.0034257236076240612 0.0055938188855560169 0.0037065821315527391 0.0053484201419557306 -0.001225907917874349 -0.0018314871844263845 -0.006587223565141475 0.0021507550047518732 0.0037432943763949719 -0.0038811711093850979 0.0010862923034256839 -0.00032829866500153852 0.002246453359300887 -0.0083584709239179385 0.0021216081565288984 0.0023522842685421113 -0.0053746918912725298 -0.0063764065806340966 -0.0026622460109780406 0.0018372798090725154 -0.0026587974780290561 0.0060532197661864922 0.0015937643395073624 -0.0039917136537064926 0.0024620668572100791 0.0053560247121108434 0.0065446811585854045 -0.0083916699173678996 -0.0057088289435259874 0.00083905279937217681
leaf_weight=13.044664490967991 27.543666284531355 18.127374224364758 25.518649820238352 176.94319043122232 12.152126181870697 11.508797962218525 22.527829580008984 45.201412362977862 6.8325690068304521 242.68424644134939 99.752446522936225 17.987010512501001 8.709856338798998 252.65387823432684 5.8821906819939604 60.377131104469299 21.48998986184597 141.00126495212317 52.476117579266429 60.459410440176725 7.347943551838398 8.1639281883835775 13.381044914945958 5.4789251387119284 17.223247192800045 5.4116616174578658 10.575975105166433 16.739926569163799 3.9012716859579077
leaf_count=80 46 57 57 757 36 78 78 83 36 828 349 61 45 783 16 323 119 660 174 240 16 24 71 14 31 12 70 93 22
internal_value=0 -9.62919e-05 -0.00111592 -0.00151627 0.0033213 0.000881236 0.00214258 0.000244814 -0.00156125 0.000481074 0.000310051 -0.00251131 0.00120969 0.00142819 -0.00404937 -0.00354688 -0.00233496 -0.000354837 -0.00144162 0.000338931 0.00127038 -0.00454386 -0.000141149 -0.00367008 0.00233703 -0.000489034 -0.00191581 -0.00161521 -0.00591134
internal_weight=0 1371.4 343.745 308.066 39.6958 78.4152 61.4275 1027.66 118.836 908.821 863.619 100.709 366.998 352.406 14.592 82.7216 229.65 496.621 193.477 303.144 14.1805 68.5411 35.9089 16.9877 35.6796 18.4563 208.16 193.683 14.4772
internal_count=5259 5177 1482 1359 82 298 206 3695 517 3178 3095 460 1193 1132 61 399 1061 1902 834 1068 52 347 149 92 123 92 942 850 92
is_linear=0
shrinkage=0.00517761


Tree=3
num_leaves=30
num_cat=0
split_feature=54 64 42 64 55 49 58 2 48 60 42 63 59 49 18 61 56 48 48 1 19 41 61 55 40 53 31 64 4
split_gain=18.9493 18.7865 22.0778 20.9663 22.3324 17.5322 16.1564 29.1288 24.2614 19.2379 15.9964 15.1417 14.8295 22.9162 18.1829 13.3868 12.9886 12.9398 16.4835 15.2402 14.6836 12.4194 11.3506 19.4694 10.7131 9.13394 9.03197 8.29372 5.77779
threshold=43.900000000000006 2.5500000000000003 0.31009615384615391 19.850000000000005 1.2500000000000002 0.32291666666666669 -2.4999999999999996 4.5000000000000009 3.1500000000000008 0.083722741433021761 0.97222222222222232 8.5000000000000018 -1.0000000180025095e-35 0.46410256410256417 2.5000000000000004 0.28637566137566139 0.55050505050505061 5.6500000000000012 3.6500000000000008 1.5000000000000002 1.5000000000000002 3.5500000000000003 0.21089696071163824 0.35000000000000003 35.750000000000007 4.5000000000000009 1.0000000180025095e-35 4.5500000000000007 3.5000000000000004
decision_type=2 2 2 2 2 2 2 2 2 2 2 2 2 2 2 2 2 2 2 2 2 2 2 2 2 2 2 2 2
left_child=1 22 17 4 12 16 7 8 -5 11 -9 -8 14 -14 -4 -11 -6 18 19 21 -21 -3 25 26 -25 -1 -24 -7 -28
right_child=-2 2 3 6 5 27 9 10 -10 15 -12 -13 13 -15 -16 -17 -18 -19 -20 20 -22 -23 23 24 -26 -27 28 -29 -30
leaf_value=0.0017343394066973601 0.0071274676420100607 -0.0028840336161989649 0.0025240585598640644 -0.00057834875908533551 -0.0052466324075599851 -0.001098733861626241 0.0016449101590794567 -0.0060821117081827896 0.0061825349784736319 0.0046664077592735824 0.0027725353978336042 -0.00062046231793583902 -0.0029436454766364676 0.00064864813068441136 -0.0058455517639548465 0.0011242037269126115 0.0043726632026176134 0.0045458497619800357 -0.0079103967624515378 0.0011873990441696859 -0.0013539463936875075 0.0029581669944043426 0.005342711403952584 -0.0078906005606577175 0.0007072162087995267 0.0074853245175483026 0.0029580720284472077 -0.0074518145763532188 -0.00249120920768302
leaf_weight=13.664298973977568 9.8626033812761289 138.13602704741061 70.090320214629173 64.194704532623291 6.205036722123622 6.9933599997311822 185.09291563183069 31.517941502854228 18.210875337943435 65.962990384548903 6.5733468681573859 138.02865379117429 87.216039828956127 104.67806903086603 7.6614529676735392 50.561580806970596 9.3433317765593511 10.298173055052755 9.8427238017320615 97.998670350760221 160.9719169344753 10.441980101168154 19.481498248875141 8.4871942959725839 7.0979336574673644 16.232048645615578 11.227368071675302 26.368191242218018 9.6276015415787679
leaf_count=35 16 705 228 245 35 26 578 171 32 160 22 541 413 416 49 166 24 17 55 310 690 33 33 30 18 20 23 140 28
internal_value=0 -5.08283e-05 -0.000205032 0.000264557 -0.000795873 -0.00401224 0.00086766 -0.000811619 0.000919439 0.00132798 -0.00455178 0.00067726 -0.000211608 -0.000984476 0.001695 0.00313095 0.00052749 -0.00116972 -0.00131145 -0.0011508 -0.000392182 -0.00247228 0.00229486 0.000915752 -0.00398811 0.00486661 0.00281406 -0.00612503 0.000442256
internal_weight=0 1392.21 1306.39 878.699 318.556 48.9099 560.143 120.497 82.4056 439.646 38.0913 323.122 269.646 191.894 77.7518 116.525 15.5484 427.689 417.391 407.549 258.971 148.578 85.8179 55.9216 15.5851 29.8963 40.3365 33.3616 20.855
internal_count=5259 5243 5056 3246 1331 225 1915 470 277 1445 193 1119 1106 829 277 326 59 1810 1793 1738 1000 738 187 132 48 55 84 166 51
is_linear=0
shrinkage=0.00517761


Tree=4
num_leaves=30
num_cat=0
split_feature=64 41 45 42 41 49 49 3 48 58 59 60 55 40 41 45 39 48 54 1 49 42 55 64 19 7 56 58 1
split_gain=17.8359 23.4061 25.9049 19.9331 20.655 19.1015 24.3659 19.6482 16.9901 20.3325 24.6468 21.5813 21.5452 16.4022 15.651 15.3032 13.2156 13.0664 12.1358 19.5293 13.7234 11.5894 11.22 11.0098 18.1857 13.88 10.698 32.0552 10.6245
threshold=2.5500000000000003 2.1500000000000008 3.5000000000000004 0.41421568627450983 1.9500000000000002 0.6132478632478634 0.67708333333333337 13.500000000000002 2.9500000000000006 -1.4999999999999998 -124.99999999999999 0.019419306184012056 2.7500000000000004 37.050000000000004 1.0500000000000003 3.5000000000000004 12.500000000000002 5.6500000000000012 35.45000000000001 1.0000000180025095e-35 0.88562091503267981 0.80625000000000013 2.0500000000000003 6.5500000000000007 1.5000000000000002 1.0000000180025095e-35 0.5590277777777779 -8.4999999999999982 25.000000000000004
decision_type=2 2 2 2 2 2 2 2 2 2 2 2 2 2 2 2 2 2 2 2 2 2 2 2 2 2 2 2 2
left_child=-1 3 16 4 17 7 -7 13 9 11 14 28 -12 -4 -11 -13 21 23 19 -8 -20 -3 -15 24 -2 -25 -10 -28 -5
right_child=1 2 5 8 -6 6 18 -9 26 10 12 15 -14 22 -16 -17 -18 -19 20 -21 -22 -23 -24 25 -26 -27 27 -29 -30
leaf_value=0.0022587091072864989 0.0021539346951660772 -0.0047152455098558449 0.0054744578341284688 -0.0056097846033798041 -0.0088739182255263074 -0.0063685699582782451 0.002956810030707792 0.0043116456787681955 0.0054558063847771274 0.0044462491474252996 -2.4078122809043671e-05 0.0055232126612462865 -0.0089673858542672364 -0.0047624702702541389 0.00030254227972038395 -0.0010586864497362054 -0.0084257541491239967 0.005360529351766145 0.0039957765385622637 -0.0048477603011049262 -0.0014742551769434374 0.004598412313745674 0.0024719680443076233 -0.0052930399694089249 -0.0018609520815262609 -0.0014406802153709812 0.008457292679670424 -0.0062997808019318209 0.0012219326037398318
leaf_weight=87.723180171102285 57.975992161780596 8.1976204849779624 9.8217419795691949 40.752983823418617 9.4098225161433202 13.436068203300236 15.416848100721834 94.735045041888952 25.024015221744776 58.727508578449488 277.83322335407138 10.492798097431658 7.3478545919060698 17.256834035739306 41.836772467941046 91.750554043799639 9.9390680715441686 8.0537389665842039 43.628800939768553 19.263235479593277 17.067955281585455 6.2560877799987784 8.5487785711884481 27.370070938020945 63.083993248641491 292.99992427043617 6.8476839810609809 9.1264171078801137 7.1488338001072398
leaf_count=187 170 42 21 225 58 63 40 242 50 159 1057 27 38 90 128 403 56 12 100 89 60 15 30 143 310 1359 8 46 31
internal_value=0 -0.0001526 0.00122479 -0.000503155 -0.0013084 0.00174341 0.00014154 0.0030797 0.000137455 -0.000108474 0.000520741 -0.00172458 -0.000256552 -0.000197872 0.00272377 -0.000380028 -0.00385115 -0.00114872 0.00106248 -0.0013791 0.00245758 -0.000681003 -0.00236547 -0.00126828 6.18711e-05 -0.00177084 0.00334715 3.46476e-05 -0.00458983
internal_weight=0 1299.35 263.568 1035.78 458.894 239.175 108.813 130.362 576.889 535.891 385.745 150.145 285.181 35.6274 100.564 102.243 24.3928 449.484 95.3768 34.6801 60.6968 14.4537 25.8056 441.43 121.06 320.37 40.9981 15.9741 47.9018
internal_count=5259 5072 848 4224 2052 735 352 383 2172 2068 1382 686 1095 141 287 430 113 1994 289 129 160 57 120 1982 480 1502 104 54 256
is_linear=0
shrinkage=0.00517761


Tree=5
num_leaves=30
num_cat=0
split_feature=42 2 53 61 58 48 57 49 61 15 47 55 64 49 55 47 26 61 2 54 55 7 4 2 58 11 60 64 56
split_gain=19.9052 23.4678 32.765 23.0719 26.4426 23.0169 22.1461 19.5983 17.246 26.3813 16.782 24.9724 16.4616 19.9034 20.579 18.7437 17.6413 20.4426 15.9074 16.0602 15.7994 15.6843 15.5363 14.3802 14.2271 14.0529 13.8872 13.8563 12.9971
threshold=0.63961038961038974 1.0000000180025095e-35 5.5000000000000009 0.037386443046820358 -1.0000000180025095e-35 8.9500000000000011 -2.2499999999999996 0.21651785714285712 0.059262510974539058 3.5000000000000004 39.850000000000001 2.2500000000000004 18.750000000000004 0.4494949494949495 1.4500000000000002 33.750000000000007 1.0000000180025095e-35 0.12973352033660587 6.5000000000000009 38.750000000000007 1.0500000000000003 244.50000000000003 10.500000000000002 3.5000000000000004 -1.4999999999999998 1.5000000000000002 0.082951070336391416 1.6500000000000001 0.93541666666666667
decision_type=2 2 2 2 2 2 2 2 2 2 2 2 2 2 2 2 2 2 2 2 2 2 2 2 2 2 2 2 2
left_child=1 2 3 4 -1 6 20 -4 9 25 11 18 13 -8 15 -15 -14 -18 19 -10 28 27 -20 -13 -19 -3 -25 -5 -2
right_child=5 8 7 21 -6 -7 12 -9 10 -11 -12 23 16 14 -16 -17 17 24 22 -21 -22 -23 -24 26 -26 -27 -28 -29 -30
leaf_value=-0.0040089215294073994 0.0019760457512129682 0.00026710444499522513 -0.00074625092292355752 0.0054313885489499746 0.0066922406589606702 0.0092811317170213795 -0.0047454125755753774 -0.0071286909427468103 -0.0011171417646856795 -0.0034333885854104674 -0.004778513539803065 0.0063886791116262104 0.0014020505224165772 -0.0054502290929182807 -0.0069633671202548779 0.0022469554157526815 -0.0068869659670426119 -0.0059702960347483092 0.0016323754275151439 0.0070080713263986315 0.0056704180494717695 0.0050271456206714199 -0.0013983256208850005 -0.0042321284563492882 0.002157544335827568 0.0086827377416539946 0.0045859048419906977 -0.002717721009292383 -0.0051617092427970667
leaf_weight=8.8355559296906012 99.26371855661273 20.873388685286049 18.551368810236454 5.86700615286827 20.325789988040924 8.4011679068207723 37.26984229683876 42.392839767038822 212.90728840231895 79.163718957453966 16.467798501253128 28.805526420474052 201.95993803814054 10.04323200881481 10.007683906704186 52.625566797330976 15.846069753170012 7.4420217722654334 217.41874597594142 6.661900892853736 31.249196879565716 8.5033521354198438 57.231626315042377 8.6669747643172759 24.920045644044876 7.0748969838023177 10.532546214759348 99.110609319061041 7.2813153937458983
leaf_count=50 304 94 84 7 37 8 192 293 878 380 80 50 631 48 62 171 90 45 692 14 66 26 268 41 69 10 25 505 39
internal_value=0 -0.000475272 -0.00201332 -0.000654741 0.00344799 0.000816051 0.000671996 -0.00518888 -4.81337e-06 -0.00190729 0.0003601 0.000516737 -3.56363e-06 -0.00167281 -9.4171e-05 0.00100888 0.000730281 -0.00208194 0.000170184 -0.000868556 0.00243671 -0.00171047 0.00100063 0.0040793 0.000279925 0.00241312 0.000604158 -0.0022591 0.0014853
internal_weight=0 869.391 203.587 142.642 29.1613 506.31 497.909 60.9442 665.804 107.112 558.692 542.225 360.114 109.946 72.6765 62.6688 250.168 48.2081 494.22 219.569 137.794 113.481 274.65 48.005 32.3621 27.9483 19.1995 104.978 106.545
internal_count=5259 3534 1002 625 87 1725 1717 377 2532 484 2048 1968 1308 473 281 219 835 204 1852 892 409 538 960 116 114 104 66 512 343
is_linear=0
shrinkage=0.00517761


Tree=6
num_leaves=30
num_cat=0
split_feature=42 64 33 41 45 59 3 56 49 53 4 55 54 7 57 47 1 65 48 58 40 27 58 11 57 7 55 41 38
split_gain=19.0202 27.2728 26.655 23.6821 22.0203 19.55 29.412 23.1541 24.1671 20.3782 27.827 19.8606 24.9104 17.035 16.7073 19.2306 17.8464 16.2527 26.8761 15.5174 23.7286 14.7318 14.7267 16.2994 14.5776 14.5749 14.1132 13.8213 12.1568
threshold=0.41421568627450983 2.2500000000000004 1.0000000180025095e-35 2.1500000000000008 9.5000000000000018 -1.0000000180025095e-35 13.500000000000002 0.5590277777777779 0.71825396825396837 6.5000000000000009 2.5000000000000004 1.9500000000000002 34.250000000000007 5.5000000000000009 -2.7499999999999996 35.45000000000001 2.5000000000000004 4.5000000000000009 0.65000000000000002 8.5000000000000018 38.850000000000001 5.5000000000000009 -1.4999999999999998 1.0000000180025095e-35 1.2500000000000002 23.500000000000004 1.0500000000000003 1.9500000000000002 6.5000000000000009
decision_type=2 2 2 2 2 2 2 2 2 2 2 2 2 2 2 2 2 2 2 2 2 2 2 2 2 2 2 2 2
left_child=1 4 5 27 -1 9 7 8 -7 22 13 12 -9 -11 15 16 -8 18 -16 24 -21 -19 26 -24 -5 -10 -2 28 -3
right_child=2 3 -4 19 -6 6 14 11 25 10 -12 -13 -14 -15 17 -17 -18 21 -20 20 -22 -23 23 -25 -26 -27 -28 -29 -30
leaf_value=-0.0012779788741438846 -0.0020716304086485591 -0.00044141950995190413 -0.0063207128740239054 0.00108477806162151 0.0062689385724381159 -0.0051262535945958403 -0.0070091644325693181 0.0027571260132472075 -0.0038171090374861509 -0.00023062394233117737 0.0026496585649411356 0.0040794285268744464 -0.0047266345551040837 -0.0063424019473191868 0.00018751819565097347 0.005560375583117662 0.0020212532393380713 0.0018064219016838095 -0.0072229995657314937 0.0048171959732641254 -0.0072904628548147799 -0.0010971648427307557 0.0057509468803593729 0.0013765480239631234 0.0064274022508642864 0.0049108262436084599 0.0059816673902641903 -0.008739503669864845 -0.0021915656232922246
leaf_weight=17.287333346903324 21.893910307437185 190.48529021441936 14.912531014531849 50.835291583091021 25.739246398210526 65.375014625489712 6.9388137459754935 20.592999380081892 8.7597258724272269 32.832403067499399 60.407915767282248 25.346387155354023 28.145850650966167 19.41910869255662 43.967666041105986 39.435330267995596 36.044956833124161 159.94436932913959 18.630846969783306 6.8401341624557999 11.631918064318596 66.178487343713641 65.015267178416252 35.262262582778931 18.691651336848736 12.186171434819697 7.8777312114834777 6.964287541806697 241.09915846213698
leaf_count=42 100 831 87 179 40 335 32 67 46 114 158 65 142 103 172 90 115 528 108 16 63 276 120 91 38 31 17 58 1195
internal_value=0 -0.000721025 0.00052041 -0.00104502 0.00323929 0.000652709 9.66873e-05 -0.00175546 -0.00357679 0.00187005 0.000257744 0.000367905 -0.00156506 -0.0025073 0.000897365 0.00295245 0.00055483 0.000310154 -0.00202324 0.00140544 -0.00280556 0.000956544 0.00326588 0.00421468 0.00252591 0.00125996 6.76696e-05 -0.00153687 -0.00141931
internal_weight=0 569.574 789.168 526.548 43.0266 774.255 531.547 160.406 86.3209 242.709 112.659 74.0852 48.7389 52.2515 371.14 82.4191 42.9838 288.721 62.5985 87.999 18.4721 226.123 130.049 100.278 69.5269 20.9459 29.7716 438.549 431.584
internal_count=5259 2462 2797 2380 82 2710 2007 686 412 703 375 274 209 217 1321 237 147 1084 280 296 79 804 328 211 217 77 117 2084 2026
is_linear=0
shrinkage=0.00517761


Tree=7
num_leaves=30
num_cat=0
split_feature=42 33 64 41 59 3 57 56 49 7 54 58 61 58 57 38 46 55 47 65 48 62 38 4 4 31 64 28 42
split_gain=23.0314 23.1817 22.7826 24.9726 18.9102 21.2738 19.7543 19.2248 22.6246 17.719 23.125 16.8925 17.4917 16.4787 17.0016 16.1905 16.0245 15.5168 15.0738 14.7366 24.7095 15.9839 14.0231 16.4355 27.2001 18.5567 17.1222 15.1874 13.2018
threshold=0.41421568627450983 1.0000000180025095e-35 2.2500000000000004 2.1500000000000008 -1.0000000180025095e-35 13.500000000000002 -2.7499999999999996 0.5590277777777779 0.71008403361344552 5.5000000000000009 33.550000000000004 -3.4999999999999996 0.084039548022598873 11.500000000000002 2.7500000000000004 95.000000000000014 12.500000000000002 0.95000000000000007 35.350000000000001 4.5000000000000009 0.65000000000000002 1.5000000000000002 7.5000000000000009 3.5000000000000004 1.0000000180025095e-35 15.500000000000002 4.9500000000000011 1.5000000000000002 0.14835164835164832
decision_type=2 2 2 2 2 2 2 2 2 2 2 2 2 2 2 2 2 2 2 2 2 2 2 2 2 2 2 2 2
left_child=2 4 28 22 11 7 18 8 -6 16 -11 12 -2 14 15 -13 -9 -14 -7 20 -8 -21 23 24 -4 -25 -26 -24 -1
right_child=1 -3 3 -5 5 6 19 9 -10 10 -12 13 17 -15 -16 -17 -18 -19 -20 21 -22 -23 27 25 26 -27 -28 -29 -30
leaf_value=0.0055583712692022233 -0.0083691248474508425 -0.0062912835676606172 -0.0017912934142815249 0.0014295017090090237 -0.0050991854483099439 0.00063114623210906566 -0.00021811401420788668 0.00023477529483647736 0.0010536375889982552 0.0050115192358241821 -0.0046761446914535508 0.0039982769709528175 -0.0032009410984905054 -0.0031077356028693507 -0.002301380115758958 -0.00055254348420625665 0.0071061087194958499 0.003468956021907459 0.0048853911746717443 0.0043047785940825093 -0.0079013563447469307 0.000201780360139117 -0.0029296663802162656 -0.0041511566708305322 0.0066555539302967977 0.0036998865841938594 0.00096886642463110564 0.0016751440364620646 -7.3296080724193712e-05
leaf_weight=22.255175292491913 7.189791362732648 12.921889562159775 74.195985134691 86.088349720463157 54.928187733516097 41.719085518270731 44.03910268470645 24.52911689504981 22.576922006905079 8.7237658239901048 26.568029437214136 148.99544366449118 17.199092797935009 13.057942591607569 15.451546438038347 24.366419613361359 14.402719926089047 20.330648589879274 48.032093547284603 29.089172083884478 14.994156472384928 200.52542695775628 206.92784751020372 50.196310319006443 20.826029147952795 9.5601962283253652 44.368750136345625 21.119985204190016 22.306817263364792
leaf_count=36 48 87 325 296 331 141 172 95 81 20 135 325 82 54 62 77 24 55 96 79 108 725 1111 298 38 41 181 90 46
internal_value=0 0.000568926 -0.000805297 -0.0011137 0.000683589 0.000132521 0.0007893 -0.00150503 -0.00330745 0.000378284 -0.00227641 0.00186791 -0.00101004 0.0025056 0.00289479 0.00335865 0.00278468 0.000411885 0.00290987 0.000129403 -0.00217637 0.00072269 -0.00162636 -0.000622172 0.000351902 -0.00289231 0.00279043 -0.00250282 0.00274322
internal_weight=0 789.641 557.845 513.283 776.719 530.128 378.399 151.729 77.5051 74.2236 35.2918 246.591 44.7195 201.871 188.813 173.362 38.9318 37.5297 89.7512 288.648 59.0333 229.615 427.195 199.147 139.391 59.7565 65.1948 228.048 44.562
internal_count=5259 2797 2462 2380 2710 2007 1321 686 412 274 155 703 185 518 464 402 119 137 237 1084 280 804 2084 883 544 339 219 1201 82
is_linear=0
shrinkage=0.00517761


Tree=8
num_leaves=30
num_cat=0
split_feature=42 64 59 61 2 55 5 32 61 41 41 61 54 55 59 57 65 55 2 58 15 49 39 7 55 56 40 42 15
split_gain=17.9941 23.8926 21.9929 20.144 18.2922 31.1494 26.0012 18.5713 17.8345 16.8876 21.1973 16.7441 21.3173 17.9489 18.4443 16.3709 28.6105 17.7992 15.1591 14.5145 12.932 12.751 12.7482 12.3502 11.051 10.9015 9.39785 12.1465 8.38693
threshold=0.63961038961038974 2.5500000000000003 -949.99999999999989 0.50384615384615394 1.0000000180025095e-35 0.55000000000000016 17.500000000000004 1.0000000180025095e-35 0.12220009955201593 4.4500000000000011 1.4500000000000002 0.065395580898075512 34.350000000000001 2.2500000000000004 -1.0000000180025095e-35 -2.2499999999999996 5.5000000000000009 1.0500000000000003 3.5000000000000004 -2.4999999999999996 3.5000000000000004 0.36038961038961043 11.500000000000002 1.0000000180025095e-35 0.95000000000000007 0.65686274509803932 34.95000000000001 0.19375000000000003 11.500000000000002
decision_type=2 2 2 2 2 2 2 2 2 2 2 2 2 2 2 2 2 2 2 2 2 2 2 2 2 2 2 2 2
left_child=1 26 -2 9 5 6 8 11 -3 10 19 12 -6 14 -13 17 -17 -12 -15 22 -14 24 -4 -21 -7 -10 27 -1 -29
right_child=2 4 3 -5 7 21 -8 -9 25 -11 15 13 20 18 -16 16 -18 -19 -20 23 -22 -23 -24 -25 -26 -27 -28 28 -30
leaf_value=0.0033129541431466394 0.0058742274550372701 0.0017221827840786681 -0.0015314492630749026 -0.0059843249229955767 -0.0064203193412532399 -0.007930955435144443 0.0053959228673061254 -0.0073043476416127838 -0.0037374786315111349 -0.004243257781454365 0.0020945235252508303 0.0010536383895948871 0.0030146235929700217 0.0054472392012109537 -0.0010939157471192332 -0.0077053405265585413 0.0018508712429898366 0.0075331801116527578 -0.00045514373375000859 -0.0042185906564362365 -0.0020443931180569256 -0.0074386668828394899 -0.0094282482257896389 0.00088869139599585605 -0.00031372263575492847 0.0028647013242752584 0.0045998532370553121 0.00095247815368210999 -0.0069248971832171231
leaf_weight=19.526858724653721 21.629952289164066 29.735153134912252 44.360171977430582 12.27761637046933 23.559564203023911 7.1087692752480534 16.27077816426754 9.8749929443001729 63.912389723584056 17.635210506618023 39.648880368098617 197.14546697773039 18.20525836572051 30.337783738970757 234.84876739047468 9.0636629555374366 104.93172240257263 27.222392790019512 18.907917905598879 13.473903860896824 52.319486744701862 32.677718590945005 6.1945883370935908 202.89796708896756 17.730898026376963 7.43985591828823 31.019485630095005 7.3035120666027051 7.0949352756142616
leaf_count=40 38 124 218 72 152 53 43 65 367 73 116 695 73 56 1055 50 331 42 78 62 254 258 42 681 89 26 58 22 26
internal_value=0 -0.000469512 0.000775702 0.000544055 -0.000727139 -0.00219615 -0.000665311 -0.000287946 -0.00164386 0.000717105 0.000913067 -0.00016668 -0.00216356 0.000223951 -0.000113831 0.00228122 0.00108699 0.00431386 0.00318334 -1.42971e-05 -0.000736781 -0.00531521 -0.00251022 0.000569434 -0.00250916 -0.00304698 0.00254319 0.000657236 -0.0029427
internal_weight=0 825.02 499.336 477.706 760.075 174.876 117.358 585.199 101.087 465.429 447.793 575.324 94.0843 481.24 431.994 180.867 113.995 66.8713 49.2457 266.927 70.5247 57.5174 50.5548 216.372 24.8397 71.3522 64.9448 33.9253 14.3984
internal_count=5259 3534 1725 1687 3388 960 560 2428 517 1615 1542 2363 479 1884 1750 539 381 158 134 1003 327 400 260 743 142 393 146 88 48
is_linear=0
shrinkage=0.00517761


Tree=9
num_leaves=30
num_cat=0
split_feature=42 33 64 41 38 64 48 13 15 54 5 28 48 40 45 4 29 19 0 42 2 63 15 58 40 47 19 48 57
split_gain=20.11 25.7373 22.3085 21.1157 17.58 16.1699 20.3696 14.4157 15.3151 15.455 13.7235 13.6686 13.1219 13.0564 12.9643 12.4058 17.3375 16.2425 12.2138 21.0362 13.1914 12.0566 11.6573 10.9619 27.7081 15.7551 9.96473 16.3202 11.2121
threshold=0.41421568627450983 1.0000000180025095e-35 2.2500000000000004 2.1500000000000008 7.5000000000000009 8.2500000000000018 5.6500000000000012 12.500000000000002 55.500000000000007 34.550000000000004 1.0000000180025095e-35 1.5000000000000002 8.9500000000000011 35.050000000000004 9.5000000000000018 3.5000000000000004 1.0000000180025095e-35 1.0000000180025095e-35 1.5000000000000002 0.75735294117647067 29.500000000000004 6.5000000000000009 60.000000000000007 8.5000000000000018 38.850000000000001 34.850000000000001 1.5000000000000002 1.3500000000000003 3.2500000000000004
decision_type=2 2 2 2 2 2 2 2 2 2 2 2 2 2 2 2 2 2 2 2 2 2 2 2 2 2 2 2 2
left_child=2 7 14 4 5 15 10 8 12 21 -7 26 18 -13 -1 17 -17 -4 19 -2 -20 -10 -11 25 -25 -5 28 -28 -6
right_child=1 -3 3 23 11 6 -8 -9 9 22 -12 13 -14 -15 -16 16 -18 -19 20 -21 -22 -23 -24 24 -26 -27 27 -29 -30
leaf_value=-0.000765472583715974 -0.0018903503416459429 -0.0072016703166857482 -0.0014015511092894293 -0.0036565812363711201 -0.00090478533418709072 -0.0044881764205445289 0.0082795116962807707 -0.0066013150492678944 -0.0051139921947458604 0.0079467778915528701 -0.00074949181798604015 0.0045788334026889447 0.0069977047928037146 -0.003607233686051205 0.0052032486126743467 -0.007329744955954307 0.0032134147553665722 0.0045189778649745715 0.0011439890345215991 0.00096950409992387066 -0.0044994956981215355 0.0027646070817908576 0.0020105457554962587 0.0052740565146521482 -0.0081111203856406439 0.0032180484595245285 -0.0049407924519589775 -0.00031908195824212424 -0.0077742230107044836
leaf_weight=15.866382732987402 133.69370638951659 11.295502122491596 18.195508293807507 10.479640074074267 69.587633468210697 40.107246957719326 5.3011643290519705 7.216391332447528 8.1603037714958209 20.283967941999435 76.437681267037988 13.090504489839079 8.1818210184574109 8.599885977804659 25.193711474537849 8.929777070879938 7.7576343491673461 38.899694431573153 403.93251814506948 142.24449258670211 11.352768015116451 14.119989879429339 15.826103225350378 7.110426232218745 9.7630079071968776 58.772504400461912 93.479689667001367 26.239724963903427 6.9488098248839369
leaf_count=42 628 87 64 52 347 228 7 45 38 27 393 39 14 51 40 63 32 96 1346 471 52 43 46 16 63 165 587 133 44
internal_value=0 0.000533953 -0.000766506 -0.00106807 -0.00155375 -0.000426742 -0.00158479 0.00064879 0.000718409 0.00326438 -0.00203797 -0.00256488 0.000505561 0.00133184 0.00289917 0.00148532 -0.00243479 0.00263265 0.000428045 -0.000416214 0.000989007 -0.000127336 0.00535366 0.0012635 -0.00247175 0.00217517 -0.00299588 -0.0039286 -0.00153471
internal_weight=0 776.308 540.761 499.701 413.575 195.629 121.846 765.012 757.796 58.3904 116.545 217.946 699.405 21.6904 41.0601 73.7826 16.6874 57.0952 691.223 275.938 415.285 22.2803 36.1101 86.1256 16.8734 69.2521 196.256 119.719 76.5364
internal_count=5259 2797 2462 2380 2084 883 628 2710 2665 154 621 1201 2511 90 82 255 95 160 2497 1099 1398 81 73 296 79 217 1111 720 391
is_linear=0
shrinkage=0.00517761


Tree=10
num_leaves=30
num_cat=0
split_feature=42 64 13 24 59 47 64 53 4 7 26 60 41 42 45 49 7 61 61 57 7 45 41 40 55 19 60 53 19
split_gain=17.319 27.0667 16.4831 15.9333 13.6139 19.844 16.0311 13.5577 27.2078 20.1589 15.6347 17.8663 13.2605 17.6855 15.2825 15.0918 14.5853 13.072 22.1699 12.8118 12.3178 22.8981 11.9468 15.6434 17.0699 18.1266 16.7405 11.5063 19.1515
threshold=0.31009615384615391 2.2500000000000004 12.500000000000002 5.5000000000000009 -74.999999999999986 33.550000000000004 140.85000000000005 6.5000000000000009 2.5000000000000004 5.5000000000000009 1.0000000180025095e-35 0.066228070175438566 1.2500000000000002 0.93541666666666667 135.00000000000003 0.87867647058823539 1.0000000180025095e-35 0.14670014347202293 0.17089216944801022 -5.2499999999999991 21.500000000000004 9.5000000000000018 2.1500000000000008 33.850000000000001 0.95000000000000007 1.5000000000000002 0.21294035577258458 10.500000000000002 36.500000000000007
decision_type=2 2 2 2 2 2 2 2 2 2 2 2 2 2 2 2 2 2 2 2 2 2 2 2 2 2 2 2 2
left_child=1 -1 4 22 7 6 17 19 9 -9 -10 -12 13 15 16 -7 -14 -6 -19 -2 -21 -22 23 -3 25 -25 -26 28 -24
right_child=2 3 -4 -5 5 12 -8 8 10 -11 11 -13 14 -15 -16 -17 -18 18 -20 20 21 -23 27 24 26 -27 -28 -29 -30
leaf_value=0.0035757669137658973 -0.0034560386027644259 -0.00039668625164259201 -0.0059285122031483483 0.0073611939160192633 -0.0075086734341867764 -0.0003966695104829531 0.0028196202148179383 -0.00028249646334907094 0.0035130302019773332 -0.0069880969306885445 -0.008801634426074673 0.0029597754641505626 0.0042200146008479072 -0.0045966976335464378 0.0057784097913278105 0.003409952942289904 0.00037628813055108737 0.0050119768583140774 -0.0038909495526597399 0.0039063893197208988 -0.0041508658290149636 0.0031205829835645109 -0.0045302420636797094 -0.0013868956489108937 -0.0014290920878219245 -0.0054427587374422147 0.007622884265278203 0.0029002531667308086 0.0057584494357592582
leaf_weight=33.27900642156601 9.291940860450266 123.15155744738877 10.830919515341519 5.549055039882659 16.197605295106769 241.07905730418861 12.881284870207308 33.372218120843172 54.464349549263716 18.723488967865705 6.5502735674381238 7.2109936811029911 30.807430524379015 23.881516221910715 18.852287091314793 31.510023590177298 185.48588753305376 9.3093834184110147 37.466330725699663 95.372061043977737 17.000016987323761 36.25055630132556 18.39691182225943 48.264597665518522 54.42758472263813 76.328889228403568 6.0229959338903418 30.673516968265176 6.5152975097298613
leaf_count=63 36 537 71 11 97 1040 42 134 135 123 36 21 79 134 41 95 680 21 197 210 64 102 104 241 323 513 12 86 11
internal_value=0 -0.000891993 0.000400605 -0.00129515 0.000478444 4.39653e-05 -0.00243219 0.00142678 0.000117204 -0.00269844 0.00226778 -0.00265351 0.000397549 -0.00033069 0.00131557 4.4059e-05 0.000924911 -0.00350838 -0.00211438 0.0024241 0.00279314 0.000796833 -0.00142852 -0.00182695 -0.00277832 -0.00387323 -0.000519763 0.00078002 -0.0018311
internal_weight=0 402.609 896.538 369.33 885.707 607.471 75.8546 278.236 120.321 52.0957 68.2256 13.7613 531.616 296.471 235.146 272.589 216.293 62.9733 46.7757 157.915 148.623 53.2506 363.781 308.196 185.044 124.593 60.4506 55.5857 24.9122
internal_count=5259 1901 3358 1838 3287 2426 357 861 449 257 192 57 2069 1269 800 1135 759 315 218 412 376 166 1827 1626 1089 754 335 201 115
is_linear=0
shrinkage=0.00517761


Tree=11
num_leaves=30
num_cat=0
split_feature=42 64 13 24 59 65 47 56 64 45 58 3 7 39 55 47 55 40 40 60 47 3 61 19 63 12 62 29 58
split_gain=16.129 22.7164 15.773 14.613 14.0638 18.5835 20.9035 17.2377 19.6945 19.1987 15.3871 13.5742 14.481 16.416 13.5976 16.3048 12.8621 22.2629 21.2939 18.1394 15.3526 12.3759 13.0582 12.3688 12.321 12.7456 11.5896 11.9441 11.0523
threshold=0.31009615384615391 2.5500000000000003 12.500000000000002 5.5000000000000009 -74.999999999999986 11.500000000000002 33.550000000000004 0.17156862745098037 19.850000000000005 105.00000000000001 -10.499999999999998 38.500000000000007 5.5000000000000009 1.5000000000000002 2.1500000000000008 35.150000000000013 0.95000000000000007 33.850000000000001 36.250000000000007 0.16929280397022334 39.550000000000004 56.500000000000007 0.14670014347202293 1.5000000000000002 2.5000000000000004 3.5000000000000004 4.5000000000000009 1.0000000180025095e-35 -7.4999999999999991
decision_type=2 2 2 2 2 2 2 2 2 2 2 2 2 2 2 2 2 2 2 2 2 2 2 2 2 2 2 2 2
left_child=1 26 4 16 10 6 21 8 -8 -9 -2 12 28 -14 15 -13 17 24 19 -18 -20 22 -6 -19 -3 -26 -1 -28 -7
right_child=2 3 -4 -5 5 11 7 9 -10 -11 -12 14 13 -15 -16 -17 18 23 20 -21 -22 -23 -24 -25 25 -27 27 -29 -30
leaf_value=-0.0013404024675871286 -0.0064133752036768642 -0.0041868983202434729 -0.0059524221479628431 0.0071750816059682034 -0.0076269056114145126 0.0069954132135960443 -0.0011386271865996551 -0.00038096735012078822 0.0040682481374390176 -0.0060378962274690844 0.0016206541672333799 0.0038867280026712572 0.0069611023359775004 -0.0025163147054445244 0.0062337886703173855 -0.0019151107689775032 -0.0054844213321350562 -0.0015157345270153902 0.002555939247810906 0.004855945037929907 -0.0044372630256325823 -0.0071434024216409575 -0.00017450542640481923 -0.0047285692203648715 0.0011126935130863864 -0.0043673626910520061 0.0010085949441495103 0.007845171579798256 0.00086132398750078372
leaf_weight=12.2595834210515 6.4816168136894694 18.938180115073919 10.329091921448706 5.3381144367158404 8.0565629638731462 10.655258521437643 32.409957697615027 276.93935953825712 48.628517143428326 17.009755544364452 269.65341648831964 32.659777235239744 5.368363667279481 49.867471540346742 24.495836906135082 21.472206763923168 24.230060189962391 52.994812343269587 63.700535845011473 5.5403621494770041 9.6333644706755859 17.515592783689499 28.157818622887135 81.857197163626552 84.032273272052407 13.091699223965405 12.714114524424078 14.85038188099861 29.750966902822256
leaf_count=34 37 94 71 11 59 19 159 1116 122 91 824 90 12 255 52 98 169 270 234 17 61 115 117 555 332 72 34 18 121
internal_value=0 -0.000864575 0.000388052 -0.00127587 0.000462996 1.97863e-05 -0.000559723 -0.000126686 0.00198655 -0.000709616 0.00143056 0.00144513 0.000134468 -0.00158788 0.00303788 0.00158572 -0.00140463 -0.00203712 0.000134858 -0.00355337 0.00163405 -0.00357796 -0.00184346 -0.00346738 -0.000374228 0.000371491 0.00284259 0.00470196 0.00248783
internal_weight=0 399.181 889.452 359.357 879.122 602.987 428.718 374.988 81.0385 293.949 276.135 174.27 95.6421 55.2358 78.6278 54.132 354.018 250.914 103.104 29.7704 73.3339 53.73 36.2144 134.852 116.062 97.124 39.8241 27.5645 40.4062
internal_count=5259 1901 3358 1815 3287 2426 1779 1488 281 1207 861 647 407 267 240 188 1804 1323 481 186 295 291 176 825 498 404 86 52 140
is_linear=0
shrinkage=0.00517761


Tree=12
num_leaves=23
num_cat=0
split_feature=27 14 42 64 15 15 30 19 48 53 19 41 58 41 40 24 45 41 16 63 14 54
split_gain=14.718 19.0832 14.2939 22.546 18.0577 19.6382 15.5819 21.3068 14.2209 14.5959 21.1963 17.3203 12.6937 10.0581 10.4351 11.8095 9.78874 8.63662 3.74321 3.66525 1.93275 0.456099
threshold=31.000000000000004 11.500000000000002 0.31009615384615391 2.2500000000000004 64.500000000000014 55.500000000000007 2.5000000000000004 19.500000000000004 5.6500000000000012 10.500000000000002 1.5000000000000002 0.75000000000000011 5.5000000000000009 1.5500000000000003 34.45000000000001 2.5000000000000004 9.5000000000000018 1.6500000000000001 1.0000000180025095e-35 5.5000000000000009 15.000000000000002 34.350000000000001
decision_type=2 2 2 2 2 2 2 2 2 2 2 2 2 2 2 2 2 2 2 2 2 2
left_child=1 2 3 16 5 6 7 -4 9 10 -5 -11 -8 14 15 -3 -1 21 -16 -7 -2 -6
right_child=20 13 4 8 17 19 12 -9 -10 11 -12 -13 -14 -15 18 -17 -18 -19 -20 -21 -22 -23
leaf_value=0.00025317334093563073 -0.0043088452230787494 -0.0043041621483656768 0.00050057376047204431 -0.0002629747807475054 -0.0067675886157087606 0.0025778534564033428 0.0013192654574201088 -0.0017805126731767239 0.0055435872968260455 -0.0047873836234057447 -0.0032294665127691777 0.0019484636196700723 0.0090220718982277556 -0.002262691684056213 0.0075091749532973148 0.00441963258461835 0.0063918794920667828 0.0012401079524261486 0.0037152239192555464 0.0067648296319837006 -0.0094466821132385241 -0.0093295897481533909
leaf_weight=13.059439681470396 4.1806598082184774 7.1008539237082031 653.76905785687268 109.66981759294868 5.0551086571067554 9.6547414660453814 14.656381607055666 131.8544056750834 7.8780219703912726 12.52175162360072 157.00890254229307 54.666853321716189 9.3874455764889699 8.0601076781749708 16.410276554524902 9.8504195138812047 14.870741143822668 3.5959896408021441 12.516397573053835 13.736586309969423 4.0236208885908127 4.9367127642035484
leaf_count=31 30 37 2450 505 37 29 54 575 17 89 958 197 12 32 27 29 22 15 32 27 18 36
internal_value=0 4.48223e-05 -8.88856e-05 -0.000938213 0.000281998 0.000378777 0.000243445 0.000117605 -0.00130395 -0.00146661 -0.0020099 0.000689569 0.0043434 0.0030565 0.00399303 0.00076241 0.00352915 -0.00562414 0.00587996 0.00504903 -0.00688464 -0.00808698
internal_weight=0 1270.26 1216.32 369.676 846.646 833.059 809.667 785.623 341.745 333.867 266.679 67.1886 24.0438 53.9381 45.8779 16.9513 27.9302 13.5878 28.9267 23.3913 8.20428 9.99182
internal_count=5259 5211 5054 1819 3235 3147 3091 3025 1766 1749 1463 286 66 157 125 66 53 88 59 56 48 73
is_linear=0
shrinkage=0.00517761


Tree=13
num_leaves=30
num_cat=0
split_feature=2 15 8 2 57 52 41 59 38 48 48 38 0 57 60 58 64 27 65 7 56 64 18 63 18 26 46 42 54
split_gain=14.3776 21.0132 18.8482 17.5551 21.3214 14.2854 18.8254 21.0431 19.6339 17.9749 18.3197 17.3951 16.5249 16.2813 16.1136 15.4029 13.041 21.7847 15.1934 12.5177 12.1783 11.888 11.607 13.9948 15.7159 11.1749 8.32665 6.63791 5.69072
threshold=32.500000000000007 57.500000000000007 1.5000000000000002 27.500000000000004 -4.7499999999999991 10.500000000000002 1.2500000000000002 -174.99999999999997 8.5000000000000018 5.6500000000000012 3.9500000000000006 25.000000000000004 4.5000000000000009 1.7500000000000002 0.17694497153700192 24.500000000000004 13.15 1.5000000000000002 14.500000000000002 45.000000000000007 0.32291666666666669 12.050000000000002 1.5000000000000002 6.5000000000000009 1.0000000180025095e-35 1.0000000180025095e-35 2.5000000000000004 0.55050505050505061 34.650000000000013
decision_type=2 2 2 2 2 2 2 2 2 2 2 2 2 2 2 2 2 2 2 2 2 2 2 2 2 2 2 2 2
left_child=3 -2 22 5 -5 9 7 13 12 10 14 -10 -9 21 19 16 17 -8 -18 -1 -16 -7 23 24 -3 -6 -4 -15 -25
right_child=1 2 26 4 25 6 15 8 11 -11 -12 -13 -14 27 20 -17 18 -19 -20 -21 -22 -23 -24 28 -26 -27 -28 -29 -30
leaf_value=-0.00044672090541114304 -0.0054853858731121249 -0.0068964437543150353 0.0013831822684903156 0.0054841191708754743 -0.00019920461356112796 0.0048383827620229296 -0.0069898667348652381 0.0033687854113562243 -0.0044034520281292277 0.0045846348184709028 -0.0088130827827953076 -0.00089248661039005898 -0.0031466101790119951 -0.00078809330041142969 0.0033597505958930535 -0.005967669616925712 0.0028284648135228651 0.002130696056236009 -0.00066744463873488801 -0.002280436280013151 -0.0012158796340117535 0.00076200543397917124 0.0079340992844763973 0.0022449070305139629 0.0043898226907651411 -0.0071775040739622238 -0.0087419869877181436 -0.0084791878160393776 0.0070275586877666359
leaf_weight=323.30597082152963 8.3563617505133134 6.9715681746602041 4.1450504474341852 5.7485366091132155 8.3967715874314326 37.995798617601395 11.529852315783502 40.368548516184092 51.599707812070847 17.178596690297127 7.4487021639943114 141.46932202577591 14.006862562149761 8.9345589242875558 42.805809944868088 7.006920499727129 185.41261195018888 17.736186947673559 40.596599292010069 144.32640308886766 24.461543142795563 38.72374427691102 16.534167297184467 12.128404904156925 6.1781663149595261 22.999439992010593 4.482365570962429 4.4825142063200465 15.007300712168215
leaf_count=1383 49 35 15 13 40 103 63 138 297 38 52 675 76 48 126 37 563 54 187 718 97 134 28 40 14 147 35 26 28
internal_value=0 0.00221683 0.00320489 -0.000136851 -0.0036374 -2.44945e-05 0.00053054 -0.000277936 -0.00105813 -0.000619543 -0.000784932 -0.00183204 0.00168857 0.00186301 -0.000672051 0.00157095 0.00177939 -0.00146998 0.00220048 -0.00101292 0.0016962 0.00278335 0.00428755 0.00278023 -0.00159796 -0.0053157 -0.00390321 -0.003387 0.00490079
internal_weight=0 73.8034 65.447 1196.54 37.1447 1159.39 599.863 337.581 247.444 559.527 542.348 193.069 54.3754 90.1366 534.9 262.282 255.275 29.266 226.009 467.632 67.2674 76.7195 56.8196 40.2854 13.1497 31.3962 8.62742 13.4171 27.1357
internal_count=5259 244 195 5015 200 4815 2401 1497 1186 2414 2376 972 214 311 2324 904 867 117 750 2101 223 237 145 117 49 187 50 74 68
is_linear=0
shrinkage=0.00517761


Tree=14
num_leaves=30
num_cat=0
split_feature=42 64 33 60 24 48 59 41 38 40 62 54 58 39 6 45 48 59 8 17 61 53 15 62 29 47 62 56 42
split_gain=15.4227 20.8518 15.1435 12.9094 13.1744 12.6261 11.858 11.8092 17.9127 15.6615 10.8954 10.8143 10.6424 21.0117 21.8919 19.4775 16.2961 12.8085 19.9533 22.5128 18.5162 16.5324 16.0136 12.3293 10.2411 9.70248 9.67491 8.09589 7.41455
threshold=0.31009615384615391 2.5500000000000003 1.0000000180025095e-35 0.21294035577258458 5.5000000000000009 5.6500000000000012 590.00000000000011 2.1500000000000008 7.5000000000000009 34.550000000000004 4.5000000000000009 35.95000000000001 -2.4999999999999996 13.500000000000002 1.5000000000000002 3.5000000000000004 3.4500000000000006 -74.999999999999986 1.0000000180025095e-35 2.5000000000000004 0.05594679186228476 9.5000000000000018 15.500000000000002 3.5000000000000004 1.0000000180025095e-35 34.45000000000001 3.5000000000000004 0.18465909090909091 0.80625000000000013
decision_type=2 2 2 2 2 2 2 2 2 2 2 2 2 2 2 2 2 2 2 2 2 2 2 2 2 2 2 2 2
left_child=1 10 6 4 5 7 12 9 -9 -3 -1 26 13 15 28 -2 -17 21 19 -19 -20 25 -23 -16 -12 -14 -5 -4 -15
right_child=2 3 27 11 -6 -7 -8 8 -10 -11 24 -13 17 14 23 16 -18 18 20 -21 -22 22 -24 -25 -26 -27 -28 -29 -30
leaf_value=-0.0013366078236838864 0.0036712919692681546 -0.0010247403402001134 0.00081544521677134603 0.0043199824767625166 0.0063585075899891246 0.0049462796740402338 -0.0057476870690761272 -0.0066795830173890462 0.0017956233966256701 -0.0035466739264520836 0.0012071437382657913 0.0068662142363525502 0.0040933886496622033 0.0023644552820176307 0.003034664541649126 -0.002813751074344369 0.0033202115646414777 0.00016961339708950249 -0.0041426302075976869 -0.0043049227318039274 0.0030827854294154743 -0.0031658077426030629 0.0025447901810098962 -0.0082630216120114282 0.0076329631608686157 0.001570018393033962 -0.0052598209949490443 -0.0071082473204182872 0.0082006207731133533
leaf_weight=12.064113333821295 17.278016641736031 136.69786008447409 5.0284797176718703 5.3415441289544123 5.5445036664605132 7.5441837832331649 8.0743283629417402 7.8479779027402392 42.994808331131935 127.74680094979703 12.693089634180071 9.203763119876383 71.598441176116467 10.185473453253509 4.6186480447649938 112.67693708091974 12.887253344058989 321.35762262158096 10.541074611246584 33.19675274938345 92.280055698007345 29.895814187824726 23.415786229074001 5.7494893670082092 13.970115989446638 95.352022524923086 5.8550158031284809 10.897267084568737 13.840154103934763
leaf_count=34 45 657 21 17 11 17 49 48 138 876 34 19 147 34 18 595 35 1271 53 177 287 133 73 40 18 276 32 84 20
internal_value=0 -0.00086042 0.000379403 -0.00126076 -0.00150917 -0.00164559 0.000471892 -0.00180434 0.000480325 -0.00224363 0.00274085 0.00272964 0.000531082 -0.000598324 0.00303098 -0.00147323 -0.00218273 0.000826516 0.000332414 -0.000250045 0.00233981 0.00185209 -0.000657424 -0.00324244 0.00458469 0.00265342 -0.000690574 -0.00461302 0.00573993
internal_weight=0 387.504 878.874 348.776 328.376 322.832 862.948 315.287 50.8428 264.445 38.7273 20.4003 854.874 177.236 34.3938 142.842 125.564 677.638 457.376 354.554 102.821 220.262 53.3116 10.3681 26.6632 166.95 11.1966 15.9257 24.0256
internal_count=5259 1901 3358 1815 1747 1736 3253 1719 186 1533 86 68 3204 787 112 675 630 2417 1788 1448 340 629 206 58 52 423 49 105 54
is_linear=0
shrinkage=0.00517761


Tree=15
num_leaves=30
num_cat=0
split_feature=64 42 60 61 32 42 2 30 58 47 59 47 64 64 24 40 58 64 64 54 62 58 11 27 38 62 56 41 60
split_gain=12.9399 20.0631 12.9437 12.477 12.4654 12.3786 13.0924 11.7884 13.4576 11.7128 11.2987 19.0037 19.6439 15.7048 12.486 11.1863 10.9102 10.7324 10.061 8.19044 9.32157 7.2055 6.45688 7.74963 8.68954 7.66224 4.99541 0.610987 0.492627
threshold=2.5500000000000003 0.31009615384615391 0.21294035577258458 0.47092630155510479 1.0000000180025095e-35 0.2817460317460318 36.500000000000007 2.5000000000000004 5.5000000000000009 34.050000000000004 -74.999999999999986 33.550000000000004 140.85000000000005 3.2500000000000004 2.5000000000000004 38.250000000000007 -8.4999999999999982 69.600000000000009 163.05000000000004 35.95000000000001 3.5000000000000004 1.5000000000000002 6.5000000000000009 1.0000000180025095e-35 12.500000000000002 4.5000000000000009 0.38675213675213677 0.35000000000000003 0.10557275541795662
decision_type=2 2 2 2 2 2 2 2 2 2 2 2 2 2 2 2 2 2 2 2 2 2 2 2 2 2 2 2 2
left_child=22 2 3 5 7 6 15 10 9 -9 14 12 -12 -13 16 -2 -3 28 27 20 -4 -8 23 25 -25 -1 -26 -7 -6
right_child=1 4 19 -5 17 18 21 8 -10 -11 11 13 -14 -15 -16 -17 -18 -19 -20 -21 -22 -23 -24 24 26 -27 -28 -29 -30
leaf_value=-0.0035210403261952475 -0.0018272781242379761 -0.0047778320411906933 0.0044391494440109754 -0.0080770269173974906 -0.0094800974603183215 -0.0056336119790365733 0.00025019231312318476 0.0049289365778059195 0.0083834152090789243 -0.0042043321870490254 -0.0043627366056743335 -0.0078942095951349718 0.0029420973562989759 0.00029785431071268888 0.0056278247543784668 0.00060429147810056095 0.001097357322044632 0.0025830770627187742 0.0026326817189474723 0.0061962863081737223 -0.0049715961519979888 0.0077544796063556904 -0.0019011966813644069 0.0061756630508711498 -0.0017305807842406349 0.00268899357252835 0.0040172008378067314 -0.0083238462007395007 -0.0063331933807939771
leaf_weight=8.5341124683618563 221.86372180655599 8.7372621148824674 5.5655752643942851 7.3378489520400754 5.0409074723720533 3.8807681836187866 7.0582678727805597 8.0835704095661658 10.316724129021166 6.9298516847193232 48.406859409064054 6.2897370047867289 12.340824976563452 483.58750022575259 15.773080367594956 65.704403826966882 226.70826072990894 3.3576337173581123 3.1658922731876364 9.8039011284708959 5.5887957811355591 6.6179535575211048 9.1351951211690885 23.049456603825092 7.8614446967840221 13.926055967807768 8.2392225265502912 9.5284364782273752 2.7465033531188965
leaf_count=32 1242 54 17 50 41 31 36 24 15 39 287 45 40 1930 35 288 716 12 14 19 32 15 32 44 30 33 16 71 19
internal_value=0 -0.00012853 -0.00117715 -0.0014315 0.000304464 -0.0012764 -0.00103598 0.000377941 0.00385095 0.000712921 0.000267914 -0.000147239 -0.00287709 0.00019161 0.00117767 -0.00127168 0.000878029 -0.0051185 -0.005624 0.00276077 -0.00027705 0.00390177 0.00214998 0.00275214 0.00414112 0.000325739 0.00121481 -0.00757714 -0.0084336
internal_weight=0 1184.43 346.116 325.157 838.319 317.819 301.244 827.174 25.3301 15.0134 801.844 550.625 60.7477 489.877 251.219 287.568 235.446 11.145 16.5751 20.9583 11.1544 13.6762 70.7455 61.6103 39.1501 22.4602 16.1007 13.4092 7.78741
internal_count=5259 5072 1815 1747 3257 1697 1581 3185 78 63 3107 2302 327 1975 805 1530 770 72 116 68 49 51 187 155 90 65 46 102 60
is_linear=0
shrinkage=0.00517761


Tree=16
num_leaves=30
num_cat=0
split_feature=42 64 33 30 19 47 7 52 15 49 61 42 58 60 24 24 47 42 40 54 15 64 60 42 49 4 52 42 49
split_gain=13.5741 19.1237 12.6753 15.5992 18.4799 18.1276 14.2786 15.0428 14.7085 14.0466 13.7882 12.7638 12.6916 12.0046 11.7916 11.4733 10.7238 9.81593 10.0302 14.973 12.037 9.99964 8.95467 8.03583 7.5384 7.38583 6.81195 3.92424 1.92365
threshold=0.31009615384615391 2.2500000000000004 1.0000000180025095e-35 2.5000000000000004 19.500000000000004 33.45000000000001 91.000000000000014 115.00000000000001 17.500000000000004 0.93095238095238109 0.35346173867777203 0.37980769230769235 5.5000000000000009 0.20864427860696519 3.5000000000000004 5.5000000000000009 34.050000000000004 0.2817460317460318 38.250000000000007 35.750000000000007 33.500000000000007 163.05000000000004 0.11410488245931276 0.48529411764705882 0.97222222222222232 6.5000000000000009 8.5000000000000018 0.5590277777777779 0.45804195804195807
decision_type=2 2 2 2 2 2 2 2 2 2 2 2 2 2 2 2 2 2 2 2 2 2 2 2 2 2 2 2 2
left_child=1 25 3 4 6 27 7 14 -9 10 -7 -4 16 15 -2 17 -5 18 19 -3 -20 -19 23 -8 -11 -1 -15 -6 -13
right_child=2 13 11 12 5 9 22 8 -10 24 -12 28 -14 26 -16 -17 -18 21 20 -21 -22 -23 -24 -25 -26 -27 -28 -29 -30
leaf_value=0.0010363543628419136 0.00058185099244348402 -0.0012963907226011815 0.0044200658359624468 0.005357099247619573 -0.0034102961555485664 -0.0024704662169302504 0.005497843920299411 -0.0010928581646898639 -0.009431972377845951 0.0069620766066531047 0.0021566808996127322 -0.0045797020486989456 0.0082999523697770312 0.0044147375716414583 0.0048133988790371946 0.0060360436721386074 -0.003388141406292166 -0.0075698394177836229 0.0010625128768034552 -0.0049451985881916903 -0.0072142540052784433 0.0026638987217129885 0.00815658012924869 -0.0030444440310491592 0.00013207346933198009 0.0061827365704528328 -0.0015290941344830199 -0.0090816211035662751 -0.0089736509364953931
leaf_weight=19.213922485709194 614.66155667603016 200.35805504024029 3.3441025316715232 7.7080116048455256 5.3724152557551852 82.422524742782116 6.3849681131541747 28.455922685563564 7.022697400301694 8.5585711002349854 21.777120269834995 5.1449073143303377 11.877612330019472 15.394775532186033 18.111774295568466 5.3657978549599639 7.2152658142149448 12.667734511196612 61.503088114783168 35.445814467966557 5.034576602280139 3.1666027083992949 10.599089145660399 5.3838619664311409 8.7124846540391445 12.209094151854513 7.7219125032424918 8.8092999607324582 6.1883388943970203
leaf_count=41 2269 1077 10 20 38 405 17 132 47 15 68 39 15 40 45 11 43 104 264 263 29 14 15 33 34 22 36 57 56
internal_value=0 -0.000818681 0.000356737 0.000438973 0.000312693 -0.00143397 0.000655887 0.000519423 -0.00275815 -0.0007854 -0.00150261 -0.0044031 0.00432162 -0.00116943 0.000703469 -0.00142708 0.0011322 -0.00155419 -0.00134529 -0.00184613 0.000429627 -0.00552036 0.00471902 0.00159439 0.0035306 0.00304489 0.00243033 -0.00695935 -0.00701757
internal_weight=0 378.081 867.751 853.073 826.272 135.652 690.62 668.252 35.4786 121.471 104.2 14.6773 26.8009 346.658 632.773 323.542 14.9233 318.176 302.342 235.804 66.5377 15.8343 22.3679 11.7688 17.2711 31.423 23.1167 14.1817 11.3332
internal_count=5259 1901 3358 3253 3175 617 2558 2493 179 522 473 105 78 1838 2314 1762 63 1751 1633 1340 293 118 65 50 49 63 76 95 95
is_linear=0
shrinkage=0.00517761


Tree=17
num_leaves=30
num_cat=0
split_feature=42 64 33 30 19 19 52 61 47 14 49 8 23 38 49 42 58 47 24 60 42 41 49 38 64 0 55 62 42
split_gain=13.1618 15.5501 12.1316 11.9949 17.8562 16.1731 17.6626 17.4685 15.8951 12.8788 15.9709 12.1899 20.8732 12.8778 12.1383 11.8744 10.7186 11.0804 10.4807 10.8086 10.0655 9.43092 13.141 11.8271 8.68949 7.09596 6.74781 10.8622 3.55213
threshold=0.31009615384615391 2.2500000000000004 1.0000000180025095e-35 2.5000000000000004 19.500000000000004 17.500000000000004 13.500000000000002 0.28490259740259744 33.45000000000001 2.5000000000000004 0.3550420168067227 1.0000000180025095e-35 1.0000000180025095e-35 45.000000000000007 0.88562091503267981 0.37980769230769235 5.5000000000000009 34.050000000000004 5.5000000000000009 0.20864427860696519 0.2817460317460318 2.1500000000000008 0.59411764705882364 7.5000000000000009 163.05000000000004 4.5000000000000009 1.0500000000000003 3.5000000000000004 0.5590277777777779
decision_type=2 2 2 2 2 2 2 2 2 2 2 2 2 2 2 2 2 2 2 2 2 2 2 2 2 2 2 2 2
left_child=1 25 3 4 5 11 7 -7 28 10 -10 12 -2 -13 -11 -4 17 -5 19 20 21 23 -23 -3 -22 -1 27 -21 -6
right_child=2 18 15 16 8 6 -8 -9 9 14 -12 13 -14 -15 -16 -17 -18 -19 -20 26 24 22 -24 -25 -26 -27 -28 -29 -30
leaf_value=0.0045450403896990363 0.0005350699168264083 -0.00071001571351732816 0.0040182918717976855 0.0050987178643756362 -0.0034246718345430421 -0.0068859769945235228 0.0063571078934933217 0.0049507335591150569 -0.006835358415446675 -0.0001583445662120845 -0.00091383859055333306 0.0031562005582189507 -0.0025160204708429878 -0.0013673170305313241 0.0060599355608344195 -0.0071396908966023503 0.0075232448602522315 -0.0036518397227651113 0.0057341299251204431 0.0042864137534502971 -0.0077017794538983544 0.0021922176379275144 -0.0049172623448208849 -0.0029749398180926386 0.0017260942287287205 -0.00051136138426249942 0.0053429756864455192 -0.0050340381014144257 -0.008972415505118847
leaf_weight=19.816322624683384 489.04111745208502 142.95697613433003 3.3244582563638678 8.1365386024117488 5.2364434674382192 6.6342595107853395 25.9288977868855 6.6044576428830624 15.79071022570133 39.083251178264618 53.224784135818481 75.496637392789125 68.464867107570171 21.677776593714952 10.65690618008375 10.500040497630833 11.738083660602568 7.2960417717695227 5.7894376814365378 6.7829456031322497 11.774662949144838 37.231345457956195 8.5064394399523717 108.89851543493569 3.3371243551373473 11.866873800754545 9.9988061934709531 6.4988215081393719 7.9740157946944237
leaf_count=32 1825 714 10 20 38 41 53 18 105 161 234 225 310 86 22 95 15 43 11 18 104 121 49 749 14 31 21 37 57
internal_value=0 -0.000812502 0.000350096 0.000428232 0.000316698 0.000648755 0.00387775 -0.000985284 -0.00142859 -0.000827374 -0.002274 0.000455193 0.000160115 0.00214679 0.0011801 -0.00444972 0.00380895 0.00096345 -0.00113431 -0.00125378 -0.00150726 -0.00129714 0.000864668 -0.00168988 -0.00562103 0.00265389 0.00214533 -0.000276063 -0.00680179
internal_weight=0 373.458 866.809 852.985 825.814 693.848 39.1676 13.2387 131.966 118.756 69.0155 654.68 557.506 97.1744 49.7402 13.8245 27.1707 15.4326 341.775 335.986 312.705 297.593 45.7378 251.855 15.1118 31.6832 23.2806 13.2818 13.2105
internal_count=5259 1901 3358 3253 3175 2558 112 59 617 522 339 2446 2135 311 183 105 78 63 1838 1827 1751 1633 170 1463 118 63 76 55 95
is_linear=0
shrinkage=0.00517761


Tree=18
num_leaves=25
num_cat=0
split_feature=42 64 13 60 2 48 19 11 19 59 29 42 54 30 19 24 47 35 29 54 62 40 19 57
split_gain=13.5016 16.8937 11.6981 11.4774 10.6311 10.9125 10.7629 16.7277 12.1935 10.006 9.67441 15.3027 9.5101 9.8487 14.6391 16.6106 16.1182 14.3996 11.26 7.14938 8.59047 3.31096 2.28385 1.33319
threshold=0.31009615384615391 2.5500000000000003 12.500000000000002 0.21294035577258458 39.500000000000007 5.6500000000000012 1.5000000000000002 2.5000000000000004 33.500000000000007 590.00000000000011 1.0000000180025095e-35 0.13809523809523808 43.050000000000004 2.5000000000000004 19.500000000000004 3.5000000000000004 33.45000000000001 1.0000000180025095e-35 1.5000000000000002 35.95000000000001 3.5000000000000004 37.050000000000004 8.5000000000000018 -1.0000000180025095e-35
decision_type=2 2 2 2 2 2 2 2 2 2 2 2 2 2 2 2 2 2 2 2 2 2 2 2
left_child=1 10 9 4 5 6 7 -3 -8 12 11 -1 13 14 15 -2 -16 -15 -19 20 -5 -11 -4 -24
right_child=2 3 22 19 -6 -7 8 -9 -10 21 -12 -13 -14 17 16 -17 -18 18 -20 -21 -22 -23 23 -25
leaf_value=0.0035753694893162751 0.0004769998660230878 -0.00098552125042908681 -0.0016071124818654275 0.0039002375430998017 0.0035622610497218969 0.0043187214062027895 -0.0034290489469861862 0.0086680769341861905 -0.00036511908424900216 -0.0022059620581213941 0.0057194464747692547 -0.0055291184289246653 0.0057335789589595667 0.0060641034990819749 -0.0068126629609832467 0.0054833735498792148 -0.00068370481026685604 0.0043465243002452992 -0.0071417427521459683 0.0058406048566393533 -0.004951888703025673 -0.0090395071663380375 -0.0091422887902231787 -0.004229335295591539
leaf_weight=13.622315607964994 666.57039891928434 110.60746934264898 3.0640048906207067 6.2597938999533671 10.891868554055689 7.9815228730440131 128.54666903242469 4.9646446555852881 47.776072632521391 4.0964004546403876 14.876728259027002 7.6854245811700812 9.0355760902166349 18.509161055088047 12.702139697968958 18.187908753752708 116.32918152585626 4.1661914326250535 4.9176790378987789 9.393952511250971 5.4227457605302334 3.5798616670072079 3.6476958207786083 2.805648785084486
leaf_count=31 2481 573 17 17 36 17 855 8 258 22 26 29 17 37 99 37 518 15 33 19 32 28 30 24
internal_value=0 -0.000830906 0.000352496 -0.00119732 -0.00144822 -0.00163097 -0.00179461 -0.000566063 -0.00259933 0.000416004 0.00252539 0.000284299 0.00046932 0.000412335 0.000309033 0.000610499 -0.00129028 0.00345077 -0.00187889 0.00249472 -0.000212987 -0.00544351 -0.00533626 -0.00707174
internal_weight=0 368.029 867.612 331.845 310.768 299.876 291.895 115.572 176.323 858.094 36.1845 21.3077 850.418 841.383 813.79 684.758 129.031 27.593 9.08387 21.0765 11.6825 7.67626 9.51735 6.45334
internal_count=5259 1901 3358 1815 1747 1711 1694 581 1113 3287 86 60 3237 3220 3135 2518 617 85 48 68 49 50 71 54
is_linear=0
shrinkage=0.00517761


Tree=19
num_leaves=30
num_cat=0
split_feature=42 59 57 2 53 5 6 41 41 47 64 61 48 55 47 55 27 46 57 18 63 56 7 52 2 58 2 7 38
split_gain=13.6225 17.2048 16.8758 16.6543 26.7072 20.9367 16.6647 15.773 20.89 14.9949 14.5261 13.7017 22.6907 20.6226 16.5542 15.8378 14.754 13.3458 21.6828 19.0866 16.2612 13.7651 13.6463 12.5128 12.4548 12.3359 13.6704 13.1854 12.6224
threshold=0.63961038961038974 -949.99999999999989 -4.2499999999999991 1.0000000180025095e-35 7.5000000000000009 17.500000000000004 5.5000000000000009 4.3500000000000005 1.4500000000000002 36.150000000000013 114.50000000000001 0.059262510974539058 1.0500000000000003 1.8500000000000003 39.850000000000001 2.2500000000000004 2.5000000000000004 11.500000000000002 -2.2499999999999996 2.5000000000000004 4.5000000000000009 0.46410256410256417 3.5000000000000004 11.500000000000002 3.5000000000000004 -2.4999999999999996 5.5000000000000009 1.0000000180025095e-35 9.5000000000000018
decision_type=2 2 2 2 2 2 2 2 2 2 2 2 2 2 2 2 2 2 2 2 2 2 2 2 2 2 2 2 2
left_child=2 -2 9 4 5 6 23 8 25 10 -1 12 -5 -14 15 16 -13 18 22 -20 -19 -22 -10 -4 -17 26 28 -27 -3
right_child=1 7 3 11 -6 -7 -8 -9 17 -11 -12 14 13 -15 -16 24 -18 20 19 -21 21 -23 -24 -25 -26 27 -28 -29 -30
leaf_value=-0.0073393586192500981 0.0053683520388973114 0.0034571989291843153 -0.0018762650223436532 -0.0050777325465143838 -0.0054037172309091674 0.0047920784415746267 -0.0065424921732370319 -0.0046332350003366919 0.0072726961606316308 0.00040005769471128258 0.0039283336295212311 -0.00074866350110588075 0.0025214200139583418 -0.0055388676220343193 -0.0053463281227195871 0.0056035164335168103 0.0012479919637789771 0.0064998423263798351 -0.0033260282395183153 0.003644879595057693 -0.00238303408592661 0.0034474851615385106 0.0011772937454196631 0.0020337792945896525 -0.00022405031565885539 -0.0049568962855683933 -0.0065367035588090733 0.00059787229560869903 -0.0030436226976299878
leaf_weight=23.820777669548992 20.072094172239304 12.316386409103869 66.083006449043751 32.790924545377493 39.149471893906593 17.138767272233963 14.331528678536413 15.565429195761679 15.811213135719298 16.077902674674988 3.4760337546467772 174.52617995813489 34.80475727468729 11.190537471324204 12.378898143768309 29.296782732009888 229.72985002398491 30.985086526721716 39.580916706472635 14.275915399193762 15.162587866187094 37.795342609286308 26.01216671988368 32.766044270247221 14.77035867422819 12.090743280947207 15.874270148575304 198.56712932884693 22.598119277507067
leaf_count=164 38 39 343 238 298 45 106 80 23 76 13 788 138 70 75 50 924 56 185 42 63 101 78 140 66 64 111 721 124
internal_value=0 0.000684731 -0.000433895 -0.000241918 -0.00165747 -0.000529843 -0.00133811 0.000478096 0.000659155 -0.00356647 -0.00589828 0.000202886 -0.00179151 0.000555118 0.000544174 0.000707597 0.000385997 0.00201824 0.000695444 -0.00147593 0.00352419 0.00177713 0.00348962 -0.000579633 0.00365271 -0.000274837 -0.00256357 0.000277574 -0.000748048
internal_weight=0 476.707 752.332 708.957 169.469 130.319 113.181 456.635 441.07 43.3747 27.2968 539.488 78.7862 45.9953 460.702 448.323 404.256 179.623 95.6802 53.8568 83.943 52.9579 41.8234 98.8491 44.0671 261.447 50.7888 210.658 34.9145
internal_count=5259 1725 3534 3281 932 634 589 1687 1607 253 177 2349 446 208 1903 1828 1712 548 328 227 220 164 101 483 116 1059 274 785 163
is_linear=0
shrinkage=0.00517761


Tree=20
num_leaves=30
num_cat=0
split_feature=42 64 13 59 65 38 38 1 61 60 0 4 40 27 3 57 7 5 43 49 60 48 60 24 41 49 40 12 45
split_gain=12.9412 18.3745 12.1663 9.93997 15.7551 15.5769 16.8219 18.3988 18.3534 13.8002 16.6655 20.5869 13.5599 25.2566 14.28 13.3135 11.2009 22.4269 10.0436 12.4921 10.4372 9.80452 10.3669 10.251 11.3135 16.2046 16.1956 8.65978 7.37015
threshold=0.31009615384615391 2.2500000000000004 12.500000000000002 -74.999999999999986 6.5000000000000009 85.000000000000014 11.500000000000002 27.500000000000004 0.09404481132075472 0.092450142450142422 11.500000000000002 7.5000000000000009 39.250000000000007 4.5000000000000009 8.5000000000000018 2.7500000000000004 11.500000000000002 8.5000000000000018 -1.0000000180025095e-35 0.12132352941176471 0.042705167173252255 5.6500000000000012 0.20864427860696519 5.5000000000000009 2.1500000000000008 0.53137254901960795 33.850000000000001 1.5000000000000002 9.5000000000000018
decision_type=2 2 2 2 2 2 2 2 2 2 2 2 2 2 2 2 2 2 2 2 2 2 2 2 2 2 2 2 2
left_child=1 28 3 15 5 6 8 -8 -5 12 11 -11 14 -14 -6 18 -7 -18 -2 -20 -21 22 23 24 26 -26 -3 -17 -1
right_child=2 21 -4 4 9 16 7 -9 -10 10 -12 -13 13 -15 -16 27 17 -19 19 20 -22 -23 -24 -25 25 -27 -28 -29 -30
leaf_value=-0.00023334758364698536 0.0050256100130250435 -0.0006250565460053332 -0.0056508912689042668 0.0043145781838973656 -0.0032757103181266871 0.0055509028549599361 -0.0045259494171091827 0.0019904694612177219 -0.001317655684913293 0.0018449506675568342 0.0052938535097388027 -0.0079551719328768804 0.0032977386288774533 -0.0054777384098106058 0.00011422111974605937 -0.0054735158332001339 -0.0082470838349091788 0.0048645166747807913 -0.0043791264583170992 0.00016910577962629122 0.0024917951506484093 0.0047336057730958548 0.002101650434592932 0.0052961539059927752 0.0023488239489978416 -0.004995040940177259 -0.0032749371506498848 0.00088035923111374657 0.005106730958179072
leaf_weight=11.105357550084593 20.79653887450695 109.88918741606176 8.91024152189493 19.1052998714149 41.292682066559792 14.846706368029119 67.585380099713802 13.981850955635307 81.147216871380806 48.214465454220772 34.005107678472996 6.4567590579390517 61.853880241513252 10.185447160154579 171.18921609222889 12.315852105617525 6.1593895964324457 7.914912223815918 9.9677723795175535 88.360258370637894 125.549530018121 7.3132249414920798 22.276949945837259 5.6831977367401114 35.394106779247522 10.356587309390305 141.44134871289134 10.704117149114607 18.322515681385994
leaf_count=33 36 513 71 57 243 32 391 47 383 156 79 47 199 55 673 63 44 20 39 323 356 17 76 11 122 63 1036 44 30
internal_value=0 -0.000821561 0.000345431 0.000408608 2.98312e-05 -0.00110171 -0.00166321 -0.00340816 -0.00024212 0.000668896 0.00245151 0.000679228 0.000112853 0.00205304 -0.00054535 0.00123463 0.00242388 -0.000884917 0.00158893 0.00126827 0.00153273 -0.00116894 -0.0013027 -0.00155361 -0.00168581 0.000681464 -0.00211682 -0.00252472 0.00309533
internal_weight=0 361.782 860.543 851.632 583.938 210.741 181.82 81.5672 100.253 373.198 88.6763 54.6712 284.521 72.0393 212.482 267.694 28.921 14.0743 244.674 223.878 213.91 332.355 325.041 302.764 297.081 45.7507 251.331 23.02 29.4279
internal_count=5259 1901 3358 3287 2426 974 878 438 440 1452 282 203 1170 254 916 861 96 64 754 718 679 1838 1821 1745 1734 185 1549 107 63
is_linear=0
shrinkage=0.00517761


Tree=21
num_leaves=30
num_cat=0
split_feature=42 33 64 38 40 0 59 40 38 60 31 47 61 58 61 49 58 28 45 11 46 46 7 27 0 7 10 58 62
split_gain=13.5147 20.3829 14.5327 19.3688 15.4158 13.9324 15.4554 25.0953 23.0045 17.9434 17.8917 15.2046 14.5492 14.3624 19.0725 19.4067 13.7789 13.6245 15.5554 11.9792 12.8395 17.0527 13.1064 11.4478 16.5444 13.3541 11.9469 21.8306 11.247
threshold=0.41421568627450983 1.0000000180025095e-35 8.0500000000000025 11.500000000000002 42.250000000000007 1.5000000000000002 -124.99999999999999 39.150000000000013 7.5000000000000009 0.089647914274779916 2.5000000000000004 14.050000000000002 0.23483455882352941 -4.4999999999999991 0.48187294633077771 0.82085561497326209 6.5000000000000009 1.5000000000000002 25.000000000000004 6.5000000000000009 8.5000000000000018 9.5000000000000018 14.500000000000002 1.0000000180025095e-35 6.5000000000000009 9.5000000000000018 1.0000000180025095e-35 3.5000000000000004 6.5000000000000009
decision_type=2 2 2 2 2 2 2 2 2 2 2 2 2 2 2 2 2 2 2 2 2 2 2 2 2 2 2 2 2
left_child=2 5 3 -1 17 6 8 10 -2 -9 -8 -10 -13 14 15 -7 -6 19 -19 20 22 -22 -4 24 25 -15 -25 -28 -5
right_child=1 -3 4 28 16 13 7 9 11 -11 -12 12 -14 23 -16 -17 -18 18 -20 -21 21 -23 -24 26 -26 -27 27 -29 -30
leaf_value=0.0016690053473014086 -0.0060762223737477819 -0.0072983058035522045 -0.0014934968465097256 -0.0034999874271970481 0.0060395199113066128 -0.0052707663021143176 -0.0015052311331339807 0.0026285065651913517 0.006736416147842446 -0.0062245390799631345 -0.0062829759897600678 -0.00092199357664623875 0.0049240554251560988 -0.0043317494863574389 0.0065880204511214371 0.0017587405732749808 -0.0029575078308002709 -0.0033165096358831418 0.0048770814222912412 -0.0069736329339754009 0.0042845141707549342 -0.0013423933216123955 -0.0046552986258348045 0.0023023918778502673 -0.0074582981469637957 0.0020162045944272086 -0.002937489077004629 0.0024209660534768138 0.0013767200867410708
leaf_weight=121.84376457892358 9.2553212493658048 8.932790279388426 88.476810129359365 39.927487548440695 13.400950260460379 28.56682007573545 101.26078421249986 51.980078831315041 17.558113008737564 6.8940550796687594 26.473438672721386 32.323100183159113 17.559962678700686 11.782704532146452 6.777136303484439 16.607446126639843 6.8516573123633853 9.7895501106977481 16.75486396625638 12.483681242913006 17.54524252563715 80.070663513615727 58.358100775629282 265.77141772583127 8.3311875425279123 35.440334774553776 36.533856555819511 45.930765368044376 18.516349788755178
leaf_count=441 42 87 483 246 31 184 476 173 27 38 175 132 43 63 14 58 42 57 49 99 50 450 433 810 51 116 174 134 81
internal_value=0 0.0004458 -0.000670466 0.000493885 -0.00136157 0.000542676 -0.000405433 -0.00120956 0.00155035 0.00158592 -0.00249822 0.00260199 0.00113963 0.00109044 -0.00147063 -0.00268759 0.00299575 -0.00167352 0.00185436 -0.00203839 -0.00178452 -0.000328755 -0.00275169 0.00142014 -0.00076173 0.000428358 0.00176831 4.65216e-05 -0.00195503
internal_weight=0 727.979 484.019 180.288 303.732 719.047 263.305 186.608 76.6965 58.8741 127.734 67.4412 49.8831 455.742 51.9514 45.1743 20.2526 283.479 26.5444 256.934 244.451 97.6159 146.835 403.79 55.5542 47.223 348.236 82.4646 58.4438
internal_count=5259 2797 2462 768 1694 2710 1106 862 244 211 651 202 175 1604 256 242 73 1621 106 1515 1416 500 916 1348 230 179 1118 308 327
is_linear=0
shrinkage=0.00517761


Tree=22
num_leaves=30
num_cat=0
split_feature=42 33 0 42 48 59 48 40 64 41 49 38 58 64 42 7 48 64 60 65 61 53 49 52 64 64 38 2 42
split_gain=12.7787 20.1767 13.8746 15.8543 21.5588 16.6512 18.9868 14.3276 13.1408 16.6967 18.0825 16.2839 12.7411 16.8849 13.1066 12.6668 12.645 12.1049 12.3115 11.1596 14.5126 12.6305 13.88 11.9614 10.883 17.8068 15.844 10.544 10.4327
threshold=0.41421568627450983 1.0000000180025095e-35 1.5000000000000002 0.76696832579185525 8.9500000000000011 -124.99999999999999 0.45000000000000007 39.150000000000013 8.0500000000000025 2.1500000000000008 0.62019230769230782 11.500000000000002 -4.4999999999999991 13.65 0.97222222222222232 1.0000000180025095e-35 5.6500000000000012 11.250000000000002 0.17694497153700192 8.5000000000000018 0.12973352033660587 2.5000000000000004 0.19375000000000003 105.00000000000001 20.150000000000002 76.450000000000017 5.5000000000000009 17.500000000000004 0.60555555555555574
decision_type=2 2 2 2 2 2 2 2 2 2 2 2 2 2 2 2 2 2 2 2 2 2 2 2 2 2 2 2 2
left_child=8 2 3 4 5 6 -2 24 11 15 -11 -1 13 -4 -15 -10 17 -17 -19 21 27 28 -23 -22 26 -26 -5 -21 -14
right_child=1 -3 12 7 -6 -7 -8 -9 9 10 -12 -13 19 14 -16 16 -18 18 -20 20 23 22 -24 -25 25 -27 -28 -29 -30
leaf_value=0.0015059446000322146 0.0045373614434344595 -0.0074826082168339943 0.002169834172582943 0.0034779173046303982 0.008519622480331588 -0.0034891337018065865 -0.0026194376158540362 0.0034869078434494436 -0.0061170715977469968 0.0023315257428414564 -0.00471545159470036 -0.0018240554938525097 0.0044303513304115305 -0.0056209985618907434 0.0029601234378983832 -0.0055149036579249383 0.0060433399994633914 -0.0017472299961065871 0.0036220329892894987 -0.00081379961917159391 0.0040014285939482227 -0.0064858975190710605 8.9502462406929585e-05 -0.0017550344941596526 0.003159824529252636 -0.0022493483584578541 -0.0056165685927512567 0.0033516921189866984 0.00058313030688025207
leaf_weight=123.43187532573938 17.879358306527138 8.463165592402218 20.959962476044893 7.02242283523083 5.2169919461011878 82.775832898914814 22.204205296933651 38.530564859509468 18.099522415548563 52.220280732959509 11.937692821025847 57.722366210073233 33.594835642725229 23.638252180069689 5.9284565970301619 21.283174727112055 5.5680247619748107 177.2929759863764 12.17664875090122 50.705915715545416 103.05986618250608 9.1360005959868413 132.8122162334621 10.640388771891592 37.902964010834694 28.544645193964243 18.668247325345874 23.922140318900347 43.139472004026175
leaf_count=441 41 87 80 19 6 483 107 104 137 172 70 327 84 156 20 164 11 1100 40 207 262 52 479 46 114 125 107 74 144
internal_value=0 0.000433877 0.000528103 -0.000430053 -0.00172419 -0.00216356 0.000574949 0.000838595 -0.000655439 -0.00132281 0.00101672 0.000444577 0.00106995 -0.0013809 -0.00389744 -0.00196324 -0.00161391 -0.00181807 -0.00140099 0.00137439 0.00229804 0.000578466 -0.000336486 0.00346197 -0.00027053 0.000836138 -0.00312788 0.000523169 0.00226991
internal_weight=0 724.746 716.283 258.745 128.076 122.859 40.0836 130.669 479.733 298.578 64.158 181.154 457.538 50.5267 29.5667 234.42 216.321 210.753 189.47 407.011 188.328 218.683 141.948 113.7 92.1383 66.4476 25.6907 74.6281 76.7343
internal_count=5259 2797 2710 1106 637 631 148 469 2462 1694 242 768 1604 256 176 1452 1315 1304 1140 1348 589 759 531 308 365 239 126 281 228
is_linear=0
shrinkage=0.00517761


Tree=23
num_leaves=30
num_cat=0
split_feature=42 64 13 12 19 55 31 40 47 11 7 62 38 52 29 42 32 30 24 58 11 19 1 60 63 27 2 49 46
split_gain=11.6385 15.4423 13.0066 11.7877 9.915 20.2449 15.8709 14.8751 14.4356 13.5254 11.6396 15.384 9.87865 9.50294 9.41635 12.2848 9.27532 9.8262 14.3698 10.7454 9.25014 17.1397 8.91305 8.44619 7.99872 5.89424 5.73945 4.42541 2.04104
threshold=0.31009615384615391 2.5500000000000003 12.500000000000002 13.500000000000002 1.5000000000000002 1.0500000000000003 9.5000000000000018 36.250000000000007 37.850000000000001 2.5000000000000004 3.5000000000000004 5.5000000000000009 35.000000000000007 8.5000000000000018 1.0000000180025095e-35 0.13809523809523808 1.0000000180025095e-35 2.5000000000000004 3.5000000000000004 5.5000000000000009 24.500000000000004 20.500000000000004 1.5000000000000002 0.13221420643729193 4.5000000000000009 23.500000000000004 1.5000000000000002 0.65686274509803932 7.5000000000000009
decision_type=2 2 2 2 2 2 2 2 2 2 2 2 2 2 2 2 2 2 2 2 2 2 2 2 2 2 2 2 2
left_child=1 14 16 4 9 6 13 27 -9 10 22 -12 -8 -6 15 -1 17 18 20 26 21 -2 -3 -18 -5 -20 -19 -7 -4
right_child=2 3 28 24 5 7 12 8 -10 -11 11 -13 -14 -15 -16 -17 23 19 25 -21 -22 -23 -24 -25 -26 -27 -28 -29 -30
leaf_value=0.0032355292094657013 0.00047429564393192461 -0.0040124681392760932 -0.0077083628187621456 0.0076209900174060759 -0.0030755513736672692 -0.0064663783159072206 0.0019370179068575143 0.0037858470688014001 -0.0034841132609208527 0.0081655863566322314 0.0031387572380902761 -0.0038088429767799241 -0.0057869518619058603 -0.0064605362498089325 0.0057110430446723568 -0.0051083038028361376 -0.0079184307550085112 0.0040429854552334558 0.0071982390173091293 0.0075929444656704865 0.0045898701137232151 -0.0018029488304833281 -0.00034560988479779778 0.002134423226733689 0.00011083492890662942 0.0017550602373631286 -0.0026206204927364174 0.00058996465432911141 -0.0022715299842526317
leaf_weight=13.068194553256037 661.41663798689842 30.501901611685753 5.8177365064620954 6.4452426955103865 66.667423699051142 8.5720977522432786 20.851331785321239 30.759611304849386 9.5452075451612455 4.8539420254528514 34.86166450381279 11.248982694000004 5.5685505196452132 33.51491959951818 14.241827420890329 7.3268696255981913 6.6129490211606008 6.7587307617068308 10.882891386747362 10.60041396319866 12.838154941797255 102.2390920445323 42.4874471090734 3.334817036986351 9.1440287195146066 10.513513188809155 6.9745198599994183 3.2738367840647689 2.8110859766602516
leaf_count=31 2538 215 51 14 431 78 98 105 64 9 125 74 47 297 26 29 55 15 16 14 36 526 196 13 41 33 41 21 20
internal_value=0 -0.000789 0.000331225 -0.00114639 -0.00137271 -0.00215281 -0.00327066 0.000561533 0.00206111 -0.000247158 -0.000594408 0.0014407 0.000298438 -0.00421153 0.00249097 0.000230944 0.000397023 0.000457316 0.000358301 0.00369399 0.000242758 0.000169279 -0.00188029 -0.00455601 0.00323526 0.00453754 0.000662099 -0.00452333 -0.00596853
internal_weight=0 352.933 840.801 318.296 302.707 178.753 126.602 52.1508 40.3048 123.954 119.1 46.1106 26.4199 100.182 34.6369 20.3951 832.172 822.224 797.89 24.3337 776.494 763.656 72.9893 9.94777 15.5893 21.3964 13.7333 11.8459 8.62882
internal_count=5259 1901 3358 1815 1760 1141 873 268 169 619 610 199 145 728 86 60 3287 3219 3149 70 3100 3064 411 68 55 49 56 99 71
is_linear=0
shrinkage=0.00517761


Tree=24
num_leaves=28
num_cat=0
split_feature=42 64 13 59 60 24 41 38 56 40 63 48 48 27 41 41 31 58 40 45 0 55 62 40 46 62 56
split_gain=11.7204 14.3449 12.9439 9.6903 9.26718 9.35987 9.27215 15.4505 13.6838 12.1873 13.2202 10.8051 8.57101 8.68246 16.1281 22.2649 15.4417 17.5686 12.3135 11.1028 8.13178 6.74226 8.16527 2.28638 1.698 1.17209 0.206039
threshold=0.31009615384615391 2.2500000000000004 12.500000000000002 590.00000000000011 0.21294035577258458 5.5000000000000009 2.1500000000000008 7.5000000000000009 0.31009615384615391 33.850000000000001 2.5000000000000004 5.6500000000000012 8.9500000000000011 2.5000000000000004 4.8500000000000005 2.4500000000000006 1.0000000180025095e-35 -2.4999999999999996 37.750000000000007 17.500000000000004 4.5000000000000009 1.0500000000000003 2.5000000000000004 37.050000000000004 7.5000000000000009 5.5000000000000009 0.46862745098039221
decision_type=2 2 2 2 2 2 2 2 2 2 2 2 2 2 2 2 2 2 2 2 2 2 2 2 2 2 2
left_child=1 20 3 12 5 6 9 25 -9 10 -3 -11 13 14 15 -2 18 -18 -15 -16 -1 22 -6 -5 26 -8 -4
right_child=2 4 24 23 21 -7 7 8 -10 11 -12 -13 -14 16 19 -17 17 -19 -20 -21 -22 -23 -24 -25 -26 -27 -28
leaf_value=0.0048952148300481927 -0.00038754933765096339 -0.0047234277385382857 -0.0065359285720411227 -0.0028998273240606991 0.0044635696755589522 0.0053806479767039769 -0.0089429639939020127 -0.0020112056719307713 0.0042267239307513423 -0.0031517988809608077 0.00023694998878128986 0.0048989931718473184 0.0059602837538084456 0.0030770532636365134 -0.0080920760430633464 0.0026475458937592817 -0.003259698887658652 0.00080256252508548349 -0.00074923025366751812 0.001442845443067352 -0.00073344145870435134 0.0054013239064643892 -0.0044073339125558844 -0.0089066332444247814 -0.0026443622919167537 -0.0043008147958212735 -0.0091630795420909912
leaf_weight=17.521018624305729 387.15303269401193 17.091660112142563 3.1268021166324598 3.8424097225069991 4.8981106206774729 5.3722815811634055 3.349819414317607 15.19287298992276 24.636716865003109 134.54070170223713 89.680379051715136 4.5649108216166487 7.4197036921977988 114.61548988521099 10.849994983524082 77.748593404889107 34.567693654447794 162.15052128955722 28.033430203795433 4.6495094224810591 11.275051213800905 9.5574513748288137 6.2610862106084824 3.1305408403277397 2.6631770469248295 2.9555771127343178 2.3752223178744316
leaf_count=32 1665 97 30 22 15 11 29 76 66 1039 420 8 15 302 66 238 212 622 102 15 31 19 37 28 20 21 21
internal_value=0 -0.000800865 0.00032986 0.000393591 -0.00111779 -0.00135116 -0.00147622 0.000652847 0.00184776 -0.00187579 -0.000559471 -0.00288536 0.000445039 0.000394638 -5.32259e-05 0.000120323 0.00102853 8.78512e-05 0.00232507 -0.00523749 0.00269451 0.00222551 -0.000509787 -0.00565573 -0.00613112 -0.0068351 -0.00776641
internal_weight=0 346.898 842.326 834.161 318.102 297.385 292.013 46.135 39.8296 245.878 106.772 139.106 827.188 819.768 480.401 464.902 339.367 196.718 142.649 15.4995 28.7961 20.7166 11.1592 6.97295 8.1652 6.3054 5.50202
internal_count=5259 1901 3358 3287 1838 1767 1756 192 142 1564 517 1047 3237 3222 1984 1903 1238 834 404 81 63 71 52 50 71 50 51
is_linear=0
shrinkage=0.00517761


Tree=25
num_leaves=26
num_cat=0
split_feature=27 24 31 42 61 59 2 5 57 53 49 57 64 38 6 41 41 60 6 63 42 63 7 55 40
split_gain=10.6303 13.6651 22.638 12.0019 20.3953 17.4378 13.5455 23.4035 17.334 16.1362 18.2482 13.6796 16.4699 19.6743 12.8443 11.8072 16.6982 8.58647 13.7855 11.2753 5.38623 5.11068 5.02814 2.89447 1.40915
threshold=31.000000000000004 3.5000000000000004 7.5000000000000009 0.63961038961038974 0.52793383270911376 -749.99999999999989 1.0000000180025095e-35 17.500000000000004 1.0000000180025095e-35 6.5000000000000009 0.21651785714285712 -4.2499999999999991 91.40000000000002 9.5000000000000018 5.5000000000000009 4.4500000000000011 1.4500000000000002 0.057307060755336557 1.0000000180025095e-35 6.5000000000000009 0.78174603174603186 8.5000000000000018 3.5000000000000004 0.45000000000000007 35.850000000000001
decision_type=2 2 2 2 2 2 2 2 2 2 2 2 2 2 2 2 2 2 2 2 2 2 2 2 2
left_child=1 3 21 6 5 -5 7 9 -9 14 -11 12 13 -8 -1 16 -7 19 -19 -13 -4 -3 -17 -6 -2
right_child=24 2 20 4 23 15 11 8 -10 10 -12 17 -14 -15 -16 22 -18 18 -20 -21 -22 -23 -24 -25 -26
leaf_value=-0.00071040414544650161 -0.0040226721011148948 0.0070224986196004728 -0.0082323034565834168 0.0053798529222091017 -0.0035241428799181167 -0.00019622994640301956 0.001180723802219653 -0.0015254944969857408 0.0080459867320397584 -3.4857989036548341e-05 -0.0073768613375890342 0.00059549661537500534 0.0034376097835063617 -0.0090782467734676665 -0.0060659137196170682 -1.7885508115626159e-05 0.0019322309077537843 -0.0012211073519627586 0.0014446282918573912 -0.0017620247106920569 0.0006099888131160349 0.0023826586919015757 -0.0066070562952078469 -0.0095266998575345482 -0.0089030321754857734
leaf_weight=95.035207409411669 3.412876743823289 17.81062933802605 4.5349472202360621 20.750506639480591 3.8093405440449697 239.2445193529129 7.5036873742938104 9.6848609596490878 10.540918342769144 13.052210319787262 29.732023343443871 104.52490032091737 6.955170612782239 14.932153975591062 13.679903365671633 4.8473016396164885 168.24710670113564 70.23979377001524 199.78098027408123 113.24365831539035 3.0688795149326324 10.03630545735359 8.5791278891265375 5.2776440680027008 3.274893082678318
leaf_count=504 30 36 41 39 22 979 35 41 20 69 260 476 28 114 108 19 526 314 802 643 14 32 53 36 18
internal_value=0 3.72248e-05 0.0031999 -6.13299e-05 0.000595479 0.000753919 -0.000491108 -0.00175075 0.0034725 -0.00244932 -0.00514067 -7.2674e-05 -0.00349908 -0.0056535 -0.00138763 0.000525047 0.000682737 0.000134214 0.000751048 -0.000630596 -0.0046884 0.00536006 -0.00424034 -0.00705462 -0.00647709
internal_weight=0 1175.11 35.4508 1139.66 450.756 441.669 688.905 171.725 20.2258 151.499 42.7842 517.18 29.391 22.4358 108.715 420.918 407.492 487.789 270.021 217.769 7.60383 27.8469 13.4264 9.08698 6.68777
internal_count=5259 5211 123 5088 1674 1616 3414 1002 61 941 329 2412 177 149 612 1577 1505 2235 1116 1119 55 68 72 58 48
is_linear=0
shrinkage=0.00517761


Tree=26
num_leaves=30
num_cat=0
split_feature=42 64 60 13 61 59 48 15 62 59 61 62 47 64 0 13 40 23 61 61 58 56 53 47 29 7 0 64 41
split_gain=10.3796 15.4766 11.4996 11.0694 9.40216 9.47602 9.12586 9.41236 8.99568 8.97456 14.2376 19.5031 12.45 12.1596 12.6574 10.7807 13.1451 11.3441 10.2448 18.3399 18.8761 14.5327 11.5336 10.0437 8.96859 8.58415 12.1148 8.67828 8.3114
threshold=0.31009615384615391 2.5500000000000003 0.21294035577258458 12.500000000000002 0.47092630155510479 225.00000000000003 5.6500000000000012 76.000000000000014 4.5000000000000009 -74.999999999999986 0.50384615384615394 6.5000000000000009 33.550000000000004 101.65000000000002 4.5000000000000009 2.5000000000000004 41.850000000000001 1.0000000180025095e-35 0.11583184257602856 0.040833333333333312 -2.4999999999999996 0.6132478632478634 9.5000000000000018 35.95000000000001 1.5000000000000002 1.5000000000000002 31.500000000000004 5.2500000000000009 0.8500000000000002
decision_type=2 2 2 2 2 2 2 2 2 2 2 2 2 2 2 2 2 2 2 2 2 2 2 2 2 2 2 2 2
left_child=1 8 4 9 5 6 7 -3 -1 18 12 -12 13 24 -15 16 -14 -17 19 20 -2 23 -22 -21 -11 27 28 -20 -27
right_child=3 2 -4 -5 -6 -7 -8 -9 -10 10 11 -13 15 14 -16 17 -18 -19 25 21 22 -23 -24 -25 -26 26 -28 -29 -30
leaf_value=-0.0014870035278200938 -0.0070973913653170411 -0.0014961915670060092 0.002672225942858771 -0.0057961233899065934 -0.0075619547721761911 -0.006240279821109797 0.004726357090681298 0.0022224955315707103 0.004341067010414635 -0.0042687745204013413 -0.0085549066365037205 0.0018091702223581277 -0.00034421388472171311 -0.0027049592686889932 0.0063389870099023931 0.0027792760395216306 0.0036059127944349429 -0.00015933215155609128 0.003054547310294497 -0.0049741798277210614 0.0047779954217587921 -0.0090024664782756073 -0.0010750021047853955 0.0019033925387577152 0.0026975407566383405 0.004058330249486616 -0.0033191970962036842 -0.0037715126760357216 0.0015729316396743804
leaf_weight=10.143752433359621 5.7121762409806243 245.19714530929923 19.941417001187801 7.8157678805291644 6.3998963721096507 9.7642967104911786 7.0407527014613143 19.654032558202744 23.371576808393002 39.790229111909866 11.720325414091349 8.2569043412804604 317.97994488105178 8.3138867504894751 8.1584160700440389 88.614743743091822 24.243992537260056 58.396445117890835 7.9024178609252003 10.359145134687429 27.972602501511574 8.907212592661379 13.276801016181706 12.480611223727463 5.6109314486384383 63.531426105648279 9.6709740795195085 13.317623592913149 83.690878260880709
leaf_count=34 45 1513 68 71 50 86 15 83 52 241 82 31 1399 43 19 260 78 245 17 48 68 63 62 35 28 160 40 56 267
internal_value=0 -0.000760442 -0.00112416 0.000310785 -0.00138755 -0.00124549 -0.00106462 -0.00121973 0.00257753 0.000368902 7.35765e-06 -0.00427917 0.000163245 -0.00202376 0.00178145 0.000440082 -6.37186e-05 0.00161241 0.00117262 -0.000382728 0.00167143 -0.00341866 0.00289528 -0.0012211 -0.00340505 0.00185985 0.00227782 -0.00122762 0.00264684
internal_weight=0 341.513 307.998 835.723 288.056 281.656 271.892 264.851 33.5153 827.908 571.086 19.9772 551.109 61.8735 16.4723 489.235 342.224 147.011 256.822 78.7085 46.9616 31.747 41.2494 22.8398 45.4012 178.113 156.893 21.22 147.222
internal_count=5259 1901 1815 3358 1747 1697 1611 1596 86 3287 2426 113 2313 331 62 1982 1477 505 861 321 175 146 130 83 269 540 467 73 427
is_linear=0
shrinkage=0.00517761


Tree=27
num_leaves=28
num_cat=0
split_feature=42 64 13 60 59 54 2 0 30 40 63 11 24 41 38 56 38 48 56 25 0 55 62 40 46 62 57
split_gain=11.2947 13.3134 10.8082 9.23566 8.264 8.12829 8.15999 15.778 14.2555 12.4136 10.3607 11.7298 7.87996 8.22782 13.2201 13.3527 11.2952 10.9435 8.75259 7.53726 7.23672 5.67197 10.323 2.51631 1.1836 1.06543 0.424665
threshold=0.31009615384615391 2.2500000000000004 12.500000000000002 0.20864427860696519 590.00000000000011 43.900000000000006 32.500000000000007 31.500000000000004 2.5000000000000004 39.150000000000013 6.5000000000000009 4.5000000000000009 5.5000000000000009 2.1500000000000008 7.5000000000000009 0.31009615384615391 7.5000000000000009 5.6500000000000012 0.97222222222222232 1.0000000180025095e-35 4.5000000000000009 1.0500000000000003 3.5000000000000004 37.050000000000004 7.5000000000000009 5.5000000000000009 -1.0000000180025095e-35
decision_type=2 2 2 2 2 2 2 2 2 2 2 2 2 2 2 2 2 2 2 2 2 2 2 2 2 2 2
left_child=1 20 4 12 5 6 7 8 -2 -9 11 -8 13 16 25 -16 17 -3 -18 -12 -1 22 -5 -6 26 -15 -4
right_child=2 3 24 21 23 -7 10 9 -10 -11 19 -13 -14 14 15 -17 18 -19 -20 -21 -22 -23 -24 -25 -26 -27 -28
leaf_value=0.0046807409292378629 0.00026367682464435976 -0.0011488825861591544 -0.0086848913118485367 0.0043334591974641843 -0.0024535583911499967 0.0063367227794041735 -0.0055978767931962542 -0.0056347856713876276 0.004422616095858165 0.004039966539854575 0.0080294279410707426 0.003604995036302675 0.0049335248007387937 -0.0087768422035930434 -0.0023088228667786388 0.003985604254849188 -0.0033880928201060266 0.0064915241464266948 0.0051692863273283159 0.0024734256039436967 -0.00071263818420686778 0.0050551902951727424 -0.0051750095102946671 -0.0089072497679658323 -0.0027573541870764026 -0.0042171355009387682 -0.0053001219273203469
leaf_weight=17.320456303656105 718.9242037050426 129.92580305784941 2.771582156419754 6.3076573014259356 3.7190171033143988 6.1305211931467047 7.3981563597917539 19.521767746657137 22.729208178818226 4.292780026793479 9.6494268774986285 7.3239443153142929 5.1930281817913047 2.9836952388286582 14.214412748813627 24.560231260955334 101.52100340276957 5.1622319072484961 3.2512426711618891 20.380592174828053 10.791644021868704 9.7732448652386648 5.8227286040782928 2.9093654900789261 2.469491932541132 2.9389403723180294 2.327003300189971
leaf_count=32 2908 724 28 18 22 9 32 118 60 13 15 22 11 28 76 66 816 7 13 60 31 21 37 28 20 21 23
internal_value=0 -0.000795165 0.000325329 -0.00110313 0.00038219 0.000429145 0.000383925 0.00025817 0.000391525 -0.00388424 0.00253125 -0.00102362 -0.00134829 -0.00146407 0.000574637 0.00167799 -0.00184406 -0.000853839 -0.0031194 0.00427262 0.00261333 0.0021341 -0.000233589 -0.00534707 -0.00580698 -0.00658668 -0.00722878
internal_weight=0 339.766 830.547 311.654 822.979 816.351 810.22 765.468 741.653 23.8145 44.7521 14.7221 289.751 284.558 44.6973 38.7746 239.86 135.088 104.772 30.03 28.1121 21.9036 12.1304 6.62838 7.56808 5.92264 5.09859
internal_count=5259 1901 3358 1838 3287 3237 3228 3099 2968 131 129 54 1762 1751 191 142 1560 731 829 75 63 76 55 50 71 49 51
is_linear=0
shrinkage=0.00517761


Tree=28
num_leaves=30
num_cat=0
split_feature=42 64 13 60 59 59 65 47 56 42 64 9 60 65 57 42 61 61 3 3 56 3 61 47 49 65 63 41 64
split_gain=10.4202 14.8033 9.76903 9.76464 8.60937 8.2121 13.1099 15.7802 17.0445 16.7329 14.4522 10.4806 13.0412 12.9637 14.0338 13.7928 9.97541 16.2595 15.6585 16.5875 12.6435 9.38134 10.3216 8.43469 20.1708 14.9119 12.6224 14.6676 8.0277
threshold=0.31009615384615391 2.5500000000000003 12.500000000000002 0.21294035577258458 225.00000000000003 -74.999999999999986 11.500000000000002 33.550000000000004 0.28991596638655465 0.88562091503267981 19.850000000000005 1.0000000180025095e-35 0.042705167173252255 13.500000000000002 -2.7499999999999996 0.74166666666666681 0.11583184257602856 0.040833333333333312 6.5000000000000009 159.50000000000003 0.6132478632478634 61.500000000000007 0.14670014347202293 33.750000000000007 0.19375000000000003 2.5000000000000004 10.500000000000002 1.3500000000000003 17.450000000000003
decision_type=2 2 2 2 2 2 2 2 2 2 2 2 2 2 2 2 2 2 2 2 2 2 2 2 2 2 2 2 2
left_child=1 -1 5 4 -3 16 7 21 10 -10 -9 13 -13 14 -8 -15 17 18 -2 -20 -19 22 -7 26 28 -26 27 -18 -25
right_child=2 3 -4 -5 -6 6 11 8 9 -11 -12 12 -14 15 -16 -17 23 20 19 -21 -22 -23 -24 24 25 -27 -28 -29 -30
leaf_value=0.0025202807633314317 0.0051920122718703658 -0.0012089000167520331 -0.0056264325800119497 0.0023563580671099502 -0.0062531384945864873 -0.0073209030430017169 0.0064179157248024097 -0.00045018741978526677 -0.00030071886482891741 -0.0040034836435748691 0.0031534362445379605 -1.3244747940451837e-05 0.0077925260176634255 -0.0033799681494079332 0.00093694587755327799 0.0010362898954052752 0.004070599529513148 -0.0013402789072721132 -0.00331270455728412 0.0055032960192584694 -0.0089178434745237206 -0.0067301619490789692 -0.00025131613296470865 -0.0011213627376268375 -0.0033063204977844237 0.0024432117101226992 0.0066960588900583234 -0.0035172258368423616 -0.0096321971146199545
leaf_weight=32.993467748165131 18.360787130892277 273.24086030572653 7.2952729836106291 20.06033418700099 9.3217841610312444 6.9588382095098487 17.496111489832401 55.699353270232677 195.73685736954212 39.221768949180841 64.138126373291016 10.021741829812528 13.35156913474202 30.654741682112217 43.761238656938076 49.456891465932131 19.638422898948196 21.501758731901649 20.989786911755804 7.7909404113888732 8.0879233404993993 14.587180379778145 26.157309826463461 6.0629357174038869 13.66775146871805 101.52853746712208 20.71908849850297 10.390784136950968 5.8003049939870834
leaf_count=86 45 1660 71 68 87 59 39 266 841 195 186 43 25 186 180 174 45 83 108 22 63 109 123 22 54 314 31 41 33
internal_value=0 -0.00076964 0.000311593 -0.00112881 -0.00137675 0.000364762 1.80051e-05 -0.000485564 -0.000109384 -0.000919799 0.00147914 0.00124806 0.00445483 0.000715996 0.00250772 -0.00065492 0.00113729 -0.000422711 0.00146503 -0.000918881 -0.00342695 -0.00327928 -0.00174867 0.00181042 0.00109665 0.00175949 0.00359365 0.0014429 -0.00531336
internal_weight=0 335.616 829.076 302.623 282.563 821.781 567.242 402.499 354.796 234.959 119.837 164.742 23.3733 141.369 61.2574 80.1116 254.539 76.7312 47.1415 28.7807 29.5897 47.7033 33.1161 177.808 127.06 115.196 50.7483 30.0292 11.8632
internal_count=5259 1901 3358 1815 1747 3287 2426 1779 1488 1036 452 647 68 579 219 360 861 321 175 130 146 291 182 540 423 368 117 86 55
is_linear=0
shrinkage=0.00517761


Tree=29
num_leaves=30
num_cat=0
split_feature=42 65 29 42 15 65 3 64 13 3 41 52 47 33 42 2 40 30 23 58 58 52 11 60 61 42 1 45 47
split_gain=11.6643 13.6449 12.6374 13.0373 11.2905 16.7582 13.1236 12.0735 10.4634 9.90849 8.68837 11.167 10.5402 8.24035 12.1763 8.8611 14.1886 13.4967 13.0581 15.3198 12.4023 12.1194 19.6031 13.9496 8.11499 7.46159 4.18267 3.66057 1.36695
threshold=0.31009615384615391 1.5000000000000002 1.0000000180025095e-35 0.19375000000000003 76.000000000000014 4.5000000000000009 232.00000000000003 3.8500000000000001 12.500000000000002 5.5000000000000009 2.1500000000000008 10.500000000000002 33.95000000000001 1.0000000180025095e-35 0.39444444444444454 17.500000000000004 39.45000000000001 2.5000000000000004 1.0000000180025095e-35 3.5000000000000004 7.5000000000000009 13.500000000000002 2.5000000000000004 0.099450549450549472 0.20106382978723403 0.080128205128205107 41.000000000000007 15.500000000000002 34.550000000000004
decision_type=2 2 2 2 2 2 2 2 2 2 2 2 2 2 2 2 2 2 2 2 2 2 2 2 2 2 2 2 2
left_child=1 2 3 9 6 -6 7 28 13 -1 12 -12 -9 15 -15 17 18 21 20 -20 -17 22 -2 -23 -4 -11 -7 -19 -3
right_child=8 4 24 -5 5 26 -8 10 -10 25 11 -13 -14 14 -16 16 -18 27 19 -21 -22 23 -24 -25 -26 -27 -28 -29 -30
leaf_value=-0.0035930929765459084 -0.0001749136590630571 -0.0096512597459916423 0.0086058588930396571 -0.0064862436549398151 0.0057164924376298734 0.00043200577393370554 -0.0084110043648595763 -0.00043773794736241535 -0.0059239224815117904 0.0055899288880052276 -0.0021927925859073381 0.0031031205942450174 -0.0028090841201132426 0.0050707886234987393 -0.0070928996157119647 0.0043335447221539971 -0.0051363755446584402 0.006476874635137987 -0.0024116223410233693 0.0028467241868904325 -0.0010148813418107351 0.00013775704198763219 -0.0041637737878879701 0.0026531883891793145 0.0017443371961987607 -0.00081207223145745319 -0.0073711036372793885 0.0021186940595234712 -0.0050040373259951946
leaf_weight=7.9056880958378342 305.14300933480263 4.425742268562316 8.8013247996568698 7.1024013832211486 13.793966859579088 3.2924821078777304 7.2433729581534854 100.25884400308132 7.0427907407283774 12.976266421377661 18.133892960846424 25.753883723169565 100.73830569349229 2.9181329086422911 8.4952132664620859 64.472824722528458 7.8608096688985816 10.296410001814367 30.381849378347397 28.933026783168316 14.146729439496992 217.86644178256392 36.972421646118164 81.042491860687733 9.7422365769743902 7.7724566869437686 4.0891168750822544 10.504671104252337 3.1786306314170361
leaf_count=36 1275 30 13 42 35 15 59 534 71 30 93 90 794 8 86 156 45 20 153 82 46 926 202 261 34 37 36 27 23
internal_value=0 -0.000814501 0.00156008 -0.000240215 -0.00127379 0.00235637 -0.0015703 -0.00137188 0.00033055 0.00131914 -0.00117116 0.000914784 -0.0016268 0.000384812 -0.00397115 0.000446698 0.0016019 0.000192073 0.00198823 0.000153554 0.00337104 5.86616e-05 -0.000606727 0.000820214 0.00502032 0.00319653 -0.00391696 0.00428992 -0.00776932
internal_weight=0 335.209 54.3004 35.7568 280.908 21.1756 259.733 252.489 826.077 28.6544 244.885 43.8878 200.997 819.034 11.4133 807.621 145.795 661.825 137.934 59.3149 78.6196 641.024 342.115 298.909 18.5436 20.7487 7.3816 20.8011 7.60437
internal_count=5259 1901 192 145 1709 86 1623 1564 3358 103 1511 183 1328 3287 94 3193 482 2711 437 235 202 2664 1477 1187 47 67 51 47 53
is_linear=0
shrinkage=0.00517761


Tree=30
num_leaves=30
num_cat=0
split_feature=42 64 13 60 59 47 38 8 38 40 5 48 42 64 61 47 38 54 64 41 47 5 59 27 48 24 41 54 62
split_gain=10.355 13.8616 9.98654 9.7178 8.3534 13.2943 12.4691 28.8205 21.6251 18.6688 17.2137 14.7976 11.6237 13.249 12.5489 10.8476 9.82245 17.6752 11.0352 8.28789 10.2825 15.6943 8.25224 8.24078 7.87994 7.7939 8.69033 7.35422 7.16587
threshold=0.31009615384615391 2.5500000000000003 12.500000000000002 0.21294035577258458 -74.999999999999986 33.550000000000004 55.000000000000007 1.0000000180025095e-35 13.500000000000002 38.250000000000007 1.5000000000000002 1.5500000000000003 0.80625000000000013 23.450000000000003 0.14670014347202293 37.350000000000001 95.000000000000014 35.150000000000013 69.600000000000009 5.7500000000000009 33.750000000000007 1.5000000000000002 225.00000000000003 1.5000000000000002 5.6500000000000012 5.5000000000000009 2.1500000000000008 35.95000000000001 4.5000000000000009
decision_type=2 2 2 2 2 2 2 2 2 2 2 2 2 2 2 2 2 2 2 2 2 2 2 2 2 2 2 2 2
left_child=1 28 4 22 16 12 7 8 -7 11 -9 -8 -6 -14 -15 -11 19 18 -18 20 23 -22 24 -2 25 26 -3 -5 -1
right_child=2 3 -4 27 5 6 9 10 -10 15 -12 -13 13 14 -16 -17 17 -19 -20 -21 21 -23 -24 -25 -26 -27 -28 -29 -30
leaf_value=-0.0013308756283100362 0.0054029210809707065 -0.0019014323740978753 -0.0059327041471710848 -0.00047295915187857911 -0.0040189958855315448 -0.00025462824737583132 0.001404049601658935 0.0059403029342787548 -0.0037198458407979177 0.0015723428975866647 0.00080969890197685223 -0.003082535696541132 -0.0060553705042835611 -0.0034529165897540398 0.0053765641906914794 0.0076148469177527781 -0.0030058560535551099 -0.0070866194456862272 0.0045300007529523161 -0.0033809749957563686 -0.00099031968577367692 0.0023432057983883803 -0.0062574228145595235 0.0011193749210363737 0.0041447984893056367 0.0049020842939478809 0.00068468047450273529 0.0057544598388814608 0.0039882023832347405
leaf_weight=9.5706344284117204 31.375093821436167 216.02404356747866 6.7451425045728675 11.333316024392845 38.200656529515982 187.11861863546073 110.06374944373965 25.135592930018902 65.007746383547783 14.192050904035566 57.689769603312016 23.93690699338913 6.2589052245020893 6.2928497344255474 13.409474976360796 18.216255001723766 9.3494004346430355 10.33146810159087 11.60115636885166 8.7851029783487302 60.537497580051422 100.86828058212996 8.9193699695169908 19.585022553801537 7.1033778712153426 5.162664368748664 41.489489130675793 9.1371668428182584 23.064111307263374
leaf_count=34 62 1455 71 49 238 800 404 52 368 51 238 125 49 36 34 31 42 66 27 41 258 314 87 51 15 11 179 19 52
internal_value=0 -0.000772302 0.00031076 -0.00112195 0.000362727 1.31066e-05 0.000297198 -0.000278347 -0.00114886 0.00145535 0.00237028 0.000601433 -0.00220472 0.000468129 0.00255407 0.00497751 0.00114575 -0.00156733 0.00116791 0.00152989 0.00173406 0.00109299 -0.00137498 0.00376036 -0.00121204 -0.00135793 -0.00148468 0.00231602 0.0024286
internal_weight=0 331.804 824.701 299.169 817.956 565.523 501.361 334.952 252.126 166.409 82.8254 134.001 64.1619 25.9612 19.7023 32.4083 252.433 31.282 20.9506 221.151 212.366 161.406 278.699 50.9601 269.78 262.676 257.514 20.4705 32.6347
internal_count=5259 1901 3358 1815 3287 2426 2069 1458 1168 611 290 529 357 119 70 82 861 135 69 726 685 572 1747 113 1660 1645 1634 68 86
is_linear=0
shrinkage=0.00517761


Tree=31
num_leaves=30
num_cat=0
split_feature=42 64 55 49 59 21 59 40 59 32 15 11 29 64 59 64 2 12 1 55 59 65 25 24 38 42 60 3 42
split_gain=10.3328 14.3015 13.3003 13.9315 13.4791 10.4537 11.005 10.0755 9.98213 9.16605 9.13472 11.6852 9.71985 13.017 9.72812 12.2142 9.68119 8.71259 8.59558 8.56027 8.51234 13.1418 15.1853 20.6995 12.9095 11.703 11.2973 13.4956 22.1735
threshold=0.31009615384615391 7.6500000000000012 0.95000000000000007 0.4330357142857143 -124.99999999999999 1.0000000180025095e-35 -549.99999999999989 34.350000000000001 -124.99999999999999 1.0000000180025095e-35 76.000000000000014 3.5000000000000004 1.0000000180025095e-35 2.7500000000000004 -1.0000000180025095e-35 1.6500000000000001 1.0000000180025095e-35 2.5000000000000004 1.0000000180025095e-35 1.6500000000000001 -74.999999999999986 6.5000000000000009 1.5000000000000002 1.0000000180025095e-35 4.5000000000000009 0.48529411764705882 0.092450142450142422 94.500000000000014 0.48529411764705882
decision_type=2 2 2 2 2 2 2 2 2 2 2 2 2 2 2 2 2 2 2 2 2 2 2 2 2 2 2 2 2
left_child=1 10 5 8 -5 6 -3 17 -4 20 11 12 14 -14 16 -16 -1 -8 -15 -11 -2 22 23 24 -22 -25 -23 28 -28
right_child=9 2 3 4 -6 -7 7 -9 -10 19 -12 -13 13 18 15 -17 -18 -19 -20 -21 21 26 -24 25 -26 -27 27 -29 -30
leaf_value=-0.0023818940716069737 0.001166545837527451 0.0050786202220866414 -0.0036243493593284435 0.0015995234975670054 -0.0056553724321209559 0.002273681370749959 -0.0011578321035342807 -0.0049860916290258243 0.0030366937313074907 -0.0074363899465172073 0.004254891314297302 -0.0052963931918942955 0.0082288025384579262 0.0046780196114088483 0.0048632467879088717 -0.0038400968236753314 0.0026867576268225593 -0.0066348542915960745 -0.0056991256420814498 0.0030369662013654364 0.0015377291728722964 0.00010154074945343064 -0.0051502702715821077 -0.0026493532372747351 -0.0024611701876700253 0.0036071843657387147 -0.0078407348443876972 0.0049456373087123683 0.0019814468319607837
leaf_weight=13.987024605274199 250.32496490143239 4.275545507669448 7.1292566321790209 11.6118923984468 16.641997952014208 10.822472959756849 54.971240449696779 53.290814494714141 37.409288151189685 7.4374429248273355 15.979089997708796 9.8238683566451055 9.3962658606469649 4.1341500878334028 5.1136372089386013 26.231065832078457 35.907672073692083 9.0150329284369928 4.2966124638915062 2.8575133755803108 27.321126945316792 274.58790154196322 21.46765155531466 10.037975650280712 103.31146711856127 38.891244940459728 7.0456276014447203 31.506990179419518 46.051457732915878
leaf_count=74 853 15 49 52 146 57 311 473 164 61 47 72 13 13 10 178 118 70 39 13 105 1174 130 59 557 124 49 78 155
internal_value=0 -0.000773607 -0.00161426 0.000163411 -0.00267677 -0.00259143 -0.00302564 -0.00332384 0.00196655 0.000311083 0.000607716 7.02039e-05 0.000605613 0.00406018 -0.000155071 -0.00241279 0.00126448 -0.00193563 -0.000613099 -0.00452801 0.000372916 1.81915e-05 -0.00104161 -0.000548652 -0.00162443 0.00232168 0.00061143 0.00226487 0.000669874
internal_weight=0 330.037 205.168 72.7924 28.2539 132.375 121.553 117.277 44.5385 820.841 124.869 108.89 99.0664 17.827 81.2394 31.3447 49.8947 63.9863 8.43076 10.295 810.546 560.221 201.029 179.562 130.633 48.9292 359.192 84.6041 53.0971
internal_count=5259 1901 1337 411 198 926 869 854 213 3358 564 517 445 65 380 188 192 381 52 74 3284 2431 975 845 662 183 1456 282 204
is_linear=0
shrinkage=0.00517761


Tree=32
num_leaves=30
num_cat=0
split_feature=42 65 61 60 5 13 15 65 64 3 48 41 56 48 47 0 58 58 58 61 65 38 56 31 47 46 40 60 56
split_gain=10.1585 12.5849 10.8245 15.8047 13.6566 9.22903 8.74244 14.5824 12.2472 10.2162 9.2408 8.565 8.15263 8.0372 10.795 8.78586 20.207 26.3844 13.4813 14.5483 14.1448 8.20487 7.44693 4.69581 1.25126 1.2394 0.540972 0.286832 0.216225
threshold=0.31009615384615391 1.5000000000000002 0.19760264140109099 0.12337223067816672 1.0000000180025095e-35 12.500000000000002 76.000000000000014 4.5000000000000009 3.8500000000000001 232.00000000000003 5.6500000000000012 2.1500000000000008 0.32291666666666669 7.1500000000000012 41.550000000000004 1.5000000000000002 -7.4999999999999991 -3.4999999999999996 -4.4999999999999991 0.48187294633077771 8.5000000000000018 13.500000000000002 0.23303167420814477 5.5000000000000009 34.750000000000007 7.5000000000000009 34.850000000000001 0.085867895545314862 0.46862745098039221
decision_type=2 2 2 2 2 2 2 2 2 2 2 2 2 2 2 2 2 2 2 2 2 2 2 2 2 2 2 2 2
left_child=1 2 12 4 -4 13 8 -8 24 10 11 -10 -1 14 15 16 21 -18 19 -17 -20 -2 -5 -9 -3 28 -6 -11 -7
right_child=5 6 3 22 26 25 7 23 9 27 -12 -13 -14 -15 -16 18 17 -19 20 -21 -22 -23 -24 -25 -26 -27 -28 -29 -30
leaf_value=0.0014816300880316912 0.005080316047114888 -0.0097013350143920207 0.0022189514772916678 0.0046289915206270101 -0.0097833441373475459 -0.0059610571213401433 0.0053029057651743398 -0.0075881376777132544 -0.0017601236532210011 -0.0092707508913518998 0.0048723673266679321 0.00082556144141384172 0.0083540512668755229 0.0043288724563840322 -0.005833854826925655 -0.0026728178964497522 -0.0061161266512581068 -0.00036445869090644887 0.00022904743079263631 0.0052122295913653929 0.0020676236785469944 1.5031961343321947e-05 -0.0019175332828773885 0.00072156132404559788 -0.0051607465304859832 -0.0024908654969353844 -0.0067888427277200654 -0.0063969112422021948 -0.0088620707326396778
leaf_weight=9.9245805181562918 23.015334758907557 4.5475091710686675 5.0296651497483245 14.79621046036482 4.6837647855281812 2.4950338453054419 13.046326063573362 3.9453027136623851 190.27507502399385 3.1651590168476096 6.6393997780978671 41.858615580946207 8.6652099341154081 13.370241917669771 7.5749054644256821 48.32844565436244 23.597793087363243 221.72007463499904 251.14432867057621 7.1442668288946143 202.69032964855433 13.642281863838432 6.7388311550021163 3.3203847333788872 2.9751138538122177 2.2218356765806675 3.8786563389003277 2.5863851383328438 1.9062509052455423
leaf_count=35 63 34 20 39 29 30 35 32 1319 34 14 178 15 33 45 285 165 984 963 17 668 64 30 19 23 20 24 21 21
internal_value=0 -0.000772762 0.00151628 -0.000176009 -0.00453523 0.00030776 -0.0012245 0.00203838 -0.00148794 -0.0012865 -0.00112096 -0.00129374 0.0047036 0.00035762 0.000290794 0.000349915 -0.000383244 -0.000919249 0.000755832 -0.00165222 0.00105038 0.00319882 0.00258058 -0.00381766 -0.00796693 -0.00574901 -0.00848994 -0.00806678 -0.00733134
internal_weight=0 326.076 53.7169 35.1271 13.5921 818.851 272.359 20.312 252.047 244.525 238.773 232.134 18.5898 812.228 798.858 791.283 281.975 245.318 509.307 55.4727 453.835 36.6576 21.535 7.26569 7.52262 6.62312 8.56242 5.75154 4.40128
internal_count=5259 1901 192 142 73 3358 1709 86 1623 1566 1511 1497 50 3287 3254 3209 1276 1149 1933 302 1631 127 69 51 57 71 53 55 51
is_linear=0
shrinkage=0.00517761


Tree=33
num_leaves=30
num_cat=0
split_feature=42 64 33 42 60 30 58 19 47 7 24 38 60 4 60 47 45 24 41 49 52 40 64 46 15 54 62 25 42
split_gain=9.53165 14.5359 9.03857 11.568 9.02523 8.43719 10.3957 10.2641 15.1849 13.0653 12.514 11.8406 16.8213 15.0321 11.1691 8.88529 7.40879 7.31048 7.14229 13.1674 12.9068 10.3807 10.724 8.89388 5.62698 4.84379 6.30741 3.13613 2.74433
threshold=0.31009615384615391 2.2500000000000004 1.0000000180025095e-35 0.37980769230769235 0.20864427860696519 2.5000000000000004 5.5000000000000009 19.500000000000004 33.45000000000001 106.00000000000001 3.5000000000000004 35.000000000000007 0.12135372415746247 4.5000000000000009 0.15821566110397942 34.050000000000004 9.5000000000000018 5.5000000000000009 2.1500000000000008 0.55050505050505061 10.500000000000002 33.850000000000001 8.2500000000000018 13.500000000000002 68.500000000000014 35.95000000000001 3.5000000000000004 1.0000000180025095e-35 0.18465909090909091
decision_type=2 2 2 2 2 2 2 2 2 2 2 2 2 2 2 2 2 2 2 2 2 2 2 2 2 2 2 2 2
left_child=1 16 5 -4 17 7 15 9 27 10 14 13 -13 -10 -2 -7 -1 18 21 20 -20 22 -3 -23 -12 26 -6 -9 -21
right_child=2 4 3 -5 25 6 -8 8 11 -11 24 12 -14 -15 -16 -17 -18 -19 19 28 -22 23 -24 -25 -26 -27 -28 -29 -30
leaf_value=-0.0004312971652586301 0.00052588632728564025 0.0015164781131529565 0.0045814972644514056 -0.0071138870694685769 0.0038753688261945469 0.0043226314672834025 0.0073814724481408977 -0.0086344329745261048 0.006276387212545813 0.0060075508654289502 0.007326420637997621 -0.00064357485765070474 0.0054391557478361786 -0.0032920076834325905 -0.001853726764557722 -0.0035824742006377412 0.0052256689945431685 0.0048754855473731708 -0.0022199108716258074 -0.0020936991772742735 0.0043232904857419402 -0.0034064497331396581 -0.0019378329802364304 0.00030666681881455488 0.0016260533883306007 0.0048891654383236309 -0.0034486987787445893 -0.0027840574755705456 -0.0080009520044935761
leaf_weight=10.306619063019754 567.76036469452083 39.799961362034082 2.9819135889410964 8.9075255952775461 5.8795794546604174 8.0160913094878214 10.025997027754782 7.7309151813387853 4.8082234263420096 11.389598727226256 9.6802721694111842 44.908339023590088 16.654857382178307 45.711626499891281 58.240900572389364 7.1485769897699347 15.492490381002424 4.9306216388940802 12.762404654175041 4.0352669022977334 21.811692751944065 105.81871037557721 60.836927071213722 20.653180062770844 8.9618391469120962 9.4757379144430143 6.642690047621727 3.7150051966309547 4.5045164041221142
leaf_count=33 2225 144 10 95 17 20 15 63 10 28 15 209 39 264 257 43 30 11 64 24 63 906 372 138 33 22 37 32 40
internal_value=0 -0.000752895 0.000297778 -0.00417107 -0.00107675 0.000364145 0.0033094 0.000268693 -0.00110004 0.000526513 0.000429059 -0.000518045 0.00100599 -0.00237421 0.000304315 0.000596461 0.00297021 -0.00133199 -0.00144644 0.000484786 0.0019082 -0.00181312 -0.000571567 -0.0028002 0.0046018 0.00211007 -7.10864e-06 -0.00676295 -0.0052478
internal_weight=0 322.95 816.642 11.8894 297.151 804.753 25.1907 779.562 123.529 656.033 644.643 112.083 61.5632 50.5198 626.001 15.1647 25.7991 275.153 270.223 43.1139 34.5741 227.109 100.637 126.472 18.6421 21.998 12.5223 11.4459 8.53978
internal_count=5259 1901 3358 105 1838 3253 78 3175 617 2558 2530 522 248 274 2482 63 63 1762 1751 191 127 1560 516 1044 48 76 54 95 64
is_linear=0
shrinkage=0.00517761


Tree=34
num_leaves=26
num_cat=0
split_feature=42 64 60 13 59 48 27 60 28 23 62 58 48 62 29 61 15 40 41 42 40 3 46 54 56
split_gain=9.95217 13.2264 10.2934 8.86995 7.89613 7.89788 7.66552 15.8087 14.8085 14.0989 13.9637 9.08858 7.56879 7.05663 7.57871 7.03601 7.32996 13.0948 9.56024 5.32122 3.5153 3.50326 1.2183 0.811449 0.198373
threshold=0.31009615384615391 2.5500000000000003 0.21294035577258458 12.500000000000002 590.00000000000011 8.9500000000000011 2.5000000000000004 0.25511055486024198 1.5000000000000002 1.0000000180025095e-35 7.5000000000000009 -1.0000000180025095e-35 5.6500000000000012 4.5000000000000009 1.0000000180025095e-35 0.47092630155510479 76.000000000000014 34.95000000000001 2.1500000000000008 0.23303167420814477 36.95000000000001 15.500000000000002 7.5000000000000009 34.350000000000001 0.46862745098039221
decision_type=2 2 2 2 2 2 2 2 2 2 2 2 2 2 2 2 2 2 2 2 2 2 2 2 2
left_child=1 13 12 4 5 6 7 8 -2 11 -11 -8 15 -1 -15 16 18 -18 -3 21 -6 -4 24 -17 -5
right_child=3 2 19 22 20 -7 9 -9 -10 10 -12 -13 -14 14 -16 23 17 -19 -20 -21 -22 -23 -24 -25 -26
leaf_value=-0.0012957519410966476 -0.00017590755877163218 -0.0021264862643049203 0.0031694582350105895 -0.005952720860637928 -0.0013132203585740545 0.0058240550768159311 0.00036818648087964383 -0.0073840028767252269 0.0038704551775619479 -0.0013796098417895467 0.0029907269781527823 0.0026067139950222578 0.0039066614311080135 0.00086083424835282658 0.0069392239857904584 -0.005253677054719426 0.0043819405928715478 -0.0051112796490140108 0.00064100604345012138 0.0060027930850715984 -0.0088841913112828706 -0.0021881130242814312 -0.0024540431715898781 -0.0094251289750909659 -0.0088118211661578471
leaf_weight=9.5989366546273249 435.09801603481174 195.94042146764696 6.3875828534364718 2.4552105404436579 3.1874899119138709 7.0639133825898162 77.598001629114151 7.7330953255295745 25.610413748770952 93.706743896007538 24.711905978620052 130.27985138818622 6.9774598516523829 10.632779233157637 11.375204890966414 3.2249536067247382 13.618569202721121 5.3826115280389777 40.315774656832218 7.1616107523441306 3.3935350254178047 6.5713768824934959 2.1954801827669144 2.5185682587325573 1.8348951153457163
leaf_count=34 1866 1419 22 30 18 15 307 43 75 468 81 382 17 34 18 26 46 38 177 19 32 27 20 24 21
internal_value=0 -0.000774083 -0.00112302 0.000303742 0.00035235 0.000398915 0.000350207 -7.41894e-05 4.95381e-05 0.000959391 -0.000466391 0.00177151 -0.00139133 0.00240206 0.00401418 -0.00153394 -0.00140527 0.00168404 -0.00165416 0.00244309 -0.00526759 0.000454951 -0.00569642 -0.00717029 -0.00729203
internal_weight=0 319.706 288.099 814.869 808.383 801.802 794.738 468.442 460.708 326.297 118.419 207.878 267.978 31.6069 22.008 261.001 255.257 19.0012 236.256 20.1206 6.58102 12.959 6.48559 5.74352 4.29011
internal_count=5259 1901 1815 3358 3287 3237 3222 1984 1941 1238 549 689 1747 86 52 1730 1680 84 1596 68 50 49 71 50 51
is_linear=0
shrinkage=0.00517761


Tree=35
num_leaves=30
num_cat=0
split_feature=42 64 60 32 59 47 42 53 7 19 41 42 49 38 19 6 61 61 54 47 27 41 62 56 56 56 55 12 60
split_gain=8.81533 12.2946 8.78941 8.58048 7.96108 14.2098 11.7327 11.1866 26.6824 10.8961 10.8846 22.069 13.6875 11.4466 15.2613 13.3939 10.8814 12.6261 10.0096 9.93126 13.9541 26.6821 13.6121 15.803 15.7278 9.88841 9.78736 8.66971 7.59118
threshold=0.31009615384615391 2.2500000000000004 0.20864427860696519 1.0000000180025095e-35 -74.999999999999986 33.550000000000004 0.80625000000000013 6.5000000000000009 65.500000000000014 19.500000000000004 1.2500000000000002 0.93095238095238109 0.41421568627450983 55.000000000000007 16.500000000000004 1.0000000180025095e-35 0.14670014347202293 0.21676706827309231 36.050000000000004 34.050000000000004 1.5000000000000002 0.95000000000000007 5.5000000000000009 0.31009615384615391 0.21825396825396823 0.37980769230769235 0.15000000000000005 1.0000000180025095e-35 0.13221420643729193
decision_type=2 2 2 2 2 2 2 2 2 2 2 2 2 2 2 2 2 2 2 2 2 2 2 2 2 2 2 2 2
left_child=1 -1 -3 4 7 6 -6 19 25 -10 11 12 -7 14 -12 -15 -8 -18 -11 20 -2 -22 23 -21 -24 -9 -13 -27 -5
right_child=3 2 -4 28 5 10 16 8 9 18 13 26 -14 15 -16 -17 17 -19 -20 22 21 -23 24 -25 -26 27 -28 -29 -30
leaf_value=0.0026715695904477098 0.0060614192433513072 -0.001293291880931855 0.0020678116466873158 -0.0078880866549851866 -0.0041886199228705978 -0.0015952815833901054 -0.0046089478088431396 -0.0065450206439514281 0.0064629548227363729 0.003539442905253177 0.00098837504091963064 0.0025288742909739029 0.0009307718180119358 0.0058994519121571137 -0.0039294796736073041 0.0012477751767969183 0.0064726254937053666 -0.0023322611857074247 -0.0037049065326044406 -0.0012737669107856344 0.0047157495175845924 -0.0067868622172426131 0.0027625775612095628 0.0043865609430022547 -0.0052719098774798422 -0.0033144653637168942 -0.0067772813698318488 0.00064327727172453083 0.0015743713917057364
leaf_weight=26.087694570422173 31.294622607529163 269.92700490728021 22.543299898505211 6.2912933118641359 36.933247288689017 88.105987694114447 8.0251697674393672 10.901366669684647 16.714950185269117 14.068022891879084 120.37768175080419 3.5689740590751198 165.25842652469873 24.93721617013216 19.614010099321604 49.49697888828814 9.9482452571392077 7.6919689811766139 7.9470359422266474 20.411797016859055 15.854111261665823 8.120292976498602 10.837842196226122 37.341235999017954 16.246572963893414 27.603922467678785 18.893427658826113 31.952309370040894 3.5063135549426079
leaf_count=63 56 1762 76 59 241 443 53 67 34 42 455 14 682 55 118 174 20 46 39 72 32 34 32 101 82 153 130 109 15
internal_value=0 -0.000729842 -0.00103379 0.000286383 0.000345381 -1.01074e-06 -0.00232266 0.00111338 -0.000129034 0.00331977 0.000295694 -0.000384483 5.21432e-05 0.00117051 0.000297774 0.00281012 0.000366174 0.0026386 0.000920856 0.00208126 0.00378794 0.000811559 0.000967264 0.00238676 -0.00205781 -0.00202623 -0.00529534 -0.00119266 -0.00451332
internal_weight=0 318.558 292.47 811.943 802.145 552.851 62.5986 249.294 109.188 38.73 490.253 275.827 253.364 214.426 139.992 74.4342 25.6654 17.6402 22.0151 140.106 55.269 23.9744 84.8374 57.753 27.0844 70.4576 22.4624 59.5562 9.79761
internal_count=5259 1901 1838 3358 3284 2431 360 853 444 115 2071 1269 1125 802 573 229 119 66 81 409 122 66 287 173 114 329 144 262 74
is_linear=0
shrinkage=0.00517761


Tree=36
num_leaves=30
num_cat=0
split_feature=42 65 29 42 27 42 33 42 55 40 40 47 61 49 63 57 27 31 31 1 30 17 57 39 11 45 4 60 60
split_gain=9.49795 12.2958 10.0207 11.4532 9.58057 11.4977 8.66828 10.4834 8.28221 16.044 15.8024 10.2117 15.7086 13.2691 9.77889 9.66436 9.58318 11.6779 14.5756 10.4657 8.12702 11.1285 13.7763 16.7127 15.0685 11.6725 11.3327 20.4753 19.5881
threshold=0.31009615384615391 1.5000000000000002 1.0000000180025095e-35 0.17914438502673799 1.0000000180025095e-35 0.064583333333333312 1.0000000180025095e-35 0.37980769230769235 0.95000000000000007 34.850000000000001 35.45000000000001 36.95000000000001 0.12220009955201593 0.37980769230769235 6.5000000000000009 1.2500000000000002 22.500000000000004 1.0000000180025095e-35 15.500000000000002 16.500000000000004 2.5000000000000004 1.5000000000000002 1.7500000000000002 5.5000000000000009 24.500000000000004 135.00000000000003 1.0000000180025095e-35 0.13383084577114426 0.097693531283138915
decision_type=2 2 2 2 2 2 2 2 2 2 2 2 2 2 2 2 2 2 2 2 2 2 2 2 2 2 2 2 2
left_child=1 2 3 4 5 -1 20 -8 9 16 -10 12 -12 15 -11 -13 17 19 -19 -3 21 26 24 -24 25 -23 27 28 -2
right_child=6 8 -4 -5 -6 -7 7 -9 10 14 11 13 -14 -15 -16 -17 -18 18 -20 -21 -22 22 23 -25 -26 -27 -28 -29 -30
leaf_value=-0.0066905068542043302 -0.00042608414169606257 0.0012775367568863094 0.0046936821359761264 -0.0055022953326489292 0.0044658816640986221 0.0033952248170790581 0.0042020110817822766 -0.0070283572765317773 -0.0049772342249488604 -0.00189575133796498 -0.0018972831558278964 -0.0034923730684440998 0.0049313254719226592 -0.0070744081414924999 -0.0058548935686467034 0.0039158612022779597 0.0054744888705101418 -0.0040598109699866687 0.0034801466666129332 -0.0057065431883742716 0.0033279183662682068 -0.0029210869833488635 0.0042852457823044495 -0.0026444251401705229 0.0036271468709918914 0.0039007233020991695 0.0011968736584312431 -0.004379061457157188 0.0034442134977632822
leaf_weight=6.2028400078415888 193.11784076318145 53.611870463937521 17.762500304728746 7.972054708749055 14.011033359915016 5.8060368075966835 2.9515282660722724 8.5795695558190328 13.365290842950342 34.283397445455194 13.169337436556814 7.8015124537050786 28.46379141882062 7.6106224954128256 32.773678861558437 11.741438217461107 6.3882170021533957 42.514829328283668 8.1423648893833143 6.3763618208467951 23.970771055668592 99.257296286523342 24.785451497882605 14.881039071828125 12.085164513438938 7.1552551835775366 350.11103641055524 28.306389428675175 42.761789537966251
leaf_count=27 825 248 47 51 45 22 10 95 117 256 86 49 97 78 330 45 20 305 35 43 78 550 82 80 37 23 1297 152 129
internal_value=0 -0.000757904 0.00154987 -9.86975e-05 0.00156642 -0.00182194 0.000298333 -0.00414577 -0.0012068 -0.00181666 0.000160097 0.00116218 0.0027716 -0.00130598 -0.0038347 0.000956427 -0.000658819 -0.00101604 -0.00284481 0.000529617 0.000363022 0.000270732 -0.000953735 0.00168534 -0.00183765 -0.00246019 0.000586076 -0.000223458 0.000276295
internal_weight=0 317.997 51.7545 33.992 26.0199 12.0089 807.963 11.5311 266.243 184.091 82.152 68.7867 41.6331 27.1536 67.0571 19.543 117.034 110.645 50.6572 59.9882 796.432 772.461 158.164 39.6665 118.498 106.413 614.297 264.186 235.88
internal_count=5259 1901 192 145 94 49 3358 105 1709 1237 472 355 183 172 586 94 651 631 340 291 3253 3175 772 162 610 573 2403 1106 954
is_linear=0
shrinkage=0.00517761


Tree=37
num_leaves=30
num_cat=0
split_feature=42 64 20 41 11 12 7 19 55 11 47 59 47 53 7 7 52 12 31 42 64 61 47 15 27 62 54 4 64
split_gain=8.8953 11.6775 8.23803 10.2961 7.49738 13.4877 7.94217 12.4501 16.2087 11.7563 7.23863 7.21643 13.2618 11.8099 24.219 11.8817 18.7914 11.4372 12.6776 10.5463 12.1798 11.6926 10.0681 16.4729 9.65288 9.5208 12.8267 16.8272 13.5549
threshold=0.31009615384615391 2.2500000000000004 1.5000000000000002 1.3500000000000003 9.5000000000000018 13.500000000000002 189.00000000000003 1.5000000000000002 1.1500000000000001 2.5000000000000004 34.95000000000001 -74.999999999999986 33.550000000000004 6.5000000000000009 51.500000000000007 39.500000000000007 13.500000000000002 1.0000000180025095e-35 1.0000000180025095e-35 0.80625000000000013 23.450000000000003 0.14670014347202293 34.050000000000004 4.5000000000000009 1.5000000000000002 1.5000000000000002 33.150000000000013 1.5000000000000002 26.450000000000003
decision_type=2 2 2 2 2 2 2 2 2 2 2 2 2 2 2 2 2 2 2 2 2 2 2 2 2 2 2 2 2
left_child=1 -1 11 -4 5 6 7 9 -9 -3 -8 13 19 15 17 22 -17 -15 -19 -13 -21 -22 24 -24 -2 -14 27 -27 -28
right_child=2 4 3 -5 -6 -7 10 8 -10 -11 -12 12 25 14 -16 16 -18 18 -20 20 21 -23 23 -25 -26 26 28 -29 -30
leaf_value=0.0026001946357958874 0.0068829366162557427 -0.0004921455787856077 -0.0075770043247531393 0.0023825064321060111 -0.0050769152290673107 0.0044880296499498779 -0.00072951300482926079 -0.0036199511937984171 0.00051433276695333715 0.0077427426273205969 0.0048079513330114183 -0.004073407277173197 0.0022354519257463709 -0.0046697929569594699 0.0027254451604737527 -0.0048545138160615018 0.0029131642465329609 0.0017995800177910027 -0.0050712334479277995 -0.0061993647311543235 -0.0035239913250062109 0.0051325207736062717 -0.0019746946585349002 0.0036152933603184846 0.0020710315300039939 -0.0014130393744341016 -0.0014268581215755556 0.0047297136311518244 0.00055344511249284551
leaf_weight=25.744463451206684 25.445641294121742 106.95678509771824 7.6022712923586351 4.3260707966983318 11.735064692795275 12.017226837575434 14.878611080348493 93.568247592076659 34.872557867318392 4.7922771945595732 10.925515696406363 35.531743932515383 59.956176120787859 28.743237946182489 44.360317602753639 15.184593185782431 18.384075712412596 24.135798508301377 10.18116434663534 5.7998382225632694 6.130634397268298 12.84771107137203 22.408038169145584 38.039308413863182 20.035644710063934 18.908163636922836 162.12315743416548 32.321798574179411 216.08396110311151
leaf_count=63 38 616 65 19 99 37 86 745 204 9 42 238 213 181 138 79 65 80 49 47 36 33 86 103 43 85 783 102 875
internal_value=0 -0.000737268 0.000287714 -0.0039713 -0.00103435 -0.000862526 -0.00110533 -0.00139863 -0.00249774 -0.000134579 0.00162115 0.000351818 2.14995e-05 0.00108697 -0.000203372 0.00208027 -0.000602977 -0.00226446 -0.000244532 -0.00226799 0.000324706 0.00233337 0.00293048 0.00154308 0.00476938 0.000303922 3.39344e-05 0.00246352 -0.000295523
internal_weight=0 315.491 808.549 11.9283 289.746 278.011 265.994 240.19 128.441 111.749 25.8041 796.621 549.703 246.918 107.421 139.497 33.5687 63.0602 34.317 60.3099 24.7782 18.9783 105.929 60.4473 45.4813 489.393 429.437 51.23 378.207
internal_count=5259 1901 3358 84 1838 1739 1702 1574 949 625 128 3274 2412 862 448 414 144 310 129 354 116 69 270 189 81 2058 1845 187 1658
is_linear=0
shrinkage=0.00517761


Tree=38
num_leaves=30
num_cat=0
split_feature=42 64 33 42 59 47 52 53 7 19 54 45 3 38 40 8 3 2 12 31 60 7 60 38 47 47 27 53 48
split_gain=8.70971 11.046 8.43113 9.56634 8.06899 12.3785 10.4242 10.3136 21.5179 10.6671 11.912 10.2434 12.8604 11.531 18.6554 16.6305 9.67231 17.7192 9.49033 9.50106 7.87852 7.8737 18.8957 11.191 8.9955 13.0668 8.93795 7.43036 7.1077
threshold=0.31009615384615391 2.2500000000000004 1.0000000180025095e-35 0.37980769230769235 -74.999999999999986 33.550000000000004 55.000000000000007 6.5000000000000009 65.500000000000014 20.500000000000004 36.050000000000004 4.5000000000000009 4.5000000000000009 55.000000000000007 38.250000000000007 1.0000000180025095e-35 14.500000000000002 5.5000000000000009 1.0000000180025095e-35 1.0000000180025095e-35 0.20864427860696519 39.500000000000007 0.097693531283138915 11.500000000000002 34.050000000000004 35.350000000000001 1.5000000000000002 8.5000000000000018 5.6500000000000012
decision_type=2 2 2 2 2 2 2 2 2 2 2 2 2 2 2 2 2 2 2 2 2 2 2 2 2 2 2 2 2
left_child=1 -1 4 -4 7 6 16 21 18 -10 -11 12 -7 15 -15 -13 -6 -18 27 -20 28 24 23 -23 26 -26 -2 -9 -3
right_child=2 20 3 -5 5 11 -8 8 9 10 -12 13 -14 14 -16 -17 17 -19 19 -21 -22 22 -24 -25 25 -27 -28 -29 -30
leaf_value=0.0025116468419983892 0.0065632813792237269 -0.0014047191976599063 0.0038690255352153303 -0.0069457552020165368 -0.004677056302319676 -0.0043634931791934062 -0.0085618131485687959 -0.00049130778236500326 0.0058769573211218482 0.0030216334804242435 -0.0055150736029303199 -0.001276163489931761 0.0036108219415946683 0.00026029012266224846 0.0046857755923715005 0.0017417085817115255 0.0032726782167012826 -0.0040474318695490879 0.0018330059214244532 -0.0039694067828495343 0.0019787331832213976 -0.0040211578909219734 -0.008610590329003227 0.0035867833382201585 -0.0023828900569253745 0.0030030000919488427 0.0019458183984483533 -0.0056984254723086844 0.003928045475725235
leaf_weight=25.765647947788239 25.111294254660606 259.33170246519148 2.9136923030018798 8.3685979545116407 17.140196610242128 6.1873164400458327 6.1813190858811131 11.33500264212489 18.164381876587868 14.414747238159181 6.2172870486974707 219.61943997815251 41.053097691386938 130.06885160878301 31.71064068749547 62.922978438436985 20.042930915951729 15.787376470863817 24.120702549815178 10.942039377987383 21.618482321500778 6.8688623420894173 5.7386517822742453 20.497089575976133 17.038151577115059 41.056119710206985 20.444786511361599 20.893983356654644 6.8150667510926715
leaf_count=63 38 1745 10 95 117 42 53 50 38 44 35 1043 128 527 82 231 72 109 81 53 76 39 37 65 71 113 42 143 17
internal_value=0 -0.00073198 0.000285185 -0.00414605 0.000348532 1.79292e-06 -0.00223455 0.00113462 -7.68705e-05 0.00299111 0.000439506 0.000271177 0.00256163 2.72984e-05 0.00112933 -0.000603806 -0.00148634 4.56618e-05 -0.00184697 1.80275e-05 -0.00102293 0.00207407 -0.000124013 0.0016719 0.00277579 0.0014224 0.00449699 -0.003872 -0.0012672
internal_weight=0 313.531 804.84 11.2823 793.557 550.714 59.1518 242.843 106.088 38.7964 20.632 491.562 47.2404 444.322 161.779 282.542 52.9705 35.8303 67.2917 35.0627 287.765 136.755 33.1046 27.366 103.65 58.0943 45.5561 32.229 266.147
internal_count=5259 1901 3358 105 3253 2404 351 849 444 117 79 2053 170 1883 609 1274 298 181 327 134 1838 405 141 104 264 184 80 193 1762
is_linear=0
shrinkage=0.00517761


Tree=39
num_leaves=30
num_cat=0
split_feature=42 64 13 59 65 38 38 1 4 60 58 4 52 41 63 0 38 54 64 24 60 53 7 12 65 65 58 55 40
split_gain=8.51032 10.2193 8.26414 7.5984 11.4565 14.3784 14.1227 16.7785 12.5912 11.4608 14.2052 13.0745 12.0175 11.1345 10.6083 9.80424 9.70185 15.7778 13.3813 8.66349 15.8883 8.38168 17.7635 9.85205 8.98114 11.5772 7.9131 7.42263 15.5826
threshold=0.31009615384615391 2.2500000000000004 12.500000000000002 -74.999999999999986 6.5000000000000009 85.000000000000014 11.500000000000002 27.500000000000004 1.0000000180025095e-35 0.092450142450142422 -2.4999999999999996 1.5000000000000002 115.00000000000001 2.5500000000000003 5.5000000000000009 11.500000000000002 95.000000000000014 35.150000000000013 69.600000000000009 1.0000000180025095e-35 0.085006021678040916 6.5000000000000009 65.500000000000014 1.0000000180025095e-35 13.500000000000002 10.500000000000002 -2.4999999999999996 0.95000000000000007 34.850000000000001
decision_type=2 2 2 2 2 2 2 2 2 2 2 2 2 2 2 2 2 2 2 2 2 2 2 2 2 2 2 2 2
left_child=1 -1 3 16 5 6 8 -8 -5 12 11 -11 13 -6 -14 -12 21 18 -18 20 -7 24 23 -23 25 -2 -24 28 -3
right_child=2 27 -4 4 9 19 7 -9 -10 10 15 -13 14 -15 -16 -17 17 -19 -20 -21 -22 22 26 -25 -26 -27 -28 -29 -30
leaf_value=0.0023966487954150033 0.0024054652714615272 -0.00047012339908335742 -0.0054952678303710548 -0.0032430667135848698 -0.00023284340145962893 -0.0068066657286668386 -0.0043974034903921039 0.0020813265491740071 0.00094484353708088758 0.00096614097643162272 0.0016510089594405785 -0.009603381432398847 9.4294208966854429e-05 0.0024277463046729528 -0.0075313370699971703 0.0056399664929459737 -0.0036405174323569664 -0.0070679484356646841 0.004621958554840341 0.0056754593563385341 0.0040583338128993996 -0.0037766581133798884 -0.0012521391844891115 0.00053751424417855932 0.0067578395112063358 -0.0038765044086638109 0.0046311254982071438 0.00030201967078113701 -0.0034536245235805589
leaf_weight=25.767041802406311 101.88033626973629 131.8175333738327 6.5146891251206389 26.83370653912425 197.87079107016325 5.8418055400252369 61.213715825229883 12.944326914846895 67.571236595511436 9.4955130368471128 43.592087794095278 4.6112709566950789 9.387985225766899 53.516788940876722 10.135462593287228 26.618167761713266 9.5154494643211418 9.6862292028963548 11.572517100721596 12.311808947473763 9.2024168930947763 26.49007897824049 7.9739452004432669 30.439344774931669 11.306787841022013 8.4623981304466707 26.056352272629738 83.073082473129034 72.834059622138739
leaf_count=63 289 716 71 153 877 38 391 47 287 34 153 37 44 175 74 58 42 66 27 31 27 162 34 107 23 42 69 484 638
internal_value=0 -0.000723131 0.000283036 0.000330875 -5.61676e-06 -0.0010106 -0.00157576 -0.00326562 -0.00024691 0.000548729 0.00221493 -0.00251717 2.9714e-05 0.000334026 -0.00387629 0.00316727 0.00109268 -0.00162183 0.00089373 0.00246706 -0.000171613 0.00148601 0.000296698 -0.00147189 0.00237459 0.00192161 0.00325265 -0.00100303 -0.00153273
internal_weight=0 313.492 801.045 794.531 551.147 195.919 168.563 74.158 94.4049 355.228 84.317 14.1068 270.911 251.388 19.5234 70.2103 243.383 30.7742 21.088 27.356 15.0442 212.609 90.9597 56.9294 121.65 110.343 34.0303 287.725 204.652
internal_count=5259 1901 3358 3287 2426 974 878 438 440 1452 282 71 1170 1052 118 211 861 135 69 96 65 726 372 269 354 331 103 1838 1354
is_linear=0
shrinkage=0.00517761


Tree=40
num_leaves=30
num_cat=0
split_feature=42 33 0 42 48 47 63 57 64 59 58 61 49 27 0 7 10 58 58 64 41 49 38 7 65 60 57 62 64
split_gain=8.82558 13.4669 13.0307 15.431 18.3008 13.8385 15.5738 14.4004 13.3857 16.0132 10.5868 15.4331 15.7756 10.0839 15.5989 13.7505 12.1952 14.309 10.3042 9.75543 14.3319 14.7879 13.2326 11.0899 10.1986 10.6506 9.51637 8.94225 13.9217
threshold=0.41421568627450983 1.0000000180025095e-35 1.5000000000000002 0.75735294117647067 8.9500000000000011 34.550000000000004 3.5000000000000004 4.2500000000000009 19.850000000000005 225.00000000000003 -4.4999999999999991 0.48187294633077771 0.82085561497326209 1.0000000180025095e-35 6.5000000000000009 9.5000000000000018 1.0000000180025095e-35 3.5000000000000004 12.500000000000002 8.0500000000000025 2.1500000000000008 0.62019230769230782 11.500000000000002 1.0000000180025095e-35 6.5000000000000009 0.18138528138528137 -3.2499999999999996 6.5000000000000009 5.7500000000000009
decision_type=2 2 2 2 2 2 2 2 2 2 2 2 2 2 2 2 2 2 2 2 2 2 2 2 2 2 2 2 2
left_child=19 2 3 4 5 6 -2 -7 -5 -10 11 12 26 14 15 -12 18 -18 -15 22 23 -22 -1 -21 -25 -26 -4 28 -24
right_child=1 -3 10 8 -6 7 -8 -9 9 -11 13 -13 -14 16 -16 -17 17 -19 -20 20 21 -23 27 24 25 -27 -28 -29 -30
leaf_value=0.0014289465556250598 -0.0067289916545500124 -0.0065437612030617466 -0.0002952252016226374 -0.0024036652174302623 0.008181721735367499 -0.0045587652106232552 0.0013668212697896262 0.0024368845329545081 0.0023884717963900104 -0.0050366111439741875 -0.0045331387910597038 0.0061836752605867124 0.001568296167690799 0.0024728711935602067 -0.0075106219822629293 0.0019958028546805807 -0.0027108016549378098 0.0017753124854494717 -0.0014664684023992295 -0.0059663693217580889 0.0022933562036083605 -0.0045132253958043867 -0.0056606860009382432 -0.0034428588933946122 -0.0011142072254987983 0.0048668656921887392 -0.0071183965550658899 0.0013877960664591643 0.0011210470991461349
leaf_weight=111.00515057891607 7.5963704586029044 7.4074227940291157 7.9779689237475386 27.248287796974182 4.6424324512481681 61.591437991708517 37.69337971508503 9.0021000690758211 85.510052446275949 8.503424368798731 11.485889352858065 6.322639860212802 15.97035528346896 231.18893257156014 7.8622057661414138 34.328598089516163 33.740657635033131 43.629784159362316 19.24032087251544 15.883217718452213 48.043835941702127 10.343823477625845 22.456823946908116 51.684821831062436 134.307920999825 8.4201131984591466 17.48612063005567 16.590956229716539 12.653076924383639
leaf_count=441 45 87 38 140 6 389 158 36 284 48 63 14 58 727 51 116 174 134 83 137 172 70 173 399 892 24 146 81 73
internal_value=0 0.000368167 0.000445113 -0.000516118 -0.00182765 -0.00223312 9.7312e-07 -0.00366516 0.000787694 0.00171375 0.000986584 -0.00131018 -0.00246186 0.00127431 -0.000805106 0.000354676 0.00161492 -0.000181622 0.00216989 -0.000578968 -0.00118476 0.00108368 0.00042145 -0.00181475 -0.00147363 -0.00075923 -0.00498719 -0.00174067 -0.00321899
internal_weight=0 678.428 671.021 241.787 120.526 115.883 45.2898 70.5935 121.262 94.0135 429.233 47.7571 41.4344 381.476 53.6767 45.8145 327.8 77.3704 250.429 431.39 268.684 58.3877 162.706 210.296 194.413 142.728 25.4641 51.7009 35.1099
internal_count=5259 2797 2710 1106 634 628 203 425 472 332 1604 256 242 1348 230 179 1118 308 810 2462 1694 242 768 1452 1315 916 184 327 246
is_linear=0
shrinkage=0.00517761


Tree=41
num_leaves=30
num_cat=0
split_feature=42 64 32 59 47 29 64 53 7 12 61 41 63 45 3 45 4 65 5 45 56 5 47 3 24 60 48 41 38
split_gain=9.02406 9.59679 8.21825 8.28657 11.4336 11.1857 11.8202 9.60944 21.5577 10.0427 9.6962 13.1002 9.64127 9.28273 12.8143 12.5395 17.2531 11.6505 7.63524 15.0958 8.0887 7.86303 17.0484 9.83056 7.05214 7.21201 7.76557 7.44398 12.7501
threshold=0.31009615384615391 2.2500000000000004 1.0000000180025095e-35 -74.999999999999986 33.550000000000004 5.5000000000000009 140.85000000000005 6.5000000000000009 65.500000000000014 1.0000000180025095e-35 0.18933143669985777 1.7500000000000002 8.5000000000000018 4.5000000000000009 4.5000000000000009 55.000000000000007 4.5000000000000009 11.500000000000002 3.5000000000000004 8.5000000000000018 0.36038961038961043 1.5000000000000002 33.350000000000001 34.500000000000007 5.5000000000000009 0.20864427860696519 5.6500000000000012 2.1500000000000008 7.5000000000000009
decision_type=2 2 2 2 2 2 2 2 2 2 2 2 2 2 2 2 2 2 2 2 2 2 2 2 2 2 2 2 2
left_child=1 -1 3 7 5 6 -5 18 9 -9 11 -10 -11 14 -6 16 -15 -17 21 -20 -21 22 -2 -23 25 26 27 -3 -29
right_child=2 24 -4 4 13 -7 -8 8 10 12 -12 -13 -14 15 -16 17 -18 -19 19 20 -22 23 -24 -25 -26 -27 -28 28 -30
leaf_value=0.0022807775115076269 0.0050203446410381509 -0.0018929517617782925 -0.0045994243529011922 -0.0039130024656718445 -0.0045830642333980851 0.0063291917728470646 0.0021544366048979486 -0.0040416567970066476 0.0047795010858576138 -0.0024521253752194201 0.005740433427910618 -0.0037801471518025039 0.0029922306360517662 0.00012605256529294318 0.0034818439350420196 -6.0006578822751632e-05 -0.002800194422005302 0.0028035666237964958 -0.0059511446759191629 0.0040358645733785383 -0.0018123149288814073 0.0008490296931790111 -0.0003534927117468558 0.0068477750294442729 0.0052698962019041033 0.0017366635875304965 0.0041422216705116702 -0.0071875775422070246 0.0016360659210043101
leaf_weight=25.706142358481884 26.097945488989353 213.10846059769392 9.0293326973915082 44.630775380879641 6.0027526877820483 3.8352416902780524 10.613704450428484 29.931443069130182 9.4775434099137801 18.976743541657925 18.527440421283245 9.5638676099479181 16.018706925213337 212.73438695445657 40.978680398315191 85.462370147928596 72.325158081948757 68.634059961885214 8.5704458095133287 17.296240843832496 9.9366772733628732 10.970572255551813 40.02914796769619 22.102037668228149 4.638581044971942 21.758942972868681 6.6308301500976077 4.9490669742226592 35.167299579828978
leaf_count=63 43 1549 74 312 42 8 40 194 26 83 41 48 52 883 125 374 417 230 45 49 53 31 150 38 11 76 17 47 138
internal_value=0 -0.000745751 0.000293875 0.000350714 -9.19733e-07 -0.00215039 -0.00274603 0.00115774 -3.75782e-05 -0.00184337 0.00308081 0.000481789 4.07467e-05 0.000260549 0.00244629 2.637e-05 -0.000616852 0.00121604 0.00206486 1.49318e-05 0.00190258 0.00280417 0.00177018 0.00486375 -0.00101802 -0.00112283 -0.00136267 -0.00150788 0.000537339
internal_weight=0 311.959 791.745 782.716 545.217 59.0797 55.2445 237.499 102.496 64.9269 37.5689 19.0414 34.9955 486.137 46.9814 439.156 285.06 154.096 135.003 35.8034 27.2329 99.1997 66.1271 33.0726 286.253 281.615 259.856 253.225 40.1164
internal_count=5259 1901 3358 3284 2431 360 352 853 444 329 115 74 135 2071 167 1904 1300 604 409 147 102 262 193 69 1838 1827 1751 1734 185
is_linear=0
shrinkage=0.00517761


Tree=42
num_leaves=30
num_cat=0
split_feature=42 64 13 59 47 29 64 62 54 4 41 52 2 53 7 12 31 7 60 52 47 15 27 58 46 60 24 48 41
split_gain=8.93466 9.55488 8.21938 6.74182 10.8975 11.0507 10.9903 9.97711 12.5838 16.4121 14.3722 11.9039 11.2067 8.33829 18.4427 12.5806 11.5056 9.15029 16.7984 11.9797 8.8201 12.7577 8.76468 8.65426 7.17237 6.697 7.05016 7.20852 7.31884
threshold=0.31009615384615391 2.2500000000000004 12.500000000000002 -74.999999999999986 33.550000000000004 5.5000000000000009 140.85000000000005 1.5000000000000002 33.150000000000013 1.5000000000000002 1.2500000000000002 6.5000000000000009 7.5000000000000009 6.5000000000000009 51.500000000000007 1.0000000180025095e-35 1.0000000180025095e-35 39.500000000000007 0.097693531283138915 13.500000000000002 34.050000000000004 4.5000000000000009 2.5000000000000004 -5.4999999999999991 10.500000000000002 0.20864427860696519 5.5000000000000009 5.6500000000000012 2.1500000000000008
decision_type=2 2 2 2 2 2 2 2 2 2 2 2 2 2 2 2 2 2 2 2 2 2 2 2 2 2 2 2 2
left_child=1 -1 3 13 5 6 -5 11 9 -9 -10 12 -6 17 15 -15 -17 20 19 -19 22 -22 -2 -16 -25 26 27 28 -3
right_child=2 25 -4 4 7 -7 -8 8 10 -11 -12 -13 -14 14 23 16 -18 18 -20 -21 21 -23 -24 24 -26 -27 -28 -29 -30
leaf_value=0.0022871543381417924 0.0061266015466428609 -0.00188726539495664 -0.0054647469311401966 -0.0038263347775615601 -0.0086158095532474603 0.00647193463385555 0.0020429944324585015 -0.0015199499413943161 -0.0012610623943865912 0.0045557024400466285 0.00077401483372720853 0.0032372309776540426 0.0029082509430633638 -0.0047165488712982342 -0.0030439014357401773 0.0020752204940971803 -0.004645100476352252 -0.0028497973105657015 -0.0088860976400241699 0.004042854117354582 -0.0018699207641659818 0.0031744930054099906 0.0012671726986191606 0.0011172040326281841 0.0056441414251649294 0.0017112751490655003 0.0050335396245974268 0.0038699643036117729 0.00051843889980743741
leaf_weight=25.539764456450939 28.521601468324661 211.43263629637659 6.5241747833788386 43.851061154156923 4.7533763162791711 3.7157015129923812 10.574630081653593 18.483683153986931 203.33669297397137 33.351574301719666 171.37768315896392 50.561076618731022 4.2143652066588402 25.087380677461624 6.4301976412534705 23.633519755676389 9.5280833393335325 11.564423933625223 5.2525295913219443 16.084085825830698 20.967125855386257 37.19760650396347 15.330296657979487 18.404625490307808 19.167030721902847 22.220504146069288 4.6450621783733359 6.8176842369139186 40.339112503454089
leaf_count=63 45 1549 71 310 32 7 40 85 1015 102 659 162 14 181 32 78 49 59 37 49 86 101 35 67 42 76 11 17 185
internal_value=0 -0.000743013 0.00029331 0.000341852 2.43215e-05 -0.00209279 -0.00268476 0.000277818 5.5642e-07 0.00238994 -0.000330322 0.00226222 -0.00321787 0.00107024 -4.49623e-05 -0.00195527 0.000138754 0.00191508 -0.000458456 0.00115978 0.00268041 0.00135594 0.00443237 0.00248289 0.00343261 -0.00101461 -0.0012451 -0.00135917 -0.00150176
internal_weight=0 310.995 787.913 781.388 544.22 58.1414 54.4257 486.078 426.55 51.8353 374.714 59.5288 8.96774 237.169 102.251 58.249 33.1616 134.918 32.901 27.6485 102.017 58.1647 43.8519 44.0019 37.5717 285.455 263.234 258.589 251.772
internal_count=5259 1901 3358 3287 2426 357 350 2069 1861 187 1674 208 46 861 449 308 127 412 145 108 267 187 80 141 109 1838 1762 1751 1734
is_linear=0
shrinkage=0.00517761


Tree=43
num_leaves=30
num_cat=0
split_feature=42 65 29 42 27 42 15 65 64 3 13 59 61 62 3 52 49 49 62 23 53 7 12 40 61 45 7 45 2
split_gain=8.77585 8.9713 10.9719 11.7893 10.5461 11.1176 8.33461 10.4144 10.0925 9.24236 7.9535 7.43647 11.4542 16.2362 9.93382 14.8136 19.7025 15.1826 9.2344 13.2298 8.33502 16.5206 12.9742 10.8015 8.0372 11.1424 7.97133 15.8994 9.31304
threshold=0.31009615384615391 1.5000000000000002 1.0000000180025095e-35 0.17914438502673799 1.0000000180025095e-35 0.064583333333333312 76.000000000000014 4.5000000000000009 3.8500000000000001 232.00000000000003 12.500000000000002 -74.999999999999986 0.50384615384615394 6.5000000000000009 8.5000000000000018 16.500000000000004 0.79285714285714304 0.94281045751633996 1.5000000000000002 1.0000000180025095e-35 6.5000000000000009 51.500000000000007 1.0000000180025095e-35 35.750000000000007 0.19526212503504348 14.500000000000002 39.500000000000007 8.5000000000000018 1.5000000000000002
decision_type=2 2 2 2 2 2 2 2 2 2 2 2 2 2 2 2 2 2 2 2 2 2 2 2 2 2 2 2 2
left_child=1 2 3 4 5 -1 8 -8 -3 -10 11 20 14 -14 15 17 -17 -13 -16 -20 26 22 -22 -24 25 -23 -2 -28 -29
right_child=10 6 -4 -5 -6 -7 7 -9 9 -11 -12 12 13 -15 18 16 -18 -19 19 -21 21 24 23 -25 -26 -27 27 28 -30
leaf_value=-0.0070147841838364058 0.0026768452940974493 -0.007565088372877571 0.0045705270013012313 -0.0059355252294641062 0.0043292059594314094 0.002991010221175032 0.0049896964816489916 -0.0030098578447850751 -0.0010472608120537102 -0.0078951758871177325 -0.0054351311831756554 -0.0037489062605350742 -0.0082197788466917589 0.0016948858846288354 0.0025717762708645305 0.002160684057919326 -0.0066371510935208551 0.0043478436693080635 0.00089641358121298376 -0.0012551664901755792 -0.0047089093600325522 0.0033634858412376172 0.0024113835461684646 -0.0039010040091924992 0.0047459828689397562 -0.0037840801708936911 -0.0077242234206501862 0.0049729640669155997 -0.0012588155784815757
leaf_weight=6.2853709980845469 100.85651427507401 6.8265566267073146 17.43404121696949 8.0184659287333471 13.654611997306345 5.5486768521368504 12.290894474834205 6.6882508955895892 227.94491473957896 5.345171444118022 6.3827484138309947 56.813930012285709 10.426938671618702 7.6255453415215007 51.622880540788174 45.147267989814281 7.9713262114673844 6.912857547402381 247.55856373906136 110.86819463223219 24.343381561338902 13.642485156655313 21.534194469451904 10.88529955409467 20.348781671375036 10.1292507648468 6.1490459144115439 11.440063305199148 14.519573241472242
leaf_count=27 267 57 47 51 45 22 35 51 1511 55 71 370 82 31 173 184 53 23 963 547 181 37 66 61 51 53 46 28 71
internal_value=0 -0.000737475 0.00124763 -0.000486743 0.0012381 -0.00233233 -0.00112801 0.00216971 -0.00138921 -0.00120638 0.000291238 0.000338634 7.1612e-06 -0.00404053 0.000146343 -0.00118502 0.000833709 -0.00286692 0.000525865 0.000230765 0.00111084 -1.14344e-05 -0.0018578 0.000288118 0.0023631 0.000315598 0.00196195 -0.000284331 0.0014929
internal_weight=0 310.037 50.9412 33.5071 25.4887 11.834 259.096 18.9791 240.117 233.29 785.179 778.796 544.948 18.0525 526.895 116.845 53.1186 63.7268 410.05 358.427 233.849 100.883 56.7629 32.4195 44.1205 23.7717 132.965 32.1087 25.9596
internal_count=5259 1901 192 145 94 49 1709 86 1623 1566 3358 3287 2426 113 2313 630 237 393 1683 1510 861 449 308 127 141 90 412 145 99
is_linear=0
shrinkage=0.00517761


Tree=44
num_leaves=30
num_cat=0
split_feature=42 65 29 42 27 39 15 32 58 30 35 17 11 57 39 41 24 23 60 58 55 40 40 63 28 9 7 4 47
split_gain=8.0427 8.01816 9.95893 11.1298 9.85628 10.941 9.0457 7.76342 7.93503 7.80185 9.87929 9.72525 13.605 16.9263 15.6563 11.2355 10.3492 11.3741 13.5978 13.3225 7.13962 14.5864 14.0092 10.8317 10.4735 10.202 14.7043 9.34947 9.3288
threshold=0.31009615384615391 1.5000000000000002 1.0000000180025095e-35 0.17914438502673799 1.0000000180025095e-35 1.5000000000000002 14.500000000000002 1.0000000180025095e-35 7.5000000000000009 2.5000000000000004 1.0000000180025095e-35 1.5000000000000002 24.500000000000004 1.7500000000000002 5.5000000000000009 2.3500000000000001 3.5000000000000004 1.0000000180025095e-35 0.25511055486024198 -5.4999999999999991 0.95000000000000007 35.45000000000001 34.850000000000001 6.5000000000000009 1.5000000000000002 1.0000000180025095e-35 24.500000000000004 2.5000000000000004 36.95000000000001
decision_type=2 2 2 2 2 2 2 2 2 2 2 2 2 2 2 2 2 2 2 2 2 2 2 2 2 2 2 2 2
left_child=1 2 3 4 5 -1 -4 9 -9 11 -11 16 13 15 -15 -13 17 18 -2 -19 22 24 25 -24 -22 26 27 -3 -23
right_child=7 20 6 -5 -6 -7 -8 8 -10 10 -12 12 -14 14 -16 -17 -18 19 -20 -21 21 28 23 -25 -26 -27 -28 -29 -30
leaf_value=-0.0070073300519657789 0.00086432758584894511 -0.00061963570743132272 0.0080527742517703688 -0.0059249426223786763 0.0041621241847555985 0.0028771408618377338 0.00063075600277561524 -0.0077721540191519395 0.0026960984773511513 0.0055344632434851208 -0.0018269884852442526 -0.0033770881471105276 0.0041991915595427634 0.0041542205837322224 -0.0029380555962477549 0.00068879052036215332 0.0043974382524651894 -0.0075055074721164161 -0.0058481621199098343 -0.00060817104962412459 -0.0070280772498381517 0.0027327658329070388 -0.001541860608847918 -0.0057651682543395115 0.0049306277654791444 0.0030822128774989433 -0.004343242123456068 0.0052455698021754435 -0.0012179405620748162
leaf_weight=6.1964157968759555 472.7619189415127 59.681448809802532 8.6908588632941264 7.6947616226971141 13.572660714387892 5.7117360830307007 8.8797641023993474 6.1314894184470159 2.7851847372949123 16.019673775881532 6.9798713754862538 80.101885102689266 12.685628823935984 23.535643469542265 12.848685700446365 23.549886286258698 18.03640865534544 8.1261440552771074 8.1656077280640584 90.033201809972525 10.515316799283026 40.728782251477242 34.188885293900967 31.136927669867873 2.3599812239408484 17.468975409865379 28.291827138513327 8.2315249592065793 26.333811052143574
leaf_count=28 1881 320 17 51 45 21 30 62 12 37 45 491 42 77 75 102 45 61 44 384 106 183 256 330 11 90 217 24 172
internal_value=0 -0.000706078 0.00117471 -0.000495497 0.00115498 -0.0022761 0.00431861 0.000279739 -0.00450595 0.000335342 0.00330135 0.000244077 -0.000921588 -0.00138727 0.00164873 -0.00245341 0.000542288 0.000421717 0.000749557 -0.00118389 -0.0010749 0.000211477 -0.00164927 -0.00355874 -0.00482169 -0.000550457 -0.0012118 9.56009e-05 0.00118167
internal_weight=0 309.684 50.7462 33.1756 25.4808 11.9082 17.5706 781.761 8.91667 772.845 22.9995 749.845 152.722 140.036 36.3843 103.652 597.123 579.087 480.928 98.1593 258.937 79.9379 179 65.3258 12.8753 113.674 96.2048 67.913 67.0626
internal_count=5259 1901 192 145 94 49 47 3358 74 3284 82 3202 787 745 152 593 2415 2370 1925 445 1709 472 1237 586 117 651 561 344 355
is_linear=0
shrinkage=0.00517761


Tree=45
num_leaves=30
num_cat=0
split_feature=42 59 65 48 61 38 2 38 54 53 7 60 7 42 63 62 61 49 53 23 46 59 40 41 64 47 62 54 39
split_gain=8.03775 7.66301 10.2889 26.0746 14.6625 12.1773 13.1529 13.2944 8.96306 8.79081 15.2879 10.1365 19.0316 9.69701 9.54854 8.52317 13.8598 11.6874 12.3184 11.1532 11.0584 11.0029 9.09311 8.18476 7.5076 7.48963 12.881 15.2299 10.9877
threshold=0.31009615384615391 -74.999999999999986 5.5000000000000009 0.95000000000000007 0.075235849056603757 85.000000000000014 33.500000000000007 11.500000000000002 35.050000000000004 6.5000000000000009 65.500000000000014 0.016530054644808705 94.500000000000014 0.89444444444444449 7.5000000000000009 1.5000000000000002 0.037386443046820358 0.94281045751633996 10.500000000000002 1.0000000180025095e-35 9.5000000000000018 135.00000000000003 34.550000000000004 1.2500000000000002 22.350000000000005 34.050000000000004 4.5000000000000009 34.150000000000013 5.5000000000000009
decision_type=2 2 2 2 2 2 2 2 2 2 2 2 2 2 2 2 2 2 2 2 2 2 2 2 2 2 2 2 2
left_child=-1 9 3 5 -5 6 7 -3 -7 25 13 12 -12 -11 -15 20 19 18 -18 22 23 -19 -17 -4 -22 -2 27 28 -27
right_child=1 2 15 4 -6 8 -8 -9 -10 10 11 -13 -14 14 -16 16 17 21 -20 -21 24 -23 -24 -25 -26 26 -28 -29 -30
leaf_value=-0.00071126060800630071 0.0034783223298749371 0.00023786202252193937 0.0014478579565601168 0.002267573133082644 -0.006781678070791072 5.4724576698997909e-05 0.0047955560395829032 -0.003775095371345267 0.0068346699585399625 -0.0029810140464861749 0.004838240149992892 0.0042583919434238055 -0.0079489581609722502 -0.003099421845377791 0.0046752223595854688 -0.007071501286928147 0.00089059059538947722 0.0058571674189884957 -0.0017372552812281391 -0.0074612341223859145 0.0083513354373913138 -0.001165010850044139 -0.00040578873432444866 -0.0061661583310159106 0.0026737997622233388 0.0024115165953318808 -0.0013643108366143866 0.0043125582480289569 -0.0082910936151876346
leaf_weight=306.01999854296446 51.440280947834253 53.009865928441286 12.817698054015638 5.7657881341874591 27.755811274051666 10.219174545258285 10.018131073564289 37.913889963179827 10.640004105865954 44.329578803852201 6.3237335458397848 26.407821703702211 6.0343673899769783 7.0060495138168362 10.504058975726364 6.1799969822168341 190.49709040112793 19.725178256630901 63.775196354836226 8.9525996372103673 8.7330386117100733 8.5432518906891328 45.200667601078749 5.2939967885613433 21.906802851706743 5.2072375267744047 35.994959637522697 36.539867740124464 4.9693322591483593
leaf_count=1901 124 255 53 24 194 45 29 258 19 269 15 70 39 31 30 45 794 46 304 59 10 37 204 33 71 18 153 96 33
internal_value=0 0.000278479 -5.73869e-05 -0.00118472 -0.00522363 -7.08671e-05 -0.000815608 -0.00143695 0.00352402 0.00106081 -9.61637e-05 0.00245054 -0.0014143 -0.00169364 0.00156421 0.000389834 0.000101608 0.000582756 0.000231187 -0.00214969 0.00241396 0.00373698 -0.0012157 -0.000791739 0.0043067 0.00192814 0.000961962 0.00275386 -0.00283395
internal_weight=0 781.705 546.948 155.323 33.5216 121.801 100.942 90.9238 20.8592 234.757 100.606 38.7659 12.3581 61.8397 17.5101 391.626 342.874 282.541 254.272 60.3333 48.7515 28.2684 51.3807 18.1117 30.6398 134.152 82.7114 46.7164 10.1766
internal_count=5259 3358 2480 824 218 606 542 513 64 878 454 124 54 330 61 1656 1489 1181 1098 308 167 83 249 86 81 424 300 147 51
is_linear=0
shrinkage=0.00517761


Tree=46
num_leaves=30
num_cat=0
split_feature=42 60 56 26 32 30 58 59 24 11 7 19 23 60 27 41 56 0 54 55 49 59 31 6 56 63 61 40 55
split_gain=7.70627 7.81677 9.66093 8.89466 7.28717 7.81731 9.29356 8.99636 8.60712 8.8305 12.7307 13.5145 10.1149 7.13965 7.0157 6.68417 6.66648 17.8099 16.9255 13.8481 9.73838 11.0293 8.35415 10.2289 8.21131 7.38845 6.90477 6.45205 6.24184
threshold=0.31009615384615391 0.17619825708061002 0.21825396825396823 1.0000000180025095e-35 1.0000000180025095e-35 2.5000000000000004 5.5000000000000009 185.00000000000003 3.5000000000000004 24.500000000000004 136.50000000000003 37.500000000000007 1.0000000180025095e-35 0.13221420643729193 23.500000000000004 0.75000000000000011 0.31009615384615391 7.5000000000000009 34.850000000000001 0.15000000000000005 0.4330357142857143 -124.99999999999999 15.500000000000002 5.5000000000000009 0.48529411764705882 6.5000000000000009 0.20497374111831942 37.050000000000004 0.35000000000000003
decision_type=2 2 2 2 2 2 2 2 2 2 2 2 2 2 2 2 2 2 2 2 2 2 2 2 2 2 2 2 2
left_child=1 16 -3 27 5 8 7 28 9 10 12 -12 -2 -6 -10 -16 18 20 19 22 26 24 23 -1 -22 -21 -18 -4 -7
right_child=4 2 3 -5 13 6 -8 -9 14 -11 11 -13 -14 -15 15 -17 17 -19 -20 25 21 -23 -24 -25 -26 -27 -28 -29 -30
leaf_value=-0.00087968981886897665 0.00055470562734619762 0.0032929316042832378 -0.0091896215788302895 0.0038571420117343241 -0.0080459254930518066 0.0013006285407468733 0.0073698253431686575 0.0054387983126858658 0.0067228493595234235 0.0043549477801486285 -0.0063965744116367086 -0.00048678483043388342 -0.0010612285129441774 0.0017206144137141067 0.0047256076127010181 -0.0030877886805187409 0.0042807203615664174 -0.0033389623946046033 -0.0044652961580540869 0.0058048203354243155 0.0074203492923044052 -0.0038589343804063441 0.0032143506219644495 -0.0047118523631323028 -0.0014581545025832139 -0.001508229796012375 -0.00083166451432639026 -9.6207959576974868e-05 -0.0078973659933148296
leaf_weight=78.709638025611639 538.22965292818844 25.884692166000605 4.7806885838508588 4.2583060711622229 5.3931978531181795 4.2024218924343604 9.0331155657768232 5.8572221472859383 9.6539529822766799 13.019320338964461 16.06645429879427 29.096815198659897 128.59685069695115 3.1397301033139229 5.705819867551325 5.9077937211841345 31.533417589962482 28.342756722122431 42.169332139194012 12.15573667176068 5.4919846653938311 14.712028853595255 9.7299533635377866 24.434276420623064 5.5740273110568523 5.2788770981132975 9.1008246764540655 3.6843818351626396 3.6422702521085739
leaf_count=445 2206 86 37 14 59 24 15 17 18 40 127 150 613 15 18 30 135 218 372 39 15 135 42 195 44 43 65 16 26
internal_value=0 -0.000696177 0.00147973 -0.0022066 0.000273872 0.000326852 0.00331327 0.000615999 0.00023558 0.00014018 6.27047e-05 -0.00259554 0.000242992 -0.00446606 0.00347696 0.000755528 -0.00101085 9.24228e-05 -0.00161679 -0.000693143 0.00155878 -0.00092899 -0.00135694 -0.00179 0.00296561 0.00359293 0.00313608 -0.00526382 -0.00299962
internal_weight=0 305.841 38.6081 12.7234 777.545 769.012 22.735 13.7019 746.277 725.009 711.99 45.1633 666.827 8.53293 21.2676 11.6136 267.233 94.755 172.478 130.308 66.4123 25.778 112.874 103.144 11.066 17.4346 40.6342 8.46507 7.84469
internal_count=5259 1901 153 67 3358 3284 82 67 3202 3136 3096 277 2819 74 66 48 1748 612 1136 764 394 194 682 640 59 82 200 53 50
is_linear=0
shrinkage=0.00517761


Tree=47
num_leaves=30
num_cat=0
split_feature=42 33 0 42 48 47 47 64 59 57 58 64 41 48 13 61 60 27 0 41 64 64 64 38 62 41 49 7 60
split_gain=7.28416 12.8865 12.1254 13.9079 16.1462 14.4243 21.428 13.4414 14.7644 11.6943 9.8431 13.7821 11.5335 13.6748 9.1369 14.3982 8.9545 8.74255 14.8276 12.0959 9.48156 18.7103 8.27103 13.2878 15.6562 13.2126 14.6127 11.623 9.84505
threshold=0.41421568627450983 1.0000000180025095e-35 1.5000000000000002 0.75735294117647067 8.9500000000000011 34.350000000000001 34.250000000000007 19.850000000000005 225.00000000000003 4.2500000000000009 -4.4999999999999991 13.65 1.8500000000000003 1.6500000000000001 1.0000000180025095e-35 0.32392686804451515 0.047338935574229656 1.0000000180025095e-35 6.5000000000000009 0.35000000000000003 3.5500000000000003 4.6500000000000012 6.1500000000000012 11.500000000000002 6.5000000000000009 2.1500000000000008 0.62019230769230782 1.0000000180025095e-35 0.17619825708061002
decision_type=2 2 2 2 2 2 2 2 2 2 2 2 2 2 2 2 2 2 2 2 2 2 2 2 2 2 2 2 2
left_child=22 2 3 4 5 6 -2 16 -9 -7 11 14 -13 -14 -4 -16 -5 18 19 -12 -19 -22 23 -1 -25 27 -27 -24 -29
right_child=1 -3 10 7 -6 9 -8 8 -10 -11 17 12 13 -15 15 -17 -18 20 -20 -21 21 -23 25 24 -26 26 -28 28 -30
leaf_value=0.0016215630448654043 -0.0015901155762023402 -0.0065181165105528361 0.0062864213824228195 0.00068316209661459682 0.007827103135745939 -0.0042958384813527681 0.007911082347576882 0.0022979834458113288 -0.0049557805106107116 0.0020831194234899237 -0.0069093600269866011 -0.006882736771086348 0.0034561576193041527 -0.0076691358927951283 -0.0073298232303779399 0.004171349801028487 -0.0053241457745629101 0.0046379555672606812 -0.0077764836977876946 0.0013390374608983891 -0.0053423208149865906 0.0015423328168992284 -0.0056281169811288447 -0.0045714037792673242 0.0023752454877278987 0.0022530054258595006 -0.0044950649249284966 -0.001581337271357413 0.0024821036304189378
leaf_weight=91.515799138695002 30.767038509249687 7.2012520134448996 7.9409254007041481 12.456607714295389 4.4281150996685019 64.457407329231501 7.9520181715488425 84.247173361480236 8.1966649591922742 8.7077644467353803 5.3550612181425086 14.190542630851271 8.9929925315082055 4.3343791849911204 5.1382569223642331 6.5774820670485497 14.171717215329407 24.462454210966825 6.902208298444747 39.375024020671844 10.926141977310179 285.02126663550735 17.53863950073719 23.768178027123213 13.641837812960146 51.069651437923312 10.278632730245588 195.3768846783787 17.348113631829619
leaf_count=360 159 87 19 57 6 419 14 284 48 36 33 113 31 32 40 21 83 69 51 146 58 991 154 186 64 188 70 1372 68
internal_value=0 0.00033858 0.00041467 -0.000525636 -0.00179856 -0.00218397 0.00037124 0.000718049 0.00165168 -0.00353538 0.000942651 -0.00128399 -0.00364571 -0.000181656 0.00202311 -0.000885178 -0.00251902 0.00122518 -0.000751147 0.00034268 0.00154376 0.001287 -0.000532795 0.000559022 -0.00203839 -0.00101554 0.00111868 -0.00158433 -0.00124926
internal_weight=0 661.802 654.601 235.385 116.312 111.884 38.7191 119.072 92.4438 73.1652 419.217 47.1746 27.5179 13.3274 19.6567 11.7157 26.6283 372.042 51.6323 44.7301 320.41 295.947 420.538 128.926 37.41 291.612 61.3483 230.264 212.725
internal_count=5259 2797 2710 1106 634 628 173 472 332 455 1604 256 176 63 80 61 140 1348 230 179 1118 1049 2462 610 250 1852 258 1594 1440
is_linear=0
shrinkage=0.00517761


Tree=48
num_leaves=30
num_cat=0
split_feature=42 33 0 59 64 64 42 45 39 58 61 49 57 40 40 58 65 60 59 13 54 64 41 49 7 38 65 15 40
split_gain=7.56638 12.7294 11.1113 12.6051 12.6417 18.7666 13.7389 15.3991 12.9014 9.40614 12.8345 14.4514 10.0734 9.28355 8.91966 8.8751 8.33516 14.0835 11.5221 7.90436 7.81837 6.98226 14.9448 13.7217 10.7398 10.5536 10.1316 9.29344 9.01653
threshold=0.41421568627450983 1.0000000180025095e-35 1.5000000000000002 335.00000000000006 19.050000000000004 8.8500000000000032 0.75735294117647067 14.500000000000002 8.5000000000000018 -4.4999999999999991 0.48187294633077771 0.82085561497326209 -3.2499999999999996 39.750000000000007 13.750000000000002 3.5000000000000004 8.5000000000000018 0.10987804878048781 -1.0000000180025095e-35 1.0000000180025095e-35 40.550000000000004 8.0500000000000025 2.1500000000000008 0.62019230769230782 1.0000000180025095e-35 11.500000000000002 6.5000000000000009 44.500000000000007 37.650000000000013
decision_type=2 2 2 2 2 2 2 2 2 2 2 2 2 2 2 2 2 2 2 2 2 2 2 2 2 2 2 2 2
left_child=20 2 3 4 5 8 7 -6 -2 10 11 12 -4 -7 -11 -5 18 -18 -16 -8 21 25 24 -24 -23 28 -26 -28 -1
right_child=1 -3 9 15 6 13 19 -9 -10 14 -12 -13 -14 -15 16 -17 17 -19 -20 -21 -22 22 23 -25 26 -27 27 -29 -30
leaf_value=0.0017204815394091951 0.0014247189711900097 -0.0065351216668063181 -0.00012495470917084841 -0.0083528234061719091 0.001064476971977889 -0.0077603154623236475 0.0026295780752533479 -0.0038051047592723773 -0.006196508726876741 -0.0061056109772260544 0.0056575377296538632 0.0015469587940368295 -0.0071605701175296976 0.0011030157581855898 0.0023380932548575182 -0.0007757541303321804 0.0014657462430688816 0.0054740806823651679 -0.00034111311860574441 -0.0019005492429989524 -0.005873961711443232 -0.005988765640872324 0.002598138180052939 -0.0041242598975383959 -0.0032868499281540719 -0.0015919173295905185 -0.00015030923515181705 -0.0048852281673714545 -0.004261870506780935
leaf_weight=100.35304095223546 31.086017727851868 7.0607692655175915 8.1852027773857099 8.8309928476810473 39.593710843473673 17.04316266998649 74.528155617415905 30.97183483093977 7.2954966165125361 4.3589426465332499 6.1452007815241805 15.621090322732924 16.315840085968379 3.867900274693965 64.486505396664143 7.7882290296256533 144.99307111278176 28.003148712217808 129.01666779071093 11.934055574238299 7.1812642924487582 14.024345986545084 45.700012169778347 9.8384657651185972 50.285809161141515 48.360599394887686 125.10530354641378 12.130455493927 7.177987363189458
leaf_count=391 137 87 38 68 179 128 244 197 47 27 14 58 146 16 178 40 517 64 562 50 52 133 159 68 397 322 791 104 45
internal_value=0 0.000346957 0.000422373 -0.000483351 -0.000148824 -0.00218439 0.000620351 -0.00107431 -3.19396e-05 0.000928175 -0.00127168 -0.00234068 -0.00481703 -0.00612231 0.00120282 -0.00481947 0.00129084 0.00211646 0.00055222 0.00200326 -0.00054261 -0.000448964 -0.000973127 0.0014037 -0.00162836 0.000415456 -0.00130023 -0.000571026 0.00131872
internal_weight=0 657.126 650.065 232.94 216.32 59.2926 157.028 70.5655 38.3815 417.126 46.2673 40.1221 24.501 20.9111 370.858 16.6192 366.499 172.996 193.503 86.4622 420.157 412.976 257.084 55.5385 201.546 155.892 187.522 137.236 107.531
internal_count=5259 2797 2710 1106 998 328 670 376 184 1604 256 242 184 144 1348 108 1321 581 740 294 2462 2410 1652 227 1425 758 1292 895 436
is_linear=0
shrinkage=0.00517761


Tree=49
num_leaves=26
num_cat=0
split_feature=59 54 2 5 59 64 7 42 23 65 64 0 63 6 62 18 38 45 27 4 15 40 49 41 56
split_gain=7.62683 7.55585 7.87686 19.6668 16.3878 11.5548 13.1001 11.8341 10.7264 14.8125 14.84 13.4386 14.1318 12.3094 10.3243 9.52632 16.3311 11.9195 11.4654 10.9884 7.20818 4.07942 1.32489 0.410768 0.207062
threshold=590.00000000000011 43.900000000000006 1.0000000180025095e-35 20.500000000000004 335.00000000000006 24.550000000000004 91.000000000000014 0.064583333333333312 1.0000000180025095e-35 14.500000000000002 419.10000000000008 7.5000000000000009 9.5000000000000018 14.500000000000002 6.5000000000000009 1.5000000000000002 3.5000000000000004 105.00000000000001 19.500000000000004 10.500000000000002 16.500000000000004 36.750000000000007 0.31009615384615391 1.3500000000000003 0.31009615384615391
decision_type=2 2 2 2 2 2 2 2 2 2 2 2 2 2 2 2 2 2 2 2 2 2 2 2 2
left_child=1 2 3 4 5 7 -7 -1 9 10 13 12 -11 -4 -5 16 24 19 -18 -17 -19 -2 -6 -13 -10
right_child=21 -3 8 14 22 6 -8 -9 15 11 -12 23 -14 -15 -16 17 18 20 -20 -21 -22 -23 -24 -25 -26
leaf_value=-0.0064194848281256406 -0.0005585061763643957 0.005495843802652953 0.00092957838880297877 3.864872856737734e-05 -0.0050240162773781509 0.00069006089883367355 -0.0052083406362573408 -0.0014642636728794448 -0.0092736852283254768 -0.0047754445056589333 0.0079990745773460548 -0.0067985159891110732 0.0018993234042462726 -0.0029789105977778966 0.0076957517027367132 0.0015635972557115855 -0.0018936723132657086 0.0072577707151789458 0.0031323949317891386 -0.00174352161356735 0.0008529768518556151 -0.0082795584201177854 -0.0088943219980608858 -0.0097053871372864663 -0.0072189963634242457
leaf_weight=15.350705318152903 3.0968854874372473 6.6880499757826319 501.27738666720688 8.6037397049367428 4.2398631162941438 109.41528011113405 11.053039301186798 80.281753519549966 4.5867018327116948 14.753289390355347 7.6408058628439894 3.2079318650066844 19.890828605741262 22.509766228497028 10.398420289158821 45.939234487712383 85.565773658454418 9.4312625825405139 14.120525877922772 64.906033346429467 9.3899449072778207 4.4760820642113686 6.6135838776826859 4.3504335805773735 4.891772024333477
leaf_count=100 19 14 2127 45 33 546 88 484 34 101 10 24 89 145 20 202 475 19 49 423 46 43 59 31 33
internal_value=0 3.69701e-05 2.12963e-06 -0.00080954 -0.00123356 -0.000920528 0.000146273 -0.00226361 0.000247899 0.000631756 0.000866303 -0.00231835 -0.000946672 0.000761246 0.00424123 -0.000673955 -0.00180046 0.000274832 -0.00118007 -0.00037274 0.00407687 -0.005155 -0.00742248 -0.00854204 -0.00827122
internal_weight=0 1065.11 1058.42 245.956 226.954 216.101 120.468 95.6325 812.462 573.63 531.428 42.2025 34.6441 523.787 19.0022 238.831 109.165 129.666 99.6863 110.845 18.8212 7.57297 10.8534 7.55837 9.47847
internal_count=5259 5197 5183 1375 1310 1218 634 584 3808 2527 2282 245 190 2272 65 1281 591 690 524 625 65 62 92 55 67
is_linear=0
shrinkage=0.00517761


Tree=50
num_leaves=22
num_cat=0
split_feature=27 24 31 42 61 59 57 61 48 41 58 56 59 1 60 38 63 65 55 40 49
split_gain=7.65599 9.56208 14.953 7.62965 15.1531 14.1002 11.3183 11.5594 10.7617 10.4369 10.4203 13.2799 9.9974 9.5963 7.76777 11.6973 5.07948 4.74234 2.34657 1.1718 0.689355
threshold=31.000000000000004 3.5000000000000004 7.5000000000000009 0.63961038961038974 0.52793383270911376 -949.99999999999989 -4.2499999999999991 0.27645576707726766 7.8000000000000016 6.1500000000000012 3.5000000000000004 0.057189542483660101 -234.99999999999997 46.000000000000007 0.099450549450549472 10.500000000000002 8.5000000000000018 9.5000000000000018 0.45000000000000007 35.850000000000001 0.28991596638655465
decision_type=2 2 2 2 2 2 2 2 2 2 2 2 2 2 2 2 2 2 2 2 2
left_child=1 3 16 6 5 -5 7 14 13 10 12 -12 -8 -7 15 -1 -3 -4 -6 -2 -9
right_child=19 2 17 4 18 8 9 20 -10 -11 11 -13 -14 -15 -16 -17 -18 -19 -20 -21 -22
leaf_value=0.0017944807033764484 -0.0036834855142579637 0.0065231347127318665 -0.0081195815962987108 0.0052208437702406961 -0.003247927410035446 0.00019956640738954406 -0.0036594669644469131 -0.0063126585861945812 0.0068275677854019211 -0.007678683905645179 0.0049527567094525679 0.00037036776675869503 -0.00042532242981302291 0.0063584928379282974 0.0042946253997490705 -0.0058898228658782357 0.0016674057992376546 0.00088282414100513296 -0.0091470529983118751 -0.0084916621524238397 -0.0095889080787438172
leaf_weight=8.7448059432208591 3.178811151534318 15.256906069815164 3.5487138442695132 17.149395536631346 3.2248586639761916 369.09047718346119 27.463355302810669 3.5215426161885244 6.8567876368761054 4.9469182491302481 18.797369081526995 167.66887502744794 370.58336670883 6.8429703563451758 4.932888861745595 13.355172166600822 9.3671854287385923 2.7486222498118877 4.3976246006786823 2.5896530374884605 5.3351957313716412
leaf_count=36 30 36 38 36 22 1556 177 32 12 34 61 853 2042 12 18 117 32 17 36 18 44
internal_value=0 3.24375e-05 0.0028664 -5.25733e-05 0.00049858 0.000636904 -0.000411803 -0.00323203 0.000430659 -0.000239739 -0.00017591 0.000833933 -0.000649048 0.000312788 -0.00154095 -0.00285267 0.00468561 -0.00422109 -0.00670141 -0.00591475 -0.00834329
internal_weight=0 1063.83 30.9214 1032.91 407.562 399.94 625.349 35.8896 382.79 589.46 584.513 186.466 398.047 375.933 27.0329 22.1 24.6241 6.29734 7.62248 5.76846 8.85674
internal_count=5259 5211 123 5088 1674 1616 3414 247 1580 3167 3133 914 2219 1568 171 153 68 55 58 48 76
is_linear=0
shrinkage=0.00517761


Tree=51
num_leaves=30
num_cat=0
split_feature=42 60 56 49 56 0 54 55 49 3 53 3 31 6 20 41 63 30 2 17 11 57 39 46 4 60 56 41 56
split_gain=7.15427 7.74274 9.53096 9.06847 7.34921 18.4028 14.9574 14.5052 9.99167 9.05529 11.8074 9.15982 8.16963 10.4651 7.3082 9.44654 7.23669 7.23112 10.2243 9.74486 12.9606 15.5925 14.1723 13.1228 9.59279 18.982 16.2645 13.7735 11.9174
threshold=0.31009615384615391 0.17619825708061002 0.21825396825396823 0.25833333333333336 0.32291666666666669 7.5000000000000009 34.850000000000001 0.15000000000000005 0.17914438502673799 8.5000000000000018 5.5000000000000009 15.500000000000002 15.500000000000002 5.5000000000000009 1.5000000000000002 1.3500000000000003 6.5000000000000009 2.5000000000000004 9.5000000000000018 1.5000000000000002 24.500000000000004 1.7500000000000002 5.5000000000000009 12.500000000000002 1.0000000180025095e-35 0.13383084577114426 0.5590277777777779 4.8500000000000005 0.36038961038961043
decision_type=2 2 2 2 2 2 2 2 2 2 2 2 2 2 2 2 2 2 2 2 2 2 2 2 2 2 2 2 2
left_child=1 4 -3 -4 6 8 7 12 -6 10 -10 -11 13 -1 17 -16 -9 19 -19 24 21 23 -23 -21 25 26 -2 28 -26
right_child=14 2 3 -5 5 -7 -8 16 9 11 -12 -13 -14 -15 15 -17 -18 18 -20 20 -22 22 -24 -25 27 -27 -28 -29 -30
leaf_value=-0.00092990386826039429 -0.0010835083322974488 0.0032890201330833414 -0.0084349973464625388 0.0008833134465162459 0.004786134157275951 -0.003438198571275709 -0.0042219235570188475 0.0057391258248140915 0.0019453264542758448 0.0054320277211248246 -0.0071393887494422392 -0.0003023798735823881 0.0031510567816976794 -0.0048510979994415343 -0.0075321616950097814 0.0022386661676549353 -0.0015002241447637686 0.0055053600286860249 -0.0023351203664655567 -0.0035027198514998854 0.0045132677808272193 0.0038889716897858809 -0.0028608636558036839 0.00089707131839698298 0.0024965965398082595 -0.0043301683687898655 0.0017021283052086867 -0.0050444952963076576 0.00047387578391389784
leaf_weight=77.807776972651482 115.58909004554152 25.902312811464071 4.1135558597743502 8.4450490660965425 19.296170096844435 26.586566317826509 43.978444853797555 12.521080914884807 7.1594198606908312 12.258232710883023 8.1362776607274991 18.927508177235723 9.5185225121676904 23.790196482092142 6.9973437767475826 4.2070304565131664 5.2091854065656653 15.529572233557703 6.1989372745156279 75.562464106827974 10.714490085840223 23.59364902973175 12.818657726049421 23.887464415282011 131.62046441063285 26.861109755933285 109.21535436809063 9.3854160867631418 191.95652295090258
leaf_count=446 535 86 28 39 74 207 390 40 43 43 88 137 42 195 65 19 43 35 46 488 32 79 79 103 456 156 424 51 790
internal_value=0 -0.000672222 0.00149695 -0.00219666 -0.000987137 0.000191785 -0.00161706 -0.000726206 0.00166105 0.000358632 -0.00289671 0.00195821 -0.00142057 -0.0018507 0.00026716 -0.00387132 0.00361422 0.000329087 0.003268 0.000241459 -0.000951976 -0.00138501 0.00151172 -0.00244596 0.000540757 -0.000222069 0.000269899 0.00111728 0.00129701
internal_weight=0 303.65 38.4609 12.5586 265.189 92.3642 172.825 128.847 65.7776 46.4814 15.2957 31.1857 111.116 101.598 764.138 11.2044 17.7303 752.933 21.7285 731.205 146.577 135.862 36.4123 99.4499 584.628 251.666 224.804 332.962 323.577
internal_count=5259 1901 153 67 1748 592 1156 766 385 311 131 180 683 641 3358 84 83 3274 81 3193 781 749 158 591 2412 1115 959 1297 1246
is_linear=0
shrinkage=0.00517761


Tree=52
num_leaves=27
num_cat=0
split_feature=48 15 47 2 59 5 23 6 4 18 40 45 62 35 62 65 64 57 42 58 54 3 65 49 47 58
split_gain=7.15744 10.5228 10.3096 8.36293 19.0073 11.5201 10.7503 12.2737 17.0823 11.6074 14.8573 12.9859 12.5733 12.0339 10.3083 9.75679 9.01676 13.649 10.5612 6.48152 3.76468 3.61863 2.85903 0.993165 0.47772 0.421895
threshold=5.6500000000000012 7.5000000000000009 41.150000000000013 1.0000000180025095e-35 335.00000000000006 20.500000000000004 1.0000000180025095e-35 14.500000000000002 13.500000000000002 1.5000000000000002 33.550000000000004 115.00000000000001 1.5000000000000002 2.5000000000000004 6.5000000000000009 14.500000000000002 24.550000000000004 -2.7499999999999996 0.064583333333333312 7.5000000000000009 38.250000000000007 53.500000000000007 4.5000000000000009 0.31009615384615391 34.250000000000007 5.5000000000000009
decision_type=2 2 2 2 2 2 2 2 2 2 2 2 2 2 2 2 2 2 2 2 2 2 2 2 2 2
left_child=2 -2 3 4 5 16 7 8 15 10 24 12 -11 -12 -7 -5 18 -18 -1 22 -4 -13 -9 -6 -8 -25
right_child=1 -3 20 6 23 14 9 19 -10 11 13 21 -14 -15 -16 -17 17 -19 -20 -21 -22 -23 -24 25 -26 -27
leaf_value=-0.0061275225631887481 0.0049162931688585881 -0.0024512046887983545 -0.0089549582094908819 0.00084363099052262892 -0.0051161935438707911 -0.0006347124256126668 -0.0091007060987828622 -0.0013189295008616615 0.0067079536896393439 0.004336590243436092 -0.0018092933106283009 0.0073614270304549314 -0.00091009731049869632 0.0062025433779252489 0.0074728629439222063 -0.0019000520456687914 0.0036076526254670456 -0.00081221409280869889 -0.0013063621894150116 0.001649726537778753 -0.0023731116752203304 0.0023286258535225915 -0.0056458272547567669 -0.0092527297600852893 -0.0061455468184384481 -0.0062516583524796906
leaf_weight=14.388761959969996 17.519587263464931 7.3282013051211825 4.3282471969723684 486.79583359882236 4.8928246200084669 8.0455102026462555 6.3549956530332548 5.9310678206384244 12.708629019558428 13.904279574751852 90.823210954666138 7.488688573241232 99.042363360524178 5.2556836158037177 8.7141747996211052 37.352710343897343 23.685703411698341 88.523457862436771 77.880211964249611 6.4067585766315451 5.1057825237512589 7.9594574570655823 13.539992507547138 4.9607228562235832 2.8129292130470276 2.6508418396115303
leaf_count=100 43 36 43 2061 40 44 47 38 33 56 506 14 583 12 17 223 89 512 472 28 35 33 98 48 24 24
internal_value=0 0.00274249 -6.57223e-05 -1.62012e-05 -0.000877168 -0.000525088 0.000236544 0.000624149 0.000792155 -0.000696909 -0.00197101 0.000347919 -0.000261997 -0.00136701 0.00359329 0.000647881 -0.000863723 0.000122282 -0.0020621 -0.0028542 -0.00543469 0.00478967 -0.00433702 -0.00707048 -0.00824509 -0.00827113
internal_weight=0 24.8478 1039.55 1030.12 233.742 221.238 796.377 562.735 536.857 233.642 105.247 128.395 112.947 96.0789 16.7597 524.149 204.478 112.209 92.269 25.8778 9.43403 15.4481 19.4711 12.5044 9.16792 7.61156
internal_count=5259 79 5180 5102 1346 1234 3756 2481 2317 1275 589 686 639 518 61 2284 1173 601 572 164 78 47 136 112 71 72
is_linear=0
shrinkage=0.00517761


Tree=53
num_leaves=30
num_cat=0
split_feature=27 24 31 41 45 41 64 60 52 18 49 17 58 1 56 49 27 63 59 64 0 46 38 47 38 57 42 41 7
split_gain=6.92051 9.11301 13.8534 7.61428 12.524 12.2226 11.481 15.0421 11.4005 17.5166 13.9363 12.4631 10.8519 18.0688 10.2279 10.0457 17.9164 10.1526 9.958 11.9994 11.2683 8.83196 8.81003 9.21178 8.20216 5.54646 4.9408 4.75819 3.04363
threshold=31.000000000000004 3.5000000000000004 7.5000000000000009 1.2500000000000002 8.5000000000000018 5.6500000000000012 12.15 0.15430402930402928 75.000000000000014 1.0000000180025095e-35 0.41421568627450983 2.5000000000000004 -4.4999999999999991 4.5000000000000009 0.93541666666666667 0.55050505050505061 11.500000000000002 9.5000000000000018 -174.99999999999997 11.750000000000002 43.000000000000007 3.5000000000000004 3.5000000000000004 35.45000000000001 7.5000000000000009 0.75000000000000011 0.78174603174603186 1.0500000000000003 14.500000000000002
decision_type=2 2 2 2 2 2 2 2 2 2 2 2 2 2 2 2 2 2 2 2 2 2 2 2 2 2 2 2 2
left_child=1 3 27 8 5 22 7 21 12 14 -11 -12 13 24 25 17 -17 -8 19 -14 -20 -6 -5 -24 -1 -10 -4 -3 -15
right_child=-2 2 26 4 6 -7 15 -9 9 10 11 -13 18 28 -16 16 -18 -19 20 -21 -22 -23 23 -25 -26 -27 -28 -29 -30
leaf_value=0.0029615275063473055 -0.0057147209518271132 0.006290656066210207 -0.0080225553131509468 -0.0063662992158703994 0.0016181828971784992 -0.0088714158293930947 0.0034571040316358458 0.0029848607808350778 -0.0080852334633654249 -0.0053111191134860656 0.0040632591560061408 -0.0030615636973675311 0.0028429226878321149 -0.008906887865158912 0.0023782389048746396 0.00082200966383042971 -0.008153042084083191 0.00038181792902956254 -0.0005172929425513121 -0.00058930000871312068 0.003532166768931456 -0.0057623761218229758 -0.0019842748544198702 0.0014482326832677861 -0.0022688885480718376 -0.0037429316298673849 0.0013218707936449 0.0015371846872676432 -0.004648613027726331
leaf_weight=13.87554945796728 5.5843915455043307 15.481623671948915 3.5483442135155192 6.7148494459688655 5.6220338605344322 5.1103823296725741 85.677883068099618 12.138784173876045 15.820593155920507 9.6546024084091169 20.737715601921085 9.5697006136178953 66.656765855848789 7.6514283083379295 4.5259063690900794 135.04645721428096 6.171827904880046 43.350052945315838 362.5896523129195 46.187499981373549 19.341206718236208 18.709686879068613 40.943357866257429 42.803622249513865 18.912220735102892 16.09404518455267 2.5840070173144341 8.9530799239873868 11.636626310646532
leaf_count=63 48 37 41 44 23 38 285 45 130 83 66 61 242 67 20 562 42 211 1945 231 64 119 216 184 136 117 14 31 94
internal_value=0 3.05737e-05 0.00281332 -5.25389e-05 0.00050271 -0.0011333 0.00101264 -0.00171193 -0.000410957 -0.0022835 8.47379e-05 0.00181162 -0.000149083 -0.00239572 -0.00487619 0.00138068 0.000426091 0.00242465 8.76566e-05 0.00143853 -0.000311636 -0.00405706 -0.000689937 -0.000230075 -5.37439e-05 -0.00590792 -0.00411211 0.00455802 -0.00636278
internal_weight=0 1056.11 30.5671 1025.54 402.289 95.5722 306.717 36.4705 623.254 76.4026 39.962 30.3074 546.851 52.0758 36.4405 270.246 141.218 129.028 494.775 112.844 381.931 24.3317 90.4618 83.747 32.7878 31.9146 6.13235 24.4347 19.2881
internal_count=5259 5211 123 5088 1769 482 1287 187 3319 477 210 127 2842 360 267 1100 604 496 2482 473 2009 142 444 400 199 247 55 68 161
is_linear=0
shrinkage=0.00517761


Tree=54
num_leaves=26
num_cat=0
split_feature=64 20 56 42 12 27 55 40 40 30 2 17 11 57 52 47 4 40 7 42 0 56 60 54 0
split_gain=7.37646 9.71774 10.1054 9.26326 8.78877 7.38279 8.39197 14.6483 12.443 7.31704 8.69508 8.27753 13.153 14.9639 12.9162 11.1684 8.06193 6.57206 5.32881 6.97968 6.38592 5.12177 3.73969 1.31835 1.16508
threshold=2.5500000000000003 1.5000000000000002 0.12132352941176471 0.31009615384615391 13.500000000000002 12.500000000000002 0.95000000000000007 33.850000000000001 35.45000000000001 2.5000000000000004 9.5000000000000018 1.5000000000000002 24.500000000000004 1.7500000000000002 115.00000000000001 36.45000000000001 1.0000000180025095e-35 35.150000000000013 28.500000000000004 0.12132352941176471 3.5000000000000004 0.2752525252525253 0.10987804878048781 36.150000000000013 30.000000000000004
decision_type=2 2 2 2 2 2 2 2 2 2 2 2 2 2 2 2 2 2 2 2 2 2 2 2 2
left_child=17 3 -3 4 5 6 7 -2 -8 11 -11 14 13 -13 16 -16 -5 18 20 -20 -1 -19 23 -7 -4
right_child=1 2 24 9 -6 22 8 -9 -10 10 -12 12 -14 -15 15 -17 -18 21 19 -21 -22 -23 -24 -25 -26
leaf_value=-0.0016066633418739729 5.2516881123928083e-06 0.0020108680926080036 -0.0051316860967033934 -8.4917475989466416e-05 0.0034886137410578724 -0.0076071931170884639 -0.004313301011517447 -0.0030419652615186659 0.0015280987381553666 0.0053696804240143201 -0.0020244319714165146 -0.0024551299781999021 0.0045849438812643117 0.0014547457119858864 -0.0056837657885368351 0.0009126721743185095 0.0012045197606483115 0.0062020704961282033 0.0016264722108156227 -0.0059534165493170593 0.004451031606972254 0.0010911314473739464 -0.00072685642933790226 -0.0033487471959413903 -0.0088139151141218546
leaf_weight=7.6020327471196678 86.877851240336895 4.6940859742462626 4.723644655197857 229.60749925859272 11.86288860067725 7.0763194411993009 11.526698421686886 82.328298311680555 62.325316911563277 15.003950245678427 5.9033447466790667 95.650066658854485 10.637018375098704 36.099782645702362 16.496074564754966 11.741042725741861 299.48012271337211 12.553803361952307 6.4341968744993192 6.4804953634738922 11.893714193254707 9.0704842787235958 4.5506849922239772 2.9103198647499084 5.4168759156018496
leaf_count=38 448 23 37 1006 44 76 112 720 327 34 43 578 32 158 113 52 1160 27 17 37 34 34 32 22 55
internal_value=0 -0.000100257 -0.00425041 -3.77884e-05 -0.000856673 -0.00105765 -0.000842541 -0.00147797 0.000613266 0.000268457 0.00328184 0.000178108 -0.000935742 -0.00138358 0.000462765 -0.00294504 0.000644993 0.00186237 0.000385074 -0.0021876 0.00209122 0.00406836 -0.0046337 -0.00639693 -0.00714356
internal_weight=0 1004.91 14.8346 990.077 269.458 257.595 243.058 169.206 73.852 720.619 20.9073 699.712 142.387 131.75 557.325 28.2371 529.088 54.0347 32.4104 12.9147 19.4957 21.6243 14.5373 9.98664 10.1405
internal_count=5259 5072 115 4957 1781 1737 1607 1168 439 3176 77 3099 768 736 2331 165 2166 187 126 54 72 61 130 98 92
is_linear=0
shrinkage=0.00517761


Tree=55
num_leaves=27
num_cat=0
split_feature=64 42 32 30 58 64 12 60 63 63 47 60 48 24 41 49 40 40 64 61 36 19 53 62 4 60
split_gain=7.0485 9.0502 7.82469 7.9114 8.90024 7.52207 7.72944 7.60598 15.4969 14.537 7.16046 6.97396 7.03296 6.93309 7.03349 11.1635 10.2262 5.82728 5.41033 5.07797 8.54143 11.0926 5.70363 4.71546 4.62666 0.301294
threshold=2.5500000000000003 0.31009615384615391 1.0000000180025095e-35 2.5000000000000004 3.5000000000000004 3.1500000000000008 1.0000000180025095e-35 0.092450142450142422 6.5000000000000009 7.5000000000000009 33.95000000000001 0.21294035577258458 5.6500000000000012 5.5000000000000009 2.1500000000000008 0.53137254901960795 33.850000000000001 35.150000000000013 63.45000000000001 0.26365441906653431 -1.0000000180025095e-35 3.5000000000000004 5.5000000000000009 3.5000000000000004 2.5000000000000004 0.097693531283138915
decision_type=2 2 2 2 2 2 2 2 2 2 2 2 2 2 2 2 2 2 2 2 2 2 2 2 2 2
left_child=17 11 3 5 10 6 -3 9 -9 -7 -5 12 13 14 16 -16 -2 19 25 22 -21 -22 -1 -13 -19 -4
right_child=1 2 18 4 -6 7 -8 8 -10 -11 -12 23 -14 -15 15 -17 -18 24 -20 20 21 -23 -24 -25 -26 -27
leaf_value=-0.0005218765716019717 -0.00047735089335283314 -0.0094908254579119562 -0.0089342683184524783 0.0038352899465580758 0.0066987979506393271 0.00071290848791089262 -0.00081872782429734804 -0.00077543319949086107 0.0021634769570568987 -0.0010893592142247911 -0.0045672539735643718 0.0046531306376807234 0.0042427127897239946 0.0052094841917214316 0.0019728062097445435 -0.0050961048812264128 -0.0028075526135533887 0.0013834726148993089 0.0015865758435132061 0.0039409323634356196 0.0005697248808636332 -0.0090820011602136975 0.0061780592104531537 -0.00045577536208292647 0.0061729145952216426 -0.0058924099849315187
leaf_weight=6.8054684326052648 91.225459773093462 4.2015960589051229 3.2265244126319876 5.9578749071806687 10.635009117424486 259.27516584843397 7.8186887353658676 76.630530778318644 128.97969808243215 223.19308081455529 4.8890858329832554 9.6009301468729991 6.3042066916823378 4.2880718037486067 31.540991920977831 7.3236013688147059 113.09875763393939 10.396003402769567 2.3246848955750465 5.6443656980991355 7.2663016989827174 5.6155406050384045 6.731448732316494 9.6805658861994726 11.320262022316454 2.118704192340374
leaf_count=33 509 34 38 20 21 1076 39 339 477 1142 37 25 17 11 123 63 1024 35 13 15 30 34 14 43 26 21
internal_value=0 -9.80299e-05 0.000203031 0.000258545 0.00334864 0.000163412 -0.00388579 0.000234524 0.00106823 -0.000120857 4.27629e-05 -0.000901929 -0.00113014 -0.00126812 -0.00138375 0.000634215 -0.0017677 0.00182491 -0.00497648 0.000419896 -0.00133969 -0.00366221 0.00282322 0.00209506 0.00389153 -0.00781631
internal_weight=0 1002.31 729.251 721.581 21.482 700.099 12.0203 688.078 205.61 482.468 10.847 273.063 253.781 247.477 243.189 38.8646 204.324 53.7794 7.66991 32.0631 18.5262 12.8818 13.5369 19.2815 21.7163 5.34523
internal_count=5259 5072 3257 3185 78 3107 73 3034 816 2218 57 1815 1747 1730 1719 186 1533 187 72 126 79 64 47 68 61 59
is_linear=0
shrinkage=0.00517761


Tree=56
num_leaves=28
num_cat=0
split_feature=64 42 32 30 58 59 65 48 7 24 58 47 60 48 24 41 38 40 40 31 25 62 64 42 3 56 60
split_gain=6.76881 9.10794 7.4028 7.64492 8.2064 6.87704 12.8143 16.4329 11.5566 8.54618 8.95065 6.73182 6.58151 6.94766 6.39695 6.7579 12.066 10.2648 5.66697 5.28667 8.18047 6.52873 5.15105 4.60192 6.02232 4.40015 0.325978
threshold=2.5500000000000003 0.31009615384615391 1.0000000180025095e-35 2.5000000000000004 3.5000000000000004 -74.999999999999986 5.5000000000000009 0.95000000000000007 101.50000000000001 2.5000000000000004 -8.4999999999999982 33.95000000000001 0.21294035577258458 5.6500000000000012 5.5000000000000009 2.1500000000000008 7.5000000000000009 33.850000000000001 35.150000000000013 1.5000000000000002 1.5000000000000002 4.5000000000000009 63.45000000000001 0.23303167420814477 7.5000000000000009 0.2752525252525253 0.10367218987908641
decision_type=2 2 2 2 2 2 2 2 2 2 2 2 2 2 2 2 2 2 2 2 2 2 2 2 2 2 2
left_child=18 12 3 5 11 9 7 -7 -8 10 -3 -5 13 14 15 17 -17 -2 19 21 -21 -1 26 24 -14 -20 -4
right_child=1 2 22 4 -6 6 8 -9 -10 -11 -12 -13 23 -15 -16 16 -18 -19 25 20 -22 -23 -24 -25 -26 -27 -28
leaf_value=-0.0020720908572829859 -0.00046717810780008961 -0.0049420195454791442 -0.0088779636749441795 0.0037925924603623429 0.0065375109519772764 -0.00057474656776583131 0.00069241140317747121 -0.0050142386682292617 -0.0020051973780965907 0.0049251718919811564 0.00089396855807117746 -0.0043948877361556331 0.0040263660520271473 0.0042081724970653399 0.0049549763640226721 -0.0070691067385678062 0.0016967387029740027 -0.0028075436040129733 0.0058250105826199109 -0.0059694850796613991 0.0028236265388836769 0.0040985905470390374 0.0014882739778962172 0.0055411972668066882 -0.0031252770668469534 0.0010992474562156731 -0.0057096136570859157
leaf_weight=6.9315860196948114 91.350336980074644 7.2533852607011786 3.1607477813959113 5.9338654391467589 10.554157353937624 98.678362652659416 313.82702622562647 28.84058516472578 49.187079660594463 13.506420865654944 188.28710826486349 4.8168571554124355 5.8135169968009013 6.3130800873041144 4.2894800156354895 4.740914534777402 33.815536890178919 111.6693628244102 12.480988912284376 6.861329182982443 4.7493233494460583 13.382321923971174 2.3247511312365532 6.4868756234645835 6.7493537366390228 9.1910149622708541 2.0215424373745918
leaf_count=32 509 54 39 20 21 516 1301 199 286 35 716 37 20 17 11 48 138 1024 27 36 17 41 13 19 29 34 20
internal_value=0 -9.61621e-05 0.000205425 0.000258906 0.00330942 0.000165695 -0.000169431 -0.00158093 0.000326582 0.000951905 0.000675863 0.000119254 -0.000905955 -0.00112776 -0.00126588 -0.00137769 0.000608487 -0.001755 0.00179141 0.000401931 -0.00237659 0.00199285 -0.00488695 0.0020237 0.000187501 0.00383052 -0.00773059
internal_weight=0 999.62 728.392 720.885 21.3049 699.58 490.533 127.519 363.014 209.047 195.54 10.7507 271.228 252.179 245.866 241.576 38.5565 203.02 53.5966 31.9246 11.6107 20.3139 7.50704 19.0497 12.5629 21.672 5.18229
internal_count=5259 5072 3257 3185 78 3107 2302 715 1587 805 770 57 1815 1747 1730 1719 186 1533 187 126 53 73 72 68 49 61 59
is_linear=0
shrinkage=0.00517761


Tree=57
num_leaves=29
num_cat=0
split_feature=64 42 32 30 58 11 17 57 52 48 48 55 40 41 27 3 63 47 28 64 11 40 19 38 57 42 63 60
split_gain=7.24797 9.20188 6.89558 7.16247 7.59622 7.00538 11.263 13.8714 11.1123 6.29988 6.14901 6.74476 12.5954 10.9159 8.32714 7.59558 7.40861 6.12978 5.77336 5.28328 4.97015 4.55931 6.76248 4.54498 10.117 1.30159 1.00734 0.34547
threshold=2.5500000000000003 0.31009615384615391 1.0000000180025095e-35 2.5000000000000004 3.5000000000000004 24.500000000000004 1.5000000000000002 1.7500000000000002 115.00000000000001 5.6500000000000012 3.7500000000000004 0.95000000000000007 34.850000000000001 0.35000000000000003 22.500000000000004 5.5000000000000009 6.5000000000000009 33.95000000000001 1.0000000180025095e-35 69.600000000000009 6.5000000000000009 35.150000000000013 8.5000000000000018 9.5000000000000018 0.75000000000000011 0.57738095238095244 7.5000000000000009 0.10367218987908641
decision_type=2 2 2 2 2 2 2 2 2 2 2 2 2 2 2 2 2 2 2 2 2 2 2 2 2 2 2 2
left_child=20 9 3 5 17 6 8 -8 -3 10 11 12 14 18 -2 -15 -14 -5 -13 27 21 23 -23 -1 25 -25 -12 -4
right_child=1 2 19 4 -6 -7 7 -9 -10 -11 26 13 16 15 -16 -17 -18 -19 -20 -21 -22 22 -24 24 -26 -27 -28 -29
leaf_value=0.0034445483452241158 -0.00076087676297383955 0.00058137607351829257 -0.0087974673744581934 0.0036292110120302885 0.0063150819860999588 0.0039750561235348397 -0.0022939577030381695 0.0015176553743635483 -0.0028242174343225896 0.0041656954329398052 -0.0092013958990183175 -0.0063643785787553704 -0.0015806030012837466 -0.0031837779418398054 0.0055237944319249631 0.0020795077892407292 -0.0050514831144371402 -0.0041966799072737293 0.0020879603333893867 0.001809437463371233 -0.0021368178222111985 0.0011610947803771664 0.0072725339131886318 -0.0059415733126363841 0.004414641392051233 -0.0018194356641965364 -0.0042476237818140925 -0.005546214348920003
leaf_weight=11.943621657788755 116.0603937394917 528.16905422694981 3.1530538834631434 5.9429465550929326 10.548105545341967 12.633133202791212 95.586581695824862 34.892349477857351 26.932191949337721 6.3219302222132674 2.3910933658480635 8.4284367896616441 34.183077279478312 8.5286559723317605 5.8750820308923712 50.872083662077785 31.949025608599186 4.7814054805785418 2.8702851608395568 2.2546737343072891 7.1583354249596587 9.2464822642505187 10.22594161890447 5.3303200677037221 5.8147924803197375 3.4507555887103081 2.3849724568426609 1.9620647169649599
leaf_count=35 678 2168 40 20 21 42 580 152 165 17 27 89 271 69 21 253 345 37 20 12 32 33 18 34 17 18 25 20
internal_value=0 -9.94126e-05 0.000203723 0.000254973 0.00320989 0.000164642 9.40432e-05 -0.00127437 0.000415818 -0.000915748 -0.00103868 -0.000930224 -0.00144261 0.000432774 -0.000455195 0.00132102 -0.00326087 0.000135235 -0.00421705 -0.00475667 0.00186138 0.00248569 0.00438455 0.00108484 -0.000852546 -0.00434799 -0.00682061 -0.00763811
internal_weight=0 996.721 726.856 719.486 21.2725 698.213 685.58 130.479 555.101 269.865 263.543 258.767 188.068 70.6995 121.935 59.4007 66.1321 10.7244 11.2987 7.36979 53.1702 46.0119 19.4724 26.5395 14.5959 8.78108 4.77607 5.11512
internal_count=5259 5072 3257 3185 78 3107 3065 732 2333 1815 1798 1746 1315 431 699 322 616 57 109 72 187 155 51 104 69 52 52 60
is_linear=0
shrinkage=0.00517761


Tree=58
num_leaves=16
num_cat=0
split_feature=59 54 54 3 54 58 61 64 57 5 54 46 40 49 60
split_gain=6.8458 7.01863 7.35382 14.2677 9.94176 9.21088 14.5691 15.295 9.3054 10.9273 9.97987 7.56705 4.17012 3.57695 0.503958
threshold=590.00000000000011 43.900000000000006 40.550000000000004 160.50000000000003 40.45000000000001 -1.0000000180025095e-35 0.077524038461538464 130.25000000000003 -4.2499999999999991 1.0000000180025095e-35 32.650000000000013 16.500000000000004 36.750000000000007 0.20714285714285713 0.047338935574229656
decision_type=2 2 2 2 2 2 2 2 2 2 2 2 2 2 2
left_child=1 2 4 13 5 6 11 -8 9 -7 -10 -1 -2 -4 -15
right_child=12 -3 3 -5 -6 8 7 -9 10 -11 -12 -13 -14 14 -16
leaf_value=-0.0029695258518712131 -0.00028756350555559208 0.0053763032979062698 -0.0020461259370569934 0.0053723786900561621 0.0063434584772790016 -0.0066953899051661516 -0.00052354577000148742 0.0026489327251402067 0.0028930811000699276 -0.00047486236194015682 0.00041415670971196476 0.0044398434971913607 -0.0081947719611182353 -0.0093177249076019288 -0.0062886029374673831
leaf_weight=73.00888984836638 3.0348339304327956 6.4880899637937537 3.7528493218123904 3.6359232738614073 6.6300270408391944 9.600141838192938 316.90470280870795 46.6811882853508 47.825168669223785 34.979486338794231 479.43131422251463 3.8341615088284007 4.3082212768495083 4.9506971053779107 3.1577366031706333
leaf_count=508 19 14 24 9 17 70 1703 183 177 181 2235 13 43 38 25
internal_value=0 3.52987e-05 1.45109e-06 -0.00353072 5.54058e-05 1.38039e-05 -0.000548915 -0.000115805 0.000447233 -0.0018225 0.000639354 -0.00259626 -0.00495925 -0.00627496 -0.00819916
internal_weight=0 1040.88 1034.39 15.4972 1018.9 1012.27 440.429 363.586 571.836 44.5796 527.256 76.8431 7.34306 11.8613 8.10843
internal_count=5259 5197 5183 96 5087 5070 2407 1886 2663 251 2412 521 62 87 63
is_linear=0
shrinkage=0.00517761


Tree=59
num_leaves=30
num_cat=0
split_feature=64 42 65 59 52 38 49 65 25 31 3 15 2 47 56 60 41 52 52 14 14 57 11 27 20 7 23 19 42
split_gain=6.57783 8.77011 6.49931 12.6237 11.3868 10.6827 11.6814 9.89732 15.2674 13.8334 11.4894 11.1786 21.3793 9.47927 11.9949 10.2679 9.28561 8.97692 17.6302 14.3892 8.39298 7.4022 6.03356 9.78047 6.41992 7.85848 7.70947 6.95665 6.02829
threshold=2.5500000000000003 0.31009615384615391 11.500000000000002 -74.999999999999986 115.00000000000001 95.000000000000014 0.62019230769230782 14.500000000000002 1.0000000180025095e-35 5.5000000000000009 2.5000000000000004 17.500000000000004 3.5000000000000004 33.650000000000013 0.28991596638655465 0.021054964539007053 2.3500000000000001 13.500000000000002 5.5000000000000009 1.5000000000000002 3.5000000000000004 -2.2499999999999996 9.5000000000000018 26.000000000000004 1.0000000180025095e-35 189.00000000000003 1.0000000180025095e-35 1.5000000000000002 0.16025641025641021
decision_type=2 2 2 2 2 2 2 2 2 2 2 2 2 2 2 2 2 2 2 2 2 2 2 2 2 2 2 2 2
left_child=-1 22 3 5 13 17 -7 11 9 10 -9 12 16 15 -15 -5 -4 18 -3 -19 -13 -14 23 24 25 27 -27 -2 -24
right_child=1 2 7 4 -6 6 -8 8 -10 -11 -12 20 21 14 -16 -17 -18 19 -20 -21 -22 -23 28 -25 -26 26 -28 -29 -30
leaf_value=0.0017761515373572682 -4.1422692096706433e-05 0.0025006429958214929 0.00068824032682974795 -0.0073142867469464809 -0.0057816749795176134 -0.0088961659833397006 0.00095473946734987161 -0.0049966118330872855 -0.0063085558117161088 -0.0070619130145291907 0.0021969050207084218 0.0055884829712547308 0.00054353444588658029 0.0012895567709980743 -0.00089821398289325011 -0.0013700453238886573 0.0045451927057913255 0.0044978214080423446 -0.0020829701816370552 -0.0012829303166696753 0.00083821411060224079 -0.0066918984663761989 -0.00067950743380066779 0.0056696477503373928 -0.0049643135283611983 -0.00058162547004279538 0.0057011011298430695 -0.0018821106602144118 -0.0086098283967760009
leaf_weight=52.997919850051403 103.85292502306402 49.903419222682714 51.002407656982541 10.013634480535982 11.186349924653767 5.7303735725581628 7.2520804069936275 6.7752567008137694 10.624591425061224 5.8863938562571994 45.831518525257707 28.596284158527851 5.5381980240345028 101.52613990008831 198.2773509863764 34.514345673844218 24.862774271517992 44.860165014863014 40.850541941821575 15.499313920736311 15.335143148899077 11.871694449335335 4.9923746734857541 6.1644297875463954 9.9291773661971074 11.425240453332664 9.5796299763023836 117.0689562279731 5.259412806481123
leaf_count=187 613 152 231 87 75 42 29 50 79 48 187 72 19 431 951 212 73 120 189 74 63 73 37 18 82 72 38 896 59
internal_value=0 -9.47923e-05 0.00020083 -0.000107891 -0.000656155 0.00107969 -0.00341603 0.000978134 -0.000619159 0.000420119 0.00126523 0.00178272 0.000767281 -0.000488547 -0.000157203 -0.0027158 0.00195518 0.00146728 0.000437375 0.00301355 0.00393418 -0.00439661 -0.000894611 -0.000739125 -0.000897455 -0.000729209 0.00229237 -0.00101712 -0.00477759
internal_weight=0 994.21 725.938 519.614 355.518 164.096 12.9825 206.324 69.1178 58.4932 52.6068 137.207 93.2751 344.331 299.803 44.528 75.8652 151.113 90.754 60.3595 43.9314 17.4099 268.272 258.02 251.856 241.927 21.0049 220.922 10.2518
internal_count=5259 5072 3257 2362 1756 606 71 895 364 285 237 531 396 1681 1382 299 304 535 341 194 135 92 1815 1719 1701 1619 110 1509 96
is_linear=0
shrinkage=0.00517761


Tree=60
num_leaves=28
num_cat=0
split_feature=48 2 47 2 59 31 23 65 64 47 18 64 3 49 61 56 56 41 39 6 42 14 41 54 43 49 58
split_gain=6.7031 10.7888 9.54202 8.6359 17.3129 10.3713 9.3964 11.5865 15.2331 13.7554 10.777 18.4827 14.0328 13.6352 19.9282 9.85295 8.4484 17.7347 13.9006 8.39329 8.39188 6.85442 5.01329 3.56371 2.00046 1.07091 0.3404
threshold=5.6500000000000012 2.5000000000000004 41.150000000000013 1.0000000180025095e-35 335.00000000000006 13.500000000000002 1.0000000180025095e-35 14.500000000000002 419.10000000000008 37.350000000000001 1.0000000180025095e-35 27.450000000000003 93.500000000000014 0.59411764705882364 0.067231638418079068 0.67708333333333337 0.5590277777777779 1.5500000000000003 8.5000000000000018 14.500000000000002 0.82085561497326209 1.0000000180025095e-35 2.1500000000000008 38.250000000000007 -1.0000000180025095e-35 0.31009615384615391 5.5000000000000009
decision_type=2 2 2 2 2 2 2 2 2 2 2 2 2 2 2 2 2 2 2 2 2 2 2 2 2 2 2
left_child=2 -2 3 4 5 16 7 8 19 22 11 21 -13 15 -15 -12 18 -18 -1 -5 -11 -8 -9 -4 -7 -6 -27
right_child=1 -3 23 6 25 24 10 9 -10 20 13 12 -14 14 -16 -17 17 -19 -20 -21 -22 -23 -24 -25 -26 26 -28
leaf_value=-0.00065525158861584501 0.0049252787730773139 -0.0024773842451101401 -0.0088518097161118942 0.0008517647661723547 -0.0049072772581568759 0.0060527996801272134 -0.00034776873318477421 -0.0029439839605986929 0.0083584731216469477 -0.0014990811605943295 -0.00064085425974595614 -0.0032766998348098698 0.0037230242762199325 -0.007047074057509658 0.0025495851815301052 -0.0057288671328857245 -0.0015611939151076496 0.0036864754813697507 -0.0045157459928089156 -0.0024023158330178018 0.0066935003527166742 -0.0068374261253869133 -0.0081327169758629008 -0.0023483162826795022 0.0019446931838508032 -0.0091511735234270346 -0.0062945939624381927
leaf_weight=100.98507897742093 17.158901594579223 7.5598863735795012 4.106548994779585 484.25173929706216 4.7575324326753599 6.1629405319690704 5.4148554876446751 18.231966808438305 7.0112570598721495 7.63171114400029 85.981962969526649 15.256129279732706 15.323275998234747 6.2904799208044997 66.521334016695619 11.515191445127128 41.980661837384105 29.226759567856789 33.181106062605977 22.160343687981367 5.882919654250145 22.590334549546242 6.8911019861698142 5.0770738907158375 6.6882670149207097 4.7099310606718063 2.5078080594539642
leaf_count=594 42 37 43 2083 40 18 33 126 9 52 513 98 55 52 270 91 254 101 236 147 11 163 53 35 31 48 24
internal_value=0 0.00266049 -6.46216e-05 -1.67279e-05 -0.000897907 -0.000564209 0.000243062 0.000608746 0.000814595 -0.00212319 -0.000638815 -0.00255299 0.000231136 2.0346e-05 0.00171478 -0.00124532 -0.000847018 0.000594035 -0.0016118 0.000709062 0.00208198 -0.00558661 -0.00438505 -0.0052995 0.0039361 -0.00694192 -0.00822557
internal_weight=0 24.7188 1020.34 1011.15 230.2 218.225 780.955 552.061 513.423 38.6377 228.894 58.5846 30.5794 170.309 72.8118 97.4972 205.374 71.2074 134.166 506.412 13.5146 28.0052 25.1231 9.18362 12.8512 11.9753 7.21774
internal_count=5259 79 5180 5102 1346 1234 3756 2481 2239 242 1275 349 153 926 322 604 1185 355 830 2230 63 196 179 78 49 112 72
is_linear=0
shrinkage=0.00517761


Tree=61
num_leaves=28
num_cat=0
split_feature=48 2 47 2 59 5 64 64 42 12 28 23 65 64 47 18 40 45 27 4 41 42 7 54 49 47 58
split_gain=6.586 9.75447 8.79236 7.86772 17.0142 9.97321 13.4939 11.9546 12.4909 10.4611 9.30488 8.17576 11.0106 14.5307 13.133 9.78776 13.4209 12.6728 10.0063 9.03486 8.30563 8.01699 5.3735 3.50168 0.99915 0.55012 0.336553
threshold=5.6500000000000012 2.5000000000000004 41.150000000000013 1.0000000180025095e-35 335.00000000000006 17.500000000000004 8.2500000000000018 24.550000000000004 0.65686274509803932 1.0000000180025095e-35 4.5000000000000009 1.0000000180025095e-35 14.500000000000002 419.10000000000008 37.350000000000001 1.5000000000000002 33.550000000000004 125.00000000000001 19.500000000000004 10.500000000000002 1.2500000000000002 0.82085561497326209 1.0000000180025095e-35 38.250000000000007 0.31009615384615391 34.350000000000001 5.5000000000000009
decision_type=2 2 2 2 2 2 2 2 2 2 2 2 2 2 2 2 2 2 2 2 2 2 2 2 2 2 2
left_child=2 -2 3 4 5 7 -7 9 -9 -1 -8 12 13 20 22 16 25 19 -18 -17 -5 -16 -14 -4 -6 -13 -26
right_child=1 -3 23 11 24 6 10 8 -10 -11 -12 15 14 -15 21 17 18 -19 -20 -21 -22 -23 -24 -25 26 -27 -28
leaf_value=-0.0017899879307167335 0.0047875884259883711 -0.0022568447149421919 -0.0087740400542186073 0.00014965185214132042 -0.0049365679500342902 0.007321583280855623 -0.0043179296809809009 -0.0013319723892947664 0.0022047474889132336 -0.0082585041387834342 0.0050325432133705742 -0.0089693121370209485 0.0014683986463684925 0.0082514138612202852 -0.0014905535754022618 0.0016130482011845154 -0.0019408867984954203 0.0055693376938022593 0.0027787639813034865 -0.0013515331313744363 0.0015145103651461368 0.0065560806832221895 -0.0053460129813341683 -0.0022572829721876448 -0.0091292202888587828 -0.005695627482763835 -0.0062538149358073994
leaf_weight=79.436155153438449 17.17153894901276 7.5415082797408095 3.9224818423390371 315.75472770631313 4.6376195885241014 9.6704527065157908 7.6430053263902646 60.114515777677298 48.154194816946983 7.2642571516335002 4.4641551747918129 5.8778034672141057 3.6045027896761921 6.7967913150787345 7.6029587090015394 46.265174757689238 79.265325207263231 11.35655292123556 14.136730354279278 67.947382474318147 192.28688945993781 5.797659233212471 21.09276470541954 5.1083965748548508 4.5788110606372356 2.4770452976226807 2.4545943401753902
leaf_count=506 42 37 43 1514 40 17 55 405 182 56 13 48 17 9 52 209 466 32 52 445 716 11 162 35 48 23 24
internal_value=0 0.00263738 -6.42108e-05 -1.85029e-05 -0.000863512 -0.00053453 0.00278334 -0.000905975 0.000241375 -0.0023379 -0.000861167 0.000228915 0.000568732 0.000767567 -0.00211477 -0.000597541 -0.00179046 0.000369554 -0.00122503 -0.000150356 0.000666373 0.00200545 -0.00434998 -0.00513159 -0.00693526 -0.00805173 -0.0081941
internal_weight=0 24.713 1017.71 1008.68 228.418 216.747 21.7776 194.969 108.269 86.7004 12.1072 780.262 552.936 514.838 38.0979 227.326 101.757 125.569 93.4021 114.213 508.042 13.4006 24.6973 9.03088 11.671 8.35485 7.03341
internal_count=5259 79 5180 5102 1346 1234 85 1149 587 562 68 3756 2481 2239 242 1275 589 686 518 654 2230 63 179 78 112 71 72
is_linear=0
shrinkage=0.00517761


Tree=62
num_leaves=21
num_cat=0
split_feature=48 2 47 2 59 5 64 6 64 31 46 53 45 5 6 56 54 19 49 58
split_gain=6.19041 8.20352 7.95759 7.41805 16.0287 10.0125 12.7302 12.0376 9.97718 9.24756 7.7825 11.3567 10.0083 19.5839 9.49299 7.6239 3.5181 1.9838 0.885125 0.31007
threshold=5.6500000000000012 2.5000000000000004 41.150000000000013 1.0000000180025095e-35 335.00000000000006 17.500000000000004 8.2500000000000018 6.5000000000000009 24.550000000000004 17.500000000000004 65.000000000000014 16.500000000000004 55.000000000000007 3.5000000000000004 2.5000000000000004 0.87867647058823539 38.250000000000007 2.5000000000000004 0.31009615384615391 5.5000000000000009
decision_type=2 2 2 2 2 2 2 2 2 2 2 2 2 2 2 2 2 2 2 2
left_child=2 -2 3 4 5 7 -7 8 -1 -8 11 12 13 -5 -14 -9 -4 -13 -6 -20
right_child=1 -3 16 10 18 6 9 15 -10 -11 -12 17 14 -15 -16 -17 -18 -19 19 -21
leaf_value=-0.0018466020215695174 0.004532009515462886 -0.0019416789044206008 -0.0087003274266872418 0.00052456445365385595 -0.0049512138664542828 0.0072813609215396768 -0.0054968475473557397 -0.0061486794628052496 0.00065477720402257189 0.0035272504293227518 -0.006393020982002927 0.0025520483426556937 -8.1242098902951495e-05 -0.0015008698661840149 0.0022180881793752195 0.0016217098671099746 -0.0020866156143077097 0.006268396955726431 -0.0090209695610981022 -0.0061823891003498256
leaf_weight=76.459826093167067 17.139297060668472 7.5042138732969752 3.748123459517954 368.67876022867858 4.5716166757047159 9.4858446717262286 5.6713111512362939 16.807846536859874 96.784689316526055 6.4205285310745239 4.6744766011834136 7.1977799013257018 87.495951730757952 195.92844044789672 106.90849598124623 4.2030445709824553 5.0980583615601063 8.6151778101921064 4.3001867700368166 2.3920055665075779
leaf_count=485 42 37 43 1614 40 17 45 150 496 23 37 24 429 1165 462 18 35 25 48 24
internal_value=0 0.00256056 -6.23044e-05 -1.91711e-05 -0.000842508 -0.000527201 0.00281344 -0.000899135 -0.000449435 -0.000711665 0.000220742 0.000261191 0.000170507 -0.00017838 0.00118352 -0.00459381 -0.00493322 0.0045948 -0.00684549 -0.0080776
internal_weight=0 24.6435 1015.44 1006.6 227.097 215.833 21.5777 194.255 173.245 12.0918 779.499 774.825 759.012 564.607 194.404 21.0109 8.84618 15.813 11.2638 6.69219
internal_count=5259 79 5180 5102 1346 1234 85 1149 981 68 3756 3719 3670 2779 891 168 78 49 112 72
is_linear=0
shrinkage=0.00517761


Tree=63
num_leaves=30
num_cat=0
split_feature=64 20 56 42 12 27 7 19 56 53 46 3 57 45 42 60 65 15 53 4 46 7 39 40 4 61 36 19 53
split_gain=6.4583 8.29057 10.5056 8.11016 7.35041 7.07821 6.88723 9.60863 7.32305 6.31788 12.4228 9.77422 13.1308 9.72765 17.2653 13.5914 9.12907 11.8155 11.9435 9.91307 19.0471 9.62982 7.26342 4.7152 4.70483 4.29764 7.15817 9.62616 5.36153
threshold=2.5500000000000003 1.5000000000000002 0.12132352941176471 0.31009615384615391 13.500000000000002 12.500000000000002 189.00000000000003 1.5000000000000002 0.60555555555555574 10.500000000000002 9.5000000000000018 33.500000000000007 1.0000000180025095e-35 14.500000000000002 0.72474747474747481 0.12024096385542167 11.500000000000002 50.000000000000007 4.5000000000000009 1.0000000180025095e-35 9.5000000000000018 25.500000000000004 3.5000000000000004 35.150000000000013 2.5000000000000004 0.26365441906653431 -1.0000000180025095e-35 3.5000000000000004 5.5000000000000009
decision_type=2 2 2 2 2 2 2 2 2 2 2 2 2 2 2 2 2 2 2 2 2 2 2 2 2 2 2 2 2
left_child=23 3 -3 4 5 6 7 -2 -8 16 11 22 -13 15 -15 -12 19 18 -18 20 -5 -21 -11 25 -25 28 -27 -28 -1
right_child=1 2 -4 9 -6 -7 8 -9 -10 10 13 12 -14 14 -16 -17 17 -19 -20 21 -22 -23 -24 24 -26 26 27 -29 -30
leaf_value=-0.00056200099361332519 0.00010422449914184721 0.0023308778497055965 -0.0072364522011133525 -6.2281092070266445e-05 0.0031536473669389635 -0.0045380477852141393 0.00024669549648590931 -0.0020888292729128954 0.0069954775045300765 0.001172940164501793 0.002556143655729628 -0.0082947513752039681 0.00077769728317364755 -0.0048533688002614902 0.001004356678496532 -0.0052991500606996587 -0.0011934049304536504 0.0072169053558093664 0.0023324762603447267 0.0017512463112289336 -0.0051080241621881736 -0.00018157120157828651 -0.006753589777202724 0.0011236506666391741 0.0059576720679929002 0.0036963148254001619 0.00044660405995989829 -0.008772542664439659 0.0060412222375945453
leaf_weight=6.6132214963436144 99.483935372903943 4.5615390837192527 9.2174721471965295 101.14573875069618 11.912700518965719 14.219467878341673 17.949339482933286 115.92222641967237 5.6091255135834208 3.7222382798790958 55.344808600842953 5.1164942607283619 24.411384612321854 21.817698147147894 35.113885752856731 6.5464187972247592 36.774833612143993 9.6138501390814763 85.601576935499907 125.28300719335675 24.951046589761972 153.96576522290707 17.899427730590105 10.520184593275191 11.107379525899885 5.5438187569379833 7.3749484494328481 5.0863647423684597 6.4832454100251198
leaf_count=33 580 23 92 440 44 130 113 899 15 16 203 37 108 160 147 40 182 18 329 445 151 771 129 35 26 15 30 34 14
internal_value=0 -9.44442e-05 -0.0040728 -3.77921e-05 -0.000810047 -0.000997341 -0.000785433 -0.00107624 0.00186885 0.000251687 -0.000618186 -0.00274986 -0.00080919 0.000300406 -0.00124341 0.00172041 0.000526902 0.0017092 0.00127281 0.000141686 -0.00106289 0.000685764 -0.00538935 0.00176428 0.00361713 0.000470721 -0.00116928 -0.00334242 0.00272037
internal_weight=0 986.184 13.779 972.405 265.097 253.184 238.965 215.406 23.5585 707.308 169.972 51.1495 29.5279 118.823 56.9316 61.8912 537.336 131.99 122.376 405.346 126.097 279.249 21.6217 52.7292 21.6276 31.1016 18.0051 12.4613 13.0965
internal_count=5259 5072 115 4957 1781 1737 1607 1479 128 3176 840 290 145 550 307 243 2336 529 511 1807 591 1216 145 187 61 126 79 64 47
is_linear=0
shrinkage=0.00517761


Tree=64
num_leaves=30
num_cat=0
split_feature=64 42 59 65 60 25 26 60 3 42 41 48 60 38 54 64 58 38 41 49 55 40 40 47 60 49 63 14 24
split_gain=6.1324 7.81454 7.00749 12.0935 14.4798 12.6785 11.9665 9.74772 13.8302 17.9053 9.03723 14.2735 11.5151 8.10583 10.6167 12.2084 7.06082 7.64476 14.463 9.6717 5.87653 11.6322 8.91926 9.87843 11.5663 10.963 8.86528 8.51857 8.12799
threshold=2.5500000000000003 0.31009615384615391 -74.999999999999986 6.5000000000000009 0.20550527903469076 1.5000000000000002 1.0000000180025095e-35 0.092450142450142422 94.500000000000014 0.48529411764705882 2.5500000000000003 1.0500000000000003 0.086747491638795957 95.000000000000014 35.150000000000013 69.600000000000009 -8.4999999999999982 55.000000000000007 1.0500000000000003 0.34313725490196084 0.95000000000000007 34.850000000000001 35.45000000000001 36.850000000000001 0.062114197530864161 0.37980769230769235 6.5000000000000009 1.0000000180025095e-35 1.0000000180025095e-35
decision_type=2 2 2 2 2 2 2 2 2 2 2 2 2 2 2 2 2 2 2 2 2 2 2 2 2 2 2 2 2
left_child=-1 20 13 4 5 6 -4 10 9 -9 12 -12 -5 16 15 -15 -3 19 -19 -18 21 -2 28 24 27 -25 -23 -24 -22
right_child=1 2 3 7 -6 -7 -8 8 -10 -11 11 -13 -14 14 -16 -17 17 18 -20 -21 22 26 23 25 -26 -27 -28 -29 -30
leaf_value=0.001726975700805706 -0.00038373465498376497 -0.0035848851127036779 -0.0013437816353173797 -0.00035358605347761895 -0.0070964699856119013 -0.0052530856619168557 0.0019673100075853485 -0.0073848351272257215 0.0047396337981041635 0.0015591642392706157 -0.0039849957223791824 0.0031722328834804577 -0.0080534389464037397 -0.0046016154690702539 -0.0067479448030502136 0.0041429854170812819 0.0028156037961367328 0.0062292861752415865 0.00023278213199264512 -7.3610694500161598e-05 -0.0065583631014009269 -0.0012550430246763692 -0.004633077266038615 0.00074823524455672847 0.0055072297416037599 -0.0067458103966048285 -0.00500492908705463 0.0024281227358971097 0.0019282024867041093
leaf_weight=52.271773716434836 122.67625339701772 7.3829131163656703 100.90471366420388 198.52151330001652 10.649691835045813 15.884374529123304 41.135109808295965 6.8972123004496089 30.518345233052969 43.323379322886467 9.0451727919280511 41.52086478471756 5.2812026366591445 7.2925992086529794 7.8278718553483477 10.164171699434517 48.15729158744216 23.229076471179724 20.087668970227242 87.249566823244095 8.4351498745381814 35.283723751083016 7.0046739690005806 18.392343148589138 20.015133589506149 7.2413987070322028 32.488381927832961 12.935555703938006 4.6571410261094561
leaf_count=187 703 51 563 958 84 111 174 49 83 156 56 137 39 39 65 29 155 54 78 376 96 276 54 97 64 80 353 64 28
internal_value=0 -9.18309e-05 0.00019121 -0.000140848 -0.00127174 -0.000876108 -0.000384373 0.000428164 0.00199477 0.000322605 -6.94583e-05 0.00188832 -0.000555689 0.000982226 -0.00176509 0.000486024 0.001356 0.00156139 0.00345319 0.000954768 -0.000843748 -0.00133538 0.000346311 0.00112585 0.00273359 -0.0013805 -0.00305586 -5.92077e-05 -0.00354463
internal_weight=0 984.202 715.073 503.682 168.574 157.924 142.04 335.108 80.7389 50.2206 254.369 50.566 203.803 211.391 25.2846 17.4568 186.107 178.724 43.3167 135.407 269.13 190.448 78.6814 65.5891 39.9554 25.6337 67.7721 19.9402 13.0923
internal_count=5259 5072 3257 2410 932 848 737 1478 288 205 1190 193 997 847 133 68 714 663 132 531 1815 1332 483 359 182 177 629 118 124
is_linear=0
shrinkage=0.00517761


Tree=65
num_leaves=30
num_cat=0
split_feature=11 24 41 52 18 7 56 38 49 7 47 61 7 9 54 60 38 64 40 41 58 11 31 19 39 49 65 49 13
split_gain=6.13563 9.14487 8.10618 11.6439 11.6739 14.7036 12.688 11.2499 9.917 9.64787 9.77086 16.6333 10.5554 9.10432 9.1966 12.4624 10.1147 8.52794 7.88302 7.5301 8.49705 7.44203 11.8357 9.47755 7.13963 6.94062 6.85263 5.98372 5.48979
threshold=9.5000000000000018 3.5000000000000004 1.2500000000000002 75.000000000000014 1.0000000180025095e-35 142.00000000000003 0.93541666666666667 2.5000000000000004 0.41421568627450983 1.0000000180025095e-35 35.550000000000004 0.1867399267399267 31.500000000000004 2.5000000000000004 34.350000000000001 0.17694497153700192 55.000000000000007 5.5500000000000007 40.750000000000007 0.75000000000000011 -1.4999999999999998 18.500000000000004 22.500000000000004 74.500000000000014 1.5000000000000002 0.92582417582417598 8.5000000000000018 0.71008403361344552 9.5000000000000018
decision_type=2 2 2 2 2 2 2 2 2 2 2 2 2 2 2 2 2 2 2 2 2 2 2 2 2 2 2 2 2
left_child=1 2 3 9 6 8 -5 18 -6 17 12 -12 -11 14 15 -9 -16 -1 -4 28 -21 22 -2 26 -25 -19 27 -23 -3
right_child=21 19 7 4 5 -7 -8 13 -10 10 11 -13 -14 -15 16 -17 -18 25 -20 20 -22 23 -24 24 -26 -27 -28 -29 -30
leaf_value=0.00064648050874554022 -0.005504729131406867 0.0081921720426509151 -0.0091928513020849301 -0.0057686268825216736 -0.0045425669657441136 -0.0075592270916455982 0.0032003540859638067 -0.00036296840906086111 0.0032040134427420439 0.0011539013807165203 0.00051186657161973465 -0.0035624832049975436 -0.00072564798636756656 0.0073777555979219643 0.0004138453373933301 -0.0092742211680187925 0.0025251603516704738 -0.0051095410558841849 -0.0002951046362459758 0.0039549323145359706 -0.0049277359905436852 -0.0037668122246999349 0.0043274609315941508 0.0023767268248154343 -0.0076277020752013557 0.0027559101152196692 0.0054231740209763277 0.0044059901736248205 0.0022280552175586998
leaf_weight=15.349785570055245 19.700845414772633 8.2772581651806885 5.1552286148071271 29.708277450874448 5.5992926955223146 5.7922130525112143 4.8837592862546435 83.506459526717663 20.300021909177303 235.88897627219558 61.988601300865412 47.312407828867435 121.20549095235765 5.4007892161607733 184.21766131557524 4.3647167831659308 90.780292708426714 24.552647801116112 5.4729954078793526 6.0609663128852862 5.3931131213903392 6.4960979446768814 3.8835760317742816 2.78652151301503 5.849001731723547 3.3828762769699088 8.8695886787027103 3.7227060869336128 8.3482186533510667
leaf_count=69 161 15 30 245 48 53 20 418 72 1024 338 326 734 10 834 31 336 183 31 20 31 54 15 14 62 14 28 11 32
internal_value=0 9.11619e-05 5.41754e-06 -0.00038149 -0.00242176 -0.000150099 -0.00449853 0.000593536 0.00152173 -0.000115865 0.000101276 -0.00125281 0.000515911 0.000745443 0.000645389 -0.00081231 0.00111128 -0.00245225 -0.00464163 0.0029999 -0.000231253 -0.00174431 -0.00387789 7.54217e-05 -0.00440531 -0.00415262 0.00211098 -0.000779752 0.00521841
internal_weight=0 982.942 954.862 575.964 66.2836 31.6915 34.592 378.898 25.8993 509.681 466.395 109.301 357.094 368.27 362.869 87.8712 274.998 43.2853 10.6282 28.0796 11.4541 51.3083 23.5844 27.7239 8.63552 27.9355 19.0884 10.2188 16.6255
internal_count=5259 4914 4816 3126 438 173 265 1690 120 2688 2422 664 1758 1629 1619 449 1170 266 61 98 51 345 176 169 76 197 93 65 47
is_linear=0
shrinkage=0.00517761


Tree=66
num_leaves=30
num_cat=0
split_feature=11 24 30 41 64 1 17 45 49 19 39 1 60 61 0 58 38 3 41 49 46 62 64 42 53 9 14 60 61
split_gain=6.18325 9.46304 8.24473 8.44722 11.233 10.8845 12.6631 10.3664 11.8077 13.055 10.1152 7.13639 6.90601 7.98022 10.5106 7.18476 8.8307 6.90364 6.45996 6.41858 7.09568 5.76627 5.25883 5.14089 3.51817 2.87809 0.908237 0.523559 0.285079
threshold=9.5000000000000018 3.5000000000000004 2.5000000000000004 2.1500000000000008 2.5500000000000003 46.000000000000007 1.5000000000000002 3.5000000000000004 0.4330357142857143 36.500000000000007 12.500000000000002 41.000000000000007 0.17257053291536054 0.28637566137566139 25.500000000000004 -1.4999999999999998 10.500000000000002 13.500000000000002 0.75000000000000011 0.4494949494949495 4.5000000000000009 4.5000000000000009 8.0500000000000025 0.80625000000000013 4.5000000000000009 4.5000000000000009 4.5000000000000009 0.023532668881506052 0.39602987421383651
decision_type=2 2 2 2 2 2 2 2 2 2 2 2 2 2 2 2 2 2 2 2 2 2 2 2 2 2 2 2 2
left_child=1 2 3 4 18 6 -6 10 17 -10 23 22 13 14 19 16 -16 -9 21 -2 -21 -1 -3 -5 -4 28 -17 -12 -15
right_child=12 11 24 7 5 -7 -8 8 9 -11 27 -13 -14 25 15 26 -18 -19 -20 20 -22 -23 -24 -25 -26 -27 -28 -29 -30
leaf_value=-0.0022666821410260375 -0.0034675867828224695 0.0076760635517512483 0.0049988072348720776 -0.0029475962215377086 -0.00022546677033116581 0.0042703771433902898 -0.0020428547123152066 0.00063097988959284616 -0.00044639610125357714 0.0056986015406897024 -0.0059334586022074089 -0.00093582814655965719 0.0035497702206768672 -0.0091169835651311332 0.0051093192794165803 -0.0049763028510823376 -0.0055186154122854819 0.0041173495072956683 0.005357470691523647 0.0077512740008963583 -0.00015907509848281232 0.0025633718210068381 0.0022842580593335268 0.0037835500658173647 0.00033839097542743191 -0.0022975233547109929 -0.0085379097096083892 -0.0091529172651402101 -0.0064887241212911876
leaf_weight=9.9007282033562678 4.6061033234000233 8.9370760302990728 12.363467857241632 6.5654863640666026 565.68381111510098 12.693336781114338 125.54149211198092 22.733659915626049 89.906843885779381 10.266344659030436 3.2209678515791884 8.4020885042846185 5.7402597591280928 4.4919826760888082 3.8773953169584257 3.5284855477511901 4.4075012505054474 46.232233501970768 12.690655939280985 5.8321389779448491 6.2648327425122261 19.719760321080685 10.6967193223536 5.552790105342865 6.693489395081996 3.302351200953126 5.5648208968341351 3.6206242181360722 2.7846830859780312
leaf_count=49 39 18 35 38 2922 35 848 98 426 25 22 39 25 39 19 27 41 146 29 11 37 65 41 15 31 25 61 32 21
internal_value=0 9.08798e-05 3.5895e-06 -6.5281e-05 -0.000312465 -0.000468289 -0.000555715 0.000915091 0.00132227 0.000186671 -0.00270902 0.00305208 -0.00176745 -0.00245524 -0.00123009 -0.00404197 -0.000542943 0.0029699 0.00227648 0.00169954 0.0036756 0.000947278 0.00475635 0.000140077 0.00336902 -0.00636952 -0.0072024 -0.00770933 -0.00817943
internal_weight=0 981.422 953.386 934.329 746.23 703.919 691.225 188.099 169.139 100.173 18.9599 28.0359 50.4006 44.6603 34.0813 17.3782 8.2849 68.9659 42.3111 16.7031 12.097 29.6205 19.6338 12.1183 19.057 10.579 9.09331 6.84159 7.27667
internal_count=5259 4914 4816 4750 3948 3805 3770 802 695 451 107 98 345 320 235 148 60 244 143 87 48 114 59 53 66 85 88 54 60
is_linear=0
shrinkage=0.00517761


Tree=67
num_leaves=30
num_cat=0
split_feature=42 59 60 60 56 61 59 47 49 47 48 1 39 54 41 40 0 0 38 40 48 41 58 39 65 56 45 7 63
split_gain=5.79006 12.3886 9.11958 12.2153 11.7741 13.1427 12.6662 10.7113 10.4771 9.9203 11.1664 12.8665 12.7126 8.99755 8.90428 12.4982 12.1854 11.7725 11.4335 10.6427 10.5189 9.53562 9.00432 12.8208 12.37 8.97693 8.97375 8.80661 8.53537
threshold=0.63961038961038974 -949.99999999999989 0.057307060755336557 0.048583792289535757 0.4494949494949495 0.1843382728666326 -1.0000000180025095e-35 37.550000000000004 0.26969696969696971 37.850000000000001 0.95000000000000007 12.500000000000002 11.500000000000002 40.650000000000013 4.3500000000000005 39.050000000000004 1.5000000000000002 4.5000000000000009 6.5000000000000009 35.150000000000013 1.9500000000000002 1.6500000000000001 -4.4999999999999991 13.500000000000002 8.5000000000000018 0.2264957264957265 11.500000000000002 2.5000000000000004 6.5000000000000009
decision_type=2 2 2 2 2 2 2 2 2 2 2 2 2 2 2 2 2 2 2 2 2 2 2 2 2 2 2 2 2
left_child=2 -2 3 13 5 27 7 -7 -6 10 12 -12 -10 28 15 16 19 18 -17 25 -21 -19 23 -18 -24 -3 -23 -4 -1
right_child=1 14 4 -5 8 6 -8 -9 9 -11 11 -13 -14 -15 -16 17 22 21 -20 20 -22 26 24 -25 -26 -27 -28 -29 -30
leaf_value=0.00041811497224922365 0.004850756588301643 0.0027645582927151571 -0.0044506144455989938 -0.0048771047286244543 0.0040714973906396104 0.00066865597213799954 -0.0024721356048766525 -0.0069479134770653169 0.0002047948294038153 -0.0059407121826891406 0.00054197049715649871 0.0064967481994337023 -0.0090904119957882293 -0.0074995003447953495 -0.0037141543329650682 -0.0017380475488972167 -0.0051576952330987672 0.0040752396704705233 0.0047868363453801681 -0.0051998905663885129 0.00025402888861721432 0.00098354443580369179 -0.00023188766652922316 0.0033124579233573537 0.0024686774460811541 -0.0015758438296931535 -0.0084862249012158386 0.0030786844632886517 -0.0014535314204557706
leaf_weight=124.48838452994823 16.648205649107695 20.087343502789736 4.6468468382954589 20.091027783229947 32.559341268613935 91.24597992002964 86.521213538944721 5.1673183664679518 37.647825138643384 5.6852459497749797 23.070733912289143 16.771678119897842 4.3393646180629721 5.0464969277381888 14.218080442398785 8.6263130232691747 14.731063079088928 5.6267992034554508 42.53824595361948 29.023682285100222 14.051444023847578 4.8749084249138814 92.174526950344443 7.028922587633132 89.643698189407587 34.819793164730072 5.862830363214016 36.109320186078548 137.29510114341974
leaf_count=654 38 77 37 159 112 418 597 39 189 44 118 40 37 46 80 48 114 19 115 183 62 18 406 25 313 187 40 151 893
internal_value=0 0.000487278 -0.000309031 -0.000990417 0.000259749 -0.000442283 -0.00103476 0.000255903 0.00156716 0.000633002 0.00109422 0.00305538 -0.000768521 -0.000696612 0.000296941 0.000452109 1.04596e-06 0.00246434 0.00368582 -0.00149856 -0.00342299 -0.00135381 0.000723086 -0.00241967 0.00109998 1.33758e-05 -0.00420677 0.00221427 -0.000563588
internal_weight=0 399.956 630.686 286.921 343.765 223.691 182.935 96.4133 120.074 87.5148 81.8296 39.8424 41.9872 266.83 383.308 369.09 301.56 67.5291 51.1646 97.9823 43.0751 16.3645 203.578 21.76 181.818 54.9071 10.7377 40.7562 261.783
internal_count=5259 1725 3534 1752 1782 1242 1054 457 540 428 384 158 226 1593 1687 1607 1367 240 163 509 245 77 858 139 719 264 58 188 1547
is_linear=0
shrinkage=0.00517761


Tree=68
num_leaves=21
num_cat=0
split_feature=54 54 1 54 58 61 64 57 64 46 13 61 58 38 14 47 41 49 18 60
split_gain=6.10069 6.88381 13.5031 8.14981 7.89353 14.6312 12.5218 12.3022 9.20865 8.66766 8.28122 7.87295 12.4671 10.4086 9.43547 8.70094 5.23998 2.92072 1.11743 0.440296
threshold=43.900000000000006 40.550000000000004 20.500000000000004 40.45000000000001 -1.0000000180025095e-35 0.077524038461538464 130.25000000000003 -6.7499999999999991 137.20000000000002 16.500000000000004 1.5000000000000002 0.46042188805346701 7.5000000000000009 5.5000000000000009 11.500000000000002 34.650000000000013 0.75000000000000011 0.20714285714285713 1.0000000180025095e-35 0.047338935574229656
decision_type=2 2 2 2 2 2 2 2 2 2 2 2 2 2 2 2 2 2 2 2
left_child=1 3 17 4 5 9 7 -7 -8 10 -1 14 13 -13 15 -6 -16 -3 -14 -19
right_child=-2 2 -4 -5 11 6 8 -9 -10 -11 -12 12 18 -15 16 -17 -18 19 -20 -21
leaf_value=-0.004341498339227888 0.00502011652184217 -0.0024261846226307209 0.0056050995251900066 0.0057833096254894323 0.001284847991299702 0.0054640427315643357 0.0077974269054853721 -0.00065354720424480703 0.0014161645207818869 0.0045125675644632048 -0.00066372273232380658 -0.0065852017377056593 -0.0091376370463803914 0.0013588895720268112 0.0050974111119190283 -0.0001306717652866187 0.00016019495365894641 -0.0091212475832582098 -0.005103938413966962 -0.0061896652958828343
leaf_weight=46.136014962568879 6.3826044090092173 3.8304453790187818 3.31065859645605 6.4686066992580882 183.01752319186926 9.0093518756329996 7.1254228055477133 303.9150952026248 38.955521207302809 4.2682022787630549 25.503660993650556 5.4898071140050915 4.8057927265763265 21.587183168157935 18.236531220376495 319.61855522170663 8.4206272102892381 4.6014576405286789 3.5384169295430183 3.0632556229829788
leaf_count=354 16 28 8 17 797 26 16 1683 171 14 159 35 33 92 46 1635 41 41 21 26
internal_value=0 -3.17086e-05 -0.00352853 1.99743e-05 -1.76952e-05 -0.00054193 -0.00010506 -0.000476282 0.00241277 -0.00260614 -0.00303411 0.00038605 -0.00197488 -0.000263683 0.000544284 0.000384831 0.00354227 -0.00617655 -0.00748135 -0.0080133
internal_weight=0 1020.9 14.8058 1006.1 999.628 434.913 359.005 312.924 46.0809 75.9079 71.6397 564.714 35.4212 27.077 529.293 502.636 26.6572 11.4952 8.34421 7.66471
internal_count=5259 5243 103 5140 5123 2423 1896 1709 187 527 513 2700 181 127 2519 2432 87 95 54 67
is_linear=0
shrinkage=0.00517761


Tree=69
num_leaves=16
num_cat=0
split_feature=59 54 54 1 54 58 61 64 46 57 42 54 40 49 60
split_gain=5.5865 6.25853 5.86824 12.9985 7.65088 7.2777 14.1316 13.1498 8.37824 7.21406 11.1577 8.73856 4.38345 2.92011 0.524119
threshold=590.00000000000011 43.900000000000006 40.550000000000004 20.500000000000004 40.45000000000001 -1.0000000180025095e-35 0.077524038461538464 130.25000000000003 16.500000000000004 -4.2499999999999991 0.74166666666666681 32.650000000000013 36.750000000000007 0.20714285714285713 0.047338935574229656
decision_type=2 2 2 2 2 2 2 2 2 2 2 2 2 2 2
left_child=1 2 4 13 5 6 8 -8 -1 10 -7 -11 -2 -4 -15
right_child=12 -3 3 -5 -6 9 7 -9 -10 11 -12 -13 -14 14 -16
leaf_value=-0.0029655713775769391 8.5602744864598913e-05 0.0051837129761980209 -0.0020318393053447123 0.0057364293114378784 0.0056225743890064885 -0.0038964292270279909 -0.0004504326416854344 0.0025001526665681078 0.0045528304031208057 0.0027001772706132638 0.00142762983319634 0.00035658108348132842 -0.0080712237960232341 -0.0091492944818633657 -0.005959816133432507
leaf_weight=70.450408842414618 3.1059580557048312 6.2167236953973761 3.3533538430929166 3.1930877491831771 6.4873571172356597 24.760883325710893 311.66431951150298 46.469861529767513 4.1524470597505561 46.850114494562149 18.303666293621063 469.73308785445988 4.0201168060302734 4.3149231374263763 2.9696204960346222
leaf_count=508 19 14 25 7 17 183 1703 183 13 177 68 2235 43 38 26
internal_value=0 3.20948e-05 1.28586e-07 -0.00334121 4.66183e-05 9.78976e-06 -0.000494397 -6.71721e-05 -0.00254336 0.000399664 -0.00163471 0.000569456 -0.00454716 -0.00608508 -0.00791513
internal_weight=0 1018.92 1012.7 13.831 998.872 992.385 432.737 358.134 74.6029 559.648 43.0645 516.583 7.12607 10.6379 7.28454
internal_count=5259 5197 5183 96 5087 5070 2407 1886 521 2663 251 2412 62 89 64
is_linear=0
shrinkage=0.00517761


Tree=70
num_leaves=30
num_cat=0
split_feature=64 32 42 59 65 60 25 53 7 12 3 58 31 61 27 40 48 24 14 7 4 63 11 60 27 1 0 49 49
split_gain=5.72003 8.04239 7.45015 7.18704 10.1166 13.5435 12.22 8.87244 16.6925 10.9603 8.40366 18.5434 10.0817 6.88175 6.84133 7.20585 7.03912 6.07825 9.61478 5.94255 10.4534 7.3131 4.83305 4.61768 4.46268 6.53947 4.89779 8.88128 2.57008
threshold=2.5500000000000003 1.0000000180025095e-35 0.31009615384615391 -74.999999999999986 6.5000000000000009 0.20550527903469076 1.5000000000000002 6.5000000000000009 51.500000000000007 1.0000000180025095e-35 4.5000000000000009 9.5000000000000018 2.5000000000000004 0.22611077297626292 22.500000000000004 34.850000000000001 5.6500000000000012 2.5000000000000004 1.5000000000000002 189.00000000000003 6.5000000000000009 5.5000000000000009 6.5000000000000009 0.13221420643729193 1.0000000180025095e-35 1.0000000180025095e-35 5.5000000000000009 0.13809523809523808 0.31009615384615391
decision_type=2 2 2 2 2 2 2 2 2 2 2 2 2 2 2 2 2 2 2 2 2 2 2 2 2 2 2 2 2
left_child=22 2 14 7 5 6 -5 17 9 -9 11 -6 -12 -10 16 -16 19 18 -4 20 -2 -21 24 -3 25 -1 -26 -28 -7
right_child=1 23 3 4 10 28 -8 8 13 -11 12 -13 -14 -15 15 -17 -18 -19 -20 21 -22 -23 -24 -25 26 -27 27 -29 -30
leaf_value=0.0024604522452910597 -0.00085895298841535386 -0.0069642323826334777 0.0026088402528946365 -0.00030188138400113953 -0.0038023093938021036 -0.003082048389520759 -0.0052970220855272651 -0.0047192576892889603 0.00067172856981594217 3.4080003423876958e-05 0.0013779986239639557 0.0030797703498150536 -0.0008150215926996517 0.0052134353067103713 0.0064577293220881042 -0.0015437385596574434 0.0045339781500054648 0.0059947280845441507 -0.00086401365204176418 -0.0048528106576145019 -0.0038390909929219173 0.0024610008466487521 -0.0022775162390461785 0.00079777557429944028 0.0055742517912480728 -0.0044931485548374119 0.0054400785272209493 -0.0028165795721796136 -0.0088122917763733058
leaf_weight=10.689288461580874 183.27952949330211 7.018990356475113 76.950056042522192 139.77993824332952 32.397435918450356 3.1882049702107889 14.425564838573335 22.994893446564674 22.479969788342714 29.812475271522999 201.94025161117315 15.450796190649269 77.800778560340405 14.816075861454008 6.9046562984585744 5.2809081710875034 6.0336791500449172 9.323699187487362 29.538215719163418 4.3400302864611175 38.06880160048604 21.779418375343084 7.1094808503985396 2.8743880353868008 14.910038769245149 5.4031310304999343 6.8810668960213643 6.9624222218990326 6.7110009752213955
leaf_count=38 1223 79 243 723 221 24 101 178 96 126 772 59 404 36 19 38 16 23 121 39 340 115 32 18 37 27 18 35 58
internal_value=0 -8.941e-05 -4.15443e-05 0.000239458 -0.000100648 -0.00114971 -0.000771271 0.00105138 -0.000167065 -0.00203897 0.000424983 -0.0015787 0.000768014 0.00248213 -0.000779263 0.00300005 -0.000961687 0.00199894 0.00164553 -0.00109688 -0.00137251 0.00123634 0.00167275 -0.00471822 0.00230154 0.000116568 0.00352113 0.00129345 -0.00700002
internal_weight=0 973.19 963.296 697.609 491.694 164.105 154.206 205.915 90.1034 52.8074 327.589 47.8482 279.741 37.296 265.687 12.1856 253.501 115.812 106.488 247.468 221.348 26.1194 51.9554 9.89338 44.8459 16.0924 28.7535 13.8435 9.89921
internal_count=5259 5072 4975 3185 2362 906 824 823 436 304 1456 280 1176 132 1790 57 1733 387 364 1717 1563 154 187 97 155 65 90 53 82
is_linear=0
shrinkage=0.00517761


Tree=71
num_leaves=25
num_cat=0
split_feature=27 24 31 30 58 47 41 42 19 49 46 49 56 7 7 6 60 60 4 40 42 54 63 0
split_gain=5.69708 8.47109 11.1595 5.94168 8.12339 8.38644 6.59111 10.4357 12.1137 10.8507 9.86088 14.2392 11.2165 9.30716 17.4493 16.5788 15.6833 10.9939 9.99681 5.98417 4.50125 4.2679 4.18129 2.10584
threshold=31.000000000000004 3.5000000000000004 7.5000000000000009 2.5000000000000004 5.5000000000000009 34.050000000000004 1.4500000000000002 0.63961038961038974 36.500000000000007 0.60555555555555574 11.500000000000002 0.62019230769230782 0.14835164835164832 2.5000000000000004 5.5000000000000009 1.5000000000000002 0.12135372415746247 0.072949002217294862 1.5000000000000002 37.050000000000004 0.78174603174603186 36.650000000000013 8.5000000000000018 48.000000000000007
decision_type=2 2 2 2 2 2 2 2 2 2 2 2 2 2 2 2 2 2 2 2 2 2 2 2
left_child=1 3 22 6 5 -5 13 8 9 -8 11 -9 -12 15 18 17 -16 -1 -15 -10 -4 -7 -3 -2
right_child=23 2 20 4 -6 21 7 10 19 -11 12 -13 -14 14 16 -17 -18 -19 -20 -21 -22 -23 -24 -25
leaf_value=-0.0006797274213112632 -0.0017131637282070207 0.0061021313743135699 -0.0076425867729553358 0.0035794702262224895 0.0063742596106822463 -0.0073153097588670611 -6.2108109076849829e-05 0.001924366525655934 0.0066934053585938676 -0.0032499734850717876 -0.0039314143949579407 -0.0022998782916275567 0.0033018921525593608 0.0012077662876708911 -0.0010516791051632761 0.007952842611749486 0.0013167515127674506 -0.0039183121575911114 0.0058731868040901502 0.00051458497318363394 0.0015385908305182105 0.00083399786892130129 0.0015700107552087839 -0.0081476931974187906
leaf_weight=63.285063218325377 2.5692447721958152 14.352611556649213 3.2229664362967005 8.7621989138424414 8.939672037959097 4.1339762024581423 100.81827087700367 52.423911888152361 8.5537542104721087 39.908720638602972 6.1893762946128836 36.04064067825675 71.991560313850641 66.927035588771105 342.66548908501863 4.4922214224934569 95.866723921149969 50.530921312049031 15.03948240727186 8.2256976440548879 2.4998120591044426 2.8980518504977226 8.8806834891438466 2.9557491801679134
leaf_count=369 23 36 41 32 19 40 521 196 21 260 37 176 223 299 2039 8 434 321 35 43 14 15 32 25
internal_value=0 2.86626e-05 0.00278572 -5.23414e-05 0.00244994 0.000211076 -0.000116783 0.000484481 -0.000470985 -0.000967294 0.00138741 0.000202907 0.00272634 -0.000421911 -0.000123861 -0.00173234 -0.000533788 -0.00211905 0.0020679 0.00367863 -0.0036594 -0.00397957 0.00437938 -0.00521212
internal_weight=0 1016.65 28.9561 987.693 24.7339 15.7942 962.959 324.152 157.506 140.727 166.645 88.4646 78.1809 638.807 520.499 118.308 438.532 113.816 81.9665 16.7795 5.72278 7.03203 23.2333 5.52499
internal_count=5259 5211 123 5088 106 87 4982 1477 845 781 632 372 260 3505 2807 698 2473 690 334 64 55 55 68 48
is_linear=0
shrinkage=0.00517761


Tree=72
num_leaves=30
num_cat=0
split_feature=64 32 42 53 46 64 61 64 41 18 57 52 52 56 7 55 40 40 63 27 24 47 49 60 55 1 11 60 38
split_gain=5.57561 7.606 7.45055 6.90673 11.0576 9.0905 12.2003 8.92799 8.79279 8.629 7.8184 7.97818 12.7893 8.93442 6.43045 6.31536 12.3203 9.56179 9.29934 8.30449 7.95122 7.80075 11.6573 9.95608 7.38389 6.36852 4.90017 4.63706 4.30968
threshold=2.5500000000000003 1.0000000180025095e-35 0.31009615384615391 10.500000000000002 8.5000000000000018 16.050000000000004 0.48187294633077771 22.350000000000005 0.45000000000000007 1.0000000180025095e-35 3.7500000000000004 45.000000000000007 55.000000000000007 0.94281045751633996 76.500000000000014 0.95000000000000007 34.850000000000001 35.45000000000001 6.5000000000000009 22.500000000000004 1.0000000180025095e-35 36.850000000000001 0.37980769230769235 0.058481532147742807 0.35000000000000003 16.500000000000004 6.5000000000000009 0.13221420643729193 45.000000000000007
decision_type=2 2 2 2 2 2 2 2 2 2 2 2 2 2 2 2 2 2 2 2 2 2 2 2 2 2 2 2 2
left_child=26 2 15 10 8 6 -6 -7 28 -10 11 13 -13 -4 -12 16 19 20 24 25 -17 23 -23 -19 -18 -2 -1 -3 -5
right_child=1 27 3 4 5 7 -8 -9 9 -11 14 12 -14 -15 -16 17 18 21 -20 -21 -22 22 -24 -25 -26 -27 -28 -29 -30
leaf_value=0.002293792659807108 -0.00010264961321573478 -0.0069674317047933214 0.00017335388334198911 -0.0026606299769784212 -0.0057448269349277183 0.004879930608013925 0.0048286785043370707 7.6637816981328338e-05 -0.0078740405385835394 -0.0019796422811588915 0.0003946778813680995 0.0042121811821144847 0.00059967000178236143 -0.0041009298909042841 0.0073030086897539603 -0.0066463766648204555 0.00060734934728734935 -0.0001907889817697252 -0.0051032984733806281 0.0056261716870025747 0.0018912798899955105 0.0012086495067902062 -0.0067774799020876055 0.0050322207231160935 -0.0043454472723237735 -0.0034523341511689034 -0.0023277230356759482 0.00083414107328083989 0.0040437151610386423
leaf_weight=44.513346644118428 98.527274578809738 6.7730392515659315 352.55915771797299 4.7611755952239019 13.481374856084587 11.493956554681061 3.6760038547217837 101.12848666682839 12.431545628234746 14.385012378916143 6.4741197228431693 34.208870764821768 112.6590264365077 13.549937218427656 8.1321655213832837 8.1724781766533834 21.82496739551425 17.619854409247637 31.780327053740621 5.9337395951151839 4.4944461509585372 17.527009395882491 6.7268978431820861 21.914612330496311 12.723157363012431 17.930161487311125 7.0788628831505767 2.8917006887495518 5.4360259622335434
leaf_count=155 548 79 1618 31 100 32 13 472 93 81 33 104 493 83 16 96 149 110 352 18 25 95 77 70 122 128 32 18 16
internal_value=0 -8.83325e-05 -4.21364e-05 0.000239804 -0.000678386 3.39994e-05 -0.00346927 0.000569474 -0.00317194 -0.004725 0.000530145 0.000423485 0.00144266 1.44329e-05 0.0042569 -0.00078031 -0.00128877 0.000474703 -0.00308461 -0.000314342 -0.00362256 0.00129132 -0.00101852 0.00270785 -0.0012213 -0.000620091 0.00165741 -0.00464284 0.000915891
internal_weight=0 969.217 959.552 694.377 166.794 129.78 17.1574 112.622 37.0138 26.8166 527.583 512.977 146.868 366.109 14.6063 265.175 188.72 76.4553 66.3285 122.391 12.6669 63.7884 24.2539 39.5345 34.5481 116.457 51.5922 9.66474 10.1972
internal_count=5259 5072 4975 3185 838 617 113 504 221 174 2347 2298 597 1701 49 1790 1317 473 623 694 121 352 172 180 271 676 187 97 47
is_linear=0
shrinkage=0.00517761


Tree=73
num_leaves=30
num_cat=0
split_feature=2 59 5 64 42 46 7 12 64 40 62 23 6 4 55 64 58 57 61 60 49 2 14 20 39 38 52 4 49
split_gain=5.41813 15.7443 12.8892 11.0388 13.9465 18.6404 10.564 9.89877 9.70227 14.6713 8.45945 8.26619 10.1244 12.3997 8.01585 10.7387 7.13027 11.5962 10.9264 14.7005 17.7983 8.28984 25.3924 7.92768 7.65099 7.03444 17.9693 12.5538 12.1042
threshold=1.0000000180025095e-35 335.00000000000006 20.500000000000004 24.550000000000004 0.63961038961038974 5.5000000000000009 16.500000000000004 1.0000000180025095e-35 7.4500000000000011 34.250000000000007 6.5000000000000009 1.0000000180025095e-35 14.500000000000002 13.500000000000002 2.3500000000000001 219.95000000000002 -4.4999999999999991 2.7500000000000004 0.40990259740259744 0.11410488245931276 0.59411764705882364 32.500000000000007 3.5000000000000004 1.0000000180025095e-35 5.5000000000000009 55.000000000000007 35.000000000000007 5.5000000000000009 0.25833333333333336
decision_type=2 2 2 2 2 2 2 2 2 2 2 2 2 2 2 2 2 2 2 2 2 2 2 2 2 2 2 2 2
left_child=1 2 3 7 5 6 -5 8 9 -1 -4 12 13 25 15 -6 17 -13 19 21 -21 22 -18 -20 -23 26 27 -2 -27
right_child=11 -3 10 4 14 -7 -8 -9 -10 -11 -12 16 -14 -15 -16 -17 18 -19 23 20 -22 24 -24 -25 -26 28 -28 -29 -30
leaf_value=-0.0042546653867357228 0.00095976591304978683 -0.0065120293463139358 0.00023938176636103365 0.0028786462213603267 0.0020790798487939628 -0.0044298232165475519 -0.0040456685185643699 -0.0080169273329323935 -0.0034520265806752067 0.0021637548366258124 0.007350471355709382 -0.0054056683350227315 -0.002723816194525244 0.0058580755800740746 0.0052668142511736703 -0.0051761749428170896 0.00026689136624676068 0.0038594291636292991 -0.0064198561316265107 -0.0010816165466755265 0.0060010088006476545 0.004539740867842929 -0.0049577054124200466 0.00024827651310219985 -0.0021666253558705654 -0.0010187570656858482 -0.0030451439405327465 -0.0022191915173956963 0.0023589404900566532
leaf_weight=14.054280351847408 289.13967104628682 11.741035863757132 8.8888619989156723 25.21955843269825 34.562939647585154 28.942539464682341 7.6438776291906825 6.9430700447410336 39.777305150404572 29.410865522921085 8.9978610798716545 17.060499999672178 24.185683317482471 12.128376781940458 15.84282525628805 6.4297731257975093 89.312773386016488 4.5403157807886592 12.691437974572183 16.849873960018158 21.71832911670208 13.87948374822736 34.527905330061913 7.633113268762826 6.7268456555902949 37.884200593456626 40.868953002616763 37.571182232350111 113.63673393428326
leaf_count=93 1247 117 45 107 137 251 66 57 285 149 18 153 165 36 40 39 470 21 95 98 51 46 275 42 45 196 263 231 421
internal_value=0 -0.000682937 -0.000379225 -0.000740952 0.000296947 -0.00140462 0.00126303 -0.00210561 -0.00160652 8.49493e-05 0.0038308 0.000208727 0.000547843 0.000697125 0.0021469 0.000934445 -0.000628498 -0.00345213 -0.000327492 7.30047e-05 0.00291002 -0.000685443 -0.0011916 -0.00392262 0.00235029 0.000575802 0.000188718 0.0005938 0.00151432
internal_weight=0 238.455 226.714 208.827 118.642 61.806 32.8634 90.1855 83.2425 43.4651 17.8867 780.355 555.415 531.229 56.8355 40.9927 224.941 21.6008 203.34 183.015 38.5682 144.447 123.841 20.3246 20.6063 519.101 367.58 326.711 151.521
internal_count=5259 1404 1287 1224 640 424 173 584 527 242 63 3855 2559 2394 216 176 1296 174 1122 985 149 836 745 137 91 2358 1741 1478 617
is_linear=0
shrinkage=0.00517761


Tree=74
num_leaves=26
num_cat=0
split_feature=48 15 47 2 59 17 23 65 64 63 47 18 40 45 35 62 39 42 55 64 62 54 49 46 45
split_gain=5.69805 8.04116 7.79612 7.33585 14.3417 11.1184 8.17811 10.769 13.5075 10.1027 13.3239 8.69128 12.0993 11.7151 9.18673 8.93404 8.0387 6.75751 17.7868 11.9458 5.57163 3.26559 0.861403 0.613469 0.342369
threshold=5.6500000000000012 7.5000000000000009 41.150000000000013 1.0000000180025095e-35 335.00000000000006 13.000000000000002 1.0000000180025095e-35 14.500000000000002 419.10000000000008 9.5000000000000018 37.350000000000001 1.5000000000000002 33.550000000000004 125.00000000000001 2.5000000000000004 1.5000000000000002 4.5000000000000009 0.63961038961038974 0.55000000000000016 24.550000000000004 1.5000000000000002 38.250000000000007 0.31009615384615391 4.5000000000000009 8.5000000000000018
decision_type=2 2 2 2 2 2 2 2 2 2 2 2 2 2 2 2 2 2 2 2 2 2 2 2 2
left_child=2 -2 3 4 5 17 7 8 16 20 -11 12 23 15 -14 -13 -5 18 -1 -19 -9 -4 -6 -8 -24
right_child=1 -3 21 6 22 -7 11 9 -10 10 -12 13 14 -15 -16 -17 -18 19 -20 -21 -22 -23 24 -25 -26
leaf_value=-0.00022604808283932794 0.0044766468087877008 -0.0021368670074353984 -0.0086716254825187945 -0.00031543448553026824 -0.004754294538447815 0.0056292976634659464 -0.0091989534225325967 -7.9470645120250619e-05 0.0081440540303170696 -0.0035517033480484319 0.0045253844971240836 0.0037399212410011932 -0.0016071433643388448 0.0053983907851708037 0.0057362324528149088 -0.00075132461902289289 0.001107446054274868 -0.0028266395279883489 -0.0043809035365979963 0.0018247053479061085 -0.0071638305909794836 -0.0021310823107535144 -0.0056025064677638426 -0.0059687779598531698 -0.0087245127098334301
leaf_weight=92.123205145820975 16.534502062946562 6.9614317305386058 3.6313845776021463 154.09725764580071 4.5177106074988824 7.4747046306729308 4.507810588926076 4.0267899930477133 6.4973029047250739 11.899341210722925 10.027136132121084 13.477097723633049 86.169309057295322 10.971034120768307 4.757977206259965 96.230985159054399 343.89403812400997 20.653046987950802 39.390163253992796 51.767754878848791 11.372117660939692 4.7218068912625313 1.8833445422351358 3.4055891335010529 4.5029742456972599
leaf_count=543 43 36 43 798 40 20 40 25 9 84 33 59 506 32 12 595 1432 122 346 203 100 35 21 31 51
internal_value=0 0.00251645 -5.9767e-05 -1.72967e-05 -0.000844605 -0.000544877 0.000224326 0.000565886 0.00076452 -0.0021153 0.000144263 -0.000618595 -0.00175644 0.000313745 -0.00121893 -0.000197627 0.000667159 -0.000772955 -0.00147211 0.000496786 -0.00531989 -0.00502088 -0.00661695 -0.0078705 -0.00787153
internal_weight=0 23.4959 992 983.647 222.313 211.409 761.334 541.814 504.489 37.3254 21.9265 219.52 98.8407 120.679 90.9273 109.708 497.991 203.934 131.513 72.4208 15.3989 8.35319 10.904 7.9134 6.38632
internal_count=5259 79 5180 5102 1346 1234 3756 2481 2239 242 117 1275 589 686 518 654 2230 1214 889 325 125 78 112 71 72
is_linear=0
shrinkage=0.00517761


Tree=75
num_leaves=19
num_cat=0
split_feature=59 48 47 2 59 17 23 6 4 4 49 24 1 56 58 40 53 56
split_gain=5.31835 5.69856 7.7433 6.6667 12.3491 11.3948 7.9192 9.76164 14.2758 7.6225 8.66625 7.18873 6.64789 6.49827 5.46123 3.9491 3.40045 1.25665
threshold=590.00000000000011 5.6500000000000012 41.150000000000013 1.0000000180025095e-35 335.00000000000006 13.000000000000002 1.0000000180025095e-35 14.500000000000002 13.500000000000002 1.0000000180025095e-35 0.59411764705882364 2.5000000000000004 1.5000000000000002 0.65686274509803932 7.5000000000000009 36.750000000000007 8.5000000000000018 0.17156862745098037
decision_type=2 2 2 2 2 2 2 2 2 2 2 2 2 2 2 2 2 2
left_child=1 2 3 4 5 13 7 8 -5 11 -11 -8 -3 -1 -9 -2 -4 -6
right_child=15 12 16 6 17 -7 9 14 -10 10 -12 -13 -14 -15 -16 -17 -18 -19
leaf_value=-0.0013534767829532666 -7.5931405531856971e-05 0.0047895651107288367 -0.0016246602665094152 0.00059966556787762414 -0.0040868205070159185 0.0056249098305360089 -0.0049174336361506475 -0.0040669712260911848 0.0064053236815022428 -0.0011757387217741591 0.0010456160361548674 0.002149196090646835 -0.00087593322340406745 0.00068640554691570366 0.0015899197614486918 -0.0079287181402905894 -0.0084277900587257336 -0.008235063424398793
leaf_weight=144.2724600341171 3.049543932080268 14.062538098543884 3.8987943697720757 503.3073420189321 3.3645923696458322 7.7091215848922721 18.019102223217491 18.001587182283405 11.551425263285635 113.84724207781255 80.18535491079092 4.8635203167796126 9.114870969206093 58.916000438854098 6.084296226501464 3.8699109330773354 4.0015311166644096 5.5798409413546324
leaf_count=925 19 35 28 2262 28 20 134 136 32 722 388 19 42 289 27 43 46 64
internal_value=0 3.1236e-05 -2.86353e-05 1.28673e-05 -0.000780571 -0.00052676 0.000243694 0.000579902 0.000730738 -0.000591539 -0.000257677 -0.00341338 0.00256514 -0.00076194 -0.00263733 -0.0045021 -0.0051125 -0.00671669
internal_weight=0 1006.78 983.602 975.702 219.842 210.898 755.86 538.945 514.859 216.915 194.033 22.8826 23.1774 203.188 24.0859 6.91945 7.90033 8.94443
internal_count=5259 5197 5120 5046 1326 1234 3720 2457 2294 1263 1110 153 77 1214 163 62 74 92
is_linear=0
shrinkage=0.00517761


Tree=76
num_leaves=30
num_cat=0
split_feature=64 32 42 59 65 47 56 60 53 4 7 41 45 4 49 55 40 63 40 27 24 47 3 21 55 57 58 40 39
split_gain=5.34522 7.2475 6.86882 7.44723 9.62232 10.0914 13.3043 8.58943 8.46509 15.9159 13.1001 11.7617 8.42154 13.1789 6.71871 6.2928 12.5972 9.10365 8.62087 8.54361 7.77644 7.64408 10.0452 6.95776 6.82533 6.21463 6.08618 4.82321 5.10632
threshold=2.5500000000000003 1.0000000180025095e-35 0.31009615384615391 -74.999999999999986 11.500000000000002 33.550000000000004 0.28991596638655465 0.021054964539007053 6.5000000000000009 2.5000000000000004 5.5000000000000009 2.7500000000000004 75.000000000000014 2.5000000000000004 0.3550420168067227 0.95000000000000007 34.850000000000001 6.5000000000000009 35.45000000000001 22.500000000000004 1.0000000180025095e-35 39.550000000000004 5.5000000000000009 1.0000000180025095e-35 0.35000000000000003 -5.2499999999999991 -1.4999999999999998 35.150000000000013 1.5000000000000002
decision_type=2 2 2 2 2 2 2 2 2 2 2 2 2 2 2 2 2 2 2 2 2 2 2 2 2 2 2 2 2
left_child=27 2 15 8 5 7 -7 -5 25 10 -10 -11 13 -6 -14 16 19 24 20 23 -17 22 -20 -2 -18 -4 -27 28 -1
right_child=1 -3 3 4 12 6 -8 -9 9 11 -12 -13 14 -15 -16 18 17 -19 21 -21 -22 -23 -24 -25 -26 26 -28 -29 -30
leaf_value=0.0025487719236491659 -0.00096298258576003003 -0.0045985927371724128 -0.00286320275853878 -0.0076556700693364444 0.0014398949941225451 0.0012671215597764667 -0.0010457992983751237 -0.0017848814781971385 -0.00019706406004266132 0.0027959106789832906 -0.0063010192609210423 -0.0048395686432496435 -0.0022211528481040211 -0.00269384780113892 0.0032869907428433056 -0.0065046121706610295 0.00049846202779582106 -0.0051140530904760229 -0.00316000261874601 0.0056623486164690991 0.0019887264981128462 -0.0038159192755494601 0.0028445634095885697 0.0037544021546259618 -0.0042859117802841193 0.00026297446049448908 0.0030418228323932082 0.0035184100576241893 -0.0016937867699150858
leaf_weight=14.281282015144827 106.85788256675005 9.3860016427934152 6.5927502810955039 8.471514515578745 60.785010173916817 100.09758317284286 199.31373240984976 31.054162383079529 24.178090460598469 42.82165265828371 15.38832940161228 6.1270527243614188 6.731163650751113 31.249094417318702 47.691472560167313 7.9074601978063566 21.851176712661982 31.188109925016761 8.7943758685141784 6.097399339079856 4.4918022677302361 6.9699059352278701 47.734840899705887 9.0292218476533872 12.525830393657087 28.915408257395029 78.573459796607494 21.141989905387163 16.118398871272802
leaf_count=45 636 97 34 78 247 434 1003 197 131 146 124 35 41 195 167 96 149 352 73 18 25 62 217 40 122 126 227 61 81
internal_value=0 -8.71837e-05 -4.23562e-05 0.000229873 -0.000118162 -0.000597353 -0.000272429 -0.00305399 0.00106351 -0.000137997 -0.00257773 0.0018348 0.000990537 3.53462e-05 0.00260376 -0.000753179 -0.00126211 -0.0030912 0.000504356 -0.000277814 -0.00343313 0.00127607 0.00190772 -0.000593454 -0.00124953 0.00199534 0.00229496 0.00162328 0.000300329
internal_weight=0 960.824 951.438 687.99 485.394 338.937 299.411 39.5257 202.597 88.5151 39.5664 48.9487 146.457 92.0341 54.4226 263.448 187.55 65.5651 75.8984 121.985 12.3993 63.4991 56.5292 115.887 34.377 114.082 107.489 51.5417 30.3997
internal_count=5259 5072 4975 3185 2362 1712 1437 275 823 436 255 181 650 442 208 1790 1317 623 473 694 121 352 290 676 271 387 353 187 126
is_linear=0
shrinkage=0.00517761


Tree=77
num_leaves=27
num_cat=0
split_feature=59 54 2 5 59 54 64 62 31 45 7 61 16 60 4 3 42 1 6 3 65 65 64 40 63 56
split_gain=5.20265 5.40784 5.48153 14.5235 11.2359 9.41396 10.4139 7.86352 6.9609 14.1555 19.107 13.7238 12.5232 15.0216 13.7208 13.3882 12.4664 11.401 11.1119 8.265 7.28053 6.49807 4.9472 3.97207 1.70966 1.08103
threshold=590.00000000000011 43.900000000000006 1.0000000180025095e-35 20.500000000000004 335.00000000000006 39.650000000000013 24.550000000000004 6.5000000000000009 2.5000000000000004 9.5000000000000018 40.500000000000007 0.059262510974539058 1.5000000000000002 0.10690476190476186 1.0000000180025095e-35 126.50000000000001 0.80625000000000013 4.5000000000000009 1.0000000180025095e-35 157.50000000000003 3.5000000000000004 12.500000000000002 8.4500000000000011 36.750000000000007 9.5000000000000018 0.17156862745098037
decision_type=2 2 2 2 2 2 2 2 2 2 2 2 2 2 2 2 2 2 2 2 2 2 2 2 2 2
left_child=1 2 3 4 5 6 -1 -5 12 17 21 -12 14 20 16 -15 -4 22 -16 -19 -14 -11 -10 -2 -7 -6
right_child=23 -3 8 7 25 24 -8 -9 9 10 11 -13 13 15 18 -17 -18 19 -20 -21 -22 -23 -24 -25 -26 -27
leaf_value=-0.0019671674557721233 -1.50252887899154e-05 0.0048550339850510962 -0.0008031174978393096 0.00017024870072771141 -0.0042538865656968116 -0.008574442448684284 0.00044740057813667707 0.0069844734148454893 -0.001654596052445475 -0.008308209255725639 -0.0027540922425062881 0.001568423200818484 0.00070270388960218852 -0.003914405502548123 -0.00043537526215099622 0.00454537739243997 0.0019387947590078286 0.00055166084144050022 0.002183552647130522 -0.0038121101914937168 -0.0050709894277325245 0.00014860498380223159 -0.007655713880205476 -0.0079512052160775719 -0.0034726844996056439 -0.0082295267583161781
leaf_weight=85.494010636582971 3.0018639154732218 6.1244605332612982 176.56117982976139 8.6889829933643341 3.1232774853706342 4.383950186893343 108.69320002757013 9.4527068510651588 5.1338376961648491 8.6462806202471238 23.62688759341836 116.56821349821985 7.3873465098440638 7.649766672402623 55.383176628500223 14.276871316134928 59.335597015917301 28.519178420305252 200.80087795294821 19.569067999720573 27.856927890330553 3.3760324604809275 13.386974230408667 3.8091436326503754 3.1579318735748529 5.5364850834012032
leaf_count=566 19 14 916 45 26 36 588 20 32 68 164 580 37 51 266 42 222 159 795 146 194 19 117 43 28 66
internal_value=0 3.07785e-05 8.06391e-07 -0.000703031 -0.00108667 -0.000837536 -0.000615932 0.00373356 0.000210272 -0.000570501 0.00030076 0.000838962 0.00052138 -0.00177094 0.00078792 0.00159079 -0.000113066 -0.00255994 0.00161739 -0.00122682 -0.0038616 -0.00594515 -0.00600434 -0.00448801 -0.00648771 -0.00683938
internal_weight=0 1002.73 996.609 228.531 210.389 201.729 194.187 18.1417 768.078 218.826 152.217 140.195 549.252 57.1709 492.081 21.9266 235.897 66.6091 256.184 48.0882 35.2443 12.0223 18.5208 6.81101 7.54188 8.65976
internal_count=5259 5197 5183 1375 1310 1218 1154 65 3808 1285 831 744 2523 324 2199 93 1138 454 1061 305 231 87 149 62 64 92
is_linear=0
shrinkage=0.00517761


Tree=78
num_leaves=30
num_cat=0
split_feature=64 32 42 30 58 59 47 64 64 41 56 13 7 63 55 12 19 4 7 64 64 47 47 38 0 48 64 60 40
split_gain=5.14703 7.24614 6.60366 6.73013 7.64211 6.50334 11.1831 9.51947 9.17833 7.69341 7.44032 7.35627 6.45894 7.5615 9.00432 8.64152 12.2101 8.03187 6.67156 6.63744 5.90165 7.01979 5.30238 4.81619 13.2553 5.69695 5.49432 4.53534 2.68658
threshold=2.5500000000000003 1.0000000180025095e-35 0.31009615384615391 2.5000000000000004 5.5000000000000009 -74.999999999999986 33.550000000000004 3.2500000000000004 110.05000000000001 0.75000000000000011 0.32291666666666669 4.5000000000000009 189.00000000000003 7.5000000000000009 0.95000000000000007 13.500000000000002 1.5000000000000002 2.5000000000000004 5.5000000000000009 59.050000000000004 8.0500000000000025 35.150000000000013 34.050000000000004 10.500000000000002 5.5000000000000009 0.25000000000000006 2.0500000000000003 0.13221420643729193 -1.0000000180025095e-35
decision_type=2 2 2 2 2 2 2 2 2 2 2 2 2 2 2 2 2 2 2 2 2 2 2 2 2 2 2 2 2
left_child=23 2 12 5 22 9 8 -8 -7 11 -11 -4 13 15 18 16 -2 -16 -15 20 28 -22 -5 25 -25 26 -1 -3 -14
right_child=1 27 3 4 -6 6 7 -9 -10 10 -12 -13 19 14 17 -17 -18 -19 -20 -21 21 -23 -24 24 -26 -27 -28 -29 -30
leaf_value=-0.002542640608572639 0.0010467061690041836 -0.0069911909949269997 0.0013880156379136924 0.0036818604199979296 0.0070392445989978757 -0.0038618427231982178 -0.0066722194520783809 0.00016740677194414859 0.0013347675501748806 -0.0019169387190477694 0.00091745254248898139 0.0054186265879046323 0.0056839828377225699 -0.0012737952479122908 -0.0023273341237129395 0.0052625534342797264 -0.0021037057130317187 0.0027670400563438984 -0.0047500949735058496 0.0050705080907928442 -0.0067753274034731536 0.0025618078392152599 -0.0032627221277345894 0.0025290893094380294 -0.0066242325262680837 0.0052373822065363736 0.0032608847367789438 0.00073143238483109327 0.00023530687595022624
leaf_weight=7.402100000530484 64.753087371587753 6.4748789891600591 50.527723476290703 6.3925781883299369 8.1020696461200696 36.098565747961402 5.4619613885879508 413.26755110919476 12.140518356114624 33.227249836549163 97.570558052510023 15.946302238851784 4.165564052760601 25.129199504852295 17.964329604059458 7.1495714448392382 67.078741626814008 15.301568094640968 36.178269043564796 9.6149761676788312 5.5775872655212861 3.4486413039267063 5.3560970034450293 12.92637803219259 6.2307535372674456 14.349485911428927 10.492460884153841 2.9430126994848251 5.7041330523788982
leaf_count=35 334 79 190 24 15 271 45 1930 56 161 412 42 10 173 141 19 515 85 360 37 56 22 39 43 40 35 34 18 38
internal_value=0 -8.5899e-05 -4.07516e-05 0.000226972 0.00319261 0.000138027 -0.000194962 7.71372e-05 -0.00255384 0.000926084 0.000196771 0.00235942 -0.000739514 -0.00102359 -0.00215241 -0.000254751 -0.000556498 1.66431e-05 -0.0033282 0.00158434 -0.00020077 -0.00321462 0.000514901 0.00159497 -0.000460248 0.00281464 0.000859429 -0.0045891 0.00255803
internal_weight=0 955.575 946.157 684.091 19.8507 664.24 466.969 418.73 48.2391 197.272 130.798 66.474 262.066 233.555 94.5734 138.981 131.832 33.2659 61.3075 28.5109 18.8959 9.02623 11.7487 51.4012 19.1571 32.244 17.8946 9.41789 9.8697
internal_count=5259 5072 4975 3185 78 3107 2302 1975 327 805 573 232 1790 1627 759 868 849 226 533 163 126 78 63 187 83 104 69 97 48
is_linear=0
shrinkage=0.00517761


Tree=79
num_leaves=20
num_cat=0
split_feature=59 48 47 15 2 59 5 64 64 23 65 64 47 4 60 24 40 53 56
split_gain=5.06318 5.47256 7.61576 7.22514 6.77537 11.4123 9.84232 11.4412 11.1956 6.54781 9.36417 12.9819 10.4483 7.32144 8.15643 7.53422 3.90266 3.18732 1.16237
threshold=590.00000000000011 5.6500000000000012 41.150000000000013 5.5000000000000009 1.0000000180025095e-35 335.00000000000006 17.500000000000004 24.550000000000004 8.2500000000000018 1.0000000180025095e-35 14.500000000000002 419.10000000000008 37.350000000000001 1.0000000180025095e-35 0.11410488245931276 2.5000000000000004 36.750000000000007 8.5000000000000018 0.17156862745098037
decision_type=2 2 2 2 2 2 2 2 2 2 2 2 2 2 2 2 2 2 2
left_child=1 2 4 -3 5 6 7 -1 -8 10 11 -6 -12 15 -15 -11 -2 -4 -7
right_child=16 3 17 -5 9 18 8 -9 -10 13 12 -13 -14 14 -16 -17 -18 -19 -20
leaf_value=-0.0023844747059799062 -6.0360613049039794e-05 0.0046777159082367339 -0.0016804400211336008 -0.0013801574717034709 0.00063980981812531595 -0.0041022722973691715 0.0070158911795525193 0.000199252073730274 -0.00057203354153570224 -0.0049148772533438604 -0.0039981680440428864 0.0080991968944850098 0.001871081442647702 -0.00083388815924279058 0.0015765978535956259 0.0023512478154763556 -0.0079196665406042598 -0.0083865139328779745 -0.0081335470689574453
leaf_weight=81.517492439597845 3.0491595529019824 14.78185595944524 3.7237491831183425 8.1484816893935186 494.32329807989299 3.392961271107195 9.3170333206653613 105.1465677972883 11.704658839851616 17.389345914125446 23.746533647179604 6.2692590281367293 12.296812448650597 141.5586907658726 51.182703074067831 4.8546812236309043 3.7509926483035088 3.9083348475396633 5.2629027776420116
leaf_count=562 19 39 28 38 2214 28 17 587 68 134 177 9 57 871 239 19 43 46 64
internal_value=0 3.04668e-05 -2.83732e-05 0.00252699 1.2415e-05 -0.000794851 -0.000550978 -0.000929495 0.00280222 0.00024483 0.000550692 0.000734297 -0.00199586 -0.000518557 -0.000193432 -0.00332656 -0.0044309 -0.00515782 -0.00659706
internal_weight=0 998.525 975.595 22.9303 967.963 216.342 207.686 186.664 21.0217 751.621 536.636 500.593 36.0433 214.985 192.741 22.244 6.80015 7.63208 8.65586
internal_count=5259 5197 5120 77 5046 1326 1234 1149 85 3720 2457 2223 234 1263 1110 153 62 74 92
is_linear=0
shrinkage=0.00517761


Tree=80
num_leaves=19
num_cat=0
split_feature=59 48 47 2 2 59 17 42 23 65 64 63 18 40 4 40 53 56
split_gain=4.96483 5.07669 7.73145 6.64085 6.45585 11.0227 9.39323 6.63587 6.07407 9.29533 12.5687 10.6264 7.28913 11.5993 9.23143 3.80626 2.85476 1.12791
threshold=590.00000000000011 5.6500000000000012 41.150000000000013 2.5000000000000004 1.0000000180025095e-35 335.00000000000006 13.000000000000002 0.63961038961038974 1.0000000180025095e-35 14.500000000000002 419.10000000000008 9.5000000000000018 1.5000000000000002 33.550000000000004 11.500000000000002 36.750000000000007 8.5000000000000018 0.17156862745098037
decision_type=2 2 2 2 2 2 2 2 2 2 2 2 2 2 2 2 2 2
left_child=1 2 4 -3 5 6 7 -1 9 10 -6 -11 13 -10 -14 -2 -4 -7
right_child=15 3 16 -5 8 17 -8 -9 12 11 -12 -13 14 -15 -16 -17 -18 -19
leaf_value=-0.0014475930685661238 -0.00013295390628713895 0.0042641255325086731 -0.0019647946192466264 -0.0018330426671042514 0.00062556139314970795 -0.0040926464575141873 0.0051961599573269275 0.0005261444639923802 -0.0076915304927039803 -0.0053714698134478336 0.0080418016852184127 0.00035249227158957221 0.0019541284581113495 -0.0010281551204056329 -0.00094556810001242232 -0.007922394951665343 -0.0083324158949972769 -0.0080936137745285866
leaf_weight=128.97914352826774 3.0684511214494696 15.955722622573377 3.7843220420181742 6.7843253389000884 495.00269114784896 3.388899911195038 7.3215607330203047 70.624771550297737 7.5465666204690924 14.744983673095701 6.1374741643667212 21.032086245715618 53.501510536298156 88.048691779375076 65.26025528460741 3.6648858040571213 3.8141029961407185 5.0886004231870174
leaf_count=889 19 42 28 35 2214 28 20 325 70 123 9 111 250 511 432 43 46 64
internal_value=0 3.00686e-05 -2.64491e-05 0.0024448 1.46127e-05 -0.000775445 -0.000537282 -0.000749266 0.000241191 0.000535341 0.000717448 -0.00201196 -0.000495501 -0.00155919 0.000361044 -0.00440928 -0.00520611 -0.00653892
internal_weight=0 997.016 974.276 22.74 966.677 215.403 206.925 199.604 751.274 536.917 501.14 35.7771 214.357 95.5953 118.762 6.73334 7.59843 8.4775
internal_count=5259 5197 5120 77 5046 1326 1234 1214 3720 2457 2223 234 1263 581 682 62 74 92
is_linear=0
shrinkage=0.00517761


Tree=81
num_leaves=30
num_cat=0
split_feature=60 6 61 3 24 45 63 55 58 56 40 58 4 4 19 18 61 60 54 54 54 1 15 63 58 49 42 2 39
split_gain=4.96794 15.8386 11.4309 11.3581 11.6847 9.48203 8.52107 10.5227 13.3827 10.7535 12.7628 9.48724 11.2211 10.6008 17.5302 11.3385 9.82789 9.46723 9.40118 10.6827 8.91709 8.72446 10.7961 6.81471 7.5766 8.25145 14.1286 11.27 10.9439
threshold=0.10987804878048781 1.0000000180025095e-35 0.44877561219390311 8.5000000000000018 1.5000000000000002 85.000000000000014 8.5000000000000018 2.2500000000000004 -4.4999999999999991 0.79285714285714304 38.350000000000001 1.0000000180025095e-35 22.000000000000004 6.5000000000000009 36.500000000000007 3.5000000000000004 0.1867399267399267 0.016530054644808705 40.050000000000004 38.750000000000007 33.45000000000001 46.000000000000007 36.500000000000007 10.500000000000002 -8.4999999999999982 0.23303167420814477 0.06904761904761901 20.500000000000004 3.5000000000000004
decision_type=2 2 2 2 2 2 2 2 2 2 2 2 2 2 2 2 2 2 2 2 2 2 2 2 2 2 2 2 2
left_child=2 3 6 -2 5 -5 11 8 20 10 -9 13 18 15 -15 16 -1 -16 19 -13 -8 22 -10 24 -3 26 -26 -27 -29
right_child=1 23 -4 4 -6 -7 7 9 21 -11 -12 12 -14 14 17 -17 -18 -19 -20 -21 -22 -23 -24 -25 25 27 -28 28 -30
leaf_value=0.00093596140180678621 0.00097190564397464858 -0.0049572685285307651 -0.0053706435388458477 -0.0058502715577301873 0.0018634146958879186 0.0021664152655777695 0.0008201135607097432 0.0020578321623795927 -0.00058742235187322228 0.0046097208954644347 -0.0068044503238621551 0.0012126952177539867 -0.0045499891842465216 -0.0049568404031186918 -0.0045393362733898088 0.0079688227787583204 -0.0015627672941775591 0.0021892859070940514 -0.0053231577925724029 0.005731135871592281 -0.0065561158632670155 0.0043507532040846257 -0.0041340393250808597 0.0030560259767561039 0.0030675447159550845 0.0027216081632843456 -0.003735964806000607 0.002669478814956609 -0.0091964371720732255
leaf_weight=116.64512161538005 31.131262110546231 5.7337396293878546 11.250254064798353 26.994389435276393 9.4670972488820535 4.5959682688117018 5.713563188910487 12.828012313693764 194.60389722883701 18.038969840854406 6.5141968391835681 179.55815991200507 8.8758256025612337 31.173520799726248 7.3283578529953983 4.8907602876424781 66.026463836431503 23.112043909728527 5.3947935570031396 15.159336872398852 18.738411154597998 8.3949369713664037 26.034762492403388 52.589413594454527 13.577633135020731 69.514442380517721 20.384316274896264 3.8714139834046346 4.3864090293645859
leaf_count=540 160 38 78 166 41 15 28 63 1122 61 54 808 64 252 64 9 368 113 41 42 179 29 198 214 56 269 133 18 36
internal_value=0 0.000645594 -0.000205742 -0.00138551 -0.00317181 -0.00468169 -0.000127692 -0.000820688 -0.00119892 0.00174159 -0.000939606 0.000312302 0.00112568 -0.000369987 -0.00223204 0.000242237 3.25301e-05 0.000562901 0.00137887 0.00156632 -0.00483477 -0.000809445 -0.00100705 0.00150803 0.000813623 0.00111257 -0.00101516 0.00204185 -0.00365583
internal_weight=0 242.246 760.281 72.1887 41.0575 31.5904 749.031 290.867 253.486 37.3812 19.3422 458.164 208.988 249.176 61.6139 187.562 182.672 30.4404 200.112 194.717 24.452 229.034 220.639 170.057 117.468 111.734 33.9619 77.7723 8.25782
internal_count=5259 1146 4113 382 222 181 4035 1734 1556 178 117 2301 955 1346 429 917 908 177 891 850 207 1349 1320 764 550 512 189 323 54
is_linear=0
shrinkage=0.00517761


Tree=82
num_leaves=27
num_cat=0
split_feature=54 2 5 59 64 7 40 64 57 62 63 40 47 48 49 58 64 60 6 63 48 3 52 65 49 58
split_gain=4.76501 5.84658 13.1264 10.2693 8.11258 11.1462 10.8261 14.3431 8.77879 7.75013 6.79345 6.70971 6.40689 7.28545 9.71388 7.48224 6.15679 6.52735 12.682 12.2498 5.9657 5.47403 4.96105 1.07497 1.0298 0.329972
threshold=43.900000000000006 1.0000000180025095e-35 20.500000000000004 335.00000000000006 24.550000000000004 91.000000000000014 34.150000000000013 7.4500000000000011 -2.7499999999999996 6.5000000000000009 6.5000000000000009 34.550000000000004 41.150000000000013 3.2500000000000004 0.79285714285714304 1.5000000000000002 419.10000000000008 0.10367218987908641 1.0000000180025095e-35 8.5000000000000018 1.4500000000000002 23.500000000000004 13.500000000000002 6.5000000000000009 0.30384615384615393 3.5000000000000004
decision_type=2 2 2 2 2 2 2 2 2 2 2 2 2 2 2 2 2 2 2 2 2 2 2 2 2 2
left_child=1 2 3 4 6 8 10 -8 -6 -4 -1 -7 13 16 15 -15 17 19 -19 -3 -18 -14 -16 -5 -23 -25
right_child=-2 12 9 23 5 11 7 -9 -10 -11 -12 -13 21 14 22 -17 20 18 -20 -21 -22 24 -24 25 -26 -27
leaf_value=-0.0074912085786760611 0.0045349440842927594 0.00038481790840177435 -2.6390113003778376e-05 -0.0041554578015675376 0.0034344401116188509 0.0010031335581762106 0.0015186738044630928 -0.0035194192928973051 -0.00023375834919108366 0.0068308949277890154 -0.0021819027450057905 -0.0080455800788559739 0.0010777690206450359 0.00051733381628711725 -0.0060331242118238631 0.0063691064853322998 0.0074179136881818647 -0.0013672591099005203 0.0015981305374325214 -0.0012719791976743069 0.00023754972563987884 -0.004487814179549912 0.0018807681167958088 -0.0088215217909500734 -0.0090168609815860102 -0.0057823911788221658
leaf_weight=12.966054789721968 6.1067929975688449 313.99041867256165 8.5261943228542805 4.2704120557755214 22.245111458003521 3.2125608138740045 32.1133186314255 28.561883397400379 80.893851665779948 9.1000639721751213 12.971606928855179 6.7841183729469776 3.5192847773432714 9.3065479025244731 4.3222024142742139 15.806712891906498 6.00057754665613 51.674740541726351 152.95070271939039 193.17917090654373 6.3597472906112671 2.6996280774474144 4.0661911219358444 3.479306872934103 3.2464332841336727 2.2163330726325512
leaf_count=99 16 1527 45 43 85 20 172 231 461 20 82 68 19 42 31 41 13 254 657 1154 34 23 17 45 34 26
internal_value=0 -2.81479e-05 -0.000757283 -0.0011183 -0.000861234 5.18618e-05 -0.00205313 -0.000854089 0.000559044 0.00352588 -0.0048485 -0.00514964 0.000187975 0.000241031 0.00259912 0.00420781 0.000131704 6.86129e-05 0.000849045 -0.000246323 0.00374477 -0.00403054 -0.0022116 -0.0062305 -0.00703348 -0.0077198
internal_weight=0 994.463 227.341 209.715 199.749 113.136 86.6129 60.6752 103.139 17.6263 25.9377 9.99668 767.122 757.657 33.5017 25.1133 724.155 711.795 204.625 507.17 12.3603 9.46535 8.38839 9.96605 5.94606 5.69564
internal_count=5259 5243 1397 1332 1218 634 584 403 546 65 181 88 3846 3770 131 83 3639 3592 911 2681 47 76 48 114 57 71
is_linear=0
shrinkage=0.00517761


Tree=83
num_leaves=30
num_cat=0
split_feature=64 42 59 65 53 7 56 9 65 57 17 52 60 47 56 60 12 19 38 48 47 15 62 61 47 63 55 40 4
split_gain=5.07315 6.60452 6.75524 10.1183 9.01174 13.7514 11.1318 8.73796 9.46904 13.9694 9.49218 8.58227 8.01441 7.87473 10.3915 8.57291 7.57419 6.92075 17.9877 7.68136 6.8149 14.5983 6.97159 6.77173 8.88349 5.81253 8.26263 12.5084 9.85398
threshold=2.5500000000000003 0.31009615384615391 -74.999999999999986 11.500000000000002 6.5000000000000009 65.500000000000014 0.37980769230769235 1.0000000180025095e-35 13.500000000000002 -2.7499999999999996 2.5000000000000004 125.00000000000001 0.026846846846846805 33.550000000000004 0.28991596638655465 0.021054964539007053 1.0000000180025095e-35 8.5000000000000018 11.500000000000002 0.8500000000000002 33.45000000000001 4.5000000000000009 6.5000000000000009 0.22611077297626292 38.750000000000007 7.5000000000000009 0.95000000000000007 34.350000000000001 2.5000000000000004
decision_type=2 2 2 2 2 2 2 2 2 2 2 2 2 2 2 2 2 2 2 2 2 2 2 2 2 2 2 2 2
left_child=-1 25 4 11 17 6 -6 8 9 -5 -10 13 -9 15 -15 -4 -8 20 -19 -20 22 -22 -3 24 -7 -2 27 -27 -28
right_child=1 2 3 7 5 23 16 12 10 -11 -12 -13 -14 14 -16 -17 -18 18 19 -21 21 -23 -24 -25 -26 26 28 -29 -30
leaf_value=0.0015951957491497602 -0.00012166388100093691 0.0018006586421331525 -0.0074376976056574158 0.0060985989803903828 -0.007393311269849337 -0.0020521648828667957 -0.0031902870620553938 -0.00087984099072982891 -0.00021133281542166213 0.00039271405890946564 -0.0070416174568623917 -0.0059642767826201329 0.006237623136287682 0.001139337456768137 -0.0009245522245982079 -0.0014375784826670369 0.00092440604203607472 -0.0077767574630813402 -0.0015898294262509972 0.0048299809215049993 -0.0019239350433375576 0.0034684458408050269 0.0071911471640554499 0.0050641676426371445 0.0059025435451978952 -0.00088285487284462966 -0.0025074036609403832 -0.0051995580167647389 0.0027809182157380761
leaf_weight=50.665387306362391 151.90223590284586 11.445537254214289 8.1025527492165548 16.231947407126427 8.0813028309494239 12.64436640776694 21.043614465743303 5.9937594607472446 62.623173963278532 39.13389714807272 5.9093866162002078 7.8649932630360118 14.305220656096933 98.784654758870602 193.18230877257884 29.454745277762413 27.714683994650841 6.5464030951261547 8.7599207237362879 11.481655642390249 20.018987957388163 40.781102620065212 14.795977205038069 14.437138706445692 5.2805683836340895 43.246869388967752 17.773574993014336 30.798940405249596 20.009172856807709
leaf_count=187 945 28 79 39 66 73 149 35 309 183 53 55 35 439 992 191 108 55 51 37 92 115 23 38 12 265 141 356 108
internal_value=0 -8.53284e-05 0.000182851 -0.000151099 0.000974793 -0.000257365 -0.00179072 0.000996581 0.000479644 0.00207092 -0.000806591 -0.000641723 0.00413973 -0.000513498 -0.000226134 -0.00274298 -0.000853262 0.00194 -0.000360483 0.00205529 0.0026478 0.00169271 0.00485067 0.00243375 0.000304026 -0.000781386 -0.00167687 -0.00268147 0.000293035
internal_weight=0 948.349 684.618 481.587 203.031 89.2017 56.8396 144.197 123.898 55.3658 68.5326 337.389 20.299 329.524 291.967 37.5573 48.7583 113.83 26.788 20.2416 87.0416 60.8001 26.2415 32.3621 17.9249 263.731 111.829 74.0458 37.7827
internal_count=5259 5072 3257 2410 847 446 323 654 584 222 362 1756 70 1701 1431 270 257 401 143 88 258 207 51 123 85 1815 870 621 249
is_linear=0
shrinkage=0.00517761


Tree=84
num_leaves=30
num_cat=0
split_feature=64 32 42 59 8 38 58 49 61 14 58 53 7 56 61 7 63 15 7 64 63 3 24 14 64 47 38 63 48
split_gain=4.78057 6.76855 6.34671 7.16292 8.51641 15.3551 15.409 10.7982 10.7465 12.6218 11.3966 7.8769 14.1305 9.9587 6.92111 5.92794 7.56433 9.01768 12.2311 6.55085 6.04745 6.17492 5.725 7.31294 5.35853 7.53049 4.44744 12.8344 5.30759
threshold=2.5500000000000003 1.0000000180025095e-35 0.31009615384615391 -74.999999999999986 1.0000000180025095e-35 55.000000000000007 -7.4999999999999991 0.060661764705882353 0.05594679186228476 7.5000000000000009 -2.4999999999999996 6.5000000000000009 65.500000000000014 0.37980769230769235 0.18933143669985777 189.00000000000003 9.5000000000000018 76.000000000000014 13.500000000000002 59.050000000000004 10.500000000000002 8.5000000000000018 2.5000000000000004 1.5000000000000002 8.0500000000000025 35.150000000000013 10.500000000000002 8.5000000000000018 0.25000000000000006
decision_type=2 2 2 2 2 2 2 2 2 2 2 2 2 2 2 2 2 2 2 2 2 2 2 2 2 2 2 2 2
left_child=26 2 15 11 5 6 -5 -7 9 -6 -10 22 13 -13 -14 16 17 18 -2 24 -18 -22 23 -4 -17 -26 28 -28 -1
right_child=1 -3 3 4 8 7 -8 -9 10 -11 -12 12 14 -15 -16 19 20 -19 -20 -21 21 -23 -24 -25 25 -27 27 -29 -30
leaf_value=0.0008420001588006254 0.00037099605150773336 -0.0045002399632052192 0.0024589651248551289 0.0020624773328881381 -0.0080726363744763503 -0.0038042551708962055 -0.0017790167763166891 0.0013689260858689685 -0.0020868296916247983 0.0037031546778614785 0.0026781725530510081 -0.0071383564203898187 0.00028131996504424296 -0.00080181217646167811 0.0051241104063602331 0.0023841058154555565 -0.0063935948079563397 0.0037857032949949556 -0.0025492735510222902 0.0049520989083160789 -0.0050319432982937583 -0.00082290213454561762 0.0058931609633900541 -0.00061586688897345438 -0.0068796888743708475 0.0027378770854230888 -0.0044023042156001481 0.0041629240562900474 0.0050952712366355343
leaf_weight=17.833725441247228 97.551165433600545 9.1426460519433004 74.67525564879179 32.281086947768927 6.5626933649182302 11.789495348930357 208.17607808113098 123.58961034566164 16.437684718519449 3.8113059028983116 73.041951971128583 7.6398350168019524 16.172170551493767 48.677562024444342 15.441335894167421 9.6974675133824402 9.380390487611292 12.433641120791433 63.376633875072002 9.6643688678741437 12.382581138983367 37.625626375898719 9.0362547375261766 28.661169894039631 5.5234498120844346 3.5322165936231613 10.098986221477391 8.6410770416259748 14.055362910032271
leaf_count=69 542 97 243 140 51 83 1167 515 106 15 285 66 74 256 40 48 91 45 514 37 138 297 23 121 56 22 59 24 35
internal_value=0 -8.29776e-05 -3.95639e-05 0.000225276 -0.000120587 -0.000477709 -0.00126285 0.000916742 0.00122295 -0.00374976 0.00180187 0.00104644 -0.000114273 -0.00166887 0.00265267 -0.000724966 -0.0009976 -0.000450829 -0.000779607 0.00150495 -0.00259132 -0.00187048 0.00195427 0.00160624 -0.000282398 -0.00313506 0.00154901 -0.000451825 0.0027235
internal_weight=0 946.304 937.161 675.993 475.69 375.836 240.457 135.379 99.8536 10.374 89.4796 200.304 87.9309 56.3174 31.6135 261.168 232.75 173.361 160.928 28.4175 59.3886 50.0082 112.373 103.336 18.7531 9.05567 50.6292 18.7401 31.8891
internal_count=5259 5072 4975 3185 2362 1905 1307 598 457 66 391 823 436 322 114 1790 1627 1101 1056 163 526 435 387 364 126 78 187 83 104
is_linear=0
shrinkage=0.00517761


Tree=85
num_leaves=30
num_cat=0
split_feature=2 59 31 19 64 42 38 57 40 46 53 60 38 6 11 24 29 16 54 49 16 40 54 63 13 54 59 58 64
split_gain=4.66793 11.8383 10.9009 8.77283 9.41935 10.3637 11.4662 9.69511 12.2683 7.34146 9.51127 6.8183 11.58 14.3988 14.4712 13.2272 8.14782 8.96869 15.1929 8.95153 8.32671 9.15701 8.44841 7.32479 8.70707 6.46738 6.40091 6.26977 5.57502
threshold=1.0000000180025095e-35 225.00000000000003 9.5000000000000018 19.500000000000004 24.550000000000004 0.064583333333333312 10.500000000000002 -2.7499999999999996 34.350000000000001 65.000000000000014 16.500000000000004 0.10367218987908641 65.000000000000014 1.0000000180025095e-35 1.0000000180025095e-35 1.5000000000000002 1.0000000180025095e-35 1.5000000000000002 34.550000000000004 0.72474747474747481 2.5000000000000004 35.150000000000013 39.050000000000004 8.5000000000000018 1.0000000180025095e-35 34.95000000000001 -1.0000000180025095e-35 -1.4999999999999998 91.40000000000002
decision_type=2 2 2 2 2 2 2 2 2 2 2 2 2 2 2 2 2 2 2 2 2 2 2 2 2 2 2 2 2
left_child=1 2 3 4 5 -1 -7 25 -9 10 11 16 13 15 -15 -13 17 19 -19 -2 22 -22 -18 24 -14 -6 -4 -5 -28
right_child=9 -3 26 27 7 6 -8 8 -10 -11 -12 12 23 14 -16 -17 20 18 -20 -21 21 -23 -24 -25 -26 -27 28 -29 -30
leaf_value=-0.0065121945673482151 -2.1577237188032568e-05 -0.0053404294628219186 0.0053170556827139481 -8.3266605839549303e-05 0.0054483907362990079 0.001055012945122689 -0.0032387355482205254 0.0027394768282304992 -0.0016467432685619903 -0.0062931156643711841 0.004286318409481028 -0.0038786092850640408 0.0047904455468869185 0.003231792655992508 -0.00036881826017943256 0.0029229684347141147 -0.0042847835584951203 -0.004671631978179611 0.00026150439431381318 0.0017938946938626313 0.0015314118254462668 -0.002698182342116614 0.0028042375634201866 0.005124737823342356 -0.0023610369682852636 -0.00054905646802552298 -0.0040453816390211336 -0.0073230414733402851 0.004112850259355985
leaf_weight=10.717315334826706 272.32696180418134 13.500724444165824 13.413108952343466 5.0203185044229022 15.49296233430505 34.14340490847826 32.470155335962772 24.940752238035202 53.963588802143931 4.582730419933795 15.145137056708334 32.449765196070075 8.1586167551577109 53.625343322753906 67.564161045476794 9.9746567681431753 34.153973456472158 26.198463216423988 46.108146004378796 99.306479219347239 32.558365277945995 23.617168720811605 5.142789125442504 25.23449382558465 10.191127005964516 6.9648827984929076 4.866852827370165 8.8254774771630746 4.055743046104908
leaf_count=89 1350 140 42 29 45 185 243 111 342 38 50 185 27 194 350 39 260 204 254 407 179 170 19 70 59 39 40 81 18
internal_value=0 -0.000649614 -0.000353309 -0.000750825 -0.000442296 -0.00180251 -0.00103899 0.000595879 -0.000259108 0.00019363 0.000233204 0.000150606 0.000948791 0.000316492 0.00122527 -0.00227726 -0.00015606 0.000139091 -0.00152845 0.000463765 -0.0015277 -0.000247769 -0.00335375 0.00331822 0.00082413 0.003592 0.00306523 -0.00471125 -0.000333502
internal_weight=0 228.375 214.875 192.539 178.693 77.3309 66.6136 101.362 78.9043 766.338 761.756 746.611 207.198 163.614 121.19 42.4244 539.412 443.94 72.3066 371.633 95.4723 56.1755 39.2968 43.5842 18.3497 22.4578 22.3357 13.8458 8.9226
internal_count=5259 1404 1264 1164 1054 517 428 537 453 3855 3817 3767 924 768 544 224 2843 2215 458 1757 628 349 279 156 86 84 100 110 58
is_linear=0
shrinkage=0.00517761


Tree=86
num_leaves=30
num_cat=0
split_feature=64 32 42 30 17 11 57 52 19 47 58 55 40 40 63 49 2 24 21 53 55 55 38 63 42 48 47 60 52
split_gain=4.74819 6.76213 6.24847 7.0624 6.95637 10.4455 11.5153 9.49996 8.31374 8.07951 6.82487 6.4221 11.6093 8.35901 8.28644 7.65583 10.0306 7.63999 7.05646 10.3381 6.45032 5.04383 4.32103 11.7302 5.39414 5.11894 5.7616 4.12269 3.29064
threshold=2.5500000000000003 1.0000000180025095e-35 0.31009615384615391 2.5000000000000004 1.5000000000000002 24.500000000000004 1.7500000000000002 115.00000000000001 19.500000000000004 36.45000000000001 5.5000000000000009 0.95000000000000007 34.850000000000001 35.45000000000001 6.5000000000000009 0.12132352941176471 1.0000000180025095e-35 1.0000000180025095e-35 1.0000000180025095e-35 5.5000000000000009 0.35000000000000003 0.35000000000000003 10.500000000000002 8.5000000000000018 0.59411764705882364 0.25000000000000006 32.850000000000001 0.13221420643729193 1.5000000000000002
decision_type=2 2 2 2 2 2 2 2 2 2 2 2 2 2 2 2 2 2 2 2 2 2 2 2 2 2 2 2 2
left_child=22 2 11 4 7 6 -6 8 -4 -9 21 12 18 17 20 -15 -17 -13 19 -2 -14 -5 25 24 -24 26 -1 -3 -16
right_child=1 27 3 10 5 -7 -8 9 -10 -11 -12 13 14 15 28 16 -18 -19 -20 -21 -22 -23 23 -25 -26 -27 -28 -29 -30
leaf_value=0.0036114878420498648 -0.0003523652985704811 -0.0068684382521669073 0.00068357122144679352 0.0034276788979214542 -0.0023236905568295983 0.0036741712658313074 0.001290505803968052 -0.005067305022130454 -0.0032767495631264884 0.00073881100739403842 0.0069419072235383785 -0.0063977563776807748 0.0004006899343287626 0.004931837051927462 -0.0026287410447992398 -0.0047281627588912963 0.001446219038349424 0.0019719580858576788 0.0038112747263973671 -0.0085597780756023166 -0.0042688551657936455 -0.0035860553930309774 -0.0081598540077371731 0.0039230743298199989 -0.00053691814364063449 0.0050618137360080662 -0.0022612327114624269 0.00056070451740624066 -0.0062374117150937117
leaf_weight=9.519644454121595 106.10786924511194 6.205835107713936 478.28237871080637 7.0455170199275035 89.836548428982496 12.012562420219181 32.009536040946841 15.203675527125599 14.579949889332054 11.063807617872952 7.9999696910381308 7.8555468413978797 22.173314530402422 12.511749047785996 10.560005169361832 8.3975697308778745 42.269801344722509 4.5925157777965069 10.228150635957716 4.2144973389804354 12.269519452005623 4.4155694711953402 4.8184604998677987 8.7559215128421766 5.0965969786047935 13.862517546862362 8.3432720564305765 2.9258820861577988 19.64379159361124
leaf_count=30 600 79 2077 31 580 42 152 113 91 52 15 96 149 48 106 87 217 25 45 49 122 32 38 24 21 35 39 18 246
internal_value=0 -8.28483e-05 -3.93009e-05 0.000224547 0.000132771 -0.000919338 -0.001374 0.000404153 0.000565981 -0.00262586 0.00329279 -0.000719451 -0.00123851 0.000551528 -0.00300753 0.00131617 0.000417946 -0.00331535 -0.000288675 -0.000670892 -0.00126757 0.000719985 0.00154733 -0.000428028 -0.00427153 0.0027085 0.00086998 -0.00450058 -0.00498441
internal_weight=0 942.406 933.274 672.45 652.988 133.859 121.846 519.13 492.862 26.2675 19.4611 260.824 185.197 75.6272 64.6466 63.1791 50.6674 12.4481 120.551 110.322 34.4428 11.4611 50.3964 18.671 9.91506 31.7254 17.8629 9.13172 30.2038
internal_count=5259 5072 4975 3185 3107 774 732 2333 2168 165 78 1790 1317 473 623 352 304 121 694 649 271 63 187 83 59 104 69 97 352
is_linear=0
shrinkage=0.00517761


Tree=87
num_leaves=21
num_cat=0
split_feature=54 54 1 54 58 61 64 48 7 57 42 48 46 13 54 14 62 58 49 60
split_gain=4.63122 5.62509 12.447 7.07158 5.80517 13.3817 11.2065 10.7828 10.1511 7.37466 12.7088 10.0886 7.31778 7.17174 6.27796 11.7699 7.70657 5.84642 2.19137 0.425108
threshold=43.900000000000006 40.550000000000004 20.500000000000004 40.45000000000001 -1.0000000180025095e-35 0.077524038461538464 130.25000000000003 2.7500000000000004 20.500000000000004 -4.2499999999999991 0.74166666666666681 2.4500000000000006 16.500000000000004 1.5000000000000002 13.750000000000002 3.5000000000000004 1.5000000000000002 9.5000000000000018 0.20714285714285713 0.047338935574229656
decision_type=2 2 2 2 2 2 2 2 2 2 2 2 2 2 2 2 2 2 2 2
left_child=1 3 18 4 5 12 7 -7 -8 10 11 -6 13 -1 15 -11 -16 -12 -3 -20
right_child=-2 2 -4 -5 9 6 8 -9 -10 14 17 -13 -14 -15 16 -17 -18 -19 19 -21
leaf_value=-0.0041485144078288773 0.0045100235272161112 -0.0026154630930012995 0.0053499206949969144 0.0055596041511014951 -0.0055799354455270782 -0.00022708744619905633 0.0041621845245491326 -0.0056955717608957405 -0.0010078499461114764 0.0003558370457860424 -0.00087026162089883679 0.0043252559433148959 0.0040370265485956958 -0.00065449856229611374 0.002184317420278394 0.0063094908649416314 0.00010061749528821278 0.0052670362598876584 -0.0089442393075274077 -0.0059324012203754691
leaf_weight=44.034579172730446 6.0002440288662902 3.3364249058067781 3.2930716648697844 6.0691977441310874 20.372311891987923 294.81297160685062 29.212014440447092 9.9282580353319627 15.572442855685948 24.527001887559891 10.314878828823568 3.1357371658086768 4.276926413178443 24.546033471822739 53.767485238611698 13.915922820568083 409.9191754758358 6.8895161002874366 4.1137235723435879 2.810189601033926
leaf_count=354 16 28 8 17 173 1640 97 69 90 117 52 12 14 159 231 35 2064 16 41 26
internal_value=0 -2.77786e-05 -0.00333215 1.85487e-05 -1.66656e-05 -0.000471835 -5.0896e-05 -0.000406462 0.00236551 0.000337504 -0.00178009 -0.00425003 -0.00248929 -0.00289987 0.00050942 0.00251827 0.000342525 0.00159787 -0.00613562 -0.00779031
internal_weight=0 984.848 13.5534 971.294 965.225 422.383 349.526 304.741 44.7845 542.842 40.7124 23.508 72.8575 68.5806 502.13 38.4429 463.687 17.2044 10.2603 6.92391
internal_count=5259 5243 103 5140 5123 2423 1896 1709 187 2700 253 185 527 513 2447 152 2295 68 95 67
is_linear=0
shrinkage=0.00517761


Tree=88
num_leaves=24
num_cat=0
split_feature=64 32 64 12 28 63 58 6 31 19 1 48 41 18 3 58 60 52 60 0 60 60 61
split_gain=4.71149 6.60479 5.92726 9.23214 6.47906 7.762 8.5011 7.60151 11.4074 10.7274 8.07817 7.44561 7.40432 6.52443 6.34812 4.69334 4.30445 4.63547 6.96062 4.58055 4.09808 0.453168 0.0110357
threshold=2.5500000000000003 1.0000000180025095e-35 2.9500000000000006 1.0000000180025095e-35 1.5000000000000002 12.500000000000002 -1.4999999999999998 13.500000000000002 13.500000000000002 52.500000000000007 3.5000000000000004 0.65000000000000002 0.55000000000000016 3.5000000000000004 5.5000000000000009 7.5000000000000009 0.21498599439775909 3.5000000000000004 0.12337223067816672 5.5000000000000009 0.13221420643729193 0.086313324819071918 0.10380747126436776
decision_type=2 2 2 2 2 2 2 2 2 2 2 2 2 2 2 2 2 2 2 2 2 2 2
left_child=16 2 3 -2 7 6 11 9 10 13 -9 -6 -10 -4 -8 -7 17 18 -1 -19 21 22 -3
right_child=1 20 4 -5 5 15 14 8 12 -11 -12 -13 -14 -15 -16 -17 -18 19 -20 -21 -22 -23 -24
leaf_value=-0.003031011419839628 -0.008911769955296198 -0.0066067539037866409 -8.8037748645276032e-05 0.0001071100396734753 0.0075459193112437078 0.0021283120845975311 0.0038839623379553442 -0.0060514311182490671 0.0045805154137984454 0.0071724754650891965 -0.0015210553468579095 -0.00036166319004027927 -0.0021824405329572381 0.0030222278306617344 -0.002253787474232067 0.0080740760318055299 -0.0016677449216282241 0.00523495872924394 0.0041304549748272341 0.00077283464078980774 0.00054853915983437188 -0.0045302590098901738 -0.008658501289745834
leaf_weight=8.6950322240591031 5.0673938654363138 1.8014193847775439 776.24354245141149 7.4638137593865395 7.1485079452395421 7.4684171639382821 5.5874443501234081 16.796251319348812 10.09060067124665 5.5389334000647059 28.375494247302413 5.7124328017234802 7.5228471755981436 18.445300815626979 22.44969579949975 6.8535400182008743 9.1086418107151967 16.383899977430705 6.1561863273382178 9.9128946401178819 2.931888721883297 1.9429389722645281 2.3436129577457905
leaf_count=44 42 22 4069 43 19 38 20 153 36 14 196 41 56 87 149 12 39 45 18 41 18 23 34
internal_value=0 -8.2643e-05 -3.97503e-05 -0.00356718 8.63644e-06 0.00172692 0.000575094 -0.000101426 -0.00183525 3.47416e-05 -0.00321209 0.00404932 0.00169434 -1.55939e-05 -0.00102416 0.00499797 0.00154348 0.00225599 -5.68988e-05 0.00355927 -0.00447567 -0.00687603 -0.00788587
internal_weight=0 939.784 930.764 12.5312 918.233 55.22 40.8981 863.013 62.7852 800.228 45.1717 12.8609 17.6134 794.689 28.0371 14.322 50.2567 41.148 14.8512 26.2968 9.01986 6.08797 4.14503
internal_count=5259 5072 4975 85 4890 279 229 4611 441 4170 349 60 92 4156 169 50 187 148 62 86 97 79 56
is_linear=0
shrinkage=0.00517761


Tree=89
num_leaves=30
num_cat=0
split_feature=48 15 2 59 31 59 47 65 64 57 55 64 57 45 5 4 39 61 52 58 40 60 49 54 2 46 6 7 55
split_gain=4.89658 6.50398 5.80172 11.6059 9.04343 9.08644 8.1407 9.51789 15.8555 9.54132 9.49667 7.62815 7.56698 5.59257 15.6539 11.2691 12.4993 11.9213 12.0564 11.9845 11.8579 11.1969 10.8163 10.8009 11.5545 10.2207 8.69766 13.1697 11.1164
threshold=5.6500000000000012 5.5000000000000009 1.0000000180025095e-35 335.00000000000006 9.5000000000000018 -1.0000000180025095e-35 36.650000000000013 6.5000000000000009 6.1500000000000012 -2.2499999999999996 1.7500000000000002 91.40000000000002 1.7500000000000002 55.000000000000007 3.5000000000000004 1.0000000180025095e-35 7.5000000000000009 0.043961352657004807 65.000000000000014 3.5000000000000004 34.250000000000007 0.33012820512820518 0.62019230769230782 34.550000000000004 33.500000000000007 17.500000000000004 2.5000000000000004 10.500000000000002 2.2500000000000004
decision_type=2 2 2 2 2 2 2 2 2 2 2 2 2 2 2 2 2 2 2 2 2 2 2 2 2 2 2 2 2
left_child=2 -2 3 4 6 -6 7 8 -1 -9 -8 -7 -12 14 15 16 20 19 -19 -17 -4 23 -18 24 -16 26 27 -15 -29
right_child=1 -3 13 -5 5 11 10 9 -10 -11 12 -13 -14 25 21 17 22 18 -20 -21 -22 -23 -24 -25 -26 -27 -28 28 -30
leaf_value=0.00036690767710826543 0.0044653319153990694 -0.0013325999916261957 7.1982488129747834e-05 -0.0062550766289413045 0.0052352650891565938 -0.0066981083899478782 -0.0057199702665255269 0.0035947876737972475 -0.0049014215898893687 -0.00029096287376805528 0.0024792159916916497 0.0037906348250097105 -0.0041842398546299495 0.0010760324627216856 -0.0035740113125939223 -0.005812857513826303 0.0020339162568484806 0.0021420504686957328 -0.0049805645204017918 0.0015916015640872958 -0.0038319132741999971 0.0071049982008956885 -0.0018677017714007905 -0.00033780641065899922 0.0020763407165133767 -0.0062051472346308654 0.002109890767746557 -0.005514383596373483 0.0036125678115413182
leaf_weight=35.555887466296554 14.389105614274742 8.0484312847256643 41.673893339931965 9.9197391327470523 13.36081498861313 3.9945100024342528 18.283038143068552 23.101726088672876 26.820727219805121 62.980390023440123 10.316007165238263 3.3685819506645203 8.0932997800409776 62.61234824359417 74.884219031780958 11.552296943962576 64.754482408985496 162.39787755534053 6.5692072063684455 11.776367917656897 41.681736551225185 4.0791274309158316 26.914152335375547 99.427509371191263 11.099244467914103 5.1914562545716754 104.69437997229397 17.053293868899349 4.4721081890165797
leaf_count=203 39 40 192 117 42 40 164 89 214 375 46 16 67 285 556 83 257 634 42 52 272 7 134 578 54 43 470 130 18
internal_value=0 0.00238755 -5.55797e-05 -0.000803668 -0.00053905 0.00269912 -0.000902361 -0.000362021 -0.00190108 0.000753747 -0.00308387 -0.0019078 -0.000454445 0.000159471 -0.000104319 0.000519192 -0.000431296 0.00138419 0.00186326 -0.00208091 -0.00188157 -0.00131276 0.000887811 -0.00150045 -0.00284353 0.000916302 0.00111422 -0.000125333 -0.00361266
internal_weight=0 22.4375 966.628 215.795 205.875 20.7239 185.151 148.459 62.3766 86.0821 36.6923 7.36309 18.4093 750.834 556.81 367.32 175.024 192.296 168.967 23.3287 83.3556 189.49 91.6686 185.411 85.9835 194.024 188.832 84.1378 21.5254
internal_count=5259 79 5180 1373 1256 98 1158 881 417 464 277 56 113 3807 2861 1666 855 811 676 135 464 1195 391 1188 610 946 903 433 148
is_linear=0
shrinkage=0.00517761


Tree=90
num_leaves=30
num_cat=0
split_feature=64 32 42 30 35 59 65 48 7 38 54 64 55 40 63 40 47 49 61 24 27 1 55 38 63 42 48 47 60
split_gain=5.04258 6.53741 6.08522 6.58085 7.17526 6.4096 10.3104 15.2729 9.5457 7.67891 9.4328 7.70863 6.21312 11.6489 7.74045 7.70525 7.93145 9.7201 8.66573 7.77714 7.23592 6.31486 6.13328 4.19727 11.195 5.03014 4.38636 5.48673 3.80123
threshold=2.5500000000000003 1.0000000180025095e-35 0.31009615384615391 2.5000000000000004 1.0000000180025095e-35 -74.999999999999986 5.5000000000000009 0.95000000000000007 101.50000000000001 95.000000000000014 35.150000000000013 11.750000000000002 0.95000000000000007 34.850000000000001 6.5000000000000009 35.45000000000001 36.850000000000001 0.37980769230769235 0.12220009955201593 1.0000000180025095e-35 22.500000000000004 16.500000000000004 0.35000000000000003 10.500000000000002 8.5000000000000018 0.59411764705882364 0.25000000000000006 32.850000000000001 0.13221420643729193
decision_type=2 2 2 2 2 2 2 2 2 2 2 2 2 2 2 2 2 2 2 2 2 2 2 2 2 2 2 2 2
left_child=23 2 12 5 -5 9 7 -7 -8 11 -11 -4 13 20 22 19 18 -18 -17 -14 21 -2 -15 26 25 -25 27 -1 -3
right_child=1 28 3 4 -6 6 8 -9 -10 10 -12 -13 15 14 -16 16 17 -19 -20 -21 -22 -23 -24 24 -26 -27 -28 -29 -30
leaf_value=0.0037459482586539288 -4.7758038878973729e-05 -0.0068245726038965041 0.0028180112833465845 0.0052988765028038126 -0.001537404289886391 -0.00050937025090576707 0.00060412401139832677 -0.0049257721243218047 -0.0019624594924143477 0.0003252607317993239 -0.0067434593502799858 0.00049930628620248958 -0.0063525120778929797 0.00030786132921861915 -0.004947013309065211 -0.00095465709829833641 0.00089692603931240916 -0.0065415330546991137 0.0042687956519307704 0.0020709112076842551 0.0053281569946147713 -0.003415746415269847 -0.0042729368741206133 -0.0080345115728276822 0.0038649852284298033 -0.00058908232208857044 0.004957723519943706 -0.0020432809067152317 0.00031126440387427897
leaf_weight=9.3210708126425796 96.777201000601053 5.9883930720388872 58.988525826483965 13.313032837584617 5.9070123564451924 93.11255563609302 290.8648817781359 27.043709434568882 44.767478685826063 16.59157115966082 7.2114198952913275 110.21911575086415 7.7493377327918989 21.920951880514622 29.690998695790768 12.255837321281431 17.460144406184558 6.3759457040578118 27.656633481383324 4.665520217269659 5.8013140708208075 17.579897504299879 12.119592810049651 4.6245872285217065 8.8094164505600911 5.0799372494220734 13.652327559888361 8.1820245608687383 2.9788034595549107
leaf_count=30 548 79 199 36 42 516 1301 199 286 65 62 479 96 149 352 85 95 77 95 25 18 128 122 38 24 21 35 39 18
internal_value=0 -8.5265e-05 -4.25912e-05 0.000218993 0.00319949 0.000130373 -0.000204518 -0.00150558 0.000261451 0.000921035 -0.00182882 0.00130846 -0.000714448 -0.00122937 -0.00301749 0.000528716 0.00125602 -0.00110517 0.00266578 -0.00319235 -0.000279782 -0.000567235 -0.00132802 0.00160655 -0.000345278 -0.00416805 0.00276485 0.0010419 -0.00446861
internal_weight=0 937.04 928.073 668.019 19.22 648.799 455.789 120.156 335.632 193.011 23.803 169.208 260.053 183.89 63.7315 76.1634 63.7486 23.8361 39.9125 12.4149 120.158 114.357 34.0405 49.6694 18.5139 9.70452 31.1554 17.5031 8.9672
internal_count=5259 5072 4975 3185 78 3107 2302 715 1587 805 127 678 1790 1317 623 473 352 172 180 121 694 676 271 187 83 59 104 69 97
is_linear=0
shrinkage=0.00517761


Tree=91
num_leaves=30
num_cat=0
split_feature=27 14 40 24 52 14 52 65 49 63 59 19 49 56 60 49 31 7 12 1 11 20 38 13 38 42 40 2 5
split_gain=4.66559 7.16173 6.97801 11.1816 6.18824 14.8565 12.6276 16.2728 13.5894 20.8832 11.8554 10.5433 10.3187 12.8838 12.4808 9.93689 9.99516 10.8553 10.3699 9.81194 8.65582 8.32916 10.4514 8.02273 7.65634 6.22478 6.21616 7.89455 6.25404
threshold=31.000000000000004 11.500000000000002 34.45000000000001 2.5000000000000004 10.500000000000002 2.5000000000000004 5.5000000000000009 5.5000000000000009 0.41421568627450983 1.5000000000000002 -1.0000000180025095e-35 38.500000000000007 0.5590277777777779 0.48529411764705882 0.066228070175438566 0.73030303030303034 5.5000000000000009 117.50000000000001 11.500000000000002 13.500000000000002 4.5000000000000009 1.0000000180025095e-35 10.500000000000002 2.5000000000000004 75.000000000000014 0.39444444444444454 40.350000000000001 7.5000000000000009 1.0000000180025095e-35
decision_type=2 2 2 2 2 2 2 2 2 2 2 2 2 2 2 2 2 2 2 2 2 2 2 2 2 2 2 2 2
left_child=1 4 3 -3 6 19 8 11 9 -1 -11 25 13 -9 -14 16 18 -18 -7 26 23 22 -17 -10 -21 -8 27 -6 -28
right_child=-2 2 -4 -5 5 15 7 12 20 10 -12 -13 14 -15 -16 21 17 -19 -20 24 -22 -23 -24 -25 -26 -27 28 -29 -30
leaf_value=-0.0071952566922099783 -0.0047714612299660734 -0.005927787755881154 0.0037339806867263542 0.0032781349777201083 0.00050367869164843267 -0.0045082034446415568 -0.0028402902730684169 -0.0018357074299684064 0.0010778855877940621 0.00080914719548145575 -0.0018014678909411598 0.0036699521291324302 -0.0049970419742022447 0.0030313906412083851 0.00047238955301005917 -0.0042911172589047315 0.0047794700361472302 -0.0028479202629281561 0.0040617675448457327 0.005221146683668635 -0.0042283028285081603 -0.0048898627623853433 0.0034756394147215735 0.0044105889232721142 -0.0011516954666921616 -0.0067008901689618637 -0.00022186664715320882 -0.003130359094258503 0.0035835945109110737
leaf_weight=12.152781017124651 5.3970462456345549 6.2332749292254439 26.287068884819746 8.0011011287569982 282.44610779359937 44.856856670230627 21.403093662112951 26.088183825835586 60.936056610196829 118.48635049164295 76.802603412419558 4.1786407493054858 23.624636463820934 32.889757530763745 21.163810648024082 5.7124281078577068 8.9368172399699706 11.19076396152377 4.0819452367722979 21.76356611400843 6.0539412461221209 5.6079253219068042 23.703627564013004 28.365396037697792 6.5470617413520804 23.814163703471422 17.777497369796038 16.923121679574251 33.075205501168966
leaf_count=96 48 40 87 30 1469 326 155 168 286 580 506 20 165 132 102 32 31 90 16 67 48 40 85 86 37 180 95 111 131
internal_value=0 2.66219e-05 0.00215599 -0.00076156 -6.54489e-05 0.000343158 -0.000497949 -0.00170911 0.000114909 -0.00062874 -0.000217782 -0.00415308 -0.000543752 0.000878752 -0.00241557 -0.00138858 -0.00252699 0.000543001 -0.00378876 0.000819531 0.00173206 0.00085672 0.00196095 0.00213901 0.00374794 -0.00488045 0.000582132 0.000297585 0.00225458
internal_weight=0 979.104 40.5214 14.2344 938.582 482.623 455.959 153.162 302.797 207.442 195.289 49.3959 103.766 58.9779 44.7884 104.09 69.0664 20.1276 48.9388 378.533 95.3554 35.024 29.4161 89.3015 28.3106 45.2173 350.222 299.369 50.8527
internal_count=5259 5211 157 70 5054 2530 2524 922 1602 1182 1086 355 567 300 267 620 463 121 342 1910 420 157 117 372 104 335 1806 1580 226
is_linear=0
shrinkage=0.00517761


Tree=92
num_leaves=24
num_cat=0
split_feature=64 32 64 12 28 6 31 19 41 1 64 27 63 42 14 40 39 61 56 60 54 60 61
split_gain=5.03437 6.34444 5.7396 8.89649 5.93823 7.53873 10.9442 10.3474 7.58507 7.31984 6.71624 7.80913 7.78374 6.4082 6.21419 3.78954 5.8573 9.39198 4.53772 3.55861 3.42604 0.427174 0.0168202
threshold=2.5500000000000003 1.0000000180025095e-35 2.9500000000000006 1.0000000180025095e-35 1.5000000000000002 13.500000000000002 13.500000000000002 52.500000000000007 0.55000000000000016 3.5000000000000004 140.85000000000005 14.500000000000002 12.500000000000002 0.63961038961038974 10.500000000000002 35.150000000000013 1.5000000000000002 0.36096792668957617 0.2752525252525253 0.13221420643729193 34.650000000000013 0.086313324819071918 0.10380747126436776
decision_type=2 2 2 2 2 2 2 2 2 2 2 2 2 2 2 2 2 2 2 2 2 2 2
left_child=15 2 3 -2 5 7 9 13 -8 -7 11 12 -6 -4 -13 16 -1 20 -17 21 -18 22 -3
right_child=1 19 4 -5 10 6 8 -9 -10 -11 -12 14 -14 -15 -16 18 17 -19 -20 -21 -22 -23 -24
leaf_value=0.0029149372605535907 -0.0089844569219104126 -0.0064539523968161804 -0.00040395122024268091 3.9769560060729664e-05 0.0016655459106077665 -0.0059456219643003365 0.0044670002151859876 0.0070403933609373449 -0.0023810486355840105 -0.0015869347046065037 -0.0034750056048068428 -0.0073634190304189186 0.0065469012974617045 0.00054485408368006125 0.0028527607419576227 0.0054346204293661271 -0.0020292174527972327 -0.0076113472404550925 0.0005135496846284881 0.00011323102260105753 0.0037536226992405785 -0.0044416956273578027 -0.0085583082558594106
leaf_weight=13.412529207766058 4.8159347213804704 1.715703591704367 466.71368883177638 7.3145687356591225 29.768458906561136 16.467066891491413 10.265903521329166 5.5442577227950087 7.4148331247270098 27.727508755400777 6.016135871410369 3.6627875864505759 12.386041082441805 322.72242084518075 2.740888062864542 11.587101377546789 5.250219061970709 4.9208615571260443 8.8599261436611396 3.05392075330019 5.6218743622303009 1.8732761293649671 2.2540326453745365
leaf_count=45 42 22 2741 43 152 153 36 14 56 196 41 36 32 1415 18 27 30 32 34 18 19 23 34
internal_value=0 -8.55899e-05 -4.3509e-05 -0.00357179 3.69992e-06 -0.000101818 -0.0018416 3.37286e-05 0.00159664 -0.00321758 0.00165863 0.00229864 0.00310795 -1.60585e-05 -0.00300542 0.00160533 0.000406157 -0.00172741 0.00331106 -0.00442071 0.000965167 -0.00676608 -0.00777083
internal_weight=0 932.457 923.56 12.1305 911.43 856.856 61.8753 794.98 17.6807 44.1946 54.5743 48.5582 42.1545 789.436 6.40368 49.6525 29.2055 15.793 20.447 8.89693 10.8721 5.84301 3.96974
internal_count=5259 5072 4975 85 4890 4611 441 4170 92 349 279 238 184 4156 54 187 126 81 61 97 49 79 56
is_linear=0
shrinkage=0.00517761


Tree=93
num_leaves=30
num_cat=0
split_feature=59 59 4 11 65 17 52 64 49 40 64 38 9 58 53 47 56 61 56 60 7 11 65 62 56 7 52 52 40
split_gain=4.87634 13.2372 12.8042 21.6613 14.969 12.5347 12.4496 11.516 11.489 11.4289 10.4886 11.2118 12.9075 10.2693 15.2915 10.1057 9.84154 8.42223 9.47984 7.62416 11.6337 12.2123 11.1374 10.8395 9.55698 9.77677 9.25138 8.93493 11.7377
threshold=185.00000000000003 1.0000000180025095e-35 1.0000000180025095e-35 1.5000000000000002 14.500000000000002 1.5000000000000002 4.5000000000000009 54.350000000000001 0.83974358974358987 34.250000000000007 116.2 65.000000000000014 1.0000000180025095e-35 3.5000000000000004 7.5000000000000009 34.750000000000007 0.2752525252525253 0.080322580645161262 0.40588235294117653 0.10367218987908641 5.5000000000000009 1.0000000180025095e-35 8.5000000000000018 1.5000000000000002 0.48529411764705882 2.5000000000000004 105.00000000000001 5.5000000000000009 33.350000000000001
decision_type=2 2 2 2 2 2 2 2 2 2 2 2 2 2 2 2 2 2 2 2 2 2 2 2 2 2 2 2 2
left_child=1 19 10 4 5 8 -7 -3 9 -4 11 12 -2 17 -15 -13 -12 18 -5 20 24 26 23 -21 25 -1 -22 -26 -29
right_child=2 7 3 13 -6 6 -8 -9 -10 -11 16 15 -14 14 -16 -17 -18 -19 -20 22 21 -23 -24 -25 27 -27 -28 28 -30
leaf_value=-0.0016722947870362347 -0.0055333698032352706 -0.0011766530411454427 -0.0029350658569940913 0.0047003538603465006 -0.0051380374650615663 0.0032922027927645733 -0.0047931800301474359 0.0048344296972932252 -0.0027421529718754554 0.0039618731361553269 -0.0057878948944256074 -0.0054679890978381763 0.0043694693164083647 -0.0053593003989614507 0.003196504398184754 0.0036329345380008752 0.0025690793535609814 -0.0066860481900238595 -0.0069407385568669372 -0.004620050707005538 -0.0016715064622003612 -1.1853150096285695e-05 0.0031023266520757561 0.00062179950905295184 0.00569203227808073 0.0018438566637536576 -0.0072702497294861498 0.0061133490411302352 5.9121760827585678e-05
leaf_weight=52.841026550158858 41.46412849240005 12.069837752729653 7.0078827664256087 4.3647422417998341 8.6926412284374219 8.2714317440986651 13.119130715727804 28.986438002437353 9.1563473120331746 73.818311246111989 4.765957590192559 4.890175648033618 3.8070251159369937 9.153545096516611 14.197587586939333 9.5530882775783521 17.254237793385983 19.120112840086222 3.1852998211979866 11.415033005177973 131.18656829185784 198.51861408911645 47.168497521430254 133.9872635602951 15.993312250822781 35.306684918701649 8.3637807779014093 10.693073831498621 42.490876659750938
leaf_count=325 317 71 45 18 73 44 103 88 52 266 38 34 18 66 53 36 70 160 29 80 812 1119 184 652 37 154 67 28 220
internal_value=0 0.000214566 -0.00062106 0.000188394 0.00138097 0.00189258 -0.00166591 0.00306809 0.00273916 0.00336191 -0.00230436 -0.00342968 -0.00469532 -0.00267209 -0.000162769 0.000540308 0.000748171 -0.00486309 -0.000227843 4.39873e-05 -0.000295842 -0.000837068 0.000918038 0.000208329 0.000867004 -0.000263548 -0.00201038 0.00230654 0.00128256
internal_weight=0 729.021 251.822 170.087 120.066 111.373 21.3906 41.0563 89.9825 80.8262 81.7346 59.7144 45.2712 50.0213 23.3511 14.4433 22.0202 26.6702 7.55004 687.965 495.394 338.069 192.571 145.402 157.325 88.1477 139.55 69.1773 53.184
internal_count=5259 3837 1422 909 583 510 147 159 363 311 513 405 335 326 119 70 108 207 47 3678 2762 1998 916 732 764 479 879 285 248
is_linear=0
shrinkage=0.00517761


Tree=94
num_leaves=30
num_cat=0
split_feature=2 59 5 42 55 64 55 49 64 62 56 58 45 60 54 41 23 47 48 49 58 57 61 60 49 20 47 40 65
split_gain=4.74986 11.4464 9.91696 8.13001 15.8408 12.0831 8.74912 8.64594 8.20842 7.74672 7.56538 7.5156 13.4441 10.0096 6.39818 6.11187 6.08646 6.65759 7.18059 12.0477 6.55816 10.6646 9.36009 12.7857 14.3654 9.22143 7.37381 7.21599 6.41846
threshold=1.0000000180025095e-35 335.00000000000006 20.500000000000004 0.63961038961038974 0.55000000000000016 24.550000000000004 2.3500000000000001 0.2264957264957265 219.95000000000002 6.5000000000000009 0.3550420168067227 -1.0000000180025095e-35 10.500000000000002 0.16606714628297356 34.250000000000007 0.55000000000000016 1.0000000180025095e-35 41.150000000000013 3.2500000000000004 0.78174603174603186 -4.4999999999999991 2.7500000000000004 0.40990259740259744 0.11410488245931276 0.59411764705882364 1.0000000180025095e-35 33.850000000000001 41.050000000000004 14.500000000000002
decision_type=2 2 2 2 2 2 2 2 2 2 2 2 2 2 2 2 2 2 2 2 2 2 2 2 2 2 2 2 2
left_child=1 2 3 4 11 14 8 10 -7 -4 -6 13 -13 -1 15 -5 17 18 28 -20 21 -18 23 27 26 -24 -25 -22 -2
right_child=16 -3 9 5 7 6 -8 -9 -10 -11 -12 12 -14 -15 -16 -17 20 -19 19 -21 22 -23 25 24 -26 -27 -28 -29 -30
leaf_value=-0.0025823709799199677 0.00057224653027785277 -0.0060880662452051666 -0.00021030955864628786 0.0041034464315072806 -0.0055866215953849592 0.0016263354933758224 0.0052557386190611967 -0.0058057477831951363 -0.0048244034408340035 0.0068367937714523871 0.0027219234233299087 0.0048498671193786258 -0.0019180975725075846 0.0031641453611584596 -0.0057189516596509067 -0.0043439897222285282 -0.0052722055463827093 -0.0042157015782970982 0.0051161988070413632 -0.0027496362719869323 -0.00038556865086614216 0.0037317837160150101 -0.0066067119792270826 0.0037603251007101274 0.0055874508063967565 0.00073218447453715608 -0.0033806828107001206 -0.0069864254998616157 -0.0017961540291503517
leaf_weight=41.899839125573635 472.83901300281286 9.8962475880980474 8.1159569770097733 4.9693049751222151 4.7980311512947065 33.080815900117159 14.859519213438032 27.880785411223769 6.2263074629008761 8.5488112345337868 7.3540963418781757 16.995150862261656 14.54972887970507 10.016820795834063 10.089106544852255 4.1544642522931099 16.113672276958827 7.8792655728757373 20.584680464118723 6.9375030472874633 133.28520622290671 4.4569513835012904 11.455586414784195 5.9891926795244244 21.363770999014378 7.606727320700883 10.712001029402016 4.5272235162556163 32.737618215382099
leaf_count=314 2173 117 45 20 45 137 40 274 39 18 40 63 108 40 77 27 153 62 57 42 799 21 95 23 51 42 75 37 225
internal_value=0 -0.00066317 -0.000409926 -0.000734945 -0.0015457 0.000629605 0.00188071 -0.00422029 0.000598004 0.00341718 -0.000570587 -0.000260417 0.00173057 -0.00147092 -0.00289169 0.00025278 0.000195913 0.000489032 0.000559093 0.00313143 -0.000539776 -0.00331538 -0.000245834 0.000128183 0.00278175 -0.00368547 -0.000814802 -0.000605697 0.00041866
internal_weight=0 223.435 213.539 196.874 123.494 73.3795 54.1666 40.0329 39.3071 16.6648 12.1521 83.4615 31.5449 51.9167 19.2129 9.12377 756.488 540.978 533.099 27.5222 215.51 20.5706 194.94 175.877 38.065 19.0623 16.7012 137.812 505.577
internal_count=5259 1404 1287 1224 884 340 216 359 176 63 85 525 171 354 124 47 3855 2559 2497 99 1296 174 1122 985 149 137 98 836 2398
is_linear=0
shrinkage=0.00517761


Tree=95
num_leaves=30
num_cat=0
split_feature=64 32 2 59 31 19 64 47 48 49 58 64 54 48 59 64 3 40 38 52 47 56 56 60 6 40 49 45 54
split_gain=4.59673 6.29805 5.40339 11.0699 9.96566 11.0569 10.5818 5.26662 7.73341 7.65541 7.40089 5.58926 6.58125 6.1058 5.01376 4.94374 4.43087 3.65156 5.32709 8.57183 4.99975 3.86315 3.52404 3.40747 2.81459 1.93947 1.15359 1.15013 0.710883
threshold=2.5500000000000003 1.0000000180025095e-35 1.0000000180025095e-35 225.00000000000003 9.5000000000000018 18.500000000000004 24.550000000000004 41.150000000000013 3.2500000000000004 0.79285714285714304 1.5000000000000002 419.10000000000008 39.250000000000007 1.4500000000000002 -1.0000000180025095e-35 91.40000000000002 23.500000000000004 35.150000000000013 1.0000000180025095e-35 3.5000000000000004 34.150000000000013 0.2752525252525253 0.71008403361344552 0.13221420643729193 4.5000000000000009 40.050000000000004 0.30384615384615393 9.5000000000000018 34.650000000000013
decision_type=2 2 2 2 2 2 2 2 2 2 2 2 2 2 2 2 2 2 2 2 2 2 2 2 2 2 2 2 2
left_child=17 2 3 4 5 6 -2 8 11 10 -10 12 -4 -13 -6 -16 -9 18 -1 -20 -21 -19 -7 -3 -11 27 -18 28 -5
right_child=1 23 7 25 14 22 -8 16 9 24 -12 13 -14 -15 15 -17 26 21 19 20 -22 -23 -24 -25 -26 -27 -28 -29 -30
leaf_value=0.0040709678200029362 -0.0021517104778354902 -0.0067417991066413543 -7.089358485931724e-05 -0.0062569075025792975 0.0048656507154362233 -0.0070836069192376349 0.00056227806639377767 0.00064350146301517177 0.00039533688933217657 -0.0045658682122424231 0.0062508237862089998 0.0073531866158943584 0.002424495978665508 5.9916770821951204e-05 -0.0038129152034245412 0.0039809807809134904 -0.0040036690969752512 0.0052111790021601365 -0.0062784584024046762 0.0033913083094279767 -0.00263925838167669 0.0006096589412440996 -0.0014243214855887559 7.9596778391583748e-06 0.0016428123815433679 -0.0008826195970694314 -0.0089681428350186047 -0.0078165772757666785 -0.0020686320686299428
leaf_weight=7.5875718370080021 63.020376896485686 5.7620907984673959 626.15948494523764 2.2625985257327539 13.007336474955084 9.436464957892893 98.812443131580949 3.6869763508439046 9.1844119876623171 4.2821017354726783 15.627504058182238 5.8518252559006196 29.609284494072199 6.4159692712128162 4.6576754972338659 3.9881490841507912 2.5540499724447727 11.40176245570183 5.8247934132814434 9.4590748213231546 5.9497840180993071 8.5673929005861265 4.3383930549025527 3.0538079962134361 3.5099333822727203 2.1206287480890742 2.8335664197802544 6.1087590865790844 2.2284818850457668
leaf_count=23 466 79 3258 25 42 97 526 19 41 29 40 13 116 34 40 18 22 27 39 31 33 34 27 18 17 13 32 76 24
internal_value=0 -8.14445e-05 -3.95316e-05 -0.000769012 -0.000466198 -0.000875135 -0.000495008 0.000176342 0.00022727 0.00268692 0.00409038 0.000106963 4.20032e-05 0.00356007 0.00284261 -0.000214196 -0.00372839 0.00154795 0.000366666 -0.000965297 0.00106106 0.00324578 -0.00531693 -0.00442044 -0.00177819 -0.00543774 -0.00669278 -0.00633742 -0.00424005
internal_weight=0 928.512 919.696 209.981 197.261 175.608 161.833 709.715 700.641 32.604 24.8119 668.037 655.769 12.2678 21.6532 8.64582 9.07459 48.7904 28.8212 21.2337 15.4089 19.9692 13.7749 8.8159 7.79204 12.7205 5.38762 10.5998 4.49108
internal_count=5259 5072 4975 1354 1216 1116 992 3621 3548 127 81 3421 3374 47 100 58 73 187 126 103 64 61 124 97 46 138 54 125 49
is_linear=0
shrinkage=0.00517761


Tree=96
num_leaves=30
num_cat=0
split_feature=3 55 42 64 40 55 1 2 59 40 56 6 64 20 56 49 54 42 58 40 42 27 64 56 40 40 64 45 0
split_gain=4.48901 6.36137 5.84093 12.1346 10.8093 8.52574 8.02006 10.0454 9.71903 8.32953 6.48977 5.72629 4.82846 6.60244 9.29316 6.16618 9.14491 8.71572 8.65406 7.2551 6.14988 9.57034 4.59745 4.52088 7.92114 7.90263 3.23933 2.40527 0.640428
threshold=2.5000000000000004 6.5500000000000007 0.62019230769230782 7.8500000000000005 34.250000000000007 0.35000000000000003 1.0000000180025095e-35 1.0000000180025095e-35 -1.0000000180025095e-35 34.350000000000001 0.69615384615384623 4.5000000000000009 2.2500000000000004 1.5000000000000002 0.12132352941176471 0.72474747474747481 39.45000000000001 0.93541666666666667 -14.499999999999998 42.550000000000004 0.14835164835164832 3.5000000000000004 3.7500000000000004 0.34313725490196084 34.150000000000013 36.95000000000001 4.6500000000000012 12.500000000000002 30.000000000000004
decision_type=2 2 2 2 2 2 2 2 2 2 2 2 2 2 2 2 2 2 2 2 2 2 2 2 2 2 2 2 2
left_child=2 12 3 4 22 26 7 8 -4 -10 11 23 20 15 -15 18 17 -17 -14 -20 -2 -22 -1 24 -5 -25 -6 -11 -16
right_child=1 -3 6 10 5 -7 -8 -9 9 27 -12 -13 13 14 28 16 -18 -19 19 -21 21 -23 -24 25 -26 -27 -28 -29 -30
leaf_value=-0.007974922518831461 0.0052947697624372604 0.005016635197811441 0.0036161410229588599 0.00031050246148972744 0.0028029576997990004 -0.0023483115102235913 -0.0056141279512069023 0.0064799978467161498 0.0026200018131974832 -0.0025908771153713393 -0.0079732946687715352 -0.006563642069043381 -0.0077704804424274 0.0022023270038955631 -0.0052146654912868622 0.0015079292868323453 -0.0051137279133483217 -0.0014781680633195484 -0.00024361986178096689 0.0030772570370235651 -0.003648254247804076 0.0034278831962247062 -0.00046231530616883121 -0.003261262967341957 -0.0051749704887466821 0.0048105645286218076 0.0077765151047113519 -0.0070143546960275052 -0.0083656264001281851
leaf_weight=3.7563384510576743 10.546602979302408 7.0381410717964163 12.664453703910111 12.277214486151935 7.2038730718195456 5.3684472683817139 4.9209100604057303 8.0999230295419675 6.5885392911732223 8.0971791986376029 6.4423445481806985 7.6449520774185649 3.945943158119916 4.5904182270169249 3.7522494681179506 169.18717199191451 6.6120296698063603 30.946413131430745 565.72375310771167 18.137107320129871 8.7773872204124945 12.11659813672304 5.117754589766264 6.3310763854533416 16.502566926181316 6.5487060863524675 7.0148378498852253 5.6555471420288077 4.3961780592799187
leaf_count=30 26 20 42 65 36 43 34 18 33 56 64 78 38 26 38 760 45 149 3101 70 44 40 39 56 157 30 21 45 55
internal_value=0 0.00013781 -0.000894579 -0.00170478 0.00104424 0.00318933 0.000587935 0.00133836 6.59591e-05 -0.00214867 -0.00310795 -0.00246229 9.64707e-05 1.88571e-05 -0.00366939 7.82971e-05 0.00084724 0.00104583 -0.000192214 -0.000140114 0.00208494 0.000452868 -0.00367842 -0.0017003 -0.00283938 0.000846039 0.0052817 -0.00443521 -0.00696898
internal_weight=0 845.77 130.235 84.2081 28.4613 19.5872 46.0266 41.1056 33.0057 20.3413 55.7469 49.3045 838.732 807.291 12.7388 794.552 206.746 200.134 587.807 583.861 31.4406 20.894 8.87409 41.6596 28.7798 12.8798 14.2187 13.7527 8.14843
internal_count=5259 4412 847 619 169 100 228 194 176 134 450 386 4392 4282 119 4163 954 909 3209 3171 110 84 69 308 222 86 57 101 93
is_linear=0
shrinkage=0.00517761


Tree=97
num_leaves=30
num_cat=0
split_feature=64 32 42 55 40 63 40 24 47 61 49 27 7 30 58 17 11 57 52 47 19 57 55 60 11 19 62 56 41
split_gain=4.37825 6.02251 5.1683 7.1996 11.5696 7.9489 7.80338 8.02592 7.92445 9.76535 9.23472 7.19714 6.4301 5.94189 6.56207 6.52756 9.88016 10.8134 8.54039 8.28797 7.85232 5.89706 4.97882 3.44429 3.35437 4.21355 5.52838 7.30609 4.89511
threshold=2.5500000000000003 1.0000000180025095e-35 0.31009615384615391 0.95000000000000007 34.850000000000001 6.5000000000000009 35.45000000000001 1.0000000180025095e-35 36.850000000000001 0.12220009955201593 0.37980769230769235 22.500000000000004 11.500000000000002 2.5000000000000004 5.5000000000000009 1.5000000000000002 24.500000000000004 1.7500000000000002 115.00000000000001 36.45000000000001 19.500000000000004 -4.7499999999999991 0.35000000000000003 0.13221420643729193 6.5000000000000009 17.500000000000004 4.5000000000000009 0.17914438502673799 0.75000000000000011
decision_type=2 2 2 2 2 2 2 2 2 2 2 2 2 2 2 2 2 2 2 2 2 2 2 2 2 2 2 2 2
left_child=24 2 3 4 11 21 7 -5 9 -8 -10 12 -2 15 22 18 17 -17 20 -20 -4 -6 -15 -3 25 26 28 -28 -1
right_child=1 23 13 6 5 -7 8 -9 10 -11 -12 -13 -14 14 -16 16 -18 -19 19 -21 -22 -23 -24 -25 -26 -27 27 -29 -30
leaf_value=-0.0049122977296618721 0.00058788683437345686 -0.0067575663641969612 0.00065514384846158903 -0.006329292342962845 0.0031449560758897476 -0.0049644459605196331 -0.0010713807861448628 0.0022325704304162852 0.00099248178035923895 0.0044871931332772013 -0.0063196686943972138 0.0052892799823180264 -0.0018759270430686438 0.0032752743542148834 0.0067056368445055229 -0.0022839431119132448 0.0035623748599767405 0.0012674998973758577 -0.0050629765273750701 0.00093600174644461727 -0.0032240551854924595 -0.0023311111243970103 -0.0037213252777196859 7.0435658530388747e-05 -0.002011895275391425 0.0051958830462613273 0.0052715885660026473 -0.00061814834951889766 0.0022845351607155544
leaf_weight=6.0597573332488519 61.194623522460461 5.5883504673838598 468.88751121237874 7.6384793575853092 6.4498272798955432 29.456869214773178 12.100638322532175 4.6960801817476749 17.168616261333231 28.012323258444667 6.2666024621576062 5.8778474181890479 52.873720280826092 6.8667901270091551 7.7299441918730727 88.216469269245863 11.971495412290095 31.022142071276903 14.636238262057306 10.609924606978892 14.353451501578091 27.630776857957244 4.4283981919288635 3.0435934029519558 6.2174263745546332 8.9030636325478536 12.448240533471109 10.262065455317495 4.2671508714556694
leaf_count=38 300 79 2077 96 33 352 85 25 95 95 77 18 376 31 15 580 42 152 113 52 91 238 32 18 32 22 33 45 17
internal_value=0 -7.91437e-05 -3.85095e-05 -0.000657512 -0.00121215 -0.00299728 0.000683412 -0.00307462 0.00141536 0.00281123 -0.000974849 -0.000265362 -0.000554535 0.000205251 0.00305162 0.000120282 -0.000909035 -0.00135973 0.000385981 -0.00254578 0.000539485 -0.00129051 0.000526014 -0.00436719 0.00152102 0.00204722 0.00118986 0.0026159 -0.00194238
internal_weight=0 926.721 918.089 259.366 183.484 63.5375 75.8827 12.3346 63.5482 40.113 23.4352 119.946 114.068 658.722 19.0251 639.697 131.21 119.239 508.487 25.2462 483.241 34.0806 11.2952 8.63194 48.1577 41.9403 33.0372 22.7103 10.3269
internal_count=5259 5072 4975 1790 1317 623 473 121 352 180 172 694 676 3185 78 3107 774 732 2333 165 2168 271 63 97 187 155 133 78 55
is_linear=0
shrinkage=0.00517761


Tree=98
num_leaves=30
num_cat=0
split_feature=27 14 40 11 0 60 60 7 38 60 42 56 47 26 38 53 4 4 42 45 1 48 57 55 1 5 41 27 23
split_gain=4.45009 6.67686 6.66706 10.8267 5.99419 12.3 7.79312 8.05105 7.12745 12.0134 15.0773 13.8851 14.0948 11.8253 11.7479 11.2934 13.2045 10.2592 9.86082 9.22461 6.82434 6.56737 7.03635 5.57833 4.16702 4.4474 3.87799 1.96704 0.514886
threshold=31.000000000000004 11.500000000000002 34.45000000000001 1.5000000000000002 31.500000000000004 0.11647286821705422 0.062114197530864161 4.5000000000000009 55.000000000000007 0.062114197530864161 0.56696428571428581 0.2817460317460318 36.150000000000013 1.5000000000000002 13.500000000000002 1.5000000000000002 10.500000000000002 9.5000000000000018 0.91287878787878796 85.000000000000014 30.500000000000004 5.6500000000000012 1.7500000000000002 0.55000000000000016 41.000000000000007 2.5000000000000004 1.6500000000000001 36.500000000000007 1.5000000000000002
decision_type=2 2 2 2 2 2 2 2 2 2 2 2 2 2 2 2 2 2 2 2 2 2 2 2 2 2 2 2 2
left_child=1 4 3 -3 8 6 7 -6 14 10 17 12 -11 -12 21 19 -17 -10 -13 -16 -9 22 -1 -4 25 -7 -23 -2 -8
right_child=27 2 23 -5 5 24 28 20 9 11 13 18 -14 -15 15 16 -18 -19 -20 -21 -22 26 -24 -25 -26 -27 -28 -29 -30
leaf_value=0.00034877880302979647 -0.0014521333719394872 -0.0065311319282086696 0.0055629250596847066 0.0027830117049436357 0.0047755882101574165 0.0034752343477909057 -0.0089844100465799777 0.00059491251444295467 -0.0039034357931016098 0.00076789769834252413 0.00037794488449889444 0.0038460247822498621 -0.0079532006844650668 0.0066888515132587307 -0.00040764725404884866 -0.0033645920008303861 0.0012763652100060046 0.001588798622183564 -0.0017967013488018597 0.0058284975110623853 -0.006764737339132759 0.0060612760043954259 -0.0012728399921654227 0.00063352625597525676 0.0051219567175728392 -0.0045636895660527031 0.0010591628173574981 -0.0078159235211970376 -0.0062302892600181337
leaf_weight=364.80512178875506 2.5785909034311763 5.3430871292948714 15.821887992322447 8.7057064659893495 3.6815538480877938 3.5447377189993841 5.2170922085642797 5.6732934974133959 37.261428490281105 28.815012225881219 80.331615183502436 70.632879432290792 5.9344076812267295 8.7704142034053785 50.838498013094068 85.228203224018216 20.318037271499634 12.021644752472637 9.3663643971085531 7.2005135118961325 8.2400647364556772 7.5402104295790222 89.217615673318505 10.080296676605938 6.1970437094569206 3.7073279656469822 9.2397606596350652 2.6479862481355667 4.1954433768987656
leaf_count=1869 23 33 45 37 12 14 39 36 297 151 376 244 55 18 301 599 122 67 48 20 78 17 561 42 22 33 36 25 39
internal_value=0 2.58879e-05 0.00209663 -0.000773 -6.33983e-05 -0.00201078 -0.00402219 -0.00197421 2.55078e-05 0.000759929 -0.000267186 0.0019981 -0.000733592 0.0010037 -0.000267582 -0.00146259 -0.0024709 -0.00256327 0.00318436 0.000371691 -0.00377477 0.000147773 2.99722e-05 0.00365127 0.00202789 -0.000637711 0.00332219 -0.00473468 -0.00780943
internal_weight=0 967.929 39.951 14.0488 927.978 40.4566 27.0074 17.5949 887.522 253.134 138.385 114.749 34.7494 89.102 634.388 163.585 105.546 49.2831 79.9992 58.039 13.9134 470.803 454.023 25.9022 13.4491 7.25207 16.78 5.22658 9.41254
internal_count=5259 5211 157 70 5054 273 204 126 4781 1256 758 498 206 394 3525 1042 721 364 292 321 114 2483 2430 87 69 47 53 48 78
is_linear=0
shrinkage=0.00517761


Tree=99
num_leaves=23
num_cat=0
split_feature=64 32 64 12 31 40 54 49 42 4 57 22 24 61 55 38 63 42 48 43 60 60
split_gain=4.17764 5.91745 5.13053 8.11723 5.74518 9.23576 10.3186 11.3292 6.57433 8.61367 10.912 6.85014 5.88729 8.23878 6.19721 3.34106 9.91344 5.17979 3.77359 7.53692 3.20409 0.422596
threshold=2.5500000000000003 1.0000000180025095e-35 2.9500000000000006 1.0000000180025095e-35 15.500000000000002 34.150000000000013 35.550000000000004 0.4330357142857143 0.080128205128205107 4.5000000000000009 -0.74999999999999989 1.0000000180025095e-35 3.5000000000000004 0.37546992481203006 2.3500000000000001 10.500000000000002 8.5000000000000018 0.59411764705882364 0.15000000000000005 -1.0000000180025095e-35 0.13221420643729193 0.086313324819071918
decision_type=2 2 2 2 2 2 2 2 2 2 2 2 2 2 2 2 2 2 2 2 2 2
left_child=15 2 3 -2 8 -6 7 -7 9 10 -4 -11 14 -14 -10 18 17 -17 19 -1 21 -3
right_child=1 20 4 -5 5 6 -8 -9 12 11 -12 -13 13 -15 -16 16 -18 -19 -20 -21 -22 -23
leaf_value=0.0035821393587379294 -0.0087526564809682038 -0.0077086344810095488 0.00017496168633952472 3.2270682033000393e-06 0.0051490212146314057 -0.0031889932842590289 -0.007152018549284528 0.0044666343125369682 -0.00017333285850626055 -0.0054195167901642692 -0.0064242646240018743 0.0034971168223128925 0.00059871050178562121 0.0073900800696920883 0.0013160565417157993 -0.0079470058947414008 0.0036749780165724038 -0.00019748227962807766 0.0042732324146216635 -0.0041713016935112429 -5.8193976209757545e-05 -0.0043231035612752459
leaf_weight=8.6314393989741784 4.5853543132543546 3.7255592979490739 63.087420534342527 7.2783294096589088 14.860117070376871 8.3908246569335514 4.3734947778284541 13.330656610429285 664.03657500818372 18.331444635987285 7.4507385641336432 2.5945299342274657 15.668489024043085 6.8398153670132151 84.34562099725008 4.4892593733966368 8.6803750619292241 4.7054184377193451 15.866050370037554 5.4122598059475449 3.0309208109974861 1.795366797596216
leaf_count=29 42 56 321 43 45 62 42 53 3617 178 79 11 74 14 394 38 24 21 44 31 18 23
internal_value=0 -7.72681e-05 -3.7047e-05 -0.00341026 7.4959e-06 0.00190066 4.22855e-05 0.00150838 -8.2547e-05 -0.00139448 -0.000527384 -0.00430619 7.32094e-05 0.00267831 -5.36413e-06 0.00149171 -0.000278736 -0.00401147 0.00254824 0.000588135 -0.00434758 -0.00667286
internal_weight=0 923.725 915.173 11.8637 903.31 40.9551 26.095 21.7215 862.355 91.4641 70.5382 20.926 770.891 22.5083 748.382 47.7848 17.8751 9.19468 29.9097 14.0437 8.55185 5.52093
internal_count=5259 5072 4975 85 4890 202 157 115 4688 589 400 189 4099 88 4011 187 83 59 104 60 97 79
is_linear=0
shrinkage=0.00517761


Tree=100
num_leaves=30
num_cat=0
split_feature=27 14 40 11 52 14 52 65 49 63 59 46 60 10 45 1 19 5 59 53 49 53 38 13 3 40 47 60 55
split_gain=4.15717 6.19271 5.91911 10.0893 5.65136 13.5893 10.9457 18.4744 12.6295 18.405 11.1333 10.0264 16.8218 9.21478 8.47563 10.7172 8.43171 7.85184 7.68799 10.0085 10.6231 7.63147 10.8686 7.7471 7.53095 6.29717 6.24351 5.70267 5.31475
threshold=31.000000000000004 11.500000000000002 34.45000000000001 1.5000000000000002 10.500000000000002 3.5000000000000004 4.5000000000000009 5.5000000000000009 0.41421568627450983 1.5000000000000002 -1.0000000180025095e-35 11.500000000000002 0.062114197530864161 1.0000000180025095e-35 9.5000000000000018 28.500000000000004 38.500000000000007 3.5000000000000004 -124.99999999999999 14.500000000000002 0.71825396825396837 13.500000000000002 6.5000000000000009 1.0000000180025095e-35 138.50000000000003 40.050000000000004 33.650000000000013 0.058481532147742807 0.55000000000000016
decision_type=2 2 2 2 2 2 2 2 2 2 2 2 2 2 2 2 2 2 2 2 2 2 2 2 2 2 2 2 2
left_child=1 4 3 -3 6 18 8 16 9 -1 -11 12 -9 14 -7 -16 27 -13 19 20 -6 22 -20 -23 -15 26 -10 -8 -4
right_child=-2 2 28 -5 5 13 7 11 25 10 -12 17 -14 24 15 -17 -18 -19 21 -21 -22 23 -24 -25 -26 -27 -28 -29 -30
leaf_value=-0.0069653634058916072 -0.0045733870826310001 -0.006325842994362247 0.0053684854618000731 0.002723135593942209 0.00089169764906113502 0.0041011184986337792 -0.0073897831029507473 -0.0043155871578148524 -0.0027686321264375189 0.00081627390358376517 -0.001792208181103276 0.0030051515311135938 0.00079399568771093044 -0.00026565889079247651 -0.00042885871157285577 -0.0081343133379722429 0.0032771583044248873 -0.001647853656799748 0.0023648974279924895 -0.0049348781450123738 0.0042655319185224165 7.6126983801279004e-05 -0.00064685015342116632 0.0037809249871065269 -0.0068911074760812704 -0.0029268613140259535 0.0027558791094094122 -0.0034783157833370589 0.00055014442793686533
leaf_weight=11.236493229866026 5.2329666689038268 5.2367512062191954 15.70648153498769 8.6947277896106225 64.304843086749315 8.5206437259912473 13.695540852844713 31.999834503978491 5.9099622853100291 116.95489444956183 70.097648104652762 31.314842019230127 37.400484139099717 6.8868987783789661 31.849307015538216 5.6418262571096411 3.9499570652842513 14.034140493720768 38.191981337964535 5.4766928702592841 40.939727298915386 30.838011659681797 200.19577904604375 29.652140323072672 13.822516180574892 6.6477557234466067 68.159257316961884 37.666093675419688 10.076724935322998
leaf_count=91 48 33 45 37 317 33 118 222 34 576 472 133 184 35 178 50 20 92 181 44 139 169 1152 108 124 39 275 268 42
internal_value=0 2.51095e-05 0.00202541 -0.00069175 -6.08697e-05 0.000331973 -0.000477553 -0.00151266 0.000153561 -0.000549287 -0.00016151 -0.000327137 -0.00156377 -0.00183371 -0.000540437 -0.00160084 -0.00396873 0.00156477 0.000685001 0.00185001 0.00220601 0.000253083 -0.000163795 0.00189445 -0.00469594 0.00187928 0.00231293 -0.00452957 0.00349179
internal_weight=0 965.102 39.7147 13.9315 925.387 476.32 449.067 170.061 279.006 198.289 187.053 114.749 69.4003 66.7212 46.0118 37.4911 55.3116 45.349 409.599 110.721 105.245 298.878 238.388 60.4902 20.7094 80.717 74.0692 51.3616 25.7832
internal_count=5259 5211 157 70 5054 2530 2524 1037 1487 1139 1048 631 406 420 261 228 406 225 2110 500 456 1610 1333 277 159 348 309 386 87
is_linear=0
shrinkage=0.00517761


Tree=101
num_leaves=30
num_cat=0
split_feature=3 55 64 42 39 40 59 47 53 56 64 19 5 56 61 58 49 64 32 42 27 49 38 40 60 55 64 64 28
split_gain=4.16104 5.73514 5.28517 13.7289 10.8264 15.0613 8.23864 11.1833 8.46976 6.36071 5.60453 5.48506 4.86343 9.35069 6.59045 4.55424 8.43946 4.56519 5.85141 5.43985 9.75788 4.8637 9.87365 6.90098 3.33516 3.26034 2.49282 1.82445 0.457785
threshold=2.5000000000000004 6.5500000000000007 7.8500000000000005 0.63961038961038974 6.5000000000000009 34.150000000000013 -1.0000000180025095e-35 36.050000000000004 4.5000000000000009 0.69615384615384623 3.7500000000000004 13.500000000000002 1.0000000180025095e-35 0.56696428571428581 0.11814556331006977 -14.499999999999998 0.82843137254901966 2.2500000000000004 1.0000000180025095e-35 0.14835164835164832 3.5000000000000004 0.72474747474747481 115.00000000000001 42.550000000000004 0.13221420643729193 0.35000000000000003 4.3500000000000005 114.50000000000001 1.0000000180025095e-35
decision_type=2 2 2 2 2 2 2 2 2 2 2 2 2 2 2 2 2 2 2 2 2 2 2 2 2 2 2 2 2
left_child=2 15 4 9 5 10 -5 8 -8 11 -1 12 13 -4 -14 16 -2 19 21 -17 -21 23 -23 -19 -20 26 -7 -9 -13
right_child=1 -3 3 6 -6 25 7 27 -10 -11 -12 28 14 -15 -16 17 -18 18 24 20 -22 22 -24 -25 -26 -27 -28 -29 -30
leaf_value=-0.0082925279336429382 -0.0079835703784886646 0.0047802568354032111 -0.004676870456031444 0.0039879968006431687 -0.0061371811499348972 0.0036680398947536775 -0.0040463751796400828 -0.0086464471894514717 0.003967457521979678 -0.007910542269111984 -0.00021794290431985971 -0.0079514834467803788 0.0037863868206107093 0.0042710271784352372 -0.0025139829315285098 0.0051153790363433769 0.0027038934771014145 -0.00023729503750140839 -0.0067068244776251227 -0.00363178372173752 0.0036025583426379862 0.0011650629894651824 -0.0027368434376597479 0.0030445669218208365 0.00013466138335848138 0.0011291516388670206 0.0079398190727507194 -0.0033453638483041414 -0.0051054929993295207
leaf_weight=3.6641437783837336 4.908804025501011 6.992432326078414 20.133952360600237 14.287214763462542 5.0493352040648452 7.783512234687807 5.1322750896215501 3.971377605572342 11.003701522946356 6.5670774374157181 6.04197908192873 3.7115328200161448 7.9154519625008133 3.6508653089404097 9.9956332445144636 10.424022756516935 3.2461429461836815 566.76312828250229 5.2824970278888923 8.6433813311159629 11.664809606969355 182.74307459779084 19.148971639573574 17.646860044449568 2.9649885408580303 5.661795997992157 7.2432569153606892 3.2984850853681564 3.660938523709774
leaf_count=31 47 20 175 44 45 36 38 33 41 69 42 40 41 15 87 26 13 3124 77 44 39 827 107 70 18 34 21 21 34
internal_value=0 0.000132816 -0.000866439 -0.00151259 0.000834441 0.00200359 0.000899083 -0.000992124 0.0014121 -0.00314572 -0.00330221 -0.00249811 -0.00176395 -0.00329515 0.000273729 9.34414e-05 -0.00374116 0.000131636 5.58113e-05 0.0020875 0.000521487 0.000101495 0.000794175 -0.000137853 -0.00426514 0.00449569 0.00575327 -0.00629382 -0.00659694
internal_weight=0 840.429 128.773 93.3285 35.444 30.3947 37.6931 23.4058 16.136 55.6355 9.70612 49.0684 41.6959 23.7848 17.9111 833.437 8.15495 825.282 794.55 30.7322 20.3082 786.302 201.892 584.41 8.24749 20.6886 15.0268 7.26986 7.37247
internal_count=5259 4412 847 638 209 164 177 133 79 461 73 392 318 190 128 4392 60 4332 4223 109 83 4128 934 3194 95 91 57 54 74
is_linear=0
shrinkage=0.00517761


Tree=102
num_leaves=21
num_cat=0
split_feature=54 54 1 54 58 61 64 48 7 57 42 48 46 13 54 14 62 40 49 60
split_gain=4.32496 5.48656 11.393 7.10445 5.86601 12.4381 11.4179 10.7798 10.0848 6.50796 10.2937 9.43572 6.42863 6.24904 6.22253 9.90352 7.65962 5.65283 2.32124 0.425288
threshold=43.900000000000006 40.550000000000004 20.500000000000004 40.45000000000001 -1.0000000180025095e-35 0.077524038461538464 130.25000000000003 2.7500000000000004 20.500000000000004 -4.2499999999999991 0.74166666666666681 2.4500000000000006 16.500000000000004 1.5000000000000002 13.750000000000002 3.5000000000000004 1.5000000000000002 35.050000000000004 0.20714285714285713 0.047338935574229656
decision_type=2 2 2 2 2 2 2 2 2 2 2 2 2 2 2 2 2 2 2 2
left_child=1 3 18 4 5 12 7 -7 -8 10 11 -6 13 -1 15 -11 -16 -12 -3 -20
right_child=-2 2 -4 -5 9 6 8 -9 -10 14 17 -13 -14 -15 16 -17 -18 -19 19 -21
leaf_value=-0.0039925933955863848 0.0044383585802741723 -0.0024829508826584644 0.0053811746215960141 0.0056155022827828966 -0.0052594338881316541 -0.00025538913724335331 0.0041756020867865923 -0.005979951653665206 -0.0010632164883233818 0.00054613856044716008 0.0039286426429328463 0.0044324291668664624 0.0038232450063046199 -0.0007106838831057188 0.0021762916756865426 0.0061040505607767278 9.2364602899417604e-05 -0.0022107317708106758 -0.0088710690191794225 -0.0058193048775189776
leaf_weight=43.443165365606546 5.7839938998222342 3.574691638350485 3.0543358400464049 5.9768964312970629 19.643945369869474 288.16951468214393 28.950867265462875 9.0309978276491147 14.876581296324728 24.054524280130863 9.771907255053522 3.0669241957366458 4.0890914127230635 24.264985200017691 53.545590978115797 13.321342803537844 400.63174271583557 6.7417813763022414 3.9933525938540697 2.7154783383011818
leaf_count=354 16 28 8 17 173 1640 97 69 90 117 32 12 14 159 231 35 2064 36 41 26
internal_value=0 -2.69631e-05 -0.00331638 1.94624e-05 -1.63691e-05 -0.000479224 -6.66736e-05 -0.000430651 0.00239832 0.000343633 -0.00168416 -0.00394132 -0.00243685 -0.00281836 0.00050566 0.00253449 0.000338344 0.00142307 -0.00591806 -0.0077055
internal_weight=0 962.918 13.3379 949.58 943.603 412.825 341.028 297.201 43.8274 530.778 39.2246 22.7109 71.7972 67.7082 491.553 37.3759 454.177 16.5137 10.2835 6.70883
internal_count=5259 5243 103 5140 5123 2423 1896 1709 187 2700 253 185 527 513 2447 152 2295 68 95 67
is_linear=0
shrinkage=0.00517761


Tree=103
num_leaves=16
num_cat=0
split_feature=59 54 54 1 54 58 61 64 42 57 57 49 40 47 57
split_gain=4.31463 4.42896 4.44366 11.0474 6.60052 5.67918 11.8405 12.1338 6.17662 5.94418 10.1174 7.88842 3.59872 2.28992 0.397196
threshold=590.00000000000011 43.900000000000006 40.550000000000004 20.500000000000004 40.45000000000001 -1.0000000180025095e-35 0.077524038461538464 130.25000000000003 0.97222222222222232 3.7500000000000004 2.7500000000000004 0.77350427350427364 36.750000000000007 39.550000000000004 1.7500000000000002
decision_type=2 2 2 2 2 2 2 2 2 2 2 2 2 2 2
left_child=1 2 4 13 5 6 8 -8 -1 10 -7 -11 -2 14 -4
right_child=12 -3 3 -5 -6 9 7 -9 -10 11 -12 -13 -14 -15 -16
leaf_value=-0.0029557563471833679 7.3211447221231877e-05 0.0045762363639984425 -0.0084286357943467571 0.0055690133192788501 0.0054064515279404904 0.00037087876542208113 -0.00042463402680493448 0.0024897637029761776 0.0016065265921133942 0.00050190982499618479 -0.0029029129474171045 0.0048278042895201169 -0.0076575743367175066 -0.0014696659827376974 -0.0055400715112916103
leaf_weight=61.925013795495033 2.9188913591206065 5.6404989957809439 4.13145839050412 2.9558015912771216 6.0424410216510287 450.75924028083682 295.66602633334696 43.927218489348888 9.0819778274744731 30.908984888345003 26.744864406064153 17.766041019931436 3.5380172152072191 2.4623286426067352 2.8099388889968395
leaf_count=478 19 14 40 7 17 2259 1703 183 43 169 174 61 43 19 30
internal_value=0 2.84895e-05 1.31367e-06 -0.00307476 4.18567e-05 6.86882e-06 -0.000449449 -4.72222e-05 -0.0023712 0.000362975 0.000187127 0.00208535 -0.00419669 -0.00581218 -0.00732342
internal_weight=0 960.822 955.181 12.3595 942.822 936.779 410.6 339.593 71.007 526.179 477.504 48.675 6.45691 9.40373 6.9414
internal_count=5259 5197 5183 96 5087 5070 2407 1886 521 2663 2433 230 62 89 70
is_linear=0
shrinkage=0.00517761


Tree=104
num_leaves=16
num_cat=0
split_feature=59 54 54 1 54 58 61 64 46 57 57 49 40 47 57
split_gain=3.93334 4.07575 4.25182 10.5444 6.33105 5.72968 10.941 11.5231 6.36035 6.00407 9.24779 7.918 3.43622 2.04629 0.351707
threshold=590.00000000000011 43.900000000000006 40.550000000000004 20.500000000000004 40.45000000000001 -1.0000000180025095e-35 0.077524038461538464 130.25000000000003 16.500000000000004 3.7500000000000004 2.7500000000000004 0.77350427350427364 36.750000000000007 39.550000000000004 1.7500000000000002
decision_type=2 2 2 2 2 2 2 2 2 2 2 2 2 2 2
left_child=1 2 4 13 5 6 8 -8 -1 10 -7 -11 -2 14 -4
right_child=12 -3 3 -5 -6 9 7 -9 -10 11 -12 -13 -14 -15 -16
leaf_value=-0.0026880517433782091 6.3502113008803232e-05 0.004375556269637336 -0.008279073124037058 0.0054736786430766597 0.0052835534071191768 0.00036059407117910303 -0.00043553802799362257 0.002400331637763241 0.0039851237168774499 0.00048402694149401852 -0.0027825633012656032 0.0047841012153626459 -0.0075809656804788324 -0.0016062587398879527 -0.0054971242194001291
leaf_weight=66.617672014981508 2.9155868403613558 5.6768374517559996 3.999662481248377 2.9007826894521704 6.0662380754947653 450.74461250007153 295.84896823763847 44.074374802410603 4.0042616054415694 30.843107659369707 26.506709013134241 18.238102382048965 3.3591889664530754 2.4146245121955872 2.7620401922613382
leaf_count=508 19 14 40 7 17 2259 1703 183 13 169 174 61 43 19 30
internal_value=0 2.68251e-05 6.68489e-07 -0.00304351 3.98744e-05 5.5455e-06 -0.00045287 -6.74286e-05 -0.00230623 0.000363137 0.000185649 0.00208629 -0.00406449 -0.00575642 -0.00720774
internal_weight=0 960.698 955.021 12.0771 942.944 936.878 410.545 339.923 70.6219 526.333 477.251 49.0812 6.27478 9.17633 6.7617
internal_count=5259 5197 5183 96 5087 5070 2407 1886 521 2663 2433 230 62 89 70
is_linear=0
shrinkage=0.00517761


Tree=105
num_leaves=29
num_cat=0
split_feature=64 32 31 40 54 49 64 42 4 4 27 22 24 61 54 35 11 55 11 5 61 47 40 7 60 62 3 60
split_gain=3.94386 5.87197 5.05871 9.11718 9.94232 11.2689 7.42841 6.47967 8.20554 9.97524 13.6929 6.50646 5.18464 8.09853 11.5044 5.91282 10.4696 6.70996 3.74679 4.22336 3.44941 3.15686 3.04352 4.09625 2.83838 2.56525 0.899451 0.357039
threshold=2.5500000000000003 1.0000000180025095e-35 15.500000000000002 34.150000000000013 35.550000000000004 0.4330357142857143 91.40000000000002 0.080128205128205107 4.5000000000000009 2.5000000000000004 4.5000000000000009 1.0000000180025095e-35 3.5000000000000004 0.37546992481203006 33.95000000000001 1.0000000180025095e-35 1.5000000000000002 2.3500000000000001 6.5000000000000009 1.5000000000000002 0.35968067651142249 35.750000000000007 35.150000000000013 29.500000000000004 0.13221420643729193 5.5000000000000009 27.500000000000004 0.086313324819071918
decision_type=2 2 2 2 2 2 2 2 2 2 2 2 2 2 2 2 2 2 2 2 2 2 2 2 2 2 2 2
left_child=18 2 7 26 5 6 -5 8 9 10 -2 25 15 14 -14 17 -17 -9 19 20 -1 -7 23 -21 27 -10 -4 -3
right_child=1 24 3 4 -6 21 -8 12 11 -11 -12 -13 13 -15 -16 16 -18 -19 -20 22 -22 -23 -24 -25 -26 -27 -28 -29
leaf_value=0.0019652999877140813 -0.00044180767558488475 -0.0076559016540315664 0.0034467173882566471 -0.0080312823452422417 -0.0072499513835733191 0.0012088393388095954 0.001513620393974124 -8.366555291611649e-05 -0.007230771727725886 0.0041518641310575649 -0.0077184792693839616 0.0033511817781514521 0.0053694992859954337 0.0072085818582770227 -0.0034436871418702464 -0.0061108939866161907 -0.00059210961758041092 0.0015022260545522737 -0.0022867241687447083 0.0050352705623976611 -0.0024870036699355179 0.0063449229180040003 0.0057769802989324137 -0.00099203315861387271 -0.00016816768641848265 -0.0032766223112984782 0.0060737738155579226 -0.0044228324459753623
leaf_weight=12.277488045394422 54.813418669626117 3.5482597853988391 6.6002936586737624 4.3247776366770321 4.2966446280479422 5.4226904772222024 4.315780445933342 606.81022609211504 9.5273519046604687 10.160362591966985 7.8720766156911841 2.5691282078623763 7.0505895949900177 6.7191627733409396 8.9161309190094453 11.012217704206703 54.922627750784159 81.009127078577876 6.181221477687358 5.6472443193197268 7.4327899254858485 7.9347488842904568 9.5263995006680471 6.377895426005125 2.728180430829525 8.4959366582334024 8.4244081750512105 1.7305493243038652
leaf_count=43 307 56 24 44 42 34 23 3275 102 40 67 11 21 14 55 90 332 374 32 16 41 20 24 31 18 78 22 23
internal_value=0 -7.51784e-05 -3.62192e-05 0.00173239 -0.000108161 0.00130408 -0.0032879 -0.00012036 -0.00140801 -0.000590549 -0.00136287 -0.00428838 3.46983e-05 0.00246983 0.000453803 -3.87954e-05 -0.00151912 0.000103234 0.00145465 0.00201802 0.000283351 0.00427647 0.00359852 0.00185012 -0.00447146 -0.00538593 0.00494024 -0.00666486
internal_weight=0 919.205 911.198 41.3193 26.2946 21.998 8.64056 869.878 93.4383 72.8459 62.6855 20.5924 776.44 22.6859 15.9667 753.754 65.9348 687.819 47.443 41.2618 19.7103 13.3574 21.5515 12.0251 8.00699 18.0233 15.0247 5.27881
internal_count=5259 5072 4975 209 163 121 67 4766 605 414 374 191 4161 90 76 4071 422 3649 187 155 84 54 71 47 97 180 46 79
is_linear=0
shrinkage=0.00517761


Tree=106
num_leaves=30
num_cat=0
split_feature=46 57 58 1 45 53 57 47 62 49 7 53 7 41 48 5 63 2 0 65 47 12 7 27 47 38 7 61 64
split_gain=3.93074 14.9541 11.4871 11.1461 10.1781 10.3409 7.38619 9.5505 11.5874 18.7239 11.2462 10.6658 10.2749 12.7415 11.0219 10.533 9.34287 8.86785 10.8421 8.21235 10.6605 10.3802 8.97841 10.0833 8.58807 9.20405 8.23789 8.06431 8.04069
threshold=13.500000000000002 -3.7499999999999996 -11.499999999999998 14.500000000000002 11.500000000000002 15.500000000000002 -2.7499999999999996 35.550000000000004 4.5000000000000009 0.65686274509803932 1.0000000180025095e-35 14.500000000000002 5.5000000000000009 4.0500000000000007 0.95000000000000007 1.0000000180025095e-35 3.5000000000000004 6.5000000000000009 1.0000000180025095e-35 11.500000000000002 35.350000000000001 1.0000000180025095e-35 13.500000000000002 2.5000000000000004 33.95000000000001 55.000000000000007 12.500000000000002 0.15184453227931485 5.4500000000000011
decision_type=2 2 2 2 2 2 2 2 2 2 2 2 2 2 2 2 2 2 2 2 2 2 2 2 2 2 2 2 2
left_child=6 -2 -3 -4 -5 -6 19 10 -9 11 28 -10 15 14 -14 16 -12 18 -11 20 24 26 -21 -24 25 -1 -22 -17 -8
right_child=1 2 3 4 5 -7 7 8 9 17 12 -13 13 -15 -16 27 -18 -19 -20 22 21 -23 23 -25 -26 -27 -28 -29 -30
leaf_value=-0.0022879008045233922 -0.0058755295531973577 -0.0063656281936590505 0.0022653592007898997 0.0021742016484505261 -0.0081153049367932439 0.0026304516568281954 0.00063603511288337058 -6.4186634251003604e-05 -0.0052189933239509536 -0.0033857746398310838 -0.003187039007194358 0.0021504295942919461 -0.00053124515555060469 -0.0075826231201676642 0.0019620536071418017 0.0064446397715188924 0.001287501912128175 -0.004148294119239909 0.0038338135169893811 0.0051466338337487431 -0.006306770035454737 0.0033666360308247547 -0.0041541549625146411 0.0035239105167715712 -0.0028203962549973277 0.0048006433718060255 0.0019778442105665276 0.0017213727361715312 -0.0043571894050267734
leaf_weight=9.356251887977125 8.3482829034328443 5.0362896285951129 102.62524874322116 9.2562520392239112 8.3824240975081903 3.3153017424046984 13.042481601238249 93.178853742778301 51.795655615627766 7.7668771408498314 15.225297689437864 5.8226392306387416 269.35761634260416 6.1359553262591353 57.644564470276237 16.675824960693717 68.71103323623538 9.017549626529215 19.332182135432959 21.875377677381039 6.2058792114257795 35.820779774338007 7.9154373221099403 10.709430895745752 37.214835304766893 10.198671501129864 6.5567432083189487 23.181452874094248 25.479796972125769
leaf_count=61 70 43 458 40 71 15 57 529 433 61 89 31 1604 50 237 45 302 60 67 65 54 128 58 42 244 31 35 99 180
internal_value=0 0.000812296 0.00124923 0.00156285 -0.00187384 -0.00507168 -0.000134384 -0.000360458 -0.00135751 -0.00264215 1.58063e-05 -0.00447257 0.000242459 -0.00023087 -9.13973e-05 0.00151571 0.000473926 0.000280689 0.0017612 0.000922937 0.000160585 0.00193961 0.00290241 0.000257345 -0.00136229 0.0014125 -0.00206191 0.00370507 -0.0026683
internal_weight=0 136.964 128.616 123.579 20.954 11.6977 828.221 682.368 186.914 93.7349 495.454 57.6183 456.932 333.138 327.002 123.794 83.9363 36.1166 27.0991 145.853 105.353 48.5834 40.5002 18.6249 56.7698 19.5549 12.7626 39.8573 38.5223
internal_count=5259 697 627 584 126 86 4562 3844 1181 652 2663 464 2426 1891 1841 535 391 188 128 718 553 217 165 100 336 92 89 144 237
is_linear=0
shrinkage=0.00517761


Tree=107
num_leaves=30
num_cat=0
split_feature=64 32 31 40 54 49 64 42 4 57 4 22 24 61 54 35 11 55 61 63 55 63 60 47 60 62 31 3 60
split_gain=3.91641 5.55872 4.93967 8.64095 9.60186 10.4683 7.32944 6.32238 7.51813 9.62838 8.96313 6.86013 4.90915 7.88608 10.7256 4.87581 10.2774 6.05315 3.57711 10.6877 11.7636 9.46475 4.93269 2.95713 2.81649 2.5692 1.66611 0.803661 0.385757
threshold=2.5500000000000003 1.0000000180025095e-35 15.500000000000002 34.150000000000013 35.550000000000004 0.4330357142857143 91.40000000000002 0.080128205128205107 4.5000000000000009 -0.74999999999999989 2.5000000000000004 1.0000000180025095e-35 3.5000000000000004 0.37546992481203006 33.95000000000001 1.0000000180025095e-35 1.5000000000000002 2.3500000000000001 0.19760264140109099 12.500000000000002 0.35000000000000003 5.5000000000000009 -1.0000000180025095e-35 35.750000000000007 0.13221420643729193 5.5000000000000009 1.0000000180025095e-35 27.500000000000004 0.086313324819071918
decision_type=2 2 2 2 2 2 2 2 2 2 2 2 2 2 2 2 2 2 2 2 2 2 2 2 2 2 2 2 2
left_child=18 2 7 27 5 6 -5 8 9 10 -2 25 15 14 -14 17 -17 -9 22 20 21 -20 -1 -7 28 -10 -11 -4 -3
right_child=1 24 3 4 -6 23 -8 12 11 26 -12 -13 13 -15 -16 16 -18 -19 19 -21 -22 -23 -24 -25 -26 -27 -28 -29 -30
leaf_value=-2.5238861565401262e-05 -0.00077018733562737613 -0.0076198592115726931 0.0034433073505893259 -0.0079998110194129529 -0.0072463545860841569 0.0011994913926871354 0.0015655715780340336 -8.7392675437164471e-05 -0.0072211824806459358 -0.0077712859112513263 0.0046712381789407098 0.0035702210162555912 0.0052095538884878358 0.0071334766914236932 -0.0033317034220089066 -0.0060074459998329171 -0.00047696204026758467 0.0014194820298193082 0.0039773602434792525 0.006325064814362855 -0.0067494883612460995 -0.0038433767310951088 0.0058592009097238398 0.0061847887962082583 -5.836638706631617e-05 -0.0032380610370202493 -0.0022281937976479549 0.0059369189608940182 -0.0042836779848413895
leaf_weight=6.4389378204941741 55.616259533911943 3.4796691052615634 6.644289754331111 4.1898331195116096 4.1462923027575007 5.4231157824397069 4.2965932674705982 605.65971839427948 9.2107450626790577 5.2196127176284781 9.4333864226937276 2.6252632886171332 6.9672893583774593 6.612858533859252 8.8992374055087549 10.71953118778765 54.748460877686739 80.956475436687469 11.331966683268556 6.4823346436023703 7.0241760723292819 6.4587825797498217 9.3102227225899679 7.825019683688879 2.6774794571101665 8.5330381318926793 2.1034084316343069 8.2917650043964368 1.7244337499141691
leaf_count=27 303 56 24 44 42 34 23 3275 102 57 31 11 21 14 55 90 332 374 38 14 45 39 24 20 18 78 23 22 23
internal_value=0 -7.48727e-05 -3.71327e-05 0.00172162 -9.02362e-05 0.00129253 -0.00318167 -0.000120034 -0.00139707 -0.000613318 2.27793e-05 -0.00417054 3.29707e-05 0.00241359 0.000424641 -3.83834e-05 -0.00138774 9.03893e-05 0.00145585 0.000440474 -0.00110925 0.00113409 0.003463 0.00416056 -0.00438613 -0.00532513 -0.00621406 0.00484807 -0.00658304
internal_weight=0 916.004 908.122 40.8169 25.8809 21.7346 8.48643 867.305 92.7417 72.3727 65.0496 20.369 774.564 22.4794 15.8665 752.084 65.468 686.616 47.0464 31.2973 24.8149 17.7907 15.7492 13.2481 7.88158 17.7438 7.32302 14.9361 5.2041
internal_count=5259 5072 4975 209 163 121 67 4766 605 414 334 191 4161 90 76 4071 422 3649 187 136 122 77 51 54 97 180 80 46 79
is_linear=0
shrinkage=0.00517761


Tree=108
num_leaves=25
num_cat=0
split_feature=64 32 64 47 31 40 54 49 42 4 57 22 24 61 46 11 17 61 63 55 60 42 56 60
split_gain=3.78362 5.40759 4.85913 7.93369 5.20291 7.76289 9.65243 9.17794 6.24961 7.02841 9.79422 6.89773 4.61998 7.48779 4.90543 3.49648 4.12872 5.05648 8.18898 6.81577 2.82069 1.8638 0.777434 0.352552
threshold=2.5500000000000003 1.0000000180025095e-35 2.9500000000000006 33.350000000000001 15.500000000000002 34.150000000000013 35.550000000000004 0.4330357142857143 0.080128205128205107 4.5000000000000009 -0.74999999999999989 1.0000000180025095e-35 3.5000000000000004 0.37546992481203006 13.500000000000002 6.5000000000000009 1.5000000000000002 0.12220009955201593 11.500000000000002 0.35000000000000003 0.13221420643729193 0.41421568627450983 0.2752525252525253 0.086313324819071918
decision_type=2 2 2 2 2 2 2 2 2 2 2 2 2 2 2 2 2 2 2 2 2 2 2 2
left_child=15 2 3 -2 8 -6 7 -7 9 10 -4 -11 14 -14 -10 16 17 -1 19 21 23 -19 -5 -3
right_child=1 20 4 22 5 6 -8 -9 12 11 -12 -13 13 -15 -16 -17 -18 18 -20 -21 -22 -23 -24 -25
leaf_value=0.0041849009318438539 0.001247935478673514 -0.0075848660355675541 7.0301826742741016e-05 -0.0049265098917527037 0.0047950400843929254 -0.0028695304666137888 -0.007188534070467263 0.0041459912358668581 -0.00018401697285041997 -0.0052563024628386112 -0.0063234572612870426 0.0035568701967122127 0.00042769877628660803 0.0070262269079267832 0.00094377014606477141 -0.0022050690934343311 0.0051587180336223788 -0.0015709136128947458 0.0054198800398215672 -0.0061223200945035193 -3.6677278014145865e-05 0.0027752386713725983 -0.0088841829813559349 -0.0043416105739024916
leaf_weight=9.9090533554553968 5.3921962976455671 3.4172056689858428 62.233473312109709 2.6308434307575226 14.818210251629351 7.9983471073210302 4.0397127568721762 13.103221904486416 620.52636584825814 17.410026047378782 7.0952791832387438 2.7080178111791602 15.330172598361971 6.5337523259222499 123.9927733913064 6.0881639346480361 8.5915602222084981 5.2359326183795982 5.1530659645795813 6.5118863992393008 2.6865472532808781 5.2160277962684631 3.6205051317811012 1.7038909010589121
leaf_count=27 25 56 321 24 45 62 42 53 3398 178 79 11 74 14 613 32 24 28 13 39 18 24 36 23
internal_value=0 -7.33984e-05 -3.63189e-05 -0.00335004 6.99127e-06 0.00183156 7.66799e-05 0.00148591 -7.83282e-05 -0.0013729 -0.000589377 -0.00406196 7.28637e-05 0.00241507 3.86545e-06 0.00143638 0.00198503 0.00112458 -0.000254687 -0.00199311 -0.00434572 0.000601324 -0.00728849 -0.00657593
internal_weight=0 915.241 907.433 11.6435 895.789 39.9595 25.1413 21.1016 855.83 89.4468 69.3288 20.118 766.383 21.8639 744.519 46.7057 40.6175 32.026 22.1169 16.9638 7.80764 10.452 6.25135 5.1211
internal_count=5259 5072 4975 85 4890 202 157 115 4688 589 400 189 4099 88 4011 187 155 131 104 91 97 52 60 79
is_linear=0
shrinkage=0.00517761


Tree=109
num_leaves=26
num_cat=0
split_feature=59 48 2 31 59 19 23 61 47 47 65 56 65 64 0 38 59 58 59 64 47 40 58 56 41
split_gain=3.78077 3.83609 3.98026 10.2056 8.39693 6.95147 5.88014 7.36515 14.2149 10.5522 9.34394 7.6325 6.61576 9.72737 8.42826 8.53047 6.84214 5.63989 5.58929 6.23729 5.53619 3.39809 1.89579 0.812366 0.593181
threshold=590.00000000000011 8.9500000000000011 1.0000000180025095e-35 9.5000000000000018 335.00000000000006 19.500000000000004 1.0000000180025095e-35 0.067231638418079068 39.150000000000013 38.45000000000001 8.5000000000000018 0.40588235294117653 14.500000000000002 361.9500000000001 7.5000000000000009 85.000000000000014 385.00000000000006 -1.4999999999999998 -1.0000000180025095e-35 51.850000000000001 36.650000000000013 36.750000000000007 -1.4999999999999998 0.17156862745098037 1.3500000000000003
decision_type=2 2 2 2 2 2 2 2 2 2 2 2 2 2 2 2 2 2 2 2 2 2 2 2 2
left_child=1 2 3 4 5 20 12 8 11 10 -9 -8 13 16 15 -14 -4 -7 -5 -20 -1 -2 -11 -6 -16
right_child=21 -3 6 18 23 17 7 9 -10 22 -12 -13 14 -15 24 -17 -18 -19 19 -21 -22 -23 -24 -25 -26
leaf_value=-1.6869537050631384e-05 6.7095785076750998e-05 0.0044161990601294084 0.00037205232269978724 0.0049410460833423722 -0.0039828860312742884 4.8215493836915837e-05 -0.0012461657031969623 -0.000853776285408916 0.0047087359983247019 -0.0032535521284423534 0.0016352326754892669 -0.0069833113044411223 -0.0028237030998926583 0.0065128082888199984 -0.0053787378221998644 0.0027048313799994885 0.0027826250118342718 -0.0070288408235349509 -0.0057152716400108048 0.003054280485416058 -0.0022609118120686554 -0.0075928630107075599 -0.0089687941028257449 -0.0077659199077380016 -0.0091395192625529954
leaf_weight=134.67342398501933 2.9065228402614585 5.240334913134574 449.21102875843644 12.716784082353117 2.6440362967550746 4.7618981488049021 10.968840882182127 105.39401886798441 5.3839755654335013 2.8359946683049202 65.507385360077024 14.393260616809128 18.507805511355404 7.3606009557843199 2.4762310199439517 12.464080803096293 33.889519535005093 8.1688978187739831 3.5085374526679498 5.4839114509522915 37.664313677698374 3.2603470999747515 3.7273384146392337 4.6139308866113424 3.0094482116401196
leaf_count=800 19 15 2140 42 26 29 83 663 18 25 330 127 135 15 23 55 128 82 37 27 269 43 35 63 30
internal_value=0 2.62423e-05 1.69879e-06 -0.000619202 -0.000998916 -0.000783629 0.000182692 -0.000553831 -0.0028905 -0.000148042 0.000100506 -0.00451196 0.000473771 0.000632014 -0.00165221 -0.000597647 0.000541523 -0.00443525 0.00274081 -0.000383443 -0.000508014 -0.00401936 -0.00655717 -0.00643693 -0.00752718
internal_weight=0 954.606 949.365 214.236 192.527 185.269 735.13 208.211 30.7461 177.465 170.901 25.3621 526.919 490.461 36.4576 30.9719 483.101 12.9308 21.7092 8.99245 172.338 6.16687 6.56333 7.25797 5.48568
internal_count=5259 5197 5182 1375 1269 1180 3807 1281 228 1053 993 210 2526 2283 243 190 2268 111 106 64 1069 62 60 89 53
is_linear=0
shrinkage=0.00517761


Tree=110
num_leaves=30
num_cat=0
split_feature=42 42 59 57 27 55 61 1 62 54 61 52 57 47 41 58 45 56 52 60 61 59 13 4 54 56 29 47 49
split_gain=3.80079 7.91426 7.6638 7.96967 14.6558 10.1302 12.9947 10.2191 8.81139 7.95488 6.99183 14.321 6.96256 10.4425 7.99775 6.59819 9.29844 9.45702 8.66765 8.64481 10.6288 14.4977 8.57982 8.25174 8.07459 9.70431 6.55554 9.59261 6.45723
threshold=0.63961038961038974 0.64495798319327746 -949.99999999999989 -2.7499999999999996 5.5000000000000009 1.0500000000000003 0.23845060412224586 18.500000000000004 1.5000000000000002 33.650000000000013 0.34708049886621323 25.000000000000004 -4.2499999999999991 35.150000000000013 6.1500000000000012 3.5000000000000004 8.5000000000000018 0.12132352941176471 15.500000000000002 0.10987804878048781 0.31287650602409645 -124.99999999999999 8.5000000000000018 1.0000000180025095e-35 34.250000000000007 0.5590277777777779 1.0000000180025095e-35 36.150000000000013 0.48529411764705882
decision_type=2 2 2 2 2 2 2 2 2 2 2 2 2 2 2 2 2 2 2 2 2 2 2 2 2 2 2 2 2
left_child=12 -2 -3 5 10 6 7 -4 -6 -10 -5 -12 13 -1 15 19 24 23 -19 20 22 -22 -14 -18 -17 -26 27 -21 -15
right_child=1 2 3 4 8 -7 -8 -9 9 -11 11 -13 14 28 -16 16 17 18 -20 26 21 -23 -24 -25 25 -27 -28 -29 -30
leaf_value=-0.0062652967576354076 0.0045155325809284374 0.0039257127854559091 -0.0032737038772565254 0.00057164420785276425 0.0021282189106960657 0.005209684765810167 0.0032059755927196891 0.0033290670944509594 -0.00050637516829906727 -0.0052865783090502811 -0.006378444810202233 0.0025376640138083215 -0.00044913452671144774 -0.0021649463708148247 -0.0072155027387997873 -0.0085782200116613552 -0.0012580838194077113 -0.0010833179578321041 0.0017035989140965807 0.00074604344469041334 0.0018342025358767894 -0.0080236497178154398 -0.0046878906307780714 0.0055631777109274843 -0.003716471275959228 0.0034511272071301039 0.0033495994391083833 -0.0047926787434054525 0.0042591892550011791
leaf_weight=12.5818411745131 12.106723774224518 14.681971382349728 24.560996681451797 197.72693469002843 8.1006894595921022 16.210487566888332 27.902495574206114 8.3763712272047979 13.788581989705561 28.927335016429424 11.485835809260609 8.2485003955662233 233.98210038244724 13.980250762775542 4.1632751524448386 4.2861991487443474 6.1277382411062744 48.477113388478756 77.917305938899517 76.87756609916687 5.9219132848084 12.113722175359724 13.478407405316828 20.798611391335726 12.467293003574015 8.4324394874274713 21.249027471989393 9.3412912972271425 5.9141704961657515
leaf_count=122 36 35 136 903 33 43 94 33 73 207 97 35 1477 108 34 37 37 298 385 385 33 119 111 69 98 34 94 70 23
internal_value=0 0.000409473 0.000270572 0.000114432 -0.000307152 0.0015814 0.000609965 -0.00159107 -0.00280864 -0.00374684 0.000278049 -0.00265542 -0.000259104 -0.00258683 -0.000122749 -6.83344e-05 0.000750114 0.00122919 0.000634659 -0.000460135 -0.000961596 -0.0047917 -0.000681219 0.00401136 -0.00216164 -0.000822531 0.000778487 0.00014268 -0.000247138
internal_weight=0 372.117 360.01 345.328 268.278 77.0504 60.8399 32.9374 50.8166 42.7159 217.461 19.7343 588.11 32.4763 555.634 551.471 178.507 153.321 126.394 372.964 265.496 18.0356 247.461 26.9263 25.1859 20.8997 107.468 86.2189 19.8944
internal_count=5259 1725 1689 1654 1348 306 263 169 313 280 1035 132 3534 253 3281 3247 958 789 683 2289 1740 152 1588 106 169 132 549 455 131
is_linear=0
shrinkage=0.00517761


Tree=111
num_leaves=30
num_cat=0
split_feature=42 42 59 57 27 55 61 2 62 54 41 40 57 47 41 49 58 60 61 59 56 52 55 42 4 13 39 29 47
split_gain=4.02831 7.98658 7.48735 7.50855 13.4809 9.26866 11.3958 9.21298 8.18463 7.41668 6.93332 7.66305 6.58341 10.13 7.58226 6.31364 6.10339 8.47308 9.90997 14.232 8.12187 10.7499 12.327 10.941 8.6237 8.10628 6.7816 6.25767 8.781
threshold=0.63961038961038974 0.64495798319327746 -949.99999999999989 -2.7499999999999996 5.5000000000000009 1.0500000000000003 0.23845060412224586 22.500000000000004 1.5000000000000002 33.650000000000013 4.1500000000000012 38.150000000000013 -4.2499999999999991 35.150000000000013 6.1500000000000012 0.48529411764705882 3.5000000000000004 0.10987804878048781 0.31287650602409645 -124.99999999999999 0.12132352941176471 15.500000000000002 0.95000000000000007 0.59411764705882364 1.0000000180025095e-35 8.5000000000000018 5.5000000000000009 1.0000000180025095e-35 36.150000000000013
decision_type=2 2 2 2 2 2 2 2 2 2 2 2 2 2 2 2 2 2 2 2 2 2 2 2 2 2 2 2 2
left_child=12 -2 -3 5 10 6 7 -4 -6 -10 11 -5 13 -1 16 -15 17 18 25 -20 24 23 -23 -22 26 -14 -18 28 -19
right_child=1 2 3 4 8 -7 -8 -9 9 -11 -12 -13 14 15 -16 -17 20 27 19 -21 21 22 -24 -25 -26 -27 -28 -29 -30
leaf_value=-0.0062050938297174042 0.0045628465349937912 0.003865635457068548 -0.0026830296119008763 -0.00012218379681665361 0.0020749540604550567 0.0050287935098188002 0.0030384903907729821 0.0047458916094244618 -0.00049298045129353744 -0.005122333102272893 -0.0040596511125687374 0.0021327963987450181 -0.00046222813902820065 -0.0021498119504779352 -0.0070948644320202809 0.0042061406115182871 0.0027602195457233081 0.00071500299181202699 0.0018437829235082766 -0.0079517689747224916 -0.00077669465884030076 -0.00052711488864028882 0.003514401792238467 -0.0095059009823323781 0.0047806265296063419 -0.0045865445444955985 -0.0070403208976229396 0.0032777112171135897 -0.0046330199252161844
leaf_weight=12.363793846219776 12.017517849802969 14.919709894806145 27.172409011051059 152.76951052062213 8.0398713834583742 16.167727362364531 27.996120434254408 5.2920554354786864 13.796444740146397 28.37029530480504 9.3882888704538328 54.852688975632191 233.94076950103045 13.877445586025717 4.0980953574180594 5.9231559671461573 4.1947452314198044 77.17389845661819 5.9380089454352882 11.834435023367403 64.427142644301057 40.551534809172153 40.275185640901327 4.0291986465454093 22.303866721689701 13.449609670788048 3.3445188924670219 21.254821803420782 9.1457310467958433
leaf_count=122 36 35 152 765 33 43 94 17 73 207 57 213 1477 108 34 23 21 385 33 119 395 231 168 34 80 111 29 94 70
internal_value=0 0.000422604 0.000283088 0.000126909 -0.000282867 0.00155496 0.000621453 -0.00146468 -0.00269878 -0.00361094 0.000276696 0.000474034 -0.000266447 -0.00254148 -0.000134532 -0.000240546 -8.19912e-05 -0.000459447 -0.000956611 -0.00468394 0.000703293 0.000209762 0.00148789 -0.00129924 0.00316596 -0.000687638 -0.00161014 0.000765808 0.000145194
internal_weight=0 370.783 358.765 343.845 267.217 76.6283 60.4606 32.4645 50.2066 42.1667 217.01 207.622 588.126 32.1644 555.962 19.8006 551.863 372.737 265.163 17.7724 179.126 149.283 80.8267 68.4563 29.8431 247.39 7.53926 107.574 86.3196
internal_count=5259 1725 1689 1654 1348 306 263 169 313 280 1035 978 3534 253 3281 131 3247 2289 1740 152 958 828 399 429 130 1588 50 549 455
is_linear=0
shrinkage=0.00517761


Tree=112
num_leaves=30
num_cat=0
split_feature=42 42 59 57 27 55 61 2 61 45 58 48 8 57 63 64 38 41 64 2 55 56 63 61 48 55 38 57 63
split_gain=4.02602 9.38012 7.74334 7.04123 13.1917 8.53117 10.9594 8.73061 7.81368 7.3584 6.86757 9.80746 9.55099 6.17775 9.95011 7.86956 10.9476 7.06829 5.96732 6.00862 19.2578 11.023 7.51091 6.25329 12.6039 6.85448 4.90841 9.35502 4.32917
threshold=0.63961038961038974 0.64495798319327746 -949.99999999999989 -2.7499999999999996 5.5000000000000009 1.0500000000000003 0.23845060412224586 22.500000000000004 0.025320512820512803 10.500000000000002 -3.4999999999999996 3.1500000000000008 1.0000000180025095e-35 -4.2499999999999991 16.500000000000004 91.40000000000002 9.5000000000000018 6.1500000000000012 2.5500000000000003 1.0000000180025095e-35 0.55000000000000016 0.65686274509803932 2.5000000000000004 0.065395580898075512 0.65000000000000002 2.2500000000000004 11.500000000000002 1.0000000180025095e-35 5.5000000000000009
decision_type=2 2 2 2 2 2 2 2 2 2 2 2 2 2 2 2 2 2 2 2 2 2 2 2 2 2 2 2 2
left_child=13 -2 -3 5 10 6 7 -4 -6 -10 11 -5 -12 14 15 16 -1 18 26 20 21 -20 -22 24 -21 -25 28 -28 -15
right_child=1 2 3 4 8 -7 -8 -9 9 -11 12 -13 -14 17 -16 -17 -18 -19 19 23 22 -23 -24 25 -26 -27 27 -29 -30
leaf_value=0.0004832918354199903 0.0047985062357805055 0.0039392505700051542 -0.0026308625010191418 -0.0028553140803459767 0.0012364099339373469 0.004834544803365569 0.0029720934309909043 0.0046033386844997809 -0.0011302183081270992 -0.0056649691398572921 8.0963862678985665e-05 0.0035607305884089065 0.003022163782008435 0.0052090399640218749 0.0063824955606226648 0.0014786042218033037 -0.0073474453139715495 -0.0069515999941259111 -0.00056637810135700751 -0.0048809492884315476 0.00053953710671541145 0.0050921163790811413 -0.0053771091559465583 0.0001017540980525249 0.00012592797079468253 0.0025324098014303624 -0.0065918217626700359 0.0030180663388516991 0.00091424451463480432
leaf_weight=6.9516831897199252 12.616401143372057 14.695558056235312 27.184724200516939 33.424056991934776 10.689787372946737 16.097956940531731 27.948133058845997 5.287460468709468 16.673963781446218 22.660362541675568 137.83423128910363 7.8314969167113295 37.627954702824354 13.36728607863188 3.012175563722848 6.7271818108856669 15.232742244377731 3.9870053865015498 68.938053611665964 19.450799042358994 7.040461588650941 10.587875619530676 31.042803000658751 299.63225896470249 43.54378529638052 34.639699131250381 4.5407769046723825 6.5516349151730537 11.905356578528879
leaf_count=44 36 35 152 226 50 43 94 17 97 166 649 24 136 35 13 41 155 34 470 184 45 35 332 1648 258 136 35 23 46
internal_value=0 0.000422514 0.000267406 0.000109464 -0.000287759 0.0014933 0.000598683 -0.00144579 -0.00268248 -0.00374793 0.00026563 -0.00163348 0.000712638 -0.000266681 -0.00247915 -0.00341506 -0.00489923 -0.000139182 -8.90709e-05 -0.000232339 -0.00125997 0.000190517 -0.00428412 7.20325e-05 -0.00142345 0.000354104 0.00193599 -0.000931098 0.00319374
internal_weight=0 370.572 357.956 343.26 266.742 76.5183 60.4203 32.4722 50.0241 39.3343 216.718 41.2556 175.462 587.152 31.9238 28.9116 22.1844 555.228 551.241 514.876 117.609 79.5259 38.0833 397.267 62.9946 334.272 36.3651 11.0924 25.2726
internal_count=5259 1725 1689 1654 1348 306 263 169 313 263 1035 250 785 3534 253 240 199 3281 3247 3108 882 505 377 2226 442 1784 139 58 81
is_linear=0
shrinkage=0.00517761


Tree=113
num_leaves=30
num_cat=0
split_feature=42 42 59 61 62 57 27 15 41 60 62 47 57 47 41 49 60 56 29 49 4 60 60 61 63 61 3 1 46
split_gain=3.94305 8.66645 7.49027 6.89361 6.61976 6.12263 12.4289 9.10731 10.6257 6.32451 6.24004 5.79656 5.75283 10.0543 6.74928 6.18652 5.59711 10.6561 9.93724 8.91819 8.71244 8.21165 8.10467 7.14373 6.86046 9.69654 7.57154 5.28127 5.2167
threshold=0.63961038961038974 0.64495798319327746 -949.99999999999989 0.50384615384615394 6.5000000000000009 -2.7499999999999996 7.5000000000000009 21.500000000000004 2.8500000000000001 0.072949002217294862 1.5000000000000002 35.45000000000001 -4.2499999999999991 35.150000000000013 6.1500000000000012 0.48529411764705882 0.057307060755336557 0.4494949494949495 1.0000000180025095e-35 0.26969696969696971 10.500000000000002 0.21294035577258458 0.048583792289535757 0.17595459236326108 6.5000000000000009 0.29046043562172602 20.500000000000004 13.500000000000002 11.500000000000002
decision_type=2 2 2 2 2 2 2 2 2 2 2 2 2 2 2 2 2 2 2 2 2 2 2 2 2 2 2 2 2
left_child=12 -2 -3 5 -5 7 9 8 -4 -7 -8 -9 13 -1 16 28 22 18 21 27 -21 -18 24 -20 25 -14 -26 -19 -15
right_child=1 2 3 4 -6 6 10 11 -10 -11 -12 -13 14 15 -16 -17 17 19 23 20 -22 -23 -24 -25 26 -27 -28 -29 -30
leaf_value=-0.0061424000370323287 0.0046055437908065862 0.0038893432978956569 -0.0010332175468692471 -0.0079700982367157096 0.0010552111066461267 0.00086265428715619858 0.0019514889170583682 0.0015502993788131367 0.0047722022479727592 -0.0010390701046712159 -0.0040368607329496972 0.006476549573581296 0.00086486938158056987 -0.00028577231667564843 -0.0068266167283547114 0.0042611423140205352 -0.0014349601718052379 0.0052710501660824007 0.0057395644692303212 0.0013479060667307638 -0.0043575206146484295 0.0020615191870786368 -0.0039930561683294433 0.00068402605311227555 3.8087797646944415e-05 -0.0062454507022807236 -0.0025601442854965442 -6.999555380445669e-05 -0.0078630248764414417
leaf_weight=11.946080740541221 12.728532385081051 14.619859267026184 38.667754773050547 5.3535536825656873 3.6180746108293533 157.79353477060795 5.5345942080020896 12.78611755743623 10.74459597468376 66.619024600833654 28.442590601742268 12.87869133800268 106.12821564078331 10.509436050429942 3.953390769660472 5.9329246431589118 131.15928842872381 22.930604841560129 9.9051053263246995 71.476012716069818 7.9098561964929095 20.809527784585953 18.130228688940406 30.251262255012989 60.081382194533944 5.3373218253254882 60.107818529009819 6.3241315037012091 3.1072085015475741
leaf_count=122 36 35 181 51 20 722 23 54 32 341 200 30 572 72 34 23 839 78 37 336 68 80 149 172 395 49 444 28 36
internal_value=0 0.000418595 0.000268497 0.000113174 -0.00434869 0.000234071 -0.000144175 0.00153492 0.00023374 0.000297945 -0.00305935 0.00403281 -0.000264166 -0.00241434 -0.000141754 -0.000122936 -9.29271e-05 0.00038278 -0.000350083 0.00167828 0.000776206 -0.000955453 -0.000665697 0.00193856 -0.000404196 0.000520855 -0.00126196 0.00411871 -0.00204489
internal_weight=0 369.787 357.058 342.439 8.97163 333.467 258.39 75.0772 49.4124 224.413 33.9772 25.6648 586 31.4956 554.504 19.5496 550.551 300.766 192.125 108.641 79.3859 151.969 249.785 40.1564 231.655 111.466 120.189 29.2547 13.6166
internal_count=5259 1725 1689 1654 71 1583 1286 297 213 1063 223 84 3534 253 3281 131 3247 1638 1128 510 404 919 1609 209 1460 621 839 106 108
is_linear=0
shrinkage=0.00517761


Tree=114
num_leaves=30
num_cat=0
split_feature=42 42 59 61 62 48 57 27 61 2 55 49 5 6 56 52 45 48 39 47 48 11 47 61 40 45 52 59 27
split_gain=3.62489 8.48004 7.26104 6.80666 6.65598 6.04898 5.50238 11.4358 9.58679 5.49487 17.47 9.30567 8.49734 9.71072 7.55843 7.3454 13.6162 5.83995 5.49163 5.42458 6.58619 11.5074 12.6686 10.4943 8.9438 8.5817 6.97614 6.18833 8.17111
threshold=0.63961038961038974 0.64495798319327746 -949.99999999999989 0.50384615384615394 6.5000000000000009 7.8000000000000016 -2.7499999999999996 7.5000000000000009 0.23845060412224586 1.0000000180025095e-35 0.55000000000000016 0.2264957264957265 17.500000000000004 6.5000000000000009 0.3550420168067227 16.500000000000004 19.000000000000004 6.3500000000000005 8.5000000000000018 41.150000000000013 1.3500000000000003 6.5000000000000009 35.850000000000001 0.059262510974539058 35.45000000000001 85.000000000000014 14.500000000000002 -234.99999999999997 2.5000000000000004
decision_type=2 2 2 2 2 2 2 2 2 2 2 2 2 2 2 2 2 2 2 2 2 2 2 2 2 2 2 2 2
left_child=9 -2 -3 5 -5 6 8 -8 -4 10 12 14 13 15 -12 18 -17 -13 -1 20 23 22 26 25 -24 -11 -22 28 -25
right_child=1 2 3 4 -6 -7 7 -9 -10 19 11 17 -14 -15 -16 16 -18 -19 -20 -21 21 -23 24 27 -26 -27 -28 -29 -30
leaf_value=-0.00027333658639550187 0.0045653836457145332 0.0038268275411795847 -0.00022852227240172774 -0.0080289487492028536 0.0010502943310501576 0.0055711541694401321 0.00019616741339901835 -0.0030557678935263836 0.0035561387171420154 -0.0043605252441428132 -0.0053190620532617035 -0.0062388769298759549 0.0041629369501995864 -0.0059345288892229901 0.002692754268678002 0.0071643040166296384 -0.0012622581656733507 0.0023343592825766442 -0.0051047649606743989 -0.0051622773013920466 0.0017831353968125738 -0.0052214371907522714 -0.0041013078583291189 -0.0076383904251876916 0.0010253505135037117 0.0015187519568064943 0.0062532601120880672 0.00022891058444085468 -0.00038763354514044046
leaf_weight=45.367712393403053 12.599455181509255 14.556348282843826 42.252964533865452 5.2716400697827321 3.6162741854786873 5.5038782507181159 220.41423559747636 33.312245562672615 31.105696838349104 27.25606838427484 5.0042256563901892 26.755830513313416 11.891099758446215 7.9171066358685485 8.2978703528642637 9.6323881335556525 10.901109984144567 2.2794367372989646 7.2612386774271718 5.2805706784129134 19.134347829967737 7.1345610916614524 10.570642527192829 6.2611534185707596 64.015876229852438 8.7598786875605565 18.402217768132687 271.04099125787616 12.227963414043186
leaf_count=284 36 35 198 51 20 12 1056 221 96 247 52 303 43 85 46 23 90 8 68 51 88 60 79 48 325 49 47 1471 67
internal_value=0 0.000402141 0.000253975 0.000100946 -0.00435376 0.000220849 0.000129694 -0.000231449 0.00137794 -0.000253253 -0.00116787 -0.00392198 8.81444e-05 -0.000512303 -0.000332279 7.92075e-05 0.00270074 -0.00556187 -0.000945604 2.1826e-05 8.41405e-05 0.00112474 0.00153145 -0.000297198 0.000295722 -0.00293024 0.00398189 3.09139e-05 -0.0028618
internal_weight=0 368.633 356.033 341.477 8.88791 332.589 327.085 253.726 73.3587 585.392 135.308 42.3374 92.9707 81.0796 13.3021 73.1624 20.5335 29.0353 52.629 450.084 444.804 119.258 112.123 325.546 74.5865 36.0159 37.5366 289.53 18.4891
internal_count=5259 1725 1689 1654 71 1583 1571 1277 294 3534 1002 409 593 550 98 465 113 311 352 2532 2481 599 539 1882 404 296 135 1586 115
is_linear=0
shrinkage=0.00517761


Tree=115
num_leaves=30
num_cat=0
split_feature=59 65 65 57 9 61 42 38 65 57 56 49 63 40 64 65 3 58 18 7 58 55 25 56 58 42 39 38 38
split_gain=3.68211 6.62941 13.083 11.2528 7.96859 7.8036 7.48148 7.22175 6.72275 9.8637 8.99767 9.47968 8.63723 7.80437 6.55191 7.44685 12.5313 11.0258 9.13464 10.2664 7.71411 6.38113 7.83147 6.14491 5.72807 5.71978 5.69284 10.9039 8.37917
threshold=-74.999999999999986 11.500000000000002 10.500000000000002 -0.74999999999999989 1.0000000180025095e-35 0.12973352033660587 0.24264705882352941 8.5000000000000018 13.500000000000002 -2.7499999999999996 0.59411764705882364 0.46862745098039221 12.500000000000002 37.650000000000013 2.2500000000000004 6.5000000000000009 1.5000000000000002 -1.0000000180025095e-35 1.0000000180025095e-35 8.5000000000000018 -11.499999999999998 0.55000000000000016 1.0000000180025095e-35 0.060661764705882353 -10.499999999999998 0.54195804195804198 12.500000000000002 95.000000000000014 55.000000000000007
decision_type=2 2 2 2 2 2 2 2 2 2 2 2 2 2 2 2 2 2 2 2 2 2 2 2 2 2 2 2 2
left_child=24 2 14 -4 6 -6 -3 -5 9 -8 11 -10 -11 -12 21 18 23 -18 20 -20 -16 22 -2 -17 -1 -9 27 28 -26
right_child=1 4 3 7 5 -7 8 25 10 12 13 -13 -14 -15 15 16 17 -19 19 -21 -22 -23 -24 -25 26 -27 -28 -29 -30
leaf_value=-0.0043367959787007785 -0.0041354966755113862 -0.0024945112698593207 -0.0072568105095772674 0.0021783604520755318 -0.0014704776910641614 0.0053298427314393193 0.0056284695983706669 0.00050829767680058942 0.00029934294979791807 0.0018092906286390497 -0.0015644860917149376 -0.0053611164600565354 -0.0045362895215011164 0.0032771443334441456 0.0032012229620709555 -0.0012200364679618384 -0.00087535260063890345 0.0017434547131815103 0.0041758490849401163 -0.00050831403923194869 -0.0021781134632888571 0.0053700125913517978 0.0032504187692935691 -0.0075799882975361244 0.00070426985053628896 -0.0076322952606241003 -0.0013240637174376812 -0.0029750767450391329 0.003192381962634128
leaf_weight=6.3078948426991692 6.5713395327329662 22.644415028393269 13.590598145499824 9.238919749855997 6.1417380049824741 16.8387151658535 15.131858613342045 3.9543808475136739 16.807853721082214 34.115174749866128 14.643741793930529 14.938140470534561 6.8481990322470656 22.659638399258256 7.4919334203004828 9.4747761860489863 70.542159948498011 110.57959207706153 14.251992477104066 101.12310553900898 133.69871696271002 10.398910216987131 9.0929676070809347 7.12112733721733 163.72432190738618 5.4805125072598457 34.605314824730158 17.637637883424759 46.575158400461078
leaf_count=51 39 194 115 44 44 51 42 26 95 151 92 111 48 82 31 61 432 468 48 663 870 27 34 82 810 44 207 114 183
internal_value=0 -0.000201945 -0.000496281 -0.00368442 0.000681405 0.00351316 0.00023967 -0.00106775 0.000735509 0.00206583 -0.000346101 -0.00236964 0.000742711 0.00137697 -0.000281648 -0.000426614 0.000328454 0.000723521 -0.00100845 7.23231e-05 -0.00189127 0.00223959 0.000147247 -0.00396861 0.000513239 -0.00424003 0.000630851 0.000927967 0.00125617
internal_weight=0 683.381 512.611 32.2644 170.769 22.9805 147.789 18.6738 125.145 56.0952 69.0494 31.746 40.9634 37.3034 480.347 454.283 197.718 181.122 256.566 115.375 141.191 26.0632 15.6643 16.5959 268.85 9.43489 262.542 227.937 210.299
internal_count=5259 3894 2984 229 910 95 815 114 621 241 380 206 199 174 2755 2655 1043 900 1612 711 901 100 73 143 1365 70 1314 1107 993
is_linear=0
shrinkage=0.00517761


Tree=116
num_leaves=30
num_cat=0
split_feature=42 42 59 61 62 2 55 49 5 6 56 52 45 48 54 39 57 27 61 57 61 60 38 60 63 48 15 54 56
split_gain=3.56758 8.21166 7.2386 6.87554 6.69961 5.85537 17.6613 9.31467 8.04742 9.49752 7.25744 6.8118 12.7417 6.05954 5.49693 5.39012 5.35252 12.698 9.6826 5.3306 9.62959 11.8989 10.7924 5.34455 9.58671 9.09943 18.1613 13.0259 8.95608
threshold=0.63961038961038974 0.64495798319327746 -949.99999999999989 0.50384615384615394 6.5000000000000009 1.0000000180025095e-35 0.55000000000000016 0.2264957264957265 17.500000000000004 6.5000000000000009 0.3550420168067227 16.500000000000004 19.000000000000004 6.3500000000000005 43.050000000000004 8.5000000000000018 -2.2499999999999996 5.5000000000000009 0.23845060412224586 -4.2499999999999991 0.27645576707726766 0.10987804878048781 9.5000000000000018 0.057307060755336557 6.5000000000000009 1.2500000000000002 11.500000000000002 34.750000000000007 0.4494949494949495
decision_type=2 2 2 2 2 2 2 2 2 2 2 2 2 2 2 2 2 2 2 2 2 2 2 2 2 2 2 2 2
left_child=5 -2 -3 14 -5 6 8 10 9 11 -8 15 -13 -9 16 -1 18 -18 -4 20 21 22 -7 24 -21 27 -27 -26 -25
right_child=1 2 3 4 -6 19 7 13 -10 -11 -12 12 -14 -15 -16 -17 17 -19 -20 23 -22 -23 -24 28 25 26 -28 -29 -30
leaf_value=-0.00027245707883121975 0.0045144909969974641 0.0038253342167143857 -0.00020165800003199439 -0.0080417530796417329 0.0010427365062084368 0.0032305159707486427 -0.0052795441263163104 -0.0063512145003576667 0.0040234388141005429 -0.0059439375516795595 0.0026028486832728628 0.0069845757447817318 -0.0011888073734365339 0.0022958378351175153 0.005331578724430938 -0.0051019677459220036 0.00028402357808762736 -0.00285266726644649 0.0032376668951181737 0.0007147412399195576 -0.0081645032140478385 0.0074839486385209573 -0.0061302597978613906 -0.0001021223848958624 -0.0012117624168788367 0.0026841139148817417 -0.004680959920706159 -0.0064697436727133729 0.0019830440843098211
leaf_weight=45.548719288781285 12.489578448235987 14.522391919046639 53.703454237431288 5.2996474653482419 3.6364232376217842 5.1688799746334615 4.9728955067694178 26.314707802608613 11.904656380414961 7.7649741172790518 8.2054577805101854 9.4269007034599799 11.044834937900303 2.3337815925478926 5.4838639721274367 7.1064609643071881 193.62619721516967 42.056306783109903 37.026709742844105 92.794987626373768 5.7197036109864703 3.869125321507453 8.9126194901764375 145.47354112006724 38.680337410420179 27.306607931852341 13.288037300109862 18.721086550503969 88.928380768746138
leaf_count=284 36 35 259 51 20 25 52 303 43 85 46 23 90 8 12 68 917 274 121 493 60 7 91 801 266 128 103 175 383
internal_value=0 0.000399291 0.000253826 0.000100921 -0.00436383 -0.00025174 -0.00119854 -0.00398896 6.10958e-05 -0.000524776 -0.000382703 5.54344e-05 0.00258501 -0.00564295 0.000221993 -0.000929944 0.000135071 -0.000276323 0.0012032 3.23473e-05 -0.00235554 -0.000481118 -0.00269479 0.000165638 -0.000477672 -0.00160657 0.000269444 -0.00293218 0.00068927
internal_weight=0 367.845 355.355 340.833 8.93607 583.487 134.623 41.8268 92.7965 80.8919 13.1784 73.1269 20.4717 28.6485 331.897 52.6552 326.413 235.683 90.7302 448.863 23.6703 17.9506 14.0815 425.193 190.791 97.9961 40.5946 57.4014 234.402
internal_count=5259 1725 1689 1654 71 3534 1002 409 593 550 98 465 113 311 1583 352 1571 1191 380 2532 183 123 116 2349 1165 672 231 441 1184
is_linear=0
shrinkage=0.00517761


Tree=117
num_leaves=30
num_cat=0
split_feature=2 14 8 15 60 2 39 56 60 62 54 30 59 18 63 0 49 13 52 14 52 4 45 58 42 60 58 41 47
split_gain=3.57107 11.4158 12.3057 8.26036 17.2621 8.67881 11.1445 12.2712 9.28436 8.67639 9.64988 8.4237 8.09344 7.63771 7.34265 7.20435 6.89798 11.4754 6.79997 8.73355 8.02421 5.07658 5.24942 5.05757 7.03653 4.58378 3.81936 3.62932 3.35647
threshold=32.500000000000007 5.5000000000000009 1.5000000000000002 47.500000000000007 0.10987804878048781 18.500000000000004 8.5000000000000018 0.42261904761904762 0.067117117117117056 4.5000000000000009 34.350000000000001 2.5000000000000004 1.0000000180025095e-35 1.5000000000000002 12.500000000000002 18.500000000000004 0.68990384615384626 11.500000000000002 10.500000000000002 2.5000000000000004 5.5000000000000009 2.5000000000000004 17.500000000000004 1.5000000000000002 0.3550420168067227 0.021980676328502403 5.5000000000000009 0.35000000000000003 33.95000000000001
decision_type=2 2 2 2 2 2 2 2 2 2 2 2 2 2 2 2 2 2 2 2 2 2 2 2 2 2 2 2 2
left_child=3 -2 13 5 9 11 7 8 -7 10 -5 15 25 23 16 18 17 -6 20 -20 -1 -8 -23 24 -3 -12 28 -4 -13
right_child=1 2 27 4 14 6 21 -9 -10 -11 12 26 -14 -15 -16 -17 -18 -19 19 -21 -22 22 -24 -25 -26 -27 -28 -29 -30
leaf_value=-6.2879428179075779e-05 -0.0061373854797521213 -0.0056190569553102986 -0.00030593448403411341 -0.0071619706349336327 -0.0065907438078720518 0.0047920687339937139 0.0059090642895158101 -0.0077353291284089406 -0.0039292091413100153 -0.0063461499699093695 0.0041618476124843824 0.0040504882589676456 -0.0061270859972832039 0.0066604637935016309 0.0050802857398989073 -0.0055519461681740661 0.004431183527022234 0.0025460902687597397 0.00064521333185847164 -0.0018737401594965371 -0.0017022589498901489 -0.0026353304084683108 0.0045816044356561539 0.0035726334471383012 0.0021617920239979083 -0.0015612209548641596 0.0061025989867143091 -0.0081976040796687532 -0.0015596845607774154
leaf_weight=239.3718144800514 4.9467740487307301 4.8336413539946106 2.8393101170659056 6.598250929266217 7.7425640001893097 8.9511842951178568 18.06231435388327 5.0418327189981929 5.0750906392931929 19.310366168618202 9.0584466494619864 5.9640583619475382 4.3627199046313754 11.533527657389639 9.5234792195260507 6.4841548502445212 5.6154807433485976 6.9254816733300686 346.67958030104637 41.227567855268717 120.18925263732672 4.7566853761672956 6.0892682559788227 17.13081881403923 8.4940129071474058 6.322499241679906 7.7942665219306937 3.4256718009710312 5.382785189896822
leaf_count=1326 36 38 18 61 58 35 48 41 37 189 38 20 34 29 32 54 20 32 1813 248 784 25 21 57 34 45 17 32 37
internal_value=0 0.00130243 0.00207255 -7.7382e-05 -0.00171599 7.33315e-05 0.00220862 -0.000862391 0.00163246 -0.00371496 -0.00177486 -5.93499e-05 4.31233e-05 0.00308326 0.00134689 -0.000145604 -0.000416556 -0.00228438 -9.82104e-05 0.000377206 -0.000611097 0.00423181 0.00141921 0.00171703 -0.000673558 0.00181236 0.00332664 -0.00466249 0.00139501
internal_weight=0 53.2038 48.257 896.529 75.4593 821.07 47.9764 19.0681 14.0263 45.6523 26.3419 773.093 19.7437 41.992 29.807 753.952 20.2835 14.668 747.468 387.907 359.561 28.9083 10.846 30.4585 13.3277 15.3809 19.1411 6.26498 11.3468
internal_count=5259 244 208 5015 509 4506 207 113 72 367 178 4299 117 158 142 4225 110 90 4171 2061 2110 94 46 129 72 83 74 50 57
is_linear=0
shrinkage=0.00517761


Tree=118
num_leaves=30
num_cat=0
split_feature=14 0 60 60 7 63 38 38 47 60 42 56 47 58 41 62 41 48 42 42 46 27 46 57 64 4 48 65 19
split_gain=3.53043 6.84442 9.27247 7.65258 6.60704 6.17563 6.12306 10.4982 11.3398 9.9891 13.1064 10.7063 12.4839 9.82085 13.1381 10.341 8.74957 11.7602 8.08556 8.00024 10.1123 7.20239 6.17324 12.1648 11.1832 9.95273 7.17817 6.80564 6.55224
threshold=11.500000000000002 31.500000000000004 0.11647286821705422 0.060790835181079056 4.5000000000000009 6.5000000000000009 55.000000000000007 13.500000000000002 36.050000000000004 0.062114197530864161 0.31009615384615391 0.2817460317460318 36.150000000000013 3.5000000000000004 0.95000000000000007 5.5000000000000009 2.2500000000000004 1.2500000000000002 0.90454545454545465 0.91287878787878796 6.5000000000000009 8.5000000000000018 13.500000000000002 1.7500000000000002 18.350000000000005 3.5000000000000004 1.6500000000000001 14.500000000000002 3.5000000000000004
decision_type=2 2 2 2 2 2 2 2 2 2 2 2 2 2 2 2 2 2 2 2 2 2 2 2 2 2 2 2 2
left_child=1 6 3 4 -3 -6 7 22 16 10 21 12 18 14 -12 -15 17 -9 -11 -13 -21 -8 23 25 26 -1 -24 -26 -25
right_child=-2 2 -4 -5 5 -7 9 8 -10 11 13 19 -14 15 -16 -17 -18 -19 -20 20 -22 -23 24 28 27 -27 -28 -29 -30
leaf_value=0.00087074263698505268 0.0014837956627645902 0.0045688341449637224 0.0013763495484752902 -0.0077662541060369303 0.00018576906530735858 -0.0066223242151910808 -0.0057660234414827821 -0.00069231236602088444 -0.0043029830583461428 -0.00040503987172238562 0.0014883261471582403 0.0034923721275149089 -0.0077375876431793845 0.0040348513382384927 -0.0028182120197728583 -0.0017406658918675069 0.0030161028027263421 -0.0064131025030163928 0.0071131620446409751 0.0037920567956208993 -0.0074105012356989455 0.0029696630979379563 0.0008510575919582371 -0.004111141331408226 0.0031615250970179255 -0.0011278057691025891 -0.0075934282480096529 -0.0013530058746150883 -0.0007077360457271954
leaf_weight=230.95076471567154 41.057783506810665 3.3489626199007096 13.238896328955887 9.0614147856831533 6.6821605898439866 7.5950624290853739 15.127383463084699 106.99000154621899 29.107555946335196 23.773256614804271 37.314369227737188 69.656928513199091 5.4035116843879214 29.891759164631367 38.540125725790858 11.456201311200855 14.736165910959242 10.523374326527117 4.504606068134307 4.2650020346045476 4.2493826635181904 2.9918191693723193 5.4183791391551477 27.216396300122142 51.38727068528533 93.906451858580112 5.2841881737112999 10.795886524021624 34.227042410522699
leaf_count=1113 185 12 73 85 46 77 164 667 234 141 175 244 55 98 238 65 63 78 10 13 35 18 29 204 193 600 50 77 217
internal_value=0 -6.72235e-05 -0.00216145 -0.00391571 -0.00191425 -0.0034494 2.92898e-05 -0.000245206 -0.00138098 0.000718328 -0.000227988 0.00186271 -0.000576794 0.000406311 -0.000700216 0.00243429 -0.000735987 -0.00120798 0.000806209 0.00291347 -0.00181234 -0.00431775 0.000154032 -0.000106802 0.00153539 0.000292894 -0.00333878 0.00237705 -0.00221816
internal_weight=0 907.644 39.9265 26.6876 17.6262 14.2772 867.718 620.543 161.357 247.174 135.322 111.853 33.6814 117.202 75.8545 41.348 132.25 117.513 28.2779 78.1713 8.51438 18.1192 459.186 386.301 72.8857 324.857 10.7026 62.1832 61.4434
internal_count=5259 5074 293 220 135 123 4781 3525 1042 1256 758 498 206 576 413 163 808 745 151 292 48 182 2483 2134 349 1713 79 270 421
is_linear=0
shrinkage=0.00517761


Tree=119
num_leaves=27
num_cat=0
split_feature=48 15 2 59 31 47 65 64 55 59 57 57 46 53 64 45 5 6 60 28 49 55 48 45 49 58
split_gain=3.71009 6.84182 4.51814 9.39801 7.58707 8.19396 8.87494 12.4737 8.26958 7.59008 7.23574 6.99655 6.81153 8.8378 6.76065 6.25853 15.2162 13.2617 9.74879 7.18575 8.84812 5.13642 4.02352 2.9802 0.865365 0.456246
threshold=5.6500000000000012 5.5000000000000009 1.0000000180025095e-35 335.00000000000006 9.5000000000000018 36.650000000000013 6.5000000000000009 5.4500000000000011 1.7500000000000002 -1.0000000180025095e-35 -2.2499999999999996 1.7500000000000002 65.000000000000014 16.500000000000004 91.40000000000002 55.000000000000007 3.5000000000000004 1.0000000180025095e-35 0.33012820512820518 1.5000000000000002 0.25833333333333336 0.95000000000000007 1.7500000000000002 17.500000000000004 0.31009615384615391 5.5000000000000009
decision_type=2 2 2 2 2 2 2 2 2 2 2 2 2 2 2 2 2 2 2 2 2 2 2 2 2 2
left_child=2 -2 3 4 5 6 7 -1 22 -6 -8 -10 13 15 -11 16 17 -4 -18 20 -17 -21 -7 -15 -5 -26
right_child=1 -3 12 24 9 8 10 -9 11 14 -12 -13 -14 23 -16 19 18 -19 -20 21 -22 -23 -24 -25 25 -27
leaf_value=0.00050520926897355736 0.0043144409805021839 -0.0018452258118179482 -0.00066238642939827209 -0.003836187337456077 0.004903743339457564 -0.0031182736607796406 0.0033840464262869328 -0.0042127197287214679 0.0023790831744083295 -0.006504855386660663 -9.3180262322311712e-05 -0.00420987088670616 -0.006373582720703496 0.0019408167316797681 0.0034016379799295827 -0.0020585932170832152 -0.0015927048104471507 0.0013816089434501395 0.006767359062378746 0.00073170269254806185 0.0011323328795665895 0.0061575156871159428 -0.0081554048243837364 0.0065758514978717418 -0.0083476397475093882 -0.0048785504326349224
leaf_weight=30.919684868305922 13.642056312412025 7.4189614355564109 156.35867045633495 4.0674516968429071 12.87345712631941 8.7450045123696345 21.801620349287987 29.127026882022619 9.6384801939129847 3.7304363548755637 60.201556228101254 7.7216554116457692 4.2063801921904078 8.0965811461210233 3.5363004207611084 28.194605302065611 174.71467253006995 186.54844583757222 3.7566552236676207 8.0049203913658875 132.58191171661019 11.261284951120613 8.4688023366034013 6.9475809782743445 3.3725164532661438 2.0194956660270691
leaf_count=178 39 40 814 43 42 77 89 239 46 40 375 67 37 33 16 195 1172 827 7 48 621 36 87 17 50 24
internal_value=0 0.0021454 -4.88975e-05 -0.000724535 -0.000481182 -0.000824761 -0.000273981 -0.00178536 -0.00308268 0.00252448 0.000833203 -0.000556179 0.000144481 0.000183341 -0.00169601 9.89254e-05 -0.000188484 0.000449625 -0.00141426 0.000931016 0.000572106 0.00391364 -0.00561847 0.00410111 -0.00574741 -0.0071242
internal_weight=0 21.061 926.895 206.223 196.764 176.624 142.05 60.0467 34.5739 20.1402 82.0032 17.3601 720.672 716.465 7.26674 701.421 521.378 342.907 178.471 180.043 160.777 19.2662 17.2138 15.0442 9.45946 5.39201
internal_count=5259 79 5180 1373 1256 1158 881 417 277 98 464 113 3807 3770 56 3720 2820 1641 1179 900 816 84 164 50 117 74
is_linear=0
shrinkage=0.00517761


Tree=120
num_leaves=27
num_cat=0
split_feature=48 15 2 59 31 47 63 65 64 55 7 59 64 46 53 45 5 6 60 28 49 55 45 49 57 45
split_gain=3.61646 6.42911 4.47775 8.90755 7.28267 8.10988 8.92283 8.54245 12.09 7.59364 7.54851 7.10088 6.45447 6.35836 8.27928 6.12273 14.4517 11.9424 9.5251 7.2144 8.13049 5.09442 2.76028 0.931482 0.517558 0.512829
threshold=5.6500000000000012 5.5000000000000009 1.0000000180025095e-35 335.00000000000006 9.5000000000000018 36.650000000000013 10.500000000000002 6.5000000000000009 5.4500000000000011 1.7500000000000002 87.500000000000014 -1.0000000180025095e-35 91.40000000000002 65.000000000000014 16.500000000000004 55.000000000000007 3.5000000000000004 1.0000000180025095e-35 0.33012820512820518 1.5000000000000002 0.25833333333333336 0.95000000000000007 17.500000000000004 0.31009615384615391 2.2500000000000004 8.5000000000000018
decision_type=2 2 2 2 2 2 2 2 2 2 2 2 2 2 2 2 2 2 2 2 2 2 2 2 2 2
left_child=2 -2 3 4 5 7 9 8 -1 -7 -9 -6 -13 14 15 16 17 -4 -18 20 -17 -21 -16 -5 -8 -25
right_child=1 -3 13 23 11 6 24 10 -10 -11 -12 12 -14 -15 22 19 18 -19 -20 21 -22 -23 -24 25 -26 -27
leaf_value=0.00047672646008066092 0.0042279161477026374 -0.0017637311843412347 -0.0006203242876690533 -0.0036621494974986516 0.0047679011477123464 -0.0045111853491119763 -0.0088227226768282409 0.0012477647656509647 -0.0041835344948699922 0.0010110902489073429 -0.0047823916479893171 -0.0063961858785151204 0.003331382328250978 -0.0061850798789861022 0.0019037740563694161 -0.0019600585566192015 -0.0015575623230639894 0.0013213442340256662 0.0067395902702629198 0.00072283743056760614 0.0010981842671907351 0.0061196694469221645 0.0063811289118537104 -0.0043473616678447232 -0.0055984560869148277 -0.0081709562972474628
leaf_weight=31.030223559588194 13.587170723825695 7.3564863428473464 155.82768046297133 4.0554674267768842 12.835363678634168 12.699187396094205 5.4466367345303288 76.314735822379589 28.659088825806975 13.948686666786669 5.9372444152832022 3.6663079410791388 3.5251125767827034 4.1635415218770495 8.0531399399042112 28.193685382604599 174.21133315563202 186.46201899088919 3.7253152951598159 7.9856453351676491 132.87448201328516 11.368996743112801 6.8870359212160102 1.6297812107950447 2.4634263906627893 3.694803886115551
leaf_count=178 39 40 814 43 42 116 55 410 239 76 54 40 16 37 33 195 1172 827 7 48 621 36 17 22 30 52
internal_value=0 0.00212416 -4.82088e-05 -0.000721358 -0.000485096 -0.000821084 -0.00306785 -0.000272861 -0.0017629 -0.00162503 0.000808928 0.0024687 -0.00164025 0.000144406 0.000181809 0.000100291 -0.000184755 0.000437433 -0.00138138 0.00092198 0.000562245 0.00390328 0.00398711 -0.00563275 -0.00787402 -0.00706931
internal_weight=0 20.9437 925.659 205.906 196.526 176.499 34.5579 141.941 59.6893 26.6479 82.252 20.0268 7.19142 719.753 715.589 700.649 520.226 342.29 177.937 180.423 161.068 19.3546 14.9402 9.38005 7.91006 5.32459
internal_count=5259 79 5180 1373 1256 1158 277 881 417 192 464 98 56 3807 3770 3720 2820 1641 1179 900 816 84 50 117 85 74
is_linear=0
shrinkage=0.00517761


Tree=121
num_leaves=24
num_cat=0
split_feature=64 32 64 12 28 6 19 19 56 63 58 48 60 35 42 42 60 40 52 58 60 65 60
split_gain=3.66579 4.75404 4.66602 7.88417 4.9372 6.39759 9.92742 9.1108 8.9374 6.16958 8.86432 6.20676 6.08706 5.21963 4.40056 3.6568 9.12902 4.54532 4.99851 3.1875 2.93894 0.403647 0.0278535
threshold=2.5500000000000003 1.0000000180025095e-35 2.9500000000000006 1.0000000180025095e-35 1.5000000000000002 13.500000000000002 36.500000000000007 52.500000000000007 0.53589743589743599 12.500000000000002 -1.4999999999999998 0.65000000000000002 0.075974025974025958 1.0000000180025095e-35 0.90454545454545465 0.06904761904761901 0.20722186076772933 34.150000000000013 9.5000000000000018 5.5000000000000009 0.13221420643729193 10.500000000000002 0.075974025974025958
decision_type=2 2 2 2 2 2 2 2 2 2 2 2 2 2 2 2 2 2 2 2 2 2 2
left_child=15 2 3 -2 5 7 14 13 -8 10 11 -6 -12 -4 -7 -1 17 -17 -19 -11 21 22 -3
right_child=1 20 4 -5 9 6 8 -9 -10 19 12 -13 -14 -15 -16 16 -18 18 -20 -21 -22 -23 -24
leaf_value=0.0042790761752618317 -0.0086866744699108985 -0.0080283594307928551 0.00011010451962841318 0.00010030766637928702 0.0074001036918728627 -0.0051446167616118598 0.0013912803635679704 0.0067975494720265237 -0.0049032857575642469 0.0021488707227722472 0.00049392296268032352 4.2209892339620268e-05 -0.0048092214332774719 -0.001511589438642897 0.0010144647430418592 -0.0016201561777432689 -0.0053345777298595323 -2.2795213456873448e-05 0.0048941193132829609 0.007247586225410857 0.000366711065387951 -0.0037886695700104045 -0.0058193008283834126
leaf_weight=9.4763505086302739 4.4081555828452093 2.2755242101848121 704.97971238009632 7.0445913374423981 6.8385628685355169 21.015480633825067 27.959833350032568 5.2372466437518588 7.6444947123527518 6.9959475137293321 18.625562714412812 5.5428046546876431 8.3537739403545839 57.48268860951066 3.6231890171766272 7.7962905913591412 5.6512165218591681 9.1941210664808768 13.878901246935127 6.2782598771154881 2.6030984409153461 1.4650091044604776 1.3524641729891298
leaf_count=30 42 36 3780 43 19 201 159 14 61 36 104 41 65 376 20 40 33 40 44 14 18 20 23
internal_value=0 -7.293e-05 -3.78141e-05 -0.00331179 5.0065e-06 -9.27892e-05 -0.00171656 3.47614e-05 3.30564e-05 0.00154161 0.000509214 0.00412433 -0.00115567 -1.22698e-05 -0.0042384 0.00142461 0.000677388 0.00178722 0.00294013 0.00458478 -0.0041074 -0.00637061 -0.00732525
internal_weight=0 899.726 892.03 11.4527 880.578 827.943 60.243 767.7 35.6043 52.6349 39.3607 12.3814 26.9793 762.462 24.6387 45.9969 36.5205 30.8693 23.073 13.2742 7.6961 5.093 3.62799
internal_count=5259 5072 4975 85 4890 4611 441 4170 220 279 229 60 169 4156 221 187 157 124 84 50 97 79 59
is_linear=0
shrinkage=0.00517761


Tree=122
num_leaves=30
num_cat=0
split_feature=54 57 49 61 56 57 54 57 47 65 54 7 61 49 49 53 24 7 45 38 59 31 31 3 6 47 60 2 2
split_gain=3.55368 9.31717 6.26525 6.19654 14.0091 5.20491 8.13241 10.9699 11.3483 8.92575 6.64537 15.6566 6.49122 6.15654 5.8196 11.1768 5.84114 4.95886 14.1754 11.3314 10.0251 9.87797 9.22542 8.93076 11.0928 9.18177 8.91942 7.94516 6.01205
threshold=39.050000000000004 3.7500000000000004 0.87083333333333346 0.12220009955201593 0.54195804195804198 3.7500000000000004 36.650000000000013 2.2500000000000004 34.350000000000001 14.500000000000002 37.250000000000007 17.500000000000004 0.048199767711962806 0.68990384615384626 0.77350427350427364 9.5000000000000018 1.0000000180025095e-35 31.500000000000004 9.5000000000000018 4.5000000000000009 -1.0000000180025095e-35 15.500000000000002 2.5000000000000004 13.500000000000002 1.0000000180025095e-35 37.650000000000013 0.029631255487269501 33.500000000000007 1.0000000180025095e-35
decision_type=2 2 2 2 2 2 2 2 2 2 2 2 2 2 2 2 2 2 2 2 2 2 2 2 2 2 2 2 2
left_child=5 2 3 4 -2 6 17 8 -8 13 11 12 -7 -10 15 -13 -17 22 21 -20 -21 27 23 25 -25 -1 -23 -19 -24
right_child=1 -3 -4 -5 -6 10 7 -9 9 -11 -12 14 -14 -15 -16 16 -18 18 19 20 -22 26 28 24 -26 -27 -28 -29 -30
leaf_value=-0.00020404453445477385 -0.0063109768462429917 -0.0035388649509595325 -0.0034392614115103842 0.0040789413915950793 0.0036683795099032683 0.00054087205348143659 -0.0079555596280395571 -0.0061314195084536385 -0.00094010624453877488 -0.0062303406809652703 0.0041268459985773628 0.0054939278320520063 -0.0063051783872593945 0.0022671916272755744 0.0052375377093721743 -0.0062672617778056841 0.0013894464757797484 -0.0036914396960919895 0.0047688778416887833 0.001632361758628049 -0.0010581665806643182 -0.0058544001997010396 0.0010279605042491369 -0.00013726890588349188 0.0019179377865538945 -0.0051931954859638233 0.003067648660832702 0.0023780117081119655 -0.0071379752349354595
leaf_weight=154.25325104780495 5.7955868393182781 9.282312970608471 4.9154216833412638 29.795366525650024 10.50709545239806 5.8248082995414725 5.6849155537784091 12.396864602342246 49.850100908428431 6.4537481851875773 16.84081282839179 7.3970079347491327 10.11987824551761 23.577560905367136 12.366207726299761 5.7532157003879529 4.8983461018651724 63.70626456104219 13.812257107347248 57.409474760293961 104.78800387494266 3.7510704807937172 3.6129022724926454 128.24375423416495 155.99464734457433 10.50051189959049 14.051054902374743 6.3124226704239836 7.1382110491394997
leaf_count=893 54 76 30 111 38 31 42 106 298 57 68 23 90 99 37 50 26 531 54 280 696 33 19 646 632 85 70 28 56
internal_value=0 0.0012155 0.00208417 0.00267733 0.000109233 -8.29225e-05 -0.000193115 -0.00159261 -0.000930736 -0.000424565 0.00134808 0.00033409 -0.00381198 9.07947e-05 0.00251137 0.000630894 -0.00275881 -3.50415e-06 -0.000569244 0.000278586 -0.000105549 -0.00226745 0.000321177 0.000434961 0.000990827 -0.000524015 0.00117268 -0.00314245 -0.00440382
internal_weight=0 60.2958 51.0135 46.098 16.3027 884.737 821.537 97.9632 85.5663 79.8814 63.2003 46.3595 15.9447 73.4277 30.4148 18.0486 10.6516 723.574 263.831 176.01 162.197 87.8208 459.743 448.992 284.238 164.754 17.8021 70.0187 10.7511
internal_count=5259 309 233 203 92 4950 4625 602 496 454 325 257 121 397 136 99 76 4023 1692 1030 976 662 2331 2256 1278 978 103 559 75
is_linear=0
shrinkage=0.00517761


Tree=123
num_leaves=26
num_cat=0
split_feature=27 14 0 60 60 56 31 40 30 38 52 20 60 56 42 38 1 63 8 53 49 1 4 28 23
split_gain=3.54351 5.24838 6.01849 9.13139 7.15474 5.6523 6.67567 9.92261 5.3838 5.46236 13.3354 10.4111 10.2954 11.6453 11.6081 6.03627 5.36907 6.57086 4.88351 4.7945 5.22904 4.26466 4.41892 1.75683 0.467006
threshold=31.000000000000004 11.500000000000002 31.500000000000004 0.11647286821705422 0.062114197530864161 0.87083333333333346 1.0000000180025095e-35 34.95000000000001 2.5000000000000004 55.000000000000007 65.000000000000014 1.0000000180025095e-35 0.062114197530864161 0.2817460317460318 0.56696428571428581 13.500000000000002 46.000000000000007 6.5000000000000009 1.5000000000000002 4.5000000000000009 0.4494949494949495 41.000000000000007 1.5000000000000002 1.0000000180025095e-35 1.5000000000000002
decision_type=2 2 2 2 2 2 2 2 2 2 2 2 2 2 2 2 2 2 2 2 2 2 2 2 2
left_child=1 2 8 4 16 6 7 -3 9 10 15 -12 14 -14 -11 -1 17 -4 -8 20 -10 22 -5 -2 -6
right_child=23 5 3 21 24 -7 18 -9 19 12 11 -13 13 -15 -16 -17 -18 -19 -20 -21 -22 -23 -24 -25 -26
leaf_value=0.00019950715049528965 -0.0073318486621811538 -0.0070819344989473069 0.00033660286825034583 0.0031446576538035967 -0.0089563731483962173 0.0067131599272140484 0.0044789119312165313 0.0026946791275886399 0.00090664382720110216 -0.0024515191927883366 -0.004325699136614479 0.0034724834664621477 -0.00078726751945684161 0.0029088538265287854 0.00078438263131034582 -0.0010716536025429846 0.0037419096948438481 -0.0070082273839648188 -0.00083705770664609623 -0.001013690887901196 0.0072003188105128927 0.0046259461687394301 -0.0051486219071176734 -0.0012195793614500215 -0.0061724482729212139
leaf_weight=434.29200227931142 2.4951358847320071 5.4820589870214445 6.3586101084947639 3.1358002424240095 4.6143580973148328 5.5399213284254065 14.362631984055044 5.529881551861763 6.570249907672407 45.732156965881586 33.040206136181951 5.2767238654196253 32.558057593181729 76.380011081695557 84.581544887274504 130.08526292070746 3.503932546824216 6.630404906347394 6.7939653024077407 6.5942372232675543 7.6649809069931507 6.0090831443667412 3.6681086793541908 2.5497613735496998 3.8572326153516769
leaf_count=2345 24 38 43 13 39 12 45 18 36 356 267 23 202 283 385 825 16 67 44 42 17 22 34 24 39
internal_value=0 2.34189e-05 -5.5878e-05 -0.00207683 -0.00389708 0.00191411 0.00107539 -0.00218514 3.27575e-05 -3.16645e-05 -0.000294428 -0.00324752 0.000630133 0.00180435 -0.000351848 -9.35688e-05 -0.00189616 -0.00342876 0.00277427 0.00262887 0.00431349 0.0014711 -0.00133214 -0.00429944 -0.00774708
internal_weight=0 938.261 900.553 37.7775 24.9645 37.7085 32.1685 11.0119 862.775 841.946 602.694 38.3169 239.252 108.938 130.314 564.377 16.4929 12.989 21.1566 20.8295 14.2352 12.813 6.80391 5.0449 8.47159
internal_count=5259 5211 5054 273 204 157 145 56 4781 4686 3460 290 1226 485 741 3170 126 110 89 95 53 69 47 48 78
is_linear=0
shrinkage=0.00517761


Tree=124
num_leaves=27
num_cat=0
split_feature=27 14 0 60 60 30 54 60 41 38 52 20 60 14 42 38 10 3 53 49 1 5 41 28 24 53
split_gain=3.75449 4.9231 5.61919 8.50535 7.13002 5.92207 5.52715 8.11507 6.5097 5.28696 12.9668 9.97742 9.67383 11.1141 11.0941 5.8205 5.023 5.36443 4.93493 5.29865 3.87787 3.99879 3.6459 2.0222 1.58896 0.377861
threshold=31.000000000000004 11.500000000000002 31.500000000000004 0.11647286821705422 0.062114197530864161 2.5000000000000004 36.95000000000001 0.1283227475888026 0.75000000000000011 55.000000000000007 65.000000000000014 1.0000000180025095e-35 0.062114197530864161 2.5000000000000004 0.31009615384615391 13.500000000000002 1.0000000180025095e-35 279.50000000000006 4.5000000000000009 0.4494949494949495 41.000000000000007 1.5000000000000002 0.45000000000000007 1.0000000180025095e-35 1.0000000180025095e-35 4.5000000000000009
decision_type=2 2 2 2 2 2 2 2 2 2 2 2 2 2 2 2 2 2 2 2 2 2 2 2 2 2
left_child=1 2 5 4 16 9 7 8 22 10 15 -12 14 -14 -11 -1 17 -4 19 -7 21 -5 -3 -2 -18 -6
right_child=23 6 3 20 25 18 -8 -9 -10 12 11 -13 13 -15 -16 -17 24 -19 -20 -21 -22 -23 -24 -25 -26 -27
leaf_value=0.00019027063388486496 -0.0078360326188209803 0.0012855078449287847 -0.0029881328431414964 0.0028867181306706162 -0.0088543110422487983 0.00091885658973503339 0.0060058756366355732 -0.0051008523686887387 -0.0021217505415304988 -0.0042052454233623632 -0.0042782464954959033 0.003333897549124238 0.0024720959234738136 -0.002031388638002893 0.00025253509633357693 -0.0010604276327739928 -0.0016049295855560856 0.0046403197426240963 -0.00099042971131316584 0.0071670610573488372 0.004412808201379995 -0.0049732552481552301 0.0058670892459422941 -0.0012185065762831159 -0.0070280584130560358 -0.0062276330632337652
leaf_weight=434.43610282987356 2.383493945002555 8.9855218976736158 5.2820353433489853 3.2305220663547498 4.4901800118386728 6.5898306407034424 6.9403068348765364 4.9804769679903975 7.1195051036775103 17.191655581817031 32.836911385878921 5.3181899189949027 91.666801411658525 17.438287056982517 112.65883356519043 129.40735778212547 2.2061545029282561 4.5285387896001339 6.5971459448337546 8.1248975880444032 5.9995663315057755 3.6038395799696445 9.7125387936830503 2.5657897628843784 4.4527714885771275 3.6580387055873871
leaf_count=2345 24 43 40 13 44 36 16 28 44 177 267 23 382 103 564 825 15 18 42 17 22 34 26 24 53 34
internal_value=0 2.39012e-05 -5.29981e-05 -0.00201455 -0.0037927 3.23417e-05 0.00185428 0.000907679 0.00207707 -3.60602e-05 -0.000294712 -0.00321317 0.000615436 0.00175146 -0.000339455 -9.68575e-05 -0.0018186 0.000540092 0.00272345 0.00438587 0.00139779 -0.0012651 0.00367795 -0.00446779 -0.00526559 -0.00773539
internal_weight=0 937.456 899.718 37.4516 24.6177 862.266 37.7383 30.798 25.8176 840.954 601.999 38.1551 238.956 109.105 129.85 563.843 16.4695 9.81057 21.3119 14.7147 12.8339 6.83436 18.6981 4.94928 6.65893 8.14822
internal_count=5259 5211 5054 273 204 4781 157 141 113 4686 3460 290 1226 485 741 3170 126 58 95 53 69 47 69 48 68 78
is_linear=0
shrinkage=0.00517761


Tree=125
num_leaves=23
num_cat=0
split_feature=64 32 64 12 31 40 54 49 17 46 5 52 17 19 29 42 60 40 52 60 65 60
split_gain=3.727 4.48834 4.47587 7.96863 4.46831 7.83167 8.65103 8.01113 6.34477 11.597 8.76151 7.01574 10.2002 6.92688 3.90834 3.37104 8.9984 4.20245 4.68615 2.97755 0.421838 0.0222437
threshold=2.5500000000000003 1.0000000180025095e-35 2.9500000000000006 1.0000000180025095e-35 15.500000000000002 34.150000000000013 35.550000000000004 0.4330357142857143 1.5000000000000002 1.5000000000000002 10.500000000000002 125.00000000000001 1.0000000180025095e-35 20.500000000000004 1.5000000000000002 0.06904761904761901 0.20722186076772933 34.150000000000013 9.5000000000000018 0.13221420643729193 10.500000000000002 0.075974025974025958
decision_type=2 2 2 2 2 2 2 2 2 2 2 2 2 2 2 2 2 2 2 2 2 2
left_child=15 2 3 -2 8 -6 7 -7 11 14 -11 13 -13 -4 -10 -1 17 -17 -19 20 21 -3
right_child=1 19 4 -5 5 6 -8 -9 9 10 -12 12 -14 -15 -16 16 -18 18 -20 -21 -22 -23
leaf_value=0.0041949355693051424 -0.0087002711935528273 -0.0079896693360161433 0.0003438453359727595 0.00016281654653611404 0.0047261825061954673 -0.0029155674740844388 -0.0070201983320858207 0.0036936416725686324 -0.0050778267255160194 -0.0017341758848965869 0.00086101384876656245 -0.0051858065655363082 0.0020310093968735573 -0.0026845801049007775 -3.35356056450176e-05 -0.001510385572127533 -0.0052695362710239923 1.5968623603566077e-05 0.0047596962260878731 0.00048191257251547614 -0.0036899590376112861 -0.0058152689847909634
leaf_weight=9.3784036710858327 4.3570869378745538 2.2274027578532691 627.21945683285594 7.0505124107003212 14.464886516332625 7.7046998627483907 3.9487231485545626 13.334437914192675 21.484756937250499 67.049881173297763 72.53152297437191 14.927697215229273 8.0330145508050919 20.85641485825181 5.0939913839101783 7.6235070377588299 5.6150725930929175 9.1722961030900496 14.209165163338183 2.6043008416891098 1.4622813146561382 1.3442156240344045
leaf_count=30 42 36 3287 43 45 62 42 53 200 433 418 123 38 148 41 40 33 40 44 18 20 23
internal_value=0 -7.38603e-05 -3.97144e-05 -0.00325257 2.32979e-06 0.00170365 -5.36694e-05 0.00127149 -7.79663e-05 -0.00098356 -0.000385814 0.000146341 -0.00266212 0.000246112 -0.00411374 0.00143627 0.000723339 0.00181774 0.00290431 -0.00400872 -0.00630914 -0.00729341
internal_weight=0 895.695 888.057 11.4076 876.649 39.4527 24.9879 21.0391 837.197 166.16 139.581 671.037 22.9607 648.076 26.5787 45.9984 36.62 31.005 23.3815 7.6382 5.0339 3.57162
internal_count=5259 5072 4975 85 4890 202 157 115 4688 1092 851 3596 161 3435 241 187 157 124 84 97 79 59
is_linear=0
shrinkage=0.00517761


Tree=126
num_leaves=30
num_cat=0
split_feature=27 14 0 60 60 38 52 56 54 60 42 56 47 26 6 7 42 27 56 41 40 6 1 63 41 62 1 4 55
split_gain=3.61534 5.36644 5.1958 8.30219 6.82118 5.24297 10.2042 8.95334 11.5909 8.13185 11.8844 10.5376 11.0247 9.06443 7.34452 11.1919 7.1279 6.60546 5.1851 6.65379 6.32936 10.8456 4.79878 6.44686 4.42306 4.02364 3.31844 4.21163 2.32391
threshold=31.000000000000004 11.500000000000002 31.500000000000004 0.11647286821705422 0.062114197530864161 55.000000000000007 65.000000000000014 0.2752525252525253 35.050000000000004 0.062114197530864161 0.31009615384615391 0.2817460317460318 36.150000000000013 1.5000000000000002 29.500000000000004 136.50000000000003 0.91287878787878796 8.5000000000000018 0.87083333333333346 1.4500000000000002 34.45000000000001 4.5000000000000009 46.000000000000007 6.5000000000000009 1.2500000000000002 6.5000000000000009 41.000000000000007 1.5000000000000002 0.25000000000000006
decision_type=2 2 2 2 2 2 2 2 2 2 2 2 2 2 2 2 2 2 2 2 2 2 2 2 2 2 2 2 2
left_child=1 2 5 4 22 6 14 8 -8 10 17 12 -11 -12 15 -1 -13 -7 19 20 21 -3 23 -4 -9 -16 27 -5 -22
right_child=-2 18 3 26 -6 9 7 24 -10 11 13 16 -14 -15 25 -17 -18 -19 -20 -21 28 -23 -24 -25 -26 -27 -28 -29 -30
leaf_value=-1.4597144593021602e-05 -0.0043732290571533352 -0.0065719507844999745 0.00045528517083376439 0.0031893258257209502 -0.0076781943283476834 -0.0055640501852773352 0.0048237438182333874 -0.0058430335142474815 -0.004367641327718207 0.00056968755136970872 -5.9735289228509805e-05 0.0032745076521193128 -0.0074946241175223426 0.0048726148605830241 0.00080241561966402876 -0.0035255143035230752 -0.0017723090928256824 0.0028694253963983752 0.006578155791256997 -0.0042381265236159154 0.0059832732313160756 0.0039491747138050122 0.0035771949177447883 -0.0068520920109044724 -0.001239976558454892 0.0049074015059226671 0.0042041394900058492 -0.0048971339009524825 0.0020476069770174899
leaf_weight=522.89887625724077 4.9743300154805175 4.8678095638752037 6.3485769890248829 3.2290456220507604 7.8651218377053729 14.682839373126628 7.8376351632177812 18.867490462958816 6.8137560486793518 27.839005921036005 105.81308340653777 69.891651961952448 5.3631389774382106 10.962895132601259 14.348211321979761 25.462492872029543 8.3600415475666505 2.9513770602643481 5.4570933803915969 5.1102010086178771 8.7858184576034564 5.5524826049804688 3.4337886720895758 6.5174192581325769 8.0090904347598535 11.542373523116112 5.9846701472997665 3.5651888586580753 7.568328045308589
leaf_count=2875 48 35 43 13 78 164 28 166 64 151 542 244 55 34 81 222 48 18 12 32 24 25 16 67 48 41 22 34 29
internal_value=0 2.35505e-05 -5.64299e-05 -0.00195604 -0.00373748 2.51554e-05 -0.000230046 -0.00270643 0.000548426 0.000664233 -0.000193228 0.00169786 -0.000745089 0.000405762 -5.06619e-05 -0.000178038 0.00273422 -0.00414682 0.00194503 0.00113992 0.0021745 -0.000975677 -0.0018123 -0.00326205 -0.00447796 0.00264052 0.00141415 -0.00105946 0.00417785
internal_weight=0 935.93 898.588 36.9438 24.1649 861.644 615.78 41.528 14.6514 245.864 134.41 111.454 33.2021 116.776 574.252 548.361 78.2517 17.6342 37.3417 31.8846 26.7744 10.4203 16.2998 12.866 26.8766 25.8906 12.7789 6.79423 16.3541
internal_count=5259 5211 5054 273 204 4781 3525 306 92 1256 758 498 206 576 3219 3097 292 182 157 145 113 60 126 110 214 122 69 47 53
is_linear=0
shrinkage=0.00517761


Tree=127
num_leaves=30
num_cat=0
split_feature=27 14 54 60 12 46 0 60 60 38 52 16 60 42 56 47 26 6 7 0 42 27 35 13 58 11 1 4 28
split_gain=3.48687 5.10975 5.14521 7.32354 6.68452 6.13788 4.72249 8.04896 6.85878 5.60389 9.92859 8.79484 7.7107 11.5459 10.0054 10.5743 9.08408 7.18885 10.9118 6.97675 6.95547 6.4751 4.72675 4.1269 4.07669 4.03738 2.97141 4.43566 1.97781
threshold=31.000000000000004 11.500000000000002 36.95000000000001 0.11351921274601687 15.000000000000002 2.5000000000000004 31.500000000000004 0.11647286821705422 0.062114197530864161 55.000000000000007 65.000000000000014 3.5000000000000004 0.062114197530864161 0.31009615384615391 0.2817460317460318 36.150000000000013 1.5000000000000002 29.500000000000004 136.50000000000003 1.5000000000000002 0.91287878787878796 8.5000000000000018 1.0000000180025095e-35 7.5000000000000009 5.5000000000000009 3.5000000000000004 41.000000000000007 1.5000000000000002 1.0000000180025095e-35
decision_type=2 2 2 2 2 2 2 2 2 2 2 2 2 2 2 2 2 2 2 2 2 2 2 2 2 2 2 2 2
left_child=1 6 3 4 25 -6 9 8 22 10 17 19 13 21 15 -14 -15 18 -1 -12 -16 -11 23 -8 -19 -3 27 -9 -2
right_child=28 2 -4 -5 5 -7 7 26 -10 12 11 -13 14 16 20 -17 -18 24 -20 -21 -22 -23 -24 -25 -26 -27 -28 -29 -30
leaf_value=-3.1112641431435225e-05 -0.0076919442903821342 0.0017595556631053778 0.0059580581051610852 -0.00438202150325107 0.0026518604553344171 -0.0065359395042188803 0.0021718248553128611 0.0034510944360891917 -0.0076478839768195674 -0.0055042110352602871 -0.0015671178109556857 0.0018927183504825662 0.00058170493226458373 -3.6424256393975057e-05 0.0032252017690681404 -0.0073726474683363822 0.0048612243504757239 0.0013517370501599437 -0.0035016829200835791 -0.0064133129839029114 -0.0017801350871341443 0.0028297907644286853 -0.0064557568487735584 -0.0040570893407145875 0.0059963568006495558 0.0068196280967897458 0.0040968042434923755 -0.0048410146529800566 -0.0011452180136238834
leaf_weight=523.67194221168756 2.3422347120940676 9.798959046602258 6.7793013527989379 5.5093131549656382 3.9515583664178839 3.7287058457732201 7.7900691479444557 3.244955010712145 7.6787478327751151 14.450931344181301 16.14902957901359 8.6906656920909864 27.849796434864402 105.46962490305305 70.170829717069864 5.2711335048079482 11.167136974632738 19.036694634705785 25.401151474565268 15.762188095599411 8.2809867709875089 2.974861402064561 4.1384123731404534 4.4097644537687302 6.8688649721443644 7.4602203071117392 5.9583128243684769 3.5566988885402679 2.6045920327305794
leaf_count=2875 24 37 16 33 16 38 36 13 78 164 126 43 151 542 244 55 34 104 222 137 48 18 54 36 18 17 22 34 24
internal_value=0 2.30828e-05 0.00190099 0.000986564 0.0021812 -0.00182577 -5.48977e-05 -0.00187017 -0.00363233 2.27521e-05 -0.000241072 -0.00271341 0.000683825 -0.000153068 0.00168895 -0.000696224 0.000434934 -6.6188e-05 -0.00019208 -0.00396932 0.00269574 -0.00407583 -0.00172152 -8.89819e-05 0.0025956 0.00396475 0.0014478 -0.000889067 -0.00430664
internal_weight=0 935.221 37.2281 30.4488 24.9394 7.68026 897.993 36.777 24.017 861.216 615.581 40.6019 245.635 134.063 111.573 33.1209 116.637 574.979 549.073 31.9112 78.4518 17.4258 16.3382 12.1998 25.9056 17.2592 12.76 6.80165 4.94683
internal_count=5259 5211 157 141 108 54 5054 273 204 4781 3525 306 1256 758 498 206 576 3219 3097 263 292 182 126 72 122 54 69 47 48
is_linear=0
shrinkage=0.00517761


Tree=128
num_leaves=30
num_cat=0
split_feature=59 65 65 57 9 42 60 52 52 55 14 3 14 61 4 56 60 42 61 65 4 38 65 9 53 53 53 55 63
split_gain=3.4355 7.69708 12.6838 9.88226 9.21066 7.72333 7.54221 7.32161 14.1459 14.7547 10.418 13.0928 10.2992 10.8007 11.0281 10.4425 11.3142 10.1355 9.6817 9.16424 7.24531 12.2289 7.1504 7.30701 6.83353 6.82112 6.78746 7.72447 7.26033
threshold=-74.999999999999986 11.500000000000002 10.500000000000002 -0.74999999999999989 1.0000000180025095e-35 0.83974358974358987 0.020204081632653054 5.5000000000000009 10.500000000000002 6.7500000000000009 3.5000000000000004 10.500000000000002 3.5000000000000004 0.16233108108108107 9.5000000000000018 0.26969696969696971 0.071750321750321713 0.89444444444444449 0.18016393442622952 6.5000000000000009 6.5000000000000009 35.000000000000007 14.500000000000002 1.0000000180025095e-35 12.500000000000002 9.5000000000000018 4.5000000000000009 1.0000000180025095e-35 2.5000000000000004
decision_type=2 2 2 2 2 2 2 2 2 2 2 2 2 2 2 2 2 2 2 2 2 2 2 2 2 2 2 2 2
left_child=7 2 -2 -4 20 -5 -6 10 9 22 11 -1 13 14 17 16 -15 -10 19 -13 26 -22 23 -9 -14 -17 27 -3 -28
right_child=1 4 3 5 6 -7 -8 8 12 -11 -12 18 24 15 -16 25 -18 -19 -20 -21 21 -23 -24 -25 -26 -27 28 -29 -30
leaf_value=0.0030506792183602974 -0.00030310632806357265 -0.00023458613676238414 -0.0070822296487424441 0.00048051324743115652 -0.00092121241680848283 -0.0077922042879906847 0.0056404568194389484 -0.005710034859643871 -0.0032117422083044597 0.0077444326649411342 0.0048649356064842577 0.0055029354682757763 -0.0040268451295725465 0.0021080411403104557 0.0034335719077654842 0.0047165080184502686 -0.0089452149092139159 0.0032611638479250211 -0.0044398109471561215 -0.003802863438696139 -0.0061060720811361678 0.00083499318142378173 0.0028317000166970599 -0.00036422706902481289 0.0035230090303511419 0.00086755929386138158 0.004447540415392982 -0.0078264989695903085 0.0007835221037881798
leaf_weight=29.735334943979979 474.44517836906016 22.28954156674445 13.253290098160507 14.675788801163437 6.5130065679550198 3.7422612123191348 16.600832138210535 26.067725405097008 31.044036405161023 3.3007488846778861 21.719629023224115 6.9130532890558261 17.133041404187683 6.4872047342360002 14.330740489065645 39.822839740663767 3.93606136739254 8.1345344036817533 16.349899865686893 4.7195390351116657 11.703246893361213 16.095173185691237 4.1614005081355563 9.3071799464523775 3.8975411579012862 17.92994549497962 18.063513468950987 4.2183797340840092 72.616397947072983
leaf_count=126 2755 133 115 87 43 27 52 209 221 5 70 22 126 37 56 125 35 24 97 36 118 89 20 57 16 83 59 40 376
internal_value=0 -0.000196319 -0.000515143 -0.00368408 0.000763391 -0.00122195 0.00379393 0.000499419 -6.3809e-05 -0.00267085 0.00181405 0.000661637 0.000719548 0.001298 -0.000442938 0.00266359 -0.00209549 -0.00186442 -0.00187807 0.0017268 0.000278714 -0.00209459 -0.00355201 -0.004307 -0.00262074 0.00352402 0.0008426 -0.00145941 0.00151617
internal_weight=0 674.217 506.117 31.6713 168.1 18.4181 23.1138 264.99 185.553 42.8371 79.4375 57.7178 142.716 121.685 53.5093 68.1761 10.4233 39.1786 27.9825 11.6326 144.986 27.7984 39.5363 35.3749 21.0306 57.7528 117.188 26.5079 90.6799
internal_count=5259 3894 2984 229 910 114 95 1365 1014 291 351 281 723 581 301 280 72 245 155 58 815 207 286 266 142 208 608 173 435
is_linear=0
shrinkage=0.00517761


Tree=129
num_leaves=19
num_cat=0
split_feature=46 57 54 49 57 47 64 65 3 27 59 64 61 61 56 52 2 61
split_gain=3.40751 4.80887 4.23565 8.27533 6.65052 5.23879 5.66159 7.30157 5.34844 5.01587 4.96947 8.64652 7.06911 4.69808 14.577 4.58354 3.5711 2.23169
threshold=65.000000000000014 7.7500000000000009 39.050000000000004 0.87867647058823539 3.7500000000000004 41.650000000000013 419.10000000000008 14.500000000000002 4.5000000000000009 1.5000000000000002 -1.0000000180025095e-35 8.0500000000000025 0.46042188805346701 0.12220009955201593 0.54195804195804198 45.000000000000007 1.5000000000000002 0.097800095648015312
decision_type=2 2 2 2 2 2 2 2 2 2 2 2 2 2 2 2 2 2
left_child=1 2 5 4 13 6 10 -8 -7 -6 11 -1 -12 14 -4 -15 -2 -9
right_child=16 -3 3 -5 9 8 7 17 -10 -11 12 -13 -14 15 -16 -17 -18 -19
leaf_value=0.0016182540814187634 0.0004478200058216886 0.0044232401696059093 -0.0062803048617618203 -0.0054343999943121737 -0.0072858193435318278 0.00054572534323830491 0.0065177959392027024 -0.003640069394940468 -0.0078773629027044829 0.0013869214655247313 -0.00027162017390628133 -0.00019500168008097877 -0.002813322413133864 0.0022986733478089958 0.0037693719771948104 0.0065367519565404132 -0.0071895857026501447 0.002342175132627623
leaf_weight=104.43220160342753 3.0041569061577311 6.5544336363673201 5.699260666966441 4.3997306525707236 3.3575592003762713 3.5632744915783388 7.8149114437401277 3.5222900547087193 4.5748976282775402 3.7025631964206696 491.65733056142926 216.63157288916409 31.13191882148385 18.803310330957178 11.699214473366736 10.806506399065254 3.528777327388525 3.0674673244357109
leaf_count=463 17 24 55 32 35 19 17 32 42 22 2869 1209 220 83 41 29 34 16
internal_value=0 2.62652e-05 -5.204e-06 0.00134279 0.00190034 -9.62741e-05 -5.69008e-05 0.00315424 -0.00421402 -0.00276613 -0.000111965 0.00039499 -0.000423325 0.0026042 0.000465749 0.00385672 -0.00370744 -0.000858981
internal_weight=0 931.418 924.864 58.4681 54.0684 866.396 858.258 14.4047 8.13817 7.06012 843.853 321.064 522.789 47.0083 17.3985 29.6098 6.53293 6.58976
internal_count=5259 5208 5184 297 265 4887 4826 65 61 57 4761 1672 3089 208 96 112 51 48
is_linear=0
shrinkage=0.00517761


Tree=130
num_leaves=20
num_cat=0
split_feature=54 54 1 54 46 49 4 58 47 57 7 64 57 54 3 64 45 49 64
split_gain=3.39746 4.22384 10.9762 5.94267 6.85108 5.98446 5.08947 5.23421 5.01491 5.5794 7.0093 6.99931 8.51127 5.59405 5.13784 3.37689 3.09552 1.15734 0.242338
threshold=43.900000000000006 40.650000000000013 20.500000000000004 39.050000000000004 14.500000000000002 0.4330357142857143 3.5000000000000004 6.5000000000000009 41.650000000000013 3.7500000000000004 1.0000000180025095e-35 419.10000000000008 3.2500000000000004 37.250000000000007 4.5000000000000009 61.100000000000009 95.000000000000014 0.20714285714285713 184.55000000000004
decision_type=2 2 2 2 2 2 2 2 2 2 2 2 2 2 2 2 2 2 2
left_child=1 3 17 8 5 15 7 -7 9 11 -11 12 -1 -12 -10 -5 -13 -3 -19
right_child=-2 2 -4 4 -6 6 -8 -9 14 10 13 16 -14 -15 -16 -17 -18 18 -20
leaf_value=-0.00015353448551555198 0.004063509332572636 -0.0032406905908783546 0.0056092197910602472 0.0021091456033095926 -0.003588991802697822 -0.0017573208429518933 -0.0045691194693304555 0.0050085340236845233 0.00035507698919934696 -0.0055978461807910775 0.00091172103291940103 0.0010734417091715709 -0.0048601964214275576 0.0045277611791809192 -0.0079982396758219842 0.0063312315778480469 0.0062054669863203281 -0.0084247541286242428 -0.0056270007063718716
leaf_weight=785.52255097217858 5.4174135588109484 2.6437177769839746 2.7776998281478873 9.024445593357088 5.2772515676915637 5.4527789503335971 4.1507572419941416 6.8555953428149223 3.6312051154673091 3.4916849117726079 42.461715655401349 6.2964483387768251 10.370696078985928 15.674446579068897 4.2415147721767426 11.849569015204905 6.3143459483981133 3.6399300061166286 1.9666238091886041
leaf_count=4432 16 25 7 38 37 37 36 20 20 34 223 34 90 58 44 32 15 40 21
internal_value=0 -2.39157e-05 -0.00319959 1.43467e-05 0.00190113 0.0026823 0.000344378 0.00201736 -7.73506e-05 -3.99662e-05 0.00146087 -0.000154484 -0.000215269 0.00189079 -0.00417383 0.00451859 0.00366249 -0.00618701 -0.00752138
internal_weight=0 931.643 11.028 920.615 42.6104 37.3331 16.4591 12.3084 878.005 870.132 61.6278 808.504 795.893 58.1362 7.87272 20.874 12.6108 8.25027 5.60655
internal_count=5259 5243 93 5150 200 163 93 57 4950 4886 315 4571 4522 281 64 70 49 86 61
is_linear=0
shrinkage=0.00517761


Tree=131
num_leaves=30
num_cat=0
split_feature=27 14 54 60 12 46 0 60 60 52 52 65 49 63 49 14 53 2 62 41 56 6 60 26 10 3 11 1 4
split_gain=3.36304 5.03038 4.91849 7.02615 6.05661 5.84147 4.72313 7.28918 6.58046 5.0193 9.69995 15.8514 11.751 19.1642 8.47348 8.437 9.61641 7.7378 7.18832 7.07081 6.88204 5.80863 5.03683 4.6009 4.52724 4.47574 3.90749 2.89416 4.20587
threshold=31.000000000000004 11.500000000000002 36.95000000000001 0.11351921274601687 15.000000000000002 2.5000000000000004 31.500000000000004 0.11647286821705422 0.062114197530864161 10.500000000000002 5.5000000000000009 5.5000000000000009 0.41421568627450983 1.5000000000000002 0.5590277777777779 3.5000000000000004 8.5000000000000018 17.500000000000004 5.5000000000000009 0.55000000000000016 0.63961038961038974 17.500000000000004 0.15954545454545457 1.0000000180025095e-35 1.0000000180025095e-35 279.50000000000006 3.5000000000000004 41.000000000000007 2.5000000000000004
decision_type=2 2 2 2 2 2 2 2 2 2 2 2 2 2 2 2 2 2 2 2 2 2 2 2 2 2 2 2 2
left_child=1 6 3 4 26 -6 9 8 24 10 12 21 13 -1 -13 17 20 22 -18 -14 -17 -12 -11 -19 25 -8 -3 28 -9
right_child=-2 2 -4 -5 5 -7 7 27 -10 15 11 14 19 -15 -16 16 18 23 -20 -21 -22 -23 -24 -25 -26 -27 -28 -29 -30
leaf_value=-0.0072700189967358731 -0.0042177299743687601 0.0016994419278380554 0.0058857090002805788 -0.0042805166738998437 0.0027003983574657091 -0.0063019203283710429 -0.0026352669650121265 0.0030737050012460722 -0.0075504348815753136 0.0006398748868248614 -0.0047942254570440884 0.00099496235001426936 0.0037955504076016759 -0.00016293396823338071 -0.0021388105085054154 -0.0063550016141707098 -0.0021008586433140172 0.0048689550721004744 0.0035240389749866888 0.0007003386502330188 -0.00043756435612781115 0.0019140191149759464 -0.0016453020479197066 -0.00019539582348583427 -0.004891271909542476 0.0044508948116738362 0.0067003939237415093 0.0039262475208855976 -0.0050531847573295034
leaf_weight=10.717950586229561 4.9745408073067656 9.7017267197370618 6.7009212151169768 5.4661049209535113 3.9429433867335311 3.6714441031217575 5.1505194753408485 3.3291111439466459 7.5067662596702567 343.36366954818368 37.756755121052265 54.008194101974368 29.166731644421816 179.02328195981681 40.355770517140627 13.880474343895914 12.708729054778816 17.560579847544435 11.575821131467817 61.3655557744205 8.4876385219395143 3.7725327461957923 27.898154554888606 6.6036410592496386 6.838027410209178 4.3440825194120407 7.394137315452098 5.8999677747488022 3.3708669804036617
leaf_count=92 48 37 16 33 16 38 40 14 78 1823 304 289 118 1025 260 121 76 59 45 289 49 26 164 41 68 18 17 22 33
internal_value=0 2.28205e-05 0.00189512 0.000997868 0.00217402 -0.00165646 -5.44808e-05 -0.00187846 -0.00355868 2.30943e-05 -0.000384963 -0.0015198 0.000165485 -0.000566815 -0.000345732 0.000407246 -0.00167364 0.000653003 0.000582453 0.00169962 -0.00411777 -0.00418264 0.00046788 0.00348798 -0.00170062 0.000614676 0.00388021 0.00130211 -0.0010237
internal_weight=0 931.562 36.8773 30.1764 24.7103 7.61439 894.685 36.4393 23.8394 858.245 416.167 135.893 280.274 189.741 94.364 442.079 46.6527 395.426 24.2846 90.5323 22.3681 41.5293 371.262 24.1642 16.3326 9.4946 17.0959 12.5999 6.69998
internal_count=5259 5211 157 141 108 54 5054 273 204 4781 2403 879 1524 1117 549 2378 291 2087 121 407 170 330 1987 100 126 58 54 69 47
is_linear=0
shrinkage=0.00517761


Tree=132
num_leaves=29
num_cat=0
split_feature=46 57 3 60 61 46 2 61 58 40 49 1 53 31 59 64 41 59 47 54 65 7 58 46 28 28 2 3
split_gain=3.23992 4.61939 3.79418 7.5685 12.0301 7.86485 8.00889 6.48873 6.35165 10.1794 7.15991 12.2344 7.42285 6.62976 6.10342 5.95073 5.79163 7.45316 5.74051 5.7617 10.6312 8.07649 5.67585 5.51137 6.7698 4.64192 3.5458 0.668096
threshold=65.000000000000014 7.7500000000000009 8.5000000000000018 0.10987804878048781 0.095695970695970675 5.5000000000000009 1.0000000180025095e-35 0.11583184257602856 -4.4999999999999991 38.750000000000007 0.74166666666666681 5.5000000000000009 3.5000000000000004 1.5000000000000002 -74.999999999999986 116.2 3.7500000000000004 -74.999999999999986 41.550000000000004 34.550000000000004 15.500000000000002 45.000000000000007 -8.4999999999999982 4.5000000000000009 1.0000000180025095e-35 1.0000000180025095e-35 1.5000000000000002 1.5000000000000002
decision_type=2 2 2 2 2 2 2 2 2 2 2 2 2 2 2 2 2 2 2 2 2 2 2 2 2 2 2 2
left_child=1 2 3 4 16 23 22 27 9 10 12 -12 -4 15 -9 -11 17 -1 19 21 -21 -10 -7 24 -5 -15 -2 -6
right_child=26 -3 8 5 7 6 -8 14 18 13 11 -13 -14 25 -16 -17 -18 -19 -20 20 -22 -23 -24 -25 -26 -27 -28 -29
leaf_value=0.0033631777519018496 0.00052232223003787252 0.0043683349200183694 -0.00074948981592020487 0.00033718411307032012 -0.0046736895590438884 0.0025964861781162265 0.0027769979905550779 0.00016024320461329705 0.00047314747034461719 0.00024224197042475978 0.0040838209325296127 -0.005114272865137561 -0.0054605995644965493 -0.0070790210641947298 -0.0026901076472453118 0.006302442197487582 -0.0048235294843996159 -0.00034763111130824728 -0.0053253369229232959 0.0010418518718299621 -0.0036513632575218861 -0.0014287295274805173 -0.0054505091112920095 0.0068835867773427992 0.0064382438144980738 0.0015768924979091292 -0.0071509483122980068 -0.0081656990198332099
leaf_weight=22.797316834330559 2.95754650235176 6.4535952247679225 14.501063633710144 24.076476644724611 2.7027753405272952 2.9344884455204019 7.7603884637355796 28.324452459812164 180.47780395671725 8.6681186370551639 9.7386151328682917 6.3455864116549483 23.534757301211357 3.2960289828479281 69.530106883496046 8.65540077164769 4.8585978280752888 39.677186887711287 4.6532226949930182 326.22696383669972 13.409088455140589 89.478580590337515 11.064873682335019 6.2986424267292014 6.0507965907454482 3.2416036538779736 3.4633097648620605 4.5610729083418846
leaf_count=95 17 24 103 143 29 14 31 163 843 43 36 51 211 31 522 21 37 275 45 1578 101 617 100 15 19 17 34 44
internal_value=0 2.54515e-05 -5.22338e-06 -0.00058028 -0.00112502 0.00103357 -0.00142645 -0.00221898 0.000186404 -0.00120491 -0.00244618 0.000448545 -0.00366906 0.00160918 -0.00186545 0.00328288 0.000583277 0.0010085 0.000363157 0.000407161 0.000855869 -0.000157416 -0.00375907 0.00250318 0.00157413 -0.00281347 -0.0036464 -0.00692101
internal_weight=0 929.318 922.864 230.637 172.452 58.1857 21.7598 105.118 692.227 77.9812 54.12 16.0842 38.0358 23.8612 97.8546 17.3235 67.3331 62.4745 614.246 609.592 339.636 269.956 13.9994 36.4259 30.1273 6.53763 6.42086 7.26385
internal_count=5259 5208 5184 1487 1165 322 145 758 3697 513 401 87 314 112 685 64 407 370 3184 3139 1679 1460 114 177 162 48 51 73
is_linear=0
shrinkage=0.00517761


Tree=133
num_leaves=30
num_cat=0
split_feature=64 32 59 65 65 57 9 60 65 3 18 4 38 53 38 64 39 64 53 7 49 56 47 3 61 63 55 63 53
split_gain=3.43525 4.24842 4.22114 8.18422 9.58071 9.4088 8.69746 7.22446 6.67393 12.0245 11.8123 6.58482 11.596 6.37421 6.33199 6.30393 10.1189 7.58587 7.45971 7.46957 6.08551 7.41048 6.43647 5.14851 3.47182 9.85924 11.7112 7.21551 5.40919
threshold=2.5500000000000003 1.0000000180025095e-35 -74.999999999999986 11.500000000000002 10.500000000000002 -0.74999999999999989 1.0000000180025095e-35 0.020204081632653054 6.5000000000000009 1.5000000000000002 1.0000000180025095e-35 6.5000000000000009 35.000000000000007 4.5000000000000009 8.5000000000000018 11.750000000000002 11.500000000000002 14.050000000000002 14.500000000000002 62.500000000000007 0.14835164835164832 0.087121212121212113 35.95000000000001 170.00000000000003 0.21089696071163824 12.500000000000002 0.35000000000000003 5.5000000000000009 4.5000000000000009
decision_type=2 2 2 2 2 2 2 2 2 2 2 2 2 2 2 2 2 2 2 2 2 2 2 2 2 2 2 2 2
left_child=24 2 15 4 8 -6 11 -8 10 -10 -4 13 -13 -5 -7 16 20 23 19 -19 21 -2 -22 -17 28 26 27 -26 -1
right_child=1 -3 3 6 5 14 7 -9 9 -11 -12 12 -14 -15 -16 17 -18 18 -20 -21 22 -23 -24 -25 25 -27 -28 -29 -30
leaf_value=6.6447460507860763e-05 0.0019189265725627078 -0.0039158654848303991 -0.0020162284470492068 -0.0014378428113618674 -0.0068373930877032394 0.0021671580066637058 -0.00091014052023524186 0.0056355486503485422 -0.0039330081615305259 0.00069174298603637491 0.00027853671732240305 -0.0059942542148192232 0.00083238567599250649 0.0014519911278243918 -0.0041092617241990873 -0.0075152025723278148 -0.0039038286149572195 -0.00031229386321100219 -0.0045622515912330389 0.0022140949492332456 0.0035743462634984652 -0.0064378307425737077 -0.00071093703108361 0.00046933454584254159 0.0038181645278303981 0.0060926103624525324 -0.006793553015769848 -0.0033377018395187026 0.0060973322508872541
leaf_weight=7.3839273303747168 7.7288261726498586 7.571555119007825 134.49818370491266 26.400856295600533 12.606525795534255 8.6312276758253592 6.3209989480674293 15.643350943922995 16.408370412886143 176.88521584868431 108.68285679444671 11.399928312748672 15.912891751155255 90.189624177291989 8.4787316061556322 5.8590413294732553 7.8883391916751853 99.910197380930185 8.2460593692958337 45.657136054709554 54.978171015158296 4.4157586805522442 11.30391366407275 3.3977176174521446 10.241739891469487 6.19718063622713 6.9893303513526908 5.9003667905926696 8.6080859974026662
leaf_count=35 39 97 876 172 113 41 42 48 143 883 663 116 88 435 67 47 55 544 61 219 208 37 62 16 36 14 44 38 20
internal_value=0 -7.09284e-05 -3.76031e-05 -0.00026267 -0.00061409 -0.00345546 0.000724858 0.00375448 -0.000420135 0.000297917 -0.000990829 0.000260888 -0.00202434 0.000797124 -0.000946615 0.000532718 0.00166361 -6.62754e-05 0.000208478 0.000480716 0.00222648 -0.00113755 0.00284346 -0.00460134 0.00138942 0.000328822 -0.0012281 0.00119923 0.0033248
internal_weight=0 889.015 881.444 632.059 466.191 29.7165 165.868 21.9643 436.475 193.294 243.181 143.903 27.3128 116.59 17.11 249.385 86.315 163.07 153.813 145.567 78.4267 12.1446 66.2821 9.25676 45.3206 29.3286 23.1314 16.1421 15.992
internal_count=5259 5072 4975 3687 2786 221 901 90 2565 1026 1539 811 204 607 108 1288 401 887 824 763 346 76 270 63 187 132 118 74 55
is_linear=0
shrinkage=0.00517761


Tree=134
num_leaves=30
num_cat=0
split_feature=3 64 42 40 39 59 47 53 56 65 19 5 56 61 55 64 31 42 4 45 7 57 64 49 64 16 42 19 62
split_gain=3.35521 5.10444 11.6111 10.712 10.6265 6.40318 11.2052 7.53564 5.79227 5.41884 5.28458 4.96555 7.93155 7.22875 4.64808 4.40721 4.10494 12.7883 10.5135 10.3234 19.4413 8.09008 7.58079 7.02072 6.71219 6.58066 9.27953 12.1372 10.002
threshold=2.5000000000000004 7.8500000000000005 0.63961038961038974 34.150000000000013 5.5000000000000009 -1.0000000180025095e-35 36.050000000000004 4.5000000000000009 0.69615384615384623 2.5000000000000004 13.500000000000002 1.0000000180025095e-35 0.56696428571428581 0.11814556331006977 6.5500000000000007 5.7500000000000009 2.5000000000000004 0.79285714285714304 8.5000000000000018 45.000000000000007 40.500000000000007 5.2500000000000009 24.950000000000003 0.72474747474747481 11.050000000000002 1.5000000000000002 0.63961038961038974 2.5000000000000004 7.5000000000000009
decision_type=2 2 2 2 2 2 2 2 2 2 2 2 2 2 2 2 2 2 2 2 2 2 2 2 2 2 2 2 2
left_child=1 3 8 9 -5 -4 7 -7 10 -1 11 12 -3 -13 16 -6 25 19 -19 21 -21 22 -18 -20 -22 -2 27 -27 -28
right_child=14 2 5 4 15 6 -8 -9 -10 -11 -12 13 -14 -15 -16 -17 17 18 23 20 24 -23 -24 -25 -26 26 28 -29 -30
leaf_value=-0.0071547528100935412 0.00050601536123080673 -0.0045566290572534437 0.0035549477118026001 0.0045662080715439647 -0.0083871866881519708 -0.0037777363162029122 -0.0063310684605747186 0.0039501892375992005 -0.0076277956518389974 0.00044002092620318257 -0.0065271370717794267 0.0041344651530132717 0.004058622501728705 -0.0026035830361852345 0.0044277041379099267 0.00085687993750425907 -0.0001747610553014149 -0.0064783474960256049 -0.0038227500972322294 -0.0082575820299597303 -0.0012806918783131525 0.0049484768557295127 -0.0029876430216062735 0.0015574856617193999 0.0031779551413538632 0.0035678814510238391 -0.0014773349093396054 -0.0051274263977278724 0.0047152843266728391
leaf_weight=5.3046302273869497 515.98266011476517 18.671584313735369 13.845960352569817 18.997518658638004 2.5999738983809939 4.8650569319725063 6.9762794729322186 10.728771805763243 6.3503100182861081 4.7261246256530285 6.8889569472521535 7.7837289515882757 3.3279692046344271 9.2898297514766437 6.596903793513774 2.8469712398946285 72.730886066332459 15.436757661402224 12.696390114724638 4.8541947230696669 10.859764464199541 6.0462481454014769 39.651791099458933 13.197525320574639 53.316842187196016 5.2592710852623012 20.511204365640879 22.632918834686279 10.525488041341307
leaf_count=50 2550 175 44 85 27 38 54 41 69 28 74 41 15 87 20 19 495 124 107 46 67 22 315 62 243 21 114 198 28
internal_value=0 -0.000795816 -0.00145247 0.000893588 0.002741 0.000791578 -0.000908847 0.00153307 -0.00301374 -0.0035964 -0.00236608 -0.00162252 -0.00324486 0.000472037 0.000121057 -0.00360227 8.53389e-05 -0.000501127 -0.00310563 7.39721e-05 0.00166455 -0.000853521 -0.00116845 -0.00108338 0.00242285 0.000318768 -0.00131942 -0.00348311 0.000628159
internal_weight=0 123.204 88.7284 34.4752 24.4445 36.4161 22.5701 15.5938 52.3124 10.0308 45.9621 39.0731 21.9996 17.0736 810.299 5.44695 803.702 228.79 41.3307 187.46 69.0308 118.429 112.383 25.8939 64.1766 574.912 58.9289 27.8922 31.0367
internal_count=5259 847 638 209 131 177 133 79 461 78 392 318 190 128 4412 46 4392 1481 293 1188 356 832 810 169 310 2911 361 219 142
is_linear=0
shrinkage=0.00517761


Tree=135
num_leaves=30
num_cat=0
split_feature=27 14 0 60 60 38 8 58 52 60 42 14 19 3 26 19 12 48 27 54 60 12 46 10 3 11 1 4 28
split_gain=3.29029 4.40178 5.02668 7.28492 6.46402 5.14413 10.1161 13.0721 11.0299 8.00899 10.8047 9.28373 9.89663 9.70477 8.79547 7.23408 7.16691 6.90323 6.70419 4.73469 6.30354 5.83101 5.66841 4.41368 4.07334 3.59128 2.76911 4.21413 2.0107
threshold=31.000000000000004 11.500000000000002 31.500000000000004 0.11647286821705422 0.062114197530864161 55.000000000000007 1.0000000180025095e-35 -6.4999999999999991 55.000000000000007 0.062114197530864161 0.31009615384615391 2.5000000000000004 18.500000000000004 1.5000000000000002 1.5000000000000002 6.5000000000000009 1.0000000180025095e-35 5.6500000000000012 8.5000000000000018 36.95000000000001 0.11351921274601687 15.000000000000002 2.5000000000000004 1.0000000180025095e-35 279.50000000000006 3.5000000000000004 41.000000000000007 1.5000000000000002 1.0000000180025095e-35
decision_type=2 2 2 2 2 2 2 2 2 2 2 2 2 2 2 2 2 2 2 2 2 2 2 2 2 2 2 2 2
left_child=1 2 5 4 23 6 8 -8 17 10 18 13 -13 -11 -12 -9 -10 -1 -7 20 21 25 -23 24 -4 -3 27 -5 -2
right_child=28 19 3 26 -6 9 7 15 16 11 14 12 -14 -15 -16 -17 -18 -19 -20 -21 -22 22 -24 -25 -26 -27 -28 -29 -30
leaf_value=-0.0004259553776715273 -0.0076751627571039274 0.0015807717784248614 -0.0025943760384037262 0.0031249794885250862 -0.0076415457251805862 -0.0054665750187425548 -0.00689393784344369 0.0034756348064465649 -0.0015071880601171866 -0.0030283454318915967 -8.1947087507635056e-05 -0.0057945445059955766 0.0018661094345392229 0.0028671312808549814 0.0047885765353479857 0.00059309523277095244 -0.0061269689843449094 0.0030165160878269422 0.0029078945987317441 0.0057199887276963039 -0.0041531400276842772 0.0025319400501789035 -0.0063930995057294056 -0.0050011911930196509 0.0042336703410519585 0.0064036151471363219 0.003799532811515596 -0.0050406648262287202 -0.0010590521884394184
leaf_weight=450.10808144882321 2.286662943661212 9.4915999174118131 5.0860369876027125 3.2535381689667684 7.3786746859550467 14.355169991031291 4.9940691627562037 36.486676480621099 25.211444597691298 8.153350066393612 104.2645358517766 8.39133318513632 9.6598154678940755 84.967809343710542 10.920344516634939 64.67839577049017 13.993995189666746 16.111321561038494 3.0714941658079615 6.6325631216168395 5.358712885528802 3.9166738688945761 3.6037398241460323 6.6017596907913676 4.2290695756673813 7.3617441728711119 5.8810264691710472 3.3980827443301678 2.6402839012444019
leaf_count=2617 24 37 40 13 78 164 54 125 189 62 542 64 44 328 34 364 121 55 18 16 33 16 38 68 18 17 22 34 24
internal_value=0 2.25628e-05 -4.95396e-05 -0.00194769 -0.00365663 3.01052e-05 -0.000223395 0.00122908 -0.000528603 0.000665975 -0.000193294 0.0016905 -0.00170291 0.0023491 0.00038225 0.00163437 -0.00316385 -0.00030657 -0.00398483 0.0017866 0.000898232 0.00201726 -0.00176263 -0.001785 0.000512984 0.00370456 0.00123094 -0.00105432 -0.00419175
internal_weight=0 927.561 891.196 35.8282 23.2955 855.368 611.584 106.159 505.425 243.784 132.612 111.172 18.0511 93.1212 115.185 101.165 39.2054 466.219 17.4267 36.365 29.7325 24.3738 7.52041 15.9169 9.31511 16.8533 12.5326 6.65162 4.92695
internal_count=5259 5211 5054 273 204 4781 3525 543 2982 1256 758 498 108 390 576 489 310 2672 182 157 141 108 54 126 58 54 69 47 48
is_linear=0
shrinkage=0.00517761


Tree=136
num_leaves=20
num_cat=0
split_feature=54 54 1 54 46 47 57 7 64 57 54 61 61 48 3 5 49 39 60
split_gain=3.22898 3.96219 8.96427 5.49026 5.98044 5.27404 5.27104 6.72445 6.21776 8.81043 5.30995 4.82302 7.31994 5.81754 4.81828 3.13559 2.69723 2.36091 0.36798
threshold=43.900000000000006 40.550000000000004 20.500000000000004 39.050000000000004 14.500000000000002 41.650000000000013 3.7500000000000004 1.0000000180025095e-35 419.10000000000008 3.2500000000000004 37.250000000000007 0.28490259740259744 0.12220009955201593 2.2500000000000004 4.5000000000000009 4.5000000000000009 0.20714285714285713 10.500000000000002 0.047338935574229656
decision_type=2 2 2 2 2 2 2 2 2 2 2 2 2 2 2 2 2 2 2
left_child=1 3 16 5 11 6 8 -8 9 -1 -9 12 13 -5 -7 -10 -3 -14 -18
right_child=-2 2 -4 4 -6 14 7 10 15 -11 -12 -13 17 -15 -16 -17 18 -19 -20
leaf_value=-0.00013791621175586509 0.0039929065695465749 -0.0015719987930995613 0.0051771970489666429 -0.0040779568837827421 -0.0034346048014692616 4.3087154010112364e-05 -0.0055438668808674239 0.00088980244985868652 0.00066940282193664845 -0.0049493314690705181 0.0044180837539862352 -0.0018353323768217759 0.0036593516373169834 0.0034317583020333844 -0.0080556477844225816 0.0058749071871873823 -0.008610222447134129 0.0073577486875386951 -0.0056165133742376583
leaf_weight=782.09920184314251 5.3317241556942454 3.3198223039507848 2.7474746815860263 4.9390605110675114 4.931611541658639 3.6867619864642611 3.4274652414023867 41.83827998675406 5.784244626760481 10.271495966240762 15.697333607822655 5.4757811799645415 10.404783152043821 6.1133313030004501 4.1563484519720078 6.6780315116047859 3.4674582965672016 8.6947282180190069 2.572088073939085
leaf_count=4432 16 28 8 34 36 20 34 223 29 90 58 36 42 24 44 20 41 18 26
internal_value=0 -2.32662e-05 -0.00295772 1.58003e-05 0.00187642 -7.07098e-05 -3.22526e-05 0.00143477 -0.00014349 -0.000200701 0.00185648 0.00261673 0.00342768 7.10586e-05 -0.00427952 0.00347554 -0.00536589 0.00536285 -0.00741082
internal_weight=0 926.305 12.1068 914.198 40.5593 873.639 865.796 60.9631 804.833 792.371 57.5356 35.6277 30.1519 11.0524 7.84311 12.4623 9.35937 19.0995 6.03955
internal_count=5259 5243 103 5140 190 4950 4886 315 4571 4522 281 154 118 58 64 49 95 60 67
is_linear=0
shrinkage=0.00517761


Tree=137
num_leaves=26
num_cat=0
split_feature=27 14 54 42 42 31 58 53 0 60 60 30 58 52 52 14 10 53 49 3 1 4 28 24 41
split_gain=3.22908 4.33956 4.65841 6.14075 7.09507 8.09515 7.59852 4.84402 4.64192 6.51645 6.29318 4.90782 5.76313 5.09871 9.61776 8.06746 4.66093 4.51581 4.81003 4.07497 2.56087 4.39917 1.98106 1.58545 0.287404
threshold=31.000000000000004 11.500000000000002 36.95000000000001 0.59411764705882364 0.4330357142857143 5.5000000000000009 1.5000000000000002 7.5000000000000009 31.500000000000004 0.11647286821705422 0.062114197530864161 2.5000000000000004 -18.999999999999996 10.500000000000002 5.5000000000000009 3.5000000000000004 1.0000000180025095e-35 4.5000000000000009 0.4494949494949495 279.50000000000006 41.000000000000007 1.5000000000000002 1.0000000180025095e-35 1.0000000180025095e-35 1.0500000000000003
decision_type=2 2 2 2 2 2 2 2 2 2 2 2 2 2 2 2 2 2 2 2 2 2 2 2 2
left_child=1 8 3 4 5 6 -3 -5 11 10 16 12 -1 14 -14 -15 19 18 -13 -10 21 -11 -2 -18 -12
right_child=22 2 -4 7 -6 -7 -8 -9 9 20 24 17 13 15 -16 -17 23 -19 -20 -21 -22 -23 -24 -25 -26
leaf_value=-0.0069558097002771421 -0.0076946705893066033 -0.0081174273809194938 0.0057047560016285533 -0.0062309822786586191 0.0065170730867646093 0.0059374639094773784 0.0015661242370359635 0.0011296229049408716 -0.0025154169404844016 0.0031873710809843274 -0.0083454087560550297 0.00085981131640290413 0.00013250833457213477 0.00063114375026160731 -0.0015689942497316041 -0.0016853165887149182 -0.0014737646845058576 -0.0010779298865276005 0.0068433620315644598 0.0042704575561352785 0.0035856590702127897 -0.0051707604786321738 -0.001082317820273934 -0.0068599761393259347 -0.005600479574538149
leaf_weight=3.1475331224501124 2.2316611781716338 3.7969582900404983 6.5469514504075041 4.6957464218139631 7.4072282537817946 4.3131921738386145 4.9217544756829739 4.7892841398715973 5.0467657856643218 3.2469972372055036 4.8929196409881106 6.6854475773870963 271.49695183336735 381.10813958011568 132.45320294611156 45.004426497966051 2.2780827507376662 6.5136638395488253 7.8022759854793549 4.3611768744885921 5.8923863396048546 3.3796564117074013 2.6354652419686317 4.2885546199977398 2.1496058441698551
leaf_count=27 24 33 16 29 20 14 23 22 40 13 55 36 1491 2024 862 282 15 42 17 18 22 34 24 53 23
internal_value=0 2.22504e-05 0.00177108 0.000899585 0.00249522 0.000187461 -0.00267977 -0.00253174 -4.95549e-05 -0.00188133 -0.00351308 2.67825e-05 -3.56111e-05 -8.81157e-06 -0.000425558 0.000386252 -0.00170116 0.00249479 0.00409904 0.000637549 0.00112101 -0.00108352 -0.0041778 -0.00502555 -0.00756823
internal_weight=0 926.219 36.4711 29.9242 20.4391 13.0319 8.71871 9.48503 889.748 35.5361 23.0171 854.212 833.21 830.063 403.95 426.113 15.9746 21.0014 14.4877 9.40794 12.519 6.62665 4.86713 6.56664 7.04253
internal_count=5259 5211 157 141 90 70 56 51 5054 273 204 4781 4686 4659 2353 2306 126 95 53 58 69 47 48 68 78
is_linear=0
shrinkage=0.00517761


Tree=138
num_leaves=29
num_cat=0
split_feature=46 57 3 46 47 63 60 61 64 16 59 58 41 45 13 58 41 31 46 28 63 45 17 4 0 45 45 56
split_gain=3.20786 4.39308 3.44093 7.61704 9.67282 8.70222 8.65064 10.4473 9.2717 8.85089 7.83283 6.12823 9.92928 13.5752 8.93009 8.93165 8.90902 7.26126 5.70035 6.34528 5.22915 5.43389 5.43362 8.99108 7.63574 3.34387 2.20985 1.80096
threshold=65.000000000000014 7.7500000000000009 8.5000000000000018 5.5000000000000009 42.45000000000001 13.500000000000002 0.10987804878048781 0.095695970695970675 87.550000000000011 1.0000000180025095e-35 -124.99999999999999 -4.4999999999999991 1.1500000000000001 13.500000000000002 1.0000000180025095e-35 -7.4999999999999991 3.2500000000000004 1.0000000180025095e-35 4.5000000000000009 1.0000000180025095e-35 16.500000000000004 19.000000000000004 1.5000000000000002 1.0000000180025095e-35 2.5000000000000004 145.00000000000003 25.000000000000004 0.25833333333333336
decision_type=2 2 2 2 2 2 2 2 2 2 2 2 2 2 2 2 2 2 2 2 2 2 2 2 2 2 2 2
left_child=1 2 3 6 5 10 7 9 -9 -1 -5 12 14 17 15 -4 -15 -14 19 -8 22 -22 23 -13 -24 -2 -16 -7
right_child=25 -3 11 4 -6 27 18 8 -10 -11 -12 20 13 16 26 -17 -18 -19 -20 -21 21 -23 24 -25 -26 -27 -28 -29
leaf_value=0.0033262750119698046 -0.0071177844648938312 0.0043034378462867146 0.0026754574128732894 0.00095060922185961157 0.004063752009467559 -0.0026066284538908743 0.00030984143189576236 -0.0028415022330929005 0.0028026689145192831 -0.0035400584776442414 -0.0024414810206677493 -0.00033275771962109648 0.004782028775478551 -0.0055854446432628251 -0.0067201768235562618 -0.0060089077585551908 0.0034756415144435956 -0.0013421228110681404 0.0068992948528263601 0.006259401249977232 -0.00058569683608538216 0.0058468822450639373 -0.0028870114611726201 0.001178196636999947 6.2713021138422692e-06 0.00040901480915629944 -0.0033861790907248985 -0.0078310392584349364
leaf_weight=23.859160620719198 3.3791960738599292 6.323665212839841 10.182258203625677 25.443200724199414 7.5533744245767585 2.4289444349706155 24.089836150407795 46.386450849473476 9.3209036849439126 6.3143837433308354 64.191946582868695 176.34377424791455 17.304936680942777 11.254975527524946 12.026320595294239 4.5335497371852389 3.8633537217974654 7.3649877235293379 6.2968503013253203 5.9400098174810401 5.6879546493291846 9.1189501956105214 30.188908252865076 262.91393028199673 127.48407524824142 2.9111421257257462 10.009985972195862 7.4877517931163311
leaf_count=104 33 24 51 138 25 25 143 347 40 55 492 895 51 97 120 40 14 49 15 19 44 31 223 1220 771 18 91 84
internal_value=0 2.5217e-05 -4.56894e-06 -0.000553783 -0.00156133 -0.0019906 0.000329578 -0.000566468 -0.00189482 0.00188459 -0.00147858 0.00017844 -0.0012021 0.000590002 -0.00313998 -1.45163e-05 -0.00326456 0.0029548 0.00244527 0.00149803 0.000351293 0.00338388 0.000275694 0.00057164 -0.000548636 -0.00366556 -0.00522062 -0.00657769
internal_weight=0 923.914 917.591 229.313 107.105 99.5518 122.208 85.8809 55.7074 30.1735 89.6351 688.278 76.5404 39.7883 36.7521 14.7158 15.1183 24.6699 36.3267 30.0298 611.738 14.8069 596.931 439.258 157.673 6.29034 22.0363 9.9167
internal_count=5259 5208 5184 1487 764 739 723 546 387 159 630 3697 513 211 302 91 111 100 177 162 3184 75 3109 2115 994 51 211 109
is_linear=0
shrinkage=0.00517761


Tree=139
num_leaves=30
num_cat=0
split_feature=64 49 3 38 49 45 41 58 27 57 64 61 54 16 49 42 3 45 57 64 39 59 38 47 61 61 11 53 64
split_gain=3.13917 4.28163 8.80428 7.86177 8.71253 10.5676 7.81139 7.60471 7.15677 6.3891 5.89511 10.8151 10.5607 10.4992 9.67558 11.1362 9.60013 7.61693 6.43935 6.13006 11.4206 10.8238 10.1171 9.2617 9.0785 9.12741 8.62552 8.56901 8.39006
threshold=2.5500000000000003 0.72474747474747481 1.5000000000000002 125.00000000000001 0.77350427350427364 17.500000000000004 2.7500000000000004 -2.4999999999999996 10.500000000000002 2.2500000000000004 85.950000000000003 0.19526212503504348 36.550000000000004 1.5000000000000002 0.55050505050505061 0.21825396825396823 48.500000000000007 9.5000000000000018 3.7500000000000004 8.0500000000000025 8.5000000000000018 -1.0000000180025095e-35 75.000000000000014 32.850000000000001 0.30969148222669346 0.29555335968379454 1.5000000000000002 7.5000000000000009 6.9500000000000011
decision_type=2 2 2 2 2 2 2 2 2 2 2 2 2 2 2 2 2 2 2 2 2 2 2 2 2 2 2 2 2
left_child=-1 10 9 4 -4 8 -5 -7 -6 -3 19 14 -13 -14 15 -12 -17 -16 -19 21 24 28 27 -22 25 -21 -25 -23 -2
right_child=1 2 3 6 5 7 -8 -9 -10 -11 11 12 13 -15 17 16 -18 18 -20 20 23 22 -24 26 -26 -27 -28 -29 -30
leaf_value=0.0013317124691347628 0.00083871447425714512 -0.005886138520786584 0.0034131474508438246 -0.0053969864731232059 -0.00020895260494541314 -0.0016553434312849889 0.0033537621710656262 0.0028962039418114144 -0.0060992256560618643 0.00077956230357963726 -0.0033813864596972591 0.0041693787695540442 -0.0066524233918388307 0.0042785550489994372 0.0029678863431022305 0.0025282687877661273 -0.0024159384870541577 -0.0061555758208850231 0.00063249020517364423 -0.0016159783495834784 -0.0060913189151036509 -0.00079378603349799018 0.0036339459331127875 0.0012264268119374542 -0.0041600973316985 0.0027976462217615908 -0.001696011512328698 -0.0051476419546354381 0.0051175374700672674
leaf_weight=45.080875210464001 65.532914344221354 9.3339358493685705 35.795860400423408 9.7552741095423681 81.810882560908794 11.862648654729126 3.7374565675854674 56.57838012650609 5.8651418313384047 6.5087761003524056 15.183385062962769 33.704723957926035 5.4548177607357484 4.0485242530703545 4.4674308188259628 52.157726323232055 13.128908175975083 15.036788791418077 4.9649878814816466 147.16970970667899 6.0105621069669715 69.228638650849462 11.37251704931259 100.5695312153548 34.662467915564775 13.671534679830073 36.974186794832349 14.634283997118471 15.065867304801939
leaf_count=187 317 89 143 72 419 81 11 225 49 37 134 126 45 14 20 237 92 130 30 987 59 466 48 489 257 66 251 130 48
internal_value=0 -6.7985e-05 0.000555591 0.000842768 0.00111166 0.000582694 -0.00296811 0.00210638 -0.000607348 -0.00315543 -0.000276108 0.00063384 0.00281185 -0.00199776 -0.000264097 0.000603235 0.00153249 -0.00311058 -0.00447379 -0.000537981 -0.000944758 0.000246431 -0.000935035 0.000164152 -0.00175881 -0.00123979 0.000440347 -0.00155707 0.00164214
internal_weight=0 884.288 221.248 205.406 191.913 156.117 13.4927 68.441 87.676 15.8427 663.04 148.147 43.2081 9.50334 104.939 80.47 65.2866 24.4692 20.0018 514.892 339.058 175.834 95.2354 143.554 195.504 160.841 137.544 83.8629 80.5988
internal_count=5259 5072 1126 1000 917 774 83 306 468 126 3946 828 185 59 643 463 329 180 160 3118 2109 1009 644 799 1310 1053 740 596 365
is_linear=0
shrinkage=0.00517761


Tree=140
num_leaves=21
num_cat=0
split_feature=54 54 1 54 46 47 49 57 54 62 63 62 64 3 64 58 0 1 49 39
split_gain=3.15078 3.94233 8.67248 5.63645 5.98399 5.25925 4.72635 4.68098 6.17432 7.02013 5.92574 9.15963 5.92154 4.38586 4.1925 3.899 8.57875 3.38644 2.64675 0.39284
threshold=43.900000000000006 40.550000000000004 20.500000000000004 39.050000000000004 14.500000000000002 41.650000000000013 0.4330357142857143 3.7500000000000004 37.650000000000013 7.5000000000000009 12.500000000000002 1.5000000000000002 353.45000000000005 4.5000000000000009 61.100000000000009 5.5000000000000009 4.5000000000000009 1.5000000000000002 0.20714285714285713 6.5000000000000009
decision_type=2 2 2 2 2 2 2 2 2 2 2 2 2 2 2 2 2 2 2 2
left_child=1 3 18 5 6 7 14 8 12 -10 11 -9 -1 -7 -5 16 -8 -12 -3 -20
right_child=-2 2 -4 4 -6 13 15 10 9 -11 17 -13 -14 -15 -16 -17 -18 -19 19 -21
leaf_value=-0.00011054130434457801 0.0039800961615424355 -0.0015939180136642331 0.0050837848386453589 0.0015269190956366831 -0.0034170538049112004 -0.00016837341893120308 -0.0086214671660448557 0.0042102480488331647 -0.0033279092174822895 0.0017912424860942967 0.006202363839905258 -0.00098194377274436967 0.002713572199131447 -0.0079426970791093288 0.0063837587864398661 0.0027490671690308791 0.0030941068315604048 0.0012438137280502801 -0.0052133707357360139 -0.0084315432882456128
leaf_weight=740.76075697876513 5.23537404090166 3.3071037121117097 2.7126022800803176 8.2794337831437606 4.8925467617809764 3.6682007424533358 3.1231669541448346 12.402979914098976 30.454808738082647 9.3428613133728486 8.8400078136473876 33.729970768094063 20.386793464422226 4.0861182883381844 11.33992690220475 8.8987552635371667 3.4762057214975357 6.3812237456440917 2.0257575511932373 3.9099543765187263
leaf_count=4214 16 28 8 36 36 20 33 44 225 45 29 204 87 44 30 38 17 38 24 43
internal_value=0 -2.28835e-05 -0.0029685 1.60198e-05 0.00191453 -7.14171e-05 0.0026625 -3.30738e-05 -0.000138704 -0.00212503 0.00134444 0.000417905 -3.46631e-05 -0.00429825 0.00434645 0.000521 -0.00248004 0.00413831 -0.00535161 -0.00740369
internal_weight=0 922.019 11.9554 910.064 40.01 870.054 35.1175 862.299 800.945 39.7977 61.3542 46.133 761.148 7.75432 19.6194 15.4981 6.59937 15.2212 9.24282 5.93571
internal_count=5259 5243 103 5140 190 4950 154 4886 4571 270 315 248 4301 64 66 88 50 67 95 67
is_linear=0
shrinkage=0.00517761


Tree=141
num_leaves=30
num_cat=0
split_feature=64 49 3 49 47 46 38 31 18 57 48 64 61 54 16 49 42 3 52 64 64 64 59 38 64 48 39 49 16
split_gain=3.24664 4.09088 8.68874 7.71826 8.14108 7.3506 8.12443 6.53367 6.95193 6.3396 5.72841 5.50007 10.3974 9.70518 10.1243 9.12746 10.3268 8.96957 7.09562 5.77878 4.71447 12.3614 10.2992 9.46048 7.86956 7.74502 7.49458 4.55897 4.51431
threshold=2.5500000000000003 0.72474747474747481 1.5000000000000002 0.77350427350427364 38.350000000000001 15.500000000000002 10.500000000000002 1.0000000180025095e-35 2.5000000000000004 2.2500000000000004 3.5500000000000003 85.950000000000003 0.19526212503504348 36.550000000000004 1.5000000000000002 0.55050505050505061 0.21825396825396823 48.500000000000007 6.5000000000000009 78.050000000000011 8.0500000000000025 10.850000000000003 -1.0000000180025095e-35 75.000000000000014 6.9500000000000011 1.4500000000000002 8.5000000000000018 0.75735294117647067 1.0000000180025095e-35
decision_type=2 2 2 2 2 2 2 2 2 2 2 2 2 2 2 2 2 2 2 2 2 2 2 2 2 2 2 2 2
left_child=-1 11 9 7 5 6 -5 -4 27 -3 -6 19 15 -14 -15 16 -13 -18 -17 20 22 25 24 -24 -2 -22 -23 -9 -21
right_child=1 2 3 4 10 -7 -8 8 -10 -11 -12 12 13 14 -16 18 17 -19 -20 28 21 26 23 -25 -26 -27 -28 -29 -30
leaf_value=0.0013555672931434789 0.00081461812633632045 -0.00587628197629406 0.0047639839640056247 -0.0016385001738694681 -0.0070426183717864398 0.0041403958377103567 0.0011060934979969844 -0.004946625020612154 0.0051083298273443805 0.00075470175588019262 -9.0722108021633755e-05 -0.0032984730072255883 0.004050364715929981 -0.0066201307240270216 0.0041748636098885902 0.0017550459143814542 0.0024202810776277534 -0.0023659352475843107 -0.004688059989152657 -0.0085659757838460644 -0.0047921391355919022 -0.0012031605234067084 -0.0015271837969814274 0.003510403433135423 0.004958535779487178 0.001975994272348262 0.00045870208253847845 0.0020239464587102013 -0.0011276235336452822
leaf_weight=44.995919056236744 65.321045022457838 9.3056687507778388 21.930230136960745 40.680543001741171 6.4129393473267537 14.782701503485439 99.496013088151813 6.0912954621016961 5.4068807996809474 6.5527061689645043 6.2421458549797535 14.99243921972811 33.553588133305311 5.2563688978552801 4.0809164457023144 6.0934915281832245 52.112168120220304 13.082213308662174 18.04094273224473 4.1359632834792119 29.198871964588761 165.89038489386439 83.338544122874737 11.290415441617368 15.077835973352192 5.3241828233003607 129.46922535076737 4.2020764350891113 4.6141325756907463
leaf_count=187 317 89 74 235 50 61 462 46 20 37 34 134 126 45 14 27 237 92 153 36 239 1075 596 48 48 31 697 18 31
internal_value=0 -6.92537e-05 0.000540274 0.000825909 0.000349647 0.000676287 0.000309151 0.00294281 0.000389317 -0.00314426 -0.00363231 -0.000273221 0.000608885 0.00275275 -0.00190536 -0.000273682 0.000566919 0.00145835 -0.00306072 -0.000526083 -0.000453446 -0.000817823 0.00023333 -0.000924048 0.00159526 -0.00374641 -0.000474735 -0.00210575 -0.00468206
internal_weight=0 881.976 221.103 205.245 167.614 154.959 140.177 37.6305 15.7003 15.8584 12.6551 660.873 147.212 42.8909 9.33729 104.321 80.1868 65.1944 24.1344 513.661 504.911 329.883 175.028 94.629 80.3989 34.5231 295.36 10.2934 8.7501
internal_count=5259 5072 1126 1000 842 758 697 158 84 126 84 3946 828 185 59 643 463 329 180 3118 3051 2042 1009 644 365 270 1772 64 67
is_linear=0
shrinkage=0.00517761


Tree=142
num_leaves=25
num_cat=0
split_feature=48 41 47 48 45 64 48 11 41 23 65 14 64 53 2 55 57 6 42 52 7 27 62 57
split_gain=3.05174 3.45521 8.52505 13.4067 4.14751 3.79173 4.50225 4.86863 4.26369 7.3425 6.93397 10.4434 7.08284 6.45972 9.60224 8.11893 8.02596 6.3333 6.2733 4.762 4.11603 3.09873 2.96475 0.720808
threshold=8.9500000000000011 4.8500000000000005 35.150000000000013 1.8500000000000003 15.500000000000002 2.5500000000000003 0.25000000000000006 2.5000000000000004 2.1500000000000008 2.5000000000000004 14.500000000000002 1.0000000180025095e-35 361.9500000000001 10.500000000000002 1.0000000180025095e-35 2.1500000000000008 3.7500000000000004 1.5000000000000002 0.40312500000000007 95.000000000000014 19.500000000000004 3.5000000000000004 4.5000000000000009 -1.0000000180025095e-35
decision_type=2 2 2 2 2 2 2 2 2 2 2 2 2 2 2 2 2 2 2 2 2 2 2 2
left_child=1 5 21 -4 -5 6 7 22 13 10 12 -12 -10 16 19 -16 18 -18 -7 -15 -8 23 -1 -3
right_child=-2 2 3 4 -6 8 20 -9 9 -11 11 -13 -14 14 15 -17 17 -19 -20 -21 -22 -23 -24 -25
leaf_value=-0.0013107426518727653 0.003999018764885719 -0.0093310834549800749 0.0041154785854870387 -0.0082977502597197939 -0.00062192521709440057 -0.00073401076532141963 0.00041547038686615085 -0.0043555370531444737 0.0012122015234319846 -0.0053609818176873596 0.00029854699997359195 -0.0083609178083219968 0.0069338629485481054 -0.0058523098755455189 -0.0016309998859765974 0.001576412194246241 -0.0013685858477690044 0.0052114097958420496 0.00036537783927401699 -0.00018806190452597718 0.005291849412622251 -0.0015539484897148207 0.0028383779661548228 -0.0056176227198074186
leaf_weight=7.4580677151680055 5.0213868618011466 3.5209962427616119 10.455374367535116 4.1879818290472022 3.4151831939816475 238.70227852463722 7.666263863444331 5.2357283979654303 106.80720516480505 4.952958893030881 15.926109598949553 4.8085358180105677 6.0723982006311408 16.00595568865538 66.830636236816645 30.880306456238031 5.473198406398299 13.547992391511796 333.39424619078636 5.2966514267027369 11.74676590412855 3.3990815430879593 11.915851429104803 3.1150226294994372
leaf_count=41 16 28 33 35 18 1680 33 30 507 42 83 46 10 155 425 158 38 47 1674 39 33 24 42 22
internal_value=0 -2.20931e-05 -0.0018078 0.000321413 -0.00488573 3.42261e-05 0.00151465 4.23024e-05 -4.26706e-05 0.000787878 0.00101839 -0.0017296 0.00152393 -0.000204801 -0.00130498 -0.000616902 1.68185e-05 0.0033196 -9.33549e-05 -0.00444915 0.00337438 -0.00561694 0.00124185 -0.00766139
internal_weight=0 920.815 28.0936 18.0585 7.60317 892.721 44.0227 24.6096 848.698 138.567 133.614 20.7346 112.88 710.131 119.014 97.7109 591.118 19.0212 572.097 21.3026 19.413 10.0351 19.3739 6.63602
internal_count=5259 5243 160 86 53 5083 179 113 4904 688 646 129 517 4216 777 583 3439 85 3354 194 66 74 83 50
is_linear=0
shrinkage=0.00517761


Tree=143
num_leaves=21
num_cat=0
split_feature=54 54 1 54 46 49 47 57 54 62 63 58 64 4 58 3 64 54 49 39
split_gain=3.11884 3.88582 9.41814 5.0027 5.74815 5.28562 5.21385 4.51852 6.22762 6.81412 5.61003 9.96126 5.53716 4.47091 4.48022 4.43478 3.32038 2.61184 0.983022 0.277457
threshold=43.900000000000006 40.650000000000013 20.500000000000004 39.050000000000004 14.500000000000002 0.4330357142857143 41.650000000000013 3.7500000000000004 37.650000000000013 7.5000000000000009 13.500000000000002 -2.4999999999999996 353.45000000000005 3.5000000000000004 6.5000000000000009 4.5000000000000009 61.100000000000009 36.850000000000001 0.20714285714285713 7.5000000000000009
decision_type=2 2 2 2 2 2 2 2 2 2 2 2 2 2 2 2 2 2 2 2
left_child=1 3 18 6 5 16 7 8 12 -10 11 -9 -1 14 -7 -8 -5 -12 -3 -20
right_child=-2 2 -4 4 -6 13 15 10 9 -11 17 -13 -14 -15 -16 -17 -18 -19 19 -21
leaf_value=-0.00010407262134407891 0.003975532078822717 -0.0032673221707747507 0.0052511725126967706 0.0018361577556230363 -0.0034184743638568955 -0.0016550909108514345 -9.3378978793716257e-05 -0.0050665431886709016 -0.0033189075837618547 0.0017439587344215801 0.0019085256719500782 0.0015216703621738646 0.0026336948506152751 -0.0044054361081904561 0.0047422294231387807 -0.0078882712002918565 0.0060838237785736876 0.0068526388497793652 -0.0054146028172238035 -0.0083530832912616076
leaf_weight=739.89865573495626 5.1938503533601752 2.6073487736284715 2.6186396256089211 8.7909969761967677 4.9500646963715544 5.2859856523573381 3.6606187708675852 7.1362068355083457 30.360706824809313 9.2584960609674436 5.4449745677411538 42.149023789912462 20.282402094453573 4.0363158155232659 6.4563086405396461 4.1447196714580059 11.425348829478024 6.1545349806547165 2.0257718153297901 3.1850119363516569
leaf_count=4214 16 25 7 38 37 37 20 63 225 45 31 204 87 36 20 44 32 17 24 37
internal_value=0 -2.27312e-05 -0.00315402 1.34246e-05 0.00178053 0.00250061 -7.00089e-05 -3.16368e-05 -0.000135191 -0.00213471 0.00132727 0.000562115 -3.07963e-05 0.000251743 0.00186878 -0.00426474 0.00424902 0.00455624 -0.0059904 -0.00729391
internal_weight=0 919.872 10.4368 909.435 40.945 35.995 868.49 860.685 799.8 39.6192 60.8847 49.2852 760.181 15.7786 11.7423 7.80534 20.2163 11.5995 7.81813 5.21078
internal_count=5259 5243 93 5150 200 163 4950 4886 4571 270 315 267 4301 93 57 64 70 48 86 61
is_linear=0
shrinkage=0.00517761


Tree=144
num_leaves=30
num_cat=0
split_feature=63 60 0 3 61 61 40 40 42 19 64 54 11 42 38 13 3 64 56 7 57 7 5 40 16 55 40 11 7
split_gain=3.00659 11.4216 14.5687 14.2259 10.7847 10.3274 10.5788 9.69211 9.15925 8.48289 9.5449 8.79408 10.2392 8.928 10.249 10.0091 8.445 9.65382 8.17876 8.17079 10.0887 8.12727 8.09738 8.08985 7.83432 7.66811 10.5984 7.56611 9.92381
threshold=7.5000000000000009 0.097693531283138915 5.5000000000000009 8.5000000000000018 0.18230694037145653 0.12973352033660587 42.350000000000001 39.850000000000001 0.32291666666666669 3.5000000000000004 219.95000000000002 34.550000000000004 1.0000000180025095e-35 0.97222222222222232 6.5000000000000009 1.0000000180025095e-35 47.500000000000007 88.950000000000017 0.83974358974358987 1.5000000000000002 -2.7499999999999996 17.500000000000004 20.500000000000004 36.45000000000001 4.5000000000000009 1.1500000000000001 40.150000000000013 1.5000000000000002 160.00000000000003
decision_type=2 2 2 2 2 2 2 2 2 2 2 2 2 2 2 2 2 2 2 2 2 2 2 2 2 2 2 2 2
left_child=4 2 3 22 9 6 -5 8 21 10 19 13 -13 14 15 -11 -6 25 24 20 -1 -3 -2 -20 -4 26 -18 -7 -29
right_child=1 7 18 5 16 27 -8 -9 -10 11 -12 12 -14 -15 -16 -17 17 -19 23 -21 -22 -23 -24 -25 -26 -27 -28 28 -30
leaf_value=0.0051598787930602621 -0.0024503627055505518 -0.0034437613182704296 -0.0039241357549301926 -0.0014192465697306083 -0.0013678134275312726 0.0032384911260302587 0.0058947926036733087 -0.0041176687521934626 0.0022152268916166896 -0.0059137186484958274 -0.0035471051549259358 -0.0017718828812992456 0.0023807258515175685 0.0049863178624353294 -0.0049243599667460622 0.0034997445890035165 6.0017806249999101e-05 0.0049211929962646771 0.0032321561160602512 0.0030609145118117836 -0.0019951220962403818 0.0014294319141204812 0.0030427657640824659 -0.0037744818156367774 0.00046110829621703203 -0.0032149607312626865 0.0062090965001032035 -0.0048927516097219898 0.0042727050015779243
leaf_weight=7.0505684353411224 66.231388758867979 17.224212344735861 67.578364487737417 49.474653046578169 133.58461430668831 53.917098470032215 5.8708907216787329 9.4064800888299924 88.567824725061655 4.2557022217661133 7.8409831486642352 23.008459322154522 51.296417290344834 4.4485854618251315 22.280669007450342 10.051086369901894 80.472340427339077 12.007822401821612 11.620876777917148 92.933242596685886 20.436598114669323 19.4865602850914 8.0120126344263536 7.0366994962096205 13.005872225388883 16.377605736255646 8.2222514450550062 7.6978369876742345 5.2848855219781399
leaf_count=23 531 125 533 321 825 212 12 71 370 38 60 147 243 16 187 45 426 40 52 360 132 113 33 47 92 104 21 58 22
internal_value=0 -0.000316353 -0.000885503 -6.85555e-05 0.000275491 0.00101697 -0.000637187 0.000933121 0.00131437 0.00105118 0.00196705 3.21207e-05 0.00109437 -0.00188985 -0.00273354 0.000684909 -0.000478398 0.000536551 -0.0025018 0.00232789 -0.000151659 -0.000858941 -0.00185532 0.000585318 -0.00321652 3.26349e-05 0.000634319 0.0023848 -0.0011586
internal_weight=0 430.416 295.731 196.489 494.267 122.245 55.3455 134.685 125.279 243.602 128.261 115.341 74.3049 41.036 36.5875 14.3068 250.665 117.08 99.2418 120.42 27.4872 36.7108 74.2434 18.6576 80.5842 105.072 88.6946 66.8998 12.9827
internal_count=5259 2592 1913 1189 2667 625 333 679 608 1251 575 676 390 286 270 83 1416 591 724 515 155 238 564 99 625 551 447 292 80
is_linear=0
shrinkage=0.00517761


Tree=145
num_leaves=27
num_cat=0
split_feature=27 14 0 60 60 30 10 52 52 65 49 14 53 2 41 40 11 53 49 3 55 1 4 27 24 41
split_gain=3.07608 4.49249 4.80388 6.28889 5.87392 4.90152 4.76031 4.63879 8.69089 16.5242 9.45889 6.98683 10.0219 7.90901 4.49343 5.6163 8.89237 4.46675 4.34996 3.85824 3.5402 2.51931 4.12305 2.1007 1.38275 0.266478
threshold=31.000000000000004 11.500000000000002 31.500000000000004 0.11647286821705422 0.062114197530864161 2.5000000000000004 1.0000000180025095e-35 10.500000000000002 5.5000000000000009 5.5000000000000009 0.41421568627450983 3.5000000000000004 8.5000000000000018 17.500000000000004 1.5500000000000003 34.45000000000001 1.5000000000000002 4.5000000000000009 0.4494949494949495 279.50000000000006 0.35000000000000003 41.000000000000007 1.5000000000000002 36.500000000000007 1.0000000180025095e-35 1.0500000000000003
decision_type=2 2 2 2 2 2 2 2 2 2 2 2 2 2 2 2 2 2 2 2 2 2 2 2 2 2
left_child=1 2 5 4 6 7 19 8 10 -10 -1 13 -13 -9 15 16 -3 18 -7 -4 -17 22 -5 -2 -8 -6
right_child=23 14 3 21 25 17 24 11 9 -11 -12 12 -14 -15 -16 20 -18 -19 -20 -21 -22 -23 -24 -25 -26 -27
leaf_value=-0.00057499142075898805 -0.00078267568426314672 -0.0061277731171866679 -0.0024884880808483953 0.0029463913271715017 -0.0082386562632931308 0.0010240016880223404 -0.0017726233510289076 0.00037656061928245839 -0.004328825389883972 -0.00032411088768951858 0.0014921693457271125 -0.0042114428020755129 0.00070574488650441654 0.0034652896196266806 -0.0023729142604236647 0.0061097404953484574 0.0031688777343175942 -0.001113410926909017 0.0067354298611789817 0.0041370843182480773 0.0013153160750344929 0.0034816987805247643 -0.0051743177708536408 -0.0075400769387903802 -0.0068847460841309953 -0.0055675559088107516
leaf_weight=182.48712844215333 2.5709776543080798 4.2219788134098071 5.0130883082747477 3.2570553049445135 4.8186484128236762 6.6790369674563426 2.2056150734424582 356.55758732371032 39.396706622093916 92.096835495904088 87.852880094200373 20.827709309756756 23.695461116731167 23.638081338256598 5.7031725645065299 11.735275916755201 7.6644976437091827 6.3026637472212306 7.7010514475405216 4.3299391008913517 6.422989383339881 5.8653224483132362 3.3201145641505718 2.3386184982955456 4.2432008367031813 2.1522751972079277
leaf_count=1096 23 31 40 13 55 36 15 1946 322 546 400 163 120 93 32 31 35 42 17 18 28 22 34 25 53 23
internal_value=0 2.19999e-05 -5.09489e-05 -0.00192317 -0.00353761 2.69855e-05 -0.00177537 -3.53985e-05 -0.00043414 -0.00152558 9.69583e-05 0.000341853 -0.0015972 0.000569181 0.00181967 0.00261916 -0.000148402 0.00251249 0.00409988 0.000588996 0.00442507 0.001033 -0.00116278 -0.00406 -0.00517288 -0.0074748
internal_weight=0 918.188 882.44 35.2053 22.7628 847.235 15.7918 826.552 401.834 131.494 270.34 424.719 44.5232 380.196 35.7479 30.0447 11.8865 20.6828 14.3801 9.34303 18.1583 12.4425 6.57717 4.9096 6.44882 6.97092
internal_count=5259 5211 5054 273 204 4781 126 4686 2364 868 1496 2322 283 2039 157 125 66 95 53 58 59 69 47 48 68 78
is_linear=0
shrinkage=0.00517761


Tree=146
num_leaves=26
num_cat=0
split_feature=46 57 45 54 49 38 27 61 48 63 58 39 63 61 52 64 2 7 39 58 42 59 61 56 52
split_gain=2.96997 4.00758 3.31434 3.30739 6.08288 5.99214 5.89259 4.75758 9.29532 4.76699 3.9885 9.49021 9.12012 8.62572 12.4153 12.2732 8.51679 7.95875 5.12038 7.3681 6.12521 7.06346 6.05728 4.83608 4.8154
threshold=65.000000000000014 7.2500000000000009 145.00000000000003 39.050000000000004 0.87867647058823539 4.5000000000000009 1.5000000000000002 0.12220009955201593 2.2500000000000004 1.5000000000000002 -1.4999999999999998 13.500000000000002 7.5000000000000009 0.11814556331006977 6.5000000000000009 117.95000000000002 6.5000000000000009 5.5000000000000009 14.500000000000002 6.5000000000000009 0.41421568627450983 -124.99999999999999 0.55051020408163276 0.62019230769230782 55.000000000000007
decision_type=2 2 2 2 2 2 2 2 2 2 2 2 2 2 2 2 2 2 2 2 2 2 2 2 2
left_child=1 3 -2 10 5 6 -5 8 -7 -9 11 13 17 14 -1 -15 -14 -13 20 23 22 -22 -12 -20 -21
right_child=2 -3 -4 4 -6 7 -8 9 -10 -11 18 12 16 15 -16 -17 -18 -19 19 24 21 -23 -24 -25 -26
leaf_value=0.0012405390208847786 -0.007133610766811755 0.0036273942938057735 0.00035898812035408935 -0.0076815858599736499 -0.0049576570873184718 -0.0055019660310667746 0.0015996608577511645 0.0080300964570239348 0.0030895041817384414 0.0026193850754142487 -0.00026001930974740411 0.0062500447243567601 -0.0065802720772209162 -0.0011255384084734598 -0.0047014424409306168 0.0032444271692191095 0.0016743555358881945 0.00031691347485143144 -0.0023131635674624872 -0.0017008975929701511 0.0018958753532366049 0.00022980911777474393 -0.0061305589855945733 -0.008384458138160333 0.0049806032157704658
leaf_weight=12.975194979459046 3.2258059680461875 8.1357086151838285 3.0339593328535557 3.3006534092128268 3.9041896872222415 5.2169542647898188 3.9852874204516411 5.303382225334647 9.2852806616574508 24.17357150092721 245.4277685508132 13.381062578409912 5.5797702409327021 122.72411777637899 34.161085646599531 19.975808624178171 8.1913373246788961 11.051297202706335 19.90691871568561 5.7476058732718212 94.599668405950069 244.27708811685443 4.73818664997816 4.2346633188426486 5.7010216638445854
leaf_count=73 33 32 18 37 31 46 21 11 43 107 1583 29 55 807 301 76 44 61 135 39 350 1239 29 41 18
internal_value=0 2.4415e-05 -0.00353549 -8.12943e-06 0.00121968 0.00169602 -0.00263545 0.00241661 -1.1722e-05 0.00360884 -8.76658e-05 -0.000673635 0.00167884 -0.00114751 -0.00306623 -0.000512553 -0.00168533 0.00357468 0.000126299 -0.00177895 0.000241611 0.000695198 -0.000372821 -0.00339835 0.00163529
internal_weight=0 915.978 6.25977 907.842 55.1693 51.2651 7.28594 43.9792 14.5022 29.477 852.673 228.04 38.2035 189.836 47.1363 142.7 13.7711 24.4324 624.633 35.5902 589.043 338.877 250.166 24.1416 11.4486
internal_count=5259 5208 51 5176 296 265 58 207 89 118 4880 1446 189 1257 374 883 99 90 3434 233 3201 1589 1612 176 57
is_linear=0
shrinkage=0.00517761


Tree=147
num_leaves=27
num_cat=0
split_feature=48 64 32 31 40 47 62 17 57 52 49 14 56 62 48 42 61 53 64 15 49 60 60 4 65 60
split_gain=2.91058 3.08454 4.0603 4.19683 6.34792 8.98511 7.86638 5.84183 10.6256 7.9584 8.08259 7.48957 6.54887 5.81519 5.81113 3.32813 6.02009 5.53705 3.71922 3.30806 3.14222 3.05368 2.92015 2.19551 0.507124 0.0188086
threshold=8.9500000000000011 2.5500000000000003 1.0000000180025095e-35 13.500000000000002 34.150000000000013 35.45000000000001 4.5000000000000009 1.5000000000000002 1.7500000000000002 125.00000000000001 0.59411764705882364 1.5000000000000002 0.46410256410256417 4.5000000000000009 2.4500000000000006 0.2264957264957265 0.32742946708463955 8.5000000000000018 2.0500000000000003 1.5000000000000002 0.24264705882352941 0.17974358974358975 0.13221420643729193 49.000000000000007 10.500000000000002 0.075974025974025958
decision_type=2 2 2 2 2 2 2 2 2 2 2 2 2 2 2 2 2 2 2 2 2 2 2 2 2 2
left_child=1 15 3 7 23 6 -6 9 11 12 -11 -9 -3 -7 -10 20 17 19 -18 -17 21 -1 24 -5 25 -4
right_child=-2 2 22 4 5 13 -8 8 14 10 -12 -13 -14 -15 -16 16 18 -19 -20 -21 -22 -23 -24 -25 -26 -27
leaf_value=-0.0017482343336530978 0.0039264311927677152 -0.00029388819325223433 -0.0078818762314984223 0.0060718956024972967 -0.0075109926350805717 0.0051446622758814266 4.8292803607488428e-06 -0.0031025654852525463 0.0021239902764381164 -0.0002719530493786094 -0.0065139568242890957 -0.00049916876411455378 0.00076363737305592541 -0.0012658914836156268 -0.0035454600340261797 0.0024620401295497515 -0.0069790222422423396 0.0058508998123911948 -0.00032624461555578489 -0.0033863313592098466 0.0051890983447159247 0.0037031292430032034 0.00064968695612545747 0.0021232041371280468 -0.0033670218210329174 -0.0057480769506333745
leaf_weight=5.3628201410174388 4.9672774076461783 351.96688006445765 2.1875711716711517 7.8776725605130178 5.5678938925266293 10.550527267158033 11.060602769255636 59.669765796512365 33.364550426602364 13.025161162018778 9.6486370563507062 58.836838252842426 283.25224252417684 5.8662015162408343 5.606412671506404 5.2704361826181465 4.0243202410638315 6.0194744095206252 5.0333061702549458 4.9772471003234386 8.7697407081723195 5.5341067388653755 2.5661111027002335 7.4093687329441309 1.5167872551828621 1.3393884897232053
leaf_count=26 16 2057 36 22 60 38 71 477 166 80 84 370 1415 42 47 17 30 14 24 32 23 20 18 31 20 23
internal_value=0 -2.1567e-05 -8.98765e-05 -5.6547e-05 0.00142479 0.000146192 -0.00253124 -0.00014447 -0.00104002 6.9968e-05 -0.00293964 -0.00181106 0.000177698 0.00285776 0.00130361 0.0012994 5.68997e-05 0.00193878 -0.00331184 -0.000381462 0.00289354 0.00102544 -0.00383893 0.00417578 -0.00610251 -0.00719378
internal_weight=0 916.304 871.313 863.703 48.3323 33.0452 16.6285 815.37 157.478 657.893 22.6738 118.507 635.219 16.4167 38.971 44.9915 25.3248 16.2672 9.05763 10.2477 19.6667 10.8969 7.60986 15.287 5.04375 3.52696
internal_count=5259 5243 5057 4960 264 211 131 4696 1060 3636 164 847 3472 80 213 186 117 63 54 49 69 46 97 53 79 59
is_linear=0
shrinkage=0.00517761


Tree=148
num_leaves=30
num_cat=0
split_feature=64 32 31 40 47 62 16 17 57 52 49 52 49 12 56 56 7 62 48 46 11 11 19 62 56 57 60 4 1
split_gain=2.96329 4.01731 4.10963 6.35526 8.62472 7.714 8.55331 5.82654 9.93989 8.07453 8.34167 8.04166 7.78161 7.5998 6.86982 10.4431 6.75977 5.67378 5.56171 6.34283 4.00373 3.11365 3.84491 4.49649 5.56105 4.03262 2.84088 2.39818 1.5028
threshold=2.5500000000000003 1.0000000180025095e-35 13.500000000000002 34.150000000000013 35.45000000000001 4.5000000000000009 12.000000000000002 1.5000000000000002 1.7500000000000002 125.00000000000001 0.59411764705882364 135.00000000000003 0.36931818181818182 13.500000000000002 0.46410256410256417 0.38675213675213677 3.5000000000000004 4.5000000000000009 2.4500000000000006 13.500000000000002 2.5000000000000004 6.5000000000000009 17.500000000000004 4.5000000000000009 0.17914438502673799 -1.0000000180025095e-35 0.13221420643729193 49.000000000000007 3.5000000000000004
decision_type=2 2 2 2 2 2 2 2 2 2 2 2 2 2 2 2 2 2 2 2 2 2 2 2 2 2 2 2 2
left_child=21 2 7 27 5 -5 -7 9 11 14 12 13 -11 -9 15 -2 -16 -6 19 -10 -20 22 23 25 -25 -1 -3 -4 -12
right_child=1 26 3 4 17 6 -8 8 18 10 28 -13 -14 -15 16 -17 -18 -19 20 -21 -22 -23 -24 24 -26 -27 -28 -29 -30
leaf_value=-0.005412341884976868 -6.5685825234586771e-06 -0.0060670861785247854 0.0061567919268307883 -0.0074756280991479587 0.0050764089271988925 -0.0057401829456894416 0.0035678600126216693 -0.0023858135150815946 0.00095838163423005 -0.0051610097843535537 -0.0047843924672174376 0.0044120231462722028 0.0029844219491674171 0.0034596759306485692 0.0018329620630391224 -0.0031363304796854109 0.000186333481129129 -0.0012449573887934144 -0.0075641672844190431 0.0067160947491125772 0.0011189870392760849 -0.0022095648037463878 0.0050208753166766321 0.00464426128516427 -0.00063591796624188127 0.0012823495438589506 0.00060393968677516089 0.0020358050726515761 -0.0091143470769793119
leaf_weight=4.5923896245658398 322.39934808202088 4.981038147583603 7.9081496372818929 5.4660873897373703 10.505001228302719 4.2172497026622278 6.8593434058129787 106.48911926336586 27.107388153672218 5.1778768077492732 5.301123231649397 5.3323449417948714 7.785808265209198 6.2581099532544604 105.86272774450481 31.294604569673538 181.16149514168501 5.9118061847984782 2.9601774290204039 6.2701052986085406 2.6578510887920856 5.847743220627307 7.9557602331042281 11.99274928122759 9.578582361340521 4.9577503763139266 2.570214219391346 7.4006544891744852 3.988125953823328
leaf_count=31 1826 79 22 60 38 40 31 798 149 48 49 21 32 28 467 238 956 42 32 17 15 32 22 33 45 24 18 31 35
internal_value=0 -6.6563e-05 -3.37124e-05 0.00143341 0.000150646 -0.00248273 1.04388e-05 -0.000120183 -0.00101658 9.22699e-05 -0.00296909 -0.00176487 -0.000278247 -0.00205947 0.000198899 -0.000284038 0.000793958 0.00280385 0.00124827 0.0020513 -0.00349006 0.00129592 0.00182348 0.000997025 0.00230461 -0.00195146 -0.00381024 0.00418228 -0.00669523
internal_weight=0 875.866 868.314 48.2683 32.9595 16.5427 11.0766 820.046 157.075 662.971 22.2529 118.08 12.9637 112.747 640.718 353.694 287.024 16.4168 38.9955 33.3775 5.61803 44.925 39.0772 31.1215 21.5713 9.55014 7.55125 15.3088 9.28925
internal_count=5259 5072 4975 264 211 131 71 4711 1060 3651 164 847 80 826 3487 2064 1423 80 213 166 47 187 155 133 78 55 97 53 84
is_linear=0
shrinkage=0.00517761


Tree=149
num_leaves=21
num_cat=0
split_feature=54 54 1 54 46 49 47 3 57 57 38 4 63 58 57 54 64 54 49 39
split_gain=2.90663 3.70648 8.7216 5.02579 5.3135 5.37103 4.59577 4.67914 4.45744 6.52903 7.92609 7.04635 6.23555 9.40049 4.05799 5.99528 3.04393 2.49349 0.91259 0.269228
threshold=43.900000000000006 40.650000000000013 20.500000000000004 39.050000000000004 14.500000000000002 0.4330357142857143 41.650000000000013 4.5000000000000009 3.7500000000000004 1.7500000000000002 65.000000000000014 3.5000000000000004 13.500000000000002 -2.4999999999999996 1.7500000000000002 39.45000000000001 61.100000000000009 36.850000000000001 0.20714285714285713 7.5000000000000009
decision_type=2 2 2 2 2 2 2 2 2 2 2 2 2 2 2 2 2 2 2 2
left_child=1 3 18 6 5 16 8 -8 9 11 -11 -1 13 -10 15 -7 -5 -14 -3 -20
right_child=-2 2 -4 4 -6 14 7 -9 12 10 -12 -13 17 -15 -16 -17 -18 -19 19 -21
leaf_value=0.00039466541967136574 0.0038750097058314475 -0.0032422290660777567 0.0051087554003572365 0.0018927664804367793 -0.0032682739801913455 0.0017671041212630545 0.00016546905870760717 -0.0078998501149002299 -0.004998231064216728 -0.0024082172508926294 0.0010752845706028399 -0.00070051832109034227 0.0021208935827339757 0.001419188478874263 0.0026360573531945724 -0.0075441559407442771 0.0059562325422052491 0.0069166617210861207 -0.0052838671317969954 -0.0082183159669160077
leaf_weight=469.20381239056587 5.0939882248640052 2.5854000411927682 2.5341264121234417 8.733971983194353 4.8584502786397925 3.9114353209733954 3.6856896802783004 3.9690633825957775 7.0747063271701327 64.518548335880041 23.9764105938375 236.9732810575515 5.5581694655120355 42.713097399100661 8.4466416016221029 3.4225507266819477 11.59831680357456 6.2325017601251602 1.9679907858371732 3.081569742411375
leaf_count=2431 16 25 7 38 37 19 20 44 63 459 127 1554 31 204 42 32 32 17 24 37
internal_value=0 -2.18504e-05 -0.00312012 1.31878e-05 0.00178356 0.00246809 -7.08975e-05 -0.00404763 -3.50299e-05 -0.000139067 -0.00146425 2.71136e-05 0.00130619 0.000501762 0.000198762 -0.00260604 0.00422278 0.00468082 -0.00587249 -0.00715882
internal_weight=0 915.046 10.1691 904.877 40.9714 36.1129 863.905 7.65475 856.251 794.672 88.495 706.177 61.5785 49.7878 15.7806 7.33399 20.3323 11.7907 7.63496 5.04956
internal_count=5259 5243 93 5150 200 163 4950 64 4886 4571 586 3985 315 267 93 51 70 48 86 61
is_linear=0
shrinkage=0.00517761


Tree=150
num_leaves=30
num_cat=0
split_feature=64 32 31 40 47 62 16 17 57 52 52 49 49 12 56 56 29 48 46 62 0 11 19 62 56 57 60 4 1
split_gain=3.02426 3.85519 3.76608 5.91096 8.46435 7.60683 8.32075 5.51662 9.95697 7.59497 7.59443 8.13862 7.56606 7.51933 6.29606 10.1406 6.30983 5.44584 6.27093 5.42699 4.14383 3.05933 3.70454 4.62513 5.50035 3.99565 2.8105 2.22755 1.4526
threshold=2.5500000000000003 1.0000000180025095e-35 13.500000000000002 34.150000000000013 35.45000000000001 4.5000000000000009 12.000000000000002 1.5000000000000002 1.7500000000000002 135.00000000000003 125.00000000000001 0.59411764705882364 0.36931818181818182 13.500000000000002 0.46410256410256417 0.38675213675213677 1.0000000180025095e-35 2.4500000000000006 13.500000000000002 4.5000000000000009 8.5000000000000018 6.5000000000000009 17.500000000000004 4.5000000000000009 0.17914438502673799 -1.0000000180025095e-35 0.13221420643729193 49.000000000000007 3.5000000000000004
decision_type=2 2 2 2 2 2 2 2 2 2 2 2 2 2 2 2 2 2 2 2 2 2 2 2 2 2 2 2 2
left_child=21 2 7 27 5 -5 -7 10 9 13 14 12 -12 -9 15 -2 -16 18 -10 -6 -19 22 23 25 -25 -1 -3 -4 -13
right_child=1 26 3 4 19 6 -8 8 17 -11 11 28 -14 -15 16 -17 -18 20 -20 -21 -22 -23 -24 24 -26 -27 -28 -29 -30
leaf_value=-0.005486206626465406 1.1714510391675239e-06 -0.0060078660050412389 0.0059133738250658338 -0.007488118388736649 0.0049795820319802385 -0.0058096008988577103 0.0034845336835500037 -0.0023601687820148771 0.00098463146496876263 0.0042744039493127954 -0.0051114222559532421 -0.0047483188744858462 0.0029387471719424059 0.0034478452640440745 0.00092899868749290039 -0.0030942264654885083 -0.0027250148436014274 -0.0076664285580822925 0.0067267005826845442 -0.0011858901222588257 0.001155559933349352 -0.0021676753148844015 0.0049812613635393972 0.0046900588037122213 -0.00058178318307062734 0.0012232696347628054 0.00064559552426836505 0.0019502738935822247 -0.0090587618670304581
leaf_weight=4.4919204227626324 322.27483204193413 4.9338409695774308 7.935015954077242 5.4140304550528553 10.461725153028967 4.0702768936753255 6.8067116253077984 105.76580229587853 27.235084041953087 5.3015583381056777 5.1170792914927024 5.2350557856261712 7.8343024402856827 6.2754334993660441 274.32198010198772 31.044268410652876 13.218392346054314 2.891132377088069 6.2172642350196829 5.9774164184927931 2.727978628128767 5.8206493705511084 7.9326451793313018 11.888569533824922 9.5121570825576764 4.9351814538240451 2.5601373426616192 7.4378484413027763 3.8582890257239342
leaf_count=31 1826 79 22 60 38 40 31 798 149 21 48 49 32 28 1330 238 93 32 17 42 15 32 22 33 45 24 18 31 35
internal_value=0 -6.70703e-05 -3.49764e-05 0.00137199 0.000125873 -0.00251379 -7.02416e-06 -0.000117692 -0.000992111 -0.00174571 8.87007e-05 -0.00289468 -0.000251264 -0.00203297 0.000191622 -0.000271318 0.000760415 0.00127015 0.00206315 0.00274167 -0.00341895 0.00131442 0.00184027 0.00102292 0.00235202 -0.00198911 -0.0037484 0.00401283 -0.00663003
internal_weight=0 874.915 867.421 48.103 32.7302 16.291 10.877 819.318 156.414 117.343 662.904 22.0447 12.9514 112.041 640.859 353.319 287.54 39.0715 33.4523 16.4391 5.61911 44.5811 38.7605 30.8278 21.4007 9.4271 7.49398 15.3729 9.09334
internal_count=5259 5072 4975 264 211 131 71 4711 1060 847 3651 164 80 826 3487 2064 1423 213 166 80 47 187 155 133 78 55 97 53 84
is_linear=0
shrinkage=0.00517761


Tree=151
num_leaves=30
num_cat=0
split_feature=48 38 52 8 58 16 60 49 10 60 14 60 38 61 38 40 52 45 14 39 46 49 3 65 49 42 58 20 7
split_gain=2.83686 2.95453 10.9212 7.95114 13.7065 9.03888 9.44334 7.73727 7.10327 8.81644 7.83586 7.02905 6.97128 10.5251 8.79415 8.04826 7.10534 8.50447 8.39337 6.7727 6.76186 5.89233 9.74744 8.29088 6.95208 6.40985 8.35238 6.18466 5.70822
threshold=8.9500000000000011 55.000000000000007 75.000000000000014 1.0000000180025095e-35 -6.4999999999999991 1.0000000180025095e-35 0.026846846846846805 0.69615384615384623 1.0000000180025095e-35 0.16727493917274938 2.5000000000000004 0.047338935574229656 13.500000000000002 0.29185103244837768 25.000000000000004 35.250000000000007 13.500000000000002 12.500000000000002 1.5000000000000002 13.500000000000002 9.5000000000000018 0.25833333333333336 4.5000000000000009 2.5000000000000004 0.21651785714285712 0.79285714285714304 3.5000000000000004 1.0000000180025095e-35 75.500000000000014
decision_type=2 2 2 2 2 2 2 2 2 2 2 2 2 2 2 2 2 2 2 2 2 2 2 2 2 2 2 2 2
left_child=1 2 3 12 -5 11 -7 -4 21 10 19 -6 16 14 -14 -15 17 -1 -18 -10 -9 24 23 -23 25 26 -3 28 -24
right_child=-2 8 7 4 5 6 -8 20 9 -11 -12 -13 13 15 -16 -17 18 -19 -20 -21 -22 22 27 -25 -26 -27 -28 -29 -30
leaf_value=-1.5060880368001674e-05 0.0038893692189435557 -0.0025898657562512706 -0.0053850158541446022 -0.007003459025331121 0.0059557879322722426 -0.0026928536480330654 0.0014778941863697881 0.0025927134597155854 -0.0024875395165108636 0.0045018029849027115 -0.0052223890714782912 0.00076677992158649157 -0.0024309871780231283 -0.0069157093988356051 0.00079293195678797716 -0.0011427610598649432 0.0023179546826594239 -0.0025045238861891458 -0.0017401528152211014 0.0038648963545253002 -0.0052955389750720862 0.0055465179278093137 0.0014658533495671556 -0.0036834015963089473 -0.0061662917742268388 0.002895659387740241 0.0023601600226379397 -0.0028917385866862907 0.003976971358576404
leaf_weight=258.49469905719161 4.9338196367025366 28.922919977456331 18.067654356360439 5.2935809791088095 18.045705609023575 18.065526161342859 73.702879320830107 8.3963040784001333 13.129424262791874 5.5533103793859473 15.568740688264368 11.44484845921397 40.398687558248639 14.472701732069256 51.557056694291532 11.730864599347113 59.6245420537889 42.825846267864108 17.664245374500751 6.761091422289609 4.3762863613665095 3.0701540801674154 97.462952002882957 15.567139200866221 5.28495855256915 15.072825770825146 13.283615481108425 6.9767282716929904 32.327627293765545
leaf_count=1440 16 215 179 60 49 132 389 40 95 20 141 52 295 124 294 78 274 282 104 23 43 7 436 129 49 65 69 44 115
internal_value=0 -2.12949e-05 -0.000206609 -5.76345e-05 0.0011006 0.00145806 0.000655434 -0.00321083 0.000446702 -0.00152844 -0.00247962 0.00394842 -0.000352815 -0.00145035 -0.000624095 -0.00434085 -1.00794e-05 -0.000369371 0.00138972 -0.000322326 -0.000122985 0.000818716 0.0013587 -0.00214841 -0.000522493 4.65744e-06 -0.00103057 0.00183746 0.00209306
internal_weight=0 913.143 654.161 623.321 126.553 121.259 91.7684 30.8402 258.981 41.0126 35.4593 29.4906 496.769 118.159 91.9557 26.2036 378.609 301.321 77.2888 19.8905 12.7726 217.969 155.405 18.6373 62.5643 57.2794 42.2065 136.767 129.791
internal_count=5259 5243 3835 3573 682 622 521 262 1408 279 259 101 2891 791 589 202 2100 1722 378 118 83 1129 731 136 398 349 284 595 551
is_linear=0
shrinkage=0.00517761


Tree=152
num_leaves=30
num_cat=0
split_feature=58 62 42 42 65 0 15 57 3 54 61 49 63 61 6 57 63 64 38 60 41 3 54 64 65 11 62 41 57
split_gain=3.01621 6.73513 3.02324 7.16146 6.28648 11.0126 12.7438 12.7607 9.53488 8.74298 6.22601 12.477 10.1018 6.38186 7.5056 5.55934 10.0066 7.23212 9.9819 6.75673 5.91852 5.21491 11.3496 6.59965 5.57234 5.14624 5.03659 4.65152 4.20127
threshold=-14.499999999999998 2.5000000000000004 0.63961038961038974 0.64495798319327746 8.5000000000000018 5.5000000000000009 23.500000000000004 -2.7499999999999996 17.500000000000004 33.45000000000001 0.11237373737373736 0.92582417582417598 3.5000000000000004 0.13976744186046514 1.5000000000000002 -4.2499999999999991 16.500000000000004 91.40000000000002 10.500000000000002 0.018350168350168304 6.1500000000000012 1.5000000000000002 35.750000000000007 7.8500000000000005 15.500000000000002 2.5000000000000004 1.5000000000000002 3.9500000000000006 0.75000000000000011
decision_type=2 2 2 2 2 2 2 2 2 2 2 2 2 2 2 2 2 2 2 2 2 2 2 2 2 2 2 2 2
left_child=1 -1 15 -4 5 8 -7 -8 9 -5 11 12 -6 -12 -15 16 17 18 19 -2 21 22 23 -17 27 -10 -26 -23 -13
right_child=2 -3 3 4 10 6 7 -9 25 -11 13 28 -14 14 -16 20 -18 -19 -20 -21 -22 24 -24 -25 26 -27 -28 -29 -30
leaf_value=0.002458552207072578 0.0044185102810941779 -0.0063007961952483661 0.0042849452622280874 0.0024246641711109193 0.0039955986058883477 -0.0064783577940498898 0.0032372499422666356 -0.0027671607468391468 0.0027731459026808553 -0.0024271353317388564 0.0046546305389417991 -0.008947155722373458 -0.00060258633358833307 -0.00089631606657656845 0.0023636132073264998 0.0018044344145353543 0.0063246604114850068 0.0014374614257981555 -0.0076041616101080855 -0.0050367858583268274 -0.0064625715772466119 0.00014772230137850877 -0.006214085200487109 -0.0020081900328353451 0.0031320202949931806 -0.0023763700925565701 -0.004774095411988988 0.0029648687834383496 -0.0018222478306890114
leaf_weight=3.836711470037697 4.0369593799114325 5.9025148190557957 12.284094031900166 13.836796533316372 17.295782785862684 14.414366496726869 13.798422131687401 30.006206400692463 43.908900897949934 35.043946595862508 17.231307704001665 5.0803911387920362 48.778270665556192 29.511715568602085 52.602980379015207 20.927570812404156 3.1362019535154095 6.4356066547334185 13.016199167817829 3.9361776523292065 3.7994203232228747 439.61061480641365 10.952495234087108 28.898223662748933 2.6661886945366851 5.8483845293521872 10.479220680892466 16.229186028242111 3.9766714200377464
leaf_count=19 17 54 36 57 61 110 51 199 158 215 56 41 272 153 225 118 13 41 141 40 34 2560 132 226 11 32 102 63 22
internal_value=0 -0.00285624 3.08507e-05 0.000413666 0.000269297 -0.000482751 -0.00226716 -0.000873624 0.000571219 -0.00105219 0.000945354 -0.000179274 0.000603762 0.00179547 0.00119216 -0.000202341 -0.00234754 -0.00335229 -0.00482105 -0.000251744 -7.91829e-05 -3.25905e-05 -0.00145872 -0.000406454 0.000152397 0.00216542 -0.00316249 0.000248448 -0.00585532
internal_weight=0 9.73923 907.742 343.618 331.334 156.857 58.219 43.8046 98.638 48.8807 174.477 75.1311 66.0741 99.346 82.1147 564.124 30.5611 27.4249 20.9893 7.97314 533.563 529.763 60.7783 49.8258 468.985 49.7573 13.1454 455.84 9.05706
internal_count=5259 73 5186 1688 1652 822 360 250 462 272 830 396 333 434 378 3498 252 239 198 57 3246 3212 476 344 2736 190 113 2623 63
is_linear=0
shrinkage=0.00517761


Tree=153
num_leaves=22
num_cat=0
split_feature=59 40 48 41 47 48 55 62 59 54 64 54 54 49 58 63 45 64 27 55 57
split_gain=3.01446 3.56142 3.21098 3.03266 8.39819 11.7029 4.674 10.4683 8.13236 8.7991 8.78496 5.12897 6.37803 9.85755 5.48293 9.05681 4.28967 3.84182 2.77532 2.36776 0.530416
threshold=590.00000000000011 36.750000000000007 8.9500000000000011 4.8500000000000005 35.150000000000013 1.8500000000000003 2.3500000000000001 7.5000000000000009 1.0000000180025095e-35 37.850000000000001 126.10000000000001 39.050000000000004 36.650000000000013 0.68990384615384626 8.5000000000000018 3.5000000000000004 15.500000000000002 2.5500000000000003 3.5000000000000004 2.8500000000000001 -1.0000000180025095e-35
decision_type=2 2 2 2 2 2 2 2 2 2 2 2 2 2 2 2 2 2 2 2 2
left_child=2 -2 3 6 18 -6 11 8 9 -8 -10 12 17 -14 15 -13 -7 -1 20 -9 -5
right_child=1 -3 -4 4 5 16 7 19 10 -11 -12 14 13 -15 -16 -17 -18 -19 -20 -21 -22
leaf_value=0.0015966393518638711 0.0004914196967081032 -0.0073070048480900268 0.0042304638078322857 -0.0091129162819824899 0.0040226513189219344 -0.0081219912628252549 0.0011196591768796323 0.007231251823109899 -0.00077325766477518354 -0.0047413727854410583 0.0046490525804839256 0.0052407982746378286 -0.0029195190006612555 0.00087917186444502196 0.0058268481460955982 -0.0035014662552743997 -0.00011840494948739374 -6.5131804740832603e-05 -0.0016777619406527081 0.0031700044426237533 -0.0057803120043044467
leaf_weight=39.448649730533361 2.9958404377102843 3.2113144658505917 4.7742638289928427 3.2050558961927891 10.167940411716701 3.9764777272939673 13.837675325572492 7.1225870400667182 15.30844661220908 13.522641021758316 16.693864250555634 5.6267895922064799 49.814180124551058 28.894504696130753 7.9712079465389243 7.1217790581285954 3.2352372370660305 663.88806901872158 3.3429940082132816 8.7124810572713596 3.1528895050287264
leaf_count=164 19 43 15 28 33 35 62 17 86 116 62 16 367 142 23 57 18 3868 24 42 22
internal_value=0 -0.00357679 2.46606e-05 2.1608e-06 -0.00170223 0.000454685 5.48628e-05 0.0012886 0.000288788 -0.00178137 0.00205885 -6.07953e-05 -0.00012826 -0.00152536 0.00247762 0.000363789 -0.00456596 2.82071e-05 -0.0055439 0.00501957 -0.00753766
internal_weight=0 6.20715 909.818 905.043 27.0806 17.3797 877.963 75.1977 59.3626 27.3603 32.0023 802.765 782.045 78.7087 20.7198 12.7486 7.21171 703.337 9.70094 15.8351 6.35795
internal_count=5259 62 5197 5182 160 86 5022 385 326 178 148 4637 4541 509 96 73 53 4032 74 59 50
is_linear=0
shrinkage=0.00517761


Tree=154
num_leaves=19
num_cat=0
split_feature=59 40 54 54 1 54 46 49 57 54 62 7 54 31 54 64 49 41
split_gain=2.8392 3.54577 3.149 3.2337 8.59905 4.85591 4.9609 5.19171 4.03672 6.29594 7.21389 6.2207 5.37221 4.71222 3.78648 3.46475 1.10213 0.311927
threshold=590.00000000000011 36.750000000000007 43.900000000000006 40.650000000000013 20.500000000000004 39.050000000000004 14.500000000000002 0.4330357142857143 3.7500000000000004 37.650000000000013 7.5000000000000009 1.0000000180025095e-35 37.250000000000007 1.0000000180025095e-35 39.45000000000001 61.100000000000009 0.18465909090909091 1.4500000000000002
decision_type=2 2 2 2 2 2 2 2 2 2 2 2 2 2 2 2 2 2
left_child=2 -2 3 5 16 8 7 15 9 13 -11 -10 -13 -1 -9 -7 -5 -18
right_child=1 -3 -4 4 -6 6 -8 14 11 10 -12 12 -14 -15 -16 -17 17 -19
leaf_value=0.00036792857617907852 0.00054973636312739653 -0.0072795216037770715 0.0041607815167925112 -0.0025729159045456799 0.0053437072608620321 0.0017328136191321767 -0.0031030069725819895 0.0027863917266504946 -0.0054632697195067291 -0.0032905433455425056 0.0019666411533309537 0.00066579353487706639 0.0042076325948822955 -0.00045128237509389925 -0.0023087048441329306 0.0061466169965349576 -0.0050622189041525248 -0.008129609866797784
leaf_weight=377.78602458164096 2.9870270527899256 3.1368001475930214 4.8396993800997725 2.2104251123964769 2.4543001428246498 8.4649341367185134 4.8066683225333682 7.7439722381532174 3.442059062421321 31.64793398603797 8.9283822700381261 41.823059814050794 15.777910653501747 375.01730662956834 7.7644155211746693 11.072584867477415 1.9387897923588751 3.1971141640096903
leaf_count=1928 19 43 14 20 6 37 37 33 35 239 42 224 59 2373 58 30 25 37
internal_value=0 -0.0034947 2.37981e-05 1.34332e-06 -0.00294653 3.38715e-05 0.00179894 0.00247599 -4.85828e-05 -0.000147342 -0.00213231 0.00123368 0.00163977 -4.01671e-05 0.000236168 0.00424684 -0.00573987 -0.0070518
internal_weight=0 6.12383 908.916 904.076 9.80063 894.275 39.8526 35.0459 854.423 793.38 40.5763 61.043 57.601 752.803 15.5084 19.5375 7.34633 5.1359
internal_count=5259 62 5197 5183 88 5095 195 158 4900 4582 281 318 283 4301 91 67 82 62
is_linear=0
shrinkage=0.00517761


Tree=155
num_leaves=17
num_cat=0
split_feature=27 24 31 61 60 42 48 5 19 4 60 61 15 63 27 47
split_gain=2.78141 3.98769 8.84585 4.07202 7.86864 4.07107 3.56928 3.63965 7.57735 7.15938 5.98731 7.91618 3.73715 3.22734 1.96354 0.304055
threshold=31.000000000000004 3.5000000000000004 7.5000000000000009 0.5913729128014843 0.33012820512820518 0.78174603174603186 8.9500000000000011 17.500000000000004 50.000000000000007 3.5000000000000004 0.11726508785332311 0.24828767123287673 3.5000000000000004 8.5000000000000018 36.500000000000007 34.95000000000001
decision_type=2 2 2 2 2 2 2 2 2 2 2 2 2 2 2 2
left_child=1 3 13 6 15 -4 7 8 9 -1 11 -9 -12 -3 -2 -5
right_child=14 2 5 4 -6 -7 -8 10 -10 -11 12 -13 -14 -15 -16 -17
leaf_value=0.00013384875927931907 -0.00074236697550042572 0.0054153327775785217 -0.0077122208433027667 -0.0089937804935678496 0.002037664034942327 0.0015592578438116281 0.0044976350393079179 0.0010408606847615788 0.0066067172571860526 -0.00097380483121499537 0.0070348190352646379 -0.0041072655094724284 0.0020404858862199246 0.00098590471899471089 -0.0073314960877335382 -0.0058541611264222122
leaf_weight=573.60026166774333 2.5641231350600711 11.676598943769937 2.9983942583203307 2.9087616950273496 3.8206909894943237 2.1337333023548126 4.6381603404879561 50.515035839751363 4.3843799754977217 215.01698447018862 5.7076625861227539 9.4469608776271325 13.512197922915218 7.1223592013120642 2.2659572549164295 2.0520708709955215
leaf_count=3117 23 36 41 30 17 14 14 301 12 1416 15 81 66 32 25 19
internal_value=0 2.09496e-05 0.00210354 -3.54738e-05 -0.00353042 -0.00388568 -2.01507e-07 -2.44659e-05 -0.000130191 -0.000168203 0.00103352 0.000226056 0.00354296 0.00374678 -0.00389194 -0.00779025
internal_weight=0 909.534 23.9311 885.603 8.78152 5.13213 876.822 872.183 793.002 788.617 79.1819 59.962 19.2199 18.799 4.83008 4.96083
internal_count=5259 5211 123 5088 66 55 5022 5008 4545 4533 463 382 81 68 48 49
is_linear=0
shrinkage=0.00517761


Tree=156
num_leaves=29
num_cat=0
split_feature=64 32 64 59 65 18 7 3 47 60 23 64 39 64 53 49 3 56 60 42 61 53 38 48 49 61 65 60
split_gain=2.89819 3.65769 5.63776 3.44795 6.42755 9.90898 10.3886 8.96347 9.282 7.93275 7.88568 5.05078 8.62457 7.40139 8.11718 6.49812 3.71529 3.19936 2.89272 2.85897 5.27538 5.40883 3.96938 3.66505 3.08041 2.89683 0.473102 0.00800054
threshold=2.5500000000000003 1.0000000180025095e-35 2.6500000000000008 -74.999999999999986 6.5000000000000009 1.0000000180025095e-35 9.5000000000000018 1.5000000000000002 34.850000000000001 0.21294035577258458 1.0000000180025095e-35 11.750000000000002 11.500000000000002 14.050000000000002 14.500000000000002 0.14835164835164832 170.00000000000003 0.65686274509803932 0.13221420643729193 0.2264957264957265 0.32742946708463955 8.5000000000000018 10.500000000000002 0.25000000000000006 0.24264705882352941 0.46201923076923085 10.500000000000002 0.070609497694129358
decision_type=2 2 2 2 2 2 2 2 2 2 2 2 2 2 2 2 2 2 2 2 2 2 2 2 2 2 2 2
left_child=19 2 -2 11 5 10 -7 8 -6 -9 -5 12 15 16 -15 -4 -13 -14 26 24 21 22 -21 -22 25 -1 27 -3
right_child=1 18 3 4 7 6 -8 9 -10 -11 -12 13 17 14 -16 -17 -18 -19 -20 20 23 -23 -24 -25 -26 -27 -28 -29
leaf_value=-0.0017776069060663957 -0.0081030992524383123 -0.0077500331629325007 -0.0013978664916442216 -0.0013837611112048828 0.00010847254902870584 0.0043567587825319087 -0.00035749083831555122 0.00033030811612940576 -0.0050867642957068285 0.0052461107369951238 -0.0053783679007210188 -0.0072622635402651977 -0.0064344524314053648 0.000515210700602923 -0.0048606807706875988 0.0027184881332330433 -0.00013408877659893732 0.00020095659437978231 0.0007616891766714036 0.0032149279466273067 -0.0066759114392751185 0.0058193291880144398 -0.003243475510552036 3.0859866831647176e-05 0.0050607595956562324 0.003588168962337465 -0.0032917218189210313 -0.005702159225633943
leaf_weight=5.3380776196718234 2.2490860149264327 2.0621455758810039 12.186336874961851 115.75086077302694 20.623757280409336 14.456867482513188 91.304601868614554 334.32269409112632 16.598586943000555 8.9727603420615178 14.912488887086509 5.4342523626983148 4.4963172748684874 142.51757918298244 7.8831200152635565 64.410267116501927 3.0518438182771206 3.3899029046297073 2.5684611722826958 4.4995158426463657 4.0355441719293577 5.8590316772460929 5.7163620069622993 4.6679603233933449 8.6772387325763685 5.3247067034244537 1.4535945504903791 1.3302753381431101
leaf_count=27 23 35 76 732 131 51 607 1829 162 26 132 47 38 763 61 264 16 17 18 16 32 14 34 22 23 19 20 24
internal_value=0 -6.56948e-05 -3.44224e-05 -1.27012e-05 -0.000218577 -0.000888913 0.000289184 0.000197987 -0.00221301 0.000459795 -0.00184219 0.000509091 0.00153146 -3.4897e-05 0.000231389 0.00206287 -0.00472026 -0.00360359 -0.00367057 0.0012936 0.000127472 0.00188361 -0.000396008 -0.00310514 0.00278184 0.000907016 -0.00599945 -0.00707296
internal_weight=0 869.976 862.561 860.312 616.943 236.425 105.761 380.518 37.2223 343.295 130.663 243.37 84.4828 158.887 150.401 76.5966 8.4861 7.88622 7.41448 44.1184 24.7784 16.0749 10.2159 8.7035 19.34 10.6628 4.84602 3.39242
internal_count=5259 5072 4975 4952 3670 1522 658 2148 293 1855 864 1282 395 887 824 340 63 55 97 187 118 64 50 54 69 46 79 59
is_linear=0
shrinkage=0.00517761


Tree=157
num_leaves=20
num_cat=0
split_feature=59 40 54 54 1 54 46 49 58 61 49 40 39 61 57 54 64 49 60
split_gain=2.75548 3.45989 3.00205 3.10825 8.34957 4.63685 4.85322 4.81358 3.99886 8.73039 8.90477 8.06106 6.36114 6.89243 5.93979 3.59992 3.38921 0.978926 0.30497
threshold=590.00000000000011 36.750000000000007 43.900000000000006 40.650000000000013 20.500000000000004 39.050000000000004 14.500000000000002 0.4330357142857143 -1.4999999999999998 0.082650273224043655 0.14835164835164832 36.45000000000001 14.500000000000002 0.32163382594417084 3.7500000000000004 39.45000000000001 61.100000000000009 0.18465909090909091 0.047338935574229656
decision_type=2 2 2 2 2 2 2 2 2 2 2 2 2 2 2 2 2 2 2
left_child=2 -2 3 5 17 8 7 16 9 11 -11 -1 14 -14 -10 -9 -7 -5 -19
right_child=1 -3 -4 4 -6 6 -8 15 12 10 -12 -13 13 -15 -16 -17 -18 18 -20
leaf_value=-0.0049106790911984041 0.00054706468930819927 -0.0072341468182570727 0.0040695566394648519 -0.002691575904611436 0.0052819459859124391 0.0016606596416007108 -0.0031255539280235674 0.0027573557649685707 0.0001555203093400436 -0.0038058327695584503 0.00019361544952555093 -0.00034108502068545533 -0.0011779942240621214 -0.0087804741532251911 0.0021791683691788719 -0.002217945905508487 0.0060330740537222769 -0.0082198160881306482 -0.0052312789009636472
leaf_weight=22.119757806882262 2.9566615372896186 3.0909660458564758 4.8229984790086737 2.1889242343604547 2.4331101402640343 8.4703222662210482 4.7338986098766318 7.7334530148655158 544.85077143833041 16.286799483001232 170.70779601298273 19.421743184328079 34.450135441496968 3.4623666852712622 41.807187497615814 7.7291271388530731 10.972714871168135 2.7555905226618052 2.2682325839996338
leaf_count=206 19 43 14 20 6 37 37 33 2993 142 987 121 225 33 193 58 30 37 25
internal_value=0 -0.0034643 2.33444e-05 1.41604e-06 -0.00291187 3.31126e-05 0.00176268 0.00243043 -4.73757e-05 -0.000633294 -0.000155921 -0.00277834 0.000167053 -0.00188652 0.000299971 0.0002712 0.0041406 -0.00569955 -0.00695708
internal_weight=0 6.04763 907.215 902.392 9.64586 892.746 39.6395 34.9056 853.107 228.536 186.995 41.5415 624.57 37.9125 586.658 15.4626 19.443 7.21275 5.02382
internal_count=5259 62 5197 5183 88 5095 195 158 4900 1456 1129 327 3444 258 3186 91 67 82 62
is_linear=0
shrinkage=0.00517761


Tree=158
num_leaves=30
num_cat=0
split_feature=58 62 42 42 65 0 15 57 3 54 61 49 63 61 6 52 2 55 49 52 45 61 31 19 48 57 61 60 38
split_gain=2.76317 6.24084 3.14483 6.5072 6.02995 10.0944 11.9482 12.8542 8.65741 8.10302 5.86303 11.7596 9.4958 6.08518 7.01592 5.41422 5.22604 17.879 8.73931 7.16364 16.756 7.91998 4.93493 5.27577 4.63358 4.5227 9.14213 8.80521 10.6677
threshold=-14.499999999999998 2.5000000000000004 0.63961038961038974 0.64495798319327746 8.5000000000000018 5.5000000000000009 23.500000000000004 -2.7499999999999996 17.500000000000004 33.650000000000013 0.11237373737373736 0.92582417582417598 3.5000000000000004 0.13976744186046514 1.5000000000000002 14.500000000000002 1.0000000180025095e-35 0.55000000000000016 0.11437908496732026 16.500000000000004 19.000000000000004 0.037386443046820358 9.5000000000000018 18.500000000000004 6.5500000000000007 -4.2499999999999991 0.27645576707726766 0.10987804878048781 9.5000000000000018
decision_type=2 2 2 2 2 2 2 2 2 2 2 2 2 2 2 2 2 2 2 2 2 2 2 2 2 2 2 2 2
left_child=1 -1 16 -4 5 8 -7 -8 9 -5 11 12 -6 -12 -15 -10 17 19 -19 22 -21 -22 23 -2 -20 26 27 28 -18
right_child=2 -3 3 4 10 6 7 -9 15 -11 13 -13 -14 14 -16 -17 25 18 24 20 21 -23 -24 -25 -26 -27 -28 -29 -30
leaf_value=0.0023259652095938147 -0.00088282470755275037 -0.0061876697217506486 0.0041533966236150894 0.0020926276428811915 0.0039149693559043953 -0.0063290357289544023 0.0032642844830300063 -0.0027436789678406126 0.00047829722935301139 -0.002447353100337649 0.004577883282083149 -0.0057359042390867157 -0.00055758060456927345 -0.00083839216602588421 0.0023200192367284875 0.0039142721246491824 0.0035148294975567008 0.0012707173116515381 -0.0056423691095721182 0.0067542009284554082 0.0042147818437147698 -0.0044173240122868671 0.0029319961964051153 -0.0071342723711413248 0.0023181250988780983 0.00018994376699614342 -0.0078150747296655467 0.0070372585446380979 -0.005698922423686862
leaf_weight=3.8148174174129945 51.953580047935247 5.669575784355402 12.014978274703024 15.427411824464796 17.1344307474792 13.958031203597782 13.92001987621188 30.019451543688774 26.364310085773468 32.916449703276157 17.099486615508795 8.8261499442160112 48.861334603279829 29.392012275755405 52.372720416635275 23.011381767690182 5.4575561061501565 6.883462741971015 30.582726864144206 12.449808213859798 4.1409965753555289 8.783520730212329 8.3577107861638051 3.8272285256534806 2.0583673641085616 409.63861331157386 5.6938739679753771 3.4510219767689696 8.5894590932875854
leaf_count=19 358 54 36 67 61 110 51 199 118 205 56 63 272 153 225 72 25 43 352 29 18 91 41 49 8 2326 60 7 91
internal_value=0 -0.00277035 2.92924e-05 0.000421244 0.000284249 -0.000455821 -0.00216774 -0.000838189 0.000559191 -0.000997571 0.000947279 -0.000146173 0.0006063 0.00177442 0.00118484 0.00208283 -0.000208818 -0.00112307 -0.00402028 0.000158165 0.00248327 -0.00164382 -0.000763215 -0.00131979 -0.00513654 6.3859e-05 -0.00215715 -0.000293254 -0.00211911
internal_weight=0 9.48439 903.186 341.318 329.303 155.617 57.8975 43.9395 97.7196 48.3439 173.686 74.8219 65.9958 98.8642 81.7647 49.3757 561.868 129.037 39.5246 89.5128 25.3743 12.9245 64.1385 55.7808 32.6411 432.831 23.1919 17.498 14.047
internal_count=5259 73 5186 1688 1652 822 360 250 462 272 830 396 333 434 378 190 3498 989 403 586 138 109 448 407 360 2509 183 123 116
is_linear=0
shrinkage=0.00517761


Tree=159
num_leaves=30
num_cat=0
split_feature=42 42 59 57 27 55 61 0 41 8 60 63 31 57 63 64 38 60 41 58 56 61 58 42 61 38 54 59 19
split_gain=2.71881 6.3789 6.07186 6.35956 11.4486 7.21266 9.8277 6.72816 6.70957 6.6343 9.20143 8.43194 6.48184 5.32213 9.55889 7.12009 9.48001 6.42671 5.35781 4.69431 7.07063 9.56986 8.11048 7.88629 6.74248 8.08704 9.29579 6.80059 5.69356
threshold=0.63961038961038974 0.64495798319327746 -749.99999999999989 -2.7499999999999996 5.5000000000000009 1.0500000000000003 0.23845060412224586 16.500000000000004 0.55000000000000016 1.0000000180025095e-35 0.1283227475888026 10.500000000000002 3.5000000000000004 -4.2499999999999991 16.500000000000004 91.40000000000002 10.500000000000002 0.018350168350168304 6.1500000000000012 3.5000000000000004 0.17156862745098037 0.46042188805346701 4.5000000000000009 0.20714285714285713 0.055050505050505009 11.500000000000002 34.650000000000013 -1.0000000180025095e-35 1.5000000000000002
decision_type=2 2 2 2 2 2 2 2 2 2 2 2 2 2 2 2 2 2 2 2 2 2 2 2 2 2 2 2 2
left_child=13 -2 -3 5 9 6 7 -4 -6 10 -5 -11 -10 14 15 16 17 -1 19 24 23 22 -22 -21 25 26 -15 -27 -26
right_child=1 2 3 4 8 -7 -8 -9 12 11 -12 -13 -14 18 -16 -17 -18 -19 -20 20 21 -23 -24 -25 28 27 -28 -29 -30
leaf_value=0.0042405845402652045 0.0040680899888143772 0.0035257637804911204 -0.002813845518337652 0.00013668933803038171 -0.0066152264358155487 0.0047002187579393961 0.0029268314133058205 0.0027753175979644208 -0.00024691921922223369 0.00029165418422207582 -0.0042883844843119908 0.0052795360795945493 -0.0049546132997059251 -0.00380341736910206 0.0062173678033724837 0.0014562956736394617 -0.0075341569262335831 -0.0051134034016402643 -0.006243730332790973 -0.0015414957238419835 0.002625400202147295 -0.0072053082959028722 -0.00044461420963472036 0.0037280440424452442 0.00075093540354294168 -0.0013604472664592621 0.0026783772086860498 -0.0073958334536227723 -0.00067508728214651567
leaf_weight=4.0068732686340907 11.947128884494303 14.259575434029101 22.65882603824139 150.13894792087376 9.0361380726098997 14.46470160037279 26.23043654486537 7.6808279808610669 26.280366722494364 24.501432664692402 13.684290293604134 14.384418625384567 11.114173360168932 10.725503902882339 3.0737908482551566 6.3264209032058707 12.802433127537368 3.7457372136414051 3.7151327244937411 9.9183381348848325 30.659554779529572 4.636225998401641 92.509726330637932 32.241030156612396 121.62947252765298 9.1271861642599124 13.10383654758334 11.119592787697909 195.77951754443347
leaf_count=17 36 38 137 755 74 43 94 32 136 130 101 46 103 95 13 41 142 40 34 80 135 37 574 132 635 65 78 129 1287
internal_value=0 0.000361149 0.00022793 8.03398e-05 -0.000309348 0.00144618 0.000609529 -0.00139575 -0.0026265 0.000222055 -0.000234489 0.00214271 -0.00165253 -0.000221377 -0.0023427 -0.00333457 -0.00480931 -0.000283206 -0.000102353 -5.86394e-05 0.000650854 4.39027e-05 0.000320535 0.00248774 -0.000392306 -0.00228831 -0.000241283 -0.00468865 -0.000128583
internal_weight=0 346.381 334.434 320.175 249.14 71.0348 56.5701 30.3397 46.4307 202.709 163.823 38.8859 37.3945 565.12 29.9553 26.8815 20.555 7.75261 535.165 531.45 169.965 127.806 123.169 42.1594 361.485 44.0761 23.8293 20.2468 317.409
internal_count=5259 1725 1689 1651 1345 306 263 169 313 1032 856 176 239 3534 253 240 199 57 3281 3247 958 746 709 212 2289 367 173 194 1922
is_linear=0
shrinkage=0.00517761


Tree=160
num_leaves=30
num_cat=0
split_feature=42 42 59 65 52 38 16 64 60 18 41 17 6 58 57 63 64 38 60 41 58 56 52 48 55 61 38 54 59
split_gain=2.7373 6.0984 5.77607 5.86139 7.17904 8.82481 13.6999 8.69599 6.90772 10.78 5.53271 5.71729 9.94968 5.59714 5.30867 9.22146 6.80596 9.0282 6.06314 5.0304 4.52218 7.2794 7.51418 10.4187 7.41792 6.51733 7.9206 8.8963 6.58189
threshold=0.63961038961038974 0.64495798319327746 -949.99999999999989 8.5000000000000018 3.5000000000000004 55.000000000000007 1.0000000180025095e-35 42.350000000000001 0.032002048131080353 1.0000000180025095e-35 4.6500000000000012 1.5000000000000002 1.5000000000000002 3.5000000000000004 -4.2499999999999991 16.500000000000004 91.40000000000002 10.500000000000002 0.018350168350168304 6.1500000000000012 3.5000000000000004 0.12132352941176471 15.500000000000002 2.3500000000000001 0.95000000000000007 0.055050505050505009 11.500000000000002 34.650000000000013 -1.0000000180025095e-35
decision_type=2 2 2 2 2 2 2 2 2 2 2 2 2 2 2 2 2 2 2 2 2 2 2 2 2 2 2 2 2
left_child=14 -2 -3 4 8 7 -7 -6 -4 -10 11 12 -5 -13 15 16 17 18 -1 20 25 -22 23 -23 -24 26 27 -16 -28
right_child=1 2 3 10 5 6 -8 -9 9 -11 -12 13 -14 -15 19 -17 -18 -19 -20 -21 21 22 24 -25 -26 -27 28 -29 -30
leaf_value=0.0040471270006465629 0.0039753436781179664 0.0035360906778503162 0.0041176796053256966 0.00019490990891892642 -0.0029721362451314388 0.0028642435061496424 -0.0033978544343939154 0.0031742581829174764 -0.0044666252268978539 0.0028754481907423881 -0.0040462515975161397 -0.0025528422135097793 0.0031110505618562653 0.001507107315256205 -0.0037479531255228235 0.006111482347050278 0.0013265021488705691 -0.0074926228369700254 -0.0050779297608289121 -0.0060807859998021664 0.0029938927964962944 -0.0025308515984177175 -0.00031309493822738639 0.0019450292799793249 0.0029171021194239503 -0.00013061409404640928 -0.0013760034657100708 0.002595306096690504 -0.0073396570392669381
leaf_weight=3.9696763865649798 12.02420014515519 13.538868848234413 14.411535184830425 73.324629556387663 65.211276967078447 26.109830513596535 14.518604476004837 6.7601993381977072 9.8779060393571871 11.566472273319958 6.1669515073299399 21.742449089884758 54.763605888932943 15.565773569047449 10.645036526024343 3.032903751358389 6.3666575737297526 12.544410321861504 3.7146903052926064 3.682258863002061 28.995386954396963 44.893442563712597 39.334706092253327 20.149599889293313 36.879480887204409 317.67881198786199 9.0889739394187945 13.204388245940207 10.963475396856664
leaf_count=17 36 35 51 350 430 95 97 27 66 48 44 160 213 73 95 13 41 142 40 34 130 326 231 103 168 1922 65 78 129
internal_value=0 0.000362955 0.000231956 9.14515e-05 -0.000661649 -0.00130405 0.00062446 -0.00239235 0.00135424 -0.00050961 0.000743154 0.000923309 0.0014427 -0.000859132 -0.000221962 -0.00235289 -0.00333112 -0.00479684 -0.000369001 -0.000103778 -6.16341e-05 0.000633983 0.00014836 -0.00114362 0.00125108 -0.000389241 -0.00225756 -0.000238277 -0.00465025
internal_weight=0 345.582 333.558 320.019 148.456 112.6 40.6284 71.9715 35.8559 21.4444 171.563 165.396 128.088 37.3082 565.144 29.6283 26.5954 20.2288 7.68437 535.516 531.833 170.253 141.257 65.043 76.2142 361.581 43.9019 23.8494 20.0524
internal_count=5259 1725 1689 1654 814 649 192 457 165 114 840 796 563 233 3534 253 240 199 57 3281 3247 958 828 429 399 2289 367 173 194
is_linear=0
shrinkage=0.00517761


Tree=161
num_leaves=30
num_cat=0
split_feature=52 14 1 49 20 38 24 5 45 14 48 52 65 56 61 38 27 41 22 39 53 28 15 38 49 49 0 28 17
split_gain=2.79082 9.07966 7.10503 6.94957 7.65755 7.51125 7.29341 7.80211 7.12078 6.83512 7.12326 9.08726 8.70849 11.4405 10.2424 7.69678 6.25495 6.2185 5.99959 8.08862 6.11236 6.30517 6.09018 5.9556 5.54957 10.6053 5.22464 5.13615 7.98432
threshold=10.500000000000002 2.5000000000000004 13.500000000000002 0.73030303030303034 1.0000000180025095e-35 10.500000000000002 5.5000000000000009 4.5000000000000009 8.5000000000000018 5.5000000000000009 5.6500000000000012 6.5000000000000009 11.500000000000002 0.63961038961038974 0.082650273224043655 7.5000000000000009 16.500000000000004 0.35000000000000003 1.0000000180025095e-35 7.5000000000000009 11.500000000000002 1.0000000180025095e-35 47.500000000000007 75.000000000000014 0.77350427350427364 0.4330357142857143 8.5000000000000018 1.5000000000000002 1.5000000000000002
decision_type=2 2 2 2 2 2 2 2 2 2 2 2 2 2 2 2 2 2 2 2 2 2 2 2 2 2 2 2 2
left_child=9 2 27 6 5 -5 7 8 -3 10 11 18 14 -14 -13 -16 17 -9 20 -20 22 -22 -1 -4 25 -11 -10 28 -2
right_child=1 3 23 4 -6 -7 -8 16 26 24 -12 12 13 -15 15 -17 -18 -19 19 -21 21 -23 -24 -25 -26 -27 -28 -29 -30
leaf_value=-0.00010740518282533727 0.00070702959756381958 0.0019418867912617025 0.0047154017742761945 -0.0035207771891666048 -0.0045452375387672848 0.0032819834969996914 0.0042089236298667567 -0.004566435598693977 -0.0012792793313950827 5.7024372298720095e-06 0.0037679263324042764 -0.0077657540074056747 -0.0033524804465163167 0.0041862270497963682 2.8276137244721188e-07 -0.0037219617769316338 -0.0051027554469800273 0.0015538742604413109 -0.0018327193242555944 0.0062556470131862789 -0.0071019676861803129 0.0015667102305587388 -0.0057842322043551216 -0.0010971373238979443 -0.003220737681083333 0.0044267779851476811 -0.0061329431508078906 0.0030428946191644293 -0.0014650849665724594
leaf_weight=245.03867724537849 252.6107477247715 4.6723682582378379 19.428339749574665 5.2875270172953632 5.6480282191187134 23.322236139327288 4.8909938260912886 5.3837254736572531 8.049150116741659 37.83370865508914 9.8345294371247274 10.123448334634302 9.7631945386528987 11.902667760848997 25.750189447775483 35.241747129708529 6.6460843719542018 24.206574238836765 5.3920682817697516 8.4326729327440244 6.8865555897355062 3.2930576428771019 5.107108622789382 6.2068853862583628 6.7472973801195613 23.566691881045699 23.167199868708849 19.655036266893148 55.228459548205137
leaf_count=1402 1346 22 67 33 47 94 16 50 51 217 33 90 85 47 158 277 72 131 35 24 63 18 47 37 44 87 206 91 369
internal_value=0 0.000280736 0.000687127 -0.00100855 0.000930201 0.00201932 -0.00187106 -0.00228691 -0.00399581 -0.000293032 -0.000566002 -0.000682833 -0.00208283 0.00078898 -0.00295775 -0.00215208 -0.000590058 0.000432449 -0.00020862 0.00310685 -0.000385455 -0.00430515 -0.000224826 0.00330864 0.00121514 0.00170562 -0.00488695 0.00048128 0.000317089
internal_weight=0 464.403 353.129 111.274 34.2578 28.6098 77.0161 72.1251 35.8887 444.914 376.766 366.931 92.7812 21.6659 71.1154 60.9919 36.2364 29.5903 274.15 13.8247 260.325 10.1796 250.146 25.6352 68.1477 61.4004 31.2163 327.494 307.839
internal_count=5259 2632 1910 722 174 127 548 532 279 2627 2279 2246 657 132 525 435 253 181 1589 59 1530 81 1449 104 348 304 257 1806 1715
is_linear=0
shrinkage=0.00517761


Tree=162
num_leaves=30
num_cat=0
split_feature=59 64 55 62 1 64 49 27 42 63 60 61 0 10 58 52 42 61 47 61 35 7 20 11 5 19 54 64 7
split_gain=2.8046 4.13751 3.13123 10.4901 8.84685 8.33033 7.18389 7.15626 7.50016 4.15834 12.9938 9.9729 9.00735 9.28332 8.72565 8.96078 8.10924 9.0373 11.1218 8.68473 8.02315 8.20572 7.71468 7.25483 7.01246 6.63288 12.2679 8.11577 6.41563
threshold=590.00000000000011 267.95000000000005 2.3500000000000001 7.5000000000000009 4.5000000000000009 126.10000000000001 0.4330357142857143 1.0000000180025095e-35 0.74166666666666681 7.5000000000000009 0.097693531283138915 0.18230694037145653 5.5000000000000009 1.5000000000000002 -2.4999999999999996 95.000000000000014 0.31009615384615391 0.27806414662084772 36.350000000000001 0.36096792668957617 1.5000000000000002 154.00000000000003 1.0000000180025095e-35 2.5000000000000004 15.500000000000002 3.5000000000000004 34.550000000000004 181.45000000000002 17.500000000000004
decision_type=2 2 2 2 2 2 2 2 2 2 2 2 2 2 2 2 2 2 2 2 2 2 2 2 2 2 2 2 2
left_child=2 -2 9 4 6 -6 -4 8 -8 11 12 22 13 23 -14 -16 19 -18 -19 -12 21 24 25 -11 -13 27 -27 -1 -21
right_child=1 -3 3 -5 5 -7 7 -9 -10 10 16 20 14 -15 15 -17 17 18 -20 28 -22 -23 -24 -25 -26 26 -28 -29 -30
leaf_value=0.0025637789207393494 -0.0065723126682214021 0.00235237222932366 0.0034582360303402121 0.0047136484905546568 -0.0058899064065933019 0.0012733892054807706 -0.0072670703514198841 0.0022724224879473853 0.0004242030429230385 -0.00038713935698341922 -0.0038658995334674953 -0.00067705949990731046 -0.0060679567171250419 0.0062629388879384493 -0.0012600286173973063 -0.0086841236231806531 0.003971579700252372 0.0013820480762313414 -0.0054774166903795935 -0.0020255869930764442 0.0032845437698214028 -0.0048042437882624628 -0.0029560288133555226 -0.0051714158514326331 0.004265142418838898 -0.0021313294986631715 0.0017855834410462521 -0.0026897277076063995 0.004225670675051283
leaf_weight=102.59525515139103 3.9547388516366473 2.0867134109139442 21.367423124611378 16.186065781861544 10.770728498697283 7.2375905588269225 6.3231239151209611 12.20759507268667 7.2446313425898552 154.51624162122607 16.854503029957414 193.43181517720222 14.95676229149103 5.3121958225965491 68.685611505061388 4.5916316434741011 31.379693474620581 50.124663757160306 7.1863235011696807 8.1559297107160109 14.141916152089832 12.433786503970621 11.955380216240881 8.9265208803117257 7.9495201781392089 34.880635073408484 55.379666483029723 8.4846069142222387 9.4164243899285776
leaf_count=438 47 15 80 61 90 38 71 57 30 955 150 1110 150 14 464 48 108 233 53 48 67 109 91 75 30 252 279 59 37
internal_value=0 -0.00349676 2.36572e-05 0.000992266 6.38048e-05 -0.00301654 0.00124317 -0.000597028 -0.00317771 -7.23274e-05 -0.00046922 0.000269573 -0.00113173 -0.000430429 -0.00247165 -0.00173272 0.000913496 0.00174106 0.000516511 -0.00121758 -0.000483293 -0.000733465 0.00107412 -0.000650455 -0.000480603 0.00131434 0.0002714 0.00216109 0.00132723
internal_weight=0 6.04145 902.696 81.3372 65.1511 18.0083 47.1428 25.7754 13.5678 821.359 380.107 441.253 256.989 168.755 88.234 73.2772 123.118 88.6907 57.311 34.4269 227.957 213.815 213.296 163.443 201.381 201.34 90.2603 111.08 17.5724
internal_count=5259 62 5197 427 366 128 238 158 101 4770 2335 2435 1706 1044 662 512 629 394 286 235 1316 1249 1119 1030 1140 1028 531 497 85
is_linear=0
shrinkage=0.00517761


Tree=163
num_leaves=30
num_cat=0
split_feature=55 62 1 64 49 42 58 58 63 60 61 0 0 18 38 3 58 52 45 2 61 56 38 0 35 7 20 61 7
split_gain=2.80781 10.5785 7.8548 7.72558 6.89818 7.03996 6.78979 7.37725 4.29406 12.2497 9.21462 8.99795 9.03479 8.37919 9.44145 9.36073 7.95812 8.81866 8.88789 7.95464 11.5499 10.1165 10.0917 7.60088 7.52278 7.58492 7.19807 7.08933 18.4086
threshold=2.3500000000000001 7.5000000000000009 4.5000000000000009 126.10000000000001 0.4330357142857143 0.4494949494949495 7.5000000000000009 -1.0000000180025095e-35 7.5000000000000009 0.097693531283138915 0.18230694037145653 5.5000000000000009 1.5000000000000002 1.0000000180025095e-35 105.00000000000001 10.500000000000002 -2.4999999999999996 95.000000000000014 8.5000000000000018 12.500000000000002 0.22150072150072148 0.59411764705882364 7.5000000000000009 4.5000000000000009 1.5000000000000002 154.00000000000003 1.0000000180025095e-35 0.077524038461538464 2.5000000000000004
decision_type=2 2 2 2 2 2 2 2 2 2 2 2 2 2 2 2 2 2 2 2 2 2 2 2 2 2 2 2 2
left_child=8 2 4 -4 -2 -6 7 -7 10 11 26 12 13 15 -15 -10 -13 18 -18 20 -11 -22 -21 -23 25 -12 -1 28 -14
right_child=1 -3 3 -5 5 6 -8 -9 9 19 24 16 27 14 -16 -17 17 -19 -20 22 21 23 -24 -25 -26 -27 -28 -29 -30
leaf_value=0.0012504169233757067 0.0032158599237273235 0.0046064286071004316 -0.0057489754437429069 0.0011638473932368888 -0.0058535902620442557 0.00093002663161322952 0.0035186161289975839 -0.0084103427983537732 -0.0042904203780665838 -0.0068099294904206088 -0.00047075931359264345 -0.005944656606528125 0.0051603326407947516 0.00097186695530245427 -0.0074310835504564372 -1.7640265385134818e-05 -0.0042825733532478056 -0.008604459497142258 -0.00014639377123246402 -0.002813349450970266 -0.0012475928931505219 0.0039466745040542825 0.0037641827345936546 -0.0021076997755358675 0.003181981110813185 -0.0046479654744464582 -0.0028768021166977182 0.0021644011211127048 -0.0054636600955025663
leaf_weight=204.03680101782084 21.820627231150866 16.522857056930661 10.601218558847906 7.2654621601104727 5.5650973469018963 6.2640721704810884 10.704835966229437 3.4754950143396846 36.403395559638739 6.3063466232269993 201.64361026138067 14.700721330940722 6.809084881097081 42.558611795306206 3.8475506268441668 22.06388907879591 19.283852243795991 4.6806681714951983 49.722171641886234 7.5115674771368495 41.089640008285642 25.260510090738535 36.032112427055836 7.0749208703637114 14.112896103411911 12.304005693644283 11.931536942720411 46.318647690117359 11.953653760254381
leaf_count=1043 84 64 91 39 63 32 38 30 316 49 1145 150 20 255 37 121 164 52 305 53 263 89 143 37 67 109 91 207 102
internal_value=0 0.000912059 -2.06974e-05 -0.00294366 0.0010736 -0.00072703 0.000682567 -0.00243672 -9.08906e-05 -0.000493623 0.000255244 -0.00113433 -0.000437098 -0.0013772 0.000265475 -0.00267993 -0.00247362 -0.00177635 -0.00130533 0.000848933 -0.000123342 0.000456495 0.00262685 0.00262023 -0.000470508 -0.000712376 0.00102157 0.00107758 -0.00160329
internal_weight=0 82.2197 65.6968 17.8667 47.8301 26.0095 20.4444 9.73957 825.646 381.617 444.029 258.342 169.955 104.873 46.4062 58.4673 88.3874 73.6867 69.006 123.275 79.7314 73.4251 43.5437 32.3354 228.061 213.948 215.968 65.0814 18.7627
internal_count=5259 441 377 130 247 163 100 62 4818 2363 2455 1729 1058 729 292 437 671 521 469 634 438 389 196 126 1321 1254 1134 329 122
is_linear=0
shrinkage=0.00517761


Tree=164
num_leaves=30
num_cat=0
split_feature=27 14 0 60 60 38 52 49 8 58 38 60 42 26 14 19 12 27 56 0 54 60 12 46 11 7 1 40 1
split_gain=2.73158 3.89766 5.01452 6.38291 5.2511 4.67222 9.03429 8.07604 7.66499 11.1775 7.57008 7.03139 9.51769 8.56222 8.31121 8.56756 8.28224 6.82454 5.97097 4.61437 4.41403 5.26054 5.0898 5.42637 5.16529 4.24883 5.99313 2.16535 2.01649
threshold=31.000000000000004 11.500000000000002 31.500000000000004 0.11647286821705422 0.062114197530864161 55.000000000000007 75.000000000000014 0.69615384615384623 1.0000000180025095e-35 -6.4999999999999991 13.500000000000002 0.062114197530864161 0.31009615384615391 1.5000000000000002 2.5000000000000004 27.500000000000004 1.0000000180025095e-35 8.5000000000000018 0.31009615384615391 1.5000000000000002 36.95000000000001 0.11351921274601687 15.000000000000002 2.5000000000000004 4.5000000000000009 5.5000000000000009 30.500000000000004 35.050000000000004 41.000000000000007
decision_type=2 2 2 2 2 2 2 2 2 2 2 2 2 2 2 2 2 2 2 2 2 2 2 2 2 2 2 2 2
left_child=1 2 5 4 25 6 8 19 10 -10 -1 12 17 -14 16 -16 -13 -7 -9 -8 21 22 24 -24 -3 -4 -27 -2 -5
right_child=27 20 3 28 -6 11 7 18 9 -11 -12 14 13 -15 15 -17 -18 -19 -20 -21 -22 -23 23 -25 -26 26 -28 -29 -30
leaf_value=2.1707116007493671e-05 -0.00057242389453433773 0.0010709195159869875 0.0034172275130672238 -0.00095126598833593075 -0.0073974297531263049 -0.0052385790713121334 -0.0025225203337868171 0.0056680763272240692 -0.0067457322845501898 0.0016241718621954637 -0.0015277746456080553 0.00074474218891677367 -7.3418735801961712e-05 0.0048202818075118699 -0.0048604461135243939 0.0024853872799853543 0.0038925231250479786 0.0031028580223493728 -0.0021909067150498833 -0.0080461904813446377 0.0056397292220907048 -0.0039050035901002397 0.002669597406527583 -0.0061188383773898162 0.0071285239605581655 0.0010249243283011536 -0.006321876710945913 -0.0074802725479705991 0.0032488626510299369
leaf_weight=359.94955973513424 2.5820846054702988 9.162587329745298 3.1046612411737469 6.4838592112064344 6.8177355490624896 14.263455703854563 7.856305090710527 3.6076240278780451 4.4158063344657412 94.196606811136007 110.39579343609512 46.533240811899304 100.37263884209096 10.529782176017759 9.6988138630986231 7.4884286075830451 43.232883915305138 3.1728661321103564 8.732035279273985 8.5160264708101732 6.2581520453095427 5.0484586358070365 3.8097250685095778 3.6051758378744125 6.3868457153439513 5.0172215774655324 7.1903259847313166 2.2573767453432083 5.7035161405801773
leaf_count=2023 23 40 13 47 78 164 74 14 51 460 749 244 542 34 73 35 146 18 64 90 16 33 16 38 14 36 77 25 22
internal_value=0 2.09644e-05 -4.67625e-05 -0.00198446 -0.00363788 3.32138e-05 -0.000210089 -0.00304038 -6.69142e-05 0.00124505 -0.000342127 0.00065114 -0.000165959 0.000393768 0.00163116 -0.00166232 0.00226258 -0.0037144 0.000124282 -0.00541679 0.00173184 0.000847389 0.0019006 -0.001619 0.00357905 -0.00193898 -0.0033127 -0.00385312 0.00102082
internal_weight=0 901.55 867.279 34.3173 22.1299 832.962 597.67 28.712 568.958 98.6124 470.345 235.292 128.339 110.902 106.953 17.1872 89.7661 17.4363 12.3397 16.3723 34.2709 28.0128 22.9643 7.4149 15.5494 15.3122 12.2075 4.83946 12.1874
internal_count=5259 5211 5054 273 204 4781 3525 242 3283 511 2772 1256 758 576 498 108 390 182 78 164 157 141 108 54 54 126 113 48 69
is_linear=0
shrinkage=0.00517761


Tree=165
num_leaves=30
num_cat=0
split_feature=42 42 27 57 65 47 54 48 14 48 41 41 59 7 42 52 59 55 27 4 59 0 54 56 57 12 46 54 57
split_gain=2.7319 6.26396 5.92984 11.1588 8.42494 10.0696 11.2098 9.74769 5.97104 5.25873 6.38821 9.23111 6.78604 5.12587 4.94314 10.6013 5.66178 9.3787 6.73466 4.77124 7.67225 8.88704 6.90153 8.86885 9.88756 8.99018 8.09477 6.38881 5.80256
threshold=0.63961038961038974 0.64495798319327746 4.5000000000000009 -2.7499999999999996 10.500000000000002 35.050000000000004 38.550000000000004 2.3500000000000001 7.5000000000000009 7.8000000000000016 4.8500000000000005 7.8500000000000005 -949.99999999999989 9.5000000000000018 0.59411764705882364 10.500000000000002 -124.99999999999999 1.9500000000000002 2.5000000000000004 1.0000000180025095e-35 185.00000000000003 1.5000000000000002 34.650000000000013 0.2817460317460318 0.75000000000000011 1.5000000000000002 8.5000000000000018 33.750000000000007 -3.7499999999999996
decision_type=2 2 2 2 2 2 2 2 2 2 2 2 2 2 2 2 2 2 2 2 2 2 2 2 2 2 2 2 2
left_child=14 -2 8 13 7 -6 -7 -5 9 10 12 -12 -3 -4 19 -16 -17 18 -18 20 22 27 26 25 -25 -24 -1 -22 -21
right_child=1 2 3 4 5 6 -8 -9 -10 -11 11 -13 -14 -15 15 16 17 -19 -20 28 21 -23 23 24 -26 -27 -28 -29 -30
leaf_value=-0.00069786749622786394 0.0040694339300698995 0.0051150363713389812 0.0054117509005139983 -0.0052457392241150244 0.0043956247580375796 -0.0055435406522643966 0.0046937151819713106 0.0027776618077707954 0.0046337015507649489 0.0053793637516764596 -0.0082880826792846776 0.001722586670988552 0.00033719635327731241 6.687713833877505e-05 -0.0058127184854976305 0.0036569672701827621 -0.0080020312820681568 0.0041729711602479826 0.00010428176446161673 -0.0021032615548709243 -0.0074402464231396051 -0.005739008857218824 -0.0043974526405019159 0.003768374577942725 -0.0014518436201382437 0.0023417057062952839 -0.0059428005524270978 0.00064487747607456386 0.00045182275196802561
leaf_weight=66.166477723047137 11.746111057698725 8.1982663348317129 8.0859898403286952 26.481631085276607 8.9039680846035498 9.9843555092811567 3.953886851668357 4.7479796148836604 9.4282510578632337 5.6014867126941672 5.3541380986571294 4.4992480427026749 223.77148818969727 11.742138080298899 12.949838630855082 7.6333744674921045 6.0887501463294011 4.9072555750608453 4.9573187194764614 25.675383230671287 3.0270977877080467 16.250422354787588 13.429157998412849 32.834195706993341 13.76583571359515 8.6902913190424425 8.8947733137756568 17.070964137092233 320.33048161119223
leaf_count=375 36 17 23 211 35 80 15 21 30 14 45 13 1123 62 96 32 55 15 26 207 33 137 125 134 98 46 76 118 1961
internal_value=0 0.000364541 0.000232164 -0.00105967 -0.00227746 0.000112744 -0.00263068 -0.00402244 0.000604039 0.000449267 0.000333607 -0.00373547 0.000507488 0.00225755 -0.000221913 -0.00206172 7.96227e-06 -0.00174557 -0.00438458 -9.38977e-05 -0.000777103 -0.00290004 -0.000239289 0.000945744 0.00222631 -0.00175044 -0.00132415 -0.000593019 0.000261841
internal_weight=0 342.499 330.753 73.8999 54.0718 22.8422 13.9382 31.2296 256.853 247.425 241.823 9.85339 231.97 19.8281 562.672 36.5365 23.5867 15.9533 11.0461 526.135 180.129 36.3485 143.781 68.7195 46.6 22.1194 75.0613 20.0981 346.006
internal_count=5259 1725 1689 447 362 130 95 232 1242 1212 1198 58 1140 85 3534 224 128 96 81 3310 1142 288 854 403 232 171 451 151 2168
is_linear=0
shrinkage=0.00517761


Tree=166
num_leaves=30
num_cat=0
split_feature=59 64 55 62 1 64 49 42 58 54 58 63 55 53 65 60 42 49 33 56 1 13 47 4 47 39 7 55 42
split_gain=2.7003 3.98394 3.03789 10.1135 7.79671 7.25503 7.20717 7.25188 6.51884 4.43186 6.00282 7.89236 4.1064 8.57187 8.48787 11.4284 7.75514 5.25054 9.71611 9.64653 7.79413 8.97955 7.98945 3.47564 3.17841 4.3302 2.56191 2.36766 2.26566
threshold=590.00000000000011 267.95000000000005 2.3500000000000001 7.5000000000000009 4.5000000000000009 126.10000000000001 0.4330357142857143 0.4494949494949495 7.5000000000000009 39.050000000000004 8.5000000000000018 3.5000000000000004 1.2500000000000002 16.500000000000004 7.5000000000000009 0.19652406417112298 0.91287878787878796 0.41421568627450983 1.0000000180025095e-35 0.2752525252525253 1.5000000000000002 1.0000000180025095e-35 38.150000000000013 4.5000000000000009 36.650000000000013 6.5000000000000009 71.500000000000014 3.1500000000000008 0.32291666666666669
decision_type=2 2 2 2 2 2 2 2 2 2 2 2 2 2 2 2 2 2 2 2 2 2 2 2 2 2 2 2 2
left_child=2 -2 9 4 6 23 24 -8 -9 12 11 -11 17 14 15 -14 -16 20 19 -19 22 -22 -1 -6 -4 -26 -13 -5 -15
right_child=1 -3 3 27 5 -7 7 8 -10 10 -12 26 13 28 16 -17 -18 18 -20 -21 21 -23 -24 -25 25 -27 -28 -29 -30
leaf_value=-0.0011809331040856868 -0.00651035750436819 0.0022714018103196188 0.005960690068074993 0.0064226309130153165 -0.0083411431044373568 0.0010996046020143621 -0.0060733270023222829 -0.0023403584305692559 0.0035181682040407469 0.0047576529278792737 0.0056981006237373302 -0.0059909718954590761 -0.0049381372088623992 0.0051693174306769408 -0.0013524408589958949 0.0024973914518641297 0.0025639964030193816 0.002131155934547266 -0.005872995901777596 8.685475122253381e-05 0.0020788611449031667 -0.00040281770512667361 -0.0082515574571113345 -0.0022792956818740826 0.0048128931358023654 -0.0010079523187494109 0.00018699646167404717 0.0024300502180500507 0.00092487284777136882
leaf_weight=123.90668336115777 3.8878937922418109 2.0880821496248245 7.908318433910611 8.8508034870028514 5.6874687671661395 7.2242971248924723 5.2677885778248337 9.7210269123315829 10.549631327390669 5.4059629589319247 8.2401822842657548 4.2887447252869606 29.084020767360926 6.264824226498602 61.536277793347836 6.7975695431232444 17.312368221580982 84.133606292307377 6.2175769284367552 233.46359319426119 51.131875496357679 165.15450044907629 4.3745231777429572 4.6583002172410488 6.6097493320703489 6.99678098782897 3.0570011399686337 7.4314552228897801 7.2962130159139633
leaf_count=843 47 15 19 25 52 38 60 61 37 17 23 41 239 20 400 30 74 400 66 1256 231 1032 46 38 21 40 19 36 33
internal_value=0 -0.00344973 2.31948e-05 0.000979832 5.9332e-05 -0.00287723 0.00115848 -0.000701129 0.000709905 -7.15267e-05 0.00227296 4.12228e-05 -0.000133493 -0.000981705 -0.00144217 -0.00352736 -0.000491033 2.93884e-05 0.000502721 0.000628752 -0.000415431 0.000184303 -0.00142622 -0.00564406 0.0033615 0.00182889 -0.0034405 0.00461789 0.00290166
internal_weight=0 5.97598 898.571 80.9056 64.6234 17.5701 47.0533 25.5384 20.2707 817.666 20.9919 12.7517 796.674 128.291 114.73 35.8816 78.8486 668.382 323.815 317.597 344.568 216.286 128.281 10.3458 21.5148 13.6065 7.34575 16.2823 13.561
internal_count=5259 62 5197 427 366 128 238 158 98 4770 100 77 4670 796 743 269 474 3874 1722 1656 2152 1263 889 90 80 61 60 61 53
is_linear=0
shrinkage=0.00517761


Tree=167
num_leaves=30
num_cat=0
split_feature=59 64 55 62 1 64 49 42 58 54 58 63 58 61 49 54 64 40 55 3 49 4 56 47 64 7 55 64 55
split_gain=2.65301 3.86664 2.88698 9.65473 7.38495 6.98089 6.81325 6.94458 6.41749 4.30894 5.78736 7.53317 3.90238 9.83537 8.20417 7.1077 4.31583 3.89488 4.63147 13.1064 11.8589 3.4421 3.13737 3.08894 4.46293 2.45439 2.35871 1.58709 1.11808
threshold=590.00000000000011 267.95000000000005 2.3500000000000001 7.5000000000000009 4.5000000000000009 126.10000000000001 0.4330357142857143 0.4494949494949495 7.5000000000000009 39.050000000000004 8.5000000000000018 3.5000000000000004 -2.4999999999999996 0.037386443046820358 0.14835164835164832 36.650000000000013 13.65 43.750000000000007 0.55000000000000016 8.5000000000000018 0.41421568627450983 4.5000000000000009 0.30384615384615393 36.650000000000013 82.050000000000011 71.500000000000014 3.1500000000000008 200.95000000000002 3.6500000000000008
decision_type=2 2 2 2 2 2 2 2 2 2 2 2 2 2 2 2 2 2 2 2 2 2 2 2 2 2 2 2 2
left_child=2 -2 9 4 6 21 23 28 -9 12 11 -11 13 16 22 -16 -1 18 20 -20 -14 -6 -15 -4 -25 -13 -5 -18 -8
right_child=1 -3 3 26 5 -7 7 8 -10 10 -12 25 17 14 15 -17 27 -19 19 -21 -22 -23 -24 24 -26 -27 -28 -29 -30
leaf_value=-0.00042170824535708059 -0.0064754712280595313 0.0021967765429143022 0.0058230075532581483 0.0063355448831363403 -0.0083050147426251344 0.0010757340099534207 -0.0080756490968922953 -0.0023187727861063495 0.0034997005034827196 0.0046544480306017714 0.0056278961460317261 -0.0059165618674930191 -0.00034061736328135387 -0.0067776662251506714 0.00041711955824231509 -0.0036791484737241625 -0.0074257428712456519 0.0033285554157143796 -0.0029909447445486863 1.8420556131424671e-05 0.0015533920097712392 -0.0022287951171953728 -0.0014384972973417853 -0.0015361544221505555 0.0044200726509232126 0.00015947111815389176 0.0023393004490357399 -0.0031083597497041301 -0.0030921141760624883
leaf_weight=4.7333656586706665 3.8430322073400012 2.0860427543520927 7.9352744892239597 8.7772229909896868 5.5351804159581679 7.2019923366606227 2.9494791980832842 9.779185654595496 10.439389675855635 5.3932187780737895 8.1761344410479051 4.2024833522737026 240.31725651212037 6.8081037998199445 109.3372600749135 12.604660652577875 8.6873396970331651 9.4752808250486833 47.637100452557206 207.76221353188157 140.30876548588276 4.6354713924229145 5.2513505965471268 6.0716118738055211 7.4442815072834492 3.0509758666157722 7.3952770456671706 3.2874103412032118 2.2312880717217922
leaf_count=34 47 15 19 25 52 38 38 61 37 17 23 41 1458 71 648 91 90 37 383 1128 660 38 43 34 27 19 36 27 22
internal_value=0 -0.00343282 2.2931e-05 0.000958688 5.66954e-05 -0.00282012 0.00112603 -0.000688197 0.00068681 -6.92105e-05 0.00225209 5.12721e-05 -0.000130107 -0.000880081 -0.000411952 -8.01652e-06 -0.00461779 4.50584e-05 -4.19053e-06 -0.000543494 0.000357699 -0.00556848 -0.00447367 0.00326994 0.00174957 -0.00338176 0.00452547 -0.00626453 -0.00599637
internal_weight=0 5.92907 897.429 80.3957 64.2232 17.3726 46.8505 25.3993 20.2186 817.033 20.8228 12.6467 796.21 150.709 134.001 121.942 16.7081 645.501 636.025 255.399 380.626 10.1707 12.0595 21.4512 13.5159 7.25346 16.1725 11.9748 5.18077
internal_count=5259 62 5197 427 366 128 238 158 98 4770 100 77 4670 1004 853 739 151 3666 3629 1511 2118 90 114 80 61 60 61 117 60
is_linear=0
shrinkage=0.00517761


Tree=168
num_leaves=30
num_cat=0
split_feature=59 64 55 62 30 54 54 2 65 47 19 56 64 64 47 54 58 63 47 14 46 54 13 52 27 55 41 41 0
split_gain=2.59287 3.75596 2.79944 9.00998 6.91669 5.93563 5.8421 8.60584 4.13982 10.4955 7.44463 6.8851 5.59702 5.57493 5.06213 5.05267 6.84904 7.66665 6.29381 4.89679 4.45049 2.95776 2.63066 3.33382 2.59375 2.19799 1.92702 0.292151 0.285113
threshold=590.00000000000011 267.95000000000005 2.3500000000000001 7.5000000000000009 1.0000000180025095e-35 13.750000000000002 43.050000000000004 10.500000000000002 14.500000000000002 34.850000000000001 14.500000000000002 0.44097222222222227 274.4500000000001 353.45000000000005 37.350000000000001 39.050000000000004 8.5000000000000018 3.5000000000000004 41.050000000000004 1.0000000180025095e-35 14.500000000000002 35.550000000000004 1.0000000180025095e-35 65.000000000000014 2.5000000000000004 3.1500000000000008 1.9500000000000002 1.0500000000000003 1.5000000000000002
decision_type=2 2 2 2 2 2 2 2 2 2 2 2 2 2 2 2 2 2 2 2 2 2 2 2 2 2 2 2 2
left_child=2 28 8 4 5 -4 7 -7 13 10 11 12 -10 15 22 18 17 -17 20 21 -1 -16 27 -24 -6 -5 -20 -11 -2
right_child=1 -3 3 25 24 6 -8 -9 9 14 -12 -13 -14 -15 19 16 -18 -19 26 -21 -22 -23 23 -25 -26 -27 -28 -29 -30
leaf_value=-0.00014545215496787237 -0.0047342195031813529 0.0021300811886733823 0.0073050087721239715 0.006136280445591542 -0.0086238666394689144 0.00036833009126965594 0.0053446864213914039 -0.0072123556842787397 -0.004400548476749885 -0.0056640684898823764 -0.0049315259322226784 0.0054402648705725327 0.0041144658897423443 0.0044117011330310919 0.0042958746671998057 0.0050146892750544203 0.0063783639692593427 -0.0033941551633814415 -0.0018795054100849903 -0.0054318386555456217 0.0015523931268579176 -0.0017094591615085756 -0.0012953040745985068 -0.007830275359580828 -0.0021571520808859319 0.0022755384317436904 -0.0082366399842943132 -0.0083263298985137915 -0.007984296403350296
leaf_weight=686.88915744237602 1.9552723988890641 2.0902864560484886 3.3317187391221514 8.7873294875025767 2.7562859691679469 43.848982850089669 5.3529042601585379 4.3523783870041362 4.9242246579378897 2.3071284368634286 4.2770657557994118 10.201672615483401 3.470999039709568 7.6370254531502715 4.2271794192492944 4.9136057049036044 7.6485822908580294 6.9157952927052975 2.220700914040207 4.4155372381210318 43.974751686677337 4.4500931277871132 6.4010887034237367 3.0699187032878399 4.2065191082656384 7.369991920888423 3.1203533783555031 5.3237337209284306 1.8521797768771646
leaf_count=3993 26 15 7 25 28 241 16 41 40 27 43 34 14 25 17 15 18 56 22 39 228 36 44 29 33 36 35 55 21
internal_value=0 -0.00340264 2.26367e-05 0.000946505 7.08662e-05 0.000668934 0.000247488 -0.000325007 -6.79652e-05 -0.00146536 0.00117823 0.00259619 -0.000874742 2.92979e-05 -0.00346638 -1.53663e-05 0.00258295 0.000106655 -8.43438e-05 -0.00103508 -4.31573e-05 0.00122582 -0.00531626 -0.00345372 -0.00477489 0.00439203 -0.00564979 -0.00757771 -0.00642599
internal_weight=0 5.89774 896.395 80.0061 63.8488 56.886 53.5543 48.2014 816.389 53.0686 22.874 18.5969 8.39522 763.32 30.1947 755.683 19.478 11.8294 736.205 13.0928 730.864 8.67727 17.1019 9.47101 6.96281 16.1573 5.34105 7.63086 3.80745
internal_count=5259 62 5197 427 366 305 298 282 4770 378 131 88 54 4392 247 4367 89 71 4278 92 4221 53 155 73 61 61 57 82 47
is_linear=0
shrinkage=0.00517761


Tree=169
num_leaves=29
num_cat=0
split_feature=27 14 0 60 60 52 52 65 49 63 49 41 14 53 3 40 4 52 62 40 11 55 1 1 24 38 53 41
split_gain=2.59337 3.9731 4.68431 6.34556 5.14475 4.61316 7.53335 11.8127 10.4766 16.3757 8.16095 8.07518 6.91527 9.32499 6.51541 6.16041 6.11293 6.03645 5.59694 4.36904 9.32873 4.38136 3.9708 5.52164 2.7925 2.59643 1.78025 0.245217
threshold=31.000000000000004 11.500000000000002 31.500000000000004 0.11647286821705422 0.062114197530864161 10.500000000000002 5.5000000000000009 5.5000000000000009 0.41421568627450983 1.5000000000000002 0.5590277777777779 0.55000000000000016 3.5000000000000004 8.5000000000000018 167.50000000000003 35.050000000000004 1.0000000180025095e-35 75.000000000000014 5.5000000000000009 34.45000000000001 1.5000000000000002 0.55000000000000016 46.000000000000007 30.500000000000004 4.5000000000000009 45.000000000000007 1.5000000000000002 1.0500000000000003
decision_type=2 2 2 2 2 2 2 2 2 2 2 2 2 2 2 2 2 2 2 2 2 2 2 2 2 2 2 2
left_child=1 2 5 4 22 6 8 16 9 -1 -9 -10 14 15 17 -14 -8 -7 -15 20 -3 -21 23 -4 -2 -16 -5 -6
right_child=24 19 3 26 27 12 7 10 11 -11 -12 -13 13 18 25 -17 -18 -19 -20 21 -22 -23 -24 -25 -26 -27 -28 -29
leaf_value=-0.0069262393397262929 0.00050747197667203817 -0.0069805555141613353 0.00086921593284213948 0.0029159826948804467 -0.0081003510370101749 0.00088067749638497702 -0.0068156393874154314 0.00099528075945094037 0.0038089024967293472 -0.00020674932576180235 -0.002156414553207951 0.00048558843919179704 -0.0070930509160768724 -0.0016644285417754051 0.0050657187879047279 -0.0014954035856584124 -0.0024002633183043375 -0.00062648749986414769 0.003389875056164446 0.0048571380247767497 0.0026016811892789599 9.2721143511844466e-05 0.0031399680329943702 -0.0063006219753263294 -0.0074210806801009478 0.0010503944278895138 -0.0010367888553302639 -0.0054602945299696126
leaf_weight=10.234209582209585 2.1772093437612048 4.1472962461411935 4.9301929287612456 6.4205928742885572 4.6614524982869616 265.49032360874116 11.940032305195926 51.713646816089749 29.21389433182776 173.50817462801933 38.262650150805712 59.376462534070015 9.4550427384674567 12.305303465574982 11.854851316660644 11.915784094482659 28.512758385390043 97.298286160454154 11.119881320744751 14.00623891502619 7.6395539529621601 8.1909094601869565 3.2228553108870974 6.8042018916457891 2.5383554212749004 6.8395749628543845 5.7208373583853245 2.0522053614258766
leaf_count=92 17 33 36 28 55 1392 113 289 118 1025 260 289 86 76 38 84 217 618 45 45 37 42 16 74 31 39 41 23
internal_value=0 2.02746e-05 -4.81718e-05 -0.00193527 -0.00361039 2.89349e-05 -0.000368368 -0.00139123 0.000121715 -0.000583403 -0.000345525 0.00158358 0.000404331 -0.00151864 0.000630376 -0.00398645 -0.00371264 0.000476407 0.000737398 0.001755 -0.000789589 0.00310477 -0.00190413 -0.00329978 -0.0038029 0.00360584 0.00105754 -0.00735529
internal_weight=0 896.837 862.853 33.8123 21.6709 829.041 402.762 130.429 272.333 183.742 89.9763 88.5904 426.279 44.796 381.483 21.3708 40.4528 362.789 23.4252 33.984 11.7869 22.1971 14.9573 11.7344 4.71556 18.6944 12.1414 6.71366
internal_count=5259 5211 5054 273 204 4781 2403 879 1524 1117 549 407 2378 291 2087 170 330 2010 121 157 70 87 126 110 48 77 69 78
is_linear=0
shrinkage=0.00517761


Tree=170
num_leaves=30
num_cat=0
split_feature=64 32 59 61 47 55 60 3 48 60 38 54 64 39 38 41 45 49 58 41 42 61 53 38 48 49 49 62 60
split_gain=2.8007 3.62067 3.51683 6.67685 11.5884 9.38403 6.09212 6.47371 6.49617 6.17806 4.84661 9.30042 10.338 6.15285 6.8235 10.8267 8.94511 6.30728 5.89106 4.15057 3.25902 4.35101 4.23824 4.24641 3.66385 2.78466 2.68412 4.66437 2.62421
threshold=2.5500000000000003 1.0000000180025095e-35 -74.999999999999986 0.47092630155510479 34.350000000000001 0.45000000000000007 0.21294035577258458 8.5000000000000018 5.7500000000000009 0.15821566110397942 95.000000000000014 35.150000000000013 53.45000000000001 12.500000000000002 55.000000000000007 0.8500000000000002 65.000000000000014 0.77350427350427364 -1.4999999999999998 2.5500000000000003 0.2264957264957265 0.32742946708463955 8.5000000000000018 10.500000000000002 0.25000000000000006 0.65686274509803932 0.2752525252525253 5.5000000000000009 0.13221420643729193
decision_type=2 2 2 2 2 2 2 2 2 2 2 2 2 2 2 2 2 2 2 2 2 2 2 2 2 2 2 2 2
left_child=20 2 10 6 -5 -6 7 8 -4 -9 13 12 25 14 16 -16 -2 18 -15 -7 26 22 23 -22 -23 -12 27 -1 -3
right_child=1 28 3 4 5 19 -8 9 -10 -11 11 -13 -14 17 15 -17 -18 -19 -20 -21 21 24 -24 -25 -26 -27 -28 -29 -30
leaf_value=-0.00187830488298958 0.00078318924004873143 -0.0058585520775530624 -0.0013412348313223475 -0.0062839306998958471 0.0034713028784420404 -0.0080360351247728209 0.0036073945023145019 0.00026515397303583156 0.0063036524797479955 -0.0024611083845346325 -0.0074386967751700877 -0.0058044671923457355 0.0037545363248100848 0.0026330093778726884 0.0052065020643726348 0.00013562261557882667 -0.0053453701890911953 -0.0075055081691748826 -0.0035978890127370982 0.00010048967672725448 0.0031880203994578888 -0.0066243912714325547 0.0050784266845751991 -0.0035807588904632013 0.00020163158452974388 -0.00087245200567766278 0.0052865054983322881 0.0046872047109347854 0.00061323198629779723
leaf_weight=5.9395956993103045 140.74850702658296 4.8604066576808682 134.67651748657227 13.003873456269504 9.7780134528875369 3.7297720313072196 11.457182556390761 408.4939227886498 2.9823529645800582 23.50236140191555 3.5813818201422754 9.1099513247609121 10.861268464475868 8.1513391621410882 23.759479442611337 21.459513626992702 6.621920518577098 4.2443519942462435 7.989745620638133 3.0109058320522308 4.5577839650213736 3.8727646619081479 5.8828231766819945 5.3050294741988182 4.5234845131635666 3.3375493511557579 7.4905596747994414 5.5531318485736847 2.5286604389548302
leaf_count=33 724 79 1011 105 46 40 42 2279 7 140 32 86 42 40 81 109 59 39 59 17 16 32 14 34 22 17 19 17 18
internal_value=0 -6.47636e-05 -3.32638e-05 -0.000241939 -0.00264116 0.000239807 -0.000119754 -0.000195135 -0.00117262 0.000116468 0.000497867 -0.00157079 0.000611565 0.000759487 0.00104595 0.00280385 0.000505498 -0.00194117 -0.000453014 -0.00443518 0.00128647 2.28121e-05 0.00162662 -0.000451841 -0.0029734 -0.0043103 0.00288757 0.00130226 -0.00365729
internal_weight=0 857.889 850.5 610.635 29.5226 16.5187 581.112 569.655 137.659 431.996 239.865 26.8902 17.7802 212.975 192.589 45.219 147.37 20.3854 16.1411 6.74068 43.1252 24.1419 15.7456 9.86281 8.39625 6.91893 18.9833 11.4927 7.38907
internal_count=5259 5072 4975 3687 208 103 3479 3437 1018 2419 1288 177 91 1111 973 190 783 138 99 57 187 118 64 50 54 49 69 50 97
is_linear=0
shrinkage=0.00517761


Tree=171
num_leaves=25
num_cat=0
split_feature=64 32 64 59 61 47 38 54 64 42 39 65 52 21 62 29 60 27 0 4 60 25 65 60
split_gain=2.83829 3.55747 5.51329 3.49447 5.70689 7.42989 4.56224 9.41482 9.96222 6.15436 6.23451 4.50633 8.4518 5.7036 3.02524 3.97063 4.08508 3.80894 6.11745 2.7554 2.64622 2.21426 0.540015 0.00926133
threshold=2.5500000000000003 1.0000000180025095e-35 2.6500000000000008 -74.999999999999986 0.53788748564867983 34.350000000000001 95.000000000000014 35.150000000000013 53.45000000000001 0.06904761904761901 12.500000000000002 11.500000000000002 125.00000000000001 1.0000000180025095e-35 4.5000000000000009 1.0000000180025095e-35 0.14138469547110882 1.0000000180025095e-35 5.5000000000000009 2.5000000000000004 0.13221420643729193 1.0000000180025095e-35 10.500000000000002 0.075974025974025958
decision_type=2 2 2 2 2 2 2 2 2 2 2 2 2 2 2 2 2 2 2 2 2 2 2 2
left_child=14 2 -2 6 11 -6 9 8 -8 19 -11 12 -5 -13 17 16 -16 -1 -19 -4 22 -9 23 -3
right_child=1 20 3 4 5 -7 7 21 -10 10 -12 13 -14 -15 15 -17 -18 18 -20 -21 -22 -23 -24 -25
leaf_value=-0.0040315464602403844 -0.0080476205289105474 -0.0076890368652755003 -0.0077613541251257637 -0.00032303468146956539 -0.0089146456360916105 -0.0003554722148704551 -0.004289437776055601 -0.0074221209337679075 0.0036808921444486734 0.0012096535741056378 -0.0018947887106440637 0.00035942033752462131 -0.0055992771876018669 0.0046963110328323496 -0.0016521916067884807 0.0049287643281129435 0.0034329323649838167 0.0051883849047298283 -0.002592771100981306 -0.00081406682764328931 0.00063552835153779671 -0.0014908845644895762 -0.0030409595658870202 -0.0056117037552595762
leaf_weight=5.3238845132291344 2.2291166074573985 2.0794527269899841 3.0426395647227755 430.08495462499559 4.5539754591882211 6.6239670850336552 6.6960583403706613 6.4437825195491296 11.048875171691177 187.43497181497514 19.048864364624023 151.07171384617686 8.2301932685077173 8.5269862636923772 8.6719410866499 10.02126659825444 8.1569420173764211 5.3466969877481443 5.3617607764899731 3.052274726331234 2.5303868800401688 2.3335698358714581 1.4609360396862028 1.256735512986779
leaf_count=32 23 36 33 2618 41 44 49 66 42 920 128 866 69 32 43 30 31 15 36 25 18 19 20 23
internal_value=0 -6.50324e-05 -3.39338e-05 -1.22409e-05 -0.000220467 -0.00387495 0.000518092 -0.00150417 0.000668222 0.000770813 0.000922717 -0.000151717 -0.000422948 0.000593014 0.0012989 0.00235957 0.000816034 -0.000479521 0.00129983 -0.00432918 -0.00364098 -0.00586878 -0.00587583 -0.0070324
internal_weight=0 857.749 850.422 848.193 609.092 11.1779 239.101 26.5223 17.7449 212.579 206.484 597.914 438.315 159.599 42.8825 26.8501 16.8289 16.0323 10.7085 6.09491 7.32751 8.77735 4.79712 3.33619
internal_count=5259 5072 4975 4952 3670 85 1282 176 91 1106 1048 3585 2687 898 187 104 74 83 51 58 97 85 79 59
is_linear=0
shrinkage=0.00517761


Tree=172
num_leaves=30
num_cat=0
split_feature=48 52 14 52 24 0 62 14 52 38 49 56 53 49 63 6 26 28 46 39 10 38 63 52 38 60 49 31 4
split_gain=2.49446 2.69622 8.39274 7.48852 7.38742 7.29092 7.97092 7.23143 7.08579 7.98606 9.33938 12.5779 6.16822 6.08041 15.9855 10.1058 5.56002 5.45743 7.02677 6.00125 5.95106 11.8265 8.40382 7.46592 9.85168 7.64585 5.4322 5.35229 5.34571
threshold=8.9500000000000011 10.500000000000002 3.5000000000000004 15.500000000000002 5.5000000000000009 10.500000000000002 5.5000000000000009 5.5000000000000009 6.5000000000000009 19.000000000000004 0.5590277777777779 0.56696428571428581 12.500000000000002 0.41421568627450983 1.5000000000000002 1.5000000000000002 2.5000000000000004 1.5000000000000002 3.5000000000000004 7.5000000000000009 1.0000000180025095e-35 105.00000000000001 11.500000000000002 75.000000000000014 65.000000000000014 0.15821566110397942 0.75735294117647067 7.5000000000000009 2.5000000000000004
decision_type=2 2 2 2 2 2 2 2 2 2 2 2 2 2 2 2 2 2 2 2 2 2 2 2 2 2 2 2 2
left_child=1 7 17 28 5 6 -5 8 12 10 11 -10 13 14 -1 -15 -7 20 -19 -20 23 22 -22 25 -25 -3 -11 -9 -4
right_child=-2 2 3 4 -6 16 -8 27 9 26 -12 -13 -14 15 -16 -17 -18 18 19 -21 21 -23 -24 24 -26 -27 -28 -29 -30
leaf_value=-0.0071408201946592835 0.0037473413146718653 0.0013933803809526965 0.0036403043134915392 -0.0041333651884030631 0.0038325026294805196 -0.0051293923143273055 0.0039210374639960192 0.0017127274408732017 -0.0021498336337708326 -0.0070543244776362802 -0.0034117628674231533 0.0030559075478467962 -0.0055442542196126382 -0.00088754330440658812 -0.00024949552763265845 0.0025589802473683023 -0.0008741855385840635 0.0068556343927678523 -0.0038109693747775575 0.0030300290431680655 0.00070632098328669629 -0.0083180369488841839 -0.0062618412241259927 -0.0034753813714657302 0.00045185808706603263 -0.0022599226498393496 0.00042582941907111702 -0.0034457101540722682 -0.0022786559341245426
leaf_weight=9.4703143499791604 4.6707851365208617 215.11520041525364 11.798996899276974 5.6274541728198511 4.8983444012701503 28.146410278975964 7.7497515976428986 60.895755114033818 27.384760353714228 11.198967814445494 30.770754184573889 22.691113039851189 5.5451524369418612 41.185967030003667 167.96245646290481 50.965147566050291 11.671713704243301 8.1098418310284632 4.8695417158305672 11.271788854151962 31.199250664561987 5.6818946972489348 5.3822922315448514 23.903783705085516 59.903362013399601 16.477664820849895 3.3734330013394347 5.8533460460603228 6.1865630559623233
leaf_count=87 16 1094 45 44 18 250 29 286 205 111 233 101 49 223 1007 233 92 23 42 51 162 45 44 212 328 104 22 59 44
internal_value=0 -1.98255e-05 0.000257791 -0.00131184 -0.00221519 -0.00277625 0.000528686 -0.000310588 -0.000593216 -0.00180847 -0.00117014 0.00020988 -0.000171394 -5.95248e-05 -0.000619868 0.001019 -0.00388574 0.000570655 0.00294424 0.000958763 0.000409186 -0.00141382 -0.000328218 0.000653729 -0.000670077 0.00113286 -0.00532824 0.00125733 0.00160315
internal_weight=0 895.291 457.994 76.0792 58.0937 53.1953 13.3772 437.297 370.548 95.419 80.8466 50.0759 275.129 269.584 177.433 92.1511 39.8181 381.915 24.2512 16.1413 357.663 42.2634 36.5815 315.4 83.8071 231.593 14.5724 66.7491 17.9856
internal_count=5259 5243 2627 522 433 415 73 2616 2271 672 539 306 1599 1550 1094 456 342 2105 116 93 1989 251 206 1738 540 1198 133 345 89
is_linear=0
shrinkage=0.00517761


Tree=173
num_leaves=22
num_cat=0
split_feature=27 24 31 42 61 60 5 19 6 45 52 41 61 63 8 63 49 24 41 13 47
split_gain=2.4774 3.8109 8.22665 3.99069 3.73905 6.86864 3.15596 6.66837 7.29507 10.8977 6.36005 6.27148 7.97513 5.27561 4.6543 4.53835 3.92715 2.7811 2.63453 2.02437 0.205412
threshold=31.000000000000004 3.5000000000000004 7.5000000000000009 0.78174603174603186 0.5913729128014843 0.33012820512820518 17.500000000000004 50.000000000000007 7.5000000000000009 85.000000000000014 75.000000000000014 0.25000000000000006 0.082650273224043655 12.500000000000002 2.5000000000000004 6.5000000000000009 0.85164835164835173 4.5000000000000009 1.0500000000000003 8.5000000000000018 34.850000000000001
decision_type=2 2 2 2 2 2 2 2 2 2 2 2 2 2 2 2 2 2 2 2 2
left_child=1 4 18 -4 6 20 7 8 10 -10 -1 14 16 -14 15 -8 -13 -2 -3 -16 -6
right_child=17 2 3 -5 5 -7 11 -9 9 -11 -12 12 13 -15 19 -17 -18 -19 -20 -21 -22
leaf_value=0.00025236128665143142 0.00054042136717752712 0.0052131082601741766 -0.0075554117615853683 0.001767254070728949 -0.0087999611670122688 0.0017488123064402692 -0.00041442779930738838 0.0064302191647954195 -0.0022727181389565485 0.0016878128388530195 -0.0012797422322060618 -0.0070818590751079965 -0.00025085610684463295 0.0043565948385380629 -0.0045751246615206645 0.0047436837918787087 0 -0.0073775892762455572 0.0011164132443011563 0.0016882736474649756 -0.005944204761045133
leaf_weight=590.98873706907034 2.1943410187959662 11.436808906495576 2.9455732889473429 2.0448328219354153 2.6141099296510202 3.70234764367342 5.8280280027538565 4.1025985665619364 83.37111659348011 23.922240220010281 82.744802746921778 5.8351774215698224 28.280155774205923 8.6457259021699411 2.8521183524280778 20.963464520871639 3.2594974152743816 2.5052125155925751 6.7108711525797835 2.5780847445130348 1.9680109769105909
leaf_count=3240 17 37 41 14 29 17 41 12 631 122 554 63 182 38 30 72 19 31 31 18 20
internal_value=0 1.98282e-05 0.00209071 -0.00376121 -3.52917e-05 -0.00348324 -1.9364e-06 -0.000100793 -0.000135648 -0.00138913 6.40803e-05 0.000989226 -0.000237647 0.000833635 0.00273857 0.00362317 -0.00456243 -0.00372315 0.00370803 -0.00161595 -0.00767662
internal_weight=0 894.794 23.1381 4.99041 871.656 8.28447 863.372 785.129 781.027 107.293 673.734 78.2423 46.0206 36.9259 32.2217 26.7915 9.09467 4.69955 18.1477 5.4302 4.58212
internal_count=5259 5211 123 55 5088 66 5022 4559 4547 753 3794 463 302 220 161 113 82 48 68 48 49
is_linear=0
shrinkage=0.00517761


Tree=174
num_leaves=25
num_cat=0
split_feature=64 32 64 12 31 17 57 52 52 6 60 61 41 39 47 62 27 0 29 60 60 30 49 65
split_gain=2.77511 3.54505 3.50907 7.45808 3.6446 6.33715 9.97762 7.20705 6.04935 7.51737 5.54554 5.30745 5.20875 7.83752 5.08006 3.40113 3.83274 6.15487 3.72397 4.56042 2.55507 2.33588 0.927559 0.507042
threshold=2.5500000000000003 1.0000000180025095e-35 2.9500000000000006 1.0000000180025095e-35 13.500000000000002 1.5000000000000002 1.7500000000000002 135.00000000000003 125.00000000000001 1.5000000000000002 0.062114197530864161 0.60208333333333341 0.25000000000000006 5.5000000000000009 35.45000000000001 4.5000000000000009 1.0000000180025095e-35 5.5000000000000009 1.0000000180025095e-35 0.14138469547110882 0.13221420643729193 1.5000000000000002 0.42261904761904762 10.500000000000002
decision_type=2 2 2 2 2 2 2 2 2 2 2 2 2 2 2 2 2 2 2 2 2 2 2 2
left_child=15 2 3 -2 5 8 7 -7 11 -10 -8 -4 21 22 -15 16 -1 -18 19 -17 23 -6 -14 -3
right_child=1 20 4 -5 12 6 10 -9 9 -11 -12 -13 13 14 -16 18 17 -19 -20 -21 -22 -23 -24 -25
leaf_value=-0.0041349035890678211 -0.0084308762807204351 -0.0070113584418794147 0.00027907453845965412 0.00032583535005766429 0.0060121257865953107 -0.0021025969407692238 -0.00098762320636887574 0.0041531876856395512 -0.0054851504891977321 0.00071276840367270932 0.0029939603012807533 -0.0054240098589519725 -0.0082426826197553194 -0.00090732911459056036 0.0036228300408077735 -0.001684100026269414 0.0050928431989072437 -0.0027106995232251451 0.0049041152897262488 0.0036159971651083624 0.00054537235321710739 0.0019540629440467712 -0.0034050669126203708 -0.0030992666530940548
leaf_weight=5.4033324085176018 4.0729329586029035 3.2798758894205085 615.75974060222507 7.0302341915667057 7.1954323537647715 106.80412147380412 16.612276650965214 5.1154056079685679 11.135346643626692 9.8391687348484975 21.38634068518877 4.3396522104740134 2.3983058519661453 13.754484135657551 12.71562199667096 8.7690406441688591 5.3407271951436979 5.3704314194619656 9.9469344988465291 8.5173198059201223 2.5238781645894051 8.1965110413730127 2.1500529311597347 1.4417940527200697
leaf_count=32 42 59 3393 43 22 811 118 21 102 59 92 37 27 96 54 43 15 36 30 31 18 39 19 20
internal_value=0 -6.47825e-05 -3.38398e-05 -0.00291678 4.60617e-06 -7.81754e-05 -0.00103627 -0.00181434 0.000145954 -0.00258434 0.00125445 0.00023858 0.00141371 0.000189488 0.00127226 0.00127706 -0.000606672 0.00118713 0.00239066 0.000930877 -0.00365457 0.00386908 -0.00603865 -0.00587722
internal_weight=0 855.751 848.506 11.1032 837.402 790.992 149.918 111.92 641.074 20.9745 37.9986 620.099 46.4104 31.0185 26.4701 43.3478 16.1145 10.7112 27.2333 17.2864 7.24555 15.3919 4.54836 4.72167
internal_count=5259 5072 4975 85 4890 4633 1042 832 3591 161 210 3430 257 196 150 187 83 51 104 74 97 61 46 79
is_linear=0
shrinkage=0.00517761


Tree=175
num_leaves=30
num_cat=0
split_feature=64 32 59 61 47 55 61 3 64 15 60 38 54 64 42 39 49 38 58 61 62 19 57 29 60 49 4 60 36
split_gain=2.78918 3.43005 3.47884 6.00539 10.5588 8.81837 5.82917 7.14098 6.5217 5.43053 4.96302 4.36754 9.15173 9.03067 5.89578 5.82363 5.88268 5.77489 4.10883 3.15314 3.11499 3.91175 3.79524 3.50389 4.16965 3.06278 2.80603 2.60179 2.33465
threshold=2.5500000000000003 1.0000000180025095e-35 -74.999999999999986 0.47092630155510479 34.350000000000001 0.45000000000000007 0.40175438596491231 8.5000000000000018 22.650000000000002 1.5000000000000002 0.10987804878048781 95.000000000000014 35.150000000000013 53.45000000000001 0.06904761904761901 12.500000000000002 0.77350427350427364 55.000000000000007 -4.4999999999999991 0.42956349206349209 4.5000000000000009 17.500000000000004 -1.0000000180025095e-35 1.0000000180025095e-35 0.14138469547110882 0.65686274509803932 2.5000000000000004 0.13221420643729193 -1.0000000180025095e-35
decision_type=2 2 2 2 2 2 2 2 2 2 2 2 2 2 2 2 2 2 2 2 2 2 2 2 2 2 2 2 2
left_child=20 2 11 6 28 -6 7 8 -4 -9 -8 14 13 25 26 17 -17 -16 -7 -12 21 22 -1 24 -22 -13 -2 -3 -5
right_child=1 27 3 4 5 18 10 9 -10 -11 19 12 -14 -15 15 16 -18 -19 -20 -21 23 -23 -24 -25 -26 -27 -28 -29 -30
leaf_value=-0.005787937313773318 -0.0077706717522792214 -0.0058714247918191451 -0.0028082216947193607 -0.0030963158799114498 0.0033055640976954476 0.00063896033081119142 -0.0021544727770683929 0.0026798208935764453 -0.00042551052919975632 -4.1655135499065419e-05 0.0058706714935392104 -0.0075805100172566045 -0.005809878804641201 0.0035137416833155464 0.00066109451733342771 -0.00031156674318474063 -0.0072611628840285212 0.0027990317170676154 -0.0076155724768474454 0.0017266667759806848 -0.0015816407656398068 0.0026816168733772481 0.00062283959301743554 0.0047876113145688143 0.0035070635139887174 -0.00051483163038583358 -0.00073280593438829124 0.00060134906237421012 -0.0078663226426360817
leaf_weight=4.8336683176457873 2.9968692809343329 4.6719991732388726 47.981412842869759 4.4235654845833796 9.7284734547138232 2.6433085612952718 5.3200601711869266 20.601882020011544 85.861734002828598 401.27880783192813 8.35987611487508 3.31118673086167 8.7114134021103364 11.028277512639759 142.4344275854528 15.004165511578323 4.1103263944387427 44.402717269957066 4.0525890029966813 12.049595538526772 8.7052725926041656 6.1842308677732936 4.977443639189004 9.9415657408535463 8.4402153715491277 3.2291921079158783 3.0460296124219894 2.5467173233628273 7.8414856642484665
leaf_count=33 33 79 420 22 46 16 40 94 580 2266 23 32 86 42 741 90 38 184 41 56 43 23 27 30 31 17 25 18 83
internal_value=0 -6.47657e-05 -3.4381e-05 -0.000241574 -0.0025513 0.000166245 -0.000127323 -0.00023899 -0.00128069 9.16304e-05 0.00227875 0.000496069 -0.00149234 0.000661971 0.000742977 0.000891424 -0.00182616 0.00117002 -0.0043818 0.00343783 0.0012844 -0.00052589 -0.00255264 0.00235229 0.000926915 -0.00413286 -0.00427034 -0.00360241 -0.00617223
internal_weight=0 855.636 848.417 610.143 28.6894 16.4244 581.453 555.724 133.843 421.881 25.7295 238.275 26.2801 17.5687 211.995 205.952 19.1145 186.837 6.6959 20.4095 43.0824 15.9953 9.81111 27.0871 17.1455 6.54038 6.0429 7.21872 12.2651
internal_count=5259 5072 4975 3687 208 103 3479 3360 1000 2360 119 1288 177 91 1111 1053 128 925 57 79 187 83 60 104 74 49 58 97 105
is_linear=0
shrinkage=0.00517761


Tree=176
num_leaves=30
num_cat=0
split_feature=2 8 15 60 62 54 2 47 39 61 40 59 30 4 45 18 63 52 53 46 17 59 52 38 52 42 60 39 58
split_gain=2.51334 8.57506 6.67858 10.0382 8.22515 9.17011 8.04779 9.24441 8.72994 9.09609 7.41498 6.60914 5.81146 5.70464 7.57946 5.54807 5.63772 4.89853 6.9199 12.6004 4.97542 11.7904 6.87208 4.84886 4.41246 4.29357 3.76545 3.71688 3.25407
threshold=32.500000000000007 1.5000000000000002 47.500000000000007 0.10987804878048781 4.5000000000000009 34.350000000000001 18.500000000000004 35.750000000000007 4.5000000000000009 0.19248412138320398 36.45000000000001 1.0000000180025095e-35 2.5000000000000004 2.5000000000000004 17.500000000000004 1.5000000000000002 4.5000000000000009 10.500000000000002 9.5000000000000018 14.500000000000002 1.5000000000000002 135.00000000000003 125.00000000000001 13.500000000000002 5.5000000000000009 0.42261904761904762 0.021980676328502403 1.5000000000000002 5.5000000000000009
decision_type=2 2 2 2 2 2 2 2 2 2 2 2 2 2 2 2 2 2 2 2 2 2 2 2 2 2 2 2 2
left_child=2 15 6 4 5 -4 12 8 9 -8 -5 26 17 -10 -15 16 -2 18 23 -20 22 -22 -19 -1 -9 -18 -7 -3 -14
right_child=1 27 3 10 -6 11 7 24 13 -11 -12 -13 28 14 -16 -17 25 20 19 -21 21 -23 -24 -25 -26 -27 -28 -29 -30
leaf_value=0.00014292778665026803 -0.0037317783003132017 0.00093777457113158338 -0.0066464085735077902 -0.0011614955599971975 -0.0058885431636787559 0.0043022147493581757 0.0039277569307142766 0.0024231055425054417 0.0067269136670505885 -0.0082609508743855305 0.0044965721102888621 -0.0053948943523906591 0.001042441663068202 -0.002947236055730463 0.0052240867002743465 0.0051772761194157713 -0.001031625432669806 0.00079904708058183992 -0.0039108981409973131 0.0025587918784657085 0.00014276761876025007 -0.0049000066224220758 -0.0023605539031333897 -0.001286572406381943 -0.0049044170505806867 0.0035874528699571173 -0.0010381586755576805 -0.0070317906984155949 0.0055386186002680119
leaf_weight=211.69454535655677 5.6602268666029003 2.4092531353235236 6.2337531968951252 17.291185148060325 17.501968421041965 8.7977107986807841 3.3290970064699641 3.3655338585376722 15.873106904327871 3.1172008477151394 9.6043350920081121 3.8510457985103121 10.837753590196373 4.9174217805266363 7.774490550160408 11.071073886007069 8.2091439068317431 275.55327735096216 35.472230928018689 10.389558155089615 60.115748651325703 15.601165505126117 19.713596612215042 90.859069483354688 6.1347789503633976 15.524848021566866 5.8541126735508433 4.3509110137820244 7.1518923193216315
leaf_count=1196 40 15 61 109 189 38 18 16 36 31 33 34 57 31 25 37 50 1442 281 52 353 142 151 608 50 56 45 46 17
internal_value=0 0.00116177 -6.45541e-05 -0.00160627 -0.00317879 -0.00125074 7.18789e-05 0.00220819 0.00343618 -0.00198948 0.000864863 0.000584007 -5.7256e-05 0.00466255 0.00205886 0.00206458 0.000883038 -0.000130068 -0.000570885 -0.00244356 0.000283947 -0.000899574 0.000587596 -0.000286531 -0.00230924 0.00199115 0.00217303 -0.00420916 0.00284396
internal_weight=0 47.2255 851.035 69.1341 42.2386 24.7366 781.9 44.5116 35.0113 6.4463 26.8955 18.5029 737.389 28.565 12.6919 40.4653 29.3942 719.399 348.415 45.8618 370.984 75.7169 295.267 302.554 9.50031 23.734 14.6518 6.76016 17.9896
internal_count=5259 244 5015 509 367 178 4506 207 141 49 142 117 4299 92 56 183 146 4225 2137 333 2088 495 1593 1804 66 106 83 61 74
is_linear=0
shrinkage=0.00517761


Tree=177
num_leaves=30
num_cat=0
split_feature=55 62 30 1 49 38 60 64 19 53 3 40 57 6 3 58 13 56 15 62 64 60 63 61 0 60 52 46 19
split_gain=2.57959 9.32116 6.48518 4.88619 7.43054 6.49035 7.90404 5.97774 4.51787 4.4079 9.54824 10.0617 6.3825 6.50707 6.05522 8.7497 11.3479 13.5208 8.47184 6.62769 5.07244 4.95796 9.6771 11.0427 9.20281 8.02264 10.5745 9.01661 4.73676
threshold=2.3500000000000001 7.5000000000000009 1.0000000180025095e-35 4.5000000000000009 0.4330357142857143 65.000000000000014 0.060423512230741112 126.10000000000001 11.500000000000002 10.500000000000002 14.500000000000002 43.750000000000007 3.7500000000000004 1.5000000000000002 16.500000000000004 -1.4999999999999998 2.5000000000000004 0.21825396825396823 36.500000000000007 7.5000000000000009 353.45000000000005 0.10987804878048781 7.5000000000000009 0.18230694037145653 5.5000000000000009 0.14608739837398374 3.5000000000000004 2.5000000000000004 1.5000000000000002
decision_type=2 2 2 2 2 2 2 2 2 2 2 2 2 2 2 2 2 2 2 2 2 2 2 2 2 2 2 2 2
left_child=9 2 3 4 -2 6 -6 8 -5 12 11 28 20 -14 -12 19 17 -17 -18 -16 21 22 23 -1 -24 27 -27 -23 -11
right_child=1 -3 -4 7 5 -7 -8 -9 -10 10 14 -13 13 -15 15 16 18 -19 -20 -21 -22 25 24 -25 -26 26 -28 -29 -30
leaf_value=0.001151671103182551 0.0037014390031270849 0.0043327113365566336 -0.0047388616651117465 -0.0081134995349310089 -3.9962503236482069e-06 0.003707470071373817 -0.007812950169714351 0.0016533217829341909 0.00036825904930844867 -0.0070235345038993447 0.0052880674390953109 0.0050229659735929848 -0.0018575361085857993 0.0046531722804313957 -0.004605191314237189 0.0035524792061460858 0.0045296254479118229 -0.0032128104052761238 -0.0016403628176858117 0.0013467876096799791 0.0032186059627603123 -0.00064243659499342923 -0.0003835190588599535 -0.00098698018586529921 -0.002669676895786335 0.0014829633240074362 -0.0020096563024293978 0.0031068925032043779 -0.0027326649350460632
leaf_weight=163.08226666040719 20.154775224626064 16.597433652728796 6.8813054114580146 4.9037829637527448 11.717523142695432 6.6553817410022011 4.8742355778813353 6.064438097178936 2.5357611812651157 10.871478345245125 5.1427931003272525 3.4041116163134566 5.5912390947341946 15.197423052042721 18.827897842973474 10.916625093668697 22.246090617030863 28.354099718853831 8.1022547297179681 6.7915172167122355 12.745734095573424 25.330857958644629 135.04712822288275 107.21825365535915 72.529146682471037 44.321417078375816 48.709734138101339 53.323393136262894 19.115057602524757
leaf_count=864 73 64 62 51 69 27 48 30 17 105 19 10 39 54 163 42 77 181 57 30 54 155 844 659 570 201 318 226 150
internal_value=0 0.000884594 -1.60803e-05 0.000559763 0.00140597 -0.00058877 -0.00232031 -0.00215316 -0.00524401 -8.71138e-05 -0.000946336 -0.00334179 8.12164e-05 0.00290148 -0.000147786 -0.00044484 0.00050755 -0.00132922 0.00288223 -0.00302775 -7.5794e-06 -7.12133e-05 -0.000342351 0.000303293 -0.00118295 0.000683293 -0.000345791 0.00189982 -0.00430051
internal_weight=0 80.3846 63.7872 56.9059 43.4019 23.2471 16.5918 13.504 7.43954 816.869 133.772 33.3906 683.097 20.7887 100.381 95.2385 69.6191 39.2707 30.3483 25.6194 662.308 649.562 477.877 270.301 207.576 171.685 93.0312 78.6543 29.9865
internal_count=5259 441 377 315 217 144 117 98 68 4818 834 265 3984 93 569 550 357 223 134 193 3891 3837 2937 1523 1414 900 519 381 255
is_linear=0
shrinkage=0.00517761


Tree=178
num_leaves=30
num_cat=0
split_feature=2 8 15 60 62 54 2 47 40 39 61 4 45 59 30 18 63 52 53 49 17 59 52 49 42 25 39 60 58
split_gain=2.55602 8.02961 6.45846 9.38161 8.25305 8.79086 7.5305 8.03142 7.02781 6.92457 8.28673 6.79314 9.35217 6.37332 5.7577 5.39159 5.17371 5.00539 6.84886 12.3038 5.23582 11.2196 6.57644 4.81363 4.05386 3.9944 3.49743 3.48499 3.45693
threshold=32.500000000000007 1.5000000000000002 47.500000000000007 0.10987804878048781 4.5000000000000009 34.350000000000001 18.500000000000004 35.550000000000004 36.350000000000001 4.5000000000000009 0.1867399267399267 2.5000000000000004 17.500000000000004 1.0000000180025095e-35 2.5000000000000004 1.5000000000000002 4.5000000000000009 10.500000000000002 9.5000000000000018 0.30384615384615393 1.5000000000000002 135.00000000000003 125.00000000000001 0.41421568627450983 0.42261904761904762 1.5000000000000002 1.5000000000000002 0.021980676328502403 5.5000000000000009
decision_type=2 2 2 2 2 2 2 2 2 2 2 2 2 2 2 2 2 2 2 2 2 2 2 2 2 2 2 2 2
left_child=2 15 6 4 5 -4 14 9 -5 10 -8 -11 -13 27 17 16 -2 18 23 -20 22 -22 -19 -1 -18 -9 -3 -7 -16
right_child=1 26 3 8 -6 13 7 25 -10 11 -12 12 -14 -15 28 -17 24 20 19 -21 21 -23 -24 -25 -26 -27 -28 -29 -30
leaf_value=-0.00079793784278579393 -0.0035651237461576789 0.0009334641218413242 -0.0065172635823313911 -0.0011926674153698513 -0.0058658081421525295 0.0041592311173660251 0.0040717931823402269 -0.0048713516089188948 0.0042989737004996316 0.0068106587812803423 -0.0078760133521393223 -0.003519311249644001 0.005417652092131334 -0.0053349750316111291 0.00098989390493439125 0.0051199157897966344 -0.00099082132646147051 0.00080832713091602527 0.00099531994599481389 -0.0045390823498091372 8.9738952560304805e-05 -0.0048524938810159358 -0.0022852070689823199 0.00055172518495295636 0.0034985908507952192 0.001446165441374781 -0.0068280371246542846 -0.00096296166188875206 0.005637582629548105
leaf_weight=188.86204155348241 5.6069660410285023 2.400497253984212 6.1632175259292152 17.169305797666315 17.171725176274776 8.9058160334825534 3.217802330851554 5.4167787320911867 9.7351707033812982 15.03774629533291 2.8956053592264652 5.354694936424492 7.402679942548275 3.7995285466313353 10.859751094132664 11.035503547638653 8.2266247570514697 275.21513779833913 17.307130817323923 28.343182735145092 59.745556255802512 15.442918160930274 19.679313654080033 113.27469653449953 15.440999262034891 5.2060680910944939 4.2799094282090664 5.8668139465153208 7.0684028640389434
leaf_count=1198 40 15 61 108 189 38 17 43 34 34 30 31 23 34 57 37 50 1442 96 237 353 142 151 606 56 29 46 45 17
internal_value=0 0.0011746 -6.50875e-05 -0.00158489 -0.00311492 -0.00119443 6.90491e-05 0.00213495 0.000799909 0.00336421 -0.00161012 0.00445972 0.00166729 0.00058853 -5.61548e-05 0.00204688 0.000879337 -0.000128661 -0.000574595 -0.00244234 0.000290422 -0.000928645 0.000601401 -0.000291905 0.00193948 -0.00178495 -0.00405646 0.00212941 0.00283659
internal_weight=0 46.9905 849.141 68.8116 41.9071 24.7354 780.33 44.5314 26.9045 33.9085 6.11341 27.7951 12.7574 18.5722 735.798 40.3101 29.2746 717.87 347.787 45.6503 370.083 75.1885 294.894 302.137 23.6676 10.6228 6.68041 14.7726 17.9282
internal_count=5259 244 5015 509 367 178 4506 207 142 135 47 88 54 117 4299 183 146 4225 2137 333 2088 495 1593 1804 106 72 61 83 74
is_linear=0
shrinkage=0.00517761


Tree=179
num_leaves=30
num_cat=0
split_feature=55 62 30 47 54 15 62 53 3 40 57 6 3 58 13 56 15 62 64 19 61 60 63 61 58 65 64 60 47
split_gain=2.61186 8.41762 6.18203 5.29607 5.06659 9.04533 6.32441 4.49534 9.45856 10.0758 6.05724 6.37416 5.71952 7.84739 10.4709 13.0304 8.05914 6.16051 4.74815 4.63686 4.51689 4.49734 9.27707 10.3236 9.21088 7.65979 7.40034 5.31129 3.78114
threshold=2.3500000000000001 7.5000000000000009 1.0000000180025095e-35 13.65 43.050000000000004 15.500000000000002 2.5000000000000004 10.500000000000002 14.500000000000002 43.750000000000007 3.7500000000000004 1.5000000000000002 16.500000000000004 -1.4999999999999998 2.5000000000000004 0.21825396825396823 36.500000000000007 7.5000000000000009 353.45000000000005 1.5000000000000002 0.18016393442622952 0.10987804878048781 7.5000000000000009 0.18230694037145653 -4.4999999999999991 8.5000000000000018 7.8500000000000005 0.1437177280550774 35.45000000000001
decision_type=2 2 2 2 2 2 2 2 2 2 2 2 2 2 2 2 2 2 2 2 2 2 2 2 2 2 2 2 2
left_child=7 2 3 -2 5 6 -5 10 9 19 18 -12 -10 17 15 -15 -16 -14 21 -9 28 22 23 -1 -24 26 -23 -27 -21
right_child=1 -3 -4 4 -6 -7 -8 8 12 -11 11 -13 13 14 16 -17 -18 -19 -20 20 -22 25 24 -25 -26 27 -28 -29 -30
leaf_value=0.0011263059558904763 0.006720789201988959 0.0041754383297993216 -0.0045906895470915537 0.0032840556370856847 0.004920905575888492 -0.0057734759349117436 -0.00094512003394988644 -0.0070322297866987817 0.0051530284660557873 0.0051727277418632386 -0.0018677259677369294 0.0045767831886635068 -0.0044546996649042561 0.0034647649590058222 0.0043519531028063212 -0.0031664506897448623 -0.001665527414811806 0.001307535466571268 0.0031243725975912085 0.0022963958263533535 -0.0063442317248542371 0.0009500965058521708 -0.0045060590581097312 -0.00094242507023130731 -0.00079359575425229248 0.0039922212664478549 -0.0016209023976451577 4.1873873628580059e-06 -0.003388313638461227
leaf_weight=163.24599311128259 3.4832249581813803 16.528911884874105 6.8406330235302439 14.765730541199444 5.380674470216035 6.9666518084704867 26.206268539652228 10.713972341269256 5.0770662389695635 3.2808018326759329 5.6000549271702793 15.118006154894827 18.553870987147096 10.963438369333742 22.098866783082489 28.35692461207509 8.122010260820387 6.7503957152366629 12.685233619064091 5.3926360160112399 6.2373183928430072 85.714696489274502 19.753761373460293 106.99424570053816 187.20351989008486 26.318148817867041 46.098583854734898 13.554403591901062 7.3163046054542065
leaf_count=864 8 64 62 61 18 66 162 105 19 10 39 54 163 42 77 181 57 30 54 30 61 438 192 659 1222 98 290 74 59
internal_value=0 0.000891309 3.48461e-05 0.000596678 0.000188672 -0.000348414 0.00058172 -8.77277e-05 -0.000958789 -0.00336183 8.19652e-05 0.00283418 -0.000164835 -0.000452949 0.000445826 -0.00131466 0.00273444 -0.0029179 -4.49141e-06 -0.00431545 -0.00275973 -6.59791e-05 -0.000324534 0.000307198 -0.0011493 0.000652487 5.05475e-05 0.0026389 -0.000976365
internal_weight=0 80.1721 63.6432 56.8026 53.3193 47.9387 40.972 815.15 132.864 32.941 682.287 20.7181 99.9226 94.8455 69.5412 39.3204 30.2209 25.3043 661.569 29.6602 18.9463 648.883 477.198 270.24 206.957 171.686 131.813 39.8726 12.7089
internal_count=5259 441 377 315 307 289 223 4818 834 265 3984 93 569 550 357 223 134 193 3891 255 150 3837 2937 1523 1414 900 728 172 89
is_linear=0
shrinkage=0.00517761


end of trees

feature_importances:
current_odds=287
jockey_win_rate=240
corner_ratio_1=233
corner_ratio_2=197
jockey_place_rate=177
agari_2=171
agari_3=169
weight_change=164
agari_1=154
dist_change=154
ninki_1=134
margin_1=134
rank_trend=130
corner_ratio_3=129
margin_2=119
mf_courseout=116
margin_3=113
ninki_3=107
umaban=107
current_popularity=104
waku=96
f_courseout=89
f_classout=89
mf_course1=84
f_course3=82
result_3=81
ninki_2=74
f_course1=71
mf_classout=71
result_2=70
f_course2=69
f_class1=58
mf_classout.1=57
result_1=55
f_mf_courseout=54
f_len3=54
f_lenout=49
mf_course3=43
mf_course2=41
f_len2=39
f_len1=38
f_mf_class1=38
mf_class3=34
mf_len2=27
mf_len3=25
f_mf_classout=25
mf_class1=24
mf_class2=24
f_mf_course1=16
f_mf_class2=16
mf_len1=15
f_mf_len1=15
f_class3=12
f_mf_classout.1=12
f_mf_course3=11
f_mf_course2=10
f_class2=10
f_mf_len3=5
f_mf_len2=4
time_df_course1=3
time_df_course2=3

parameters:
[boosting: gbdt]
[objective: lambdarank]
[metric: ndcg]
[tree_learner: serial]
[device_type: cpu]
[data_sample_strategy: bagging]
[data: ]
[valid: ]
[num_iterations: 180]
[learning_rate: 0.00517761]
[num_leaves: 30]
[num_threads: 16]
[seed: 0]
[deterministic: 0]
[force_col_wise: 1]
[force_row_wise: 0]
[histogram_pool_size: -1]
[max_depth: 7]
[min_data_in_leaf: 23]
[min_sum_hessian_in_leaf: 0.001]
[bagging_fraction: 1]
[pos_bagging_fraction: 1]
[neg_bagging_fraction: 1]
[bagging_freq: 0]
[bagging_seed: 7719]
[feature_fraction: 1]
[feature_fraction_bynode: 1]
[feature_fraction_seed: 2437]
[extra_trees: 0]
[extra_seed: 11797]
[early_stopping_round: 0]
[first_metric_only: 0]
[max_delta_step: 0]
[lambda_l1: 0.00104105]
[lambda_l2: 0.0661435]
[linear_lambda: 0]
[min_gain_to_split: 0]
[drop_rate: 0.1]
[max_drop: 50]
[skip_drop: 0.5]
[xgboost_dart_mode: 0]
[uniform_drop: 0]
[drop_seed: 21238]
[top_rate: 0.2]
[other_rate: 0.1]
[min_data_per_group: 100]
[max_cat_threshold: 32]
[cat_l2: 10]
[cat_smooth: 10]
[max_cat_to_onehot: 4]
[top_k: 20]
[monotone_constraints: ]
[monotone_constraints_method: basic]
[monotone_penalty: 0]
[feature_contri: ]
[forcedsplits_filename: ]
[refit_decay_rate: 0.9]
[cegb_tradeoff: 1]
[cegb_penalty_split: 0]
[cegb_penalty_feature_lazy: ]
[cegb_penalty_feature_coupled: ]
[path_smooth: 0]
[interaction_constraints: ]
[verbosity: -1]
[saved_feature_importance_type: 0]
[use_quantized_grad: 0]
[num_grad_quant_bins: 4]
[quant_train_renew_leaf: 0]
[stochastic_rounding: 1]
[linear_tree: 0]
[max_bin: 255]
[max_bin_by_feature: ]
[min_data_in_bin: 3]
[bin_construct_sample_cnt: 200000]
[data_random_seed: 38]
[is_enable_sparse: 1]
[enable_bundle: 1]
[use_missing: 1]
[zero_as_missing: 0]
[feature_pre_filter: 1]
[pre_partition: 0]
[two_round: 0]
[header: 0]
[label_column: ]
[weight_column: ]
[group_column: ]
[ignore_column: ]
[categorical_feature: ]
[forcedbins_filename: ]
[precise_float_parser: 0]
[parser_config_file: ]
[objective_seed: 8855]
[num_class: 1]
[is_unbalance: 0]
[scale_pos_weight: 1]
[sigmoid: 1]
[boost_from_average: 1]
[reg_sqrt: 0]
[alpha: 0.9]
[fair_c: 1]
[poisson_max_delta_step: 0.7]
[tweedie_variance_power: 1.5]
[lambdarank_truncation_level: 30]
[lambdarank_norm: 1]
[label_gain: ]
[lambdarank_position_bias_regularization: 0]
[eval_at: 1,2,3,4,5]
[multi_error_top_k: 1]
[auc_mu_weights: ]
[num_machines: 1]
[local_listen_port: 12400]
[time_out: 120]
[machine_list_filename: ]
[machines: ]
[gpu_platform_id: -1]
[gpu_device_id: -1]
[gpu_use_dp: 0]
[num_gpu: 1]

end of parameters

pandas_categorical:[]
