,race_id,f_course1,f_course2,f_course3,f_courseout,mf_course1,mf_course2,mf_course3,mf_courseout,f_mf_course1,f_mf_course2,f_mf_course3,f_mf_courseout,f_len1,f_len2,f_len3,f_lenout,mf_len1,mf_len2,mf_len3,mf_classout,f_mf_len1,f_mf_len2,f_mf_len3,f_mf_classout,f_class1,f_class2,f_class3,f_classout,mf_class1,mf_class2,mf_class3,mf_classout,f_mf_class1,f_mf_class2,f_mf_class3,f_mf_classout,time_df_course1,time_df_class1,ninki_1,result_1,agari_1,margin_1,corner_ratio_1,time_df_course2,time_df_class2,ninki_2,result_2,agari_2,margin_2,corner_ratio_2,time_df_course3,time_df_class3,ninki_3,result_3,agari_3,margin_3,corner_ratio_3,rank_trend,weight_change,dist_change,jockey_win_rate,jockey_place_rate,waku,umaban,current_odds,current_popularity,father_cat,mother_father_cat,paternal_gf_cat,time_df_course4,time_df_class4,ninki_4,result_4,agari_4,margin_4,corner_ratio_4,time_df_course5,time_df_class5,ninki_5,result_5,agari_5,margin_5,corner_ratio_5,rank_trend_5,win_rate_recent5,kinryo,days_since_last_race,n_horses_today,n_horses_1,horse_weight_abs_1,corner_chase_1,corner_chase_2,corner_chase_3,corner_chase_4,corner_chase_5,agari_trend_5,time_diff_trend_5
0,202110010106,0,0,1,4,5,2,5,58,0,0,0,0,0,0,0,2,1,0,1,17,0,0,0,0,0,0,0,1,0,0,1,8,0,0,0,0,0.0,0.0,50.0,3.0,34.4,0.2,0.6666666666666666,,,,,,,,,,,,,,,,,0.0,0.045454545454545456,0.36363636363636365,7,13,3.7,2.0,1507,1428,593,,,,,,,,,,,,,,,,1.0,56.0,34.0,16.0,12.0,466.0,0.0,,,,,,
1,202110010106,0,0,0,8,1,1,0,30,0,0,0,0,0,0,0,3,0,1,0,6,0,0,0,0,0,0,0,2,0,0,0,2,0,0,0,0,0.0,0.0,6.0,,,,0.42857142857142855,0.0,0.0,7.0,8.0,13.3,1.9,1.0,0.0,0.0,2.0,1.0,13.2,0.0,0.5,-7.0,12.0,-1340.0,,,3,6,14.9,6.0,1343,1376,1428,0.0,0.0,1.0,2.0,13.2,0.3,0.7142857142857143,0.0,0.0,1.0,3.0,13.1,0.3,0.2857142857142857,-1.4,0.75,56.0,-805.0,16.0,7.0,462.0,0.14285714285714285,-0.38461538461538464,-0.375,-0.35714285714285715,-0.07142857142857142,0.06000000000000032,0.0
2,202110010106,15,7,8,83,7,4,7,49,1,0,1,5,1,1,2,21,2,1,2,10,0,0,1,1,0,1,1,15,1,1,2,5,0,0,1,1,0.0,0.0,8.0,10.0,13.9,10.9,0.6923076923076923,0.0,0.0,9.0,9.0,35.4,1.2,0.9090909090909091,0.0,0.0,9.0,9.0,34.7,0.6,0.5833333333333334,-0.5,-18.0,-950.0,0.0,0.0,6,12,9.0,4.0,1716,1294,1167,0.0,0.0,6.0,8.0,37.0,2.4,0.9,0.0,0.0,8.0,7.0,38.4,1.4,0.6666666666666666,-0.7,0.0,55.0,-456.0,16.0,13.0,484.0,0.15384615384615385,0.0,0.08333333333333333,-0.1,0.0,-5.0600000000000005,0.0
3,202110010106,0,0,0,7,5,2,5,58,0,0,0,0,0,0,0,1,1,0,1,17,0,0,0,0,0,0,0,0,0,0,1,8,0,0,0,0,0.0,0.0,15.0,16.0,38.4,4.7,0.125,0.0,0.0,14.0,17.0,37.7,2.0,0.1111111111111111,0.0,0.0,7.0,13.0,36.8,3.9,0.6923076923076923,-1.5,-2.0,200.0,0.05128205128205128,0.23076923076923078,8,15,18.1,8.0,1426,1428,306,0.0,0.0,7.0,3.0,36.2,0.2,0.0625,0.0,0.0,5.0,4.0,34.0,0.3,0.1,-3.8,0.2,54.0,-1379.0,16.0,16.0,472.0,0.0,0.0,0.0,0.0,0.0,1.0299999999999998,0.0
4,202110010106,21,21,21,102,10,5,7,57,0,2,1,7,9,7,7,29,2,0,2,15,0,0,1,2,1,1,2,11,1,0,1,6,0,0,0,2,0.0,0.0,3.0,7.0,37.2,0.4,0.5,0.0,0.0,6.0,4.0,36.8,0.5,0.42857142857142855,0.0,0.0,4.0,6.0,36.0,0.4,0.5625,-0.5,-2.0,-200.0,0.1,0.23333333333333334,4,7,2.6,1.0,1428,1167,1263,0.0,0.0,5.0,7.0,35.1,0.7,0.26666666666666666,0.0,0.0,4.0,9.0,35.1,1.1,0.7222222222222222,0.7,0.0,54.0,-204.0,16.0,16.0,426.0,0.0,0.14285714285714285,-0.1875,0.0,-0.1111111111111111,0.5899999999999999,0.0
5,202110010106,7,4,3,27,1,1,0,8,0,0,0,0,3,1,3,7,0,0,0,0,0,0,0,0,2,0,1,1,0,0,0,0,0,0,0,0,0.0,0.0,9.0,13.0,38.2,2.0,0.625,0.0,0.0,13.0,11.0,35.2,1.5,1.0,0.0,0.0,11.0,10.0,37.5,1.3,0.9375,-1.5,-4.0,650.0,0.5,1.0,5,10,68.4,9.0,1167,1620,460,0.0,0.0,11.0,7.0,35.7,0.7,0.625,0.0,0.0,7.0,5.0,36.6,1.0,0.9090909090909091,-2.0,0.0,56.0,-1176.0,16.0,16.0,470.0,0.0,0.0,-0.125,-0.125,0.09090909090909091,0.2700000000000003,0.0
6,202110010106,0,2,3,6,5,2,5,58,0,0,0,0,0,0,1,2,1,0,1,17,0,0,0,0,0,0,0,1,0,0,1,8,0,0,0,0,0.0,0.0,60.0,60.0,36.4,1.2,0.5555555555555556,0.0,0.0,110.0,70.0,37.0,1.0,0.6428571428571429,0.0,0.0,100.0,140.0,40.0,3.1,0.25,40.0,-5.0,950.0,0.0,0.0,1,1,227.6,14.0,1677,1428,1167,0.0,0.0,140.0,70.0,37.3,1.2,0.5,0.0,0.0,170.0,170.0,36.6,2.0,0.7222222222222222,22.0,0.0,54.0,-351.0,16.0,9.0,423.0,0.0,0.14285714285714285,0.25,0.0625,-0.1111111111111111,-0.07000000000000028,0.0
7,202110010106,15,7,8,83,0,2,1,22,0,0,0,2,1,1,2,21,0,1,0,6,0,0,0,1,0,1,1,15,0,0,0,4,0,0,0,1,0.0,0.0,14.0,13.0,37.5,1.9,0.9375,0.0,0.0,14.0,9.0,36.8,1.3,0.4375,0.0,0.0,14.0,10.0,37.3,0.6,0.14285714285714285,-1.5,6.0,600.0,0.0,0.16666666666666666,7,14,90.6,11.0,1716,1362,1167,0.0,0.0,12.0,10.0,40.9,2.7,0.26666666666666666,0.0,0.0,15.0,7.0,37.4,0.7,0.875,-1.1,0.0,54.0,-1106.0,16.0,16.0,492.0,0.0,-0.125,0.07142857142857142,0.13333333333333333,-0.125,-0.38999999999999985,0.0
8,202110010106,0,1,1,14,7,11,6,84,0,0,0,0,0,0,0,1,1,0,2,13,0,0,0,0,0,0,0,1,0,0,1,6,0,0,0,0,0.0,0.0,12.0,12.0,36.0,1.1,0.3888888888888889,0.0,0.0,14.0,12.0,38.7,2.2,0.875,0.0,0.0,11.0,7.0,36.3,0.9,0.9166666666666666,-2.5,0.0,-200.0,,,4,8,83.3,10.0,1441,1556,1167,0.0,0.0,8.0,11.0,42.4,2.8,0.4666666666666667,0.0,0.0,11.0,10.0,37.3,2.0,0.75,-0.5,0.0,53.0,-225.0,16.0,18.0,472.0,0.2222222222222222,-0.125,-0.08333333333333333,0.06666666666666667,0.0625,-0.629999999999999,0.0
9,202110010106,8,7,5,57,0,1,0,5,0,0,0,0,4,3,1,11,0,0,0,1,0,0,0,0,3,2,1,4,0,0,0,0,0,0,0,0,0.0,0.0,13.0,16.0,40.4,3.2,0.0625,0.0,0.0,4.0,15.0,44.4,6.1,0.06666666666666667,0.0,0.0,7.0,9.0,40.2,1.4,0.07142857142857142,-3.5,0.0,100.0,0.0,0.2,3,5,11.6,5.0,1127,1110,1328,0.0,0.0,9.0,12.0,43.6,5.1,0.16666666666666666,0.0,0.0,1.0,1.0,40.9,0.0,0.06666666666666667,-3.3,0.2,51.0,-400.0,16.0,16.0,468.0,0.0625,0.26666666666666666,0.0,0.25,0.0,-0.020000000000000285,0.0
10,202110010106,1,1,0,3,0,0,0,0,0,0,0,0,0,0,0,1,0,0,0,0,0,0,0,0,0,0,0,0,0,0,0,0,0,0,0,0,0.0,0.0,8.0,7.0,43.0,1.1,0.08333333333333333,0.0,0.0,4.0,10.0,40.4,2.8,0.08333333333333333,0.0,0.0,4.0,2.0,38.5,0.3,0.1,-2.5,-5.0,-70.0,0.14285714285714285,0.2857142857142857,2,3,6.3,3.0,1089,585,1428,0.0,0.0,4.0,9.0,40.8,2.9,0.1111111111111111,0.0,0.0,4.0,9.0,40.8,2.4,0.07692307692307693,0.3,0.2,55.0,-1180.0,16.0,12.0,467.0,0.0,0.25,0.0,0.0,0.0,0.4000000000000007,0.0
11,202110010106,0,0,0,0,4,0,2,14,0,0,0,0,0,0,0,0,2,0,1,6,0,0,0,0,0,0,0,0,0,0,0,1,0,0,0,0,0.0,0.0,30.0,11.0,42.1,2.0,0.3333333333333333,0.0,0.0,80.0,,,,0.2222222222222222,0.0,0.0,70.0,,,,0.2727272727272727,,26.0,300.0,,,6,11,385.7,16.0,617,1104,361,0.0,0.0,100.0,8.0,14.0,4.9,0.09090909090909091,0.0,0.0,90.0,9.0,33.4,1.4,0.7222222222222222,-1.0,0.0,53.0,-1243.0,16.0,12.0,442.0,0.5,0.7777777777777778,0.7272727272727273,0.45454545454545453,,4.350000000000001,0.0
12,202110010106,3,6,1,31,0,2,0,19,0,0,0,0,0,1,1,6,0,0,0,6,0,0,0,0,0,0,1,4,0,0,0,4,0,0,0,0,0.0,0.0,13.0,15.0,38.0,2.9,0.9375,0.0,0.0,13.0,13.0,37.1,1.5,0.2222222222222222,0.0,0.0,15.0,13.0,38.2,2.2,0.375,-1.0,0.0,600.0,0.0,0.0,5,9,227.8,15.0,1317,1328,1186,0.0,0.0,11.0,12.0,42.3,3.5,0.6875,0.0,0.0,11.0,10.0,35.5,1.6,1.0,-1.1,0.0,54.0,-28.0,16.0,16.0,430.0,-0.0625,0.05555555555555555,0.3125,0.0,0.0,-0.019999999999999574,0.0
13,202110010106,0,0,0,7,0,0,0,1,0,0,0,0,0,0,0,0,0,0,0,0,0,0,0,0,0,0,0,0,0,0,0,0,0,0,0,0,0.0,0.0,10.0,10.0,41.1,3.0,0.9,0.0,0.0,13.0,12.0,36.8,1.6,0.25,0.0,0.0,12.0,11.0,35.8,0.9,0.4375,0.5,8.0,400.0,0.0,0.0,8,16,198.0,13.0,1059,1128,1482,0.0,0.0,14.0,14.0,38.7,3.0,0.0625,0.0,0.0,13.0,14.0,38.9,2.4,0.1875,1.0,0.0,51.0,-843.0,16.0,10.0,458.0,0.1,0.0,0.0,0.0,-0.0625,0.25,0.0
14,202110010106,3,6,1,31,0,1,0,7,0,0,0,0,0,1,1,6,0,1,0,1,0,0,0,0,0,0,1,4,0,0,0,1,0,0,0,0,0.0,0.0,3.0,11.0,40.5,2.1,0.8333333333333334,0.0,0.0,11.0,14.0,41.0,4.2,0.5,0.0,0.0,8.0,5.0,38.6,1.9,0.6363636363636364,-3.0,-3.0,400.0,0.07142857142857142,0.14285714285714285,1,2,17.1,7.0,1317,1206,1186,0.0,0.0,8.0,6.0,40.1,2.2,0.2222222222222222,0.0,0.0,6.0,12.0,41.0,2.9,0.25,-0.6,0.0,56.0,-890.0,16.0,12.0,499.0,0.0,0.25,0.2727272727272727,0.0,0.125,-0.010000000000000142,0.0
15,202110010106,7,4,6,52,7,6,1,71,0,0,0,1,1,1,1,7,1,2,1,10,0,0,0,0,1,0,0,2,1,2,1,2,0,0,0,0,0.0,0.0,3.0,11.0,42.9,2.7,0.5454545454545454,0.0,0.0,9.0,10.0,44.8,6.2,0.09090909090909091,0.0,0.0,12.0,16.0,41.1,6.1,0.6875,2.5,10.0,50.0,0.0,0.125,2,4,121.9,12.0,1393,1183,1263,0.0,0.0,9.0,8.0,37.2,2.3,0.1111111111111111,,,,,,,,-0.3,0.0,56.0,-505.0,16.0,11.0,512.0,0.45454545454545453,0.09090909090909091,0.3125,0.0,,2.0799999999999983,0.0
16,202110010111,3,4,3,36,0,0,1,9,0,0,1,2,0,1,1,9,0,0,0,2,0,0,0,0,0,0,0,0,0,0,0,0,0,0,0,0,0.0,0.0,8.0,8.0,34.7,1.7,0.7,0.0,0.0,7.0,5.0,34.1,0.8,0.5454545454545454,0.0,0.0,15.0,8.0,35.7,1.4,0.6,0.0,2.0,-200.0,0.14285714285714285,0.42857142857142855,8,13,120.4,12.0,1090,1685,1169,0.0,0.0,12.0,11.0,35.2,0.8,0.1875,0.0,0.0,14.0,11.0,35.7,1.3,0.3125,1.2,0.0,57.0,-609.0,14.0,10.0,446.0,0.2,0.09090909090909091,-0.3333333333333333,-0.0625,0.0,-0.31000000000000016,0.0
17,202110010111,2,3,0,19,4,0,1,32,1,0,0,0,1,0,0,3,1,0,0,8,1,0,0,0,0,0,0,0,0,0,0,0,0,0,0,0,0.0,0.0,6.0,3.0,34.2,0.3,0.5,0.0,0.0,8.0,3.0,33.5,0.1,0.36363636363636365,0.0,0.0,5.0,7.0,34.4,0.5,0.9285714285714286,2.0,0.0,200.0,1.0,1.0,3,3,3.6,2.0,1169,1618,460,0.0,0.0,6.0,11.0,34.4,0.6,1.0,0.0,0.0,4.0,8.0,33.8,0.5,0.375,1.8,0.4,54.0,-1064.0,14.0,16.0,474.0,-0.3125,0.0,0.07142857142857142,-0.06666666666666667,0.0625,-0.009999999999998722,0.0
18,202110010111,13,6,7,86,0,0,1,1,0,0,1,0,4,1,0,24,0,0,0,0,0,0,0,0,0,0,0,0,0,0,0,0,0,0,0,0,0.0,0.0,2.0,8.0,35.1,0.7,0.7,0.0,0.0,5.0,4.0,35.9,0.5,0.5,0.0,0.0,9.0,4.0,33.7,0.2,0.3888888888888889,-2.0,-2.0,0.0,0.15384615384615385,0.23076923076923078,6,10,10.0,6.0,1503,416,1263,0.0,0.0,6.0,4.0,32.5,0.2,0.5833333333333334,0.0,0.0,6.0,3.0,35.4,0.1,0.42857142857142855,-1.0,0.2,57.0,-182.0,14.0,10.0,506.0,0.2,0.1111111111111111,-0.1111111111111111,-0.08333333333333333,-0.14285714285714285,0.2800000000000004,0.0
19,202110010111,8,7,5,57,7,4,7,49,0,2,0,3,4,3,1,11,2,1,2,10,0,0,0,1,0,0,0,0,0,0,0,0,0,0,0,0,0.0,0.0,10.0,10.0,35.8,0.6,0.3076923076923077,0.0,0.0,8.0,14.0,40.8,4.6,0.6428571428571429,0.0,0.0,8.0,10.0,33.4,0.8,0.5714285714285714,0.0,4.0,200.0,0.13793103448275862,0.2413793103448276,5,8,3.0,1.0,1127,1294,1328,0.0,0.0,8.0,6.0,33.8,0.6,0.4166666666666667,0.0,0.0,8.0,8.0,36.3,0.6,0.3333333333333333,-1.2,0.0,55.0,-358.0,14.0,13.0,460.0,-0.15384615384615385,0.2857142857142857,0.07142857142857142,-0.16666666666666666,-0.16666666666666666,0.6,0.0
20,202110010111,7,4,6,52,1,7,2,30,1,1,1,2,1,1,1,7,0,4,0,9,0,1,0,1,0,0,0,0,0,0,0,0,0,0,0,0,0.0,0.0,50.0,6.0,34.7,0.6,0.13333333333333333,0.0,0.0,10.0,1.0,34.9,0.0,0.25,0.0,0.0,30.0,4.0,35.2,0.3,0.07142857142857142,-1.0,-8.0,0.0,0.10344827586206896,0.2413793103448276,7,12,8.5,4.0,1393,1306,1263,0.0,0.0,10.0,1.0,33.7,0.0,0.07142857142857142,0.0,0.0,20.0,1.0,33.4,0.0,0.05555555555555555,-1.0,0.6,56.0,70.0,14.0,15.0,462.0,0.0,0.0,0.0,0.0,0.0,0.38000000000000045,0.0
21,202110010111,1,1,2,14,8,4,5,73,0,1,0,0,0,0,0,2,3,1,2,22,0,0,0,0,0,0,0,0,0,0,0,0,0,0,0,0,0.0,0.0,13.0,4.0,36.8,0.4,0.6,0.0,0.0,12.0,14.0,36.8,2.5,0.1875,0.0,0.0,11.0,10.0,36.8,2.2,0.8666666666666667,3.0,-6.0,0.0,0.10526315789473684,0.10526315789473684,5,7,9.5,5.0,1583,1013,118,0.0,0.0,9.0,14.0,34.9,0.9,0.5,0.0,0.0,6.0,2.0,34.2,0.0,0.7142857142857143,-0.4,0.2,57.0,-840.0,14.0,15.0,494.0,-0.2,-0.0625,-0.6666666666666666,0.125,0.0,0.7099999999999987,0.0
22,202110010111,1,1,2,14,5,2,5,58,0,0,0,0,0,0,0,2,1,0,1,17,0,0,0,0,0,0,0,0,0,0,0,0,0,0,0,0,0.0,0.0,5.0,1.0,36.1,0.0,0.2727272727272727,0.0,0.0,6.0,8.0,35.1,1.8,0.7777777777777778,0.0,0.0,7.0,9.0,33.9,0.6,0.35294117647058826,4.0,-2.0,0.0,0.0,0.0,4,5,53.0,10.0,1583,1428,118,0.0,0.0,4.0,3.0,34.7,0.3,0.3125,0.0,0.0,5.0,3.0,33.7,0.3,0.18181818181818182,-0.1,0.6,56.0,-903.0,14.0,11.0,480.0,-0.09090909090909091,0.0,0.11764705882352941,0.0,0.0,0.5199999999999996,0.0
23,202110010111,5,4,3,28,1,0,0,0,1,0,0,0,2,1,1,9,0,0,0,0,0,0,0,0,0,0,0,0,0,0,0,0,0,0,0,0,0.0,0.0,12.0,13.0,35.4,2.1,1.0,0.0,0.0,7.0,6.0,35.4,0.7,0.5625,0.0,0.0,13.0,8.0,36.8,0.9,0.6875,-2.5,6.0,-200.0,0.05263157894736842,0.23684210526315788,8,14,11.6,7.0,1152,864,1428,0.0,0.0,11.0,8.0,34.6,0.4,0.7857142857142857,0.0,0.0,8.0,1.0,35.2,0.0,0.5625,-2.2,0.2,54.0,-728.0,14.0,15.0,454.0,-0.3333333333333333,0.0,-0.0625,-0.07142857142857142,0.1875,0.11999999999999886,0.0
24,202110010111,8,7,5,57,7,4,7,49,0,2,0,3,4,3,1,11,2,1,2,10,0,0,0,1,0,0,0,0,0,0,0,0,0,0,0,0,0.0,0.0,11.0,16.0,38.2,2.6,0.75,0.0,0.0,6.0,7.0,33.9,0.8,0.8235294117647058,0.0,0.0,4.0,5.0,32.6,0.3,0.8333333333333334,-5.5,-10.0,400.0,0.16666666666666666,0.3333333333333333,6,9,8.3,3.0,1127,1294,1328,0.0,0.0,2.0,9.0,34.0,0.6,0.375,0.0,0.0,8.0,9.0,33.9,0.4,0.7777777777777778,-1.2,0.0,57.0,-602.0,14.0,16.0,448.0,0.0,0.058823529411764705,0.0,0.0625,-0.2222222222222222,0.8500000000000008,0.0
25,202110010111,0,3,1,26,7,7,8,94,0,0,0,4,0,0,0,8,1,0,5,26,0,0,0,1,0,0,0,0,0,0,0,0,0,0,0,0,0.0,0.0,6.0,,,,,0.0,0.0,9.0,,,,,0.0,0.0,11.0,9.0,35.9,1.5,0.6363636363636364,,-2.0,-1050.0,0.20833333333333334,0.25,2,2,88.0,11.0,1712,1263,1292,0.0,0.0,8.0,9.0,35.2,1.8,0.2222222222222222,0.0,0.0,11.0,10.0,36.1,0.8,0.2857142857142857,0.5,0.0,57.0,-217.0,14.0,13.0,426.0,,,0.18181818181818182,0.0,0.14285714285714285,-0.10000000000000142,0.0
26,202110010111,0,0,0,8,2,3,3,40,0,0,0,0,0,0,0,2,1,0,0,10,0,0,0,0,0,0,0,0,0,0,0,0,0,0,0,0,0.0,0.0,13.0,12.0,38.2,2.0,0.07692307692307693,0.0,0.0,13.0,11.0,35.9,0.9,0.5714285714285714,0.0,0.0,16.0,12.0,35.4,1.2,0.0625,0.0,4.0,-200.0,0.0,0.0,3,4,124.8,13.0,1322,1559,1263,0.0,0.0,12.0,7.0,35.8,0.9,0.16666666666666666,0.0,0.0,16.0,5.0,34.6,0.7,0.0625,-1.8,0.0,57.0,-36.0,14.0,13.0,500.0,0.0,0.2857142857142857,0.0,0.0,0.0,0.7300000000000004,0.0
27,202110010111,1,0,0,2,2,0,0,8,1,0,0,2,1,0,0,2,1,0,0,3,1,0,0,2,0,0,0,0,0,0,0,0,0,0,0,0,0.0,0.0,9.0,6.0,38.3,0.6,0.6666666666666666,0.0,0.0,14.0,12.0,36.1,1.1,0.7142857142857143,0.0,0.0,15.0,11.0,39.4,1.9,0.3333333333333333,2.5,12.0,500.0,0.0,0.0,4,6,145.2,14.0,857,1292,516,0.0,0.0,15.0,12.0,37.8,2.7,0.875,0.0,0.0,11.0,11.0,37.5,1.3,0.8125,1.0,0.0,57.0,-652.0,14.0,9.0,500.0,-0.1111111111111111,0.2857142857142857,0.5333333333333333,-0.0625,0.0625,-0.010000000000000142,0.0
28,202110010111,2,1,2,6,4,0,1,32,0,0,0,0,0,0,0,2,1,0,0,8,0,0,0,0,0,0,0,0,0,0,0,0,0,0,0,0,0.0,0.0,1.0,,,,0.2222222222222222,0.0,0.0,10.0,16.0,47.0,10.4,0.9375,0.0,0.0,14.0,16.0,38.5,4.2,0.125,0.0,-4.0,300.0,0.1,0.4,7,11,40.5,9.0,1110,1618,938,0.0,0.0,9.0,13.0,36.0,1.2,0.9285714285714286,0.0,0.0,9.0,11.0,37.2,2.9,0.9090909090909091,-1.8,0.0,57.0,-316.0,14.0,9.0,522.0,0.4444444444444444,-0.0625,0.0,-0.07142857142857142,0.09090909090909091,3.189999999999999,0.0
29,202110010111,2,0,3,29,7,11,6,84,0,0,0,1,1,0,0,5,1,0,2,13,0,0,0,0,0,0,0,0,0,0,0,0,0,0,0,0,0.0,0.0,10.0,11.0,43.7,4.7,0.08333333333333333,0.0,0.0,14.0,14.0,37.8,3.0,0.07142857142857142,0.0,0.0,15.0,14.0,36.3,2.4,0.8,1.5,6.0,100.0,0.047619047619047616,0.38095238095238093,1,1,27.7,8.0,1645,1556,1366,0.0,0.0,12.0,12.0,38.5,2.3,0.8125,0.0,0.0,8.0,9.0,35.1,0.9,0.3333333333333333,-0.6,0.0,57.0,-291.0,14.0,12.0,498.0,0.25,0.0,0.06666666666666667,0.0,-0.1111111111111111,1.65,0.0
30,202110010208,13,6,7,86,1,0,0,0,1,0,0,0,4,1,0,24,1,0,0,0,1,0,0,0,2,1,0,6,0,0,0,0,0,0,0,0,0.0,0.0,16.0,18.0,36.9,3.1,0.8888888888888888,0.0,0.0,9.0,7.0,34.2,1.5,1.0,0.0,0.0,11.0,15.0,34.6,2.1,1.0,-1.5,2.0,0.0,0.18181818181818182,0.45454545454545453,3,6,7.6,5.0,1503,377,1263,0.0,0.0,11.0,10.0,34.5,0.6,0.9375,0.0,0.0,4.0,4.0,37.5,0.2,0.7777777777777778,-2.5,0.0,56.0,-1379.0,16.0,18.0,438.0,0.0,0.0,0.0,0.0,-0.2222222222222222,-0.15,0.0
31,202110010208,3,3,3,41,1,0,0,9,0,0,0,1,2,1,1,14,1,0,0,3,0,0,0,1,0,0,0,3,1,0,0,0,0,0,0,0,0.0,0.0,7.0,8.0,43.4,7.2,0.75,0.0,0.0,14.0,9.0,35.7,0.6,0.125,0.0,0.0,11.0,14.0,39.0,2.5,0.5333333333333333,3.0,-20.0,400.0,0.13333333333333333,0.23333333333333334,4,8,5.3,2.0,1561,565,1263,0.0,0.0,14.0,15.0,38.4,2.5,0.26666666666666666,0.0,0.0,10.0,4.0,34.9,0.5,0.15384615384615385,-0.2,0.0,56.0,-1198.0,16.0,8.0,454.0,0.25,0.0,0.0,0.13333333333333333,0.0,1.4300000000000004,0.0
32,202110010208,0,1,4,17,1,0,4,11,0,0,3,3,0,0,2,4,0,0,1,5,0,0,1,1,0,0,1,1,0,0,1,1,0,0,1,1,0.0,0.0,13.0,13.0,34.7,1.5,0.7857142857142857,0.0,0.0,10.0,9.0,34.5,1.1,0.3,0.0,0.0,18.0,10.0,35.8,0.7,0.5,-1.5,2.0,0.0,0.10714285714285714,0.25,2,4,7.1,4.0,1383,1438,246,0.0,0.0,16.0,14.0,35.4,1.0,0.8125,0.0,0.0,11.0,9.0,35.5,0.9,0.42857142857142855,-0.3,0.0,54.0,-784.0,16.0,14.0,456.0,0.21428571428571427,0.0,0.05555555555555555,0.0,0.0,-0.24999999999999928,0.0
33,202110010208,3,3,3,41,0,1,0,3,0,0,0,0,2,1,1,14,0,1,0,0,0,0,0,0,0,0,0,3,0,0,0,0,0,0,0,0,0.0,0.0,1.0,4.0,35.6,0.3,0.625,0.0,0.0,3.0,1.0,35.6,0.0,0.125,0.0,0.0,2.0,4.0,37.0,0.6,0.125,0.0,10.0,0.0,0.14285714285714285,0.2857142857142857,1,2,3.2,1.0,1561,248,1263,,,,,,,,,,,,,,,0.0,0.3333333333333333,56.0,0.0,16.0,16.0,474.0,-0.0625,-0.0625,0.0,,,-0.6999999999999993,0.0
34,202110010208,6,4,7,72,10,5,7,57,0,0,0,1,2,1,1,26,2,0,2,15,0,0,0,1,1,1,0,9,0,0,0,5,0,0,0,1,0.0,0.0,12.0,12.0,42.1,4.3,0.6666666666666666,0.0,0.0,15.0,16.0,40.5,3.5,1.0,0.0,0.0,11.0,12.0,37.5,2.2,0.75,0.0,13.0,-70.0,0.0,0.14285714285714285,5,9,102.0,14.0,1506,1167,199,0.0,0.0,15.0,13.0,42.0,5.3,0.9333333333333333,0.0,0.0,15.0,16.0,42.3,5.1,0.5,0.5,0.0,56.0,-438.0,16.0,12.0,507.0,0.25,0.0,0.16666666666666666,0.0,0.125,-0.18999999999999914,0.0
35,202110010208,0,0,0,1,0,0,0,8,0,0,0,0,0,0,0,0,0,0,0,1,0,0,0,0,0,0,0,0,0,0,0,0,0,0,0,0,0.0,0.0,18.0,17.0,37.3,2.8,0.3888888888888889,0.0,0.0,14.0,13.0,36.1,1.5,0.7857142857142857,0.0,0.0,8.0,11.0,36.5,2.7,0.2727272727272727,-3.0,14.0,0.0,0.0,0.0,4,7,6.8,3.0,1476,1436,1589,0.0,0.0,8.0,5.0,38.2,0.4,0.1111111111111111,0.0,0.0,16.0,15.0,39.8,3.2,0.875,-1.2,0.0,56.0,-1379.0,16.0,18.0,516.0,0.0,-0.07142857142857142,0.0,0.0,0.125,-0.7100000000000002,0.0
36,202110010208,3,3,3,41,0,0,0,13,0,0,0,0,2,1,1,14,0,0,0,3,0,0,0,0,0,0,0,3,0,0,0,1,0,0,0,0,0.0,0.0,8.0,7.0,40.3,2.2,0.75,0.0,0.0,13.0,14.0,38.7,3.0,0.0625,0.0,0.0,8.0,3.0,36.3,0.4,0.13333333333333333,-2.0,14.0,400.0,0.25,0.25,7,13,18.7,7.0,1561,1417,1263,0.0,0.0,9.0,10.0,38.9,2.0,0.3333333333333333,0.0,0.0,8.0,11.0,35.5,1.1,0.8461538461538461,0.4,0.2,55.0,-915.0,16.0,8.0,504.0,0.0,0.0625,-0.06666666666666667,0.16666666666666666,-0.23076923076923078,0.9399999999999998,0.0
37,202110010208,0,1,1,15,1,7,2,30,0,0,0,6,0,0,0,1,0,4,0,9,0,0,0,0,0,0,0,0,0,1,0,1,0,0,0,0,0.0,0.0,140.0,11.0,38.6,1.0,0.0625,0.0,0.0,70.0,13.0,36.4,1.2,0.3076923076923077,0.0,0.0,90.0,13.0,37.4,1.3,0.125,1.0,4.0,-200.0,,,6,12,29.2,10.0,1674,1306,1428,0.0,0.0,130.0,12.0,34.8,1.1,0.14285714285714285,0.0,0.0,100.0,7.0,36.6,1.2,0.13333333333333333,-0.9,0.0,53.0,64.0,16.0,16.0,458.0,0.0,0.46153846153846156,0.125,0.0,0.06666666666666667,0.5600000000000002,0.0
38,202110010208,8,7,5,57,7,4,7,49,0,2,0,3,4,3,1,11,2,1,2,10,0,0,0,1,1,0,0,5,1,0,0,1,0,0,0,0,0.0,0.0,2.0,6.0,13.4,2.5,0.375,0.0,0.0,9.0,6.0,13.7,1.9,0.5833333333333334,0.0,0.0,9.0,9.0,39.2,2.4,0.7333333333333333,1.5,-6.0,-1050.0,0.0,0.0,8,16,50.8,11.0,1127,1294,1328,0.0,0.0,8.0,7.0,39.8,1.8,0.5555555555555556,0.0,0.0,7.0,10.0,41.5,3.9,0.6,0.9,0.0,57.0,-588.0,16.0,8.0,456.0,0.0,-0.16666666666666666,-0.2,0.0,-0.13333333333333333,-8.229999999999999,0.0
39,202110010208,0,2,2,8,0,0,1,0,0,0,1,0,0,1,0,3,0,0,0,0,0,0,0,0,0,0,0,0,0,0,0,0,0,0,0,0,0.0,0.0,12.0,13.0,40.1,2.9,1.0,0.0,0.0,18.0,12.0,35.5,1.3,0.3888888888888889,0.0,0.0,8.0,16.0,38.3,3.2,0.3125,1.5,-3.0,400.0,0.043478260869565216,0.30434782608695654,1,1,11.0,6.0,1222,63,1328,0.0,0.0,13.0,8.0,37.6,1.4,0.5625,0.0,0.0,9.0,9.0,35.6,1.9,0.4,-1.2,0.0,56.0,-962.0,16.0,13.0,475.0,-0.15384615384615385,0.05555555555555555,0.1875,-0.1875,0.0,0.6899999999999998,0.0
40,202110010208,7,6,3,55,2,1,0,3,1,1,0,2,3,2,0,19,0,0,0,1,0,0,0,0,0,0,0,1,0,0,0,0,0,0,0,0,0.0,0.0,15.0,11.0,35.9,0.9,0.8125,0.0,0.0,16.0,15.0,36.4,1.7,0.3888888888888889,0.0,0.0,12.0,9.0,38.3,1.6,0.35714285714285715,-1.0,-14.0,0.0,,,2,3,102.6,15.0,1736,260,1482,0.0,0.0,11.0,8.0,35.7,1.3,0.7857142857142857,0.0,0.0,9.0,6.0,35.1,0.4,0.9166666666666666,-1.7,0.0,55.0,0.0,16.0,16.0,492.0,-0.0625,0.1111111111111111,0.0,-0.2857142857142857,-0.16666666666666666,0.229999999999999,0.0
41,202110010208,15,7,8,83,7,7,8,94,1,0,0,8,1,1,2,21,1,0,5,26,0,0,0,1,1,0,1,5,0,0,1,10,0,0,0,0,0.0,0.0,10.0,10.0,35.7,2.0,0.8181818181818182,0.0,0.0,16.0,12.0,34.7,1.3,1.0,0.0,0.0,11.0,14.0,35.3,2.5,0.6470588235294118,2.0,0.0,0.0,0.06666666666666667,0.06666666666666667,5,10,56.1,12.0,1716,1263,1167,0.0,0.0,15.0,16.0,37.2,2.0,0.8125,0.0,0.0,9.0,10.0,35.5,1.6,0.18181818181818182,0.4,0.0,53.0,-406.0,16.0,11.0,434.0,-0.09090909090909091,0.0,,0.1875,0.09090909090909091,-0.20999999999999944,0.0
42,202110010208,7,6,3,55,1,7,2,30,0,0,0,1,3,2,0,19,0,4,0,9,0,0,0,1,0,0,0,1,0,1,0,1,0,0,0,0,0.0,0.0,90.0,9.0,40.1,1.9,0.75,0.0,0.0,110.0,,,,0.9230769230769231,0.0,0.0,150.0,14.0,37.6,1.5,0.0625,5.0,-6.0,400.0,0.2,0.24,8,15,22.3,8.0,1736,1306,1482,0.0,0.0,130.0,11.0,37.2,1.6,0.125,0.0,0.0,100.0,11.0,36.8,1.0,0.35714285714285715,0.3,0.0,56.0,-732.0,16.0,12.0,480.0,0.0,0.0,0.0,0.0,-0.14285714285714285,1.0300000000000011,0.0
43,202110010208,0,1,1,15,0,0,0,0,0,0,0,0,0,0,0,1,0,0,0,0,0,0,0,0,0,0,0,0,0,0,0,0,0,0,0,0,0.0,0.0,4.0,9.0,37.9,1.3,0.375,0.0,0.0,1.0,4.0,37.2,0.5,0.13333333333333333,0.0,0.0,5.0,2.0,37.4,0.9,0.13333333333333333,-3.5,4.0,600.0,0.0,0.0,3,5,25.4,9.0,1674,216,1428,0.0,0.0,8.0,2.0,37.4,0.1,0.13333333333333333,0.0,0.0,6.0,10.0,37.3,1.3,0.125,0.0,0.4,55.0,-238.0,16.0,16.0,512.0,0.1875,0.0,0.06666666666666667,0.0,0.125,0.10000000000000071,0.0
44,202110010208,6,4,7,72,0,0,1,3,0,0,1,1,2,1,1,26,0,0,0,1,0,0,0,1,1,1,0,9,0,0,0,0,0,0,0,0,0.0,0.0,60.0,110.0,42.2,5.9,0.75,0.0,0.0,120.0,120.0,44.2,9.1,0.08333333333333333,0.0,0.0,110.0,110.0,39.3,3.6,0.09090909090909091,0.0,0.0,500.0,0.0,0.16666666666666666,6,11,174.6,16.0,1506,1251,199,0.0,0.0,90.0,80.0,35.4,0.9,0.1111111111111111,0.0,0.0,130.0,150.0,40.6,4.1,0.1875,4.0,0.0,54.0,-847.0,16.0,12.0,450.0,-0.16666666666666666,0.9166666666666666,0.2727272727272727,0.0,0.375,1.2000000000000006,0.0
45,202110010208,15,7,8,83,7,6,1,71,1,1,0,3,1,1,2,21,1,2,1,10,0,0,0,0,1,0,1,5,0,0,0,2,0,0,0,0,0.0,0.0,13.0,11.0,40.2,1.5,0.7692307692307693,0.0,0.0,10.0,11.0,39.8,2.6,0.23076923076923078,0.0,0.0,13.0,16.0,38.0,2.9,0.6875,2.5,6.0,0.0,0.0,0.10526315789473684,7,14,79.1,13.0,1716,1183,1167,0.0,0.0,8.0,11.0,40.6,4.2,0.5454545454545454,0.0,0.0,9.0,15.0,40.9,3.5,0.1875,0.8,0.0,53.0,-98.0,16.0,13.0,458.0,0.15384615384615385,0.15384615384615385,0.1875,0.09090909090909091,0.5,-0.21999999999999958,0.0
46,202110010212,11,13,9,84,7,11,6,84,3,2,2,7,3,3,4,22,1,0,2,13,0,0,1,2,0,0,1,0,0,0,1,0,0,0,1,0,0.0,0.0,8.0,10.0,36.7,2.3,0.8,0.0,0.0,18.0,18.0,35.1,2.1,0.2222222222222222,0.0,0.0,18.0,16.0,34.1,1.3,0.8333333333333334,3.0,2.0,400.0,0.0967741935483871,0.22580645161290322,2,2,2.9,1.0,1691,1556,1167,0.0,0.0,8.0,7.0,34.2,1.1,0.45454545454545453,0.0,0.0,12.0,2.0,34.3,0.0,0.6,-2.7,0.2,56.0,-1329.0,13.0,10.0,454.0,0.2,0.0,0.16666666666666666,0.0,0.0,0.570000000000001,0.0
47,202110010212,7,4,3,27,4,8,8,33,1,2,0,3,3,1,3,7,2,1,0,5,1,0,0,0,0,0,0,0,0,0,0,0,0,0,0,0,0.0,0.0,7.0,7.0,37.6,1.4,0.6666666666666666,0.0,0.0,3.0,1.0,36.2,0.0,0.5625,0.0,0.0,4.0,1.0,37.6,0.0,0.4375,-3.0,-3.0,-200.0,0.08695652173913043,0.391304347826087,6,9,6.8,4.0,1167,1345,460,0.0,0.0,4.0,1.0,37.6,0.0,0.4,0.0,0.0,6.0,2.0,37.4,0.2,0.2,-1.0,0.8,56.0,-892.0,13.0,12.0,483.0,0.08333333333333333,0.0625,0.0,-0.13333333333333333,0.06666666666666667,-0.09999999999999928,0.0
48,202110010212,8,7,5,57,1,0,0,0,1,0,0,0,4,3,1,11,1,0,0,0,1,0,0,0,0,1,0,0,0,0,0,0,0,0,0,0,0.0,0.0,14.0,,,,0.125,0.0,0.0,9.0,10.0,34.3,1.0,1.0,0.0,0.0,8.0,11.0,37.6,1.9,0.2727272727272727,1.0,6.0,-300.0,0.0,1.0,1,1,5.4,3.0,1127,363,1328,0.0,0.0,6.0,1.0,37.6,0.0,0.6,0.0,0.0,9.0,4.0,34.5,0.5,0.5714285714285714,-2.8,0.25,57.0,-398.0,13.0,16.0,514.0,-0.0625,0.0,0.18181818181818182,0.2,-0.14285714285714285,-0.06000000000000085,0.0
49,202110010212,21,21,21,102,0,0,0,0,0,0,0,0,9,7,7,29,0,0,0,0,0,0,0,0,2,0,0,2,0,0,0,0,0,0,0,0,0.0,0.0,50.0,3.0,37.4,0.7,0.42857142857142855,0.0,0.0,140.0,10.0,34.2,0.9,0.875,0.0,0.0,100.0,7.0,34.1,0.8,1.0,2.0,3.0,400.0,0.10344827586206896,0.27586206896551724,4,4,12.7,6.0,1428,59,1263,0.0,0.0,140.0,13.0,33.8,1.0,1.0,0.0,0.0,140.0,15.0,37.6,3.1,0.26666666666666666,2.7,0.2,57.0,-1282.0,13.0,7.0,485.0,0.0,0.0,-0.1,-0.26666666666666666,0.6666666666666666,0.0,0.0
50,202110010212,1,0,2,5,1,0,2,5,1,0,2,2,0,0,1,2,0,0,1,3,0,0,1,1,0,0,0,0,0,0,0,0,0,0,0,0,0.0,0.0,10.0,8.0,34.0,0.4,0.9230769230769231,0.0,0.0,10.0,9.0,35.5,0.8,0.5454545454545454,0.0,0.0,13.0,13.0,34.8,1.4,0.8461538461538461,2.5,-4.0,0.0,0.125,0.25,5,7,10.6,5.0,1698,205,1366,0.0,0.0,4.0,1.0,33.7,0.0,0.8,0.0,0.0,5.0,8.0,35.1,1.0,1.0,-0.8,0.2,55.0,-329.0,13.0,13.0,462.0,0.07692307692307693,-0.09090909090909091,0.0,-0.3,-0.18181818181818182,-0.04000000000000057,0.0
51,202110010212,4,4,2,47,0,1,0,1,0,1,0,1,0,1,0,15,0,0,0,1,0,0,0,1,0,0,0,1,0,0,0,1,0,0,0,1,0.0,0.0,70.0,9.0,41.6,2.5,0.4444444444444444,0.0,0.0,50.0,6.0,13.7,5.7,0.3333333333333333,0.0,0.0,70.0,8.0,13.8,10.6,0.9,-0.5,20.0,400.0,0.0,0.0,8,13,13.6,7.0,1304,81,1503,0.0,0.0,80.0,11.0,38.7,1.9,0.9375,0.0,0.0,140.0,5.0,36.0,1.5,0.6875,-0.3,0.0,56.0,-1267.0,13.0,9.0,480.0,0.3333333333333333,0.3333333333333333,-0.1,-0.0625,-0.125,-1.3800000000000003,0.0
52,202110010212,5,4,3,28,6,6,4,55,0,0,0,0,2,1,1,9,4,2,0,10,0,0,0,0,0,0,0,0,0,0,0,1,0,0,0,0,0.0,0.0,13.0,16.0,49.6,13.9,0.125,0.0,0.0,10.0,15.0,42.4,4.8,0.0625,0.0,0.0,7.0,9.0,37.0,1.4,0.1111111111111111,-3.5,-14.0,0.0,0.12903225806451613,0.25806451612903225,7,11,4.8,2.0,1152,1558,1428,0.0,0.0,5.0,2.0,35.1,0.0,0.1,0.0,0.0,6.0,15.0,37.3,1.7,0.4444444444444444,-1.5,0.2,56.0,-1246.0,13.0,16.0,494.0,0.875,0.0625,0.0,0.0,-0.05555555555555555,3.1900000000000004,0.0
53,202110010212,21,21,21,102,2,4,6,41,1,1,1,0,9,7,7,29,1,1,1,5,1,1,0,0,2,0,0,2,0,0,0,0,0,0,0,0,0.0,0.0,10.0,8.0,35.1,1.2,0.8461538461538461,0.0,0.0,13.0,11.0,36.3,1.5,0.4375,0.0,0.0,7.0,7.0,34.6,0.7,0.6666666666666666,-0.5,6.0,0.0,0.21739130434782608,0.4782608695652174,7,10,40.5,10.0,1428,1366,1263,0.0,0.0,4.0,9.0,33.6,0.5,0.9230769230769231,0.0,0.0,10.0,6.0,35.1,0.3,0.5625,-0.6,0.0,55.0,0.0,13.0,13.0,434.0,0.0,0.1875,0.0,0.0,0.125,0.2699999999999996,0.0
54,202110010212,0,1,0,10,1,7,2,30,0,1,0,1,0,0,0,0,0,4,0,9,0,0,0,0,0,0,0,0,0,0,0,1,0,0,0,0,0.0,0.0,11.0,7.0,35.1,0.8,0.7272727272727273,0.0,0.0,11.0,9.0,35.1,1.2,1.0,0.0,0.0,10.0,9.0,34.2,0.9,1.0,1.0,0.0,200.0,0.0,0.0,6,8,58.5,11.0,1714,1306,1167,0.0,0.0,5.0,15.0,34.4,1.5,0.7647058823529411,0.0,0.0,6.0,1.0,34.0,0.0,0.8461538461538461,-0.6,0.2,57.0,-14.0,13.0,11.0,506.0,0.09090909090909091,-0.15384615384615385,0.0,0.058823529411764705,0.0,0.2900000000000006,0.0
55,202110010212,0,0,0,0,0,0,0,1,0,0,0,0,0,0,0,0,0,0,0,0,0,0,0,0,0,0,0,0,0,0,0,0,0,0,0,0,0.0,0.0,9.0,8.0,36.9,2.0,0.2,0.0,0.0,7.0,8.0,35.4,0.7,0.5,0.0,0.0,7.0,6.0,34.9,0.8,0.1111111111111111,-1.0,16.0,-200.0,0.0,0.1,8,12,33.9,9.0,1282,256,377,0.0,0.0,5.0,6.0,35.2,1.0,0.09090909090909091,0.0,0.0,4.0,3.0,34.7,0.5,0.14285714285714285,-1.2,0.2,55.0,-363.0,13.0,10.0,546.0,0.0,0.1,0.0,0.0,0.0,0.45999999999999874,0.0
56,202110010212,1,3,2,27,7,7,8,94,0,0,1,3,0,1,1,7,1,0,5,26,0,0,1,1,0,0,0,1,0,0,0,1,0,0,0,0,0.0,0.0,8.0,5.0,13.6,2.7,0.5714285714285714,0.0,0.0,9.0,10.0,14.2,8.2,0.8,0.0,0.0,9.0,6.0,13.7,0.7,0.6428571428571429,0.5,-2.0,-1580.0,0.19230769230769232,0.23076923076923078,4,5,28.9,8.0,1642,1263,1124,0.0,0.0,8.0,3.0,13.5,0.2,0.7272727272727273,0.0,0.0,3.0,1.0,13.8,0.0,0.5833333333333334,-1.5,0.4,57.0,-1035.0,13.0,14.0,450.0,-0.21428571428571427,0.0,-0.07142857142857142,-0.5454545454545454,-0.25,0.029999999999999714,0.0
57,202110010212,0,0,1,10,0,0,2,5,0,0,0,1,0,0,0,2,0,0,1,2,0,0,0,1,0,0,0,2,0,0,0,1,0,0,0,1,0.0,0.0,13.0,12.0,35.4,1.4,0.6923076923076923,0.0,0.0,11.0,11.0,36.2,2.4,0.5454545454545454,0.0,0.0,12.0,12.0,36.7,1.7,0.21428571428571427,0.0,-4.0,0.0,0.0,0.0,5,6,154.7,13.0,1362,1525,1263,0.0,0.0,10.0,10.0,35.6,1.7,0.6,0.0,0.0,7.0,3.0,35.6,0.4,0.875,-1.9,0.2,57.0,0.0,13.0,13.0,466.0,0.07692307692307693,0.0,0.07142857142857142,0.2,0.0,0.019999999999999574,0.0
58,202110010212,3,2,0,7,0,0,0,4,0,0,0,0,0,0,0,0,0,0,0,1,0,0,0,0,0,0,0,0,0,0,0,0,0,0,0,0,0.0,0.0,16.0,17.0,35.3,1.6,0.5,0.0,0.0,11.0,10.0,34.8,0.7,0.7272727272727273,0.0,0.0,13.0,13.0,36.9,2.0,0.3076923076923077,-2.0,2.0,400.0,0.09090909090909091,0.36363636363636365,3,3,72.4,12.0,1687,1058,1345,0.0,0.0,13.0,7.0,35.7,1.4,0.5,0.0,0.0,10.0,8.0,34.7,0.6,0.4,-2.1,0.0,57.0,-293.0,13.0,18.0,500.0,0.0,0.18181818181818182,-0.07692307692307693,0.07142857142857142,0.0,0.029999999999998295,0.0
59,202110010306,0,0,0,5,2,1,3,7,0,0,0,0,0,0,0,1,0,0,2,2,0,0,0,0,0,0,0,1,0,0,2,2,0,0,0,0,0.0,0.0,11.0,12.0,36.0,1.8,1.0,0.0,0.0,9.0,13.0,40.1,3.6,0.3076923076923077,0.0,0.0,7.0,11.0,39.0,1.4,0.0625,-0.5,6.0,600.0,0.0,0.09090909090909091,8,12,15.0,5.0,1441,1235,1167,0.0,0.0,10.0,10.0,34.7,0.6,0.08333333333333333,0.0,0.0,16.0,9.0,37.1,0.6,0.0625,-0.9,0.0,56.0,-449.0,12.0,15.0,512.0,0.0,0.23076923076923078,0.0,0.0,0.0,0.31999999999999956,0.0
60,202110010306,1,1,0,10,1,1,2,8,0,0,0,1,1,0,0,1,0,0,1,2,0,0,0,1,0,0,0,0,0,0,0,1,0,0,0,0,0.0,0.0,10.0,9.0,37.9,2.3,0.375,0.0,0.0,10.0,2.0,35.4,0.0,0.2857142857142857,,,,,,,,-7.0,0.0,400.0,0.13333333333333333,0.26666666666666666,7,10,3.3,3.0,1431,1294,1428,,,,,,,,,,,,,,,-7.0,0.5,55.0,188.0,12.0,16.0,454.0,0.1875,0.0,,,,2.5,0.0
61,202110010306,0,0,0,4,0,0,0,0,0,0,0,0,0,0,0,1,0,0,0,0,0,0,0,0,0,0,0,0,0,0,0,0,0,0,0,0,0.0,0.0,2.0,4.0,39.8,0.6,0.7272727272727273,0.0,0.0,3.0,11.0,35.4,0.5,0.5,0.0,0.0,2.0,3.0,35.3,0.5,0.5555555555555556,-0.5,4.0,300.0,0.0,0.3333333333333333,6,7,3.2,2.0,314,274,324,0.0,0.0,6.0,7.0,34.4,0.6,0.3125,0.0,0.0,2.0,3.0,37.3,0.5,0.16666666666666666,-0.6,0.4,56.0,-500.0,12.0,11.0,466.0,-0.2727272727272727,0.1875,0.05555555555555555,0.0625,0.0,0.6,0.0
62,202110010306,1,2,0,11,2,1,1,12,1,1,0,1,1,1,0,4,1,1,0,4,1,1,0,0,0,0,0,3,0,0,0,3,0,0,0,0,0.0,0.0,6.0,15.0,41.1,3.0,0.4375,0.0,0.0,4.0,10.0,37.3,1.8,0.25,0.0,0.0,2.0,13.0,36.4,2.1,0.4375,-1.0,4.0,100.0,0.125,0.25,2,2,2.7,1.0,1098,1428,1294,0.0,0.0,2.0,5.0,36.8,0.7,0.125,0.0,0.0,1.0,4.0,37.6,1.1,0.25,-2.7,0.0,54.0,-218.0,12.0,16.0,444.0,-0.0625,0.1875,0.0625,0.0,0.0,0.75,0.0
63,202110010306,0,0,0,3,1,1,1,7,0,0,0,0,0,0,0,0,0,0,0,1,0,0,0,0,0,0,0,0,0,0,0,1,0,0,0,0,0.0,0.0,8.0,4.0,38.5,1.0,0.9090909090909091,0.0,0.0,10.0,10.0,40.7,2.5,0.9090909090909091,0.0,0.0,11.0,9.0,39.8,3.0,0.9333333333333333,2.5,33.0,400.0,0.0,0.0,1,1,195.4,12.0,1715,1362,770,0.0,0.0,18.0,10.0,36.9,1.8,0.6666666666666666,0.0,0.0,8.0,7.0,37.7,1.2,0.8,0.6,0.0,53.0,-735.0,12.0,11.0,481.0,-0.45454545454545453,0.09090909090909091,-0.13333333333333333,0.0,-0.6,0.5399999999999998,0.0
64,202110010306,0,0,0,0,0,0,0,0,0,0,0,0,0,0,0,0,0,0,0,0,0,0,0,0,0,0,0,0,0,0,0,0,0,0,0,0,0.0,0.0,2.0,3.0,39.0,0.9,0.6666666666666666,0.0,0.0,6.0,9.0,39.3,2.8,1.0,0.0,0.0,7.0,6.0,37.3,1.3,0.8333333333333334,1.5,-4.0,400.0,0.0,1.0,4,4,27.7,7.0,1451,385,1482,0.0,0.0,16.0,14.0,37.5,2.3,0.7777777777777778,0.0,0.0,15.0,7.0,36.2,0.7,0.6666666666666666,1.2999999999999998,0.2,56.0,-446.0,12.0,6.0,464.0,-0.16666666666666666,-0.4375,-0.16666666666666666,0.16666666666666666,0.06666666666666667,0.7399999999999991,0.0
65,202110010306,0,0,1,2,0,0,2,16,0,0,0,0,0,0,0,1,0,0,1,2,0,0,0,0,0,0,0,1,0,0,1,0,0,0,0,0,0.0,0.0,8.0,7.0,40.3,1.4,0.375,0.0,0.0,13.0,9.0,40.0,1.4,0.4375,0.0,0.0,14.0,11.0,40.3,3.2,0.6,2.0,1.0,400.0,0.0,0.0,5,5,177.8,11.0,1548,1167,1328,0.0,0.0,16.0,15.0,36.8,1.6,0.5,0.0,0.0,11.0,7.0,37.3,1.5,0.8333333333333334,0.6,0.0,55.0,-974.0,12.0,8.0,435.0,0.25,0.125,-0.13333333333333333,0.1875,0.0,0.9200000000000003,0.0
66,202110010306,0,0,0,0,1,3,1,27,0,0,0,0,0,0,0,0,1,0,0,3,0,0,0,0,0,0,0,0,1,0,0,0,0,0,0,0,0.0,0.0,15.0,13.0,35.9,0.7,0.9375,0.0,0.0,18.0,15.0,34.7,0.9,1.0,0.0,0.0,14.0,8.0,36.2,0.6,0.75,-2.5,4.0,600.0,0.05,0.225,5,6,13.7,4.0,1601,1263,239,0.0,0.0,9.0,11.0,37.2,2.0,0.5714285714285714,0.0,0.0,14.0,13.0,37.8,2.7,0.9333333333333333,-0.4,0.0,54.0,-1141.0,12.0,16.0,444.0,0.0,0.0,0.0,0.0,0.0,-0.6299999999999997,0.0
67,202110010306,0,0,0,0,0,0,2,16,0,0,0,0,0,0,0,0,0,0,1,2,0,0,0,0,0,0,0,0,0,0,1,0,0,0,0,0,0.0,0.0,80.0,80.0,41.6,3.3,0.4,0.0,0.0,90.0,130.0,37.2,1.6,1.0,0.0,0.0,60.0,90.0,37.7,1.9,0.75,5.0,9.0,400.0,0.20833333333333334,0.4583333333333333,3,3,24.7,6.0,1601,1167,239,0.0,0.0,60.0,120.0,38.6,2.6,0.75,0.0,0.0,90.0,70.0,36.6,0.8,0.42857142857142855,-3.0,0.0,56.0,-855.0,12.0,10.0,451.0,0.3,0.0,0.08333333333333333,-0.0625,0.0,0.8600000000000001,0.0
68,202110010306,0,0,0,6,0,0,2,16,0,0,0,0,0,0,0,0,0,0,1,2,0,0,0,0,0,0,0,0,0,0,1,0,0,0,0,0,0.0,0.0,10.0,3.0,41.2,1.2,0.8,0.0,0.0,11.0,15.0,37.2,1.0,0.5,0.0,0.0,5.0,2.0,35.0,0.1,0.14285714285714285,-0.5,1.0,400.0,0.08333333333333333,0.3333333333333333,8,11,46.2,8.0,1645,1167,1366,0.0,0.0,9.0,6.0,35.3,1.2,0.375,0.0,0.0,14.0,4.0,36.4,0.8,0.5294117647058824,-0.7,0.4,56.0,-1271.0,12.0,10.0,473.0,-0.3,-0.16666666666666666,0.0,0.0,-0.11764705882352941,1.1500000000000015,0.0
69,202110010306,0,0,0,4,2,1,1,12,0,0,0,0,0,0,0,2,1,1,0,4,0,0,0,0,0,0,0,2,0,0,0,3,0,0,0,0,0.0,0.0,50.0,8.0,37.4,1.4,0.5,0.0,0.0,90.0,11.0,39.1,2.9,0.5833333333333334,0.0,0.0,130.0,8.0,39.1,1.5,0.9375,0.0,11.0,880.0,0.0,0.14285714285714285,6,8,75.0,9.0,1333,1428,1294,0.0,0.0,130.0,16.0,36.1,1.7,0.1111111111111111,,,,,,,,2.1,0.0,53.0,-502.0,12.0,12.0,461.0,,0.08333333333333333,-0.125,0.0,,0.3899999999999991,0.0
70,202110010306,0,1,0,9,0,0,0,13,0,0,0,1,0,1,0,3,0,0,0,3,0,0,0,0,0,0,0,1,0,0,0,1,0,0,0,0,0.0,0.0,7.0,12.0,42.6,2.8,0.16666666666666666,0.0,0.0,10.0,13.0,41.8,5.0,1.0,0.0,0.0,10.0,12.0,38.6,3.9,1.0,0.0,-15.0,400.0,0.0,0.0,7,9,137.5,10.0,1009,1345,298,0.0,0.0,10.0,12.0,36.9,2.3,0.3333333333333333,,,,,,,,-0.1,0.0,54.0,-718.0,12.0,12.0,451.0,0.75,0.0,0.0,0.0,,2.0300000000000002,0.0
71,202110010402,1,0,1,1,1,1,1,13,0,0,0,0,0,0,1,0,1,0,0,5,0,0,0,0,0,0,1,0,1,0,0,3,0,0,0,0,0.0,0.0,3.0,5.0,35.1,0.2,0.6666666666666666,0.0,0.0,3.0,3.0,38.2,0.9,0.9090909090909091,0.0,0.0,6.0,3.0,36.8,0.4,0.7333333333333333,-1.0,-2.0,-200.0,0.0,0.0,7,10,11.0,5.0,1222,1559,1328,0.0,0.0,11.0,2.0,35.7,0.0,0.9285714285714286,0.0,0.0,6.0,6.0,36.9,0.8,0.8461538461538461,0.1,0.6,53.0,-1120.0,13.0,9.0,410.0,-0.2222222222222222,-0.36363636363636365,-0.06666666666666667,-0.5,-0.07692307692307693,-0.10999999999999943,0.0
72,202110010402,2,2,4,23,1,0,1,17,0,0,0,2,1,2,2,4,0,0,0,4,0,0,0,0,0,0,0,1,0,0,0,1,0,0,0,0,0.0,0.0,5.0,15.0,39.3,2.2,0.125,0.0,0.0,3.0,3.0,36.1,0.3,0.38461538461538464,0.0,0.0,3.0,3.0,36.1,0.2,0.5833333333333334,-6.0,-2.0,-200.0,0.0,0.09523809523809523,5,6,17.9,7.0,1691,1428,1167,0.0,0.0,5.0,7.0,35.2,1.0,0.375,0.0,0.0,1.0,7.0,36.7,0.5,0.625,-1.2,0.4,53.0,-167.0,13.0,16.0,406.0,0.0,-0.07692307692307693,-0.25,0.0,-0.0625,0.6099999999999988,0.0
73,202110010402,2,2,4,23,0,3,4,26,0,0,0,4,1,2,2,4,0,1,1,4,0,0,0,2,0,0,0,1,0,1,0,2,0,0,0,1,0.0,0.0,13.0,12.0,40.1,2.5,0.8125,0.0,0.0,11.0,14.0,37.2,2.2,0.75,0.0,0.0,10.0,8.0,41.1,3.5,0.07142857142857142,-2.0,0.0,0.0,0.125,0.3125,6,8,15.7,6.0,1691,1263,1167,0.0,0.0,5.0,7.0,38.2,0.5,1.0,0.0,0.0,8.0,7.0,36.8,1.1,1.0,-1.7,0.0,53.0,-664.0,13.0,16.0,484.0,0.0,0.0625,0.42857142857142855,-0.3333333333333333,-0.1,0.5600000000000008,0.0
74,202110010402,0,1,0,7,0,0,0,0,0,0,0,0,0,0,0,0,0,0,0,0,0,0,0,0,0,0,0,0,0,0,0,0,0,0,0,0,0.0,0.0,6.0,11.0,43.9,3.5,0.36363636363636365,0.0,0.0,7.0,11.0,41.9,4.0,0.26666666666666666,0.0,0.0,11.0,10.0,36.7,1.1,0.375,-0.5,22.0,300.0,0.08,0.4,8,13,6.2,3.0,1036,998,1108,0.0,0.0,5.0,7.0,36.0,0.8,0.05555555555555555,0.0,0.0,9.0,12.0,36.8,2.0,0.8125,-0.2,0.0,54.0,-789.0,13.0,11.0,518.0,0.6363636363636364,0.26666666666666666,0.0,0.0,0.0,2.0100000000000002,0.0
75,202110010402,0,2,0,8,0,0,0,5,0,0,0,0,0,0,0,3,0,0,0,0,0,0,0,0,0,0,0,1,0,0,0,0,0,0,0,0,0.0,0.0,11.0,7.0,37.2,1.1,0.8571428571428571,0.0,0.0,6.0,10.0,38.3,0.8,0.75,0.0,0.0,7.0,7.0,38.0,0.7,0.5625,0.0,2.0,400.0,0.11764705882352941,0.2647058823529412,1,1,2.6,1.0,1167,1503,460,0.0,0.0,10.0,6.0,37.8,0.7,0.6,0.0,0.0,13.0,3.0,37.7,0.2,0.6428571428571429,-1.2,0.2,54.0,-1134.0,13.0,14.0,440.0,0.07142857142857142,-0.0625,0.125,0.13333333333333333,0.0,-0.05,0.0
76,202110010402,0,1,0,8,2,2,3,18,0,0,0,0,0,0,0,1,2,0,0,7,0,0,0,0,0,0,0,1,2,0,0,2,0,0,0,0,0.0,0.0,9.0,9.0,42.3,3.7,0.6666666666666666,0.0,0.0,10.0,12.0,37.7,2.0,0.875,0.0,0.0,10.0,13.0,35.4,2.1,0.25,2.0,-2.0,300.0,0.041666666666666664,0.2916666666666667,8,12,64.9,13.0,1098,1405,1294,0.0,0.0,12.0,8.0,36.9,1.6,0.375,0.0,0.0,7.0,15.0,42.9,4.3,0.3125,0.8,0.0,54.0,-276.0,13.0,9.0,424.0,0.1111111111111111,0.0,0.125,0.25,0.5625,-0.039999999999999855,0.0
77,202110010402,0,3,3,12,1,0,1,11,0,0,0,0,0,1,1,4,0,0,0,2,0,0,0,0,0,0,0,3,0,0,0,0,0,0,0,0,0.0,0.0,6.0,5.0,41.3,1.8,1.0,0.0,0.0,11.0,12.0,41.6,2.7,1.0,0.0,0.0,6.0,13.0,37.6,1.4,0.9375,4.0,16.0,300.0,0.0,0.6666666666666666,3,3,28.0,8.0,1304,1294,1503,0.0,0.0,12.0,5.0,36.4,1.3,1.0,0.0,0.0,8.0,7.0,37.6,1.3,0.8461538461538461,-0.3,0.0,54.0,-753.0,13.0,7.0,456.0,0.0,-0.0625,-0.4375,-0.1875,0.07692307692307693,1.2599999999999993,0.0
78,202110010402,1,2,2,22,0,0,0,2,0,0,0,0,0,0,0,7,0,0,0,1,0,0,0,0,0,0,0,1,0,0,0,0,0,0,0,0,0.0,0.0,12.0,14.0,36.5,1.5,0.4117647058823529,0.0,0.0,12.0,6.0,40.1,3.0,0.6153846153846154,0.0,0.0,7.0,6.0,39.1,1.5,0.23076923076923078,-4.0,4.0,-200.0,0.0,0.1111111111111111,7,11,37.1,10.0,1503,351,1263,0.0,0.0,7.0,5.0,40.0,2.4,0.6,0.0,0.0,10.0,7.0,41.0,2.3,0.5333333333333333,-1.5,0.0,53.0,-217.0,13.0,17.0,440.0,0.4117647058823529,0.15384615384615385,0.46153846153846156,0.0,0.13333333333333333,-0.8899999999999999,0.0
79,202110010402,1,0,3,34,0,3,4,26,0,0,0,2,0,0,0,6,0,1,1,4,0,0,0,0,0,0,0,1,0,1,0,2,0,0,0,0,0.0,0.0,10.0,10.0,37.4,1.1,0.3076923076923077,0.0,0.0,11.0,11.0,36.4,1.7,0.35714285714285715,0.0,0.0,11.0,5.0,37.9,1.9,0.125,-2.5,2.0,600.0,0.0,0.1111111111111111,6,9,4.5,2.0,1716,1263,1167,0.0,0.0,10.0,15.0,37.3,2.3,0.7333333333333333,0.0,0.0,8.0,12.0,35.9,1.2,0.75,0.8,0.0,51.0,-987.0,13.0,13.0,450.0,0.07692307692307693,0.21428571428571427,0.0,0.0,0.0625,0.21000000000000013,0.0
80,202110010402,0,0,0,0,0,0,1,0,0,0,0,0,0,0,0,0,0,0,1,0,0,0,0,0,0,0,0,0,0,0,1,0,0,0,0,0,0.0,0.0,70.0,80.0,40.4,2.5,0.625,0.0,0.0,130.0,130.0,36.3,2.0,0.5333333333333333,0.0,0.0,120.0,100.0,39.1,3.1,0.3333333333333333,10.0,17.0,400.0,0.0,0.0,5,7,39.2,11.0,1729,1378,1428,0.0,0.0,110.0,80.0,39.6,2.6,0.6875,0.0,0.0,80.0,80.0,39.6,2.1,0.8181818181818182,-5.0,0.0,54.0,-461.0,13.0,8.0,469.0,0.375,0.0,0.13333333333333333,0.0625,-0.09090909090909091,-0.17000000000000098,0.0
81,202110010402,1,0,0,3,0,0,0,0,0,0,0,0,0,0,0,0,0,0,0,0,0,0,0,0,0,0,0,0,0,0,0,0,0,0,0,0,0.0,0.0,12.0,14.0,36.5,1.5,0.75,0.0,0.0,9.0,11.0,39.6,2.5,0.46153846153846156,0.0,0.0,10.0,11.0,36.5,1.7,0.625,-1.5,0.0,0.0,0.058823529411764705,0.058823529411764705,4,4,28.8,9.0,1376,238,1559,0.0,0.0,6.0,6.0,34.9,1.0,0.7222222222222222,0.0,0.0,6.0,6.0,35.3,0.8,0.5625,-2.1,0.0,52.0,-13.0,13.0,16.0,436.0,0.125,0.23076923076923078,-0.1875,0.0,-0.25,0.7100000000000009,0.0
82,202110010402,0,0,2,11,0,0,0,1,0,0,0,1,0,0,0,3,0,0,0,0,0,0,0,0,0,0,0,1,0,0,0,0,0,0,0,0,0.0,0.0,70.0,9.0,40.5,2.2,0.9090909090909091,0.0,0.0,80.0,8.0,40.0,1.3,0.0625,0.0,0.0,60.0,11.0,38.9,1.5,0.35714285714285715,1.0,38.0,400.0,0.1111111111111111,0.2222222222222222,2,2,8.1,4.0,1127,357,1328,0.0,0.0,40.0,12.0,40.0,2.6,0.38461538461538464,0.0,0.0,30.0,4.0,38.7,0.9,0.2,-0.6,0.0,54.0,-608.0,13.0,11.0,508.0,0.0,0.0,-0.07142857142857142,0.07692307692307693,-0.06666666666666667,0.35999999999999943,0.0
83,202110010402,0,3,3,12,1,1,0,1,0,0,0,0,0,1,1,4,0,0,0,0,0,0,0,0,0,0,0,3,0,0,0,0,0,0,0,0,0.0,0.0,3.0,9.0,43.1,5.8,1.0,0.0,0.0,12.0,13.0,41.4,4.5,0.7692307692307693,0.0,0.0,7.0,8.0,41.2,2.3,0.875,-0.5,34.0,400.0,0.07142857142857142,0.23809523809523808,4,5,57.5,12.0,1304,1713,1503,0.0,0.0,6.0,9.0,35.8,1.1,0.75,,,,,,,,-0.5,0.0,54.0,-303.0,13.0,10.0,516.0,-0.2,0.0,-0.0625,0.0,,2.210000000000001,0.0
84,202110010405,6,3,6,28,0,0,0,1,0,0,0,0,1,1,1,5,0,0,0,0,0,0,0,0,0,0,0,0,0,0,0,0,0,0,0,0,0.0,0.0,110.0,13.0,41.2,3.4,0.38461538461538464,0.0,0.0,120.0,14.0,38.7,2.7,0.9333333333333333,0.0,0.0,70.0,6.0,41.1,2.7,0.18181818181818182,-3.5,22.0,0.0,0.07692307692307693,0.38461538461538464,8,16,9.2,5.0,1428,533,1263,0.0,0.0,110.0,14.0,37.2,2.3,0.125,0.0,0.0,130.0,12.0,35.6,1.4,0.07692307692307693,-0.2,0.0,54.0,-678.0,16.0,13.0,454.0,-0.07692307692307693,0.0,0.0,0.25,0.0,1.2700000000000002,0.0
85,202110010405,0,0,0,0,3,4,1,18,0,0,0,0,0,0,0,0,1,1,0,2,0,0,0,0,0,0,0,0,0,0,0,1,0,0,0,0,0.0,0.0,10.0,8.0,38.4,2.4,0.5714285714285714,0.0,0.0,10.0,4.0,39.8,0.6,0.6428571428571429,0.0,0.0,7.0,11.0,40.3,1.9,0.8571428571428571,1.5,-8.0,100.0,0.11764705882352941,0.35294117647058826,7,13,7.4,4.0,1672,1013,1167,0.0,0.0,9.0,14.0,37.2,1.8,0.875,0.0,0.0,3.0,7.0,36.6,1.1,0.5333333333333333,0.8,0.0,55.0,-224.0,16.0,14.0,496.0,0.07142857142857142,-0.14285714285714285,-0.21428571428571427,-0.0625,0.13333333333333333,0.6199999999999989,0.0
86,202110010405,0,1,0,8,1,0,1,17,0,0,0,0,0,0,0,1,0,0,0,4,0,0,0,0,0,0,0,0,0,0,0,0,0,0,0,0,0.0,0.0,3.0,12.0,34.9,0.9,0.1875,0.0,0.0,8.0,3.0,36.8,0.3,0.125,,,,,,,,-9.0,-4.0,200.0,0.06976744186046512,0.23255813953488372,2,4,21.4,8.0,1098,1428,1294,,,,,,,,,,,,,,,-9.0,0.5,56.0,-21.0,16.0,16.0,474.0,0.0,0.0,,,,-1.8999999999999986,0.0
87,202110010405,3,1,2,17,1,0,0,6,0,0,0,1,1,0,0,6,0,0,0,1,0,0,0,0,0,0,0,0,0,0,0,0,0,0,0,0,0.0,0.0,12.0,5.0,42.0,0.7,0.16666666666666666,0.0,0.0,15.0,17.0,35.6,2.1,0.3333333333333333,0.0,0.0,9.0,11.0,37.5,1.9,0.2,3.0,5.0,400.0,0.0,0.1,1,2,5.3,2.0,1090,1393,1169,0.0,0.0,10.0,12.0,35.0,1.3,0.4444444444444444,0.0,0.0,4.0,6.0,36.8,0.5,0.125,-0.3,0.0,51.0,-1264.0,16.0,12.0,415.0,0.0,0.1111111111111111,0.0,0.05555555555555555,0.0625,1.1000000000000008,0.0
88,202110010405,1,0,0,12,0,0,2,12,0,0,0,0,0,0,0,2,0,0,1,0,0,0,0,0,0,0,0,0,0,0,0,0,0,0,0,0,0.0,0.0,4.0,7.0,42.4,1.0,0.16666666666666666,0.0,0.0,12.0,10.0,41.9,1.9,0.0625,0.0,0.0,14.0,10.0,35.5,1.5,0.6,1.5,18.0,300.0,0.0,0.13636363636363635,3,6,35.2,11.0,1561,1235,1263,0.0,0.0,10.0,9.0,36.9,1.0,0.1875,0.0,0.0,6.0,11.0,35.8,1.5,0.75,0.7,0.0,53.0,-613.0,16.0,12.0,486.0,0.0,0.0,0.13333333333333333,0.0625,0.25,1.8200000000000003,0.0
89,202110010405,6,3,6,28,1,0,0,1,0,0,0,0,1,1,1,5,1,0,0,0,0,0,0,0,0,0,0,0,0,0,0,0,0,0,0,0,0.0,0.0,4.0,13.0,43.8,4.9,0.375,0.0,0.0,8.0,3.0,33.4,0.4,0.4117647058823529,0.0,0.0,10.0,12.0,37.3,1.9,0.4,-0.5,0.0,100.0,0.1,0.2,8,15,6.9,3.0,1428,857,1263,0.0,0.0,5.0,13.0,38.7,2.7,0.4375,0.0,0.0,3.0,6.0,36.8,0.4,0.25,-0.4,0.2,54.0,-209.0,16.0,16.0,414.0,0.125,0.0,0.0,0.0,-0.125,0.8699999999999996,0.0
90,202110010405,0,1,0,8,0,1,0,9,0,0,0,0,0,0,0,1,0,0,0,4,0,0,0,0,0,0,0,0,0,0,0,0,0,0,0,0,0.0,0.0,5.0,4.0,36.5,0.9,0.6875,0.0,0.0,8.0,6.0,35.9,0.9,0.7692307692307693,0.0,0.0,4.0,10.0,37.8,1.2,0.75,3.0,-4.0,-100.0,0.0,0.0,6,11,60.6,14.0,1098,1482,1294,0.0,0.0,1.0,9.0,38.6,1.1,0.4,0.0,0.0,4.0,3.0,36.8,0.2,0.75,0.1,0.2,56.0,-1154.0,16.0,16.0,490.0,-0.0625,0.0,-0.125,-0.2,-0.16666666666666666,-0.32999999999999974,0.0
91,202110010405,2,1,1,1,1,0,1,9,0,0,0,0,1,1,0,1,0,0,0,0,0,0,0,0,0,0,0,0,0,0,0,0,0,0,0,0,0.0,0.0,,,,,,0.0,0.0,130.0,12.0,38.9,2.6,1.0,0.0,0.0,90.0,12.0,39.7,2.2,0.4,0.0,,600.0,0.0,0.0,3,5,29.1,9.0,1674,1366,1428,0.0,0.0,70.0,10.0,37.6,1.1,0.5625,0.0,0.0,90.0,7.0,37.0,1.0,0.4375,-1.7,0.0,56.0,-616.0,16.0,11.0,,,0.0,0.0,0.0,0.0625,0.7799999999999997,0.0
92,202110010405,0,0,0,6,0,0,0,0,0,0,0,0,0,0,0,0,0,0,0,0,0,0,0,0,0,0,0,0,0,0,0,0,0,0,0,0,0.0,0.0,11.0,9.0,40.0,1.3,0.6666666666666666,0.0,0.0,13.0,8.0,35.6,1.0,0.6666666666666666,0.0,0.0,10.0,7.0,35.0,0.7,0.8571428571428571,-1.0,31.0,200.0,0.0,0.07692307692307693,7,14,50.9,12.0,1306,1033,1445,0.0,0.0,4.0,9.0,39.5,2.4,0.6666666666666666,0.0,0.0,8.0,5.0,39.4,1.4,0.5333333333333333,-0.7,0.0,56.0,-1070.0,16.0,12.0,491.0,0.16666666666666666,-0.05555555555555555,-0.07142857142857142,-0.2,0.06666666666666667,-0.2699999999999996,0.0
93,202110010405,4,2,1,18,0,0,0,0,0,0,0,0,1,0,0,7,0,0,0,0,0,0,0,0,0,0,0,0,0,0,0,0,0,0,0,0,0.0,0.0,10.0,1.0,41.1,0.0,0.3333333333333333,0.0,0.0,110.0,11.0,40.9,3.1,0.5384615384615384,0.0,0.0,90.0,8.0,37.7,3.1,0.4444444444444444,3.5,36.0,400.0,0.06666666666666667,0.13333333333333333,2,3,31.3,10.0,1393,1552,1263,0.0,0.0,120.0,8.0,39.2,2.4,0.75,0.0,0.0,80.0,10.0,39.3,1.8,0.5333333333333333,1.5,0.2,54.0,-1193.0,16.0,12.0,502.0,-0.25,0.0,0.0,-0.3125,0.2,0.5300000000000005,0.0
94,202110010405,1,0,3,34,2,2,3,18,0,0,1,0,0,0,0,6,2,0,0,7,0,0,0,0,0,0,0,0,0,0,0,0,0,0,0,0,0.0,0.0,9.0,16.0,44.5,6.1,0.125,0.0,0.0,10.0,14.0,42.6,4.9,0.06666666666666667,0.0,0.0,9.0,17.0,35.0,3.5,1.0,0.5,-6.0,400.0,0.17857142857142858,0.21428571428571427,1,1,16.3,7.0,1716,1405,1167,0.0,0.0,7.0,11.0,37.7,1.1,0.0625,,,,,,,,-1.2,0.0,53.0,-153.0,16.0,16.0,468.0,0.3125,0.0,0.0,0.0,,2.7999999999999994,0.0
95,202110010405,0,0,0,0,0,0,0,0,0,0,0,0,0,0,0,0,0,0,0,0,0,0,0,0,0,0,0,0,0,0,0,0,0,0,0,0,0.0,0.0,6.0,7.0,36.8,1.0,0.75,0.0,0.0,3.0,12.0,42.3,3.4,0.14285714285714285,0.0,0.0,5.0,5.0,41.1,0.6,0.06666666666666667,-1.0,-16.0,600.0,0.11428571428571428,0.2571428571428571,4,8,2.9,1.0,1463,286,1167,0.0,0.0,1.0,12.0,37.5,1.8,0.75,,,,,,,,0.8,0.0,54.0,-98.0,16.0,16.0,492.0,0.0,0.14285714285714285,0.0,0.0625,,-0.09000000000000127,0.0
96,202110010405,0,2,1,2,1,0,1,17,0,0,0,0,0,0,0,1,0,0,0,4,0,0,0,0,0,0,0,0,0,0,0,0,0,0,0,0,0.0,0.0,10.0,10.0,40.9,2.6,0.5454545454545454,0.0,0.0,7.0,11.0,39.3,2.6,0.5833333333333334,0.0,0.0,11.0,10.0,35.0,2.8,0.75,0.0,-6.0,500.0,0.07692307692307693,0.23076923076923078,6,12,116.4,16.0,1655,1428,239,0.0,0.0,11.0,8.0,35.0,1.0,0.6875,0.0,0.0,15.0,7.0,35.9,1.8,0.4666666666666667,-0.9,0.0,56.0,-945.0,16.0,11.0,442.0,0.45454545454545453,0.0,-0.0625,-0.0625,0.0,1.4299999999999997,0.0
97,202110010405,1,0,1,1,0,0,0,2,0,0,0,0,0,0,1,0,0,0,0,1,0,0,0,0,0,0,0,0,0,0,0,0,0,0,0,0,0.0,0.0,60.0,8.0,40.3,2.6,0.9,0.0,0.0,140.0,14.0,38.7,4.2,0.7333333333333333,0.0,0.0,60.0,14.0,38.0,2.2,0.4375,3.0,22.0,500.0,0.04,0.28,5,9,15.3,6.0,1222,1379,1328,,,,,,,,,,,,,,,3.0,0.0,54.0,-819.0,16.0,10.0,456.0,0.0,0.2,0.25,,,1.1499999999999986,0.0
98,202110010405,1,1,1,8,3,4,1,18,0,0,0,0,0,0,0,1,1,1,0,2,0,0,0,0,0,0,0,0,0,0,0,1,0,0,0,0,0.0,0.0,60.0,10.0,40.7,2.8,0.9,0.0,0.0,140.0,12.0,37.6,2.3,0.6666666666666666,0.0,0.0,160.0,9.0,41.5,1.3,0.75,-0.5,27.0,400.0,0.2,0.2,4,7,96.5,15.0,1317,1013,1186,0.0,0.0,140.0,7.0,41.7,2.8,0.2857142857142857,0.0,0.0,140.0,8.0,39.8,3.3,0.6428571428571429,-0.9,0.0,53.0,-716.0,16.0,10.0,467.0,0.1,0.0,-0.25,0.07142857142857142,0.07142857142857142,-0.229999999999999,0.0
99,202110010405,1,0,3,34,1,0,1,3,0,0,0,0,0,0,0,6,0,0,0,0,0,0,0,0,0,0,0,0,0,0,0,0,0,0,0,0,0.0,0.0,14.0,14.0,36.8,4.8,1.0,0.0,0.0,13.0,16.0,43.4,10.8,0.8125,,,,,,,,2.0,8.0,300.0,0.12121212121212122,0.24242424242424243,5,10,53.5,13.0,1716,1445,1167,,,,,,,,,,,,,,,2.0,0.0,56.0,-203.0,16.0,14.0,474.0,0.0,0.1875,,,,-6.600000000000001,0.0
100,202110010409,2,0,1,6,0,0,0,0,0,0,0,0,1,0,0,4,0,0,0,0,0,0,0,0,0,0,0,0,0,0,0,0,0,0,0,0,0.0,0.0,12.0,11.0,35.7,1.8,0.4166666666666667,0.0,0.0,13.0,11.0,36.3,1.0,0.8461538461538461,0.0,0.0,15.0,12.0,36.7,1.6,0.5333333333333333,0.5,6.0,-200.0,0.04878048780487805,0.21951219512195122,1,1,15.3,7.0,1431,697,1428,0.0,0.0,9.0,12.0,38.8,3.5,0.75,0.0,0.0,12.0,12.0,34.1,0.7,0.8333333333333334,0.3,0.0,54.0,-398.0,14.0,12.0,490.0,0.08333333333333333,0.07692307692307693,0.13333333333333333,0.08333333333333333,-0.16666666666666666,0.07000000000000028,0.0
101,202110010409,0,0,2,11,0,0,0,0,0,0,0,0,0,0,0,3,0,0,0,0,0,0,0,0,0,0,0,0,0,0,0,0,0,0,0,0,0.0,0.0,8.0,10.0,36.2,2.1,0.25,0.0,0.0,8.0,15.0,39.5,2.3,0.25,0.0,0.0,9.0,14.0,37.3,1.9,0.125,2.0,-6.0,0.0,0.12121212121212122,0.24242424242424243,6,9,9.9,5.0,1127,982,1328,0.0,0.0,5.0,11.0,38.4,2.3,0.18181818181818182,0.0,0.0,5.0,5.0,36.3,0.8,0.7272727272727273,-1.4,0.0,54.0,-370.0,14.0,12.0,458.0,0.0,0.0,0.0,0.09090909090909091,-0.36363636363636365,0.09000000000000127,0.0
102,202110010409,4,2,1,18,0,0,1,3,0,0,0,1,1,0,0,7,0,0,0,0,0,0,0,0,1,0,0,3,0,0,0,0,0,0,0,0,0.0,0.0,5.0,7.0,35.8,1.4,0.2,0.0,0.0,6.0,8.0,34.3,0.9,0.36363636363636365,0.0,0.0,11.0,10.0,35.1,0.6,0.05555555555555555,1.5,0.0,-200.0,0.08333333333333333,0.16666666666666666,7,11,6.1,3.0,1393,577,1263,0.0,0.0,9.0,16.0,37.4,1.8,0.375,0.0,0.0,11.0,10.0,35.7,0.9,0.6875,1.4,0.0,54.0,-601.0,14.0,10.0,514.0,0.0,0.2727272727272727,0.0,-0.0625,0.125,-0.29000000000000126,0.0
103,202110010409,6,3,6,28,0,1,0,20,0,1,0,0,1,1,1,5,0,1,0,4,0,1,0,0,0,0,0,3,0,0,0,0,0,0,0,0,0.0,0.0,4.0,3.0,35.8,0.7,1.0,0.0,0.0,1.0,3.0,34.9,0.3,0.9,0.0,0.0,1.0,9.0,36.5,1.2,1.0,3.0,0.0,-200.0,0.0,0.0,8,13,5.9,2.0,1428,1167,1263,0.0,0.0,2.0,3.0,35.5,0.2,0.4,0.0,0.0,5.0,3.0,35.1,0.5,0.5,0.0,0.8,53.0,-161.0,14.0,11.0,446.0,-0.18181818181818182,-0.1,-0.23076923076923078,-0.13333333333333333,0.14285714285714285,0.079999999999999,0.0
104,202110010409,2,2,4,23,0,2,2,17,0,1,2,1,1,2,2,4,0,1,2,2,0,1,2,0,1,0,2,2,0,0,2,0,0,0,2,0,0.0,0.0,15.0,,,,0.3125,0.0,0.0,11.0,13.0,36.2,1.4,0.5,0.0,0.0,14.0,9.0,37.3,1.0,0.625,-4.0,-2.0,0.0,0.0,0.125,5,8,8.8,4.0,1691,1556,1167,0.0,0.0,7.0,9.0,35.9,1.9,0.5454545454545454,0.0,0.0,10.0,12.0,37.1,2.4,0.125,-0.3,0.0,51.0,-356.0,14.0,16.0,466.0,0.6875,0.3125,-0.0625,0.45454545454545453,0.0,-0.12999999999999973,0.0
105,202110010409,1,0,1,9,0,0,0,4,0,0,0,0,0,0,0,2,0,0,0,0,0,0,0,0,0,0,0,0,0,0,0,0,0,0,0,0,0.0,0.0,9.0,9.0,37.6,1.9,0.7142857142857143,0.0,0.0,3.0,8.0,39.9,1.5,0.25,0.0,0.0,6.0,8.0,37.0,1.4,0.3,-0.5,-4.0,600.0,0.18518518518518517,0.2222222222222222,4,5,2.9,1.0,1152,1551,1428,0.0,0.0,9.0,16.0,36.5,1.6,0.05555555555555555,0.0,0.0,6.0,3.0,36.0,0.3,0.15384615384615385,-0.4,0.2,53.0,-280.0,14.0,14.0,452.0,-0.14285714285714285,0.125,0.2,0.0,0.0,0.6600000000000001,0.0
106,202110010409,6,3,6,28,0,0,0,1,0,0,0,0,1,1,1,5,0,0,0,0,0,0,0,0,0,0,0,3,0,0,0,0,0,0,0,0,0.0,0.0,12.0,11.0,35.5,1.3,0.5,0.0,0.0,14.0,7.0,39.8,0.7,0.9285714285714286,0.0,0.0,6.0,7.0,36.5,1.2,0.6428571428571429,-2.0,18.0,300.0,0.08333333333333333,0.4166666666666667,5,7,12.2,6.0,1428,1541,1263,0.0,0.0,10.0,14.0,34.2,0.8,0.9444444444444444,0.0,0.0,7.0,7.0,35.2,1.3,0.7,-0.1,0.0,54.0,-154.0,14.0,14.0,432.0,0.0,0.0,0.07142857142857142,0.0,0.0,0.6199999999999989,0.0
107,202110010409,0,0,2,11,0,0,0,0,0,0,0,0,0,0,0,3,0,0,0,0,0,0,0,0,0,0,0,0,0,0,0,0,0,0,0,0,0.0,0.0,4.0,7.0,41.9,1.0,0.18181818181818182,0.0,0.0,14.0,9.0,38.5,1.9,0.6666666666666666,0.0,0.0,10.0,10.0,37.2,1.7,0.4166666666666667,1.5,9.0,400.0,0.0,0.125,3,4,30.6,10.0,1127,660,1328,0.0,0.0,10.0,13.0,37.5,1.5,0.5333333333333333,0.0,0.0,11.0,13.0,39.9,3.0,0.9333333333333333,1.6,0.0,53.0,-685.0,14.0,11.0,529.0,0.2727272727272727,-0.13333333333333333,0.3333333333333333,0.13333333333333333,-0.26666666666666666,0.5,0.0
108,202110010409,0,0,0,8,1,1,0,2,0,0,0,0,0,0,0,2,0,0,0,0,0,0,0,0,0,0,0,0,0,0,0,0,0,0,0,0,0.0,0.0,9.0,9.0,41.2,2.6,0.7777777777777778,0.0,0.0,13.0,15.0,38.4,6.1,1.0,0.0,0.0,12.0,13.0,36.6,1.8,0.2857142857142857,2.0,3.0,400.0,0.0625,0.0625,7,12,32.1,11.0,1548,1650,1328,0.0,0.0,11.0,9.0,37.0,1.3,0.21428571428571427,0.0,0.0,12.0,13.0,37.4,2.2,0.29411764705882354,0.2,0.0,52.0,-369.0,14.0,9.0,435.0,0.2222222222222222,0.0,0.35714285714285715,0.21428571428571427,0.47058823529411764,0.9000000000000007,0.0
109,202110010409,1,0,3,34,3,4,1,18,0,0,0,0,0,0,0,6,1,1,0,2,0,0,0,0,0,0,0,3,0,1,0,0,0,0,0,0,0.0,0.0,16.0,13.0,36.6,1.0,0.8125,0.0,0.0,14.0,10.0,37.2,1.1,0.8,0.0,0.0,15.0,13.0,37.3,1.0,0.875,0.0,14.0,100.0,0.0,0.0,4,6,17.7,9.0,1716,1013,1167,0.0,0.0,11.0,6.0,37.3,1.3,0.9333333333333333,0.0,0.0,8.0,1.0,37.6,0.0,0.75,-2.8,0.2,53.0,-720.0,14.0,16.0,472.0,-0.0625,-0.06666666666666667,-0.125,-0.26666666666666666,-0.16666666666666666,-0.20999999999999944,0.0
110,202110010409,2,2,4,23,1,0,1,17,0,0,0,2,1,2,2,4,0,0,0,4,0,0,0,0,1,0,2,2,0,0,0,1,0,0,0,0,0.0,0.0,11.0,11.0,38.1,1.9,0.9166666666666666,0.0,0.0,11.0,11.0,35.6,0.8,0.6666666666666666,0.0,0.0,8.0,11.0,36.9,1.5,1.0,0.0,6.0,400.0,0.125,0.25,2,2,15.7,8.0,1691,1428,1167,0.0,0.0,16.0,8.0,34.2,0.5,0.6666666666666666,0.0,0.0,14.0,,,,1.0,-0.9,0.0,55.0,-359.0,14.0,12.0,428.0,0.08333333333333333,0.0,-0.5,0.05555555555555555,,1.0399999999999998,0.0
111,202110010409,1,0,3,34,0,1,1,5,0,0,1,0,0,0,0,6,0,1,0,2,0,0,0,0,0,0,0,3,0,1,0,0,0,0,0,0,0.0,0.0,16.0,16.0,38.3,1.8,0.5625,0.0,0.0,14.0,10.0,36.1,0.7,0.1875,0.0,0.0,12.0,12.0,37.6,1.5,0.25,-2.0,4.0,600.0,0.0,0.0,6,10,39.7,12.0,1716,1328,1167,0.0,0.0,12.0,13.0,35.5,1.2,0.38461538461538464,0.0,0.0,14.0,11.0,36.4,1.5,0.875,-0.7,0.0,55.0,-315.0,14.0,16.0,476.0,0.0,-0.0625,0.08333333333333333,0.0,0.0625,0.43999999999999984,0.0
112,202110010409,0,2,0,8,0,2,2,17,0,0,0,0,0,0,0,3,0,1,2,2,0,0,0,0,0,0,0,0,0,0,2,0,0,0,0,0,0.0,0.0,18.0,9.0,35.4,1.0,0.6111111111111112,0.0,0.0,18.0,13.0,35.1,1.1,0.8333333333333334,0.0,0.0,13.0,9.0,38.0,0.9,0.5714285714285714,0.0,2.0,600.0,0.0,0.0,8,14,120.0,13.0,1167,1556,460,0.0,0.0,13.0,13.0,37.7,2.1,0.35714285714285715,0.0,0.0,8.0,9.0,36.5,1.7,1.0,0.0,0.0,52.0,-41.0,14.0,18.0,448.0,-0.05555555555555555,0.16666666666666666,0.21428571428571427,0.14285714285714285,0.0,-0.4800000000000004,0.0
113,202110010409,0,0,0,2,0,0,0,2,0,0,0,0,0,0,0,0,0,0,0,1,0,0,0,0,0,0,0,0,0,0,0,0,0,0,0,0,0.0,0.0,6.0,2.0,40.5,0.3,0.9090909090909091,0.0,0.0,12.0,11.0,34.9,1.3,1.0,0.0,0.0,14.0,14.0,37.7,2.8,0.7857142857142857,6.0,5.0,400.0,,,3,3,184.9,14.0,1509,1639,1110,0.0,0.0,16.0,14.0,38.3,1.8,0.8125,0.0,0.0,15.0,13.0,37.8,3.1,0.9333333333333333,2.5,0.2,54.0,-1157.0,14.0,11.0,439.0,-0.36363636363636365,0.0,0.14285714285714285,0.0,0.0,0.2000000000000007,0.0
114,202110010510,2,1,1,16,7,7,8,94,0,0,0,0,0,0,1,1,1,0,5,26,0,0,0,0,0,0,0,0,0,0,1,10,0,0,0,0,0.0,0.0,14.0,11.0,34.3,0.8,1.0,0.0,0.0,12.0,10.0,34.7,1.0,0.7142857142857143,0.0,0.0,12.0,4.0,33.6,0.8,0.9166666666666666,-3.5,6.0,-600.0,0.06818181818181818,0.25,2,4,17.9,7.0,1655,1263,239,0.0,0.0,15.0,6.0,34.5,0.7,0.6666666666666666,0.0,0.0,17.0,16.0,36.2,1.7,0.9411764705882353,0.6,0.0,57.0,-1225.0,16.0,14.0,486.0,-0.07142857142857142,-0.07142857142857142,-0.08333333333333333,0.0,0.0,-0.3600000000000009,0.0
115,202110010510,7,6,3,55,0,0,0,0,0,0,0,0,3,2,0,19,0,0,0,0,0,0,0,0,0,0,0,1,0,0,0,0,0,0,0,0,0.0,0.0,5.0,6.0,37.9,1.4,0.9166666666666666,0.0,0.0,13.0,12.0,34.6,0.8,0.8125,0.0,0.0,6.0,5.0,35.1,0.7,1.0,-0.5,-11.0,-100.0,0.0625,0.125,5,10,3.8,2.0,1736,568,1482,0.0,0.0,13.0,8.0,34.2,0.8,1.0,0.0,0.0,13.0,10.0,35.1,1.0,0.8461538461538461,0.4,0.0,56.0,-1145.0,16.0,12.0,497.0,-0.16666666666666666,0.0,-0.14285714285714285,0.0,0.07692307692307693,0.5999999999999993,0.0
116,202110010510,3,3,3,41,0,0,0,13,0,0,0,0,2,1,1,14,0,0,0,3,0,0,0,0,0,0,0,3,0,0,0,1,0,0,0,0,0.0,0.0,8.0,7.0,40.3,2.2,0.75,0.0,0.0,13.0,14.0,38.7,3.0,0.0625,0.0,0.0,8.0,3.0,36.3,0.4,0.13333333333333333,-2.0,14.0,400.0,0.1724137931034483,0.20689655172413793,1,1,16.9,6.0,1561,1417,1263,0.0,0.0,9.0,10.0,38.9,2.0,0.3333333333333333,0.0,0.0,8.0,11.0,35.5,1.1,0.8461538461538461,0.4,0.2,57.0,-902.0,16.0,8.0,504.0,0.0,0.0625,-0.06666666666666667,0.16666666666666666,-0.23076923076923078,0.9399999999999998,0.0
117,202110010510,8,7,5,57,7,4,7,49,0,2,0,3,4,3,1,11,2,1,2,10,0,0,0,1,1,0,0,5,1,0,0,1,0,0,0,0,0.0,0.0,2.0,6.0,13.4,2.5,0.375,0.0,0.0,9.0,6.0,13.7,1.9,0.5833333333333334,0.0,0.0,9.0,9.0,39.2,2.4,0.7333333333333333,1.5,-6.0,-1050.0,0.0,0.0,8,16,37.6,11.0,1127,1294,1328,0.0,0.0,8.0,7.0,39.8,1.8,0.5555555555555556,0.0,0.0,7.0,10.0,41.5,3.9,0.6,0.9,0.0,57.0,-575.0,16.0,8.0,456.0,0.0,-0.16666666666666666,-0.2,0.0,-0.13333333333333333,-8.229999999999999,0.0
118,202110010510,0,1,1,15,1,7,2,30,0,0,0,6,0,0,0,1,0,4,0,9,0,0,0,0,0,0,0,0,0,1,0,1,0,0,0,0,0.0,0.0,100.0,8.0,36.7,0.6,0.1875,0.0,0.0,140.0,11.0,38.6,1.0,0.0625,0.0,0.0,70.0,13.0,36.4,1.2,0.3076923076923077,2.5,4.0,0.0,0.0,0.0,5,9,33.0,9.0,1674,1306,1428,0.0,0.0,90.0,13.0,37.4,1.3,0.125,0.0,0.0,130.0,12.0,34.8,1.1,0.14285714285714285,1.0,0.0,56.0,13.0,16.0,16.0,462.0,0.0,0.0,0.46153846153846156,0.125,0.0,0.5000000000000014,0.0
119,202110010510,0,0,0,1,0,0,0,2,0,0,0,1,0,0,0,1,0,0,0,1,0,0,0,1,0,0,0,1,0,0,0,1,0,0,0,1,0.0,0.0,10.0,12.0,50.7,12.7,1.0,0.0,0.0,10.0,10.0,35.4,1.6,0.8,0.0,0.0,12.0,11.0,34.1,1.1,1.0,-0.5,-11.0,500.0,0.0,0.5,4,7,29.2,8.0,1232,1281,1263,0.0,0.0,13.0,15.0,34.5,1.5,0.8333333333333334,0.0,0.0,9.0,6.0,34.5,0.5,0.7857142857142857,-0.7,0.0,57.0,-1093.0,16.0,12.0,453.0,0.0,-0.1,-0.07692307692307693,0.05555555555555555,0.0,3.3300000000000005,0.0
120,202110010510,3,3,0,30,7,7,8,94,0,1,0,4,0,0,0,3,1,0,5,26,0,0,0,0,0,0,0,0,0,0,1,10,0,0,0,0,0.0,0.0,9.0,8.0,35.2,0.6,0.2222222222222222,0.0,0.0,10.0,9.0,37.1,1.3,0.36363636363636365,0.0,0.0,12.0,12.0,40.9,3.1,0.75,2.0,0.0,-800.0,0.0,0.0,8,15,14.5,5.0,1183,1263,1558,0.0,0.0,13.0,4.0,39.1,1.8,0.4666666666666667,0.0,0.0,16.0,11.0,39.0,1.8,0.6875,0.1,0.0,56.0,-1141.0,16.0,9.0,470.0,0.0,0.2727272727272727,-0.0625,0.06666666666666667,-0.3125,-0.9599999999999994,0.0
121,202110010510,6,4,3,33,10,5,7,57,2,2,1,4,1,1,1,8,2,0,2,15,0,0,1,1,0,0,0,0,0,0,0,5,0,0,0,0,0.0,0.0,8.0,9.0,35.3,1.6,0.7,0.0,0.0,13.0,10.0,34.9,0.6,0.5625,0.0,0.0,9.0,6.0,34.2,0.9,0.8,-1.5,6.0,200.0,0.11764705882352941,0.23529411764705882,3,6,12.6,3.0,1098,1167,1294,0.0,0.0,13.0,11.0,35.1,0.6,0.3888888888888889,0.0,0.0,7.0,12.0,35.9,1.5,0.5714285714285714,0.7,0.0,54.0,-722.0,16.0,10.0,460.0,0.0,0.0625,0.0,0.1111111111111111,0.07142857142857142,-0.14000000000000057,0.0
122,202110010510,6,4,7,72,7,7,8,94,2,1,1,17,2,1,1,26,1,0,5,26,1,0,0,7,1,1,0,9,0,0,1,10,0,0,0,2,0.0,0.0,7.0,5.0,39.3,3.2,0.875,0.0,0.0,10.0,11.0,39.4,2.3,0.7272727272727273,0.0,0.0,16.0,9.0,35.2,0.8,0.75,2.0,-5.0,400.0,0.0,0.0,6,12,205.9,16.0,1506,1263,199,0.0,0.0,15.0,7.0,38.5,1.5,0.5333333333333333,0.0,0.0,16.0,7.0,37.6,1.1,0.6875,0.0,0.0,57.0,-560.0,16.0,8.0,465.0,-0.125,-0.09090909090909091,-0.1875,-0.26666666666666666,0.0,0.429999999999999,0.0
123,202110010510,0,1,1,15,0,0,0,0,0,0,0,0,0,0,0,1,0,0,0,0,0,0,0,0,0,0,0,0,0,0,0,0,0,0,0,0,0.0,0.0,4.0,9.0,37.9,1.3,0.375,0.0,0.0,1.0,4.0,37.2,0.5,0.13333333333333333,0.0,0.0,5.0,2.0,37.4,0.9,0.13333333333333333,-3.5,4.0,600.0,0.16666666666666666,0.16666666666666666,7,14,45.1,12.0,1674,216,1428,0.0,0.0,8.0,2.0,37.4,0.1,0.13333333333333333,0.0,0.0,6.0,10.0,37.3,1.3,0.125,0.0,0.4,56.0,-225.0,16.0,16.0,512.0,0.1875,0.0,0.06666666666666667,0.0,0.125,0.10000000000000071,0.0
124,202110010510,0,0,2,10,0,1,1,7,0,0,0,0,0,0,0,1,0,0,0,1,0,0,0,0,0,0,0,0,0,0,0,0,0,0,0,0,0.0,0.0,5.0,5.0,13.3,2.5,0.8888888888888888,0.0,0.0,6.0,10.0,13.6,4.6,0.9285714285714286,0.0,0.0,10.0,8.0,13.6,4.5,0.8181818181818182,1.5,4.0,-2100.0,0.0,0.09090909090909091,6,11,49.3,13.0,1468,1574,1328,0.0,0.0,2.0,,,,0.42857142857142855,0.0,0.0,10.0,3.0,13.6,0.9,0.3076923076923077,-0.8,0.25,57.0,-469.0,16.0,9.0,448.0,-0.2222222222222222,-0.14285714285714285,0.0,-0.14285714285714285,0.0,-0.08999999999999968,0.0
125,202110010510,0,1,0,7,0,0,0,16,0,0,0,0,0,1,0,0,0,0,0,4,0,0,0,0,0,0,0,0,0,0,0,0,0,0,0,0,0.0,0.0,110.0,10.0,35.4,1.2,0.9166666666666666,0.0,0.0,80.0,5.0,34.4,0.9,1.0,0.0,0.0,100.0,10.0,35.5,1.1,0.9166666666666666,0.0,0.0,-200.0,0.1111111111111111,0.3888888888888889,3,5,33.5,10.0,1399,1036,1428,0.0,0.0,70.0,9.0,36.2,1.1,1.0,0.0,0.0,80.0,8.0,35.1,1.5,0.8888888888888888,0.0,0.0,57.0,-834.0,16.0,12.0,482.0,0.0,0.0,0.0,-0.5,-0.2222222222222222,-0.120000000000001,0.0
126,202110010510,21,21,21,102,0,0,2,3,0,0,0,0,9,7,7,29,0,0,0,2,0,0,0,0,3,4,1,9,0,0,0,1,0,0,0,0,0.0,0.0,3.0,6.0,34.7,1.1,0.3333333333333333,0.0,0.0,8.0,13.0,36.0,1.2,0.3333333333333333,0.0,0.0,5.0,3.0,34.2,0.6,0.46153846153846156,-1.5,0.0,200.0,0.1111111111111111,0.25,1,2,2.1,1.0,1428,1079,1263,0.0,0.0,5.0,2.0,32.9,0.1,0.36363636363636365,0.0,0.0,2.0,8.0,34.8,0.7,0.3,-0.7,0.4,54.0,-743.0,16.0,12.0,458.0,0.0,0.0,0.0,0.09090909090909091,0.2,0.29000000000000126,0.0
127,202110010510,8,7,5,57,6,6,4,55,1,1,0,4,4,3,1,11,4,2,0,10,1,0,0,0,1,0,0,5,0,0,0,1,0,0,0,0,0.0,0.0,9.0,10.0,42.7,3.7,0.18181818181818182,0.0,0.0,14.0,15.0,38.9,4.0,0.9333333333333333,0.0,0.0,14.0,15.0,37.1,2.8,0.13333333333333333,2.5,19.0,400.0,0.2,0.2,4,8,184.0,15.0,1127,1558,1328,0.0,0.0,16.0,16.0,37.6,2.5,0.25,0.0,0.0,16.0,15.0,38.4,2.8,0.125,1.1,0.0,54.0,-1134.0,16.0,11.0,447.0,0.45454545454545453,0.0,0.0,0.0,0.0,0.9900000000000005,0.0
128,202110010510,0,2,2,8,0,0,1,0,0,0,1,0,0,1,0,3,0,0,0,0,0,0,0,0,0,0,0,0,0,0,0,0,0,0,0,0,0.0,0.0,12.0,13.0,40.1,2.9,1.0,0.0,0.0,18.0,12.0,35.5,1.3,0.3888888888888889,0.0,0.0,8.0,16.0,38.3,3.2,0.3125,1.5,-3.0,400.0,0.038461538461538464,0.2692307692307692,2,3,13.4,4.0,1222,63,1328,0.0,0.0,13.0,8.0,37.6,1.4,0.5625,0.0,0.0,9.0,9.0,35.6,1.9,0.4,-1.2,0.0,56.0,-949.0,16.0,13.0,475.0,-0.15384615384615385,0.05555555555555555,0.1875,-0.1875,0.0,0.6899999999999998,0.0
129,202110010510,1,0,0,6,0,2,1,22,0,0,0,0,1,0,0,2,0,1,0,6,0,0,0,0,0,0,0,0,0,1,0,0,0,0,0,0,0.0,0.0,9.0,9.0,40.9,2.4,0.8888888888888888,0.0,0.0,12.0,14.0,41.6,3.2,0.3125,0.0,0.0,12.0,13.0,40.2,3.4,1.0,2.0,-17.0,400.0,0.0,0.0,7,13,87.8,14.0,1605,1362,1,0.0,0.0,14.0,16.0,35.7,1.9,1.0,0.0,0.0,15.0,16.0,38.1,2.3,0.1875,1.6,0.0,56.0,-425.0,16.0,9.0,443.0,0.1111111111111111,0.5,-0.06666666666666667,0.0,0.0625,1.1499999999999992,0.0
130,202110010606,21,21,21,102,1,0,0,3,0,0,0,0,9,7,7,29,0,0,0,1,0,0,0,0,1,1,2,11,0,0,0,1,0,0,0,0,0.0,0.0,4.0,2.0,35.9,0.1,0.5833333333333334,0.0,0.0,11.0,10.0,40.6,2.7,0.7272727272727273,0.0,0.0,8.0,6.0,39.4,1.7,0.875,2.0,11.0,100.0,0.0,0.0,3,6,8.8,5.0,1428,815,1263,0.0,0.0,14.0,11.0,35.8,1.8,0.75,0.0,0.0,8.0,10.0,34.8,0.8,0.9375,1.7,0.2,56.0,-1261.0,16.0,12.0,437.0,0.0,-0.09090909090909091,0.0,0.0625,0.0,0.7000000000000007,0.0
131,202110010606,6,4,7,72,7,7,8,94,2,1,1,17,2,1,1,26,1,0,5,26,1,0,0,7,1,0,1,5,1,0,4,5,1,0,0,0,0.0,0.0,9.0,7.0,39.0,2.5,1.0,0.0,0.0,6.0,14.0,37.1,2.1,0.7857142857142857,0.0,0.0,5.0,3.0,34.8,0.4,0.9375,-2.0,2.0,500.0,0.10810810810810811,0.24324324324324326,4,8,2.9,1.0,1506,1263,199,0.0,0.0,3.0,13.0,36.3,1.2,0.16666666666666666,0.0,0.0,3.0,6.0,35.3,0.4,0.7692307692307693,-0.3,0.2,56.0,-1044.0,16.0,11.0,456.0,-0.09090909090909091,0.0,0.0,0.0,-0.23076923076923078,0.820000000000001,0.0
132,202110010606,15,7,8,83,0,0,0,0,0,0,0,0,1,1,2,21,0,0,0,0,0,0,0,0,0,1,1,15,0,0,0,0,0,0,0,0,0.0,0.0,11.0,15.0,35.6,3.6,0.7647058823529411,0.0,0.0,6.0,5.0,35.2,1.4,0.7272727272727273,0.0,0.0,4.0,6.0,39.8,1.6,0.5333333333333333,-4.5,14.0,0.0,0.0,0.4,7,13,3.7,2.0,1716,938,1167,0.0,0.0,4.0,11.0,39.7,1.9,0.3076923076923077,0.0,0.0,2.0,5.0,39.5,2.1,0.5833333333333334,-1.4,0.0,56.0,-546.0,16.0,17.0,492.0,0.0,0.0,0.06666666666666667,0.15384615384615385,0.25,-1.2299999999999998,0.0
133,202110010606,0,0,0,8,1,5,2,15,0,0,0,0,0,0,0,1,0,2,0,2,0,0,0,0,0,0,0,0,0,2,0,0,0,0,0,0,0.0,0.0,9.0,9.0,45.3,5.7,0.6666666666666666,0.0,0.0,9.0,13.0,40.0,4.1,0.9285714285714286,0.0,0.0,12.0,15.0,41.0,3.8,0.2,3.0,30.0,400.0,0.0,0.0,1,1,47.8,9.0,1310,1445,1618,0.0,0.0,3.0,12.0,37.8,2.4,0.625,0.0,0.0,9.0,4.0,36.6,0.4,0.6666666666666666,-1.1,0.0,53.0,-189.0,16.0,9.0,454.0,0.3333333333333333,-0.07142857142857142,0.06666666666666667,0.0,0.0,1.9599999999999995,0.0
134,202110010606,2,3,4,40,10,5,7,57,0,0,0,2,1,2,1,10,2,0,2,15,0,0,0,1,0,0,1,5,1,0,1,6,0,0,0,1,0.0,0.0,4.0,12.0,13.7,6.3,0.6428571428571429,0.0,0.0,1.0,8.0,13.4,2.7,0.38461538461538464,0.0,0.0,3.0,4.0,14.2,2.5,0.5555555555555556,-4.0,2.0,-1050.0,0.07692307692307693,0.3076923076923077,4,7,121.3,14.0,1489,1167,565,0.0,0.0,5.0,2.0,13.2,0.5,0.875,0.0,0.0,13.0,14.0,37.9,1.7,0.75,-0.2,0.2,56.0,-944.0,16.0,14.0,464.0,0.14285714285714285,0.23076923076923078,-0.1111111111111111,-0.375,-0.125,-4.819999999999999,0.0
135,202110010606,11,13,9,84,0,2,1,22,0,1,1,2,3,3,4,22,0,1,0,6,0,1,0,1,2,1,0,8,0,0,0,4,0,0,0,1,0.0,0.0,2.0,1.0,40.1,0.0,0.25,0.0,0.0,15.0,12.0,35.9,1.5,0.05555555555555555,0.0,0.0,13.0,9.0,36.8,1.0,0.25,4.0,-13.0,300.0,0.0,0.0,2,4,27.0,7.0,1691,1362,1167,0.0,0.0,3.0,9.0,42.0,3.1,0.26666666666666666,0.0,0.0,7.0,6.0,37.3,0.9,0.5333333333333333,0.7,0.2,55.0,-533.0,16.0,12.0,429.0,-0.08333333333333333,0.0,0.0,0.0,-0.06666666666666667,-0.04999999999999929,0.0
136,202110010606,3,4,3,36,0,2,1,10,0,0,0,0,0,1,1,9,0,0,0,3,0,0,0,0,0,1,1,5,0,0,0,1,0,0,0,0,0.0,0.0,6.0,9.0,41.4,2.7,0.5555555555555556,0.0,0.0,10.0,9.0,13.7,4.7,0.5454545454545454,0.0,0.0,13.0,10.0,13.6,6.7,0.9230769230769231,0.5,24.0,300.0,0.058823529411764705,0.17647058823529413,2,3,68.0,11.0,1090,1393,1169,0.0,0.0,8.0,7.0,13.2,0.8,1.0,0.0,0.0,3.0,13.0,14.0,9.8,0.35714285714285715,0.6,0.0,56.0,-813.0,16.0,9.0,506.0,0.1111111111111111,0.18181818181818182,-0.07692307692307693,-0.2727272727272727,0.35714285714285715,5.529999999999999,0.0
137,202110010606,2,3,4,40,6,8,5,64,0,1,0,1,1,2,1,10,1,4,3,15,0,1,0,1,0,0,1,5,1,1,1,8,0,0,0,1,0.0,0.0,8.0,3.0,32.9,0.7,1.0,0.0,0.0,8.0,8.0,34.2,1.0,0.6,0.0,0.0,10.0,7.0,36.9,1.3,0.5555555555555556,2.0,6.0,-200.0,0.11428571428571428,0.22857142857142856,5,10,5.0,3.0,1489,1405,565,0.0,0.0,4.0,3.0,37.1,0.4,0.375,0.0,0.0,5.0,4.0,34.0,0.3,0.6,-0.3,0.4,56.0,-986.0,16.0,8.0,468.0,0.0,0.2,-0.05555555555555555,-0.125,0.0,-0.5100000000000001,0.0
138,202110010606,0,0,2,9,8,4,5,73,0,0,0,0,0,0,1,3,3,1,2,22,0,0,0,0,0,0,1,1,0,1,0,13,0,0,0,0,0.0,0.0,100.0,10.0,41.8,3.4,0.9,0.0,0.0,100.0,12.0,40.4,4.4,0.6666666666666666,0.0,0.0,120.0,9.0,38.3,1.4,0.2,-0.5,42.0,400.0,0.0,0.0,8,16,74.1,12.0,1713,1013,215,0.0,0.0,90.0,13.0,41.8,2.7,0.25,0.0,0.0,90.0,8.0,38.4,0.8,0.25,-0.3,0.0,53.0,-874.0,16.0,10.0,470.0,0.1,0.3333333333333333,0.26666666666666666,0.1875,-0.0625,0.5399999999999998,0.0
139,202110010606,0,1,1,15,1,0,0,3,0,0,0,2,0,0,0,1,0,0,0,0,0,0,0,0,0,0,0,1,0,0,0,0,0,0,0,0,0.0,0.0,2.0,4.0,39.1,2.3,0.5,0.0,0.0,13.0,15.0,34.1,0.8,1.0,0.0,0.0,7.0,10.0,35.0,0.9,0.4444444444444444,3.0,28.0,600.0,0.08888888888888889,0.26666666666666666,8,15,19.8,6.0,1674,1506,1428,0.0,0.0,9.0,5.0,35.7,1.0,0.5555555555555556,0.0,0.0,9.0,5.0,35.9,0.8,0.8125,-0.8,0.0,56.0,-214.0,16.0,10.0,492.0,-0.2,0.0,0.05555555555555555,-0.1111111111111111,0.0,0.4800000000000004,0.0
140,202110010606,5,4,3,28,2,3,5,11,0,0,0,0,2,1,1,9,0,2,0,4,0,0,0,0,1,1,1,8,0,0,0,3,0,0,0,0,0.0,0.0,30.0,6.0,41.1,1.9,0.5833333333333334,0.0,0.0,40.0,11.0,38.3,1.4,0.26666666666666666,0.0,0.0,40.0,9.0,34.5,0.7,0.23076923076923078,1.5,-5.0,100.0,0.037037037037037035,0.25925925925925924,3,5,7.5,4.0,1152,334,1428,,,,,,,,,,,,,,,1.5,0.0,54.0,-1272.0,16.0,12.0,471.0,-0.4166666666666667,0.0,0.0,,,3.3000000000000007,0.0
141,202110010606,21,21,21,102,2,4,6,41,1,1,1,0,9,7,7,29,1,1,1,5,1,1,0,0,1,1,2,11,0,0,1,2,0,0,0,0,0.0,0.0,3.0,10.0,39.6,3.1,1.0,0.0,0.0,1.0,5.0,38.9,0.7,0.375,0.0,0.0,1.0,3.0,38.3,0.4,0.125,-3.5,10.0,300.0,0.0,0.13043478260869565,5,9,55.6,10.0,1428,1366,1263,0.0,0.0,3.0,5.0,38.1,1.2,0.5333333333333333,0.0,0.0,6.0,4.0,37.6,0.7,0.125,-1.2,0.2,53.0,-512.0,16.0,11.0,452.0,-0.09090909090909091,-0.125,0.0,0.0,0.0,0.4799999999999997,0.0
142,202110010606,2,3,4,40,8,4,5,73,0,0,0,0,1,2,1,10,3,1,2,22,0,0,0,0,0,0,1,5,0,1,0,13,0,0,0,0,0.0,0.0,7.0,4.0,37.6,0.4,0.5555555555555556,0.0,0.0,16.0,10.0,39.3,2.8,0.6875,0.0,0.0,15.0,13.0,37.9,1.9,1.0,4.5,2.0,100.0,0.09523809523809523,0.38095238095238093,6,12,222.0,15.0,1489,1013,565,0.0,0.0,13.0,12.0,36.3,1.8,0.9285714285714286,0.0,0.0,13.0,11.0,37.0,1.7,0.6,1.6,0.0,54.0,-180.0,16.0,9.0,418.0,0.1111111111111111,-0.125,-0.2,-0.07142857142857142,-0.13333333333333333,0.42000000000000026,0.0
143,202110010606,1,1,0,4,1,0,0,9,0,0,0,0,1,0,0,1,0,0,0,1,0,0,0,0,0,0,0,1,0,0,0,1,0,0,0,0,0.0,0.0,9.0,12.0,38.4,3.3,0.8333333333333334,0.0,0.0,11.0,11.0,36.9,3.3,0.45454545454545453,0.0,0.0,11.0,13.0,38.2,4.0,0.26666666666666666,0.5,4.0,600.0,0.0,0.08333333333333333,1,2,119.0,13.0,1463,1650,1167,0.0,0.0,13.0,14.0,38.9,2.8,0.8666666666666667,0.0,0.0,11.0,12.0,35.4,1.0,0.5625,0.3,0.0,53.0,-275.0,16.0,12.0,456.0,0.0,0.2727272727272727,0.06666666666666667,0.06666666666666667,-0.0625,0.4,0.0
144,202110010606,0,0,0,22,0,0,0,0,0,0,0,0,0,0,0,8,0,0,0,0,0,0,0,0,0,0,0,5,0,0,0,0,0,0,0,0,0.0,0.0,1.0,6.0,41.8,0.8,0.5,0.0,0.0,9.0,10.0,39.5,2.2,0.8181818181818182,0.0,0.0,8.0,15.0,39.2,3.0,0.8666666666666667,4.5,6.0,400.0,0.0,0.15384615384615385,6,11,36.8,8.0,1403,1396,939,0.0,0.0,8.0,11.0,41.7,4.9,0.6428571428571429,0.0,0.0,5.0,8.0,40.2,2.9,0.6363636363636364,0.5,0.0,56.0,-213.0,16.0,10.0,504.0,-0.3,0.0,0.13333333333333333,0.14285714285714285,0.0,0.09999999999999858,0.0
145,202110010606,0,1,0,9,8,4,5,73,0,0,0,0,0,1,0,1,3,1,2,22,0,0,0,0,0,1,0,1,0,1,0,13,0,0,0,0,0.0,0.0,80.0,8.0,37.1,1.3,0.5833333333333334,0.0,0.0,120.0,9.0,34.4,0.5,0.8571428571428571,0.0,0.0,50.0,6.0,36.8,0.7,0.875,-1.0,-13.0,1000.0,,,7,14,,,1333,1013,1294,0.0,0.0,60.0,11.0,36.4,0.9,0.5,0.0,0.0,80.0,6.0,33.9,0.6,0.4444444444444444,-0.2,0.0,53.0,-760.0,16.0,12.0,461.0,0.0,-0.2857142857142857,-0.75,0.0,0.0,0.44000000000000056,0.0
146,202110010706,3,0,4,35,7,4,7,49,0,0,0,3,1,0,2,7,2,1,2,10,0,0,0,1,1,0,0,1,1,1,2,5,0,0,0,0,0.0,0.0,30.0,2.0,36.9,0.4,0.4166666666666667,0.0,0.0,10.0,9.0,37.9,2.3,0.375,0.0,0.0,10.0,2.0,35.4,0.0,0.2857142857142857,0.0,8.0,0.0,0.05555555555555555,0.16666666666666666,2,4,2.3,1.0,1431,1294,1428,,,,,,,,,,,,,,,0.0,0.6666666666666666,56.0,14.0,16.0,12.0,462.0,-0.16666666666666666,0.1875,0.0,,,0.75,0.0
147,202110010706,7,4,6,52,0,0,0,0,0,0,0,0,1,1,1,7,0,0,0,0,0,0,0,0,1,0,0,2,0,0,0,0,0,0,0,0,0.0,0.0,6.0,5.0,37.4,1.3,0.75,0.0,0.0,7.0,7.0,38.3,2.9,0.8571428571428571,0.0,0.0,11.0,7.0,38.1,2.0,1.0,1.0,-17.0,600.0,0.07142857142857142,0.2857142857142857,4,7,22.6,7.0,1393,107,1263,0.0,0.0,11.0,11.0,35.4,1.3,1.0,0.0,0.0,8.0,9.0,36.6,2.7,0.8,1.2,0.0,56.0,-1352.0,16.0,12.0,465.0,-0.16666666666666666,0.14285714285714285,-0.3333333333333333,-0.09090909090909091,0.0,0.4499999999999993,0.0
148,202110010706,5,4,3,28,0,0,0,5,0,0,0,0,2,1,1,9,0,0,0,0,0,0,0,0,1,1,1,8,0,0,0,0,0,0,0,0,0.0,0.0,12.0,13.0,35.4,1.4,0.5625,0.0,0.0,5.0,5.0,35.7,0.9,0.625,0.0,0.0,11.0,7.0,34.7,0.4,0.46153846153846156,-3.0,0.0,-400.0,0.0851063829787234,0.2553191489361702,8,15,4.3,2.0,1152,1313,1428,0.0,0.0,10.0,7.0,33.6,0.5,0.8,0.0,0.0,16.0,17.0,34.5,1.6,1.0,1.0,0.0,56.0,-1309.0,16.0,16.0,506.0,0.0,0.25,0.15384615384615385,0.0,0.0,0.38999999999999985,0.0
149,202110010706,13,6,7,86,0,0,0,1,0,0,0,0,4,1,0,24,0,0,0,0,0,0,0,0,1,0,0,10,0,0,0,0,0,0,0,0,0.0,0.0,12.0,8.0,37.7,0.8,0.125,0.0,0.0,12.0,13.0,36.5,1.7,0.7692307692307693,0.0,0.0,11.0,10.0,36.6,0.6,0.16666666666666666,1.0,0.0,0.0,0.0,0.07142857142857142,8,16,70.4,11.0,1503,771,1263,0.0,0.0,13.0,8.0,38.4,2.0,0.8571428571428571,0.0,0.0,11.0,16.0,40.3,3.0,0.25,1.1,0.0,51.0,-378.0,16.0,16.0,478.0,0.0,0.07692307692307693,0.0,0.0,0.1875,-0.7099999999999987,0.0
150,202110010706,0,3,0,10,7,6,1,71,0,0,0,0,0,1,0,2,1,2,1,10,0,0,0,0,0,1,0,2,1,2,1,2,0,0,0,0,0.0,0.0,4.0,5.0,36.2,0.5,0.125,0.0,0.0,1.0,4.0,34.8,0.7,0.2777777777777778,,,,,,,,-1.0,2.0,0.0,0.0,0.5,6,11,10.0,4.0,1148,1183,1393,,,,,,,,,,,,,,,-1.0,0.0,56.0,0.0,16.0,16.0,462.0,0.0,0.0,,,,1.4000000000000057,0.0
151,202110010706,1,3,1,5,0,2,0,19,0,0,0,0,0,0,0,1,0,0,0,6,0,0,0,0,0,0,0,1,0,0,0,4,0,0,0,0,0.0,0.0,11.0,10.0,41.4,2.4,0.7272727272727273,0.0,0.0,15.0,15.0,38.0,2.0,0.5333333333333333,0.0,0.0,11.0,10.0,37.2,1.2,0.6923076923076923,0.0,6.0,300.0,0.09090909090909091,0.36363636363636365,1,1,18.7,6.0,1657,1328,1317,0.0,0.0,10.0,14.0,36.6,1.3,0.4,0.0,0.0,9.0,6.0,36.3,0.7,0.38461538461538464,-0.9,0.0,54.0,-914.0,16.0,11.0,428.0,0.18181818181818182,0.2,0.23076923076923078,0.4,0.0,1.1600000000000001,0.0
152,202110010706,3,3,3,41,10,5,7,57,0,0,0,1,2,1,1,14,2,0,2,15,0,0,0,0,2,1,0,7,1,0,1,6,0,0,0,0,0.0,0.0,8.0,11.0,39.1,3.7,0.8125,0.0,0.0,13.0,16.0,38.8,2.9,0.35294117647058826,0.0,0.0,13.0,7.0,36.2,0.7,0.375,-2.0,0.0,400.0,0.125,0.125,1,2,87.8,13.0,1561,1167,1263,0.0,0.0,14.0,12.0,35.9,1.2,0.75,0.0,0.0,6.0,12.0,36.9,1.6,0.42857142857142855,-0.2,0.0,55.0,-42.0,16.0,16.0,454.0,-0.0625,0.4117647058823529,0.0,0.0,0.0,0.7300000000000004,0.0
153,202110010706,1,1,2,34,1,1,0,4,0,0,0,1,0,0,0,2,1,0,0,0,0,0,0,0,0,0,0,2,0,0,0,0,0,0,0,0,0.0,0.0,4.0,10.0,45.4,9.0,1.0,0.0,0.0,14.0,18.0,38.6,2.9,0.1111111111111111,0.0,0.0,5.0,15.0,42.3,5.4,0.4666666666666667,2.5,-10.0,500.0,0.10714285714285714,0.39285714285714285,2,3,29.0,9.0,1036,351,1108,0.0,0.0,9.0,8.0,35.8,0.7,0.8125,0.0,0.0,7.0,6.0,34.3,0.9,0.5833333333333334,-1.8,0.0,56.0,-211.0,16.0,11.0,478.0,-0.09090909090909091,0.0,0.4,-0.125,0.0,2.500000000000001,0.0
154,202110010706,15,7,8,83,0,0,0,1,0,0,0,0,1,1,2,21,0,0,0,1,0,0,0,0,0,1,1,15,0,0,0,1,0,0,0,0,0.0,0.0,14.0,12.0,38.5,2.2,0.125,0.0,0.0,14.0,16.0,38.8,3.1,0.1875,0.0,0.0,16.0,11.0,38.3,1.7,0.9375,-0.5,0.0,600.0,0.1111111111111111,0.2222222222222222,3,5,10.0,5.0,1716,796,1167,0.0,0.0,14.0,14.0,38.2,2.5,0.375,0.0,0.0,1.0,1.0,40.2,0.0,0.1,-2.4,0.2,56.0,-1163.0,16.0,16.0,492.0,0.0,-0.0625,0.0,-0.125,0.0,-0.28000000000000114,0.0
155,202110010706,6,4,3,33,10,5,7,57,2,2,1,4,1,1,1,8,2,0,2,15,0,0,1,1,1,1,1,7,1,0,1,6,0,0,1,1,0.0,0.0,12.0,10.0,34.8,0.7,0.7222222222222222,0.0,0.0,14.0,13.0,37.3,1.4,0.9375,0.0,0.0,12.0,12.0,35.8,1.7,0.2777777777777778,1.0,-2.0,600.0,0.0,0.125,6,12,27.7,8.0,1098,1167,1294,0.0,0.0,8.0,10.0,35.9,0.9,0.625,0.0,0.0,4.0,6.0,37.6,1.6,0.7,-1.1,0.0,53.0,-196.0,16.0,18.0,390.0,-0.16666666666666666,0.0,-0.1111111111111111,0.25,-0.1,-0.420000000000001,0.0
156,202110010706,3,3,3,41,0,0,0,8,0,0,0,0,2,1,1,14,0,0,0,1,0,0,0,0,2,1,0,7,0,0,0,0,0,0,0,0,0.0,0.0,,,,,,0.0,0.0,160.0,12.0,41.7,3.2,0.3125,0.0,0.0,120.0,15.0,41.7,4.5,0.25,3.0,,400.0,0.16666666666666666,0.23333333333333334,7,13,69.4,10.0,1561,1436,1263,0.0,0.0,110.0,7.0,40.5,1.6,0.6666666666666666,0.0,0.0,50.0,10.0,38.7,1.3,0.26666666666666666,-1.4,0.0,55.0,-1137.0,16.0,10.0,,,0.3125,0.125,0.13333333333333333,0.0,1.0200000000000002,0.0
157,202110010706,7,6,3,55,7,4,7,49,0,0,0,0,3,2,0,19,2,1,2,10,0,0,0,0,1,2,0,9,1,1,2,5,0,0,0,0,0.0,0.0,1.0,6.0,39.9,1.0,0.25,0.0,0.0,7.0,2.0,38.5,0.1,0.1875,0.0,0.0,3.0,12.0,36.6,1.2,0.8125,3.0,-2.0,400.0,0.2,0.44,3,6,6.0,3.0,1736,1294,1482,0.0,0.0,5.0,5.0,37.1,0.4,0.25,0.0,0.0,6.0,5.0,35.6,1.3,0.38461538461538464,0.1,0.2,56.0,-36.0,16.0,16.0,452.0,0.0,-0.0625,-0.375,0.0,0.0,0.9999999999999993,0.0
158,202110010706,0,2,3,6,0,1,0,1,0,1,0,0,0,0,1,2,0,0,0,0,0,0,0,0,0,0,0,1,0,0,0,0,0,0,0,0,0.0,0.0,11.0,8.0,39.1,1.1,0.7272727272727273,0.0,0.0,15.0,11.0,34.8,2.1,1.0,0.0,0.0,14.0,12.0,38.5,2.8,0.75,2.0,45.0,500.0,0.0,0.0,4,8,89.3,14.0,1677,980,1167,0.0,0.0,14.0,13.0,36.4,1.4,0.8125,0.0,0.0,9.0,11.0,35.2,1.0,0.5,0.8,0.0,51.0,-924.0,16.0,11.0,477.0,-0.18181818181818182,-0.1875,0.0,0.0625,0.125,0.6199999999999996,0.0
159,202110010706,0,0,1,11,0,0,0,0,0,0,0,0,0,0,1,2,0,0,0,0,0,0,0,0,0,0,1,1,0,0,0,0,0,0,0,0,0.0,0.0,12.0,14.0,36.5,1.5,0.75,0.0,0.0,9.0,11.0,39.6,2.5,0.46153846153846156,0.0,0.0,10.0,11.0,36.5,1.7,0.625,-1.5,0.0,0.0,0.05555555555555555,0.05555555555555555,7,14,84.2,12.0,1376,238,1559,0.0,0.0,6.0,6.0,34.9,1.0,0.7222222222222222,0.0,0.0,6.0,6.0,35.3,0.8,0.5625,-2.1,0.0,52.0,0.0,16.0,16.0,436.0,0.125,0.23076923076923078,-0.1875,0.0,-0.25,0.7100000000000009,0.0
160,202110010706,0,0,2,22,10,5,7,57,0,0,0,0,0,0,0,6,2,0,2,15,0,0,0,0,0,0,0,5,1,0,1,6,0,0,0,0,0.0,0.0,8.0,7.0,40.3,1.4,0.375,0.0,0.0,13.0,9.0,40.0,1.4,0.4375,0.0,0.0,14.0,11.0,40.3,3.2,0.6,2.0,1.0,400.0,0.0,0.0,5,9,260.6,16.0,1548,1167,1328,0.0,0.0,16.0,15.0,36.8,1.6,0.5,0.0,0.0,11.0,7.0,37.3,1.5,0.8333333333333334,0.6,0.0,55.0,-960.0,16.0,8.0,435.0,0.25,0.125,-0.13333333333333333,0.1875,0.0,0.9200000000000003,0.0
161,202110010706,1,1,0,4,7,6,1,71,0,0,0,0,1,0,0,1,1,2,1,10,0,0,0,0,0,0,0,1,1,2,1,2,0,0,0,0,0.0,0.0,15.0,16.0,36.9,1.6,1.0,0.0,0.0,9.0,9.0,40.8,3.8,0.9090909090909091,,,,,,,,-7.0,0.0,0.0,0.0,0.1,5,10,256.7,15.0,1463,1183,1167,,,,,,,,,,,,,,,-7.0,0.0,55.0,0.0,16.0,16.0,472.0,-0.3125,-0.09090909090909091,,,,-3.8999999999999986,0.0
162,202110010711,5,4,3,28,6,6,4,55,0,0,0,0,2,1,1,9,4,2,0,10,0,0,0,0,0,0,0,0,0,0,0,1,0,0,0,0,0.0,0.0,13.0,16.0,49.6,13.9,0.125,0.0,0.0,10.0,15.0,42.4,4.8,0.0625,0.0,0.0,7.0,9.0,37.0,1.4,0.1111111111111111,-3.5,-14.0,0.0,0.10526315789473684,0.2631578947368421,5,5,5.7,3.0,1152,1558,1428,0.0,0.0,5.0,2.0,35.1,0.0,0.1,0.0,0.0,6.0,15.0,37.3,1.7,0.4444444444444444,-1.5,0.2,54.0,-1226.0,10.0,16.0,494.0,0.875,0.0625,0.0,0.0,-0.05555555555555555,3.1900000000000004,0.0
163,202110010711,1,1,1,27,0,0,0,2,0,0,0,0,1,1,0,11,0,0,0,0,0,0,0,0,0,0,0,0,0,0,0,0,0,0,0,0,0.0,0.0,7.0,14.0,36.9,1.7,0.3333333333333333,0.0,0.0,14.0,10.0,36.4,0.7,0.23529411764705882,0.0,0.0,7.0,5.0,35.5,0.4,0.14285714285714285,-4.5,2.0,-200.0,0.03571428571428571,0.25,6,6,6.5,4.0,1009,1225,298,0.0,0.0,4.0,2.0,34.4,0.2,0.3,0.0,0.0,5.0,9.0,34.7,1.0,0.18181818181818182,-1.8,0.2,52.0,-729.0,10.0,15.0,498.0,0.06666666666666667,-0.11764705882352941,0.0,0.1,0.0,0.6399999999999991,0.0
164,202110010711,13,6,7,86,1,0,0,0,1,0,0,0,4,1,0,24,1,0,0,0,1,0,0,0,0,0,0,1,0,0,0,0,0,0,0,0,0.0,0.0,16.0,18.0,36.9,3.1,0.8888888888888888,0.0,0.0,9.0,7.0,34.2,1.5,1.0,0.0,0.0,11.0,15.0,34.6,2.1,1.0,-1.5,2.0,0.0,0.19230769230769232,0.4230769230769231,1,1,4.0,2.0,1503,377,1263,0.0,0.0,11.0,10.0,34.5,0.6,0.9375,0.0,0.0,4.0,4.0,37.5,0.2,0.7777777777777778,-2.5,0.0,55.0,-1359.0,10.0,18.0,438.0,0.0,0.0,0.0,0.0,-0.2222222222222222,-0.15,0.0
165,202110010711,4,4,2,47,0,1,0,1,0,1,0,1,0,1,0,15,0,0,0,1,0,0,0,1,0,0,0,1,0,0,0,1,0,0,0,1,0.0,0.0,70.0,9.0,41.6,2.5,0.4444444444444444,0.0,0.0,50.0,6.0,13.7,5.7,0.3333333333333333,0.0,0.0,70.0,8.0,13.8,10.6,0.9,-0.5,20.0,400.0,0.0,0.0,7,8,10.9,5.0,1304,81,1503,0.0,0.0,80.0,11.0,38.7,1.9,0.9375,0.0,0.0,140.0,5.0,36.0,1.5,0.6875,-0.3,0.0,54.0,-1247.0,10.0,9.0,480.0,0.3333333333333333,0.3333333333333333,-0.1,-0.0625,-0.125,-1.3800000000000003,0.0
166,202110010711,7,4,3,27,4,8,8,33,1,2,0,3,3,1,3,7,2,1,0,5,1,0,0,0,0,0,0,0,0,0,0,0,0,0,0,0,0.0,0.0,7.0,7.0,37.6,1.4,0.6666666666666666,0.0,0.0,3.0,1.0,36.2,0.0,0.5625,0.0,0.0,4.0,1.0,37.6,0.0,0.4375,-3.0,-3.0,-200.0,0.1111111111111111,0.4074074074074074,2,2,2.6,1.0,1167,1345,460,0.0,0.0,4.0,1.0,37.6,0.0,0.4,0.0,0.0,6.0,2.0,37.4,0.2,0.2,-1.0,0.8,55.0,-872.0,10.0,12.0,483.0,0.08333333333333333,0.0625,0.0,-0.13333333333333333,0.06666666666666667,-0.09999999999999928,0.0
167,202110010711,3,3,3,41,0,2,0,5,0,0,0,0,2,1,1,14,0,2,0,3,0,0,0,0,0,0,0,0,0,0,0,1,0,0,0,0,0.0,0.0,12.0,7.0,37.4,1.0,0.625,0.0,0.0,8.0,3.0,38.5,0.7,0.8,0.0,0.0,16.0,15.0,37.3,1.5,0.5,4.0,-4.0,0.0,0.14285714285714285,0.14285714285714285,3,3,19.1,8.0,1561,1103,1263,0.0,0.0,6.0,6.0,33.8,1.0,0.625,0.0,0.0,12.0,8.0,33.6,1.2,0.5833333333333334,0.5,0.2,52.0,-406.0,10.0,16.0,474.0,-0.125,-0.1,0.125,0.0,0.0,1.2299999999999998,0.0
168,202110010711,21,21,21,102,0,0,0,0,0,0,0,0,9,7,7,29,0,0,0,0,0,0,0,0,2,0,0,2,0,0,0,0,0,0,0,0,0.0,0.0,50.0,3.0,37.4,0.7,0.42857142857142855,0.0,0.0,140.0,10.0,34.2,0.9,0.875,0.0,0.0,100.0,7.0,34.1,0.8,1.0,2.0,3.0,400.0,0.0,0.09090909090909091,4,4,11.2,6.0,1428,59,1263,0.0,0.0,140.0,13.0,33.8,1.0,1.0,0.0,0.0,140.0,15.0,37.6,3.1,0.26666666666666666,2.7,0.2,55.0,-1262.0,10.0,7.0,485.0,0.0,0.0,-0.1,-0.26666666666666666,0.6666666666666666,0.0,0.0
169,202110010711,15,7,8,83,4,8,8,33,0,2,2,4,1,1,2,21,2,1,0,5,0,0,0,0,0,0,0,0,0,0,0,0,0,0,0,0,0.0,0.0,150.0,15.0,36.1,1.4,0.6470588235294118,0.0,0.0,70.0,8.0,36.1,1.2,0.3,0.0,0.0,70.0,6.0,35.3,0.9,0.875,-4.5,-10.0,-200.0,0.08695652173913043,0.2608695652173913,8,9,16.9,7.0,1716,1345,1167,0.0,0.0,40.0,11.0,36.7,1.3,0.38461538461538464,0.0,0.0,10.0,4.0,35.5,0.4,0.45454545454545453,-1.9,0.0,54.0,-28.0,10.0,17.0,520.0,0.29411764705882354,0.0,0.0,-0.07692307692307693,0.18181818181818182,0.060000000000000143,0.0
170,202110010711,0,3,1,11,7,11,6,84,0,1,0,1,0,1,0,6,1,0,2,13,0,0,0,0,0,0,0,0,0,0,1,0,0,0,0,0,0.0,0.0,12.0,11.0,13.4,3.9,0.9166666666666666,0.0,0.0,12.0,9.0,13.9,2.0,0.7692307692307693,0.0,0.0,10.0,9.0,13.5,3.5,0.6923076923076923,-1.0,-2.0,-1530.0,0.0,0.0,7,7,171.9,10.0,1294,1556,471,0.0,0.0,11.0,12.0,13.6,5.8,1.0,0.0,0.0,10.0,7.0,13.6,3.3,0.35714285714285715,-0.5,0.0,52.0,-1316.0,10.0,12.0,462.0,-0.08333333333333333,-0.07692307692307693,0.0,-0.14285714285714285,-0.14285714285714285,-0.009999999999999787,0.0
171,202110010711,1,0,2,17,0,1,0,7,0,0,0,1,0,0,0,3,0,1,0,1,0,0,0,0,0,0,0,0,0,0,0,0,0,0,0,0,0.0,0.0,6.0,5.0,35.2,1.6,0.7142857142857143,0.0,0.0,13.0,11.0,36.4,1.7,0.14285714285714285,0.0,0.0,10.0,8.0,37.0,1.5,0.8,1.5,-4.0,0.0,0.0,0.07692307692307693,8,10,149.4,9.0,1665,1206,1577,0.0,0.0,6.0,5.0,36.3,0.4,1.0,0.0,0.0,10.0,10.0,35.2,1.9,0.6,0.4,0.0,52.0,-196.0,10.0,7.0,472.0,-0.14285714285714285,0.0,0.0,-0.14285714285714285,0.0,0.010000000000000142,0.0
172,202110010802,0,0,1,3,0,2,4,8,0,0,0,0,0,0,0,0,0,0,0,2,0,0,0,0,0,0,0,0,0,0,0,0,0,0,0,0,0.0,0.0,13.0,13.0,34.7,1.7,0.9285714285714286,0.0,0.0,7.0,15.0,39.7,1.8,0.4,0.0,0.0,3.0,8.0,38.1,1.3,0.3333333333333333,-2.5,0.0,200.0,0.0,0.07692307692307693,4,7,5.4,2.0,1601,939,239,0.0,0.0,5.0,5.0,37.0,0.7,0.21428571428571427,0.0,0.0,1.0,1.0,35.4,0.0,0.3,-3.4,0.2,53.0,-742.0,16.0,14.0,486.0,0.0,0.0,0.13333333333333333,0.07142857142857142,0.0,0.13000000000000114,0.0
173,202110010802,6,4,3,33,2,0,0,0,0,0,0,0,1,1,1,8,0,0,0,0,0,0,0,0,1,1,1,7,0,0,0,0,0,0,0,0,0.0,0.0,13.0,10.0,35.8,0.7,0.25,0.0,0.0,10.0,16.0,41.1,3.8,0.125,0.0,0.0,13.0,6.0,34.6,0.7,0.875,-2.0,-2.0,200.0,0.0,0.23076923076923078,4,8,4.8,1.0,1098,199,1294,0.0,0.0,7.0,6.0,39.1,0.8,1.0,0.0,0.0,2.0,9.0,43.0,5.0,0.2,-1.2,0.0,54.0,-259.0,16.0,16.0,510.0,0.0,0.0625,0.0,-0.42857142857142855,0.5,-1.2400000000000007,0.0
174,202110010802,1,3,0,11,0,3,0,5,0,0,0,0,0,0,0,3,0,0,0,1,0,0,0,0,0,0,0,2,0,0,0,1,0,0,0,0,0.0,0.0,2.0,1.0,35.9,0.0,0.875,0.0,0.0,1.0,3.0,36.2,0.5,0.17647058823529413,0.0,0.0,7.0,3.0,35.4,0.4,0.8125,1.0,-6.0,0.0,0.15625,0.21875,1,2,11.8,7.0,1465,324,1328,0.0,0.0,3.0,8.0,35.6,0.8,0.5,0.0,0.0,4.0,3.0,33.5,0.3,0.25,0.9,0.8,53.0,-27.0,16.0,16.0,422.0,0.0625,0.058823529411764705,-0.1875,-0.125,0.375,0.5399999999999998,0.0
175,202110010802,6,4,3,33,10,5,7,57,2,2,1,4,1,1,1,8,2,0,2,15,0,0,1,1,1,1,1,7,1,0,1,6,0,0,1,1,0.0,0.0,11.0,11.0,45.2,4.4,0.09090909090909091,0.0,0.0,13.0,9.0,36.4,1.6,0.21428571428571427,0.0,0.0,11.0,14.0,38.7,1.6,0.5333333333333333,1.5,2.0,300.0,0.0,0.375,2,4,6.0,4.0,1098,1167,1294,0.0,0.0,11.0,11.0,37.9,1.4,0.5333333333333333,0.0,0.0,9.0,7.0,34.7,0.4,0.26666666666666666,-0.6,0.0,54.0,-1073.0,16.0,11.0,460.0,0.0,0.0,0.06666666666666667,0.06666666666666667,0.0,1.95,0.0
176,202110010802,0,0,0,8,7,4,7,49,0,0,0,0,0,0,0,1,2,1,2,10,0,0,0,0,0,0,0,0,1,1,2,5,0,0,0,0,0.0,0.0,8.0,7.0,13.6,6.8,0.7777777777777778,0.0,0.0,7.0,5.0,14.0,8.8,0.6666666666666666,0.0,0.0,10.0,15.0,34.7,1.5,0.5625,4.0,10.0,-1090.0,0.10204081632653061,0.2857142857142857,3,5,5.9,3.0,1310,1294,1618,0.0,0.0,16.0,18.0,41.2,5.7,0.05555555555555555,0.0,0.0,11.0,9.0,36.7,0.7,0.0625,1.7,0.0,54.0,-1190.0,16.0,9.0,508.0,0.1111111111111111,-0.1111111111111111,0.0625,0.0,0.0,-7.340000000000001,0.0
177,202110010802,11,13,9,84,5,2,5,58,1,0,0,3,3,3,4,22,1,0,1,17,1,0,0,3,2,1,0,8,0,0,1,8,0,0,0,1,0.0,0.0,5.0,15.0,39.3,2.2,0.125,0.0,0.0,3.0,3.0,36.1,0.3,0.38461538461538464,0.0,0.0,3.0,3.0,36.1,0.2,0.5833333333333334,-6.0,-2.0,-200.0,0.0,0.12,7,13,9.3,6.0,1691,1428,1167,0.0,0.0,5.0,7.0,35.2,1.0,0.375,0.0,0.0,1.0,7.0,36.7,0.5,0.625,-1.2,0.4,53.0,-153.0,16.0,16.0,406.0,0.0,-0.07692307692307693,-0.25,0.0,-0.0625,0.6099999999999988,0.0
178,202110010802,0,2,3,6,6,8,5,64,0,0,1,0,0,0,1,2,1,4,3,15,0,0,1,0,0,0,0,1,1,1,1,8,0,0,0,0,0.0,0.0,5.0,5.0,40.2,0.9,0.5,0.0,0.0,7.0,14.0,37.1,2.2,0.3333333333333333,0.0,0.0,14.0,9.0,35.2,1.3,0.9444444444444444,2.0,13.0,400.0,0.0,0.0,8,15,44.6,11.0,1677,1405,1167,0.0,0.0,5.0,7.0,37.7,1.3,0.6666666666666666,0.0,0.0,11.0,7.0,36.6,0.9,0.3125,-0.3,0.0,51.0,-592.0,16.0,10.0,475.0,-0.2,0.05555555555555555,0.0,0.0,-0.125,0.6600000000000001,0.0
179,202110010802,6,4,3,33,7,6,1,71,0,0,0,0,1,1,1,8,1,2,1,10,0,0,0,0,1,1,1,7,1,2,1,2,0,0,0,0,0.0,0.0,15.0,13.0,40.6,4.4,0.9333333333333333,0.0,0.0,13.0,13.0,37.2,2.4,1.0,0.0,0.0,8.0,10.0,36.6,2.2,0.5833333333333334,-1.5,-6.0,100.0,0.125,0.275,5,10,8.1,5.0,1098,1183,1294,0.0,0.0,5.0,5.0,41.1,1.3,0.5555555555555556,0.0,0.0,9.0,7.0,35.8,0.9,0.3888888888888889,-2.0,0.0,54.0,-1007.0,16.0,15.0,490.0,-0.06666666666666667,0.0,0.08333333333333333,-0.1111111111111111,0.0,0.570000000000001,0.0
180,202110010802,15,7,8,83,1,0,1,5,0,0,0,0,1,1,2,21,0,0,0,0,0,0,0,0,0,1,1,15,0,0,0,0,0,0,0,0,0.0,0.0,10.0,3.0,41.7,1.2,0.08333333333333333,0.0,0.0,20.0,6.0,36.8,1.3,0.35714285714285715,0.0,0.0,80.0,7.0,37.2,1.2,0.0625,2.0,-4.0,300.0,0.10344827586206896,0.3793103448275862,6,11,15.2,8.0,1716,1654,1167,0.0,0.0,70.0,5.0,37.9,0.1,0.13333333333333333,0.0,0.0,80.0,9.0,37.2,1.3,0.125,1.1,0.2,54.0,-1110.0,16.0,12.0,458.0,0.16666666666666666,0.0,0.0,0.0,0.0,0.7899999999999998,0.0
181,202110010802,0,0,1,3,5,2,5,58,0,0,0,0,0,0,0,0,1,0,1,17,0,0,0,0,0,0,0,0,0,0,1,8,0,0,0,0,0.0,0.0,2.0,3.0,39.1,0.5,1.0,0.0,0.0,12.0,14.0,35.7,2.2,0.4444444444444444,0.0,0.0,8.0,14.0,42.5,3.0,0.375,5.5,15.0,570.0,0.0,0.0,7,14,65.5,14.0,1601,1428,239,0.0,0.0,14.0,10.0,36.4,1.6,0.8125,0.0,0.0,11.0,9.0,35.0,1.7,0.7777777777777778,0.8,0.2,51.0,-1265.0,16.0,8.0,447.0,-0.375,0.16666666666666666,0.25,0.0,0.05555555555555555,0.7500000000000007,0.0
182,202110010802,11,13,9,84,7,6,1,71,0,1,0,9,3,3,4,22,1,2,1,10,0,1,0,2,2,1,0,8,1,2,1,2,0,1,0,1,0.0,0.0,7.0,7.0,39.7,1.9,0.6363636363636364,0.0,0.0,8.0,9.0,41.9,2.1,0.7333333333333333,0.0,0.0,11.0,4.0,39.5,1.0,0.46153846153846156,-1.5,3.0,500.0,0.0,0.0,6,12,57.6,13.0,1691,1183,1167,0.0,0.0,10.0,9.0,39.4,1.8,0.9230769230769231,0.0,0.0,9.0,12.0,40.7,2.8,0.6,1.0,0.0,53.0,-1253.0,16.0,11.0,475.0,0.0,-0.4666666666666667,-0.38461538461538464,0.07692307692307693,0.06666666666666667,0.05,0.0
183,202110010802,15,7,8,83,7,7,8,94,1,0,0,8,1,1,2,21,1,0,5,26,0,0,0,1,0,1,1,15,1,0,4,5,0,0,0,1,0.0,0.0,15.0,16.0,35.5,1.0,0.625,0.0,0.0,12.0,11.0,36.7,1.3,1.0,0.0,0.0,12.0,12.0,36.9,1.8,0.8461538461538461,-2.0,6.0,400.0,0.1,0.4,5,9,85.6,15.0,1716,1263,1167,0.0,0.0,8.0,10.0,40.6,2.4,0.6666666666666666,0.0,0.0,14.0,9.0,37.1,2.0,0.6,-1.5,0.0,53.0,-860.0,16.0,16.0,468.0,0.125,0.0,0.0,-0.16666666666666666,0.0,-0.7100000000000002,0.0
184,202110010802,1,3,1,5,0,1,0,17,0,0,0,0,0,0,0,1,0,1,0,9,0,0,0,0,0,0,0,1,0,1,0,3,0,0,0,0,0.0,0.0,15.0,,,,,0.0,0.0,12.0,13.0,37.6,2.6,0.6875,0.0,0.0,8.0,8.0,41.4,1.9,0.75,-5.0,6.0,600.0,0.0,0.0,1,1,49.6,12.0,1657,1014,1317,0.0,0.0,10.0,8.0,35.7,1.2,0.36363636363636365,0.0,0.0,9.0,8.0,36.4,1.5,0.5,-1.5,0.0,54.0,-27.0,16.0,18.0,482.0,,0.0,-0.25,0.2727272727272727,0.0625,0.9300000000000004,0.0
185,202110010802,7,6,3,55,1,0,0,0,0,0,0,0,3,2,0,19,0,0,0,0,0,0,0,0,1,2,0,9,0,0,0,0,0,0,0,0,0.0,0.0,12.0,13.0,36.6,1.9,0.3333333333333333,0.0,0.0,12.0,16.0,37.5,3.2,0.25,0.0,0.0,9.0,14.0,38.2,2.8,0.5,0.5,10.0,200.0,0.10526315789473684,0.21052631578947367,2,3,28.6,9.0,1736,34,1482,0.0,0.0,7.0,8.0,35.5,0.3,0.17647058823529413,,,,,,,,-1.7,0.0,54.0,-182.0,16.0,18.0,436.0,0.05555555555555555,-0.0625,0.1875,0.0,,0.2600000000000001,0.0
186,202110010802,1,3,1,5,5,2,5,58,0,0,0,1,0,0,0,1,1,0,1,17,0,0,0,1,0,0,0,1,0,0,1,8,0,0,0,1,0.0,0.0,70.0,70.0,37.6,1.5,0.5833333333333334,0.0,0.0,120.0,130.0,37.5,0.9,0.05555555555555555,0.0,0.0,90.0,40.0,35.1,0.3,0.21428571428571427,-15.0,17.0,980.0,0.05,0.05,3,6,43.9,10.0,1657,1428,1317,0.0,0.0,110.0,60.0,36.0,1.0,0.4375,0.0,0.0,160.0,80.0,35.8,1.2,0.5625,-5.0,0.0,52.0,-1263.0,16.0,12.0,439.0,0.08333333333333333,0.05555555555555555,-0.07142857142857142,0.125,0.125,0.5100000000000009,0.0
187,202110010802,0,0,0,3,0,0,0,5,0,0,0,2,0,0,0,0,0,0,0,0,0,0,0,0,0,0,0,0,0,0,0,0,0,0,0,0,0.0,0.0,16.0,16.0,41.4,6.7,1.0,0.0,0.0,18.0,18.0,39.2,4.8,0.6666666666666666,0.0,0.0,14.0,11.0,36.4,2.4,0.7857142857142857,-2.5,-4.0,0.0,0.0,0.16666666666666666,8,16,508.7,16.0,1684,1313,1328,0.0,0.0,18.0,11.0,34.9,1.5,0.5,,,,,,,,-2.2,0.0,54.0,0.0,16.0,16.0,336.0,0.0,-0.1111111111111111,0.0,0.0,,2.2300000000000004,0.0
188,202110010810,3,3,3,41,1,0,0,9,0,0,0,1,2,1,1,14,1,0,0,3,0,0,0,1,0,0,0,3,1,0,0,0,0,0,0,0,0.0,0.0,7.0,8.0,43.4,7.2,0.75,0.0,0.0,14.0,9.0,35.7,0.6,0.125,0.0,0.0,11.0,14.0,39.0,2.5,0.5333333333333333,3.0,-20.0,400.0,0.08333333333333333,0.2708333333333333,7,12,2.6,1.0,1561,565,1263,0.0,0.0,14.0,15.0,38.4,2.5,0.26666666666666666,0.0,0.0,10.0,4.0,34.9,0.5,0.15384615384615385,-0.2,0.0,56.0,-1177.0,14.0,8.0,454.0,0.25,0.0,0.0,0.13333333333333333,0.0,1.4300000000000004,0.0
189,202110010810,0,0,0,1,0,0,0,8,0,0,0,0,0,0,0,0,0,0,0,1,0,0,0,0,0,0,0,0,0,0,0,0,0,0,0,0,0.0,0.0,18.0,17.0,37.3,2.8,0.3888888888888889,0.0,0.0,14.0,13.0,36.1,1.5,0.7857142857142857,0.0,0.0,8.0,11.0,36.5,2.7,0.2727272727272727,-3.0,14.0,0.0,0.0,0.0,5,8,5.0,2.0,1476,1436,1589,0.0,0.0,8.0,5.0,38.2,0.4,0.1111111111111111,0.0,0.0,16.0,15.0,39.8,3.2,0.875,-1.2,0.0,56.0,-1358.0,14.0,18.0,516.0,0.0,-0.07142857142857142,0.0,0.0,0.125,-0.7100000000000002,0.0
190,202110010810,21,21,21,102,10,5,7,57,0,2,1,7,9,7,7,29,2,0,2,15,0,0,1,2,3,4,1,9,0,0,0,5,0,0,0,0,0.0,0.0,4.0,3.0,35.8,0.7,1.0,0.0,0.0,1.0,3.0,34.9,0.3,0.9,0.0,0.0,1.0,9.0,36.5,1.2,1.0,3.0,0.0,-200.0,0.10526315789473684,0.3684210526315789,4,5,8.5,5.0,1428,1167,1263,0.0,0.0,2.0,3.0,35.5,0.2,0.4,0.0,0.0,5.0,3.0,35.1,0.5,0.5,0.0,0.8,54.0,-147.0,14.0,11.0,446.0,-0.18181818181818182,-0.1,-0.23076923076923078,-0.13333333333333333,0.14285714285714285,0.079999999999999,0.0
191,202110010810,0,0,0,3,0,0,0,3,0,0,0,1,0,0,0,1,0,0,0,0,0,0,0,0,0,0,0,1,0,0,0,0,0,0,0,0,0.0,0.0,60.0,50.0,39.2,1.3,0.8571428571428571,0.0,0.0,70.0,80.0,35.9,1.2,0.8,0.0,0.0,80.0,100.0,35.9,0.7,0.9333333333333333,25.0,-11.0,300.0,0.10810810810810811,0.21621621621621623,8,14,9.9,6.0,539,534,197,0.0,0.0,90.0,30.0,34.6,0.1,1.0,0.0,0.0,70.0,110.0,40.2,2.8,0.4166666666666667,7.0,0.0,56.0,-912.0,14.0,7.0,473.0,0.0,0.0,-0.06666666666666667,0.0,-0.08333333333333333,-0.07000000000000028,0.0
192,202110010810,5,4,3,28,0,0,0,2,0,0,0,2,2,1,1,9,0,0,0,1,0,0,0,1,0,0,0,0,0,0,0,0,0,0,0,0,0.0,0.0,14.0,10.0,35.3,1.2,0.29411764705882354,0.0,0.0,9.0,12.0,36.5,0.5,0.2777777777777778,0.0,0.0,10.0,6.0,35.7,0.6,0.35714285714285715,-2.0,6.0,200.0,0.08695652173913043,0.34782608695652173,5,7,59.0,9.0,1152,484,1428,0.0,0.0,10.0,7.0,39.1,2.5,0.45454545454545453,0.0,0.0,15.0,13.0,35.8,0.7,0.6111111111111112,0.1,0.0,54.0,-756.0,14.0,17.0,460.0,0.058823529411764705,0.0,0.0,0.0,-0.05555555555555555,-0.36000000000000015,0.0
193,202110010810,5,4,3,28,4,8,8,33,0,0,1,2,2,1,1,9,2,1,0,5,0,0,0,0,0,0,0,0,1,0,0,1,0,0,0,0,0.0,0.0,14.0,8.0,35.1,0.6,0.1875,0.0,0.0,7.0,14.0,35.6,1.5,0.7333333333333333,0.0,0.0,8.0,5.0,35.1,0.8,0.09090909090909091,-1.5,-4.0,0.0,0.1282051282051282,0.28205128205128205,2,2,7.2,4.0,1152,1345,1428,0.0,0.0,3.0,10.0,33.5,0.5,0.6923076923076923,0.0,0.0,5.0,2.0,34.4,0.1,0.25,-1.6,0.2,54.0,-735.0,14.0,16.0,448.0,0.0,-0.06666666666666667,0.0,0.23076923076923078,0.0,0.3500000000000007,0.0
194,202110010810,6,4,7,72,5,2,5,58,0,1,0,4,2,1,1,26,1,0,1,17,0,0,0,3,1,1,0,9,1,0,0,5,0,0,0,1,0.0,0.0,80.0,8.0,39.5,1.2,1.0,0.0,0.0,140.0,10.0,36.7,1.6,0.8,0.0,0.0,130.0,11.0,37.0,0.9,0.6428571428571429,1.5,28.0,300.0,0.0,0.0,4,6,229.0,14.0,1506,1428,199,0.0,0.0,100.0,7.0,36.5,1.2,0.6666666666666666,0.0,0.0,140.0,7.0,35.2,1.0,0.8571428571428571,-0.5,0.0,55.0,-971.0,14.0,12.0,478.0,-0.08333333333333333,0.0,0.0,0.0,-0.07142857142857142,0.8799999999999997,0.0
195,202110010810,11,13,9,84,8,4,5,73,1,1,1,11,3,3,4,22,3,1,2,22,0,0,1,2,1,1,2,9,2,0,1,6,0,0,1,1,0.0,0.0,7.0,10.0,45.0,7.0,0.3,0.0,0.0,10.0,12.0,37.4,2.1,0.07692307692307693,0.0,0.0,6.0,9.0,36.5,1.8,0.2,-0.5,-1.0,400.0,0.16129032258064516,0.22580645161290322,7,11,42.7,8.0,1691,1013,1167,0.0,0.0,4.0,9.0,35.2,1.1,0.09090909090909091,0.0,0.0,6.0,3.0,34.6,0.3,0.09090909090909091,-1.7,0.2,56.0,-935.0,14.0,10.0,489.0,0.7,0.07692307692307693,0.0,0.0,0.0,2.2999999999999994,0.0
196,202110010810,0,1,0,7,0,0,0,16,0,0,0,0,0,1,0,0,0,0,0,4,0,0,0,0,0,0,0,0,0,0,0,0,0,0,0,0,0.0,0.0,110.0,10.0,35.4,1.2,0.9166666666666666,0.0,0.0,80.0,5.0,34.4,0.9,1.0,0.0,0.0,100.0,10.0,35.5,1.1,0.9166666666666666,0.0,0.0,-200.0,0.034482758620689655,0.27586206896551724,1,1,87.2,11.0,1399,1036,1428,0.0,0.0,70.0,9.0,36.2,1.1,1.0,0.0,0.0,80.0,8.0,35.1,1.5,0.8888888888888888,0.0,0.0,57.0,-826.0,14.0,12.0,482.0,0.0,0.0,0.0,-0.5,-0.2222222222222222,-0.120000000000001,0.0
197,202110010810,6,4,7,72,10,5,7,57,0,0,0,1,2,1,1,26,2,0,2,15,0,0,0,1,1,1,0,9,0,0,0,5,0,0,0,1,0.0,0.0,12.0,12.0,42.1,4.3,0.6666666666666666,0.0,0.0,15.0,16.0,40.5,3.5,1.0,0.0,0.0,11.0,12.0,37.5,2.2,0.75,0.0,13.0,-70.0,0.0,0.08333333333333333,8,13,13.2,7.0,1506,1167,199,0.0,0.0,15.0,13.0,42.0,5.3,0.9333333333333333,0.0,0.0,15.0,16.0,42.3,5.1,0.5,0.5,0.0,57.0,-417.0,14.0,12.0,507.0,0.25,0.0,0.16666666666666666,0.0,0.125,-0.18999999999999914,0.0
198,202110010810,4,4,2,47,2,3,3,40,0,0,0,2,0,1,0,15,1,0,0,10,0,0,0,2,0,1,0,5,0,0,0,3,0,0,0,1,0.0,0.0,10.0,13.0,39.3,3.5,0.6,0.0,0.0,6.0,12.0,39.1,3.2,0.75,0.0,0.0,8.0,4.0,39.2,0.5,0.6666666666666666,-4.5,14.0,0.0,0.07142857142857142,0.21428571428571427,3,4,71.2,10.0,1304,1559,1503,0.0,0.0,9.0,3.0,39.0,0.3,0.36363636363636365,0.0,0.0,10.0,11.0,35.8,1.5,0.8571428571428571,-1.3,0.2,55.0,-244.0,14.0,15.0,436.0,0.0,0.0,-0.13333333333333333,0.09090909090909091,0.0,0.7100000000000002,0.0
199,202110010810,6,4,7,72,10,5,7,57,0,0,0,1,2,1,1,26,2,0,2,15,0,0,0,1,1,1,0,9,0,0,0,5,0,0,0,1,0.0,0.0,7.0,6.0,35.5,0.5,0.625,0.0,0.0,6.0,8.0,34.8,0.9,0.7142857142857143,0.0,0.0,5.0,8.0,34.7,0.7,0.5,1.0,0.0,0.0,0.0,0.42857142857142855,3,3,6.5,3.0,1506,1167,199,0.0,0.0,3.0,6.0,36.3,0.9,0.7272727272727273,0.0,0.0,3.0,2.0,35.0,0.0,0.6,-1.0,0.2,55.0,-279.0,14.0,16.0,434.0,0.0,0.07142857142857142,-0.07142857142857142,-0.18181818181818182,-0.3,-0.05,0.0
200,202110010810,0,0,2,22,1,0,0,9,0,0,0,0,0,0,0,6,0,0,0,1,0,0,0,0,0,0,0,0,0,0,0,0,0,0,0,0,0.0,0.0,9.0,9.0,41.2,2.6,0.7777777777777778,0.0,0.0,13.0,15.0,38.4,6.1,1.0,0.0,0.0,12.0,13.0,36.6,1.8,0.2857142857142857,2.0,3.0,400.0,0.05263157894736842,0.05263157894736842,6,10,130.8,12.0,1548,1650,1328,0.0,0.0,11.0,9.0,37.0,1.3,0.21428571428571427,0.0,0.0,12.0,13.0,37.4,2.2,0.29411764705882354,0.2,0.0,54.0,-355.0,14.0,9.0,435.0,0.2222222222222222,0.0,0.35714285714285715,0.21428571428571427,0.47058823529411764,0.9000000000000007,0.0
201,202110010810,6,4,3,33,4,0,1,32,0,0,0,1,1,1,1,8,1,0,0,8,0,0,0,0,0,0,0,0,0,0,0,2,0,0,0,0,0.0,0.0,3.0,,,,0.3333333333333333,0.0,0.0,6.0,3.0,13.1,1.8,0.15384615384615385,0.0,0.0,5.0,6.0,13.8,2.3,0.2857142857142857,3.0,6.0,-1050.0,0.0,0.0,6,9,161.6,13.0,1098,1618,1294,0.0,0.0,9.0,5.0,13.4,0.8,0.45454545454545453,0.0,0.0,10.0,9.0,14.0,2.9,1.0,1.7,0.25,56.0,-203.0,14.0,12.0,488.0,0.16666666666666666,0.0,0.0,0.09090909090909091,-0.18181818181818182,-0.23000000000000007,0.0
202,202110020110,0,0,1,11,0,1,0,17,0,0,0,0,0,0,0,3,0,1,0,9,0,0,0,0,0,0,0,1,0,0,0,2,0,0,0,0,0.0,0.0,20.0,3.0,35.1,0.4,0.5,0.0,0.0,40.0,2.0,35.2,0.5,0.5,0.0,0.0,50.0,5.0,33.9,0.2,0.5,1.0,4.0,200.0,0.0,0.0,5,5,3.2,2.0,1729,1014,1428,0.0,0.0,10.0,1.0,35.9,0.0,0.2222222222222222,0.0,0.0,30.0,3.0,36.8,0.3,0.11764705882352941,-0.1,0.8,56.0,14.0,10.0,8.0,478.0,0.0,0.0625,0.0625,0.0,0.0,-0.4099999999999987,0.0
203,202110020110,0,1,1,15,1,7,2,30,0,0,0,6,0,0,0,1,0,4,0,9,0,0,0,0,0,0,0,0,0,1,0,1,0,0,0,0,0.0,0.0,90.0,5.0,35.7,0.4,0.0625,0.0,0.0,100.0,8.0,36.7,0.6,0.1875,0.0,0.0,140.0,11.0,38.6,1.0,0.0625,3.0,6.0,0.0,0.0,0.0,7,8,12.2,6.0,1674,1306,1428,0.0,0.0,70.0,13.0,36.4,1.2,0.3076923076923077,0.0,0.0,90.0,13.0,37.4,1.3,0.125,2.1,0.0,56.0,14.0,10.0,16.0,468.0,0.0,0.0,0.0,0.46153846153846156,0.125,-0.3099999999999987,0.0
204,202110020110,4,4,2,47,1,0,0,8,0,0,0,1,0,1,0,15,0,0,0,2,0,0,0,1,0,1,0,5,0,0,0,1,0,0,0,1,0.0,0.0,10.0,8.0,34.1,1.2,0.8,0.0,0.0,11.0,7.0,35.3,0.8,0.7142857142857143,0.0,0.0,12.0,9.0,36.7,1.7,0.07142857142857142,0.5,-2.0,200.0,0.10256410256410256,0.20512820512820512,2,2,48.3,10.0,1304,577,1503,0.0,0.0,16.0,16.0,36.8,1.9,0.11764705882352941,0.0,0.0,11.0,14.0,37.0,1.8,0.14285714285714285,2.1,0.0,56.0,-477.0,10.0,10.0,492.0,0.1,-0.07142857142857142,0.0,0.0,0.0,-0.7299999999999998,0.0
205,202110020110,6,4,7,72,6,6,4,55,0,0,0,1,2,1,1,26,4,2,0,10,0,0,0,1,1,1,0,9,0,0,0,1,0,0,0,0,0.0,0.0,20.0,30.0,41.7,0.6,0.2727272727272727,0.0,0.0,60.0,80.0,35.8,0.7,0.5,0.0,0.0,110.0,100.0,37.1,1.7,0.09090909090909091,35.0,5.0,150.0,0.1,0.28,7,7,9.7,4.0,1506,1558,199,0.0,0.0,120.0,130.0,36.7,1.7,0.2857142857142857,0.0,0.0,70.0,50.0,34.9,0.7,0.1111111111111111,9.0,0.0,57.0,-683.0,10.0,11.0,499.0,-0.09090909090909091,0.1,0.18181818181818182,-0.07142857142857142,0.0,1.2700000000000002,0.0
206,202110020110,6,4,7,72,0,2,1,10,0,0,1,3,2,1,1,26,0,0,0,3,0,0,0,2,1,1,0,9,0,0,0,2,0,0,0,2,0.0,0.0,12.0,4.0,34.1,0.3,0.4666666666666667,0.0,0.0,5.0,1.0,35.7,0.0,0.3333333333333333,0.0,0.0,7.0,6.0,35.3,0.6,0.5625,1.0,4.0,0.0,0.12195121951219512,0.2682926829268293,8,10,2.6,1.0,1506,1393,199,0.0,0.0,6.0,6.0,34.1,0.5,0.45454545454545453,0.0,0.0,5.0,5.0,34.3,0.4,0.8181818181818182,0.7,0.2,54.0,-729.0,10.0,15.0,468.0,0.06666666666666667,-0.16666666666666666,0.0,0.0,-0.09090909090909091,0.120000000000001,0.0
207,202110020110,1,2,3,27,1,7,2,30,0,0,0,1,0,1,0,5,0,4,0,9,0,0,0,1,0,0,0,0,0,1,0,1,0,0,0,0,0.0,0.0,5.0,9.0,41.8,3.1,0.9,0.0,0.0,8.0,6.0,34.6,1.2,0.4444444444444444,0.0,0.0,15.0,15.0,37.9,2.1,0.3888888888888889,3.0,5.0,400.0,0.08333333333333333,0.3333333333333333,3,3,16.7,7.0,1618,1306,1263,0.0,0.0,8.0,8.0,36.0,0.5,0.2222222222222222,0.0,0.0,13.0,11.0,37.0,1.7,0.14285714285714285,0.6,0.0,57.0,-862.0,10.0,10.0,479.0,0.1,0.2222222222222222,0.16666666666666666,0.2222222222222222,0.0,0.8199999999999996,0.0
208,202110020110,0,1,4,17,1,0,4,11,0,0,3,3,0,0,2,4,0,0,1,5,0,0,1,1,0,0,1,1,0,0,1,1,0,0,1,1,0.0,0.0,13.0,13.0,34.7,1.5,0.7857142857142857,0.0,0.0,10.0,9.0,34.5,1.1,0.3,0.0,0.0,18.0,10.0,35.8,0.7,0.5,-1.5,2.0,0.0,0.18518518518518517,0.4444444444444444,8,9,7.2,3.0,1383,1438,246,0.0,0.0,16.0,14.0,35.4,1.0,0.8125,0.0,0.0,11.0,9.0,35.5,0.9,0.42857142857142855,-0.3,0.0,54.0,-757.0,10.0,14.0,456.0,0.21428571428571427,0.0,0.05555555555555555,0.0,0.0,-0.24999999999999928,0.0
209,202110020110,6,4,3,33,7,11,6,84,0,0,0,2,1,1,1,8,1,0,2,13,0,0,0,1,0,0,0,0,1,0,0,5,0,0,0,0,0.0,0.0,13.0,13.0,35.9,1.0,0.8125,0.0,0.0,4.0,6.0,35.3,0.9,0.8888888888888888,0.0,0.0,11.0,10.0,35.9,0.7,1.0,-1.5,-2.0,0.0,0.1111111111111111,0.1111111111111111,4,4,11.8,5.0,1098,1556,1294,0.0,0.0,4.0,1.0,36.1,0.0,0.7142857142857143,0.0,0.0,12.0,6.0,37.1,0.2,0.75,-1.9,0.2,54.0,-645.0,10.0,16.0,438.0,-0.3125,-0.4444444444444444,-0.2,-0.42857142857142855,-0.5625,-0.320000000000001,0.0
210,202110020110,8,7,5,57,7,4,7,49,0,2,0,3,4,3,1,11,2,1,2,10,0,0,0,1,1,0,0,5,1,0,0,1,0,0,0,0,0.0,0.0,2.0,6.0,13.4,2.5,0.375,0.0,0.0,9.0,6.0,13.7,1.9,0.5833333333333334,0.0,0.0,9.0,9.0,39.2,2.4,0.7333333333333333,1.5,-6.0,-1050.0,0.0,0.0,1,1,26.6,8.0,1127,1294,1328,0.0,0.0,8.0,7.0,39.8,1.8,0.5555555555555556,0.0,0.0,7.0,10.0,41.5,3.9,0.6,0.9,0.0,57.0,-561.0,10.0,8.0,456.0,0.0,-0.16666666666666666,-0.2,0.0,-0.13333333333333333,-8.229999999999999,0.0
211,202110020110,8,7,5,57,0,1,2,18,0,0,0,0,4,3,1,11,0,0,0,2,0,0,0,0,1,0,0,5,0,0,0,0,0,0,0,0,0.0,0.0,130.0,4.0,35.9,0.9,0.9285714285714286,0.0,0.0,150.0,7.0,36.6,1.3,0.1875,0.0,0.0,140.0,12.0,37.6,1.0,0.5,4.0,0.0,-200.0,0.03333333333333333,0.26666666666666666,6,6,29.1,9.0,1127,1599,1328,0.0,0.0,70.0,7.0,38.9,3.2,0.75,0.0,0.0,20.0,6.0,38.4,3.5,1.0,0.4,0.0,56.0,21.0,10.0,14.0,506.0,-0.14285714285714285,0.0625,-0.05555555555555555,0.125,0.0,-0.7299999999999998,0.0
212,202110020205,4,4,2,47,0,0,0,1,0,0,0,1,0,1,0,15,0,0,0,0,0,0,0,0,0,0,0,7,0,0,0,0,0,0,0,0,0.0,0.0,7.0,8.0,36.6,2.8,0.625,0.0,0.0,10.0,9.0,37.6,1.3,0.38461538461538464,0.0,0.0,4.0,9.0,34.5,0.7,0.5,0.5,4.0,-1200.0,0.0,0.1,5,7,2.6,1.0,1304,888,1503,0.0,0.0,5.0,5.0,33.8,0.2,0.45454545454545453,0.0,0.0,13.0,9.0,35.2,0.9,0.23076923076923078,-0.2,0.0,56.0,-1351.0,13.0,8.0,482.0,0.0,0.15384615384615385,0.14285714285714285,0.09090909090909091,0.0,0.6600000000000001,0.0
213,202110020205,1,3,1,5,5,2,5,58,0,0,0,1,0,0,0,1,1,0,1,17,0,0,0,1,0,0,0,1,0,0,1,8,0,0,0,1,0.0,0.0,40.0,,,,0.6,0.0,0.0,90.0,10.0,43.9,6.2,1.0,0.0,0.0,170.0,18.0,38.9,3.6,0.5,8.0,4.0,300.0,0.17857142857142858,0.42857142857142855,8,12,7.1,4.0,1657,1428,1317,0.0,0.0,80.0,11.0,35.7,1.1,0.5,0.0,0.0,60.0,11.0,40.5,2.1,0.4,-0.4,0.0,56.0,-1177.0,13.0,10.0,450.0,,0.0,0.2777777777777778,0.07142857142857142,-0.06666666666666667,1.3399999999999992,0.0
214,202110020205,3,3,3,41,0,0,0,1,0,0,0,1,2,1,1,14,0,0,0,0,0,0,0,0,2,1,0,7,0,0,0,0,0,0,0,0,0.0,0.0,120.0,7.0,37.7,1.6,0.5625,0.0,0.0,110.0,13.0,34.7,1.5,0.7857142857142857,0.0,0.0,150.0,12.0,36.2,2.1,0.23529411764705882,2.5,2.0,600.0,0.07692307692307693,0.3076923076923077,7,11,82.2,10.0,1561,617,1263,0.0,0.0,40.0,6.0,36.0,0.6,0.5454545454545454,0.0,0.0,60.0,13.0,37.1,2.0,0.9285714285714286,0.5,0.0,54.0,40.0,13.0,16.0,458.0,0.0,0.07142857142857142,-0.058823529411764705,0.0,0.0,-0.009999999999999431,0.0
215,202110020205,4,4,2,47,0,0,0,13,0,0,0,0,0,1,0,15,0,0,0,3,0,0,0,0,0,0,0,7,0,0,0,1,0,0,0,0,0.0,0.0,8.0,8.0,37.8,0.8,0.9166666666666666,0.0,0.0,11.0,,,,1.0,0.0,0.0,13.0,13.0,35.9,1.8,0.3076923076923077,5.0,10.0,0.0,0.09090909090909091,0.09090909090909091,7,10,69.8,9.0,1304,1417,1503,0.0,0.0,13.0,11.0,34.8,0.9,0.7692307692307693,0.0,0.0,16.0,10.0,35.3,0.8,0.6875,0.4,0.0,55.0,-1346.0,13.0,12.0,494.0,0.0,0.0,0.3076923076923077,0.15384615384615385,-0.125,0.8600000000000001,0.0
216,202110020205,0,0,0,8,1,1,0,30,0,0,0,0,0,0,0,3,0,1,0,6,0,0,0,0,0,0,0,2,0,0,0,2,0,0,0,0,0.0,0.0,6.0,,,,0.42857142857142855,0.0,0.0,7.0,8.0,13.3,1.9,1.0,0.0,0.0,2.0,1.0,13.2,0.0,0.5,-7.0,12.0,-1340.0,0.10714285714285714,0.35714285714285715,1,1,2.9,2.0,1343,1376,1428,0.0,0.0,1.0,2.0,13.2,0.3,0.7142857142857143,0.0,0.0,1.0,3.0,13.1,0.3,0.2857142857142857,-1.4,0.75,56.0,-776.0,13.0,7.0,462.0,0.14285714285714285,-0.38461538461538464,-0.375,-0.35714285714285715,-0.07142857142857142,0.06000000000000032,0.0
217,202110020205,6,4,7,72,7,7,8,94,2,1,1,17,2,1,1,26,1,0,5,26,1,0,0,7,1,0,1,5,1,0,4,5,1,0,0,0,0.0,0.0,9.0,7.0,39.0,2.5,1.0,0.0,0.0,6.0,14.0,37.1,2.1,0.7857142857142857,0.0,0.0,5.0,3.0,34.8,0.4,0.9375,-2.0,2.0,500.0,0.13953488372093023,0.27906976744186046,2,2,4.9,3.0,1506,1263,199,0.0,0.0,3.0,13.0,36.3,1.2,0.16666666666666666,0.0,0.0,3.0,6.0,35.3,0.4,0.7692307692307693,-0.3,0.2,56.0,-1030.0,13.0,11.0,456.0,-0.09090909090909091,0.0,0.0,0.0,-0.23076923076923078,0.820000000000001,0.0
218,202110020205,6,4,7,72,10,5,7,57,0,0,0,1,2,1,1,26,2,0,2,15,0,0,0,1,1,0,1,5,1,0,1,6,0,0,0,0,0.0,0.0,10.0,12.0,42.1,5.6,1.0,0.0,0.0,11.0,8.0,36.1,0.8,0.625,0.0,0.0,9.0,5.0,37.3,0.3,0.6875,-3.5,26.0,500.0,0.0,0.1111111111111111,4,5,106.8,11.0,1506,1167,199,0.0,0.0,8.0,4.0,36.4,1.0,0.21428571428571427,0.0,0.0,8.0,4.0,36.2,0.4,0.5882352941176471,-2.0,0.0,55.0,-1075.0,13.0,12.0,450.0,0.0,0.0625,-0.3125,0.0,-0.23529411764705882,1.15,0.0
219,202110020205,0,1,0,9,8,4,5,73,0,0,0,0,0,1,0,1,3,1,2,22,0,0,0,0,0,1,0,1,0,1,0,13,0,0,0,0,0.0,0.0,80.0,8.0,37.1,1.3,0.5833333333333334,0.0,0.0,120.0,9.0,34.4,0.5,0.8571428571428571,0.0,0.0,50.0,6.0,36.8,0.7,0.875,-1.0,-13.0,1000.0,0.0,0.0,8,13,42.2,8.0,1333,1013,1294,0.0,0.0,60.0,11.0,36.4,0.9,0.5,0.0,0.0,80.0,6.0,33.9,0.6,0.4444444444444444,-0.2,0.0,53.0,-746.0,13.0,12.0,461.0,0.0,-0.2857142857142857,-0.75,0.0,0.0,0.44000000000000056,0.0
220,202110020205,6,4,7,72,5,2,5,58,0,1,0,4,2,1,1,26,1,0,1,17,0,0,0,3,1,0,1,5,0,0,1,8,0,0,0,0,0.0,0.0,6.0,5.0,39.7,0.7,0.7272727272727273,0.0,0.0,13.0,13.0,35.3,1.0,0.6875,0.0,0.0,13.0,14.0,37.0,1.9,0.06666666666666667,4.5,11.0,300.0,0.0,0.3333333333333333,6,9,38.5,7.0,1506,1428,199,0.0,0.0,9.0,9.0,39.1,2.2,0.9375,0.0,0.0,7.0,9.0,36.2,0.8,0.23076923076923078,0.4,0.0,54.0,-691.0,13.0,11.0,433.0,0.0,0.0,0.0,-0.25,0.0,0.31999999999999956,0.0
221,202110020205,0,0,2,22,1,1,0,8,0,0,0,0,0,0,0,6,0,0,0,2,0,0,0,0,0,0,0,5,0,0,0,1,0,0,0,0,0.0,0.0,90.0,7.0,38.0,2.7,0.8888888888888888,0.0,0.0,100.0,12.0,38.3,1.8,0.1875,0.0,0.0,60.0,7.0,36.8,2.4,0.5555555555555556,0.0,9.0,600.0,0.14705882352941177,0.23529411764705882,3,3,24.9,6.0,1548,1442,1328,0.0,0.0,100.0,8.0,36.5,1.4,0.4444444444444444,0.0,0.0,70.0,4.0,36.2,1.7,0.4,-1.0,0.0,55.0,-1253.0,13.0,9.0,537.0,0.1111111111111111,0.3125,0.1111111111111111,0.16666666666666666,-0.2,0.5399999999999991,0.0
222,202110020205,11,13,9,84,6,8,5,64,0,0,0,0,3,3,4,22,1,4,3,15,0,0,0,0,2,1,0,8,1,1,1,8,0,0,0,0,0.0,0.0,5.0,5.0,38.8,1.5,1.0,0.0,0.0,10.0,6.0,35.7,0.5,0.75,0.0,0.0,6.0,8.0,37.2,1.5,0.875,1.5,11.0,400.0,0.09615384615384616,0.2692307692307692,4,4,18.4,5.0,1691,1405,1167,0.0,0.0,10.0,2.0,36.2,0.5,0.75,0.0,0.0,12.0,8.0,37.2,0.9,1.0,0.2,0.2,56.0,-1128.0,13.0,7.0,431.0,-0.14285714285714285,0.0625,-0.0625,-0.1875,-0.0625,0.26999999999999885,0.0
223,202110020205,0,0,1,4,0,0,0,5,0,0,0,0,0,0,0,2,0,0,0,0,0,0,0,0,0,0,0,1,0,0,0,0,0,0,0,0,0.0,0.0,70.0,50.0,36.2,1.0,0.5,0.0,0.0,120.0,120.0,35.7,1.3,0.7692307692307693,0.0,0.0,100.0,100.0,36.0,1.3,0.5294117647058824,25.0,31.0,950.0,0.16666666666666666,0.16666666666666666,5,6,187.0,12.0,1507,1313,593,0.0,0.0,90.0,120.0,39.1,2.4,0.6875,0.0,0.0,70.0,110.0,36.9,2.2,0.3076923076923077,12.0,0.0,52.0,-926.0,13.0,10.0,419.0,0.2,0.23076923076923078,0.058823529411764705,0.0,0.0,-0.479999999999999,0.0
224,202110020205,0,0,0,0,0,0,0,0,0,0,0,0,0,0,0,0,0,0,0,0,0,0,0,0,0,0,0,0,0,0,0,0,0,0,0,0,0.0,0.0,5.0,4.0,39.7,0.8,0.45454545454545453,0.0,0.0,12.0,13.0,42.8,3.5,0.13333333333333333,0.0,0.0,14.0,10.0,38.1,2.1,0.9333333333333333,3.0,2.0,300.0,0.03125,0.28125,6,8,273.7,13.0,1498,1635,1036,0.0,0.0,13.0,13.0,36.4,1.4,0.38461538461538464,0.0,0.0,14.0,17.0,37.4,2.5,0.3888888888888889,2.6,0.0,54.0,-1097.0,13.0,11.0,432.0,0.09090909090909091,0.0,-0.06666666666666667,0.38461538461538464,0.2777777777777778,1.1000000000000008,0.0
225,202110020212,6,4,3,33,10,5,7,57,2,2,1,4,1,1,1,8,2,0,2,15,0,0,1,1,0,0,0,0,0,0,0,0,0,0,0,0,0.0,0.0,9.0,3.0,34.8,0.2,0.7692307692307693,0.0,0.0,13.0,8.0,34.4,0.5,0.9333333333333333,0.0,0.0,9.0,9.0,33.3,0.6,0.6923076923076923,3.0,2.0,-200.0,0.11904761904761904,0.2619047619047619,4,4,2.0,1.0,1098,1167,1294,0.0,0.0,10.0,7.0,36.6,1.8,1.0,0.0,0.0,8.0,5.0,34.7,0.4,0.9285714285714286,0.3,0.2,54.0,-1021.0,13.0,13.0,468.0,-0.38461538461538464,-0.13333333333333333,-0.07692307692307693,-0.3333333333333333,-0.14285714285714285,-0.20000000000000143,0.0
226,202110020212,1,0,2,5,1,0,2,5,1,0,2,2,0,0,1,2,0,0,1,3,0,0,1,1,0,0,0,0,0,0,0,0,0,0,0,0,0.0,0.0,10.0,8.0,34.0,0.4,0.9230769230769231,0.0,0.0,10.0,9.0,35.5,0.8,0.5454545454545454,0.0,0.0,13.0,13.0,34.8,1.4,0.8461538461538461,2.5,-4.0,0.0,0.09090909090909091,0.18181818181818182,3,3,10.5,4.0,1698,205,1366,0.0,0.0,4.0,1.0,33.7,0.0,0.8,0.0,0.0,5.0,8.0,35.1,1.0,1.0,-0.8,0.2,55.0,-301.0,13.0,13.0,462.0,0.07692307692307693,-0.09090909090909091,0.0,-0.3,-0.18181818181818182,-0.04000000000000057,0.0
227,202110020212,1,1,1,27,0,0,0,2,0,0,0,0,1,1,0,11,0,0,0,0,0,0,0,0,0,0,0,0,0,0,0,0,0,0,0,0,0.0,0.0,7.0,14.0,36.9,1.7,0.3333333333333333,0.0,0.0,14.0,10.0,36.4,0.7,0.23529411764705882,0.0,0.0,7.0,5.0,35.5,0.4,0.14285714285714285,-4.5,2.0,-200.0,0.03225806451612903,0.25806451612903225,6,8,6.2,3.0,1009,1225,298,0.0,0.0,4.0,2.0,34.4,0.2,0.3,0.0,0.0,5.0,9.0,34.7,1.0,0.18181818181818182,-1.8,0.2,54.0,-721.0,13.0,15.0,498.0,0.06666666666666667,-0.11764705882352941,0.0,0.1,0.0,0.6399999999999991,0.0
228,202110020212,7,4,3,27,6,8,5,64,1,1,1,0,3,1,3,7,1,4,3,15,1,1,1,0,0,0,0,0,0,0,0,1,0,0,0,0,0.0,0.0,2.0,4.0,34.7,0.2,0.5,0.0,0.0,4.0,2.0,36.3,0.4,0.5,0.0,0.0,5.0,5.0,35.2,0.5,0.4375,0.5,0.0,0.0,0.1,0.225,8,12,4.1,2.0,1167,1405,460,0.0,0.0,9.0,12.0,35.0,1.0,0.4166666666666667,0.0,0.0,4.0,8.0,35.1,1.5,0.8,1.8,0.2,54.0,-896.0,13.0,14.0,478.0,0.21428571428571427,-0.1875,0.0,0.16666666666666666,-0.4666666666666667,0.05,0.0
229,202110020212,3,6,1,31,1,1,0,8,0,0,0,3,0,1,1,6,0,0,0,2,0,0,0,1,0,0,0,0,0,0,0,0,0,0,0,0,0.0,0.0,12.0,10.0,33.9,1.0,0.23076923076923078,0.0,0.0,11.0,13.0,34.4,1.2,0.38461538461538464,0.0,0.0,8.0,4.0,35.0,0.4,0.8,-3.0,2.0,200.0,0.0,0.11538461538461539,6,9,39.8,8.0,1317,1442,1186,0.0,0.0,14.0,13.0,36.0,2.3,0.42857142857142855,0.0,0.0,12.0,9.0,35.4,1.1,0.35714285714285715,-0.2,0.0,55.0,-896.0,13.0,13.0,438.0,0.07692307692307693,0.0,0.0,0.07142857142857142,-0.07142857142857142,-0.46000000000000013,0.0
230,202110020212,3,0,4,35,0,0,0,0,0,0,0,0,1,0,2,7,0,0,0,0,0,0,0,0,0,0,2,2,0,0,0,0,0,0,0,0,0.0,0.0,12.0,11.0,35.7,1.8,0.4166666666666667,0.0,0.0,13.0,11.0,36.3,1.0,0.8461538461538461,0.0,0.0,15.0,12.0,36.7,1.6,0.5333333333333333,0.5,6.0,-200.0,0.0,0.1111111111111111,5,6,28.3,7.0,1431,697,1428,0.0,0.0,9.0,12.0,38.8,3.5,0.75,0.0,0.0,12.0,12.0,34.1,0.7,0.8333333333333334,0.3,0.0,54.0,-377.0,13.0,12.0,490.0,0.08333333333333333,0.07692307692307693,0.13333333333333333,0.08333333333333333,-0.16666666666666666,0.07000000000000028,0.0
231,202110020212,21,21,21,102,2,4,6,41,1,1,1,0,9,7,7,29,1,1,1,5,1,1,0,0,2,0,0,2,0,0,0,0,0,0,0,0,0.0,0.0,5.0,7.0,35.3,0.8,0.5454545454545454,0.0,0.0,4.0,6.0,34.2,1.0,1.0,0.0,0.0,6.0,3.0,35.8,0.7,0.9285714285714286,-2.0,0.0,-400.0,0.0,0.0,8,13,61.5,10.0,1428,1366,1263,0.0,0.0,7.0,6.0,34.1,0.6,1.0,0.0,0.0,14.0,9.0,35.4,1.0,1.0,0.4,0.2,54.0,-573.0,13.0,11.0,424.0,0.09090909090909091,-0.5,-0.5714285714285714,-0.25,-0.125,-0.010000000000000142,0.0
232,202110020212,21,21,21,102,1,0,1,1,1,0,1,1,9,7,7,29,0,0,0,0,0,0,0,0,2,0,0,2,0,0,0,0,0,0,0,0,0.0,0.0,15.0,15.0,40.7,3.7,0.5625,0.0,0.0,9.0,11.0,40.2,2.4,0.75,0.0,0.0,7.0,5.0,35.8,0.6,0.875,-5.0,-2.0,-800.0,0.09803921568627451,0.27450980392156865,7,11,10.9,5.0,1428,1298,1263,0.0,0.0,10.0,6.0,35.6,0.7,1.0,0.0,0.0,5.0,4.0,34.0,0.2,0.6,-2.7,0.0,55.0,-370.0,13.0,16.0,434.0,0.3125,-0.08333333333333333,-0.25,-0.09090909090909091,-0.1,1.8000000000000007,0.0
233,202110020212,3,3,3,41,0,2,0,5,0,0,0,0,2,1,1,14,0,2,0,3,0,0,0,0,0,0,0,0,0,0,0,1,0,0,0,0,0.0,0.0,12.0,7.0,37.4,1.0,0.625,0.0,0.0,8.0,3.0,38.5,0.7,0.8,0.0,0.0,16.0,15.0,37.3,1.5,0.5,4.0,-4.0,0.0,0.1,0.1,4,5,48.2,9.0,1561,1103,1263,0.0,0.0,6.0,6.0,33.8,1.0,0.625,0.0,0.0,12.0,8.0,33.6,1.2,0.5833333333333334,0.5,0.2,55.0,-398.0,13.0,16.0,474.0,-0.125,-0.1,0.125,0.0,0.0,1.2299999999999998,0.0
234,202110020212,6,4,7,72,7,7,8,94,2,1,1,17,2,1,1,26,1,0,5,26,1,0,0,7,0,0,0,1,0,0,0,1,0,0,0,1,0.0,0.0,13.0,10.0,36.4,0.9,0.75,0.0,0.0,8.0,5.0,33.8,0.3,1.0,0.0,0.0,9.0,8.0,33.2,0.4,1.0,-1.0,-16.0,-700.0,0.15151515151515152,0.24242424242424243,1,1,82.8,12.0,1506,1263,199,0.0,0.0,9.0,3.0,35.3,1.2,0.8181818181818182,0.0,0.0,9.0,8.0,36.1,0.5,1.0,-0.6,0.2,55.0,-315.0,13.0,16.0,426.0,0.0625,-0.1,0.0,-0.18181818181818182,-0.3,-0.09000000000000057,0.0
235,202110020212,0,0,5,20,6,8,5,64,0,0,0,2,0,0,0,1,1,4,3,15,0,0,0,0,0,0,0,0,0,0,0,1,0,0,0,0,0.0,0.0,9.0,6.0,33.5,0.6,0.6666666666666666,0.0,0.0,8.0,8.0,34.1,0.5,0.36363636363636365,0.0,0.0,9.0,5.0,35.0,0.9,0.25,-0.5,6.0,0.0,0.08,0.32,2,2,20.5,6.0,1306,1405,1445,0.0,0.0,11.0,8.0,35.6,0.6,0.2727272727272727,0.0,0.0,15.0,12.0,37.8,1.7,0.6875,1.2,0.0,54.0,-910.0,13.0,9.0,466.0,0.1111111111111111,-0.09090909090909091,0.0,0.45454545454545453,0.1875,-1.0099999999999993,0.0
236,202110020212,21,21,21,102,1,0,0,9,1,0,0,2,9,7,7,29,1,0,0,3,1,0,0,0,2,0,0,2,0,0,0,0,0,0,0,0,0.0,0.0,9.0,8.0,35.1,0.8,0.1,0.0,0.0,13.0,9.0,35.6,1.2,1.0,0.0,0.0,15.0,16.0,35.7,1.9,0.75,4.0,6.0,-200.0,0.10526315789473684,0.21052631578947367,5,7,65.4,11.0,1428,565,1263,0.0,0.0,11.0,12.0,34.5,1.5,0.6923076923076923,0.0,0.0,8.0,10.0,35.2,1.0,0.18181818181818182,0.7,0.0,55.0,-195.0,13.0,10.0,422.0,0.0,0.0,0.0625,0.15384615384615385,0.0,0.08999999999999986,0.0
237,202110020212,1,4,2,30,0,1,2,18,0,1,1,4,1,2,1,13,0,0,0,2,0,0,0,1,0,0,0,2,0,0,0,1,0,0,0,1,0.0,0.0,13.0,13.0,35.7,2.0,0.23076923076923078,0.0,0.0,7.0,5.0,35.4,0.8,0.375,0.0,0.0,7.0,9.0,37.2,1.4,0.7272727272727273,-2.0,-6.0,0.0,0.0,0.06666666666666667,7,10,82.9,13.0,1328,1599,1263,0.0,0.0,10.0,10.0,36.7,1.2,0.23076923076923078,0.0,0.0,4.0,6.0,35.3,0.7,0.4444444444444444,-0.9,0.0,55.0,0.0,13.0,13.0,424.0,0.15384615384615385,0.0,0.18181818181818182,0.07692307692307693,-0.2222222222222222,-0.04999999999999929,0.0
238,202110020306,1,1,0,4,1,0,0,0,0,0,0,0,1,0,0,1,1,0,0,0,0,0,0,0,0,0,0,1,1,0,0,0,0,0,0,0,0.0,0.0,7.0,14.0,36.9,2.4,1.0,0.0,0.0,7.0,3.0,35.0,0.1,0.75,0.0,0.0,1.0,1.0,35.3,0.0,0.5625,-6.5,4.0,-400.0,0.13636363636363635,0.2727272727272727,7,13,3.4,1.0,1463,377,1167,0.0,0.0,1.0,1.0,34.4,0.0,0.5833333333333334,0.0,0.0,11.0,7.0,35.4,1.2,0.4444444444444444,-1.6,0.6,56.0,-491.0,16.0,17.0,504.0,0.0,-0.375,-0.0625,-0.16666666666666666,-0.05555555555555555,0.36000000000000015,0.0
239,202110020306,0,0,1,4,0,2,1,10,0,0,0,0,0,0,0,2,0,0,0,3,0,0,0,0,0,0,0,1,0,0,0,1,0,0,0,0,0.0,0.0,9.0,10.0,35.9,3.2,1.0,0.0,0.0,15.0,16.0,44.9,8.0,0.3125,0.0,0.0,12.0,13.0,37.8,2.8,0.38461538461538464,1.5,-6.0,0.0,0.1,0.2,1,2,5.6,3.0,1507,1393,593,0.0,0.0,7.0,13.0,35.4,1.8,0.6153846153846154,0.0,0.0,1.0,1.0,34.2,0.0,0.4,-2.1,0.2,56.0,-1113.0,16.0,10.0,462.0,0.0,0.625,0.0,-0.07692307692307693,0.0,1.2899999999999991,0.0
240,202110020306,3,6,1,31,3,3,1,14,2,1,0,5,0,1,1,6,0,1,0,6,0,0,0,1,0,0,1,4,0,0,0,2,0,0,0,1,0.0,0.0,11.0,7.0,35.3,0.5,0.6875,0.0,0.0,5.0,3.0,35.9,0.3,0.2222222222222222,0.0,0.0,11.0,12.0,35.3,1.6,0.6,2.5,-2.0,0.0,0.08333333333333333,0.08333333333333333,7,14,13.8,6.0,1317,1713,1186,0.0,0.0,6.0,3.0,33.4,0.1,0.2222222222222222,0.0,0.0,10.0,4.0,35.4,0.4,0.4666666666666667,-0.6,0.4,53.0,-1002.0,16.0,16.0,470.0,0.125,-0.1111111111111111,0.06666666666666667,0.0,0.13333333333333333,0.2299999999999997,0.0
241,202110020306,0,0,0,8,7,4,7,49,0,0,0,0,0,0,0,1,2,1,2,10,0,0,0,0,0,0,0,0,1,1,2,5,0,0,0,0,0.0,0.0,8.0,7.0,13.6,6.8,0.7777777777777778,0.0,0.0,7.0,5.0,14.0,8.8,0.6666666666666666,0.0,0.0,10.0,15.0,34.7,1.5,0.5625,4.0,10.0,-1090.0,0.0,0.0,3,5,6.8,4.0,1310,1294,1618,0.0,0.0,16.0,18.0,41.2,5.7,0.05555555555555555,0.0,0.0,11.0,9.0,36.7,0.7,0.0625,1.7,0.0,51.0,-1177.0,16.0,9.0,508.0,0.1111111111111111,-0.1111111111111111,0.0625,0.0,0.0,-7.340000000000001,0.0
242,202110020306,0,0,0,0,0,0,1,0,0,0,0,0,0,0,0,0,0,0,0,0,0,0,0,0,0,0,0,0,0,0,0,0,0,0,0,0,0.0,0.0,11.0,11.0,43.9,4.7,0.9166666666666666,0.0,0.0,12.0,11.0,40.8,4.3,0.25,0.0,0.0,15.0,16.0,41.3,4.2,0.0625,2.5,12.0,-400.0,0.1724137931034483,0.4482758620689655,5,9,10.7,5.0,600,705,239,0.0,0.0,5.0,9.0,39.1,1.6,0.21428571428571427,0.0,0.0,4.0,5.0,38.2,0.7,0.21428571428571427,-1.4,0.0,56.0,-1010.0,16.0,12.0,470.0,0.08333333333333333,0.5833333333333334,0.125,0.14285714285714285,0.07142857142857142,1.3099999999999987,0.0
243,202110020306,1,1,0,4,1,0,1,17,0,0,0,0,1,0,0,1,0,0,0,3,0,0,0,0,0,0,0,1,0,0,0,3,0,0,0,0,0.0,0.0,2.0,1.0,40.7,0.0,0.7,0.0,0.0,5.0,3.0,34.9,0.2,0.3125,0.0,0.0,4.0,5.0,35.5,0.6,0.3333333333333333,2.0,39.0,400.0,0.0975609756097561,0.21951219512195122,2,3,16.8,7.0,1463,1170,1167,0.0,0.0,7.0,6.0,36.2,0.7,0.0625,0.0,0.0,3.0,11.0,43.0,4.1,0.21428571428571427,2.3,0.4,56.0,-340.0,16.0,10.0,503.0,-0.6,-0.125,-0.16666666666666666,0.0,0.0,-0.5899999999999999,0.0
244,202110020306,0,0,1,4,1,1,0,30,0,0,0,0,0,0,0,2,0,1,0,6,0,0,0,0,0,0,0,1,0,0,0,2,0,0,0,0,0.0,0.0,4.0,8.0,41.2,1.5,0.23076923076923078,0.0,0.0,9.0,14.0,41.1,5.0,0.25,0.0,0.0,4.0,10.0,37.9,1.4,0.42857142857142855,1.0,19.0,300.0,0.09433962264150944,0.2641509433962264,6,12,22.6,8.0,1507,1376,593,0.0,0.0,6.0,2.0,36.9,0.3,0.0625,0.0,0.0,4.0,5.0,35.2,0.6,0.14285714285714285,-1.8,0.2,56.0,-573.0,16.0,13.0,485.0,0.15384615384615385,0.625,0.0,0.0,0.0,1.6200000000000003,0.0
245,202110020306,7,4,3,27,7,11,6,84,0,0,0,2,3,1,3,7,1,0,2,13,0,0,0,1,2,0,1,1,0,0,1,6,0,0,0,0,0.0,0.0,70.0,70.0,40.8,2.0,0.36363636363636365,0.0,0.0,130.0,100.0,39.7,1.5,0.5,0.0,0.0,40.0,90.0,39.6,2.7,0.7333333333333333,10.0,15.0,300.0,0.0,0.3,5,10,71.4,12.0,1167,1556,460,0.0,0.0,50.0,50.0,39.4,0.5,0.6,0.0,0.0,110.0,140.0,35.6,1.9,0.8888888888888888,9.0,0.0,54.0,-1246.0,16.0,11.0,471.0,0.0,-0.125,-0.06666666666666667,-0.13333333333333333,-0.1111111111111111,1.0699999999999996,0.0
246,202110020306,21,21,21,102,2,3,3,40,1,0,0,6,9,7,7,29,1,0,0,10,1,0,0,1,1,1,2,11,0,0,0,5,0,0,0,1,0.0,0.0,6.0,4.0,37.3,1.9,0.8571428571428571,0.0,0.0,14.0,14.0,35.8,1.2,0.5625,0.0,0.0,15.0,10.0,33.6,1.1,1.0,3.0,16.0,800.0,0.08333333333333333,0.25,8,16,3.9,2.0,1428,1559,1263,0.0,0.0,14.0,10.0,36.9,1.4,0.5,0.0,0.0,13.0,9.0,38.0,1.0,0.5625,0.6,0.0,54.0,-1039.0,16.0,7.0,468.0,0.0,0.0625,,-0.0625,0.0,-0.2500000000000007,0.0
247,202110020306,3,4,3,36,0,2,1,10,0,0,0,0,0,1,1,9,0,0,0,3,0,0,0,0,0,1,1,5,0,0,0,1,0,0,0,0,0.0,0.0,12.0,12.0,44.2,7.6,0.5,0.0,0.0,10.0,10.0,36.5,1.5,0.375,0.0,0.0,5.0,5.0,37.5,1.5,0.6666666666666666,-3.5,16.0,200.0,0.030303030303030304,0.2727272727272727,1,1,43.8,10.0,1090,1393,1169,0.0,0.0,3.0,6.0,35.7,0.8,0.5714285714285714,0.0,0.0,7.0,11.0,40.3,3.6,0.75,-0.6,0.0,56.0,-596.0,16.0,12.0,476.0,0.5,0.0625,-0.2222222222222222,0.0,-0.125,0.8600000000000009,0.0
248,202110020306,0,0,2,22,0,0,0,0,0,0,0,0,0,0,0,6,0,0,0,0,0,0,0,0,0,0,0,5,0,0,0,0,0,0,0,0,0.0,0.0,6.0,4.0,38.6,0.4,0.16666666666666666,0.0,0.0,13.0,5.0,35.4,1.4,0.7142857142857143,0.0,0.0,18.0,13.0,34.6,1.8,0.8888888888888888,4.5,8.0,400.0,0.07407407407407407,0.3333333333333333,4,7,26.9,9.0,1548,509,1328,0.0,0.0,8.0,11.0,36.1,1.3,0.5555555555555556,0.0,0.0,10.0,11.0,37.2,2.0,0.13333333333333333,2.0,0.0,54.0,-446.0,16.0,12.0,452.0,0.08333333333333333,-0.07142857142857142,-0.1111111111111111,0.05555555555555555,0.2,0.20999999999999944,0.0
249,202110020306,2,1,1,15,0,0,0,12,0,0,0,0,0,0,1,3,0,0,0,1,0,0,0,0,0,0,0,1,0,0,0,1,0,0,0,0,0.0,0.0,70.0,60.0,42.1,1.6,0.3,0.0,0.0,150.0,130.0,40.5,3.2,0.0625,0.0,0.0,130.0,160.0,37.9,2.3,0.5,50.0,24.0,500.0,0.0,0.0,8,15,99.6,13.0,1440,749,1167,0.0,0.0,90.0,70.0,36.6,1.4,0.7272727272727273,0.0,0.0,60.0,70.0,39.0,1.3,0.7142857142857143,-4.0,0.0,51.0,-1253.0,16.0,10.0,490.0,0.4,0.25,0.5,0.0,-0.21428571428571427,1.0100000000000002,0.0
250,202110020306,7,6,3,55,0,0,0,16,0,0,0,0,3,2,0,19,0,0,0,4,0,0,0,0,1,2,0,9,0,0,0,4,0,0,0,0,0.0,0.0,70.0,7.0,39.3,1.2,0.4166666666666667,0.0,0.0,150.0,14.0,40.0,3.7,0.875,0.0,0.0,130.0,15.0,35.6,1.1,1.0,4.0,-12.0,-200.0,0.0,0.10714285714285714,6,11,50.4,11.0,1736,1036,1482,0.0,0.0,100.0,13.0,37.1,1.7,0.7142857142857143,0.0,0.0,180.0,10.0,35.8,0.6,0.5,0.5,0.0,55.0,-1238.0,16.0,12.0,466.0,0.08333333333333333,0.0,0.0,-0.2857142857142857,-0.1111111111111111,0.9899999999999999,0.0
251,202110020306,0,2,2,8,0,0,0,4,0,0,0,0,0,1,0,3,0,0,0,1,0,0,0,0,0,1,0,1,0,0,0,1,0,0,0,0,0.0,0.0,2.0,,,,0.625,0.0,0.0,13.0,11.0,38.6,2.0,0.4,0.0,0.0,11.0,8.0,37.8,2.2,0.8823529411764706,-3.0,43.0,400.0,0.0,0.06666666666666667,3,6,163.4,14.0,1222,779,1328,0.0,0.0,9.0,8.0,36.0,1.4,0.5833333333333334,0.0,0.0,12.0,8.0,37.2,0.6,0.625,-0.9,0.0,51.0,-556.0,16.0,8.0,453.0,0.0,0.13333333333333333,-0.11764705882352941,-0.08333333333333333,-0.5625,0.5999999999999993,0.0
252,202110020306,11,13,9,84,0,2,0,19,0,0,0,0,3,3,4,22,0,0,0,6,0,0,0,0,2,1,0,8,0,0,0,4,0,0,0,0,0.0,0.0,18.0,15.0,37.2,2.2,0.6111111111111112,0.0,0.0,15.0,15.0,37.0,2.6,0.75,0.0,0.0,10.0,10.0,38.1,2.6,0.7272727272727273,-2.5,-4.0,-200.0,0.14285714285714285,0.22857142857142856,4,8,312.3,15.0,1691,1328,1167,0.0,0.0,12.0,14.0,39.5,5.3,0.625,,,,,,,,-0.8,0.0,53.0,-50.0,16.0,18.0,446.0,0.1111111111111111,0.0625,0.09090909090909091,0.0625,,-0.7999999999999993,0.0
253,202110020306,0,3,1,26,4,8,8,33,0,1,0,0,0,0,0,8,2,1,0,5,0,0,0,0,0,0,0,2,1,0,0,1,0,0,0,0,0.0,0.0,4.0,8.0,40.8,2.4,0.6,0.0,0.0,16.0,13.0,36.4,1.8,0.9375,0.0,0.0,13.0,9.0,37.4,1.4,0.625,0.5,-7.0,300.0,,,2,4,407.7,16.0,1712,1345,1292,0.0,0.0,17.0,12.0,36.6,1.8,0.16666666666666666,0.0,0.0,16.0,16.0,38.5,3.6,0.375,1.5,0.0,56.0,-545.0,16.0,10.0,467.0,0.2,-0.0625,0.0,0.05555555555555555,0.4375,0.43999999999999917,0.0
254,202110020407,21,21,21,102,10,5,7,57,0,2,1,7,9,7,7,29,2,0,2,15,0,0,1,2,3,4,1,9,0,0,0,5,0,0,0,0,0.0,0.0,2.0,1.0,33.8,0.0,0.1,0.0,0.0,5.0,9.0,35.0,0.5,0.2,0.0,0.0,3.0,1.0,34.6,0.0,0.36363636363636365,0.0,4.0,-200.0,0.15555555555555556,0.28888888888888886,6,10,5.4,3.0,1428,1167,1263,0.0,0.0,5.0,2.0,34.7,0.2,0.2222222222222222,0.0,0.0,5.0,2.0,35.6,0.2,0.3076923076923077,-0.5,0.8,54.0,-454.0,15.0,10.0,468.0,0.0,0.0,-0.09090909090909091,0.0,-0.07692307692307693,-0.3300000000000011,0.0
255,202110020407,21,21,21,102,0,1,0,7,0,1,0,0,9,7,7,29,0,1,0,1,0,1,0,0,3,4,1,9,0,0,0,0,0,0,0,0,0.0,0.0,10.0,9.0,37.6,0.6,0.1875,0.0,0.0,8.0,5.0,35.4,0.8,0.6,0.0,0.0,7.0,6.0,35.3,0.6,0.45454545454545453,-1.5,0.0,-700.0,0.029411764705882353,0.2647058823529412,3,4,5.8,4.0,1428,1206,1263,0.0,0.0,5.0,6.0,36.4,1.6,0.8,0.0,0.0,3.0,1.0,36.2,0.0,0.8333333333333334,-1.5,0.2,54.0,-672.0,15.0,16.0,492.0,-0.125,-0.2,-0.2727272727272727,-0.4,-0.75,0.17999999999999972,0.0
256,202110020407,21,21,21,102,10,5,7,57,0,2,1,7,9,7,7,29,2,0,2,15,0,0,1,2,3,4,1,9,0,0,0,5,0,0,0,0,0.0,0.0,4.0,3.0,35.8,0.7,1.0,0.0,0.0,1.0,3.0,34.9,0.3,0.9,0.0,0.0,1.0,9.0,36.5,1.2,1.0,3.0,0.0,-200.0,0.0,0.2727272727272727,8,15,4.0,2.0,1428,1167,1263,0.0,0.0,2.0,3.0,35.5,0.2,0.4,0.0,0.0,5.0,3.0,35.1,0.5,0.5,0.0,0.8,54.0,-133.0,15.0,11.0,446.0,-0.18181818181818182,-0.1,-0.23076923076923078,-0.13333333333333333,0.14285714285714285,0.079999999999999,0.0
257,202110020407,11,13,9,84,7,11,6,84,3,2,2,7,3,3,4,22,1,0,2,13,0,0,1,2,1,1,2,9,1,0,0,5,0,0,0,1,0.0,0.0,15.0,,,,0.3125,0.0,0.0,11.0,13.0,36.2,1.4,0.5,0.0,0.0,14.0,9.0,37.3,1.0,0.625,-4.0,-2.0,0.0,0.0,0.0625,8,14,8.7,5.0,1691,1556,1167,0.0,0.0,7.0,9.0,35.9,1.9,0.5454545454545454,0.0,0.0,10.0,12.0,37.1,2.4,0.125,-0.3,0.0,51.0,-328.0,15.0,16.0,466.0,0.6875,0.3125,-0.0625,0.45454545454545453,0.0,-0.12999999999999973,0.0
258,202110020407,21,21,21,102,0,0,0,0,0,0,0,0,9,7,7,29,0,0,0,0,0,0,0,0,3,4,1,9,0,0,0,0,0,0,0,0,0.0,0.0,11.0,7.0,33.3,0.4,0.8333333333333334,0.0,0.0,5.0,1.0,33.9,0.0,0.9090909090909091,0.0,0.0,12.0,2.0,34.9,0.3,0.6,-2.5,8.0,400.0,0.09523809523809523,0.38095238095238093,7,13,3.5,1.0,1428,268,1263,0.0,0.0,6.0,13.0,33.7,1.1,0.9375,0.0,0.0,3.0,16.0,38.2,2.6,0.125,2.9999999999999996,0.4,53.0,-727.0,15.0,18.0,472.0,0.05555555555555555,0.09090909090909091,0.06666666666666667,0.0,0.0,-0.9600000000000015,0.0
259,202110020407,6,4,7,72,0,0,2,3,0,0,0,1,2,1,1,26,0,0,0,2,0,0,0,1,1,1,0,9,0,0,0,1,0,0,0,1,0.0,0.0,8.0,6.0,35.5,0.3,0.6666666666666666,0.0,0.0,9.0,10.0,37.5,1.5,0.6428571428571429,0.0,0.0,11.0,4.0,36.5,0.5,0.9285714285714286,-1.0,-6.0,0.0,0.07692307692307693,0.3076923076923077,5,8,30.8,8.0,1506,1079,199,0.0,0.0,11.0,5.0,35.0,0.6,0.7692307692307693,0.0,0.0,7.0,8.0,37.3,0.8,0.5,-0.1,0.0,55.0,0.0,15.0,15.0,422.0,-0.13333333333333333,-0.5,-0.2857142857142857,0.0,0.08333333333333333,-0.10999999999999943,0.0
260,202110020407,15,7,8,83,8,4,5,73,0,0,0,3,1,1,2,21,3,1,2,22,0,0,0,2,1,0,1,5,2,0,1,6,0,0,0,0,0.0,0.0,16.0,13.0,36.6,1.0,0.8125,0.0,0.0,14.0,10.0,37.2,1.1,0.8,0.0,0.0,15.0,13.0,37.3,1.0,0.875,0.0,14.0,100.0,0.07692307692307693,0.15384615384615385,4,6,40.2,9.0,1716,1013,1167,0.0,0.0,11.0,6.0,37.3,1.3,0.9333333333333333,0.0,0.0,8.0,1.0,37.6,0.0,0.75,-2.8,0.2,53.0,-692.0,15.0,16.0,472.0,-0.0625,-0.06666666666666667,-0.125,-0.26666666666666666,-0.16666666666666666,-0.20999999999999944,0.0
261,202110020407,3,3,3,41,1,0,0,13,0,0,0,4,2,1,1,14,0,0,0,5,0,0,0,3,0,0,0,3,0,0,0,1,0,0,0,1,0.0,0.0,14.0,12.0,36.7,1.0,0.5333333333333333,0.0,0.0,10.0,11.0,13.8,8.4,0.5,0.0,0.0,18.0,17.0,36.6,1.9,0.9444444444444444,2.5,-2.0,-200.0,,,2,3,98.6,12.0,1561,1039,1263,0.0,0.0,13.0,7.0,35.6,0.6,0.625,0.0,0.0,11.0,8.0,35.4,1.4,0.8181818181818182,-1.2,0.0,54.0,-622.0,15.0,15.0,466.0,-0.26666666666666666,0.25,-0.05555555555555555,-0.125,-0.09090909090909091,-1.9199999999999993,0.0
262,202110020407,3,3,3,41,0,0,0,3,0,0,0,0,2,1,1,14,0,0,0,1,0,0,0,0,0,0,0,3,0,0,0,0,0,0,0,0,0.0,0.0,11.0,9.0,36.4,0.8,0.13333333333333333,0.0,0.0,12.0,12.0,34.9,1.0,0.5555555555555556,0.0,0.0,7.0,10.0,41.3,2.7,0.15384615384615385,0.5,2.0,0.0,0.09523809523809523,0.21428571428571427,4,7,46.5,11.0,1561,1169,1263,0.0,0.0,7.0,6.0,35.5,0.7,0.08333333333333333,0.0,0.0,7.0,8.0,36.7,1.5,0.1111111111111111,-0.8,0.0,54.0,0.0,15.0,15.0,482.0,0.0,0.05555555555555555,-0.07692307692307693,0.08333333333333333,0.0,-0.120000000000001,0.0
263,202110020407,0,2,2,8,0,0,0,2,0,0,0,0,0,1,0,3,0,0,0,1,0,0,0,0,0,0,0,0,0,0,0,0,0,0,0,0,0.0,0.0,140.0,80.0,41.4,2.3,0.9285714285714286,0.0,0.0,130.0,110.0,35.6,0.8,0.46153846153846156,0.0,0.0,100.0,100.0,36.2,1.0,0.5333333333333333,10.0,32.0,200.0,0.0,0.0,1,1,40.5,10.0,1222,1295,1328,0.0,0.0,160.0,170.0,35.9,1.5,0.3333333333333333,0.0,0.0,90.0,90.0,36.9,1.2,0.25,8.0,0.0,54.0,-1236.0,15.0,14.0,480.0,-0.07142857142857142,-0.3076923076923077,0.0,0.0,0.0625,0.8700000000000003,0.0
264,202110020407,0,0,0,22,4,8,8,33,0,0,0,0,0,0,0,8,2,1,0,5,0,0,0,0,0,0,0,2,1,0,0,1,0,0,0,0,0.0,0.0,10.0,4.0,33.9,0.5,0.38461538461538464,0.0,0.0,8.0,5.0,35.4,0.8,0.2222222222222222,0.0,0.0,7.0,11.0,36.7,1.3,0.26666666666666666,3.5,0.0,-200.0,0.09259259259259259,0.25925925925925924,2,2,27.7,7.0,1403,1345,939,0.0,0.0,12.0,9.0,35.5,0.3,0.3888888888888889,0.0,0.0,16.0,9.0,34.8,0.8,0.16666666666666666,1.4,0.0,55.0,-126.0,15.0,13.0,496.0,-0.07692307692307693,0.0,0.0,0.0,0.0,-0.18999999999999986,0.0
265,202110020407,1,1,2,34,0,0,0,1,0,0,0,0,0,0,0,2,0,0,0,0,0,0,0,0,0,0,0,0,0,0,0,0,0,0,0,0,0.0,0.0,80.0,7.0,42.3,3.0,0.5,0.0,0.0,150.0,15.0,37.8,2.4,0.4,0.0,0.0,140.0,15.0,39.1,2.9,0.3333333333333333,4.0,28.0,400.0,0.0,0.0,6,11,208.0,14.0,1036,1496,1108,0.0,0.0,140.0,12.0,36.1,1.4,0.7333333333333333,0.0,0.0,180.0,9.0,35.7,2.1,0.3888888888888889,0.1,0.0,51.0,-1242.0,15.0,8.0,452.0,0.375,0.13333333333333333,0.13333333333333333,0.06666666666666667,0.0,1.4899999999999984,0.0
266,202110020407,8,7,5,57,6,6,4,55,1,1,0,4,4,3,1,11,4,2,0,10,1,0,0,0,1,0,0,5,0,0,0,1,0,0,0,0,0.0,0.0,9.0,10.0,42.7,3.7,0.18181818181818182,0.0,0.0,14.0,15.0,38.9,4.0,0.9333333333333333,0.0,0.0,14.0,15.0,37.1,2.8,0.13333333333333333,2.5,19.0,400.0,0.14285714285714285,0.14285714285714285,7,12,368.2,15.0,1127,1558,1328,0.0,0.0,16.0,16.0,37.6,2.5,0.25,0.0,0.0,16.0,15.0,38.4,2.8,0.125,1.1,0.0,52.0,-1112.0,15.0,11.0,447.0,0.45454545454545453,0.0,0.0,0.0,0.0,0.9900000000000005,0.0
267,202110020407,5,4,3,28,0,0,0,2,0,0,0,2,2,1,1,9,0,0,0,1,0,0,0,1,0,0,0,0,0,0,0,0,0,0,0,0,0.0,0.0,14.0,10.0,35.3,1.2,0.29411764705882354,0.0,0.0,9.0,12.0,36.5,0.5,0.2777777777777778,0.0,0.0,10.0,6.0,35.7,0.6,0.35714285714285715,-2.0,6.0,200.0,0.07142857142857142,0.32142857142857145,5,9,10.9,6.0,1152,484,1428,0.0,0.0,10.0,7.0,39.1,2.5,0.45454545454545453,0.0,0.0,15.0,13.0,35.8,0.7,0.6111111111111112,0.1,0.0,54.0,-742.0,15.0,17.0,460.0,0.058823529411764705,0.0,0.0,0.0,-0.05555555555555555,-0.36000000000000015,0.0
268,202110020407,0,0,2,22,1,0,0,9,0,0,0,0,0,0,0,6,0,0,0,1,0,0,0,0,0,0,0,0,0,0,0,0,0,0,0,0,0.0,0.0,9.0,9.0,41.2,2.6,0.7777777777777778,0.0,0.0,13.0,15.0,38.4,6.1,1.0,0.0,0.0,12.0,13.0,36.6,1.8,0.2857142857142857,2.0,3.0,400.0,0.0,0.0,3,5,162.7,13.0,1548,1650,1328,0.0,0.0,11.0,9.0,37.0,1.3,0.21428571428571427,0.0,0.0,12.0,13.0,37.4,2.2,0.29411764705882354,0.2,0.0,54.0,-341.0,15.0,9.0,435.0,0.2222222222222222,0.0,0.35714285714285715,0.21428571428571427,0.47058823529411764,0.9000000000000007,0.0
269,202110020411,0,0,0,1,0,0,1,8,0,0,0,1,0,0,0,1,0,0,1,3,0,0,0,1,0,0,0,1,0,0,0,1,0,0,0,1,0.0,0.0,11.0,1.0,35.0,0.0,0.1875,0.0,0.0,3.0,6.0,35.2,0.5,0.17647058823529413,0.0,0.0,7.0,9.0,34.6,0.7,0.1111111111111111,4.0,0.0,0.0,0.0,0.0,2,3,23.8,11.0,891,857,324,0.0,0.0,5.0,3.0,36.6,0.2,0.125,0.0,0.0,8.0,1.0,35.6,0.0,0.125,-0.3,0.6,56.5,0.0,16.0,16.0,476.0,0.0,0.0,0.05555555555555555,0.0,0.0,-0.2600000000000001,0.0
270,202110020411,7,4,3,27,6,8,5,64,1,1,1,0,3,1,3,7,1,4,3,15,1,1,1,0,0,1,0,0,0,1,0,0,0,1,0,0,0.0,0.0,20.0,1.0,33.5,0.0,0.3333333333333333,0.0,0.0,10.0,2.0,34.2,0.1,0.3888888888888889,0.0,0.0,40.0,2.0,34.7,0.2,0.3333333333333333,0.5,0.0,-200.0,0.1,0.36666666666666664,8,15,2.8,1.0,1167,1405,460,0.0,0.0,20.0,1.0,35.9,0.0,0.125,0.0,0.0,10.0,4.0,33.4,0.1,0.7777777777777778,0.5,0.8,57.0,71.0,16.0,18.0,468.0,0.05555555555555555,0.0,0.25,0.0,-0.05555555555555555,-0.1499999999999993,0.0
271,202110020411,11,13,9,84,4,8,8,33,1,2,1,2,3,3,4,22,2,1,0,5,0,0,0,0,0,0,0,1,0,1,0,1,0,0,0,0,0.0,0.0,15.0,11.0,35.4,1.4,0.2,0.0,0.0,6.0,16.0,36.2,1.7,0.4375,0.0,0.0,10.0,13.0,38.5,1.8,0.1875,1.0,-10.0,200.0,0.09090909090909091,0.36363636363636365,8,16,35.0,12.0,1691,1345,1167,0.0,0.0,4.0,8.0,35.5,0.8,0.08333333333333333,0.0,0.0,14.0,4.0,33.8,0.8,0.2777777777777778,-2.2,0.0,53.0,-350.0,16.0,15.0,496.0,0.0,0.0,0.0,0.0,-0.05555555555555555,0.39000000000000057,0.0
272,202110020411,15,7,8,83,2,0,0,6,2,0,0,0,1,1,2,21,0,0,0,2,0,0,0,0,0,0,0,1,0,0,0,0,0,0,0,0,0.0,0.0,20.0,2.0,38.7,0.8,0.42857142857142855,0.0,0.0,110.0,15.0,36.4,1.3,0.6875,0.0,0.0,120.0,8.0,34.9,0.5,0.8823529411764706,3.0,-4.0,-300.0,0.2,0.2,3,6,9.9,4.0,1716,1242,1167,0.0,0.0,110.0,7.0,34.8,0.5,0.75,0.0,0.0,70.0,12.0,35.9,1.1,0.5,1.2,0.2,56.0,-501.0,16.0,7.0,512.0,-0.14285714285714285,0.125,-0.11764705882352941,0.1875,0.0625,0.720000000000001,0.0
273,202110020411,1,3,2,27,0,0,0,5,0,0,0,0,0,1,1,7,0,0,0,1,0,0,0,0,0,0,0,0,0,0,0,0,0,0,0,0,0.0,0.0,13.0,6.0,39.4,0.6,0.875,0.0,0.0,8.0,5.0,34.7,0.3,0.6875,0.0,0.0,11.0,6.0,36.0,0.8,0.8888888888888888,0.0,-6.0,0.0,,,6,12,17.1,8.0,1642,1614,1124,0.0,0.0,11.0,16.0,33.8,1.0,0.9444444444444444,0.0,0.0,12.0,4.0,35.0,0.3,0.6875,0.7,0.0,56.0,-20.0,16.0,16.0,458.0,-0.1875,-0.25,-0.2777777777777778,0.0,-0.0625,0.9700000000000003,0.0
274,202110020411,21,21,21,102,6,6,4,55,1,2,1,6,9,7,7,29,4,2,0,10,1,0,0,0,2,1,2,3,1,0,0,2,1,0,0,0,0.0,0.0,15.0,12.0,33.2,0.9,1.0,0.0,0.0,8.0,7.0,35.3,1.3,1.0,0.0,0.0,8.0,6.0,33.9,0.4,1.0,-3.0,0.0,-200.0,0.07142857142857142,0.14285714285714285,1,1,12.5,5.0,1428,1558,1263,0.0,0.0,9.0,8.0,36.2,1.4,1.0,0.0,0.0,8.0,6.0,36.6,0.5,0.875,-1.1,0.0,58.0,-616.0,16.0,15.0,478.0,-0.06666666666666667,-0.4,-0.1875,0.0,0.0,-0.7700000000000002,0.0
275,202110020411,4,4,2,47,0,2,0,5,0,0,0,0,0,1,0,15,0,2,0,3,0,0,0,0,0,0,0,1,0,0,0,0,0,0,0,0,0.0,0.0,11.0,11.0,37.3,2.2,0.2727272727272727,0.0,0.0,14.0,13.0,35.3,0.7,0.5625,0.0,0.0,16.0,15.0,43.4,6.6,0.3125,2.0,0.0,-200.0,0.17391304347826086,0.30434782608695654,2,4,40.0,14.0,1304,1103,1503,0.0,0.0,10.0,10.0,34.9,1.7,0.9,0.0,0.0,10.0,16.0,38.1,3.1,0.375,0.7,0.0,56.0,-636.0,16.0,11.0,518.0,0.0,-0.125,0.625,0.0,0.5,-0.120000000000001,0.0
276,202110020411,11,13,9,84,8,4,5,73,1,1,1,11,3,3,4,22,3,1,2,22,0,0,1,2,0,0,0,1,0,0,0,0,0,0,0,0,0.0,0.0,13.0,7.0,34.4,0.3,0.6428571428571429,0.0,0.0,8.0,12.0,42.0,4.5,0.375,0.0,0.0,9.0,8.0,35.4,0.7,0.8125,0.5,-4.0,0.0,0.07407407407407407,0.2962962962962963,4,7,5.8,2.0,1691,1013,1167,0.0,0.0,5.0,14.0,35.1,0.7,0.625,0.0,0.0,8.0,4.0,35.6,0.5,0.6875,-0.4,0.0,55.0,-525.0,16.0,14.0,506.0,0.14285714285714285,0.125,0.0625,-0.0625,-0.125,0.4499999999999993,0.0
277,202110020411,11,13,9,84,8,4,5,73,1,1,1,11,3,3,4,22,3,1,2,22,0,0,1,2,0,0,0,1,0,0,0,0,0,0,0,0,0.0,0.0,1.0,5.0,39.6,0.8,0.625,0.0,0.0,16.0,15.0,35.0,1.7,0.75,0.0,0.0,12.0,9.0,35.3,0.5,0.7692307692307693,2.0,16.0,500.0,0.07692307692307693,0.23076923076923078,1,2,9.0,3.0,1691,1013,1167,0.0,0.0,15.0,8.0,36.7,0.8,0.625,0.0,0.0,14.0,12.0,34.7,0.7,0.6875,0.7,0.0,56.0,-1323.0,16.0,8.0,496.0,0.0,0.0,0.07692307692307693,0.3125,-0.0625,0.8099999999999994,0.0
278,202110020411,1,1,2,30,0,0,0,4,0,0,0,1,0,0,0,5,0,0,0,1,0,0,0,0,0,0,0,0,0,0,0,0,0,0,0,0,0.0,0.0,8.0,10.0,37.5,2.3,1.0,0.0,0.0,16.0,10.0,35.3,0.8,0.75,0.0,0.0,17.0,8.0,34.7,0.8,0.9411764705882353,-1.0,-2.0,100.0,0.09090909090909091,0.2545454545454545,6,11,69.2,16.0,1611,1414,1263,0.0,0.0,5.0,8.0,35.9,1.7,0.5454545454545454,0.0,0.0,8.0,11.0,34.5,0.8,0.9375,0.0,0.0,56.0,-947.0,16.0,13.0,462.0,0.0,-0.1875,-0.4117647058823529,-0.2727272727272727,0.0,0.5399999999999998,0.0
279,202110020411,8,7,5,57,0,1,2,18,0,0,0,0,4,3,1,11,0,0,0,2,0,0,0,0,0,0,0,1,0,0,0,0,0,0,0,0,0.0,0.0,18.0,17.0,34.6,1.6,0.8888888888888888,0.0,0.0,10.0,9.0,36.3,1.0,0.5714285714285714,0.0,0.0,12.0,9.0,34.5,0.8,0.9166666666666666,-4.0,0.0,0.0,0.0,0.0,5,9,20.4,10.0,1127,1599,1328,0.0,0.0,15.0,15.0,37.6,2.4,0.2,0.0,0.0,15.0,15.0,34.6,1.0,0.9375,0.2,0.0,57.0,-818.0,16.0,18.0,474.0,-0.05555555555555555,0.07142857142857142,0.08333333333333333,0.3333333333333333,0.0,-0.13000000000000042,0.0
280,202110020411,7,4,3,27,7,7,8,94,2,0,0,3,3,1,3,7,1,0,5,26,0,0,0,1,0,1,0,0,0,0,0,4,0,0,0,0,0.0,0.0,14.0,13.0,35.9,1.4,0.7333333333333333,0.0,0.0,11.0,14.0,36.2,1.1,0.875,0.0,0.0,9.0,10.0,34.8,0.7,0.5,-1.5,6.0,-200.0,0.0,0.0,3,5,20.4,9.0,1167,1263,460,0.0,0.0,14.0,14.0,33.9,0.8,0.9444444444444444,0.0,0.0,12.0,2.0,34.9,0.2,0.5,-2.2,0.2,55.0,-714.0,16.0,15.0,470.0,0.0,0.0625,0.0,0.0,-0.125,0.43000000000000044,0.0
281,202110020411,21,21,21,102,0,1,0,7,0,1,0,0,9,7,7,29,0,1,0,1,0,1,0,0,2,1,2,3,0,1,0,0,0,1,0,0,0.0,0.0,13.0,12.0,33.6,1.2,0.9333333333333333,0.0,0.0,15.0,11.0,35.4,1.1,0.9375,0.0,0.0,9.0,8.0,34.8,0.5,0.8181818181818182,-2.0,10.0,0.0,0.09302325581395349,0.20930232558139536,5,10,37.6,13.0,1428,1206,1263,0.0,0.0,13.0,15.0,42.0,4.2,0.8125,0.0,0.0,13.0,13.0,35.1,1.0,1.0,0.6,0.0,53.0,-252.0,16.0,15.0,478.0,0.06666666666666667,0.0625,0.09090909090909091,0.0,0.0,-0.9600000000000002,0.0
282,202110020411,2,3,0,19,4,0,1,32,1,0,0,0,1,0,0,3,1,0,0,8,1,0,0,0,0,0,0,0,0,0,0,1,0,0,0,0,0.0,0.0,15.0,16.0,38.1,3.7,0.3125,0.0,0.0,17.0,17.0,39.2,4.6,0.29411764705882354,0.0,0.0,15.0,15.0,39.7,4.6,0.8125,-0.5,6.0,-200.0,,,4,8,17.1,7.0,1169,1618,460,0.0,0.0,15.0,16.0,36.0,4.1,1.0,0.0,0.0,12.0,14.0,36.8,2.1,0.5,-0.5,0.0,56.5,-868.0,16.0,16.0,464.0,0.625,0.17647058823529413,0.0,0.0,0.2857142857142857,0.5800000000000012,0.0
283,202110020411,2,3,0,19,0,0,0,1,0,0,0,1,1,0,0,3,0,0,0,0,0,0,0,0,0,0,0,0,0,0,0,0,0,0,0,0,0.0,0.0,13.0,,,,1.0,0.0,0.0,3.0,1.0,13.8,0.0,0.875,0.0,0.0,12.0,13.0,36.9,1.2,0.14285714285714285,12.0,4.0,0.0,,,7,13,15.3,6.0,1169,715,460,0.0,0.0,3.0,4.0,13.3,1.3,0.5714285714285714,0.0,0.0,1.0,7.0,13.9,4.9,0.8181818181818182,0.9,0.25,54.0,-1143.0,16.0,13.0,462.0,0.0,-0.375,0.5,-0.21428571428571427,-0.18181818181818182,2.3299999999999996,0.0
284,202110020411,1,1,1,12,4,8,8,33,0,1,0,0,0,1,0,1,2,1,0,5,0,1,0,0,0,1,0,0,0,1,0,1,0,1,0,0,0.0,0.0,17.0,17.0,34.4,1.7,1.0,0.0,0.0,18.0,11.0,34.5,0.9,0.7222222222222222,0.0,0.0,14.0,15.0,35.6,1.3,0.1875,-1.0,4.0,200.0,0.0,0.3333333333333333,7,14,49.9,15.0,1366,1345,216,0.0,0.0,14.0,4.0,36.2,0.4,0.06666666666666667,0.0,0.0,10.0,16.0,36.0,2.1,0.17647058823529413,-0.9,0.0,57.0,-637.0,16.0,17.0,526.0,0.0,0.05555555555555555,0.1875,0.0,0.0,-0.49000000000000055,0.0
285,202110020505,4,2,1,18,0,0,0,0,0,0,0,0,1,0,0,7,0,0,0,0,0,0,0,0,0,0,0,2,0,0,0,0,0,0,0,0,0.0,0.0,6.0,5.0,37.4,1.3,0.75,0.0,0.0,7.0,7.0,38.3,2.9,0.8571428571428571,0.0,0.0,11.0,7.0,38.1,2.0,1.0,1.0,-17.0,600.0,0.06666666666666667,0.3333333333333333,8,16,2.8,1.0,1393,107,1263,0.0,0.0,11.0,11.0,35.4,1.3,1.0,0.0,0.0,8.0,9.0,36.6,2.7,0.8,1.2,0.0,56.0,-1331.0,16.0,12.0,465.0,-0.16666666666666666,0.14285714285714285,-0.3333333333333333,-0.09090909090909091,0.0,0.4499999999999993,0.0
286,202110020505,2,2,4,23,1,0,1,17,0,0,0,2,1,2,2,4,0,0,0,4,0,0,0,0,0,0,0,1,0,0,0,1,0,0,0,0,0.0,0.0,5.0,15.0,39.3,2.2,0.125,0.0,0.0,3.0,3.0,36.1,0.3,0.38461538461538464,0.0,0.0,3.0,3.0,36.1,0.2,0.5833333333333334,-6.0,-2.0,-200.0,0.0,0.10344827586206896,3,5,3.8,2.0,1691,1428,1167,0.0,0.0,5.0,7.0,35.2,1.0,0.375,0.0,0.0,1.0,7.0,36.7,0.5,0.625,-1.2,0.4,53.0,-133.0,16.0,16.0,406.0,0.0,-0.07692307692307693,-0.25,0.0,-0.0625,0.6099999999999988,0.0
287,202110020505,0,3,3,12,0,1,0,20,0,0,0,0,0,1,1,4,0,1,0,4,0,0,0,0,0,0,0,3,0,1,0,2,0,0,0,0,0.0,0.0,13.0,7.0,36.3,0.8,0.2777777777777778,0.0,0.0,8.0,9.0,41.1,2.6,0.09090909090909091,0.0,0.0,10.0,7.0,38.5,1.5,0.9230769230769231,0.0,14.0,-400.0,0.0,0.058823529411764705,4,8,11.8,5.0,1304,1167,1503,0.0,0.0,6.0,6.0,38.2,0.7,0.7142857142857143,0.0,0.0,10.0,11.0,38.4,1.4,0.06666666666666667,0.5,0.0,53.0,-281.0,16.0,18.0,486.0,0.0,0.6363636363636364,0.0,0.14285714285714285,0.06666666666666667,-0.13000000000000042,0.0
288,202110020505,0,3,3,12,0,0,0,3,0,0,0,0,0,1,1,4,0,0,0,1,0,0,0,0,0,0,0,3,0,0,0,1,0,0,0,0,0.0,0.0,8.0,8.0,37.8,0.8,0.9166666666666666,0.0,0.0,11.0,,,,1.0,0.0,0.0,13.0,13.0,35.9,1.8,0.3076923076923077,5.0,10.0,0.0,0.06666666666666667,0.13333333333333333,2,3,5.8,3.0,1304,1417,1503,0.0,0.0,13.0,11.0,34.8,0.9,0.7692307692307693,0.0,0.0,16.0,10.0,35.3,0.8,0.6875,0.4,0.0,55.0,-1333.0,16.0,12.0,494.0,0.0,0.0,0.3076923076923077,0.15384615384615385,-0.125,0.8600000000000001,0.0
289,202110020505,0,0,0,0,1,0,0,6,0,0,0,0,0,0,0,0,0,0,0,0,0,0,0,0,0,0,0,0,0,0,0,0,0,0,0,0,0.0,0.0,,,,,,0.0,0.0,100.0,11.0,43.6,6.5,0.36363636363636365,0.0,0.0,130.0,12.0,40.2,2.8,0.6,1.0,,300.0,0.1388888888888889,0.2222222222222222,6,12,27.6,9.0,1677,1599,1167,0.0,0.0,140.0,8.0,38.6,1.9,0.7857142857142857,0.0,0.0,60.0,6.0,34.9,1.6,0.5714285714285714,-1.9,0.0,55.0,-796.0,16.0,11.0,,,0.45454545454545453,-0.06666666666666667,-0.14285714285714285,0.2857142857142857,2.770000000000001,0.0
290,202110020505,0,0,0,0,0,1,1,5,0,0,0,0,0,0,0,0,0,1,0,2,0,0,0,0,0,0,0,0,0,0,0,1,0,0,0,0,0.0,0.0,5.0,3.0,39.6,0.7,0.5454545454545454,0.0,0.0,8.0,10.0,40.2,1.5,0.7142857142857143,0.0,0.0,12.0,10.0,35.7,1.6,1.0,3.5,8.0,400.0,0.16666666666666666,0.43333333333333335,7,14,9.5,4.0,1657,1328,1317,0.0,0.0,9.0,13.0,35.3,1.8,0.9375,0.0,0.0,4.0,6.0,36.8,1.6,0.4375,0.9,0.2,56.0,-463.0,16.0,11.0,456.0,-0.09090909090909091,-0.07142857142857142,-0.07692307692307693,-0.0625,0.0625,1.0500000000000014,0.0
291,202110020505,0,0,0,4,0,1,0,20,0,0,0,1,0,0,0,2,0,1,0,4,0,0,0,1,0,0,0,2,0,1,0,2,0,0,0,1,0.0,0.0,110.0,90.0,40.6,1.9,0.8333333333333334,0.0,0.0,100.0,130.0,41.3,4.2,0.26666666666666666,0.0,0.0,150.0,160.0,36.2,2.2,0.125,35.0,4.0,400.0,0.05263157894736842,0.05263157894736842,6,11,177.2,15.0,1403,1167,939,0.0,0.0,150.0,70.0,37.4,1.6,0.0625,0.0,0.0,160.0,140.0,39.7,2.2,0.375,4.0,0.0,56.0,-435.0,16.0,12.0,490.0,-0.16666666666666666,0.06666666666666667,0.0,0.0,0.25,0.5699999999999996,0.0
292,202110020505,0,1,0,8,2,2,3,18,0,0,0,0,0,0,0,1,2,0,0,7,0,0,0,0,0,0,0,1,2,0,0,2,0,0,0,0,0.0,0.0,9.0,9.0,42.3,3.7,0.6666666666666666,0.0,0.0,10.0,12.0,37.7,2.0,0.875,0.0,0.0,10.0,13.0,35.4,2.1,0.25,2.0,-2.0,300.0,0.02857142857142857,0.2857142857142857,7,13,68.1,12.0,1098,1405,1294,0.0,0.0,12.0,8.0,36.9,1.6,0.375,0.0,0.0,7.0,15.0,42.9,4.3,0.3125,0.8,0.0,54.0,-242.0,16.0,9.0,424.0,0.1111111111111111,0.0,0.125,0.25,0.5625,-0.039999999999999855,0.0
293,202110020505,3,1,2,17,3,4,1,18,0,0,0,1,1,0,0,6,1,1,0,2,0,0,0,0,1,0,0,3,0,0,0,0,0,0,0,0,0.0,0.0,9.0,5.0,40.5,1.8,0.8333333333333334,0.0,0.0,11.0,10.0,44.3,7.1,0.08333333333333333,0.0,0.0,14.0,13.0,42.1,4.6,0.125,4.0,5.0,100.0,0.07142857142857142,0.14285714285714285,2,4,57.4,10.0,1090,1013,1169,0.0,0.0,16.0,14.0,37.2,0.9,0.3888888888888889,0.0,0.0,12.0,2.0,37.6,0.4,0.16666666666666666,-0.2,0.2,55.0,-893.0,16.0,12.0,445.0,-0.25,0.75,0.6875,-0.16666666666666666,0.0,1.2899999999999991,0.0
294,202110020505,1,1,1,8,0,0,0,0,0,0,0,0,0,0,0,1,0,0,0,0,0,0,0,0,0,0,0,1,0,0,0,0,0,0,0,0,0.0,0.0,3.0,4.0,39.3,0.8,0.5555555555555556,0.0,0.0,15.0,14.0,36.1,2.2,0.7333333333333333,0.0,0.0,12.0,13.0,36.9,2.0,0.5625,4.5,-7.0,300.0,0.1702127659574468,0.2978723404255319,3,6,23.8,7.0,1317,551,1186,0.0,0.0,7.0,10.0,36.5,1.8,0.8125,0.0,0.0,14.0,8.0,35.4,1.1,0.625,0.4,0.0,54.0,-298.0,16.0,9.0,413.0,-0.1111111111111111,0.0,0.125,0.0625,-0.125,0.7399999999999999,0.0
295,202110020505,0,1,0,2,0,0,0,6,0,0,0,0,0,0,0,0,0,0,0,0,0,0,0,0,0,0,0,0,0,0,0,0,0,0,0,0,0.0,0.0,8.0,4.0,38.5,1.0,0.9090909090909091,0.0,0.0,10.0,10.0,40.7,2.5,0.9090909090909091,0.0,0.0,11.0,9.0,39.8,3.0,0.9333333333333333,2.5,33.0,400.0,0.0,0.0,5,9,63.6,11.0,1715,1362,770,0.0,0.0,18.0,10.0,36.9,1.8,0.6666666666666666,0.0,0.0,8.0,7.0,37.7,1.2,0.8,0.6,0.0,53.0,-700.0,16.0,11.0,481.0,-0.45454545454545453,0.09090909090909091,-0.13333333333333333,0.0,-0.6,0.5399999999999998,0.0
296,202110020505,0,0,0,7,0,1,1,12,0,0,0,0,0,0,0,1,0,0,0,3,0,0,0,0,0,0,0,0,0,0,0,2,0,0,0,0,0.0,0.0,3.0,8.0,42.2,3.1,0.25,0.0,0.0,15.0,9.0,39.2,2.4,0.17647058823529413,0.0,0.0,14.0,14.0,39.5,2.9,0.7333333333333333,3.0,3.0,500.0,0.0,0.0,1,2,92.7,14.0,1712,1345,1292,0.0,0.0,14.0,12.0,37.6,2.0,0.125,0.0,0.0,15.0,11.0,36.5,1.4,0.4117647058823529,0.9,0.0,55.0,-544.0,16.0,8.0,493.0,0.625,0.058823529411764705,0.2,0.0625,-0.11764705882352941,1.3000000000000007,0.0
297,202110020505,0,0,0,2,0,0,0,4,0,0,0,0,0,0,0,0,0,0,0,0,0,0,0,0,0,0,0,0,0,0,0,0,0,0,0,0,0.0,0.0,60.0,100.0,47.0,6.0,0.2,0.0,0.0,150.0,110.0,38.5,2.0,0.6666666666666666,0.0,0.0,160.0,130.0,36.7,2.3,0.875,15.0,-20.0,400.0,0.125,0.125,5,10,210.1,16.0,1482,1551,1263,0.0,0.0,160.0,130.0,35.7,2.0,0.75,0.0,0.0,110.0,90.0,39.1,2.1,0.8125,0.0,0.0,52.0,-1217.0,16.0,10.0,444.0,0.8,0.0,0.125,0.0,0.0,1.8599999999999994,0.0
298,202110020505,0,1,1,6,0,1,0,9,0,0,0,0,0,0,0,1,0,0,0,4,0,0,0,0,0,0,0,1,0,0,0,1,0,0,0,0,0.0,0.0,120.0,11.0,40.6,2.6,0.8333333333333334,0.0,0.0,140.0,14.0,38.1,2.7,0.9285714285714286,0.0,0.0,180.0,17.0,36.4,2.0,0.5555555555555556,3.0,8.0,100.0,0.0,0.14285714285714285,8,15,24.7,8.0,1645,1482,1366,0.0,0.0,170.0,13.0,34.0,1.8,1.0,0.0,0.0,180.0,16.0,35.2,1.1,0.5,0.9,0.0,54.0,-1244.0,16.0,12.0,440.0,0.0,0.07142857142857142,0.0,,0.05555555555555555,1.4899999999999998,0.0
299,202110020505,0,0,0,6,1,0,0,2,0,0,0,0,0,0,0,0,0,0,0,0,0,0,0,0,0,0,0,0,0,0,0,0,0,0,0,0,0.0,0.0,9.0,8.0,42.4,4.1,0.5833333333333334,0.0,0.0,10.0,11.0,41.2,2.4,0.2857142857142857,0.0,0.0,14.0,11.0,37.7,1.3,0.1875,1.5,15.0,-200.0,0.09090909090909091,0.20454545454545456,4,7,84.3,13.0,1306,1507,1445,0.0,0.0,13.0,15.0,37.9,2.9,0.75,0.0,0.0,10.0,11.0,37.9,3.6,0.5,1.0,0.0,56.0,-1229.0,16.0,12.0,479.0,0.3333333333333333,0.42857142857142855,0.25,0.0,0.25,1.2300000000000004,0.0
300,202110020505,1,1,1,8,1,0,1,4,0,0,0,0,0,0,0,1,0,0,0,0,0,0,0,0,0,0,0,1,0,0,0,0,0,0,0,0,0.0,0.0,10.0,8.0,34.3,1.0,1.0,0.0,0.0,11.0,7.0,35.2,0.6,0.9375,0.0,0.0,10.0,10.0,36.0,1.1,0.6153846153846154,1.0,0.0,-200.0,0.06896551724137931,0.3103448275862069,1,1,12.1,6.0,1317,460,1186,0.0,0.0,7.0,9.0,34.8,0.6,0.3,0.0,0.0,6.0,11.0,35.2,0.9,0.9166666666666666,0.8,0.0,54.0,-652.0,16.0,11.0,468.0,-0.09090909090909091,-0.375,0.07692307692307693,0.0,-0.08333333333333333,-0.14000000000000057,0.0
301,202110020612,0,0,0,0,0,0,0,1,0,0,0,0,0,0,0,0,0,0,0,0,0,0,0,0,0,0,0,0,0,0,0,0,0,0,0,0,0.0,0.0,18.0,17.0,37.3,2.8,0.3888888888888889,0.0,0.0,14.0,13.0,36.1,1.5,0.7857142857142857,0.0,0.0,8.0,11.0,36.5,2.7,0.2727272727272727,-3.0,14.0,0.0,0.0,0.16666666666666666,6,8,3.1,1.0,1476,1436,1589,0.0,0.0,8.0,5.0,38.2,0.4,0.1111111111111111,0.0,0.0,16.0,15.0,39.8,3.2,0.875,-1.2,0.0,56.0,-1337.0,12.0,18.0,516.0,0.0,-0.07142857142857142,0.0,0.0,0.125,-0.7100000000000002,0.0
302,202110020612,1,2,1,13,0,1,0,4,0,0,0,0,0,0,0,5,0,0,0,1,0,0,0,0,0,0,0,0,0,0,0,0,0,0,0,0,0.0,0.0,5.0,6.0,37.9,1.4,0.9166666666666666,0.0,0.0,13.0,12.0,34.6,0.8,0.8125,0.0,0.0,6.0,5.0,35.1,0.7,1.0,-0.5,-11.0,-100.0,0.09523809523809523,0.23809523809523808,3,3,3.3,2.0,1736,568,1482,0.0,0.0,13.0,8.0,34.2,0.8,1.0,0.0,0.0,13.0,10.0,35.1,1.0,0.8461538461538461,0.4,0.0,56.0,-1116.0,12.0,12.0,497.0,-0.16666666666666666,0.0,-0.14285714285714285,0.0,0.07692307692307693,0.5999999999999993,0.0
303,202110020612,0,1,0,1,0,1,1,9,0,0,0,0,0,0,0,0,0,0,0,5,0,0,0,0,0,0,0,0,0,0,0,3,0,0,0,0,0.0,0.0,8.0,10.0,36.7,2.4,0.09090909090909091,0.0,0.0,6.0,12.0,39.6,3.6,0.16666666666666666,0.0,0.0,2.0,16.0,38.0,2.9,0.0625,3.0,0.0,-400.0,0.06666666666666667,0.13333333333333333,8,11,34.6,9.0,1200,1618,324,0.0,0.0,2.0,5.0,37.8,2.3,0.42857142857142855,0.0,0.0,1.0,4.0,36.5,0.4,0.4375,-1.9,0.0,56.0,-979.0,12.0,11.0,526.0,0.09090909090909091,0.0,0.0,0.0,-0.25,0.220000000000001,0.0
304,202110020612,5,2,1,29,1,1,2,8,0,0,1,2,1,0,1,3,0,0,1,2,0,0,1,0,1,0,1,3,0,0,1,0,0,0,1,0,0.0,0.0,9.0,,,,0.9230769230769231,0.0,0.0,8.0,,,,1.0,0.0,0.0,12.0,4.0,13.1,1.1,0.46153846153846156,,-6.0,-1050.0,0.07142857142857142,0.21428571428571427,5,5,14.2,5.0,1716,1294,1167,0.0,0.0,3.0,12.0,13.7,3.5,0.6666666666666666,0.0,0.0,1.0,1.0,13.9,0.0,0.25,-1.5,0.3333333333333333,56.0,-972.0,12.0,13.0,494.0,0.07692307692307693,0.0,0.0,0.16666666666666666,-0.125,-0.40000000000000036,0.0
305,202110020612,1,2,1,13,0,0,0,1,0,0,0,1,0,0,0,5,0,0,0,1,0,0,0,1,0,0,0,0,0,0,0,0,0,0,0,0,0.0,0.0,3.0,6.0,13.4,1.1,0.2222222222222222,0.0,0.0,2.0,1.0,13.3,0.0,0.09090909090909091,0.0,0.0,6.0,2.0,13.9,2.2,0.2857142857142857,-2.0,6.0,-1530.0,0.0967741935483871,0.3870967741935484,4,4,3.9,3.0,1736,666,1482,0.0,0.0,13.0,14.0,36.1,2.4,0.9285714285714286,0.0,0.0,9.0,15.0,38.8,2.3,0.13333333333333333,3.1,0.4,56.0,-874.0,12.0,9.0,522.0,0.1111111111111111,0.0,-0.07142857142857142,-0.5,0.06666666666666667,-7.359999999999999,0.0
306,202110020612,1,0,1,6,1,0,1,13,0,0,0,1,0,0,0,0,1,0,0,3,0,0,0,0,0,0,0,0,0,0,0,1,0,0,0,0,0.0,0.0,5.0,9.0,41.8,3.1,0.9,0.0,0.0,8.0,6.0,34.6,1.2,0.4444444444444444,0.0,0.0,15.0,15.0,37.9,2.1,0.3888888888888889,3.0,5.0,400.0,0.08928571428571429,0.25,2,2,14.6,6.0,1618,1306,1263,0.0,0.0,8.0,8.0,36.0,0.5,0.2222222222222222,0.0,0.0,13.0,11.0,37.0,1.7,0.14285714285714285,0.6,0.0,57.0,-847.0,12.0,10.0,479.0,0.1,0.2222222222222222,0.16666666666666666,0.2222222222222222,0.0,0.8199999999999996,0.0
307,202110020612,3,1,2,15,2,1,1,12,0,0,0,1,1,0,1,3,1,1,0,4,0,0,0,0,0,0,1,2,0,1,0,1,0,0,0,0,0.0,0.0,80.0,8.0,39.5,1.2,1.0,0.0,0.0,140.0,10.0,36.7,1.6,0.8,0.0,0.0,130.0,11.0,37.0,0.9,0.6428571428571429,1.5,28.0,300.0,0.0,0.125,6,7,72.8,10.0,1506,1428,199,0.0,0.0,100.0,7.0,36.5,1.2,0.6666666666666666,0.0,0.0,140.0,7.0,35.2,1.0,0.8571428571428571,-0.5,0.0,55.0,-950.0,12.0,12.0,478.0,-0.08333333333333333,0.0,0.0,0.0,-0.07142857142857142,0.8799999999999997,0.0
308,202110020612,2,2,0,17,0,0,2,12,0,0,0,1,1,1,0,2,0,0,0,3,0,0,0,1,1,1,0,1,0,0,0,1,0,0,0,1,0.0,0.0,5.0,5.0,42.8,3.1,0.4444444444444444,0.0,0.0,10.0,9.0,35.5,1.7,0.9166666666666666,0.0,0.0,16.0,16.0,35.8,1.4,0.6666666666666666,5.5,-4.0,100.0,0.06666666666666667,0.3,8,12,22.0,7.0,1127,1559,1328,0.0,0.0,15.0,10.0,34.7,0.5,0.3888888888888889,0.0,0.0,12.0,11.0,35.2,1.0,0.5,1.3,0.0,55.0,-456.0,12.0,9.0,440.0,0.0,-0.3333333333333333,0.0,-0.05555555555555555,-0.05555555555555555,1.5999999999999985,0.0
309,202110020612,0,0,1,3,0,0,0,5,0,0,0,0,0,0,0,1,0,0,0,1,0,0,0,0,0,0,0,0,0,0,0,0,0,0,0,0,0.0,0.0,110.0,10.0,35.4,1.2,0.9166666666666666,0.0,0.0,80.0,5.0,34.4,0.9,1.0,0.0,0.0,100.0,10.0,35.5,1.1,0.9166666666666666,0.0,0.0,-200.0,0.027777777777777776,0.2777777777777778,7,10,107.7,12.0,1399,1036,1428,0.0,0.0,70.0,9.0,36.2,1.1,1.0,0.0,0.0,80.0,8.0,35.1,1.5,0.8888888888888888,0.0,0.0,57.0,-805.0,12.0,12.0,482.0,0.0,0.0,0.0,-0.5,-0.2222222222222222,-0.120000000000001,0.0
310,202110020612,0,0,0,6,0,0,2,16,0,0,0,0,0,0,0,0,0,0,1,2,0,0,0,0,0,0,0,0,0,0,0,1,0,0,0,0,0.0,0.0,80.0,8.0,41.8,4.3,0.875,0.0,0.0,110.0,10.0,37.6,1.3,0.08333333333333333,0.0,0.0,100.0,10.0,39.0,2.6,0.2727272727272727,1.0,-29.0,400.0,0.13513513513513514,0.21621621621621623,1,1,92.8,11.0,1294,1167,471,0.0,0.0,80.0,9.0,38.2,3.0,0.3333333333333333,0.0,0.0,50.0,8.0,39.1,1.9,0.18181818181818182,-0.1,0.0,57.0,-984.0,12.0,8.0,515.0,0.125,0.0,0.0,0.0,0.0,0.479999999999999,0.0
311,202110020612,1,0,3,13,0,0,0,2,0,0,0,0,0,0,1,3,0,0,0,0,0,0,0,0,0,0,0,0,0,0,0,0,0,0,0,0,0.0,0.0,10.0,8.0,34.1,1.2,0.8,0.0,0.0,11.0,7.0,35.3,0.8,0.7142857142857143,0.0,0.0,12.0,9.0,36.7,1.7,0.07142857142857142,0.5,-2.0,200.0,0.08888888888888889,0.2,5,6,11.0,4.0,1304,577,1503,0.0,0.0,16.0,16.0,36.8,1.9,0.11764705882352941,0.0,0.0,11.0,14.0,37.0,1.8,0.14285714285714285,2.1,0.0,56.0,-462.0,12.0,10.0,492.0,0.1,-0.07142857142857142,0.0,0.0,0.0,-0.7299999999999998,0.0
312,202110020612,0,0,0,5,0,0,1,4,0,0,0,0,0,0,0,1,0,0,1,2,0,0,0,0,0,0,0,0,0,0,1,0,0,0,0,0,0.0,0.0,10.0,6.0,37.7,1.8,0.5833333333333334,0.0,0.0,12.0,13.0,40.4,4.2,0.5,0.0,0.0,8.0,12.0,37.6,1.9,0.6666666666666666,3.0,16.0,980.0,0.125,0.375,7,9,27.3,8.0,1687,1032,1345,0.0,0.0,11.0,12.0,35.9,1.3,0.5625,0.0,0.0,10.0,6.0,35.2,0.3,0.6923076923076923,-0.1,0.0,57.0,-1036.0,12.0,12.0,500.0,0.08333333333333333,0.0,-0.16666666666666666,-0.125,0.07692307692307693,0.95,0.0
313,202110020702,2,2,0,3,0,1,0,2,0,0,0,0,1,1,0,0,0,0,0,0,0,0,0,0,0,0,0,0,0,0,0,0,0,0,0,0,0.0,0.0,2.0,1.0,35.9,0.0,0.875,0.0,0.0,1.0,3.0,36.2,0.5,0.17647058823529413,0.0,0.0,7.0,3.0,35.4,0.4,0.8125,1.0,-6.0,0.0,0.1282051282051282,0.23076923076923078,4,7,3.7,2.0,1465,324,1328,0.0,0.0,3.0,8.0,35.6,0.8,0.5,0.0,0.0,4.0,3.0,33.5,0.3,0.25,0.9,0.8,53.0,0.0,16.0,16.0,422.0,0.0625,0.058823529411764705,-0.1875,-0.125,0.375,0.5399999999999998,0.0
314,202110020702,0,0,0,1,1,0,0,5,0,0,0,0,0,0,0,0,0,0,0,1,0,0,0,0,0,0,0,0,0,0,0,1,0,0,0,0,0.0,0.0,4.0,8.0,41.2,1.5,0.23076923076923078,0.0,0.0,9.0,14.0,41.1,5.0,0.25,0.0,0.0,4.0,10.0,37.9,1.4,0.42857142857142855,1.0,19.0,300.0,0.1836734693877551,0.30612244897959184,2,3,6.7,3.0,1507,1376,593,0.0,0.0,6.0,2.0,36.9,0.3,0.0625,0.0,0.0,4.0,5.0,35.2,0.6,0.14285714285714285,-1.8,0.2,56.0,-559.0,16.0,13.0,485.0,0.15384615384615385,0.625,0.0,0.0,0.0,1.6200000000000003,0.0
315,202110020702,1,0,0,12,0,0,0,0,0,0,0,0,0,0,0,2,0,0,0,0,0,0,0,0,0,0,0,0,0,0,0,0,0,0,0,0,0.0,0.0,100.0,3.0,35.8,0.2,0.07692307692307693,0.0,0.0,120.0,7.0,37.7,1.6,0.5625,0.0,0.0,110.0,13.0,34.7,1.5,0.7857142857142857,5.0,8.0,0.0,0.16129032258064516,0.41935483870967744,5,10,8.7,4.0,1561,617,1263,0.0,0.0,150.0,12.0,36.2,2.1,0.23529411764705882,0.0,0.0,40.0,6.0,36.0,0.6,0.5454545454545454,1.1,0.2,54.0,20.0,16.0,13.0,466.0,0.0,0.0,0.07142857142857142,-0.058823529411764705,0.0,0.10999999999999943,0.0
316,202110020702,0,1,0,7,1,1,0,11,0,0,0,0,0,0,0,0,0,0,0,3,0,0,0,0,0,0,0,0,0,0,0,2,0,0,0,0,0.0,0.0,100.0,110.0,38.8,3.8,0.7272727272727273,0.0,0.0,70.0,110.0,37.1,0.7,0.3125,0.0,0.0,40.0,160.0,40.6,3.3,0.125,25.0,7.0,800.0,,,6,12,15.9,6.0,1036,1183,1108,0.0,0.0,20.0,40.0,35.2,0.7,0.8461538461538461,0.0,0.0,60.0,60.0,35.4,0.4,0.2777777777777778,-17.0,0.0,52.0,-848.0,16.0,11.0,481.0,0.2727272727272727,-0.125,0.25,0.0,-0.1111111111111111,0.8699999999999996,0.0
317,202110020702,0,0,1,9,1,0,1,17,0,0,0,0,0,0,0,2,0,0,0,4,0,0,0,0,0,0,0,1,0,0,0,1,0,0,0,0,0.0,0.0,9.0,2.0,13.4,0.9,0.9166666666666666,0.0,0.0,2.0,1.0,13.3,0.0,0.3333333333333333,0.0,0.0,11.0,3.0,13.1,0.4,0.5,0.5,0.0,-1590.0,0.0,0.1111111111111111,1,2,200.7,15.0,1009,1428,298,0.0,0.0,13.0,6.0,33.8,0.7,0.9444444444444444,0.0,0.0,8.0,8.0,36.1,0.7,0.3125,1.7,0.6,56.0,-357.0,16.0,12.0,464.0,-0.4166666666666667,-0.16666666666666666,-0.08333333333333333,0.0,0.0625,-6.589999999999999,0.0
318,202110020702,0,1,0,8,0,0,0,0,0,0,0,0,0,0,0,1,0,0,0,0,0,0,0,0,0,0,0,1,0,0,0,0,0,0,0,0,0.0,0.0,3.0,11.0,41.5,7.0,0.5454545454545454,0.0,0.0,10.0,5.0,34.6,0.2,0.14285714285714285,0.0,0.0,6.0,4.0,34.2,0.4,0.4444444444444444,-3.5,-8.0,400.0,0.0,0.15789473684210525,8,16,14.5,5.0,1098,1110,1294,0.0,0.0,11.0,16.0,44.4,7.8,0.3125,0.0,0.0,1.0,11.0,35.9,1.2,0.23076923076923078,1.1,0.0,51.0,-1107.0,16.0,11.0,514.0,0.0,0.14285714285714285,0.0,0.125,-0.07692307692307693,0.14000000000000057,0.0
319,202110020702,2,2,4,23,1,0,1,17,0,0,0,2,1,2,2,4,0,0,0,4,0,0,0,0,0,0,0,1,0,0,0,1,0,0,0,0,0.0,0.0,5.0,15.0,39.3,2.2,0.125,0.0,0.0,3.0,3.0,36.1,0.3,0.38461538461538464,0.0,0.0,3.0,3.0,36.1,0.2,0.5833333333333334,-6.0,-2.0,-200.0,0.0,0.13333333333333333,6,11,2.0,1.0,1691,1428,1167,0.0,0.0,5.0,7.0,35.2,1.0,0.375,0.0,0.0,1.0,7.0,36.7,0.5,0.625,-1.2,0.4,53.0,-126.0,16.0,16.0,406.0,0.0,-0.07692307692307693,-0.25,0.0,-0.0625,0.6099999999999988,0.0
320,202110020702,1,0,1,1,0,0,0,1,0,0,0,0,0,0,1,0,0,0,0,0,0,0,0,0,0,0,1,0,0,0,0,0,0,0,0,0,0.0,0.0,2.0,,,,0.625,0.0,0.0,13.0,11.0,38.6,2.0,0.4,0.0,0.0,11.0,8.0,37.8,2.2,0.8823529411764706,-3.0,43.0,400.0,0.02631578947368421,0.2631578947368421,5,9,164.6,12.0,1222,779,1328,0.0,0.0,9.0,8.0,36.0,1.4,0.5833333333333334,0.0,0.0,12.0,8.0,37.2,0.6,0.625,-0.9,0.0,54.0,-542.0,16.0,8.0,453.0,0.0,0.13333333333333333,-0.11764705882352941,-0.08333333333333333,-0.5625,0.5999999999999993,0.0
321,202110020702,0,0,0,0,1,0,1,9,0,0,0,0,0,0,0,0,0,0,0,0,0,0,0,0,0,0,0,0,0,0,0,0,0,0,0,0,0.0,0.0,30.0,40.0,40.5,1.2,0.7272727272727273,0.0,0.0,80.0,110.0,38.3,2.3,1.0,0.0,0.0,60.0,30.0,38.5,0.6,0.9285714285714286,-5.0,29.0,400.0,0.058823529411764705,0.11764705882352941,7,13,239.4,16.0,1729,1366,1428,0.0,0.0,90.0,110.0,37.7,2.6,0.9375,0.0,0.0,60.0,50.0,37.5,0.7,0.9375,2.0,0.0,55.0,-1067.0,16.0,11.0,463.0,0.09090909090909091,0.0,-0.5714285714285714,0.0625,-0.1875,0.6599999999999995,0.0
322,202110020702,2,5,2,23,2,2,3,18,0,0,0,5,1,1,1,5,2,0,0,7,0,0,0,2,0,0,0,0,2,0,0,2,0,0,0,0,0.0,0.0,70.0,50.0,40.7,0.8,0.3,0.0,0.0,160.0,110.0,40.6,3.1,0.625,0.0,0.0,70.0,90.0,41.6,2.2,0.5833333333333334,20.0,6.0,300.0,0.0,0.058823529411764705,3,5,185.5,13.0,1506,1405,199,0.0,0.0,50.0,50.0,40.9,1.3,0.4166666666666667,0.0,0.0,100.0,60.0,38.5,1.1,0.8,-4.0,0.0,56.0,-1184.0,16.0,10.0,492.0,0.1,-0.0625,0.25,-0.08333333333333333,0.0,0.41000000000000086,0.0
323,202110020702,0,0,0,6,1,0,0,2,0,0,0,0,0,0,0,0,0,0,0,0,0,0,0,0,0,0,0,0,0,0,0,0,0,0,0,0,0.0,0.0,9.0,8.0,42.4,4.1,0.5833333333333334,0.0,0.0,10.0,11.0,41.2,2.4,0.2857142857142857,0.0,0.0,14.0,11.0,37.7,1.3,0.1875,1.5,15.0,-200.0,0.0,0.0,8,15,190.1,14.0,1306,1507,1445,0.0,0.0,13.0,15.0,37.9,2.9,0.75,0.0,0.0,10.0,11.0,37.9,3.6,0.5,1.0,0.0,56.0,-1222.0,16.0,12.0,479.0,0.3333333333333333,0.42857142857142855,0.25,0.0,0.25,1.2300000000000004,0.0
324,202110020702,0,0,0,5,0,0,0,1,0,0,0,0,0,0,0,1,0,0,0,0,0,0,0,0,0,0,0,1,0,0,0,0,0,0,0,0,0.0,0.0,90.0,70.0,37.2,1.3,0.9166666666666666,0.0,0.0,130.0,130.0,14.4,13.9,0.9230769230769231,0.0,0.0,90.0,110.0,13.8,9.0,0.9166666666666666,20.0,-10.0,400.0,0.1,0.1,7,14,42.0,8.0,1455,1019,1428,0.0,0.0,120.0,150.0,35.8,2.1,0.6111111111111112,0.0,0.0,100.0,70.0,34.4,0.7,0.3333333333333333,2.0,0.0,52.0,-1230.0,16.0,12.0,424.0,0.0,0.0,0.0,-0.05555555555555555,0.0,-1.579999999999999,0.0
325,202110020702,0,0,0,0,0,1,0,20,0,0,0,0,0,0,0,0,0,1,0,4,0,0,0,0,0,0,0,0,0,1,0,2,0,0,0,0,0.0,0.0,80.0,80.0,41.6,3.3,0.4,0.0,0.0,90.0,130.0,37.2,1.6,1.0,0.0,0.0,60.0,90.0,37.7,1.9,0.75,5.0,9.0,400.0,0.0625,0.28125,1,1,77.1,9.0,1601,1167,239,0.0,0.0,60.0,120.0,38.6,2.6,0.75,0.0,0.0,90.0,70.0,36.6,0.8,0.42857142857142855,-3.0,0.0,56.0,-813.0,16.0,10.0,451.0,0.3,0.0,0.08333333333333333,-0.0625,0.0,0.8600000000000001,0.0
326,202110020702,0,0,0,0,0,0,0,0,0,0,0,0,0,0,0,0,0,0,0,0,0,0,0,0,0,0,0,0,0,0,0,0,0,0,0,0,0.0,0.0,70.0,100.0,43.9,4.1,0.2,0.0,0.0,110.0,120.0,44.0,7.1,0.16666666666666666,0.0,0.0,120.0,130.0,42.5,4.9,0.14285714285714285,15.0,16.0,400.0,0.0,0.0,4,8,102.2,10.0,1672,396,1167,0.0,0.0,130.0,90.0,40.2,2.6,0.35714285714285715,0.0,0.0,100.0,140.0,37.8,2.0,0.5625,5.0,0.0,51.0,-597.0,16.0,10.0,450.0,0.6,0.6666666666666666,0.6428571428571429,0.14285714285714285,0.0,1.6,0.0
327,202110020702,1,0,0,12,0,0,1,3,0,0,0,0,0,0,0,2,0,0,0,0,0,0,0,0,0,0,0,0,0,0,0,0,0,0,0,0,0.0,0.0,2.0,10.0,44.0,3.1,0.5454545454545454,0.0,0.0,11.0,15.0,38.5,2.4,0.375,0.0,0.0,14.0,13.0,35.8,1.5,0.7222222222222222,1.5,1.0,500.0,0.0,0.0,3,6,152.7,11.0,1561,577,1263,0.0,0.0,13.0,14.0,35.9,2.0,0.8235294117647058,0.0,0.0,8.0,13.0,36.0,1.3,0.23529411764705882,0.5,0.0,56.0,-133.0,16.0,11.0,453.0,0.18181818181818182,0.5,0.1111111111111111,-0.23529411764705882,0.0,1.86,0.0
328,202110020702,0,3,3,12,0,0,1,5,0,0,0,0,0,1,1,4,0,0,1,2,0,0,0,0,0,0,0,3,0,0,1,1,0,0,0,0,0.0,0.0,4.0,9.0,40.0,1.4,0.1111111111111111,0.0,0.0,12.0,7.0,33.3,1.2,0.6666666666666666,0.0,0.0,12.0,16.0,38.6,3.6,0.4444444444444444,3.5,28.0,800.0,0.0,0.0,2,4,30.5,7.0,1304,1103,1503,0.0,0.0,7.0,16.0,39.1,2.6,0.4375,,,,,,,,3.0,0.0,51.0,-1228.0,16.0,9.0,526.0,0.0,,-0.05555555555555555,-0.3125,,-0.26000000000000084,0.0
329,202110020708,4,2,1,18,0,0,1,3,0,0,0,1,1,0,0,7,0,0,0,0,0,0,0,0,1,0,0,3,0,0,0,0,0,0,0,0,0.0,0.0,5.0,7.0,35.8,1.4,0.2,0.0,0.0,6.0,8.0,34.3,0.9,0.36363636363636365,0.0,0.0,11.0,10.0,35.1,0.6,0.05555555555555555,1.5,0.0,-200.0,0.16666666666666666,0.2916666666666667,1,1,4.8,2.0,1393,577,1263,0.0,0.0,9.0,16.0,37.4,1.8,0.375,0.0,0.0,11.0,10.0,35.7,0.9,0.6875,1.4,0.0,55.0,-560.0,13.0,10.0,514.0,0.0,0.2727272727272727,0.0,-0.0625,0.125,-0.29000000000000126,0.0
330,202110020708,0,0,0,2,0,0,0,2,0,0,0,0,0,0,0,0,0,0,0,0,0,0,0,0,0,0,0,0,0,0,0,0,0,0,0,0,0.0,0.0,40.0,8.0,43.2,2.9,0.2727272727272727,0.0,0.0,60.0,7.0,37.5,1.0,0.7,0.0,0.0,100.0,11.0,34.4,1.4,0.4444444444444444,1.5,25.0,400.0,0.13157894736842105,0.21052631578947367,8,13,20.6,7.0,1520,1205,695,0.0,0.0,30.0,5.0,35.4,0.7,0.3,0.0,0.0,20.0,1.0,37.0,0.0,0.2727272727272727,-1.6,0.2,54.0,-832.0,13.0,11.0,491.0,0.36363636363636365,0.0,0.0,0.0,0.0,1.4500000000000006,0.0
331,202110020708,2,2,4,23,0,2,2,17,0,1,2,1,1,2,2,4,0,1,2,2,0,1,2,0,1,0,2,2,0,0,2,0,0,0,2,0,0.0,0.0,15.0,,,,0.3125,0.0,0.0,11.0,13.0,36.2,1.4,0.5,0.0,0.0,14.0,9.0,37.3,1.0,0.625,-4.0,-2.0,0.0,0.0,0.1111111111111111,4,4,5.1,3.0,1691,1556,1167,0.0,0.0,7.0,9.0,35.9,1.9,0.5454545454545454,0.0,0.0,10.0,12.0,37.1,2.4,0.125,-0.3,0.0,52.0,-315.0,13.0,16.0,466.0,0.6875,0.3125,-0.0625,0.45454545454545453,0.0,-0.12999999999999973,0.0
332,202110020708,1,1,1,8,0,0,0,2,0,0,0,1,0,0,0,1,0,0,0,1,0,0,0,0,0,0,0,0,0,0,0,0,0,0,0,0,0.0,0.0,12.0,10.0,37.0,1.3,0.2857142857142857,0.0,0.0,7.0,12.0,36.4,0.9,0.4166666666666667,0.0,0.0,14.0,6.0,36.1,0.7,0.375,-2.0,-2.0,-200.0,0.02702702702702703,0.2702702702702703,5,7,8.7,5.0,1317,1379,1186,0.0,0.0,13.0,14.0,35.1,0.8,0.5,0.0,0.0,6.0,9.0,36.7,1.1,0.14285714285714285,0.0,0.0,55.0,-330.0,13.0,14.0,432.0,0.21428571428571427,0.08333333333333333,-0.0625,0.125,0.0,0.18999999999999914,0.0
333,202110020708,2,2,4,23,2,2,3,18,0,0,0,1,1,2,2,4,2,0,0,7,0,0,0,0,1,0,2,2,0,0,0,0,0,0,0,0,0.0,0.0,90.0,90.0,39.8,2.1,0.2727272727272727,0.0,0.0,80.0,120.0,37.6,1.1,0.125,0.0,0.0,90.0,90.0,35.1,0.5,0.125,0.0,9.0,500.0,0.0,0.0,4,5,133.4,12.0,1691,1405,1167,0.0,0.0,60.0,70.0,37.6,0.7,0.125,0.0,0.0,90.0,100.0,36.2,1.1,0.125,-3.0,0.0,55.0,-1022.0,13.0,11.0,457.0,0.5454545454545454,0.5625,0.0,0.0,0.0625,0.7199999999999989,0.0
334,202110020708,1,0,2,11,0,0,0,0,0,0,0,0,0,0,2,2,0,0,0,0,0,0,0,0,0,0,0,0,0,0,0,0,0,0,0,0,0.0,0.0,13.0,12.0,35.6,1.5,1.0,0.0,0.0,11.0,15.0,37.6,1.8,0.6875,0.0,0.0,11.0,12.0,34.6,0.7,0.75,0.0,2.0,0.0,,,5,6,15.6,6.0,1736,665,1482,0.0,0.0,11.0,6.0,35.5,0.8,0.5,0.0,0.0,10.0,11.0,35.4,1.2,0.5714285714285714,-1.1,0.0,52.0,-315.0,13.0,16.0,446.0,-0.25,0.0625,0.125,0.0,0.0,0.2500000000000007,0.0
335,202110020708,1,0,2,11,0,1,1,18,0,0,0,0,0,0,2,2,0,0,0,2,0,0,0,0,0,0,0,0,0,0,0,1,0,0,0,0,0.0,0.0,10.0,10.0,40.3,2.6,0.4166666666666667,0.0,0.0,11.0,9.0,37.0,1.5,0.25,0.0,0.0,8.0,7.0,36.3,1.2,0.7692307692307693,-1.5,-23.0,400.0,0.09375,0.375,7,10,25.0,8.0,1736,1558,1482,0.0,0.0,15.0,8.0,36.0,1.1,1.0,0.0,0.0,13.0,10.0,35.9,1.9,0.8125,-0.1,0.0,55.0,-327.0,13.0,12.0,507.0,0.4166666666666667,0.08333333333333333,0.0,-0.23529411764705882,0.0625,0.9799999999999998,0.0
336,202110020708,0,0,0,11,0,0,0,2,0,0,0,2,0,0,0,2,0,0,0,0,0,0,0,0,0,0,0,0,0,0,0,0,0,0,0,0,0.0,0.0,7.0,8.0,44.4,2.9,0.1,0.0,0.0,13.0,14.0,37.9,1.5,0.6,0.0,0.0,11.0,7.0,35.5,0.9,0.375,-0.5,13.0,400.0,0.09090909090909091,0.2727272727272727,6,8,38.0,10.0,1618,870,1263,0.0,0.0,11.0,10.0,37.1,1.6,0.18181818181818182,0.0,0.0,7.0,11.0,37.9,3.5,1.0,0.2,0.0,55.0,-1229.0,13.0,10.0,481.0,0.2,0.06666666666666667,0.0,0.5454545454545454,0.0,1.3799999999999997,0.0
337,202110020708,6,3,6,28,0,1,0,20,0,1,0,0,1,1,1,5,0,1,0,4,0,1,0,0,0,0,0,3,0,0,0,0,0,0,0,0,0.0,0.0,4.0,3.0,35.8,0.7,1.0,0.0,0.0,1.0,3.0,34.9,0.3,0.9,0.0,0.0,1.0,9.0,36.5,1.2,1.0,3.0,0.0,-200.0,0.0,0.3076923076923077,2,2,3.3,1.0,1428,1167,1263,0.0,0.0,2.0,3.0,35.5,0.2,0.4,0.0,0.0,5.0,3.0,35.1,0.5,0.5,0.0,0.8,55.0,-120.0,13.0,11.0,446.0,-0.18181818181818182,-0.1,-0.23076923076923078,-0.13333333333333333,0.14285714285714285,0.079999999999999,0.0
338,202110020708,1,0,0,12,1,0,0,1,0,0,0,0,0,0,0,2,0,0,0,1,0,0,0,0,0,0,0,0,0,0,0,0,0,0,0,0,0.0,0.0,14.0,12.0,36.7,1.0,0.5333333333333333,0.0,0.0,10.0,11.0,13.8,8.4,0.5,0.0,0.0,18.0,17.0,36.6,1.9,0.9444444444444444,2.5,-2.0,-200.0,0.06451612903225806,0.2903225806451613,3,3,38.0,10.0,1561,1039,1263,0.0,0.0,13.0,7.0,35.6,0.6,0.625,0.0,0.0,11.0,8.0,35.4,1.4,0.8181818181818182,-1.2,0.0,55.0,-609.0,13.0,15.0,466.0,-0.26666666666666666,0.25,-0.05555555555555555,-0.125,-0.09090909090909091,-1.9199999999999993,0.0
339,202110020708,1,0,1,1,1,1,0,1,0,0,0,0,0,0,1,0,0,0,0,0,0,0,0,0,0,0,0,0,0,0,0,0,0,0,0,0,0.0,0.0,13.0,12.0,36.6,0.8,0.5,0.0,0.0,13.0,9.0,35.8,0.9,0.6111111111111112,0.0,0.0,12.0,7.0,36.5,0.8,0.9375,-2.5,10.0,-200.0,0.0,0.0625,6,9,26.5,9.0,1222,1713,1328,0.0,0.0,13.0,8.0,35.5,0.9,0.9375,0.0,0.0,15.0,13.0,36.0,1.6,0.7333333333333333,0.1,0.0,55.0,-305.0,13.0,16.0,458.0,0.0625,0.0,-0.1875,0.0,0.0,0.15,0.0
340,202110020708,0,3,3,12,2,2,3,18,0,0,0,0,0,1,1,4,2,0,0,7,0,0,0,0,0,0,0,1,0,0,0,0,0,0,0,0,0.0,0.0,6.0,4.0,40.6,1.4,0.4166666666666667,0.0,0.0,14.0,15.0,38.4,2.9,0.4,0.0,0.0,13.0,12.0,37.1,2.0,0.5384615384615384,4.0,4.0,300.0,0.1111111111111111,0.1111111111111111,8,12,183.0,13.0,1304,1405,1503,0.0,0.0,8.0,12.0,38.9,2.7,0.16666666666666666,0.0,0.0,7.0,12.0,36.2,1.7,0.21428571428571427,1.3,0.0,53.0,-661.0,13.0,12.0,472.0,-0.08333333333333333,0.0,0.38461538461538464,0.0,0.0,0.8299999999999997,0.0
341,202110020708,0,0,2,11,0,0,0,1,0,0,0,0,0,0,0,3,0,0,0,0,0,0,0,0,0,0,0,0,0,0,0,0,0,0,0,0,0.0,0.0,2.0,9.0,37.6,1.2,0.4375,0.0,0.0,4.0,2.0,36.5,0.3,0.8125,0.0,0.0,2.0,3.0,35.3,0.2,0.75,-3.0,0.0,0.0,0.0625,0.125,7,11,5.7,4.0,1127,198,1328,0.0,0.0,1.0,1.0,37.4,0.0,0.36363636363636365,0.0,0.0,4.0,3.0,37.1,0.2,0.3333333333333333,-1.3,0.8,54.0,-624.0,13.0,16.0,478.0,0.125,0.1875,-0.08333333333333333,0.0,-0.13333333333333333,0.010000000000000142,0.0
342,202110020802,3,2,2,18,1,0,0,2,1,0,0,0,0,1,0,4,0,0,0,0,0,0,0,0,0,1,0,1,0,0,0,0,0,0,0,0,0.0,0.0,12.0,12.0,35.0,2.1,1.0,0.0,0.0,12.0,11.0,35.0,1.0,0.9166666666666666,0.0,0.0,11.0,11.0,33.6,0.6,0.6,-0.5,8.0,-200.0,0.08823529411764706,0.38235294117647056,5,9,1.7,1.0,1503,939,1263,0.0,0.0,15.0,8.0,34.1,0.7,0.8666666666666667,0.0,0.0,8.0,13.0,35.3,0.9,0.4444444444444444,-0.1,0.0,54.0,-1070.0,16.0,12.0,526.0,-0.08333333333333333,0.0,-0.06666666666666667,-0.06666666666666667,0.0,0.030000000000000426,0.0
343,202110020802,0,0,1,5,0,0,0,0,0,0,0,0,0,0,0,0,0,0,0,0,0,0,0,0,0,0,0,0,0,0,0,0,0,0,0,0,0.0,0.0,9.0,9.0,34.7,0.9,0.7272727272727273,0.0,0.0,7.0,6.0,36.9,0.7,0.75,0.0,0.0,10.0,6.0,35.9,0.9,0.21428571428571427,-1.5,-2.0,-200.0,0.04878048780487805,0.2682926829268293,2,4,50.6,9.0,1059,1210,1482,0.0,0.0,8.0,11.0,36.7,0.8,0.7142857142857143,0.0,0.0,7.0,4.0,35.4,0.6,0.38461538461538464,-0.5,0.0,54.0,-931.0,16.0,11.0,454.0,-0.09090909090909091,-0.16666666666666666,0.07142857142857142,0.07142857142857142,0.0,-0.11999999999999958,0.0
344,202110020802,2,3,0,5,1,1,2,8,0,0,0,0,1,0,0,3,0,0,1,2,0,0,0,0,1,0,0,2,0,0,0,1,0,0,0,0,0.0,0.0,8.0,10.0,34.8,1.7,0.9166666666666666,0.0,0.0,14.0,11.0,36.0,1.0,0.9285714285714286,0.0,0.0,7.0,11.0,35.4,1.2,0.8125,0.5,0.0,-200.0,0.14705882352941177,0.4117647058823529,7,13,7.4,3.0,1152,1294,1428,0.0,0.0,6.0,9.0,36.0,1.5,0.8125,0.0,0.0,5.0,1.0,33.8,0.0,0.8666666666666667,-2.0,0.2,54.0,-1070.0,16.0,12.0,450.0,0.0,-0.07142857142857142,-0.0625,-0.3125,-0.06666666666666667,0.2,0.0
345,202110020802,3,2,2,18,0,0,0,0,0,0,0,0,0,1,0,4,0,0,0,0,0,0,0,0,0,1,0,1,0,0,0,0,0,0,0,0,0.0,0.0,7.0,8.0,41.2,0.9,0.375,0.0,0.0,7.0,5.0,36.0,1.0,0.6666666666666666,0.0,0.0,6.0,5.0,37.0,0.3,0.5625,-1.5,-17.0,400.0,0.17307692307692307,0.3269230769230769,1,2,8.2,5.0,1503,419,1263,0.0,0.0,7.0,5.0,36.0,0.9,0.5,0.0,0.0,5.0,4.0,36.3,0.2,0.25,-0.8,0.0,54.0,-758.0,16.0,8.0,427.0,0.25,-0.2777777777777778,-0.1875,-0.25,0.0625,0.9800000000000011,0.0
346,202110020802,0,0,0,4,1,3,3,19,0,0,0,0,0,0,0,2,1,2,2,7,0,0,0,0,0,0,0,2,0,0,1,3,0,0,0,0,0.0,0.0,80.0,8.0,37.1,1.3,0.5833333333333334,0.0,0.0,120.0,9.0,34.4,0.5,0.8571428571428571,0.0,0.0,50.0,6.0,36.8,0.7,0.875,-1.0,-13.0,1000.0,0.0,0.0,1,1,67.8,10.0,1333,1013,1294,0.0,0.0,60.0,11.0,36.4,0.9,0.5,0.0,0.0,80.0,6.0,33.9,0.6,0.4444444444444444,-0.2,0.0,51.0,-725.0,16.0,12.0,461.0,0.0,-0.2857142857142857,-0.75,0.0,0.0,0.44000000000000056,0.0
347,202110020802,0,1,0,15,1,0,0,8,0,0,0,1,0,1,0,4,0,0,0,0,0,0,0,0,0,1,0,0,0,0,0,0,0,0,0,0,0.0,0.0,12.0,5.0,42.0,0.7,0.16666666666666666,0.0,0.0,15.0,17.0,35.6,2.1,0.3333333333333333,0.0,0.0,9.0,11.0,37.5,1.9,0.2,3.0,5.0,400.0,0.0,0.14285714285714285,6,11,7.5,4.0,1090,1393,1169,0.0,0.0,10.0,12.0,35.0,1.3,0.4444444444444444,0.0,0.0,4.0,6.0,36.8,0.5,0.125,-0.3,0.0,51.0,-1222.0,16.0,12.0,415.0,0.0,0.1111111111111111,0.0,0.05555555555555555,0.0625,1.1000000000000008,0.0
348,202110020802,0,0,0,1,0,0,0,0,0,0,0,0,0,0,0,0,0,0,0,0,0,0,0,0,0,0,0,0,0,0,0,0,0,0,0,0,0.0,0.0,7.0,12.0,40.0,2.8,1.0,0.0,0.0,5.0,6.0,35.8,0.8,0.4444444444444444,0.0,0.0,7.0,7.0,36.9,0.6,0.0625,-2.5,36.0,100.0,0.0,0.375,3,5,43.5,7.0,1426,1620,306,0.0,0.0,7.0,8.0,35.7,0.6,0.8235294117647058,0.0,0.0,5.0,7.0,37.4,1.3,0.5833333333333334,-0.8,0.0,54.0,-802.0,16.0,12.0,476.0,0.0,-0.05555555555555555,0.0625,0.058823529411764705,0.0,0.5299999999999997,0.0
349,202110020802,0,0,0,0,0,1,0,8,0,0,0,0,0,0,0,0,0,0,0,2,0,0,0,0,0,0,0,0,0,0,0,2,0,0,0,0,0.0,0.0,110.0,110.0,40.2,3.6,1.0,0.0,0.0,100.0,100.0,37.1,3.2,0.9,0.0,0.0,70.0,60.0,34.6,1.1,0.42857142857142855,-25.0,-1.0,500.0,0.0,0.0,4,7,440.6,15.0,1151,1014,1618,0.0,0.0,140.0,100.0,34.3,0.8,0.5555555555555556,0.0,0.0,150.0,80.0,36.9,0.6,0.125,-6.0,0.0,51.0,-972.0,16.0,11.0,449.0,0.0,0.1,0.0,-0.05555555555555555,0.0625,0.9400000000000013,0.0
350,202110020802,0,0,0,3,0,0,0,5,0,0,0,0,0,0,0,1,0,0,0,1,0,0,0,0,0,0,0,1,0,0,0,1,0,0,0,0,0.0,0.0,13.0,4.0,36.8,1.3,0.5,0.0,0.0,13.0,9.0,36.5,0.7,0.4375,0.0,0.0,10.0,8.0,36.0,1.1,0.9,2.0,-4.0,-200.0,0.0,0.0,2,3,199.2,13.0,1148,1036,1393,0.0,0.0,10.0,15.0,41.5,3.2,0.5,0.0,0.0,13.0,8.0,35.9,0.8,0.9375,1.4,0.0,54.0,-34.0,16.0,18.0,400.0,-0.05555555555555555,0.1875,-0.2,0.0,-0.25,-0.3200000000000003,0.0
351,202110020802,4,2,1,34,2,1,1,12,0,0,0,1,0,0,1,9,1,1,0,4,0,0,0,1,0,0,1,3,0,0,0,3,0,0,0,1,0.0,0.0,50.0,60.0,43.1,1.4,0.7777777777777778,0.0,0.0,110.0,120.0,36.5,1.9,0.875,0.0,0.0,70.0,80.0,42.4,6.2,0.8888888888888888,10.0,2.0,500.0,0.0,0.0,4,8,151.3,11.0,1691,1428,1167,0.0,0.0,110.0,100.0,35.9,0.7,0.625,0.0,0.0,180.0,160.0,35.5,1.9,0.8888888888888888,18.0,0.0,50.0,-195.0,16.0,9.0,396.0,0.0,-0.125,0.0,0.25,0.0,1.5800000000000005,0.0
352,202110020802,1,2,2,8,0,0,1,4,0,0,1,3,0,0,2,2,0,0,1,1,0,0,1,1,0,0,0,2,0,0,0,1,0,0,0,1,0.0,0.0,11.0,7.0,35.3,0.5,0.6875,0.0,0.0,5.0,3.0,35.9,0.3,0.2222222222222222,0.0,0.0,11.0,12.0,35.3,1.6,0.6,2.5,-2.0,0.0,0.05,0.1,6,12,5.8,2.0,1317,1713,1186,0.0,0.0,6.0,3.0,33.4,0.1,0.2222222222222222,0.0,0.0,10.0,4.0,35.4,0.4,0.4666666666666667,-0.6,0.4,53.0,-987.0,16.0,16.0,470.0,0.125,-0.1111111111111111,0.06666666666666667,0.0,0.13333333333333333,0.2299999999999997,0.0
353,202110020802,0,0,0,6,0,1,0,11,0,0,0,0,0,0,0,0,0,0,0,1,0,0,0,0,0,0,0,0,0,0,0,0,0,0,0,0,0.0,0.0,120.0,11.0,40.6,2.6,0.8333333333333334,0.0,0.0,140.0,14.0,38.1,2.7,0.9285714285714286,0.0,0.0,180.0,17.0,36.4,2.0,0.5555555555555556,3.0,8.0,100.0,0.0,0.125,8,16,264.9,14.0,1645,1482,1366,0.0,0.0,170.0,13.0,34.0,1.8,1.0,0.0,0.0,180.0,16.0,35.2,1.1,0.5,0.9,0.0,53.0,-1236.0,16.0,12.0,440.0,0.0,0.07142857142857142,0.0,,0.05555555555555555,1.4899999999999998,0.0
354,202110020802,1,0,3,13,1,1,2,8,0,0,0,0,0,0,1,3,0,0,1,2,0,0,0,0,0,0,1,2,0,0,0,1,0,0,0,0,0.0,0.0,6.0,5.0,41.3,1.8,1.0,0.0,0.0,11.0,12.0,41.6,2.7,1.0,0.0,0.0,6.0,13.0,37.6,1.4,0.9375,4.0,16.0,300.0,0.14634146341463414,0.24390243902439024,3,6,32.5,6.0,1304,1294,1503,0.0,0.0,12.0,5.0,36.4,1.3,1.0,0.0,0.0,8.0,7.0,37.6,1.3,0.8461538461538461,-0.3,0.0,53.0,-711.0,16.0,7.0,456.0,0.0,-0.0625,-0.4375,-0.1875,0.07692307692307693,1.2599999999999993,0.0
355,202110020802,0,1,0,1,4,1,2,8,0,0,0,0,0,0,0,0,0,1,1,2,0,0,0,0,0,0,0,0,0,1,0,0,0,0,0,0,0.0,0.0,12.0,11.0,41.8,3.7,0.6666666666666666,0.0,0.0,15.0,8.0,38.6,2.7,0.5333333333333333,0.0,0.0,12.0,14.0,38.6,3.1,0.75,1.5,25.0,100.0,0.08333333333333333,0.25,5,10,157.9,12.0,1200,1376,324,0.0,0.0,13.0,12.0,38.3,2.7,0.4375,,,,,,,,0.9,0.0,54.0,-640.0,16.0,12.0,431.0,0.25,-0.06666666666666667,0.1875,-0.125,,1.05,0.0
356,202110020802,0,0,0,0,0,0,0,2,0,0,0,0,0,0,0,0,0,0,0,1,0,0,0,0,0,0,0,0,0,0,0,0,0,0,0,0,0.0,0.0,,,,,,0.0,0.0,160.0,15.0,38.1,5.6,1.0,0.0,0.0,100.0,15.0,40.0,4.2,0.8125,0.0,,500.0,0.09090909090909091,0.09090909090909091,8,15,472.6,16.0,1657,1685,1317,,,,,,,,,,,,,,,0.0,0.0,52.0,-280.0,16.0,9.0,,,0.0,0.125,,,-1.8999999999999986,0.0
357,202110020802,1,0,3,13,0,0,0,7,0,0,0,0,0,0,1,3,0,0,0,3,0,0,0,0,0,0,1,2,0,0,0,3,0,0,0,0,0.0,0.0,7.0,7.0,34.0,1.0,0.7777777777777778,0.0,0.0,10.0,5.0,33.1,0.4,0.7,0.0,0.0,7.0,2.0,34.5,0.2,0.5,-2.5,2.0,-400.0,,,7,14,45.6,8.0,1304,565,1503,0.0,0.0,8.0,9.0,35.7,1.3,0.7142857142857143,0.0,0.0,4.0,5.0,34.0,0.4,0.7142857142857143,0.0,0.2,54.0,-1259.0,16.0,9.0,444.0,0.1111111111111111,0.1,0.0,-0.07142857142857142,0.14285714285714285,-0.2600000000000001,0.0
358,202110020808,2,3,3,14,0,0,2,6,0,0,0,0,0,0,0,3,0,0,0,0,0,0,0,0,0,0,0,2,0,0,0,0,0,0,0,0,0.0,0.0,,,,,,0.0,0.0,80.0,8.0,34.7,2.0,0.8888888888888888,0.0,0.0,140.0,15.0,39.8,3.1,0.625,7.0,,200.0,0.06666666666666667,0.2,2,2,7.0,5.0,1428,460,1263,0.0,0.0,60.0,6.0,34.4,1.5,1.0,0.0,0.0,70.0,10.0,33.8,0.7,0.8181818181818182,-0.3,0.0,57.0,-1037.0,10.0,8.0,,,0.0,0.0625,0.0,0.0,0.8100000000000016,0.0
359,202110020808,0,0,0,0,0,0,0,0,0,0,0,0,0,0,0,0,0,0,0,0,0,0,0,0,0,0,0,0,0,0,0,0,0,0,0,0,0.0,0.0,10.0,12.0,50.7,12.7,1.0,0.0,0.0,10.0,10.0,35.4,1.6,0.8,0.0,0.0,12.0,11.0,34.1,1.1,1.0,-0.5,-11.0,500.0,0.0,0.2857142857142857,8,9,16.6,8.0,1232,1281,1263,0.0,0.0,13.0,15.0,34.5,1.5,0.8333333333333334,0.0,0.0,9.0,6.0,34.5,0.5,0.7857142857142857,-0.7,0.0,57.0,-1057.0,10.0,12.0,453.0,0.0,-0.1,-0.07692307692307693,0.05555555555555555,0.0,3.3300000000000005,0.0
360,202110020808,0,0,1,3,0,0,0,2,0,0,0,0,0,0,0,0,0,0,0,0,0,0,0,0,0,0,0,0,0,0,0,0,0,0,0,0,0.0,0.0,5.0,10.0,35.6,1.2,0.2727272727272727,0.0,0.0,1.0,3.0,35.4,0.3,0.4,0.0,0.0,8.0,9.0,35.0,0.7,0.4375,-0.5,-6.0,200.0,0.17647058823529413,0.3137254901960784,4,4,3.8,1.0,1376,351,1559,0.0,0.0,6.0,7.0,34.4,0.7,0.5625,0.0,0.0,2.0,8.0,33.9,0.5,0.3888888888888889,0.0,0.2,57.0,-21.0,10.0,11.0,478.0,0.18181818181818182,0.1,0.1875,0.1875,0.0,0.44000000000000056,0.0
361,202110020808,2,2,0,17,0,1,0,8,0,0,0,0,1,1,0,2,0,0,0,2,0,0,0,0,1,1,0,1,0,0,0,0,0,0,0,0,0.0,0.0,6.0,8.0,35.5,0.9,0.25,0.0,0.0,2.0,5.0,34.6,0.6,0.6666666666666666,0.0,0.0,4.0,8.0,37.1,2.3,0.125,0.0,4.0,0.0,0.02564102564102564,0.2564102564102564,7,8,16.3,7.0,1127,1014,1328,0.0,0.0,7.0,3.0,35.8,0.1,0.2857142857142857,0.0,0.0,4.0,1.0,34.6,0.0,0.16666666666666666,-1.6,0.4,55.0,-210.0,10.0,12.0,488.0,0.0,-0.16666666666666666,0.0,0.07142857142857142,-0.05555555555555555,0.060000000000000143,0.0
362,202110020808,1,0,0,5,1,0,1,13,1,0,0,1,1,0,0,1,1,0,0,3,1,0,0,0,0,0,0,0,0,0,0,1,0,0,0,0,0.0,0.0,60.0,2.0,35.4,0.2,0.2,0.0,0.0,90.0,5.0,35.7,0.4,0.0625,0.0,0.0,100.0,8.0,36.7,0.6,0.1875,3.0,-4.0,0.0,0.0,0.1,7,7,4.1,2.0,1674,1306,1428,0.0,0.0,140.0,11.0,38.6,1.0,0.0625,0.0,0.0,70.0,13.0,36.4,1.2,0.3076923076923077,2.8,0.2,57.0,22.0,10.0,10.0,464.0,0.0,0.0,0.0,0.0,0.46153846153846156,-0.4899999999999999,0.0
363,202110020808,1,2,4,16,0,1,0,0,0,1,0,0,1,2,0,3,0,1,0,0,0,1,0,0,0,1,0,1,0,0,0,0,0,0,0,0,0.0,0.0,60.0,40.0,41.0,1.0,0.7,0.0,0.0,110.0,140.0,42.9,6.8,0.21428571428571427,0.0,0.0,90.0,60.0,38.1,0.8,0.14285714285714285,10.0,-4.0,200.0,0.0,0.15,6,6,15.8,6.0,1393,476,1263,0.0,0.0,60.0,60.0,36.5,0.8,0.2,0.0,0.0,70.0,50.0,37.3,0.7,0.25,-6.0,0.0,54.0,-1239.0,10.0,10.0,452.0,-0.1,0.0,0.0,0.0,0.125,1.3800000000000003,0.0
364,202110020808,0,0,0,3,0,0,1,4,0,0,0,1,0,0,0,0,0,0,0,1,0,0,0,0,0,0,0,0,0,0,0,1,0,0,0,0,0.0,0.0,2.0,8.0,39.6,2.0,0.9,0.0,0.0,7.0,12.0,13.9,9.1,0.6428571428571429,0.0,0.0,8.0,8.0,13.6,4.1,0.25,0.0,-11.0,500.0,0.11764705882352941,0.35294117647058826,3,3,50.6,10.0,1733,1551,1428,0.0,0.0,11.0,10.0,39.8,4.1,0.08333333333333333,0.0,0.0,10.0,,,,,0.2,0.0,57.0,-791.0,10.0,10.0,475.0,-0.1,0.21428571428571427,0.16666666666666666,0.75,,-0.029999999999999007,0.0
365,202110020808,1,0,0,0,1,0,0,1,1,0,0,0,1,0,0,0,1,0,0,0,1,0,0,0,0,0,0,0,0,0,0,0,0,0,0,0,0.0,0.0,60.0,50.0,39.2,1.3,0.8571428571428571,0.0,0.0,70.0,80.0,35.9,1.2,0.8,0.0,0.0,80.0,100.0,35.9,0.7,0.9333333333333333,25.0,-11.0,300.0,0.15625,0.4375,5,5,4.6,3.0,539,534,197,0.0,0.0,90.0,30.0,34.6,0.1,1.0,0.0,0.0,70.0,110.0,40.2,2.8,0.4166666666666667,7.0,0.0,57.0,-884.0,10.0,7.0,473.0,0.0,0.0,-0.06666666666666667,0.0,-0.08333333333333333,-0.07000000000000028,0.0
366,202110020808,5,2,1,29,1,3,3,19,0,0,0,0,1,0,1,3,1,2,2,7,0,0,0,0,1,0,1,3,1,0,1,1,0,0,0,0,0.0,0.0,16.0,13.0,36.6,1.0,0.8125,0.0,0.0,14.0,10.0,37.2,1.1,0.8,0.0,0.0,15.0,13.0,37.3,1.0,0.875,0.0,14.0,100.0,0.05555555555555555,0.1111111111111111,1,1,33.6,9.0,1716,1013,1167,0.0,0.0,11.0,6.0,37.3,1.3,0.9333333333333333,0.0,0.0,8.0,1.0,37.6,0.0,0.75,-2.8,0.2,54.0,-678.0,10.0,16.0,472.0,-0.0625,-0.06666666666666667,-0.125,-0.26666666666666666,-0.16666666666666666,-0.20999999999999944,0.0
367,202110020808,3,1,2,15,1,2,0,15,0,0,0,0,1,0,1,3,1,1,0,5,0,0,0,0,0,0,1,2,0,1,0,2,0,0,0,0,0.0,0.0,20.0,30.0,41.7,0.6,0.2727272727272727,0.0,0.0,60.0,80.0,35.8,0.7,0.5,0.0,0.0,110.0,100.0,37.1,1.7,0.09090909090909091,35.0,5.0,150.0,0.08695652173913043,0.2608695652173913,8,10,6.3,4.0,1506,1558,199,0.0,0.0,120.0,130.0,36.7,1.7,0.2857142857142857,0.0,0.0,70.0,50.0,34.9,0.7,0.1111111111111111,9.0,0.0,57.0,-661.0,10.0,11.0,499.0,-0.09090909090909091,0.1,0.18181818181818182,-0.07142857142857142,0.0,1.2700000000000002,0.0
368,202110020811,1,2,2,8,0,0,1,4,0,0,1,3,0,0,2,2,0,0,1,1,0,0,1,1,0,0,0,0,0,0,0,0,0,0,0,0,0.0,0.0,50.0,9.0,37.4,1.0,0.42857142857142855,0.0,0.0,40.0,9.0,34.9,0.8,0.36363636363636365,0.0,0.0,20.0,3.0,35.9,0.6,0.3333333333333333,-3.0,2.0,0.0,0.025,0.25,8,11,10.9,5.0,1317,1713,1186,0.0,0.0,70.0,4.0,34.0,0.2,0.5454545454545454,0.0,0.0,20.0,8.0,36.7,0.8,0.1111111111111111,-0.7,0.2,57.0,43.0,11.0,14.0,482.0,0.0,0.0,0.0,0.0,0.0,0.229999999999999,0.0
369,202110020811,1,0,0,7,1,3,3,19,0,0,0,0,0,0,0,0,1,2,2,7,0,0,0,0,0,0,0,0,0,0,0,0,0,0,0,0,0.0,0.0,13.0,4.0,36.8,0.4,0.6,0.0,0.0,12.0,14.0,36.8,2.5,0.1875,0.0,0.0,11.0,10.0,36.8,2.2,0.8666666666666667,3.0,-6.0,0.0,0.09090909090909091,0.36363636363636365,6,7,2.7,1.0,1583,1013,118,0.0,0.0,9.0,14.0,34.9,0.9,0.5,0.0,0.0,6.0,2.0,34.2,0.0,0.7142857142857143,-0.4,0.2,57.0,-790.0,11.0,15.0,494.0,-0.2,-0.0625,-0.6666666666666666,0.125,0.0,0.7099999999999987,0.0
370,202110020811,1,3,1,7,2,1,1,12,0,0,0,2,1,0,0,3,1,1,0,4,0,0,0,1,0,0,0,0,0,0,0,0,0,0,0,0,0.0,0.0,30.0,1.0,35.4,0.0,1.0,0.0,0.0,20.0,3.0,35.8,1.3,0.625,0.0,0.0,50.0,3.0,34.8,0.4,0.7142857142857143,1.0,8.0,-200.0,0.0,0.3333333333333333,3,3,6.9,3.0,1728,1428,1169,0.0,0.0,10.0,11.0,33.4,0.8,1.0,0.0,0.0,10.0,7.0,34.2,0.3,0.25,2.0,0.6,57.0,36.0,11.0,9.0,478.0,-0.5555555555555556,-0.375,0.0,-0.058823529411764705,0.16666666666666666,0.479999999999999,0.0
371,202110020811,2,2,0,17,1,1,2,8,0,0,0,0,1,1,0,2,0,0,1,2,0,0,0,0,0,0,0,0,0,0,0,0,0,0,0,0,0.0,0.0,10.0,10.0,35.8,0.6,0.3076923076923077,0.0,0.0,8.0,14.0,40.8,4.6,0.6428571428571429,0.0,0.0,8.0,10.0,33.4,0.8,0.5714285714285714,0.0,4.0,200.0,0.18,0.32,1,1,2.8,2.0,1127,1294,1328,0.0,0.0,8.0,6.0,33.8,0.6,0.4166666666666667,0.0,0.0,8.0,8.0,36.3,0.6,0.3333333333333333,-1.2,0.0,55.0,-308.0,11.0,13.0,460.0,-0.15384615384615385,0.2857142857142857,0.07142857142857142,-0.16666666666666666,-0.16666666666666666,0.6,0.0
372,202110020811,5,2,1,29,1,3,1,27,0,0,0,3,1,0,1,3,1,0,0,3,0,0,0,0,0,0,0,0,0,0,0,0,0,0,0,0,0.0,0.0,12.0,16.0,41.3,6.0,0.375,0.0,0.0,14.0,16.0,39.3,3.6,0.0625,0.0,0.0,7.0,16.0,44.0,4.9,0.1875,0.0,-6.0,-200.0,0.0,0.15789473684210525,8,10,17.3,6.0,1716,1263,1167,0.0,0.0,6.0,5.0,35.9,0.6,0.18181818181818182,0.0,0.0,7.0,9.0,35.4,0.5,0.5454545454545454,-2.5,0.0,57.0,-146.0,11.0,16.0,512.0,0.5625,0.25,0.0625,0.0,0.09090909090909091,1.5199999999999996,0.0
373,202110020811,0,0,0,6,0,1,0,5,0,0,0,1,0,0,0,0,0,0,0,0,0,0,0,0,0,0,0,0,0,0,0,0,0,0,0,0,0.0,0.0,3.0,4.0,34.4,0.5,0.5,0.0,0.0,8.0,2.0,35.0,0.0,0.08333333333333333,0.0,0.0,9.0,2.0,36.2,0.5,0.1,-1.0,4.0,-200.0,0.125,0.25,5,5,20.6,7.0,1294,1221,471,0.0,0.0,16.0,11.0,39.8,2.0,0.5,0.0,0.0,13.0,9.0,35.9,0.7,0.13333333333333333,1.9,0.4,55.0,-342.0,11.0,8.0,474.0,0.0,0.0,0.0,0.0,0.06666666666666667,-0.7799999999999997,0.0
374,202110020811,1,2,1,13,0,0,0,6,0,0,0,0,0,0,0,5,0,0,0,2,0,0,0,0,0,0,0,0,0,0,0,0,0,0,0,0,0.0,0.0,18.0,18.0,37.0,2.2,0.8888888888888888,0.0,0.0,13.0,16.0,42.1,3.6,0.1875,0.0,0.0,8.0,7.0,35.6,1.2,0.8181818181818182,-5.5,-8.0,0.0,0.06060606060606061,0.2727272727272727,7,9,35.1,8.0,1736,1542,1482,0.0,0.0,14.0,15.0,36.8,2.7,0.8125,0.0,0.0,8.0,7.0,35.6,1.0,0.8888888888888888,-2.3,0.0,55.0,-105.0,11.0,18.0,486.0,0.05555555555555555,0.1875,0.0,0.0,-0.1111111111111111,0.8100000000000002,0.0
375,202110020811,0,1,1,4,0,1,0,11,0,0,0,0,0,0,0,3,0,0,0,1,0,0,0,0,0,0,0,0,0,0,0,0,0,0,0,0,0.0,0.0,80.0,70.0,42.7,2.7,0.5555555555555556,0.0,0.0,160.0,160.0,39.3,2.8,0.4375,0.0,0.0,90.0,80.0,13.3,2.1,0.5714285714285714,5.0,1.0,400.0,0.15,0.25,4,4,50.9,9.0,1489,1482,565,0.0,0.0,150.0,110.0,37.0,2.0,0.75,0.0,0.0,100.0,130.0,36.8,1.5,0.23076923076923078,7.0,0.0,57.0,-930.0,11.0,9.0,513.0,0.0,0.0,0.07142857142857142,0.1875,0.0,1.4100000000000008,0.0
376,202110020811,0,0,1,9,1,3,1,27,0,0,0,3,0,0,0,2,1,0,0,3,0,0,0,1,0,0,0,0,0,0,0,0,0,0,0,0,0.0,0.0,6.0,,,,,0.0,0.0,9.0,,,,,0.0,0.0,11.0,9.0,35.9,1.5,0.6363636363636364,,-2.0,-1050.0,0.05263157894736842,0.10526315789473684,2,2,82.8,11.0,1712,1263,1292,0.0,0.0,8.0,9.0,35.2,1.8,0.2222222222222222,0.0,0.0,11.0,10.0,36.1,0.8,0.2857142857142857,0.5,0.0,57.0,-167.0,11.0,13.0,426.0,,,0.18181818181818182,0.0,0.14285714285714285,-0.10000000000000142,0.0
377,202110020811,2,0,0,6,0,0,1,0,0,0,0,0,0,0,0,1,0,0,1,0,0,0,0,0,0,0,0,0,0,0,0,0,0,0,0,0,0.0,0.0,100.0,10.0,37.3,1.6,0.09090909090909091,0.0,0.0,130.0,15.0,37.8,2.0,0.25,0.0,0.0,160.0,18.0,36.8,3.2,0.6111111111111112,4.0,2.0,0.0,0.15151515151515152,0.42424242424242425,7,8,71.7,10.0,1328,455,1263,0.0,0.0,70.0,13.0,38.7,2.2,0.0625,0.0,0.0,110.0,1.0,37.1,0.0,0.07142857142857142,-2.0,0.2,55.0,0.0,11.0,11.0,464.0,0.0,-0.125,0.0,0.0,0.0,-0.05000000000000142,0.0
378,202110020811,0,0,0,0,0,2,0,12,0,0,0,0,0,0,0,0,0,0,0,2,0,0,0,0,0,0,0,0,0,0,0,0,0,0,0,0,0.0,0.0,6.0,5.0,39.8,0.6,0.75,0.0,0.0,16.0,16.0,36.5,2.0,0.25,0.0,0.0,9.0,9.0,35.9,2.1,0.2222222222222222,2.0,1.0,500.0,0.0,0.12903225806451613,6,6,8.4,4.0,1430,1366,1013,0.0,0.0,13.0,5.0,35.0,0.5,0.07692307692307693,0.0,0.0,8.0,10.0,35.2,1.6,0.6,-0.1,0.0,57.0,-1094.0,11.0,8.0,455.0,0.0,0.0625,0.0,0.0,0.1,1.069999999999999,0.0
379,202110030103,21,21,21,102,1,0,0,2,1,0,0,2,9,7,7,29,1,0,0,2,1,0,0,2,1,1,2,11,0,0,0,2,0,0,0,2,0.0,0.0,50.0,11.0,34.7,1.2,0.5625,0.0,0.0,8.0,7.0,33.9,0.6,1.0,0.0,0.0,7.0,9.0,33.4,0.7,0.625,-1.0,0.0,0.0,0.3888888888888889,0.6666666666666666,3,5,1.6,1.0,1428,499,1263,0.0,0.0,1.0,7.0,34.7,0.5,0.5,0.0,0.0,2.0,3.0,33.2,0.3,0.38461538461538464,-1.6,0.2,56.0,-1261.0,16.0,16.0,514.0,0.3125,0.0,0.0,-0.05555555555555555,0.0,0.21999999999999958,0.0
380,202110030103,0,0,0,0,0,1,0,17,0,0,0,0,0,0,0,0,0,1,0,9,0,0,0,0,0,0,0,0,0,1,0,3,0,0,0,0,0.0,0.0,4.0,1.0,39.3,0.0,0.5,0.0,0.0,5.0,6.0,37.3,1.5,0.16666666666666666,0.0,0.0,8.0,2.0,35.1,1.8,0.25,0.5,11.0,570.0,0.1,0.1,1,2,45.6,8.0,1112,1014,334,0.0,0.0,7.0,14.0,43.2,4.5,0.0625,0.0,0.0,4.0,7.0,40.7,2.7,0.5,2.0,0.4,56.0,-1119.0,16.0,8.0,479.0,-0.125,0.0,0.0,0.125,-0.07142857142857142,-0.8700000000000017,0.0
381,202110030103,21,21,21,102,0,0,1,0,0,0,0,0,9,7,7,29,0,0,0,0,0,0,0,0,1,1,2,11,0,0,0,0,0,0,0,0,0.0,0.0,5.0,10.0,13.2,2.6,0.46153846153846156,0.0,0.0,11.0,12.0,35.8,1.2,0.4375,0.0,0.0,7.0,14.0,35.3,1.1,0.3333333333333333,2.0,12.0,-1050.0,0.1,0.4,5,9,18.4,6.0,1428,705,1263,0.0,0.0,6.0,7.0,35.2,0.9,0.25,0.0,0.0,7.0,15.0,41.9,5.1,0.0625,0.5,0.0,56.0,-833.0,16.0,13.0,464.0,-0.07692307692307693,0.0,-0.06666666666666667,-0.0625,0.0,-5.680000000000001,0.0
382,202110030103,1,2,2,19,0,0,0,0,0,0,0,0,0,0,0,2,0,0,0,0,0,0,0,0,0,0,0,1,0,0,0,0,0,0,0,0,0.0,0.0,10.0,11.0,39.4,2.6,0.18181818181818182,0.0,0.0,16.0,10.0,35.3,0.7,0.75,0.0,0.0,14.0,12.0,37.4,1.8,0.25,0.5,0.0,-800.0,0.07894736842105263,0.18421052631578946,1,1,14.1,4.0,1396,299,1556,0.0,0.0,12.0,14.0,38.6,2.0,0.0625,0.0,0.0,5.0,11.0,41.5,4.4,0.21428571428571427,0.4,0.0,54.0,-595.0,16.0,11.0,452.0,0.2727272727272727,-0.5625,0.0625,0.4375,0.5714285714285714,-0.7500000000000007,0.0
383,202110030103,15,7,8,83,1,7,2,30,0,0,0,0,1,1,2,21,0,4,0,9,0,0,0,0,0,1,1,15,0,2,0,7,0,0,0,0,0.0,0.0,110.0,16.0,36.6,2.1,0.8888888888888888,0.0,0.0,60.0,12.0,35.1,1.4,0.8333333333333334,,,,,,,,-4.0,0.0,200.0,0.08771929824561403,0.24561403508771928,2,3,35.1,7.0,1716,1306,1167,,,,,,,,,,,,,,,-4.0,0.0,56.0,76.0,16.0,18.0,438.0,0.05555555555555555,0.0,,,,1.5,0.0
384,202110030103,1,0,1,8,0,0,0,0,0,0,0,0,0,0,0,2,0,0,0,0,0,0,0,0,0,0,0,1,0,0,0,0,0,0,0,0,0.0,0.0,80.0,4.0,36.7,1.1,1.0,0.0,0.0,100.0,12.0,36.6,1.0,0.7692307692307693,0.0,0.0,110.0,10.0,37.2,1.1,0.8125,3.0,16.0,900.0,0.14285714285714285,0.42857142857142855,6,12,6.2,3.0,1186,1051,792,0.0,0.0,80.0,11.0,34.9,0.8,0.8333333333333334,0.0,0.0,10.0,5.0,35.1,0.7,0.7857142857142857,0.1,0.0,56.0,-1119.0,16.0,8.0,526.0,0.0,0.0,0.0,0.05555555555555555,0.07142857142857142,0.49000000000000055,0.0
385,202110030103,11,13,9,84,4,0,1,32,0,0,0,2,3,3,4,22,1,0,0,8,0,0,0,0,2,1,0,8,1,0,0,4,0,0,0,0,0.0,0.0,11.0,12.0,44.0,6.4,0.8333333333333334,0.0,0.0,12.0,14.0,37.8,2.2,0.9375,0.0,0.0,16.0,11.0,36.7,1.1,0.875,-0.5,-6.0,0.0,0.06666666666666667,0.2,4,8,14.2,5.0,1691,1618,1167,0.0,0.0,11.0,13.0,35.2,2.2,0.15384615384615385,0.0,0.0,13.0,7.0,37.4,1.0,0.6428571428571429,-1.1,0.0,54.0,-631.0,16.0,12.0,416.0,0.16666666666666666,0.0,-0.0625,0.0,-0.2857142857142857,1.5799999999999996,0.0
386,202110030103,7,4,6,52,0,0,0,6,0,0,0,0,1,1,1,7,0,0,0,2,0,0,0,0,1,0,0,2,0,0,0,2,0,0,0,0,0.0,0.0,9.0,9.0,42.0,2.6,0.4,0.0,0.0,14.0,13.0,38.1,3.2,0.5625,0.0,0.0,13.0,14.0,36.5,2.2,0.7333333333333333,2.5,19.0,400.0,0.07142857142857142,0.2857142857142857,3,6,65.0,9.0,1393,1553,1263,0.0,0.0,9.0,8.0,35.6,2.7,0.375,0.0,0.0,8.0,8.0,36.6,1.6,0.14285714285714285,-0.7,0.0,54.0,-530.0,16.0,10.0,503.0,0.0,0.1875,0.26666666666666666,0.125,0.0,1.3299999999999996,0.0
387,202110030103,6,4,7,72,5,2,5,58,0,1,0,4,2,1,1,26,1,0,1,17,0,0,0,3,1,0,1,5,0,0,1,8,0,0,0,0,0.0,0.0,12.0,9.0,35.4,2.8,0.625,0.0,0.0,14.0,9.0,35.2,1.5,0.6875,0.0,0.0,8.0,8.0,40.3,3.6,0.625,-0.5,8.0,0.0,0.0,0.0,4,7,250.9,12.0,1506,1428,199,0.0,0.0,9.0,11.0,37.8,2.6,0.9166666666666666,,,,,,,,0.5,0.0,53.0,0.0,16.0,16.0,474.0,-0.125,0.0,0.375,-0.08333333333333333,,-1.229999999999999,0.0
388,202110030103,2,1,1,16,5,2,5,58,0,0,0,0,0,0,1,1,1,0,1,17,0,0,0,0,0,0,0,0,0,0,1,8,0,0,0,0,0.0,0.0,10.0,10.0,40.9,2.6,0.5454545454545454,0.0,0.0,7.0,11.0,39.3,2.6,0.5833333333333334,0.0,0.0,11.0,10.0,35.0,2.8,0.75,0.0,-6.0,500.0,0.0,0.2222222222222222,5,10,166.4,11.0,1655,1428,239,0.0,0.0,11.0,8.0,35.0,1.0,0.6875,0.0,0.0,15.0,7.0,35.9,1.8,0.4666666666666667,-0.9,0.0,56.0,-785.0,16.0,11.0,442.0,0.45454545454545453,0.0,-0.0625,-0.0625,0.0,1.4299999999999997,0.0
389,202110030103,1,0,0,14,10,5,7,57,0,0,0,0,1,0,0,3,2,0,2,15,0,0,0,0,0,0,0,1,1,0,1,6,0,0,0,0,0.0,0.0,20.0,3.0,35.1,0.1,0.25,0.0,0.0,60.0,2.0,35.8,1.4,0.26666666666666666,0.0,0.0,10.0,7.0,41.6,3.4,0.5,2.0,0.0,-200.0,0.08695652173913043,0.1956521739130435,2,4,4.9,2.0,1482,1167,1263,,,,,,,,,,,,,,,2.0,0.6666666666666666,54.0,48.0,16.0,12.0,480.0,0.0,0.0,0.1,,,-3.25,0.0
390,202110030103,0,0,0,2,1,1,0,8,0,0,0,0,0,0,0,2,0,0,0,2,0,0,0,0,0,0,0,0,0,0,0,1,0,0,0,0,0.0,0.0,60.0,80.0,37.4,1.5,0.4,0.0,0.0,150.0,120.0,34.9,3.0,0.875,0.0,0.0,140.0,160.0,42.7,5.7,0.6875,40.0,14.0,950.0,0.0,0.0,7,14,463.9,15.0,1130,1442,1328,0.0,0.0,160.0,140.0,35.6,1.1,0.375,,,,,,,,22.0,0.0,54.0,-527.0,16.0,10.0,444.0,0.2,0.0,0.25,-0.0625,,-0.24000000000000127,0.0
391,202110030103,0,0,0,3,0,0,0,0,0,0,0,0,0,0,0,1,0,0,0,0,0,0,0,0,0,0,0,0,0,0,0,0,0,0,0,0,0.0,0.0,120.0,11.0,42.2,3.7,0.8333333333333334,0.0,0.0,160.0,9.0,36.9,1.7,1.0,0.0,0.0,100.0,13.0,35.4,3.1,0.9375,1.0,22.0,300.0,0.05714285714285714,0.2,7,13,150.2,10.0,1460,683,1345,0.0,0.0,110.0,14.0,41.8,4.0,0.8,0.0,0.0,80.0,7.0,35.3,1.2,0.8333333333333334,-0.3,0.0,56.0,-366.0,16.0,12.0,510.0,0.08333333333333333,0.0,-0.125,0.13333333333333333,0.08333333333333333,0.8900000000000012,0.0
392,202110030103,0,2,2,8,2,3,5,11,0,0,0,0,0,1,0,3,0,2,0,4,0,0,0,0,0,1,0,1,0,0,0,3,0,0,0,0,0.0,0.0,16.0,14.0,36.6,4.1,0.75,0.0,0.0,6.0,11.0,41.9,4.4,0.9166666666666666,0.0,0.0,16.0,18.0,36.0,2.5,0.8888888888888888,2.0,-6.0,0.0,0.0,0.05555555555555555,8,16,470.0,16.0,1222,334,1328,,,,,,,,,,,,,,,2.0,0.0,56.0,0.0,16.0,16.0,448.0,0.1875,0.08333333333333333,0.0,,,0.3000000000000007,0.0
393,202110030103,0,0,0,8,2,3,3,40,0,0,0,0,0,0,0,3,1,0,0,10,0,0,0,0,0,0,0,2,0,0,0,5,0,0,0,0,0.0,0.0,,,,,,0.0,0.0,80.0,7.0,34.5,2.0,1.0,0.0,0.0,120.0,12.0,37.7,3.3,0.3333333333333333,5.0,15.0,400.0,,,6,11,365.0,14.0,1343,1559,1428,0.0,0.0,130.0,12.0,36.9,2.5,0.8571428571428571,0.0,0.0,160.0,13.0,37.4,2.2,0.9375,1.8,0.0,51.0,-582.0,16.0,11.0,485.0,,0.0,0.5,0.14285714285714285,0.0625,-0.7899999999999991,0.0
394,202110030103,5,4,3,28,1,0,0,4,0,0,0,0,2,1,1,9,0,0,0,1,0,0,0,0,1,1,1,8,0,0,0,1,0,0,0,0,0.0,0.0,1.0,4.0,40.9,2.0,0.5555555555555556,0.0,0.0,13.0,16.0,35.9,4.6,1.0,0.0,0.0,8.0,12.0,40.6,5.1,1.0,4.0,7.0,-200.0,0.0625,0.1875,8,15,322.0,13.0,1152,1335,1428,0.0,0.0,6.0,11.0,39.0,2.7,0.6875,,,,,,,,1.7,0.0,55.0,-1080.0,16.0,9.0,439.0,0.1111111111111111,0.0,-0.07692307692307693,0.0,,0.09999999999999928,0.0
395,202110030205,13,6,7,86,0,0,0,2,0,0,0,1,4,1,0,24,0,0,0,0,0,0,0,0,0,0,0,1,0,0,0,0,0,0,0,0,0.0,0.0,6.0,5.0,35.8,0.6,0.14285714285714285,0.0,0.0,7.0,5.0,35.5,0.2,0.5714285714285714,0.0,0.0,12.0,11.0,34.5,1.0,0.15384615384615385,3.0,6.0,-200.0,0.4,0.7,7,7,1.1,1.0,1503,80,1263,0.0,0.0,14.0,10.0,33.3,0.7,0.8823529411764706,0.0,0.0,3.0,10.0,35.7,1.5,0.2857142857142857,1.5,0.0,54.0,-973.0,8.0,14.0,504.0,0.0,-0.14285714285714285,0.07692307692307693,0.0,0.0,0.23999999999999916,0.0
396,202110030205,0,0,0,0,0,0,2,9,0,0,0,0,0,0,0,0,0,0,1,3,0,0,0,0,0,0,0,0,0,0,0,0,0,0,0,0,0.0,0.0,150.0,12.0,39.6,2.2,0.4375,0.0,0.0,4.0,5.0,13.4,4.3,1.0,0.0,0.0,8.0,8.0,38.5,2.1,0.8125,-2.0,4.0,-100.0,0.1,0.26666666666666666,1,1,6.0,2.0,464,882,257,0.0,0.0,10.0,9.0,36.2,2.1,0.6666666666666666,0.0,0.0,9.0,9.0,36.2,1.0,0.6666666666666666,-0.2,0.0,54.0,-1231.0,8.0,16.0,488.0,0.125,-0.1,-0.125,0.0,0.3333333333333333,-1.6000000000000008,0.0
397,202110030205,0,0,0,8,0,0,0,0,0,0,0,0,0,0,0,1,0,0,0,0,0,0,0,0,0,0,0,0,0,0,0,0,0,0,0,0,0.0,0.0,3.0,5.0,40.3,1.1,0.5,0.0,0.0,17.0,16.0,38.1,3.2,0.05555555555555555,0.0,0.0,6.0,14.0,41.4,4.0,0.8,4.5,15.0,400.0,0.09523809523809523,0.14285714285714285,5,5,43.3,6.0,1310,1502,1618,0.0,0.0,10.0,10.0,35.9,1.0,0.05555555555555555,0.0,0.0,6.0,11.0,36.8,1.1,0.625,0.6,0.0,54.0,-707.0,8.0,10.0,515.0,-0.2,0.2222222222222222,-0.13333333333333333,0.0,-0.125,0.9200000000000003,0.0
398,202110030205,0,0,0,1,0,0,0,3,0,0,0,0,0,0,0,0,0,0,0,0,0,0,0,0,0,0,0,0,0,0,0,0,0,0,0,0,0.0,0.0,11.0,15.0,37.0,3.2,0.5,0.0,0.0,4.0,,,,0.4166666666666667,0.0,0.0,3.0,4.0,35.7,1.7,0.25,-11.0,2.0,200.0,0.1,0.3,8,8,14.5,3.0,1672,1423,1167,,,,,,,,,,,,,,,-11.0,0.0,54.0,-308.0,8.0,16.0,496.0,0.125,0.4166666666666667,0.25,,,1.2999999999999972,0.0
399,202110030205,0,0,0,0,0,1,0,5,0,0,0,0,0,0,0,0,0,0,0,1,0,0,0,0,0,0,0,0,0,0,0,0,0,0,0,0,0.0,0.0,2.0,5.0,42.3,1.1,0.5,0.0,0.0,10.0,8.0,39.6,3.2,0.9375,0.0,0.0,3.0,7.0,39.2,1.9,0.5384615384615384,1.0,37.0,-200.0,0.0,0.14285714285714285,4,4,56.2,7.0,1243,1110,1428,0.0,0.0,5.0,6.0,39.4,0.8,0.8461538461538461,0.0,0.0,2.0,6.0,39.5,1.3,0.9285714285714286,0.0,0.0,54.0,-996.0,8.0,12.0,519.0,-0.4166666666666667,-0.375,-0.3076923076923077,-0.23076923076923078,-0.5714285714285714,0.5799999999999997,0.0
400,202110030205,1,1,0,3,1,0,1,5,0,0,0,0,0,0,0,1,0,0,0,0,0,0,0,0,0,0,0,1,0,0,0,0,0,0,0,0,0.0,0.0,9.0,9.0,45.0,7.6,0.7777777777777778,0.0,0.0,9.0,9.0,42.4,6.8,1.0,0.0,0.0,13.0,15.0,42.5,5.5,0.4375,3.0,4.0,0.0,0.05555555555555555,0.16666666666666666,2,2,67.8,8.0,1089,1654,1428,0.0,0.0,9.0,9.0,36.9,2.0,0.8181818181818182,0.0,0.0,8.0,6.0,36.0,2.2,0.625,-0.6,0.0,53.0,-153.0,8.0,9.0,450.0,0.2222222222222222,-0.1,0.3125,-0.18181818181818182,0.25,2.35,0.0
401,202110030205,0,0,0,0,4,0,1,32,0,0,0,0,0,0,0,0,1,0,0,8,0,0,0,0,0,0,0,0,0,0,0,1,0,0,0,0,0.0,0.0,5.0,7.0,36.4,2.3,0.375,,,,,,,,,,,,,,,,,0.0,0.08333333333333333,0.1875,6,6,32.0,5.0,1064,1618,1556,,,,,,,,,,,,,,,,0.0,54.0,0.0,8.0,8.0,464.0,0.25,,,,,,
402,202110030205,8,7,5,57,7,4,7,49,0,2,0,3,4,3,1,11,2,1,2,10,0,0,0,1,0,0,0,1,0,0,0,0,0,0,0,0,0.0,0.0,80.0,110.0,39.9,3.2,1.0,0.0,0.0,90.0,110.0,38.1,4.1,0.45454545454545453,0.0,0.0,70.0,120.0,41.8,4.2,0.5,5.0,7.0,400.0,0.0,0.15,3,3,20.4,4.0,1127,1294,1328,0.0,0.0,40.0,80.0,36.5,2.8,0.875,,,,,,,,-8.0,0.0,54.0,-447.0,8.0,11.0,473.0,0.0,0.2727272727272727,0.16666666666666666,-0.125,,0.65,0.0
403,202110030207,0,2,3,6,5,2,5,58,0,0,0,0,0,0,1,2,1,0,1,17,0,0,0,0,0,0,0,0,1,0,0,5,0,0,0,0,0.0,0.0,8.0,11.0,35.0,0.7,0.75,0.0,0.0,14.0,5.0,34.6,0.2,0.8235294117647058,0.0,0.0,13.0,7.0,33.3,0.8,0.6153846153846154,-2.0,6.0,200.0,0.06896551724137931,0.27586206896551724,4,4,2.9,2.0,1677,1428,1167,0.0,0.0,9.0,9.0,34.6,0.9,0.9230769230769231,0.0,0.0,9.0,4.0,33.5,0.6,0.8,-1.0,0.0,52.0,-930.0,8.0,16.0,482.0,0.0,-0.058823529411764705,0.0,0.0,0.0,0.3,0.0
404,202110030207,1,3,1,5,0,2,1,22,0,0,0,0,0,0,0,1,0,1,0,6,0,0,0,0,0,0,0,0,0,1,0,0,0,0,0,0,0.0,0.0,15.0,9.0,35.5,0.5,0.06666666666666667,0.0,0.0,7.0,15.0,39.2,2.7,0.25,0.0,0.0,9.0,15.0,37.4,1.7,0.25,3.0,-4.0,0.0,0.375,0.5,2,2,1.8,1.0,1657,1362,1317,0.0,0.0,3.0,7.0,37.0,0.6,0.06666666666666667,0.0,0.0,4.0,8.0,36.3,0.6,0.125,-1.0,0.0,52.0,-657.0,8.0,15.0,448.0,0.0,0.0,-0.125,0.0,0.0,0.06000000000000085,0.0
405,202110030207,1,1,0,4,0,0,0,0,0,0,0,0,1,0,0,1,0,0,0,0,0,0,0,0,0,0,0,0,0,0,0,0,0,0,0,0,0.0,0.0,4.0,2.0,34.8,0.2,0.5454545454545454,0.0,0.0,7.0,8.0,34.8,0.8,0.38461538461538464,0.0,0.0,10.0,4.0,35.2,0.2,0.35294117647058826,1.0,0.0,-200.0,0.42105263157894735,0.6842105263157895,5,5,5.3,3.0,1463,635,1167,0.0,0.0,3.0,6.0,35.3,0.7,0.2727272727272727,0.0,0.0,5.0,9.0,34.7,0.6,0.5625,1.2,0.2,52.0,-930.0,8.0,11.0,494.0,0.0,0.07692307692307693,0.058823529411764705,0.0,0.0,-0.030000000000001137,0.0
406,202110030207,13,6,7,86,2,3,5,11,1,1,0,0,4,1,0,24,0,2,0,4,0,1,0,0,2,1,0,6,0,1,0,0,0,1,0,0,0.0,0.0,7.0,5.0,39.1,1.7,0.6,0.0,0.0,10.0,14.0,37.1,1.3,0.6,0.0,0.0,7.0,7.0,37.2,0.9,0.2,1.0,14.0,200.0,0.08620689655172414,0.2413793103448276,6,6,30.7,6.0,1503,334,1263,0.0,0.0,4.0,7.0,37.0,0.8,0.13333333333333333,0.0,0.0,12.0,3.0,38.5,0.3,0.25,-1.1,0.2,52.0,-1184.0,8.0,10.0,518.0,0.1,0.0,0.0,0.0,0.0,0.13000000000000042,0.0
407,202110030207,11,13,9,84,0,2,0,9,0,0,0,0,3,3,4,22,0,1,0,3,0,0,0,0,1,1,2,9,0,1,0,1,0,0,0,0,0.0,0.0,8.0,9.0,39.5,2.3,0.5,0.0,0.0,9.0,10.0,37.3,1.6,0.46153846153846156,0.0,0.0,7.0,9.0,36.8,0.7,1.0,0.0,20.0,600.0,0.1388888888888889,0.4166666666666667,8,8,26.9,5.0,1691,1221,1167,0.0,0.0,5.0,10.0,36.1,1.0,0.9375,0.0,0.0,6.0,11.0,35.8,0.9,0.4,0.4,0.0,52.0,-857.0,8.0,12.0,502.0,0.08333333333333333,0.15384615384615385,-0.06666666666666667,-0.125,-0.2,0.8600000000000001,0.0
408,202110030207,0,0,0,7,5,2,5,58,0,0,0,0,0,0,0,1,1,0,1,17,0,0,0,0,0,0,0,0,1,0,0,5,0,0,0,0,0.0,0.0,15.0,16.0,38.4,4.7,0.125,0.0,0.0,14.0,17.0,37.7,2.0,0.1111111111111111,0.0,0.0,7.0,13.0,36.8,3.9,0.6923076923076923,-1.5,-2.0,200.0,0.058823529411764705,0.17647058823529413,3,3,49.1,7.0,1426,1428,306,0.0,0.0,7.0,3.0,36.2,0.2,0.0625,0.0,0.0,5.0,4.0,34.0,0.3,0.1,-3.8,0.2,51.0,-1210.0,8.0,16.0,472.0,0.0,0.0,0.0,0.0,0.0,1.0299999999999998,0.0
409,202110030207,13,6,7,86,7,6,1,71,0,1,0,1,4,1,0,24,1,2,1,10,0,0,0,0,2,1,0,6,0,0,0,2,0,0,0,0,0.0,0.0,9.0,9.0,35.4,1.5,0.8823529411764706,0.0,0.0,6.0,5.0,37.1,1.5,0.6666666666666666,0.0,0.0,8.0,10.0,35.0,0.9,0.9230769230769231,0.5,10.0,-200.0,0.0851063829787234,0.19148936170212766,1,1,14.1,4.0,1503,1183,1263,0.0,0.0,10.0,4.0,36.7,0.9,0.8666666666666667,0.0,0.0,16.0,2.0,36.4,0.3,1.0,-1.5,0.2,52.0,-881.0,8.0,17.0,464.0,0.0,0.0,-0.23076923076923078,-0.4,-0.5,-0.16000000000000014,0.0
410,202110030207,0,0,1,11,0,0,0,11,0,0,0,0,0,0,0,3,0,0,0,0,0,0,0,0,0,0,0,1,0,0,0,0,0,0,0,0,0.0,0.0,12.0,7.0,40.2,2.2,0.9166666666666666,0.0,0.0,18.0,17.0,34.7,1.0,0.7222222222222222,0.0,0.0,8.0,8.0,35.7,2.0,0.625,0.5,-3.0,400.0,0.09090909090909091,0.18181818181818182,7,7,163.1,8.0,1729,1108,1428,0.0,0.0,12.0,9.0,35.5,2.1,0.6923076923076923,0.0,0.0,8.0,7.0,39.2,2.7,0.3,-0.8,0.0,55.0,-704.0,8.0,12.0,413.0,0.0,0.0,0.375,-0.07692307692307693,0.0,0.12000000000000029,0.0
411,202110030306,1,1,0,4,0,0,1,2,0,0,0,0,1,0,0,1,0,0,0,0,0,0,0,0,0,0,0,1,0,0,0,0,0,0,0,0,0.0,0.0,8.0,6.0,34.8,1.1,0.875,0.0,0.0,10.0,12.0,44.1,7.3,0.8333333333333334,0.0,0.0,6.0,15.0,38.0,2.0,0.0625,4.5,-16.0,-200.0,0.08333333333333333,0.5,5,10,11.6,7.0,1463,584,1167,0.0,0.0,14.0,4.0,37.5,0.3,0.4666666666666667,0.0,0.0,7.0,10.0,37.7,0.9,0.26666666666666666,0.0,0.0,54.0,-588.0,16.0,8.0,496.0,0.125,0.16666666666666666,0.0625,-0.26666666666666666,0.06666666666666667,0.079999999999999,0.0
412,202110030306,6,4,7,72,10,5,7,57,0,0,0,1,2,1,1,26,2,0,2,15,0,0,0,1,1,0,1,5,1,0,1,6,0,0,0,0,0.0,0.0,5.0,7.0,36.5,0.5,0.2857142857142857,0.0,0.0,4.0,5.0,34.0,0.5,0.11764705882352941,0.0,0.0,8.0,2.0,35.3,0.1,0.4375,-2.5,-4.0,-200.0,0.0,0.0,4,8,27.5,8.0,1506,1167,199,0.0,0.0,8.0,4.0,36.4,0.6,0.13333333333333333,0.0,0.0,18.0,4.0,35.8,0.6,0.1111111111111111,-0.7,0.2,51.0,-43.0,16.0,14.0,456.0,-0.07142857142857142,0.0,-0.1875,0.0,0.0,-0.09999999999999928,0.0
413,202110030306,13,6,7,86,0,2,4,8,0,1,1,4,4,1,0,24,0,0,0,2,0,0,0,1,1,0,0,10,0,0,0,0,0,0,0,0,0.0,0.0,8.0,10.0,40.3,2.7,0.9166666666666666,0.0,0.0,4.0,2.0,35.8,0.0,1.0,0.0,0.0,4.0,2.0,35.4,0.4,0.9411764705882353,-4.0,9.0,400.0,0.05405405405405406,0.1891891891891892,8,16,8.3,6.0,1503,939,1263,0.0,0.0,2.0,4.0,35.4,0.7,0.9285714285714286,0.0,0.0,6.0,8.0,33.4,0.7,0.6470588235294118,-0.2,0.4,54.0,-151.0,16.0,12.0,469.0,-0.08333333333333333,-0.4444444444444444,-0.35294117647058826,-0.7857142857142857,0.0,1.4199999999999995,0.0
414,202110030306,5,4,3,28,7,4,7,49,0,0,0,0,2,1,1,9,2,1,2,10,0,0,0,0,1,1,1,8,1,1,2,5,0,0,0,0,0.0,0.0,8.0,10.0,34.8,1.7,0.9166666666666666,0.0,0.0,14.0,11.0,36.0,1.0,0.9285714285714286,0.0,0.0,7.0,11.0,35.4,1.2,0.8125,0.5,0.0,-200.0,0.05,0.15,2,4,7.5,5.0,1152,1294,1428,0.0,0.0,6.0,9.0,36.0,1.5,0.8125,0.0,0.0,5.0,1.0,33.8,0.0,0.8666666666666667,-2.0,0.2,53.0,-945.0,16.0,12.0,450.0,0.0,-0.07142857142857142,-0.0625,-0.3125,-0.06666666666666667,0.2,0.0
415,202110030306,6,4,3,33,10,5,7,57,2,2,1,4,1,1,1,8,2,0,2,15,0,0,1,1,1,1,1,7,1,0,1,6,0,0,1,1,0.0,0.0,6.0,13.0,36.4,1.4,0.3888888888888889,0.0,0.0,5.0,4.0,33.6,0.8,0.8888888888888888,0.0,0.0,2.0,7.0,33.6,0.5,0.35294117647058826,-3.0,-2.0,-200.0,0.09375,0.3125,7,13,33.7,9.0,1098,1167,1294,0.0,0.0,9.0,5.0,35.0,0.7,1.0,,,,,,,,-2.1,0.0,54.0,-154.0,16.0,18.0,448.0,0.1111111111111111,0.0,0.0,-0.1875,,0.4199999999999996,0.0
416,202110030306,1,3,1,5,5,2,5,58,0,0,0,1,0,0,0,1,1,0,1,17,0,0,0,1,0,0,0,1,0,0,1,8,0,0,0,1,0.0,0.0,70.0,70.0,37.6,1.5,0.5833333333333334,0.0,0.0,120.0,130.0,37.5,0.9,0.05555555555555555,0.0,0.0,90.0,40.0,35.1,0.3,0.21428571428571427,-15.0,17.0,980.0,0.10344827586206896,0.3448275862068966,3,6,53.3,11.0,1657,1428,1317,0.0,0.0,110.0,60.0,36.0,1.0,0.4375,0.0,0.0,160.0,80.0,35.8,1.2,0.5625,-5.0,0.0,54.0,-1110.0,16.0,12.0,439.0,0.08333333333333333,0.05555555555555555,-0.07142857142857142,0.125,0.125,0.5100000000000009,0.0
417,202110030306,8,7,5,57,7,6,1,71,0,0,0,0,4,3,1,11,1,2,1,10,0,0,0,0,3,2,1,4,1,2,1,2,0,0,0,0,0.0,0.0,7.0,,,,0.125,0.0,0.0,10.0,6.0,38.6,1.1,0.1875,0.0,0.0,6.0,13.0,39.9,3.3,0.07142857142857142,7.0,8.0,0.0,0.0,0.14285714285714285,2,3,4.1,1.0,1127,1183,1328,0.0,0.0,4.0,7.0,38.9,0.7,0.4375,0.0,0.0,3.0,1.0,38.0,0.0,0.15384615384615385,-2.1,0.25,54.0,-602.0,16.0,16.0,530.0,0.0,0.0,0.07142857142857142,-0.1875,0.0,0.2800000000000004,0.0
418,202110030306,3,1,1,2,2,3,5,11,0,1,0,0,0,1,0,0,0,2,0,4,0,1,0,0,0,0,0,0,0,0,0,3,0,0,0,0,0.0,0.0,12.0,12.0,42.7,3.1,0.2857142857142857,0.0,0.0,6.0,9.0,36.1,0.9,0.06666666666666667,0.0,0.0,10.0,8.0,36.5,1.1,0.3125,-2.0,-10.0,300.0,0.13157894736842105,0.39473684210526316,8,15,42.6,10.0,1629,334,1428,0.0,0.0,9.0,12.0,39.4,2.3,0.25,0.0,0.0,7.0,10.0,39.3,1.9,0.8125,-0.1,0.0,54.0,-207.0,16.0,14.0,450.0,0.21428571428571427,0.06666666666666667,0.25,0.125,0.0,0.3500000000000014,0.0
419,202110030306,21,21,21,102,0,0,0,0,0,0,0,0,9,7,7,29,0,0,0,0,0,0,0,0,1,1,2,11,0,0,0,0,0,0,0,0,0.0,0.0,4.0,11.0,37.4,0.9,0.4375,0.0,0.0,9.0,11.0,38.5,1.6,0.2,0.0,0.0,3.0,1.0,37.3,0.0,0.08333333333333333,-5.0,-14.0,600.0,0.3888888888888889,0.5555555555555556,4,7,4.3,2.0,1428,59,1263,0.0,0.0,1.0,3.0,36.7,0.3,0.375,0.0,0.0,3.0,3.0,37.3,0.7,0.25,-2.4,0.6,54.0,-812.0,16.0,16.0,470.0,0.0625,0.0,0.0,-0.0625,-0.0625,0.2,0.0
420,202110030306,6,4,3,33,5,2,5,58,1,0,1,8,1,1,1,8,1,0,1,17,0,0,0,0,1,1,1,7,0,0,1,8,0,0,0,0,0.0,0.0,6.0,15.0,41.1,3.0,0.4375,0.0,0.0,4.0,10.0,37.3,1.8,0.25,0.0,0.0,2.0,13.0,36.4,2.1,0.4375,-1.0,4.0,100.0,0.0847457627118644,0.23728813559322035,3,5,6.8,4.0,1098,1428,1294,0.0,0.0,2.0,5.0,36.8,0.7,0.125,0.0,0.0,1.0,4.0,37.6,1.1,0.25,-2.7,0.0,54.0,-50.0,16.0,16.0,444.0,-0.0625,0.1875,0.0625,0.0,0.0,0.75,0.0
421,202110030306,0,3,1,11,1,1,0,8,0,0,0,0,0,1,0,6,0,0,0,0,0,0,0,0,0,0,0,1,0,0,0,0,0,0,0,0,0.0,0.0,80.0,80.0,40.6,0.9,0.5,0.0,0.0,160.0,110.0,39.3,2.5,0.5625,0.0,0.0,120.0,50.0,39.4,2.9,0.6,-15.0,18.0,500.0,0.0,0.0,1,1,193.3,13.0,1294,1620,471,0.0,0.0,130.0,110.0,36.8,1.8,0.625,0.0,0.0,160.0,80.0,36.1,1.6,0.375,0.0,0.0,51.0,-967.0,16.0,8.0,470.0,0.125,0.125,-0.13333333333333333,0.1875,0.0,1.15,0.0
422,202110030306,13,6,7,86,1,0,0,9,0,0,0,1,4,1,0,24,1,0,0,3,0,0,0,0,1,0,0,10,0,0,0,2,0,0,0,0,0.0,0.0,110.0,11.0,43.1,6.0,0.9090909090909091,0.0,0.0,110.0,16.0,37.8,4.0,0.8888888888888888,0.0,0.0,50.0,11.0,34.8,1.5,1.0,0.0,-6.0,0.0,0.08,0.18,5,9,6.2,3.0,1503,565,1263,0.0,0.0,50.0,8.0,34.9,1.3,1.0,0.0,0.0,40.0,2.0,33.9,0.0,0.6923076923076923,-2.6,0.2,54.0,-668.0,16.0,11.0,444.0,0.09090909090909091,0.0,-0.18181818181818182,-0.06666666666666667,0.0,2.1300000000000003,0.0
423,202110030306,0,0,0,3,4,0,1,32,0,0,0,0,0,0,0,0,1,0,0,8,0,0,0,0,0,0,0,0,1,0,0,4,0,0,0,0,0.0,0.0,14.0,14.0,37.0,3.0,1.0,0.0,0.0,15.0,13.0,37.1,2.4,0.8125,,,,,,,,-1.0,2.0,-200.0,0.0,0.0,6,12,307.2,15.0,1509,1618,1110,,,,,,,,,,,,,,,-1.0,0.0,54.0,-36.0,16.0,14.0,492.0,0.0,0.125,,,,-0.10000000000000142,0.0
424,202110030306,7,4,3,27,0,0,0,16,0,0,0,0,3,1,3,7,0,0,0,4,0,0,0,0,2,0,1,1,0,0,0,4,0,0,0,0,0.0,0.0,11.0,5.0,39.6,0.6,0.75,0.0,0.0,16.0,14.0,36.5,2.9,0.9375,0.0,0.0,16.0,18.0,49.8,14.2,0.8888888888888888,6.5,-2.0,300.0,0.14285714285714285,0.23809523809523808,7,14,403.7,16.0,1167,1036,460,0.0,0.0,8.0,9.0,35.6,2.1,0.45454545454545453,,,,,,,,1.6,0.0,53.0,-529.0,16.0,12.0,448.0,-0.25,0.0625,0.1111111111111111,0.18181818181818182,,-0.12999999999999973,0.0
425,202110030306,6,4,3,33,0,0,0,2,0,0,0,0,1,1,1,8,0,0,0,0,0,0,0,0,1,1,1,7,0,0,0,0,0,0,0,0,0.0,0.0,8.0,12.0,45.2,7.5,1.0,0.0,0.0,14.0,15.0,38.0,2.9,0.75,0.0,0.0,11.0,10.0,37.6,1.4,0.7333333333333333,-1.0,17.0,300.0,0.0,0.05,6,11,205.2,14.0,1098,1031,1294,0.0,0.0,10.0,6.0,39.0,1.8,0.4666666666666667,0.0,0.0,12.0,8.0,35.4,0.8,0.2777777777777778,-1.7,0.0,54.0,-530.0,16.0,12.0,441.0,0.0,-0.1875,-0.06666666666666667,0.0,0.05555555555555555,1.8600000000000008,0.0
426,202110030306,5,4,3,28,2,2,3,21,0,0,0,0,2,1,1,9,0,0,1,4,0,0,0,0,1,1,1,8,0,0,1,1,0,0,0,0,0.0,0.0,12.0,16.0,39.0,3.3,0.0625,0.0,0.0,13.0,11.0,36.0,0.9,0.5555555555555556,0.0,0.0,8.0,17.0,42.0,4.3,0.16666666666666666,0.5,-6.0,0.0,0.0,0.16666666666666666,1,2,95.2,12.0,1152,848,1428,0.0,0.0,10.0,4.0,34.6,0.5,0.07692307692307693,,,,,,,,-3.0,0.0,54.0,0.0,16.0,16.0,414.0,0.25,-0.05555555555555555,0.0,0.0,,0.7199999999999995,0.0
427,202110030309,1,3,1,5,5,2,5,58,0,0,0,1,0,0,0,1,1,0,1,17,0,0,0,1,0,0,0,0,1,0,0,5,0,0,0,0,0.0,0.0,4.0,4.0,,,,0.0,0.0,2.0,5.0,34.7,0.3,0.4666666666666667,0.0,0.0,3.0,6.0,35.1,0.5,0.6666666666666666,1.0,0.0,-600.0,0.35294117647058826,0.5294117647058824,4,4,4.1,2.0,1657,1428,1317,0.0,0.0,3.0,4.0,35.5,0.2,0.8235294117647058,0.0,0.0,5.0,6.0,34.9,0.6,0.8125,0.3,0.0,52.0,-883.0,13.0,8.0,466.0,,-0.13333333333333333,-0.06666666666666667,-0.6470588235294118,-0.125,-0.09999999999999858,0.0
428,202110030309,11,13,9,84,0,1,0,5,0,0,0,0,3,3,4,22,0,0,0,1,0,0,0,0,1,1,2,9,0,0,0,1,0,0,0,0,0.0,0.0,3.0,13.0,37.5,1.7,0.6923076923076923,0.0,0.0,1.0,9.0,35.9,1.3,0.2727272727272727,0.0,0.0,8.0,2.0,34.4,0.0,0.21428571428571427,-5.5,-8.0,0.0,0.0967741935483871,0.2903225806451613,7,11,4.7,3.0,1691,1110,1167,0.0,0.0,2.0,12.0,35.3,1.4,0.6923076923076923,0.0,0.0,7.0,15.0,36.1,1.7,0.5625,0.7,0.2,52.0,-764.0,13.0,13.0,492.0,-0.15384615384615385,0.0,0.0,-0.15384615384615385,-0.0625,0.33999999999999986,0.0
429,202110030309,7,4,6,52,7,4,7,49,2,0,2,1,1,1,1,7,2,1,2,10,1,0,0,0,0,0,1,1,1,0,0,1,0,0,0,0,0.0,0.0,6.0,9.0,37.3,1.4,0.8181818181818182,0.0,0.0,2.0,7.0,39.5,1.8,0.875,0.0,0.0,1.0,10.0,35.9,0.8,0.5625,0.5,-8.0,-200.0,0.09090909090909091,0.45454545454545453,4,5,37.7,8.0,1393,1294,1263,0.0,0.0,2.0,2.0,36.6,0.3,0.4375,0.0,0.0,6.0,3.0,35.1,0.2,0.8888888888888888,-1.7,0.4,57.0,-589.0,13.0,11.0,438.0,-0.09090909090909091,0.0,-0.3125,-0.3125,-0.6666666666666666,0.729999999999999,0.0
430,202110030309,21,21,21,102,1,0,1,1,1,0,1,1,9,7,7,29,0,0,0,0,0,0,0,0,3,4,1,9,0,0,0,0,0,0,0,0,0.0,0.0,11.0,8.0,35.9,1.3,0.7142857142857143,0.0,0.0,8.0,15.0,36.3,2.0,0.5625,0.0,0.0,11.0,5.0,36.9,1.4,0.7142857142857143,-1.5,6.0,-200.0,0.42857142857142855,0.7142857142857143,2,2,2.1,1.0,1428,1298,1263,0.0,0.0,12.0,14.0,34.6,1.1,0.5882352941176471,0.0,0.0,2.0,7.0,35.0,0.8,0.4166666666666667,-0.3,0.0,57.0,-1002.0,13.0,14.0,456.0,0.07142857142857142,0.3125,0.2857142857142857,-0.11764705882352941,0.0,0.3499999999999993,0.0
431,202110030309,0,1,0,12,4,0,1,32,0,0,0,1,0,0,0,4,1,0,0,8,0,0,0,1,0,0,0,1,0,0,0,2,0,0,0,0,0.0,0.0,8.0,10.0,36.7,2.4,0.09090909090909091,0.0,0.0,6.0,12.0,39.6,3.6,0.16666666666666666,0.0,0.0,2.0,16.0,38.0,2.9,0.0625,3.0,0.0,-400.0,0.08163265306122448,0.1836734693877551,5,6,25.2,7.0,1200,1618,324,0.0,0.0,2.0,5.0,37.8,2.3,0.42857142857142855,0.0,0.0,1.0,4.0,36.5,0.4,0.4375,-1.9,0.0,57.0,-847.0,13.0,11.0,526.0,0.09090909090909091,0.0,0.0,0.0,-0.25,0.220000000000001,0.0
432,202110030309,5,4,3,28,1,0,0,13,0,0,0,0,2,1,1,9,0,0,0,5,0,0,0,0,0,0,0,0,0,0,0,1,0,0,0,0,0.0,0.0,7.0,7.0,36.1,0.7,0.2857142857142857,0.0,0.0,15.0,12.0,35.7,0.7,0.13333333333333333,0.0,0.0,8.0,3.0,35.5,0.3,0.23076923076923078,-2.0,4.0,-200.0,0.05555555555555555,0.19444444444444445,3,3,20.1,5.0,1152,1039,1428,0.0,0.0,14.0,10.0,35.6,0.7,0.14285714285714285,0.0,0.0,15.0,13.0,36.9,1.0,0.3125,1.0,0.2,52.0,-917.0,13.0,14.0,460.0,0.14285714285714285,0.0,0.07692307692307693,0.0,0.1875,-0.1499999999999993,0.0
433,202110030309,11,13,9,84,0,1,0,8,0,0,0,0,3,3,4,22,0,0,0,3,0,0,0,0,1,1,2,9,0,0,0,0,0,0,0,0,0.0,0.0,13.0,7.0,35.6,1.5,0.9230769230769231,0.0,0.0,4.0,2.0,13.7,0.6,0.2727272727272727,0.0,0.0,3.0,1.0,13.7,0.0,0.3,-3.0,10.0,0.0,0.0,0.0,6,8,193.7,13.0,1691,1028,1167,0.0,0.0,6.0,8.0,36.1,2.1,0.9,0.0,0.0,4.0,13.0,41.9,2.9,0.26666666666666666,1.8,0.4,57.0,0.0,13.0,13.0,492.0,-0.07692307692307693,0.0,-0.1,0.0,0.6,-3.499999999999999,0.0
434,202110030309,6,4,3,33,10,5,7,57,2,2,1,4,1,1,1,8,2,0,2,15,0,0,1,1,0,0,0,0,0,0,0,5,0,0,0,0,0.0,0.0,,,,,,0.0,0.0,100.0,7.0,35.3,1.0,1.0,0.0,0.0,110.0,8.0,36.2,1.8,0.9230769230769231,1.0,,300.0,0.07692307692307693,0.1794871794871795,5,7,100.0,11.0,1098,1167,1294,0.0,0.0,80.0,8.0,39.1,2.6,0.6666666666666666,0.0,0.0,70.0,11.0,38.3,2.0,0.42857142857142855,1.2,0.0,54.0,-573.0,13.0,9.0,,,-0.36363636363636365,-0.3076923076923077,0.1111111111111111,0.2857142857142857,-1.19,0.0
435,202110030309,5,4,3,28,0,0,0,11,0,0,0,1,2,1,1,9,0,0,0,0,0,0,0,0,0,0,0,0,0,0,0,0,0,0,0,0,0.0,0.0,70.0,11.0,38.7,3.3,0.8461538461538461,0.0,0.0,100.0,15.0,40.5,3.8,0.26666666666666666,0.0,0.0,100.0,9.0,39.4,1.4,0.1875,-1.0,4.0,0.0,0.05,0.05,8,13,183.1,12.0,1152,1108,1428,0.0,0.0,70.0,7.0,39.2,2.1,0.625,0.0,0.0,60.0,9.0,39.0,2.8,0.8,-1.2,0.0,57.0,84.0,13.0,13.0,488.0,-0.38461538461538464,0.0,0.0625,0.25,0.1,0.07000000000000028,0.0
436,202110030309,0,2,3,6,0,1,2,18,0,0,0,1,0,0,1,2,0,0,0,2,0,0,0,0,0,0,0,0,0,0,0,0,0,0,0,0,0.0,0.0,,,,,,0.0,0.0,100.0,11.0,43.6,6.5,0.36363636363636365,0.0,0.0,130.0,12.0,40.2,2.8,0.6,1.0,,300.0,0.05263157894736842,0.15789473684210525,1,1,64.9,9.0,1677,1599,1167,0.0,0.0,140.0,8.0,38.6,1.9,0.7857142857142857,0.0,0.0,60.0,6.0,34.9,1.6,0.5714285714285714,-1.9,0.0,54.0,-663.0,13.0,11.0,,,0.45454545454545453,-0.06666666666666667,-0.14285714285714285,0.2857142857142857,2.770000000000001,0.0
437,202110030309,3,6,1,31,2,4,6,41,0,0,1,1,0,1,1,6,1,1,1,5,0,0,1,0,0,0,0,1,1,1,0,2,0,0,0,0,0.0,0.0,10.0,16.0,34.5,1.8,1.0,0.0,0.0,9.0,4.0,35.3,0.7,0.1875,0.0,0.0,6.0,11.0,34.4,0.8,0.8888888888888888,-2.5,-12.0,400.0,0.0967741935483871,0.2903225806451613,7,10,24.9,6.0,1317,1366,1186,0.0,0.0,12.0,8.0,34.6,0.4,0.3888888888888889,0.0,0.0,6.0,11.0,37.9,2.7,0.15384615384615385,-0.6,0.0,55.0,-329.0,13.0,16.0,458.0,0.0,0.125,-0.3888888888888889,-0.05555555555555555,0.0,-0.6100000000000001,0.0
438,202110030309,8,7,5,57,2,6,2,52,0,0,0,0,4,3,1,11,1,1,0,7,0,0,0,0,1,0,0,5,0,0,0,0,0,0,0,0,0.0,0.0,9.0,8.0,33.1,0.9,0.8888888888888888,0.0,0.0,13.0,13.0,34.3,1.1,1.0,0.0,0.0,12.0,11.0,33.8,1.6,1.0,1.5,2.0,0.0,0.13513513513513514,0.40540540540540543,8,12,7.5,4.0,1127,1235,1328,0.0,0.0,7.0,10.0,13.7,7.6,0.9166666666666666,0.0,0.0,9.0,13.0,13.6,4.2,0.7857142857142857,0.7,0.0,54.0,-1156.0,13.0,9.0,460.0,-0.2222222222222222,0.0,0.0,0.0,0.0,5.96,0.0
439,202110030309,0,1,0,9,1,0,1,15,0,0,0,1,0,1,0,1,0,0,1,0,0,0,0,0,0,0,0,0,0,0,0,0,0,0,0,0,0.0,0.0,1.0,9.0,51.0,7.5,0.3333333333333333,0.0,0.0,10.0,13.0,38.9,4.0,0.3076923076923077,0.0,0.0,11.0,7.0,36.9,1.3,0.36363636363636365,-1.0,17.0,400.0,0.0,0.05263157894736842,6,9,97.4,10.0,1333,1503,1294,0.0,0.0,8.0,6.0,35.5,0.3,0.875,0.0,0.0,3.0,13.0,35.7,1.4,0.8333333333333334,0.1,0.0,57.0,-336.0,13.0,9.0,483.0,0.2222222222222222,0.5384615384615384,-0.18181818181818182,0.0,-0.1111111111111111,3.3999999999999995,0.0
440,202110030402,0,0,1,11,0,1,0,8,0,0,0,1,0,0,0,3,0,0,0,3,0,0,0,0,0,0,0,2,0,0,0,0,0,0,0,0,0.0,0.0,40.0,5.0,36.4,0.8,0.5882352941176471,0.0,0.0,40.0,6.0,33.7,0.7,1.0,0.0,0.0,50.0,4.0,35.3,0.3,0.7222222222222222,-0.5,-2.0,0.0,0.35,0.55,3,5,6.6,4.0,1729,1028,1428,0.0,0.0,60.0,5.0,36.4,0.3,0.1111111111111111,0.0,0.0,60.0,7.0,36.0,1.0,0.8461538461538461,0.3,0.0,56.0,21.0,16.0,17.0,460.0,-0.17647058823529413,-0.05555555555555555,-0.2222222222222222,0.0,-0.07692307692307693,-0.18999999999999986,0.0
441,202110030402,21,21,21,102,0,0,0,0,0,0,0,0,9,7,7,29,0,0,0,0,0,0,0,0,1,1,2,11,0,0,0,0,0,0,0,0,0.0,0.0,2.0,7.0,35.8,0.7,0.3333333333333333,0.0,0.0,1.0,2.0,33.4,0.1,0.17647058823529413,0.0,0.0,1.0,2.0,34.9,0.7,0.25,-2.5,4.0,0.0,0.43478260869565216,0.6956521739130435,2,3,2.6,1.0,1428,982,1263,0.0,0.0,1.0,6.0,35.1,1.0,0.5333333333333333,0.0,0.0,2.0,2.0,34.0,0.3,0.6111111111111112,-0.6,0.6,54.0,-49.0,16.0,15.0,448.0,-0.06666666666666667,0.0,-0.125,0.06666666666666667,-0.1111111111111111,0.18999999999999914,0.0
442,202110030402,0,2,3,6,0,0,0,2,0,0,0,0,0,0,1,2,0,0,0,1,0,0,0,0,0,0,0,1,0,0,0,1,0,0,0,0,0.0,0.0,8.0,11.0,46.1,5.2,0.08333333333333333,0.0,0.0,3.0,8.0,40.0,2.1,0.25,0.0,0.0,7.0,5.0,35.7,0.6,0.2,-3.0,6.0,400.0,0.0,0.0,4,7,49.6,11.0,1677,1736,1167,0.0,0.0,4.0,8.0,35.5,0.6,0.3333333333333333,0.0,0.0,11.0,3.0,34.9,0.8,0.25,-1.6,0.2,54.0,-208.0,16.0,12.0,480.0,0.8333333333333334,0.0,-0.06666666666666667,-0.05555555555555555,0.0625,2.6900000000000004,0.0
443,202110030402,5,4,3,28,7,4,7,49,0,0,0,0,2,1,1,9,2,1,2,10,0,0,0,0,1,1,1,8,1,1,2,5,0,0,0,0,0.0,0.0,13.0,10.0,39.1,1.2,0.5,0.0,0.0,4.0,9.0,36.6,0.6,0.35714285714285715,0.0,0.0,7.0,4.0,33.7,0.4,0.17647058823529413,-3.0,5.0,100.0,0.0784313725490196,0.17647058823529413,6,12,12.0,5.0,1152,1294,1428,0.0,0.0,5.0,4.0,34.6,0.8,0.4375,0.0,0.0,12.0,3.0,36.2,0.6,0.5882352941176471,-1.9,0.2,56.0,-212.0,16.0,16.0,483.0,0.0,0.0,0.0,-0.0625,-0.17647058823529413,0.7799999999999997,0.0
444,202110030402,21,21,21,102,0,0,0,5,0,0,0,0,9,7,7,29,0,0,0,0,0,0,0,0,1,1,2,11,0,0,0,0,0,0,0,0,0.0,0.0,60.0,2.0,35.1,0.1,0.9411764705882353,0.0,0.0,90.0,7.0,35.0,1.4,0.8125,,,,,,,,5.0,-2.0,0.0,0.0625,0.1875,8,15,4.1,2.0,1428,1313,1263,,,,,,,,,,,,,,,5.0,0.5,56.0,21.0,16.0,17.0,466.0,-0.11764705882352941,0.0,,,,0.10000000000000142,0.0
445,202110030402,2,0,3,29,10,5,7,57,0,0,0,0,1,0,0,5,2,0,2,15,0,0,0,0,0,0,0,2,1,0,1,6,0,0,0,0,0.0,0.0,10.0,3.0,41.2,1.2,0.8,0.0,0.0,11.0,15.0,37.2,1.0,0.5,0.0,0.0,5.0,2.0,35.0,0.1,0.14285714285714285,-0.5,1.0,400.0,0.0,0.0,7,14,32.8,9.0,1645,1167,1366,0.0,0.0,9.0,6.0,35.3,1.2,0.375,0.0,0.0,14.0,4.0,36.4,0.8,0.5294117647058824,-0.7,0.4,56.0,-1102.0,16.0,10.0,473.0,-0.3,-0.16666666666666666,0.0,0.0,-0.11764705882352941,1.1500000000000015,0.0
446,202110030402,1,3,1,5,4,0,1,32,0,0,0,0,0,0,0,1,1,0,0,8,0,0,0,0,0,0,0,1,1,0,0,4,0,0,0,0,0.0,0.0,3.0,7.0,35.3,0.8,0.8888888888888888,0.0,0.0,4.0,5.0,37.1,0.3,0.8,0.0,0.0,3.0,9.0,36.9,0.7,0.9333333333333333,1.0,10.0,-200.0,0.125,0.4,5,10,6.2,3.0,1657,1618,1317,0.0,0.0,11.0,5.0,34.5,0.7,0.5882352941176471,0.0,0.0,2.0,1.0,35.0,0.0,0.8823529411764706,-1.2,0.2,54.0,-342.0,16.0,9.0,434.0,-0.3333333333333333,-0.4,-0.13333333333333333,0.11764705882352941,-0.35294117647058826,0.31999999999999956,0.0
447,202110030402,3,1,1,2,0,1,0,11,0,0,0,0,0,1,0,0,0,1,0,2,0,0,0,0,0,0,0,0,0,0,0,0,0,0,0,0,0.0,0.0,60.0,10.0,36.1,1.8,0.25,0.0,0.0,50.0,5.0,35.9,0.5,0.75,0.0,0.0,70.0,6.0,34.9,0.7,0.5333333333333333,-2.0,-6.0,200.0,0.0,0.07142857142857142,6,11,30.4,8.0,1629,1589,1428,0.0,0.0,80.0,3.0,34.9,0.2,0.8888888888888888,0.0,0.0,110.0,5.0,34.4,0.6,0.9090909090909091,-1.2,0.2,56.0,35.0,16.0,16.0,474.0,-0.0625,0.0,-0.2,-0.16666666666666666,-0.18181818181818182,0.44000000000000056,0.0
448,202110030402,7,4,6,52,4,0,2,14,0,0,0,0,1,1,1,7,2,0,1,6,0,0,0,0,1,0,0,2,0,0,0,1,0,0,0,0,0.0,0.0,5.0,3.0,39.8,0.6,0.2222222222222222,0.0,0.0,9.0,7.0,39.6,1.5,0.25,0.0,0.0,6.0,9.0,35.9,1.5,0.125,3.0,30.0,500.0,0.05128205128205128,0.20512820512820512,4,8,17.0,6.0,1393,1104,1263,0.0,0.0,3.0,8.0,40.7,3.5,0.7692307692307693,0.0,0.0,5.0,6.0,35.6,0.9,0.875,0.7,0.2,56.0,-553.0,16.0,9.0,498.0,0.0,0.0,0.0,-0.07692307692307693,-0.125,0.729999999999999,0.0
449,202110030402,0,3,0,10,0,1,1,7,0,0,0,0,0,1,0,2,0,0,0,1,0,0,0,0,0,1,0,2,0,0,0,1,0,0,0,0,0.0,0.0,14.0,10.0,34.8,1.5,0.6875,0.0,0.0,7.0,10.0,35.3,1.4,0.5333333333333333,0.0,0.0,11.0,6.0,35.7,1.1,0.9285714285714286,-2.0,-6.0,0.0,0.0,0.08333333333333333,7,13,160.5,14.0,1148,1574,1393,,,,,,,,,,,,,,,-2.0,0.0,54.0,0.0,16.0,16.0,420.0,-0.0625,0.2,0.0,,,-0.45000000000000284,0.0
450,202110030402,0,0,0,1,2,5,2,19,0,0,0,0,0,0,0,0,1,0,0,4,0,0,0,0,0,0,0,0,0,0,0,2,0,0,0,0,0.0,0.0,3.0,3.0,40.3,0.6,0.2,0.0,0.0,7.0,11.0,35.2,1.5,0.5625,0.0,0.0,6.0,7.0,39.4,2.9,0.7333333333333333,2.0,6.0,400.0,0.0,0.2857142857142857,2,4,28.9,7.0,1672,1482,1167,0.0,0.0,8.0,13.0,35.2,1.6,0.375,0.0,0.0,4.0,10.0,35.4,1.8,0.11764705882352941,1.6,0.2,56.0,-108.0,16.0,10.0,494.0,0.1,-0.0625,-0.2,0.0,0.0,0.9799999999999998,0.0
451,202110030402,1,1,0,3,0,0,0,2,0,0,0,0,0,0,0,1,0,0,0,0,0,0,0,0,0,0,0,0,0,0,0,0,0,0,0,0,0.0,0.0,40.0,7.0,35.8,1.6,0.6666666666666666,0.0,0.0,140.0,7.0,34.8,0.8,0.7222222222222222,,,,,,,,0.0,-6.0,400.0,0.047619047619047616,0.047619047619047616,5,9,36.1,10.0,1089,1404,1428,,,,,,,,,,,,,,,0.0,0.0,56.0,21.0,16.0,18.0,504.0,0.1111111111111111,-0.1111111111111111,,,,1.0,0.0
452,202110030402,21,21,21,102,7,6,1,71,0,0,0,3,9,7,7,29,1,2,1,10,0,0,0,1,1,1,2,11,1,2,1,2,0,0,0,0,0.0,0.0,12.0,13.0,35.8,2.4,0.5625,0.0,0.0,10.0,7.0,40.5,1.7,0.3333333333333333,0.0,0.0,6.0,7.0,43.5,4.5,0.25,-3.0,-6.0,0.0,0.1,0.3333333333333333,1,2,70.0,12.0,1428,1183,1263,0.0,0.0,4.0,8.0,39.0,2.2,1.0,0.0,0.0,3.0,4.0,40.0,1.3,1.0,-1.7,0.0,56.0,0.0,16.0,16.0,518.0,0.0625,-0.13333333333333333,0.25,-0.18181818181818182,-0.2222222222222222,-0.6900000000000006,0.0
453,202110030402,15,7,8,83,4,0,1,32,1,0,0,1,1,1,2,21,1,0,0,8,0,0,0,0,0,1,1,15,1,0,0,4,0,0,0,0,0.0,0.0,13.0,14.0,35.8,2.4,0.4375,0.0,0.0,12.0,9.0,36.9,1.3,0.2,0.0,0.0,13.0,15.0,38.0,4.0,0.8,0.5,-4.0,0.0,0.0,0.13636363636363635,1,1,83.4,13.0,1716,1618,1167,0.0,0.0,3.0,6.0,37.5,2.5,0.5,,,,,,,,-1.8,0.0,54.0,0.0,16.0,16.0,446.0,0.1875,0.0,0.2,0.375,,-0.620000000000001,0.0
454,202110030402,0,0,0,3,4,0,1,32,0,0,0,0,0,0,0,0,1,0,0,8,0,0,0,0,0,0,0,0,1,0,0,4,0,0,0,0,0.0,0.0,,,,,,0.0,0.0,160.0,15.0,35.4,3.2,1.0,0.0,0.0,140.0,13.0,40.4,3.6,0.8666666666666667,-2.0,2.0,400.0,0.0,0.047619047619047616,3,6,355.3,16.0,1509,1618,1110,0.0,0.0,110.0,13.0,42.7,8.7,1.0,,,,,,,,-1.0,0.0,56.0,-161.0,16.0,8.0,508.0,,0.0,-0.13333333333333333,0.0,,-3.650000000000002,0.0
455,202110030402,0,1,0,11,0,1,0,5,0,0,0,0,0,0,0,3,0,0,0,1,0,0,0,0,0,0,0,3,0,0,0,0,0,0,0,0,0.0,0.0,3.0,7.0,40.3,3.3,0.7777777777777778,0.0,0.0,15.0,16.0,36.8,3.3,0.75,0.0,0.0,9.0,14.0,40.8,4.3,0.6,3.5,14.0,500.0,0.0,0.0,8,16,330.3,15.0,1520,1110,695,0.0,0.0,8.0,7.0,40.8,2.3,0.09090909090909091,0.0,0.0,7.0,5.0,38.7,1.2,0.3,-1.3,0.0,53.0,-63.0,16.0,9.0,508.0,0.0,0.0625,0.13333333333333333,0.5454545454545454,0.2,-0.08000000000000114,0.0
456,202110030405,3,6,1,31,0,0,0,1,0,0,0,0,0,1,1,6,0,0,0,0,0,0,0,0,0,0,0,0,0,0,0,0,0,0,0,0,,,,,,,,,,,,,,,,,,,,,,,,,0.38095238095238093,0.5714285714285714,6,6,7.0,3.0,1317,617,1186,,,,,,,,,,,,,,,,,54.0,,8.0,,,,,,,,,
457,202110030405,6,4,7,72,7,7,8,94,2,1,1,17,2,1,1,26,1,0,5,26,1,0,0,7,0,0,0,2,0,0,0,3,0,0,0,0,,,,,,,,,,,,,,,,,,,,,,,,,0.4166666666666667,0.7083333333333334,5,5,1.5,1.0,1506,1263,199,,,,,,,,,,,,,,,,,54.0,,8.0,,,,,,,,,
458,202110030405,6,4,3,33,0,2,1,22,0,0,0,0,1,1,1,8,0,1,0,6,0,0,0,0,0,0,0,1,0,0,0,0,0,0,0,0,0.0,0.0,8.0,4.0,34.9,0.3,0.4166666666666667,0.0,0.0,4.0,8.0,36.7,1.4,0.8333333333333334,0.0,0.0,3.0,11.0,36.1,0.9,0.14285714285714285,3.5,-12.0,-200.0,0.058823529411764705,0.17647058823529413,2,2,4.0,2.0,1098,1362,1294,0.0,0.0,1.0,2.0,36.1,0.1,0.5,0.0,0.0,6.0,12.0,38.5,2.8,0.9444444444444444,1.0,0.2,54.0,-1127.0,8.0,12.0,508.0,0.0,0.0,0.0,-0.125,-0.1111111111111111,-0.6600000000000001,0.0
459,202110030405,0,1,0,9,0,0,0,0,0,0,0,0,0,1,0,1,0,0,0,0,0,0,0,0,0,0,0,0,0,0,0,0,0,0,0,0,0.0,0.0,7.0,7.0,40.5,1.8,0.8,0.0,0.0,9.0,9.0,39.1,2.0,0.8125,0.0,0.0,7.0,8.0,37.8,1.6,0.5,0.5,10.0,400.0,0.09090909090909091,0.2727272727272727,8,8,8.0,4.0,1333,1691,1294,0.0,0.0,7.0,10.0,41.5,2.7,0.2857142857142857,0.0,0.0,7.0,3.0,40.6,1.6,0.8888888888888888,-0.7,0.2,54.0,-644.0,8.0,10.0,516.0,-0.1,-0.125,0.0,0.07142857142857142,0.0,-0.2600000000000001,0.0
460,202110030405,1,1,1,27,4,8,8,33,0,0,0,1,1,1,0,11,2,1,0,5,0,0,0,1,0,0,0,0,0,0,0,2,0,0,0,0,0.0,0.0,6.0,12.0,43.3,2.9,0.14285714285714285,0.0,0.0,16.0,14.0,37.0,3.0,0.6875,0.0,0.0,11.0,10.0,37.8,2.5,0.75,-1.0,16.0,-200.0,0.07317073170731707,0.17073170731707318,7,7,52.2,6.0,1009,1345,298,0.0,0.0,12.0,14.0,35.5,1.4,0.6666666666666666,0.0,0.0,2.0,9.0,41.2,3.1,0.16666666666666666,-0.6,0.0,54.0,-1030.0,8.0,14.0,516.0,0.5714285714285714,0.1875,0.16666666666666666,0.0,0.25,0.5699999999999988,0.0
461,202110030405,0,0,0,0,0,0,0,1,0,0,0,0,0,0,0,0,0,0,0,0,0,0,0,0,0,0,0,0,0,0,0,0,0,0,0,0,0.0,0.0,150.0,15.0,40.8,4.3,0.2,0.0,0.0,12.0,15.0,44.1,6.2,0.13333333333333333,0.0,0.0,13.0,1.0,37.2,0.0,0.06666666666666667,-7.0,6.0,100.0,0.047619047619047616,0.14285714285714285,3,3,35.3,5.0,1045,1128,969,0.0,0.0,17.0,18.0,35.1,1.7,0.7222222222222222,0.0,0.0,10.0,7.0,37.6,1.4,0.18181818181818182,-1.3,0.2,53.0,-1225.0,8.0,15.0,490.0,0.8,0.2,0.0,0.05555555555555555,0.0,1.5399999999999991,0.0
462,202110030405,0,0,0,3,0,2,0,9,0,0,0,0,0,0,0,0,0,1,0,3,0,0,0,0,0,0,0,0,0,0,0,1,0,0,0,0,0.0,0.0,8.0,5.0,38.3,1.9,1.0,0.0,0.0,7.0,7.0,35.9,1.8,1.0,,,,,,,,2.0,16.0,100.0,0.08196721311475409,0.22950819672131148,4,4,60.3,7.0,1020,1221,1576,,,,,,,,,,,,,,,2.0,0.0,54.0,-55.0,8.0,16.0,472.0,-0.375,-0.25,,,,2.3999999999999986,0.0
463,202110030405,0,0,1,11,0,1,0,11,0,0,0,0,0,0,0,3,0,1,0,2,0,0,0,0,0,0,0,0,0,0,0,0,0,0,0,0,0.0,0.0,10.0,9.0,37.2,1.6,0.9090909090909091,0.0,0.0,14.0,14.0,40.2,4.7,1.0,0.0,0.0,11.0,11.0,39.8,4.7,0.6363636363636364,1.0,27.0,500.0,0.0,0.5,1,1,140.8,8.0,1729,1589,1428,0.0,0.0,8.0,8.0,37.1,3.0,0.625,,,,,,,,-0.6,0.0,51.0,-797.0,8.0,11.0,457.0,0.0,0.0,0.0,0.125,,0.07000000000000099,0.0
464,202110030410,6,4,3,33,2,5,2,19,0,0,0,0,1,1,1,8,1,0,0,4,0,0,0,0,0,0,0,0,0,0,0,0,0,0,0,0,0.0,0.0,10.0,14.0,,,,0.0,0.0,12.0,12.0,35.3,0.7,0.875,0.0,0.0,5.0,7.0,34.5,0.4,0.75,-3.5,,400.0,0.4090909090909091,0.6818181818181818,7,7,2.7,2.0,1098,1482,1294,0.0,0.0,4.0,4.0,34.2,0.3,0.25,0.0,0.0,11.0,10.0,34.9,0.9,0.2222222222222222,-1.6,0.0,52.0,-797.0,8.0,14.0,,,-0.0625,0.0,0.0,-0.05555555555555555,0.1499999999999993,0.0
465,202110030410,1,1,0,4,0,2,1,22,0,0,0,0,1,0,0,1,0,1,0,6,0,0,0,0,0,0,0,0,0,0,0,1,0,0,0,0,0.0,0.0,16.0,18.0,43.9,9.7,0.9444444444444444,0.0,0.0,8.0,9.0,38.8,4.4,0.6666666666666666,0.0,0.0,7.0,11.0,34.3,2.0,0.9090909090909091,-3.5,-2.0,-200.0,0.3684210526315789,0.5263157894736842,3,3,2.1,1.0,1463,1362,1167,0.0,0.0,4.0,10.0,34.5,1.2,0.8666666666666667,0.0,0.0,6.0,3.0,34.3,0.2,0.9090909090909091,-2.9,0.2,54.0,-1106.0,8.0,18.0,450.0,0.05555555555555555,0.3333333333333333,0.09090909090909091,0.06666666666666667,0.09090909090909091,2.35,0.0
466,202110030410,13,6,7,86,1,0,0,0,1,0,0,0,4,1,0,24,1,0,0,0,1,0,0,0,0,0,0,1,0,0,0,0,0,0,0,0,0.0,0.0,16.0,18.0,36.9,3.1,0.8888888888888888,0.0,0.0,9.0,7.0,34.2,1.5,1.0,0.0,0.0,11.0,15.0,34.6,2.1,1.0,-1.5,2.0,0.0,0.1282051282051282,0.38461538461538464,4,4,4.8,3.0,1503,377,1263,0.0,0.0,11.0,10.0,34.5,0.6,0.9375,0.0,0.0,4.0,4.0,37.5,0.2,0.7777777777777778,-2.5,0.0,57.0,-1204.0,8.0,18.0,438.0,0.0,0.0,0.0,0.0,-0.2222222222222222,-0.15,0.0
467,202110030410,13,6,7,86,0,0,2,5,0,0,0,1,4,1,0,24,0,0,1,2,0,0,0,0,0,0,0,1,0,0,0,1,0,0,0,0,0.0,0.0,12.0,13.0,34.2,1.5,0.8461538461538461,0.0,0.0,9.0,7.0,35.0,0.6,1.0,0.0,0.0,10.0,9.0,34.5,0.9,0.8,-2.0,4.0,200.0,0.13953488372093023,0.23255813953488372,5,5,32.5,7.0,1503,1525,1263,0.0,0.0,9.0,9.0,35.2,1.0,0.7272727272727273,0.0,0.0,6.0,8.0,34.9,1.8,0.625,-0.8,0.0,55.0,-454.0,8.0,13.0,482.0,0.0,0.0,0.0,0.0,0.0,-0.15999999999999942,0.0
468,202110030410,1,0,1,19,2,5,2,19,0,0,0,0,0,0,1,6,1,0,0,4,0,0,0,0,0,0,0,2,0,0,0,0,0,0,0,0,0.0,0.0,110.0,7.0,34.1,1.5,0.9090909090909091,0.0,0.0,100.0,12.0,35.1,1.2,0.7692307692307693,0.0,0.0,100.0,9.0,34.6,0.4,0.9090909090909091,1.0,10.0,0.0,0.075,0.175,2,2,31.1,6.0,1453,1482,1428,0.0,0.0,110.0,6.0,34.3,0.6,0.8333333333333334,0.0,0.0,130.0,7.0,34.3,0.6,0.7058823529411765,-0.6,0.0,57.0,-1007.0,8.0,11.0,502.0,0.0,-0.15384615384615385,0.0,0.0,0.23529411764705882,0.04000000000000128,0.0
469,202110030410,0,1,0,0,1,2,1,0,0,1,0,0,0,1,0,0,0,1,0,0,0,1,0,0,0,1,0,0,0,1,0,0,0,1,0,0,0.0,0.0,20.0,,,,0.2,0.0,0.0,50.0,6.0,35.3,0.6,0.125,0.0,0.0,60.0,7.0,35.9,0.5,0.375,1.0,-17.0,400.0,0.09375,0.28125,8,8,20.7,5.0,1088,1092,1558,0.0,0.0,30.0,8.0,36.7,1.4,0.25,0.0,0.0,30.0,2.0,35.8,0.2,0.18181818181818182,-1.1,0.25,57.0,-570.0,8.0,10.0,467.0,0.0,0.0,0.0,0.0,0.0,-0.23000000000000043,0.0
470,202110030410,21,21,21,102,0,0,0,1,0,0,0,0,9,7,7,29,0,0,0,0,0,0,0,0,2,0,0,2,0,0,0,0,0,0,0,0,0.0,0.0,10.0,8.0,37.5,1.9,0.5625,0.0,0.0,11.0,10.0,40.0,2.7,0.5,0.0,0.0,7.0,7.0,37.0,1.0,0.42857142857142855,-0.5,-2.0,400.0,0.08333333333333333,0.23333333333333334,6,6,11.4,4.0,1428,115,1263,0.0,0.0,6.0,7.0,38.4,1.3,0.13333333333333333,0.0,0.0,9.0,4.0,38.2,0.4,0.125,-1.1,0.0,55.0,-552.0,8.0,16.0,424.0,0.0,0.0625,-0.07142857142857142,-0.06666666666666667,0.0625,0.019999999999999574,0.0
471,202110030410,7,4,6,52,6,6,4,55,0,0,0,3,1,1,1,7,4,2,0,10,0,0,0,0,0,0,0,1,0,0,0,1,0,0,0,0,0.0,0.0,3.0,13.0,41.7,2.9,0.7857142857142857,0.0,0.0,14.0,14.0,41.8,4.0,0.35714285714285715,0.0,0.0,8.0,10.0,38.2,2.5,0.1,-1.5,-16.0,200.0,0.05263157894736842,0.21052631578947367,1,1,73.3,8.0,1393,1558,1263,0.0,0.0,10.0,9.0,41.3,3.1,0.09090909090909091,0.0,0.0,9.0,13.0,39.8,2.3,0.1875,-0.5,0.0,57.0,-240.0,8.0,14.0,468.0,0.0,0.5,0.5,0.0,0.0,0.43000000000000116,0.0
472,202110030505,6,4,3,33,0,0,1,9,0,0,0,0,1,1,1,8,0,0,0,2,0,0,0,0,0,0,0,1,0,0,0,0,0,0,0,0,0.0,0.0,8.0,8.0,38.8,2.6,0.8888888888888888,0.0,0.0,16.0,12.0,34.0,1.0,0.8823529411764706,0.0,0.0,7.0,9.0,39.5,2.8,0.45454545454545453,0.5,8.0,400.0,0.4090909090909091,0.5909090909090909,7,7,2.1,1.0,1098,1685,1294,0.0,0.0,9.0,9.0,41.5,4.3,0.42857142857142855,0.0,0.0,12.0,15.0,37.4,2.4,0.125,1.1,0.0,54.0,-1106.0,8.0,9.0,506.0,0.1111111111111111,-0.058823529411764705,0.18181818181818182,-0.21428571428571427,0.0625,-0.4700000000000003,0.0
473,202110030505,7,4,3,27,4,8,8,33,1,2,0,3,3,1,3,7,2,1,0,5,1,0,0,0,0,0,0,0,0,0,0,2,0,0,0,0,0.0,0.0,4.0,6.0,40.9,1.5,0.42857142857142855,0.0,0.0,3.0,8.0,36.6,0.6,0.6,0.0,0.0,6.0,9.0,36.4,0.9,0.9285714285714286,1.5,15.0,400.0,0.07936507936507936,0.23809523809523808,1,1,13.1,5.0,1167,1345,460,0.0,0.0,8.0,8.0,36.6,0.7,0.6875,0.0,0.0,5.0,11.0,39.9,2.4,0.9333333333333333,1.0,0.0,54.0,-501.0,8.0,7.0,471.0,0.14285714285714285,0.26666666666666666,-0.07142857142857142,-0.25,0.0,0.2,0.0
474,202110030505,0,0,0,1,1,0,0,4,0,0,0,0,0,0,0,0,0,0,0,0,0,0,0,0,0,0,0,0,0,0,0,0,0,0,0,0,0.0,0.0,4.0,3.0,36.6,0.2,0.75,,,,,,,,,,,,,,,,,0.0,0.14285714285714285,0.5,6,6,7.0,4.0,1672,1034,1167,,,,,,,,,,,,,,,,1.0,54.0,0.0,8.0,8.0,450.0,-0.25,,,,,,
475,202110030505,4,4,2,47,0,0,1,3,0,0,0,0,0,1,0,15,0,0,1,1,0,0,0,0,0,0,0,1,0,0,1,0,0,0,0,0,0.0,0.0,8.0,9.0,40.0,1.9,0.75,0.0,0.0,9.0,8.0,38.9,1.2,0.625,0.0,0.0,8.0,13.0,40.8,3.2,0.06666666666666667,2.0,14.0,100.0,0.08823529411764706,0.29411764705882354,2,2,4.7,3.0,1304,607,1503,0.0,0.0,13.0,8.0,36.2,1.3,0.05555555555555555,0.0,0.0,9.0,11.0,35.7,1.9,0.4666666666666667,0.4,0.0,54.0,-406.0,8.0,16.0,530.0,-0.5,-0.1875,0.06666666666666667,0.0,0.0,1.129999999999999,0.0
476,202110030505,0,0,0,0,0,0,0,0,0,0,0,0,0,0,0,0,0,0,0,0,0,0,0,0,0,0,0,0,0,0,0,0,0,0,0,0,0.0,0.0,5.0,8.0,40.2,1.7,0.14285714285714285,0.0,0.0,3.0,6.0,39.2,0.9,0.15384615384615385,0.0,0.0,6.0,3.0,38.4,0.4,0.2857142857142857,-2.5,-2.0,100.0,0.4,0.72,5,5,4.2,2.0,1154,899,1561,0.0,0.0,4.0,14.0,43.7,3.8,0.06666666666666667,0.0,0.0,6.0,12.0,37.7,2.4,0.25,1.6,0.2,54.0,-392.0,8.0,14.0,488.0,0.0,0.07692307692307693,-0.07142857142857142,0.26666666666666666,0.5833333333333334,0.05,0.0
477,202110030505,0,0,1,4,7,7,8,94,0,0,0,1,0,0,0,2,1,0,5,26,0,0,0,0,0,0,0,0,0,0,0,3,0,0,0,0,0.0,0.0,9.0,11.0,42.2,2.5,0.36363636363636365,0.0,0.0,14.0,15.0,36.4,2.1,0.5,0.0,0.0,14.0,12.0,36.7,2.3,0.1875,0.5,24.0,400.0,0.1388888888888889,0.4166666666666667,4,4,37.7,6.0,1507,1263,593,0.0,0.0,6.0,,,,0.4,0.0,0.0,9.0,10.0,36.9,1.7,0.2727272727272727,-0.6,0.0,54.0,-973.0,8.0,11.0,466.0,0.36363636363636365,0.0,0.3125,0.5,0.18181818181818182,1.560000000000001,0.0
478,202110030505,0,1,0,5,0,2,1,10,0,0,0,0,0,0,0,3,0,0,0,3,0,0,0,0,0,0,0,0,0,0,0,0,0,0,0,0,0.0,0.0,30.0,4.0,40.7,0.2,0.3,0.0,0.0,110.0,15.0,41.1,2.7,0.1875,0.0,0.0,110.0,9.0,38.8,2.9,0.4375,2.5,10.0,400.0,0.07547169811320754,0.16981132075471697,8,8,42.6,7.0,1447,1393,1721,0.0,0.0,50.0,9.0,39.1,1.9,0.4666666666666667,0.0,0.0,100.0,7.0,39.1,0.9,0.0625,0.0,0.0,54.0,-515.0,8.0,10.0,514.0,0.1,0.125,0.125,0.0,0.0,0.5200000000000002,0.0
479,202110030505,11,13,9,84,4,8,8,33,1,2,1,2,3,3,4,22,2,1,0,5,0,0,0,0,0,0,0,2,0,0,0,2,0,0,0,0,0.0,0.0,80.0,60.0,41.4,1.2,0.4,0.0,0.0,130.0,100.0,35.8,1.8,0.4666666666666667,0.0,0.0,90.0,130.0,38.2,2.4,0.25,35.0,7.0,400.0,0.04878048780487805,0.21951219512195122,3,3,60.0,8.0,1691,1345,1167,0.0,0.0,100.0,50.0,36.9,1.3,0.07692307692307693,0.0,0.0,150.0,110.0,37.0,2.1,0.6875,5.0,0.0,54.0,-606.0,8.0,10.0,465.0,0.0,0.2,0.0,0.0,-0.0625,0.7699999999999996,0.0
480,202110030511,1,1,2,14,8,4,5,73,0,1,0,0,0,0,0,2,3,1,2,22,0,0,0,0,0,0,0,0,0,0,0,0,0,0,0,0,0.0,0.0,13.0,4.0,36.8,0.4,0.6,0.0,0.0,12.0,14.0,36.8,2.5,0.1875,0.0,0.0,11.0,10.0,36.8,2.2,0.8666666666666667,3.0,-6.0,0.0,0.11428571428571428,0.4,7,8,3.0,1.0,1583,1013,118,0.0,0.0,9.0,14.0,34.9,0.9,0.5,0.0,0.0,6.0,2.0,34.2,0.0,0.7142857142857143,-0.4,0.2,57.0,-658.0,10.0,15.0,494.0,-0.2,-0.0625,-0.6666666666666666,0.125,0.0,0.7099999999999987,0.0
481,202110030511,5,4,3,28,6,6,4,55,0,0,0,0,2,1,1,9,4,2,0,10,0,0,0,0,0,0,0,0,0,0,0,0,0,0,0,0,0.0,0.0,13.0,16.0,49.6,13.9,0.125,0.0,0.0,10.0,15.0,42.4,4.8,0.0625,0.0,0.0,7.0,9.0,37.0,1.4,0.1111111111111111,-3.5,-14.0,0.0,0.05,0.2,6,6,8.2,5.0,1152,1558,1428,0.0,0.0,5.0,2.0,35.1,0.0,0.1,0.0,0.0,6.0,15.0,37.3,1.7,0.4444444444444444,-1.5,0.2,57.0,-1065.0,10.0,16.0,494.0,0.875,0.0625,0.0,0.0,-0.05555555555555555,3.1900000000000004,0.0
482,202110030511,21,21,21,102,0,0,0,0,0,0,0,0,9,7,7,29,0,0,0,0,0,0,0,0,0,0,0,0,0,0,0,0,0,0,0,0,0.0,0.0,50.0,3.0,37.4,0.7,0.42857142857142855,0.0,0.0,140.0,10.0,34.2,0.9,0.875,0.0,0.0,100.0,7.0,34.1,0.8,1.0,2.0,3.0,400.0,0.08064516129032258,0.22580645161290322,8,9,20.5,8.0,1428,59,1263,0.0,0.0,140.0,13.0,33.8,1.0,1.0,0.0,0.0,140.0,15.0,37.6,3.1,0.26666666666666666,2.7,0.2,57.0,-1101.0,10.0,7.0,485.0,0.0,0.0,-0.1,-0.26666666666666666,0.6666666666666666,0.0,0.0
483,202110030511,5,4,3,28,1,0,0,0,1,0,0,0,2,1,1,9,0,0,0,0,0,0,0,0,0,0,0,0,0,0,0,0,0,0,0,0,0.0,0.0,12.0,13.0,35.4,2.1,1.0,0.0,0.0,7.0,6.0,35.4,0.7,0.5625,0.0,0.0,13.0,8.0,36.8,0.9,0.6875,-2.5,6.0,-200.0,0.0,0.26666666666666666,5,5,7.0,4.0,1152,864,1428,0.0,0.0,11.0,8.0,34.6,0.4,0.7857142857142857,0.0,0.0,8.0,1.0,35.2,0.0,0.5625,-2.2,0.2,55.0,-546.0,10.0,15.0,454.0,-0.3333333333333333,0.0,-0.0625,-0.07142857142857142,0.1875,0.11999999999999886,0.0
484,202110030511,1,0,0,11,0,0,0,4,0,0,0,0,0,0,0,2,0,0,0,0,0,0,0,0,0,0,0,0,0,0,0,0,0,0,0,0,0.0,0.0,12.0,11.0,35.0,1.0,0.07692307692307693,0.0,0.0,11.0,9.0,35.3,0.7,0.07142857142857142,0.0,0.0,16.0,16.0,40.1,3.0,0.375,2.5,0.0,200.0,0.045454545454545456,0.13636363636363635,8,10,10.4,7.0,1221,1649,1263,0.0,0.0,15.0,15.0,36.7,1.6,0.2,0.0,0.0,11.0,10.0,36.4,1.7,0.23076923076923078,0.4,0.0,57.0,-666.0,10.0,13.0,492.0,0.0,0.0,-0.0625,0.0,0.0,-0.42000000000000026,0.0
485,202110030511,0,0,0,3,2,4,6,41,0,0,0,2,0,0,0,1,1,1,1,5,0,0,0,1,0,0,0,0,0,0,0,0,0,0,0,0,0.0,0.0,6.0,5.0,39.8,0.6,0.75,0.0,0.0,16.0,16.0,36.5,2.0,0.25,0.0,0.0,9.0,9.0,35.9,2.1,0.2222222222222222,2.0,1.0,500.0,0.09090909090909091,0.30303030303030304,1,1,8.9,6.0,1430,1366,1013,0.0,0.0,13.0,5.0,35.0,0.5,0.07692307692307693,0.0,0.0,8.0,10.0,35.2,1.6,0.6,-0.1,0.0,57.0,-962.0,10.0,8.0,455.0,0.0,0.0625,0.0,0.0,0.1,1.069999999999999,0.0
486,202110030511,21,21,21,102,6,6,4,55,1,2,1,6,9,7,7,29,4,2,0,10,1,0,0,0,0,0,0,0,0,0,0,0,0,0,0,0,0.0,0.0,15.0,15.0,34.3,0.8,0.3333333333333333,0.0,0.0,9.0,3.0,33.9,0.1,0.3333333333333333,0.0,0.0,6.0,3.0,34.0,0.1,0.6875,-6.0,-10.0,600.0,0.15384615384615385,0.5384615384615384,7,7,28.5,9.0,1428,1558,1263,0.0,0.0,8.0,7.0,33.3,0.5,0.4,0.0,0.0,3.0,7.0,35.3,0.5,0.25,-1.2,0.4,57.0,-1149.0,10.0,18.0,464.0,0.0,-0.05555555555555555,-0.0625,0.0,-0.0625,-0.13999999999999985,0.0
487,202110030511,13,6,7,86,0,0,1,1,0,0,1,0,4,1,0,24,0,0,0,0,0,0,0,0,0,0,0,0,0,0,0,0,0,0,0,0,0.0,0.0,2.0,8.0,35.1,0.7,0.7,0.0,0.0,5.0,4.0,35.9,0.5,0.5,0.0,0.0,9.0,4.0,33.7,0.2,0.3888888888888889,-2.0,-2.0,0.0,0.07692307692307693,0.17307692307692307,2,2,5.0,2.0,1503,416,1263,0.0,0.0,6.0,4.0,32.5,0.2,0.5833333333333334,0.0,0.0,6.0,3.0,35.4,0.1,0.42857142857142855,-1.0,0.2,57.0,0.0,10.0,10.0,506.0,0.2,0.1111111111111111,-0.1111111111111111,-0.08333333333333333,-0.14285714285714285,0.2800000000000004,0.0
488,202110030511,11,13,9,84,2,5,2,19,0,1,0,1,3,3,4,22,1,0,0,4,0,0,0,0,0,0,0,0,0,0,0,0,0,0,0,0,0.0,0.0,16.0,15.0,39.6,2.5,0.3125,0.0,0.0,13.0,14.0,37.0,1.7,0.7333333333333333,0.0,0.0,11.0,11.0,37.0,4.0,1.0,-2.0,-10.0,100.0,0.0,0.0,4,4,71.3,10.0,1691,1482,1167,0.0,0.0,10.0,11.0,39.1,3.9,0.2727272727272727,0.0,0.0,16.0,16.0,35.4,1.7,0.7777777777777778,-0.1,0.0,57.0,-350.0,10.0,16.0,488.0,0.5,0.0,0.0,0.09090909090909091,0.16666666666666666,0.6300000000000004,0.0
489,202110030511,7,4,6,52,1,0,0,8,0,0,0,1,1,1,1,7,0,0,0,2,0,0,0,1,0,0,0,0,0,0,0,0,0,0,0,0,0.0,0.0,5.0,7.0,35.8,1.4,0.2,0.0,0.0,6.0,8.0,34.3,0.9,0.36363636363636365,0.0,0.0,11.0,10.0,35.1,0.6,0.05555555555555555,1.5,0.0,-200.0,0.0967741935483871,0.3225806451612903,3,3,6.3,3.0,1393,577,1263,0.0,0.0,9.0,16.0,37.4,1.8,0.375,0.0,0.0,11.0,10.0,35.7,0.9,0.6875,1.4,0.0,55.0,-427.0,10.0,10.0,514.0,0.0,0.2727272727272727,0.0,-0.0625,0.125,-0.29000000000000126,0.0
490,202110030602,0,0,0,0,10,5,7,57,0,0,0,0,0,0,0,0,2,0,2,15,0,0,0,0,0,0,0,0,1,0,1,6,0,0,0,0,0.0,0.0,20.0,3.0,34.7,0.5,0.42857142857142855,,,,,,,,,,,,,,,,,200.0,0.4166666666666667,0.625,6,7,2.1,1.0,1154,1167,1561,,,,,,,,,,,,,,,,1.0,54.0,28.0,11.0,7.0,498.0,0.0,,,,,,
491,202110030602,5,4,3,28,3,0,0,6,0,0,0,0,2,1,1,9,1,0,0,0,0,0,0,0,1,1,1,8,1,0,0,0,0,0,0,0,0.0,0.0,50.0,2.0,35.8,0.1,0.09090909090909091,,,,,,,,,,,,,,,,,0.0,0.047619047619047616,0.21428571428571427,3,3,3.0,2.0,1152,178,1428,,,,,,,,,,,,,,,,1.0,54.0,21.0,11.0,11.0,476.0,0.09090909090909091,,,,,,
492,202110030602,8,7,5,57,0,0,0,0,0,0,0,0,4,3,1,11,0,0,0,0,0,0,0,0,3,2,1,4,0,0,0,0,0,0,0,0,0.0,0.0,3.0,8.0,35.9,0.9,0.2727272727272727,0.0,0.0,1.0,4.0,35.1,1.0,0.2857142857142857,0.0,0.0,1.0,2.0,34.0,0.1,0.46153846153846156,-3.0,0.0,-200.0,0.11904761904761904,0.38095238095238093,1,1,27.5,5.0,1127,91,1328,0.0,0.0,5.0,2.0,34.0,0.0,0.3,0.0,0.0,6.0,2.0,33.7,0.4,0.2727272727272727,-1.4,0.6,54.0,-1162.0,11.0,11.0,488.0,-0.09090909090909091,0.0,-0.07692307692307693,0.1,0.0,0.5499999999999993,0.0
493,202110030602,0,0,0,0,0,0,2,9,0,0,0,0,0,0,0,0,0,0,1,3,0,0,0,0,0,0,0,0,0,0,0,2,0,0,0,0,0.0,0.0,150.0,12.0,39.6,2.2,0.4375,0.0,0.0,4.0,5.0,13.4,4.3,1.0,0.0,0.0,8.0,8.0,38.5,2.1,0.8125,-2.0,4.0,-100.0,0.08571428571428572,0.2857142857142857,7,8,4.3,3.0,464,882,257,0.0,0.0,10.0,9.0,36.2,2.1,0.6666666666666666,0.0,0.0,9.0,9.0,36.2,1.0,0.6666666666666666,-0.2,0.0,54.0,-1217.0,11.0,16.0,488.0,0.125,-0.1,-0.125,0.0,0.3333333333333333,-1.6000000000000008,0.0
494,202110030602,7,4,6,52,0,1,2,18,0,0,0,0,1,1,1,7,0,0,0,2,0,0,0,0,1,0,0,2,0,0,0,0,0,0,0,0,0.0,0.0,40.0,4.0,36.0,0.6,0.3,0.0,0.0,20.0,3.0,35.8,0.3,0.38461538461538464,,,,,,,,-1.0,8.0,200.0,0.06976744186046512,0.16279069767441862,2,2,10.8,4.0,1393,1599,1263,,,,,,,,,,,,,,,-1.0,0.5,54.0,22.0,11.0,10.0,444.0,0.0,0.0,,,,0.20000000000000284,0.0
495,202110030602,1,3,1,5,1,0,0,7,0,0,0,0,0,0,0,1,0,0,0,4,0,0,0,0,0,0,0,1,0,0,0,1,0,0,0,0,0.0,0.0,5.0,5.0,39.5,0.6,0.0625,0.0,0.0,9.0,4.0,38.9,0.9,0.0625,0.0,0.0,7.0,10.0,37.3,1.5,0.0625,2.5,-4.0,400.0,0.07692307692307693,0.24615384615384617,4,4,59.6,6.0,1657,1301,1317,0.0,0.0,7.0,7.0,37.1,1.0,0.0625,0.0,0.0,7.0,9.0,40.1,1.8,0.5833333333333334,1.1,0.0,54.0,-266.0,11.0,16.0,496.0,0.0,0.0,0.0,0.0625,0.16666666666666666,0.05999999999999943,0.0
496,202110030602,1,3,1,5,6,6,4,55,0,0,0,0,0,0,0,1,4,2,0,10,0,0,0,0,0,0,0,1,2,1,0,2,0,0,0,0,0.0,0.0,5.0,4.0,38.7,1.4,1.0,0.0,0.0,9.0,11.0,40.2,3.1,0.5384615384615384,0.0,0.0,11.0,12.0,38.4,1.9,0.3125,4.0,6.0,600.0,0.0,0.045454545454545456,5,5,121.8,7.0,1657,1558,1317,0.0,0.0,12.0,9.0,39.6,0.7,0.6153846153846154,0.0,0.0,7.0,13.0,38.7,2.6,0.75,1.6,0.0,54.0,-1096.0,11.0,7.0,478.0,-0.14285714285714285,0.07692307692307693,0.25,0.07692307692307693,0.0,0.060000000000000143,0.0
497,202110030602,0,0,0,1,0,1,0,5,0,0,0,0,0,0,0,1,0,0,0,0,0,0,0,0,0,0,0,0,0,0,0,0,0,0,0,0,0.0,0.0,8.0,8.0,36.9,1.9,0.45454545454545453,0.0,0.0,7.0,10.0,35.0,1.7,0.8333333333333334,,,,,,,,2.0,2.0,0.0,0.045454545454545456,0.045454545454545456,8,11,178.3,8.0,891,707,324,,,,,,,,,,,,,,,2.0,0.0,54.0,0.0,11.0,11.0,426.0,0.18181818181818182,0.0,,,,1.8999999999999986,0.0
498,202110030602,1,1,0,3,1,0,1,5,0,0,0,0,0,0,0,1,0,0,0,0,0,0,0,0,0,0,0,0,0,0,0,0,0,0,0,0,0.0,0.0,9.0,9.0,45.0,7.6,0.7777777777777778,0.0,0.0,9.0,9.0,42.4,6.8,1.0,0.0,0.0,13.0,15.0,42.5,5.5,0.4375,3.0,4.0,0.0,0.043478260869565216,0.13043478260869565,8,10,200.3,9.0,1089,1654,1428,0.0,0.0,9.0,9.0,36.9,2.0,0.8181818181818182,0.0,0.0,8.0,6.0,36.0,2.2,0.625,-0.6,0.0,53.0,-139.0,11.0,9.0,450.0,0.2222222222222222,-0.1,0.3125,-0.18181818181818182,0.25,2.35,0.0
499,202110030602,0,0,1,11,0,0,0,1,0,0,0,0,0,0,0,3,0,0,0,0,0,0,0,0,0,0,0,2,0,0,0,0,0,0,0,0,0.0,0.0,4.0,11.0,42.9,5.4,1.0,0.0,0.0,14.0,12.0,37.1,3.2,0.9375,0.0,0.0,12.0,9.0,39.7,2.4,1.0,-1.0,2.0,400.0,0.14285714285714285,0.2857142857142857,7,9,241.2,10.0,1729,1199,1428,0.0,0.0,11.0,11.0,40.2,3.1,0.8666666666666667,0.0,0.0,10.0,8.0,40.0,4.4,0.8,-0.7,0.0,54.0,-1104.0,11.0,11.0,446.0,0.0,-0.125,-0.08333333333333333,-0.06666666666666667,0.2,0.2699999999999996,0.0
500,202110030602,0,0,1,11,0,1,0,11,0,0,0,0,0,0,0,3,0,1,0,2,0,0,0,0,0,0,0,2,0,0,0,0,0,0,0,0,0.0,0.0,10.0,9.0,37.2,1.6,0.9090909090909091,0.0,0.0,14.0,14.0,40.2,4.7,1.0,0.0,0.0,11.0,11.0,39.8,4.7,0.6363636363636364,1.0,27.0,500.0,0.0,0.3333333333333333,6,6,316.9,11.0,1729,1589,1428,0.0,0.0,8.0,8.0,37.1,3.0,0.625,,,,,,,,-0.6,0.0,51.0,-790.0,11.0,11.0,457.0,0.0,0.0,0.0,0.125,,0.07000000000000099,0.0
501,202110030611,8,7,5,57,0,1,0,3,0,1,0,0,4,3,1,11,0,1,0,0,0,1,0,0,0,0,0,1,0,0,0,0,0,0,0,0,0.0,0.0,3.0,2.0,35.5,0.2,0.5625,0.0,0.0,5.0,2.0,34.3,0.0,0.1111111111111111,0.0,0.0,3.0,8.0,34.1,0.5,0.5882352941176471,3.0,0.0,200.0,0.38461538461538464,0.6923076923076923,3,3,4.4,1.0,1127,248,1328,0.0,0.0,1.0,1.0,34.3,0.0,0.3333333333333333,0.0,0.0,3.0,4.0,35.4,0.4,0.375,0.29999999999999993,0.6,54.0,-153.0,12.0,16.0,474.0,-0.1875,0.0,0.0,-0.16666666666666666,-0.25,0.020000000000000285,0.0
502,202110030611,13,6,7,86,2,0,4,15,0,0,0,0,4,1,0,24,0,0,2,1,0,0,0,0,1,0,0,2,0,0,1,0,0,0,0,0,0.0,0.0,15.0,8.0,33.3,0.8,0.5625,0.0,0.0,11.0,7.0,37.3,1.2,0.9285714285714286,0.0,0.0,18.0,16.0,34.0,1.3,0.7777777777777778,4.0,0.0,200.0,0.43478260869565216,0.6086956521739131,6,8,9.5,6.0,1503,1708,1263,0.0,0.0,16.0,9.0,34.2,0.7,0.875,0.0,0.0,6.0,7.0,34.3,0.8,0.9333333333333333,0.0,0.0,56.0,-1148.0,12.0,16.0,490.0,0.125,-0.2857142857142857,0.0,0.0625,-0.06666666666666667,0.10999999999999943,0.0
503,202110030611,6,4,3,33,10,5,7,57,2,2,1,4,1,1,1,8,2,0,2,15,0,0,1,1,0,0,0,0,1,0,1,1,0,0,0,0,0.0,0.0,8.0,12.0,35.8,1.5,0.8125,0.0,0.0,4.0,8.0,34.9,1.1,0.875,0.0,0.0,9.0,3.0,36.1,0.4,0.8235294117647058,-4.5,-2.0,-200.0,,,8,11,7.8,5.0,1098,1167,1294,0.0,0.0,2.0,3.0,33.7,0.1,0.7647058823529411,0.0,0.0,5.0,3.0,33.5,0.1,0.8333333333333334,-2.3,0.6,52.0,-336.0,12.0,16.0,450.0,-0.1875,0.0,-0.11764705882352941,0.0,0.0,0.579999999999999,0.0
504,202110030611,2,3,0,19,4,0,1,32,1,0,0,0,1,0,0,3,1,0,0,8,1,0,0,0,0,0,0,0,0,0,0,1,0,0,0,0,0.0,0.0,6.0,3.0,34.2,0.3,0.5,0.0,0.0,8.0,3.0,33.5,0.1,0.36363636363636365,0.0,0.0,5.0,7.0,34.4,0.5,0.9285714285714286,2.0,0.0,200.0,0.3333333333333333,0.6666666666666666,1,1,15.1,8.0,1169,1618,460,0.0,0.0,6.0,11.0,34.4,0.6,1.0,0.0,0.0,4.0,8.0,33.8,0.5,0.375,1.8,0.4,52.0,-881.0,12.0,16.0,474.0,-0.3125,0.0,0.07142857142857142,-0.06666666666666667,0.0625,-0.009999999999998722,0.0
505,202110030611,0,0,0,0,0,0,0,1,0,0,0,0,0,0,0,0,0,0,0,0,0,0,0,0,0,0,0,0,0,0,0,0,0,0,0,0,0.0,0.0,12.0,5.0,33.7,0.7,0.7222222222222222,0.0,0.0,5.0,6.0,33.3,0.3,1.0,0.0,0.0,10.0,6.0,34.0,0.2,0.6470588235294118,0.5,4.0,600.0,0.07407407407407407,0.16666666666666666,5,5,4.7,3.0,673,760,248,0.0,0.0,11.0,3.0,33.5,0.2,0.9444444444444444,0.0,0.0,3.0,12.0,34.0,0.8,0.17647058823529413,1.1,0.2,54.0,-980.0,12.0,18.0,496.0,0.0,0.0,0.058823529411764705,-0.2222222222222222,0.0,-0.07999999999999971,0.0
506,202110030611,7,4,3,27,6,8,5,64,1,1,1,0,3,1,3,7,1,4,3,15,1,1,1,0,0,1,0,0,0,1,0,0,0,1,0,0,0.0,0.0,20.0,5.0,37.4,0.3,0.35714285714285715,0.0,0.0,10.0,2.0,34.6,0.0,0.3125,0.0,0.0,20.0,1.0,33.5,0.0,0.3333333333333333,-2.0,4.0,-200.0,0.13513513513513514,0.40540540540540543,7,9,4.6,2.0,1167,1405,460,0.0,0.0,10.0,2.0,34.2,0.1,0.3888888888888889,0.0,0.0,40.0,2.0,34.7,0.2,0.3333333333333333,-0.6000000000000001,0.8,57.0,70.0,12.0,14.0,472.0,0.0,0.0,0.05555555555555555,0.0,0.25,0.579999999999999,0.0
507,202110030611,0,0,0,5,10,5,7,57,0,0,0,2,0,0,0,0,2,0,2,15,0,0,0,0,0,0,0,0,1,0,1,1,0,0,0,0,0.0,0.0,15.0,15.0,35.9,1.5,0.2222222222222222,0.0,0.0,15.0,14.0,34.9,1.9,1.0,0.0,0.0,15.0,15.0,35.6,1.5,0.75,0.0,0.0,200.0,0.09090909090909091,0.18181818181818182,5,6,33.7,9.0,1505,1167,201,0.0,0.0,13.0,11.0,34.9,0.9,0.875,0.0,0.0,9.0,7.0,34.4,0.5,0.6666666666666666,-1.9,0.0,55.0,-252.0,12.0,18.0,550.0,-0.05555555555555555,-0.11764705882352941,0.0625,-0.125,0.0,0.3,0.0
508,202110030611,11,13,9,84,4,8,8,33,1,2,1,2,3,3,4,22,2,1,0,5,0,0,0,0,0,0,0,1,0,1,0,1,0,0,0,0,0.0,0.0,15.0,11.0,35.4,1.4,0.2,0.0,0.0,6.0,16.0,36.2,1.7,0.4375,0.0,0.0,10.0,13.0,38.5,1.8,0.1875,1.0,-10.0,200.0,0.08695652173913043,0.391304347826087,7,10,5.9,4.0,1691,1345,1167,0.0,0.0,4.0,8.0,35.5,0.8,0.08333333333333333,0.0,0.0,14.0,4.0,33.8,0.8,0.2777777777777778,-2.2,0.0,55.0,-203.0,12.0,15.0,496.0,0.0,0.0,0.0,0.0,-0.05555555555555555,0.39000000000000057,0.0
509,202110030611,1,2,3,27,0,1,0,5,0,0,0,3,0,1,0,5,0,0,0,2,0,0,0,2,0,0,0,3,0,0,0,2,0,0,0,2,0.0,0.0,1.0,2.0,13.1,0.2,0.16666666666666666,0.0,0.0,1.0,2.0,13.2,0.0,0.36363636363636365,0.0,0.0,2.0,2.0,13.3,0.1,0.16666666666666666,0.0,0.0,-1060.0,0.07142857142857142,0.16666666666666666,6,7,117.4,12.0,1618,1208,1263,0.0,0.0,15.0,16.0,35.2,1.8,0.5,0.0,0.0,12.0,9.0,35.3,0.9,0.16666666666666666,2.8,0.6,54.0,-181.0,12.0,12.0,452.0,0.0,-0.2727272727272727,0.0,-0.0625,0.16666666666666666,-6.639999999999999,0.0
510,202110030611,21,21,21,102,2,0,4,15,1,0,1,1,9,7,7,29,0,0,2,1,0,0,1,0,2,1,2,3,0,0,1,0,0,0,1,0,0.0,0.0,13.0,10.0,34.6,1.3,0.8461538461538461,0.0,0.0,18.0,16.0,34.8,1.1,0.8333333333333334,0.0,0.0,11.0,18.0,34.9,1.6,0.6111111111111112,4.0,4.0,200.0,0.13333333333333333,0.5333333333333333,2,2,14.0,7.0,1428,1708,1263,0.0,0.0,11.0,16.0,43.2,6.2,0.25,0.0,0.0,3.0,13.0,36.2,0.9,0.1875,0.6,0.0,56.0,-538.0,12.0,13.0,482.0,0.0,-0.05555555555555555,-0.05555555555555555,0.3125,0.0,-1.1600000000000008,0.0
511,202110030611,3,0,4,35,4,0,2,14,0,0,0,0,1,0,2,7,2,0,1,6,0,0,0,0,0,0,0,0,0,0,1,0,0,0,0,0,0.0,0.0,18.0,12.0,34.7,0.5,0.5,0.0,0.0,14.0,13.0,33.9,1.1,1.0,0.0,0.0,11.0,11.0,34.6,1.2,0.9166666666666666,-0.5,-2.0,400.0,0.078125,0.25,8,12,89.2,11.0,1431,1104,1428,0.0,0.0,11.0,12.0,33.8,0.7,1.0,0.0,0.0,13.0,7.0,34.7,0.6,0.4666666666666667,-1.1,0.0,52.0,-119.0,12.0,18.0,456.0,0.0,0.0,0.0,0.0,0.0,0.010000000000000142,0.0
512,202110030611,1,3,0,11,0,0,0,16,0,0,0,2,0,0,0,3,0,0,0,4,0,0,0,0,0,0,0,0,0,0,0,0,0,0,0,0,0.0,0.0,2.0,,,,,0.0,0.0,1.0,5.0,13.1,0.3,0.38461538461538464,0.0,0.0,1.0,2.0,13.5,0.1,0.2,-3.0,-2.0,-1060.0,0.12195121951219512,0.3902439024390244,4,4,78.8,10.0,1465,1036,1328,0.0,0.0,5.0,1.0,13.7,0.0,0.35714285714285715,0.0,0.0,8.0,8.0,34.4,1.0,0.7,0.8,0.5,54.0,-391.0,12.0,8.0,486.0,,-0.23076923076923078,0.0,-0.21428571428571427,-0.1,-6.409999999999999,0.0
513,202110040112,0,0,0,0,0,0,0,0,0,0,0,0,0,0,0,0,0,0,0,0,0,0,0,0,0,0,0,0,0,0,0,0,0,0,0,0,0.0,0.0,15.0,9.0,35.5,0.5,0.06666666666666667,0.0,0.0,7.0,15.0,39.2,2.7,0.25,0.0,0.0,9.0,15.0,37.4,1.7,0.25,3.0,-4.0,0.0,0.08333333333333333,0.2777777777777778,3,4,1.9,1.0,1657,1362,1317,0.0,0.0,3.0,7.0,37.0,0.6,0.06666666666666667,0.0,0.0,4.0,8.0,36.3,0.6,0.125,-1.0,0.0,52.0,-616.0,14.0,15.0,448.0,0.0,0.0,-0.125,0.0,0.0,0.06000000000000085,0.0
514,202110040112,0,0,0,0,0,0,0,0,0,0,0,0,0,0,0,0,0,0,0,0,0,0,0,0,0,0,0,0,0,0,0,0,0,0,0,0,0.0,0.0,4.0,7.0,41.2,2.4,0.6666666666666666,0.0,0.0,10.0,9.0,38.8,2.0,0.8181818181818182,0.0,0.0,12.0,14.0,40.4,3.6,0.5625,3.5,8.0,200.0,0.0,0.0,4,5,53.8,11.0,1642,1482,1124,0.0,0.0,14.0,7.0,39.0,1.1,0.4666666666666667,0.0,0.0,9.0,8.0,38.2,1.4,0.6,0.0,0.0,54.0,-1157.0,14.0,9.0,500.0,0.0,0.0,-0.1875,0.06666666666666667,-0.2,0.5799999999999997,0.0
515,202110040112,0,0,0,0,0,0,0,0,0,0,0,0,0,0,0,0,0,0,0,0,0,0,0,0,0,0,0,0,0,0,0,0,0,0,0,0,0.0,0.0,6.0,5.0,37.4,1.3,0.75,0.0,0.0,7.0,7.0,38.3,2.9,0.8571428571428571,0.0,0.0,11.0,7.0,38.1,2.0,1.0,1.0,-17.0,600.0,0.08823529411764706,0.2647058823529412,6,10,10.4,4.0,1393,107,1263,0.0,0.0,11.0,11.0,35.4,1.3,1.0,0.0,0.0,8.0,9.0,36.6,2.7,0.8,1.2,0.0,54.0,-1163.0,14.0,12.0,465.0,-0.16666666666666666,0.14285714285714285,-0.3333333333333333,-0.09090909090909091,0.0,0.4499999999999993,0.0
516,202110040112,0,0,0,0,0,0,0,0,0,0,0,0,0,0,0,0,0,0,0,0,0,0,0,0,0,0,0,0,0,0,0,0,0,0,0,0,0.0,0.0,11.0,9.0,39.5,1.9,0.9090909090909091,0.0,0.0,6.0,8.0,38.7,2.4,0.8181818181818182,0.0,0.0,10.0,7.0,38.0,1.9,0.8333333333333334,-1.0,4.0,-100.0,0.0,0.06666666666666667,7,12,51.7,10.0,1503,1341,1263,0.0,0.0,9.0,7.0,36.9,0.8,0.5454545454545454,0.0,0.0,7.0,5.0,40.4,1.5,0.6363636363636364,-0.9,0.0,57.0,-1170.0,14.0,11.0,476.0,0.0,0.09090909090909091,-0.25,-0.09090909090909091,-0.2727272727272727,7.105427357601002e-16,0.0
517,202110040112,0,0,0,0,0,0,0,0,0,0,0,0,0,0,0,0,0,0,0,0,0,0,0,0,0,0,0,0,0,0,0,0,0,0,0,0,0.0,0.0,15.0,16.0,38.4,4.7,0.125,0.0,0.0,14.0,17.0,37.7,2.0,0.1111111111111111,0.0,0.0,7.0,13.0,36.8,3.9,0.6923076923076923,-1.5,-2.0,200.0,0.041666666666666664,0.125,5,7,21.4,7.0,1426,1428,306,0.0,0.0,7.0,3.0,36.2,0.2,0.0625,0.0,0.0,5.0,4.0,34.0,0.3,0.1,-3.8,0.2,51.0,-1169.0,14.0,16.0,472.0,0.0,0.0,0.0,0.0,0.0,1.0299999999999998,0.0
518,202110040112,0,0,0,0,0,0,0,0,0,0,0,0,0,0,0,0,0,0,0,0,0,0,0,0,0,0,0,0,0,0,0,0,0,0,0,0,0.0,0.0,13.0,7.0,36.3,0.8,0.2777777777777778,0.0,0.0,8.0,9.0,41.1,2.6,0.09090909090909091,0.0,0.0,10.0,7.0,38.5,1.5,0.9230769230769231,0.0,14.0,-400.0,0.0,0.0,1,1,19.5,6.0,1304,1167,1503,0.0,0.0,6.0,6.0,38.2,0.7,0.7142857142857143,0.0,0.0,10.0,11.0,38.4,1.4,0.06666666666666667,0.5,0.0,51.0,-113.0,14.0,18.0,486.0,0.0,0.6363636363636364,0.0,0.14285714285714285,0.06666666666666667,-0.13000000000000042,0.0
519,202110040112,0,0,0,0,0,0,0,0,0,0,0,0,0,0,0,0,0,0,0,0,0,0,0,0,0,0,0,0,0,0,0,0,0,0,0,0,0.0,0.0,10.0,2.0,37.4,0.3,0.5555555555555556,0.0,0.0,50.0,3.0,33.3,0.0,0.42857142857142855,0.0,0.0,20.0,1.0,36.1,0.0,0.6875,-0.5,0.0,0.0,0.13157894736842105,0.39473684210526316,6,9,4.0,2.0,1507,1428,593,0.0,0.0,50.0,3.0,34.4,0.2,0.6666666666666666,,,,,,,,0.1,1.0,54.0,84.0,14.0,9.0,464.0,0.0,0.0,-0.5625,0.0,,0.6199999999999996,0.0
520,202110040112,0,0,0,0,0,0,0,0,0,0,0,0,0,0,0,0,0,0,0,0,0,0,0,0,0,0,0,0,0,0,0,0,0,0,0,0,0.0,0.0,6.0,10.0,38.9,3.4,0.8181818181818182,0.0,0.0,5.0,5.0,38.0,1.0,0.4,0.0,0.0,6.0,14.0,40.0,2.0,0.4,2.0,2.0,-800.0,0.125,0.3125,8,14,8.6,3.0,1428,792,1263,0.0,0.0,2.0,11.0,40.4,1.6,0.2,0.0,0.0,3.0,3.0,39.6,0.8,0.13333333333333333,-0.8,0.2,54.0,-364.0,14.0,11.0,500.0,0.18181818181818182,-0.2,0.3333333333333333,0.06666666666666667,-0.06666666666666667,-0.38000000000000045,0.0
521,202110040112,0,0,0,0,0,0,0,0,0,0,0,0,0,0,0,0,0,0,0,0,0,0,0,0,0,0,0,0,0,0,0,0,0,0,0,0,0.0,0.0,150.0,10.0,35.8,0.8,0.7333333333333333,0.0,0.0,110.0,8.0,34.5,1.5,0.8181818181818182,0.0,0.0,140.0,8.0,35.8,1.3,0.9285714285714286,-1.0,-8.0,-200.0,0.125,0.25,4,6,165.5,13.0,1453,68,1428,0.0,0.0,100.0,14.0,35.7,1.6,0.75,0.0,0.0,110.0,5.0,36.1,0.8,0.6666666666666666,-0.4,0.0,55.0,-448.0,14.0,15.0,432.0,0.0,-0.09090909090909091,-0.21428571428571427,0.0625,-0.08333333333333333,-0.18000000000000113,0.0
522,202110040112,0,0,0,0,0,0,0,0,0,0,0,0,0,0,0,0,0,0,0,0,0,0,0,0,0,0,0,0,0,0,0,0,0,0,0,0,0.0,0.0,14.0,10.0,35.3,1.2,0.29411764705882354,0.0,0.0,9.0,12.0,36.5,0.5,0.2777777777777778,0.0,0.0,10.0,6.0,35.7,0.6,0.35714285714285715,-2.0,6.0,200.0,0.0,0.0,5,8,42.8,9.0,1152,484,1428,0.0,0.0,10.0,7.0,39.1,2.5,0.45454545454545453,0.0,0.0,15.0,13.0,35.8,0.7,0.6111111111111112,0.1,0.0,55.0,-568.0,14.0,17.0,460.0,0.058823529411764705,0.0,0.0,0.0,-0.05555555555555555,-0.36000000000000015,0.0
523,202110040112,0,0,0,0,0,0,0,0,0,0,0,0,0,0,0,0,0,0,0,0,0,0,0,0,0,0,0,0,0,0,0,0,0,0,0,0,0.0,0.0,30.0,2.0,39.0,0.2,0.5,0.0,0.0,110.0,13.0,38.5,1.6,0.3333333333333333,0.0,0.0,140.0,10.0,36.9,0.6,0.6875,4.0,10.0,570.0,0.0,0.14285714285714285,3,3,109.6,12.0,1571,1393,1108,0.0,0.0,50.0,14.0,36.9,1.0,0.8,0.0,0.0,70.0,7.0,37.6,0.4,0.25,1.1,0.2,57.0,-1076.0,14.0,6.0,466.0,0.0,0.0,0.0,0.0,0.0,0.43999999999999984,0.0
524,202110040112,0,0,0,0,0,0,0,0,0,0,0,0,0,0,0,0,0,0,0,0,0,0,0,0,0,0,0,0,0,0,0,0,0,0,0,0,0.0,0.0,70.0,12.0,39.2,1.9,0.9375,0.0,0.0,30.0,12.0,38.0,1.7,0.375,0.0,0.0,40.0,4.0,38.0,1.1,0.4444444444444444,-4.0,14.0,100.0,0.11627906976744186,0.3953488372093023,7,11,27.7,8.0,1152,613,1428,0.0,0.0,30.0,4.0,37.4,0.5,0.1,0.0,0.0,50.0,13.0,38.1,2.3,0.07142857142857142,-0.6,0.0,57.0,27.0,14.0,16.0,470.0,0.0,0.0,-0.1111111111111111,0.0,0.5714285714285714,0.2800000000000004,0.0
525,202110040112,0,0,0,0,0,0,0,0,0,0,0,0,0,0,0,0,0,0,0,0,0,0,0,0,0,0,0,0,0,0,0,0,0,0,0,0,0.0,0.0,14.0,11.0,39.6,1.6,0.4375,0.0,0.0,9.0,1.0,37.6,0.0,0.6428571428571429,0.0,0.0,10.0,10.0,40.4,2.3,0.5,-0.5,2.0,0.0,0.0,0.06666666666666667,8,13,179.6,14.0,1137,1405,556,0.0,0.0,11.0,8.0,37.6,1.9,0.7857142857142857,0.0,0.0,3.0,3.0,37.0,1.8,0.75,-0.9,0.4,57.0,-414.0,14.0,16.0,512.0,0.1875,0.14285714285714285,0.3333333333333333,0.14285714285714285,0.125,0.5200000000000002,0.0
526,202110040112,0,0,0,0,0,0,0,0,0,0,0,0,0,0,0,0,0,0,0,0,0,0,0,0,0,0,0,0,0,0,0,0,0,0,0,0,0.0,0.0,5.0,,,,0.21428571428571427,0.0,0.0,9.0,7.0,34.6,0.5,0.16666666666666666,0.0,0.0,18.0,15.0,35.1,1.3,0.5,8.0,6.0,0.0,,,2,2,17.3,5.0,1677,1189,1167,0.0,0.0,2.0,10.0,35.3,1.5,0.2,0.0,0.0,5.0,1.0,35.3,0.0,0.15384615384615385,-2.3,0.25,52.0,0.0,14.0,14.0,436.0,0.14285714285714285,0.0,-0.05555555555555555,0.0,0.0,-0.2299999999999983,0.0
527,202110040205,0,0,0,0,0,0,2,12,0,0,0,0,0,0,0,0,0,0,0,3,0,0,0,0,0,0,0,0,0,0,0,0,0,0,0,0,,,,,,,,,,,,,,,,,,,,,,,,,0.0,0.2,5,9,31.4,8.0,1154,1559,1561,,,,,,,,,,,,,,,,,54.0,,16.0,,,,,,,,,
528,202110040205,0,0,0,0,0,0,0,0,0,0,0,0,0,0,0,0,0,0,0,0,0,0,0,0,0,0,0,0,0,0,0,0,0,0,0,0,0.0,0.0,4.0,2.0,34.8,0.1,0.125,,,,,,,,,,,,,,,,,0.0,0.07575757575757576,0.24242424242424243,4,8,14.0,4.0,1289,1337,1428,,,,,,,,,,,,,,,,1.0,54.0,0.0,16.0,16.0,496.0,-0.0625,,,,,,
529,202110040205,3,2,2,18,0,0,0,0,0,0,0,0,0,1,0,4,0,0,0,0,0,0,0,0,0,0,0,0,0,0,0,0,0,0,0,0,0.0,0.0,40.0,70.0,42.5,2.5,0.6923076923076923,0.0,0.0,40.0,60.0,39.0,1.3,0.6428571428571429,0.0,0.0,40.0,120.0,35.7,2.0,0.625,25.0,4.0,200.0,0.4074074074074074,0.7037037037037037,6,11,1.8,1.0,1503,497,1263,0.0,0.0,20.0,30.0,35.0,0.1,0.3333333333333333,0.0,0.0,10.0,60.0,36.2,1.5,0.375,-5.0,0.0,54.0,-985.0,16.0,13.0,486.0,0.15384615384615385,-0.21428571428571427,-0.25,-0.13333333333333333,-0.125,1.6599999999999995,0.0
530,202110040205,0,0,0,4,0,0,2,16,0,0,0,0,0,0,0,2,0,0,1,2,0,0,0,0,0,0,0,0,0,0,0,1,0,0,0,0,0.0,0.0,5.0,5.0,41.2,2.0,0.6428571428571429,0.0,0.0,9.0,8.0,39.5,2.5,0.9285714285714286,0.0,0.0,7.0,5.0,39.4,1.2,0.2857142857142857,0.0,38.0,300.0,0.06818181818181818,0.1590909090909091,2,3,27.5,6.0,1333,1167,1294,0.0,0.0,7.0,4.0,39.3,0.6,0.35714285714285715,0.0,0.0,12.0,4.0,39.8,0.7,0.07142857142857142,-0.6,0.0,54.0,-814.0,16.0,14.0,454.0,-0.21428571428571427,-0.07142857142857142,-0.14285714285714285,0.07142857142857142,0.0,0.30000000000000143,0.0
531,202110040205,3,2,2,18,0,0,1,2,0,0,0,0,0,1,0,4,0,0,0,1,0,0,0,0,0,0,0,0,0,0,0,0,0,0,0,0,0.0,0.0,2.0,7.0,39.8,1.1,0.08333333333333333,0.0,0.0,5.0,5.0,13.8,4.1,0.8,0.0,0.0,8.0,9.0,13.9,4.7,0.7,1.0,-1.0,-200.0,0.04,0.12,7,13,60.3,9.0,1503,324,1263,0.0,0.0,9.0,6.0,34.7,0.7,0.3333333333333333,0.0,0.0,17.0,17.0,36.9,2.6,0.23529411764705882,2.1,0.0,53.0,-1129.0,16.0,12.0,503.0,0.16666666666666666,0.2,0.2,-0.1111111111111111,0.0,-1.510000000000001,0.0
532,202110040205,0,0,0,3,0,0,0,1,0,0,0,0,0,0,0,0,0,0,0,0,0,0,0,0,0,0,0,0,0,0,0,0,0,0,0,0,0.0,0.0,20.0,2.0,38.6,0.7,1.0,0.0,0.0,30.0,3.0,33.4,0.3,1.0,0.0,0.0,40.0,4.0,34.7,0.8,0.75,1.0,19.0,200.0,0.0,0.25,3,5,213.5,14.0,1306,1571,1445,0.0,0.0,50.0,3.0,34.3,0.6,0.8888888888888888,0.0,0.0,100.0,6.0,35.2,0.5,0.9090909090909091,0.8,0.6,54.0,-935.0,16.0,10.0,493.0,-0.4,-0.2857142857142857,-0.25,-0.5555555555555556,0.0,0.5899999999999999,0.0
533,202110040205,0,1,1,12,2,0,1,24,0,0,0,0,0,1,1,2,0,0,0,4,0,0,0,0,0,0,0,0,0,0,0,0,0,0,0,0,0.0,0.0,14.0,13.0,37.1,3.0,0.8571428571428571,0.0,0.0,13.0,14.0,37.2,3.0,0.21428571428571427,0.0,0.0,10.0,9.0,36.1,0.9,0.16666666666666666,-2.0,-12.0,0.0,0.10810810810810811,0.2972972972972973,4,7,5.8,3.0,1167,1556,460,0.0,0.0,10.0,13.0,40.7,2.4,0.6428571428571429,0.0,0.0,8.0,8.0,39.4,1.5,0.6153846153846154,-1.1,0.0,54.0,-1106.0,16.0,14.0,494.0,0.14285714285714285,0.42857142857142855,0.0,0.0,0.07692307692307693,-0.8099999999999994,0.0
534,202110040205,0,0,0,5,0,0,0,13,0,0,0,0,0,0,0,0,0,0,0,3,0,0,0,0,0,0,0,0,0,0,0,1,0,0,0,0,0.0,0.0,10.0,10.0,41.8,3.6,0.8,0.0,0.0,17.0,17.0,38.2,2.3,0.05555555555555555,0.0,0.0,16.0,16.0,40.7,3.6,0.9375,3.0,11.0,400.0,0.05555555555555555,0.2222222222222222,2,4,141.7,12.0,1455,1345,1428,0.0,0.0,12.0,10.0,39.1,2.7,0.6875,0.0,0.0,11.0,9.0,37.3,1.4,0.7857142857142857,-0.9,0.0,54.0,-437.0,16.0,10.0,437.0,0.2,0.16666666666666666,0.0625,0.125,-0.14285714285714285,0.8100000000000002,0.0
535,202110040205,2,3,0,5,0,0,0,5,0,0,0,0,1,0,0,3,0,0,0,1,0,0,0,0,0,0,0,0,0,0,0,0,0,0,0,0,0.0,0.0,20.0,10.0,42.8,3.9,0.5833333333333334,0.0,0.0,20.0,6.0,38.4,1.0,1.0,0.0,0.0,40.0,2.0,39.0,0.8,0.21428571428571427,-4.0,13.0,200.0,0.0,0.0,8,16,25.7,5.0,1152,1721,1428,0.0,0.0,40.0,5.0,40.6,3.0,0.75,0.0,0.0,20.0,8.0,39.8,2.3,0.6,-0.5,0.2,54.0,-1048.0,16.0,12.0,511.0,0.16666666666666666,-0.21428571428571427,0.0,-0.25,0.4,0.3799999999999997,0.0
536,202110040205,0,0,0,0,0,0,0,1,0,0,0,0,0,0,0,0,0,0,0,0,0,0,0,0,0,0,0,0,0,0,0,0,0,0,0,0,0.0,0.0,2.0,4.0,40.2,0.6,0.25,0.0,0.0,8.0,7.0,36.0,1.4,0.8888888888888888,0.0,0.0,7.0,10.0,36.6,2.3,0.3125,3.0,4.0,400.0,0.1282051282051282,0.38461538461538464,5,10,29.2,7.0,1289,1654,1428,,,,,,,,,,,,,,,3.0,0.0,54.0,-817.0,16.0,8.0,466.0,0.125,-0.1111111111111111,0.3125,,,1.8000000000000007,0.0
537,202110040205,0,0,0,0,0,0,0,0,0,0,0,0,0,0,0,0,0,0,0,0,0,0,0,0,0,0,0,0,0,0,0,0,0,0,0,0,0.0,0.0,6.0,2.0,37.9,0.3,0.4,0.0,0.0,15.0,16.0,39.7,4.0,0.6875,0.0,0.0,6.0,9.0,42.5,6.0,0.7777777777777778,3.5,22.0,800.0,0.0,0.25,1,1,259.6,16.0,1089,1379,1428,0.0,0.0,16.0,11.0,36.4,2.5,0.75,,,,,,,,2.0,0.25,51.0,-444.0,16.0,10.0,414.0,-0.2,-0.0625,0.1111111111111111,-0.125,,0.1700000000000003,0.0
538,202110040205,0,0,0,0,2,0,0,6,0,0,0,0,0,0,0,0,0,0,0,0,0,0,0,0,0,0,0,0,0,0,0,0,0,0,0,0,,,,,,,,,,,,,,,,,,,,,,,,,0.0,0.0625,1,2,69.9,10.0,1020,1503,1576,,,,,,,,,,,,,,,,,54.0,,16.0,,,,,,,,,
539,202110040205,2,3,3,14,0,0,0,1,0,0,0,1,0,0,0,3,0,0,0,0,0,0,0,0,0,0,0,1,0,0,0,0,0,0,0,0,0.0,0.0,8.0,8.0,39.0,2.9,0.6666666666666666,0.0,0.0,9.0,8.0,35.1,1.2,0.7272727272727273,0.0,0.0,1.0,7.0,44.4,2.6,0.75,-0.5,6.0,-100.0,0.11764705882352941,0.29411764705882354,6,12,5.2,2.0,1428,294,1263,0.0,0.0,9.0,9.0,38.9,1.6,1.0,0.0,0.0,10.0,14.0,35.1,2.1,1.0,1.3,0.0,54.0,-1141.0,16.0,9.0,492.0,0.2222222222222222,0.0,-0.08333333333333333,-0.18181818181818182,0.0,0.4,0.0
540,202110040205,0,1,1,12,1,3,3,19,0,0,0,0,0,1,1,2,1,2,2,7,0,0,0,0,0,0,0,0,0,1,0,2,0,0,0,0,0.0,0.0,8.0,10.0,36.5,1.8,0.46153846153846156,0.0,0.0,8.0,7.0,38.9,1.4,0.1875,0.0,0.0,5.0,8.0,39.4,1.3,0.4666666666666667,-1.0,6.0,800.0,0.07272727272727272,0.16363636363636364,7,14,107.2,11.0,1167,1013,460,0.0,0.0,10.0,3.0,38.2,0.6,0.0625,0.0,0.0,6.0,12.0,38.9,3.0,0.5625,0.0,0.2,54.0,-363.0,16.0,13.0,408.0,0.0,0.0,-0.06666666666666667,0.0,-0.125,-0.41000000000000014,0.0
541,202110040205,0,0,0,0,0,0,2,16,0,0,0,0,0,0,0,0,0,0,1,2,0,0,0,0,0,0,0,0,0,0,0,1,0,0,0,0,0.0,0.0,8.0,8.0,14.9,17.3,0.9,0.0,0.0,12.0,14.0,41.7,4.4,0.4666666666666667,0.0,0.0,11.0,12.0,40.0,2.1,0.5333333333333333,2.0,2.0,-1080.0,0.0,0.043478260869565216,3,6,152.0,13.0,1243,1167,1428,0.0,0.0,9.0,1.0,38.7,0.0,0.25,0.0,0.0,4.0,6.0,40.0,2.7,0.625,-1.7,0.2,54.0,-400.0,16.0,10.0,502.0,-0.1,0.06666666666666667,-0.13333333333333333,-0.08333333333333333,0.0,-4.720000000000001,0.0
542,202110040205,0,0,2,9,1,0,0,8,0,0,0,0,0,0,1,4,0,0,0,0,0,0,0,0,0,0,0,0,0,0,0,0,0,0,0,0,0.0,0.0,10.0,9.0,41.7,5.7,0.9,0.0,0.0,7.0,8.0,42.3,5.6,0.6666666666666666,0.0,0.0,7.0,6.0,40.0,1.7,0.7,-1.5,0.0,0.0,0.0,0.0,8,15,219.8,15.0,1642,1393,1124,0.0,0.0,16.0,10.0,39.3,2.5,0.625,0.0,0.0,15.0,16.0,37.1,3.8,0.875,1.6,0.0,51.0,-118.0,16.0,10.0,494.0,0.1,0.2222222222222222,0.0,-0.0625,0.125,1.2200000000000002,0.0
543,202110040304,4,4,2,47,0,0,0,3,0,0,0,0,0,1,0,15,0,0,0,0,0,0,0,0,0,0,0,7,0,0,0,0,0,0,0,0,0.0,0.0,5.0,6.0,39.7,1.7,0.6,0.0,0.0,14.0,14.0,39.9,2.4,0.75,0.0,0.0,12.0,16.0,37.0,2.2,0.75,5.0,25.0,300.0,0.09375,0.3125,5,9,19.8,6.0,1304,1520,1503,0.0,0.0,9.0,14.0,36.3,1.9,0.2222222222222222,0.0,0.0,6.0,1.0,35.0,0.0,0.07142857142857142,-1.0,0.2,54.0,-1031.0,15.0,10.0,473.0,0.0,0.1875,0.125,0.0,0.0,1.3000000000000007,0.0
544,202110040304,2,0,3,29,10,5,7,57,0,0,0,0,1,0,0,5,2,0,2,15,0,0,0,0,0,0,0,2,1,0,1,6,0,0,0,0,0.0,0.0,10.0,3.0,41.2,1.2,0.8,0.0,0.0,11.0,15.0,37.2,1.0,0.5,0.0,0.0,5.0,2.0,35.0,0.1,0.14285714285714285,-0.5,1.0,400.0,0.0,0.0,8,14,17.2,5.0,1645,1167,1366,0.0,0.0,9.0,6.0,35.3,1.2,0.375,0.0,0.0,14.0,4.0,36.4,0.8,0.5294117647058824,-0.7,0.4,56.0,-1061.0,15.0,10.0,473.0,-0.3,-0.16666666666666666,0.0,0.0,-0.11764705882352941,1.1500000000000015,0.0
545,202110040304,4,4,2,47,1,0,0,6,0,0,0,0,0,1,0,15,0,0,0,0,0,0,0,0,0,0,0,7,0,0,0,0,0,0,0,0,0.0,0.0,3.0,1.0,41.2,0.0,0.25,0.0,0.0,1.0,3.0,35.2,0.3,0.4,0.0,0.0,1.0,3.0,34.3,0.2,0.9285714285714286,1.0,-4.0,-70.0,0.10256410256410256,0.3076923076923077,2,2,1.4,1.0,1304,910,1503,0.0,0.0,2.0,2.0,34.5,0.3,0.1111111111111111,0.0,0.0,4.0,2.0,34.1,0.2,0.16666666666666666,0.1,1.0,54.0,-241.0,15.0,8.0,504.0,0.0,0.0,0.07142857142857142,0.05555555555555555,-0.05555555555555555,1.4900000000000007,0.0
546,202110040304,1,3,1,5,5,2,5,58,0,0,0,1,0,0,0,1,1,0,1,17,0,0,0,1,0,0,0,1,0,0,1,8,0,0,0,1,0.0,0.0,70.0,70.0,37.6,1.5,0.5833333333333334,0.0,0.0,120.0,130.0,37.5,0.9,0.05555555555555555,0.0,0.0,90.0,40.0,35.1,0.3,0.21428571428571427,-15.0,17.0,980.0,0.05263157894736842,0.21052631578947367,7,13,50.4,9.0,1657,1428,1317,0.0,0.0,110.0,60.0,36.0,1.0,0.4375,0.0,0.0,160.0,80.0,35.8,1.2,0.5625,-5.0,0.0,54.0,-1068.0,15.0,12.0,439.0,0.08333333333333333,0.05555555555555555,-0.07142857142857142,0.125,0.125,0.5100000000000009,0.0
547,202110040304,5,4,3,28,0,1,0,5,0,0,0,0,2,1,1,9,0,0,0,1,0,0,0,0,1,1,1,8,0,0,0,0,0,0,0,0,0.0,0.0,30.0,13.0,35.8,1.2,0.6666666666666666,0.0,0.0,50.0,4.0,33.8,0.3,0.3888888888888889,0.0,0.0,60.0,3.0,34.5,0.5,0.9333333333333333,-5.0,10.0,400.0,0.045454545454545456,0.22727272727272727,1,1,8.9,3.0,1152,1110,1428,0.0,0.0,90.0,11.0,34.5,1.1,0.5,0.0,0.0,110.0,4.0,37.9,1.1,0.4375,-1.1,0.2,54.0,27.0,15.0,18.0,450.0,0.0,0.0,-0.2,0.1875,0.0,-0.49000000000000055,0.0
548,202110040304,3,4,3,36,0,2,1,22,0,0,0,1,0,1,1,9,0,1,0,6,0,0,0,1,0,1,1,5,0,0,0,4,0,0,0,1,0.0,0.0,8.0,6.0,36.8,0.8,0.7,0.0,0.0,7.0,11.0,35.3,1.5,0.6923076923076923,0.0,0.0,1.0,1.0,38.8,0.0,0.6,-2.5,-2.0,-200.0,0.08571428571428572,0.2857142857142857,7,12,8.2,2.0,1090,1362,1169,0.0,0.0,2.0,6.0,35.1,0.4,0.7142857142857143,0.0,0.0,2.0,8.0,39.6,1.8,0.08333333333333333,-0.1,0.2,56.0,-329.0,15.0,10.0,490.0,-0.1,0.0,-0.5,-0.42857142857142855,0.0,-0.5400000000000013,0.0
549,202110040304,0,0,5,20,0,0,0,1,0,0,0,0,0,0,0,1,0,0,0,0,0,0,0,0,0,0,0,1,0,0,0,0,0,0,0,0,0.0,0.0,11.0,9.0,40.0,1.3,0.6666666666666666,0.0,0.0,13.0,8.0,35.6,1.0,0.6666666666666666,0.0,0.0,10.0,7.0,35.0,0.7,0.8571428571428571,-1.0,31.0,200.0,0.08695652173913043,0.17391304347826086,6,11,70.6,10.0,1306,1033,1445,0.0,0.0,4.0,9.0,39.5,2.4,0.6666666666666666,0.0,0.0,8.0,5.0,39.4,1.4,0.5333333333333333,-0.7,0.0,56.0,-861.0,15.0,12.0,491.0,0.16666666666666666,-0.05555555555555555,-0.07142857142857142,-0.2,0.06666666666666667,-0.2699999999999996,0.0
550,202110040304,0,0,0,0,1,0,0,9,0,0,0,0,0,0,0,0,1,0,0,3,0,0,0,0,0,0,0,0,0,0,0,2,0,0,0,0,0.0,0.0,8.0,5.0,38.8,0.8,0.2727272727272727,0.0,0.0,7.0,8.0,35.3,0.8,0.7142857142857143,0.0,0.0,4.0,9.0,40.5,2.1,0.6,2.0,9.0,500.0,0.125,0.5,8,15,31.9,7.0,412,565,998,0.0,0.0,5.0,2.0,39.0,0.8,0.7333333333333333,0.0,0.0,7.0,2.0,36.8,0.2,0.21428571428571427,-1.2,0.4,56.0,-1066.0,15.0,11.0,481.0,0.09090909090909091,-0.21428571428571427,-0.26666666666666666,-0.26666666666666666,0.0,0.029999999999999714,0.0
551,202110040304,3,4,3,36,0,0,1,5,0,0,0,0,0,1,1,9,0,0,0,0,0,0,0,0,0,1,1,5,0,0,0,0,0,0,0,0,0.0,0.0,1.0,1.0,39.9,0.0,0.5714285714285714,0.0,0.0,11.0,9.0,35.6,0.8,0.21428571428571427,0.0,0.0,12.0,11.0,33.9,1.4,0.8235294117647058,5.0,5.0,400.0,0.0,0.13333333333333333,2,3,97.5,11.0,1090,1642,1169,0.0,0.0,15.0,10.0,38.8,2.6,0.9375,0.0,0.0,7.0,12.0,44.6,4.6,0.3076923076923077,2.3,0.2,56.0,-342.0,15.0,7.0,449.0,-0.14285714285714285,0.07142857142857142,0.0,-0.125,0.46153846153846156,-1.2600000000000002,0.0
552,202110040304,3,6,1,31,0,0,0,3,0,0,0,0,0,1,1,6,0,0,0,0,0,0,0,0,0,0,1,4,0,0,0,0,0,0,0,0,0.0,0.0,4.0,10.0,35.3,0.9,0.5,0.0,0.0,1.0,7.0,35.7,0.6,0.16666666666666666,0.0,0.0,2.0,2.0,35.1,0.1,0.2777777777777778,-4.0,-8.0,0.0,0.0,0.0625,4,7,11.1,4.0,1317,68,1186,0.0,0.0,6.0,2.0,35.0,0.3,0.2777777777777778,0.0,0.0,3.0,7.0,36.4,0.7,0.125,-1.1,0.4,54.0,0.0,15.0,14.0,420.0,0.0,0.0,0.0,-0.05555555555555555,-0.0625,-0.15,0.0
553,202110040304,6,4,7,72,7,11,6,84,0,0,0,3,2,1,1,26,1,0,2,13,0,0,0,1,1,0,1,5,0,0,1,6,0,0,0,1,0.0,0.0,80.0,10.0,43.4,5.9,0.8,0.0,0.0,120.0,11.0,36.2,1.5,0.21428571428571427,0.0,0.0,150.0,8.0,35.6,1.0,0.6666666666666666,-1.0,1.0,400.0,0.0,0.1111111111111111,3,4,100.9,12.0,1506,1556,199,0.0,0.0,150.0,13.0,42.5,3.9,0.8,0.0,0.0,110.0,11.0,42.0,3.2,0.7857142857142857,0.4,0.0,54.0,-86.0,15.0,10.0,475.0,0.1,0.07142857142857142,0.0,-0.5333333333333333,-0.14285714285714285,-0.35,0.0
554,202110040304,5,4,3,28,4,8,8,33,0,0,1,2,2,1,1,9,2,1,0,5,0,0,0,0,1,1,1,8,1,0,0,1,0,0,0,0,0.0,0.0,3.0,6.0,13.6,6.5,0.5,0.0,0.0,9.0,4.0,13.5,0.8,0.21428571428571427,0.0,0.0,9.0,5.0,13.4,2.2,0.42857142857142855,-0.5,2.0,-1060.0,0.0,0.23529411764705882,4,6,33.7,8.0,1152,1345,1428,0.0,0.0,10.0,7.0,13.3,3.3,0.7857142857142857,0.0,0.0,9.0,6.0,14.2,12.0,0.8888888888888888,0.3,0.0,54.0,-876.0,15.0,12.0,454.0,0.0,-0.14285714285714285,0.14285714285714285,-0.07142857142857142,-0.1111111111111111,-0.1,0.0
555,202110040304,2,3,4,40,7,7,8,94,1,0,0,3,1,2,1,10,1,0,5,26,0,0,0,0,0,0,1,5,1,0,4,5,0,0,0,0,0.0,0.0,4.0,7.0,43.4,4.0,0.2222222222222222,0.0,0.0,17.0,14.0,37.1,1.8,0.2777777777777778,0.0,0.0,13.0,13.0,36.5,2.1,0.5,3.0,7.0,400.0,0.0,0.0,3,5,196.1,13.0,1489,1263,565,0.0,0.0,18.0,15.0,35.3,1.5,0.5555555555555556,0.0,0.0,14.0,14.0,35.0,1.8,0.5555555555555556,1.5,0.0,50.0,-151.0,15.0,9.0,407.0,0.3333333333333333,0.05555555555555555,0.2857142857142857,0.4444444444444444,0.0,1.86,0.0
556,202110040304,15,7,8,83,2,5,2,19,0,0,0,1,1,1,2,21,1,0,0,4,0,0,0,1,0,1,1,15,0,0,0,2,0,0,0,0,0.0,0.0,1.0,1.0,39.3,0.0,0.2727272727272727,0.0,0.0,14.0,14.0,37.3,2.9,0.21428571428571427,0.0,0.0,14.0,10.0,35.6,1.1,0.5555555555555556,4.5,-5.0,300.0,0.0,0.125,6,10,217.9,14.0,1716,1482,1167,0.0,0.0,11.0,12.0,35.9,2.7,0.7333333333333333,0.0,0.0,12.0,15.0,36.9,2.5,1.0,2.6,0.2,56.0,-348.0,15.0,11.0,473.0,-0.18181818181818182,0.5714285714285714,0.0,0.13333333333333333,0.0,0.6199999999999996,0.0
557,202110040304,3,0,4,35,1,0,0,13,0,0,0,0,1,0,2,7,0,0,0,5,0,0,0,0,1,0,0,1,0,0,0,3,0,0,0,0,0.0,0.0,30.0,8.0,42.3,1.3,0.9,0.0,0.0,110.0,14.0,42.4,4.4,0.9285714285714286,0.0,0.0,,,,,,6.0,16.0,400.0,,,5,8,,,1431,1039,1428,0.0,0.0,50.0,7.0,38.3,2.3,0.9285714285714286,0.0,0.0,50.0,3.0,40.3,0.6,0.6428571428571429,-2.2,0.25,56.0,-774.0,15.0,10.0,476.0,-0.3,-0.7857142857142857,,-0.21428571428571427,-0.5,1.0100000000000002,0.0
558,202110040310,21,21,21,102,2,2,3,21,1,2,1,1,9,7,7,29,0,0,1,4,0,0,1,0,2,0,0,2,0,0,0,1,0,0,0,0,0.0,0.0,2.0,10.0,13.9,2.0,0.07692307692307693,0.0,0.0,3.0,4.0,13.0,0.5,0.5454545454545454,0.0,0.0,1.0,1.0,13.4,0.0,0.1,-4.5,2.0,-1370.0,0.39285714285714285,0.7142857142857143,5,5,1.5,1.0,1428,848,1263,0.0,0.0,2.0,3.0,13.6,0.4,0.3333333333333333,0.0,0.0,1.0,4.0,13.4,1.3,0.6363636363636364,-1.3,0.4,54.0,-1029.0,7.0,13.0,462.0,0.15384615384615385,0.0,0.0,0.0,-0.45454545454545453,0.040000000000000036,0.0
559,202110040310,21,21,21,102,0,0,2,3,0,0,0,0,9,7,7,29,0,0,0,2,0,0,0,0,2,0,0,2,0,0,0,0,0,0,0,0,0.0,0.0,3.0,6.0,34.7,1.1,0.3333333333333333,0.0,0.0,8.0,13.0,36.0,1.2,0.3333333333333333,0.0,0.0,5.0,3.0,34.2,0.6,0.46153846153846156,-1.5,0.0,200.0,0.07462686567164178,0.2537313432835821,1,1,4.3,2.0,1428,1079,1263,0.0,0.0,5.0,2.0,32.9,0.1,0.36363636363636365,0.0,0.0,2.0,8.0,34.8,0.7,0.3,-0.7,0.4,55.0,-540.0,7.0,12.0,458.0,0.0,0.0,0.0,0.09090909090909091,0.2,0.29000000000000126,0.0
560,202110040310,0,0,0,0,0,0,0,1,0,0,0,0,0,0,0,0,0,0,0,0,0,0,0,0,0,0,0,0,0,0,0,0,0,0,0,0,0.0,0.0,9.0,8.0,36.9,2.0,0.2,0.0,0.0,7.0,8.0,35.4,0.7,0.5,0.0,0.0,7.0,6.0,34.9,0.8,0.1111111111111111,-1.0,16.0,-200.0,0.10526315789473684,0.2894736842105263,6,6,8.4,4.0,1282,256,377,0.0,0.0,5.0,6.0,35.2,1.0,0.09090909090909091,0.0,0.0,4.0,3.0,34.7,0.5,0.14285714285714285,-1.2,0.2,55.0,-147.0,7.0,10.0,546.0,0.0,0.1,0.0,0.0,0.0,0.45999999999999874,0.0
561,202110040310,11,13,9,84,8,4,5,73,1,1,1,11,3,3,4,22,3,1,2,22,0,0,1,2,0,0,1,0,0,0,0,0,0,0,0,0,0.0,0.0,6.0,4.0,37.0,0.5,0.7,0.0,0.0,7.0,6.0,36.2,0.9,0.3,0.0,0.0,8.0,9.0,38.0,3.1,0.3333333333333333,2.5,-2.0,-800.0,0.1111111111111111,0.2777777777777778,4,4,5.1,3.0,1691,1013,1167,0.0,0.0,8.0,7.0,37.8,0.9,0.375,0.0,0.0,4.0,12.0,37.4,1.2,0.1875,1.7,0.0,57.0,-315.0,7.0,10.0,482.0,-0.6,0.1,0.0,0.1875,0.0,-0.23999999999999916,0.0
562,202110040310,1,0,2,17,0,1,0,7,0,0,0,1,0,0,0,3,0,1,0,1,0,0,0,0,0,0,0,0,0,0,0,0,0,0,0,0,0.0,0.0,6.0,5.0,35.2,1.6,0.7142857142857143,0.0,0.0,13.0,11.0,36.4,1.7,0.14285714285714285,0.0,0.0,10.0,8.0,37.0,1.5,0.8,1.5,-4.0,0.0,0.0,0.058823529411764705,7,7,91.5,6.0,1665,1206,1577,0.0,0.0,6.0,5.0,36.3,0.4,1.0,0.0,0.0,10.0,10.0,35.2,1.9,0.6,0.4,0.0,57.0,0.0,7.0,7.0,472.0,-0.14285714285714285,0.0,0.0,-0.14285714285714285,0.0,0.010000000000000142,0.0
563,202110040310,0,0,0,1,0,2,0,19,0,0,0,1,0,0,0,0,0,0,0,6,0,0,0,0,0,0,0,0,0,0,0,0,0,0,0,0,0.0,0.0,6.0,,,,0.35714285714285715,0.0,0.0,14.0,12.0,40.2,3.1,0.6875,0.0,0.0,8.0,7.0,38.5,2.4,0.25,-5.0,11.0,200.0,0.11363636363636363,0.38636363636363635,3,3,107.5,7.0,1499,1328,1167,0.0,0.0,13.0,13.0,38.9,1.9,0.6,0.0,0.0,9.0,8.0,37.5,0.9,0.8333333333333334,-0.6,0.0,57.0,-860.0,7.0,14.0,515.0,0.21428571428571427,0.0,0.0,0.3333333333333333,0.08333333333333333,0.770000000000001,0.0
564,202110040310,3,4,3,36,7,7,8,94,0,0,0,9,0,1,1,9,1,0,5,26,0,0,0,2,0,0,0,1,0,0,0,1,0,0,0,0,0.0,0.0,10.0,2.0,39.9,1.0,0.6,0.0,0.0,14.0,15.0,40.9,2.7,0.125,0.0,0.0,14.0,12.0,37.1,2.8,0.6428571428571429,5.0,2.0,500.0,0.046511627906976744,0.23255813953488372,2,2,35.1,5.0,1090,1263,1169,0.0,0.0,17.0,16.0,35.6,1.4,0.16666666666666666,0.0,0.0,5.0,7.0,35.5,2.1,1.0,1.1,0.2,57.0,-1058.0,7.0,10.0,450.0,-0.3,0.0625,0.21428571428571427,0.05555555555555555,-0.14285714285714285,1.4099999999999995,0.0
565,202110040402,0,0,0,0,0,1,0,8,0,0,0,0,0,0,0,0,0,0,0,2,0,0,0,0,0,0,0,0,0,0,0,2,0,0,0,0,0.0,0.0,11.0,13.0,34.5,1.0,0.9375,0.0,0.0,7.0,4.0,34.2,0.2,0.8333333333333334,0.0,0.0,6.0,13.0,34.8,1.1,0.8333333333333334,0.0,16.0,600.0,0.12195121951219512,0.34146341463414637,5,10,12.0,4.0,1154,1014,1561,0.0,0.0,14.0,2.0,33.9,0.1,0.7222222222222222,0.0,0.0,12.0,14.0,33.6,1.3,0.875,0.0,0.2,54.0,-1092.0,16.0,16.0,462.0,0.0,-0.08333333333333333,-0.1111111111111111,0.05555555555555555,0.0625,0.21000000000000013,0.0
566,202110040402,2,3,3,14,0,0,0,1,0,0,0,0,0,0,0,3,0,0,0,0,0,0,0,0,0,0,0,0,0,0,0,0,0,0,0,0,0.0,0.0,3.0,1.0,34.1,0.0,0.6666666666666666,0.0,0.0,5.0,3.0,34.6,0.4,0.3076923076923077,0.0,0.0,2.0,5.0,35.7,0.4,0.13333333333333333,2.0,0.0,200.0,0.10526315789473684,0.2631578947368421,8,15,2.9,1.0,1428,756,1263,0.0,0.0,5.0,2.0,33.6,0.2,0.5,0.0,0.0,4.0,8.0,33.9,0.7,0.3333333333333333,1.3,0.6,54.0,-1154.0,16.0,9.0,492.0,-0.1111111111111111,0.0,0.0,0.0,0.08333333333333333,0.14000000000000057,0.0
567,202110040402,5,2,1,29,2,1,1,12,0,0,0,3,1,0,1,3,1,1,0,4,0,0,0,1,0,0,0,0,0,0,0,3,0,0,0,0,0.0,0.0,13.0,15.0,33.5,1.2,1.0,0.0,0.0,12.0,14.0,36.2,1.4,0.8,0.0,0.0,14.0,13.0,35.0,1.9,0.6111111111111112,-1.0,-4.0,400.0,0.4230769230769231,0.6538461538461539,3,5,4.9,3.0,1716,1428,1167,0.0,0.0,13.0,10.0,34.6,0.4,0.7647058823529411,0.0,0.0,10.0,5.0,34.4,0.3,0.4166666666666667,-2.4,0.0,54.0,-1092.0,16.0,16.0,446.0,0.0,-0.4666666666666667,-0.05555555555555555,-0.23529411764705882,-0.16666666666666666,-0.019999999999999574,0.0
568,202110040402,2,3,0,5,0,0,0,0,0,0,0,0,1,0,0,3,0,0,0,0,0,0,0,0,1,0,0,2,0,0,0,0,0,0,0,0,0.0,0.0,20.0,2.0,35.5,0.0,0.45454545454545453,0.0,0.0,50.0,2.0,35.8,0.1,0.09090909090909091,,,,,,,,0.0,-2.0,0.0,0.044444444444444446,0.2222222222222222,7,14,3.1,2.0,1152,178,1428,,,,,,,,,,,,,,,0.0,1.0,54.0,35.0,16.0,11.0,474.0,-0.09090909090909091,0.09090909090909091,,,,-0.29999999999999716,0.0
569,202110040402,3,2,2,18,0,0,0,0,0,0,0,0,0,1,0,4,0,0,0,0,0,0,0,0,0,1,0,1,0,0,0,0,0,0,0,0,0.0,0.0,70.0,14.0,33.9,1.8,0.8333333333333334,,,,,,,,,,,,,,,,,200.0,0.08108108108108109,0.2702702702702703,1,2,37.1,8.0,1503,168,1263,,,,,,,,,,,,,,,,0.0,54.0,29.0,16.0,18.0,442.0,0.0,,,,,,
570,202110040402,0,1,0,0,1,0,1,13,0,0,0,0,0,1,0,0,1,0,0,3,0,0,0,0,0,0,0,0,1,0,0,2,0,0,0,0,0.0,0.0,3.0,5.0,40.4,1.6,0.25,0.0,0.0,10.0,10.0,45.5,6.4,0.2727272727272727,0.0,0.0,11.0,9.0,38.8,1.8,0.7272727272727273,2.0,32.0,100.0,0.1111111111111111,0.4444444444444444,1,1,48.5,9.0,1677,1306,1167,0.0,0.0,13.0,14.0,41.3,3.9,0.5,0.0,0.0,3.0,9.0,38.9,1.2,0.5555555555555556,1.2,0.0,54.0,-1067.0,16.0,12.0,498.0,0.0,0.36363636363636365,0.09090909090909091,0.14285714285714285,0.2222222222222222,0.7200000000000003,0.0
571,202110040402,0,0,0,0,0,1,0,5,0,0,0,0,0,0,0,0,0,0,0,0,0,0,0,0,0,0,0,0,0,0,0,0,0,0,0,0,0.0,0.0,10.0,13.0,41.8,3.0,0.15384615384615385,0.0,0.0,12.0,15.0,39.7,2.4,0.125,0.0,0.0,2.0,1.0,39.1,0.0,0.5454545454545454,-6.0,10.0,0.0,0.07017543859649122,0.15789473684210525,4,7,68.1,11.0,1467,1221,336,0.0,0.0,3.0,2.0,36.7,1.1,0.5,0.0,0.0,2.0,3.0,38.5,0.7,0.35714285714285715,-3.3,0.6,54.0,-483.0,16.0,13.0,486.0,0.07692307692307693,-0.0625,-0.45454545454545453,-0.21428571428571427,-0.07142857142857142,0.9599999999999994,0.0
572,202110040402,2,3,3,14,1,1,0,10,0,1,0,2,0,0,0,3,0,0,0,1,0,0,0,0,0,0,0,0,0,0,0,1,0,0,0,0,0.0,0.0,20.0,5.0,34.4,1.5,0.7058823529411765,,,,,,,,,,,,,,,,,200.0,0.13636363636363635,0.22727272727272727,2,4,26.3,6.0,1428,848,1263,,,,,,,,,,,,,,,,0.0,53.0,21.0,16.0,17.0,470.0,0.0,,,,,,
573,202110040402,0,1,0,15,1,3,1,27,0,0,0,2,0,1,0,4,1,0,0,3,0,0,0,0,0,1,0,0,1,0,0,0,0,0,0,0,0.0,0.0,100.0,9.0,44.4,4.1,0.08333333333333333,0.0,0.0,80.0,8.0,36.0,1.1,0.6875,0.0,0.0,80.0,8.0,37.1,1.1,0.6875,-0.5,16.0,-200.0,0.0,0.2222222222222222,7,13,257.4,16.0,1090,1263,1169,0.0,0.0,60.0,2.0,36.6,0.4,0.8666666666666667,0.0,0.0,70.0,10.0,37.2,1.4,0.7857142857142857,-0.4,0.2,54.0,-1060.0,16.0,12.0,490.0,0.25,-0.3125,-0.5,-0.4666666666666667,-0.5,1.379999999999999,0.0
574,202110040402,1,0,0,3,1,1,0,10,0,0,0,0,0,0,0,0,0,0,0,1,0,0,0,0,0,0,0,0,0,0,0,1,0,0,0,0,0.0,0.0,2.0,2.0,35.5,0.2,0.5,0.0,0.0,6.0,6.0,34.8,0.4,0.9411764705882353,0.0,0.0,3.0,6.0,34.8,1.2,0.6923076923076923,2.0,0.0,-200.0,0.1111111111111111,0.2222222222222222,6,11,64.0,10.0,1453,848,1428,0.0,0.0,5.0,3.0,34.5,0.4,0.7272727272727273,0.0,0.0,6.0,2.0,35.2,0.4,0.6666666666666666,-0.3,0.6,54.0,-112.0,16.0,18.0,452.0,0.2777777777777778,0.058823529411764705,-0.07692307692307693,-0.18181818181818182,-0.2222222222222222,0.08999999999999915,0.0
575,202110040402,1,2,4,16,0,0,0,2,0,0,0,0,1,2,0,3,0,0,0,0,0,0,0,0,0,1,0,1,0,0,0,0,0,0,0,0,0.0,0.0,20.0,4.0,36.0,0.2,0.5882352941176471,,,,,,,,,,,,,,,,,400.0,0.10869565217391304,0.391304347826087,8,16,26.9,7.0,1393,770,1263,,,,,,,,,,,,,,,,0.0,54.0,28.0,16.0,17.0,500.0,0.0,,,,,,
576,202110040402,2,3,0,5,1,1,2,17,0,0,0,0,1,0,0,3,0,0,1,5,0,0,0,0,1,0,0,2,0,0,1,1,0,0,0,0,0.0,0.0,60.0,4.0,39.4,0.9,0.75,0.0,0.0,20.0,6.0,39.9,0.9,0.75,0.0,0.0,30.0,3.0,39.4,1.8,0.25,-0.5,27.0,200.0,0.06666666666666667,0.15555555555555556,2,3,83.4,12.0,1152,1183,1428,0.0,0.0,10.0,3.0,39.2,0.7,0.46153846153846156,0.0,0.0,50.0,2.0,38.4,0.3,0.21428571428571427,-0.7,0.6,54.0,-1063.0,16.0,8.0,457.0,0.0,-0.5,0.0,-0.07692307692307693,0.0,0.2699999999999996,0.0
577,202110040402,0,0,0,1,1,1,1,7,0,0,0,0,0,0,0,0,0,0,0,1,0,0,0,0,0,0,0,0,0,0,0,1,0,0,0,0,0.0,0.0,90.0,5.0,33.0,1.0,0.8888888888888888,,,,,,,,,,,,,,,,,200.0,0.037037037037037035,0.1111111111111111,3,6,13.9,5.0,1605,1362,1,,,,,,,,,,,,,,,,0.0,53.0,29.0,16.0,18.0,472.0,0.0,,,,,,
578,202110040402,0,0,0,0,4,1,2,8,0,0,0,0,0,0,0,0,0,1,1,2,0,0,0,0,0,0,0,0,0,1,0,0,0,0,0,0,0.0,0.0,15.0,14.0,37.5,1.8,0.5,0.0,0.0,12.0,11.0,34.7,1.5,0.16666666666666666,,,,,,,,-3.0,-2.0,0.0,0.0,0.125,5,9,231.7,15.0,1270,1376,969,,,,,,,,,,,,,,,-3.0,0.0,54.0,0.0,16.0,16.0,498.0,-0.1875,0.0,,,,2.799999999999997,0.0
579,202110040402,0,0,0,0,2,1,1,12,0,0,0,0,0,0,0,0,1,1,0,4,0,0,0,0,0,0,0,0,0,0,0,3,0,0,0,0,0.0,0.0,,,,,,0.0,0.0,140.0,11.0,39.9,3.5,0.75,0.0,0.0,140.0,13.0,40.5,3.4,0.4375,2.0,,400.0,0.0,0.0,6,12,156.0,14.0,1657,1428,1317,0.0,0.0,100.0,6.0,39.8,1.1,0.5,0.0,0.0,80.0,10.0,38.0,1.8,0.5625,-1.0,0.0,54.0,-940.0,16.0,8.0,,,-0.125,0.125,-0.0625,-0.0625,0.6399999999999999,0.0
580,202110040402,0,0,0,0,1,2,0,15,0,0,0,0,0,0,0,0,1,1,0,5,0,0,0,0,0,0,0,0,1,0,0,2,0,0,0,0,0.0,0.0,5.0,4.0,38.7,1.4,1.0,0.0,0.0,9.0,11.0,40.2,3.1,0.5384615384615384,0.0,0.0,11.0,12.0,38.4,1.9,0.3125,4.0,6.0,600.0,0.0,0.04,4,8,143.5,13.0,1657,1558,1317,0.0,0.0,12.0,9.0,39.6,0.7,0.6153846153846154,0.0,0.0,7.0,13.0,38.7,2.6,0.75,1.6,0.0,54.0,-1061.0,16.0,7.0,478.0,-0.14285714285714285,0.07692307692307693,0.25,0.07692307692307693,0.0,0.060000000000000143,0.0
581,202110040412,2,2,4,23,0,0,0,0,0,0,0,0,1,2,2,4,0,0,0,0,0,0,0,0,1,0,2,2,0,0,0,0,0,0,0,0,0.0,0.0,3.0,13.0,37.5,1.7,0.6923076923076923,0.0,0.0,1.0,9.0,35.9,1.3,0.2727272727272727,0.0,0.0,8.0,2.0,34.4,0.0,0.21428571428571427,-5.5,-8.0,0.0,0.1,0.325,7,7,1.8,1.0,1691,1110,1167,0.0,0.0,2.0,12.0,35.3,1.4,0.6923076923076923,0.0,0.0,7.0,15.0,36.1,1.7,0.5625,0.7,0.2,52.0,-721.0,8.0,13.0,492.0,-0.15384615384615385,0.0,0.0,-0.15384615384615385,-0.0625,0.33999999999999986,0.0
582,202110040412,4,2,1,18,0,0,0,0,0,0,0,0,1,0,0,7,0,0,0,0,0,0,0,0,1,0,0,3,0,0,0,0,0,0,0,0,0.0,0.0,4.0,6.0,13.5,3.5,0.4444444444444444,0.0,0.0,16.0,14.0,36.6,1.5,0.625,0.0,0.0,11.0,12.0,37.9,1.3,0.125,3.0,4.0,-950.0,0.44,0.64,5,5,3.4,2.0,1393,818,1263,0.0,0.0,7.0,12.0,39.2,2.7,0.4166666666666667,0.0,0.0,6.0,1.0,37.2,0.0,0.5333333333333333,-1.2,0.2,54.0,-1050.0,8.0,9.0,476.0,0.1111111111111111,0.0625,0.0,0.16666666666666666,-0.2,-5.000000000000001,0.0
583,202110040412,2,2,4,23,2,0,0,0,0,0,0,0,1,2,2,4,0,0,0,0,0,0,0,0,1,0,2,2,0,0,0,0,0,0,0,0,0.0,0.0,8.0,9.0,39.5,2.3,0.5,0.0,0.0,9.0,10.0,37.3,1.6,0.46153846153846156,0.0,0.0,7.0,9.0,36.8,0.7,1.0,0.0,20.0,600.0,0.1111111111111111,0.37777777777777777,4,4,6.6,3.0,1691,1221,1167,0.0,0.0,5.0,10.0,36.1,1.0,0.9375,0.0,0.0,6.0,11.0,35.8,0.9,0.4,0.4,0.0,52.0,-808.0,8.0,12.0,502.0,0.08333333333333333,0.15384615384615385,-0.06666666666666667,-0.125,-0.2,0.8600000000000001,0.0
584,202110040412,1,0,1,9,0,0,0,1,0,0,0,0,0,0,0,2,0,0,0,0,0,0,0,0,0,0,0,0,0,0,0,0,0,0,0,0,0.0,0.0,15.0,11.0,38.3,2.3,0.8666666666666667,0.0,0.0,8.0,10.0,39.6,2.7,0.7272727272727273,0.0,0.0,9.0,14.0,44.9,5.9,0.35714285714285715,1.5,0.0,400.0,0.0,0.041666666666666664,3,3,7.6,4.0,1152,1571,1428,0.0,0.0,5.0,12.0,42.5,4.3,0.4166666666666667,0.0,0.0,4.0,4.0,35.0,0.5,0.5,-1.2,0.0,54.0,-427.0,8.0,15.0,466.0,-0.06666666666666667,-0.18181818181818182,0.5714285714285714,0.25,0.125,0.36999999999999955,0.0
585,202110040412,0,0,0,2,0,1,0,8,0,0,0,0,0,0,0,0,0,0,0,0,0,0,0,0,0,0,0,0,0,0,0,0,0,0,0,0,0.0,0.0,8.0,10.0,36.7,2.4,0.09090909090909091,0.0,0.0,6.0,12.0,39.6,3.6,0.16666666666666666,0.0,0.0,2.0,16.0,38.0,2.9,0.0625,3.0,0.0,-400.0,0.07142857142857142,0.16071428571428573,2,2,13.4,5.0,1200,1618,324,0.0,0.0,2.0,5.0,37.8,2.3,0.42857142857142855,0.0,0.0,1.0,4.0,36.5,0.4,0.4375,-1.9,0.0,57.0,-804.0,8.0,11.0,526.0,0.09090909090909091,0.0,0.0,0.0,-0.25,0.220000000000001,0.0
586,202110040412,0,0,0,0,0,0,0,2,0,0,0,0,0,0,0,0,0,0,0,0,0,0,0,0,0,0,0,0,0,0,0,0,0,0,0,0,0.0,0.0,5.0,7.0,41.7,0.6,0.4166666666666667,0.0,0.0,6.0,6.0,36.2,1.0,0.125,0.0,0.0,6.0,6.0,38.5,1.3,0.3333333333333333,-0.5,-11.0,500.0,0.08333333333333333,0.2777777777777778,8,8,34.8,6.0,1221,1,1263,0.0,0.0,6.0,12.0,38.2,1.3,0.6875,0.0,0.0,8.0,9.0,38.7,1.4,0.8125,1.0,0.0,57.0,-1071.0,8.0,12.0,477.0,0.08333333333333333,0.0,0.0,-0.1875,0.0,0.4,0.0
587,202110040412,1,0,2,11,0,0,0,2,0,0,0,0,0,0,2,2,0,0,0,0,0,0,0,0,0,0,0,0,0,0,0,0,0,0,0,0,0.0,0.0,11.0,7.0,38.6,2.1,0.6666666666666666,0.0,0.0,9.0,7.0,38.3,0.9,0.5,0.0,0.0,9.0,3.0,38.7,0.7,0.6363636363636364,-2.0,-6.0,200.0,0.11764705882352941,0.47058823529411764,6,6,99.2,8.0,1736,1448,1482,0.0,0.0,7.0,6.0,37.6,0.8,0.375,0.0,0.0,6.0,4.0,39.5,0.9,0.3333333333333333,-0.7,0.2,55.0,-842.0,8.0,12.0,492.0,0.25,0.3333333333333333,0.09090909090909091,-0.125,0.0,-0.11000000000000014,0.0
588,202110040412,0,0,0,0,0,0,0,2,0,0,0,0,0,0,0,0,0,0,0,0,0,0,0,0,0,0,0,0,0,0,0,0,0,0,0,0,0.0,0.0,11.0,9.0,35.9,1.7,0.7272727272727273,0.0,0.0,8.0,10.0,36.7,1.3,0.8,0.0,0.0,7.0,8.0,33.6,0.9,0.8888888888888888,-0.5,0.0,200.0,0.038461538461538464,0.11538461538461539,1,1,46.0,7.0,1733,1620,1428,0.0,0.0,7.0,6.0,33.6,0.4,1.0,0.0,0.0,5.0,7.0,36.0,2.3,1.0,-0.8,0.0,56.0,-393.0,8.0,11.0,490.0,0.0,0.0,0.1111111111111111,-0.125,-0.2857142857142857,0.28999999999999987,0.0
589,202110040505,1,3,1,5,2,0,4,15,0,0,0,0,0,0,0,1,0,0,2,1,0,0,0,0,0,0,0,0,0,0,0,0,0,0,0,0,0.0,0.0,120.0,16.0,36.4,2.2,0.5625,0.0,0.0,9.0,10.0,35.5,1.4,1.0,0.0,0.0,2.0,6.0,36.0,0.9,0.375,-5.0,8.0,-700.0,0.07246376811594203,0.2608695652173913,7,11,6.3,2.0,1657,1708,1317,0.0,0.0,5.0,3.0,35.8,0.2,0.25,0.0,0.0,5.0,10.0,34.6,0.8,0.8333333333333334,-1.9,0.2,54.0,-1211.0,13.0,16.0,482.0,0.4375,0.0,0.25,0.0,-0.08333333333333333,0.32999999999999974,0.0
590,202110040505,1,3,1,5,1,0,0,9,0,0,0,0,0,0,0,1,1,0,0,3,0,0,0,0,0,0,0,0,0,0,0,0,0,0,0,0,0.0,0.0,14.0,10.0,34.9,0.9,0.75,0.0,0.0,5.0,8.0,35.8,1.2,0.5,0.0,0.0,4.0,5.0,36.1,1.0,0.9375,-2.5,20.0,600.0,0.10416666666666667,0.375,6,9,22.3,7.0,1657,565,1317,0.0,0.0,12.0,2.0,35.2,0.2,0.5625,0.0,0.0,11.0,6.0,35.1,0.9,0.9375,-1.4,0.2,54.0,-365.0,13.0,16.0,402.0,0.0,0.07142857142857142,0.0,0.0625,0.0,0.019999999999998862,0.0
591,202110040505,6,4,7,72,6,6,4,55,0,0,0,1,2,1,1,26,4,2,0,10,0,0,0,1,0,0,0,2,0,0,0,1,0,0,0,0,,,,,,,,,,,,,,,,,,,,,,,,,0.0851063829787234,0.1702127659574468,4,5,11.2,3.0,1506,1558,199,,,,,,,,,,,,,,,,,54.0,,13.0,,,,,,,,,
592,202110040505,13,6,7,86,7,6,1,71,0,1,0,1,4,1,0,24,1,2,1,10,0,0,0,0,0,0,0,1,0,0,0,4,0,0,0,0,0.0,0.0,11.0,12.0,37.2,1.7,0.7857142857142857,0.0,0.0,15.0,11.0,35.4,0.9,1.0,0.0,0.0,11.0,9.0,34.6,1.1,0.6470588235294118,-1.5,-12.0,0.0,0.06779661016949153,0.15254237288135594,5,7,1.5,1.0,1503,1183,1263,0.0,0.0,4.0,11.0,36.0,1.5,0.3333333333333333,0.0,0.0,3.0,1.0,36.4,0.0,0.1875,-2.2,0.2,54.0,-687.0,13.0,14.0,460.0,0.21428571428571427,-0.0625,0.0,-0.08333333333333333,0.0625,0.10000000000000071,0.0
593,202110040505,8,7,5,57,0,0,0,6,0,0,0,0,4,3,1,11,0,0,0,3,0,0,0,0,0,0,0,1,0,0,0,0,0,0,0,0,0.0,0.0,2.0,2.0,34.8,0.3,0.4375,0.0,0.0,4.0,4.0,35.4,0.4,1.0,0.0,0.0,4.0,2.0,35.9,0.1,0.6363636363636364,0.0,10.0,-200.0,0.12195121951219512,0.36585365853658536,3,3,43.1,9.0,1127,448,1328,0.0,0.0,2.0,6.0,34.7,0.8,0.2,0.0,0.0,1.0,2.0,36.0,0.2,0.6666666666666666,0.2,0.6,54.0,-777.0,13.0,16.0,440.0,0.0,-0.4166666666666667,-0.18181818181818182,0.0,0.1111111111111111,-0.17000000000000098,0.0
594,202110040505,0,0,0,0,1,7,2,30,0,0,0,0,0,0,0,0,0,4,0,9,0,0,0,0,0,0,0,0,0,0,0,0,0,0,0,0,0.0,0.0,8.0,9.0,39.1,2.5,0.3076923076923077,0.0,0.0,16.0,8.0,34.8,1.0,0.16666666666666666,0.0,0.0,10.0,8.0,38.2,2.0,0.23076923076923078,-0.5,0.0,-800.0,0.12121212121212122,0.3333333333333333,6,8,69.4,10.0,1670,1306,882,0.0,0.0,11.0,14.0,40.8,3.2,1.0,0.0,0.0,2.0,13.0,41.7,4.4,0.6666666666666666,1.4,0.0,54.0,-246.0,13.0,13.0,462.0,0.15384615384615385,0.0,0.15384615384615385,0.0,0.0,-1.1200000000000003,0.0
595,202110040505,3,3,3,41,2,6,2,52,1,0,0,1,2,1,1,14,1,1,0,7,1,0,0,0,0,0,0,3,0,0,0,1,0,0,0,0,0.0,0.0,10.0,7.0,35.2,1.1,0.09090909090909091,0.0,0.0,13.0,6.0,36.7,1.2,0.7692307692307693,0.0,0.0,8.0,7.0,36.2,2.2,0.38461538461538464,0.0,2.0,200.0,0.0,0.038461538461538464,4,4,24.8,8.0,1561,1235,1263,,,,,,,,,,,,,,,0.0,0.0,54.0,-56.0,13.0,11.0,432.0,0.0,0.0,0.0,,,-0.5,0.0
596,202110040505,0,0,0,0,0,0,0,2,0,0,0,0,0,0,0,0,0,0,0,1,0,0,0,0,0,0,0,0,0,0,0,0,0,0,0,0,,,,,,,,,,,,,,,,,,,,,,,,,0.07692307692307693,0.28205128205128205,5,6,16.7,5.0,1467,152,336,,,,,,,,,,,,,,,,,54.0,,13.0,,,,,,,,,
597,202110040505,7,6,3,55,0,0,0,16,0,0,0,0,3,2,0,19,0,0,0,4,0,0,0,0,0,0,0,0,0,0,0,0,0,0,0,0,0.0,0.0,5.0,4.0,41.9,3.7,0.42857142857142855,0.0,0.0,16.0,16.0,40.6,5.5,0.625,0.0,0.0,13.0,13.0,38.2,3.5,1.0,4.5,29.0,400.0,0.14285714285714285,0.35714285714285715,8,13,21.0,6.0,1736,1036,1482,0.0,0.0,6.0,9.0,37.3,3.3,0.6923076923076923,,,,,,,,1.2,0.0,54.0,-436.0,13.0,7.0,447.0,0.0,0.375,-0.07692307692307693,0.07692307692307693,,1.6200000000000003,0.0
598,202110040505,0,0,0,8,0,0,1,9,0,0,0,0,0,0,0,2,0,0,0,2,0,0,0,0,0,0,0,0,0,0,0,0,0,0,0,0,0.0,0.0,8.0,6.0,41.8,2.0,0.2,0.0,0.0,9.0,10.0,45.8,9.4,0.5,0.0,0.0,12.0,10.0,37.5,3.5,0.07692307692307693,2.0,8.0,200.0,0.05,0.2,2,2,94.2,12.0,1279,1685,1079,,,,,,,,,,,,,,,2.0,0.0,54.0,-259.0,13.0,10.0,458.0,0.3,0.4,0.3076923076923077,,,2.1499999999999986,0.0
599,202110040505,1,3,1,5,3,2,4,14,0,0,0,0,0,0,0,1,2,1,2,3,0,0,0,0,0,0,0,0,0,0,0,0,0,0,0,0,0.0,0.0,120.0,110.0,41.2,3.3,0.8333333333333334,0.0,0.0,80.0,150.0,42.9,4.8,0.25,0.0,0.0,90.0,130.0,36.1,1.9,0.9375,10.0,-17.0,400.0,0.1,0.45,7,10,13.9,4.0,1657,1032,1317,0.0,0.0,90.0,40.0,37.7,0.6,0.125,0.0,0.0,100.0,60.0,37.4,1.2,0.375,-21.0,0.0,54.0,-988.0,13.0,12.0,425.0,0.16666666666666666,0.625,-0.1875,0.125,-0.0625,1.2800000000000005,0.0
600,202110040505,0,0,0,0,0,1,0,5,0,0,0,0,0,0,0,0,0,0,0,1,0,0,0,0,0,0,0,0,0,0,0,0,0,0,0,0,0.0,0.0,3.0,6.0,43.0,3.5,0.25,0.0,0.0,13.0,12.0,39.2,3.4,0.875,0.0,0.0,15.0,5.0,38.9,2.2,0.8666666666666667,-0.5,27.0,-200.0,0.0,0.0,1,1,145.3,13.0,1432,1110,1428,0.0,0.0,11.0,9.0,40.2,2.3,0.9166666666666666,0.0,0.0,9.0,6.0,41.2,2.2,0.9,-0.3,0.0,51.0,-1054.0,13.0,12.0,487.0,0.25,0.0,-0.5333333333333333,0.08333333333333333,0.0,0.25999999999999945,0.0
601,202110040505,1,0,0,6,7,6,1,71,0,0,0,0,1,0,0,2,1,2,1,10,0,0,0,0,0,0,0,1,0,0,0,4,0,0,0,0,0.0,0.0,6.0,5.0,40.3,2.4,0.8571428571428571,0.0,0.0,8.0,14.0,41.4,6.3,0.8666666666666667,0.0,0.0,10.0,10.0,38.5,2.1,0.4166666666666667,2.5,21.0,300.0,0.043478260869565216,0.21739130434782608,8,12,74.3,11.0,1605,1183,1,0.0,0.0,11.0,13.0,39.0,5.5,0.15384615384615385,,,,,,,,2.0,0.0,54.0,-821.0,13.0,7.0,523.0,0.14285714285714285,0.0,0.08333333333333333,0.7692307692307693,,0.679999999999999,0.0
602,202110040512,6,4,3,33,0,2,1,22,0,0,0,0,1,1,1,8,0,1,0,6,0,0,0,0,0,0,0,0,0,1,0,0,0,0,0,0,0.0,0.0,12.0,14.0,35.6,2.2,1.0,0.0,0.0,8.0,8.0,33.5,1.2,1.0,0.0,0.0,7.0,6.0,34.0,0.6,1.0,-4.0,0.0,200.0,0.06521739130434782,0.15217391304347827,5,8,3.1,1.0,1098,1362,1294,0.0,0.0,5.0,7.0,34.0,1.1,0.6,0.0,0.0,7.0,4.0,34.7,0.5,0.9,-2.1,0.0,52.0,-840.0,14.0,14.0,472.0,0.0,0.0,-0.18181818181818182,0.1,0.1,0.12999999999999973,0.0
603,202110040512,21,21,21,102,0,1,0,11,0,1,0,1,9,7,7,29,0,1,0,2,0,1,0,0,3,4,1,9,0,1,0,1,0,1,0,0,0.0,0.0,8.0,6.0,35.7,1.4,0.7777777777777778,0.0,0.0,4.0,6.0,36.9,0.8,0.3076923076923077,0.0,0.0,10.0,8.0,34.6,1.1,0.6,1.0,10.0,-200.0,0.10526315789473684,0.42105263157894735,8,13,3.2,2.0,1428,1589,1263,0.0,0.0,6.0,8.0,36.4,0.6,0.6875,0.0,0.0,5.0,5.0,36.1,0.6,0.42857142857142855,0.0,0.0,55.0,-561.0,14.0,9.0,452.0,0.0,0.0,0.0,-0.125,-0.14285714285714285,-0.029999999999999714,0.0
604,202110040512,7,4,6,52,0,0,0,0,0,0,0,0,1,1,1,7,0,0,0,0,0,0,0,0,0,0,1,1,0,0,0,0,0,0,0,0,0.0,0.0,6.0,5.0,37.4,1.3,0.75,0.0,0.0,7.0,7.0,38.3,2.9,0.8571428571428571,0.0,0.0,11.0,7.0,38.1,2.0,1.0,1.0,-17.0,600.0,0.07894736842105263,0.2631578947368421,8,14,12.7,6.0,1393,107,1263,0.0,0.0,11.0,11.0,35.4,1.3,1.0,0.0,0.0,8.0,9.0,36.6,2.7,0.8,1.2,0.0,54.0,-1149.0,14.0,12.0,465.0,-0.16666666666666666,0.14285714285714285,-0.3333333333333333,-0.09090909090909091,0.0,0.4499999999999993,0.0
605,202110040512,13,6,7,86,0,0,0,0,0,0,0,0,4,1,0,24,0,0,0,0,0,0,0,0,2,1,0,6,0,0,0,0,0,0,0,0,0.0,0.0,3.0,3.0,13.0,0.3,0.21428571428571427,0.0,0.0,4.0,1.0,13.3,0.0,0.18181818181818182,0.0,0.0,5.0,,,,,-2.0,-6.0,-950.0,0.10638297872340426,0.3829787234042553,3,4,7.2,3.0,1503,35,1263,0.0,0.0,8.0,12.0,39.7,3.0,1.0,0.0,0.0,9.0,10.0,33.6,1.2,0.9,3.2,0.5,54.0,-1036.0,14.0,14.0,442.0,-0.07142857142857142,0.18181818181818182,,0.0,0.0,-8.82,0.0
606,202110040512,1,3,2,27,2,5,2,19,0,0,0,1,0,1,1,7,1,0,0,4,0,0,0,0,0,0,1,2,0,0,0,2,0,0,0,0,0.0,0.0,4.0,7.0,41.2,2.4,0.6666666666666666,0.0,0.0,10.0,9.0,38.8,2.0,0.8181818181818182,0.0,0.0,12.0,14.0,40.4,3.6,0.5625,3.5,8.0,200.0,0.0,0.1,7,12,17.9,7.0,1642,1482,1124,0.0,0.0,14.0,7.0,39.0,1.1,0.4666666666666667,0.0,0.0,9.0,8.0,38.2,1.4,0.6,0.0,0.0,54.0,-1143.0,14.0,9.0,500.0,0.0,0.0,-0.1875,0.06666666666666667,-0.2,0.5799999999999997,0.0
607,202110040512,1,3,1,5,1,0,1,15,0,0,0,0,0,0,0,1,0,0,1,0,0,0,0,0,0,0,0,0,0,0,0,0,0,0,0,0,0.0,0.0,5.0,,,,,0.0,0.0,6.0,11.0,34.7,1.1,0.7777777777777778,0.0,0.0,6.0,14.0,33.1,1.0,0.8333333333333334,3.0,12.0,-1110.0,0.06896551724137931,0.15517241379310345,4,5,7.4,4.0,1657,1503,1317,0.0,0.0,9.0,8.0,39.3,1.5,0.8125,0.0,0.0,5.0,4.0,35.3,0.7,0.3,-2.7,0.0,54.0,-638.0,14.0,9.0,454.0,,-0.05555555555555555,0.0,0.0,-0.1,-0.7999999999999978,0.0
608,202110040512,13,6,7,86,2,3,5,11,1,1,0,0,4,1,0,24,0,2,0,4,0,1,0,0,2,1,0,6,0,1,0,0,0,1,0,0,0.0,0.0,7.0,5.0,39.1,1.7,0.6,0.0,0.0,10.0,14.0,37.1,1.3,0.6,0.0,0.0,7.0,7.0,37.2,0.9,0.2,1.0,14.0,200.0,0.07352941176470588,0.2647058823529412,6,10,8.7,5.0,1503,334,1263,0.0,0.0,4.0,7.0,37.0,0.8,0.13333333333333333,0.0,0.0,12.0,3.0,38.5,0.3,0.25,-1.1,0.2,52.0,-1129.0,14.0,10.0,518.0,0.1,0.0,0.0,0.0,0.0,0.13000000000000042,0.0
609,202110040512,13,6,7,86,1,0,0,1,0,0,0,0,4,1,0,24,1,0,0,0,0,0,0,0,2,1,0,6,0,0,0,0,0,0,0,0,0.0,0.0,11.0,9.0,39.5,1.9,0.9090909090909091,0.0,0.0,6.0,8.0,38.7,2.4,0.8181818181818182,0.0,0.0,10.0,7.0,38.0,1.9,0.8333333333333334,-1.0,4.0,-100.0,0.0,0.05555555555555555,5,7,48.4,9.0,1503,1341,1263,0.0,0.0,9.0,7.0,36.9,0.8,0.5454545454545454,0.0,0.0,7.0,5.0,40.4,1.5,0.6363636363636364,-0.9,0.0,57.0,-1156.0,14.0,11.0,476.0,0.0,0.09090909090909091,-0.25,-0.09090909090909091,-0.2727272727272727,7.105427357601002e-16,0.0
610,202110040512,0,1,0,9,1,7,2,30,0,1,0,3,0,1,0,1,0,4,0,9,0,1,0,0,0,0,0,0,0,1,0,1,0,0,0,0,0.0,0.0,16.0,14.0,35.1,1.8,0.8823529411764706,0.0,0.0,11.0,13.0,35.9,1.1,0.2,0.0,0.0,18.0,8.0,35.0,0.7,0.5,-3.0,0.0,200.0,0.13333333333333333,0.2222222222222222,7,11,125.7,13.0,1333,1306,1294,0.0,0.0,8.0,8.0,35.5,1.0,0.25,0.0,0.0,10.0,7.0,35.9,1.0,0.5,-1.9,0.0,54.0,-554.0,14.0,17.0,480.0,0.0,0.0,0.0,0.125,0.21428571428571427,-0.11999999999999958,0.0
611,202110040512,0,0,5,20,6,8,5,64,0,0,0,2,0,0,0,1,1,4,3,15,0,0,0,0,0,0,0,0,0,1,1,2,0,0,0,0,0.0,0.0,2.0,,,,,0.0,0.0,1.0,1.0,13.4,0.0,0.2857142857142857,0.0,0.0,3.0,5.0,13.7,0.7,0.18181818181818182,4.0,-2.0,-2130.0,0.0,0.2,4,6,96.4,12.0,1306,1405,1445,0.0,0.0,4.0,2.0,13.5,0.3,0.09090909090909091,0.0,0.0,8.0,5.0,13.0,1.4,0.35714285714285715,0.9,0.5,51.0,-623.0,14.0,11.0,476.0,,-0.14285714285714285,0.18181818181818182,0.0,-0.07142857142857142,0.14000000000000004,0.0
612,202110040512,7,6,3,55,0,0,0,0,0,0,0,0,3,2,0,19,0,0,0,0,0,0,0,0,0,0,0,1,0,0,0,0,0,0,0,0,0.0,0.0,13.0,12.0,35.6,1.5,1.0,0.0,0.0,11.0,15.0,37.6,1.8,0.6875,0.0,0.0,11.0,12.0,34.6,0.7,0.75,0.0,2.0,0.0,0.03571428571428571,0.10714285714285714,1,1,54.7,10.0,1736,665,1482,0.0,0.0,11.0,6.0,35.5,0.8,0.5,0.0,0.0,10.0,11.0,35.4,1.2,0.5714285714285714,-1.1,0.0,54.0,-140.0,14.0,16.0,446.0,-0.25,0.0625,0.125,0.0,0.0,0.2500000000000007,0.0
613,202110040512,0,0,0,0,0,0,0,0,0,0,0,0,0,0,0,0,0,0,0,0,0,0,0,0,0,0,0,0,0,0,0,0,0,0,0,0,0.0,0.0,9.0,10.0,41.4,3.3,0.9,0.0,0.0,11.0,11.0,36.8,1.4,0.08333333333333333,0.0,0.0,12.0,11.0,40.0,2.5,0.3333333333333333,0.5,11.0,400.0,0.125,0.375,2,2,150.5,14.0,762,430,764,0.0,0.0,14.0,12.0,36.1,1.5,0.2857142857142857,0.0,0.0,15.0,17.0,35.7,2.1,0.1111111111111111,1.5,0.0,57.0,-1041.0,14.0,10.0,493.0,0.1,0.0,0.16666666666666666,-0.07142857142857142,0.0,1.2099999999999986,0.0
614,202110040512,2,4,5,9,1,0,0,0,1,0,0,0,0,2,0,3,0,0,0,0,0,0,0,0,0,0,0,0,0,0,0,0,0,0,0,0,0.0,0.0,10.0,13.0,38.8,1.7,0.1875,0.0,0.0,8.0,13.0,36.6,1.8,0.07142857142857142,0.0,0.0,5.0,8.0,34.8,0.7,0.35714285714285715,-2.5,4.0,400.0,0.0,0.13043478260869565,3,3,30.0,8.0,314,34,324,0.0,0.0,3.0,5.0,38.8,0.8,0.2,0.0,0.0,8.0,4.0,36.8,0.7,0.38461538461538464,-2.6,0.0,55.0,-28.0,14.0,16.0,494.0,0.0625,0.0,0.0,0.0,-0.07692307692307693,0.18000000000000044,0.0
615,202110040512,0,0,0,2,0,0,0,5,0,0,0,1,0,0,0,1,0,0,0,0,0,0,0,0,0,0,0,0,0,0,0,0,0,0,0,0,0.0,0.0,60.0,10.0,44.2,8.9,0.8,0.0,0.0,140.0,16.0,35.4,2.6,0.6470588235294118,0.0,0.0,110.0,14.0,36.6,2.7,0.7857142857142857,2.0,-11.0,300.0,0.0,0.0,6,9,75.1,11.0,1188,1313,1013,0.0,0.0,130.0,16.0,35.9,1.8,0.5555555555555556,0.0,0.0,30.0,10.0,35.8,1.3,0.25,0.0,0.0,51.0,-416.0,14.0,10.0,473.0,0.2,,0.21428571428571427,0.0,,1.6300000000000012,0.0
616,202110040607,15,7,8,83,1,7,2,30,0,0,0,0,1,1,2,21,0,4,0,9,0,0,0,0,0,1,1,15,0,2,0,7,0,0,0,0,0.0,0.0,40.0,9.0,37.9,1.9,0.05555555555555555,0.0,0.0,70.0,5.0,36.2,2.4,0.125,0.0,0.0,110.0,16.0,36.6,2.1,0.8888888888888888,3.5,-2.0,-200.0,0.09090909090909091,0.4090909090909091,6,12,44.8,10.0,1716,1306,1167,0.0,0.0,60.0,12.0,35.1,1.4,0.8333333333333334,,,,,,,,2.0,0.0,56.0,43.0,16.0,18.0,434.0,0.0,0.0625,0.05555555555555555,0.0,,0.7999999999999993,0.0
617,202110040607,5,4,3,28,1,7,2,30,0,0,0,0,2,1,1,9,0,4,0,9,0,0,0,0,1,1,1,8,0,2,0,7,0,0,0,0,0.0,0.0,20.0,5.0,41.0,0.8,0.5,0.0,0.0,30.0,12.0,37.1,0.9,0.2777777777777778,0.0,0.0,80.0,2.0,34.9,0.2,0.4,-1.5,-10.0,400.0,0.0,0.07692307692307693,4,7,20.3,8.0,1152,1306,1428,0.0,0.0,30.0,8.0,39.9,1.1,0.8461538461538461,0.0,0.0,10.0,7.0,34.5,0.8,0.5625,0.0,0.2,54.0,-278.0,16.0,8.0,468.0,0.0,0.05555555555555555,0.0,-0.07692307692307693,0.0625,1.0200000000000002,0.0
618,202110040607,4,4,2,47,1,0,0,6,0,0,0,0,0,1,0,15,0,0,0,0,0,0,0,0,0,0,0,7,0,0,0,0,0,0,0,0,0.0,0.0,3.0,1.0,41.2,0.0,0.25,0.0,0.0,1.0,3.0,35.2,0.3,0.4,0.0,0.0,1.0,3.0,34.3,0.2,0.9285714285714286,1.0,-4.0,-70.0,0.08571428571428572,0.2714285714285714,3,6,2.7,1.0,1304,910,1503,0.0,0.0,2.0,2.0,34.5,0.3,0.1111111111111111,0.0,0.0,4.0,2.0,34.1,0.2,0.16666666666666666,0.1,1.0,54.0,-233.0,16.0,8.0,504.0,0.0,0.0,0.07142857142857142,0.05555555555555555,-0.05555555555555555,1.4900000000000007,0.0
619,202110040607,0,0,0,8,1,1,0,30,0,0,0,0,0,0,0,3,0,1,0,6,0,0,0,0,0,0,0,2,0,0,0,2,0,0,0,0,0.0,0.0,6.0,,,,0.42857142857142855,0.0,0.0,7.0,8.0,13.3,1.9,1.0,0.0,0.0,2.0,1.0,13.2,0.0,0.5,-7.0,12.0,-1340.0,0.11764705882352941,0.3235294117647059,3,5,13.5,4.0,1343,1376,1428,0.0,0.0,1.0,2.0,13.2,0.3,0.7142857142857143,0.0,0.0,1.0,3.0,13.1,0.3,0.2857142857142857,-1.4,0.75,56.0,-580.0,16.0,7.0,462.0,0.14285714285714285,-0.38461538461538464,-0.375,-0.35714285714285715,-0.07142857142857142,0.06000000000000032,0.0
620,202110040607,0,2,3,6,0,0,0,2,0,0,0,0,0,0,1,2,0,0,0,1,0,0,0,0,0,0,0,1,0,0,0,1,0,0,0,0,0.0,0.0,8.0,11.0,46.1,5.2,0.08333333333333333,0.0,0.0,3.0,8.0,40.0,2.1,0.25,0.0,0.0,7.0,5.0,35.7,0.6,0.2,-3.0,6.0,400.0,0.047619047619047616,0.19047619047619047,5,9,17.4,7.0,1677,1736,1167,0.0,0.0,4.0,8.0,35.5,0.6,0.3333333333333333,0.0,0.0,11.0,3.0,34.9,0.8,0.25,-1.6,0.2,54.0,-159.0,16.0,12.0,480.0,0.8333333333333334,0.0,-0.06666666666666667,-0.05555555555555555,0.0625,2.6900000000000004,0.0
621,202110040607,1,1,0,4,7,6,1,71,0,0,0,0,1,0,0,1,1,2,1,10,0,0,0,0,0,0,0,1,1,2,1,2,0,0,0,0,0.0,0.0,100.0,80.0,40.3,1.6,0.8,0.0,0.0,50.0,60.0,35.7,0.6,0.13333333333333333,0.0,0.0,30.0,70.0,37.3,1.4,0.17647058823529413,-5.0,15.0,400.0,0.06666666666666667,0.15,1,1,14.7,5.0,1463,1183,1167,0.0,0.0,30.0,20.0,36.2,0.2,0.1111111111111111,0.0,0.0,110.0,30.0,37.0,0.5,0.1111111111111111,-14.0,0.0,56.0,-516.0,16.0,10.0,493.0,0.1,-0.06666666666666667,0.0,0.0,0.0,0.6099999999999994,0.0
622,202110040607,21,21,21,102,0,0,0,0,0,0,0,0,9,7,7,29,0,0,0,0,0,0,0,0,1,1,2,11,0,0,0,0,0,0,0,0,0.0,0.0,2.0,7.0,35.8,0.7,0.3333333333333333,0.0,0.0,1.0,2.0,33.4,0.1,0.17647058823529413,0.0,0.0,1.0,2.0,34.9,0.7,0.25,-2.5,4.0,0.0,0.0,0.11764705882352941,7,13,3.4,2.0,1428,982,1263,0.0,0.0,1.0,6.0,35.1,1.0,0.5333333333333333,0.0,0.0,2.0,2.0,34.0,0.3,0.6111111111111112,-0.6,0.6,54.0,0.0,16.0,15.0,448.0,-0.06666666666666667,0.0,-0.125,0.06666666666666667,-0.1111111111111111,0.18999999999999914,0.0
623,202110040607,21,21,21,102,0,3,0,5,0,1,0,0,9,7,7,29,0,0,0,1,0,0,0,0,1,1,2,11,0,0,0,1,0,0,0,0,0.0,0.0,2.0,6.0,41.8,2.1,0.8333333333333334,0.0,0.0,8.0,7.0,35.3,1.3,0.6666666666666666,0.0,0.0,3.0,8.0,35.4,0.8,0.9333333333333333,1.0,-4.0,400.0,0.10204081632653061,0.3877551020408163,8,15,5.6,3.0,1428,324,1263,0.0,0.0,7.0,2.0,34.2,0.0,0.8333333333333334,0.0,0.0,6.0,11.0,37.8,2.2,0.0625,0.5,0.2,56.0,-389.0,16.0,12.0,446.0,-0.25,-0.5,-0.3333333333333333,0.0,0.0625,0.9099999999999995,0.0
624,202110040607,3,1,1,2,2,3,5,11,0,1,0,0,0,1,0,0,0,2,0,4,0,1,0,0,0,0,0,0,0,0,0,3,0,0,0,0,0.0,0.0,12.0,12.0,42.7,3.1,0.2857142857142857,0.0,0.0,6.0,9.0,36.1,0.9,0.06666666666666667,0.0,0.0,10.0,8.0,36.5,1.1,0.3125,-2.0,-10.0,300.0,0.0,0.16666666666666666,1,2,17.2,6.0,1629,334,1428,0.0,0.0,9.0,12.0,39.4,2.3,0.25,0.0,0.0,7.0,10.0,39.3,1.9,0.8125,-0.1,0.0,51.0,-157.0,16.0,14.0,450.0,0.21428571428571427,0.06666666666666667,0.25,0.125,0.0,0.3500000000000014,0.0
625,202110040607,0,0,1,11,0,1,0,17,0,0,0,0,0,0,0,3,0,1,0,9,0,0,0,0,0,0,0,2,0,1,0,3,0,0,0,0,0.0,0.0,30.0,20.0,41.3,0.1,0.25,0.0,0.0,120.0,100.0,35.5,1.0,0.6,0.0,0.0,160.0,90.0,33.4,0.8,0.7647058823529411,35.0,33.0,500.0,0.0,0.25,4,8,110.9,12.0,1729,1014,1428,0.0,0.0,120.0,130.0,39.8,4.0,0.625,0.0,0.0,90.0,130.0,36.6,1.9,0.7222222222222222,25.0,0.0,54.0,-388.0,16.0,8.0,435.0,0.0,0.2,-0.11764705882352941,0.0,0.05555555555555555,0.5099999999999995,0.0
626,202110040607,1,1,0,4,0,2,4,8,0,0,0,0,1,0,0,1,0,0,0,2,0,0,0,0,0,0,0,1,0,0,0,0,0,0,0,0,0.0,0.0,14.0,13.0,39.7,5.1,1.0,0.0,0.0,11.0,11.0,36.3,1.2,0.4,0.0,0.0,8.0,5.0,36.0,1.0,0.07142857142857142,-4.0,-2.0,0.0,0.0,0.0,8,16,47.3,11.0,1463,939,1167,0.0,0.0,5.0,10.0,35.5,2.2,0.6111111111111112,0.0,0.0,7.0,7.0,35.6,1.3,0.8,-1.3,0.0,51.0,-111.0,16.0,14.0,472.0,0.0,-0.13333333333333333,0.0,0.1111111111111111,0.0,0.9,0.0
627,202110040607,21,21,21,102,0,1,0,1,0,0,0,0,9,7,7,29,0,0,0,1,0,0,0,0,1,1,2,11,0,0,0,0,0,0,0,0,0.0,0.0,9.0,12.0,36.1,1.3,0.6666666666666666,0.0,0.0,8.0,5.0,34.7,0.3,0.6666666666666666,0.0,0.0,7.0,15.0,36.3,1.6,0.6666666666666666,1.5,-4.0,0.0,0.11904761904761904,0.35714285714285715,5,10,20.7,9.0,1428,81,1263,0.0,0.0,8.0,4.0,35.9,0.4,0.16666666666666666,0.0,0.0,6.0,10.0,35.8,1.5,0.3888888888888889,-0.5,0.0,54.0,0.0,16.0,15.0,426.0,-0.26666666666666666,0.0,0.1111111111111111,0.0,0.0,-0.05999999999999872,0.0
628,202110040607,2,2,0,10,0,0,1,1,0,0,0,0,0,0,0,0,0,0,1,1,0,0,0,0,0,0,0,0,0,0,0,1,0,0,0,0,0.0,0.0,6.0,5.0,39.5,0.8,0.4166666666666667,0.0,0.0,14.0,13.0,36.4,1.8,0.2,0.0,0.0,13.0,14.0,35.8,2.1,0.9444444444444444,4.5,6.0,100.0,0.08333333333333333,0.16666666666666666,2,4,334.5,14.0,1733,1168,1428,,,,,,,,,,,,,,,4.5,0.0,54.0,-128.0,16.0,12.0,480.0,0.0,0.6666666666666666,0.05555555555555555,,,1.8500000000000014,0.0
629,202110040607,0,0,0,1,7,4,7,49,0,0,0,0,0,0,0,0,2,1,2,10,0,0,0,0,0,0,0,0,1,1,2,5,0,0,0,0,0.0,0.0,12.0,12.0,40.6,4.2,1.0,0.0,0.0,15.0,14.0,36.4,2.6,0.6666666666666666,0.0,0.0,10.0,8.0,35.7,1.5,1.0,-2.0,20.0,300.0,0.043478260869565216,0.043478260869565216,7,14,419.2,15.0,1175,1294,882,0.0,0.0,15.0,11.0,39.3,2.5,0.875,0.0,0.0,8.0,10.0,43.1,4.8,0.8181818181818182,-0.7,0.0,56.0,-724.0,16.0,12.0,470.0,0.0,0.26666666666666666,-0.08333333333333333,0.0,0.0,-0.7899999999999998,0.0
630,202110040607,6,4,7,72,10,5,7,57,0,0,0,1,2,1,1,26,2,0,2,15,0,0,0,1,1,0,1,5,1,0,1,6,0,0,0,0,0.0,0.0,10.0,8.0,41.0,1.7,0.9,0.0,0.0,13.0,15.0,39.9,6.2,0.8,0.0,0.0,10.0,14.0,39.3,6.4,0.9285714285714286,3.0,32.0,400.0,0.034482758620689655,0.10344827586206896,2,3,320.2,13.0,1506,1167,199,,,,,,,,,,,,,,,3.0,0.0,55.0,-388.0,16.0,10.0,506.0,0.0,0.2,0.07142857142857142,,,0.8500000000000014,0.0
631,202110040607,4,8,9,52,4,0,1,32,0,0,0,0,0,1,1,4,1,0,0,8,0,0,0,0,0,1,1,4,1,0,0,4,0,0,0,0,0.0,0.0,,,,,,0.0,0.0,130.0,9.0,36.0,1.9,0.6111111111111112,0.0,0.0,130.0,13.0,39.3,3.4,0.17647058823529413,4.0,4.0,0.0,,,6,11,,,1172,1618,1556,0.0,0.0,80.0,8.0,41.3,2.6,0.18181818181818182,0.0,0.0,50.0,14.0,42.8,4.6,0.9333333333333333,1.0,0.0,52.0,0.0,16.0,15.0,548.0,,0.2222222222222222,0.0,0.0,-0.2,-2.2399999999999993,0.0
632,202110040611,0,1,0,9,4,0,1,32,0,0,0,1,0,1,0,1,1,0,0,8,0,0,0,1,0,0,0,0,0,0,0,1,0,0,0,0,0.0,0.0,8.0,10.0,41.2,3.7,0.21428571428571427,0.0,0.0,2.0,9.0,34.7,0.8,0.5,0.0,0.0,14.0,11.0,34.9,0.6,0.1875,0.5,-13.0,-200.0,0.08333333333333333,0.1875,6,6,4.3,3.0,1333,1618,1294,0.0,0.0,2.0,1.0,33.9,0.0,0.5882352941176471,0.0,0.0,4.0,1.0,34.2,0.0,0.375,-2.6,0.4,56.0,-1043.0,10.0,14.0,457.0,0.2857142857142857,-0.0625,0.0625,-0.058823529411764705,0.0,1.4800000000000004,0.0
633,202110040611,1,1,2,14,8,4,5,73,0,1,0,0,0,0,0,2,3,1,2,22,0,0,0,0,0,0,0,0,0,0,0,0,0,0,0,0,0.0,0.0,13.0,4.0,36.8,0.4,0.6,0.0,0.0,12.0,14.0,36.8,2.5,0.1875,0.0,0.0,11.0,10.0,36.8,2.2,0.8666666666666667,3.0,-6.0,0.0,0.11627906976744186,0.3488372093023256,4,4,3.3,2.0,1583,1013,118,0.0,0.0,9.0,14.0,34.9,0.9,0.5,0.0,0.0,6.0,2.0,34.2,0.0,0.7142857142857143,-0.4,0.2,56.0,-615.0,10.0,15.0,494.0,-0.2,-0.0625,-0.6666666666666666,0.125,0.0,0.7099999999999987,0.0
634,202110040611,2,3,0,19,4,0,1,32,1,0,0,0,1,0,0,3,1,0,0,8,1,0,0,0,0,0,0,0,0,0,0,1,0,0,0,0,0.0,0.0,6.0,3.0,34.2,0.3,0.5,0.0,0.0,8.0,3.0,33.5,0.1,0.36363636363636365,0.0,0.0,5.0,7.0,34.4,0.5,0.9285714285714286,2.0,0.0,200.0,0.25,0.5,3,3,3.0,1.0,1169,1618,460,0.0,0.0,6.0,11.0,34.4,0.6,1.0,0.0,0.0,4.0,8.0,33.8,0.5,0.375,1.8,0.4,54.0,-839.0,10.0,16.0,474.0,-0.3125,0.0,0.07142857142857142,-0.06666666666666667,0.0625,-0.009999999999998722,0.0
635,202110040611,7,4,3,27,5,2,5,58,1,0,0,2,3,1,3,7,1,0,1,17,0,0,0,0,0,1,0,0,0,0,0,2,0,0,0,0,0.0,0.0,6.0,4.0,34.5,0.4,0.1,0.0,0.0,7.0,7.0,35.4,1.4,0.6666666666666666,0.0,0.0,12.0,9.0,36.1,1.0,0.5,2.5,8.0,0.0,0.1,0.38,7,8,29.7,6.0,1167,1428,460,0.0,0.0,10.0,13.0,38.6,2.1,0.75,0.0,0.0,12.0,11.0,34.7,1.2,0.5625,2.0,0.0,54.0,0.0,10.0,10.0,450.0,0.0,-0.1111111111111111,0.0,0.1875,0.0625,-0.3600000000000009,0.0
636,202110040611,0,0,5,20,6,8,5,64,0,0,0,2,0,0,0,1,1,4,3,15,0,0,0,0,0,0,0,0,0,1,0,0,0,0,0,0,0.0,0.0,15.0,15.0,34.8,1.8,0.9333333333333333,0.0,0.0,10.0,9.0,35.1,2.0,0.9,0.0,0.0,13.0,9.0,34.2,0.4,0.38461538461538464,-3.0,2.0,200.0,0.041666666666666664,0.041666666666666664,8,9,33.4,7.0,1306,1405,1445,0.0,0.0,16.0,8.0,34.6,0.5,0.8125,0.0,0.0,16.0,13.0,35.2,1.7,0.29411764705882354,-0.5,0.0,56.0,-419.0,10.0,15.0,462.0,-0.06666666666666667,-0.1,0.0,-0.4375,-0.058823529411764705,-0.030000000000001137,0.0
637,202110040611,7,4,6,52,0,0,0,10,0,0,0,2,1,1,1,7,0,0,0,3,0,0,0,1,0,0,0,2,0,0,0,1,0,0,0,1,0.0,0.0,10.0,13.0,35.8,1.7,0.23076923076923078,0.0,0.0,5.0,6.0,34.6,0.8,0.2,0.0,0.0,13.0,10.0,36.3,1.9,0.38461538461538464,-1.5,-2.0,-200.0,0.09523809523809523,0.42857142857142855,8,10,7.0,5.0,1393,322,1263,0.0,0.0,12.0,5.0,34.5,0.9,0.3076923076923077,0.0,0.0,5.0,10.0,34.8,0.8,0.45454545454545453,-0.7,0.0,56.0,-20.0,10.0,13.0,530.0,0.0,0.0,-0.07692307692307693,-0.07692307692307693,0.09090909090909091,0.21000000000000013,0.0
638,202110040611,21,21,21,102,0,0,0,0,0,0,0,0,9,7,7,29,0,0,0,0,0,0,0,0,2,1,2,3,0,0,0,0,0,0,0,0,0.0,0.0,50.0,3.0,37.4,0.7,0.42857142857142855,0.0,0.0,140.0,10.0,34.2,0.9,0.875,0.0,0.0,100.0,7.0,34.1,0.8,1.0,2.0,3.0,400.0,0.08450704225352113,0.28169014084507044,1,1,6.6,4.0,1428,59,1263,0.0,0.0,140.0,13.0,33.8,1.0,1.0,0.0,0.0,140.0,15.0,37.6,3.1,0.26666666666666666,2.7,0.2,56.0,-1058.0,10.0,7.0,485.0,0.0,0.0,-0.1,-0.26666666666666666,0.6666666666666666,0.0,0.0
639,202110040611,1,3,0,11,0,0,0,16,0,0,0,2,0,0,0,3,0,0,0,4,0,0,0,0,0,0,0,0,0,0,0,0,0,0,0,0,0.0,0.0,2.0,,,,,0.0,0.0,1.0,5.0,13.1,0.3,0.38461538461538464,0.0,0.0,1.0,2.0,13.5,0.1,0.2,-3.0,-2.0,-1060.0,0.06557377049180328,0.14754098360655737,7,7,51.9,8.0,1465,1036,1328,0.0,0.0,5.0,1.0,13.7,0.0,0.35714285714285715,0.0,0.0,8.0,8.0,34.4,1.0,0.7,0.8,0.5,56.0,-349.0,10.0,8.0,486.0,,-0.23076923076923078,0.0,-0.21428571428571427,-0.1,-6.409999999999999,0.0
640,202110040611,2,1,2,6,0,1,0,11,0,0,0,0,0,0,0,2,0,1,0,2,0,0,0,0,0,0,0,1,0,0,0,1,0,0,0,0,0.0,0.0,40.0,1.0,36.6,0.0,0.6363636363636364,0.0,0.0,120.0,10.0,35.7,2.1,0.8333333333333334,0.0,0.0,150.0,12.0,37.8,1.3,0.9375,5.5,13.0,200.0,0.09090909090909091,0.2727272727272727,5,5,78.3,9.0,1110,1589,938,0.0,0.0,130.0,12.0,37.4,1.1,0.6875,0.0,0.0,90.0,9.0,34.4,1.4,0.9,1.8,0.2,56.0,-1045.0,10.0,11.0,501.0,-0.18181818181818182,-0.08333333333333333,0.0,-0.125,0.1,0.270000000000001,0.0
641,202110040611,1,0,0,1,1,0,2,14,0,0,0,0,0,0,0,0,0,0,0,1,0,0,0,0,0,0,0,0,0,0,0,0,0,0,0,0,0.0,0.0,90.0,9.0,40.2,1.9,1.0,0.0,0.0,100.0,10.0,35.2,2.0,0.7,0.0,0.0,150.0,10.0,38.5,1.8,0.8666666666666667,0.5,15.0,500.0,0.0,0.1111111111111111,2,2,158.0,10.0,1137,1721,556,0.0,0.0,150.0,14.0,36.5,1.7,1.0,0.0,0.0,130.0,15.0,36.5,1.5,1.0,1.6,0.0,56.0,-1057.0,10.0,11.0,489.0,-0.09090909090909091,0.2,-0.06666666666666667,0.0,0.0,0.6100000000000009,0.0
642,202110040701,0,0,0,0,0,1,0,20,0,0,0,0,0,0,0,0,0,1,0,4,0,0,0,0,0,0,0,0,0,1,0,2,0,0,0,0,0.0,0.0,6.0,14.0,36.0,1.4,0.875,0.0,0.0,8.0,8.0,34.6,1.0,0.8,0.0,0.0,8.0,15.0,35.2,1.5,0.6875,0.5,8.0,0.0,0.0,0.058823529411764705,8,14,116.2,10.0,1064,1167,1556,0.0,0.0,7.0,8.0,33.7,0.9,0.8,0.0,0.0,6.0,3.0,33.9,0.7,1.0,-2.2,0.2,54.0,-497.0,14.0,16.0,480.0,0.0625,0.1,0.125,-0.2,-0.18181818181818182,0.5100000000000001,0.0
643,202110040701,2,2,4,23,2,2,3,18,0,0,0,1,1,2,2,4,2,0,0,7,0,0,0,0,0,0,0,1,2,0,0,2,0,0,0,0,0.0,0.0,1.0,3.0,34.8,0.0,0.2222222222222222,0.0,0.0,11.0,5.0,36.8,0.2,0.2,0.0,0.0,10.0,10.0,35.6,1.1,0.2777777777777778,3.5,2.0,400.0,0.10204081632653061,0.20408163265306123,6,9,7.5,3.0,1691,1405,1167,0.0,0.0,7.0,2.0,33.9,0.1,0.3333333333333333,0.0,0.0,13.0,2.0,36.1,0.3,0.5,-0.5,0.6,54.0,-358.0,14.0,18.0,516.0,0.0,-0.06666666666666667,-0.05555555555555555,-0.1111111111111111,0.0,0.029999999999999007,0.0
644,202110040701,1,2,2,22,0,1,0,2,0,0,0,0,0,0,0,7,0,0,0,0,0,0,0,0,0,0,0,1,0,0,0,0,0,0,0,0,0.0,0.0,2.0,7.0,39.8,1.1,0.08333333333333333,0.0,0.0,5.0,5.0,13.8,4.1,0.8,0.0,0.0,8.0,9.0,13.9,4.7,0.7,1.0,-1.0,-200.0,0.03225806451612903,0.12903225806451613,2,2,4.8,2.0,1503,324,1263,0.0,0.0,9.0,6.0,34.7,0.7,0.3333333333333333,0.0,0.0,17.0,17.0,36.9,2.6,0.23529411764705882,2.1,0.0,53.0,-1109.0,14.0,12.0,503.0,0.16666666666666666,0.2,0.2,-0.1111111111111111,0.0,-1.510000000000001,0.0
645,202110040701,0,3,3,12,0,0,0,6,0,0,0,0,0,1,1,4,0,0,0,1,0,0,0,0,0,0,0,3,0,0,0,0,0,0,0,0,0.0,0.0,10.0,8.0,41.2,2.6,1.0,0.0,0.0,14.0,13.0,36.5,1.6,0.8888888888888888,0.0,0.0,6.0,5.0,35.9,0.7,0.9375,-1.5,20.0,100.0,0.0,0.1,7,12,46.5,8.0,1304,1036,1503,0.0,0.0,11.0,4.0,35.8,0.4,1.0,0.0,0.0,11.0,7.0,35.9,1.1,0.7222222222222222,-1.1,0.0,54.0,-1052.0,14.0,11.0,452.0,0.0,-0.1111111111111111,-0.625,-0.4117647058823529,-0.2777777777777778,1.1300000000000012,0.0
646,202110040701,0,0,0,0,0,1,1,12,0,0,0,0,0,0,0,0,0,0,0,3,0,0,0,0,0,0,0,0,0,0,0,2,0,0,0,0,0.0,0.0,9.0,3.0,34.4,0.2,0.38461538461538464,0.0,0.0,10.0,7.0,37.2,1.2,0.2777777777777778,0.0,0.0,13.0,8.0,35.8,0.4,0.6666666666666666,2.5,12.0,600.0,0.13636363636363635,0.3409090909090909,5,7,2.0,1.0,1270,1345,969,0.0,0.0,17.0,6.0,35.3,0.5,0.6111111111111112,0.0,0.0,12.0,14.0,37.9,1.8,0.8125,2.1,0.2,54.0,-617.0,14.0,13.0,470.0,0.07692307692307693,0.05555555555555555,0.0,0.0,0.0,-0.5099999999999995,0.0
647,202110040701,1,0,2,11,0,0,0,6,0,0,0,0,0,0,2,2,0,0,0,1,0,0,0,0,0,0,2,0,0,0,0,0,0,0,0,0,0.0,0.0,9.0,12.0,36.9,1.7,1.0,0.0,0.0,7.0,7.0,35.7,0.7,0.5555555555555556,0.0,0.0,11.0,9.0,37.4,1.8,1.0,-1.5,-4.0,-400.0,0.0,0.14285714285714285,4,5,177.5,12.0,1736,1036,1482,0.0,0.0,8.0,6.0,36.5,0.5,0.9166666666666666,0.0,0.0,5.0,13.0,37.0,1.8,0.9333333333333333,0.1,0.0,51.0,-1120.0,14.0,14.0,494.0,-0.07142857142857142,0.0,-0.3333333333333333,-0.5833333333333334,-0.13333333333333333,-0.1,0.0
648,202110040701,0,0,0,0,0,0,0,3,0,0,0,0,0,0,0,0,0,0,0,1,0,0,0,0,0,0,0,0,0,0,0,1,0,0,0,0,0.0,0.0,,,,,,0.0,0.0,140.0,10.0,38.5,1.8,0.7333333333333333,0.0,0.0,110.0,9.0,40.1,2.2,0.4166666666666667,-1.0,,400.0,0.038461538461538464,0.038461538461538464,7,11,84.8,9.0,1064,1417,1556,0.0,0.0,50.0,7.0,41.5,4.2,0.2,0.0,0.0,90.0,7.0,38.0,1.2,0.42857142857142855,-1.1,0.0,54.0,-1054.0,14.0,11.0,,,0.0,0.3333333333333333,0.1,-0.07142857142857142,0.010000000000000142,0.0
649,202110040701,1,2,2,22,0,0,0,0,0,0,0,0,0,0,0,7,0,0,0,0,0,0,0,0,0,0,0,1,0,0,0,0,0,0,0,0,0.0,0.0,1.0,1.0,36.8,0.0,0.08333333333333333,0.0,0.0,13.0,13.0,41.8,4.8,0.125,0.0,0.0,9.0,8.0,40.3,1.8,0.42857142857142855,3.5,4.0,980.0,0.0,0.0,6,10,26.6,6.0,1503,938,1263,0.0,0.0,13.0,15.0,44.5,9.1,0.4,0.0,0.0,6.0,8.0,37.6,1.2,0.5714285714285714,1.6,0.2,51.0,-1054.0,14.0,12.0,488.0,0.0,0.25,0.14285714285714285,0.6,0.07142857142857142,-0.43000000000000116,0.0
650,202110040701,0,0,0,5,0,1,1,12,0,0,0,0,0,0,0,1,0,0,0,3,0,0,0,0,0,0,0,1,0,0,0,2,0,0,0,0,0.0,0.0,10.0,10.0,41.8,3.6,0.8,0.0,0.0,17.0,17.0,38.2,2.3,0.05555555555555555,0.0,0.0,16.0,16.0,40.7,3.6,0.9375,3.0,11.0,400.0,0.043478260869565216,0.17391304347826086,3,3,117.5,11.0,1455,1345,1428,0.0,0.0,12.0,10.0,39.1,2.7,0.6875,0.0,0.0,11.0,9.0,37.3,1.4,0.7857142857142857,-0.9,0.0,54.0,-417.0,14.0,10.0,437.0,0.2,0.16666666666666666,0.0625,0.125,-0.14285714285714285,0.8100000000000002,0.0
651,202110040701,0,1,0,8,0,2,2,17,0,0,0,0,0,0,0,1,0,1,2,2,0,0,0,0,0,0,0,1,0,0,0,0,0,0,0,0,0.0,0.0,7.0,5.0,40.9,1.8,0.4166666666666667,0.0,0.0,15.0,13.0,41.0,4.1,0.625,0.0,0.0,9.0,14.0,38.7,1.9,0.6875,4.5,-12.0,400.0,0.09803921568627451,0.37254901960784315,3,4,10.9,5.0,1098,1556,1294,0.0,0.0,6.0,8.0,41.5,3.7,0.5,0.0,0.0,5.0,10.0,38.1,1.4,0.6428571428571429,0.5,0.0,54.0,-733.0,14.0,12.0,466.0,0.0,0.0,0.0625,-0.125,-0.2857142857142857,0.5099999999999995,0.0
652,202110040701,4,2,1,18,0,0,0,3,0,0,0,0,1,0,0,7,0,0,0,3,0,0,0,0,0,0,0,2,0,0,0,1,0,0,0,0,0.0,0.0,90.0,9.0,47.0,6.9,0.4444444444444444,0.0,0.0,140.0,12.0,39.2,1.7,0.3333333333333333,0.0,0.0,130.0,11.0,38.2,1.0,0.4375,1.0,-9.0,300.0,0.0425531914893617,0.2127659574468085,1,1,7.7,4.0,1393,1708,1263,0.0,0.0,150.0,6.0,37.9,1.0,0.3125,0.0,0.0,70.0,13.0,39.7,3.3,0.46153846153846156,0.2,0.0,54.0,-1054.0,14.0,9.0,469.0,0.5555555555555556,0.0,-0.0625,0.0,-0.15384615384615385,1.5899999999999999,0.0
653,202110040701,0,0,0,0,1,0,0,1,0,0,0,0,0,0,0,0,0,0,0,1,0,0,0,0,0,0,0,0,0,0,0,0,0,0,0,0,0.0,0.0,6.0,5.0,41.2,1.0,0.4166666666666667,0.0,0.0,5.0,6.0,34.7,0.7,0.3888888888888889,0.0,0.0,11.0,5.0,37.8,0.6,0.3125,0.0,6.0,400.0,0.125,0.4166666666666667,8,13,36.4,7.0,1401,1685,517,0.0,0.0,4.0,10.0,38.0,0.9,0.5625,0.0,0.0,2.0,3.0,34.9,0.6,0.5,0.0,0.2,54.0,-1049.0,14.0,12.0,466.0,0.0,0.0,-0.0625,0.0,-0.1111111111111111,0.9300000000000012,0.0
654,202110040701,4,2,1,18,0,0,0,0,0,0,0,0,1,0,0,7,0,0,0,0,0,0,0,0,0,0,0,2,0,0,0,0,0,0,0,0,0.0,0.0,50.0,12.0,45.0,4.9,0.5,0.0,0.0,120.0,12.0,41.3,4.4,0.5833333333333334,0.0,0.0,130.0,13.0,43.4,6.8,0.21428571428571427,0.5,38.0,400.0,0.06451612903225806,0.14516129032258066,4,6,198.9,13.0,1393,803,1263,0.0,0.0,60.0,13.0,36.4,2.3,0.7058823529411765,,,,,,,,0.4,0.0,54.0,-527.0,14.0,12.0,564.0,0.4166666666666667,0.08333333333333333,0.7142857142857143,0.11764705882352941,,2.37,0.0
655,202110040701,0,0,0,0,0,0,0,0,0,0,0,0,0,0,0,0,0,0,0,0,0,0,0,0,0,0,0,0,0,0,0,0,0,0,0,0,0.0,0.0,8.0,9.0,41.0,3.7,0.6,0.0,0.0,18.0,17.0,35.8,3.5,0.9444444444444444,0.0,0.0,14.0,14.0,43.1,7.9,0.35714285714285715,2.5,0.0,500.0,0.08,0.16,5,8,204.6,14.0,1426,1239,306,0.0,0.0,9.0,9.0,35.7,1.6,0.5714285714285714,0.0,0.0,9.0,11.0,37.6,1.7,0.5333333333333333,-0.4,0.0,54.0,-595.0,14.0,10.0,460.0,0.3,0.0,0.6428571428571429,0.0,0.26666666666666666,0.6899999999999992,0.0
656,202110040708,2,3,3,14,0,0,0,0,0,0,0,0,0,0,0,3,0,0,0,0,0,0,0,0,0,0,0,2,0,0,0,0,0,0,0,0,0.0,0.0,50.0,11.0,34.7,1.2,0.5625,0.0,0.0,8.0,7.0,33.9,0.6,1.0,0.0,0.0,7.0,9.0,33.4,0.7,0.625,-1.0,0.0,0.0,0.41379310344827586,0.7241379310344828,2,2,1.1,1.0,1428,499,1263,0.0,0.0,1.0,7.0,34.7,0.5,0.5,0.0,0.0,2.0,3.0,33.2,0.3,0.38461538461538464,-1.6,0.2,54.0,-1198.0,11.0,16.0,514.0,0.3125,0.0,0.0,-0.05555555555555555,0.0,0.21999999999999958,0.0
657,202110040708,2,3,0,5,0,1,0,0,0,1,0,0,1,0,0,3,0,0,0,0,0,0,0,0,0,0,0,1,0,0,0,0,0,0,0,0,0.0,0.0,80.0,12.0,40.2,3.7,0.8571428571428571,0.0,0.0,70.0,12.0,39.2,1.9,0.9375,0.0,0.0,30.0,12.0,38.0,1.7,0.375,0.0,-12.0,0.0,0.0,0.1111111111111111,7,9,171.8,10.0,1152,613,1428,0.0,0.0,40.0,4.0,38.0,1.1,0.4444444444444444,0.0,0.0,30.0,4.0,37.4,0.5,0.1,-2.4,0.0,57.0,21.0,11.0,14.0,458.0,0.07142857142857142,0.0,0.0,-0.1111111111111111,0.0,0.6800000000000012,0.0
658,202110040708,0,0,0,0,0,0,1,3,0,0,0,0,0,0,0,0,0,0,0,0,0,0,0,0,0,0,0,0,0,0,0,0,0,0,0,0,0.0,0.0,13.0,12.0,35.1,0.8,0.7857142857142857,0.0,0.0,7.0,7.0,33.3,0.5,0.8571428571428571,0.0,0.0,12.0,14.0,34.2,1.5,1.0,1.0,0.0,-200.0,0.03333333333333333,0.1,3,3,9.8,2.0,1463,1170,1167,0.0,0.0,13.0,11.0,33.5,1.1,0.875,0.0,0.0,8.0,4.0,34.0,0.6,0.5833333333333334,-1.2,0.0,51.0,-1162.0,11.0,14.0,504.0,0.07142857142857142,0.0,0.0,-0.125,0.0,0.2,0.0
659,202110040708,0,0,0,0,2,1,1,12,0,0,0,0,0,0,0,0,1,1,0,4,0,0,0,0,0,0,0,0,0,1,0,1,0,0,0,0,0.0,0.0,3.0,3.0,34.6,0.6,0.5,0.0,0.0,2.0,3.0,34.3,0.0,0.4166666666666667,0.0,0.0,4.0,7.0,32.6,0.6,1.0,2.0,0.0,600.0,0.13953488372093023,0.3488372093023256,4,4,10.2,3.0,1657,1428,1317,0.0,0.0,2.0,1.0,33.4,0.0,0.9444444444444444,0.0,0.0,8.0,2.0,34.3,0.2,0.8333333333333334,-0.4,0.8,52.0,-882.0,11.0,12.0,490.0,0.0,0.0,0.0,-0.2777777777777778,0.0,0.15000000000000072,0.0
660,202110040708,0,0,0,0,1,1,0,10,0,0,0,0,0,0,0,0,0,0,0,1,0,0,0,0,0,0,0,0,0,0,0,0,0,0,0,0,0.0,0.0,9.0,5.0,34.5,0.7,1.0,0.0,0.0,7.0,7.0,35.7,1.0,0.7647058823529411,0.0,0.0,7.0,13.0,41.7,4.0,0.1875,4.0,0.0,0.0,0.0,0.05263157894736842,7,8,134.5,9.0,1463,848,1167,,,,,,,,,,,,,,,4.0,0.0,52.0,0.0,11.0,11.0,492.0,-0.2727272727272727,0.23529411764705882,0.25,,,-3.6000000000000014,0.0
661,202110040708,1,3,1,7,0,0,2,16,0,0,0,0,1,0,0,3,0,0,1,2,0,0,0,0,1,0,0,1,0,0,0,1,0,0,0,0,0.0,0.0,70.0,6.0,36.7,0.7,0.9333333333333333,0.0,0.0,20.0,3.0,34.2,0.3,0.7142857142857143,0.0,0.0,20.0,2.0,34.2,0.4,0.7777777777777778,-2.0,0.0,-200.0,0.13043478260869565,0.43478260869565216,6,6,23.2,4.0,1728,1167,1169,0.0,0.0,40.0,7.0,34.2,1.2,0.9411764705882353,0.0,0.0,10.0,4.0,34.6,0.5,0.7777777777777778,0.0,0.4,57.0,49.0,11.0,15.0,532.0,-0.4,0.0,-0.2222222222222222,0.0,-0.2222222222222222,0.42000000000000026,0.0
662,202110040708,1,2,4,16,1,1,2,8,0,0,0,0,1,2,0,3,0,0,1,2,0,0,0,0,0,1,0,1,0,0,1,0,0,0,0,0,0.0,0.0,6.0,9.0,37.3,1.4,0.8181818181818182,0.0,0.0,2.0,7.0,39.5,1.8,0.875,0.0,0.0,1.0,10.0,35.9,0.8,0.5625,0.5,-8.0,-200.0,0.0,0.0,8,10,34.5,5.0,1393,1294,1263,0.0,0.0,2.0,2.0,36.6,0.3,0.4375,0.0,0.0,6.0,3.0,35.1,0.2,0.8888888888888888,-1.7,0.4,57.0,-533.0,11.0,11.0,438.0,-0.09090909090909091,0.0,-0.3125,-0.3125,-0.6666666666666666,0.729999999999999,0.0
663,202110040708,1,2,2,15,1,1,0,2,1,0,0,1,0,0,1,5,0,0,0,1,0,0,0,1,0,0,0,2,0,0,0,1,0,0,0,1,0.0,0.0,14.0,12.0,36.7,1.0,0.5333333333333333,0.0,0.0,10.0,11.0,13.8,8.4,0.5,0.0,0.0,18.0,17.0,36.6,1.9,0.9444444444444444,2.5,-2.0,-200.0,0.0,0.10526315789473684,1,1,180.5,11.0,1561,1039,1263,0.0,0.0,13.0,7.0,35.6,0.6,0.625,0.0,0.0,11.0,8.0,35.4,1.4,0.8181818181818182,-1.2,0.0,55.0,-427.0,11.0,15.0,466.0,-0.26666666666666666,0.25,-0.05555555555555555,-0.125,-0.09090909090909091,-1.9199999999999993,0.0
664,202110040708,4,2,1,34,2,0,1,24,0,0,0,2,0,0,1,9,0,0,0,4,0,0,0,1,0,0,0,5,0,0,0,3,0,0,0,1,0.0,0.0,15.0,,,,0.3125,0.0,0.0,11.0,13.0,36.2,1.4,0.5,0.0,0.0,14.0,9.0,37.3,1.0,0.625,-4.0,-2.0,0.0,0.0,0.0,5,5,53.1,7.0,1691,1556,1167,0.0,0.0,7.0,9.0,35.9,1.9,0.5454545454545454,0.0,0.0,10.0,12.0,37.1,2.4,0.125,-0.3,0.0,52.0,-133.0,11.0,16.0,466.0,0.6875,0.3125,-0.0625,0.45454545454545453,0.0,-0.12999999999999973,0.0
665,202110040708,2,3,3,14,0,0,2,16,0,0,0,0,0,0,0,3,0,0,1,2,0,0,0,0,0,0,0,2,0,0,0,1,0,0,0,0,0.0,0.0,13.0,14.0,36.0,1.3,0.9375,0.0,0.0,8.0,10.0,36.9,2.1,0.18181818181818182,0.0,0.0,7.0,10.0,39.8,4.0,0.2,-2.0,16.0,-200.0,0.045454545454545456,0.18181818181818182,8,11,80.1,8.0,1428,1167,1263,0.0,0.0,3.0,5.0,34.8,1.0,1.0,0.0,0.0,6.0,7.0,36.7,0.8,0.2857142857142857,-1.9,0.0,57.0,-455.0,11.0,16.0,472.0,-0.125,0.0,0.4,0.0,0.07142857142857142,0.06999999999999958,0.0
666,202110040708,0,0,0,0,0,1,1,9,0,0,0,0,0,0,0,0,0,0,0,5,0,0,0,0,0,0,0,0,0,0,0,3,0,0,0,0,0.0,0.0,5.0,8.0,42.1,3.3,0.8,0.0,0.0,10.0,7.0,36.5,1.0,0.625,0.0,0.0,5.0,12.0,38.8,1.1,0.125,2.0,24.0,500.0,0.04,0.04,6,7,52.4,6.0,1657,1618,1317,0.0,0.0,5.0,4.0,36.9,0.6,0.375,0.0,0.0,2.0,4.0,36.2,0.6,0.9166666666666666,-1.1,0.0,54.0,-1001.0,11.0,10.0,468.0,0.0,-0.125,0.0625,0.0,-0.16666666666666666,1.14,0.0
667,202110040805,13,6,7,86,0,0,0,3,0,0,0,0,4,1,0,24,0,0,0,2,0,0,0,0,0,0,0,1,0,0,0,0,0,0,0,0,0.0,0.0,,,,,,0.0,0.0,10.0,1.0,32.7,0.0,0.9285714285714286,0.0,0.0,20.0,1.0,32.5,0.0,0.9333333333333333,0.0,,-700.0,0.09523809523809523,0.3333333333333333,8,13,1.7,1.0,1503,962,1263,0.0,0.0,10.0,6.0,34.6,0.9,0.8461538461538461,0.0,0.0,10.0,5.0,,,,1.7,0.5,54.0,-1204.0,13.0,15.0,,,-0.42857142857142855,-0.06666666666666667,0.0,,-0.9499999999999993,0.0
668,202110040805,0,0,0,0,7,6,1,71,0,0,0,0,0,0,0,0,1,2,1,10,0,0,0,0,0,0,0,0,0,0,0,4,0,0,0,0,,,,,,,,,,,,,,,,,,,,,,,,,0.13043478260869565,0.32608695652173914,7,10,9.3,3.0,1154,1183,1561,,,,,,,,,,,,,,,,,54.0,,13.0,,,,,,,,,
669,202110040805,3,3,3,41,1,0,1,17,0,0,0,0,2,1,1,14,0,0,0,3,0,0,0,0,0,0,0,3,0,0,0,0,0,0,0,0,,,,,,,,,,,,,,,,,,,,,,,,,0.09433962264150944,0.3584905660377358,7,11,4.7,2.0,1561,1170,1263,,,,,,,,,,,,,,,,,54.0,,13.0,,,,,,,,,
670,202110040805,1,1,0,4,0,1,0,2,0,0,0,0,1,0,0,1,0,1,0,0,0,0,0,0,1,0,0,0,0,0,0,0,0,0,0,0,,,,,,,,,,,,,,,,,,,,,,,,,0.0,0.03571428571428571,4,4,46.7,7.0,1463,549,1167,,,,,,,,,,,,,,,,,54.0,,13.0,,,,,,,,,
671,202110040805,7,6,3,55,0,0,1,3,0,0,0,0,3,2,0,19,0,0,1,2,0,0,0,0,0,0,0,0,0,0,0,0,0,0,0,0,0.0,0.0,14.0,10.0,37.9,1.5,0.42857142857142855,0.0,0.0,13.0,12.0,39.2,2.5,0.4666666666666667,0.0,0.0,9.0,8.0,13.8,5.9,0.7,-1.0,2.0,-100.0,0.0821917808219178,0.273972602739726,4,5,52.4,9.0,1736,557,1482,0.0,0.0,9.0,6.0,13.8,5.9,0.6153846153846154,0.0,0.0,7.0,4.0,14.0,3.9,0.4444444444444444,-1.8,0.0,54.0,-973.0,13.0,14.0,480.0,0.14285714285714285,0.4,0.2,0.0,0.0,7.32,0.0
672,202110040805,1,1,0,4,4,8,8,33,0,0,0,0,1,0,0,1,2,1,0,5,0,0,0,0,1,0,0,0,0,0,0,2,0,0,0,0,0.0,0.0,20.0,,,,0.8888888888888888,0.0,0.0,50.0,9.0,37.1,1.7,0.1875,0.0,0.0,60.0,9.0,36.1,1.2,0.7333333333333333,0.0,16.0,-200.0,0.0,0.08333333333333333,6,8,21.7,6.0,1463,1345,1167,0.0,0.0,50.0,8.0,35.1,1.7,0.4,0.0,0.0,60.0,6.0,35.3,1.3,0.3076923076923077,-1.0,0.0,54.0,-660.0,13.0,9.0,518.0,0.1111111111111111,0.0,-0.2,0.0,0.07692307692307693,0.6400000000000012,0.0
673,202110040805,4,8,9,52,7,4,7,49,0,0,1,2,0,1,1,4,2,1,2,10,0,0,0,0,0,0,0,0,0,0,0,0,0,0,0,0,0.0,0.0,5.0,11.0,42.5,2.7,0.25,0.0,0.0,12.0,15.0,39.1,2.6,0.3125,0.0,0.0,11.0,12.0,40.2,3.1,0.4166666666666667,0.5,-2.0,400.0,0.07692307692307693,0.15384615384615385,2,2,47.7,8.0,1172,1294,1556,0.0,0.0,9.0,14.0,36.8,2.3,0.1875,0.0,0.0,6.0,4.0,37.4,1.0,0.07692307692307693,-1.5,0.0,54.0,-686.0,13.0,12.0,500.0,0.25,0.125,-0.16666666666666666,-0.0625,0.0,1.2500000000000007,0.0
674,202110040805,3,3,0,30,4,8,8,33,0,0,0,1,0,0,0,3,2,1,0,5,0,0,0,1,0,0,0,1,0,0,0,2,0,0,0,0,,,,,,,,,,,,,,,,,,,,,,,,,0.041666666666666664,0.20833333333333334,8,12,13.8,4.0,1183,1345,1558,,,,,,,,,,,,,,,,,54.0,,13.0,,,,,,,,,
675,202110040805,7,4,6,52,1,0,0,1,0,0,0,0,1,1,1,7,0,0,0,0,0,0,0,0,0,0,0,0,0,0,0,0,0,0,0,0,,,,,,,,,,,,,,,,,,,,,,,,,0.09803921568627451,0.21568627450980393,1,1,15.8,5.0,1393,61,1263,,,,,,,,,,,,,,,,,54.0,,13.0,,,,,,,,,
676,202110040805,0,0,0,0,0,0,0,3,0,0,0,0,0,0,0,0,0,0,0,1,0,0,0,0,0,0,0,0,0,0,0,0,0,0,0,0,0.0,0.0,3.0,,,,0.7142857142857143,0.0,0.0,15.0,15.0,37.1,2.0,0.6875,0.0,0.0,9.0,8.0,13.8,5.5,0.8888888888888888,-7.0,-11.0,200.0,0.07692307692307693,0.23076923076923078,5,7,88.4,11.0,1146,1332,512,0.0,0.0,11.0,10.0,43.4,6.4,0.6363636363636364,0.0,0.0,15.0,12.0,39.4,2.4,0.7333333333333333,-0.7,0.0,54.0,-1055.0,13.0,7.0,549.0,0.2857142857142857,-0.125,0.0,0.2727272727272727,-0.06666666666666667,-3.6499999999999995,0.0
677,202110040805,1,1,2,34,0,0,0,1,0,0,0,0,0,0,0,2,0,0,0,1,0,0,0,0,0,0,0,0,0,0,0,0,0,0,0,0,0.0,0.0,2.0,9.0,42.4,1.2,0.5,0.0,0.0,10.0,8.0,39.0,2.0,0.3076923076923077,0.0,0.0,14.0,9.0,39.2,2.4,0.4375,0.0,-3.0,200.0,0.05555555555555555,0.1111111111111111,5,6,143.2,12.0,1036,1374,1108,0.0,0.0,14.0,11.0,39.1,2.4,0.3333333333333333,0.0,0.0,6.0,8.0,41.9,5.6,0.8,0.1,0.0,54.0,-1038.0,13.0,12.0,501.0,-0.16666666666666666,0.07692307692307693,-0.125,0.0,0.0,0.08999999999999986,0.0
678,202110040805,3,3,3,41,0,1,0,5,0,0,0,0,2,1,1,14,0,0,0,1,0,0,0,0,0,0,0,3,0,0,0,0,0,0,0,0,0.0,0.0,12.0,12.0,13.7,7.6,0.9285714285714286,0.0,0.0,6.0,11.0,13.8,8.7,0.8333333333333334,0.0,0.0,10.0,15.0,40.8,2.9,0.5,1.5,-2.0,-970.0,0.06349206349206349,0.14285714285714285,6,9,79.9,10.0,1561,1110,1263,0.0,0.0,12.0,9.0,36.5,0.8,1.0,0.0,0.0,11.0,11.0,39.2,1.9,0.7692307692307693,-0.4,0.0,54.0,-958.0,13.0,14.0,506.0,-0.07142857142857142,0.08333333333333333,0.125,0.0,0.07692307692307693,-7.37,0.0
679,202110040805,0,0,0,8,0,0,1,9,0,0,0,0,0,0,0,2,0,0,0,2,0,0,0,0,0,0,0,0,0,0,0,0,0,0,0,0,0.0,0.0,5.0,6.0,41.4,1.7,0.5,0.0,0.0,15.0,15.0,41.2,3.5,0.7333333333333333,0.0,0.0,10.0,9.0,40.0,4.4,0.6,1.5,0.0,400.0,0.1276595744680851,0.23404255319148937,3,3,202.6,13.0,1449,1685,1306,0.0,0.0,12.0,9.0,41.6,3.2,1.0,0.0,0.0,14.0,11.0,40.7,2.2,0.7857142857142857,0.4,0.0,53.0,-426.0,13.0,10.0,458.0,0.1,0.2,0.4,0.0,0.07142857142857142,0.09999999999999928,0.0
680,202110040809,1,3,1,5,5,2,5,58,0,0,0,1,0,0,0,1,1,0,1,17,0,0,0,1,0,0,0,0,0,0,0,0,0,0,0,0,0.0,0.0,4.0,4.0,,,,0.0,0.0,2.0,5.0,34.7,0.3,0.4666666666666667,0.0,0.0,3.0,6.0,35.1,0.5,0.6666666666666666,1.0,0.0,-600.0,0.4074074074074074,0.6666666666666666,8,11,1.7,1.0,1657,1428,1317,0.0,0.0,3.0,4.0,35.5,0.2,0.8235294117647058,0.0,0.0,5.0,6.0,34.9,0.6,0.8125,0.3,0.0,52.0,-826.0,11.0,8.0,466.0,,-0.13333333333333333,-0.06666666666666667,-0.6470588235294118,-0.125,-0.09999999999999858,0.0
681,202110040809,1,1,0,4,0,2,1,22,0,0,0,0,1,0,0,1,0,1,0,6,0,0,0,0,0,0,0,0,0,0,0,1,0,0,0,0,0.0,0.0,16.0,18.0,43.9,9.7,0.9444444444444444,0.0,0.0,8.0,9.0,38.8,4.4,0.6666666666666666,0.0,0.0,7.0,11.0,34.3,2.0,0.9090909090909091,-3.5,-2.0,-200.0,0.1,0.3,6,6,4.5,2.0,1463,1362,1167,0.0,0.0,4.0,10.0,34.5,1.2,0.8666666666666667,0.0,0.0,6.0,3.0,34.3,0.2,0.9090909090909091,-2.9,0.2,54.0,-1050.0,11.0,18.0,450.0,0.05555555555555555,0.3333333333333333,0.09090909090909091,0.06666666666666667,0.09090909090909091,2.35,0.0
682,202110040809,13,6,7,86,0,0,2,5,0,0,0,1,4,1,0,24,0,0,1,2,0,0,0,0,0,0,0,1,0,0,0,1,0,0,0,0,0.0,0.0,12.0,13.0,34.2,1.5,0.8461538461538461,0.0,0.0,9.0,7.0,35.0,0.6,1.0,0.0,0.0,10.0,9.0,34.5,0.9,0.8,-2.0,4.0,200.0,0.13043478260869565,0.21739130434782608,4,4,36.2,7.0,1503,1525,1263,0.0,0.0,9.0,9.0,35.2,1.0,0.7272727272727273,0.0,0.0,6.0,8.0,34.9,1.8,0.625,-0.8,0.0,55.0,-398.0,11.0,13.0,482.0,0.0,0.0,0.0,0.0,0.0,-0.15999999999999942,0.0
683,202110040809,13,6,7,86,1,0,0,0,1,0,0,0,4,1,0,24,1,0,0,0,1,0,0,0,0,0,0,1,0,0,0,0,0,0,0,0,0.0,0.0,16.0,18.0,36.9,3.1,0.8888888888888888,0.0,0.0,9.0,7.0,34.2,1.5,1.0,0.0,0.0,11.0,15.0,34.6,2.1,1.0,-1.5,2.0,0.0,0.09615384615384616,0.36538461538461536,8,10,10.2,4.0,1503,377,1263,0.0,0.0,11.0,10.0,34.5,0.6,0.9375,0.0,0.0,4.0,4.0,37.5,0.2,0.7777777777777778,-2.5,0.0,57.0,-1148.0,11.0,18.0,438.0,0.0,0.0,0.0,0.0,-0.2222222222222222,-0.15,0.0
684,202110040809,4,4,2,47,1,0,1,5,1,0,0,0,0,1,0,15,0,0,0,0,0,0,0,0,0,0,0,1,0,0,0,0,0,0,0,0,0.0,0.0,3.0,7.0,35.9,0.7,0.1,0.0,0.0,6.0,5.0,34.7,0.3,0.42857142857142855,0.0,0.0,8.0,8.0,35.3,0.9,0.6428571428571429,0.5,-2.0,-600.0,0.13333333333333333,0.3333333333333333,3,3,5.8,3.0,1304,1654,1503,0.0,0.0,2.0,8.0,36.1,0.7,0.3333333333333333,0.0,0.0,3.0,5.0,34.7,0.8,0.8888888888888888,-0.1,0.0,57.0,-462.0,11.0,10.0,484.0,0.0,0.14285714285714285,0.0,0.0,0.0,0.09999999999999928,0.0
685,202110040809,0,0,0,0,0,0,0,1,0,0,0,0,0,0,0,0,0,0,0,0,0,0,0,0,0,0,0,0,0,0,0,0,0,0,0,0,0.0,0.0,9.0,8.0,36.9,2.0,0.2,0.0,0.0,7.0,8.0,35.4,0.7,0.5,0.0,0.0,7.0,6.0,34.9,0.8,0.1111111111111111,-1.0,16.0,-200.0,0.08333333333333333,0.2777777777777778,7,8,18.4,5.0,1282,256,377,0.0,0.0,5.0,6.0,35.2,1.0,0.09090909090909091,0.0,0.0,4.0,3.0,34.7,0.5,0.14285714285714285,-1.2,0.2,55.0,-132.0,11.0,10.0,546.0,0.0,0.1,0.0,0.0,0.0,0.45999999999999874,0.0
686,202110040809,4,8,9,52,0,3,0,5,0,1,0,0,0,1,1,4,0,0,0,1,0,0,0,0,0,0,0,0,0,0,0,0,0,0,0,0,0.0,0.0,15.0,13.0,36.8,1.3,0.8125,0.0,0.0,16.0,7.0,34.3,1.3,0.7222222222222222,0.0,0.0,15.0,6.0,36.9,0.7,0.625,-3.5,-10.0,400.0,0.0,0.037037037037037035,7,9,65.7,9.0,1172,324,1556,0.0,0.0,15.0,15.0,35.7,1.6,0.4,0.0,0.0,7.0,7.0,38.2,1.2,0.42857142857142855,-0.4,0.0,57.0,-1120.0,11.0,16.0,482.0,-0.125,0.0,-0.0625,0.0,0.0,-0.4200000000000017,0.0
687,202110040809,4,4,2,47,0,1,0,1,0,1,0,1,0,1,0,15,0,0,0,1,0,0,0,1,0,0,0,1,0,0,0,1,0,0,0,1,0.0,0.0,70.0,9.0,41.6,2.5,0.4444444444444444,0.0,0.0,50.0,6.0,13.7,5.7,0.3333333333333333,0.0,0.0,70.0,8.0,13.8,10.6,0.9,-0.5,20.0,400.0,0.0,0.09090909090909091,1,1,44.0,8.0,1304,81,1503,0.0,0.0,80.0,11.0,38.7,1.9,0.9375,0.0,0.0,140.0,5.0,36.0,1.5,0.6875,-0.3,0.0,57.0,-1036.0,11.0,9.0,480.0,0.3333333333333333,0.3333333333333333,-0.1,-0.0625,-0.125,-1.3800000000000003,0.0
688,202110040809,4,4,2,47,1,1,0,8,1,0,0,0,0,1,0,15,0,0,0,2,0,0,0,0,0,0,0,1,0,0,0,0,0,0,0,0,0.0,0.0,5.0,3.0,38.3,2.4,1.0,0.0,0.0,16.0,16.0,40.5,3.8,0.375,0.0,0.0,9.0,7.0,34.6,2.2,0.6666666666666666,2.0,11.0,0.0,0.08333333333333333,0.25,2,2,195.2,10.0,1304,1442,1503,0.0,0.0,9.0,7.0,34.3,1.1,0.8888888888888888,0.0,0.0,10.0,9.0,34.9,1.5,0.45454545454545453,0.3,0.2,57.0,-321.0,11.0,7.0,491.0,-0.5714285714285714,0.625,0.1111111111111111,-0.1111111111111111,0.2727272727272727,1.3,0.0
689,202110040809,7,4,6,52,0,1,0,5,0,0,0,0,1,1,1,7,0,0,0,1,0,0,0,0,0,0,0,1,0,0,0,0,0,0,0,0,0.0,0.0,3.0,5.0,40.2,0.6,0.3333333333333333,0.0,0.0,7.0,15.0,40.0,3.2,0.875,0.0,0.0,3.0,8.0,34.6,0.8,0.7777777777777778,1.5,14.0,200.0,0.1,0.22,6,7,20.1,6.0,1393,1110,1263,0.0,0.0,11.0,7.0,34.2,0.5,1.0,0.0,0.0,6.0,10.0,35.6,1.6,0.18181818181818182,0.2,0.0,57.0,-1023.0,11.0,9.0,464.0,0.0,-0.6875,0.0,0.0,0.0,1.5,0.0
690,202110040809,0,0,1,6,7,6,1,71,0,0,0,3,0,0,0,1,1,2,1,10,0,0,0,0,0,0,0,0,0,0,0,1,0,0,0,0,0.0,0.0,4.0,7.0,13.4,2.3,0.6428571428571429,0.0,0.0,5.0,9.0,40.1,1.3,0.75,0.0,0.0,4.0,3.0,13.9,1.3,0.4,-2.0,18.0,-1050.0,0.041666666666666664,0.16666666666666666,5,5,230.3,11.0,1060,1183,1186,0.0,0.0,6.0,6.0,13.5,1.7,0.4166666666666667,0.0,0.0,5.0,3.0,13.8,2.5,0.4444444444444444,-1.1,0.4,52.0,-776.0,11.0,14.0,486.0,-0.07142857142857142,-0.08333333333333333,0.2,0.0,0.0,2.58,0.0
