,race_id,f_course1,f_course2,f_course3,f_courseout,mf_course1,mf_course2,mf_course3,mf_courseout,f_mf_course1,f_mf_course2,f_mf_course3,f_mf_courseout,f_len1,f_len2,f_len3,f_lenout,mf_len1,mf_len2,mf_len3,mf_classout,f_mf_len1,f_mf_len2,f_mf_len3,f_mf_classout,f_class1,f_class2,f_class3,f_classout,mf_class1,mf_class2,mf_class3,mf_classout,f_mf_class1,f_mf_class2,f_mf_class3,f_mf_classout,time_df_course1,time_df_class1,ninki_1,result_1,agari_1,margin_1,corner_ratio_1,time_df_course2,time_df_class2,ninki_2,result_2,agari_2,margin_2,corner_ratio_2,time_df_course3,time_df_class3,ninki_3,result_3,agari_3,margin_3,corner_ratio_3,rank_trend,weight_change,dist_change,jockey_win_rate,jockey_place_rate,waku,umaban,current_odds,current_popularity
0,202110010102,15,7,8,83,2,5,2,19,0,0,0,1,10,4,5,49,1,4,2,9,0,0,0,0,6,2,1,20,1,1,1,7,0,0,0,0,0.0,0.0,13.0,15.0,36.4,1.5,0.06666666666666667,0.0,0.0,10.0,14.0,35.1,1.0,0.16666666666666666,0.0,0.0,3.0,9.0,33.8,0.7,0.16666666666666666,-3.0,-6.0,-200.0,0.02,0.2,8,18,7.9,4.0
1,202110010102,0,0,0,5,1,0,1,17,0,0,0,0,0,0,0,3,1,0,0,11,0,0,0,0,0,0,0,1,0,0,0,4,0,0,0,0,0.0,0.0,6.0,7.0,41.1,3.3,0.875,0.0,0.0,7.0,13.0,41.2,3.7,0.9285714285714286,0.0,0.0,3.0,8.0,34.8,1.0,0.8125,0.5,18.0,-200.0,0.0,0.2222222222222222,2,4,42.2,9.0
2,202110010102,0,0,0,1,6,6,4,55,0,0,0,0,0,0,0,0,1,1,3,27,0,0,0,0,0,0,0,0,0,0,1,8,0,0,0,0,0.0,0.0,13.0,3.0,38.8,0.9,0.6875,0.0,0.0,10.0,10.0,34.4,1.1,0.75,0.0,0.0,6.0,6.0,34.8,1.0,0.8888888888888888,1.5,7.0,-200.0,0.0,0.05555555555555555,1,1,8.3,5.0
3,202110010102,6,4,3,33,0,0,0,5,0,0,0,0,4,1,0,15,0,0,0,4,0,0,0,0,0,1,0,7,0,0,0,2,0,0,0,0,0.0,0.0,8.0,9.0,37.6,2.2,0.7,0.0,0.0,9.0,15.0,38.8,3.0,0.6111111111111112,0.0,0.0,11.0,10.0,35.4,0.5,0.1111111111111111,0.5,0.0,380.0,0.0,0.4,1,2,3.6,1.0
4,202110010102,2,1,1,15,7,6,1,71,0,0,0,0,1,1,0,8,5,4,0,35,0,0,0,0,1,0,0,4,1,2,0,11,0,0,0,0,0.0,0.0,70.0,4.0,34.9,0.3,0.3125,0.0,0.0,70.0,6.0,40.1,2.2,0.16666666666666666,0.0,0.0,50.0,5.0,40.1,1.7,0.1875,0.5,0.0,0.0,0.06557377049180328,0.16393442622950818,2,3,8.5,6.0
5,202110010102,2,3,4,40,0,2,0,19,0,0,0,2,1,1,2,15,0,0,0,9,0,0,0,1,1,1,0,6,0,0,0,2,0,0,0,0,0.0,0.0,50.0,9.0,40.3,2.1,0.6363636363636364,0.0,0.0,70.0,12.0,38.8,2.5,0.8666666666666667,0.0,0.0,40.0,9.0,35.7,0.7,0.3888888888888889,0.0,0.0,-200.0,0.05660377358490566,0.2641509433962264,3,6,5.5,3.0
6,202110010102,0,0,0,1,0,0,0,0,0,0,0,0,0,0,0,1,0,0,0,0,0,0,0,0,0,0,0,0,0,0,0,0,0,0,0,0,0.0,0.0,9.0,9.0,35.0,1.1,0.25,0.0,0.0,8.0,7.0,33.4,0.7,1.0,0.0,0.0,13.0,9.0,33.7,0.6,0.875,0.0,-2.0,-200.0,0.03225806451612903,0.16129032258064516,7,14,12.3,7.0
7,202110010102,7,4,6,52,0,0,0,2,0,0,0,0,6,3,5,37,0,0,0,2,0,0,0,0,1,2,3,10,0,0,0,0,0,0,0,0,0.0,0.0,4.0,10.0,43.3,3.7,0.5,0.0,0.0,15.0,10.0,36.9,1.3,0.875,0.0,0.0,9.0,,,,,0.0,12.0,-300.0,0.0,1.0,6,12,120.3,14.0
8,202110010102,4,8,9,52,0,0,0,0,0,0,0,0,4,7,6,44,0,0,0,0,0,0,0,0,1,3,1,11,0,0,0,0,0,0,0,0,0.0,0.0,7.0,7.0,36.7,1.3,0.75,0.0,0.0,12.0,12.0,36.5,1.1,1.0,0.0,0.0,17.0,17.0,34.4,1.4,0.8888888888888888,5.0,7.0,300.0,0.07142857142857142,0.2857142857142857,5,9,81.6,12.0
9,202110010102,0,0,0,8,0,0,0,1,0,0,0,0,0,0,0,7,0,0,0,1,0,0,0,0,0,0,0,2,0,0,0,0,0,0,0,0,0.0,0.0,8.0,5.0,40.4,2.6,0.5833333333333334,0.0,0.0,9.0,12.0,45.3,5.7,0.16666666666666666,0.0,0.0,11.0,12.0,35.9,1.2,0.25,3.5,24.0,-200.0,0.038461538461538464,0.17307692307692307,6,11,16.1,8.0
10,202110010102,3,2,0,7,0,0,0,0,0,0,0,0,3,2,0,7,0,0,0,0,0,0,0,0,1,2,0,2,0,0,0,0,0,0,0,0,0.0,0.0,13.0,11.0,33.7,1.8,0.7777777777777778,0.0,0.0,12.0,10.0,35.5,1.6,0.8125,0.0,0.0,7.0,6.0,36.5,0.6,0.8666666666666667,-2.5,-6.0,200.0,0.0,0.0,7,13,45.9,10.0
11,202110010102,1,3,0,11,1,1,0,4,0,0,0,0,1,2,0,1,0,1,0,2,0,0,0,0,0,2,0,0,0,1,0,2,0,0,0,0,0.0,0.0,180.0,12.0,34.9,1.8,0.5,0.0,0.0,160.0,18.0,38.2,3.9,0.5,0.0,0.0,,,,,,6.0,2.0,0.0,0.0,0.13333333333333333,3,5,405.8,18.0
12,202110010102,0,0,0,1,0,0,0,1,0,0,0,0,0,0,0,1,0,0,0,1,0,0,0,0,0,0,0,0,0,0,0,1,0,0,0,0,0.0,0.0,6.0,7.0,41.5,3.5,0.18181818181818182,0.0,0.0,15.0,15.0,43.0,4.9,0.2,0.0,0.0,15.0,8.0,38.0,1.2,0.4,0.5,3.0,-200.0,0.0,0.15384615384615385,5,10,76.7,11.0
13,202110010102,0,0,1,11,0,1,0,17,0,0,0,0,0,0,0,2,0,0,0,7,0,0,0,0,0,0,0,2,0,0,0,3,0,0,0,0,0.0,0.0,6.0,11.0,40.4,2.0,0.9166666666666666,0.0,0.0,13.0,8.0,36.1,0.9,0.8571428571428571,0.0,0.0,8.0,9.0,36.4,0.4,0.42857142857142855,-1.0,25.0,-200.0,0.0,0.0,8,16,82.6,13.0
14,202110010102,0,1,4,17,0,0,1,1,0,0,0,0,0,0,1,10,0,0,0,1,0,0,0,0,0,0,1,7,0,0,0,1,0,0,0,0,0.0,0.0,20.0,8.0,49.4,8.1,0.125,0.0,0.0,100.0,10.0,36.0,1.5,0.8333333333333334,0.0,0.0,160.0,15.0,34.9,2.7,1.0,3.5,10.0,-200.0,,,8,17,269.1,16.0
15,202110010102,0,0,0,8,2,6,2,52,0,0,0,0,0,0,0,5,1,4,2,42,0,0,0,0,0,0,0,4,1,2,1,19,0,0,0,0,0.0,0.0,30.0,100.0,45.1,3.3,0.09090909090909091,0.0,0.0,110.0,100.0,34.4,1.4,0.5,0.0,0.0,160.0,160.0,42.4,4.8,0.8125,30.0,7.0,-200.0,0.0,0.03333333333333333,4,7,133.5,15.0
16,202110010102,6,4,3,33,0,2,1,22,0,0,0,0,4,1,0,15,0,1,1,13,0,0,0,0,0,1,0,7,0,1,1,7,0,0,0,0,0.0,0.0,15.0,13.0,37.6,1.8,0.3125,0.0,0.0,12.0,12.0,34.5,0.9,0.8666666666666667,0.0,0.0,2.0,1.0,39.9,0.0,0.5833333333333334,-6.0,2.0,-600.0,0.047619047619047616,0.14285714285714285,4,8,5.3,2.0
17,202110010102,0,0,0,4,7,6,1,71,0,0,0,2,0,0,0,4,5,4,0,35,0,0,0,2,0,0,0,2,1,2,0,11,0,0,0,1,0.0,0.0,17.0,18.0,36.1,3.8,0.8888888888888888,0.0,0.0,12.0,15.0,40.6,3.8,0.6875,0.0,0.0,15.0,16.0,40.7,4.1,0.75,-1.0,4.0,0.0,0.043478260869565216,0.13043478260869565,7,15,353.9,17.0
18,202110010107,1,0,1,2,0,0,0,0,0,0,0,0,1,0,1,2,0,0,0,0,0,0,0,0,0,0,0,0,0,0,0,0,0,0,0,0,0.0,0.0,12.0,6.0,31.9,0.5,0.9444444444444444,0.0,0.0,4.0,11.0,33.3,0.6,0.1875,0.0,0.0,10.0,5.0,34.6,0.3,0.13333333333333333,-0.5,2.0,200.0,0.0,0.5,5,10,4.4,2.0
19,202110010107,6,4,3,33,10,5,7,57,2,2,1,4,4,1,0,15,5,2,3,30,1,1,0,2,0,0,0,2,0,0,0,7,0,0,0,1,0.0,0.0,4.0,11.0,37.8,2.5,0.16666666666666666,0.0,0.0,8.0,13.0,36.5,0.8,0.1875,0.0,0.0,6.0,1.0,34.7,0.0,0.11764705882352941,-5.0,-2.0,0.0,0.0,0.10526315789473684,3,6,14.8,6.0
20,202110010107,0,0,0,1,0,0,0,0,0,0,0,0,0,0,0,0,0,0,0,0,0,0,0,0,0,0,0,0,0,0,0,0,0,0,0,0,0.0,0.0,14.0,15.0,39.7,2.4,0.125,0.0,0.0,13.0,11.0,36.2,0.6,0.05555555555555555,0.0,0.0,13.0,7.0,35.3,0.3,0.6666666666666666,-4.0,2.0,0.0,0.03571428571428571,0.17857142857142858,2,4,2.4,1.0
21,202110010107,0,1,0,7,0,1,0,17,0,0,0,0,0,0,0,4,0,0,0,7,0,0,0,0,0,0,0,2,0,0,0,1,0,0,0,0,0.0,0.0,8.0,13.0,35.9,0.7,0.23076923076923078,0.0,0.0,9.0,4.0,34.7,0.2,0.2,0.0,0.0,10.0,12.0,35.7,1.1,0.35714285714285715,-0.5,2.0,0.0,0.0392156862745098,0.17647058823529413,1,1,63.6,13.0
22,202110010107,15,7,8,83,1,0,1,15,0,0,0,1,10,4,5,49,1,0,0,12,0,0,0,1,1,1,2,15,0,0,0,2,0,0,0,1,0.0,0.0,10.0,10.0,34.0,1.4,1.0,0.0,0.0,12.0,12.0,37.0,1.6,1.0,0.0,0.0,10.0,8.0,34.6,0.9,0.7,-1.0,2.0,-400.0,0.03333333333333333,0.16666666666666666,5,9,129.5,17.0
23,202110010107,0,0,1,11,2,4,6,41,0,0,0,0,0,0,0,2,1,3,3,30,0,0,0,0,0,0,0,0,0,0,0,4,0,0,0,0,0.0,0.0,12.0,11.0,38.0,2.5,1.0,0.0,0.0,12.0,14.0,34.6,1.0,0.8823529411764706,0.0,0.0,6.0,8.0,36.1,2.2,0.8,-1.5,0.0,-1200.0,0.0,0.16666666666666666,2,3,8.4,4.0
24,202110010107,5,4,3,28,10,5,7,57,0,0,0,0,1,3,2,11,5,2,3,30,0,0,0,0,1,1,1,0,0,0,0,7,0,0,0,0,0.0,0.0,,,,,,0.0,0.0,80.0,12.0,38.9,1.5,0.625,0.0,0.0,50.0,14.0,37.9,2.0,0.4375,2.0,,-600.0,0.02040816326530612,0.20408163265306123,8,16,30.7,9.0
25,202110010107,1,2,2,19,6,6,4,55,0,0,0,2,0,0,2,13,1,1,3,27,0,0,0,2,0,0,0,3,1,0,0,8,0,0,0,2,0.0,0.0,8.0,8.0,34.1,1.5,0.7777777777777778,0.0,0.0,6.0,6.0,35.1,0.6,0.38461538461538464,0.0,0.0,6.0,3.0,34.8,0.3,0.5625,-2.5,8.0,0.0,,,3,5,26.1,8.0
26,202110010107,15,7,8,83,7,7,8,94,1,0,0,8,10,4,5,49,1,4,1,34,0,0,0,5,1,1,2,15,0,0,0,6,0,0,0,2,0.0,0.0,10.0,10.0,41.1,3.2,1.0,0.0,0.0,12.0,18.0,35.9,1.6,0.7777777777777778,0.0,0.0,11.0,10.0,36.5,1.1,0.9230769230769231,0.0,-6.0,-300.0,0.10344827586206896,0.10344827586206896,1,2,45.3,11.0
27,202110010107,1,0,1,4,1,7,2,30,0,0,0,0,0,0,0,1,1,3,2,14,0,0,0,0,0,0,0,0,0,0,0,3,0,0,0,0,0.0,0.0,12.0,7.0,39.2,0.6,0.3076923076923077,0.0,0.0,10.0,7.0,36.2,0.5,0.1111111111111111,0.0,0.0,15.0,10.0,34.6,1.7,0.4444444444444444,1.5,11.0,-200.0,0.020833333333333332,0.08333333333333333,6,11,78.1,15.0
28,202110010107,2,3,4,40,1,2,1,3,0,0,1,1,1,1,2,15,1,1,1,3,0,0,1,1,0,0,0,2,0,0,0,1,0,0,0,1,0.0,0.0,6.0,12.0,40.6,2.2,0.08333333333333333,0.0,0.0,12.0,9.0,36.0,0.7,0.07692307692307693,0.0,0.0,11.0,11.0,37.1,1.6,0.7142857142857143,-0.5,0.0,0.0,0.06779661016949153,0.1694915254237288,4,7,8.3,3.0
29,202110010107,4,8,9,52,6,6,4,55,0,0,0,3,4,7,6,44,1,1,3,27,0,0,0,3,1,2,2,20,1,0,0,8,0,0,0,1,0.0,0.0,30.0,5.0,39.1,1.3,0.4,0.0,0.0,140.0,16.0,37.0,2.4,0.5625,0.0,0.0,170.0,14.0,34.9,0.5,0.7058823529411765,4.5,-9.0,-100.0,0.0,0.034482758620689655,8,17,128.5,16.0
30,202110010107,7,4,6,52,0,0,0,10,0,0,0,2,6,3,5,37,0,0,0,4,0,0,0,0,3,0,0,9,0,0,0,1,0,0,0,0,0.0,0.0,14.0,16.0,35.4,1.2,0.75,0.0,0.0,12.0,18.0,35.7,1.7,1.0,0.0,0.0,8.0,8.0,34.9,0.9,0.9444444444444444,-4.0,-8.0,0.0,0.3076923076923077,0.3076923076923077,4,8,13.3,5.0
31,202110010107,1,0,1,4,0,0,1,0,0,0,1,0,1,0,0,3,0,0,0,0,0,0,0,0,0,0,0,0,0,0,0,0,0,0,0,0,0.0,0.0,8.0,8.0,13.7,3.5,0.6363636363636364,0.0,0.0,6.0,4.0,13.2,2.1,0.125,0.0,0.0,1.0,6.0,13.2,1.7,0.14285714285714285,-1.0,4.0,-1910.0,0.0,0.0,7,14,42.9,10.0
32,202110010107,0,1,0,10,0,0,0,4,0,0,0,0,0,1,0,4,0,0,0,2,0,0,0,0,0,0,0,1,0,0,0,0,0,0,0,0,0.0,0.0,110.0,12.0,35.2,1.0,0.3333333333333333,0.0,0.0,80.0,7.0,35.6,0.9,0.3333333333333333,0.0,0.0,160.0,4.0,35.4,0.4,0.3888888888888889,-4.0,-2.0,0.0,0.05714285714285714,0.17142857142857143,8,18,24.6,7.0
33,202110010107,5,4,3,28,2,4,6,41,0,0,0,0,1,3,2,11,1,3,3,30,0,0,0,0,1,1,1,0,0,0,0,4,0,0,0,0,0.0,0.0,13.0,16.0,35.0,2.5,0.7222222222222222,0.0,0.0,4.0,14.0,35.7,2.3,0.26666666666666666,0.0,0.0,8.0,3.0,33.1,0.2,0.05555555555555555,-6.5,-2.0,200.0,0.017543859649122806,0.15789473684210525,7,13,132.7,18.0
34,202110010107,6,4,7,72,3,3,1,14,0,0,0,3,1,0,0,11,3,1,1,5,0,0,0,1,0,0,0,2,0,0,0,4,0,0,0,0,0.0,0.0,9.0,5.0,34.7,0.3,0.5454545454545454,0.0,0.0,10.0,6.0,34.2,0.5,0.23529411764705882,0.0,0.0,6.0,6.0,36.6,0.7,0.5,0.5,2.0,-200.0,0.05,0.15,7,15,75.5,14.0
35,202110010107,1,1,2,34,2,5,2,19,1,1,0,0,1,1,2,27,1,4,2,9,1,1,0,0,0,1,1,4,0,3,0,0,0,1,0,0,0.0,0.0,110.0,12.0,41.7,3.5,0.5,0.0,0.0,40.0,7.0,36.1,0.9,0.75,0.0,0.0,80.0,11.0,37.0,1.0,0.0625,-0.5,9.0,-100.0,0.07692307692307693,0.3076923076923077,6,12,62.8,12.0
36,202110010110,15,7,8,83,7,11,6,84,2,3,1,10,10,4,5,49,4,5,4,47,1,2,1,4,1,0,1,4,0,0,1,4,0,0,1,1,0.0,0.0,9.0,16.0,36.5,1.0,0.1111111111111111,0.0,0.0,10.0,6.0,36.0,0.1,0.13333333333333333,0.0,0.0,11.0,8.0,34.5,1.1,0.47058823529411764,-4.0,2.0,0.0,0.08695652173913043,0.21739130434782608,1,2,2.6,1.0
37,202110010110,0,1,1,15,2,0,0,6,0,0,0,0,0,1,1,12,2,0,0,6,0,0,0,0,0,0,0,0,0,0,0,0,0,0,0,0,0.0,0.0,10.0,12.0,35.9,0.7,0.5,0.0,0.0,5.0,13.0,35.2,1.2,0.25,0.0,0.0,8.0,8.0,35.5,0.7,0.2,-2.0,14.0,0.0,,,1,1,29.6,10.0
38,202110010110,2,0,3,29,7,7,8,94,0,0,0,2,1,0,3,20,1,4,1,34,0,0,0,1,0,0,1,1,0,0,0,1,0,0,0,0,0.0,0.0,90.0,10.0,41.4,3.6,0.6363636363636364,0.0,0.0,150.0,12.0,34.7,1.0,0.8888888888888888,0.0,0.0,120.0,13.0,35.3,1.2,0.38461538461538464,1.5,6.0,-200.0,0.034482758620689655,0.13793103448275862,7,13,208.9,17.0
39,202110010110,1,0,4,12,7,11,6,84,1,0,1,1,1,0,4,10,4,5,4,47,1,0,1,1,0,0,0,0,0,0,1,4,0,0,0,0,0.0,0.0,110.0,7.0,34.7,1.0,0.875,0.0,0.0,110.0,5.0,33.9,0.3,0.42857142857142855,0.0,0.0,80.0,10.0,34.1,0.8,0.9090909090909091,1.5,-12.0,0.0,0.05405405405405406,0.16216216216216217,6,12,36.6,11.0
40,202110010110,1,0,4,12,1,1,0,30,0,0,0,1,1,0,4,10,1,0,0,14,0,0,0,1,0,0,0,0,0,0,0,0,0,0,0,0,0.0,0.0,,,,,,0.0,0.0,120.0,11.0,34.1,1.2,0.7058823529411765,0.0,0.0,100.0,12.0,35.6,0.8,0.4,1.0,,-500.0,0.07407407407407407,0.2962962962962963,4,7,57.6,15.0
41,202110010110,1,1,2,34,0,0,1,10,0,0,1,1,1,1,2,27,0,0,1,7,0,0,1,1,0,0,0,0,0,0,0,0,0,0,0,0,0.0,0.0,13.0,11.0,33.3,0.8,0.3333333333333333,0.0,0.0,6.0,13.0,33.5,1.4,0.5,0.0,0.0,14.0,3.0,32.4,0.3,0.25,-4.0,2.0,200.0,0.04,0.18,3,6,14.4,4.0
42,202110010110,15,7,8,83,7,7,8,94,1,0,0,8,10,4,5,49,1,4,1,34,0,0,0,5,1,0,1,4,0,0,0,1,0,0,0,0,0.0,0.0,12.0,18.0,35.1,2.2,0.9444444444444444,0.0,0.0,12.0,10.0,34.6,0.7,0.25,0.0,0.0,11.0,15.0,35.0,1.2,0.5333333333333333,-1.5,14.0,0.0,0.0,0.058823529411764705,8,17,18.8,5.0
43,202110010110,1,2,4,22,2,5,2,19,0,2,0,0,0,2,1,4,1,4,2,9,0,2,0,0,0,0,0,0,0,0,0,0,0,0,0,0,0.0,0.0,10.0,13.0,39.2,2.1,1.0,0.0,0.0,10.0,6.0,34.6,0.8,0.9230769230769231,0.0,0.0,11.0,9.0,34.6,0.7,0.7777777777777778,-2.0,2.0,-200.0,0.030303030303030304,0.18181818181818182,5,9,23.4,8.0
44,202110010110,0,0,1,10,0,1,0,11,0,0,0,0,0,0,0,6,0,0,0,4,0,0,0,0,0,0,0,3,0,0,0,0,0,0,0,0,0.0,0.0,14.0,16.0,36.6,1.4,0.23529411764705882,0.0,0.0,14.0,9.0,34.5,1.2,0.6666666666666666,0.0,0.0,2.0,12.0,35.5,0.7,0.0625,-2.0,6.0,0.0,0.02040816326530612,0.08163265306122448,5,10,53.1,14.0
45,202110010110,21,21,21,102,1,0,0,8,1,0,0,2,6,4,3,30,1,0,0,3,1,0,0,1,1,1,0,3,0,0,0,1,0,0,0,1,0.0,0.0,14.0,18.0,34.7,1.5,0.9444444444444444,0.0,0.0,11.0,11.0,35.3,2.1,1.0,0.0,0.0,13.0,7.0,37.9,1.7,0.7333333333333333,-5.5,12.0,-200.0,0.05555555555555555,0.16666666666666666,7,14,49.4,13.0
46,202110010110,2,0,3,29,6,6,4,55,0,0,1,2,1,0,3,20,1,1,3,27,0,0,1,2,0,0,1,1,0,0,0,1,0,0,0,0,0.0,0.0,110.0,11.0,43.3,3.4,0.25,0.0,0.0,160.0,13.0,37.8,0.9,0.4375,0.0,0.0,110.0,15.0,39.7,2.7,0.125,2.0,16.0,-200.0,0.2857142857142857,0.2857142857142857,4,8,38.0,12.0
47,202110010110,1,1,1,16,1,0,0,6,0,0,0,2,1,1,1,15,1,0,0,5,0,0,0,2,0,0,0,1,0,0,0,1,0,0,0,1,0.0,0.0,,,,,0.06666666666666667,0.0,0.0,160.0,11.0,34.8,0.9,0.875,0.0,0.0,110.0,8.0,36.2,1.1,0.7857142857142857,-3.0,2.0,200.0,0.037037037037037035,0.18518518518518517,2,4,8.6,3.0
48,202110010110,4,4,2,47,0,0,0,10,0,0,0,0,2,2,0,10,0,0,0,4,0,0,0,0,0,1,0,1,0,0,0,0,0,0,0,0,0.0,0.0,10.0,13.0,38.0,1.8,0.7142857142857143,0.0,0.0,9.0,9.0,34.0,0.9,1.0,0.0,0.0,13.0,9.0,35.1,1.0,0.8461538461538461,-2.0,-4.0,-500.0,0.04878048780487805,0.14634146341463414,8,18,25.9,9.0
49,202110010110,1,0,2,17,0,0,0,2,0,0,0,0,1,0,2,11,0,0,0,2,0,0,0,0,0,0,0,0,0,0,0,0,0,0,0,0,0.0,0.0,9.0,10.0,14.5,12.3,0.36363636363636365,0.0,0.0,12.0,11.0,35.2,1.2,0.6666666666666666,0.0,0.0,13.0,12.0,35.3,1.5,0.9230769230769231,1.0,2.0,-1800.0,0.037037037037037035,0.14814814814814814,8,16,78.2,16.0
50,202110010110,1,1,1,16,2,5,2,19,0,0,0,0,1,1,1,15,1,4,2,9,0,0,0,0,0,0,0,1,0,0,0,0,0,0,0,0,0.0,0.0,18.0,15.0,34.6,1.6,0.7777777777777778,0.0,0.0,16.0,15.0,36.9,2.1,0.8125,0.0,0.0,16.0,16.0,34.5,1.6,0.625,0.5,18.0,0.0,0.0,0.0,3,5,274.4,18.0
51,202110010110,15,7,8,83,6,6,4,55,0,0,1,0,10,4,5,49,1,1,3,27,0,0,1,0,1,0,1,4,0,0,0,1,0,0,0,0,0.0,0.0,60.0,8.0,37.5,1.6,0.9,0.0,0.0,100.0,15.0,35.1,1.8,0.8125,0.0,0.0,160.0,15.0,35.3,1.5,0.4375,3.5,1.0,280.0,0.06666666666666667,0.16666666666666666,7,15,22.5,7.0
52,202110010110,15,7,8,83,6,8,5,64,1,0,0,2,10,4,5,49,3,2,0,30,1,0,0,1,1,0,1,4,0,0,0,2,0,0,0,0,0.0,0.0,14.0,9.0,35.3,1.1,0.3125,0.0,0.0,10.0,10.0,37.1,2.4,0.2,0.0,0.0,15.0,15.0,39.3,1.8,0.25,3.0,4.0,200.0,0.017241379310344827,0.15517241379310345,2,3,21.7,6.0
53,202110010110,0,0,0,1,0,0,0,0,0,0,0,0,0,0,0,0,0,0,0,0,0,0,0,0,0,0,0,0,0,0,0,0,0,0,0,0,0.0,0.0,2.0,,,,0.5555555555555556,0.0,0.0,1.0,1.0,34.2,0.0,0.5,0.0,0.0,1.0,2.0,34.9,0.1,0.2857142857142857,1.0,2.0,0.0,,,6,11,3.3,2.0
54,202110010202,6,4,3,33,0,2,1,10,0,0,0,0,4,1,0,15,0,1,0,4,0,0,0,0,0,1,0,7,0,0,0,3,0,0,0,0,0.0,0.0,110.0,110.0,42.2,3.3,0.36363636363636365,0.0,0.0,140.0,140.0,35.0,1.5,0.625,0.0,0.0,160.0,130.0,34.2,1.1,0.6875,10.0,13.0,-200.0,0.05128205128205128,0.23076923076923078,6,12,31.8,10.0
55,202110010202,0,2,3,6,2,6,2,52,0,0,0,2,0,2,2,4,1,4,2,42,0,0,0,2,0,1,1,2,1,2,1,19,0,0,0,2,0.0,0.0,2.0,2.0,39.1,0.0,0.5,0.0,0.0,11.0,13.0,34.8,1.0,0.75,0.0,0.0,8.0,5.0,34.6,0.1,0.625,1.5,-1.0,-200.0,0.02,0.08,3,6,4.2,1.0
56,202110010202,0,0,1,11,0,1,0,17,0,0,0,0,0,0,0,2,0,0,0,7,0,0,0,0,0,0,0,2,0,0,0,3,0,0,0,0,0.0,0.0,1.0,2.0,42.4,0.8,0.4166666666666667,0.0,0.0,7.0,12.0,40.7,3.2,0.5714285714285714,0.0,0.0,5.0,10.0,36.5,1.3,0.6666666666666666,4.0,13.0,-200.0,0.06349206349206349,0.1746031746031746,4,8,5.5,2.0
57,202110010202,1,1,2,30,3,3,1,14,0,0,0,1,1,0,2,21,3,1,1,5,0,0,0,0,1,0,1,10,0,0,0,0,0,0,0,0,0.0,0.0,12.0,10.0,35.3,0.7,0.23529411764705882,0.0,0.0,9.0,13.0,36.3,1.0,0.125,0.0,0.0,6.0,12.0,34.9,1.7,0.2,1.0,6.0,0.0,0.037037037037037035,0.16666666666666666,4,7,6.1,3.0
58,202110010202,11,13,9,84,4,8,8,33,1,2,1,2,2,3,4,26,0,4,5,21,0,2,1,1,0,2,2,15,0,1,3,12,0,1,1,1,0.0,0.0,3.0,4.0,38.1,0.7,0.6666666666666666,0.0,0.0,13.0,14.0,39.3,2.4,0.6875,0.0,0.0,13.0,10.0,39.0,1.3,0.25,3.0,8.0,-200.0,0.0,0.15,5,10,11.1,6.0
59,202110010202,1,1,2,30,2,4,6,41,0,0,0,1,1,0,2,21,1,3,3,30,0,0,0,1,1,0,1,10,1,2,0,10,0,0,0,1,0.0,0.0,8.0,12.0,45.7,5.5,0.08333333333333333,0.0,0.0,13.0,13.0,38.2,3.2,0.3076923076923077,0.0,0.0,11.0,10.0,13.6,4.0,0.16666666666666666,-1.0,23.0,-300.0,0.0,0.25,8,18,53.0,14.0
60,202110010202,1,1,0,4,1,0,1,17,0,0,0,0,0,0,0,1,1,0,0,11,0,0,0,0,0,0,0,1,0,0,0,4,0,0,0,0,0.0,0.0,6.0,7.0,34.7,1.0,0.5555555555555556,0.0,0.0,4.0,2.0,35.3,0.2,0.6111111111111112,0.0,0.0,9.0,7.0,35.6,0.3,0.4444444444444444,0.0,-2.0,0.0,0.016666666666666666,0.15,5,9,28.7,9.0
61,202110010202,15,7,8,83,6,6,4,55,0,0,1,0,10,4,5,49,1,1,3,27,0,0,1,0,6,2,1,20,0,0,1,8,0,0,0,0,0.0,0.0,13.0,13.0,35.8,1.1,0.5625,0.0,0.0,5.0,13.0,40.3,2.9,0.26666666666666666,0.0,0.0,4.0,8.0,36.0,0.3,0.1111111111111111,-2.5,4.0,0.0,0.038461538461538464,0.23076923076923078,2,3,6.7,4.0
62,202110010202,4,8,9,52,6,8,5,64,0,0,0,0,4,7,6,44,3,2,0,30,0,0,0,0,1,3,1,11,0,0,0,14,0,0,0,0,0.0,0.0,3.0,5.0,41.0,2.1,0.2222222222222222,0.0,0.0,8.0,8.0,37.2,1.0,0.3333333333333333,0.0,0.0,5.0,8.0,38.8,1.0,0.3333333333333333,1.5,-2.0,0.0,0.05555555555555555,0.25925925925925924,8,16,63.5,16.0
63,202110010202,1,2,2,19,0,2,3,11,0,0,1,0,0,0,2,13,0,2,3,5,0,0,1,0,0,0,0,5,0,0,1,1,0,0,0,0,0.0,0.0,10.0,4.0,33.5,0.1,0.9411764705882353,0.0,0.0,3.0,4.0,34.5,0.3,0.6666666666666666,0.0,0.0,11.0,8.0,34.4,0.9,0.3888888888888889,2.0,2.0,0.0,0.0,0.10714285714285714,2,4,8.0,5.0
64,202110010202,2,3,0,19,1,0,0,3,0,0,0,0,1,3,0,13,1,0,0,3,0,0,0,0,1,1,0,8,0,0,0,2,0,0,0,0,0.0,0.0,6.0,,,,1.0,0.0,0.0,11.0,11.0,36.3,2.0,0.75,0.0,0.0,7.0,11.0,35.2,1.4,0.8888888888888888,0.0,0.0,0.0,0.0,0.03125,7,13,50.9,13.0
65,202110010202,11,13,9,84,0,2,1,22,0,1,1,2,2,3,4,26,0,1,1,13,0,0,1,0,0,2,2,15,0,1,1,7,0,0,1,0,0.0,0.0,2.0,1.0,40.1,0.0,0.25,0.0,0.0,15.0,12.0,35.9,1.5,0.05555555555555555,0.0,0.0,13.0,9.0,36.8,1.0,0.25,4.0,-13.0,-300.0,0.25,0.5,8,17,38.8,12.0
66,202110010202,3,4,3,36,1,0,1,15,0,0,0,0,2,1,0,15,1,0,0,12,0,0,0,0,0,0,0,7,1,0,0,5,0,0,0,0,0.0,0.0,2.0,4.0,40.3,2.2,0.5714285714285714,0.0,0.0,11.0,14.0,40.1,2.0,0.4666666666666667,0.0,0.0,10.0,9.0,36.6,1.3,0.16666666666666666,2.5,7.0,-300.0,0.05263157894736842,0.15789473684210525,7,14,105.0,17.0
67,202110010202,1,1,2,30,0,1,0,17,0,0,0,0,1,0,2,21,0,0,0,7,0,0,0,0,1,0,1,10,0,0,0,3,0,0,0,0,0.0,0.0,8.0,9.0,41.8,1.5,0.18181818181818182,0.0,0.0,12.0,12.0,13.9,10.0,1.0,0.0,0.0,13.0,10.0,14.0,8.5,0.46153846153846156,0.5,13.0,-200.0,0.0,0.0,3,5,19.1,8.0
68,202110010202,0,0,0,1,1,0,0,4,0,0,0,0,0,0,0,1,1,0,0,3,0,0,0,0,0,0,0,0,1,0,0,1,0,0,0,0,0.0,0.0,90.0,90.0,42.8,4.3,0.2222222222222222,0.0,0.0,130.0,150.0,42.5,4.2,0.125,0.0,0.0,140.0,130.0,36.9,2.0,0.4444444444444444,20.0,10.0,0.0,0.0,0.0,6,11,54.9,15.0
69,202110010202,5,4,3,28,2,3,3,40,0,0,0,2,1,3,2,11,1,2,3,17,0,0,0,1,0,1,1,6,1,1,2,5,0,0,0,0,0.0,0.0,30.0,60.0,41.0,1.3,0.3,0.0,0.0,140.0,130.0,34.8,1.5,0.9444444444444444,0.0,0.0,160.0,140.0,35.0,1.5,0.7222222222222222,40.0,12.0,-200.0,0.1,0.1,1,1,181.5,18.0
70,202110010202,0,0,0,3,6,8,5,64,0,0,0,1,0,0,0,3,3,2,0,30,0,0,0,1,0,0,0,0,0,0,0,14,0,0,0,0,0.0,0.0,1.0,3.0,37.7,0.6,0.16666666666666666,0.0,0.0,13.0,8.0,36.4,1.1,0.125,0.0,0.0,15.0,7.0,36.2,0.3,0.25,2.0,-1.0,400.0,0.15,0.4,7,15,19.1,7.0
71,202110010202,0,0,1,3,4,2,0,8,0,0,0,0,0,0,1,3,1,1,0,4,0,0,0,0,0,0,1,0,0,0,0,1,0,0,0,0,0.0,0.0,70.0,10.0,41.1,1.8,0.1,0.0,0.0,,,,,,0.0,0.0,90.0,13.0,37.7,1.8,0.35714285714285715,3.0,9.0,-200.0,0.26666666666666666,0.26666666666666666,1,2,35.2,11.0
72,202110010205,15,7,8,83,5,2,5,58,1,0,0,14,10,4,5,49,3,1,1,25,1,0,0,7,1,0,0,3,2,1,1,3,1,0,0,0,0.0,0.0,1.0,5.0,37.4,1.2,0.8571428571428571,0.0,0.0,6.0,15.0,35.2,2.0,0.4444444444444444,0.0,0.0,6.0,9.0,36.4,1.7,0.2222222222222222,2.0,3.0,-200.0,0.0,0.0,8,17,8.3,4.0
73,202110010205,1,1,0,4,1,1,0,30,0,0,0,0,0,0,0,1,1,0,0,14,0,0,0,0,0,0,0,0,1,0,0,3,0,0,0,0,0.0,0.0,30.0,11.0,41.3,2.9,0.15384615384615385,0.0,0.0,90.0,10.0,34.6,1.9,0.125,0.0,0.0,70.0,7.0,35.7,0.6,0.16666666666666666,-2.0,18.0,200.0,0.05454545454545454,0.2545454545454545,2,4,6.4,3.0
74,202110010205,4,4,2,47,2,4,6,41,0,0,0,0,2,2,0,10,1,3,3,30,0,0,0,0,1,0,0,3,0,1,0,3,0,0,0,0,0.0,0.0,5.0,6.0,41.7,1.3,0.4,0.0,0.0,14.0,15.0,36.1,1.1,0.25,0.0,0.0,8.0,12.0,36.1,1.4,0.75,3.0,-1.0,-200.0,0.14754098360655737,0.39344262295081966,1,2,4.5,2.0
75,202110010205,0,3,0,10,7,6,1,71,0,0,0,0,0,2,0,6,5,4,0,35,0,0,0,0,0,2,0,1,0,1,0,12,0,0,0,0,0.0,0.0,4.0,5.0,36.2,0.5,0.125,0.0,0.0,1.0,4.0,34.8,0.7,0.2777777777777778,,,,,,,,-1.0,2.0,-600.0,0.0,0.0,7,15,3.5,1.0
76,202110010205,0,0,0,8,2,3,3,40,0,0,0,0,0,0,0,4,1,2,3,17,0,0,0,0,0,0,0,1,0,0,1,1,0,0,0,0,0.0,0.0,100.0,80.0,41.2,1.4,0.5833333333333334,0.0,0.0,150.0,100.0,35.2,1.1,0.1875,0.0,0.0,130.0,110.0,34.6,1.5,0.8125,15.0,-8.0,-550.0,0.05128205128205128,0.15384615384615385,6,11,76.4,14.0
77,202110010205,1,1,2,30,1,0,1,17,0,0,0,2,1,0,2,21,1,0,0,11,0,0,0,1,0,0,0,4,1,0,0,2,0,0,0,1,0.0,0.0,7.0,,,,0.4,0.0,0.0,11.0,11.0,40.9,3.4,0.7272727272727273,0.0,0.0,10.0,14.0,35.4,1.9,0.875,3.0,8.0,0.0,0.0,0.0,4,8,32.2,10.0
78,202110010205,0,1,0,9,8,4,5,73,0,0,0,0,0,0,0,5,1,1,0,24,0,0,0,0,0,0,0,0,1,0,0,6,0,0,0,0,0.0,0.0,80.0,8.0,37.1,1.3,0.5833333333333334,0.0,0.0,120.0,9.0,34.4,0.5,0.8571428571428571,0.0,0.0,50.0,6.0,36.8,0.7,0.875,-1.0,-13.0,400.0,0.2,0.4,6,12,16.6,8.0
79,202110010205,0,0,0,1,0,0,1,1,0,0,0,0,0,0,0,1,0,0,1,1,0,0,0,0,0,0,0,1,0,0,0,1,0,0,0,0,0.0,0.0,70.0,100.0,43.9,4.1,0.2,0.0,0.0,110.0,120.0,44.0,7.1,0.16666666666666666,0.0,0.0,120.0,130.0,42.5,4.9,0.14285714285714285,15.0,16.0,-200.0,0.0,0.0,7,14,83.0,15.0
80,202110010205,0,0,0,7,0,0,0,0,0,0,0,0,0,0,0,4,0,0,0,0,0,0,0,0,0,0,0,0,0,0,0,0,0,0,0,0,0.0,0.0,5.0,6.0,38.0,2.2,0.75,0.0,0.0,14.0,9.0,35.9,1.6,0.8571428571428571,0.0,0.0,16.0,16.0,34.8,1.8,0.9444444444444444,5.0,16.0,200.0,0.0,0.10344827586206896,5,10,94.7,16.0
81,202110010205,3,1,1,2,0,0,0,16,0,0,0,0,3,0,1,2,0,0,0,5,0,0,0,0,2,0,1,2,0,0,0,2,0,0,0,0,0.0,0.0,60.0,50.0,40.1,1.7,1.0,0.0,0.0,150.0,120.0,36.7,1.8,0.4375,0.0,0.0,120.0,140.0,35.6,1.8,1.0,45.0,2.0,-100.0,0.0625,0.1875,4,7,14.5,7.0
82,202110010205,1,1,0,4,0,0,0,6,0,0,0,0,0,0,0,1,0,0,0,6,0,0,0,0,0,0,0,0,0,0,0,0,0,0,0,0,0.0,0.0,7.0,7.0,36.5,1.5,1.0,0.0,0.0,14.0,5.0,35.3,0.6,0.8235294117647058,0.0,0.0,7.0,6.0,34.1,0.5,0.5555555555555556,-0.5,4.0,-800.0,0.05128205128205128,0.1282051282051282,2,3,13.4,6.0
83,202110010205,1,3,1,5,0,0,0,0,0,0,0,0,0,3,0,4,0,0,0,0,0,0,0,0,0,3,0,1,0,0,0,0,0,0,0,0,0.0,0.0,,,,,,0.0,0.0,170.0,15.0,34.2,1.4,0.9444444444444444,0.0,0.0,170.0,6.0,34.6,0.3,0.7222222222222222,-9.0,,-300.0,0.0,0.14285714285714285,8,18,33.6,11.0
84,202110010205,0,1,1,15,0,0,0,2,0,0,0,0,0,1,1,12,0,0,0,2,0,0,0,0,0,0,0,5,0,0,0,0,0,0,0,0,0.0,0.0,2.0,2.0,37.3,0.0,0.6666666666666666,0.0,0.0,13.0,13.0,39.4,1.9,0.25,0.0,0.0,9.0,11.0,37.8,1.7,0.75,4.5,11.0,300.0,0.06666666666666667,0.26666666666666666,7,13,26.7,9.0
85,202110010205,0,3,0,10,10,5,7,57,0,0,0,1,0,2,0,6,5,2,3,30,0,0,0,1,0,2,0,1,2,0,0,4,0,0,0,0,0.0,0.0,90.0,110.0,39.7,2.6,0.16666666666666666,0.0,0.0,150.0,120.0,37.8,1.9,0.875,0.0,0.0,90.0,150.0,39.0,3.0,0.5,20.0,13.0,200.0,0.0,0.030303030303030304,3,6,63.8,13.0
86,202110010205,11,13,9,84,7,4,7,49,1,1,0,6,2,3,4,26,2,0,4,26,0,0,0,2,1,0,1,4,0,0,1,6,0,0,0,1,0.0,0.0,5.0,5.0,42.4,3.9,0.6,0.0,0.0,14.0,15.0,42.8,5.7,0.8,0.0,0.0,16.0,15.0,34.9,1.4,1.0,5.0,-12.0,-200.0,0.0967741935483871,0.0967741935483871,3,5,117.5,17.0
87,202110010205,0,0,0,8,0,0,0,1,0,0,0,0,0,0,0,5,0,0,0,1,0,0,0,0,0,0,0,0,0,0,0,0,0,0,0,0,0.0,0.0,,,,,,0.0,0.0,130.0,11.0,39.1,2.4,0.5714285714285714,0.0,0.0,120.0,16.0,35.1,2.3,0.8333333333333334,5.0,,-200.0,0.04,0.12,1,1,63.6,12.0
88,202110010205,1,0,0,6,4,0,1,32,1,0,0,1,1,0,0,6,2,0,1,12,1,0,0,1,0,0,0,0,0,0,1,1,0,0,0,0,0.0,0.0,11.0,10.0,40.9,3.3,1.0,0.0,0.0,15.0,13.0,40.1,4.3,0.9333333333333333,0.0,0.0,16.0,15.0,39.3,2.7,0.8125,2.5,-2.0,-200.0,0.03636363636363636,0.16363636363636364,8,16,126.8,18.0
89,202110010205,6,4,3,33,0,2,0,19,0,0,0,0,4,1,0,15,0,0,0,9,0,0,0,0,4,0,0,6,0,0,0,3,0,0,0,0,0.0,0.0,5.0,6.0,40.3,2.4,0.5,0.0,0.0,15.0,13.0,38.7,2.0,0.6666666666666666,0.0,0.0,15.0,15.0,40.6,4.6,0.5,4.5,-9.0,-200.0,0.25,0.25,5,9,10.8,5.0
90,202110010209,3,4,3,36,7,7,8,94,0,0,0,9,2,1,0,15,1,4,1,34,0,0,0,5,0,0,0,1,0,0,0,6,0,0,0,0,0.0,0.0,9.0,13.0,34.5,0.9,1.0,0.0,0.0,11.0,13.0,35.3,0.7,0.3125,0.0,0.0,12.0,11.0,33.5,0.9,0.7142857142857143,-1.0,-2.0,0.0,0.13559322033898305,0.3898305084745763,2,3,4.6,2.0
91,202110010209,6,4,3,33,4,2,0,8,1,0,0,0,4,1,0,15,1,1,0,4,1,0,0,0,0,0,0,2,0,0,0,1,0,0,0,0,0.0,0.0,13.0,14.0,34.6,1.0,0.9375,0.0,0.0,9.0,9.0,34.8,0.9,0.9090909090909091,0.0,0.0,10.0,13.0,34.6,1.2,0.875,-0.5,0.0,0.0,0.0392156862745098,0.21568627450980393,5,10,3.7,1.0
92,202110010209,11,13,9,84,7,11,6,84,3,2,2,7,2,3,4,26,4,5,4,47,1,0,1,4,1,0,1,5,1,1,1,14,0,0,1,2,0.0,0.0,11.0,6.0,33.5,0.2,0.7777777777777778,0.0,0.0,7.0,3.0,34.8,0.2,0.6666666666666666,0.0,0.0,14.0,9.0,34.3,0.5,0.8,1.5,0.0,0.0,0.06451612903225806,0.16129032258064516,5,9,12.0,5.0
93,202110010209,15,7,8,83,5,2,5,58,1,0,0,14,10,4,5,49,3,1,1,25,1,0,0,7,1,1,2,15,0,0,0,2,0,0,0,0,0.0,0.0,11.0,5.0,32.0,0.6,0.5294117647058824,0.0,0.0,11.0,9.0,32.6,0.7,0.6875,0.0,0.0,11.0,5.0,34.8,0.4,0.1875,0.0,0.0,200.0,0.0,0.0,1,2,12.2,6.0
94,202110010209,3,3,0,30,0,3,0,8,0,0,0,0,3,1,0,18,0,3,0,6,0,0,0,0,0,0,0,8,0,0,0,2,0,0,0,0,0.0,0.0,15.0,13.0,33.7,1.2,0.6111111111111112,0.0,0.0,12.0,14.0,33.6,1.1,0.17647058823529413,0.0,0.0,5.0,8.0,36.1,1.2,0.26666666666666666,-2.5,14.0,200.0,0.03125,0.15625,7,13,37.5,11.0
95,202110010209,0,0,0,13,0,0,1,14,0,0,0,0,0,0,0,12,0,0,1,7,0,0,0,0,0,0,0,0,0,0,0,1,0,0,0,0,0.0,0.0,90.0,6.0,43.1,1.7,0.1111111111111111,0.0,0.0,160.0,16.0,36.0,1.9,0.7777777777777778,0.0,0.0,100.0,15.0,34.7,1.6,1.0,4.5,-1.0,-200.0,0.06896551724137931,0.27586206896551724,3,6,53.5,15.0
96,202110010209,0,0,0,8,0,0,0,2,0,0,0,0,0,0,0,5,0,0,0,2,0,0,0,0,0,0,0,1,0,0,0,0,0,0,0,0,0.0,0.0,11.0,12.0,36.3,1.2,0.25,0.0,0.0,16.0,14.0,33.4,1.5,0.8333333333333334,0.0,0.0,13.0,7.0,33.8,1.0,0.6470588235294118,-2.5,2.0,0.0,,,7,15,65.4,17.0
97,202110010209,15,7,8,83,0,0,0,16,0,0,0,0,10,4,5,49,0,0,0,5,0,0,0,0,1,1,2,15,0,0,0,0,0,0,0,0,0.0,0.0,80.0,8.0,49.0,10.1,1.0,0.0,0.0,80.0,14.0,33.5,1.2,0.6111111111111112,0.0,0.0,100.0,15.0,37.8,2.2,0.25,3.5,16.0,-400.0,,,1,1,9.8,4.0
98,202110010209,15,7,8,83,5,2,5,58,1,0,0,14,10,4,5,49,3,1,1,25,1,0,0,7,1,1,2,15,0,0,0,2,0,0,0,0,0.0,0.0,10.0,17.0,34.4,2.0,0.9444444444444444,0.0,0.0,11.0,14.0,36.6,1.1,0.9285714285714286,0.0,0.0,9.0,14.0,34.7,1.7,0.7142857142857143,-1.5,4.0,0.0,0.3333333333333333,0.6666666666666666,2,4,36.7,10.0
99,202110010209,7,4,6,52,0,0,0,0,0,0,0,0,6,3,5,37,0,0,0,0,0,0,0,0,3,0,0,9,0,0,0,0,0,0,0,0,0.0,0.0,13.0,11.0,35.0,0.6,0.75,0.0,0.0,10.0,8.0,34.0,0.4,0.8125,0.0,0.0,10.0,10.0,35.5,0.7,0.9285714285714286,-0.5,2.0,0.0,0.041666666666666664,0.125,4,7,18.0,8.0
100,202110010209,2,3,4,40,1,0,1,4,0,0,0,0,1,1,2,15,0,0,1,4,0,0,0,0,0,0,0,2,0,0,0,0,0,0,0,0,0.0,0.0,5.0,2.0,35.5,0.2,0.6153846153846154,0.0,0.0,2.0,6.0,34.6,0.5,0.5333333333333333,0.0,0.0,4.0,2.0,34.6,0.0,1.0,0.0,4.0,-400.0,0.05263157894736842,0.23684210526315788,8,18,5.9,3.0
101,202110010209,0,0,0,5,0,1,1,7,0,0,0,1,0,0,0,3,0,1,1,4,0,0,0,1,0,0,0,1,0,0,0,1,0,0,0,1,0.0,0.0,60.0,120.0,38.9,1.8,0.75,0.0,0.0,150.0,160.0,34.7,1.7,0.625,0.0,0.0,160.0,130.0,35.5,1.1,1.0,5.0,-15.0,0.0,0.0,0.03225806451612903,8,16,136.1,18.0
102,202110010209,0,0,0,7,0,0,0,2,0,0,0,0,0,0,0,4,0,0,0,2,0,0,0,0,0,0,0,0,0,0,0,0,0,0,0,0,0.0,0.0,10.0,11.0,43.8,3.1,0.8181818181818182,0.0,0.0,13.0,14.0,34.2,1.0,0.625,0.0,0.0,16.0,7.0,33.9,0.4,0.8888888888888888,-2.0,-7.0,-200.0,0.03773584905660377,0.16981132075471697,6,11,50.7,14.0
103,202110010209,3,4,3,36,5,2,5,58,0,0,0,0,2,1,0,15,3,1,1,25,0,0,0,0,0,0,0,1,0,0,0,2,0,0,0,0,0.0,0.0,10.0,11.0,40.4,4.8,0.6363636363636364,0.0,0.0,10.0,13.0,40.1,3.0,1.0,0.0,0.0,13.0,14.0,34.4,0.9,0.7777777777777778,1.5,10.0,300.0,0.0,0.14285714285714285,3,5,45.3,13.0
104,202110010209,4,8,9,52,0,0,1,5,0,0,0,0,4,7,6,44,0,0,1,4,0,0,0,0,1,2,2,20,0,0,0,0,0,0,0,0,0.0,0.0,18.0,16.0,35.5,1.2,0.16666666666666666,0.0,0.0,18.0,13.0,35.6,1.1,0.05555555555555555,0.0,0.0,10.0,8.0,34.0,1.0,0.4117647058823529,-4.0,6.0,0.0,0.0,0.2631578947368421,8,17,64.5,16.0
105,202110010209,2,3,4,40,1,7,2,30,0,1,0,3,1,1,2,15,1,3,2,14,0,0,0,1,0,0,0,2,0,0,0,3,0,0,0,1,0.0,0.0,4.0,5.0,43.6,6.3,1.0,0.0,0.0,10.0,17.0,33.3,2.0,0.9411764705882353,0.0,0.0,12.0,11.0,36.2,1.2,0.9166666666666666,3.0,11.0,-200.0,0.05263157894736842,0.13157894736842105,4,8,16.5,7.0
106,202110010209,4,4,2,47,0,0,0,3,0,0,0,0,2,2,0,10,0,0,0,1,0,0,0,0,0,0,0,1,0,0,0,1,0,0,0,0,0.0,0.0,110.0,110.0,43.8,5.6,0.5833333333333334,0.0,0.0,130.0,110.0,34.7,1.0,0.6923076923076923,0.0,0.0,110.0,110.0,35.9,2.2,0.38461538461538464,0.0,29.0,-500.0,0.0,0.0,6,12,37.6,12.0
107,202110010209,1,1,2,14,4,8,8,33,0,0,1,2,0,0,1,9,0,4,5,21,0,0,1,2,0,0,1,0,0,1,1,2,0,0,1,0,0.0,0.0,9.0,18.0,35.7,1.3,0.2222222222222222,0.0,0.0,7.0,9.0,35.4,0.5,0.1875,0.0,0.0,5.0,4.0,34.8,0.3,0.26666666666666666,-7.0,2.0,0.0,0.01694915254237288,0.15254237288135594,7,14,22.5,9.0
108,202110010308,2,3,0,5,1,1,2,8,0,0,0,0,1,1,0,1,0,0,1,1,0,0,0,0,1,1,0,0,0,0,1,1,0,0,0,0,0.0,0.0,9.0,10.0,33.7,0.7,0.9,0.0,0.0,10.0,10.0,34.2,0.6,0.7142857142857143,0.0,0.0,8.0,7.0,33.9,0.6,0.7777777777777778,-1.5,6.0,0.0,0.034482758620689655,0.20689655172413793,4,8,9.5,5.0
109,202110010308,1,0,0,0,0,0,1,3,0,0,0,0,0,0,0,0,0,0,1,3,0,0,0,0,0,0,0,0,0,0,0,0,0,0,0,0,0.0,0.0,14.0,14.0,13.5,4.2,0.6428571428571429,0.0,0.0,7.0,8.0,13.1,1.4,0.2727272727272727,0.0,0.0,6.0,,,,0.08333333333333333,-6.0,0.0,-2090.0,0.075,0.25,7,14,3.0,1.0
110,202110010308,1,2,2,15,0,0,0,1,0,0,0,0,0,1,0,5,0,0,0,1,0,0,0,0,0,0,0,3,0,0,0,0,0,0,0,0,0.0,0.0,1.0,3.0,39.1,0.1,0.1,0.0,0.0,8.0,10.0,36.6,0.9,0.8571428571428571,0.0,0.0,3.0,8.0,35.0,0.7,0.9166666666666666,2.5,7.0,-800.0,0.0,0.0,5,9,74.9,15.0
111,202110010308,2,2,0,17,0,0,2,16,0,0,0,1,0,0,0,8,0,0,1,10,0,0,0,1,0,0,0,4,0,0,0,3,0,0,0,0,0.0,0.0,90.0,8.0,37.8,1.1,0.5,0.0,0.0,,,,,,0.0,0.0,70.0,8.0,37.1,1.1,0.5333333333333333,0.0,29.0,0.0,0.0,0.13333333333333333,6,11,30.0,7.0
112,202110010308,5,2,1,29,2,1,1,12,0,0,0,3,4,2,0,23,1,0,0,3,0,0,0,2,1,0,0,7,0,0,0,0,0,0,0,0,0.0,0.0,11.0,5.0,32.0,0.6,0.5294117647058824,0.0,0.0,11.0,9.0,32.6,0.7,0.6875,0.0,0.0,11.0,5.0,34.8,0.4,0.1875,0.0,0.0,200.0,0.0,0.0,4,7,5.6,3.0
113,202110010308,1,2,2,15,0,0,2,12,0,0,0,1,0,1,0,5,0,0,0,6,0,0,0,0,0,0,0,3,0,0,0,1,0,0,0,0,0.0,0.0,110.0,9.0,43.3,3.6,0.8181818181818182,0.0,0.0,110.0,8.0,36.7,1.4,0.5333333333333333,0.0,0.0,120.0,8.0,37.5,1.0,0.4666666666666667,-0.5,7.0,-400.0,0.03571428571428571,0.16071428571428573,8,15,6.8,4.0
114,202110010308,1,0,0,15,3,2,3,22,0,0,0,0,1,0,0,12,0,0,2,10,0,0,0,0,0,0,0,1,0,0,2,2,0,0,0,0,0.0,0.0,5.0,4.0,41.0,2.5,0.5555555555555556,0.0,0.0,13.0,15.0,37.2,1.6,0.6666666666666666,0.0,0.0,17.0,7.0,36.1,0.9,0.2222222222222222,1.5,14.0,-100.0,0.06060606060606061,0.18181818181818182,7,13,39.1,9.0
115,202110010308,0,0,0,18,0,0,0,0,0,0,0,0,0,0,0,17,0,0,0,0,0,0,0,0,0,0,0,9,0,0,0,0,0,0,0,0,0.0,0.0,10.0,11.0,36.0,1.1,0.3333333333333333,0.0,0.0,11.0,8.0,36.3,1.0,0.4375,0.0,0.0,9.0,10.0,35.2,0.6,0.4375,-0.5,2.0,0.0,0.16666666666666666,0.3333333333333333,2,4,45.5,11.0
116,202110010308,1,0,0,15,0,0,0,3,0,0,0,1,1,0,0,12,0,0,0,2,0,0,0,1,0,0,0,1,0,0,0,0,0,0,0,0,0.0,0.0,8.0,15.0,36.4,1.8,0.3333333333333333,0.0,0.0,9.0,14.0,36.2,1.8,0.7142857142857143,0.0,0.0,14.0,4.0,35.0,0.2,0.23529411764705882,-5.5,0.0,0.0,0.038461538461538464,0.11538461538461539,2,3,35.7,8.0
117,202110010308,1,0,1,6,0,0,0,0,0,0,0,0,1,0,0,4,0,0,0,0,0,0,0,0,0,0,0,0,0,0,0,0,0,0,0,0,0.0,0.0,7.0,8.0,44.4,2.9,0.1,0.0,0.0,13.0,14.0,37.9,1.5,0.6,0.0,0.0,11.0,7.0,35.5,0.9,0.375,-0.5,13.0,-200.0,0.05,0.15,8,16,12.2,6.0
118,202110010308,1,2,1,13,0,0,0,0,0,0,0,0,0,1,1,5,0,0,0,0,0,0,0,0,0,1,0,2,0,0,0,0,0,0,0,0,0.0,0.0,9.0,8.0,38.6,2.0,0.8,0.0,0.0,16.0,14.0,38.3,1.4,0.4375,0.0,0.0,10.0,11.0,37.8,2.4,0.18181818181818182,1.5,-4.0,0.0,0.0,0.23809523809523808,1,1,5.0,2.0
119,202110010308,0,0,0,3,0,0,1,3,0,0,0,0,0,0,0,3,0,0,1,3,0,0,0,0,0,0,0,0,0,0,0,0,0,0,0,0,0.0,0.0,7.0,,,,0.25,0.0,0.0,12.0,9.0,40.3,2.3,0.2,0.0,0.0,10.0,10.0,36.2,1.4,0.3,1.0,6.0,-300.0,0.0,0.0,3,5,64.9,14.0
120,202110010308,2,0,1,5,0,1,0,11,0,0,0,0,2,0,1,4,0,1,0,7,0,0,0,0,0,0,1,1,0,1,0,3,0,0,0,0,0.0,0.0,110.0,12.0,41.7,3.5,0.5,0.0,0.0,40.0,7.0,36.1,0.9,0.75,0.0,0.0,80.0,11.0,37.0,1.0,0.0625,-0.5,9.0,-100.0,0.06451612903225806,0.25806451612903225,3,6,50.6,13.0
121,202110010308,0,0,0,4,0,0,0,0,0,0,0,0,0,0,0,2,0,0,0,0,0,0,0,0,0,0,0,2,0,0,0,0,0,0,0,0,0.0,0.0,1.0,,,,0.16666666666666666,0.0,0.0,16.0,12.0,36.8,1.4,0.75,0.0,0.0,16.0,14.0,35.4,1.2,1.0,2.0,17.0,-200.0,0.0,0.0,5,10,100.8,16.0
122,202110010308,0,0,0,3,2,1,3,7,0,0,0,0,0,0,0,0,2,1,1,5,0,0,0,0,0,0,0,0,0,1,0,0,0,0,0,0,0.0,0.0,100.0,10.0,42.3,2.0,0.6,0.0,0.0,110.0,14.0,38.0,1.9,0.625,0.0,0.0,,,,,,4.0,-17.0,-200.0,0.1375,0.2875,6,12,39.6,10.0
123,202110010308,0,0,1,2,0,0,0,1,0,0,0,0,0,0,0,1,0,0,0,1,0,0,0,0,0,0,0,0,0,0,0,0,0,0,0,0,0.0,0.0,10.0,7.0,40.8,1.5,1.0,0.0,0.0,12.0,16.0,39.0,3.3,0.125,0.0,0.0,7.0,11.0,33.8,1.4,0.5,2.0,25.0,-400.0,0.0,0.13636363636363635,1,2,45.5,12.0
124,202110010308,1,0,0,5,0,0,0,3,0,0,0,0,0,0,0,1,0,0,0,0,0,0,0,0,0,0,0,0,0,0,0,0,0,0,0,0,0.0,0.0,,,,,,0.0,0.0,80.0,16.0,42.8,5.0,0.125,0.0,0.0,130.0,12.0,37.2,1.1,0.875,-4.0,,0.0,,,8,17,,
125,202110010310,0,0,0,0,0,0,0,0,0,0,0,0,0,0,0,0,0,0,0,0,0,0,0,0,0,0,0,0,0,0,0,0,0,0,0,0,0.0,0.0,13.0,14.0,34.0,1.2,1.0,0.0,0.0,12.0,13.0,33.9,1.0,0.8461538461538461,0.0,0.0,5.0,6.0,34.6,1.4,0.4444444444444444,-4.0,0.0,0.0,0.01639344262295082,0.14754098360655737,5,9,65.1,14.0
126,202110010310,0,0,0,0,1,0,0,2,0,0,0,0,0,0,0,0,0,0,0,2,0,0,0,0,0,0,0,0,0,0,0,0,0,0,0,0,0.0,0.0,,,,,,0.0,0.0,140.0,12.0,34.6,1.7,0.3888888888888889,0.0,0.0,150.0,8.0,32.7,0.6,0.5294117647058824,-4.0,,0.0,0.0,0.029411764705882353,7,13,80.7,15.0
127,202110010310,5,2,1,29,2,1,1,12,0,0,0,3,4,2,0,23,1,0,0,3,0,0,0,2,1,0,0,7,0,0,0,0,0,0,0,0,0.0,0.0,18.0,18.0,37.6,3.2,0.16666666666666666,0.0,0.0,12.0,11.0,36.0,1.2,0.5714285714285714,0.0,0.0,8.0,12.0,37.5,1.7,1.0,-3.0,-2.0,-200.0,0.029850746268656716,0.1791044776119403,6,12,15.4,9.0
128,202110010310,0,0,0,1,0,0,0,0,0,0,0,0,0,0,0,0,0,0,0,0,0,0,0,0,0,0,0,0,0,0,0,0,0,0,0,0,0.0,0.0,5.0,8.0,34.2,0.4,0.4444444444444444,0.0,0.0,6.0,7.0,35.0,0.5,0.2727272727272727,0.0,0.0,1.0,7.0,34.4,0.2,0.5294117647058824,-0.5,4.0,0.0,0.06153846153846154,0.18461538461538463,8,17,3.3,1.0
129,202110010310,2,3,0,5,0,0,0,13,0,0,0,1,1,1,0,1,0,0,0,7,0,0,0,0,1,1,0,0,0,0,0,2,0,0,0,0,0.0,0.0,12.0,8.0,34.7,0.6,0.3125,0.0,0.0,9.0,15.0,40.2,3.3,0.25,0.0,0.0,12.0,14.0,35.1,1.5,0.2,3.0,-6.0,0.0,0.0,0.0,3,6,12.9,7.0
130,202110010310,0,0,1,3,0,1,0,0,0,0,0,0,0,0,0,1,0,1,0,0,0,0,0,0,0,0,0,0,0,0,0,0,0,0,0,0,0.0,0.0,20.0,3.0,35.0,0.5,0.45454545454545453,0.0,0.0,40.0,2.0,34.6,0.3,0.6,0.0,0.0,100.0,7.0,34.9,0.6,0.4166666666666667,2.0,8.0,0.0,0.13580246913580246,0.2839506172839506,4,8,9.8,5.0
131,202110010310,0,0,0,3,1,3,3,19,0,0,0,0,0,0,0,3,0,1,0,4,0,0,0,0,0,0,0,0,0,1,0,3,0,0,0,0,0.0,0.0,8.0,7.0,38.3,1.5,0.5,0.0,0.0,9.0,6.0,37.3,0.5,0.625,0.0,0.0,7.0,4.0,36.3,0.3,0.875,-1.5,-6.0,0.0,0.0625,0.25,2,3,39.0,13.0
132,202110010310,0,0,0,5,0,0,0,0,0,0,0,0,0,0,0,2,0,0,0,0,0,0,0,0,0,0,0,0,0,0,0,0,0,0,0,0,0.0,0.0,1.0,,,,,0.0,0.0,1.0,5.0,13.8,0.5,0.08333333333333333,0.0,0.0,5.0,2.0,13.4,0.2,0.25,-3.0,-16.0,-1660.0,0.05357142857142857,0.26785714285714285,8,16,27.0,10.0
133,202110010310,0,0,0,18,0,0,1,4,0,0,0,0,0,0,0,17,0,0,1,1,0,0,0,0,0,0,0,9,0,0,0,0,0,0,0,0,0.0,0.0,6.0,1.0,35.3,0.0,0.5454545454545454,0.0,0.0,8.0,9.0,38.0,0.8,0.35714285714285715,0.0,0.0,11.0,6.0,36.9,0.7,0.25,2.5,0.0,200.0,0.14285714285714285,0.2857142857142857,6,11,11.3,6.0
134,202110010310,0,0,0,4,0,0,0,0,0,0,0,0,0,0,0,3,0,0,0,0,0,0,0,0,0,0,0,3,0,0,0,0,0,0,0,0,0.0,0.0,10.0,9.0,36.1,0.7,0.8125,0.0,0.0,9.0,11.0,38.1,1.1,0.21428571428571427,0.0,0.0,6.0,8.0,33.5,0.4,0.6666666666666666,-0.5,-6.0,0.0,0.03773584905660377,0.22641509433962265,7,14,6.8,2.0
135,202110010310,2,0,1,5,0,0,0,0,0,0,0,0,2,0,1,4,0,0,0,0,0,0,0,0,0,0,1,1,0,0,0,0,0,0,0,0,0.0,0.0,120.0,10.0,38.6,2.7,0.08333333333333333,0.0,0.0,70.0,8.0,35.6,1.7,0.25,0.0,0.0,20.0,9.0,36.7,0.7,0.125,-0.5,-4.0,-400.0,0.0,0.0,2,4,133.9,17.0
136,202110010310,0,0,0,4,0,0,0,3,0,0,0,0,0,0,0,2,0,0,0,0,0,0,0,0,0,0,0,0,0,0,0,0,0,0,0,0,0.0,0.0,8.0,6.0,13.7,9.1,0.5,0.0,0.0,11.0,,,,0.16666666666666666,0.0,0.0,13.0,14.0,13.7,7.9,0.42857142857142855,8.0,-12.0,-1660.0,0.0196078431372549,0.09803921568627451,1,2,93.5,16.0
137,202110010310,0,0,0,0,0,0,0,0,0,0,0,0,0,0,0,0,0,0,0,0,0,0,0,0,0,0,0,0,0,0,0,0,0,0,0,0,0.0,0.0,14.0,16.0,35.5,1.6,0.6470588235294118,0.0,0.0,9.0,6.0,34.9,0.8,0.9285714285714286,0.0,0.0,11.0,12.0,34.7,0.8,0.625,-2.0,-6.0,0.0,0.05,0.125,5,10,8.0,3.0
138,202110010310,3,2,2,18,0,1,0,3,0,0,0,0,0,0,1,4,0,1,0,3,0,0,0,0,0,0,1,2,0,1,0,2,0,0,0,0,0.0,0.0,14.0,15.0,38.6,2.9,0.6875,0.0,0.0,13.0,12.0,34.8,0.9,0.6,0.0,0.0,12.0,9.0,35.8,2.0,0.38461538461538464,-3.0,14.0,50.0,0.0,0.13043478260869565,3,5,29.1,11.0
139,202110010310,0,1,1,3,1,1,1,6,0,0,0,0,0,0,0,1,1,0,1,5,0,0,0,0,0,0,0,1,0,0,1,3,0,0,0,0,0.0,0.0,50.0,2.0,38.6,0.9,0.3,0.0,0.0,90.0,11.0,42.1,5.5,0.2727272727272727,0.0,0.0,100.0,10.0,38.0,1.9,1.0,4.0,-8.0,-200.0,0.03508771929824561,0.15789473684210525,1,1,9.0,4.0
140,202110010310,5,2,1,29,2,1,1,12,0,0,0,3,4,2,0,23,1,0,0,3,0,0,0,2,1,0,0,7,0,0,0,0,0,0,0,0,0.0,0.0,2.0,7.0,38.9,2.6,1.0,0.0,0.0,8.0,9.0,35.5,2.4,0.8888888888888888,0.0,0.0,9.0,14.0,36.9,2.1,0.9375,3.5,17.0,-200.0,0.06666666666666667,0.23333333333333334,8,15,15.1,8.0
141,202110010310,0,0,0,0,0,0,0,1,0,0,0,0,0,0,0,0,0,0,0,0,0,0,0,0,0,0,0,0,0,0,0,0,0,0,0,0,0.0,0.0,15.0,13.0,35.7,2.1,0.125,0.0,0.0,16.0,15.0,34.4,1.0,0.375,0.0,0.0,13.0,12.0,35.5,1.0,0.14285714285714285,-0.5,-16.0,0.0,0.05405405405405406,0.16216216216216217,4,7,29.5,12.0
142,202110010406,0,0,0,0,0,0,0,6,0,0,0,0,0,0,0,0,0,0,0,5,0,0,0,0,0,0,0,0,0,0,0,2,0,0,0,0,0.0,0.0,50.0,,,,0.5,0.0,0.0,60.0,1.0,13.4,0.0,0.45454545454545453,0.0,0.0,110.0,13.0,33.3,0.8,0.5625,12.0,14.0,-1910.0,0.06896551724137931,0.27586206896551724,7,13,10.8,5.0
143,202110010406,0,0,0,5,0,0,0,0,0,0,0,0,0,0,0,4,0,0,0,0,0,0,0,0,0,0,0,1,0,0,0,0,0,0,0,0,0.0,0.0,60.0,4.0,35.8,1.0,0.8888888888888888,0.0,0.0,80.0,4.0,36.5,0.3,0.6,0.0,0.0,60.0,4.0,36.3,0.8,0.6875,0.0,61.0,200.0,0.0,0.041666666666666664,8,16,51.7,13.0
144,202110010406,1,0,3,34,1,0,1,11,0,0,0,4,1,0,3,25,1,0,0,8,0,0,0,4,0,0,0,6,0,0,0,2,0,0,0,1,0.0,0.0,30.0,10.0,41.2,2.4,0.1875,0.0,0.0,30.0,7.0,37.1,1.4,0.2222222222222222,0.0,0.0,30.0,5.0,35.9,0.5,0.1875,-2.5,0.0,-200.0,0.0,0.125,5,10,9.1,4.0
145,202110010406,0,0,0,5,0,0,0,1,0,0,0,0,0,0,0,5,0,0,0,0,0,0,0,0,0,0,0,1,0,0,0,0,0,0,0,0,0.0,0.0,9.0,9.0,34.7,0.9,0.7272727272727273,0.0,0.0,7.0,6.0,36.9,0.7,0.75,0.0,0.0,10.0,6.0,35.9,0.9,0.21428571428571427,-1.5,-2.0,-800.0,0.03389830508474576,0.15254237288135594,8,17,24.9,10.0
146,202110010406,1,0,0,12,1,0,0,1,0,0,0,0,0,0,0,3,0,0,0,1,0,0,0,0,0,0,0,0,0,0,0,0,0,0,0,0,0.0,0.0,11.0,7.0,38.4,0.9,0.45454545454545453,0.0,0.0,7.0,7.0,34.0,0.7,0.6111111111111112,0.0,0.0,2.0,10.0,42.2,1.9,0.07142857142857142,1.5,6.0,0.0,0.058823529411764705,0.23529411764705882,6,11,2.6,1.0
147,202110010406,1,0,0,1,1,0,1,11,0,0,0,0,1,0,0,1,1,0,0,8,0,0,0,0,0,0,0,0,0,0,0,2,0,0,0,0,0.0,0.0,20.0,5.0,36.8,0.6,0.36363636363636365,0.0,0.0,70.0,12.0,38.9,3.0,0.25,0.0,0.0,50.0,8.0,37.4,1.0,0.16666666666666666,1.5,-3.0,200.0,0.07142857142857142,0.2619047619047619,3,6,15.7,6.0
148,202110010406,2,2,4,23,0,2,2,17,0,1,2,1,1,0,1,8,0,1,0,11,0,0,0,1,0,0,0,2,0,1,0,3,0,0,0,0,0.0,0.0,1.0,11.0,42.8,3.1,0.5,0.0,0.0,5.0,8.0,40.6,2.1,0.07692307692307693,0.0,0.0,5.0,2.0,40.5,1.4,0.06666666666666667,-4.5,-3.0,-200.0,0.03636363636363636,0.23636363636363636,7,15,6.0,2.0
149,202110010406,0,0,0,4,0,0,1,2,0,0,0,0,0,0,0,2,0,0,1,2,0,0,0,0,0,0,0,1,0,0,0,2,0,0,0,0,0.0,0.0,100.0,17.0,37.6,2.2,0.1111111111111111,0.0,0.0,30.0,2.0,37.0,0.7,0.23076923076923078,0.0,0.0,50.0,5.0,35.5,0.5,0.3,-6.0,4.0,-200.0,0.05970149253731343,0.1791044776119403,4,8,7.3,3.0
150,202110010406,0,0,0,0,0,0,0,1,0,0,0,0,0,0,0,0,0,0,0,1,0,0,0,0,0,0,0,0,0,0,0,0,0,0,0,0,0.0,0.0,3.0,9.0,41.1,1.7,0.6,0.0,0.0,12.0,8.0,33.9,0.6,0.9230769230769231,0.0,0.0,13.0,9.0,34.8,1.1,0.8333333333333334,0.0,16.0,-200.0,0.0,0.3333333333333333,3,5,23.9,9.0
151,202110010406,0,0,0,7,0,3,4,26,0,0,0,0,0,0,0,3,0,1,1,11,0,0,0,0,0,0,0,0,0,0,0,2,0,0,0,0,0.0,0.0,6.0,,,,0.8,0.0,0.0,13.0,9.0,37.0,2.0,0.6428571428571429,0.0,0.0,18.0,14.0,35.0,1.7,0.7222222222222222,5.0,-8.0,-700.0,0.0,0.2,6,12,130.4,17.0
152,202110010406,0,0,0,0,1,0,0,2,0,0,0,0,0,0,0,0,1,0,0,1,0,0,0,0,0,0,0,0,1,0,0,0,0,0,0,0,0.0,0.0,30.0,7.0,44.3,6.6,0.14285714285714285,0.0,0.0,170.0,15.0,35.0,1.6,0.9411764705882353,0.0,0.0,160.0,15.0,34.9,1.8,0.8888888888888888,4.0,10.0,200.0,0.0,0.0,4,7,142.1,18.0
153,202110010406,0,0,1,9,2,2,3,18,0,0,0,2,0,0,0,4,0,1,1,7,0,0,0,2,0,0,0,0,0,0,0,1,0,0,0,0,0.0,0.0,70.0,60.0,38.5,2.2,0.7,0.0,0.0,100.0,100.0,37.1,2.7,1.0,0.0,0.0,140.0,110.0,35.1,1.0,0.5625,25.0,-6.0,0.0,0.0,0.0,2,4,38.7,11.0
154,202110010406,1,0,0,1,0,0,0,0,0,0,0,0,1,0,0,1,0,0,0,0,0,0,0,0,0,0,0,0,0,0,0,0,0,0,0,0,0.0,0.0,16.0,12.0,38.4,1.6,0.9375,0.0,0.0,14.0,8.0,40.2,3.0,0.6875,0.0,0.0,14.0,13.0,36.8,2.0,1.0,0.5,-8.0,-200.0,0.018867924528301886,0.09433962264150944,1,1,76.5,14.0
155,202110010406,0,0,0,0,0,0,0,5,0,0,0,0,0,0,0,0,0,0,0,3,0,0,0,0,0,0,0,0,0,0,0,0,0,0,0,0,0.0,0.0,8.0,14.0,37.0,2.0,0.9444444444444444,0.0,0.0,15.0,17.0,38.0,2.6,0.05555555555555555,0.0,0.0,2.0,5.0,39.5,2.0,0.13333333333333333,-4.5,-10.0,0.0,0.0625,0.21875,1,2,21.7,8.0
156,202110010406,0,1,0,3,0,0,0,0,0,0,0,0,0,1,0,2,0,0,0,0,0,0,0,0,0,0,0,1,0,0,0,0,0,0,0,0,0.0,0.0,,,,,,0.0,0.0,140.0,15.0,35.5,2.8,0.75,0.0,0.0,170.0,18.0,41.5,7.1,0.6111111111111112,3.0,,0.0,0.031746031746031744,0.15873015873015872,2,3,86.3,15.0
157,202110010406,0,1,0,8,1,0,0,6,0,0,0,0,0,1,0,6,1,0,0,4,0,0,0,0,0,1,0,4,0,0,0,2,0,0,0,0,0.0,0.0,10.0,6.0,39.8,1.7,1.0,0.0,0.0,10.0,14.0,39.4,3.5,0.6875,0.0,0.0,15.0,12.0,36.0,1.6,0.1111111111111111,3.0,24.0,-200.0,0.1111111111111111,0.2222222222222222,5,9,17.0,7.0
158,202110010406,1,0,0,12,1,0,0,6,0,0,0,1,0,0,0,3,1,0,0,4,0,0,0,1,0,0,0,0,1,0,0,3,0,0,0,0,0.0,0.0,18.0,12.0,33.7,1.8,0.7777777777777778,0.0,0.0,13.0,13.0,35.1,2.3,0.6875,0.0,0.0,12.0,17.0,38.1,2.6,0.6111111111111112,2.5,2.0,200.0,0.0,0.08333333333333333,8,18,50.3,12.0
159,202110010406,0,0,0,0,0,0,0,5,0,0,0,0,0,0,0,0,0,0,0,3,0,0,0,0,0,0,0,0,0,0,0,0,0,0,0,0,0.0,0.0,6.0,4.0,42.2,1.3,0.5384615384615384,0.0,0.0,16.0,18.0,39.2,3.4,0.4444444444444444,0.0,0.0,14.0,14.0,36.4,1.9,0.4,5.0,15.0,-800.0,0.04878048780487805,0.14634146341463414,7,14,116.0,16.0
160,202110010410,0,0,0,6,2,0,0,0,0,0,0,0,0,0,0,5,1,0,0,0,0,0,0,0,0,0,0,4,1,0,0,0,0,0,0,0,0.0,0.0,12.0,7.0,33.7,0.9,0.8571428571428571,0.0,0.0,10.0,6.0,33.4,0.5,0.6923076923076923,0.0,0.0,17.0,12.0,36.1,1.3,0.5555555555555556,2.5,10.0,0.0,0.05263157894736842,0.2631578947368421,8,15,3.8,1.0
161,202110010410,1,1,2,11,1,2,1,1,0,0,1,0,1,1,2,11,0,1,1,1,0,0,1,0,0,0,0,5,0,0,0,0,0,0,0,0,0.0,0.0,6.0,4.0,40.5,0.4,1.0,0.0,0.0,6.0,11.0,36.1,3.2,1.0,0.0,0.0,10.0,6.0,38.4,2.5,0.38461538461538464,1.0,8.0,-200.0,0.037037037037037035,0.2222222222222222,7,13,16.2,7.0
162,202110010410,0,3,3,12,0,1,0,20,0,0,0,0,0,1,1,5,0,0,0,10,0,0,0,0,0,1,0,2,0,0,0,3,0,0,0,0,0.0,0.0,12.0,13.0,32.8,0.5,0.5555555555555556,0.0,0.0,13.0,6.0,35.2,0.9,0.6875,0.0,0.0,2.0,4.0,32.7,0.4,0.6111111111111112,-4.5,4.0,200.0,0.0,0.05714285714285714,1,1,12.5,6.0
163,202110010410,0,0,0,5,0,0,0,2,0,0,0,0,0,0,0,5,0,0,0,2,0,0,0,0,0,0,0,0,0,0,0,0,0,0,0,0,0.0,0.0,12.0,9.0,40.5,1.7,1.0,0.0,0.0,14.0,12.0,38.3,1.0,0.7857142857142857,0.0,0.0,12.0,12.0,34.6,1.2,0.9333333333333333,1.5,17.0,-200.0,0.034482758620689655,0.15517241379310345,7,14,7.9,4.0
164,202110010410,4,2,1,18,1,0,0,2,1,0,0,0,3,2,1,6,1,0,0,1,1,0,0,0,0,0,0,2,0,0,0,0,0,0,0,0,0.0,0.0,12.0,15.0,36.5,3.6,0.5625,0.0,0.0,13.0,1.0,34.4,0.0,0.07142857142857142,0.0,0.0,14.0,16.0,36.0,2.8,1.0,0.5,-16.0,0.0,0.043478260869565216,0.17391304347826086,6,12,21.5,9.0
165,202110010410,1,0,2,11,0,0,2,12,0,0,1,0,1,0,0,5,0,0,1,10,0,0,0,0,1,0,0,0,0,0,0,2,0,0,0,0,0.0,0.0,30.0,2.0,34.5,0.2,0.36363636363636365,0.0,0.0,30.0,1.0,35.4,0.0,0.4666666666666667,0.0,0.0,20.0,3.0,35.3,0.4,0.25,0.5,2.0,0.0,0.08333333333333333,0.19444444444444445,3,6,5.4,2.0
166,202110010410,2,2,4,23,0,3,4,26,0,0,0,4,1,0,1,8,0,1,1,11,0,0,0,0,1,0,1,3,0,0,0,6,0,0,0,0,0.0,0.0,13.0,13.0,35.2,1.4,0.7333333333333333,0.0,0.0,11.0,11.0,35.5,1.6,1.0,0.0,0.0,16.0,12.0,36.1,1.3,1.0,-0.5,-10.0,0.0,0.13414634146341464,0.2804878048780488,2,4,34.4,12.0
167,202110010410,4,2,1,18,1,0,0,6,0,0,0,1,3,2,1,6,1,0,0,4,0,0,0,1,0,0,0,2,0,0,0,3,0,0,0,1,0.0,0.0,14.0,16.0,33.9,0.8,0.9444444444444444,0.0,0.0,12.0,10.0,34.2,0.8,0.5,0.0,0.0,5.0,1.0,34.9,0.0,0.1,-7.5,-2.0,0.0,0.0,0.0,2,3,35.7,14.0
168,202110010410,0,0,0,0,0,0,0,0,0,0,0,0,0,0,0,0,0,0,0,0,0,0,0,0,0,0,0,0,0,0,0,0,0,0,0,0,0.0,0.0,15.0,14.0,36.9,1.9,0.875,0.0,0.0,18.0,17.0,37.2,1.6,0.5555555555555556,0.0,0.0,18.0,14.0,35.6,1.0,0.8333333333333334,0.0,-12.0,0.0,0.0,0.0,4,8,86.3,17.0
169,202110010410,0,1,3,14,0,0,0,2,0,0,0,0,0,0,2,11,0,0,0,2,0,0,0,0,0,0,1,1,0,0,0,0,0,0,0,0,0.0,0.0,6.0,,,,0.46153846153846156,0.0,0.0,7.0,6.0,13.2,2.0,0.07692307692307693,0.0,0.0,7.0,7.0,13.2,3.7,0.35714285714285715,1.0,4.0,-1550.0,0.03225806451612903,0.16129032258064516,3,5,18.5,8.0
170,202110010410,1,0,1,3,0,1,1,5,0,0,0,0,0,0,1,3,0,0,1,3,0,0,0,0,0,0,1,0,0,0,1,0,0,0,0,0,0.0,0.0,11.0,13.0,13.3,2.7,0.5,0.0,0.0,7.0,1.0,13.2,0.0,0.4,0.0,0.0,11.0,6.0,13.2,3.4,0.7272727272727273,-3.5,-4.0,-1650.0,0.0,0.0,5,9,25.5,10.0
171,202110010410,6,3,6,28,0,0,0,0,0,0,0,0,1,0,2,9,0,0,0,0,0,0,0,0,1,0,0,5,0,0,0,0,0,0,0,0,0.0,0.0,12.0,14.0,36.9,3.1,0.35714285714285715,0.0,0.0,7.0,11.0,37.7,0.9,0.6,0.0,0.0,5.0,11.0,36.7,1.4,0.8,-1.5,0.0,-400.0,0.125,0.25,5,10,6.5,3.0
172,202110010410,0,0,0,5,0,0,0,4,0,0,0,2,0,0,0,4,0,0,0,1,0,0,0,1,0,0,0,1,0,0,0,1,0,0,0,1,0.0,0.0,60.0,120.0,38.9,1.8,0.75,0.0,0.0,150.0,160.0,34.7,1.7,0.625,0.0,0.0,160.0,130.0,35.5,1.1,1.0,5.0,-15.0,0.0,0.019230769230769232,0.09615384615384616,1,2,72.2,16.0
173,202110010410,0,1,0,8,0,1,0,8,0,1,0,2,0,1,0,6,0,1,0,4,0,1,0,2,0,0,0,0,0,0,0,0,0,0,0,0,0.0,0.0,3.0,,,,0.3333333333333333,0.0,0.0,6.0,3.0,13.1,1.8,0.15384615384615385,0.0,0.0,5.0,6.0,13.8,2.3,0.2857142857142857,3.0,6.0,-1650.0,0.07317073170731707,0.2682926829268293,8,17,51.3,15.0
174,202110010410,1,0,2,5,0,0,0,1,0,0,0,0,1,0,2,5,0,0,0,1,0,0,0,0,0,0,1,3,0,0,0,0,0,0,0,0,0.0,0.0,10.0,5.0,40.9,0.6,0.6363636363636364,0.0,0.0,12.0,18.0,38.3,2.7,0.1111111111111111,0.0,0.0,13.0,15.0,37.6,1.7,0.11764705882352941,5.0,4.0,-200.0,0.06060606060606061,0.24242424242424243,4,7,34.5,13.0
175,202110010410,0,1,0,3,0,0,0,1,0,0,0,0,0,1,0,2,0,0,0,0,0,0,0,0,0,1,0,0,0,0,0,0,0,0,0,0,0.0,0.0,110.0,12.0,35.2,1.0,0.3333333333333333,0.0,0.0,80.0,7.0,35.6,0.9,0.3333333333333333,0.0,0.0,160.0,4.0,35.4,0.4,0.3888888888888889,-4.0,-2.0,0.0,0.0,0.0,6,11,12.4,5.0
176,202110010410,1,0,3,34,1,0,1,17,0,0,0,4,1,0,3,25,1,0,0,8,0,0,0,3,0,0,2,12,0,0,0,2,0,0,0,2,0.0,0.0,11.0,14.0,41.3,3.7,0.6428571428571429,0.0,0.0,15.0,16.0,35.4,1.6,0.9375,0.0,0.0,6.0,12.0,36.2,1.4,0.3333333333333333,-1.0,-6.0,-500.0,0.06451612903225806,0.22580645161290322,8,16,28.1,11.0
177,202110010505,1,1,2,30,3,3,1,14,0,0,0,1,1,0,2,21,3,1,1,5,0,0,0,0,1,0,1,10,0,0,0,0,0,0,0,0,0.0,0.0,12.0,10.0,35.3,0.7,0.23529411764705882,0.0,0.0,9.0,13.0,36.3,1.0,0.125,0.0,0.0,6.0,12.0,34.9,1.7,0.2,1.0,6.0,0.0,0.03225806451612903,0.14516129032258066,1,1,5.0,2.0
178,202110010505,0,0,0,5,1,0,1,17,0,0,0,0,0,0,0,3,1,0,0,11,0,0,0,0,0,0,0,1,0,0,0,4,0,0,0,0,0.0,0.0,6.0,7.0,41.1,3.3,0.875,0.0,0.0,7.0,13.0,41.2,3.7,0.9285714285714286,0.0,0.0,3.0,8.0,34.8,1.0,0.8125,0.5,18.0,-200.0,0.0,0.22727272727272727,7,14,3.1,1.0
179,202110010505,15,7,8,83,0,0,1,9,0,0,0,0,10,4,5,49,0,0,0,3,0,0,0,0,6,2,1,20,0,0,0,3,0,0,0,0,0.0,0.0,9.0,6.0,41.6,1.6,0.16666666666666666,0.0,0.0,13.0,13.0,35.3,1.0,0.6875,0.0,0.0,7.0,12.0,36.8,1.7,0.25,3.0,-3.0,0.0,0.0,0.125,6,12,152.2,16.0
180,202110010505,7,4,6,52,1,0,2,14,0,0,0,0,6,3,5,37,1,0,1,11,0,0,0,0,1,2,3,10,1,0,1,3,0,0,0,0,0.0,0.0,50.0,4.0,43.2,2.7,0.5384615384615384,0.0,0.0,100.0,10.0,35.8,1.2,0.7222222222222222,0.0,0.0,50.0,5.0,35.4,0.6,0.6666666666666666,0.5,16.0,-300.0,0.03571428571428571,0.10714285714285714,5,9,10.3,5.0
181,202110010505,1,0,0,0,0,1,0,2,0,0,0,0,1,0,0,0,0,0,0,0,0,0,0,0,1,0,0,0,0,0,0,0,0,0,0,0,0.0,0.0,12.0,11.0,36.3,1.4,0.5,0.0,0.0,12.0,16.0,36.4,1.3,0.6875,0.0,0.0,5.0,5.0,39.3,2.0,0.2,-3.0,2.0,0.0,0.034482758620689655,0.2413793103448276,7,15,5.9,4.0
182,202110010505,15,7,8,83,1,0,0,9,0,0,0,0,10,4,5,49,0,0,0,1,0,0,0,0,6,2,1,20,0,0,0,0,0,0,0,0,0.0,0.0,2.0,2.0,38.3,0.2,0.06666666666666667,0.0,0.0,5.0,5.0,37.4,1.4,0.14285714285714285,0.0,0.0,1.0,7.0,37.9,0.9,0.25,2.5,10.0,-500.0,0.23529411764705882,0.23529411764705882,8,18,5.7,3.0
183,202110010505,2,3,4,40,7,6,1,71,0,0,0,0,1,1,2,15,5,4,0,35,0,0,0,0,1,1,0,6,1,2,0,11,0,0,0,0,0.0,0.0,3.0,9.0,42.2,2.8,0.7,0.0,0.0,8.0,9.0,35.9,1.0,0.2777777777777778,0.0,0.0,6.0,5.0,39.3,0.4,0.13333333333333333,-2.0,-8.0,-300.0,0.05714285714285714,0.22857142857142856,2,4,11.8,6.0
184,202110010505,1,3,1,5,0,2,0,9,0,0,0,0,0,3,0,4,0,0,0,3,0,0,0,0,0,0,0,3,0,0,0,1,0,0,0,0,0.0,0.0,4.0,9.0,42.1,2.4,0.4166666666666667,0.0,0.0,14.0,13.0,43.8,5.4,0.35714285714285715,0.0,0.0,14.0,14.0,36.4,1.1,0.5,2.5,-5.0,-200.0,0.16666666666666666,0.25,8,17,55.5,11.0
185,202110010505,7,4,6,52,1,0,0,9,0,0,0,0,6,3,5,37,0,0,0,1,0,0,0,0,1,2,3,10,0,0,0,0,0,0,0,0,0.0,0.0,15.0,15.0,39.1,2.8,0.625,0.0,0.0,13.0,13.0,42.8,3.3,0.46153846153846156,0.0,0.0,15.0,15.0,39.1,2.5,0.75,0.0,17.0,50.0,0.0,0.07692307692307693,4,8,27.7,8.0
186,202110010505,0,1,1,15,2,3,3,40,0,0,0,0,0,1,1,12,1,2,3,17,0,0,0,0,0,1,1,7,1,1,2,5,0,0,0,0,0.0,0.0,12.0,6.0,40.4,2.0,0.8333333333333334,0.0,0.0,11.0,10.0,38.2,2.2,0.8571428571428571,0.0,0.0,18.0,10.0,36.0,1.4,0.5555555555555556,2.0,19.0,-100.0,0.0,0.0,3,6,256.4,18.0
187,202110010505,2,3,0,19,1,0,0,3,0,0,0,0,1,3,0,13,1,0,0,3,0,0,0,0,1,1,0,8,0,0,0,2,0,0,0,0,0.0,0.0,6.0,,,,1.0,0.0,0.0,11.0,11.0,36.3,2.0,0.75,0.0,0.0,7.0,11.0,35.2,1.4,0.8888888888888888,0.0,0.0,0.0,0.0,0.07692307692307693,8,16,19.9,7.0
188,202110010505,3,1,1,2,0,0,0,1,0,0,0,0,3,0,1,2,0,0,0,1,0,0,0,0,1,0,0,0,0,0,0,1,0,0,0,0,0.0,0.0,11.0,10.0,42.7,5.2,0.75,0.0,0.0,16.0,14.0,35.6,1.2,0.5625,0.0,0.0,10.0,12.0,36.9,3.0,0.9166666666666666,1.0,16.0,-300.0,0.037037037037037035,0.1111111111111111,3,5,43.6,10.0
189,202110010505,0,0,0,1,1,0,0,4,0,0,0,0,0,0,0,1,1,0,0,3,0,0,0,0,0,0,0,0,1,0,0,1,0,0,0,0,0.0,0.0,90.0,90.0,42.8,4.3,0.2222222222222222,0.0,0.0,130.0,150.0,42.5,4.2,0.125,0.0,0.0,140.0,130.0,36.9,2.0,0.4444444444444444,20.0,10.0,0.0,0.046511627906976744,0.13953488372093023,2,3,96.9,14.0
190,202110010505,2,3,4,40,8,4,5,73,0,0,0,0,1,1,2,15,1,1,0,24,0,0,0,0,1,1,0,6,0,0,0,8,0,0,0,0,0.0,0.0,5.0,6.0,42.3,2.2,0.3333333333333333,0.0,0.0,15.0,14.0,40.7,2.8,0.4,0.0,0.0,12.0,10.0,38.0,0.8,0.4666666666666667,2.0,22.0,-200.0,0.0,0.0,1,2,41.1,9.0
191,202110010505,1,0,1,4,2,1,0,1,0,0,0,0,0,0,0,1,2,1,0,1,0,0,0,0,0,0,0,0,0,0,0,0,0,0,0,0,0.0,0.0,60.0,10.0,41.1,2.6,0.5,0.0,0.0,140.0,12.0,37.1,2.3,0.8125,0.0,0.0,120.0,9.0,37.8,1.9,0.6,-0.5,26.0,-200.0,0.0,0.0,6,11,58.2,12.0
192,202110010505,8,7,5,57,2,4,6,41,0,0,0,1,1,0,2,22,1,3,3,30,0,0,0,0,1,0,1,11,1,2,0,10,0,0,0,0,0.0,0.0,110.0,12.0,42.2,2.6,0.75,0.0,0.0,140.0,14.0,34.5,1.8,0.6470588235294118,0.0,0.0,140.0,14.0,36.8,2.2,0.9375,1.0,16.0,-200.0,0.08333333333333333,0.1388888888888889,7,13,66.9,13.0
193,202110010505,3,1,1,2,10,5,7,57,0,0,0,0,3,0,1,2,5,2,3,30,0,0,0,0,1,0,0,0,3,1,2,10,0,0,0,0,0.0,0.0,12.0,12.0,37.5,1.4,0.16666666666666666,0.0,0.0,14.0,13.0,35.8,1.2,0.8571428571428571,0.0,0.0,15.0,14.0,39.1,2.1,0.8,1.0,6.0,200.0,0.0,0.0,5,10,187.6,17.0
194,202110010505,0,0,0,0,0,0,0,0,0,0,0,0,0,0,0,0,0,0,0,0,0,0,0,0,0,0,0,0,0,0,0,0,0,0,0,0,0.0,0.0,9.0,9.0,40.0,3.3,0.8888888888888888,0.0,0.0,16.0,16.0,35.9,1.8,0.5,0.0,0.0,16.0,14.0,36.5,1.4,0.625,2.5,5.0,-200.0,0.0,0.2857142857142857,4,7,127.9,15.0
195,202110010507,7,6,3,55,0,0,0,1,0,0,0,1,1,3,2,19,0,0,0,0,0,0,0,0,0,1,0,4,0,0,0,0,0,0,0,0,0.0,0.0,9.0,8.0,38.6,2.0,0.8,0.0,0.0,16.0,14.0,38.3,1.4,0.4375,0.0,0.0,10.0,11.0,37.8,2.4,0.18181818181818182,1.5,-4.0,0.0,0.01818181818181818,0.09090909090909091,1,1,5.2,3.0
196,202110010507,3,3,0,30,0,3,0,8,0,0,0,0,3,1,0,18,0,3,0,6,0,0,0,0,0,0,0,8,0,0,0,2,0,0,0,0,0.0,0.0,15.0,13.0,33.7,1.2,0.6111111111111112,0.0,0.0,12.0,14.0,33.6,1.1,0.17647058823529413,0.0,0.0,5.0,8.0,36.1,1.2,0.26666666666666666,-2.5,14.0,200.0,0.03508771929824561,0.22807017543859648,4,4,3.3,1.0
197,202110010507,1,1,2,14,0,2,0,19,0,0,0,0,0,0,1,9,0,0,0,9,0,0,0,0,0,0,1,0,0,0,0,2,0,0,0,0,0.0,0.0,11.0,13.0,13.3,2.7,0.5,0.0,0.0,7.0,1.0,13.2,0.0,0.4,0.0,0.0,11.0,6.0,13.2,3.4,0.7272727272727273,-3.5,-4.0,-1650.0,0.0,0.16666666666666666,5,6,6.2,4.0
198,202110010507,0,0,1,11,0,0,1,3,0,0,0,0,0,0,0,2,0,0,0,1,0,0,0,0,0,0,0,0,0,0,0,0,0,0,0,0,0.0,0.0,15.0,14.0,36.9,1.9,0.875,0.0,0.0,18.0,17.0,37.2,1.6,0.5555555555555556,0.0,0.0,18.0,14.0,35.6,1.0,0.8333333333333334,0.0,-12.0,0.0,0.0,0.0,6,8,20.3,8.0
199,202110010507,15,7,8,83,5,2,5,58,1,0,0,14,10,4,5,49,3,1,1,25,1,0,0,7,1,1,2,15,0,0,0,2,0,0,0,0,0.0,0.0,10.0,17.0,34.4,2.0,0.9444444444444444,0.0,0.0,11.0,14.0,36.6,1.1,0.9285714285714286,0.0,0.0,9.0,14.0,34.7,1.7,0.7142857142857143,-1.5,4.0,0.0,0.1,0.2,8,11,7.6,5.0
200,202110010507,0,3,0,10,2,6,2,52,0,0,0,0,0,2,0,6,1,4,2,42,0,0,0,0,0,0,0,0,0,0,1,6,0,0,0,0,0.0,0.0,100.0,10.0,42.3,2.0,0.6,0.0,0.0,110.0,14.0,38.0,1.9,0.625,0.0,0.0,,,,,,4.0,-17.0,-200.0,0.13253012048192772,0.27710843373493976,7,10,48.7,10.0
201,202110010507,1,3,0,11,1,0,0,6,0,0,0,0,1,2,0,1,1,0,0,5,0,0,0,0,1,0,0,1,0,0,0,0,0,0,0,0,0.0,0.0,6.0,3.0,41.6,0.0,0.4166666666666667,0.0,0.0,6.0,10.0,13.7,8.4,0.07692307692307693,0.0,0.0,4.0,6.0,13.6,1.8,0.08333333333333333,1.5,-14.0,-200.0,,,6,7,70.1,11.0
202,202110010507,3,4,3,36,5,2,5,58,0,0,0,0,2,1,0,15,3,1,1,25,0,0,0,0,0,0,0,1,0,0,0,2,0,0,0,0,0.0,0.0,1.0,6.0,13.2,1.2,0.21428571428571427,0.0,0.0,1.0,1.0,13.4,0.0,0.5,0.0,0.0,4.0,4.0,14.0,3.4,0.2,-1.0,0.0,-1910.0,0.058823529411764705,0.17647058823529413,5,5,4.3,2.0
203,202110010507,3,6,1,31,3,3,1,14,2,1,0,5,3,2,0,14,3,1,1,5,2,0,0,3,1,0,0,6,0,0,0,4,0,0,0,3,0.0,0.0,18.0,17.0,35.1,1.0,0.3888888888888889,0.0,0.0,14.0,8.0,35.2,1.1,0.625,0.0,0.0,9.0,8.0,33.1,0.6,0.3333333333333333,-4.5,10.0,-200.0,0.03333333333333333,0.15,8,12,17.2,7.0
204,202110010507,4,8,9,52,6,6,4,55,0,0,0,3,4,7,6,44,1,1,3,27,0,0,0,3,1,2,2,20,1,0,0,8,0,0,0,1,0.0,0.0,30.0,5.0,39.1,1.3,0.4,0.0,0.0,140.0,16.0,37.0,2.4,0.5625,0.0,0.0,170.0,14.0,34.9,0.5,0.7058823529411765,4.5,-9.0,-100.0,0.0,0.08108108108108109,7,9,45.4,9.0
205,202110010507,0,0,0,3,0,0,1,1,0,0,0,0,0,0,0,2,0,0,0,1,0,0,0,0,0,0,0,1,0,0,0,1,0,0,0,0,0.0,0.0,6.0,2.0,40.5,0.3,0.9090909090909091,0.0,0.0,12.0,11.0,34.9,1.3,1.0,0.0,0.0,14.0,14.0,37.7,2.8,0.7857142857142857,6.0,5.0,-200.0,0.05263157894736842,0.15789473684210525,3,3,242.4,12.0
206,202110010507,15,7,8,83,5,2,5,58,1,0,0,14,10,4,5,49,3,1,1,25,1,0,0,7,1,1,2,15,0,0,0,2,0,0,0,0,0.0,0.0,11.0,14.0,41.3,3.7,0.6428571428571429,0.0,0.0,15.0,16.0,35.4,1.6,0.9375,0.0,0.0,6.0,12.0,36.2,1.4,0.3333333333333333,-1.0,-6.0,-500.0,0.06060606060606061,0.21212121212121213,2,2,13.9,6.0
207,202110010511,1,0,1,2,0,0,0,0,0,0,0,0,1,0,1,2,0,0,0,0,0,0,0,0,0,0,0,0,0,0,0,0,0,0,0,0,0.0,0.0,12.0,6.0,31.9,0.5,0.9444444444444444,0.0,0.0,4.0,11.0,33.3,0.6,0.1875,0.0,0.0,10.0,5.0,34.6,0.3,0.13333333333333333,-0.5,2.0,200.0,0.09090909090909091,0.18181818181818182,5,10,3.7,1.0
208,202110010511,15,7,8,83,5,2,5,58,1,0,0,14,10,4,5,49,3,1,1,25,1,0,0,7,1,0,1,4,1,0,0,4,0,0,0,2,0.0,0.0,15.0,15.0,34.9,1.2,0.625,0.0,0.0,18.0,14.0,34.7,1.0,0.6111111111111112,0.0,0.0,7.0,17.0,34.4,1.9,1.0,1.0,-4.0,0.0,0.08571428571428572,0.11428571428571428,1,2,7.6,3.0
209,202110010511,4,8,9,52,0,0,1,5,0,0,0,0,4,7,6,44,0,0,0,2,0,0,0,0,1,0,0,4,0,0,0,0,0,0,0,0,0.0,0.0,120.0,110.0,39.0,3.3,0.9166666666666666,0.0,0.0,140.0,90.0,32.4,0.8,0.875,0.0,0.0,160.0,140.0,34.9,1.0,0.375,15.0,24.0,-200.0,0.058823529411764705,0.20588235294117646,3,5,9.2,5.0
210,202110010511,0,0,0,22,7,11,6,84,0,0,0,3,0,0,0,8,4,5,4,47,0,0,0,1,0,0,0,0,0,0,1,4,0,0,0,0,0.0,0.0,3.0,6.0,13.7,2.7,0.4166666666666667,0.0,0.0,2.0,8.0,14.0,5.0,1.0,0.0,0.0,16.0,15.0,33.8,0.7,0.7777777777777778,4.5,-4.0,-1660.0,0.0,0.07894736842105263,4,7,14.8,6.0
211,202110010511,3,4,3,36,7,7,8,94,0,0,0,9,2,1,0,15,1,4,1,34,0,0,0,5,0,0,0,2,0,0,0,1,0,0,0,0,0.0,0.0,9.0,13.0,34.5,0.9,1.0,0.0,0.0,11.0,13.0,35.3,0.7,0.3125,0.0,0.0,12.0,11.0,33.5,0.9,0.7142857142857143,-1.0,-2.0,0.0,0.13095238095238096,0.27380952380952384,8,18,14.9,7.0
212,202110010511,0,0,0,1,7,11,6,84,0,0,0,1,0,0,0,1,4,5,4,47,0,0,0,1,0,0,0,1,0,0,1,4,0,0,0,1,0.0,0.0,14.0,13.0,35.4,1.2,0.5,0.0,0.0,16.0,12.0,34.9,1.2,0.375,0.0,0.0,15.0,13.0,34.7,1.1,0.8666666666666667,0.0,-4.0,0.0,0.06976744186046512,0.2558139534883721,3,6,69.5,16.0
213,202110010511,1,1,2,34,0,0,0,0,0,0,0,0,1,1,2,27,0,0,0,0,0,0,0,0,0,0,0,0,0,0,0,0,0,0,0,0,0.0,0.0,10.0,9.0,35.3,0.8,0.07692307692307693,0.0,0.0,3.0,7.0,35.8,0.6,0.5,0.0,0.0,9.0,9.0,34.6,1.3,0.9090909090909091,0.0,14.0,0.0,0.03571428571428571,0.23214285714285715,6,12,20.3,9.0
214,202110010511,3,6,1,31,0,0,0,1,0,0,0,0,3,2,0,14,0,0,0,0,0,0,0,0,0,0,0,1,0,0,0,0,0,0,0,0,0.0,0.0,140.0,13.0,40.2,4.0,0.35714285714285715,0.0,0.0,60.0,3.0,35.3,0.2,0.13333333333333333,0.0,0.0,60.0,8.0,34.6,0.2,0.1875,-2.5,-4.0,-500.0,0.0,0.16,8,17,6.3,2.0
215,202110010511,0,0,0,0,0,0,0,0,0,0,0,0,0,0,0,0,0,0,0,0,0,0,0,0,0,0,0,0,0,0,0,0,0,0,0,0,0.0,0.0,6.0,12.0,34.0,0.9,0.9375,0.0,0.0,4.0,4.0,35.2,0.2,0.6923076923076923,0.0,0.0,10.0,7.0,33.9,0.5,1.0,-2.5,4.0,0.0,0.03278688524590164,0.14754098360655737,5,9,15.1,8.0
216,202110010511,1,1,1,12,10,5,7,57,0,0,0,1,1,0,1,10,5,2,3,30,0,0,0,0,1,0,0,1,0,1,0,4,0,0,0,0,0.0,0.0,6.0,6.0,40.5,1.6,0.5454545454545454,0.0,0.0,16.0,16.0,37.3,1.3,0.3125,0.0,0.0,9.0,14.0,39.5,3.0,0.21428571428571427,4.0,-8.0,-200.0,0.03125,0.15625,4,8,34.9,12.0
217,202110010511,0,1,0,11,0,0,0,1,0,0,0,1,0,1,0,7,0,0,0,1,0,0,0,1,0,0,0,1,0,0,0,1,0,0,0,1,0.0,0.0,2.0,2.0,40.1,0.8,1.0,0.0,0.0,15.0,16.0,35.8,2.2,0.75,0.0,0.0,13.0,11.0,34.1,1.1,1.0,4.5,21.0,-400.0,0.0,0.08,8,16,50.1,13.0
218,202110010511,4,4,2,47,1,1,0,16,1,1,0,1,2,2,0,10,1,1,0,7,1,1,0,1,0,1,0,1,0,1,0,1,0,1,0,1,0.0,0.0,5.0,10.0,35.1,1.0,0.38461538461538464,0.0,0.0,9.0,7.0,36.3,0.8,0.4666666666666667,0.0,0.0,13.0,5.0,37.0,0.2,0.5625,-2.5,0.0,0.0,0.0847457627118644,0.288135593220339,6,11,7.8,4.0
219,202110010511,2,3,4,40,4,8,8,33,0,0,0,1,1,1,2,15,0,4,5,21,0,0,0,0,0,0,0,0,0,0,0,0,0,0,0,0,0.0,0.0,10.0,13.0,34.3,1.1,0.8888888888888888,0.0,0.0,13.0,12.0,34.6,0.6,0.8666666666666667,0.0,0.0,10.0,5.0,33.9,0.4,0.6666666666666666,-4.0,8.0,0.0,0.0,0.0,7,15,22.3,10.0
220,202110010511,1,0,4,12,7,11,6,84,1,0,1,1,1,0,4,10,4,5,4,47,1,0,1,1,0,0,0,0,0,0,1,4,0,0,0,0,0.0,0.0,110.0,7.0,34.7,1.0,0.875,0.0,0.0,110.0,5.0,33.9,0.3,0.42857142857142855,0.0,0.0,80.0,10.0,34.1,0.8,0.9090909090909091,1.5,-12.0,0.0,0.047619047619047616,0.14285714285714285,7,13,22.8,11.0
221,202110010511,7,4,6,52,0,0,0,0,0,0,0,0,6,3,5,37,0,0,0,0,0,0,0,0,0,1,0,2,0,0,0,0,0,0,0,0,0.0,0.0,14.0,15.0,35.2,1.3,0.4444444444444444,0.0,0.0,10.0,15.0,35.5,1.0,0.5625,0.0,0.0,7.0,3.0,35.5,0.3,0.2,-6.0,2.0,0.0,0.05714285714285714,0.22857142857142856,1,1,51.3,14.0
222,202110010511,1,1,1,16,1,0,0,3,0,0,0,1,1,1,1,15,1,0,0,3,0,0,0,1,0,0,0,1,0,0,0,0,0,0,0,0,0.0,0.0,13.0,14.0,36.1,2.1,0.75,0.0,0.0,13.0,12.0,35.1,1.0,0.7142857142857143,0.0,0.0,10.0,13.0,35.3,1.1,0.6875,-0.5,-2.0,0.0,0.05128205128205128,0.15384615384615385,2,4,78.1,17.0
223,202110010511,3,3,3,41,0,0,0,1,0,0,0,1,1,1,1,20,0,0,0,1,0,0,0,1,0,0,0,2,0,0,0,0,0,0,0,0,0.0,0.0,12.0,11.0,40.2,3.3,0.25,0.0,0.0,8.0,10.0,37.9,1.1,0.06666666666666667,0.0,0.0,14.0,15.0,40.9,2.2,0.06666666666666667,2.0,22.0,-200.0,0.0,0.0,2,3,115.7,18.0
224,202110010511,15,7,8,83,5,2,5,58,1,0,0,14,10,4,5,49,3,1,1,25,1,0,0,7,1,0,1,4,1,0,0,4,0,0,0,2,0.0,0.0,150.0,18.0,35.4,2.1,0.8333333333333334,0.0,0.0,140.0,14.0,35.3,1.3,0.7222222222222222,0.0,0.0,130.0,12.0,35.3,1.1,0.8,-3.0,6.0,0.0,0.018518518518518517,0.09259259259259259,7,14,64.8,15.0
225,202110010602,7,4,6,52,0,0,0,9,0,0,0,2,6,3,5,37,0,0,0,4,0,0,0,2,1,2,3,10,0,0,0,0,0,0,0,0,0.0,0.0,9.0,11.0,33.2,1.1,0.7777777777777778,0.0,0.0,9.0,9.0,32.1,0.8,0.9411764705882353,0.0,0.0,10.0,12.0,35.3,1.2,0.8461538461538461,0.5,-6.0,200.0,0.0,0.0,2,3,15.8,8.0
226,202110010602,1,1,0,4,1,0,1,17,0,0,0,0,0,0,0,1,1,0,0,11,0,0,0,0,0,0,0,1,0,0,0,4,0,0,0,0,0.0,0.0,6.0,7.0,34.7,1.0,0.5555555555555556,0.0,0.0,4.0,2.0,35.3,0.2,0.6111111111111112,0.0,0.0,9.0,7.0,35.6,0.3,0.4444444444444444,0.0,-2.0,0.0,0.029850746268656716,0.14925373134328357,7,15,7.3,4.0
227,202110010602,0,0,0,3,2,4,6,41,0,0,0,1,0,0,0,1,1,3,3,30,0,0,0,1,0,0,0,0,1,2,0,10,0,0,0,0,0.0,0.0,20.0,50.0,40.5,2.5,0.18181818181818182,0.0,0.0,120.0,110.0,34.6,1.7,0.6666666666666666,0.0,0.0,140.0,120.0,35.9,1.2,0.6875,35.0,23.0,-400.0,0.0,0.25,6,12,159.8,15.0
228,202110010602,7,4,6,52,1,0,1,17,0,0,0,1,6,3,5,37,1,0,0,11,0,0,0,1,1,2,3,10,0,0,0,4,0,0,0,1,0.0,0.0,10.0,8.0,38.4,2.0,0.7,0.0,0.0,12.0,14.0,37.7,2.6,0.375,0.0,0.0,11.0,12.0,39.5,3.1,0.75,2.0,7.0,0.0,0.12790697674418605,0.26744186046511625,3,6,11.7,6.0
229,202110010602,3,2,0,7,0,0,0,0,0,0,0,0,3,2,0,7,0,0,0,0,0,0,0,0,1,2,0,2,0,0,0,0,0,0,0,0,0.0,0.0,13.0,11.0,33.7,1.8,0.7777777777777778,0.0,0.0,12.0,10.0,35.5,1.6,0.8125,0.0,0.0,7.0,6.0,36.5,0.6,0.8666666666666667,-2.5,-6.0,200.0,0.0,0.0,7,13,31.9,9.0
230,202110010602,4,8,9,52,0,0,0,0,0,0,0,0,4,7,6,44,0,0,0,0,0,0,0,0,1,3,1,11,0,0,0,0,0,0,0,0,0.0,0.0,7.0,7.0,36.7,1.3,0.75,0.0,0.0,12.0,12.0,36.5,1.1,1.0,0.0,0.0,17.0,17.0,34.4,1.4,0.8888888888888888,5.0,7.0,300.0,0.05263157894736842,0.23684210526315788,5,9,36.0,11.0
231,202110010602,0,0,1,11,1,0,1,17,0,0,0,0,0,0,0,2,1,0,0,11,0,0,0,0,0,0,0,2,0,0,0,4,0,0,0,0,0.0,0.0,7.0,8.0,39.4,2.8,1.0,0.0,0.0,9.0,16.0,36.3,1.5,0.16666666666666666,0.0,0.0,7.0,15.0,40.9,3.6,0.125,3.5,46.0,-100.0,0.0,0.17647058823529413,2,4,3.5,1.0
232,202110010602,1,1,2,30,2,4,6,41,0,0,0,1,1,0,2,21,1,3,3,30,0,0,0,1,1,0,1,10,1,2,0,10,0,0,0,1,0.0,0.0,8.0,12.0,45.7,5.5,0.08333333333333333,0.0,0.0,13.0,13.0,38.2,3.2,0.3076923076923077,0.0,0.0,11.0,10.0,13.6,4.0,0.16666666666666666,-1.0,23.0,-300.0,0.0,0.25,3,5,7.3,5.0
233,202110010602,7,4,6,52,0,0,0,2,0,0,0,0,6,3,5,37,0,0,0,2,0,0,0,0,1,2,3,10,0,0,0,0,0,0,0,0,0.0,0.0,4.0,10.0,43.3,3.7,0.5,0.0,0.0,15.0,10.0,36.9,1.3,0.875,0.0,0.0,9.0,,,,,0.0,12.0,-300.0,0.15384615384615385,0.23076923076923078,1,2,12.0,7.0
234,202110010602,8,7,5,57,10,5,7,57,2,0,1,5,1,0,2,22,5,2,3,30,1,0,0,2,1,0,1,11,3,1,2,10,1,0,0,0,0.0,0.0,12.0,10.0,35.2,0.8,1.0,0.0,0.0,9.0,9.0,34.6,0.8,0.5555555555555556,0.0,0.0,12.0,8.0,34.8,0.6,0.5333333333333333,-1.0,14.0,0.0,0.0,0.0967741935483871,6,11,6.4,3.0
235,202110010602,0,0,0,7,0,2,0,19,0,0,0,0,0,0,0,6,0,0,0,9,0,0,0,0,0,0,0,2,0,0,0,2,0,0,0,0,0.0,0.0,16.0,11.0,36.3,1.4,0.7777777777777778,0.0,0.0,15.0,14.0,40.0,3.6,0.8666666666666667,,,,,,,,3.0,-2.0,0.0,0.0,0.0,8,17,165.8,16.0
236,202110010602,7,6,3,55,0,0,0,1,0,0,0,0,1,3,2,19,0,0,0,1,0,0,0,0,0,1,2,11,0,0,0,1,0,0,0,0,0.0,0.0,90.0,80.0,40.7,2.8,0.8181818181818182,0.0,0.0,170.0,120.0,35.7,1.4,0.9444444444444444,0.0,0.0,180.0,160.0,36.6,1.6,0.6111111111111112,40.0,12.0,-100.0,0.041666666666666664,0.16666666666666666,1,1,218.5,17.0
237,202110010602,3,6,1,31,0,2,0,19,0,0,0,0,3,2,0,14,0,0,0,9,0,0,0,0,0,2,0,5,0,0,0,2,0,0,0,0,0.0,0.0,13.0,15.0,38.0,2.9,0.9375,0.0,0.0,13.0,13.0,37.1,1.5,0.2222222222222222,0.0,0.0,15.0,13.0,38.2,2.2,0.375,-1.0,0.0,0.0,0.029411764705882353,0.14705882352941177,8,16,114.0,13.0
238,202110010602,0,0,0,0,0,0,0,0,0,0,0,0,0,0,0,0,0,0,0,0,0,0,0,0,0,0,0,0,0,0,0,0,0,0,0,0,0.0,0.0,10.0,6.0,32.7,1.6,0.9090909090909091,0.0,0.0,18.0,15.0,36.9,1.6,0.7777777777777778,0.0,0.0,18.0,14.0,35.9,1.6,0.9444444444444444,4.0,35.0,-200.0,0.0,0.17647058823529413,5,10,240.6,18.0
239,202110010602,7,6,3,55,0,0,0,0,0,0,0,0,1,3,2,19,0,0,0,0,0,0,0,0,0,1,2,11,0,0,0,0,0,0,0,0,0.0,0.0,,,,,,0.0,0.0,140.0,16.0,38.1,3.0,0.25,0.0,0.0,100.0,7.0,35.5,0.6,0.25,-9.0,,-200.0,0.03278688524590164,0.2459016393442623,8,18,6.2,2.0
240,202110010602,0,2,3,6,5,2,5,58,0,0,0,0,0,2,2,4,3,1,1,25,0,0,0,0,0,1,1,2,0,0,0,10,0,0,0,0,0.0,0.0,5.0,3.0,38.3,2.0,0.7142857142857143,0.0,0.0,15.0,16.0,42.4,4.9,0.6875,0.0,0.0,10.0,16.0,37.7,2.0,0.16666666666666666,6.5,12.0,200.0,0.034482758620689655,0.10344827586206896,7,14,32.9,10.0
241,202110010602,0,0,0,8,2,6,2,52,0,0,0,0,0,0,0,5,1,4,2,42,0,0,0,0,0,0,0,4,1,2,1,19,0,0,0,0,0.0,0.0,30.0,100.0,45.1,3.3,0.09090909090909091,0.0,0.0,110.0,100.0,34.4,1.4,0.5,0.0,0.0,160.0,160.0,42.4,4.8,0.8125,30.0,7.0,-200.0,0.0,0.075,4,8,117.2,14.0
242,202110010602,3,4,3,36,1,0,0,3,0,0,0,1,2,1,0,15,1,0,0,3,0,0,0,1,0,0,0,7,0,0,0,2,0,0,0,1,0.0,0.0,8.0,8.0,15.1,18.9,1.0,0.0,0.0,7.0,,,,,0.0,0.0,10.0,11.0,14.7,22.5,0.09090909090909091,3.0,-4.0,-1660.0,0.0,0.07407407407407407,4,7,49.0,12.0
243,202110010605,1,0,4,12,7,11,6,84,1,0,1,1,1,0,4,10,4,5,4,47,1,0,1,1,0,0,2,2,1,2,0,6,0,0,0,0,,,,,,,,,,,,,,,,,,,,,,,,,0.075,0.15,4,8,3.6,1.0
244,202110010605,15,7,8,83,8,4,5,73,0,0,0,3,10,4,5,49,1,1,0,24,0,0,0,1,1,0,0,3,1,0,0,6,0,0,0,0,,,,,,,,,,,,,,,,,,,,,,,,,0.0,0.0,1,1,5.5,3.0
245,202110010605,0,1,0,9,0,0,1,3,0,0,0,0,0,0,0,5,0,0,1,2,0,0,0,0,0,0,0,0,0,0,0,0,0,0,0,0,0.0,0.0,5.0,3.0,41.1,1.0,0.45454545454545453,0.0,0.0,14.0,12.0,36.5,1.3,0.625,0.0,0.0,7.0,6.0,35.0,0.8,0.8181818181818182,1.5,11.0,-500.0,0.0,0.24,2,4,19.9,7.0
246,202110010605,15,7,8,83,5,2,5,58,1,0,0,14,10,4,5,49,3,1,1,25,1,0,0,7,1,0,0,3,2,1,1,3,1,0,0,0,0.0,0.0,3.0,8.0,45.8,5.3,0.125,0.0,0.0,5.0,11.0,36.0,1.6,0.4375,0.0,0.0,4.0,14.0,37.0,1.4,0.1111111111111111,3.0,-6.0,-200.0,0.08333333333333333,0.08333333333333333,7,14,7.4,4.0
247,202110010605,6,4,7,72,7,6,1,71,0,0,0,0,1,0,0,11,5,4,0,35,0,0,0,0,0,0,0,0,0,1,0,12,0,0,0,0,0.0,0.0,7.0,8.0,38.2,2.3,0.7777777777777778,0.0,0.0,15.0,14.0,35.9,1.6,0.5625,0.0,0.0,15.0,11.0,35.2,1.2,0.6111111111111112,1.5,17.0,0.0,0.15555555555555556,0.2,3,6,48.4,11.0
248,202110010605,0,0,0,8,2,0,0,8,0,0,0,0,0,0,0,7,0,0,0,2,0,0,0,0,0,0,0,2,0,0,0,0,0,0,0,0,0.0,0.0,5.0,5.0,39.1,1.6,1.0,0.0,0.0,10.0,6.0,38.1,1.5,0.35714285714285715,0.0,0.0,8.0,11.0,38.3,1.5,0.3125,3.0,28.0,-300.0,0.12,0.24,4,7,7.8,5.0
249,202110010605,2,0,0,8,0,0,0,1,0,0,0,0,2,0,0,8,0,0,0,1,0,0,0,0,0,0,0,0,0,0,0,0,0,0,0,0,0.0,0.0,6.0,9.0,41.7,2.8,0.6363636363636364,0.0,0.0,15.0,16.0,43.7,9.5,0.375,0.0,0.0,17.0,16.0,36.6,2.9,0.7777777777777778,3.5,9.0,-200.0,0.029411764705882353,0.16176470588235295,6,11,20.0,8.0
250,202110010605,1,3,1,5,5,2,5,58,0,0,0,1,0,3,0,4,3,1,1,25,0,0,0,0,0,3,0,1,2,1,1,3,0,0,0,0,0.0,0.0,11.0,6.0,41.4,2.8,1.0,0.0,0.0,18.0,18.0,35.7,1.8,0.6666666666666666,0.0,0.0,15.0,11.0,37.1,2.0,0.8125,2.5,14.0,-200.0,0.0,0.16666666666666666,8,18,57.5,12.0
251,202110010605,3,0,4,35,0,0,0,0,0,0,0,0,0,0,1,19,0,0,0,0,0,0,0,0,0,0,0,2,0,0,0,0,0,0,0,0,0.0,0.0,9.0,9.0,41.9,1.3,0.6428571428571429,0.0,0.0,16.0,12.0,35.2,2.2,0.9375,0.0,0.0,15.0,14.0,38.2,3.0,0.75,2.5,26.0,-400.0,0.04,0.16,7,15,63.0,13.0
252,202110010605,0,0,0,8,0,0,0,0,0,0,0,0,0,0,0,4,0,0,0,0,0,0,0,0,0,0,0,1,0,0,0,0,0,0,0,0,0.0,0.0,110.0,110.0,43.8,8.8,1.0,0.0,0.0,180.0,170.0,36.2,1.8,0.6666666666666666,0.0,0.0,170.0,120.0,35.9,1.7,1.0,5.0,20.0,-200.0,0.0,0.0,1,2,167.2,17.0
253,202110010605,0,1,1,15,0,3,0,8,0,0,0,0,0,1,1,12,0,3,0,6,0,0,0,0,0,0,0,5,0,0,0,0,0,0,0,0,0.0,0.0,90.0,8.0,42.1,2.2,0.6,0.0,0.0,110.0,13.0,39.5,8.0,1.0,0.0,0.0,150.0,16.0,36.3,2.8,0.3888888888888889,4.0,22.0,-200.0,0.1111111111111111,0.1111111111111111,8,17,30.9,10.0
254,202110010605,4,8,9,52,1,1,0,16,0,0,0,2,4,7,6,44,1,1,0,7,0,0,0,1,1,2,0,4,0,0,0,1,0,0,0,0,0.0,0.0,3.0,1.0,39.3,0.0,0.1111111111111111,0.0,0.0,15.0,7.0,39.1,1.3,0.13333333333333333,0.0,0.0,10.0,13.0,39.8,3.4,0.75,6.0,25.0,-200.0,0.03225806451612903,0.24193548387096775,6,12,5.5,2.0
255,202110010605,2,3,4,40,5,2,5,58,0,0,2,3,1,1,2,15,3,1,1,25,0,0,0,1,0,0,2,4,2,1,1,3,0,0,0,0,0.0,0.0,18.0,12.0,34.9,1.3,0.8888888888888888,0.0,0.0,13.0,12.0,38.8,2.4,0.8666666666666667,0.0,0.0,16.0,13.0,36.5,1.8,0.6111111111111112,0.5,0.0,0.0,0.0,0.09375,3,5,134.4,16.0
256,202110010605,0,1,0,9,1,7,2,30,0,1,0,3,0,0,0,5,1,3,2,14,0,0,0,1,0,0,0,0,0,0,0,2,0,0,0,0,0.0,0.0,110.0,11.0,37.5,3.3,1.0,0.0,0.0,7.0,6.0,13.7,3.9,0.6,0.0,0.0,10.0,2.0,13.2,1.2,0.7142857142857143,-4.5,-6.0,50.0,0.04878048780487805,0.14634146341463414,5,10,175.4,18.0
257,202110010605,0,0,0,7,2,4,6,41,0,0,0,0,0,0,0,6,1,3,3,30,0,0,0,0,0,0,0,2,0,1,0,3,0,0,0,0,0.0,0.0,9.0,15.0,36.8,2.1,0.6111111111111112,,,,,,,,,,,,,,,,,0.0,0.0,0.2,5,9,29.0,9.0
258,202110010605,0,0,0,1,0,0,0,1,0,0,0,0,0,0,0,1,0,0,0,1,0,0,0,0,0,0,0,0,0,0,0,1,0,0,0,0,0.0,0.0,7.0,6.0,41.4,1.6,0.5833333333333334,0.0,0.0,11.0,8.0,40.4,1.7,0.125,0.0,0.0,6.0,16.0,36.6,2.4,0.9444444444444444,5.0,-8.0,-200.0,0.06666666666666667,0.26666666666666666,7,13,10.8,6.0
259,202110010605,0,0,0,0,0,0,0,0,0,0,0,0,0,0,0,0,0,0,0,0,0,0,0,0,0,0,0,0,0,0,0,0,0,0,0,0,0.0,0.0,5.0,4.0,39.7,0.8,0.45454545454545453,0.0,0.0,12.0,13.0,42.8,3.5,0.13333333333333333,0.0,0.0,14.0,10.0,38.1,2.1,0.9333333333333333,3.0,2.0,-300.0,0.046153846153846156,0.15384615384615385,8,16,81.6,14.0
260,202110010605,2,0,3,29,4,0,1,32,0,0,0,0,1,0,3,20,2,0,1,12,0,0,0,0,0,0,1,1,0,0,1,1,0,0,0,0,0.0,0.0,20.0,10.0,40.8,0.0,0.14285714285714285,0.0,0.0,130.0,140.0,38.8,3.7,0.25,0.0,0.0,130.0,80.0,39.3,1.0,0.13333333333333333,35.0,19.0,-670.0,0.02857142857142857,0.14285714285714285,2,3,86.0,15.0
261,202110010610,7,4,6,52,0,1,2,18,0,0,0,0,6,3,5,37,0,0,0,12,0,0,0,0,3,0,0,9,0,0,0,2,0,0,0,0,0.0,0.0,14.0,16.0,33.9,0.8,0.9444444444444444,0.0,0.0,12.0,10.0,34.2,0.8,0.5,0.0,0.0,5.0,1.0,34.9,0.0,0.1,-7.5,-2.0,0.0,0.0,0.0,1,1,31.3,5.0
262,202110010610,7,6,3,55,0,0,0,3,0,0,0,0,1,3,2,19,0,0,0,0,0,0,0,0,0,1,0,4,0,0,0,0,0,0,0,0,0.0,0.0,80.0,5.0,34.2,0.6,0.6666666666666666,0.0,0.0,110.0,3.0,34.6,0.2,0.6666666666666666,0.0,0.0,70.0,8.0,34.5,0.6,0.6923076923076923,1.5,16.0,0.0,0.05555555555555555,0.2222222222222222,3,3,4.1,2.0
263,202110010610,0,0,1,11,2,4,6,41,0,0,0,0,0,0,0,2,1,3,3,30,0,0,0,0,0,0,0,0,0,0,0,4,0,0,0,0,0.0,0.0,12.0,11.0,38.0,2.5,1.0,0.0,0.0,12.0,14.0,34.6,1.0,0.8823529411764706,0.0,0.0,6.0,8.0,36.1,2.2,0.8,-1.5,0.0,-1200.0,0.0,0.125,4,4,7.3,3.0
264,202110010610,6,4,3,33,4,2,0,8,1,0,0,0,4,1,0,15,1,1,0,4,1,0,0,0,0,0,0,2,0,0,0,1,0,0,0,0,0.0,0.0,13.0,14.0,34.6,1.0,0.9375,0.0,0.0,9.0,9.0,34.8,0.9,0.9090909090909091,0.0,0.0,10.0,13.0,34.6,1.2,0.875,-0.5,0.0,0.0,0.03389830508474576,0.23728813559322035,7,8,1.6,1.0
265,202110010610,2,3,0,19,0,2,0,19,0,0,0,2,1,3,0,13,0,0,0,9,0,0,0,2,0,0,0,3,0,0,0,2,0,0,0,0,0.0,0.0,8.0,15.0,36.4,1.8,0.3333333333333333,0.0,0.0,9.0,14.0,36.2,1.8,0.7142857142857143,0.0,0.0,14.0,4.0,35.0,0.2,0.23529411764705882,-5.5,0.0,0.0,0.030303030303030304,0.15151515151515152,6,6,39.7,7.0
266,202110010610,1,0,1,4,0,0,1,0,0,0,1,0,1,0,0,3,0,0,0,0,0,0,0,0,0,0,0,0,0,0,0,0,0,0,0,0,0.0,0.0,8.0,8.0,13.7,3.5,0.6363636363636364,0.0,0.0,6.0,4.0,13.2,2.1,0.125,0.0,0.0,1.0,6.0,13.2,1.7,0.14285714285714285,-1.0,4.0,-1910.0,0.030303030303030304,0.15151515151515152,8,9,40.7,8.0
267,202110010610,0,0,0,7,0,0,0,2,0,0,0,0,0,0,0,4,0,0,0,2,0,0,0,0,0,0,0,0,0,0,0,0,0,0,0,0,0.0,0.0,10.0,11.0,43.8,3.1,0.8181818181818182,0.0,0.0,13.0,14.0,34.2,1.0,0.625,0.0,0.0,16.0,7.0,33.9,0.4,0.8888888888888888,-2.0,-7.0,-200.0,0.046875,0.15625,5,5,35.8,6.0
268,202110010610,4,8,9,52,0,0,1,5,0,0,0,0,4,7,6,44,0,0,1,4,0,0,0,0,1,2,2,20,0,0,0,0,0,0,0,0,0.0,0.0,18.0,16.0,35.5,1.2,0.16666666666666666,0.0,0.0,18.0,13.0,35.6,1.1,0.05555555555555555,0.0,0.0,10.0,8.0,34.0,1.0,0.4117647058823529,-4.0,6.0,0.0,0.0,0.2608695652173913,8,10,54.5,9.0
269,202110010610,0,0,1,2,1,1,0,30,0,0,0,1,0,0,1,2,1,0,0,14,0,0,0,1,0,0,0,1,0,0,0,2,0,0,0,1,0.0,0.0,4.0,9.0,35.6,0.9,0.4,0.0,0.0,5.0,5.0,35.0,0.7,0.7857142857142857,0.0,0.0,4.0,5.0,34.4,0.6,0.5882352941176471,-2.0,-10.0,0.0,0.04878048780487805,0.12195121951219512,2,2,7.5,4.0
270,202110010610,0,0,0,8,1,0,1,17,0,0,0,1,0,0,0,5,1,0,0,11,0,0,0,1,0,0,0,1,0,0,0,2,0,0,0,1,0.0,0.0,7.0,,,,0.25,0.0,0.0,12.0,9.0,40.3,2.3,0.2,0.0,0.0,10.0,10.0,36.2,1.4,0.3,1.0,6.0,-300.0,0.0,0.1,7,7,66.4,10.0
271,202110010611,0,2,0,11,0,2,3,11,0,1,0,1,0,2,0,11,0,2,3,5,0,1,0,1,0,0,0,3,0,0,0,1,0,0,0,1,0.0,0.0,160.0,14.0,33.9,0.9,0.7647058823529411,0.0,0.0,140.0,13.0,34.2,0.7,0.7777777777777778,0.0,0.0,130.0,10.0,34.6,0.8,0.75,-2.0,0.0,0.0,0.13636363636363635,0.18181818181818182,7,14,40.5,8.0
272,202110010611,6,4,7,72,7,7,8,94,2,1,1,17,1,0,0,11,1,4,1,34,0,0,0,1,0,0,0,0,0,0,0,0,0,0,0,0,0.0,0.0,90.0,8.0,39.7,3.0,0.7777777777777778,0.0,0.0,110.0,10.0,33.6,0.9,1.0,0.0,0.0,160.0,16.0,34.4,1.1,1.0,4.0,1.0,-200.0,0.06818181818181818,0.25,5,9,45.6,10.0
273,202110010611,4,8,9,52,1,0,2,14,0,0,0,2,4,7,6,44,1,0,1,11,0,0,0,1,0,0,1,1,0,0,0,0,0,0,0,0,0.0,0.0,150.0,16.0,34.9,1.3,0.6875,0.0,0.0,140.0,14.0,35.1,1.5,0.7142857142857143,0.0,0.0,150.0,14.0,34.5,0.8,0.875,-1.0,0.0,0.0,0.03333333333333333,0.23333333333333334,8,16,17.0,5.0
274,202110010611,15,7,8,83,7,11,6,84,2,3,1,10,10,4,5,49,4,5,4,47,1,2,1,4,1,1,0,1,0,0,1,5,0,0,0,0,0.0,0.0,9.0,16.0,36.5,1.0,0.1111111111111111,0.0,0.0,10.0,6.0,36.0,0.1,0.13333333333333333,0.0,0.0,11.0,8.0,34.5,1.1,0.47058823529411764,-4.0,2.0,0.0,0.125,0.25,4,7,3.3,2.0
275,202110010611,3,2,0,7,0,1,0,5,0,1,0,1,3,2,0,7,0,1,0,2,0,1,0,1,0,0,0,0,0,0,0,0,0,0,0,0,0.0,0.0,5.0,15.0,46.9,13.5,0.8666666666666667,0.0,0.0,2.0,4.0,35.2,0.3,0.6875,0.0,0.0,5.0,2.0,35.3,0.1,0.4444444444444444,-6.5,-14.0,0.0,0.05405405405405406,0.24324324324324326,2,3,9.9,3.0
276,202110010611,3,3,3,41,0,0,0,11,0,0,0,1,1,1,1,20,0,0,0,10,0,0,0,1,1,0,0,1,0,0,0,0,0,0,0,0,0.0,0.0,7.0,9.0,36.7,0.9,0.1875,0.0,0.0,9.0,12.0,35.6,0.9,0.1875,0.0,0.0,8.0,2.0,38.6,0.6,0.13333333333333333,-3.5,6.0,0.0,0.12941176470588237,0.27058823529411763,5,10,119.8,16.0
277,202110010611,5,4,3,28,0,2,3,6,0,1,0,1,1,3,2,11,0,2,3,5,0,1,0,1,0,0,0,0,0,0,0,0,0,0,0,0,0.0,0.0,11.0,10.0,34.4,0.7,0.5555555555555556,0.0,0.0,8.0,4.0,34.0,0.5,0.5454545454545454,0.0,0.0,15.0,14.0,34.8,0.6,0.375,2.0,2.0,0.0,0.05555555555555555,0.05555555555555555,8,15,17.7,6.0
278,202110010611,11,13,9,84,1,0,1,15,0,0,0,0,2,3,4,26,1,0,0,12,0,0,0,0,0,0,0,0,0,0,0,0,0,0,0,0,0.0,0.0,10.0,1.0,34.6,0.0,0.2,0.0,0.0,10.0,1.0,34.7,0.0,0.2777777777777778,0.0,0.0,20.0,8.0,35.1,0.5,0.42857142857142855,3.5,-2.0,-200.0,0.047619047619047616,0.11904761904761904,7,13,2.0,1.0
279,202110010611,13,6,7,86,6,6,4,55,0,0,0,4,1,3,1,12,1,1,3,27,0,0,0,1,0,1,0,1,0,1,0,1,0,0,0,0,0.0,0.0,15.0,5.0,34.0,0.3,0.16666666666666666,0.0,0.0,7.0,14.0,38.0,1.9,0.21428571428571427,0.0,0.0,13.0,16.0,35.7,1.7,0.3888888888888889,5.5,8.0,-200.0,0.125,0.125,8,17,14.5,4.0
280,202110010611,15,7,8,83,7,6,1,71,1,1,0,3,10,4,5,49,5,4,0,35,1,1,0,3,1,1,0,1,0,1,0,2,0,1,0,1,0.0,0.0,90.0,10.0,35.6,0.8,0.5294117647058824,0.0,0.0,90.0,4.0,34.1,0.4,0.1875,0.0,0.0,120.0,8.0,35.5,0.7,0.1875,-1.0,-4.0,0.0,0.057971014492753624,0.17391304347826086,3,6,44.9,9.0
281,202110010611,0,0,5,20,2,4,6,41,0,0,3,2,0,0,4,14,1,3,3,30,0,0,3,2,0,0,0,3,0,0,0,4,0,0,0,2,0.0,0.0,13.0,14.0,35.8,0.6,0.4444444444444444,0.0,0.0,13.0,11.0,35.9,0.9,0.47058823529411764,0.0,0.0,6.0,9.0,33.7,0.9,0.75,-2.5,4.0,0.0,0.0,0.2857142857142857,4,8,77.3,13.0
282,202110010611,1,1,1,12,5,2,5,58,1,0,0,3,1,0,1,10,3,1,1,25,1,0,0,3,0,0,0,3,0,0,0,1,0,0,0,1,0.0,0.0,15.0,15.0,35.4,0.9,0.625,0.0,0.0,16.0,10.0,34.2,0.9,0.75,0.0,0.0,16.0,16.0,33.6,1.5,0.75,0.5,-16.0,0.0,0.0,0.0,6,12,129.6,17.0
283,202110010611,0,0,0,5,0,0,0,2,0,0,0,0,0,0,0,2,0,0,0,2,0,0,0,0,0,0,0,0,0,0,0,0,0,0,0,0,0.0,0.0,15.0,13.0,36.1,0.9,0.23529411764705882,0.0,0.0,13.0,11.0,34.2,1.3,0.75,0.0,0.0,8.0,11.0,35.4,0.7,0.5,-1.0,-8.0,0.0,0.07692307692307693,0.15384615384615385,1,2,107.8,15.0
284,202110010611,7,4,6,52,1,1,0,2,1,0,0,0,6,3,5,37,1,0,0,0,1,0,0,0,0,0,0,3,0,0,0,0,0,0,0,0,0.0,0.0,9.0,8.0,39.7,2.6,1.0,0.0,0.0,15.0,16.0,33.1,0.9,0.5625,0.0,0.0,11.0,15.0,33.1,1.2,0.8888888888888888,3.5,1.0,-200.0,0.03076923076923077,0.15384615384615385,6,11,23.8,7.0
285,202110010611,21,21,21,102,2,3,3,40,1,0,0,6,6,4,3,30,1,2,3,17,0,0,0,4,0,1,0,9,0,0,0,5,0,0,0,2,0.0,0.0,12.0,15.0,36.0,1.3,0.7058823529411765,0.0,0.0,8.0,13.0,38.7,3.0,0.46153846153846156,0.0,0.0,8.0,7.0,35.7,0.9,0.23529411764705882,-4.0,-10.0,0.0,0.05,0.15,3,5,69.4,12.0
286,202110010611,0,0,1,10,0,1,0,11,0,0,0,0,0,0,0,6,0,0,0,4,0,0,0,0,0,0,0,0,0,0,0,1,0,0,0,0,0.0,0.0,14.0,16.0,36.6,1.4,0.23529411764705882,0.0,0.0,14.0,9.0,34.5,1.2,0.6666666666666666,0.0,0.0,2.0,12.0,35.5,0.7,0.0625,-2.0,6.0,0.0,0.03508771929824561,0.10526315789473684,1,1,92.9,14.0
287,202110010611,2,3,0,19,7,4,7,49,0,0,0,0,1,3,0,13,2,0,4,26,0,0,0,0,0,0,0,0,0,0,0,0,0,0,0,0,0.0,0.0,,,,,,0.0,0.0,140.0,6.0,34.6,0.2,0.1875,0.0,0.0,100.0,11.0,34.9,0.8,0.06666666666666667,5.0,-4.0,0.0,0.047619047619047616,0.15873015873015872,2,4,58.2,11.0
288,202110010702,0,0,0,1,6,6,4,55,0,0,0,0,0,0,0,0,1,1,3,27,0,0,0,0,0,0,0,0,0,0,1,8,0,0,0,0,0.0,0.0,13.0,3.0,38.8,0.9,0.6875,0.0,0.0,10.0,10.0,34.4,1.1,0.75,0.0,0.0,6.0,6.0,34.8,1.0,0.8888888888888888,1.5,7.0,-200.0,0.0,0.14285714285714285,7,13,3.0,1.0
289,202110010702,0,3,0,10,0,2,3,6,0,0,0,0,0,2,0,6,0,2,3,5,0,0,0,0,0,0,0,4,0,0,0,1,0,0,0,0,0.0,0.0,80.0,9.0,40.4,2.2,0.2727272727272727,0.0,0.0,50.0,12.0,35.9,0.9,0.1875,0.0,0.0,50.0,4.0,36.0,0.3,0.25,-2.5,4.0,-200.0,0.034482758620689655,0.10344827586206896,1,2,7.0,4.0
290,202110010702,1,3,2,27,7,7,8,94,0,0,1,3,1,2,1,14,1,4,1,34,0,0,0,0,0,0,1,4,1,1,1,14,0,0,0,0,0.0,0.0,14.0,10.0,33.7,0.5,0.8823529411764706,0.0,0.0,14.0,11.0,34.3,1.1,0.5,0.0,0.0,9.0,5.0,36.0,0.7,0.375,-2.5,8.0,0.0,0.03076923076923077,0.26153846153846155,8,17,19.6,9.0
291,202110010702,0,0,0,5,0,1,0,1,0,0,0,0,0,0,0,3,0,1,0,1,0,0,0,0,0,0,0,1,0,0,0,1,0,0,0,0,0.0,0.0,60.0,4.0,35.8,1.0,0.8888888888888888,0.0,0.0,80.0,4.0,36.5,0.3,0.6,0.0,0.0,60.0,4.0,36.3,0.8,0.6875,0.0,61.0,200.0,0.0,0.07142857142857142,3,5,19.1,8.0
292,202110010702,15,7,8,83,1,0,1,4,0,0,0,0,10,4,5,49,0,0,1,4,0,0,0,0,6,2,1,20,0,0,1,3,0,0,0,0,0.0,0.0,7.0,,,,0.3,0.0,0.0,5.0,10.0,36.2,1.3,0.5,0.0,0.0,5.0,4.0,36.2,0.3,0.16666666666666666,-6.0,5.0,-200.0,0.028169014084507043,0.15492957746478872,8,16,14.8,6.0
293,202110010702,0,0,0,7,0,0,0,1,0,0,0,0,0,0,0,4,0,0,0,1,0,0,0,0,0,0,0,3,0,0,0,1,0,0,0,0,0.0,0.0,9.0,9.0,34.7,0.9,0.7272727272727273,0.0,0.0,7.0,6.0,36.9,0.7,0.75,0.0,0.0,10.0,6.0,35.9,0.9,0.21428571428571427,-1.5,-2.0,-800.0,0.058823529411764705,0.16176470588235295,6,11,46.1,11.0
294,202110010702,3,1,1,2,2,3,5,11,0,1,0,0,3,0,1,2,1,1,5,5,0,0,0,0,1,0,0,0,0,0,0,2,0,0,0,0,0.0,0.0,12.0,12.0,42.7,3.1,0.2857142857142857,0.0,0.0,6.0,9.0,36.1,0.9,0.06666666666666667,0.0,0.0,10.0,8.0,36.5,1.1,0.3125,-2.0,-10.0,-300.0,0.08064516129032258,0.27419354838709675,3,6,12.6,5.0
295,202110010702,0,0,0,7,1,1,0,8,0,0,0,0,0,0,0,6,1,1,0,8,0,0,0,0,0,0,0,2,1,0,0,4,0,0,0,0,0.0,0.0,7.0,12.0,40.0,2.8,1.0,0.0,0.0,5.0,6.0,35.8,0.8,0.4444444444444444,0.0,0.0,7.0,7.0,36.9,0.6,0.0625,-2.5,36.0,-500.0,0.08333333333333333,0.08333333333333333,4,8,15.7,7.0
296,202110010702,8,7,5,57,2,2,3,21,0,0,0,0,1,0,2,22,2,2,1,9,0,0,0,0,1,0,1,11,1,0,1,2,0,0,0,0,0.0,0.0,4.0,7.0,39.1,1.2,0.7857142857142857,0.0,0.0,15.0,11.0,35.4,0.8,0.75,0.0,0.0,9.0,10.0,35.0,0.8,0.6875,1.5,14.0,0.0,0.056338028169014086,0.16901408450704225,7,14,22.8,10.0
297,202110010702,1,1,2,30,0,0,0,1,0,0,0,0,1,0,2,21,0,0,0,1,0,0,0,0,1,0,1,10,0,0,0,0,0,0,0,0,0.0,0.0,2.0,7.0,41.1,2.4,0.6,0.0,0.0,11.0,10.0,35.4,1.0,0.6666666666666666,0.0,0.0,15.0,3.0,35.9,0.3,0.5555555555555556,-2.0,45.0,-200.0,0.047619047619047616,0.14285714285714285,6,12,209.9,16.0
298,202110010702,0,0,0,1,0,0,1,14,0,0,0,0,0,0,0,1,0,0,1,7,0,0,0,0,0,0,0,0,0,0,0,4,0,0,0,0,0.0,0.0,4.0,4.0,40.6,1.9,0.2,0.0,0.0,15.0,13.0,39.2,2.0,0.125,0.0,0.0,7.0,12.0,40.2,2.3,0.13333333333333333,4.0,-11.0,-200.0,0.027777777777777776,0.1388888888888889,4,7,80.0,13.0
299,202110010702,6,4,3,33,8,4,5,73,0,0,1,2,4,1,0,15,1,1,0,24,0,0,0,1,0,1,0,7,0,0,0,8,0,0,0,0,0.0,0.0,12.0,12.0,41.0,4.1,0.5833333333333334,0.0,0.0,8.0,5.0,36.1,0.7,0.8333333333333334,0.0,0.0,9.0,8.0,36.1,0.6,0.4375,-2.0,8.0,-30.0,0.045454545454545456,0.13636363636363635,5,10,5.7,2.0
300,202110010702,3,2,0,7,0,1,0,8,0,0,0,0,3,2,0,7,0,1,0,4,0,0,0,0,1,2,0,2,0,0,0,2,0,0,0,0,0.0,0.0,14.0,13.0,37.2,1.7,0.5294117647058824,0.0,0.0,10.0,12.0,36.1,2.4,0.6,0.0,0.0,8.0,8.0,37.6,1.6,0.3333333333333333,-2.5,8.0,0.0,0.0,0.06976744186046512,1,1,134.3,14.0
301,202110010702,3,3,3,41,3,1,0,5,0,0,0,0,1,1,1,20,3,1,0,1,0,0,0,0,0,0,0,9,1,0,0,0,0,0,0,0,0.0,0.0,11.0,7.0,38.4,0.9,0.45454545454545453,0.0,0.0,7.0,7.0,34.0,0.7,0.6111111111111112,0.0,0.0,2.0,10.0,42.2,1.9,0.07142857142857142,1.5,6.0,0.0,0.04878048780487805,0.21951219512195122,5,9,5.8,3.0
302,202110010702,3,2,0,7,0,0,0,3,0,0,0,0,3,2,0,7,0,0,0,3,0,0,0,0,1,2,0,2,0,0,0,0,0,0,0,0,0.0,0.0,10.0,10.0,37.1,2.9,0.9090909090909091,0.0,0.0,14.0,14.0,40.1,2.6,0.0625,0.0,0.0,14.0,14.0,39.3,3.2,0.06666666666666667,2.0,19.0,300.0,0.14893617021276595,0.2127659574468085,2,3,52.0,12.0
303,202110010702,0,0,0,22,2,5,2,19,0,0,0,1,0,0,0,8,1,4,2,9,0,0,0,0,0,0,0,6,1,1,1,7,0,0,0,0,0.0,0.0,20.0,3.0,40.2,0.4,0.3333333333333333,0.0,0.0,120.0,11.0,40.3,3.7,0.5,0.0,0.0,70.0,3.0,39.3,2.0,0.2,0.0,22.0,-300.0,0.03333333333333333,0.1,7,15,141.1,15.0
304,202110010702,3,1,1,2,2,4,6,41,0,0,0,0,3,0,1,2,1,3,3,30,0,0,0,0,1,0,0,0,1,2,0,10,0,0,0,0,0.0,0.0,10.0,12.0,43.2,4.1,0.4166666666666667,0.0,0.0,17.0,17.0,37.1,2.3,0.9411764705882353,0.0,0.0,14.0,15.0,36.4,2.7,1.0,1.5,-1.0,0.0,0.0,0.0,8,18,274.3,17.0
305,202110010702,0,0,1,3,0,0,0,0,0,0,0,0,0,0,1,3,0,0,0,0,0,0,0,0,0,0,1,0,0,0,0,0,0,0,0,0,0.0,0.0,30.0,1.0,38.7,0.0,0.4,0.0,0.0,70.0,10.0,34.1,1.4,0.16666666666666666,0.0,0.0,130.0,5.0,37.0,0.6,0.4666666666666667,2.0,4.0,-200.0,,,2,4,,
306,202110010707,0,0,1,4,1,0,1,17,0,0,0,0,0,0,0,1,1,0,0,11,0,0,0,0,0,0,0,0,0,0,0,2,0,0,0,0,0.0,0.0,14.0,14.0,13.5,4.2,0.6428571428571429,0.0,0.0,7.0,8.0,13.1,1.4,0.2727272727272727,0.0,0.0,6.0,,,,0.08333333333333333,-6.0,0.0,-2090.0,0.06521739130434782,0.2608695652173913,8,18,1.8,1.0
307,202110010707,4,8,9,52,2,1,0,1,0,1,0,0,4,7,6,44,2,1,0,1,0,1,0,0,1,2,2,20,1,0,0,0,0,0,0,0,0.0,0.0,100.0,6.0,35.2,0.6,0.38461538461538464,0.0,0.0,60.0,11.0,36.8,1.3,0.07692307692307693,0.0,0.0,30.0,11.0,35.1,0.5,0.25,2.5,2.0,0.0,0.031746031746031744,0.23809523809523808,6,11,14.3,3.0
308,202110010707,15,7,8,83,1,0,1,15,0,0,0,1,10,4,5,49,1,0,0,12,0,0,0,1,1,1,2,15,0,0,0,2,0,0,0,1,0.0,0.0,10.0,10.0,34.0,1.4,1.0,0.0,0.0,12.0,12.0,37.0,1.6,1.0,0.0,0.0,10.0,8.0,34.6,0.9,0.7,-1.0,2.0,-400.0,0.15217391304347827,0.1956521739130435,5,10,6.1,2.0
309,202110010707,0,0,0,8,0,0,0,2,0,0,0,0,0,0,0,5,0,0,0,2,0,0,0,0,0,0,0,1,0,0,0,0,0,0,0,0,0.0,0.0,11.0,12.0,36.3,1.2,0.25,0.0,0.0,16.0,14.0,33.4,1.5,0.8333333333333334,0.0,0.0,13.0,7.0,33.8,1.0,0.6470588235294118,-2.5,2.0,0.0,0.1111111111111111,0.1111111111111111,1,1,21.0,9.0
310,202110010707,7,4,6,52,0,0,0,0,0,0,0,0,6,3,5,37,0,0,0,0,0,0,0,0,3,0,0,9,0,0,0,0,0,0,0,0,0.0,0.0,13.0,11.0,35.0,0.6,0.75,0.0,0.0,10.0,8.0,34.0,0.4,0.8125,0.0,0.0,10.0,10.0,35.5,0.7,0.9285714285714286,-0.5,2.0,0.0,0.028985507246376812,0.15942028985507245,7,13,18.1,7.0
311,202110010707,0,2,2,8,0,0,0,0,0,0,0,0,0,1,0,2,0,0,0,0,0,0,0,0,0,1,0,1,0,0,0,0,0,0,0,0,0.0,0.0,6.0,3.0,37.7,1.0,0.5,0.0,0.0,9.0,10.0,35.2,1.6,0.5454545454545454,0.0,0.0,9.0,10.0,34.1,0.7,0.75,3.5,-1.0,-200.0,0.045454545454545456,0.15151515151515152,1,2,14.6,4.0
312,202110010707,2,3,0,19,6,8,5,64,0,0,0,0,1,3,0,13,3,2,0,30,0,0,0,0,0,0,0,3,1,1,0,5,0,0,0,0,0.0,0.0,5.0,4.0,41.0,2.5,0.5555555555555556,0.0,0.0,13.0,15.0,37.2,1.6,0.6666666666666666,0.0,0.0,17.0,7.0,36.1,0.9,0.2222222222222222,1.5,14.0,-100.0,0.07692307692307693,0.07692307692307693,7,14,133.9,17.0
313,202110010707,7,4,6,52,0,0,0,10,0,0,0,2,6,3,5,37,0,0,0,4,0,0,0,0,3,0,0,9,0,0,0,1,0,0,0,0,0.0,0.0,14.0,16.0,35.4,1.2,0.75,0.0,0.0,12.0,18.0,35.7,1.7,1.0,0.0,0.0,8.0,8.0,34.9,0.9,0.9444444444444444,-4.0,-8.0,0.0,0.1,0.1,2,4,18.9,8.0
314,202110010707,11,13,9,84,0,0,0,16,0,0,0,2,2,3,4,26,0,0,0,5,0,0,0,0,1,0,1,5,0,0,0,0,0,0,0,0,0.0,0.0,14.0,,,,0.6428571428571429,0.0,0.0,8.0,8.0,14.0,7.5,0.8888888888888888,0.0,0.0,12.0,12.0,35.4,1.0,0.25,4.0,-4.0,-1680.0,0.12643678160919541,0.26436781609195403,8,16,55.6,13.0
315,202110010707,7,4,6,52,0,0,1,5,0,0,0,0,6,3,5,37,0,0,0,2,0,0,0,0,3,0,0,9,0,0,0,2,0,0,0,0,0.0,0.0,90.0,90.0,42.9,2.9,0.7777777777777778,0.0,0.0,140.0,70.0,35.2,0.6,0.25,0.0,0.0,70.0,80.0,35.0,0.8,0.2777777777777778,-5.0,7.0,-200.0,0.0,0.07317073170731707,6,12,16.2,6.0
316,202110010707,4,8,9,52,0,0,0,0,0,0,0,0,4,7,6,44,0,0,0,0,0,0,0,0,1,2,2,20,0,0,0,0,0,0,0,0,0.0,0.0,10.0,11.0,36.0,1.1,0.3333333333333333,0.0,0.0,11.0,8.0,36.3,1.0,0.4375,0.0,0.0,9.0,10.0,35.2,0.6,0.4375,-0.5,2.0,0.0,0.14285714285714285,0.21428571428571427,3,6,46.3,10.0
317,202110010707,4,4,2,47,0,0,0,3,0,0,0,0,2,2,0,10,0,0,0,1,0,0,0,0,0,0,0,1,0,0,0,1,0,0,0,0,0.0,0.0,110.0,110.0,43.8,5.6,0.5833333333333334,0.0,0.0,130.0,110.0,34.7,1.0,0.6923076923076923,0.0,0.0,110.0,110.0,35.9,2.2,0.38461538461538464,0.0,29.0,-500.0,0.03389830508474576,0.1016949152542373,3,5,76.9,14.0
318,202110010707,2,1,1,15,2,6,2,52,0,0,0,1,1,1,0,8,1,4,2,42,0,0,0,0,0,0,0,0,0,0,1,6,0,0,0,0,0.0,0.0,3.0,6.0,40.0,1.7,1.0,0.0,0.0,9.0,,,,,0.0,0.0,10.0,9.0,37.3,1.9,0.45454545454545453,3.0,6.0,-300.0,0.0,0.3333333333333333,4,7,143.2,18.0
319,202110010707,15,7,8,83,7,6,1,71,1,1,0,3,10,4,5,49,5,4,0,35,1,1,0,3,1,1,2,15,1,0,0,4,0,0,0,1,0.0,0.0,5.0,5.0,41.8,1.6,0.8888888888888888,0.0,0.0,14.0,17.0,37.3,2.1,0.05555555555555555,0.0,0.0,13.0,6.0,34.7,0.7,0.07142857142857142,0.5,20.0,-200.0,0.08333333333333333,0.2833333333333333,8,17,93.6,15.0
320,202110010707,2,3,4,40,1,2,1,3,0,0,1,1,1,1,2,15,1,1,1,3,0,0,1,1,0,0,0,2,0,0,0,1,0,0,0,1,0.0,0.0,6.0,12.0,40.6,2.2,0.08333333333333333,0.0,0.0,12.0,9.0,36.0,0.7,0.07692307692307693,0.0,0.0,11.0,11.0,37.1,1.6,0.7142857142857143,-0.5,0.0,0.0,0.05714285714285714,0.17142857142857143,2,3,15.5,5.0
321,202110010707,6,4,3,33,0,2,0,5,0,0,0,0,4,1,0,15,0,0,0,0,0,0,0,0,0,0,0,2,0,0,0,0,0,0,0,0,0.0,0.0,1.0,4.0,42.7,1.1,0.2857142857142857,0.0,0.0,11.0,12.0,36.8,1.9,0.8333333333333334,0.0,0.0,15.0,14.0,38.7,2.1,0.625,5.0,10.0,-200.0,0.03571428571428571,0.10714285714285714,7,15,113.1,16.0
322,202110010707,1,0,0,6,0,0,0,16,0,0,0,0,0,0,0,4,0,0,0,5,0,0,0,0,0,0,0,0,0,0,0,0,0,0,0,0,0.0,0.0,10.0,14.0,40.2,3.9,0.6666666666666666,0.0,0.0,13.0,15.0,35.7,1.7,0.6,0.0,0.0,15.0,16.0,38.5,2.7,0.6875,1.0,-6.0,-200.0,0.0,0.15384615384615385,4,8,51.6,11.0
323,202110010707,1,2,0,18,0,0,0,2,0,0,0,1,1,2,0,18,0,0,0,2,0,0,0,1,0,0,0,6,0,0,0,0,0,0,0,0,0.0,0.0,10.0,5.0,40.9,0.6,0.6363636363636364,0.0,0.0,12.0,18.0,38.3,2.7,0.1111111111111111,0.0,0.0,13.0,15.0,37.6,1.7,0.11764705882352941,5.0,4.0,-200.0,0.05128205128205128,0.23076923076923078,5,9,54.7,12.0
324,202110010710,3,6,1,31,3,3,1,14,2,1,0,5,3,2,0,14,3,1,1,5,2,0,0,3,1,0,0,6,0,0,0,4,0,0,0,3,0.0,0.0,10.0,9.0,36.4,0.6,0.1875,0.0,0.0,30.0,5.0,36.8,0.9,0.2222222222222222,0.0,0.0,10.0,3.0,35.3,0.5,0.2,-3.0,0.0,0.0,0.04477611940298507,0.14925373134328357,5,6,3.3,1.0
325,202110010710,0,0,0,1,0,0,1,3,0,0,0,0,0,0,0,1,0,0,1,1,0,0,0,0,0,0,0,0,0,0,1,1,0,0,0,0,0.0,0.0,15.0,13.0,35.7,2.1,0.125,0.0,0.0,16.0,15.0,34.4,1.0,0.375,0.0,0.0,13.0,12.0,35.5,1.0,0.14285714285714285,-0.5,-16.0,0.0,0.03125,0.25,2,2,19.2,9.0
326,202110010710,0,0,0,0,0,2,4,8,0,0,0,0,0,0,0,0,0,2,2,5,0,0,0,0,0,0,0,0,0,0,0,0,0,0,0,0,0.0,0.0,16.0,14.0,38.6,2.5,0.1875,0.0,0.0,14.0,14.0,39.6,2.5,0.2,0.0,0.0,11.0,11.0,34.8,0.9,0.1111111111111111,-1.5,2.0,-100.0,0.046511627906976744,0.11627906976744186,6,8,16.6,7.0
327,202110010710,0,2,0,1,8,4,5,73,0,0,0,0,0,2,0,1,1,1,0,24,0,0,0,0,0,0,0,0,0,1,0,6,0,0,0,0,0.0,0.0,8.0,7.0,38.3,1.5,0.5,0.0,0.0,9.0,6.0,37.3,0.5,0.625,0.0,0.0,7.0,4.0,36.3,0.3,0.875,-1.5,-6.0,0.0,0.05,0.225,8,12,10.7,5.0
328,202110010710,1,1,2,34,1,0,0,4,0,0,0,0,1,1,2,27,1,0,0,1,0,0,0,0,0,1,1,4,0,0,0,0,0,0,0,0,0.0,0.0,170.0,11.0,37.7,1.0,0.23529411764705882,0.0,0.0,120.0,10.0,38.6,2.7,0.08333333333333333,0.0,0.0,70.0,8.0,35.6,1.7,0.25,-1.5,-10.0,0.0,0.1,0.1,3,3,44.7,11.0
329,202110010710,6,4,3,33,0,2,1,10,0,0,0,0,4,1,0,15,0,1,0,4,0,0,0,0,0,0,0,2,0,0,0,0,0,0,0,0,0.0,0.0,110.0,110.0,42.2,3.3,0.36363636363636365,0.0,0.0,140.0,140.0,35.0,1.5,0.625,0.0,0.0,160.0,130.0,34.2,1.1,0.6875,10.0,13.0,-200.0,0.0851063829787234,0.2765957446808511,6,9,7.8,4.0
330,202110010710,0,0,0,0,1,0,2,14,0,0,0,0,0,0,0,0,1,0,1,11,0,0,0,0,0,0,0,0,0,0,0,2,0,0,0,0,0.0,0.0,9.0,10.0,47.6,6.2,0.7,0.0,0.0,18.0,17.0,36.4,1.6,0.7222222222222222,0.0,0.0,16.0,9.0,35.7,1.2,0.375,-0.5,4.0,-300.0,0.0,0.14814814814814814,4,4,83.1,13.0
331,202110010710,5,4,3,28,0,1,0,2,0,0,0,0,1,3,2,11,0,0,0,0,0,0,0,0,1,1,1,0,0,0,0,0,0,0,0,0,0.0,0.0,50.0,70.0,41.6,2.6,0.1111111111111111,0.0,0.0,120.0,120.0,36.8,2.2,0.7692307692307693,0.0,0.0,100.0,120.0,35.7,1.7,1.0,25.0,2.0,-200.0,0.08196721311475409,0.2786885245901639,4,5,4.1,2.0
332,202110010710,2,0,3,29,0,0,0,2,0,0,0,0,1,0,3,20,0,0,0,0,0,0,0,0,0,0,0,2,0,0,0,0,0,0,0,0,0.0,0.0,12.0,16.0,36.5,1.5,0.5882352941176471,0.0,0.0,16.0,16.0,40.9,4.6,0.25,0.0,0.0,13.0,16.0,35.1,1.2,0.5555555555555556,0.0,-6.0,0.0,0.09090909090909091,0.09090909090909091,5,7,11.4,6.0
333,202110010710,0,1,1,14,0,0,0,2,0,0,0,1,0,1,1,13,0,0,0,2,0,0,0,1,0,0,0,2,0,0,0,0,0,0,0,0,0.0,0.0,11.0,,,,0.5882352941176471,0.0,0.0,15.0,3.0,35.0,0.4,0.6,0.0,0.0,12.0,10.0,36.9,1.5,0.15384615384615385,7.0,4.0,0.0,0.02857142857142857,0.15714285714285714,7,10,58.9,12.0
334,202110010710,8,7,5,57,10,5,7,57,2,0,1,5,1,0,2,22,5,2,3,30,1,0,0,2,0,0,0,7,0,0,0,7,0,0,0,2,0.0,0.0,110.0,110.0,45.2,4.6,0.09090909090909091,0.0,0.0,100.0,110.0,38.1,1.8,0.16666666666666666,0.0,0.0,110.0,110.0,38.1,3.2,0.2727272727272727,0.0,45.0,-300.0,0.0,0.15789473684210525,7,11,39.4,10.0
335,202110010710,0,0,0,0,1,0,0,4,0,0,0,0,0,0,0,0,1,0,0,3,0,0,0,0,0,0,0,0,0,0,0,2,0,0,0,0,0.0,0.0,,,,,,0.0,0.0,140.0,12.0,34.6,1.7,0.3888888888888889,0.0,0.0,150.0,8.0,32.7,0.6,0.5294117647058824,-4.0,,0.0,0.0,0.07142857142857142,8,13,6.3,3.0
336,202110010710,3,0,4,35,1,0,1,15,0,0,0,0,0,0,1,19,1,0,0,12,0,0,0,0,0,0,0,3,0,0,0,2,0,0,0,0,0.0,0.0,15.0,14.0,37.1,1.3,0.4375,0.0,0.0,5.0,6.0,34.4,0.6,0.5,0.0,0.0,11.0,13.0,34.7,0.8,0.7058823529411765,-0.5,10.0,0.0,0.125,0.26136363636363635,1,1,18.9,8.0
337,202110010806,11,13,9,84,4,8,8,33,1,2,1,2,2,3,4,26,0,4,5,21,0,2,1,1,0,2,2,15,0,1,3,12,0,1,1,1,0.0,0.0,3.0,4.0,38.1,0.7,0.6666666666666666,0.0,0.0,13.0,14.0,39.3,2.4,0.6875,0.0,0.0,13.0,10.0,39.0,1.3,0.25,3.0,8.0,-200.0,0.03333333333333333,0.16666666666666666,8,18,10.3,5.0
338,202110010806,2,1,1,15,7,6,1,71,0,0,0,0,1,1,0,8,5,4,0,35,0,0,0,0,1,0,0,4,1,2,0,11,0,0,0,0,0.0,0.0,60.0,5.0,33.9,0.9,0.5,0.0,0.0,70.0,4.0,34.9,0.3,0.3125,0.0,0.0,70.0,6.0,40.1,2.2,0.16666666666666666,0.5,2.0,0.0,0.0684931506849315,0.1780821917808219,5,10,6.0,4.0
339,202110010806,0,2,3,6,2,6,2,52,0,0,0,2,0,2,2,4,1,4,2,42,0,0,0,2,0,1,1,2,1,2,1,19,0,0,0,2,0.0,0.0,2.0,2.0,39.1,0.0,0.5,0.0,0.0,11.0,13.0,34.8,1.0,0.75,0.0,0.0,8.0,5.0,34.6,0.1,0.625,1.5,-1.0,-200.0,0.03225806451612903,0.0967741935483871,3,6,5.7,3.0
340,202110010806,0,0,1,11,0,0,0,1,0,0,0,0,0,0,0,2,0,0,0,1,0,0,0,0,0,0,0,2,0,0,0,1,0,0,0,0,0.0,0.0,60.0,3.0,39.7,0.4,0.16666666666666666,0.0,0.0,50.0,7.0,38.3,1.8,0.4666666666666667,0.0,0.0,30.0,5.0,38.6,1.2,0.3333333333333333,1.0,14.0,-300.0,0.0,0.2727272727272727,6,11,5.7,2.0
341,202110010806,0,0,1,10,2,3,3,40,0,0,0,0,0,0,0,6,1,2,3,17,0,0,0,0,0,0,0,0,1,1,2,5,0,0,0,0,0.0,0.0,50.0,8.0,39.8,1.8,0.6666666666666666,0.0,0.0,150.0,13.0,36.1,1.4,0.5625,0.0,0.0,110.0,9.0,38.4,2.2,0.5,0.5,-1.0,-200.0,0.0,0.16666666666666666,1,2,238.8,16.0
342,202110010806,2,4,5,9,1,0,0,1,0,0,0,0,2,2,5,3,0,0,0,0,0,0,0,0,1,0,0,1,0,0,0,0,0,0,0,0,0.0,0.0,3.0,8.0,42.1,1.9,0.18181818181818182,0.0,0.0,4.0,11.0,38.9,1.4,0.0625,0.0,0.0,4.0,4.0,39.1,0.5,0.0625,-2.0,10.0,-600.0,0.0,0.07407407407407407,7,14,15.3,7.0
343,202110010806,11,13,9,84,2,0,4,15,0,0,1,1,2,3,4,26,2,0,2,13,0,0,0,1,0,2,2,15,0,0,0,5,0,0,0,1,0.0,0.0,150.0,15.0,41.2,3.9,0.375,0.0,0.0,16.0,13.0,36.9,1.7,0.8125,0.0,0.0,13.0,12.0,33.1,1.1,0.7222222222222222,-1.5,0.0,-600.0,0.08163265306122448,0.2653061224489796,7,15,11.9,6.0
344,202110010806,3,1,1,2,0,1,1,2,0,0,0,0,3,0,1,2,0,1,1,1,0,0,0,0,1,0,0,0,0,1,1,1,0,0,0,0,0.0,0.0,6.0,6.0,41.1,2.2,0.25,0.0,0.0,11.0,8.0,36.8,1.6,0.75,0.0,0.0,13.0,8.0,36.9,1.2,0.11764705882352941,1.0,7.0,-200.0,0.05263157894736842,0.05263157894736842,6,12,159.4,13.0
345,202110010806,1,1,2,30,0,0,0,0,0,0,0,0,1,0,2,21,0,0,0,0,0,0,0,0,1,0,1,10,0,0,0,0,0,0,0,0,0.0,0.0,70.0,6.0,38.0,0.8,0.2,0.0,0.0,150.0,14.0,37.3,2.1,0.1875,0.0,0.0,70.0,16.0,39.8,3.7,0.125,5.0,20.0,350.0,0.0,0.2692307692307692,5,9,109.5,11.0
346,202110010806,0,0,1,4,0,0,0,5,0,0,0,0,0,0,0,1,0,0,0,4,0,0,0,0,0,0,0,0,0,0,0,2,0,0,0,0,0.0,0.0,70.0,50.0,36.2,1.0,0.5,0.0,0.0,120.0,120.0,35.7,1.3,0.7692307692307693,0.0,0.0,100.0,100.0,36.0,1.3,0.5294117647058824,25.0,31.0,350.0,0.03225806451612903,0.12903225806451613,8,16,100.8,10.0
347,202110010806,0,3,1,26,4,8,8,33,0,1,0,0,0,2,0,10,0,4,5,21,0,1,0,0,0,0,0,3,0,1,3,12,0,0,0,0,0.0,0.0,3.0,8.0,42.2,3.1,0.25,0.0,0.0,15.0,9.0,39.2,2.4,0.17647058823529413,0.0,0.0,14.0,14.0,39.5,2.9,0.7333333333333333,3.0,3.0,-100.0,0.08333333333333333,0.08333333333333333,1,1,200.3,15.0
348,202110010806,1,2,2,19,4,0,1,32,0,0,0,0,0,0,2,13,2,0,1,12,0,0,0,0,0,0,0,5,1,0,0,7,0,0,0,0,0.0,0.0,80.0,110.0,42.7,2.8,0.6363636363636364,0.0,0.0,160.0,160.0,45.6,8.0,0.5,0.0,0.0,90.0,120.0,35.3,1.4,0.9411764705882353,5.0,4.0,-200.0,0.029850746268656716,0.2835820895522388,3,5,39.8,9.0
349,202110010806,1,1,0,4,0,2,1,10,0,0,0,0,0,0,0,1,0,1,0,4,0,0,0,0,0,0,0,1,0,0,0,3,0,0,0,0,0.0,0.0,3.0,6.0,38.6,0.4,0.16666666666666666,0.0,0.0,14.0,12.0,39.3,2.6,0.5625,0.0,0.0,14.0,10.0,41.8,1.9,0.3333333333333333,2.0,30.0,0.0,0.14285714285714285,0.22448979591836735,7,13,125.8,12.0
350,202110010806,0,1,1,15,2,2,3,21,0,0,1,0,0,1,1,12,2,2,1,9,0,0,1,0,0,1,1,7,1,0,1,2,0,0,1,0,0.0,0.0,40.0,3.0,35.5,0.4,0.25,0.0,0.0,20.0,10.0,35.2,1.7,0.9285714285714286,0.0,0.0,40.0,3.0,34.6,0.1,0.4117647058823529,0.0,4.0,-200.0,0.05405405405405406,0.21621621621621623,2,4,2.7,1.0
351,202110010806,0,3,1,26,4,8,8,33,0,1,0,0,0,2,0,10,0,4,5,21,0,1,0,0,0,0,0,3,0,1,3,12,0,0,0,0,0.0,0.0,4.0,8.0,40.8,2.4,0.6,0.0,0.0,16.0,13.0,36.4,1.8,0.9375,0.0,0.0,13.0,9.0,37.4,1.4,0.625,0.5,-7.0,-300.0,0.0,0.0,4,7,240.4,17.0
352,202110010806,0,0,0,0,0,0,0,1,0,0,0,0,0,0,0,0,0,0,0,1,0,0,0,0,0,0,0,0,0,0,0,0,0,0,0,0,0.0,0.0,3.0,4.0,36.8,0.7,0.3333333333333333,0.0,0.0,5.0,6.0,37.6,1.3,0.16666666666666666,0.0,0.0,2.0,9.0,36.5,1.1,0.2727272727272727,2.5,26.0,380.0,0.027777777777777776,0.1527777777777778,8,17,17.8,8.0
353,202110010806,0,0,0,3,7,7,8,94,0,0,0,0,0,0,0,3,1,4,1,34,0,0,0,0,0,0,0,0,1,1,1,14,0,0,0,0,0.0,0.0,3.0,9.0,41.8,0.9,0.2727272727272727,0.0,0.0,14.0,17.0,37.0,2.3,0.5294117647058824,0.0,0.0,14.0,14.0,41.3,6.2,0.875,2.5,-8.0,-400.0,0.038461538461538464,0.15384615384615385,4,8,178.8,14.0
354,202110010806,3,6,1,31,2,6,2,52,0,0,0,0,3,2,0,14,1,4,2,42,0,0,0,0,0,2,0,5,1,2,1,19,0,0,0,0,0.0,0.0,20.0,6.0,40.3,2.7,0.7,0.0,0.0,80.0,15.0,41.2,3.5,0.0625,0.0,0.0,150.0,10.0,38.5,2.2,0.875,2.0,10.0,-400.0,,,2,3,,
355,202110010809,11,13,9,84,7,11,6,84,3,2,2,7,2,3,4,26,4,5,4,47,1,0,1,4,1,0,1,5,1,1,1,14,0,0,1,2,0.0,0.0,11.0,6.0,33.5,0.2,0.7777777777777778,0.0,0.0,7.0,3.0,34.8,0.2,0.6666666666666666,0.0,0.0,14.0,9.0,34.3,0.5,0.8,1.5,0.0,0.0,0.05555555555555555,0.16666666666666666,7,14,7.4,3.0
356,202110010809,4,4,2,47,0,0,0,0,0,0,0,0,2,2,0,10,0,0,0,0,0,0,0,0,0,0,0,1,0,0,0,0,0,0,0,0,0.0,0.0,3.0,1.0,39.3,0.0,0.375,0.0,0.0,12.0,10.0,37.9,1.8,0.6875,0.0,0.0,11.0,8.0,37.0,1.8,0.625,3.5,12.0,-300.0,0.14583333333333334,0.20833333333333334,7,15,42.9,12.0
357,202110010809,21,21,21,102,1,0,1,2,1,0,0,2,6,4,3,30,1,0,0,1,1,0,0,1,3,1,2,5,0,0,0,0,0,0,0,0,0.0,0.0,9.0,13.0,36.4,1.5,0.6923076923076923,0.0,0.0,9.0,11.0,34.9,0.8,0.11764705882352941,0.0,0.0,5.0,6.0,34.4,0.9,0.45454545454545453,-3.5,2.0,-200.0,0.030303030303030304,0.2727272727272727,8,18,10.3,5.0
358,202110010809,11,13,9,84,7,11,6,84,3,2,2,7,2,3,4,26,4,5,4,47,1,0,1,4,1,0,1,5,1,1,1,14,0,0,1,2,0.0,0.0,1.0,8.0,36.4,0.4,0.23076923076923078,0.0,0.0,1.0,4.0,34.1,0.1,0.4444444444444444,0.0,0.0,7.0,3.0,33.5,0.3,0.8888888888888888,-2.5,4.0,0.0,0.034482758620689655,0.1724137931034483,3,6,4.9,2.0
359,202110010809,2,1,2,6,1,0,0,6,1,0,0,1,2,1,2,2,1,0,0,4,1,0,0,1,0,0,0,1,0,0,0,1,0,0,0,1,0.0,0.0,12.0,15.0,36.1,2.3,0.06666666666666667,0.0,0.0,14.0,17.0,35.0,0.8,0.5294117647058824,0.0,0.0,8.0,11.0,37.8,1.9,0.16666666666666666,-2.0,-2.0,-400.0,0.0,0.3,1,2,91.7,17.0
360,202110010809,4,4,2,47,10,5,7,57,0,0,0,0,2,2,0,10,5,2,3,30,0,0,0,0,0,0,0,1,0,0,0,7,0,0,0,0,0.0,0.0,12.0,13.0,32.8,0.5,0.5555555555555556,0.0,0.0,13.0,6.0,35.2,0.9,0.6875,0.0,0.0,2.0,4.0,32.7,0.4,0.6111111111111112,-4.5,4.0,200.0,0.0,0.06818181818181818,8,17,13.7,6.0
361,202110010809,1,0,1,4,0,0,0,0,0,0,0,0,0,0,0,1,0,0,0,0,0,0,0,0,0,0,0,0,0,0,0,0,0,0,0,0,0.0,0.0,13.0,13.0,39.1,4.1,0.38461538461538464,0.0,0.0,18.0,18.0,47.3,12.5,0.1111111111111111,0.0,0.0,11.0,11.0,36.1,1.8,0.09090909090909091,-1.0,10.0,-800.0,0.07692307692307693,0.07692307692307693,3,5,15.8,7.0
362,202110010809,7,4,3,27,8,4,5,73,1,1,0,0,0,1,0,8,1,1,0,24,0,1,0,0,0,1,0,1,0,1,0,6,0,1,0,0,0.0,0.0,4.0,3.0,34.1,0.3,0.16666666666666666,0.0,0.0,12.0,2.0,33.7,0.1,0.6666666666666666,0.0,0.0,11.0,9.0,35.0,0.5,0.625,3.0,0.0,0.0,0.044444444444444446,0.13333333333333333,2,3,7.7,4.0
363,202110010809,21,21,21,102,7,6,1,71,0,0,0,3,6,4,3,30,5,4,0,35,0,0,0,0,3,1,2,5,1,0,0,4,0,0,0,0,0.0,0.0,2.0,3.0,34.0,0.3,0.6363636363636364,0.0,0.0,2.0,6.0,34.0,0.7,0.5714285714285714,0.0,0.0,1.0,3.0,35.0,0.4,0.5625,0.0,-2.0,0.0,0.12359550561797752,0.25842696629213485,1,1,3.5,1.0
364,202110010809,15,7,8,83,7,4,7,49,1,0,1,5,10,4,5,49,2,0,4,26,1,0,0,4,1,1,2,15,0,0,0,3,0,0,0,2,0.0,0.0,11.0,10.0,35.7,1.1,0.35714285714285715,0.0,0.0,3.0,3.0,32.5,0.3,0.4444444444444444,0.0,0.0,7.0,6.0,35.5,2.3,0.8,-2.0,-4.0,200.0,0.07936507936507936,0.2698412698412698,6,11,22.0,8.0
365,202110010809,4,8,9,52,0,1,0,3,0,0,0,2,4,7,6,44,0,0,0,2,0,0,0,2,1,2,2,20,0,0,0,2,0,0,0,2,0.0,0.0,8.0,9.0,41.4,3.4,0.5,0.0,0.0,10.0,13.0,37.8,1.4,0.8125,0.0,0.0,16.0,8.0,34.7,0.5,0.2777777777777778,-0.5,-4.0,-200.0,0.05555555555555555,0.2222222222222222,4,8,25.9,10.0
366,202110010809,8,7,5,57,10,5,7,57,2,0,1,5,1,0,2,22,5,2,3,30,1,0,0,2,0,0,0,7,0,0,0,7,0,0,0,2,0.0,0.0,90.0,8.0,37.8,1.1,0.5,0.0,0.0,,,,,,0.0,0.0,70.0,8.0,37.1,1.1,0.5333333333333333,0.0,29.0,0.0,0.03333333333333333,0.13333333333333333,6,12,62.5,16.0
367,202110010809,21,21,21,102,2,3,5,11,0,0,0,0,6,4,3,30,1,1,5,5,0,0,0,0,3,1,2,5,1,1,4,1,0,0,0,0,0.0,0.0,11.0,12.0,37.5,1.3,0.0625,0.0,0.0,12.0,9.0,36.0,1.4,0.7857142857142857,0.0,0.0,6.0,5.0,34.1,0.5,0.75,-3.5,0.0,-800.0,0.08333333333333333,0.36666666666666664,5,9,22.7,9.0
368,202110010809,7,4,6,52,0,2,0,5,0,0,0,0,6,3,5,37,0,0,0,0,0,0,0,0,3,0,0,9,0,0,0,0,0,0,0,0,0.0,0.0,4.0,9.0,39.6,4.9,1.0,0.0,0.0,10.0,10.0,38.1,1.5,0.9333333333333333,0.0,0.0,15.0,14.0,35.0,1.0,0.7222222222222222,2.5,17.0,350.0,0.0,0.0,8,16,57.9,15.0
369,202110010809,0,0,0,8,0,0,1,14,0,0,0,4,0,0,0,5,0,0,1,7,0,0,0,4,0,0,0,0,0,0,0,1,0,0,0,0,0.0,0.0,9.0,9.0,41.3,7.8,1.0,0.0,0.0,15.0,15.0,34.7,1.0,0.9375,0.0,0.0,12.0,7.0,35.5,0.4,0.6666666666666666,-1.0,32.0,-200.0,0.09090909090909091,0.09090909090909091,7,13,196.9,18.0
370,202110010809,2,3,0,19,1,2,0,7,0,2,0,0,1,3,0,13,1,2,0,4,0,2,0,0,0,0,0,3,0,0,0,0,0,0,0,0,0.0,0.0,11.0,13.0,38.4,1.8,0.6,0.0,0.0,4.0,10.0,38.3,1.5,0.38461538461538464,0.0,0.0,10.0,12.0,36.4,1.4,0.16666666666666666,-0.5,0.0,0.0,0.08333333333333333,0.2708333333333333,5,10,48.6,13.0
371,202110010809,7,4,6,52,0,0,0,1,0,0,0,0,6,3,5,37,0,0,0,0,0,0,0,0,3,0,0,9,0,0,0,0,0,0,0,0,0.0,0.0,18.0,9.0,35.1,0.8,0.8888888888888888,0.0,0.0,9.0,13.0,33.9,1.6,0.6111111111111112,0.0,0.0,11.0,15.0,35.8,2.8,0.6666666666666666,3.0,-6.0,0.0,0.03278688524590164,0.09836065573770492,2,4,56.1,14.0
372,202110010809,0,1,0,7,0,1,0,17,0,0,0,0,0,0,0,4,0,0,0,7,0,0,0,0,0,0,0,2,0,0,0,1,0,0,0,0,0.0,0.0,8.0,13.0,35.9,0.7,0.23076923076923078,0.0,0.0,9.0,4.0,34.7,0.2,0.2,0.0,0.0,10.0,12.0,35.7,1.1,0.35714285714285715,-0.5,2.0,0.0,0.057971014492753624,0.15942028985507245,4,7,32.6,11.0
373,202110020106,1,1,0,4,1,1,0,30,0,0,0,0,0,0,0,1,1,0,0,14,0,0,0,0,0,0,0,1,0,0,0,7,0,0,0,0,0.0,0.0,30.0,11.0,41.3,2.9,0.15384615384615385,0.0,0.0,90.0,10.0,34.6,1.9,0.125,0.0,0.0,70.0,7.0,35.7,0.6,0.16666666666666666,-2.0,18.0,200.0,0.07575757575757576,0.2727272727272727,5,10,2.6,1.0
374,202110020106,15,7,8,83,8,4,5,73,0,0,0,3,10,4,5,49,1,1,0,24,0,0,0,1,6,2,1,20,0,0,0,8,0,0,0,1,0.0,0.0,30.0,2.0,35.0,0.1,0.3888888888888889,,,,,,,,,,,,,,,,,0.0,0.0,0.125,8,18,5.3,2.0
375,202110020106,15,7,8,83,5,2,5,58,1,0,0,14,10,4,5,49,3,1,1,25,1,0,0,7,6,2,1,20,0,0,0,10,0,0,0,2,0.0,0.0,3.0,8.0,45.8,5.3,0.125,0.0,0.0,5.0,11.0,36.0,1.6,0.4375,0.0,0.0,4.0,14.0,37.0,1.4,0.1111111111111111,3.0,-6.0,-200.0,0.02666666666666667,0.14666666666666667,8,16,32.4,9.0
376,202110020106,0,0,0,5,2,6,2,52,0,0,0,1,0,0,0,3,1,4,2,42,0,0,0,0,0,0,0,1,1,2,1,19,0,0,0,0,0.0,0.0,9.0,9.0,45.4,3.5,0.2,0.0,0.0,3.0,13.0,35.8,1.1,0.29411764705882354,0.0,0.0,1.0,3.0,34.8,0.0,0.2222222222222222,-3.0,1.0,-670.0,0.13725490196078433,0.23529411764705882,7,15,23.6,8.0
377,202110020106,1,0,0,14,0,0,0,0,0,0,0,0,0,0,0,9,0,0,0,0,0,0,0,0,0,0,0,4,0,0,0,0,0,0,0,0,0.0,0.0,9.0,10.0,41.0,2.6,0.3333333333333333,0.0,0.0,11.0,10.0,38.0,2.4,0.5,0.0,0.0,15.0,16.0,39.0,4.2,0.1875,3.0,-4.0,-30.0,0.034482758620689655,0.13793103448275862,7,13,87.2,12.0
378,202110020106,3,1,1,2,1,5,2,15,0,0,0,0,3,0,1,2,0,1,1,9,0,0,0,0,1,0,0,0,0,1,1,5,0,0,0,0,0.0,0.0,12.0,14.0,34.8,1.3,0.3333333333333333,0.0,0.0,2.0,4.0,41.8,1.1,0.4166666666666667,0.0,0.0,11.0,8.0,36.0,1.3,0.3333333333333333,-3.0,-3.0,0.0,0.0,0.13636363636363635,7,14,7.6,5.0
379,202110020106,0,0,0,1,8,4,5,73,0,0,0,0,0,0,0,1,1,1,0,24,0,0,0,0,0,0,0,0,0,0,0,8,0,0,0,0,0.0,0.0,60.0,5.0,34.7,0.8,0.3888888888888889,0.0,0.0,130.0,2.0,35.1,0.1,0.6875,0.0,0.0,60.0,7.0,35.6,0.5,0.2222222222222222,1.0,-6.0,0.0,0.03571428571428571,0.14285714285714285,4,8,6.1,3.0
380,202110020106,0,0,1,10,2,3,3,40,0,0,0,0,0,0,0,6,1,2,3,17,0,0,0,0,0,0,0,0,1,1,2,5,0,0,0,0,0.0,0.0,50.0,8.0,39.8,1.8,0.6666666666666666,0.0,0.0,150.0,13.0,36.1,1.4,0.5625,0.0,0.0,110.0,9.0,38.4,2.2,0.5,0.5,-1.0,-200.0,0.0,0.2,2,4,80.0,11.0
381,202110020106,2,3,4,40,0,2,0,19,0,0,0,2,1,1,2,15,0,0,0,9,0,0,0,1,1,1,0,6,0,0,0,2,0,0,0,0,0.0,0.0,50.0,9.0,40.3,2.1,0.6363636363636364,0.0,0.0,70.0,12.0,38.8,2.5,0.8666666666666667,0.0,0.0,40.0,9.0,35.7,0.7,0.3888888888888889,0.0,0.0,-200.0,0.11956521739130435,0.25,6,12,6.9,4.0
382,202110020106,6,4,7,72,7,4,7,49,0,0,0,0,1,0,0,11,2,0,4,26,0,0,0,0,1,0,0,5,2,0,2,10,0,0,0,0,0.0,0.0,5.0,6.0,39.9,1.6,0.8888888888888888,0.0,0.0,15.0,13.0,36.1,1.7,0.75,0.0,0.0,11.0,13.0,38.1,1.9,0.29411764705882354,3.5,17.0,-100.0,0.06578947368421052,0.18421052631578946,6,11,112.5,13.0
383,202110020106,2,0,3,29,2,5,2,19,0,0,1,1,1,0,3,20,1,4,2,9,0,0,1,1,1,0,1,11,1,1,1,7,0,0,1,1,0.0,0.0,120.0,11.0,40.6,2.6,0.8333333333333334,0.0,0.0,140.0,14.0,38.1,2.7,0.9285714285714286,0.0,0.0,180.0,17.0,36.4,2.0,0.5555555555555556,3.0,8.0,-500.0,0.03076923076923077,0.1076923076923077,5,9,34.2,10.0
384,202110020106,0,1,0,9,0,0,0,0,0,0,0,0,0,0,0,5,0,0,0,0,0,0,0,0,0,0,0,3,0,0,0,0,0,0,0,0,0.0,0.0,16.0,9.0,36.7,1.3,0.16666666666666666,0.0,0.0,15.0,12.0,35.7,1.4,0.7222222222222222,0.0,0.0,7.0,9.0,39.5,2.1,0.6,0.0,-2.0,0.0,0.0,0.06666666666666667,3,6,224.3,15.0
385,202110020106,3,3,3,41,1,0,0,8,0,0,0,0,1,1,1,20,1,0,0,3,0,0,0,0,0,0,0,9,0,0,0,2,0,0,0,0,0.0,0.0,2.0,10.0,44.0,3.1,0.5454545454545454,0.0,0.0,11.0,15.0,38.5,2.4,0.375,0.0,0.0,14.0,13.0,35.8,1.5,0.7222222222222222,1.5,1.0,-100.0,0.06944444444444445,0.16666666666666666,8,17,181.3,14.0
386,202110020106,6,4,3,33,1,0,0,9,0,0,0,0,4,1,0,15,1,0,0,8,0,0,0,0,0,1,0,7,0,0,0,1,0,0,0,0,0.0,0.0,9.0,9.0,39.6,1.8,0.26666666666666666,0.0,0.0,10.0,6.0,37.7,1.3,0.4375,0.0,0.0,7.0,14.0,37.0,1.9,0.2222222222222222,2.5,-10.0,-500.0,0.25,0.25,1,2,22.1,7.0
387,202110020106,0,0,1,3,0,0,0,0,0,0,0,0,0,0,1,3,0,0,0,0,0,0,0,0,0,0,1,0,0,0,0,0,0,0,0,0,0.0,0.0,30.0,1.0,38.7,0.0,0.4,0.0,0.0,70.0,10.0,34.1,1.4,0.16666666666666666,0.0,0.0,130.0,5.0,37.0,0.6,0.4666666666666667,2.0,4.0,-200.0,0.11764705882352941,0.17647058823529413,4,7,21.2,6.0
388,202110020106,6,4,7,72,0,0,1,10,0,0,0,0,1,0,0,11,0,0,1,7,0,0,0,0,1,0,0,5,0,0,0,2,0,0,0,0,0.0,0.0,17.0,16.0,35.6,2.3,0.9444444444444444,0.0,0.0,14.0,12.0,35.4,1.8,0.8125,,,,,,,,-4.0,-2.0,0.0,0.0,0.23076923076923078,3,5,307.5,17.0
389,202110020106,0,0,0,1,0,0,0,9,0,0,0,1,0,0,0,1,0,0,0,7,0,0,0,1,0,0,0,0,0,0,0,2,0,0,0,0,0.0,0.0,11.0,7.0,37.5,0.7,0.0625,0.0,0.0,9.0,6.0,37.5,0.6,0.0625,0.0,0.0,4.0,5.0,36.6,0.5,0.07692307692307693,-1.0,6.0,-800.0,0.046511627906976744,0.13953488372093023,1,1,239.0,16.0
390,202110020106,15,7,8,83,0,0,0,6,0,0,0,0,10,4,5,49,0,0,0,4,0,0,0,0,6,2,1,20,0,0,0,4,0,0,0,0,0.0,0.0,9.0,,,,,0.0,0.0,18.0,18.0,35.8,2.5,0.9444444444444444,0.0,0.0,14.0,13.0,40.4,3.3,0.9375,-5.0,3.0,0.0,0.045454545454545456,0.13636363636363635,2,3,308.3,18.0
391,202110020109,1,0,1,4,0,0,0,4,0,0,0,0,1,0,0,3,0,0,0,2,0,0,0,0,0,0,0,0,0,0,0,0,0,0,0,0,0.0,0.0,70.0,12.0,41.1,4.9,0.5833333333333334,0.0,0.0,70.0,15.0,34.5,0.9,0.6875,0.0,0.0,70.0,2.0,34.9,0.1,0.09090909090909091,-5.0,5.0,-400.0,0.05714285714285714,0.15714285714285714,2,3,28.5,8.0
392,202110020109,0,0,1,3,0,0,0,2,0,0,0,0,0,0,1,3,0,0,0,0,0,0,0,0,0,0,1,3,0,0,0,0,0,0,0,0,0.0,0.0,5.0,7.0,39.5,1.5,0.9,0.0,0.0,8.0,14.0,34.5,0.8,0.8823529411764706,0.0,0.0,16.0,5.0,34.6,0.3,0.7222222222222222,-1.0,-7.0,-100.0,0.078125,0.265625,7,13,13.9,4.0
393,202110020109,0,0,0,0,0,0,0,0,0,0,0,0,0,0,0,0,0,0,0,0,0,0,0,0,0,0,0,0,0,0,0,0,0,0,0,0,0.0,0.0,3.0,4.0,37.0,0.5,0.25,0.0,0.0,12.0,2.0,36.8,0.5,0.25,0.0,0.0,9.0,11.0,36.7,1.3,0.5833333333333334,3.5,0.0,0.0,0.0,0.15789473684210525,3,5,23.3,5.0
394,202110020109,2,2,0,10,10,5,7,57,0,0,0,0,2,2,0,10,5,2,3,30,0,0,0,0,0,0,0,0,0,0,0,7,0,0,0,0,0.0,0.0,30.0,6.0,34.5,0.4,0.2777777777777778,0.0,0.0,20.0,4.0,34.9,0.3,0.23076923076923078,0.0,0.0,30.0,2.0,36.1,0.4,0.4375,-2.0,20.0,-200.0,0.07142857142857142,0.07142857142857142,5,10,6.4,2.0
395,202110020109,0,0,0,13,0,0,1,14,0,0,0,0,0,0,0,12,0,0,1,7,0,0,0,0,0,0,0,0,0,0,0,1,0,0,0,0,0.0,0.0,90.0,6.0,43.1,1.7,0.1111111111111111,0.0,0.0,160.0,16.0,36.0,1.9,0.7777777777777778,0.0,0.0,100.0,15.0,34.7,1.6,1.0,4.5,-1.0,-200.0,0.047619047619047616,0.21428571428571427,8,17,26.5,7.0
396,202110020109,3,3,3,41,0,0,0,4,0,0,0,1,1,1,1,20,0,0,0,2,0,0,0,0,0,1,0,0,0,0,0,1,0,0,0,0,0.0,0.0,1.0,3.0,39.1,0.1,0.1,0.0,0.0,8.0,10.0,36.6,0.9,0.8571428571428571,0.0,0.0,3.0,8.0,35.0,0.7,0.9166666666666666,2.5,7.0,-800.0,0.0,0.25,4,7,25.5,6.0
397,202110020109,0,0,0,1,0,0,0,0,0,0,0,0,0,0,0,0,0,0,0,0,0,0,0,0,0,0,0,0,0,0,0,0,0,0,0,0,0.0,0.0,14.0,15.0,39.7,2.4,0.125,0.0,0.0,13.0,11.0,36.2,0.6,0.05555555555555555,0.0,0.0,13.0,7.0,35.3,0.3,0.6666666666666666,-4.0,2.0,0.0,0.029411764705882353,0.27941176470588236,6,12,1.6,1.0
398,202110020109,13,6,7,86,0,0,1,14,0,0,0,0,1,3,1,12,0,0,1,7,0,0,0,0,0,0,0,3,0,0,0,1,0,0,0,0,0.0,0.0,14.0,11.0,36.8,0.9,0.8125,0.0,0.0,9.0,16.0,36.8,2.5,0.625,0.0,0.0,9.0,12.0,35.3,1.1,0.7692307692307693,0.5,4.0,0.0,0.06756756756756757,0.1891891891891892,5,9,55.5,12.0
399,202110020109,0,0,0,1,0,0,0,0,0,0,0,0,0,0,0,0,0,0,0,0,0,0,0,0,0,0,0,0,0,0,0,0,0,0,0,0,0.0,0.0,5.0,11.0,40.7,3.7,0.8181818181818182,0.0,0.0,13.0,15.0,35.4,1.2,0.625,0.0,0.0,12.0,9.0,35.5,0.9,0.8125,-1.0,12.0,-200.0,0.13333333333333333,0.2,8,18,39.2,9.0
400,202110020109,0,0,0,22,4,0,1,32,0,0,0,1,0,0,0,8,2,0,1,12,0,0,0,0,0,0,0,0,0,0,0,0,0,0,0,0,0.0,0.0,12.0,13.0,13.4,4.7,0.15384615384615385,0.0,0.0,14.0,12.0,14.7,9.9,0.14285714285714285,0.0,0.0,8.0,6.0,13.3,1.9,0.08333333333333333,-3.5,-8.0,-2050.0,0.2222222222222222,0.2222222222222222,6,11,47.0,10.0
401,202110020109,1,0,0,0,7,11,6,84,1,0,0,0,1,0,0,0,4,5,4,47,1,0,0,0,0,0,0,0,1,1,1,14,0,0,0,0,0.0,0.0,100.0,8.0,36.0,0.5,0.0625,0.0,0.0,3.0,5.0,33.4,0.3,0.5,0.0,0.0,5.0,2.0,35.0,0.1,0.2222222222222222,-3.0,4.0,0.0,0.043478260869565216,0.13043478260869565,1,2,8.0,3.0
402,202110020109,3,3,3,41,2,4,6,41,0,0,0,0,1,1,1,20,1,3,3,30,0,0,0,0,0,1,0,0,0,0,0,4,0,0,0,0,0.0,0.0,12.0,12.0,36.8,2.9,1.0,0.0,0.0,17.0,12.0,33.8,0.7,0.8888888888888888,0.0,0.0,14.0,13.0,38.2,2.1,0.21428571428571427,0.5,15.0,400.0,0.046511627906976744,0.13953488372093023,7,14,225.7,17.0
403,202110020109,0,0,1,11,0,0,0,5,0,0,0,0,0,0,0,2,0,0,0,4,0,0,0,0,0,0,0,0,0,0,0,0,0,0,0,0,0.0,0.0,16.0,14.0,35.9,1.0,0.3125,0.0,0.0,16.0,14.0,35.0,2.1,0.9375,0.0,0.0,16.0,14.0,34.9,1.5,1.0,0.0,-6.0,-600.0,0.06451612903225806,0.1935483870967742,7,15,72.4,15.0
404,202110020109,1,1,2,34,2,0,4,15,0,0,0,1,1,1,2,27,2,0,2,13,0,0,0,1,0,1,1,4,1,0,0,2,0,0,0,1,0.0,0.0,9.0,9.0,39.7,2.9,0.1,0.0,0.0,11.0,14.0,34.3,0.9,0.7777777777777778,0.0,0.0,11.0,11.0,38.1,1.9,0.6666666666666666,1.0,8.0,-200.0,0.031746031746031744,0.1111111111111111,8,16,50.0,11.0
405,202110020109,7,6,3,55,0,0,0,4,0,0,0,2,1,3,2,19,0,0,0,2,0,0,0,1,0,1,0,4,0,0,0,1,0,0,0,1,0.0,0.0,6.0,8.0,44.0,5.7,0.5,0.0,0.0,12.0,10.0,34.8,1.1,0.6666666666666666,0.0,0.0,12.0,10.0,36.2,0.8,0.6923076923076923,1.0,-22.0,-300.0,0.0273972602739726,0.1506849315068493,2,4,237.5,18.0
406,202110020109,3,4,3,36,5,2,5,58,0,0,0,0,2,1,0,15,3,1,1,25,0,0,0,0,0,0,0,1,0,0,0,2,0,0,0,0,0.0,0.0,1.0,6.0,13.2,1.2,0.21428571428571427,0.0,0.0,1.0,1.0,13.4,0.0,0.5,0.0,0.0,4.0,4.0,14.0,3.4,0.2,-1.0,0.0,-1910.0,0.0,0.15,3,6,65.3,13.0
407,202110020109,1,1,2,30,0,0,0,1,0,0,0,0,1,0,2,21,0,0,0,1,0,0,0,0,0,0,0,3,0,0,0,0,0,0,0,0,0.0,0.0,6.0,,,,0.46153846153846156,0.0,0.0,7.0,6.0,13.2,2.0,0.07692307692307693,0.0,0.0,7.0,7.0,13.2,3.7,0.35714285714285715,1.0,4.0,-1550.0,0.03125,0.125,4,8,70.1,14.0
408,202110020109,21,21,21,102,0,0,0,2,0,0,0,2,6,4,3,30,0,0,0,0,0,0,0,0,3,1,2,5,0,0,0,0,0,0,0,0,0.0,0.0,,,,,,0.0,0.0,110.0,13.0,33.8,0.7,0.8461538461538461,0.0,0.0,160.0,18.0,36.1,2.1,0.3333333333333333,5.0,,-200.0,0.12222222222222222,0.25555555555555554,1,1,102.6,16.0
409,202110020112,21,21,21,102,2,3,3,40,1,0,0,6,6,4,3,30,1,2,3,17,0,0,0,4,1,1,0,3,0,1,0,0,0,0,0,0,0.0,0.0,6.0,5.0,38.6,0.5,0.9166666666666666,0.0,0.0,16.0,15.0,34.0,1.0,1.0,0.0,0.0,10.0,9.0,34.1,0.7,0.5,2.0,9.0,-500.0,0.21052631578947367,0.21052631578947367,7,13,5.5,2.0
410,202110020112,1,1,2,34,0,0,1,10,0,0,1,1,1,1,2,27,0,0,1,7,0,0,1,1,0,0,0,0,0,0,0,0,0,0,0,0,0.0,0.0,13.0,11.0,33.3,0.8,0.3333333333333333,0.0,0.0,6.0,13.0,33.5,1.4,0.5,0.0,0.0,14.0,3.0,32.4,0.3,0.25,-4.0,2.0,200.0,0.028985507246376812,0.2753623188405797,8,15,8.6,4.0
411,202110020112,1,1,1,12,10,5,7,57,0,0,0,1,1,0,1,10,5,2,3,30,0,0,0,0,1,0,0,1,0,1,0,4,0,0,0,0,0.0,0.0,6.0,6.0,40.5,1.6,0.5454545454545454,0.0,0.0,16.0,16.0,37.3,1.3,0.3125,0.0,0.0,9.0,14.0,39.5,3.0,0.21428571428571427,4.0,-8.0,-200.0,0.14,0.22,5,10,11.4,7.0
412,202110020112,5,4,3,28,7,4,7,49,0,0,0,0,1,3,2,11,2,0,4,26,0,0,0,0,0,0,0,0,0,0,0,3,0,0,0,0,0.0,0.0,9.0,10.0,33.7,0.7,0.9,0.0,0.0,10.0,10.0,34.2,0.6,0.7142857142857143,0.0,0.0,8.0,7.0,33.9,0.6,0.7777777777777778,-1.5,6.0,0.0,0.06666666666666667,0.18666666666666668,6,11,4.3,1.0
413,202110020112,2,3,0,19,0,0,0,0,0,0,0,0,1,3,0,13,0,0,0,0,0,0,0,0,0,0,0,0,0,0,0,0,0,0,0,0,0.0,0.0,2.0,1.0,39.3,0.0,0.4166666666666667,0.0,0.0,9.0,10.0,37.0,1.6,0.5625,0.0,0.0,11.0,9.0,35.3,0.8,0.8125,4.0,19.0,-100.0,0.02702702702702703,0.14864864864864866,1,2,15.1,8.0
414,202110020112,5,4,3,28,4,2,0,8,0,1,0,0,1,3,2,11,1,1,0,4,0,1,0,0,0,0,0,0,0,0,0,0,0,0,0,0,0.0,0.0,12.0,4.0,34.8,0.6,0.8571428571428571,0.0,0.0,11.0,13.0,36.2,1.2,0.38461538461538464,0.0,0.0,13.0,12.0,33.6,0.7,0.9375,4.0,8.0,-200.0,0.0,0.041666666666666664,2,3,9.7,5.0
415,202110020112,1,0,4,12,1,1,0,30,0,0,0,1,1,0,4,10,1,0,0,14,0,0,0,1,0,0,0,0,0,0,0,0,0,0,0,0,0.0,0.0,,,,,,0.0,0.0,120.0,11.0,34.1,1.2,0.7058823529411765,0.0,0.0,100.0,12.0,35.6,0.8,0.4,1.0,,-500.0,0.07692307692307693,0.27692307692307694,4,8,9.8,6.0
416,202110020112,3,4,3,36,7,7,8,94,0,0,0,9,2,1,0,15,1,4,1,34,0,0,0,5,0,0,0,2,0,0,0,1,0,0,0,0,0.0,0.0,9.0,13.0,34.5,0.9,1.0,0.0,0.0,11.0,13.0,35.3,0.7,0.3125,0.0,0.0,12.0,11.0,33.5,0.9,0.7142857142857143,-1.0,-2.0,0.0,0.12087912087912088,0.25274725274725274,2,4,6.6,3.0
417,202110020112,2,1,1,15,3,1,0,5,1,1,0,1,1,1,0,8,3,1,0,1,1,1,0,1,0,0,0,0,0,0,0,0,0,0,0,0,0.0,0.0,10.0,6.0,35.6,0.9,0.5,0.0,0.0,10.0,9.0,34.1,0.5,0.3125,0.0,0.0,10.0,9.0,35.0,0.8,0.2857142857142857,1.5,0.0,-200.0,0.0,0.14285714285714285,7,14,24.2,10.0
418,202110020112,7,4,6,52,0,1,2,18,0,0,0,0,6,3,5,37,0,0,0,12,0,0,0,0,0,1,0,2,0,0,0,1,0,0,0,0,0.0,0.0,14.0,16.0,33.9,0.8,0.9444444444444444,0.0,0.0,12.0,10.0,34.2,0.8,0.5,0.0,0.0,5.0,1.0,34.9,0.0,0.1,-7.5,-2.0,0.0,0.07042253521126761,0.16901408450704225,8,16,42.1,12.0
419,202110020112,0,0,0,7,0,0,0,1,0,0,0,0,0,0,0,6,0,0,0,0,0,0,0,0,0,0,0,0,0,0,0,0,0,0,0,0,0.0,0.0,6.0,11.0,40.8,1.7,0.08333333333333333,0.0,0.0,5.0,15.0,42.3,3.9,0.06666666666666667,0.0,0.0,13.0,11.0,35.0,0.8,0.0625,0.0,8.0,0.0,0.03571428571428571,0.14285714285714285,4,7,50.1,13.0
420,202110020112,2,0,3,29,7,7,8,94,0,0,0,2,1,0,3,20,1,4,1,34,0,0,0,1,0,0,1,1,0,0,0,1,0,0,0,0,0.0,0.0,90.0,10.0,41.4,3.6,0.6363636363636364,0.0,0.0,150.0,12.0,34.7,1.0,0.8888888888888888,0.0,0.0,120.0,13.0,35.3,1.2,0.38461538461538464,1.5,6.0,-200.0,0.08196721311475409,0.36065573770491804,6,12,25.6,11.0
421,202110020112,1,2,0,18,0,1,2,18,0,0,0,2,1,2,0,18,0,0,0,12,0,0,0,2,0,0,0,2,0,0,0,1,0,0,0,1,0.0,0.0,20.0,1.0,42.9,0.0,0.4,0.0,0.0,90.0,13.0,34.1,0.9,0.6875,0.0,0.0,100.0,9.0,33.8,0.9,1.0,4.0,6.0,-200.0,0.045454545454545456,0.13636363636363635,3,5,22.2,9.0
422,202110020112,1,0,0,11,0,0,0,3,0,0,0,0,1,0,0,8,0,0,0,2,0,0,0,0,0,0,0,0,0,0,0,0,0,0,0,0,0.0,0.0,16.0,14.0,34.2,1.3,0.9375,0.0,0.0,11.0,9.0,34.7,0.8,0.8181818181818182,0.0,0.0,12.0,12.0,37.0,1.3,0.875,-1.0,-6.0,0.0,0.03125,0.109375,1,1,127.7,16.0
423,202110020112,1,1,2,14,0,0,0,2,0,0,0,1,0,0,1,9,0,0,0,2,0,0,0,1,0,0,0,0,0,0,0,0,0,0,0,0,0.0,0.0,13.0,16.0,36.6,1.8,0.25,0.0,0.0,7.0,15.0,33.8,1.1,0.2777777777777778,0.0,0.0,11.0,2.0,32.9,0.0,0.1111111111111111,-7.0,-8.0,0.0,0.125,0.1875,3,6,53.3,14.0
424,202110020112,2,1,1,15,0,0,0,9,0,0,0,0,1,1,0,8,0,0,0,7,0,0,0,0,0,0,0,0,0,0,0,2,0,0,0,0,0.0,0.0,10.0,50.0,42.8,1.6,0.1,0.0,0.0,180.0,180.0,35.0,2.2,0.16666666666666666,0.0,0.0,140.0,140.0,36.8,3.4,0.4,45.0,12.0,-100.0,0.037037037037037035,0.14814814814814814,5,9,58.4,15.0
425,202110020202,1,3,1,5,10,5,7,57,0,0,0,0,0,3,0,4,5,2,3,30,0,0,0,0,0,0,0,3,3,1,2,10,0,0,0,0,0.0,0.0,40.0,11.0,40.8,2.9,0.2,0.0,0.0,70.0,4.0,34.9,0.5,0.25,0.0,0.0,50.0,7.0,34.4,0.8,0.7333333333333333,-2.0,-2.0,-200.0,0.08823529411764706,0.27941176470588236,1,2,12.2,4.0
426,202110020202,3,1,1,2,0,0,0,5,0,0,0,0,3,0,1,2,0,0,0,4,0,0,0,0,1,0,0,0,0,0,0,2,0,0,0,0,0.0,0.0,12.0,6.0,36.4,0.7,0.26666666666666666,0.0,0.0,10.0,7.0,37.2,1.2,0.21428571428571427,0.0,0.0,10.0,10.0,37.1,1.2,0.8125,2.0,-2.0,0.0,0.041666666666666664,0.14583333333333334,7,15,3.9,2.0
427,202110020202,0,0,0,3,0,0,0,2,0,0,0,0,0,0,0,2,0,0,0,0,0,0,0,0,0,0,0,2,0,0,0,0,0,0,0,0,0.0,0.0,7.0,12.0,36.1,1.0,0.125,0.0,0.0,6.0,11.0,34.9,0.8,0.1875,0.0,0.0,5.0,2.0,36.1,0.1,0.14285714285714285,-5.0,6.0,0.0,0.1,0.15,8,18,15.6,6.0
428,202110020202,6,4,3,33,0,0,0,5,0,0,0,0,4,1,0,15,0,0,0,4,0,0,0,0,0,1,0,7,0,0,0,2,0,0,0,0,0.0,0.0,8.0,9.0,37.6,2.2,0.7,0.0,0.0,9.0,15.0,38.8,3.0,0.6111111111111112,0.0,0.0,11.0,10.0,35.4,0.5,0.1111111111111111,0.5,0.0,380.0,0.0,0.25,7,13,2.7,1.0
429,202110020202,0,2,3,6,2,0,4,15,0,0,0,0,0,2,2,4,2,0,2,13,0,0,0,0,0,1,1,2,0,0,0,5,0,0,0,0,0.0,0.0,6.0,2.0,38.0,0.6,0.09090909090909091,0.0,0.0,15.0,15.0,40.9,2.4,0.06666666666666667,0.0,0.0,8.0,11.0,36.7,1.1,0.14285714285714285,4.5,5.0,300.0,0.07142857142857142,0.07142857142857142,6,12,9.5,3.0
430,202110020202,0,0,0,3,2,4,6,41,0,0,0,1,0,0,0,1,1,3,3,30,0,0,0,1,0,0,0,0,1,2,0,10,0,0,0,0,0.0,0.0,20.0,50.0,40.5,2.5,0.18181818181818182,0.0,0.0,120.0,110.0,34.6,1.7,0.6666666666666666,0.0,0.0,140.0,120.0,35.9,1.2,0.6875,35.0,23.0,-400.0,0.0,0.21428571428571427,2,3,34.7,11.0
431,202110020202,7,4,6,52,1,0,2,14,0,0,0,0,6,3,5,37,1,0,1,11,0,0,0,0,1,2,3,10,1,0,1,3,0,0,0,0,0.0,0.0,50.0,4.0,43.2,2.7,0.5384615384615384,0.0,0.0,100.0,10.0,35.8,1.2,0.7222222222222222,0.0,0.0,50.0,5.0,35.4,0.6,0.6666666666666666,0.5,16.0,-300.0,0.029850746268656716,0.1044776119402985,2,4,22.5,9.0
432,202110020202,15,7,8,83,0,0,1,9,0,0,0,0,10,4,5,49,0,0,0,3,0,0,0,0,6,2,1,20,0,0,0,3,0,0,0,0,0.0,0.0,9.0,6.0,41.6,1.6,0.16666666666666666,0.0,0.0,13.0,13.0,35.3,1.0,0.6875,0.0,0.0,7.0,12.0,36.8,1.7,0.25,3.0,-3.0,0.0,0.0,0.19047619047619047,6,11,21.2,8.0
433,202110020202,6,4,7,72,4,0,1,32,0,0,0,6,1,0,0,11,2,0,1,12,0,0,0,2,1,0,0,5,1,0,0,7,0,0,0,0,0.0,0.0,11.0,8.0,35.2,1.1,0.8235294117647058,0.0,0.0,13.0,8.0,37.0,1.1,0.8666666666666667,0.0,0.0,12.0,15.0,34.4,0.8,0.7777777777777778,3.5,-4.0,0.0,0.08064516129032258,0.3548387096774194,3,5,42.4,13.0
434,202110020202,0,0,0,7,7,11,6,84,0,0,0,0,0,0,0,6,4,5,4,47,0,0,0,0,0,0,0,2,2,2,1,9,0,0,0,0,0.0,0.0,10.0,10.0,40.1,3.1,1.0,0.0,0.0,8.0,12.0,39.3,1.7,0.3125,0.0,0.0,4.0,6.0,38.2,1.0,0.2,-2.0,25.0,-200.0,0.030303030303030304,0.12121212121212122,5,10,49.5,14.0
435,202110020202,0,0,1,4,8,4,5,73,0,0,0,0,0,0,0,1,1,1,0,24,0,0,0,0,0,0,0,0,0,0,0,8,0,0,0,0,0.0,0.0,,,,,,0.0,0.0,100.0,110.0,35.4,0.8,0.3888888888888889,0.0,0.0,110.0,60.0,36.2,0.8,0.3125,-50.0,,350.0,0.025974025974025976,0.15584415584415584,7,14,31.6,10.0
436,202110020202,0,1,0,9,0,0,1,3,0,0,0,0,0,0,0,5,0,0,1,2,0,0,0,0,0,0,0,3,0,0,1,1,0,0,0,0,0.0,0.0,5.0,3.0,41.1,1.0,0.45454545454545453,0.0,0.0,14.0,12.0,36.5,1.3,0.625,0.0,0.0,7.0,6.0,35.0,0.8,0.8181818181818182,1.5,11.0,-500.0,0.0,0.25925925925925924,4,7,12.3,5.0
437,202110020202,0,0,0,8,0,0,0,1,0,0,0,0,0,0,0,7,0,0,0,1,0,0,0,0,0,0,0,2,0,0,0,0,0,0,0,0,0.0,0.0,8.0,5.0,40.4,2.6,0.5833333333333334,0.0,0.0,9.0,12.0,45.3,5.7,0.16666666666666666,0.0,0.0,11.0,12.0,35.9,1.2,0.25,3.5,24.0,-200.0,0.06666666666666667,0.16,8,17,42.2,12.0
438,202110020202,7,4,6,52,1,0,1,17,0,0,0,1,6,3,5,37,1,0,0,11,0,0,0,1,1,2,3,10,0,0,0,4,0,0,0,1,0.0,0.0,10.0,8.0,38.4,2.0,0.7,0.0,0.0,12.0,14.0,37.7,2.6,0.375,0.0,0.0,11.0,12.0,39.5,3.1,0.75,2.0,7.0,0.0,0.11702127659574468,0.24468085106382978,5,9,17.0,7.0
439,202110020202,0,1,1,15,0,0,0,2,0,0,0,0,0,1,1,12,0,0,0,2,0,0,0,0,0,1,1,7,0,0,0,1,0,0,0,0,0.0,0.0,2.0,2.0,37.3,0.0,0.6666666666666666,0.0,0.0,13.0,13.0,39.4,1.9,0.25,0.0,0.0,9.0,11.0,37.8,1.7,0.75,4.5,11.0,300.0,0.06666666666666667,0.2222222222222222,8,16,153.2,15.0
440,202110020202,0,0,0,1,0,0,1,1,0,0,0,0,0,0,0,1,0,0,1,1,0,0,0,0,0,0,0,0,0,0,1,0,0,0,0,0,0.0,0.0,70.0,100.0,43.9,4.1,0.2,0.0,0.0,110.0,120.0,44.0,7.1,0.16666666666666666,0.0,0.0,120.0,130.0,42.5,4.9,0.14285714285714285,15.0,16.0,-200.0,0.045454545454545456,0.13636363636363635,4,8,162.6,16.0
441,202110020202,2,0,3,29,7,7,8,94,0,0,0,2,1,0,3,20,1,4,1,34,0,0,0,1,1,0,1,11,1,1,1,14,0,0,0,0,0.0,0.0,40.0,60.0,40.4,1.6,0.42857142857142855,0.0,0.0,180.0,170.0,38.2,4.8,1.0,0.0,0.0,160.0,150.0,39.2,3.4,0.875,45.0,11.0,-300.0,0.044444444444444446,0.13333333333333333,3,6,343.7,18.0
442,202110020202,0,1,0,10,0,0,0,4,0,0,0,0,0,1,0,4,0,0,0,2,0,0,0,0,0,0,0,3,0,0,0,1,0,0,0,0,0.0,0.0,,,,,,0.0,0.0,140.0,15.0,35.5,2.8,0.75,0.0,0.0,170.0,18.0,41.5,7.1,0.6111111111111112,3.0,,0.0,0.043478260869565216,0.13043478260869565,1,1,255.6,17.0
443,202110020206,7,4,6,52,1,0,2,14,0,0,0,0,6,3,5,37,1,0,1,11,0,0,0,0,3,0,0,9,0,0,0,2,0,0,0,0,0.0,0.0,12.0,15.0,36.5,3.6,0.5625,0.0,0.0,13.0,1.0,34.4,0.0,0.07142857142857142,0.0,0.0,14.0,16.0,36.0,2.8,1.0,0.5,-16.0,0.0,0.044444444444444446,0.13333333333333333,2,4,31.9,10.0
444,202110020206,0,0,1,11,2,4,6,41,0,0,0,0,0,0,0,2,1,3,3,30,0,0,0,0,0,0,0,0,0,0,0,4,0,0,0,0,0.0,0.0,12.0,11.0,38.0,2.5,1.0,0.0,0.0,12.0,14.0,34.6,1.0,0.8823529411764706,0.0,0.0,6.0,8.0,36.1,2.2,0.8,-1.5,0.0,-1200.0,0.0,0.13043478260869565,4,7,4.7,3.0
445,202110020206,7,4,6,52,2,0,0,6,1,0,0,3,6,3,5,37,2,0,0,6,1,0,0,3,3,0,0,9,1,0,0,3,0,0,0,3,0.0,0.0,150.0,15.0,38.2,2.3,0.6875,0.0,0.0,120.0,13.0,34.5,1.0,0.7222222222222222,0.0,0.0,70.0,7.0,34.2,0.6,0.25,-4.0,18.0,0.0,0.11578947368421053,0.24210526315789474,4,8,4.1,1.0
446,202110020206,2,3,0,19,0,2,0,19,0,0,0,2,1,3,0,13,0,0,0,9,0,0,0,2,0,0,0,3,0,0,0,2,0,0,0,0,0.0,0.0,8.0,15.0,36.4,1.8,0.3333333333333333,0.0,0.0,9.0,14.0,36.2,1.8,0.7142857142857143,0.0,0.0,14.0,4.0,35.0,0.2,0.23529411764705882,-5.5,0.0,0.0,0.02564102564102564,0.15384615384615385,8,17,55.1,14.0
447,202110020206,1,1,2,14,0,2,0,19,0,0,0,0,0,0,1,9,0,0,0,9,0,0,0,0,0,0,1,0,0,0,0,2,0,0,0,0,0.0,0.0,11.0,13.0,13.3,2.7,0.5,0.0,0.0,7.0,1.0,13.2,0.0,0.4,0.0,0.0,11.0,6.0,13.2,3.4,0.7272727272727273,-3.5,-4.0,-1650.0,0.0,0.2,8,15,21.0,8.0
448,202110020206,0,0,1,11,0,0,0,3,0,0,0,1,0,0,0,2,0,0,0,1,0,0,0,0,0,0,0,0,0,0,0,1,0,0,0,0,0.0,0.0,6.0,9.0,13.8,5.9,0.7272727272727273,0.0,0.0,11.0,10.0,13.6,2.3,0.5714285714285714,0.0,0.0,11.0,12.0,35.9,1.3,0.9375,1.5,-4.0,-1660.0,0.22727272727272727,0.2727272727272727,5,10,20.9,7.0
449,202110020206,4,8,9,52,0,2,3,11,0,1,1,1,4,7,6,44,0,2,3,5,0,1,1,1,1,2,2,20,0,1,0,1,0,1,0,1,0.0,0.0,6.0,4.0,40.5,0.4,1.0,0.0,0.0,6.0,11.0,36.1,3.2,1.0,0.0,0.0,10.0,6.0,38.4,2.5,0.38461538461538464,1.0,8.0,-200.0,0.028169014084507043,0.28169014084507044,6,11,4.5,2.0
450,202110020206,21,21,21,102,1,0,1,0,0,0,0,0,6,4,3,30,1,0,1,0,0,0,0,0,3,1,2,5,0,0,0,0,0,0,0,0,0.0,0.0,12.0,14.0,36.9,3.1,0.35714285714285715,0.0,0.0,7.0,11.0,37.7,0.9,0.6,0.0,0.0,5.0,11.0,36.7,1.4,0.8,-1.5,0.0,-400.0,0.1320754716981132,0.22641509433962265,3,5,6.8,4.0
451,202110020206,0,0,0,8,0,0,1,14,0,0,0,4,0,0,0,5,0,0,1,7,0,0,0,4,0,0,0,0,0,0,0,1,0,0,0,0,0.0,0.0,9.0,9.0,41.3,7.8,1.0,0.0,0.0,15.0,15.0,34.7,1.0,0.9375,0.0,0.0,12.0,7.0,35.5,0.4,0.6666666666666666,-1.0,32.0,-200.0,0.029411764705882353,0.10294117647058823,7,13,151.6,16.0
452,202110020206,1,0,2,17,6,8,5,64,0,0,0,0,1,0,2,11,3,2,0,30,0,0,0,0,0,0,0,3,1,1,0,5,0,0,0,0,0.0,0.0,7.0,14.0,34.0,0.8,0.9444444444444444,0.0,0.0,14.0,12.0,35.2,0.8,0.7777777777777778,0.0,0.0,2.0,14.0,36.1,1.6,0.4375,0.0,-6.0,0.0,0.10144927536231885,0.2898550724637681,1,1,24.8,9.0
453,202110020206,1,1,2,34,2,5,2,19,1,1,0,0,1,1,2,27,1,4,2,9,1,1,0,0,0,1,1,4,0,3,0,0,0,1,0,0,0.0,0.0,110.0,12.0,41.7,3.5,0.5,0.0,0.0,40.0,7.0,36.1,0.9,0.75,0.0,0.0,80.0,11.0,37.0,1.0,0.0625,-0.5,9.0,-100.0,0.029411764705882353,0.11764705882352941,2,3,141.8,15.0
454,202110020206,0,1,1,14,0,0,0,16,0,0,0,1,0,1,1,13,0,0,0,5,0,0,0,1,0,0,0,2,0,0,0,0,0,0,0,0,0.0,0.0,8.0,13.0,39.5,1.7,0.125,0.0,0.0,3.0,11.0,36.9,2.6,0.36363636363636365,0.0,0.0,10.0,16.0,34.3,1.2,0.6875,1.5,0.0,0.0,0.10526315789473684,0.15789473684210525,3,6,19.4,6.0
455,202110020206,15,7,8,83,0,2,0,19,0,0,0,2,10,4,5,49,0,0,0,9,0,0,0,2,1,1,2,15,0,0,0,2,0,0,0,2,0.0,0.0,16.0,16.0,38.3,1.8,0.5625,0.0,0.0,14.0,10.0,36.1,0.7,0.1875,0.0,0.0,12.0,12.0,37.6,1.5,0.25,-2.0,4.0,0.0,0.0,0.18181818181818182,8,16,54.2,13.0
456,202110020206,4,8,9,52,6,6,4,55,0,0,0,3,4,7,6,44,1,1,3,27,0,0,0,3,1,2,2,20,1,0,0,8,0,0,0,1,0.0,0.0,30.0,5.0,39.1,1.3,0.4,0.0,0.0,140.0,16.0,37.0,2.4,0.5625,0.0,0.0,170.0,14.0,34.9,0.5,0.7058823529411765,4.5,-9.0,-100.0,0.0,0.06521739130434782,6,12,204.4,17.0
457,202110020206,2,3,0,19,1,2,0,7,0,2,0,0,1,3,0,13,1,2,0,4,0,2,0,0,0,0,0,3,0,0,0,0,0,0,0,0,0.0,0.0,11.0,13.0,38.4,1.8,0.6,0.0,0.0,4.0,10.0,38.3,1.5,0.38461538461538464,0.0,0.0,10.0,12.0,36.4,1.4,0.16666666666666666,-0.5,0.0,0.0,0.046511627906976744,0.20930232558139536,7,14,45.4,12.0
458,202110020206,0,0,1,11,0,0,1,3,0,0,0,0,0,0,0,2,0,0,0,1,0,0,0,0,0,0,0,0,0,0,0,0,0,0,0,0,0.0,0.0,15.0,14.0,36.9,1.9,0.875,0.0,0.0,18.0,17.0,37.2,1.6,0.5555555555555556,0.0,0.0,18.0,14.0,35.6,1.0,0.8333333333333334,0.0,-12.0,0.0,0.07692307692307693,0.07692307692307693,5,9,32.4,11.0
459,202110020206,3,3,3,41,2,3,3,40,0,0,1,1,1,1,1,20,1,2,3,17,0,0,1,1,0,1,0,0,0,0,0,2,0,0,0,0,0.0,0.0,110.0,9.0,43.3,3.6,0.8181818181818182,0.0,0.0,110.0,8.0,36.7,1.4,0.5333333333333333,0.0,0.0,120.0,8.0,37.5,1.0,0.4666666666666667,-0.5,7.0,-400.0,0.0684931506849315,0.1643835616438356,1,2,9.5,5.0
460,202110020211,7,4,6,52,2,0,4,15,0,0,0,0,6,3,5,37,2,0,2,13,0,0,0,0,0,0,1,0,0,0,0,0,0,0,0,0,0.0,0.0,16.0,16.0,34.3,1.1,1.0,0.0,0.0,10.0,9.0,33.1,1.2,0.9230769230769231,0.0,0.0,10.0,10.0,33.1,0.9,0.75,-3.0,-2.0,0.0,0.045454545454545456,0.20454545454545456,7,14,9.7,4.0
461,202110020211,15,7,8,83,4,8,8,33,0,2,2,4,10,4,5,49,0,4,5,21,0,1,1,3,0,0,1,1,0,1,0,2,0,0,0,0,0.0,0.0,18.0,16.0,33.4,1.1,0.6666666666666666,0.0,0.0,11.0,10.0,36.2,0.8,0.4375,0.0,0.0,13.0,17.0,35.2,2.0,0.1111111111111111,0.5,0.0,0.0,0.0425531914893617,0.1276595744680851,2,4,4.0,1.0
462,202110020211,7,4,6,52,1,1,0,3,1,1,0,1,6,3,5,37,1,1,0,3,1,1,0,1,0,0,1,0,0,0,0,0,0,0,0,0,0.0,0.0,3.0,8.0,13.8,1.7,0.3076923076923077,0.0,0.0,1.0,1.0,13.2,0.0,0.21428571428571427,0.0,0.0,1.0,3.0,13.4,0.7,0.18181818181818182,-2.5,-4.0,-1970.0,0.23809523809523808,0.23809523809523808,7,15,14.4,5.0
463,202110020211,0,0,0,0,0,2,2,3,0,0,0,0,0,0,0,0,0,0,0,0,0,0,0,0,0,0,0,0,0,0,0,0,0,0,0,0,0.0,0.0,4.0,9.0,40.6,3.7,0.8888888888888888,0.0,0.0,18.0,17.0,36.6,2.0,0.1111111111111111,0.0,0.0,11.0,11.0,35.2,0.8,0.8125,1.0,-7.0,-100.0,0.1111111111111111,0.16666666666666666,8,18,50.4,15.0
464,202110020211,15,7,8,83,6,6,4,55,0,0,1,0,10,4,5,49,1,1,3,27,0,0,1,0,0,0,1,1,0,0,1,1,0,0,1,0,0.0,0.0,13.0,10.0,34.4,0.6,0.4375,0.0,0.0,2.0,5.0,33.7,0.4,0.7222222222222222,0.0,0.0,7.0,3.0,33.7,0.4,0.625,-3.5,-2.0,0.0,0.06493506493506493,0.18181818181818182,4,7,5.1,2.0
465,202110020211,0,2,0,1,2,3,3,40,0,1,0,0,0,2,0,1,1,2,3,17,0,1,0,0,0,0,0,0,0,0,0,0,0,0,0,0,0.0,0.0,10.0,18.0,34.5,2.2,0.6111111111111112,0.0,0.0,12.0,7.0,34.1,0.6,0.375,0.0,0.0,12.0,8.0,34.5,0.4,0.5625,-5.0,8.0,200.0,0.044444444444444446,0.13333333333333333,4,8,16.8,6.0
466,202110020211,21,21,21,102,2,2,3,21,1,2,1,1,6,4,3,30,2,2,1,9,1,2,0,1,0,0,0,2,0,0,0,1,0,0,0,1,0.0,0.0,14.0,7.0,34.4,0.5,0.16666666666666666,0.0,0.0,14.0,11.0,36.1,0.5,0.1875,0.0,0.0,14.0,17.0,36.7,3.2,0.1111111111111111,5.0,-2.0,0.0,0.02631578947368421,0.15789473684210525,8,17,44.4,14.0
467,202110020211,15,7,8,83,2,6,2,52,1,1,0,6,10,4,5,49,1,4,2,42,1,0,0,5,0,0,1,1,0,0,0,3,0,0,0,0,0.0,0.0,10.0,9.0,39.8,1.5,0.7,0.0,0.0,10.0,13.0,34.8,0.8,0.29411764705882354,0.0,0.0,16.0,17.0,36.8,2.8,0.47058823529411764,4.0,11.0,-200.0,0.11827956989247312,0.24731182795698925,5,9,5.1,3.0
468,202110020211,5,4,3,28,2,0,4,15,1,0,0,0,1,3,2,11,2,0,2,13,1,0,0,0,0,0,0,0,0,0,0,0,0,0,0,0,0.0,0.0,8.0,5.0,34.8,0.5,0.2222222222222222,0.0,0.0,15.0,15.0,34.6,1.3,0.26666666666666666,0.0,0.0,17.0,17.0,35.1,1.2,0.2777777777777778,6.0,2.0,200.0,0.07317073170731707,0.12195121951219512,1,2,30.4,11.0
469,202110020211,1,1,2,34,0,0,1,3,0,0,1,2,1,1,2,27,0,0,1,2,0,0,1,2,0,0,0,0,0,0,0,0,0,0,0,0,0.0,0.0,30.0,40.0,39.2,1.5,0.9,0.0,0.0,140.0,130.0,37.7,2.3,0.8125,0.0,0.0,170.0,150.0,34.3,1.0,0.9444444444444444,55.0,4.0,-300.0,0.02857142857142857,0.2857142857142857,1,1,19.4,9.0
470,202110020211,3,6,1,31,3,3,1,14,2,1,0,5,3,2,0,14,3,1,1,5,2,0,0,3,1,0,0,0,1,0,0,0,1,0,0,0,0.0,0.0,80.0,7.0,40.6,1.9,0.7272727272727273,0.0,0.0,70.0,13.0,36.5,1.4,0.9333333333333333,0.0,0.0,140.0,12.0,34.8,1.3,0.625,2.5,18.0,-200.0,0.0975609756097561,0.17073170731707318,6,12,32.0,12.0
471,202110020211,15,7,8,83,7,11,6,84,2,3,1,10,10,4,5,49,4,5,4,47,1,2,1,4,0,0,1,1,0,0,0,1,0,0,0,0,0.0,0.0,13.0,15.0,36.5,2.0,0.875,0.0,0.0,12.0,12.0,33.3,1.2,1.0,0.0,0.0,15.0,12.0,34.1,0.8,1.0,-1.5,-2.0,0.0,0.08955223880597014,0.2835820895522388,3,5,66.6,16.0
472,202110020211,0,2,0,11,0,2,3,11,0,1,0,1,0,2,0,11,0,2,3,5,0,1,0,1,0,0,0,1,0,0,0,0,0,0,0,0,0.0,0.0,160.0,14.0,33.9,0.9,0.7647058823529411,0.0,0.0,140.0,13.0,34.2,0.7,0.7777777777777778,0.0,0.0,130.0,10.0,34.6,0.8,0.75,-2.0,0.0,0.0,0.1346153846153846,0.23076923076923078,6,11,18.4,8.0
473,202110020211,15,7,8,83,2,3,3,40,1,0,0,0,10,4,5,49,1,2,3,17,1,0,0,0,0,0,1,1,0,0,0,0,0,0,0,0,0.0,0.0,11.0,15.0,34.8,0.8,0.13333333333333333,0.0,0.0,3.0,13.0,35.9,1.1,0.0625,0.0,0.0,5.0,2.0,35.4,0.0,0.0625,-6.5,-2.0,0.0,0.06756756756756757,0.16216216216216217,3,6,22.8,10.0
474,202110020211,15,7,8,83,0,0,1,14,0,0,0,0,10,4,5,49,0,0,1,7,0,0,0,0,0,0,1,1,0,0,0,0,0,0,0,0,0.0,0.0,8.0,3.0,34.5,0.0,0.2,0.0,0.0,16.0,9.0,35.0,0.5,0.16666666666666666,0.0,0.0,12.0,11.0,35.5,0.8,0.125,4.0,4.0,0.0,0.06666666666666667,0.06666666666666667,8,16,17.3,7.0
475,202110020211,1,1,2,34,1,0,0,9,0,0,0,1,1,1,2,27,1,0,0,8,0,0,0,1,0,0,0,0,0,0,0,1,0,0,0,0,0.0,0.0,5.0,10.0,35.4,0.7,0.125,0.0,0.0,12.0,2.0,34.7,0.0,0.125,0.0,0.0,6.0,14.0,34.0,1.2,0.1111111111111111,2.0,4.0,0.0,0.030303030303030304,0.10606060606060606,5,10,71.0,17.0
476,202110020211,7,4,6,52,1,5,2,15,0,0,0,0,6,3,5,37,0,1,1,9,0,0,0,0,0,0,1,0,0,0,0,2,0,0,0,0,0.0,0.0,5.0,,,,0.15384615384615385,0.0,0.0,5.0,1.0,13.1,0.0,0.2857142857142857,0.0,0.0,9.0,8.0,13.2,1.1,0.38461538461538464,7.0,2.0,-2190.0,0.0625,0.1875,2,3,34.3,13.0
477,202110020211,1,2,0,18,7,7,8,94,0,2,0,3,1,2,0,18,1,4,1,34,0,2,0,3,0,0,0,1,0,0,0,2,0,0,0,0,0.0,0.0,18.0,18.0,34.6,1.1,0.5555555555555556,0.0,0.0,11.0,10.0,35.1,0.6,0.125,0.0,0.0,1.0,15.0,35.7,2.3,0.16666666666666666,-1.5,-4.0,0.0,0.0,0.07142857142857142,7,13,102.9,18.0
478,202110020302,1,3,1,5,6,8,5,64,0,1,0,1,0,3,0,4,3,2,0,30,0,1,0,1,0,0,0,3,0,0,0,14,0,0,0,1,0.0,0.0,10.0,16.0,39.3,2.1,0.4375,0.0,0.0,10.0,15.0,37.0,1.3,0.0625,0.0,0.0,9.0,14.0,35.5,1.0,0.05555555555555555,-1.0,10.0,0.0,0.11224489795918367,0.24489795918367346,7,13,8.3,4.0
479,202110020302,15,7,8,83,7,4,7,49,1,0,1,5,10,4,5,49,2,0,4,26,1,0,0,4,6,2,1,20,2,0,2,10,1,0,0,1,0.0,0.0,40.0,3.0,36.1,0.4,0.5,0.0,0.0,30.0,10.0,41.2,2.4,0.1875,0.0,0.0,30.0,7.0,37.1,1.4,0.2222222222222222,2.0,-6.0,0.0,0.05714285714285714,0.17142857142857143,8,17,7.4,3.0
480,202110020302,0,0,0,5,1,0,1,17,0,0,0,0,0,0,0,3,1,0,0,11,0,0,0,0,0,0,0,1,0,0,0,4,0,0,0,0,0.0,0.0,6.0,7.0,41.1,3.3,0.875,0.0,0.0,7.0,13.0,41.2,3.7,0.9285714285714286,0.0,0.0,3.0,8.0,34.8,1.0,0.8125,0.5,18.0,-200.0,0.0,0.2413793103448276,1,2,2.1,1.0
481,202110020302,11,13,9,84,7,11,6,84,3,2,2,7,2,3,4,26,4,5,4,47,1,0,1,4,0,2,2,15,2,2,1,9,0,0,0,0,0.0,0.0,1.0,11.0,42.8,3.1,0.5,0.0,0.0,5.0,8.0,40.6,2.1,0.07692307692307693,0.0,0.0,5.0,2.0,40.5,1.4,0.06666666666666667,-4.5,-3.0,-200.0,0.02702702702702703,0.28378378378378377,3,6,33.1,9.0
482,202110020302,3,2,0,7,0,0,0,0,0,0,0,0,3,2,0,7,0,0,0,0,0,0,0,0,1,2,0,2,0,0,0,0,0,0,0,0,0.0,0.0,13.0,11.0,33.7,1.8,0.7777777777777778,0.0,0.0,12.0,10.0,35.5,1.6,0.8125,0.0,0.0,7.0,6.0,36.5,0.6,0.8666666666666667,-2.5,-6.0,200.0,0.08695652173913043,0.17391304347826086,8,18,30.1,8.0
483,202110020302,1,1,2,34,2,4,6,41,0,0,0,1,1,1,2,27,1,3,3,30,0,0,0,1,1,0,0,14,1,2,0,10,0,0,0,0,0.0,0.0,110.0,11.0,41.8,2.6,0.9166666666666666,0.0,0.0,120.0,16.0,36.7,1.5,0.1111111111111111,0.0,0.0,100.0,6.0,34.6,0.9,0.5555555555555556,-2.5,20.0,-200.0,0.028985507246376812,0.10144927536231885,7,15,36.0,10.0
484,202110020302,1,1,0,4,1,0,1,17,0,0,0,0,0,0,0,1,1,0,0,11,0,0,0,0,0,0,0,1,0,0,0,4,0,0,0,0,0.0,0.0,6.0,7.0,34.7,1.0,0.5555555555555556,0.0,0.0,4.0,2.0,35.3,0.2,0.6111111111111112,0.0,0.0,9.0,7.0,35.6,0.3,0.4444444444444444,0.0,-2.0,0.0,0.025,0.15,1,1,16.3,6.0
485,202110020302,1,3,1,5,0,1,0,2,0,1,0,0,0,3,0,4,0,1,0,2,0,1,0,0,0,0,0,3,0,0,0,0,0,0,0,0,0.0,0.0,5.0,6.0,39.8,0.7,0.08333333333333333,0.0,0.0,14.0,14.0,36.1,1.5,0.35294117647058826,0.0,0.0,2.0,7.0,34.7,0.4,0.5555555555555556,0.5,10.0,-200.0,0.2,0.24,5,10,46.7,13.0
486,202110020302,0,0,0,8,1,0,0,3,0,0,0,0,0,0,0,7,1,0,0,3,0,0,0,0,0,0,0,2,0,0,0,0,0,0,0,0,0.0,0.0,20.0,50.0,40.0,0.7,0.3333333333333333,0.0,0.0,140.0,180.0,39.0,4.2,0.2777777777777778,0.0,0.0,40.0,50.0,33.5,1.0,0.5,0.0,29.0,-200.0,0.0625,0.22916666666666666,8,16,29.1,7.0
487,202110020302,0,0,1,11,0,0,0,1,0,0,0,0,0,0,0,2,0,0,0,1,0,0,0,0,0,0,0,2,0,0,0,1,0,0,0,0,0.0,0.0,60.0,3.0,39.7,0.4,0.16666666666666666,0.0,0.0,50.0,7.0,38.3,1.8,0.4666666666666667,0.0,0.0,30.0,5.0,38.6,1.2,0.3333333333333333,1.0,14.0,-300.0,0.0,0.17647058823529413,4,7,11.5,5.0
488,202110020302,0,0,0,1,0,0,0,0,0,0,0,0,0,0,0,1,0,0,0,0,0,0,0,0,0,0,0,0,0,0,0,0,0,0,0,0,0.0,0.0,9.0,9.0,35.0,1.1,0.25,0.0,0.0,8.0,7.0,33.4,0.7,1.0,0.0,0.0,13.0,9.0,33.7,0.6,0.875,0.0,-2.0,-200.0,0.0625,0.175,3,5,6.5,2.0
489,202110020302,6,4,3,33,0,2,1,10,0,0,0,0,4,1,0,15,0,1,0,4,0,0,0,0,0,1,0,7,0,0,0,3,0,0,0,0,0.0,0.0,10.0,6.0,39.8,1.7,1.0,0.0,0.0,10.0,14.0,39.4,3.5,0.6875,0.0,0.0,15.0,12.0,36.0,1.6,0.1111111111111111,3.0,24.0,-200.0,0.06666666666666667,0.13333333333333333,7,14,87.0,15.0
490,202110020302,4,8,9,52,10,5,7,57,1,0,0,3,4,7,6,44,5,2,3,30,1,0,0,3,1,3,1,11,3,1,2,10,0,0,0,1,0.0,0.0,40.0,4.0,40.0,0.5,0.2857142857142857,0.0,0.0,130.0,13.0,35.0,0.8,0.6428571428571429,0.0,0.0,140.0,8.0,36.3,0.8,0.4375,2.0,26.0,-200.0,0.10256410256410256,0.15384615384615385,6,11,50.7,14.0
491,202110020302,0,3,1,26,7,7,8,94,0,0,0,4,0,2,0,10,1,4,1,34,0,0,0,0,0,0,0,3,1,1,1,14,0,0,0,0,0.0,0.0,6.0,,,,0.8,0.0,0.0,13.0,9.0,37.0,2.0,0.6428571428571429,0.0,0.0,18.0,14.0,35.0,1.7,0.7222222222222222,5.0,-8.0,-700.0,0.0641025641025641,0.16666666666666666,2,3,433.0,18.0
492,202110020302,0,2,3,6,1,0,2,14,0,0,0,0,0,2,2,4,1,0,1,11,0,0,0,0,0,1,1,2,1,0,1,3,0,0,0,0,0.0,0.0,30.0,7.0,44.3,6.6,0.14285714285714285,0.0,0.0,170.0,15.0,35.0,1.6,0.9411764705882353,0.0,0.0,160.0,15.0,34.9,1.8,0.8888888888888888,4.0,10.0,200.0,0.027777777777777776,0.1111111111111111,2,4,254.2,16.0
493,202110020302,0,2,3,6,5,2,5,58,0,0,0,0,0,2,2,4,3,1,1,25,0,0,0,0,0,1,1,2,0,0,0,10,0,0,0,0,0.0,0.0,3.0,4.0,39.0,0.4,0.1111111111111111,0.0,0.0,12.0,15.0,40.7,3.3,0.125,0.0,0.0,12.0,16.0,36.9,2.4,0.05555555555555555,6.0,-21.0,-600.0,0.14285714285714285,0.23214285714285715,5,9,43.8,12.0
494,202110020302,3,4,3,36,2,3,3,40,0,0,0,0,2,1,0,15,1,2,3,17,0,0,0,0,0,0,0,7,1,1,2,5,0,0,0,0,0.0,0.0,17.0,17.0,36.4,3.7,0.9444444444444444,0.0,0.0,13.0,14.0,40.3,2.1,0.3125,0.0,0.0,11.0,12.0,37.4,1.5,0.14285714285714285,-2.5,4.0,0.0,0.09722222222222222,0.2777777777777778,6,12,374.5,17.0
495,202110020302,1,0,2,5,1,0,0,1,0,0,0,0,0,0,0,2,0,0,0,0,0,0,0,0,0,0,0,1,0,0,0,0,0,0,0,0,0.0,0.0,80.0,10.0,40.5,2.1,1.0,0.0,0.0,80.0,13.0,39.7,2.4,0.26666666666666666,0.0,0.0,110.0,18.0,38.1,4.7,0.7222222222222222,4.0,15.0,-100.0,0.0625,0.0625,4,8,42.1,11.0
496,202110020310,7,6,3,55,2,6,2,52,0,0,0,3,1,3,2,19,1,4,2,42,0,0,0,2,0,1,0,4,0,0,1,6,0,0,0,0,0.0,0.0,20.0,6.0,35.7,0.6,0.47058823529411764,0.0,0.0,30.0,2.0,34.5,0.2,0.36363636363636365,0.0,0.0,30.0,1.0,35.4,0.0,0.4666666666666667,-2.5,-26.0,0.0,0.12727272727272726,0.21818181818181817,2,2,3.6,2.0
497,202110020310,7,6,3,55,0,0,0,3,0,0,0,0,1,3,2,19,0,0,0,0,0,0,0,0,0,1,0,4,0,0,0,0,0,0,0,0,0.0,0.0,20.0,2.0,34.2,0.0,1.0,0.0,0.0,80.0,5.0,34.2,0.6,0.6666666666666666,0.0,0.0,110.0,3.0,34.6,0.2,0.6666666666666666,0.5,0.0,0.0,0.06521739130434782,0.21739130434782608,5,7,2.6,1.0
498,202110020310,4,8,9,52,0,1,0,3,0,0,0,2,4,7,6,44,0,0,0,2,0,0,0,2,1,2,2,20,0,0,0,2,0,0,0,2,0.0,0.0,8.0,9.0,41.4,3.4,0.5,0.0,0.0,10.0,13.0,37.8,1.4,0.8125,0.0,0.0,16.0,8.0,34.7,0.5,0.2777777777777778,-0.5,-4.0,-200.0,0.07142857142857142,0.07142857142857142,6,10,42.7,12.0
499,202110020310,7,4,3,27,8,4,5,73,1,1,0,0,0,1,0,8,1,1,0,24,0,1,0,0,0,1,0,1,0,1,0,6,0,1,0,0,0.0,0.0,4.0,3.0,34.1,0.3,0.16666666666666666,0.0,0.0,12.0,2.0,33.7,0.1,0.6666666666666666,0.0,0.0,11.0,9.0,35.0,0.5,0.625,3.0,0.0,0.0,0.04,0.16,5,8,6.7,3.0
500,202110020310,6,4,7,72,3,3,1,14,0,0,0,3,1,0,0,11,3,1,1,5,0,0,0,1,0,0,0,2,0,0,0,4,0,0,0,0,0.0,0.0,9.0,5.0,34.7,0.3,0.5454545454545454,0.0,0.0,10.0,6.0,34.2,0.5,0.23529411764705882,0.0,0.0,6.0,6.0,36.6,0.7,0.5,0.5,2.0,-200.0,0.1134020618556701,0.24742268041237114,8,13,32.6,11.0
501,202110020310,15,7,8,83,7,6,1,71,1,1,0,3,10,4,5,49,5,4,0,35,1,1,0,3,1,1,2,15,1,0,0,4,0,0,0,1,0.0,0.0,5.0,5.0,41.8,1.6,0.8888888888888888,0.0,0.0,14.0,17.0,37.3,2.1,0.05555555555555555,0.0,0.0,13.0,6.0,34.7,0.7,0.07142857142857142,0.5,20.0,-200.0,0.09859154929577464,0.28169014084507044,3,3,62.7,13.0
502,202110020310,21,21,21,102,2,3,5,11,0,0,0,0,6,4,3,30,1,1,5,5,0,0,0,0,3,1,2,5,1,1,4,1,0,0,0,0,0.0,0.0,11.0,12.0,37.5,1.3,0.0625,0.0,0.0,12.0,9.0,36.0,1.4,0.7857142857142857,0.0,0.0,6.0,5.0,34.1,0.5,0.75,-3.5,0.0,-800.0,0.06329113924050633,0.17721518987341772,7,11,23.8,8.0
503,202110020310,15,7,8,83,0,2,1,10,0,0,0,2,10,4,5,49,0,1,0,4,0,0,0,1,1,1,2,15,0,0,0,0,0,0,0,0,0.0,0.0,7.0,,,,0.8333333333333334,0.0,0.0,6.0,8.0,34.0,0.7,0.5,0.0,0.0,9.0,10.0,38.4,1.4,0.3125,2.0,-18.0,-200.0,0.0273972602739726,0.2876712328767123,3,4,20.0,6.0
504,202110020310,0,0,0,22,4,0,1,32,0,0,0,1,0,0,0,8,2,0,1,12,0,0,0,0,0,0,0,0,0,0,0,0,0,0,0,0,0.0,0.0,12.0,13.0,13.4,4.7,0.15384615384615385,0.0,0.0,14.0,12.0,14.7,9.9,0.14285714285714285,0.0,0.0,8.0,6.0,13.3,1.9,0.08333333333333333,-3.5,-8.0,-2050.0,0.20833333333333334,0.25,1,1,20.4,7.0
505,202110020310,7,4,6,52,0,0,0,0,0,0,0,0,6,3,5,37,0,0,0,0,0,0,0,0,3,0,0,9,0,0,0,0,0,0,0,0,0.0,0.0,13.0,11.0,35.0,0.6,0.75,0.0,0.0,10.0,8.0,34.0,0.4,0.8125,0.0,0.0,10.0,10.0,35.5,0.7,0.9285714285714286,-0.5,2.0,0.0,0.02531645569620253,0.1518987341772152,6,9,28.0,10.0
506,202110020310,0,2,2,8,0,0,0,0,0,0,0,0,0,1,0,2,0,0,0,0,0,0,0,0,0,1,0,1,0,0,0,0,0,0,0,0,0.0,0.0,6.0,3.0,37.7,1.0,0.5,0.0,0.0,9.0,10.0,35.2,1.6,0.5454545454545454,0.0,0.0,9.0,10.0,34.1,0.7,0.75,3.5,-1.0,-200.0,0.058823529411764705,0.17647058823529413,4,6,18.9,5.0
507,202110020310,0,0,0,7,0,0,0,2,0,0,0,0,0,0,0,4,0,0,0,2,0,0,0,0,0,0,0,0,0,0,0,0,0,0,0,0,0.0,0.0,12.0,9.0,40.5,1.7,1.0,0.0,0.0,14.0,12.0,38.3,1.0,0.7857142857142857,0.0,0.0,12.0,12.0,34.6,1.2,0.9333333333333333,1.5,17.0,-200.0,0.06493506493506493,0.16883116883116883,7,12,10.0,4.0
508,202110020310,4,4,2,47,0,0,0,3,0,0,0,0,2,2,0,10,0,0,0,1,0,0,0,0,0,0,0,1,0,0,0,1,0,0,0,0,0.0,0.0,110.0,110.0,43.8,5.6,0.5833333333333334,0.0,0.0,130.0,110.0,34.7,1.0,0.6923076923076923,0.0,0.0,110.0,110.0,35.9,2.2,0.38461538461538464,0.0,29.0,-500.0,0.10526315789473684,0.15789473684210525,8,14,103.4,14.0
509,202110020310,15,7,8,83,5,2,5,58,1,0,0,14,10,4,5,49,3,1,1,25,1,0,0,7,1,1,2,15,0,0,0,2,0,0,0,0,0.0,0.0,10.0,17.0,34.4,2.0,0.9444444444444444,0.0,0.0,11.0,14.0,36.6,1.1,0.9285714285714286,0.0,0.0,9.0,14.0,34.7,1.7,0.7142857142857143,-1.5,4.0,0.0,0.09090909090909091,0.18181818181818182,4,5,27.7,9.0
510,202110020312,15,7,8,83,5,2,5,58,1,0,0,14,10,4,5,49,3,1,1,25,1,0,0,7,1,0,1,4,1,0,0,4,0,0,0,2,0.0,0.0,15.0,15.0,34.9,1.2,0.625,0.0,0.0,18.0,14.0,34.7,1.0,0.6111111111111112,0.0,0.0,7.0,17.0,34.4,1.9,1.0,1.0,-4.0,0.0,0.08108108108108109,0.13513513513513514,5,10,3.0,1.0
511,202110020312,7,4,6,52,0,0,0,0,0,0,0,0,6,3,5,37,0,0,0,0,0,0,0,0,0,1,0,2,0,0,0,0,0,0,0,0,0.0,0.0,13.0,15.0,36.9,1.4,0.2222222222222222,0.0,0.0,6.0,6.0,35.1,0.7,0.21428571428571427,0.0,0.0,7.0,6.0,35.5,0.5,0.125,-4.5,14.0,0.0,0.027777777777777776,0.2777777777777778,4,7,11.7,5.0
512,202110020312,0,3,1,26,0,0,0,6,0,0,0,2,0,2,0,10,0,0,0,4,0,0,0,2,0,0,0,0,0,0,0,0,0,0,0,0,0.0,0.0,15.0,12.0,36.0,1.5,0.3125,0.0,0.0,15.0,16.0,35.1,0.9,0.16666666666666666,0.0,0.0,9.0,5.0,35.7,0.6,0.3333333333333333,-3.5,0.0,0.0,0.06578947368421052,0.15789473684210525,8,16,94.5,15.0
513,202110020312,3,3,0,30,0,2,0,9,0,0,0,2,3,1,0,18,0,0,0,3,0,0,0,1,0,0,0,2,0,0,0,0,0,0,0,0,0.0,0.0,12.0,7.0,33.7,0.9,0.8571428571428571,0.0,0.0,10.0,6.0,33.4,0.5,0.6923076923076923,0.0,0.0,17.0,12.0,36.1,1.3,0.5555555555555556,2.5,10.0,0.0,0.1,0.2857142857142857,8,18,5.5,3.0
514,202110020312,4,4,2,47,0,0,0,10,0,0,0,0,2,2,0,10,0,0,0,4,0,0,0,0,0,1,0,1,0,0,0,0,0,0,0,0,0.0,0.0,10.0,13.0,38.0,1.8,0.7142857142857143,0.0,0.0,9.0,9.0,34.0,0.9,1.0,0.0,0.0,13.0,9.0,35.1,1.0,0.8461538461538461,-2.0,-4.0,-500.0,0.0641025641025641,0.1794871794871795,5,9,26.4,9.0
515,202110020312,3,0,4,35,10,5,7,57,0,0,1,0,0,0,1,19,5,2,3,30,0,0,1,0,0,0,0,3,0,1,0,4,0,0,0,0,0.0,0.0,7.0,10.0,34.0,0.7,1.0,0.0,0.0,7.0,5.0,34.1,0.4,0.8888888888888888,0.0,0.0,12.0,6.0,33.3,0.2,0.9444444444444444,-2.0,2.0,0.0,0.06060606060606061,0.18181818181818182,1,1,58.3,12.0
516,202110020312,21,21,21,102,1,0,0,2,0,0,0,1,6,4,3,30,1,0,0,0,0,0,0,0,1,1,0,3,0,0,0,0,0,0,0,0,0.0,0.0,16.0,13.0,35.9,1.0,0.375,0.0,0.0,8.0,13.0,35.6,1.4,0.5,0.0,0.0,14.0,14.0,36.3,1.6,0.125,0.5,-2.0,0.0,0.11458333333333333,0.25,7,15,4.7,2.0
517,202110020312,0,0,0,3,2,5,2,19,0,0,0,1,0,0,0,2,1,4,2,9,0,0,0,0,0,0,0,0,0,0,0,0,0,0,0,0,0.0,0.0,11.0,4.0,37.8,0.6,0.9090909090909091,0.0,0.0,15.0,11.0,36.8,0.8,1.0,0.0,0.0,11.0,8.0,35.2,1.0,0.6153846153846154,2.0,14.0,-200.0,0.04081632653061224,0.16326530612244897,6,11,15.7,6.0
518,202110020312,1,0,0,11,6,6,4,55,1,0,0,1,1,0,0,6,1,1,3,27,1,0,0,0,0,0,0,0,0,0,0,1,0,0,0,0,0.0,0.0,7.0,10.0,35.2,0.9,0.8333333333333334,0.0,0.0,9.0,10.0,35.5,1.0,1.0,0.0,0.0,10.0,8.0,33.5,0.7,0.9166666666666666,-1.0,-2.0,-200.0,0.21739130434782608,0.2608695652173913,6,12,20.7,8.0
519,202110020312,1,3,2,27,2,3,3,40,0,0,1,0,1,2,1,14,1,2,3,17,0,0,1,0,0,0,0,0,0,1,0,0,0,0,0,0,0.0,0.0,11.0,12.0,34.3,0.8,0.46153846153846156,0.0,0.0,10.0,11.0,32.7,0.5,0.7222222222222222,0.0,0.0,4.0,7.0,33.0,0.6,0.5,-2.5,0.0,0.0,0.12962962962962962,0.2222222222222222,2,3,9.8,4.0
520,202110020312,2,2,0,10,0,1,0,11,0,0,0,0,2,2,0,10,0,0,0,4,0,0,0,0,0,0,0,0,0,0,0,0,0,0,0,0,0.0,0.0,15.0,10.0,36.2,0.8,0.8666666666666667,0.0,0.0,16.0,11.0,37.5,1.5,0.6875,0.0,0.0,18.0,17.0,33.3,1.3,0.9444444444444444,3.5,0.0,0.0,0.0,0.25,7,14,19.4,7.0
521,202110020312,0,0,1,7,0,0,1,5,0,0,1,0,0,0,1,6,0,0,1,2,0,0,1,0,0,0,0,0,0,0,0,0,0,0,0,0,0.0,0.0,13.0,12.0,38.9,1.6,0.9285714285714286,0.0,0.0,16.0,16.0,33.7,2.0,0.6875,0.0,0.0,16.0,16.0,36.5,1.6,0.1875,2.0,4.0,0.0,0.09523809523809523,0.19047619047619047,2,4,34.8,11.0
522,202110020312,13,6,7,86,2,6,2,52,0,1,1,0,1,3,1,12,1,4,2,42,0,1,1,0,0,0,0,1,0,0,0,0,0,0,0,0,0.0,0.0,11.0,13.0,35.7,1.1,0.21428571428571427,0.0,0.0,12.0,15.0,34.8,1.7,0.9375,0.0,0.0,8.0,10.0,34.1,0.7,1.0,-1.5,2.0,0.0,0.0425531914893617,0.1276595744680851,3,5,61.3,13.0
523,202110020312,15,7,8,83,4,8,8,33,0,2,2,4,10,4,5,49,0,4,5,21,0,1,1,3,1,0,1,4,0,0,0,0,0,0,0,0,0.0,0.0,6.0,15.0,33.2,1.2,1.0,0.0,0.0,15.0,11.0,33.0,1.6,0.8125,0.0,0.0,12.0,12.0,33.1,1.0,0.5,-1.5,2.0,200.0,0.0,0.1875,3,6,129.1,16.0
524,202110020312,0,0,0,13,0,0,0,13,0,0,0,0,0,0,0,12,0,0,0,8,0,0,0,0,0,0,0,1,0,0,0,0,0,0,0,0,0.0,0.0,20.0,6.0,40.6,2.2,0.5454545454545454,0.0,0.0,160.0,16.0,38.9,2.9,0.875,0.0,0.0,160.0,16.0,40.6,4.1,0.25,5.0,-3.0,-200.0,0.0,0.0625,7,13,150.2,17.0
525,202110020312,7,4,6,52,0,1,2,18,0,0,0,0,6,3,5,37,0,0,0,12,0,0,0,0,0,1,0,2,0,0,0,1,0,0,0,0,0.0,0.0,14.0,16.0,33.9,0.8,0.9444444444444444,0.0,0.0,12.0,10.0,34.2,0.8,0.5,0.0,0.0,5.0,1.0,34.9,0.0,0.1,-7.5,-2.0,0.0,0.0,0.17391304347826086,4,8,88.5,14.0
526,202110020312,0,0,0,1,7,11,6,84,0,0,0,1,0,0,0,1,4,5,4,47,0,0,0,1,0,0,0,1,0,0,1,4,0,0,0,1,0.0,0.0,14.0,13.0,35.4,1.2,0.5,0.0,0.0,16.0,12.0,34.9,1.2,0.375,0.0,0.0,15.0,13.0,34.7,1.1,0.8666666666666667,0.0,-4.0,0.0,0.06382978723404255,0.23404255319148937,8,17,29.6,10.0
527,202110020312,1,1,2,14,0,0,0,2,0,0,0,1,0,0,1,9,0,0,0,2,0,0,0,1,0,0,0,0,0,0,0,0,0,0,0,0,0.0,0.0,13.0,16.0,36.6,1.8,0.25,0.0,0.0,7.0,15.0,33.8,1.1,0.2777777777777778,0.0,0.0,11.0,2.0,32.9,0.0,0.1111111111111111,-7.0,-8.0,0.0,0.02857142857142857,0.11428571428571428,1,2,156.9,18.0
528,202110020402,3,0,4,35,7,6,1,71,0,0,0,2,0,0,1,19,5,4,0,35,0,0,0,1,0,0,0,6,1,2,0,11,0,0,0,1,0.0,0.0,2.0,1.0,35.1,0.0,0.2727272727272727,0.0,0.0,6.0,10.0,33.8,0.6,0.9166666666666666,0.0,0.0,7.0,3.0,33.3,0.1,0.9090909090909091,1.0,2.0,0.0,,,2,3,18.3,8.0
529,202110020402,0,3,0,10,0,2,3,6,0,0,0,0,0,2,0,6,0,2,3,5,0,0,0,0,0,0,0,4,0,0,0,1,0,0,0,0,0.0,0.0,80.0,9.0,40.4,2.2,0.2727272727272727,0.0,0.0,50.0,12.0,35.9,0.9,0.1875,0.0,0.0,50.0,4.0,36.0,0.3,0.25,-2.5,4.0,-200.0,0.02631578947368421,0.10526315789473684,7,15,3.9,2.0
530,202110020402,15,7,8,83,1,0,1,4,0,0,0,0,10,4,5,49,0,0,1,4,0,0,0,0,6,2,1,20,0,0,1,3,0,0,0,0,0.0,0.0,7.0,,,,0.3,0.0,0.0,5.0,10.0,36.2,1.3,0.5,0.0,0.0,5.0,4.0,36.2,0.3,0.16666666666666666,-6.0,5.0,-200.0,0.19230769230769232,0.23076923076923078,5,10,6.2,3.0
531,202110020402,0,0,0,0,0,2,0,19,0,0,0,0,0,0,0,0,0,0,0,9,0,0,0,0,0,0,0,0,0,0,0,2,0,0,0,0,0.0,0.0,70.0,8.0,38.6,1.0,0.6875,,,,,,,,,,,,,,,,,0.0,0.058823529411764705,0.11764705882352941,1,1,72.8,13.0
532,202110020402,4,8,9,52,0,0,0,1,0,0,0,0,4,7,6,44,0,0,0,1,0,0,0,0,1,3,1,11,0,0,0,1,0,0,0,0,0.0,0.0,10.0,6.0,39.9,1.3,0.5833333333333334,0.0,0.0,11.0,12.0,35.3,1.3,0.75,0.0,0.0,9.0,9.0,34.5,0.9,0.75,1.5,34.0,-300.0,0.05263157894736842,0.21052631578947367,8,16,9.6,5.0
533,202110020402,1,1,0,3,7,6,1,71,0,0,0,1,1,1,0,2,5,4,0,35,0,0,0,1,1,1,0,0,1,2,0,11,0,0,0,0,0.0,0.0,50.0,100.0,36.9,2.4,1.0,0.0,0.0,80.0,140.0,38.5,4.4,0.9333333333333333,0.0,0.0,140.0,150.0,35.2,1.7,0.8888888888888888,25.0,22.0,300.0,0.13793103448275862,0.22413793103448276,8,18,38.2,9.0
534,202110020402,6,4,3,33,2,6,2,52,0,0,0,3,4,1,0,15,1,4,2,42,0,0,0,2,0,1,0,7,1,2,1,19,0,0,0,1,0.0,0.0,4.0,7.0,36.1,0.6,0.2777777777777778,0.0,0.0,11.0,3.0,34.9,0.2,0.375,0.0,0.0,11.0,15.0,37.3,2.4,0.125,4.0,-2.0,0.0,0.0,0.16666666666666666,4,7,38.8,10.0
535,202110020402,0,0,0,3,0,0,0,2,0,0,0,0,0,0,0,2,0,0,0,0,0,0,0,0,0,0,0,2,0,0,0,0,0,0,0,0,0.0,0.0,7.0,12.0,36.1,1.0,0.125,0.0,0.0,6.0,11.0,34.9,0.8,0.1875,0.0,0.0,5.0,2.0,36.1,0.1,0.14285714285714285,-5.0,6.0,0.0,0.08333333333333333,0.16666666666666666,5,9,2.9,1.0
536,202110020402,0,0,0,8,0,0,0,2,0,0,0,0,0,0,0,7,0,0,0,2,0,0,0,0,0,0,0,2,0,0,0,1,0,0,0,0,0.0,0.0,,,,,,0.0,0.0,30.0,10.0,41.2,3.9,0.8,0.0,0.0,20.0,7.0,39.5,1.1,0.14285714285714285,-3.0,,280.0,0.12,0.25,6,11,16.3,6.0
537,202110020402,3,4,3,36,8,4,5,73,2,0,0,3,2,1,0,15,1,1,0,24,1,0,0,0,0,0,0,7,0,0,0,8,0,0,0,0,0.0,0.0,110.0,110.0,41.1,2.0,0.7272727272727273,0.0,0.0,110.0,100.0,38.4,2.0,0.7333333333333333,0.0,0.0,170.0,100.0,35.9,0.5,0.2777777777777778,-5.0,28.0,-200.0,0.0,0.06666666666666667,4,8,241.9,17.0
538,202110020402,0,0,0,0,7,7,8,94,0,0,0,0,0,0,0,0,1,4,1,34,0,0,0,0,0,0,0,0,1,1,1,14,0,0,0,0,0.0,0.0,5.0,9.0,42.4,3.1,0.1111111111111111,0.0,0.0,13.0,13.0,39.3,2.6,0.5333333333333333,0.0,0.0,12.0,11.0,36.3,1.0,0.3888888888888889,1.0,7.0,0.0,0.0,0.16666666666666666,7,14,63.2,12.0
539,202110020402,6,4,7,72,7,7,8,94,2,1,1,17,1,0,0,11,1,4,1,34,0,0,0,1,1,0,0,5,1,1,1,14,0,0,0,0,0.0,0.0,6.0,8.0,46.9,4.1,0.4,0.0,0.0,4.0,12.0,36.0,1.0,0.6666666666666666,0.0,0.0,10.0,9.0,34.6,1.0,0.9411764705882353,0.5,25.0,-670.0,0.05555555555555555,0.05555555555555555,6,12,9.4,4.0
540,202110020402,0,2,3,6,0,0,1,8,0,0,0,1,0,2,2,4,0,0,1,4,0,0,0,1,0,1,1,2,0,0,0,3,0,0,0,0,0.0,0.0,6.0,7.0,42.7,5.1,0.5,0.0,0.0,14.0,11.0,40.1,2.1,0.6666666666666666,0.0,0.0,10.0,13.0,38.9,2.1,0.3125,3.0,19.0,-200.0,0.043478260869565216,0.13043478260869565,7,13,157.3,14.0
541,202110020402,0,0,0,7,0,2,1,22,0,0,0,0,0,0,0,6,0,1,1,13,0,0,0,0,0,0,0,2,0,1,1,7,0,0,0,0,0.0,0.0,16.0,8.0,37.9,1.8,0.375,0.0,0.0,14.0,12.0,39.5,2.4,0.375,0.0,0.0,15.0,14.0,36.0,1.1,0.7222222222222222,3.0,0.0,0.0,0.027777777777777776,0.09722222222222222,3,6,185.3,15.0
542,202110020402,3,1,1,2,7,6,1,71,0,0,0,0,3,0,1,2,5,4,0,35,0,0,0,0,1,0,0,0,1,2,0,11,0,0,0,0,0.0,0.0,100.0,10.0,42.0,2.4,0.1,0.0,0.0,70.0,13.0,36.2,0.9,0.125,0.0,0.0,30.0,11.0,37.9,1.8,0.4166666666666667,0.5,2.0,-200.0,0.02631578947368421,0.27631578947368424,3,5,18.1,7.0
543,202110020402,1,1,2,34,4,2,0,8,0,0,0,0,1,1,2,27,1,1,0,4,0,0,0,0,1,0,0,14,0,0,0,1,0,0,0,0,0.0,0.0,3.0,,,,,0.0,0.0,15.0,15.0,41.3,3.8,0.4666666666666667,0.0,0.0,16.0,16.0,35.3,1.2,0.9444444444444444,1.0,7.0,-200.0,0.14285714285714285,0.14285714285714285,1,2,218.5,16.0
544,202110020402,0,0,0,1,5,2,5,58,0,0,0,0,0,0,0,1,3,1,1,25,0,0,0,0,0,0,0,0,0,0,0,10,0,0,0,0,0.0,0.0,4.0,6.0,42.7,2.3,0.4166666666666667,0.0,0.0,16.0,15.0,39.2,2.6,0.625,0.0,0.0,18.0,17.0,36.7,1.4,0.3888888888888889,5.5,1.0,-30.0,0.0,0.25806451612903225,2,4,308.5,18.0
545,202110020402,3,4,3,36,1,0,0,13,0,0,0,0,2,1,0,15,1,0,0,6,0,0,0,0,0,0,0,7,0,0,0,2,0,0,0,0,0.0,0.0,12.0,12.0,42.5,3.3,0.5,0.0,0.0,15.0,11.0,34.2,0.8,0.7777777777777778,0.0,0.0,9.0,11.0,38.0,1.2,0.8,-0.5,9.0,-30.0,0.06,0.24,8,17,63.1,11.0
546,202110020406,7,4,6,52,2,0,0,6,1,0,0,3,6,3,5,37,2,0,0,6,1,0,0,3,3,0,0,9,1,0,0,3,0,0,0,3,0.0,0.0,150.0,15.0,38.2,2.3,0.6875,0.0,0.0,120.0,13.0,34.5,1.0,0.7222222222222222,0.0,0.0,70.0,7.0,34.2,0.6,0.25,-4.0,18.0,0.0,0.0,0.0,8,17,2.4,1.0
547,202110020406,15,7,8,83,5,2,5,58,1,0,0,14,10,4,5,49,3,1,1,25,1,0,0,7,1,1,2,15,0,0,0,2,0,0,0,0,0.0,0.0,11.0,5.0,32.0,0.6,0.5294117647058824,0.0,0.0,11.0,9.0,32.6,0.7,0.6875,0.0,0.0,11.0,5.0,34.8,0.4,0.1875,0.0,0.0,200.0,0.08,0.16,3,5,4.9,2.0
548,202110020406,7,4,6,52,0,0,0,4,0,0,0,1,6,3,5,37,0,0,0,2,0,0,0,1,3,0,0,9,0,0,0,1,0,0,0,0,0.0,0.0,12.0,12.0,50.7,10.7,0.08333333333333333,0.0,0.0,12.0,13.0,35.5,2.3,0.4666666666666667,0.0,0.0,16.0,12.0,35.2,1.0,1.0,0.0,4.0,-400.0,0.0392156862745098,0.1568627450980392,8,16,6.9,3.0
549,202110020406,7,4,6,52,0,0,1,5,0,0,0,0,6,3,5,37,0,0,0,2,0,0,0,0,3,0,0,9,0,0,0,2,0,0,0,0,0.0,0.0,90.0,90.0,42.9,2.9,0.7777777777777778,0.0,0.0,140.0,70.0,35.2,0.6,0.25,0.0,0.0,70.0,80.0,35.0,0.8,0.2777777777777778,-5.0,7.0,-200.0,0.05555555555555555,0.1111111111111111,5,9,27.0,9.0
550,202110020406,0,0,0,8,0,0,0,13,0,0,0,1,0,0,0,5,0,0,0,8,0,0,0,1,0,0,0,0,0,0,0,0,0,0,0,0,0.0,0.0,,,,,,0.0,0.0,130.0,13.0,38.4,1.4,0.4666666666666667,0.0,0.0,130.0,16.0,37.4,2.8,1.0,3.0,6.0,0.0,0.0425531914893617,0.1276595744680851,4,7,68.0,15.0
551,202110020406,2,3,0,19,1,2,0,7,0,2,0,0,1,3,0,13,1,2,0,4,0,2,0,0,0,0,0,3,0,0,0,0,0,0,0,0,0.0,0.0,11.0,13.0,38.4,1.8,0.6,0.0,0.0,4.0,10.0,38.3,1.5,0.38461538461538464,0.0,0.0,10.0,12.0,36.4,1.4,0.16666666666666666,-0.5,0.0,0.0,0.058823529411764705,0.23529411764705882,4,8,35.0,12.0
552,202110020406,7,4,6,52,0,0,0,1,0,0,0,0,6,3,5,37,0,0,0,0,0,0,0,0,3,0,0,9,0,0,0,0,0,0,0,0,0.0,0.0,18.0,9.0,35.1,0.8,0.8888888888888888,0.0,0.0,9.0,13.0,33.9,1.6,0.6111111111111112,0.0,0.0,11.0,15.0,35.8,2.8,0.6666666666666666,3.0,-6.0,0.0,0.13559322033898305,0.22033898305084745,2,3,50.4,13.0
553,202110020406,4,8,9,52,0,0,0,2,0,0,0,2,4,7,6,44,0,0,0,2,0,0,0,2,1,2,2,20,0,0,0,1,0,0,0,1,0.0,0.0,7.0,3.0,36.9,0.6,0.2,0.0,0.0,12.0,12.0,34.7,1.1,0.6666666666666666,0.0,0.0,12.0,10.0,34.7,0.9,0.26666666666666666,3.5,-4.0,380.0,0.07317073170731707,0.18292682926829268,2,4,22.0,7.0
554,202110020406,8,7,5,57,10,5,7,57,2,0,1,5,1,0,2,22,5,2,3,30,1,0,0,2,0,0,0,7,0,0,0,7,0,0,0,2,0.0,0.0,90.0,8.0,37.8,1.1,0.5,0.0,0.0,,,,,,0.0,0.0,70.0,8.0,37.1,1.1,0.5333333333333333,0.0,29.0,0.0,0.0,0.16,7,15,15.2,5.0
555,202110020406,3,3,3,41,2,0,4,15,0,0,0,1,1,1,1,20,2,0,2,13,0,0,0,1,0,1,0,0,1,0,0,2,0,0,0,0,0.0,0.0,80.0,9.0,44.0,2.2,0.2,0.0,0.0,140.0,12.0,35.3,1.2,0.75,0.0,0.0,160.0,17.0,36.6,2.8,0.9444444444444444,4.0,2.0,-200.0,0.0,0.15789473684210525,6,11,23.6,8.0
556,202110020406,1,1,2,30,0,0,0,0,0,0,0,0,1,0,2,21,0,0,0,0,0,0,0,0,0,0,0,3,0,0,0,0,0,0,0,0,0.0,0.0,60.0,3.0,39.4,1.6,0.75,0.0,0.0,180.0,12.0,35.8,0.8,0.2222222222222222,0.0,0.0,160.0,10.0,35.2,1.1,0.8888888888888888,3.5,1.0,-300.0,,,1,1,15.3,6.0
557,202110020406,1,0,1,4,0,0,1,0,0,0,1,0,1,0,0,3,0,0,0,0,0,0,0,0,0,0,0,0,0,0,0,0,0,0,0,0,0.0,0.0,8.0,8.0,13.7,3.5,0.6363636363636364,0.0,0.0,6.0,4.0,13.2,2.1,0.125,0.0,0.0,1.0,6.0,13.2,1.7,0.14285714285714285,-1.0,4.0,-1910.0,0.02702702702702703,0.13513513513513514,7,14,27.5,10.0
558,202110020406,7,4,3,27,7,11,6,84,0,0,0,2,0,1,0,8,4,5,4,47,0,0,0,0,0,1,0,1,1,1,1,14,0,0,0,0,0.0,0.0,18.0,9.0,35.4,1.0,0.6111111111111112,0.0,0.0,18.0,13.0,35.1,1.1,0.8333333333333334,0.0,0.0,13.0,9.0,38.0,0.9,0.5714285714285714,0.0,2.0,0.0,0.0,0.26666666666666666,3,6,140.4,18.0
559,202110020406,0,1,0,12,0,0,0,4,0,0,0,0,0,1,0,2,0,0,0,2,0,0,0,0,0,0,0,0,0,0,0,0,0,0,0,0,0.0,0.0,16.0,14.0,35.2,1.1,0.8333333333333334,0.0,0.0,10.0,12.0,40.1,5.9,0.5,0.0,0.0,5.0,7.0,40.1,2.2,0.8888888888888888,-3.5,-8.0,0.0,0.0,0.058823529411764705,1,2,105.7,16.0
560,202110020406,0,1,0,7,0,1,0,17,0,0,0,0,0,0,0,4,0,0,0,7,0,0,0,0,0,0,0,2,0,0,0,1,0,0,0,0,0.0,0.0,8.0,13.0,35.9,0.7,0.23076923076923078,0.0,0.0,9.0,4.0,34.7,0.2,0.2,0.0,0.0,10.0,12.0,35.7,1.1,0.35714285714285715,-0.5,2.0,0.0,0.02702702702702703,0.10810810810810811,6,12,52.0,14.0
561,202110020406,0,0,0,7,0,0,0,2,0,0,0,0,0,0,0,4,0,0,0,2,0,0,0,0,0,0,0,0,0,0,0,0,0,0,0,0,0.0,0.0,10.0,11.0,43.8,3.1,0.8181818181818182,0.0,0.0,13.0,14.0,34.2,1.0,0.625,0.0,0.0,16.0,7.0,33.9,0.4,0.8888888888888888,-2.0,-7.0,-200.0,0.06329113924050633,0.16455696202531644,8,18,33.7,11.0
562,202110020406,6,4,3,33,4,0,1,32,0,0,0,1,4,1,0,15,2,0,1,12,0,0,0,1,0,0,0,2,0,0,0,0,0,0,0,0,0.0,0.0,3.0,,,,0.3333333333333333,0.0,0.0,6.0,3.0,13.1,1.8,0.15384615384615385,0.0,0.0,5.0,6.0,13.8,2.3,0.2857142857142857,3.0,6.0,-1650.0,0.0,0.06382978723404255,5,10,140.2,17.0
563,202110020406,0,0,0,2,0,0,0,5,0,0,0,1,0,0,0,1,0,0,0,4,0,0,0,1,0,0,0,0,0,0,0,0,0,0,0,0,0.0,0.0,60.0,10.0,44.2,8.9,0.8,0.0,0.0,140.0,16.0,35.4,2.6,0.6470588235294118,0.0,0.0,110.0,14.0,36.6,2.7,0.7857142857142857,2.0,-11.0,-300.0,0.02857142857142857,0.1,7,13,14.0,4.0
564,202110020410,3,1,1,2,1,0,1,0,1,0,1,0,3,0,1,2,1,0,1,0,1,0,1,0,0,0,0,0,0,0,0,0,0,0,0,0,0.0,0.0,5.0,8.0,34.2,0.4,0.4444444444444444,0.0,0.0,6.0,7.0,35.0,0.5,0.2727272727272727,0.0,0.0,1.0,7.0,34.4,0.2,0.5294117647058824,-0.5,4.0,0.0,0.06172839506172839,0.1728395061728395,2,3,2.4,1.0
565,202110020410,0,2,0,1,8,4,5,73,0,0,0,0,0,2,0,1,1,1,0,24,0,0,0,0,0,0,0,0,0,1,0,6,0,0,0,0,0.0,0.0,8.0,7.0,38.3,1.5,0.5,0.0,0.0,9.0,6.0,37.3,0.5,0.625,0.0,0.0,7.0,4.0,36.3,0.3,0.875,-1.5,-6.0,0.0,0.061224489795918366,0.22448979591836735,4,7,6.6,3.0
566,202110020410,0,1,1,14,0,0,0,2,0,0,0,1,0,1,1,13,0,0,0,2,0,0,0,1,0,0,0,2,0,0,0,0,0,0,0,0,0.0,0.0,11.0,,,,0.5882352941176471,0.0,0.0,15.0,3.0,35.0,0.4,0.6,0.0,0.0,12.0,10.0,36.9,1.5,0.15384615384615385,7.0,4.0,0.0,0.0,0.16666666666666666,7,12,215.7,15.0
567,202110020410,1,1,2,34,1,0,0,4,0,0,0,0,1,1,2,27,1,0,0,1,0,0,0,0,0,1,1,4,0,0,0,0,0,0,0,0,0.0,0.0,110.0,5.0,36.3,0.8,0.07692307692307693,0.0,0.0,170.0,11.0,37.7,1.0,0.23529411764705882,0.0,0.0,120.0,10.0,38.6,2.7,0.08333333333333333,2.5,4.0,0.0,0.14035087719298245,0.22807017543859648,5,8,21.7,9.0
568,202110020410,1,1,2,30,3,3,1,14,0,0,0,1,1,0,2,21,3,1,1,5,0,0,0,0,0,0,0,3,0,0,0,4,0,0,0,0,0.0,0.0,12.0,10.0,35.3,0.7,0.23529411764705882,0.0,0.0,9.0,13.0,36.3,1.0,0.125,0.0,0.0,6.0,12.0,34.9,1.7,0.2,1.0,6.0,0.0,0.0625,0.1625,4,6,16.1,6.0
569,202110020410,0,0,0,1,0,0,1,3,0,0,0,0,0,0,0,1,0,0,1,1,0,0,0,0,0,0,0,0,0,0,1,1,0,0,0,0,0.0,0.0,15.0,13.0,35.7,2.1,0.125,0.0,0.0,16.0,15.0,34.4,1.0,0.375,0.0,0.0,13.0,12.0,35.5,1.0,0.14285714285714285,-0.5,-16.0,0.0,0.02666666666666667,0.28,7,13,7.3,4.0
570,202110020410,7,4,6,52,0,0,0,9,0,0,0,2,6,3,5,37,0,0,0,4,0,0,0,2,3,0,0,9,0,0,0,0,0,0,0,0,0.0,0.0,9.0,11.0,33.2,1.1,0.7777777777777778,0.0,0.0,9.0,9.0,32.1,0.8,0.9411764705882353,0.0,0.0,10.0,12.0,35.3,1.2,0.8461538461538461,0.5,-6.0,200.0,0.0625,0.125,3,5,12.7,5.0
571,202110020410,15,7,8,83,6,6,4,55,0,0,1,0,10,4,5,49,1,1,3,27,0,0,1,0,1,1,2,15,1,0,0,8,0,0,0,0,0.0,0.0,7.0,5.0,37.9,0.8,0.2222222222222222,0.0,0.0,13.0,14.0,38.5,1.2,0.0625,0.0,0.0,6.0,9.0,37.4,1.3,0.07142857142857142,2.0,18.0,200.0,0.0,0.06896551724137931,8,14,20.5,8.0
572,202110020410,0,0,0,0,0,0,1,8,0,0,0,0,0,0,0,0,0,0,0,0,0,0,0,0,0,0,0,0,0,0,0,0,0,0,0,0,0.0,0.0,70.0,7.0,36.2,2.1,0.5,0.0,0.0,120.0,12.0,34.4,1.3,0.9230769230769231,0.0,0.0,100.0,15.0,33.4,1.5,0.7222222222222222,4.0,3.0,200.0,0.07017543859649122,0.2631578947368421,8,15,5.3,2.0
573,202110020410,0,0,0,0,10,5,7,57,0,0,0,0,0,0,0,0,5,2,3,30,0,0,0,0,0,0,0,0,0,0,0,7,0,0,0,0,0.0,0.0,5.0,10.0,42.9,3.4,0.7,0.0,0.0,10.0,13.0,35.5,1.5,0.7857142857142857,0.0,0.0,12.0,10.0,35.8,0.9,0.5,0.0,-2.0,-200.0,0.0,0.0,3,4,86.3,12.0
574,202110020410,1,1,0,3,0,0,0,1,0,0,0,0,1,1,0,2,0,0,0,0,0,0,0,0,0,0,0,0,0,0,0,0,0,0,0,0,0.0,0.0,3.0,2.0,38.4,1.1,0.5,0.0,0.0,13.0,11.0,35.7,1.2,0.8666666666666667,,,,,,,,9.0,25.0,-200.0,0.028169014084507043,0.09859154929577464,6,11,101.1,13.0
575,202110020410,15,7,8,83,1,0,1,2,0,0,1,0,10,4,5,49,1,0,0,1,0,0,0,0,1,1,2,15,0,0,0,0,0,0,0,0,0.0,0.0,13.0,12.0,39.8,2.7,0.07692307692307693,0.0,0.0,8.0,9.0,40.2,1.4,0.2727272727272727,0.0,0.0,10.0,6.0,39.3,2.0,0.2727272727272727,-3.0,6.0,-600.0,0.058823529411764705,0.058823529411764705,5,9,16.3,7.0
576,202110020410,1,3,1,5,2,6,2,52,0,0,0,1,0,3,0,4,1,4,2,42,0,0,0,1,0,0,0,0,0,0,1,6,0,0,0,0,0.0,0.0,11.0,11.0,40.2,2.2,0.9166666666666666,0.0,0.0,12.0,8.0,37.4,1.4,0.3333333333333333,0.0,0.0,5.0,11.0,38.1,1.8,0.7272727272727273,0.0,0.0,-200.0,0.12121212121212122,0.25252525252525254,1,1,54.3,10.0
577,202110020410,1,1,2,30,0,1,0,17,0,0,0,0,1,0,2,21,0,0,0,7,0,0,0,0,0,0,0,3,0,0,0,1,0,0,0,0,0.0,0.0,8.0,9.0,41.8,1.5,0.18181818181818182,0.0,0.0,12.0,12.0,13.9,10.0,1.0,0.0,0.0,13.0,10.0,14.0,8.5,0.46153846153846156,0.5,13.0,-200.0,0.16666666666666666,0.16666666666666666,6,10,72.0,11.0
578,202110020410,0,0,0,8,1,0,0,3,0,0,0,0,0,0,0,7,0,0,0,2,0,0,0,0,0,0,0,2,0,0,0,0,0,0,0,0,0.0,0.0,5.0,2.0,38.4,0.5,0.08333333333333333,0.0,0.0,11.0,13.0,34.0,1.0,0.3333333333333333,0.0,0.0,14.0,17.0,37.6,2.6,0.1111111111111111,7.5,20.0,300.0,0.0,0.0625,2,2,127.9,14.0
579,202110020502,3,1,2,17,0,1,1,2,0,0,0,0,1,1,0,6,0,0,0,2,0,0,0,0,1,1,0,2,0,0,0,1,0,0,0,0,0.0,0.0,110.0,8.0,35.3,0.9,0.23529411764705882,0.0,0.0,30.0,6.0,34.4,0.6,0.4666666666666667,0.0,0.0,40.0,2.0,36.2,0.1,0.2222222222222222,-3.0,8.0,-400.0,0.0,0.14285714285714285,6,12,6.1,2.0
580,202110020502,0,1,3,14,0,1,1,7,0,0,0,0,0,0,2,11,0,1,1,3,0,0,0,0,0,0,1,6,0,0,0,1,0,0,0,0,0.0,0.0,150.0,14.0,37.0,1.7,0.1111111111111111,0.0,0.0,60.0,12.0,38.4,2.9,0.42857142857142855,,,,,,,,-2.0,0.0,-400.0,0.05263157894736842,0.18421052631578946,7,15,7.6,3.0
581,202110020502,1,0,0,1,0,0,0,1,0,0,0,0,1,0,0,1,0,0,0,0,0,0,0,0,0,0,0,0,0,0,0,0,0,0,0,0,0.0,0.0,12.0,6.0,36.4,0.7,0.26666666666666666,0.0,0.0,10.0,7.0,37.2,1.2,0.21428571428571427,0.0,0.0,10.0,10.0,37.1,1.2,0.8125,2.0,-2.0,0.0,0.03773584905660377,0.18867924528301888,1,1,1.9,1.0
582,202110020502,1,2,0,8,0,0,0,1,0,0,0,0,0,1,0,2,0,0,0,0,0,0,0,0,0,0,0,0,0,0,0,0,0,0,0,0,0.0,0.0,11.0,11.0,38.8,2.1,0.5,0.0,0.0,5.0,11.0,36.3,1.4,0.375,0.0,0.0,15.0,4.0,34.8,0.1,0.2777777777777778,-3.5,7.0,0.0,0.13333333333333333,0.21666666666666667,8,18,64.0,11.0
583,202110020502,0,1,3,14,1,0,1,9,0,0,0,1,0,0,2,11,0,0,1,9,0,0,0,1,0,0,1,6,0,0,0,3,0,0,0,1,0.0,0.0,8.0,12.0,45.7,5.5,0.08333333333333333,0.0,0.0,13.0,13.0,38.2,3.2,0.3076923076923077,0.0,0.0,11.0,10.0,13.6,4.0,0.16666666666666666,-1.0,23.0,-300.0,0.0,0.23529411764705882,5,10,18.1,6.0
584,202110020502,0,0,0,5,0,0,0,1,0,0,0,0,0,0,0,5,0,0,0,0,0,0,0,0,0,0,0,1,0,0,0,0,0,0,0,0,0.0,0.0,9.0,9.0,34.7,0.9,0.7272727272727273,0.0,0.0,7.0,6.0,36.9,0.7,0.75,0.0,0.0,10.0,6.0,35.9,0.9,0.21428571428571427,-1.5,-2.0,-800.0,0.06097560975609756,0.17073170731707318,7,14,7.7,4.0
585,202110020502,1,0,0,1,1,0,1,11,0,0,0,0,1,0,0,1,1,0,0,8,0,0,0,0,0,0,0,0,0,0,0,2,0,0,0,0,0.0,0.0,20.0,5.0,36.8,0.6,0.36363636363636365,0.0,0.0,70.0,12.0,38.9,3.0,0.25,0.0,0.0,50.0,8.0,37.4,1.0,0.16666666666666666,1.5,-3.0,200.0,0.0,0.15,3,6,12.1,5.0
586,202110020502,2,1,1,1,0,0,0,0,0,0,0,0,1,0,1,0,0,0,0,0,0,0,0,0,1,0,0,0,0,0,0,0,0,0,0,0,0.0,0.0,9.0,8.0,36.6,1.3,0.75,0.0,0.0,6.0,9.0,37.4,1.4,0.4375,0.0,0.0,7.0,5.0,37.8,0.5,0.8,-1.5,2.0,-100.0,0.0,0.2,5,9,79.9,13.0
587,202110020502,0,0,0,3,0,0,0,0,0,0,0,0,0,0,0,2,0,0,0,0,0,0,0,0,0,0,0,1,0,0,0,0,0,0,0,0,0.0,0.0,16.0,9.0,36.7,1.3,0.16666666666666666,0.0,0.0,15.0,12.0,35.7,1.4,0.7222222222222222,0.0,0.0,7.0,9.0,39.5,2.1,0.6,0.0,-2.0,0.0,0.04,0.12,6,11,291.2,16.0
588,202110020502,0,0,0,0,3,4,1,18,0,0,0,0,0,0,0,0,1,1,0,6,0,0,0,0,0,0,0,0,0,0,0,0,0,0,0,0,0.0,0.0,8.0,5.0,38.6,1.0,0.5454545454545454,0.0,0.0,8.0,7.0,38.6,1.4,0.08333333333333333,0.0,0.0,10.0,10.0,35.8,1.3,1.0,2.5,-1.0,300.0,0.05660377358490566,0.22641509433962265,2,4,77.0,12.0
589,202110020502,0,0,0,5,0,0,0,0,0,0,0,0,0,0,0,4,0,0,0,0,0,0,0,0,0,0,0,1,0,0,0,0,0,0,0,0,0.0,0.0,100.0,100.0,45.1,7.4,0.2727272727272727,0.0,0.0,180.0,180.0,38.2,3.8,0.7777777777777778,0.0,0.0,100.0,110.0,36.1,1.6,0.7777777777777778,5.0,12.0,-300.0,0.02666666666666667,0.09333333333333334,8,17,62.3,10.0
590,202110020502,0,1,0,3,0,0,0,0,0,0,0,0,0,0,0,1,0,0,0,0,0,0,0,0,0,0,0,1,0,0,0,0,0,0,0,0,0.0,0.0,110.0,110.0,43.8,8.8,1.0,0.0,0.0,180.0,170.0,36.2,1.8,0.6666666666666666,0.0,0.0,170.0,120.0,35.9,1.7,1.0,5.0,20.0,-200.0,0.0,0.0,7,13,359.0,17.0
591,202110020502,0,0,0,0,0,1,1,7,0,0,0,0,0,0,0,0,0,1,1,3,0,0,0,0,0,0,0,0,0,0,0,1,0,0,0,0,0.0,0.0,30.0,20.0,41.3,0.1,0.25,0.0,0.0,120.0,100.0,35.5,1.0,0.6,0.0,0.0,160.0,90.0,33.4,0.8,0.7647058823529411,35.0,33.0,-100.0,0.07407407407407407,0.18518518518518517,3,5,54.7,9.0
592,202110020502,0,0,0,5,1,0,1,1,0,0,0,0,0,0,0,4,0,0,0,0,0,0,0,0,0,0,0,1,0,0,0,0,0,0,0,0,0.0,0.0,14.0,13.0,39.8,4.2,0.8666666666666667,0.0,0.0,15.0,14.0,37.1,1.9,0.4444444444444444,0.0,0.0,9.0,8.0,35.3,1.5,0.25,-2.5,6.0,0.0,0.02564102564102564,0.1282051282051282,1,2,235.9,15.0
593,202110020502,0,0,0,3,0,0,0,0,0,0,0,0,0,0,0,3,0,0,0,0,0,0,0,0,0,0,0,1,0,0,0,0,0,0,0,0,0.0,0.0,6.0,9.0,41.7,2.8,0.6363636363636364,0.0,0.0,15.0,16.0,43.7,9.5,0.375,0.0,0.0,17.0,16.0,36.6,2.9,0.7777777777777778,3.5,9.0,-200.0,0.024390243902439025,0.14634146341463414,2,3,93.2,14.0
594,202110020502,4,2,1,18,0,0,0,2,0,0,0,0,3,2,1,6,0,0,0,0,0,0,0,0,2,0,0,1,0,0,0,0,0,0,0,0,0.0,0.0,15.0,15.0,39.1,2.8,0.625,0.0,0.0,13.0,13.0,42.8,3.3,0.46153846153846156,0.0,0.0,15.0,15.0,39.1,2.5,0.75,0.0,17.0,50.0,0.05,0.1,8,16,33.2,8.0
595,202110020502,6,3,6,28,0,1,1,18,0,0,0,1,1,0,2,9,0,1,1,12,0,0,0,0,0,0,0,0,0,0,0,4,0,0,0,0,0.0,0.0,7.0,7.0,42.0,2.3,0.125,0.0,0.0,6.0,6.0,39.4,1.7,0.5333333333333333,0.0,0.0,10.0,4.0,38.8,0.5,0.8125,-1.5,6.0,-500.0,0.0945945945945946,0.2702702702702703,4,7,21.3,7.0
596,202110020502,0,0,0,0,0,0,2,12,0,0,0,0,0,0,0,0,0,0,1,10,0,0,0,0,0,0,0,0,0,0,1,6,0,0,0,0,0.0,0.0,70.0,70.0,38.3,2.7,0.8571428571428571,0.0,0.0,160.0,150.0,44.3,7.5,0.9375,0.0,0.0,180.0,180.0,37.3,3.0,0.8888888888888888,55.0,-17.0,0.0,0.02,0.08,4,8,370.3,18.0
597,202110020506,0,0,0,1,0,0,0,1,0,0,0,0,0,0,0,1,0,0,0,1,0,0,0,0,0,0,0,1,0,0,0,0,0,0,0,0,0.0,0.0,5.0,7.0,39.5,1.5,0.9,0.0,0.0,8.0,14.0,34.5,0.8,0.8823529411764706,0.0,0.0,16.0,5.0,34.6,0.3,0.7222222222222222,-1.0,-7.0,-100.0,0.09333333333333334,0.26666666666666666,6,12,3.0,1.0
598,202110020506,1,0,0,12,0,0,0,0,0,0,0,0,0,0,0,3,0,0,0,0,0,0,0,0,0,0,0,1,0,0,0,0,0,0,0,0,0.0,0.0,1.0,3.0,39.1,0.1,0.1,0.0,0.0,8.0,10.0,36.6,0.9,0.8571428571428571,0.0,0.0,3.0,8.0,35.0,0.7,0.9166666666666666,2.5,7.0,-800.0,0.0,0.14285714285714285,7,14,10.4,3.0
599,202110020506,0,0,0,0,0,0,0,0,0,0,0,0,0,0,0,0,0,0,0,0,0,0,0,0,0,0,0,0,0,0,0,0,0,0,0,0,0.0,0.0,3.0,4.0,37.0,0.5,0.25,0.0,0.0,12.0,2.0,36.8,0.5,0.25,0.0,0.0,9.0,11.0,36.7,1.3,0.5833333333333334,3.5,0.0,0.0,0.0,0.19230769230769232,8,17,3.8,2.0
600,202110020506,0,1,0,3,0,0,0,1,0,0,0,0,0,1,0,2,0,0,0,0,0,0,0,0,0,1,0,0,0,0,0,0,0,0,0,0,0.0,0.0,110.0,12.0,35.2,1.0,0.3333333333333333,0.0,0.0,80.0,7.0,35.6,0.9,0.3333333333333333,0.0,0.0,160.0,4.0,35.4,0.4,0.3888888888888889,-4.0,-2.0,0.0,0.0196078431372549,0.0784313725490196,2,3,75.8,16.0
601,202110020506,0,0,0,5,0,0,0,2,0,0,0,0,0,0,0,5,0,0,0,2,0,0,0,0,0,0,0,0,0,0,0,0,0,0,0,0,0.0,0.0,10.0,11.0,43.8,3.1,0.8181818181818182,0.0,0.0,13.0,14.0,34.2,1.0,0.625,0.0,0.0,16.0,7.0,33.9,0.4,0.8888888888888888,-2.0,-7.0,-200.0,0.0,0.0,8,16,74.3,14.0
602,202110020506,1,0,3,34,0,0,0,5,0,0,0,1,1,0,3,25,0,0,0,3,0,0,0,1,0,0,2,12,0,0,0,1,0,0,0,1,0.0,0.0,10.0,10.0,34.0,1.4,1.0,0.0,0.0,12.0,12.0,37.0,1.6,1.0,0.0,0.0,10.0,8.0,34.6,0.9,0.7,-1.0,2.0,-400.0,0.13114754098360656,0.21311475409836064,2,4,12.1,6.0
603,202110020506,0,0,0,0,0,0,0,0,0,0,0,0,0,0,0,0,0,0,0,0,0,0,0,0,0,0,0,0,0,0,0,0,0,0,0,0,0.0,0.0,15.0,14.0,36.9,1.9,0.875,0.0,0.0,18.0,17.0,37.2,1.6,0.5555555555555556,0.0,0.0,18.0,14.0,35.6,1.0,0.8333333333333334,0.0,-12.0,0.0,0.047619047619047616,0.09523809523809523,5,10,52.0,11.0
604,202110020506,0,1,3,14,0,0,2,12,0,0,1,2,0,0,2,11,0,0,1,10,0,0,1,2,0,0,1,1,0,0,0,2,0,0,0,0,0.0,0.0,2.0,9.0,39.2,2.6,0.2,0.0,0.0,13.0,15.0,34.8,1.2,0.7222222222222222,0.0,0.0,14.0,8.0,34.6,0.4,0.8125,-0.5,1.0,200.0,0.060240963855421686,0.1686746987951807,1,2,11.5,5.0
605,202110020506,0,0,0,0,1,0,0,2,0,0,0,0,0,0,0,0,0,0,0,1,0,0,0,0,0,0,0,0,0,0,0,0,0,0,0,0,0.0,0.0,4.0,9.0,33.3,0.5,0.16666666666666666,0.0,0.0,7.0,11.0,35.9,1.0,0.07142857142857142,0.0,0.0,2.0,2.0,33.8,0.1,0.13333333333333333,-3.5,-4.0,200.0,0.05555555555555555,0.2222222222222222,3,6,64.8,12.0
606,202110020506,0,0,0,5,0,0,0,2,0,0,0,0,0,0,0,5,0,0,0,2,0,0,0,0,0,0,0,0,0,0,0,0,0,0,0,0,0.0,0.0,12.0,9.0,40.5,1.7,1.0,0.0,0.0,14.0,12.0,38.3,1.0,0.7857142857142857,0.0,0.0,12.0,12.0,34.6,1.2,0.9333333333333333,1.5,17.0,-200.0,0.0,0.2,7,13,27.6,10.0
607,202110020506,0,0,0,6,0,0,1,5,0,0,0,0,0,0,0,5,0,0,1,4,0,0,0,0,0,0,0,4,0,0,1,1,0,0,0,0,0.0,0.0,15.0,13.0,33.7,1.2,0.6111111111111112,0.0,0.0,12.0,14.0,33.6,1.1,0.17647058823529413,0.0,0.0,5.0,8.0,36.1,1.2,0.26666666666666666,-2.5,14.0,200.0,0.025,0.125,6,11,14.9,7.0
608,202110020506,0,2,0,0,0,0,0,0,0,0,0,0,0,2,0,0,0,0,0,0,0,0,0,0,0,0,0,0,0,0,0,0,0,0,0,0,0.0,0.0,5.0,11.0,40.7,3.7,0.8181818181818182,0.0,0.0,13.0,15.0,35.4,1.2,0.625,0.0,0.0,12.0,9.0,35.5,0.9,0.8125,-1.0,12.0,-200.0,0.07142857142857142,0.17857142857142858,5,9,20.4,9.0
609,202110020506,0,1,3,14,0,0,1,5,0,0,1,2,0,0,2,11,0,0,1,4,0,0,1,2,0,0,1,1,0,0,1,1,0,0,1,1,0.0,0.0,4.0,,,,0.3,0.0,0.0,8.0,11.0,13.6,6.0,0.6923076923076923,0.0,0.0,4.0,3.0,14.1,1.5,0.6666666666666666,-8.0,4.0,-1770.0,0.02702702702702703,0.0945945945945946,7,15,75.6,15.0
610,202110020506,1,0,1,9,0,1,1,12,0,0,0,2,1,0,1,5,0,0,1,5,0,0,0,2,0,0,0,0,0,0,1,0,0,0,0,0,0.0,0.0,10.0,12.0,13.7,9.0,0.6923076923076923,0.0,0.0,11.0,10.0,13.8,7.6,0.75,0.0,0.0,13.0,15.0,38.7,2.3,0.6875,1.5,-4.0,-1650.0,0.02564102564102564,0.2692307692307692,4,7,10.5,4.0
611,202110020506,0,0,0,1,0,2,2,17,0,0,0,0,0,0,0,0,0,1,0,11,0,0,0,0,0,0,0,0,0,0,0,3,0,0,0,0,0.0,0.0,14.0,16.0,36.0,2.8,0.5625,0.0,0.0,10.0,4.0,34.7,1.6,0.8666666666666667,0.0,0.0,18.0,15.0,35.7,1.0,0.6111111111111112,-0.5,0.0,200.0,0.04081632653061224,0.12244897959183673,4,8,363.4,18.0
612,202110020506,2,1,1,1,0,0,0,2,0,0,0,0,1,0,1,0,0,0,0,1,0,0,0,0,0,0,0,0,0,0,0,1,0,0,0,0,0.0,0.0,4.0,7.0,39.5,2.8,0.75,0.0,0.0,16.0,15.0,37.8,2.1,0.75,0.0,0.0,13.0,14.0,37.5,1.6,0.3125,3.5,-9.0,-300.0,0.05555555555555555,0.19444444444444445,3,5,74.1,13.0
613,202110020506,0,1,3,14,0,1,1,7,0,0,0,0,0,0,2,11,0,1,1,3,0,0,0,0,0,0,1,1,0,0,1,1,0,0,0,0,0.0,0.0,2.0,9.0,39.8,1.7,0.3333333333333333,0.0,0.0,14.0,9.0,36.4,1.2,0.9285714285714286,0.0,0.0,4.0,8.0,35.9,1.2,0.1875,-0.5,18.0,200.0,0.0,0.15384615384615385,1,1,19.3,8.0
614,202110020506,1,1,1,8,1,1,0,1,1,0,0,0,1,1,1,3,1,0,0,1,1,0,0,0,0,1,0,1,0,0,0,1,0,0,0,0,0.0,0.0,18.0,17.0,35.1,1.0,0.3888888888888889,0.0,0.0,14.0,8.0,35.2,1.1,0.625,0.0,0.0,9.0,8.0,33.1,0.6,0.3333333333333333,-4.5,10.0,-200.0,0.0,0.25,8,18,80.3,17.0
615,202110020511,0,0,0,3,2,0,1,24,0,0,0,0,0,0,0,1,1,0,0,18,0,0,0,0,0,0,0,0,0,0,0,5,0,0,0,0,0.0,0.0,3.0,6.0,13.7,2.7,0.4166666666666667,0.0,0.0,2.0,8.0,14.0,5.0,1.0,0.0,0.0,16.0,15.0,33.8,0.7,0.7777777777777778,4.5,-4.0,-1660.0,0.0,0.061224489795918366,7,15,8.2,4.0
616,202110020511,0,0,0,2,0,0,0,1,0,0,0,0,0,0,0,2,0,0,0,0,0,0,0,0,0,0,0,0,0,0,0,0,0,0,0,0,0.0,0.0,70.0,12.0,41.1,4.9,0.5833333333333334,0.0,0.0,70.0,15.0,34.5,0.9,0.6875,0.0,0.0,70.0,2.0,34.9,0.1,0.09090909090909091,-5.0,5.0,-400.0,0.06172839506172839,0.16049382716049382,1,2,3.5,1.0
617,202110020511,1,0,1,6,1,0,1,3,0,0,0,1,1,0,0,4,1,0,1,3,0,0,0,1,0,0,0,3,1,0,0,1,0,0,0,1,0.0,0.0,17.0,15.0,33.4,0.8,0.6111111111111112,0.0,0.0,16.0,13.0,34.9,0.8,0.9444444444444444,0.0,0.0,17.0,9.0,33.5,0.7,0.7222222222222222,-3.0,-12.0,0.0,0.038461538461538464,0.17307692307692307,4,8,21.6,9.0
618,202110020511,4,2,1,34,2,0,1,24,0,0,0,2,3,0,0,7,1,0,0,18,0,0,0,1,0,0,0,0,0,0,0,5,0,0,0,0,0.0,0.0,11.0,6.0,33.5,0.2,0.7777777777777778,0.0,0.0,7.0,3.0,34.8,0.2,0.6666666666666666,0.0,0.0,14.0,9.0,34.3,0.5,0.8,1.5,0.0,0.0,0.05405405405405406,0.1891891891891892,2,4,21.0,8.0
619,202110020511,0,1,0,3,0,0,2,16,0,0,0,0,0,1,0,3,0,0,1,10,0,0,0,0,0,0,0,3,0,0,0,1,0,0,0,0,0.0,0.0,6.0,6.0,40.5,1.6,0.5454545454545454,0.0,0.0,16.0,16.0,37.3,1.3,0.3125,0.0,0.0,9.0,14.0,39.5,3.0,0.21428571428571427,4.0,-8.0,-200.0,0.07692307692307693,0.19230769230769232,8,17,9.2,5.0
620,202110020511,1,0,0,15,1,0,0,0,1,0,0,0,1,0,0,12,1,0,0,0,1,0,0,0,0,0,0,0,0,0,0,0,0,0,0,0,0.0,0.0,2.0,1.0,39.3,0.0,0.4166666666666667,0.0,0.0,9.0,10.0,37.0,1.6,0.5625,0.0,0.0,11.0,9.0,35.3,0.8,0.8125,4.0,19.0,-100.0,0.024691358024691357,0.14814814814814814,3,6,6.8,3.0
621,202110020511,1,0,3,13,1,0,0,1,0,0,0,0,1,0,2,5,0,0,0,0,0,0,0,0,0,0,1,2,0,0,0,0,0,0,0,0,0.0,0.0,10.0,13.0,38.0,1.8,0.7142857142857143,0.0,0.0,9.0,9.0,34.0,0.9,1.0,0.0,0.0,13.0,9.0,35.1,1.0,0.8461538461538461,-2.0,-4.0,-500.0,0.041666666666666664,0.125,4,7,32.4,13.0
622,202110020511,2,3,3,14,1,0,0,2,0,0,0,0,2,1,0,7,1,0,0,1,0,0,0,0,0,0,0,2,0,0,0,1,0,0,0,0,0.0,0.0,7.0,7.0,40.3,1.5,1.0,0.0,0.0,12.0,11.0,35.0,0.4,0.42857142857142855,0.0,0.0,11.0,8.0,35.8,0.7,0.3125,0.5,14.0,-400.0,0.07228915662650602,0.18072289156626506,8,18,22.2,10.0
623,202110020511,1,3,1,7,0,1,0,11,0,1,0,0,0,3,0,2,0,1,0,7,0,1,0,0,0,0,0,0,0,0,0,1,0,0,0,0,0.0,0.0,10.0,13.0,39.2,2.1,1.0,0.0,0.0,10.0,6.0,34.6,0.8,0.9230769230769231,0.0,0.0,11.0,9.0,34.6,0.7,0.7777777777777778,-2.0,2.0,-200.0,0.0,0.14814814814814814,2,3,23.9,11.0
624,202110020511,1,1,0,6,0,1,0,5,0,1,0,1,1,1,0,4,0,1,0,3,0,1,0,1,0,0,0,0,0,0,0,1,0,0,0,0,0.0,0.0,12.0,7.0,33.7,0.9,0.8571428571428571,0.0,0.0,10.0,6.0,33.4,0.5,0.6923076923076923,0.0,0.0,17.0,12.0,36.1,1.3,0.5555555555555556,2.5,10.0,0.0,,,5,9,17.6,6.0
625,202110020511,2,0,1,5,1,0,0,2,0,0,0,0,2,0,1,4,1,0,0,1,0,0,0,0,1,0,0,0,0,0,0,1,0,0,0,0,0.0,0.0,13.0,11.0,33.3,0.8,0.3333333333333333,0.0,0.0,6.0,13.0,33.5,1.4,0.5,0.0,0.0,14.0,3.0,32.4,0.3,0.25,-4.0,2.0,200.0,0.025974025974025976,0.2727272727272727,1,1,6.1,2.0
626,202110020511,0,0,0,18,1,1,0,10,0,0,0,2,0,0,0,17,1,1,0,6,0,0,0,2,0,0,0,1,0,0,0,3,0,0,0,1,0.0,0.0,14.0,12.0,34.5,0.8,0.8888888888888888,0.0,0.0,4.0,9.0,34.4,0.8,0.6153846153846154,0.0,0.0,2.0,13.0,35.4,1.2,0.5555555555555556,0.5,0.0,0.0,0.0958904109589041,0.273972602739726,6,12,35.9,14.0
627,202110020511,0,0,0,5,0,0,0,0,0,0,0,0,0,0,0,2,0,0,0,0,0,0,0,0,0,0,0,1,0,0,0,0,0,0,0,0,0.0,0.0,10.0,10.0,44.1,4.1,1.0,0.0,0.0,15.0,4.0,34.2,0.4,0.8125,0.0,0.0,12.0,12.0,38.6,1.5,0.6666666666666666,1.0,10.0,-200.0,0.057692307692307696,0.23076923076923078,6,11,19.1,7.0
628,202110020511,0,0,1,9,0,0,0,0,0,0,0,0,0,0,0,3,0,0,0,0,0,0,0,0,0,0,0,0,0,0,0,0,0,0,0,0,0.0,0.0,15.0,12.0,36.0,1.5,0.3125,0.0,0.0,15.0,16.0,35.1,0.9,0.16666666666666666,0.0,0.0,9.0,5.0,35.7,0.6,0.3333333333333333,-3.5,0.0,0.0,0.0,0.24242424242424243,7,13,59.3,16.0
629,202110020511,0,1,1,3,0,0,2,16,0,0,0,1,0,0,0,1,0,0,1,10,0,0,0,1,0,0,0,0,0,0,0,1,0,0,0,0,0.0,0.0,3.0,7.0,35.7,2.0,0.5,0.0,0.0,5.0,4.0,33.8,0.6,1.0,0.0,0.0,6.0,7.0,34.1,0.4,0.5833333333333334,0.0,4.0,0.0,0.05263157894736842,0.10526315789473684,7,14,27.8,12.0
630,202110020511,1,2,1,13,0,1,0,3,0,1,0,2,0,1,1,5,0,1,0,3,0,1,0,2,0,0,0,1,0,0,0,1,0,0,0,1,0.0,0.0,7.0,9.0,44.3,7.9,0.8888888888888888,0.0,0.0,16.0,16.0,35.8,2.2,1.0,0.0,0.0,13.0,12.0,34.8,1.7,0.9230769230769231,1.5,36.0,-400.0,0.0273972602739726,0.0958904109589041,8,16,208.9,17.0
631,202110020511,1,2,4,16,0,0,0,5,0,0,0,0,0,0,4,12,0,0,0,0,0,0,0,0,0,0,0,2,0,0,0,0,0,0,0,0,0.0,0.0,12.0,15.0,36.5,3.6,0.5625,0.0,0.0,13.0,1.0,34.4,0.0,0.07142857142857142,0.0,0.0,14.0,16.0,36.0,2.8,1.0,0.5,-16.0,0.0,0.06521739130434782,0.15217391304347827,3,5,51.1,15.0
632,202110020511,0,0,0,1,0,0,0,1,0,0,0,0,0,0,0,1,0,0,0,1,0,0,0,0,0,0,0,0,0,0,0,0,0,0,0,0,0.0,0.0,9.0,10.0,14.5,12.3,0.36363636363636365,0.0,0.0,12.0,11.0,35.2,1.2,0.6666666666666666,0.0,0.0,13.0,12.0,35.3,1.5,0.9230769230769231,1.0,2.0,-1800.0,0.0,0.0,5,10,277.0,18.0
633,202110020606,5,2,1,29,1,1,2,8,0,0,1,2,4,2,0,23,0,0,1,1,0,0,0,1,1,1,0,5,0,0,0,0,0,0,0,0,0.0,0.0,30.0,2.0,34.4,0.5,0.5,0.0,0.0,40.0,3.0,36.1,0.4,0.5,0.0,0.0,30.0,10.0,41.2,2.4,0.1875,4.0,2.0,0.0,0.04878048780487805,0.1951219512195122,1,1,5.6,4.0
634,202110020606,0,0,2,9,1,3,1,27,0,0,0,1,0,0,1,5,0,0,0,11,0,0,0,0,0,0,0,2,0,0,0,3,0,0,0,0,0.0,0.0,14.0,10.0,33.7,0.5,0.8823529411764706,0.0,0.0,14.0,11.0,34.3,1.1,0.5,0.0,0.0,9.0,5.0,36.0,0.7,0.375,-2.5,8.0,0.0,0.03225806451612903,0.16129032258064516,4,7,4.2,1.0
635,202110020606,0,0,1,13,0,0,0,2,0,0,0,0,0,0,1,8,0,0,0,2,0,0,0,0,0,0,0,6,0,0,0,0,0,0,0,0,0.0,0.0,2.0,7.0,41.1,2.4,0.6,0.0,0.0,11.0,10.0,35.4,1.0,0.6666666666666666,0.0,0.0,15.0,3.0,35.9,0.3,0.5555555555555556,-2.0,45.0,-200.0,0.078125,0.34375,8,16,156.3,15.0
636,202110020606,5,2,1,29,0,0,0,7,0,0,0,0,4,2,0,23,0,0,0,1,0,0,0,0,1,1,0,5,0,0,0,1,0,0,0,0,0.0,0.0,2.0,2.0,38.3,0.2,0.06666666666666667,0.0,0.0,5.0,5.0,37.4,1.4,0.14285714285714285,0.0,0.0,1.0,7.0,37.9,0.9,0.25,2.5,10.0,-500.0,0.1724137931034483,0.27586206896551724,7,13,13.2,6.0
637,202110020606,0,0,0,0,0,0,1,1,0,0,0,0,0,0,0,0,0,0,0,0,0,0,0,0,0,0,0,0,0,0,0,0,0,0,0,0,0.0,0.0,8.0,4.0,41.3,0.4,0.5,0.0,0.0,8.0,6.0,40.5,1.3,0.125,0.0,0.0,5.0,4.0,38.1,0.4,0.1875,0.0,23.0,-200.0,0.10256410256410256,0.2692307692307692,5,10,11.9,5.0
638,202110020606,1,2,2,15,0,0,2,12,0,0,0,1,0,1,0,5,0,0,0,6,0,0,0,0,0,1,0,1,0,0,0,2,0,0,0,0,0.0,0.0,14.0,12.0,37.0,0.8,0.625,0.0,0.0,16.0,10.0,37.1,1.2,0.875,0.0,0.0,13.0,15.0,40.0,2.0,0.26666666666666666,1.5,12.0,50.0,0.0,0.2,5,9,5.3,3.0
639,202110020606,0,0,0,5,0,0,0,1,0,0,0,0,0,0,0,4,0,0,0,0,0,0,0,0,0,0,0,3,0,0,0,0,0,0,0,0,0.0,0.0,60.0,4.0,35.8,1.0,0.8888888888888888,0.0,0.0,80.0,4.0,36.5,0.3,0.6,0.0,0.0,60.0,4.0,36.3,0.8,0.6875,0.0,61.0,200.0,0.0,0.06896551724137931,8,17,4.6,2.0
640,202110020606,0,0,0,4,1,3,1,27,0,0,0,1,0,0,0,2,0,0,0,11,0,0,0,1,0,0,0,1,0,0,0,3,0,0,0,1,0.0,0.0,4.0,4.0,40.5,0.6,0.6,0.0,0.0,16.0,8.0,35.0,0.6,1.0,0.0,0.0,6.0,8.0,40.6,2.5,0.4444444444444444,2.0,24.0,-200.0,0.125,0.203125,4,8,177.5,16.0
641,202110020606,0,1,0,0,0,0,0,0,0,0,0,0,0,1,0,0,0,0,0,0,0,0,0,0,0,0,0,0,0,0,0,0,0,0,0,0,0.0,0.0,90.0,2.0,38.9,0.1,0.8181818181818182,0.0,0.0,150.0,12.0,35.5,1.2,0.1111111111111111,0.0,0.0,120.0,9.0,37.0,1.2,0.3888888888888889,3.5,10.0,-30.0,0.1,0.2,3,6,54.2,12.0
642,202110020606,1,2,2,8,2,1,3,7,0,0,0,0,1,1,0,6,2,1,1,5,0,0,0,0,0,1,0,3,1,0,0,3,0,0,0,0,0.0,0.0,20.0,6.0,40.3,2.7,0.7,0.0,0.0,80.0,15.0,41.2,3.5,0.0625,0.0,0.0,150.0,10.0,38.5,2.2,0.875,2.0,10.0,-400.0,0.0,0.22857142857142856,7,15,90.2,14.0
643,202110020606,0,1,0,3,0,1,0,11,0,0,0,1,0,1,0,3,0,1,0,7,0,0,0,1,0,1,0,3,0,0,0,2,0,0,0,1,0.0,0.0,3.0,9.0,38.6,1.6,0.4666666666666667,0.0,0.0,10.0,11.0,37.7,1.3,0.1111111111111111,0.0,0.0,7.0,2.0,35.8,0.1,0.05555555555555555,-3.5,8.0,0.0,0.024390243902439025,0.12195121951219512,2,4,33.5,10.0
644,202110020606,1,2,4,16,0,0,0,0,0,0,0,0,0,0,4,12,0,0,0,0,0,0,0,0,0,0,2,1,0,0,0,0,0,0,0,0,0.0,0.0,4.0,10.0,43.3,3.7,0.5,0.0,0.0,15.0,10.0,36.9,1.3,0.875,0.0,0.0,9.0,,,,,0.0,12.0,-300.0,0.038461538461538464,0.11538461538461539,1,2,63.8,13.0
645,202110020606,0,1,1,4,1,0,0,6,0,0,0,0,0,1,1,4,0,0,0,3,0,0,0,0,0,0,0,1,0,0,0,0,0,0,0,0,0.0,0.0,17.0,13.0,37.6,1.4,0.16666666666666666,0.0,0.0,8.0,15.0,40.1,3.6,0.8125,0.0,0.0,9.0,10.0,37.5,1.3,0.11764705882352941,-1.5,0.0,0.0,0.05263157894736842,0.24561403508771928,6,12,214.3,17.0
646,202110020606,1,2,1,13,0,2,0,12,0,0,0,1,0,1,1,5,0,2,0,7,0,0,0,0,0,0,1,1,0,0,0,0,0,0,0,0,0.0,0.0,7.0,7.0,42.1,1.3,0.5,0.0,0.0,9.0,10.0,36.2,1.4,0.25,0.0,0.0,10.0,15.0,39.5,3.0,0.3333333333333333,4.0,-4.0,-200.0,0.06976744186046512,0.1744186046511628,6,11,18.9,8.0
647,202110020606,0,0,0,0,0,0,0,0,0,0,0,0,0,0,0,0,0,0,0,0,0,0,0,0,0,0,0,0,0,0,0,0,0,0,0,0,0.0,0.0,10.0,6.0,32.7,1.6,0.9090909090909091,0.0,0.0,18.0,15.0,36.9,1.6,0.7777777777777778,0.0,0.0,18.0,14.0,35.9,1.6,0.9444444444444444,4.0,35.0,-200.0,0.0,0.2222222222222222,7,14,364.5,18.0
648,202110020606,0,0,0,0,0,0,0,0,0,0,0,0,0,0,0,0,0,0,0,0,0,0,0,0,0,0,0,0,0,0,0,0,0,0,0,0,0.0,0.0,12.0,11.0,36.3,1.4,0.5,0.0,0.0,12.0,16.0,36.4,1.3,0.6875,0.0,0.0,5.0,5.0,39.3,2.0,0.2,-3.0,2.0,0.0,0.0,0.17391304347826086,8,18,15.9,7.0
649,202110020606,1,2,4,16,1,1,0,10,0,0,0,0,0,0,4,12,1,1,0,6,0,0,0,0,0,0,2,1,0,0,0,1,0,0,0,0,0.0,0.0,1.0,1.0,38.7,0.0,0.09090909090909091,0.0,0.0,16.0,15.0,37.8,1.7,0.75,0.0,0.0,13.0,11.0,37.4,1.0,0.5333333333333333,5.0,15.0,0.0,0.1188118811881188,0.24752475247524752,3,5,28.9,9.0
650,202110020606,0,0,0,0,0,0,0,5,0,0,0,0,0,0,0,0,0,0,0,2,0,0,0,0,0,0,0,0,0,0,0,1,0,0,0,0,0.0,0.0,2.0,10.0,39.8,2.7,0.2,0.0,0.0,16.0,15.0,38.3,2.2,0.625,0.0,0.0,9.0,7.0,35.8,1.1,0.8461538461538461,-1.5,33.0,200.0,0.03225806451612903,0.12903225806451613,2,3,34.3,11.0
651,202110020609,5,2,1,29,2,1,1,12,0,0,0,3,4,2,0,23,1,0,0,3,0,0,0,2,1,0,0,7,0,0,0,0,0,0,0,0,0.0,0.0,11.0,5.0,32.0,0.6,0.5294117647058824,0.0,0.0,11.0,9.0,32.6,0.7,0.6875,0.0,0.0,11.0,5.0,34.8,0.4,0.1875,0.0,0.0,200.0,0.06896551724137931,0.1724137931034483,5,10,4.3,1.0
652,202110020609,0,0,0,1,2,0,1,24,0,0,0,0,0,0,0,1,1,0,0,18,0,0,0,0,0,0,0,0,1,0,0,2,0,0,0,0,0.0,0.0,100.0,8.0,36.0,0.5,0.0625,0.0,0.0,3.0,5.0,33.4,0.3,0.5,0.0,0.0,5.0,2.0,35.0,0.1,0.2222222222222222,-3.0,4.0,0.0,0.037037037037037035,0.2037037037037037,4,8,10.2,5.0
653,202110020609,0,0,0,2,1,0,0,6,0,0,0,1,0,0,0,1,0,0,0,3,0,0,0,1,0,0,0,1,0,0,0,2,0,0,0,1,0.0,0.0,90.0,6.0,43.1,1.7,0.1111111111111111,0.0,0.0,160.0,16.0,36.0,1.9,0.7777777777777778,0.0,0.0,100.0,15.0,34.7,1.6,1.0,4.5,-1.0,-200.0,0.05454545454545454,0.21818181818181817,3,6,15.9,6.0
654,202110020609,2,3,3,14,0,0,0,1,0,0,0,0,2,1,0,7,0,0,0,1,0,0,0,0,1,0,0,1,0,0,0,0,0,0,0,0,0.0,0.0,9.0,13.0,36.4,1.5,0.6923076923076923,0.0,0.0,9.0,11.0,34.9,0.8,0.11764705882352941,0.0,0.0,5.0,6.0,34.4,0.9,0.45454545454545453,-3.5,2.0,-200.0,0.18518518518518517,0.25925925925925924,7,14,4.7,2.0
655,202110020609,3,2,2,18,1,0,0,6,0,0,0,1,0,0,1,4,0,0,0,3,0,0,0,0,0,0,1,2,0,0,0,2,0,0,0,0,0.0,0.0,14.0,11.0,36.8,0.9,0.8125,0.0,0.0,9.0,16.0,36.8,2.5,0.625,0.0,0.0,9.0,12.0,35.3,1.1,0.7692307692307693,0.5,4.0,0.0,0.024096385542168676,0.14457831325301204,7,15,20.0,7.0
656,202110020609,0,0,0,1,3,2,3,22,0,0,0,0,0,0,0,1,0,0,2,10,0,0,0,0,0,0,0,0,0,0,2,2,0,0,0,0,0.0,0.0,7.0,14.0,34.0,0.8,0.9444444444444444,0.0,0.0,14.0,12.0,35.2,0.8,0.7777777777777778,0.0,0.0,2.0,14.0,36.1,1.6,0.4375,0.0,-6.0,0.0,0.10526315789473684,0.27631578947368424,1,2,34.8,13.0
657,202110020609,0,0,0,1,1,0,1,13,0,0,0,0,0,0,0,0,0,0,1,5,0,0,0,0,0,0,0,0,0,0,0,1,0,0,0,0,0.0,0.0,12.0,7.0,39.2,0.6,0.3076923076923077,0.0,0.0,10.0,7.0,36.2,0.5,0.1111111111111111,0.0,0.0,15.0,10.0,34.6,1.7,0.4444444444444444,1.5,11.0,-200.0,0.03333333333333333,0.13333333333333333,4,7,28.5,10.0
658,202110020609,1,2,2,8,0,0,1,4,0,0,1,3,1,1,0,6,0,0,0,2,0,0,0,2,1,0,0,2,0,0,0,1,0,0,0,1,0.0,0.0,3.0,1.0,37.5,0.0,0.6666666666666666,0.0,0.0,18.0,11.0,35.9,0.9,0.7777777777777778,0.0,0.0,13.0,15.0,35.1,1.1,0.9375,7.0,1.0,-300.0,0.0,0.18181818181818182,7,13,62.4,16.0
659,202110020609,4,2,1,34,2,0,1,24,0,0,0,2,3,0,0,7,1,0,0,18,0,0,0,1,1,0,0,4,1,0,0,2,0,0,0,0,0.0,0.0,1.0,8.0,36.4,0.4,0.23076923076923078,0.0,0.0,1.0,4.0,34.1,0.1,0.4444444444444444,0.0,0.0,7.0,3.0,33.5,0.3,0.8888888888888888,-2.5,4.0,0.0,0.05128205128205128,0.20512820512820512,5,9,5.2,3.0
660,202110020609,0,1,1,4,0,1,0,4,0,0,0,0,0,0,0,0,0,1,0,4,0,0,0,0,0,0,0,0,0,0,0,0,0,0,0,0,0.0,0.0,6.0,12.0,40.6,2.2,0.08333333333333333,0.0,0.0,12.0,9.0,36.0,0.7,0.07692307692307693,0.0,0.0,11.0,11.0,37.1,1.6,0.7142857142857143,-0.5,0.0,0.0,0.0392156862745098,0.11764705882352941,3,5,21.9,9.0
661,202110020609,1,0,3,13,0,1,0,4,0,0,0,0,1,0,2,5,0,1,0,2,0,0,0,0,1,0,0,2,0,1,0,2,0,0,0,0,0.0,0.0,3.0,1.0,39.3,0.0,0.375,0.0,0.0,12.0,10.0,37.9,1.8,0.6875,0.0,0.0,11.0,8.0,37.0,1.8,0.625,3.5,12.0,-300.0,0.12903225806451613,0.20967741935483872,2,4,9.2,4.0
662,202110020609,2,1,1,2,2,0,0,2,0,0,0,0,0,1,0,1,0,0,0,1,0,0,0,0,0,1,0,0,0,0,0,1,0,0,0,0,0.0,0.0,16.0,14.0,35.9,1.0,0.3125,0.0,0.0,16.0,14.0,35.0,2.1,0.9375,0.0,0.0,16.0,14.0,34.9,1.5,1.0,0.0,-6.0,-600.0,0.019230769230769232,0.07692307692307693,6,12,29.5,11.0
663,202110020609,4,2,1,34,1,1,1,7,1,0,0,1,3,0,0,7,1,0,0,2,1,0,0,0,1,0,0,4,0,0,0,0,0,0,0,0,0.0,0.0,6.0,9.0,36.4,1.8,0.9,0.0,0.0,15.0,13.0,35.5,0.8,0.6666666666666666,0.0,0.0,11.0,14.0,35.1,1.5,0.8333333333333334,2.5,28.0,350.0,0.02631578947368421,0.09210526315789473,8,18,56.5,15.0
664,202110020609,1,2,2,15,0,0,2,12,0,0,0,1,0,1,0,5,0,0,0,6,0,0,0,0,0,0,0,3,0,0,0,1,0,0,0,0,0.0,0.0,110.0,9.0,43.3,3.6,0.8181818181818182,0.0,0.0,110.0,8.0,36.7,1.4,0.5333333333333333,0.0,0.0,120.0,8.0,37.5,1.0,0.4666666666666667,-0.5,7.0,-400.0,0.05952380952380952,0.16666666666666666,8,16,20.3,8.0
665,202110020609,0,0,0,3,0,0,0,0,0,0,0,0,0,0,0,0,0,0,0,0,0,0,0,0,0,0,0,0,0,0,0,0,0,0,0,0,0.0,0.0,12.0,12.0,42.3,3.6,1.0,0.0,0.0,15.0,18.0,37.5,3.3,0.7777777777777778,0.0,0.0,12.0,15.0,36.5,1.0,0.2222222222222222,1.5,7.0,-200.0,0.045454545454545456,0.09090909090909091,2,3,31.6,12.0
666,202110020609,4,2,1,34,1,3,1,27,0,2,0,4,3,0,0,7,0,0,0,11,0,0,0,0,1,0,0,4,0,0,0,3,0,0,0,0,0.0,0.0,30.0,7.0,40.2,2.2,1.0,0.0,0.0,120.0,8.0,35.0,1.2,0.75,0.0,0.0,80.0,10.0,38.7,2.4,0.7272727272727273,1.5,9.0,-200.0,0.034482758620689655,0.13793103448275862,6,11,68.8,17.0
667,202110020609,2,1,1,2,0,0,0,5,0,0,0,0,0,1,0,1,0,0,0,4,0,0,0,0,0,1,0,0,0,0,0,3,0,0,0,0,0.0,0.0,12.0,7.0,40.2,2.2,0.9166666666666666,0.0,0.0,18.0,17.0,34.7,1.0,0.7222222222222222,0.0,0.0,8.0,8.0,35.7,2.0,0.625,0.5,-3.0,-200.0,0.034482758620689655,0.1724137931034483,1,1,81.9,18.0
668,202110020609,2,2,0,17,0,0,0,2,0,0,0,0,0,0,0,8,0,0,0,1,0,0,0,0,0,0,0,4,0,0,0,0,0,0,0,0,0.0,0.0,11.0,13.0,37.2,2.0,0.8461538461538461,0.0,0.0,8.0,11.0,39.7,1.4,0.5714285714285714,0.0,0.0,10.0,9.0,36.8,1.2,0.625,-2.0,2.0,0.0,0.07142857142857142,0.17857142857142858,8,17,49.3,14.0
669,202110020611,3,1,2,15,1,1,0,10,0,0,0,0,0,0,0,3,1,1,0,6,0,0,0,0,0,0,0,0,0,0,0,0,0,0,0,0,0.0,0.0,10.0,8.0,33.5,1.0,0.8666666666666667,0.0,0.0,4.0,1.0,34.7,0.0,0.7222222222222222,0.0,0.0,3.0,1.0,33.8,0.0,0.6923076923076923,-3.5,6.0,0.0,0.03636363636363636,0.21818181818181817,7,14,7.8,4.0
670,202110020611,0,0,0,5,0,0,0,1,0,0,0,0,0,0,0,2,0,0,0,1,0,0,0,0,0,0,0,0,0,0,0,0,0,0,0,0,0.0,0.0,5.0,15.0,46.9,13.5,0.8666666666666667,0.0,0.0,2.0,4.0,35.2,0.3,0.6875,0.0,0.0,5.0,2.0,35.3,0.1,0.4444444444444444,-6.5,-14.0,0.0,0.05357142857142857,0.23214285714285715,4,7,8.6,5.0
671,202110020611,2,3,3,14,0,0,2,12,0,0,1,1,2,1,0,7,0,0,0,6,0,0,0,1,0,0,0,0,0,0,0,0,0,0,0,0,0.0,0.0,6.0,5.0,38.6,0.5,0.9166666666666666,0.0,0.0,16.0,15.0,34.0,1.0,1.0,0.0,0.0,10.0,9.0,34.1,0.7,0.5,2.0,9.0,-500.0,0.17857142857142858,0.25,8,17,5.7,2.0
672,202110020611,0,1,0,15,1,3,1,27,0,0,0,2,0,0,0,6,0,0,0,11,0,0,0,2,0,0,0,0,0,0,0,0,0,0,0,0,0.0,0.0,12.0,1.0,33.9,0.0,0.8571428571428571,0.0,0.0,9.0,11.0,35.4,0.7,0.75,0.0,0.0,16.0,4.0,34.6,0.1,0.8888888888888888,1.5,10.0,0.0,0.0,0.0,5,9,81.6,16.0
673,202110020611,3,2,2,18,1,2,0,15,0,0,0,2,0,0,1,4,0,1,0,7,0,0,0,0,0,0,0,0,0,0,0,0,0,0,0,0,0.0,0.0,15.0,5.0,34.0,0.3,0.16666666666666666,0.0,0.0,7.0,14.0,38.0,1.9,0.21428571428571427,0.0,0.0,13.0,16.0,35.7,1.7,0.3888888888888889,5.5,8.0,-200.0,0.1038961038961039,0.2727272727272727,6,11,17.3,8.0
674,202110020611,0,0,2,9,2,0,1,24,0,0,0,1,0,0,1,5,1,0,0,18,0,0,0,1,0,0,0,0,0,0,0,0,0,0,0,0,0.0,0.0,18.0,7.0,33.6,0.1,0.6111111111111112,0.0,0.0,14.0,12.0,33.7,0.8,0.9333333333333333,0.0,0.0,12.0,13.0,35.5,1.1,0.5333333333333333,3.0,6.0,0.0,0.03333333333333333,0.13333333333333333,1,2,152.2,18.0
675,202110020611,2,3,0,5,2,0,0,1,1,0,0,0,1,1,0,1,1,0,0,1,1,0,0,0,0,0,0,0,0,0,0,0,0,0,0,0,0.0,0.0,11.0,10.0,34.4,0.7,0.5555555555555556,0.0,0.0,8.0,4.0,34.0,0.5,0.5454545454545454,0.0,0.0,15.0,14.0,34.8,0.6,0.375,2.0,2.0,0.0,0.03333333333333333,0.16666666666666666,8,18,21.1,11.0
676,202110020611,0,0,0,4,0,0,1,4,0,0,0,2,0,0,0,3,0,0,1,4,0,0,0,2,0,0,0,0,0,0,0,0,0,0,0,0,0.0,0.0,7.0,10.0,34.0,0.7,0.5625,0.0,0.0,3.0,1.0,34.0,0.0,0.8,0.0,0.0,1.0,6.0,34.0,0.6,0.7142857142857143,-2.0,2.0,0.0,0.07936507936507936,0.3492063492063492,5,10,7.1,3.0
677,202110020611,1,2,2,15,0,0,0,5,0,0,0,0,0,1,0,5,0,0,0,4,0,0,0,0,0,0,0,0,0,0,0,0,0,0,0,0,0.0,0.0,7.0,9.0,36.7,0.9,0.1875,0.0,0.0,9.0,12.0,35.6,0.9,0.1875,0.0,0.0,8.0,2.0,38.6,0.6,0.13333333333333333,-3.5,6.0,0.0,0.12698412698412698,0.20634920634920634,7,13,18.4,9.0
678,202110020611,1,2,4,16,0,0,0,2,0,0,0,0,0,0,4,12,0,0,0,1,0,0,0,0,0,0,0,0,0,0,0,0,0,0,0,0,0.0,0.0,4.0,8.0,13.2,2.5,0.3076923076923077,0.0,0.0,6.0,5.0,13.4,1.3,0.75,0.0,0.0,3.0,6.0,13.7,2.6,0.2,-1.0,0.0,-1650.0,0.018867924528301886,0.07547169811320754,3,6,56.3,14.0
679,202110020611,5,2,1,29,2,0,1,24,1,0,0,1,4,2,0,23,1,0,0,18,1,0,0,1,0,0,0,0,0,0,0,0,0,0,0,0,0.0,0.0,9.0,16.0,36.5,1.0,0.1111111111111111,0.0,0.0,10.0,6.0,36.0,0.1,0.13333333333333333,0.0,0.0,11.0,8.0,34.5,1.1,0.47058823529411764,-4.0,2.0,0.0,0.11538461538461539,0.23076923076923078,6,12,4.5,1.0
680,202110020611,3,1,2,15,1,3,1,27,1,0,0,4,0,0,0,3,0,0,0,11,0,0,0,0,0,0,0,0,0,0,0,0,0,0,0,0,0.0,0.0,90.0,8.0,39.7,3.0,0.7777777777777778,0.0,0.0,110.0,10.0,33.6,0.9,1.0,0.0,0.0,160.0,16.0,34.4,1.1,1.0,4.0,1.0,-200.0,0.058823529411764705,0.16470588235294117,4,8,18.5,10.0
681,202110020611,0,0,0,18,0,0,0,5,0,0,0,0,0,0,0,17,0,0,0,0,0,0,0,0,0,0,0,0,0,0,0,0,0,0,0,0,0.0,0.0,150.0,16.0,34.9,1.3,0.6875,0.0,0.0,140.0,14.0,35.1,1.5,0.7142857142857143,0.0,0.0,150.0,14.0,34.5,0.8,0.875,-1.0,0.0,0.0,0.05,0.2,1,1,11.3,6.0
682,202110020611,0,0,0,3,0,2,0,12,0,0,0,0,0,0,0,0,0,2,0,7,0,0,0,0,0,0,0,0,0,0,0,0,0,0,0,0,0.0,0.0,13.0,14.0,35.8,0.6,0.4444444444444444,0.0,0.0,13.0,11.0,35.9,0.9,0.47058823529411764,0.0,0.0,6.0,9.0,33.7,0.9,0.75,-2.5,4.0,0.0,0.0,0.2222222222222222,8,16,51.0,13.0
683,202110020611,0,2,1,3,0,1,0,1,0,1,0,0,0,2,1,3,0,1,0,0,0,1,0,0,0,0,0,0,0,0,0,0,0,0,0,0,0.0,0.0,12.0,10.0,34.5,1.2,0.9375,0.0,0.0,15.0,15.0,36.2,0.7,0.2777777777777778,0.0,0.0,8.0,3.0,33.6,1.0,0.9444444444444444,-3.5,10.0,200.0,0.025974025974025976,0.09090909090909091,3,5,65.4,15.0
684,202110020611,0,0,0,2,0,0,0,0,0,0,0,0,0,0,0,2,0,0,0,0,0,0,0,0,0,0,0,0,0,0,0,0,0,0,0,0,0.0,0.0,90.0,,,,0.7272727272727273,0.0,0.0,80.0,9.0,14.2,12.2,1.0,0.0,0.0,140.0,16.0,38.5,2.4,0.75,7.0,2.0,-1550.0,0.07058823529411765,0.17647058823529413,2,4,14.9,7.0
685,202110020611,0,0,0,2,0,0,0,1,0,0,0,0,0,0,0,2,0,0,0,1,0,0,0,0,0,0,0,0,0,0,0,0,0,0,0,0,0.0,0.0,11.0,13.0,35.2,1.8,0.38461538461538464,0.0,0.0,2.0,8.0,13.8,0.9,0.1111111111111111,0.0,0.0,1.0,5.0,13.6,1.4,0.45454545454545453,-4.0,0.0,0.0,0.043478260869565216,0.08695652173913043,2,3,46.5,12.0
686,202110020611,1,2,2,8,1,1,0,1,1,1,0,1,1,1,0,6,1,1,0,1,1,1,0,1,0,0,0,0,0,0,0,0,0,0,0,0,0.0,0.0,15.0,15.0,34.6,1.1,0.5333333333333333,0.0,0.0,14.0,14.0,34.6,1.0,0.35714285714285715,0.0,0.0,18.0,13.0,34.2,0.4,0.7777777777777778,-1.0,4.0,0.0,0.0,0.16666666666666666,7,15,90.0,17.0
687,202110020701,2,5,2,23,0,1,0,8,0,0,0,0,0,0,0,3,0,1,0,4,0,0,0,0,0,0,0,1,0,1,0,2,0,0,0,0,0.0,0.0,11.0,8.0,35.2,1.1,0.8235294117647058,0.0,0.0,13.0,8.0,37.0,1.1,0.8666666666666667,0.0,0.0,12.0,15.0,34.4,0.8,0.7777777777777778,3.5,-4.0,0.0,0.09523809523809523,0.09523809523809523,5,9,14.3,7.0
688,202110020701,1,0,3,34,1,0,1,17,0,0,0,4,1,0,3,25,1,0,0,8,0,0,0,3,0,0,0,6,1,0,0,3,0,0,0,1,0.0,0.0,3.0,8.0,45.8,5.3,0.125,0.0,0.0,5.0,11.0,36.0,1.6,0.4375,0.0,0.0,4.0,14.0,37.0,1.4,0.1111111111111111,3.0,-6.0,-200.0,0.023255813953488372,0.13953488372093023,5,10,6.9,4.0
689,202110020701,0,0,0,5,0,0,2,12,0,0,0,0,0,0,0,4,0,0,1,10,0,0,0,0,0,0,0,1,0,0,1,6,0,0,0,0,0.0,0.0,9.0,9.0,45.4,3.5,0.2,0.0,0.0,3.0,13.0,35.8,1.1,0.29411764705882354,0.0,0.0,1.0,3.0,34.8,0.0,0.2222222222222222,-3.0,1.0,-670.0,0.11940298507462686,0.19402985074626866,3,5,9.4,6.0
690,202110020701,0,0,0,0,0,0,2,12,0,0,0,0,0,0,0,0,0,0,1,10,0,0,0,0,0,0,0,0,0,0,1,6,0,0,0,0,0.0,0.0,2.0,2.0,39.1,0.0,0.5,0.0,0.0,11.0,13.0,34.8,1.0,0.75,0.0,0.0,8.0,5.0,34.6,0.1,0.625,1.5,-1.0,-200.0,,,7,14,4.6,2.0
691,202110020701,4,2,1,18,1,0,0,2,1,0,0,0,3,2,1,6,1,0,0,1,1,0,0,0,2,0,0,1,1,0,0,0,1,0,0,0,0.0,0.0,50.0,4.0,43.2,2.7,0.5384615384615384,0.0,0.0,100.0,10.0,35.8,1.2,0.7222222222222222,0.0,0.0,50.0,5.0,35.4,0.6,0.6666666666666666,0.5,16.0,-300.0,0.025,0.0875,2,3,7.3,5.0
692,202110020701,0,0,0,5,1,0,0,2,0,0,0,0,0,0,0,4,0,0,0,1,0,0,0,0,0,0,0,1,0,0,0,0,0,0,0,0,0.0,0.0,6.0,7.0,41.1,3.3,0.875,0.0,0.0,7.0,13.0,41.2,3.7,0.9285714285714286,0.0,0.0,3.0,8.0,34.8,1.0,0.8125,0.5,18.0,-200.0,0.0,0.21621621621621623,8,17,3.2,1.0
693,202110020701,0,0,0,0,0,0,0,0,0,0,0,0,0,0,0,0,0,0,0,0,0,0,0,0,0,0,0,0,0,0,0,0,0,0,0,0,0.0,0.0,9.0,10.0,44.9,7.5,1.0,0.0,0.0,12.0,12.0,40.6,1.7,0.13333333333333333,0.0,0.0,17.0,7.0,35.8,0.8,0.5,-1.5,-36.0,-200.0,0.025,0.125,3,6,202.6,17.0
694,202110020701,0,0,0,0,0,0,0,6,0,0,0,0,0,0,0,0,0,0,0,5,0,0,0,0,0,0,0,0,0,0,0,2,0,0,0,0,0.0,0.0,13.0,12.0,34.4,1.2,1.0,0.0,0.0,16.0,12.0,33.9,0.5,0.625,0.0,0.0,13.0,12.0,34.2,0.6,0.9375,0.0,-16.0,-200.0,0.1111111111111111,0.2716049382716049,6,11,52.2,9.0
695,202110020701,3,1,2,17,0,0,0,5,0,0,0,0,1,1,0,6,0,0,0,3,0,0,0,0,1,1,0,2,0,0,0,0,0,0,0,0,0.0,0.0,2.0,4.0,40.3,2.2,0.5714285714285714,0.0,0.0,11.0,14.0,40.1,2.0,0.4666666666666667,0.0,0.0,10.0,9.0,36.6,1.3,0.16666666666666666,2.5,7.0,-300.0,0.037037037037037035,0.1111111111111111,7,15,60.3,10.0
696,202110020701,0,0,0,3,0,0,0,2,0,0,0,0,0,0,0,2,0,0,0,2,0,0,0,0,0,0,0,1,0,0,0,0,0,0,0,0,0.0,0.0,20.0,60.0,42.4,1.7,0.7272727272727273,0.0,0.0,140.0,140.0,36.9,2.0,0.9333333333333333,0.0,0.0,90.0,100.0,38.1,4.4,1.0,20.0,23.0,-300.0,0.017857142857142856,0.07142857142857142,6,12,219.0,18.0
697,202110020701,1,0,0,1,1,1,0,11,0,0,0,0,1,0,0,1,1,1,0,6,0,0,0,0,0,0,0,0,1,0,0,4,0,0,0,0,0.0,0.0,100.0,10.0,42.0,2.4,0.1,0.0,0.0,70.0,13.0,36.2,0.9,0.125,0.0,0.0,30.0,11.0,37.9,1.8,0.4166666666666667,0.5,2.0,-200.0,0.024691358024691357,0.2839506172839506,2,4,31.6,8.0
698,202110020701,0,0,0,2,0,0,1,1,0,0,0,0,0,0,0,2,0,0,0,0,0,0,0,0,0,0,0,0,0,0,0,0,0,0,0,0,0.0,0.0,9.0,11.0,43.9,2.1,0.25,0.0,0.0,9.0,8.0,13.9,5.0,0.2727272727272727,0.0,0.0,13.0,13.0,38.3,2.7,0.5625,1.0,-17.0,-100.0,0.09090909090909091,0.18181818181818182,8,16,6.9,3.0
699,202110020701,0,0,0,0,1,1,0,11,0,0,0,0,0,0,0,0,1,1,0,6,0,0,0,0,0,0,0,0,1,0,0,4,0,0,0,0,0.0,0.0,11.0,11.0,43.0,4.3,0.4166666666666667,0.0,0.0,11.0,11.0,39.4,2.0,0.1875,0.0,0.0,13.0,8.0,40.2,1.6,0.1875,-1.5,25.0,-200.0,0.0,0.19230769230769232,4,7,83.2,12.0
700,202110020701,1,1,0,2,1,0,0,2,0,0,0,0,1,1,0,1,1,0,0,1,0,0,0,0,1,0,0,1,1,0,0,0,0,0,0,0,0.0,0.0,10.0,20.0,40.4,0.4,0.14285714285714285,0.0,0.0,160.0,140.0,37.6,2.2,0.1111111111111111,0.0,0.0,110.0,110.0,36.6,1.5,0.5,45.0,5.0,-100.0,0.023809523809523808,0.11904761904761904,1,2,196.2,16.0
701,202110020701,0,0,0,0,0,0,0,1,0,0,0,0,0,0,0,0,0,0,0,1,0,0,0,0,0,0,0,0,0,0,0,0,0,0,0,0,0.0,0.0,3.0,4.0,40.7,0.6,0.18181818181818182,0.0,0.0,13.0,14.0,39.3,2.3,0.4,0.0,0.0,11.0,15.0,41.4,3.9,0.0625,5.5,8.0,-100.0,0.038461538461538464,0.07692307692307693,7,13,96.8,13.0
702,202110020701,0,1,0,8,1,0,0,1,0,0,0,0,0,1,0,6,1,0,0,0,0,0,0,0,0,1,0,4,1,0,0,0,0,0,0,0,0.0,0.0,20.0,10.0,36.6,0.0,0.08333333333333333,0.0,0.0,150.0,150.0,39.9,4.3,0.625,0.0,0.0,110.0,160.0,37.8,3.0,0.6666666666666666,75.0,28.0,0.0,0.029411764705882353,0.17647058823529413,1,1,64.9,11.0
703,202110020701,0,0,0,0,0,0,0,0,0,0,0,0,0,0,0,0,0,0,0,0,0,0,0,0,0,0,0,0,0,0,0,0,0,0,0,0,0.0,0.0,7.0,8.0,44.7,5.8,0.875,0.0,0.0,13.0,11.0,41.9,2.6,0.5384615384615384,0.0,0.0,14.0,15.0,37.4,2.9,0.9375,3.5,-12.0,-200.0,,,8,18,157.0,14.0
704,202110020701,0,0,0,0,0,1,1,7,0,0,0,0,0,0,0,0,0,1,1,3,0,0,0,0,0,0,0,0,0,0,0,1,0,0,0,0,0.0,0.0,15.0,,,,,0.0,0.0,12.0,13.0,37.6,2.6,0.6875,0.0,0.0,8.0,8.0,41.4,1.9,0.75,-5.0,6.0,0.0,,,4,8,173.8,15.0
705,202110020710,0,1,0,0,1,1,1,7,0,0,0,0,0,0,0,0,1,0,0,2,0,0,0,0,0,0,0,0,0,0,0,0,0,0,0,0,0.0,0.0,50.0,,,,0.5,0.0,0.0,60.0,1.0,13.4,0.0,0.45454545454545453,0.0,0.0,110.0,13.0,33.3,0.8,0.5625,12.0,14.0,-1910.0,0.10126582278481013,0.26582278481012656,1,2,7.0,3.0
706,202110020710,0,0,0,4,0,0,0,0,0,0,0,0,0,0,0,3,0,0,0,0,0,0,0,0,0,0,0,3,0,0,0,0,0,0,0,0,0.0,0.0,10.0,9.0,36.1,0.7,0.8125,0.0,0.0,9.0,11.0,38.1,1.1,0.21428571428571427,0.0,0.0,6.0,8.0,33.5,0.4,0.6666666666666666,-0.5,-6.0,0.0,0.02531645569620253,0.26582278481012656,7,13,7.2,5.0
707,202110020710,1,0,0,4,2,0,1,24,0,0,0,1,1,0,0,3,1,0,0,18,0,0,0,1,1,0,0,0,1,0,0,2,0,0,0,0,0.0,0.0,10.0,1.0,35.2,0.0,0.16666666666666666,,,,,,,,,,,,,,,,,0.0,0.09523809523809523,0.16666666666666666,3,5,11.8,6.0
708,202110020710,1,1,0,10,1,1,2,17,0,1,0,0,0,1,0,7,1,1,1,6,0,1,0,0,0,0,0,4,0,0,0,1,0,0,0,0,0.0,0.0,2.0,1.0,35.1,0.0,0.2727272727272727,0.0,0.0,6.0,10.0,33.8,0.6,0.9166666666666666,0.0,0.0,7.0,3.0,33.3,0.1,0.9090909090909091,1.0,2.0,0.0,0.0,0.16666666666666666,8,17,18.4,8.0
709,202110020710,0,0,0,3,1,3,3,19,0,0,0,0,0,0,0,3,0,1,0,4,0,0,0,0,0,0,0,0,0,1,0,3,0,0,0,0,0.0,0.0,8.0,7.0,38.3,1.5,0.5,0.0,0.0,9.0,6.0,37.3,0.5,0.625,0.0,0.0,7.0,4.0,36.3,0.3,0.875,-1.5,-6.0,0.0,0.0967741935483871,0.1935483870967742,5,10,4.3,1.0
710,202110020710,4,2,1,34,0,0,0,13,0,0,0,1,3,0,0,7,0,0,0,7,0,0,0,1,1,0,0,4,0,0,0,2,0,0,0,0,0.0,0.0,3.0,4.0,38.1,0.7,0.6666666666666666,0.0,0.0,13.0,14.0,39.3,2.4,0.6875,0.0,0.0,13.0,10.0,39.0,1.3,0.25,3.0,8.0,-200.0,0.023809523809523808,0.14285714285714285,1,1,23.4,10.0
711,202110020710,0,0,0,6,0,0,0,0,0,0,0,0,0,0,0,6,0,0,0,0,0,0,0,0,0,0,0,1,0,0,0,0,0,0,0,0,0.0,0.0,12.0,16.0,36.5,1.5,0.5882352941176471,0.0,0.0,16.0,16.0,40.9,4.6,0.25,0.0,0.0,13.0,16.0,35.1,1.2,0.5555555555555556,0.0,-6.0,0.0,0.05263157894736842,0.05263157894736842,6,12,59.7,13.0
712,202110020710,0,0,0,0,3,2,3,22,0,0,0,0,0,0,0,0,0,0,2,10,0,0,0,0,0,0,0,0,0,0,2,2,0,0,0,0,0.0,0.0,10.0,16.0,39.3,2.1,0.4375,0.0,0.0,10.0,15.0,37.0,1.3,0.0625,0.0,0.0,9.0,14.0,35.5,1.0,0.05555555555555555,-1.0,10.0,0.0,0.05263157894736842,0.22807017543859648,2,4,4.6,2.0
713,202110020710,1,2,1,13,1,2,0,15,0,0,0,0,0,1,1,5,0,1,0,7,0,0,0,0,0,1,0,2,0,0,0,3,0,0,0,0,0.0,0.0,4.0,10.0,40.8,2.7,0.5,0.0,0.0,11.0,8.0,34.4,0.8,1.0,0.0,0.0,15.0,9.0,36.6,1.4,0.75,-0.5,3.0,-200.0,0.041666666666666664,0.08333333333333333,5,9,55.6,12.0
714,202110020710,0,1,1,4,0,0,2,12,0,0,0,0,0,1,1,4,0,0,0,6,0,0,0,0,0,0,1,1,0,0,0,1,0,0,0,0,0.0,0.0,8.0,5.0,35.2,0.5,0.6923076923076923,0.0,0.0,5.0,7.0,35.0,0.7,0.8181818181818182,0.0,0.0,9.0,5.0,33.5,0.4,0.5,0.0,-10.0,-600.0,0.12121212121212122,0.19696969696969696,8,15,7.1,4.0
715,202110020710,0,0,0,0,0,0,0,1,0,0,0,0,0,0,0,0,0,0,0,0,0,0,0,0,0,0,0,0,0,0,0,0,0,0,0,0,0.0,0.0,15.0,13.0,35.7,2.1,0.125,0.0,0.0,16.0,15.0,34.4,1.0,0.375,0.0,0.0,13.0,12.0,35.5,1.0,0.14285714285714285,-0.5,-16.0,0.0,0.05747126436781609,0.16091954022988506,7,14,17.9,7.0
716,202110020710,5,2,1,29,0,0,0,1,0,0,0,0,4,2,0,23,0,0,0,1,0,0,0,0,1,0,0,7,0,0,0,0,0,0,0,0,0.0,0.0,13.0,12.0,39.8,2.7,0.07692307692307693,0.0,0.0,8.0,9.0,40.2,1.4,0.2727272727272727,0.0,0.0,10.0,6.0,39.3,2.0,0.2727272727272727,-3.0,6.0,-600.0,0.030303030303030304,0.18181818181818182,8,16,22.3,9.0
717,202110020710,0,1,1,4,1,3,1,27,0,0,0,0,0,0,0,0,0,0,0,11,0,0,0,0,0,0,0,0,0,0,0,3,0,0,0,0,0.0,0.0,11.0,9.0,38.8,1.5,0.9166666666666666,0.0,0.0,15.0,15.0,35.2,1.2,0.5555555555555556,0.0,0.0,9.0,12.0,40.2,1.6,0.4,1.5,-2.0,-500.0,0.04081632653061224,0.12244897959183673,2,3,82.0,15.0
718,202110020710,0,0,0,4,0,0,0,3,0,0,0,0,0,0,0,2,0,0,0,0,0,0,0,0,0,0,0,0,0,0,0,0,0,0,0,0,0.0,0.0,8.0,6.0,13.7,9.1,0.5,0.0,0.0,11.0,,,,0.16666666666666666,0.0,0.0,13.0,14.0,13.7,7.9,0.42857142857142855,8.0,-12.0,-1660.0,0.02531645569620253,0.08860759493670886,6,11,143.1,17.0
719,202110020710,0,0,0,0,2,1,3,7,0,0,0,0,0,0,0,0,2,1,1,5,0,0,0,0,0,0,0,0,0,1,0,0,0,0,0,0,0.0,0.0,11.0,11.0,40.2,2.2,0.9166666666666666,0.0,0.0,12.0,8.0,37.4,1.4,0.3333333333333333,0.0,0.0,5.0,11.0,38.1,1.8,0.7272727272727273,0.0,0.0,-200.0,0.02564102564102564,0.1282051282051282,3,6,132.8,16.0
720,202110020710,0,0,1,13,0,1,0,8,0,0,0,1,0,0,1,8,0,0,0,5,0,0,0,1,0,0,1,1,0,0,0,2,0,0,0,0,0.0,0.0,8.0,9.0,41.8,1.5,0.18181818181818182,0.0,0.0,12.0,12.0,13.9,10.0,1.0,0.0,0.0,13.0,10.0,14.0,8.5,0.46153846153846156,0.5,13.0,-200.0,0.01818181818181818,0.07272727272727272,4,7,77.6,14.0
721,202110020710,0,0,0,5,0,0,0,0,0,0,0,0,0,0,0,3,0,0,0,0,0,0,0,0,0,0,0,0,0,0,0,0,0,0,0,0,0.0,0.0,11.0,,,,0.5882352941176471,0.0,0.0,15.0,3.0,35.0,0.4,0.6,0.0,0.0,12.0,10.0,36.9,1.5,0.15384615384615385,7.0,4.0,0.0,,,4,8,31.0,11.0
722,202110020712,0,0,0,3,0,0,2,16,0,0,0,0,0,0,0,2,0,0,1,10,0,0,0,0,0,0,0,0,0,0,0,3,0,0,0,0,0.0,0.0,20.0,4.0,34.9,0.4,0.1111111111111111,0.0,0.0,30.0,6.0,34.5,0.4,0.2777777777777778,0.0,0.0,20.0,4.0,34.9,0.3,0.23076923076923078,0.0,-8.0,0.0,0.05,0.05,5,10,3.7,1.0
723,202110020712,0,0,1,13,2,1,3,7,0,0,0,1,0,0,1,8,2,1,1,5,0,0,0,1,0,0,1,1,0,1,0,0,0,0,0,0,0.0,0.0,2.0,9.0,39.2,2.6,0.2,0.0,0.0,13.0,15.0,34.8,1.2,0.7222222222222222,0.0,0.0,14.0,8.0,34.6,0.4,0.8125,-0.5,1.0,200.0,0.0,0.16,1,1,33.8,11.0
724,202110020712,0,0,0,18,0,0,0,0,0,0,0,0,0,0,0,17,0,0,0,0,0,0,0,0,0,0,0,9,0,0,0,0,0,0,0,0,0.0,0.0,30.0,2.0,35.4,0.0,0.16666666666666666,0.0,0.0,100.0,6.0,35.2,0.6,0.38461538461538464,0.0,0.0,60.0,11.0,36.8,1.3,0.07692307692307693,4.5,-4.0,0.0,0.025,0.275,4,8,3.9,3.0
725,202110020712,3,1,2,15,2,1,1,12,0,0,0,1,0,0,0,3,1,0,0,3,0,0,0,0,0,0,0,1,0,0,0,0,0,0,0,0,0.0,0.0,110.0,4.0,40.2,3.1,0.8181818181818182,0.0,0.0,120.0,15.0,35.9,1.7,0.875,0.0,0.0,60.0,9.0,34.6,0.8,0.9375,2.5,6.0,-300.0,0.12307692307692308,0.2,2,3,22.9,7.0
726,202110020712,0,0,0,3,0,0,0,1,0,0,0,0,0,0,0,3,0,0,0,1,0,0,0,0,0,0,0,0,0,0,0,0,0,0,0,0,0.0,0.0,6.0,6.0,41.1,3.3,0.3333333333333333,0.0,0.0,15.0,14.0,38.8,1.9,0.0625,0.0,0.0,18.0,15.0,35.2,1.4,0.8333333333333334,4.5,0.0,-500.0,0.03125,0.1875,8,18,11.9,4.0
727,202110020712,1,2,0,11,0,0,2,16,0,0,0,1,0,0,0,3,0,0,1,10,0,0,0,1,0,0,0,1,0,0,0,3,0,0,0,1,0.0,0.0,4.0,11.0,37.8,2.5,0.16666666666666666,0.0,0.0,8.0,13.0,36.5,0.8,0.1875,0.0,0.0,6.0,1.0,34.7,0.0,0.11764705882352941,-5.0,-2.0,0.0,0.1125,0.275,7,15,3.8,2.0
728,202110020712,0,0,1,3,0,0,0,1,0,0,0,0,0,0,1,1,0,0,0,0,0,0,0,0,0,0,0,1,0,0,0,0,0,0,0,0,0.0,0.0,110.0,12.0,35.2,1.0,0.3333333333333333,0.0,0.0,80.0,7.0,35.6,0.9,0.3333333333333333,0.0,0.0,160.0,4.0,35.4,0.4,0.3888888888888889,-4.0,-2.0,0.0,0.018518518518518517,0.07407407407407407,6,11,28.2,8.0
729,202110020712,0,0,1,5,0,0,1,0,0,0,0,0,0,0,0,4,0,0,1,0,0,0,0,0,0,0,0,1,0,0,0,0,0,0,0,0,0.0,0.0,12.0,9.0,40.5,1.7,1.0,0.0,0.0,14.0,12.0,38.3,1.0,0.7857142857142857,0.0,0.0,12.0,12.0,34.6,1.2,0.9333333333333333,1.5,17.0,-200.0,0.09302325581395349,0.18604651162790697,8,17,28.8,9.0
730,202110020712,0,1,1,12,2,0,1,24,0,0,0,0,0,0,0,5,1,0,0,18,0,0,0,0,0,0,0,2,1,0,0,2,0,0,0,0,0.0,0.0,18.0,9.0,35.4,1.0,0.6111111111111112,0.0,0.0,18.0,13.0,35.1,1.1,0.8333333333333334,0.0,0.0,13.0,9.0,38.0,0.9,0.5714285714285714,0.0,2.0,0.0,0.0,0.2222222222222222,5,9,203.7,18.0
731,202110020712,0,0,0,18,0,0,0,2,0,0,0,0,0,0,0,17,0,0,0,2,0,0,0,0,0,0,0,9,0,0,0,1,0,0,0,0,0.0,0.0,8.0,9.0,41.4,3.4,0.5,0.0,0.0,10.0,13.0,37.8,1.4,0.8125,0.0,0.0,16.0,8.0,34.7,0.5,0.2777777777777778,-0.5,-4.0,-200.0,0.04,0.08,7,14,16.5,5.0
732,202110020712,1,2,2,15,0,1,0,3,0,0,0,0,0,1,0,5,0,1,0,3,0,0,0,0,0,0,0,3,0,1,0,2,0,0,0,0,0.0,0.0,80.0,9.0,44.0,2.2,0.2,0.0,0.0,140.0,12.0,35.3,1.2,0.75,0.0,0.0,160.0,17.0,36.6,2.8,0.9444444444444444,4.0,2.0,-200.0,0.05357142857142857,0.23214285714285715,2,4,37.1,12.0
733,202110020712,1,0,0,15,0,0,0,1,0,0,0,1,1,0,0,12,0,0,0,1,0,0,0,1,0,0,0,1,0,0,0,1,0,0,0,1,0.0,0.0,11.0,13.0,38.4,1.8,0.6,0.0,0.0,4.0,10.0,38.3,1.5,0.38461538461538464,0.0,0.0,10.0,12.0,36.4,1.4,0.16666666666666666,-0.5,0.0,0.0,0.03773584905660377,0.11320754716981132,4,7,33.1,10.0
734,202110020712,1,2,2,8,0,0,1,4,0,0,1,3,1,1,0,6,0,0,0,2,0,0,0,2,1,0,0,2,0,0,0,1,0,0,0,1,0.0,0.0,150.0,12.0,36.4,1.3,0.25,0.0,0.0,130.0,11.0,35.3,0.8,0.2,0.0,0.0,150.0,5.0,34.9,0.3,0.2222222222222222,-3.5,6.0,0.0,0.05813953488372093,0.16279069767441862,1,2,107.6,16.0
735,202110020712,0,0,1,13,0,0,2,6,0,0,1,3,0,0,1,8,0,0,2,2,0,0,1,1,0,0,1,1,0,0,1,1,0,0,1,1,0.0,0.0,4.0,,,,0.3,0.0,0.0,8.0,11.0,13.6,6.0,0.6923076923076923,0.0,0.0,4.0,3.0,14.1,1.5,0.6666666666666666,-8.0,4.0,-1770.0,0.02564102564102564,0.08974358974358974,8,16,148.8,17.0
736,202110020712,1,2,4,16,0,0,2,2,0,0,0,0,0,0,4,12,0,0,1,2,0,0,0,0,0,0,0,2,0,0,1,2,0,0,0,0,0.0,0.0,90.0,90.0,42.9,2.9,0.7777777777777778,0.0,0.0,140.0,70.0,35.2,0.6,0.25,0.0,0.0,70.0,80.0,35.0,0.8,0.2777777777777778,-5.0,7.0,-200.0,0.023529411764705882,0.1411764705882353,3,5,16.9,6.0
737,202110020712,2,3,0,5,0,0,0,0,0,0,0,0,1,1,0,1,0,0,0,0,0,0,0,0,1,1,0,0,0,0,0,0,0,0,0,0,0.0,0.0,14.0,10.0,35.3,1.2,0.29411764705882354,0.0,0.0,9.0,12.0,36.5,0.5,0.2777777777777778,0.0,0.0,10.0,6.0,35.7,0.6,0.35714285714285715,-2.0,6.0,-400.0,0.09375,0.1875,6,12,45.1,13.0
738,202110020712,5,2,1,29,1,1,2,17,1,0,0,0,4,2,0,23,1,1,1,6,1,0,0,0,1,0,0,7,0,0,0,1,0,0,0,0,0.0,0.0,5.0,5.0,41.8,1.6,0.8888888888888888,0.0,0.0,14.0,17.0,37.3,2.1,0.05555555555555555,0.0,0.0,13.0,6.0,34.7,0.7,0.07142857142857142,0.5,20.0,-200.0,0.02631578947368421,0.13157894736842105,3,6,78.5,14.0
739,202110020712,0,0,0,3,0,0,0,0,0,0,0,0,0,0,0,0,0,0,0,0,0,0,0,0,0,0,0,0,0,0,0,0,0,0,0,0,0.0,0.0,12.0,12.0,42.3,3.6,1.0,0.0,0.0,15.0,18.0,37.5,3.3,0.7777777777777778,0.0,0.0,12.0,15.0,36.5,1.0,0.2222222222222222,1.5,7.0,-200.0,0.041666666666666664,0.125,7,13,91.4,15.0
740,202110020801,0,0,2,9,1,3,1,27,0,0,0,1,0,0,1,5,0,0,0,11,0,0,0,0,0,0,0,2,0,0,0,3,0,0,0,0,0.0,0.0,14.0,10.0,33.7,0.5,0.8823529411764706,0.0,0.0,14.0,11.0,34.3,1.1,0.5,0.0,0.0,9.0,5.0,36.0,0.7,0.375,-2.5,8.0,0.0,0.027777777777777776,0.16666666666666666,7,13,3.4,2.0
741,202110020801,0,0,0,3,2,0,0,1,0,0,0,0,0,0,0,0,1,0,0,1,0,0,0,0,0,0,0,0,0,0,0,0,0,0,0,0,0.0,0.0,80.0,9.0,40.4,2.2,0.2727272727272727,0.0,0.0,50.0,12.0,35.9,0.9,0.1875,0.0,0.0,50.0,4.0,36.0,0.3,0.25,-2.5,4.0,-200.0,0.022727272727272728,0.11363636363636363,6,12,2.9,1.0
742,202110020801,0,1,0,15,4,1,2,8,0,0,0,1,0,0,0,6,1,0,0,4,0,0,0,0,0,0,0,3,0,0,0,2,0,0,0,0,0.0,0.0,3.0,12.0,43.4,4.1,0.25,0.0,0.0,6.0,6.0,35.5,0.5,0.4375,0.0,0.0,2.0,9.0,35.4,0.9,0.16666666666666666,-1.5,-3.0,-300.0,0.0,0.0,5,10,29.9,10.0
743,202110020801,0,0,0,3,0,0,0,0,0,0,0,0,0,0,0,2,0,0,0,0,0,0,0,0,0,0,0,1,0,0,0,0,0,0,0,0,0.0,0.0,1.0,1.0,38.9,0.0,0.1111111111111111,0.0,0.0,13.0,13.0,38.0,1.1,0.1875,0.0,0.0,10.0,8.0,37.6,1.4,0.875,3.5,11.0,-300.0,0.03571428571428571,0.21428571428571427,3,6,185.7,16.0
744,202110020801,5,2,1,29,0,0,0,13,0,0,0,2,4,2,0,23,0,0,0,7,0,0,0,2,1,1,0,5,0,0,0,1,0,0,0,0,0.0,0.0,70.0,70.0,39.9,2.0,0.7272727272727273,0.0,0.0,110.0,110.0,37.0,1.9,0.75,0.0,0.0,110.0,110.0,37.3,3.4,0.9166666666666666,20.0,-6.0,-200.0,0.024691358024691357,0.08641975308641975,4,7,136.9,14.0
745,202110020801,0,0,0,18,0,0,0,1,0,0,0,0,0,0,0,17,0,0,0,1,0,0,0,0,0,0,0,3,0,0,0,1,0,0,0,0,0.0,0.0,10.0,6.0,39.9,1.3,0.5833333333333334,0.0,0.0,11.0,12.0,35.3,1.3,0.75,0.0,0.0,9.0,9.0,34.5,0.9,0.75,1.5,34.0,-300.0,0.022727272727272728,0.14772727272727273,4,8,13.4,6.0
746,202110020801,0,0,0,0,0,0,1,1,0,0,0,0,0,0,0,0,0,0,0,0,0,0,0,0,0,0,0,0,0,0,0,0,0,0,0,0,0.0,0.0,8.0,4.0,41.3,0.4,0.5,0.0,0.0,8.0,6.0,40.5,1.3,0.125,0.0,0.0,5.0,4.0,38.1,0.4,0.1875,0.0,23.0,-200.0,0.10843373493975904,0.26506024096385544,3,5,8.7,3.0
747,202110020801,2,0,1,5,0,1,0,5,0,0,0,0,2,0,1,4,0,1,0,3,0,0,0,0,0,0,0,3,0,0,0,1,0,0,0,0,0.0,0.0,60.0,7.0,40.2,1.3,0.5454545454545454,0.0,0.0,150.0,13.0,38.0,1.8,0.9375,0.0,0.0,180.0,18.0,34.4,1.5,0.8888888888888888,5.5,-9.0,-400.0,0.11594202898550725,0.2028985507246377,8,16,23.8,7.0
748,202110020801,0,0,0,18,0,0,0,0,0,0,0,0,0,0,0,17,0,0,0,0,0,0,0,0,0,0,0,3,0,0,0,0,0,0,0,0,0.0,0.0,7.0,7.0,36.7,1.3,0.75,0.0,0.0,12.0,12.0,36.5,1.1,1.0,0.0,0.0,17.0,17.0,34.4,1.4,0.8888888888888888,5.0,7.0,300.0,0.05084745762711865,0.23728813559322035,2,3,61.3,12.0
749,202110020801,5,2,1,29,1,0,0,8,0,0,0,3,4,2,0,23,0,0,0,6,0,0,0,2,1,1,0,5,0,0,0,5,0,0,0,1,0.0,0.0,3.0,10.0,43.0,1.9,0.1,0.0,0.0,6.0,11.0,36.2,1.1,0.2222222222222222,0.0,0.0,5.0,10.0,36.2,0.8,0.16666666666666666,0.0,17.0,-100.0,0.16666666666666666,0.26666666666666666,8,17,10.2,5.0
750,202110020801,1,2,4,16,0,0,1,3,0,0,0,0,0,0,4,12,0,0,1,3,0,0,0,0,0,0,2,1,0,0,1,3,0,0,0,0,0.0,0.0,10.0,8.0,38.4,2.0,0.7,0.0,0.0,12.0,14.0,37.7,2.6,0.375,0.0,0.0,11.0,12.0,39.5,3.1,0.75,2.0,7.0,0.0,0.05172413793103448,0.22413793103448276,1,2,29.2,9.0
751,202110020801,0,0,1,13,0,2,0,12,0,0,0,0,0,0,1,8,0,2,0,7,0,0,0,0,0,0,0,6,0,0,0,0,0,0,0,0,0.0,0.0,8.0,12.0,45.7,5.5,0.08333333333333333,0.0,0.0,13.0,13.0,38.2,3.2,0.3076923076923077,0.0,0.0,11.0,10.0,13.6,4.0,0.16666666666666666,-1.0,23.0,-300.0,0.0,0.20512820512820512,1,1,37.5,11.0
752,202110020801,1,2,2,15,0,0,2,12,0,0,0,1,0,1,0,5,0,0,0,6,0,0,0,0,0,1,0,1,0,0,0,2,0,0,0,0,0.0,0.0,30.0,90.0,40.5,1.3,0.09090909090909091,0.0,0.0,40.0,90.0,40.9,1.5,0.14285714285714285,0.0,0.0,60.0,100.0,35.2,0.7,0.75,5.0,-3.0,-100.0,0.06896551724137931,0.1724137931034483,7,14,9.5,4.0
753,202110020801,0,0,0,5,0,0,0,0,0,0,0,0,0,0,0,2,0,0,0,0,0,0,0,0,0,0,0,1,0,0,0,0,0,0,0,0,0.0,0.0,13.0,11.0,33.7,1.8,0.7777777777777778,0.0,0.0,12.0,10.0,35.5,1.6,0.8125,0.0,0.0,7.0,6.0,36.5,0.6,0.8666666666666667,-2.5,-6.0,200.0,0.08571428571428572,0.2,8,18,24.9,8.0
754,202110020801,2,0,1,5,1,1,1,6,0,0,0,0,2,0,1,4,1,0,1,5,0,0,0,0,0,0,0,3,1,0,0,0,0,0,0,0,0.0,0.0,7.0,6.0,41.5,1.0,0.4,0.0,0.0,13.0,16.0,40.9,4.0,0.125,0.0,0.0,16.0,12.0,36.3,1.4,0.8125,3.0,10.0,-200.0,0.056179775280898875,0.15730337078651685,5,9,225.3,18.0
755,202110020801,0,0,0,0,0,0,0,0,0,0,0,0,0,0,0,0,0,0,0,0,0,0,0,0,0,0,0,0,0,0,0,0,0,0,0,0,0.0,0.0,30.0,1.0,38.7,0.0,0.4,0.0,0.0,70.0,10.0,34.1,1.4,0.16666666666666666,0.0,0.0,130.0,5.0,37.0,0.6,0.4666666666666667,2.0,4.0,-200.0,0.017543859649122806,0.07017543859649122,7,15,101.3,13.0
756,202110020801,0,0,0,1,0,0,0,2,0,0,0,0,0,0,0,0,0,0,0,2,0,0,0,0,0,0,0,0,0,0,0,1,0,0,0,0,0.0,0.0,110.0,9.0,39.0,1.2,0.9166666666666666,0.0,0.0,110.0,13.0,38.9,2.2,0.1875,0.0,0.0,150.0,7.0,37.6,1.5,0.5625,-1.0,40.0,-400.0,0.03571428571428571,0.07142857142857142,6,11,190.8,17.0
757,202110020801,5,2,1,29,0,0,0,3,0,0,0,0,4,2,0,23,0,0,0,1,0,0,0,0,1,1,0,5,0,0,0,0,0,0,0,0,0.0,0.0,50.0,11.0,41.4,7.0,1.0,0.0,0.0,160.0,16.0,38.4,4.8,1.0,0.0,0.0,160.0,16.0,39.3,3.6,0.9375,2.5,28.0,-100.0,0.04,0.12,2,4,145.3,15.0
758,202110020807,0,0,0,3,0,0,0,0,0,0,0,0,0,0,0,2,0,0,0,0,0,0,0,0,0,0,0,0,0,0,0,0,0,0,0,0,0.0,0.0,12.0,15.0,36.1,2.3,0.06666666666666667,0.0,0.0,14.0,17.0,35.0,0.8,0.5294117647058824,0.0,0.0,8.0,11.0,37.8,1.9,0.16666666666666666,-2.0,-2.0,-400.0,0.0,0.18518518518518517,3,6,17.3,6.0
759,202110020807,0,0,0,5,0,0,0,5,0,0,0,0,0,0,0,3,0,0,0,2,0,0,0,0,0,0,0,0,0,0,0,1,0,0,0,0,0.0,0.0,8.0,13.0,39.5,1.7,0.125,0.0,0.0,3.0,11.0,36.9,2.6,0.36363636363636365,0.0,0.0,10.0,16.0,34.3,1.2,0.6875,1.5,0.0,0.0,0.08823529411764706,0.17647058823529413,6,12,21.3,8.0
760,202110020807,0,0,0,3,2,1,3,7,0,0,0,0,0,0,0,0,2,1,1,5,0,0,0,0,0,0,0,0,0,1,0,0,0,0,0,0,0.0,0.0,100.0,10.0,42.3,2.0,0.6,0.0,0.0,110.0,14.0,38.0,1.9,0.625,0.0,0.0,,,,,,4.0,-17.0,-200.0,0.13636363636363635,0.13636363636363635,3,5,69.6,14.0
761,202110020807,1,2,1,13,0,0,0,2,0,0,0,0,0,1,1,5,0,0,0,2,0,0,0,0,0,1,0,2,0,0,0,0,0,0,0,0,0.0,0.0,10.0,2.0,33.5,0.1,0.42857142857142855,0.0,0.0,20.0,2.0,34.2,0.0,1.0,0.0,0.0,80.0,5.0,34.2,0.6,0.6666666666666666,1.5,-2.0,0.0,,,1,2,4.2,2.0
762,202110020807,2,1,1,2,0,2,0,12,0,1,0,0,0,1,0,1,0,2,0,7,0,1,0,0,0,1,0,0,0,1,0,2,0,1,0,0,0.0,0.0,12.0,11.0,38.0,2.5,1.0,0.0,0.0,12.0,14.0,34.6,1.0,0.8823529411764706,0.0,0.0,6.0,8.0,36.1,2.2,0.8,-1.5,0.0,-1200.0,0.02857142857142857,0.17142857142857143,8,16,2.7,1.0
763,202110020807,0,0,1,3,1,0,0,6,0,0,0,0,0,0,0,1,0,0,0,3,0,0,0,0,0,0,0,0,0,0,0,2,0,0,0,0,0.0,0.0,9.0,9.0,41.3,7.8,1.0,0.0,0.0,15.0,15.0,34.7,1.0,0.9375,0.0,0.0,12.0,7.0,35.5,0.4,0.6666666666666666,-1.0,32.0,-200.0,0.0,0.21052631578947367,4,7,103.2,16.0
764,202110020807,0,0,0,18,0,0,0,2,0,0,0,2,0,0,0,17,0,0,0,2,0,0,0,2,0,0,0,9,0,0,0,2,0,0,0,2,0.0,0.0,7.0,3.0,36.9,0.6,0.2,0.0,0.0,12.0,12.0,34.7,1.1,0.6666666666666666,0.0,0.0,12.0,10.0,34.7,0.9,0.26666666666666666,3.5,-4.0,380.0,0.07692307692307693,0.35384615384615387,5,9,44.4,11.0
765,202110020807,0,0,0,18,1,3,1,6,0,0,0,2,0,0,0,17,0,2,0,5,0,0,0,2,0,0,0,9,0,0,0,2,0,0,0,2,0.0,0.0,6.0,4.0,40.5,0.4,1.0,0.0,0.0,6.0,11.0,36.1,3.2,1.0,0.0,0.0,10.0,6.0,38.4,2.5,0.38461538461538464,1.0,8.0,-200.0,0.024390243902439025,0.2804878048780488,7,13,6.0,3.0
766,202110020807,0,0,1,5,0,0,1,0,0,0,0,0,0,0,0,4,0,0,1,0,0,0,0,0,0,0,0,1,0,0,0,0,0,0,0,0,0.0,0.0,10.0,11.0,43.8,3.1,0.8181818181818182,0.0,0.0,13.0,14.0,34.2,1.0,0.625,0.0,0.0,16.0,7.0,33.9,0.4,0.8888888888888888,-2.0,-7.0,-200.0,0.056818181818181816,0.1590909090909091,8,17,53.1,12.0
767,202110020807,1,2,4,16,0,0,0,1,0,0,0,0,0,0,4,12,0,0,0,0,0,0,0,0,0,0,0,2,0,0,0,0,0,0,0,0,0.0,0.0,18.0,9.0,35.1,0.8,0.8888888888888888,0.0,0.0,9.0,13.0,33.9,1.6,0.6111111111111112,0.0,0.0,11.0,15.0,35.8,2.8,0.6666666666666666,3.0,-6.0,0.0,0.11764705882352941,0.20588235294117646,1,1,40.1,10.0
768,202110020807,5,2,1,29,1,1,2,8,0,0,1,2,4,2,0,23,0,0,1,1,0,0,0,1,1,0,0,7,0,0,1,1,0,0,0,1,0.0,0.0,11.0,10.0,35.7,1.1,0.35714285714285715,0.0,0.0,3.0,3.0,32.5,0.3,0.4444444444444444,0.0,0.0,7.0,6.0,35.5,2.3,0.8,-2.0,-4.0,200.0,,,6,11,16.9,5.0
769,202110020807,0,0,0,2,1,0,0,6,0,0,0,1,0,0,0,1,0,0,0,3,0,0,0,1,0,0,0,1,0,0,0,2,0,0,0,1,0.0,0.0,90.0,6.0,43.1,1.7,0.1111111111111111,0.0,0.0,160.0,16.0,36.0,1.9,0.7777777777777778,0.0,0.0,100.0,15.0,34.7,1.6,1.0,4.5,-1.0,-200.0,0.05172413793103448,0.2413793103448276,2,3,8.8,4.0
770,202110020807,0,0,1,13,0,0,0,0,0,0,0,0,0,0,1,8,0,0,0,0,0,0,0,0,0,0,1,1,0,0,0,0,0,0,0,0,0.0,0.0,60.0,3.0,39.4,1.6,0.75,0.0,0.0,180.0,12.0,35.8,0.8,0.2222222222222222,0.0,0.0,160.0,10.0,35.2,1.1,0.8888888888888888,3.5,1.0,-300.0,0.022988505747126436,0.14942528735632185,7,14,27.7,9.0
771,202110020807,2,1,1,2,0,0,0,0,0,0,0,0,0,1,0,1,0,0,0,0,0,0,0,0,0,1,0,0,0,0,0,0,0,0,0,0,0.0,0.0,15.0,14.0,36.9,1.9,0.875,0.0,0.0,18.0,17.0,37.2,1.6,0.5555555555555556,0.0,0.0,18.0,14.0,35.6,1.0,0.8333333333333334,0.0,-12.0,0.0,0.037037037037037035,0.07407407407407407,2,4,58.3,13.0
772,202110020807,0,0,1,3,0,0,0,2,0,0,0,1,0,0,0,1,0,0,0,1,0,0,0,1,0,0,0,0,0,0,0,0,0,0,0,0,0.0,0.0,,,,,,0.0,0.0,130.0,13.0,38.4,1.4,0.4666666666666667,0.0,0.0,130.0,16.0,37.4,2.8,1.0,3.0,6.0,0.0,0.03636363636363636,0.10909090909090909,5,10,70.5,15.0
773,202110020807,2,3,3,14,1,2,0,15,0,0,0,0,2,1,0,7,0,1,0,7,0,0,0,0,1,0,0,1,0,0,0,3,0,0,0,0,0.0,0.0,5.0,7.0,41.1,1.0,0.45454545454545453,0.0,0.0,7.0,16.0,35.6,1.1,0.5882352941176471,0.0,0.0,11.0,7.0,35.3,0.8,0.3888888888888889,0.0,13.0,-30.0,0.10975609756097561,0.2682926829268293,8,15,20.8,7.0
774,202110020807,0,0,1,13,0,0,1,4,0,0,0,0,0,0,1,8,0,0,0,2,0,0,0,0,0,0,1,1,0,0,0,1,0,0,0,0,0.0,0.0,70.0,100.0,43.6,6.2,0.8,0.0,0.0,170.0,170.0,36.3,2.2,0.8823529411764706,0.0,0.0,90.0,90.0,13.9,5.4,0.6666666666666666,-5.0,19.0,-200.0,0.023255813953488372,0.11627906976744186,4,8,333.0,17.0
775,202110030101,7,4,6,52,0,0,1,0,0,0,0,0,6,3,5,37,0,0,1,0,0,0,0,0,1,2,3,10,0,0,0,0,0,0,0,0,0.0,0.0,20.0,2.0,34.5,0.2,0.6666666666666666,,,,,,,,,,,,,,,,,0.0,0.09523809523809523,0.2261904761904762,3,3,1.7,1.0
776,202110030101,0,0,0,3,2,3,5,11,0,0,0,0,0,0,0,0,1,1,5,5,0,0,0,0,0,0,0,0,0,0,0,2,0,0,0,0,0.0,0.0,8.0,9.0,35.7,1.3,0.2,0.0,0.0,14.0,11.0,34.6,0.9,0.125,0.0,0.0,13.0,14.0,34.4,0.7,0.125,2.5,-14.0,0.0,0.06818181818181818,0.20454545454545456,4,4,11.6,4.0
777,202110030101,3,6,1,31,3,3,1,14,2,1,0,5,3,2,0,14,3,1,1,5,2,0,0,3,0,2,0,5,0,0,0,0,0,0,0,0,0.0,0.0,140.0,14.0,38.7,2.0,0.2,0.0,0.0,150.0,5.0,36.6,0.6,0.1875,0.0,0.0,70.0,1.0,39.2,0.0,0.23076923076923078,-6.5,6.0,-500.0,0.09090909090909091,0.18181818181818182,6,6,2.7,2.0
778,202110030101,0,0,0,1,7,4,7,49,0,0,0,0,0,0,0,1,2,0,4,26,0,0,0,0,0,0,0,0,2,0,2,10,0,0,0,0,0.0,0.0,1.0,5.0,39.8,0.8,0.45454545454545453,0.0,0.0,15.0,11.0,37.1,1.4,0.625,0.0,0.0,2.0,12.0,39.1,1.8,0.21428571428571427,3.5,5.0,-300.0,0.05555555555555555,0.20833333333333334,2,2,10.8,3.0
779,202110030101,0,3,0,10,1,0,0,3,0,0,0,0,0,2,0,6,1,0,0,3,0,0,0,0,0,0,0,4,0,0,0,0,0,0,0,0,0.0,0.0,30.0,60.0,35.9,0.5,1.0,0.0,0.0,120.0,110.0,36.5,1.7,0.5,0.0,0.0,100.0,90.0,36.7,1.1,0.75,15.0,8.0,-500.0,0.028985507246376812,0.18840579710144928,5,5,58.6,7.0
780,202110030101,3,0,4,35,7,6,1,71,0,0,0,2,0,0,1,19,5,4,0,35,0,0,0,1,0,0,0,6,1,2,0,11,0,0,0,1,0.0,0.0,8.0,,,,,0.0,0.0,15.0,16.0,43.0,8.4,0.8125,0.0,0.0,10.0,9.0,37.7,1.9,0.625,-7.0,10.0,-200.0,0.0,0.3333333333333333,1,1,48.2,5.0
781,202110030101,0,0,0,8,0,2,1,10,0,0,0,0,0,0,0,4,0,1,0,4,0,0,0,0,0,0,0,3,0,0,0,3,0,0,0,0,0.0,0.0,40.0,7.0,41.2,2.1,1.0,0.0,0.0,90.0,8.0,37.5,2.6,0.6666666666666666,0.0,0.0,60.0,7.0,35.6,2.1,0.8571428571428571,0.0,16.0,-200.0,0.038461538461538464,0.11538461538461539,7,7,54.2,6.0
782,202110030105,3,4,3,36,1,0,0,3,0,0,0,1,2,1,0,15,1,0,0,3,0,0,0,1,1,1,0,4,1,0,0,1,0,0,0,0,0.0,0.0,8.0,9.0,40.8,4.1,0.4444444444444444,0.0,0.0,15.0,15.0,40.9,4.3,0.8,0.0,0.0,3.0,7.0,38.0,2.8,0.7142857142857143,-1.0,15.0,-200.0,0.07575757575757576,0.3484848484848485,8,15,3.2,1.0
783,202110030105,2,0,0,8,0,0,0,0,0,0,0,0,2,0,0,8,0,0,0,0,0,0,0,0,0,0,0,0,0,0,0,0,0,0,0,0,0.0,0.0,14.0,12.0,38.4,2.8,0.8571428571428571,0.0,0.0,15.0,12.0,38.2,2.2,0.6,0.0,0.0,13.0,13.0,38.9,2.3,0.46153846153846156,0.5,2.0,0.0,0.3333333333333333,0.696969696969697,7,14,6.1,4.0
784,202110030105,1,0,0,6,3,2,4,14,0,0,0,0,0,0,0,4,1,1,2,7,0,0,0,0,0,0,0,3,0,0,1,3,0,0,0,0,0.0,0.0,6.0,7.0,41.2,1.5,0.18181818181818182,0.0,0.0,2.0,5.0,36.0,0.9,0.21428571428571427,0.0,0.0,3.0,2.0,35.6,0.2,0.15384615384615385,-2.5,15.0,-200.0,0.09375,0.09375,5,9,4.6,2.0
785,202110030105,0,0,0,0,0,0,0,0,0,0,0,0,0,0,0,0,0,0,0,0,0,0,0,0,0,0,0,0,0,0,0,0,0,0,0,0,0.0,0.0,80.0,50.0,39.1,2.6,1.0,0.0,0.0,180.0,150.0,35.5,2.6,0.8888888888888888,0.0,0.0,50.0,110.0,36.9,1.0,0.4375,30.0,2.0,-200.0,0.08108108108108109,0.1891891891891892,5,10,30.1,8.0
786,202110030105,0,2,0,11,0,1,0,3,0,0,0,0,0,2,0,11,0,0,0,3,0,0,0,0,0,0,0,1,0,0,0,1,0,0,0,0,0.0,0.0,110.0,80.0,39.6,2.0,0.45454545454545453,0.0,0.0,100.0,130.0,37.3,2.3,0.8571428571428571,0.0,0.0,140.0,160.0,35.6,2.4,0.875,40.0,19.0,-100.0,0.06666666666666667,0.06666666666666667,4,7,99.1,13.0
787,202110030105,0,0,0,0,0,0,0,0,0,0,0,0,0,0,0,0,0,0,0,0,0,0,0,0,0,0,0,0,0,0,0,0,0,0,0,0,0.0,0.0,10.0,12.0,43.9,4.7,0.3333333333333333,0.0,0.0,17.0,17.0,38.0,3.5,0.1111111111111111,0.0,0.0,14.0,13.0,36.8,1.3,0.5625,0.5,9.0,-30.0,0.02857142857142857,0.18571428571428572,8,16,108.0,14.0
788,202110030105,0,0,0,7,0,0,1,2,0,0,0,0,0,0,0,6,0,0,0,1,0,0,0,0,0,0,0,2,0,0,0,0,0,0,0,0,0.0,0.0,8.0,9.0,41.0,3.7,0.6,0.0,0.0,18.0,17.0,35.8,3.5,0.9444444444444444,0.0,0.0,14.0,14.0,43.1,7.9,0.35714285714285715,2.5,0.0,-100.0,0.0547945205479452,0.2054794520547945,3,5,5.3,3.0
789,202110030105,0,0,1,0,2,4,6,41,0,0,0,0,0,0,1,0,1,3,3,30,0,0,0,0,0,0,0,0,0,1,0,3,0,0,0,0,0.0,0.0,10.0,16.0,40.1,4.5,0.6875,0.0,0.0,11.0,8.0,35.9,1.1,0.5625,,,,,,,,-8.0,-4.0,0.0,0.03125,0.125,1,1,63.7,11.0
790,202110030105,1,1,1,7,0,0,0,1,0,0,0,0,1,1,1,7,0,0,0,1,0,0,0,0,0,0,1,3,0,0,0,0,0,0,0,0,0.0,0.0,8.0,7.0,40.0,2.7,1.0,0.0,0.0,14.0,13.0,41.1,3.0,0.8,0.0,0.0,10.0,6.0,40.5,3.0,0.7,-0.5,21.0,-800.0,0.0,0.06451612903225806,1,2,28.9,7.0
791,202110030105,0,0,1,3,1,0,1,17,0,0,0,0,0,0,1,3,1,0,0,11,0,0,0,0,0,0,0,2,1,0,0,2,0,0,0,0,0.0,0.0,6.0,7.0,40.9,0.8,0.8181818181818182,0.0,0.0,12.0,12.0,36.2,1.7,0.5,0.0,0.0,8.0,4.0,34.5,0.8,0.7857142857142857,-1.5,27.0,-200.0,0.0,0.0,6,12,25.8,6.0
792,202110030105,0,0,0,1,0,0,1,5,0,0,0,0,0,0,0,0,0,0,1,4,0,0,0,0,0,0,0,0,0,0,1,1,0,0,0,0,0.0,0.0,2.0,6.0,36.7,1.6,0.7,0.0,0.0,11.0,11.0,38.7,2.1,0.25,0.0,0.0,7.0,7.0,37.2,1.8,0.42857142857142855,0.5,-18.0,300.0,0.0,0.0,2,4,55.7,10.0
793,202110030105,0,0,0,7,1,0,0,12,0,0,0,0,0,0,0,6,1,0,0,9,0,0,0,0,0,0,0,2,0,0,0,2,0,0,0,0,0.0,0.0,3.0,1.0,37.7,0.0,0.9,0.0,0.0,17.0,12.0,35.6,1.4,0.6111111111111112,0.0,0.0,16.0,13.0,38.0,1.5,0.125,6.0,18.0,-100.0,0.0,0.25,4,8,211.0,16.0
794,202110030105,0,0,0,4,7,6,1,71,0,0,0,2,0,0,0,4,5,4,0,35,0,0,0,2,0,0,0,2,0,1,0,12,0,0,0,1,0.0,0.0,12.0,16.0,40.5,5.5,0.875,0.0,0.0,14.0,11.0,36.6,2.4,0.42857142857142855,0.0,0.0,13.0,8.0,36.8,0.9,0.5333333333333333,-4.0,-10.0,0.0,0.1111111111111111,0.2222222222222222,3,6,127.0,15.0
795,202110030105,1,2,0,18,6,8,5,64,1,0,0,0,1,2,0,18,3,2,0,30,1,0,0,0,0,0,0,0,0,1,0,3,0,0,0,0,0.0,0.0,11.0,11.0,44.3,6.2,0.8181818181818182,0.0,0.0,14.0,13.0,34.2,2.5,0.75,0.0,0.0,16.0,14.0,36.8,1.9,0.2777777777777778,1.5,21.0,-200.0,0.1,0.15,2,3,49.3,9.0
796,202110030105,0,0,0,7,3,1,0,5,0,0,0,0,0,0,0,6,3,1,0,1,0,0,0,0,0,0,0,2,0,0,0,1,0,0,0,0,0.0,0.0,10.0,10.0,39.8,2.8,1.0,0.0,0.0,16.0,16.0,44.3,7.1,0.5625,0.0,0.0,11.0,10.0,35.2,1.7,0.9285714285714286,0.0,7.0,-30.0,0.14285714285714285,0.3968253968253968,7,13,8.6,5.0
797,202110030105,0,0,0,4,0,0,0,6,0,0,0,0,0,0,0,4,0,0,0,4,0,0,0,0,0,0,0,2,0,0,0,1,0,0,0,0,0.0,0.0,7.0,6.0,39.7,1.7,0.8333333333333334,0.0,0.0,15.0,15.0,36.8,2.2,1.0,0.0,0.0,12.0,16.0,36.2,2.6,0.9375,5.0,31.0,-200.0,0.06779661016949153,0.2542372881355932,6,11,84.5,12.0
798,202110030110,0,0,0,0,0,0,0,0,0,0,0,0,0,0,0,0,0,0,0,0,0,0,0,0,0,0,0,0,0,0,0,0,0,0,0,0,0.0,0.0,4.0,17.0,36.5,2.1,0.16666666666666666,0.0,0.0,4.0,9.0,34.2,0.7,0.5333333333333333,0.0,0.0,1.0,16.0,35.3,0.8,0.125,-0.5,2.0,0.0,0.3225806451612903,0.7096774193548387,7,8,5.3,2.0
799,202110030110,3,6,1,31,3,3,1,14,2,1,0,5,3,2,0,14,3,1,1,5,2,0,0,3,0,0,0,1,0,0,0,0,0,0,0,0,0.0,0.0,20.0,8.0,35.0,1.2,0.36363636363636365,0.0,0.0,10.0,9.0,36.2,0.8,0.18181818181818182,0.0,0.0,10.0,1.0,35.3,0.0,0.23076923076923078,-3.5,8.0,0.0,0.05714285714285714,0.2,7,9,5.6,3.0
800,202110030110,1,0,4,12,7,11,6,84,1,0,1,1,1,0,4,10,4,5,4,47,1,0,1,1,0,0,0,0,0,0,1,4,0,0,0,0,0.0,0.0,110.0,7.0,34.7,1.0,0.875,0.0,0.0,110.0,5.0,33.9,0.3,0.42857142857142855,0.0,0.0,80.0,10.0,34.1,0.8,0.9090909090909091,1.5,-12.0,0.0,0.06666666666666667,0.23333333333333334,3,3,18.0,8.0
801,202110030110,15,7,8,83,0,1,0,3,0,0,0,0,10,4,5,49,0,0,0,2,0,0,0,0,1,0,1,4,0,0,0,0,0,0,0,0,0.0,0.0,130.0,13.0,40.7,3.0,0.13333333333333333,0.0,0.0,80.0,14.0,38.2,1.2,0.0625,0.0,0.0,40.0,13.0,37.1,1.5,0.375,0.0,-8.0,-200.0,0.11764705882352941,0.24509803921568626,8,11,37.3,10.0
802,202110030110,7,4,6,52,2,0,0,6,1,0,0,3,6,3,5,37,2,0,0,6,1,0,0,3,0,1,0,2,0,0,0,0,0,0,0,0,0.0,0.0,150.0,15.0,38.2,2.3,0.6875,0.0,0.0,120.0,13.0,34.5,1.0,0.7222222222222222,0.0,0.0,70.0,7.0,34.2,0.6,0.25,-4.0,18.0,0.0,0.14516129032258066,0.4032258064516129,1,1,3.5,1.0
803,202110030110,21,21,21,102,1,0,1,2,1,0,0,2,6,4,3,30,1,0,0,1,1,0,0,1,1,1,0,3,0,0,0,0,0,0,0,0,0.0,0.0,9.0,13.0,36.4,1.5,0.6923076923076923,0.0,0.0,9.0,11.0,34.9,0.8,0.11764705882352941,0.0,0.0,5.0,6.0,34.4,0.9,0.45454545454545453,-3.5,2.0,-200.0,0.06741573033707865,0.1797752808988764,8,10,7.8,5.0
804,202110030110,0,0,1,3,0,0,0,2,0,0,0,0,0,0,1,3,0,0,0,0,0,0,0,0,0,0,0,0,0,0,0,0,0,0,0,0,0.0,0.0,5.0,7.0,39.5,1.5,0.9,0.0,0.0,8.0,14.0,34.5,0.8,0.8823529411764706,0.0,0.0,16.0,5.0,34.6,0.3,0.7222222222222222,-1.0,-7.0,-100.0,0.10588235294117647,0.25882352941176473,2,2,6.9,4.0
805,202110030110,1,3,2,27,2,3,3,40,0,0,1,0,1,2,1,14,1,2,3,17,0,0,1,0,0,0,0,0,0,1,0,0,0,0,0,0,0.0,0.0,11.0,12.0,34.3,0.8,0.46153846153846156,0.0,0.0,10.0,11.0,32.7,0.5,0.7222222222222222,0.0,0.0,4.0,7.0,33.0,0.6,0.5,-2.5,0.0,0.0,0.0963855421686747,0.2289156626506024,5,5,18.2,9.0
806,202110030110,0,1,0,5,1,0,4,11,0,0,0,0,0,1,0,2,1,0,2,5,0,0,0,0,0,0,0,0,0,0,0,0,0,0,0,0,0.0,0.0,90.0,9.0,40.3,1.8,0.45454545454545453,0.0,0.0,110.0,9.0,34.7,1.2,0.45454545454545453,0.0,0.0,80.0,8.0,35.5,2.8,0.25,-0.5,28.0,-200.0,0.06382978723404255,0.14893617021276595,6,7,208.4,11.0
807,202110030110,7,6,3,55,0,0,0,1,0,0,0,1,1,3,2,19,0,0,0,0,0,0,0,0,0,0,0,1,0,0,0,0,0,0,0,0,0.0,0.0,9.0,8.0,38.6,2.0,0.8,0.0,0.0,16.0,14.0,38.3,1.4,0.4375,0.0,0.0,10.0,11.0,37.8,2.4,0.18181818181818182,1.5,-4.0,0.0,0.06976744186046512,0.20930232558139536,6,6,11.9,7.0
808,202110030110,1,0,2,17,1,1,1,4,0,0,0,0,1,0,2,11,1,0,0,1,0,0,0,0,0,0,0,0,0,0,0,0,0,0,0,0,0.0,0.0,5.0,9.0,37.2,1.9,0.25,0.0,0.0,8.0,13.0,37.2,1.4,0.5,0.0,0.0,5.0,2.0,36.4,0.4,0.0625,-3.5,2.0,0.0,0.06896551724137931,0.25862068965517243,4,4,9.3,6.0
809,202110030112,15,7,8,83,2,5,2,19,0,0,0,1,10,4,5,49,1,4,2,9,0,0,0,0,1,1,2,15,0,3,0,0,0,0,0,0,0.0,0.0,13.0,15.0,36.4,1.5,0.06666666666666667,0.0,0.0,10.0,14.0,35.1,1.0,0.16666666666666666,0.0,0.0,3.0,9.0,33.8,0.7,0.16666666666666666,-3.0,-6.0,-200.0,0.05084745762711865,0.22033898305084745,7,12,3.2,1.0
810,202110030112,0,0,0,0,0,0,0,0,0,0,0,0,0,0,0,0,0,0,0,0,0,0,0,0,0,0,0,0,0,0,0,0,0,0,0,0,0.0,0.0,40.0,7.0,35.0,0.6,0.35714285714285715,0.0,0.0,20.0,1.0,34.5,0.0,0.4,0.0,0.0,20.0,5.0,34.8,0.8,0.375,-1.0,2.0,0.0,0.034482758620689655,0.20689655172413793,4,5,15.9,7.0
811,202110030112,0,0,0,7,0,0,0,10,0,0,0,0,0,0,0,6,0,0,0,4,0,0,0,0,0,0,0,2,0,0,0,1,0,0,0,0,0.0,0.0,9.0,10.0,39.1,2.2,0.4,0.0,0.0,12.0,10.0,35.4,0.7,0.14285714285714285,0.0,0.0,11.0,9.0,35.7,0.8,0.9230769230769231,-0.5,22.0,0.0,0.06818181818181818,0.17045454545454544,8,13,42.0,9.0
812,202110030112,0,0,0,0,1,0,0,3,0,0,0,0,0,0,0,0,0,0,0,2,0,0,0,0,0,0,0,0,0,0,0,0,0,0,0,0,0.0,0.0,10.0,9.0,42.1,2.1,0.7,0.0,0.0,5.0,13.0,48.4,12.3,0.8461538461538461,0.0,0.0,5.0,,,,,4.0,-29.0,-200.0,0.056338028169014086,0.2112676056338028,7,11,8.0,4.0
813,202110030112,0,2,3,6,7,4,7,49,0,0,0,0,0,2,2,4,2,0,4,26,0,0,0,0,0,0,0,0,0,0,0,3,0,0,0,0,0.0,0.0,1.0,8.0,38.9,1.6,0.5555555555555556,0.0,0.0,11.0,11.0,40.4,2.3,0.4166666666666667,0.0,0.0,12.0,13.0,35.0,1.1,0.9285714285714286,2.5,3.0,0.0,0.05,0.05,8,14,9.2,6.0
814,202110030112,3,3,0,30,4,0,1,32,0,0,0,1,3,1,0,18,2,0,1,12,0,0,0,0,0,0,0,8,0,0,0,0,0,0,0,0,0.0,0.0,80.0,8.0,34.7,1.3,0.375,0.0,0.0,,,,,,0.0,0.0,90.0,7.0,34.8,0.7,0.5882352941176471,-1.0,0.0,-400.0,0.0,0.5,4,6,30.9,8.0
815,202110030112,6,4,3,33,10,5,7,57,2,2,1,4,4,1,0,15,5,2,3,30,1,1,0,2,0,0,0,2,0,0,0,7,0,0,0,1,0.0,0.0,4.0,11.0,37.8,2.5,0.16666666666666666,0.0,0.0,8.0,13.0,36.5,0.8,0.1875,0.0,0.0,6.0,1.0,34.7,0.0,0.11764705882352941,-5.0,-2.0,0.0,0.34375,0.71875,6,10,5.0,3.0
816,202110030112,2,4,5,9,1,0,0,0,1,0,0,0,2,2,5,3,1,0,0,0,1,0,0,0,1,1,4,0,0,0,0,0,0,0,0,0,0.0,0.0,10.0,13.0,38.8,1.7,0.1875,0.0,0.0,8.0,13.0,36.6,1.8,0.07142857142857142,0.0,0.0,5.0,8.0,34.8,0.7,0.35714285714285715,-2.5,4.0,-200.0,0.0392156862745098,0.11764705882352941,5,7,8.7,5.0
817,202110030112,3,6,1,31,3,3,1,14,2,1,0,5,3,2,0,14,3,1,1,5,2,0,0,3,1,0,0,6,0,0,0,4,0,0,0,3,0.0,0.0,150.0,12.0,36.4,1.3,0.25,0.0,0.0,130.0,11.0,35.3,0.8,0.2,0.0,0.0,150.0,5.0,34.9,0.3,0.2222222222222222,-3.5,6.0,0.0,0.0,0.0,1,1,81.4,12.0
818,202110030112,0,0,0,3,0,2,0,9,0,0,0,0,0,0,0,2,0,0,0,3,0,0,0,0,0,0,0,0,0,0,0,1,0,0,0,0,0.0,0.0,40.0,6.0,43.3,1.3,0.09090909090909091,0.0,0.0,160.0,14.0,37.1,1.2,0.4375,0.0,0.0,100.0,11.0,36.9,1.3,0.5,2.5,36.0,-200.0,0.0975609756097561,0.23170731707317074,2,2,206.2,14.0
819,202110030112,1,0,4,12,6,8,5,64,0,0,0,2,1,0,4,10,3,2,0,30,0,0,0,2,1,0,0,0,1,1,0,5,0,0,0,0,0.0,0.0,3.0,8.0,39.4,2.3,0.6666666666666666,0.0,0.0,10.0,9.0,36.3,0.8,0.9375,0.0,0.0,9.0,5.0,36.1,0.2,0.8125,-1.5,9.0,-550.0,0.07142857142857142,0.21428571428571427,3,3,55.5,10.0
820,202110030112,1,0,4,12,0,0,0,16,0,0,0,0,1,0,4,10,0,0,0,5,0,0,0,0,1,0,0,0,0,0,0,0,0,0,0,0,0.0,0.0,14.0,15.0,37.8,2.1,0.8125,0.0,0.0,14.0,14.0,39.0,3.9,0.6428571428571429,0.0,0.0,9.0,9.0,40.7,1.8,0.2222222222222222,-3.0,4.0,0.0,0.029411764705882353,0.19117647058823528,3,4,64.8,11.0
821,202110030112,1,1,2,30,0,1,0,17,0,0,0,0,1,0,2,21,0,0,0,7,0,0,0,0,0,0,0,3,0,0,0,1,0,0,0,0,0.0,0.0,30.0,3.0,34.6,0.1,0.15384615384615385,0.0,0.0,20.0,1.0,34.9,0.0,0.0625,0.0,0.0,20.0,3.0,35.4,0.4,0.16666666666666666,0.0,-6.0,0.0,0.10714285714285714,0.2619047619047619,6,9,4.5,2.0
822,202110030112,21,21,21,102,0,0,0,3,0,0,0,0,6,4,3,30,0,0,0,1,0,0,0,0,3,1,2,5,0,0,0,1,0,0,0,0,0.0,0.0,6.0,8.0,41.0,2.8,0.625,0.0,0.0,14.0,16.0,44.6,8.3,0.0625,0.0,0.0,12.0,12.0,37.9,3.7,1.0,2.0,6.0,-300.0,0.11650485436893204,0.24271844660194175,5,8,148.9,13.0
823,202110030202,0,0,0,0,1,5,2,15,0,0,0,0,0,0,0,0,0,1,1,9,0,0,0,0,0,0,0,0,0,1,1,5,0,0,0,0,0.0,0.0,1.0,,,,1.0,0.0,0.0,5.0,1.0,34.8,0.0,0.2222222222222222,0.0,0.0,1.0,7.0,37.3,0.9,0.25,6.0,4.0,0.0,0.11428571428571428,0.23809523809523808,2,4,11.5,5.0
824,202110030202,3,6,1,31,0,0,0,3,0,0,0,0,3,2,0,14,0,0,0,2,0,0,0,0,0,2,0,5,0,0,0,2,0,0,0,0,0.0,0.0,4.0,10.0,35.3,0.9,0.5,0.0,0.0,1.0,7.0,35.7,0.6,0.16666666666666666,0.0,0.0,2.0,2.0,35.1,0.1,0.2777777777777778,-4.0,-8.0,-600.0,0.0975609756097561,0.14634146341463414,7,13,13.5,6.0
825,202110030202,0,0,1,3,0,2,1,10,0,0,0,0,0,0,1,3,0,1,0,4,0,0,0,0,0,0,1,0,0,0,0,3,0,0,0,0,0.0,0.0,13.0,12.0,34.8,1.3,0.7142857142857143,0.0,0.0,12.0,15.0,35.1,1.3,0.2,0.0,0.0,13.0,8.0,35.6,0.5,0.1111111111111111,-2.0,-10.0,0.0,0.0273972602739726,0.1780821917808219,7,14,76.8,10.0
826,202110030202,0,0,1,11,7,7,8,94,0,0,1,3,0,0,0,4,1,4,1,34,0,0,0,0,0,0,0,2,1,1,1,14,0,0,0,0,0.0,0.0,12.0,17.0,36.5,2.3,0.4117647058823529,0.0,0.0,9.0,4.0,33.9,0.4,0.7333333333333333,0.0,0.0,8.0,17.0,36.2,1.7,0.6111111111111112,0.0,2.0,-200.0,0.3055555555555556,0.6944444444444444,8,16,5.5,2.0
827,202110030202,0,0,0,1,0,0,0,0,0,0,0,0,0,0,0,1,0,0,0,0,0,0,0,0,0,0,0,0,0,0,0,0,0,0,0,0,0.0,0.0,20.0,11.0,35.6,0.9,0.6111111111111112,0.0,0.0,10.0,12.0,42.3,4.0,0.1875,0.0,0.0,20.0,4.0,34.9,0.2,0.6,-3.5,12.0,-200.0,0.06557377049180328,0.2459016393442623,4,8,10.3,4.0
828,202110030202,7,4,6,52,0,0,1,8,0,0,0,0,6,3,5,37,0,0,1,4,0,0,0,0,1,2,3,10,0,0,0,3,0,0,0,0,0.0,0.0,90.0,3.0,33.9,0.7,1.0,0.0,0.0,12.0,11.0,34.1,1.7,0.5294117647058824,0.0,0.0,8.0,7.0,35.1,0.3,0.3125,2.0,-2.0,0.0,0.0,0.05555555555555555,4,7,42.8,8.0
829,202110030202,3,3,3,41,1,1,0,8,0,0,0,0,1,1,1,20,0,0,0,2,0,0,0,0,0,0,0,9,0,0,0,1,0,0,0,0,0.0,0.0,9.0,9.0,42.7,2.8,0.3,0.0,0.0,10.0,16.0,35.3,1.8,0.3333333333333333,0.0,0.0,8.0,6.0,36.2,1.0,0.25,-1.5,-3.0,-200.0,0.0,0.0625,1,2,47.3,9.0
830,202110030202,0,2,3,6,0,1,1,7,0,1,1,0,0,2,2,4,0,1,1,4,0,1,1,0,0,1,1,2,0,1,1,3,0,1,1,0,0.0,0.0,3.0,12.0,46.3,5.0,0.25,0.0,0.0,7.0,3.0,35.0,0.1,0.11764705882352941,0.0,0.0,3.0,4.0,34.1,0.4,0.1111111111111111,-4.0,22.0,-200.0,0.13846153846153847,0.4,6,11,2.0,1.0
831,202110030202,0,0,0,0,0,0,0,6,0,0,0,0,0,0,0,0,0,0,0,5,0,0,0,0,0,0,0,0,0,0,0,0,0,0,0,0,0.0,0.0,3.0,9.0,41.1,1.7,0.6,0.0,0.0,12.0,8.0,33.9,0.6,0.9230769230769231,0.0,0.0,13.0,9.0,34.8,1.1,0.8333333333333334,0.0,16.0,-200.0,0.0,0.18181818181818182,2,3,96.8,13.0
832,202110030202,0,0,0,0,1,1,0,16,0,0,0,0,0,0,0,0,1,1,0,7,0,0,0,0,0,0,0,0,0,0,0,1,0,0,0,0,0.0,0.0,3.0,10.0,35.2,1.2,0.6111111111111112,0.0,0.0,5.0,2.0,35.7,0.8,0.16666666666666666,0.0,0.0,3.0,14.0,41.4,2.6,0.6875,2.0,0.0,0.0,0.11363636363636363,0.26136363636363635,5,10,7.0,3.0
833,202110030202,6,4,7,72,7,6,1,71,0,0,0,0,1,0,0,11,5,4,0,35,0,0,0,0,1,0,0,5,1,2,0,11,0,0,0,0,0.0,0.0,7.0,8.0,38.2,2.3,0.7777777777777778,0.0,0.0,15.0,14.0,35.9,1.6,0.5625,0.0,0.0,15.0,11.0,35.2,1.2,0.6111111111111112,1.5,17.0,0.0,0.10465116279069768,0.23255813953488372,1,1,164.5,15.0
834,202110030202,2,3,4,40,5,2,5,58,0,0,2,3,1,1,2,15,3,1,1,25,0,0,0,1,1,1,0,6,0,0,0,10,0,0,0,1,0.0,0.0,18.0,12.0,34.9,1.3,0.8888888888888888,0.0,0.0,13.0,12.0,38.8,2.4,0.8666666666666667,0.0,0.0,16.0,13.0,36.5,1.8,0.6111111111111112,0.5,0.0,0.0,0.0,0.09090909090909091,8,17,409.7,18.0
835,202110030202,5,4,3,28,2,3,3,40,0,0,0,2,1,3,2,11,1,2,3,17,0,0,0,1,0,1,1,6,1,1,2,5,0,0,0,0,0.0,0.0,30.0,60.0,41.0,1.3,0.3,0.0,0.0,140.0,130.0,34.8,1.5,0.9444444444444444,0.0,0.0,160.0,140.0,35.0,1.5,0.7222222222222222,40.0,12.0,-200.0,0.08823529411764706,0.11764705882352941,7,15,150.6,14.0
836,202110030202,7,4,3,27,1,0,4,11,0,0,0,0,0,1,0,8,1,0,2,5,0,0,0,0,0,0,0,5,0,0,1,4,0,0,0,0,0.0,0.0,4.0,5.0,39.9,1.0,0.1111111111111111,0.0,0.0,12.0,14.0,35.4,1.6,0.7777777777777778,0.0,0.0,11.0,10.0,39.0,2.8,0.5333333333333333,2.5,16.0,-200.0,0.023809523809523808,0.11904761904761904,3,6,88.1,12.0
837,202110030202,1,3,1,5,10,5,7,57,0,0,0,0,0,3,0,4,5,2,3,30,0,0,0,0,0,0,0,3,3,1,2,10,0,0,0,0,0.0,0.0,11.0,15.0,35.8,1.9,0.6111111111111112,0.0,0.0,15.0,15.0,37.9,2.1,0.1111111111111111,0.0,0.0,6.0,10.0,39.8,2.0,0.26666666666666666,-2.5,6.0,0.0,0.03636363636363636,0.10909090909090909,3,5,86.9,11.0
838,202110030202,1,2,0,18,1,1,0,8,0,0,0,0,1,2,0,18,1,1,0,8,0,0,0,0,0,0,0,2,1,0,0,4,0,0,0,0,0.0,0.0,,,,,,0.0,0.0,80.0,70.0,38.4,1.6,0.16666666666666666,0.0,0.0,170.0,160.0,34.7,2.0,1.0,90.0,,-200.0,0.0,0.0,8,18,333.1,17.0
839,202110030202,11,13,9,84,5,2,5,58,1,0,0,3,2,3,4,26,3,1,1,25,0,0,0,0,0,2,2,15,0,0,0,10,0,0,0,0,0.0,0.0,11.0,8.0,39.6,2.1,0.9166666666666666,0.0,0.0,9.0,14.0,36.4,1.5,0.13333333333333333,0.0,0.0,14.0,6.0,35.3,0.4,0.1111111111111111,-1.0,25.0,-300.0,0.06593406593406594,0.17582417582417584,5,9,16.7,7.0
840,202110030202,1,0,0,6,4,0,1,32,0,0,0,0,0,0,0,4,2,0,1,12,0,0,0,0,0,0,0,0,1,0,0,7,0,0,0,0,0.0,0.0,9.0,12.0,44.4,4.9,0.25,0.0,0.0,16.0,18.0,37.6,2.9,0.2777777777777778,0.0,0.0,13.0,13.0,38.0,2.2,0.5625,0.5,4.0,-300.0,0.0,0.16666666666666666,6,12,323.1,16.0
841,202110030206,1,2,0,18,0,2,1,10,0,0,0,0,1,2,0,18,0,1,0,4,0,0,0,0,0,0,0,0,0,0,0,0,0,0,0,0,,,,,,,,,,,,,,,,,,,,,,,,,0.13636363636363635,0.3939393939393939,5,6,1.7,1.0
842,202110030206,1,0,0,6,0,2,1,10,0,0,0,0,0,0,0,4,0,1,0,4,0,0,0,0,0,0,0,3,0,0,0,0,0,0,0,0,0.0,0.0,9.0,9.0,37.1,1.7,1.0,0.0,0.0,12.0,9.0,34.5,0.4,1.0,0.0,0.0,10.0,10.0,35.0,1.1,0.7,0.5,-10.0,-200.0,0.08571428571428572,0.11428571428571428,1,1,19.3,4.0
843,202110030206,0,0,0,0,0,1,0,5,0,0,0,0,0,0,0,0,0,0,0,1,0,0,0,0,0,0,0,0,0,0,0,0,0,0,0,0,0.0,0.0,70.0,60.0,40.3,1.4,0.5555555555555556,0.0,0.0,140.0,160.0,40.3,4.2,0.125,0.0,0.0,100.0,110.0,36.7,1.0,0.5294117647058824,25.0,-1.0,-200.0,0.0,0.0,2,2,21.4,5.0
844,202110030206,0,0,0,6,0,2,0,9,0,0,0,0,0,0,0,5,0,0,0,3,0,0,0,0,0,0,0,2,0,0,0,0,0,0,0,0,0.0,0.0,2.0,6.0,38.3,1.5,0.7272727272727273,0.0,0.0,1.0,5.0,38.2,1.5,0.6666666666666666,0.0,0.0,2.0,2.0,38.3,0.4,0.5,-2.0,0.0,-600.0,0.11494252873563218,0.26436781609195403,6,8,29.4,6.0
845,202110030206,0,3,0,10,0,2,3,6,0,0,0,0,0,2,0,6,0,2,3,5,0,0,0,0,0,2,0,1,0,0,0,0,0,0,0,0,0.0,0.0,13.0,9.0,39.3,2.3,0.8571428571428571,0.0,0.0,12.0,7.0,38.4,0.9,0.9166666666666666,0.0,0.0,10.0,11.0,42.2,2.7,0.16666666666666666,1.0,15.0,-200.0,0.06451612903225806,0.24193548387096775,3,3,11.3,3.0
846,202110030206,15,7,8,83,3,2,4,14,0,0,0,1,10,4,5,49,1,1,2,7,0,0,0,1,1,0,0,3,0,0,1,3,0,0,0,0,0.0,0.0,9.0,10.0,43.4,5.5,1.0,0.0,0.0,14.0,7.0,39.6,1.3,0.14285714285714285,0.0,0.0,7.0,13.0,40.7,3.4,0.38461538461538464,1.5,6.0,-200.0,0.3142857142857143,0.7142857142857143,7,10,3.2,2.0
847,202110030206,3,0,4,35,0,0,0,0,0,0,0,0,0,0,1,19,0,0,0,0,0,0,0,0,0,0,0,2,0,0,0,0,0,0,0,0,0.0,0.0,4.0,11.0,40.3,2.4,0.9166666666666666,0.0,0.0,11.0,14.0,41.5,5.2,0.25,0.0,0.0,10.0,8.0,40.7,1.4,0.4666666666666667,-1.5,32.0,-200.0,0.06666666666666667,0.2222222222222222,8,11,54.5,9.0
848,202110030206,4,4,2,47,0,0,0,0,0,0,0,0,2,2,0,10,0,0,0,0,0,0,0,0,1,0,0,3,0,0,0,0,0,0,0,0,0.0,0.0,8.0,1.0,37.8,0.0,0.6666666666666666,0.0,0.0,13.0,10.0,38.6,2.0,1.0,0.0,0.0,7.0,11.0,39.2,2.3,0.9230769230769231,5.0,19.0,-300.0,0.0,0.2,7,9,156.4,12.0
849,202110030206,0,0,0,0,3,2,4,14,0,0,0,0,0,0,0,0,1,1,2,7,0,0,0,0,0,0,0,0,0,0,1,3,0,0,0,0,0.0,0.0,2.0,5.0,38.7,0.8,1.0,0.0,0.0,12.0,10.0,38.1,1.2,0.3333333333333333,0.0,0.0,15.0,12.0,35.9,1.5,0.3333333333333333,3.5,-1.0,-200.0,0.024390243902439025,0.12195121951219512,5,5,97.6,10.0
850,202110030206,0,0,0,1,0,1,0,5,0,0,0,0,0,0,0,0,0,1,0,5,0,0,0,0,0,0,0,0,0,0,0,0,0,0,0,0,0.0,0.0,8.0,8.0,36.9,1.9,0.45454545454545453,0.0,0.0,7.0,10.0,35.0,1.7,0.8333333333333334,,,,,,,,2.0,2.0,-600.0,0.11538461538461539,0.2403846153846154,4,4,33.5,7.0
851,202110030206,0,0,0,0,0,1,0,2,0,0,0,0,0,0,0,0,0,1,0,2,0,0,0,0,0,0,0,0,0,0,0,0,0,0,0,0,0.0,0.0,2.0,4.0,39.5,1.0,0.5,0.0,0.0,8.0,10.0,37.2,1.8,0.42857142857142855,0.0,0.0,7.0,6.0,35.0,1.1,0.7857142857142857,1.0,7.0,-100.0,0.03773584905660377,0.11320754716981132,6,7,48.8,8.0
852,202110030206,0,0,2,22,0,0,0,0,0,0,0,0,0,0,1,10,0,0,0,0,0,0,0,0,0,0,0,4,0,0,0,0,0,0,0,0,0.0,0.0,8.0,8.0,39.7,1.8,0.8,0.0,0.0,15.0,14.0,41.4,4.9,0.26666666666666666,0.0,0.0,11.0,8.0,39.4,2.7,0.6363636363636364,0.0,7.0,-100.0,0.028169014084507043,0.18309859154929578,8,12,122.0,11.0
853,202110030211,15,7,8,83,2,6,2,52,1,1,0,6,10,4,5,49,1,4,2,42,1,0,0,5,0,0,1,1,0,0,0,3,0,0,0,0,0.0,0.0,12.0,1.0,35.5,0.0,0.3888888888888889,0.0,0.0,10.0,2.0,33.1,0.0,0.26666666666666666,0.0,0.0,5.0,4.0,33.9,0.4,0.75,1.5,-8.0,0.0,0.10465116279069768,0.2558139534883721,3,3,18.2,8.0
854,202110030211,1,3,1,5,1,0,1,17,0,0,0,0,0,3,0,4,1,0,0,11,0,0,0,0,0,0,0,0,0,0,0,1,0,0,0,0,0.0,0.0,6.0,15.0,35.9,0.9,0.11764705882352941,0.0,0.0,7.0,8.0,34.6,0.6,0.5,0.0,0.0,4.0,8.0,32.9,0.5,0.7333333333333333,-3.5,2.0,-200.0,0.3235294117647059,0.7058823529411765,7,11,4.4,2.0
855,202110030211,4,4,2,47,10,5,7,57,0,0,0,0,2,2,0,10,5,2,3,30,0,0,0,0,0,1,0,0,0,0,0,1,0,0,0,0,0.0,0.0,13.0,15.0,35.1,1.1,0.5625,0.0,0.0,12.0,14.0,33.6,1.3,0.875,0.0,0.0,3.0,14.0,34.6,0.8,0.6666666666666666,-0.5,-2.0,0.0,0.140625,0.390625,7,10,14.9,6.0
856,202110030211,0,1,4,17,4,8,8,33,0,0,0,0,0,0,1,10,0,4,5,21,0,0,0,0,0,0,0,0,0,1,0,2,0,0,0,0,0.0,0.0,7.0,14.0,33.7,1.5,0.8125,0.0,0.0,6.0,13.0,34.4,0.7,0.8125,0.0,0.0,3.0,2.0,33.3,0.2,0.7222222222222222,-6.0,12.0,0.0,0.22580645161290322,0.41935483870967744,1,1,7.7,3.0
857,202110030211,2,0,0,13,3,1,0,5,2,0,0,0,2,0,0,13,3,1,0,1,2,0,0,0,2,0,0,4,2,1,0,0,2,0,0,0,0.0,0.0,5.0,1.0,34.4,0.0,0.16666666666666666,0.0,0.0,1.0,5.0,33.8,0.4,0.38461538461538464,0.0,0.0,3.0,2.0,34.0,0.0,0.5882352941176471,0.5,4.0,0.0,0.06666666666666667,0.25,6,9,2.7,1.0
858,202110030211,13,6,7,86,0,0,0,6,0,0,0,0,1,3,1,12,0,0,0,4,0,0,0,0,0,0,0,0,0,0,0,0,0,0,0,0,0.0,0.0,13.0,6.0,33.1,0.2,1.0,0.0,0.0,11.0,11.0,33.6,0.7,1.0,0.0,0.0,10.0,12.0,34.2,0.6,0.7777777777777778,3.0,-2.0,0.0,0.037037037037037035,0.1111111111111111,8,13,72.1,12.0
859,202110030211,2,4,5,9,2,3,5,11,1,1,5,1,2,2,5,3,1,1,5,5,1,1,5,1,0,0,0,0,0,0,0,0,0,0,0,0,0.0,0.0,7.0,10.0,34.0,0.7,0.5625,0.0,0.0,3.0,1.0,34.0,0.0,0.8,0.0,0.0,1.0,6.0,34.0,0.6,0.7142857142857143,-2.0,2.0,0.0,0.027777777777777776,0.18055555555555555,4,5,23.3,9.0
860,202110030211,1,2,4,22,1,0,4,11,0,0,0,1,0,2,1,4,1,0,2,5,0,0,0,1,0,0,0,0,0,0,1,0,0,0,0,0,0.0,0.0,15.0,13.0,33.8,1.0,0.8666666666666667,0.0,0.0,18.0,11.0,34.5,0.3,0.9444444444444444,0.0,0.0,16.0,14.0,33.6,0.7,1.0,0.5,-2.0,-200.0,0.09090909090909091,0.12121212121212122,2,2,76.2,13.0
861,202110030211,21,21,21,102,2,3,3,40,1,0,0,6,6,4,3,30,1,2,3,17,0,0,0,4,0,0,0,2,0,0,0,0,0,0,0,0,0.0,0.0,6.0,5.0,38.6,0.5,0.9166666666666666,0.0,0.0,16.0,15.0,34.0,1.0,1.0,0.0,0.0,10.0,9.0,34.1,0.7,0.5,2.0,9.0,-500.0,0.06521739130434782,0.21739130434782608,4,4,17.9,7.0
862,202110030211,0,2,0,11,0,2,3,11,0,1,0,1,0,2,0,11,0,2,3,5,0,1,0,1,0,0,0,1,0,0,0,0,0,0,0,0,0.0,0.0,160.0,14.0,33.9,0.9,0.7647058823529411,0.0,0.0,140.0,13.0,34.2,0.7,0.7777777777777778,0.0,0.0,130.0,10.0,34.6,0.8,0.75,-2.0,0.0,0.0,0.08955223880597014,0.3582089552238806,8,12,51.3,10.0
863,202110030211,15,7,8,83,7,7,8,94,1,0,0,8,10,4,5,49,1,4,1,34,0,0,0,5,0,0,1,1,0,0,0,2,0,0,0,0,0.0,0.0,12.0,18.0,35.1,2.2,0.9444444444444444,0.0,0.0,12.0,10.0,34.6,0.7,0.25,0.0,0.0,11.0,15.0,35.0,1.2,0.5333333333333333,-1.5,14.0,0.0,0.06666666666666667,0.17777777777777778,5,6,7.7,4.0
864,202110030211,15,7,8,83,0,1,2,18,0,0,0,1,10,4,5,49,0,0,0,12,0,0,0,1,0,0,1,1,0,0,0,2,0,0,0,0,0.0,0.0,10.0,3.0,34.7,0.3,0.16666666666666666,0.0,0.0,40.0,4.0,34.0,0.6,0.4,0.0,0.0,80.0,8.0,36.0,0.8,0.3333333333333333,2.5,0.0,-200.0,0.10588235294117647,0.23529411764705882,6,8,8.0,5.0
865,202110030211,0,0,1,6,0,0,0,1,0,0,0,0,0,0,1,5,0,0,0,1,0,0,0,0,0,0,0,2,0,0,0,0,0,0,0,0,0.0,0.0,11.0,13.0,35.2,1.8,0.38461538461538464,0.0,0.0,2.0,8.0,13.8,0.9,0.1111111111111111,0.0,0.0,1.0,5.0,13.6,1.4,0.45454545454545453,-4.0,0.0,0.0,0.0,0.0,5,7,58.9,11.0
866,202110030302,2,2,0,10,0,0,0,1,0,0,0,0,2,2,0,10,0,0,0,1,0,0,0,0,1,1,0,3,0,0,0,0,0,0,0,0,0.0,0.0,7.0,6.0,39.7,2.2,1.0,0.0,0.0,16.0,14.0,37.4,2.9,0.875,0.0,0.0,15.0,14.0,37.1,1.9,0.9333333333333333,4.0,-8.0,-200.0,0.023255813953488372,0.11627906976744186,3,5,39.7,8.0
867,202110030302,0,0,0,0,0,0,0,0,0,0,0,0,0,0,0,0,0,0,0,0,0,0,0,0,0,0,0,0,0,0,0,0,0,0,0,0,0.0,0.0,10.0,12.0,43.9,4.7,0.3333333333333333,0.0,0.0,17.0,17.0,38.0,3.5,0.1111111111111111,0.0,0.0,14.0,13.0,36.8,1.3,0.5625,0.5,9.0,-30.0,0.02666666666666667,0.18666666666666668,2,3,41.7,9.0
868,202110030302,2,0,0,8,0,0,0,0,0,0,0,0,2,0,0,8,0,0,0,0,0,0,0,0,0,0,0,5,0,0,0,0,0,0,0,0,0.0,0.0,14.0,12.0,38.4,2.8,0.8571428571428571,0.0,0.0,15.0,12.0,38.2,2.2,0.6,0.0,0.0,13.0,13.0,38.9,2.3,0.46153846153846156,0.5,2.0,0.0,0.03333333333333333,0.23333333333333334,4,8,4.7,2.0
869,202110030302,0,3,0,10,0,0,1,1,0,0,0,0,0,2,0,6,0,0,0,0,0,0,0,0,0,0,0,4,0,0,0,0,0,0,0,0,0.0,0.0,18.0,16.0,33.6,1.5,0.7777777777777778,0.0,0.0,15.0,9.0,33.8,1.5,0.6875,0.0,0.0,14.0,14.0,36.1,1.7,0.14285714285714285,-1.0,0.0,200.0,0.0,0.05263157894736842,3,6,34.5,7.0
870,202110030302,0,0,1,3,1,0,1,17,0,0,0,0,0,0,1,3,1,0,0,11,0,0,0,0,0,0,1,0,0,0,0,4,0,0,0,0,0.0,0.0,6.0,7.0,40.9,0.8,0.8181818181818182,0.0,0.0,12.0,12.0,36.2,1.7,0.5,0.0,0.0,8.0,4.0,34.5,0.8,0.7857142857142857,-1.5,27.0,-200.0,0.0,0.16666666666666666,6,11,124.8,12.0
871,202110030302,0,0,0,1,0,0,1,5,0,0,0,0,0,0,0,0,0,0,1,4,0,0,0,0,0,0,0,0,0,0,0,2,0,0,0,0,0.0,0.0,2.0,6.0,36.7,1.6,0.7,0.0,0.0,11.0,11.0,38.7,2.1,0.25,0.0,0.0,7.0,7.0,37.2,1.8,0.42857142857142855,0.5,-18.0,300.0,0.0,0.0,5,9,203.2,13.0
872,202110030302,2,3,4,40,7,7,8,94,1,0,0,3,1,1,2,15,1,4,1,34,1,0,0,1,1,1,0,6,1,1,1,14,1,0,0,0,0.0,0.0,7.0,12.0,36.9,2.5,0.14285714285714285,0.0,0.0,4.0,10.0,37.9,1.6,0.3333333333333333,0.0,0.0,1.0,7.0,37.1,0.6,0.125,-2.5,2.0,0.0,0.2972972972972973,0.6756756756756757,4,7,1.8,1.0
873,202110030302,1,2,0,18,6,8,5,64,1,0,0,0,1,2,0,18,3,2,0,30,1,0,0,0,0,0,0,2,0,0,0,14,0,0,0,0,0.0,0.0,11.0,11.0,44.3,6.2,0.8181818181818182,0.0,0.0,14.0,13.0,34.2,2.5,0.75,0.0,0.0,16.0,14.0,36.8,1.9,0.2777777777777778,1.5,21.0,-200.0,0.11363636363636363,0.18181818181818182,1,1,252.6,14.0
874,202110030302,1,0,0,6,3,2,4,14,0,0,0,0,0,0,0,4,1,1,2,7,0,0,0,0,0,0,0,0,1,0,0,3,0,0,0,0,0.0,0.0,6.0,7.0,41.2,1.5,0.18181818181818182,0.0,0.0,2.0,5.0,36.0,0.9,0.21428571428571427,0.0,0.0,3.0,2.0,35.6,0.2,0.15384615384615385,-2.5,15.0,-200.0,0.08333333333333333,0.1388888888888889,2,4,7.0,3.0
875,202110030302,0,2,0,11,0,1,0,3,0,0,0,0,0,2,0,11,0,0,0,3,0,0,0,0,0,1,0,2,0,0,0,1,0,0,0,0,0.0,0.0,110.0,80.0,39.6,2.0,0.45454545454545453,0.0,0.0,100.0,130.0,37.3,2.3,0.8571428571428571,0.0,0.0,140.0,160.0,35.6,2.4,0.875,40.0,19.0,-100.0,0.058823529411764705,0.058823529411764705,8,16,15.5,4.0
876,202110030302,0,0,0,0,0,0,0,0,0,0,0,0,0,0,0,0,0,0,0,0,0,0,0,0,0,0,0,0,0,0,0,0,0,0,0,0,0.0,0.0,80.0,50.0,39.1,2.6,1.0,0.0,0.0,180.0,150.0,35.5,2.6,0.8888888888888888,0.0,0.0,50.0,110.0,36.9,1.0,0.4375,30.0,2.0,-200.0,0.07894736842105263,0.18421052631578946,1,2,18.2,5.0
877,202110030302,0,0,0,7,3,1,0,5,0,0,0,0,0,0,0,6,3,1,0,1,0,0,0,0,0,0,0,2,1,0,0,0,0,0,0,0,0.0,0.0,10.0,10.0,39.8,2.8,1.0,0.0,0.0,16.0,16.0,44.3,7.1,0.5625,0.0,0.0,11.0,10.0,35.2,1.7,0.9285714285714286,0.0,7.0,-30.0,0.14492753623188406,0.4057971014492754,6,12,73.5,11.0
878,202110030302,0,0,0,7,1,0,0,12,0,0,0,0,0,0,0,6,1,0,0,9,0,0,0,0,0,0,0,2,0,0,0,3,0,0,0,0,0.0,0.0,3.0,1.0,37.7,0.0,0.9,0.0,0.0,17.0,12.0,35.6,1.4,0.6111111111111112,0.0,0.0,16.0,13.0,38.0,1.5,0.125,6.0,18.0,-100.0,0.0,0.125,8,15,372.8,16.0
879,202110030302,0,0,0,7,0,0,1,2,0,0,0,0,0,0,0,6,0,0,0,1,0,0,0,0,0,0,0,2,0,0,0,0,0,0,0,0,0.0,0.0,8.0,9.0,41.0,3.7,0.6,0.0,0.0,18.0,17.0,35.8,3.5,0.9444444444444444,0.0,0.0,14.0,14.0,43.1,7.9,0.35714285714285715,2.5,0.0,-100.0,0.05405405405405406,0.20270270270270271,5,10,30.2,6.0
880,202110030302,0,0,0,4,0,0,0,6,0,0,0,0,0,0,0,4,0,0,0,4,0,0,0,0,0,0,0,2,0,0,0,1,0,0,0,0,0.0,0.0,7.0,6.0,39.7,1.7,0.8333333333333334,0.0,0.0,15.0,15.0,36.8,2.2,1.0,0.0,0.0,12.0,16.0,36.2,2.6,0.9375,5.0,31.0,-200.0,0.11235955056179775,0.25842696629213485,7,13,315.7,15.0
881,202110030302,0,0,1,0,2,4,6,41,0,0,0,0,0,0,1,0,1,3,3,30,0,0,0,0,0,0,0,0,1,2,0,10,0,0,0,0,0.0,0.0,10.0,16.0,40.1,4.5,0.6875,0.0,0.0,11.0,8.0,35.9,1.1,0.5625,,,,,,,,-8.0,-4.0,0.0,0.030303030303030304,0.12121212121212122,7,14,51.9,10.0
882,202110030305,5,4,3,28,0,2,3,6,0,1,0,1,1,3,2,11,0,2,3,5,0,1,0,1,0,1,0,5,0,0,0,0,0,0,0,0,,,,,,,,,,,,,,,,,,,,,,,,,0.2894736842105263,0.6578947368421053,7,7,1.8,1.0
883,202110030305,0,0,0,0,0,0,0,1,0,0,0,0,0,0,0,0,0,0,0,0,0,0,0,0,0,0,0,0,0,0,0,0,0,0,0,0,,,,,,,,,,,,,,,,,,,,,,,,,0.03225806451612903,0.25806451612903225,1,1,4.3,2.0
884,202110030305,0,0,0,0,0,1,0,0,0,0,0,0,0,0,0,0,0,1,0,0,0,0,0,0,0,0,0,0,0,0,0,0,0,0,0,0,,,,,,,,,,,,,,,,,,,,,,,,,0.12087912087912088,0.26373626373626374,3,3,8.7,4.0
885,202110030305,7,4,6,52,0,0,0,5,0,0,0,1,6,3,5,37,0,0,0,4,0,0,0,1,1,0,0,1,0,0,0,1,0,0,0,0,0.0,0.0,9.0,7.0,40.7,1.8,0.5833333333333334,0.0,0.0,12.0,10.0,35.2,0.9,0.6923076923076923,0.0,0.0,12.0,12.0,37.3,1.5,0.46153846153846156,2.5,12.0,-200.0,0.05263157894736842,0.21052631578947367,5,5,6.6,3.0
886,202110030305,0,0,0,0,0,0,0,3,0,0,0,0,0,0,0,0,0,0,0,3,0,0,0,0,0,0,0,0,0,0,0,1,0,0,0,0,0.0,0.0,30.0,4.0,39.1,1.1,0.9090909090909091,0.0,0.0,100.0,9.0,37.4,2.1,0.875,0.0,0.0,120.0,5.0,37.5,0.9,0.6875,0.5,-3.0,-400.0,0.0,0.05,6,6,34.2,7.0
887,202110030305,0,0,0,0,7,11,6,84,0,0,0,0,0,0,0,0,4,5,4,47,0,0,0,0,0,0,0,0,1,2,0,6,0,0,0,0,0.0,0.0,12.0,13.0,35.3,1.1,0.2777777777777778,0.0,0.0,10.0,10.0,36.1,0.8,0.5,0.0,0.0,2.0,3.0,36.5,0.1,0.16666666666666666,-5.0,2.0,0.0,0.0625,0.234375,2,2,17.1,6.0
888,202110030305,0,1,1,15,0,2,1,22,0,0,0,0,0,1,1,12,0,1,1,13,0,0,0,0,0,0,0,5,0,0,0,5,0,0,0,0,0.0,0.0,8.0,7.0,39.8,1.9,0.5,0.0,0.0,10.0,12.0,35.6,1.2,0.8571428571428571,0.0,0.0,13.0,3.0,36.2,0.5,0.2857142857142857,-2.0,15.0,0.0,0.14285714285714285,0.4,4,4,14.2,5.0
889,202110030307,15,7,8,83,6,8,5,64,1,0,0,2,10,4,5,49,3,2,0,30,1,0,0,1,6,2,1,20,0,0,0,14,0,0,0,0,0.0,0.0,110.0,4.0,36.1,1.2,0.16666666666666666,0.0,0.0,160.0,15.0,35.7,2.2,0.9375,,,,,,,,11.0,20.0,-200.0,0.1111111111111111,0.25555555555555554,5,10,9.3,4.0
890,202110030307,0,0,0,1,8,4,5,73,0,0,0,0,0,0,0,1,1,1,0,24,0,0,0,0,0,0,0,0,0,0,0,8,0,0,0,0,0.0,0.0,90.0,3.0,34.4,0.3,0.4444444444444444,0.0,0.0,30.0,7.0,35.6,0.5,0.2222222222222222,0.0,0.0,60.0,5.0,34.7,0.8,0.3888888888888889,1.0,-20.0,0.0,0.06451612903225806,0.24193548387096775,6,11,7.6,3.0
891,202110030307,0,0,0,5,2,6,2,52,0,0,0,1,0,0,0,3,1,4,2,42,0,0,0,0,0,0,0,1,1,2,1,19,0,0,0,0,0.0,0.0,9.0,9.0,45.4,3.5,0.2,0.0,0.0,3.0,13.0,35.8,1.1,0.29411764705882354,0.0,0.0,1.0,3.0,34.8,0.0,0.2222222222222222,-3.0,1.0,-670.0,0.05333333333333334,0.2,2,4,2.6,1.0
892,202110030307,1,3,2,27,0,0,1,3,0,0,0,1,1,2,1,14,0,0,0,2,0,0,0,1,0,0,1,4,0,0,0,0,0,0,0,0,0.0,0.0,11.0,11.0,38.8,2.1,0.5,0.0,0.0,5.0,11.0,36.3,1.4,0.375,0.0,0.0,15.0,4.0,34.8,0.1,0.2777777777777778,-3.5,7.0,0.0,0.0625,0.0625,7,13,96.4,15.0
893,202110030307,21,21,21,102,2,3,5,11,0,0,0,0,6,4,3,30,1,1,5,5,0,0,0,0,1,0,1,5,0,0,0,2,0,0,0,0,0.0,0.0,40.0,4.0,39.9,1.1,0.6363636363636364,0.0,0.0,60.0,10.0,35.1,1.8,1.0,0.0,0.0,70.0,9.0,37.3,0.9,0.375,2.5,16.0,-200.0,0.08695652173913043,0.34782608695652173,8,16,12.1,7.0
894,202110030307,1,3,1,5,0,0,0,0,0,0,0,0,0,3,0,4,0,0,0,0,0,0,0,0,0,0,0,3,0,0,0,0,0,0,0,0,0.0,0.0,6.0,4.0,41.4,0.6,0.5,0.0,0.0,8.0,12.0,35.9,0.9,0.058823529411764705,0.0,0.0,4.0,3.0,35.6,0.2,0.05555555555555555,-0.5,9.0,-200.0,0.0,0.2,3,6,5.6,2.0
895,202110030307,0,0,0,7,0,0,0,16,0,0,0,0,0,0,0,6,0,0,0,5,0,0,0,0,0,0,0,2,0,0,0,3,0,0,0,0,0.0,0.0,3.0,1.0,36.4,0.0,0.3,0.0,0.0,4.0,6.0,34.8,0.4,0.3888888888888889,0.0,0.0,11.0,7.0,34.4,0.2,0.4444444444444444,3.0,1.0,380.0,0.09523809523809523,0.16666666666666666,4,7,65.9,11.0
896,202110030307,3,0,4,35,1,1,0,30,0,0,0,1,0,0,1,19,1,0,0,14,0,0,0,1,0,0,0,6,0,0,0,7,0,0,0,1,0.0,0.0,14.0,8.0,40.4,3.1,0.4,0.0,0.0,10.0,10.0,35.9,1.3,0.6666666666666666,0.0,0.0,9.0,7.0,35.3,1.0,0.6111111111111112,-0.5,14.0,-600.0,0.0625,0.20833333333333334,2,3,16.4,8.0
897,202110030307,1,1,2,30,1,0,1,17,0,0,0,2,1,0,2,21,1,0,0,11,0,0,0,1,1,0,1,10,0,0,0,4,0,0,0,0,0.0,0.0,1.0,1.0,38.4,0.0,0.1,0.0,0.0,9.0,10.0,36.3,1.7,0.36363636363636365,0.0,0.0,8.0,10.0,38.3,1.1,0.0625,4.5,9.0,-200.0,0.14925373134328357,0.40298507462686567,7,14,11.6,6.0
898,202110030307,6,4,7,72,2,4,6,41,0,0,0,2,1,0,0,11,1,3,3,30,0,0,0,0,1,0,0,5,1,2,0,10,0,0,0,0,0.0,0.0,6.0,5.0,40.6,2.4,0.8888888888888888,0.0,0.0,11.0,12.0,34.5,1.2,0.6111111111111112,0.0,0.0,16.0,10.0,34.3,0.5,0.8888888888888888,2.5,-6.0,-200.0,0.10344827586206896,0.22988505747126436,3,5,150.7,16.0
899,202110030307,1,3,1,5,1,0,0,9,0,0,0,0,0,3,0,4,0,0,0,1,0,0,0,0,0,0,0,3,0,0,0,0,0,0,0,0,0.0,0.0,5.0,4.0,41.3,0.6,0.375,0.0,0.0,8.0,9.0,36.8,1.5,0.4,0.0,0.0,12.0,13.0,38.4,1.4,0.13333333333333333,4.5,9.0,-30.0,0.047619047619047616,0.047619047619047616,6,12,58.3,10.0
900,202110030307,0,0,0,1,0,2,1,22,0,0,0,0,0,0,0,1,0,1,1,13,0,0,0,0,0,0,0,0,0,1,1,7,0,0,0,0,0.0,0.0,2.0,4.0,40.1,0.7,0.16666666666666666,0.0,0.0,9.0,11.0,13.6,8.3,0.9090909090909091,0.0,0.0,17.0,16.0,36.3,2.2,0.5882352941176471,6.0,28.0,-300.0,0.0,0.16666666666666666,1,1,237.6,17.0
901,202110030307,6,4,3,33,5,2,5,58,1,0,1,8,4,1,0,15,3,1,1,25,1,0,0,4,0,1,0,7,0,0,0,10,0,0,0,2,0.0,0.0,10.0,10.0,42.6,4.0,0.8,0.0,0.0,13.0,11.0,35.0,0.7,0.6470588235294118,0.0,0.0,6.0,5.0,34.9,0.3,0.16666666666666666,-2.5,12.0,-200.0,0.0,0.14285714285714285,8,18,74.5,12.0
902,202110030307,5,4,3,28,0,0,0,0,0,0,0,0,1,3,2,11,0,0,0,0,0,0,0,0,0,1,1,6,0,0,0,0,0,0,0,0,0.0,0.0,9.0,11.0,39.9,2.8,0.6666666666666666,0.0,0.0,10.0,9.0,35.2,0.8,0.3888888888888889,0.0,0.0,5.0,14.0,34.7,0.7,0.5555555555555556,1.5,12.0,0.0,0.12264150943396226,0.24528301886792453,1,2,9.6,5.0
903,202110030307,0,1,1,15,1,0,0,3,0,0,0,2,0,1,1,12,1,0,0,3,0,0,0,2,0,1,1,7,0,0,0,2,0,0,0,1,0.0,0.0,2.0,4.0,39.1,2.3,0.5,0.0,0.0,13.0,15.0,34.1,0.8,1.0,0.0,0.0,7.0,10.0,35.0,0.9,0.4444444444444444,3.0,28.0,0.0,0.06349206349206349,0.23809523809523808,7,15,78.2,13.0
904,202110030307,0,0,0,1,0,2,0,19,0,0,0,0,0,0,0,1,0,0,0,9,0,0,0,0,0,0,0,0,0,0,0,2,0,0,0,0,0.0,0.0,80.0,7.0,39.9,0.9,0.5555555555555556,0.0,0.0,140.0,16.0,34.7,0.8,0.6666666666666666,0.0,0.0,140.0,6.0,36.7,0.6,0.875,-0.5,33.0,-100.0,0.02702702702702703,0.1891891891891892,5,9,80.3,14.0
905,202110030307,5,4,3,28,1,0,0,13,0,0,0,0,1,3,2,11,1,0,0,6,0,0,0,0,0,1,1,6,0,0,0,2,0,0,0,0,0.0,0.0,40.0,8.0,38.5,2.3,0.5714285714285714,0.0,0.0,20.0,7.0,39.1,1.6,0.5,0.0,0.0,30.0,4.0,38.2,0.9,0.375,-2.0,2.0,-1000.0,0.0,0.06060606060606061,8,17,43.2,9.0
906,202110030307,1,3,1,5,5,2,5,58,0,0,0,1,0,3,0,4,3,1,1,25,0,0,0,0,0,0,0,3,0,0,0,10,0,0,0,0,0.0,0.0,11.0,6.0,41.4,2.8,1.0,0.0,0.0,18.0,18.0,35.7,1.8,0.6666666666666666,0.0,0.0,15.0,11.0,37.1,2.0,0.8125,2.5,14.0,-200.0,0.02247191011235955,0.14606741573033707,4,8,366.2,18.0
907,202110030311,15,7,8,83,5,2,5,58,1,0,0,14,10,4,5,49,3,1,1,25,1,0,0,7,1,1,0,1,0,0,0,1,0,0,0,0,0.0,0.0,15.0,15.0,34.9,1.2,0.625,0.0,0.0,18.0,14.0,34.7,1.0,0.6111111111111112,0.0,0.0,7.0,17.0,34.4,1.9,1.0,1.0,-4.0,0.0,0.09302325581395349,0.16279069767441862,7,7,5.0,3.0
908,202110030311,1,2,3,27,0,1,0,8,0,1,0,0,0,1,1,9,0,1,0,4,0,1,0,0,0,0,0,1,0,0,0,0,0,0,0,0,0.0,0.0,17.0,15.0,33.4,0.8,0.6111111111111112,0.0,0.0,16.0,13.0,34.9,0.8,0.9444444444444444,0.0,0.0,17.0,9.0,33.5,0.7,0.7222222222222222,-3.0,-12.0,0.0,0.14705882352941177,0.39705882352941174,5,5,9.0,7.0
909,202110030311,4,8,9,52,1,0,1,0,1,0,1,0,4,7,6,44,1,0,1,0,1,0,1,0,0,0,1,1,0,0,1,0,0,0,1,0,0.0,0.0,80.0,8.0,40.2,2.0,0.6,0.0,0.0,140.0,13.0,36.7,1.6,0.375,0.0,0.0,140.0,12.0,35.9,1.1,0.625,2.0,-1.0,-300.0,0.10227272727272728,0.22727272727272727,1,1,3.9,2.0
910,202110030311,2,0,3,29,1,2,0,7,1,0,0,4,1,0,3,20,1,2,0,4,1,0,0,4,0,0,0,2,0,0,0,2,0,0,0,2,0.0,0.0,15.0,15.0,38.5,2.3,0.4666666666666667,0.0,0.0,14.0,14.0,36.1,1.7,0.14285714285714285,0.0,0.0,12.0,14.0,36.5,0.9,0.1111111111111111,-0.5,-8.0,-200.0,0.12149532710280374,0.24299065420560748,4,4,5.3,4.0
911,202110030311,21,21,21,102,2,3,3,40,1,0,0,6,6,4,3,30,1,2,3,17,0,0,0,4,0,1,0,9,0,0,0,5,0,0,0,2,0.0,0.0,6.0,5.0,38.6,0.5,0.9166666666666666,0.0,0.0,16.0,15.0,34.0,1.0,1.0,0.0,0.0,10.0,9.0,34.1,0.7,0.5,2.0,9.0,-500.0,0.06382978723404255,0.2127659574468085,2,2,8.0,5.0
912,202110030311,2,4,5,9,2,3,5,11,1,1,5,1,2,2,5,3,1,1,5,5,1,1,5,1,0,0,0,0,0,0,0,0,0,0,0,0,0.0,0.0,7.0,10.0,34.0,0.7,0.5625,0.0,0.0,3.0,1.0,34.0,0.0,0.8,0.0,0.0,1.0,6.0,34.0,0.6,0.7142857142857143,-2.0,2.0,0.0,0.08823529411764706,0.35294117647058826,3,3,3.7,1.0
913,202110030311,0,0,0,0,0,0,0,0,0,0,0,0,0,0,0,0,0,0,0,0,0,0,0,0,0,0,0,0,0,0,0,0,0,0,0,0,0.0,0.0,13.0,10.0,36.1,1.0,0.9285714285714286,0.0,0.0,16.0,14.0,35.5,1.6,0.875,0.0,0.0,10.0,6.0,36.2,0.7,0.8571428571428571,-2.0,10.0,0.0,0.06557377049180328,0.2459016393442623,6,6,8.8,6.0
914,202110030406,1,0,2,5,0,1,0,8,0,0,0,0,0,0,0,2,0,1,0,4,0,0,0,0,0,0,0,1,0,0,0,1,0,0,0,0,,,,,,,,,,,,,,,,,,,,,,,,,0.325,0.675,3,3,3.1,2.0
915,202110030406,3,1,1,2,1,0,0,2,0,0,0,0,3,0,1,2,1,0,0,0,0,0,0,0,2,0,1,2,0,0,0,0,0,0,0,0,0.0,0.0,1.0,10.0,42.8,3.5,0.2727272727272727,0.0,0.0,8.0,8.0,35.2,1.0,0.6666666666666666,0.0,0.0,10.0,11.0,37.3,1.7,0.625,0.5,2.0,-200.0,0.1388888888888889,0.3888888888888889,2,2,2.0,1.0
916,202110030406,0,0,0,0,0,0,0,3,0,0,0,0,0,0,0,0,0,0,0,3,0,0,0,0,0,0,0,0,0,0,0,1,0,0,0,0,0.0,0.0,100.0,9.0,42.3,3.6,0.9,0.0,0.0,100.0,14.0,37.2,2.4,0.5625,0.0,0.0,90.0,8.0,34.6,1.3,0.8888888888888888,-0.5,13.0,-100.0,0.05128205128205128,0.20512820512820512,1,1,5.2,3.0
917,202110030406,3,1,1,2,7,11,6,84,0,0,0,0,3,0,1,2,4,5,4,47,0,0,0,0,2,0,1,2,1,2,0,6,0,0,0,0,0.0,0.0,2.0,4.0,40.9,1.5,0.4166666666666667,0.0,0.0,10.0,13.0,36.8,1.4,0.1875,0.0,0.0,9.0,16.0,41.3,4.2,0.3125,6.0,28.0,-200.0,0.11926605504587157,0.23853211009174313,5,5,17.0,5.0
918,202110030406,0,3,0,10,1,0,1,4,0,0,0,0,0,2,0,6,0,0,1,4,0,0,0,0,0,2,0,1,0,0,0,1,0,0,0,0,0.0,0.0,50.0,30.0,40.4,1.0,0.25,0.0,0.0,160.0,130.0,35.7,1.6,0.875,0.0,0.0,130.0,130.0,36.0,1.6,0.875,50.0,21.0,-400.0,0.08450704225352113,0.3380281690140845,4,4,32.5,6.0
919,202110030406,8,7,5,57,2,6,2,52,0,0,0,0,1,0,2,22,1,4,2,42,0,0,0,0,0,0,1,1,0,2,0,7,0,0,0,0,0.0,0.0,3.0,4.0,40.2,0.5,0.14285714285714285,0.0,0.0,16.0,16.0,36.7,1.3,0.5,0.0,0.0,16.0,15.0,35.6,1.3,0.3125,5.5,11.0,-30.0,0.06,0.2,6,6,16.2,4.0
920,202110030406,0,0,0,4,0,2,1,22,0,0,0,0,0,0,0,4,0,1,1,13,0,0,0,0,0,0,0,2,0,0,0,5,0,0,0,0,0.0,0.0,9.0,9.0,40.5,2.4,0.9,0.0,0.0,15.0,14.0,36.7,2.6,0.9333333333333333,0.0,0.0,15.0,17.0,35.1,1.6,0.8235294117647058,4.0,18.0,-200.0,0.1111111111111111,0.17777777777777778,8,8,54.4,7.0
921,202110030406,0,3,1,26,0,0,0,0,0,0,0,0,0,2,0,10,0,0,0,0,0,0,0,0,0,0,0,0,0,0,0,0,0,0,0,0,0.0,0.0,30.0,4.0,38.1,0.6,0.08333333333333333,0.0,0.0,100.0,10.0,44.6,8.6,0.5,0.0,0.0,140.0,13.0,41.0,4.6,0.6875,4.5,18.0,380.0,0.07894736842105263,0.13157894736842105,7,7,59.8,8.0
922,202110030408,21,21,21,102,7,6,1,71,0,0,0,3,6,4,3,30,5,4,0,35,0,0,0,0,3,1,2,5,1,0,0,4,0,0,0,0,0.0,0.0,2.0,3.0,34.0,0.3,0.6363636363636364,0.0,0.0,2.0,6.0,34.0,0.7,0.5714285714285714,0.0,0.0,1.0,3.0,35.0,0.4,0.5625,0.0,-2.0,0.0,0.3076923076923077,0.6666666666666666,5,7,3.1,1.0
923,202110030408,3,3,0,30,4,0,1,32,0,0,0,1,3,1,0,18,2,0,1,12,0,0,0,0,0,0,0,8,0,0,0,0,0,0,0,0,0.0,0.0,80.0,8.0,34.7,1.3,0.375,0.0,0.0,,,,,,0.0,0.0,90.0,7.0,34.8,0.7,0.5882352941176471,-1.0,0.0,-400.0,0.0,0.1111111111111111,4,4,12.1,7.0
924,202110030408,8,7,5,57,2,3,5,11,0,0,0,0,1,0,2,22,1,1,5,5,0,0,0,0,0,0,0,7,1,1,4,1,0,0,0,0,0.0,0.0,11.0,4.0,34.5,0.3,0.8333333333333334,0.0,0.0,11.0,5.0,34.9,0.5,0.9375,0.0,0.0,6.0,6.0,34.3,0.5,0.8,1.0,2.0,-200.0,0.16129032258064516,0.25806451612903225,5,6,44.4,10.0
925,202110030408,11,13,9,84,2,5,2,19,0,1,0,1,2,3,4,26,1,4,2,9,0,0,0,0,1,0,1,5,0,3,0,0,0,0,0,0,0.0,0.0,30.0,8.0,44.6,3.8,0.7777777777777778,0.0,0.0,110.0,11.0,36.3,2.0,0.45454545454545453,0.0,0.0,150.0,15.0,36.4,1.6,0.4666666666666667,3.5,22.0,-200.0,0.061224489795918366,0.20408163265306123,6,8,3.6,2.0
926,202110030408,3,6,1,31,3,3,1,14,2,1,0,5,3,2,0,14,3,1,1,5,2,0,0,3,1,0,0,6,0,0,0,4,0,0,0,3,0.0,0.0,150.0,12.0,36.4,1.3,0.25,0.0,0.0,130.0,11.0,35.3,0.8,0.2,0.0,0.0,150.0,5.0,34.9,0.3,0.2222222222222222,-3.5,6.0,0.0,0.08888888888888889,0.2,7,10,42.5,9.0
927,202110030408,0,0,5,20,5,2,5,58,0,0,0,1,0,0,4,14,3,1,1,25,0,0,0,1,0,0,0,1,0,0,0,2,0,0,0,1,0.0,0.0,140.0,15.0,37.5,3.8,0.9333333333333333,0.0,0.0,110.0,12.0,35.3,1.1,0.5625,0.0,0.0,120.0,6.0,35.1,0.2,0.9444444444444444,-4.5,-6.0,0.0,0.05194805194805195,0.2077922077922078,2,2,10.9,5.0
928,202110030408,7,4,3,27,8,4,5,73,1,1,0,0,0,1,0,8,1,1,0,24,0,1,0,0,0,1,0,1,0,1,0,6,0,1,0,0,0.0,0.0,4.0,3.0,34.1,0.3,0.16666666666666666,0.0,0.0,12.0,2.0,33.7,0.1,0.6666666666666666,0.0,0.0,11.0,9.0,35.0,0.5,0.625,3.0,0.0,0.0,0.06153846153846154,0.23076923076923078,4,5,9.7,4.0
929,202110030408,0,0,0,0,0,0,0,6,0,0,0,0,0,0,0,0,0,0,0,5,0,0,0,0,0,0,0,0,0,0,0,0,0,0,0,0,0.0,0.0,3.0,9.0,41.1,1.7,0.6,0.0,0.0,12.0,8.0,33.9,0.6,0.9230769230769231,0.0,0.0,13.0,9.0,34.8,1.1,0.8333333333333334,0.0,16.0,-200.0,0.0,0.15384615384615385,8,12,121.3,12.0
930,202110030408,3,4,3,36,1,0,4,11,0,0,0,0,2,1,0,15,1,0,2,5,0,0,0,0,0,0,0,1,0,0,0,0,0,0,0,0,0.0,0.0,40.0,4.0,35.7,0.8,1.0,0.0,0.0,20.0,1.0,35.0,0.0,0.5,0.0,0.0,110.0,8.0,35.3,0.9,0.23529411764705882,2.0,-2.0,0.0,0.12037037037037036,0.24074074074074073,3,3,5.3,3.0
931,202110030408,1,3,1,5,1,1,0,16,0,0,0,0,0,3,0,4,1,1,0,7,0,0,0,0,0,0,0,0,0,0,0,3,0,0,0,0,0.0,0.0,16.0,12.0,35.9,1.4,0.5,0.0,0.0,15.0,9.0,35.9,1.0,0.625,0.0,0.0,18.0,13.0,35.0,1.3,0.2777777777777778,0.5,-4.0,0.0,0.0,0.14285714285714285,7,11,12.0,6.0
932,202110030408,4,4,2,47,0,0,0,3,0,0,0,0,2,2,0,10,0,0,0,1,0,0,0,0,0,0,0,1,0,0,0,1,0,0,0,0,0.0,0.0,110.0,110.0,43.8,5.6,0.5833333333333334,0.0,0.0,130.0,110.0,34.7,1.0,0.6923076923076923,0.0,0.0,110.0,110.0,35.9,2.2,0.38461538461538464,0.0,29.0,-500.0,0.08571428571428572,0.34285714285714286,6,9,191.9,13.0
933,202110030408,15,7,8,83,8,4,5,73,0,0,0,3,10,4,5,49,1,1,0,24,0,0,0,1,1,1,2,15,0,1,0,6,0,0,0,0,0.0,0.0,15.0,16.0,35.3,1.2,0.47058823529411764,0.0,0.0,8.0,12.0,35.9,1.6,0.23076923076923078,0.0,0.0,11.0,9.0,35.4,1.2,0.18181818181818182,-3.5,-2.0,0.0,0.14084507042253522,0.39436619718309857,8,13,23.3,8.0
934,202110030408,0,1,1,15,0,3,0,8,0,0,0,0,0,1,1,12,0,3,0,6,0,0,0,0,0,0,0,0,0,0,0,2,0,0,0,0,0.0,0.0,90.0,8.0,42.1,2.2,0.6,0.0,0.0,110.0,13.0,39.5,8.0,1.0,0.0,0.0,150.0,16.0,36.3,2.8,0.3888888888888889,4.0,22.0,-200.0,0.08108108108108109,0.13513513513513514,1,1,111.2,11.0
935,202110030501,0,0,0,3,2,3,5,11,0,0,0,0,0,0,0,0,1,1,5,5,0,0,0,0,0,0,0,0,0,0,0,2,0,0,0,0,0.0,0.0,8.0,9.0,35.7,1.3,0.2,0.0,0.0,14.0,11.0,34.6,0.9,0.125,0.0,0.0,13.0,14.0,34.4,0.7,0.125,2.5,-14.0,0.0,0.057692307692307696,0.19230769230769232,1,1,1.9,1.0
936,202110030501,15,7,8,83,4,8,8,33,0,2,2,4,10,4,5,49,0,4,5,21,0,1,1,3,6,2,1,20,0,1,3,12,0,0,1,2,0.0,0.0,30.0,40.0,37.7,0.5,1.0,0.0,0.0,120.0,120.0,35.4,1.2,0.4,0.0,0.0,90.0,100.0,36.2,1.8,0.2,30.0,8.0,0.0,0.05,0.2125,7,7,3.2,2.0
937,202110030501,1,0,0,6,0,2,1,10,0,0,0,0,0,0,0,4,0,1,0,4,0,0,0,0,0,0,0,0,0,0,0,3,0,0,0,0,0.0,0.0,9.0,9.0,37.1,1.7,1.0,0.0,0.0,12.0,9.0,34.5,0.4,1.0,0.0,0.0,10.0,10.0,35.0,1.1,0.7,0.5,-10.0,-200.0,0.075,0.125,4,4,10.2,4.0
938,202110030501,0,0,0,0,3,2,4,14,0,0,0,0,0,0,0,0,1,1,2,7,0,0,0,0,0,0,0,0,1,0,0,3,0,0,0,0,0.0,0.0,2.0,5.0,38.7,0.8,1.0,0.0,0.0,12.0,10.0,38.1,1.2,0.3333333333333333,0.0,0.0,15.0,12.0,35.9,1.5,0.3333333333333333,3.5,-1.0,-200.0,0.045454545454545456,0.13636363636363635,3,3,21.0,6.0
939,202110030501,3,0,4,35,0,0,0,0,0,0,0,0,0,0,1,19,0,0,0,0,0,0,0,0,0,0,0,6,0,0,0,0,0,0,0,0,0.0,0.0,4.0,11.0,40.3,2.4,0.9166666666666666,0.0,0.0,11.0,14.0,41.5,5.2,0.25,0.0,0.0,10.0,8.0,40.7,1.4,0.4666666666666667,-1.5,32.0,-200.0,0.025974025974025976,0.19480519480519481,5,5,99.4,8.0
940,202110030501,0,0,0,1,7,4,7,49,0,0,0,0,0,0,0,1,2,0,4,26,0,0,0,0,0,0,0,0,2,0,2,10,0,0,0,0,0.0,0.0,1.0,5.0,39.8,0.8,0.45454545454545453,0.0,0.0,15.0,11.0,37.1,1.4,0.625,0.0,0.0,2.0,12.0,39.1,1.8,0.21428571428571427,3.5,5.0,-300.0,0.13513513513513514,0.3918918918918919,6,6,7.6,3.0
941,202110030501,1,1,0,4,0,0,0,3,0,0,0,0,0,0,0,1,0,0,0,3,0,0,0,0,0,0,0,1,0,0,0,2,0,0,0,0,0.0,0.0,11.0,11.0,42.7,3.8,0.8181818181818182,0.0,0.0,12.0,10.0,39.2,3.0,0.7142857142857143,0.0,0.0,13.0,13.0,39.0,3.9,0.875,1.0,30.0,-200.0,0.1,0.23333333333333334,2,2,77.3,7.0
942,202110030501,0,0,0,0,0,1,0,5,0,0,0,0,0,0,0,0,0,0,0,1,0,0,0,0,0,0,0,0,0,0,0,1,0,0,0,0,0.0,0.0,70.0,60.0,40.3,1.4,0.5555555555555556,0.0,0.0,140.0,160.0,40.3,4.2,0.125,0.0,0.0,100.0,110.0,36.7,1.0,0.5294117647058824,25.0,-1.0,-200.0,0.0,0.125,8,8,13.1,5.0
943,202110030506,3,1,1,2,2,0,0,8,0,0,0,0,3,0,1,2,0,0,0,2,0,0,0,0,2,0,1,2,0,0,0,0,0,0,0,0,0.0,0.0,17.0,7.0,35.1,0.8,0.6111111111111112,0.0,0.0,7.0,14.0,35.3,1.1,0.125,0.0,0.0,7.0,10.0,33.0,0.9,0.625,1.5,10.0,-200.0,0.3333333333333333,0.6904761904761905,7,9,1.5,1.0
944,202110030506,0,0,0,0,7,4,7,49,0,0,0,0,0,0,0,0,2,0,4,26,0,0,0,0,0,0,0,0,0,0,1,6,0,0,0,0,0.0,0.0,4.0,8.0,41.5,2.8,0.8181818181818182,0.0,0.0,11.0,10.0,37.2,1.7,0.25,0.0,0.0,12.0,8.0,34.7,1.0,0.3888888888888889,0.0,-10.0,-300.0,0.04938271604938271,0.2222222222222222,6,7,11.2,4.0
945,202110030506,1,3,1,5,0,0,0,1,0,0,0,0,0,3,0,4,0,0,0,1,0,0,0,0,0,3,0,1,0,0,0,1,0,0,0,0,0.0,0.0,8.0,3.0,39.2,1.3,0.09090909090909091,0.0,0.0,6.0,8.0,38.0,0.9,0.1875,0.0,0.0,2.0,11.0,37.2,1.3,0.1875,4.0,-16.0,300.0,0.13333333333333333,0.38666666666666666,5,5,4.7,2.0
946,202110030506,0,0,0,8,10,5,7,57,0,0,0,2,0,0,0,4,5,2,3,30,0,0,0,2,0,0,0,1,2,0,0,4,0,0,0,1,0.0,0.0,13.0,13.0,42.0,3.0,0.7692307692307693,0.0,0.0,11.0,15.0,40.7,4.1,0.4375,0.0,0.0,15.0,15.0,36.5,1.7,0.05555555555555555,1.0,36.0,0.0,0.0,0.2,8,11,53.5,8.0
947,202110030506,3,4,3,36,7,4,7,49,0,0,0,0,2,1,0,15,2,0,4,26,0,0,0,0,1,1,0,4,0,0,1,6,0,0,0,0,0.0,0.0,40.0,2.0,41.0,0.2,0.375,0.0,0.0,120.0,5.0,35.8,0.6,0.8333333333333334,0.0,0.0,150.0,15.0,38.3,2.6,0.6875,6.5,8.0,-200.0,0.03571428571428571,0.10714285714285714,2,2,17.8,5.0
948,202110030506,0,2,3,6,0,2,1,22,0,0,0,0,0,2,2,4,0,1,1,13,0,0,0,0,0,1,1,2,0,0,0,5,0,0,0,0,0.0,0.0,12.0,9.0,39.1,3.4,1.0,0.0,0.0,5.0,13.0,35.8,1.2,0.5,0.0,0.0,5.0,5.0,33.9,0.6,0.9444444444444444,-2.0,16.0,-300.0,0.0821917808219178,0.3287671232876712,1,1,9.0,3.0
949,202110030506,1,3,1,5,5,2,5,58,0,0,0,1,0,3,0,4,3,1,1,25,0,0,0,0,0,3,0,1,2,1,1,3,0,0,0,0,0.0,0.0,,,,,,0.0,0.0,140.0,11.0,39.9,3.5,0.75,0.0,0.0,140.0,13.0,40.5,3.4,0.4375,2.0,,-200.0,0.05263157894736842,0.05263157894736842,7,8,89.4,9.0
950,202110030506,11,13,9,84,4,0,1,32,0,0,0,2,2,3,4,26,2,0,1,12,0,0,0,2,1,0,1,4,0,0,1,1,0,0,0,1,,,,,,,,,,,,,,,,,,,,,,,,,0.0,0.1111111111111111,6,6,123.4,10.0
951,202110030506,3,0,4,35,0,0,0,0,0,0,0,0,0,0,1,19,0,0,0,0,0,0,0,0,0,0,0,2,0,0,0,0,0,0,0,0,0.0,0.0,4.0,4.0,40.1,0.5,0.9090909090909091,0.0,0.0,7.0,11.0,38.1,2.2,0.8125,0.0,0.0,10.0,6.0,34.2,0.3,0.8333333333333334,1.0,-11.0,-30.0,0.0,0.14285714285714285,3,3,148.4,11.0
952,202110030506,0,0,0,0,10,5,7,57,0,0,0,0,0,0,0,0,5,2,3,30,0,0,0,0,0,0,0,0,2,0,0,4,0,0,0,0,0.0,0.0,6.0,14.0,36.0,1.4,0.875,0.0,0.0,8.0,8.0,34.6,1.0,0.8,0.0,0.0,8.0,15.0,35.2,1.5,0.6875,0.5,8.0,-600.0,0.06060606060606061,0.30303030303030304,4,4,41.4,7.0
953,202110030506,0,2,3,6,2,6,2,52,0,0,0,2,0,2,2,4,1,4,2,42,0,0,0,2,0,1,1,2,0,2,0,7,0,0,0,0,0.0,0.0,2.0,8.0,44.1,5.0,0.375,0.0,0.0,13.0,13.0,39.0,3.1,0.875,0.0,0.0,12.0,15.0,37.7,2.9,0.75,3.5,-18.0,-200.0,0.07547169811320754,0.20754716981132076,8,10,26.9,6.0
954,202110030509,0,0,1,3,0,0,0,2,0,0,0,0,0,0,1,3,0,0,0,0,0,0,0,0,0,0,0,0,0,0,0,0,0,0,0,0,0.0,0.0,5.0,7.0,39.5,1.5,0.9,0.0,0.0,8.0,14.0,34.5,0.8,0.8823529411764706,0.0,0.0,16.0,5.0,34.6,0.3,0.7222222222222222,-1.0,-7.0,-100.0,0.03125,0.28125,8,16,29.3,9.0
955,202110030509,1,1,0,4,0,0,0,16,0,0,0,0,0,0,0,1,0,0,0,5,0,0,0,0,0,0,0,0,0,0,0,0,0,0,0,0,0.0,0.0,30.0,7.0,33.9,0.9,1.0,0.0,0.0,80.0,4.0,33.5,0.2,0.9411764705882353,0.0,0.0,70.0,6.0,34.2,0.6,1.0,-0.5,-8.0,-200.0,0.34146341463414637,0.6829268292682927,8,18,7.5,4.0
956,202110030509,0,0,0,0,0,0,0,5,0,0,0,0,0,0,0,0,0,0,0,3,0,0,0,0,0,0,0,0,0,0,0,0,0,0,0,0,0.0,0.0,18.0,18.0,35.2,2.0,0.5,0.0,0.0,6.0,16.0,33.5,2.2,1.0,0.0,0.0,9.0,10.0,34.2,1.0,0.07692307692307693,-4.0,-10.0,0.0,0.21875,0.40625,1,2,8.2,5.0
957,202110030509,21,21,21,102,0,0,1,10,0,0,0,0,6,4,3,30,0,0,1,7,0,0,0,0,1,1,0,3,0,0,0,0,0,0,0,0,0.0,0.0,7.0,7.0,40.3,1.5,1.0,0.0,0.0,12.0,11.0,35.0,0.4,0.42857142857142855,0.0,0.0,11.0,8.0,35.8,0.7,0.3125,0.5,14.0,-400.0,0.136986301369863,0.3972602739726027,4,8,34.1,10.0
958,202110030509,0,0,1,11,2,4,6,41,0,0,0,0,0,0,0,2,1,3,3,30,0,0,0,0,0,0,0,0,0,0,3,2,0,0,0,0,0.0,0.0,12.0,11.0,38.0,2.5,1.0,0.0,0.0,12.0,14.0,34.6,1.0,0.8823529411764706,0.0,0.0,6.0,8.0,36.1,2.2,0.8,-1.5,0.0,-1200.0,0.08333333333333333,0.3333333333333333,7,13,36.2,11.0
959,202110030509,3,6,1,31,3,3,1,14,2,1,0,5,3,2,0,14,3,1,1,5,2,0,0,3,0,0,0,1,0,0,0,0,0,0,0,0,0.0,0.0,30.0,2.0,34.1,0.2,0.18181818181818182,0.0,0.0,20.0,8.0,35.0,1.2,0.36363636363636365,0.0,0.0,10.0,9.0,36.2,0.8,0.18181818181818182,3.5,0.0,0.0,0.05063291139240506,0.21518987341772153,7,14,4.1,2.0
960,202110030509,3,1,1,2,1,0,1,0,1,0,1,0,3,0,1,2,1,0,1,0,1,0,1,0,0,0,0,0,0,0,0,0,0,0,0,0,0.0,0.0,5.0,8.0,34.2,0.4,0.4444444444444444,0.0,0.0,6.0,7.0,35.0,0.5,0.2727272727272727,0.0,0.0,1.0,7.0,34.4,0.2,0.5294117647058824,-0.5,4.0,0.0,0.06521739130434782,0.17391304347826086,3,6,3.7,1.0
961,202110030509,1,3,2,27,2,3,3,40,0,0,1,0,1,2,1,14,1,2,3,17,0,0,1,0,0,0,0,0,0,1,0,0,0,0,0,0,0.0,0.0,11.0,12.0,34.3,0.8,0.46153846153846156,0.0,0.0,10.0,11.0,32.7,0.5,0.7222222222222222,0.0,0.0,4.0,7.0,33.0,0.6,0.5,-2.5,0.0,0.0,0.022222222222222223,0.14444444444444443,8,17,71.1,13.0
962,202110030509,3,3,3,41,6,6,4,55,0,0,0,0,1,1,1,20,1,1,3,27,0,0,0,0,0,0,0,2,0,0,0,1,0,0,0,0,0.0,0.0,18.0,10.0,36.0,0.7,0.6666666666666666,0.0,0.0,12.0,14.0,35.0,1.4,0.9333333333333333,0.0,0.0,8.0,8.0,35.0,0.9,0.7272727272727273,-1.0,4.0,0.0,0.02631578947368421,0.19736842105263158,1,1,23.4,7.0
963,202110030509,1,2,2,19,1,0,1,2,0,0,1,0,0,0,2,13,0,0,1,0,0,0,1,0,0,0,0,0,0,0,0,0,0,0,0,0,0.0,0.0,13.0,11.0,35.6,0.9,0.05555555555555555,0.0,0.0,11.0,8.0,34.2,0.7,0.9230769230769231,0.0,0.0,17.0,10.0,35.3,0.5,0.29411764705882354,-0.5,2.0,0.0,0.05555555555555555,0.05555555555555555,6,11,161.1,17.0
964,202110030509,0,0,1,11,0,2,0,9,0,0,0,1,0,0,0,4,0,0,0,3,0,0,0,1,0,0,0,0,0,0,0,0,0,0,0,0,0.0,0.0,6.0,7.0,39.7,3.0,0.8,0.0,0.0,10.0,9.0,35.5,0.8,0.6666666666666666,0.0,0.0,12.0,15.0,35.8,2.1,0.3333333333333333,4.0,-4.0,-500.0,0.058823529411764705,0.19607843137254902,4,7,44.9,12.0
965,202110030509,7,4,6,52,2,0,0,6,1,0,0,3,6,3,5,37,2,0,0,6,1,0,0,3,0,1,0,2,0,0,0,0,0,0,0,0,0.0,0.0,150.0,15.0,38.2,2.3,0.6875,0.0,0.0,120.0,13.0,34.5,1.0,0.7222222222222222,0.0,0.0,70.0,7.0,34.2,0.6,0.25,-4.0,18.0,0.0,0.10112359550561797,0.23595505617977527,5,9,22.4,6.0
966,202110030509,0,0,0,0,1,0,0,3,0,0,0,0,0,0,0,0,0,0,0,2,0,0,0,0,0,0,0,0,0,0,0,1,0,0,0,0,0.0,0.0,10.0,9.0,42.1,2.1,0.7,0.0,0.0,5.0,13.0,48.4,12.3,0.8461538461538461,0.0,0.0,5.0,,,,,4.0,-29.0,-200.0,0.0,0.08823529411764706,6,12,25.4,8.0
967,202110030509,15,7,8,83,1,2,1,3,0,0,0,0,10,4,5,49,1,1,1,3,0,0,0,0,1,0,1,4,0,0,0,0,0,0,0,0,0.0,0.0,15.0,16.0,36.8,2.4,0.25,0.0,0.0,13.0,17.0,36.5,1.8,0.11764705882352941,0.0,0.0,11.0,13.0,39.4,3.5,0.23076923076923078,-1.5,0.0,0.0,0.11818181818181818,0.23636363636363636,2,3,5.1,3.0
968,202110030509,2,0,3,29,7,7,8,94,0,0,0,2,1,0,3,20,1,4,1,34,0,0,0,1,0,0,1,1,0,0,0,1,0,0,0,0,0.0,0.0,90.0,10.0,41.4,3.6,0.6363636363636364,0.0,0.0,150.0,12.0,34.7,1.0,0.8888888888888888,0.0,0.0,120.0,13.0,35.3,1.2,0.38461538461538464,1.5,6.0,-200.0,0.07692307692307693,0.1282051282051282,2,4,99.0,15.0
969,202110030509,7,4,6,52,1,0,2,14,0,0,0,0,6,3,5,37,1,0,1,11,0,0,0,0,0,1,0,2,0,0,0,0,0,0,0,0,0.0,0.0,12.0,15.0,36.5,3.6,0.5625,0.0,0.0,13.0,1.0,34.4,0.0,0.07142857142857142,0.0,0.0,14.0,16.0,36.0,2.8,1.0,0.5,-16.0,0.0,0.08695652173913043,0.1956521739130435,3,5,139.2,16.0
970,202110030509,2,1,2,6,1,0,0,6,1,0,0,1,2,1,2,2,1,0,0,4,1,0,0,1,0,0,0,1,0,0,0,1,0,0,0,0,0.0,0.0,12.0,15.0,36.1,2.3,0.06666666666666667,0.0,0.0,14.0,17.0,35.0,0.8,0.5294117647058824,0.0,0.0,8.0,11.0,37.8,1.9,0.16666666666666666,-2.0,-2.0,-400.0,0.10869565217391304,0.17391304347826086,7,15,71.2,14.0
971,202110030509,1,0,4,12,7,11,6,84,1,0,1,1,1,0,4,10,4,5,4,47,1,0,1,1,0,0,0,0,0,0,1,4,0,0,0,0,0.0,0.0,110.0,7.0,34.7,1.0,0.875,0.0,0.0,110.0,5.0,33.9,0.3,0.42857142857142855,0.0,0.0,80.0,10.0,34.1,0.8,0.9090909090909091,1.5,-12.0,0.0,,,5,10,,
972,202110030606,0,0,0,0,1,0,4,11,0,0,0,0,0,0,0,0,1,0,2,5,0,0,0,0,0,0,0,0,0,0,1,4,0,0,0,0,0.0,0.0,80.0,8.0,43.4,5.7,0.75,0.0,0.0,130.0,13.0,37.3,1.3,0.5,0.0,0.0,50.0,1.0,37.1,0.0,0.16666666666666666,-3.5,11.0,-500.0,0.02564102564102564,0.19230769230769232,7,15,14.9,6.0
973,202110030606,3,6,1,31,0,0,0,3,0,0,0,0,3,2,0,14,0,0,0,2,0,0,0,0,0,2,0,5,0,0,0,2,0,0,0,0,0.0,0.0,4.0,10.0,35.3,0.9,0.5,0.0,0.0,1.0,7.0,35.7,0.6,0.16666666666666666,0.0,0.0,2.0,2.0,35.1,0.1,0.2777777777777778,-4.0,-8.0,-600.0,0.10416666666666667,0.16666666666666666,2,4,3.1,2.0
974,202110030606,0,0,0,1,8,4,5,73,0,0,0,0,0,0,0,1,1,1,0,24,0,0,0,0,0,0,0,0,0,0,0,8,0,0,0,0,0.0,0.0,30.0,2.0,34.0,0.0,0.5555555555555556,0.0,0.0,90.0,3.0,34.4,0.3,0.4444444444444444,0.0,0.0,30.0,7.0,35.6,0.5,0.2222222222222222,2.5,8.0,0.0,0.3409090909090909,0.6818181818181818,2,3,3.0,1.0
975,202110030606,0,2,3,6,2,6,2,52,0,0,0,2,0,2,2,4,1,4,2,42,0,0,0,2,0,1,1,2,1,2,1,19,0,0,0,2,0.0,0.0,3.0,12.0,43.1,2.9,0.16666666666666666,0.0,0.0,6.0,9.0,35.7,1.0,0.4444444444444444,0.0,0.0,4.0,4.0,35.7,0.5,0.05555555555555555,-4.0,14.0,-200.0,0.04878048780487805,0.23170731707317074,5,9,13.1,4.0
976,202110030606,15,7,8,83,0,0,0,1,0,0,0,0,10,4,5,49,0,0,0,0,0,0,0,0,6,2,1,20,0,0,0,0,0,0,0,0,0.0,0.0,14.0,12.0,38.5,2.2,0.125,0.0,0.0,14.0,16.0,38.8,3.1,0.1875,0.0,0.0,16.0,11.0,38.3,1.7,0.9375,-0.5,0.0,0.0,0.11607142857142858,0.23214285714285715,8,16,13.4,5.0
977,202110030606,7,6,3,55,0,0,0,1,0,0,0,0,1,3,2,19,0,0,0,1,0,0,0,0,0,1,2,11,0,0,0,1,0,0,0,0,0.0,0.0,1.0,5.0,40.4,0.9,0.8888888888888888,0.0,0.0,9.0,8.0,35.1,0.7,0.3888888888888889,0.0,0.0,16.0,6.0,35.0,0.7,0.8333333333333334,0.5,11.0,-30.0,0.06451612903225806,0.17204301075268819,3,6,123.0,16.0
978,202110030606,0,0,0,1,0,0,0,0,0,0,0,0,0,0,0,1,0,0,0,0,0,0,0,0,0,0,0,0,0,0,0,0,0,0,0,0,0.0,0.0,9.0,9.0,35.0,1.1,0.25,0.0,0.0,8.0,7.0,33.4,0.7,1.0,0.0,0.0,13.0,9.0,33.7,0.6,0.875,0.0,-2.0,-200.0,0.10714285714285714,0.21428571428571427,8,18,53.2,11.0
979,202110030606,2,4,5,9,0,0,0,0,0,0,0,0,2,2,5,3,0,0,0,0,0,0,0,0,1,0,0,1,0,0,0,0,0,0,0,0,0.0,0.0,1.0,9.0,44.6,2.7,0.08333333333333333,0.0,0.0,11.0,9.0,38.2,1.6,0.5,0.0,0.0,13.0,10.0,36.6,0.7,0.875,0.5,-8.0,-200.0,0.14285714285714285,0.4025974025974026,3,5,6.2,3.0
980,202110030606,15,7,8,83,5,2,5,58,1,0,0,14,10,4,5,49,3,1,1,25,1,0,0,7,6,2,1,20,0,0,0,10,0,0,0,2,0.0,0.0,90.0,10.0,37.1,1.5,0.9166666666666666,0.0,0.0,90.0,9.0,35.5,0.8,0.5555555555555556,0.0,0.0,110.0,9.0,36.6,1.3,0.75,-0.5,5.0,380.0,0.06349206349206349,0.25396825396825395,1,1,38.1,9.0
981,202110030606,3,6,1,31,10,5,7,57,0,1,0,0,3,2,0,14,5,2,3,30,0,0,0,0,0,2,0,5,3,1,2,10,0,0,0,0,0.0,0.0,13.0,10.0,35.8,0.9,0.23076923076923078,0.0,0.0,10.0,11.0,42.8,2.7,0.3076923076923077,0.0,0.0,4.0,1.0,39.1,0.0,0.1,-4.5,6.0,0.0,0.0,0.09090909090909091,4,8,67.7,13.0
982,202110030606,2,1,1,15,4,0,1,32,0,0,0,1,1,1,0,8,2,0,1,12,0,0,0,1,1,0,0,4,1,0,0,7,0,0,0,1,0.0,0.0,110.0,8.0,36.8,0.6,0.6,0.0,0.0,70.0,5.0,35.5,0.7,0.2727272727272727,0.0,0.0,90.0,8.0,36.0,1.3,0.7,0.0,0.0,0.0,0.047619047619047616,0.047619047619047616,1,2,40.8,10.0
983,202110030606,2,0,3,29,0,0,1,5,0,0,0,0,1,0,3,20,0,0,0,3,0,0,0,0,1,0,1,11,0,0,0,2,0,0,0,0,0.0,0.0,70.0,9.0,40.5,2.1,0.7272727272727273,0.0,0.0,180.0,16.0,36.1,1.6,0.2777777777777778,0.0,0.0,140.0,12.0,35.5,1.0,0.7222222222222222,1.5,-5.0,-100.0,0.11827956989247312,0.26881720430107525,8,17,70.2,14.0
984,202110030606,3,1,1,2,2,6,2,52,0,0,0,0,3,0,1,2,1,4,2,42,0,0,0,0,1,0,0,0,1,2,1,19,0,0,0,0,0.0,0.0,5.0,4.0,39.3,1.1,0.4,0.0,0.0,8.0,13.0,34.9,1.0,1.0,0.0,0.0,7.0,9.0,37.5,1.7,0.8,2.5,18.0,-200.0,0.09782608695652174,0.22826086956521738,4,7,24.1,8.0
985,202110030606,0,0,1,3,0,0,0,6,0,0,0,0,0,0,1,3,0,0,0,4,0,0,0,0,0,0,1,0,0,0,0,1,0,0,0,0,0.0,0.0,5.0,5.0,40.1,0.5,0.125,0.0,0.0,12.0,13.0,36.9,2.6,0.5,0.0,0.0,8.0,5.0,36.4,0.4,0.21428571428571427,0.0,-10.0,-200.0,0.021739130434782608,0.14130434782608695,5,10,114.9,15.0
986,202110030606,7,4,6,52,0,0,0,3,0,0,0,1,6,3,5,37,0,0,0,1,0,0,0,1,1,2,3,10,0,0,0,0,0,0,0,0,0.0,0.0,17.0,15.0,35.2,1.2,0.9444444444444444,0.0,0.0,12.0,16.0,44.6,5.0,0.5625,0.0,0.0,11.0,14.0,38.4,2.9,1.0,-0.5,0.0,0.0,0.08108108108108109,0.32432432432432434,7,14,188.5,17.0
987,202110030606,1,1,2,34,2,4,6,41,0,0,0,1,1,1,2,27,1,3,3,30,0,0,0,1,1,0,0,14,1,2,0,10,0,0,0,0,0.0,0.0,110.0,11.0,41.8,2.6,0.9166666666666666,0.0,0.0,120.0,16.0,36.7,1.5,0.1111111111111111,0.0,0.0,100.0,6.0,34.6,0.9,0.5555555555555556,-2.5,20.0,-200.0,0.07692307692307693,0.1794871794871795,7,13,56.2,12.0
988,202110030606,0,0,0,0,0,0,0,0,0,0,0,0,0,0,0,0,0,0,0,0,0,0,0,0,0,0,0,0,0,0,0,0,0,0,0,0,0.0,0.0,11.0,7.0,36.8,1.0,0.625,0.0,0.0,10.0,15.0,38.3,3.2,0.6666666666666666,0.0,0.0,3.0,1.0,36.7,0.0,0.4166666666666667,-3.0,-4.0,0.0,0.043478260869565216,0.043478260869565216,6,12,21.2,7.0
989,202110030606,1,1,2,34,4,0,2,14,0,0,0,0,1,1,2,27,0,0,0,3,0,0,0,0,1,0,0,14,0,0,0,0,0,0,0,0,0.0,0.0,10.0,12.0,47.9,7.3,0.08333333333333333,0.0,0.0,18.0,18.0,36.0,1.8,0.8333333333333334,0.0,0.0,14.0,16.0,40.6,5.3,0.9375,2.0,24.0,-200.0,0.07142857142857142,0.14285714285714285,6,11,228.3,18.0
990,202110030608,11,13,9,84,4,2,0,8,0,0,0,0,2,3,4,26,1,1,0,4,0,0,0,0,1,0,1,5,0,0,0,1,0,0,0,0,0.0,0.0,14.0,10.0,33.8,0.4,0.6875,0.0,0.0,8.0,9.0,34.1,0.7,0.7272727272727273,0.0,0.0,10.0,5.0,34.2,0.3,0.6470588235294118,-2.5,-6.0,-200.0,0.13157894736842105,0.39473684210526316,8,16,7.3,4.0
991,202110030608,21,21,21,102,0,1,0,1,0,0,0,0,6,4,3,30,0,1,0,0,0,0,0,0,3,1,2,5,0,0,0,0,0,0,0,0,0.0,0.0,7.0,12.0,35.6,1.7,0.9375,0.0,0.0,2.0,1.0,35.5,0.0,0.6153846153846154,0.0,0.0,2.0,2.0,34.5,0.3,0.05555555555555555,-5.0,12.0,0.0,0.058823529411764705,0.29411764705882354,5,9,5.0,2.0
992,202110030608,11,13,9,84,8,4,5,73,1,1,1,11,2,3,4,26,1,1,0,24,0,0,0,1,1,0,1,5,0,1,0,6,0,0,0,0,0.0,0.0,8.0,8.0,33.9,0.7,0.5,0.0,0.0,9.0,3.0,35.1,0.3,0.5625,0.0,0.0,2.0,7.0,34.6,0.9,0.38461538461538464,-0.5,0.0,0.0,0.07407407407407407,0.2037037037037037,5,10,8.8,5.0
993,202110030608,15,7,8,83,0,2,2,5,0,0,1,1,10,4,5,49,0,0,1,2,0,0,1,1,1,1,2,15,0,0,1,1,0,0,1,1,0.0,0.0,2.0,14.0,33.0,0.6,0.4444444444444444,0.0,0.0,2.0,1.0,32.3,0.0,0.6666666666666666,0.0,0.0,4.0,3.0,35.8,0.6,0.4375,-5.5,8.0,200.0,,,4,8,10.8,6.0
994,202110030608,1,1,0,3,0,2,1,22,0,0,0,1,1,1,0,2,0,1,1,13,0,0,0,1,0,0,0,0,0,0,0,1,0,0,0,0,0.0,0.0,13.0,12.0,34.4,1.2,1.0,0.0,0.0,16.0,12.0,33.9,0.5,0.625,0.0,0.0,13.0,12.0,34.2,0.6,0.9375,0.0,-16.0,-200.0,0.07317073170731707,0.14634146341463414,8,18,38.7,11.0
995,202110030608,6,4,3,33,10,5,7,57,2,2,1,4,4,1,0,15,5,2,3,30,1,1,0,2,0,0,0,2,0,0,0,7,0,0,0,1,0.0,0.0,4.0,11.0,37.8,2.5,0.16666666666666666,0.0,0.0,8.0,13.0,36.5,0.8,0.1875,0.0,0.0,6.0,1.0,34.7,0.0,0.11764705882352941,-5.0,-2.0,0.0,0.10638297872340426,0.1702127659574468,1,2,37.1,9.0
996,202110030608,0,0,0,7,0,0,0,10,0,0,0,0,0,0,0,6,0,0,0,4,0,0,0,0,0,0,0,2,0,0,0,1,0,0,0,0,0.0,0.0,9.0,10.0,39.1,2.2,0.4,0.0,0.0,12.0,10.0,35.4,0.7,0.14285714285714285,0.0,0.0,11.0,9.0,35.7,0.8,0.9230769230769231,-0.5,22.0,0.0,0.21212121212121213,0.42424242424242425,2,4,6.8,3.0
997,202110030608,15,7,8,83,7,7,8,94,1,0,0,8,10,4,5,49,1,4,1,34,0,0,0,5,1,1,2,15,0,0,0,6,0,0,0,2,0.0,0.0,9.0,9.0,34.3,0.4,0.375,0.0,0.0,7.0,3.0,33.3,0.4,0.8,0.0,0.0,15.0,9.0,34.9,1.1,0.2,0.0,-2.0,0.0,0.0989010989010989,0.23076923076923078,3,5,58.7,14.0
998,202110030608,3,2,0,7,1,0,0,1,1,0,0,0,3,2,0,7,1,0,0,1,1,0,0,0,1,0,0,2,0,0,0,0,0,0,0,0,0.0,0.0,1.0,,,,,0.0,0.0,1.0,5.0,13.8,0.5,0.08333333333333333,0.0,0.0,5.0,2.0,13.4,0.2,0.25,-3.0,-16.0,-1660.0,0.0,0.18181818181818182,4,7,32.2,8.0
999,202110030608,0,0,0,0,0,0,0,0,0,0,0,0,0,0,0,0,0,0,0,0,0,0,0,0,0,0,0,0,0,0,0,0,0,0,0,0,0.0,0.0,70.0,2.0,34.1,0.2,0.6428571428571429,0.0,0.0,40.0,7.0,35.0,0.6,0.35714285714285715,0.0,0.0,20.0,1.0,34.5,0.0,0.4,-0.5,4.0,0.0,0.3488372093023256,0.6976744186046512,1,1,3.1,1.0
1000,202110030608,7,4,6,52,0,0,0,0,0,0,0,0,6,3,5,37,0,0,0,0,0,0,0,0,3,0,0,9,0,0,0,0,0,0,0,0,0.0,0.0,13.0,11.0,35.0,0.6,0.75,0.0,0.0,10.0,8.0,34.0,0.4,0.8125,0.0,0.0,10.0,10.0,35.5,0.7,0.9285714285714286,-0.5,2.0,0.0,0.11956521739130435,0.2717391304347826,3,6,40.1,12.0
1001,202110030608,6,4,3,33,4,2,0,8,1,0,0,0,4,1,0,15,1,1,0,4,1,0,0,0,0,0,0,2,0,0,0,1,0,0,0,0,0.0,0.0,13.0,14.0,34.6,1.0,0.9375,0.0,0.0,9.0,9.0,34.8,0.9,0.9090909090909091,0.0,0.0,10.0,13.0,34.6,1.2,0.875,-0.5,0.0,0.0,0.05128205128205128,0.20512820512820512,7,15,38.2,10.0
1002,202110030608,0,2,3,6,7,4,7,49,0,0,0,0,0,2,2,4,2,0,4,26,0,0,0,0,0,0,0,0,0,0,0,3,0,0,0,0,0.0,0.0,1.0,8.0,38.9,1.6,0.5555555555555556,0.0,0.0,11.0,11.0,40.4,2.3,0.4166666666666667,0.0,0.0,12.0,13.0,35.0,1.1,0.9285714285714286,2.5,3.0,0.0,0.045454545454545456,0.045454545454545456,7,13,16.9,7.0
1003,202110030608,3,3,0,30,0,3,0,8,0,0,0,0,3,1,0,18,0,3,0,6,0,0,0,0,0,0,0,8,0,0,0,2,0,0,0,0,0.0,0.0,15.0,13.0,33.7,1.2,0.6111111111111112,0.0,0.0,12.0,14.0,33.6,1.1,0.17647058823529413,0.0,0.0,5.0,8.0,36.1,1.2,0.26666666666666666,-2.5,14.0,200.0,0.11711711711711711,0.23423423423423423,6,12,57.9,13.0
1004,202110030608,2,3,4,40,7,7,8,94,1,0,0,3,1,1,2,15,1,4,1,34,1,0,0,1,0,0,0,2,0,0,0,6,0,0,0,0,0.0,0.0,4.0,7.0,43.4,4.0,0.2222222222222222,0.0,0.0,17.0,14.0,37.1,1.8,0.2777777777777778,0.0,0.0,13.0,13.0,36.5,2.1,0.5,3.0,7.0,-200.0,0.02197802197802198,0.14285714285714285,7,14,356.4,18.0
1005,202110030608,15,7,8,83,1,0,1,15,0,0,0,1,10,4,5,49,1,0,0,12,0,0,0,1,1,1,2,15,0,0,0,2,0,0,0,1,0.0,0.0,10.0,10.0,34.0,1.4,1.0,0.0,0.0,12.0,12.0,37.0,1.6,1.0,0.0,0.0,10.0,8.0,34.6,0.9,0.7,-1.0,2.0,-400.0,0.0851063829787234,0.19148936170212766,6,11,81.9,15.0
1006,202110030608,1,1,0,4,0,1,0,3,0,0,0,0,0,0,0,1,0,0,0,2,0,0,0,0,0,0,0,0,0,0,0,2,0,0,0,0,0.0,0.0,100.0,10.0,44.0,3.8,0.2,0.0,0.0,110.0,14.0,35.9,1.2,0.2777777777777778,0.0,0.0,160.0,17.0,36.5,2.0,0.1111111111111111,3.5,4.0,-200.0,0.05,0.05,8,17,180.9,16.0
1007,202110030608,0,1,0,9,1,0,0,5,0,0,0,1,0,0,0,5,1,0,0,2,0,0,0,1,0,0,0,0,1,0,0,0,0,0,0,0,0.0,0.0,8.0,6.0,13.7,9.1,0.5,0.0,0.0,11.0,,,,0.16666666666666666,0.0,0.0,13.0,14.0,13.7,7.9,0.42857142857142855,8.0,-12.0,-1660.0,0.0,0.1,2,3,195.3,17.0
1008,202110040102,0,0,0,0,0,0,0,0,0,0,0,0,0,0,0,0,0,0,0,0,0,0,0,0,0,0,0,0,0,0,0,0,0,0,0,0,0.0,0.0,9.0,9.0,40.5,2.4,0.9,0.0,0.0,15.0,14.0,36.7,2.6,0.9333333333333333,0.0,0.0,15.0,17.0,35.1,1.6,0.8235294117647058,4.0,18.0,-200.0,0.10204081632653061,0.1836734693877551,5,8,97.6,12.0
1009,202110040102,0,0,0,0,0,0,0,0,0,0,0,0,0,0,0,0,0,0,0,0,0,0,0,0,0,0,0,0,0,0,0,0,0,0,0,0,0.0,0.0,18.0,16.0,33.6,1.5,0.7777777777777778,0.0,0.0,15.0,9.0,33.8,1.5,0.6875,0.0,0.0,14.0,14.0,36.1,1.7,0.14285714285714285,-1.0,0.0,200.0,0.0,0.047619047619047616,4,6,11.4,3.0
1010,202110040102,0,0,0,0,0,0,0,0,0,0,0,0,0,0,0,0,0,0,0,0,0,0,0,0,0,0,0,0,0,0,0,0,0,0,0,0,0.0,0.0,110.0,80.0,39.6,2.0,0.45454545454545453,0.0,0.0,100.0,130.0,37.3,2.3,0.8571428571428571,0.0,0.0,140.0,160.0,35.6,2.4,0.875,40.0,19.0,-100.0,0.045454545454545456,0.045454545454545456,2,3,69.4,10.0
1011,202110040102,0,0,0,0,0,0,0,0,0,0,0,0,0,0,0,0,0,0,0,0,0,0,0,0,0,0,0,0,0,0,0,0,0,0,0,0,0.0,0.0,10.0,12.0,43.9,4.7,0.3333333333333333,0.0,0.0,17.0,17.0,38.0,3.5,0.1111111111111111,0.0,0.0,14.0,13.0,36.8,1.3,0.5625,0.5,9.0,-30.0,0.0379746835443038,0.20253164556962025,6,11,12.9,5.0
1012,202110040102,0,0,0,0,0,0,0,0,0,0,0,0,0,0,0,0,0,0,0,0,0,0,0,0,0,0,0,0,0,0,0,0,0,0,0,0,0.0,0.0,6.0,7.0,40.9,0.8,0.8181818181818182,0.0,0.0,12.0,12.0,36.2,1.7,0.5,0.0,0.0,8.0,4.0,34.5,0.8,0.7857142857142857,-1.5,27.0,-200.0,0.0,0.08333333333333333,3,5,18.4,6.0
1013,202110040102,0,0,0,0,0,0,0,0,0,0,0,0,0,0,0,0,0,0,0,0,0,0,0,0,0,0,0,0,0,0,0,0,0,0,0,0,0.0,0.0,5.0,10.0,44.7,3.9,0.09090909090909091,0.0,0.0,14.0,17.0,36.8,2.1,0.23529411764705882,0.0,0.0,9.0,12.0,35.6,1.0,0.13333333333333333,1.0,-3.0,-400.0,0.11578947368421053,0.2631578947368421,5,9,1.9,1.0
1014,202110040102,0,0,0,0,0,0,0,0,0,0,0,0,0,0,0,0,0,0,0,0,0,0,0,0,0,0,0,0,0,0,0,0,0,0,0,0,0.0,0.0,11.0,11.0,44.3,6.2,0.8181818181818182,0.0,0.0,14.0,13.0,34.2,2.5,0.75,0.0,0.0,16.0,14.0,36.8,1.9,0.2777777777777778,1.5,21.0,-200.0,0.0,0.15384615384615385,1,1,48.3,8.0
1015,202110040102,0,0,0,0,0,0,0,0,0,0,0,0,0,0,0,0,0,0,0,0,0,0,0,0,0,0,0,0,0,0,0,0,0,0,0,0,0.0,0.0,12.0,16.0,40.5,5.5,0.875,0.0,0.0,14.0,11.0,36.6,2.4,0.42857142857142855,0.0,0.0,13.0,8.0,36.8,0.9,0.5333333333333333,-4.0,-10.0,0.0,0.1,0.2,2,2,210.9,13.0
1016,202110040102,0,0,0,0,0,0,0,0,0,0,0,0,0,0,0,0,0,0,0,0,0,0,0,0,0,0,0,0,0,0,0,0,0,0,0,0,0.0,0.0,14.0,12.0,38.4,2.8,0.8571428571428571,0.0,0.0,15.0,12.0,38.2,2.2,0.6,0.0,0.0,13.0,13.0,38.9,2.3,0.46153846153846156,0.5,2.0,0.0,0.05555555555555555,0.3333333333333333,7,12,4.3,2.0
1017,202110040102,0,0,0,0,0,0,0,0,0,0,0,0,0,0,0,0,0,0,0,0,0,0,0,0,0,0,0,0,0,0,0,0,0,0,0,0,0.0,0.0,7.0,12.0,36.9,2.5,0.14285714285714285,0.0,0.0,4.0,10.0,37.9,1.6,0.3333333333333333,0.0,0.0,1.0,7.0,37.1,0.6,0.125,-2.5,2.0,0.0,0.0,0.08571428571428572,7,13,12.2,4.0
1018,202110040102,0,0,0,0,0,0,0,0,0,0,0,0,0,0,0,0,0,0,0,0,0,0,0,0,0,0,0,0,0,0,0,0,0,0,0,0,0.0,0.0,8.0,9.0,41.0,3.7,0.6,0.0,0.0,18.0,17.0,35.8,3.5,0.9444444444444444,0.0,0.0,14.0,14.0,43.1,7.9,0.35714285714285715,2.5,0.0,-100.0,0.04819277108433735,0.2289156626506024,6,10,49.8,9.0
1019,202110040102,0,0,0,0,0,0,0,0,0,0,0,0,0,0,0,0,0,0,0,0,0,0,0,0,0,0,0,0,0,0,0,0,0,0,0,0,0.0,0.0,2.0,6.0,36.7,1.6,0.7,0.0,0.0,11.0,11.0,38.7,2.1,0.25,0.0,0.0,7.0,7.0,37.2,1.8,0.42857142857142855,0.5,-18.0,300.0,0.07142857142857142,0.21428571428571427,8,15,24.4,7.0
1020,202110040102,0,0,0,0,0,0,0,0,0,0,0,0,0,0,0,0,0,0,0,0,0,0,0,0,0,0,0,0,0,0,0,0,0,0,0,0,0.0,0.0,10.0,10.0,39.8,2.8,1.0,0.0,0.0,16.0,16.0,44.3,7.1,0.5625,0.0,0.0,11.0,10.0,35.2,1.7,0.9285714285714286,0.0,7.0,-30.0,0.1518987341772152,0.4050632911392405,4,7,89.5,11.0
1021,202110040102,0,0,0,0,0,0,0,0,0,0,0,0,0,0,0,0,0,0,0,0,0,0,0,0,0,0,0,0,0,0,0,0,0,0,0,0,0.0,0.0,8.0,4.0,40.7,0.5,0.3333333333333333,0.0,0.0,14.0,14.0,37.7,2.8,0.5714285714285714,0.0,0.0,10.0,12.0,38.5,2.2,0.75,4.0,25.0,-200.0,0.08333333333333333,0.20833333333333334,8,14,219.1,14.0
1022,202110040102,0,0,0,0,0,0,0,0,0,0,0,0,0,0,0,0,0,0,0,0,0,0,0,0,0,0,0,0,0,0,0,0,0,0,0,0,0.0,0.0,15.0,15.0,40.2,8.3,1.0,,,,,,,,,,,,,,,,,0.0,0.0,0.0,3,4,223.5,15.0
1023,202110040105,0,0,0,0,0,0,0,0,0,0,0,0,0,0,0,0,0,0,0,0,0,0,0,0,0,0,0,0,0,0,0,0,0,0,0,0,0.0,0.0,10.0,10.0,40.2,2.4,0.8181818181818182,0.0,0.0,10.0,8.0,34.6,1.1,0.6363636363636364,0.0,0.0,18.0,15.0,35.2,1.2,0.8333333333333334,2.5,2.0,-600.0,0.20588235294117646,0.4117647058823529,5,9,2.5,1.0
1024,202110040105,0,0,0,0,0,0,0,0,0,0,0,0,0,0,0,0,0,0,0,0,0,0,0,0,0,0,0,0,0,0,0,0,0,0,0,0,,,,,,,,,,,,,,,,,,,,,,,,,0.08,0.32,5,10,24.2,7.0
1025,202110040105,0,0,0,0,0,0,0,0,0,0,0,0,0,0,0,0,0,0,0,0,0,0,0,0,0,0,0,0,0,0,0,0,0,0,0,0,0.0,0.0,30.0,20.0,39.9,0.3,0.6,0.0,0.0,110.0,150.0,39.0,1.9,0.25,0.0,0.0,130.0,150.0,37.2,2.0,0.9375,65.0,9.0,-300.0,0.06382978723404255,0.1702127659574468,6,11,8.1,4.0
1026,202110040105,0,0,0,0,0,0,0,0,0,0,0,0,0,0,0,0,0,0,0,0,0,0,0,0,0,0,0,0,0,0,0,0,0,0,0,0,0.0,0.0,5.0,11.0,46.9,10.5,0.36363636363636365,0.0,0.0,7.0,13.0,40.8,2.4,0.21428571428571427,0.0,0.0,7.0,8.0,38.5,1.0,0.38461538461538464,-1.5,29.0,-550.0,0.15,0.4,1,2,6.8,3.0
1027,202110040105,0,0,0,0,0,0,0,0,0,0,0,0,0,0,0,0,0,0,0,0,0,0,0,0,0,0,0,0,0,0,0,0,0,0,0,0,,,,,,,,,,,,,,,,,,,,,,,,,0.0967741935483871,0.22580645161290322,3,6,48.5,12.0
1028,202110040105,0,0,0,0,0,0,0,0,0,0,0,0,0,0,0,0,0,0,0,0,0,0,0,0,0,0,0,0,0,0,0,0,0,0,0,0,0.0,0.0,15.0,15.0,40.7,3.3,0.875,0.0,0.0,9.0,8.0,37.5,1.2,0.75,0.0,0.0,14.0,5.0,38.9,1.4,0.7142857142857143,-5.0,-8.0,-600.0,0.0375,0.2,8,15,67.2,13.0
1029,202110040105,0,0,0,0,0,0,0,0,0,0,0,0,0,0,0,0,0,0,0,0,0,0,0,0,0,0,0,0,0,0,0,0,0,0,0,0,0.0,0.0,11.0,11.0,41.7,1.8,0.16666666666666666,0.0,0.0,11.0,12.0,35.4,1.5,0.2222222222222222,0.0,0.0,15.0,8.0,34.4,0.9,0.7222222222222222,-1.5,9.0,-300.0,0.07017543859649122,0.21052631578947367,6,12,38.5,10.0
1030,202110040105,0,0,0,0,0,0,0,0,0,0,0,0,0,0,0,0,0,0,0,0,0,0,0,0,0,0,0,0,0,0,0,0,0,0,0,0,0.0,0.0,8.0,6.0,33.7,0.5,1.0,0.0,0.0,13.0,10.0,34.1,0.9,0.375,0.0,0.0,12.0,9.0,34.1,0.5,0.9375,1.5,10.0,0.0,0.047619047619047616,0.2261904761904762,3,5,15.3,6.0
1031,202110040105,0,0,0,0,0,0,0,0,0,0,0,0,0,0,0,0,0,0,0,0,0,0,0,0,0,0,0,0,0,0,0,0,0,0,0,0,0.0,0.0,8.0,6.0,38.1,0.9,0.6428571428571429,0.0,0.0,14.0,15.0,36.6,2.8,0.9375,0.0,0.0,5.0,9.0,36.1,1.4,0.625,1.5,-2.0,0.0,0.05405405405405406,0.32432432432432434,8,16,11.3,5.0
1032,202110040105,0,0,0,0,0,0,0,0,0,0,0,0,0,0,0,0,0,0,0,0,0,0,0,0,0,0,0,0,0,0,0,0,0,0,0,0,0.0,0.0,12.0,16.0,39.3,3.7,0.9375,0.0,0.0,8.0,7.0,38.0,1.9,0.7272727272727273,0.0,0.0,8.0,10.0,36.5,1.5,0.4375,-3.0,10.0,50.0,0.0,0.07692307692307693,2,3,27.7,8.0
1033,202110040105,0,0,0,0,0,0,0,0,0,0,0,0,0,0,0,0,0,0,0,0,0,0,0,0,0,0,0,0,0,0,0,0,0,0,0,0,0.0,0.0,70.0,70.0,43.4,2.3,0.09090909090909091,0.0,0.0,170.0,160.0,36.5,2.3,0.6666666666666666,0.0,0.0,130.0,130.0,35.5,1.4,0.38461538461538464,30.0,-5.0,-1000.0,0.2413793103448276,0.4482758620689655,2,4,6.0,2.0
1034,202110040105,0,0,0,0,0,0,0,0,0,0,0,0,0,0,0,0,0,0,0,0,0,0,0,0,0,0,0,0,0,0,0,0,0,0,0,0,,,,,,,,,,,,,,,,,,,,,,,,,0.11458333333333333,0.2604166666666667,7,14,47.0,11.0
1035,202110040105,0,0,0,0,0,0,0,0,0,0,0,0,0,0,0,0,0,0,0,0,0,0,0,0,0,0,0,0,0,0,0,0,0,0,0,0,0.0,0.0,60.0,6.0,41.8,0.7,0.1111111111111111,0.0,0.0,100.0,11.0,38.2,2.8,0.75,0.0,0.0,80.0,8.0,34.7,1.7,1.0,1.0,15.0,-300.0,0.06976744186046512,0.13953488372093023,4,8,38.2,9.0
1036,202110040105,0,0,0,0,0,0,0,0,0,0,0,0,0,0,0,0,0,0,0,0,0,0,0,0,0,0,0,0,0,0,0,0,0,0,0,0,0.0,0.0,20.0,40.0,39.5,1.6,0.45454545454545453,0.0,0.0,160.0,150.0,40.9,4.8,0.75,0.0,0.0,110.0,60.0,39.6,1.8,0.5833333333333334,10.0,28.0,-100.0,0.0,0.08333333333333333,1,1,93.8,14.0
1037,202110040105,0,0,0,0,0,0,0,0,0,0,0,0,0,0,0,0,0,0,0,0,0,0,0,0,0,0,0,0,0,0,0,0,0,0,0,0,0.0,0.0,20.0,2.0,39.5,0.3,0.16666666666666666,0.0,0.0,110.0,15.0,37.5,5.1,1.0,0.0,0.0,150.0,15.0,36.4,2.8,0.8125,6.5,1.0,-200.0,0.041666666666666664,0.041666666666666664,7,13,95.8,15.0
1038,202110040105,0,0,0,0,0,0,0,0,0,0,0,0,0,0,0,0,0,0,0,0,0,0,0,0,0,0,0,0,0,0,0,0,0,0,0,0,0.0,0.0,11.0,14.0,41.0,3.9,0.5333333333333333,0.0,0.0,7.0,9.0,40.4,2.1,0.45454545454545453,0.0,0.0,12.0,8.0,40.7,2.4,0.8461538461538461,-3.0,-8.0,-500.0,0.043478260869565216,0.08695652173913043,4,7,128.2,16.0
1039,202110040109,0,0,0,0,0,0,0,0,0,0,0,0,0,0,0,0,0,0,0,0,0,0,0,0,0,0,0,0,0,0,0,0,0,0,0,0,0.0,0.0,50.0,3.0,34.4,0.7,0.17647058823529413,,,,,,,,,,,,,,,,,-400.0,0.14102564102564102,0.3974358974358974,5,5,4.1,2.0
1040,202110040109,0,0,0,0,0,0,0,0,0,0,0,0,0,0,0,0,0,0,0,0,0,0,0,0,0,0,0,0,0,0,0,0,0,0,0,0,0.0,0.0,20.0,1.0,34.5,0.0,0.25,,,,,,,,,,,,,,,,,0.0,0.05714285714285714,0.3142857142857143,1,1,2.9,1.0
1041,202110040109,0,0,0,0,0,0,0,0,0,0,0,0,0,0,0,0,0,0,0,0,0,0,0,0,0,0,0,0,0,0,0,0,0,0,0,0,,,,,,,,,,,,,,,,,,,,,,,,,0.25,0.42857142857142855,8,10,4.8,4.0
1042,202110040109,0,0,0,0,0,0,0,0,0,0,0,0,0,0,0,0,0,0,0,0,0,0,0,0,0,0,0,0,0,0,0,0,0,0,0,0,0.0,0.0,70.0,8.0,36.3,1.3,0.7,0.0,0.0,50.0,4.0,35.2,1.0,0.3,,,,,,,,-4.0,0.0,-400.0,0.06060606060606061,0.22727272727272727,7,8,16.3,5.0
1043,202110040109,0,0,0,0,0,0,0,0,0,0,0,0,0,0,0,0,0,0,0,0,0,0,0,0,0,0,0,0,0,0,0,0,0,0,0,0,0.0,0.0,8.0,9.0,35.7,1.3,0.2,0.0,0.0,14.0,11.0,34.6,0.9,0.125,0.0,0.0,13.0,14.0,34.4,0.7,0.125,2.5,-14.0,0.0,0.07272727272727272,0.21818181818181817,3,3,4.8,3.0
1044,202110040109,0,0,0,0,0,0,0,0,0,0,0,0,0,0,0,0,0,0,0,0,0,0,0,0,0,0,0,0,0,0,0,0,0,0,0,0,,,,,,,,,,,,,,,,,,,,,,,,,0.0,0.13333333333333333,6,6,21.0,7.0
1045,202110040109,0,0,0,0,0,0,0,0,0,0,0,0,0,0,0,0,0,0,0,0,0,0,0,0,0,0,0,0,0,0,0,0,0,0,0,0,0.0,0.0,2.0,1.0,38.0,0.0,0.25,0.0,0.0,9.0,12.0,43.2,6.0,0.25,0.0,0.0,12.0,15.0,40.7,3.4,0.4666666666666667,7.0,-6.0,-300.0,0.0,0.16666666666666666,7,7,70.1,9.0
1046,202110040109,0,0,0,0,0,0,0,0,0,0,0,0,0,0,0,0,0,0,0,0,0,0,0,0,0,0,0,0,0,0,0,0,0,0,0,0,,,,,,,,,,,,,,,,,,,,,,,,,0.11702127659574468,0.26595744680851063,2,2,20.9,6.0
1047,202110040109,0,0,0,0,0,0,0,0,0,0,0,0,0,0,0,0,0,0,0,0,0,0,0,0,0,0,0,0,0,0,0,0,0,0,0,0,0.0,0.0,30.0,30.0,39.2,0.2,0.2727272727272727,0.0,0.0,100.0,90.0,38.2,3.1,1.0,,,,,,,,60.0,20.0,0.0,0.10344827586206896,0.20689655172413793,4,4,101.8,10.0
1048,202110040109,0,0,0,0,0,0,0,0,0,0,0,0,0,0,0,0,0,0,0,0,0,0,0,0,0,0,0,0,0,0,0,0,0,0,0,0,0.0,0.0,70.0,11.0,43.9,3.9,0.45454545454545453,0.0,0.0,80.0,10.0,42.6,6.9,0.9,,,,,,,,-1.0,12.0,-200.0,0.11504424778761062,0.23008849557522124,8,9,61.0,8.0
1049,202110040201,0,0,0,0,3,4,1,18,0,0,0,0,0,0,0,0,1,1,0,6,0,0,0,0,0,0,0,0,0,0,0,0,0,0,0,0,0.0,0.0,140.0,8.0,35.2,0.6,0.5625,0.0,0.0,12.0,15.0,38.1,1.6,0.1111111111111111,0.0,0.0,7.0,7.0,37.5,1.6,0.1111111111111111,-0.5,16.0,-600.0,0.14634146341463414,0.4024390243902439,2,2,12.9,4.0
1050,202110040201,0,0,0,0,0,0,0,6,0,0,0,0,0,0,0,0,0,0,0,5,0,0,0,0,0,0,0,0,0,0,0,2,0,0,0,0,0.0,0.0,12.0,9.0,39.1,3.4,1.0,0.0,0.0,5.0,13.0,35.8,1.2,0.5,0.0,0.0,5.0,5.0,33.9,0.6,0.9444444444444444,-2.0,16.0,-300.0,0.22580645161290322,0.41935483870967744,1,1,13.4,5.0
1051,202110040201,1,0,3,34,1,0,1,17,0,0,0,4,1,0,3,25,1,0,0,8,0,0,0,3,0,0,0,6,1,0,0,3,0,0,0,1,0.0,0.0,30.0,6.0,34.3,1.1,0.16666666666666666,,,,,,,,,,,,,,,,,-400.0,0.058823529411764705,0.22058823529411764,8,8,3.7,2.0
1052,202110040201,1,0,3,34,0,1,1,12,0,0,0,1,1,0,3,25,0,0,1,5,0,0,0,0,0,0,0,6,0,0,0,4,0,0,0,0,0.0,0.0,30.0,40.0,37.7,0.5,1.0,0.0,0.0,120.0,120.0,35.4,1.2,0.4,0.0,0.0,90.0,100.0,36.2,1.8,0.2,30.0,8.0,0.0,0.046511627906976744,0.22093023255813954,7,7,3.7,3.0
1053,202110040201,0,0,0,4,1,0,0,2,0,0,0,0,0,0,0,2,0,0,0,2,0,0,0,0,0,0,0,1,0,0,0,0,0,0,0,0,0.0,0.0,50.0,30.0,40.4,1.0,0.25,0.0,0.0,160.0,130.0,35.7,1.6,0.875,0.0,0.0,130.0,130.0,36.0,1.6,0.875,50.0,21.0,-400.0,0.0,0.07142857142857142,8,9,83.6,8.0
1054,202110040201,0,0,0,0,2,0,0,0,0,0,0,0,0,0,0,0,1,0,0,0,0,0,0,0,0,0,0,0,0,0,0,0,0,0,0,0,0.0,0.0,2.0,6.0,38.3,1.5,0.7272727272727273,0.0,0.0,1.0,5.0,38.2,1.5,0.6666666666666666,0.0,0.0,2.0,2.0,38.3,0.4,0.5,-2.0,0.0,-600.0,0.11224489795918367,0.25510204081632654,3,3,15.8,6.0
1055,202110040201,0,0,2,11,0,0,2,12,0,0,0,0,0,0,1,3,0,0,1,10,0,0,0,0,0,0,1,2,0,0,1,6,0,0,0,0,0.0,0.0,3.0,4.0,40.2,0.5,0.14285714285714285,0.0,0.0,16.0,16.0,36.7,1.3,0.5,0.0,0.0,16.0,15.0,35.6,1.3,0.3125,5.5,11.0,-30.0,0.06779661016949153,0.2033898305084746,6,6,102.0,9.0
1056,202110040201,0,0,0,0,1,0,0,6,0,0,0,0,0,0,0,0,1,0,0,4,0,0,0,0,0,0,0,0,1,0,0,3,0,0,0,0,0.0,0.0,10.0,1.0,36.3,0.0,0.16666666666666666,0.0,0.0,80.0,8.0,38.9,0.8,0.1875,0.0,0.0,70.0,5.0,36.9,1.3,0.3125,2.0,2.0,350.0,0.2222222222222222,0.4444444444444444,5,5,2.6,1.0
1057,202110040201,0,0,0,0,0,0,0,0,0,0,0,0,0,0,0,0,0,0,0,0,0,0,0,0,0,0,0,0,0,0,0,0,0,0,0,0,0.0,0.0,60.0,110.0,43.9,3.1,0.08333333333333333,0.0,0.0,70.0,90.0,40.0,3.0,0.2727272727272727,0.0,0.0,70.0,90.0,38.3,2.7,0.1111111111111111,-10.0,30.0,-300.0,0.0,0.13333333333333333,4,4,29.8,7.0
1058,202110040206,0,0,0,0,0,0,0,1,0,0,0,0,0,0,0,0,0,0,0,1,0,0,0,0,0,0,0,0,0,0,0,1,0,0,0,0,0.0,0.0,3.0,6.0,39.7,1.9,0.875,0.0,0.0,10.0,,,,,0.0,0.0,16.0,9.0,35.0,1.0,0.125,3.0,-2.0,-200.0,0.037037037037037035,0.19753086419753085,8,18,39.0,9.0
1059,202110040206,1,2,4,16,0,0,0,0,0,0,0,0,0,0,4,12,0,0,0,0,0,0,0,0,0,0,2,1,0,0,0,0,0,0,0,0,0.0,0.0,2.0,2.0,35.6,0.4,0.5,0.0,0.0,1.0,2.0,34.5,0.0,0.5294117647058824,0.0,0.0,1.0,2.0,33.7,0.0,0.1111111111111111,0.0,-9.0,300.0,0.06666666666666667,0.2,7,14,5.2,2.0
1060,202110040206,0,0,0,0,0,0,0,0,0,0,0,0,0,0,0,0,0,0,0,0,0,0,0,0,0,0,0,0,0,0,0,0,0,0,0,0,0.0,0.0,6.0,4.0,41.4,0.6,0.5,0.0,0.0,8.0,12.0,35.9,0.9,0.058823529411764705,0.0,0.0,4.0,3.0,35.6,0.2,0.05555555555555555,-0.5,9.0,-200.0,0.0,0.06666666666666667,5,9,9.3,4.0
1061,202110040206,0,0,0,1,0,0,2,6,0,0,0,0,0,0,0,0,0,0,2,5,0,0,0,0,0,0,0,0,0,0,0,2,0,0,0,0,0.0,0.0,40.0,5.0,34.2,0.8,1.0,,,,,,,,,,,,,,,,,0.0,0.09574468085106383,0.22340425531914893,7,15,9.1,3.0
1062,202110040206,0,1,1,12,2,0,1,24,0,0,0,0,0,0,0,5,1,0,0,18,0,0,0,0,0,0,0,2,0,0,0,5,0,0,0,0,0.0,0.0,16.0,16.0,42.8,6.0,0.375,0.0,0.0,10.0,10.0,35.2,1.9,0.7,0.0,0.0,9.0,16.0,35.8,2.7,0.5,0.0,12.0,0.0,0.057971014492753624,0.2318840579710145,2,3,11.8,5.0
1063,202110040206,1,0,0,15,2,1,1,12,0,0,0,0,1,0,0,12,1,0,0,3,0,0,0,0,1,0,0,8,0,0,0,1,0,0,0,0,0.0,0.0,12.0,16.0,39.3,2.8,0.25,0.0,0.0,13.0,13.0,35.6,1.2,0.1111111111111111,0.0,0.0,11.0,11.0,33.9,0.5,0.875,-2.5,-4.0,0.0,0.0,0.0,4,7,92.6,12.0
1064,202110040206,1,2,2,8,0,0,0,1,0,0,0,0,1,1,0,6,0,0,0,0,0,0,0,0,0,1,0,3,0,0,0,0,0,0,0,0,0.0,0.0,4.0,10.0,35.3,0.9,0.5,0.0,0.0,1.0,7.0,35.7,0.6,0.16666666666666666,0.0,0.0,2.0,2.0,35.1,0.1,0.2777777777777778,-4.0,-8.0,-600.0,0.1566265060240964,0.40963855421686746,2,4,1.9,1.0
1065,202110040206,3,2,2,18,0,0,0,2,0,0,0,0,0,0,1,4,0,0,0,2,0,0,0,0,0,0,0,0,0,0,0,1,0,0,0,0,0.0,0.0,8.0,8.0,39.1,2.6,1.0,0.0,0.0,17.0,18.0,35.2,1.7,0.9444444444444444,0.0,0.0,14.0,16.0,38.6,3.4,0.5625,4.0,17.0,-200.0,0.08,0.2,8,16,111.6,13.0
1066,202110040206,0,1,0,0,2,1,3,7,0,0,0,0,0,0,0,0,2,1,1,5,0,0,0,0,0,0,0,0,1,0,0,3,0,0,0,0,0.0,0.0,3.0,12.0,43.1,2.9,0.16666666666666666,0.0,0.0,6.0,9.0,35.7,1.0,0.4444444444444444,0.0,0.0,4.0,4.0,35.7,0.5,0.05555555555555555,-4.0,14.0,-200.0,0.04597701149425287,0.21839080459770116,7,13,16.0,6.0
1067,202110040206,5,2,1,29,0,1,0,11,0,0,0,1,4,2,0,23,0,1,0,7,0,0,0,1,1,1,0,5,0,0,0,2,0,0,0,0,0.0,0.0,1.0,1.0,39.3,0.0,0.2727272727272727,0.0,0.0,14.0,14.0,37.3,2.9,0.21428571428571427,0.0,0.0,14.0,10.0,35.6,1.1,0.5555555555555556,4.5,-5.0,-300.0,0.04,0.04,5,10,130.3,14.0
1068,202110040206,0,0,1,13,0,0,0,0,0,0,0,0,0,0,1,8,0,0,0,0,0,0,0,0,0,0,0,6,0,0,0,0,0,0,0,0,0.0,0.0,2.0,3.0,40.0,1.5,0.2727272727272727,0.0,0.0,8.0,11.0,35.3,1.2,0.6666666666666666,0.0,0.0,11.0,7.0,37.6,0.7,0.3125,2.0,-5.0,-200.0,0.0,0.14285714285714285,6,12,27.7,8.0
1069,202110040206,5,2,1,29,2,1,1,12,0,0,0,3,4,2,0,23,1,0,0,3,0,0,0,2,1,1,0,5,0,0,0,1,0,0,0,0,0.0,0.0,,,,,,0.0,0.0,100.0,12.0,36.2,1.7,0.5555555555555556,0.0,0.0,120.0,12.0,37.0,2.2,0.2777777777777778,0.0,,300.0,0.1111111111111111,0.25252525252525254,1,1,75.9,10.0
1070,202110040206,3,2,2,18,1,2,0,15,0,0,0,2,0,0,1,4,0,1,0,7,0,0,0,0,0,0,0,0,0,0,0,0,0,0,0,0,0.0,0.0,18.0,13.0,35.7,2.2,0.8333333333333334,0.0,0.0,8.0,13.0,42.4,6.4,0.8571428571428571,0.0,0.0,12.0,9.0,38.9,2.1,0.9166666666666666,-2.0,-4.0,0.0,0.0,0.07894736842105263,6,11,328.4,18.0
1071,202110040206,0,1,0,0,3,2,3,22,0,0,0,0,0,0,0,0,0,0,2,10,0,0,0,0,0,0,0,0,0,0,0,6,0,0,0,0,0.0,0.0,5.0,5.0,40.2,0.9,0.5,0.0,0.0,7.0,14.0,37.1,2.2,0.3333333333333333,0.0,0.0,14.0,9.0,35.2,1.3,0.9444444444444444,2.0,13.0,-200.0,0.0625,0.17708333333333334,1,2,16.3,7.0
1072,202110040206,0,0,0,0,0,0,0,0,0,0,0,0,0,0,0,0,0,0,0,0,0,0,0,0,0,0,0,0,0,0,0,0,0,0,0,0,0.0,0.0,11.0,15.0,35.0,2.4,0.8888888888888888,0.0,0.0,15.0,17.0,38.4,3.6,0.16666666666666666,0.0,0.0,9.0,11.0,35.7,1.8,0.375,-2.0,2.0,0.0,0.23333333333333334,0.43333333333333335,3,6,77.7,11.0
1073,202110040206,0,1,0,3,0,0,0,1,0,0,0,0,0,1,0,3,0,0,0,1,0,0,0,0,0,1,0,3,0,0,0,1,0,0,0,0,0.0,0.0,6.0,9.0,41.7,2.8,0.6363636363636364,0.0,0.0,15.0,16.0,43.7,9.5,0.375,0.0,0.0,17.0,16.0,36.6,2.9,0.7777777777777778,3.5,9.0,-200.0,0.075,0.175,3,5,313.4,17.0
1074,202110040206,3,2,2,18,1,2,0,15,0,0,0,2,0,0,1,4,0,1,0,7,0,0,0,0,0,0,0,0,0,0,0,0,0,0,0,0,0.0,0.0,3.0,12.0,44.0,7.0,0.5,0.0,0.0,15.0,17.0,35.7,4.9,1.0,,,,,,,,5.0,-2.0,-300.0,0.08163265306122448,0.1836734693877551,4,8,247.2,15.0
1075,202110040206,0,0,0,3,0,0,0,0,0,0,0,0,0,0,0,2,0,0,0,0,0,0,0,0,0,0,0,1,0,0,0,0,0,0,0,0,0.0,0.0,3.0,6.0,48.5,6.4,0.14285714285714285,0.0,0.0,16.0,18.0,39.7,8.7,0.9444444444444444,,,,,,,,12.0,27.0,-200.0,0.06666666666666667,0.13333333333333333,8,17,268.5,16.0
1076,202110040209,1,2,0,11,0,0,2,16,0,0,0,1,0,0,0,3,0,0,1,10,0,0,0,1,0,0,0,1,0,0,0,3,0,0,0,1,0.0,0.0,4.0,11.0,37.8,2.5,0.16666666666666666,0.0,0.0,8.0,13.0,36.5,0.8,0.1875,0.0,0.0,6.0,1.0,34.7,0.0,0.11764705882352941,-5.0,-2.0,0.0,0.12,0.2,7,13,18.0,6.0
1077,202110040209,3,1,2,15,1,3,3,19,0,0,2,2,0,0,0,3,0,1,0,4,0,0,0,1,0,0,0,1,0,1,0,3,0,0,0,1,0.0,0.0,9.0,16.0,39.1,5.3,0.875,0.0,0.0,14.0,4.0,33.8,0.3,0.9333333333333333,0.0,0.0,10.0,14.0,44.5,6.5,0.9285714285714286,-1.0,0.0,-400.0,0.14814814814814814,0.3950617283950617,8,18,3.4,2.0
1078,202110040209,4,2,1,34,1,3,3,19,0,0,1,4,3,0,0,7,0,1,0,4,0,0,0,1,1,0,0,4,0,1,0,3,0,0,0,1,0.0,0.0,8.0,8.0,33.9,0.7,0.5,0.0,0.0,9.0,3.0,35.1,0.3,0.5625,0.0,0.0,2.0,7.0,34.6,0.9,0.38461538461538464,-0.5,0.0,0.0,0.22857142857142856,0.42857142857142855,6,12,2.9,1.0
1079,202110040209,0,0,0,1,3,2,3,22,0,0,0,0,0,0,0,1,0,0,2,10,0,0,0,0,0,0,0,0,0,0,2,2,0,0,0,0,0.0,0.0,7.0,14.0,34.0,0.8,0.9444444444444444,0.0,0.0,14.0,12.0,35.2,0.8,0.7777777777777778,0.0,0.0,2.0,14.0,36.1,1.6,0.4375,0.0,-6.0,0.0,0.1134020618556701,0.25773195876288657,2,4,32.4,10.0
1080,202110040209,0,1,0,9,0,0,0,3,0,0,0,1,0,0,0,4,0,0,0,2,0,0,0,1,0,0,0,1,0,0,0,0,0,0,0,0,0.0,0.0,1.0,1.0,39.4,0.0,0.09090909090909091,0.0,0.0,18.0,16.0,35.8,1.2,0.5555555555555556,0.0,0.0,12.0,9.0,35.3,1.0,0.3333333333333333,4.0,9.0,-100.0,0.0625,0.25,5,10,55.2,12.0
1081,202110040209,2,2,0,17,2,1,3,7,0,0,0,0,0,0,0,8,2,1,1,5,0,0,0,0,0,0,0,4,0,1,0,0,0,0,0,0,0.0,0.0,9.0,8.0,33.1,0.9,0.8888888888888888,0.0,0.0,13.0,13.0,34.3,1.1,1.0,0.0,0.0,12.0,11.0,33.8,1.6,1.0,1.5,2.0,-600.0,0.06315789473684211,0.17894736842105263,3,5,10.8,5.0
1082,202110040209,0,0,0,3,2,1,1,12,0,0,0,0,0,0,0,0,1,0,0,3,0,0,0,0,0,0,0,0,0,0,0,0,0,0,0,0,0.0,0.0,140.0,15.0,37.5,3.8,0.9333333333333333,0.0,0.0,110.0,12.0,35.3,1.1,0.5625,0.0,0.0,120.0,6.0,35.1,0.2,0.9444444444444444,-4.5,-6.0,0.0,,,8,17,23.4,7.0
1083,202110040209,1,2,2,15,0,0,2,16,0,0,0,0,0,1,0,5,0,0,1,10,0,0,0,0,0,0,0,3,0,0,0,3,0,0,0,0,0.0,0.0,11.0,12.0,35.4,2.2,0.9166666666666666,0.0,0.0,7.0,11.0,36.9,2.4,0.8181818181818182,0.0,0.0,14.0,13.0,37.0,2.1,0.8666666666666667,0.5,0.0,-400.0,0.05970149253731343,0.22388059701492538,4,7,7.8,3.0
1084,202110040209,1,2,2,8,0,0,1,4,0,0,1,3,1,1,0,6,0,0,0,2,0,0,0,2,1,0,0,2,0,0,0,1,0,0,0,1,0.0,0.0,150.0,12.0,36.4,1.3,0.25,0.0,0.0,130.0,11.0,35.3,0.8,0.2,0.0,0.0,150.0,5.0,34.9,0.3,0.2222222222222222,-3.5,6.0,0.0,0.08333333333333333,0.1875,1,1,25.3,9.0
1085,202110040209,2,1,1,2,0,0,0,1,0,0,0,0,0,1,0,1,0,0,0,1,0,0,0,0,0,1,0,0,0,0,0,1,0,0,0,0,0.0,0.0,6.0,9.0,13.8,5.9,0.7272727272727273,0.0,0.0,11.0,10.0,13.6,2.3,0.5714285714285714,0.0,0.0,11.0,12.0,35.9,1.3,0.9375,1.5,-4.0,-1660.0,0.06818181818181818,0.13636363636363635,7,15,45.0,11.0
1086,202110040209,0,0,2,9,0,0,1,4,0,0,1,0,0,0,1,5,0,0,0,1,0,0,0,0,0,0,1,2,0,0,0,0,0,0,0,0,0.0,0.0,11.0,12.0,34.9,0.9,0.5,0.0,0.0,18.0,9.0,34.2,0.5,0.7777777777777778,0.0,0.0,16.0,7.0,35.3,0.5,0.75,-2.5,2.0,-400.0,0.047058823529411764,0.2235294117647059,7,14,77.1,13.0
1087,202110040209,4,2,1,34,0,1,0,11,0,0,0,2,3,0,0,7,0,1,0,7,0,0,0,0,1,0,0,4,0,1,0,3,0,0,0,0,0.0,0.0,30.0,8.0,44.6,3.8,0.7777777777777778,0.0,0.0,110.0,11.0,36.3,2.0,0.45454545454545453,0.0,0.0,150.0,15.0,36.4,1.6,0.4666666666666667,3.5,22.0,-200.0,0.07317073170731707,0.17073170731707318,6,11,9.1,4.0
1088,202110040209,0,0,2,1,1,0,0,8,0,0,0,0,0,0,2,0,0,0,0,6,0,0,0,0,0,0,1,0,0,0,0,0,0,0,0,0,0.0,0.0,100.0,12.0,41.0,4.2,0.5,0.0,0.0,100.0,13.0,34.9,1.1,0.7857142857142857,0.0,0.0,70.0,5.0,34.5,0.6,0.9,-3.5,4.0,-200.0,0.0,0.04,5,9,88.6,14.0
1089,202110040209,2,2,0,17,0,0,2,16,0,0,0,1,0,0,0,8,0,0,1,10,0,0,0,1,0,0,0,4,0,0,0,3,0,0,0,0,0.0,0.0,90.0,8.0,37.8,1.1,0.5,0.0,0.0,,,,,,0.0,0.0,70.0,8.0,37.1,1.1,0.5333333333333333,0.0,29.0,0.0,0.0,0.08108108108108109,2,3,129.3,16.0
1090,202110040209,5,2,1,29,1,1,2,8,0,0,1,2,4,2,0,23,0,0,1,1,0,0,0,1,1,0,0,7,0,0,1,1,0,0,0,1,0.0,0.0,60.0,7.0,34.6,0.7,0.6363636363636364,0.0,0.0,120.0,10.0,35.4,1.7,0.6923076923076923,0.0,0.0,40.0,1.0,35.0,0.0,0.8888888888888888,-3.0,-4.0,0.0,0.06896551724137931,0.20689655172413793,4,8,24.5,8.0
1091,202110040209,5,2,1,29,1,3,3,19,0,0,0,0,4,2,0,23,0,1,0,4,0,0,0,0,1,0,0,7,0,1,0,3,0,0,0,0,0.0,0.0,15.0,16.0,35.3,1.2,0.47058823529411764,0.0,0.0,8.0,12.0,35.9,1.6,0.23076923076923078,0.0,0.0,11.0,9.0,35.4,1.2,0.18181818181818182,-3.5,-2.0,0.0,0.021505376344086023,0.13978494623655913,1,2,120.2,15.0
1092,202110040209,0,0,0,3,0,0,2,16,0,0,0,0,0,0,0,0,0,0,1,10,0,0,0,0,0,0,0,0,0,0,0,3,0,0,0,0,0.0,0.0,2.0,10.0,45.8,4.8,0.5,0.0,0.0,17.0,17.0,36.6,2.1,0.17647058823529413,0.0,0.0,8.0,13.0,36.6,1.7,1.0,1.5,8.0,-400.0,0.044444444444444446,0.13333333333333333,3,6,184.3,17.0
1093,202110040209,0,0,0,0,0,0,0,3,0,0,0,0,0,0,0,0,0,0,0,1,0,0,0,0,0,0,0,0,0,0,0,0,0,0,0,0,0.0,0.0,80.0,8.0,43.4,5.7,0.75,0.0,0.0,130.0,13.0,37.3,1.3,0.5,0.0,0.0,50.0,1.0,37.1,0.0,0.16666666666666666,-3.5,11.0,-500.0,,,8,16,,
1094,202110040301,15,7,8,83,7,4,7,49,1,0,1,5,10,4,5,49,2,0,4,26,1,0,0,4,6,2,1,20,2,0,2,10,1,0,0,1,0.0,0.0,20.0,4.0,34.3,1.0,0.13333333333333333,,,,,,,,,,,,,,,,,-400.0,0.21621621621621623,0.43243243243243246,5,5,3.7,3.0
1095,202110040301,0,3,0,10,1,0,0,3,0,0,0,0,0,2,0,6,1,0,0,3,0,0,0,0,0,0,0,4,0,0,0,0,0,0,0,0,0.0,0.0,30.0,60.0,35.9,0.5,1.0,0.0,0.0,120.0,110.0,36.5,1.7,0.5,0.0,0.0,100.0,90.0,36.7,1.1,0.75,15.0,8.0,-500.0,0.0625,0.14583333333333334,6,6,31.0,6.0
1096,202110040301,3,6,1,31,3,3,1,14,2,1,0,5,3,2,0,14,3,1,1,5,2,0,0,3,0,2,0,5,0,0,0,0,0,0,0,0,0.0,0.0,140.0,14.0,38.7,2.0,0.2,0.0,0.0,150.0,5.0,36.6,0.6,0.1875,0.0,0.0,70.0,1.0,39.2,0.0,0.23076923076923078,-6.5,6.0,-500.0,0.0784313725490196,0.17647058823529413,1,1,3.2,2.0
1097,202110040301,15,7,8,83,7,11,6,84,2,3,1,10,10,4,5,49,4,5,4,47,1,2,1,4,6,2,1,20,2,2,1,9,1,2,0,3,0.0,0.0,10.0,10.0,39.9,2.5,0.5,0.0,0.0,9.0,11.0,39.4,2.8,0.36363636363636365,0.0,0.0,7.0,4.0,36.5,0.5,0.1,-3.0,-2.0,-600.0,0.06451612903225806,0.20967741935483872,3,3,77.8,7.0
1098,202110040301,0,0,0,0,7,4,7,49,0,0,0,0,0,0,0,0,2,0,4,26,0,0,0,0,0,0,0,0,2,0,2,10,0,0,0,0,0.0,0.0,4.0,8.0,41.5,2.8,0.8181818181818182,0.0,0.0,11.0,10.0,37.2,1.7,0.25,0.0,0.0,12.0,8.0,34.7,1.0,0.3888888888888889,0.0,-10.0,-300.0,0.04395604395604396,0.21978021978021978,7,7,6.9,4.0
1099,202110040301,3,1,1,2,1,0,0,2,0,0,0,0,3,0,1,2,1,0,0,0,0,0,0,0,1,0,0,0,1,0,0,0,0,0,0,0,0.0,0.0,1.0,10.0,42.8,3.5,0.2727272727272727,0.0,0.0,8.0,8.0,35.2,1.0,0.6666666666666666,0.0,0.0,10.0,11.0,37.3,1.7,0.625,0.5,2.0,-200.0,0.1511627906976744,0.3953488372093023,4,4,2.7,1.0
1100,202110040301,0,0,0,0,0,1,0,2,0,0,0,0,0,0,0,0,0,1,0,2,0,0,0,0,0,0,0,0,0,0,0,0,0,0,0,0,0.0,0.0,2.0,4.0,39.5,1.0,0.5,0.0,0.0,8.0,10.0,37.2,1.8,0.42857142857142855,0.0,0.0,7.0,6.0,35.0,1.1,0.7857142857142857,1.0,7.0,-100.0,0.0759493670886076,0.31645569620253167,8,8,84.0,8.0
1101,202110040301,0,0,0,0,0,0,0,0,0,0,0,0,0,0,0,0,0,0,0,0,0,0,0,0,0,0,0,0,0,0,0,0,0,0,0,0,0.0,0.0,30.0,2.0,41.9,1.5,0.4444444444444444,0.0,0.0,160.0,9.0,39.1,1.7,1.0,0.0,0.0,80.0,8.0,38.0,1.4,0.4666666666666667,3.0,24.0,-450.0,0.0,0.16666666666666666,2,2,233.1,9.0
1102,202110040301,1,3,1,5,7,11,6,84,0,1,0,0,0,3,0,4,4,5,4,47,0,1,0,0,0,0,0,3,2,2,1,9,0,0,0,0,0.0,0.0,5.0,9.0,36.3,2.4,1.0,0.0,0.0,5.0,11.0,35.6,2.0,0.11764705882352941,,,,,,,,2.0,-2.0,0.0,0.3404255319148936,0.6808510638297872,8,9,17.4,5.0
1103,202110040303,7,4,6,52,0,0,1,8,0,0,0,0,6,3,5,37,0,0,1,4,0,0,0,0,1,2,3,10,0,0,0,3,0,0,0,0,0.0,0.0,90.0,3.0,33.9,0.7,1.0,0.0,0.0,12.0,11.0,34.1,1.7,0.5294117647058824,0.0,0.0,8.0,7.0,35.1,0.3,0.3125,2.0,-2.0,0.0,0.04878048780487805,0.2073170731707317,7,14,5.6,3.0
1104,202110040303,1,1,0,4,0,2,1,22,0,0,0,0,0,0,0,1,0,1,1,13,0,0,0,0,0,0,0,1,0,1,1,7,0,0,0,0,0.0,0.0,12.0,10.0,36.1,0.9,0.4444444444444444,0.0,0.0,17.0,5.0,34.6,0.4,0.1111111111111111,0.0,0.0,13.0,15.0,34.8,0.9,0.05555555555555555,2.5,-2.0,0.0,0.05,0.325,6,12,9.9,6.0
1105,202110040303,11,13,9,84,4,8,8,33,1,2,1,2,2,3,4,26,0,4,5,21,0,2,1,1,0,2,2,15,0,1,3,12,0,1,1,1,0.0,0.0,10.0,16.0,36.2,1.2,0.875,0.0,0.0,6.0,13.0,37.3,1.3,0.7333333333333333,0.0,0.0,10.0,14.0,39.4,1.9,0.3125,-1.0,-12.0,0.0,0.044444444444444446,0.2111111111111111,8,18,11.8,7.0
1106,202110040303,0,0,0,1,0,0,0,0,0,0,0,0,0,0,0,1,0,0,0,0,0,0,0,0,0,0,0,0,0,0,0,0,0,0,0,0,0.0,0.0,9.0,9.0,35.0,1.1,0.25,0.0,0.0,8.0,7.0,33.4,0.7,1.0,0.0,0.0,13.0,9.0,33.7,0.6,0.875,0.0,-2.0,-200.0,0.0,0.17647058823529413,8,16,15.5,8.0
1107,202110040303,0,0,0,0,4,0,1,32,0,0,0,0,0,0,0,0,2,0,1,12,0,0,0,0,0,0,0,0,1,0,0,7,0,0,0,0,0.0,0.0,1.0,6.0,37.9,1.3,0.2,0.0,0.0,9.0,9.0,34.7,1.1,0.2222222222222222,0.0,0.0,18.0,5.0,35.1,0.3,0.16666666666666666,-0.5,13.0,280.0,0.0,0.0,2,4,299.4,18.0
1108,202110040303,11,13,9,84,5,2,5,58,1,0,0,3,2,3,4,26,3,1,1,25,0,0,0,0,0,2,2,15,0,0,0,10,0,0,0,0,0.0,0.0,11.0,8.0,39.6,2.1,0.9166666666666666,0.0,0.0,9.0,14.0,36.4,1.5,0.13333333333333333,0.0,0.0,14.0,6.0,35.3,0.4,0.1111111111111111,-1.0,25.0,-300.0,0.021052631578947368,0.1368421052631579,7,15,95.0,14.0
1109,202110040303,1,3,1,5,0,1,0,2,0,1,0,0,0,3,0,4,0,1,0,2,0,1,0,0,0,0,0,3,0,0,0,0,0,0,0,0,0.0,0.0,5.0,6.0,39.8,0.7,0.08333333333333333,0.0,0.0,14.0,14.0,36.1,1.5,0.35294117647058826,0.0,0.0,2.0,7.0,34.7,0.4,0.5555555555555556,0.5,10.0,-200.0,0.1346153846153846,0.21153846153846154,3,5,5.6,2.0
1110,202110040303,3,0,4,35,1,1,0,30,0,0,0,1,0,0,1,19,1,0,0,14,0,0,0,1,0,0,0,6,0,0,0,7,0,0,0,1,0.0,0.0,14.0,8.0,40.4,3.1,0.4,0.0,0.0,10.0,10.0,35.9,1.3,0.6666666666666666,0.0,0.0,9.0,7.0,35.3,1.0,0.6111111111111112,-0.5,14.0,-600.0,0.23529411764705882,0.4411764705882353,5,9,5.3,1.0
1111,202110040303,0,0,1,3,0,0,0,0,0,0,0,0,0,0,1,3,0,0,0,0,0,0,0,0,0,0,1,0,0,0,0,0,0,0,0,0,0.0,0.0,1.0,7.0,37.7,1.2,1.0,0.0,0.0,16.0,9.0,34.8,0.6,0.6666666666666666,0.0,0.0,14.0,14.0,39.4,3.4,0.7142857142857143,3.5,-10.0,380.0,0.0,0.05714285714285714,8,17,157.7,16.0
1112,202110040303,6,4,3,33,10,5,7,57,2,2,1,4,4,1,0,15,5,2,3,30,1,1,0,2,0,1,0,7,3,1,2,10,0,1,0,1,0.0,0.0,12.0,10.0,34.8,0.7,0.7222222222222222,0.0,0.0,14.0,13.0,37.3,1.4,0.9375,0.0,0.0,12.0,12.0,35.8,1.7,0.2777777777777778,1.0,-2.0,0.0,0.07692307692307693,0.32051282051282054,4,8,53.7,12.0
1113,202110040303,0,0,1,11,1,1,0,30,0,0,0,0,0,0,0,2,1,0,0,14,0,0,0,0,0,0,0,2,0,0,0,7,0,0,0,0,0.0,0.0,20.0,4.0,40.4,0.7,0.6666666666666666,0.0,0.0,130.0,11.0,34.4,1.0,0.9444444444444444,0.0,0.0,140.0,10.0,37.3,2.2,0.1111111111111111,3.0,10.0,-30.0,0.06153846153846154,0.24615384615384617,2,3,68.1,13.0
1114,202110040303,3,6,1,31,0,0,0,0,0,0,0,0,3,2,0,14,0,0,0,0,0,0,0,0,0,2,0,5,0,0,0,0,0,0,0,0,0.0,0.0,1.0,8.0,40.3,0.9,0.3333333333333333,0.0,0.0,5.0,12.0,35.5,1.0,0.3888888888888889,0.0,0.0,13.0,3.0,33.9,0.3,0.7222222222222222,-2.5,26.0,0.0,0.056338028169014086,0.22535211267605634,4,7,7.9,5.0
1115,202110040303,15,7,8,83,0,2,0,19,0,0,0,2,10,4,5,49,0,0,0,9,0,0,0,2,6,2,1,20,0,0,0,2,0,0,0,0,0.0,0.0,14.0,15.0,37.6,2.2,0.4117647058823529,0.0,0.0,10.0,13.0,35.1,1.2,0.7777777777777778,0.0,0.0,8.0,14.0,39.0,4.0,0.3333333333333333,-0.5,0.0,-800.0,0.07142857142857142,0.16666666666666666,1,1,24.9,10.0
1116,202110040303,1,1,0,4,0,1,0,3,0,0,0,0,0,0,0,1,0,0,0,2,0,0,0,0,0,0,0,1,0,0,0,0,0,0,0,0,0.0,0.0,100.0,10.0,44.0,3.8,0.2,0.0,0.0,110.0,14.0,35.9,1.2,0.2777777777777778,0.0,0.0,160.0,17.0,36.5,2.0,0.1111111111111111,3.5,4.0,-200.0,0.041666666666666664,0.08333333333333333,1,2,36.7,11.0
1117,202110040303,4,4,2,47,1,0,2,14,0,0,0,1,2,2,0,10,1,0,1,11,0,0,0,1,0,0,0,4,1,0,1,3,0,0,0,1,0.0,0.0,8.0,7.0,38.6,1.9,0.7272727272727273,0.0,0.0,12.0,12.0,40.4,6.3,0.9166666666666666,0.0,0.0,15.0,14.0,38.6,3.2,1.0,3.5,32.0,-200.0,0.0,0.0,7,13,231.4,17.0
1118,202110040303,0,0,1,11,1,0,1,17,0,0,0,0,0,0,0,2,1,0,0,11,0,0,0,0,0,0,0,2,0,0,0,4,0,0,0,0,0.0,0.0,7.0,8.0,39.4,2.8,1.0,0.0,0.0,9.0,16.0,36.3,1.5,0.16666666666666666,0.0,0.0,7.0,15.0,40.9,3.6,0.125,3.5,46.0,-100.0,0.14772727272727273,0.38636363636363635,5,10,18.4,9.0
1119,202110040303,3,0,4,35,0,0,0,1,0,0,0,0,0,0,1,19,0,0,0,1,0,0,0,0,0,0,0,6,0,0,0,1,0,0,0,0,0.0,0.0,8.0,5.0,42.4,0.9,0.6,0.0,0.0,4.0,17.0,36.4,1.8,0.3888888888888889,0.0,0.0,8.0,9.0,35.3,1.5,0.16666666666666666,2.0,-5.0,-200.0,0.03125,0.125,6,11,6.9,4.0
1120,202110040303,8,7,5,57,0,0,0,5,0,0,0,0,1,0,2,22,0,0,0,2,0,0,0,0,1,0,1,11,0,0,0,1,0,0,0,0,0.0,0.0,70.0,100.0,40.7,3.3,0.9,0.0,0.0,150.0,180.0,36.4,4.3,1.0,,,,,,,,80.0,0.0,-200.0,0.0,0.14285714285714285,3,6,148.4,15.0
1121,202110040305,3,1,1,2,7,6,1,71,0,0,0,0,3,0,1,2,5,4,0,35,0,0,0,0,2,0,1,2,0,1,0,12,0,0,0,0,0.0,0.0,7.0,9.0,39.7,1.2,0.6,0.0,0.0,12.0,10.0,35.4,0.8,0.1111111111111111,0.0,0.0,7.0,10.0,39.6,2.3,0.4166666666666667,0.5,23.0,-200.0,0.0,0.05555555555555555,5,10,56.4,11.0
1122,202110040305,1,3,1,5,0,2,1,10,0,0,0,0,0,3,0,4,0,1,0,4,0,0,0,0,0,3,0,1,0,0,0,0,0,0,0,0,,,,,,,,,,,,,,,,,,,,,,,,,0.05555555555555555,0.2222222222222222,7,14,22.5,7.0
1123,202110040305,0,0,0,0,0,2,0,5,0,0,0,0,0,0,0,0,0,0,0,0,0,0,0,0,0,0,0,0,0,0,0,0,0,0,0,0,0.0,0.0,12.0,12.0,44.4,9.0,0.5833333333333334,0.0,0.0,13.0,14.0,47.1,9.8,0.2857142857142857,0.0,0.0,12.0,8.0,37.1,0.6,0.06666666666666667,-2.0,2.0,0.0,0.22857142857142856,0.42857142857142855,5,9,28.4,8.0
1124,202110040305,1,3,1,5,0,0,0,2,0,0,0,0,0,3,0,4,0,0,0,2,0,0,0,0,0,3,0,1,0,0,0,0,0,0,0,0,0.0,0.0,11.0,11.0,37.7,1.9,1.0,0.0,0.0,15.0,14.0,37.7,1.8,0.4375,0.0,0.0,14.0,14.0,41.2,3.3,0.8571428571428571,1.5,16.0,0.0,0.061224489795918366,0.16326530612244897,6,12,13.4,4.0
1125,202110040305,0,0,0,0,4,8,8,33,0,0,0,0,0,0,0,0,0,4,5,21,0,0,0,0,0,0,0,0,0,0,1,2,0,0,0,0,0.0,0.0,13.0,11.0,42.6,5.3,0.15384615384615385,0.0,0.0,14.0,16.0,42.4,4.3,0.125,0.0,0.0,12.0,10.0,40.7,4.4,0.7857142857142857,-0.5,6.0,-600.0,0.11206896551724138,0.23275862068965517,6,11,45.3,10.0
1126,202110040305,3,0,4,35,0,0,0,16,0,0,0,0,0,0,1,19,0,0,0,5,0,0,0,0,0,0,0,2,0,0,0,2,0,0,0,0,0.0,0.0,6.0,6.0,39.3,1.2,0.3,0.0,0.0,8.0,8.0,35.2,0.9,0.8181818181818182,0.0,0.0,2.0,8.0,34.9,0.6,0.2222222222222222,1.0,17.0,-200.0,0.10891089108910891,0.24752475247524752,2,4,14.8,5.0
1127,202110040305,3,1,1,2,0,0,0,0,0,0,0,0,3,0,1,2,0,0,0,0,0,0,0,0,2,0,1,2,0,0,0,0,0,0,0,0,0.0,0.0,,,,,,0.0,0.0,170.0,18.0,35.6,2.0,0.3333333333333333,0.0,0.0,120.0,7.0,36.5,0.7,0.23076923076923078,-11.0,,-200.0,0.09375,0.21875,4,8,5.4,2.0
1128,202110040305,15,7,8,83,4,8,8,33,0,2,2,4,10,4,5,49,0,4,5,21,0,1,1,3,1,0,0,3,0,0,1,2,0,0,0,0,,,,,,,,,,,,,,,,,,,,,,,,,0.3333333333333333,0.6666666666666666,8,15,2.0,1.0
1129,202110040305,1,3,1,5,4,8,8,33,1,0,0,0,0,3,0,4,0,4,5,21,0,0,0,0,0,3,0,1,0,0,1,2,0,0,0,0,0.0,0.0,110.0,90.0,41.8,2.7,0.5454545454545454,0.0,0.0,90.0,90.0,39.3,3.7,0.3,0.0,0.0,160.0,150.0,36.7,2.8,0.6875,30.0,10.0,-300.0,0.0,0.11764705882352941,8,17,120.7,12.0
1130,202110040305,0,0,0,0,2,6,2,52,0,0,0,0,0,0,0,0,1,4,2,42,0,0,0,0,0,0,0,0,0,2,0,7,0,0,0,0,0.0,0.0,12.0,14.0,38.4,3.3,0.6875,0.0,0.0,10.0,13.0,36.0,1.4,0.5625,0.0,0.0,9.0,10.0,35.1,0.8,0.5294117647058824,-2.0,0.0,0.0,0.06349206349206349,0.20634920634920634,7,13,32.4,9.0
1131,202110040305,0,0,0,0,8,4,5,73,0,0,0,0,0,0,0,0,1,1,0,24,0,0,0,0,0,0,0,0,1,0,0,6,0,0,0,0,0.0,0.0,9.0,13.0,38.6,2.3,0.3076923076923077,0.0,0.0,3.0,9.0,36.3,1.5,0.35714285714285715,0.0,0.0,14.0,14.0,38.0,2.2,0.4666666666666667,0.5,8.0,0.0,0.043478260869565216,0.21739130434782608,8,16,139.4,13.0
1132,202110040305,1,3,1,5,0,2,1,22,0,0,0,0,0,3,0,4,0,1,1,13,0,0,0,0,0,3,0,1,0,0,0,5,0,0,0,0,0.0,0.0,2.0,2.0,38.9,0.1,0.08333333333333333,0.0,0.0,16.0,12.0,35.5,1.7,0.1875,0.0,0.0,11.0,11.0,39.1,2.0,0.2857142857142857,4.5,4.0,-200.0,0.14942528735632185,0.39080459770114945,1,2,7.0,3.0
1133,202110040305,7,4,6,52,0,0,0,1,0,0,0,0,6,3,5,37,0,0,0,1,0,0,0,0,1,0,0,1,0,0,0,0,0,0,0,0,0.0,0.0,50.0,12.0,45.0,4.9,0.5,0.0,0.0,120.0,12.0,41.3,4.4,0.5833333333333334,0.0,0.0,130.0,13.0,43.4,6.8,0.21428571428571427,0.5,38.0,-200.0,0.061855670103092786,0.17525773195876287,3,6,20.0,6.0
1134,202110040305,7,6,3,55,8,4,5,73,0,0,0,0,1,3,2,19,1,1,0,24,0,0,0,0,1,1,0,3,1,0,0,6,0,0,0,0,0.0,0.0,13.0,10.0,39.1,2.4,0.4375,0.0,0.0,15.0,14.0,38.1,2.6,0.875,0.0,0.0,14.0,11.0,41.4,2.8,0.9333333333333333,0.5,10.0,-200.0,0.06976744186046512,0.16279069767441862,1,1,156.6,15.0
1135,202110040305,0,0,0,1,0,0,0,6,0,0,0,0,0,0,0,1,0,0,0,4,0,0,0,0,0,0,0,1,0,0,0,2,0,0,0,0,0.0,0.0,8.0,8.0,48.0,9.2,0.625,0.0,0.0,15.0,14.0,42.2,4.0,0.13333333333333333,0.0,0.0,12.0,14.0,40.8,3.1,0.25,3.0,-11.0,-200.0,0.03508771929824561,0.10526315789473684,2,3,174.2,16.0
1136,202110040305,1,0,4,12,3,3,1,14,0,0,0,0,1,0,4,10,3,1,1,5,0,0,0,0,0,0,2,2,1,1,0,0,0,0,0,0,0.0,0.0,6.0,11.0,41.6,3.4,0.4166666666666667,0.0,0.0,6.0,15.0,40.2,6.2,0.9375,0.0,0.0,4.0,13.0,38.4,1.2,0.4375,1.0,4.0,-200.0,0.038461538461538464,0.038461538461538464,3,5,180.8,17.0
1137,202110040305,2,0,3,29,1,0,1,15,0,0,0,1,1,0,3,20,1,0,0,12,0,0,0,1,0,0,1,1,0,0,0,2,0,0,0,0,0.0,0.0,60.0,10.0,45.6,6.0,0.1,0.0,0.0,50.0,8.0,38.3,1.6,1.0,0.0,0.0,140.0,3.0,37.6,0.6,0.8571428571428571,-3.5,11.0,-500.0,,,4,7,155.8,14.0
1138,202110040307,0,0,1,11,7,7,8,94,0,0,1,3,0,0,0,4,1,4,1,34,0,0,0,0,0,0,0,2,1,1,1,14,0,0,0,0,0.0,0.0,12.0,17.0,36.5,2.3,0.4117647058823529,0.0,0.0,9.0,4.0,33.9,0.4,0.7333333333333333,0.0,0.0,8.0,17.0,36.2,1.7,0.6111111111111112,0.0,2.0,-200.0,0.3333333333333333,0.6888888888888889,7,14,2.7,2.0
1139,202110040307,15,7,8,83,0,0,0,6,0,0,0,0,10,4,5,49,0,0,0,4,0,0,0,0,6,2,1,20,0,0,0,1,0,0,0,0,0.0,0.0,3.0,5.0,37.6,1.6,0.3333333333333333,0.0,0.0,11.0,17.0,37.6,2.8,0.11764705882352941,0.0,0.0,8.0,2.0,34.8,0.0,0.05555555555555555,-1.5,-11.0,380.0,0.0,0.125,8,18,29.2,8.0
1140,202110040307,0,2,3,6,0,1,1,7,0,1,1,0,0,2,2,4,0,1,1,4,0,1,1,0,0,1,1,2,0,1,1,3,0,1,1,0,0.0,0.0,3.0,12.0,46.3,5.0,0.25,0.0,0.0,7.0,3.0,35.0,0.1,0.11764705882352941,0.0,0.0,3.0,4.0,34.1,0.4,0.1111111111111111,-4.0,22.0,-200.0,0.0967741935483871,0.1935483870967742,3,5,2.6,1.0
1141,202110040307,1,2,2,19,0,2,3,11,0,0,1,0,0,0,2,13,0,2,3,5,0,0,1,0,0,0,0,5,0,0,1,1,0,0,0,0,0.0,0.0,10.0,4.0,33.5,0.1,0.9411764705882353,0.0,0.0,3.0,4.0,34.5,0.3,0.6666666666666666,0.0,0.0,11.0,8.0,34.4,0.9,0.3888888888888889,2.0,2.0,0.0,0.06557377049180328,0.21311475409836064,7,13,9.9,3.0
1142,202110040307,6,4,3,33,5,2,5,58,1,0,1,8,4,1,0,15,3,1,1,25,1,0,0,4,0,1,0,7,0,0,0,10,0,0,0,2,0.0,0.0,10.0,10.0,42.6,4.0,0.8,0.0,0.0,13.0,11.0,35.0,0.7,0.6470588235294118,0.0,0.0,6.0,5.0,34.9,0.3,0.16666666666666666,-2.5,12.0,-200.0,0.09473684210526316,0.22105263157894736,2,3,26.0,6.0
1143,202110040307,0,0,0,7,0,0,0,16,0,0,0,0,0,0,0,6,0,0,0,5,0,0,0,0,0,0,0,2,0,0,0,3,0,0,0,0,0.0,0.0,3.0,1.0,36.4,0.0,0.3,0.0,0.0,4.0,6.0,34.8,0.4,0.3888888888888889,0.0,0.0,11.0,7.0,34.4,0.2,0.4444444444444444,3.0,1.0,380.0,0.15476190476190477,0.40476190476190477,1,2,12.6,4.0
1144,202110040307,0,1,0,9,1,0,1,15,0,0,0,1,0,0,0,5,1,0,0,12,0,0,0,1,0,0,0,3,1,0,0,5,0,0,0,1,0.0,0.0,6.0,7.0,41.0,1.3,1.0,0.0,0.0,17.0,7.0,34.1,0.6,0.8333333333333334,0.0,0.0,10.0,7.0,39.8,2.7,0.6428571428571429,0.0,-7.0,-200.0,0.02127659574468085,0.13829787234042554,3,6,90.5,17.0
1145,202110040307,7,6,3,55,0,0,0,1,0,0,0,0,1,3,2,19,0,0,0,1,0,0,0,0,0,1,2,11,0,0,0,1,0,0,0,0,0.0,0.0,1.0,5.0,40.4,0.9,0.8888888888888888,0.0,0.0,9.0,8.0,35.1,0.7,0.3888888888888889,0.0,0.0,16.0,6.0,35.0,0.7,0.8333333333333334,0.5,11.0,-30.0,0.13725490196078433,0.21568627450980393,6,12,33.5,9.0
1146,202110040307,5,4,3,28,0,0,0,0,0,0,0,0,1,3,2,11,0,0,0,0,0,0,0,0,0,1,1,6,0,0,0,0,0,0,0,0,0.0,0.0,9.0,11.0,39.9,2.8,0.6666666666666666,0.0,0.0,10.0,9.0,35.2,0.8,0.3888888888888889,0.0,0.0,5.0,14.0,34.7,0.7,0.5555555555555556,1.5,12.0,0.0,0.03571428571428571,0.10714285714285714,8,17,40.1,10.0
1147,202110040307,7,4,6,52,0,1,2,18,0,0,0,0,6,3,5,37,0,0,0,12,0,0,0,0,1,2,3,10,0,0,0,1,0,0,0,0,0.0,0.0,7.0,,,,0.18181818181818182,0.0,0.0,16.0,10.0,34.6,0.8,0.7777777777777778,0.0,0.0,11.0,6.0,37.3,1.7,0.8666666666666667,-4.0,-4.0,-200.0,0.06521739130434782,0.13043478260869565,7,15,87.1,16.0
1148,202110040307,6,4,3,33,1,0,0,3,0,0,0,0,4,1,0,15,1,0,0,3,0,0,0,0,0,1,0,7,0,0,0,0,0,0,0,0,0.0,0.0,12.0,10.0,40.7,5.0,0.9166666666666666,0.0,0.0,12.0,12.0,36.1,1.4,0.4444444444444444,0.0,0.0,13.0,11.0,34.9,0.8,0.6666666666666666,0.5,8.0,-600.0,0.03225806451612903,0.12903225806451613,5,10,59.4,13.0
1149,202110040307,0,0,1,3,0,0,0,0,0,0,0,0,0,0,1,3,0,0,0,0,0,0,0,0,0,0,0,0,0,0,0,0,0,0,0,0,0.0,0.0,7.0,12.0,35.2,0.9,0.3888888888888889,0.0,0.0,8.0,10.0,36.5,1.6,0.0625,0.0,0.0,6.0,4.0,36.0,1.2,0.5555555555555556,-4.0,0.0,0.0,0.05263157894736842,0.3157894736842105,6,11,27.7,7.0
1150,202110040307,6,4,7,72,0,0,0,2,0,0,0,0,1,0,0,11,0,0,0,2,0,0,0,0,1,0,0,5,0,0,0,1,0,0,0,0,0.0,0.0,12.0,13.0,34.6,1.0,0.8333333333333334,0.0,0.0,7.0,7.0,38.0,1.1,0.4,0.0,0.0,6.0,12.0,36.9,1.6,0.9333333333333333,-0.5,-10.0,0.0,0.07894736842105263,0.32894736842105265,4,8,48.2,12.0
1151,202110040307,6,4,7,72,4,2,0,8,0,0,0,1,1,0,0,11,1,1,0,4,0,0,0,0,1,0,0,5,0,0,0,1,0,0,0,0,0.0,0.0,10.0,11.0,41.8,1.7,0.4166666666666667,0.0,0.0,11.0,14.0,34.6,1.0,0.8333333333333334,0.0,0.0,9.0,9.0,35.3,0.7,0.5555555555555556,-1.0,-4.0,-100.0,0.045454545454545456,0.2159090909090909,1,1,45.9,11.0
1152,202110040307,2,1,1,15,4,0,1,32,0,0,0,1,1,1,0,8,2,0,1,12,0,0,0,1,1,0,0,4,1,0,0,7,0,0,0,1,0.0,0.0,100.0,11.0,35.4,0.9,0.7222222222222222,0.0,0.0,110.0,8.0,36.8,0.6,0.6,0.0,0.0,70.0,5.0,35.5,0.7,0.2727272727272727,-3.0,12.0,0.0,0.21875,0.4375,8,16,22.3,5.0
1153,202110040307,2,0,3,29,0,0,1,5,0,0,0,0,1,0,3,20,0,0,0,3,0,0,0,0,1,0,1,11,0,0,0,2,0,0,0,0,0.0,0.0,70.0,9.0,40.5,2.1,0.7272727272727273,0.0,0.0,180.0,16.0,36.1,1.6,0.2777777777777778,0.0,0.0,140.0,12.0,35.5,1.0,0.7222222222222222,1.5,-5.0,-100.0,0.11403508771929824,0.22807017543859648,4,7,147.4,18.0
1154,202110040307,4,8,9,52,0,0,0,6,0,0,0,0,4,7,6,44,0,0,0,4,0,0,0,0,1,3,1,11,0,0,0,1,0,0,0,0,0.0,0.0,1.0,4.0,40.0,0.4,0.45454545454545453,0.0,0.0,14.0,17.0,35.2,1.6,0.8333333333333334,0.0,0.0,7.0,14.0,40.7,3.9,0.21428571428571427,5.0,7.0,-200.0,0.08,0.18,2,4,60.8,14.0
1155,202110040307,0,0,0,1,0,2,1,22,0,0,0,0,0,0,0,1,0,1,1,13,0,0,0,0,0,0,0,0,0,1,1,7,0,0,0,0,0.0,0.0,2.0,4.0,40.1,0.7,0.16666666666666666,0.0,0.0,9.0,11.0,13.6,8.3,0.9090909090909091,0.0,0.0,17.0,16.0,36.3,2.2,0.5882352941176471,6.0,28.0,-300.0,0.0,0.125,5,9,85.2,15.0
1156,202110040311,2,4,5,9,2,3,5,11,1,1,5,1,2,2,5,3,1,1,5,5,1,1,5,1,0,0,0,0,0,0,0,0,0,0,0,0,0.0,0.0,7.0,10.0,34.0,0.7,0.5625,0.0,0.0,3.0,1.0,34.0,0.0,0.8,0.0,0.0,1.0,6.0,34.0,0.6,0.7142857142857143,-2.0,2.0,0.0,0.21212121212121213,0.42424242424242425,6,6,4.0,3.0
1157,202110040311,0,0,1,3,0,0,0,2,0,0,0,0,0,0,1,3,0,0,0,0,0,0,0,0,0,0,0,0,0,0,0,0,0,0,0,0,0.0,0.0,5.0,7.0,39.5,1.5,0.9,0.0,0.0,8.0,14.0,34.5,0.8,0.8823529411764706,0.0,0.0,16.0,5.0,34.6,0.3,0.7222222222222222,-1.0,-7.0,-100.0,0.05128205128205128,0.3076923076923077,2,2,7.5,4.0
1158,202110040311,7,4,6,52,0,0,0,4,0,0,0,0,6,3,5,37,0,0,0,2,0,0,0,0,0,0,0,3,0,0,0,0,0,0,0,0,0.0,0.0,100.0,13.0,36.0,1.9,0.4375,0.0,0.0,,,,,,0.0,0.0,100.0,3.0,35.4,0.2,0.125,-10.0,,0.0,0.11304347826086956,0.22608695652173913,7,8,66.1,10.0
1159,202110040311,5,4,3,28,7,4,7,49,0,0,0,0,1,3,2,11,2,0,4,26,0,0,0,0,0,0,0,0,0,0,0,0,0,0,0,0,0.0,0.0,9.0,10.0,33.7,0.7,0.9,0.0,0.0,10.0,10.0,34.2,0.6,0.7142857142857143,0.0,0.0,8.0,7.0,33.9,0.6,0.7777777777777778,-1.5,6.0,0.0,0.34782608695652173,0.6956521739130435,7,7,3.2,1.0
1160,202110040311,5,4,3,28,0,2,3,6,0,1,0,1,1,3,2,11,0,2,3,5,0,1,0,1,0,0,0,0,0,0,0,0,0,0,0,0,0.0,0.0,11.0,10.0,34.4,0.7,0.5555555555555556,0.0,0.0,8.0,4.0,34.0,0.5,0.5454545454545454,0.0,0.0,15.0,14.0,34.8,0.6,0.375,2.0,2.0,0.0,0.11,0.25,3,3,11.5,5.0
1161,202110040311,7,4,6,52,0,2,0,5,0,0,0,0,6,3,5,37,0,0,0,0,0,0,0,0,0,0,0,3,0,0,0,0,0,0,0,0,0.0,0.0,5.0,12.0,43.0,7.0,0.08333333333333333,0.0,0.0,12.0,11.0,37.3,1.4,0.8461538461538461,0.0,0.0,16.0,12.0,34.6,0.7,0.7058823529411765,0.0,20.0,-400.0,0.07792207792207792,0.3246753246753247,1,1,33.9,9.0
1162,202110040311,21,21,21,102,2,3,3,40,1,0,0,6,6,4,3,30,1,2,3,17,0,0,0,4,0,1,0,9,0,0,0,5,0,0,0,2,0.0,0.0,6.0,5.0,38.6,0.5,0.9166666666666666,0.0,0.0,16.0,15.0,34.0,1.0,1.0,0.0,0.0,10.0,9.0,34.1,0.7,0.5,2.0,9.0,-500.0,0.15294117647058825,0.4,8,10,3.8,2.0
1163,202110040311,0,0,0,2,0,0,0,2,0,0,0,2,0,0,0,2,0,0,0,2,0,0,0,2,0,0,0,0,0,0,0,0,0,0,0,0,0.0,0.0,20.0,2.0,40.3,0.1,0.09090909090909091,0.0,0.0,90.0,10.0,37.2,1.3,0.9090909090909091,0.0,0.0,110.0,14.0,37.7,2.5,0.75,6.0,-6.0,-100.0,0.0,0.058823529411764705,4,4,29.0,8.0
1164,202110040311,0,1,0,11,0,2,1,10,0,1,0,1,0,1,0,7,0,1,0,4,0,1,0,1,0,0,0,1,0,0,0,1,0,0,0,1,0.0,0.0,60.0,4.0,40.0,1.0,0.2222222222222222,0.0,0.0,140.0,13.0,36.9,2.3,0.875,0.0,0.0,120.0,12.0,37.0,1.6,0.6428571428571429,4.0,17.0,-200.0,0.0449438202247191,0.21348314606741572,5,5,16.4,7.0
1165,202110040311,0,0,0,1,0,1,0,11,0,0,0,0,0,0,0,1,0,0,0,5,0,0,0,0,0,0,0,0,0,0,0,0,0,0,0,0,0.0,0.0,2.0,1.0,37.1,0.0,0.09090909090909091,0.0,0.0,11.0,16.0,38.1,2.5,0.125,0.0,0.0,13.0,15.0,38.9,2.4,0.125,7.0,2.0,200.0,0.05714285714285714,0.22857142857142856,8,9,14.5,6.0
1166,202110040405,1,1,0,10,0,0,2,16,0,0,0,1,0,1,0,7,0,0,1,10,0,0,0,1,0,0,0,0,0,0,0,0,0,0,0,0,,,,,,,,,,,,,,,,,,,,,,,,,0.11428571428571428,0.2571428571428571,7,12,22.1,7.0
1167,202110040405,0,0,0,4,0,1,0,0,0,0,0,0,0,0,0,3,0,1,0,0,0,0,0,0,0,0,0,0,0,0,0,0,0,0,0,0,,,,,,,,,,,,,,,,,,,,,,,,,0.02040816326530612,0.1326530612244898,4,5,2.7,1.0
1168,202110040405,0,0,0,0,0,0,0,0,0,0,0,0,0,0,0,0,0,0,0,0,0,0,0,0,0,0,0,0,0,0,0,0,0,0,0,0,,,,,,,,,,,,,,,,,,,,,,,,,0.21052631578947367,0.4473684210526316,3,4,6.5,3.0
1169,202110040405,0,0,0,0,0,0,0,2,0,0,0,0,0,0,0,0,0,0,0,1,0,0,0,0,0,0,0,0,0,0,0,0,0,0,0,0,,,,,,,,,,,,,,,,,,,,,,,,,0.045454545454545456,0.3409090909090909,6,10,85.1,14.0
1170,202110040405,0,0,0,0,0,0,0,7,0,0,0,0,0,0,0,0,0,0,0,1,0,0,0,0,0,0,0,0,0,0,0,0,0,0,0,0,0.0,0.0,6.0,1.0,39.0,0.0,0.8333333333333334,0.0,0.0,4.0,13.0,37.1,1.9,0.11764705882352941,0.0,0.0,9.0,7.0,34.8,0.8,0.4444444444444444,3.0,2.0,-200.0,0.3076923076923077,0.6346153846153846,1,1,5.3,2.0
1171,202110040405,0,1,1,4,1,3,1,27,0,0,0,0,0,0,0,0,0,0,0,11,0,0,0,0,0,0,0,0,0,0,0,1,0,0,0,0,0.0,0.0,6.0,5.0,35.0,0.7,0.16666666666666666,0.0,0.0,2.0,4.0,34.3,0.2,0.3,0.0,0.0,8.0,1.0,34.2,0.0,0.21428571428571427,-2.0,26.0,-1000.0,0.05970149253731343,0.19402985074626866,5,7,9.9,4.0
1172,202110040405,0,0,0,1,0,2,0,12,0,0,0,0,0,0,0,1,0,2,0,7,0,0,0,0,0,0,0,0,0,0,0,1,0,0,0,0,0.0,0.0,5.0,6.0,13.6,4.5,0.2,0.0,0.0,12.0,6.0,13.3,3.1,0.3333333333333333,0.0,0.0,13.0,15.0,39.9,4.6,0.7333333333333333,4.5,-2.0,-1800.0,0.058823529411764705,0.21176470588235294,7,11,14.1,6.0
1173,202110040405,0,0,0,0,2,1,1,12,0,0,0,0,0,0,0,0,1,0,0,3,0,0,0,0,0,0,0,0,0,0,0,1,0,0,0,0,0.0,0.0,30.0,4.0,36.9,1.4,0.5,0.0,0.0,120.0,15.0,41.8,4.7,0.1875,0.0,0.0,120.0,17.0,38.6,4.0,0.3333333333333333,6.5,-11.0,350.0,0.05333333333333334,0.22666666666666666,5,8,27.0,9.0
1174,202110040405,1,2,4,16,0,0,0,1,0,0,0,0,0,0,4,12,0,0,0,0,0,0,0,0,0,0,1,0,0,0,0,0,0,0,0,0,0.0,0.0,9.0,7.0,40.0,2.0,1.0,0.0,0.0,15.0,16.0,37.9,2.8,0.1875,0.0,0.0,10.0,12.0,37.7,3.5,0.23076923076923078,2.5,11.0,-200.0,0.0,0.15,8,13,63.6,12.0
1175,202110040405,0,0,0,4,2,1,3,7,0,0,0,0,0,0,0,1,2,1,1,5,0,0,0,0,0,0,0,1,0,0,0,1,0,0,0,0,,,,,,,,,,,,,,,,,,,,,,,,,0.14130434782608695,0.3804347826086957,4,6,11.2,5.0
1176,202110040405,1,2,4,16,0,0,2,12,0,0,0,0,0,0,4,12,0,0,0,6,0,0,0,0,0,0,1,0,0,0,0,0,0,0,0,0,0.0,0.0,5.0,7.0,43.9,4.7,0.375,0.0,0.0,13.0,15.0,40.0,3.8,0.375,0.0,0.0,8.0,13.0,37.8,2.5,0.3125,3.0,6.0,-200.0,0.06060606060606061,0.1717171717171717,6,9,22.1,8.0
1177,202110040405,0,0,0,0,0,0,0,13,0,0,0,0,0,0,0,0,0,0,0,7,0,0,0,0,0,0,0,0,0,0,0,0,0,0,0,0,0.0,0.0,7.0,4.0,41.4,1.1,0.7,0.0,0.0,10.0,11.0,71.6,36.0,0.8181818181818182,0.0,0.0,9.0,15.0,45.3,9.8,0.4666666666666667,5.5,-18.0,-300.0,0.1,0.23,3,3,46.1,11.0
1178,202110040405,1,2,4,16,0,0,0,0,0,0,0,0,0,0,4,12,0,0,0,0,0,0,0,0,0,0,1,0,0,0,0,0,0,0,0,0,0.0,0.0,8.0,10.0,42.6,5.7,0.9,0.0,0.0,8.0,9.0,40.3,3.9,0.6666666666666666,0.0,0.0,8.0,9.0,39.7,2.7,0.4,-0.5,-15.0,-200.0,0.05263157894736842,0.22105263157894736,8,14,29.1,10.0
1179,202110040405,2,1,1,2,0,0,0,3,0,0,0,0,0,1,0,1,0,0,0,1,0,0,0,0,0,0,0,0,0,0,0,0,0,0,0,0,0.0,0.0,7.0,4.0,38.3,0.3,0.9166666666666666,0.0,0.0,7.0,8.0,13.9,11.9,0.7,0.0,0.0,16.0,16.0,40.9,6.0,0.8125,6.0,8.0,-200.0,0.034482758620689655,0.10344827586206896,2,2,75.4,13.0
1180,202110040407,0,0,0,5,0,0,0,0,0,0,0,0,0,0,0,2,0,0,0,0,0,0,0,0,0,0,0,0,0,0,0,0,0,0,0,0,0.0,0.0,1.0,,,,,0.0,0.0,1.0,5.0,13.8,0.5,0.08333333333333333,0.0,0.0,5.0,2.0,13.4,0.2,0.25,-3.0,-16.0,-1660.0,0.09090909090909091,0.2222222222222222,7,11,11.6,6.0
1181,202110040407,5,2,1,29,0,0,0,0,0,0,0,0,4,2,0,23,0,0,0,0,0,0,0,0,1,0,0,7,0,0,0,0,0,0,0,0,0.0,0.0,2.0,14.0,33.0,0.6,0.4444444444444444,0.0,0.0,2.0,1.0,32.3,0.0,0.6666666666666666,0.0,0.0,4.0,3.0,35.8,0.6,0.4375,-5.5,8.0,200.0,0.3137254901960784,0.6274509803921569,5,6,2.9,1.0
1182,202110040407,5,2,1,29,1,1,2,8,0,0,1,2,4,2,0,23,0,0,1,1,0,0,0,1,1,0,0,7,0,0,1,1,0,0,0,1,0.0,0.0,9.0,,,,0.9230769230769231,0.0,0.0,8.0,,,,1.0,0.0,0.0,12.0,4.0,13.1,1.1,0.46153846153846156,,-6.0,-1650.0,0.046511627906976744,0.32558139534883723,2,2,38.2,11.0
1183,202110040407,1,1,0,6,0,1,1,9,0,0,0,1,1,1,0,4,0,0,1,2,0,0,0,0,0,1,0,2,0,0,0,1,0,0,0,0,0.0,0.0,80.0,8.0,34.7,1.3,0.375,0.0,0.0,,,,,,0.0,0.0,90.0,7.0,34.8,0.7,0.5882352941176471,-1.0,0.0,-400.0,0.0,0.15789473684210525,8,12,3.7,2.0
1184,202110040407,5,2,1,29,2,1,1,12,0,0,0,3,4,2,0,23,1,0,0,3,0,0,0,2,1,0,0,7,0,0,0,0,0,0,0,0,0.0,0.0,18.0,18.0,37.6,3.2,0.16666666666666666,0.0,0.0,12.0,11.0,36.0,1.2,0.5714285714285714,0.0,0.0,8.0,12.0,37.5,1.7,1.0,-3.0,-2.0,-200.0,0.060240963855421686,0.21686746987951808,5,7,7.5,3.0
1185,202110040407,0,0,0,0,0,1,0,5,0,0,0,0,0,0,0,0,0,1,0,3,0,0,0,0,0,0,0,0,0,1,0,1,0,0,0,0,0.0,0.0,40.0,6.0,43.3,1.3,0.09090909090909091,0.0,0.0,160.0,14.0,37.1,1.2,0.4375,0.0,0.0,100.0,11.0,36.9,1.3,0.5,2.5,36.0,-200.0,0.0,0.07692307692307693,7,10,118.0,13.0
1186,202110040407,3,1,2,15,0,1,1,9,0,1,0,3,0,0,0,3,0,0,1,2,0,0,0,0,0,0,0,1,0,0,0,1,0,0,0,0,0.0,0.0,11.0,8.0,35.2,1.1,0.8235294117647058,0.0,0.0,13.0,8.0,37.0,1.1,0.8666666666666667,0.0,0.0,12.0,15.0,34.4,0.8,0.7777777777777778,3.5,-4.0,0.0,0.075,0.3125,3,3,25.1,8.0
1187,202110040407,0,0,0,0,2,0,0,1,0,0,0,0,0,0,0,0,1,0,0,1,0,0,0,0,0,0,0,0,1,0,0,0,0,0,0,0,0.0,0.0,3.0,5.0,13.6,5.7,0.2222222222222222,0.0,0.0,4.0,10.0,40.7,1.9,0.07142857142857142,0.0,0.0,7.0,8.0,35.6,0.4,0.15384615384615385,1.5,-6.0,-1660.0,0.06382978723404255,0.1276595744680851,4,4,16.5,7.0
1188,202110040407,0,1,1,4,0,1,0,4,0,0,0,0,0,0,0,0,0,1,0,4,0,0,0,0,0,0,0,0,0,0,0,0,0,0,0,0,0.0,0.0,6.0,12.0,40.6,2.2,0.08333333333333333,0.0,0.0,12.0,9.0,36.0,0.7,0.07692307692307693,0.0,0.0,11.0,11.0,37.1,1.6,0.7142857142857143,-0.5,0.0,0.0,0.06153846153846154,0.2,1,1,59.7,12.0
1189,202110040407,0,0,1,13,0,1,0,8,0,0,0,1,0,0,1,8,0,0,0,5,0,0,0,1,0,0,1,1,0,0,0,2,0,0,0,0,0.0,0.0,20.0,13.0,35.3,1.3,0.42857142857142855,0.0,0.0,30.0,3.0,34.6,0.1,0.15384615384615385,0.0,0.0,20.0,1.0,34.9,0.0,0.0625,-6.0,-2.0,0.0,0.11650485436893204,0.2524271844660194,4,5,8.5,4.0
1190,202110040407,5,2,1,29,1,3,1,27,0,0,0,3,4,2,0,23,0,0,0,11,0,0,0,3,1,0,0,7,0,0,0,3,0,0,0,1,0.0,0.0,10.0,10.0,41.1,3.2,1.0,0.0,0.0,12.0,18.0,35.9,1.6,0.7777777777777778,0.0,0.0,11.0,10.0,36.5,1.1,0.9230769230769231,0.0,-6.0,-300.0,0.0547945205479452,0.2328767123287671,6,8,31.0,10.0
1191,202110040407,3,2,2,18,1,0,0,6,0,0,0,1,0,0,1,4,0,0,0,3,0,0,0,0,0,0,1,2,0,0,0,2,0,0,0,0,0.0,0.0,14.0,11.0,36.8,0.9,0.8125,0.0,0.0,9.0,16.0,36.8,2.5,0.625,0.0,0.0,9.0,12.0,35.3,1.1,0.7692307692307693,0.5,4.0,0.0,0.020833333333333332,0.13541666666666666,8,13,28.9,9.0
1192,202110040407,1,2,2,15,0,0,2,12,0,0,0,1,0,1,0,5,0,0,0,6,0,0,0,0,0,0,0,3,0,0,0,1,0,0,0,0,0.0,0.0,14.0,12.0,37.0,0.8,0.625,0.0,0.0,16.0,10.0,37.1,1.2,0.875,0.0,0.0,13.0,15.0,40.0,2.0,0.26666666666666666,1.5,12.0,50.0,0.14444444444444443,0.3888888888888889,6,9,11.0,5.0
1193,202110040409,5,2,1,29,0,0,0,2,0,0,0,1,4,2,0,23,0,0,0,2,0,0,0,1,1,1,0,4,0,0,0,0,0,0,0,0,0.0,0.0,80.0,14.0,34.9,1.0,0.29411764705882354,0.0,0.0,100.0,4.0,34.5,0.8,0.2727272727272727,0.0,0.0,130.0,13.0,40.7,3.0,0.13333333333333333,-0.5,4.0,-200.0,0.10784313725490197,0.24509803921568626,5,6,18.4,6.0
1194,202110040409,4,2,1,34,0,0,0,6,0,0,0,0,3,0,0,7,0,0,0,3,0,0,0,0,0,0,0,0,0,0,0,0,0,0,0,0,0.0,0.0,14.0,10.0,33.8,0.4,0.6875,0.0,0.0,8.0,9.0,34.1,0.7,0.7272727272727273,0.0,0.0,10.0,5.0,34.2,0.3,0.6470588235294118,-2.5,-6.0,-200.0,0.14606741573033707,0.38202247191011235,7,11,3.8,2.0
1195,202110040409,5,2,1,29,0,1,1,9,0,0,0,0,4,2,0,23,0,0,1,2,0,0,0,0,1,1,0,4,0,0,0,0,0,0,0,0,0.0,0.0,2.0,17.0,35.3,1.3,0.05555555555555555,0.0,0.0,2.0,6.0,34.1,0.2,0.09090909090909091,0.0,0.0,2.0,1.0,34.5,0.0,0.05555555555555555,-8.0,-2.0,0.0,0.2222222222222222,0.4444444444444444,6,9,5.8,4.0
1196,202110040409,1,2,2,8,0,0,1,4,0,0,1,3,1,1,0,6,0,0,0,2,0,0,0,2,0,0,0,0,0,0,0,0,0,0,0,0,0.0,0.0,20.0,6.0,35.4,0.2,0.058823529411764705,0.0,0.0,30.0,2.0,34.1,0.2,0.18181818181818182,0.0,0.0,20.0,8.0,35.0,1.2,0.36363636363636365,1.0,6.0,0.0,0.043010752688172046,0.21505376344086022,3,3,4.9,3.0
1197,202110040409,0,0,0,0,0,0,0,5,0,0,0,0,0,0,0,0,0,0,0,2,0,0,0,0,0,0,0,0,0,0,0,0,0,0,0,0,0.0,0.0,40.0,2.0,33.6,0.0,0.8235294117647058,0.0,0.0,30.0,7.0,33.9,0.9,1.0,0.0,0.0,80.0,4.0,33.5,0.2,0.9411764705882353,1.0,0.0,0.0,0.32653061224489793,0.6530612244897959,6,8,2.8,1.0
1198,202110040409,0,0,0,6,1,1,2,17,0,0,0,0,0,0,0,6,1,1,1,6,0,0,0,0,0,0,0,1,0,0,0,2,0,0,0,0,0.0,0.0,7.0,10.0,37.5,1.3,0.5384615384615384,0.0,0.0,11.0,1.0,36.3,0.0,0.4,0.0,0.0,8.0,10.0,34.8,1.1,0.5,0.0,-4.0,50.0,0.06060606060606061,0.24242424242424243,8,12,34.7,9.0
1199,202110040409,4,2,1,34,1,0,0,3,1,0,0,0,3,0,0,7,1,0,0,1,1,0,0,0,0,0,0,0,0,0,0,0,0,0,0,0,0.0,0.0,8.0,7.0,33.8,0.7,1.0,0.0,0.0,10.0,10.0,34.5,1.5,0.9090909090909091,0.0,0.0,8.0,8.0,34.5,1.4,0.7777777777777778,0.5,-8.0,0.0,0.037037037037037035,0.037037037037037035,2,2,31.0,8.0
1200,202110040409,0,1,1,4,0,0,0,0,0,0,0,0,0,1,1,4,0,0,0,0,0,0,0,0,0,0,0,0,0,0,0,0,0,0,0,0,0.0,0.0,13.0,11.0,35.6,0.9,0.05555555555555555,0.0,0.0,11.0,8.0,34.2,0.7,0.9230769230769231,0.0,0.0,17.0,10.0,35.3,0.5,0.29411764705882354,-0.5,2.0,0.0,0.04,0.08,1,1,77.8,11.0
1201,202110040409,2,0,1,5,0,0,0,0,0,0,0,0,2,0,1,4,0,0,0,0,0,0,0,0,1,0,0,0,0,0,0,0,0,0,0,0,0.0,0.0,10.0,9.0,35.3,0.8,0.07692307692307693,0.0,0.0,3.0,7.0,35.8,0.6,0.5,0.0,0.0,9.0,9.0,34.6,1.3,0.9090909090909091,0.0,14.0,0.0,0.06818181818181818,0.1590909090909091,5,7,60.1,10.0
1202,202110040409,1,0,3,13,0,0,2,6,0,0,1,1,1,0,2,5,0,0,2,5,0,0,1,1,0,0,1,2,0,0,1,1,0,0,1,1,0.0,0.0,5.0,10.0,35.1,1.0,0.38461538461538464,0.0,0.0,9.0,7.0,36.3,0.8,0.4666666666666667,0.0,0.0,13.0,5.0,37.0,0.2,0.5625,-2.5,0.0,0.0,0.09278350515463918,0.21649484536082475,7,10,18.0,5.0
1203,202110040409,0,0,0,0,0,0,2,6,0,0,0,0,0,0,0,0,0,0,2,2,0,0,0,0,0,0,0,0,0,0,0,0,0,0,0,0,0.0,0.0,5.0,7.0,14.1,5.9,0.625,0.0,0.0,16.0,15.0,38.1,1.9,0.8125,0.0,0.0,8.0,7.0,13.7,2.5,0.5,0.0,16.0,-1770.0,0.030303030303030304,0.12121212121212122,4,5,219.4,13.0
1204,202110040409,1,2,1,13,0,0,0,0,0,0,0,0,0,1,1,5,0,0,0,0,0,0,0,0,0,0,0,1,0,0,0,0,0,0,0,0,0.0,0.0,9.0,8.0,38.6,2.0,0.8,0.0,0.0,16.0,14.0,38.3,1.4,0.4375,0.0,0.0,10.0,11.0,37.8,2.4,0.18181818181818182,1.5,-4.0,0.0,0.0625,0.203125,8,13,20.3,7.0
1205,202110040409,0,0,0,6,1,3,1,27,0,0,0,1,0,0,0,6,0,0,0,11,0,0,0,1,0,0,0,1,0,0,0,2,0,0,0,1,0.0,0.0,90.0,10.0,41.4,3.6,0.6363636363636364,0.0,0.0,150.0,12.0,34.7,1.0,0.8888888888888888,0.0,0.0,120.0,13.0,35.3,1.2,0.38461538461538464,1.5,6.0,-200.0,0.04878048780487805,0.34146341463414637,4,4,106.6,12.0
1206,202110040411,0,0,0,0,0,0,0,0,0,0,0,0,0,0,0,0,0,0,0,0,0,0,0,0,0,0,0,0,0,0,0,0,0,0,0,0,0.0,0.0,5.0,1.0,34.4,0.0,0.16666666666666666,0.0,0.0,1.0,5.0,33.8,0.4,0.38461538461538464,0.0,0.0,3.0,2.0,34.0,0.0,0.5882352941176471,0.5,4.0,0.0,0.0425531914893617,0.2127659574468085,8,17,8.8,5.0
1207,202110040411,5,2,1,29,2,1,3,7,1,0,0,0,4,2,0,23,2,1,1,5,1,0,0,0,0,0,0,3,0,0,0,0,0,0,0,0,0.0,0.0,12.0,1.0,35.5,0.0,0.3888888888888889,0.0,0.0,10.0,2.0,33.1,0.0,0.26666666666666666,0.0,0.0,5.0,4.0,33.9,0.4,0.75,1.5,-8.0,0.0,0.11538461538461539,0.25,3,6,8.3,4.0
1208,202110040411,0,1,0,0,0,1,0,0,0,1,0,0,0,1,0,0,0,1,0,0,0,1,0,0,0,1,0,0,0,1,0,0,0,1,0,0,0.0,0.0,1.0,4.0,37.2,0.5,0.0625,0.0,0.0,4.0,3.0,36.7,0.7,0.08333333333333333,0.0,0.0,5.0,5.0,34.5,0.7,0.0625,0.5,-12.0,0.0,0.09183673469387756,0.21428571428571427,6,12,5.8,2.0
1209,202110040411,0,0,0,0,1,0,0,1,0,0,0,0,0,0,0,0,1,0,0,1,0,0,0,0,0,0,0,0,0,0,0,0,0,0,0,0,0.0,0.0,7.0,16.0,37.1,1.4,0.125,0.0,0.0,9.0,7.0,35.1,0.5,0.2,0.0,0.0,14.0,15.0,34.2,1.0,0.7777777777777778,-0.5,-6.0,0.0,0.05405405405405406,0.22972972972972974,5,9,9.1,6.0
1210,202110040411,1,0,1,6,1,1,0,10,1,0,0,1,1,0,0,4,1,1,0,6,1,0,0,1,1,0,0,0,1,0,0,0,1,0,0,0,0.0,0.0,11.0,11.0,34.2,0.6,0.5,0.0,0.0,14.0,12.0,34.8,0.9,0.4375,0.0,0.0,10.0,14.0,33.5,1.1,0.7058823529411765,1.5,4.0,0.0,0.21621621621621623,0.4594594594594595,7,14,24.3,9.0
1211,202110040411,1,2,4,16,0,0,0,0,0,0,0,0,0,0,4,12,0,0,0,0,0,0,0,0,0,0,0,2,0,0,0,0,0,0,0,0,0.0,0.0,11.0,12.0,34.6,0.8,0.375,0.0,0.0,7.0,13.0,35.6,1.0,0.125,0.0,0.0,5.0,1.0,34.1,0.0,0.14285714285714285,-5.5,-6.0,0.0,0.06060606060606061,0.19696969696969696,1,1,37.8,12.0
1212,202110040411,0,0,0,0,1,3,1,27,0,0,0,0,0,0,0,0,0,0,0,11,0,0,0,0,0,0,0,0,0,0,0,0,0,0,0,0,0.0,0.0,6.0,12.0,,,,0.0,0.0,8.0,1.0,34.6,0.0,0.1875,0.0,0.0,9.0,17.0,35.6,2.0,0.3888888888888889,2.5,,0.0,0.32,0.64,4,7,4.3,1.0
1213,202110040411,0,0,0,0,0,0,0,0,0,0,0,0,0,0,0,0,0,0,0,0,0,0,0,0,0,0,0,0,0,0,0,0,0,0,0,0,0.0,0.0,12.0,11.0,33.0,1.0,0.9230769230769231,0.0,0.0,8.0,,,,0.6153846153846154,0.0,0.0,8.0,13.0,39.3,3.0,0.6153846153846154,2.0,-4.0,0.0,0.061224489795918366,0.17346938775510204,8,16,34.7,11.0
1214,202110040411,2,2,0,17,1,1,2,8,0,0,0,0,0,0,0,8,0,0,1,1,0,0,0,0,0,0,0,0,0,0,0,0,0,0,0,0,0.0,0.0,11.0,16.0,38.2,2.6,0.75,0.0,0.0,6.0,7.0,33.9,0.8,0.8235294117647058,0.0,0.0,4.0,5.0,32.6,0.3,0.8333333333333334,-5.5,-10.0,-200.0,0.05970149253731343,0.23880597014925373,1,2,13.7,8.0
1215,202110040411,5,2,1,29,2,1,1,12,0,0,0,3,4,2,0,23,1,0,0,3,0,0,0,2,0,0,0,3,0,0,0,0,0,0,0,0,0.0,0.0,15.0,15.0,34.9,1.2,0.625,0.0,0.0,18.0,14.0,34.7,1.0,0.6111111111111112,0.0,0.0,7.0,17.0,34.4,1.9,1.0,1.0,-4.0,0.0,0.047619047619047616,0.3333333333333333,8,18,10.5,7.0
1216,202110040411,1,3,1,7,0,0,0,3,0,0,0,1,0,3,0,2,0,0,0,1,0,0,0,1,0,0,0,0,0,0,0,0,0,0,0,0,0.0,0.0,15.0,13.0,33.8,1.0,0.8666666666666667,0.0,0.0,18.0,11.0,34.5,0.3,0.9444444444444444,0.0,0.0,16.0,14.0,33.6,0.7,1.0,0.5,-2.0,-200.0,0.0625,0.125,4,8,104.5,16.0
1217,202110040411,3,2,2,18,0,0,0,0,0,0,0,0,0,0,1,4,0,0,0,0,0,0,0,0,0,0,0,0,0,0,0,0,0,0,0,0,0.0,0.0,13.0,6.0,33.1,0.2,1.0,0.0,0.0,11.0,11.0,33.6,0.7,1.0,0.0,0.0,10.0,12.0,34.2,0.6,0.7777777777777778,3.0,-2.0,0.0,0.034482758620689655,0.10344827586206896,2,4,33.2,10.0
1218,202110040411,0,0,0,0,1,3,1,6,0,0,0,0,0,0,0,0,0,2,0,5,0,0,0,0,0,0,0,0,0,0,0,0,0,0,0,0,0.0,0.0,160.0,14.0,33.9,0.9,0.7647058823529411,0.0,0.0,140.0,13.0,34.2,0.7,0.7777777777777778,0.0,0.0,130.0,10.0,34.6,0.8,0.75,-2.0,0.0,0.0,0.05952380952380952,0.21428571428571427,5,10,72.2,14.0
1219,202110040411,1,0,3,13,0,0,2,16,0,0,1,0,1,0,2,5,0,0,1,10,0,0,1,0,0,0,1,0,0,0,1,0,0,0,1,0,0.0,0.0,13.0,15.0,35.1,1.1,0.5625,0.0,0.0,12.0,14.0,33.6,1.3,0.875,0.0,0.0,3.0,14.0,34.6,0.8,0.6666666666666666,-0.5,-2.0,0.0,0.14285714285714285,0.38461538461538464,6,11,7.2,3.0
1220,202110040411,2,0,1,5,2,0,0,0,2,0,0,0,2,0,1,4,2,0,0,0,2,0,0,0,0,0,0,0,0,0,0,0,0,0,0,0,0.0,0.0,30.0,40.0,39.2,1.5,0.9,0.0,0.0,140.0,130.0,37.7,2.3,0.8125,0.0,0.0,170.0,150.0,34.3,1.0,0.9444444444444444,55.0,4.0,-300.0,0.03508771929824561,0.10526315789473684,2,3,108.9,17.0
1221,202110040411,1,2,4,16,0,0,0,1,0,0,0,1,0,0,4,12,0,0,0,1,0,0,0,1,0,0,0,2,0,0,0,1,0,0,0,1,0.0,0.0,3.0,8.0,13.8,1.7,0.3076923076923077,0.0,0.0,1.0,1.0,13.2,0.0,0.21428571428571427,0.0,0.0,1.0,3.0,13.4,0.7,0.18181818181818182,-2.5,-4.0,-1970.0,0.020618556701030927,0.13402061855670103,7,15,45.5,13.0
1222,202110040411,1,2,4,16,0,0,0,2,0,0,0,2,0,0,4,12,0,0,0,2,0,0,0,2,0,0,0,2,0,0,0,0,0,0,0,0,0.0,0.0,9.0,8.0,39.7,2.6,1.0,0.0,0.0,15.0,16.0,33.1,0.9,0.5625,0.0,0.0,11.0,15.0,33.1,1.2,0.8888888888888888,3.5,1.0,-200.0,0.03571428571428571,0.03571428571428571,7,13,92.0,15.0
1223,202110040411,3,2,2,18,0,0,0,3,0,0,0,0,0,0,1,4,0,0,0,3,0,0,0,0,0,0,0,0,0,0,0,0,0,0,0,0,0.0,0.0,160.0,16.0,39.3,3.5,0.5,0.0,0.0,180.0,18.0,35.1,1.1,0.5555555555555556,0.0,0.0,,,,,0.0625,2.0,-8.0,-200.0,0.07407407407407407,0.30864197530864196,3,5,115.9,18.0
1224,202110040504,11,13,9,84,2,0,4,15,0,0,1,1,2,3,4,26,2,0,2,13,0,0,0,1,0,2,2,15,0,0,0,5,0,0,0,1,0.0,0.0,150.0,15.0,41.2,3.9,0.375,0.0,0.0,16.0,13.0,36.9,1.7,0.8125,0.0,0.0,13.0,12.0,33.1,1.1,0.7222222222222222,-1.5,0.0,-600.0,0.06,0.12,7,13,15.0,6.0
1225,202110040504,7,4,6,52,0,0,0,0,0,0,0,0,6,3,5,37,0,0,0,0,0,0,0,0,1,2,3,10,0,0,0,0,0,0,0,0,0.0,0.0,2.0,2.0,35.6,0.4,0.5,0.0,0.0,1.0,2.0,34.5,0.0,0.5294117647058824,0.0,0.0,1.0,2.0,33.7,0.0,0.1111111111111111,0.0,-9.0,300.0,0.058823529411764705,0.19117647058823528,3,6,3.8,1.0
1226,202110040504,3,1,1,2,1,1,0,16,0,0,0,0,3,0,1,2,1,1,0,7,0,0,0,0,1,0,0,0,0,0,0,1,0,0,0,0,0.0,0.0,30.0,4.0,35.4,0.3,0.16666666666666666,0.0,0.0,40.0,5.0,34.2,0.8,1.0,,,,,,,,1.0,2.0,0.0,0.09900990099009901,0.22772277227722773,8,18,7.8,4.0
1227,202110040504,0,2,3,6,0,1,1,7,0,1,1,0,0,2,2,4,0,1,1,4,0,1,1,0,0,1,1,2,0,1,1,3,0,1,1,0,0.0,0.0,3.0,12.0,46.3,5.0,0.25,0.0,0.0,7.0,3.0,35.0,0.1,0.11764705882352941,0.0,0.0,3.0,4.0,34.1,0.4,0.1111111111111111,-4.0,22.0,-200.0,0.09090909090909091,0.21212121212121213,4,7,4.7,3.0
1228,202110040504,0,0,0,1,8,4,5,73,0,0,0,0,0,0,0,1,1,1,0,24,0,0,0,0,0,0,0,0,0,0,0,8,0,0,0,0,0.0,0.0,10.0,4.0,34.3,0.4,0.6111111111111112,0.0,0.0,10.0,3.0,34.9,0.3,0.6111111111111112,0.0,0.0,30.0,2.0,34.0,0.0,0.5555555555555556,-1.0,-8.0,0.0,0.058823529411764705,0.23529411764705882,7,14,3.9,2.0
1229,202110040504,7,4,3,27,7,11,6,84,0,0,0,2,0,1,0,8,4,5,4,47,0,0,0,0,0,0,0,5,2,2,1,9,0,0,0,0,0.0,0.0,16.0,16.0,42.8,6.0,0.375,0.0,0.0,10.0,10.0,35.2,1.9,0.7,0.0,0.0,9.0,16.0,35.8,2.7,0.5,0.0,12.0,0.0,0.05263157894736842,0.2236842105263158,2,3,14.8,5.0
1230,202110040504,3,3,3,41,3,1,0,5,0,0,0,0,1,1,1,20,3,1,0,1,0,0,0,0,0,0,0,9,1,0,0,0,0,0,0,0,0.0,0.0,11.0,7.0,38.4,0.9,0.45454545454545453,0.0,0.0,7.0,7.0,34.0,0.7,0.6111111111111112,0.0,0.0,2.0,10.0,42.2,1.9,0.07142857142857142,1.5,6.0,0.0,0.0,0.11764705882352941,1,1,17.6,7.0
1231,202110040504,0,0,1,3,1,0,1,4,0,0,0,0,0,0,1,3,0,0,1,4,0,0,0,0,0,0,1,0,0,0,1,3,0,0,0,0,0.0,0.0,8.0,6.0,42.5,0.8,0.1,0.0,0.0,18.0,8.0,33.7,0.9,0.9444444444444444,0.0,0.0,10.0,15.0,34.8,1.5,0.8888888888888888,4.5,7.0,-200.0,0.020202020202020204,0.1414141414141414,6,11,165.8,18.0
1232,202110040504,0,0,0,0,4,0,1,32,0,0,0,0,0,0,0,0,2,0,1,12,0,0,0,0,0,0,0,0,1,0,0,7,0,0,0,0,0.0,0.0,1.0,6.0,37.9,1.3,0.2,0.0,0.0,9.0,9.0,34.7,1.1,0.2222222222222222,0.0,0.0,18.0,5.0,35.1,0.3,0.16666666666666666,-0.5,13.0,280.0,0.0,0.0,5,9,31.4,9.0
1233,202110040504,0,0,0,0,0,0,0,0,0,0,0,0,0,0,0,0,0,0,0,0,0,0,0,0,0,0,0,0,0,0,0,0,0,0,0,0,0.0,0.0,1.0,6.0,41.8,1.5,0.25,0.0,0.0,16.0,15.0,39.5,4.3,0.5,0.0,0.0,6.0,7.0,40.6,3.6,0.75,0.5,6.0,-200.0,0.043478260869565216,0.32608695652173914,7,15,74.1,13.0
1234,202110040504,1,3,0,11,2,3,3,40,0,0,0,0,1,2,0,1,1,2,3,17,0,0,0,0,0,2,0,0,1,1,2,5,0,0,0,0,0.0,0.0,14.0,11.0,34.3,1.2,0.7777777777777778,0.0,0.0,12.0,10.0,35.8,0.9,0.2857142857142857,0.0,0.0,15.0,13.0,35.9,0.9,0.3888888888888889,1.0,6.0,0.0,0.0,0.13636363636363635,4,8,77.7,14.0
1235,202110040504,6,4,7,72,2,4,6,41,0,0,0,2,1,0,0,11,1,3,3,30,0,0,0,0,1,0,0,5,1,2,0,10,0,0,0,0,0.0,0.0,6.0,5.0,40.6,2.4,0.8888888888888888,0.0,0.0,11.0,12.0,34.5,1.2,0.6111111111111112,0.0,0.0,16.0,10.0,34.3,0.5,0.8888888888888888,2.5,-6.0,-200.0,0.13829787234042554,0.3723404255319149,1,2,45.4,11.0
1236,202110040504,2,3,4,40,6,6,4,55,0,0,0,1,1,1,2,15,1,1,3,27,0,0,0,1,1,1,0,6,0,0,1,8,0,0,0,1,0.0,0.0,60.0,6.0,38.3,1.6,0.6363636363636364,0.0,0.0,160.0,13.0,34.1,1.2,0.8333333333333334,0.0,0.0,40.0,6.0,40.4,2.7,0.2857142857142857,0.0,22.0,-400.0,0.06666666666666667,0.15555555555555556,8,17,91.5,16.0
1237,202110040504,3,1,1,2,1,5,2,15,0,0,0,0,3,0,1,2,0,1,1,9,0,0,0,0,1,0,0,0,0,1,1,5,0,0,0,0,0.0,0.0,12.0,14.0,34.8,1.3,0.3333333333333333,0.0,0.0,2.0,4.0,41.8,1.1,0.4166666666666667,0.0,0.0,11.0,8.0,36.0,1.3,0.3333333333333333,-3.0,-3.0,0.0,0.06,0.17,2,4,58.4,12.0
1238,202110040504,1,3,1,5,0,0,0,0,0,0,0,0,0,3,0,4,0,0,0,0,0,0,0,0,0,0,0,3,0,0,0,0,0,0,0,0,0.0,0.0,,,,,,0.0,0.0,170.0,15.0,34.2,1.4,0.9444444444444444,0.0,0.0,170.0,6.0,34.6,0.3,0.7222222222222222,-9.0,,-300.0,0.07692307692307693,0.19230769230769232,6,12,102.3,17.0
1239,202110040504,3,3,3,41,1,1,0,8,0,0,0,0,1,1,1,20,0,0,0,2,0,0,0,0,0,0,0,9,0,0,0,1,0,0,0,0,0.0,0.0,9.0,9.0,42.7,2.8,0.3,0.0,0.0,10.0,16.0,35.3,1.8,0.3333333333333333,0.0,0.0,8.0,6.0,36.2,1.0,0.25,-1.5,-3.0,-200.0,0.02702702702702703,0.08108108108108109,8,16,43.1,10.0
1240,202110040504,3,4,3,36,0,2,1,10,0,0,0,0,2,1,0,15,0,1,0,4,0,0,0,0,0,0,0,7,0,0,0,3,0,0,0,0,0.0,0.0,12.0,5.0,42.0,0.7,0.16666666666666666,0.0,0.0,15.0,17.0,35.6,2.1,0.3333333333333333,0.0,0.0,9.0,11.0,37.5,1.9,0.2,3.0,5.0,-200.0,0.0,0.0,3,5,90.6,15.0
1241,202110040504,0,1,1,15,1,0,0,8,0,0,0,0,0,1,1,12,1,0,0,3,0,0,0,0,0,1,1,7,0,0,0,2,0,0,0,0,0.0,0.0,11.0,16.0,39.2,2.4,0.5625,0.0,0.0,14.0,15.0,41.3,4.9,0.3125,0.0,0.0,6.0,11.0,39.9,1.7,0.13333333333333333,-2.5,8.0,50.0,0.12149532710280374,0.27102803738317754,5,10,20.4,8.0
1242,202110040509,0,3,0,10,0,0,1,1,0,0,0,0,0,2,0,6,0,0,0,0,0,0,0,0,0,0,0,1,0,0,0,0,0,0,0,0,0.0,0.0,18.0,16.0,33.6,1.5,0.7777777777777778,0.0,0.0,15.0,9.0,33.8,1.5,0.6875,0.0,0.0,14.0,14.0,36.1,1.7,0.14285714285714285,-1.0,0.0,200.0,0.0,0.09090909090909091,4,6,7.4,3.0
1243,202110040509,0,0,0,0,0,0,0,0,0,0,0,0,0,0,0,0,0,0,0,0,0,0,0,0,0,0,0,0,0,0,0,0,0,0,0,0,0.0,0.0,10.0,12.0,43.9,4.7,0.3333333333333333,0.0,0.0,17.0,17.0,38.0,3.5,0.1111111111111111,0.0,0.0,14.0,13.0,36.8,1.3,0.5625,0.5,9.0,-30.0,0.05813953488372093,0.20930232558139536,7,12,9.9,4.0
1244,202110040509,0,0,0,0,0,0,0,0,0,0,0,0,0,0,0,0,0,0,0,0,0,0,0,0,0,0,0,0,0,0,0,0,0,0,0,0,0.0,0.0,5.0,10.0,44.7,3.9,0.09090909090909091,0.0,0.0,14.0,17.0,36.8,2.1,0.23529411764705882,0.0,0.0,9.0,12.0,35.6,1.0,0.13333333333333333,1.0,-3.0,-400.0,0.12264150943396226,0.2641509433962264,8,13,5.5,2.0
1245,202110040509,0,0,1,3,1,0,1,17,0,0,0,0,0,0,1,3,1,0,0,11,0,0,0,0,0,0,0,1,0,0,0,1,0,0,0,0,0.0,0.0,6.0,7.0,40.9,0.8,0.8181818181818182,0.0,0.0,12.0,12.0,36.2,1.7,0.5,0.0,0.0,8.0,4.0,34.5,0.8,0.7857142857142857,-1.5,27.0,-200.0,0.0,0.125,5,8,63.4,8.0
1246,202110040509,2,0,0,8,0,0,0,0,0,0,0,0,2,0,0,8,0,0,0,0,0,0,0,0,0,0,0,0,0,0,0,0,0,0,0,0,0.0,0.0,14.0,12.0,38.4,2.8,0.8571428571428571,0.0,0.0,15.0,12.0,38.2,2.2,0.6,0.0,0.0,13.0,13.0,38.9,2.3,0.46153846153846156,0.5,2.0,0.0,0.044444444444444446,0.3333333333333333,6,9,12.7,5.0
1247,202110040509,0,2,0,11,0,1,0,3,0,0,0,0,0,2,0,11,0,0,0,3,0,0,0,0,0,0,0,1,0,0,0,1,0,0,0,0,0.0,0.0,110.0,80.0,39.6,2.0,0.45454545454545453,0.0,0.0,100.0,130.0,37.3,2.3,0.8571428571428571,0.0,0.0,140.0,160.0,35.6,2.4,0.875,40.0,19.0,-100.0,0.038461538461538464,0.07692307692307693,6,10,36.6,6.0
1248,202110040509,1,2,0,18,6,8,5,64,1,0,0,0,1,2,0,18,3,2,0,30,1,0,0,0,0,0,0,1,1,0,0,1,0,0,0,0,0.0,0.0,11.0,11.0,44.3,6.2,0.8181818181818182,0.0,0.0,14.0,13.0,34.2,2.5,0.75,0.0,0.0,16.0,14.0,36.8,1.9,0.2777777777777778,1.5,21.0,-200.0,0.029411764705882353,0.11764705882352941,3,4,135.0,10.0
1249,202110040509,3,4,3,36,1,0,0,3,0,0,0,1,2,1,0,15,1,0,0,3,0,0,0,1,0,0,0,0,0,0,0,0,0,0,0,0,0.0,0.0,8.0,9.0,40.8,4.1,0.4444444444444444,0.0,0.0,15.0,15.0,40.9,4.3,0.8,0.0,0.0,3.0,7.0,38.0,2.8,0.7142857142857143,-1.0,15.0,-200.0,0.07317073170731707,0.3048780487804878,4,5,1.7,1.0
1250,202110040509,0,0,0,7,0,0,1,2,0,0,0,0,0,0,0,6,0,0,0,1,0,0,0,0,0,0,0,0,0,0,0,0,0,0,0,0,0.0,0.0,8.0,9.0,41.0,3.7,0.6,0.0,0.0,18.0,17.0,35.8,3.5,0.9444444444444444,0.0,0.0,14.0,14.0,43.1,7.9,0.35714285714285715,2.5,0.0,-100.0,0.052083333333333336,0.21875,2,2,89.5,9.0
1251,202110040509,0,0,0,7,3,1,0,5,0,0,0,0,0,0,0,6,3,1,0,1,0,0,0,0,0,0,0,0,2,1,0,0,0,0,0,0,0.0,0.0,10.0,10.0,39.8,2.8,1.0,0.0,0.0,16.0,16.0,44.3,7.1,0.5625,0.0,0.0,11.0,10.0,35.2,1.7,0.9285714285714286,0.0,7.0,-30.0,0.13978494623655913,0.3763440860215054,5,7,146.5,11.0
1252,202110040509,0,0,0,4,7,6,1,71,0,0,0,2,0,0,0,4,5,4,0,35,0,0,0,2,0,0,0,0,1,0,0,2,0,0,0,0,0.0,0.0,12.0,16.0,40.5,5.5,0.875,0.0,0.0,14.0,11.0,36.6,2.4,0.42857142857142855,0.0,0.0,13.0,8.0,36.8,0.9,0.5333333333333333,-4.0,-10.0,0.0,0.09375,0.21875,7,11,293.4,14.0
1253,202110040509,2,3,4,40,7,7,8,94,1,0,0,3,1,1,2,15,1,4,1,34,1,0,0,1,0,0,0,1,0,0,0,2,0,0,0,0,0.0,0.0,7.0,12.0,36.9,2.5,0.14285714285714285,0.0,0.0,4.0,10.0,37.9,1.6,0.3333333333333333,0.0,0.0,1.0,7.0,37.1,0.6,0.125,-2.5,2.0,0.0,0.061224489795918366,0.12244897959183673,1,1,56.4,7.0
1254,202110040509,0,0,0,4,0,0,0,3,0,0,0,0,0,0,0,4,0,0,0,3,0,0,0,0,0,0,0,0,0,0,0,1,0,0,0,0,0.0,0.0,80.0,9.0,39.8,2.4,0.6,0.0,0.0,130.0,13.0,36.5,2.6,0.7142857142857143,,,,,,,,4.0,21.0,-100.0,0.0,0.14285714285714285,8,14,253.3,13.0
1255,202110040509,0,2,0,11,2,5,2,19,0,0,0,0,0,2,0,11,1,4,2,9,0,0,0,0,0,0,0,1,0,0,0,0,0,0,0,0,0.0,0.0,11.0,9.0,40.5,4.3,1.0,0.0,0.0,12.0,14.0,36.0,2.6,1.0,,,,,,,,5.0,16.0,-200.0,0.034482758620689655,0.034482758620689655,3,3,165.4,12.0
1256,202110040606,0,2,2,8,7,6,1,71,0,0,0,0,0,1,0,2,5,4,0,35,0,0,0,0,0,0,0,0,0,1,0,12,0,0,0,0,,,,,,,,,,,,,,,,,,,,,,,,,0.0,0.0,5,5,6.3,3.0
1257,202110040606,15,7,8,83,2,5,2,19,0,0,0,1,10,4,5,49,1,4,2,9,0,0,0,0,1,0,0,3,0,0,1,2,0,0,0,0,,,,,,,,,,,,,,,,,,,,,,,,,0.0594059405940594,0.16831683168316833,7,7,4.6,2.0
1258,202110040606,1,1,0,4,0,0,0,3,0,0,0,0,0,0,0,1,0,0,0,2,0,0,0,0,0,0,0,0,0,0,0,1,0,0,0,0,0.0,0.0,1.0,7.0,38.2,2.0,0.8181818181818182,0.0,0.0,1.0,3.0,34.7,0.3,0.75,,,,,,,,-4.0,8.0,0.0,0.041666666666666664,0.3125,1,1,2.1,1.0
1259,202110040606,7,4,6,52,0,0,0,1,0,0,0,0,6,3,5,37,0,0,0,0,0,0,0,0,1,0,0,1,0,0,0,0,0,0,0,0,0.0,0.0,2.0,9.0,41.2,2.3,0.3333333333333333,0.0,0.0,15.0,13.0,40.3,3.6,0.3125,0.0,0.0,9.0,10.0,38.9,1.9,0.5,0.5,5.0,-200.0,0.05714285714285714,0.21428571428571427,6,6,9.9,5.0
1260,202110040606,0,0,0,0,0,0,0,0,0,0,0,0,0,0,0,0,0,0,0,0,0,0,0,0,0,0,0,0,0,0,0,0,0,0,0,0,0.0,0.0,15.0,6.0,35.2,0.7,0.6875,0.0,0.0,13.0,12.0,36.0,1.4,0.8461538461538461,0.0,0.0,4.0,5.0,35.0,0.4,0.375,-0.5,4.0,0.0,0.056818181818181816,0.2159090909090909,3,3,6.8,4.0
1261,202110040606,0,0,0,0,0,0,1,9,0,0,0,0,0,0,0,0,0,0,0,3,0,0,0,0,0,0,0,0,0,0,0,0,0,0,0,0,0.0,0.0,6.0,5.0,41.2,1.0,0.4166666666666667,0.0,0.0,5.0,6.0,34.7,0.7,0.3888888888888889,0.0,0.0,11.0,5.0,37.8,0.6,0.3125,0.0,6.0,-200.0,0.11926605504587157,0.27522935779816515,4,4,16.7,6.0
1262,202110040606,0,1,0,9,10,5,7,57,0,0,0,0,0,0,0,5,5,2,3,30,0,0,0,0,0,0,0,0,2,0,0,4,0,0,0,0,0.0,0.0,6.0,1.0,39.6,0.0,0.25,0.0,0.0,9.0,14.0,43.8,6.7,0.35714285714285715,0.0,0.0,12.0,5.0,39.4,1.6,0.8571428571428571,2.0,18.0,-200.0,0.0,0.125,2,2,56.3,8.0
1263,202110040606,0,0,0,2,4,8,8,33,0,0,0,0,0,0,0,2,0,4,5,21,0,0,0,0,0,0,0,0,0,0,1,2,0,0,0,0,,,,,,,,,,,,,,,,,,,,,,,,,0.07407407407407407,0.18518518518518517,8,8,27.5,7.0
1264,202110040612,3,4,3,36,1,0,4,11,0,0,0,0,2,1,0,15,1,0,2,5,0,0,0,0,0,0,0,1,0,0,0,0,0,0,0,0,0.0,0.0,30.0,9.0,34.8,0.6,0.23076923076923078,0.0,0.0,40.0,4.0,35.7,0.8,1.0,0.0,0.0,20.0,1.0,35.0,0.0,0.5,-4.0,16.0,0.0,0.1111111111111111,0.23076923076923078,6,6,6.2,2.0
1265,202110040612,15,7,8,83,7,4,7,49,1,0,1,5,10,4,5,49,2,0,4,26,1,0,0,4,1,1,2,15,0,0,0,3,0,0,0,2,0.0,0.0,80.0,15.0,36.0,1.2,0.058823529411764705,0.0,0.0,60.0,7.0,34.6,0.7,0.6363636363636364,0.0,0.0,120.0,10.0,35.4,1.7,0.6923076923076923,-2.5,6.0,0.0,0.057971014492753624,0.2028985507246377,8,11,16.7,5.0
1266,202110040612,1,0,2,17,6,8,5,64,0,0,0,0,1,0,2,11,3,2,0,30,0,0,0,0,0,0,0,3,1,1,0,5,0,0,0,0,0.0,0.0,7.0,14.0,34.0,0.8,0.9444444444444444,0.0,0.0,14.0,12.0,35.2,0.8,0.7777777777777778,0.0,0.0,2.0,14.0,36.1,1.6,0.4375,0.0,-6.0,0.0,0.12037037037037036,0.26851851851851855,4,4,6.3,3.0
1267,202110040612,3,0,4,35,1,0,1,15,0,0,0,0,0,0,1,19,1,0,0,12,0,0,0,0,0,0,0,3,0,0,0,2,0,0,0,0,0.0,0.0,15.0,14.0,37.1,1.3,0.4375,0.0,0.0,5.0,6.0,34.4,0.6,0.5,0.0,0.0,11.0,13.0,34.7,0.8,0.7058823529411765,-0.5,10.0,0.0,0.0,0.13043478260869565,6,7,19.6,6.0
1268,202110040612,0,0,1,3,0,0,0,1,0,0,0,0,0,0,1,3,0,0,0,1,0,0,0,0,0,0,0,0,0,0,0,0,0,0,0,0,0.0,0.0,3.0,6.0,39.7,1.9,0.875,0.0,0.0,10.0,,,,,0.0,0.0,16.0,9.0,35.0,1.0,0.125,3.0,-2.0,-200.0,0.05747126436781609,0.21839080459770116,7,8,8.2,4.0
1269,202110040612,21,21,21,102,0,1,0,1,0,0,0,0,6,4,3,30,0,1,0,0,0,0,0,0,3,1,2,5,0,0,0,0,0,0,0,0,0.0,0.0,7.0,12.0,35.6,1.7,0.9375,0.0,0.0,2.0,1.0,35.5,0.0,0.6153846153846154,0.0,0.0,2.0,2.0,34.5,0.3,0.05555555555555555,-5.0,12.0,0.0,0.0425531914893617,0.3191489361702128,5,5,1.5,1.0
1270,202110040612,0,0,1,4,0,0,0,5,0,0,0,2,0,0,0,1,0,0,0,2,0,0,0,0,0,0,0,0,0,0,0,0,0,0,0,0,0.0,0.0,8.0,6.0,39.9,1.2,0.16666666666666666,0.0,0.0,14.0,11.0,34.7,1.5,0.7857142857142857,0.0,0.0,11.0,12.0,39.0,2.1,0.4,3.0,21.0,-300.0,0.09803921568627451,0.23529411764705882,3,3,76.3,8.0
1271,202110040612,15,7,8,83,1,0,1,15,0,0,0,1,10,4,5,49,1,0,0,12,0,0,0,1,1,1,2,15,0,0,0,2,0,0,0,1,0.0,0.0,10.0,10.0,34.0,1.4,1.0,0.0,0.0,12.0,12.0,37.0,1.6,1.0,0.0,0.0,10.0,8.0,34.6,0.9,0.7,-1.0,2.0,-400.0,0.07547169811320754,0.18867924528301888,2,2,38.8,7.0
1272,202110040612,0,0,0,1,0,2,0,19,0,0,0,1,0,0,0,1,0,0,0,9,0,0,0,1,0,0,0,0,0,0,0,2,0,0,0,0,0.0,0.0,6.0,,,,0.35714285714285715,0.0,0.0,14.0,12.0,40.2,3.1,0.6875,0.0,0.0,8.0,7.0,38.5,2.4,0.25,-5.0,11.0,-400.0,0.06,0.16,7,9,173.2,11.0
1273,202110040612,15,7,8,83,7,7,8,94,1,0,0,8,10,4,5,49,1,4,1,34,0,0,0,5,1,1,2,15,0,0,0,6,0,0,0,2,0.0,0.0,10.0,10.0,35.7,2.0,0.8181818181818182,0.0,0.0,16.0,12.0,34.7,1.3,1.0,0.0,0.0,11.0,14.0,35.3,2.5,0.6470588235294118,2.0,0.0,-600.0,0.0,0.1111111111111111,8,10,83.7,9.0
1274,202110040612,0,0,0,3,2,5,2,19,0,0,0,0,0,0,0,3,1,4,2,9,0,0,0,0,0,0,0,0,0,3,0,0,0,0,0,0,0.0,0.0,4.0,11.0,45.0,4.1,0.25,0.0,0.0,10.0,11.0,36.0,2.9,1.0,0.0,0.0,11.0,16.0,41.3,3.8,0.4375,2.5,11.0,-200.0,0.0,0.0,1,1,132.6,10.0
1275,202110040703,0,0,0,0,0,0,0,0,0,0,0,0,0,0,0,0,0,0,0,0,0,0,0,0,0,0,0,0,0,0,0,0,0,0,0,0,0.0,0.0,9.0,9.0,35.0,1.1,0.25,0.0,0.0,8.0,7.0,33.4,0.7,1.0,0.0,0.0,13.0,9.0,33.7,0.6,0.875,0.0,-2.0,-200.0,0.11504424778761062,0.26548672566371684,1,2,54.7,15.0
1276,202110040703,4,2,1,18,0,0,0,0,0,0,0,0,3,2,1,6,0,0,0,0,0,0,0,0,2,0,0,1,0,0,0,0,0,0,0,0,0.0,0.0,2.0,2.0,35.6,0.4,0.5,0.0,0.0,1.0,2.0,34.5,0.0,0.5294117647058824,0.0,0.0,1.0,2.0,33.7,0.0,0.1111111111111111,0.0,-9.0,300.0,0.057692307692307696,0.19230769230769232,4,7,2.8,1.0
1277,202110040703,0,0,0,0,0,0,0,4,0,0,0,0,0,0,0,0,0,0,0,1,0,0,0,0,0,0,0,0,0,0,0,0,0,0,0,0,0.0,0.0,3.0,12.0,46.3,5.0,0.25,0.0,0.0,7.0,3.0,35.0,0.1,0.11764705882352941,0.0,0.0,3.0,4.0,34.1,0.4,0.1111111111111111,-4.0,22.0,-200.0,0.08823529411764706,0.20588235294117646,5,9,15.2,7.0
1278,202110040703,1,0,0,9,1,2,1,1,0,0,0,0,0,0,0,6,0,1,1,1,0,0,0,0,0,0,0,3,0,1,0,1,0,0,0,0,0.0,0.0,10.0,4.0,33.5,0.1,0.9411764705882353,0.0,0.0,3.0,4.0,34.5,0.3,0.6666666666666666,0.0,0.0,11.0,8.0,34.4,0.9,0.3888888888888889,2.0,2.0,0.0,0.0547945205479452,0.2054794520547945,4,8,16.1,10.0
1279,202110040703,0,0,0,0,3,4,1,18,0,0,0,0,0,0,0,0,1,1,0,6,0,0,0,0,0,0,0,0,0,0,0,0,0,0,0,0,0.0,0.0,20.0,5.0,34.1,0.6,0.3333333333333333,0.0,0.0,10.0,4.0,34.3,0.4,0.6111111111111112,0.0,0.0,10.0,3.0,34.9,0.3,0.6111111111111112,-1.0,10.0,0.0,0.056338028169014086,0.22535211267605634,6,12,16.1,9.0
1280,202110040703,1,0,0,1,0,0,0,1,0,0,0,0,1,0,0,1,0,0,0,1,0,0,0,0,0,0,0,0,0,0,0,0,0,0,0,0,0.0,0.0,1.0,5.0,42.3,1.5,0.5,0.0,0.0,12.0,6.0,34.7,0.4,0.6470588235294118,0.0,0.0,9.0,11.0,39.0,1.0,0.5384615384615384,3.0,9.0,-200.0,0.03571428571428571,0.07142857142857142,8,16,30.8,12.0
1281,202110040703,0,0,0,0,0,0,0,6,0,0,0,0,0,0,0,0,0,0,0,5,0,0,0,0,0,0,0,0,0,0,0,2,0,0,0,0,0.0,0.0,12.0,10.0,36.1,0.9,0.4444444444444444,0.0,0.0,17.0,5.0,34.6,0.4,0.1111111111111111,0.0,0.0,13.0,15.0,34.8,0.9,0.05555555555555555,2.5,-2.0,0.0,0.0392156862745098,0.3333333333333333,6,11,13.8,5.0
1282,202110040703,1,0,0,1,1,0,1,4,0,0,0,0,1,0,0,1,0,0,1,2,0,0,0,0,0,0,0,0,0,0,0,1,0,0,0,0,0.0,0.0,40.0,3.0,33.6,0.4,0.7222222222222222,0.0,0.0,30.0,4.0,35.4,0.3,0.16666666666666666,0.0,0.0,40.0,5.0,34.2,0.8,1.0,1.0,0.0,0.0,0.10377358490566038,0.2358490566037736,7,14,6.8,2.0
1283,202110040703,2,2,4,23,0,1,1,12,0,0,0,1,1,0,1,8,0,0,1,5,0,0,0,0,0,0,0,2,0,0,0,4,0,0,0,0,0.0,0.0,10.0,16.0,36.2,1.2,0.875,0.0,0.0,6.0,13.0,37.3,1.3,0.7333333333333333,0.0,0.0,10.0,14.0,39.4,1.9,0.3125,-1.0,-12.0,0.0,0.14285714285714285,0.3673469387755102,2,4,10.3,4.0
1284,202110040703,0,0,0,0,1,0,0,6,0,0,0,0,0,0,0,0,1,0,0,4,0,0,0,0,0,0,0,0,0,0,0,2,0,0,0,0,0.0,0.0,7.0,8.0,40.0,1.6,0.4166666666666667,0.0,0.0,6.0,10.0,34.7,0.6,0.8235294117647058,0.0,0.0,1.0,12.0,36.2,1.5,0.4375,2.0,25.0,-200.0,0.11666666666666667,0.23333333333333334,8,18,13.9,6.0
1285,202110040703,0,1,0,8,1,0,1,17,0,0,0,0,0,1,0,6,1,0,0,8,0,0,0,0,0,1,0,4,1,0,0,3,0,0,0,0,0.0,0.0,10.0,10.0,42.6,4.0,0.8,0.0,0.0,13.0,11.0,35.0,0.7,0.6470588235294118,0.0,0.0,6.0,5.0,34.9,0.3,0.16666666666666666,-2.5,12.0,-200.0,0.0,0.25,8,17,38.1,13.0
1286,202110040703,0,0,0,0,0,0,0,0,0,0,0,0,0,0,0,0,0,0,0,0,0,0,0,0,0,0,0,0,0,0,0,0,0,0,0,0,0.0,0.0,6.0,4.0,41.4,0.6,0.5,0.0,0.0,8.0,12.0,35.9,0.9,0.058823529411764705,0.0,0.0,4.0,3.0,35.6,0.2,0.05555555555555555,-0.5,9.0,-200.0,0.0,0.09090909090909091,3,6,15.7,8.0
1287,202110040703,0,0,0,5,0,0,2,12,0,0,0,0,0,0,0,4,0,0,1,10,0,0,0,0,0,0,0,1,0,0,1,6,0,0,0,0,0.0,0.0,9.0,9.0,45.4,3.5,0.2,0.0,0.0,3.0,13.0,35.8,1.1,0.29411764705882354,0.0,0.0,1.0,3.0,34.8,0.0,0.2222222222222222,-3.0,1.0,-670.0,0.06060606060606061,0.23232323232323232,2,3,10.1,3.0
1288,202110040703,0,0,0,0,0,0,0,0,0,0,0,0,0,0,0,0,0,0,0,0,0,0,0,0,0,0,0,0,0,0,0,0,0,0,0,0,0.0,0.0,5.0,6.0,39.8,0.7,0.08333333333333333,0.0,0.0,14.0,14.0,36.1,1.5,0.35294117647058826,0.0,0.0,2.0,7.0,34.7,0.4,0.5555555555555556,0.5,10.0,-200.0,0.12962962962962962,0.2037037037037037,3,5,52.4,14.0
1289,202110040703,1,1,1,8,0,0,0,0,0,0,0,0,1,1,1,3,0,0,0,0,0,0,0,0,0,0,1,2,0,0,0,0,0,0,0,0,0.0,0.0,7.0,8.0,46.8,6.1,0.125,0.0,0.0,16.0,15.0,36.5,1.7,0.11764705882352941,0.0,0.0,8.0,13.0,44.0,4.6,0.06666666666666667,2.5,23.0,-200.0,0.05555555555555555,0.2111111111111111,5,10,120.7,16.0
1290,202110040703,1,0,3,34,1,0,0,0,0,0,0,0,1,0,3,25,1,0,0,0,0,0,0,0,0,0,0,6,0,0,0,0,0,0,0,0,0.0,0.0,50.0,3.0,40.3,1.5,0.4166666666666667,0.0,0.0,170.0,16.0,35.2,1.8,0.9411764705882353,,,,,,,,13.0,19.0,-100.0,0.0,0.07317073170731707,1,1,142.6,17.0
1291,202110040703,1,0,3,34,0,0,1,2,0,0,0,0,1,0,3,25,0,0,1,2,0,0,0,0,0,0,0,6,0,0,0,2,0,0,0,0,0.0,0.0,3.0,5.0,37.6,1.6,0.3333333333333333,0.0,0.0,11.0,17.0,37.6,2.8,0.11764705882352941,0.0,0.0,8.0,2.0,34.8,0.0,0.05555555555555555,-1.5,-11.0,380.0,0.0,0.1111111111111111,7,13,17.5,11.0
1292,202110040703,0,0,0,0,1,0,0,5,0,0,0,0,0,0,0,0,1,0,0,4,0,0,0,0,0,0,0,0,1,0,0,1,0,0,0,0,0.0,0.0,70.0,10.0,41.1,1.8,0.1,0.0,0.0,,,,,,0.0,0.0,90.0,13.0,37.7,1.8,0.35714285714285715,3.0,9.0,-200.0,,,7,15,,
1293,202110040705,0,0,0,1,0,0,0,0,0,0,0,0,0,0,0,1,0,0,0,0,0,0,0,0,0,0,0,0,0,0,0,0,0,0,0,0,0.0,0.0,2.0,10.0,35.1,0.3,0.2222222222222222,0.0,0.0,3.0,1.0,35.4,0.0,0.3333333333333333,0.0,0.0,2.0,5.0,34.3,0.5,0.17647058823529413,-2.5,8.0,0.0,0.05555555555555555,0.2222222222222222,7,10,6.8,3.0
1294,202110040705,2,0,1,5,0,0,2,16,0,0,0,0,2,0,1,4,0,0,1,10,0,0,0,0,0,0,0,0,0,0,0,0,0,0,0,0,0.0,0.0,4.0,10.0,39.9,1.4,0.08333333333333333,0.0,0.0,13.0,14.0,39.2,2.4,0.3125,0.0,0.0,5.0,9.0,37.9,1.9,0.2857142857142857,-0.5,42.0,200.0,0.0,0.2,8,12,44.5,8.0
1295,202110040705,0,0,0,0,0,0,2,16,0,0,0,0,0,0,0,0,0,0,1,10,0,0,0,0,0,0,0,0,0,0,0,0,0,0,0,0,,,,,,,,,,,,,,,,,,,,,,,,,0.07142857142857142,0.17857142857142858,7,11,47.7,10.0
1296,202110040705,0,0,0,0,2,0,1,24,0,0,0,0,0,0,0,0,1,0,0,18,0,0,0,0,0,0,0,0,0,0,0,1,0,0,0,0,0.0,0.0,5.0,4.0,35.2,0.7,0.23076923076923078,,,,,,,,,,,,,,,,,0.0,0.054945054945054944,0.2087912087912088,2,2,14.8,5.0
1297,202110040705,0,0,0,0,1,1,2,17,0,0,0,0,0,0,0,0,1,1,1,6,0,0,0,0,0,0,0,0,1,0,0,0,0,0,0,0,0.0,0.0,2.0,2.0,38.4,0.2,0.7272727272727273,0.0,0.0,15.0,15.0,38.9,2.4,0.4,0.0,0.0,16.0,14.0,35.4,1.8,0.9375,6.0,28.0,-300.0,0.11570247933884298,0.23140495867768596,8,13,11.5,4.0
1298,202110040705,1,2,4,16,0,1,0,0,0,0,0,0,0,0,4,12,0,1,0,0,0,0,0,0,0,0,1,0,0,0,0,0,0,0,0,0,0.0,0.0,3.0,2.0,13.3,0.9,0.18181818181818182,0.0,0.0,5.0,6.0,13.1,0.9,0.6428571428571429,0.0,0.0,2.0,3.0,13.5,1.6,0.2,0.5,-6.0,-1690.0,0.12280701754385964,0.2719298245614035,4,4,29.3,6.0
1299,202110040705,0,0,0,6,0,0,0,0,0,0,0,0,0,0,0,2,0,0,0,0,0,0,0,0,0,0,0,1,0,0,0,0,0,0,0,0,0.0,0.0,12.0,13.0,44.2,5.0,0.14285714285714285,0.0,0.0,15.0,16.0,37.2,1.9,0.5555555555555556,0.0,0.0,8.0,9.0,38.7,2.4,0.6153846153846154,-2.0,4.0,-600.0,0.0,0.11538461538461539,5,6,92.5,12.0
1300,202110040705,0,0,0,0,0,0,0,0,0,0,0,0,0,0,0,0,0,0,0,0,0,0,0,0,0,0,0,0,0,0,0,0,0,0,0,0,0.0,0.0,15.0,16.0,35.9,2.6,1.0,0.0,0.0,14.0,15.0,37.0,3.0,1.0,0.0,0.0,9.0,11.0,13.8,8.5,0.5833333333333334,-2.5,2.0,-200.0,0.23076923076923078,0.4358974358974359,5,7,4.5,2.0
1301,202110040705,2,3,0,5,1,0,0,8,0,0,0,0,1,1,0,1,0,0,0,6,0,0,0,0,0,0,0,0,0,0,0,0,0,0,0,0,0.0,0.0,80.0,5.0,40.1,0.8,0.25,0.0,0.0,70.0,13.0,37.9,1.3,0.6875,0.0,0.0,70.0,5.0,36.4,0.4,0.7272727272727273,0.0,13.0,-500.0,0.05714285714285714,0.2,1,1,46.2,9.0
1302,202110040705,0,0,0,0,0,1,0,11,0,0,0,0,0,0,0,0,0,1,0,7,0,0,0,0,0,0,0,0,0,0,0,0,0,0,0,0,0.0,0.0,3.0,4.0,37.4,1.3,0.4166666666666667,0.0,0.0,14.0,7.0,35.1,1.2,0.6666666666666666,0.0,0.0,18.0,17.0,39.6,4.0,0.05555555555555555,6.5,-1.0,300.0,0.12727272727272726,0.2,4,5,126.3,13.0
1303,202110040705,0,0,0,0,0,0,1,4,0,0,0,0,0,0,0,0,0,0,1,4,0,0,0,0,0,0,0,0,0,0,1,0,0,0,0,0,0.0,0.0,,,,,,0.0,0.0,130.0,10.0,37.8,1.4,0.625,0.0,0.0,110.0,15.0,42.5,5.0,0.7333333333333333,5.0,,-100.0,0.06,0.23,3,3,54.1,11.0
1304,202110040705,0,0,0,1,0,0,0,0,0,0,0,0,0,0,0,0,0,0,0,0,0,0,0,0,0,0,0,0,0,0,0,0,0,0,0,0,0.0,0.0,8.0,10.0,35.4,0.8,0.125,0.0,0.0,8.0,14.0,37.6,0.9,0.1111111111111111,0.0,0.0,4.0,8.0,36.7,0.7,0.125,-1.0,-6.0,0.0,0.1414141414141414,0.36363636363636365,6,9,1.9,1.0
1305,202110040705,0,0,0,6,4,1,2,8,0,0,0,0,0,0,0,6,1,0,0,4,0,0,0,0,0,0,0,0,0,0,0,0,0,0,0,0,0.0,0.0,4.0,8.0,39.8,1.5,0.3333333333333333,0.0,0.0,11.0,11.0,39.5,2.6,0.5625,0.0,0.0,14.0,10.0,37.7,2.7,0.6875,1.0,10.0,-200.0,0.038461538461538464,0.3269230769230769,6,8,43.8,7.0
1306,202110040707,2,0,1,5,0,0,0,13,0,0,0,0,2,0,1,4,0,0,0,7,0,0,0,0,0,0,1,1,0,0,0,2,0,0,0,0,0.0,0.0,80.0,,,,0.1875,0.0,0.0,140.0,9.0,34.2,0.6,0.625,0.0,0.0,110.0,10.0,34.3,1.0,0.8181818181818182,1.0,2.0,0.0,0.13541666666666666,0.3645833333333333,8,14,9.0,4.0
1307,202110040707,1,1,0,6,0,1,1,9,0,0,0,1,1,1,0,4,0,0,1,2,0,0,0,0,0,1,0,2,0,0,0,1,0,0,0,0,0.0,0.0,80.0,8.0,34.7,1.3,0.375,0.0,0.0,,,,,,0.0,0.0,90.0,7.0,34.8,0.7,0.5882352941176471,-1.0,0.0,-400.0,0.05825242718446602,0.18446601941747573,7,12,3.9,1.0
1308,202110040707,0,0,0,0,1,3,3,19,0,0,0,0,0,0,0,0,0,1,0,4,0,0,0,0,0,0,0,0,0,1,0,3,0,0,0,0,0.0,0.0,10.0,11.0,34.8,1.5,0.9090909090909091,0.0,0.0,15.0,15.0,34.5,0.9,0.4444444444444444,0.0,0.0,8.0,1.0,34.8,0.0,0.25,-5.0,-4.0,0.0,0.02,0.14,3,4,40.6,11.0
1309,202110040707,0,0,0,3,2,1,1,12,0,0,0,0,0,0,0,0,1,0,0,3,0,0,0,0,0,0,0,0,0,0,0,0,0,0,0,0,0.0,0.0,140.0,15.0,37.5,3.8,0.9333333333333333,0.0,0.0,110.0,12.0,35.3,1.1,0.5625,0.0,0.0,120.0,6.0,35.1,0.2,0.9444444444444444,-4.5,-6.0,0.0,0.0,0.3333333333333333,5,8,4.4,2.0
1310,202110040707,1,2,1,13,0,0,1,0,0,0,0,0,0,1,1,5,0,0,1,0,0,0,0,0,0,1,0,2,0,0,0,0,0,0,0,0,0.0,0.0,6.0,8.0,44.0,5.7,0.5,0.0,0.0,12.0,10.0,34.8,1.1,0.6666666666666666,0.0,0.0,12.0,10.0,36.2,0.8,0.6923076923076923,1.0,-22.0,-300.0,0.0,0.12,6,11,131.3,15.0
1311,202110040707,2,2,0,17,0,0,1,4,0,0,0,0,0,0,0,8,0,0,1,4,0,0,0,0,0,0,0,4,0,0,0,2,0,0,0,0,0.0,0.0,11.0,4.0,34.5,0.3,0.8333333333333334,0.0,0.0,11.0,5.0,34.9,0.5,0.9375,0.0,0.0,6.0,6.0,34.3,0.5,0.8,1.0,2.0,-200.0,0.04081632653061224,0.32653061224489793,4,7,11.7,6.0
1312,202110040707,5,2,1,29,1,3,1,27,0,0,0,3,4,2,0,23,0,0,0,11,0,0,0,3,1,0,0,7,0,0,0,3,0,0,0,1,0.0,0.0,10.0,10.0,37.4,1.1,0.3076923076923077,0.0,0.0,11.0,11.0,36.4,1.7,0.35714285714285715,0.0,0.0,11.0,5.0,37.9,1.9,0.125,-2.5,2.0,0.0,0.0,0.10526315789473684,2,3,4.6,3.0
1313,202110040707,1,2,2,15,0,2,0,12,0,0,0,0,0,1,0,5,0,2,0,7,0,0,0,0,0,0,0,3,0,1,0,2,0,0,0,0,0.0,0.0,100.0,8.0,40.4,1.6,0.75,0.0,0.0,130.0,13.0,38.2,1.1,0.4375,0.0,0.0,100.0,6.0,38.1,0.9,0.75,-1.0,4.0,-200.0,0.07692307692307693,0.19230769230769232,4,6,70.1,14.0
1314,202110040707,1,2,2,15,0,0,2,12,0,0,0,1,0,1,0,5,0,0,0,6,0,0,0,0,0,0,0,3,0,0,0,1,0,0,0,0,0.0,0.0,14.0,12.0,37.0,0.8,0.625,0.0,0.0,16.0,10.0,37.1,1.2,0.875,0.0,0.0,13.0,15.0,40.0,2.0,0.26666666666666666,1.5,12.0,50.0,0.0425531914893617,0.1276595744680851,1,1,53.1,12.0
1315,202110040707,1,1,0,10,2,0,0,6,0,0,0,0,0,1,0,7,2,0,0,4,0,0,0,0,0,0,0,4,0,0,0,2,0,0,0,0,0.0,0.0,15.0,14.0,37.1,1.3,0.4375,0.0,0.0,5.0,6.0,34.4,0.6,0.5,0.0,0.0,11.0,13.0,34.7,0.8,0.7058823529411765,-0.5,10.0,0.0,0.2,0.2,5,9,11.0,5.0
1316,202110040707,0,0,2,9,3,2,3,22,0,0,1,1,0,0,1,5,0,0,2,10,0,0,1,1,0,0,1,2,0,0,2,2,0,0,1,1,0.0,0.0,6.0,5.0,40.0,1.8,0.9,0.0,0.0,12.0,14.0,35.1,1.3,0.7333333333333333,0.0,0.0,15.0,15.0,33.6,1.2,0.8823529411764706,5.0,23.0,-300.0,0.06521739130434782,0.15217391304347827,7,13,35.8,10.0
1317,202110040707,0,1,1,12,1,3,3,19,0,0,0,0,0,0,0,5,0,1,0,4,0,0,0,0,0,0,0,2,0,1,0,3,0,0,0,0,0.0,0.0,4.0,3.0,34.1,0.3,0.16666666666666666,0.0,0.0,12.0,2.0,33.7,0.1,0.6666666666666666,0.0,0.0,11.0,9.0,35.0,0.5,0.625,3.0,0.0,0.0,0.09615384615384616,0.23076923076923078,8,15,15.6,8.0
1318,202110040707,3,1,2,15,0,1,1,9,0,1,0,3,0,0,0,3,0,0,1,2,0,0,0,0,0,0,0,1,0,0,0,1,0,0,0,0,0.0,0.0,11.0,8.0,35.2,1.1,0.8235294117647058,0.0,0.0,13.0,8.0,37.0,1.1,0.8666666666666667,0.0,0.0,12.0,15.0,34.4,0.8,0.7777777777777778,3.5,-4.0,0.0,0.05555555555555555,0.20833333333333334,3,5,15.4,7.0
1319,202110040707,4,2,1,34,2,1,1,12,0,0,0,1,3,0,0,7,1,0,0,3,0,0,0,0,1,0,0,4,0,0,0,0,0,0,0,0,0.0,0.0,11.0,8.0,39.6,2.1,0.9166666666666666,0.0,0.0,9.0,14.0,36.4,1.5,0.13333333333333333,0.0,0.0,14.0,6.0,35.3,0.4,0.1111111111111111,-1.0,25.0,-300.0,0.11711711711711711,0.2702702702702703,6,10,32.2,9.0
1320,202110040707,0,0,0,1,0,0,0,5,0,0,0,0,0,0,0,0,0,0,0,2,0,0,0,0,0,0,0,0,0,0,0,1,0,0,0,0,0.0,0.0,10.0,14.0,40.2,3.9,0.6666666666666666,0.0,0.0,13.0,15.0,35.7,1.7,0.6,0.0,0.0,15.0,16.0,38.5,2.7,0.6875,1.0,-6.0,-200.0,0.0784313725490196,0.13725490196078433,2,2,66.9,13.0
1321,202110040709,1,2,2,8,0,0,1,4,0,0,1,3,1,1,0,6,0,0,0,2,0,0,0,2,0,0,0,0,0,0,0,0,0,0,0,0,0.0,0.0,30.0,4.0,34.9,0.5,0.15384615384615385,0.0,0.0,20.0,6.0,35.4,0.2,0.058823529411764705,0.0,0.0,30.0,2.0,34.1,0.2,0.18181818181818182,-1.0,-2.0,0.0,0.05154639175257732,0.21649484536082475,6,11,5.5,3.0
1322,202110040709,5,2,1,29,0,1,1,9,0,0,0,0,4,2,0,23,0,0,1,2,0,0,0,0,1,1,0,4,0,0,0,0,0,0,0,0,0.0,0.0,2.0,17.0,35.3,1.3,0.05555555555555555,0.0,0.0,2.0,6.0,34.1,0.2,0.09090909090909091,0.0,0.0,2.0,1.0,34.5,0.0,0.05555555555555555,-8.0,-2.0,0.0,0.058823529411764705,0.17647058823529413,2,4,3.7,1.0
1323,202110040709,0,1,1,3,0,0,2,16,0,0,0,1,0,0,0,1,0,0,1,10,0,0,0,1,0,0,0,0,0,0,0,1,0,0,0,0,0.0,0.0,3.0,7.0,35.7,2.0,0.5,0.0,0.0,5.0,4.0,33.8,0.6,1.0,0.0,0.0,6.0,7.0,34.1,0.4,0.5833333333333334,0.0,4.0,0.0,0.0,0.0,5,10,32.0,9.0
1324,202110040709,1,2,4,16,0,0,0,2,0,0,0,0,0,0,4,12,0,0,0,2,0,0,0,0,0,0,0,2,0,0,0,0,0,0,0,0,0.0,0.0,150.0,15.0,38.2,2.3,0.6875,0.0,0.0,120.0,13.0,34.5,1.0,0.7222222222222222,0.0,0.0,70.0,7.0,34.2,0.6,0.25,-4.0,18.0,0.0,0.1368421052631579,0.3684210526315789,8,18,12.0,7.0
1325,202110040709,0,0,0,2,1,2,0,15,0,0,0,1,0,0,0,2,0,1,0,7,0,0,0,1,0,0,0,1,0,0,0,2,0,0,0,1,0.0,0.0,7.0,10.0,35.2,0.9,0.8333333333333334,0.0,0.0,9.0,10.0,35.5,1.0,1.0,0.0,0.0,10.0,8.0,33.5,0.7,0.9166666666666666,-1.0,-2.0,-200.0,0.07228915662650602,0.30120481927710846,4,7,11.3,6.0
1326,202110040709,2,3,0,5,0,0,1,2,0,0,0,1,1,1,0,1,0,0,0,1,0,0,0,0,0,0,0,0,0,0,0,0,0,0,0,0,0.0,0.0,4.0,8.0,35.5,0.5,0.3333333333333333,0.0,0.0,4.0,6.0,35.8,0.1,0.375,0.0,0.0,1.0,7.0,34.9,0.2,0.25,-0.5,-2.0,0.0,0.1320754716981132,0.20754716981132076,4,8,3.9,2.0
1327,202110040709,0,0,1,3,0,1,0,5,0,0,0,1,0,0,0,1,0,1,0,3,0,0,0,1,0,0,0,1,0,0,0,1,0,0,0,1,0.0,0.0,6.0,7.0,39.7,3.0,0.8,0.0,0.0,10.0,9.0,35.5,0.8,0.6666666666666666,0.0,0.0,12.0,15.0,35.8,2.1,0.3333333333333333,4.0,-4.0,-500.0,0.0970873786407767,0.23300970873786409,8,16,25.4,8.0
1328,202110040709,0,1,0,15,0,0,0,3,0,0,0,0,0,0,0,6,0,0,0,1,0,0,0,0,0,0,0,0,0,0,0,0,0,0,0,0,0.0,0.0,20.0,1.0,33.8,0.0,0.36363636363636365,0.0,0.0,30.0,9.0,34.8,0.6,0.23076923076923078,0.0,0.0,40.0,4.0,35.7,0.8,1.0,1.5,-2.0,0.0,0.11864406779661017,0.23728813559322035,5,9,9.6,4.0
1329,202110040709,0,0,0,6,1,1,2,17,0,0,0,0,0,0,0,6,1,1,1,6,0,0,0,0,0,0,0,1,0,0,0,2,0,0,0,0,0.0,0.0,7.0,10.0,37.5,1.3,0.5384615384615384,0.0,0.0,11.0,1.0,36.3,0.0,0.4,0.0,0.0,8.0,10.0,34.8,1.1,0.5,0.0,-4.0,50.0,0.057971014492753624,0.2318840579710145,3,6,47.2,11.0
1330,202110040709,1,2,1,13,0,0,0,0,0,0,0,0,0,1,1,5,0,0,0,0,0,0,0,0,0,0,0,1,0,0,0,0,0,0,0,0,0.0,0.0,9.0,8.0,38.6,2.0,0.8,0.0,0.0,16.0,14.0,38.3,1.4,0.4375,0.0,0.0,10.0,11.0,37.8,2.4,0.18181818181818182,1.5,-4.0,0.0,0.056179775280898875,0.21348314606741572,2,3,48.7,12.0
1331,202110040709,0,1,1,4,0,0,0,0,0,0,0,0,0,1,1,4,0,0,0,0,0,0,0,0,0,0,0,0,0,0,0,0,0,0,0,0,0.0,0.0,13.0,11.0,35.6,0.9,0.05555555555555555,0.0,0.0,11.0,8.0,34.2,0.7,0.9230769230769231,0.0,0.0,17.0,10.0,35.3,0.5,0.29411764705882354,-0.5,2.0,0.0,0.037037037037037035,0.07407407407407407,3,5,55.9,13.0
1332,202110040709,0,0,0,6,1,3,1,27,0,0,0,1,0,0,0,6,0,0,0,11,0,0,0,1,0,0,0,1,0,0,0,2,0,0,0,1,0.0,0.0,90.0,10.0,41.4,3.6,0.6363636363636364,0.0,0.0,150.0,12.0,34.7,1.0,0.8888888888888888,0.0,0.0,120.0,13.0,35.3,1.2,0.38461538461538464,1.5,6.0,-200.0,0.07272727272727272,0.18181818181818182,7,14,136.6,15.0
1333,202110040709,0,0,0,18,0,0,2,6,0,0,0,0,0,0,0,17,0,0,2,5,0,0,0,0,0,0,0,1,0,0,1,1,0,0,0,0,0.0,0.0,90.0,14.0,38.3,1.7,0.5,0.0,0.0,80.0,9.0,37.8,1.4,0.25,0.0,0.0,50.0,5.0,37.7,0.5,0.5,-4.5,2.0,-200.0,0.0,0.075,7,15,111.7,14.0
1334,202110040709,0,0,0,0,0,0,2,6,0,0,0,0,0,0,0,0,0,0,2,2,0,0,0,0,0,0,0,0,0,0,0,0,0,0,0,0,0.0,0.0,5.0,7.0,14.1,5.9,0.625,0.0,0.0,16.0,15.0,38.1,1.9,0.8125,0.0,0.0,8.0,7.0,13.7,2.5,0.5,0.0,16.0,-1770.0,0.029411764705882353,0.11764705882352941,8,17,261.1,18.0
1335,202110040709,0,0,0,0,4,1,2,8,0,0,0,0,0,0,0,0,1,0,0,4,0,0,0,0,0,0,0,0,0,0,0,1,0,0,0,0,0.0,0.0,20.0,9.0,42.1,4.0,0.1111111111111111,0.0,0.0,130.0,16.0,38.2,1.8,0.6875,0.0,0.0,120.0,13.0,37.0,1.6,0.5,2.0,9.0,-300.0,0.043478260869565216,0.13043478260869565,1,1,141.2,16.0
1336,202110040709,0,1,0,3,1,0,0,0,0,0,0,0,0,1,0,3,0,0,0,0,0,0,0,0,0,0,0,3,0,0,0,0,0,0,0,0,0.0,0.0,10.0,16.0,35.7,1.6,0.5,0.0,0.0,5.0,6.0,34.9,0.7,0.2222222222222222,0.0,0.0,6.0,7.0,37.6,0.6,0.3333333333333333,-4.5,16.0,0.0,0.056338028169014086,0.2112676056338028,6,12,41.9,10.0
1337,202110040709,0,0,0,5,0,0,0,0,0,0,0,0,0,0,0,2,0,0,0,0,0,0,0,0,0,0,0,1,0,0,0,0,0,0,0,0,0.0,0.0,1.0,,,,,0.0,0.0,1.0,5.0,13.8,0.5,0.08333333333333333,0.0,0.0,5.0,2.0,13.4,0.2,0.25,-3.0,-16.0,-1660.0,0.11818181818181818,0.2727272727272727,7,13,11.0,5.0
1338,202110040709,0,0,0,3,2,1,3,7,0,0,0,0,0,0,0,2,2,1,1,5,0,0,0,0,0,0,0,1,1,0,0,0,0,0,0,0,0.0,0.0,1.0,1.0,40.5,0.0,0.3,0.0,0.0,10.0,11.0,39.3,3.5,0.9090909090909091,0.0,0.0,16.0,7.0,35.8,0.8,0.75,3.0,5.0,-400.0,0.0,0.1,1,2,161.5,17.0
1339,202110040711,1,2,4,16,0,0,0,1,0,0,0,0,0,0,4,12,0,0,0,0,0,0,0,0,0,0,0,0,0,0,0,0,0,0,0,0,0.0,0.0,100.0,13.0,36.0,1.9,0.4375,0.0,0.0,,,,,,0.0,0.0,100.0,3.0,35.4,0.2,0.125,-10.0,,0.0,0.09523809523809523,0.22857142857142856,4,4,35.0,10.0
1340,202110040711,0,0,0,3,0,0,2,16,0,0,0,0,0,0,0,2,0,0,1,10,0,0,0,0,0,0,0,0,0,0,0,0,0,0,0,0,0.0,0.0,20.0,1.0,34.1,0.0,0.5833333333333334,0.0,0.0,10.0,1.0,34.5,0.0,0.6111111111111112,0.0,0.0,20.0,4.0,34.9,0.4,0.1111111111111111,1.5,6.0,0.0,0.061224489795918366,0.22448979591836735,8,11,9.5,6.0
1341,202110040711,0,0,0,1,0,1,0,0,0,0,0,0,0,0,0,1,0,1,0,0,0,0,0,0,0,0,0,0,0,0,0,0,0,0,0,0,0.0,0.0,5.0,7.0,39.5,1.5,0.9,0.0,0.0,8.0,14.0,34.5,0.8,0.8823529411764706,0.0,0.0,16.0,5.0,34.6,0.3,0.7222222222222222,-1.0,-7.0,-100.0,0.04,0.32,7,10,5.3,2.0
1342,202110040711,0,0,0,6,0,0,0,1,0,0,0,0,0,0,0,6,0,0,0,1,0,0,0,0,0,0,0,0,0,0,0,0,0,0,0,0,0.0,0.0,15.0,15.0,38.5,2.3,0.4666666666666667,0.0,0.0,14.0,14.0,36.1,1.7,0.14285714285714285,0.0,0.0,12.0,14.0,36.5,0.9,0.1111111111111111,-0.5,-8.0,-200.0,0.11764705882352941,0.23529411764705882,6,8,7.4,4.0
1343,202110040711,1,0,0,4,2,0,1,24,0,0,0,1,1,0,0,3,1,0,0,18,0,0,0,1,0,0,0,0,0,0,0,0,0,0,0,0,0.0,0.0,110.0,7.0,34.7,1.0,0.875,0.0,0.0,110.0,5.0,33.9,0.3,0.42857142857142855,0.0,0.0,80.0,10.0,34.1,0.8,0.9090909090909091,1.5,-12.0,0.0,0.058823529411764705,0.1568627450980392,5,6,31.1,9.0
1344,202110040711,0,0,0,1,0,0,0,2,0,0,0,0,0,0,0,0,0,0,0,2,0,0,0,0,0,0,0,0,0,0,0,0,0,0,0,0,0.0,0.0,18.0,18.0,35.2,2.0,0.5,0.0,0.0,6.0,16.0,33.5,2.2,1.0,0.0,0.0,9.0,10.0,34.2,1.0,0.07692307692307693,-4.0,-10.0,0.0,0.23684210526315788,0.4473684210526316,1,1,3.0,1.0
1345,202110040711,2,3,3,14,0,0,2,12,0,0,1,1,2,1,0,7,0,0,0,6,0,0,0,1,0,0,0,0,0,0,0,0,0,0,0,0,0.0,0.0,6.0,5.0,38.6,0.5,0.9166666666666666,0.0,0.0,16.0,15.0,34.0,1.0,1.0,0.0,0.0,10.0,9.0,34.1,0.7,0.5,2.0,9.0,-500.0,0.05714285714285714,0.22857142857142856,3,3,13.7,7.0
1346,202110040711,0,0,0,18,0,1,0,8,0,0,0,0,0,0,0,17,0,0,0,5,0,0,0,0,0,0,0,0,0,0,0,0,0,0,0,0,0.0,0.0,4.0,4.0,39.8,1.4,0.25,0.0,0.0,12.0,10.0,34.0,1.2,0.6666666666666666,0.0,0.0,12.0,8.0,34.5,0.5,0.5833333333333334,2.0,18.0,-500.0,0.0,0.09523809523809523,5,5,126.7,12.0
1347,202110040711,1,0,1,6,1,0,1,3,0,0,0,1,1,0,0,4,1,0,1,3,0,0,0,1,0,0,0,0,0,0,0,0,0,0,0,0,0.0,0.0,17.0,15.0,33.4,0.8,0.6111111111111112,0.0,0.0,16.0,13.0,34.9,0.8,0.9444444444444444,0.0,0.0,17.0,9.0,33.5,0.7,0.7222222222222222,-3.0,-12.0,0.0,0.14432989690721648,0.3711340206185567,7,9,5.7,3.0
1348,202110040711,1,2,4,16,0,0,0,1,0,0,0,0,0,0,4,12,0,0,0,0,0,0,0,0,0,0,0,0,0,0,0,0,0,0,0,0,0.0,0.0,5.0,12.0,43.0,7.0,0.08333333333333333,0.0,0.0,12.0,11.0,37.3,1.4,0.8461538461538461,0.0,0.0,16.0,12.0,34.6,0.7,0.7058823529411765,0.0,20.0,-400.0,0.07142857142857142,0.2976190476190476,6,7,29.5,8.0
1349,202110040711,2,3,0,5,2,0,0,1,1,0,0,0,1,1,0,1,1,0,0,1,1,0,0,0,0,0,0,0,0,0,0,0,0,0,0,0,0.0,0.0,11.0,10.0,34.4,0.7,0.5555555555555556,0.0,0.0,8.0,4.0,34.0,0.5,0.5454545454545454,0.0,0.0,15.0,14.0,34.8,0.6,0.375,2.0,2.0,0.0,0.11607142857142858,0.26785714285714285,2,2,7.6,5.0
1350,202110040711,0,0,0,1,2,0,1,24,0,0,0,0,0,0,0,0,1,0,0,18,0,0,0,0,0,0,0,0,0,0,0,0,0,0,0,0,0.0,0.0,14.0,14.0,37.5,1.7,0.875,0.0,0.0,14.0,10.0,36.1,0.7,0.875,0.0,0.0,16.0,10.0,37.4,1.6,0.6875,-2.0,2.0,0.0,0.02857142857142857,0.11428571428571428,8,12,59.7,11.0
1351,202110040802,0,0,0,0,0,0,0,0,0,0,0,0,0,0,0,0,0,0,0,0,0,0,0,0,0,0,0,0,0,0,0,0,0,0,0,0,0.0,0.0,8.0,6.0,33.7,0.5,1.0,0.0,0.0,13.0,10.0,34.1,0.9,0.375,0.0,0.0,12.0,9.0,34.1,0.5,0.9375,1.5,10.0,0.0,0.05825242718446602,0.24271844660194175,6,9,67.6,12.0
1352,202110040802,0,0,0,0,2,6,2,52,0,0,0,0,0,0,0,0,1,4,2,42,0,0,0,0,0,0,0,0,1,2,1,19,0,0,0,0,0.0,0.0,4.0,8.0,42.2,2.7,0.2727272727272727,0.0,0.0,7.0,6.0,35.0,0.8,0.3333333333333333,0.0,0.0,8.0,3.0,35.1,0.6,0.3888888888888889,-2.5,36.0,-300.0,0.05333333333333334,0.2,5,7,21.2,7.0
1353,202110040802,1,3,1,5,0,2,1,10,0,0,0,0,0,3,0,4,0,1,0,4,0,0,0,0,0,0,0,3,0,0,0,3,0,0,0,0,0.0,0.0,70.0,2.0,35.1,0.2,0.17647058823529413,,,,,,,,,,,,,,,,,0.0,0.2909090909090909,0.6181818181818182,5,6,5.5,3.0
1354,202110040802,0,0,0,0,0,0,0,0,0,0,0,0,0,0,0,0,0,0,0,0,0,0,0,0,0,0,0,0,0,0,0,0,0,0,0,0,0.0,0.0,40.0,,,,0.09090909090909091,0.0,0.0,120.0,7.0,34.8,0.8,0.4117647058823529,0.0,0.0,90.0,9.0,35.8,1.0,0.2777777777777778,2.0,41.0,0.0,0.0,0.08333333333333333,4,5,33.3,10.0
1355,202110040802,1,1,0,3,0,0,0,0,0,0,0,0,1,1,0,2,0,0,0,0,0,0,0,0,1,1,0,0,0,0,0,0,0,0,0,0,0.0,0.0,70.0,2.0,35.6,0.1,0.125,,,,,,,,,,,,,,,,,0.0,0.06976744186046512,0.29069767441860467,3,3,4.9,2.0
1356,202110040802,7,4,6,52,10,5,7,57,0,0,0,3,6,3,5,37,5,2,3,30,0,0,0,3,1,2,3,10,3,1,2,10,0,0,0,1,0.0,0.0,70.0,70.0,43.4,2.3,0.09090909090909091,0.0,0.0,170.0,160.0,36.5,2.3,0.6666666666666666,0.0,0.0,130.0,130.0,35.5,1.4,0.38461538461538464,30.0,-5.0,-1000.0,0.21951219512195122,0.4634146341463415,6,8,21.7,8.0
1357,202110040802,15,7,8,83,4,8,8,33,0,2,2,4,10,4,5,49,0,4,5,21,0,1,1,3,6,2,1,20,0,1,3,12,0,0,1,2,0.0,0.0,30.0,40.0,37.7,0.5,1.0,0.0,0.0,120.0,120.0,35.4,1.2,0.4,0.0,0.0,90.0,100.0,36.2,1.8,0.2,30.0,8.0,0.0,0.0,0.2857142857142857,1,1,12.8,5.0
1358,202110040802,0,0,0,0,2,6,2,52,0,0,0,0,0,0,0,0,1,4,2,42,0,0,0,0,0,0,0,0,1,2,1,19,0,0,0,0,0.0,0.0,5.0,11.0,46.9,10.5,0.36363636363636365,0.0,0.0,7.0,13.0,40.8,2.4,0.21428571428571427,0.0,0.0,7.0,8.0,38.5,1.0,0.38461538461538464,-1.5,29.0,-550.0,0.08,0.24,2,2,25.9,9.0
1359,202110040802,0,3,0,10,1,0,0,3,0,0,0,0,0,2,0,6,1,0,0,3,0,0,0,0,0,0,0,4,0,0,0,0,0,0,0,0,0.0,0.0,30.0,60.0,35.9,0.5,1.0,0.0,0.0,120.0,110.0,36.5,1.7,0.5,0.0,0.0,100.0,90.0,36.7,1.1,0.75,15.0,8.0,-500.0,0.057692307692307696,0.15384615384615385,8,12,5.9,4.0
1360,202110040802,1,3,1,5,0,0,0,2,0,0,0,0,0,3,0,4,0,0,0,2,0,0,0,0,0,0,0,3,0,0,0,1,0,0,0,0,0.0,0.0,11.0,11.0,37.7,1.9,1.0,0.0,0.0,15.0,14.0,37.7,1.8,0.4375,0.0,0.0,14.0,14.0,41.2,3.3,0.8571428571428571,1.5,16.0,0.0,0.1206896551724138,0.27586206896551724,7,10,12.9,6.0
1361,202110040802,7,4,6,52,0,0,0,1,0,0,0,0,6,3,5,37,0,0,0,0,0,0,0,0,1,2,3,10,0,0,0,0,0,0,0,0,0.0,0.0,2.0,9.0,41.2,2.3,0.3333333333333333,0.0,0.0,15.0,13.0,40.3,3.6,0.3125,0.0,0.0,9.0,10.0,38.9,1.9,0.5,0.5,5.0,-200.0,0.10091743119266056,0.22935779816513763,4,4,43.9,11.0
1362,202110040802,0,0,0,0,0,0,0,0,0,0,0,0,0,0,0,0,0,0,0,0,0,0,0,0,0,0,0,0,0,0,0,0,0,0,0,0,0.0,0.0,15.0,6.0,35.2,0.7,0.6875,0.0,0.0,13.0,12.0,36.0,1.4,0.8461538461538461,0.0,0.0,4.0,5.0,35.0,0.4,0.375,-0.5,4.0,0.0,0.05434782608695652,0.20652173913043478,7,11,110.2,13.0
1363,202110040802,0,0,0,0,0,0,0,0,0,0,0,0,0,0,0,0,0,0,0,0,0,0,0,0,0,0,0,0,0,0,0,0,0,0,0,0,0.0,0.0,90.0,90.0,39.7,3.0,0.7777777777777778,0.0,0.0,70.0,150.0,40.2,3.2,0.2,0.0,0.0,70.0,110.0,39.4,1.6,0.4666666666666667,10.0,-1.0,0.0,0.13725490196078433,0.35294117647058826,8,13,3.6,1.0
1364,202110040807,0,0,0,0,0,2,4,8,0,0,0,0,0,0,0,0,0,2,2,5,0,0,0,0,0,0,0,0,0,0,0,0,0,0,0,0,0.0,0.0,16.0,14.0,38.6,2.5,0.1875,0.0,0.0,14.0,14.0,39.6,2.5,0.2,0.0,0.0,11.0,11.0,34.8,0.9,0.1111111111111111,-1.5,2.0,-100.0,0.20512820512820512,0.46153846153846156,7,8,17.1,6.0
1365,202110040807,1,1,2,30,0,1,0,17,0,0,0,0,1,0,2,21,0,0,0,7,0,0,0,0,0,0,0,3,0,0,0,1,0,0,0,0,0.0,0.0,40.0,10.0,35.4,0.7,0.3076923076923077,0.0,0.0,20.0,13.0,35.3,1.3,0.42857142857142855,0.0,0.0,30.0,3.0,34.6,0.1,0.15384615384615385,-3.5,6.0,0.0,0.12173913043478261,0.26956521739130435,5,5,18.5,8.0
1366,202110040807,6,4,3,33,4,2,0,8,1,0,0,0,4,1,0,15,1,1,0,4,1,0,0,0,0,0,0,2,0,0,0,1,0,0,0,0,0.0,0.0,13.0,14.0,34.6,1.0,0.9375,0.0,0.0,9.0,9.0,34.8,0.9,0.9090909090909091,0.0,0.0,10.0,13.0,34.6,1.2,0.875,-0.5,0.0,0.0,0.0594059405940594,0.22772277227722773,7,9,18.2,7.0
1367,202110040807,0,0,0,3,0,2,0,9,0,0,0,0,0,0,0,2,0,0,0,3,0,0,0,0,0,0,0,0,0,0,0,1,0,0,0,0,0.0,0.0,40.0,6.0,43.3,1.3,0.09090909090909091,0.0,0.0,160.0,14.0,37.1,1.2,0.4375,0.0,0.0,100.0,11.0,36.9,1.3,0.5,2.5,36.0,-200.0,0.0,0.07142857142857142,4,4,63.6,10.0
1368,202110040807,15,7,8,83,7,4,7,49,1,0,1,5,10,4,5,49,2,0,4,26,1,0,0,4,1,1,2,15,0,0,0,3,0,0,0,2,0.0,0.0,50.0,2.0,33.6,0.1,0.7272727272727273,0.0,0.0,80.0,15.0,36.0,1.2,0.058823529411764705,0.0,0.0,60.0,7.0,34.6,0.7,0.6363636363636364,2.5,-2.0,0.0,0.05405405405405406,0.20270270270270271,6,6,6.2,3.0
1369,202110040807,1,1,1,27,0,2,0,19,0,0,0,3,0,0,1,8,0,0,0,9,0,0,0,0,0,0,0,3,0,0,0,2,0,0,0,0,0.0,0.0,1.0,1.0,39.4,0.0,0.09090909090909091,0.0,0.0,18.0,16.0,35.8,1.2,0.5555555555555556,0.0,0.0,12.0,9.0,35.3,1.0,0.3333333333333333,4.0,9.0,-100.0,0.0684931506849315,0.2328767123287671,8,10,16.0,4.0
1370,202110040807,0,0,0,0,2,3,5,11,0,0,0,0,0,0,0,0,1,1,5,5,0,0,0,0,0,0,0,0,1,1,4,1,0,0,0,0,0.0,0.0,60.0,8.0,40.5,2.3,0.45454545454545453,0.0,0.0,110.0,7.0,34.9,0.9,0.2727272727272727,0.0,0.0,100.0,10.0,35.7,1.0,0.4444444444444444,1.0,27.0,-300.0,0.019801980198019802,0.1485148514851485,8,11,133.7,11.0
1371,202110040807,3,3,3,41,10,5,7,57,0,0,0,1,1,1,1,20,5,2,3,30,0,0,0,0,0,1,0,0,0,0,0,7,0,0,0,0,0.0,0.0,11.0,12.0,35.4,2.2,0.9166666666666666,0.0,0.0,7.0,11.0,36.9,2.4,0.8181818181818182,0.0,0.0,14.0,13.0,37.0,2.1,0.8666666666666667,0.5,0.0,-400.0,0.3018867924528302,0.6226415094339622,1,1,4.5,2.0
1372,202110040807,1,3,2,27,3,2,4,14,0,0,0,2,1,2,1,14,1,1,2,7,0,0,0,2,0,1,0,5,0,0,0,0,0,0,0,0,0.0,0.0,11.0,12.0,34.9,0.9,0.5,0.0,0.0,18.0,9.0,34.2,0.5,0.7777777777777778,0.0,0.0,16.0,7.0,35.3,0.5,0.75,-2.5,2.0,-400.0,0.0,0.08695652173913043,2,2,40.4,9.0
1373,202110040807,0,0,0,0,0,0,0,0,0,0,0,0,0,0,0,0,0,0,0,0,0,0,0,0,0,0,0,0,0,0,0,0,0,0,0,0,0.0,0.0,4.0,2.0,13.5,0.4,0.1111111111111111,0.0,0.0,6.0,5.0,13.2,2.1,0.5833333333333334,0.0,0.0,3.0,8.0,13.3,2.9,0.6428571428571429,3.0,-10.0,-1800.0,0.102803738317757,0.2336448598130841,3,3,16.5,5.0
1374,202110040807,6,4,7,72,8,4,5,73,2,0,1,2,1,0,0,11,1,1,0,24,0,0,0,1,0,0,0,2,0,1,0,6,0,0,0,1,0.0,0.0,9.0,16.0,39.1,5.3,0.875,0.0,0.0,14.0,4.0,33.8,0.3,0.9333333333333333,0.0,0.0,10.0,14.0,44.5,6.5,0.9285714285714286,-1.0,0.0,-400.0,0.14,0.36,6,7,1.8,1.0
1375,202110040811,3,1,1,2,2,2,3,21,0,0,0,0,3,0,1,2,2,2,1,9,0,0,0,0,0,0,0,0,0,0,0,1,0,0,0,0,0.0,0.0,20.0,1.0,36.4,0.0,0.3,0.0,0.0,50.0,3.0,34.4,0.7,0.17647058823529413,,,,,,,,2.0,-10.0,0.0,0.06756756756756757,0.22972972972972974,8,9,6.4,4.0
1376,202110040811,3,1,1,2,2,0,0,8,0,0,0,0,3,0,1,2,0,0,0,2,0,0,0,0,0,0,0,0,0,0,0,0,0,0,0,0,0.0,0.0,17.0,7.0,35.1,0.8,0.6111111111111112,0.0,0.0,7.0,14.0,35.3,1.1,0.125,0.0,0.0,7.0,10.0,33.0,0.9,0.625,1.5,10.0,-200.0,0.2962962962962963,0.6111111111111112,7,7,6.2,3.0
1377,202110040811,5,4,3,28,0,0,2,3,0,0,0,0,1,3,2,11,0,0,2,1,0,0,0,0,0,0,0,0,0,0,0,0,0,0,0,0,0.0,0.0,40.0,1.0,36.6,0.0,0.14285714285714285,,,,,,,,,,,,,,,,,0.0,0.058823529411764705,0.23529411764705882,8,10,21.3,8.0
1378,202110040811,0,0,0,0,0,0,0,0,0,0,0,0,0,0,0,0,0,0,0,0,0,0,0,0,0,0,0,0,0,0,0,0,0,0,0,0,0.0,0.0,40.0,3.0,36.6,0.5,0.6,,,,,,,,,,,,,,,,,0.0,0.225,0.475,5,5,8.5,5.0
1379,202110040811,7,4,6,52,0,0,1,0,0,0,0,0,6,3,5,37,0,0,1,0,0,0,0,0,0,0,1,0,0,0,0,0,0,0,0,0,0.0,0.0,10.0,1.0,34.6,0.0,0.2857142857142857,0.0,0.0,20.0,2.0,34.5,0.2,0.6666666666666666,,,,,,,,1.0,-2.0,0.0,0.10185185185185185,0.23148148148148148,4,4,5.7,2.0
1380,202110040811,0,0,0,0,0,0,0,1,0,0,0,0,0,0,0,0,0,0,0,1,0,0,0,0,0,0,0,0,0,0,0,0,0,0,0,0,0.0,0.0,4.0,7.0,35.4,0.9,0.5,0.0,0.0,7.0,7.0,33.8,0.4,0.75,0.0,0.0,5.0,14.0,34.6,0.6,0.26666666666666666,3.5,-2.0,-200.0,0.05660377358490566,0.19811320754716982,7,8,16.7,7.0
1381,202110040811,1,2,0,18,0,2,1,10,0,0,0,0,1,2,0,18,0,1,0,4,0,0,0,0,0,0,0,1,0,1,0,0,0,0,0,0,0.0,0.0,10.0,1.0,34.9,0.0,0.08333333333333333,,,,,,,,,,,,,,,,,0.0,0.13861386138613863,0.3564356435643564,3,3,2.8,1.0
1382,202110040811,3,3,3,41,0,0,0,6,0,0,0,0,1,1,1,20,0,0,0,4,0,0,0,0,0,0,0,1,0,0,0,1,0,0,0,0,0.0,0.0,5.0,3.0,40.7,0.5,0.1,0.0,0.0,13.0,12.0,41.5,4.0,0.3076923076923077,0.0,0.0,11.0,14.0,39.6,2.2,0.375,5.5,-14.0,-200.0,0.07017543859649122,0.19298245614035087,6,6,114.3,10.0
1383,202110040811,7,4,6,52,0,0,0,1,0,0,0,0,6,3,5,37,0,0,0,0,0,0,0,0,0,0,1,0,0,0,0,0,0,0,0,0,0.0,0.0,11.0,13.0,44.2,6.0,0.07692307692307693,0.0,0.0,9.0,16.0,37.9,2.7,0.5625,0.0,0.0,12.0,11.0,35.9,1.0,0.25,-1.0,12.0,-600.0,0.0,0.3333333333333333,2,2,9.8,6.0
1384,202110040811,3,4,3,36,1,0,0,3,0,0,0,1,2,1,0,15,1,0,0,3,0,0,0,1,0,0,0,0,0,0,0,0,0,0,0,0,0.0,0.0,8.0,9.0,40.8,4.1,0.4444444444444444,0.0,0.0,15.0,15.0,40.9,4.3,0.8,0.0,0.0,3.0,7.0,38.0,2.8,0.7142857142857143,-1.0,15.0,-200.0,0.07058823529411765,0.29411764705882354,1,1,99.0,9.0
