,race_id,f_course1,f_course2,f_course3,f_courseout,mf_course1,mf_course2,mf_course3,mf_courseout,f_mf_course1,f_mf_course2,f_mf_course3,f_mf_courseout,f_len1,f_len2,f_len3,f_lenout,mf_len1,mf_len2,mf_len3,mf_classout,f_mf_len1,f_mf_len2,f_mf_len3,f_mf_classout,f_class1,f_class2,f_class3,f_classout,mf_class1,mf_class2,mf_class3,mf_classout,f_mf_class1,f_mf_class2,f_mf_class3,f_mf_classout,time_df_course1,time_df_class1,ninki_1,result_1,time_df_course2,time_df_class2,ninki_2,result_2,time_df_course3,time_df_class3,ninki_3,result_3,waku,umaban
0,202210010101,0.0,0.0,0.0,4.0,1.0,3.0,1.0,44.0,0.0,0.0,0.0,0.0,0.0,0.0,0.0,4.0,1.0,2.0,1.0,37.0,0.0,0.0,0.0,0.0,0.0,0.0,0.0,4.0,0.0,0.0,0.0,17.0,0.0,0.0,0.0,0.0,0.0,0.0,8.0,4.0,0.0,0.0,15.0,15.0,0.0,0.0,12.0,12.0,5,5
1,202210010101,1.0,0.0,0.0,13.0,0.0,1.0,0.0,2.0,0.0,0.0,0.0,0.0,0.0,0.0,0.0,11.0,0.0,1.0,0.0,2.0,0.0,0.0,0.0,0.0,0.0,0.0,0.0,6.0,0.0,0.0,0.0,0.0,0.0,0.0,0.0,0.0,0.0,0.0,12.0,12.0,0.0,0.0,6.0,11.0,0.0,0.0,10.0,15.0,4,4
2,202210010101,1.0,0.0,0.0,5.0,0.0,1.0,0.0,13.0,0.0,0.0,0.0,0.0,0.0,0.0,0.0,1.0,0.0,1.0,0.0,10.0,0.0,0.0,0.0,0.0,0.0,0.0,0.0,1.0,0.0,1.0,0.0,6.0,0.0,0.0,0.0,0.0,0.0,0.0,50.0,4.0,0.0,0.0,50.0,5.0,0.0,0.0,80.0,5.0,6,6
3,202210010101,7.0,2.0,1.0,21.0,2.0,0.0,1.0,24.0,0.0,0.0,0.0,0.0,5.0,0.0,0.0,17.0,2.0,0.0,1.0,18.0,0.0,0.0,0.0,0.0,1.0,0.0,0.0,5.0,0.0,0.0,1.0,11.0,0.0,0.0,0.0,0.0,0.0,0.0,90.0,6.0,,,,,,,,,2,2
4,202210010101,0.0,0.0,0.0,1.0,2.0,5.0,7.0,37.0,0.0,0.0,0.0,0.0,0.0,0.0,0.0,0.0,2.0,4.0,4.0,29.0,0.0,0.0,0.0,0.0,0.0,0.0,0.0,0.0,2.0,3.0,3.0,12.0,0.0,0.0,0.0,0.0,0.0,0.0,3.0,5.0,0.0,0.0,13.0,11.0,0.0,0.0,3.0,13.0,1,1
5,202210010101,0.0,0.0,0.0,4.0,0.0,0.0,1.0,3.0,0.0,0.0,0.0,0.0,0.0,0.0,0.0,4.0,0.0,0.0,0.0,3.0,0.0,0.0,0.0,0.0,0.0,0.0,0.0,4.0,0.0,0.0,0.0,2.0,0.0,0.0,0.0,0.0,0.0,0.0,4.0,6.0,0.0,0.0,14.0,10.0,0.0,0.0,13.0,14.0,8,9
6,202210010101,0.0,0.0,0.0,2.0,0.0,0.0,0.0,1.0,0.0,0.0,0.0,0.0,0.0,0.0,0.0,0.0,0.0,0.0,0.0,0.0,0.0,0.0,0.0,0.0,0.0,0.0,0.0,0.0,0.0,0.0,0.0,0.0,0.0,0.0,0.0,0.0,0.0,0.0,5.0,,0.0,0.0,7.0,7.0,0.0,0.0,7.0,8.0,3,3
7,202210010101,3.0,2.0,5.0,25.0,0.0,0.0,1.0,12.0,0.0,0.0,0.0,1.0,3.0,2.0,3.0,18.0,0.0,0.0,1.0,8.0,0.0,0.0,0.0,1.0,1.0,1.0,2.0,14.0,0.0,0.0,0.0,6.0,0.0,0.0,0.0,1.0,0.0,0.0,110.0,120.0,0.0,0.0,60.0,90.0,0.0,0.0,70.0,40.0,8,8
8,202210010101,2.0,5.0,0.0,23.0,0.0,0.0,0.0,0.0,0.0,0.0,0.0,0.0,1.0,4.0,0.0,15.0,0.0,0.0,0.0,0.0,0.0,0.0,0.0,0.0,1.0,0.0,0.0,10.0,0.0,0.0,0.0,0.0,0.0,0.0,0.0,0.0,0.0,0.0,8.0,10.0,0.0,0.0,8.0,9.0,0.0,0.0,8.0,9.0,7,7
9,202210010107,4.0,0.0,3.0,42.0,2.0,2.0,3.0,25.0,0.0,0.0,0.0,2.0,4.0,0.0,3.0,39.0,1.0,2.0,2.0,20.0,0.0,0.0,0.0,2.0,1.0,0.0,2.0,17.0,1.0,1.0,0.0,8.0,0.0,0.0,0.0,1.0,0.0,0.0,5.0,5.0,0.0,0.0,13.0,8.0,0.0,0.0,12.0,10.0,5,7
10,202210010107,3.0,4.0,2.0,26.0,1.0,0.0,0.0,0.0,1.0,0.0,0.0,0.0,3.0,2.0,1.0,18.0,1.0,0.0,0.0,0.0,1.0,0.0,0.0,0.0,0.0,1.0,0.0,2.0,0.0,0.0,0.0,0.0,0.0,0.0,0.0,0.0,0.0,0.0,3.0,7.0,0.0,0.0,4.0,14.0,0.0,0.0,8.0,6.0,4,5
11,202210010107,1.0,3.0,0.0,6.0,2.0,3.0,0.0,14.0,0.0,0.0,0.0,0.0,1.0,3.0,0.0,5.0,2.0,2.0,0.0,10.0,0.0,0.0,0.0,0.0,1.0,0.0,0.0,1.0,1.0,1.0,0.0,1.0,0.0,0.0,0.0,0.0,0.0,0.0,40.0,4.0,0.0,0.0,140.0,14.0,0.0,0.0,140.0,13.0,7,11
12,202210010107,7.0,2.0,1.0,21.0,0.0,0.0,0.0,1.0,0.0,0.0,0.0,1.0,5.0,0.0,0.0,17.0,0.0,0.0,0.0,1.0,0.0,0.0,0.0,1.0,2.0,0.0,0.0,7.0,0.0,0.0,0.0,1.0,0.0,0.0,0.0,1.0,0.0,0.0,6.0,9.0,0.0,0.0,6.0,4.0,0.0,0.0,10.0,8.0,4,4
13,202210010107,0.0,0.0,0.0,0.0,0.0,0.0,0.0,0.0,0.0,0.0,0.0,0.0,0.0,0.0,0.0,0.0,0.0,0.0,0.0,0.0,0.0,0.0,0.0,0.0,0.0,0.0,0.0,0.0,0.0,0.0,0.0,0.0,0.0,0.0,0.0,0.0,0.0,0.0,4.0,2.0,0.0,0.0,6.0,5.0,0.0,0.0,3.0,8.0,6,9
14,202210010107,2.0,7.0,2.0,29.0,0.0,2.0,0.0,9.0,0.0,1.0,0.0,0.0,1.0,0.0,1.0,20.0,0.0,0.0,0.0,7.0,0.0,0.0,0.0,0.0,1.0,0.0,0.0,3.0,0.0,0.0,0.0,3.0,0.0,0.0,0.0,0.0,0.0,0.0,4.0,4.0,0.0,0.0,16.0,15.0,0.0,0.0,11.0,7.0,1,1
15,202210010107,3.0,2.0,1.0,17.0,2.0,1.0,0.0,9.0,0.0,0.0,0.0,1.0,2.0,2.0,0.0,12.0,1.0,0.0,0.0,7.0,0.0,0.0,0.0,1.0,0.0,0.0,0.0,1.0,1.0,0.0,0.0,1.0,0.0,0.0,0.0,0.0,0.0,0.0,4.0,2.0,0.0,0.0,13.0,11.0,0.0,0.0,11.0,14.0,8,12
16,202210010107,0.0,0.0,0.0,10.0,0.0,0.0,0.0,4.0,0.0,0.0,0.0,4.0,0.0,0.0,0.0,7.0,0.0,0.0,0.0,4.0,0.0,0.0,0.0,4.0,0.0,0.0,0.0,5.0,0.0,0.0,0.0,4.0,0.0,0.0,0.0,4.0,0.0,0.0,7.0,10.0,0.0,0.0,7.0,11.0,0.0,0.0,1.0,1.0,2,2
17,202210010107,0.0,0.0,1.0,6.0,2.0,1.0,0.0,9.0,0.0,0.0,0.0,0.0,0.0,0.0,1.0,6.0,1.0,0.0,0.0,7.0,0.0,0.0,0.0,0.0,0.0,0.0,0.0,0.0,1.0,0.0,0.0,1.0,0.0,0.0,0.0,0.0,0.0,0.0,11.0,9.0,0.0,0.0,14.0,13.0,0.0,0.0,12.0,9.0,7,10
18,202210010107,2.0,2.0,1.0,11.0,1.0,2.0,0.0,5.0,0.0,0.0,0.0,0.0,1.0,1.0,0.0,7.0,0.0,1.0,0.0,3.0,0.0,0.0,0.0,0.0,0.0,0.0,0.0,0.0,0.0,1.0,0.0,3.0,0.0,0.0,0.0,0.0,0.0,0.0,4.0,7.0,0.0,0.0,2.0,9.0,0.0,0.0,9.0,8.0,6,8
19,202210010107,7.0,5.0,2.0,35.0,1.0,1.0,0.0,2.0,1.0,1.0,0.0,1.0,4.0,4.0,1.0,26.0,1.0,1.0,0.0,2.0,1.0,1.0,0.0,1.0,1.0,1.0,0.0,5.0,0.0,0.0,0.0,2.0,0.0,0.0,0.0,1.0,0.0,0.0,9.0,9.0,0.0,0.0,3.0,11.0,0.0,0.0,5.0,5.0,8,13
20,202210010107,0.0,0.0,1.0,9.0,1.0,4.0,2.0,26.0,0.0,0.0,0.0,0.0,0.0,0.0,1.0,6.0,1.0,4.0,2.0,19.0,0.0,0.0,0.0,0.0,0.0,0.0,0.0,0.0,1.0,1.0,1.0,3.0,0.0,0.0,0.0,0.0,0.0,0.0,15.0,16.0,0.0,0.0,14.0,17.0,0.0,0.0,7.0,13.0,3,3
21,202210010107,0.0,0.0,0.0,1.0,0.0,0.0,0.0,3.0,0.0,0.0,0.0,1.0,0.0,0.0,0.0,1.0,0.0,0.0,0.0,3.0,0.0,0.0,0.0,1.0,0.0,0.0,0.0,1.0,0.0,0.0,0.0,2.0,0.0,0.0,0.0,1.0,0.0,0.0,20.0,5.0,0.0,0.0,70.0,9.0,0.0,0.0,,,5,6
22,202210010110,2.0,2.0,3.0,24.0,0.0,0.0,0.0,2.0,0.0,0.0,0.0,0.0,2.0,2.0,3.0,18.0,0.0,0.0,0.0,1.0,0.0,0.0,0.0,0.0,0.0,1.0,0.0,1.0,0.0,0.0,0.0,0.0,0.0,0.0,0.0,0.0,0.0,0.0,10.0,12.0,0.0,0.0,11.0,11.0,0.0,0.0,6.0,13.0,6,6
23,202210010110,2.0,2.0,3.0,24.0,2.0,4.0,4.0,26.0,0.0,0.0,0.0,0.0,2.0,2.0,3.0,18.0,0.0,3.0,2.0,15.0,0.0,0.0,0.0,0.0,0.0,1.0,0.0,1.0,0.0,0.0,1.0,2.0,0.0,0.0,0.0,0.0,0.0,0.0,12.0,15.0,0.0,0.0,5.0,13.0,0.0,0.0,12.0,9.0,4,4
24,202210010110,4.0,4.0,2.0,32.0,3.0,3.0,4.0,17.0,0.0,0.0,0.0,0.0,0.0,3.0,1.0,21.0,2.0,3.0,4.0,9.0,0.0,0.0,0.0,0.0,0.0,1.0,0.0,3.0,0.0,0.0,0.0,0.0,0.0,0.0,0.0,0.0,0.0,0.0,6.0,8.0,0.0,0.0,11.0,11.0,0.0,0.0,14.0,13.0,8,9
25,202210010110,4.0,4.0,2.0,32.0,2.0,0.0,1.0,24.0,0.0,0.0,0.0,2.0,0.0,3.0,1.0,21.0,2.0,0.0,1.0,18.0,0.0,0.0,0.0,1.0,0.0,1.0,0.0,3.0,1.0,0.0,0.0,4.0,0.0,0.0,0.0,1.0,0.0,0.0,,,0.0,0.0,90.0,7.0,0.0,0.0,70.0,7.0,7,7
26,202210010110,0.0,1.0,0.0,3.0,0.0,2.0,3.0,19.0,0.0,0.0,0.0,0.0,0.0,1.0,0.0,2.0,0.0,1.0,2.0,12.0,0.0,0.0,0.0,0.0,0.0,0.0,0.0,0.0,0.0,1.0,0.0,2.0,0.0,0.0,0.0,0.0,0.0,0.0,9.0,8.0,0.0,0.0,10.0,10.0,0.0,0.0,8.0,8.0,1,1
27,202210010110,0.0,0.0,0.0,13.0,0.0,0.0,0.0,2.0,0.0,0.0,0.0,0.0,0.0,0.0,0.0,11.0,0.0,0.0,0.0,2.0,0.0,0.0,0.0,0.0,0.0,0.0,0.0,0.0,0.0,0.0,0.0,1.0,0.0,0.0,0.0,0.0,0.0,0.0,16.0,13.0,0.0,0.0,12.0,10.0,0.0,0.0,13.0,13.0,2,2
28,202210010110,0.0,2.0,2.0,9.0,0.0,1.0,0.0,2.0,0.0,0.0,0.0,0.0,0.0,1.0,1.0,7.0,0.0,1.0,0.0,2.0,0.0,0.0,0.0,0.0,0.0,1.0,0.0,3.0,0.0,0.0,0.0,1.0,0.0,0.0,0.0,0.0,0.0,0.0,1.0,1.0,0.0,0.0,15.0,9.0,0.0,0.0,15.0,8.0,5,5
29,202210010110,0.0,0.0,0.0,3.0,1.0,0.0,3.0,35.0,0.0,0.0,0.0,0.0,0.0,0.0,0.0,2.0,0.0,0.0,3.0,26.0,0.0,0.0,0.0,0.0,0.0,0.0,0.0,0.0,0.0,0.0,0.0,2.0,0.0,0.0,0.0,0.0,0.0,0.0,70.0,8.0,0.0,0.0,90.0,10.0,0.0,0.0,60.0,3.0,7,8
30,202210010110,7.0,5.0,2.0,35.0,0.0,2.0,3.0,19.0,0.0,0.0,0.0,0.0,4.0,4.0,1.0,26.0,0.0,1.0,2.0,12.0,0.0,0.0,0.0,0.0,1.0,0.0,1.0,9.0,0.0,1.0,0.0,2.0,0.0,0.0,0.0,0.0,0.0,0.0,15.0,16.0,0.0,0.0,15.0,14.0,0.0,0.0,11.0,15.0,8,10
31,202210010110,2.0,7.0,2.0,29.0,5.0,4.0,1.0,46.0,1.0,1.0,0.0,4.0,1.0,0.0,1.0,20.0,3.0,2.0,1.0,36.0,1.0,0.0,0.0,3.0,0.0,0.0,0.0,6.0,0.0,2.0,0.0,10.0,0.0,0.0,0.0,2.0,0.0,0.0,14.0,15.0,0.0,0.0,6.0,10.0,0.0,0.0,11.0,8.0,3,3
32,202210010201,7.0,2.0,1.0,21.0,2.0,1.0,0.0,9.0,0.0,0.0,0.0,0.0,5.0,0.0,0.0,17.0,1.0,0.0,0.0,7.0,0.0,0.0,0.0,0.0,1.0,0.0,0.0,5.0,0.0,0.0,0.0,5.0,0.0,0.0,0.0,0.0,0.0,0.0,7.0,4.0,0.0,0.0,6.0,1.0,0.0,0.0,10.0,3.0,4,4
33,202210010201,2.0,5.0,0.0,23.0,0.0,0.0,0.0,1.0,0.0,0.0,0.0,0.0,1.0,4.0,0.0,15.0,0.0,0.0,0.0,0.0,0.0,0.0,0.0,0.0,1.0,0.0,0.0,10.0,0.0,0.0,0.0,0.0,0.0,0.0,0.0,0.0,0.0,0.0,5.0,13.0,0.0,0.0,11.0,8.0,0.0,0.0,4.0,12.0,2,2
34,202210010201,2.0,1.0,2.0,4.0,0.0,0.0,0.0,0.0,0.0,0.0,0.0,0.0,1.0,1.0,1.0,4.0,0.0,0.0,0.0,0.0,0.0,0.0,0.0,0.0,0.0,1.0,0.0,4.0,0.0,0.0,0.0,0.0,0.0,0.0,0.0,0.0,0.0,0.0,7.0,7.0,0.0,0.0,9.0,9.0,0.0,0.0,7.0,8.0,6,6
35,202210010201,0.0,1.0,0.0,0.0,5.0,4.0,1.0,46.0,0.0,0.0,0.0,0.0,0.0,1.0,0.0,0.0,3.0,2.0,1.0,36.0,0.0,0.0,0.0,0.0,0.0,0.0,0.0,0.0,2.0,0.0,0.0,10.0,0.0,0.0,0.0,0.0,0.0,0.0,16.0,12.0,0.0,0.0,14.0,15.0,0.0,0.0,11.0,16.0,1,1
36,202210010201,4.0,4.0,2.0,32.0,0.0,0.0,0.0,2.0,0.0,0.0,0.0,1.0,0.0,3.0,1.0,21.0,0.0,0.0,0.0,0.0,0.0,0.0,0.0,0.0,0.0,1.0,0.0,6.0,0.0,0.0,0.0,0.0,0.0,0.0,0.0,0.0,0.0,0.0,4.0,,0.0,0.0,11.0,15.0,0.0,0.0,8.0,5.0,5,5
37,202210010201,3.0,2.0,5.0,25.0,5.0,2.0,2.0,35.0,0.0,0.0,0.0,0.0,3.0,2.0,3.0,18.0,3.0,2.0,2.0,24.0,0.0,0.0,0.0,0.0,1.0,1.0,2.0,14.0,1.0,0.0,0.0,10.0,0.0,0.0,0.0,0.0,0.0,0.0,10.0,10.0,0.0,0.0,8.0,9.0,0.0,0.0,12.0,10.0,7,7
38,202210010201,0.0,0.0,1.0,9.0,0.0,1.0,1.0,2.0,0.0,0.0,0.0,0.0,0.0,0.0,1.0,6.0,0.0,1.0,1.0,2.0,0.0,0.0,0.0,0.0,0.0,0.0,1.0,5.0,0.0,0.0,0.0,0.0,0.0,0.0,0.0,0.0,0.0,0.0,40.0,9.0,0.0,0.0,90.0,8.0,0.0,0.0,60.0,8.0,3,3
39,202210010201,0.0,0.0,2.0,11.0,2.0,2.0,3.0,25.0,0.0,0.0,0.0,0.0,0.0,0.0,0.0,8.0,1.0,2.0,2.0,20.0,0.0,0.0,0.0,0.0,0.0,0.0,0.0,4.0,0.0,1.0,2.0,5.0,0.0,0.0,0.0,0.0,0.0,0.0,14.0,9.0,0.0,0.0,15.0,11.0,0.0,0.0,10.0,9.0,8,8
40,202210010201,0.0,0.0,0.0,6.0,7.0,3.0,1.0,25.0,0.0,0.0,0.0,1.0,0.0,0.0,0.0,3.0,5.0,2.0,1.0,19.0,0.0,0.0,0.0,1.0,0.0,0.0,0.0,3.0,0.0,1.0,1.0,14.0,0.0,0.0,0.0,1.0,0.0,0.0,90.0,13.0,0.0,0.0,80.0,5.0,0.0,0.0,120.0,4.0,8,9
41,202210010207,0.0,1.0,0.0,0.0,0.0,1.0,0.0,3.0,0.0,0.0,0.0,0.0,0.0,1.0,0.0,0.0,0.0,1.0,0.0,0.0,0.0,0.0,0.0,0.0,0.0,0.0,0.0,0.0,0.0,0.0,0.0,0.0,0.0,0.0,0.0,0.0,0.0,0.0,10.0,1.0,0.0,0.0,20.0,2.0,0.0,0.0,20.0,6.0,8,12
42,202210010207,0.0,0.0,1.0,6.0,0.0,0.0,0.0,3.0,0.0,0.0,0.0,0.0,0.0,0.0,1.0,6.0,0.0,0.0,0.0,3.0,0.0,0.0,0.0,0.0,0.0,0.0,0.0,0.0,0.0,0.0,0.0,3.0,0.0,0.0,0.0,0.0,0.0,0.0,9.0,9.0,0.0,0.0,7.0,7.0,0.0,0.0,7.0,14.0,5,5
43,202210010207,1.0,3.0,0.0,6.0,0.0,0.0,2.0,13.0,0.0,0.0,0.0,0.0,1.0,3.0,0.0,5.0,0.0,0.0,2.0,12.0,0.0,0.0,0.0,0.0,1.0,0.0,0.0,1.0,0.0,0.0,0.0,5.0,0.0,0.0,0.0,0.0,0.0,0.0,9.0,10.0,0.0,0.0,9.0,10.0,0.0,0.0,3.0,10.0,1,1
44,202210010207,2.0,2.0,4.0,16.0,5.0,2.0,2.0,35.0,0.0,0.0,0.0,0.0,2.0,1.0,4.0,13.0,3.0,2.0,2.0,24.0,0.0,0.0,0.0,0.0,1.0,0.0,1.0,4.0,0.0,0.0,1.0,8.0,0.0,0.0,0.0,0.0,0.0,0.0,30.0,7.0,0.0,0.0,10.0,1.0,0.0,0.0,20.0,3.0,7,10
45,202210010207,7.0,2.0,1.0,21.0,0.0,0.0,1.0,12.0,0.0,0.0,0.0,0.0,5.0,0.0,0.0,17.0,0.0,0.0,1.0,8.0,0.0,0.0,0.0,0.0,2.0,0.0,0.0,7.0,0.0,0.0,1.0,0.0,0.0,0.0,0.0,0.0,0.0,0.0,60.0,1.0,0.0,0.0,50.0,5.0,0.0,0.0,40.0,5.0,2,2
46,202210010207,2.0,7.0,2.0,29.0,0.0,2.0,0.0,9.0,0.0,1.0,0.0,0.0,1.0,0.0,1.0,20.0,0.0,0.0,0.0,7.0,0.0,0.0,0.0,0.0,1.0,0.0,0.0,3.0,0.0,0.0,0.0,3.0,0.0,0.0,0.0,0.0,0.0,0.0,5.0,3.0,0.0,0.0,15.0,13.0,0.0,0.0,16.0,16.0,8,11
47,202210010207,0.0,0.0,0.0,2.0,0.0,0.0,0.0,2.0,0.0,0.0,0.0,0.0,0.0,0.0,0.0,2.0,0.0,0.0,0.0,2.0,0.0,0.0,0.0,0.0,0.0,0.0,0.0,0.0,0.0,0.0,0.0,0.0,0.0,0.0,0.0,0.0,0.0,0.0,3.0,18.0,0.0,0.0,1.0,5.0,0.0,0.0,2.0,3.0,6,7
48,202210010207,1.0,0.0,2.0,5.0,4.0,3.0,5.0,26.0,0.0,0.0,0.0,0.0,0.0,0.0,2.0,4.0,1.0,3.0,1.0,19.0,0.0,0.0,0.0,0.0,0.0,0.0,0.0,0.0,1.0,1.0,0.0,7.0,0.0,0.0,0.0,0.0,0.0,0.0,90.0,12.0,0.0,0.0,90.0,11.0,0.0,0.0,6.0,15.0,5,6
49,202210010207,0.0,0.0,0.0,3.0,2.0,5.0,7.0,37.0,0.0,0.0,0.0,0.0,0.0,0.0,0.0,1.0,2.0,4.0,4.0,29.0,0.0,0.0,0.0,0.0,0.0,0.0,0.0,0.0,0.0,0.0,0.0,11.0,0.0,0.0,0.0,0.0,0.0,0.0,14.0,10.0,0.0,0.0,12.0,10.0,0.0,0.0,7.0,5.0,4,4
50,202210010207,0.0,0.0,1.0,6.0,0.0,2.0,0.0,9.0,0.0,0.0,0.0,0.0,0.0,0.0,1.0,6.0,0.0,0.0,0.0,7.0,0.0,0.0,0.0,0.0,0.0,0.0,0.0,0.0,0.0,0.0,0.0,3.0,0.0,0.0,0.0,0.0,0.0,0.0,10.0,10.0,0.0,0.0,70.0,90.0,0.0,0.0,70.0,70.0,3,3
51,202210010207,0.0,1.0,0.0,0.0,2.0,1.0,0.0,9.0,0.0,0.0,0.0,0.0,0.0,1.0,0.0,0.0,1.0,0.0,0.0,7.0,0.0,0.0,0.0,0.0,0.0,0.0,0.0,0.0,1.0,0.0,0.0,1.0,0.0,0.0,0.0,0.0,0.0,0.0,100.0,10.0,0.0,0.0,150.0,8.0,0.0,0.0,50.0,1.0,6,8
52,202210010207,0.0,1.0,0.0,0.0,5.0,4.0,1.0,46.0,0.0,0.0,0.0,0.0,0.0,1.0,0.0,0.0,3.0,2.0,1.0,36.0,0.0,0.0,0.0,0.0,0.0,0.0,0.0,0.0,1.0,0.0,1.0,14.0,0.0,0.0,0.0,0.0,0.0,0.0,150.0,15.0,0.0,0.0,30.0,1.0,0.0,0.0,100.0,3.0,7,9
53,202210010211,0.0,3.0,0.0,16.0,1.0,0.0,1.0,2.0,0.0,0.0,0.0,0.0,0.0,3.0,0.0,15.0,1.0,0.0,0.0,1.0,0.0,0.0,0.0,0.0,0.0,0.0,0.0,0.0,0.0,0.0,0.0,0.0,0.0,0.0,0.0,0.0,0.0,0.0,9.0,14.0,0.0,0.0,3.0,7.0,0.0,0.0,10.0,11.0,8,14
54,202210010211,4.0,4.0,2.0,32.0,1.0,1.0,1.0,11.0,0.0,0.0,0.0,1.0,0.0,3.0,1.0,21.0,1.0,0.0,0.0,7.0,0.0,0.0,0.0,1.0,0.0,0.0,1.0,1.0,0.0,0.0,0.0,1.0,0.0,0.0,0.0,0.0,0.0,0.0,80.0,4.0,0.0,0.0,130.0,8.0,0.0,0.0,140.0,4.0,1,1
55,202210010211,4.0,4.0,2.0,32.0,0.0,0.0,0.0,0.0,0.0,0.0,0.0,0.0,0.0,3.0,1.0,21.0,0.0,0.0,0.0,0.0,0.0,0.0,0.0,0.0,0.0,0.0,1.0,1.0,0.0,0.0,0.0,0.0,0.0,0.0,0.0,0.0,0.0,0.0,9.0,13.0,0.0,0.0,9.0,15.0,0.0,0.0,6.0,4.0,8,15
56,202210010211,0.0,1.0,1.0,9.0,4.0,3.0,5.0,26.0,0.0,0.0,0.0,1.0,0.0,1.0,0.0,7.0,1.0,3.0,1.0,19.0,0.0,0.0,0.0,1.0,0.0,0.0,0.0,1.0,0.0,0.0,0.0,2.0,0.0,0.0,0.0,1.0,0.0,0.0,5.0,8.0,0.0,0.0,12.0,15.0,0.0,0.0,10.0,10.0,7,13
57,202210010211,1.0,0.0,0.0,3.0,0.0,0.0,0.0,2.0,0.0,0.0,0.0,0.0,0.0,0.0,0.0,2.0,0.0,0.0,0.0,2.0,0.0,0.0,0.0,0.0,0.0,0.0,0.0,0.0,0.0,0.0,0.0,0.0,0.0,0.0,0.0,0.0,0.0,0.0,7.0,5.0,0.0,0.0,15.0,10.0,0.0,0.0,12.0,7.0,6,11
58,202210010211,0.0,1.0,1.0,3.0,1.0,0.0,0.0,8.0,0.0,0.0,0.0,1.0,0.0,0.0,0.0,2.0,1.0,0.0,0.0,5.0,0.0,0.0,0.0,1.0,0.0,0.0,0.0,1.0,1.0,0.0,0.0,3.0,0.0,0.0,0.0,1.0,0.0,0.0,5.0,7.0,0.0,0.0,11.0,9.0,0.0,0.0,15.0,10.0,4,7
59,202210010211,9.0,4.0,4.0,24.0,0.0,0.0,0.0,0.0,0.0,0.0,0.0,0.0,7.0,3.0,3.0,18.0,0.0,0.0,0.0,0.0,0.0,0.0,0.0,0.0,1.0,1.0,0.0,0.0,0.0,0.0,0.0,0.0,0.0,0.0,0.0,0.0,0.0,0.0,10.0,6.0,0.0,0.0,10.0,8.0,0.0,0.0,20.0,2.0,2,3
60,202210010211,0.0,0.0,1.0,6.0,2.0,0.0,1.0,24.0,0.0,0.0,0.0,0.0,0.0,0.0,1.0,6.0,2.0,0.0,1.0,18.0,0.0,0.0,0.0,0.0,0.0,0.0,0.0,0.0,0.0,0.0,0.0,0.0,0.0,0.0,0.0,0.0,0.0,0.0,9.0,1.0,0.0,0.0,8.0,7.0,0.0,0.0,8.0,4.0,6,10
61,202210010211,5.0,2.0,2.0,35.0,1.0,1.0,1.0,11.0,1.0,0.0,0.0,1.0,4.0,2.0,2.0,25.0,1.0,0.0,0.0,7.0,1.0,0.0,0.0,0.0,0.0,0.0,0.0,2.0,0.0,0.0,0.0,1.0,0.0,0.0,0.0,0.0,0.0,0.0,130.0,2.0,0.0,0.0,120.0,9.0,0.0,0.0,70.0,3.0,7,12
62,202210010211,0.0,1.0,1.0,14.0,2.0,4.0,4.0,26.0,0.0,0.0,0.0,1.0,0.0,1.0,1.0,10.0,0.0,3.0,2.0,15.0,0.0,0.0,0.0,1.0,0.0,1.0,0.0,3.0,0.0,0.0,0.0,0.0,0.0,0.0,0.0,0.0,0.0,0.0,90.0,100.0,0.0,0.0,130.0,120.0,0.0,0.0,110.0,80.0,5,9
63,202210010211,4.0,0.0,3.0,42.0,1.0,0.0,3.0,35.0,0.0,0.0,0.0,2.0,4.0,0.0,3.0,39.0,0.0,0.0,3.0,26.0,0.0,0.0,0.0,2.0,0.0,0.0,0.0,1.0,0.0,0.0,0.0,1.0,0.0,0.0,0.0,0.0,0.0,0.0,4.0,6.0,0.0,0.0,14.0,8.0,0.0,0.0,15.0,14.0,4,6
64,202210010211,2.0,5.0,0.0,23.0,0.0,1.0,0.0,3.0,0.0,0.0,0.0,0.0,1.0,4.0,0.0,15.0,0.0,1.0,0.0,0.0,0.0,0.0,0.0,0.0,0.0,0.0,0.0,0.0,0.0,0.0,0.0,0.0,0.0,0.0,0.0,0.0,0.0,0.0,12.0,,0.0,0.0,15.0,11.0,0.0,0.0,14.0,12.0,2,2
65,202210010211,3.0,4.0,2.0,26.0,0.0,0.0,0.0,0.0,0.0,0.0,0.0,0.0,3.0,2.0,1.0,18.0,0.0,0.0,0.0,0.0,0.0,0.0,0.0,0.0,0.0,0.0,0.0,0.0,0.0,0.0,0.0,0.0,0.0,0.0,0.0,0.0,0.0,0.0,10.0,1.0,0.0,0.0,40.0,1.0,0.0,0.0,120.0,11.0,3,5
66,202210010211,1.0,3.0,7.0,28.0,0.0,0.0,0.0,0.0,0.0,0.0,0.0,0.0,0.0,1.0,5.0,18.0,0.0,0.0,0.0,0.0,0.0,0.0,0.0,0.0,0.0,0.0,0.0,0.0,0.0,0.0,0.0,0.0,0.0,0.0,0.0,0.0,0.0,0.0,110.0,12.0,0.0,0.0,80.0,13.0,0.0,0.0,120.0,14.0,3,4
67,202210010211,0.0,0.0,0.0,0.0,0.0,1.0,0.0,2.0,0.0,0.0,0.0,0.0,0.0,0.0,0.0,0.0,0.0,1.0,0.0,2.0,0.0,0.0,0.0,0.0,0.0,0.0,0.0,0.0,0.0,0.0,0.0,0.0,0.0,0.0,0.0,0.0,0.0,0.0,8.0,9.0,0.0,0.0,15.0,14.0,0.0,0.0,15.0,15.0,5,8
68,202210010301,0.0,1.0,0.0,0.0,4.0,3.0,5.0,26.0,0.0,0.0,0.0,0.0,0.0,1.0,0.0,0.0,1.0,3.0,1.0,19.0,0.0,0.0,0.0,0.0,0.0,0.0,0.0,0.0,0.0,2.0,1.0,6.0,0.0,0.0,0.0,0.0,0.0,0.0,20.0,3.0,0.0,0.0,10.0,3.0,0.0,0.0,20.0,3.0,2,2
69,202210010301,0.0,3.0,0.0,16.0,1.0,0.0,0.0,2.0,0.0,0.0,0.0,0.0,0.0,3.0,0.0,15.0,1.0,0.0,0.0,2.0,0.0,0.0,0.0,0.0,0.0,2.0,0.0,7.0,0.0,0.0,0.0,0.0,0.0,0.0,0.0,0.0,0.0,0.0,60.0,2.0,0.0,0.0,140.0,9.0,0.0,0.0,80.0,10.0,7,10
70,202210010301,0.0,0.0,0.0,10.0,0.0,1.0,2.0,0.0,0.0,0.0,0.0,0.0,0.0,0.0,0.0,7.0,0.0,0.0,0.0,0.0,0.0,0.0,0.0,0.0,0.0,0.0,0.0,2.0,0.0,0.0,0.0,0.0,0.0,0.0,0.0,0.0,0.0,0.0,4.0,3.0,0.0,0.0,9.0,10.0,0.0,0.0,3.0,5.0,5,7
71,202210010301,0.0,0.0,0.0,3.0,0.0,0.0,0.0,2.0,0.0,0.0,0.0,0.0,0.0,0.0,0.0,1.0,0.0,0.0,0.0,2.0,0.0,0.0,0.0,0.0,0.0,0.0,0.0,0.0,0.0,0.0,0.0,1.0,0.0,0.0,0.0,0.0,0.0,0.0,8.0,4.0,0.0,0.0,8.0,10.0,0.0,0.0,6.0,15.0,6,9
72,202210010301,0.0,0.0,0.0,0.0,0.0,0.0,0.0,0.0,0.0,0.0,0.0,0.0,0.0,0.0,0.0,0.0,0.0,0.0,0.0,0.0,0.0,0.0,0.0,0.0,0.0,0.0,0.0,0.0,0.0,0.0,0.0,0.0,0.0,0.0,0.0,0.0,0.0,0.0,2.0,5.0,0.0,0.0,8.0,9.0,0.0,0.0,2.0,12.0,8,13
73,202210010301,2.0,2.0,1.0,11.0,1.0,4.0,2.0,26.0,0.0,0.0,0.0,1.0,1.0,1.0,0.0,7.0,1.0,4.0,2.0,19.0,0.0,0.0,0.0,0.0,0.0,0.0,0.0,3.0,0.0,2.0,1.0,15.0,0.0,0.0,0.0,0.0,0.0,0.0,10.0,6.0,0.0,0.0,9.0,13.0,0.0,0.0,10.0,7.0,7,11
74,202210010301,1.0,0.0,1.0,6.0,0.0,1.0,0.0,3.0,0.0,0.0,0.0,0.0,1.0,0.0,1.0,5.0,0.0,1.0,0.0,3.0,0.0,0.0,0.0,0.0,1.0,0.0,1.0,3.0,0.0,0.0,0.0,2.0,0.0,0.0,0.0,0.0,0.0,0.0,9.0,4.0,0.0,0.0,12.0,11.0,0.0,0.0,14.0,6.0,4,5
75,202210010301,0.0,0.0,0.0,6.0,0.0,1.0,2.0,3.0,0.0,0.0,0.0,0.0,0.0,0.0,0.0,4.0,0.0,1.0,2.0,1.0,0.0,0.0,0.0,0.0,0.0,0.0,0.0,3.0,0.0,0.0,0.0,0.0,0.0,0.0,0.0,0.0,0.0,0.0,1.0,2.0,0.0,0.0,12.0,9.0,0.0,0.0,13.0,9.0,4,4
76,202210010301,0.0,0.0,0.0,5.0,0.0,0.0,0.0,2.0,0.0,0.0,0.0,0.0,0.0,0.0,0.0,4.0,0.0,0.0,0.0,0.0,0.0,0.0,0.0,0.0,0.0,0.0,0.0,3.0,0.0,0.0,0.0,0.0,0.0,0.0,0.0,0.0,0.0,0.0,70.0,11.0,0.0,0.0,110.0,9.0,0.0,0.0,130.0,11.0,5,6
77,202210010301,2.0,2.0,0.0,2.0,2.0,1.0,0.0,5.0,0.0,0.0,0.0,0.0,1.0,2.0,0.0,2.0,2.0,1.0,0.0,3.0,0.0,0.0,0.0,0.0,1.0,2.0,0.0,0.0,0.0,1.0,0.0,0.0,0.0,0.0,0.0,0.0,0.0,0.0,100.0,10.0,0.0,0.0,70.0,10.0,0.0,0.0,140.0,14.0,6,8
78,202210010301,0.0,0.0,0.0,4.0,0.0,0.0,0.0,0.0,0.0,0.0,0.0,0.0,0.0,0.0,0.0,4.0,0.0,0.0,0.0,0.0,0.0,0.0,0.0,0.0,0.0,0.0,0.0,2.0,0.0,0.0,0.0,0.0,0.0,0.0,0.0,0.0,0.0,0.0,90.0,90.0,0.0,0.0,100.0,100.0,0.0,0.0,90.0,100.0,3,3
79,202210010301,1.0,0.0,1.0,13.0,0.0,1.0,2.0,0.0,0.0,0.0,0.0,0.0,1.0,0.0,1.0,7.0,0.0,0.0,0.0,0.0,0.0,0.0,0.0,0.0,1.0,0.0,0.0,4.0,0.0,0.0,0.0,0.0,0.0,0.0,0.0,0.0,0.0,0.0,20.0,10.0,0.0,0.0,110.0,6.0,0.0,0.0,80.0,15.0,1,1
80,202210010301,0.0,0.0,0.0,10.0,2.0,4.0,4.0,26.0,0.0,0.0,0.0,0.0,0.0,0.0,0.0,7.0,0.0,3.0,2.0,15.0,0.0,0.0,0.0,0.0,0.0,0.0,0.0,2.0,0.0,3.0,1.0,8.0,0.0,0.0,0.0,0.0,0.0,0.0,80.0,9.0,0.0,0.0,50.0,10.0,,,,,8,12
81,202210010307,1.0,3.0,0.0,6.0,2.0,5.0,7.0,37.0,0.0,1.0,0.0,0.0,1.0,3.0,0.0,5.0,2.0,4.0,4.0,29.0,0.0,1.0,0.0,0.0,1.0,0.0,0.0,1.0,0.0,0.0,0.0,11.0,0.0,0.0,0.0,0.0,0.0,0.0,15.0,13.0,0.0,0.0,18.0,15.0,0.0,0.0,14.0,8.0,2,4
82,202210010307,0.0,2.0,2.0,11.0,5.0,4.0,1.0,46.0,0.0,0.0,1.0,0.0,0.0,1.0,2.0,9.0,3.0,2.0,1.0,36.0,0.0,0.0,1.0,0.0,0.0,0.0,2.0,1.0,1.0,0.0,1.0,14.0,0.0,0.0,1.0,0.0,0.0,0.0,3.0,7.0,0.0,0.0,12.0,11.0,0.0,0.0,10.0,11.0,7,13
83,202210010307,1.0,0.0,0.0,2.0,1.0,3.0,1.0,44.0,0.0,0.0,0.0,1.0,0.0,0.0,0.0,2.0,1.0,2.0,1.0,37.0,0.0,0.0,0.0,1.0,0.0,0.0,0.0,0.0,0.0,2.0,0.0,14.0,0.0,0.0,0.0,0.0,0.0,0.0,3.0,3.0,0.0,0.0,11.0,3.0,0.0,0.0,6.0,9.0,8,16
84,202210010307,0.0,0.0,0.0,12.0,0.0,0.0,0.0,0.0,0.0,0.0,0.0,0.0,0.0,0.0,0.0,8.0,0.0,0.0,0.0,0.0,0.0,0.0,0.0,0.0,0.0,0.0,0.0,3.0,0.0,0.0,0.0,0.0,0.0,0.0,0.0,0.0,0.0,0.0,10.0,6.0,0.0,0.0,10.0,10.0,0.0,0.0,8.0,6.0,4,7
85,202210010307,4.0,0.0,3.0,42.0,1.0,0.0,0.0,3.0,0.0,0.0,0.0,0.0,4.0,0.0,3.0,39.0,1.0,0.0,0.0,3.0,0.0,0.0,0.0,0.0,1.0,0.0,2.0,17.0,1.0,0.0,0.0,0.0,0.0,0.0,0.0,0.0,0.0,0.0,3.0,1.0,0.0,0.0,10.0,10.0,0.0,0.0,9.0,5.0,1,1
86,202210010307,4.0,4.0,2.0,32.0,2.0,0.0,1.0,24.0,0.0,0.0,0.0,2.0,0.0,3.0,1.0,21.0,2.0,0.0,1.0,18.0,0.0,0.0,0.0,1.0,0.0,1.0,0.0,9.0,1.0,0.0,0.0,3.0,0.0,0.0,0.0,0.0,0.0,0.0,50.0,4.0,0.0,0.0,130.0,13.0,0.0,0.0,120.0,9.0,6,12
87,202210010307,9.0,4.0,4.0,24.0,0.0,1.0,1.0,2.0,0.0,0.0,1.0,0.0,7.0,3.0,3.0,18.0,0.0,1.0,1.0,2.0,0.0,0.0,1.0,0.0,1.0,0.0,2.0,5.0,0.0,1.0,1.0,2.0,0.0,0.0,1.0,0.0,0.0,0.0,11.0,,0.0,0.0,4.0,9.0,0.0,0.0,5.0,8.0,2,3
88,202210010307,0.0,0.0,0.0,5.0,0.0,0.0,0.0,0.0,0.0,0.0,0.0,0.0,0.0,0.0,0.0,4.0,0.0,0.0,0.0,0.0,0.0,0.0,0.0,0.0,0.0,0.0,0.0,1.0,0.0,0.0,0.0,0.0,0.0,0.0,0.0,0.0,0.0,0.0,7.0,11.0,0.0,0.0,5.0,14.0,0.0,0.0,4.0,3.0,7,14
89,202210010307,4.0,0.0,3.0,42.0,2.0,5.0,7.0,37.0,1.0,0.0,0.0,3.0,4.0,0.0,3.0,39.0,2.0,4.0,4.0,29.0,1.0,0.0,0.0,3.0,1.0,0.0,2.0,17.0,0.0,0.0,0.0,11.0,0.0,0.0,0.0,1.0,0.0,0.0,1.0,3.0,0.0,0.0,12.0,13.0,0.0,0.0,9.0,9.0,5,9
90,202210010307,4.0,4.0,2.0,32.0,2.0,2.0,3.0,25.0,0.0,0.0,0.0,1.0,0.0,3.0,1.0,21.0,1.0,2.0,2.0,20.0,0.0,0.0,0.0,1.0,0.0,1.0,0.0,9.0,1.0,1.0,0.0,8.0,0.0,0.0,0.0,1.0,0.0,0.0,3.0,11.0,0.0,0.0,9.0,11.0,0.0,0.0,13.0,9.0,8,15
91,202210010307,1.0,0.0,0.0,12.0,1.0,1.0,0.0,5.0,1.0,0.0,0.0,1.0,0.0,0.0,0.0,8.0,0.0,1.0,0.0,4.0,0.0,0.0,0.0,1.0,0.0,0.0,0.0,4.0,0.0,0.0,0.0,0.0,0.0,0.0,0.0,0.0,0.0,0.0,12.0,11.0,0.0,0.0,11.0,11.0,0.0,0.0,15.0,13.0,1,2
92,202210010307,1.0,1.0,2.0,16.0,0.0,0.0,0.0,0.0,0.0,0.0,0.0,0.0,0.0,1.0,2.0,15.0,0.0,0.0,0.0,0.0,0.0,0.0,0.0,0.0,0.0,1.0,0.0,3.0,0.0,0.0,0.0,0.0,0.0,0.0,0.0,0.0,0.0,0.0,4.0,11.0,0.0,0.0,9.0,11.0,0.0,0.0,3.0,1.0,3,6
93,202210010307,1.0,3.0,0.0,6.0,5.0,2.0,2.0,35.0,0.0,0.0,0.0,0.0,1.0,3.0,0.0,5.0,3.0,2.0,2.0,24.0,0.0,0.0,0.0,0.0,1.0,0.0,0.0,1.0,0.0,0.0,1.0,8.0,0.0,0.0,0.0,0.0,0.0,0.0,11.0,10.0,0.0,0.0,14.0,12.0,0.0,0.0,8.0,11.0,4,8
94,202210010307,1.0,2.0,2.0,22.0,0.0,0.0,0.0,1.0,0.0,0.0,0.0,0.0,1.0,2.0,2.0,19.0,0.0,0.0,0.0,0.0,0.0,0.0,0.0,0.0,0.0,0.0,0.0,3.0,0.0,0.0,0.0,0.0,0.0,0.0,0.0,0.0,0.0,0.0,5.0,6.0,0.0,0.0,14.0,14.0,0.0,0.0,12.0,16.0,3,5
95,202210010307,1.0,2.0,2.0,22.0,0.0,2.0,0.0,9.0,0.0,0.0,0.0,0.0,1.0,2.0,2.0,19.0,0.0,0.0,0.0,7.0,0.0,0.0,0.0,0.0,0.0,0.0,0.0,3.0,0.0,0.0,0.0,3.0,0.0,0.0,0.0,0.0,0.0,0.0,8.0,7.0,0.0,0.0,12.0,12.0,0.0,0.0,15.0,14.0,6,11
96,202210010307,2.0,0.0,3.0,15.0,1.0,1.0,1.0,11.0,0.0,0.0,0.0,0.0,0.0,0.0,1.0,7.0,1.0,0.0,0.0,7.0,0.0,0.0,0.0,0.0,0.0,0.0,1.0,0.0,0.0,0.0,0.0,2.0,0.0,0.0,0.0,0.0,0.0,0.0,8.0,6.0,0.0,0.0,15.0,15.0,0.0,0.0,12.0,9.0,5,10
97,202210010311,4.0,4.0,2.0,32.0,5.0,4.0,1.0,46.0,0.0,0.0,0.0,0.0,0.0,3.0,1.0,21.0,3.0,2.0,1.0,36.0,0.0,0.0,0.0,0.0,0.0,1.0,0.0,3.0,0.0,2.0,0.0,10.0,0.0,0.0,0.0,0.0,0.0,0.0,90.0,11.0,0.0,0.0,9.0,5.0,0.0,0.0,14.0,15.0,5,10
98,202210010311,1.0,3.0,0.0,6.0,5.0,4.0,1.0,46.0,0.0,0.0,0.0,1.0,1.0,3.0,0.0,5.0,3.0,2.0,1.0,36.0,0.0,0.0,0.0,1.0,0.0,0.0,0.0,0.0,0.0,2.0,0.0,10.0,0.0,0.0,0.0,0.0,0.0,0.0,50.0,8.0,0.0,0.0,40.0,7.0,0.0,0.0,10.0,1.0,8,16
99,202210010311,2.0,1.0,2.0,10.0,1.0,0.0,1.0,4.0,1.0,0.0,1.0,0.0,2.0,1.0,2.0,10.0,1.0,0.0,1.0,2.0,1.0,0.0,1.0,0.0,0.0,0.0,0.0,1.0,0.0,0.0,0.0,0.0,0.0,0.0,0.0,0.0,0.0,0.0,60.0,6.0,0.0,0.0,140.0,13.0,0.0,0.0,130.0,13.0,6,12
100,202210010311,0.0,0.0,1.0,9.0,0.0,0.0,0.0,0.0,0.0,0.0,0.0,0.0,0.0,0.0,1.0,6.0,0.0,0.0,0.0,0.0,0.0,0.0,0.0,0.0,0.0,0.0,0.0,0.0,0.0,0.0,0.0,0.0,0.0,0.0,0.0,0.0,0.0,0.0,40.0,7.0,0.0,0.0,110.0,8.0,0.0,0.0,40.0,1.0,7,14
101,202210010311,0.0,0.0,0.0,3.0,1.0,1.0,1.0,11.0,0.0,0.0,0.0,0.0,0.0,0.0,0.0,1.0,1.0,0.0,0.0,7.0,0.0,0.0,0.0,0.0,0.0,0.0,0.0,0.0,1.0,0.0,0.0,2.0,0.0,0.0,0.0,0.0,0.0,0.0,80.0,13.0,0.0,0.0,40.0,6.0,0.0,0.0,10.0,1.0,8,15
102,202210010311,1.0,0.0,0.0,19.0,1.0,3.0,1.0,44.0,0.0,0.0,0.0,4.0,0.0,0.0,0.0,17.0,1.0,2.0,1.0,37.0,0.0,0.0,0.0,4.0,0.0,0.0,0.0,6.0,0.0,0.0,0.0,6.0,0.0,0.0,0.0,2.0,0.0,0.0,4.0,6.0,0.0,0.0,4.0,7.0,0.0,0.0,10.0,6.0,7,13
103,202210010311,2.0,4.0,1.0,19.0,1.0,3.0,1.0,44.0,0.0,0.0,0.0,1.0,2.0,3.0,0.0,19.0,1.0,2.0,1.0,37.0,0.0,0.0,0.0,1.0,1.0,1.0,0.0,4.0,0.0,0.0,0.0,6.0,0.0,0.0,0.0,1.0,0.0,0.0,5.0,5.0,0.0,0.0,12.0,12.0,0.0,0.0,9.0,11.0,4,8
104,202210010311,1.0,0.0,0.0,3.0,0.0,1.0,0.0,2.0,0.0,0.0,0.0,0.0,1.0,0.0,0.0,2.0,0.0,1.0,0.0,2.0,0.0,0.0,0.0,0.0,0.0,0.0,0.0,1.0,0.0,0.0,0.0,1.0,0.0,0.0,0.0,0.0,0.0,0.0,1.0,6.0,0.0,0.0,11.0,10.0,0.0,0.0,10.0,11.0,3,5
105,202210010311,2.0,0.0,3.0,15.0,0.0,0.0,0.0,4.0,0.0,0.0,0.0,0.0,0.0,0.0,1.0,7.0,0.0,0.0,0.0,4.0,0.0,0.0,0.0,0.0,0.0,0.0,0.0,0.0,0.0,0.0,0.0,2.0,0.0,0.0,0.0,0.0,0.0,0.0,40.0,7.0,0.0,0.0,10.0,1.0,0.0,0.0,60.0,1.0,6,11
106,202210010311,1.0,1.0,2.0,16.0,3.0,1.0,1.0,17.0,0.0,0.0,0.0,1.0,0.0,1.0,2.0,15.0,3.0,1.0,1.0,12.0,0.0,0.0,0.0,1.0,0.0,0.0,0.0,5.0,1.0,0.0,0.0,1.0,0.0,0.0,0.0,0.0,0.0,0.0,130.0,13.0,0.0,0.0,140.0,11.0,0.0,0.0,70.0,6.0,2,4
107,202210010311,2.0,2.0,4.0,16.0,0.0,0.0,0.0,0.0,0.0,0.0,0.0,0.0,2.0,1.0,4.0,13.0,0.0,0.0,0.0,0.0,0.0,0.0,0.0,0.0,0.0,0.0,0.0,2.0,0.0,0.0,0.0,0.0,0.0,0.0,0.0,0.0,0.0,0.0,1.0,3.0,0.0,0.0,3.0,16.0,0.0,0.0,2.0,11.0,4,7
108,202210010311,4.0,4.0,2.0,32.0,0.0,0.0,0.0,2.0,0.0,0.0,0.0,0.0,0.0,3.0,1.0,21.0,0.0,0.0,0.0,1.0,0.0,0.0,0.0,0.0,0.0,1.0,0.0,3.0,0.0,0.0,0.0,0.0,0.0,0.0,0.0,0.0,0.0,0.0,8.0,4.0,0.0,0.0,9.0,9.0,0.0,0.0,10.0,10.0,1,2
109,202210010311,2.0,2.0,1.0,11.0,0.0,0.0,1.0,12.0,0.0,0.0,0.0,0.0,1.0,1.0,0.0,7.0,0.0,0.0,1.0,8.0,0.0,0.0,0.0,0.0,1.0,0.0,0.0,3.0,0.0,0.0,0.0,1.0,0.0,0.0,0.0,0.0,0.0,0.0,40.0,1.0,0.0,0.0,20.0,9.0,0.0,0.0,80.0,1.0,2,3
110,202210010311,0.0,3.0,0.0,16.0,5.0,2.0,2.0,35.0,0.0,0.0,0.0,0.0,0.0,3.0,0.0,15.0,3.0,2.0,2.0,24.0,0.0,0.0,0.0,0.0,0.0,0.0,0.0,0.0,0.0,1.0,0.0,4.0,0.0,0.0,0.0,0.0,0.0,0.0,4.0,6.0,0.0,0.0,1.0,6.0,0.0,0.0,2.0,3.0,3,6
111,202210010311,1.0,2.0,1.0,11.0,0.0,0.0,0.0,2.0,0.0,0.0,0.0,0.0,1.0,2.0,1.0,11.0,0.0,0.0,0.0,0.0,0.0,0.0,0.0,0.0,0.0,0.0,1.0,5.0,0.0,0.0,0.0,0.0,0.0,0.0,0.0,0.0,0.0,0.0,4.0,6.0,0.0,0.0,16.0,16.0,0.0,0.0,13.0,14.0,1,1
112,202210010311,2.0,7.0,2.0,29.0,1.0,3.0,1.0,44.0,0.0,0.0,0.0,0.0,1.0,0.0,1.0,20.0,1.0,2.0,1.0,37.0,0.0,0.0,0.0,0.0,0.0,0.0,0.0,6.0,0.0,0.0,0.0,6.0,0.0,0.0,0.0,0.0,0.0,0.0,15.0,4.0,0.0,0.0,14.0,9.0,0.0,0.0,10.0,7.0,5,9
113,202210010401,0.0,0.0,0.0,0.0,1.0,1.0,2.0,11.0,0.0,0.0,0.0,0.0,0.0,0.0,0.0,0.0,1.0,1.0,0.0,6.0,0.0,0.0,0.0,0.0,0.0,0.0,0.0,0.0,0.0,1.0,0.0,2.0,0.0,0.0,0.0,0.0,0.0,0.0,10.0,13.0,0.0,0.0,12.0,15.0,0.0,0.0,2.0,1.0,3,3
114,202210010401,0.0,0.0,0.0,2.0,3.0,3.0,5.0,29.0,0.0,0.0,0.0,0.0,0.0,0.0,0.0,2.0,3.0,3.0,4.0,25.0,0.0,0.0,0.0,0.0,0.0,0.0,0.0,2.0,2.0,0.0,1.0,11.0,0.0,0.0,0.0,0.0,0.0,0.0,120.0,14.0,0.0,0.0,8.0,7.0,0.0,0.0,4.0,15.0,3,4
115,202210010401,3.0,0.0,0.0,9.0,0.0,0.0,0.0,1.0,0.0,0.0,0.0,0.0,3.0,0.0,0.0,9.0,0.0,0.0,0.0,1.0,0.0,0.0,0.0,0.0,0.0,0.0,0.0,3.0,0.0,0.0,0.0,1.0,0.0,0.0,0.0,0.0,0.0,0.0,2.0,7.0,0.0,0.0,5.0,5.0,0.0,0.0,8.0,9.0,8,13
116,202210010401,4.0,3.0,1.0,21.0,1.0,0.0,2.0,16.0,0.0,0.0,0.0,0.0,2.0,2.0,0.0,16.0,0.0,0.0,2.0,12.0,0.0,0.0,0.0,0.0,1.0,0.0,0.0,8.0,0.0,0.0,1.0,4.0,0.0,0.0,0.0,0.0,0.0,0.0,90.0,3.0,0.0,0.0,110.0,8.0,0.0,0.0,80.0,11.0,1,1
117,202210010401,0.0,0.0,0.0,2.0,4.0,0.0,4.0,30.0,0.0,0.0,0.0,0.0,0.0,0.0,0.0,0.0,4.0,0.0,1.0,16.0,0.0,0.0,0.0,0.0,0.0,0.0,0.0,0.0,1.0,0.0,1.0,6.0,0.0,0.0,0.0,0.0,0.0,0.0,3.0,5.0,0.0,0.0,13.0,9.0,0.0,0.0,9.0,7.0,6,10
118,202210010401,0.0,0.0,1.0,1.0,0.0,0.0,1.0,11.0,0.0,0.0,0.0,0.0,0.0,0.0,1.0,0.0,0.0,0.0,1.0,6.0,0.0,0.0,0.0,0.0,0.0,0.0,1.0,0.0,0.0,0.0,1.0,2.0,0.0,0.0,0.0,0.0,0.0,0.0,10.0,2.0,0.0,0.0,40.0,2.0,0.0,0.0,130.0,4.0,8,14
119,202210010401,1.0,0.0,1.0,10.0,0.0,0.0,0.0,1.0,0.0,0.0,0.0,0.0,1.0,0.0,1.0,8.0,0.0,0.0,0.0,1.0,0.0,0.0,0.0,0.0,1.0,0.0,1.0,5.0,0.0,0.0,0.0,0.0,0.0,0.0,0.0,0.0,0.0,0.0,90.0,3.0,,,,,,,,,7,12
120,202210010401,0.0,0.0,0.0,0.0,0.0,1.0,0.0,11.0,0.0,0.0,0.0,0.0,0.0,0.0,0.0,0.0,0.0,1.0,0.0,7.0,0.0,0.0,0.0,0.0,0.0,0.0,0.0,0.0,0.0,1.0,0.0,3.0,0.0,0.0,0.0,0.0,0.0,0.0,13.0,8.0,0.0,0.0,14.0,9.0,0.0,0.0,9.0,9.0,4,5
121,202210010401,0.0,1.0,1.0,2.0,0.0,0.0,0.0,4.0,0.0,0.0,0.0,0.0,0.0,1.0,1.0,2.0,0.0,0.0,0.0,2.0,0.0,0.0,0.0,0.0,0.0,1.0,1.0,0.0,0.0,0.0,0.0,1.0,0.0,0.0,0.0,0.0,0.0,0.0,60.0,70.0,0.0,0.0,150.0,160.0,0.0,0.0,90.0,130.0,5,7
122,202210010401,0.0,0.0,0.0,4.0,0.0,0.0,0.0,3.0,0.0,0.0,0.0,0.0,0.0,0.0,0.0,3.0,0.0,0.0,0.0,1.0,0.0,0.0,0.0,0.0,0.0,0.0,0.0,3.0,0.0,0.0,0.0,1.0,0.0,0.0,0.0,0.0,0.0,0.0,4.0,1.0,0.0,0.0,11.0,9.0,0.0,0.0,11.0,11.0,2,2
123,202210010401,2.0,2.0,4.0,23.0,3.0,2.0,4.0,25.0,0.0,0.0,1.0,3.0,1.0,0.0,2.0,17.0,2.0,1.0,3.0,19.0,0.0,0.0,1.0,3.0,1.0,0.0,1.0,9.0,2.0,0.0,2.0,11.0,0.0,0.0,0.0,1.0,0.0,0.0,12.0,10.0,0.0,0.0,13.0,12.0,0.0,0.0,12.0,11.0,7,11
124,202210010401,2.0,0.0,0.0,7.0,3.0,2.0,4.0,25.0,0.0,0.0,0.0,1.0,1.0,0.0,0.0,3.0,2.0,1.0,3.0,19.0,0.0,0.0,0.0,1.0,1.0,0.0,0.0,2.0,2.0,0.0,2.0,11.0,0.0,0.0,0.0,1.0,0.0,0.0,3.0,,0.0,0.0,8.0,10.0,0.0,0.0,7.0,9.0,5,8
125,202210010401,0.0,0.0,0.0,3.0,1.0,1.0,0.0,10.0,0.0,0.0,0.0,1.0,0.0,0.0,0.0,2.0,1.0,0.0,0.0,5.0,0.0,0.0,0.0,1.0,0.0,0.0,0.0,2.0,0.0,0.0,0.0,3.0,0.0,0.0,0.0,1.0,0.0,0.0,5.0,4.0,0.0,0.0,12.0,10.0,0.0,0.0,14.0,11.0,6,9
126,202210010401,0.0,0.0,0.0,0.0,0.0,0.0,0.0,1.0,0.0,0.0,0.0,0.0,0.0,0.0,0.0,0.0,0.0,0.0,0.0,0.0,0.0,0.0,0.0,0.0,0.0,0.0,0.0,0.0,0.0,0.0,0.0,0.0,0.0,0.0,0.0,0.0,0.0,0.0,110.0,100.0,0.0,0.0,140.0,140.0,,,,,4,6
127,202210010408,1.0,0.0,0.0,1.0,0.0,0.0,0.0,0.0,0.0,0.0,0.0,0.0,0.0,0.0,0.0,0.0,0.0,0.0,0.0,0.0,0.0,0.0,0.0,0.0,0.0,0.0,0.0,0.0,0.0,0.0,0.0,0.0,0.0,0.0,0.0,0.0,0.0,0.0,80.0,4.0,0.0,0.0,100.0,12.0,0.0,0.0,110.0,10.0,6,11
128,202210010408,1.0,1.0,2.0,17.0,0.0,0.0,0.0,2.0,0.0,0.0,0.0,0.0,0.0,0.0,2.0,14.0,0.0,0.0,0.0,1.0,0.0,0.0,0.0,0.0,0.0,0.0,2.0,4.0,0.0,0.0,0.0,0.0,0.0,0.0,0.0,0.0,0.0,0.0,10.0,1.0,0.0,0.0,20.0,2.0,0.0,0.0,20.0,3.0,2,4
129,202210010408,1.0,1.0,2.0,1.0,2.0,1.0,2.0,18.0,0.0,0.0,0.0,0.0,1.0,1.0,2.0,0.0,2.0,1.0,2.0,15.0,0.0,0.0,0.0,0.0,1.0,1.0,2.0,0.0,0.0,1.0,1.0,6.0,0.0,0.0,0.0,0.0,0.0,0.0,8.0,9.0,0.0,0.0,12.0,14.0,0.0,0.0,10.0,12.0,3,6
130,202210010408,1.0,1.0,0.0,9.0,0.0,0.0,0.0,0.0,0.0,0.0,0.0,0.0,1.0,1.0,0.0,7.0,0.0,0.0,0.0,0.0,0.0,0.0,0.0,0.0,1.0,0.0,0.0,4.0,0.0,0.0,0.0,0.0,0.0,0.0,0.0,0.0,0.0,0.0,3.0,8.0,0.0,0.0,12.0,12.0,0.0,0.0,15.0,13.0,4,7
131,202210010408,0.0,2.0,1.0,5.0,0.0,0.0,0.0,0.0,0.0,0.0,0.0,0.0,0.0,2.0,0.0,2.0,0.0,0.0,0.0,0.0,0.0,0.0,0.0,0.0,0.0,1.0,0.0,1.0,0.0,0.0,0.0,0.0,0.0,0.0,0.0,0.0,0.0,0.0,9.0,11.0,0.0,0.0,14.0,14.0,0.0,0.0,10.0,12.0,1,1
132,202210010408,0.0,0.0,1.0,16.0,0.0,0.0,0.0,0.0,0.0,0.0,0.0,0.0,0.0,0.0,1.0,8.0,0.0,0.0,0.0,0.0,0.0,0.0,0.0,0.0,0.0,0.0,1.0,2.0,0.0,0.0,0.0,0.0,0.0,0.0,0.0,0.0,0.0,0.0,6.0,3.0,0.0,0.0,8.0,7.0,0.0,0.0,6.0,5.0,5,9
133,202210010408,1.0,0.0,0.0,7.0,1.0,1.0,0.0,7.0,0.0,0.0,0.0,0.0,1.0,0.0,0.0,5.0,1.0,0.0,0.0,3.0,0.0,0.0,0.0,0.0,1.0,0.0,0.0,2.0,0.0,0.0,0.0,1.0,0.0,0.0,0.0,0.0,0.0,0.0,9.0,3.0,0.0,0.0,4.0,4.0,0.0,0.0,3.0,11.0,1,2
134,202210010408,1.0,0.0,1.0,7.0,0.0,0.0,2.0,15.0,0.0,0.0,0.0,0.0,1.0,0.0,1.0,4.0,0.0,0.0,2.0,11.0,0.0,0.0,0.0,0.0,0.0,0.0,1.0,1.0,0.0,0.0,1.0,4.0,0.0,0.0,0.0,0.0,0.0,0.0,14.0,11.0,0.0,0.0,9.0,1.0,0.0,0.0,10.0,10.0,4,8
135,202210010408,0.0,0.0,0.0,0.0,0.0,0.0,0.0,3.0,0.0,0.0,0.0,0.0,0.0,0.0,0.0,0.0,0.0,0.0,0.0,3.0,0.0,0.0,0.0,0.0,0.0,0.0,0.0,0.0,0.0,0.0,0.0,2.0,0.0,0.0,0.0,0.0,0.0,0.0,12.0,11.0,0.0,0.0,15.0,13.0,0.0,0.0,14.0,11.0,8,15
136,202210010408,0.0,3.0,1.0,17.0,1.0,0.0,0.0,6.0,0.0,0.0,0.0,1.0,0.0,1.0,0.0,7.0,1.0,0.0,0.0,6.0,0.0,0.0,0.0,1.0,0.0,1.0,0.0,5.0,0.0,0.0,0.0,4.0,0.0,0.0,0.0,1.0,0.0,0.0,7.0,10.0,0.0,0.0,4.0,10.0,0.0,0.0,9.0,10.0,2,3
137,202210010408,0.0,1.0,0.0,5.0,5.0,3.0,2.0,17.0,0.0,0.0,0.0,0.0,0.0,0.0,0.0,3.0,5.0,2.0,1.0,10.0,0.0,0.0,0.0,0.0,0.0,0.0,0.0,0.0,3.0,0.0,1.0,2.0,0.0,0.0,0.0,0.0,0.0,0.0,6.0,4.0,0.0,0.0,8.0,5.0,0.0,0.0,8.0,5.0,7,14
138,202210010408,4.0,1.0,3.0,17.0,1.0,2.0,2.0,7.0,0.0,0.0,0.0,2.0,4.0,1.0,3.0,15.0,0.0,1.0,1.0,7.0,0.0,0.0,0.0,2.0,3.0,1.0,2.0,5.0,0.0,1.0,0.0,2.0,0.0,0.0,0.0,0.0,0.0,0.0,4.0,2.0,0.0,0.0,15.0,10.0,0.0,0.0,10.0,8.0,7,13
139,202210010408,3.0,3.0,1.0,12.0,0.0,1.0,0.0,0.0,0.0,0.0,0.0,0.0,2.0,3.0,0.0,11.0,0.0,0.0,0.0,0.0,0.0,0.0,0.0,0.0,2.0,2.0,0.0,6.0,0.0,0.0,0.0,0.0,0.0,0.0,0.0,0.0,0.0,0.0,7.0,2.0,0.0,0.0,12.0,14.0,0.0,0.0,2.0,1.0,5,10
140,202210010408,0.0,1.0,0.0,2.0,2.0,0.0,0.0,1.0,0.0,0.0,0.0,0.0,0.0,0.0,0.0,0.0,2.0,0.0,0.0,1.0,0.0,0.0,0.0,0.0,0.0,0.0,0.0,0.0,1.0,0.0,0.0,0.0,0.0,0.0,0.0,0.0,0.0,0.0,12.0,8.0,0.0,0.0,16.0,14.0,0.0,0.0,16.0,15.0,6,12
141,202210010408,0.0,0.0,0.0,0.0,0.0,0.0,0.0,2.0,0.0,0.0,0.0,0.0,0.0,0.0,0.0,0.0,0.0,0.0,0.0,2.0,0.0,0.0,0.0,0.0,0.0,0.0,0.0,0.0,0.0,0.0,0.0,1.0,0.0,0.0,0.0,0.0,0.0,0.0,8.0,9.0,0.0,0.0,14.0,10.0,0.0,0.0,9.0,7.0,8,16
142,202210010408,4.0,1.0,3.0,17.0,0.0,1.0,0.0,6.0,0.0,0.0,0.0,0.0,4.0,1.0,3.0,15.0,0.0,1.0,0.0,3.0,0.0,0.0,0.0,0.0,3.0,1.0,2.0,5.0,0.0,1.0,0.0,3.0,0.0,0.0,0.0,0.0,0.0,0.0,90.0,90.0,0.0,0.0,140.0,160.0,0.0,0.0,90.0,90.0,3,5
143,202210010411,2.0,3.0,3.0,20.0,0.0,0.0,1.0,14.0,0.0,0.0,0.0,0.0,0.0,1.0,1.0,7.0,0.0,0.0,0.0,12.0,0.0,0.0,0.0,0.0,0.0,0.0,0.0,0.0,0.0,0.0,0.0,2.0,0.0,0.0,0.0,0.0,0.0,0.0,5.0,14.0,0.0,0.0,8.0,6.0,0.0,0.0,10.0,3.0,5,7
144,202210010411,0.0,0.0,1.0,1.0,0.0,0.0,0.0,3.0,0.0,0.0,0.0,0.0,0.0,0.0,1.0,1.0,0.0,0.0,0.0,3.0,0.0,0.0,0.0,0.0,0.0,0.0,0.0,0.0,0.0,0.0,0.0,1.0,0.0,0.0,0.0,0.0,0.0,0.0,2.0,7.0,0.0,0.0,5.0,4.0,0.0,0.0,13.0,9.0,1,1
145,202210010411,2.0,3.0,1.0,15.0,3.0,1.0,3.0,28.0,1.0,0.0,0.0,1.0,2.0,3.0,1.0,11.0,3.0,1.0,3.0,17.0,1.0,0.0,0.0,1.0,0.0,0.0,0.0,0.0,0.0,0.0,0.0,0.0,0.0,0.0,0.0,0.0,0.0,0.0,100.0,6.0,0.0,0.0,100.0,9.0,0.0,0.0,100.0,12.0,4,5
146,202210010411,0.0,0.0,0.0,1.0,0.0,1.0,0.0,12.0,0.0,0.0,0.0,0.0,0.0,0.0,0.0,1.0,0.0,0.0,0.0,10.0,0.0,0.0,0.0,0.0,0.0,0.0,0.0,0.0,0.0,0.0,0.0,0.0,0.0,0.0,0.0,0.0,0.0,0.0,80.0,6.0,0.0,0.0,150.0,4.0,0.0,0.0,130.0,1.0,7,11
147,202210010411,1.0,0.0,1.0,10.0,3.0,1.0,3.0,20.0,0.0,0.0,0.0,0.0,0.0,0.0,1.0,7.0,3.0,1.0,3.0,15.0,0.0,0.0,0.0,0.0,0.0,0.0,0.0,0.0,0.0,0.0,0.0,1.0,0.0,0.0,0.0,0.0,0.0,0.0,9.0,7.0,0.0,0.0,12.0,13.0,0.0,0.0,14.0,11.0,8,13
148,202210010411,1.0,2.0,1.0,11.0,0.0,1.0,0.0,0.0,0.0,1.0,0.0,0.0,1.0,2.0,0.0,8.0,0.0,1.0,0.0,0.0,0.0,1.0,0.0,0.0,0.0,0.0,0.0,0.0,0.0,0.0,0.0,0.0,0.0,0.0,0.0,0.0,0.0,0.0,11.0,10.0,0.0,0.0,16.0,8.0,0.0,0.0,15.0,11.0,7,12
149,202210010411,2.0,3.0,1.0,15.0,3.0,1.0,0.0,16.0,0.0,0.0,0.0,0.0,2.0,3.0,1.0,11.0,2.0,1.0,0.0,7.0,0.0,0.0,0.0,0.0,0.0,0.0,0.0,0.0,0.0,0.0,0.0,0.0,0.0,0.0,0.0,0.0,0.0,0.0,3.0,4.0,0.0,0.0,15.0,10.0,0.0,0.0,11.0,12.0,6,10
150,202210010411,1.0,0.0,0.0,7.0,3.0,1.0,3.0,28.0,0.0,0.0,0.0,0.0,1.0,0.0,0.0,5.0,3.0,1.0,3.0,17.0,0.0,0.0,0.0,0.0,0.0,0.0,0.0,1.0,0.0,0.0,0.0,0.0,0.0,0.0,0.0,0.0,0.0,0.0,50.0,30.0,0.0,0.0,140.0,150.0,0.0,0.0,110.0,30.0,6,9
151,202210010411,0.0,0.0,0.0,3.0,0.0,0.0,0.0,0.0,0.0,0.0,0.0,0.0,0.0,0.0,0.0,1.0,0.0,0.0,0.0,0.0,0.0,0.0,0.0,0.0,0.0,0.0,0.0,0.0,0.0,0.0,0.0,0.0,0.0,0.0,0.0,0.0,0.0,0.0,40.0,8.0,0.0,0.0,100.0,13.0,0.0,0.0,50.0,8.0,8,14
152,202210010411,1.0,0.0,1.0,11.0,0.0,3.0,1.0,18.0,0.0,0.0,0.0,0.0,0.0,0.0,1.0,7.0,0.0,1.0,0.0,10.0,0.0,0.0,0.0,0.0,0.0,0.0,0.0,0.0,0.0,0.0,0.0,0.0,0.0,0.0,0.0,0.0,0.0,0.0,50.0,5.0,0.0,0.0,30.0,4.0,0.0,0.0,20.0,2.0,3,4
153,202210010411,0.0,2.0,1.0,6.0,2.0,3.0,4.0,32.0,0.0,0.0,0.0,0.0,0.0,1.0,1.0,5.0,0.0,2.0,3.0,21.0,0.0,0.0,0.0,0.0,0.0,0.0,0.0,1.0,0.0,0.0,0.0,1.0,0.0,0.0,0.0,0.0,0.0,0.0,8.0,11.0,0.0,0.0,13.0,8.0,0.0,0.0,16.0,9.0,2,2
154,202210010411,0.0,1.0,1.0,17.0,1.0,0.0,0.0,1.0,0.0,0.0,0.0,0.0,0.0,0.0,0.0,1.0,0.0,0.0,0.0,0.0,0.0,0.0,0.0,0.0,0.0,0.0,0.0,0.0,0.0,0.0,0.0,0.0,0.0,0.0,0.0,0.0,0.0,0.0,7.0,10.0,0.0,0.0,5.0,2.0,0.0,0.0,5.0,14.0,4,6
155,202210010411,0.0,2.0,2.0,16.0,3.0,1.0,3.0,28.0,0.0,1.0,1.0,3.0,0.0,1.0,2.0,14.0,3.0,1.0,3.0,17.0,0.0,1.0,1.0,3.0,0.0,0.0,0.0,0.0,0.0,0.0,0.0,0.0,0.0,0.0,0.0,0.0,0.0,0.0,11.0,12.0,0.0,0.0,4.0,13.0,0.0,0.0,7.0,1.0,3,3
156,202210010411,1.0,1.0,2.0,17.0,2.0,1.0,2.0,18.0,0.0,0.0,0.0,4.0,0.0,0.0,2.0,14.0,2.0,1.0,2.0,15.0,0.0,0.0,0.0,3.0,0.0,0.0,0.0,0.0,0.0,0.0,0.0,0.0,0.0,0.0,0.0,0.0,0.0,0.0,9.0,4.0,0.0,0.0,8.0,12.0,0.0,0.0,9.0,,5,8
157,202210010501,0.0,0.0,0.0,1.0,0.0,0.0,0.0,1.0,0.0,0.0,0.0,0.0,0.0,0.0,0.0,0.0,0.0,0.0,0.0,0.0,0.0,0.0,0.0,0.0,0.0,0.0,0.0,0.0,0.0,0.0,0.0,0.0,0.0,0.0,0.0,0.0,0.0,0.0,10.0,2.0,0.0,0.0,10.0,2.0,,,,,2,2
158,202210010501,2.0,1.0,2.0,10.0,2.0,3.0,0.0,14.0,0.0,0.0,0.0,0.0,2.0,1.0,2.0,10.0,2.0,2.0,0.0,10.0,0.0,0.0,0.0,0.0,1.0,0.0,0.0,7.0,1.0,0.0,0.0,8.0,0.0,0.0,0.0,0.0,0.0,0.0,8.0,2.0,0.0,0.0,14.0,14.0,0.0,0.0,11.0,9.0,8,12
159,202210010501,0.0,1.0,1.0,9.0,5.0,4.0,1.0,46.0,0.0,0.0,0.0,0.0,0.0,1.0,0.0,7.0,3.0,2.0,1.0,36.0,0.0,0.0,0.0,0.0,0.0,1.0,0.0,2.0,2.0,0.0,0.0,10.0,0.0,0.0,0.0,0.0,0.0,0.0,110.0,10.0,0.0,0.0,100.0,7.0,0.0,0.0,130.0,7.0,6,9
160,202210010501,0.0,0.0,0.0,1.0,1.0,0.0,0.0,1.0,0.0,0.0,0.0,0.0,0.0,0.0,0.0,1.0,1.0,0.0,0.0,1.0,0.0,0.0,0.0,0.0,0.0,0.0,0.0,0.0,1.0,0.0,0.0,1.0,0.0,0.0,0.0,0.0,0.0,0.0,9.0,7.0,0.0,0.0,10.0,10.0,0.0,0.0,12.0,11.0,4,5
161,202210010501,0.0,0.0,0.0,12.0,0.0,0.0,1.0,3.0,0.0,0.0,0.0,0.0,0.0,0.0,0.0,10.0,0.0,0.0,1.0,1.0,0.0,0.0,0.0,0.0,0.0,0.0,0.0,4.0,0.0,0.0,0.0,0.0,0.0,0.0,0.0,0.0,0.0,0.0,10.0,6.0,0.0,0.0,30.0,2.0,0.0,0.0,50.0,2.0,4,4
162,202210010501,0.0,0.0,0.0,4.0,0.0,0.0,0.0,0.0,0.0,0.0,0.0,0.0,0.0,0.0,0.0,4.0,0.0,0.0,0.0,0.0,0.0,0.0,0.0,0.0,0.0,0.0,0.0,4.0,0.0,0.0,0.0,0.0,0.0,0.0,0.0,0.0,0.0,0.0,,,0.0,0.0,70.0,9.0,0.0,0.0,90.0,6.0,8,13
163,202210010501,1.0,3.0,7.0,28.0,1.0,3.0,1.0,44.0,0.0,0.0,0.0,0.0,0.0,1.0,5.0,18.0,1.0,2.0,1.0,37.0,0.0,0.0,0.0,0.0,0.0,0.0,4.0,14.0,0.0,0.0,0.0,17.0,0.0,0.0,0.0,0.0,0.0,0.0,3.0,6.0,0.0,0.0,15.0,14.0,0.0,0.0,8.0,9.0,5,7
164,202210010501,0.0,0.0,0.0,0.0,0.0,0.0,0.0,0.0,0.0,0.0,0.0,0.0,0.0,0.0,0.0,0.0,0.0,0.0,0.0,0.0,0.0,0.0,0.0,0.0,0.0,0.0,0.0,0.0,0.0,0.0,0.0,0.0,0.0,0.0,0.0,0.0,0.0,0.0,11.0,10.0,0.0,0.0,9.0,5.0,0.0,0.0,13.0,8.0,6,8
165,202210010501,0.0,0.0,0.0,0.0,0.0,0.0,0.0,3.0,0.0,0.0,0.0,0.0,0.0,0.0,0.0,0.0,0.0,0.0,0.0,0.0,0.0,0.0,0.0,0.0,0.0,0.0,0.0,0.0,0.0,0.0,0.0,0.0,0.0,0.0,0.0,0.0,0.0,0.0,4.0,10.0,0.0,0.0,6.0,12.0,0.0,0.0,5.0,9.0,1,1
166,202210010501,0.0,1.0,1.0,10.0,7.0,3.0,1.0,25.0,0.0,0.0,0.0,0.0,0.0,1.0,1.0,7.0,5.0,2.0,1.0,19.0,0.0,0.0,0.0,0.0,0.0,0.0,0.0,5.0,0.0,1.0,1.0,14.0,0.0,0.0,0.0,0.0,0.0,0.0,1.0,1.0,0.0,0.0,7.0,8.0,0.0,0.0,10.0,9.0,5,6
167,202210010501,1.0,0.0,0.0,5.0,0.0,1.0,0.0,13.0,0.0,0.0,0.0,0.0,0.0,0.0,0.0,1.0,0.0,1.0,0.0,10.0,0.0,0.0,0.0,0.0,0.0,0.0,0.0,1.0,0.0,1.0,0.0,6.0,0.0,0.0,0.0,0.0,0.0,0.0,40.0,3.0,0.0,0.0,50.0,4.0,0.0,0.0,50.0,5.0,3,3
168,202210010501,9.0,4.0,4.0,24.0,0.0,0.0,0.0,7.0,0.0,0.0,0.0,0.0,7.0,3.0,3.0,18.0,0.0,0.0,0.0,5.0,0.0,0.0,0.0,0.0,4.0,2.0,0.0,6.0,0.0,0.0,0.0,3.0,0.0,0.0,0.0,0.0,0.0,0.0,7.0,10.0,0.0,0.0,12.0,10.0,0.0,0.0,7.0,6.0,7,10
169,202210010501,0.0,0.0,2.0,0.0,2.0,0.0,0.0,13.0,0.0,0.0,0.0,0.0,0.0,0.0,1.0,0.0,1.0,0.0,0.0,8.0,0.0,0.0,0.0,0.0,0.0,0.0,0.0,0.0,1.0,0.0,0.0,5.0,0.0,0.0,0.0,0.0,0.0,0.0,90.0,11.0,0.0,0.0,140.0,9.0,,,,,7,11
170,202210010507,3.0,4.0,2.0,26.0,2.0,5.0,7.0,37.0,0.0,0.0,0.0,0.0,3.0,2.0,1.0,18.0,2.0,4.0,4.0,29.0,0.0,0.0,0.0,0.0,0.0,1.0,0.0,2.0,0.0,0.0,0.0,11.0,0.0,0.0,0.0,0.0,0.0,0.0,13.0,14.0,0.0,0.0,16.0,8.0,0.0,0.0,15.0,14.0,8,16
171,202210010507,2.0,2.0,4.0,16.0,0.0,0.0,0.0,0.0,0.0,0.0,0.0,0.0,2.0,1.0,4.0,13.0,0.0,0.0,0.0,0.0,0.0,0.0,0.0,0.0,1.0,0.0,1.0,4.0,0.0,0.0,0.0,0.0,0.0,0.0,0.0,0.0,0.0,0.0,9.0,11.0,0.0,0.0,14.0,14.0,0.0,0.0,10.0,12.0,1,2
172,202210010507,0.0,0.0,0.0,7.0,1.0,3.0,1.0,44.0,0.0,0.0,0.0,0.0,0.0,0.0,0.0,6.0,1.0,2.0,1.0,37.0,0.0,0.0,0.0,0.0,0.0,0.0,0.0,1.0,0.0,2.0,0.0,14.0,0.0,0.0,0.0,0.0,0.0,0.0,13.0,8.0,0.0,0.0,12.0,11.0,0.0,0.0,14.0,10.0,6,12
173,202210010507,2.0,7.0,2.0,29.0,0.0,2.0,3.0,19.0,0.0,0.0,0.0,1.0,1.0,0.0,1.0,20.0,0.0,1.0,2.0,12.0,0.0,0.0,0.0,1.0,1.0,0.0,0.0,3.0,0.0,0.0,2.0,1.0,0.0,0.0,0.0,0.0,0.0,0.0,9.0,10.0,0.0,0.0,11.0,13.0,0.0,0.0,9.0,9.0,1,1
174,202210010507,2.0,2.0,3.0,24.0,2.0,3.0,0.0,14.0,0.0,0.0,0.0,0.0,2.0,2.0,3.0,18.0,2.0,2.0,0.0,10.0,0.0,0.0,0.0,0.0,1.0,0.0,2.0,7.0,1.0,1.0,0.0,1.0,0.0,0.0,0.0,0.0,0.0,0.0,7.0,13.0,0.0,0.0,3.0,3.0,0.0,0.0,11.0,10.0,5,9
175,202210010507,1.0,0.0,0.0,12.0,1.0,1.0,0.0,5.0,1.0,0.0,0.0,1.0,0.0,0.0,0.0,8.0,0.0,1.0,0.0,4.0,0.0,0.0,0.0,1.0,0.0,0.0,0.0,4.0,0.0,0.0,0.0,0.0,0.0,0.0,0.0,0.0,0.0,0.0,12.0,11.0,0.0,0.0,11.0,11.0,0.0,0.0,15.0,13.0,3,6
176,202210010507,5.0,2.0,2.0,35.0,7.0,3.0,1.0,25.0,1.0,0.0,0.0,0.0,4.0,2.0,2.0,25.0,5.0,2.0,1.0,19.0,1.0,0.0,0.0,0.0,2.0,1.0,1.0,10.0,2.0,0.0,0.0,1.0,1.0,0.0,0.0,0.0,0.0,0.0,80.0,8.0,0.0,0.0,,,0.0,0.0,90.0,7.0,5,10
177,202210010507,2.0,2.0,1.0,11.0,4.0,3.0,5.0,26.0,0.0,0.0,0.0,0.0,1.0,1.0,0.0,7.0,1.0,3.0,1.0,19.0,0.0,0.0,0.0,0.0,0.0,0.0,0.0,0.0,1.0,1.0,0.0,7.0,0.0,0.0,0.0,0.0,0.0,0.0,15.0,12.0,0.0,0.0,13.0,12.0,0.0,0.0,9.0,12.0,2,3
178,202210010507,1.0,2.0,2.0,15.0,1.0,0.0,0.0,8.0,0.0,0.0,0.0,0.0,1.0,2.0,2.0,13.0,1.0,0.0,0.0,5.0,0.0,0.0,0.0,0.0,0.0,0.0,1.0,6.0,0.0,0.0,0.0,0.0,0.0,0.0,0.0,0.0,0.0,0.0,,,0.0,0.0,130.0,9.0,0.0,0.0,150.0,13.0,6,11
179,202210010507,0.0,0.0,1.0,9.0,1.0,1.0,1.0,11.0,0.0,0.0,0.0,0.0,0.0,0.0,1.0,6.0,1.0,0.0,0.0,7.0,0.0,0.0,0.0,0.0,0.0,0.0,0.0,0.0,0.0,0.0,0.0,2.0,0.0,0.0,0.0,0.0,0.0,0.0,90.0,9.0,0.0,0.0,70.0,12.0,0.0,0.0,120.0,10.0,2,4
180,202210010507,0.0,0.0,0.0,8.0,1.0,3.0,1.0,44.0,0.0,0.0,0.0,0.0,0.0,0.0,0.0,2.0,1.0,2.0,1.0,37.0,0.0,0.0,0.0,0.0,0.0,0.0,0.0,0.0,0.0,2.0,0.0,14.0,0.0,0.0,0.0,0.0,0.0,0.0,11.0,9.0,0.0,0.0,14.0,9.0,0.0,0.0,14.0,9.0,7,14
181,202210010507,0.0,1.0,0.0,3.0,0.0,0.0,2.0,13.0,0.0,0.0,0.0,0.0,0.0,1.0,0.0,2.0,0.0,0.0,2.0,12.0,0.0,0.0,0.0,0.0,0.0,1.0,0.0,0.0,0.0,0.0,0.0,5.0,0.0,0.0,0.0,0.0,0.0,0.0,5.0,8.0,0.0,0.0,13.0,10.0,0.0,0.0,10.0,7.0,4,8
182,202210010507,0.0,2.0,2.0,11.0,0.0,0.0,0.0,0.0,0.0,0.0,0.0,0.0,0.0,1.0,2.0,9.0,0.0,0.0,0.0,0.0,0.0,0.0,0.0,0.0,0.0,0.0,2.0,1.0,0.0,0.0,0.0,0.0,0.0,0.0,0.0,0.0,0.0,0.0,8.0,7.0,0.0,0.0,8.0,13.0,0.0,0.0,9.0,7.0,8,15
183,202210010507,0.0,3.0,0.0,16.0,1.0,0.0,0.0,3.0,0.0,0.0,0.0,0.0,0.0,3.0,0.0,15.0,0.0,0.0,0.0,0.0,0.0,0.0,0.0,0.0,0.0,1.0,0.0,8.0,0.0,0.0,0.0,0.0,0.0,0.0,0.0,0.0,0.0,0.0,11.0,10.0,0.0,0.0,13.0,10.0,0.0,0.0,10.0,11.0,7,13
184,202210010507,0.0,0.0,0.0,8.0,0.0,0.0,0.0,0.0,0.0,0.0,0.0,0.0,0.0,0.0,0.0,4.0,0.0,0.0,0.0,0.0,0.0,0.0,0.0,0.0,0.0,0.0,0.0,3.0,0.0,0.0,0.0,0.0,0.0,0.0,0.0,0.0,0.0,0.0,90.0,6.0,0.0,0.0,90.0,11.0,0.0,0.0,110.0,15.0,3,5
185,202210010507,0.0,0.0,1.0,6.0,1.0,4.0,2.0,26.0,0.0,0.0,0.0,0.0,0.0,0.0,1.0,6.0,1.0,4.0,2.0,19.0,0.0,0.0,0.0,0.0,0.0,0.0,0.0,0.0,1.0,1.0,1.0,3.0,0.0,0.0,0.0,0.0,0.0,0.0,6.0,7.0,0.0,0.0,15.0,11.0,0.0,0.0,9.0,7.0,4,7
186,202210010601,2.0,2.0,3.0,24.0,4.0,3.0,5.0,26.0,0.0,0.0,0.0,1.0,2.0,2.0,3.0,18.0,1.0,3.0,1.0,19.0,0.0,0.0,0.0,1.0,1.0,1.0,1.0,7.0,0.0,2.0,1.0,6.0,0.0,0.0,0.0,0.0,0.0,0.0,9.0,1.0,0.0,0.0,10.0,6.0,0.0,0.0,6.0,12.0,3,4
187,202210010601,2.0,5.0,0.0,23.0,0.0,0.0,0.0,1.0,0.0,0.0,0.0,0.0,1.0,4.0,0.0,15.0,0.0,0.0,0.0,0.0,0.0,0.0,0.0,0.0,1.0,0.0,0.0,10.0,0.0,0.0,0.0,0.0,0.0,0.0,0.0,0.0,0.0,0.0,5.0,13.0,0.0,0.0,11.0,8.0,0.0,0.0,4.0,12.0,4,5
188,202210010601,3.0,2.0,5.0,25.0,0.0,0.0,0.0,3.0,0.0,0.0,0.0,0.0,3.0,2.0,3.0,18.0,0.0,0.0,0.0,2.0,0.0,0.0,0.0,0.0,1.0,1.0,2.0,14.0,0.0,0.0,0.0,1.0,0.0,0.0,0.0,0.0,0.0,0.0,10.0,10.0,0.0,0.0,16.0,12.0,0.0,0.0,10.0,9.0,5,8
189,202210010601,3.0,4.0,2.0,26.0,1.0,3.0,1.0,44.0,0.0,0.0,1.0,1.0,3.0,2.0,1.0,18.0,1.0,2.0,1.0,37.0,0.0,0.0,1.0,1.0,3.0,0.0,0.0,8.0,0.0,0.0,0.0,17.0,0.0,0.0,0.0,1.0,0.0,0.0,12.0,12.0,0.0,0.0,4.0,14.0,0.0,0.0,8.0,11.0,5,7
190,202210010601,0.0,1.0,0.0,0.0,1.0,1.0,1.0,2.0,0.0,0.0,0.0,0.0,0.0,1.0,0.0,0.0,0.0,1.0,1.0,1.0,0.0,0.0,0.0,0.0,0.0,0.0,0.0,0.0,0.0,1.0,1.0,0.0,0.0,0.0,0.0,0.0,0.0,0.0,12.0,12.0,0.0,0.0,2.0,1.0,0.0,0.0,3.0,3.0,1,1
191,202210010601,1.0,3.0,7.0,28.0,3.0,2.0,1.0,34.0,0.0,0.0,0.0,0.0,0.0,1.0,5.0,18.0,3.0,1.0,0.0,28.0,0.0,0.0,0.0,0.0,0.0,0.0,4.0,14.0,0.0,0.0,0.0,13.0,0.0,0.0,0.0,0.0,0.0,0.0,50.0,4.0,0.0,0.0,60.0,6.0,0.0,0.0,10.0,8.0,6,10
192,202210010601,0.0,0.0,2.0,11.0,2.0,2.0,3.0,25.0,0.0,0.0,0.0,0.0,0.0,0.0,0.0,8.0,1.0,2.0,2.0,20.0,0.0,0.0,0.0,0.0,0.0,0.0,0.0,4.0,0.0,1.0,2.0,5.0,0.0,0.0,0.0,0.0,0.0,0.0,14.0,9.0,0.0,0.0,15.0,11.0,0.0,0.0,10.0,9.0,7,12
193,202210010601,1.0,3.0,7.0,28.0,2.0,5.0,7.0,37.0,0.0,1.0,1.0,4.0,0.0,1.0,5.0,18.0,2.0,4.0,4.0,29.0,0.0,0.0,1.0,1.0,0.0,0.0,4.0,14.0,2.0,3.0,3.0,12.0,0.0,0.0,1.0,1.0,0.0,0.0,5.0,3.0,0.0,0.0,14.0,12.0,0.0,0.0,15.0,13.0,7,11
194,202210010601,1.0,0.0,0.0,13.0,3.0,3.0,4.0,17.0,1.0,0.0,0.0,0.0,0.0,0.0,0.0,11.0,2.0,3.0,4.0,9.0,0.0,0.0,0.0,0.0,0.0,0.0,0.0,6.0,1.0,2.0,2.0,5.0,0.0,0.0,0.0,0.0,0.0,0.0,40.0,3.0,0.0,0.0,110.0,10.0,0.0,0.0,130.0,14.0,2,2
195,202210010601,2.0,1.0,2.0,4.0,0.0,0.0,0.0,0.0,0.0,0.0,0.0,0.0,1.0,1.0,1.0,4.0,0.0,0.0,0.0,0.0,0.0,0.0,0.0,0.0,0.0,1.0,0.0,4.0,0.0,0.0,0.0,0.0,0.0,0.0,0.0,0.0,0.0,0.0,7.0,7.0,0.0,0.0,9.0,9.0,0.0,0.0,7.0,8.0,8,14
196,202210010601,1.0,0.0,0.0,4.0,1.0,0.0,0.0,6.0,0.0,0.0,0.0,0.0,1.0,0.0,0.0,1.0,0.0,0.0,0.0,4.0,0.0,0.0,0.0,0.0,1.0,0.0,0.0,1.0,0.0,0.0,0.0,3.0,0.0,0.0,0.0,0.0,0.0,0.0,5.0,7.0,0.0,0.0,8.0,9.0,0.0,0.0,13.0,8.0,8,13
197,202210010601,0.0,0.0,0.0,3.0,1.0,1.0,1.0,11.0,0.0,0.0,0.0,0.0,0.0,0.0,0.0,1.0,1.0,0.0,0.0,7.0,0.0,0.0,0.0,0.0,0.0,0.0,0.0,1.0,0.0,0.0,0.0,1.0,0.0,0.0,0.0,0.0,0.0,0.0,16.0,16.0,0.0,0.0,16.0,11.0,0.0,0.0,14.0,12.0,4,6
198,202210010601,0.0,0.0,1.0,9.0,0.0,0.0,0.0,1.0,0.0,0.0,0.0,0.0,0.0,0.0,1.0,6.0,0.0,0.0,0.0,1.0,0.0,0.0,0.0,0.0,0.0,0.0,1.0,5.0,0.0,0.0,0.0,0.0,0.0,0.0,0.0,0.0,0.0,0.0,9.0,9.0,0.0,0.0,17.0,16.0,0.0,0.0,14.0,13.0,3,3
199,202210010601,0.0,0.0,0.0,1.0,5.0,4.0,1.0,46.0,0.0,0.0,0.0,1.0,0.0,0.0,0.0,0.0,3.0,2.0,1.0,36.0,0.0,0.0,0.0,0.0,0.0,0.0,0.0,0.0,2.0,0.0,0.0,10.0,0.0,0.0,0.0,0.0,0.0,0.0,11.0,8.0,0.0,0.0,13.0,14.0,0.0,0.0,14.0,14.0,6,9
200,202210010607,1.0,2.0,2.0,15.0,7.0,3.0,1.0,25.0,0.0,0.0,0.0,0.0,1.0,2.0,2.0,13.0,5.0,2.0,1.0,19.0,0.0,0.0,0.0,0.0,0.0,0.0,1.0,6.0,2.0,0.0,0.0,1.0,0.0,0.0,0.0,0.0,0.0,0.0,7.0,8.0,0.0,0.0,5.0,13.0,0.0,0.0,7.0,8.0,6,11
201,202210010607,0.0,0.0,0.0,1.0,0.0,2.0,2.0,9.0,0.0,0.0,0.0,0.0,0.0,0.0,0.0,1.0,0.0,1.0,1.0,6.0,0.0,0.0,0.0,0.0,0.0,0.0,0.0,0.0,0.0,1.0,0.0,3.0,0.0,0.0,0.0,0.0,0.0,0.0,7.0,16.0,0.0,0.0,8.0,16.0,0.0,0.0,1.0,8.0,2,4
202,202210010607,0.0,0.0,0.0,6.0,2.0,5.0,7.0,37.0,0.0,0.0,0.0,0.0,0.0,0.0,0.0,5.0,2.0,4.0,4.0,29.0,0.0,0.0,0.0,0.0,0.0,0.0,0.0,1.0,0.0,0.0,0.0,11.0,0.0,0.0,0.0,0.0,0.0,0.0,7.0,6.0,0.0,0.0,13.0,11.0,0.0,0.0,9.0,11.0,4,7
203,202210010607,1.0,2.0,2.0,15.0,2.0,1.0,0.0,5.0,0.0,0.0,0.0,0.0,1.0,2.0,2.0,13.0,2.0,1.0,0.0,3.0,0.0,0.0,0.0,0.0,0.0,0.0,1.0,6.0,1.0,0.0,0.0,0.0,0.0,0.0,0.0,0.0,0.0,0.0,5.0,6.0,0.0,0.0,12.0,4.0,0.0,0.0,6.0,10.0,1,1
204,202210010607,0.0,0.0,0.0,0.0,5.0,4.0,1.0,46.0,0.0,0.0,0.0,0.0,0.0,0.0,0.0,0.0,3.0,2.0,1.0,36.0,0.0,0.0,0.0,0.0,0.0,0.0,0.0,0.0,1.0,0.0,1.0,14.0,0.0,0.0,0.0,0.0,0.0,0.0,10.0,9.0,0.0,0.0,12.0,7.0,0.0,0.0,12.0,13.0,2,3
205,202210010607,1.0,0.0,0.0,4.0,1.0,0.0,0.0,2.0,0.0,0.0,0.0,0.0,1.0,0.0,0.0,1.0,1.0,0.0,0.0,2.0,0.0,0.0,0.0,0.0,0.0,0.0,0.0,0.0,1.0,0.0,0.0,1.0,0.0,0.0,0.0,0.0,0.0,0.0,50.0,3.0,0.0,0.0,150.0,14.0,0.0,0.0,110.0,10.0,7,13
206,202210010607,7.0,2.0,1.0,21.0,0.0,0.0,0.0,1.0,0.0,0.0,0.0,1.0,5.0,0.0,0.0,17.0,0.0,0.0,0.0,1.0,0.0,0.0,0.0,1.0,2.0,0.0,0.0,7.0,0.0,0.0,0.0,1.0,0.0,0.0,0.0,1.0,0.0,0.0,6.0,9.0,0.0,0.0,6.0,4.0,0.0,0.0,10.0,8.0,5,9
207,202210010607,0.0,0.0,1.0,6.0,3.0,2.0,1.0,34.0,0.0,0.0,0.0,0.0,0.0,0.0,1.0,6.0,3.0,1.0,0.0,28.0,0.0,0.0,0.0,0.0,0.0,0.0,0.0,0.0,0.0,0.0,0.0,4.0,0.0,0.0,0.0,0.0,0.0,0.0,10.0,10.0,0.0,0.0,18.0,17.0,0.0,0.0,15.0,16.0,3,6
208,202210010607,0.0,0.0,0.0,1.0,0.0,0.0,0.0,3.0,0.0,0.0,0.0,1.0,0.0,0.0,0.0,1.0,0.0,0.0,0.0,3.0,0.0,0.0,0.0,1.0,0.0,0.0,0.0,1.0,0.0,0.0,0.0,2.0,0.0,0.0,0.0,1.0,0.0,0.0,20.0,5.0,0.0,0.0,70.0,9.0,0.0,0.0,,,1,2
209,202210010607,0.0,0.0,0.0,5.0,0.0,0.0,0.0,1.0,0.0,0.0,0.0,0.0,0.0,0.0,0.0,4.0,0.0,0.0,0.0,1.0,0.0,0.0,0.0,0.0,0.0,0.0,0.0,1.0,0.0,0.0,0.0,0.0,0.0,0.0,0.0,0.0,0.0,0.0,9.0,9.0,0.0,0.0,13.0,11.0,0.0,0.0,13.0,8.0,6,12
210,202210010607,7.0,2.0,1.0,21.0,5.0,4.0,1.0,46.0,1.0,0.0,0.0,1.0,5.0,0.0,0.0,17.0,3.0,2.0,1.0,36.0,1.0,0.0,0.0,0.0,2.0,0.0,0.0,7.0,1.0,0.0,1.0,14.0,0.0,0.0,0.0,0.0,0.0,0.0,8.0,6.0,0.0,0.0,13.0,11.0,0.0,0.0,10.0,12.0,4,8
211,202210010607,0.0,0.0,0.0,0.0,0.0,0.0,0.0,0.0,0.0,0.0,0.0,0.0,0.0,0.0,0.0,0.0,0.0,0.0,0.0,0.0,0.0,0.0,0.0,0.0,0.0,0.0,0.0,0.0,0.0,0.0,0.0,0.0,0.0,0.0,0.0,0.0,0.0,0.0,4.0,2.0,0.0,0.0,6.0,5.0,0.0,0.0,3.0,8.0,8,16
212,202210010607,0.0,0.0,1.0,6.0,2.0,1.0,0.0,9.0,0.0,0.0,0.0,0.0,0.0,0.0,1.0,6.0,1.0,0.0,0.0,7.0,0.0,0.0,0.0,0.0,0.0,0.0,0.0,0.0,1.0,0.0,0.0,1.0,0.0,0.0,0.0,0.0,0.0,0.0,11.0,9.0,0.0,0.0,14.0,13.0,0.0,0.0,12.0,9.0,7,14
213,202210010607,0.0,0.0,0.0,1.0,0.0,0.0,0.0,3.0,0.0,0.0,0.0,0.0,0.0,0.0,0.0,0.0,0.0,0.0,0.0,0.0,0.0,0.0,0.0,0.0,0.0,0.0,0.0,0.0,0.0,0.0,0.0,0.0,0.0,0.0,0.0,0.0,0.0,0.0,6.0,,0.0,0.0,14.0,12.0,0.0,0.0,8.0,7.0,3,5
214,202210010607,9.0,4.0,4.0,24.0,0.0,0.0,0.0,0.0,0.0,0.0,0.0,0.0,7.0,3.0,3.0,18.0,0.0,0.0,0.0,0.0,0.0,0.0,0.0,0.0,1.0,0.0,2.0,5.0,0.0,0.0,0.0,0.0,0.0,0.0,0.0,0.0,0.0,0.0,6.0,4.0,0.0,0.0,7.0,8.0,0.0,0.0,8.0,7.0,8,15
215,202210010607,3.0,2.0,1.0,17.0,2.0,1.0,0.0,9.0,0.0,0.0,0.0,1.0,2.0,2.0,0.0,12.0,1.0,0.0,0.0,7.0,0.0,0.0,0.0,1.0,0.0,0.0,0.0,1.0,1.0,0.0,0.0,1.0,0.0,0.0,0.0,0.0,0.0,0.0,4.0,2.0,0.0,0.0,13.0,11.0,0.0,0.0,11.0,14.0,5,10
216,202210010610,1.0,0.0,0.0,19.0,1.0,4.0,2.0,26.0,0.0,0.0,0.0,1.0,0.0,0.0,0.0,17.0,1.0,4.0,2.0,19.0,0.0,0.0,0.0,1.0,0.0,0.0,0.0,6.0,0.0,1.0,0.0,0.0,0.0,0.0,0.0,0.0,0.0,0.0,1.0,1.0,0.0,0.0,2.0,2.0,0.0,0.0,2.0,3.0,6,8
217,202210010610,2.0,2.0,3.0,24.0,2.0,4.0,4.0,26.0,0.0,0.0,0.0,0.0,2.0,2.0,3.0,18.0,0.0,3.0,2.0,15.0,0.0,0.0,0.0,0.0,0.0,1.0,0.0,1.0,0.0,0.0,1.0,2.0,0.0,0.0,0.0,0.0,0.0,0.0,12.0,15.0,0.0,0.0,5.0,13.0,0.0,0.0,12.0,9.0,2,2
218,202210010610,4.0,4.0,2.0,32.0,3.0,3.0,4.0,17.0,0.0,0.0,0.0,0.0,0.0,3.0,1.0,21.0,2.0,3.0,4.0,9.0,0.0,0.0,0.0,0.0,0.0,1.0,0.0,3.0,0.0,0.0,0.0,0.0,0.0,0.0,0.0,0.0,0.0,0.0,6.0,8.0,0.0,0.0,11.0,11.0,0.0,0.0,14.0,13.0,5,6
219,202210010610,4.0,4.0,2.0,32.0,1.0,0.0,3.0,35.0,0.0,0.0,0.0,2.0,0.0,3.0,1.0,21.0,0.0,0.0,3.0,26.0,0.0,0.0,0.0,2.0,0.0,1.0,0.0,3.0,0.0,0.0,0.0,2.0,0.0,0.0,0.0,0.0,0.0,0.0,10.0,10.0,0.0,0.0,8.0,11.0,0.0,0.0,14.0,8.0,6,9
220,202210010610,4.0,4.0,2.0,32.0,2.0,0.0,1.0,24.0,0.0,0.0,0.0,2.0,0.0,3.0,1.0,21.0,2.0,0.0,1.0,18.0,0.0,0.0,0.0,1.0,0.0,1.0,0.0,3.0,1.0,0.0,0.0,4.0,0.0,0.0,0.0,1.0,0.0,0.0,,,0.0,0.0,90.0,7.0,0.0,0.0,70.0,7.0,4,5
221,202210010610,9.0,4.0,4.0,24.0,0.0,1.0,0.0,5.0,0.0,1.0,0.0,4.0,7.0,3.0,3.0,18.0,0.0,1.0,0.0,5.0,0.0,1.0,0.0,4.0,0.0,0.0,1.0,4.0,0.0,0.0,0.0,1.0,0.0,0.0,0.0,1.0,0.0,0.0,6.0,3.0,0.0,0.0,9.0,7.0,0.0,0.0,7.0,2.0,7,10
222,202210010610,0.0,2.0,0.0,5.0,2.0,0.0,0.0,13.0,0.0,0.0,0.0,0.0,0.0,1.0,0.0,4.0,1.0,0.0,0.0,8.0,0.0,0.0,0.0,0.0,0.0,0.0,0.0,0.0,0.0,0.0,0.0,2.0,0.0,0.0,0.0,0.0,0.0,0.0,16.0,16.0,0.0,0.0,13.0,12.0,0.0,0.0,15.0,12.0,1,1
223,202210010610,7.0,5.0,2.0,35.0,0.0,2.0,3.0,19.0,0.0,0.0,0.0,0.0,4.0,4.0,1.0,26.0,0.0,1.0,2.0,12.0,0.0,0.0,0.0,0.0,1.0,0.0,1.0,9.0,0.0,1.0,0.0,2.0,0.0,0.0,0.0,0.0,0.0,0.0,15.0,16.0,0.0,0.0,15.0,14.0,0.0,0.0,11.0,15.0,7,11
224,202210010610,7.0,5.0,2.0,35.0,0.0,0.0,0.0,5.0,0.0,0.0,0.0,0.0,4.0,4.0,1.0,26.0,0.0,0.0,0.0,3.0,0.0,0.0,0.0,0.0,1.0,0.0,1.0,9.0,0.0,0.0,0.0,1.0,0.0,0.0,0.0,0.0,0.0,0.0,4.0,6.0,0.0,0.0,12.0,4.0,0.0,0.0,14.0,9.0,5,7
225,202210010610,0.0,0.0,0.0,8.0,0.0,0.0,0.0,3.0,0.0,0.0,0.0,0.0,0.0,0.0,0.0,4.0,0.0,0.0,0.0,3.0,0.0,0.0,0.0,0.0,0.0,0.0,0.0,0.0,0.0,0.0,0.0,0.0,0.0,0.0,0.0,0.0,0.0,0.0,14.0,13.0,0.0,0.0,15.0,12.0,0.0,0.0,9.0,10.0,4,4
226,202210010610,4.0,0.0,3.0,42.0,2.0,2.0,3.0,25.0,0.0,0.0,0.0,2.0,4.0,0.0,3.0,39.0,1.0,2.0,2.0,20.0,0.0,0.0,0.0,2.0,0.0,0.0,0.0,5.0,0.0,0.0,0.0,4.0,0.0,0.0,0.0,0.0,0.0,0.0,8.0,9.0,0.0,0.0,12.0,14.0,0.0,0.0,13.0,11.0,8,13
227,202210010610,0.0,0.0,0.0,13.0,0.0,0.0,0.0,2.0,0.0,0.0,0.0,0.0,0.0,0.0,0.0,11.0,0.0,0.0,0.0,2.0,0.0,0.0,0.0,0.0,0.0,0.0,0.0,0.0,0.0,0.0,0.0,1.0,0.0,0.0,0.0,0.0,0.0,0.0,16.0,13.0,0.0,0.0,12.0,10.0,0.0,0.0,13.0,13.0,8,12
228,202210010610,3.0,2.0,1.0,17.0,7.0,3.0,1.0,25.0,2.0,1.0,0.0,3.0,2.0,2.0,0.0,12.0,5.0,2.0,1.0,19.0,2.0,1.0,0.0,2.0,0.0,1.0,0.0,2.0,0.0,0.0,0.0,0.0,0.0,0.0,0.0,0.0,0.0,0.0,10.0,,0.0,0.0,12.0,13.0,0.0,0.0,6.0,12.0,3,3
229,202210010701,1.0,3.0,7.0,28.0,0.0,0.0,0.0,0.0,0.0,0.0,0.0,0.0,0.0,1.0,5.0,18.0,0.0,0.0,0.0,0.0,0.0,0.0,0.0,0.0,0.0,0.0,4.0,14.0,0.0,0.0,0.0,0.0,0.0,0.0,0.0,0.0,0.0,0.0,6.0,9.0,0.0,0.0,9.0,9.0,0.0,0.0,14.0,13.0,7,10
230,202210010701,0.0,0.0,1.0,9.0,0.0,0.0,0.0,1.0,0.0,0.0,0.0,0.0,0.0,0.0,1.0,6.0,0.0,0.0,0.0,0.0,0.0,0.0,0.0,0.0,0.0,0.0,1.0,5.0,0.0,0.0,0.0,0.0,0.0,0.0,0.0,0.0,0.0,0.0,20.0,3.0,0.0,0.0,20.0,6.0,0.0,0.0,30.0,2.0,7,9
231,202210010701,7.0,2.0,1.0,21.0,2.0,2.0,3.0,25.0,0.0,0.0,0.0,0.0,5.0,0.0,0.0,17.0,1.0,2.0,2.0,20.0,0.0,0.0,0.0,0.0,1.0,0.0,0.0,5.0,0.0,1.0,2.0,5.0,0.0,0.0,0.0,0.0,0.0,0.0,4.0,8.0,0.0,0.0,9.0,11.0,0.0,0.0,2.0,5.0,6,8
232,202210010701,1.0,0.0,0.0,12.0,0.0,0.0,0.0,4.0,0.0,0.0,0.0,1.0,0.0,0.0,0.0,8.0,0.0,0.0,0.0,3.0,0.0,0.0,0.0,1.0,0.0,0.0,0.0,1.0,0.0,0.0,0.0,1.0,0.0,0.0,0.0,0.0,0.0,0.0,110.0,14.0,0.0,0.0,60.0,10.0,0.0,0.0,8.0,8.0,6,7
233,202210010701,0.0,0.0,1.0,9.0,0.0,1.0,0.0,0.0,0.0,0.0,0.0,0.0,0.0,0.0,1.0,6.0,0.0,1.0,0.0,0.0,0.0,0.0,0.0,0.0,0.0,0.0,1.0,5.0,0.0,1.0,0.0,0.0,0.0,0.0,0.0,0.0,0.0,0.0,10.0,14.0,0.0,0.0,7.0,2.0,0.0,0.0,5.0,3.0,3,3
234,202210010701,0.0,1.0,0.0,0.0,5.0,4.0,1.0,46.0,0.0,0.0,0.0,0.0,0.0,1.0,0.0,0.0,3.0,2.0,1.0,36.0,0.0,0.0,0.0,0.0,0.0,0.0,0.0,0.0,2.0,0.0,0.0,10.0,0.0,0.0,0.0,0.0,0.0,0.0,16.0,12.0,0.0,0.0,14.0,15.0,0.0,0.0,11.0,16.0,5,5
235,202210010701,2.0,2.0,1.0,11.0,1.0,4.0,2.0,26.0,0.0,0.0,0.0,1.0,1.0,1.0,0.0,7.0,1.0,4.0,2.0,19.0,0.0,0.0,0.0,0.0,0.0,0.0,0.0,3.0,0.0,2.0,1.0,15.0,0.0,0.0,0.0,0.0,0.0,0.0,10.0,6.0,0.0,0.0,9.0,13.0,0.0,0.0,10.0,7.0,2,2
236,202210010701,7.0,2.0,1.0,21.0,2.0,0.0,1.0,24.0,0.0,0.0,0.0,0.0,5.0,0.0,0.0,17.0,2.0,0.0,1.0,18.0,0.0,0.0,0.0,0.0,1.0,0.0,0.0,5.0,0.0,0.0,1.0,11.0,0.0,0.0,0.0,0.0,0.0,0.0,60.0,4.0,0.0,0.0,90.0,6.0,,,,,1,1
237,202210010701,0.0,0.0,0.0,2.0,2.0,4.0,4.0,26.0,0.0,0.0,0.0,0.0,0.0,0.0,0.0,1.0,0.0,3.0,2.0,15.0,0.0,0.0,0.0,0.0,0.0,0.0,0.0,0.0,0.0,3.0,1.0,8.0,0.0,0.0,0.0,0.0,0.0,0.0,9.0,9.0,0.0,0.0,10.0,10.0,0.0,0.0,6.0,12.0,5,6
238,202210010701,0.0,0.0,0.0,6.0,0.0,0.0,0.0,1.0,0.0,0.0,0.0,0.0,0.0,0.0,0.0,6.0,0.0,0.0,0.0,1.0,0.0,0.0,0.0,0.0,0.0,0.0,0.0,5.0,0.0,0.0,0.0,1.0,0.0,0.0,0.0,0.0,0.0,0.0,8.0,7.0,0.0,0.0,7.0,13.0,0.0,0.0,9.0,10.0,4,4
239,202210010701,1.0,3.0,0.0,6.0,2.0,3.0,0.0,14.0,0.0,0.0,0.0,0.0,1.0,3.0,0.0,5.0,2.0,2.0,0.0,10.0,0.0,0.0,0.0,0.0,0.0,3.0,0.0,4.0,1.0,0.0,0.0,8.0,0.0,0.0,0.0,0.0,0.0,0.0,60.0,3.0,0.0,0.0,150.0,16.0,0.0,0.0,140.0,12.0,8,11
240,202210010701,1.0,3.0,0.0,6.0,0.0,0.0,0.0,0.0,0.0,0.0,0.0,0.0,1.0,3.0,0.0,5.0,0.0,0.0,0.0,0.0,0.0,0.0,0.0,0.0,0.0,3.0,0.0,4.0,0.0,0.0,0.0,0.0,0.0,0.0,0.0,0.0,0.0,0.0,120.0,11.0,0.0,0.0,110.0,9.0,0.0,0.0,100.0,15.0,8,12
241,202210010707,9.0,4.0,4.0,24.0,0.0,1.0,1.0,2.0,0.0,0.0,1.0,0.0,7.0,3.0,3.0,18.0,0.0,1.0,1.0,2.0,0.0,0.0,1.0,0.0,1.0,0.0,2.0,5.0,0.0,1.0,1.0,2.0,0.0,0.0,1.0,0.0,0.0,0.0,11.0,,0.0,0.0,4.0,9.0,0.0,0.0,5.0,8.0,1,1
242,202210010707,1.0,1.0,2.0,16.0,0.0,0.0,0.0,2.0,0.0,0.0,0.0,0.0,0.0,1.0,2.0,15.0,0.0,0.0,0.0,2.0,0.0,0.0,0.0,0.0,0.0,1.0,0.0,3.0,0.0,0.0,0.0,1.0,0.0,0.0,0.0,0.0,0.0,0.0,11.0,12.0,0.0,0.0,12.0,9.0,0.0,0.0,6.0,5.0,4,4
243,202210010707,0.0,0.0,0.0,5.0,0.0,0.0,0.0,0.0,0.0,0.0,0.0,0.0,0.0,0.0,0.0,4.0,0.0,0.0,0.0,0.0,0.0,0.0,0.0,0.0,0.0,0.0,0.0,1.0,0.0,0.0,0.0,0.0,0.0,0.0,0.0,0.0,0.0,0.0,7.0,11.0,0.0,0.0,5.0,14.0,0.0,0.0,4.0,3.0,8,12
244,202210010707,4.0,4.0,2.0,32.0,2.0,2.0,3.0,25.0,0.0,0.0,0.0,1.0,0.0,3.0,1.0,21.0,1.0,2.0,2.0,20.0,0.0,0.0,0.0,1.0,0.0,1.0,0.0,9.0,1.0,1.0,0.0,8.0,0.0,0.0,0.0,1.0,0.0,0.0,3.0,11.0,0.0,0.0,9.0,11.0,0.0,0.0,13.0,9.0,2,2
245,202210010707,0.0,2.0,2.0,11.0,5.0,4.0,1.0,46.0,0.0,0.0,1.0,0.0,0.0,1.0,2.0,9.0,3.0,2.0,1.0,36.0,0.0,0.0,1.0,0.0,0.0,0.0,2.0,1.0,1.0,0.0,1.0,14.0,0.0,0.0,1.0,0.0,0.0,0.0,3.0,7.0,0.0,0.0,12.0,11.0,0.0,0.0,10.0,11.0,5,5
246,202210010707,0.0,0.0,0.0,10.0,0.0,2.0,0.0,9.0,0.0,0.0,0.0,0.0,0.0,0.0,0.0,7.0,0.0,0.0,0.0,7.0,0.0,0.0,0.0,0.0,0.0,0.0,0.0,5.0,0.0,0.0,0.0,3.0,0.0,0.0,0.0,0.0,0.0,0.0,,,0.0,0.0,140.0,12.0,0.0,0.0,150.0,11.0,6,7
247,202210010707,0.0,2.0,2.0,11.0,0.0,0.0,0.0,0.0,0.0,0.0,0.0,0.0,0.0,1.0,2.0,9.0,0.0,0.0,0.0,0.0,0.0,0.0,0.0,0.0,0.0,0.0,2.0,1.0,0.0,0.0,0.0,0.0,0.0,0.0,0.0,0.0,0.0,0.0,8.0,7.0,0.0,0.0,8.0,13.0,0.0,0.0,9.0,7.0,8,11
248,202210010707,7.0,2.0,1.0,21.0,7.0,3.0,1.0,25.0,0.0,0.0,0.0,1.0,5.0,0.0,0.0,17.0,5.0,2.0,1.0,19.0,0.0,0.0,0.0,1.0,2.0,0.0,0.0,7.0,2.0,0.0,0.0,1.0,0.0,0.0,0.0,0.0,0.0,0.0,10.0,8.0,0.0,0.0,10.0,9.0,0.0,0.0,5.0,5.0,3,3
249,202210010707,0.0,0.0,2.0,11.0,2.0,5.0,7.0,37.0,0.0,0.0,0.0,1.0,0.0,0.0,0.0,8.0,2.0,4.0,4.0,29.0,0.0,0.0,0.0,1.0,0.0,0.0,0.0,3.0,0.0,0.0,0.0,11.0,0.0,0.0,0.0,0.0,0.0,0.0,11.0,9.0,0.0,0.0,15.0,15.0,0.0,0.0,9.0,12.0,5,6
250,202210010707,0.0,0.0,0.0,12.0,0.0,0.0,0.0,0.0,0.0,0.0,0.0,0.0,0.0,0.0,0.0,8.0,0.0,0.0,0.0,0.0,0.0,0.0,0.0,0.0,0.0,0.0,0.0,3.0,0.0,0.0,0.0,0.0,0.0,0.0,0.0,0.0,0.0,0.0,10.0,6.0,0.0,0.0,10.0,10.0,0.0,0.0,8.0,6.0,7,10
251,202210010707,1.0,1.0,2.0,16.0,1.0,0.0,1.0,2.0,0.0,0.0,0.0,0.0,0.0,1.0,2.0,15.0,1.0,0.0,0.0,1.0,0.0,0.0,0.0,0.0,0.0,1.0,0.0,3.0,1.0,0.0,0.0,1.0,0.0,0.0,0.0,0.0,0.0,0.0,6.0,5.0,0.0,0.0,10.0,10.0,0.0,0.0,5.0,11.0,7,9
252,202210010707,0.0,0.0,1.0,3.0,2.0,0.0,1.0,24.0,0.0,0.0,0.0,0.0,0.0,0.0,0.0,0.0,2.0,0.0,1.0,18.0,0.0,0.0,0.0,0.0,0.0,0.0,0.0,0.0,1.0,0.0,0.0,3.0,0.0,0.0,0.0,0.0,0.0,0.0,16.0,14.0,0.0,0.0,12.0,12.0,0.0,0.0,15.0,15.0,6,8
253,202210010710,0.0,0.0,0.0,6.0,0.0,1.0,0.0,13.0,0.0,0.0,0.0,1.0,0.0,0.0,0.0,6.0,0.0,1.0,0.0,10.0,0.0,0.0,0.0,1.0,0.0,0.0,0.0,1.0,0.0,0.0,0.0,3.0,0.0,0.0,0.0,1.0,0.0,0.0,5.0,12.0,0.0,0.0,12.0,16.0,0.0,0.0,1.0,1.0,3,3
254,202210010710,3.0,4.0,2.0,26.0,1.0,0.0,0.0,0.0,1.0,0.0,0.0,0.0,3.0,2.0,1.0,18.0,1.0,0.0,0.0,0.0,1.0,0.0,0.0,0.0,0.0,1.0,0.0,2.0,0.0,0.0,0.0,0.0,0.0,0.0,0.0,0.0,0.0,0.0,3.0,7.0,0.0,0.0,4.0,14.0,0.0,0.0,8.0,6.0,1,1
255,202210010710,1.0,3.0,0.0,6.0,2.0,3.0,0.0,14.0,0.0,0.0,0.0,0.0,1.0,3.0,0.0,5.0,2.0,2.0,0.0,10.0,0.0,0.0,0.0,0.0,1.0,0.0,0.0,1.0,1.0,1.0,0.0,1.0,0.0,0.0,0.0,0.0,0.0,0.0,40.0,4.0,0.0,0.0,140.0,14.0,0.0,0.0,140.0,13.0,6,6
256,202210010710,0.0,0.0,1.0,0.0,3.0,3.0,4.0,17.0,0.0,0.0,1.0,0.0,0.0,0.0,1.0,0.0,2.0,3.0,4.0,9.0,0.0,0.0,1.0,0.0,0.0,0.0,1.0,0.0,1.0,1.0,2.0,2.0,0.0,0.0,1.0,0.0,0.0,0.0,5.0,6.0,0.0,0.0,7.0,11.0,0.0,0.0,2.0,8.0,2,2
257,202210010710,1.0,0.0,0.0,4.0,5.0,2.0,2.0,35.0,0.0,0.0,0.0,0.0,1.0,0.0,0.0,1.0,3.0,2.0,2.0,24.0,0.0,0.0,0.0,0.0,0.0,0.0,0.0,0.0,0.0,0.0,1.0,8.0,0.0,0.0,0.0,0.0,0.0,0.0,3.0,10.0,0.0,0.0,5.0,6.0,0.0,0.0,2.0,2.0,7,7
258,202210010710,0.0,0.0,0.0,10.0,0.0,0.0,0.0,4.0,0.0,0.0,0.0,4.0,0.0,0.0,0.0,7.0,0.0,0.0,0.0,4.0,0.0,0.0,0.0,4.0,0.0,0.0,0.0,5.0,0.0,0.0,0.0,4.0,0.0,0.0,0.0,4.0,0.0,0.0,7.0,10.0,0.0,0.0,7.0,11.0,0.0,0.0,1.0,1.0,4,4
259,202210010710,0.0,0.0,0.0,5.0,1.0,3.0,1.0,44.0,0.0,0.0,0.0,0.0,0.0,0.0,0.0,4.0,1.0,2.0,1.0,37.0,0.0,0.0,0.0,0.0,0.0,0.0,0.0,1.0,0.0,2.0,0.0,14.0,0.0,0.0,0.0,0.0,0.0,0.0,6.0,10.0,0.0,0.0,2.0,4.0,0.0,0.0,1.0,2.0,8,8
260,202210010710,2.0,2.0,4.0,16.0,3.0,3.0,4.0,17.0,0.0,0.0,1.0,1.0,2.0,1.0,4.0,13.0,2.0,3.0,4.0,9.0,0.0,0.0,1.0,1.0,1.0,0.0,1.0,4.0,1.0,1.0,2.0,2.0,0.0,0.0,0.0,0.0,0.0,0.0,12.0,10.0,0.0,0.0,8.0,8.0,0.0,0.0,11.0,5.0,5,5
261,202210010801,0.0,0.0,0.0,0.0,0.0,0.0,0.0,0.0,0.0,0.0,0.0,0.0,0.0,0.0,0.0,0.0,0.0,0.0,0.0,0.0,0.0,0.0,0.0,0.0,0.0,0.0,0.0,0.0,0.0,0.0,0.0,0.0,0.0,0.0,0.0,0.0,0.0,0.0,10.0,90.0,0.0,0.0,100.0,100.0,0.0,0.0,20.0,10.0,1,2
262,202210010801,0.0,0.0,0.0,10.0,0.0,1.0,2.0,0.0,0.0,0.0,0.0,0.0,0.0,0.0,0.0,7.0,0.0,0.0,0.0,0.0,0.0,0.0,0.0,0.0,0.0,0.0,0.0,2.0,0.0,0.0,0.0,0.0,0.0,0.0,0.0,0.0,0.0,0.0,4.0,3.0,0.0,0.0,9.0,10.0,0.0,0.0,3.0,5.0,8,16
263,202210010801,0.0,0.0,0.0,6.0,0.0,0.0,0.0,3.0,0.0,0.0,0.0,0.0,0.0,0.0,0.0,5.0,0.0,0.0,0.0,0.0,0.0,0.0,0.0,0.0,0.0,0.0,0.0,4.0,0.0,0.0,0.0,0.0,0.0,0.0,0.0,0.0,0.0,0.0,110.0,7.0,0.0,0.0,70.0,10.0,0.0,0.0,140.0,8.0,5,10
264,202210010801,0.0,0.0,0.0,0.0,0.0,1.0,0.0,3.0,0.0,0.0,0.0,0.0,0.0,0.0,0.0,0.0,0.0,0.0,0.0,2.0,0.0,0.0,0.0,0.0,0.0,0.0,0.0,0.0,0.0,0.0,0.0,1.0,0.0,0.0,0.0,0.0,0.0,0.0,40.0,5.0,0.0,0.0,60.0,5.0,0.0,0.0,40.0,4.0,8,15
265,202210010801,3.0,2.0,5.0,25.0,0.0,0.0,0.0,0.0,0.0,0.0,0.0,0.0,3.0,2.0,3.0,18.0,0.0,0.0,0.0,0.0,0.0,0.0,0.0,0.0,1.0,1.0,2.0,14.0,0.0,0.0,0.0,0.0,0.0,0.0,0.0,0.0,0.0,0.0,60.0,8.0,0.0,0.0,80.0,7.0,0.0,0.0,60.0,4.0,4,8
266,202210010801,0.0,0.0,1.0,6.0,0.0,2.0,0.0,9.0,0.0,0.0,0.0,0.0,0.0,0.0,1.0,6.0,0.0,0.0,0.0,7.0,0.0,0.0,0.0,0.0,0.0,0.0,1.0,4.0,0.0,0.0,0.0,4.0,0.0,0.0,0.0,0.0,0.0,0.0,10.0,6.0,0.0,0.0,10.0,2.0,0.0,0.0,40.0,2.0,7,13
267,202210010801,1.0,0.0,2.0,5.0,1.0,4.0,2.0,26.0,0.0,0.0,0.0,1.0,0.0,0.0,2.0,4.0,1.0,4.0,2.0,19.0,0.0,0.0,0.0,1.0,0.0,0.0,2.0,3.0,0.0,2.0,1.0,15.0,0.0,0.0,0.0,1.0,0.0,0.0,6.0,7.0,0.0,0.0,6.0,8.0,0.0,0.0,11.0,4.0,3,6
268,202210010801,0.0,1.0,0.0,0.0,1.0,3.0,1.0,44.0,0.0,0.0,0.0,0.0,0.0,1.0,0.0,0.0,1.0,2.0,1.0,37.0,0.0,0.0,0.0,0.0,0.0,0.0,0.0,0.0,0.0,0.0,0.0,17.0,0.0,0.0,0.0,0.0,0.0,0.0,9.0,13.0,0.0,0.0,6.0,6.0,0.0,0.0,10.0,15.0,6,12
269,202210010801,0.0,0.0,0.0,12.0,0.0,2.0,2.0,9.0,0.0,0.0,0.0,0.0,0.0,0.0,0.0,10.0,0.0,1.0,1.0,6.0,0.0,0.0,0.0,0.0,0.0,0.0,0.0,4.0,0.0,0.0,1.0,1.0,0.0,0.0,0.0,0.0,0.0,0.0,7.0,6.0,0.0,0.0,9.0,9.0,0.0,0.0,4.0,7.0,7,14
270,202210010801,2.0,0.0,3.0,15.0,1.0,1.0,0.0,5.0,0.0,0.0,0.0,0.0,0.0,0.0,1.0,7.0,0.0,1.0,0.0,4.0,0.0,0.0,0.0,0.0,0.0,0.0,0.0,7.0,0.0,0.0,0.0,1.0,0.0,0.0,0.0,0.0,0.0,0.0,8.0,12.0,0.0,0.0,12.0,11.0,0.0,0.0,13.0,14.0,4,7
271,202210010801,4.0,0.0,3.0,42.0,0.0,2.0,3.0,19.0,0.0,0.0,1.0,1.0,4.0,0.0,3.0,39.0,0.0,1.0,2.0,12.0,0.0,0.0,1.0,1.0,2.0,0.0,1.0,16.0,0.0,0.0,0.0,4.0,0.0,0.0,0.0,0.0,0.0,0.0,90.0,110.0,0.0,0.0,110.0,100.0,0.0,0.0,130.0,110.0,3,5
272,202210010801,1.0,3.0,7.0,28.0,1.0,1.0,0.0,2.0,0.0,0.0,0.0,0.0,0.0,1.0,5.0,18.0,1.0,1.0,0.0,2.0,0.0,0.0,0.0,0.0,0.0,0.0,4.0,14.0,0.0,0.0,0.0,1.0,0.0,0.0,0.0,0.0,0.0,0.0,3.0,12.0,0.0,0.0,6.0,18.0,0.0,0.0,3.0,10.0,6,11
273,202210010801,0.0,0.0,0.0,6.0,7.0,3.0,1.0,25.0,0.0,0.0,0.0,0.0,0.0,0.0,0.0,3.0,5.0,2.0,1.0,19.0,0.0,0.0,0.0,0.0,0.0,0.0,0.0,3.0,0.0,1.0,1.0,14.0,0.0,0.0,0.0,0.0,0.0,0.0,6.0,2.0,0.0,0.0,16.0,7.0,0.0,0.0,14.0,12.0,5,9
274,202210010801,1.0,3.0,0.0,6.0,2.0,0.0,1.0,24.0,0.0,0.0,0.0,1.0,1.0,3.0,0.0,5.0,2.0,0.0,1.0,18.0,0.0,0.0,0.0,1.0,0.0,3.0,0.0,4.0,0.0,0.0,1.0,11.0,0.0,0.0,0.0,0.0,0.0,0.0,11.0,6.0,0.0,0.0,15.0,16.0,0.0,0.0,13.0,12.0,1,1
275,202210010801,2.0,0.0,3.0,15.0,0.0,0.0,0.0,0.0,0.0,0.0,0.0,0.0,0.0,0.0,1.0,7.0,0.0,0.0,0.0,0.0,0.0,0.0,0.0,0.0,0.0,0.0,0.0,7.0,0.0,0.0,0.0,0.0,0.0,0.0,0.0,0.0,0.0,0.0,60.0,70.0,0.0,0.0,130.0,110.0,0.0,0.0,150.0,150.0,2,3
276,202210010801,0.0,0.0,0.0,6.0,1.0,0.0,0.0,1.0,0.0,0.0,0.0,0.0,0.0,0.0,0.0,2.0,0.0,0.0,0.0,0.0,0.0,0.0,0.0,0.0,0.0,0.0,0.0,2.0,0.0,0.0,0.0,0.0,0.0,0.0,0.0,0.0,0.0,0.0,90.0,100.0,0.0,0.0,140.0,120.0,0.0,0.0,140.0,120.0,2,4
277,202210010810,1.0,0.0,0.0,0.0,7.0,3.0,1.0,25.0,1.0,0.0,0.0,0.0,1.0,0.0,0.0,0.0,5.0,2.0,1.0,19.0,1.0,0.0,0.0,0.0,0.0,0.0,0.0,0.0,0.0,0.0,0.0,0.0,0.0,0.0,0.0,0.0,0.0,0.0,9.0,4.0,0.0,0.0,6.0,7.0,0.0,0.0,4.0,9.0,5,10
278,202210010810,1.0,2.0,2.0,15.0,2.0,5.0,7.0,37.0,0.0,0.0,0.0,3.0,1.0,2.0,2.0,13.0,2.0,4.0,4.0,29.0,0.0,0.0,0.0,3.0,0.0,1.0,0.0,1.0,0.0,0.0,0.0,4.0,0.0,0.0,0.0,1.0,0.0,0.0,7.0,13.0,0.0,0.0,10.0,9.0,0.0,0.0,9.0,8.0,7,13
279,202210010810,0.0,1.0,1.0,14.0,0.0,0.0,0.0,2.0,0.0,0.0,0.0,0.0,0.0,1.0,1.0,10.0,0.0,0.0,0.0,0.0,0.0,0.0,0.0,0.0,0.0,0.0,1.0,1.0,0.0,0.0,0.0,0.0,0.0,0.0,0.0,0.0,0.0,0.0,50.0,1.0,0.0,0.0,100.0,10.0,0.0,0.0,100.0,6.0,5,9
280,202210010810,1.0,3.0,0.0,6.0,2.0,1.0,0.0,9.0,1.0,0.0,0.0,0.0,1.0,3.0,0.0,5.0,1.0,0.0,0.0,7.0,1.0,0.0,0.0,0.0,0.0,0.0,0.0,0.0,0.0,0.0,0.0,0.0,0.0,0.0,0.0,0.0,0.0,0.0,,,0.0,0.0,80.0,6.0,0.0,0.0,110.0,8.0,7,14
281,202210010810,3.0,2.0,1.0,17.0,0.0,0.0,0.0,2.0,0.0,0.0,0.0,0.0,2.0,2.0,0.0,12.0,0.0,0.0,0.0,0.0,0.0,0.0,0.0,0.0,0.0,1.0,0.0,2.0,0.0,0.0,0.0,0.0,0.0,0.0,0.0,0.0,0.0,0.0,150.0,9.0,0.0,0.0,90.0,8.0,0.0,0.0,150.0,9.0,8,15
282,202210010810,4.0,0.0,3.0,42.0,2.0,2.0,3.0,25.0,0.0,0.0,0.0,2.0,4.0,0.0,3.0,39.0,1.0,2.0,2.0,20.0,0.0,0.0,0.0,2.0,0.0,0.0,0.0,5.0,0.0,0.0,0.0,4.0,0.0,0.0,0.0,0.0,0.0,0.0,5.0,5.0,0.0,0.0,13.0,8.0,0.0,0.0,12.0,10.0,1,2
283,202210010810,2.0,0.0,1.0,18.0,7.0,3.0,1.0,25.0,0.0,0.0,0.0,2.0,2.0,0.0,1.0,17.0,5.0,2.0,1.0,19.0,0.0,0.0,0.0,2.0,1.0,0.0,0.0,2.0,0.0,0.0,0.0,0.0,0.0,0.0,0.0,0.0,0.0,0.0,3.0,4.0,0.0,0.0,8.0,8.0,0.0,0.0,9.0,12.0,2,4
284,202210010810,0.0,0.0,1.0,2.0,0.0,0.0,1.0,2.0,0.0,0.0,1.0,1.0,0.0,0.0,1.0,2.0,0.0,0.0,1.0,2.0,0.0,0.0,1.0,1.0,0.0,0.0,0.0,1.0,0.0,0.0,0.0,1.0,0.0,0.0,0.0,0.0,0.0,0.0,14.0,8.0,0.0,0.0,15.0,15.0,0.0,0.0,6.0,9.0,3,5
285,202210010810,0.0,3.0,0.0,16.0,5.0,2.0,2.0,35.0,0.0,0.0,0.0,0.0,0.0,3.0,0.0,15.0,3.0,2.0,2.0,24.0,0.0,0.0,0.0,0.0,0.0,0.0,0.0,0.0,0.0,1.0,0.0,4.0,0.0,0.0,0.0,0.0,0.0,0.0,4.0,6.0,0.0,0.0,1.0,6.0,0.0,0.0,2.0,3.0,3,6
286,202210010810,2.0,4.0,1.0,19.0,1.0,3.0,1.0,44.0,0.0,0.0,0.0,1.0,2.0,3.0,0.0,19.0,1.0,2.0,1.0,37.0,0.0,0.0,0.0,1.0,1.0,1.0,0.0,4.0,0.0,0.0,0.0,6.0,0.0,0.0,0.0,1.0,0.0,0.0,5.0,5.0,0.0,0.0,12.0,12.0,0.0,0.0,9.0,11.0,6,12
287,202210010810,0.0,0.0,0.0,2.0,0.0,0.0,0.0,0.0,0.0,0.0,0.0,0.0,0.0,0.0,0.0,0.0,0.0,0.0,0.0,0.0,0.0,0.0,0.0,0.0,0.0,0.0,0.0,0.0,0.0,0.0,0.0,0.0,0.0,0.0,0.0,0.0,0.0,0.0,80.0,4.0,0.0,0.0,100.0,12.0,0.0,0.0,110.0,10.0,6,11
288,202210010810,0.0,0.0,0.0,6.0,5.0,2.0,2.0,35.0,0.0,0.0,0.0,0.0,0.0,0.0,0.0,3.0,3.0,2.0,2.0,24.0,0.0,0.0,0.0,0.0,0.0,0.0,0.0,0.0,0.0,1.0,0.0,4.0,0.0,0.0,0.0,0.0,0.0,0.0,2.0,1.0,0.0,0.0,9.0,8.0,0.0,0.0,12.0,6.0,2,3
289,202210010810,2.0,4.0,1.0,19.0,0.0,0.0,0.0,1.0,0.0,0.0,0.0,0.0,2.0,3.0,0.0,19.0,0.0,0.0,0.0,1.0,0.0,0.0,0.0,0.0,1.0,1.0,0.0,4.0,0.0,0.0,0.0,0.0,0.0,0.0,0.0,0.0,0.0,0.0,4.0,7.0,0.0,0.0,13.0,11.0,0.0,0.0,14.0,11.0,1,1
290,202210010810,7.0,5.0,2.0,35.0,2.0,0.0,0.0,13.0,1.0,0.0,0.0,0.0,4.0,4.0,1.0,26.0,1.0,0.0,0.0,8.0,0.0,0.0,0.0,0.0,1.0,0.0,1.0,9.0,0.0,0.0,0.0,2.0,0.0,0.0,0.0,0.0,0.0,0.0,16.0,15.0,0.0,0.0,15.0,12.0,0.0,0.0,13.0,16.0,4,7
291,202210010810,0.0,1.0,0.0,3.0,0.0,0.0,0.0,1.0,0.0,0.0,0.0,0.0,0.0,1.0,0.0,2.0,0.0,0.0,0.0,1.0,0.0,0.0,0.0,0.0,0.0,0.0,0.0,0.0,0.0,0.0,0.0,0.0,0.0,0.0,0.0,0.0,0.0,0.0,3.0,9.0,0.0,0.0,9.0,13.0,0.0,0.0,12.0,5.0,4,8
292,202210010810,1.0,2.0,0.0,5.0,2.0,0.0,0.0,13.0,0.0,0.0,0.0,0.0,1.0,2.0,0.0,4.0,1.0,0.0,0.0,8.0,0.0,0.0,0.0,0.0,0.0,0.0,0.0,0.0,0.0,0.0,0.0,2.0,0.0,0.0,0.0,0.0,0.0,0.0,5.0,9.0,0.0,0.0,8.0,6.0,0.0,0.0,15.0,15.0,8,16
293,202210020101,0.0,3.0,0.0,16.0,1.0,0.0,0.0,2.0,0.0,0.0,0.0,0.0,0.0,3.0,0.0,15.0,1.0,0.0,0.0,2.0,0.0,0.0,0.0,0.0,0.0,2.0,0.0,7.0,0.0,0.0,0.0,0.0,0.0,0.0,0.0,0.0,0.0,0.0,20.0,2.0,0.0,0.0,60.0,2.0,0.0,0.0,140.0,9.0,7,8
294,202210020101,3.0,2.0,5.0,25.0,2.0,2.0,3.0,25.0,0.0,0.0,0.0,1.0,3.0,2.0,3.0,18.0,1.0,2.0,2.0,20.0,0.0,0.0,0.0,1.0,1.0,1.0,2.0,14.0,0.0,1.0,2.0,5.0,0.0,0.0,0.0,0.0,0.0,0.0,20.0,3.0,0.0,0.0,40.0,3.0,,,,,1,1
295,202210020101,2.0,2.0,4.0,16.0,2.0,1.0,0.0,9.0,0.0,0.0,0.0,0.0,2.0,1.0,4.0,13.0,1.0,0.0,0.0,7.0,0.0,0.0,0.0,0.0,1.0,1.0,3.0,5.0,0.0,0.0,0.0,5.0,0.0,0.0,0.0,0.0,0.0,0.0,80.0,5.0,0.0,0.0,70.0,13.0,0.0,0.0,70.0,5.0,8,10
296,202210020101,0.0,0.0,0.0,2.0,2.0,4.0,4.0,26.0,0.0,0.0,0.0,0.0,0.0,0.0,0.0,1.0,0.0,3.0,2.0,15.0,0.0,0.0,0.0,0.0,0.0,0.0,0.0,0.0,0.0,3.0,1.0,8.0,0.0,0.0,0.0,0.0,0.0,0.0,9.0,9.0,0.0,0.0,10.0,10.0,0.0,0.0,6.0,12.0,3,3
297,202210020101,0.0,0.0,0.0,0.0,0.0,0.0,0.0,0.0,0.0,0.0,0.0,0.0,0.0,0.0,0.0,0.0,0.0,0.0,0.0,0.0,0.0,0.0,0.0,0.0,0.0,0.0,0.0,0.0,0.0,0.0,0.0,0.0,0.0,0.0,0.0,0.0,0.0,0.0,11.0,10.0,0.0,0.0,9.0,5.0,0.0,0.0,13.0,8.0,2,2
298,202210020101,0.0,0.0,0.0,0.0,0.0,1.0,0.0,2.0,0.0,0.0,0.0,0.0,0.0,0.0,0.0,0.0,0.0,1.0,0.0,2.0,0.0,0.0,0.0,0.0,0.0,0.0,0.0,0.0,0.0,0.0,0.0,0.0,0.0,0.0,0.0,0.0,0.0,0.0,10.0,12.0,0.0,0.0,7.0,12.0,0.0,0.0,2.0,6.0,5,5
299,202210020101,4.0,4.0,2.0,32.0,3.0,2.0,1.0,34.0,0.0,0.0,0.0,0.0,0.0,3.0,1.0,21.0,3.0,1.0,0.0,28.0,0.0,0.0,0.0,0.0,0.0,1.0,0.0,6.0,0.0,0.0,0.0,13.0,0.0,0.0,0.0,0.0,0.0,0.0,11.0,14.0,0.0,0.0,7.0,9.0,0.0,0.0,12.0,8.0,4,4
300,202210020101,2.0,7.0,2.0,29.0,0.0,0.0,0.0,0.0,0.0,0.0,0.0,0.0,1.0,0.0,1.0,20.0,0.0,0.0,0.0,0.0,0.0,0.0,0.0,0.0,0.0,0.0,1.0,10.0,0.0,0.0,0.0,0.0,0.0,0.0,0.0,0.0,0.0,0.0,10.0,10.0,0.0,0.0,14.0,13.0,0.0,0.0,6.0,8.0,6,6
301,202210020101,0.0,0.0,0.0,5.0,0.0,0.0,0.0,2.0,0.0,0.0,0.0,0.0,0.0,0.0,0.0,4.0,0.0,0.0,0.0,0.0,0.0,0.0,0.0,0.0,0.0,0.0,0.0,3.0,0.0,0.0,0.0,0.0,0.0,0.0,0.0,0.0,0.0,0.0,10.0,9.0,0.0,0.0,18.0,18.0,,,,,7,7
302,202210020101,0.0,0.0,0.0,5.0,0.0,2.0,3.0,19.0,0.0,0.0,0.0,0.0,0.0,0.0,0.0,4.0,0.0,1.0,2.0,12.0,0.0,0.0,0.0,0.0,0.0,0.0,0.0,3.0,0.0,0.0,0.0,4.0,0.0,0.0,0.0,0.0,0.0,0.0,,,0.0,0.0,110.0,110.0,0.0,0.0,150.0,130.0,8,9
303,202210020107,2.0,2.0,4.0,16.0,0.0,0.0,0.0,0.0,0.0,0.0,0.0,0.0,2.0,1.0,4.0,13.0,0.0,0.0,0.0,0.0,0.0,0.0,0.0,0.0,1.0,0.0,1.0,4.0,0.0,0.0,0.0,0.0,0.0,0.0,0.0,0.0,0.0,0.0,9.0,11.0,0.0,0.0,14.0,14.0,0.0,0.0,10.0,12.0,4,4
304,202210020107,1.0,3.0,0.0,6.0,5.0,2.0,2.0,35.0,0.0,0.0,0.0,0.0,1.0,3.0,0.0,5.0,3.0,2.0,2.0,24.0,0.0,0.0,0.0,0.0,1.0,0.0,0.0,1.0,0.0,0.0,1.0,8.0,0.0,0.0,0.0,0.0,0.0,0.0,11.0,10.0,0.0,0.0,14.0,12.0,0.0,0.0,8.0,11.0,8,10
305,202210020107,1.0,0.0,0.0,2.0,1.0,3.0,1.0,44.0,0.0,0.0,0.0,1.0,0.0,0.0,0.0,2.0,1.0,2.0,1.0,37.0,0.0,0.0,0.0,1.0,0.0,0.0,0.0,0.0,0.0,2.0,0.0,14.0,0.0,0.0,0.0,0.0,0.0,0.0,3.0,3.0,0.0,0.0,11.0,3.0,0.0,0.0,6.0,9.0,2,2
306,202210020107,2.0,2.0,1.0,11.0,4.0,3.0,5.0,26.0,0.0,0.0,0.0,0.0,1.0,1.0,0.0,7.0,1.0,3.0,1.0,19.0,0.0,0.0,0.0,0.0,0.0,0.0,0.0,0.0,1.0,1.0,0.0,7.0,0.0,0.0,0.0,0.0,0.0,0.0,15.0,12.0,0.0,0.0,13.0,12.0,0.0,0.0,9.0,12.0,3,3
307,202210020107,4.0,0.0,3.0,42.0,1.0,0.0,0.0,3.0,0.0,0.0,0.0,0.0,4.0,0.0,3.0,39.0,1.0,0.0,0.0,3.0,0.0,0.0,0.0,0.0,1.0,0.0,2.0,17.0,1.0,0.0,0.0,0.0,0.0,0.0,0.0,0.0,0.0,0.0,3.0,1.0,0.0,0.0,10.0,10.0,0.0,0.0,9.0,5.0,7,7
308,202210020107,2.0,7.0,2.0,29.0,0.0,2.0,3.0,19.0,0.0,0.0,0.0,1.0,1.0,0.0,1.0,20.0,0.0,1.0,2.0,12.0,0.0,0.0,0.0,1.0,1.0,0.0,0.0,3.0,0.0,0.0,2.0,1.0,0.0,0.0,0.0,0.0,0.0,0.0,9.0,10.0,0.0,0.0,11.0,13.0,0.0,0.0,9.0,9.0,8,9
309,202210020107,7.0,5.0,2.0,35.0,0.0,0.0,1.0,3.0,0.0,0.0,0.0,0.0,4.0,4.0,1.0,26.0,0.0,0.0,1.0,1.0,0.0,0.0,0.0,0.0,1.0,1.0,0.0,5.0,0.0,0.0,0.0,1.0,0.0,0.0,0.0,0.0,0.0,0.0,3.0,2.0,0.0,0.0,11.0,12.0,0.0,0.0,7.0,7.0,7,8
310,202210020107,0.0,0.0,0.0,12.0,1.0,4.0,2.0,26.0,0.0,0.0,0.0,1.0,0.0,0.0,0.0,10.0,1.0,4.0,2.0,19.0,0.0,0.0,0.0,1.0,0.0,0.0,0.0,4.0,1.0,1.0,1.0,3.0,0.0,0.0,0.0,0.0,0.0,0.0,8.0,,0.0,0.0,12.0,7.0,0.0,0.0,7.0,10.0,6,6
311,202210020107,2.0,2.0,4.0,16.0,1.0,0.0,0.0,2.0,0.0,0.0,0.0,0.0,2.0,1.0,4.0,13.0,1.0,0.0,0.0,2.0,0.0,0.0,0.0,0.0,1.0,0.0,1.0,4.0,0.0,0.0,0.0,1.0,0.0,0.0,0.0,0.0,0.0,0.0,16.0,12.0,0.0,0.0,15.0,12.0,0.0,0.0,13.0,17.0,5,5
312,202210020107,0.0,0.0,1.0,6.0,1.0,4.0,2.0,26.0,0.0,0.0,0.0,0.0,0.0,0.0,1.0,6.0,1.0,4.0,2.0,19.0,0.0,0.0,0.0,0.0,0.0,0.0,0.0,0.0,1.0,1.0,1.0,3.0,0.0,0.0,0.0,0.0,0.0,0.0,6.0,7.0,0.0,0.0,15.0,11.0,0.0,0.0,9.0,7.0,1,1
313,202210020111,1.0,0.0,0.0,4.0,1.0,0.0,0.0,1.0,1.0,0.0,0.0,0.0,1.0,0.0,0.0,1.0,1.0,0.0,0.0,1.0,1.0,0.0,0.0,0.0,0.0,0.0,0.0,0.0,0.0,0.0,0.0,0.0,0.0,0.0,0.0,0.0,0.0,0.0,9.0,10.0,0.0,0.0,13.0,13.0,0.0,0.0,13.0,16.0,8,12
314,202210020111,1.0,3.0,0.0,6.0,5.0,4.0,1.0,46.0,0.0,0.0,0.0,1.0,1.0,3.0,0.0,5.0,3.0,2.0,1.0,36.0,0.0,0.0,0.0,1.0,0.0,0.0,0.0,0.0,0.0,2.0,0.0,10.0,0.0,0.0,0.0,0.0,0.0,0.0,70.0,2.0,0.0,0.0,50.0,8.0,0.0,0.0,40.0,7.0,8,13
315,202210020111,1.0,0.0,0.0,3.0,0.0,1.0,0.0,2.0,0.0,0.0,0.0,0.0,1.0,0.0,0.0,2.0,0.0,1.0,0.0,2.0,0.0,0.0,0.0,0.0,0.0,0.0,0.0,1.0,0.0,0.0,0.0,1.0,0.0,0.0,0.0,0.0,0.0,0.0,1.0,6.0,0.0,0.0,11.0,10.0,0.0,0.0,10.0,11.0,6,8
316,202210020111,2.0,1.0,2.0,10.0,1.0,0.0,1.0,4.0,1.0,0.0,1.0,0.0,2.0,1.0,2.0,10.0,1.0,0.0,1.0,2.0,1.0,0.0,1.0,0.0,0.0,0.0,0.0,1.0,0.0,0.0,0.0,0.0,0.0,0.0,0.0,0.0,0.0,0.0,60.0,6.0,0.0,0.0,140.0,13.0,0.0,0.0,130.0,13.0,6,9
317,202210020111,2.0,5.0,0.0,23.0,0.0,0.0,0.0,0.0,0.0,0.0,0.0,0.0,1.0,4.0,0.0,15.0,0.0,0.0,0.0,0.0,0.0,0.0,0.0,0.0,0.0,1.0,0.0,0.0,0.0,0.0,0.0,0.0,0.0,0.0,0.0,0.0,0.0,0.0,100.0,11.0,0.0,0.0,50.0,8.0,0.0,0.0,60.0,1.0,7,10
318,202210020111,0.0,0.0,0.0,3.0,1.0,1.0,1.0,11.0,0.0,0.0,0.0,0.0,0.0,0.0,0.0,1.0,1.0,0.0,0.0,7.0,0.0,0.0,0.0,0.0,0.0,0.0,0.0,0.0,1.0,0.0,0.0,2.0,0.0,0.0,0.0,0.0,0.0,0.0,110.0,5.0,0.0,0.0,80.0,13.0,0.0,0.0,40.0,6.0,1,1
319,202210020111,1.0,0.0,0.0,19.0,1.0,3.0,1.0,44.0,0.0,0.0,0.0,4.0,0.0,0.0,0.0,17.0,1.0,2.0,1.0,37.0,0.0,0.0,0.0,4.0,0.0,0.0,0.0,6.0,0.0,0.0,0.0,6.0,0.0,0.0,0.0,2.0,0.0,0.0,4.0,6.0,0.0,0.0,4.0,7.0,0.0,0.0,10.0,6.0,5,7
320,202210020111,2.0,0.0,3.0,15.0,0.0,0.0,0.0,4.0,0.0,0.0,0.0,0.0,0.0,0.0,1.0,7.0,0.0,0.0,0.0,4.0,0.0,0.0,0.0,0.0,0.0,0.0,0.0,0.0,0.0,0.0,0.0,2.0,0.0,0.0,0.0,0.0,0.0,0.0,80.0,9.0,0.0,0.0,40.0,7.0,0.0,0.0,10.0,1.0,7,11
321,202210020111,0.0,2.0,0.0,5.0,2.0,0.0,0.0,13.0,0.0,0.0,0.0,0.0,0.0,1.0,0.0,4.0,1.0,0.0,0.0,8.0,0.0,0.0,0.0,0.0,0.0,0.0,0.0,0.0,0.0,0.0,0.0,2.0,0.0,0.0,0.0,0.0,0.0,0.0,16.0,16.0,0.0,0.0,13.0,12.0,0.0,0.0,15.0,12.0,3,3
322,202210020111,0.0,1.0,0.0,3.0,1.0,1.0,1.0,2.0,0.0,0.0,0.0,0.0,0.0,1.0,0.0,2.0,0.0,1.0,1.0,1.0,0.0,0.0,0.0,0.0,0.0,0.0,0.0,0.0,0.0,0.0,0.0,0.0,0.0,0.0,0.0,0.0,0.0,0.0,50.0,11.0,0.0,0.0,80.0,10.0,0.0,0.0,70.0,9.0,4,5
323,202210020111,4.0,0.0,3.0,42.0,2.0,2.0,3.0,25.0,0.0,0.0,0.0,2.0,4.0,0.0,3.0,39.0,1.0,2.0,2.0,20.0,0.0,0.0,0.0,2.0,0.0,0.0,0.0,5.0,0.0,0.0,0.0,4.0,0.0,0.0,0.0,0.0,0.0,0.0,8.0,9.0,0.0,0.0,12.0,14.0,0.0,0.0,13.0,11.0,5,6
324,202210020111,3.0,2.0,5.0,25.0,0.0,0.0,2.0,13.0,0.0,0.0,0.0,1.0,3.0,2.0,3.0,18.0,0.0,0.0,2.0,12.0,0.0,0.0,0.0,1.0,2.0,0.0,0.0,0.0,0.0,0.0,0.0,2.0,0.0,0.0,0.0,0.0,0.0,0.0,10.0,9.0,0.0,0.0,10.0,11.0,0.0,0.0,10.0,12.0,4,4
325,202210020111,2.0,2.0,1.0,11.0,0.0,0.0,1.0,12.0,0.0,0.0,0.0,0.0,1.0,1.0,0.0,7.0,0.0,0.0,1.0,8.0,0.0,0.0,0.0,0.0,1.0,0.0,0.0,3.0,0.0,0.0,0.0,1.0,0.0,0.0,0.0,0.0,0.0,0.0,10.0,13.0,0.0,0.0,40.0,1.0,0.0,0.0,20.0,9.0,2,2
326,202210020201,3.0,0.0,0.0,9.0,0.0,0.0,0.0,1.0,0.0,0.0,0.0,0.0,3.0,0.0,0.0,9.0,0.0,0.0,0.0,1.0,0.0,0.0,0.0,0.0,0.0,0.0,0.0,3.0,0.0,0.0,0.0,1.0,0.0,0.0,0.0,0.0,0.0,0.0,2.0,7.0,0.0,0.0,5.0,5.0,0.0,0.0,8.0,9.0,4,6
327,202210020201,0.0,0.0,0.0,2.0,3.0,3.0,5.0,29.0,0.0,0.0,0.0,0.0,0.0,0.0,0.0,2.0,3.0,3.0,4.0,25.0,0.0,0.0,0.0,0.0,0.0,0.0,0.0,2.0,2.0,0.0,1.0,11.0,0.0,0.0,0.0,0.0,0.0,0.0,120.0,14.0,0.0,0.0,8.0,7.0,0.0,0.0,4.0,15.0,1,1
328,202210020201,0.0,0.0,0.0,4.0,0.0,0.0,0.0,1.0,0.0,0.0,0.0,0.0,0.0,0.0,0.0,3.0,0.0,0.0,0.0,1.0,0.0,0.0,0.0,0.0,0.0,0.0,0.0,3.0,0.0,0.0,0.0,1.0,0.0,0.0,0.0,0.0,0.0,0.0,2.0,7.0,0.0,0.0,4.0,11.0,0.0,0.0,5.0,4.0,8,13
329,202210020201,1.0,0.0,1.0,3.0,1.0,1.0,0.0,10.0,0.0,0.0,0.0,0.0,1.0,0.0,1.0,3.0,1.0,0.0,0.0,5.0,0.0,0.0,0.0,0.0,0.0,0.0,0.0,0.0,0.0,0.0,0.0,3.0,0.0,0.0,0.0,0.0,0.0,0.0,8.0,7.0,0.0,0.0,10.0,12.0,0.0,0.0,13.0,3.0,2,2
330,202210020201,0.0,0.0,0.0,0.0,0.0,0.0,0.0,0.0,0.0,0.0,0.0,0.0,0.0,0.0,0.0,0.0,0.0,0.0,0.0,0.0,0.0,0.0,0.0,0.0,0.0,0.0,0.0,0.0,0.0,0.0,0.0,0.0,0.0,0.0,0.0,0.0,0.0,0.0,7.0,12.0,0.0,0.0,4.0,4.0,0.0,0.0,5.0,2.0,8,14
331,202210020201,1.0,0.0,2.0,3.0,1.0,4.0,6.0,37.0,0.0,0.0,0.0,0.0,0.0,0.0,0.0,2.0,1.0,3.0,5.0,26.0,0.0,0.0,0.0,0.0,0.0,0.0,0.0,1.0,1.0,1.0,2.0,6.0,0.0,0.0,0.0,0.0,0.0,0.0,70.0,60.0,0.0,0.0,110.0,120.0,0.0,0.0,120.0,90.0,6,9
332,202210020201,2.0,0.0,2.0,7.0,1.0,0.0,0.0,1.0,0.0,0.0,0.0,0.0,0.0,0.0,1.0,5.0,1.0,0.0,0.0,1.0,0.0,0.0,0.0,0.0,0.0,0.0,0.0,3.0,1.0,0.0,0.0,1.0,0.0,0.0,0.0,0.0,0.0,0.0,2.0,1.0,0.0,0.0,2.0,5.0,0.0,0.0,4.0,4.0,6,10
333,202210020201,0.0,0.0,0.0,0.0,2.0,2.0,0.0,21.0,0.0,0.0,0.0,0.0,0.0,0.0,0.0,0.0,1.0,2.0,0.0,12.0,0.0,0.0,0.0,0.0,0.0,0.0,0.0,0.0,1.0,1.0,0.0,5.0,0.0,0.0,0.0,0.0,0.0,0.0,13.0,13.0,0.0,0.0,13.0,13.0,0.0,0.0,8.0,8.0,7,11
334,202210020201,0.0,0.0,0.0,4.0,0.0,0.0,0.0,0.0,0.0,0.0,0.0,0.0,0.0,0.0,0.0,3.0,0.0,0.0,0.0,0.0,0.0,0.0,0.0,0.0,0.0,0.0,0.0,3.0,0.0,0.0,0.0,0.0,0.0,0.0,0.0,0.0,0.0,0.0,15.0,17.0,0.0,0.0,10.0,9.0,0.0,0.0,12.0,13.0,5,7
335,202210020201,4.0,3.0,1.0,21.0,1.0,4.0,6.0,37.0,0.0,1.0,0.0,3.0,2.0,2.0,0.0,16.0,1.0,3.0,5.0,26.0,0.0,0.0,0.0,1.0,1.0,0.0,0.0,8.0,1.0,1.0,2.0,6.0,0.0,0.0,0.0,1.0,0.0,0.0,5.0,3.0,0.0,0.0,14.0,12.0,0.0,0.0,15.0,13.0,3,4
336,202210020201,0.0,1.0,1.0,2.0,4.0,0.0,4.0,30.0,0.0,0.0,0.0,0.0,0.0,1.0,1.0,2.0,4.0,0.0,1.0,16.0,0.0,0.0,0.0,0.0,0.0,1.0,1.0,0.0,1.0,0.0,1.0,6.0,0.0,0.0,0.0,0.0,0.0,0.0,10.0,8.0,0.0,0.0,14.0,13.0,0.0,0.0,15.0,15.0,3,3
337,202210020201,3.0,1.0,0.0,14.0,3.0,3.0,5.0,29.0,0.0,0.0,0.0,0.0,3.0,1.0,0.0,11.0,3.0,3.0,4.0,25.0,0.0,0.0,0.0,0.0,0.0,0.0,0.0,2.0,2.0,0.0,1.0,11.0,0.0,0.0,0.0,0.0,0.0,0.0,12.0,12.0,0.0,0.0,4.0,14.0,0.0,0.0,8.0,11.0,4,5
338,202210020201,0.0,1.0,1.0,2.0,0.0,0.0,0.0,4.0,0.0,0.0,0.0,0.0,0.0,1.0,1.0,2.0,0.0,0.0,0.0,2.0,0.0,0.0,0.0,0.0,0.0,1.0,1.0,0.0,0.0,0.0,0.0,1.0,0.0,0.0,0.0,0.0,0.0,0.0,60.0,70.0,0.0,0.0,150.0,160.0,0.0,0.0,90.0,130.0,5,8
339,202210020201,2.0,0.0,1.0,8.0,2.0,1.0,2.0,18.0,0.0,0.0,0.0,0.0,2.0,0.0,1.0,8.0,1.0,0.0,2.0,15.0,0.0,0.0,0.0,0.0,1.0,0.0,1.0,5.0,0.0,0.0,1.0,8.0,0.0,0.0,0.0,0.0,0.0,0.0,7.0,7.0,0.0,0.0,13.0,14.0,0.0,0.0,14.0,15.0,7,12
340,202210020203,0.0,0.0,1.0,10.0,0.0,0.0,0.0,1.0,0.0,0.0,0.0,0.0,0.0,0.0,1.0,10.0,0.0,0.0,0.0,0.0,0.0,0.0,0.0,0.0,0.0,0.0,1.0,5.0,0.0,0.0,0.0,0.0,0.0,0.0,0.0,0.0,0.0,0.0,20.0,5.0,0.0,0.0,10.0,6.0,0.0,0.0,30.0,2.0,8,8
341,202210020203,0.0,0.0,0.0,4.0,0.0,0.0,0.0,15.0,0.0,0.0,0.0,0.0,0.0,0.0,0.0,3.0,0.0,0.0,0.0,11.0,0.0,0.0,0.0,0.0,0.0,0.0,0.0,3.0,0.0,0.0,0.0,9.0,0.0,0.0,0.0,0.0,0.0,0.0,16.0,16.0,0.0,0.0,8.0,6.0,0.0,0.0,7.0,5.0,4,4
342,202210020203,6.0,5.0,1.0,19.0,2.0,1.0,2.0,18.0,0.0,0.0,0.0,1.0,3.0,2.0,1.0,12.0,1.0,0.0,2.0,15.0,0.0,0.0,0.0,1.0,2.0,1.0,1.0,4.0,0.0,0.0,1.0,8.0,0.0,0.0,0.0,0.0,0.0,0.0,50.0,70.0,0.0,0.0,10.0,100.0,0.0,0.0,50.0,20.0,2,2
343,202210020203,0.0,0.0,0.0,0.0,0.0,0.0,0.0,0.0,0.0,0.0,0.0,0.0,0.0,0.0,0.0,0.0,0.0,0.0,0.0,0.0,0.0,0.0,0.0,0.0,0.0,0.0,0.0,0.0,0.0,0.0,0.0,0.0,0.0,0.0,0.0,0.0,0.0,0.0,7.0,7.0,0.0,0.0,3.0,4.0,0.0,0.0,2.0,7.0,6,6
344,202210020203,2.0,0.0,1.0,8.0,2.0,1.0,2.0,18.0,0.0,0.0,0.0,0.0,2.0,0.0,1.0,8.0,1.0,0.0,2.0,15.0,0.0,0.0,0.0,0.0,1.0,0.0,1.0,5.0,0.0,0.0,1.0,8.0,0.0,0.0,0.0,0.0,0.0,0.0,80.0,8.0,0.0,0.0,90.0,11.0,0.0,0.0,70.0,7.0,5,5
345,202210020203,0.0,0.0,1.0,1.0,0.0,0.0,0.0,2.0,0.0,0.0,0.0,0.0,0.0,0.0,1.0,0.0,0.0,0.0,0.0,0.0,0.0,0.0,0.0,0.0,0.0,0.0,1.0,0.0,0.0,0.0,0.0,0.0,0.0,0.0,0.0,0.0,0.0,0.0,9.0,1.0,0.0,0.0,9.0,7.0,0.0,0.0,9.0,11.0,1,1
346,202210020203,0.0,0.0,0.0,1.0,0.0,0.0,1.0,11.0,0.0,0.0,0.0,0.0,0.0,0.0,0.0,0.0,0.0,0.0,1.0,6.0,0.0,0.0,0.0,0.0,0.0,0.0,0.0,0.0,0.0,0.0,1.0,2.0,0.0,0.0,0.0,0.0,0.0,0.0,6.0,8.0,0.0,0.0,13.0,14.0,0.0,0.0,13.0,12.0,3,3
347,202210020203,2.0,2.0,4.0,23.0,0.0,1.0,0.0,11.0,0.0,0.0,0.0,2.0,1.0,0.0,2.0,17.0,0.0,1.0,0.0,7.0,0.0,0.0,0.0,1.0,1.0,0.0,1.0,9.0,0.0,1.0,0.0,3.0,0.0,0.0,0.0,1.0,0.0,0.0,3.0,5.0,0.0,0.0,12.0,12.0,0.0,0.0,14.0,10.0,7,7
348,202210020212,2.0,2.0,3.0,21.0,0.0,1.0,0.0,13.0,0.0,0.0,0.0,0.0,2.0,0.0,3.0,12.0,0.0,1.0,0.0,7.0,0.0,0.0,0.0,0.0,0.0,0.0,2.0,2.0,0.0,0.0,0.0,1.0,0.0,0.0,0.0,0.0,0.0,0.0,60.0,2.0,0.0,0.0,10.0,1.0,0.0,0.0,20.0,2.0,4,7
349,202210020212,0.0,1.0,1.0,11.0,0.0,1.0,0.0,13.0,0.0,0.0,0.0,0.0,0.0,1.0,1.0,9.0,0.0,1.0,0.0,7.0,0.0,0.0,0.0,0.0,0.0,1.0,1.0,0.0,0.0,0.0,0.0,1.0,0.0,0.0,0.0,0.0,0.0,0.0,40.0,6.0,0.0,0.0,10.0,3.0,0.0,0.0,30.0,2.0,2,2
350,202210020212,1.0,0.0,0.0,13.0,0.0,0.0,0.0,0.0,0.0,0.0,0.0,0.0,1.0,0.0,0.0,12.0,0.0,0.0,0.0,0.0,0.0,0.0,0.0,0.0,0.0,0.0,0.0,5.0,0.0,0.0,0.0,0.0,0.0,0.0,0.0,0.0,0.0,0.0,6.0,10.0,0.0,0.0,5.0,5.0,0.0,0.0,6.0,14.0,1,1
351,202210020212,2.0,2.0,4.0,23.0,0.0,0.0,1.0,11.0,0.0,0.0,1.0,1.0,1.0,0.0,2.0,17.0,0.0,0.0,1.0,6.0,0.0,0.0,1.0,1.0,0.0,0.0,0.0,3.0,0.0,0.0,0.0,3.0,0.0,0.0,0.0,0.0,0.0,0.0,4.0,4.0,0.0,0.0,16.0,15.0,0.0,0.0,11.0,7.0,6,11
352,202210020212,1.0,0.0,0.0,13.0,0.0,0.0,0.0,0.0,0.0,0.0,0.0,0.0,1.0,0.0,0.0,12.0,0.0,0.0,0.0,0.0,0.0,0.0,0.0,0.0,0.0,0.0,0.0,5.0,0.0,0.0,0.0,0.0,0.0,0.0,0.0,0.0,0.0,0.0,2.0,3.0,0.0,0.0,13.0,11.0,0.0,0.0,14.0,9.0,7,12
353,202210020212,4.0,3.0,1.0,21.0,0.0,0.0,0.0,0.0,0.0,0.0,0.0,0.0,2.0,2.0,0.0,16.0,0.0,0.0,0.0,0.0,0.0,0.0,0.0,0.0,0.0,1.0,0.0,6.0,0.0,0.0,0.0,0.0,0.0,0.0,0.0,0.0,0.0,0.0,11.0,15.0,0.0,0.0,6.0,5.0,0.0,0.0,4.0,6.0,6,10
354,202210020212,1.0,3.0,1.0,13.0,3.0,3.0,5.0,29.0,0.0,1.0,0.0,1.0,1.0,2.0,0.0,12.0,3.0,3.0,4.0,25.0,0.0,1.0,0.0,1.0,0.0,1.0,0.0,3.0,0.0,1.0,1.0,5.0,0.0,1.0,0.0,0.0,0.0,0.0,6.0,2.0,0.0,0.0,12.0,11.0,0.0,0.0,13.0,14.0,2,3
355,202210020212,0.0,1.0,1.0,2.0,4.0,2.0,3.0,37.0,0.0,1.0,0.0,1.0,0.0,1.0,1.0,2.0,4.0,2.0,3.0,23.0,0.0,1.0,0.0,1.0,0.0,0.0,0.0,1.0,2.0,1.0,1.0,6.0,0.0,0.0,0.0,1.0,0.0,0.0,11.0,10.0,0.0,0.0,11.0,11.0,0.0,0.0,10.0,7.0,5,8
356,202210020212,0.0,0.0,0.0,0.0,3.0,2.0,4.0,25.0,0.0,0.0,0.0,0.0,0.0,0.0,0.0,0.0,2.0,1.0,3.0,19.0,0.0,0.0,0.0,0.0,0.0,0.0,0.0,0.0,0.0,0.0,0.0,3.0,0.0,0.0,0.0,0.0,0.0,0.0,10.0,9.0,0.0,0.0,12.0,7.0,0.0,0.0,12.0,13.0,3,4
357,202210020212,0.0,1.0,1.0,8.0,1.0,0.0,0.0,5.0,0.0,0.0,0.0,0.0,0.0,1.0,1.0,8.0,1.0,0.0,0.0,5.0,0.0,0.0,0.0,0.0,0.0,1.0,0.0,0.0,0.0,0.0,0.0,0.0,0.0,0.0,0.0,0.0,0.0,0.0,5.0,6.0,0.0,0.0,12.0,4.0,0.0,0.0,6.0,10.0,8,15
358,202210020212,0.0,0.0,0.0,3.0,2.0,2.0,0.0,21.0,0.0,0.0,0.0,0.0,0.0,0.0,0.0,3.0,1.0,2.0,0.0,12.0,0.0,0.0,0.0,0.0,0.0,0.0,0.0,0.0,0.0,1.0,0.0,3.0,0.0,0.0,0.0,0.0,0.0,0.0,,,0.0,0.0,150.0,13.0,0.0,0.0,90.0,6.0,8,14
359,202210020212,2.0,0.0,0.0,3.0,1.0,0.0,3.0,14.0,0.0,0.0,0.0,0.0,2.0,0.0,0.0,3.0,1.0,0.0,2.0,11.0,0.0,0.0,0.0,0.0,1.0,0.0,0.0,0.0,0.0,0.0,1.0,1.0,0.0,0.0,0.0,0.0,0.0,0.0,8.0,9.0,0.0,0.0,12.0,14.0,0.0,0.0,10.0,12.0,4,6
360,202210020212,2.0,0.0,1.0,8.0,0.0,0.0,0.0,0.0,0.0,0.0,0.0,0.0,2.0,0.0,1.0,8.0,0.0,0.0,0.0,0.0,0.0,0.0,0.0,0.0,1.0,0.0,0.0,2.0,0.0,0.0,0.0,0.0,0.0,0.0,0.0,0.0,0.0,0.0,3.0,8.0,0.0,0.0,12.0,12.0,0.0,0.0,15.0,13.0,3,5
361,202210020212,0.0,0.0,0.0,0.0,0.0,0.0,1.0,2.0,0.0,0.0,0.0,0.0,0.0,0.0,0.0,0.0,0.0,0.0,1.0,1.0,0.0,0.0,0.0,0.0,0.0,0.0,0.0,0.0,0.0,0.0,1.0,1.0,0.0,0.0,0.0,0.0,0.0,0.0,90.0,13.0,0.0,0.0,70.0,7.0,0.0,0.0,120.0,9.0,7,13
362,202210020212,0.0,0.0,0.0,3.0,0.0,0.0,0.0,0.0,0.0,0.0,0.0,0.0,0.0,0.0,0.0,2.0,0.0,0.0,0.0,0.0,0.0,0.0,0.0,0.0,0.0,0.0,0.0,0.0,0.0,0.0,0.0,0.0,0.0,0.0,0.0,0.0,0.0,0.0,10.0,12.0,0.0,0.0,12.0,15.0,0.0,0.0,9.0,12.0,5,9
363,202210020301,1.0,0.0,1.0,10.0,0.0,0.0,0.0,15.0,0.0,0.0,0.0,0.0,1.0,0.0,1.0,8.0,0.0,0.0,0.0,11.0,0.0,0.0,0.0,0.0,1.0,0.0,1.0,5.0,0.0,0.0,0.0,9.0,0.0,0.0,0.0,0.0,0.0,0.0,8.0,2.0,0.0,0.0,14.0,14.0,0.0,0.0,11.0,9.0,5,9
364,202210020301,0.0,0.0,0.0,5.0,1.0,0.0,2.0,16.0,0.0,0.0,0.0,0.0,0.0,0.0,0.0,2.0,0.0,0.0,2.0,12.0,0.0,0.0,0.0,0.0,0.0,0.0,0.0,0.0,0.0,0.0,1.0,4.0,0.0,0.0,0.0,0.0,0.0,0.0,80.0,70.0,0.0,0.0,60.0,80.0,0.0,0.0,30.0,40.0,7,14
365,202210020301,0.0,0.0,0.0,0.0,0.0,0.0,0.0,4.0,0.0,0.0,0.0,0.0,0.0,0.0,0.0,0.0,0.0,0.0,0.0,4.0,0.0,0.0,0.0,0.0,0.0,0.0,0.0,0.0,0.0,0.0,0.0,2.0,0.0,0.0,0.0,0.0,0.0,0.0,12.0,13.0,0.0,0.0,8.0,12.0,0.0,0.0,3.0,9.0,8,15
366,202210020301,4.0,1.0,1.0,8.0,1.0,2.0,1.0,21.0,0.0,0.0,0.0,0.0,1.0,0.0,1.0,3.0,0.0,2.0,0.0,17.0,0.0,0.0,0.0,0.0,0.0,0.0,0.0,1.0,0.0,0.0,0.0,4.0,0.0,0.0,0.0,0.0,0.0,0.0,4.0,8.0,0.0,0.0,9.0,11.0,0.0,0.0,2.0,5.0,6,11
367,202210020301,0.0,1.0,1.0,2.0,0.0,0.0,0.0,2.0,0.0,0.0,0.0,0.0,0.0,1.0,1.0,2.0,0.0,0.0,0.0,0.0,0.0,0.0,0.0,0.0,0.0,1.0,1.0,0.0,0.0,0.0,0.0,0.0,0.0,0.0,0.0,0.0,0.0,0.0,140.0,3.0,0.0,0.0,110.0,7.0,0.0,0.0,70.0,10.0,8,16
368,202210020301,1.0,0.0,0.0,8.0,0.0,0.0,0.0,0.0,0.0,0.0,0.0,0.0,1.0,0.0,0.0,5.0,0.0,0.0,0.0,0.0,0.0,0.0,0.0,0.0,0.0,0.0,0.0,4.0,0.0,0.0,0.0,0.0,0.0,0.0,0.0,0.0,0.0,0.0,80.0,5.0,0.0,0.0,60.0,8.0,0.0,0.0,80.0,7.0,1,2
369,202210020301,0.0,0.0,0.0,2.0,1.0,0.0,0.0,1.0,0.0,0.0,0.0,0.0,0.0,0.0,0.0,1.0,0.0,0.0,0.0,1.0,0.0,0.0,0.0,0.0,0.0,0.0,0.0,1.0,0.0,0.0,0.0,1.0,0.0,0.0,0.0,0.0,0.0,0.0,10.0,2.0,,,,,,,,,6,12
370,202210020301,4.0,1.0,1.0,8.0,1.0,0.0,0.0,1.0,0.0,0.0,0.0,0.0,1.0,0.0,1.0,3.0,1.0,0.0,0.0,1.0,0.0,0.0,0.0,0.0,0.0,0.0,0.0,1.0,0.0,0.0,0.0,0.0,0.0,0.0,0.0,0.0,0.0,0.0,8.0,1.0,0.0,0.0,8.0,8.0,0.0,0.0,7.0,6.0,4,7
371,202210020301,0.0,0.0,0.0,0.0,0.0,0.0,0.0,1.0,0.0,0.0,0.0,0.0,0.0,0.0,0.0,0.0,0.0,0.0,0.0,1.0,0.0,0.0,0.0,0.0,0.0,0.0,0.0,0.0,0.0,0.0,0.0,1.0,0.0,0.0,0.0,0.0,0.0,0.0,3.0,7.0,0.0,0.0,10.0,12.0,0.0,0.0,9.0,7.0,3,5
372,202210020301,1.0,2.0,1.0,7.0,0.0,1.0,1.0,6.0,0.0,0.0,0.0,0.0,1.0,1.0,1.0,5.0,0.0,0.0,1.0,6.0,0.0,0.0,0.0,0.0,1.0,0.0,0.0,2.0,0.0,0.0,0.0,2.0,0.0,0.0,0.0,0.0,0.0,0.0,60.0,1.0,0.0,0.0,80.0,11.0,0.0,0.0,40.0,8.0,2,4
373,202210020301,0.0,0.0,0.0,0.0,0.0,0.0,0.0,1.0,0.0,0.0,0.0,0.0,0.0,0.0,0.0,0.0,0.0,0.0,0.0,1.0,0.0,0.0,0.0,0.0,0.0,0.0,0.0,0.0,0.0,0.0,0.0,1.0,0.0,0.0,0.0,0.0,0.0,0.0,1.0,4.0,0.0,0.0,16.0,15.0,0.0,0.0,14.0,10.0,5,10
374,202210020301,0.0,0.0,0.0,3.0,0.0,0.0,0.0,15.0,0.0,0.0,0.0,0.0,0.0,0.0,0.0,3.0,0.0,0.0,0.0,11.0,0.0,0.0,0.0,0.0,0.0,0.0,0.0,3.0,0.0,0.0,0.0,9.0,0.0,0.0,0.0,0.0,0.0,0.0,60.0,3.0,0.0,0.0,150.0,16.0,0.0,0.0,140.0,12.0,1,1
375,202210020301,0.0,1.0,1.0,13.0,1.0,0.0,1.0,7.0,0.0,0.0,0.0,0.0,0.0,1.0,0.0,8.0,1.0,0.0,1.0,5.0,0.0,0.0,0.0,0.0,0.0,1.0,0.0,6.0,0.0,0.0,0.0,1.0,0.0,0.0,0.0,0.0,0.0,0.0,20.0,3.0,0.0,0.0,20.0,6.0,0.0,0.0,30.0,2.0,4,8
376,202210020301,1.0,0.0,0.0,8.0,1.0,0.0,2.0,16.0,0.0,0.0,0.0,0.0,1.0,0.0,0.0,5.0,0.0,0.0,2.0,12.0,0.0,0.0,0.0,0.0,0.0,0.0,0.0,4.0,0.0,0.0,1.0,4.0,0.0,0.0,0.0,0.0,0.0,0.0,120.0,100.0,0.0,0.0,40.0,90.0,0.0,0.0,20.0,100.0,2,3
377,202210020301,0.0,0.0,1.0,1.0,0.0,0.0,1.0,11.0,0.0,0.0,0.0,0.0,0.0,0.0,1.0,0.0,0.0,0.0,1.0,6.0,0.0,0.0,0.0,0.0,0.0,0.0,1.0,0.0,0.0,0.0,1.0,2.0,0.0,0.0,0.0,0.0,0.0,0.0,15.0,15.0,0.0,0.0,12.0,9.0,0.0,0.0,10.0,16.0,7,13
378,202210020301,0.0,0.0,0.0,0.0,0.0,0.0,0.0,2.0,0.0,0.0,0.0,0.0,0.0,0.0,0.0,0.0,0.0,0.0,0.0,0.0,0.0,0.0,0.0,0.0,0.0,0.0,0.0,0.0,0.0,0.0,0.0,0.0,0.0,0.0,0.0,0.0,0.0,0.0,5.0,2.0,0.0,0.0,17.0,17.0,0.0,0.0,16.0,13.0,3,6
379,202210020312,0.0,1.0,1.0,2.0,1.0,4.0,6.0,37.0,0.0,0.0,0.0,0.0,0.0,1.0,1.0,2.0,1.0,3.0,5.0,26.0,0.0,0.0,0.0,0.0,0.0,0.0,0.0,1.0,0.0,0.0,0.0,6.0,0.0,0.0,0.0,0.0,0.0,0.0,7.0,6.0,0.0,0.0,13.0,11.0,0.0,0.0,9.0,11.0,6,12
380,202210020312,0.0,0.0,0.0,8.0,0.0,0.0,0.0,0.0,0.0,0.0,0.0,0.0,0.0,0.0,0.0,6.0,0.0,0.0,0.0,0.0,0.0,0.0,0.0,0.0,0.0,0.0,0.0,1.0,0.0,0.0,0.0,0.0,0.0,0.0,0.0,0.0,0.0,0.0,30.0,6.0,0.0,0.0,50.0,2.0,0.0,0.0,70.0,2.0,1,2
381,202210020312,1.0,0.0,1.0,3.0,6.0,3.0,3.0,18.0,0.0,0.0,0.0,0.0,1.0,0.0,1.0,3.0,3.0,2.0,3.0,11.0,0.0,0.0,0.0,0.0,1.0,0.0,1.0,2.0,1.0,1.0,0.0,1.0,0.0,0.0,0.0,0.0,0.0,0.0,3.0,10.0,0.0,0.0,5.0,6.0,0.0,0.0,2.0,2.0,1,1
382,202210020312,1.0,0.0,0.0,0.0,3.0,2.0,0.0,3.0,1.0,0.0,0.0,0.0,1.0,0.0,0.0,0.0,2.0,2.0,0.0,2.0,1.0,0.0,0.0,0.0,0.0,0.0,0.0,0.0,1.0,0.0,0.0,0.0,0.0,0.0,0.0,0.0,0.0,0.0,7.0,16.0,0.0,0.0,8.0,16.0,0.0,0.0,1.0,8.0,4,7
383,202210020312,0.0,0.0,0.0,18.0,0.0,0.0,0.0,1.0,0.0,0.0,0.0,1.0,0.0,0.0,0.0,11.0,0.0,0.0,0.0,1.0,0.0,0.0,0.0,1.0,0.0,0.0,0.0,1.0,0.0,0.0,0.0,0.0,0.0,0.0,0.0,0.0,0.0,0.0,5.0,5.0,0.0,0.0,9.0,9.0,0.0,0.0,11.0,10.0,3,5
384,202210020312,4.0,1.0,1.0,8.0,0.0,0.0,0.0,1.0,0.0,0.0,0.0,0.0,1.0,0.0,1.0,3.0,0.0,0.0,0.0,0.0,0.0,0.0,0.0,0.0,0.0,0.0,0.0,0.0,0.0,0.0,0.0,0.0,0.0,0.0,0.0,0.0,0.0,0.0,6.0,9.0,0.0,0.0,6.0,4.0,0.0,0.0,10.0,8.0,2,4
385,202210020312,0.0,0.0,0.0,0.0,3.0,2.0,4.0,25.0,0.0,0.0,0.0,0.0,0.0,0.0,0.0,0.0,2.0,1.0,3.0,19.0,0.0,0.0,0.0,0.0,0.0,0.0,0.0,0.0,0.0,0.0,0.0,3.0,0.0,0.0,0.0,0.0,0.0,0.0,10.0,9.0,0.0,0.0,12.0,7.0,0.0,0.0,12.0,13.0,2,3
386,202210020312,2.0,3.0,2.0,15.0,4.0,2.0,3.0,37.0,1.0,0.0,0.0,2.0,2.0,3.0,2.0,12.0,4.0,2.0,3.0,23.0,1.0,0.0,0.0,2.0,0.0,0.0,1.0,6.0,2.0,1.0,1.0,6.0,0.0,0.0,0.0,1.0,0.0,0.0,5.0,7.0,0.0,0.0,16.0,13.0,0.0,0.0,16.0,15.0,7,13
387,202210020312,0.0,0.0,0.0,4.0,1.0,1.0,2.0,11.0,0.0,0.0,0.0,0.0,0.0,0.0,0.0,3.0,1.0,1.0,0.0,6.0,0.0,0.0,0.0,0.0,0.0,0.0,0.0,0.0,0.0,0.0,0.0,2.0,0.0,0.0,0.0,0.0,0.0,0.0,17.0,13.0,0.0,0.0,15.0,12.0,0.0,0.0,14.0,11.0,7,14
388,202210020312,3.0,1.0,0.0,14.0,1.0,0.0,1.0,7.0,0.0,0.0,0.0,1.0,3.0,1.0,0.0,11.0,1.0,0.0,1.0,5.0,0.0,0.0,0.0,1.0,1.0,1.0,0.0,6.0,0.0,0.0,0.0,2.0,0.0,0.0,0.0,1.0,0.0,0.0,40.0,40.0,0.0,0.0,80.0,100.0,0.0,0.0,90.0,90.0,8,15
389,202210020312,0.0,0.0,0.0,5.0,1.0,0.0,0.0,5.0,0.0,0.0,0.0,2.0,0.0,0.0,0.0,2.0,0.0,0.0,0.0,4.0,0.0,0.0,0.0,2.0,0.0,0.0,0.0,2.0,0.0,0.0,0.0,3.0,0.0,0.0,0.0,2.0,0.0,0.0,1.0,1.0,0.0,0.0,8.0,13.0,0.0,0.0,13.0,7.0,4,8
390,202210020312,2.0,0.0,1.0,8.0,0.0,0.0,1.0,1.0,0.0,0.0,0.0,0.0,2.0,0.0,1.0,8.0,0.0,0.0,1.0,1.0,0.0,0.0,0.0,0.0,1.0,0.0,0.0,2.0,0.0,0.0,0.0,0.0,0.0,0.0,0.0,0.0,0.0,0.0,3.0,1.0,0.0,0.0,12.0,10.0,0.0,0.0,11.0,8.0,3,6
391,202210020312,2.0,2.0,3.0,21.0,0.0,0.0,1.0,11.0,0.0,0.0,0.0,1.0,2.0,0.0,3.0,12.0,0.0,0.0,0.0,6.0,0.0,0.0,0.0,1.0,0.0,0.0,2.0,2.0,0.0,0.0,0.0,4.0,0.0,0.0,0.0,1.0,0.0,0.0,4.0,2.0,0.0,0.0,13.0,11.0,0.0,0.0,11.0,14.0,6,11
392,202210020312,0.0,1.0,0.0,4.0,2.0,2.0,0.0,17.0,0.0,0.0,0.0,0.0,0.0,0.0,0.0,0.0,1.0,1.0,0.0,13.0,0.0,0.0,0.0,0.0,0.0,0.0,0.0,0.0,0.0,0.0,0.0,2.0,0.0,0.0,0.0,0.0,0.0,0.0,16.0,14.0,0.0,0.0,12.0,12.0,0.0,0.0,15.0,15.0,8,16
393,202210020312,0.0,0.0,0.0,4.0,1.0,0.0,3.0,14.0,0.0,0.0,0.0,0.0,0.0,0.0,0.0,4.0,1.0,0.0,2.0,11.0,0.0,0.0,0.0,0.0,0.0,0.0,0.0,0.0,0.0,0.0,1.0,1.0,0.0,0.0,0.0,0.0,0.0,0.0,8.0,8.0,0.0,0.0,11.0,10.0,0.0,0.0,14.0,12.0,5,10
394,202210020312,0.0,1.0,1.0,8.0,1.0,4.0,6.0,37.0,0.0,0.0,1.0,5.0,0.0,1.0,1.0,8.0,1.0,3.0,5.0,26.0,0.0,0.0,1.0,5.0,0.0,1.0,0.0,0.0,0.0,0.0,0.0,6.0,0.0,0.0,0.0,0.0,0.0,0.0,120.0,120.0,0.0,0.0,120.0,160.0,0.0,0.0,140.0,160.0,5,9
395,202210020401,0.0,0.0,0.0,0.0,0.0,1.0,0.0,12.0,0.0,0.0,0.0,0.0,0.0,0.0,0.0,0.0,0.0,0.0,0.0,10.0,0.0,0.0,0.0,0.0,0.0,0.0,0.0,0.0,0.0,0.0,0.0,4.0,0.0,0.0,0.0,0.0,0.0,0.0,40.0,3.0,0.0,0.0,70.0,7.0,0.0,0.0,30.0,9.0,2,3
396,202210020401,2.0,3.0,3.0,20.0,2.0,3.0,4.0,32.0,0.0,0.0,1.0,2.0,0.0,1.0,1.0,7.0,0.0,2.0,3.0,21.0,0.0,0.0,1.0,1.0,0.0,0.0,0.0,2.0,0.0,0.0,0.0,6.0,0.0,0.0,0.0,0.0,0.0,0.0,10.0,10.0,0.0,0.0,9.0,11.0,0.0,0.0,7.0,4.0,7,13
397,202210020401,0.0,0.0,1.0,9.0,4.0,0.0,2.0,13.0,0.0,0.0,0.0,0.0,0.0,0.0,0.0,7.0,3.0,0.0,1.0,10.0,0.0,0.0,0.0,0.0,0.0,0.0,0.0,4.0,1.0,0.0,1.0,6.0,0.0,0.0,0.0,0.0,0.0,0.0,12.0,12.0,0.0,0.0,14.0,10.0,0.0,0.0,12.0,11.0,4,7
398,202210020401,2.0,3.0,3.0,20.0,5.0,3.0,2.0,17.0,0.0,1.0,0.0,0.0,0.0,1.0,1.0,7.0,5.0,2.0,1.0,10.0,0.0,1.0,0.0,0.0,0.0,0.0,0.0,2.0,1.0,1.0,0.0,2.0,0.0,0.0,0.0,0.0,0.0,0.0,3.0,6.0,0.0,0.0,15.0,14.0,0.0,0.0,8.0,9.0,6,12
399,202210020401,0.0,0.0,0.0,0.0,1.0,3.0,0.0,12.0,0.0,0.0,0.0,0.0,0.0,0.0,0.0,0.0,1.0,1.0,0.0,6.0,0.0,0.0,0.0,0.0,0.0,0.0,0.0,0.0,0.0,1.0,0.0,2.0,0.0,0.0,0.0,0.0,0.0,0.0,3.0,5.0,0.0,0.0,14.0,8.0,0.0,0.0,5.0,15.0,5,10
400,202210020401,1.0,1.0,1.0,4.0,0.0,0.0,0.0,2.0,0.0,0.0,0.0,0.0,1.0,1.0,0.0,2.0,0.0,0.0,0.0,2.0,0.0,0.0,0.0,0.0,0.0,1.0,0.0,1.0,0.0,0.0,0.0,1.0,0.0,0.0,0.0,0.0,0.0,0.0,4.0,3.0,0.0,0.0,9.0,10.0,0.0,0.0,3.0,5.0,3,6
401,202210020401,0.0,1.0,1.0,8.0,0.0,3.0,1.0,18.0,0.0,0.0,0.0,0.0,0.0,1.0,1.0,8.0,0.0,1.0,0.0,10.0,0.0,0.0,0.0,0.0,0.0,0.0,1.0,4.0,0.0,0.0,0.0,1.0,0.0,0.0,0.0,0.0,0.0,0.0,90.0,7.0,0.0,0.0,90.0,9.0,0.0,0.0,90.0,5.0,8,15
402,202210020401,0.0,0.0,0.0,0.0,0.0,0.0,0.0,0.0,0.0,0.0,0.0,0.0,0.0,0.0,0.0,0.0,0.0,0.0,0.0,0.0,0.0,0.0,0.0,0.0,0.0,0.0,0.0,0.0,0.0,0.0,0.0,0.0,0.0,0.0,0.0,0.0,0.0,0.0,30.0,2.0,0.0,0.0,160.0,9.0,0.0,0.0,80.0,8.0,2,4
403,202210020401,0.0,0.0,0.0,2.0,0.0,0.0,0.0,0.0,0.0,0.0,0.0,0.0,0.0,0.0,0.0,1.0,0.0,0.0,0.0,0.0,0.0,0.0,0.0,0.0,0.0,0.0,0.0,1.0,0.0,0.0,0.0,0.0,0.0,0.0,0.0,0.0,0.0,0.0,,,0.0,0.0,70.0,9.0,0.0,0.0,90.0,6.0,1,1
404,202210020401,0.0,0.0,0.0,0.0,0.0,0.0,0.0,0.0,0.0,0.0,0.0,0.0,0.0,0.0,0.0,0.0,0.0,0.0,0.0,0.0,0.0,0.0,0.0,0.0,0.0,0.0,0.0,0.0,0.0,0.0,0.0,0.0,0.0,0.0,0.0,0.0,0.0,0.0,11.0,10.0,0.0,0.0,9.0,5.0,0.0,0.0,13.0,8.0,8,16
405,202210020401,1.0,1.0,1.0,0.0,0.0,0.0,0.0,0.0,0.0,0.0,0.0,0.0,0.0,1.0,0.0,0.0,0.0,0.0,0.0,0.0,0.0,0.0,0.0,0.0,0.0,0.0,0.0,0.0,0.0,0.0,0.0,0.0,0.0,0.0,0.0,0.0,0.0,0.0,6.0,13.0,0.0,0.0,10.0,11.0,0.0,0.0,8.0,8.0,7,14
406,202210020401,0.0,1.0,0.0,9.0,0.0,0.0,0.0,4.0,0.0,0.0,0.0,0.0,0.0,1.0,0.0,3.0,0.0,0.0,0.0,3.0,0.0,0.0,0.0,0.0,0.0,1.0,0.0,1.0,0.0,0.0,0.0,1.0,0.0,0.0,0.0,0.0,0.0,0.0,60.0,10.0,0.0,0.0,50.0,8.0,0.0,0.0,140.0,3.0,1,2
407,202210020401,2.0,0.0,0.0,10.0,0.0,1.0,0.0,13.0,0.0,0.0,0.0,0.0,1.0,0.0,0.0,7.0,0.0,0.0,0.0,9.0,0.0,0.0,0.0,0.0,1.0,0.0,0.0,2.0,0.0,0.0,0.0,3.0,0.0,0.0,0.0,0.0,0.0,0.0,10.0,6.0,0.0,0.0,9.0,13.0,0.0,0.0,10.0,7.0,6,11
408,202210020401,0.0,0.0,1.0,2.0,1.0,0.0,0.0,6.0,0.0,0.0,0.0,0.0,0.0,0.0,0.0,2.0,1.0,0.0,0.0,6.0,0.0,0.0,0.0,0.0,0.0,0.0,0.0,2.0,1.0,0.0,0.0,0.0,0.0,0.0,0.0,0.0,0.0,0.0,1.0,2.0,0.0,0.0,12.0,9.0,0.0,0.0,13.0,9.0,4,8
409,202210020401,0.0,0.0,0.0,2.0,1.0,1.0,2.0,5.0,0.0,0.0,0.0,0.0,0.0,0.0,0.0,2.0,0.0,1.0,1.0,4.0,0.0,0.0,0.0,0.0,0.0,0.0,0.0,2.0,0.0,1.0,0.0,2.0,0.0,0.0,0.0,0.0,0.0,0.0,,,0.0,0.0,170.0,13.0,0.0,0.0,130.0,15.0,5,9
410,202210020401,1.0,0.0,0.0,5.0,4.0,0.0,2.0,13.0,0.0,0.0,0.0,0.0,1.0,0.0,0.0,4.0,3.0,0.0,1.0,10.0,0.0,0.0,0.0,0.0,0.0,0.0,0.0,2.0,1.0,0.0,1.0,6.0,0.0,0.0,0.0,0.0,0.0,0.0,50.0,3.0,0.0,0.0,160.0,13.0,0.0,0.0,,,3,5
411,202210020407,0.0,3.0,1.0,17.0,0.0,0.0,0.0,0.0,0.0,0.0,0.0,0.0,0.0,1.0,0.0,7.0,0.0,0.0,0.0,0.0,0.0,0.0,0.0,0.0,0.0,1.0,0.0,5.0,0.0,0.0,0.0,0.0,0.0,0.0,0.0,0.0,0.0,0.0,9.0,14.0,0.0,0.0,8.0,13.0,0.0,0.0,8.0,3.0,8,15
412,202210020407,1.0,0.0,0.0,7.0,0.0,0.0,0.0,4.0,0.0,0.0,0.0,0.0,1.0,0.0,0.0,5.0,0.0,0.0,0.0,3.0,0.0,0.0,0.0,0.0,1.0,0.0,0.0,2.0,0.0,0.0,0.0,2.0,0.0,0.0,0.0,0.0,0.0,0.0,11.0,7.0,0.0,0.0,6.0,10.0,0.0,0.0,7.0,7.0,3,6
413,202210020407,2.0,0.0,0.0,4.0,3.0,1.0,3.0,20.0,0.0,0.0,0.0,1.0,2.0,0.0,0.0,3.0,3.0,1.0,3.0,15.0,0.0,0.0,0.0,1.0,1.0,0.0,0.0,1.0,3.0,1.0,1.0,8.0,0.0,0.0,0.0,0.0,0.0,0.0,11.0,11.0,0.0,0.0,13.0,9.0,0.0,0.0,11.0,14.0,6,11
414,202210020407,0.0,0.0,1.0,16.0,0.0,0.0,0.0,5.0,0.0,0.0,0.0,0.0,0.0,0.0,1.0,8.0,0.0,0.0,0.0,5.0,0.0,0.0,0.0,0.0,0.0,0.0,1.0,2.0,0.0,0.0,0.0,4.0,0.0,0.0,0.0,0.0,0.0,0.0,110.0,13.0,0.0,0.0,130.0,4.0,0.0,0.0,90.0,7.0,2,3
415,202210020407,0.0,0.0,0.0,11.0,0.0,0.0,0.0,1.0,0.0,0.0,0.0,0.0,0.0,0.0,0.0,9.0,0.0,0.0,0.0,1.0,0.0,0.0,0.0,0.0,0.0,0.0,0.0,7.0,0.0,0.0,0.0,1.0,0.0,0.0,0.0,0.0,0.0,0.0,12.0,11.0,0.0,0.0,11.0,11.0,0.0,0.0,15.0,13.0,3,5
416,202210020407,2.0,1.0,2.0,14.0,1.0,0.0,0.0,6.0,0.0,0.0,0.0,0.0,1.0,0.0,1.0,7.0,1.0,0.0,0.0,6.0,0.0,0.0,0.0,0.0,1.0,0.0,1.0,1.0,0.0,0.0,0.0,4.0,0.0,0.0,0.0,0.0,0.0,0.0,6.0,9.0,0.0,0.0,14.0,12.0,0.0,0.0,10.0,6.0,6,12
417,202210020407,3.0,1.0,1.0,11.0,2.0,0.0,0.0,1.0,0.0,0.0,0.0,0.0,3.0,1.0,1.0,10.0,2.0,0.0,0.0,1.0,0.0,0.0,0.0,0.0,3.0,1.0,1.0,6.0,1.0,0.0,0.0,0.0,0.0,0.0,0.0,0.0,0.0,0.0,11.0,12.0,0.0,0.0,12.0,9.0,0.0,0.0,6.0,5.0,7,13
418,202210020407,0.0,0.0,1.0,9.0,0.0,1.0,0.0,1.0,0.0,0.0,0.0,0.0,0.0,0.0,0.0,7.0,0.0,1.0,0.0,1.0,0.0,0.0,0.0,0.0,0.0,0.0,0.0,3.0,0.0,0.0,0.0,0.0,0.0,0.0,0.0,0.0,0.0,0.0,10.0,9.0,0.0,0.0,12.0,12.0,0.0,0.0,13.0,12.0,8,16
419,202210020407,0.0,2.0,1.0,5.0,0.0,0.0,0.0,0.0,0.0,0.0,0.0,0.0,0.0,2.0,0.0,2.0,0.0,0.0,0.0,0.0,0.0,0.0,0.0,0.0,0.0,1.0,0.0,1.0,0.0,0.0,0.0,0.0,0.0,0.0,0.0,0.0,0.0,0.0,12.0,12.0,0.0,0.0,9.0,3.0,0.0,0.0,13.0,5.0,5,10
420,202210020407,1.0,1.0,1.0,4.0,0.0,1.0,2.0,11.0,0.0,0.0,0.0,0.0,1.0,1.0,0.0,2.0,0.0,1.0,2.0,8.0,0.0,0.0,0.0,0.0,0.0,0.0,0.0,1.0,0.0,1.0,1.0,1.0,0.0,0.0,0.0,0.0,0.0,0.0,,,0.0,0.0,140.0,12.0,0.0,0.0,150.0,11.0,7,14
421,202210020407,0.0,0.0,1.0,4.0,0.0,0.0,0.0,1.0,0.0,0.0,0.0,1.0,0.0,0.0,1.0,3.0,0.0,0.0,0.0,1.0,0.0,0.0,0.0,1.0,0.0,0.0,1.0,3.0,0.0,0.0,0.0,1.0,0.0,0.0,0.0,1.0,0.0,0.0,60.0,1.0,0.0,0.0,50.0,4.0,0.0,0.0,20.0,2.0,1,2
422,202210020407,4.0,1.0,3.0,17.0,1.0,1.0,2.0,5.0,0.0,0.0,0.0,1.0,4.0,1.0,3.0,15.0,0.0,1.0,1.0,4.0,0.0,0.0,0.0,1.0,3.0,1.0,2.0,5.0,0.0,0.0,0.0,1.0,0.0,0.0,0.0,1.0,0.0,0.0,12.0,12.0,0.0,0.0,5.0,4.0,0.0,0.0,9.0,9.0,1,1
423,202210020407,3.0,0.0,1.0,27.0,3.0,1.0,0.0,16.0,1.0,0.0,0.0,3.0,3.0,0.0,1.0,19.0,2.0,1.0,0.0,7.0,1.0,0.0,0.0,3.0,0.0,0.0,1.0,5.0,1.0,1.0,0.0,3.0,0.0,0.0,0.0,0.0,0.0,0.0,3.0,11.0,0.0,0.0,9.0,11.0,0.0,0.0,13.0,9.0,4,7
424,202210020407,0.0,0.0,0.0,1.0,0.0,0.0,0.0,0.0,0.0,0.0,0.0,0.0,0.0,0.0,0.0,1.0,0.0,0.0,0.0,0.0,0.0,0.0,0.0,0.0,0.0,0.0,0.0,1.0,0.0,0.0,0.0,0.0,0.0,0.0,0.0,0.0,0.0,0.0,7.0,11.0,0.0,0.0,5.0,14.0,0.0,0.0,4.0,3.0,5,9
425,202210020407,0.0,1.0,0.0,4.0,0.0,0.0,1.0,14.0,0.0,0.0,0.0,0.0,0.0,1.0,0.0,1.0,0.0,0.0,0.0,12.0,0.0,0.0,0.0,0.0,0.0,0.0,0.0,1.0,0.0,0.0,0.0,1.0,0.0,0.0,0.0,0.0,0.0,0.0,8.0,8.0,0.0,0.0,16.0,11.0,0.0,0.0,15.0,15.0,2,4
426,202210020407,3.0,3.0,1.0,12.0,1.0,0.0,0.0,4.0,0.0,0.0,0.0,0.0,2.0,3.0,0.0,11.0,1.0,0.0,0.0,4.0,0.0,0.0,0.0,0.0,2.0,2.0,0.0,6.0,1.0,0.0,0.0,2.0,0.0,0.0,0.0,0.0,0.0,0.0,13.0,16.0,0.0,0.0,4.0,15.0,0.0,0.0,7.0,9.0,4,8
427,202210020501,1.0,0.0,0.0,13.0,0.0,1.0,0.0,2.0,0.0,0.0,0.0,0.0,0.0,0.0,0.0,11.0,0.0,1.0,0.0,2.0,0.0,0.0,0.0,0.0,0.0,0.0,0.0,6.0,0.0,0.0,0.0,0.0,0.0,0.0,0.0,0.0,0.0,0.0,12.0,12.0,0.0,0.0,6.0,11.0,0.0,0.0,10.0,15.0,2,3
428,202210020501,0.0,0.0,0.0,1.0,1.0,1.0,1.0,11.0,0.0,0.0,0.0,0.0,0.0,0.0,0.0,0.0,1.0,0.0,0.0,7.0,0.0,0.0,0.0,0.0,0.0,0.0,0.0,0.0,0.0,0.0,0.0,1.0,0.0,0.0,0.0,0.0,0.0,0.0,6.0,7.0,0.0,0.0,13.0,13.0,0.0,0.0,5.0,9.0,8,15
429,202210020501,4.0,0.0,3.0,42.0,2.0,1.0,0.0,9.0,0.0,0.0,0.0,1.0,4.0,0.0,3.0,39.0,1.0,0.0,0.0,7.0,0.0,0.0,0.0,1.0,2.0,0.0,1.0,16.0,0.0,0.0,0.0,5.0,0.0,0.0,0.0,1.0,0.0,0.0,14.0,16.0,0.0,0.0,15.0,16.0,0.0,0.0,15.0,16.0,6,12
430,202210020501,0.0,0.0,0.0,4.0,3.0,2.0,1.0,34.0,0.0,0.0,0.0,0.0,0.0,0.0,0.0,4.0,3.0,1.0,0.0,28.0,0.0,0.0,0.0,0.0,0.0,0.0,0.0,4.0,0.0,0.0,0.0,13.0,0.0,0.0,0.0,0.0,0.0,0.0,80.0,70.0,0.0,0.0,60.0,80.0,0.0,0.0,30.0,40.0,7,13
431,202210020501,3.0,2.0,5.0,25.0,2.0,2.0,3.0,25.0,0.0,0.0,0.0,1.0,3.0,2.0,3.0,18.0,1.0,2.0,2.0,20.0,0.0,0.0,0.0,1.0,1.0,1.0,2.0,14.0,0.0,1.0,2.0,5.0,0.0,0.0,0.0,0.0,0.0,0.0,20.0,2.0,0.0,0.0,20.0,3.0,0.0,0.0,40.0,3.0,6,11
432,202210020501,1.0,0.0,2.0,5.0,0.0,0.0,0.0,1.0,0.0,0.0,0.0,0.0,0.0,0.0,2.0,4.0,0.0,0.0,0.0,0.0,0.0,0.0,0.0,0.0,0.0,0.0,2.0,3.0,0.0,0.0,0.0,0.0,0.0,0.0,0.0,0.0,0.0,0.0,30.0,4.0,0.0,0.0,90.0,9.0,0.0,0.0,110.0,8.0,3,6
433,202210020501,0.0,0.0,0.0,12.0,0.0,1.0,0.0,13.0,0.0,0.0,0.0,0.0,0.0,0.0,0.0,10.0,0.0,1.0,0.0,10.0,0.0,0.0,0.0,0.0,0.0,0.0,0.0,4.0,0.0,1.0,0.0,6.0,0.0,0.0,0.0,0.0,0.0,0.0,6.0,7.0,0.0,0.0,9.0,10.0,0.0,0.0,13.0,9.0,5,10
434,202210020501,0.0,1.0,1.0,14.0,0.0,0.0,1.0,3.0,0.0,0.0,0.0,0.0,0.0,1.0,1.0,10.0,0.0,0.0,0.0,3.0,0.0,0.0,0.0,0.0,0.0,0.0,0.0,1.0,0.0,0.0,0.0,2.0,0.0,0.0,0.0,0.0,0.0,0.0,8.0,8.0,0.0,0.0,7.0,8.0,0.0,0.0,8.0,6.0,4,8
435,202210020501,1.0,0.0,0.0,12.0,0.0,0.0,0.0,4.0,0.0,0.0,0.0,1.0,0.0,0.0,0.0,8.0,0.0,0.0,0.0,3.0,0.0,0.0,0.0,1.0,0.0,0.0,0.0,1.0,0.0,0.0,0.0,1.0,0.0,0.0,0.0,0.0,0.0,0.0,110.0,14.0,0.0,0.0,60.0,10.0,0.0,0.0,8.0,8.0,8,16
436,202210020501,7.0,2.0,1.0,21.0,2.0,0.0,1.0,24.0,0.0,0.0,0.0,0.0,5.0,0.0,0.0,17.0,2.0,0.0,1.0,18.0,0.0,0.0,0.0,0.0,1.0,0.0,0.0,5.0,0.0,0.0,1.0,11.0,0.0,0.0,0.0,0.0,0.0,0.0,60.0,8.0,0.0,0.0,60.0,4.0,0.0,0.0,90.0,6.0,3,5
437,202210020501,0.0,1.0,0.0,1.0,0.0,0.0,0.0,2.0,0.0,0.0,0.0,0.0,0.0,1.0,0.0,1.0,0.0,0.0,0.0,0.0,0.0,0.0,0.0,0.0,0.0,1.0,0.0,1.0,0.0,0.0,0.0,0.0,0.0,0.0,0.0,0.0,0.0,0.0,7.0,12.0,0.0,0.0,14.0,9.0,0.0,0.0,10.0,10.0,4,7
438,202210020501,4.0,0.0,3.0,42.0,1.0,0.0,3.0,35.0,0.0,0.0,0.0,2.0,4.0,0.0,3.0,39.0,0.0,0.0,3.0,26.0,0.0,0.0,0.0,2.0,2.0,0.0,1.0,16.0,0.0,0.0,2.0,12.0,0.0,0.0,0.0,1.0,0.0,0.0,1.0,4.0,0.0,0.0,12.0,14.0,0.0,0.0,16.0,14.0,5,9
439,202210020501,0.0,1.0,0.0,9.0,3.0,3.0,4.0,17.0,0.0,0.0,0.0,0.0,0.0,1.0,0.0,7.0,2.0,3.0,4.0,9.0,0.0,0.0,0.0,0.0,0.0,0.0,0.0,2.0,1.0,2.0,2.0,5.0,0.0,0.0,0.0,0.0,0.0,0.0,50.0,3.0,0.0,0.0,160.0,13.0,0.0,0.0,,,1,2
440,202210020501,0.0,0.0,0.0,4.0,0.0,0.0,0.0,0.0,0.0,0.0,0.0,0.0,0.0,0.0,0.0,4.0,0.0,0.0,0.0,0.0,0.0,0.0,0.0,0.0,0.0,0.0,0.0,4.0,0.0,0.0,0.0,0.0,0.0,0.0,0.0,0.0,0.0,0.0,110.0,10.0,0.0,0.0,150.0,13.0,0.0,0.0,,,7,14
441,202210020501,0.0,0.0,0.0,3.0,0.0,0.0,0.0,2.0,0.0,0.0,0.0,0.0,0.0,0.0,0.0,1.0,0.0,0.0,0.0,2.0,0.0,0.0,0.0,0.0,0.0,0.0,0.0,0.0,0.0,0.0,0.0,1.0,0.0,0.0,0.0,0.0,0.0,0.0,8.0,4.0,0.0,0.0,8.0,10.0,0.0,0.0,6.0,15.0,1,1
442,202210020501,0.0,0.0,0.0,2.0,2.0,4.0,4.0,26.0,0.0,0.0,0.0,0.0,0.0,0.0,0.0,1.0,0.0,3.0,2.0,15.0,0.0,0.0,0.0,0.0,0.0,0.0,0.0,0.0,0.0,3.0,1.0,8.0,0.0,0.0,0.0,0.0,0.0,0.0,9.0,9.0,0.0,0.0,10.0,10.0,0.0,0.0,6.0,12.0,2,4
443,202210020507,0.0,0.0,0.0,7.0,1.0,3.0,1.0,44.0,0.0,0.0,0.0,0.0,0.0,0.0,0.0,6.0,1.0,2.0,1.0,37.0,0.0,0.0,0.0,0.0,0.0,0.0,0.0,1.0,0.0,2.0,0.0,14.0,0.0,0.0,0.0,0.0,0.0,0.0,13.0,8.0,0.0,0.0,12.0,11.0,0.0,0.0,14.0,10.0,5,9
444,202210020507,1.0,0.0,0.0,12.0,1.0,1.0,0.0,5.0,1.0,0.0,0.0,1.0,0.0,0.0,0.0,8.0,0.0,1.0,0.0,4.0,0.0,0.0,0.0,1.0,0.0,0.0,0.0,4.0,0.0,0.0,0.0,0.0,0.0,0.0,0.0,0.0,0.0,0.0,12.0,11.0,0.0,0.0,11.0,11.0,0.0,0.0,15.0,13.0,8,14
445,202210020507,3.0,4.0,2.0,26.0,0.0,1.0,0.0,13.0,0.0,0.0,0.0,0.0,3.0,2.0,1.0,18.0,0.0,1.0,0.0,10.0,0.0,0.0,0.0,0.0,0.0,1.0,0.0,2.0,0.0,0.0,0.0,3.0,0.0,0.0,0.0,0.0,0.0,0.0,4.0,4.0,0.0,0.0,2.0,6.0,0.0,0.0,6.0,2.0,3,5
446,202210020507,4.0,0.0,3.0,42.0,1.0,0.0,0.0,3.0,0.0,0.0,0.0,0.0,4.0,0.0,3.0,39.0,1.0,0.0,0.0,3.0,0.0,0.0,0.0,0.0,1.0,0.0,2.0,17.0,1.0,0.0,0.0,0.0,0.0,0.0,0.0,0.0,0.0,0.0,3.0,1.0,0.0,0.0,10.0,10.0,0.0,0.0,9.0,5.0,7,13
447,202210020507,0.0,0.0,0.0,10.0,0.0,2.0,0.0,9.0,0.0,0.0,0.0,0.0,0.0,0.0,0.0,7.0,0.0,0.0,0.0,7.0,0.0,0.0,0.0,0.0,0.0,0.0,0.0,5.0,0.0,0.0,0.0,3.0,0.0,0.0,0.0,0.0,0.0,0.0,,,0.0,0.0,140.0,12.0,0.0,0.0,150.0,11.0,3,4
448,202210020507,0.0,2.0,2.0,11.0,5.0,4.0,1.0,46.0,0.0,0.0,1.0,0.0,0.0,1.0,2.0,9.0,3.0,2.0,1.0,36.0,0.0,0.0,1.0,0.0,0.0,0.0,2.0,1.0,1.0,0.0,1.0,14.0,0.0,0.0,1.0,0.0,0.0,0.0,3.0,7.0,0.0,0.0,12.0,11.0,0.0,0.0,10.0,11.0,4,7
449,202210020507,0.0,0.0,0.0,12.0,0.0,0.0,0.0,0.0,0.0,0.0,0.0,0.0,0.0,0.0,0.0,8.0,0.0,0.0,0.0,0.0,0.0,0.0,0.0,0.0,0.0,0.0,0.0,3.0,0.0,0.0,0.0,0.0,0.0,0.0,0.0,0.0,0.0,0.0,10.0,6.0,0.0,0.0,10.0,10.0,0.0,0.0,8.0,6.0,1,1
450,202210020507,0.0,0.0,1.0,6.0,1.0,4.0,2.0,26.0,0.0,0.0,0.0,0.0,0.0,0.0,1.0,6.0,1.0,4.0,2.0,19.0,0.0,0.0,0.0,0.0,0.0,0.0,0.0,0.0,1.0,1.0,1.0,3.0,0.0,0.0,0.0,0.0,0.0,0.0,6.0,7.0,0.0,0.0,15.0,11.0,0.0,0.0,9.0,7.0,8,15
451,202210020507,4.0,0.0,3.0,42.0,1.0,0.0,3.0,35.0,0.0,0.0,0.0,2.0,4.0,0.0,3.0,39.0,0.0,0.0,3.0,26.0,0.0,0.0,0.0,2.0,1.0,0.0,2.0,17.0,0.0,0.0,1.0,10.0,0.0,0.0,0.0,1.0,0.0,0.0,9.0,9.0,0.0,0.0,12.0,12.0,0.0,0.0,9.0,9.0,4,6
452,202210020507,2.0,2.0,3.0,24.0,2.0,3.0,0.0,14.0,0.0,0.0,0.0,0.0,2.0,2.0,3.0,18.0,2.0,2.0,0.0,10.0,0.0,0.0,0.0,0.0,1.0,0.0,2.0,7.0,1.0,1.0,0.0,1.0,0.0,0.0,0.0,0.0,0.0,0.0,7.0,13.0,0.0,0.0,3.0,3.0,0.0,0.0,11.0,10.0,2,3
453,202210020507,2.0,7.0,2.0,29.0,0.0,2.0,3.0,19.0,0.0,0.0,0.0,1.0,1.0,0.0,1.0,20.0,0.0,1.0,2.0,12.0,0.0,0.0,0.0,1.0,1.0,0.0,0.0,3.0,0.0,0.0,2.0,1.0,0.0,0.0,0.0,0.0,0.0,0.0,9.0,10.0,0.0,0.0,11.0,13.0,0.0,0.0,9.0,9.0,7,12
454,202210020507,0.0,0.0,1.0,9.0,1.0,1.0,1.0,11.0,0.0,0.0,0.0,0.0,0.0,0.0,1.0,6.0,1.0,0.0,0.0,7.0,0.0,0.0,0.0,0.0,0.0,0.0,0.0,0.0,0.0,0.0,0.0,2.0,0.0,0.0,0.0,0.0,0.0,0.0,90.0,9.0,0.0,0.0,70.0,12.0,0.0,0.0,120.0,10.0,5,8
455,202210020507,0.0,2.0,2.0,11.0,0.0,0.0,0.0,0.0,0.0,0.0,0.0,0.0,0.0,1.0,2.0,9.0,0.0,0.0,0.0,0.0,0.0,0.0,0.0,0.0,0.0,0.0,2.0,1.0,0.0,0.0,0.0,0.0,0.0,0.0,0.0,0.0,0.0,0.0,8.0,7.0,0.0,0.0,8.0,13.0,0.0,0.0,9.0,7.0,6,11
456,202210020507,4.0,0.0,3.0,42.0,2.0,0.0,1.0,24.0,0.0,0.0,0.0,1.0,4.0,0.0,3.0,39.0,2.0,0.0,1.0,18.0,0.0,0.0,0.0,1.0,1.0,0.0,2.0,17.0,1.0,0.0,0.0,3.0,0.0,0.0,0.0,0.0,0.0,0.0,8.0,8.0,0.0,0.0,9.0,1.0,0.0,0.0,10.0,5.0,6,10
457,202210020507,0.0,0.0,0.0,3.0,0.0,0.0,0.0,0.0,0.0,0.0,0.0,0.0,0.0,0.0,0.0,1.0,0.0,0.0,0.0,0.0,0.0,0.0,0.0,0.0,0.0,0.0,0.0,0.0,0.0,0.0,0.0,0.0,0.0,0.0,0.0,0.0,0.0,0.0,7.0,12.0,0.0,0.0,13.0,15.0,0.0,0.0,14.0,12.0,2,2
458,202210020510,0.0,1.0,1.0,14.0,0.0,0.0,0.0,2.0,0.0,0.0,0.0,0.0,0.0,1.0,1.0,10.0,0.0,0.0,0.0,0.0,0.0,0.0,0.0,0.0,0.0,0.0,1.0,1.0,0.0,0.0,0.0,0.0,0.0,0.0,0.0,0.0,0.0,0.0,90.0,3.0,0.0,0.0,50.0,1.0,0.0,0.0,100.0,10.0,6,12
459,202210020510,1.0,2.0,2.0,15.0,7.0,3.0,1.0,25.0,0.0,0.0,0.0,0.0,1.0,2.0,2.0,13.0,5.0,2.0,1.0,19.0,0.0,0.0,0.0,0.0,0.0,1.0,0.0,1.0,0.0,0.0,0.0,0.0,0.0,0.0,0.0,0.0,0.0,0.0,7.0,8.0,0.0,0.0,5.0,13.0,0.0,0.0,7.0,8.0,7,13
460,202210020510,2.0,2.0,4.0,16.0,0.0,0.0,0.0,4.0,0.0,0.0,0.0,0.0,2.0,1.0,4.0,13.0,0.0,0.0,0.0,2.0,0.0,0.0,0.0,0.0,0.0,0.0,0.0,2.0,0.0,0.0,0.0,0.0,0.0,0.0,0.0,0.0,0.0,0.0,20.0,9.0,0.0,0.0,30.0,3.0,0.0,0.0,10.0,2.0,3,5
461,202210020510,3.0,2.0,1.0,17.0,0.0,0.0,0.0,2.0,0.0,0.0,0.0,0.0,2.0,2.0,0.0,12.0,0.0,0.0,0.0,0.0,0.0,0.0,0.0,0.0,0.0,1.0,0.0,2.0,0.0,0.0,0.0,0.0,0.0,0.0,0.0,0.0,0.0,0.0,150.0,9.0,0.0,0.0,90.0,8.0,0.0,0.0,150.0,9.0,2,4
462,202210020510,2.0,1.0,2.0,10.0,1.0,0.0,1.0,4.0,1.0,0.0,1.0,0.0,2.0,1.0,2.0,10.0,1.0,0.0,1.0,2.0,1.0,0.0,1.0,0.0,0.0,0.0,0.0,1.0,0.0,0.0,0.0,0.0,0.0,0.0,0.0,0.0,0.0,0.0,60.0,6.0,0.0,0.0,140.0,13.0,0.0,0.0,130.0,13.0,8,15
463,202210020510,2.0,2.0,3.0,24.0,2.0,5.0,7.0,37.0,0.0,0.0,0.0,3.0,2.0,2.0,3.0,18.0,2.0,4.0,4.0,29.0,0.0,0.0,0.0,3.0,0.0,1.0,0.0,1.0,0.0,0.0,0.0,4.0,0.0,0.0,0.0,1.0,0.0,0.0,13.0,10.0,0.0,0.0,12.0,15.0,0.0,0.0,12.0,6.0,1,2
464,202210020510,1.0,3.0,0.0,6.0,2.0,1.0,0.0,9.0,1.0,0.0,0.0,0.0,1.0,3.0,0.0,5.0,1.0,0.0,0.0,7.0,1.0,0.0,0.0,0.0,0.0,0.0,0.0,0.0,0.0,0.0,0.0,0.0,0.0,0.0,0.0,0.0,0.0,0.0,,,0.0,0.0,80.0,6.0,0.0,0.0,110.0,8.0,4,7
465,202210020510,4.0,4.0,2.0,32.0,2.0,0.0,1.0,24.0,0.0,0.0,0.0,2.0,0.0,3.0,1.0,21.0,2.0,0.0,1.0,18.0,0.0,0.0,0.0,1.0,0.0,1.0,0.0,3.0,1.0,0.0,0.0,4.0,0.0,0.0,0.0,1.0,0.0,0.0,,,0.0,0.0,90.0,7.0,0.0,0.0,70.0,7.0,4,8
466,202210020510,1.0,0.0,0.0,3.0,0.0,1.0,0.0,2.0,0.0,0.0,0.0,0.0,1.0,0.0,0.0,2.0,0.0,1.0,0.0,2.0,0.0,0.0,0.0,0.0,0.0,0.0,0.0,1.0,0.0,0.0,0.0,1.0,0.0,0.0,0.0,0.0,0.0,0.0,1.0,6.0,0.0,0.0,11.0,10.0,0.0,0.0,10.0,11.0,7,14
467,202210020510,0.0,0.0,0.0,2.0,0.0,0.0,0.0,1.0,0.0,0.0,0.0,0.0,0.0,0.0,0.0,1.0,0.0,0.0,0.0,0.0,0.0,0.0,0.0,0.0,0.0,0.0,0.0,0.0,0.0,0.0,0.0,0.0,0.0,0.0,0.0,0.0,0.0,0.0,11.0,9.0,0.0,0.0,8.0,10.0,0.0,0.0,7.0,8.0,1,1
468,202210020510,2.0,5.0,0.0,23.0,0.0,0.0,0.0,0.0,0.0,0.0,0.0,0.0,1.0,4.0,0.0,15.0,0.0,0.0,0.0,0.0,0.0,0.0,0.0,0.0,0.0,1.0,0.0,0.0,0.0,0.0,0.0,0.0,0.0,0.0,0.0,0.0,0.0,0.0,90.0,5.0,0.0,0.0,100.0,11.0,0.0,0.0,50.0,8.0,5,10
469,202210020510,0.0,0.0,0.0,1.0,0.0,0.0,0.0,2.0,0.0,0.0,0.0,0.0,0.0,0.0,0.0,0.0,0.0,0.0,0.0,1.0,0.0,0.0,0.0,0.0,0.0,0.0,0.0,0.0,0.0,0.0,0.0,0.0,0.0,0.0,0.0,0.0,0.0,0.0,16.0,11.0,0.0,0.0,10.0,15.0,0.0,0.0,5.0,14.0,8,16
470,202210020510,3.0,2.0,1.0,17.0,2.0,0.0,0.0,13.0,0.0,0.0,0.0,0.0,2.0,2.0,0.0,12.0,1.0,0.0,0.0,8.0,0.0,0.0,0.0,0.0,0.0,1.0,0.0,2.0,0.0,0.0,0.0,2.0,0.0,0.0,0.0,0.0,0.0,0.0,10.0,1.0,0.0,0.0,60.0,2.0,0.0,0.0,10.0,1.0,3,6
471,202210020510,2.0,5.0,0.0,23.0,0.0,0.0,0.0,1.0,0.0,0.0,0.0,1.0,1.0,4.0,0.0,15.0,0.0,0.0,0.0,0.0,0.0,0.0,0.0,0.0,0.0,1.0,0.0,0.0,0.0,0.0,0.0,0.0,0.0,0.0,0.0,0.0,0.0,0.0,10.0,6.0,0.0,0.0,60.0,2.0,0.0,0.0,30.0,11.0,2,3
472,202210020510,2.0,2.0,4.0,16.0,0.0,0.0,0.0,0.0,0.0,0.0,0.0,0.0,2.0,1.0,4.0,13.0,0.0,0.0,0.0,0.0,0.0,0.0,0.0,0.0,0.0,0.0,0.0,2.0,0.0,0.0,0.0,0.0,0.0,0.0,0.0,0.0,0.0,0.0,9.0,11.0,0.0,0.0,14.0,14.0,0.0,0.0,10.0,12.0,5,9
473,202210020510,0.0,0.0,0.0,6.0,0.0,1.0,0.0,13.0,0.0,0.0,0.0,1.0,0.0,0.0,0.0,6.0,0.0,1.0,0.0,10.0,0.0,0.0,0.0,1.0,0.0,0.0,0.0,0.0,0.0,0.0,0.0,0.0,0.0,0.0,0.0,0.0,0.0,0.0,5.0,12.0,0.0,0.0,12.0,16.0,0.0,0.0,1.0,1.0,6,11
474,202210020601,0.0,0.0,1.0,9.0,1.0,0.0,0.0,8.0,0.0,0.0,0.0,0.0,0.0,0.0,1.0,6.0,1.0,0.0,0.0,5.0,0.0,0.0,0.0,0.0,0.0,0.0,1.0,5.0,0.0,0.0,0.0,2.0,0.0,0.0,0.0,0.0,0.0,0.0,20.0,2.0,0.0,0.0,30.0,2.0,0.0,0.0,30.0,3.0,4,8
475,202210020601,2.0,5.0,0.0,23.0,0.0,0.0,0.0,1.0,0.0,0.0,0.0,0.0,1.0,4.0,0.0,15.0,0.0,0.0,0.0,0.0,0.0,0.0,0.0,0.0,1.0,0.0,0.0,10.0,0.0,0.0,0.0,0.0,0.0,0.0,0.0,0.0,0.0,0.0,5.0,13.0,0.0,0.0,11.0,8.0,0.0,0.0,4.0,12.0,8,15
476,202210020601,2.0,2.0,3.0,24.0,4.0,3.0,5.0,26.0,0.0,0.0,0.0,1.0,2.0,2.0,3.0,18.0,1.0,3.0,1.0,19.0,0.0,0.0,0.0,1.0,1.0,1.0,1.0,7.0,0.0,2.0,1.0,6.0,0.0,0.0,0.0,0.0,0.0,0.0,14.0,13.0,0.0,0.0,13.0,14.0,0.0,0.0,10.0,9.0,5,9
477,202210020601,0.0,1.0,0.0,0.0,0.0,0.0,0.0,1.0,0.0,0.0,0.0,0.0,0.0,1.0,0.0,0.0,0.0,0.0,0.0,1.0,0.0,0.0,0.0,0.0,0.0,0.0,0.0,0.0,0.0,0.0,0.0,1.0,0.0,0.0,0.0,0.0,0.0,0.0,150.0,15.0,0.0,0.0,50.0,8.0,,,,,3,5
478,202210020601,0.0,1.0,0.0,0.0,2.0,2.0,3.0,25.0,0.0,0.0,0.0,0.0,0.0,1.0,0.0,0.0,1.0,2.0,2.0,20.0,0.0,0.0,0.0,0.0,0.0,0.0,0.0,0.0,0.0,1.0,2.0,5.0,0.0,0.0,0.0,0.0,0.0,0.0,4.0,7.0,0.0,0.0,9.0,11.0,0.0,0.0,7.0,9.0,8,16
479,202210020601,0.0,1.0,0.0,0.0,2.0,4.0,4.0,26.0,0.0,0.0,0.0,0.0,0.0,1.0,0.0,0.0,0.0,3.0,2.0,15.0,0.0,0.0,0.0,0.0,0.0,0.0,0.0,0.0,0.0,3.0,1.0,8.0,0.0,0.0,0.0,0.0,0.0,0.0,5.0,11.0,0.0,0.0,7.0,13.0,0.0,0.0,7.0,8.0,5,10
480,202210020601,4.0,4.0,2.0,32.0,0.0,0.0,0.0,2.0,0.0,0.0,0.0,0.0,0.0,3.0,1.0,21.0,0.0,0.0,0.0,1.0,0.0,0.0,0.0,0.0,0.0,1.0,0.0,6.0,0.0,0.0,0.0,1.0,0.0,0.0,0.0,0.0,0.0,0.0,50.0,9.0,0.0,0.0,140.0,11.0,0.0,0.0,110.0,13.0,4,7
481,202210020601,0.0,0.0,0.0,13.0,1.0,3.0,1.0,44.0,0.0,0.0,0.0,1.0,0.0,0.0,0.0,11.0,1.0,2.0,1.0,37.0,0.0,0.0,0.0,0.0,0.0,0.0,0.0,8.0,0.0,0.0,0.0,17.0,0.0,0.0,0.0,0.0,0.0,0.0,3.0,9.0,0.0,0.0,6.0,14.0,0.0,0.0,2.0,4.0,2,3
482,202210020601,2.0,1.0,2.0,4.0,2.0,5.0,7.0,37.0,0.0,0.0,0.0,0.0,1.0,1.0,1.0,4.0,2.0,4.0,4.0,29.0,0.0,0.0,0.0,0.0,0.0,1.0,0.0,4.0,2.0,3.0,3.0,12.0,0.0,0.0,0.0,0.0,0.0,0.0,70.0,60.0,0.0,0.0,110.0,120.0,0.0,0.0,120.0,90.0,7,13
483,202210020601,0.0,1.0,1.0,9.0,7.0,3.0,1.0,25.0,0.0,0.0,0.0,0.0,0.0,1.0,0.0,7.0,5.0,2.0,1.0,19.0,0.0,0.0,0.0,0.0,0.0,1.0,0.0,2.0,0.0,1.0,1.0,14.0,0.0,0.0,0.0,0.0,0.0,0.0,5.0,7.0,0.0,0.0,12.0,11.0,0.0,0.0,6.0,9.0,3,6
484,202210020601,0.0,0.0,0.0,13.0,2.0,0.0,1.0,24.0,0.0,0.0,0.0,1.0,0.0,0.0,0.0,11.0,2.0,0.0,1.0,18.0,0.0,0.0,0.0,1.0,0.0,0.0,0.0,8.0,0.0,0.0,1.0,11.0,0.0,0.0,0.0,1.0,0.0,0.0,70.0,6.0,0.0,0.0,60.0,8.0,0.0,0.0,70.0,8.0,7,14
485,202210020601,0.0,0.0,0.0,12.0,2.0,1.0,0.0,9.0,0.0,0.0,0.0,0.0,0.0,0.0,0.0,10.0,1.0,0.0,0.0,7.0,0.0,0.0,0.0,0.0,0.0,0.0,0.0,4.0,0.0,0.0,0.0,5.0,0.0,0.0,0.0,0.0,0.0,0.0,16.0,10.0,0.0,0.0,11.0,11.0,0.0,0.0,9.0,12.0,1,1
486,202210020601,3.0,4.0,2.0,26.0,0.0,0.0,0.0,0.0,0.0,0.0,0.0,0.0,3.0,2.0,1.0,18.0,0.0,0.0,0.0,0.0,0.0,0.0,0.0,0.0,3.0,0.0,0.0,8.0,0.0,0.0,0.0,0.0,0.0,0.0,0.0,0.0,0.0,0.0,8.0,7.0,0.0,0.0,8.0,13.0,0.0,0.0,8.0,11.0,6,12
487,202210020601,0.0,0.0,1.0,9.0,0.0,0.0,0.0,3.0,0.0,0.0,0.0,0.0,0.0,0.0,1.0,6.0,0.0,0.0,0.0,2.0,0.0,0.0,0.0,0.0,0.0,0.0,1.0,5.0,0.0,0.0,0.0,2.0,0.0,0.0,0.0,0.0,0.0,0.0,3.0,3.0,0.0,0.0,11.0,9.0,0.0,0.0,12.0,4.0,1,2
488,202210020601,0.0,0.0,0.0,6.0,4.0,3.0,5.0,26.0,0.0,0.0,0.0,0.0,0.0,0.0,0.0,5.0,1.0,3.0,1.0,19.0,0.0,0.0,0.0,0.0,0.0,0.0,0.0,4.0,0.0,2.0,1.0,6.0,0.0,0.0,0.0,0.0,0.0,0.0,10.0,8.0,0.0,0.0,14.0,13.0,0.0,0.0,15.0,15.0,6,11
489,202210020601,0.0,0.0,0.0,0.0,0.0,0.0,0.0,0.0,0.0,0.0,0.0,0.0,0.0,0.0,0.0,0.0,0.0,0.0,0.0,0.0,0.0,0.0,0.0,0.0,0.0,0.0,0.0,0.0,0.0,0.0,0.0,0.0,0.0,0.0,0.0,0.0,0.0,0.0,110.0,11.0,0.0,0.0,150.0,15.0,0.0,0.0,160.0,16.0,2,4
490,202210020607,7.0,2.0,1.0,21.0,5.0,4.0,1.0,46.0,1.0,0.0,0.0,1.0,5.0,0.0,0.0,17.0,3.0,2.0,1.0,36.0,1.0,0.0,0.0,0.0,2.0,0.0,0.0,7.0,1.0,0.0,1.0,14.0,0.0,0.0,0.0,0.0,0.0,0.0,10.0,8.0,0.0,0.0,11.0,9.0,0.0,0.0,15.0,10.0,1,2
491,202210020607,2.0,7.0,2.0,29.0,0.0,2.0,0.0,9.0,0.0,1.0,0.0,0.0,1.0,0.0,1.0,20.0,0.0,0.0,0.0,7.0,0.0,0.0,0.0,0.0,1.0,0.0,0.0,3.0,0.0,0.0,0.0,3.0,0.0,0.0,0.0,0.0,0.0,0.0,4.0,4.0,0.0,0.0,16.0,15.0,0.0,0.0,11.0,7.0,4,7
492,202210020607,2.0,2.0,1.0,11.0,1.0,2.0,0.0,5.0,0.0,0.0,0.0,0.0,1.0,1.0,0.0,7.0,0.0,1.0,0.0,3.0,0.0,0.0,0.0,0.0,0.0,0.0,0.0,0.0,0.0,1.0,0.0,3.0,0.0,0.0,0.0,0.0,0.0,0.0,4.0,7.0,0.0,0.0,2.0,9.0,0.0,0.0,9.0,8.0,6,12
493,202210020607,0.0,0.0,0.0,13.0,1.0,0.0,3.0,35.0,0.0,0.0,0.0,0.0,0.0,0.0,0.0,11.0,0.0,0.0,3.0,26.0,0.0,0.0,0.0,0.0,0.0,0.0,0.0,2.0,0.0,0.0,1.0,10.0,0.0,0.0,0.0,0.0,0.0,0.0,8.0,6.0,0.0,0.0,13.0,10.0,0.0,0.0,14.0,13.0,8,15
494,202210020607,0.0,2.0,2.0,11.0,0.0,1.0,0.0,1.0,0.0,1.0,0.0,1.0,0.0,1.0,2.0,9.0,0.0,1.0,0.0,1.0,0.0,1.0,0.0,1.0,0.0,0.0,2.0,1.0,0.0,0.0,0.0,0.0,0.0,0.0,0.0,0.0,0.0,0.0,5.0,5.0,0.0,0.0,9.0,9.0,0.0,0.0,11.0,10.0,6,11
495,202210020607,2.0,7.0,2.0,29.0,0.0,0.0,2.0,18.0,0.0,0.0,0.0,0.0,1.0,0.0,1.0,20.0,0.0,0.0,1.0,15.0,0.0,0.0,0.0,0.0,1.0,0.0,0.0,3.0,0.0,0.0,0.0,5.0,0.0,0.0,0.0,0.0,0.0,0.0,5.0,6.0,0.0,0.0,13.0,12.0,0.0,0.0,11.0,10.0,1,1
496,202210020607,0.0,0.0,0.0,6.0,7.0,3.0,1.0,25.0,0.0,0.0,0.0,0.0,0.0,0.0,0.0,3.0,5.0,2.0,1.0,19.0,0.0,0.0,0.0,0.0,0.0,0.0,0.0,0.0,2.0,0.0,0.0,1.0,0.0,0.0,0.0,0.0,0.0,0.0,8.0,9.0,0.0,0.0,12.0,14.0,0.0,0.0,10.0,12.0,5,9
497,202210020607,0.0,0.0,1.0,0.0,3.0,3.0,4.0,17.0,0.0,0.0,1.0,0.0,0.0,0.0,1.0,0.0,2.0,3.0,4.0,9.0,0.0,0.0,1.0,0.0,0.0,0.0,1.0,0.0,1.0,1.0,2.0,2.0,0.0,0.0,1.0,0.0,0.0,0.0,5.0,6.0,0.0,0.0,7.0,11.0,0.0,0.0,2.0,8.0,3,6
498,202210020607,0.0,0.0,0.0,1.0,0.0,0.0,2.0,2.0,0.0,0.0,0.0,0.0,0.0,0.0,0.0,1.0,0.0,0.0,2.0,2.0,0.0,0.0,0.0,0.0,0.0,0.0,0.0,1.0,0.0,0.0,0.0,0.0,0.0,0.0,0.0,0.0,0.0,0.0,10.0,9.0,0.0,0.0,5.0,13.0,0.0,0.0,5.0,,5,10
499,202210020607,7.0,2.0,1.0,21.0,0.0,1.0,2.0,3.0,0.0,0.0,0.0,0.0,5.0,0.0,0.0,17.0,0.0,1.0,2.0,1.0,0.0,0.0,0.0,0.0,2.0,0.0,0.0,7.0,0.0,0.0,1.0,0.0,0.0,0.0,0.0,0.0,0.0,0.0,6.0,9.0,0.0,0.0,14.0,12.0,0.0,0.0,10.0,6.0,7,13
500,202210020607,0.0,3.0,1.0,3.0,1.0,3.0,1.0,44.0,0.0,2.0,0.0,1.0,0.0,3.0,1.0,2.0,1.0,2.0,1.0,37.0,0.0,2.0,0.0,1.0,0.0,2.0,0.0,0.0,0.0,2.0,0.0,14.0,0.0,2.0,0.0,0.0,0.0,0.0,6.0,4.0,0.0,0.0,8.0,5.0,0.0,0.0,8.0,5.0,3,5
501,202210020607,0.0,1.0,1.0,9.0,0.0,2.0,2.0,9.0,0.0,0.0,0.0,0.0,0.0,1.0,0.0,7.0,0.0,1.0,1.0,6.0,0.0,0.0,0.0,0.0,0.0,0.0,0.0,2.0,0.0,1.0,0.0,3.0,0.0,0.0,0.0,0.0,0.0,0.0,50.0,8.0,0.0,0.0,60.0,5.0,0.0,0.0,60.0,3.0,2,4
502,202210020607,1.0,2.0,2.0,22.0,0.0,0.0,0.0,1.0,0.0,0.0,0.0,1.0,1.0,2.0,2.0,19.0,0.0,0.0,0.0,1.0,0.0,0.0,0.0,1.0,0.0,0.0,0.0,3.0,0.0,0.0,0.0,1.0,0.0,0.0,0.0,1.0,0.0,0.0,3.0,8.0,0.0,0.0,12.0,12.0,0.0,0.0,15.0,13.0,8,16
503,202210020607,0.0,1.0,0.0,3.0,1.0,4.0,2.0,26.0,0.0,0.0,0.0,0.0,0.0,1.0,0.0,2.0,1.0,4.0,2.0,19.0,0.0,0.0,0.0,0.0,0.0,1.0,0.0,0.0,1.0,1.0,1.0,3.0,0.0,0.0,0.0,0.0,0.0,0.0,10.0,2.0,0.0,0.0,30.0,6.0,0.0,0.0,20.0,3.0,4,8
504,202210020607,2.0,7.0,2.0,29.0,0.0,0.0,0.0,5.0,0.0,0.0,0.0,0.0,1.0,0.0,1.0,20.0,0.0,0.0,0.0,5.0,0.0,0.0,0.0,0.0,1.0,0.0,0.0,3.0,0.0,0.0,0.0,2.0,0.0,0.0,0.0,0.0,0.0,0.0,11.0,11.0,0.0,0.0,12.0,12.0,0.0,0.0,11.0,13.0,7,14
505,202210020607,0.0,0.0,0.0,12.0,5.0,4.0,1.0,46.0,0.0,0.0,0.0,0.0,0.0,0.0,0.0,10.0,3.0,2.0,1.0,36.0,0.0,0.0,0.0,0.0,0.0,0.0,0.0,4.0,1.0,0.0,1.0,14.0,0.0,0.0,0.0,0.0,0.0,0.0,12.0,12.0,0.0,0.0,15.0,16.0,0.0,0.0,11.0,12.0,2,3
506,202210020609,0.0,1.0,0.0,0.0,3.0,3.0,4.0,17.0,0.0,0.0,0.0,0.0,0.0,1.0,0.0,0.0,2.0,3.0,4.0,9.0,0.0,0.0,0.0,0.0,0.0,0.0,0.0,0.0,1.0,1.0,2.0,2.0,0.0,0.0,0.0,0.0,0.0,0.0,50.0,5.0,0.0,0.0,10.0,1.0,,,,,1,2
507,202210020609,0.0,0.0,2.0,0.0,1.0,3.0,1.0,44.0,0.0,0.0,0.0,0.0,0.0,0.0,1.0,0.0,1.0,2.0,1.0,37.0,0.0,0.0,0.0,0.0,0.0,0.0,0.0,0.0,0.0,2.0,0.0,14.0,0.0,0.0,0.0,0.0,0.0,0.0,40.0,6.0,0.0,0.0,70.0,6.0,0.0,0.0,30.0,4.0,3,6
508,202210020609,7.0,2.0,1.0,21.0,2.0,1.0,0.0,9.0,0.0,0.0,0.0,0.0,5.0,0.0,0.0,17.0,1.0,0.0,0.0,7.0,0.0,0.0,0.0,0.0,2.0,0.0,0.0,7.0,1.0,0.0,0.0,1.0,0.0,0.0,0.0,0.0,0.0,0.0,7.0,4.0,0.0,0.0,6.0,1.0,0.0,0.0,10.0,3.0,8,15
509,202210020609,0.0,1.0,0.0,0.0,1.0,4.0,2.0,26.0,0.0,0.0,0.0,0.0,0.0,1.0,0.0,0.0,1.0,4.0,2.0,19.0,0.0,0.0,0.0,0.0,0.0,0.0,0.0,0.0,1.0,1.0,1.0,3.0,0.0,0.0,0.0,0.0,0.0,0.0,110.0,11.0,0.0,0.0,8.0,11.0,0.0,0.0,6.0,10.0,7,14
510,202210020609,7.0,2.0,1.0,21.0,0.0,0.0,1.0,12.0,0.0,0.0,0.0,0.0,5.0,0.0,0.0,17.0,0.0,0.0,1.0,8.0,0.0,0.0,0.0,0.0,2.0,0.0,0.0,7.0,0.0,0.0,1.0,0.0,0.0,0.0,0.0,0.0,0.0,0.0,70.0,7.0,0.0,0.0,100.0,5.0,0.0,0.0,60.0,1.0,7,13
511,202210020609,7.0,2.0,1.0,21.0,5.0,4.0,1.0,46.0,1.0,0.0,0.0,1.0,5.0,0.0,0.0,17.0,3.0,2.0,1.0,36.0,1.0,0.0,0.0,0.0,2.0,0.0,0.0,7.0,1.0,0.0,1.0,14.0,0.0,0.0,0.0,0.0,0.0,0.0,50.0,1.0,,,,,,,,,3,5
512,202210020609,4.0,4.0,2.0,32.0,4.0,3.0,5.0,26.0,0.0,0.0,0.0,3.0,0.0,3.0,1.0,21.0,1.0,3.0,1.0,19.0,0.0,0.0,0.0,2.0,0.0,1.0,0.0,9.0,1.0,1.0,0.0,7.0,0.0,0.0,0.0,0.0,0.0,0.0,6.0,10.0,0.0,0.0,2.0,1.0,0.0,0.0,2.0,2.0,2,3
513,202210020609,0.0,0.0,0.0,5.0,5.0,2.0,2.0,35.0,0.0,0.0,0.0,0.0,0.0,0.0,0.0,4.0,3.0,2.0,2.0,24.0,0.0,0.0,0.0,0.0,0.0,0.0,0.0,1.0,0.0,0.0,1.0,8.0,0.0,0.0,0.0,0.0,0.0,0.0,3.0,6.0,0.0,0.0,14.0,13.0,0.0,0.0,11.0,15.0,4,7
514,202210020609,2.0,2.0,3.0,24.0,4.0,3.0,5.0,26.0,0.0,0.0,0.0,1.0,2.0,2.0,3.0,18.0,1.0,3.0,1.0,19.0,0.0,0.0,0.0,1.0,1.0,0.0,2.0,7.0,1.0,1.0,0.0,7.0,0.0,0.0,0.0,1.0,0.0,0.0,9.0,1.0,0.0,0.0,10.0,6.0,0.0,0.0,6.0,12.0,4,8
515,202210020609,3.0,4.0,2.0,26.0,2.0,0.0,0.0,13.0,1.0,0.0,0.0,0.0,3.0,2.0,1.0,18.0,1.0,0.0,0.0,8.0,1.0,0.0,0.0,0.0,0.0,1.0,0.0,2.0,0.0,0.0,0.0,1.0,0.0,0.0,0.0,0.0,0.0,0.0,40.0,3.0,0.0,0.0,70.0,1.0,,,,,5,9
516,202210020609,1.0,3.0,0.0,6.0,2.0,0.0,1.0,24.0,0.0,0.0,0.0,1.0,1.0,3.0,0.0,5.0,2.0,0.0,1.0,18.0,0.0,0.0,0.0,1.0,1.0,0.0,0.0,1.0,1.0,0.0,0.0,3.0,0.0,0.0,0.0,1.0,0.0,0.0,60.0,1.0,0.0,0.0,110.0,12.0,,,,,2,4
517,202210020609,0.0,0.0,0.0,0.0,0.0,0.0,0.0,0.0,0.0,0.0,0.0,0.0,0.0,0.0,0.0,0.0,0.0,0.0,0.0,0.0,0.0,0.0,0.0,0.0,0.0,0.0,0.0,0.0,0.0,0.0,0.0,0.0,0.0,0.0,0.0,0.0,0.0,0.0,3.0,12.0,0.0,0.0,4.0,6.0,0.0,0.0,7.0,1.0,6,12
518,202210020609,2.0,7.0,2.0,29.0,0.0,2.0,0.0,9.0,0.0,1.0,0.0,0.0,1.0,0.0,1.0,20.0,0.0,0.0,0.0,7.0,0.0,0.0,0.0,0.0,1.0,0.0,0.0,3.0,0.0,0.0,0.0,3.0,0.0,0.0,0.0,0.0,0.0,0.0,5.0,3.0,0.0,0.0,15.0,13.0,0.0,0.0,16.0,16.0,5,10
519,202210020609,2.0,2.0,4.0,16.0,5.0,4.0,1.0,46.0,0.0,0.0,0.0,2.0,2.0,1.0,4.0,13.0,3.0,2.0,1.0,36.0,0.0,0.0,0.0,2.0,1.0,0.0,1.0,4.0,1.0,0.0,1.0,14.0,0.0,0.0,0.0,1.0,0.0,0.0,11.0,15.0,0.0,0.0,6.0,11.0,0.0,0.0,14.0,8.0,8,16
520,202210020609,0.0,3.0,0.0,16.0,0.0,0.0,0.0,0.0,0.0,0.0,0.0,0.0,0.0,3.0,0.0,15.0,0.0,0.0,0.0,0.0,0.0,0.0,0.0,0.0,0.0,1.0,0.0,8.0,0.0,0.0,0.0,0.0,0.0,0.0,0.0,0.0,0.0,0.0,2.0,7.0,0.0,0.0,5.0,5.0,0.0,0.0,8.0,9.0,6,11
521,202210020609,3.0,2.0,5.0,25.0,2.0,1.0,0.0,9.0,0.0,0.0,0.0,1.0,3.0,2.0,3.0,18.0,1.0,0.0,0.0,7.0,0.0,0.0,0.0,1.0,0.0,0.0,1.0,4.0,1.0,0.0,0.0,1.0,0.0,0.0,0.0,0.0,0.0,0.0,9.0,9.0,0.0,0.0,12.0,9.0,0.0,0.0,10.0,10.0,1,1
522,202210030107,7.0,2.0,1.0,21.0,0.0,0.0,1.0,12.0,0.0,0.0,0.0,0.0,5.0,0.0,0.0,17.0,0.0,0.0,1.0,8.0,0.0,0.0,0.0,0.0,1.0,0.0,0.0,5.0,0.0,0.0,0.0,6.0,0.0,0.0,0.0,0.0,0.0,0.0,2.0,6.0,0.0,0.0,1.0,5.0,0.0,0.0,2.0,2.0,7,13
523,202210030107,0.0,3.0,0.0,16.0,5.0,4.0,1.0,46.0,0.0,0.0,0.0,0.0,0.0,3.0,0.0,15.0,3.0,2.0,1.0,36.0,0.0,0.0,0.0,0.0,0.0,2.0,0.0,7.0,2.0,0.0,0.0,10.0,0.0,0.0,0.0,0.0,0.0,0.0,6.0,6.0,0.0,0.0,11.0,4.0,0.0,0.0,4.0,10.0,2,4
524,202210030107,2.0,2.0,3.0,24.0,1.0,0.0,3.0,35.0,0.0,0.0,1.0,2.0,2.0,2.0,3.0,18.0,0.0,0.0,3.0,26.0,0.0,0.0,1.0,2.0,1.0,1.0,1.0,7.0,0.0,0.0,2.0,12.0,0.0,0.0,0.0,2.0,0.0,0.0,8.0,7.0,0.0,0.0,3.0,6.0,0.0,0.0,4.0,3.0,8,15
525,202210030107,0.0,1.0,0.0,3.0,1.0,0.0,3.0,35.0,0.0,0.0,0.0,0.0,0.0,1.0,0.0,2.0,0.0,0.0,3.0,26.0,0.0,0.0,0.0,0.0,0.0,0.0,0.0,1.0,0.0,0.0,2.0,12.0,0.0,0.0,0.0,0.0,0.0,0.0,8.0,10.0,0.0,0.0,4.0,4.0,0.0,0.0,4.0,7.0,5,10
526,202210030107,0.0,0.0,0.0,0.0,0.0,0.0,0.0,2.0,0.0,0.0,0.0,0.0,0.0,0.0,0.0,0.0,0.0,0.0,0.0,2.0,0.0,0.0,0.0,0.0,0.0,0.0,0.0,0.0,0.0,0.0,0.0,2.0,0.0,0.0,0.0,0.0,0.0,0.0,1.0,5.0,0.0,0.0,5.0,2.0,0.0,0.0,2.0,7.0,1,2
527,202210030107,0.0,0.0,0.0,0.0,1.0,0.0,0.0,6.0,0.0,0.0,0.0,0.0,0.0,0.0,0.0,0.0,1.0,0.0,0.0,5.0,0.0,0.0,0.0,0.0,0.0,0.0,0.0,0.0,0.0,0.0,0.0,4.0,0.0,0.0,0.0,0.0,0.0,0.0,4.0,5.0,0.0,0.0,4.0,6.0,0.0,0.0,3.0,6.0,4,7
528,202210030107,0.0,1.0,0.0,0.0,0.0,0.0,0.0,2.0,0.0,0.0,0.0,0.0,0.0,1.0,0.0,0.0,0.0,0.0,0.0,2.0,0.0,0.0,0.0,0.0,0.0,0.0,0.0,0.0,0.0,0.0,0.0,1.0,0.0,0.0,0.0,0.0,0.0,0.0,3.0,7.0,0.0,0.0,10.0,12.0,0.0,0.0,9.0,7.0,2,3
529,202210030107,4.0,0.0,3.0,42.0,1.0,0.0,3.0,6.0,0.0,0.0,0.0,0.0,4.0,0.0,3.0,39.0,0.0,0.0,1.0,3.0,0.0,0.0,0.0,0.0,2.0,0.0,1.0,16.0,0.0,0.0,1.0,3.0,0.0,0.0,0.0,0.0,0.0,0.0,4.0,2.0,0.0,0.0,2.0,8.0,0.0,0.0,2.0,2.0,3,6
530,202210030107,0.0,0.0,0.0,2.0,0.0,0.0,0.0,0.0,0.0,0.0,0.0,0.0,0.0,0.0,0.0,1.0,0.0,0.0,0.0,0.0,0.0,0.0,0.0,0.0,0.0,0.0,0.0,0.0,0.0,0.0,0.0,0.0,0.0,0.0,0.0,0.0,0.0,0.0,10.0,70.0,0.0,0.0,100.0,90.0,0.0,0.0,180.0,130.0,6,11
531,202210030107,0.0,3.0,0.0,16.0,0.0,0.0,0.0,0.0,0.0,0.0,0.0,0.0,0.0,3.0,0.0,15.0,0.0,0.0,0.0,0.0,0.0,0.0,0.0,0.0,0.0,2.0,0.0,7.0,0.0,0.0,0.0,0.0,0.0,0.0,0.0,0.0,0.0,0.0,6.0,7.0,0.0,0.0,13.0,15.0,0.0,0.0,8.0,10.0,8,16
532,202210030107,0.0,0.0,1.0,19.0,2.0,3.0,0.0,14.0,0.0,0.0,0.0,0.0,0.0,0.0,0.0,10.0,2.0,2.0,0.0,10.0,0.0,0.0,0.0,0.0,0.0,0.0,0.0,7.0,1.0,0.0,0.0,8.0,0.0,0.0,0.0,0.0,0.0,0.0,100.0,12.0,0.0,0.0,90.0,7.0,0.0,0.0,180.0,15.0,1,1
533,202210030107,0.0,0.0,0.0,6.0,7.0,3.0,1.0,25.0,0.0,0.0,0.0,0.0,0.0,0.0,0.0,3.0,5.0,2.0,1.0,19.0,0.0,0.0,0.0,0.0,0.0,0.0,0.0,3.0,0.0,1.0,1.0,14.0,0.0,0.0,0.0,0.0,0.0,0.0,6.0,2.0,0.0,0.0,16.0,7.0,0.0,0.0,14.0,12.0,7,14
534,202210030107,0.0,0.0,1.0,9.0,0.0,2.0,0.0,9.0,0.0,0.0,0.0,0.0,0.0,0.0,1.0,6.0,0.0,0.0,0.0,7.0,0.0,0.0,0.0,0.0,0.0,0.0,1.0,5.0,0.0,0.0,0.0,4.0,0.0,0.0,0.0,0.0,0.0,0.0,5.0,,0.0,0.0,16.0,13.0,0.0,0.0,7.0,11.0,4,8
535,202210030107,0.0,0.0,0.0,1.0,7.0,3.0,1.0,25.0,0.0,0.0,0.0,0.0,0.0,0.0,0.0,1.0,5.0,2.0,1.0,19.0,0.0,0.0,0.0,0.0,0.0,0.0,0.0,1.0,0.0,1.0,1.0,14.0,0.0,0.0,0.0,0.0,0.0,0.0,9.0,8.0,0.0,0.0,13.0,16.0,0.0,0.0,13.0,14.0,3,5
536,202210030107,0.0,1.0,1.0,14.0,0.0,1.0,2.0,3.0,0.0,0.0,0.0,0.0,0.0,1.0,1.0,10.0,0.0,1.0,2.0,1.0,0.0,0.0,0.0,0.0,0.0,0.0,0.0,1.0,0.0,0.0,0.0,0.0,0.0,0.0,0.0,0.0,0.0,0.0,60.0,80.0,0.0,0.0,150.0,150.0,0.0,0.0,100.0,60.0,5,9
537,202210030107,0.0,0.0,0.0,2.0,0.0,0.0,0.0,15.0,0.0,0.0,0.0,0.0,0.0,0.0,0.0,2.0,0.0,0.0,0.0,12.0,0.0,0.0,0.0,0.0,0.0,0.0,0.0,1.0,0.0,0.0,0.0,3.0,0.0,0.0,0.0,0.0,0.0,0.0,11.0,12.0,0.0,0.0,12.0,16.0,,,,,6,12
538,202210030111,1.0,2.0,2.0,15.0,3.0,3.0,4.0,17.0,0.0,1.0,0.0,0.0,1.0,2.0,2.0,13.0,2.0,3.0,4.0,9.0,0.0,1.0,0.0,0.0,0.0,0.0,0.0,0.0,0.0,0.0,0.0,0.0,0.0,0.0,0.0,0.0,0.0,0.0,20.0,1.0,0.0,0.0,100.0,5.0,0.0,0.0,40.0,1.0,6,12
539,202210030111,1.0,0.0,0.0,0.0,7.0,3.0,1.0,25.0,1.0,0.0,0.0,0.0,1.0,0.0,0.0,0.0,5.0,2.0,1.0,19.0,1.0,0.0,0.0,0.0,0.0,0.0,0.0,0.0,1.0,0.0,0.0,0.0,0.0,0.0,0.0,0.0,0.0,0.0,9.0,4.0,0.0,0.0,6.0,7.0,0.0,0.0,4.0,9.0,3,6
540,202210030111,3.0,4.0,2.0,26.0,2.0,2.0,3.0,25.0,0.0,0.0,0.0,0.0,3.0,2.0,1.0,18.0,1.0,2.0,2.0,20.0,0.0,0.0,0.0,0.0,0.0,0.0,0.0,0.0,0.0,0.0,0.0,0.0,0.0,0.0,0.0,0.0,0.0,0.0,3.0,4.0,0.0,0.0,15.0,10.0,0.0,0.0,11.0,12.0,5,9
541,202210030111,0.0,2.0,2.0,9.0,3.0,3.0,4.0,17.0,0.0,0.0,0.0,0.0,0.0,1.0,1.0,7.0,2.0,3.0,4.0,9.0,0.0,0.0,0.0,0.0,0.0,0.0,0.0,0.0,0.0,0.0,0.0,0.0,0.0,0.0,0.0,0.0,0.0,0.0,1.0,3.0,0.0,0.0,13.0,13.0,0.0,0.0,11.0,7.0,2,3
542,202210030111,2.0,7.0,2.0,29.0,0.0,0.0,2.0,18.0,0.0,0.0,0.0,0.0,1.0,0.0,1.0,20.0,0.0,0.0,1.0,15.0,0.0,0.0,0.0,0.0,0.0,0.0,0.0,0.0,0.0,0.0,0.0,1.0,0.0,0.0,0.0,0.0,0.0,0.0,11.0,9.0,0.0,0.0,14.0,14.0,0.0,0.0,12.0,9.0,2,4
543,202210030111,2.0,2.0,4.0,16.0,5.0,2.0,2.0,35.0,0.0,0.0,0.0,0.0,2.0,1.0,4.0,13.0,3.0,2.0,2.0,24.0,0.0,0.0,0.0,0.0,0.0,0.0,0.0,0.0,1.0,0.0,0.0,0.0,0.0,0.0,0.0,0.0,0.0,0.0,2.0,2.0,0.0,0.0,2.0,5.0,0.0,0.0,2.0,1.0,4,7
544,202210030111,0.0,0.0,0.0,2.0,1.0,3.0,1.0,44.0,0.0,0.0,0.0,0.0,0.0,0.0,0.0,1.0,1.0,2.0,1.0,37.0,0.0,0.0,0.0,0.0,0.0,0.0,0.0,0.0,0.0,0.0,0.0,0.0,0.0,0.0,0.0,0.0,0.0,0.0,8.0,4.0,0.0,0.0,9.0,12.0,0.0,0.0,10.0,11.0,4,8
545,202210030111,2.0,4.0,1.0,19.0,1.0,0.0,0.0,1.0,1.0,0.0,0.0,0.0,2.0,3.0,0.0,19.0,1.0,0.0,0.0,0.0,1.0,0.0,0.0,0.0,0.0,0.0,0.0,0.0,0.0,0.0,0.0,0.0,0.0,0.0,0.0,0.0,0.0,0.0,11.0,10.0,0.0,0.0,16.0,8.0,0.0,0.0,15.0,11.0,3,5
546,202210030111,7.0,2.0,1.0,21.0,1.0,3.0,1.0,44.0,0.0,0.0,0.0,0.0,5.0,0.0,0.0,17.0,1.0,2.0,1.0,37.0,0.0,0.0,0.0,0.0,0.0,0.0,0.0,0.0,0.0,0.0,0.0,0.0,0.0,0.0,0.0,0.0,0.0,0.0,15.0,15.0,0.0,0.0,8.0,12.0,0.0,0.0,10.0,9.0,1,1
547,202210030111,1.0,0.0,0.0,1.0,1.0,0.0,0.0,2.0,1.0,0.0,0.0,1.0,1.0,0.0,0.0,1.0,1.0,0.0,0.0,2.0,1.0,0.0,0.0,1.0,0.0,0.0,0.0,0.0,0.0,0.0,0.0,0.0,0.0,0.0,0.0,0.0,0.0,0.0,11.0,12.0,0.0,0.0,15.0,15.0,0.0,0.0,14.0,11.0,5,10
548,202210030111,1.0,0.0,2.0,5.0,7.0,3.0,1.0,25.0,0.0,0.0,0.0,0.0,0.0,0.0,2.0,4.0,5.0,2.0,1.0,19.0,0.0,0.0,0.0,0.0,0.0,0.0,0.0,0.0,1.0,0.0,0.0,0.0,0.0,0.0,0.0,0.0,0.0,0.0,6.0,9.0,0.0,0.0,3.0,11.0,0.0,0.0,7.0,9.0,1,2
549,202210030111,3.0,4.0,2.0,26.0,1.0,0.0,3.0,35.0,0.0,0.0,0.0,3.0,3.0,2.0,1.0,18.0,0.0,0.0,3.0,26.0,0.0,0.0,0.0,2.0,0.0,0.0,0.0,0.0,0.0,0.0,0.0,0.0,0.0,0.0,0.0,0.0,0.0,0.0,100.0,6.0,0.0,0.0,100.0,9.0,0.0,0.0,100.0,12.0,7,13
550,202210030111,2.0,2.0,4.0,16.0,5.0,4.0,1.0,46.0,0.0,0.0,0.0,2.0,2.0,1.0,4.0,13.0,3.0,2.0,1.0,36.0,0.0,0.0,0.0,2.0,0.0,0.0,0.0,0.0,0.0,0.0,0.0,1.0,0.0,0.0,0.0,0.0,0.0,0.0,3.0,3.0,0.0,0.0,10.0,11.0,0.0,0.0,6.0,7.0,6,11
551,202210030111,1.0,0.0,0.0,4.0,1.0,0.0,0.0,1.0,1.0,0.0,0.0,0.0,1.0,0.0,0.0,1.0,1.0,0.0,0.0,1.0,1.0,0.0,0.0,0.0,0.0,0.0,0.0,0.0,0.0,0.0,0.0,0.0,0.0,0.0,0.0,0.0,0.0,0.0,9.0,10.0,0.0,0.0,13.0,13.0,0.0,0.0,13.0,16.0,7,14
552,202210030111,4.0,0.0,3.0,42.0,2.0,3.0,0.0,14.0,1.0,0.0,0.0,0.0,4.0,0.0,3.0,39.0,2.0,2.0,0.0,10.0,1.0,0.0,0.0,0.0,0.0,0.0,0.0,0.0,0.0,0.0,0.0,0.0,0.0,0.0,0.0,0.0,0.0,0.0,16.0,15.0,0.0,0.0,13.0,14.0,0.0,0.0,11.0,11.0,8,16
553,202210030111,2.0,2.0,4.0,16.0,0.0,0.0,0.0,15.0,0.0,0.0,0.0,1.0,2.0,1.0,4.0,13.0,0.0,0.0,0.0,12.0,0.0,0.0,0.0,1.0,0.0,0.0,0.0,0.0,0.0,0.0,0.0,1.0,0.0,0.0,0.0,0.0,0.0,0.0,16.0,16.0,0.0,0.0,10.0,15.0,0.0,0.0,14.0,14.0,8,15
554,202210030204,0.0,0.0,0.0,13.0,5.0,4.0,1.0,46.0,0.0,0.0,0.0,2.0,0.0,0.0,0.0,11.0,3.0,2.0,1.0,36.0,0.0,0.0,0.0,2.0,0.0,0.0,0.0,8.0,2.0,0.0,0.0,10.0,0.0,0.0,0.0,1.0,0.0,0.0,50.0,3.0,0.0,0.0,100.0,5.0,0.0,0.0,130.0,5.0,5,10
555,202210030204,0.0,0.0,0.0,5.0,0.0,0.0,0.0,2.0,0.0,0.0,0.0,0.0,0.0,0.0,0.0,4.0,0.0,0.0,0.0,2.0,0.0,0.0,0.0,0.0,0.0,0.0,0.0,3.0,0.0,0.0,0.0,0.0,0.0,0.0,0.0,0.0,0.0,0.0,160.0,5.0,0.0,0.0,120.0,9.0,0.0,0.0,70.0,8.0,4,8
556,202210030204,0.0,1.0,0.0,0.0,2.0,5.0,7.0,37.0,0.0,0.0,0.0,0.0,0.0,1.0,0.0,0.0,2.0,4.0,4.0,29.0,0.0,0.0,0.0,0.0,0.0,0.0,0.0,0.0,2.0,3.0,3.0,12.0,0.0,0.0,0.0,0.0,0.0,0.0,90.0,18.0,0.0,0.0,80.0,9.0,0.0,0.0,70.0,4.0,2,3
557,202210030204,3.0,2.0,5.0,25.0,0.0,1.0,0.0,2.0,0.0,0.0,0.0,0.0,3.0,2.0,3.0,18.0,0.0,1.0,0.0,2.0,0.0,0.0,0.0,0.0,1.0,1.0,2.0,14.0,0.0,0.0,0.0,0.0,0.0,0.0,0.0,0.0,0.0,0.0,2.0,2.0,0.0,0.0,1.0,4.0,0.0,0.0,1.0,6.0,7,14
558,202210030204,0.0,0.0,0.0,1.0,1.0,0.0,3.0,35.0,0.0,0.0,0.0,0.0,0.0,0.0,0.0,0.0,0.0,0.0,3.0,26.0,0.0,0.0,0.0,0.0,0.0,0.0,0.0,0.0,0.0,0.0,2.0,12.0,0.0,0.0,0.0,0.0,0.0,0.0,30.0,7.0,0.0,0.0,110.0,2.0,0.0,0.0,140.0,11.0,6,11
559,202210030204,0.0,1.0,0.0,0.0,1.0,0.0,3.0,35.0,0.0,0.0,0.0,0.0,0.0,1.0,0.0,0.0,0.0,0.0,3.0,26.0,0.0,0.0,0.0,0.0,0.0,0.0,0.0,0.0,0.0,0.0,2.0,12.0,0.0,0.0,0.0,0.0,0.0,0.0,10.0,40.0,0.0,0.0,10.0,140.0,0.0,0.0,50.0,60.0,3,5
560,202210030204,5.0,2.0,2.0,35.0,0.0,0.0,2.0,13.0,0.0,0.0,0.0,1.0,4.0,2.0,2.0,25.0,0.0,0.0,2.0,12.0,0.0,0.0,0.0,1.0,0.0,1.0,1.0,9.0,0.0,0.0,2.0,5.0,0.0,0.0,0.0,0.0,0.0,0.0,14.0,10.0,0.0,0.0,11.0,13.0,0.0,0.0,7.0,1.0,3,6
561,202210030204,1.0,2.0,2.0,22.0,0.0,0.0,0.0,1.0,0.0,0.0,0.0,0.0,1.0,2.0,2.0,19.0,0.0,0.0,0.0,1.0,0.0,0.0,0.0,0.0,1.0,2.0,0.0,12.0,0.0,0.0,0.0,1.0,0.0,0.0,0.0,0.0,0.0,0.0,8.0,9.0,0.0,0.0,9.0,8.0,0.0,0.0,8.0,13.0,2,4
562,202210030204,0.0,1.0,1.0,2.0,0.0,0.0,0.0,0.0,0.0,0.0,0.0,0.0,0.0,1.0,0.0,2.0,0.0,0.0,0.0,0.0,0.0,0.0,0.0,0.0,0.0,1.0,0.0,0.0,0.0,0.0,0.0,0.0,0.0,0.0,0.0,0.0,0.0,0.0,80.0,4.0,0.0,0.0,60.0,10.0,0.0,0.0,50.0,7.0,5,9
563,202210030204,0.0,0.0,0.0,0.0,0.0,0.0,0.0,0.0,0.0,0.0,0.0,0.0,0.0,0.0,0.0,0.0,0.0,0.0,0.0,0.0,0.0,0.0,0.0,0.0,0.0,0.0,0.0,0.0,0.0,0.0,0.0,0.0,0.0,0.0,0.0,0.0,0.0,0.0,16.0,10.0,0.0,0.0,13.0,15.0,,,,,8,16
564,202210030204,1.0,2.0,2.0,22.0,0.0,0.0,0.0,1.0,0.0,0.0,0.0,0.0,1.0,2.0,2.0,19.0,0.0,0.0,0.0,1.0,0.0,0.0,0.0,0.0,1.0,2.0,0.0,12.0,0.0,0.0,0.0,1.0,0.0,0.0,0.0,0.0,0.0,0.0,12.0,11.0,0.0,0.0,8.0,14.0,0.0,0.0,6.0,8.0,6,12
565,202210030204,0.0,3.0,0.0,16.0,0.0,1.0,0.0,0.0,0.0,1.0,0.0,0.0,0.0,3.0,0.0,15.0,0.0,1.0,0.0,0.0,0.0,1.0,0.0,0.0,0.0,2.0,0.0,7.0,0.0,0.0,0.0,0.0,0.0,0.0,0.0,0.0,0.0,0.0,14.0,11.0,0.0,0.0,14.0,11.0,0.0,0.0,10.0,8.0,4,7
566,202210030204,0.0,0.0,0.0,0.0,0.0,0.0,0.0,0.0,0.0,0.0,0.0,0.0,0.0,0.0,0.0,0.0,0.0,0.0,0.0,0.0,0.0,0.0,0.0,0.0,0.0,0.0,0.0,0.0,0.0,0.0,0.0,0.0,0.0,0.0,0.0,0.0,0.0,0.0,80.0,90.0,0.0,0.0,80.0,180.0,0.0,0.0,140.0,130.0,8,15
567,202210030204,0.0,0.0,1.0,2.0,2.0,5.0,7.0,37.0,0.0,0.0,0.0,0.0,0.0,0.0,1.0,2.0,2.0,4.0,4.0,29.0,0.0,0.0,0.0,0.0,0.0,0.0,0.0,0.0,2.0,3.0,3.0,12.0,0.0,0.0,0.0,0.0,0.0,0.0,1.0,12.0,0.0,0.0,13.0,13.0,0.0,0.0,13.0,14.0,7,13
568,202210030204,4.0,4.0,2.0,32.0,0.0,0.0,0.0,2.0,0.0,0.0,0.0,1.0,0.0,3.0,1.0,21.0,0.0,0.0,0.0,0.0,0.0,0.0,0.0,0.0,0.0,1.0,0.0,6.0,0.0,0.0,0.0,0.0,0.0,0.0,0.0,0.0,0.0,0.0,4.0,,0.0,0.0,11.0,15.0,0.0,0.0,8.0,5.0,1,1
569,202210030204,0.0,0.0,0.0,4.0,1.0,0.0,3.0,35.0,0.0,0.0,0.0,0.0,0.0,0.0,0.0,4.0,0.0,0.0,3.0,26.0,0.0,0.0,0.0,0.0,0.0,0.0,0.0,4.0,0.0,0.0,2.0,12.0,0.0,0.0,0.0,0.0,0.0,0.0,70.0,70.0,0.0,0.0,150.0,160.0,0.0,0.0,180.0,180.0,1,2
570,202210030207,2.0,5.0,0.0,23.0,1.0,3.0,1.0,44.0,0.0,0.0,0.0,2.0,1.0,4.0,0.0,15.0,1.0,2.0,1.0,37.0,0.0,0.0,0.0,2.0,0.0,2.0,0.0,5.0,0.0,2.0,0.0,14.0,0.0,0.0,0.0,1.0,0.0,0.0,3.0,2.0,0.0,0.0,11.0,7.0,0.0,0.0,5.0,5.0,5,6
571,202210030207,2.0,2.0,3.0,24.0,0.0,0.0,0.0,2.0,0.0,0.0,0.0,0.0,2.0,2.0,3.0,18.0,0.0,0.0,0.0,2.0,0.0,0.0,0.0,0.0,1.0,0.0,2.0,7.0,0.0,0.0,0.0,1.0,0.0,0.0,0.0,0.0,0.0,0.0,3.0,6.0,0.0,0.0,1.0,3.0,0.0,0.0,2.0,2.0,6,8
572,202210030207,0.0,1.0,0.0,0.0,1.0,4.0,2.0,26.0,0.0,0.0,0.0,0.0,0.0,1.0,0.0,0.0,1.0,4.0,2.0,19.0,0.0,0.0,0.0,0.0,0.0,0.0,0.0,0.0,1.0,1.0,1.0,3.0,0.0,0.0,0.0,0.0,0.0,0.0,110.0,11.0,0.0,0.0,8.0,11.0,0.0,0.0,6.0,10.0,1,1
573,202210030207,3.0,2.0,5.0,25.0,0.0,0.0,0.0,0.0,0.0,0.0,0.0,0.0,3.0,2.0,3.0,18.0,0.0,0.0,0.0,0.0,0.0,0.0,0.0,0.0,0.0,0.0,1.0,4.0,0.0,0.0,0.0,0.0,0.0,0.0,0.0,0.0,0.0,0.0,140.0,13.0,0.0,0.0,80.0,10.0,0.0,0.0,80.0,11.0,2,2
574,202210030207,4.0,0.0,3.0,42.0,0.0,0.0,0.0,0.0,0.0,0.0,0.0,0.0,4.0,0.0,3.0,39.0,0.0,0.0,0.0,0.0,0.0,0.0,0.0,0.0,1.0,0.0,2.0,17.0,0.0,0.0,0.0,0.0,0.0,0.0,0.0,0.0,0.0,0.0,1.0,2.0,0.0,0.0,15.0,14.0,0.0,0.0,11.0,14.0,7,10
575,202210030207,2.0,1.0,2.0,10.0,0.0,0.0,0.0,2.0,0.0,0.0,0.0,0.0,2.0,1.0,2.0,10.0,0.0,0.0,0.0,2.0,0.0,0.0,0.0,0.0,1.0,1.0,2.0,1.0,0.0,0.0,0.0,1.0,0.0,0.0,0.0,0.0,0.0,0.0,70.0,1.0,0.0,0.0,70.0,12.0,0.0,0.0,30.0,5.0,7,9
576,202210030207,1.0,3.0,7.0,28.0,3.0,2.0,1.0,34.0,0.0,0.0,0.0,0.0,0.0,1.0,5.0,18.0,3.0,1.0,0.0,28.0,0.0,0.0,0.0,0.0,0.0,0.0,0.0,3.0,0.0,0.0,0.0,4.0,0.0,0.0,0.0,0.0,0.0,0.0,30.0,4.0,0.0,0.0,40.0,1.0,0.0,0.0,20.0,4.0,3,3
577,202210030207,1.0,3.0,0.0,6.0,1.0,4.0,2.0,26.0,0.0,2.0,0.0,1.0,1.0,3.0,0.0,5.0,1.0,4.0,2.0,19.0,0.0,2.0,0.0,1.0,1.0,0.0,0.0,1.0,1.0,1.0,1.0,3.0,0.0,0.0,0.0,0.0,0.0,0.0,,,0.0,0.0,150.0,13.0,0.0,0.0,90.0,6.0,8,11
578,202210030207,0.0,1.0,0.0,9.0,0.0,0.0,0.0,0.0,0.0,0.0,0.0,0.0,0.0,1.0,0.0,7.0,0.0,0.0,0.0,0.0,0.0,0.0,0.0,0.0,0.0,1.0,0.0,1.0,0.0,0.0,0.0,0.0,0.0,0.0,0.0,0.0,0.0,0.0,70.0,6.0,0.0,0.0,70.0,8.0,0.0,0.0,30.0,1.0,8,12
579,202210030207,0.0,0.0,0.0,0.0,2.0,1.0,0.0,9.0,0.0,0.0,0.0,0.0,0.0,0.0,0.0,0.0,1.0,0.0,0.0,7.0,0.0,0.0,0.0,0.0,0.0,0.0,0.0,0.0,1.0,0.0,0.0,1.0,0.0,0.0,0.0,0.0,0.0,0.0,160.0,14.0,0.0,0.0,8.0,8.0,0.0,0.0,18.0,13.0,6,7
580,202210030207,0.0,0.0,0.0,1.0,3.0,1.0,1.0,17.0,0.0,0.0,0.0,0.0,0.0,0.0,0.0,0.0,3.0,1.0,1.0,12.0,0.0,0.0,0.0,0.0,0.0,0.0,0.0,0.0,0.0,1.0,0.0,3.0,0.0,0.0,0.0,0.0,0.0,0.0,100.0,5.0,0.0,0.0,70.0,8.0,0.0,0.0,30.0,1.0,4,4
581,202210030207,3.0,2.0,5.0,25.0,0.0,1.0,0.0,13.0,0.0,0.0,0.0,0.0,3.0,2.0,3.0,18.0,0.0,1.0,0.0,10.0,0.0,0.0,0.0,0.0,0.0,0.0,1.0,4.0,0.0,0.0,0.0,3.0,0.0,0.0,0.0,0.0,0.0,0.0,90.0,14.0,0.0,0.0,110.0,13.0,0.0,0.0,40.0,1.0,5,5
582,202210030210,0.0,0.0,0.0,0.0,0.0,0.0,0.0,0.0,0.0,0.0,0.0,0.0,0.0,0.0,0.0,0.0,0.0,0.0,0.0,0.0,0.0,0.0,0.0,0.0,0.0,0.0,0.0,0.0,0.0,0.0,0.0,0.0,0.0,0.0,0.0,0.0,0.0,0.0,10.0,9.0,0.0,0.0,14.0,11.0,0.0,0.0,10.0,5.0,7,9
583,202210030210,2.0,0.0,2.0,13.0,2.0,2.0,3.0,25.0,1.0,0.0,0.0,3.0,2.0,0.0,2.0,12.0,1.0,2.0,2.0,20.0,1.0,0.0,0.0,2.0,0.0,0.0,0.0,3.0,0.0,0.0,0.0,4.0,0.0,0.0,0.0,1.0,0.0,0.0,1.0,1.0,0.0,0.0,14.0,11.0,0.0,0.0,12.0,9.0,8,12
584,202210030210,0.0,0.0,0.0,3.0,5.0,4.0,1.0,46.0,0.0,0.0,0.0,1.0,0.0,0.0,0.0,1.0,3.0,2.0,1.0,36.0,0.0,0.0,0.0,0.0,0.0,0.0,0.0,0.0,0.0,2.0,0.0,10.0,0.0,0.0,0.0,0.0,0.0,0.0,20.0,3.0,0.0,0.0,20.0,2.0,0.0,0.0,20.0,5.0,6,7
585,202210030210,1.0,0.0,0.0,5.0,0.0,0.0,0.0,0.0,0.0,0.0,0.0,0.0,0.0,0.0,0.0,1.0,0.0,0.0,0.0,0.0,0.0,0.0,0.0,0.0,0.0,0.0,0.0,0.0,0.0,0.0,0.0,0.0,0.0,0.0,0.0,0.0,0.0,0.0,13.0,14.0,0.0,0.0,7.0,14.0,0.0,0.0,7.0,1.0,2,2
586,202210030210,4.0,0.0,3.0,42.0,2.0,5.0,7.0,37.0,1.0,0.0,0.0,3.0,4.0,0.0,3.0,39.0,2.0,4.0,4.0,29.0,1.0,0.0,0.0,3.0,0.0,0.0,0.0,5.0,0.0,0.0,0.0,4.0,0.0,0.0,0.0,0.0,0.0,0.0,13.0,7.0,0.0,0.0,14.0,14.0,0.0,0.0,11.0,10.0,4,4
587,202210030210,1.0,1.0,2.0,16.0,3.0,1.0,1.0,17.0,0.0,0.0,0.0,1.0,0.0,1.0,2.0,15.0,3.0,1.0,1.0,12.0,0.0,0.0,0.0,1.0,0.0,0.0,0.0,5.0,1.0,0.0,0.0,1.0,0.0,0.0,0.0,0.0,0.0,0.0,130.0,13.0,0.0,0.0,140.0,11.0,0.0,0.0,70.0,6.0,5,5
588,202210030210,0.0,0.0,1.0,7.0,0.0,1.0,2.0,6.0,0.0,0.0,1.0,1.0,0.0,0.0,1.0,6.0,0.0,1.0,2.0,6.0,0.0,0.0,1.0,1.0,0.0,0.0,1.0,1.0,0.0,0.0,1.0,3.0,0.0,0.0,1.0,1.0,0.0,0.0,140.0,13.0,0.0,0.0,80.0,7.0,0.0,0.0,120.0,11.0,3,3
589,202210030210,0.0,0.0,0.0,6.0,5.0,2.0,2.0,35.0,0.0,0.0,0.0,0.0,0.0,0.0,0.0,3.0,3.0,2.0,2.0,24.0,0.0,0.0,0.0,0.0,0.0,0.0,0.0,0.0,0.0,1.0,0.0,4.0,0.0,0.0,0.0,0.0,0.0,0.0,2.0,1.0,0.0,0.0,9.0,8.0,0.0,0.0,12.0,6.0,8,11
590,202210030210,0.0,2.0,0.0,1.0,1.0,0.0,3.0,6.0,0.0,0.0,0.0,0.0,0.0,1.0,0.0,0.0,0.0,0.0,1.0,3.0,0.0,0.0,0.0,0.0,0.0,0.0,0.0,0.0,0.0,0.0,0.0,0.0,0.0,0.0,0.0,0.0,0.0,0.0,12.0,6.0,0.0,0.0,10.0,7.0,0.0,0.0,10.0,10.0,5,6
591,202210030210,3.0,2.0,1.0,17.0,3.0,2.0,1.0,34.0,0.0,1.0,0.0,1.0,2.0,2.0,0.0,12.0,3.0,1.0,0.0,28.0,0.0,1.0,0.0,1.0,0.0,1.0,0.0,2.0,2.0,1.0,0.0,3.0,0.0,1.0,0.0,1.0,0.0,0.0,30.0,7.0,0.0,0.0,160.0,9.0,0.0,0.0,110.0,7.0,7,10
592,202210030210,0.0,0.0,1.0,3.0,1.0,3.0,1.0,44.0,0.0,0.0,0.0,0.0,0.0,0.0,0.0,0.0,1.0,2.0,1.0,37.0,0.0,0.0,0.0,0.0,0.0,0.0,0.0,0.0,0.0,0.0,0.0,6.0,0.0,0.0,0.0,0.0,0.0,0.0,4.0,7.0,0.0,0.0,5.0,9.0,0.0,0.0,4.0,3.0,6,8
593,202210030210,0.0,0.0,0.0,2.0,5.0,2.0,2.0,35.0,0.0,0.0,0.0,0.0,0.0,0.0,0.0,2.0,3.0,2.0,2.0,24.0,0.0,0.0,0.0,0.0,0.0,0.0,0.0,0.0,0.0,1.0,0.0,4.0,0.0,0.0,0.0,0.0,0.0,0.0,12.0,14.0,0.0,0.0,8.0,8.0,0.0,0.0,9.0,8.0,1,1
594,202210030212,7.0,2.0,1.0,21.0,0.0,1.0,3.0,12.0,0.0,0.0,0.0,0.0,5.0,0.0,0.0,17.0,0.0,1.0,0.0,7.0,0.0,0.0,0.0,0.0,2.0,0.0,0.0,7.0,0.0,0.0,0.0,0.0,0.0,0.0,0.0,0.0,0.0,0.0,3.0,1.0,0.0,0.0,4.0,5.0,0.0,0.0,1.0,1.0,8,13
595,202210030212,3.0,2.0,5.0,25.0,1.0,1.0,0.0,1.0,0.0,0.0,0.0,0.0,3.0,2.0,3.0,18.0,1.0,0.0,0.0,1.0,0.0,0.0,0.0,0.0,0.0,0.0,1.0,4.0,0.0,0.0,0.0,1.0,0.0,0.0,0.0,0.0,0.0,0.0,8.0,10.0,0.0,0.0,16.0,16.0,0.0,0.0,7.0,10.0,4,5
596,202210030212,1.0,3.0,7.0,28.0,1.0,0.0,3.0,35.0,0.0,0.0,1.0,1.0,0.0,1.0,5.0,18.0,0.0,0.0,3.0,26.0,0.0,0.0,1.0,1.0,0.0,0.0,0.0,3.0,0.0,0.0,1.0,10.0,0.0,0.0,0.0,1.0,0.0,0.0,100.0,8.0,0.0,0.0,130.0,2.0,0.0,0.0,50.0,10.0,8,12
597,202210030212,0.0,0.0,0.0,6.0,1.0,0.0,0.0,1.0,0.0,0.0,0.0,0.0,0.0,0.0,0.0,3.0,0.0,0.0,0.0,0.0,0.0,0.0,0.0,0.0,0.0,0.0,0.0,0.0,0.0,0.0,0.0,0.0,0.0,0.0,0.0,0.0,0.0,0.0,10.0,9.0,0.0,0.0,12.0,11.0,0.0,0.0,9.0,11.0,6,8
598,202210030212,3.0,2.0,5.0,25.0,1.0,1.0,0.0,7.0,0.0,0.0,0.0,0.0,3.0,2.0,3.0,18.0,0.0,0.0,0.0,3.0,0.0,0.0,0.0,0.0,0.0,0.0,1.0,4.0,0.0,0.0,0.0,1.0,0.0,0.0,0.0,0.0,0.0,0.0,60.0,10.0,0.0,0.0,90.0,11.0,0.0,0.0,20.0,12.0,4,4
599,202210030212,1.0,0.0,1.0,13.0,1.0,2.0,2.0,23.0,0.0,0.0,0.0,0.0,1.0,0.0,1.0,7.0,1.0,2.0,2.0,17.0,0.0,0.0,0.0,0.0,0.0,0.0,1.0,2.0,0.0,1.0,1.0,2.0,0.0,0.0,0.0,0.0,0.0,0.0,140.0,12.0,0.0,0.0,7.0,12.0,0.0,0.0,6.0,7.0,7,11
600,202210030212,0.0,1.0,1.0,2.0,2.0,2.0,3.0,25.0,0.0,0.0,0.0,0.0,0.0,1.0,0.0,2.0,1.0,2.0,2.0,20.0,0.0,0.0,0.0,0.0,0.0,0.0,0.0,1.0,1.0,1.0,0.0,8.0,0.0,0.0,0.0,0.0,0.0,0.0,2.0,7.0,0.0,0.0,6.0,13.0,0.0,0.0,6.0,2.0,5,6
601,202210030212,1.0,0.0,0.0,13.0,3.0,3.0,4.0,17.0,1.0,0.0,0.0,0.0,0.0,0.0,0.0,11.0,2.0,3.0,4.0,9.0,0.0,0.0,0.0,0.0,0.0,0.0,0.0,1.0,1.0,1.0,2.0,2.0,0.0,0.0,0.0,0.0,0.0,0.0,11.0,11.0,0.0,0.0,16.0,14.0,0.0,0.0,14.0,8.0,2,2
602,202210030212,7.0,2.0,1.0,21.0,2.0,0.0,1.0,24.0,0.0,0.0,0.0,0.0,5.0,0.0,0.0,17.0,2.0,0.0,1.0,18.0,0.0,0.0,0.0,0.0,2.0,0.0,0.0,7.0,1.0,0.0,0.0,3.0,0.0,0.0,0.0,0.0,0.0,0.0,70.0,11.0,0.0,0.0,60.0,1.0,0.0,0.0,100.0,10.0,7,10
603,202210030212,9.0,4.0,4.0,24.0,1.0,0.0,0.0,6.0,0.0,0.0,0.0,1.0,7.0,3.0,3.0,18.0,0.0,0.0,0.0,4.0,0.0,0.0,0.0,1.0,1.0,0.0,2.0,5.0,0.0,0.0,0.0,0.0,0.0,0.0,0.0,0.0,0.0,0.0,8.0,10.0,0.0,0.0,10.0,10.0,0.0,0.0,11.0,11.0,3,3
604,202210030212,0.0,0.0,0.0,3.0,0.0,0.0,0.0,4.0,0.0,0.0,0.0,0.0,0.0,0.0,0.0,1.0,0.0,0.0,0.0,4.0,0.0,0.0,0.0,0.0,0.0,0.0,0.0,1.0,0.0,0.0,0.0,1.0,0.0,0.0,0.0,0.0,0.0,0.0,2.0,4.0,0.0,0.0,7.0,8.0,0.0,0.0,10.0,13.0,5,7
605,202210030212,0.0,0.0,1.0,8.0,0.0,0.0,1.0,4.0,0.0,0.0,1.0,0.0,0.0,0.0,1.0,4.0,0.0,0.0,1.0,3.0,0.0,0.0,1.0,0.0,0.0,0.0,0.0,0.0,0.0,0.0,0.0,1.0,0.0,0.0,0.0,0.0,0.0,0.0,5.0,8.0,0.0,0.0,16.0,13.0,0.0,0.0,11.0,12.0,1,1
606,202210030212,4.0,4.0,2.0,32.0,5.0,4.0,1.0,46.0,0.0,0.0,0.0,0.0,0.0,3.0,1.0,21.0,3.0,2.0,1.0,36.0,0.0,0.0,0.0,0.0,0.0,1.0,0.0,9.0,1.0,0.0,1.0,14.0,0.0,0.0,0.0,0.0,0.0,0.0,10.0,5.0,0.0,0.0,120.0,14.0,0.0,0.0,80.0,14.0,6,9
607,202210030308,0.0,0.0,0.0,0.0,3.0,1.0,3.0,28.0,0.0,0.0,0.0,0.0,0.0,0.0,0.0,0.0,3.0,1.0,3.0,17.0,0.0,0.0,0.0,0.0,0.0,0.0,0.0,0.0,0.0,0.0,2.0,9.0,0.0,0.0,0.0,0.0,0.0,0.0,20.0,1.0,0.0,0.0,10.0,10.0,0.0,0.0,40.0,2.0,1,2
608,202210030308,2.0,3.0,3.0,20.0,3.0,1.0,3.0,28.0,0.0,0.0,0.0,1.0,0.0,1.0,1.0,7.0,3.0,1.0,3.0,17.0,0.0,0.0,0.0,1.0,0.0,0.0,0.0,2.0,0.0,0.0,2.0,9.0,0.0,0.0,0.0,1.0,0.0,0.0,16.0,8.0,0.0,0.0,15.0,7.0,0.0,0.0,12.0,12.0,8,15
609,202210030308,1.0,1.0,2.0,17.0,0.0,3.0,1.0,18.0,0.0,1.0,0.0,0.0,0.0,0.0,2.0,14.0,0.0,1.0,0.0,10.0,0.0,0.0,0.0,0.0,0.0,0.0,2.0,4.0,0.0,0.0,0.0,2.0,0.0,0.0,0.0,0.0,0.0,0.0,5.0,14.0,0.0,0.0,7.0,6.0,0.0,0.0,16.0,5.0,6,12
610,202210030308,0.0,0.0,0.0,0.0,0.0,0.0,0.0,2.0,0.0,0.0,0.0,0.0,0.0,0.0,0.0,0.0,0.0,0.0,0.0,1.0,0.0,0.0,0.0,0.0,0.0,0.0,0.0,0.0,0.0,0.0,0.0,0.0,0.0,0.0,0.0,0.0,0.0,0.0,6.0,6.0,0.0,0.0,9.0,10.0,0.0,0.0,9.0,7.0,3,6
611,202210030308,2.0,3.0,1.0,15.0,0.0,0.0,0.0,4.0,0.0,0.0,0.0,0.0,2.0,3.0,1.0,11.0,0.0,0.0,0.0,3.0,0.0,0.0,0.0,0.0,0.0,2.0,1.0,7.0,0.0,0.0,0.0,2.0,0.0,0.0,0.0,0.0,0.0,0.0,4.0,4.0,0.0,0.0,2.0,6.0,0.0,0.0,6.0,2.0,5,10
612,202210030308,2.0,0.0,0.0,4.0,3.0,1.0,3.0,20.0,0.0,0.0,0.0,1.0,2.0,0.0,0.0,3.0,3.0,1.0,3.0,15.0,0.0,0.0,0.0,1.0,1.0,0.0,0.0,1.0,3.0,1.0,1.0,8.0,0.0,0.0,0.0,0.0,0.0,0.0,11.0,11.0,0.0,0.0,13.0,9.0,0.0,0.0,11.0,14.0,8,16
613,202210030308,0.0,1.0,3.0,13.0,1.0,0.0,0.0,7.0,0.0,0.0,0.0,0.0,0.0,1.0,1.0,9.0,0.0,0.0,0.0,3.0,0.0,0.0,0.0,0.0,0.0,1.0,0.0,8.0,0.0,0.0,0.0,0.0,0.0,0.0,0.0,0.0,0.0,0.0,7.0,7.0,0.0,0.0,9.0,12.0,0.0,0.0,12.0,4.0,2,4
614,202210030308,0.0,0.0,0.0,1.0,0.0,0.0,0.0,0.0,0.0,0.0,0.0,0.0,0.0,0.0,0.0,0.0,0.0,0.0,0.0,0.0,0.0,0.0,0.0,0.0,0.0,0.0,0.0,0.0,0.0,0.0,0.0,0.0,0.0,0.0,0.0,0.0,0.0,0.0,4.0,3.0,0.0,0.0,16.0,9.0,0.0,0.0,10.0,8.0,7,13
615,202210030308,2.0,3.0,3.0,20.0,3.0,3.0,4.0,17.0,1.0,0.0,1.0,2.0,0.0,1.0,1.0,7.0,2.0,2.0,3.0,10.0,0.0,0.0,0.0,0.0,0.0,0.0,0.0,2.0,2.0,1.0,2.0,4.0,0.0,0.0,0.0,0.0,0.0,0.0,15.0,16.0,0.0,0.0,12.0,11.0,0.0,0.0,12.0,12.0,2,3
616,202210030308,1.0,0.0,0.0,2.0,3.0,1.0,0.0,16.0,0.0,0.0,0.0,0.0,1.0,0.0,0.0,2.0,2.0,1.0,0.0,7.0,0.0,0.0,0.0,0.0,1.0,0.0,0.0,1.0,1.0,1.0,0.0,3.0,0.0,0.0,0.0,0.0,0.0,0.0,9.0,4.0,0.0,0.0,15.0,10.0,0.0,0.0,13.0,10.0,3,5
617,202210030308,0.0,0.0,0.0,1.0,0.0,0.0,0.0,0.0,0.0,0.0,0.0,0.0,0.0,0.0,0.0,1.0,0.0,0.0,0.0,0.0,0.0,0.0,0.0,0.0,0.0,0.0,0.0,1.0,0.0,0.0,0.0,0.0,0.0,0.0,0.0,0.0,0.0,0.0,50.0,9.0,0.0,0.0,110.0,8.0,0.0,0.0,80.0,2.0,1,1
618,202210030308,0.0,2.0,1.0,5.0,1.0,4.0,1.0,4.0,0.0,0.0,0.0,0.0,0.0,2.0,0.0,2.0,1.0,3.0,1.0,3.0,0.0,0.0,0.0,0.0,0.0,1.0,0.0,1.0,0.0,2.0,1.0,2.0,0.0,0.0,0.0,0.0,0.0,0.0,12.0,8.0,0.0,0.0,10.0,11.0,0.0,0.0,15.0,12.0,7,14
619,202210030308,2.0,0.0,0.0,10.0,2.0,3.0,4.0,32.0,0.0,0.0,0.0,0.0,1.0,0.0,0.0,7.0,0.0,2.0,3.0,21.0,0.0,0.0,0.0,0.0,0.0,0.0,0.0,2.0,0.0,2.0,1.0,11.0,0.0,0.0,0.0,0.0,0.0,0.0,15.0,12.0,0.0,0.0,13.0,12.0,0.0,0.0,9.0,12.0,4,7
620,202210030308,1.0,2.0,1.0,9.0,1.0,0.0,0.0,1.0,0.0,0.0,0.0,0.0,1.0,2.0,1.0,8.0,0.0,0.0,0.0,0.0,0.0,0.0,0.0,0.0,0.0,2.0,0.0,5.0,0.0,0.0,0.0,0.0,0.0,0.0,0.0,0.0,0.0,0.0,5.0,3.0,0.0,0.0,13.0,12.0,0.0,0.0,11.0,14.0,5,9
621,202210030308,0.0,0.0,0.0,0.0,0.0,1.0,0.0,1.0,0.0,0.0,0.0,0.0,0.0,0.0,0.0,0.0,0.0,1.0,0.0,1.0,0.0,0.0,0.0,0.0,0.0,0.0,0.0,0.0,0.0,0.0,0.0,0.0,0.0,0.0,0.0,0.0,0.0,0.0,50.0,1.0,,,,,,,,,4,8
622,202210030308,2.0,3.0,3.0,20.0,0.0,0.0,0.0,0.0,0.0,0.0,0.0,0.0,0.0,1.0,1.0,7.0,0.0,0.0,0.0,0.0,0.0,0.0,0.0,0.0,0.0,0.0,0.0,2.0,0.0,0.0,0.0,0.0,0.0,0.0,0.0,0.0,0.0,0.0,3.0,3.0,0.0,0.0,2.0,3.0,0.0,0.0,4.0,9.0,6,11
623,202210030310,1.0,2.0,0.0,12.0,0.0,0.0,1.0,0.0,0.0,0.0,0.0,0.0,1.0,1.0,0.0,8.0,0.0,0.0,1.0,0.0,0.0,0.0,0.0,0.0,0.0,1.0,0.0,2.0,0.0,0.0,0.0,0.0,0.0,0.0,0.0,0.0,0.0,0.0,9.0,7.0,0.0,0.0,2.0,5.0,0.0,0.0,2.0,3.0,3,3
624,202210030310,0.0,0.0,1.0,9.0,0.0,0.0,0.0,0.0,0.0,0.0,0.0,0.0,0.0,0.0,0.0,7.0,0.0,0.0,0.0,0.0,0.0,0.0,0.0,0.0,0.0,0.0,0.0,0.0,0.0,0.0,0.0,0.0,0.0,0.0,0.0,0.0,0.0,0.0,10.0,1.0,0.0,0.0,20.0,2.0,0.0,0.0,70.0,3.0,2,2
625,202210030310,0.0,0.0,1.0,1.0,0.0,0.0,1.0,1.0,0.0,0.0,1.0,0.0,0.0,0.0,1.0,0.0,0.0,0.0,1.0,1.0,0.0,0.0,1.0,0.0,0.0,0.0,0.0,0.0,0.0,0.0,0.0,0.0,0.0,0.0,0.0,0.0,0.0,0.0,16.0,11.0,0.0,0.0,10.0,15.0,0.0,0.0,5.0,14.0,6,8
626,202210030310,1.0,0.0,1.0,7.0,2.0,1.0,2.0,18.0,0.0,0.0,0.0,1.0,1.0,0.0,1.0,4.0,2.0,1.0,2.0,15.0,0.0,0.0,0.0,1.0,0.0,0.0,0.0,0.0,1.0,0.0,0.0,2.0,0.0,0.0,0.0,0.0,0.0,0.0,3.0,4.0,0.0,0.0,8.0,8.0,0.0,0.0,9.0,12.0,5,5
627,202210030310,3.0,1.0,1.0,11.0,2.0,0.0,0.0,1.0,0.0,0.0,0.0,0.0,3.0,1.0,1.0,10.0,2.0,0.0,0.0,1.0,0.0,0.0,0.0,0.0,0.0,0.0,0.0,3.0,0.0,0.0,0.0,1.0,0.0,0.0,0.0,0.0,0.0,0.0,40.0,4.0,0.0,0.0,60.0,10.0,0.0,0.0,70.0,9.0,8,11
628,202210030310,0.0,2.0,1.0,5.0,0.0,0.0,0.0,2.0,0.0,0.0,0.0,0.0,0.0,2.0,0.0,2.0,0.0,0.0,0.0,2.0,0.0,0.0,0.0,0.0,0.0,1.0,0.0,0.0,0.0,0.0,0.0,0.0,0.0,0.0,0.0,0.0,0.0,0.0,5.0,3.0,0.0,0.0,12.0,10.0,0.0,0.0,10.0,11.0,7,9
629,202210030310,0.0,0.0,0.0,0.0,1.0,1.0,0.0,7.0,0.0,0.0,0.0,0.0,0.0,0.0,0.0,0.0,1.0,0.0,0.0,3.0,0.0,0.0,0.0,0.0,0.0,0.0,0.0,0.0,0.0,0.0,0.0,2.0,0.0,0.0,0.0,0.0,0.0,0.0,6.0,2.0,0.0,0.0,14.0,13.0,0.0,0.0,14.0,12.0,7,10
630,202210030310,2.0,0.0,0.0,10.0,2.0,1.0,2.0,18.0,1.0,0.0,0.0,1.0,1.0,0.0,0.0,7.0,2.0,1.0,2.0,15.0,1.0,0.0,0.0,1.0,0.0,0.0,0.0,1.0,1.0,0.0,0.0,2.0,0.0,0.0,0.0,0.0,0.0,0.0,15.0,8.0,0.0,0.0,14.0,9.0,0.0,0.0,12.0,9.0,8,12
631,202210030310,0.0,2.0,1.0,5.0,3.0,3.0,4.0,17.0,0.0,1.0,0.0,0.0,0.0,0.0,1.0,4.0,2.0,2.0,3.0,10.0,0.0,0.0,0.0,0.0,0.0,0.0,0.0,1.0,0.0,0.0,0.0,1.0,0.0,0.0,0.0,0.0,0.0,0.0,7.0,6.0,0.0,0.0,13.0,11.0,0.0,0.0,9.0,11.0,4,4
632,202210030310,1.0,0.0,0.0,7.0,0.0,0.0,0.0,5.0,0.0,0.0,0.0,0.0,1.0,0.0,0.0,5.0,0.0,0.0,0.0,3.0,0.0,0.0,0.0,0.0,0.0,0.0,0.0,2.0,0.0,0.0,0.0,3.0,0.0,0.0,0.0,0.0,0.0,0.0,1.0,3.0,0.0,0.0,12.0,10.0,0.0,0.0,10.0,10.0,1,1
633,202210030310,0.0,2.0,1.0,6.0,0.0,0.0,1.0,2.0,0.0,0.0,1.0,1.0,0.0,1.0,1.0,5.0,0.0,0.0,1.0,1.0,0.0,0.0,1.0,1.0,0.0,0.0,1.0,1.0,0.0,0.0,1.0,1.0,0.0,0.0,1.0,1.0,0.0,0.0,11.0,12.0,0.0,0.0,11.0,8.0,0.0,0.0,11.0,11.0,5,6
634,202210030310,0.0,2.0,1.0,5.0,0.0,1.0,0.0,3.0,0.0,1.0,0.0,0.0,0.0,2.0,0.0,2.0,0.0,1.0,0.0,2.0,0.0,1.0,0.0,0.0,0.0,1.0,0.0,0.0,0.0,0.0,0.0,1.0,0.0,0.0,0.0,0.0,0.0,0.0,9.0,12.0,0.0,0.0,5.0,8.0,0.0,0.0,12.0,14.0,6,7
635,202210030401,0.0,0.0,0.0,3.0,4.0,2.0,3.0,37.0,0.0,0.0,0.0,0.0,0.0,0.0,0.0,2.0,4.0,2.0,3.0,23.0,0.0,0.0,0.0,0.0,0.0,0.0,0.0,2.0,1.0,1.0,1.0,12.0,0.0,0.0,0.0,0.0,0.0,0.0,3.0,2.0,0.0,0.0,13.0,7.0,0.0,0.0,7.0,10.0,6,12
636,202210030401,0.0,0.0,2.0,8.0,0.0,0.0,1.0,1.0,0.0,0.0,0.0,0.0,0.0,0.0,2.0,7.0,0.0,0.0,0.0,1.0,0.0,0.0,0.0,0.0,0.0,0.0,2.0,7.0,0.0,0.0,0.0,1.0,0.0,0.0,0.0,0.0,0.0,0.0,110.0,8.0,0.0,0.0,80.0,8.0,0.0,0.0,100.0,9.0,7,14
637,202210030401,0.0,0.0,0.0,4.0,4.0,2.0,3.0,37.0,0.0,0.0,0.0,0.0,0.0,0.0,0.0,4.0,4.0,2.0,3.0,23.0,0.0,0.0,0.0,0.0,0.0,0.0,0.0,1.0,1.0,1.0,1.0,12.0,0.0,0.0,0.0,0.0,0.0,0.0,3.0,9.0,0.0,0.0,8.0,11.0,0.0,0.0,5.0,9.0,3,5
638,202210030401,1.0,1.0,1.0,2.0,3.0,2.0,4.0,25.0,0.0,0.0,0.0,0.0,1.0,0.0,1.0,2.0,2.0,1.0,3.0,19.0,0.0,0.0,0.0,0.0,1.0,0.0,1.0,2.0,2.0,0.0,2.0,11.0,0.0,0.0,0.0,0.0,0.0,0.0,3.0,2.0,0.0,0.0,8.0,12.0,0.0,0.0,6.0,4.0,5,10
639,202210030401,0.0,0.0,0.0,0.0,1.0,0.0,0.0,3.0,0.0,0.0,0.0,0.0,0.0,0.0,0.0,0.0,1.0,0.0,0.0,2.0,0.0,0.0,0.0,0.0,0.0,0.0,0.0,0.0,0.0,0.0,0.0,1.0,0.0,0.0,0.0,0.0,0.0,0.0,6.0,9.0,0.0,0.0,12.0,6.0,0.0,0.0,11.0,6.0,3,6
640,202210030401,0.0,0.0,0.0,3.0,4.0,2.0,3.0,37.0,0.0,0.0,0.0,0.0,0.0,0.0,0.0,2.0,4.0,2.0,3.0,23.0,0.0,0.0,0.0,0.0,0.0,0.0,0.0,2.0,1.0,1.0,1.0,12.0,0.0,0.0,0.0,0.0,0.0,0.0,3.0,10.0,0.0,0.0,10.0,4.0,0.0,0.0,14.0,4.0,4,7
641,202210030401,0.0,0.0,0.0,0.0,0.0,0.0,1.0,3.0,0.0,0.0,0.0,0.0,0.0,0.0,0.0,0.0,0.0,0.0,1.0,2.0,0.0,0.0,0.0,0.0,0.0,0.0,0.0,0.0,0.0,0.0,0.0,2.0,0.0,0.0,0.0,0.0,0.0,0.0,11.0,8.0,0.0,0.0,4.0,7.0,0.0,0.0,5.0,7.0,4,8
642,202210030401,0.0,0.0,0.0,2.0,1.0,0.0,3.0,14.0,0.0,0.0,0.0,0.0,0.0,0.0,0.0,1.0,1.0,0.0,2.0,11.0,0.0,0.0,0.0,0.0,0.0,0.0,0.0,1.0,0.0,0.0,0.0,9.0,0.0,0.0,0.0,0.0,0.0,0.0,120.0,120.0,0.0,0.0,100.0,80.0,0.0,0.0,130.0,110.0,6,11
643,202210030401,3.0,0.0,0.0,9.0,0.0,0.0,1.0,0.0,0.0,0.0,0.0,0.0,3.0,0.0,0.0,9.0,0.0,0.0,1.0,0.0,0.0,0.0,0.0,0.0,0.0,0.0,0.0,3.0,0.0,0.0,0.0,0.0,0.0,0.0,0.0,0.0,0.0,0.0,13.0,12.0,0.0,0.0,5.0,9.0,0.0,0.0,5.0,5.0,2,3
644,202210030401,1.0,4.0,0.0,16.0,1.0,0.0,1.0,4.0,0.0,0.0,0.0,0.0,1.0,3.0,0.0,13.0,1.0,0.0,0.0,2.0,0.0,0.0,0.0,0.0,1.0,2.0,0.0,8.0,0.0,0.0,0.0,0.0,0.0,0.0,0.0,0.0,0.0,0.0,10.0,10.0,0.0,0.0,12.0,10.0,0.0,0.0,10.0,11.0,8,16
645,202210030401,3.0,0.0,0.0,9.0,0.0,0.0,0.0,0.0,0.0,0.0,0.0,0.0,3.0,0.0,0.0,9.0,0.0,0.0,0.0,0.0,0.0,0.0,0.0,0.0,0.0,0.0,0.0,3.0,0.0,0.0,0.0,0.0,0.0,0.0,0.0,0.0,0.0,0.0,14.0,11.0,0.0,0.0,7.0,7.0,0.0,0.0,9.0,14.0,1,1
646,202210030401,0.0,0.0,1.0,6.0,0.0,0.0,0.0,0.0,0.0,0.0,0.0,0.0,0.0,0.0,1.0,5.0,0.0,0.0,0.0,0.0,0.0,0.0,0.0,0.0,0.0,0.0,0.0,1.0,0.0,0.0,0.0,0.0,0.0,0.0,0.0,0.0,0.0,0.0,90.0,80.0,0.0,0.0,160.0,120.0,0.0,0.0,110.0,100.0,5,9
647,202210030401,0.0,0.0,0.0,3.0,2.0,2.0,0.0,17.0,0.0,0.0,0.0,0.0,0.0,0.0,0.0,2.0,1.0,1.0,0.0,13.0,0.0,0.0,0.0,0.0,0.0,0.0,0.0,2.0,0.0,1.0,0.0,6.0,0.0,0.0,0.0,0.0,0.0,0.0,9.0,10.0,0.0,0.0,9.0,,0.0,0.0,9.0,13.0,1,2
648,202210030401,1.0,0.0,1.0,10.0,1.0,0.0,2.0,16.0,0.0,0.0,0.0,1.0,1.0,0.0,1.0,8.0,0.0,0.0,2.0,12.0,0.0,0.0,0.0,1.0,1.0,0.0,1.0,5.0,0.0,0.0,1.0,4.0,0.0,0.0,0.0,1.0,0.0,0.0,6.0,8.0,0.0,0.0,17.0,15.0,0.0,0.0,8.0,14.0,8,15
649,202210030401,1.0,0.0,1.0,3.0,1.0,1.0,0.0,10.0,0.0,0.0,0.0,0.0,1.0,0.0,1.0,3.0,1.0,0.0,0.0,5.0,0.0,0.0,0.0,0.0,0.0,0.0,0.0,0.0,0.0,0.0,0.0,3.0,0.0,0.0,0.0,0.0,0.0,0.0,8.0,7.0,0.0,0.0,10.0,12.0,0.0,0.0,13.0,3.0,7,13
650,202210030401,2.0,0.0,1.0,8.0,0.0,0.0,0.0,0.0,0.0,0.0,0.0,0.0,2.0,0.0,1.0,8.0,0.0,0.0,0.0,0.0,0.0,0.0,0.0,0.0,1.0,0.0,1.0,5.0,0.0,0.0,0.0,0.0,0.0,0.0,0.0,0.0,0.0,0.0,7.0,16.0,0.0,0.0,7.0,16.0,0.0,0.0,7.0,15.0,2,4
651,202210030403,0.0,0.0,0.0,2.0,4.0,2.0,3.0,37.0,0.0,0.0,0.0,0.0,0.0,0.0,0.0,1.0,4.0,2.0,3.0,23.0,0.0,0.0,0.0,0.0,0.0,0.0,0.0,1.0,1.0,1.0,1.0,12.0,0.0,0.0,0.0,0.0,0.0,0.0,15.0,10.0,0.0,0.0,15.0,15.0,0.0,0.0,15.0,12.0,4,7
652,202210030403,1.0,0.0,2.0,7.0,1.0,2.0,1.0,21.0,0.0,0.0,0.0,0.0,1.0,0.0,1.0,5.0,0.0,2.0,0.0,17.0,0.0,0.0,0.0,0.0,1.0,0.0,1.0,5.0,0.0,0.0,0.0,4.0,0.0,0.0,0.0,0.0,0.0,0.0,30.0,3.0,0.0,0.0,100.0,14.0,0.0,0.0,120.0,11.0,1,1
653,202210030403,0.0,0.0,0.0,0.0,0.0,0.0,0.0,0.0,0.0,0.0,0.0,0.0,0.0,0.0,0.0,0.0,0.0,0.0,0.0,0.0,0.0,0.0,0.0,0.0,0.0,0.0,0.0,0.0,0.0,0.0,0.0,0.0,0.0,0.0,0.0,0.0,0.0,0.0,1.0,4.0,0.0,0.0,5.0,3.0,0.0,0.0,2.0,2.0,3,6
654,202210030403,0.0,3.0,1.0,9.0,0.0,0.0,0.0,2.0,0.0,0.0,0.0,0.0,0.0,1.0,0.0,5.0,0.0,0.0,0.0,0.0,0.0,0.0,0.0,0.0,0.0,1.0,0.0,0.0,0.0,0.0,0.0,0.0,0.0,0.0,0.0,0.0,0.0,0.0,5.0,9.0,0.0,0.0,14.0,14.0,0.0,0.0,15.0,11.0,6,12
655,202210030403,1.0,2.0,3.0,25.0,0.0,0.0,0.0,15.0,0.0,0.0,0.0,0.0,1.0,2.0,3.0,22.0,0.0,0.0,0.0,11.0,0.0,0.0,0.0,0.0,0.0,2.0,0.0,6.0,0.0,0.0,0.0,9.0,0.0,0.0,0.0,0.0,0.0,0.0,130.0,5.0,0.0,0.0,140.0,9.0,0.0,0.0,90.0,14.0,7,14
656,202210030403,4.0,1.0,1.0,8.0,0.0,0.0,0.0,0.0,0.0,0.0,0.0,0.0,1.0,0.0,1.0,3.0,0.0,0.0,0.0,0.0,0.0,0.0,0.0,0.0,0.0,0.0,0.0,1.0,0.0,0.0,0.0,0.0,0.0,0.0,0.0,0.0,0.0,0.0,110.0,140.0,0.0,0.0,120.0,80.0,0.0,0.0,80.0,60.0,7,13
657,202210030403,1.0,0.0,0.0,8.0,1.0,1.0,0.0,0.0,0.0,0.0,0.0,0.0,1.0,0.0,0.0,5.0,0.0,0.0,0.0,0.0,0.0,0.0,0.0,0.0,0.0,0.0,0.0,4.0,0.0,0.0,0.0,0.0,0.0,0.0,0.0,0.0,0.0,0.0,2.0,1.0,0.0,0.0,4.0,9.0,0.0,0.0,3.0,3.0,5,10
658,202210030403,0.0,1.0,0.0,0.0,0.0,0.0,0.0,1.0,0.0,0.0,0.0,0.0,0.0,0.0,0.0,0.0,0.0,0.0,0.0,0.0,0.0,0.0,0.0,0.0,0.0,0.0,0.0,0.0,0.0,0.0,0.0,0.0,0.0,0.0,0.0,0.0,0.0,0.0,4.0,6.0,0.0,0.0,8.0,8.0,0.0,0.0,3.0,8.0,8,16
659,202210030403,2.0,0.0,0.0,7.0,1.0,0.0,3.0,14.0,0.0,0.0,0.0,0.0,1.0,0.0,0.0,3.0,1.0,0.0,2.0,11.0,0.0,0.0,0.0,0.0,1.0,0.0,0.0,2.0,0.0,0.0,0.0,9.0,0.0,0.0,0.0,0.0,0.0,0.0,1.0,1.0,0.0,0.0,7.0,8.0,0.0,0.0,10.0,9.0,2,3
660,202210030403,3.0,1.0,0.0,14.0,0.0,0.0,0.0,1.0,0.0,0.0,0.0,0.0,3.0,1.0,0.0,11.0,0.0,0.0,0.0,0.0,0.0,0.0,0.0,0.0,0.0,0.0,0.0,2.0,0.0,0.0,0.0,0.0,0.0,0.0,0.0,0.0,0.0,0.0,5.0,10.0,,,,,,,,,1,2
661,202210030403,0.0,0.0,1.0,1.0,4.0,0.0,4.0,30.0,0.0,0.0,0.0,0.0,0.0,0.0,1.0,0.0,4.0,0.0,1.0,16.0,0.0,0.0,0.0,0.0,0.0,0.0,1.0,0.0,1.0,0.0,1.0,6.0,0.0,0.0,0.0,0.0,0.0,0.0,6.0,9.0,0.0,0.0,11.0,11.0,0.0,0.0,3.0,8.0,2,4
662,202210030403,6.0,5.0,1.0,19.0,1.0,0.0,2.0,16.0,0.0,0.0,0.0,0.0,3.0,2.0,1.0,12.0,0.0,0.0,2.0,12.0,0.0,0.0,0.0,0.0,2.0,1.0,1.0,4.0,0.0,0.0,1.0,4.0,0.0,0.0,0.0,0.0,0.0,0.0,7.0,7.0,0.0,0.0,12.0,12.0,0.0,0.0,10.0,7.0,5,9
663,202210030403,3.0,10.0,3.0,28.0,0.0,0.0,0.0,2.0,0.0,0.0,0.0,0.0,3.0,7.0,2.0,14.0,0.0,0.0,0.0,2.0,0.0,0.0,0.0,0.0,2.0,3.0,1.0,5.0,0.0,0.0,0.0,1.0,0.0,0.0,0.0,0.0,0.0,0.0,120.0,8.0,0.0,0.0,160.0,13.0,0.0,0.0,50.0,10.0,8,15
664,202210030403,4.0,3.0,1.0,21.0,2.0,2.0,0.0,21.0,0.0,0.0,0.0,2.0,2.0,2.0,0.0,16.0,1.0,2.0,0.0,12.0,0.0,0.0,0.0,2.0,1.0,0.0,0.0,8.0,1.0,1.0,0.0,5.0,0.0,0.0,0.0,1.0,0.0,0.0,7.0,7.0,0.0,0.0,14.0,13.0,0.0,0.0,11.0,11.0,3,5
665,202210030403,0.0,0.0,0.0,4.0,3.0,3.0,5.0,29.0,0.0,0.0,0.0,0.0,0.0,0.0,0.0,3.0,3.0,3.0,4.0,25.0,0.0,0.0,0.0,0.0,0.0,0.0,0.0,3.0,2.0,0.0,1.0,11.0,0.0,0.0,0.0,0.0,0.0,0.0,13.0,15.0,,,,,,,,,4,8
666,202210030403,0.0,1.0,1.0,1.0,1.0,2.0,1.0,21.0,0.0,0.0,1.0,0.0,0.0,1.0,0.0,1.0,0.0,2.0,0.0,17.0,0.0,0.0,0.0,0.0,0.0,1.0,0.0,0.0,0.0,0.0,0.0,4.0,0.0,0.0,0.0,0.0,0.0,0.0,10.0,7.0,0.0,0.0,7.0,9.0,0.0,0.0,2.0,3.0,6,11
667,202210030408,0.0,0.0,0.0,0.0,0.0,0.0,0.0,0.0,0.0,0.0,0.0,0.0,0.0,0.0,0.0,0.0,0.0,0.0,0.0,0.0,0.0,0.0,0.0,0.0,0.0,0.0,0.0,0.0,0.0,0.0,0.0,0.0,0.0,0.0,0.0,0.0,0.0,0.0,1.0,1.0,0.0,0.0,8.0,1.0,0.0,0.0,4.0,12.0,8,14
668,202210030408,0.0,0.0,0.0,0.0,0.0,0.0,0.0,0.0,0.0,0.0,0.0,0.0,0.0,0.0,0.0,0.0,0.0,0.0,0.0,0.0,0.0,0.0,0.0,0.0,0.0,0.0,0.0,0.0,0.0,0.0,0.0,0.0,0.0,0.0,0.0,0.0,0.0,0.0,10.0,1.0,0.0,0.0,10.0,1.0,0.0,0.0,10.0,1.0,6,11
669,202210030408,1.0,0.0,0.0,8.0,0.0,0.0,1.0,11.0,0.0,0.0,0.0,0.0,1.0,0.0,0.0,5.0,0.0,0.0,1.0,6.0,0.0,0.0,0.0,0.0,1.0,0.0,0.0,0.0,0.0,0.0,0.0,3.0,0.0,0.0,0.0,0.0,0.0,0.0,70.0,9.0,0.0,0.0,20.0,1.0,0.0,0.0,10.0,5.0,4,6
670,202210030408,0.0,0.0,0.0,0.0,0.0,0.0,0.0,1.0,0.0,0.0,0.0,0.0,0.0,0.0,0.0,0.0,0.0,0.0,0.0,1.0,0.0,0.0,0.0,0.0,0.0,0.0,0.0,0.0,0.0,0.0,0.0,0.0,0.0,0.0,0.0,0.0,0.0,0.0,20.0,8.0,0.0,0.0,50.0,4.0,0.0,0.0,10.0,1.0,1,1
671,202210030408,0.0,1.0,0.0,7.0,3.0,3.0,5.0,29.0,0.0,0.0,0.0,1.0,0.0,1.0,0.0,6.0,3.0,3.0,4.0,25.0,0.0,0.0,0.0,1.0,0.0,0.0,0.0,1.0,0.0,1.0,1.0,5.0,0.0,0.0,0.0,1.0,0.0,0.0,6.0,4.0,0.0,0.0,8.0,5.0,0.0,0.0,8.0,5.0,8,15
672,202210030408,0.0,0.0,0.0,1.0,0.0,0.0,0.0,0.0,0.0,0.0,0.0,0.0,0.0,0.0,0.0,0.0,0.0,0.0,0.0,0.0,0.0,0.0,0.0,0.0,0.0,0.0,0.0,0.0,0.0,0.0,0.0,0.0,0.0,0.0,0.0,0.0,0.0,0.0,7.0,6.0,0.0,0.0,12.0,15.0,0.0,0.0,12.0,11.0,2,3
673,202210030408,0.0,0.0,0.0,4.0,1.0,0.0,1.0,4.0,0.0,0.0,0.0,0.0,0.0,0.0,0.0,3.0,0.0,0.0,0.0,4.0,0.0,0.0,0.0,0.0,0.0,0.0,0.0,0.0,0.0,0.0,0.0,0.0,0.0,0.0,0.0,0.0,0.0,0.0,80.0,7.0,0.0,0.0,9.0,3.0,0.0,0.0,7.0,3.0,5,8
674,202210030408,3.0,10.0,3.0,28.0,1.0,2.0,1.0,21.0,0.0,2.0,0.0,1.0,3.0,7.0,2.0,14.0,0.0,2.0,0.0,17.0,0.0,2.0,0.0,0.0,0.0,0.0,0.0,3.0,0.0,0.0,0.0,2.0,0.0,0.0,0.0,0.0,0.0,0.0,3.0,11.0,0.0,0.0,9.0,11.0,0.0,0.0,13.0,9.0,5,9
675,202210030408,0.0,0.0,0.0,0.0,0.0,0.0,0.0,0.0,0.0,0.0,0.0,0.0,0.0,0.0,0.0,0.0,0.0,0.0,0.0,0.0,0.0,0.0,0.0,0.0,0.0,0.0,0.0,0.0,0.0,0.0,0.0,0.0,0.0,0.0,0.0,0.0,0.0,0.0,6.0,9.0,0.0,0.0,14.0,12.0,0.0,0.0,14.0,9.0,3,5
676,202210030408,0.0,1.0,2.0,9.0,1.0,1.0,0.0,0.0,0.0,0.0,0.0,0.0,0.0,1.0,2.0,8.0,0.0,0.0,0.0,0.0,0.0,0.0,0.0,0.0,0.0,0.0,0.0,5.0,0.0,0.0,0.0,0.0,0.0,0.0,0.0,0.0,0.0,0.0,4.0,3.0,0.0,0.0,9.0,10.0,0.0,0.0,3.0,5.0,2,2
677,202210030408,0.0,0.0,0.0,1.0,0.0,0.0,0.0,1.0,0.0,0.0,0.0,1.0,0.0,0.0,0.0,0.0,0.0,0.0,0.0,0.0,0.0,0.0,0.0,0.0,0.0,0.0,0.0,0.0,0.0,0.0,0.0,0.0,0.0,0.0,0.0,0.0,0.0,0.0,8.0,9.0,0.0,0.0,10.0,11.0,0.0,0.0,8.0,9.0,7,12
678,202210030408,0.0,0.0,0.0,1.0,0.0,0.0,0.0,0.0,0.0,0.0,0.0,0.0,0.0,0.0,0.0,0.0,0.0,0.0,0.0,0.0,0.0,0.0,0.0,0.0,0.0,0.0,0.0,0.0,0.0,0.0,0.0,0.0,0.0,0.0,0.0,0.0,0.0,0.0,3.0,4.0,0.0,0.0,10.0,7.0,0.0,0.0,11.0,8.0,6,10
679,202210030408,1.0,2.0,3.0,25.0,1.0,1.0,0.0,10.0,0.0,0.0,0.0,2.0,1.0,2.0,3.0,22.0,1.0,0.0,0.0,5.0,0.0,0.0,0.0,2.0,0.0,0.0,0.0,13.0,1.0,0.0,0.0,2.0,0.0,0.0,0.0,1.0,0.0,0.0,40.0,1.0,0.0,0.0,10.0,15.0,0.0,0.0,70.0,4.0,7,13
680,202210030408,0.0,0.0,0.0,7.0,0.0,0.0,0.0,8.0,0.0,0.0,0.0,0.0,0.0,0.0,0.0,5.0,0.0,0.0,0.0,5.0,0.0,0.0,0.0,0.0,0.0,0.0,0.0,1.0,0.0,0.0,0.0,1.0,0.0,0.0,0.0,0.0,0.0,0.0,150.0,13.0,0.0,0.0,130.0,10.0,0.0,0.0,140.0,16.0,3,4
681,202210030408,3.0,0.0,0.0,9.0,0.0,0.0,0.0,1.0,0.0,0.0,0.0,0.0,3.0,0.0,0.0,9.0,0.0,0.0,0.0,1.0,0.0,0.0,0.0,0.0,2.0,0.0,0.0,2.0,0.0,0.0,0.0,0.0,0.0,0.0,0.0,0.0,0.0,0.0,2.0,7.0,0.0,0.0,5.0,5.0,0.0,0.0,8.0,9.0,4,7
682,202210030411,0.0,1.0,2.0,9.0,3.0,3.0,5.0,29.0,0.0,1.0,2.0,0.0,0.0,1.0,2.0,8.0,3.0,3.0,4.0,25.0,0.0,1.0,2.0,0.0,0.0,0.0,0.0,0.0,0.0,0.0,0.0,0.0,0.0,0.0,0.0,0.0,0.0,0.0,150.0,11.0,0.0,0.0,130.0,13.0,0.0,0.0,11.0,2.0,6,12
683,202210030411,2.0,2.0,2.0,7.0,0.0,0.0,1.0,2.0,0.0,0.0,0.0,0.0,2.0,2.0,2.0,4.0,0.0,0.0,1.0,1.0,0.0,0.0,0.0,0.0,0.0,0.0,0.0,0.0,0.0,0.0,0.0,0.0,0.0,0.0,0.0,0.0,0.0,0.0,20.0,7.0,0.0,0.0,70.0,2.0,0.0,0.0,120.0,7.0,5,10
684,202210030411,3.0,2.0,4.0,31.0,0.0,0.0,0.0,1.0,0.0,0.0,0.0,1.0,2.0,2.0,3.0,21.0,0.0,0.0,0.0,0.0,0.0,0.0,0.0,0.0,0.0,0.0,0.0,0.0,0.0,0.0,0.0,0.0,0.0,0.0,0.0,0.0,0.0,0.0,11.0,10.0,0.0,0.0,8.0,4.0,0.0,0.0,11.0,6.0,5,9
685,202210030411,3.0,0.0,0.0,9.0,0.0,1.0,1.0,6.0,0.0,0.0,0.0,0.0,3.0,0.0,0.0,9.0,0.0,1.0,1.0,6.0,0.0,0.0,0.0,0.0,0.0,0.0,0.0,0.0,0.0,0.0,0.0,0.0,0.0,0.0,0.0,0.0,0.0,0.0,10.0,6.0,0.0,0.0,90.0,10.0,0.0,0.0,40.0,10.0,2,3
686,202210030411,2.0,0.0,1.0,8.0,4.0,2.0,3.0,17.0,1.0,0.0,0.0,0.0,2.0,0.0,1.0,8.0,3.0,2.0,2.0,6.0,1.0,0.0,0.0,0.0,0.0,0.0,0.0,0.0,0.0,0.0,0.0,0.0,0.0,0.0,0.0,0.0,0.0,0.0,7.0,2.0,0.0,0.0,13.0,9.0,0.0,0.0,10.0,9.0,7,14
687,202210030411,0.0,0.0,0.0,0.0,0.0,0.0,0.0,0.0,0.0,0.0,0.0,0.0,0.0,0.0,0.0,0.0,0.0,0.0,0.0,0.0,0.0,0.0,0.0,0.0,0.0,0.0,0.0,0.0,0.0,0.0,0.0,0.0,0.0,0.0,0.0,0.0,0.0,0.0,4.0,3.0,0.0,0.0,17.0,18.0,0.0,0.0,12.0,8.0,3,6
688,202210030411,3.0,2.0,4.0,31.0,0.0,1.0,0.0,0.0,0.0,0.0,0.0,0.0,2.0,2.0,3.0,21.0,0.0,1.0,0.0,0.0,0.0,0.0,0.0,0.0,0.0,0.0,0.0,0.0,0.0,0.0,0.0,0.0,0.0,0.0,0.0,0.0,0.0,0.0,14.0,15.0,0.0,0.0,13.0,9.0,0.0,0.0,9.0,6.0,1,2
689,202210030411,4.0,3.0,1.0,21.0,4.0,0.0,4.0,30.0,0.0,0.0,0.0,2.0,2.0,2.0,0.0,16.0,4.0,0.0,1.0,16.0,0.0,0.0,0.0,2.0,0.0,0.0,0.0,0.0,0.0,0.0,0.0,0.0,0.0,0.0,0.0,0.0,0.0,0.0,1.0,1.0,0.0,0.0,13.0,8.0,0.0,0.0,8.0,13.0,3,5
690,202210030411,0.0,1.0,0.0,16.0,4.0,2.0,3.0,17.0,0.0,0.0,0.0,0.0,0.0,1.0,0.0,14.0,3.0,2.0,2.0,6.0,0.0,0.0,0.0,0.0,0.0,0.0,0.0,0.0,0.0,0.0,0.0,0.0,0.0,0.0,0.0,0.0,0.0,0.0,1.0,1.0,0.0,0.0,14.0,13.0,0.0,0.0,15.0,14.0,2,4
691,202210030411,6.0,5.0,1.0,19.0,6.0,3.0,3.0,18.0,1.0,0.0,0.0,0.0,3.0,2.0,1.0,12.0,3.0,2.0,3.0,11.0,1.0,0.0,0.0,0.0,0.0,0.0,0.0,0.0,0.0,0.0,0.0,0.0,0.0,0.0,0.0,0.0,0.0,0.0,4.0,4.0,0.0,0.0,16.0,11.0,0.0,0.0,15.0,16.0,4,7
692,202210030411,3.0,10.0,3.0,28.0,0.0,0.0,0.0,3.0,0.0,0.0,0.0,0.0,3.0,7.0,2.0,14.0,0.0,0.0,0.0,1.0,0.0,0.0,0.0,0.0,0.0,0.0,0.0,0.0,0.0,0.0,0.0,0.0,0.0,0.0,0.0,0.0,0.0,0.0,4.0,14.0,0.0,0.0,12.0,13.0,0.0,0.0,4.0,7.0,8,15
693,202210030411,6.0,5.0,1.0,19.0,0.0,0.0,0.0,1.0,0.0,0.0,0.0,0.0,3.0,2.0,1.0,12.0,0.0,0.0,0.0,1.0,0.0,0.0,0.0,0.0,0.0,0.0,0.0,0.0,0.0,0.0,0.0,0.0,0.0,0.0,0.0,0.0,0.0,0.0,8.0,4.0,0.0,0.0,9.0,9.0,0.0,0.0,4.0,3.0,8,16
694,202210030411,1.0,0.0,0.0,8.0,0.0,0.0,0.0,2.0,0.0,0.0,0.0,0.0,1.0,0.0,0.0,5.0,0.0,0.0,0.0,2.0,0.0,0.0,0.0,0.0,0.0,0.0,0.0,0.0,0.0,0.0,0.0,0.0,0.0,0.0,0.0,0.0,0.0,0.0,6.0,8.0,0.0,0.0,11.0,5.0,0.0,0.0,6.0,13.0,1,1
695,202210030411,3.0,0.0,0.0,9.0,2.0,2.0,1.0,3.0,1.0,0.0,0.0,1.0,3.0,0.0,0.0,9.0,2.0,2.0,1.0,2.0,1.0,0.0,0.0,1.0,0.0,0.0,0.0,0.0,0.0,0.0,0.0,0.0,0.0,0.0,0.0,0.0,0.0,0.0,9.0,14.0,0.0,0.0,3.0,7.0,0.0,0.0,10.0,11.0,4,8
696,202210030411,1.0,0.0,0.0,1.0,1.0,0.0,0.0,1.0,0.0,0.0,0.0,0.0,1.0,0.0,0.0,0.0,0.0,0.0,0.0,0.0,0.0,0.0,0.0,0.0,0.0,0.0,0.0,0.0,0.0,0.0,0.0,0.0,0.0,0.0,0.0,0.0,0.0,0.0,100.0,10.0,0.0,0.0,10.0,2.0,0.0,0.0,30.0,3.0,6,11
697,202210030411,0.0,0.0,0.0,0.0,0.0,0.0,0.0,0.0,0.0,0.0,0.0,0.0,0.0,0.0,0.0,0.0,0.0,0.0,0.0,0.0,0.0,0.0,0.0,0.0,0.0,0.0,0.0,0.0,0.0,0.0,0.0,0.0,0.0,0.0,0.0,0.0,0.0,0.0,9.0,11.0,0.0,0.0,14.0,15.0,0.0,0.0,11.0,9.0,7,13
698,202210030502,0.0,0.0,0.0,0.0,0.0,0.0,0.0,0.0,0.0,0.0,0.0,0.0,0.0,0.0,0.0,0.0,0.0,0.0,0.0,0.0,0.0,0.0,0.0,0.0,0.0,0.0,0.0,0.0,0.0,0.0,0.0,0.0,0.0,0.0,0.0,0.0,0.0,0.0,9.0,4.0,0.0,0.0,7.0,10.0,0.0,0.0,9.0,2.0,7,13
699,202210030502,0.0,0.0,0.0,11.0,2.0,1.0,2.0,18.0,0.0,0.0,0.0,0.0,0.0,0.0,0.0,9.0,2.0,1.0,2.0,15.0,0.0,0.0,0.0,0.0,0.0,0.0,0.0,1.0,1.0,0.0,1.0,5.0,0.0,0.0,0.0,0.0,0.0,0.0,3.0,10.0,0.0,0.0,4.0,16.0,0.0,0.0,5.0,14.0,6,11
700,202210030502,2.0,3.0,3.0,20.0,0.0,0.0,0.0,0.0,0.0,0.0,0.0,0.0,0.0,1.0,1.0,7.0,0.0,0.0,0.0,0.0,0.0,0.0,0.0,0.0,0.0,0.0,0.0,2.0,0.0,0.0,0.0,0.0,0.0,0.0,0.0,0.0,0.0,0.0,6.0,5.0,0.0,0.0,4.0,7.0,0.0,0.0,4.0,3.0,4,8
701,202210030502,0.0,0.0,0.0,1.0,0.0,1.0,0.0,3.0,0.0,0.0,0.0,0.0,0.0,0.0,0.0,1.0,0.0,1.0,0.0,2.0,0.0,0.0,0.0,0.0,0.0,0.0,0.0,0.0,0.0,0.0,0.0,0.0,0.0,0.0,0.0,0.0,0.0,0.0,6.0,10.0,0.0,0.0,1.0,3.0,0.0,0.0,3.0,3.0,5,9
702,202210030502,0.0,0.0,0.0,0.0,3.0,1.0,3.0,28.0,0.0,0.0,0.0,0.0,0.0,0.0,0.0,0.0,3.0,1.0,3.0,17.0,0.0,0.0,0.0,0.0,0.0,0.0,0.0,0.0,2.0,0.0,1.0,5.0,0.0,0.0,0.0,0.0,0.0,0.0,70.0,5.0,0.0,0.0,30.0,7.0,0.0,0.0,110.0,2.0,1,1
703,202210030502,3.0,1.0,1.0,11.0,1.0,0.0,0.0,7.0,0.0,0.0,0.0,0.0,3.0,1.0,1.0,10.0,0.0,0.0,0.0,3.0,0.0,0.0,0.0,0.0,0.0,0.0,0.0,1.0,0.0,0.0,0.0,1.0,0.0,0.0,0.0,0.0,0.0,0.0,90.0,10.0,0.0,0.0,100.0,6.0,0.0,0.0,50.0,6.0,1,2
704,202210030502,0.0,1.0,0.0,4.0,0.0,0.0,0.0,3.0,0.0,0.0,0.0,0.0,0.0,1.0,0.0,1.0,0.0,0.0,0.0,3.0,0.0,0.0,0.0,0.0,0.0,1.0,0.0,0.0,0.0,0.0,0.0,1.0,0.0,0.0,0.0,0.0,0.0,0.0,7.0,9.0,0.0,0.0,6.0,7.0,0.0,0.0,5.0,4.0,7,14
705,202210030502,0.0,0.0,0.0,11.0,0.0,0.0,0.0,0.0,0.0,0.0,0.0,0.0,0.0,0.0,0.0,9.0,0.0,0.0,0.0,0.0,0.0,0.0,0.0,0.0,0.0,0.0,0.0,1.0,0.0,0.0,0.0,0.0,0.0,0.0,0.0,0.0,0.0,0.0,4.0,5.0,0.0,0.0,14.0,10.0,0.0,0.0,16.0,8.0,8,15
706,202210030502,0.0,0.0,0.0,2.0,0.0,0.0,0.0,0.0,0.0,0.0,0.0,0.0,0.0,0.0,0.0,2.0,0.0,0.0,0.0,0.0,0.0,0.0,0.0,0.0,0.0,0.0,0.0,2.0,0.0,0.0,0.0,0.0,0.0,0.0,0.0,0.0,0.0,0.0,9.0,9.0,0.0,0.0,12.0,9.0,0.0,0.0,9.0,4.0,3,5
707,202210030502,0.0,0.0,0.0,1.0,2.0,1.0,2.0,18.0,0.0,0.0,0.0,0.0,0.0,0.0,0.0,1.0,2.0,1.0,2.0,15.0,0.0,0.0,0.0,0.0,0.0,0.0,0.0,0.0,1.0,0.0,1.0,5.0,0.0,0.0,0.0,0.0,0.0,0.0,1.0,3.0,0.0,0.0,14.0,10.0,0.0,0.0,9.0,8.0,6,12
708,202210030502,0.0,2.0,2.0,16.0,0.0,0.0,0.0,0.0,0.0,0.0,0.0,0.0,0.0,1.0,2.0,14.0,0.0,0.0,0.0,0.0,0.0,0.0,0.0,0.0,0.0,0.0,1.0,5.0,0.0,0.0,0.0,0.0,0.0,0.0,0.0,0.0,0.0,0.0,8.0,,0.0,0.0,14.0,14.0,0.0,0.0,10.0,11.0,4,7
709,202210030502,0.0,2.0,1.0,5.0,0.0,2.0,1.0,7.0,0.0,0.0,0.0,0.0,0.0,2.0,0.0,2.0,0.0,0.0,0.0,3.0,0.0,0.0,0.0,0.0,0.0,0.0,0.0,1.0,0.0,0.0,0.0,1.0,0.0,0.0,0.0,0.0,0.0,0.0,9.0,4.0,0.0,0.0,8.0,12.0,0.0,0.0,1.0,5.0,2,3
710,202210030502,1.0,2.0,0.0,12.0,0.0,0.0,0.0,0.0,0.0,0.0,0.0,0.0,1.0,1.0,0.0,8.0,0.0,0.0,0.0,0.0,0.0,0.0,0.0,0.0,1.0,0.0,0.0,3.0,0.0,0.0,0.0,0.0,0.0,0.0,0.0,0.0,0.0,0.0,1.0,1.0,0.0,0.0,13.0,13.0,0.0,0.0,9.0,8.0,8,16
711,202210030502,0.0,1.0,0.0,5.0,0.0,1.0,0.0,0.0,0.0,0.0,0.0,0.0,0.0,1.0,0.0,5.0,0.0,1.0,0.0,0.0,0.0,0.0,0.0,0.0,0.0,0.0,0.0,3.0,0.0,0.0,0.0,0.0,0.0,0.0,0.0,0.0,0.0,0.0,4.0,11.0,0.0,0.0,11.0,14.0,0.0,0.0,10.0,8.0,3,6
712,202210030502,1.0,2.0,0.0,12.0,0.0,0.0,0.0,0.0,0.0,0.0,0.0,0.0,1.0,1.0,0.0,8.0,0.0,0.0,0.0,0.0,0.0,0.0,0.0,0.0,1.0,0.0,0.0,3.0,0.0,0.0,0.0,0.0,0.0,0.0,0.0,0.0,0.0,0.0,30.0,90.0,0.0,0.0,100.0,80.0,0.0,0.0,70.0,150.0,5,10
713,202210030502,0.0,0.0,0.0,1.0,0.0,0.0,0.0,0.0,0.0,0.0,0.0,0.0,0.0,0.0,0.0,1.0,0.0,0.0,0.0,0.0,0.0,0.0,0.0,0.0,0.0,0.0,0.0,0.0,0.0,0.0,0.0,0.0,0.0,0.0,0.0,0.0,0.0,0.0,140.0,11.0,0.0,0.0,90.0,10.0,0.0,0.0,60.0,10.0,2,4
714,202210030508,0.0,0.0,0.0,1.0,3.0,1.0,0.0,16.0,0.0,0.0,0.0,0.0,0.0,0.0,0.0,1.0,2.0,1.0,0.0,7.0,0.0,0.0,0.0,0.0,0.0,0.0,0.0,0.0,1.0,1.0,0.0,3.0,0.0,0.0,0.0,0.0,0.0,0.0,9.0,12.0,0.0,0.0,11.0,6.0,0.0,0.0,14.0,11.0,8,13
715,202210030508,0.0,3.0,1.0,17.0,0.0,0.0,0.0,0.0,0.0,0.0,0.0,0.0,0.0,1.0,0.0,7.0,0.0,0.0,0.0,0.0,0.0,0.0,0.0,0.0,0.0,1.0,0.0,5.0,0.0,0.0,0.0,0.0,0.0,0.0,0.0,0.0,0.0,0.0,1.0,3.0,0.0,0.0,2.0,4.0,0.0,0.0,1.0,4.0,1,1
716,202210030508,1.0,0.0,1.0,11.0,1.0,1.0,2.0,5.0,0.0,0.0,0.0,0.0,0.0,0.0,1.0,7.0,0.0,1.0,1.0,4.0,0.0,0.0,0.0,0.0,0.0,0.0,1.0,4.0,0.0,0.0,0.0,1.0,0.0,0.0,0.0,0.0,0.0,0.0,140.0,12.0,0.0,0.0,7.0,12.0,0.0,0.0,6.0,7.0,3,3
717,202210030508,1.0,0.0,0.0,2.0,0.0,0.0,0.0,6.0,0.0,0.0,0.0,0.0,1.0,0.0,0.0,1.0,0.0,0.0,0.0,3.0,0.0,0.0,0.0,0.0,0.0,0.0,0.0,0.0,0.0,0.0,0.0,1.0,0.0,0.0,0.0,0.0,0.0,0.0,140.0,3.0,0.0,0.0,80.0,4.0,0.0,0.0,110.0,10.0,4,6
718,202210030508,0.0,0.0,0.0,0.0,0.0,3.0,0.0,15.0,0.0,0.0,0.0,0.0,0.0,0.0,0.0,0.0,0.0,3.0,0.0,9.0,0.0,0.0,0.0,0.0,0.0,0.0,0.0,0.0,0.0,1.0,0.0,4.0,0.0,0.0,0.0,0.0,0.0,0.0,10.0,1.0,0.0,0.0,80.0,3.0,0.0,0.0,90.0,3.0,5,8
719,202210030508,2.0,1.0,2.0,14.0,1.0,0.0,1.0,5.0,0.0,0.0,0.0,0.0,1.0,0.0,1.0,7.0,0.0,0.0,1.0,5.0,0.0,0.0,0.0,0.0,1.0,0.0,1.0,1.0,0.0,0.0,1.0,3.0,0.0,0.0,0.0,0.0,0.0,0.0,2.0,6.0,0.0,0.0,1.0,5.0,0.0,0.0,2.0,2.0,2,2
720,202210030508,0.0,0.0,0.0,1.0,0.0,0.0,1.0,2.0,0.0,0.0,0.0,0.0,0.0,0.0,0.0,1.0,0.0,0.0,1.0,2.0,0.0,0.0,0.0,0.0,0.0,0.0,0.0,1.0,0.0,0.0,0.0,1.0,0.0,0.0,0.0,0.0,0.0,0.0,80.0,7.0,0.0,0.0,9.0,3.0,0.0,0.0,7.0,3.0,7,11
721,202210030508,1.0,2.0,1.0,9.0,4.0,0.0,2.0,13.0,0.0,0.0,0.0,0.0,1.0,2.0,1.0,8.0,3.0,0.0,1.0,10.0,0.0,0.0,0.0,0.0,0.0,2.0,0.0,5.0,1.0,0.0,0.0,3.0,0.0,0.0,0.0,0.0,0.0,0.0,11.0,11.0,0.0,0.0,16.0,14.0,0.0,0.0,14.0,8.0,6,9
722,202210030508,0.0,0.0,0.0,2.0,1.0,0.0,0.0,4.0,0.0,0.0,0.0,0.0,0.0,0.0,0.0,1.0,1.0,0.0,0.0,4.0,0.0,0.0,0.0,0.0,0.0,0.0,0.0,0.0,1.0,0.0,0.0,2.0,0.0,0.0,0.0,0.0,0.0,0.0,7.0,4.0,0.0,0.0,7.0,8.0,0.0,0.0,16.0,16.0,4,5
723,202210030508,0.0,0.0,0.0,3.0,0.0,0.0,0.0,4.0,0.0,0.0,0.0,0.0,0.0,0.0,0.0,3.0,0.0,0.0,0.0,3.0,0.0,0.0,0.0,0.0,0.0,0.0,0.0,2.0,0.0,0.0,0.0,2.0,0.0,0.0,0.0,0.0,0.0,0.0,50.0,2.0,0.0,0.0,160.0,12.0,0.0,0.0,100.0,7.0,6,10
724,202210030508,3.0,0.0,1.0,27.0,3.0,1.0,0.0,16.0,1.0,0.0,0.0,3.0,3.0,0.0,1.0,19.0,2.0,1.0,0.0,7.0,1.0,0.0,0.0,3.0,0.0,0.0,1.0,5.0,1.0,1.0,0.0,3.0,0.0,0.0,0.0,0.0,0.0,0.0,3.0,11.0,0.0,0.0,9.0,11.0,0.0,0.0,13.0,9.0,7,12
725,202210030508,2.0,3.0,1.0,15.0,0.0,0.0,0.0,2.0,0.0,0.0,0.0,0.0,2.0,3.0,1.0,11.0,0.0,0.0,0.0,1.0,0.0,0.0,0.0,0.0,0.0,2.0,1.0,7.0,0.0,0.0,0.0,0.0,0.0,0.0,0.0,0.0,0.0,0.0,6.0,11.0,0.0,0.0,5.0,12.0,0.0,0.0,4.0,12.0,5,7
726,202210030508,0.0,2.0,1.0,5.0,5.0,3.0,2.0,17.0,0.0,0.0,0.0,0.0,0.0,2.0,0.0,2.0,5.0,2.0,1.0,10.0,0.0,0.0,0.0,0.0,0.0,1.0,0.0,1.0,3.0,0.0,1.0,2.0,0.0,0.0,0.0,0.0,0.0,0.0,6.0,2.0,0.0,0.0,9.0,10.0,0.0,0.0,14.0,7.0,3,4
727,202210030508,0.0,0.0,1.0,16.0,0.0,0.0,0.0,0.0,0.0,0.0,0.0,0.0,0.0,0.0,1.0,8.0,0.0,0.0,0.0,0.0,0.0,0.0,0.0,0.0,0.0,0.0,1.0,2.0,0.0,0.0,0.0,0.0,0.0,0.0,0.0,0.0,0.0,0.0,4.0,6.0,0.0,0.0,16.0,14.0,0.0,0.0,11.0,12.0,8,14
728,202210030511,2.0,3.0,1.0,15.0,3.0,1.0,0.0,16.0,0.0,0.0,0.0,0.0,2.0,3.0,1.0,11.0,2.0,1.0,0.0,7.0,0.0,0.0,0.0,0.0,0.0,0.0,0.0,0.0,0.0,0.0,0.0,0.0,0.0,0.0,0.0,0.0,0.0,0.0,3.0,4.0,0.0,0.0,15.0,10.0,0.0,0.0,11.0,12.0,1,1
729,202210030511,0.0,2.0,2.0,16.0,0.0,0.0,2.0,15.0,0.0,0.0,0.0,0.0,0.0,1.0,2.0,14.0,0.0,0.0,2.0,11.0,0.0,0.0,0.0,0.0,0.0,0.0,0.0,0.0,0.0,0.0,0.0,0.0,0.0,0.0,0.0,0.0,0.0,0.0,7.0,12.0,0.0,0.0,10.0,10.0,0.0,0.0,16.0,13.0,4,8
730,202210030511,3.0,0.0,1.0,27.0,3.0,1.0,3.0,28.0,1.0,0.0,0.0,1.0,3.0,0.0,1.0,19.0,3.0,1.0,3.0,17.0,1.0,0.0,0.0,1.0,1.0,0.0,0.0,1.0,0.0,0.0,0.0,0.0,0.0,0.0,0.0,0.0,0.0,0.0,10.0,12.0,0.0,0.0,5.0,10.0,0.0,0.0,9.0,1.0,4,7
731,202210030511,3.0,1.0,1.0,11.0,0.0,0.0,0.0,1.0,0.0,0.0,0.0,1.0,3.0,1.0,1.0,10.0,0.0,0.0,0.0,1.0,0.0,0.0,0.0,1.0,0.0,0.0,0.0,0.0,0.0,0.0,0.0,0.0,0.0,0.0,0.0,0.0,0.0,0.0,10.0,8.0,0.0,0.0,11.0,10.0,0.0,0.0,7.0,7.0,5,10
732,202210030511,2.0,0.0,3.0,16.0,0.0,0.0,0.0,0.0,0.0,0.0,0.0,0.0,2.0,0.0,2.0,14.0,0.0,0.0,0.0,0.0,0.0,0.0,0.0,0.0,0.0,0.0,1.0,0.0,0.0,0.0,0.0,0.0,0.0,0.0,0.0,0.0,0.0,0.0,30.0,3.0,0.0,0.0,80.0,11.0,0.0,0.0,50.0,6.0,6,12
733,202210030511,2.0,0.0,0.0,4.0,1.0,0.0,3.0,9.0,0.0,0.0,0.0,0.0,2.0,0.0,0.0,3.0,0.0,0.0,1.0,5.0,0.0,0.0,0.0,0.0,0.0,0.0,0.0,0.0,0.0,0.0,0.0,0.0,0.0,0.0,0.0,0.0,0.0,0.0,5.0,4.0,0.0,0.0,8.0,6.0,0.0,0.0,4.0,10.0,3,6
734,202210030511,1.0,1.0,0.0,9.0,0.0,0.0,0.0,0.0,0.0,0.0,0.0,0.0,1.0,1.0,0.0,7.0,0.0,0.0,0.0,0.0,0.0,0.0,0.0,0.0,0.0,0.0,0.0,0.0,0.0,0.0,0.0,0.0,0.0,0.0,0.0,0.0,0.0,0.0,10.0,11.0,0.0,0.0,12.0,7.0,0.0,0.0,10.0,16.0,2,3
735,202210030511,0.0,2.0,1.0,6.0,2.0,3.0,4.0,32.0,0.0,0.0,0.0,0.0,0.0,1.0,1.0,5.0,0.0,2.0,3.0,21.0,0.0,0.0,0.0,0.0,0.0,0.0,0.0,1.0,0.0,0.0,0.0,1.0,0.0,0.0,0.0,0.0,0.0,0.0,8.0,11.0,0.0,0.0,13.0,8.0,0.0,0.0,16.0,9.0,6,11
736,202210030511,0.0,0.0,1.0,16.0,0.0,0.0,0.0,2.0,0.0,0.0,0.0,0.0,0.0,0.0,1.0,8.0,0.0,0.0,0.0,2.0,0.0,0.0,0.0,0.0,0.0,0.0,0.0,0.0,0.0,0.0,0.0,0.0,0.0,0.0,0.0,0.0,0.0,0.0,4.0,3.0,0.0,0.0,12.0,9.0,0.0,0.0,8.0,9.0,3,5
737,202210030511,0.0,0.0,5.0,5.0,0.0,1.0,2.0,1.0,0.0,0.0,1.0,1.0,0.0,0.0,3.0,4.0,0.0,0.0,1.0,1.0,0.0,0.0,1.0,1.0,0.0,0.0,0.0,0.0,0.0,0.0,0.0,0.0,0.0,0.0,0.0,0.0,0.0,0.0,7.0,7.0,0.0,0.0,16.0,14.0,0.0,0.0,12.0,14.0,7,14
738,202210030511,0.0,1.0,0.0,4.0,3.0,1.0,3.0,28.0,0.0,0.0,0.0,0.0,0.0,1.0,0.0,1.0,3.0,1.0,3.0,17.0,0.0,0.0,0.0,0.0,0.0,0.0,0.0,0.0,0.0,0.0,0.0,0.0,0.0,0.0,0.0,0.0,0.0,0.0,12.0,5.0,0.0,0.0,16.0,15.0,0.0,0.0,17.0,14.0,8,15
739,202210030511,0.0,2.0,1.0,5.0,0.0,0.0,1.0,14.0,0.0,0.0,0.0,0.0,0.0,0.0,1.0,4.0,0.0,0.0,0.0,12.0,0.0,0.0,0.0,0.0,0.0,0.0,0.0,0.0,0.0,0.0,0.0,2.0,0.0,0.0,0.0,0.0,0.0,0.0,12.0,9.0,0.0,0.0,14.0,12.0,0.0,0.0,14.0,13.0,8,16
740,202210030511,2.0,0.0,0.0,4.0,2.0,0.0,0.0,1.0,2.0,0.0,0.0,1.0,2.0,0.0,0.0,3.0,2.0,0.0,0.0,1.0,2.0,0.0,0.0,1.0,0.0,0.0,0.0,0.0,0.0,0.0,0.0,0.0,0.0,0.0,0.0,0.0,0.0,0.0,16.0,13.0,0.0,0.0,12.0,10.0,0.0,0.0,13.0,13.0,7,13
741,202210030511,0.0,1.0,1.0,8.0,2.0,3.0,4.0,32.0,0.0,0.0,0.0,0.0,0.0,1.0,1.0,8.0,0.0,2.0,3.0,21.0,0.0,0.0,0.0,0.0,0.0,0.0,0.0,0.0,0.0,0.0,0.0,1.0,0.0,0.0,0.0,0.0,0.0,0.0,15.0,12.0,0.0,0.0,16.0,14.0,0.0,0.0,15.0,14.0,5,9
742,202210030511,2.0,3.0,3.0,20.0,0.0,1.0,0.0,13.0,0.0,0.0,0.0,1.0,0.0,1.0,1.0,7.0,0.0,0.0,0.0,9.0,0.0,0.0,0.0,0.0,0.0,0.0,0.0,0.0,0.0,0.0,0.0,0.0,0.0,0.0,0.0,0.0,0.0,0.0,60.0,60.0,0.0,0.0,130.0,130.0,0.0,0.0,130.0,150.0,1,2
743,202210030511,4.0,1.0,3.0,17.0,0.0,0.0,0.0,1.0,0.0,0.0,0.0,0.0,4.0,1.0,3.0,15.0,0.0,0.0,0.0,1.0,0.0,0.0,0.0,0.0,0.0,0.0,0.0,0.0,0.0,0.0,0.0,0.0,0.0,0.0,0.0,0.0,0.0,0.0,15.0,12.0,0.0,0.0,12.0,9.0,0.0,0.0,4.0,6.0,2,4
744,202210030604,0.0,1.0,1.0,1.0,6.0,3.0,3.0,18.0,0.0,0.0,0.0,0.0,0.0,1.0,0.0,1.0,3.0,2.0,3.0,11.0,0.0,0.0,0.0,0.0,0.0,1.0,0.0,0.0,1.0,0.0,1.0,5.0,0.0,0.0,0.0,0.0,0.0,0.0,80.0,15.0,0.0,0.0,4.0,11.0,0.0,0.0,5.0,5.0,1,1
745,202210030604,1.0,0.0,1.0,10.0,6.0,3.0,3.0,18.0,0.0,0.0,0.0,0.0,1.0,0.0,1.0,8.0,3.0,2.0,3.0,11.0,0.0,0.0,0.0,0.0,1.0,0.0,1.0,5.0,1.0,0.0,1.0,5.0,0.0,0.0,0.0,0.0,0.0,0.0,90.0,7.0,0.0,0.0,90.0,9.0,0.0,0.0,90.0,5.0,3,4
746,202210030604,0.0,1.0,1.0,2.0,0.0,0.0,0.0,3.0,0.0,0.0,0.0,0.0,0.0,1.0,1.0,2.0,0.0,0.0,0.0,3.0,0.0,0.0,0.0,0.0,0.0,1.0,1.0,0.0,0.0,0.0,0.0,1.0,0.0,0.0,0.0,0.0,0.0,0.0,10.0,20.0,0.0,0.0,130.0,140.0,0.0,0.0,90.0,150.0,5,9
747,202210030604,0.0,0.0,0.0,0.0,0.0,0.0,0.0,5.0,0.0,0.0,0.0,0.0,0.0,0.0,0.0,0.0,0.0,0.0,0.0,5.0,0.0,0.0,0.0,0.0,0.0,0.0,0.0,0.0,0.0,0.0,0.0,4.0,0.0,0.0,0.0,0.0,0.0,0.0,9.0,6.0,0.0,0.0,8.0,13.0,0.0,0.0,8.0,4.0,6,10
748,202210030604,2.0,0.0,2.0,7.0,6.0,3.0,3.0,18.0,0.0,0.0,0.0,0.0,0.0,0.0,1.0,5.0,3.0,2.0,3.0,11.0,0.0,0.0,0.0,0.0,0.0,0.0,0.0,3.0,1.0,0.0,1.0,5.0,0.0,0.0,0.0,0.0,0.0,0.0,90.0,11.0,0.0,0.0,,,0.0,0.0,70.0,5.0,2,2
749,202210030604,0.0,1.0,2.0,9.0,4.0,2.0,3.0,17.0,0.0,0.0,0.0,0.0,0.0,1.0,2.0,8.0,3.0,2.0,2.0,6.0,0.0,0.0,0.0,0.0,0.0,0.0,1.0,3.0,1.0,1.0,1.0,3.0,0.0,0.0,0.0,0.0,0.0,0.0,40.0,7.0,0.0,0.0,100.0,9.0,0.0,0.0,100.0,9.0,7,12
750,202210030604,0.0,1.0,1.0,1.0,0.0,1.0,0.0,11.0,0.0,0.0,0.0,0.0,0.0,1.0,0.0,1.0,0.0,1.0,0.0,7.0,0.0,0.0,0.0,0.0,0.0,1.0,0.0,0.0,0.0,1.0,0.0,3.0,0.0,0.0,0.0,0.0,0.0,0.0,60.0,5.0,0.0,0.0,130.0,14.0,0.0,0.0,130.0,7.0,4,6
751,202210030604,0.0,0.0,0.0,9.0,0.0,0.0,0.0,7.0,0.0,0.0,0.0,0.0,0.0,0.0,0.0,8.0,0.0,0.0,0.0,5.0,0.0,0.0,0.0,0.0,0.0,0.0,0.0,0.0,0.0,0.0,0.0,1.0,0.0,0.0,0.0,0.0,0.0,0.0,4.0,,0.0,0.0,7.0,9.0,0.0,0.0,4.0,8.0,5,8
752,202210030604,4.0,3.0,1.0,21.0,1.0,0.0,2.0,16.0,0.0,0.0,0.0,0.0,2.0,2.0,0.0,16.0,0.0,0.0,2.0,12.0,0.0,0.0,0.0,0.0,1.0,0.0,0.0,8.0,0.0,0.0,1.0,4.0,0.0,0.0,0.0,0.0,0.0,0.0,5.0,6.0,0.0,0.0,7.0,9.0,0.0,0.0,8.0,10.0,3,5
753,202210030604,0.0,1.0,2.0,9.0,0.0,0.0,0.0,1.0,0.0,0.0,0.0,0.0,0.0,1.0,2.0,8.0,0.0,0.0,0.0,1.0,0.0,0.0,0.0,0.0,0.0,0.0,1.0,3.0,0.0,0.0,0.0,0.0,0.0,0.0,0.0,0.0,0.0,0.0,9.0,6.0,0.0,0.0,15.0,8.0,0.0,0.0,14.0,10.0,2,3
754,202210030604,0.0,0.0,0.0,1.0,1.0,0.0,3.0,14.0,0.0,0.0,0.0,0.0,0.0,0.0,0.0,0.0,1.0,0.0,2.0,11.0,0.0,0.0,0.0,0.0,0.0,0.0,0.0,0.0,0.0,0.0,0.0,9.0,0.0,0.0,0.0,0.0,0.0,0.0,3.0,2.0,0.0,0.0,10.0,11.0,0.0,0.0,5.0,4.0,4,7
755,202210030604,3.0,0.0,0.0,9.0,0.0,0.0,0.0,0.0,0.0,0.0,0.0,0.0,3.0,0.0,0.0,9.0,0.0,0.0,0.0,0.0,0.0,0.0,0.0,0.0,0.0,0.0,0.0,3.0,0.0,0.0,0.0,0.0,0.0,0.0,0.0,0.0,0.0,0.0,150.0,14.0,0.0,0.0,90.0,9.0,0.0,0.0,120.0,11.0,6,11
756,202210030604,4.0,3.0,1.0,21.0,0.0,0.0,0.0,0.0,0.0,0.0,0.0,0.0,2.0,2.0,0.0,16.0,0.0,0.0,0.0,0.0,0.0,0.0,0.0,0.0,1.0,0.0,0.0,8.0,0.0,0.0,0.0,0.0,0.0,0.0,0.0,0.0,0.0,0.0,14.0,18.0,0.0,0.0,11.0,13.0,0.0,0.0,7.0,10.0,8,15
757,202210030604,0.0,0.0,0.0,0.0,0.0,0.0,0.0,2.0,0.0,0.0,0.0,0.0,0.0,0.0,0.0,0.0,0.0,0.0,0.0,1.0,0.0,0.0,0.0,0.0,0.0,0.0,0.0,0.0,0.0,0.0,0.0,0.0,0.0,0.0,0.0,0.0,0.0,0.0,4.0,4.0,0.0,0.0,4.0,14.0,0.0,0.0,2.0,5.0,8,14
758,202210030604,0.0,0.0,0.0,4.0,0.0,0.0,0.0,2.0,0.0,0.0,0.0,0.0,0.0,0.0,0.0,3.0,0.0,0.0,0.0,1.0,0.0,0.0,0.0,0.0,0.0,0.0,0.0,3.0,0.0,0.0,0.0,0.0,0.0,0.0,0.0,0.0,0.0,0.0,120.0,12.0,0.0,0.0,150.0,15.0,0.0,0.0,110.0,14.0,7,13
759,202210030609,0.0,0.0,1.0,1.0,0.0,1.0,0.0,10.0,0.0,0.0,0.0,0.0,0.0,0.0,1.0,0.0,0.0,1.0,0.0,10.0,0.0,0.0,0.0,0.0,0.0,0.0,0.0,0.0,0.0,0.0,0.0,0.0,0.0,0.0,0.0,0.0,0.0,0.0,120.0,,0.0,0.0,12.0,8.0,0.0,0.0,3.0,5.0,5,7
760,202210030609,3.0,10.0,3.0,28.0,2.0,2.0,0.0,21.0,0.0,0.0,0.0,4.0,3.0,7.0,2.0,14.0,1.0,2.0,0.0,12.0,0.0,0.0,0.0,1.0,1.0,0.0,0.0,3.0,0.0,0.0,0.0,1.0,0.0,0.0,0.0,0.0,0.0,0.0,12.0,9.0,0.0,0.0,13.0,11.0,0.0,0.0,13.0,11.0,2,2
761,202210030609,3.0,10.0,3.0,28.0,4.0,2.0,3.0,37.0,0.0,0.0,0.0,0.0,3.0,7.0,2.0,14.0,4.0,2.0,3.0,23.0,0.0,0.0,0.0,0.0,1.0,0.0,0.0,3.0,1.0,0.0,0.0,2.0,0.0,0.0,0.0,0.0,0.0,0.0,10.0,10.0,0.0,0.0,8.0,11.0,0.0,0.0,14.0,8.0,8,14
762,202210030609,2.0,2.0,4.0,23.0,1.0,0.0,0.0,1.0,1.0,0.0,0.0,1.0,1.0,0.0,2.0,17.0,1.0,0.0,0.0,1.0,1.0,0.0,0.0,1.0,0.0,0.0,1.0,0.0,0.0,0.0,0.0,0.0,0.0,0.0,0.0,0.0,0.0,0.0,9.0,14.0,0.0,0.0,8.0,13.0,0.0,0.0,8.0,3.0,6,10
763,202210030609,0.0,0.0,1.0,1.0,4.0,2.0,3.0,37.0,0.0,0.0,0.0,0.0,0.0,0.0,0.0,1.0,4.0,2.0,3.0,23.0,0.0,0.0,0.0,0.0,0.0,0.0,0.0,0.0,1.0,0.0,0.0,2.0,0.0,0.0,0.0,0.0,0.0,0.0,3.0,2.0,0.0,0.0,2.0,2.0,0.0,0.0,11.0,2.0,4,5
764,202210030609,3.0,10.0,3.0,28.0,2.0,1.0,2.0,18.0,0.0,1.0,0.0,0.0,3.0,7.0,2.0,14.0,1.0,0.0,2.0,15.0,0.0,0.0,0.0,0.0,1.0,0.0,0.0,3.0,0.0,0.0,0.0,0.0,0.0,0.0,0.0,0.0,0.0,0.0,6.0,8.0,0.0,0.0,11.0,11.0,0.0,0.0,14.0,13.0,7,11
765,202210030609,3.0,10.0,3.0,28.0,2.0,2.0,0.0,17.0,0.0,0.0,0.0,1.0,3.0,7.0,2.0,14.0,1.0,1.0,0.0,13.0,0.0,0.0,0.0,1.0,1.0,0.0,0.0,3.0,0.0,0.0,0.0,1.0,0.0,0.0,0.0,0.0,0.0,0.0,,,0.0,0.0,90.0,7.0,0.0,0.0,70.0,7.0,7,12
766,202210030609,0.0,0.0,0.0,1.0,1.0,0.0,3.0,14.0,0.0,0.0,0.0,1.0,0.0,0.0,0.0,1.0,1.0,0.0,2.0,11.0,0.0,0.0,0.0,1.0,0.0,0.0,0.0,0.0,0.0,0.0,1.0,1.0,0.0,0.0,0.0,0.0,0.0,0.0,7.0,6.0,0.0,0.0,8.0,9.0,0.0,0.0,9.0,6.0,4,6
767,202210030609,2.0,3.0,2.0,15.0,0.0,2.0,2.0,3.0,0.0,0.0,0.0,0.0,2.0,3.0,2.0,12.0,0.0,1.0,2.0,2.0,0.0,0.0,0.0,0.0,1.0,1.0,0.0,2.0,0.0,0.0,0.0,0.0,0.0,0.0,0.0,0.0,0.0,0.0,11.0,7.0,0.0,0.0,6.0,10.0,0.0,0.0,7.0,7.0,5,8
768,202210030609,4.0,3.0,1.0,21.0,0.0,0.0,0.0,1.0,0.0,0.0,0.0,0.0,2.0,2.0,0.0,16.0,0.0,0.0,0.0,1.0,0.0,0.0,0.0,0.0,1.0,0.0,0.0,0.0,0.0,0.0,0.0,0.0,0.0,0.0,0.0,0.0,0.0,0.0,11.0,15.0,0.0,0.0,16.0,5.0,0.0,0.0,12.0,12.0,8,13
769,202210030609,0.0,0.0,0.0,2.0,1.0,1.0,0.0,2.0,0.0,0.0,0.0,0.0,0.0,0.0,0.0,0.0,1.0,1.0,0.0,2.0,0.0,0.0,0.0,0.0,0.0,0.0,0.0,0.0,0.0,0.0,0.0,0.0,0.0,0.0,0.0,0.0,0.0,0.0,140.0,13.0,0.0,0.0,80.0,7.0,0.0,0.0,120.0,11.0,3,3
770,202210030609,3.0,1.0,0.0,14.0,0.0,0.0,0.0,1.0,0.0,0.0,0.0,0.0,3.0,1.0,0.0,11.0,0.0,0.0,0.0,1.0,0.0,0.0,0.0,0.0,0.0,0.0,0.0,0.0,0.0,0.0,0.0,0.0,0.0,0.0,0.0,0.0,0.0,0.0,5.0,10.0,0.0,0.0,3.0,13.0,0.0,0.0,4.0,8.0,6,9
771,202210030609,0.0,0.0,1.0,6.0,0.0,0.0,1.0,9.0,0.0,0.0,0.0,3.0,0.0,0.0,0.0,3.0,0.0,0.0,0.0,5.0,0.0,0.0,0.0,1.0,0.0,0.0,0.0,0.0,0.0,0.0,0.0,0.0,0.0,0.0,0.0,0.0,0.0,0.0,16.0,16.0,0.0,0.0,14.0,13.0,0.0,0.0,16.0,13.0,1,1
772,202210030609,0.0,0.0,1.0,0.0,4.0,2.0,3.0,17.0,0.0,0.0,1.0,0.0,0.0,0.0,1.0,0.0,3.0,2.0,2.0,6.0,0.0,0.0,1.0,0.0,0.0,0.0,0.0,0.0,0.0,0.0,0.0,0.0,0.0,0.0,0.0,0.0,0.0,0.0,10.0,6.0,0.0,0.0,16.0,14.0,0.0,0.0,8.0,7.0,3,4
773,202210030612,0.0,0.0,0.0,0.0,2.0,4.0,4.0,26.0,0.0,0.0,0.0,0.0,0.0,0.0,0.0,0.0,0.0,3.0,2.0,15.0,0.0,0.0,0.0,0.0,0.0,0.0,0.0,0.0,0.0,0.0,0.0,3.0,0.0,0.0,0.0,0.0,0.0,0.0,100.0,7.0,0.0,0.0,110.0,5.0,0.0,0.0,90.0,14.0,6,11
774,202210030612,4.0,4.0,2.0,32.0,2.0,3.0,0.0,14.0,0.0,0.0,0.0,0.0,0.0,3.0,1.0,21.0,2.0,2.0,0.0,10.0,0.0,0.0,0.0,0.0,0.0,1.0,0.0,9.0,1.0,1.0,0.0,1.0,0.0,0.0,0.0,0.0,0.0,0.0,13.0,12.0,0.0,0.0,11.0,16.0,0.0,0.0,6.0,9.0,3,4
775,202210030612,0.0,1.0,1.0,9.0,5.0,2.0,2.0,35.0,0.0,0.0,0.0,0.0,0.0,1.0,0.0,7.0,3.0,2.0,2.0,24.0,0.0,0.0,0.0,0.0,0.0,0.0,0.0,2.0,0.0,0.0,1.0,8.0,0.0,0.0,0.0,0.0,0.0,0.0,20.0,9.0,0.0,0.0,20.0,2.0,0.0,0.0,20.0,3.0,5,8
776,202210030612,2.0,2.0,4.0,16.0,1.0,3.0,1.0,44.0,0.0,1.0,0.0,0.0,2.0,1.0,4.0,13.0,1.0,2.0,1.0,37.0,0.0,0.0,0.0,0.0,1.0,0.0,1.0,4.0,0.0,2.0,0.0,14.0,0.0,0.0,0.0,0.0,0.0,0.0,14.0,10.0,0.0,0.0,11.0,9.0,0.0,0.0,10.0,7.0,8,14
777,202210030612,2.0,7.0,2.0,29.0,0.0,1.0,0.0,4.0,0.0,0.0,0.0,0.0,1.0,0.0,1.0,20.0,0.0,1.0,0.0,4.0,0.0,0.0,0.0,0.0,1.0,0.0,0.0,3.0,0.0,0.0,0.0,1.0,0.0,0.0,0.0,0.0,0.0,0.0,80.0,6.0,0.0,0.0,80.0,7.0,0.0,0.0,150.0,2.0,7,13
778,202210030612,2.0,0.0,0.0,1.0,0.0,0.0,0.0,0.0,0.0,0.0,0.0,0.0,2.0,0.0,0.0,1.0,0.0,0.0,0.0,0.0,0.0,0.0,0.0,0.0,1.0,0.0,0.0,0.0,0.0,0.0,0.0,0.0,0.0,0.0,0.0,0.0,0.0,0.0,13.0,5.0,0.0,0.0,8.0,8.0,0.0,0.0,4.0,4.0,1,1
779,202210030612,4.0,4.0,2.0,32.0,0.0,0.0,0.0,1.0,0.0,0.0,0.0,0.0,0.0,3.0,1.0,21.0,0.0,0.0,0.0,0.0,0.0,0.0,0.0,0.0,0.0,1.0,0.0,9.0,0.0,0.0,0.0,0.0,0.0,0.0,0.0,0.0,0.0,0.0,50.0,10.0,0.0,0.0,150.0,13.0,0.0,0.0,130.0,10.0,8,15
780,202210030612,3.0,2.0,5.0,25.0,1.0,1.0,0.0,7.0,0.0,0.0,0.0,0.0,3.0,2.0,3.0,18.0,0.0,0.0,0.0,3.0,0.0,0.0,0.0,0.0,0.0,0.0,1.0,4.0,0.0,0.0,0.0,1.0,0.0,0.0,0.0,0.0,0.0,0.0,60.0,5.0,0.0,0.0,60.0,10.0,0.0,0.0,90.0,11.0,3,5
781,202210030612,0.0,1.0,0.0,0.0,1.0,4.0,2.0,26.0,0.0,0.0,0.0,0.0,0.0,1.0,0.0,0.0,1.0,4.0,2.0,19.0,0.0,0.0,0.0,0.0,0.0,0.0,0.0,0.0,1.0,1.0,1.0,3.0,0.0,0.0,0.0,0.0,0.0,0.0,110.0,14.0,0.0,0.0,100.0,4.0,0.0,0.0,80.0,8.0,2,2
782,202210030612,1.0,3.0,7.0,28.0,0.0,0.0,0.0,0.0,0.0,0.0,0.0,0.0,0.0,1.0,5.0,18.0,0.0,0.0,0.0,0.0,0.0,0.0,0.0,0.0,0.0,0.0,0.0,3.0,0.0,0.0,0.0,0.0,0.0,0.0,0.0,0.0,0.0,0.0,6.0,9.0,0.0,0.0,9.0,9.0,0.0,0.0,14.0,13.0,2,3
783,202210030612,0.0,1.0,0.0,0.0,4.0,3.0,5.0,26.0,0.0,0.0,0.0,0.0,0.0,1.0,0.0,0.0,1.0,3.0,1.0,19.0,0.0,0.0,0.0,0.0,0.0,0.0,0.0,0.0,1.0,1.0,0.0,7.0,0.0,0.0,0.0,0.0,0.0,0.0,80.0,5.0,0.0,0.0,10.0,1.0,0.0,0.0,20.0,3.0,6,10
784,202210030612,1.0,1.0,2.0,16.0,0.0,0.0,0.0,0.0,0.0,0.0,0.0,0.0,0.0,1.0,2.0,15.0,0.0,0.0,0.0,0.0,0.0,0.0,0.0,0.0,0.0,1.0,0.0,3.0,0.0,0.0,0.0,0.0,0.0,0.0,0.0,0.0,0.0,0.0,50.0,8.0,0.0,0.0,60.0,7.0,0.0,0.0,40.0,1.0,4,6
785,202210030612,4.0,0.0,3.0,42.0,2.0,5.0,7.0,37.0,1.0,0.0,0.0,3.0,4.0,0.0,3.0,39.0,2.0,4.0,4.0,29.0,1.0,0.0,0.0,3.0,1.0,0.0,2.0,17.0,0.0,0.0,0.0,11.0,0.0,0.0,0.0,1.0,0.0,0.0,1.0,3.0,0.0,0.0,12.0,13.0,0.0,0.0,9.0,9.0,4,7
786,202210030612,0.0,0.0,0.0,4.0,1.0,3.0,1.0,44.0,0.0,0.0,0.0,0.0,0.0,0.0,0.0,4.0,1.0,2.0,1.0,37.0,0.0,0.0,0.0,0.0,0.0,0.0,0.0,0.0,0.0,2.0,0.0,14.0,0.0,0.0,0.0,0.0,0.0,0.0,8.0,4.0,0.0,0.0,15.0,15.0,0.0,0.0,12.0,12.0,7,12
787,202210030612,1.0,3.0,7.0,28.0,2.0,5.0,7.0,37.0,0.0,1.0,1.0,4.0,0.0,1.0,5.0,18.0,2.0,4.0,4.0,29.0,0.0,0.0,1.0,1.0,0.0,0.0,0.0,3.0,0.0,0.0,0.0,11.0,0.0,0.0,0.0,0.0,0.0,0.0,80.0,12.0,0.0,0.0,6.0,8.0,0.0,0.0,10.0,2.0,5,9
788,202210030706,0.0,0.0,0.0,1.0,1.0,0.0,0.0,1.0,0.0,0.0,0.0,0.0,0.0,0.0,0.0,1.0,1.0,0.0,0.0,1.0,0.0,0.0,0.0,0.0,0.0,0.0,0.0,0.0,1.0,0.0,0.0,1.0,0.0,0.0,0.0,0.0,0.0,0.0,9.0,7.0,0.0,0.0,10.0,10.0,0.0,0.0,12.0,11.0,7,14
789,202210030706,4.0,0.0,3.0,42.0,1.0,4.0,2.0,26.0,0.0,0.0,0.0,3.0,4.0,0.0,3.0,39.0,1.0,4.0,2.0,19.0,0.0,0.0,0.0,2.0,2.0,0.0,1.0,16.0,0.0,2.0,1.0,15.0,0.0,0.0,0.0,2.0,0.0,0.0,1.0,2.0,0.0,0.0,9.0,3.0,0.0,0.0,11.0,11.0,6,12
790,202210030706,4.0,0.0,3.0,42.0,3.0,2.0,1.0,34.0,0.0,0.0,0.0,1.0,4.0,0.0,3.0,39.0,3.0,1.0,0.0,28.0,0.0,0.0,0.0,1.0,2.0,0.0,1.0,16.0,0.0,0.0,0.0,13.0,0.0,0.0,0.0,0.0,0.0,0.0,7.0,6.0,0.0,0.0,8.0,6.0,0.0,0.0,1.0,5.0,8,15
791,202210030706,0.0,3.0,0.0,16.0,5.0,4.0,1.0,46.0,0.0,0.0,0.0,0.0,0.0,3.0,0.0,15.0,3.0,2.0,1.0,36.0,0.0,0.0,0.0,0.0,0.0,2.0,0.0,7.0,2.0,0.0,0.0,10.0,0.0,0.0,0.0,0.0,0.0,0.0,6.0,6.0,0.0,0.0,11.0,4.0,0.0,0.0,4.0,10.0,4,8
792,202210030706,0.0,0.0,0.0,0.0,1.0,4.0,2.0,26.0,0.0,0.0,0.0,0.0,0.0,0.0,0.0,0.0,1.0,4.0,2.0,19.0,0.0,0.0,0.0,0.0,0.0,0.0,0.0,0.0,0.0,2.0,1.0,15.0,0.0,0.0,0.0,0.0,0.0,0.0,4.0,1.0,0.0,0.0,4.0,5.0,0.0,0.0,2.0,3.0,1,2
793,202210030706,2.0,2.0,3.0,24.0,1.0,0.0,3.0,35.0,0.0,0.0,1.0,2.0,2.0,2.0,3.0,18.0,0.0,0.0,3.0,26.0,0.0,0.0,1.0,2.0,1.0,1.0,1.0,7.0,0.0,0.0,2.0,12.0,0.0,0.0,0.0,2.0,0.0,0.0,8.0,7.0,0.0,0.0,3.0,6.0,0.0,0.0,4.0,3.0,7,13
794,202210030706,0.0,0.0,0.0,8.0,1.0,3.0,1.0,44.0,0.0,0.0,0.0,0.0,0.0,0.0,0.0,2.0,1.0,2.0,1.0,37.0,0.0,0.0,0.0,0.0,0.0,0.0,0.0,1.0,0.0,0.0,0.0,17.0,0.0,0.0,0.0,0.0,0.0,0.0,4.0,3.0,0.0,0.0,8.0,7.0,0.0,0.0,7.0,12.0,3,5
795,202210030706,4.0,0.0,3.0,42.0,2.0,0.0,1.0,24.0,0.0,0.0,0.0,1.0,4.0,0.0,3.0,39.0,2.0,0.0,1.0,18.0,0.0,0.0,0.0,1.0,2.0,0.0,1.0,16.0,0.0,0.0,1.0,11.0,0.0,0.0,0.0,0.0,0.0,0.0,150.0,16.0,0.0,0.0,90.0,11.0,0.0,0.0,10.0,1.0,4,7
796,202210030706,0.0,0.0,0.0,4.0,1.0,1.0,1.0,11.0,0.0,0.0,0.0,0.0,0.0,0.0,0.0,4.0,1.0,0.0,0.0,7.0,0.0,0.0,0.0,0.0,0.0,0.0,0.0,4.0,0.0,0.0,0.0,1.0,0.0,0.0,0.0,0.0,0.0,0.0,4.0,7.0,0.0,0.0,13.0,9.0,0.0,0.0,17.0,16.0,5,10
797,202210030706,0.0,0.0,0.0,10.0,0.0,1.0,3.0,12.0,0.0,0.0,0.0,0.0,0.0,0.0,0.0,7.0,0.0,1.0,0.0,7.0,0.0,0.0,0.0,0.0,0.0,0.0,0.0,2.0,0.0,0.0,0.0,3.0,0.0,0.0,0.0,0.0,0.0,0.0,5.0,5.0,0.0,0.0,10.0,10.0,0.0,0.0,6.0,10.0,2,3
798,202210030706,0.0,0.0,0.0,0.0,0.0,0.0,0.0,1.0,0.0,0.0,0.0,0.0,0.0,0.0,0.0,0.0,0.0,0.0,0.0,1.0,0.0,0.0,0.0,0.0,0.0,0.0,0.0,0.0,0.0,0.0,0.0,0.0,0.0,0.0,0.0,0.0,0.0,0.0,4.0,8.0,0.0,0.0,6.0,11.0,0.0,0.0,4.0,7.0,2,4
799,202210030706,0.0,0.0,0.0,1.0,4.0,3.0,5.0,26.0,0.0,0.0,0.0,0.0,0.0,0.0,0.0,1.0,1.0,3.0,1.0,19.0,0.0,0.0,0.0,0.0,0.0,0.0,0.0,0.0,0.0,2.0,1.0,6.0,0.0,0.0,0.0,0.0,0.0,0.0,80.0,90.0,0.0,0.0,140.0,120.0,0.0,0.0,130.0,60.0,6,11
800,202210030706,0.0,0.0,0.0,4.0,0.0,0.0,0.0,0.0,0.0,0.0,0.0,0.0,0.0,0.0,0.0,4.0,0.0,0.0,0.0,0.0,0.0,0.0,0.0,0.0,0.0,0.0,0.0,4.0,0.0,0.0,0.0,0.0,0.0,0.0,0.0,0.0,0.0,0.0,110.0,10.0,0.0,0.0,150.0,13.0,0.0,0.0,,,1,1
801,202210030706,0.0,0.0,0.0,1.0,0.0,1.0,1.0,2.0,0.0,0.0,0.0,0.0,0.0,0.0,0.0,0.0,0.0,1.0,1.0,2.0,0.0,0.0,0.0,0.0,0.0,0.0,0.0,0.0,0.0,0.0,0.0,0.0,0.0,0.0,0.0,0.0,0.0,0.0,10.0,11.0,0.0,0.0,9.0,14.0,0.0,0.0,10.0,7.0,5,9
802,202210030706,0.0,0.0,0.0,1.0,2.0,0.0,1.0,7.0,0.0,0.0,0.0,0.0,0.0,0.0,0.0,0.0,1.0,0.0,1.0,5.0,0.0,0.0,0.0,0.0,0.0,0.0,0.0,0.0,0.0,0.0,1.0,3.0,0.0,0.0,0.0,0.0,0.0,0.0,16.0,15.0,0.0,0.0,8.0,11.0,0.0,0.0,9.0,11.0,8,16
803,202210030706,7.0,2.0,1.0,21.0,1.0,0.0,0.0,8.0,1.0,0.0,0.0,1.0,5.0,0.0,0.0,17.0,1.0,0.0,0.0,5.0,1.0,0.0,0.0,1.0,1.0,0.0,0.0,5.0,0.0,0.0,0.0,2.0,0.0,0.0,0.0,0.0,0.0,0.0,6.0,7.0,0.0,0.0,11.0,16.0,,,,,3,6
804,202210030708,9.0,4.0,4.0,24.0,1.0,3.0,1.0,44.0,0.0,0.0,0.0,0.0,7.0,3.0,3.0,18.0,1.0,2.0,1.0,37.0,0.0,0.0,0.0,0.0,1.0,0.0,2.0,5.0,0.0,2.0,0.0,14.0,0.0,0.0,0.0,0.0,0.0,0.0,8.0,11.0,0.0,0.0,7.0,15.0,0.0,0.0,10.0,8.0,8,13
805,202210030708,0.0,1.0,0.0,0.0,0.0,0.0,1.0,12.0,0.0,0.0,0.0,0.0,0.0,1.0,0.0,0.0,0.0,0.0,1.0,8.0,0.0,0.0,0.0,0.0,0.0,0.0,0.0,0.0,0.0,0.0,1.0,0.0,0.0,0.0,0.0,0.0,0.0,0.0,10.0,13.0,0.0,0.0,12.0,15.0,0.0,0.0,2.0,1.0,4,5
806,202210030708,0.0,1.0,0.0,3.0,0.0,0.0,0.0,2.0,0.0,0.0,0.0,0.0,0.0,1.0,0.0,2.0,0.0,0.0,0.0,0.0,0.0,0.0,0.0,0.0,0.0,1.0,0.0,0.0,0.0,0.0,0.0,0.0,0.0,0.0,0.0,0.0,0.0,0.0,10.0,5.0,0.0,0.0,30.0,2.0,0.0,0.0,50.0,1.0,7,11
807,202210030708,1.0,3.0,7.0,28.0,1.0,0.0,3.0,35.0,0.0,0.0,1.0,1.0,0.0,1.0,5.0,18.0,0.0,0.0,3.0,26.0,0.0,0.0,1.0,1.0,0.0,0.0,0.0,3.0,0.0,0.0,1.0,10.0,0.0,0.0,0.0,1.0,0.0,0.0,16.0,8.0,0.0,0.0,15.0,7.0,0.0,0.0,12.0,12.0,5,7
808,202210030708,1.0,3.0,7.0,28.0,0.0,2.0,0.0,0.0,0.0,0.0,0.0,0.0,0.0,1.0,5.0,18.0,0.0,2.0,0.0,0.0,0.0,0.0,0.0,0.0,0.0,0.0,0.0,3.0,0.0,0.0,0.0,0.0,0.0,0.0,0.0,0.0,0.0,0.0,2.0,2.0,0.0,0.0,5.0,5.0,0.0,0.0,1.0,7.0,8,14
809,202210030708,3.0,4.0,2.0,26.0,0.0,1.0,0.0,13.0,0.0,0.0,0.0,0.0,3.0,2.0,1.0,18.0,0.0,1.0,0.0,10.0,0.0,0.0,0.0,0.0,0.0,1.0,0.0,2.0,0.0,0.0,0.0,3.0,0.0,0.0,0.0,0.0,0.0,0.0,4.0,4.0,0.0,0.0,2.0,6.0,0.0,0.0,6.0,2.0,6,9
810,202210030708,2.0,5.0,0.0,23.0,1.0,3.0,1.0,44.0,0.0,0.0,0.0,2.0,1.0,4.0,0.0,15.0,1.0,2.0,1.0,37.0,0.0,0.0,0.0,2.0,0.0,2.0,0.0,5.0,0.0,2.0,0.0,14.0,0.0,0.0,0.0,1.0,0.0,0.0,90.0,6.0,0.0,0.0,70.0,13.0,0.0,0.0,20.0,1.0,1,1
811,202210030708,0.0,0.0,0.0,2.0,0.0,0.0,0.0,2.0,0.0,0.0,0.0,0.0,0.0,0.0,0.0,1.0,0.0,0.0,0.0,1.0,0.0,0.0,0.0,0.0,0.0,0.0,0.0,1.0,0.0,0.0,0.0,0.0,0.0,0.0,0.0,0.0,0.0,0.0,4.0,3.0,0.0,0.0,16.0,9.0,0.0,0.0,10.0,8.0,3,3
812,202210030708,3.0,2.0,1.0,17.0,5.0,2.0,2.0,35.0,1.0,0.0,0.0,1.0,2.0,2.0,0.0,12.0,3.0,2.0,2.0,24.0,0.0,0.0,0.0,0.0,0.0,0.0,0.0,1.0,0.0,0.0,1.0,8.0,0.0,0.0,0.0,0.0,0.0,0.0,5.0,14.0,0.0,0.0,7.0,6.0,0.0,0.0,16.0,5.0,6,10
813,202210030708,0.0,0.0,0.0,0.0,0.0,0.0,0.0,2.0,0.0,0.0,0.0,0.0,0.0,0.0,0.0,0.0,0.0,0.0,0.0,2.0,0.0,0.0,0.0,0.0,0.0,0.0,0.0,0.0,0.0,0.0,0.0,0.0,0.0,0.0,0.0,0.0,0.0,0.0,70.0,20.0,0.0,0.0,100.0,90.0,0.0,0.0,140.0,100.0,3,4
814,202210030708,0.0,1.0,0.0,0.0,0.0,0.0,0.0,1.0,0.0,0.0,0.0,0.0,0.0,1.0,0.0,0.0,0.0,0.0,0.0,1.0,0.0,0.0,0.0,0.0,0.0,0.0,0.0,0.0,0.0,0.0,0.0,0.0,0.0,0.0,0.0,0.0,0.0,0.0,30.0,1.0,0.0,0.0,40.0,5.0,0.0,0.0,30.0,6.0,5,8
815,202210030708,0.0,0.0,1.0,9.0,3.0,1.0,1.0,17.0,0.0,0.0,0.0,0.0,0.0,0.0,1.0,6.0,3.0,1.0,1.0,12.0,0.0,0.0,0.0,0.0,0.0,0.0,0.0,0.0,0.0,1.0,0.0,3.0,0.0,0.0,0.0,0.0,0.0,0.0,14.0,12.0,0.0,0.0,9.0,11.0,0.0,0.0,6.0,9.0,2,2
816,202210030708,0.0,0.0,0.0,1.0,4.0,3.0,5.0,26.0,0.0,0.0,0.0,0.0,0.0,0.0,0.0,0.0,1.0,3.0,1.0,19.0,0.0,0.0,0.0,0.0,0.0,0.0,0.0,0.0,1.0,1.0,0.0,7.0,0.0,0.0,0.0,0.0,0.0,0.0,4.0,4.0,0.0,0.0,6.0,6.0,0.0,0.0,3.0,3.0,7,12
817,202210030708,1.0,0.0,0.0,5.0,1.0,4.0,2.0,26.0,0.0,0.0,0.0,0.0,0.0,0.0,0.0,1.0,1.0,4.0,2.0,19.0,0.0,0.0,0.0,0.0,0.0,0.0,0.0,0.0,1.0,1.0,1.0,3.0,0.0,0.0,0.0,0.0,0.0,0.0,70.0,7.0,0.0,0.0,160.0,14.0,0.0,0.0,140.0,14.0,4,6
818,202210030712,1.0,3.0,7.0,28.0,3.0,2.0,1.0,34.0,0.0,0.0,0.0,0.0,0.0,1.0,5.0,18.0,3.0,1.0,0.0,28.0,0.0,0.0,0.0,0.0,0.0,0.0,0.0,3.0,0.0,0.0,0.0,4.0,0.0,0.0,0.0,0.0,0.0,0.0,30.0,4.0,0.0,0.0,50.0,5.0,0.0,0.0,90.0,2.0,4,7
819,202210030712,1.0,2.0,1.0,11.0,2.0,0.0,0.0,13.0,0.0,0.0,0.0,0.0,1.0,2.0,1.0,11.0,1.0,0.0,0.0,8.0,0.0,0.0,0.0,0.0,0.0,0.0,0.0,2.0,0.0,0.0,0.0,1.0,0.0,0.0,0.0,0.0,0.0,0.0,10.0,2.0,0.0,0.0,10.0,3.0,0.0,0.0,20.0,2.0,5,9
820,202210030712,3.0,2.0,5.0,25.0,0.0,0.0,0.0,0.0,0.0,0.0,0.0,0.0,3.0,2.0,3.0,18.0,0.0,0.0,0.0,0.0,0.0,0.0,0.0,0.0,0.0,0.0,1.0,4.0,0.0,0.0,0.0,0.0,0.0,0.0,0.0,0.0,0.0,0.0,100.0,4.0,0.0,0.0,140.0,13.0,0.0,0.0,80.0,10.0,5,10
821,202210030712,3.0,4.0,2.0,26.0,1.0,0.0,0.0,0.0,1.0,0.0,0.0,0.0,3.0,2.0,1.0,18.0,1.0,0.0,0.0,0.0,1.0,0.0,0.0,0.0,0.0,1.0,0.0,2.0,0.0,0.0,0.0,0.0,0.0,0.0,0.0,0.0,0.0,0.0,3.0,7.0,0.0,0.0,4.0,14.0,0.0,0.0,8.0,6.0,8,15
822,202210030712,0.0,3.0,1.0,3.0,1.0,3.0,1.0,44.0,0.0,2.0,0.0,1.0,0.0,3.0,1.0,2.0,1.0,2.0,1.0,37.0,0.0,2.0,0.0,1.0,0.0,2.0,0.0,0.0,0.0,2.0,0.0,14.0,0.0,2.0,0.0,0.0,0.0,0.0,6.0,4.0,0.0,0.0,8.0,5.0,0.0,0.0,8.0,5.0,2,3
823,202210030712,0.0,0.0,1.0,2.0,0.0,2.0,2.0,9.0,0.0,0.0,0.0,0.0,0.0,0.0,1.0,2.0,0.0,1.0,1.0,6.0,0.0,0.0,0.0,0.0,0.0,0.0,0.0,0.0,0.0,1.0,0.0,3.0,0.0,0.0,0.0,0.0,0.0,0.0,6.0,1.0,0.0,0.0,9.0,6.0,0.0,0.0,10.0,6.0,8,16
824,202210030712,0.0,0.0,0.0,0.0,0.0,0.0,0.0,0.0,0.0,0.0,0.0,0.0,0.0,0.0,0.0,0.0,0.0,0.0,0.0,0.0,0.0,0.0,0.0,0.0,0.0,0.0,0.0,0.0,0.0,0.0,0.0,0.0,0.0,0.0,0.0,0.0,0.0,0.0,4.0,2.0,0.0,0.0,6.0,5.0,0.0,0.0,3.0,8.0,3,6
825,202210030712,1.0,3.0,7.0,28.0,2.0,5.0,7.0,37.0,0.0,1.0,1.0,4.0,0.0,1.0,5.0,18.0,2.0,4.0,4.0,29.0,0.0,0.0,1.0,1.0,0.0,0.0,0.0,3.0,0.0,0.0,0.0,11.0,0.0,0.0,0.0,0.0,0.0,0.0,13.0,8.0,0.0,0.0,11.0,10.0,0.0,0.0,7.0,7.0,7,13
826,202210030712,0.0,0.0,0.0,6.0,1.0,0.0,0.0,1.0,0.0,0.0,0.0,0.0,0.0,0.0,0.0,3.0,0.0,0.0,0.0,0.0,0.0,0.0,0.0,0.0,0.0,0.0,0.0,0.0,0.0,0.0,0.0,0.0,0.0,0.0,0.0,0.0,0.0,0.0,10.0,9.0,0.0,0.0,12.0,11.0,0.0,0.0,9.0,11.0,3,5
827,202210030712,0.0,0.0,0.0,0.0,1.0,0.0,1.0,4.0,0.0,0.0,0.0,0.0,0.0,0.0,0.0,0.0,1.0,0.0,0.0,2.0,0.0,0.0,0.0,0.0,0.0,0.0,0.0,0.0,0.0,0.0,0.0,0.0,0.0,0.0,0.0,0.0,0.0,0.0,10.0,13.0,0.0,0.0,10.0,1.0,0.0,0.0,10.0,2.0,7,14
828,202210030712,0.0,0.0,1.0,6.0,0.0,0.0,0.0,3.0,0.0,0.0,0.0,0.0,0.0,0.0,1.0,6.0,0.0,0.0,0.0,3.0,0.0,0.0,0.0,0.0,0.0,0.0,0.0,0.0,0.0,0.0,0.0,3.0,0.0,0.0,0.0,0.0,0.0,0.0,9.0,9.0,0.0,0.0,7.0,7.0,0.0,0.0,7.0,14.0,2,4
829,202210030712,0.0,1.0,0.0,0.0,2.0,1.0,0.0,9.0,0.0,0.0,0.0,0.0,0.0,1.0,0.0,0.0,1.0,0.0,0.0,7.0,0.0,0.0,0.0,0.0,0.0,0.0,0.0,0.0,1.0,0.0,0.0,1.0,0.0,0.0,0.0,0.0,0.0,0.0,130.0,10.0,0.0,0.0,150.0,12.0,0.0,0.0,80.0,11.0,6,12
830,202210030712,0.0,0.0,0.0,13.0,1.0,4.0,2.0,26.0,0.0,0.0,0.0,2.0,0.0,0.0,0.0,11.0,1.0,4.0,2.0,19.0,0.0,0.0,0.0,2.0,0.0,0.0,0.0,2.0,1.0,1.0,1.0,3.0,0.0,0.0,0.0,0.0,0.0,0.0,5.0,4.0,0.0,0.0,15.0,10.0,0.0,0.0,12.0,9.0,1,1
831,202210030712,1.0,0.0,2.0,5.0,2.0,1.0,0.0,9.0,0.0,0.0,0.0,0.0,0.0,0.0,2.0,4.0,1.0,0.0,0.0,7.0,0.0,0.0,0.0,0.0,0.0,0.0,0.0,0.0,1.0,0.0,0.0,1.0,0.0,0.0,0.0,0.0,0.0,0.0,3.0,2.0,0.0,0.0,16.0,16.0,0.0,0.0,10.0,16.0,4,8
832,202210030712,1.0,0.0,0.0,7.0,2.0,1.0,0.0,9.0,0.0,0.0,0.0,1.0,1.0,0.0,0.0,4.0,1.0,0.0,0.0,7.0,0.0,0.0,0.0,1.0,1.0,0.0,0.0,0.0,1.0,0.0,0.0,1.0,0.0,0.0,0.0,0.0,0.0,0.0,2.0,4.0,0.0,0.0,15.0,15.0,0.0,0.0,15.0,12.0,6,11
833,202210030712,7.0,2.0,1.0,21.0,0.0,0.0,0.0,2.0,0.0,0.0,0.0,0.0,5.0,0.0,0.0,17.0,0.0,0.0,0.0,1.0,0.0,0.0,0.0,0.0,2.0,0.0,0.0,7.0,0.0,0.0,0.0,0.0,0.0,0.0,0.0,0.0,0.0,0.0,8.0,10.0,0.0,0.0,9.0,12.0,0.0,0.0,2.0,8.0,1,2
834,202210030802,0.0,1.0,0.0,0.0,2.0,5.0,7.0,37.0,0.0,0.0,0.0,0.0,0.0,1.0,0.0,0.0,2.0,4.0,4.0,29.0,0.0,0.0,0.0,0.0,0.0,0.0,0.0,0.0,2.0,3.0,3.0,12.0,0.0,0.0,0.0,0.0,0.0,0.0,60.0,3.0,0.0,0.0,90.0,18.0,0.0,0.0,80.0,9.0,3,6
835,202210030802,0.0,0.0,0.0,1.0,1.0,0.0,3.0,35.0,0.0,0.0,0.0,1.0,0.0,0.0,0.0,1.0,0.0,0.0,3.0,26.0,0.0,0.0,0.0,1.0,0.0,0.0,0.0,0.0,0.0,0.0,2.0,12.0,0.0,0.0,0.0,0.0,0.0,0.0,3.0,9.0,0.0,0.0,8.0,11.0,0.0,0.0,5.0,9.0,2,3
836,202210030802,0.0,0.0,0.0,5.0,0.0,0.0,0.0,2.0,0.0,0.0,0.0,0.0,0.0,0.0,0.0,4.0,0.0,0.0,0.0,2.0,0.0,0.0,0.0,0.0,0.0,0.0,0.0,3.0,0.0,0.0,0.0,0.0,0.0,0.0,0.0,0.0,0.0,0.0,80.0,2.0,0.0,0.0,160.0,5.0,0.0,0.0,120.0,9.0,7,13
837,202210030802,0.0,0.0,0.0,13.0,1.0,1.0,1.0,2.0,0.0,0.0,0.0,0.0,0.0,0.0,0.0,11.0,0.0,1.0,1.0,1.0,0.0,0.0,0.0,0.0,0.0,0.0,0.0,8.0,0.0,1.0,1.0,0.0,0.0,0.0,0.0,0.0,0.0,0.0,3.0,7.0,0.0,0.0,3.0,5.0,0.0,0.0,3.0,4.0,6,12
838,202210030802,0.0,0.0,0.0,7.0,2.0,5.0,7.0,37.0,0.0,0.0,0.0,2.0,0.0,0.0,0.0,6.0,2.0,4.0,4.0,29.0,0.0,0.0,0.0,2.0,0.0,0.0,0.0,3.0,2.0,3.0,3.0,12.0,0.0,0.0,0.0,0.0,0.0,0.0,10.0,14.0,0.0,0.0,8.0,3.0,0.0,0.0,2.0,4.0,5,10
839,202210030802,1.0,0.0,2.0,5.0,0.0,0.0,0.0,3.0,0.0,0.0,0.0,0.0,0.0,0.0,2.0,4.0,0.0,0.0,0.0,1.0,0.0,0.0,0.0,0.0,0.0,0.0,2.0,3.0,0.0,0.0,0.0,0.0,0.0,0.0,0.0,0.0,0.0,0.0,150.0,2.0,0.0,0.0,110.0,8.0,0.0,0.0,80.0,8.0,5,9
840,202210030802,4.0,4.0,2.0,32.0,2.0,2.0,3.0,25.0,0.0,0.0,0.0,1.0,0.0,3.0,1.0,21.0,1.0,2.0,2.0,20.0,0.0,0.0,0.0,1.0,0.0,1.0,0.0,6.0,0.0,1.0,2.0,5.0,0.0,0.0,0.0,0.0,,,,,,,,,,,,,4,7
841,202210030802,0.0,0.0,0.0,13.0,2.0,0.0,1.0,24.0,0.0,0.0,0.0,1.0,0.0,0.0,0.0,11.0,2.0,0.0,1.0,18.0,0.0,0.0,0.0,1.0,0.0,0.0,0.0,8.0,0.0,0.0,1.0,11.0,0.0,0.0,0.0,1.0,0.0,0.0,70.0,6.0,0.0,0.0,60.0,8.0,0.0,0.0,70.0,8.0,7,14
842,202210030802,2.0,1.0,2.0,4.0,0.0,0.0,0.0,0.0,0.0,0.0,0.0,0.0,1.0,1.0,1.0,4.0,0.0,0.0,0.0,0.0,0.0,0.0,0.0,0.0,0.0,1.0,0.0,4.0,0.0,0.0,0.0,0.0,0.0,0.0,0.0,0.0,0.0,0.0,7.0,7.0,0.0,0.0,9.0,9.0,0.0,0.0,7.0,8.0,8,15
843,202210030802,1.0,2.0,2.0,22.0,0.0,0.0,0.0,0.0,0.0,0.0,0.0,0.0,1.0,2.0,2.0,19.0,0.0,0.0,0.0,0.0,0.0,0.0,0.0,0.0,1.0,2.0,0.0,12.0,0.0,0.0,0.0,0.0,0.0,0.0,0.0,0.0,0.0,0.0,8.0,1.0,0.0,0.0,13.0,10.0,0.0,0.0,7.0,11.0,1,2
844,202210030802,1.0,3.0,7.0,28.0,1.0,3.0,1.0,44.0,0.0,0.0,0.0,0.0,0.0,1.0,5.0,18.0,1.0,2.0,1.0,37.0,0.0,0.0,0.0,0.0,0.0,0.0,4.0,14.0,0.0,0.0,0.0,17.0,0.0,0.0,0.0,0.0,0.0,0.0,1.0,1.0,0.0,0.0,10.0,11.0,0.0,0.0,3.0,3.0,3,5
845,202210030802,0.0,1.0,0.0,3.0,5.0,4.0,1.0,46.0,0.0,0.0,0.0,0.0,0.0,1.0,0.0,2.0,3.0,2.0,1.0,36.0,0.0,0.0,0.0,0.0,0.0,0.0,0.0,1.0,2.0,0.0,0.0,10.0,0.0,0.0,0.0,0.0,0.0,0.0,3.0,2.0,0.0,0.0,8.0,12.0,0.0,0.0,6.0,4.0,1,1
846,202210030802,0.0,0.0,0.0,5.0,4.0,3.0,2.0,8.0,0.0,0.0,0.0,0.0,0.0,0.0,0.0,4.0,4.0,3.0,2.0,4.0,0.0,0.0,0.0,0.0,0.0,0.0,0.0,3.0,3.0,2.0,2.0,2.0,0.0,0.0,0.0,0.0,0.0,0.0,6.0,9.0,0.0,0.0,5.0,13.0,0.0,0.0,2.0,9.0,2,4
847,202210030802,0.0,0.0,0.0,5.0,3.0,3.0,4.0,17.0,0.0,0.0,0.0,0.0,0.0,0.0,0.0,4.0,2.0,3.0,4.0,9.0,0.0,0.0,0.0,0.0,0.0,0.0,0.0,3.0,1.0,2.0,2.0,5.0,0.0,0.0,0.0,0.0,0.0,0.0,10.0,5.0,0.0,0.0,14.0,16.0,0.0,0.0,14.0,14.0,8,16
848,202210030802,0.0,0.0,0.0,0.0,0.0,0.0,0.0,0.0,0.0,0.0,0.0,0.0,0.0,0.0,0.0,0.0,0.0,0.0,0.0,0.0,0.0,0.0,0.0,0.0,0.0,0.0,0.0,0.0,0.0,0.0,0.0,0.0,0.0,0.0,0.0,0.0,0.0,0.0,10.0,12.0,0.0,0.0,16.0,15.0,0.0,0.0,10.0,10.0,6,11
849,202210030802,0.0,0.0,0.0,2.0,0.0,0.0,0.0,0.0,0.0,0.0,0.0,0.0,0.0,0.0,0.0,0.0,0.0,0.0,0.0,0.0,0.0,0.0,0.0,0.0,0.0,0.0,0.0,0.0,0.0,0.0,0.0,0.0,0.0,0.0,0.0,0.0,0.0,0.0,10.0,8.0,0.0,0.0,17.0,13.0,0.0,0.0,15.0,16.0,4,8
850,202210030806,1.0,3.0,7.0,28.0,5.0,2.0,2.0,35.0,1.0,0.0,1.0,1.0,0.0,1.0,5.0,18.0,3.0,2.0,2.0,24.0,0.0,0.0,1.0,0.0,0.0,0.0,4.0,14.0,1.0,0.0,0.0,10.0,0.0,0.0,0.0,0.0,0.0,0.0,20.0,2.0,0.0,0.0,10.0,4.0,0.0,0.0,20.0,2.0,1,2
851,202210030806,2.0,1.0,2.0,4.0,3.0,2.0,1.0,34.0,0.0,0.0,0.0,0.0,1.0,1.0,1.0,4.0,3.0,1.0,0.0,28.0,0.0,0.0,0.0,0.0,0.0,1.0,0.0,4.0,0.0,0.0,0.0,13.0,0.0,0.0,0.0,0.0,0.0,0.0,2.0,2.0,0.0,0.0,14.0,12.0,0.0,0.0,12.0,16.0,5,10
852,202210030806,0.0,0.0,0.0,3.0,0.0,0.0,2.0,13.0,0.0,0.0,0.0,0.0,0.0,0.0,0.0,1.0,0.0,0.0,2.0,12.0,0.0,0.0,0.0,0.0,0.0,0.0,0.0,1.0,0.0,0.0,2.0,5.0,0.0,0.0,0.0,0.0,0.0,0.0,70.0,5.0,0.0,0.0,70.0,13.0,0.0,0.0,20.0,5.0,3,5
853,202210030806,7.0,2.0,1.0,21.0,0.0,0.0,0.0,1.0,0.0,0.0,0.0,1.0,5.0,0.0,0.0,17.0,0.0,0.0,0.0,1.0,0.0,0.0,0.0,1.0,1.0,0.0,0.0,5.0,0.0,0.0,0.0,0.0,0.0,0.0,0.0,0.0,0.0,0.0,60.0,5.0,0.0,0.0,70.0,7.0,0.0,0.0,140.0,4.0,2,4
854,202210030806,0.0,0.0,1.0,19.0,7.0,3.0,1.0,25.0,0.0,0.0,0.0,1.0,0.0,0.0,0.0,10.0,5.0,2.0,1.0,19.0,0.0,0.0,0.0,1.0,0.0,0.0,0.0,7.0,0.0,1.0,1.0,14.0,0.0,0.0,0.0,0.0,0.0,0.0,5.0,1.0,0.0,0.0,7.0,5.0,0.0,0.0,2.0,7.0,4,7
855,202210030806,2.0,2.0,4.0,16.0,1.0,3.0,1.0,44.0,0.0,1.0,0.0,0.0,2.0,1.0,4.0,13.0,1.0,2.0,1.0,37.0,0.0,0.0,0.0,0.0,1.0,1.0,3.0,5.0,0.0,0.0,0.0,17.0,0.0,0.0,0.0,0.0,0.0,0.0,60.0,4.0,0.0,0.0,20.0,6.0,0.0,0.0,30.0,3.0,6,11
856,202210030806,0.0,1.0,0.0,3.0,1.0,0.0,3.0,35.0,0.0,0.0,0.0,0.0,0.0,1.0,0.0,2.0,0.0,0.0,3.0,26.0,0.0,0.0,0.0,0.0,0.0,0.0,0.0,1.0,0.0,0.0,2.0,12.0,0.0,0.0,0.0,0.0,0.0,0.0,8.0,10.0,0.0,0.0,4.0,4.0,0.0,0.0,4.0,7.0,4,8
857,202210030806,0.0,0.0,0.0,8.0,2.0,2.0,3.0,25.0,0.0,0.0,0.0,0.0,0.0,0.0,0.0,2.0,1.0,2.0,2.0,20.0,0.0,0.0,0.0,0.0,0.0,0.0,0.0,1.0,0.0,1.0,2.0,5.0,0.0,0.0,0.0,0.0,0.0,0.0,40.0,2.0,0.0,0.0,30.0,3.0,0.0,0.0,30.0,4.0,8,16
858,202210030806,0.0,0.0,0.0,0.0,0.0,0.0,0.0,0.0,0.0,0.0,0.0,0.0,0.0,0.0,0.0,0.0,0.0,0.0,0.0,0.0,0.0,0.0,0.0,0.0,0.0,0.0,0.0,0.0,0.0,0.0,0.0,0.0,0.0,0.0,0.0,0.0,0.0,0.0,30.0,2.0,0.0,0.0,160.0,9.0,0.0,0.0,80.0,8.0,5,9
859,202210030806,0.0,1.0,0.0,3.0,5.0,2.0,2.0,35.0,0.0,0.0,0.0,0.0,0.0,1.0,0.0,2.0,3.0,2.0,2.0,24.0,0.0,0.0,0.0,0.0,0.0,0.0,0.0,1.0,1.0,0.0,0.0,10.0,0.0,0.0,0.0,0.0,0.0,0.0,20.0,1.0,0.0,0.0,60.0,6.0,0.0,0.0,100.0,10.0,1,1
860,202210030806,3.0,2.0,5.0,25.0,3.0,2.0,1.0,34.0,0.0,0.0,1.0,2.0,3.0,2.0,3.0,18.0,3.0,1.0,0.0,28.0,0.0,0.0,0.0,1.0,1.0,1.0,2.0,14.0,0.0,0.0,0.0,13.0,0.0,0.0,0.0,0.0,0.0,0.0,7.0,6.0,0.0,0.0,12.0,8.0,0.0,0.0,10.0,8.0,7,13
861,202210030806,0.0,0.0,0.0,2.0,1.0,1.0,1.0,11.0,0.0,0.0,0.0,0.0,0.0,0.0,0.0,0.0,1.0,0.0,0.0,7.0,0.0,0.0,0.0,0.0,0.0,0.0,0.0,0.0,0.0,0.0,0.0,1.0,0.0,0.0,0.0,0.0,0.0,0.0,30.0,50.0,0.0,0.0,120.0,120.0,0.0,0.0,60.0,50.0,3,6
862,202210030806,0.0,0.0,0.0,0.0,5.0,4.0,1.0,46.0,0.0,0.0,0.0,0.0,0.0,0.0,0.0,0.0,3.0,2.0,1.0,36.0,0.0,0.0,0.0,0.0,0.0,0.0,0.0,0.0,2.0,0.0,0.0,10.0,0.0,0.0,0.0,0.0,0.0,0.0,9.0,14.0,0.0,0.0,9.0,13.0,0.0,0.0,5.0,10.0,2,3
863,202210030806,7.0,2.0,1.0,21.0,7.0,3.0,1.0,25.0,0.0,0.0,0.0,1.0,5.0,0.0,0.0,17.0,5.0,2.0,1.0,19.0,0.0,0.0,0.0,1.0,1.0,0.0,0.0,5.0,0.0,1.0,1.0,14.0,0.0,0.0,0.0,0.0,0.0,0.0,4.0,2.0,0.0,0.0,13.0,14.0,0.0,0.0,6.0,10.0,8,15
864,202210030806,1.0,0.0,1.0,13.0,0.0,1.0,2.0,0.0,0.0,0.0,0.0,0.0,1.0,0.0,1.0,7.0,0.0,0.0,0.0,0.0,0.0,0.0,0.0,0.0,1.0,0.0,0.0,4.0,0.0,0.0,0.0,0.0,0.0,0.0,0.0,0.0,0.0,0.0,20.0,10.0,0.0,0.0,110.0,6.0,0.0,0.0,80.0,15.0,6,12
865,202210030806,7.0,2.0,1.0,21.0,0.0,0.0,0.0,2.0,0.0,0.0,0.0,0.0,5.0,0.0,0.0,17.0,0.0,0.0,0.0,1.0,0.0,0.0,0.0,0.0,1.0,0.0,0.0,5.0,0.0,0.0,0.0,0.0,0.0,0.0,0.0,0.0,0.0,0.0,9.0,8.0,0.0,0.0,11.0,16.0,0.0,0.0,5.0,6.0,7,14
866,202210030810,2.0,2.0,4.0,16.0,0.0,0.0,0.0,4.0,0.0,0.0,0.0,0.0,2.0,1.0,4.0,13.0,0.0,0.0,0.0,2.0,0.0,0.0,0.0,0.0,0.0,0.0,0.0,2.0,0.0,0.0,0.0,0.0,0.0,0.0,0.0,0.0,0.0,0.0,50.0,4.0,0.0,0.0,50.0,2.0,0.0,0.0,110.0,3.0,8,16
867,202210030810,0.0,0.0,0.0,2.0,2.0,5.0,7.0,37.0,0.0,0.0,0.0,0.0,0.0,0.0,0.0,0.0,2.0,4.0,4.0,29.0,0.0,0.0,0.0,0.0,0.0,0.0,0.0,0.0,0.0,0.0,0.0,4.0,0.0,0.0,0.0,0.0,0.0,0.0,12.0,10.0,0.0,0.0,13.0,13.0,0.0,0.0,10.0,11.0,5,9
868,202210030810,1.0,0.0,0.0,5.0,0.0,0.0,0.0,0.0,0.0,0.0,0.0,0.0,0.0,0.0,0.0,1.0,0.0,0.0,0.0,0.0,0.0,0.0,0.0,0.0,0.0,0.0,0.0,0.0,0.0,0.0,0.0,0.0,0.0,0.0,0.0,0.0,0.0,0.0,13.0,14.0,0.0,0.0,7.0,14.0,0.0,0.0,7.0,1.0,8,15
869,202210030810,0.0,1.0,0.0,0.0,1.0,0.0,3.0,35.0,0.0,0.0,0.0,0.0,0.0,1.0,0.0,0.0,0.0,0.0,3.0,26.0,0.0,0.0,0.0,0.0,0.0,0.0,0.0,0.0,0.0,0.0,0.0,2.0,0.0,0.0,0.0,0.0,0.0,0.0,20.0,1.0,0.0,0.0,20.0,1.0,0.0,0.0,10.0,10.0,7,13
870,202210030810,7.0,2.0,1.0,21.0,0.0,1.0,3.0,12.0,0.0,0.0,0.0,0.0,5.0,0.0,0.0,17.0,0.0,1.0,0.0,7.0,0.0,0.0,0.0,0.0,0.0,0.0,0.0,2.0,0.0,1.0,0.0,4.0,0.0,0.0,0.0,0.0,0.0,0.0,3.0,1.0,0.0,0.0,4.0,5.0,0.0,0.0,1.0,1.0,1,1
871,202210030810,1.0,1.0,2.0,16.0,0.0,0.0,0.0,2.0,0.0,0.0,0.0,0.0,0.0,1.0,2.0,15.0,0.0,0.0,0.0,2.0,0.0,0.0,0.0,0.0,0.0,0.0,0.0,5.0,0.0,0.0,0.0,1.0,0.0,0.0,0.0,0.0,0.0,0.0,40.0,4.0,0.0,0.0,60.0,10.0,0.0,0.0,70.0,9.0,2,3
872,202210030810,2.0,1.0,2.0,10.0,1.0,0.0,1.0,4.0,1.0,0.0,1.0,0.0,2.0,1.0,2.0,10.0,1.0,0.0,1.0,2.0,1.0,0.0,1.0,0.0,0.0,0.0,0.0,1.0,0.0,0.0,0.0,0.0,0.0,0.0,0.0,0.0,0.0,0.0,60.0,6.0,0.0,0.0,140.0,13.0,0.0,0.0,130.0,13.0,4,7
873,202210030810,2.0,0.0,2.0,13.0,2.0,2.0,3.0,25.0,1.0,0.0,0.0,3.0,2.0,0.0,2.0,12.0,1.0,2.0,2.0,20.0,1.0,0.0,0.0,2.0,0.0,0.0,0.0,3.0,0.0,0.0,0.0,4.0,0.0,0.0,0.0,1.0,0.0,0.0,1.0,1.0,0.0,0.0,14.0,11.0,0.0,0.0,12.0,9.0,3,6
874,202210030810,2.0,2.0,4.0,16.0,0.0,0.0,0.0,5.0,0.0,0.0,0.0,0.0,2.0,1.0,4.0,13.0,0.0,0.0,0.0,3.0,0.0,0.0,0.0,0.0,0.0,0.0,0.0,2.0,0.0,0.0,0.0,0.0,0.0,0.0,0.0,0.0,0.0,0.0,120.0,5.0,0.0,0.0,70.0,8.0,0.0,0.0,40.0,4.0,6,12
875,202210030810,2.0,5.0,0.0,23.0,1.0,3.0,1.0,44.0,0.0,0.0,0.0,2.0,1.0,4.0,0.0,15.0,1.0,2.0,1.0,37.0,0.0,0.0,0.0,2.0,0.0,1.0,0.0,0.0,0.0,0.0,0.0,6.0,0.0,0.0,0.0,0.0,0.0,0.0,3.0,2.0,0.0,0.0,11.0,7.0,0.0,0.0,5.0,5.0,5,10
876,202210030810,0.0,0.0,0.0,0.0,0.0,0.0,0.0,0.0,0.0,0.0,0.0,0.0,0.0,0.0,0.0,0.0,0.0,0.0,0.0,0.0,0.0,0.0,0.0,0.0,0.0,0.0,0.0,0.0,0.0,0.0,0.0,0.0,0.0,0.0,0.0,0.0,0.0,0.0,1.0,1.0,0.0,0.0,8.0,1.0,0.0,0.0,4.0,12.0,4,8
877,202210030810,2.0,0.0,1.0,18.0,7.0,3.0,1.0,25.0,0.0,0.0,0.0,2.0,2.0,0.0,1.0,17.0,5.0,2.0,1.0,19.0,0.0,0.0,0.0,2.0,1.0,0.0,0.0,2.0,0.0,0.0,0.0,0.0,0.0,0.0,0.0,0.0,0.0,0.0,3.0,4.0,0.0,0.0,8.0,8.0,0.0,0.0,9.0,12.0,3,5
878,202210030810,2.0,2.0,4.0,16.0,0.0,0.0,0.0,2.0,0.0,0.0,0.0,0.0,2.0,1.0,4.0,13.0,0.0,0.0,0.0,2.0,0.0,0.0,0.0,0.0,0.0,0.0,0.0,2.0,0.0,0.0,0.0,1.0,0.0,0.0,0.0,0.0,0.0,0.0,5.0,3.0,0.0,0.0,12.0,10.0,0.0,0.0,10.0,11.0,6,11
879,202210030810,0.0,1.0,1.0,9.0,0.0,0.0,0.0,0.0,0.0,0.0,0.0,0.0,0.0,1.0,0.0,7.0,0.0,0.0,0.0,0.0,0.0,0.0,0.0,0.0,0.0,0.0,0.0,0.0,0.0,0.0,0.0,0.0,0.0,0.0,0.0,0.0,0.0,0.0,130.0,11.0,0.0,0.0,50.0,1.0,0.0,0.0,30.0,5.0,1,2
880,202210030810,2.0,2.0,3.0,24.0,1.0,0.0,3.0,35.0,0.0,0.0,1.0,2.0,2.0,2.0,3.0,18.0,0.0,0.0,3.0,26.0,0.0,0.0,1.0,2.0,0.0,1.0,0.0,1.0,0.0,0.0,0.0,2.0,0.0,0.0,0.0,0.0,0.0,0.0,5.0,7.0,0.0,0.0,16.0,13.0,0.0,0.0,16.0,15.0,2,4
881,202210030810,3.0,2.0,5.0,25.0,2.0,1.0,0.0,9.0,0.0,0.0,0.0,1.0,3.0,2.0,3.0,18.0,1.0,0.0,0.0,7.0,0.0,0.0,0.0,1.0,2.0,0.0,0.0,0.0,0.0,0.0,0.0,0.0,0.0,0.0,0.0,0.0,0.0,0.0,50.0,15.0,0.0,0.0,60.0,6.0,0.0,0.0,30.0,7.0,7,14
882,202210040106,1.0,0.0,0.0,12.0,7.0,3.0,1.0,25.0,0.0,0.0,0.0,0.0,0.0,0.0,0.0,8.0,5.0,2.0,1.0,19.0,0.0,0.0,0.0,0.0,0.0,0.0,0.0,1.0,0.0,1.0,1.0,14.0,0.0,0.0,0.0,0.0,0.0,0.0,3.0,10.0,0.0,0.0,4.0,16.0,0.0,0.0,5.0,14.0,3,6
883,202210040106,0.0,0.0,0.0,1.0,1.0,0.0,3.0,35.0,0.0,0.0,0.0,1.0,0.0,0.0,0.0,1.0,0.0,0.0,3.0,26.0,0.0,0.0,0.0,1.0,0.0,0.0,0.0,0.0,0.0,0.0,2.0,12.0,0.0,0.0,0.0,0.0,0.0,0.0,3.0,9.0,0.0,0.0,8.0,11.0,0.0,0.0,5.0,9.0,5,9
884,202210040106,0.0,0.0,0.0,7.0,2.0,5.0,7.0,37.0,0.0,0.0,0.0,2.0,0.0,0.0,0.0,6.0,2.0,4.0,4.0,29.0,0.0,0.0,0.0,2.0,0.0,0.0,0.0,3.0,2.0,3.0,3.0,12.0,0.0,0.0,0.0,0.0,0.0,0.0,10.0,14.0,0.0,0.0,8.0,3.0,0.0,0.0,2.0,4.0,1,2
885,202210040106,0.0,0.0,0.0,13.0,1.0,1.0,1.0,2.0,0.0,0.0,0.0,0.0,0.0,0.0,0.0,11.0,0.0,1.0,1.0,1.0,0.0,0.0,0.0,0.0,0.0,0.0,0.0,8.0,0.0,1.0,1.0,0.0,0.0,0.0,0.0,0.0,0.0,0.0,3.0,7.0,0.0,0.0,3.0,5.0,0.0,0.0,3.0,4.0,5,10
886,202210040106,0.0,0.0,0.0,1.0,1.0,0.0,3.0,35.0,0.0,0.0,0.0,0.0,0.0,0.0,0.0,0.0,0.0,0.0,3.0,26.0,0.0,0.0,0.0,0.0,0.0,0.0,0.0,0.0,0.0,0.0,2.0,12.0,0.0,0.0,0.0,0.0,0.0,0.0,90.0,5.0,0.0,0.0,70.0,5.0,0.0,0.0,30.0,7.0,7,14
887,202210040106,3.0,2.0,5.0,25.0,1.0,3.0,1.0,44.0,0.0,0.0,0.0,0.0,3.0,2.0,3.0,18.0,1.0,2.0,1.0,37.0,0.0,0.0,0.0,0.0,1.0,1.0,2.0,14.0,0.0,0.0,0.0,17.0,0.0,0.0,0.0,0.0,0.0,0.0,5.0,5.0,0.0,0.0,7.0,6.0,0.0,0.0,4.0,9.0,7,13
888,202210040106,1.0,3.0,7.0,28.0,0.0,0.0,0.0,0.0,0.0,0.0,0.0,0.0,0.0,1.0,5.0,18.0,0.0,0.0,0.0,0.0,0.0,0.0,0.0,0.0,0.0,0.0,4.0,14.0,0.0,0.0,0.0,0.0,0.0,0.0,0.0,0.0,0.0,0.0,6.0,5.0,0.0,0.0,4.0,7.0,0.0,0.0,4.0,3.0,4,8
889,202210040106,1.0,0.0,0.0,5.0,0.0,0.0,0.0,0.0,0.0,0.0,0.0,0.0,0.0,0.0,0.0,1.0,0.0,0.0,0.0,0.0,0.0,0.0,0.0,0.0,0.0,0.0,0.0,1.0,0.0,0.0,0.0,0.0,0.0,0.0,0.0,0.0,0.0,0.0,100.0,120.0,0.0,0.0,140.0,80.0,0.0,0.0,100.0,90.0,1,1
890,202210040106,0.0,0.0,0.0,1.0,1.0,0.0,3.0,35.0,0.0,0.0,0.0,1.0,0.0,0.0,0.0,1.0,0.0,0.0,3.0,26.0,0.0,0.0,0.0,1.0,0.0,0.0,0.0,0.0,0.0,0.0,2.0,12.0,0.0,0.0,0.0,0.0,0.0,0.0,3.0,9.0,0.0,0.0,15.0,9.0,0.0,0.0,14.0,8.0,6,11
891,202210040106,0.0,3.0,0.0,16.0,0.0,0.0,0.0,0.0,0.0,0.0,0.0,0.0,0.0,3.0,0.0,15.0,0.0,0.0,0.0,0.0,0.0,0.0,0.0,0.0,0.0,2.0,0.0,7.0,0.0,0.0,0.0,0.0,0.0,0.0,0.0,0.0,0.0,0.0,12.0,12.0,0.0,0.0,14.0,14.0,0.0,0.0,11.0,11.0,8,15
892,202210040106,0.0,1.0,0.0,1.0,0.0,0.0,0.0,0.0,0.0,0.0,0.0,0.0,0.0,1.0,0.0,1.0,0.0,0.0,0.0,0.0,0.0,0.0,0.0,0.0,0.0,0.0,0.0,1.0,0.0,0.0,0.0,0.0,0.0,0.0,0.0,0.0,0.0,0.0,10.0,10.0,0.0,0.0,12.0,11.0,,,,,2,3
893,202210040106,3.0,2.0,5.0,25.0,0.0,0.0,0.0,1.0,0.0,0.0,0.0,0.0,3.0,2.0,3.0,18.0,0.0,0.0,0.0,1.0,0.0,0.0,0.0,0.0,1.0,1.0,2.0,14.0,0.0,0.0,0.0,1.0,0.0,0.0,0.0,0.0,0.0,0.0,8.0,7.0,0.0,0.0,11.0,11.0,0.0,0.0,15.0,14.0,6,12
894,202210040106,0.0,1.0,0.0,0.0,1.0,4.0,2.0,26.0,0.0,0.0,0.0,0.0,0.0,1.0,0.0,0.0,1.0,4.0,2.0,19.0,0.0,0.0,0.0,0.0,0.0,0.0,0.0,0.0,0.0,2.0,1.0,15.0,0.0,0.0,0.0,0.0,0.0,0.0,3.0,6.0,0.0,0.0,5.0,13.0,0.0,0.0,2.0,5.0,3,5
895,202210040106,0.0,0.0,2.0,11.0,0.0,2.0,0.0,9.0,0.0,0.0,0.0,0.0,0.0,0.0,0.0,8.0,0.0,0.0,0.0,7.0,0.0,0.0,0.0,0.0,0.0,0.0,0.0,4.0,0.0,0.0,0.0,4.0,0.0,0.0,0.0,0.0,0.0,0.0,16.0,14.0,0.0,0.0,11.0,12.0,0.0,0.0,10.0,5.0,4,7
896,202210040106,0.0,2.0,2.0,11.0,3.0,1.0,1.0,17.0,0.0,0.0,0.0,0.0,0.0,1.0,2.0,9.0,3.0,1.0,1.0,12.0,0.0,0.0,0.0,0.0,0.0,1.0,0.0,5.0,2.0,0.0,1.0,8.0,0.0,0.0,0.0,0.0,0.0,0.0,3.0,4.0,0.0,0.0,13.0,15.0,0.0,0.0,9.0,13.0,8,16
897,202210040106,0.0,0.0,1.0,19.0,7.0,3.0,1.0,25.0,0.0,0.0,0.0,1.0,0.0,0.0,0.0,10.0,5.0,2.0,1.0,19.0,0.0,0.0,0.0,1.0,0.0,0.0,0.0,7.0,0.0,1.0,1.0,14.0,0.0,0.0,0.0,0.0,0.0,0.0,3.0,5.0,0.0,0.0,9.0,16.0,0.0,0.0,8.0,10.0,2,4
898,202210040108,0.0,0.0,0.0,0.0,0.0,0.0,1.0,3.0,0.0,0.0,0.0,0.0,0.0,0.0,0.0,0.0,0.0,0.0,0.0,3.0,0.0,0.0,0.0,0.0,0.0,0.0,0.0,0.0,0.0,0.0,0.0,1.0,0.0,0.0,0.0,0.0,0.0,0.0,70.0,4.0,0.0,0.0,140.0,3.0,0.0,0.0,80.0,4.0,5,9
899,202210040108,1.0,2.0,2.0,15.0,2.0,5.0,7.0,37.0,0.0,0.0,0.0,3.0,1.0,2.0,2.0,13.0,2.0,4.0,4.0,29.0,0.0,0.0,0.0,3.0,0.0,0.0,1.0,6.0,0.0,0.0,0.0,11.0,0.0,0.0,0.0,0.0,0.0,0.0,6.0,7.0,0.0,0.0,6.0,2.0,0.0,0.0,7.0,7.0,1,2
900,202210040108,1.0,0.0,1.0,13.0,1.0,2.0,2.0,23.0,0.0,0.0,0.0,0.0,1.0,0.0,1.0,7.0,1.0,2.0,2.0,17.0,0.0,0.0,0.0,0.0,0.0,0.0,1.0,2.0,0.0,1.0,1.0,2.0,0.0,0.0,0.0,0.0,0.0,0.0,140.0,12.0,0.0,0.0,7.0,12.0,0.0,0.0,6.0,7.0,6,11
901,202210040108,0.0,1.0,0.0,0.0,1.0,4.0,2.0,26.0,0.0,0.0,0.0,0.0,0.0,1.0,0.0,0.0,1.0,4.0,2.0,19.0,0.0,0.0,0.0,0.0,0.0,0.0,0.0,0.0,1.0,1.0,1.0,3.0,0.0,0.0,0.0,0.0,0.0,0.0,80.0,7.0,0.0,0.0,7.0,1.0,0.0,0.0,10.0,10.0,2,3
902,202210040108,2.0,7.0,2.0,29.0,0.0,1.0,0.0,4.0,0.0,0.0,0.0,0.0,1.0,0.0,1.0,20.0,0.0,1.0,0.0,4.0,0.0,0.0,0.0,0.0,1.0,0.0,0.0,3.0,0.0,0.0,0.0,1.0,0.0,0.0,0.0,0.0,0.0,0.0,140.0,5.0,0.0,0.0,80.0,6.0,0.0,0.0,80.0,7.0,3,5
903,202210040108,2.0,7.0,2.0,29.0,0.0,0.0,0.0,2.0,0.0,0.0,0.0,0.0,1.0,0.0,1.0,20.0,0.0,0.0,0.0,0.0,0.0,0.0,0.0,0.0,1.0,0.0,0.0,3.0,0.0,0.0,0.0,0.0,0.0,0.0,0.0,0.0,0.0,0.0,11.0,11.0,0.0,0.0,11.0,7.0,0.0,0.0,14.0,7.0,8,15
904,202210040108,3.0,4.0,2.0,26.0,1.0,0.0,0.0,0.0,1.0,0.0,0.0,0.0,3.0,2.0,1.0,18.0,1.0,0.0,0.0,0.0,1.0,0.0,0.0,0.0,0.0,1.0,0.0,2.0,0.0,0.0,0.0,0.0,0.0,0.0,0.0,0.0,0.0,0.0,3.0,7.0,0.0,0.0,4.0,14.0,0.0,0.0,8.0,6.0,8,16
905,202210040108,1.0,0.0,2.0,5.0,0.0,0.0,0.0,1.0,0.0,0.0,0.0,0.0,0.0,0.0,2.0,4.0,0.0,0.0,0.0,1.0,0.0,0.0,0.0,0.0,0.0,0.0,0.0,0.0,0.0,0.0,0.0,0.0,0.0,0.0,0.0,0.0,0.0,0.0,,,0.0,0.0,100.0,11.0,0.0,0.0,130.0,12.0,1,1
906,202210040108,7.0,2.0,1.0,21.0,1.0,0.0,3.0,35.0,1.0,0.0,0.0,4.0,5.0,0.0,0.0,17.0,0.0,0.0,3.0,26.0,0.0,0.0,0.0,4.0,2.0,0.0,0.0,7.0,0.0,0.0,1.0,10.0,0.0,0.0,0.0,1.0,0.0,0.0,10.0,1.0,0.0,0.0,30.0,9.0,0.0,0.0,80.0,3.0,3,6
907,202210040108,0.0,0.0,0.0,1.0,1.0,0.0,0.0,1.0,0.0,0.0,0.0,0.0,0.0,0.0,0.0,1.0,1.0,0.0,0.0,1.0,0.0,0.0,0.0,0.0,0.0,0.0,0.0,1.0,0.0,0.0,0.0,0.0,0.0,0.0,0.0,0.0,0.0,0.0,9.0,7.0,0.0,0.0,10.0,10.0,0.0,0.0,12.0,11.0,2,4
908,202210040108,4.0,4.0,2.0,32.0,1.0,0.0,0.0,6.0,0.0,0.0,0.0,0.0,0.0,3.0,1.0,21.0,1.0,0.0,0.0,5.0,0.0,0.0,0.0,0.0,0.0,1.0,0.0,9.0,0.0,0.0,0.0,0.0,0.0,0.0,0.0,0.0,0.0,0.0,160.0,16.0,0.0,0.0,150.0,11.0,0.0,0.0,100.0,11.0,4,7
909,202210040108,0.0,0.0,0.0,1.0,0.0,0.0,0.0,3.0,0.0,0.0,0.0,0.0,0.0,0.0,0.0,0.0,0.0,0.0,0.0,0.0,0.0,0.0,0.0,0.0,0.0,0.0,0.0,0.0,0.0,0.0,0.0,0.0,0.0,0.0,0.0,0.0,0.0,0.0,6.0,,0.0,0.0,14.0,12.0,0.0,0.0,8.0,7.0,6,12
910,202210040108,0.0,0.0,0.0,13.0,5.0,4.0,1.0,46.0,0.0,0.0,0.0,2.0,0.0,0.0,0.0,11.0,3.0,2.0,1.0,36.0,0.0,0.0,0.0,2.0,0.0,0.0,0.0,2.0,1.0,0.0,1.0,14.0,0.0,0.0,0.0,1.0,0.0,0.0,2.0,4.0,0.0,0.0,6.0,9.0,0.0,0.0,8.0,6.0,5,10
911,202210040108,0.0,1.0,1.0,9.0,5.0,2.0,2.0,35.0,0.0,0.0,0.0,0.0,0.0,1.0,0.0,7.0,3.0,2.0,2.0,24.0,0.0,0.0,0.0,0.0,0.0,0.0,0.0,2.0,0.0,0.0,1.0,8.0,0.0,0.0,0.0,0.0,0.0,0.0,20.0,3.0,0.0,0.0,20.0,9.0,0.0,0.0,20.0,2.0,4,8
912,202210040108,1.0,3.0,7.0,28.0,2.0,0.0,1.0,24.0,0.0,0.0,0.0,2.0,0.0,1.0,5.0,18.0,2.0,0.0,1.0,18.0,0.0,0.0,0.0,1.0,0.0,0.0,0.0,3.0,1.0,0.0,0.0,3.0,0.0,0.0,0.0,0.0,0.0,0.0,5.0,10.0,0.0,0.0,16.0,15.0,0.0,0.0,10.0,11.0,7,13
913,202210040108,0.0,0.0,0.0,1.0,1.0,1.0,1.0,11.0,0.0,0.0,0.0,0.0,0.0,0.0,0.0,0.0,1.0,0.0,0.0,7.0,0.0,0.0,0.0,0.0,0.0,0.0,0.0,0.0,0.0,0.0,0.0,2.0,0.0,0.0,0.0,0.0,0.0,0.0,6.0,7.0,0.0,0.0,13.0,13.0,0.0,0.0,5.0,9.0,7,14
914,202210040111,0.0,0.0,0.0,2.0,1.0,0.0,0.0,2.0,0.0,0.0,0.0,1.0,0.0,0.0,0.0,2.0,1.0,0.0,0.0,2.0,0.0,0.0,0.0,1.0,0.0,0.0,0.0,0.0,0.0,0.0,0.0,0.0,0.0,0.0,0.0,0.0,0.0,0.0,4.0,4.0,0.0,0.0,14.0,11.0,0.0,0.0,4.0,1.0,7,8
915,202210040111,0.0,1.0,1.0,2.0,2.0,0.0,1.0,24.0,0.0,0.0,0.0,0.0,0.0,1.0,0.0,2.0,2.0,0.0,1.0,18.0,0.0,0.0,0.0,0.0,0.0,0.0,0.0,1.0,0.0,0.0,0.0,0.0,0.0,0.0,0.0,0.0,0.0,0.0,16.0,16.0,0.0,0.0,13.0,10.0,0.0,0.0,12.0,12.0,7,9
916,202210040111,0.0,0.0,0.0,1.0,0.0,0.0,0.0,0.0,0.0,0.0,0.0,0.0,0.0,0.0,0.0,1.0,0.0,0.0,0.0,0.0,0.0,0.0,0.0,0.0,0.0,0.0,0.0,0.0,0.0,0.0,0.0,0.0,0.0,0.0,0.0,0.0,0.0,0.0,4.0,3.0,0.0,0.0,17.0,18.0,0.0,0.0,12.0,8.0,6,6
917,202210040111,3.0,4.0,2.0,26.0,2.0,2.0,3.0,25.0,0.0,0.0,0.0,0.0,3.0,2.0,1.0,18.0,1.0,2.0,2.0,20.0,0.0,0.0,0.0,0.0,0.0,0.0,0.0,0.0,0.0,0.0,0.0,0.0,0.0,0.0,0.0,0.0,0.0,0.0,3.0,4.0,0.0,0.0,15.0,10.0,0.0,0.0,11.0,12.0,1,1
918,202210040111,0.0,0.0,0.0,0.0,0.0,0.0,0.0,0.0,0.0,0.0,0.0,0.0,0.0,0.0,0.0,0.0,0.0,0.0,0.0,0.0,0.0,0.0,0.0,0.0,0.0,0.0,0.0,0.0,0.0,0.0,0.0,0.0,0.0,0.0,0.0,0.0,0.0,0.0,50.0,5.0,0.0,0.0,80.0,9.0,0.0,0.0,90.0,6.0,4,4
919,202210040111,0.0,0.0,0.0,3.0,2.0,0.0,1.0,24.0,0.0,0.0,0.0,0.0,0.0,0.0,0.0,0.0,2.0,0.0,1.0,18.0,0.0,0.0,0.0,0.0,0.0,0.0,0.0,0.0,0.0,0.0,0.0,0.0,0.0,0.0,0.0,0.0,0.0,0.0,,,0.0,0.0,150.0,15.0,0.0,0.0,130.0,10.0,8,10
920,202210040111,0.0,1.0,1.0,14.0,0.0,2.0,0.0,9.0,0.0,0.0,0.0,0.0,0.0,1.0,1.0,10.0,0.0,0.0,0.0,7.0,0.0,0.0,0.0,0.0,0.0,1.0,0.0,3.0,0.0,0.0,0.0,0.0,0.0,0.0,0.0,0.0,0.0,0.0,10.0,1.0,0.0,0.0,160.0,16.0,0.0,0.0,150.0,12.0,8,11
921,202210040111,0.0,1.0,1.0,14.0,2.0,4.0,4.0,26.0,0.0,0.0,0.0,1.0,0.0,1.0,1.0,10.0,0.0,3.0,2.0,15.0,0.0,0.0,0.0,1.0,0.0,1.0,0.0,3.0,0.0,0.0,0.0,0.0,0.0,0.0,0.0,0.0,0.0,0.0,90.0,100.0,0.0,0.0,130.0,120.0,0.0,0.0,110.0,80.0,6,7
922,202210040111,0.0,2.0,0.0,5.0,1.0,1.0,1.0,11.0,0.0,0.0,0.0,1.0,0.0,1.0,0.0,4.0,1.0,0.0,0.0,7.0,0.0,0.0,0.0,1.0,0.0,0.0,0.0,2.0,0.0,0.0,0.0,1.0,0.0,0.0,0.0,1.0,0.0,0.0,3.0,4.0,0.0,0.0,15.0,13.0,0.0,0.0,8.0,9.0,5,5
923,202210040111,1.0,1.0,2.0,16.0,0.0,0.0,0.0,1.0,0.0,0.0,0.0,0.0,0.0,1.0,2.0,15.0,0.0,0.0,0.0,1.0,0.0,0.0,0.0,0.0,0.0,0.0,0.0,1.0,0.0,0.0,0.0,0.0,0.0,0.0,0.0,0.0,0.0,0.0,60.0,7.0,0.0,0.0,150.0,11.0,0.0,0.0,100.0,10.0,3,3
924,202210040111,1.0,3.0,7.0,28.0,1.0,3.0,1.0,44.0,0.0,0.0,0.0,0.0,0.0,1.0,5.0,18.0,1.0,2.0,1.0,37.0,0.0,0.0,0.0,0.0,0.0,0.0,0.0,0.0,0.0,0.0,0.0,0.0,0.0,0.0,0.0,0.0,0.0,0.0,7.0,5.0,0.0,0.0,14.0,9.0,0.0,0.0,11.0,11.0,2,2
925,202210040203,4.0,0.0,3.0,42.0,2.0,3.0,0.0,14.0,1.0,0.0,0.0,0.0,4.0,0.0,3.0,39.0,2.0,2.0,0.0,10.0,1.0,0.0,0.0,0.0,2.0,0.0,1.0,16.0,1.0,0.0,0.0,8.0,0.0,0.0,0.0,0.0,0.0,0.0,50.0,3.0,0.0,0.0,140.0,5.0,0.0,0.0,130.0,5.0,8,16
926,202210040203,2.0,1.0,2.0,10.0,5.0,2.0,2.0,35.0,0.0,0.0,0.0,0.0,2.0,1.0,2.0,10.0,3.0,2.0,2.0,24.0,0.0,0.0,0.0,0.0,1.0,0.0,0.0,7.0,1.0,0.0,0.0,10.0,0.0,0.0,0.0,0.0,0.0,0.0,90.0,7.0,0.0,0.0,90.0,9.0,0.0,0.0,90.0,5.0,1,2
927,202210040203,4.0,0.0,3.0,42.0,0.0,2.0,3.0,19.0,0.0,0.0,1.0,1.0,4.0,0.0,3.0,39.0,0.0,1.0,2.0,12.0,0.0,0.0,1.0,1.0,2.0,0.0,1.0,16.0,0.0,0.0,0.0,4.0,0.0,0.0,0.0,0.0,0.0,0.0,80.0,4.0,0.0,0.0,120.0,5.0,,,,,2,4
928,202210040203,3.0,2.0,5.0,25.0,2.0,2.0,3.0,25.0,0.0,0.0,0.0,1.0,3.0,2.0,3.0,18.0,1.0,2.0,2.0,20.0,0.0,0.0,0.0,1.0,1.0,1.0,2.0,14.0,0.0,1.0,2.0,5.0,0.0,0.0,0.0,0.0,0.0,0.0,20.0,4.0,0.0,0.0,10.0,5.0,0.0,0.0,40.0,2.0,1,1
929,202210040203,0.0,0.0,0.0,6.0,0.0,0.0,0.0,1.0,0.0,0.0,0.0,0.0,0.0,0.0,0.0,5.0,0.0,0.0,0.0,1.0,0.0,0.0,0.0,0.0,0.0,0.0,0.0,4.0,0.0,0.0,0.0,0.0,0.0,0.0,0.0,0.0,0.0,0.0,10.0,20.0,0.0,0.0,130.0,140.0,0.0,0.0,90.0,150.0,4,8
930,202210040203,0.0,0.0,0.0,0.0,1.0,0.0,0.0,6.0,0.0,0.0,0.0,0.0,0.0,0.0,0.0,0.0,1.0,0.0,0.0,5.0,0.0,0.0,0.0,0.0,0.0,0.0,0.0,0.0,0.0,0.0,0.0,4.0,0.0,0.0,0.0,0.0,0.0,0.0,4.0,5.0,0.0,0.0,4.0,6.0,0.0,0.0,3.0,6.0,6,11
931,202210040203,7.0,2.0,1.0,21.0,0.0,0.0,0.0,1.0,0.0,0.0,0.0,1.0,5.0,0.0,0.0,17.0,0.0,0.0,0.0,1.0,0.0,0.0,0.0,1.0,1.0,0.0,0.0,5.0,0.0,0.0,0.0,0.0,0.0,0.0,0.0,0.0,0.0,0.0,60.0,5.0,0.0,0.0,70.0,7.0,0.0,0.0,140.0,4.0,2,3
932,202210040203,1.0,1.0,2.0,16.0,1.0,0.0,0.0,2.0,0.0,0.0,0.0,1.0,0.0,1.0,2.0,15.0,1.0,0.0,0.0,2.0,0.0,0.0,0.0,1.0,0.0,0.0,2.0,6.0,1.0,0.0,0.0,1.0,0.0,0.0,0.0,1.0,0.0,0.0,1.0,8.0,0.0,0.0,2.0,4.0,0.0,0.0,1.0,4.0,5,10
933,202210040203,1.0,2.0,1.0,11.0,4.0,3.0,5.0,26.0,0.0,0.0,0.0,1.0,1.0,2.0,1.0,11.0,1.0,3.0,1.0,19.0,0.0,0.0,0.0,1.0,1.0,2.0,0.0,3.0,0.0,2.0,1.0,6.0,0.0,0.0,0.0,1.0,0.0,0.0,9.0,9.0,0.0,0.0,11.0,10.0,0.0,0.0,7.0,5.0,3,5
934,202210040203,0.0,0.0,0.0,6.0,0.0,0.0,0.0,1.0,0.0,0.0,0.0,1.0,0.0,0.0,0.0,5.0,0.0,0.0,0.0,1.0,0.0,0.0,0.0,1.0,0.0,0.0,0.0,4.0,0.0,0.0,0.0,1.0,0.0,0.0,0.0,1.0,0.0,0.0,2.0,4.0,0.0,0.0,16.0,10.0,0.0,0.0,8.0,15.0,6,12
935,202210040203,0.0,0.0,0.0,3.0,4.0,3.0,5.0,26.0,0.0,0.0,0.0,0.0,0.0,0.0,0.0,1.0,1.0,3.0,1.0,19.0,0.0,0.0,0.0,0.0,0.0,0.0,0.0,0.0,0.0,2.0,1.0,6.0,0.0,0.0,0.0,0.0,0.0,0.0,4.0,4.0,0.0,0.0,3.0,4.0,0.0,0.0,10.0,2.0,3,6
936,202210040203,0.0,0.0,0.0,12.0,5.0,4.0,1.0,46.0,0.0,0.0,0.0,0.0,0.0,0.0,0.0,10.0,3.0,2.0,1.0,36.0,0.0,0.0,0.0,0.0,0.0,0.0,0.0,4.0,2.0,0.0,0.0,10.0,0.0,0.0,0.0,0.0,0.0,0.0,11.0,12.0,0.0,0.0,14.0,16.0,0.0,0.0,15.0,15.0,7,13
937,202210040203,0.0,2.0,0.0,1.0,0.0,0.0,1.0,1.0,0.0,0.0,0.0,0.0,0.0,1.0,0.0,0.0,0.0,0.0,1.0,1.0,0.0,0.0,0.0,0.0,0.0,1.0,0.0,0.0,0.0,0.0,1.0,1.0,0.0,0.0,0.0,0.0,0.0,0.0,8.0,2.0,0.0,0.0,14.0,13.0,0.0,0.0,11.0,8.0,5,9
938,202210040203,1.0,0.0,0.0,13.0,2.0,4.0,4.0,26.0,0.0,0.0,0.0,1.0,0.0,0.0,0.0,11.0,0.0,3.0,2.0,15.0,0.0,0.0,0.0,1.0,0.0,0.0,0.0,6.0,0.0,3.0,1.0,8.0,0.0,0.0,0.0,1.0,0.0,0.0,30.0,50.0,0.0,0.0,120.0,140.0,0.0,0.0,150.0,150.0,8,15
939,202210040203,0.0,0.0,0.0,0.0,1.0,0.0,3.0,35.0,0.0,0.0,0.0,0.0,0.0,0.0,0.0,0.0,0.0,0.0,3.0,26.0,0.0,0.0,0.0,0.0,0.0,0.0,0.0,0.0,0.0,0.0,2.0,12.0,0.0,0.0,0.0,0.0,0.0,0.0,1.0,,0.0,0.0,9.0,15.0,0.0,0.0,11.0,13.0,7,14
940,202210040203,0.0,0.0,0.0,1.0,7.0,3.0,1.0,25.0,0.0,0.0,0.0,0.0,0.0,0.0,0.0,1.0,5.0,2.0,1.0,19.0,0.0,0.0,0.0,0.0,0.0,0.0,0.0,1.0,0.0,1.0,1.0,14.0,0.0,0.0,0.0,0.0,0.0,0.0,9.0,8.0,0.0,0.0,13.0,16.0,0.0,0.0,13.0,14.0,4,7
941,202210040206,0.0,0.0,0.0,5.0,0.0,0.0,0.0,0.0,0.0,0.0,0.0,0.0,0.0,0.0,0.0,4.0,0.0,0.0,0.0,0.0,0.0,0.0,0.0,0.0,0.0,0.0,0.0,3.0,0.0,0.0,0.0,0.0,0.0,0.0,0.0,0.0,0.0,0.0,2.0,1.0,0.0,0.0,9.0,12.0,0.0,0.0,12.0,15.0,2,4
942,202210040206,0.0,0.0,0.0,3.0,0.0,0.0,2.0,13.0,0.0,0.0,0.0,0.0,0.0,0.0,0.0,1.0,0.0,0.0,2.0,12.0,0.0,0.0,0.0,0.0,0.0,0.0,0.0,1.0,0.0,0.0,2.0,5.0,0.0,0.0,0.0,0.0,0.0,0.0,60.0,3.0,0.0,0.0,70.0,5.0,0.0,0.0,70.0,13.0,1,1
943,202210040206,0.0,0.0,0.0,13.0,2.0,4.0,4.0,26.0,0.0,0.0,0.0,0.0,0.0,0.0,0.0,11.0,0.0,3.0,2.0,15.0,0.0,0.0,0.0,0.0,0.0,0.0,0.0,8.0,0.0,3.0,1.0,8.0,0.0,0.0,0.0,0.0,0.0,0.0,16.0,16.0,0.0,0.0,13.0,2.0,0.0,0.0,7.0,5.0,4,7
944,202210040206,2.0,1.0,2.0,4.0,3.0,2.0,1.0,34.0,0.0,0.0,0.0,0.0,1.0,1.0,1.0,4.0,3.0,1.0,0.0,28.0,0.0,0.0,0.0,0.0,0.0,1.0,0.0,4.0,0.0,0.0,0.0,13.0,0.0,0.0,0.0,0.0,0.0,0.0,2.0,2.0,0.0,0.0,14.0,12.0,0.0,0.0,12.0,16.0,8,15
945,202210040206,2.0,1.0,2.0,10.0,5.0,2.0,2.0,35.0,0.0,0.0,0.0,0.0,2.0,1.0,2.0,10.0,3.0,2.0,2.0,24.0,0.0,0.0,0.0,0.0,1.0,0.0,0.0,7.0,1.0,0.0,0.0,10.0,0.0,0.0,0.0,0.0,0.0,0.0,1.0,1.0,0.0,0.0,12.0,12.0,0.0,0.0,10.0,5.0,1,2
946,202210040206,1.0,0.0,0.0,5.0,0.0,0.0,0.0,1.0,0.0,0.0,0.0,0.0,0.0,0.0,0.0,1.0,0.0,0.0,0.0,1.0,0.0,0.0,0.0,0.0,0.0,0.0,0.0,1.0,0.0,0.0,0.0,0.0,0.0,0.0,0.0,0.0,0.0,0.0,3.0,4.0,0.0,0.0,3.0,6.0,0.0,0.0,6.0,12.0,6,11
947,202210040206,0.0,0.0,1.0,6.0,3.0,3.0,4.0,17.0,0.0,0.0,0.0,0.0,0.0,0.0,1.0,6.0,2.0,3.0,4.0,9.0,0.0,0.0,0.0,0.0,0.0,0.0,1.0,4.0,1.0,2.0,2.0,5.0,0.0,0.0,0.0,0.0,0.0,0.0,5.0,7.0,0.0,0.0,12.0,7.0,0.0,0.0,11.0,13.0,6,12
948,202210040206,0.0,1.0,1.0,10.0,7.0,3.0,1.0,25.0,0.0,0.0,0.0,0.0,0.0,1.0,1.0,7.0,5.0,2.0,1.0,19.0,0.0,0.0,0.0,0.0,0.0,0.0,0.0,5.0,0.0,1.0,1.0,14.0,0.0,0.0,0.0,0.0,0.0,0.0,1.0,1.0,0.0,0.0,7.0,8.0,0.0,0.0,10.0,9.0,7,13
949,202210040206,1.0,0.0,0.0,12.0,5.0,4.0,1.0,46.0,0.0,0.0,0.0,0.0,0.0,0.0,0.0,8.0,3.0,2.0,1.0,36.0,0.0,0.0,0.0,0.0,0.0,0.0,0.0,1.0,2.0,0.0,0.0,10.0,0.0,0.0,0.0,0.0,0.0,0.0,50.0,120.0,0.0,0.0,40.0,90.0,0.0,0.0,70.0,60.0,8,16
950,202210040206,0.0,1.0,1.0,2.0,0.0,0.0,0.0,0.0,0.0,0.0,0.0,0.0,0.0,1.0,0.0,2.0,0.0,0.0,0.0,0.0,0.0,0.0,0.0,0.0,0.0,1.0,0.0,0.0,0.0,0.0,0.0,0.0,0.0,0.0,0.0,0.0,0.0,0.0,40.0,9.0,0.0,0.0,80.0,4.0,0.0,0.0,60.0,10.0,4,8
951,202210040206,0.0,0.0,1.0,6.0,5.0,2.0,2.0,35.0,0.0,0.0,0.0,0.0,0.0,0.0,1.0,6.0,3.0,2.0,2.0,24.0,0.0,0.0,0.0,0.0,0.0,0.0,1.0,4.0,1.0,0.0,0.0,10.0,0.0,0.0,0.0,0.0,0.0,0.0,60.0,10.0,0.0,0.0,160.0,10.0,0.0,0.0,140.0,11.0,5,9
952,202210040206,0.0,3.0,4.0,6.0,0.0,0.0,0.0,1.0,0.0,0.0,0.0,0.0,0.0,2.0,3.0,5.0,0.0,0.0,0.0,1.0,0.0,0.0,0.0,0.0,0.0,0.0,3.0,0.0,0.0,0.0,0.0,0.0,0.0,0.0,0.0,0.0,0.0,0.0,13.0,12.0,0.0,0.0,9.0,9.0,0.0,0.0,12.0,12.0,2,3
953,202210040206,1.0,0.0,0.0,5.0,7.0,3.0,1.0,25.0,0.0,0.0,0.0,0.0,0.0,0.0,0.0,1.0,5.0,2.0,1.0,19.0,0.0,0.0,0.0,0.0,0.0,0.0,0.0,1.0,0.0,1.0,1.0,14.0,0.0,0.0,0.0,0.0,0.0,0.0,8.0,9.0,0.0,0.0,11.0,13.0,0.0,0.0,9.0,11.0,3,6
954,202210040206,2.0,5.0,0.0,23.0,0.0,0.0,0.0,0.0,0.0,0.0,0.0,0.0,1.0,4.0,0.0,15.0,0.0,0.0,0.0,0.0,0.0,0.0,0.0,0.0,1.0,0.0,0.0,10.0,0.0,0.0,0.0,0.0,0.0,0.0,0.0,0.0,0.0,0.0,120.0,14.0,0.0,0.0,,,0.0,0.0,50.0,9.0,5,10
955,202210040206,0.0,0.0,0.0,7.0,0.0,0.0,0.0,0.0,0.0,0.0,0.0,0.0,0.0,0.0,0.0,6.0,0.0,0.0,0.0,0.0,0.0,0.0,0.0,0.0,0.0,0.0,0.0,3.0,0.0,0.0,0.0,0.0,0.0,0.0,0.0,0.0,0.0,0.0,15.0,15.0,0.0,0.0,15.0,15.0,,,,,3,5
956,202210040206,0.0,3.0,0.0,16.0,0.0,0.0,0.0,5.0,0.0,0.0,0.0,0.0,0.0,3.0,0.0,15.0,0.0,0.0,0.0,3.0,0.0,0.0,0.0,0.0,0.0,2.0,0.0,7.0,0.0,0.0,0.0,1.0,0.0,0.0,0.0,0.0,0.0,0.0,,,0.0,0.0,50.0,8.0,0.0,0.0,50.0,10.0,7,14
957,202210040212,0.0,0.0,0.0,5.0,0.0,0.0,0.0,0.0,0.0,0.0,0.0,0.0,0.0,0.0,0.0,4.0,0.0,0.0,0.0,0.0,0.0,0.0,0.0,0.0,0.0,0.0,0.0,0.0,0.0,0.0,0.0,0.0,0.0,0.0,0.0,0.0,0.0,0.0,6.0,11.0,0.0,0.0,1.0,1.0,0.0,0.0,1.0,1.0,8,15
958,202210040212,0.0,0.0,1.0,6.0,2.0,2.0,3.0,25.0,0.0,0.0,0.0,1.0,0.0,0.0,1.0,6.0,1.0,2.0,2.0,20.0,0.0,0.0,0.0,1.0,0.0,0.0,0.0,0.0,0.0,0.0,0.0,4.0,0.0,0.0,0.0,0.0,0.0,0.0,60.0,1.0,0.0,0.0,150.0,8.0,0.0,0.0,70.0,8.0,5,9
959,202210040212,2.0,1.0,2.0,10.0,1.0,0.0,1.0,4.0,1.0,0.0,1.0,0.0,2.0,1.0,2.0,10.0,1.0,0.0,1.0,2.0,1.0,0.0,1.0,0.0,0.0,0.0,0.0,1.0,0.0,0.0,0.0,0.0,0.0,0.0,0.0,0.0,0.0,0.0,60.0,6.0,0.0,0.0,140.0,13.0,0.0,0.0,130.0,13.0,2,2
960,202210040212,0.0,0.0,0.0,3.0,1.0,0.0,3.0,35.0,0.0,0.0,0.0,0.0,0.0,0.0,0.0,1.0,0.0,0.0,3.0,26.0,0.0,0.0,0.0,0.0,0.0,0.0,0.0,0.0,0.0,0.0,0.0,2.0,0.0,0.0,0.0,0.0,0.0,0.0,3.0,2.0,0.0,0.0,2.0,2.0,0.0,0.0,11.0,2.0,3,5
961,202210040212,7.0,5.0,2.0,35.0,1.0,0.0,1.0,5.0,1.0,0.0,0.0,1.0,4.0,4.0,1.0,26.0,1.0,0.0,0.0,5.0,1.0,0.0,0.0,1.0,1.0,0.0,1.0,9.0,0.0,0.0,0.0,2.0,0.0,0.0,0.0,1.0,0.0,0.0,6.0,8.0,0.0,0.0,13.0,5.0,0.0,0.0,7.0,7.0,4,7
962,202210040212,9.0,4.0,4.0,24.0,1.0,3.0,1.0,44.0,0.0,0.0,0.0,0.0,7.0,3.0,3.0,18.0,1.0,2.0,1.0,37.0,0.0,0.0,0.0,0.0,0.0,0.0,1.0,4.0,0.0,0.0,0.0,6.0,0.0,0.0,0.0,0.0,0.0,0.0,8.0,11.0,0.0,0.0,7.0,15.0,0.0,0.0,10.0,8.0,7,12
963,202210040212,1.0,3.0,0.0,6.0,2.0,5.0,7.0,37.0,0.0,1.0,0.0,0.0,1.0,3.0,0.0,5.0,2.0,4.0,4.0,29.0,0.0,1.0,0.0,0.0,0.0,0.0,0.0,0.0,0.0,0.0,0.0,4.0,0.0,0.0,0.0,0.0,0.0,0.0,15.0,13.0,0.0,0.0,18.0,15.0,0.0,0.0,14.0,8.0,4,6
964,202210040212,2.0,0.0,3.0,15.0,2.0,2.0,3.0,25.0,0.0,0.0,0.0,0.0,0.0,0.0,1.0,7.0,1.0,2.0,2.0,20.0,0.0,0.0,0.0,0.0,0.0,0.0,0.0,0.0,0.0,0.0,0.0,4.0,0.0,0.0,0.0,0.0,0.0,0.0,9.0,12.0,0.0,0.0,11.0,6.0,0.0,0.0,14.0,11.0,1,1
965,202210040212,2.0,7.0,2.0,29.0,0.0,0.0,1.0,2.0,0.0,0.0,1.0,2.0,1.0,0.0,1.0,20.0,0.0,0.0,1.0,2.0,0.0,0.0,1.0,2.0,0.0,0.0,0.0,6.0,0.0,0.0,0.0,0.0,0.0,0.0,0.0,0.0,0.0,0.0,9.0,14.0,0.0,0.0,8.0,13.0,0.0,0.0,8.0,3.0,6,10
966,202210040212,0.0,0.0,0.0,6.0,2.0,5.0,7.0,37.0,0.0,0.0,0.0,0.0,0.0,0.0,0.0,5.0,2.0,4.0,4.0,29.0,0.0,0.0,0.0,0.0,0.0,0.0,0.0,0.0,0.0,0.0,0.0,4.0,0.0,0.0,0.0,0.0,0.0,0.0,7.0,6.0,0.0,0.0,13.0,11.0,0.0,0.0,9.0,11.0,3,4
967,202210040212,0.0,1.0,4.0,13.0,0.0,0.0,1.0,12.0,0.0,0.0,0.0,0.0,0.0,0.0,1.0,10.0,0.0,0.0,1.0,8.0,0.0,0.0,0.0,0.0,0.0,0.0,0.0,0.0,0.0,0.0,0.0,1.0,0.0,0.0,0.0,0.0,0.0,0.0,20.0,3.0,0.0,0.0,20.0,7.0,0.0,0.0,50.0,2.0,8,14
968,202210040212,1.0,0.0,0.0,5.0,0.0,0.0,0.0,0.0,0.0,0.0,0.0,0.0,0.0,0.0,0.0,1.0,0.0,0.0,0.0,0.0,0.0,0.0,0.0,0.0,0.0,0.0,0.0,0.0,0.0,0.0,0.0,0.0,0.0,0.0,0.0,0.0,0.0,0.0,13.0,14.0,0.0,0.0,7.0,14.0,0.0,0.0,7.0,1.0,5,8
969,202210040212,2.0,0.0,1.0,18.0,7.0,3.0,1.0,25.0,0.0,0.0,0.0,2.0,2.0,0.0,1.0,17.0,5.0,2.0,1.0,19.0,0.0,0.0,0.0,2.0,1.0,0.0,0.0,2.0,0.0,0.0,0.0,0.0,0.0,0.0,0.0,0.0,0.0,0.0,3.0,4.0,0.0,0.0,8.0,8.0,0.0,0.0,9.0,12.0,2,3
970,202210040212,0.0,0.0,0.0,0.0,1.0,1.0,1.0,2.0,0.0,0.0,0.0,0.0,0.0,0.0,0.0,0.0,0.0,1.0,1.0,1.0,0.0,0.0,0.0,0.0,0.0,0.0,0.0,0.0,0.0,0.0,0.0,0.0,0.0,0.0,0.0,0.0,0.0,0.0,120.0,11.0,0.0,0.0,80.0,1.0,0.0,0.0,20.0,9.0,6,11
971,202210040212,2.0,2.0,4.0,16.0,2.0,0.0,1.0,7.0,0.0,0.0,0.0,1.0,2.0,1.0,4.0,13.0,1.0,0.0,1.0,5.0,0.0,0.0,0.0,1.0,0.0,0.0,0.0,2.0,1.0,0.0,0.0,0.0,0.0,0.0,0.0,0.0,0.0,0.0,2.0,3.0,0.0,0.0,15.0,15.0,0.0,0.0,6.0,13.0,7,13
972,202210040302,0.0,0.0,0.0,0.0,0.0,0.0,1.0,1.0,0.0,0.0,0.0,0.0,0.0,0.0,0.0,0.0,0.0,0.0,1.0,1.0,0.0,0.0,0.0,0.0,0.0,0.0,0.0,0.0,0.0,0.0,1.0,0.0,0.0,0.0,0.0,0.0,0.0,0.0,7.0,12.0,0.0,0.0,8.0,15.0,0.0,0.0,1.0,1.0,6,11
973,202210040302,0.0,0.0,0.0,0.0,0.0,0.0,0.0,0.0,0.0,0.0,0.0,0.0,0.0,0.0,0.0,0.0,0.0,0.0,0.0,0.0,0.0,0.0,0.0,0.0,0.0,0.0,0.0,0.0,0.0,0.0,0.0,0.0,0.0,0.0,0.0,0.0,0.0,0.0,1.0,4.0,0.0,0.0,5.0,3.0,0.0,0.0,2.0,2.0,5,10
974,202210040302,0.0,0.0,0.0,0.0,3.0,3.0,5.0,29.0,0.0,0.0,0.0,0.0,0.0,0.0,0.0,0.0,3.0,3.0,4.0,25.0,0.0,0.0,0.0,0.0,0.0,0.0,0.0,0.0,2.0,0.0,1.0,11.0,0.0,0.0,0.0,0.0,0.0,0.0,4.0,5.0,0.0,0.0,14.0,11.0,0.0,0.0,11.0,11.0,3,6
975,202210040302,1.0,2.0,3.0,25.0,2.0,2.0,0.0,21.0,0.0,0.0,0.0,1.0,1.0,2.0,3.0,22.0,1.0,2.0,0.0,12.0,0.0,0.0,0.0,1.0,0.0,2.0,0.0,6.0,1.0,1.0,0.0,5.0,0.0,0.0,0.0,0.0,0.0,0.0,1.0,2.0,0.0,0.0,9.0,3.0,0.0,0.0,11.0,11.0,1,1
976,202210040302,2.0,0.0,2.0,7.0,6.0,3.0,3.0,18.0,0.0,0.0,0.0,0.0,0.0,0.0,1.0,5.0,3.0,2.0,3.0,11.0,0.0,0.0,0.0,0.0,0.0,0.0,0.0,3.0,1.0,0.0,1.0,5.0,0.0,0.0,0.0,0.0,0.0,0.0,90.0,11.0,0.0,0.0,,,0.0,0.0,70.0,5.0,5,9
977,202210040302,0.0,0.0,0.0,4.0,0.0,0.0,0.0,3.0,0.0,0.0,0.0,0.0,0.0,0.0,0.0,3.0,0.0,0.0,0.0,3.0,0.0,0.0,0.0,0.0,0.0,0.0,0.0,3.0,0.0,0.0,0.0,1.0,0.0,0.0,0.0,0.0,0.0,0.0,60.0,10.0,0.0,0.0,50.0,6.0,0.0,0.0,40.0,8.0,3,5
978,202210040302,3.0,10.0,3.0,28.0,0.0,0.0,1.0,2.0,0.0,0.0,0.0,0.0,3.0,7.0,2.0,14.0,0.0,0.0,1.0,1.0,0.0,0.0,0.0,0.0,2.0,3.0,1.0,5.0,0.0,0.0,1.0,1.0,0.0,0.0,0.0,0.0,0.0,0.0,3.0,9.0,0.0,0.0,9.0,7.0,0.0,0.0,3.0,5.0,2,3
979,202210040302,0.0,0.0,0.0,3.0,0.0,0.0,0.0,0.0,0.0,0.0,0.0,0.0,0.0,0.0,0.0,1.0,0.0,0.0,0.0,0.0,0.0,0.0,0.0,0.0,0.0,0.0,0.0,1.0,0.0,0.0,0.0,0.0,0.0,0.0,0.0,0.0,0.0,0.0,80.0,10.0,0.0,0.0,80.0,8.0,0.0,0.0,20.0,9.0,2,4
980,202210040302,2.0,0.0,2.0,7.0,1.0,0.0,0.0,3.0,0.0,0.0,0.0,0.0,0.0,0.0,1.0,5.0,1.0,0.0,0.0,2.0,0.0,0.0,0.0,0.0,0.0,0.0,0.0,3.0,0.0,0.0,0.0,1.0,0.0,0.0,0.0,0.0,0.0,0.0,20.0,6.0,0.0,0.0,30.0,3.0,0.0,0.0,60.0,3.0,7,13
981,202210040302,3.0,0.0,0.0,9.0,3.0,2.0,4.0,25.0,0.0,0.0,0.0,0.0,3.0,0.0,0.0,9.0,2.0,1.0,3.0,19.0,0.0,0.0,0.0,0.0,0.0,0.0,0.0,3.0,2.0,0.0,2.0,11.0,0.0,0.0,0.0,0.0,0.0,0.0,6.0,6.0,0.0,0.0,11.0,4.0,0.0,0.0,4.0,10.0,1,2
982,202210040302,0.0,0.0,0.0,0.0,0.0,0.0,0.0,1.0,0.0,0.0,0.0,0.0,0.0,0.0,0.0,0.0,0.0,0.0,0.0,1.0,0.0,0.0,0.0,0.0,0.0,0.0,0.0,0.0,0.0,0.0,0.0,1.0,0.0,0.0,0.0,0.0,0.0,0.0,10.0,,0.0,0.0,140.0,11.0,0.0,0.0,,,4,8
983,202210040302,1.0,3.0,1.0,13.0,0.0,0.0,0.0,3.0,0.0,0.0,0.0,0.0,1.0,2.0,0.0,12.0,0.0,0.0,0.0,2.0,0.0,0.0,0.0,0.0,0.0,1.0,0.0,3.0,0.0,0.0,0.0,0.0,0.0,0.0,0.0,0.0,0.0,0.0,90.0,110.0,0.0,0.0,160.0,120.0,0.0,0.0,160.0,80.0,4,7
984,202210040302,4.0,3.0,1.0,21.0,1.0,1.0,0.0,6.0,0.0,0.0,0.0,0.0,2.0,2.0,0.0,16.0,1.0,0.0,0.0,4.0,0.0,0.0,0.0,0.0,1.0,0.0,0.0,8.0,1.0,0.0,0.0,3.0,0.0,0.0,0.0,0.0,0.0,0.0,10.0,90.0,0.0,0.0,60.0,130.0,0.0,0.0,10.0,110.0,8,15
985,202210040302,0.0,3.0,1.0,9.0,0.0,0.0,0.0,5.0,0.0,0.0,0.0,0.0,0.0,1.0,0.0,5.0,0.0,0.0,0.0,5.0,0.0,0.0,0.0,0.0,0.0,1.0,0.0,0.0,0.0,0.0,0.0,4.0,0.0,0.0,0.0,0.0,0.0,0.0,2.0,2.0,0.0,0.0,13.0,14.0,0.0,0.0,13.0,11.0,8,16
986,202210040302,0.0,0.0,2.0,8.0,0.0,1.0,0.0,11.0,0.0,0.0,0.0,0.0,0.0,0.0,2.0,7.0,0.0,1.0,0.0,7.0,0.0,0.0,0.0,0.0,0.0,0.0,2.0,7.0,0.0,1.0,0.0,3.0,0.0,0.0,0.0,0.0,0.0,0.0,11.0,9.0,0.0,0.0,9.0,10.0,0.0,0.0,11.0,6.0,6,12
987,202210040302,0.0,0.0,2.0,8.0,3.0,3.0,5.0,29.0,0.0,0.0,0.0,0.0,0.0,0.0,1.0,6.0,3.0,3.0,4.0,25.0,0.0,0.0,0.0,0.0,0.0,0.0,0.0,3.0,2.0,0.0,1.0,11.0,0.0,0.0,0.0,0.0,0.0,0.0,8.0,,0.0,0.0,15.0,16.0,0.0,0.0,10.0,9.0,7,14
988,202210040306,2.0,0.0,1.0,8.0,0.0,0.0,0.0,3.0,0.0,0.0,0.0,0.0,2.0,0.0,1.0,8.0,0.0,0.0,0.0,2.0,0.0,0.0,0.0,0.0,0.0,0.0,0.0,0.0,0.0,0.0,0.0,0.0,0.0,0.0,0.0,0.0,,,,,,,,,,,,,4,8
989,202210040306,0.0,0.0,1.0,1.0,1.0,0.0,0.0,13.0,0.0,0.0,0.0,0.0,0.0,0.0,1.0,0.0,1.0,0.0,0.0,8.0,0.0,0.0,0.0,0.0,0.0,0.0,0.0,0.0,0.0,0.0,0.0,0.0,0.0,0.0,0.0,0.0,0.0,0.0,5.0,11.0,0.0,0.0,16.0,16.0,0.0,0.0,7.0,7.0,5,10
990,202210040306,3.0,10.0,3.0,28.0,2.0,2.0,1.0,3.0,1.0,1.0,0.0,0.0,3.0,7.0,2.0,14.0,2.0,2.0,1.0,2.0,1.0,1.0,0.0,0.0,0.0,0.0,0.0,0.0,0.0,0.0,0.0,0.0,0.0,0.0,0.0,0.0,0.0,0.0,4.0,3.0,,,,,,,,,1,2
991,202210040306,1.0,0.0,2.0,3.0,1.0,0.0,1.0,11.0,0.0,0.0,0.0,0.0,0.0,0.0,0.0,2.0,1.0,0.0,0.0,7.0,0.0,0.0,0.0,0.0,0.0,0.0,0.0,0.0,0.0,0.0,0.0,0.0,0.0,0.0,0.0,0.0,0.0,0.0,20.0,10.0,0.0,0.0,170.0,17.0,0.0,0.0,,,3,5
992,202210040306,0.0,0.0,0.0,3.0,0.0,0.0,0.0,0.0,0.0,0.0,0.0,0.0,0.0,0.0,0.0,3.0,0.0,0.0,0.0,0.0,0.0,0.0,0.0,0.0,0.0,0.0,0.0,0.0,0.0,0.0,0.0,0.0,0.0,0.0,0.0,0.0,,,,,,,,,,,,,2,4
993,202210040306,0.0,0.0,0.0,0.0,1.0,4.0,6.0,37.0,0.0,0.0,0.0,0.0,0.0,0.0,0.0,0.0,1.0,3.0,5.0,26.0,0.0,0.0,0.0,0.0,0.0,0.0,0.0,0.0,0.0,0.0,0.0,0.0,0.0,0.0,0.0,0.0,0.0,0.0,3.0,9.0,0.0,0.0,15.0,13.0,0.0,0.0,13.0,15.0,2,3
994,202210040306,0.0,0.0,0.0,3.0,1.0,0.0,0.0,1.0,0.0,0.0,0.0,0.0,0.0,0.0,0.0,3.0,0.0,0.0,0.0,0.0,0.0,0.0,0.0,0.0,0.0,0.0,0.0,0.0,0.0,0.0,0.0,0.0,0.0,0.0,0.0,0.0,0.0,0.0,9.0,11.0,0.0,0.0,7.0,7.0,0.0,0.0,6.0,11.0,8,15
995,202210040306,4.0,3.0,1.0,21.0,1.0,3.0,0.0,2.0,0.0,0.0,0.0,0.0,2.0,2.0,0.0,16.0,0.0,0.0,0.0,0.0,0.0,0.0,0.0,0.0,0.0,0.0,0.0,0.0,0.0,0.0,0.0,0.0,0.0,0.0,0.0,0.0,0.0,0.0,1.0,3.0,0.0,0.0,9.0,12.0,0.0,0.0,3.0,8.0,7,14
996,202210040306,0.0,0.0,0.0,3.0,0.0,0.0,0.0,1.0,0.0,0.0,0.0,0.0,0.0,0.0,0.0,1.0,0.0,0.0,0.0,1.0,0.0,0.0,0.0,0.0,0.0,0.0,0.0,0.0,0.0,0.0,0.0,0.0,0.0,0.0,0.0,0.0,0.0,0.0,11.0,10.0,0.0,0.0,15.0,14.0,0.0,0.0,9.0,5.0,6,12
997,202210040306,0.0,0.0,0.0,0.0,0.0,0.0,0.0,1.0,0.0,0.0,0.0,0.0,0.0,0.0,0.0,0.0,0.0,0.0,0.0,1.0,0.0,0.0,0.0,0.0,0.0,0.0,0.0,0.0,0.0,0.0,0.0,0.0,0.0,0.0,0.0,0.0,0.0,0.0,90.0,9.0,0.0,0.0,110.0,14.0,0.0,0.0,60.0,12.0,4,7
998,202210040306,0.0,0.0,1.0,1.0,0.0,0.0,2.0,1.0,0.0,0.0,0.0,0.0,0.0,0.0,0.0,1.0,0.0,0.0,0.0,1.0,0.0,0.0,0.0,0.0,0.0,0.0,0.0,0.0,0.0,0.0,0.0,0.0,0.0,0.0,0.0,0.0,0.0,0.0,2.0,1.0,0.0,0.0,8.0,2.0,0.0,0.0,7.0,5.0,3,6
999,202210040306,0.0,0.0,1.0,1.0,4.0,0.0,4.0,30.0,0.0,0.0,0.0,0.0,0.0,0.0,1.0,0.0,4.0,0.0,1.0,16.0,0.0,0.0,0.0,0.0,0.0,0.0,0.0,0.0,0.0,0.0,0.0,0.0,0.0,0.0,0.0,0.0,0.0,0.0,4.0,2.0,0.0,0.0,11.0,11.0,0.0,0.0,14.0,12.0,7,13
1000,202210040306,0.0,0.0,0.0,0.0,0.0,0.0,0.0,2.0,0.0,0.0,0.0,0.0,0.0,0.0,0.0,0.0,0.0,0.0,0.0,2.0,0.0,0.0,0.0,0.0,0.0,0.0,0.0,0.0,0.0,0.0,0.0,0.0,0.0,0.0,0.0,0.0,0.0,0.0,12.0,12.0,0.0,0.0,8.0,7.0,0.0,0.0,15.0,13.0,1,1
1001,202210040306,0.0,0.0,0.0,0.0,4.0,2.0,3.0,37.0,0.0,0.0,0.0,0.0,0.0,0.0,0.0,0.0,4.0,2.0,3.0,23.0,0.0,0.0,0.0,0.0,0.0,0.0,0.0,0.0,0.0,0.0,0.0,0.0,0.0,0.0,0.0,0.0,0.0,0.0,7.0,12.0,0.0,0.0,9.0,16.0,0.0,0.0,8.0,14.0,5,9
1002,202210040306,4.0,1.0,1.0,8.0,3.0,2.0,4.0,25.0,0.0,0.0,0.0,0.0,1.0,0.0,1.0,3.0,2.0,1.0,3.0,19.0,0.0,0.0,0.0,0.0,0.0,0.0,0.0,0.0,0.0,0.0,0.0,0.0,0.0,0.0,0.0,0.0,0.0,0.0,20.0,3.0,0.0,0.0,30.0,7.0,0.0,0.0,10.0,1.0,8,16
1003,202210040306,0.0,0.0,0.0,0.0,0.0,0.0,1.0,2.0,0.0,0.0,0.0,0.0,0.0,0.0,0.0,0.0,0.0,0.0,1.0,1.0,0.0,0.0,0.0,0.0,0.0,0.0,0.0,0.0,0.0,0.0,0.0,0.0,0.0,0.0,0.0,0.0,0.0,0.0,20.0,2.0,0.0,0.0,100.0,10.0,0.0,0.0,80.0,10.0,6,11
1004,202210040308,0.0,0.0,0.0,0.0,1.0,4.0,6.0,37.0,0.0,0.0,0.0,0.0,0.0,0.0,0.0,0.0,1.0,3.0,5.0,26.0,0.0,0.0,0.0,0.0,0.0,0.0,0.0,0.0,0.0,0.0,0.0,6.0,0.0,0.0,0.0,0.0,0.0,0.0,10.0,9.0,0.0,0.0,12.0,5.0,0.0,0.0,11.0,11.0,2,4
1005,202210040308,0.0,1.0,1.0,11.0,0.0,1.0,0.0,13.0,0.0,0.0,0.0,0.0,0.0,1.0,1.0,9.0,0.0,1.0,0.0,7.0,0.0,0.0,0.0,0.0,0.0,1.0,1.0,0.0,0.0,0.0,0.0,1.0,0.0,0.0,0.0,0.0,0.0,0.0,30.0,2.0,0.0,0.0,10.0,2.0,0.0,0.0,10.0,3.0,1,2
1006,202210040308,0.0,0.0,0.0,2.0,0.0,0.0,0.0,8.0,0.0,0.0,0.0,0.0,0.0,0.0,0.0,0.0,0.0,0.0,0.0,5.0,0.0,0.0,0.0,0.0,0.0,0.0,0.0,0.0,0.0,0.0,0.0,1.0,0.0,0.0,0.0,0.0,0.0,0.0,1.0,1.0,0.0,0.0,9.0,10.0,0.0,0.0,8.0,10.0,1,1
1007,202210040308,0.0,0.0,0.0,0.0,1.0,4.0,6.0,37.0,0.0,0.0,0.0,0.0,0.0,0.0,0.0,0.0,1.0,3.0,5.0,26.0,0.0,0.0,0.0,0.0,0.0,0.0,0.0,0.0,0.0,0.0,0.0,6.0,0.0,0.0,0.0,0.0,0.0,0.0,30.0,10.0,0.0,0.0,20.0,3.0,0.0,0.0,40.0,4.0,4,8
1008,202210040308,0.0,1.0,0.0,7.0,3.0,3.0,5.0,29.0,0.0,0.0,0.0,1.0,0.0,1.0,0.0,6.0,3.0,3.0,4.0,25.0,0.0,0.0,0.0,1.0,0.0,0.0,0.0,1.0,0.0,1.0,1.0,5.0,0.0,0.0,0.0,1.0,0.0,0.0,6.0,4.0,0.0,0.0,8.0,5.0,0.0,0.0,8.0,5.0,8,15
1009,202210040308,1.0,0.0,0.0,8.0,1.0,1.0,0.0,10.0,0.0,0.0,0.0,0.0,1.0,0.0,0.0,5.0,1.0,0.0,0.0,5.0,0.0,0.0,0.0,0.0,1.0,0.0,0.0,0.0,1.0,0.0,0.0,2.0,0.0,0.0,0.0,0.0,0.0,0.0,70.0,5.0,0.0,0.0,110.0,15.0,0.0,0.0,40.0,1.0,5,9
1010,202210040308,0.0,0.0,0.0,3.0,0.0,1.0,0.0,13.0,0.0,0.0,0.0,0.0,0.0,0.0,0.0,2.0,0.0,1.0,0.0,7.0,0.0,0.0,0.0,0.0,0.0,0.0,0.0,0.0,0.0,0.0,0.0,1.0,0.0,0.0,0.0,0.0,0.0,0.0,60.0,4.0,0.0,0.0,90.0,5.0,0.0,0.0,20.0,1.0,2,3
1011,202210040308,1.0,0.0,0.0,6.0,0.0,2.0,2.0,3.0,0.0,0.0,0.0,0.0,1.0,0.0,0.0,5.0,0.0,1.0,2.0,2.0,0.0,0.0,0.0,0.0,0.0,0.0,0.0,1.0,0.0,0.0,0.0,1.0,0.0,0.0,0.0,0.0,0.0,0.0,50.0,2.0,0.0,0.0,160.0,12.0,0.0,0.0,100.0,7.0,3,6
1012,202210040308,1.0,0.0,0.0,3.0,0.0,0.0,0.0,0.0,0.0,0.0,0.0,0.0,1.0,0.0,0.0,2.0,0.0,0.0,0.0,0.0,0.0,0.0,0.0,0.0,0.0,0.0,0.0,1.0,0.0,0.0,0.0,0.0,0.0,0.0,0.0,0.0,0.0,0.0,10.0,11.0,0.0,0.0,16.0,16.0,0.0,0.0,11.0,9.0,6,11
1013,202210040308,1.0,0.0,0.0,13.0,0.0,0.0,1.0,1.0,0.0,0.0,0.0,0.0,1.0,0.0,0.0,12.0,0.0,0.0,1.0,1.0,0.0,0.0,0.0,0.0,0.0,0.0,0.0,5.0,0.0,0.0,0.0,0.0,0.0,0.0,0.0,0.0,0.0,0.0,2.0,6.0,0.0,0.0,5.0,14.0,0.0,0.0,6.0,7.0,4,7
1014,202210040308,4.0,3.0,1.0,21.0,4.0,2.0,3.0,37.0,0.0,1.0,0.0,0.0,2.0,2.0,0.0,16.0,4.0,2.0,3.0,23.0,0.0,1.0,0.0,0.0,0.0,1.0,0.0,6.0,2.0,1.0,1.0,6.0,0.0,1.0,0.0,0.0,0.0,0.0,50.0,3.0,0.0,0.0,100.0,8.0,0.0,0.0,130.0,2.0,8,16
1015,202210040308,0.0,0.0,0.0,0.0,1.0,1.0,2.0,11.0,0.0,0.0,0.0,0.0,0.0,0.0,0.0,0.0,1.0,1.0,0.0,6.0,0.0,0.0,0.0,0.0,0.0,0.0,0.0,0.0,0.0,0.0,0.0,2.0,0.0,0.0,0.0,0.0,0.0,0.0,60.0,10.0,0.0,0.0,90.0,7.0,0.0,0.0,100.0,8.0,6,12
1016,202210040308,0.0,0.0,0.0,0.0,0.0,0.0,0.0,0.0,0.0,0.0,0.0,0.0,0.0,0.0,0.0,0.0,0.0,0.0,0.0,0.0,0.0,0.0,0.0,0.0,0.0,0.0,0.0,0.0,0.0,0.0,0.0,0.0,0.0,0.0,0.0,0.0,0.0,0.0,1.0,1.0,0.0,0.0,4.0,13.0,0.0,0.0,1.0,3.0,5,10
1017,202210040308,0.0,0.0,0.0,3.0,2.0,2.0,0.0,21.0,0.0,0.0,0.0,0.0,0.0,0.0,0.0,3.0,1.0,2.0,0.0,12.0,0.0,0.0,0.0,0.0,0.0,0.0,0.0,0.0,0.0,1.0,0.0,3.0,0.0,0.0,0.0,0.0,0.0,0.0,,,0.0,0.0,150.0,13.0,0.0,0.0,90.0,6.0,7,13
1018,202210040308,0.0,1.0,1.0,5.0,6.0,3.0,3.0,18.0,0.0,0.0,0.0,0.0,0.0,1.0,0.0,2.0,3.0,2.0,3.0,11.0,0.0,0.0,0.0,0.0,0.0,0.0,0.0,1.0,1.0,1.0,0.0,1.0,0.0,0.0,0.0,0.0,0.0,0.0,12.0,10.0,0.0,0.0,15.0,15.0,0.0,0.0,13.0,12.0,7,14
1019,202210040308,2.0,3.0,2.0,15.0,4.0,0.0,4.0,30.0,1.0,0.0,0.0,1.0,2.0,3.0,2.0,12.0,4.0,0.0,1.0,16.0,1.0,0.0,0.0,1.0,0.0,0.0,1.0,6.0,1.0,0.0,0.0,5.0,0.0,0.0,0.0,1.0,0.0,0.0,10.0,2.0,0.0,0.0,20.0,2.0,0.0,0.0,50.0,3.0,3,5
1020,202210040403,1.0,0.0,0.0,4.0,0.0,0.0,0.0,0.0,0.0,0.0,0.0,0.0,1.0,0.0,0.0,3.0,0.0,0.0,0.0,0.0,0.0,0.0,0.0,0.0,0.0,0.0,0.0,2.0,0.0,0.0,0.0,0.0,0.0,0.0,0.0,0.0,0.0,0.0,40.0,3.0,0.0,0.0,80.0,2.0,0.0,0.0,160.0,5.0,8,16
1021,202210040403,0.0,0.0,0.0,4.0,0.0,1.0,1.0,1.0,0.0,0.0,0.0,0.0,0.0,0.0,0.0,4.0,0.0,1.0,1.0,1.0,0.0,0.0,0.0,0.0,0.0,0.0,0.0,4.0,0.0,1.0,1.0,1.0,0.0,0.0,0.0,0.0,0.0,0.0,20.0,4.0,0.0,0.0,110.0,9.0,0.0,0.0,40.0,6.0,3,5
1022,202210040403,0.0,0.0,0.0,5.0,0.0,0.0,1.0,9.0,0.0,0.0,0.0,1.0,0.0,0.0,0.0,3.0,0.0,0.0,0.0,6.0,0.0,0.0,0.0,1.0,0.0,0.0,0.0,1.0,0.0,0.0,0.0,2.0,0.0,0.0,0.0,1.0,0.0,0.0,60.0,2.0,0.0,0.0,30.0,7.0,0.0,0.0,40.0,2.0,4,7
1023,202210040403,1.0,2.0,0.0,10.0,0.0,2.0,3.0,3.0,0.0,0.0,0.0,0.0,1.0,2.0,0.0,10.0,0.0,1.0,2.0,2.0,0.0,0.0,0.0,0.0,1.0,1.0,0.0,4.0,0.0,1.0,1.0,2.0,0.0,0.0,0.0,0.0,0.0,0.0,6.0,2.0,0.0,0.0,12.0,11.0,0.0,0.0,9.0,4.0,1,1
1024,202210040403,1.0,0.0,0.0,5.0,1.0,1.0,0.0,1.0,0.0,0.0,0.0,0.0,1.0,0.0,0.0,4.0,1.0,0.0,0.0,1.0,0.0,0.0,0.0,0.0,1.0,0.0,0.0,4.0,0.0,0.0,0.0,0.0,0.0,0.0,0.0,0.0,0.0,0.0,3.0,7.0,0.0,0.0,3.0,5.0,0.0,0.0,3.0,4.0,4,8
1025,202210040403,1.0,0.0,2.0,2.0,0.0,0.0,0.0,3.0,0.0,0.0,0.0,0.0,1.0,0.0,2.0,2.0,0.0,0.0,0.0,2.0,0.0,0.0,0.0,0.0,1.0,0.0,1.0,2.0,0.0,0.0,0.0,1.0,0.0,0.0,0.0,0.0,0.0,0.0,90.0,10.0,0.0,0.0,100.0,6.0,0.0,0.0,50.0,6.0,7,13
1026,202210040403,1.0,0.0,1.0,3.0,0.0,0.0,0.0,1.0,0.0,0.0,0.0,0.0,1.0,0.0,1.0,2.0,0.0,0.0,0.0,1.0,0.0,0.0,0.0,0.0,1.0,0.0,1.0,2.0,0.0,0.0,0.0,0.0,0.0,0.0,0.0,0.0,0.0,0.0,8.0,10.0,0.0,0.0,16.0,7.0,,,,,3,6
1027,202210040403,0.0,0.0,0.0,1.0,0.0,0.0,0.0,2.0,0.0,0.0,0.0,0.0,0.0,0.0,0.0,1.0,0.0,0.0,0.0,1.0,0.0,0.0,0.0,0.0,0.0,0.0,0.0,0.0,0.0,0.0,0.0,0.0,0.0,0.0,0.0,0.0,0.0,0.0,11.0,8.0,0.0,0.0,4.0,7.0,0.0,0.0,5.0,7.0,2,4
1028,202210040403,0.0,0.0,0.0,5.0,0.0,2.0,0.0,16.0,0.0,0.0,0.0,1.0,0.0,0.0,0.0,4.0,0.0,2.0,0.0,13.0,0.0,0.0,0.0,1.0,0.0,0.0,0.0,2.0,0.0,1.0,0.0,8.0,0.0,0.0,0.0,1.0,0.0,0.0,10.0,12.0,0.0,0.0,12.0,12.0,0.0,0.0,11.0,10.0,1,2
1029,202210040403,0.0,0.0,0.0,0.0,1.0,1.0,0.0,4.0,0.0,0.0,0.0,0.0,0.0,0.0,0.0,0.0,1.0,1.0,0.0,4.0,0.0,0.0,0.0,0.0,0.0,0.0,0.0,0.0,1.0,0.0,0.0,1.0,0.0,0.0,0.0,0.0,0.0,0.0,3.0,4.0,0.0,0.0,12.0,10.0,0.0,0.0,10.0,7.0,5,10
1030,202210040403,1.0,0.0,0.0,4.0,0.0,0.0,0.0,0.0,0.0,0.0,0.0,0.0,1.0,0.0,0.0,3.0,0.0,0.0,0.0,0.0,0.0,0.0,0.0,0.0,0.0,0.0,0.0,2.0,0.0,0.0,0.0,0.0,0.0,0.0,0.0,0.0,0.0,0.0,2.0,7.0,0.0,0.0,4.0,11.0,0.0,0.0,5.0,4.0,5,9
1031,202210040403,0.0,0.0,0.0,3.0,1.0,2.0,1.0,13.0,0.0,0.0,0.0,0.0,0.0,0.0,0.0,1.0,0.0,2.0,1.0,10.0,0.0,0.0,0.0,0.0,0.0,0.0,0.0,1.0,0.0,2.0,0.0,7.0,0.0,0.0,0.0,0.0,0.0,0.0,120.0,8.0,0.0,0.0,70.0,12.0,0.0,0.0,120.0,13.0,6,12
1032,202210040403,2.0,1.0,0.0,11.0,0.0,0.0,0.0,2.0,0.0,0.0,0.0,1.0,1.0,1.0,0.0,9.0,0.0,0.0,0.0,1.0,0.0,0.0,0.0,1.0,1.0,0.0,0.0,6.0,0.0,0.0,0.0,1.0,0.0,0.0,0.0,1.0,0.0,0.0,10.0,12.0,0.0,0.0,13.0,13.0,0.0,0.0,11.0,16.0,2,3
1033,202210040403,0.0,1.0,1.0,9.0,0.0,0.0,0.0,0.0,0.0,0.0,0.0,0.0,0.0,0.0,1.0,8.0,0.0,0.0,0.0,0.0,0.0,0.0,0.0,0.0,0.0,0.0,0.0,4.0,0.0,0.0,0.0,0.0,0.0,0.0,0.0,0.0,0.0,0.0,8.0,,0.0,0.0,14.0,14.0,0.0,0.0,10.0,11.0,8,15
1034,202210040403,0.0,0.0,0.0,3.0,0.0,2.0,0.0,5.0,0.0,0.0,0.0,0.0,0.0,0.0,0.0,3.0,0.0,2.0,0.0,5.0,0.0,0.0,0.0,0.0,0.0,0.0,0.0,3.0,0.0,0.0,0.0,2.0,0.0,0.0,0.0,0.0,0.0,0.0,120.0,110.0,0.0,0.0,80.0,150.0,0.0,0.0,90.0,130.0,7,14
1035,202210040403,0.0,0.0,0.0,1.0,0.0,3.0,0.0,4.0,0.0,0.0,0.0,0.0,0.0,0.0,0.0,1.0,0.0,3.0,0.0,1.0,0.0,0.0,0.0,0.0,0.0,0.0,0.0,1.0,0.0,3.0,0.0,1.0,0.0,0.0,0.0,0.0,0.0,0.0,130.0,13.0,0.0,0.0,50.0,,0.0,0.0,30.0,10.0,6,11
1036,202210040408,2.0,3.0,3.0,20.0,3.0,1.0,3.0,28.0,0.0,0.0,0.0,1.0,0.0,1.0,1.0,7.0,3.0,1.0,3.0,17.0,0.0,0.0,0.0,1.0,0.0,0.0,0.0,2.0,0.0,0.0,2.0,9.0,0.0,0.0,0.0,1.0,0.0,0.0,16.0,8.0,0.0,0.0,15.0,7.0,0.0,0.0,12.0,12.0,7,14
1037,202210040408,4.0,1.0,3.0,17.0,3.0,3.0,4.0,17.0,1.0,0.0,0.0,1.0,4.0,1.0,3.0,15.0,2.0,2.0,3.0,10.0,1.0,0.0,0.0,1.0,3.0,1.0,2.0,5.0,2.0,1.0,2.0,4.0,1.0,0.0,0.0,0.0,0.0,0.0,1.0,3.0,0.0,0.0,12.0,13.0,0.0,0.0,9.0,9.0,4,7
1038,202210040408,3.0,0.0,1.0,27.0,2.0,3.0,4.0,32.0,0.0,0.0,0.0,0.0,3.0,0.0,1.0,19.0,0.0,2.0,3.0,21.0,0.0,0.0,0.0,0.0,0.0,0.0,1.0,5.0,0.0,2.0,1.0,11.0,0.0,0.0,0.0,0.0,0.0,0.0,5.0,13.0,0.0,0.0,8.0,12.0,0.0,0.0,8.0,3.0,3,6
1039,202210040408,3.0,1.0,1.0,11.0,0.0,0.0,0.0,0.0,0.0,0.0,0.0,0.0,3.0,1.0,1.0,10.0,0.0,0.0,0.0,0.0,0.0,0.0,0.0,0.0,3.0,1.0,1.0,6.0,0.0,0.0,0.0,0.0,0.0,0.0,0.0,0.0,0.0,0.0,12.0,9.0,0.0,0.0,12.0,10.0,0.0,0.0,10.0,7.0,8,15
1040,202210040408,3.0,0.0,1.0,27.0,1.0,0.0,0.0,4.0,0.0,0.0,0.0,0.0,3.0,0.0,1.0,19.0,1.0,0.0,0.0,4.0,0.0,0.0,0.0,0.0,0.0,0.0,1.0,5.0,1.0,0.0,0.0,2.0,0.0,0.0,0.0,0.0,0.0,0.0,5.0,11.0,0.0,0.0,5.0,14.0,0.0,0.0,4.0,2.0,7,13
1041,202210040408,2.0,3.0,3.0,20.0,0.0,1.0,0.0,2.0,0.0,0.0,0.0,1.0,0.0,1.0,1.0,7.0,0.0,1.0,0.0,0.0,0.0,0.0,0.0,0.0,0.0,0.0,0.0,2.0,0.0,0.0,0.0,0.0,0.0,0.0,0.0,0.0,0.0,0.0,13.0,12.0,0.0,0.0,8.0,9.0,0.0,0.0,10.0,6.0,1,1
1042,202210040408,1.0,1.0,0.0,2.0,0.0,1.0,2.0,11.0,0.0,0.0,0.0,0.0,1.0,1.0,0.0,1.0,0.0,1.0,2.0,8.0,0.0,0.0,0.0,0.0,0.0,0.0,0.0,1.0,0.0,1.0,1.0,1.0,0.0,0.0,0.0,0.0,0.0,0.0,10.0,10.0,0.0,0.0,70.0,90.0,0.0,0.0,70.0,70.0,2,4
1043,202210040408,2.0,0.0,0.0,4.0,3.0,1.0,3.0,28.0,0.0,0.0,0.0,0.0,2.0,0.0,0.0,3.0,3.0,1.0,3.0,17.0,0.0,0.0,0.0,0.0,1.0,0.0,0.0,1.0,0.0,0.0,2.0,9.0,0.0,0.0,0.0,0.0,0.0,0.0,3.0,2.0,0.0,0.0,13.0,7.0,0.0,0.0,7.0,10.0,2,3
1044,202210040408,0.0,0.0,0.0,0.0,3.0,3.0,4.0,17.0,0.0,0.0,0.0,0.0,0.0,0.0,0.0,0.0,2.0,2.0,3.0,10.0,0.0,0.0,0.0,0.0,0.0,0.0,0.0,0.0,2.0,1.0,2.0,4.0,0.0,0.0,0.0,0.0,0.0,0.0,30.0,1.0,0.0,0.0,60.0,3.0,0.0,0.0,90.0,18.0,8,16
1045,202210040408,1.0,0.0,0.0,2.0,3.0,1.0,0.0,16.0,0.0,0.0,0.0,0.0,1.0,0.0,0.0,2.0,2.0,1.0,0.0,7.0,0.0,0.0,0.0,0.0,1.0,0.0,0.0,1.0,1.0,1.0,0.0,3.0,0.0,0.0,0.0,0.0,0.0,0.0,9.0,4.0,0.0,0.0,15.0,10.0,0.0,0.0,13.0,10.0,6,11
1046,202210040408,0.0,0.0,0.0,0.0,1.0,0.0,0.0,0.0,0.0,0.0,0.0,0.0,0.0,0.0,0.0,0.0,1.0,0.0,0.0,0.0,0.0,0.0,0.0,0.0,0.0,0.0,0.0,0.0,1.0,0.0,0.0,0.0,0.0,0.0,0.0,0.0,0.0,0.0,160.0,9.0,0.0,0.0,130.0,9.0,0.0,0.0,170.0,16.0,3,5
1047,202210040408,0.0,0.0,0.0,3.0,0.0,0.0,0.0,0.0,0.0,0.0,0.0,0.0,0.0,0.0,0.0,3.0,0.0,0.0,0.0,0.0,0.0,0.0,0.0,0.0,0.0,0.0,0.0,2.0,0.0,0.0,0.0,0.0,0.0,0.0,0.0,0.0,0.0,0.0,3.0,10.0,0.0,0.0,12.0,13.0,0.0,0.0,12.0,8.0,6,12
1048,202210040408,0.0,0.0,0.0,1.0,0.0,2.0,1.0,7.0,0.0,0.0,0.0,0.0,0.0,0.0,0.0,0.0,0.0,0.0,0.0,3.0,0.0,0.0,0.0,0.0,0.0,0.0,0.0,0.0,0.0,0.0,0.0,1.0,0.0,0.0,0.0,0.0,0.0,0.0,9.0,8.0,0.0,0.0,16.0,15.0,0.0,0.0,15.0,15.0,5,9
1049,202210040408,0.0,0.0,0.0,2.0,5.0,3.0,2.0,17.0,0.0,0.0,0.0,0.0,0.0,0.0,0.0,1.0,5.0,2.0,1.0,10.0,0.0,0.0,0.0,0.0,0.0,0.0,0.0,0.0,3.0,0.0,1.0,2.0,0.0,0.0,0.0,0.0,0.0,0.0,7.0,8.0,0.0,0.0,11.0,10.0,0.0,0.0,3.0,8.0,1,2
1050,202210040408,0.0,0.0,0.0,3.0,3.0,1.0,0.0,16.0,0.0,0.0,0.0,0.0,0.0,0.0,0.0,3.0,2.0,1.0,0.0,7.0,0.0,0.0,0.0,0.0,0.0,0.0,0.0,2.0,1.0,1.0,0.0,3.0,0.0,0.0,0.0,0.0,0.0,0.0,2.0,7.0,0.0,0.0,6.0,13.0,0.0,0.0,6.0,2.0,4,8
1051,202210040408,0.0,0.0,0.0,0.0,2.0,3.0,4.0,32.0,0.0,0.0,0.0,0.0,0.0,0.0,0.0,0.0,0.0,2.0,3.0,21.0,0.0,0.0,0.0,0.0,0.0,0.0,0.0,0.0,0.0,2.0,1.0,11.0,0.0,0.0,0.0,0.0,0.0,0.0,4.0,4.0,0.0,0.0,6.0,6.0,0.0,0.0,3.0,3.0,5,10
1052,202210040410,1.0,2.0,0.0,12.0,0.0,0.0,1.0,0.0,0.0,0.0,0.0,0.0,1.0,1.0,0.0,8.0,0.0,0.0,1.0,0.0,0.0,0.0,0.0,0.0,0.0,0.0,0.0,1.0,0.0,0.0,0.0,0.0,0.0,0.0,0.0,0.0,0.0,0.0,9.0,7.0,0.0,0.0,2.0,5.0,0.0,0.0,2.0,3.0,3,5
1053,202210040410,2.0,3.0,3.0,20.0,0.0,0.0,0.0,1.0,0.0,0.0,0.0,0.0,0.0,1.0,1.0,7.0,0.0,0.0,0.0,0.0,0.0,0.0,0.0,0.0,0.0,0.0,0.0,0.0,0.0,0.0,0.0,0.0,0.0,0.0,0.0,0.0,0.0,0.0,10.0,1.0,0.0,0.0,30.0,2.0,0.0,0.0,20.0,2.0,3,6
1054,202210040410,0.0,1.0,0.0,8.0,3.0,1.0,0.0,16.0,0.0,0.0,0.0,0.0,0.0,1.0,0.0,8.0,2.0,1.0,0.0,7.0,0.0,0.0,0.0,0.0,0.0,0.0,0.0,0.0,0.0,0.0,0.0,0.0,0.0,0.0,0.0,0.0,0.0,0.0,50.0,2.0,0.0,0.0,20.0,13.0,0.0,0.0,10.0,2.0,7,14
1055,202210040410,0.0,0.0,0.0,0.0,0.0,0.0,0.0,3.0,0.0,0.0,0.0,0.0,0.0,0.0,0.0,0.0,0.0,0.0,0.0,2.0,0.0,0.0,0.0,0.0,0.0,0.0,0.0,0.0,0.0,0.0,0.0,0.0,0.0,0.0,0.0,0.0,0.0,0.0,11.0,12.0,0.0,0.0,15.0,15.0,0.0,0.0,14.0,11.0,4,7
1056,202210040410,2.0,0.0,0.0,8.0,4.0,0.0,2.0,13.0,0.0,0.0,0.0,0.0,0.0,0.0,0.0,6.0,3.0,0.0,1.0,10.0,0.0,0.0,0.0,0.0,0.0,0.0,0.0,0.0,0.0,0.0,0.0,0.0,0.0,0.0,0.0,0.0,0.0,0.0,1.0,3.0,0.0,0.0,13.0,13.0,0.0,0.0,11.0,7.0,1,1
1057,202210040410,0.0,0.0,1.0,1.0,0.0,0.0,0.0,3.0,0.0,0.0,0.0,0.0,0.0,0.0,1.0,1.0,0.0,0.0,0.0,3.0,0.0,0.0,0.0,0.0,0.0,0.0,0.0,0.0,0.0,0.0,0.0,1.0,0.0,0.0,0.0,0.0,0.0,0.0,2.0,7.0,0.0,0.0,5.0,4.0,0.0,0.0,13.0,9.0,2,3
1058,202210040410,0.0,2.0,1.0,5.0,0.0,0.0,0.0,3.0,0.0,0.0,0.0,0.0,0.0,2.0,0.0,2.0,0.0,0.0,0.0,0.0,0.0,0.0,0.0,0.0,0.0,0.0,0.0,0.0,0.0,0.0,0.0,0.0,0.0,0.0,0.0,0.0,0.0,0.0,50.0,1.0,0.0,0.0,50.0,4.0,0.0,0.0,50.0,2.0,8,15
1059,202210040410,0.0,0.0,0.0,1.0,0.0,0.0,0.0,2.0,0.0,0.0,0.0,0.0,0.0,0.0,0.0,0.0,0.0,0.0,0.0,2.0,0.0,0.0,0.0,0.0,0.0,0.0,0.0,0.0,0.0,0.0,0.0,0.0,0.0,0.0,0.0,0.0,0.0,0.0,7.0,2.0,0.0,0.0,10.0,15.0,0.0,0.0,9.0,13.0,7,13
1060,202210040410,0.0,0.0,5.0,5.0,0.0,1.0,2.0,1.0,0.0,0.0,1.0,1.0,0.0,0.0,3.0,4.0,0.0,0.0,1.0,1.0,0.0,0.0,1.0,1.0,0.0,0.0,0.0,0.0,0.0,0.0,0.0,0.0,0.0,0.0,0.0,0.0,0.0,0.0,7.0,7.0,0.0,0.0,16.0,14.0,0.0,0.0,12.0,14.0,5,9
1061,202210040410,0.0,3.0,1.0,17.0,0.0,3.0,0.0,15.0,0.0,0.0,0.0,0.0,0.0,1.0,0.0,7.0,0.0,3.0,0.0,9.0,0.0,0.0,0.0,0.0,0.0,0.0,0.0,0.0,0.0,0.0,0.0,0.0,0.0,0.0,0.0,0.0,0.0,0.0,11.0,9.0,0.0,0.0,14.0,14.0,0.0,0.0,12.0,9.0,6,11
1062,202210040410,1.0,1.0,1.0,3.0,0.0,0.0,1.0,0.0,0.0,0.0,1.0,0.0,1.0,0.0,1.0,2.0,0.0,0.0,1.0,0.0,0.0,0.0,1.0,0.0,0.0,0.0,0.0,0.0,0.0,0.0,0.0,0.0,0.0,0.0,0.0,0.0,0.0,0.0,9.0,10.0,0.0,0.0,13.0,13.0,0.0,0.0,13.0,16.0,4,8
1063,202210040410,1.0,0.0,1.0,11.0,0.0,0.0,0.0,0.0,0.0,0.0,0.0,0.0,0.0,0.0,1.0,7.0,0.0,0.0,0.0,0.0,0.0,0.0,0.0,0.0,0.0,0.0,0.0,0.0,0.0,0.0,0.0,0.0,0.0,0.0,0.0,0.0,0.0,0.0,8.0,9.0,0.0,0.0,14.0,12.0,0.0,0.0,8.0,9.0,2,4
1064,202210040410,0.0,2.0,2.0,16.0,4.0,0.0,2.0,13.0,0.0,0.0,0.0,2.0,0.0,1.0,2.0,14.0,3.0,0.0,1.0,10.0,0.0,0.0,0.0,2.0,0.0,0.0,0.0,0.0,0.0,0.0,0.0,0.0,0.0,0.0,0.0,0.0,0.0,0.0,10.0,13.0,0.0,0.0,12.0,13.0,0.0,0.0,9.0,13.0,6,12
1065,202210040410,1.0,0.0,0.0,2.0,1.0,0.0,0.0,1.0,0.0,0.0,0.0,0.0,1.0,0.0,0.0,2.0,1.0,0.0,0.0,1.0,0.0,0.0,0.0,0.0,0.0,0.0,0.0,0.0,0.0,0.0,0.0,0.0,0.0,0.0,0.0,0.0,0.0,0.0,6.0,6.0,0.0,0.0,8.0,4.0,0.0,0.0,10.0,9.0,8,16
1066,202210040410,0.0,2.0,2.0,16.0,1.0,0.0,0.0,5.0,0.0,0.0,0.0,0.0,0.0,1.0,2.0,14.0,1.0,0.0,0.0,5.0,0.0,0.0,0.0,0.0,0.0,0.0,0.0,0.0,0.0,0.0,0.0,0.0,0.0,0.0,0.0,0.0,0.0,0.0,16.0,16.0,0.0,0.0,13.0,12.0,0.0,0.0,13.0,15.0,1,2
1067,202210040410,1.0,1.0,0.0,2.0,1.0,0.0,3.0,9.0,0.0,0.0,0.0,0.0,1.0,1.0,0.0,1.0,0.0,0.0,1.0,5.0,0.0,0.0,0.0,0.0,0.0,0.0,0.0,0.0,0.0,0.0,0.0,0.0,0.0,0.0,0.0,0.0,0.0,0.0,6.0,16.0,0.0,0.0,4.0,6.0,0.0,0.0,8.0,1.0,5,10
1068,202210040504,2.0,2.0,3.0,24.0,0.0,0.0,0.0,2.0,0.0,0.0,0.0,0.0,2.0,2.0,3.0,18.0,0.0,0.0,0.0,2.0,0.0,0.0,0.0,0.0,1.0,1.0,1.0,7.0,0.0,0.0,0.0,2.0,0.0,0.0,0.0,0.0,0.0,0.0,100.0,4.0,0.0,0.0,80.0,12.0,0.0,0.0,130.0,9.0,3,5
1069,202210040504,4.0,4.0,2.0,32.0,2.0,2.0,3.0,25.0,0.0,0.0,0.0,1.0,0.0,3.0,1.0,21.0,1.0,2.0,2.0,20.0,0.0,0.0,0.0,1.0,0.0,1.0,0.0,6.0,0.0,1.0,2.0,5.0,0.0,0.0,0.0,0.0,0.0,0.0,110.0,7.0,,,,,,,,,4,7
1070,202210040504,0.0,0.0,0.0,5.0,1.0,0.0,1.0,2.0,0.0,0.0,0.0,0.0,0.0,0.0,0.0,4.0,1.0,0.0,0.0,1.0,0.0,0.0,0.0,0.0,0.0,0.0,0.0,3.0,0.0,0.0,0.0,0.0,0.0,0.0,0.0,0.0,0.0,0.0,6.0,10.0,0.0,0.0,1.0,3.0,0.0,0.0,3.0,3.0,1,1
1071,202210040504,0.0,0.0,0.0,7.0,2.0,5.0,7.0,37.0,0.0,0.0,0.0,2.0,0.0,0.0,0.0,6.0,2.0,4.0,4.0,29.0,0.0,0.0,0.0,2.0,0.0,0.0,0.0,3.0,2.0,3.0,3.0,12.0,0.0,0.0,0.0,0.0,0.0,0.0,10.0,14.0,0.0,0.0,8.0,3.0,0.0,0.0,2.0,4.0,8,16
1072,202210040504,2.0,7.0,2.0,29.0,0.0,0.0,0.0,0.0,0.0,0.0,0.0,0.0,1.0,0.0,1.0,20.0,0.0,0.0,0.0,0.0,0.0,0.0,0.0,0.0,0.0,0.0,1.0,10.0,0.0,0.0,0.0,0.0,0.0,0.0,0.0,0.0,0.0,0.0,1.0,1.0,0.0,0.0,13.0,6.0,0.0,0.0,7.0,5.0,5,9
1073,202210040504,0.0,0.0,0.0,0.0,1.0,1.0,1.0,2.0,0.0,0.0,0.0,0.0,0.0,0.0,0.0,0.0,0.0,1.0,1.0,1.0,0.0,0.0,0.0,0.0,0.0,0.0,0.0,0.0,0.0,1.0,1.0,0.0,0.0,0.0,0.0,0.0,0.0,0.0,9.0,6.0,0.0,0.0,6.0,10.0,0.0,0.0,10.0,12.0,1,2
1074,202210040504,0.0,0.0,0.0,0.0,1.0,1.0,0.0,1.0,0.0,0.0,0.0,0.0,0.0,0.0,0.0,0.0,1.0,0.0,0.0,1.0,0.0,0.0,0.0,0.0,0.0,0.0,0.0,0.0,1.0,0.0,0.0,0.0,0.0,0.0,0.0,0.0,0.0,0.0,12.0,7.0,0.0,0.0,9.0,13.0,0.0,0.0,14.0,5.0,7,14
1075,202210040504,1.0,0.0,0.0,0.0,1.0,1.0,1.0,11.0,0.0,0.0,0.0,0.0,1.0,0.0,0.0,0.0,1.0,0.0,0.0,7.0,0.0,0.0,0.0,0.0,0.0,0.0,0.0,0.0,0.0,0.0,0.0,1.0,0.0,0.0,0.0,0.0,0.0,0.0,13.0,8.0,0.0,0.0,14.0,9.0,0.0,0.0,9.0,9.0,2,3
1076,202210040504,1.0,2.0,2.0,22.0,0.0,0.0,0.0,1.0,0.0,0.0,0.0,0.0,1.0,2.0,2.0,19.0,0.0,0.0,0.0,1.0,0.0,0.0,0.0,0.0,1.0,2.0,0.0,12.0,0.0,0.0,0.0,1.0,0.0,0.0,0.0,0.0,0.0,0.0,8.0,9.0,0.0,0.0,9.0,8.0,0.0,0.0,8.0,13.0,7,13
1077,202210040504,1.0,0.0,0.0,12.0,0.0,0.0,0.0,2.0,0.0,0.0,0.0,0.0,0.0,0.0,0.0,8.0,0.0,0.0,0.0,1.0,0.0,0.0,0.0,0.0,0.0,0.0,0.0,1.0,0.0,0.0,0.0,1.0,0.0,0.0,0.0,0.0,0.0,0.0,4.0,5.0,0.0,0.0,14.0,10.0,0.0,0.0,16.0,8.0,8,15
1078,202210040504,0.0,1.0,1.0,10.0,5.0,4.0,1.0,46.0,0.0,0.0,0.0,0.0,0.0,1.0,1.0,7.0,3.0,2.0,1.0,36.0,0.0,0.0,0.0,0.0,0.0,0.0,0.0,5.0,2.0,0.0,0.0,10.0,0.0,0.0,0.0,0.0,0.0,0.0,1.0,1.0,0.0,0.0,3.0,11.0,0.0,0.0,11.0,7.0,3,6
1079,202210040504,0.0,1.0,0.0,3.0,3.0,2.0,1.0,34.0,0.0,0.0,0.0,0.0,0.0,1.0,0.0,2.0,3.0,1.0,0.0,28.0,0.0,0.0,0.0,0.0,0.0,0.0,0.0,1.0,0.0,0.0,0.0,13.0,0.0,0.0,0.0,0.0,0.0,0.0,11.0,12.0,0.0,0.0,12.0,18.0,,,,,4,8
1080,202210040504,4.0,0.0,3.0,42.0,0.0,1.0,0.0,13.0,0.0,0.0,0.0,0.0,4.0,0.0,3.0,39.0,0.0,1.0,0.0,10.0,0.0,0.0,0.0,0.0,2.0,0.0,1.0,16.0,0.0,1.0,0.0,6.0,0.0,0.0,0.0,0.0,0.0,0.0,16.0,13.0,0.0,0.0,14.0,12.0,0.0,0.0,13.0,10.0,6,12
1081,202210040504,0.0,0.0,0.0,4.0,0.0,0.0,0.0,2.0,0.0,0.0,0.0,0.0,0.0,0.0,0.0,4.0,0.0,0.0,0.0,1.0,0.0,0.0,0.0,0.0,0.0,0.0,0.0,2.0,0.0,0.0,0.0,0.0,0.0,0.0,0.0,0.0,0.0,0.0,9.0,8.0,0.0,0.0,9.0,8.0,0.0,0.0,15.0,14.0,6,11
1082,202210040504,1.0,3.0,7.0,28.0,2.0,3.0,0.0,14.0,0.0,0.0,0.0,0.0,0.0,1.0,5.0,18.0,2.0,2.0,0.0,10.0,0.0,0.0,0.0,0.0,0.0,0.0,4.0,14.0,1.0,0.0,0.0,8.0,0.0,0.0,0.0,0.0,0.0,0.0,4.0,15.0,0.0,0.0,6.0,7.0,0.0,0.0,8.0,3.0,5,10
1083,202210040504,0.0,0.0,0.0,7.0,7.0,3.0,1.0,25.0,0.0,0.0,0.0,0.0,0.0,0.0,0.0,6.0,5.0,2.0,1.0,19.0,0.0,0.0,0.0,0.0,0.0,0.0,0.0,3.0,0.0,1.0,1.0,14.0,0.0,0.0,0.0,0.0,0.0,0.0,10.0,16.0,,,,,,,,,2,4
1084,202210040507,0.0,0.0,0.0,1.0,1.0,0.0,3.0,35.0,0.0,0.0,0.0,0.0,0.0,0.0,0.0,0.0,0.0,0.0,3.0,26.0,0.0,0.0,0.0,0.0,0.0,0.0,0.0,0.0,0.0,0.0,1.0,10.0,0.0,0.0,0.0,0.0,0.0,0.0,15.0,10.0,0.0,0.0,15.0,15.0,0.0,0.0,15.0,12.0,4,7
1085,202210040507,1.0,0.0,1.0,13.0,1.0,2.0,2.0,23.0,0.0,0.0,0.0,0.0,1.0,0.0,1.0,7.0,1.0,2.0,2.0,17.0,0.0,0.0,0.0,0.0,0.0,0.0,1.0,2.0,0.0,1.0,1.0,2.0,0.0,0.0,0.0,0.0,0.0,0.0,140.0,12.0,0.0,0.0,7.0,12.0,0.0,0.0,6.0,7.0,1,2
1086,202210040507,3.0,2.0,5.0,25.0,0.0,2.0,0.0,9.0,0.0,0.0,0.0,1.0,3.0,2.0,3.0,18.0,0.0,0.0,0.0,7.0,0.0,0.0,0.0,1.0,0.0,0.0,1.0,4.0,0.0,0.0,0.0,3.0,0.0,0.0,0.0,0.0,0.0,0.0,60.0,3.0,0.0,0.0,70.0,9.0,0.0,0.0,20.0,1.0,1,1
1087,202210040507,4.0,4.0,2.0,32.0,0.0,0.0,0.0,1.0,0.0,0.0,0.0,0.0,0.0,3.0,1.0,21.0,0.0,0.0,0.0,0.0,0.0,0.0,0.0,0.0,0.0,1.0,0.0,9.0,0.0,0.0,0.0,0.0,0.0,0.0,0.0,0.0,0.0,0.0,50.0,10.0,0.0,0.0,150.0,13.0,0.0,0.0,130.0,10.0,5,10
1088,202210040507,1.0,3.0,7.0,28.0,3.0,2.0,1.0,34.0,0.0,0.0,0.0,0.0,0.0,1.0,5.0,18.0,3.0,1.0,0.0,28.0,0.0,0.0,0.0,0.0,0.0,0.0,0.0,3.0,0.0,0.0,0.0,4.0,0.0,0.0,0.0,0.0,0.0,0.0,40.0,7.0,0.0,0.0,30.0,4.0,0.0,0.0,40.0,1.0,4,8
1089,202210040507,0.0,0.0,1.0,2.0,0.0,2.0,2.0,9.0,0.0,0.0,0.0,0.0,0.0,0.0,1.0,2.0,0.0,1.0,1.0,6.0,0.0,0.0,0.0,0.0,0.0,0.0,0.0,0.0,0.0,1.0,0.0,3.0,0.0,0.0,0.0,0.0,0.0,0.0,6.0,1.0,0.0,0.0,9.0,6.0,0.0,0.0,10.0,6.0,6,11
1090,202210040507,0.0,0.0,1.0,6.0,0.0,0.0,0.0,3.0,0.0,0.0,0.0,0.0,0.0,0.0,1.0,6.0,0.0,0.0,0.0,3.0,0.0,0.0,0.0,0.0,0.0,0.0,0.0,0.0,0.0,0.0,0.0,3.0,0.0,0.0,0.0,0.0,0.0,0.0,9.0,9.0,0.0,0.0,7.0,7.0,0.0,0.0,7.0,14.0,6,12
1091,202210040507,0.0,0.0,0.0,1.0,0.0,2.0,0.0,9.0,0.0,0.0,0.0,0.0,0.0,0.0,0.0,1.0,0.0,0.0,0.0,7.0,0.0,0.0,0.0,0.0,0.0,0.0,0.0,1.0,0.0,0.0,0.0,3.0,0.0,0.0,0.0,0.0,0.0,0.0,30.0,3.0,0.0,0.0,60.0,4.0,0.0,0.0,10.0,1.0,7,13
1092,202210040507,3.0,2.0,5.0,25.0,1.0,1.0,0.0,1.0,0.0,0.0,0.0,0.0,3.0,2.0,3.0,18.0,1.0,0.0,0.0,1.0,0.0,0.0,0.0,0.0,0.0,0.0,1.0,4.0,0.0,0.0,0.0,1.0,0.0,0.0,0.0,0.0,0.0,0.0,8.0,10.0,0.0,0.0,16.0,16.0,0.0,0.0,7.0,10.0,2,3
1093,202210040507,4.0,0.0,3.0,42.0,0.0,0.0,2.0,13.0,0.0,0.0,1.0,0.0,4.0,0.0,3.0,39.0,0.0,0.0,2.0,12.0,0.0,0.0,1.0,0.0,1.0,0.0,2.0,17.0,0.0,0.0,0.0,5.0,0.0,0.0,0.0,0.0,0.0,0.0,50.0,13.0,0.0,0.0,40.0,1.0,0.0,0.0,10.0,15.0,3,5
1094,202210040507,0.0,0.0,1.0,6.0,0.0,0.0,0.0,3.0,0.0,0.0,0.0,0.0,0.0,0.0,1.0,6.0,0.0,0.0,0.0,0.0,0.0,0.0,0.0,0.0,0.0,0.0,0.0,0.0,0.0,0.0,0.0,0.0,0.0,0.0,0.0,0.0,0.0,0.0,10.0,4.0,0.0,0.0,8.0,4.0,0.0,0.0,7.0,6.0,3,6
1095,202210040507,0.0,0.0,1.0,9.0,0.0,0.0,0.0,0.0,0.0,0.0,0.0,0.0,0.0,0.0,1.0,6.0,0.0,0.0,0.0,0.0,0.0,0.0,0.0,0.0,0.0,0.0,0.0,0.0,0.0,0.0,0.0,0.0,0.0,0.0,0.0,0.0,0.0,0.0,16.0,16.0,0.0,0.0,8.0,11.0,0.0,0.0,5.0,5.0,8,15
1096,202210040507,0.0,0.0,1.0,9.0,3.0,1.0,1.0,17.0,0.0,0.0,0.0,0.0,0.0,0.0,1.0,6.0,3.0,1.0,1.0,12.0,0.0,0.0,0.0,0.0,0.0,0.0,0.0,0.0,0.0,1.0,0.0,3.0,0.0,0.0,0.0,0.0,0.0,0.0,14.0,12.0,0.0,0.0,9.0,11.0,0.0,0.0,6.0,9.0,2,4
1097,202210040507,1.0,0.0,0.0,13.0,3.0,3.0,4.0,17.0,1.0,0.0,0.0,0.0,0.0,0.0,0.0,11.0,2.0,3.0,4.0,9.0,0.0,0.0,0.0,0.0,0.0,0.0,0.0,1.0,1.0,1.0,2.0,2.0,0.0,0.0,0.0,0.0,0.0,0.0,11.0,11.0,0.0,0.0,16.0,14.0,0.0,0.0,14.0,8.0,8,16
1098,202210040507,0.0,0.0,0.0,6.0,2.0,4.0,4.0,26.0,0.0,0.0,0.0,0.0,0.0,0.0,0.0,5.0,0.0,3.0,2.0,15.0,0.0,0.0,0.0,0.0,0.0,0.0,0.0,1.0,0.0,0.0,0.0,3.0,0.0,0.0,0.0,0.0,0.0,0.0,110.0,7.0,0.0,0.0,110.0,7.0,0.0,0.0,160.0,11.0,5,9
1099,202210040507,3.0,2.0,1.0,17.0,3.0,2.0,1.0,34.0,0.0,1.0,0.0,1.0,2.0,2.0,0.0,12.0,3.0,1.0,0.0,28.0,0.0,1.0,0.0,1.0,0.0,0.0,0.0,1.0,0.0,0.0,0.0,4.0,0.0,0.0,0.0,0.0,0.0,0.0,90.0,100.0,0.0,0.0,150.0,120.0,0.0,0.0,110.0,100.0,7,14
1100,202210040604,4.0,0.0,3.0,42.0,0.0,2.0,3.0,19.0,0.0,0.0,1.0,1.0,4.0,0.0,3.0,39.0,0.0,1.0,2.0,12.0,0.0,0.0,1.0,1.0,2.0,0.0,1.0,16.0,0.0,0.0,0.0,4.0,0.0,0.0,0.0,0.0,0.0,0.0,60.0,3.0,0.0,0.0,80.0,4.0,0.0,0.0,120.0,5.0,8,15
1101,202210040604,2.0,1.0,2.0,10.0,5.0,2.0,2.0,35.0,0.0,0.0,0.0,0.0,2.0,1.0,2.0,10.0,3.0,2.0,2.0,24.0,0.0,0.0,0.0,0.0,1.0,0.0,0.0,7.0,1.0,0.0,0.0,10.0,0.0,0.0,0.0,0.0,0.0,0.0,90.0,7.0,0.0,0.0,90.0,9.0,0.0,0.0,90.0,5.0,3,6
1102,202210040604,4.0,0.0,3.0,42.0,1.0,4.0,2.0,26.0,0.0,0.0,0.0,3.0,4.0,0.0,3.0,39.0,1.0,4.0,2.0,19.0,0.0,0.0,0.0,2.0,2.0,0.0,1.0,16.0,0.0,2.0,1.0,15.0,0.0,0.0,0.0,2.0,0.0,0.0,1.0,2.0,0.0,0.0,9.0,3.0,0.0,0.0,11.0,11.0,7,13
1103,202210040604,1.0,3.0,7.0,28.0,2.0,5.0,7.0,37.0,0.0,1.0,1.0,4.0,0.0,1.0,5.0,18.0,2.0,4.0,4.0,29.0,0.0,0.0,1.0,1.0,0.0,0.0,4.0,14.0,2.0,3.0,3.0,12.0,0.0,0.0,1.0,1.0,0.0,0.0,2.0,,0.0,0.0,12.0,15.0,0.0,0.0,3.0,4.0,3,5
1104,202210040604,0.0,0.0,0.0,13.0,2.0,4.0,4.0,26.0,0.0,0.0,0.0,0.0,0.0,0.0,0.0,11.0,0.0,3.0,2.0,15.0,0.0,0.0,0.0,0.0,0.0,0.0,0.0,8.0,0.0,3.0,1.0,8.0,0.0,0.0,0.0,0.0,0.0,0.0,16.0,16.0,0.0,0.0,13.0,2.0,0.0,0.0,7.0,5.0,8,16
1105,202210040604,1.0,0.0,1.0,13.0,0.0,1.0,2.0,0.0,0.0,0.0,0.0,0.0,1.0,0.0,1.0,7.0,0.0,0.0,0.0,0.0,0.0,0.0,0.0,0.0,1.0,0.0,0.0,4.0,0.0,0.0,0.0,0.0,0.0,0.0,0.0,0.0,0.0,0.0,20.0,10.0,0.0,0.0,110.0,6.0,0.0,0.0,80.0,15.0,1,2
1106,202210040604,0.0,0.0,0.0,6.0,7.0,3.0,1.0,25.0,0.0,0.0,0.0,0.0,0.0,0.0,0.0,3.0,5.0,2.0,1.0,19.0,0.0,0.0,0.0,0.0,0.0,0.0,0.0,3.0,0.0,1.0,1.0,14.0,0.0,0.0,0.0,0.0,0.0,0.0,6.0,2.0,0.0,0.0,16.0,7.0,0.0,0.0,14.0,12.0,6,11
1107,202210040604,0.0,0.0,0.0,0.0,1.0,0.0,0.0,1.0,0.0,0.0,0.0,0.0,0.0,0.0,0.0,0.0,1.0,0.0,0.0,1.0,0.0,0.0,0.0,0.0,0.0,0.0,0.0,0.0,0.0,0.0,0.0,0.0,0.0,0.0,0.0,0.0,0.0,0.0,2.0,6.0,0.0,0.0,6.0,8.0,0.0,0.0,7.0,12.0,5,10
1108,202210040604,0.0,3.0,0.0,16.0,1.0,0.0,0.0,6.0,0.0,0.0,0.0,0.0,0.0,3.0,0.0,15.0,0.0,0.0,0.0,4.0,0.0,0.0,0.0,0.0,0.0,2.0,0.0,7.0,0.0,0.0,0.0,3.0,0.0,0.0,0.0,0.0,0.0,0.0,2.0,2.0,0.0,0.0,5.0,9.0,0.0,0.0,3.0,8.0,2,3
1109,202210040604,0.0,0.0,0.0,8.0,2.0,2.0,3.0,25.0,0.0,0.0,0.0,0.0,0.0,0.0,0.0,2.0,1.0,2.0,2.0,20.0,0.0,0.0,0.0,0.0,0.0,0.0,0.0,1.0,0.0,1.0,2.0,5.0,0.0,0.0,0.0,0.0,0.0,0.0,30.0,8.0,0.0,0.0,40.0,2.0,0.0,0.0,30.0,3.0,6,12
1110,202210040604,5.0,2.0,2.0,35.0,0.0,1.0,1.0,0.0,0.0,0.0,0.0,0.0,4.0,2.0,2.0,25.0,0.0,0.0,0.0,0.0,0.0,0.0,0.0,0.0,0.0,1.0,1.0,9.0,0.0,0.0,0.0,0.0,0.0,0.0,0.0,0.0,0.0,0.0,2.0,1.0,0.0,0.0,12.0,13.0,0.0,0.0,13.0,7.0,4,7
1111,202210040604,0.0,1.0,0.0,0.0,0.0,0.0,0.0,2.0,0.0,0.0,0.0,0.0,0.0,1.0,0.0,0.0,0.0,0.0,0.0,2.0,0.0,0.0,0.0,0.0,0.0,0.0,0.0,0.0,0.0,0.0,0.0,1.0,0.0,0.0,0.0,0.0,0.0,0.0,3.0,7.0,0.0,0.0,10.0,12.0,0.0,0.0,9.0,7.0,5,9
1112,202210040604,0.0,0.0,0.0,4.0,0.0,0.0,0.0,3.0,0.0,0.0,0.0,0.0,0.0,0.0,0.0,4.0,0.0,0.0,0.0,1.0,0.0,0.0,0.0,0.0,0.0,0.0,0.0,4.0,0.0,0.0,0.0,0.0,0.0,0.0,0.0,0.0,0.0,0.0,60.0,,0.0,0.0,140.0,13.0,0.0,0.0,120.0,9.0,4,8
1113,202210040604,2.0,2.0,4.0,16.0,0.0,0.0,0.0,0.0,0.0,0.0,0.0,0.0,2.0,1.0,4.0,13.0,0.0,0.0,0.0,0.0,0.0,0.0,0.0,0.0,1.0,1.0,3.0,5.0,0.0,0.0,0.0,0.0,0.0,0.0,0.0,0.0,0.0,0.0,3.0,9.0,0.0,0.0,12.0,14.0,0.0,0.0,12.0,16.0,1,1
1114,202210040604,0.0,3.0,0.0,16.0,0.0,0.0,0.0,0.0,0.0,0.0,0.0,0.0,0.0,3.0,0.0,15.0,0.0,0.0,0.0,0.0,0.0,0.0,0.0,0.0,0.0,2.0,0.0,7.0,0.0,0.0,0.0,0.0,0.0,0.0,0.0,0.0,0.0,0.0,6.0,7.0,0.0,0.0,13.0,15.0,0.0,0.0,8.0,10.0,7,14
1115,202210040604,0.0,2.0,2.0,11.0,5.0,4.0,1.0,46.0,0.0,0.0,1.0,0.0,0.0,1.0,2.0,9.0,3.0,2.0,1.0,36.0,0.0,0.0,1.0,0.0,0.0,1.0,0.0,5.0,2.0,0.0,0.0,10.0,0.0,0.0,0.0,0.0,0.0,0.0,60.0,8.0,0.0,0.0,150.0,16.0,0.0,0.0,90.0,16.0,2,4
1116,202210040607,3.0,2.0,5.0,25.0,0.0,1.0,2.0,0.0,0.0,0.0,0.0,0.0,3.0,2.0,3.0,18.0,0.0,0.0,0.0,0.0,0.0,0.0,0.0,0.0,1.0,1.0,2.0,14.0,0.0,0.0,0.0,0.0,0.0,0.0,0.0,0.0,0.0,0.0,2.0,1.0,0.0,0.0,4.0,9.0,0.0,0.0,3.0,3.0,5,10
1117,202210040607,1.0,0.0,0.0,5.0,0.0,0.0,0.0,1.0,0.0,0.0,0.0,0.0,0.0,0.0,0.0,1.0,0.0,0.0,0.0,1.0,0.0,0.0,0.0,0.0,0.0,0.0,0.0,1.0,0.0,0.0,0.0,0.0,0.0,0.0,0.0,0.0,0.0,0.0,30.0,6.0,0.0,0.0,20.0,4.0,0.0,0.0,30.0,6.0,7,13
1118,202210040607,3.0,2.0,5.0,25.0,2.0,2.0,3.0,25.0,0.0,0.0,0.0,1.0,3.0,2.0,3.0,18.0,1.0,2.0,2.0,20.0,0.0,0.0,0.0,1.0,1.0,1.0,2.0,14.0,0.0,1.0,2.0,5.0,0.0,0.0,0.0,0.0,0.0,0.0,30.0,4.0,0.0,0.0,20.0,4.0,0.0,0.0,10.0,5.0,3,6
1119,202210040607,2.0,0.0,3.0,15.0,0.0,0.0,0.0,0.0,0.0,0.0,0.0,0.0,0.0,0.0,1.0,7.0,0.0,0.0,0.0,0.0,0.0,0.0,0.0,0.0,0.0,0.0,0.0,7.0,0.0,0.0,0.0,0.0,0.0,0.0,0.0,0.0,0.0,0.0,7.0,2.0,0.0,0.0,7.0,10.0,0.0,0.0,8.0,4.0,6,12
1120,202210040607,4.0,0.0,3.0,42.0,3.0,2.0,1.0,34.0,0.0,0.0,0.0,1.0,4.0,0.0,3.0,39.0,3.0,1.0,0.0,28.0,0.0,0.0,0.0,1.0,2.0,0.0,1.0,16.0,0.0,0.0,0.0,13.0,0.0,0.0,0.0,0.0,0.0,0.0,7.0,6.0,0.0,0.0,8.0,6.0,0.0,0.0,1.0,5.0,6,11
1121,202210040607,7.0,2.0,1.0,21.0,0.0,0.0,0.0,0.0,0.0,0.0,0.0,0.0,5.0,0.0,0.0,17.0,0.0,0.0,0.0,0.0,0.0,0.0,0.0,0.0,1.0,0.0,0.0,5.0,0.0,0.0,0.0,0.0,0.0,0.0,0.0,0.0,0.0,0.0,110.0,140.0,0.0,0.0,120.0,80.0,0.0,0.0,80.0,60.0,8,15
1122,202210040607,3.0,2.0,1.0,17.0,0.0,0.0,1.0,3.0,0.0,0.0,0.0,0.0,2.0,2.0,0.0,12.0,0.0,0.0,0.0,3.0,0.0,0.0,0.0,0.0,0.0,0.0,0.0,6.0,0.0,0.0,0.0,2.0,0.0,0.0,0.0,0.0,0.0,0.0,7.0,7.0,0.0,0.0,16.0,7.0,0.0,0.0,11.0,11.0,1,2
1123,202210040607,0.0,0.0,0.0,10.0,0.0,0.0,0.0,2.0,0.0,0.0,0.0,0.0,0.0,0.0,0.0,7.0,0.0,0.0,0.0,2.0,0.0,0.0,0.0,0.0,0.0,0.0,0.0,2.0,0.0,0.0,0.0,1.0,0.0,0.0,0.0,0.0,0.0,0.0,9.0,6.0,0.0,0.0,15.0,8.0,0.0,0.0,14.0,10.0,2,4
1124,202210040607,0.0,0.0,0.0,3.0,0.0,0.0,2.0,13.0,0.0,0.0,0.0,0.0,0.0,0.0,0.0,1.0,0.0,0.0,2.0,12.0,0.0,0.0,0.0,0.0,0.0,0.0,0.0,1.0,0.0,0.0,2.0,5.0,0.0,0.0,0.0,0.0,0.0,0.0,20.0,2.0,0.0,0.0,60.0,3.0,0.0,0.0,70.0,5.0,8,16
1125,202210040607,0.0,0.0,0.0,1.0,1.0,3.0,1.0,44.0,0.0,0.0,0.0,0.0,0.0,0.0,0.0,1.0,1.0,2.0,1.0,37.0,0.0,0.0,0.0,0.0,0.0,0.0,0.0,0.0,0.0,0.0,0.0,17.0,0.0,0.0,0.0,0.0,0.0,0.0,4.0,5.0,0.0,0.0,14.0,11.0,0.0,0.0,11.0,11.0,1,1
1126,202210040607,0.0,0.0,0.0,1.0,5.0,4.0,1.0,46.0,0.0,0.0,0.0,0.0,0.0,0.0,0.0,0.0,3.0,2.0,1.0,36.0,0.0,0.0,0.0,0.0,0.0,0.0,0.0,0.0,2.0,0.0,0.0,10.0,0.0,0.0,0.0,0.0,0.0,0.0,1.0,2.0,0.0,0.0,9.0,11.0,0.0,0.0,3.0,7.0,4,8
1127,202210040607,2.0,1.0,2.0,10.0,5.0,2.0,2.0,35.0,0.0,0.0,0.0,0.0,2.0,1.0,2.0,10.0,3.0,2.0,2.0,24.0,0.0,0.0,0.0,0.0,1.0,0.0,0.0,7.0,1.0,0.0,0.0,10.0,0.0,0.0,0.0,0.0,0.0,0.0,1.0,1.0,0.0,0.0,12.0,12.0,0.0,0.0,10.0,5.0,2,3
1128,202210040607,1.0,0.0,2.0,5.0,1.0,4.0,2.0,26.0,0.0,0.0,0.0,1.0,0.0,0.0,2.0,4.0,1.0,4.0,2.0,19.0,0.0,0.0,0.0,1.0,0.0,0.0,2.0,3.0,0.0,2.0,1.0,15.0,0.0,0.0,0.0,1.0,0.0,0.0,6.0,7.0,0.0,0.0,6.0,8.0,0.0,0.0,11.0,4.0,5,9
1129,202210040607,2.0,7.0,2.0,29.0,0.0,0.0,0.0,0.0,0.0,0.0,0.0,0.0,1.0,0.0,1.0,20.0,0.0,0.0,0.0,0.0,0.0,0.0,0.0,0.0,0.0,0.0,1.0,10.0,0.0,0.0,0.0,0.0,0.0,0.0,0.0,0.0,0.0,0.0,10.0,14.0,0.0,0.0,2.0,11.0,0.0,0.0,2.0,3.0,3,5
1130,202210040607,0.0,0.0,0.0,12.0,5.0,4.0,1.0,46.0,0.0,0.0,0.0,0.0,0.0,0.0,0.0,10.0,3.0,2.0,1.0,36.0,0.0,0.0,0.0,0.0,0.0,0.0,0.0,4.0,2.0,0.0,0.0,10.0,0.0,0.0,0.0,0.0,0.0,0.0,5.0,2.0,0.0,0.0,14.0,15.0,,,,,4,7
1131,202210040607,2.0,2.0,4.0,16.0,1.0,0.0,0.0,6.0,0.0,0.0,0.0,0.0,2.0,1.0,4.0,13.0,1.0,0.0,0.0,5.0,0.0,0.0,0.0,0.0,1.0,1.0,3.0,5.0,0.0,0.0,0.0,4.0,0.0,0.0,0.0,0.0,0.0,0.0,1.0,2.0,0.0,0.0,11.0,16.0,0.0,0.0,9.0,15.0,7,14
1132,202210040610,4.0,4.0,2.0,32.0,1.0,4.0,2.0,26.0,0.0,1.0,0.0,1.0,0.0,3.0,1.0,21.0,1.0,4.0,2.0,19.0,0.0,1.0,0.0,1.0,0.0,1.0,0.0,3.0,0.0,1.0,0.0,0.0,0.0,0.0,0.0,0.0,0.0,0.0,12.0,9.0,0.0,0.0,13.0,11.0,0.0,0.0,13.0,11.0,6,12
1133,202210040610,2.0,2.0,3.0,24.0,0.0,1.0,0.0,13.0,0.0,0.0,0.0,1.0,2.0,2.0,3.0,18.0,0.0,1.0,0.0,10.0,0.0,0.0,0.0,1.0,0.0,1.0,0.0,1.0,0.0,0.0,0.0,0.0,0.0,0.0,0.0,0.0,0.0,0.0,11.0,7.0,0.0,0.0,6.0,10.0,0.0,0.0,7.0,7.0,1,1
1134,202210040610,0.0,0.0,0.0,0.0,2.0,4.0,4.0,26.0,0.0,0.0,0.0,0.0,0.0,0.0,0.0,0.0,0.0,3.0,2.0,15.0,0.0,0.0,0.0,0.0,0.0,0.0,0.0,0.0,0.0,0.0,1.0,2.0,0.0,0.0,0.0,0.0,0.0,0.0,70.0,1.0,0.0,0.0,100.0,7.0,0.0,0.0,110.0,5.0,3,5
1135,202210040610,0.0,0.0,0.0,3.0,0.0,0.0,0.0,0.0,0.0,0.0,0.0,0.0,0.0,0.0,0.0,0.0,0.0,0.0,0.0,0.0,0.0,0.0,0.0,0.0,0.0,0.0,0.0,0.0,0.0,0.0,0.0,0.0,0.0,0.0,0.0,0.0,0.0,0.0,10.0,1.0,0.0,0.0,100.0,4.0,0.0,0.0,90.0,7.0,6,11
1136,202210040610,4.0,0.0,3.0,42.0,2.0,5.0,7.0,37.0,1.0,0.0,0.0,3.0,4.0,0.0,3.0,39.0,2.0,4.0,4.0,29.0,1.0,0.0,0.0,3.0,0.0,0.0,0.0,5.0,0.0,0.0,0.0,4.0,0.0,0.0,0.0,0.0,0.0,0.0,13.0,7.0,0.0,0.0,14.0,14.0,0.0,0.0,11.0,10.0,5,9
1137,202210040610,0.0,0.0,0.0,3.0,1.0,0.0,3.0,35.0,0.0,0.0,0.0,0.0,0.0,0.0,0.0,1.0,0.0,0.0,3.0,26.0,0.0,0.0,0.0,0.0,0.0,0.0,0.0,0.0,0.0,0.0,0.0,2.0,0.0,0.0,0.0,0.0,0.0,0.0,3.0,2.0,0.0,0.0,2.0,2.0,0.0,0.0,11.0,2.0,3,6
1138,202210040610,0.0,0.0,0.0,0.0,1.0,0.0,0.0,2.0,0.0,0.0,0.0,0.0,0.0,0.0,0.0,0.0,1.0,0.0,0.0,2.0,0.0,0.0,0.0,0.0,0.0,0.0,0.0,0.0,0.0,0.0,0.0,0.0,0.0,0.0,0.0,0.0,0.0,0.0,6.0,3.0,0.0,0.0,6.0,8.0,0.0,0.0,6.0,4.0,8,16
1139,202210040610,7.0,5.0,2.0,35.0,1.0,0.0,1.0,5.0,1.0,0.0,0.0,1.0,4.0,4.0,1.0,26.0,1.0,0.0,0.0,5.0,1.0,0.0,0.0,1.0,1.0,0.0,1.0,9.0,0.0,0.0,0.0,2.0,0.0,0.0,0.0,1.0,0.0,0.0,6.0,8.0,0.0,0.0,13.0,5.0,0.0,0.0,7.0,7.0,2,3
1140,202210040610,7.0,2.0,1.0,21.0,5.0,4.0,1.0,46.0,1.0,0.0,0.0,1.0,5.0,0.0,0.0,17.0,3.0,2.0,1.0,36.0,1.0,0.0,0.0,0.0,0.0,0.0,0.0,2.0,0.0,2.0,0.0,10.0,0.0,0.0,0.0,0.0,0.0,0.0,10.0,8.0,0.0,0.0,11.0,9.0,0.0,0.0,15.0,10.0,1,2
1141,202210040610,1.0,1.0,2.0,16.0,0.0,1.0,2.0,6.0,0.0,0.0,0.0,0.0,0.0,1.0,2.0,15.0,0.0,1.0,2.0,6.0,0.0,0.0,0.0,0.0,0.0,0.0,0.0,5.0,0.0,0.0,1.0,3.0,0.0,0.0,0.0,0.0,0.0,0.0,70.0,8.0,0.0,0.0,80.0,8.0,0.0,0.0,80.0,10.0,7,14
1142,202210040610,1.0,1.0,2.0,16.0,3.0,1.0,1.0,17.0,0.0,0.0,0.0,1.0,0.0,1.0,2.0,15.0,3.0,1.0,1.0,12.0,0.0,0.0,0.0,1.0,0.0,0.0,0.0,5.0,1.0,0.0,0.0,1.0,0.0,0.0,0.0,0.0,0.0,0.0,130.0,13.0,0.0,0.0,140.0,11.0,0.0,0.0,70.0,6.0,4,7
1143,202210040610,3.0,2.0,1.0,17.0,3.0,2.0,1.0,34.0,0.0,1.0,0.0,1.0,2.0,2.0,0.0,12.0,3.0,1.0,0.0,28.0,0.0,1.0,0.0,1.0,0.0,1.0,0.0,2.0,2.0,1.0,0.0,3.0,0.0,1.0,0.0,1.0,0.0,0.0,30.0,7.0,0.0,0.0,160.0,9.0,0.0,0.0,110.0,7.0,8,15
1144,202210040610,4.0,4.0,2.0,32.0,2.0,2.0,3.0,25.0,0.0,0.0,0.0,1.0,0.0,3.0,1.0,21.0,1.0,2.0,2.0,20.0,0.0,0.0,0.0,1.0,0.0,1.0,0.0,3.0,0.0,0.0,0.0,4.0,0.0,0.0,0.0,0.0,0.0,0.0,9.0,12.0,0.0,0.0,10.0,4.0,0.0,0.0,12.0,13.0,5,10
1145,202210040610,9.0,4.0,4.0,24.0,0.0,0.0,0.0,0.0,0.0,0.0,0.0,0.0,7.0,3.0,3.0,18.0,0.0,0.0,0.0,0.0,0.0,0.0,0.0,0.0,0.0,0.0,1.0,4.0,0.0,0.0,0.0,0.0,0.0,0.0,0.0,0.0,0.0,0.0,80.0,10.0,0.0,0.0,150.0,14.0,0.0,0.0,130.0,12.0,7,13
1146,202210040610,0.0,0.0,0.0,2.0,2.0,0.0,0.0,8.0,0.0,0.0,0.0,1.0,0.0,0.0,0.0,2.0,0.0,0.0,0.0,6.0,0.0,0.0,0.0,1.0,0.0,0.0,0.0,1.0,0.0,0.0,0.0,1.0,0.0,0.0,0.0,0.0,0.0,0.0,9.0,8.0,0.0,0.0,15.0,14.0,0.0,0.0,13.0,10.0,2,4
1147,202210040610,0.0,0.0,0.0,2.0,5.0,2.0,2.0,35.0,0.0,0.0,0.0,0.0,0.0,0.0,0.0,2.0,3.0,2.0,2.0,24.0,0.0,0.0,0.0,0.0,0.0,0.0,0.0,0.0,0.0,1.0,0.0,4.0,0.0,0.0,0.0,0.0,0.0,0.0,12.0,14.0,0.0,0.0,8.0,8.0,0.0,0.0,9.0,8.0,4,8
1148,202210040702,3.0,1.0,0.0,14.0,2.0,1.0,2.0,18.0,0.0,0.0,0.0,0.0,3.0,1.0,0.0,11.0,1.0,0.0,2.0,15.0,0.0,0.0,0.0,0.0,0.0,0.0,0.0,2.0,0.0,0.0,1.0,8.0,0.0,0.0,0.0,0.0,0.0,0.0,90.0,4.0,,,,,,,,,3,5
1149,202210040702,0.0,0.0,0.0,0.0,0.0,0.0,0.0,0.0,0.0,0.0,0.0,0.0,0.0,0.0,0.0,0.0,0.0,0.0,0.0,0.0,0.0,0.0,0.0,0.0,0.0,0.0,0.0,0.0,0.0,0.0,0.0,0.0,0.0,0.0,0.0,0.0,0.0,0.0,30.0,3.0,0.0,0.0,30.0,2.0,,,,,6,11
1150,202210040702,0.0,0.0,0.0,0.0,0.0,0.0,0.0,15.0,0.0,0.0,0.0,0.0,0.0,0.0,0.0,0.0,0.0,0.0,0.0,11.0,0.0,0.0,0.0,0.0,0.0,0.0,0.0,0.0,0.0,0.0,0.0,9.0,0.0,0.0,0.0,0.0,0.0,0.0,30.0,4.0,0.0,0.0,100.0,6.0,,,,,4,8
1151,202210040702,0.0,0.0,0.0,0.0,0.0,0.0,0.0,0.0,0.0,0.0,0.0,0.0,0.0,0.0,0.0,0.0,0.0,0.0,0.0,0.0,0.0,0.0,0.0,0.0,0.0,0.0,0.0,0.0,0.0,0.0,0.0,0.0,0.0,0.0,0.0,0.0,0.0,0.0,50.0,7.0,0.0,0.0,40.0,2.0,0.0,0.0,110.0,8.0,2,4
1152,202210040702,1.0,1.0,1.0,2.0,4.0,0.0,4.0,30.0,0.0,0.0,0.0,0.0,1.0,0.0,1.0,2.0,4.0,0.0,1.0,16.0,0.0,0.0,0.0,0.0,1.0,0.0,1.0,2.0,1.0,0.0,1.0,6.0,0.0,0.0,0.0,0.0,0.0,0.0,1.0,6.0,0.0,0.0,8.0,12.0,0.0,0.0,12.0,15.0,1,1
1153,202210040702,1.0,2.0,3.0,25.0,0.0,0.0,1.0,11.0,0.0,0.0,0.0,3.0,1.0,2.0,3.0,22.0,0.0,0.0,0.0,6.0,0.0,0.0,0.0,3.0,0.0,2.0,0.0,6.0,0.0,0.0,0.0,2.0,0.0,0.0,0.0,0.0,0.0,0.0,50.0,5.0,,,,,,,,,6,12
1154,202210040702,3.0,10.0,3.0,28.0,0.0,0.0,0.0,2.0,0.0,0.0,0.0,0.0,3.0,7.0,2.0,14.0,0.0,0.0,0.0,0.0,0.0,0.0,0.0,0.0,2.0,3.0,1.0,5.0,0.0,0.0,0.0,0.0,0.0,0.0,0.0,0.0,0.0,0.0,5.0,10.0,0.0,0.0,8.0,6.0,0.0,0.0,8.0,6.0,1,2
1155,202210040702,0.0,0.0,0.0,0.0,1.0,0.0,3.0,14.0,0.0,0.0,0.0,0.0,0.0,0.0,0.0,0.0,1.0,0.0,2.0,11.0,0.0,0.0,0.0,0.0,0.0,0.0,0.0,0.0,0.0,0.0,0.0,9.0,0.0,0.0,0.0,0.0,0.0,0.0,10.0,12.0,0.0,0.0,11.0,9.0,0.0,0.0,14.0,8.0,7,14
1156,202210040702,0.0,0.0,0.0,7.0,3.0,3.0,5.0,29.0,0.0,0.0,0.0,0.0,0.0,0.0,0.0,1.0,3.0,3.0,4.0,25.0,0.0,0.0,0.0,0.0,0.0,0.0,0.0,1.0,2.0,0.0,1.0,11.0,0.0,0.0,0.0,0.0,0.0,0.0,100.0,11.0,0.0,0.0,110.0,9.0,0.0,0.0,90.0,10.0,7,13
1157,202210040702,0.0,0.0,1.0,1.0,1.0,0.0,0.0,13.0,0.0,0.0,0.0,0.0,0.0,0.0,1.0,0.0,1.0,0.0,0.0,8.0,0.0,0.0,0.0,0.0,0.0,0.0,1.0,0.0,0.0,0.0,0.0,3.0,0.0,0.0,0.0,0.0,0.0,0.0,5.0,11.0,0.0,0.0,16.0,16.0,0.0,0.0,7.0,7.0,8,16
1158,202210040702,0.0,0.0,0.0,0.0,4.0,2.0,3.0,37.0,0.0,0.0,0.0,0.0,0.0,0.0,0.0,0.0,4.0,2.0,3.0,23.0,0.0,0.0,0.0,0.0,0.0,0.0,0.0,0.0,1.0,1.0,1.0,12.0,0.0,0.0,0.0,0.0,0.0,0.0,80.0,7.0,,,,,,,,,2,3
1159,202210040702,0.0,3.0,1.0,9.0,1.0,2.0,1.0,15.0,0.0,0.0,0.0,0.0,0.0,1.0,0.0,5.0,1.0,2.0,1.0,9.0,0.0,0.0,0.0,0.0,0.0,1.0,0.0,0.0,0.0,0.0,0.0,1.0,0.0,0.0,0.0,0.0,0.0,0.0,4.0,6.0,0.0,0.0,10.0,4.0,0.0,0.0,8.0,5.0,5,9
1160,202210040702,3.0,1.0,0.0,14.0,3.0,3.0,5.0,29.0,0.0,0.0,0.0,0.0,3.0,1.0,0.0,11.0,3.0,3.0,4.0,25.0,0.0,0.0,0.0,0.0,0.0,0.0,0.0,2.0,2.0,0.0,1.0,11.0,0.0,0.0,0.0,0.0,0.0,0.0,1.0,3.0,0.0,0.0,15.0,13.0,0.0,0.0,14.0,8.0,4,7
1161,202210040702,1.0,0.0,2.0,3.0,1.0,0.0,1.0,11.0,0.0,0.0,0.0,0.0,0.0,0.0,0.0,2.0,1.0,0.0,0.0,7.0,0.0,0.0,0.0,0.0,0.0,0.0,0.0,1.0,0.0,0.0,0.0,1.0,0.0,0.0,0.0,0.0,0.0,0.0,20.0,10.0,0.0,0.0,170.0,17.0,0.0,0.0,,,5,10
1162,202210040702,0.0,0.0,0.0,0.0,0.0,0.0,0.0,0.0,0.0,0.0,0.0,0.0,0.0,0.0,0.0,0.0,0.0,0.0,0.0,0.0,0.0,0.0,0.0,0.0,0.0,0.0,0.0,0.0,0.0,0.0,0.0,0.0,0.0,0.0,0.0,0.0,0.0,0.0,2.0,10.0,0.0,0.0,13.0,15.0,0.0,0.0,6.0,11.0,8,15
1163,202210040702,0.0,0.0,0.0,0.0,0.0,0.0,0.0,1.0,0.0,0.0,0.0,0.0,0.0,0.0,0.0,0.0,0.0,0.0,0.0,1.0,0.0,0.0,0.0,0.0,0.0,0.0,0.0,0.0,0.0,0.0,0.0,0.0,0.0,0.0,0.0,0.0,0.0,0.0,110.0,12.0,,,,,,,,,3,6
1164,202210040710,0.0,0.0,0.0,1.0,3.0,1.0,0.0,16.0,0.0,0.0,0.0,0.0,0.0,0.0,0.0,1.0,2.0,1.0,0.0,7.0,0.0,0.0,0.0,0.0,0.0,0.0,0.0,0.0,1.0,0.0,0.0,3.0,0.0,0.0,0.0,0.0,0.0,0.0,9.0,12.0,0.0,0.0,11.0,6.0,0.0,0.0,14.0,11.0,7,14
1165,202210040710,0.0,0.0,1.0,1.0,0.0,0.0,1.0,1.0,0.0,0.0,1.0,0.0,0.0,0.0,1.0,0.0,0.0,0.0,1.0,1.0,0.0,0.0,1.0,0.0,0.0,0.0,0.0,0.0,0.0,0.0,0.0,0.0,0.0,0.0,0.0,0.0,0.0,0.0,16.0,11.0,0.0,0.0,10.0,15.0,0.0,0.0,5.0,14.0,6,11
1166,202210040710,1.0,0.0,0.0,2.0,0.0,0.0,0.0,6.0,0.0,0.0,0.0,0.0,1.0,0.0,0.0,1.0,0.0,0.0,0.0,3.0,0.0,0.0,0.0,0.0,0.0,0.0,0.0,0.0,0.0,0.0,0.0,0.0,0.0,0.0,0.0,0.0,0.0,0.0,70.0,1.0,0.0,0.0,70.0,4.0,0.0,0.0,140.0,3.0,3,6
1167,202210040710,0.0,0.0,0.0,0.0,3.0,1.0,3.0,28.0,0.0,0.0,0.0,0.0,0.0,0.0,0.0,0.0,3.0,1.0,3.0,17.0,0.0,0.0,0.0,0.0,0.0,0.0,0.0,0.0,1.0,1.0,0.0,2.0,0.0,0.0,0.0,0.0,0.0,0.0,40.0,4.0,0.0,0.0,20.0,1.0,0.0,0.0,20.0,1.0,8,15
1168,202210040710,0.0,3.0,1.0,17.0,0.0,0.0,0.0,0.0,0.0,0.0,0.0,0.0,0.0,1.0,0.0,7.0,0.0,0.0,0.0,0.0,0.0,0.0,0.0,0.0,0.0,0.0,0.0,1.0,0.0,0.0,0.0,0.0,0.0,0.0,0.0,0.0,0.0,0.0,9.0,14.0,0.0,0.0,8.0,13.0,0.0,0.0,8.0,3.0,5,9
1169,202210040710,0.0,1.0,1.0,8.0,0.0,1.0,0.0,1.0,0.0,1.0,0.0,1.0,0.0,1.0,1.0,8.0,0.0,1.0,0.0,1.0,0.0,1.0,0.0,1.0,0.0,1.0,0.0,2.0,0.0,1.0,0.0,1.0,0.0,1.0,0.0,1.0,0.0,0.0,60.0,6.0,0.0,0.0,140.0,13.0,0.0,0.0,130.0,13.0,2,3
1170,202210040710,0.0,2.0,1.0,5.0,3.0,3.0,4.0,17.0,0.0,1.0,0.0,0.0,0.0,0.0,1.0,4.0,2.0,2.0,3.0,10.0,0.0,0.0,0.0,0.0,0.0,0.0,0.0,1.0,0.0,0.0,0.0,1.0,0.0,0.0,0.0,0.0,0.0,0.0,7.0,6.0,0.0,0.0,13.0,11.0,0.0,0.0,9.0,11.0,4,7
1171,202210040710,3.0,3.0,1.0,12.0,0.0,1.0,0.0,2.0,0.0,1.0,0.0,1.0,2.0,3.0,0.0,11.0,0.0,1.0,0.0,2.0,0.0,1.0,0.0,1.0,0.0,0.0,0.0,5.0,0.0,0.0,0.0,0.0,0.0,0.0,0.0,0.0,0.0,0.0,11.0,,0.0,0.0,4.0,9.0,0.0,0.0,5.0,8.0,6,12
1172,202210040710,3.0,1.0,1.0,11.0,2.0,0.0,0.0,1.0,0.0,0.0,0.0,0.0,3.0,1.0,1.0,10.0,2.0,0.0,0.0,1.0,0.0,0.0,0.0,0.0,0.0,0.0,0.0,3.0,0.0,0.0,0.0,1.0,0.0,0.0,0.0,0.0,0.0,0.0,40.0,4.0,0.0,0.0,60.0,10.0,0.0,0.0,70.0,9.0,8,16
1173,202210040710,1.0,1.0,0.0,2.0,3.0,1.0,0.0,16.0,0.0,0.0,0.0,0.0,1.0,1.0,0.0,1.0,2.0,1.0,0.0,7.0,0.0,0.0,0.0,0.0,1.0,0.0,0.0,0.0,1.0,0.0,0.0,3.0,0.0,0.0,0.0,0.0,0.0,0.0,100.0,2.0,0.0,0.0,60.0,1.0,0.0,0.0,150.0,8.0,5,10
1174,202210040710,0.0,0.0,0.0,11.0,0.0,0.0,0.0,0.0,0.0,0.0,0.0,0.0,0.0,0.0,0.0,9.0,0.0,0.0,0.0,0.0,0.0,0.0,0.0,0.0,0.0,0.0,0.0,0.0,0.0,0.0,0.0,0.0,0.0,0.0,0.0,0.0,0.0,0.0,12.0,5.0,0.0,0.0,10.0,11.0,0.0,0.0,12.0,11.0,4,8
1175,202210040710,1.0,0.0,0.0,2.0,1.0,0.0,0.0,0.0,0.0,0.0,0.0,0.0,1.0,0.0,0.0,2.0,0.0,0.0,0.0,0.0,0.0,0.0,0.0,0.0,0.0,0.0,0.0,1.0,0.0,0.0,0.0,0.0,0.0,0.0,0.0,0.0,0.0,0.0,4.0,7.0,0.0,0.0,15.0,9.0,0.0,0.0,14.0,14.0,3,5
1176,202210040710,3.0,0.0,1.0,27.0,4.0,0.0,2.0,13.0,0.0,0.0,0.0,1.0,3.0,0.0,1.0,19.0,3.0,0.0,1.0,10.0,0.0,0.0,0.0,1.0,1.0,0.0,0.0,8.0,1.0,0.0,0.0,1.0,0.0,0.0,0.0,0.0,0.0,0.0,6.0,8.0,0.0,0.0,11.0,11.0,0.0,0.0,14.0,13.0,1,1
1177,202210040710,0.0,1.0,0.0,4.0,3.0,3.0,4.0,17.0,0.0,1.0,0.0,0.0,0.0,1.0,0.0,1.0,2.0,2.0,3.0,10.0,0.0,1.0,0.0,0.0,0.0,0.0,0.0,0.0,0.0,0.0,0.0,1.0,0.0,0.0,0.0,0.0,0.0,0.0,15.0,13.0,0.0,0.0,18.0,15.0,0.0,0.0,14.0,8.0,7,13
1178,202210040710,0.0,2.0,1.0,5.0,0.0,0.0,0.0,0.0,0.0,0.0,0.0,0.0,0.0,2.0,0.0,2.0,0.0,0.0,0.0,0.0,0.0,0.0,0.0,0.0,0.0,1.0,0.0,0.0,0.0,0.0,0.0,0.0,0.0,0.0,0.0,0.0,0.0,0.0,120.0,9.0,0.0,0.0,120.0,5.0,0.0,0.0,70.0,8.0,1,2
1179,202210040710,1.0,0.0,1.0,7.0,2.0,1.0,2.0,18.0,0.0,0.0,0.0,1.0,1.0,0.0,1.0,4.0,2.0,1.0,2.0,15.0,0.0,0.0,0.0,1.0,0.0,0.0,0.0,0.0,1.0,0.0,0.0,2.0,0.0,0.0,0.0,0.0,0.0,0.0,3.0,4.0,0.0,0.0,8.0,8.0,0.0,0.0,9.0,12.0,2,4
1180,202210040712,0.0,0.0,0.0,6.0,0.0,0.0,0.0,2.0,0.0,0.0,0.0,0.0,0.0,0.0,0.0,6.0,0.0,0.0,0.0,1.0,0.0,0.0,0.0,0.0,0.0,0.0,0.0,3.0,0.0,0.0,0.0,0.0,0.0,0.0,0.0,0.0,0.0,0.0,20.0,2.0,0.0,0.0,30.0,2.0,0.0,0.0,10.0,2.0,7,12
1181,202210040712,0.0,2.0,2.0,16.0,0.0,1.0,0.0,1.0,0.0,0.0,0.0,0.0,0.0,1.0,2.0,14.0,0.0,0.0,0.0,1.0,0.0,0.0,0.0,0.0,0.0,0.0,1.0,5.0,0.0,0.0,0.0,1.0,0.0,0.0,0.0,0.0,0.0,0.0,8.0,10.0,0.0,0.0,16.0,16.0,0.0,0.0,7.0,10.0,5,8
1182,202210040712,0.0,0.0,0.0,0.0,0.0,1.0,0.0,13.0,0.0,0.0,0.0,0.0,0.0,0.0,0.0,0.0,0.0,0.0,0.0,9.0,0.0,0.0,0.0,0.0,0.0,0.0,0.0,0.0,0.0,0.0,0.0,6.0,0.0,0.0,0.0,0.0,0.0,0.0,80.0,7.0,0.0,0.0,7.0,1.0,0.0,0.0,10.0,10.0,1,1
1183,202210040712,0.0,0.0,0.0,0.0,0.0,1.0,0.0,13.0,0.0,0.0,0.0,0.0,0.0,0.0,0.0,0.0,0.0,0.0,0.0,9.0,0.0,0.0,0.0,0.0,0.0,0.0,0.0,0.0,0.0,0.0,0.0,6.0,0.0,0.0,0.0,0.0,0.0,0.0,110.0,11.0,0.0,0.0,8.0,11.0,0.0,0.0,6.0,10.0,3,4
1184,202210040712,4.0,1.0,3.0,17.0,1.0,2.0,2.0,7.0,0.0,0.0,0.0,2.0,4.0,1.0,3.0,15.0,0.0,1.0,1.0,7.0,0.0,0.0,0.0,2.0,3.0,1.0,2.0,5.0,0.0,1.0,0.0,2.0,0.0,0.0,0.0,0.0,0.0,0.0,4.0,2.0,0.0,0.0,15.0,10.0,0.0,0.0,10.0,8.0,5,7
1185,202210040712,0.0,0.0,0.0,0.0,0.0,0.0,0.0,0.0,0.0,0.0,0.0,0.0,0.0,0.0,0.0,0.0,0.0,0.0,0.0,0.0,0.0,0.0,0.0,0.0,0.0,0.0,0.0,0.0,0.0,0.0,0.0,0.0,0.0,0.0,0.0,0.0,0.0,0.0,4.0,2.0,0.0,0.0,6.0,5.0,0.0,0.0,3.0,8.0,6,10
1186,202210040712,0.0,0.0,3.0,10.0,3.0,3.0,4.0,17.0,0.0,0.0,1.0,2.0,0.0,0.0,3.0,9.0,2.0,2.0,3.0,10.0,0.0,0.0,1.0,2.0,0.0,0.0,0.0,7.0,2.0,1.0,2.0,4.0,0.0,0.0,0.0,0.0,0.0,0.0,6.0,7.0,0.0,0.0,6.0,2.0,0.0,0.0,7.0,7.0,4,6
1187,202210040712,0.0,0.0,0.0,2.0,0.0,1.0,0.0,1.0,0.0,0.0,0.0,0.0,0.0,0.0,0.0,2.0,0.0,1.0,0.0,1.0,0.0,0.0,0.0,0.0,0.0,0.0,0.0,0.0,0.0,1.0,0.0,0.0,0.0,0.0,0.0,0.0,0.0,0.0,,,0.0,0.0,100.0,11.0,0.0,0.0,130.0,12.0,3,3
1188,202210040712,0.0,0.0,0.0,0.0,1.0,0.0,0.0,3.0,0.0,0.0,0.0,0.0,0.0,0.0,0.0,0.0,0.0,0.0,0.0,3.0,0.0,0.0,0.0,0.0,0.0,0.0,0.0,0.0,0.0,0.0,0.0,2.0,0.0,0.0,0.0,0.0,0.0,0.0,40.0,30.0,0.0,0.0,120.0,60.0,0.0,0.0,140.0,60.0,4,5
1189,202210040712,0.0,0.0,0.0,0.0,3.0,3.0,4.0,17.0,0.0,0.0,0.0,0.0,0.0,0.0,0.0,0.0,2.0,2.0,3.0,10.0,0.0,0.0,0.0,0.0,0.0,0.0,0.0,0.0,2.0,1.0,2.0,4.0,0.0,0.0,0.0,0.0,0.0,0.0,50.0,4.0,0.0,0.0,30.0,10.0,0.0,0.0,20.0,3.0,8,13
1190,202210040712,0.0,0.0,1.0,1.0,1.0,0.0,3.0,9.0,0.0,0.0,0.0,0.0,0.0,0.0,1.0,1.0,0.0,0.0,1.0,5.0,0.0,0.0,0.0,0.0,0.0,0.0,0.0,0.0,0.0,0.0,0.0,1.0,0.0,0.0,0.0,0.0,0.0,0.0,20.0,1.0,0.0,0.0,160.0,14.0,0.0,0.0,110.0,11.0,6,9
1191,202210040712,4.0,1.0,3.0,17.0,1.0,0.0,1.0,5.0,0.0,0.0,0.0,1.0,4.0,1.0,3.0,15.0,0.0,0.0,1.0,5.0,0.0,0.0,0.0,1.0,3.0,1.0,2.0,5.0,0.0,0.0,1.0,3.0,0.0,0.0,0.0,0.0,0.0,0.0,8.0,9.0,0.0,0.0,9.0,10.0,0.0,0.0,7.0,9.0,2,2
1192,202210040712,0.0,0.0,0.0,0.0,0.0,0.0,0.0,2.0,0.0,0.0,0.0,0.0,0.0,0.0,0.0,0.0,0.0,0.0,0.0,2.0,0.0,0.0,0.0,0.0,0.0,0.0,0.0,0.0,0.0,0.0,0.0,0.0,0.0,0.0,0.0,0.0,0.0,0.0,50.0,9.0,0.0,0.0,20.0,9.0,0.0,0.0,10.0,5.0,7,11
1193,202210040712,0.0,0.0,0.0,2.0,0.0,2.0,1.0,7.0,0.0,0.0,0.0,0.0,0.0,0.0,0.0,1.0,0.0,0.0,0.0,3.0,0.0,0.0,0.0,0.0,0.0,0.0,0.0,0.0,0.0,0.0,0.0,1.0,0.0,0.0,0.0,0.0,0.0,0.0,60.0,5.0,0.0,0.0,130.0,14.0,0.0,0.0,130.0,7.0,8,14
1194,202210040803,0.0,0.0,0.0,4.0,4.0,2.0,3.0,37.0,0.0,0.0,0.0,0.0,0.0,0.0,0.0,4.0,4.0,2.0,3.0,23.0,0.0,0.0,0.0,0.0,0.0,0.0,0.0,1.0,1.0,1.0,1.0,12.0,0.0,0.0,0.0,0.0,0.0,0.0,3.0,9.0,0.0,0.0,8.0,11.0,0.0,0.0,5.0,9.0,7,14
1195,202210040803,0.0,0.0,0.0,2.0,4.0,2.0,3.0,37.0,0.0,0.0,0.0,0.0,0.0,0.0,0.0,1.0,4.0,2.0,3.0,23.0,0.0,0.0,0.0,0.0,0.0,0.0,0.0,1.0,1.0,1.0,1.0,12.0,0.0,0.0,0.0,0.0,0.0,0.0,80.0,5.0,0.0,0.0,90.0,5.0,0.0,0.0,70.0,5.0,8,16
1196,202210040803,2.0,0.0,0.0,4.0,1.0,4.0,6.0,37.0,0.0,0.0,0.0,1.0,2.0,0.0,0.0,3.0,1.0,3.0,5.0,26.0,0.0,0.0,0.0,1.0,1.0,0.0,0.0,2.0,1.0,1.0,2.0,6.0,0.0,0.0,0.0,0.0,0.0,0.0,10.0,14.0,0.0,0.0,8.0,3.0,0.0,0.0,2.0,4.0,7,13
1197,202210040803,3.0,10.0,3.0,28.0,1.0,2.0,1.0,21.0,0.0,2.0,0.0,1.0,3.0,7.0,2.0,14.0,0.0,2.0,0.0,17.0,0.0,2.0,0.0,0.0,2.0,3.0,1.0,5.0,0.0,0.0,0.0,4.0,0.0,0.0,0.0,0.0,0.0,0.0,50.0,2.0,0.0,0.0,110.0,7.0,,,,,6,12
1198,202210040803,0.0,0.0,1.0,10.0,0.0,2.0,2.0,3.0,0.0,0.0,0.0,0.0,0.0,0.0,1.0,10.0,0.0,1.0,2.0,2.0,0.0,0.0,0.0,0.0,0.0,0.0,1.0,5.0,0.0,1.0,2.0,1.0,0.0,0.0,0.0,0.0,0.0,0.0,20.0,4.0,0.0,0.0,110.0,9.0,0.0,0.0,40.0,6.0,1,2
1199,202210040803,2.0,2.0,4.0,23.0,0.0,0.0,0.0,0.0,0.0,0.0,0.0,0.0,1.0,0.0,2.0,17.0,0.0,0.0,0.0,0.0,0.0,0.0,0.0,0.0,1.0,0.0,1.0,9.0,0.0,0.0,0.0,0.0,0.0,0.0,0.0,0.0,0.0,0.0,1.0,1.0,0.0,0.0,13.0,6.0,0.0,0.0,7.0,5.0,3,6
1200,202210040803,0.0,0.0,0.0,3.0,0.0,0.0,1.0,6.0,0.0,0.0,0.0,0.0,0.0,0.0,0.0,2.0,0.0,0.0,1.0,6.0,0.0,0.0,0.0,0.0,0.0,0.0,0.0,2.0,0.0,0.0,0.0,1.0,0.0,0.0,0.0,0.0,0.0,0.0,3.0,7.0,0.0,0.0,3.0,5.0,0.0,0.0,3.0,4.0,5,10
1201,202210040803,0.0,0.0,1.0,1.0,0.0,0.0,1.0,11.0,0.0,0.0,0.0,0.0,0.0,0.0,1.0,0.0,0.0,0.0,1.0,6.0,0.0,0.0,0.0,0.0,0.0,0.0,1.0,0.0,0.0,0.0,1.0,2.0,0.0,0.0,0.0,0.0,0.0,0.0,10.0,3.0,0.0,0.0,60.0,2.0,0.0,0.0,30.0,7.0,3,5
1202,202210040803,0.0,1.0,1.0,5.0,0.0,0.0,0.0,2.0,0.0,0.0,0.0,0.0,0.0,1.0,0.0,2.0,0.0,0.0,0.0,2.0,0.0,0.0,0.0,0.0,0.0,1.0,0.0,1.0,0.0,0.0,0.0,1.0,0.0,0.0,0.0,0.0,0.0,0.0,3.0,2.0,0.0,0.0,11.0,13.0,0.0,0.0,18.0,16.0,4,7
1203,202210040803,0.0,0.0,0.0,4.0,2.0,2.0,1.0,3.0,0.0,0.0,0.0,0.0,0.0,0.0,0.0,3.0,2.0,2.0,1.0,2.0,0.0,0.0,0.0,0.0,0.0,0.0,0.0,3.0,1.0,1.0,0.0,0.0,0.0,0.0,0.0,0.0,0.0,0.0,6.0,10.0,0.0,0.0,1.0,3.0,0.0,0.0,3.0,3.0,2,3
1204,202210040803,1.0,2.0,3.0,25.0,0.0,1.0,0.0,11.0,0.0,0.0,0.0,1.0,1.0,2.0,3.0,22.0,0.0,1.0,0.0,7.0,0.0,0.0,0.0,1.0,0.0,2.0,0.0,6.0,0.0,1.0,0.0,3.0,0.0,0.0,0.0,0.0,0.0,0.0,6.0,2.0,0.0,0.0,12.0,11.0,0.0,0.0,9.0,4.0,4,8
1205,202210040803,0.0,0.0,0.0,3.0,0.0,2.0,2.0,3.0,0.0,0.0,0.0,0.0,0.0,0.0,0.0,3.0,0.0,1.0,2.0,2.0,0.0,0.0,0.0,0.0,0.0,0.0,0.0,3.0,0.0,1.0,2.0,1.0,0.0,0.0,0.0,0.0,0.0,0.0,7.0,12.0,0.0,0.0,8.0,5.0,0.0,0.0,8.0,9.0,6,11
1206,202210040803,0.0,0.0,0.0,0.0,0.0,1.0,0.0,11.0,0.0,0.0,0.0,0.0,0.0,0.0,0.0,0.0,0.0,1.0,0.0,7.0,0.0,0.0,0.0,0.0,0.0,0.0,0.0,0.0,0.0,1.0,0.0,3.0,0.0,0.0,0.0,0.0,0.0,0.0,40.0,12.0,0.0,0.0,30.0,5.0,0.0,0.0,10.0,6.0,5,9
1207,202210040803,1.0,1.0,1.0,2.0,0.0,0.0,0.0,0.0,0.0,0.0,0.0,0.0,1.0,0.0,1.0,2.0,0.0,0.0,0.0,0.0,0.0,0.0,0.0,0.0,1.0,0.0,1.0,2.0,0.0,0.0,0.0,0.0,0.0,0.0,0.0,0.0,0.0,0.0,15.0,14.0,0.0,0.0,9.0,15.0,0.0,0.0,16.0,7.0,2,4
1208,202210040803,0.0,0.0,0.0,4.0,0.0,0.0,0.0,0.0,0.0,0.0,0.0,0.0,0.0,0.0,0.0,3.0,0.0,0.0,0.0,0.0,0.0,0.0,0.0,0.0,0.0,0.0,0.0,3.0,0.0,0.0,0.0,0.0,0.0,0.0,0.0,0.0,0.0,0.0,7.0,9.0,0.0,0.0,11.0,15.0,0.0,0.0,6.0,14.0,1,1
1209,202210040803,0.0,0.0,0.0,4.0,2.0,1.0,2.0,18.0,0.0,0.0,0.0,1.0,0.0,0.0,0.0,3.0,1.0,0.0,2.0,15.0,0.0,0.0,0.0,1.0,0.0,0.0,0.0,3.0,0.0,0.0,1.0,8.0,0.0,0.0,0.0,1.0,0.0,0.0,10.0,5.0,0.0,0.0,14.0,16.0,0.0,0.0,14.0,14.0,8,15
1210,202210040806,0.0,0.0,0.0,3.0,0.0,0.0,0.0,1.0,0.0,0.0,0.0,0.0,0.0,0.0,0.0,1.0,0.0,0.0,0.0,0.0,0.0,0.0,0.0,0.0,0.0,0.0,0.0,1.0,0.0,0.0,0.0,0.0,0.0,0.0,0.0,0.0,0.0,0.0,60.0,2.0,0.0,0.0,30.0,6.0,0.0,0.0,20.0,4.0,5,9
1211,202210040806,0.0,0.0,0.0,3.0,4.0,2.0,3.0,17.0,0.0,0.0,0.0,0.0,0.0,0.0,0.0,2.0,3.0,2.0,2.0,6.0,0.0,0.0,0.0,0.0,0.0,0.0,0.0,2.0,1.0,1.0,1.0,3.0,0.0,0.0,0.0,0.0,0.0,0.0,16.0,16.0,0.0,0.0,13.0,2.0,0.0,0.0,7.0,5.0,3,5
1212,202210040806,0.0,0.0,0.0,0.0,0.0,0.0,0.0,0.0,0.0,0.0,0.0,0.0,0.0,0.0,0.0,0.0,0.0,0.0,0.0,0.0,0.0,0.0,0.0,0.0,0.0,0.0,0.0,0.0,0.0,0.0,0.0,0.0,0.0,0.0,0.0,0.0,0.0,0.0,1.0,4.0,0.0,0.0,5.0,3.0,0.0,0.0,2.0,2.0,1,1
1213,202210040806,1.0,0.0,2.0,3.0,1.0,0.0,2.0,16.0,0.0,0.0,0.0,0.0,0.0,0.0,0.0,2.0,0.0,0.0,2.0,12.0,0.0,0.0,0.0,0.0,0.0,0.0,0.0,1.0,0.0,0.0,1.0,4.0,0.0,0.0,0.0,0.0,0.0,0.0,2.0,2.0,0.0,0.0,14.0,12.0,0.0,0.0,12.0,16.0,5,8
1214,202210040806,0.0,1.0,1.0,2.0,0.0,0.0,0.0,3.0,0.0,0.0,0.0,0.0,0.0,1.0,1.0,2.0,0.0,0.0,0.0,3.0,0.0,0.0,0.0,0.0,0.0,1.0,1.0,0.0,0.0,0.0,0.0,1.0,0.0,0.0,0.0,0.0,0.0,0.0,10.0,20.0,0.0,0.0,130.0,140.0,0.0,0.0,90.0,150.0,2,2
1215,202210040806,1.0,2.0,3.0,25.0,1.0,0.0,2.0,16.0,0.0,0.0,0.0,2.0,1.0,2.0,3.0,22.0,0.0,0.0,2.0,12.0,0.0,0.0,0.0,2.0,0.0,2.0,0.0,6.0,0.0,0.0,1.0,4.0,0.0,0.0,0.0,0.0,0.0,0.0,7.0,6.0,0.0,0.0,8.0,6.0,0.0,0.0,1.0,5.0,6,11
1216,202210040806,0.0,0.0,0.0,0.0,0.0,1.0,0.0,3.0,0.0,0.0,0.0,0.0,0.0,0.0,0.0,0.0,0.0,0.0,0.0,1.0,0.0,0.0,0.0,0.0,0.0,0.0,0.0,0.0,0.0,0.0,0.0,1.0,0.0,0.0,0.0,0.0,0.0,0.0,10.0,2.0,0.0,0.0,10.0,2.0,0.0,0.0,10.0,2.0,7,13
1217,202210040806,0.0,0.0,0.0,3.0,4.0,0.0,4.0,30.0,0.0,0.0,0.0,0.0,0.0,0.0,0.0,1.0,4.0,0.0,1.0,16.0,0.0,0.0,0.0,0.0,0.0,0.0,0.0,1.0,1.0,0.0,1.0,6.0,0.0,0.0,0.0,0.0,0.0,0.0,50.0,6.0,,,,,,,,,8,14
1218,202210040806,0.0,0.0,0.0,0.0,0.0,1.0,0.0,10.0,0.0,0.0,0.0,0.0,0.0,0.0,0.0,0.0,0.0,1.0,0.0,10.0,0.0,0.0,0.0,0.0,0.0,0.0,0.0,0.0,0.0,1.0,0.0,9.0,0.0,0.0,0.0,0.0,0.0,0.0,80.0,2.0,0.0,0.0,130.0,6.0,0.0,0.0,120.0,9.0,6,10
1219,202210040806,1.0,2.0,1.0,7.0,0.0,0.0,0.0,1.0,0.0,0.0,0.0,0.0,1.0,1.0,1.0,5.0,0.0,0.0,0.0,1.0,0.0,0.0,0.0,0.0,1.0,0.0,0.0,2.0,0.0,0.0,0.0,0.0,0.0,0.0,0.0,0.0,0.0,0.0,7.0,2.0,0.0,0.0,7.0,10.0,0.0,0.0,8.0,4.0,4,7
1220,202210040806,1.0,0.0,1.0,10.0,6.0,3.0,3.0,18.0,0.0,0.0,0.0,0.0,1.0,0.0,1.0,8.0,3.0,2.0,3.0,11.0,0.0,0.0,0.0,0.0,1.0,0.0,1.0,5.0,1.0,0.0,1.0,5.0,0.0,0.0,0.0,0.0,0.0,0.0,90.0,7.0,0.0,0.0,90.0,9.0,0.0,0.0,90.0,5.0,2,3
1221,202210040806,1.0,0.0,1.0,3.0,1.0,0.0,0.0,3.0,0.0,0.0,0.0,0.0,1.0,0.0,1.0,3.0,1.0,0.0,0.0,3.0,0.0,0.0,0.0,0.0,0.0,0.0,0.0,0.0,0.0,0.0,0.0,1.0,0.0,0.0,0.0,0.0,0.0,0.0,8.0,4.0,0.0,0.0,8.0,5.0,0.0,0.0,9.0,5.0,4,6
1222,202210040806,1.0,0.0,0.0,8.0,1.0,2.0,1.0,21.0,0.0,0.0,0.0,0.0,1.0,0.0,0.0,5.0,0.0,2.0,0.0,17.0,0.0,0.0,0.0,0.0,0.0,0.0,0.0,4.0,0.0,0.0,0.0,4.0,0.0,0.0,0.0,0.0,0.0,0.0,50.0,3.0,0.0,0.0,30.0,4.0,0.0,0.0,20.0,4.0,7,12
1223,202210040806,2.0,2.0,4.0,23.0,2.0,1.0,2.0,18.0,0.0,0.0,0.0,0.0,1.0,0.0,2.0,17.0,1.0,0.0,2.0,15.0,0.0,0.0,0.0,0.0,1.0,0.0,1.0,9.0,0.0,0.0,1.0,8.0,0.0,0.0,0.0,0.0,0.0,0.0,70.0,3.0,,,,,,,,,8,15
1224,202210040806,4.0,3.0,1.0,21.0,1.0,4.0,6.0,37.0,0.0,1.0,0.0,3.0,2.0,2.0,0.0,16.0,1.0,3.0,5.0,26.0,0.0,0.0,0.0,1.0,1.0,0.0,0.0,8.0,1.0,1.0,2.0,6.0,0.0,0.0,0.0,1.0,0.0,0.0,2.0,,0.0,0.0,12.0,15.0,0.0,0.0,3.0,4.0,3,4
1225,202210040810,0.0,0.0,0.0,1.0,1.0,1.0,0.0,0.0,0.0,0.0,0.0,0.0,0.0,0.0,0.0,1.0,0.0,0.0,0.0,0.0,0.0,0.0,0.0,0.0,0.0,0.0,0.0,0.0,0.0,0.0,0.0,0.0,0.0,0.0,0.0,0.0,0.0,0.0,14.0,12.0,0.0,0.0,14.0,11.0,0.0,0.0,13.0,10.0,4,6
1226,202210040810,2.0,2.0,4.0,23.0,3.0,2.0,4.0,25.0,0.0,0.0,1.0,3.0,1.0,0.0,2.0,17.0,2.0,1.0,3.0,19.0,0.0,0.0,1.0,3.0,0.0,0.0,0.0,1.0,0.0,0.0,0.0,1.0,0.0,0.0,0.0,0.0,0.0,0.0,2.0,3.0,0.0,0.0,10.0,12.0,0.0,0.0,10.0,8.0,7,12
1227,202210040810,3.0,10.0,3.0,28.0,3.0,2.0,4.0,25.0,1.0,0.0,1.0,1.0,3.0,7.0,2.0,14.0,2.0,1.0,3.0,19.0,1.0,0.0,1.0,1.0,0.0,1.0,0.0,1.0,0.0,0.0,0.0,1.0,0.0,0.0,0.0,1.0,0.0,0.0,90.0,11.0,0.0,0.0,9.0,5.0,0.0,0.0,14.0,15.0,8,14
1228,202210040810,0.0,0.0,0.0,1.0,3.0,3.0,5.0,29.0,0.0,0.0,0.0,0.0,0.0,0.0,0.0,0.0,3.0,3.0,4.0,25.0,0.0,0.0,0.0,0.0,0.0,0.0,0.0,0.0,0.0,0.0,1.0,1.0,0.0,0.0,0.0,0.0,0.0,0.0,40.0,1.0,0.0,0.0,10.0,1.0,0.0,0.0,20.0,3.0,3,3
1229,202210040810,0.0,0.0,1.0,10.0,1.0,2.0,1.0,21.0,0.0,0.0,0.0,1.0,0.0,0.0,1.0,10.0,0.0,2.0,0.0,17.0,0.0,0.0,0.0,1.0,0.0,0.0,0.0,1.0,0.0,0.0,0.0,2.0,0.0,0.0,0.0,0.0,0.0,0.0,50.0,2.0,0.0,0.0,20.0,13.0,0.0,0.0,10.0,2.0,7,11
1230,202210040810,1.0,0.0,0.0,8.0,2.0,2.0,0.0,17.0,0.0,0.0,0.0,0.0,1.0,0.0,0.0,5.0,1.0,1.0,0.0,13.0,0.0,0.0,0.0,0.0,0.0,0.0,0.0,1.0,0.0,0.0,0.0,1.0,0.0,0.0,0.0,0.0,0.0,0.0,7.0,12.0,0.0,0.0,10.0,10.0,0.0,0.0,16.0,13.0,5,7
1231,202210040810,2.0,2.0,4.0,23.0,1.0,0.0,0.0,13.0,0.0,0.0,0.0,0.0,1.0,0.0,2.0,17.0,1.0,0.0,0.0,8.0,0.0,0.0,0.0,0.0,0.0,0.0,0.0,1.0,0.0,0.0,0.0,0.0,0.0,0.0,0.0,0.0,0.0,0.0,11.0,9.0,0.0,0.0,14.0,14.0,0.0,0.0,12.0,9.0,6,9
1232,202210040810,3.0,2.0,4.0,31.0,0.0,1.0,0.0,0.0,0.0,1.0,0.0,0.0,2.0,2.0,3.0,21.0,0.0,1.0,0.0,0.0,0.0,1.0,0.0,0.0,0.0,0.0,0.0,2.0,0.0,0.0,0.0,0.0,0.0,0.0,0.0,0.0,0.0,0.0,40.0,5.0,0.0,0.0,30.0,3.0,0.0,0.0,80.0,11.0,6,10
1233,202210040810,0.0,0.0,0.0,0.0,1.0,0.0,3.0,14.0,0.0,0.0,0.0,0.0,0.0,0.0,0.0,0.0,1.0,0.0,2.0,11.0,0.0,0.0,0.0,0.0,0.0,0.0,0.0,0.0,0.0,0.0,0.0,0.0,0.0,0.0,0.0,0.0,0.0,0.0,9.0,4.0,0.0,0.0,6.0,7.0,0.0,0.0,4.0,9.0,3,4
1234,202210040810,4.0,1.0,1.0,8.0,3.0,3.0,5.0,29.0,0.0,0.0,0.0,0.0,1.0,0.0,1.0,3.0,3.0,3.0,4.0,25.0,0.0,0.0,0.0,0.0,0.0,0.0,0.0,0.0,0.0,0.0,1.0,1.0,0.0,0.0,0.0,0.0,0.0,0.0,15.0,15.0,0.0,0.0,8.0,12.0,0.0,0.0,10.0,9.0,8,13
1235,202210040810,1.0,0.0,1.0,3.0,0.0,0.0,0.0,0.0,0.0,0.0,0.0,0.0,1.0,0.0,1.0,3.0,0.0,0.0,0.0,0.0,0.0,0.0,0.0,0.0,0.0,0.0,0.0,0.0,0.0,0.0,0.0,0.0,0.0,0.0,0.0,0.0,0.0,0.0,9.0,10.0,0.0,0.0,13.0,13.0,0.0,0.0,13.0,16.0,5,8
1236,202210040810,3.0,1.0,0.0,14.0,4.0,2.0,3.0,37.0,0.0,0.0,0.0,1.0,3.0,1.0,0.0,11.0,4.0,2.0,3.0,23.0,0.0,0.0,0.0,1.0,0.0,0.0,0.0,1.0,0.0,0.0,0.0,1.0,0.0,0.0,0.0,0.0,0.0,0.0,100.0,6.0,0.0,0.0,100.0,9.0,0.0,0.0,100.0,12.0,1,1
1237,202210040810,0.0,1.0,1.0,2.0,1.0,0.0,2.0,16.0,0.0,0.0,0.0,0.0,0.0,1.0,1.0,2.0,0.0,0.0,2.0,12.0,0.0,0.0,0.0,0.0,0.0,0.0,0.0,0.0,0.0,0.0,1.0,0.0,0.0,0.0,0.0,0.0,0.0,0.0,12.0,9.0,0.0,0.0,14.0,12.0,0.0,0.0,14.0,13.0,4,5
1238,202210040810,1.0,0.0,2.0,7.0,1.0,4.0,6.0,37.0,0.0,0.0,0.0,0.0,1.0,0.0,1.0,5.0,1.0,3.0,5.0,26.0,0.0,0.0,0.0,0.0,0.0,0.0,0.0,0.0,0.0,1.0,1.0,2.0,0.0,0.0,0.0,0.0,0.0,0.0,13.0,14.0,0.0,0.0,7.0,1.0,0.0,0.0,8.0,5.0,2,2
