,race_id,f_course1,f_course2,f_course3,f_courseout,mf_course1,mf_course2,mf_course3,mf_courseout,f_mf_course1,f_mf_course2,f_mf_course3,f_mf_courseout,f_len1,f_len2,f_len3,f_lenout,mf_len1,mf_len2,mf_len3,mf_classout,f_mf_len1,f_mf_len2,f_mf_len3,f_mf_classout,f_class1,f_class2,f_class3,f_classout,mf_class1,mf_class2,mf_class3,mf_classout,f_mf_class1,f_mf_class2,f_mf_class3,f_mf_classout,time_df_course1,time_df_class1,ninki_1,result_1,agari_1,margin_1,corner_ratio_1,time_df_course2,time_df_class2,ninki_2,result_2,agari_2,margin_2,corner_ratio_2,time_df_course3,time_df_class3,ninki_3,result_3,agari_3,margin_3,corner_ratio_3,rank_trend,weight_change,dist_change,jockey_win_rate,jockey_place_rate,waku,umaban,current_odds,current_popularity,father_cat,mother_father_cat,paternal_gf_cat,time_df_course4,time_df_class4,ninki_4,result_4,agari_4,margin_4,corner_ratio_4,time_df_course5,time_df_class5,ninki_5,result_5,agari_5,margin_5,corner_ratio_5,rank_trend_5,win_rate_recent5,kinryo,days_since_last_race,n_horses_today,n_horses_1,horse_weight_abs_1,corner_chase_1,corner_chase_2,corner_chase_3,corner_chase_4,corner_chase_5,agari_trend_5,time_diff_trend_5,agari_df_course_1,agari_df_course_2,agari_df_course_3,agari_df_course_4,agari_df_course_5,corner_ratio_std5,agari_std5,kinryo_diff_1,same_course_cnt5,same_course_pr5,trainer_win_rate,trainer_place_rate,same_cond_cnt5,same_cond_pr5,f_ground_delta,mf_ground_delta
0,202310010106,0,0,0,0,0,2,1,22,0,0,0,0,0,0,0,0,0,1,0,6,0,0,0,0,0,0,0,0,0,0,0,3,0,0,0,0,0.0,0.0,14.0,10.0,38.8,2.1,0.7142857142857143,0.0,0.0,7.0,9.0,37.8,1.2,0.5333333333333333,0.0,0.0,9.0,6.0,39.1,1.2,0.6,-2.0,4.0,200.0,0.09230769230769231,0.27692307692307694,7,10,8.1,6.0,1045,1558,969,0.0,0.0,7.0,9.0,37.9,0.8,0.2727272727272727,0.0,0.0,5.0,1.0,37.5,0.0,0.35714285714285715,-1.8,0.2,54.0,-616.0,13.0,14.0,476.0,-0.14285714285714285,-0.26666666666666666,-0.1,0.0,0.0,0.24999999999999928,0.0,-0.8259000000000043,-1.409400000000005,-0.5259,-1.7259000000000029,-1.0775999999999968,0.16061705193367032,0.6177378084592204,0.0,0.0,,0.09375,0.3125,0.0,,,-0.05200559701492538
1,202310010106,0,0,0,9,2,4,3,37,0,0,0,1,0,0,0,3,1,1,0,10,0,0,0,0,0,0,0,1,1,1,0,7,0,0,0,0,0.0,0.0,10.0,9.0,39.1,1.6,0.75,0.0,0.0,3.0,9.0,36.4,1.4,0.9285714285714286,0.0,0.0,9.0,5.0,35.3,0.4,0.08333333333333333,-2.0,7.0,300.0,,,1,1,4.9,1.0,1657,1428,1317,0.0,0.0,5.0,13.0,35.2,0.4,0.7222222222222222,0.0,0.0,1.0,14.0,43.1,3.6,0.125,1.4,0.0,56.0,-517.0,13.0,12.0,499.0,0.08333333333333333,-0.21428571428571427,0.0,0.0,0.125,-0.6800000000000004,0.0,-0.2926000000000002,0.9407999999999959,-0.8658000000000001,0.04690000000000083,3.5533,0.34854284006856856,2.991588206956299,0.0,1.0,0.0,0.06666666666666667,0.36666666666666664,0.0,,-0.1385419032477856,-0.04903742873667685
2,202310010106,2,3,0,12,5,1,4,41,1,0,0,0,2,1,0,5,1,0,0,13,1,0,0,0,1,1,0,5,1,0,0,6,1,0,0,0,0.0,0.0,1.0,2.0,40.2,0.7,0.25,0.0,0.0,4.0,9.0,35.7,2.2,0.17647058823529413,0.0,0.0,8.0,9.0,34.6,1.0,0.3333333333333333,3.5,3.0,600.0,0.0,0.07142857142857142,5,7,20.8,8.0,1642,1167,1124,0.0,0.0,2.0,11.0,37.6,1.9,0.23076923076923078,0.0,0.0,8.0,2.0,36.6,0.2,0.07692307692307693,0.2,0.4,50.0,-550.0,13.0,8.0,479.0,0.0,0.058823529411764705,0.0,0.0,0.0,0.5300000000000005,0.0,2.5357000000000056,-0.21659999999999968,-1.316600000000001,1.8626000000000005,-0.7453000000000003,0.0848704157632033,1.9074590428106184,-4.0,3.0,0.3333333333333333,0.1388888888888889,0.3055555555555556,1.0,1.0,0.08771929824561403,-0.034969779203157775
3,202310010106,0,0,0,9,2,4,3,37,0,0,0,1,0,0,0,3,1,1,0,10,0,0,0,0,0,0,0,1,1,1,0,7,0,0,0,0,0.0,0.0,9.0,10.0,34.0,0.8,0.5625,0.0,0.0,6.0,4.0,33.3,0.2,0.6666666666666666,0.0,0.0,2.0,8.0,38.0,1.3,0.4375,-1.0,-2.0,400.0,0.16981132075471697,0.4528301886792453,8,12,5.1,3.0,1657,1428,1317,0.0,0.0,3.0,3.0,36.2,0.5,0.4375,0.0,0.0,2.0,3.0,35.5,0.3,0.3125,-1.5,0.4,54.0,-260.0,13.0,16.0,426.0,-0.0625,0.1111111111111111,0.0,0.0,0.125,-0.5900000000000005,0.0,-1.2633999999999972,-1.7747000000000028,2.0833999999999975,0.7408000000000001,-1.8453000000000017,0.12104865871944957,1.6601204775557716,0.0,2.0,0.5,0.11538461538461539,0.23076923076923078,1.0,1.0,-0.1385419032477856,-0.04903742873667685
4,202310010106,0,2,2,28,0,0,0,1,0,0,0,0,0,1,0,7,0,0,0,0,0,0,0,0,0,1,0,6,0,0,0,0,0,0,0,0,0.0,0.0,20.0,3.0,35.0,0.6,0.7777777777777778,0.0,0.0,20.0,6.0,34.3,1.4,0.8125,,,,,,,,3.0,-2.0,0.0,0.0,0.13157894736842105,2,2,6.0,5.0,1098,975,1294,,,,,,,,,,,,,,,3.0,0.5,56.0,161.0,13.0,9.0,438.0,0.1111111111111111,0.0,,,,0.7000000000000028,0.0,-0.9166000000000025,-0.8064999999999998,,,,0.017361111111111105,0.3500000000000014,2.0,1.0,1.0,0.10714285714285714,0.4642857142857143,0.0,,-0.06047008547008548,
5,202310010106,0,0,0,1,1,0,0,9,0,0,0,0,0,0,0,0,0,0,0,2,0,0,0,0,0,0,0,0,0,0,0,1,0,0,0,0,0.0,0.0,6.0,3.0,39.5,0.1,0.75,0.0,0.0,9.0,8.0,35.1,0.6,0.9375,0.0,0.0,12.0,3.0,37.5,0.3,0.9333333333333333,0.0,17.0,130.0,0.078125,0.234375,6,9,89.1,10.0,1399,1599,1428,0.0,0.0,11.0,9.0,34.3,1.2,0.875,0.0,0.0,8.0,9.0,35.1,0.5,1.0,1.3,0.4,54.0,-559.0,13.0,8.0,415.0,-0.25,-0.0625,-0.26666666666666666,-0.0625,-0.08333333333333333,0.9600000000000002,0.0,,-0.8166000000000011,0.15469999999999828,-1.6166000000000054,-0.8166000000000011,0.08442616761275959,1.9266551326067674,2.0,4.0,0.25,0.0,0.0,1.0,1.0,-0.01785714285714285,0.07758620689655171
6,202310010106,0,1,1,3,0,0,0,0,0,0,0,0,0,0,1,1,0,0,0,0,0,0,0,0,0,0,1,1,0,0,0,0,0,0,0,0,0.0,0.0,6.0,14.0,38.9,2.9,0.16666666666666666,0.0,0.0,3.0,5.0,38.3,0.6,0.07692307692307693,0.0,0.0,5.0,5.0,35.1,0.5,0.07692307692307693,-4.5,-4.0,0.0,0.14516129032258066,0.3709677419354839,4,4,28.5,9.0,1243,1736,1428,0.0,0.0,4.0,8.0,38.3,1.4,0.1111111111111111,0.0,0.0,8.0,3.0,35.1,0.3,0.06666666666666667,-1.9,0.2,56.0,-204.0,13.0,18.0,450.0,0.1111111111111111,0.0,0.0,0.05555555555555555,0.0,0.7599999999999995,0.0,2.983399999999996,2.269999999999996,-0.3468000000000018,0.8552999999999997,-0.9299999999999997,0.03672469657392594,1.6799999999999982,0.0,1.0,0.0,0.2857142857142857,0.5714285714285714,0.0,,-0.0681003584229391,
7,202310010106,0,0,0,1,0,0,0,0,0,0,0,0,0,0,0,0,0,0,0,0,0,0,0,0,0,0,0,0,0,0,0,0,0,0,0,0,0.0,0.0,8.0,10.0,39.7,3.0,0.5,0.0,0.0,6.0,3.0,40.8,1.0,0.5,0.0,0.0,9.0,8.0,35.3,0.7,0.6666666666666666,-1.0,-3.0,200.0,0.06060606060606061,0.21212121212121213,6,8,16.0,7.0,1676,1691,1428,0.0,0.0,8.0,7.0,37.0,1.1,0.8888888888888888,0.0,0.0,13.0,9.0,36.3,1.1,0.7857142857142857,0.2,0.2,55.0,-652.0,13.0,10.0,436.0,0.5,-0.125,0.3333333333333333,-0.1111111111111111,-0.07142857142857142,1.060000000000001,0.0,0.07410000000000139,,-0.730000000000004,0.8342000000000027,0.38339999999999463,0.15433600330072048,2.0855694665965943,-3.0,2.0,0.0,0.0,0.3333333333333333,0.0,,,
8,202310010106,0,0,0,0,1,1,0,16,0,0,0,0,0,0,0,0,0,0,0,4,0,0,0,0,0,0,0,0,0,0,0,4,0,0,0,0,0.0,0.0,40.0,3.0,36.2,0.8,0.07692307692307693,0.0,0.0,90.0,7.0,34.4,0.4,0.7692307692307693,0.0,0.0,50.0,6.0,35.2,0.7,0.3,1.5,0.0,0.0,0.06944444444444445,0.3472222222222222,7,11,5.3,4.0,1045,1362,969,0.0,0.0,50.0,2.0,35.4,0.0,0.18181818181818182,,,,,,,,-0.4,0.5,56.0,35.0,13.0,13.0,486.0,0.0,0.15384615384615385,0.0,0.0,,0.16000000000000086,0.0,0.2834000000000003,-1.0592000000000041,-0.7165999999999997,-0.05920000000000414,,0.2644870320853694,0.6403124237432862,1.0,2.0,0.5,0.1111111111111111,0.3888888888888889,0.0,,,0.0826923076923077
9,202310010106,0,0,0,0,2,1,1,11,0,0,0,0,0,0,0,0,0,0,0,1,0,0,0,0,0,0,0,0,0,0,0,1,0,0,0,0,0.0,0.0,3.0,11.0,43.4,3.3,0.4166666666666667,0.0,0.0,13.0,15.0,37.5,2.0,0.16666666666666666,0.0,0.0,11.0,5.0,36.4,1.4,0.5,-3.0,7.0,500.0,0.08695652173913043,0.21739130434782608,4,5,99.9,11.0,1246,1393,533,0.0,0.0,7.0,11.0,40.0,4.1,0.18181818181818182,0.0,0.0,8.0,9.0,38.1,0.9,0.8,-0.8,0.0,55.0,-543.0,13.0,12.0,467.0,0.16666666666666666,0.4444444444444444,0.21428571428571427,0.09090909090909091,-0.4,0.8099999999999994,0.0,,1.5833999999999975,0.48339999999999606,4.0833999999999975,1.9342000000000041,0.23301355497997905,2.455524383914767,-1.0,4.0,0.0,0.030303030303030304,0.3333333333333333,0.0,,,-0.10994028802247979
10,202310010106,3,1,2,21,0,0,0,0,0,0,0,0,2,0,1,5,0,0,0,0,0,0,0,0,2,0,1,5,0,0,0,0,0,0,0,0,0.0,0.0,1.0,8.0,43.1,1.5,0.5833333333333334,0.0,0.0,6.0,7.0,39.3,2.7,0.08333333333333333,0.0,0.0,5.0,12.0,40.5,2.3,0.0625,2.0,-2.0,600.0,0.11702127659574468,0.3404255319148936,8,13,5.0,2.0,1152,1645,1428,0.0,0.0,2.0,11.0,37.5,1.3,0.23076923076923078,0.0,0.0,3.0,4.0,36.8,0.2,0.1111111111111111,-0.4,0.0,56.0,-558.0,13.0,12.0,456.0,0.0,0.16666666666666666,0.0625,0.15384615384615385,0.0,1.4400000000000006,0.0,4.820500000000003,2.358699999999999,1.1073999999999984,0.15469999999999828,0.8833999999999946,0.19354598947066368,2.2481992794234245,0.0,2.0,0.0,0.09090909090909091,0.3181818181818182,1.0,0.0,0.0008547008547008517,
11,202310010106,0,4,5,25,5,7,4,29,0,0,0,0,0,1,1,3,1,0,3,8,0,0,0,0,0,1,1,1,0,0,2,5,0,0,0,0,0.0,0.0,9.0,7.0,39.0,1.3,0.7272727272727273,0.0,0.0,15.0,15.0,38.4,4.3,1.0,0.0,0.0,14.0,10.0,40.1,4.1,0.6,1.5,8.0,500.0,0.0,0.15789473684210525,5,6,217.7,13.0,1304,1013,1503,0.0,0.0,7.0,11.0,39.6,4.0,0.75,0.0,0.0,10.0,7.0,38.1,1.4,0.75,-0.4,0.0,55.0,-550.0,13.0,11.0,474.0,0.09090909090909091,0.0,0.26666666666666666,-0.3125,-0.08333333333333333,0.05999999999999943,0.0,,0.488900000000001,0.47409999999999997,0.39059999999999917,-1.1094000000000008,0.1298632465708345,0.7391887445030537,-1.0,0.0,,0.0,0.0,0.0,,0.013993316624895585,0.08308366498233688
12,202310010106,0,0,0,8,0,0,0,1,0,0,0,0,0,0,0,3,0,0,0,0,0,0,0,0,0,0,0,2,0,0,0,0,0,0,0,0,0.0,0.0,100.0,10.0,36.6,1.3,0.47058823529411764,,,,,,,,,,,,,,,,,0.0,,,3,3,113.7,12.0,1463,206,1167,,,,,,,,,,,,,,,,0.0,56.0,28.0,13.0,17.0,482.0,-0.058823529411764705,,,,,,,0.6833999999999989,,,,,,,1.0,1.0,0.0,0.0,0.14285714285714285,0.0,,-0.14814814814814814,
13,202310010207,7,5,4,57,4,1,0,16,1,0,0,1,2,2,1,19,2,0,0,2,0,0,0,0,0,0,1,4,2,0,0,0,0,0,0,0,0.0,0.0,1.0,1.0,35.0,0.0,0.14285714285714285,0.0,0.0,5.0,6.0,34.0,0.3,0.42857142857142855,0.0,0.0,3.0,6.0,34.5,0.5,0.5625,2.5,-4.0,200.0,0.19230769230769232,0.46153846153846156,8,12,1.8,1.0,1691,1503,1167,0.0,0.0,1.0,1.0,36.6,0.0,0.23076923076923078,0.0,0.0,3.0,2.0,34.1,0.1,0.25,-0.3,0.6,55.0,-531.0,13.0,14.0,462.0,0.0,0.0,0.125,-0.15384615384615385,-0.08333333333333333,-0.08000000000000043,0.0,-0.4592000000000027,-1.4592000000000027,-1.237400000000001,0.43420000000000414,-1.3592000000000013,0.15152064020350572,0.9478396488858232,-1.0,1.0,1.0,0.25,0.375,0.0,,-0.008540218470705074,-0.03783783783783784
14,202310010207,1,2,2,12,0,0,0,0,0,0,0,0,0,1,0,3,0,0,0,0,0,0,0,0,0,0,0,1,0,0,0,0,0,0,0,0,0.0,0.0,11.0,,,,,0.0,0.0,8.0,8.0,38.0,1.7,0.8,0.0,0.0,8.0,10.0,37.0,1.5,0.3333333333333333,2.0,4.0,300.0,0.08333333333333333,0.20833333333333334,7,10,16.5,6.0,1463,35,1167,0.0,0.0,5.0,4.0,35.7,0.5,0.5333333333333333,0.0,0.0,5.0,4.0,35.6,0.5,0.4666666666666667,-1.8,0.0,54.0,-546.0,13.0,14.0,466.0,,0.2,0.0,-0.06666666666666667,0.0,0.8499999999999993,0.0,,1.0587000000000018,0.05870000000000175,-0.21659999999999968,-0.3166000000000011,0.16996731711975951,0.9908960591303196,-1.0,2.0,0.0,0.05263157894736842,0.21052631578947367,0.0,,-0.14814814814814814,
15,202310010207,5,1,0,11,0,0,1,2,0,0,0,0,1,1,0,8,0,0,1,1,0,0,0,0,1,0,0,4,0,0,0,0,0,0,0,0,0.0,0.0,2.0,5.0,36.0,0.5,0.1,0.0,0.0,6.0,2.0,35.5,0.6,0.1111111111111111,0.0,0.0,1.0,3.0,36.6,0.5,0.36363636363636365,-1.0,6.0,0.0,0.0,1.0,8,13,21.9,7.0,1222,1103,1328,0.0,0.0,7.0,3.0,36.4,0.1,0.5384615384615384,0.0,0.0,5.0,11.0,38.2,2.0,0.25,1.3,0.6,56.0,-69.0,13.0,10.0,458.0,0.0,0.1111111111111111,-0.18181818181818182,-0.15384615384615385,0.0625,-0.5300000000000005,0.0,-1.3453000000000017,-0.4166000000000025,-0.7453000000000003,0.2342000000000013,2.2834000000000003,0.16452972353622425,0.9112628599915625,0.0,5.0,0.6,0.0,0.0,0.0,,0.0430622009569378,0.012500000000000011
16,202310010207,0,1,1,7,0,1,0,0,0,1,0,0,0,0,1,1,0,0,0,0,0,0,0,0,0,0,0,0,0,0,0,0,0,0,0,0,0.0,0.0,9.0,9.0,34.7,0.9,0.7272727272727273,0.0,0.0,7.0,6.0,36.9,0.7,0.75,0.0,0.0,10.0,6.0,35.9,0.9,0.21428571428571427,-1.5,-2.0,0.0,0.07692307692307693,0.23076923076923078,6,8,35.4,8.0,1059,1210,1482,0.0,0.0,8.0,11.0,36.7,0.8,0.7142857142857143,0.0,0.0,7.0,4.0,35.4,0.6,0.38461538461538464,-0.5,0.0,56.0,-252.0,13.0,11.0,454.0,-0.09090909090909091,-0.16666666666666666,0.07142857142857142,0.07142857142857142,0.0,-0.11999999999999958,0.0,-1.2165999999999997,0.983399999999996,-1.0412999999999997,-0.15029999999999433,-0.516600000000004,0.2182403141075493,0.8158431221748451,0.0,3.0,0.0,0.2222222222222222,0.4444444444444444,0.0,,0.05764411027568922,
17,202310010207,0,2,4,21,0,2,0,8,0,0,0,0,0,1,1,4,0,0,0,0,0,0,0,0,0,0,0,2,0,0,0,0,0,0,0,0,0.0,0.0,120.0,16.0,36.4,2.2,0.5625,0.0,0.0,9.0,10.0,35.5,1.4,1.0,0.0,0.0,2.0,6.0,36.0,0.9,0.375,-5.0,8.0,-500.0,0.14285714285714285,0.42857142857142855,4,4,5.8,2.0,1657,1708,1317,0.0,0.0,5.0,3.0,35.8,0.2,0.25,0.0,0.0,5.0,10.0,34.6,0.8,0.8333333333333334,-1.9,0.2,55.0,-706.0,13.0,16.0,482.0,0.4375,0.0,0.25,0.0,-0.08333333333333333,0.32999999999999974,0.0,0.5981999999999985,-0.4166000000000025,0.08339999999999748,-0.3658000000000001,-1.316600000000001,0.27888667551135854,0.6053098380168612,1.0,4.0,0.25,0.1111111111111111,0.4444444444444444,0.0,,-0.1385419032477856,-0.21851851851851853
18,202310010207,11,5,6,70,4,1,5,39,1,0,2,10,1,0,0,7,1,0,1,8,0,0,0,1,1,0,0,2,1,0,0,0,0,0,0,0,0.0,0.0,8.0,8.0,36.1,0.8,0.7692307692307693,0.0,0.0,5.0,13.0,37.1,1.1,0.9333333333333333,0.0,0.0,8.0,5.0,34.6,1.2,0.9090909090909091,-1.5,-10.0,200.0,0.05128205128205128,0.3333333333333333,5,6,10.0,5.0,1716,1428,1167,0.0,0.0,7.0,5.0,35.7,1.3,1.0,0.0,0.0,5.0,7.0,34.9,1.2,0.7777777777777778,-1.0,0.0,56.0,-392.0,13.0,13.0,480.0,0.07692307692307693,-0.13333333333333333,0.0,-0.1,-0.1111111111111111,0.38000000000000045,0.0,0.6407999999999987,0.9342000000000041,-1.316600000000001,-0.46579999999999444,-0.5592000000000041,0.09031898742745303,0.890842298052804,3.0,3.0,0.0,0.0,0.13793103448275862,0.0,,-0.05769230769230768,-0.04903742873667685
19,202310010207,1,2,2,12,0,0,0,3,0,0,0,0,0,1,0,3,0,0,0,2,0,0,0,0,0,0,0,1,0,0,0,1,0,0,0,0,0.0,0.0,80.0,7.0,35.1,0.6,0.75,0.0,0.0,9.0,3.0,35.9,0.5,0.35714285714285715,0.0,0.0,7.0,3.0,36.2,0.3,0.7692307692307693,-2.0,2.0,0.0,0.08695652173913043,0.2608695652173913,6,9,144.2,12.0,1463,815,1167,0.0,0.0,9.0,6.0,39.7,2.0,0.36363636363636365,0.0,0.0,15.0,5.0,34.9,0.7,0.7333333333333333,-0.1,0.4,55.0,-672.0,13.0,16.0,448.0,-0.0625,0.21428571428571427,-0.15384615384615385,-0.09090909090909091,0.06666666666666667,-0.33999999999999986,0.0,-0.8166000000000011,-0.016600000000003945,0.7408000000000001,3.5342000000000056,-0.5592000000000041,0.1916361530515137,1.7385051049680595,-1.0,3.0,0.3333333333333333,0.10344827586206896,0.4482758620689655,0.0,,-0.14814814814814814,0.023809523809523808
20,202310010207,5,7,6,47,0,0,0,0,0,0,0,0,0,1,3,15,0,0,0,0,0,0,0,0,0,0,0,3,0,0,0,0,0,0,0,0,0.0,0.0,8.0,8.0,35.0,1.0,0.5555555555555556,0.0,0.0,8.0,6.0,35.9,0.7,0.2,0.0,0.0,4.0,5.0,34.7,0.3,0.6,-1.5,2.0,200.0,0.11578947368421053,0.3368421052631579,1,1,7.1,3.0,1428,840,1263,0.0,0.0,4.0,8.0,35.6,0.5,0.875,0.0,0.0,7.0,3.0,34.5,0.0,0.1111111111111111,-0.8,0.2,55.0,-511.0,13.0,9.0,432.0,0.0,0.5333333333333333,-0.1,-0.0625,-0.05555555555555555,0.12999999999999973,0.0,-0.4592000000000027,-0.016600000000003945,-1.037399999999998,-0.13739999999999952,-1.4166000000000025,0.2792604872750286,0.5314132102234563,-1.0,2.0,0.5,0.08695652173913043,0.30434782608695654,0.0,,-0.032200811359026416,
21,202310010207,1,1,1,3,4,4,6,25,0,0,0,0,1,0,0,1,1,2,1,7,0,0,0,0,0,0,0,0,0,1,1,1,0,0,0,0,0.0,0.0,7.0,7.0,41.0,2.2,0.7,0.0,0.0,8.0,13.0,40.5,4.1,0.6923076923076923,0.0,0.0,10.0,9.0,36.7,1.1,1.0,1.0,6.0,600.0,0.058823529411764705,0.11764705882352941,2,2,65.0,10.0,1289,1294,1428,0.0,0.0,12.0,10.0,37.6,1.7,0.8666666666666667,0.0,0.0,16.0,8.0,36.1,1.1,0.7777777777777778,-0.1,0.0,52.0,-281.0,13.0,10.0,428.0,0.0,0.3076923076923077,0.0,-0.13333333333333333,0.05555555555555555,1.2699999999999996,0.0,2.7205000000000013,1.9224000000000032,0.5342000000000056,1.683399999999999,-0.06579999999999586,0.11512233565200404,1.9993999099729889,-2.0,3.0,0.0,0.0,0.25,0.0,,-0.007575757575757569,0.04914611005692601
22,202310010207,0,2,4,21,0,1,0,9,0,0,0,1,0,1,1,4,0,1,0,0,0,0,0,0,0,0,0,2,0,0,0,0,0,0,0,0,0.0,0.0,11.0,10.0,41.4,2.4,0.7272727272727273,0.0,0.0,15.0,15.0,38.0,2.0,0.5333333333333333,0.0,0.0,11.0,10.0,37.2,1.2,0.6923076923076923,0.0,6.0,500.0,0.1,0.16666666666666666,7,11,123.7,11.0,1657,1328,1317,0.0,0.0,10.0,14.0,36.6,1.3,0.4,0.0,0.0,9.0,6.0,36.3,0.7,0.38461538461538464,-0.9,0.0,56.0,-206.0,13.0,11.0,428.0,0.18181818181818182,0.2,0.23076923076923078,0.4,0.0,1.1600000000000001,0.0,,1.8342000000000027,1.0342000000000056,0.6833999999999989,0.8407999999999944,0.14267154125907036,1.843908891458577,2.0,3.0,0.0,0.0,0.0,0.0,,-0.1385419032477856,0.047839506172839524
23,202310010207,2,1,2,12,2,0,0,4,0,0,0,1,2,0,1,2,0,0,0,0,0,0,0,0,0,0,0,0,0,0,0,0,0,0,0,0,0.0,0.0,16.0,14.0,35.9,1.0,0.3125,0.0,0.0,16.0,14.0,35.0,2.1,0.9375,0.0,0.0,16.0,14.0,34.9,1.5,1.0,0.0,-6.0,200.0,0.0,0.0,4,5,182.3,13.0,1729,1313,1428,0.0,0.0,15.0,13.0,36.7,1.6,0.9333333333333333,0.0,0.0,14.0,14.0,38.4,2.9,0.07142857142857142,-0.1,0.0,54.0,-280.0,13.0,16.0,466.0,0.0,0.0,0.0,0.06666666666666667,0.6428571428571429,-0.6700000000000003,0.0,0.16259999999999764,-0.07469999999999999,-1.1948000000000008,-1.2110999999999947,1.0546999999999969,0.3831659276578671,1.2890306435457615,1.0,1.0,0.0,0.0,0.0,0.0,,0.05357142857142855,0.26
24,202310010207,2,3,4,35,5,3,5,67,0,0,0,3,2,2,2,8,1,1,0,24,0,0,0,1,1,2,0,3,0,0,0,6,0,0,0,0,0.0,0.0,110.0,13.0,36.6,1.7,0.26666666666666666,0.0,0.0,110.0,6.0,35.6,0.7,0.5,0.0,0.0,60.0,7.0,34.9,1.2,0.5833333333333334,-3.0,2.0,200.0,0.16470588235294117,0.3411764705882353,3,3,63.7,9.0,1561,1167,1263,0.0,0.0,70.0,1.0,36.0,0.0,0.29411764705882354,0.0,0.0,100.0,13.0,35.1,2.0,0.6111111111111112,-0.5,0.2,55.0,29.0,13.0,15.0,416.0,0.0,0.125,0.08333333333333333,-0.17647058823529413,0.16666666666666666,0.2600000000000001,0.0,0.26830000000000354,-0.3166000000000011,-0.5592000000000041,0.08339999999999748,-0.3468000000000018,0.14431875760858204,0.6151422599691885,1.0,2.0,0.5,0.25,0.5,0.0,,0.024856385329209002,-0.034969779203157775
25,202310010207,4,7,3,34,1,1,3,32,0,0,0,1,1,4,1,9,0,1,1,5,0,0,0,1,1,0,1,4,0,1,0,1,0,0,0,1,0.0,0.0,20.0,4.0,35.3,0.5,0.9,0.0,0.0,110.0,1.0,35.3,0.0,0.13333333333333333,0.0,0.0,70.0,14.0,35.5,1.7,0.6666666666666666,5.0,-8.0,200.0,0.10606060606060606,0.2878787878787879,5,7,8.3,4.0,1152,1559,1428,,,,,,,,,,,,,,,5.0,0.3333333333333333,55.0,197.0,13.0,10.0,448.0,-0.2,0.0,0.05555555555555555,,,-0.10000000000000142,0.0,-0.15920000000000556,0.22529999999999717,-0.14990000000000236,,,0.32087842395985894,0.09428090415820768,3.0,0.0,,0.14285714285714285,0.23809523809523808,0.0,,0.0008547008547008517,0.009685230024213093
26,202310010310,0,1,1,12,3,4,4,40,0,0,0,0,0,0,0,2,2,0,1,12,0,0,0,0,0,0,0,0,0,0,0,4,0,0,0,0,0.0,0.0,8.0,3.0,32.9,0.7,1.0,0.0,0.0,8.0,8.0,34.2,1.0,0.6,0.0,0.0,10.0,7.0,36.9,1.3,0.5555555555555556,2.0,6.0,0.0,0.0,0.08695652173913043,5,8,31.4,9.0,1489,1405,565,0.0,0.0,4.0,3.0,37.1,0.4,0.375,0.0,0.0,5.0,4.0,34.0,0.3,0.6,-0.3,0.4,58.0,-266.0,15.0,8.0,468.0,0.0,0.2,-0.05555555555555555,-0.125,0.0,-0.5100000000000001,0.0,-3.016600000000004,-1.7165999999999997,0.983399999999996,1.183399999999999,-1.9166000000000025,0.20454405785780788,1.6773789077009404,0.0,5.0,0.4,0.05714285714285714,0.17142857142857143,0.0,,0.019699812382739212,-0.00637555635751233
27,202310010310,1,2,0,2,4,1,5,39,0,0,0,0,1,0,0,0,1,0,1,8,0,0,0,0,0,0,0,0,1,0,0,0,0,0,0,0,0.0,0.0,40.0,5.0,39.0,1.9,0.4444444444444444,0.0,0.0,40.0,10.0,36.5,0.7,0.2,0.0,0.0,20.0,4.0,35.4,0.2,0.3,-0.5,4.0,200.0,0.16279069767441862,0.3372093023255814,3,4,9.4,4.0,1507,1428,593,0.0,0.0,30.0,5.0,36.4,0.3,0.26666666666666666,0.0,0.0,60.0,2.0,35.9,0.5,0.5625,-1.1,0.2,58.0,48.0,15.0,9.0,470.0,0.3333333333333333,0.06666666666666667,0.1,-0.06666666666666667,-0.3125,0.6300000000000004,0.0,-0.6891000000000034,1.0407999999999973,-0.516600000000004,0.9407999999999959,-0.016600000000003945,0.13107932759766808,1.2435433245367857,1.0,2.0,0.5,0.125,0.375,0.0,,0.2518518518518519,-0.04903742873667685
28,202310010310,0,0,0,1,3,1,1,9,0,0,0,0,0,0,0,1,1,1,0,2,0,0,0,0,0,0,0,0,1,1,0,1,0,0,0,0,0.0,0.0,90.0,12.0,36.8,1.7,1.0,0.0,0.0,20.0,8.0,37.1,1.5,0.8571428571428571,0.0,0.0,5.0,3.0,33.9,0.3,0.9,-4.5,2.0,-400.0,0.07575757575757576,0.22727272727272727,8,14,9.5,5.0,1460,1599,1345,0.0,0.0,5.0,4.0,35.0,0.3,0.6666666666666666,0.0,0.0,5.0,3.0,35.5,0.8,0.45454545454545453,-2.2,0.4,58.0,-672.0,15.0,12.0,478.0,-0.75,-0.21428571428571427,-0.7,-0.4444444444444444,0.0,0.4699999999999996,0.0,1.353199999999994,-0.859099999999998,-1.5468000000000046,-0.4468000000000032,-1.7053999999999974,0.19360910341057302,1.1774548823628022,0.0,0.0,,,,0.0,,-0.2857142857142857,0.07758620689655171
29,202310010310,1,1,2,16,5,3,5,67,0,0,0,2,0,0,0,2,1,1,0,24,0,0,0,1,0,0,0,2,0,0,0,6,0,0,0,1,0.0,0.0,40.0,7.0,35.0,0.9,0.75,0.0,0.0,10.0,5.0,35.2,0.7,0.6153846153846154,0.0,0.0,30.0,2.0,35.9,0.5,0.5,-2.5,8.0,-200.0,0.016666666666666666,0.13333333333333333,4,6,7.1,3.0,1642,1167,1124,0.0,0.0,110.0,10.0,35.9,2.0,0.6153846153846154,0.0,0.0,90.0,5.0,35.1,0.7,0.7,0.1,0.2,57.0,124.0,15.0,8.0,464.0,-0.125,-0.3076923076923077,0.0,0.0,0.1,-0.08999999999999986,0.0,-1.4179999999999993,-1.7412999999999954,0.4531999999999954,0.4531999999999954,-1.583199999999998,0.08536728860926204,0.3969886648255829,3.0,1.0,0.0,0.08333333333333333,0.16666666666666666,1.0,0.0,0.08771929824561403,-0.034969779203157775
30,202310010310,7,3,7,47,0,1,0,0,0,1,0,0,4,2,3,18,0,0,0,0,0,0,0,0,1,0,1,3,0,0,0,0,0,0,0,0,0.0,0.0,7.0,5.0,36.8,0.3,0.06666666666666667,0.0,0.0,6.0,6.0,36.5,0.5,0.25,0.0,0.0,7.0,11.0,43.5,7.3,0.09090909090909091,3.0,-2.0,0.0,0.2222222222222222,0.48148148148148145,1,1,17.7,7.0,1503,444,1263,0.0,0.0,6.0,8.0,36.5,1.0,0.36363636363636365,0.0,0.0,2.0,5.0,38.3,0.8,0.3333333333333333,0.2,0.0,58.0,0.0,15.0,15.0,534.0,0.0,0.125,0.8181818181818182,0.18181818181818182,-0.25,-0.3,0.0,0.6341999999999999,0.5833999999999975,6.558700000000002,-0.44129999999999825,2.269999999999996,0.12210429238380249,2.6746214685446614,0.0,2.0,0.0,0.14285714285714285,0.2857142857142857,0.0,,-0.023504273504273532,
31,202310010310,2,2,0,19,0,0,0,0,0,0,0,0,0,0,0,3,0,0,0,0,0,0,0,0,0,0,0,1,0,0,0,0,0,0,0,0,0.0,0.0,9.0,9.0,42.6,4.6,0.9,0.0,0.0,6.0,6.0,36.6,1.3,0.5454545454545454,0.0,0.0,4.0,6.0,36.9,0.6,0.2,-1.5,18.0,400.0,0.0684931506849315,0.3424657534246575,3,5,39.7,11.0,1431,712,1428,0.0,0.0,7.0,4.0,35.3,0.2,0.6,0.0,0.0,5.0,8.0,36.4,0.9,0.8888888888888888,-0.4,0.0,58.0,-633.0,15.0,10.0,510.0,0.0,-0.09090909090909091,0.0,-0.2,-0.1111111111111111,1.370000000000001,0.0,4.5274,0.6833999999999989,0.983399999999996,-0.6166000000000054,0.2342000000000013,0.2580009166901503,2.577285393587603,5.0,4.0,0.0,0.0,0.0,0.0,,0.025204980261160054,
32,202310010310,0,0,0,5,2,0,1,15,0,0,0,0,0,0,0,2,1,0,0,3,0,0,0,0,0,0,0,1,0,0,0,2,0,0,0,0,0.0,0.0,30.0,6.0,37.3,0.7,1.0,0.0,0.0,30.0,5.0,38.2,1.3,1.0,0.0,0.0,70.0,2.0,38.1,0.2,0.15384615384615385,-2.0,0.0,200.0,0.0,0.0,7,13,84.6,13.0,1605,1186,1,0.0,0.0,50.0,9.0,42.6,2.5,0.07692307692307693,0.0,0.0,80.0,2.0,37.5,0.1,0.14285714285714285,-0.4,0.4,58.0,42.0,15.0,9.0,496.0,0.0,-0.2727272727272727,0.0,0.0,0.0,-0.4800000000000004,0.0,-2.3259000000000043,-1.4258999999999986,-1.589100000000002,2.9741,-1.8926000000000016,0.4296914078188989,1.9602040710089352,1.0,0.0,,0.04,0.08,0.0,,-0.2,0.07240143369175626
33,202310010310,2,1,1,25,3,2,2,13,0,0,0,1,0,0,0,8,1,0,0,5,0,0,0,1,0,0,0,3,0,0,0,1,0,0,0,1,0.0,0.0,30.0,20.0,38.1,0.2,0.5555555555555556,0.0,0.0,130.0,130.0,38.1,2.6,0.4117647058823529,0.0,0.0,110.0,160.0,37.6,2.5,0.5,70.0,-3.0,600.0,0.1,0.2,6,10,21.2,8.0,1090,1362,1169,0.0,0.0,60.0,70.0,36.6,0.9,0.8,0.0,0.0,100.0,90.0,34.6,1.7,0.7333333333333333,8.0,0.0,58.0,-610.0,15.0,9.0,459.0,-0.3333333333333333,0.23529411764705882,0.1875,-0.2,0.0,0.85,0.0,-0.05379999999999541,1.9342000000000041,2.1407999999999987,0.5700000000000003,-1.316600000000001,0.14504173670642886,1.3190905958272918,2.0,2.0,0.0,0.0,0.4,0.0,,0.015533980582524282,0.0826923076923077
34,202310010310,1,1,3,30,5,3,5,67,0,0,1,1,0,1,0,9,1,1,0,24,0,0,0,0,0,1,0,0,0,0,0,6,0,0,0,0,0.0,0.0,80.0,3.0,35.3,0.2,0.625,0.0,0.0,50.0,2.0,35.5,0.1,0.3125,0.0,0.0,100.0,5.0,35.8,0.4,0.625,1.0,4.0,0.0,0.0,0.0,8,15,12.7,6.0,1304,1167,1503,0.0,0.0,100.0,8.0,37.4,1.2,0.6875,0.0,0.0,140.0,3.0,35.8,0.7,0.5,0.6,0.6,57.0,49.0,15.0,16.0,454.0,-0.1875,0.0625,0.1875,-0.25,-0.125,-0.28999999999999987,0.0,-0.6166000000000054,0.04079999999999728,-0.11660000000000537,1.483399999999996,-0.11660000000000537,0.1334634781503914,0.7445804187594516,3.0,4.0,0.5,0.0,0.2,0.0,,0.013993316624895585,-0.034969779203157775
35,202310010310,2,2,0,19,0,1,0,14,0,0,0,0,0,0,0,3,0,0,0,4,0,0,0,0,0,0,0,1,0,0,0,1,0,0,0,0,0.0,0.0,130.0,14.0,34.0,0.9,0.9444444444444444,0.0,0.0,9.0,9.0,36.5,2.3,0.1,0.0,0.0,6.0,9.0,39.8,2.2,0.6153846153846154,-2.5,2.0,400.0,0.0,0.1282051282051282,2,2,2.5,1.0,1431,565,1428,0.0,0.0,9.0,9.0,37.9,2.0,0.18181818181818182,0.0,0.0,6.0,7.0,33.8,0.6,0.5,-1.4,0.0,55.0,-665.0,15.0,18.0,488.0,0.0,0.0,0.15384615384615385,0.09090909090909091,0.1,-0.09999999999999928,0.0,-1.0747,0.5833999999999975,0.1740999999999957,1.7342000000000013,-1.6592000000000056,0.30563672026472494,2.2952124084711634,-1.0,2.0,0.0,0.06451612903225806,0.3870967741935484,0.0,,0.025204980261160054,-0.15151515151515152
36,202310010310,1,1,1,3,3,2,3,30,0,0,0,0,1,0,0,1,0,0,2,5,0,0,0,0,0,0,0,0,0,0,2,1,0,0,0,0,0.0,0.0,14.0,5.0,36.0,0.7,0.375,0.0,0.0,4.0,5.0,33.6,0.6,0.6111111111111112,0.0,0.0,6.0,3.0,33.3,0.5,0.5555555555555556,-1.0,6.0,800.0,0.0,1.0,2,3,5.2,2.0,1289,1558,1428,0.0,0.0,12.0,8.0,34.9,1.0,0.7142857142857143,0.0,0.0,11.0,16.0,38.7,3.7,0.375,2.5,0.2,57.0,-301.0,15.0,16.0,444.0,0.0,,,-0.07142857142857142,0.625,-0.6700000000000003,0.0,0.6345999999999989,-1.1738,-0.4872000000000014,-0.25310000000000343,3.2408,0.13354457001087794,1.9544820285692077,2.0,0.0,,0.3333333333333333,0.3333333333333333,0.0,,-0.007575757575757569,-0.05200559701492538
37,202310010310,3,4,4,26,0,0,0,2,0,0,0,0,0,2,1,5,0,0,0,2,0,0,0,0,0,1,1,2,0,0,0,2,0,0,0,0,0.0,0.0,100.0,16.0,36.5,2.0,0.75,0.0,0.0,14.0,1.0,34.1,0.0,1.0,0.0,0.0,12.0,10.0,36.1,1.2,0.6875,-3.0,2.0,0.0,0.0,0.13636363636363635,6,11,32.1,10.0,1317,1665,1186,0.0,0.0,8.0,12.0,36.0,1.9,0.6666666666666666,0.0,0.0,9.0,4.0,35.8,0.3,0.8666666666666667,-1.3,0.2,55.0,-819.0,15.0,16.0,422.0,0.1875,-0.1875,-0.1875,-0.08333333333333333,-0.26666666666666666,-0.04999999999999929,0.0,0.5833999999999975,-1.816600000000001,0.6407999999999987,0.26259999999999906,-0.3658000000000001,0.12426450284239128,0.8318653737234164,-1.0,3.0,0.3333333333333333,0.0,0.2,0.0,,0.08726296358449406,-0.125
38,202310010310,0,0,0,0,0,2,0,8,0,0,0,0,0,0,0,0,0,0,0,0,0,0,0,0,0,0,0,0,0,0,0,0,0,0,0,0,0.0,0.0,4.0,10.0,40.6,4.2,0.7,0.0,0.0,7.0,8.0,37.1,0.7,0.375,0.0,0.0,1.0,9.0,37.3,1.0,0.3125,-0.5,-12.0,600.0,0.1044776119402985,0.2835820895522388,5,9,61.8,12.0,338,1708,324,0.0,0.0,11.0,3.0,34.9,0.1,0.3125,0.0,0.0,12.0,13.0,37.6,1.3,0.26666666666666666,0.1,0.2,58.0,-549.0,15.0,10.0,468.0,0.3,-0.1875,0.0,0.0,0.0,0.8200000000000003,0.0,2.3205000000000027,1.3626000000000005,1.5625999999999962,-0.5592000000000041,1.4342000000000041,0.15715791774871257,1.820988742414407,2.0,1.0,0.0,0.2222222222222222,0.4444444444444444,0.0,,,-0.21851851851851853
39,202310010310,3,6,5,46,0,0,0,0,0,0,0,0,0,0,0,1,0,0,0,0,0,0,0,0,0,0,0,0,0,0,0,0,0,0,0,0,0.0,0.0,150.0,7.0,34.1,0.8,0.875,0.0,0.0,90.0,12.0,37.7,1.6,0.6428571428571429,0.0,0.0,70.0,8.0,34.1,0.6,1.0,0.5,0.0,400.0,0.0,0.05263157894736842,4,7,93.5,14.0,1393,1238,1263,0.0,0.0,60.0,7.0,35.1,0.8,0.9,0.0,0.0,70.0,6.0,36.4,1.4,0.25,-0.7,0.0,57.0,49.0,15.0,16.0,448.0,0.0,0.07142857142857142,-0.07142857142857142,-0.5,0.25,-0.1999999999999993,0.0,-0.9746999999999986,1.0031999999999996,-1.822499999999998,0.025300000000001432,0.9407999999999959,0.26860941980534353,1.3948476619330157,1.0,0.0,,0.0,0.1111111111111111,0.0,,0.017334620956059865,
40,202310010310,0,2,4,21,0,1,0,9,0,0,0,1,0,1,1,4,0,1,0,0,0,0,0,0,0,0,0,2,0,0,0,0,0,0,0,0,0.0,0.0,11.0,10.0,41.4,2.4,0.7272727272727273,0.0,0.0,15.0,15.0,38.0,2.0,0.5333333333333333,0.0,0.0,11.0,10.0,37.2,1.2,0.6923076923076923,0.0,6.0,500.0,0.0,0.0,7,12,240.1,15.0,1657,1328,1317,0.0,0.0,10.0,14.0,36.6,1.3,0.4,0.0,0.0,9.0,6.0,36.3,0.7,0.38461538461538464,-0.9,0.0,56.0,-200.0,15.0,11.0,428.0,0.18181818181818182,0.2,0.23076923076923078,0.4,0.0,1.1600000000000001,0.0,,1.8342000000000027,1.0342000000000056,0.6833999999999989,0.8407999999999944,0.14267154125907036,1.843908891458577,2.0,3.0,0.0,0.0,0.0,0.0,,-0.1385419032477856,0.047839506172839524
41,202310010407,13,11,16,68,1,3,0,6,0,0,0,0,4,4,9,26,1,2,0,3,0,0,0,0,1,1,3,19,0,1,0,1,0,0,0,0,0.0,0.0,120.0,5.0,34.5,0.5,0.6666666666666666,0.0,0.0,80.0,6.0,36.8,1.6,0.5333333333333333,0.0,0.0,80.0,5.0,34.9,0.5,0.4166666666666667,0.0,-2.0,0.0,0.16091954022988506,0.3448275862068966,4,4,4.2,3.0,1463,259,1167,0.0,0.0,60.0,6.0,36.5,1.9,0.38461538461538464,,,,,,,,0.2,0.0,56.0,13.0,8.0,18.0,454.0,0.0,0.2,0.08333333333333333,0.0,,-0.41000000000000014,0.0,-1.4166000000000025,1.3407999999999944,-0.5592000000000041,0.5833999999999975,,0.1108450854649367,0.9908960591303202,0.0,2.0,0.0,0.08,0.16,2.0,0.0,-0.14814814814814814,
42,202310010407,21,18,8,148,8,12,6,123,0,0,0,4,5,5,2,44,1,2,0,15,0,0,0,0,1,1,1,22,1,1,0,10,0,0,0,0,0.0,0.0,8.0,11.0,41.4,4.8,0.5454545454545454,0.0,0.0,9.0,10.0,40.7,2.7,0.1,0.0,0.0,8.0,13.0,37.3,1.3,0.07692307692307693,1.0,-2.0,600.0,0.05555555555555555,0.1111111111111111,8,8,5.5,4.0,1098,1235,1294,0.0,0.0,2.0,11.0,37.2,1.8,0.08333333333333333,0.0,0.0,6.0,4.0,34.8,0.2,0.08333333333333333,-1.3,0.0,53.0,-630.0,8.0,11.0,492.0,0.45454545454545453,0.2,0.07692307692307693,0.0,0.0,1.6700000000000004,0.0,3.1205,3.7587000000000046,1.3833999999999946,1.7531999999999996,-0.646800000000006,0.18398193402221544,2.4424577785501236,-3.0,1.0,0.0,0.1,0.2,1.0,0.0,-0.06047008547008548,0.08476261496395723
43,202310010407,13,14,16,140,8,7,6,95,0,0,0,0,2,6,5,41,3,1,2,25,0,0,0,0,0,2,3,28,3,1,1,13,0,0,0,0,0.0,0.0,50.0,4.0,36.9,0.8,0.75,0.0,0.0,70.0,3.0,35.7,0.8,0.9285714285714286,,,,,,,,-1.0,-2.0,0.0,0.11458333333333333,0.3333333333333333,1,1,4.0,2.0,1127,1618,1328,,,,,,,,,,,,,,,-1.0,0.5,56.0,50.0,8.0,16.0,462.0,-0.1875,-0.14285714285714285,,,,1.1999999999999957,0.0,0.983399999999996,-0.21659999999999968,,,,0.0892857142857143,0.5999999999999979,1.0,2.0,0.5,0.05,0.25,2.0,0.5,0.021784079161128317,0.014617691154422796
44,202310010407,21,18,8,148,0,2,1,14,0,0,0,0,5,5,2,44,0,0,1,4,0,0,0,0,1,1,1,22,0,0,0,0,0,0,0,0,0.0,0.0,6.0,7.0,35.1,0.9,0.23076923076923078,0.0,0.0,3.0,8.0,40.8,1.5,0.5833333333333334,0.0,0.0,1.0,4.0,36.0,0.4,0.625,-1.5,-4.0,-400.0,0.05,0.325,5,5,2.6,1.0,1098,1206,1294,0.0,0.0,4.0,3.0,36.3,0.5,0.1875,,,,,,,,-1.6,0.25,56.0,-90.0,8.0,13.0,534.0,0.15384615384615385,-0.25,-0.125,0.0625,,0.120000000000001,0.0,-0.3468000000000018,2.002899999999997,0.08339999999999748,0.38339999999999463,,0.1986545306942062,2.209637979398434,0.0,2.0,0.5,0.13636363636363635,0.22727272727272727,2.0,0.5,-0.06047008547008548,0.04575163398692808
45,202310010407,7,16,13,165,24,22,14,187,1,2,1,14,3,9,9,58,6,6,7,42,1,2,1,5,3,2,4,24,2,0,4,25,1,0,1,3,0.0,0.0,8.0,7.0,39.4,1.0,0.9090909090909091,0.0,0.0,8.0,8.0,34.6,0.7,0.9375,0.0,0.0,4.0,10.0,37.1,1.0,0.6875,1.5,7.0,770.0,0.21428571428571427,0.4642857142857143,3,3,11.4,5.0,1506,1428,199,0.0,0.0,5.0,3.0,33.8,0.2,0.5,0.0,0.0,4.0,3.0,35.4,0.3,0.5,-1.3,0.4,54.0,-508.0,8.0,11.0,437.0,0.09090909090909091,0.0625,-0.0625,-0.05555555555555555,0.0,0.8800000000000004,0.0,,-1.1373999999999995,1.3626000000000005,-1.2747000000000028,0.1366000000000014,0.1897625201392171,1.9955951493226276,0.0,0.0,,0.058823529411764705,0.35294117647058826,0.0,,0.12481709101551067,-0.04903742873667685
46,202310010407,19,13,7,80,0,0,0,10,0,0,0,0,7,0,5,9,0,0,0,1,0,0,0,0,4,0,3,7,0,0,0,1,0,0,0,0,0.0,0.0,80.0,12.0,37.8,2.0,0.7857142857142857,0.0,0.0,60.0,5.0,35.0,1.1,0.5555555555555556,,,,,,,,-7.0,0.0,0.0,0.08,0.24,2,2,26.4,7.0,1657,760,1317,,,,,,,,,,,,,,,-7.0,0.0,55.0,84.0,8.0,14.0,482.0,-0.14285714285714285,-0.1111111111111111,,,,2.799999999999997,0.0,1.8833999999999946,-1.6831999999999994,,,,0.11507936507936506,1.3999999999999986,0.0,2.0,0.0,0.2,0.3,1.0,0.0,-0.1385419032477856,
47,202310010407,5,8,8,56,0,0,0,4,0,0,0,1,2,3,4,21,0,0,0,0,0,0,0,0,2,1,1,10,0,0,0,0,0,0,0,0,0.0,0.0,2.0,1.0,40.7,0.0,0.16666666666666666,0.0,0.0,13.0,13.0,36.4,1.5,0.75,0.0,0.0,14.0,15.0,37.6,2.2,0.11764705882352941,7.0,27.0,600.0,0.07462686567164178,0.23880597014925373,7,7,12.7,6.0,1222,1327,1328,0.0,0.0,11.0,8.0,35.0,0.7,0.4666666666666667,0.0,0.0,11.0,13.0,40.4,2.7,0.5555555555555556,1.9,0.2,54.0,-537.0,8.0,12.0,455.0,0.0,-0.0625,0.058823529411764705,-0.06666666666666667,0.05555555555555555,0.2000000000000007,0.0,2.546200000000006,0.2342000000000013,1.8736000000000033,-0.9166000000000025,4.234200000000001,0.2386086085904453,2.2256684389189694,0.0,3.0,0.0,,,1.0,0.0,0.0430622009569378,
48,202310010407,13,14,16,140,0,0,1,23,0,0,0,0,2,6,5,41,0,0,0,5,0,0,0,0,0,2,3,28,0,0,0,3,0,0,0,0,0.0,0.0,10.0,20.0,38.7,0.3,0.2222222222222222,0.0,0.0,110.0,140.0,36.8,2.2,0.875,0.0,0.0,120.0,110.0,36.5,1.2,0.8125,45.0,10.0,600.0,0.11764705882352941,0.2647058823529412,6,6,153.3,8.0,1127,322,1328,0.0,0.0,140.0,100.0,36.7,1.3,0.6875,0.0,0.0,80.0,80.0,39.4,4.1,0.25,8.0,0.0,56.0,-540.0,8.0,9.0,436.0,0.0,0.0,0.125,-0.0625,0.75,-0.12999999999999973,0.0,0.546200000000006,-0.4551000000000016,-1.6537999999999968,0.33840000000000003,3.483399999999996,0.27892125752841884,1.1923086848631106,0.0,1.0,0.0,0.10526315789473684,0.3684210526315789,1.0,0.0,0.021784079161128317,0.125
49,202310010505,0,0,0,0,1,0,0,8,0,0,0,0,0,0,0,0,1,0,0,1,0,0,0,0,0,0,0,0,0,0,0,1,0,0,0,0,0.0,0.0,7.0,4.0,34.3,0.2,0.2727272727272727,0.0,0.0,13.0,9.0,35.6,1.2,0.5882352941176471,0.0,0.0,2.0,1.0,36.9,0.0,0.5833333333333334,-1.5,0.0,0.0,0.05263157894736842,0.15789473684210525,4,4,3.7,2.0,1220,1170,1317,0.0,0.0,5.0,7.0,36.5,1.0,0.9166666666666666,0.0,0.0,1.0,1.0,35.4,0.0,0.5,-0.8,0.4,51.0,-582.0,10.0,11.0,482.0,0.0,0.11764705882352941,-0.16666666666666666,-0.08333333333333333,0.08333333333333333,-0.31000000000000016,0.0,-1.6166000000000054,-1.6229000000000013,0.03399999999999892,0.46999999999999886,-0.046800000000004616,0.20685024549799888,0.9090654541890816,-2.0,1.0,0.0,0.0975609756097561,0.21951219512195122,0.0,,,-0.09261501210653753
50,202310010505,3,1,3,15,0,0,0,1,0,0,0,0,0,0,1,2,0,0,0,0,0,0,0,0,0,0,0,1,0,0,0,0,0,0,0,0,0.0,0.0,6.0,9.0,38.4,1.2,0.46153846153846156,0.0,0.0,12.0,9.0,38.2,1.3,0.2857142857142857,0.0,0.0,7.0,7.0,37.6,0.9,0.3076923076923077,-1.0,8.0,200.0,0.1134020618556701,0.3402061855670103,2,2,25.7,8.0,1317,1150,1186,0.0,0.0,3.0,7.0,34.8,0.5,0.14285714285714285,0.0,0.0,10.0,6.0,34.2,0.6,0.1875,-0.8,0.0,54.0,-617.0,10.0,13.0,458.0,0.0,0.0,-0.15384615384615385,0.14285714285714285,0.0,1.1799999999999997,0.0,-1.2259000000000029,2.7408,2.1407999999999987,-0.27470000000000283,-0.8746999999999971,0.1105232447693411,1.7771887913218452,-2.0,0.0,,0.21739130434782608,0.45652173913043476,0.0,,0.08726296358449406,
51,202310010505,1,1,1,25,0,2,0,7,0,0,0,0,1,0,0,8,0,1,0,3,0,0,0,0,1,0,0,3,0,0,0,1,0,0,0,0,0.0,0.0,14.0,16.0,38.8,1.8,0.05555555555555555,0.0,0.0,5.0,7.0,39.3,1.7,0.1,0.0,0.0,7.0,5.0,36.2,1.3,0.2,-5.5,-8.0,0.0,0.09090909090909091,0.18181818181818182,7,8,8.5,5.0,1561,1306,1263,0.0,0.0,3.0,1.0,33.5,0.0,0.14285714285714285,0.0,0.0,5.0,8.0,36.0,1.6,0.2222222222222222,-2.1999999999999997,0.2,54.0,-540.0,10.0,18.0,424.0,0.0,0.0,0.0,0.0,0.0,1.1399999999999992,0.0,2.8833999999999946,3.562599999999996,0.2834000000000003,-2.4166000000000025,0.08339999999999748,0.06166743273410299,2.10390113836178,-2.0,4.0,0.25,0.13513513513513514,0.32432432432432434,0.0,,0.024856385329209002,-0.08806818181818182
52,202310010505,3,1,2,21,0,1,0,0,0,1,0,0,2,0,1,5,0,0,0,0,0,0,0,0,2,0,1,5,0,0,0,0,0,0,0,0,0.0,0.0,40.0,7.0,36.4,0.7,0.14285714285714285,0.0,0.0,40.0,5.0,35.0,0.2,0.08333333333333333,0.0,0.0,30.0,6.0,34.6,0.7,0.21428571428571427,-0.5,2.0,200.0,0.04878048780487805,0.3170731707317073,3,3,6.8,4.0,1152,35,1428,0.0,0.0,10.0,2.0,34.2,0.2,0.3333333333333333,0.0,0.0,70.0,4.0,33.9,0.6,0.6666666666666666,-0.9,0.2,54.0,56.0,10.0,14.0,476.0,-0.07142857142857142,0.0,0.0,0.0,-0.08333333333333333,0.5799999999999997,0.0,0.9407999999999959,-1.3748999999999967,-0.47469999999999857,-2.6502999999999943,-1.1747000000000014,0.20680048333912823,0.8726969691708565,0.0,0.0,,0.047619047619047616,0.2857142857142857,0.0,,0.0008547008547008517,
53,202310010505,2,0,0,7,0,0,0,0,0,0,0,0,0,0,0,3,0,0,0,0,0,0,0,0,0,0,0,3,0,0,0,0,0,0,0,0,0.0,0.0,11.0,12.0,40.3,2.0,0.14285714285714285,0.0,0.0,12.0,14.0,40.9,2.6,0.4375,0.0,0.0,7.0,12.0,42.4,2.6,0.6875,0.0,7.0,800.0,0.0,0.125,5,5,30.7,9.0,1154,1240,1561,0.0,0.0,10.0,4.0,38.8,1.3,0.375,0.0,0.0,4.0,3.0,40.4,1.6,0.8333333333333334,-2.8,0.2,54.0,-516.0,10.0,14.0,427.0,0.07142857142857142,0.125,-0.0625,-0.0625,-0.5,0.18999999999999986,0.0,2.3888999999999996,1.507399999999997,2.774099999999997,-0.7467000000000041,0.7740999999999971,0.24217194421917132,1.1568923891183662,0.0,0.0,,0.05,0.15,0.0,,-0.0146198830409357,
54,202310010505,4,5,10,40,1,1,0,18,0,0,0,2,1,0,2,13,0,0,0,7,0,0,0,1,0,0,1,5,0,0,0,4,0,0,0,0,0.0,0.0,30.0,4.0,36.3,0.8,0.29411764705882354,0.0,0.0,30.0,4.0,34.4,0.9,0.36363636363636365,0.0,0.0,20.0,2.0,35.9,0.1,0.14285714285714285,-1.0,-4.0,0.0,0.07352941176470588,0.23529411764705882,7,7,4.5,3.0,1691,1618,1167,0.0,0.0,40.0,4.0,35.6,0.1,0.5833333333333334,,,,,,,,-0.2,0.25,54.0,21.0,10.0,17.0,446.0,-0.058823529411764705,-0.09090909090909091,-0.07142857142857142,0.16666666666666666,,0.05999999999999872,0.0,0.38339999999999463,-1.0592000000000041,-0.016600000000003945,0.1407999999999987,,0.15858511170494125,0.7088723439378909,0.0,2.0,0.5,0.0,0.2,0.0,,-0.008540218470705074,0.014617691154422796
55,202310010505,0,2,2,28,2,4,3,37,0,1,1,2,0,1,0,7,1,1,0,10,0,1,0,1,0,1,0,6,1,1,0,7,0,1,0,1,0.0,0.0,9.0,9.0,36.9,1.3,0.5,0.0,0.0,3.0,9.0,36.8,0.2,0.625,0.0,0.0,2.0,6.0,36.6,0.6,0.35294117647058826,-1.5,24.0,400.0,0.0,0.13333333333333333,8,9,14.1,7.0,1098,1428,1294,0.0,0.0,5.0,2.0,36.0,0.1,0.6470588235294118,0.0,0.0,6.0,6.0,34.0,0.9,0.8,-1.3,0.2,50.0,-535.0,10.0,12.0,452.0,0.25,-0.25,0.0,-0.23529411764705882,-0.13333333333333333,0.6599999999999995,0.0,1.8252999999999986,-0.4054000000000002,0.5700000000000003,0.5531999999999968,-1.9166000000000025,0.15016830235153447,1.0762899237658963,-4.0,1.0,0.0,0.12121212121212122,0.3333333333333333,0.0,,-0.06047008547008548,-0.04903742873667685
56,202310010505,0,1,1,8,0,2,2,9,0,0,0,0,0,1,1,4,0,0,0,1,0,0,0,0,0,0,0,4,0,0,0,1,0,0,0,0,0.0,0.0,70.0,8.0,42.9,1.3,0.3,0.0,0.0,70.0,10.0,37.9,1.6,0.14285714285714285,0.0,0.0,110.0,2.0,37.0,0.0,0.0625,-3.0,-2.0,600.0,0.06756756756756757,0.33783783783783783,8,10,3.6,1.0,1489,1328,565,0.0,0.0,50.0,5.0,36.5,0.6,0.21428571428571427,0.0,0.0,20.0,5.0,36.6,0.2,0.125,-1.1,0.2,54.0,-495.0,10.0,10.0,466.0,0.1,0.0,0.0625,0.07142857142857142,-0.0625,1.3999999999999992,0.0,4.6205,1.983399999999996,0.8342000000000027,0.5775000000000006,0.43420000000000414,0.08145363022941961,2.411140808828882,0.0,3.0,0.3333333333333333,0.08,0.2,0.0,,0.019699812382739212,0.047839506172839524
57,202310010505,2,0,0,7,0,0,0,0,0,0,0,0,0,0,0,3,0,0,0,0,0,0,0,0,0,0,0,3,0,0,0,0,0,0,0,0,0.0,0.0,10.0,6.0,42.0,0.5,0.3333333333333333,0.0,0.0,12.0,11.0,38.8,1.7,0.6875,0.0,0.0,11.0,9.0,40.0,2.7,0.875,1.5,24.0,300.0,0.0,0.07142857142857142,1,1,119.9,10.0,1154,1083,1561,0.0,0.0,7.0,6.0,39.6,1.7,0.5,0.0,0.0,7.0,5.0,38.0,1.0,0.8,-0.7,0.0,54.0,-535.0,10.0,12.0,470.0,-0.25,-0.25,-0.25,-0.25,-0.3,0.7199999999999995,0.0,2.6073999999999984,-0.5926000000000045,0.4532999999999987,0.053300000000000125,-1.0386999999999986,0.19835434062415788,1.3481839637082178,-1.0,0.0,,0.15151515151515152,0.45454545454545453,0.0,,-0.0146198830409357,
58,202310010505,1,1,0,3,0,0,0,0,0,0,0,0,0,0,0,0,0,0,0,0,0,0,0,0,0,0,0,0,0,0,0,0,0,0,0,0,0.0,0.0,5.0,5.0,38.4,0.9,0.5714285714285714,0.0,0.0,15.0,15.0,39.7,3.0,0.125,0.0,0.0,8.0,15.0,38.8,2.9,0.25,5.0,4.0,800.0,0.20689655172413793,0.4482758620689655,6,6,13.2,6.0,1064,293,1556,0.0,0.0,9.0,5.0,36.6,0.3,0.0625,0.0,0.0,12.0,18.0,42.0,7.0,0.2222222222222222,1.6,0.0,54.0,-544.0,10.0,7.0,400.0,0.14285714285714285,0.25,0.3125,0.0,0.1111111111111111,-0.41000000000000014,0.0,0.488900000000001,3.7834000000000003,3.3407999999999944,0.6833999999999989,6.553199999999997,0.17595347280055876,1.7663521732655694,1.0,2.0,0.0,0.0,0.0,0.0,,0.07692307692307693,
59,202310010606,0,0,0,1,5,1,4,41,0,0,0,0,0,0,0,0,1,0,0,13,0,0,0,0,0,0,0,0,1,0,0,6,0,0,0,0,0.0,0.0,40.0,3.0,35.4,0.9,1.0,0.0,0.0,70.0,4.0,34.5,0.5,0.8571428571428571,,,,,,,,1.0,-4.0,200.0,0.0,0.0,7,8,4.2,2.0,1248,1167,1428,,,,,,,,,,,,,,,1.0,0.5,54.0,106.0,11.0,5.0,452.0,0.0,-0.14285714285714285,,,,0.8999999999999986,0.0,-0.05920000000000414,-1.4166000000000025,,,,0.07142857142857145,0.4499999999999993,0.0,1.0,0.0,0.18181818181818182,0.2727272727272727,0.0,,,-0.034969779203157775
60,202310010606,5,6,5,35,0,3,5,33,0,1,2,4,1,2,3,21,0,1,2,11,0,1,1,4,1,2,1,12,0,1,0,8,0,1,0,2,0.0,0.0,120.0,8.0,35.8,0.9,0.5555555555555556,0.0,0.0,40.0,9.0,37.2,2.1,0.9333333333333333,0.0,0.0,40.0,5.0,33.7,0.6,1.0,-1.5,-4.0,-200.0,0.2,0.43333333333333335,3,3,8.2,4.0,1506,1263,199,0.0,0.0,50.0,5.0,34.8,0.8,0.5555555555555556,,,,,,,,-1.3,0.0,56.0,21.0,11.0,18.0,462.0,0.16666666666666666,-0.2,0.0,-0.1111111111111111,,0.65,0.0,-0.23000000000000398,1.7408000000000001,-1.7591999999999999,-0.6592000000000056,,0.20690249388373413,1.2891373084353739,0.0,0.0,,0.0,0.14285714285714285,0.0,,0.12481709101551067,-0.02761200676939521
61,202310010606,0,0,0,0,2,3,4,39,0,0,0,0,0,0,0,0,0,0,2,8,0,0,0,0,0,0,0,0,0,0,1,5,0,0,0,0,0.0,0.0,30.0,5.0,35.6,0.9,0.2777777777777778,,,,,,,,,,,,,,,,,800.0,0.0,0.5,1,1,5.3,3.0,1658,1405,1167,,,,,,,,,,,,,,,,0.0,56.0,14.0,11.0,18.0,460.0,0.0,,,,,,,-0.21620000000000061,,,,,,,0.0,0.0,,0.13157894736842105,0.34210526315789475,0.0,,,-0.00637555635751233
62,202310010606,4,5,10,40,1,1,0,16,0,0,0,1,1,0,2,13,0,0,0,4,0,0,0,0,0,0,1,5,0,0,0,4,0,0,0,0,0.0,0.0,8.0,1.0,36.5,0.0,0.125,0.0,0.0,5.0,8.0,37.2,0.9,0.9333333333333333,0.0,0.0,7.0,6.0,38.6,0.5,0.26666666666666666,2.5,-4.0,400.0,0.0,0.0,6,7,26.7,8.0,1691,1362,1167,0.0,0.0,10.0,11.0,38.4,2.1,0.0625,0.0,0.0,6.0,16.0,37.9,3.0,0.2222222222222222,3.3,0.2,54.0,-146.0,11.0,16.0,458.0,0.0,-0.06666666666666667,0.2,0.125,0.2222222222222222,-0.3999999999999993,0.0,-1.5726000000000013,-1.3215000000000003,-1.0259,2.483399999999996,2.4531999999999954,0.31397294842976364,0.7782030583337484,-2.0,1.0,0.0,0.0,0.125,0.0,,-0.008540218470705074,0.0826923076923077
63,202310010606,0,0,0,1,1,0,0,9,0,0,0,0,0,0,0,0,0,0,0,2,0,0,0,0,0,0,0,0,0,0,0,1,0,0,0,0,0.0,0.0,6.0,3.0,39.5,0.1,0.75,0.0,0.0,9.0,8.0,35.1,0.6,0.9375,0.0,0.0,12.0,3.0,37.5,0.3,0.9333333333333333,0.0,17.0,130.0,0.07142857142857142,0.24285714285714285,8,10,9.7,6.0,1399,1599,1428,0.0,0.0,11.0,9.0,34.3,1.2,0.875,0.0,0.0,8.0,9.0,35.1,0.5,1.0,1.3,0.4,54.0,-544.0,11.0,8.0,415.0,-0.25,-0.0625,-0.26666666666666666,-0.0625,-0.08333333333333333,0.9600000000000002,0.0,,-0.8166000000000011,0.15469999999999828,-1.6166000000000054,-0.8166000000000011,0.08442616761275959,1.9266551326067674,2.0,4.0,0.25,0.0,0.0,1.0,1.0,-0.01785714285714285,0.07758620689655171
64,202310010606,0,0,0,1,2,1,0,7,0,0,0,0,0,0,0,0,0,0,0,0,0,0,0,0,0,0,0,0,0,0,0,0,0,0,0,0,0.0,0.0,7.0,8.0,36.7,1.3,0.8333333333333334,0.0,0.0,7.0,12.0,35.5,0.8,0.75,0.0,0.0,4.0,6.0,35.2,0.6,0.5384615384615384,-1.0,-5.0,400.0,0.0,0.0,2,2,2.7,1.0,1248,334,1428,0.0,0.0,5.0,2.0,35.8,0.0,0.9166666666666666,0.0,0.0,12.0,8.0,34.0,0.4,1.0,-1.0,0.2,56.0,-534.0,11.0,12.0,519.0,-0.16666666666666666,-0.3125,0.07692307692307693,-0.3333333333333333,-0.1875,0.5100000000000009,0.0,1.6253000000000029,-0.4166000000000025,-0.2591999999999999,0.06259999999999621,-1.153100000000002,0.1583216542978009,0.877724330299668,0.0,1.0,0.0,0.1875,0.5,0.0,,,-0.10947368421052633
65,202310010606,1,0,0,4,0,0,0,3,0,0,0,0,1,0,0,2,0,0,0,1,0,0,0,0,1,0,0,2,0,0,0,1,0,0,0,0,0.0,0.0,90.0,9.0,38.9,2.9,1.0,0.0,0.0,60.0,6.0,34.6,1.2,0.75,0.0,0.0,70.0,6.0,34.1,0.8,1.0,-1.5,-4.0,200.0,0.046511627906976744,0.3023255813953488,4,4,79.1,9.0,1343,322,1428,,,,,,,,,,,,,,,-1.5,0.0,54.0,15.0,11.0,13.0,472.0,0.0,0.0,-0.1111111111111111,,,2.3999999999999986,0.0,-0.13870000000000005,-0.8592000000000013,-1.3592000000000013,,,0.11785113019775792,2.154581681492307,2.0,0.0,,,,0.0,,0.007662835249042141,0.125
66,202310010606,5,6,5,35,2,4,3,37,0,0,0,0,1,2,3,21,1,1,0,10,0,0,0,0,1,2,1,12,1,1,0,7,0,0,0,0,0.0,0.0,11.0,9.0,37.8,1.8,0.8125,0.0,0.0,11.0,8.0,35.9,1.5,0.25,0.0,0.0,11.0,10.0,35.1,2.0,0.3076923076923077,0.5,10.0,400.0,0.03225806451612903,0.1774193548387097,7,9,14.0,7.0,1506,1428,199,0.0,0.0,9.0,9.0,38.7,2.5,0.15384615384615385,0.0,0.0,7.0,8.0,36.0,1.0,0.8181818181818182,-0.1,0.0,56.0,-147.0,11.0,16.0,470.0,-0.125,0.125,-0.07692307692307693,0.5384615384615384,0.18181818181818182,0.079999999999999,0.0,-0.2726000000000042,-0.2657999999999987,0.025300000000001432,2.5342000000000056,-1.3453000000000017,0.2874793088634342,1.3341664064126335,0.0,3.0,0.0,0.0,0.1,1.0,0.0,0.12481709101551067,-0.04903742873667685
67,202310010606,0,0,0,8,0,0,0,0,0,0,0,0,0,0,0,3,0,0,0,0,0,0,0,0,0,0,0,2,0,0,0,0,0,0,0,0,0.0,0.0,10.0,10.0,36.5,2.5,0.75,0.0,0.0,6.0,10.0,39.7,2.0,0.1,0.0,0.0,6.0,10.0,38.4,2.0,0.25,0.0,17.0,1200.0,0.06578947368421052,0.32894736842105265,6,6,9.0,5.0,1463,786,1167,0.0,0.0,5.0,9.0,36.4,1.1,0.6363636363636364,0.0,0.0,5.0,16.0,40.8,2.9,0.4375,1.1,0.0,56.0,-534.0,11.0,12.0,491.0,0.08333333333333333,0.1,0.25,0.09090909090909091,0.0,-0.529999999999999,0.0,,3.5342000000000056,2.483399999999996,-0.9453000000000031,2.6462000000000003,0.23926065526330229,1.7350504315437059,0.0,3.0,0.0,0.11428571428571428,0.3142857142857143,1.0,0.0,-0.14814814814814814,
68,202310010606,0,0,0,2,2,4,3,37,0,0,0,0,0,0,0,0,1,1,0,10,0,0,0,0,0,0,0,0,1,1,0,7,0,0,0,0,0.0,0.0,14.0,10.0,38.3,2.5,0.14285714285714285,0.0,0.0,11.0,6.0,38.5,2.6,0.09090909090909091,0.0,0.0,16.0,14.0,35.0,1.6,0.9444444444444444,2.0,-8.0,0.0,0.0,0.05,8,11,122.0,10.0,1381,1428,548,0.0,0.0,13.0,12.0,39.7,5.1,0.9230769230769231,0.0,0.0,10.0,9.0,42.2,3.4,0.2,0.4,0.0,55.0,-167.0,11.0,14.0,462.0,0.0,0.09090909090909091,0.05555555555555555,0.07692307692307693,0.5,-0.9000000000000015,0.0,2.3833999999999946,2.5833999999999975,-0.10649999999999693,0.37110000000000554,2.5741000000000014,0.38820974121378,2.3294634575369506,-1.0,2.0,0.0,0.0,0.14285714285714285,0.0,,,-0.04903742873667685
69,202310010606,0,0,0,8,0,0,0,1,0,0,0,0,0,0,0,3,0,0,0,0,0,0,0,0,0,0,0,2,0,0,0,0,0,0,0,0,0.0,0.0,120.0,13.0,38.5,3.0,0.46153846153846156,0.0,0.0,100.0,10.0,36.6,1.3,0.47058823529411764,,,,,,,,-3.0,4.0,0.0,,,5,5,227.6,11.0,1463,206,1167,,,,,,,,,,,,,,,-3.0,0.0,53.0,15.0,11.0,13.0,486.0,0.46153846153846156,-0.058823529411764705,,,,1.8999999999999986,0.0,1.1546999999999983,0.6833999999999989,,,,0.004524886877828038,0.9499999999999993,-3.0,2.0,0.0,0.0,0.125,1.0,0.0,-0.14814814814814814,
70,202310010612,0,2,2,28,1,3,1,3,0,0,0,0,0,1,0,7,1,0,0,0,0,0,0,0,0,0,0,1,0,0,0,0,0,0,0,0,0.0,0.0,140.0,13.0,35.1,0.9,0.9375,0.0,0.0,130.0,7.0,34.8,0.6,0.9285714285714286,0.0,0.0,7.0,6.0,34.2,0.8,1.0,-3.5,0.0,0.0,0.11224489795918367,0.3469387755102041,8,11,9.1,6.0,1098,1433,1294,0.0,0.0,9.0,10.0,36.4,1.7,0.18181818181818182,0.0,0.0,5.0,12.0,36.8,1.0,0.7777777777777778,0.1,0.0,56.0,-679.0,12.0,16.0,464.0,-0.0625,-0.07142857142857142,-0.125,0.0,-0.05555555555555555,-0.4999999999999993,0.0,-0.8166000000000011,-1.1166000000000054,-1.7165999999999997,0.48339999999999606,0.8833999999999946,0.30066628604693757,0.9830564581955591,0.0,5.0,0.0,0.07692307692307693,0.15384615384615385,0.0,,-0.06047008547008548,0.22413793103448276
71,202310010612,0,0,0,10,0,0,0,3,0,0,0,2,0,0,0,0,0,0,0,1,0,0,0,0,0,0,0,0,0,0,0,0,0,0,0,0,0.0,0.0,9.0,9.0,34.7,0.9,0.7272727272727273,0.0,0.0,7.0,6.0,36.9,0.7,0.75,0.0,0.0,10.0,6.0,35.9,0.9,0.21428571428571427,-1.5,-2.0,0.0,0.07246376811594203,0.2318840579710145,6,8,4.9,2.0,1059,1210,1482,0.0,0.0,8.0,11.0,36.7,0.8,0.7142857142857143,0.0,0.0,7.0,4.0,35.4,0.6,0.38461538461538464,-0.5,0.0,56.0,-238.0,12.0,11.0,454.0,-0.09090909090909091,-0.16666666666666666,0.07142857142857142,0.07142857142857142,0.0,-0.11999999999999958,0.0,-1.2165999999999997,0.983399999999996,-1.0412999999999997,-0.15029999999999433,-0.516600000000004,0.2182403141075493,0.8158431221748451,0.0,3.0,0.0,0.2,0.4,0.0,,0.05764411027568922,
72,202310010612,0,0,0,8,0,0,1,2,0,0,0,0,0,0,0,3,0,0,0,1,0,0,0,0,0,0,0,1,0,0,0,0,0,0,0,0,0.0,0.0,80.0,7.0,35.1,0.6,0.75,0.0,0.0,9.0,3.0,35.9,0.5,0.35714285714285715,0.0,0.0,7.0,3.0,36.2,0.3,0.7692307692307693,-2.0,2.0,0.0,0.05263157894736842,0.05263157894736842,4,4,39.0,9.0,1463,815,1167,0.0,0.0,9.0,6.0,39.7,2.0,0.36363636363636365,0.0,0.0,15.0,5.0,34.9,0.7,0.7333333333333333,-0.1,0.4,55.0,-658.0,12.0,16.0,448.0,-0.0625,0.21428571428571427,-0.15384615384615385,-0.09090909090909091,0.06666666666666667,-0.33999999999999986,0.0,-0.8166000000000011,-0.016600000000003945,0.7408000000000001,3.5342000000000056,-0.5592000000000041,0.1916361530515137,1.7385051049680595,-1.0,3.0,0.3333333333333333,0.1,0.43333333333333335,0.0,,-0.14814814814814814,0.023809523809523808
73,202310010612,7,5,9,48,0,1,0,1,0,1,0,0,4,4,2,12,0,1,0,0,0,1,0,0,2,1,0,3,0,0,0,0,0,0,0,0,0.0,0.0,9.0,13.0,38.0,1.9,0.42857142857142855,0.0,0.0,6.0,5.0,36.1,0.6,0.46153846153846156,0.0,0.0,2.0,7.0,39.8,2.7,0.45454545454545453,-3.0,-10.0,0.0,0.047619047619047616,0.30952380952380953,2,2,3.3,1.0,1428,464,1263,0.0,0.0,2.0,3.0,35.6,0.5,0.26666666666666666,0.0,0.0,1.0,4.0,36.1,0.7,0.75,-2.0,0.2,55.0,-280.0,12.0,14.0,440.0,0.07142857142857142,0.07692307692307693,-0.09090909090909091,-0.13333333333333333,0.25,0.4299999999999997,0.0,2.0833999999999975,0.6407999999999987,3.515499999999996,-0.3166000000000011,-1.2453000000000003,0.1560420289507441,1.5714961024450538,-1.0,3.0,0.3333333333333333,0.06451612903225806,0.3225806451612903,1.0,0.0,-0.032200811359026416,
74,202310010612,5,6,5,35,1,1,1,23,1,1,0,0,1,2,3,21,0,1,0,6,0,1,0,0,0,0,1,6,0,0,0,2,0,0,0,0,0.0,0.0,70.0,7.0,33.8,0.4,0.7857142857142857,0.0,0.0,80.0,4.0,33.9,0.8,0.5333333333333333,0.0,0.0,80.0,5.0,35.1,0.8,0.6666666666666666,-1.0,-18.0,0.0,0.0,0.047619047619047616,6,7,4.9,3.0,1506,1345,199,0.0,0.0,50.0,6.0,35.1,1.1,0.6666666666666666,0.0,0.0,50.0,7.0,34.6,0.6,0.5714285714285714,0.2,0.0,54.0,20.0,12.0,14.0,452.0,0.07142857142857142,0.06666666666666667,-0.3333333333333333,0.3333333333333333,-0.14285714285714285,-0.28000000000000114,0.0,-2.1166000000000054,-2.016600000000004,-0.8166000000000011,-0.8166000000000011,-1.7316999999999965,0.08788778662902344,0.5621387729022096,0.0,4.0,0.0,0.15384615384615385,0.3076923076923077,0.0,,0.12481709101551067,-0.23317622414244565
75,202310010612,0,0,1,10,0,0,0,0,0,0,0,0,0,0,1,2,0,0,0,0,0,0,0,0,0,0,0,0,0,0,0,0,0,0,0,0,0.0,0.0,7.0,9.0,47.7,10.1,0.3333333333333333,0.0,0.0,7.0,6.0,37.2,1.5,0.375,0.0,0.0,13.0,7.0,35.8,0.6,0.5714285714285714,-1.0,6.0,300.0,0.0,0.6666666666666666,1,1,8.3,5.0,1729,199,1428,0.0,0.0,10.0,13.0,37.1,1.6,0.6,0.0,0.0,5.0,6.0,37.0,0.8,0.3333333333333333,0.1,0.0,56.0,-184.0,12.0,9.0,480.0,0.4444444444444444,0.0,-0.2857142857142857,-0.4,-0.16666666666666666,2.150000000000001,0.0,8.307400000000001,1.462600000000002,0.34079999999999444,1.6407999999999987,-0.3453000000000017,0.1181691397033561,4.3993635903389485,3.0,1.0,0.0,0.0625,0.375,1.0,0.0,0.05357142857142855,
76,202310010612,3,3,5,39,5,1,4,41,0,0,1,3,3,3,2,16,1,0,0,13,0,0,0,2,1,1,1,3,0,0,0,5,0,0,0,0,0.0,0.0,7.0,3.0,35.1,0.1,0.5,0.0,0.0,4.0,7.0,36.6,0.8,0.5,0.0,0.0,2.0,3.0,35.4,0.3,0.6875,0.0,-4.0,0.0,0.06666666666666667,0.3333333333333333,3,3,8.1,4.0,1503,1167,1263,0.0,0.0,4.0,4.0,34.9,0.4,0.6,0.0,0.0,3.0,2.0,33.7,0.0,0.6111111111111112,-0.5,0.6,55.0,-13.0,12.0,14.0,452.0,0.0,-0.08333333333333333,-0.125,-0.4666666666666667,-0.1111111111111111,0.45,0.0,-2.2453000000000003,-0.7453000000000003,-0.33740000000000236,-0.5592000000000041,-1.7591999999999999,0.07172693417691679,0.9308061022576072,0.0,2.0,0.5,0.11764705882352941,0.3235294117647059,2.0,0.5,-0.023504273504273532,-0.034969779203157775
77,202310010612,0,0,0,8,0,0,0,0,0,0,0,0,0,0,0,3,0,0,0,0,0,0,0,0,0,0,0,1,0,0,0,0,0,0,0,0,0.0,0.0,110.0,12.0,37.4,1.6,0.8,0.0,0.0,90.0,5.0,37.1,0.9,0.35714285714285715,0.0,0.0,6.0,6.0,34.6,0.8,0.4117647058823529,-3.0,2.0,-600.0,,,7,10,10.3,7.0,1463,599,1167,0.0,0.0,11.0,6.0,33.6,0.5,0.25,0.0,0.0,9.0,6.0,36.6,0.6,0.23076923076923078,-1.1,0.0,52.0,-658.0,12.0,15.0,460.0,0.06666666666666667,-0.2857142857142857,0.058823529411764705,-0.0625,0.0,0.5099999999999995,0.0,0.45870000000000033,-0.859099999999998,-1.316600000000001,-1.4746999999999986,0.6833999999999989,0.20621379172328635,1.4934523762075569,-4.0,2.0,0.0,,,0.0,,-0.14814814814814814,
78,202310010612,0,1,0,9,0,0,0,5,0,0,0,0,0,0,0,2,0,0,0,1,0,0,0,0,0,0,0,1,0,0,0,0,0,0,0,0,0.0,0.0,30.0,60.0,35.9,0.5,1.0,0.0,0.0,120.0,110.0,36.5,1.7,0.5,0.0,0.0,100.0,90.0,36.7,1.1,0.75,15.0,8.0,300.0,0.01639344262295082,0.13114754098360656,8,12,81.9,10.0,1148,1665,1393,0.0,0.0,140.0,110.0,35.8,1.3,1.0,0.0,0.0,120.0,130.0,37.2,1.9,0.13333333333333333,14.0,0.0,55.0,-533.0,12.0,12.0,412.0,-0.25,0.08333333333333333,0.0,-0.0625,0.0,-0.19000000000000056,0.0,0.3714000000000013,-0.8453000000000017,-0.6452999999999989,0.06259999999999621,2.093500000000006,0.3289039035611736,0.5192301994298889,1.0,2.0,0.0,0.09090909090909091,0.2727272727272727,2.0,0.0,0.043478260869565216,-0.125
79,202310010612,0,2,2,28,2,4,3,37,0,1,1,2,0,1,0,7,1,1,0,10,0,1,0,1,0,0,0,1,0,0,0,2,0,0,0,0,0.0,0.0,10.0,11.0,45.8,9.9,0.6363636363636364,0.0,0.0,12.0,11.0,37.9,2.3,0.9230769230769231,0.0,0.0,11.0,7.0,35.2,0.9,0.9285714285714286,-2.0,-2.0,-600.0,0.07692307692307693,0.23076923076923078,5,5,23.2,8.0,1098,1428,1294,0.0,0.0,7.0,11.0,39.1,2.6,0.9090909090909091,0.0,0.0,5.0,7.0,38.3,1.1,1.0,-0.8,0.0,55.0,-280.0,12.0,11.0,460.0,0.36363636363636365,0.07692307692307693,-0.14285714285714285,0.09090909090909091,-0.2222222222222222,1.3799999999999997,0.0,8.858699999999999,0.9587000000000003,-1.7412999999999954,0.7394000000000034,1.358699999999999,0.12555324369516802,3.5228397635998134,-1.0,0.0,,0.11904761904761904,0.23809523809523808,0.0,,-0.06047008547008548,-0.04903742873667685
80,202310010612,1,0,0,6,0,2,1,22,0,0,0,0,0,0,0,0,0,1,0,6,0,0,0,0,0,0,0,0,0,1,0,3,0,0,0,0,0.0,0.0,14.0,12.0,36.1,1.0,0.7857142857142857,0.0,0.0,15.0,13.0,35.3,1.3,0.6,0.0,0.0,15.0,14.0,39.4,2.0,1.0,1.0,-6.0,800.0,0.0,0.13043478260869565,5,6,120.7,11.0,1310,1558,1618,0.0,0.0,8.0,,,,0.375,0.0,0.0,12.0,9.0,35.0,1.2,0.8333333333333334,-0.8,0.0,56.0,-371.0,12.0,14.0,462.0,-0.07142857142857142,0.0,0.0,0.25,0.0,-0.07999999999999971,0.0,0.005200000000002092,0.14689999999999515,1.488900000000001,,-0.7374000000000009,0.2140003390761719,1.7499999999999998,0.0,0.0,,0.0,0.0,0.0,,0.0049261083743842304,-0.05200559701492538
81,202310010612,0,0,1,10,1,0,2,1,0,0,0,0,0,0,1,2,1,0,0,1,0,0,0,0,0,0,0,0,0,0,0,0,0,0,0,0,0.0,0.0,16.0,14.0,35.9,1.0,0.3125,0.0,0.0,16.0,14.0,35.0,2.1,0.9375,0.0,0.0,16.0,14.0,34.9,1.5,1.0,0.0,-6.0,200.0,0.0,0.0,7,9,154.2,12.0,1729,1313,1428,0.0,0.0,15.0,13.0,36.7,1.6,0.9333333333333333,0.0,0.0,14.0,14.0,38.4,2.9,0.07142857142857142,-0.1,0.0,54.0,-266.0,12.0,16.0,466.0,0.0,0.0,0.0,0.06666666666666667,0.6428571428571429,-0.6700000000000003,0.0,0.16259999999999764,-0.07469999999999999,-1.1948000000000008,-1.2110999999999947,1.0546999999999969,0.3831659276578671,1.2890306435457615,1.0,1.0,0.0,0.0,0.0,1.0,0.0,0.05357142857142855,0.26
82,202310010706,21,18,8,148,0,0,0,1,0,0,0,0,5,5,2,44,0,0,0,0,0,0,0,0,1,1,1,22,0,0,0,0,0,0,0,0,0.0,0.0,50.0,5.0,36.0,0.5,0.8461538461538461,0.0,0.0,20.0,3.0,35.0,0.6,0.7777777777777778,0.0,0.0,20.0,6.0,34.3,1.4,0.8125,0.5,26.0,0.0,0.13793103448275862,0.4482758620689655,4,4,2.8,2.0,1098,975,1294,,,,,,,,,,,,,,,0.5,0.3333333333333333,56.0,21.0,9.0,13.0,464.0,-0.15384615384615385,0.1111111111111111,0.0,,,0.8500000000000014,0.0,-1.3453000000000017,-0.9166000000000025,-0.8064999999999998,,,0.027915548840435983,0.6976149845485461,0.0,2.0,0.5,0.0967741935483871,0.45161290322580644,1.0,1.0,-0.06047008547008548,
83,202310010706,22,25,25,193,3,9,3,63,0,2,1,8,9,9,5,68,0,0,1,12,0,0,0,0,0,6,2,27,0,0,1,7,0,0,0,0,0.0,0.0,5.0,6.0,38.6,0.5,0.6666666666666666,0.0,0.0,12.0,11.0,36.6,1.7,0.4166666666666667,0.0,0.0,13.0,14.0,38.0,3.5,0.5714285714285714,4.0,21.0,600.0,0.09523809523809523,0.19047619047619047,2,2,5.2,3.0,1691,1362,1167,0.0,0.0,12.0,10.0,40.7,1.8,0.21428571428571427,0.0,0.0,12.0,9.0,36.0,1.7,0.2,0.5,0.0,51.0,-625.0,9.0,12.0,439.0,-0.25,0.08333333333333333,0.35714285714285715,-0.07142857142857142,0.06666666666666667,0.11000000000000014,0.0,0.32050000000000267,1.1407999999999987,2.0833999999999975,1.4906000000000006,0.08339999999999748,0.18671525120892937,1.6497272501841032,-2.0,2.0,0.0,0.11627906976744186,0.23255813953488372,2.0,0.0,-0.008540218470705074,0.0826923076923077
84,202310010706,19,13,7,80,24,22,14,187,2,3,1,11,7,0,5,9,6,6,7,42,0,0,1,2,4,0,3,7,2,0,4,25,0,0,0,1,0.0,0.0,10.0,9.0,39.1,1.6,0.75,0.0,0.0,3.0,9.0,36.4,1.4,0.9285714285714286,0.0,0.0,9.0,5.0,35.3,0.4,0.08333333333333333,-2.0,7.0,300.0,0.0,0.6666666666666666,3,3,2.0,1.0,1657,1428,1317,0.0,0.0,5.0,13.0,35.2,0.4,0.7222222222222222,0.0,0.0,1.0,14.0,43.1,3.6,0.125,1.4,0.0,56.0,-496.0,9.0,12.0,499.0,0.08333333333333333,-0.21428571428571427,0.0,0.0,0.125,-0.6800000000000004,0.0,-0.2926000000000002,0.9407999999999959,-0.8658000000000001,0.04690000000000083,3.5533,0.34854284006856856,2.991588206956299,0.0,1.0,0.0,0.06060606060606061,0.36363636363636365,0.0,,-0.1385419032477856,-0.04903742873667685
85,202310010706,7,10,5,79,18,17,16,158,0,0,0,2,1,2,0,23,6,3,6,43,0,0,0,0,1,1,0,10,1,1,2,21,0,0,0,0,0.0,0.0,,,,,,0.0,0.0,60.0,8.0,37.0,1.5,0.9285714285714286,0.0,0.0,30.0,5.0,35.7,0.4,0.8125,-3.0,,600.0,0.06944444444444445,0.2361111111111111,6,6,37.2,6.0,1317,1013,1186,0.0,0.0,30.0,4.0,37.3,0.6,0.8666666666666667,0.0,0.0,80.0,4.0,36.9,0.7,0.75,-1.3,0.0,56.0,-224.0,9.0,7.0,,,-0.21428571428571427,-0.3125,-0.7333333333333333,-0.25,-0.129999999999999,0.0,,0.8342000000000027,-0.21659999999999968,1.3833999999999946,0.983399999999996,0.06597533633299418,0.6098155458825214,0.0,4.0,0.0,0.08333333333333333,0.19444444444444445,3.0,0.0,0.08726296358449406,0.08308366498233688
86,202310010706,1,0,1,4,0,0,0,2,0,0,0,0,0,0,0,0,0,0,0,0,0,0,0,0,0,0,0,0,0,0,0,0,0,0,0,0,0.0,0.0,1.0,1.0,40.4,0.0,0.4,0.0,0.0,1.0,7.0,40.7,2.2,0.26666666666666666,0.0,0.0,2.0,4.0,38.0,0.3,0.3125,1.5,-11.0,600.0,0.07142857142857142,0.21428571428571427,8,8,21.2,5.0,1397,960,1428,0.0,0.0,3.0,5.0,39.7,0.9,0.3333333333333333,0.0,0.0,5.0,3.0,37.7,0.5,0.26666666666666666,0.2,0.4,55.0,-529.0,9.0,10.0,465.0,-0.2,-0.13333333333333333,0.0,-0.13333333333333333,0.0,0.6399999999999991,0.0,2.2462000000000018,1.0741000000000014,-0.07260000000000133,0.07410000000000139,-1.9258999999999986,0.04946940693218611,1.2312595177297105,-2.0,0.0,,0.14285714285714285,0.42857142857142855,0.0,,,
87,202310010706,19,13,7,80,18,9,7,155,0,0,0,1,7,0,5,9,2,0,0,42,0,0,0,0,4,0,3,7,0,0,0,19,0,0,0,0,0.0,0.0,5.0,6.0,35.1,1.4,0.625,0.0,0.0,8.0,3.0,34.1,0.1,0.5555555555555556,0.0,0.0,9.0,10.0,33.8,0.8,0.9,2.0,-6.0,0.0,0.0,0.0,1,1,56.2,7.0,1657,1183,1317,0.0,0.0,9.0,9.0,35.4,0.9,0.75,0.0,0.0,6.0,6.0,35.7,1.1,0.8461538461538461,0.6,0.2,56.0,-505.0,9.0,8.0,432.0,-0.125,0.0,0.0,0.08333333333333333,0.0,-0.25,0.0,-2.2453000000000003,-1.816600000000001,-1.6592000000000056,-0.046800000000004616,-0.0373999999999981,0.12969572216995237,0.7413501197140266,-2.0,2.0,0.5,0.13043478260869565,0.21739130434782608,1.0,1.0,-0.1385419032477856,0.025988173046996577
88,202310010706,1,1,0,12,19,17,14,192,0,0,0,2,0,0,0,1,4,5,2,38,0,0,0,0,0,0,0,0,2,4,0,16,0,0,0,0,0.0,0.0,60.0,7.0,39.2,1.1,0.4,0.0,0.0,80.0,9.0,35.6,0.8,0.15384615384615385,0.0,0.0,70.0,4.0,35.1,0.4,0.6666666666666666,-1.5,6.0,200.0,0.016129032258064516,0.12903225806451613,7,7,9.4,4.0,1246,1167,533,0.0,0.0,70.0,6.0,35.5,0.5,0.75,,,,,,,,-0.8,0.0,56.0,28.0,9.0,15.0,480.0,0.0,0.0,0.0,0.0,,1.1600000000000008,0.0,-0.4258999999999986,0.1407999999999987,-0.3592000000000013,0.04079999999999728,,0.23445835960056485,1.65604951616792,0.0,0.0,,0.1111111111111111,0.2222222222222222,0.0,,,-0.034969779203157775
89,202310010706,1,3,1,30,0,1,1,11,0,0,0,0,0,0,1,4,0,0,1,1,0,0,0,0,0,0,0,3,0,0,0,1,0,0,0,0,0.0,0.0,130.0,15.0,40.7,4.1,0.5,0.0,0.0,100.0,8.0,38.0,2.3,0.75,0.0,0.0,110.0,9.0,34.6,1.1,0.7333333333333333,-3.0,0.0,300.0,0.0,0.0,8,9,109.9,8.0,1672,1199,1167,0.0,0.0,120.0,7.0,35.0,1.2,0.13333333333333333,,,,,,,,-2.3,0.0,53.0,21.0,9.0,16.0,470.0,0.4375,0.0,-0.06666666666666667,0.0,,2.0500000000000007,0.0,1.9321000000000055,0.08890000000000242,-0.47469999999999857,-0.07469999999999999,,0.2489910194721444,2.471209218176398,0.0,0.0,,0.0,0.0,0.0,,0.3116883116883117,
90,202310010706,1,3,1,35,1,0,0,4,0,0,0,0,0,0,0,6,0,0,0,1,0,0,0,0,0,0,0,4,0,0,0,1,0,0,0,0,0.0,0.0,,,,,,0.0,0.0,90.0,9.0,38.6,4.4,0.4444444444444444,0.0,0.0,140.0,18.0,36.5,2.6,0.8888888888888888,9.0,,600.0,0.0625,0.15625,5,5,149.6,9.0,1333,1712,1294,0.0,0.0,160.0,14.0,39.0,3.5,0.875,,,,,,,,2.5,0.0,52.0,-440.0,9.0,11.0,,,0.5555555555555556,0.05555555555555555,0.0,,-0.1999999999999993,0.0,,2.683399999999999,0.40520000000000067,1.3357000000000028,,0.20631740699219622,1.0964589468932353,1.0,1.0,0.0,0.0,0.0,1.0,0.0,-0.125,
91,202310010708,7,10,5,79,4,4,8,43,0,0,0,1,1,2,0,23,0,0,2,8,0,0,0,0,0,1,0,8,0,0,1,2,0,0,0,0,0.0,0.0,13.0,13.0,34.7,0.9,0.5294117647058824,0.0,0.0,14.0,5.0,35.4,0.3,1.0,0.0,0.0,10.0,10.0,37.5,1.4,0.7857142857142857,-1.5,-6.0,400.0,0.17045454545454544,0.3522727272727273,6,11,4.0,1.0,1317,1170,1186,0.0,0.0,7.0,9.0,35.8,0.8,0.5,0.0,0.0,12.0,7.0,34.7,0.4,0.25,-0.8,0.0,55.0,-624.0,15.0,17.0,462.0,-0.058823529411764705,-0.42857142857142855,0.07142857142857142,0.07142857142857142,0.0,-0.039999999999999855,0.0,-0.37469999999999715,-3.832100000000004,1.5833999999999975,-0.11660000000000537,-1.2165999999999997,0.2573418793712516,1.0303397497912996,2.0,3.0,0.0,0.0,0.0,3.0,0.0,0.08726296358449406,-0.09261501210653753
92,202310010708,7,16,13,165,0,0,1,6,0,0,0,1,3,9,9,58,0,0,0,3,0,0,0,0,0,3,3,18,0,0,0,1,0,0,0,0,0.0,0.0,50.0,10.0,39.1,2.4,0.8181818181818182,0.0,0.0,60.0,6.0,36.6,1.2,0.5333333333333333,0.0,0.0,60.0,7.0,36.0,2.5,0.8888888888888888,-1.5,-6.0,-500.0,0.0,0.6,2,3,7.8,5.0,1506,607,199,0.0,0.0,30.0,3.0,35.0,0.8,0.25,0.0,0.0,70.0,8.0,34.5,1.1,0.7,-0.7,0.2,57.0,112.0,15.0,11.0,482.0,0.09090909090909091,0.0,0.0,0.0,0.1,1.0800000000000005,0.0,-0.6884999999999977,-0.34129999999999683,-1.3453000000000017,-0.9166000000000025,-0.9468000000000032,0.22836540921627707,1.6082288394379707,7.0,2.0,0.5,0.07142857142857142,0.21428571428571427,1.0,1.0,0.12481709101551067,
93,202310010708,43,37,31,237,0,2,0,2,0,2,0,0,12,13,9,72,0,2,0,0,0,2,0,0,3,0,4,19,0,0,0,0,0,0,0,0,0.0,0.0,9.0,13.0,38.0,1.9,0.42857142857142855,0.0,0.0,6.0,5.0,36.1,0.6,0.46153846153846156,0.0,0.0,2.0,7.0,39.8,2.7,0.45454545454545453,-3.0,-10.0,0.0,0.12121212121212122,0.35353535353535354,7,13,4.7,2.0,1428,464,1263,0.0,0.0,2.0,3.0,35.6,0.5,0.26666666666666666,0.0,0.0,1.0,4.0,36.1,0.7,0.75,-2.0,0.2,55.0,-274.0,15.0,14.0,440.0,0.07142857142857142,0.07692307692307693,-0.09090909090909091,-0.13333333333333333,0.25,0.4299999999999997,0.0,2.0833999999999975,0.6407999999999987,3.515499999999996,-0.3166000000000011,-1.2453000000000003,0.1560420289507441,1.5714961024450538,-1.0,3.0,0.3333333333333333,0.0625,0.3125,2.0,0.5,-0.032200811359026416,
94,202310010708,43,37,31,237,1,0,0,0,1,0,0,0,12,13,9,72,1,0,0,0,1,0,0,0,3,0,4,19,0,0,0,0,0,0,0,0,0.0,0.0,8.0,8.0,35.0,1.0,0.5555555555555556,0.0,0.0,8.0,6.0,35.9,0.7,0.2,0.0,0.0,4.0,5.0,34.7,0.3,0.6,-1.5,2.0,200.0,0.14285714285714285,0.4642857142857143,7,12,5.1,4.0,1428,840,1263,0.0,0.0,4.0,8.0,35.6,0.5,0.875,0.0,0.0,7.0,3.0,34.5,0.0,0.1111111111111111,-0.8,0.2,55.0,-491.0,15.0,9.0,432.0,0.0,0.5333333333333333,-0.1,-0.0625,-0.05555555555555555,0.12999999999999973,0.0,-0.4592000000000027,-0.016600000000003945,-1.037399999999998,-0.13739999999999952,-1.4166000000000025,0.2792604872750286,0.5314132102234563,-1.0,2.0,0.5,0.08333333333333333,0.2916666666666667,2.0,0.5,-0.032200811359026416,
95,202310010708,2,2,0,10,2,3,5,48,0,1,0,3,0,0,0,3,1,2,2,14,0,0,0,1,0,0,0,1,0,0,1,3,0,0,0,1,0.0,0.0,90.0,12.0,36.8,1.7,1.0,0.0,0.0,20.0,8.0,37.1,1.5,0.8571428571428571,0.0,0.0,5.0,3.0,33.9,0.3,0.9,-4.5,2.0,-400.0,0.07042253521126761,0.23943661971830985,5,8,4.7,3.0,1460,1599,1345,0.0,0.0,5.0,4.0,35.0,0.3,0.6666666666666666,0.0,0.0,5.0,3.0,35.5,0.8,0.45454545454545453,-2.2,0.4,58.0,-658.0,15.0,12.0,478.0,-0.75,-0.21428571428571427,-0.7,-0.4444444444444444,0.0,0.4699999999999996,0.0,1.353199999999994,-0.859099999999998,-1.5468000000000046,-0.4468000000000032,-1.7053999999999974,0.19360910341057302,1.1774548823628022,0.0,0.0,,0.0,1.0,0.0,,-0.2857142857142857,0.07758620689655171
96,202310010708,0,0,6,40,8,7,6,95,0,0,1,2,0,0,2,8,3,1,2,25,0,0,1,1,0,0,1,2,0,0,1,7,0,0,1,1,0.0,0.0,110.0,10.0,34.6,0.8,0.5,0.0,0.0,50.0,5.0,36.2,0.8,0.375,0.0,0.0,60.0,4.0,35.1,0.6,0.6666666666666666,-3.0,-2.0,0.0,0.0,0.0,3,5,87.1,10.0,1306,1618,1445,0.0,0.0,60.0,4.0,34.6,0.5,0.8571428571428571,0.0,0.0,80.0,11.0,35.5,1.4,0.7272727272727273,0.1,0.0,55.0,26.0,15.0,14.0,462.0,0.14285714285714285,0.0,0.2222222222222222,0.0,-0.36363636363636365,-0.019999999999999574,0.0,-1.316600000000001,0.2834000000000003,-0.8166000000000011,-1.316600000000001,0.053199999999996805,0.1698298523369085,0.6033241251599346,-3.0,4.0,0.0,0.0,0.05555555555555555,4.0,0.0,-0.08695652173913043,0.014617691154422796
97,202310010708,1,0,0,21,19,17,14,192,0,0,0,2,0,0,0,4,4,5,2,38,0,0,0,0,0,0,0,2,1,1,1,14,0,0,0,0,0.0,0.0,100.0,15.0,37.1,1.5,0.0625,0.0,0.0,100.0,5.0,36.5,0.5,0.0625,0.0,0.0,50.0,15.0,38.6,2.4,0.13333333333333333,0.0,-4.0,0.0,0.06451612903225806,0.12903225806451613,4,6,20.0,8.0,1482,1167,1263,0.0,0.0,40.0,4.0,36.5,0.2,0.23076923076923078,0.0,0.0,60.0,2.0,34.1,0.1,0.08333333333333333,-2.7,0.2,56.0,63.0,15.0,16.0,490.0,0.0625,0.0,0.06666666666666667,-0.07692307692307693,0.0,0.6,0.0,1.183399999999999,1.0407999999999973,3.1407999999999987,0.5833999999999975,-1.3592000000000013,0.06364367801658928,1.4499655168313488,2.0,2.0,0.0,0.0,0.08333333333333333,2.0,0.0,-0.045454545454545456,-0.034969779203157775
98,202310010708,8,8,8,109,19,17,14,192,0,0,1,5,2,1,2,32,4,5,2,38,0,0,0,3,1,0,0,9,1,1,1,14,0,0,0,2,0.0,0.0,60.0,9.0,36.2,0.7,0.8,0.0,0.0,80.0,3.0,35.3,0.2,0.625,0.0,0.0,50.0,2.0,35.5,0.1,0.3125,-3.5,2.0,0.0,0.1,0.2,3,4,10.6,6.0,1304,1167,1503,0.0,0.0,100.0,5.0,35.8,0.4,0.625,0.0,0.0,100.0,8.0,37.4,1.2,0.6875,0.0,0.4,54.0,14.0,15.0,15.0,456.0,0.06666666666666667,-0.1875,0.0625,0.1875,-0.25,-0.28999999999999915,0.0,-0.4831999999999965,-0.6166000000000054,0.04079999999999728,-0.11660000000000537,1.483399999999996,0.16190274858692177,0.7445804187594517,-3.0,4.0,0.25,0.0,0.18181818181818182,3.0,0.3333333333333333,0.013993316624895585,-0.034969779203157775
99,202310010708,7,10,5,79,1,1,0,14,0,0,0,0,1,2,0,23,0,0,0,0,0,0,0,0,0,1,0,8,0,0,0,0,0,0,0,0,0.0,0.0,100.0,16.0,36.5,2.0,0.75,0.0,0.0,14.0,1.0,34.1,0.0,1.0,0.0,0.0,12.0,10.0,36.1,1.2,0.6875,-3.0,2.0,0.0,0.0,0.125,4,7,131.0,12.0,1317,1665,1186,0.0,0.0,8.0,12.0,36.0,1.9,0.6666666666666666,0.0,0.0,9.0,4.0,35.8,0.3,0.8666666666666667,-1.3,0.2,55.0,-805.0,15.0,16.0,422.0,0.1875,-0.1875,-0.1875,-0.08333333333333333,-0.26666666666666666,-0.04999999999999929,0.0,0.5833999999999975,-1.816600000000001,0.6407999999999987,0.26259999999999906,-0.3658000000000001,0.12426450284239128,0.8318653737234164,-1.0,3.0,0.3333333333333333,0.0,0.16666666666666666,2.0,0.5,0.08726296358449406,-0.125
100,202310010708,5,2,2,22,0,1,0,9,0,0,0,0,0,1,0,4,0,0,0,0,0,0,0,0,0,0,0,0,0,0,0,0,0,0,0,0,0.0,0.0,11.0,14.0,38.0,2.5,0.1111111111111111,0.0,0.0,2.0,6.0,37.3,0.9,0.875,0.0,0.0,1.0,1.0,34.9,0.0,0.14285714285714285,-6.5,-8.0,-200.0,0.0,0.125,5,9,76.4,9.0,1089,1553,1428,0.0,0.0,4.0,1.0,37.3,0.0,0.2727272727272727,0.0,0.0,7.0,2.0,36.5,0.3,0.09090909090909091,-2.9,0.6,54.0,-197.0,15.0,18.0,514.0,0.05555555555555555,-0.375,0.0,0.0,0.0,0.3,0.0,1.9699999999999989,1.3833999999999946,-1.016600000000004,1.0154999999999959,-0.8453000000000017,0.29511006810269963,1.0620734437881403,-4.0,3.0,0.6666666666666666,0.038461538461538464,0.07692307692307693,2.0,0.5,0.07331378299120234,0.275
101,202310010708,21,18,8,148,19,17,14,192,3,3,2,19,5,5,2,44,4,5,2,38,0,0,0,1,4,2,0,13,1,1,1,14,0,0,0,1,0.0,0.0,11.0,9.0,34.7,1.3,0.8888888888888888,0.0,0.0,6.0,7.0,35.8,2.1,0.3,0.0,0.0,5.0,7.0,37.1,1.0,0.8,-1.0,10.0,200.0,0.08333333333333333,0.25,6,10,15.7,7.0,1098,1167,1294,0.0,0.0,3.0,2.0,35.1,0.2,0.75,0.0,0.0,4.0,7.0,34.4,0.9,0.9,-0.9,0.2,55.0,-631.0,15.0,18.0,486.0,0.0,0.0,-0.3,0.0,-0.1,0.13000000000000042,0.0,-0.7591999999999999,-0.11660000000000537,0.9342000000000041,-0.8166000000000011,-1.0468000000000046,0.2210524768711362,0.9620810776644556,-1.0,3.0,0.3333333333333333,0.5,1.0,2.0,0.5,-0.06047008547008548,-0.034969779203157775
102,202310010708,13,11,16,68,0,0,1,11,0,0,0,0,4,4,9,26,0,0,0,2,0,0,0,0,1,2,3,3,0,0,0,0,0,0,0,0,0.0,0.0,130.0,13.0,38.0,1.9,1.0,0.0,0.0,90.0,14.0,41.2,2.2,1.0,0.0,0.0,70.0,7.0,37.5,1.2,0.9285714285714286,-3.0,14.0,300.0,0.0967741935483871,0.16129032258064516,8,14,192.1,14.0,1463,1331,1167,0.0,0.0,50.0,1.0,38.0,0.0,0.7857142857142857,0.0,0.0,60.0,4.0,39.2,1.8,0.8571428571428571,-3.1,0.2,57.0,13.0,15.0,16.0,540.0,-0.125,-0.375,-0.2857142857142857,-0.5714285714285714,-0.2857142857142857,0.07999999999999971,0.0,-1.2764000000000024,1.0748999999999995,-1.8926000000000016,-1.3926000000000016,-0.07639999999999958,0.0832993127835043,1.333266664999918,0.0,0.0,,0.25,0.375,0.0,,-0.14814814814814814,
103,202310010708,5,8,8,56,1,1,1,5,0,0,0,0,2,3,4,21,0,0,1,1,0,0,0,0,0,1,1,7,0,0,0,0,0,0,0,0,0.0,0.0,8.0,3.0,39.4,0.2,0.6666666666666666,0.0,0.0,14.0,15.0,36.2,2.0,0.7333333333333333,0.0,0.0,10.0,10.0,37.4,1.8,0.8181818181818182,3.5,6.0,600.0,,,1,1,101.1,11.0,1222,695,1328,0.0,0.0,11.0,13.0,35.7,1.3,0.6666666666666666,0.0,0.0,12.0,9.0,35.8,1.4,0.75,1.0,0.2,54.0,-534.0,15.0,12.0,438.0,-0.16666666666666666,0.06666666666666667,0.09090909090909091,0.2,0.0,0.7700000000000002,0.0,1.7357000000000014,0.7408000000000001,0.05469999999999686,-0.21659999999999968,-0.23000000000000398,0.056856754583615256,1.3885243966167815,-2.0,2.0,0.0,0.0,0.0,1.0,0.0,0.0430622009569378,
104,202310010708,0,0,0,13,3,9,3,63,0,0,0,1,0,0,0,0,0,0,1,12,0,0,0,0,0,0,0,0,0,0,0,3,0,0,0,0,0.0,0.0,9.0,9.0,40.5,2.4,0.9,0.0,0.0,15.0,14.0,36.7,2.6,0.9333333333333333,0.0,0.0,15.0,17.0,35.1,1.6,0.8235294117647058,4.0,18.0,600.0,0.12,0.32,2,2,421.1,15.0,1717,1362,1559,0.0,0.0,16.0,15.0,35.5,1.4,0.1875,0.0,0.0,12.0,12.0,40.7,3.3,1.0,0.7,0.0,54.0,-540.0,15.0,10.0,444.0,0.0,0.06666666666666667,0.058823529411764705,0.0,0.0,0.07999999999999971,0.0,2.2205000000000013,0.7834000000000003,-0.26539999999999964,0.346899999999998,2.420500000000004,0.2961901652564066,2.4265201420964964,0.0,1.0,0.0,0.0,0.125,1.0,0.0,,0.0826923076923077
105,202310010708,22,25,25,193,12,13,17,176,1,1,2,15,9,9,5,68,3,4,4,40,1,1,1,5,2,1,3,17,0,1,1,11,0,0,0,2,0.0,0.0,2.0,8.0,41.8,2.2,0.6666666666666666,0.0,0.0,13.0,15.0,38.4,3.0,0.06666666666666667,0.0,0.0,9.0,12.0,38.6,2.4,0.5333333333333333,2.0,-8.0,600.0,0.07407407407407407,0.2222222222222222,8,15,181.1,13.0,1691,1263,1167,0.0,0.0,4.0,6.0,38.5,2.5,0.14285714285714285,,,,,,,,-0.9,0.0,56.0,-218.0,15.0,12.0,506.0,-0.25,0.13333333333333333,0.06666666666666667,0.14285714285714285,,0.9699999999999989,0.0,4.1357,2.483399999999996,0.32050000000000267,2.5833999999999975,,0.25350155531821267,1.4306903927824484,0.0,2.0,0.0,0.0,0.25,2.0,0.0,-0.008540218470705074,-0.02761200676939521
106,202310010805,1,1,0,12,0,0,0,1,0,0,0,0,0,0,0,1,0,0,0,1,0,0,0,0,0,0,0,1,0,0,0,0,0,0,0,0,,,,,,,,,,,,,,,,,,,,,,,,,0.0,0.11904761904761904,2,3,23.3,10.0,1246,1509,533,,,,,,,,,,,,,,,,,56.0,,16.0,,,,,,,,,,,,,,,,,,0.0,,0.0625,0.375,0.0,,,
107,202310010805,7,16,13,165,14,17,12,91,0,0,1,5,3,9,9,58,3,3,4,15,0,0,0,3,0,1,0,6,1,0,0,0,0,0,0,0,0.0,0.0,4.0,4.0,36.1,0.3,0.5,0.0,0.0,1.0,7.0,34.7,0.4,0.8333333333333334,0.0,0.0,1.0,1.0,34.3,0.0,0.3333333333333333,-1.5,0.0,-200.0,0.21212121212121213,0.45454545454545453,5,10,5.3,2.0,1506,1345,199,0.0,0.0,2.0,2.0,35.1,0.1,0.3125,,,,,,,,-1.2,0.5,56.0,-167.0,16.0,14.0,470.0,-0.07142857142857142,-0.08333333333333333,0.0,-0.1875,,0.3400000000000006,0.0,0.07000000000000028,-1.4657999999999944,-1.730000000000004,-0.8166000000000011,,0.20852855436632922,0.6689544080129836,1.0,2.0,0.5,0.1,0.2,1.0,1.0,0.12481709101551067,-0.23317622414244565
108,202310010805,0,0,0,1,11,10,9,104,0,0,0,0,0,0,0,0,3,4,2,24,0,0,0,0,0,0,0,0,0,1,0,2,0,0,0,0,0.0,0.0,2.0,7.0,39.5,0.4,0.16666666666666666,0.0,0.0,8.0,9.0,35.9,0.8,0.3333333333333333,0.0,0.0,8.0,8.0,35.4,1.7,0.8888888888888888,0.5,16.0,300.0,0.06666666666666667,0.22666666666666666,3,5,49.7,12.0,1537,1558,488,0.0,0.0,9.0,7.0,34.9,1.1,0.2222222222222222,0.0,0.0,13.0,11.0,38.5,2.6,0.38461538461538464,0.6,0.0,54.0,-620.0,16.0,12.0,480.0,0.08333333333333333,-0.1111111111111111,-0.3333333333333333,0.0,0.07692307692307693,0.3,0.0,0.10739999999999839,-0.13000000000000256,-0.516600000000004,-1.1300000000000026,2.3342000000000027,0.25680311784021764,1.819450466487066,0.0,2.0,0.0,0.1,0.35,1.0,0.0,,-0.05200559701492538
109,202310010805,13,14,16,140,1,0,0,9,0,0,0,0,2,6,5,41,0,0,0,2,0,0,0,0,0,0,1,1,0,0,0,0,0,0,0,0,,,,,,,,,,,,,,,,,,,,,,,,,0.043478260869565216,0.2826086956521739,4,7,7.5,4.0,1127,1335,1328,,,,,,,,,,,,,,,,,56.0,,16.0,,,,,,,,,,,,,,,,,,0.0,,0.0,0.0,0.0,,0.021784079161128317,
110,202310010805,5,2,2,22,6,10,7,73,0,0,0,0,0,1,0,4,0,0,0,15,0,0,0,0,0,0,0,0,0,0,0,2,0,0,0,0,,,,,,,,,,,,,,,,,,,,,,,,,0.015625,0.140625,1,2,11.0,7.0,1089,1306,1428,,,,,,,,,,,,,,,,,56.0,,16.0,,,,,,,,,,,,,,,,,,0.0,,0.0,0.0,0.0,,0.07331378299120234,-0.08806818181818182
111,202310010805,1,0,1,2,6,10,7,73,0,0,0,0,0,0,0,0,0,0,0,15,0,0,0,0,0,0,0,0,0,0,0,2,0,0,0,0,0.0,0.0,4.0,5.0,42.0,2.3,0.6363636363636364,0.0,0.0,11.0,9.0,35.7,1.3,0.8333333333333334,0.0,0.0,13.0,9.0,35.5,1.2,0.7222222222222222,2.0,14.0,300.0,0.041666666666666664,0.125,8,15,29.2,11.0,1632,1306,1167,0.0,0.0,9.0,9.0,34.9,1.4,0.7647058823529411,0.0,0.0,13.0,10.0,35.8,1.2,0.4666666666666667,1.0,0.0,55.0,-360.0,16.0,11.0,468.0,-0.18181818181818182,-0.05555555555555555,0.0,-0.11764705882352941,-0.06666666666666667,1.320000000000001,0.0,2.6073999999999984,0.40870000000000317,0.4253,-0.8374000000000024,-0.3658000000000001,0.12631362236038374,2.6286118009321955,-1.0,1.0,0.0,0.06666666666666667,0.2,0.0,,,-0.08806818181818182
112,202310010805,21,18,8,148,24,22,14,187,3,5,1,33,5,5,2,44,6,6,7,42,0,3,1,11,0,0,1,2,1,0,0,3,0,0,0,1,0.0,0.0,8.0,8.0,38.3,2.8,0.8888888888888888,0.0,0.0,11.0,15.0,37.3,3.0,1.0,0.0,0.0,9.0,13.0,36.6,2.1,0.9411764705882353,2.5,7.0,1000.0,0.11764705882352941,0.3627450980392157,4,8,5.4,3.0,1098,1428,1294,0.0,0.0,6.0,14.0,39.2,3.1,0.875,0.0,0.0,3.0,7.0,35.8,1.0,0.75,-0.3,0.0,56.0,-469.0,16.0,9.0,473.0,0.0,-0.0625,0.058823529411764705,0.0625,-0.25,0.30999999999999944,0.0,1.8588999999999984,1.0154999999999959,1.1531999999999982,2.2587000000000046,-0.11660000000000537,0.08311454040833438,1.204325537385969,0.0,1.0,0.0,0.16666666666666666,0.23333333333333334,1.0,0.0,-0.06047008547008548,-0.04903742873667685
113,202310010805,42,28,20,261,18,17,16,158,3,3,0,8,6,5,4,31,6,3,6,43,0,0,0,1,0,0,0,2,1,1,1,2,0,0,0,0,0.0,0.0,8.0,10.0,34.9,1.9,0.7222222222222222,0.0,0.0,1.0,8.0,35.6,1.1,0.875,,,,,,,,-2.0,0.0,200.0,0.0,0.0,5,9,5.2,1.0,1716,1013,1167,,,,,,,,,,,,,,,-2.0,0.0,54.0,-111.0,16.0,18.0,458.0,-0.16666666666666666,-0.375,,,,-0.7000000000000028,0.0,-0.5592000000000041,-0.3166000000000011,,,,0.0763888888888889,0.3500000000000014,0.0,1.0,0.0,0.2222222222222222,0.5,1.0,0.0,-0.05769230769230768,0.08308366498233688
114,202310010805,1,3,1,30,3,9,3,63,0,0,0,2,0,0,1,4,0,0,1,12,0,0,0,0,0,0,1,0,0,0,0,0,0,0,0,0,,,,,,,,,,,,,,,,,,,,,,,,,0.1111111111111111,0.25,6,11,23.1,9.0,1672,1362,1167,,,,,,,,,,,,,,,,,56.0,,16.0,,,,,,,,,,,,,,,,,,0.0,,0.0,0.0,0.0,,0.3116883116883117,0.0826923076923077
115,202310010805,2,0,1,16,3,0,2,20,0,0,0,0,1,0,1,6,0,0,1,3,0,0,0,0,0,0,0,1,0,0,0,0,0,0,0,0,0.0,0.0,2.0,9.0,39.6,4.6,0.9,0.0,0.0,7.0,7.0,38.0,0.8,0.625,0.0,0.0,11.0,2.0,38.8,0.2,0.5,-3.5,-13.0,600.0,0.10294117647058823,0.27941176470588236,7,14,14.6,8.0,1191,1506,1235,0.0,0.0,9.0,9.0,40.4,1.9,0.625,0.0,0.0,8.0,3.0,39.6,2.0,0.3333333333333333,-1.0,0.4,56.0,-282.0,16.0,10.0,487.0,0.0,-0.125,-0.25,-0.125,-0.2,-0.23999999999999985,0.0,1.4462000000000046,-1.3926000000000016,-0.5926000000000045,0.7740999999999971,-0.025900000000000034,0.18563704132287584,0.8158431221748457,0.0,0.0,,0.0,0.08,0.0,,-0.015037593984962405,0.1333333333333333
116,202310010805,1,1,0,12,4,1,5,21,0,0,0,0,0,0,0,1,1,0,1,5,0,0,0,0,0,0,0,1,0,0,0,0,0,0,0,0,0.0,0.0,8.0,7.0,41.2,2.2,0.8888888888888888,0.0,0.0,17.0,17.0,38.4,3.5,0.47058823529411764,0.0,0.0,13.0,11.0,36.0,2.0,0.5625,2.0,24.0,600.0,0.0,0.11764705882352941,2,4,53.2,13.0,1246,1685,533,,,,,,,,,,,,,,,2.0,0.0,50.0,-461.0,16.0,9.0,452.0,0.1111111111111111,0.058823529411764705,0.25,,,2.6000000000000014,0.0,2.920500000000004,2.6625999999999976,0.08339999999999748,,,0.17949092087199336,2.124983660067898,-2.0,1.0,0.0,0.12,0.2,1.0,0.0,,-0.1975806451612903
117,202310010805,5,8,8,56,0,1,0,8,0,0,0,0,2,3,4,21,0,1,0,2,0,0,0,0,0,0,1,4,0,0,0,0,0,0,0,0,,,,,,,,,,,,,,,,,,,,,,,,,0.18181818181818182,0.45454545454545453,6,12,10.1,6.0,1222,1210,1328,,,,,,,,,,,,,,,,,54.0,,16.0,,,,,,,,,,,,,,,,,,0.0,,0.047619047619047616,0.14285714285714285,0.0,,0.0430622009569378,
118,202310010805,1,1,1,6,1,0,0,4,0,0,0,0,0,0,1,1,0,0,0,0,0,0,0,0,0,0,1,1,0,0,0,0,0,0,0,0,0.0,0.0,4.0,5.0,42.7,3.2,0.25,0.0,0.0,15.0,13.0,37.2,2.6,0.5625,,,,,,,,8.0,-8.0,600.0,0.06666666666666667,0.2,3,6,95.9,15.0,1676,193,1428,,,,,,,,,,,,,,,8.0,0.0,55.0,-59.0,16.0,8.0,470.0,0.125,0.125,,,,5.5,0.0,4.420500000000004,1.2834000000000003,,,,0.15625,2.75,3.0,1.0,0.0,0.0,0.23529411764705882,1.0,0.0,,
119,202310010805,0,2,0,7,5,6,8,35,0,0,0,0,0,2,0,2,0,2,1,4,0,0,0,0,0,0,0,1,0,1,0,0,0,0,0,0,0.0,0.0,4.0,12.0,41.6,3.1,0.5,0.0,0.0,12.0,6.0,37.7,1.3,0.46153846153846156,0.0,0.0,14.0,14.0,37.1,3.2,0.9375,1.0,-6.0,600.0,0.0625,0.1875,1,1,66.9,14.0,1581,1708,1167,,,,,,,,,,,,,,,1.0,0.0,56.0,-324.0,16.0,12.0,506.0,0.4166666666666667,0.07692307692307693,-0.0625,,,2.25,0.0,3.4462000000000046,1.5342000000000056,1.183399999999999,,,0.2158767462222375,1.994993734326,0.0,2.0,0.0,0.05555555555555555,0.3333333333333333,1.0,0.0,-0.2222222222222222,-0.21851851851851853
120,202310010805,0,2,1,0,4,4,5,68,0,0,0,0,0,1,0,0,2,4,1,13,0,0,0,0,0,1,0,0,0,0,0,2,0,0,0,0,0.0,0.0,6.0,5.0,42.3,3.0,0.5,0.0,0.0,6.0,9.0,40.6,4.5,1.0,0.0,0.0,8.0,9.0,38.2,3.6,1.0,2.0,-11.0,500.0,0.0,0.0,8,16,123.7,16.0,1248,1328,1428,0.0,0.0,16.0,15.0,37.4,3.6,1.0,,,,,,,,3.0,0.0,56.0,-159.0,16.0,12.0,459.0,0.08333333333333333,0.0,0.0,0.0,,1.7099999999999995,0.0,,1.3822000000000045,1.9155000000000015,1.483399999999996,,0.21650635094610965,1.9421315609401943,0.0,1.0,0.0,0.125,0.20833333333333334,1.0,0.0,,0.047839506172839524
121,202310010805,13,14,16,140,0,0,0,4,0,0,0,0,2,6,5,41,0,0,0,1,0,0,0,0,0,0,1,1,0,0,0,0,0,0,0,0,0.0,0.0,120.0,12.0,40.7,3.3,0.5625,0.0,0.0,,,,,,0.0,0.0,70.0,8.0,40.9,2.2,0.3333333333333333,-4.0,,300.0,0.0641025641025641,0.32051282051282054,7,13,9.4,5.0,1127,233,1328,0.0,0.0,120.0,13.0,35.3,1.5,0.8888888888888888,0.0,0.0,50.0,16.0,40.0,5.0,0.3125,1.7,0.0,54.0,-195.0,16.0,16.0,440.0,0.1875,,0.06666666666666667,0.0,0.5625,0.770000000000001,0.0,1.3074000000000012,,1.2740999999999971,0.008699999999997488,4.0833999999999975,0.23222392510008283,2.2906058150629076,3.0,1.0,0.0,0.25,0.3333333333333333,1.0,0.0,0.021784079161128317,
122,202310010807,21,18,8,148,9,10,4,50,1,0,0,6,5,5,2,44,0,3,1,8,0,0,0,2,1,1,1,22,0,0,1,7,0,0,0,1,0.0,0.0,50.0,2.0,33.4,0.6,0.5625,,,,,,,,,,,,,,,,,200.0,0.1935483870967742,0.45161290322580644,4,4,1.7,1.0,1098,1393,1294,,,,,,,,,,,,,,,,1.0,54.0,70.0,9.0,16.0,444.0,0.0,,,,,,,-2.059200000000004,,,,,,,0.0,0.0,,0.17647058823529413,0.47058823529411764,0.0,,-0.06047008547008548,-0.10994028802247979
123,202310010807,6,6,7,105,1,1,2,0,0,0,0,0,1,3,0,28,1,1,0,0,0,0,0,0,1,1,0,13,0,0,0,0,0,0,0,0,0.0,0.0,5.0,12.0,38.3,2.6,0.5,0.0,0.0,6.0,4.0,35.3,0.7,0.3333333333333333,0.0,0.0,6.0,6.0,34.7,0.4,0.375,-3.0,-2.0,600.0,0.09090909090909091,0.15151515151515152,2,2,7.8,4.0,1561,635,1263,0.0,0.0,8.0,9.0,36.2,0.8,0.125,0.0,0.0,10.0,10.0,36.3,0.7,0.07142857142857142,0.1,0.0,54.0,-644.0,9.0,12.0,476.0,0.16666666666666666,0.0,0.0,0.0,0.0,0.30999999999999944,0.0,0.02049999999999841,0.036599999999999966,-0.37469999999999715,0.7408000000000001,0.8407999999999944,0.15986991594004088,1.2224565431948886,-2.0,0.0,,0.09090909090909091,0.18181818181818182,0.0,,0.024856385329209002,
124,202310010807,21,18,8,148,8,12,6,123,0,0,0,4,5,5,2,44,1,2,0,15,0,0,0,0,1,1,1,22,1,1,0,10,0,0,0,0,0.0,0.0,8.0,11.0,41.4,4.8,0.5454545454545454,0.0,0.0,9.0,10.0,40.7,2.7,0.1,0.0,0.0,8.0,13.0,37.3,1.3,0.07692307692307693,1.0,-2.0,600.0,0.09090909090909091,0.22727272727272727,7,7,3.9,2.0,1098,1235,1294,0.0,0.0,2.0,11.0,37.2,1.8,0.08333333333333333,0.0,0.0,6.0,4.0,34.8,0.2,0.08333333333333333,-1.3,0.0,53.0,-616.0,9.0,11.0,492.0,0.45454545454545453,0.2,0.07692307692307693,0.0,0.0,1.6700000000000004,0.0,3.1205,3.7587000000000046,1.3833999999999946,1.7531999999999996,-0.646800000000006,0.18398193402221544,2.4424577785501236,-3.0,1.0,0.0,0.11363636363636363,0.25,1.0,0.0,-0.06047008547008548,0.08476261496395723
125,202310010807,5,8,8,56,0,0,0,4,0,0,0,1,2,3,4,21,0,0,0,0,0,0,0,0,2,1,1,10,0,0,0,0,0,0,0,0,0.0,0.0,2.0,1.0,40.7,0.0,0.16666666666666666,0.0,0.0,13.0,13.0,36.4,1.5,0.75,0.0,0.0,14.0,15.0,37.6,2.2,0.11764705882352941,7.0,27.0,600.0,0.0684931506849315,0.2328767123287671,8,9,48.3,6.0,1222,1327,1328,0.0,0.0,11.0,8.0,35.0,0.7,0.4666666666666667,0.0,0.0,11.0,13.0,40.4,2.7,0.5555555555555556,1.9,0.2,54.0,-523.0,9.0,12.0,455.0,0.0,-0.0625,0.058823529411764705,-0.06666666666666667,0.05555555555555555,0.2000000000000007,0.0,2.546200000000006,0.2342000000000013,1.8736000000000033,-0.9166000000000025,4.234200000000001,0.2386086085904453,2.2256684389189694,0.0,3.0,0.0,0.0,0.0,1.0,0.0,0.0430622009569378,
126,202310010807,0,3,1,24,0,1,0,3,0,0,0,0,0,0,0,3,0,1,0,2,0,0,0,0,0,0,0,2,0,0,0,2,0,0,0,0,0.0,0.0,80.0,110.0,39.8,3.2,1.0,0.0,0.0,100.0,140.0,38.8,2.9,0.375,0.0,0.0,130.0,100.0,37.5,1.9,0.25,-5.0,9.0,600.0,0.06060606060606061,0.15151515151515152,3,3,87.7,7.0,1399,419,1428,0.0,0.0,120.0,100.0,36.9,1.1,0.5882352941176471,0.0,0.0,70.0,50.0,36.5,2.1,0.7777777777777778,-16.0,0.0,54.0,-520.0,9.0,12.0,445.0,0.0,0.0625,0.1875,0.0,0.0,0.8499999999999993,0.0,1.6462000000000003,0.7273999999999958,1.5833999999999975,0.7342000000000013,0.5833999999999975,0.2701304105800574,1.228006514640699,-2.0,3.0,0.0,0.08333333333333333,0.25,2.0,0.0,-0.01785714285714285,
127,202310010807,4,3,3,26,1,2,0,9,0,0,0,0,1,0,1,11,0,0,0,1,0,0,0,0,0,0,1,10,0,0,0,1,0,0,0,0,0.0,0.0,8.0,1.0,41.3,0.0,0.0625,0.0,0.0,5.0,7.0,37.9,0.8,0.14285714285714285,0.0,0.0,7.0,7.0,39.8,1.0,0.05555555555555555,3.0,8.0,200.0,0.12,0.36,6,6,21.6,5.0,1154,1337,1561,0.0,0.0,5.0,6.0,36.7,2.2,0.4444444444444444,0.0,0.0,4.0,13.0,35.8,1.7,0.47058823529411764,2.3,0.2,54.0,-153.0,9.0,16.0,466.0,0.0,0.0,0.0,0.3333333333333333,0.0,1.2199999999999995,0.0,1.6740999999999957,1.983399999999996,3.6342,0.7834000000000003,0.7252999999999972,0.184290790835621,2.0109699152399063,0.0,3.0,0.0,0.2127659574468085,0.46808510638297873,2.0,0.0,-0.0146198830409357,
128,202310010807,0,0,0,5,0,0,0,0,0,0,0,0,0,0,0,1,0,0,0,0,0,0,0,0,0,0,0,1,0,0,0,0,0,0,0,0,0.0,0.0,3.0,1.0,39.3,0.0,0.16666666666666666,0.0,0.0,14.0,16.0,44.1,8.4,0.625,0.0,0.0,8.0,7.0,37.1,2.4,0.4444444444444444,3.0,12.0,700.0,0.0,0.08333333333333333,1,1,177.2,8.0,1704,1090,1712,0.0,0.0,12.0,12.0,37.2,2.1,0.6153846153846154,0.0,0.0,6.0,13.0,39.1,3.0,0.9375,2.0,0.2,56.0,-363.0,9.0,12.0,454.0,-0.08333333333333333,0.25,0.1111111111111111,0.38461538461538464,-0.0625,0.729999999999999,0.0,1.8658999999999963,6.0274,1.183399999999999,1.462600000000002,1.1889000000000038,0.2521264303261737,2.542125095269703,0.0,1.0,0.0,0.0,0.0,1.0,0.0,,
129,202310010807,22,21,21,170,0,1,0,1,0,1,0,1,10,9,9,78,0,0,0,1,0,0,0,1,3,6,5,23,0,0,0,0,0,0,0,0,0.0,0.0,10.0,9.0,36.6,0.8,0.06666666666666667,0.0,0.0,8.0,16.0,37.6,2.5,0.2222222222222222,0.0,0.0,3.0,8.0,38.0,2.9,0.2222222222222222,-0.5,6.0,200.0,0.045454545454545456,0.29545454545454547,8,8,4.6,3.0,1503,168,1263,0.0,0.0,2.0,6.0,42.2,3.1,0.42857142857142855,0.0,0.0,1.0,10.0,35.4,1.0,0.5384615384615384,-0.8,0.0,54.0,-203.0,9.0,15.0,488.0,0.0,0.05555555555555555,0.1111111111111111,-0.14285714285714285,0.0,-0.21999999999999958,0.0,1.1407999999999987,2.4935000000000045,2.0833999999999975,2.5741000000000014,-0.05920000000000414,0.1672376699089356,2.302694074339882,0.0,1.0,0.0,0.1111111111111111,0.18518518518518517,1.0,0.0,-0.023504273504273532,
130,202310010807,7,1,9,72,19,17,14,192,0,0,1,1,1,1,3,14,4,5,2,38,0,0,0,0,1,0,2,5,2,4,0,16,0,0,0,0,0.0,0.0,4.0,7.0,41.4,0.6,0.125,0.0,0.0,9.0,9.0,38.7,4.0,0.7777777777777778,0.0,0.0,13.0,15.0,39.4,4.0,0.875,4.0,7.0,600.0,0.0,0.0,5,5,327.0,9.0,1431,1167,1428,0.0,0.0,13.0,11.0,35.9,1.9,0.46153846153846156,,,,,,,,1.8,0.0,53.0,-114.0,9.0,8.0,451.0,0.25,0.2222222222222222,0.0625,-0.23076923076923078,,1.5800000000000005,0.0,3.7357000000000014,2.7834000000000003,3.940799999999996,0.44079999999999586,,0.29392674179456346,1.970406049523803,-3.0,1.0,0.0,0.0,0.0,1.0,0.0,0.025204980261160054,-0.034969779203157775
131,202310010811,43,37,31,237,0,0,0,4,0,0,0,1,12,13,9,72,0,0,0,2,0,0,0,0,0,2,0,7,0,0,0,0,0,0,0,0,0.0,0.0,10.0,2.0,34.9,0.2,0.45454545454545453,0.0,0.0,10.0,2.0,36.9,0.1,0.45454545454545453,0.0,0.0,30.0,5.0,34.5,0.4,0.5,1.5,-2.0,0.0,0.16666666666666666,0.4444444444444444,7,13,2.8,1.0,1428,75,1263,0.0,0.0,70.0,5.0,34.9,1.0,0.4444444444444444,0.0,0.0,70.0,16.0,36.8,3.2,0.7647058823529411,3.1,0.4,57.0,78.0,15.0,11.0,464.0,0.09090909090909091,0.0,-0.07142857142857142,0.16666666666666666,-0.47058823529411764,-0.17999999999999972,0.0,-1.016600000000004,-0.04129999999999967,-1.4166000000000025,-1.6614000000000004,1.353199999999994,0.12205872139049789,1.0315037566582095,1.0,2.0,0.5,0.13953488372093023,0.23255813953488372,2.0,0.5,-0.032200811359026416,
132,202310010811,1,4,3,32,3,1,1,21,1,0,0,1,1,0,1,10,1,0,1,6,1,0,0,1,0,0,0,3,0,0,0,0,0,0,0,0,0.0,0.0,110.0,7.0,35.3,0.7,0.8571428571428571,0.0,0.0,160.0,10.0,33.8,0.6,1.0,0.0,0.0,100.0,16.0,33.6,1.4,1.0,4.5,-4.0,-200.0,0.015873015873015872,0.12698412698412698,3,4,12.1,5.0,1618,1292,1263,0.0,0.0,120.0,7.0,34.0,0.3,0.8333333333333334,0.0,0.0,70.0,1.0,34.3,0.0,0.9090909090909091,-1.5,0.2,57.0,21.0,15.0,14.0,472.0,-0.07142857142857142,-0.1111111111111111,0.0,-0.1111111111111111,0.09090909090909091,0.17999999999999972,0.0,-1.118000000000002,-2.1166000000000054,-2.2017999999999986,-1.8018,-2.0855999999999995,0.06982993957204921,0.5966573556070509,2.0,1.0,0.0,0.11764705882352941,0.4117647058823529,1.0,0.0,-0.05185185185185187,0.141025641025641
133,202310010811,22,25,25,193,24,22,14,187,3,0,2,10,9,9,5,68,6,6,7,42,1,0,1,4,2,0,0,3,1,1,1,1,0,0,0,0,0.0,0.0,11.0,11.0,34.3,0.6,0.9333333333333333,0.0,0.0,7.0,8.0,36.1,0.9,0.35714285714285715,0.0,0.0,1.0,1.0,36.2,0.0,0.6923076923076923,-5.0,-4.0,-200.0,0.1188118811881188,0.3564356435643564,7,12,3.5,2.0,1691,1428,1167,0.0,0.0,2.0,2.0,34.5,0.0,0.7333333333333333,0.0,0.0,2.0,3.0,35.7,0.5,0.4666666666666667,-2.2,0.6,55.0,-280.0,15.0,15.0,500.0,0.06666666666666667,0.07142857142857142,-0.38461538461538464,-0.3333333333333333,-0.3333333333333333,-0.120000000000001,0.0,-1.730000000000004,-0.5379999999999967,0.2834000000000003,-0.9592000000000027,-0.21659999999999968,0.2037081142230041,0.803990049689673,-1.0,2.0,1.0,0.09090909090909091,0.2727272727272727,2.0,1.0,-0.008540218470705074,-0.04903742873667685
134,202310010811,22,25,25,193,3,0,2,20,0,0,0,0,9,9,5,68,0,0,1,3,0,0,0,0,2,0,0,3,0,0,0,0,0,0,0,0,0.0,0.0,10.0,13.0,38.3,2.1,0.125,0.0,0.0,5.0,11.0,36.3,0.7,0.23076923076923078,0.0,0.0,4.0,7.0,36.0,0.8,0.0625,-3.0,-4.0,-100.0,0.11428571428571428,0.2571428571428571,1,1,7.7,4.0,1691,1506,1167,0.0,0.0,4.0,3.0,33.9,0.2,0.1,0.0,0.0,1.0,10.0,36.8,1.1,0.2857142857142857,-1.4,0.2,57.0,-448.0,15.0,16.0,482.0,0.0,0.0,0.0,0.0,-0.21428571428571427,0.5399999999999998,0.0,-0.5128000000000057,0.8407999999999944,-0.16579999999999728,-1.5592000000000041,0.6341999999999999,0.08383369486740616,1.4207040508142428,1.0,2.0,0.0,0.125,0.375,0.0,,-0.008540218470705074,0.1333333333333333
135,202310010811,22,21,21,170,17,9,15,129,4,0,1,1,10,9,9,78,6,5,4,27,3,0,0,0,0,0,0,4,0,0,0,2,0,0,0,0,0.0,0.0,90.0,80.0,39.6,4.6,1.0,0.0,0.0,110.0,120.0,36.3,1.9,0.5,0.0,0.0,140.0,160.0,35.7,3.6,1.0,40.0,-18.0,400.0,0.21875,0.46875,5,8,46.4,9.0,1503,1294,1263,0.0,0.0,80.0,70.0,39.1,1.8,0.42857142857142855,0.0,0.0,80.0,40.0,36.0,1.1,0.7857142857142857,-13.0,0.0,57.0,-562.0,15.0,9.0,534.0,0.0,0.3333333333333333,0.0,0.14285714285714285,-0.5714285714285714,0.43999999999999984,0.0,1.5274,0.269999999999996,0.030000000000001137,2.158700000000003,-1.2053999999999974,0.2415933503612538,1.65963851485798,1.0,0.0,,0.28,0.4,0.0,,-0.023504273504273532,0.04914611005692601
136,202310010811,43,37,31,237,0,0,0,6,0,0,0,0,12,13,9,72,0,0,0,4,0,0,0,0,0,2,0,7,0,0,0,0,0,0,0,0,0.0,0.0,18.0,17.0,34.0,1.5,1.0,0.0,0.0,17.0,17.0,35.1,1.8,0.7647058823529411,0.0,0.0,11.0,8.0,36.1,0.9,1.0,-4.5,-10.0,200.0,0.0,0.12,8,15,74.0,12.0,1428,1058,1263,0.0,0.0,13.0,12.0,34.0,0.9,0.9375,0.0,0.0,12.0,6.0,35.1,0.9,1.0,-2.7,0.0,57.0,-174.0,15.0,18.0,432.0,0.0,-0.11764705882352941,-0.35714285714285715,0.0,-0.26666666666666666,-0.11000000000000014,0.0,-1.4592000000000027,-0.6263999999999967,-0.06579999999999586,-1.4592000000000027,-0.8166000000000011,0.09114088489615395,0.7914543574963757,0.0,2.0,0.0,0.25,0.25,1.0,0.0,-0.032200811359026416,
137,202310010811,0,1,0,2,0,1,0,14,0,1,0,1,0,0,0,0,0,0,0,3,0,0,0,0,0,0,0,0,0,0,0,0,0,0,0,0,0.0,0.0,18.0,17.0,37.3,2.8,0.3888888888888889,0.0,0.0,14.0,13.0,36.1,1.5,0.7857142857142857,0.0,0.0,8.0,11.0,36.5,2.7,0.2727272727272727,-3.0,14.0,200.0,0.037037037037037035,0.1111111111111111,4,6,48.1,10.0,1476,1436,1589,0.0,0.0,8.0,5.0,38.2,0.4,0.1111111111111111,0.0,0.0,16.0,15.0,39.8,3.2,0.875,-1.2,0.0,57.0,-630.0,15.0,18.0,516.0,0.0,-0.07142857142857142,0.0,0.0,0.125,-0.7100000000000002,0.0,1.8407999999999944,0.8366000000000042,0.5833999999999975,0.8547000000000011,0.40739999999999554,0.29550119705620503,1.3227244611029154,0.0,2.0,0.0,0.0,0.05263157894736842,1.0,0.0,,
138,202310010811,42,28,20,261,3,9,3,63,0,0,0,4,6,5,4,31,0,0,1,12,0,0,0,1,1,1,0,0,0,0,0,0,0,0,0,0,0.0,0.0,40.0,6.0,37.7,1.1,0.7857142857142857,0.0,0.0,110.0,10.0,36.1,1.6,0.9230769230769231,0.0,0.0,160.0,14.0,38.0,2.9,0.9375,4.0,-8.0,0.0,0.07692307692307693,0.23076923076923078,6,10,93.8,13.0,1716,1362,1167,0.0,0.0,130.0,8.0,35.2,1.1,0.8666666666666667,0.0,0.0,100.0,7.0,35.2,0.9,1.0,0.0,0.0,58.0,-518.0,15.0,14.0,478.0,-0.21428571428571427,-0.3076923076923077,0.0625,0.06666666666666667,-0.09090909090909091,0.5899999999999999,0.0,-1.584699999999998,-1.105399999999996,1.1497000000000028,-0.7165999999999997,-0.7165999999999997,0.07221848609923763,1.2009995836801937,1.0,2.0,0.0,0.0,0.0,2.0,0.0,-0.05769230769230768,0.0826923076923077
139,202310010811,22,21,21,170,18,9,7,155,0,1,0,8,10,9,9,78,2,0,0,42,0,0,0,3,0,0,0,4,0,0,0,2,0,0,0,1,0.0,0.0,160.0,15.0,37.3,2.3,0.4375,0.0,0.0,180.0,16.0,34.8,1.6,1.0,0.0,0.0,150.0,13.0,34.8,1.5,0.8235294117647058,-1.0,-14.0,200.0,0.06493506493506493,0.3246753246753247,8,14,16.0,6.0,1503,1183,1263,0.0,0.0,80.0,11.0,36.0,1.1,0.8571428571428571,0.0,0.0,60.0,9.0,35.7,1.2,0.6666666666666666,-1.7,0.0,57.0,-147.0,15.0,16.0,466.0,0.0,0.0,-0.17647058823529413,0.07142857142857142,0.26666666666666666,0.19999999999999857,0.0,1.8407999999999944,-1.001800000000003,-0.926400000000001,-0.16579999999999728,-0.21659999999999968,0.1916998228425127,0.923904756996088,0.0,2.0,0.0,0.07142857142857142,0.2619047619047619,1.0,0.0,-0.023504273504273532,0.025988173046996577
140,202310010811,43,37,31,237,6,7,10,13,2,1,1,1,12,13,9,72,0,4,4,2,0,0,1,0,0,2,0,7,0,0,0,1,0,0,0,0,0.0,0.0,170.0,13.0,33.8,1.2,1.0,0.0,0.0,9.0,7.0,34.2,0.3,0.4,0.0,0.0,13.0,10.0,33.9,0.8,0.8125,-1.5,4.0,800.0,0.044444444444444446,0.28888888888888886,3,5,5.7,3.0,1428,939,1263,0.0,0.0,12.0,15.0,38.7,3.5,0.8666666666666667,0.0,0.0,15.0,18.0,37.6,2.4,0.1111111111111111,1.8,0.0,58.0,-658.0,15.0,18.0,488.0,-0.05555555555555555,0.0,0.0,0.06666666666666667,0.0,-1.2100000000000009,0.0,-1.3531000000000049,-0.9530999999999992,-1.2531000000000034,0.546200000000006,2.5253000000000014,0.3310705605295987,2.082882617912014,1.0,0.0,,0.08,0.28,0.0,,-0.032200811359026416,-0.23888888888888882
141,202310010811,4,2,3,24,18,17,16,158,0,0,1,0,1,1,0,5,6,3,6,43,0,0,0,0,0,0,0,0,1,0,1,3,0,0,0,0,0.0,0.0,16.0,15.0,35.1,1.3,0.8125,0.0,0.0,11.0,10.0,36.1,1.7,0.8333333333333334,0.0,0.0,11.0,9.0,34.2,0.8,1.0,-3.0,4.0,200.0,0.0,0.0,2,2,50.2,11.0,1655,1013,239,0.0,0.0,6.0,9.0,33.6,0.9,0.9,0.0,0.0,10.0,4.0,33.6,0.2,0.8125,-2.3,0.0,58.0,-266.0,15.0,16.0,476.0,0.0,0.16666666666666666,0.0,-0.1,-0.0625,0.55,0.0,-0.3592000000000013,0.6407999999999987,-0.8746999999999971,-1.8592000000000013,-1.8592000000000013,0.07175382297209752,0.9620810776644555,0.0,0.0,,0.07142857142857142,0.21428571428571427,0.0,,-0.0505050505050505,0.08308366498233688
142,202310010811,0,3,1,24,6,10,7,73,0,0,0,2,0,0,0,3,0,0,0,15,0,0,0,1,0,0,0,0,0,0,0,0,0,0,0,0,0.0,0.0,17.0,16.0,37.1,2.7,0.5,0.0,0.0,15.0,13.0,34.7,1.8,1.0,0.0,0.0,16.0,7.0,35.0,0.6,0.4375,-4.5,0.0,200.0,0.06756756756756757,0.22972972972972974,4,7,30.7,8.0,1399,1306,1428,0.0,0.0,16.0,15.0,35.6,1.3,0.6875,0.0,0.0,12.0,11.0,35.4,1.2,0.8333333333333334,-0.8,0.0,57.0,-630.0,15.0,18.0,482.0,0.05555555555555555,0.0,0.0625,0.25,0.16666666666666666,0.2500000000000007,0.0,1.6407999999999987,-1.3299999999999983,-0.4592000000000027,-0.3166000000000011,-0.6300000000000026,0.2080831831530629,0.8309031231136395,0.0,1.0,0.0,0.18181818181818182,0.45454545454545453,1.0,0.0,-0.01785714285714285,-0.08806818181818182
143,202310010811,11,12,8,63,12,13,17,176,2,0,0,7,4,3,1,15,3,4,4,40,1,0,0,0,0,0,0,1,1,1,0,5,0,0,0,0,0.0,0.0,14.0,13.0,35.9,1.4,0.7333333333333333,0.0,0.0,11.0,14.0,36.2,1.1,0.875,0.0,0.0,9.0,10.0,34.8,0.7,0.5,-1.5,6.0,0.0,0.0,0.12195121951219512,2,3,112.5,14.0,1167,1263,460,0.0,0.0,14.0,14.0,33.9,0.8,0.9444444444444444,0.0,0.0,12.0,2.0,34.9,0.2,0.5,-2.2,0.2,57.0,0.0,15.0,15.0,470.0,0.0,0.0625,0.0,0.0,-0.125,0.43000000000000044,0.0,-0.016600000000003945,0.4626000000000019,-1.1166000000000054,-1.5592000000000041,-0.5592000000000041,0.1848956996608802,0.8260750571225365,0.0,2.0,0.0,0.1,0.2,2.0,0.0,-0.14978723404255317,-0.02761200676939521
144,202310010811,1,2,2,32,1,1,1,8,0,1,1,1,0,0,0,7,0,0,0,0,0,0,0,0,0,0,0,0,0,0,0,0,0,0,0,0,0.0,0.0,7.0,14.0,36.9,1.7,0.3333333333333333,0.0,0.0,14.0,10.0,36.4,0.7,0.23529411764705882,0.0,0.0,7.0,5.0,35.5,0.4,0.14285714285714285,-4.5,2.0,0.0,0.09375,0.15625,6,11,27.2,7.0,1009,1225,298,0.0,0.0,4.0,2.0,34.4,0.2,0.3,0.0,0.0,5.0,9.0,34.7,1.0,0.18181818181818182,-1.8,0.2,55.0,0.0,15.0,15.0,498.0,0.06666666666666667,-0.11764705882352941,0.0,0.1,0.0,0.6399999999999991,0.0,0.983399999999996,0.48339999999999606,-0.7845000000000013,-1.516600000000004,-0.7591999999999999,0.07091705653489434,0.9579144011862429,0.0,3.0,0.3333333333333333,0.0,0.0,3.0,0.3333333333333333,-0.05513513513513514,-0.2727272727272727
145,202310010811,13,14,16,140,2,3,5,48,0,0,1,6,2,6,5,41,1,2,2,14,0,0,0,1,0,0,0,3,0,0,0,0,0,0,0,0,0.0,0.0,18.0,17.0,34.6,1.6,0.8888888888888888,0.0,0.0,10.0,9.0,36.3,1.0,0.5714285714285714,0.0,0.0,12.0,9.0,34.5,0.8,0.9166666666666666,-4.0,0.0,200.0,0.06896551724137931,0.20689655172413793,5,9,272.5,15.0,1127,1599,1328,0.0,0.0,15.0,15.0,37.6,2.4,0.2,0.0,0.0,15.0,15.0,34.6,1.0,0.9375,0.2,0.0,59.0,-104.0,15.0,18.0,474.0,-0.05555555555555555,0.07142857142857142,0.08333333333333333,0.3333333333333333,0.0,-0.13000000000000042,0.0,-0.8592000000000013,0.13419999999999987,-1.4166000000000025,1.683399999999999,-1.316600000000001,0.2847870646810079,1.2383860464330174,3.0,4.0,0.0,0.125,0.25,3.0,0.0,0.021784079161128317,0.07758620689655171
146,202310020109,0,0,0,3,2,3,4,39,0,0,0,0,0,0,0,1,0,0,2,8,0,0,0,0,0,0,0,0,0,0,1,3,0,0,0,0,0.0,0.0,9.0,9.0,35.2,1.3,0.2222222222222222,0.0,0.0,8.0,9.0,36.0,1.4,0.1,0.0,0.0,6.0,9.0,34.5,1.0,0.6,0.0,14.0,200.0,0.11650485436893204,0.3592233009708738,7,10,4.0,2.0,1289,1405,1428,0.0,0.0,5.0,7.0,37.5,1.3,0.5,0.0,0.0,6.0,10.0,39.8,2.4,0.36363636363636365,0.0,0.0,57.0,-365.0,12.0,9.0,484.0,0.0,0.0,-0.1,0.25,0.2727272727272727,-1.069999999999999,0.0,-0.2591999999999999,0.5407999999999973,-1.4166000000000025,1.5833999999999975,3.6342,0.18097289480532422,1.8857359306117054,-1.0,3.0,0.0,0.09523809523809523,0.38095238095238093,0.0,,-0.007575757575757569,-0.00637555635751233
147,202310020109,3,3,5,39,0,1,0,2,0,0,0,1,3,3,2,16,0,1,0,0,0,0,0,0,1,1,1,3,0,0,0,0,0,0,0,0,0.0,0.0,11.0,9.0,39.5,1.9,0.9090909090909091,0.0,0.0,6.0,8.0,38.7,2.4,0.8181818181818182,0.0,0.0,10.0,7.0,38.0,1.9,0.8333333333333334,-1.0,4.0,100.0,0.0,0.11538461538461539,6,8,36.7,10.0,1503,1341,1263,0.0,0.0,9.0,7.0,36.9,0.8,0.5454545454545454,0.0,0.0,7.0,5.0,40.4,1.5,0.6363636363636364,-0.9,0.0,58.0,-624.0,12.0,11.0,476.0,0.0,0.09090909090909091,-0.25,-0.09090909090909091,-0.2727272727272727,7.105427357601002e-16,0.0,0.2822000000000031,-0.9258999999999986,-1.0386999999999986,-2.6467000000000027,0.7740999999999971,0.1353836842647799,1.2049896265113655,0.0,0.0,,0.2,0.4,0.0,,-0.023504273504273532,0.0
148,202310020109,0,0,0,10,0,0,0,0,0,0,0,0,0,0,0,3,0,0,0,0,0,0,0,0,0,0,0,0,0,0,0,0,0,0,0,0,0.0,0.0,80.0,3.0,36.3,0.1,0.14285714285714285,0.0,0.0,100.0,14.0,37.2,1.8,0.3125,0.0,0.0,20.0,6.0,37.0,0.8,0.21428571428571427,1.5,0.0,200.0,0.07142857142857142,0.21428571428571427,4,4,14.2,7.0,1548,1117,1328,0.0,0.0,90.0,10.0,36.4,0.9,0.23076923076923078,0.0,0.0,80.0,12.0,38.2,3.6,0.23076923076923078,1.4,0.2,57.0,14.0,12.0,14.0,460.0,0.07142857142857142,0.0,-0.07142857142857142,0.0,0.0,-0.3000000000000007,0.0,-0.5503,1.7408000000000001,0.6683000000000021,0.9407999999999959,2.7531999999999996,0.053995224242831805,0.6823488843692812,0.0,0.0,,0.0,0.0,0.0,,-0.05481283422459893,
149,202310020109,4,0,2,14,2,0,0,2,0,0,0,0,1,0,0,7,1,0,0,1,0,0,0,0,0,0,0,1,1,0,0,1,0,0,0,0,0.0,0.0,90.0,13.0,40.4,2.8,0.6923076923076923,0.0,0.0,80.0,11.0,34.0,0.7,0.4,0.0,0.0,60.0,5.0,34.8,0.7,0.375,-4.0,0.0,200.0,0.10810810810810811,0.24324324324324326,5,6,33.6,9.0,1222,857,1328,0.0,0.0,10.0,5.0,35.5,1.0,0.8333333333333334,0.0,0.0,40.0,4.0,35.5,0.3,0.6363636363636364,-2.4,0.0,57.0,63.0,12.0,13.0,468.0,-0.07692307692307693,0.06666666666666667,0.1875,-0.25,0.18181818181818182,0.8299999999999997,0.0,0.7740999999999971,-1.4592000000000027,-1.230000000000004,-1.4412999999999982,-1.4412999999999982,0.17556695932399893,2.2490887043422716,1.0,0.0,,0.0,0.0,0.0,,0.0430622009569378,0.1111111111111111
150,202310020109,5,6,5,35,1,0,3,23,1,0,0,0,1,2,3,21,1,0,0,2,1,0,0,0,0,0,1,6,0,0,0,0,0,0,0,0,0.0,0.0,50.0,4.0,35.8,0.2,0.7857142857142857,0.0,0.0,60.0,6.0,35.5,0.5,0.5625,0.0,0.0,60.0,9.0,35.3,0.8,0.5,2.5,10.0,200.0,0.031746031746031744,0.1746031746031746,7,9,5.9,3.0,1506,1235,199,0.0,0.0,10.0,1.0,35.1,0.0,0.16666666666666666,0.0,0.0,60.0,3.0,35.1,0.1,0.3888888888888889,-0.7,0.4,57.0,14.0,12.0,14.0,480.0,0.0,-0.0625,-0.1111111111111111,0.0,-0.1111111111111111,0.179999999999999,0.0,-1.0503,0.04079999999999728,-1.0317000000000007,-2.2453000000000003,-0.8166000000000011,0.20354048466820304,0.26532998322843065,0.0,2.0,1.0,0.045454545454545456,0.13636363636363635,1.0,1.0,0.12481709101551067,0.08476261496395723
151,202310020109,0,1,0,2,2,4,3,37,0,0,0,0,0,0,0,0,1,1,0,10,0,0,0,0,0,0,0,0,0,0,0,2,0,0,0,0,0.0,0.0,40.0,2.0,36.1,0.1,0.26666666666666666,0.0,0.0,40.0,5.0,39.0,1.9,0.4444444444444444,0.0,0.0,40.0,10.0,36.5,0.7,0.2,4.0,0.0,0.0,0.1797752808988764,0.3595505617977528,2,2,3.8,1.0,1507,1428,593,0.0,0.0,20.0,4.0,35.4,0.2,0.3,0.0,0.0,30.0,5.0,36.4,0.3,0.26666666666666666,0.5,0.2,58.0,21.0,12.0,15.0,470.0,0.13333333333333333,0.3333333333333333,0.06666666666666667,0.1,-0.06666666666666667,0.3000000000000007,0.0,-0.5831999999999979,-0.6891000000000034,1.0407999999999973,-0.516600000000004,0.9407999999999959,0.0812251861444314,1.2221292893961755,0.0,2.0,0.5,0.1111111111111111,0.4444444444444444,0.0,,0.2518518518518519,-0.04903742873667685
152,202310020109,3,0,1,10,0,0,0,1,0,0,0,0,0,0,0,4,0,0,0,0,0,0,0,0,0,0,0,0,0,0,0,0,0,0,0,0,0.0,0.0,9.0,9.0,42.6,4.6,0.9,0.0,0.0,6.0,6.0,36.6,1.3,0.5454545454545454,0.0,0.0,4.0,6.0,36.9,0.6,0.2,-1.5,18.0,400.0,0.06329113924050633,0.31645569620253167,8,12,14.6,8.0,1431,712,1428,0.0,0.0,7.0,4.0,35.3,0.2,0.6,0.0,0.0,5.0,8.0,36.4,0.9,0.8888888888888888,-0.4,0.0,58.0,-612.0,12.0,10.0,510.0,0.0,-0.09090909090909091,0.0,-0.2,-0.1111111111111111,1.370000000000001,0.0,4.5274,0.6833999999999989,0.983399999999996,-0.6166000000000054,0.2342000000000013,0.2580009166901503,2.577285393587603,5.0,4.0,0.0,0.0,0.0,0.0,,0.025204980261160054,
153,202310020109,0,0,0,1,0,2,2,9,0,0,0,0,0,0,0,0,0,0,0,1,0,0,0,0,0,0,0,0,0,0,0,0,0,0,0,0,0.0,0.0,80.0,5.0,34.6,0.4,0.35294117647058826,0.0,0.0,120.0,5.0,37.2,0.8,0.3333333333333333,0.0,0.0,70.0,5.0,34.8,0.7,0.45454545454545453,0.0,-4.0,0.0,0.06578947368421052,0.23684210526315788,1,1,7.8,5.0,1204,1328,1221,0.0,0.0,70.0,10.0,37.7,1.1,0.1875,0.0,0.0,60.0,4.0,34.6,0.3,0.3333333333333333,0.3,0.0,57.0,33.0,12.0,17.0,472.0,0.0,0.05555555555555555,0.0,-0.0625,-0.1111111111111111,-0.05,0.0,-1.316600000000001,1.2834000000000003,-1.230000000000004,0.7587000000000046,-1.316600000000001,0.0852516043000182,1.374627222195168,0.0,3.0,0.0,0.0,0.0,0.0,,,0.047839506172839524
154,202310020109,1,2,6,53,2,4,3,37,0,1,1,9,0,0,1,5,1,1,0,10,0,0,0,2,0,0,0,2,0,0,0,2,0,0,0,1,0.0,0.0,8.0,8.0,36.1,0.8,0.7692307692307693,0.0,0.0,5.0,13.0,37.1,1.1,0.9333333333333333,0.0,0.0,8.0,5.0,34.6,1.2,0.9090909090909091,-1.5,-10.0,200.0,0.0425531914893617,0.2765957446808511,8,11,7.0,4.0,1716,1428,1167,0.0,0.0,7.0,5.0,35.7,1.3,1.0,0.0,0.0,5.0,7.0,34.9,1.2,0.7777777777777778,-1.0,0.0,56.0,-365.0,12.0,13.0,480.0,0.07692307692307693,-0.13333333333333333,0.0,-0.1,-0.1111111111111111,0.38000000000000045,0.0,0.6407999999999987,0.9342000000000041,-1.316600000000001,-0.46579999999999444,-0.5592000000000041,0.09031898742745303,0.890842298052804,3.0,3.0,0.0,0.0,0.13333333333333333,0.0,,-0.05769230769230768,-0.04903742873667685
155,202310020109,3,1,2,21,2,0,0,2,0,0,0,0,2,0,1,5,1,0,0,1,0,0,0,0,0,0,0,0,1,0,0,1,0,0,0,0,0.0,0.0,13.0,17.0,36.1,1.9,0.3333333333333333,0.0,0.0,6.0,10.0,35.4,0.6,0.6666666666666666,0.0,0.0,3.0,10.0,41.6,3.7,0.6666666666666666,-3.5,-6.0,600.0,0.17857142857142858,0.44642857142857145,6,7,10.8,6.0,1152,857,1428,0.0,0.0,9.0,3.0,34.9,0.3,0.42857142857142855,0.0,0.0,6.0,3.0,34.5,0.3,0.18181818181818182,-3.5,0.4,56.0,-71.0,12.0,18.0,444.0,0.0,-0.08333333333333333,-0.08333333333333333,-0.07142857142857142,0.0,0.3700000000000003,0.0,0.9935000000000045,-1.9453000000000031,1.9741,-0.8374000000000024,-0.9592000000000027,0.1895965521053302,2.6053790511171315,1.0,1.0,0.0,0.3,0.3,1.0,0.0,0.0008547008547008517,0.1111111111111111
156,202310020109,0,1,0,9,0,0,0,5,0,0,0,0,0,0,0,2,0,0,0,1,0,0,0,0,0,0,0,1,0,0,0,0,0,0,0,0,0.0,0.0,30.0,60.0,35.9,0.5,1.0,0.0,0.0,120.0,110.0,36.5,1.7,0.5,0.0,0.0,100.0,90.0,36.7,1.1,0.75,15.0,8.0,300.0,0.015384615384615385,0.13846153846153847,3,3,242.7,12.0,1148,1665,1393,0.0,0.0,140.0,110.0,35.8,1.3,1.0,0.0,0.0,120.0,130.0,37.2,1.9,0.13333333333333333,14.0,0.0,55.0,-520.0,12.0,12.0,412.0,-0.25,0.08333333333333333,0.0,-0.0625,0.0,-0.19000000000000056,0.0,0.3714000000000013,-0.8453000000000017,-0.6452999999999989,0.06259999999999621,2.093500000000006,0.3289039035611736,0.5192301994298889,1.0,2.0,0.0,0.08333333333333333,0.25,2.0,0.0,0.043478260869565216,-0.125
157,202310020109,1,0,2,20,0,0,0,5,0,0,0,0,0,0,0,4,0,0,0,0,0,0,0,0,0,0,0,0,0,0,0,0,0,0,0,0,0.0,0.0,70.0,6.0,37.1,0.7,0.5,0.0,0.0,100.0,10.0,36.3,2.6,0.45454545454545453,0.0,0.0,50.0,7.0,36.9,2.5,0.1111111111111111,0.5,12.0,1180.0,0.0,0.0,5,5,78.8,11.0,1736,1028,1482,0.0,0.0,60.0,6.0,36.7,1.6,0.16666666666666666,0.0,0.0,90.0,10.0,41.8,4.6,0.36363636363636365,0.4,0.0,57.0,-466.0,12.0,12.0,518.0,0.16666666666666666,-0.09090909090909091,0.0,0.0,0.0,-0.9799999999999998,0.0,,0.38339999999999463,1.4531999999999954,0.9736000000000047,5.515499999999996,0.15462795711619015,2.037253052519494,1.0,1.0,0.0,0.2,0.2,0.0,,-0.033333333333333354,0.017543859649122806
158,202310020112,0,0,0,10,0,0,0,3,0,0,0,2,0,0,0,0,0,0,0,1,0,0,0,0,0,0,0,0,0,0,0,0,0,0,0,0,0.0,0.0,9.0,9.0,34.7,0.9,0.7272727272727273,0.0,0.0,7.0,6.0,36.9,0.7,0.75,0.0,0.0,10.0,6.0,35.9,0.9,0.21428571428571427,-1.5,-2.0,0.0,0.06493506493506493,0.23376623376623376,5,8,6.5,4.0,1059,1210,1482,0.0,0.0,8.0,11.0,36.7,0.8,0.7142857142857143,0.0,0.0,7.0,4.0,35.4,0.6,0.38461538461538464,-0.5,0.0,56.0,-225.0,14.0,11.0,454.0,-0.09090909090909091,-0.16666666666666666,0.07142857142857142,0.07142857142857142,0.0,-0.11999999999999958,0.0,-1.2165999999999997,0.983399999999996,-1.0412999999999997,-0.15029999999999433,-0.516600000000004,0.2182403141075493,0.8158431221748451,0.0,3.0,0.0,0.16666666666666666,0.4166666666666667,0.0,,0.05764411027568922,
159,202310020112,4,5,10,40,0,2,2,9,0,0,0,0,1,0,2,13,0,0,0,1,0,0,0,0,1,0,1,4,0,0,0,0,0,0,0,0,0.0,0.0,2.0,2.0,34.9,0.0,0.6428571428571429,0.0,0.0,1.0,2.0,35.7,0.2,0.6666666666666666,0.0,0.0,1.0,3.0,35.4,0.2,0.625,0.5,-2.0,0.0,0.17777777777777778,0.35555555555555557,7,12,4.0,2.0,1691,1328,1167,0.0,0.0,1.0,2.0,35.0,0.4,0.7222222222222222,0.0,0.0,2.0,2.0,35.3,0.0,0.3333333333333333,0.0,1.0,55.0,0.0,14.0,14.0,462.0,-0.14285714285714285,-0.2777777777777778,-0.3125,-0.3333333333333333,-0.16666666666666666,-0.009999999999999431,0.0,-2.445300000000003,-0.21659999999999968,-0.516600000000004,-0.9166000000000025,-0.8658000000000001,0.13633479237151877,0.2870540018881475,0.0,5.0,1.0,0.125,0.46875,1.0,1.0,-0.008540218470705074,0.047839506172839524
160,202310020112,3,3,5,39,5,1,4,41,0,0,1,3,3,3,2,16,1,0,0,13,0,0,0,2,1,1,1,3,0,0,0,5,0,0,0,0,0.0,0.0,7.0,3.0,35.1,0.1,0.5,0.0,0.0,4.0,7.0,36.6,0.8,0.5,0.0,0.0,2.0,3.0,35.4,0.3,0.6875,0.0,-4.0,0.0,0.0625,0.3125,6,10,17.7,7.0,1503,1167,1263,0.0,0.0,4.0,4.0,34.9,0.4,0.6,0.0,0.0,3.0,2.0,33.7,0.0,0.6111111111111112,-0.5,0.6,55.0,0.0,14.0,14.0,452.0,0.0,-0.08333333333333333,-0.125,-0.4666666666666667,-0.1111111111111111,0.45,0.0,-2.2453000000000003,-0.7453000000000003,-0.33740000000000236,-0.5592000000000041,-1.7591999999999999,0.07172693417691679,0.9308061022576072,0.0,2.0,0.5,0.1111111111111111,0.3055555555555556,2.0,0.5,-0.023504273504273532,-0.034969779203157775
161,202310020112,3,1,2,21,1,0,1,7,0,0,0,0,2,0,1,5,1,0,0,1,0,0,0,0,0,0,0,0,1,0,0,0,0,0,0,0,0.0,0.0,9.0,10.0,41.1,4.6,0.8181818181818182,0.0,0.0,12.0,12.0,36.9,1.7,0.15384615384615385,0.0,0.0,9.0,7.0,34.8,0.5,0.6,-1.5,-10.0,-400.0,0.0,0.0,8,13,140.5,13.0,1152,460,1428,0.0,0.0,9.0,12.0,35.7,1.0,0.6875,0.0,0.0,8.0,8.0,34.6,0.6,0.2857142857142857,-0.4,0.0,52.0,-637.0,14.0,11.0,464.0,-0.09090909090909091,0.0,0.2,-0.0625,0.0,1.4199999999999995,0.0,0.9748999999999981,0.983399999999996,-1.1166000000000054,0.24080000000000013,-0.8592000000000013,0.2496907685912331,2.3827714955488286,-4.0,2.0,0.0,0.08333333333333333,0.25,0.0,,0.0008547008547008517,0.03101736972704716
162,202310020112,2,0,0,7,0,1,0,2,0,0,0,0,0,0,0,3,0,0,0,2,0,0,0,0,0,0,0,0,0,0,0,0,0,0,0,0,0.0,0.0,10.0,10.0,37.4,1.7,0.2,0.0,0.0,8.0,10.0,36.6,0.9,0.5625,0.0,0.0,9.0,15.0,38.3,3.2,0.25,2.5,0.0,200.0,0.058823529411764705,0.14705882352941177,8,14,54.7,9.0,1154,939,1561,0.0,0.0,10.0,3.0,36.1,0.2,0.25,0.0,0.0,7.0,7.0,36.5,0.9,0.7692307692307693,-1.3,0.2,53.0,-344.0,14.0,15.0,468.0,0.06666666666666667,0.1875,0.1875,-0.125,-0.07692307692307693,0.2299999999999997,0.0,1.6625999999999976,1.1407999999999987,2.269999999999996,0.6407999999999987,0.5833999999999975,0.22250224385544984,0.7833262411026439,-3.0,1.0,0.0,0.1282051282051282,0.358974358974359,0.0,,-0.0146198830409357,-0.23888888888888882
163,202310020112,1,1,1,25,0,0,0,0,0,0,0,0,1,0,0,8,0,0,0,0,0,0,0,0,0,0,0,5,0,0,0,0,0,0,0,0,0.0,0.0,12.0,,,,1.0,0.0,0.0,4.0,1.0,35.8,0.0,0.21428571428571427,0.0,0.0,4.0,12.0,36.0,1.3,0.875,11.0,-6.0,200.0,0.0,0.0,4,5,12.3,6.0,1561,1271,1263,0.0,0.0,6.0,6.0,35.9,0.7,0.2857142857142857,0.0,0.0,6.0,10.0,35.5,1.6,0.26666666666666666,2.1,0.25,53.0,-140.0,14.0,16.0,452.0,0.0,-0.07142857142857142,-0.0625,0.21428571428571427,-0.06666666666666667,0.09999999999999928,0.0,,0.34079999999999444,0.26259999999999906,-1.4453000000000031,-0.4166000000000025,0.33722591121197043,0.18708286933869686,-3.0,2.0,0.0,0.0,0.16666666666666666,1.0,0.0,0.024856385329209002,
164,202310020112,3,5,3,23,0,2,0,7,0,0,0,0,1,2,2,7,0,1,0,3,0,0,0,0,0,0,1,1,0,1,0,2,0,0,0,0,0.0,0.0,3.0,8.0,36.2,1.2,1.0,0.0,0.0,7.0,6.0,37.4,1.0,0.6666666666666666,0.0,0.0,4.0,3.0,36.2,0.2,0.75,-2.5,-2.0,-600.0,0.08695652173913043,0.2608695652173913,3,3,24.6,8.0,1127,1306,1328,0.0,0.0,10.0,4.0,35.1,0.4,0.8,0.0,0.0,13.0,13.0,36.7,1.9,0.375,0.8,0.2,53.0,-379.0,14.0,13.0,476.0,-0.23076923076923078,-0.4,-0.4166666666666667,0.1,0.125,0.12999999999999973,0.0,-1.0053999999999945,0.45870000000000033,-0.7412999999999954,-1.5379999999999967,0.7834000000000003,0.20374275719914833,0.7520638270785258,-3.0,1.0,0.0,0.0,0.5,0.0,,0.021784079161128317,-0.08806818181818182
165,202310020112,0,0,0,9,0,0,0,5,0,0,0,0,0,0,0,3,0,0,0,0,0,0,0,0,0,0,0,2,0,0,0,0,0,0,0,0,0.0,0.0,120.0,16.0,36.4,2.2,0.5625,0.0,0.0,9.0,10.0,35.5,1.4,1.0,0.0,0.0,2.0,6.0,36.0,0.9,0.375,-5.0,8.0,-500.0,0.125,0.36538461538461536,4,6,3.8,1.0,1657,1708,1317,0.0,0.0,5.0,3.0,35.8,0.2,0.25,0.0,0.0,5.0,10.0,34.6,0.8,0.8333333333333334,-1.9,0.2,55.0,-679.0,14.0,16.0,482.0,0.4375,0.0,0.25,0.0,-0.08333333333333333,0.32999999999999974,0.0,0.5981999999999985,-0.4166000000000025,0.08339999999999748,-0.3658000000000001,-1.316600000000001,0.27888667551135854,0.6053098380168612,1.0,4.0,0.25,0.10526315789473684,0.42105263157894735,0.0,,-0.1385419032477856,-0.21851851851851853
166,202310020112,0,0,0,8,0,1,0,0,0,0,0,0,0,0,0,3,0,0,0,0,0,0,0,0,0,0,0,1,0,0,0,0,0,0,0,0,0.0,0.0,11.0,,,,,0.0,0.0,8.0,8.0,38.0,1.7,0.8,0.0,0.0,8.0,10.0,37.0,1.5,0.3333333333333333,2.0,4.0,300.0,0.06451612903225806,0.1935483870967742,5,7,4.1,3.0,1463,35,1167,0.0,0.0,5.0,4.0,35.7,0.5,0.5333333333333333,0.0,0.0,5.0,4.0,35.6,0.5,0.4666666666666667,-1.8,0.0,54.0,-519.0,14.0,14.0,466.0,,0.2,0.0,-0.06666666666666667,0.0,0.8499999999999993,0.0,,1.0587000000000018,0.05870000000000175,-0.21659999999999968,-0.3166000000000011,0.16996731711975951,0.9908960591303196,-1.0,2.0,0.0,0.045454545454545456,0.2727272727272727,0.0,,-0.14814814814814814,
167,202310020112,0,0,0,0,0,0,1,14,0,0,0,0,0,0,0,0,0,0,1,4,0,0,0,0,0,0,0,0,0,0,0,0,0,0,0,0,0.0,0.0,13.0,13.0,38.6,2.9,0.9333333333333333,0.0,0.0,11.0,12.0,36.0,1.6,0.9375,0.0,0.0,4.0,7.0,35.8,0.7,0.8,-3.0,0.0,200.0,0.03125,0.171875,2,2,9.5,5.0,1704,1503,1712,0.0,0.0,8.0,5.0,37.1,0.5,0.9375,0.0,0.0,10.0,11.0,37.6,1.3,0.9285714285714286,-1.1,0.0,55.0,-546.0,14.0,15.0,488.0,0.0,0.0,-0.13333333333333333,0.0,0.0,0.08999999999999986,0.0,-1.0259,-2.2794999999999987,-2.3537999999999997,-1.1794999999999973,-0.4725999999999999,0.053791347541168585,1.036146707759091,3.0,0.0,,0.0,0.0,0.0,,,-0.03783783783783784
168,202310020112,0,2,2,28,2,4,3,37,0,1,1,2,0,1,0,7,1,1,0,10,0,1,0,1,0,0,0,1,0,0,0,2,0,0,0,0,0.0,0.0,8.0,6.0,35.5,0.6,0.23529411764705882,0.0,0.0,5.0,7.0,34.9,0.6,0.5454545454545454,0.0,0.0,9.0,1.0,35.8,0.0,0.3,-2.5,-4.0,0.0,0.11538461538461539,0.3076923076923077,1,1,77.4,11.0,1098,1428,1294,0.0,0.0,14.0,12.0,34.5,1.0,0.5882352941176471,0.0,0.0,12.0,4.0,34.7,0.5,0.35714285714285715,0.1,0.2,55.0,-281.0,14.0,17.0,484.0,-0.11764705882352941,-0.2727272727272727,0.0,0.058823529411764705,-0.07142857142857142,0.1999999999999993,0.0,-0.4166000000000025,-1.016600000000004,-0.3658000000000001,-0.9592000000000027,-0.7591999999999999,0.13814325248432627,0.49152822909777916,2.0,3.0,0.3333333333333333,0.2222222222222222,0.3333333333333333,0.0,,-0.06047008547008548,-0.04903742873667685
169,202310020112,1,2,6,53,1,1,0,18,0,0,0,0,0,0,1,5,0,0,0,7,0,0,0,0,0,0,0,2,0,0,0,2,0,0,0,0,0.0,0.0,11.0,10.0,37.0,0.4,0.13333333333333333,0.0,0.0,10.0,4.0,35.5,0.1,0.14285714285714285,0.0,0.0,10.0,3.0,36.4,0.3,0.07142857142857142,-3.5,0.0,0.0,0.0,0.0,7,11,71.0,10.0,1716,1618,1167,0.0,0.0,11.0,4.0,35.4,0.7,0.14285714285714285,0.0,0.0,13.0,13.0,36.1,1.2,0.125,0.6,0.2,51.0,-568.0,14.0,15.0,450.0,0.0,0.0,0.0,0.0,0.0,0.18999999999999986,0.0,0.8342000000000027,0.04079999999999728,0.6625999999999976,-0.05920000000000414,0.6407999999999987,0.02667941871967893,0.5912698199637795,-5.0,1.0,0.0,0.037037037037037035,0.07407407407407407,0.0,,-0.05769230769230768,0.014617691154422796
170,202310020112,5,6,5,35,2,4,3,37,0,0,0,0,1,2,3,21,1,1,0,10,0,0,0,0,0,0,1,6,0,0,0,2,0,0,0,0,0.0,0.0,11.0,8.0,37.3,2.0,1.0,0.0,0.0,14.0,7.0,37.3,0.7,0.5714285714285714,0.0,0.0,12.0,13.0,36.7,2.0,0.7857142857142857,2.5,8.0,-600.0,0.0,0.0,3,4,110.7,12.0,1506,1428,199,0.0,0.0,8.0,10.0,37.3,1.3,0.8,0.0,0.0,9.0,9.0,34.6,1.0,0.6875,0.5,0.0,55.0,-273.0,14.0,12.0,432.0,-0.08333333333333333,-0.2857142857142857,0.14285714285714285,-0.13333333333333333,0.125,0.5399999999999991,0.0,0.3586999999999989,0.3586999999999989,-0.6452999999999989,0.3586999999999989,-1.4299999999999997,0.14161783872414507,1.04613574644976,-1.0,1.0,0.0,0.3333333333333333,0.6666666666666666,1.0,0.0,0.12481709101551067,-0.04903742873667685
171,202310020112,0,0,1,10,1,0,2,1,0,0,0,0,0,0,1,2,1,0,0,1,0,0,0,0,0,0,0,0,0,0,0,0,0,0,0,0,0.0,0.0,16.0,14.0,35.9,1.0,0.3125,0.0,0.0,16.0,14.0,35.0,2.1,0.9375,0.0,0.0,16.0,14.0,34.9,1.5,1.0,0.0,-6.0,200.0,0.0,0.0,6,9,338.1,14.0,1729,1313,1428,0.0,0.0,15.0,13.0,36.7,1.6,0.9333333333333333,0.0,0.0,14.0,14.0,38.4,2.9,0.07142857142857142,-0.1,0.0,54.0,-253.0,14.0,16.0,466.0,0.0,0.0,0.0,0.06666666666666667,0.6428571428571429,-0.6700000000000003,0.0,0.16259999999999764,-0.07469999999999999,-1.1948000000000008,-1.2110999999999947,1.0546999999999969,0.3831659276578671,1.2890306435457615,1.0,1.0,0.0,0.0,0.0,1.0,0.0,0.05357142857142855,0.26
172,202310020205,0,0,0,1,0,0,0,0,0,0,0,0,0,0,0,0,0,0,0,0,0,0,0,0,0,0,0,0,0,0,0,0,0,0,0,0,,,,,,,,,,,,,,,,,,,,,,,,,0.1724137931034483,0.43103448275862066,6,9,3.6,1.0,1248,151,1428,,,,,,,,,,,,,,,,,56.0,,13.0,,,,,,,,,,,,,,,,,,0.0,,0.1590909090909091,0.25,0.0,,,
173,202310020205,1,1,0,8,4,1,5,39,0,0,0,0,0,0,0,0,1,0,1,8,0,0,0,0,0,0,0,0,0,0,1,4,0,0,0,0,0.0,0.0,20.0,4.0,35.2,0.7,0.8125,0.0,0.0,30.0,3.0,33.8,0.2,0.75,0.0,0.0,50.0,6.0,34.1,0.1,0.875,1.0,8.0,400.0,0.08,0.24,2,2,4.7,3.0,1601,1428,239,,,,,,,,,,,,,,,1.0,0.3333333333333333,53.0,46.0,13.0,16.0,430.0,-0.1875,0.0,-0.125,,,0.5500000000000007,0.0,0.12530000000000285,-1.6592000000000056,-3.3677999999999955,,,0.05103103630798288,0.6018490028422616,-2.0,0.0,,0.0,0.0,0.0,,-0.11428571428571427,-0.04903742873667685
174,202310020205,2,4,0,31,0,4,3,19,0,0,0,0,1,1,0,9,0,1,0,5,0,0,0,0,1,0,0,3,0,1,0,2,0,0,0,0,0.0,0.0,20.0,3.0,36.2,0.2,1.0,0.0,0.0,50.0,4.0,36.9,0.8,0.75,0.0,0.0,70.0,3.0,35.7,0.8,0.9285714285714286,0.0,-10.0,0.0,0.12264150943396226,0.3584905660377358,5,7,6.6,5.0,1127,1618,1328,,,,,,,,,,,,,,,0.0,0.6666666666666666,56.0,21.0,13.0,8.0,452.0,-0.75,-0.1875,-0.14285714285714285,,,0.25,0.0,0.2834000000000003,0.983399999999996,-0.21659999999999968,,,0.10514001031342675,0.49216076867444486,0.0,3.0,0.6666666666666666,0.043478260869565216,0.2608695652173913,0.0,,0.021784079161128317,0.014617691154422796
175,202310020205,1,1,1,3,0,0,0,2,0,0,0,0,1,0,0,1,0,0,0,1,0,0,0,0,1,0,0,1,0,0,0,1,0,0,0,0,0.0,0.0,2.0,6.0,36.4,0.7,0.45454545454545453,0.0,0.0,1.0,7.0,36.3,0.8,0.375,0.0,0.0,1.0,2.0,37.0,0.1,0.46153846153846156,-2.0,0.0,0.0,0.07692307692307693,0.24358974358974358,4,5,8.5,6.0,1289,1131,1428,0.0,0.0,2.0,2.0,37.1,0.4,0.1111111111111111,0.0,0.0,2.0,2.0,35.9,0.0,0.25,-1.3,0.6,56.0,-132.0,13.0,11.0,478.0,0.36363636363636365,0.0,-0.15384615384615385,-0.05555555555555555,-0.08333333333333333,0.019999999999999574,0.0,0.2342000000000013,0.38339999999999463,0.9699999999999989,-0.344699999999996,-0.13000000000000256,0.13352926208286645,0.4498888751680809,4.0,2.0,0.0,0.0,0.1111111111111111,0.0,,-0.007575757575757569,
176,202310020205,1,1,1,3,0,0,0,0,0,0,0,0,1,0,0,1,0,0,0,0,0,0,0,0,1,0,0,1,0,0,0,0,0,0,0,0,0.0,0.0,1.0,3.0,40.3,0.9,0.25,0.0,0.0,2.0,5.0,37.5,1.3,0.38461538461538464,0.0,0.0,8.0,3.0,35.3,0.3,0.15384615384615385,0.0,11.0,500.0,0.2,0.45714285714285713,7,11,4.1,2.0,1289,1728,1428,0.0,0.0,5.0,4.0,36.1,1.2,0.15384615384615385,,,,,,,,0.1,0.5,56.0,-452.0,13.0,12.0,513.0,0.0,-0.23076923076923078,0.0,0.0,,1.479999999999999,0.0,,1.3342000000000027,-0.6166000000000054,0.1833999999999989,,0.09457844025435577,1.9026297590440442,-1.0,3.0,0.3333333333333333,0.09090909090909091,0.2727272727272727,0.0,,-0.007575757575757569,
177,202310020205,2,3,4,35,0,0,1,0,0,0,0,0,2,2,2,8,0,0,1,0,0,0,0,0,1,0,1,2,0,0,1,0,0,0,0,0,0.0,0.0,5.0,12.0,38.3,2.6,0.5,0.0,0.0,6.0,4.0,35.3,0.7,0.3333333333333333,0.0,0.0,6.0,6.0,34.7,0.4,0.375,-3.0,-2.0,600.0,0.08823529411764706,0.17647058823529413,1,1,6.5,4.0,1561,635,1263,0.0,0.0,8.0,9.0,36.2,0.8,0.125,0.0,0.0,10.0,10.0,36.3,0.7,0.07142857142857142,0.1,0.0,54.0,-637.0,13.0,12.0,476.0,0.16666666666666666,0.0,0.0,0.0,0.0,0.30999999999999944,0.0,0.02049999999999841,0.036599999999999966,-0.37469999999999715,0.7408000000000001,0.8407999999999944,0.15986991594004088,1.2224565431948886,-2.0,0.0,,0.07692307692307693,0.23076923076923078,0.0,,0.024856385329209002,
178,202310020205,0,0,0,0,2,0,1,20,0,0,0,0,0,0,0,0,0,0,0,6,0,0,0,0,0,0,0,0,0,0,0,2,0,0,0,0,0.0,0.0,9.0,10.0,47.8,15.0,0.5,0.0,0.0,13.0,12.0,38.1,2.3,0.6875,0.0,0.0,8.0,6.0,36.2,1.9,0.6,-2.0,8.0,0.0,0.0,0.05,4,4,231.6,11.0,1632,1306,1167,0.0,0.0,17.0,9.0,37.3,2.4,0.9444444444444444,0.0,0.0,15.0,11.0,37.5,2.1,0.875,-0.1,0.0,54.0,-91.0,13.0,10.0,426.0,0.2,0.1875,0.0,-0.16666666666666666,-0.25,2.1399999999999997,0.0,11.883399999999995,2.183399999999999,0.4626000000000019,1.1341999999999999,1.762599999999999,0.1662810353469372,4.254597513279016,0.0,3.0,0.0,0.0,0.25,0.0,,,-0.08806818181818182
179,202310020205,0,0,0,0,0,1,0,14,0,0,0,0,0,0,0,0,0,0,0,3,0,0,0,0,0,0,0,0,0,0,0,1,0,0,0,0,0.0,0.0,16.0,15.0,40.8,3.6,0.875,0.0,0.0,14.0,13.0,40.6,4.0,0.9375,0.0,0.0,11.0,12.0,36.9,1.7,0.7333333333333333,-1.5,6.0,300.0,0.047619047619047616,0.23809523809523808,7,10,25.6,7.0,1381,1036,548,0.0,0.0,10.0,11.0,37.1,2.3,0.5625,0.0,0.0,7.0,8.0,38.3,1.8,0.15384615384615385,-1.6,0.0,56.0,-196.0,13.0,16.0,484.0,0.0,-0.125,-0.4666666666666667,0.1875,-0.07692307692307693,0.85,0.0,1.4073999999999955,0.9741,0.983399999999996,1.6407999999999987,2.1342,0.28072082769759277,1.671645895517349,3.0,2.0,0.0,0.1875,0.4375,0.0,,,-0.020299145299145296
180,202310020205,8,4,3,36,4,1,5,39,0,0,0,4,5,2,1,15,1,0,1,8,0,0,0,1,2,0,0,12,0,0,1,4,0,0,0,1,0.0,0.0,11.0,9.0,37.8,1.8,0.8125,0.0,0.0,11.0,8.0,35.9,1.5,0.25,0.0,0.0,11.0,10.0,35.1,2.0,0.3076923076923077,0.5,10.0,400.0,0.030303030303030304,0.16666666666666666,8,13,56.7,9.0,1506,1428,199,0.0,0.0,9.0,9.0,38.7,2.5,0.15384615384615385,0.0,0.0,7.0,8.0,36.0,1.0,0.8181818181818182,-0.1,0.0,56.0,-133.0,13.0,16.0,470.0,-0.125,0.125,-0.07692307692307693,0.5384615384615384,0.18181818181818182,0.079999999999999,0.0,-0.2726000000000042,-0.2657999999999987,0.025300000000001432,2.5342000000000056,-1.3453000000000017,0.2874793088634342,1.3341664064126335,0.0,3.0,0.0,0.0,0.09090909090909091,0.0,,0.12481709101551067,-0.04903742873667685
181,202310020205,0,0,0,0,0,0,0,0,0,0,0,0,0,0,0,0,0,0,0,0,0,0,0,0,0,0,0,0,0,0,0,0,0,0,0,0,0.0,0.0,12.0,14.0,40.8,4.0,0.21428571428571427,0.0,0.0,7.0,14.0,39.8,2.5,1.0,0.0,0.0,13.0,1.0,36.3,0.0,0.8,-6.5,-4.0,-600.0,0.05714285714285714,0.14285714285714285,3,3,153.7,10.0,1432,1137,1428,0.0,0.0,16.0,15.0,37.5,2.1,0.23529411764705882,0.0,0.0,10.0,10.0,38.0,2.6,0.38461538461538464,-0.7,0.2,54.0,-161.0,13.0,14.0,516.0,0.6428571428571429,-0.7333333333333333,-0.6666666666666666,0.7647058823529411,0.5384615384615384,0.7899999999999991,0.0,3.858699999999999,1.2224000000000004,-2.909400000000005,1.3342000000000027,1.8342000000000027,0.31667453179946375,1.6166632302368973,2.0,2.0,0.0,0.0,0.2,0.0,,,
182,202310020205,0,0,0,1,3,2,2,13,0,0,0,0,0,0,0,0,1,0,0,5,0,0,0,0,0,0,0,0,1,0,0,2,0,0,0,0,0.0,0.0,12.0,10.0,41.8,2.3,0.6666666666666666,0.0,0.0,18.0,16.0,34.9,2.5,1.0,0.0,0.0,15.0,14.0,37.2,2.0,0.5,2.0,17.0,600.0,0.0,0.0,6,8,293.0,12.0,1246,1362,533,0.0,0.0,16.0,13.0,35.0,1.4,0.3125,0.0,0.0,17.0,15.0,37.4,2.1,0.16666666666666666,0.7,0.0,56.0,-528.0,13.0,12.0,449.0,0.25,0.0,0.25,0.0,0.1111111111111111,0.8699999999999996,0.0,3.5204999999999984,-0.5592000000000041,1.7408000000000001,-0.4592000000000027,1.483399999999996,0.2897556441785618,2.5024787711387275,3.0,1.0,0.0,0.0,0.0,0.0,,,0.0826923076923077
183,202310020205,0,0,0,0,3,3,5,32,0,0,0,0,0,0,0,0,2,0,1,9,0,0,0,0,0,0,0,0,1,0,0,6,0,0,0,0,0.0,0.0,8.0,12.0,38.8,2.7,0.3076923076923077,0.0,0.0,6.0,5.0,35.7,0.9,0.3,,,,,,,,-7.0,-4.0,0.0,0.07317073170731707,0.32926829268292684,8,12,25.9,8.0,1658,1183,1167,,,,,,,,,,,,,,,-7.0,0.0,56.0,0.0,13.0,13.0,484.0,0.38461538461538464,0.1,,,,3.0999999999999943,0.0,2.6342,0.24080000000000013,,,,0.0038461538461538602,1.5499999999999972,0.0,1.0,0.0,0.0,0.2727272727272727,0.0,,,0.025988173046996577
184,202310020205,1,2,2,12,0,0,0,0,0,0,0,0,0,1,0,3,0,0,0,0,0,0,0,0,0,1,0,2,0,0,0,0,0,0,0,0,0.0,0.0,110.0,11.0,38.0,2.1,0.45454545454545453,0.0,0.0,120.0,13.0,38.5,3.0,0.46153846153846156,0.0,0.0,100.0,10.0,36.6,1.3,0.47058823529411764,-0.5,0.0,0.0,0.0,0.0,5,6,294.9,13.0,1463,206,1167,,,,,,,,,,,,,,,-0.5,0.0,53.0,14.0,13.0,11.0,486.0,-0.09090909090909091,0.46153846153846156,-0.058823529411764705,,,0.6999999999999993,0.0,0.6546999999999983,1.1546999999999983,0.6833999999999989,,,0.006567355006075991,0.8041558721209873,0.0,3.0,0.0,0.0,0.1111111111111111,0.0,,-0.14814814814814814,
185,202310020209,0,2,4,21,2,0,0,26,0,0,0,1,0,1,1,4,1,0,0,6,0,0,0,0,0,0,0,2,0,0,0,2,0,0,0,0,0.0,0.0,10.0,5.0,33.9,0.5,0.18181818181818182,0.0,0.0,10.0,1.0,35.1,0.0,0.3333333333333333,0.0,0.0,50.0,5.0,34.1,0.6,0.5,0.0,-4.0,400.0,0.06172839506172839,0.32098765432098764,7,12,4.0,1.0,1657,1345,1317,,,,,,,,,,,,,,,0.0,0.3333333333333333,56.0,168.0,14.0,11.0,482.0,0.09090909090909091,-0.1111111111111111,0.0,,,-0.10000000000000142,0.0,-1.1747000000000014,-0.3592000000000013,-0.9746999999999986,,,0.12994626596230915,0.5249338582674549,2.0,0.0,,0.06060606060606061,0.3333333333333333,0.0,,-0.1385419032477856,-0.23317622414244565
186,202310020209,1,2,2,12,0,0,0,2,0,0,0,0,0,1,0,3,0,0,0,0,0,0,0,0,0,0,0,1,0,0,0,0,0,0,0,0,0.0,0.0,30.0,1.0,35.9,0.0,0.625,0.0,0.0,120.0,5.0,34.5,0.5,0.6666666666666666,0.0,0.0,80.0,6.0,36.8,1.6,0.5333333333333333,2.5,-2.0,0.0,0.17582417582417584,0.3626373626373626,5,8,14.6,8.0,1463,259,1167,0.0,0.0,80.0,5.0,34.9,0.5,0.4166666666666667,0.0,0.0,60.0,6.0,36.5,1.9,0.38461538461538464,1.0,0.2,56.0,21.0,14.0,8.0,452.0,-0.125,0.0,0.2,0.08333333333333333,0.0,-0.16000000000000014,0.0,-0.016600000000003945,-1.4166000000000025,1.3407999999999944,-0.5592000000000041,0.5833999999999975,0.11097973824585136,0.890842298052803,0.0,3.0,0.3333333333333333,0.11538461538461539,0.19230769230769232,0.0,,-0.14814814814814814,
187,202310020209,0,0,0,1,5,3,5,67,0,0,0,0,0,0,0,0,1,1,0,24,0,0,0,0,0,0,0,0,0,0,0,6,0,0,0,0,0.0,0.0,20.0,1.0,36.0,0.0,0.18181818181818182,0.0,0.0,40.0,3.0,35.4,0.9,1.0,0.0,0.0,70.0,4.0,34.5,0.5,0.8571428571428571,1.5,-2.0,0.0,0.0625,0.0625,6,9,40.4,14.0,1248,1167,1428,,,,,,,,,,,,,,,1.5,0.6666666666666666,54.0,14.0,14.0,11.0,450.0,0.0,0.0,-0.14285714285714285,,,0.75,0.0,-1.3453000000000017,-0.05920000000000414,-1.4166000000000025,,,0.35682131662328787,0.6164414002968975,0.0,2.0,0.5,0.23076923076923078,0.3076923076923077,0.0,,,-0.034969779203157775
188,202310020209,7,3,7,47,2,0,1,4,2,0,0,1,4,2,3,18,0,0,0,2,0,0,0,1,1,0,1,3,0,0,0,0,0,0,0,0,0.0,0.0,30.0,5.0,35.4,0.5,0.46153846153846156,0.0,0.0,30.0,1.0,34.2,0.0,0.625,,,,,,,,-4.0,-6.0,0.0,0.041666666666666664,0.2708333333333333,3,4,4.2,2.0,1503,939,1263,,,,,,,,,,,,,,,-4.0,0.5,54.0,64.0,14.0,13.0,446.0,0.15384615384615385,-0.375,,,,1.1999999999999957,0.0,-0.516600000000004,-1.7165999999999997,,,,0.08173076923076922,0.5999999999999979,0.0,2.0,0.5,0.11428571428571428,0.2,0.0,,-0.023504273504273532,-0.23888888888888882
189,202310020209,0,0,0,0,0,0,0,0,0,0,0,0,0,0,0,0,0,0,0,0,0,0,0,0,0,0,0,0,0,0,0,0,0,0,0,0,0.0,0.0,80.0,4.0,34.9,0.3,0.3333333333333333,0.0,0.0,10.0,1.0,34.9,0.0,0.18181818181818182,,,,,,,,-3.0,-10.0,400.0,0.06666666666666667,0.26666666666666666,8,14,11.5,4.0,1432,1716,1428,,,,,,,,,,,,,,,-3.0,0.5,56.0,70.0,14.0,12.0,452.0,0.25,0.0,,,,0.0,0.0,-0.1747000000000014,-0.5592000000000041,,,,0.07575757575757575,0.0,1.0,0.0,,0.14705882352941177,0.4411764705882353,0.0,,,
190,202310020209,0,0,1,1,3,2,3,30,0,0,0,0,0,0,0,0,0,0,2,5,0,0,0,0,0,0,0,0,0,0,2,1,0,0,0,0,0.0,0.0,14.0,10.0,38.8,2.1,0.7142857142857143,0.0,0.0,7.0,9.0,37.8,1.2,0.5333333333333333,0.0,0.0,9.0,6.0,39.1,1.2,0.6,-2.0,4.0,200.0,0.10144927536231885,0.2753623188405797,7,11,14.1,6.0,1045,1558,969,0.0,0.0,7.0,9.0,37.9,0.8,0.2727272727272727,0.0,0.0,5.0,1.0,37.5,0.0,0.35714285714285715,-1.8,0.2,54.0,-587.0,14.0,14.0,476.0,-0.14285714285714285,-0.26666666666666666,-0.1,0.0,0.0,0.24999999999999928,0.0,-0.8259000000000043,-1.409400000000005,-0.5259,-1.7259000000000029,-1.0775999999999968,0.16061705193367032,0.6177378084592204,0.0,0.0,,0.10810810810810811,0.32432432432432434,0.0,,,-0.05200559701492538
191,202310020209,0,0,0,0,2,2,0,20,0,0,0,0,0,0,0,0,0,2,0,6,0,0,0,0,0,0,0,0,0,1,0,1,0,0,0,0,0.0,0.0,70.0,6.0,37.5,0.6,0.3,0.0,0.0,90.0,4.0,36.4,1.0,0.1111111111111111,0.0,0.0,110.0,1.0,35.5,0.0,0.09090909090909091,-2.5,-8.0,400.0,0.0,0.05,8,13,20.3,11.0,1600,1014,680,,,,,,,,,,,,,,,-2.5,0.3333333333333333,56.0,78.0,14.0,10.0,472.0,0.0,0.1111111111111111,0.0,,,1.0,0.0,-0.45239999999999725,-0.9453000000000031,0.04079999999999728,,,0.09416660308575119,0.8178562764256865,1.0,1.0,0.0,0.0,0.2857142857142857,0.0,,,0.05258583224684918
192,202310020209,0,0,0,0,5,3,5,67,0,0,0,0,0,0,0,0,1,1,0,24,0,0,0,0,0,0,0,0,0,0,0,6,0,0,0,0,0.0,0.0,40.0,1.0,36.2,0.0,0.2777777777777778,0.0,0.0,30.0,3.0,33.9,0.3,0.625,0.0,0.0,40.0,3.0,33.6,0.5,0.5,1.0,6.0,0.0,0.03076923076923077,0.16923076923076924,3,3,16.1,10.0,1188,1167,1013,,,,,,,,,,,,,,,1.0,1.0,56.0,56.0,14.0,18.0,466.0,0.0,0.0,0.1,,,1.3000000000000007,0.0,0.2834000000000003,-1.5592000000000041,-1.4746999999999986,,,0.1435931705488039,1.1614167593456242,1.0,1.0,1.0,0.03571428571428571,0.07142857142857142,0.0,,,-0.034969779203157775
193,202310020209,0,0,0,1,1,3,3,9,0,0,0,0,0,0,0,0,1,1,2,1,0,0,0,0,0,0,0,0,1,0,0,1,0,0,0,0,0.0,0.0,100.0,12.0,35.3,0.8,0.875,0.0,0.0,120.0,4.0,34.8,0.2,0.5625,0.0,0.0,7.0,7.0,35.2,0.3,0.3125,-2.5,-8.0,0.0,0.17543859649122806,0.43859649122807015,5,7,14.5,7.0,1725,1433,1503,0.0,0.0,7.0,11.0,34.5,0.8,0.9285714285714286,0.0,0.0,2.0,1.0,35.0,0.0,0.25,-1.5,0.2,54.0,-665.0,14.0,16.0,442.0,0.0,-0.0625,0.0625,0.0,0.08333333333333333,0.08999999999999915,0.0,-0.6166000000000054,-0.6592000000000056,-0.2591999999999999,-0.9592000000000027,-0.4592000000000027,0.2789717819100004,0.2870540018881466,-2.0,1.0,0.0,0.0,0.0,0.0,,,0.22413793103448276
194,202310020209,0,0,1,1,0,0,0,0,0,0,0,0,0,0,0,0,0,0,0,0,0,0,0,0,0,0,0,0,0,0,0,0,0,0,0,0,0.0,0.0,90.0,1.0,35.8,0.0,0.125,,,,,,,,,,,,,,,,,200.0,0.08333333333333333,0.25,4,5,35.0,13.0,1045,489,969,,,,,,,,,,,,,,,,1.0,54.0,21.0,14.0,16.0,458.0,0.0,,,,,,,0.34079999999999444,,,,,,,0.0,0.0,,0.2,0.4,0.0,,,
195,202310020209,1,2,0,2,4,3,2,41,0,0,0,0,1,0,0,0,1,1,1,4,0,0,0,0,0,0,0,0,0,1,1,3,0,0,0,0,0.0,0.0,70.0,5.0,38.2,0.7,0.7142857142857143,0.0,0.0,20.0,1.0,38.5,0.0,0.125,0.0,0.0,40.0,2.0,34.8,0.2,0.3333333333333333,-1.5,-2.0,300.0,0.20588235294117646,0.47058823529411764,4,6,16.1,9.0,1507,1556,593,0.0,0.0,20.0,5.0,35.7,0.9,0.2857142857142857,,,,,,,,0.1,0.5,56.0,14.0,14.0,14.0,482.0,-0.07142857142857142,0.0,-0.16666666666666666,0.0,,1.1200000000000003,0.0,-0.37759999999999394,-1.1259000000000015,-0.6592000000000056,-0.21659999999999968,,0.21615319684613207,1.5858751527153716,0.0,1.0,0.0,0.1111111111111111,0.3333333333333333,0.0,,0.2518518518518519,-0.039609813774756114
196,202310020209,1,1,1,3,2,0,1,15,0,0,0,0,1,0,0,1,1,0,0,3,0,0,0,0,0,0,0,0,0,0,0,2,0,0,0,0,0.0,0.0,150.0,18.0,34.9,1.5,0.9444444444444444,0.0,0.0,120.0,11.0,35.6,1.3,0.46153846153846156,0.0,0.0,70.0,6.0,34.8,1.9,1.0,-6.0,2.0,0.0,0.08333333333333333,0.25,6,10,20.5,12.0,1289,1186,1428,0.0,0.0,30.0,1.0,35.3,0.0,0.8888888888888888,,,,,,,,-5.6,0.25,56.0,46.0,14.0,18.0,464.0,0.05555555555555555,0.46153846153846156,0.0,-0.7777777777777778,,-0.03999999999999915,0.0,-1.016600000000004,-0.3166000000000011,-1.1166000000000054,-0.6166000000000054,,0.2127624736360761,0.32015621187164367,1.0,4.0,0.25,0.1111111111111111,0.26666666666666666,0.0,,-0.007575757575757569,0.07240143369175626
197,202310020209,1,2,2,12,1,0,0,0,1,0,0,0,0,1,0,3,0,0,0,0,0,0,0,0,0,0,0,1,0,0,0,0,0,0,0,0,0.0,0.0,3.0,13.0,37.7,2.4,0.21428571428571427,0.0,0.0,7.0,10.0,35.9,1.4,0.6111111111111112,0.0,0.0,5.0,3.0,34.3,0.6,0.5714285714285714,-5.0,0.0,0.0,0.10526315789473684,0.23684210526315788,2,2,8.2,3.0,1463,377,1167,0.0,0.0,3.0,1.0,35.3,0.0,0.3,,,,,,,,-4.3,0.5,54.0,0.0,14.0,14.0,468.0,0.6428571428571429,-0.16666666666666666,-0.14285714285714285,-0.1,,0.8800000000000019,0.0,1.5342000000000056,-0.016600000000003945,-1.1592000000000056,-0.6166000000000054,,0.17036847044522146,1.2369316876853005,0.0,3.0,0.3333333333333333,0.13636363636363635,0.4090909090909091,0.0,,-0.14814814814814814,
198,202310020209,0,0,0,1,0,0,0,0,0,0,0,0,0,0,0,0,0,0,0,0,0,0,0,0,0,0,0,0,0,0,0,0,0,0,0,0,0.0,0.0,14.0,12.0,35.6,1.8,0.21428571428571427,0.0,0.0,12.0,12.0,13.6,6.0,0.8461538461538461,0.0,0.0,13.0,13.0,35.9,1.2,0.6666666666666666,0.5,4.0,0.0,0.12380952380952381,0.3619047619047619,1,1,13.0,5.0,1246,371,533,0.0,0.0,11.0,8.0,37.3,0.9,0.38461538461538464,0.0,0.0,16.0,11.0,36.7,1.1,0.125,-0.6,0.0,54.0,-601.0,14.0,14.0,464.0,0.0,0.0,0.13333333333333333,0.15384615384615385,0.0,-2.59,0.0,-0.3166000000000011,,-0.016600000000003945,1.1341999999999999,1.2408000000000001,0.2717750627142473,9.12960021030494,-2.0,3.0,0.0,0.0,0.0,0.0,,,
199,202310020302,1,2,0,2,0,0,0,1,0,0,0,0,0,2,0,0,0,0,0,1,0,0,0,0,0,2,0,0,0,0,0,0,0,0,0,0,0.0,0.0,70.0,2.0,35.3,0.3,0.16666666666666666,,,,,,,,,,,,,,,,,0.0,0.125,0.125,5,9,2.8,1.0,1089,695,1428,,,,,,,,,,,,,,,,1.0,56.0,34.0,17.0,12.0,482.0,0.0,,,,,,,-2.0453000000000046,,,,,,,0.0,1.0,1.0,0.20833333333333334,0.4583333333333333,0.0,,0.07331378299120234,
200,202310020302,8,4,3,36,4,4,1,52,1,0,0,5,5,2,1,15,0,2,1,11,0,0,0,1,2,0,0,12,0,1,0,5,0,0,0,1,0.0,0.0,40.0,2.0,35.7,0.2,0.7272727272727273,0.0,0.0,120.0,8.0,35.8,0.9,0.5555555555555556,0.0,0.0,40.0,9.0,37.2,2.1,0.9333333333333333,3.5,2.0,0.0,0.19444444444444445,0.4444444444444444,1,2,5.3,3.0,1506,1263,199,0.0,0.0,40.0,5.0,33.7,0.6,1.0,0.0,0.0,50.0,5.0,34.8,0.8,0.5555555555555556,0.3,0.2,56.0,20.0,17.0,11.0,464.0,-0.36363636363636365,0.16666666666666666,-0.2,0.0,-0.1111111111111111,0.39000000000000057,0.0,-1.6452999999999989,-0.23000000000000398,1.7408000000000001,-1.7591999999999999,-0.6592000000000056,0.18555354853942815,1.1603447763488233,0.0,1.0,1.0,0.0,0.2,0.0,,0.12481709101551067,-0.02761200676939521
201,202310020302,3,0,0,7,0,0,0,1,0,0,0,0,0,0,0,3,0,0,0,0,0,0,0,0,0,0,0,2,0,0,0,0,0,0,0,0,0.0,0.0,4.0,4.0,38.3,0.8,0.6363636363636364,0.0,0.0,11.0,15.0,35.7,1.0,0.6111111111111112,0.0,0.0,12.0,14.0,36.1,1.7,0.8333333333333334,5.0,8.0,700.0,0.0625,0.1875,7,13,10.0,5.0,1154,245,1561,0.0,0.0,3.0,12.0,41.2,4.1,0.6,0.0,0.0,2.0,10.0,37.5,1.8,0.16666666666666666,0.9,0.0,55.0,-520.0,17.0,11.0,472.0,-0.09090909090909091,-0.1111111111111111,0.16666666666666666,-0.13333333333333333,0.0,-0.39000000000000057,0.0,1.471899999999998,0.5469000000000008,0.6407999999999987,1.5741000000000014,1.5833999999999975,0.21863906445571618,1.9591835034013532,-1.0,1.0,0.0,0.047619047619047616,0.19047619047619047,0.0,,-0.0146198830409357,
202,202310020302,2,1,1,25,2,0,1,20,1,0,0,2,0,0,0,8,0,0,0,6,0,0,0,2,0,0,0,0,0,0,0,2,0,0,0,0,0.0,0.0,8.0,7.0,36.8,2.0,0.375,0.0,0.0,7.0,7.0,34.6,1.2,0.42857142857142855,0.0,0.0,10.0,8.0,34.4,1.2,0.36363636363636365,0.5,0.0,0.0,0.0,0.0,7,14,85.8,13.0,1090,1306,1169,0.0,0.0,14.0,10.0,35.5,0.5,0.29411764705882354,0.0,0.0,9.0,9.0,34.5,0.7,0.75,0.7,0.0,53.0,-504.0,17.0,8.0,468.0,0.0,0.0,-0.09090909090909091,0.17647058823529413,0.08333333333333333,0.36999999999999955,0.0,0.8833999999999946,-0.8468000000000018,-1.516600000000004,-0.4166000000000025,-1.4166000000000025,0.15971413524689246,0.9090654541890799,-5.0,4.0,0.0,0.0,0.0,0.0,,0.015533980582524282,-0.08806818181818182
203,202310020302,7,5,4,57,3,2,2,13,1,0,0,4,2,2,1,19,1,0,0,5,0,0,0,1,2,2,0,13,1,0,0,2,0,0,0,1,0.0,0.0,5.0,6.0,38.6,0.5,0.6666666666666666,0.0,0.0,12.0,11.0,36.6,1.7,0.4166666666666667,0.0,0.0,13.0,14.0,38.0,3.5,0.5714285714285714,4.0,21.0,600.0,0.07692307692307693,0.2692307692307692,8,15,3.8,2.0,1691,1362,1167,0.0,0.0,12.0,10.0,40.7,1.8,0.21428571428571427,0.0,0.0,12.0,9.0,36.0,1.7,0.2,0.5,0.0,51.0,-611.0,17.0,12.0,439.0,-0.25,0.08333333333333333,0.35714285714285715,-0.07142857142857142,0.06666666666666667,0.11000000000000014,0.0,0.32050000000000267,1.1407999999999987,2.0833999999999975,1.4906000000000006,0.08339999999999748,0.18671525120892937,1.6497272501841032,-2.0,2.0,0.0,0.10869565217391304,0.2608695652173913,0.0,,-0.008540218470705074,0.0826923076923077
204,202310020302,0,2,4,21,3,3,5,32,0,0,0,0,0,1,1,4,2,0,1,9,0,0,0,0,0,1,1,2,1,0,0,6,0,0,0,0,0.0,0.0,5.0,6.0,35.1,1.4,0.625,0.0,0.0,8.0,3.0,34.1,0.1,0.5555555555555556,0.0,0.0,9.0,10.0,33.8,0.8,0.9,2.0,-6.0,0.0,0.0,0.0,8,17,59.0,10.0,1657,1183,1317,0.0,0.0,9.0,9.0,35.4,0.9,0.75,0.0,0.0,6.0,6.0,35.7,1.1,0.8461538461538461,0.6,0.2,54.0,-491.0,17.0,8.0,432.0,-0.125,0.0,0.0,0.08333333333333333,0.0,-0.25,0.0,-2.2453000000000003,-1.816600000000001,-1.6592000000000056,-0.046800000000004616,-0.0373999999999981,0.12969572216995237,0.7413501197140266,-4.0,2.0,0.5,0.11538461538461539,0.19230769230769232,0.0,,-0.1385419032477856,0.025988173046996577
205,202310020302,5,1,0,11,0,0,0,1,0,0,0,0,1,1,0,8,0,0,0,1,0,0,0,0,0,1,0,4,0,0,0,1,0,0,0,0,0.0,0.0,2.0,1.0,40.7,0.0,0.16666666666666666,0.0,0.0,13.0,13.0,36.4,1.5,0.75,0.0,0.0,14.0,15.0,37.6,2.2,0.11764705882352941,7.0,27.0,600.0,0.0759493670886076,0.24050632911392406,6,11,19.9,7.0,1222,1327,1328,0.0,0.0,11.0,8.0,35.0,0.7,0.4666666666666667,0.0,0.0,11.0,13.0,40.4,2.7,0.5555555555555556,1.9,0.2,54.0,-510.0,17.0,12.0,455.0,0.0,-0.0625,0.058823529411764705,-0.06666666666666667,0.05555555555555555,0.2000000000000007,0.0,2.546200000000006,0.2342000000000013,1.8736000000000033,-0.9166000000000025,4.234200000000001,0.2386086085904453,2.2256684389189694,0.0,3.0,0.0,0.0,0.0,0.0,,0.0430622009569378,
206,202310020302,0,0,0,0,0,0,0,0,0,0,0,0,0,0,0,0,0,0,0,0,0,0,0,0,0,0,0,0,0,0,0,0,0,0,0,0,0.0,0.0,110.0,8.0,35.5,0.9,1.0,0.0,0.0,130.0,10.0,37.2,1.7,0.4117647058823529,0.0,0.0,100.0,8.0,36.3,1.5,0.5,0.0,-2.0,200.0,0.0,0.14814814814814814,4,7,72.2,11.0,1699,1090,1313,0.0,0.0,130.0,3.0,35.7,0.1,0.4375,0.0,0.0,110.0,8.0,36.3,0.9,0.42857142857142855,-0.7,0.2,56.0,7.0,17.0,13.0,456.0,-0.15384615384615385,0.058823529411764705,0.0625,0.0625,0.14285714285714285,-0.009999999999999431,0.0,-1.3502999999999972,1.1700000000000017,0.8407999999999944,0.24080000000000013,0.38339999999999463,0.22421203108785678,0.5932958789676533,0.0,1.0,0.0,0.0,0.0,0.0,,,
207,202310020302,0,0,0,0,2,0,0,2,0,0,0,0,0,0,0,0,0,0,0,2,0,0,0,0,0,0,0,0,0,0,0,2,0,0,0,0,0.0,0.0,10.0,2.0,38.8,0.3,0.18181818181818182,0.0,0.0,120.0,14.0,38.1,1.0,0.125,0.0,0.0,90.0,7.0,37.2,1.1,0.25,2.5,-2.0,400.0,0.17391304347826086,0.3695652173913043,2,4,144.8,15.0,1632,1561,1167,0.0,0.0,100.0,11.0,35.9,2.0,0.3333333333333333,0.0,0.0,150.0,9.0,37.2,0.7,0.23529411764705882,1.1,0.2,56.0,-513.0,17.0,11.0,496.0,0.0,-0.0625,0.1875,0.4,0.0,0.5399999999999991,0.0,0.7273999999999958,0.8946000000000041,1.1700000000000017,-0.13000000000000256,1.0342000000000056,0.06975917097129519,0.9769339793455846,0.0,1.0,0.0,0.0,0.1111111111111111,0.0,,,-0.047619047619047616
208,202310020302,0,0,1,6,0,0,0,1,0,0,0,0,0,0,0,1,0,0,0,0,0,0,0,0,0,0,0,0,0,0,0,0,0,0,0,0,0.0,0.0,80.0,110.0,39.8,3.2,1.0,0.0,0.0,100.0,140.0,38.8,2.9,0.375,0.0,0.0,130.0,100.0,37.5,1.9,0.25,-5.0,9.0,600.0,0.05555555555555555,0.1388888888888889,3,6,82.8,12.0,1399,419,1428,0.0,0.0,120.0,100.0,36.9,1.1,0.5882352941176471,0.0,0.0,70.0,50.0,36.5,2.1,0.7777777777777778,-16.0,0.0,54.0,-507.0,17.0,12.0,445.0,0.0,0.0625,0.1875,0.0,0.0,0.8499999999999993,0.0,1.6462000000000003,0.7273999999999958,1.5833999999999975,0.7342000000000013,0.5833999999999975,0.2701304105800574,1.228006514640699,-2.0,3.0,0.0,0.07692307692307693,0.23076923076923078,0.0,,-0.01785714285714285,
209,202310020302,0,0,0,0,0,0,0,2,0,0,0,0,0,0,0,0,0,0,0,0,0,0,0,0,0,0,0,0,0,0,0,0,0,0,0,0,0.0,0.0,1.0,1.0,40.4,0.0,0.4,0.0,0.0,1.0,7.0,40.7,2.2,0.26666666666666666,0.0,0.0,2.0,4.0,38.0,0.3,0.3125,1.5,-11.0,600.0,0.04081632653061224,0.2653061224489796,5,10,13.7,6.0,1397,960,1428,0.0,0.0,3.0,5.0,39.7,0.9,0.3333333333333333,0.0,0.0,5.0,3.0,37.7,0.5,0.26666666666666666,0.2,0.4,56.0,-515.0,17.0,10.0,465.0,-0.2,-0.13333333333333333,0.0,-0.13333333333333333,0.0,0.6399999999999991,0.0,2.2462000000000018,1.0741000000000014,-0.07260000000000133,0.07410000000000139,-1.9258999999999986,0.04946940693218611,1.2312595177297105,-1.0,0.0,,0.1,0.3,0.0,,,
210,202310020302,4,7,3,34,0,0,0,0,0,0,0,0,1,4,1,9,0,0,0,0,0,0,0,0,0,1,0,3,0,0,0,0,0,0,0,0,0.0,0.0,30.0,60.0,39.5,1.5,0.75,0.0,0.0,120.0,110.0,37.1,2.2,0.9444444444444444,0.0,0.0,150.0,90.0,37.7,1.5,0.8888888888888888,15.0,12.0,500.0,0.10256410256410256,0.23076923076923078,8,16,39.2,8.0,1152,556,1428,0.0,0.0,120.0,90.0,36.7,1.8,0.9444444444444444,0.0,0.0,80.0,120.0,36.7,1.2,0.7647058823529411,10.0,0.0,56.0,-524.0,17.0,12.0,510.0,0.0,-0.2777777777777778,-0.2777777777777778,-0.3333333333333333,0.0,0.5999999999999993,0.0,,0.8155000000000001,0.2553000000000054,0.7834000000000003,0.5342000000000056,0.08516568097704812,1.0461357464497607,0.0,2.0,0.0,0.21428571428571427,0.35714285714285715,0.0,,0.0008547008547008517,
211,202310020302,0,0,0,1,3,6,9,42,0,0,0,0,0,0,0,0,2,0,2,12,0,0,0,0,0,0,0,0,2,0,1,7,0,0,0,0,0.0,0.0,9.0,11.0,44.9,4.4,0.5,0.0,0.0,12.0,13.0,34.7,1.3,0.7222222222222222,0.0,0.0,5.0,10.0,43.1,4.2,0.3333333333333333,-0.5,-4.0,600.0,0.015151515151515152,0.13636363636363635,6,12,41.5,9.0,1246,1013,533,0.0,0.0,6.0,7.0,35.5,1.2,0.25,0.0,0.0,10.0,11.0,37.8,2.0,0.1111111111111111,-0.6,0.0,56.0,-508.0,17.0,12.0,474.0,0.25,0.05555555555555555,0.5,0.0,0.0,1.3400000000000005,0.0,6.6205,-0.45309999999999917,4.061300000000003,0.04079999999999728,1.8833999999999946,0.2111111111111111,4.089009660052175,0.0,1.0,0.0,0.0,0.18181818181818182,0.0,,,0.08308366498233688
212,202310020302,1,0,0,2,3,2,2,13,0,0,0,0,1,0,0,1,1,0,0,5,0,0,0,0,0,0,0,1,1,0,0,2,0,0,0,0,0.0,0.0,90.0,9.0,36.4,1.3,0.3125,,,,,,,,,,,,,,,,,0.0,0.0,0.045454545454545456,1,1,117.0,14.0,1672,1362,1167,,,,,,,,,,,,,,,,0.0,55.0,13.0,17.0,16.0,458.0,0.0625,,,,,,,0.48339999999999606,,,,,,,-1.0,1.0,0.0,0.0,0.0,0.0,,0.3116883116883117,0.0826923076923077
213,202310020302,0,0,0,0,0,0,0,0,0,0,0,0,0,0,0,0,0,0,0,0,0,0,0,0,0,0,0,0,0,0,0,0,0,0,0,0,0.0,0.0,12.0,14.0,40.8,4.0,0.21428571428571427,0.0,0.0,7.0,14.0,39.8,2.5,1.0,0.0,0.0,13.0,1.0,36.3,0.0,0.8,-6.5,-4.0,-600.0,,,3,5,455.7,16.0,1432,1137,1428,0.0,0.0,16.0,15.0,37.5,2.1,0.23529411764705882,0.0,0.0,10.0,10.0,38.0,2.6,0.38461538461538464,-0.7,0.2,53.0,-155.0,17.0,14.0,516.0,0.6428571428571429,-0.7333333333333333,-0.6666666666666666,0.7647058823529411,0.5384615384615384,0.7899999999999991,0.0,3.858699999999999,1.2224000000000004,-2.909400000000005,1.3342000000000027,1.8342000000000027,0.31667453179946375,1.6166632302368973,1.0,2.0,0.0,0.0,0.16666666666666666,0.0,,,
214,202310020302,0,0,0,1,4,4,1,52,0,0,0,0,0,0,0,0,0,2,1,11,0,0,0,0,0,0,0,0,0,1,0,5,0,0,0,0,0.0,0.0,3.0,4.0,41.8,0.7,0.1,0.0,0.0,5.0,13.0,38.0,3.4,0.7142857142857143,0.0,0.0,4.0,16.0,37.5,2.2,1.0,6.0,9.0,600.0,0.07228915662650602,0.3253012048192771,4,8,9.2,4.0,1246,1263,533,0.0,0.0,3.0,5.0,34.9,1.3,0.2727272727272727,,,,,,,,0.6,0.0,54.0,-250.0,17.0,10.0,471.0,0.1,0.14285714285714285,-0.23529411764705882,0.0,,2.1199999999999997,0.0,3.5204999999999984,2.0833999999999975,1.3342000000000027,-0.1747000000000014,,0.3555553560740197,2.4642443060703205,0.0,2.0,0.0,0.125,0.35,0.0,,,-0.02761200676939521
215,202310020302,2,1,0,12,0,4,3,19,0,0,0,0,0,0,0,3,0,1,0,5,0,0,0,0,0,0,0,0,0,1,0,2,0,0,0,0,0.0,0.0,160.0,14.0,40.2,4.3,1.0,0.0,0.0,130.0,13.0,40.2,2.6,0.375,0.0,0.0,130.0,13.0,35.8,2.9,0.8666666666666667,-0.5,6.0,200.0,0.08571428571428572,0.17142857142857143,2,3,607.6,17.0,1583,1618,118,,,,,,,,,,,,,,,-0.5,0.0,56.0,35.0,17.0,16.0,454.0,0.0,0.375,-0.06666666666666667,,,2.200000000000003,0.0,0.5741000000000014,1.920500000000004,0.7252999999999972,,,0.26877063515381966,2.074179891480542,0.0,0.0,,0.2,0.2,0.0,,-0.022727272727272735,0.014617691154422796
216,202310020405,0,0,0,0,2,4,3,37,0,0,0,0,0,0,0,0,1,1,0,10,0,0,0,0,0,0,0,0,1,1,0,7,0,0,0,0,,,,,,,,,,,,,,,,,,,,,,,,,0.029850746268656716,0.16417910447761194,5,10,3.8,1.0,1632,1428,1167,,,,,,,,,,,,,,,,,54.0,,18.0,,,,,,,,,,,,,,,,,,0.0,,0.1,0.4,0.0,,,-0.04903742873667685
217,202310020405,1,0,0,4,0,0,0,3,0,0,0,0,1,0,0,2,0,0,0,1,0,0,0,0,1,0,0,2,0,0,0,1,0,0,0,0,0.0,0.0,90.0,7.0,36.3,0.7,0.36363636363636365,0.0,0.0,90.0,9.0,38.9,2.9,1.0,0.0,0.0,60.0,6.0,34.6,1.2,0.75,-0.5,0.0,0.0,0.04,0.26,8,16,45.5,11.0,1343,322,1428,0.0,0.0,70.0,6.0,34.1,0.8,1.0,,,,,,,,-0.6,0.0,54.0,21.0,18.0,11.0,472.0,0.36363636363636365,0.0,0.0,-0.1111111111111111,,1.0899999999999985,0.0,-1.0453000000000046,-0.13870000000000005,-0.8592000000000013,-1.3592000000000013,,0.26031161793080243,1.8753333037089688,0.0,1.0,0.0,0.0,0.0,1.0,0.0,0.007662835249042141,0.125
218,202310020405,3,1,3,15,1,1,1,19,0,0,0,0,0,0,1,2,0,0,1,3,0,0,0,0,0,0,0,1,0,0,1,1,0,0,0,0,0.0,0.0,14.0,16.0,37.1,2.3,0.4444444444444444,0.0,0.0,9.0,10.0,38.0,1.7,0.0625,0.0,0.0,11.0,5.0,37.0,0.5,0.0625,-5.5,4.0,0.0,0.08108108108108109,0.16216216216216217,1,1,70.6,14.0,1317,1183,1186,0.0,0.0,9.0,15.0,40.4,4.9,0.25,0.0,0.0,8.0,5.0,37.3,1.1,0.25,-1.7,0.0,54.0,-175.0,18.0,18.0,412.0,0.0,0.0,0.0,0.375,-0.125,-0.279999999999999,0.0,1.183399999999999,2.5407999999999973,1.0833999999999975,4.483399999999996,1.5625999999999962,0.14254899525911333,1.2690153663372241,1.0,3.0,0.0,0.0,0.14285714285714285,0.0,,0.08726296358449406,0.025988173046996577
219,202310020405,5,6,5,35,2,4,3,37,0,0,0,0,1,2,3,21,1,1,0,10,0,0,0,0,1,2,1,12,1,1,0,7,0,0,0,0,0.0,0.0,7.0,6.0,41.3,1.9,0.8333333333333334,0.0,0.0,6.0,11.0,35.1,0.8,0.875,0.0,0.0,11.0,9.0,35.0,2.0,0.7222222222222222,1.5,6.0,600.0,0.1891891891891892,0.4594594594594595,7,13,13.4,7.0,1506,1428,199,0.0,0.0,3.0,12.0,34.8,1.5,0.6111111111111112,0.0,0.0,7.0,4.0,37.5,1.1,0.3888888888888889,-0.3,0.0,54.0,-453.0,18.0,12.0,474.0,-0.16666666666666666,-0.0625,-0.05555555555555555,0.0,-0.2222222222222222,0.7899999999999998,0.0,3.0204999999999984,-0.8166000000000011,-0.4592000000000027,-0.6592000000000056,0.15469999999999828,0.17471316881684876,2.484028985338133,0.0,2.0,0.0,0.2692307692307692,0.38461538461538464,1.0,0.0,0.12481709101551067,-0.04903742873667685
220,202310020405,0,0,0,0,5,1,4,41,0,0,0,0,0,0,0,0,1,0,0,13,0,0,0,0,0,0,0,0,1,0,0,6,0,0,0,0,0.0,0.0,20.0,1.0,41.2,0.0,0.3,0.0,0.0,,,,,,0.0,0.0,30.0,3.0,38.5,0.8,0.4166666666666667,2.0,39.0,600.0,0.14285714285714285,0.36507936507936506,6,11,6.0,2.0,1434,1167,969,0.0,0.0,30.0,7.0,35.1,0.7,0.46153846153846156,0.0,0.0,50.0,2.0,34.8,0.0,0.75,0.7,0.75,54.0,-502.0,18.0,10.0,501.0,-0.1,,-0.16666666666666666,-0.15384615384615385,0.08333333333333333,2.2600000000000016,0.0,2.920500000000004,,1.2946000000000026,-0.8166000000000011,-2.141300000000001,0.16555596371111367,2.631539473388155,0.0,1.0,0.0,0.0,0.25,0.0,,,-0.034969779203157775
221,202310020405,0,0,0,1,1,0,0,9,0,0,0,0,0,0,0,0,0,0,0,2,0,0,0,0,0,0,0,0,0,0,0,1,0,0,0,0,0.0,0.0,6.0,3.0,39.5,0.1,0.75,0.0,0.0,9.0,8.0,35.1,0.6,0.9375,0.0,0.0,12.0,3.0,37.5,0.3,0.9333333333333333,0.0,17.0,130.0,0.07407407407407407,0.2345679012345679,7,15,16.7,8.0,1399,1599,1428,0.0,0.0,11.0,9.0,34.3,1.2,0.875,0.0,0.0,8.0,9.0,35.1,0.5,1.0,1.3,0.4,54.0,-523.0,18.0,8.0,415.0,-0.25,-0.0625,-0.26666666666666666,-0.0625,-0.08333333333333333,0.9600000000000002,0.0,,-0.8166000000000011,0.15469999999999828,-1.6166000000000054,-0.8166000000000011,0.08442616761275959,1.9266551326067674,2.0,4.0,0.25,0.0,0.0,1.0,1.0,-0.01785714285714285,0.07758620689655171
222,202310020405,0,4,5,25,0,0,0,0,0,0,0,0,0,1,1,3,0,0,0,0,0,0,0,0,0,1,1,1,0,0,0,0,0,0,0,0,0.0,0.0,80.0,10.0,43.3,3.6,1.0,0.0,0.0,10.0,9.0,40.7,2.8,0.5,0.0,0.0,110.0,2.0,37.3,0.4,0.9375,-4.0,2.0,700.0,0.0,0.0,7,14,8.0,4.0,1304,1200,1503,0.0,0.0,70.0,11.0,40.8,3.0,0.5,0.0,0.0,120.0,8.0,35.5,1.1,0.6666666666666666,-0.2,0.2,54.0,-525.0,18.0,10.0,458.0,-0.1,-0.1875,-0.4375,-0.125,-0.05555555555555555,1.55,0.0,5.708599999999997,1.3074000000000012,-2.0926000000000045,1.2532999999999959,0.4253,0.21229565338094994,2.771569952211201,0.0,0.0,,0.2,0.45,0.0,,0.013993316624895585,
223,202310020405,1,1,1,25,0,2,0,7,0,0,0,0,1,0,0,8,0,1,0,3,0,0,0,0,1,0,0,3,0,0,0,1,0,0,0,0,0.0,0.0,14.0,16.0,38.8,1.8,0.05555555555555555,0.0,0.0,5.0,7.0,39.3,1.7,0.1,0.0,0.0,7.0,5.0,36.2,1.3,0.2,-5.5,-8.0,0.0,0.0625,0.25,3,5,6.2,3.0,1561,1306,1263,0.0,0.0,3.0,1.0,33.5,0.0,0.14285714285714285,0.0,0.0,5.0,8.0,36.0,1.6,0.2222222222222222,-2.1999999999999997,0.2,54.0,-518.0,18.0,18.0,424.0,0.0,0.0,0.0,0.0,0.0,1.1399999999999992,0.0,2.8833999999999946,3.562599999999996,0.2834000000000003,-2.4166000000000025,0.08339999999999748,0.06166743273410299,2.10390113836178,-2.0,4.0,0.25,0.12195121951219512,0.34146341463414637,0.0,,0.024856385329209002,-0.08806818181818182
224,202310020405,0,0,0,0,0,3,3,29,0,0,0,0,0,0,0,0,0,0,0,8,0,0,0,0,0,0,0,0,0,0,0,5,0,0,0,0,0.0,0.0,50.0,40.0,36.5,0.3,0.25,0.0,0.0,110.0,70.0,37.6,1.2,0.875,0.0,0.0,140.0,80.0,35.3,0.6,0.6666666666666666,20.0,20.0,300.0,0.0,0.0,3,6,58.4,13.0,1632,1556,1167,0.0,0.0,100.0,80.0,35.2,1.5,0.8125,0.0,0.0,130.0,90.0,37.4,1.8,0.8333333333333334,11.0,0.0,50.0,-512.0,18.0,12.0,458.0,0.0,-0.1875,0.05555555555555555,0.0,0.0,0.060000000000000143,0.0,0.9714000000000027,1.683399999999999,-0.6166000000000054,0.12530000000000285,0.05469999999999686,0.22973414586817037,1.0099504938362078,-4.0,3.0,0.0,0.07142857142857142,0.21428571428571427,1.0,0.0,,-0.039609813774756114
225,202310020405,0,0,0,8,1,0,3,18,0,0,0,0,0,0,0,3,0,0,2,1,0,0,0,0,0,0,0,2,0,0,1,0,0,0,0,0,0.0,0.0,80.0,15.0,38.7,3.5,0.13333333333333333,0.0,0.0,20.0,6.0,41.8,1.0,0.15384615384615385,0.0,0.0,40.0,4.0,35.7,1.0,0.75,-5.5,2.0,200.0,0.014925373134328358,0.13432835820895522,2,3,47.5,12.0,1463,1294,1167,0.0,0.0,20.0,5.0,35.5,1.0,0.6,,,,,,,,-3.2,0.0,54.0,70.0,18.0,15.0,444.0,0.0,0.0,0.0,-0.1,,1.5700000000000003,0.0,3.2408,2.110899999999994,-0.9831999999999965,0.04079999999999728,,0.2710430078975983,2.571356645819477,0.0,1.0,0.0,0.0,0.17391304347826086,0.0,,-0.14814814814814814,0.04914611005692601
226,202310020405,2,0,0,7,0,0,0,0,0,0,0,0,0,0,0,3,0,0,0,0,0,0,0,0,0,0,0,3,0,0,0,0,0,0,0,0,0.0,0.0,11.0,12.0,40.3,2.0,0.14285714285714285,0.0,0.0,12.0,14.0,40.9,2.6,0.4375,0.0,0.0,7.0,12.0,42.4,2.6,0.6875,0.0,7.0,800.0,0.023255813953488372,0.13953488372093023,8,18,24.2,10.0,1154,1240,1561,0.0,0.0,10.0,4.0,38.8,1.3,0.375,0.0,0.0,4.0,3.0,40.4,1.6,0.8333333333333334,-2.8,0.2,54.0,-494.0,18.0,14.0,427.0,0.07142857142857142,0.125,-0.0625,-0.0625,-0.5,0.18999999999999986,0.0,2.3888999999999996,1.507399999999997,2.774099999999997,-0.7467000000000041,0.7740999999999971,0.24217194421917132,1.1568923891183662,0.0,0.0,,0.043478260869565216,0.13043478260869565,0.0,,-0.0146198830409357,
227,202310020405,0,0,0,8,0,0,0,4,0,0,0,0,0,0,0,3,0,0,0,1,0,0,0,0,0,0,0,2,0,0,0,1,0,0,0,0,0.0,0.0,60.0,10.0,35.7,1.1,0.625,0.0,0.0,20.0,6.0,34.2,0.7,0.17647058823529413,,,,,,,,-4.0,0.0,400.0,0.08235294117647059,0.32941176470588235,4,7,17.8,9.0,1463,1541,1167,,,,,,,,,,,,,,,-4.0,0.0,54.0,64.0,18.0,16.0,464.0,0.0,0.0,,,,1.5,0.0,0.6253000000000029,-0.8746999999999971,,,,0.22426470588235292,0.75,0.0,0.0,,0.17777777777777778,0.26666666666666666,0.0,,-0.14814814814814814,-0.05555555555555555
228,202310020405,0,0,0,1,0,0,0,4,0,0,0,0,0,0,0,0,0,0,0,0,0,0,0,0,0,0,0,0,0,0,0,0,0,0,0,0,0.0,0.0,40.0,9.0,36.3,1.3,0.5555555555555556,0.0,0.0,30.0,7.0,36.4,0.7,0.7857142857142857,,,,,,,,-2.0,-4.0,-200.0,0.12037037037037036,0.37037037037037035,8,17,9.4,5.0,1248,1079,1428,,,,,,,,,,,,,,,-2.0,0.0,54.0,42.0,18.0,18.0,462.0,0.0,-0.2857142857142857,,,,-0.10000000000000142,0.0,0.269999999999996,0.47749999999999915,,,,0.11507936507936506,0.05000000000000071,0.0,0.0,,0.08823529411764706,0.35294117647058826,0.0,,,-0.3333333333333333
229,202310020405,0,0,0,3,0,0,0,0,0,0,0,0,0,0,0,0,0,0,0,0,0,0,0,0,0,0,0,0,0,0,0,0,0,0,0,0,0.0,0.0,11.0,2.0,41.3,0.3,0.6153846153846154,0.0,0.0,17.0,14.0,39.6,2.9,0.1111111111111111,0.0,0.0,11.0,12.0,35.5,1.3,0.6666666666666666,5.0,-5.0,400.0,0.0,0.0,5,9,170.8,17.0,1191,1687,1235,0.0,0.0,11.0,,,,,0.0,0.0,10.0,12.0,40.4,2.7,0.125,2.8,0.25,52.0,-417.0,18.0,13.0,493.0,-0.23076923076923078,0.2777777777777778,0.1111111111111111,,0.0,0.6799999999999997,0.0,3.3832999999999984,2.2546999999999997,-0.5947999999999993,,2.3273999999999972,0.2621588665798469,2.219234102117214,-2.0,1.0,0.0,0.0,0.5,1.0,0.0,-0.015037593984962405,
230,202310020405,0,2,2,28,0,0,1,14,0,0,0,0,0,1,0,7,0,0,1,4,0,0,0,0,0,1,0,6,0,0,1,4,0,0,0,0,0.0,0.0,,,,,,0.0,0.0,140.0,14.0,42.5,4.1,0.7333333333333333,0.0,0.0,140.0,16.0,38.2,2.6,0.75,2.0,,500.0,0.058823529411764705,0.20588235294117646,2,4,91.5,15.0,1098,1503,1294,0.0,0.0,90.0,10.0,39.5,4.1,0.6666666666666666,0.0,0.0,150.0,15.0,38.6,3.1,0.8333333333333334,-0.3,0.0,54.0,-238.0,18.0,7.0,,,0.0,0.0,0.13333333333333333,0.16666666666666666,1.0399999999999998,0.0,,2.9532999999999987,0.7822999999999993,-0.12590000000000146,1.2546999999999997,0.05936586186989589,1.6837458240482728,0.0,1.0,0.0,0.10526315789473684,0.42105263157894735,1.0,0.0,-0.06047008547008548,-0.03783783783783784
231,202310020405,0,0,0,0,0,0,0,2,0,0,0,0,0,0,0,0,0,0,0,1,0,0,0,0,0,0,0,0,0,0,0,1,0,0,0,0,0.0,0.0,,,,,,0.0,0.0,180.0,16.0,39.1,3.1,0.5,0.0,0.0,150.0,16.0,35.6,2.0,0.8235294117647058,0.0,2.0,600.0,0.0,0.0,1,2,220.1,18.0,1434,1435,969,0.0,0.0,100.0,7.0,34.7,1.1,0.75,0.0,0.0,120.0,11.0,35.1,2.3,0.875,-2.4,0.0,51.0,-30.0,18.0,8.0,436.0,,0.4444444444444444,0.11764705882352941,0.0,-0.0625,1.2899999999999998,0.0,,1.7546999999999997,0.1407999999999987,-1.2165999999999997,-0.19129999999999825,0.14393511474892243,1.7469616481193853,-3.0,2.0,0.0,0.14285714285714285,0.42857142857142855,1.0,0.0,,
232,202310020405,0,0,0,1,0,0,0,4,0,0,0,0,0,0,0,0,0,0,0,0,0,0,0,0,0,0,0,0,0,0,0,0,0,0,0,0,0.0,0.0,6.0,7.0,42.2,3.8,0.25,0.0,0.0,6.0,17.0,40.6,3.3,0.05555555555555555,0.0,0.0,2.0,11.0,38.9,2.3,0.3076923076923077,2.0,7.0,600.0,0.1111111111111111,0.2962962962962963,6,12,10.4,6.0,1248,548,1428,0.0,0.0,2.0,8.0,37.7,1.5,0.09090909090909091,0.0,0.0,1.0,2.0,37.6,0.5,0.125,-1.9,0.2,53.0,-172.0,18.0,8.0,487.0,0.25,0.05555555555555555,0.0,0.0,0.0,1.2100000000000002,0.0,3.920500000000004,3.2546999999999997,0.3224000000000018,1.962600000000002,2.1407999999999987,0.09659211960678164,1.7697457444503153,-1.0,1.0,0.0,0.0,0.0,1.0,0.0,,-0.2727272727272727
233,202310020405,0,0,1,10,5,1,4,41,0,0,0,0,0,0,1,2,1,0,0,13,0,0,0,0,0,0,1,2,1,0,0,6,0,0,0,0,0.0,0.0,8.0,5.0,38.1,1.0,0.6666666666666666,0.0,0.0,15.0,10.0,34.7,0.8,0.3888888888888889,0.0,0.0,16.0,18.0,41.9,4.9,0.1111111111111111,6.5,28.0,800.0,0.0,0.0,4,8,99.5,16.0,1729,1167,1428,0.0,0.0,14.0,13.0,35.8,1.1,0.5,0.0,0.0,14.0,15.0,36.5,2.4,0.7222222222222222,2.3,0.0,54.0,-267.0,18.0,12.0,422.0,-0.08333333333333333,0.0,0.6111111111111112,0.1111111111111111,0.0,0.21000000000000085,0.0,0.6822999999999979,-0.4064999999999941,4.554699999999997,0.6468999999999951,0.40520000000000067,0.21829869671542776,2.505992817228333,0.0,1.0,0.0,0.0,0.09090909090909091,1.0,0.0,0.05357142857142855,-0.034969779203157775
234,202310020409,5,6,5,35,0,0,0,0,0,0,0,0,1,2,3,21,0,0,0,0,0,0,0,0,0,0,1,6,0,0,0,0,0,0,0,0,0.0,0.0,50.0,2.0,35.0,0.1,0.3333333333333333,0.0,0.0,50.0,10.0,39.1,2.4,0.8181818181818182,0.0,0.0,60.0,6.0,36.6,1.2,0.5333333333333333,2.0,10.0,0.0,0.07142857142857142,0.32142857142857145,6,6,3.5,2.0,1506,607,199,0.0,0.0,60.0,7.0,36.0,2.5,0.8888888888888888,0.0,0.0,30.0,3.0,35.0,0.8,0.25,-0.1,0.4,57.0,15.0,11.0,15.0,492.0,-0.13333333333333333,0.09090909090909091,0.0,0.0,0.0,0.31000000000000016,0.0,-0.9166000000000025,-0.6884999999999977,-0.34129999999999683,-1.3453000000000017,-0.9166000000000025,0.2541267198783853,1.509436981129057,0.0,3.0,0.6666666666666666,0.06666666666666667,0.26666666666666666,1.0,0.0,0.12481709101551067,
235,202310020409,0,0,0,5,0,0,1,4,0,0,0,0,0,0,0,0,0,0,0,0,0,0,0,0,0,0,0,0,0,0,0,0,0,0,0,0,0.0,0.0,11.0,14.0,38.0,2.5,0.1111111111111111,0.0,0.0,2.0,6.0,37.3,0.9,0.875,0.0,0.0,1.0,1.0,34.9,0.0,0.14285714285714285,-6.5,-8.0,-200.0,0.12149532710280374,0.3644859813084112,6,7,20.4,7.0,1089,1553,1428,0.0,0.0,4.0,1.0,37.3,0.0,0.2727272727272727,0.0,0.0,7.0,2.0,36.5,0.3,0.09090909090909091,-2.9,0.6,58.0,-182.0,11.0,18.0,514.0,0.05555555555555555,-0.375,0.0,0.0,0.0,0.3,0.0,1.9699999999999989,1.3833999999999946,-1.016600000000004,1.0154999999999959,-0.8453000000000017,0.29511006810269963,1.0620734437881403,0.0,3.0,0.6666666666666666,0.034482758620689655,0.06896551724137931,1.0,1.0,0.07331378299120234,0.275
236,202310020409,4,0,2,14,0,0,1,6,0,0,1,0,1,0,0,7,0,0,0,2,0,0,0,0,0,0,0,1,0,0,0,0,0,0,0,0,0.0,0.0,2.0,5.0,36.0,0.5,0.1,0.0,0.0,6.0,2.0,35.5,0.6,0.1111111111111111,0.0,0.0,1.0,3.0,36.6,0.5,0.36363636363636365,-1.0,6.0,0.0,0.0,0.7142857142857143,3,3,3.2,1.0,1222,1103,1328,0.0,0.0,7.0,3.0,36.4,0.1,0.5384615384615384,0.0,0.0,5.0,11.0,38.2,2.0,0.25,1.3,0.6,56.0,-34.0,11.0,10.0,458.0,0.0,0.1111111111111111,-0.18181818181818182,-0.15384615384615385,0.0625,-0.5300000000000005,0.0,-1.3453000000000017,-0.4166000000000025,-0.7453000000000003,0.2342000000000013,2.2834000000000003,0.16452972353622425,0.9112628599915625,0.0,5.0,0.6,0.0,0.08333333333333333,2.0,0.5,0.0430622009569378,0.012500000000000011
237,202310020409,3,3,5,39,0,1,0,2,0,0,0,1,3,3,2,16,0,1,0,0,0,0,0,0,1,1,1,3,0,0,0,0,0,0,0,0,0.0,0.0,11.0,9.0,39.5,1.9,0.9090909090909091,0.0,0.0,6.0,8.0,38.7,2.4,0.8181818181818182,0.0,0.0,10.0,7.0,38.0,1.9,0.8333333333333334,-1.0,4.0,100.0,0.0,0.14285714285714285,5,5,8.1,5.0,1503,1341,1263,0.0,0.0,9.0,7.0,36.9,0.8,0.5454545454545454,0.0,0.0,7.0,5.0,40.4,1.5,0.6363636363636364,-0.9,0.0,58.0,-616.0,11.0,11.0,476.0,0.0,0.09090909090909091,-0.25,-0.09090909090909091,-0.2727272727272727,7.105427357601002e-16,0.0,0.2822000000000031,-0.9258999999999986,-1.0386999999999986,-2.6467000000000027,0.7740999999999971,0.1353836842647799,1.2049896265113655,0.0,0.0,,0.17647058823529413,0.4117647058823529,0.0,,-0.023504273504273532,0.0
238,202310020409,0,4,5,25,5,1,4,41,0,0,2,1,0,1,1,3,1,0,0,13,0,0,0,0,0,0,0,2,0,0,0,5,0,0,0,0,0.0,0.0,60.0,8.0,35.4,1.0,0.7333333333333333,0.0,0.0,60.0,9.0,36.2,0.7,0.8,0.0,0.0,80.0,3.0,35.3,0.2,0.625,-2.5,6.0,0.0,0.0,0.0,8,10,7.1,4.0,1304,1167,1503,0.0,0.0,50.0,2.0,35.5,0.1,0.3125,0.0,0.0,100.0,5.0,35.8,0.4,0.625,-1.3,0.4,57.0,15.0,11.0,15.0,462.0,0.2,0.06666666666666667,-0.1875,0.0625,0.1875,-0.009999999999999431,0.0,-0.516600000000004,-0.4831999999999965,-0.6166000000000054,0.04079999999999728,-0.11660000000000537,0.16724067819894908,0.3261901286060033,3.0,4.0,0.25,0.0,0.16666666666666666,0.0,,0.013993316624895585,-0.034969779203157775
239,202310020409,4,0,2,14,0,2,2,11,0,0,0,0,1,0,0,7,0,0,1,2,0,0,0,0,0,0,0,1,0,0,1,0,0,0,0,0,0.0,0.0,90.0,9.0,37.9,0.8,1.0,0.0,0.0,60.0,1.0,38.0,0.0,0.7333333333333333,0.0,0.0,50.0,6.0,38.6,2.6,0.9375,-1.5,10.0,100.0,0.0,0.12,4,4,21.1,8.0,1222,1014,1328,0.0,0.0,40.0,2.0,37.6,0.0,0.75,0.0,0.0,60.0,11.0,39.4,3.9,1.0,0.5,0.4,57.0,252.0,11.0,13.0,474.0,-0.3076923076923077,-0.13333333333333333,-0.3125,-0.16666666666666666,-0.26666666666666666,-0.2600000000000001,0.0,-1.3177999999999983,-0.4187000000000012,-1.0259,-1.7288999999999959,0.36129999999999995,0.11868492368919951,0.638748776906852,3.0,0.0,,0.1111111111111111,0.2222222222222222,0.0,,0.0430622009569378,0.05258583224684918
240,202310020409,0,0,0,8,0,0,0,1,0,0,0,0,0,0,0,3,0,0,0,0,0,0,0,0,0,0,0,1,0,0,0,0,0,0,0,0,0.0,0.0,140.0,12.0,35.9,1.3,0.8,0.0,0.0,130.0,13.0,38.0,1.9,1.0,0.0,0.0,90.0,14.0,41.2,2.2,1.0,1.0,-6.0,0.0,0.08333333333333333,0.16666666666666666,7,9,107.9,11.0,1463,1331,1167,0.0,0.0,70.0,7.0,37.5,1.2,0.9285714285714286,0.0,0.0,50.0,1.0,38.0,0.0,0.7857142857142857,-2.8,0.2,57.0,15.0,11.0,15.0,534.0,-0.26666666666666666,-0.125,-0.375,-0.2857142857142857,-0.5714285714285714,-0.3700000000000003,0.0,-0.016600000000003945,-1.2764000000000024,1.0748999999999995,-1.8926000000000016,-1.3926000000000016,0.09363411204670821,1.722091751330342,0.0,1.0,0.0,0.2222222222222222,0.3333333333333333,0.0,,-0.14814814814814814,
241,202310020409,0,0,0,3,1,0,0,9,0,0,0,0,0,0,0,2,0,0,0,2,0,0,0,0,0,0,0,0,0,0,0,1,0,0,0,0,0.0,0.0,90.0,12.0,36.8,1.7,1.0,0.0,0.0,20.0,8.0,37.1,1.5,0.8571428571428571,0.0,0.0,5.0,3.0,33.9,0.3,0.9,-4.5,2.0,-400.0,0.075,0.2375,7,8,6.3,3.0,1460,1599,1345,0.0,0.0,5.0,4.0,35.0,0.3,0.6666666666666666,0.0,0.0,5.0,3.0,35.5,0.8,0.45454545454545453,-2.2,0.4,58.0,-643.0,11.0,12.0,478.0,-0.75,-0.21428571428571427,-0.7,-0.4444444444444444,0.0,0.4699999999999996,0.0,1.353199999999994,-0.859099999999998,-1.5468000000000046,-0.4468000000000032,-1.7053999999999974,0.19360910341057302,1.1774548823628022,0.0,0.0,,0.0,0.3333333333333333,0.0,,-0.2857142857142857,0.07758620689655171
242,202310020409,6,6,3,31,1,0,3,18,0,0,0,2,0,0,0,5,0,0,2,1,0,0,0,0,0,0,0,0,0,0,1,0,0,0,0,0,0.0,0.0,6.0,9.0,37.3,1.4,0.8181818181818182,0.0,0.0,2.0,7.0,39.5,1.8,0.875,0.0,0.0,1.0,10.0,35.9,0.8,0.5625,0.5,-8.0,0.0,0.0,0.0,8,11,9.9,6.0,1393,1294,1263,0.0,0.0,2.0,2.0,36.6,0.3,0.4375,0.0,0.0,6.0,3.0,35.1,0.2,0.8888888888888888,-1.7,0.4,58.0,0.0,11.0,11.0,438.0,-0.09090909090909091,0.0,-0.3125,-0.3125,-0.6666666666666666,0.729999999999999,0.0,-0.04530000000000456,-0.12590000000000146,-0.9502999999999986,0.6833999999999989,-0.8166000000000011,0.18261234038400698,1.4998666607402136,0.0,3.0,0.6666666666666666,0.21052631578947367,0.47368421052631576,1.0,0.0,0.017334620956059865,0.04914611005692601
243,202310020409,4,0,2,14,0,0,0,2,0,0,0,0,1,0,0,7,0,0,0,1,0,0,0,0,0,0,0,1,0,0,0,1,0,0,0,0,0.0,0.0,8.0,3.0,39.4,0.2,0.6666666666666666,0.0,0.0,14.0,15.0,36.2,2.0,0.7333333333333333,0.0,0.0,10.0,10.0,37.4,1.8,0.8181818181818182,3.5,6.0,600.0,0.13333333333333333,0.2,2,2,104.0,10.0,1222,695,1328,0.0,0.0,11.0,13.0,35.7,1.3,0.6666666666666666,0.0,0.0,12.0,9.0,35.8,1.4,0.75,1.0,0.2,58.0,-519.0,11.0,12.0,438.0,-0.16666666666666666,0.06666666666666667,0.09090909090909091,0.2,0.0,0.7700000000000002,0.0,1.7357000000000014,0.7408000000000001,0.05469999999999686,-0.21659999999999968,-0.23000000000000398,0.056856754583615256,1.3885243966167815,2.0,2.0,0.0,0.0,0.0,1.0,0.0,0.0430622009569378,
244,202310020409,0,0,0,7,1,0,3,18,0,0,0,0,0,0,0,2,0,0,2,1,0,0,0,0,0,0,0,1,0,0,1,0,0,0,0,0,0.0,0.0,2.0,3.0,38.0,1.5,0.8333333333333334,0.0,0.0,9.0,11.0,38.2,2.3,0.18181818181818182,0.0,0.0,10.0,9.0,13.6,2.0,0.18181818181818182,3.0,18.0,500.0,0.0,0.0,1,1,60.7,9.0,1482,1294,1263,0.0,0.0,14.0,9.0,37.3,1.1,0.75,0.0,0.0,14.0,11.0,13.6,4.8,0.14285714285714285,1.4,0.2,58.0,-310.0,11.0,6.0,474.0,0.0,0.8181818181818182,0.45454545454545453,0.0,0.6428571428571429,4.970000000000001,0.0,,0.8547000000000011,,-1.909400000000005,,0.30659193273697277,11.875622088968646,2.0,1.0,0.0,0.0,0.1,1.0,0.0,-0.045454545454545456,0.04914611005692601
245,202310020506,8,4,3,36,4,4,1,52,1,0,0,5,5,2,1,15,0,2,1,11,0,0,0,1,2,0,0,12,0,1,0,5,0,0,0,1,0.0,0.0,30.0,2.0,36.0,0.1,0.8235294117647058,0.0,0.0,40.0,2.0,35.7,0.2,0.7272727272727273,0.0,0.0,120.0,8.0,35.8,0.9,0.5555555555555556,3.0,2.0,0.0,0.18421052631578946,0.4473684210526316,6,9,4.0,3.0,1506,1263,199,0.0,0.0,40.0,9.0,37.2,2.1,0.9333333333333333,0.0,0.0,40.0,5.0,33.7,0.6,1.0,1.3000000000000003,0.4,56.0,7.0,13.0,17.0,466.0,-0.35294117647058826,-0.36363636363636365,0.16666666666666666,-0.2,0.0,0.30999999999999944,0.0,-0.6831999999999994,-1.6452999999999989,-0.23000000000000398,1.7408000000000001,-1.7591999999999999,0.15688127872649524,1.1267652816802616,0.0,2.0,1.0,0.0,0.23529411764705882,1.0,1.0,0.12481709101551067,-0.02761200676939521
246,202310020506,1,2,5,5,1,0,0,2,0,0,0,0,1,1,2,2,1,0,0,1,0,0,0,0,0,1,1,0,1,0,0,1,0,0,0,0,0.0,0.0,10.0,3.0,35.6,0.2,0.5625,,,,,,,,,,,,,,,,,200.0,0.11926605504587157,0.3669724770642202,8,13,3.9,2.0,1465,1506,1328,,,,,,,,,,,,,,,,1.0,56.0,34.0,13.0,16.0,422.0,-0.3125,,,,,,,0.1407999999999987,,,,,,,0.0,0.0,,0.08333333333333333,0.3333333333333333,0.0,,0.40392706872370265,0.1333333333333333
247,202310020506,8,4,3,36,3,3,5,32,0,0,0,0,5,2,1,15,2,0,1,9,0,0,0,0,2,0,0,12,1,0,0,6,0,0,0,0,0.0,0.0,4.0,10.0,39.4,3.2,0.6666666666666666,0.0,0.0,3.0,6.0,37.3,1.1,0.6111111111111112,0.0,0.0,4.0,3.0,36.9,0.3,0.46153846153846156,-3.5,-2.0,200.0,0.014705882352941176,0.1323529411764706,7,10,4.7,4.0,1506,1183,199,0.0,0.0,3.0,3.0,35.3,0.1,0.5714285714285714,0.0,0.0,1.0,7.0,34.7,0.8,0.8,-0.9000000000000001,0.4,54.0,-50.0,13.0,15.0,452.0,0.0,-0.1111111111111111,-0.07692307692307693,-0.07142857142857142,0.1,1.1399999999999992,0.0,-0.14670000000000272,-0.04530000000000456,0.7342000000000013,-0.15920000000000556,-1.2165999999999997,0.1114476942578315,1.6521501142450696,0.0,3.0,0.3333333333333333,0.08333333333333333,0.25,0.0,,0.12481709101551067,0.025988173046996577
248,202310020506,1,1,0,8,4,1,5,39,0,0,0,0,0,0,0,0,1,0,1,8,0,0,0,0,0,0,0,0,0,0,1,4,0,0,0,0,0.0,0.0,30.0,2.0,35.4,0.3,0.7692307692307693,0.0,0.0,20.0,4.0,35.2,0.7,0.8125,0.0,0.0,30.0,3.0,33.8,0.2,0.75,0.5,2.0,0.0,0.07407407407407407,0.25925925925925924,4,4,3.8,1.0,1601,1428,239,0.0,0.0,50.0,6.0,34.1,0.1,0.875,,,,,,,,1.1,0.5,53.0,13.0,13.0,13.0,432.0,-0.07692307692307693,-0.1875,0.0,-0.125,,0.5299999999999997,0.0,-1.2832000000000008,0.12530000000000285,-1.6592000000000056,-3.3677999999999955,,0.04800174410508619,0.6869315832017051,0.0,1.0,1.0,0.0,0.2,1.0,1.0,-0.11428571428571427,-0.04903742873667685
249,202310020506,1,2,2,12,3,4,4,40,0,0,0,0,0,1,0,3,2,0,1,12,0,0,0,0,0,1,0,2,1,0,1,6,0,0,0,0,0.0,0.0,80.0,7.0,36.5,1.6,0.07692307692307693,0.0,0.0,100.0,5.0,35.7,1.3,0.6666666666666666,,,,,,,,-2.0,0.0,-200.0,0.0,0.043478260869565216,5,7,25.8,6.0,1463,1405,1167,,,,,,,,,,,,,,,-2.0,0.0,53.0,21.0,13.0,13.0,450.0,0.0,-0.08333333333333333,,,,0.7999999999999972,0.0,0.46999999999999886,-1.6452999999999989,,,,0.2948717948717948,0.3999999999999986,-1.0,1.0,0.0,0.1,0.2,0.0,,-0.14814814814814814,-0.00637555635751233
250,202310020506,0,0,0,6,0,2,0,8,0,0,0,0,0,0,0,3,0,0,0,0,0,0,0,0,0,0,0,2,0,0,0,0,0,0,0,0,0.0,0.0,4.0,12.0,41.6,3.1,0.5,0.0,0.0,12.0,6.0,37.7,1.3,0.46153846153846156,0.0,0.0,14.0,14.0,37.1,3.2,0.9375,1.0,-6.0,600.0,0.058823529411764705,0.17647058823529413,2,2,198.6,12.0,1581,1708,1167,,,,,,,,,,,,,,,1.0,0.0,56.0,-304.0,13.0,12.0,506.0,0.4166666666666667,0.07692307692307693,-0.0625,,,2.25,0.0,3.4462000000000046,1.5342000000000056,1.183399999999999,,,0.2158767462222375,1.994993734326,0.0,2.0,0.0,0.05263157894736842,0.3157894736842105,0.0,,-0.2222222222222222,-0.21851851851851853
251,202310020506,0,0,0,0,0,0,0,2,0,0,0,0,0,0,0,0,0,0,0,1,0,0,0,0,0,0,0,0,0,0,0,1,0,0,0,0,0.0,0.0,6.0,6.0,42.3,1.8,0.625,0.0,0.0,11.0,7.0,37.3,1.3,0.7692307692307693,0.0,0.0,11.0,12.0,38.9,2.2,0.875,3.0,27.0,600.0,0.0,0.0,7,11,96.3,11.0,1600,697,680,0.0,0.0,13.0,12.0,35.0,2.3,0.9333333333333333,0.0,0.0,10.0,8.0,35.3,1.5,0.7692307692307693,0.9,0.0,50.0,-510.0,13.0,8.0,443.0,0.25,0.07692307692307693,0.0,0.0,-0.15384615384615385,1.6299999999999997,0.0,4.020499999999998,1.1341999999999999,-0.30940000000000367,-0.07469999999999999,-0.15920000000000556,0.10560507852430638,2.6755186413105028,-4.0,1.0,0.0,0.0,0.3333333333333333,0.0,,,
252,202310020506,0,0,1,4,0,0,0,0,0,0,0,0,0,0,0,0,0,0,0,0,0,0,0,0,0,0,0,0,0,0,0,0,0,0,0,0,0.0,0.0,3.0,3.0,39.9,0.2,0.7272727272727273,0.0,0.0,9.0,9.0,39.6,2.5,0.9285714285714286,0.0,0.0,8.0,8.0,37.1,1.4,1.0,2.5,42.0,600.0,0.0,0.07692307692307693,1,1,57.8,8.0,1467,1489,336,0.0,0.0,8.0,5.0,40.0,1.8,1.0,0.0,0.0,9.0,8.0,40.0,3.3,0.6153846153846154,0.6,0.2,56.0,-505.0,13.0,11.0,536.0,-0.2727272727272727,-0.07142857142857142,-0.07692307692307693,-0.1,0.07692307692307693,-0.060000000000000143,0.0,1.7462000000000018,0.2711000000000041,0.9342000000000041,0.37409999999999854,0.7822000000000031,0.15568538750407993,1.1196428001822718,0.0,1.0,0.0,0.0,0.2608695652173913,0.0,,0.009523809523809545,
253,202310020506,1,2,0,2,2,0,1,20,0,0,0,0,0,2,0,0,0,0,0,6,0,0,0,0,0,2,0,0,0,0,0,2,0,0,0,0,0.0,0.0,70.0,5.0,35.4,0.5,0.3125,,,,,,,,,,,,,,,,,0.0,0.08139534883720931,0.32558139534883723,6,8,6.8,5.0,1089,1306,1428,,,,,,,,,,,,,,,,0.0,56.0,20.0,13.0,16.0,490.0,0.1875,,,,,,,-0.516600000000004,,,,,,,0.0,1.0,0.0,0.0,0.0,0.0,,0.07331378299120234,-0.08806818181818182
254,202310020506,0,2,4,21,5,3,5,67,0,0,0,0,0,1,1,4,1,1,0,24,0,0,0,0,0,1,1,2,1,1,0,16,0,0,0,0,0.0,0.0,2.0,8.0,42.5,2.5,0.7,0.0,0.0,7.0,11.0,38.9,1.8,0.8,0.0,0.0,10.0,4.0,35.1,0.2,0.8571428571428571,-2.0,2.0,600.0,0.10714285714285714,0.2857142857142857,3,3,29.8,7.0,1657,1167,1317,0.0,0.0,6.0,11.0,37.2,1.2,0.2857142857142857,0.0,0.0,14.0,5.0,36.1,0.5,0.375,-0.6,0.0,53.0,-434.0,13.0,10.0,438.0,-0.1,0.06666666666666667,-0.07142857142857142,0.07142857142857142,0.0625,1.4499999999999993,0.0,4.220500000000001,1.5546999999999969,-0.3592000000000013,1.7408000000000001,0.6407999999999987,0.23041665897823854,2.596613178738796,-1.0,1.0,0.0,0.19047619047619047,0.42857142857142855,0.0,,-0.1385419032477856,-0.034969779203157775
255,202310020506,1,2,2,12,0,0,0,0,0,0,0,0,0,1,0,3,0,0,0,0,0,0,0,0,0,1,0,2,0,0,0,0,0,0,0,0,0.0,0.0,,,,,,0.0,0.0,100.0,13.0,40.0,4.5,1.0,0.0,0.0,90.0,11.0,39.5,3.6,0.08333333333333333,-2.0,,800.0,0.04411764705882353,0.17647058823529413,5,6,88.3,9.0,1463,302,1167,0.0,0.0,90.0,11.0,39.3,2.3,0.15384615384615385,0.0,0.0,100.0,14.0,42.6,5.9,0.875,0.3,0.0,56.0,-87.0,13.0,10.0,,,-0.07142857142857142,0.3333333333333333,0.15384615384615385,0.0,-0.7600000000000001,0.0,,0.6073999999999984,3.469999999999999,3.1342,3.0533,0.4125871232183115,1.3238202294873738,0.0,1.0,0.0,0.0,0.0,0.0,,-0.14814814814814814,
256,202310020506,5,1,0,11,0,0,0,1,0,0,0,0,1,1,0,8,0,0,0,1,0,0,0,0,0,1,0,4,0,0,0,1,0,0,0,0,0.0,0.0,70.0,8.0,40.4,2.1,0.6,0.0,0.0,100.0,12.0,39.1,2.5,0.3076923076923077,0.0,0.0,80.0,7.0,38.4,3.8,1.0,-0.5,19.0,300.0,0.07317073170731707,0.23170731707317074,4,5,89.7,10.0,1222,1327,1328,0.0,0.0,140.0,13.0,36.0,1.6,0.875,,,,,,,,1.0,0.0,56.0,-514.0,13.0,10.0,517.0,0.0,0.38461538461538464,0.0,0.0,,1.39,0.0,1.007399999999997,2.934200000000004,2.483399999999996,0.9253,,0.2666718190916189,1.599023139294738,0.0,2.0,0.0,0.0,0.0,0.0,,0.0430622009569378,
257,202310020506,4,2,2,30,0,0,1,2,0,0,0,0,1,1,1,12,0,0,0,0,0,0,0,0,1,1,1,8,0,0,0,0,0,0,0,0,0.0,0.0,5.0,8.0,38.0,1.4,0.6,0.0,0.0,13.0,14.0,38.3,3.4,0.8571428571428571,0.0,0.0,13.0,13.0,39.2,3.1,0.6153846153846154,2.5,12.0,1150.0,0.05714285714285714,0.2,8,12,287.6,13.0,1098,779,1294,0.0,0.0,10.0,9.0,40.2,4.4,0.6153846153846154,,,,,,,,0.2,0.0,56.0,-470.0,13.0,10.0,448.0,0.1,-0.07142857142857142,0.3076923076923077,0.07692307692307693,,-0.7500000000000014,0.0,,2.3833999999999946,3.0342000000000056,0.5741000000000014,,0.10708930755353502,0.8584142356694715,0.0,2.0,0.0,0.08333333333333333,0.25,0.0,,-0.06047008547008548,-0.03529411764705881
258,202310020607,43,37,31,237,0,0,0,2,0,0,0,0,12,13,9,72,0,0,0,2,0,0,0,0,3,0,4,19,0,0,0,0,0,0,0,0,0.0,0.0,5.0,5.0,33.7,1.2,0.8888888888888888,0.0,0.0,6.0,3.0,33.4,0.3,1.0,0.0,0.0,10.0,10.0,37.1,2.1,0.8666666666666667,2.5,-4.0,0.0,0.2,0.45,8,12,16.5,6.0,1428,4,1263,0.0,0.0,6.0,1.0,36.8,0.0,0.7692307692307693,0.0,0.0,5.0,13.0,36.3,1.3,0.8666666666666667,1.4,0.4,55.0,-98.0,13.0,9.0,474.0,-0.3333333333333333,-0.375,-0.13333333333333333,-0.6923076923076923,0.0,-0.8599999999999988,0.0,-2.2165999999999997,-2.059200000000004,-0.2453000000000003,0.8833999999999946,0.38339999999999463,0.07360676615015922,1.5831613941730633,-1.0,4.0,0.25,0.125,0.25,3.0,0.3333333333333333,-0.032200811359026416,
259,202310020607,4,2,1,26,1,5,1,25,1,0,0,2,1,0,0,4,1,0,0,8,1,0,0,2,1,0,0,2,1,0,0,5,1,0,0,2,0.0,0.0,6.0,8.0,35.9,0.6,0.38461538461538464,0.0,0.0,3.0,1.0,37.6,0.0,0.4,0.0,0.0,7.0,8.0,37.5,1.1,0.5625,0.0,2.0,200.0,0.07142857142857142,0.2261904761904762,8,13,3.6,2.0,1733,1124,1428,0.0,0.0,5.0,2.0,35.8,0.3,0.8125,0.0,0.0,4.0,3.0,35.1,0.2,0.7777777777777778,-0.9,0.6,56.0,-350.0,13.0,13.0,426.0,-0.23076923076923078,-0.3333333333333333,-0.0625,-0.0625,0.0,0.33999999999999986,0.0,0.44079999999999586,1.4342000000000041,1.5833999999999975,0.34079999999999444,-0.8166000000000011,0.18098289841471643,0.9947864092356714,0.0,3.0,0.6666666666666666,,,2.0,0.5,-0.012121212121212116,-0.09875
260,202310020607,13,14,16,140,24,22,14,187,0,0,0,3,2,6,5,41,6,6,7,42,0,0,0,3,1,2,1,5,1,3,2,9,0,0,0,0,0.0,0.0,130.0,15.0,35.7,2.3,1.0,0.0,0.0,40.0,7.0,37.0,1.4,0.7857142857142857,0.0,0.0,11.0,4.0,35.8,0.4,0.9375,-5.5,-2.0,-200.0,0.0,0.0,6,9,158.7,10.0,1127,1428,1328,0.0,0.0,9.0,6.0,34.6,1.0,0.8333333333333334,0.0,0.0,8.0,8.0,35.4,1.3,0.8571428571428571,-1.5,0.0,52.0,-644.0,13.0,16.0,416.0,-0.0625,-0.14285714285714285,-0.0625,0.08333333333333333,-0.14285714285714285,0.3000000000000007,0.0,-0.3299999999999983,-0.9590999999999994,0.35319999999999396,-1.4299999999999997,-0.6300000000000026,0.07649678012579689,0.774596669241483,-4.0,0.0,,0.0,0.05,0.0,,0.021784079161128317,-0.04903742873667685
261,202310020607,10,11,4,100,19,17,14,192,0,1,0,3,3,2,1,29,4,5,2,38,0,1,0,1,0,1,0,8,1,1,1,14,0,1,0,0,0.0,0.0,70.0,6.0,34.6,0.6,0.5454545454545454,0.0,0.0,100.0,8.0,36.2,1.0,0.5714285714285714,0.0,0.0,130.0,15.0,39.8,2.3,0.5625,4.5,0.0,-400.0,0.0,0.11538461538461539,1,1,16.3,5.0,1736,1167,1482,0.0,0.0,120.0,4.0,34.3,0.2,0.7142857142857143,0.0,0.0,50.0,1.0,34.9,0.0,0.375,-1.4,0.2,56.0,-629.0,13.0,11.0,470.0,0.09090909090909091,0.0,-0.3125,0.0,0.0,0.13000000000000114,0.0,-0.8468000000000018,0.03420000000000556,0.1740999999999957,-1.1592000000000056,-1.016600000000004,0.10787139166379515,2.026425424238454,0.0,2.0,0.5,0.0,0.25,1.0,1.0,-0.033333333333333354,-0.034969779203157775
262,202310020607,4,3,3,26,19,17,14,192,2,0,0,3,1,0,1,11,4,5,2,38,0,0,0,1,1,0,0,1,1,1,1,14,0,0,0,1,0.0,0.0,7.0,8.0,37.1,2.7,0.3,0.0,0.0,12.0,13.0,37.4,2.9,0.21428571428571427,0.0,0.0,9.0,9.0,34.8,1.9,0.6666666666666666,0.5,-2.0,-200.0,0.0,0.0,6,8,1.9,1.0,1154,1167,1561,0.0,0.0,7.0,11.0,34.0,1.0,0.8333333333333334,0.0,0.0,4.0,5.0,34.5,0.2,0.38461538461538464,-0.8,0.0,52.0,-567.0,13.0,10.0,512.0,0.0,0.35714285714285715,0.1111111111111111,-0.25,0.38461538461538464,0.8600000000000001,0.0,0.8155000000000001,1.9407999999999959,-0.27470000000000283,-1.4592000000000027,-0.5747,0.2331484307718531,1.4065560778013797,-1.0,0.0,,0.05,0.3,0.0,,-0.0146198830409357,-0.034969779203157775
263,202310020607,43,37,31,237,0,3,1,25,0,2,0,4,12,13,9,72,0,0,0,7,0,0,0,1,3,0,4,19,0,0,0,2,0,0,0,1,0.0,0.0,8.0,6.0,35.7,1.4,0.7777777777777778,0.0,0.0,4.0,6.0,36.9,0.8,0.3076923076923077,0.0,0.0,10.0,8.0,34.6,1.1,0.6,1.0,10.0,0.0,0.0,0.1111111111111111,4,5,13.0,4.0,1428,1589,1263,0.0,0.0,6.0,8.0,36.4,0.6,0.6875,0.0,0.0,5.0,5.0,36.1,0.6,0.42857142857142855,0.0,0.0,52.0,-14.0,13.0,9.0,452.0,0.0,0.0,0.0,-0.125,-0.14285714285714285,-0.029999999999999714,0.0,-0.21659999999999968,0.983399999999996,-1.316600000000001,0.9407999999999959,0.6407999999999987,0.17100618481570037,0.7761443164772891,-1.0,3.0,0.0,0.2,0.3,3.0,0.0,-0.032200811359026416,0.3065134099616858
264,202310020607,4,3,3,26,6,7,10,13,0,0,1,0,1,0,1,11,0,4,4,2,0,0,1,0,1,0,0,1,0,0,0,0,0,0,0,0,0.0,0.0,10.0,10.0,37.4,1.7,0.2,0.0,0.0,8.0,10.0,36.6,0.9,0.5625,0.0,0.0,9.0,15.0,38.3,3.2,0.25,2.5,0.0,200.0,0.05405405405405406,0.13513513513513514,5,7,16.9,7.0,1154,939,1561,0.0,0.0,10.0,3.0,36.1,0.2,0.25,0.0,0.0,7.0,7.0,36.5,0.9,0.7692307692307693,-1.3,0.2,53.0,-329.0,13.0,15.0,468.0,0.06666666666666667,0.1875,0.1875,-0.125,-0.07692307692307693,0.2299999999999997,0.0,1.6625999999999976,1.1407999999999987,2.269999999999996,0.6407999999999987,0.5833999999999975,0.22250224385544984,0.7833262411026439,-3.0,1.0,0.0,0.11904761904761904,0.3333333333333333,1.0,0.0,-0.0146198830409357,-0.23888888888888882
265,202310020607,21,18,8,148,1,0,0,5,0,0,0,1,5,5,2,44,0,0,0,2,0,0,0,1,4,2,0,13,0,0,0,2,0,0,0,1,0.0,0.0,140.0,5.0,36.7,0.5,0.0625,0.0,0.0,140.0,9.0,35.9,1.1,0.375,0.0,0.0,160.0,12.0,35.0,1.3,0.4375,3.5,4.0,200.0,0.0,0.0,4,4,26.7,8.0,1098,1673,1294,0.0,0.0,90.0,8.0,35.9,0.4,0.4375,0.0,0.0,80.0,7.0,35.2,1.0,0.45454545454545453,0.3,0.0,52.0,8.0,13.0,16.0,476.0,0.0,0.3125,0.125,0.0,0.18181818181818182,0.3,0.0,0.36830000000000496,0.44079999999999586,-0.07469999999999999,-0.016600000000003945,-0.7165999999999997,0.147963098482009,0.6019966777316967,-2.0,2.0,0.0,0.0,0.0,2.0,0.0,-0.06047008547008548,-0.16666666666666666
266,202310020607,2,2,0,17,17,9,15,129,0,0,0,0,0,0,0,1,6,5,4,27,0,0,0,0,0,0,0,0,2,2,0,4,0,0,0,0,0.0,0.0,1.0,7.0,35.0,0.8,0.75,0.0,0.0,8.0,5.0,33.7,0.4,0.7222222222222222,0.0,0.0,6.0,11.0,34.6,0.9,0.5555555555555556,2.0,0.0,800.0,0.11818181818181818,0.37272727272727274,7,11,8.5,3.0,1467,1294,336,0.0,0.0,3.0,3.0,34.2,0.2,0.6923076923076923,0.0,0.0,8.0,2.0,33.4,0.6,0.2857142857142857,-1.2,0.4,55.0,-622.0,13.0,16.0,468.0,0.0,-0.05555555555555555,-0.05555555555555555,0.0,0.07142857142857142,0.2700000000000003,0.0,-0.153100000000002,-1.4530999999999992,-0.7653999999999996,-1.1653999999999982,-1.7531000000000034,0.17129102316040934,0.5810335618533582,2.0,0.0,,0.0625,0.1875,0.0,,0.009523809523809545,0.04914611005692601
267,202310020607,5,8,8,56,18,9,7,155,1,0,1,2,2,3,4,21,2,0,0,42,0,0,0,0,0,1,1,7,1,0,0,6,0,0,0,0,0.0,0.0,90.0,11.0,39.8,1.8,0.8181818181818182,0.0,0.0,160.0,14.0,40.5,3.5,0.125,0.0,0.0,150.0,10.0,36.6,2.7,0.6,-0.5,-10.0,500.0,0.058823529411764705,0.11764705882352941,3,3,293.4,12.0,1222,1183,1328,0.0,0.0,120.0,10.0,37.6,1.7,0.38461538461538464,0.0,0.0,60.0,9.0,36.3,4.3,1.0,-0.8,0.0,56.0,-324.0,13.0,11.0,440.0,0.18181818181818182,0.4375,0.13333333333333333,0.3076923076923077,0.0,0.9899999999999999,0.0,,4.762599999999999,0.43420000000000414,1.683399999999999,0.38339999999999463,0.30937879356695447,1.6954055562018189,2.0,3.0,0.0,0.0,0.0,2.0,0.0,0.0430622009569378,0.025988173046996577
268,202310020607,0,2,3,25,8,7,6,95,0,0,0,0,0,0,0,3,3,1,2,25,0,0,0,0,0,0,0,0,0,0,1,7,0,0,0,0,0.0,0.0,10.0,10.0,38.1,0.0,0.7777777777777778,0.0,0.0,90.0,100.0,13.8,6.5,0.8181818181818182,0.0,0.0,100.0,110.0,13.5,5.4,1.0,50.0,10.0,600.0,0.0,0.13793103448275862,2,2,267.9,11.0,1441,1618,1167,0.0,0.0,110.0,110.0,38.9,2.9,0.5384615384615384,0.0,0.0,120.0,100.0,13.8,4.5,0.9166666666666666,19.0,0.0,56.0,-402.0,13.0,9.0,506.0,-0.5555555555555556,0.0,-0.2727272727272727,0.46153846153846156,-0.08333333333333333,2.3500000000000005,0.0,-0.05379999999999541,,,2.983399999999996,,0.15640709124838914,12.152596430392972,2.0,1.0,0.0,0.0,0.1111111111111111,1.0,0.0,0.06410256410256412,0.014617691154422796
269,202310020607,16,17,13,134,7,4,6,23,0,1,1,2,5,4,3,33,2,1,2,3,0,0,0,1,3,3,2,8,0,0,2,0,0,0,0,0,0.0,0.0,50.0,10.0,40.9,2.7,0.08333333333333333,0.0,0.0,80.0,14.0,38.9,2.9,0.4666666666666667,0.0,0.0,100.0,13.0,40.8,3.1,0.0625,1.5,-6.0,200.0,0.12195121951219512,0.24390243902439024,7,10,47.0,9.0,1152,1542,1428,0.0,0.0,50.0,12.0,40.0,3.1,0.06666666666666667,0.0,0.0,50.0,5.0,36.2,0.7,0.15384615384615385,-1.2,0.0,55.0,78.0,13.0,12.0,510.0,0.0,0.0,0.0,0.06666666666666667,0.0,0.829999999999999,0.0,1.2740999999999971,0.988900000000001,3.1357,2.6546999999999983,0.2834000000000003,0.15359653895330858,1.7350504315437043,5.0,2.0,0.0,0.07692307692307693,0.23076923076923078,1.0,0.0,0.0008547008547008517,-0.33804347826086956
270,202310020607,0,0,3,26,6,9,4,54,0,0,0,0,0,0,0,1,0,0,1,11,0,0,0,0,0,0,0,0,0,0,0,1,0,0,0,0,0.0,0.0,180.0,16.0,35.6,1.7,0.5555555555555556,0.0,0.0,130.0,15.0,38.3,1.5,0.3125,0.0,0.0,150.0,15.0,37.4,1.4,0.125,-0.5,2.0,800.0,0.07894736842105263,0.18421052631578946,5,6,296.7,13.0,1401,1482,517,0.0,0.0,160.0,15.0,35.9,1.7,0.875,0.0,0.0,100.0,14.0,34.2,1.8,0.5,-0.4,0.0,55.0,14.0,13.0,18.0,436.0,0.05555555555555555,0.0,0.0,-0.0625,,0.5199999999999996,0.0,-0.21620000000000061,0.4766999999999939,1.3051999999999992,0.7468999999999966,0.6566000000000045,0.2514003987543122,1.4330387294138267,-1.0,0.0,,0.0,0.5,0.0,,0.039408866995073885,-0.1491628614916286
271,202310020610,22,21,21,170,6,2,2,2,2,2,2,1,10,9,9,78,2,1,0,0,0,1,0,0,0,1,1,13,0,1,0,0,0,1,0,0,0.0,0.0,16.0,18.0,36.9,3.1,0.8888888888888888,0.0,0.0,9.0,7.0,34.2,1.5,1.0,0.0,0.0,11.0,15.0,34.6,2.1,1.0,-1.5,2.0,200.0,0.1,0.225,5,10,7.7,3.0,1503,377,1263,0.0,0.0,11.0,10.0,34.5,0.6,0.9375,0.0,0.0,4.0,4.0,37.5,0.2,0.7777777777777778,-2.5,0.0,58.0,-609.0,18.0,18.0,438.0,0.0,0.0,0.0,0.0,-0.2222222222222222,-0.15,0.0,1.4407999999999959,-1.7165999999999997,-0.8592000000000013,-1.4166000000000025,0.15469999999999828,0.08282250842153097,1.374918179383776,1.0,3.0,0.0,0.10526315789473684,0.3157894736842105,2.0,0.0,-0.023504273504273532,
272,202310020610,20,12,17,141,0,2,0,10,0,1,0,0,0,1,0,12,0,1,0,0,0,1,0,0,0,0,0,1,0,0,0,0,0,0,0,0,0.0,0.0,10.0,2.0,34.4,0.0,0.2222222222222222,0.0,0.0,40.0,3.0,34.4,0.1,0.42857142857142855,0.0,0.0,10.0,1.0,34.3,0.0,0.2727272727272727,-0.5,0.0,-200.0,0.045454545454545456,0.22727272727272727,5,9,1.7,1.0,1393,707,1263,0.0,0.0,20.0,2.0,36.8,0.1,0.3333333333333333,0.0,0.0,100.0,10.0,38.0,2.8,0.3333333333333333,1.5,0.8,57.0,29.0,18.0,9.0,522.0,0.0,-0.07142857142857142,0.0,-0.13333333333333333,0.16666666666666666,-0.9600000000000002,0.0,-1.6300000000000026,-1.6300000000000026,-1.730000000000004,0.8833999999999946,1.9699999999999989,0.06916539387770908,1.534144712861209,0.0,1.0,1.0,0.16666666666666666,0.3888888888888889,1.0,1.0,0.017334620956059865,
273,202310020610,22,21,21,170,0,2,2,8,0,2,2,2,10,9,9,78,0,1,2,4,0,1,2,1,0,1,1,13,0,0,0,0,0,0,0,0,0.0,0.0,3.0,5.0,39.2,1.0,0.36363636363636365,0.0,0.0,13.0,12.0,34.6,1.3,0.5384615384615384,0.0,0.0,11.0,14.0,35.0,1.1,0.9375,4.5,-7.0,600.0,0.014492753623188406,0.14492753623188406,4,8,45.4,13.0,1503,880,1263,0.0,0.0,17.0,8.0,33.3,0.9,0.9411764705882353,0.0,0.0,10.0,9.0,34.5,1.0,0.9166666666666666,0.4,0.0,58.0,-494.0,18.0,11.0,515.0,0.18181818181818182,0.15384615384615385,0.0,-0.11764705882352941,-0.08333333333333333,1.070000000000001,0.0,0.9205000000000041,-0.6633999999999958,-0.07469999999999999,-1.7747000000000028,-0.7633999999999972,0.24205592826026007,2.0212867188996237,1.0,0.0,,0.06976744186046512,0.2558139534883721,0.0,,-0.023504273504273532,
274,202310020610,0,1,0,20,0,1,0,8,0,1,0,4,0,1,0,4,0,1,0,2,0,1,0,2,0,0,0,0,0,0,0,0,0,0,0,0,0.0,0.0,9.0,9.0,34.7,0.9,0.7272727272727273,0.0,0.0,7.0,6.0,36.9,0.7,0.75,0.0,0.0,10.0,6.0,35.9,0.9,0.21428571428571427,-1.5,-2.0,0.0,0.07228915662650602,0.2289156626506024,3,6,31.7,8.0,1059,1210,1482,0.0,0.0,8.0,11.0,36.7,0.8,0.7142857142857143,0.0,0.0,7.0,4.0,35.4,0.6,0.38461538461538464,-0.5,0.0,56.0,-210.0,18.0,11.0,454.0,-0.09090909090909091,-0.16666666666666666,0.07142857142857142,0.07142857142857142,0.0,-0.11999999999999958,0.0,-1.2165999999999997,0.983399999999996,-1.0412999999999997,-0.15029999999999433,-0.516600000000004,0.2182403141075493,0.8158431221748451,0.0,3.0,0.0,0.23076923076923078,0.46153846153846156,3.0,0.0,0.05764411027568922,
275,202310020610,2,3,6,71,9,17,7,130,0,1,0,3,0,0,3,17,2,2,2,27,0,0,0,0,0,0,0,1,0,0,0,3,0,0,0,0,0.0,0.0,8.0,3.0,32.9,0.7,1.0,0.0,0.0,8.0,8.0,34.2,1.0,0.6,0.0,0.0,10.0,7.0,36.9,1.3,0.5555555555555556,2.0,6.0,0.0,0.04,0.12,8,16,28.0,7.0,1489,1405,565,0.0,0.0,4.0,3.0,37.1,0.4,0.375,0.0,0.0,5.0,4.0,34.0,0.3,0.6,-0.3,0.4,58.0,-230.0,18.0,8.0,468.0,0.0,0.2,-0.05555555555555555,-0.125,0.0,-0.5100000000000001,0.0,-3.016600000000004,-1.7165999999999997,0.983399999999996,1.183399999999999,-1.9166000000000025,0.20454405785780788,1.6773789077009404,0.0,5.0,0.4,0.08108108108108109,0.1891891891891892,5.0,0.4,0.019699812382739212,-0.00637555635751233
276,202310020610,8,8,8,109,0,0,1,24,0,0,0,3,2,1,2,32,0,0,0,1,0,0,0,0,0,0,0,1,0,0,0,0,0,0,0,0,0.0,0.0,8.0,8.0,37.8,0.8,0.9166666666666666,0.0,0.0,11.0,,,,1.0,0.0,0.0,13.0,13.0,35.9,1.8,0.3076923076923077,5.0,10.0,200.0,0.0,0.13333333333333333,8,18,44.8,12.0,1304,1417,1503,0.0,0.0,13.0,11.0,34.8,0.9,0.7692307692307693,0.0,0.0,16.0,10.0,35.3,0.8,0.6875,0.4,0.0,58.0,-604.0,18.0,12.0,494.0,0.0,0.0,0.3076923076923077,0.15384615384615385,-0.125,0.8600000000000001,0.0,-1.7467000000000041,,-0.016600000000003945,-0.6592000000000056,0.22529999999999717,0.24051620330024984,1.1368817000902072,2.0,1.0,0.0,0.0,0.0,1.0,0.0,0.013993316624895585,-0.04
277,202310020610,2,4,2,76,1,1,0,20,0,0,0,1,0,0,0,10,0,1,0,5,0,0,0,0,0,0,0,0,0,0,0,0,0,0,0,0,0.0,0.0,20.0,1.0,34.9,0.0,0.2222222222222222,0.0,0.0,50.0,3.0,34.7,0.1,0.4,0.0,0.0,40.0,5.0,36.8,0.3,0.125,2.0,10.0,0.0,0.20512820512820512,0.46153846153846156,3,5,15.9,6.0,1036,1442,1108,0.0,0.0,30.0,1.0,36.0,0.0,0.0625,0.0,0.0,20.0,4.0,35.7,0.2,0.1875,0.4,0.6,57.0,21.0,18.0,9.0,456.0,0.0,0.0,-0.0625,0.0,0.25,-0.2900000000000006,0.0,-1.016600000000004,-1.631699999999995,0.8833999999999946,-0.6831999999999994,-0.21659999999999968,0.11417511458336033,0.7626270385975035,0.0,4.0,0.5,0.0,0.2727272727272727,3.0,0.3333333333333333,0.12698412698412698,-0.007575757575757583
278,202310020610,21,18,8,148,2,2,4,21,1,0,0,2,5,5,2,44,1,0,0,9,1,0,0,2,0,1,0,4,0,0,0,3,0,0,0,0,0.0,0.0,140.0,13.0,35.1,0.9,0.9375,0.0,0.0,130.0,7.0,34.8,0.6,0.9285714285714286,0.0,0.0,7.0,6.0,34.2,0.8,1.0,-3.5,0.0,0.0,0.11711711711711711,0.36936936936936937,4,7,12.7,4.0,1098,1433,1294,0.0,0.0,9.0,10.0,36.4,1.7,0.18181818181818182,0.0,0.0,5.0,12.0,36.8,1.0,0.7777777777777778,0.1,0.0,56.0,-651.0,18.0,16.0,464.0,-0.0625,-0.07142857142857142,-0.125,0.0,-0.05555555555555555,-0.4999999999999993,0.0,-0.8166000000000011,-1.1166000000000054,-1.7165999999999997,0.48339999999999606,0.8833999999999946,0.30066628604693757,0.9830564581955591,0.0,5.0,0.0,0.10714285714285714,0.17857142857142858,5.0,0.0,-0.06047008547008548,0.22413793103448276
279,202310020610,7,10,5,79,6,5,4,42,4,2,3,16,1,2,0,23,0,1,0,5,0,1,0,1,0,0,0,0,0,0,0,0,0,0,0,0,0.0,0.0,11.0,7.0,35.3,0.5,0.6875,0.0,0.0,5.0,3.0,35.9,0.3,0.2222222222222222,0.0,0.0,11.0,12.0,35.3,1.6,0.6,2.5,-2.0,200.0,0.043478260869565216,0.17391304347826086,1,2,39.0,11.0,1317,1713,1186,0.0,0.0,6.0,3.0,33.4,0.1,0.2222222222222222,0.0,0.0,10.0,4.0,35.4,0.4,0.4666666666666667,-0.6,0.4,56.0,-266.0,18.0,16.0,470.0,0.125,-0.1111111111111111,0.06666666666666667,0.0,0.13333333333333333,0.2299999999999997,0.0,-0.15920000000000556,-1.4453000000000031,-0.6166000000000054,-2.059200000000004,-0.05920000000000414,0.19100853190174324,0.8593020423576333,0.0,2.0,0.5,0.0,0.0,1.0,0.0,0.08726296358449406,0.04118993135011445
280,202310020610,16,17,13,134,17,9,15,129,0,1,0,7,5,4,3,33,6,5,4,27,0,1,0,2,1,0,1,2,0,1,0,2,0,0,0,0,0.0,0.0,8.0,10.0,34.8,1.7,0.9166666666666666,0.0,0.0,14.0,11.0,36.0,1.0,0.9285714285714286,0.0,0.0,7.0,11.0,35.4,1.2,0.8125,0.5,0.0,0.0,0.05263157894736842,0.13157894736842105,1,1,15.9,5.0,1152,1294,1428,0.0,0.0,6.0,9.0,36.0,1.5,0.8125,0.0,0.0,5.0,1.0,33.8,0.0,0.8666666666666667,-2.0,0.2,56.0,-349.0,18.0,12.0,450.0,0.0,-0.07142857142857142,-0.0625,-0.3125,-0.06666666666666667,0.2,0.0,-1.1166000000000054,0.08339999999999748,-0.7657999999999987,0.08339999999999748,-2.1166000000000054,0.04939170797134404,0.82945765413311,0.0,5.0,0.2,0.14285714285714285,0.42857142857142855,4.0,0.25,0.0008547008547008517,0.04914611005692601
281,202310020610,5,8,8,56,6,5,4,42,0,1,0,5,2,3,4,21,0,1,0,5,0,0,0,1,0,1,1,0,0,0,0,0,0,0,0,0,0.0,0.0,10.0,8.0,34.3,0.7,0.7272727272727273,0.0,0.0,8.0,9.0,34.3,0.9,0.3,0.0,0.0,14.0,7.0,34.3,0.5,0.7333333333333333,-0.5,8.0,0.0,0.0,0.047619047619047616,7,14,199.9,16.0,1222,1713,1328,0.0,0.0,8.0,7.0,33.7,0.6,0.5,0.0,0.0,11.0,6.0,33.7,1.0,0.8333333333333334,-0.6,0.0,56.0,-273.0,18.0,11.0,444.0,0.0,-0.1,0.06666666666666667,0.125,0.0,0.1799999999999983,0.0,-1.6166000000000054,-1.6166000000000054,-1.6166000000000054,-1.7591999999999999,-1.7591999999999999,0.1932126535105401,0.2939387691339786,4.0,3.0,0.0,0.0,0.0,3.0,0.0,0.0430622009569378,0.04118993135011445
282,202310020610,5,8,8,56,6,5,4,42,0,1,0,5,2,3,4,21,0,1,0,5,0,0,0,1,0,1,1,0,0,0,0,0,0,0,0,0,0.0,0.0,70.0,10.0,36.3,0.8,0.46153846153846156,0.0,0.0,60.0,5.0,37.0,0.4,0.5625,0.0,0.0,50.0,1.0,36.6,0.0,0.4,-4.5,4.0,-600.0,0.058823529411764705,0.23529411764705882,8,17,35.0,10.0,1222,1713,1328,0.0,0.0,60.0,4.0,37.2,0.4,0.1875,0.0,0.0,50.0,11.0,36.5,1.1,0.6666666666666666,0.1,0.2,57.0,35.0,18.0,13.0,486.0,-0.3076923076923077,-0.25,-0.13333333333333333,-0.0625,0.16666666666666666,-0.06000000000000085,0.0,-0.6413000000000011,1.1982,-0.34129999999999683,0.2587000000000046,0.46999999999999886,0.1618523862584086,0.3310589071449384,0.0,0.0,,0.0,0.06666666666666667,0.0,,0.0430622009569378,0.04118993135011445
283,202310020610,19,13,7,80,4,5,3,58,1,0,0,0,7,0,5,9,2,1,2,16,1,0,0,0,0,0,0,0,0,1,1,0,0,0,0,0,0.0,0.0,9.0,8.0,38.4,2.4,0.6,0.0,0.0,10.0,10.0,35.8,1.8,0.9166666666666666,0.0,0.0,8.0,8.0,35.1,0.9,0.9,0.0,6.0,0.0,0.0,0.0,2,4,95.6,14.0,1657,1376,1317,0.0,0.0,11.0,9.0,33.0,1.1,0.9230769230769231,0.0,0.0,10.0,9.0,41.6,2.3,0.6153846153846154,0.1,0.0,56.0,-329.0,18.0,10.0,482.0,-0.5,0.08333333333333333,-0.8,0.0,-0.46153846153846156,-0.3600000000000009,0.0,1.0546999999999969,0.35319999999999396,-0.8166000000000011,-2.9166000000000025,2.0533,0.1499594510171847,2.9640512816076585,0.0,3.0,0.0,0.14285714285714285,0.42857142857142855,2.0,0.0,-0.1385419032477856,0.21746031746031746
284,202310020610,0,0,0,0,5,6,8,35,0,0,0,0,0,0,0,0,0,2,1,4,0,0,0,0,0,0,0,0,0,0,0,2,0,0,0,0,0.0,0.0,40.0,1.0,35.0,0.0,0.1875,0.0,0.0,110.0,2.0,35.5,0.5,0.0625,0.0,0.0,50.0,13.0,41.6,4.5,0.42857142857142855,6.0,-4.0,200.0,0.17204301075268819,0.3655913978494624,6,11,7.5,2.0,631,1708,264,0.0,0.0,50.0,9.0,33.2,0.7,0.7777777777777778,0.0,0.0,20.0,9.0,34.2,0.5,0.45454545454545453,2.3,0.4,55.0,21.0,18.0,16.0,434.0,-0.0625,0.0,0.21428571428571427,0.0,0.0,0.3899999999999991,0.0,-0.4592000000000027,-0.8748999999999967,3.0224000000000046,-1.8746999999999971,-0.9064999999999941,0.24656931286495612,2.9543188724306653,0.0,0.0,,0.25925925925925924,0.37037037037037035,0.0,,,-0.21851851851851853
285,202310020610,1,4,3,32,6,10,7,73,0,0,0,2,1,0,1,10,0,0,0,15,0,0,0,0,0,0,1,1,0,0,0,0,0,0,0,0,0.0,0.0,5.0,9.0,41.8,3.1,0.9,0.0,0.0,8.0,6.0,34.6,1.2,0.4444444444444444,0.0,0.0,15.0,15.0,37.9,2.1,0.3888888888888889,3.0,5.0,600.0,0.0,0.0,6,12,190.9,15.0,1618,1306,1263,0.0,0.0,8.0,8.0,36.0,0.5,0.2222222222222222,0.0,0.0,13.0,11.0,37.0,1.7,0.14285714285714285,0.6,0.0,58.0,-119.0,18.0,10.0,479.0,0.1,0.2222222222222222,0.16666666666666666,0.2222222222222222,0.0,0.8199999999999996,0.0,4.1357,-1.316600000000001,1.983399999999996,0.26259999999999906,1.0833999999999975,0.26377609476278235,2.4311314238436377,2.0,3.0,0.0,0.16666666666666666,0.16666666666666666,3.0,0.0,-0.05185185185185187,-0.08806818181818182
286,202310020610,5,8,8,56,4,5,3,58,1,1,1,4,2,3,4,21,2,1,2,16,1,1,1,1,0,1,1,0,0,1,1,0,0,1,1,0,0.0,0.0,9.0,16.0,38.5,2.2,0.9444444444444444,0.0,0.0,8.0,8.0,34.2,1.1,0.7142857142857143,0.0,0.0,3.0,10.0,36.2,0.9,0.13333333333333333,-3.0,-2.0,0.0,0.06060606060606061,0.21212121212121213,7,15,34.6,9.0,1222,1376,1328,0.0,0.0,7.0,10.0,37.0,1.6,0.07142857142857142,0.0,0.0,3.0,3.0,36.6,0.5,0.7,-2.4,0.2,58.0,0.0,18.0,18.0,462.0,-0.6666666666666666,0.14285714285714285,0.0,0.0,-0.5,0.1,0.0,2.5833999999999975,-1.2591999999999999,0.4626000000000019,1.0833999999999975,-0.25029999999999575,0.3466297439491808,1.3885243966167813,0.0,2.0,0.0,0.19047619047619047,0.42857142857142855,2.0,0.0,0.0430622009569378,0.21746031746031746
287,202310020610,4,2,3,24,2,0,1,2,2,0,1,2,1,1,0,5,1,0,0,1,1,0,0,1,0,1,0,1,0,0,0,0,0,0,0,0,0.0,0.0,2.0,3.0,13.4,0.6,0.08333333333333333,0.0,0.0,7.0,2.0,13.5,0.6,0.1,0.0,0.0,17.0,17.0,38.4,2.7,0.3888888888888889,7.0,-2.0,-770.0,0.07692307692307693,0.1794871794871795,7,13,245.3,17.0,1655,1555,239,0.0,0.0,7.0,10.0,14.0,6.7,0.38461538461538464,0.0,0.0,8.0,9.0,13.6,4.7,0.8333333333333334,2.0,0.4,58.0,-56.0,18.0,12.0,470.0,0.0,0.0,0.4444444444444444,0.07692307692307693,0.08333333333333333,-0.08999999999999986,0.0,,,2.483399999999996,,,0.27188602460092065,9.912093623448074,-2.0,1.0,0.0,,,1.0,0.0,-0.0505050505050505,
288,202310020610,0,0,0,8,3,3,5,33,0,0,0,0,0,0,0,0,0,1,0,7,0,0,0,0,0,0,0,0,0,1,0,0,0,0,0,0,0.0,0.0,6.0,8.0,40.6,4.2,0.7,0.0,0.0,18.0,18.0,40.3,5.2,0.05555555555555555,0.0,0.0,15.0,14.0,39.6,2.7,0.13333333333333333,3.0,-3.0,300.0,0.0,0.0,2,3,389.4,18.0,1278,1032,625,0.0,0.0,16.0,15.0,40.2,2.7,0.1875,0.0,0.0,18.0,17.0,33.9,2.6,1.0,1.5,0.0,58.0,-518.0,18.0,10.0,479.0,0.1,0.9444444444444444,0.26666666666666666,0.375,,1.35,0.0,1.2073999999999998,4.383399999999995,0.39059999999999917,0.8074000000000012,0.35660000000000025,0.3697951551739469,2.530928683309746,1.0,1.0,0.0,0.0,0.0,1.0,0.0,,-0.0625
289,202310030110,0,2,1,0,0,0,0,0,0,0,0,0,0,1,0,0,0,0,0,0,0,0,0,0,0,0,0,0,0,0,0,0,0,0,0,0,0.0,0.0,20.0,1.0,34.9,0.0,0.125,0.0,0.0,70.0,1.0,36.1,0.0,0.05555555555555555,0.0,0.0,10.0,9.0,36.3,1.3,0.3076923076923077,4.0,4.0,0.0,0.23333333333333334,0.4166666666666667,6,7,3.7,3.0,1248,1426,1428,0.0,0.0,70.0,2.0,34.2,0.0,0.16666666666666666,,,,,,,,1.1,0.75,55.0,42.0,11.0,8.0,496.0,0.0,0.0,0.0,0.0,,0.18999999999999914,0.0,-2.445300000000003,0.1833999999999989,0.853199999999994,-1.7165999999999997,,0.09210794397144788,0.864219300872179,0.0,3.0,1.0,0.18181818181818182,0.2727272727272727,2.0,1.0,,
290,202310030110,8,8,8,109,0,0,1,13,0,0,0,0,2,1,2,32,0,0,0,2,0,0,0,0,0,0,0,1,0,0,0,0,0,0,0,0,0.0,0.0,10.0,6.0,36.2,0.9,0.75,0.0,0.0,10.0,3.0,34.9,0.6,0.5555555555555556,0.0,0.0,30.0,6.0,34.7,0.4,0.5,0.0,6.0,200.0,0.11607142857142858,0.36607142857142855,5,5,2.7,1.0,1304,1642,1503,0.0,0.0,10.0,1.0,34.7,0.0,0.8888888888888888,0.0,0.0,30.0,1.0,34.9,0.0,0.14285714285714285,-1.2,0.6,55.0,146.0,11.0,16.0,486.0,-0.125,0.2222222222222222,-0.05555555555555555,0.0,0.0,0.2800000000000004,0.0,-0.6502999999999943,-1.016600000000004,-1.2165999999999997,-2.645299999999999,-0.5592000000000041,0.2536207940620209,0.5670978751503136,-1.0,3.0,0.6666666666666666,0.1111111111111111,0.19444444444444445,2.0,0.5,0.013993316624895585,0.1285714285714286
291,202310030110,43,37,31,237,0,1,0,3,0,1,0,0,12,13,9,72,0,0,0,1,0,0,0,0,2,2,2,8,0,0,0,0,0,0,0,0,0.0,0.0,10.0,2.0,36.3,0.0,0.16666666666666666,0.0,0.0,10.0,1.0,33.2,0.0,0.2857142857142857,0.0,0.0,20.0,2.0,35.9,0.2,0.16666666666666666,0.0,4.0,0.0,0.2,0.4,7,9,3.5,2.0,1428,559,1263,0.0,0.0,10.0,2.0,36.8,0.1,0.2,0.0,0.0,10.0,1.0,35.5,0.0,0.2777777777777778,-0.1,1.0,58.0,27.0,11.0,18.0,438.0,0.0,-0.14285714285714285,0.0,-0.06666666666666667,0.05555555555555555,-0.2,0.0,0.38339999999999463,-2.8299999999999983,-0.016600000000003945,-0.1413000000000011,-0.5300000000000011,0.05242806923719907,1.246755790040694,2.0,2.0,1.0,0.16129032258064516,0.22580645161290322,2.0,1.0,-0.032200811359026416,
292,202310030110,13,11,16,68,1,3,0,6,0,0,0,0,4,4,9,26,1,2,0,3,0,0,0,0,1,0,1,0,0,0,0,0,0,0,0,0,0.0,0.0,10.0,1.0,33.7,0.0,0.5,0.0,0.0,20.0,6.0,33.9,0.6,0.4166666666666667,0.0,0.0,20.0,2.0,33.5,0.1,0.375,0.5,4.0,0.0,0.1702127659574468,0.3617021276595745,7,8,5.6,4.0,1463,259,1167,0.0,0.0,80.0,3.0,34.6,0.2,0.4166666666666667,0.0,0.0,80.0,2.0,35.2,0.0,0.6428571428571429,-0.1,0.8,55.0,69.0,11.0,10.0,460.0,-0.1,0.0,0.125,0.0,-0.35714285714285715,-0.3700000000000003,0.0,-2.2165999999999997,-2.016600000000004,-1.9468000000000032,-0.8468000000000018,-1.4831999999999965,0.09538678868576253,0.6305553108173787,0.0,3.0,0.6666666666666666,0.10714285714285714,0.21428571428571427,2.0,0.5,-0.14814814814814814,
293,202310030110,13,11,16,68,1,2,1,7,0,0,0,0,4,4,9,26,0,0,0,0,0,0,0,0,1,0,1,0,0,0,0,0,0,0,0,0,0.0,0.0,50.0,9.0,37.4,1.5,0.2727272727272727,0.0,0.0,30.0,3.0,33.9,0.1,0.18181818181818182,0.0,0.0,40.0,10.0,39.2,1.0,0.07692307692307693,0.5,2.0,-600.0,0.06382978723404255,0.14893617021276595,2,2,37.8,7.0,1463,548,1167,0.0,0.0,60.0,1.0,36.8,0.0,0.14285714285714285,0.0,0.0,90.0,12.0,35.6,0.9,0.75,0.4,0.4,58.0,27.0,11.0,11.0,492.0,0.09090909090909091,0.0,0.0,0.0,0.0625,0.06999999999999958,0.0,0.45870000000000033,-2.016600000000004,1.2409000000000034,-1.5606000000000009,-1.2502999999999957,0.241048797652628,1.77358394219163,0.0,1.0,1.0,0.07692307692307693,0.2692307692307692,1.0,1.0,-0.14814814814814814,-0.2727272727272727
294,202310030110,4,4,3,40,5,5,6,96,1,1,0,1,3,3,1,8,1,2,0,20,1,1,0,1,0,0,0,2,0,0,0,1,0,0,0,1,0.0,0.0,8.0,5.0,35.2,0.5,0.6923076923076923,0.0,0.0,5.0,7.0,35.0,0.7,0.8181818181818182,0.0,0.0,9.0,5.0,33.5,0.4,0.5,0.0,-10.0,200.0,0.1,0.2714285714285714,8,10,14.2,5.0,1396,1559,1556,0.0,0.0,5.0,7.0,34.5,0.8,0.6,0.0,0.0,4.0,4.0,34.3,0.3,0.375,-0.2,0.0,56.0,-183.0,11.0,13.0,424.0,-0.46153846153846156,0.0,0.08333333333333333,-0.1,0.0,0.23000000000000115,0.0,-0.2591999999999999,-0.07469999999999999,-1.9592000000000027,-1.4166000000000025,-1.6166000000000054,0.15277886305580937,0.5966573556070528,0.0,2.0,0.0,0.11764705882352941,0.4117647058823529,2.0,0.0,-0.07282913165266108,0.009685230024213093
295,202310030110,1,0,2,22,6,9,4,54,0,0,1,1,1,0,0,6,0,0,1,11,0,0,0,0,1,0,0,0,0,0,0,1,0,0,0,0,0.0,0.0,110.0,7.0,34.1,1.5,0.9090909090909091,0.0,0.0,100.0,12.0,35.1,1.2,0.7692307692307693,0.0,0.0,100.0,9.0,34.6,0.4,0.9090909090909091,1.0,10.0,200.0,0.0,0.1111111111111111,4,4,110.9,9.0,1453,1482,1428,0.0,0.0,110.0,6.0,34.3,0.6,0.8333333333333334,0.0,0.0,130.0,7.0,34.3,0.6,0.7058823529411765,-0.6,0.0,58.0,-245.0,11.0,11.0,502.0,0.0,-0.15384615384615385,0.0,0.0,0.23529411764705882,0.04000000000000128,0.0,-1.3592000000000013,-0.8166000000000011,-1.316600000000001,-1.6166000000000054,-1.6166000000000054,0.07938601528518438,0.34871191548325475,0.0,4.0,0.0,0.0,0.25,4.0,0.0,-0.05333333333333333,-0.1491628614916286
296,202310030110,2,3,6,71,9,17,7,130,0,1,0,3,0,0,3,17,2,2,2,27,0,0,0,0,0,0,0,1,0,0,0,3,0,0,0,0,0.0,0.0,8.0,3.0,32.9,0.7,1.0,0.0,0.0,8.0,8.0,34.2,1.0,0.6,0.0,0.0,10.0,7.0,36.9,1.3,0.5555555555555556,2.0,6.0,0.0,0.038461538461538464,0.11538461538461539,6,6,38.8,8.0,1489,1405,565,0.0,0.0,4.0,3.0,37.1,0.4,0.375,0.0,0.0,5.0,4.0,34.0,0.3,0.6,-0.3,0.4,58.0,-63.0,11.0,8.0,468.0,0.0,0.2,-0.05555555555555555,-0.125,0.0,-0.5100000000000001,0.0,-3.016600000000004,-1.7165999999999997,0.983399999999996,1.183399999999999,-1.9166000000000025,0.20454405785780788,1.6773789077009404,0.0,5.0,0.4,0.07894736842105263,0.18421052631578946,5.0,0.4,0.019699812382739212,-0.00637555635751233
297,202310030110,6,4,5,29,9,17,7,130,0,1,0,0,4,3,1,9,2,2,2,27,0,1,0,0,0,0,0,0,0,0,0,3,0,0,0,0,0.0,0.0,9.0,9.0,35.2,1.3,0.2222222222222222,0.0,0.0,8.0,9.0,36.0,1.4,0.1,0.0,0.0,6.0,9.0,34.5,1.0,0.6,0.0,14.0,200.0,0.06896551724137931,0.27586206896551724,3,3,37.0,6.0,1289,1405,1428,0.0,0.0,5.0,7.0,37.5,1.3,0.5,0.0,0.0,6.0,10.0,39.8,2.4,0.36363636363636365,0.0,0.0,58.0,-183.0,11.0,9.0,484.0,0.0,0.0,-0.1,0.25,0.2727272727272727,-1.069999999999999,0.0,-0.2591999999999999,0.5407999999999973,-1.4166000000000025,1.5833999999999975,3.6342,0.18097289480532422,1.8857359306117054,0.0,3.0,0.0,0.13043478260869565,0.391304347826087,2.0,0.0,-0.007575757575757569,-0.00637555635751233
298,202310030110,6,6,7,105,0,0,0,1,0,0,0,0,1,3,0,28,0,0,0,0,0,0,0,0,0,0,0,2,0,0,0,0,0,0,0,0,0.0,0.0,5.0,2.0,37.4,0.6,0.5714285714285714,0.0,0.0,13.0,12.0,13.4,6.4,0.21428571428571427,0.0,0.0,16.0,15.0,41.7,5.8,0.5625,6.5,11.0,300.0,0.07142857142857142,0.25,8,11,167.7,10.0,1561,1003,1263,0.0,0.0,16.0,15.0,41.7,3.6,0.5,0.0,0.0,13.0,7.0,38.5,1.7,0.5625,1.3,0.2,58.0,-437.0,11.0,7.0,471.0,-0.14285714285714285,0.5,0.375,0.0,0.0,-3.0500000000000007,0.0,-1.8094000000000037,,1.5748999999999995,2.8872,-1.1259000000000015,0.13634720834872194,10.70786626737559,2.0,0.0,,0.10638297872340426,0.2553191489361702,0.0,,0.024856385329209002,
299,202310030110,1,0,2,12,4,4,5,68,0,0,0,1,0,0,0,2,2,4,1,13,0,0,0,0,0,0,0,0,0,0,0,1,0,0,0,0,0.0,0.0,20.0,7.0,36.1,0.8,0.46153846153846156,0.0,0.0,70.0,2.0,36.6,0.1,0.2,0.0,0.0,40.0,1.0,36.3,0.0,0.3333333333333333,-3.0,8.0,0.0,,,1,1,,,1186,1328,792,0.0,0.0,40.0,2.0,34.0,0.1,0.2727272727272727,0.0,0.0,60.0,8.0,35.0,1.0,0.6470588235294118,0.2,0.6,58.0,363.0,11.0,13.0,468.0,-0.15384615384615385,-0.13333333333333333,-0.1111111111111111,0.0,-0.23529411764705882,0.4800000000000004,0.0,-0.5831999999999979,0.6833999999999989,-0.3832000000000022,-1.4592000000000027,-0.4592000000000027,0.15748725724630072,0.9654014708917736,1.0,3.0,0.6666666666666666,,,1.0,1.0,-0.2,0.047839506172839524
300,202310030204,8,8,8,109,1,4,2,65,0,0,0,3,2,1,2,32,0,0,1,13,0,0,0,3,1,0,2,19,0,0,0,6,0,0,0,3,0.0,0.0,10.0,3.0,35.4,0.3,0.6666666666666666,0.0,0.0,20.0,2.0,36.1,0.2,0.5,0.0,0.0,50.0,5.0,34.8,0.3,0.7692307692307693,1.0,0.0,0.0,0.2558139534883721,0.5116279069767442,7,15,2.8,1.0,1304,1036,1503,0.0,0.0,50.0,6.0,34.4,0.7,0.7272727272727273,,,,,,,,1.2,0.5,56.0,21.0,18.0,18.0,498.0,-0.16666666666666666,-0.07142857142857142,-0.23076923076923078,-0.09090909090909091,,0.43000000000000044,0.0,-0.516600000000004,-0.5831999999999979,-1.1166000000000054,-1.0592000000000041,,0.10242950150050492,0.641774882649673,0.0,3.0,0.6666666666666666,0.0,0.07692307692307693,2.0,0.5,0.013993316624895585,-0.020299145299145296
301,202310030204,19,13,7,80,9,17,7,130,1,1,0,3,7,0,5,9,2,2,2,27,0,0,0,2,4,0,3,7,1,2,0,12,0,0,0,2,0.0,0.0,20.0,7.0,36.0,1.2,0.875,0.0,0.0,10.0,3.0,34.9,0.2,0.3333333333333333,,,,,,,,-4.0,6.0,0.0,0.11403508771929824,0.37719298245614036,4,7,6.0,4.0,1657,1405,1317,,,,,,,,,,,,,,,-4.0,0.5,56.0,71.0,18.0,16.0,510.0,-0.5625,0.0,,,,1.1000000000000014,0.0,-0.6831999999999994,-1.016600000000004,,,,0.2708333333333333,0.5500000000000007,0.0,2.0,0.5,0.07692307692307693,0.38461538461538464,1.0,1.0,-0.1385419032477856,-0.00637555635751233
302,202310030204,1,6,1,38,0,0,0,2,0,0,0,2,0,0,0,8,0,0,0,0,0,0,0,0,0,0,0,5,0,0,0,0,0,0,0,0,0.0,0.0,110.0,13.0,34.8,1.5,0.7777777777777778,0.0,0.0,80.0,5.0,34.0,0.9,0.6666666666666666,0.0,0.0,130.0,7.0,34.0,0.9,0.5625,-3.0,-2.0,400.0,0.05454545454545454,0.16363636363636364,7,13,53.5,7.0,1148,470,1393,0.0,0.0,170.0,10.0,34.8,0.6,0.6666666666666666,0.0,0.0,80.0,11.0,39.2,4.2,0.6666666666666666,0.1,0.0,56.0,49.0,18.0,18.0,424.0,0.1111111111111111,-0.1111111111111111,0.0,-0.05555555555555555,-0.13333333333333333,-0.9600000000000009,0.0,-0.27470000000000283,-1.0747,-1.0747,-0.7621000000000038,1.2889000000000053,0.06809805928961812,1.953048898517394,0.0,0.0,,0.0,0.25,0.0,,0.043478260869565216,
303,202310030204,3,6,8,62,9,17,7,130,0,0,1,1,2,2,1,8,2,2,2,27,0,0,0,0,2,2,0,4,1,2,0,12,0,0,0,0,0.0,0.0,90.0,10.0,38.0,2.4,0.5,0.0,0.0,70.0,5.0,35.2,0.7,0.4444444444444444,0.0,0.0,30.0,4.0,35.2,0.5,0.42857142857142855,-3.0,4.0,600.0,0.09722222222222222,0.2638888888888889,8,18,11.9,5.0,1677,1405,1167,0.0,0.0,30.0,9.0,36.4,1.5,0.3888888888888889,0.0,0.0,80.0,3.0,34.7,0.1,0.8666666666666667,-1.0,0.2,54.0,64.0,18.0,16.0,464.0,0.0,-0.1111111111111111,0.0,0.0,-0.13333333333333333,0.5399999999999998,0.0,-0.1338000000000008,0.12530000000000285,0.12530000000000285,0.7500999999999962,-1.6748999999999938,0.1741680002625187,1.18995798245148,0.0,0.0,,0.1111111111111111,0.18518518518518517,0.0,,0.10299194476409665,-0.00637555635751233
304,202310030204,10,11,4,100,0,0,2,2,0,0,0,0,3,2,1,29,0,0,0,0,0,0,0,0,1,1,0,14,0,0,0,0,0,0,0,0,0.0,0.0,50.0,20.0,38.9,1.2,0.5454545454545454,0.0,0.0,90.0,70.0,35.0,0.7,0.9333333333333333,0.0,0.0,150.0,50.0,36.2,0.4,0.7222222222222222,15.0,-1.0,500.0,0.06451612903225806,0.25806451612903225,4,8,169.2,15.0,1736,1489,1482,0.0,0.0,120.0,140.0,35.6,3.1,0.7222222222222222,0.0,0.0,120.0,70.0,34.1,0.9,0.75,17.0,0.0,54.0,-335.0,18.0,11.0,421.0,-0.09090909090909091,0.0,-0.3888888888888889,0.05555555555555555,-0.125,0.8999999999999992,0.0,,-0.4592000000000027,0.2834000000000003,0.1407999999999987,-1.3592000000000013,0.12313773485296832,1.6255460620972872,0.0,1.0,0.0,0.058823529411764705,0.11764705882352941,1.0,0.0,-0.033333333333333354,
305,202310030204,1,1,0,12,0,4,3,32,0,0,0,1,0,0,0,1,0,1,0,7,0,0,0,1,0,0,0,0,0,1,0,4,0,0,0,0,0.0,0.0,140.0,6.0,36.1,0.7,0.6875,0.0,0.0,140.0,7.0,38.7,1.9,0.625,0.0,0.0,90.0,7.0,39.3,2.5,0.6923076923076923,0.5,-6.0,400.0,0.022222222222222223,0.17777777777777778,7,14,62.6,8.0,1246,1110,533,0.0,0.0,90.0,12.0,37.6,1.6,0.8666666666666667,0.0,0.0,90.0,11.0,35.8,1.5,0.4666666666666667,1.5,0.0,54.0,22.0,18.0,16.0,452.0,0.0,0.0625,-0.15384615384615385,0.0,0.13333333333333333,0.17000000000000098,0.0,1.0253000000000014,-0.9891000000000005,-0.3259000000000043,0.13220000000000454,-0.8832000000000022,0.12870351844743605,1.3813037319865609,0.0,1.0,0.0,0.1111111111111111,0.3888888888888889,0.0,,,-0.07948717948717948
306,202310030204,7,16,13,165,24,22,14,187,1,2,1,14,3,9,9,58,6,6,7,42,1,2,1,5,3,2,4,24,2,0,4,25,1,0,1,3,0.0,0.0,6.0,6.0,39.0,0.6,0.9090909090909091,0.0,0.0,10.0,5.0,36.6,0.9,0.9444444444444444,0.0,0.0,9.0,2.0,36.1,0.0,0.875,-2.0,14.0,600.0,0.0,0.0,3,6,73.5,11.0,1506,1428,199,0.0,0.0,11.0,7.0,35.8,0.5,0.6666666666666666,0.0,0.0,10.0,12.0,37.2,1.7,0.17647058823529413,1.4,0.2,53.0,-320.0,18.0,11.0,478.0,0.09090909090909091,-0.3333333333333333,-0.1875,-0.05555555555555555,-0.058823529411764705,0.43999999999999984,0.0,0.8462000000000032,0.6833999999999989,-1.105399999999996,-0.11660000000000537,1.4736000000000047,0.2857494910644581,1.1341957503006264,-3.0,2.0,0.0,0.0,0.23076923076923078,2.0,0.0,0.12481709101551067,-0.04903742873667685
307,202310030204,13,14,16,140,24,22,14,187,0,0,0,3,2,6,5,41,6,6,7,42,0,0,0,3,0,2,3,28,2,0,4,25,0,0,0,3,0.0,0.0,7.0,6.0,42.1,5.2,0.2222222222222222,0.0,0.0,9.0,4.0,36.9,1.8,0.9166666666666666,0.0,0.0,10.0,8.0,36.5,1.0,0.3333333333333333,1.0,-6.0,-400.0,,,5,9,69.6,10.0,1127,1428,1328,0.0,0.0,8.0,10.0,40.9,2.1,0.6,0.0,0.0,9.0,6.0,39.0,1.6,0.625,0.6,0.0,51.0,-36.0,18.0,9.0,452.0,0.5555555555555556,-0.08333333333333333,0.16666666666666666,0.0,-0.3125,0.22000000000000028,0.0,1.974899999999998,-0.04129999999999967,0.5833999999999975,1.3532999999999973,-0.5467000000000013,0.24347281644093044,2.1839413911549923,1.0,1.0,0.0,0.14285714285714285,0.34285714285714286,1.0,0.0,0.021784079161128317,-0.04903742873667685
308,202310030204,13,11,16,68,0,1,0,2,0,0,0,0,4,4,9,26,0,0,0,0,0,0,0,0,1,1,3,19,0,0,0,0,0,0,0,0,0.0,0.0,20.0,2.0,35.7,0.0,0.26666666666666666,0.0,0.0,20.0,5.0,35.8,1.1,0.23076923076923078,0.0,0.0,40.0,3.0,35.9,0.4,0.4375,0.5,-10.0,0.0,0.16666666666666666,0.3541666666666667,8,17,3.7,2.0,1463,982,1167,0.0,0.0,50.0,3.0,36.3,0.1,0.1111111111111111,0.0,0.0,20.0,8.0,37.4,1.8,1.0,1.0,0.6,54.0,28.0,18.0,15.0,458.0,-0.06666666666666667,0.07692307692307693,0.125,0.05555555555555555,-0.4375,-0.3899999999999991,0.0,-0.21659999999999968,0.7082999999999942,-1.4453000000000031,-0.3832000000000022,1.0683000000000007,0.3133227747089084,0.6241794613730889,0.0,3.0,1.0,0.041666666666666664,0.25,1.0,1.0,-0.14814814814814814,
309,202310030204,1,1,0,12,3,3,5,33,0,0,0,1,0,0,0,1,0,1,0,7,0,0,0,0,0,0,0,0,0,0,0,2,0,0,0,0,0.0,0.0,7.0,5.0,39.7,1.2,0.4444444444444444,0.0,0.0,12.0,11.0,35.9,1.1,0.6666666666666666,0.0,0.0,9.0,10.0,36.7,1.4,0.4444444444444444,2.5,8.0,600.0,0.0,0.0,2,4,68.1,9.0,1246,1032,533,0.0,0.0,11.0,12.0,36.5,1.6,0.6111111111111112,0.0,0.0,9.0,5.0,35.4,1.0,0.16666666666666666,0.1,0.0,54.0,-271.0,18.0,9.0,422.0,0.1111111111111111,0.3333333333333333,0.2777777777777778,-0.05555555555555555,0.0,0.8000000000000007,0.0,1.420500000000004,0.44079999999999586,0.7834000000000003,1.0407999999999973,-0.05920000000000414,0.17427096823731247,1.5014659503298784,0.0,1.0,0.0,0.125,0.25,1.0,0.0,,-0.0625
310,202310030204,0,0,0,1,11,10,9,104,0,0,0,0,0,0,0,0,3,4,2,24,0,0,0,0,0,0,0,0,2,0,0,7,0,0,0,0,0.0,0.0,2.0,7.0,39.5,0.4,0.16666666666666666,0.0,0.0,8.0,9.0,35.9,0.8,0.3333333333333333,0.0,0.0,8.0,8.0,35.4,1.7,0.8888888888888888,0.5,16.0,300.0,0.24193548387096775,0.41935483870967744,8,16,4.8,3.0,1537,1558,488,0.0,0.0,9.0,7.0,34.9,1.1,0.2222222222222222,0.0,0.0,13.0,11.0,38.5,2.6,0.38461538461538464,0.6,0.0,54.0,-431.0,18.0,12.0,480.0,0.08333333333333333,-0.1111111111111111,-0.3333333333333333,0.0,0.07692307692307693,0.3,0.0,0.10739999999999839,-0.13000000000000256,-0.516600000000004,-1.1300000000000026,2.3342000000000027,0.25680311784021764,1.819450466487066,0.0,2.0,0.0,0.125,0.375,1.0,0.0,,-0.05200559701492538
311,202310030204,19,13,7,80,4,4,5,68,0,0,0,3,7,0,5,9,2,4,1,13,0,0,0,0,4,0,3,7,1,2,1,8,0,0,0,0,0.0,0.0,16.0,12.0,36.6,1.7,0.9444444444444444,0.0,0.0,15.0,16.0,36.4,3.9,0.7222222222222222,0.0,0.0,11.0,11.0,36.5,1.7,0.38461538461538464,-0.5,-4.0,0.0,,,6,11,173.0,16.0,1657,1328,1317,0.0,0.0,10.0,11.0,41.0,2.8,0.8125,0.0,0.0,8.0,11.0,36.9,2.3,1.0,-0.7,0.0,50.0,0.0,18.0,18.0,434.0,-0.1111111111111111,0.05555555555555555,0.15384615384615385,-0.1875,-0.07142857142857142,-0.5199999999999996,0.0,0.6833999999999989,0.9407999999999959,1.0531999999999968,1.3740999999999985,1.6366000000000014,0.21721102321684932,1.7679366504487655,0.0,1.0,0.0,0.0,0.5,1.0,0.0,-0.1385419032477856,0.047839506172839524
312,202310030204,2,2,6,29,0,1,1,11,0,0,0,0,0,0,0,0,0,0,1,1,0,0,0,0,0,0,0,0,0,0,0,1,0,0,0,0,0.0,0.0,4.0,,,,0.16666666666666666,0.0,0.0,17.0,13.0,38.0,1.9,0.1111111111111111,0.0,0.0,15.0,8.0,36.7,1.2,0.4,-5.0,-3.0,500.0,0.06896551724137931,0.2413793103448276,5,10,249.1,17.0,1064,1199,1556,0.0,0.0,16.0,10.0,35.4,1.3,0.16666666666666666,0.0,0.0,12.0,13.0,40.2,3.7,0.3333333333333333,0.2,0.0,51.0,-213.0,18.0,12.0,425.0,0.3333333333333333,0.2222222222222222,-0.06666666666666667,0.0,0.13333333333333333,-0.5300000000000005,0.0,,2.0833999999999975,0.7834000000000003,0.3252999999999986,0.6533000000000015,0.11097769768163356,1.7725334975678186,-3.0,2.0,0.0,0.0,0.18181818181818182,2.0,0.0,0.07692307692307693,
313,202310030204,22,25,25,193,24,22,14,187,3,0,2,10,9,9,5,68,6,6,7,42,1,0,1,4,0,6,2,27,2,0,4,25,0,0,0,0,0.0,0.0,11.0,10.0,40.2,1.8,0.9166666666666666,0.0,0.0,18.0,14.0,37.2,2.0,0.8888888888888888,0.0,0.0,11.0,9.0,36.9,2.0,0.4,-0.5,7.0,500.0,0.022222222222222223,0.13333333333333333,2,3,262.9,18.0,1691,1428,1167,0.0,0.0,13.0,10.0,35.6,1.5,0.4375,0.0,0.0,13.0,11.0,35.3,1.1,0.8571428571428571,-0.2,0.0,54.0,-333.0,18.0,12.0,421.0,-0.16666666666666666,-0.16666666666666666,0.26666666666666666,0.5,0.0,1.1400000000000012,0.0,,1.2834000000000003,0.983399999999996,-0.7748999999999953,-0.15920000000000556,0.2307481642256874,1.7396551382386123,0.0,2.0,0.0,0.1,0.2,2.0,0.0,-0.008540218470705074,-0.04903742873667685
314,202310030204,1,1,0,12,9,10,4,50,0,0,0,0,0,0,0,1,0,3,1,8,0,0,0,0,0,0,0,0,0,0,1,7,0,0,0,0,0.0,0.0,3.0,11.0,43.4,3.3,0.4166666666666667,0.0,0.0,13.0,15.0,37.5,2.0,0.16666666666666666,0.0,0.0,11.0,5.0,36.4,1.4,0.5,-3.0,7.0,500.0,,,1,1,106.2,13.0,1246,1393,533,0.0,0.0,7.0,11.0,40.0,4.1,0.18181818181818182,0.0,0.0,8.0,9.0,38.1,0.9,0.8,-0.8,0.0,53.0,-332.0,18.0,12.0,467.0,0.16666666666666666,0.4444444444444444,0.21428571428571427,0.09090909090909091,-0.4,0.8099999999999994,0.0,,1.5833999999999975,0.48339999999999606,4.0833999999999975,1.9342000000000041,0.23301355497997905,2.455524383914767,-3.0,4.0,0.0,0.029411764705882353,0.3235294117647059,3.0,0.0,,-0.10994028802247979
315,202310030204,42,28,20,261,1,1,1,6,0,0,0,0,6,5,4,31,0,0,0,1,0,0,0,0,3,0,1,24,0,0,0,1,0,0,0,0,0.0,0.0,90.0,17.0,36.1,3.5,0.8333333333333334,,,,,,,,,,,,,,,,,400.0,0.07954545454545454,0.3181818181818182,6,12,118.8,14.0,1716,1205,1167,,,,,,,,,,,,,,,,0.0,56.0,49.0,18.0,18.0,500.0,0.16666666666666666,,,,,,,1.0253000000000014,,,,,,,0.0,0.0,,0.15789473684210525,0.42105263157894735,0.0,,-0.05769230769230768,0.16666666666666669
316,202310030204,7,16,13,165,1,5,1,25,0,0,0,0,3,9,9,58,1,0,0,8,0,0,0,0,3,2,4,24,0,0,0,3,0,0,0,0,0.0,0.0,6.0,6.0,41.4,3.2,0.625,0.0,0.0,12.0,17.0,37.7,3.2,1.0,0.0,0.0,6.0,10.0,40.0,1.8,0.75,2.0,15.0,600.0,0.0,0.1,1,2,101.9,12.0,1506,1124,199,0.0,0.0,13.0,9.0,36.3,1.2,0.8,,,,,,,,0.2,0.0,51.0,-33.0,18.0,8.0,483.0,0.0,-0.05555555555555555,-0.25,-0.13333333333333333,,1.3000000000000007,0.0,3.1205,1.7834000000000003,0.4532999999999987,-1.0453000000000046,,0.13506364240608942,1.9780040444852482,-3.0,2.0,0.0,0.0,0.16666666666666666,1.0,0.0,0.12481709101551067,-0.09875
317,202310030204,6,4,5,29,0,0,1,7,0,0,1,1,4,3,1,9,0,0,0,2,0,0,0,0,2,2,0,5,0,0,0,0,0,0,0,0,0.0,0.0,14.0,14.0,56.3,15.3,0.35714285714285715,0.0,0.0,6.0,18.0,44.4,8.9,0.05555555555555555,0.0,0.0,7.0,6.0,38.1,1.5,0.9411764705882353,-4.0,5.0,0.0,0.16666666666666666,0.4166666666666667,3,5,19.0,6.0,1289,247,1428,0.0,0.0,4.0,12.0,40.6,3.5,0.38461538461538464,0.0,0.0,6.0,3.0,35.2,0.8,0.16666666666666666,-2.8,0.2,56.0,-124.0,18.0,14.0,505.0,0.6428571428571429,0.9444444444444444,-0.7058823529411765,0.0,0.0,4.599999999999999,0.0,17.015299999999996,8.483399999999996,0.7546999999999997,4.57,-0.24680000000000035,0.30536298785011734,7.340681167303207,-1.0,2.0,0.0,0.0,0.2222222222222222,1.0,0.0,-0.007575757575757569,
318,202310030211,22,25,25,193,24,22,14,187,3,0,2,10,9,9,5,68,6,6,7,42,1,0,1,4,2,0,0,3,1,1,1,1,0,0,0,0,0.0,0.0,40.0,8.0,35.1,0.7,0.6875,0.0,0.0,50.0,2.0,34.4,0.1,0.7142857142857143,0.0,0.0,80.0,3.0,35.3,0.3,0.42857142857142855,-2.5,0.0,0.0,0.23809523809523808,0.5,2,3,6.8,3.0,1691,1428,1167,0.0,0.0,50.0,14.0,34.3,1.3,0.5555555555555556,0.0,0.0,60.0,1.0,34.4,0.0,0.375,-0.2,0.6,58.0,35.0,16.0,16.0,470.0,-0.125,0.0,-0.07142857142857142,-0.05555555555555555,-0.1875,0.15000000000000072,0.0,-0.8166000000000011,-1.6300000000000026,-0.6166000000000054,-1.6166000000000054,-1.516600000000004,0.13510957825243375,0.4147288270665548,0.0,4.0,0.5,0.0,0.25,4.0,0.5,-0.008540218470705074,-0.04903742873667685
319,202310030211,8,8,8,109,17,9,15,129,1,0,0,2,2,1,2,32,6,5,4,27,0,0,0,2,0,0,0,1,0,0,0,2,0,0,0,0,0.0,0.0,150.0,14.0,34.1,1.5,0.6875,0.0,0.0,11.0,16.0,40.6,4.2,0.375,0.0,0.0,11.0,11.0,37.0,1.5,0.08333333333333333,-1.5,-6.0,800.0,0.11504424778761062,0.37168141592920356,1,2,10.5,5.0,1304,1294,1503,0.0,0.0,13.0,14.0,39.4,2.4,0.07142857142857142,0.0,0.0,12.0,13.0,36.7,1.0,0.0625,-0.4,0.0,55.0,-476.0,16.0,16.0,462.0,0.125,0.625,0.0,0.7857142857142857,0.0625,-0.4,0.0,-1.0531000000000006,0.9741,1.0833999999999975,3.940799999999996,0.7834000000000003,0.2456321960512535,2.2650386310171395,-3.0,2.0,0.0,0.045454545454545456,0.22727272727272727,2.0,0.0,0.013993316624895585,0.04914611005692601
320,202310030211,13,11,16,68,3,0,2,20,1,0,0,0,4,4,9,26,0,0,1,3,0,0,0,0,0,0,1,0,0,0,0,0,0,0,0,0,0.0,0.0,50.0,4.0,36.6,0.6,0.8461538461538461,0.0,0.0,10.0,1.0,33.2,0.0,0.3333333333333333,0.0,0.0,40.0,2.0,34.4,0.0,0.5555555555555556,-1.0,-2.0,0.0,0.0,0.0,4,7,4.5,2.0,1463,1506,1167,0.0,0.0,30.0,6.0,36.9,1.0,0.2,0.0,0.0,40.0,1.0,36.8,0.0,0.1875,-0.1,0.6,51.0,56.0,16.0,13.0,488.0,-0.15384615384615385,-0.08333333333333333,-0.1111111111111111,0.1,-0.0625,-0.4099999999999987,0.0,0.6833999999999989,-2.2592,-1.9316999999999993,-0.44530000000000314,0.4682999999999993,0.24893699418293014,1.5051910177781411,0.0,2.0,0.0,0.18181818181818182,0.4090909090909091,1.0,0.0,-0.14814814814814814,0.1333333333333333
321,202310030211,5,5,2,43,24,22,14,187,2,0,1,10,2,2,1,9,6,6,7,42,2,0,1,3,1,0,0,0,1,1,1,1,1,0,0,0,0.0,0.0,7.0,15.0,37.2,2.7,0.4,0.0,0.0,10.0,4.0,35.0,0.2,0.4666666666666667,0.0,0.0,1.0,4.0,35.5,0.6,0.1875,-5.5,10.0,-200.0,0.2459016393442623,0.4262295081967213,2,4,2.7,1.0,1183,1428,1558,0.0,0.0,2.0,5.0,35.7,0.2,0.13333333333333333,0.0,0.0,6.0,5.0,35.0,0.5,0.625,-1.9,0.0,56.5,-91.0,16.0,15.0,438.0,-0.06666666666666667,-0.06666666666666667,-0.0625,0.0,-0.0625,0.3700000000000003,0.0,1.1700000000000017,-1.0300000000000011,-0.4166000000000025,-0.21659999999999968,-0.9166000000000025,0.18127633908238303,0.8084553172563106,0.5,3.0,0.0,0.14285714285714285,0.35714285714285715,3.0,0.0,-0.044268774703557306,-0.04903742873667685
322,202310030211,7,16,13,165,3,4,9,64,0,1,0,3,3,9,9,58,0,2,2,8,0,1,0,0,0,2,0,3,0,0,0,0,0,0,0,0,0.0,0.0,60.0,9.0,34.6,0.8,0.9375,0.0,0.0,40.0,10.0,38.4,2.7,0.4375,0.0,0.0,20.0,1.0,35.4,0.0,0.6428571428571429,-4.0,-4.0,0.0,0.04285714285714286,0.17142857142857143,1,1,20.4,7.0,1506,1503,199,0.0,0.0,40.0,4.0,33.7,0.2,0.6,0.0,0.0,60.0,7.0,35.2,0.3,0.7647058823529411,-0.9999999999999998,0.2,57.0,35.0,16.0,16.0,510.0,-0.125,0.0,-0.2857142857142857,0.2,0.0,0.3499999999999993,0.0,-1.316600000000001,-0.27060000000000173,-1.2832000000000008,-2.2165999999999997,-0.7165999999999997,0.16733581130407213,1.5844241856270673,0.0,5.0,0.2,0.18181818181818182,0.4090909090909091,3.0,0.0,0.12481709101551067,-0.03783783783783784
323,202310030211,11,12,8,63,24,22,14,187,1,1,0,4,4,3,1,15,6,6,7,42,1,0,0,1,0,0,0,1,1,1,1,1,0,0,0,0,0.0,0.0,4.0,2.0,35.8,0.1,0.75,0.0,0.0,8.0,2.0,34.1,0.1,0.5294117647058824,0.0,0.0,14.0,10.0,34.7,0.5,0.7333333333333333,4.0,2.0,200.0,0.06666666666666667,0.26666666666666666,5,10,7.5,4.0,1167,1428,460,0.0,0.0,4.0,6.0,35.8,1.1,0.5625,0.0,0.0,9.0,2.0,34.9,0.2,0.1875,0.4,0.6,54.0,-209.0,16.0,16.0,470.0,-0.375,0.058823529411764705,-0.2,-0.25,0.0625,0.010000000000000142,0.0,0.06259999999999621,-1.816600000000001,-1.3299999999999983,-0.11660000000000537,-1.016600000000004,0.2027634084537105,0.6590902821313613,-1.0,3.0,0.6666666666666666,0.0,0.0,3.0,0.6666666666666666,-0.14978723404255317,-0.04903742873667685
324,202310030211,13,11,16,68,0,0,0,2,0,0,0,0,4,4,9,26,0,0,0,1,0,0,0,0,0,0,1,0,0,0,0,0,0,0,0,0,0.0,0.0,12.0,7.0,36.4,1.2,0.125,0.0,0.0,6.0,7.0,33.6,0.7,0.6363636363636364,0.0,0.0,4.0,5.0,33.8,0.1,0.6363636363636364,-1.0,6.0,0.0,0.022727272727272728,0.18181818181818182,8,15,57.4,12.0,1463,151,1167,0.0,0.0,5.0,9.0,36.1,1.6,0.5384615384615384,0.0,0.0,9.0,4.0,33.3,0.2,0.46153846153846156,-0.4,0.0,53.0,0.0,16.0,16.0,476.0,0.0,0.18181818181818182,-0.09090909090909091,0.07692307692307693,-0.15384615384615385,0.3700000000000003,0.0,0.48339999999999606,-2.316600000000001,-2.1166000000000054,-1.105399999999996,-2.6166000000000054,0.1890405884340845,1.3275541420220878,0.0,4.0,0.0,0.058823529411764705,0.38235294117647056,4.0,0.0,-0.14814814814814814,
325,202310030211,7,16,13,165,14,16,13,156,0,0,0,4,3,9,9,58,3,4,0,29,0,0,0,1,0,2,0,3,1,0,0,1,0,0,0,0,0.0,0.0,5.0,9.0,,,,0.0,0.0,13.0,8.0,34.2,1.5,0.4444444444444444,0.0,0.0,8.0,2.0,35.0,0.1,0.9,-3.5,,-100.0,0.18181818181818182,0.45454545454545453,5,9,33.2,10.0,1506,1556,199,0.0,0.0,10.0,8.0,36.1,1.4,0.375,0.0,0.0,5.0,7.0,34.8,1.0,0.4117647058823529,-0.4,0.2,56.0,-195.0,16.0,13.0,,,0.05555555555555555,-0.3,-0.0625,-0.17647058823529413,-0.2899999999999984,0.0,,-1.2468000000000004,-0.9166000000000025,0.1833999999999989,-0.926400000000001,0.2134203168624909,0.6869315832017042,-1.0,2.0,0.5,0.043478260869565216,0.2608695652173913,2.0,0.5,0.12481709101551067,-0.039609813774756114
326,202310030211,16,17,13,134,17,9,15,129,0,1,0,7,5,4,3,33,6,5,4,27,0,1,0,2,0,0,0,0,0,0,0,2,0,0,0,0,0.0,0.0,8.0,10.0,34.8,1.7,0.9166666666666666,0.0,0.0,14.0,11.0,36.0,1.0,0.9285714285714286,0.0,0.0,7.0,11.0,35.4,1.2,0.8125,0.5,0.0,0.0,0.0,0.10526315789473684,4,8,18.6,6.0,1152,1294,1428,0.0,0.0,6.0,9.0,36.0,1.5,0.8125,0.0,0.0,5.0,1.0,33.8,0.0,0.8666666666666667,-2.0,0.2,50.0,-181.0,16.0,12.0,450.0,0.0,-0.07142857142857142,-0.0625,-0.3125,-0.06666666666666667,0.2,0.0,-1.1166000000000054,0.08339999999999748,-0.7657999999999987,0.08339999999999748,-2.1166000000000054,0.04939170797134404,0.82945765413311,-6.0,5.0,0.2,0.1388888888888889,0.4166666666666667,4.0,0.25,0.0008547008547008517,0.04914611005692601
327,202310030211,2,0,1,16,18,9,7,155,1,0,0,3,1,0,1,6,2,0,0,42,0,0,0,2,0,0,0,1,0,0,0,2,0,0,0,1,0.0,0.0,5.0,6.0,13.4,5.7,0.2727272727272727,0.0,0.0,14.0,10.0,36.3,1.6,0.5625,0.0,0.0,14.0,14.0,41.5,8.0,1.0,4.0,6.0,-860.0,,,3,5,118.4,14.0,1191,1183,1235,0.0,0.0,13.0,13.0,37.0,2.8,0.7333333333333333,0.0,0.0,13.0,12.0,34.7,0.8,0.6875,1.5,0.0,55.0,-21.0,16.0,11.0,512.0,0.0,-0.25,0.0,0.2,0.125,-4.330000000000001,0.0,,0.38339999999999463,5.215499999999999,1.0833999999999975,-0.7591999999999999,0.23699548898621753,9.851984571648497,-5.0,2.0,0.0,0.10344827586206896,0.20689655172413793,2.0,0.0,-0.015037593984962405,0.025988173046996577
328,202310030211,22,21,21,170,5,6,8,35,0,2,0,2,10,9,9,78,0,2,1,4,0,0,0,1,0,0,0,4,0,0,0,1,0,0,0,1,0.0,0.0,15.0,8.0,33.3,0.8,0.5625,0.0,0.0,11.0,7.0,37.3,1.2,0.9285714285714286,0.0,0.0,18.0,16.0,34.0,1.3,0.7777777777777778,4.0,0.0,400.0,0.022727272727272728,0.13636363636363635,3,6,21.7,8.0,1503,1708,1263,0.0,0.0,16.0,9.0,34.2,0.7,0.875,0.0,0.0,6.0,7.0,34.3,0.8,0.9333333333333333,0.0,0.0,58.5,-392.0,16.0,16.0,490.0,0.125,-0.2857142857142857,0.0,0.0625,-0.06666666666666667,0.10999999999999943,0.0,-1.7747000000000028,1.8407999999999944,-1.2633999999999972,-1.7165999999999997,-1.1592000000000056,0.13830548672905224,1.3847743498491003,0.5,1.0,0.0,0.08571428571428572,0.34285714285714286,1.0,0.0,-0.023504273504273532,-0.21851851851851853
329,202310030211,21,18,8,148,4,4,5,68,1,0,0,1,5,5,2,44,2,4,1,13,1,0,0,0,0,0,0,1,0,0,0,0,0,0,0,0,0.0,0.0,2.0,3.0,13.5,0.8,0.23076923076923078,0.0,0.0,2.0,6.0,13.4,2.9,0.5,0.0,0.0,12.0,11.0,35.0,0.4,0.9230769230769231,4.0,-4.0,-1000.0,0.09859154929577464,0.2676056338028169,7,13,34.3,11.0,1098,1328,1294,0.0,0.0,7.0,8.0,34.1,1.0,1.0,0.0,0.0,15.0,6.0,34.2,0.7,0.6875,0.7999999999999998,0.2,53.0,-406.0,16.0,13.0,494.0,-0.07692307692307693,0.0,-0.5384615384615384,0.0,0.0625,-6.210000000000001,0.0,,,-0.9166000000000025,-1.6373999999999995,-1.7165999999999997,0.28109175364015404,10.284473734712925,-7.0,2.0,0.0,0.22448979591836735,0.46938775510204084,2.0,0.0,-0.06047008547008548,0.047839506172839524
330,202310030211,1,3,1,26,18,9,7,155,1,0,0,2,0,0,0,11,2,0,0,42,0,0,0,0,0,0,0,0,0,0,0,2,0,0,0,0,0.0,0.0,150.0,9.0,34.4,0.7,0.1111111111111111,0.0,0.0,120.0,15.0,34.4,1.7,0.3333333333333333,0.0,0.0,150.0,11.0,33.3,0.6,0.8,1.0,-2.0,200.0,0.0,0.08333333333333333,6,12,134.3,15.0,1465,1183,1328,0.0,0.0,130.0,3.0,35.8,0.3,0.13333333333333333,0.0,0.0,90.0,8.0,35.0,1.2,0.2,-1.4,0.2,54.0,15.0,16.0,18.0,436.0,0.0,0.05555555555555555,0.06666666666666667,0.0,0.2,-0.2600000000000001,0.0,-1.0592000000000041,-0.7064999999999984,-1.7747000000000028,-0.5748999999999995,-0.9166000000000025,0.2543061244607994,0.8207313811473278,-3.0,1.0,0.0,0.13043478260869565,0.30434782608695654,1.0,0.0,0.40392706872370265,0.025988173046996577
331,202310030211,22,25,25,193,18,17,16,158,2,2,3,26,9,9,5,68,6,3,6,43,1,1,0,15,2,0,0,3,1,0,1,3,0,0,0,1,0.0,0.0,1.0,5.0,39.6,0.8,0.625,0.0,0.0,16.0,15.0,35.0,1.7,0.75,0.0,0.0,12.0,9.0,35.3,0.5,0.7692307692307693,2.0,16.0,700.0,0.16842105263157894,0.35789473684210527,7,14,252.8,16.0,1691,1013,1167,0.0,0.0,15.0,8.0,36.7,0.8,0.625,0.0,0.0,14.0,12.0,34.7,0.7,0.6875,0.7,0.0,56.0,-420.0,16.0,8.0,496.0,0.0,0.0,0.07692307692307693,0.3125,-0.0625,0.8099999999999994,0.0,2.7719000000000023,-0.9166000000000025,-0.15920000000000556,0.7834000000000003,-0.7591999999999999,0.060538754764219986,1.8051038751274127,2.0,2.0,0.0,0.25,0.35714285714285715,2.0,0.0,-0.008540218470705074,0.08308366498233688
332,202310030211,22,25,25,193,24,22,14,187,3,0,2,10,9,9,5,68,6,6,7,42,1,0,1,4,2,0,0,3,1,1,1,1,0,0,0,0,0.0,0.0,7.0,6.0,34.6,1.1,0.8,0.0,0.0,9.0,5.0,36.7,0.5,0.7692307692307693,0.0,0.0,14.0,14.0,34.6,1.0,0.9411764705882353,4.0,-2.0,-1400.0,0.05555555555555555,0.16666666666666666,6,11,24.6,9.0,1691,1428,1167,0.0,0.0,9.0,15.0,37.5,2.7,0.25,0.0,0.0,13.0,4.0,35.3,0.2,0.4666666666666667,0.6,0.0,58.0,-188.0,16.0,10.0,474.0,-0.1,-0.07692307692307693,-0.058823529411764705,0.25,0.06666666666666667,-0.21999999999999886,0.0,-2.2920000000000016,0.13860000000000383,-1.316600000000001,1.5833999999999975,-0.6166000000000054,0.25100028020459575,1.16721891691319,1.0,3.0,0.0,0.0,0.09523809523809523,3.0,0.0,-0.008540218470705074,-0.04903742873667685
333,202310030211,22,21,21,170,18,9,7,155,0,1,0,8,10,9,9,78,2,0,0,42,0,0,0,3,0,0,0,4,0,0,0,2,0,0,0,1,0.0,0.0,12.0,8.0,33.9,1.0,1.0,0.0,0.0,17.0,11.0,36.3,2.2,0.8235294117647058,0.0,0.0,9.0,4.0,33.6,0.3,0.8571428571428571,-2.0,0.0,0.0,0.08045977011494253,0.3218390804597701,8,16,92.2,13.0,1503,1183,1263,0.0,0.0,11.0,4.0,34.1,0.4,0.9333333333333333,0.0,0.0,13.0,16.0,38.1,3.5,0.375,0.9,0.0,57.0,-293.0,16.0,13.0,464.0,0.0,0.058823529411764705,-0.07142857142857142,0.0,0.625,-0.620000000000001,0.0,-2.016600000000004,-0.9229000000000056,-3.341299999999997,-1.3592000000000013,2.183399999999999,0.22008977339340544,1.7366634676873927,0.0,2.0,0.0,0.041666666666666664,0.2916666666666667,2.0,0.0,-0.023504273504273532,0.025988173046996577
334,202310030307,0,2,1,0,19,17,14,192,0,0,0,0,0,1,0,0,4,5,2,38,0,0,0,0,0,0,0,0,2,4,0,16,0,0,0,0,0.0,0.0,11.0,14.0,35.3,1.1,0.25,0.0,0.0,10.0,8.0,36.4,1.1,0.09090909090909091,0.0,0.0,5.0,6.0,36.7,1.9,0.375,-4.0,12.0,200.0,0.021739130434782608,0.13043478260869565,1,2,5.0,2.0,1248,1167,1428,0.0,0.0,10.0,4.0,35.8,0.7,0.5454545454545454,0.0,0.0,8.0,6.0,35.9,0.8,0.3076923076923077,-2.0,0.0,54.0,-414.0,18.0,16.0,452.0,-0.0625,0.0,0.125,-0.09090909090909091,-0.07692307692307693,-0.060000000000000143,0.0,-0.15920000000000556,0.48339999999999606,0.7834000000000003,-0.11660000000000537,0.4531999999999954,0.1491290508683683,0.4874423042781594,-2.0,3.0,0.0,0.05714285714285714,0.37142857142857144,3.0,0.0,,-0.034969779203157775
335,202310030307,1,6,1,38,0,0,0,2,0,0,0,2,0,0,0,8,0,0,0,0,0,0,0,0,0,0,0,5,0,0,0,0,0,0,0,0,0.0,0.0,70.0,3.0,35.9,0.3,0.4444444444444444,0.0,0.0,110.0,13.0,34.8,1.5,0.7777777777777778,0.0,0.0,80.0,5.0,34.0,0.9,0.6666666666666666,1.0,0.0,0.0,0.05357142857142857,0.17857142857142858,3,5,12.2,6.0,1148,470,1393,0.0,0.0,130.0,7.0,34.0,0.9,0.5625,0.0,0.0,170.0,10.0,34.8,0.6,0.6666666666666666,0.8,0.2,56.0,6.0,18.0,18.0,424.0,0.0,0.1111111111111111,-0.1111111111111111,0.0,-0.05555555555555555,0.3,0.0,-0.016600000000003945,-0.27470000000000283,-1.0747,-1.0747,-0.7621000000000038,0.11252571722516164,0.6985699678629186,0.0,1.0,1.0,0.0,0.3076923076923077,1.0,1.0,0.043478260869565216,
336,202310030307,2,2,6,29,3,0,2,20,0,0,0,1,0,0,0,0,0,0,1,3,0,0,0,0,0,0,0,0,0,0,0,2,0,0,0,0,0.0,0.0,30.0,2.0,36.5,0.3,0.1111111111111111,0.0,0.0,40.0,11.0,35.6,1.4,0.2777777777777778,0.0,0.0,20.0,4.0,36.1,0.4,0.16666666666666666,1.0,-6.0,0.0,0.07865168539325842,0.3146067415730337,2,3,2.7,1.0,1064,1506,1556,0.0,0.0,20.0,3.0,36.4,0.7,0.45454545454545453,0.0,0.0,30.0,6.0,35.8,0.2,0.3888888888888889,0.0,0.4,56.0,13.0,18.0,18.0,460.0,-0.05555555555555555,-0.1111111111111111,0.0,-0.18181818181818182,-0.05555555555555555,0.06000000000000085,0.0,0.5833999999999975,0.5253000000000014,0.6407999999999987,0.48339999999999606,-0.11660000000000537,0.12937970572798413,0.3429285639896448,0.0,3.0,0.6666666666666666,0.10714285714285714,0.17857142857142858,3.0,0.6666666666666666,0.07692307692307693,0.1333333333333333
337,202310030307,7,6,8,45,4,5,3,58,0,0,0,1,0,0,0,0,2,1,2,16,0,0,0,0,0,0,0,0,2,0,1,11,0,0,0,0,0.0,0.0,30.0,8.0,42.0,2.4,0.8333333333333334,0.0,0.0,120.0,11.0,37.4,1.0,0.5,0.0,0.0,60.0,4.0,35.3,0.4,0.8888888888888888,-2.0,18.0,500.0,0.0,0.05263157894736842,4,8,42.5,11.0,1629,1376,1428,0.0,0.0,110.0,4.0,36.4,0.3,0.8333333333333334,0.0,0.0,80.0,11.0,36.2,1.1,0.8823529411764706,-0.1,0.0,56.0,-207.0,18.0,12.0,462.0,-0.16666666666666666,-0.125,-0.3333333333333333,-0.5,0.11764705882352941,1.2599999999999993,0.0,,1.6625999999999976,-0.6166000000000054,0.48339999999999606,0.1700000000000017,0.14569446987097573,2.3660938273872407,0.0,2.0,0.0,0.03571428571428571,0.10714285714285714,2.0,0.0,-0.11818181818181817,0.21746031746031746
338,202310030307,4,3,3,26,1,0,0,1,0,0,0,1,1,0,1,11,0,0,0,0,0,0,0,0,0,0,1,10,0,0,0,0,0,0,0,0,0.0,0.0,1.0,1.0,40.3,0.0,0.14285714285714285,0.0,0.0,9.0,3.0,37.1,0.6,0.2777777777777778,0.0,0.0,3.0,5.0,36.5,0.9,0.5555555555555556,2.0,1.0,400.0,,,7,13,5.4,3.0,1154,624,1561,0.0,0.0,2.0,7.0,42.0,0.9,0.0625,0.0,0.0,1.0,7.0,36.2,0.9,0.5333333333333333,1.6,0.4,54.0,-325.0,18.0,7.0,495.0,0.0,-0.16666666666666666,-0.05555555555555555,0.0625,-0.06666666666666667,0.329999999999999,0.0,2.3832999999999984,1.183399999999999,0.5833999999999975,2.9613000000000014,0.4626000000000019,0.20015471780780134,2.3111901695879538,-1.0,2.0,0.5,0.17391304347826086,0.391304347826087,2.0,0.5,-0.0146198830409357,
339,202310030307,3,4,4,14,3,9,3,63,0,1,0,1,0,0,0,4,0,0,1,12,0,0,0,1,0,0,0,3,0,0,1,7,0,0,0,1,0.0,0.0,40.0,9.0,37.3,0.9,0.15384615384615385,0.0,0.0,40.0,3.0,36.2,0.8,0.07692307692307693,0.0,0.0,90.0,7.0,34.4,0.4,0.7692307692307693,-1.0,8.0,0.0,0.0,0.1,6,11,20.1,8.0,1045,1362,969,0.0,0.0,50.0,6.0,35.2,0.7,0.3,0.0,0.0,50.0,2.0,35.4,0.0,0.18181818181818182,-1.1,0.4,55.0,217.0,18.0,13.0,494.0,0.0,0.0,0.15384615384615385,0.0,0.0,0.4799999999999997,0.0,-0.04530000000000456,0.2834000000000003,-1.0592000000000041,-0.7165999999999997,-0.05920000000000414,0.24706379807418571,0.983869910099907,-1.0,3.0,0.3333333333333333,0.12,0.36,2.0,0.5,,0.0826923076923077
340,202310030307,7,16,13,165,24,22,14,187,1,2,1,14,3,9,9,58,6,6,7,42,1,2,1,5,3,2,4,24,2,0,4,25,1,0,1,3,0.0,0.0,60.0,6.0,39.5,0.9,0.4166666666666667,0.0,0.0,140.0,7.0,37.9,1.3,0.1111111111111111,0.0,0.0,120.0,10.0,37.1,1.1,0.47058823529411764,2.0,21.0,500.0,0.0625,0.14583333333333334,5,10,164.3,14.0,1506,1428,199,0.0,0.0,60.0,13.0,40.0,2.9,0.11764705882352941,0.0,0.0,100.0,4.0,35.8,1.0,0.25,0.2,0.0,54.0,-326.0,18.0,12.0,465.0,-0.08333333333333333,0.05555555555555555,-0.11764705882352941,0.0,0.0625,0.5300000000000005,0.0,,1.983399999999996,1.0700000000000003,2.6546999999999983,-0.3658000000000001,0.14869604248444582,1.5422062118925608,2.0,3.0,0.0,0.11538461538461539,0.34615384615384615,1.0,0.0,0.12481709101551067,-0.04903742873667685
341,202310030307,1,1,0,12,0,4,3,32,0,0,0,1,0,0,0,1,0,1,0,7,0,0,0,1,0,0,0,0,0,1,0,4,0,0,0,0,0.0,0.0,80.0,6.0,36.0,0.5,0.7777777777777778,0.0,0.0,140.0,6.0,36.1,0.7,0.6875,0.0,0.0,140.0,7.0,38.7,1.9,0.625,0.5,-6.0,0.0,0.021739130434782608,0.17391304347826086,6,12,19.2,7.0,1246,1110,533,0.0,0.0,90.0,7.0,39.3,2.5,0.6923076923076923,0.0,0.0,90.0,12.0,37.6,1.6,0.8666666666666667,1.3,0.0,54.0,6.0,18.0,18.0,446.0,-0.2777777777777778,0.0,0.0625,-0.15384615384615385,0.0,-0.6399999999999999,0.0,0.08339999999999748,1.0253000000000014,-0.9891000000000005,-0.3259000000000043,0.13220000000000454,0.08391941614006214,1.3335666462535716,0.0,1.0,0.0,0.10526315789473684,0.3684210526315789,1.0,0.0,,-0.07948717948717948
342,202310030307,2,4,2,76,1,0,0,0,0,0,0,0,0,0,0,10,0,0,0,0,0,0,0,0,0,0,0,5,0,0,0,0,0,0,0,0,0.0,0.0,110.0,6.0,34.2,0.4,0.16666666666666666,0.0,0.0,80.0,11.0,35.7,2.2,0.4666666666666667,0.0,0.0,70.0,4.0,34.8,0.5,0.75,-1.0,-8.0,400.0,0.0625,0.125,4,7,26.1,9.0,1036,301,1108,0.0,0.0,130.0,4.0,34.3,0.5,0.8461538461538461,,,,,,,,-1.3,0.0,56.0,14.0,18.0,18.0,448.0,0.0,-0.13333333333333333,-0.25,-0.15384615384615385,,0.060000000000002274,0.0,-0.8746999999999971,0.6253000000000029,-0.27470000000000283,-0.7747000000000028,,0.2652256661986532,0.5937171043518968,0.0,0.0,,0.0,0.0,0.0,,0.12698412698412698,
343,202310030307,1,0,1,2,1,4,2,65,0,0,0,0,0,0,0,0,0,0,1,13,0,0,0,0,0,0,0,0,0,0,0,6,0,0,0,0,0.0,0.0,16.0,10.0,37.9,2.1,0.3333333333333333,0.0,0.0,14.0,13.0,37.1,1.5,0.47058823529411764,0.0,0.0,10.0,9.0,37.4,1.9,0.1875,-0.5,-8.0,0.0,0.0,0.0,2,4,244.4,16.0,1632,1036,1167,0.0,0.0,14.0,6.0,36.3,0.7,0.4117647058823529,0.0,0.0,16.0,10.0,36.2,1.6,0.25,-0.7,0.0,53.0,0.0,18.0,18.0,458.0,0.2222222222222222,0.29411764705882354,-0.0625,0.11764705882352941,0.25,0.4199999999999996,0.0,1.983399999999996,1.0700000000000003,1.1154999999999973,0.853199999999994,0.03420000000000556,0.10311726302923542,0.6493073232299165,0.0,2.0,0.0,0.15625,0.40625,1.0,0.0,,-0.020299145299145296
344,202310030307,13,11,16,68,24,22,14,187,0,0,0,0,4,4,9,26,6,6,7,42,0,0,0,0,1,1,3,19,2,0,4,25,0,0,0,0,0.0,0.0,8.0,8.0,40.8,3.0,1.0,0.0,0.0,12.0,11.0,37.1,2.2,0.8333333333333334,0.0,0.0,6.0,7.0,37.1,1.7,0.375,-0.5,38.0,600.0,0.0,0.0,8,16,48.4,12.0,1463,1428,1167,0.0,0.0,11.0,4.0,36.2,0.6,0.4117647058823529,0.0,0.0,9.0,8.0,40.0,2.5,0.23076923076923078,-0.7,0.0,52.0,-251.0,18.0,9.0,458.0,0.0,0.05555555555555555,-0.0625,0.11764705882352941,0.15384615384615385,0.24999999999999928,0.0,2.6462000000000003,1.183399999999999,0.8155000000000001,0.7531999999999996,0.4532999999999987,0.2940697934540019,1.8117394956229202,-4.0,1.0,0.0,0.06451612903225806,0.22580645161290322,1.0,0.0,-0.14814814814814814,-0.04903742873667685
345,202310030307,13,11,16,68,2,0,1,18,0,0,1,4,4,4,9,26,0,0,0,6,0,0,0,4,1,1,3,19,0,0,0,4,0,0,0,2,0.0,0.0,5.0,12.0,39.4,2.8,0.1111111111111111,0.0,0.0,4.0,14.0,42.2,4.3,0.8666666666666667,0.0,0.0,5.0,4.0,37.3,0.9,0.21428571428571427,-4.0,-8.0,0.0,0.0625,0.25,3,6,12.1,5.0,1463,815,1167,0.0,0.0,7.0,5.0,36.7,0.8,0.2222222222222222,0.0,0.0,6.0,8.0,34.7,1.2,0.4444444444444444,-1.7,0.0,54.0,0.0,18.0,18.0,472.0,0.2222222222222222,-0.06666666666666667,-0.07142857142857142,0.05555555555555555,0.0,1.489999999999999,0.0,3.483399999999996,2.5741000000000014,1.1341999999999999,0.41550000000000153,-0.7591999999999999,0.2703010089225347,2.5554647326856226,0.0,2.0,0.0,0.07692307692307693,0.19230769230769232,1.0,0.0,-0.14814814814814814,0.023809523809523808
346,202310030307,42,28,20,261,24,22,14,187,8,5,2,37,6,5,4,31,6,6,7,42,1,1,1,5,3,0,1,24,2,0,4,25,1,0,0,4,,,,,,,,,,,,,,,,,,,,,,,,,0.0958904109589041,0.2602739726027397,5,9,9.9,4.0,1716,1428,1167,,,,,,,,,,,,,,,,,56.0,,18.0,,,,,,,,,,,,,,,,,,0.0,,0.034482758620689655,0.10344827586206896,0.0,,-0.05769230769230768,-0.04903742873667685
347,202310030307,1,0,1,4,0,1,0,4,0,0,0,0,0,0,0,0,0,0,0,1,0,0,0,0,0,0,0,0,0,0,0,0,0,0,0,0,0.0,0.0,10.0,12.0,43.5,3.0,0.08333333333333333,0.0,0.0,13.0,14.0,39.6,3.1,0.2777777777777778,0.0,0.0,15.0,9.0,35.6,0.9,0.5555555555555556,-1.5,-17.0,500.0,0.06666666666666667,0.23333333333333334,8,18,138.2,13.0,1397,1691,1428,0.0,0.0,13.0,8.0,34.1,1.1,0.9444444444444444,0.0,0.0,12.0,10.0,34.6,1.4,0.9375,-1.0,0.0,53.0,-87.0,18.0,12.0,451.0,0.25,0.05555555555555555,0.0,-0.3888888888888889,-0.0625,2.3299999999999996,0.0,,3.683399999999999,0.4935000000000045,-0.9746999999999986,-0.5064999999999955,0.3455961926802171,3.577373338079211,-1.0,1.0,0.0,,,1.0,0.0,,
348,202310030307,16,17,13,134,1,0,2,12,0,0,0,2,5,4,3,33,0,0,1,2,0,0,0,2,1,1,0,20,0,0,1,2,0,0,0,2,0.0,0.0,8.0,6.0,41.6,1.6,0.8,0.0,0.0,15.0,15.0,39.4,3.6,0.4444444444444444,0.0,0.0,9.0,16.0,37.2,4.0,1.0,5.0,17.0,600.0,0.0,0.0,8,17,218.8,15.0,1152,764,1428,,,,,,,,,,,,,,,5.0,0.0,53.0,-60.0,18.0,10.0,447.0,0.1,0.2222222222222222,0.0,,,2.1999999999999993,0.0,3.3205000000000027,3.483399999999996,1.2834000000000003,,,0.22974907287808627,1.7962924780409966,-3.0,2.0,0.0,0.17391304347826086,0.43478260869565216,2.0,0.0,0.0008547008547008517,-0.2
349,202310030307,42,28,20,261,1,0,2,5,0,0,1,2,6,5,4,31,0,0,0,0,0,0,0,0,3,0,1,24,0,0,0,0,0,0,0,0,0.0,0.0,20.0,7.0,41.8,2.9,0.25,0.0,0.0,180.0,16.0,39.7,4.4,0.4444444444444444,0.0,0.0,130.0,18.0,36.9,2.7,0.16666666666666666,5.5,25.0,600.0,0.0,0.045454545454545456,7,14,375.6,18.0,1716,1505,1167,0.0,0.0,100.0,15.0,36.7,2.0,0.23529411764705882,0.0,0.0,40.0,8.0,42.0,3.8,0.45454545454545453,0.1,0.0,56.0,-246.0,18.0,12.0,509.0,0.08333333333333333,0.5,0.1111111111111111,0.0,0.36363636363636365,0.25999999999999945,0.0,3.6462000000000003,3.7834000000000003,1.7468999999999966,1.6253000000000029,2.8549000000000007,0.11721256725671914,2.2868318696397414,0.0,1.0,0.0,0.13636363636363635,0.4090909090909091,1.0,0.0,-0.05769230769230768,
350,202310030307,1,1,1,19,0,0,0,19,0,0,0,0,0,0,1,3,0,0,0,1,0,0,0,0,0,0,0,0,0,0,0,0,0,0,0,0,0.0,0.0,,,,,,0.0,0.0,170.0,17.0,39.1,4.7,1.0,0.0,0.0,110.0,12.0,41.8,4.6,0.2,-5.0,,500.0,0.16494845360824742,0.35051546391752575,1,1,266.8,17.0,1362,1108,1263,0.0,0.0,90.0,13.0,41.8,3.8,0.5625,0.0,0.0,80.0,5.0,39.8,2.8,0.4166666666666667,-3.5,0.0,56.0,-270.0,18.0,10.0,,,0.0,0.26666666666666666,0.1875,-0.16666666666666666,-0.20999999999999872,0.0,,3.183399999999999,2.1740999999999957,2.253299999999996,0.1740999999999957,0.2927565203515258,1.2007809958522815,0.0,1.0,0.0,0.037037037037037035,0.1111111111111111,1.0,0.0,0.07792207792207792,0.0
351,202310030307,19,13,7,80,8,7,6,95,3,2,1,6,7,0,5,9,3,1,2,25,2,0,1,1,4,0,3,7,3,1,1,13,2,0,1,1,0.0,0.0,10.0,18.0,40.9,5.1,0.1111111111111111,0.0,0.0,1.0,2.0,40.3,0.1,0.125,0.0,0.0,6.0,9.0,36.0,1.4,0.23076923076923078,-4.5,-1.0,0.0,0.0,0.09523809523809523,7,15,40.2,10.0,1657,1618,1317,0.0,0.0,4.0,7.0,37.2,1.8,0.5555555555555556,0.0,0.0,8.0,4.0,36.4,0.5,0.1875,-2.3,0.2,51.0,0.0,18.0,18.0,442.0,0.6666666666666666,0.0,0.38461538461538464,0.1111111111111111,0.0,1.2099999999999995,0.0,4.983399999999996,,-0.030000000000001137,0.9155000000000015,-0.9453000000000031,0.16262494704688332,2.0382345301755627,0.0,2.0,0.0,0.0,0.0,1.0,0.0,-0.1385419032477856,0.014617691154422796
352,202310030408,7,16,13,165,3,4,9,64,0,1,0,3,3,9,9,58,0,2,2,8,0,1,0,0,0,3,3,18,0,1,0,2,0,1,0,0,0.0,0.0,40.0,4.0,35.0,0.1,0.6666666666666666,0.0,0.0,80.0,8.0,33.5,0.9,1.0,0.0,0.0,20.0,3.0,34.6,0.2,0.6666666666666666,-0.5,2.0,0.0,0.06060606060606061,0.24242424242424243,6,7,3.6,2.0,1506,1503,199,0.0,0.0,20.0,1.0,37.9,0.0,0.8333333333333334,0.0,0.0,20.0,2.0,35.3,0.2,0.13333333333333333,-1.1,0.6,55.0,29.0,11.0,12.0,462.0,-0.25,0.0,0.08333333333333333,-0.3888888888888889,-0.06666666666666667,-0.4999999999999993,0.0,-0.9166000000000025,-2.530000000000001,-2.083199999999998,-0.7706000000000017,-1.3832000000000022,0.29089898972361905,1.4540976583434821,0.0,4.0,0.75,0.07407407407407407,0.18518518518518517,1.0,0.0,0.12481709101551067,-0.03783783783783784
353,202310030408,13,14,16,140,0,0,0,9,0,0,0,2,2,6,5,41,0,0,0,4,0,0,0,0,1,2,1,5,0,0,0,3,0,0,0,0,0.0,0.0,2.0,2.0,34.8,0.3,0.4375,0.0,0.0,4.0,4.0,35.4,0.4,1.0,0.0,0.0,4.0,2.0,35.9,0.1,0.6363636363636364,0.0,10.0,0.0,0.11304347826086956,0.3826086956521739,5,5,7.2,4.0,1127,448,1328,0.0,0.0,2.0,6.0,34.7,0.8,0.2,0.0,0.0,1.0,2.0,36.0,0.2,0.6666666666666666,0.2,0.6,56.0,-55.0,11.0,16.0,440.0,0.0,-0.4166666666666667,-0.18181818181818182,0.0,0.1111111111111111,-0.17000000000000098,0.0,-1.1166000000000054,-0.516600000000004,-0.016600000000003945,-1.2165999999999997,-0.16579999999999728,0.2651285271420251,0.5388877434122987,1.0,5.0,0.6,0.0,0.2222222222222222,4.0,0.5,0.021784079161128317,
354,202310030408,22,21,21,170,0,2,2,7,0,0,0,1,10,9,9,78,0,2,0,3,0,0,0,0,3,1,1,25,0,0,0,2,0,0,0,0,0.0,0.0,80.0,5.0,35.7,0.2,0.08333333333333333,0.0,0.0,120.0,16.0,43.1,5.8,0.5625,0.0,0.0,80.0,13.0,41.5,3.8,0.375,4.0,6.0,0.0,0.0,0.09090909090909091,3,3,5.4,3.0,1503,239,1263,0.0,0.0,20.0,7.0,38.1,1.8,0.6923076923076923,0.0,0.0,20.0,5.0,39.9,1.5,0.07142857142857142,-0.9,0.0,50.0,29.0,11.0,12.0,480.0,0.0,0.375,0.0625,-0.07692307692307693,0.0,-0.33999999999999914,0.0,-0.21659999999999968,4.820500000000003,3.2205000000000013,0.18890000000000384,0.2108999999999952,0.24957161165971764,2.584260048834095,-3.0,1.0,0.0,0.11627906976744186,0.32558139534883723,1.0,0.0,-0.023504273504273532,0.4363636363636364
355,202310030408,1,1,0,12,24,22,14,187,0,1,0,4,0,0,0,1,6,6,7,42,0,0,0,0,0,0,0,0,1,3,2,9,0,0,0,0,0.0,0.0,10.0,3.0,37.1,1.1,0.3,0.0,0.0,20.0,2.0,34.3,0.2,0.2,0.0,0.0,40.0,8.0,35.2,0.6,0.5833333333333334,2.5,0.0,-200.0,0.23809523809523808,0.4126984126984127,8,10,2.3,1.0,1246,1428,533,0.0,0.0,60.0,4.0,34.3,0.5,0.16666666666666666,0.0,0.0,50.0,6.0,38.2,3.2,0.8333333333333334,0.8,0.4,55.0,56.0,11.0,10.0,458.0,0.1,0.0,-0.08333333333333333,0.0,0.0,-0.22000000000000028,0.0,1.0700000000000003,-1.6166000000000054,-1.4831999999999965,-1.730000000000004,0.7553000000000054,0.2547329756605707,1.5689486925964171,1.0,2.0,0.5,0.1282051282051282,0.3333333333333333,1.0,1.0,,-0.04903742873667685
356,202310030408,7,1,9,72,17,9,15,129,1,0,1,7,1,1,3,14,6,5,4,27,0,0,0,2,0,1,1,4,2,2,0,4,0,0,0,0,0.0,0.0,70.0,6.0,35.4,0.9,1.0,0.0,0.0,70.0,5.0,35.6,1.0,0.9,0.0,0.0,30.0,6.0,35.0,0.5,0.75,0.0,-2.0,0.0,0.15384615384615385,0.38461538461538464,1,1,17.5,6.0,1431,1294,1428,0.0,0.0,50.0,4.0,33.1,0.3,0.7142857142857143,0.0,0.0,50.0,4.0,35.1,0.6,0.7692307692307693,-0.5,0.0,58.0,29.0,11.0,12.0,478.0,0.0,0.0,0.0,-0.14285714285714285,-0.23076923076923078,0.30999999999999944,0.0,-0.516600000000004,-0.4299999999999997,-0.9166000000000025,-2.9299999999999997,-0.3592000000000013,0.10698444191892473,0.8957678270623473,0.0,2.0,0.0,0.0,0.0,2.0,0.0,0.025204980261160054,0.04914611005692601
357,202310030408,13,11,16,68,0,1,0,8,0,0,0,1,4,4,9,26,0,0,0,4,0,0,0,0,1,2,3,3,0,0,0,0,0,0,0,0,0.0,0.0,70.0,3.0,36.6,0.3,0.07142857142857142,0.0,0.0,60.0,5.0,36.3,0.4,0.1875,0.0,0.0,40.0,7.0,38.5,0.9,0.08333333333333333,2.0,-4.0,-200.0,0.0,0.0,4,4,8.6,5.0,1463,549,1167,0.0,0.0,20.0,3.0,37.2,0.3,0.125,0.0,0.0,60.0,5.0,35.7,0.6,0.1111111111111111,0.2,0.4,55.0,29.0,11.0,14.0,498.0,0.0,-0.0625,0.08333333333333333,0.125,0.0,0.08999999999999915,0.0,0.5700000000000003,-0.6413000000000011,0.5409000000000006,-0.7590999999999966,-2.2590999999999966,0.040670247540695106,0.9520504188329522,0.0,0.0,,0.0,0.1111111111111111,0.0,,-0.14814814814814814,
358,202310030408,13,14,16,140,24,22,14,187,0,0,0,3,2,6,5,41,6,6,7,42,0,0,0,3,1,2,1,5,1,3,2,9,0,0,0,0,0.0,0.0,130.0,15.0,35.7,2.3,1.0,0.0,0.0,40.0,7.0,37.0,1.4,0.7857142857142857,0.0,0.0,11.0,4.0,35.8,0.4,0.9375,-5.5,-2.0,-200.0,0.0,0.0,7,9,52.2,8.0,1127,1428,1328,0.0,0.0,9.0,6.0,34.6,1.0,0.8333333333333334,0.0,0.0,8.0,8.0,35.4,1.3,0.8571428571428571,-1.5,0.0,53.0,-469.0,11.0,16.0,416.0,-0.0625,-0.14285714285714285,-0.0625,0.08333333333333333,-0.14285714285714285,0.3000000000000007,0.0,-0.3299999999999983,-0.9590999999999994,0.35319999999999396,-1.4299999999999997,-0.6300000000000026,0.07649678012579689,0.774596669241483,-3.0,0.0,,0.1111111111111111,0.2222222222222222,0.0,,0.021784079161128317,-0.04903742873667685
359,202310030408,13,11,16,68,0,0,0,12,0,0,0,0,4,4,9,26,0,0,0,3,0,0,0,0,1,2,3,3,0,0,0,1,0,0,0,0,0.0,0.0,3.0,6.0,36.9,2.9,0.625,0.0,0.0,11.0,10.0,36.6,1.6,0.7777777777777778,0.0,0.0,7.0,8.0,37.6,1.5,0.2727272727272727,1.0,8.0,1200.0,0.0,0.0,2,2,42.6,7.0,1463,1160,1167,0.0,0.0,9.0,8.0,34.8,1.2,0.8888888888888888,0.0,0.0,13.0,11.0,37.7,1.7,0.3125,0.8,0.0,58.0,-322.0,11.0,8.0,510.0,0.125,0.0,-0.09090909090909091,-0.2222222222222222,-0.0625,0.019999999999999574,0.0,,1.3087000000000018,1.683399999999999,-0.46340000000000003,2.593500000000006,0.2459347051475257,1.0457533169921114,5.0,1.0,0.0,0.0,0.125,1.0,0.0,-0.14814814814814814,0.0
360,202310030408,6,6,7,105,1,2,1,8,0,0,0,0,1,3,0,28,0,0,1,5,0,0,0,0,0,1,0,9,0,0,0,0,0,0,0,0,0.0,0.0,12.0,7.0,38.2,0.7,0.7857142857142857,0.0,0.0,11.0,5.0,37.8,0.8,0.75,0.0,0.0,4.0,3.0,38.8,0.1,0.8,-2.0,2.0,200.0,0.0945945945945946,0.25675675675675674,8,11,64.8,9.0,1561,1299,1263,0.0,0.0,9.0,9.0,37.6,1.8,0.5454545454545454,0.0,0.0,15.0,6.0,37.5,1.5,0.5625,0.2,0.2,58.0,-97.0,11.0,14.0,476.0,-0.14285714285714285,-0.16666666666666666,-0.4,-0.09090909090909091,0.1875,0.16000000000000014,0.0,-1.4258999999999986,-1.8259000000000043,-0.012800000000005696,1.683399999999999,-2.1259000000000015,0.11135784317217558,0.474973683481516,0.0,1.0,0.0,,,1.0,0.0,0.024856385329209002,-0.3333333333333333
361,202310030408,0,0,0,3,0,0,1,8,0,0,0,3,0,0,0,1,0,0,0,3,0,0,0,1,0,0,0,1,0,0,0,2,0,0,0,1,0.0,0.0,10.0,10.0,37.3,2.2,1.0,0.0,0.0,15.0,11.0,36.5,2.2,1.0,0.0,0.0,14.0,12.0,35.9,1.0,0.9285714285714286,1.0,2.0,0.0,0.0,0.10714285714285714,7,8,181.7,10.0,264,666,815,0.0,0.0,14.0,15.0,36.0,1.8,0.875,0.0,0.0,13.0,7.0,34.6,0.7,0.7857142857142857,-0.2,0.0,58.0,0.0,11.0,11.0,474.0,-0.18181818181818182,-0.125,-0.07142857142857142,0.0625,-0.07142857142857142,0.5899999999999992,0.0,1.3833999999999946,1.0407999999999973,0.44079999999999586,0.5407999999999973,-1.316600000000001,0.08112726208286106,0.8822698000045099,0.0,2.0,0.0,0.0,0.3333333333333333,2.0,0.0,,0.1746031746031746
362,202310030408,0,0,0,0,0,0,0,0,0,0,0,0,0,0,0,0,0,0,0,0,0,0,0,0,0,0,0,0,0,0,0,0,0,0,0,0,0.0,0.0,6.0,7.0,42.1,1.3,0.5,0.0,0.0,16.0,14.0,39.1,3.1,0.625,0.0,0.0,16.0,15.0,35.4,1.9,0.25,4.0,5.0,700.0,0.0,0.0,6,6,262.1,11.0,775,160,306,0.0,0.0,11.0,11.0,39.5,4.2,0.36363636363636365,0.0,0.0,15.0,12.0,36.3,1.8,0.3333333333333333,0.7,0.0,52.0,-343.0,11.0,10.0,485.0,-0.2,0.0,0.0,0.6363636363636364,0.0,1.120000000000001,0.0,4.508600000000001,1.682299999999998,0.24689999999999657,3.5833999999999975,1.1935000000000002,0.1325562756248449,2.3986662960903935,-2.0,1.0,0.0,0.0,0.0,1.0,0.0,,
363,202310030505,6,6,7,105,0,0,1,6,0,0,0,0,1,3,0,28,0,0,1,0,0,0,0,0,0,1,0,2,0,0,0,0,0,0,0,0,0.0,0.0,4.0,8.0,36.5,1.0,0.1,0.0,0.0,3.0,2.0,35.3,0.1,0.14285714285714285,0.0,0.0,5.0,1.0,35.3,0.0,0.16666666666666666,-3.5,0.0,0.0,0.06060606060606061,0.12121212121212122,6,8,16.2,5.0,1561,484,1263,,,,,,,,,,,,,,,-3.5,0.6666666666666666,55.0,-105.0,12.0,10.0,482.0,0.0,0.0,-0.08333333333333333,,,0.6000000000000014,0.0,0.5833999999999975,-0.15920000000000556,-0.6166000000000054,,,0.02758436063013137,0.5656854249492393,0.0,2.0,0.5,0.2,0.3333333333333333,2.0,0.5,0.024856385329209002,
364,202310030505,1,1,1,7,18,17,16,158,0,0,0,0,0,0,0,0,6,3,6,43,0,0,0,0,0,0,0,0,1,1,1,2,0,0,0,0,,,,,,,,,,,,,,,,,,,,,,,,,0.041666666666666664,0.14583333333333334,8,11,20.5,7.0,1434,1013,969,,,,,,,,,,,,,,,,,55.0,,12.0,,,,,,,,,,,,,,,,,,0.0,,0.08333333333333333,0.3888888888888889,0.0,,,0.08308366498233688
365,202310030505,0,0,0,0,0,0,0,1,0,0,0,0,0,0,0,0,0,0,0,0,0,0,0,0,0,0,0,0,0,0,0,0,0,0,0,0,,,,,,,,,,,,,,,,,,,,,,,,,0.0,0.16666666666666666,7,9,2.4,1.0,1286,842,1503,,,,,,,,,,,,,,,,,54.0,,12.0,,,,,,,,,,,,,,,,,,0.0,,0.15625,0.25,0.0,,,
366,202310030505,0,0,0,0,0,0,0,5,0,0,0,0,0,0,0,0,0,0,0,0,0,0,0,0,0,0,0,0,0,0,0,0,0,0,0,0,0.0,0.0,120.0,8.0,35.1,0.8,0.75,0.0,0.0,90.0,6.0,35.8,1.2,0.7333333333333333,0.0,0.0,11.0,7.0,34.9,0.6,0.6153846153846154,-0.5,-4.0,200.0,0.0,0.0,6,7,272.8,12.0,1591,1317,464,0.0,0.0,13.0,7.0,34.2,0.7,1.0,0.0,0.0,12.0,14.0,35.5,1.0,0.9333333333333333,1.3,0.0,52.0,-448.0,12.0,16.0,428.0,-0.375,0.2,0.0,0.0,-0.26666666666666666,0.07999999999999971,0.0,-0.3592000000000013,-0.5317000000000007,-1.0225000000000009,-1.7224999999999966,0.04079999999999728,0.14042763654116128,0.5477225575051645,-4.0,0.0,,0.0,0.15384615384615385,0.0,,,
367,202310030505,22,25,25,193,1,2,1,7,0,0,0,0,9,9,5,68,0,0,0,0,0,0,0,0,2,1,0,6,0,0,0,0,0,0,0,0,0.0,0.0,6.0,7.0,33.4,0.8,0.4375,0.0,0.0,4.0,9.0,32.8,0.6,0.7777777777777778,0.0,0.0,6.0,7.0,34.1,0.9,0.6666666666666666,0.0,4.0,400.0,0.11206896551724138,0.3879310344827586,8,12,4.2,2.0,1691,548,1167,0.0,0.0,1.0,1.0,32.4,0.0,0.5,0.0,0.0,3.0,1.0,33.1,0.0,1.0,-2.0,0.4,55.0,-379.0,12.0,16.0,518.0,0.25,0.0,-0.1111111111111111,0.0,0.0,0.09999999999999928,0.0,-1.6747000000000014,-2.274700000000003,-0.9746999999999986,-2.6747000000000014,-1.9746999999999986,0.2016329938217723,0.5748043145279976,0.0,0.0,,0.25,0.3333333333333333,0.0,,-0.008540218470705074,-0.2727272727272727
368,202310030505,21,18,8,148,19,17,14,192,3,3,2,19,5,5,2,44,4,5,2,38,0,0,0,1,0,0,1,2,0,0,0,2,0,0,0,0,0.0,0.0,70.0,20.0,40.1,0.6,0.6363636363636364,0.0,0.0,160.0,130.0,35.2,1.8,0.875,0.0,0.0,110.0,90.0,39.2,1.1,0.9285714285714286,35.0,11.0,600.0,0.05172413793103448,0.1896551724137931,7,10,54.7,9.0,1098,1167,1294,0.0,0.0,70.0,70.0,36.3,1.5,0.5833333333333334,0.0,0.0,120.0,90.0,36.5,0.9,0.5,8.0,0.0,55.0,-413.0,12.0,11.0,443.0,-0.18181818181818182,-0.0625,-0.21428571428571427,0.0,0.21428571428571427,0.6100000000000009,0.0,1.8205000000000027,-0.9657999999999944,-0.4258999999999986,0.13419999999999987,1.0531999999999968,0.1675841950635912,1.8639742487491617,0.0,2.0,0.0,0.11764705882352941,0.23529411764705882,0.0,,-0.06047008547008548,-0.034969779203157775
369,202310030505,0,0,0,0,18,17,16,158,0,0,0,0,0,0,0,0,6,3,6,43,0,0,0,0,0,0,0,0,1,1,1,2,0,0,0,0,,,,,,,,,,,,,,,,,,,,,,,,,0.07777777777777778,0.32222222222222224,5,6,6.1,3.0,1693,1013,1167,,,,,,,,,,,,,,,,,55.0,,12.0,,,,,,,,,,,,,,,,,,0.0,,0.125,0.325,0.0,,,0.08308366498233688
370,202310030505,0,0,0,0,0,1,0,4,0,0,0,0,0,0,0,0,0,0,0,1,0,0,0,0,0,0,0,0,0,0,0,1,0,0,0,0,,,,,,,,,,,,,,,,,,,,,,,,,0.1717171717171717,0.35353535353535354,5,5,23.1,8.0,1352,1691,1503,,,,,,,,,,,,,,,,,55.0,,12.0,,,,,,,,,,,,,,,,,,0.0,,0.0,0.3,0.0,,,
371,202310030505,13,11,16,68,5,5,6,96,0,0,0,0,4,4,9,26,1,2,0,20,0,0,0,0,1,1,1,4,0,0,0,0,0,0,0,0,0.0,0.0,16.0,17.0,43.0,6.7,0.5,0.0,0.0,10.0,10.0,40.0,3.3,1.0,0.0,0.0,8.0,11.0,36.9,1.9,0.375,-3.0,-4.0,0.0,0.234375,0.40625,2,2,7.0,4.0,1463,1559,1167,0.0,0.0,5.0,6.0,36.5,0.4,0.125,0.0,0.0,4.0,9.0,36.5,2.1,0.9166666666666666,-2.0,0.0,55.0,-309.0,12.0,18.0,456.0,0.3333333333333333,-0.4375,0.0,0.0,-0.16666666666666666,1.65,0.0,6.834200000000003,0.37409999999999854,-0.44530000000000314,0.3342000000000027,0.5833999999999975,0.3301935459359825,2.5701361831622855,-2.0,4.0,0.0,0.10416666666666667,0.25,1.0,0.0,-0.14814814814814814,0.009685230024213093
372,202310030505,0,0,0,0,0,0,0,7,0,0,0,0,0,0,0,0,0,0,0,2,0,0,0,0,0,0,0,0,0,0,0,0,0,0,0,0,0.0,0.0,12.0,11.0,37.7,2.2,0.75,0.0,0.0,12.0,8.0,39.3,1.9,0.6666666666666666,0.0,0.0,14.0,7.0,40.2,2.4,0.6875,-2.0,4.0,-600.0,0.09333333333333334,0.25333333333333335,1,1,20.4,6.0,1578,1169,1428,0.0,0.0,15.0,8.0,38.7,2.2,1.0,0.0,0.0,9.0,15.0,37.4,2.2,1.0,0.8,0.0,55.0,-322.0,12.0,12.0,484.0,0.25,0.25,-0.0625,-0.125,0.0,0.12000000000000029,0.0,0.7587000000000046,0.7224000000000004,0.5741000000000014,-0.8466999999999985,-0.511099999999999,0.1488380924957646,1.028785691968935,3.0,0.0,,0.0,0.0,0.0,,,
373,202310030505,21,18,8,148,0,0,2,4,0,0,0,0,5,5,2,44,0,0,1,0,0,0,0,0,0,0,1,2,0,0,0,0,0,0,0,0,0.0,0.0,7.0,9.0,45.4,7.0,0.8888888888888888,0.0,0.0,16.0,15.0,41.1,3.8,0.9375,0.0,0.0,14.0,14.0,42.5,4.8,0.8571428571428571,2.5,10.0,600.0,0.0,0.07692307692307693,3,3,71.4,10.0,1098,388,1294,0.0,0.0,13.0,14.0,39.5,2.5,0.875,0.0,0.0,11.0,10.0,35.7,1.2,0.8461538461538461,0.1,0.0,55.0,-368.0,12.0,9.0,472.0,0.1111111111111111,0.0625,0.14285714285714285,0.0,-0.07692307692307693,2.099999999999999,0.0,7.246200000000002,1.4741,2.8740999999999985,1.3462000000000032,0.5935000000000059,0.031855556817052905,3.2196894260161164,3.0,0.0,,0.10714285714285714,0.32142857142857145,0.0,,-0.06047008547008548,
374,202310030505,1,1,1,7,0,0,1,15,0,0,0,0,0,0,0,0,0,0,0,2,0,0,0,0,0,0,0,0,0,0,0,0,0,0,0,0,0.0,0.0,6.0,7.0,41.8,1.6,0.09090909090909091,0.0,0.0,11.0,9.0,38.9,1.6,0.25,0.0,0.0,9.0,12.0,37.1,2.2,0.5333333333333333,2.5,6.0,300.0,0.0,0.0,4,4,162.6,11.0,1434,1228,969,0.0,0.0,12.0,5.0,40.0,1.5,0.5833333333333334,0.0,0.0,13.0,10.0,41.0,3.0,1.0,0.2,0.0,52.0,-409.0,12.0,11.0,518.0,0.09090909090909091,0.5625,0.4,0.16666666666666666,-0.23076923076923078,0.04999999999999929,0.0,2.590599999999995,-0.7259000000000029,-2.4467,0.37409999999999854,1.3740999999999985,0.31226622109582325,1.6475436261295167,-4.0,0.0,,0.0,0.3333333333333333,0.0,,,
375,202310030510,19,13,7,80,9,17,7,130,1,1,0,3,7,0,5,9,2,2,2,27,0,0,0,2,0,0,0,0,0,0,0,3,0,0,0,0,0.0,0.0,20.0,1.0,34.0,0.0,0.36363636363636365,0.0,0.0,70.0,1.0,34.5,0.0,0.5,0.0,0.0,20.0,11.0,41.2,2.9,0.09090909090909091,5.0,4.0,400.0,0.16326530612244897,0.3469387755102041,6,6,4.1,2.0,1657,1405,1317,0.0,0.0,70.0,7.0,34.5,1.0,0.26666666666666666,0.0,0.0,50.0,6.0,35.7,0.4,0.3888888888888889,1.6,0.4,53.0,77.0,10.0,11.0,474.0,0.0,0.0,0.2727272727272727,0.06666666666666667,0.0,-0.3400000000000006,0.0,-1.0747,-0.5747,2.1162000000000063,-0.5747,0.5935000000000059,0.137372846105249,2.6693819509392065,0.0,0.0,,0.1111111111111111,0.2222222222222222,0.0,,-0.1385419032477856,-0.00637555635751233
376,202310030510,13,11,16,68,0,0,0,0,0,0,0,0,4,4,9,26,0,0,0,0,0,0,0,0,1,0,1,0,0,0,0,0,0,0,0,0,0.0,0.0,120.0,8.0,33.8,1.0,0.15384615384615385,0.0,0.0,90.0,9.0,35.9,1.7,0.6666666666666666,0.0,0.0,80.0,7.0,38.1,1.8,0.45454545454545453,-0.5,-10.0,0.0,0.037037037037037035,0.1111111111111111,7,8,75.4,8.0,1463,64,1167,0.0,0.0,90.0,10.0,34.8,0.9,0.7272727272727273,0.0,0.0,90.0,5.0,36.8,0.8,0.9090909090909091,-0.5,0.0,56.0,21.0,10.0,13.0,440.0,0.0,0.0,0.36363636363636365,-0.09090909090909091,-0.2727272727272727,-0.4899999999999999,0.0,-2.1166000000000054,-0.016600000000003945,0.14090000000000202,-1.1166000000000054,0.769999999999996,0.25877443664726846,1.5011995203836177,0.0,3.0,0.0,0.0625,0.21875,3.0,0.0,-0.14814814814814814,
377,202310030510,1,3,1,26,2,2,1,26,0,0,0,0,0,0,0,11,0,1,0,9,0,0,0,0,0,0,0,3,0,0,0,0,0,0,0,0,0.0,0.0,6.0,6.0,37.1,1.8,0.3,0.0,0.0,10.0,9.0,34.7,0.7,0.5882352941176471,0.0,0.0,6.0,5.0,34.3,0.7,0.3,-0.5,4.0,0.0,0.0,0.09090909090909091,5,5,44.2,6.0,1465,460,1328,0.0,0.0,4.0,4.0,34.2,0.4,0.8181818181818182,0.0,0.0,6.0,3.0,35.7,0.0,0.6,-1.1,0.2,56.0,-148.0,10.0,10.0,452.0,0.0,0.0,0.4,-0.18181818181818182,-0.2,0.32999999999999974,0.0,-0.2453000000000003,-1.2165999999999997,-1.6166000000000054,-1.7165999999999997,-0.21659999999999968,0.19837349429371048,1.088117640698836,0.0,5.0,0.2,0.0,0.0,4.0,0.25,0.40392706872370265,0.03101736972704716
378,202310030510,4,4,3,40,5,5,6,96,1,1,0,1,3,3,1,8,1,2,0,20,1,1,0,1,0,0,0,2,0,0,0,1,0,0,0,1,0.0,0.0,8.0,5.0,35.2,0.5,0.6923076923076923,0.0,0.0,5.0,7.0,35.0,0.7,0.8181818181818182,0.0,0.0,9.0,5.0,33.5,0.4,0.5,0.0,-10.0,200.0,0.05263157894736842,0.19298245614035087,1,1,7.4,3.0,1396,1559,1556,0.0,0.0,5.0,7.0,34.5,0.8,0.6,0.0,0.0,4.0,4.0,34.3,0.3,0.375,-0.2,0.0,56.0,-169.0,10.0,13.0,424.0,-0.46153846153846156,0.0,0.08333333333333333,-0.1,0.0,0.23000000000000115,0.0,-0.2591999999999999,-0.07469999999999999,-1.9592000000000027,-1.4166000000000025,-1.6166000000000054,0.15277886305580937,0.5966573556070528,0.0,2.0,0.0,0.1,0.35,2.0,0.0,-0.07282913165266108,0.009685230024213093
379,202310030510,1,0,1,2,24,22,14,187,0,0,0,0,0,0,0,0,6,6,7,42,0,0,0,0,0,0,0,0,1,1,0,2,0,0,0,0,0.0,0.0,90.0,14.0,35.9,3.0,0.7777777777777778,0.0,0.0,10.0,1.0,35.0,0.0,0.3,0.0,0.0,10.0,1.0,36.7,0.0,0.2777777777777778,-6.5,4.0,-400.0,0.04225352112676056,0.16901408450704225,8,9,1.4,1.0,1632,1428,1167,,,,,,,,,,,,,,,-6.5,0.6666666666666666,53.0,97.0,10.0,18.0,440.0,0.1111111111111111,0.0,-0.2222222222222222,,,-0.40000000000000213,0.0,0.4531999999999954,-1.3316999999999979,-0.6452999999999989,,,0.23064292558430022,0.6944222218666564,-2.0,1.0,1.0,0.13043478260869565,0.391304347826087,0.0,,,-0.04903742873667685
380,202310030510,7,16,13,165,11,10,9,104,0,0,2,5,3,9,9,58,3,4,2,24,0,0,1,2,0,1,1,3,0,0,1,3,0,0,1,0,0.0,0.0,80.0,8.0,33.7,0.9,0.75,0.0,0.0,40.0,8.0,37.4,0.4,0.75,0.0,0.0,40.0,7.0,35.3,0.9,0.75,-0.5,-4.0,200.0,0.0425531914893617,0.14893617021276595,4,4,16.7,4.0,1506,1558,199,0.0,0.0,30.0,7.0,36.0,1.9,0.4444444444444444,0.0,0.0,10.0,5.0,34.7,0.5,0.7272727272727273,-0.7,0.0,56.0,97.0,10.0,12.0,466.0,0.0,-0.1875,0.08333333333333333,0.0,-0.18181818181818182,-0.060000000000000143,0.0,-1.7591999999999999,-2.289100000000005,-0.730000000000004,0.5407999999999973,-1.2165999999999997,0.12027202782643141,1.2448293055676334,3.0,1.0,0.0,0.1111111111111111,0.3333333333333333,1.0,0.0,0.12481709101551067,-0.05200559701492538
381,202310030510,7,16,13,165,19,17,14,192,0,2,0,13,3,9,9,58,4,5,2,38,0,1,0,3,0,1,1,3,0,0,0,3,0,0,0,0,0.0,0.0,110.0,13.0,39.2,2.5,0.1111111111111111,0.0,0.0,100.0,1.0,37.9,0.0,0.1,0.0,0.0,60.0,8.0,34.5,1.0,0.375,-2.5,2.0,0.0,0.03571428571428571,0.10714285714285714,3,3,19.6,5.0,1506,1167,199,0.0,0.0,80.0,5.0,36.3,0.8,0.75,0.0,0.0,100.0,11.0,36.9,1.3,0.16666666666666666,0.0,0.2,56.0,41.0,10.0,18.0,434.0,0.0,0.0,0.625,-0.125,-0.05555555555555555,0.620000000000001,0.0,3.2834000000000003,1.8699999999999974,-0.9468000000000032,-0.03170000000000073,0.8699999999999974,0.2455932600514844,1.574293492332355,3.0,1.0,0.0,0.1,0.2,1.0,0.0,0.12481709101551067,-0.034969779203157775
382,202310030510,43,37,31,237,1,0,0,1,1,0,0,1,12,13,9,72,0,0,0,1,0,0,0,1,2,2,2,8,0,0,0,0,0,0,0,0,0.0,0.0,12.0,11.0,36.2,1.6,0.5384615384615384,0.0,0.0,10.0,10.0,35.0,1.0,0.8,0.0,0.0,9.0,6.0,37.1,0.6,0.4,-2.5,-4.0,200.0,0.0,0.0,7,7,50.9,7.0,1428,58,1263,0.0,0.0,7.0,8.0,36.9,0.7,0.2,0.0,0.0,6.0,7.0,33.3,0.9,0.6153846153846154,-1.0,0.0,56.0,-169.0,10.0,13.0,502.0,0.46153846153846156,0.0,0.2,0.0,0.0,0.3900000000000013,0.0,0.7408000000000001,-0.10649999999999693,1.3626000000000005,0.983399999999996,-2.6166000000000054,0.2020955307528988,1.40712472794703,0.0,2.0,0.0,0.07407407407407407,0.25925925925925924,2.0,0.0,-0.032200811359026416,
383,202310030510,1,0,1,2,6,9,4,54,0,0,0,2,0,0,0,0,0,0,1,11,0,0,0,0,0,0,0,0,0,0,0,1,0,0,0,0,0.0,0.0,12.0,12.0,41.7,4.9,0.9166666666666666,0.0,0.0,11.0,10.0,35.8,2.2,0.36363636363636365,0.0,0.0,9.0,9.0,36.9,1.9,1.0,-1.5,9.0,300.0,0.06451612903225806,0.22580645161290322,2,2,88.1,9.0,1632,1482,1167,0.0,0.0,16.0,13.0,36.3,1.8,1.0,,,,,,,,0.2,0.0,53.0,-333.0,10.0,12.0,447.0,0.08333333333333333,0.45454545454545453,-0.1,-0.125,,1.5100000000000016,0.0,2.3074000000000012,-0.11660000000000537,0.983399999999996,1.2252999999999972,,0.2657123397974982,2.3562417108607536,-1.0,2.0,0.0,0.0,0.0,2.0,0.0,,-0.1491628614916286
384,202310030510,2,5,2,16,4,5,3,58,0,0,0,0,0,0,0,0,2,1,2,16,0,0,0,0,0,0,0,0,0,1,1,0,0,0,0,0,0.0,0.0,7.0,,,,,0.0,0.0,12.0,11.0,41.4,3.9,0.08333333333333333,0.0,0.0,10.0,10.0,37.7,2.6,0.6,-1.0,13.0,600.0,0.0,0.0,8,10,323.9,10.0,1534,1376,1235,0.0,0.0,16.0,15.0,35.2,1.6,0.7222222222222222,,,,,,,,2.0,0.0,53.0,-75.0,10.0,8.0,481.0,,0.4166666666666667,0.3,0.05555555555555555,,3.099999999999998,0.0,,3.1205,1.7834000000000003,0.04690000000000083,,0.27689984719611005,2.546893532652407,-1.0,1.0,0.0,0.09090909090909091,0.18181818181818182,1.0,0.0,-0.15999999999999998,0.21746031746031746
385,202310030606,4,3,3,26,17,9,15,129,0,0,0,0,1,0,1,11,6,5,4,27,0,0,0,0,0,0,1,10,2,1,2,17,0,0,0,0,0.0,0.0,20.0,9.0,39.3,1.3,0.26666666666666666,0.0,0.0,10.0,3.0,35.9,0.5,0.4,0.0,0.0,20.0,6.0,37.1,1.0,1.0,-1.5,2.0,0.0,0.04,0.18,8,17,8.2,5.0,1154,1294,1561,0.0,0.0,30.0,3.0,37.3,0.7,0.07692307692307693,0.0,0.0,30.0,11.0,35.2,1.2,0.6666666666666666,0.4,0.4,54.0,21.0,18.0,15.0,478.0,-0.13333333333333333,-0.06666666666666667,-0.8,0.0,0.0,0.679999999999999,0.0,1.9546999999999954,-0.016600000000003945,1.183399999999999,0.661999999999999,-0.7165999999999997,0.32236796450095523,1.402283851436647,0.0,4.0,0.25,0.1,0.4,3.0,0.3333333333333333,-0.0146198830409357,0.04914611005692601
386,202310030606,22,21,21,170,1,3,0,6,0,0,0,0,10,9,9,78,1,2,0,3,0,0,0,0,3,6,5,23,0,1,0,1,0,0,0,0,0.0,0.0,4.0,6.0,40.6,2.0,1.0,0.0,0.0,2.0,6.0,37.3,1.1,0.3888888888888889,0.0,0.0,4.0,2.0,35.1,0.0,0.7777777777777778,-2.0,-1.0,130.0,0.07608695652173914,0.31521739130434784,7,14,7.6,4.0,1503,259,1263,0.0,0.0,3.0,9.0,37.5,1.8,0.5,0.0,0.0,2.0,3.0,36.4,0.2,0.25,-0.3,0.4,56.0,-333.0,18.0,8.0,473.0,-0.125,-0.16666666666666666,-0.2777777777777778,0.07142857142857142,-0.125,0.8200000000000003,0.0,,1.3833999999999946,-0.8166000000000011,1.3342000000000027,0.48339999999999606,0.27102913150334373,1.8192306066026926,0.0,4.0,0.5,0.06818181818181818,0.2727272727272727,3.0,0.6666666666666666,-0.023504273504273532,
387,202310030606,7,16,13,165,1,4,2,65,0,0,0,0,3,9,9,58,0,0,1,13,0,0,0,0,3,2,4,24,0,0,0,6,0,0,0,0,0.0,0.0,80.0,6.0,34.8,0.4,0.9090909090909091,0.0,0.0,90.0,5.0,34.5,0.7,0.75,0.0,0.0,70.0,4.0,34.0,0.4,0.7777777777777778,-1.0,0.0,0.0,0.0,0.07142857142857142,3,5,6.5,3.0,1506,1036,199,0.0,0.0,70.0,5.0,33.8,0.5,0.5,0.0,0.0,30.0,9.0,41.2,4.8,0.7,0.6,0.0,56.0,-426.0,18.0,11.0,482.0,-0.09090909090909091,-0.125,-0.1111111111111111,0.1,0.1,-1.2100000000000009,0.0,-1.1166000000000054,-1.4166000000000025,-1.4592000000000027,-1.6592000000000056,2.0549000000000035,0.13305771942392552,2.7925615481131314,-2.0,2.0,0.0,0.14285714285714285,0.42857142857142855,2.0,0.0,0.12481709101551067,-0.020299145299145296
388,202310030606,7,6,8,45,4,5,3,58,0,0,0,1,0,0,0,0,2,1,2,16,0,0,0,0,0,0,0,0,2,0,1,11,0,0,0,0,0.0,0.0,30.0,8.0,42.0,2.4,0.8333333333333334,0.0,0.0,120.0,11.0,37.4,1.0,0.5,0.0,0.0,60.0,4.0,35.3,0.4,0.8888888888888888,-2.0,18.0,500.0,0.0,0.05,7,13,9.5,6.0,1629,1376,1428,0.0,0.0,110.0,4.0,36.4,0.3,0.8333333333333334,0.0,0.0,80.0,11.0,36.2,1.1,0.8823529411764706,-0.1,0.0,56.0,-199.0,18.0,12.0,462.0,-0.16666666666666666,-0.125,-0.3333333333333333,-0.5,0.11764705882352941,1.2599999999999993,0.0,,1.6625999999999976,-0.6166000000000054,0.48339999999999606,0.1700000000000017,0.14569446987097573,2.3660938273872407,0.0,2.0,0.0,0.03333333333333333,0.1,2.0,0.0,-0.11818181818181817,0.21746031746031746
389,202310030606,0,2,1,0,19,17,14,192,0,0,0,0,0,1,0,0,4,5,2,38,0,0,0,0,0,0,0,0,2,4,0,16,0,0,0,0,0.0,0.0,10.0,7.0,36.8,0.7,0.35294117647058826,0.0,0.0,10.0,2.0,36.2,0.8,0.125,0.0,0.0,10.0,3.0,36.5,0.4,0.16666666666666666,-2.0,-2.0,-200.0,0.16831683168316833,0.3465346534653465,2,3,3.0,1.0,1248,1167,1428,0.0,0.0,10.0,6.0,36.1,0.8,0.4666666666666667,0.0,0.0,50.0,3.0,35.0,0.1,0.8666666666666667,-0.4,0.6,56.0,35.0,18.0,17.0,486.0,0.0,0.1875,0.0,0.0,-0.3333333333333333,0.36999999999999955,0.0,0.769999999999996,-0.21799999999999642,0.08200000000000074,-1.2453000000000003,-0.9166000000000025,0.26623631653083646,0.6112282715974444,0.0,2.0,0.5,0.125,0.3125,1.0,1.0,,-0.034969779203157775
390,202310030606,2,1,6,47,0,1,1,10,0,0,0,1,0,0,2,8,0,0,0,3,0,0,0,1,0,0,2,6,0,0,0,1,0,0,0,0,0.0,0.0,4.0,1.0,38.8,0.0,0.9166666666666666,0.0,0.0,12.0,6.0,36.6,0.5,0.1111111111111111,0.0,0.0,13.0,9.0,37.3,1.0,0.11764705882352941,4.0,17.0,600.0,0.0,0.0,7,15,63.1,12.0,1729,1613,1428,0.0,0.0,15.0,9.0,35.6,1.3,0.375,0.0,0.0,9.0,12.0,41.4,3.1,0.2,2.5,0.2,53.0,-322.0,18.0,12.0,409.0,-0.8333333333333334,0.0,0.0,0.25,0.2,-0.42000000000000026,0.0,0.6462000000000003,0.6833999999999989,1.853199999999994,-0.5657999999999959,2.1905999999999963,0.30170083313143947,2.019504889818293,-3.0,2.0,0.0,0.07142857142857142,0.21428571428571427,1.0,0.0,0.05357142857142855,0.033333333333333354
391,202310030606,5,2,2,22,17,9,15,129,0,0,0,0,0,1,0,4,6,5,4,27,0,0,0,0,0,1,0,4,2,1,2,17,0,0,0,0,0.0,0.0,2.0,3.0,40.5,1.0,0.5833333333333334,0.0,0.0,9.0,9.0,34.5,1.1,1.0,0.0,0.0,7.0,7.0,35.9,0.5,0.6666666666666666,2.0,12.0,500.0,0.09090909090909091,0.24675324675324675,6,11,28.5,7.0,1089,1294,1428,0.0,0.0,11.0,10.0,38.4,2.1,0.9333333333333333,,,,,,,,1.9,0.25,56.0,-65.0,18.0,12.0,534.0,-0.16666666666666666,0.0,-0.2222222222222222,-0.2,,0.49000000000000055,0.0,,-0.9592000000000027,-0.016600000000003945,-1.2259000000000029,,0.17495038979347513,2.304750528799158,0.0,1.0,0.0,0.03225806451612903,0.0967741935483871,1.0,0.0,0.07331378299120234,0.04914611005692601
392,202310030606,0,0,0,1,14,17,12,91,0,0,0,0,0,0,0,0,3,3,4,15,0,0,0,0,0,0,0,0,1,1,2,11,0,0,0,0,0.0,0.0,6.0,7.0,41.5,2.1,0.8571428571428571,0.0,0.0,2.0,8.0,36.6,0.6,0.1111111111111111,0.0,0.0,5.0,5.0,36.3,0.6,0.3888888888888889,-1.0,12.0,400.0,0.05,0.18333333333333332,8,18,4.2,2.0,1537,1345,488,0.0,0.0,5.0,4.0,35.8,0.4,0.4444444444444444,0.0,0.0,4.0,3.0,36.4,0.2,0.42857142857142855,-1.2,0.2,56.0,-319.0,18.0,14.0,462.0,-0.35714285714285715,0.05555555555555555,-0.1111111111111111,-0.2222222222222222,-0.14285714285714285,1.1000000000000008,0.0,3.4273999999999987,0.6833999999999989,0.38339999999999463,-0.11660000000000537,0.2342000000000013,0.2386448682495589,2.106561178793534,0.0,4.0,0.25,0.0,0.35714285714285715,3.0,0.0,,-0.23317622414244565
393,202310030606,42,28,20,261,8,7,6,95,1,0,0,10,6,5,4,31,3,1,2,25,0,0,0,2,3,0,1,24,3,1,1,13,0,0,0,1,0.0,0.0,7.0,10.0,41.4,1.8,1.0,0.0,0.0,14.0,9.0,36.6,0.9,0.2777777777777778,0.0,0.0,11.0,14.0,38.1,2.5,0.4375,2.0,25.0,700.0,0.0410958904109589,0.1643835616438356,8,16,86.9,14.0,1716,1618,1167,0.0,0.0,10.0,6.0,35.9,0.6,0.5,0.0,0.0,4.0,6.0,39.4,3.6,1.0,-1.1,0.0,56.0,-287.0,18.0,12.0,469.0,-0.25,0.1111111111111111,0.0625,-0.1111111111111111,-0.3333333333333333,0.4700000000000003,0.0,3.9658999999999978,0.6833999999999989,3.0253000000000014,0.44079999999999586,-0.22590000000000288,0.3003213299693645,1.9752468200202216,0.0,1.0,0.0,0.16666666666666666,0.375,1.0,0.0,-0.05769230769230768,0.014617691154422796
394,202310030606,1,1,0,12,4,4,5,68,0,0,0,1,0,0,0,1,2,4,1,13,0,0,0,0,0,0,0,0,1,2,1,8,0,0,0,0,0.0,0.0,10.0,9.0,39.1,1.8,0.6666666666666666,0.0,0.0,17.0,10.0,36.3,1.4,0.8888888888888888,0.0,0.0,13.0,14.0,41.4,3.8,0.8125,2.5,27.0,500.0,0.0,0.15,5,9,222.7,17.0,1246,1328,533,0.0,0.0,9.0,14.0,39.4,2.6,0.6666666666666666,0.0,0.0,11.0,5.0,37.7,0.8,0.7692307692307693,-0.4,0.0,55.0,-332.0,18.0,12.0,505.0,0.0,-0.05555555555555555,0.0,-0.13333333333333333,0.0,-0.030000000000000426,0.0,,0.38339999999999463,2.531799999999997,-0.22590000000000288,-1.4450999999999965,0.08587537455352472,1.7127755252805315,1.0,1.0,0.0,0.125,0.2916666666666667,1.0,0.0,,0.047839506172839524
395,202310030606,2,2,6,29,9,10,4,50,0,0,0,0,0,0,0,0,0,3,1,8,0,0,0,0,0,0,0,0,0,0,1,7,0,0,0,0,0.0,0.0,4.0,5.0,37.2,0.8,0.2727272727272727,0.0,0.0,8.0,11.0,37.5,1.5,0.2222222222222222,0.0,0.0,8.0,14.0,38.5,2.7,0.05555555555555555,4.5,6.0,1100.0,,,2,4,33.3,8.0,1064,1393,1556,0.0,0.0,11.0,10.0,37.0,0.7,0.0625,0.0,0.0,8.0,8.0,37.4,1.4,0.08333333333333333,0.5,0.0,53.0,-336.0,18.0,11.0,478.0,0.09090909090909091,0.1111111111111111,0.0,0.0,0.0,0.010000000000000852,0.0,,1.5833999999999975,2.5833999999999975,1.0833999999999975,1.9531999999999954,0.0902469573723561,0.5192301994298866,-3.0,3.0,0.0,0.0,0.0,3.0,0.0,0.07692307692307693,-0.10994028802247979
396,202310030606,6,6,7,105,6,4,6,34,0,0,0,1,1,3,0,28,2,0,0,2,0,0,0,0,1,1,0,13,1,0,0,2,0,0,0,0,0.0,0.0,4.0,2.0,39.4,0.7,0.25,0.0,0.0,10.0,12.0,36.7,1.5,0.3888888888888889,0.0,0.0,6.0,9.0,39.1,2.0,0.3333333333333333,3.5,-3.0,770.0,0.03571428571428571,0.14285714285714285,5,10,56.6,10.0,1561,334,1263,0.0,0.0,3.0,9.0,39.6,2.3,0.5,0.0,0.0,6.0,5.0,40.5,0.5,0.6875,0.3,0.2,53.0,-219.0,18.0,12.0,495.0,0.0,0.3333333333333333,0.06666666666666667,-0.0625,-0.25,-0.5100000000000001,0.0,,0.7834000000000003,-0.5259,0.053300000000000125,1.4613000000000014,0.1514080008323516,1.2690153663372237,-1.0,1.0,0.0,0.10344827586206896,0.20689655172413793,1.0,0.0,0.024856385329209002,-0.10947368421052633
397,202310030606,1,1,1,6,19,17,14,192,0,0,0,0,0,0,1,1,4,5,2,38,0,0,0,0,0,0,0,0,2,4,0,16,0,0,0,0,0.0,0.0,1.0,1.0,39.7,0.0,0.7777777777777778,0.0,0.0,16.0,13.0,36.6,1.8,0.8333333333333334,0.0,0.0,17.0,11.0,37.1,1.9,0.5,5.0,23.0,600.0,0.0,0.10344827586206896,4,7,168.2,16.0,1676,1167,1428,0.0,0.0,13.0,6.0,34.7,1.5,0.5714285714285714,0.0,0.0,14.0,13.0,34.5,2.0,0.8888888888888888,1.7,0.2,56.0,-101.0,18.0,9.0,459.0,-0.3333333333333333,0.0,0.05555555555555555,0.14285714285714285,-0.1111111111111111,1.2300000000000004,0.0,1.420500000000004,0.6833999999999989,1.183399999999999,-0.7591999999999999,-0.5747,0.1516683071186191,1.8893385085791274,2.0,2.0,0.0,0.1,0.2,2.0,0.0,,-0.034969779203157775
398,202310030606,1,1,0,12,19,17,14,192,0,0,0,2,0,0,0,1,4,5,2,38,0,0,0,0,0,0,0,0,2,4,0,16,0,0,0,0,0.0,0.0,2.0,7.0,40.4,1.1,0.16666666666666666,0.0,0.0,11.0,14.0,37.7,2.3,0.2777777777777778,0.0,0.0,10.0,8.0,38.5,1.8,0.5333333333333333,0.5,22.0,500.0,0.0,0.0,6,12,58.8,11.0,1246,1167,533,,,,,,,,,,,,,,,0.5,0.0,53.0,-319.0,18.0,12.0,404.0,0.16666666666666666,0.4444444444444444,0.13333333333333333,,,0.9499999999999993,0.0,,1.7834000000000003,-1.1259000000000015,,,0.15351393908194597,1.1323525167642003,0.0,1.0,0.0,0.12195121951219512,0.3170731707317073,1.0,0.0,,-0.034969779203157775
399,202310030606,0,2,1,0,1,4,2,65,0,0,0,0,0,1,0,0,0,0,1,13,0,0,0,0,0,0,0,0,0,0,0,6,0,0,0,0,0.0,0.0,9.0,15.0,37.7,2.7,0.6666666666666666,0.0,0.0,16.0,9.0,37.9,1.8,0.5294117647058824,0.0,0.0,16.0,15.0,36.6,1.9,0.8333333333333334,0.0,-8.0,0.0,0.0,0.06666666666666667,4,8,55.6,9.0,1248,1036,1428,,,,,,,,,,,,,,,0.0,0.0,56.0,0.0,18.0,18.0,428.0,0.2777777777777778,0.11764705882352941,-0.05555555555555555,,,0.5500000000000007,0.0,1.7834000000000003,0.5546999999999969,1.1407999999999987,,,0.12426897609040226,0.5715476066494076,0.0,2.0,0.0,0.13513513513513514,0.40540540540540543,1.0,0.0,,-0.020299145299145296
400,202310030606,16,17,13,134,0,0,0,2,0,0,0,0,5,4,3,33,0,0,0,2,0,0,0,0,1,1,0,20,0,0,0,2,0,0,0,0,0.0,0.0,10.0,4.0,38.8,1.0,0.36363636363636365,0.0,0.0,13.0,16.0,38.3,2.8,0.3888888888888889,0.0,0.0,9.0,14.0,38.7,3.3,0.125,5.0,6.0,800.0,0.0,0.0,3,6,73.7,13.0,1152,4,1428,0.0,0.0,11.0,10.0,36.0,1.4,0.3888888888888889,0.0,0.0,6.0,5.0,36.0,1.2,0.6875,-0.4,0.0,52.0,-330.0,18.0,11.0,422.0,0.0,0.16666666666666666,0.0625,-0.05555555555555555,0.0625,0.7899999999999991,0.0,0.8888999999999996,2.3833999999999946,3.2408,-0.09479999999999933,0.846899999999998,0.17856410409570816,1.2846789482201375,-4.0,1.0,0.0,0.0,0.21052631578947367,1.0,0.0,0.0008547008547008517,
401,202310030606,2,0,6,30,2,3,4,50,0,0,0,0,0,0,0,2,0,0,2,7,0,0,0,0,0,0,0,0,0,0,2,5,0,0,0,0,0.0,0.0,11.0,11.0,40.1,1.6,1.0,0.0,0.0,15.0,17.0,37.1,2.9,1.0,0.0,0.0,7.0,13.0,39.2,2.6,0.5333333333333333,1.0,21.0,600.0,0.06060606060606061,0.21212121212121213,1,1,121.9,15.0,1576,1014,1577,0.0,0.0,3.0,9.0,41.4,2.9,0.25,0.0,0.0,3.0,3.0,36.9,0.3,0.3076923076923077,-2.4,0.2,51.0,-333.0,18.0,11.0,431.0,0.0,0.0,0.06666666666666667,0.1875,-0.07692307692307693,0.21000000000000085,0.0,1.8205000000000027,1.183399999999999,0.9205000000000041,2.1905999999999963,-1.6775999999999982,0.32580088948984387,1.7327434893832379,-3.0,1.0,0.0,0.0,0.09090909090909091,1.0,0.0,-0.07719298245614034,0.05258583224684918
402,202310030606,0,0,0,0,19,17,14,192,0,0,0,0,0,0,0,0,4,5,2,38,0,0,0,0,0,0,0,0,2,4,0,16,0,0,0,0,0.0,0.0,15.0,15.0,44.6,7.3,0.2,0.0,0.0,12.0,10.0,41.1,4.3,0.9166666666666666,0.0,0.0,15.0,11.0,39.4,2.6,0.7333333333333333,-2.0,2.0,200.0,0.03333333333333333,0.1,1,2,268.4,18.0,1429,1167,1428,0.0,0.0,12.0,12.0,39.0,3.5,0.9166666666666666,0.0,0.0,15.0,15.0,39.9,3.2,0.7333333333333333,0.2,0.0,54.0,-384.0,18.0,15.0,466.0,0.8,0.0,0.0,0.08333333333333333,-0.13333333333333333,1.1500000000000008,0.0,4.9741,1.4741,-0.22590000000000288,1.0833000000000013,0.2740999999999971,0.26310116347561485,2.0268201696253185,-2.0,0.0,,0.0,0.14285714285714285,0.0,,,-0.034969779203157775
403,202310030608,1,2,0,26,0,0,1,23,0,0,0,0,1,1,0,4,0,0,0,5,0,0,0,0,0,0,0,2,0,0,0,0,0,0,0,0,0.0,0.0,100.0,1.0,35.0,0.0,1.0,0.0,0.0,140.0,11.0,35.3,1.0,0.5,0.0,0.0,30.0,8.0,37.3,2.2,0.9,3.5,-2.0,0.0,0.08823529411764706,0.14705882352941177,6,7,45.3,10.0,1343,322,1428,0.0,0.0,110.0,2.0,37.0,0.8,0.5,0.0,0.0,90.0,7.0,36.3,0.7,0.36363636363636365,0.3,0.4,53.0,71.0,12.0,16.0,466.0,-0.125,0.0,0.1,-0.1111111111111111,0.36363636363636365,-0.4299999999999997,0.0,-0.9166000000000025,-0.15920000000000556,-1.3706000000000031,-0.3453000000000017,-1.0453000000000046,0.24978668585365407,0.9064215354899725,-1.0,4.0,0.5,0.0,0.25,1.0,1.0,0.007662835249042141,0.125
404,202310030608,0,2,1,0,19,17,14,192,0,0,0,0,0,1,0,0,4,5,2,38,0,0,0,0,0,0,0,0,1,1,1,14,0,0,0,0,0.0,0.0,130.0,9.0,34.4,0.9,0.4,0.0,0.0,140.0,3.0,35.0,0.1,0.7857142857142857,0.0,0.0,20.0,1.0,36.0,0.0,0.18181818181818182,-4.0,6.0,0.0,0.05555555555555555,0.1111111111111111,4,4,5.4,3.0,1248,1167,1428,0.0,0.0,40.0,3.0,35.4,0.9,1.0,0.0,0.0,70.0,4.0,34.5,0.5,0.8571428571428571,-1.0,0.6,53.0,126.0,12.0,15.0,448.0,0.06666666666666667,-0.35714285714285715,0.0,0.0,-0.14285714285714285,-0.060000000000000143,0.0,-1.516600000000004,-1.6831999999999994,-1.3453000000000017,-0.05920000000000414,-1.4166000000000025,0.30508768498653555,0.5919459434779498,-1.0,4.0,0.5,0.25,0.375,2.0,0.0,,-0.034969779203157775
405,202310030608,21,18,8,148,24,22,14,187,3,5,1,33,5,5,2,44,6,6,7,42,0,3,1,11,4,2,0,13,1,3,2,9,0,2,0,3,0.0,0.0,10.0,4.0,35.5,1.2,0.625,0.0,0.0,20.0,2.0,34.4,0.3,0.6,0.0,0.0,60.0,12.0,38.5,1.4,0.4375,4.0,-2.0,0.0,0.04081632653061224,0.16326530612244897,8,11,3.6,2.0,1098,1428,1294,0.0,0.0,10.0,1.0,35.0,0.0,0.5384615384615384,0.0,0.0,30.0,4.0,33.2,0.3,0.5294117647058824,-0.1,0.4,53.0,57.0,12.0,8.0,438.0,0.0,-0.4,-0.0625,-0.23076923076923078,0.0,0.3999999999999993,0.0,-1.8453000000000017,-1.516600000000004,0.5448000000000022,-0.4592000000000027,-1.8746999999999971,0.06520923260012942,1.7656726763474588,0.0,2.0,0.5,0.08108108108108109,0.40540540540540543,1.0,1.0,-0.06047008547008548,-0.04903742873667685
406,202310030608,13,14,16,140,0,0,0,9,0,0,0,2,2,6,5,41,0,0,0,4,0,0,0,0,1,2,1,5,0,0,0,3,0,0,0,0,0.0,0.0,2.0,2.0,34.8,0.3,0.4375,0.0,0.0,4.0,4.0,35.4,0.4,1.0,0.0,0.0,4.0,2.0,35.9,0.1,0.6363636363636364,0.0,10.0,0.0,0.0625,0.21875,5,5,5.4,4.0,1127,448,1328,0.0,0.0,2.0,6.0,34.7,0.8,0.2,0.0,0.0,1.0,2.0,36.0,0.2,0.6666666666666666,0.2,0.6,53.0,-48.0,12.0,16.0,440.0,0.0,-0.4166666666666667,-0.18181818181818182,0.0,0.1111111111111111,-0.17000000000000098,0.0,-1.1166000000000054,-0.516600000000004,-0.016600000000003945,-1.2165999999999997,-0.16579999999999728,0.2651285271420251,0.5388877434122987,-2.0,5.0,0.6,0.0,0.2727272727272727,4.0,0.5,0.021784079161128317,
407,202310030608,19,13,7,80,5,6,8,35,1,0,1,0,7,0,5,9,0,2,1,4,0,0,1,0,0,0,1,2,0,0,1,0,0,0,1,0,0.0,0.0,120.0,16.0,36.4,2.2,0.5625,0.0,0.0,9.0,10.0,35.5,1.4,1.0,0.0,0.0,2.0,6.0,36.0,0.9,0.375,-5.0,8.0,-500.0,0.041666666666666664,0.16666666666666666,1,1,18.5,6.0,1657,1708,1317,0.0,0.0,5.0,3.0,35.8,0.2,0.25,0.0,0.0,5.0,10.0,34.6,0.8,0.8333333333333334,-1.9,0.2,56.0,-482.0,12.0,16.0,482.0,0.4375,0.0,0.25,0.0,-0.08333333333333333,0.32999999999999974,0.0,0.5981999999999985,-0.4166000000000025,0.08339999999999748,-0.3658000000000001,-1.316600000000001,0.27888667551135854,0.6053098380168612,2.0,4.0,0.25,0.125,0.375,3.0,0.0,-0.1385419032477856,-0.21851851851851853
408,202310030608,4,3,3,26,3,4,9,64,0,0,0,0,1,0,1,11,0,2,2,8,0,0,0,0,1,0,0,1,0,1,0,2,0,0,0,0,0.0,0.0,50.0,1.0,34.4,0.0,0.2777777777777778,0.0,0.0,20.0,9.0,36.5,0.9,0.4375,0.0,0.0,30.0,5.0,36.3,0.3,0.3333333333333333,2.0,-6.0,200.0,0.07692307692307693,0.31868131868131866,5,6,3.1,1.0,1154,1503,1561,,,,,,,,,,,,,,,2.0,0.3333333333333333,53.0,64.0,12.0,18.0,464.0,0.0,0.0,-0.05555555555555555,,,-0.9499999999999993,0.0,-1.0592000000000041,-0.8453000000000017,-0.3832000000000022,,,0.06620532243553283,0.9463379711052261,-1.0,2.0,0.0,0.10344827586206896,0.1724137931034483,0.0,,-0.0146198830409357,-0.03783783783783784
409,202310030608,3,4,4,14,0,0,0,0,0,0,0,0,0,0,0,4,0,0,0,0,0,0,0,0,0,0,0,0,0,0,0,0,0,0,0,0,0.0,0.0,80.0,6.0,36.4,1.2,0.125,0.0,0.0,110.0,9.0,34.4,0.5,0.07692307692307693,0.0,0.0,50.0,4.0,36.1,1.0,0.2,-1.0,14.0,200.0,0.05084745762711865,0.1864406779661017,3,3,21.5,8.0,1045,489,969,0.0,0.0,60.0,7.0,40.5,4.0,0.375,0.0,0.0,40.0,3.0,35.0,0.6,0.25,-0.8,0.2,53.0,15.0,12.0,16.0,474.0,0.25,0.0,0.0,0.25,0.08333333333333333,-0.3300000000000004,0.0,0.9407999999999959,-1.0592000000000041,-0.23169999999999646,2.353900000000003,-0.07469999999999999,0.10368506023519652,2.1367264682218923,0.0,0.0,,0.18181818181818182,0.36363636363636365,0.0,,,
410,202310030608,1,1,1,6,2,2,1,26,0,0,0,0,0,0,1,1,0,1,0,9,0,0,0,0,0,0,0,0,0,0,0,4,0,0,0,0,0.0,0.0,60.0,7.0,36.7,0.7,0.42857142857142855,0.0,0.0,90.0,6.0,35.7,1.3,0.6875,0.0,0.0,30.0,4.0,34.8,0.7,0.875,-1.5,4.0,-200.0,0.034482758620689655,0.10344827586206896,6,8,46.5,11.0,1676,460,1428,0.0,0.0,50.0,1.0,35.7,0.0,0.3125,0.0,0.0,80.0,4.0,34.4,0.5,0.5,-1.1,0.2,53.0,36.0,12.0,14.0,454.0,-0.21428571428571427,-0.0625,-0.125,0.0,0.0,0.46000000000000085,0.0,0.6700000000000017,-0.631699999999995,-1.230000000000004,-1.6452999999999989,-1.0592000000000041,0.1988006128598938,0.8014985963805572,0.0,1.0,1.0,0.22,0.46,0.0,,,0.03101736972704716
411,202310030608,16,17,13,134,19,17,14,192,0,2,0,4,5,4,3,33,4,5,2,38,0,0,0,2,3,3,2,8,1,1,1,14,0,0,0,1,0.0,0.0,60.0,8.0,35.5,0.8,0.625,0.0,0.0,60.0,3.0,34.4,0.1,0.5333333333333333,0.0,0.0,70.0,7.0,34.1,0.8,0.7777777777777778,-0.5,2.0,-200.0,0.0,0.0,7,9,14.1,5.0,1152,1167,1428,0.0,0.0,150.0,12.0,34.1,1.0,0.8,0.0,0.0,100.0,1.0,36.0,0.0,0.4375,-0.5,0.4,50.0,21.0,12.0,16.0,402.0,0.0,-0.13333333333333333,0.1111111111111111,0.06666666666666667,-0.125,-0.07000000000000028,0.0,-0.5300000000000011,-1.516600000000004,-1.549900000000001,-1.816600000000001,-0.3316999999999979,0.13932154832315244,0.7833262411026453,0.0,2.0,0.5,0.0,0.1,2.0,0.5,0.0008547008547008517,-0.034969779203157775
412,202310030608,6,6,7,105,6,10,7,73,0,0,0,1,1,3,0,28,0,0,0,15,0,0,0,0,0,1,0,9,0,0,0,6,0,0,0,0,0.0,0.0,14.0,16.0,38.8,1.8,0.05555555555555555,0.0,0.0,5.0,7.0,39.3,1.7,0.1,0.0,0.0,7.0,5.0,36.2,1.3,0.2,-5.5,-8.0,0.0,0.17,0.35,7,10,20.2,7.0,1561,1306,1263,0.0,0.0,3.0,1.0,33.5,0.0,0.14285714285714285,0.0,0.0,5.0,8.0,36.0,1.6,0.2222222222222222,-2.1999999999999997,0.2,53.0,-329.0,12.0,18.0,424.0,0.0,0.0,0.0,0.0,0.0,1.1399999999999992,0.0,2.8833999999999946,3.562599999999996,0.2834000000000003,-2.4166000000000025,0.08339999999999748,0.06166743273410299,2.10390113836178,-3.0,4.0,0.25,0.11363636363636363,0.3409090909090909,4.0,0.25,0.024856385329209002,-0.08806818181818182
413,202310030608,7,7,5,84,6,9,4,54,0,0,0,1,1,2,3,23,0,0,1,11,0,0,0,0,1,0,2,5,0,0,0,1,0,0,0,0,0.0,0.0,6.0,9.0,42.2,2.4,0.8,0.0,0.0,14.0,14.0,40.6,3.5,0.5714285714285714,0.0,0.0,9.0,10.0,40.8,3.7,0.6363636363636364,0.5,-15.0,600.0,0.09210526315789473,0.25,2,2,39.6,9.0,1090,1482,1169,0.0,0.0,14.0,11.0,36.4,0.8,0.6875,0.0,0.0,13.0,12.0,35.5,1.8,0.6875,0.3,0.0,53.0,-409.0,12.0,10.0,431.0,-0.2,0.0,-0.09090909090909091,-0.25,-0.0625,1.760000000000001,0.0,4.535700000000006,2.3205000000000027,1.2532999999999959,0.6625999999999976,0.4253,0.0750268827966516,2.645751311064591,-1.0,0.0,,0.0,0.1111111111111111,0.0,,0.015533980582524282,-0.1491628614916286
414,202310030608,0,0,0,32,1,0,0,5,0,0,0,0,0,0,0,6,0,0,0,2,0,0,0,0,0,0,0,2,0,0,0,2,0,0,0,0,0.0,0.0,10.0,9.0,41.5,3.2,0.6363636363636364,0.0,0.0,12.0,12.0,40.7,5.0,0.08333333333333333,0.0,0.0,13.0,12.0,41.8,5.3,0.8571428571428571,1.5,8.0,300.0,0.0,0.0,8,12,349.5,12.0,1403,1673,939,0.0,0.0,10.0,9.0,39.5,2.1,0.6363636363636364,0.0,0.0,7.0,13.0,40.6,2.5,0.5333333333333333,0.5,0.0,53.0,-249.0,12.0,11.0,526.0,0.18181818181818182,0.9166666666666666,-0.07142857142857142,0.0,0.13333333333333333,0.3,0.0,2.2905999999999977,4.7834,2.1740999999999957,0.2822000000000031,1.3822000000000045,0.2558543518745336,0.8034923770640258,0.0,1.0,0.0,0.0,0.1,1.0,0.0,0.18181818181818182,-0.16666666666666666
415,202310030701,7,3,7,47,0,0,0,1,0,0,0,0,4,2,3,18,0,0,0,0,0,0,0,0,2,1,2,13,0,0,0,0,0,0,0,0,0.0,0.0,10.0,2.0,35.0,0.3,0.75,,,,,,,,,,,,,,,,,200.0,0.058823529411764705,0.19607843137254902,2,2,1.1,1.0,1503,275,1263,,,,,,,,,,,,,,,,1.0,55.0,56.0,9.0,12.0,476.0,-0.16666666666666666,,,,,,,-0.4592000000000027,,,,,,,0.0,0.0,,0.07894736842105263,0.42105263157894735,0.0,,-0.023504273504273532,
416,202310030701,0,0,0,0,2,0,0,2,0,0,0,0,0,0,0,0,0,0,0,2,0,0,0,0,0,0,0,0,0,0,0,2,0,0,0,0,0.0,0.0,60.0,8.0,35.4,2.0,0.6923076923076923,,,,,,,,,,,,,,,,,400.0,0.0,0.0,7,7,29.1,5.0,1537,1561,488,,,,,,,,,,,,,,,,0.0,52.0,76.0,9.0,13.0,456.0,0.0,,,,,,,0.3252999999999986,,,,,,,-3.0,0.0,,0.11538461538461539,0.2692307692307692,0.0,,,-0.047619047619047616
417,202310030701,1,1,1,3,1,0,0,11,0,0,0,0,1,0,0,1,1,0,0,2,0,0,0,0,1,0,0,1,0,0,0,1,0,0,0,0,0.0,0.0,8.0,3.0,36.2,0.8,1.0,0.0,0.0,7.0,14.0,39.4,4.3,0.4666666666666667,,,,,,,,11.0,-8.0,0.0,0.1111111111111111,0.16666666666666666,1,1,109.7,8.0,1289,1721,1428,,,,,,,,,,,,,,,11.0,0.5,55.0,0.0,9.0,9.0,444.0,-0.2222222222222222,0.3333333333333333,,,,-3.1999999999999957,0.0,0.03420000000000556,3.940799999999996,,,,0.26666666666666666,1.5999999999999979,0.0,1.0,1.0,0.07692307692307693,0.3076923076923077,0.0,,-0.007575757575757569,-0.04625199362041468
418,202310030701,0,0,0,0,0,4,3,19,0,0,0,0,0,0,0,0,0,1,0,5,0,0,0,0,0,0,0,0,0,1,0,2,0,0,0,0,0.0,0.0,10.0,10.0,36.8,1.4,0.5714285714285714,0.0,0.0,11.0,9.0,38.6,1.5,0.6153846153846154,0.0,0.0,16.0,4.0,35.7,0.3,0.7222222222222222,-3.0,0.0,-200.0,0.05263157894736842,0.15789473684210525,8,9,19.7,4.0,1693,1618,1167,0.0,0.0,7.0,8.0,40.4,2.2,0.7333333333333333,0.0,0.0,8.0,11.0,41.0,1.8,0.8,0.1,0.0,55.0,-392.0,9.0,14.0,500.0,0.14285714285714285,0.07692307692307693,-0.05555555555555555,0.06666666666666667,-0.4,-1.0200000000000002,0.0,0.769999999999996,-0.6177999999999955,-1.6452999999999989,0.8532999999999973,1.6073999999999984,0.08322384449048277,2.0297783130184435,0.0,1.0,0.0,0.0967741935483871,0.1935483870967742,0.0,,,0.014617691154422796
419,202310030701,0,1,1,12,4,1,5,39,0,0,0,0,0,0,0,2,1,0,1,8,0,0,0,0,0,0,0,2,0,0,1,4,0,0,0,0,0.0,0.0,7.0,9.0,43.8,3.5,0.1111111111111111,0.0,0.0,11.0,11.0,36.1,1.3,0.5625,0.0,0.0,14.0,7.0,36.5,0.6,0.5,-1.0,14.0,400.0,0.07142857142857142,0.2857142857142857,8,8,17.6,3.0,1489,1428,565,0.0,0.0,14.0,7.0,36.5,0.8,0.375,0.0,0.0,16.0,10.0,35.1,1.6,0.75,-0.2,0.0,54.0,-410.0,9.0,9.0,446.0,0.3333333333333333,-0.0625,0.0,0.1875,-0.0625,1.6999999999999993,0.0,5.727399999999996,0.1833999999999989,0.5833999999999975,1.0407999999999973,-0.3592000000000013,0.2122047694976031,3.1419739018648754,0.0,2.0,0.0,0.0,0.0,0.0,,0.019699812382739212,-0.04903742873667685
420,202310030701,0,0,0,0,0,1,0,9,0,0,0,0,0,0,0,0,0,1,0,0,0,0,0,0,0,0,0,0,0,1,0,0,0,0,0,0,0.0,0.0,11.0,8.0,40.8,2.3,1.0,0.0,0.0,13.0,11.0,39.6,2.2,0.8571428571428571,0.0,0.0,14.0,13.0,39.4,3.1,0.375,2.5,7.0,130.0,0.08860759493670886,0.24050632911392406,6,6,72.3,7.0,1037,1328,1428,0.0,0.0,7.0,8.0,40.1,2.1,0.5454545454545454,0.0,0.0,4.0,7.0,39.7,1.6,0.8181818181818182,-0.5,0.0,55.0,-412.0,9.0,11.0,453.0,0.0,0.07142857142857142,0.125,0.2727272727272727,-0.18181818181818182,0.16999999999999887,0.0,,-0.025900000000000034,1.2462000000000018,0.7711000000000041,0.415300000000002,0.226422342269409,0.49558046773455366,-1.0,0.0,,0.0,0.13333333333333333,0.0,,,0.047839506172839524
421,202310030701,4,7,3,34,2,1,1,4,1,0,1,2,1,4,1,9,1,0,0,0,0,0,0,0,0,1,0,3,1,0,0,0,0,0,0,0,0.0,0.0,80.0,5.0,35.6,0.8,0.5454545454545454,,,,,,,,,,,,,,,,,400.0,0.02127659574468085,0.1702127659574468,3,3,11.5,2.0,1152,1592,1428,,,,,,,,,,,,,,,,0.0,55.0,76.0,9.0,11.0,444.0,-0.09090909090909091,,,,,,,0.5253000000000014,,,,,,,0.0,0.0,,0.0,0.2,0.0,,0.0008547008547008517,-0.017316017316017285
422,202310030701,0,0,0,1,5,3,5,67,0,0,0,0,0,0,0,0,1,1,0,24,0,0,0,0,0,0,0,0,1,1,0,16,0,0,0,0,0.0,0.0,1.0,2.0,39.1,0.3,0.4444444444444444,0.0,0.0,4.0,7.0,35.4,0.2,0.375,0.0,0.0,8.0,2.0,35.4,0.2,0.15384615384615385,0.0,6.0,600.0,0.1650485436893204,0.33980582524271846,4,4,37.0,6.0,1246,1167,533,0.0,0.0,5.0,6.0,34.9,0.7,0.7222222222222222,0.0,0.0,2.0,8.0,35.7,0.4,0.11764705882352941,1.1,0.4,55.0,-404.0,9.0,9.0,462.0,0.0,0.0625,0.0,-0.05555555555555555,0.0,0.7299999999999998,0.0,0.8205000000000027,0.03459999999999752,-0.5225000000000009,-0.25310000000000343,0.5469000000000008,0.21897968963591846,1.5218409903797447,-1.0,0.0,,0.16666666666666666,0.4166666666666667,0.0,,,-0.034969779203157775
423,202310030701,1,0,0,0,0,0,0,0,0,0,0,0,0,0,0,0,0,0,0,0,0,0,0,0,0,0,0,0,0,0,0,0,0,0,0,0,0.0,0.0,90.0,9.0,41.0,5.9,0.5555555555555556,0.0,0.0,120.0,8.0,36.8,2.7,0.7222222222222222,0.0,0.0,170.0,12.0,36.6,2.4,0.7777777777777778,1.5,-4.0,0.0,0.0,0.0,5,5,219.7,9.0,1318,1333,535,0.0,0.0,150.0,14.0,37.9,3.9,0.9375,0.0,0.0,,,,,,1.9,0.0,55.0,0.0,9.0,9.0,498.0,0.4444444444444444,0.05555555555555555,-0.05555555555555555,-0.0625,,0.95,0.0,4.834200000000003,1.6468999999999951,1.4468999999999994,2.7468999999999966,,0.13646981857235996,1.759794022037807,0.0,1.0,0.0,0.0,0.0,0.0,,,
424,202310030708,4,2,2,30,4,1,5,39,1,1,0,3,1,1,1,12,1,0,1,8,0,0,0,2,0,0,0,3,1,0,0,0,0,0,0,0,0.0,0.0,8.0,6.0,35.5,0.6,0.23529411764705882,0.0,0.0,5.0,7.0,34.9,0.6,0.5454545454545454,0.0,0.0,9.0,1.0,35.8,0.0,0.3,-2.5,-4.0,0.0,0.0,0.23076923076923078,5,5,51.7,9.0,1098,1428,1294,0.0,0.0,14.0,12.0,34.5,1.0,0.5882352941176471,0.0,0.0,12.0,4.0,34.7,0.5,0.35714285714285715,0.1,0.2,55.0,-78.0,10.0,17.0,484.0,-0.11764705882352941,-0.2727272727272727,0.0,0.058823529411764705,-0.07142857142857142,0.1999999999999993,0.0,-0.4166000000000025,-1.016600000000004,-0.3658000000000001,-0.9592000000000027,-0.7591999999999999,0.13814325248432627,0.49152822909777916,2.0,3.0,0.3333333333333333,0.23076923076923078,0.3076923076923077,0.0,,-0.06047008547008548,-0.04903742873667685
425,202310030708,4,7,3,34,0,0,0,2,0,0,0,2,1,4,1,9,0,0,0,1,0,0,0,1,1,0,1,4,0,0,0,1,0,0,0,1,0.0,0.0,20.0,3.0,36.0,0.7,0.25,0.0,0.0,20.0,3.0,34.1,0.2,0.38461538461538464,0.0,0.0,10.0,2.0,33.9,0.1,0.15384615384615385,-0.5,6.0,200.0,0.08823529411764706,0.2647058823529412,8,10,1.6,1.0,1152,178,1428,0.0,0.0,30.0,3.0,34.5,0.5,0.7,0.0,0.0,100.0,8.0,34.1,0.3,0.23529411764705882,1.0,0.8,53.0,21.0,10.0,16.0,444.0,-0.0625,-0.23076923076923078,0.0,0.0,0.058823529411764705,0.33999999999999986,0.0,0.5407999999999973,-1.3592000000000013,-1.5592000000000041,-0.9592000000000027,-0.9746999999999986,0.19245479601305157,0.7652450587883597,0.0,0.0,,0.04,0.28,0.0,,0.0008547008547008517,
426,202310030708,7,3,7,47,0,1,0,1,0,0,0,1,4,2,3,18,0,0,0,0,0,0,0,0,1,0,1,3,0,0,0,0,0,0,0,0,0.0,0.0,30.0,3.0,36.9,0.6,0.09090909090909091,0.0,0.0,80.0,5.0,35.7,0.2,0.08333333333333333,0.0,0.0,120.0,16.0,43.1,5.8,0.5625,6.5,0.0,0.0,0.0,0.13043478260869565,6,6,4.4,2.0,1503,239,1263,0.0,0.0,80.0,13.0,41.5,3.8,0.375,0.0,0.0,20.0,7.0,38.1,1.8,0.6923076923076923,1.6,0.2,50.0,13.0,10.0,11.0,480.0,0.0,0.0,0.375,0.0625,-0.07692307692307693,-0.8200000000000003,0.0,0.983399999999996,-0.21659999999999968,4.820500000000003,3.2205000000000013,0.18890000000000384,0.24519817840998182,2.7982851891828324,0.0,2.0,0.5,0.1111111111111111,0.3333333333333333,0.0,,-0.023504273504273532,0.4363636363636364
427,202310030708,0,0,0,12,5,3,5,67,0,0,0,2,0,0,0,1,1,1,0,24,0,0,0,1,0,0,0,1,0,0,0,6,0,0,0,1,0.0,0.0,3.0,3.0,35.7,0.3,0.23076923076923078,0.0,0.0,6.0,2.0,34.5,0.0,0.16666666666666666,0.0,0.0,3.0,4.0,35.7,0.3,0.5,0.5,0.0,200.0,0.11428571428571428,0.17142857142857143,8,9,9.0,3.0,1333,1167,1294,0.0,0.0,13.0,4.0,35.3,0.7,0.5625,0.0,0.0,4.0,6.0,34.0,0.7,0.9,0.8,0.4,56.0,-57.0,10.0,13.0,428.0,0.0,0.16666666666666666,0.0,0.125,0.1,0.26000000000000084,0.0,-0.0373999999999981,-1.6657999999999973,-0.46579999999999444,-0.15920000000000556,-1.0747,0.26213697856131835,0.6800000000000008,0.0,2.0,0.5,0.0,0.12903225806451613,0.0,,-0.125,-0.034969779203157775
428,202310030708,11,5,6,70,4,1,5,39,1,0,2,10,1,0,0,7,1,0,1,8,0,0,0,1,1,0,0,2,1,0,0,0,0,0,0,0,0.0,0.0,8.0,8.0,36.1,0.8,0.7692307692307693,0.0,0.0,5.0,13.0,37.1,1.1,0.9333333333333333,0.0,0.0,8.0,5.0,34.6,1.2,0.9090909090909091,-1.5,-10.0,200.0,0.058823529411764705,0.20588235294117646,3,3,25.3,7.0,1716,1428,1167,0.0,0.0,7.0,5.0,35.7,1.3,1.0,0.0,0.0,5.0,7.0,34.9,1.2,0.7777777777777778,-1.0,0.0,53.0,-162.0,10.0,13.0,480.0,0.07692307692307693,-0.13333333333333333,0.0,-0.1,-0.1111111111111111,0.38000000000000045,0.0,0.6407999999999987,0.9342000000000041,-1.316600000000001,-0.46579999999999444,-0.5592000000000041,0.09031898742745303,0.890842298052804,0.0,3.0,0.0,0.0,0.125,0.0,,-0.05769230769230768,-0.04903742873667685
429,202310030708,0,0,0,0,1,1,2,19,0,0,0,0,0,0,0,0,1,1,0,4,0,0,0,0,0,0,0,0,0,1,0,0,0,0,0,0,0.0,0.0,4.0,3.0,39.2,0.9,1.0,0.0,0.0,8.0,6.0,37.6,1.3,0.2,0.0,0.0,7.0,6.0,34.8,0.7,0.42857142857142855,1.5,28.0,600.0,0.0,0.13333333333333333,1,1,34.5,8.0,1658,1393,1167,0.0,0.0,10.0,8.0,35.6,0.8,0.14285714285714285,0.0,0.0,6.0,6.0,35.3,1.7,0.8571428571428571,0.8,0.2,55.0,-326.0,10.0,8.0,540.0,-0.5,0.0,-0.07142857142857142,0.07142857142857142,0.0,0.9800000000000011,0.0,0.9205000000000041,1.4342000000000041,-0.35310000000000485,0.4468999999999994,0.22529999999999717,0.3455135190361366,1.651665825765008,-1.0,1.0,0.0,0.0,0.3333333333333333,0.0,,,-0.10994028802247979
430,202310030708,4,2,2,30,5,3,5,67,2,0,0,5,1,1,1,12,1,1,0,24,0,0,0,2,0,0,0,3,0,0,0,6,0,0,0,0,0.0,0.0,2.0,5.0,13.1,1.0,0.5714285714285714,0.0,0.0,4.0,3.0,12.9,0.7,0.5,0.0,0.0,2.0,3.0,13.4,0.8,0.14285714285714285,-1.0,8.0,-890.0,0.16666666666666666,0.3431372549019608,7,7,13.5,5.0,1098,1167,1294,0.0,0.0,4.0,4.0,13.5,0.8,0.16666666666666666,0.0,0.0,6.0,5.0,13.5,1.7,0.16666666666666666,0.1,0.4,55.0,-245.0,10.0,14.0,524.0,-0.21428571428571427,-0.21428571428571427,-0.07142857142857142,0.0,-0.08333333333333333,-0.14000000000000004,0.0,,,,,,0.1862629258629328,0.23999999999999996,-4.0,0.0,,0.0,0.08695652173913043,0.0,,-0.06047008547008548,-0.034969779203157775
431,202310030708,7,3,7,47,0,1,0,14,0,0,0,0,4,2,3,18,0,0,0,4,0,0,0,0,1,0,1,3,0,0,0,1,0,0,0,0,0.0,0.0,10.0,12.0,37.3,2.5,0.8125,0.0,0.0,8.0,5.0,34.7,0.5,0.1111111111111111,0.0,0.0,15.0,13.0,35.3,1.0,0.5882352941176471,0.5,-4.0,300.0,0.04918032786885246,0.18032786885245902,7,8,20.1,6.0,1503,565,1263,0.0,0.0,9.0,10.0,37.0,1.3,0.46153846153846156,0.0,0.0,9.0,9.0,36.2,1.6,0.8181818181818182,-0.1,0.0,58.0,-302.0,10.0,16.0,474.0,0.0,0.0,-0.058823529411764705,0.5384615384615384,-0.18181818181818182,-0.010000000000000852,0.0,-1.2775999999999996,-0.7591999999999999,0.22529999999999717,0.14970000000000283,0.2834000000000003,0.26168416766672914,0.985900603509298,2.0,1.0,0.0,0.15151515151515152,0.3939393939393939,0.0,,-0.023504273504273532,-0.15151515151515152
432,202310030708,2,4,0,31,4,1,5,39,0,0,0,0,1,1,0,9,1,0,1,8,0,0,0,0,0,0,0,2,1,0,0,0,0,0,0,0,0.0,0.0,130.0,15.0,35.7,2.3,1.0,0.0,0.0,40.0,7.0,37.0,1.4,0.7857142857142857,0.0,0.0,11.0,4.0,35.8,0.4,0.9375,-5.5,-2.0,-200.0,0.0,0.0,4,4,81.5,10.0,1127,1428,1328,0.0,0.0,9.0,6.0,34.6,1.0,0.8333333333333334,0.0,0.0,8.0,8.0,35.4,1.3,0.8571428571428571,-1.5,0.0,53.0,-456.0,10.0,16.0,416.0,-0.0625,-0.14285714285714285,-0.0625,0.08333333333333333,-0.14285714285714285,0.3000000000000007,0.0,-0.3299999999999983,-0.9590999999999994,0.35319999999999396,-1.4299999999999997,-0.6300000000000026,0.07649678012579689,0.774596669241483,-3.0,0.0,,0.09090909090909091,0.18181818181818182,0.0,,0.021784079161128317,-0.04903742873667685
433,202310030708,1,0,0,8,2,0,1,20,1,0,0,3,0,0,0,4,0,0,0,6,0,0,0,2,0,0,0,1,0,0,0,2,0,0,0,1,0.0,0.0,150.0,1.0,34.1,0.0,0.7222222222222222,0.0,0.0,70.0,10.0,34.6,1.0,0.9444444444444444,0.0,0.0,50.0,8.0,34.9,0.5,0.8333333333333334,3.5,6.0,200.0,0.08974358974358974,0.24358974358974358,2,2,9.9,4.0,1674,1306,1428,0.0,0.0,90.0,4.0,34.6,0.3,0.7777777777777778,0.0,0.0,130.0,5.0,35.2,0.3,0.6666666666666666,0.2,0.2,55.0,104.0,10.0,18.0,464.0,0.0,-0.2777777777777778,-0.1111111111111111,-0.05555555555555555,0.0,-0.22000000000000028,0.0,-1.3592000000000013,-0.5064999999999955,-0.9162000000000035,-0.5531000000000006,0.04690000000000083,0.0955813918560292,0.3655133376499413,-1.0,0.0,,0.12,0.28,0.0,,0.14734299516908214,-0.08806818181818182
434,202310030804,13,14,16,140,8,7,6,95,0,0,0,0,2,6,5,41,3,1,2,25,0,0,0,0,0,2,3,28,3,1,1,13,0,0,0,0,0.0,0.0,30.0,6.0,38.9,1.9,0.9375,0.0,0.0,50.0,6.0,38.9,1.0,0.9375,0.0,0.0,20.0,3.0,34.0,0.0,0.6153846153846154,-1.5,-4.0,100.0,0.16346153846153846,0.33653846153846156,8,18,11.7,5.0,1127,1618,1328,0.0,0.0,40.0,5.0,34.7,0.6,0.8666666666666667,0.0,0.0,50.0,3.0,36.0,0.4,1.0,-0.7,0.4,56.0,63.0,18.0,16.0,450.0,-0.1875,-0.3125,-0.07692307692307693,-0.3333333333333333,-0.6153846153846154,0.9999999999999993,0.0,0.03179999999999694,-0.7891000000000048,-1.9166000000000025,-1.3299999999999983,-0.6831999999999994,0.13479069780829683,2.0620378270051196,3.0,2.0,1.0,0.038461538461538464,0.3076923076923077,1.0,1.0,0.021784079161128317,0.014617691154422796
435,202310030804,7,16,13,165,3,1,4,16,0,0,0,3,3,9,9,58,3,0,0,5,0,0,0,1,3,2,4,24,2,0,0,2,0,0,0,0,0.0,0.0,3.0,4.0,39.9,0.9,0.9166666666666666,0.0,0.0,6.0,11.0,37.7,1.6,0.6666666666666666,0.0,0.0,4.0,7.0,38.0,1.6,0.47058823529411764,1.5,0.0,300.0,0.0875,0.2375,5,10,6.1,3.0,1506,1079,199,0.0,0.0,2.0,7.0,40.3,0.8,0.26666666666666666,0.0,0.0,5.0,4.0,34.7,0.5,0.2727272727272727,-0.4,0.0,56.0,-395.0,18.0,12.0,494.0,-0.4166666666666667,0.0,-0.29411764705882354,-0.06666666666666667,0.0,0.7799999999999997,0.0,0.507399999999997,0.7587000000000046,0.5553000000000026,1.1548999999999978,-1.3299999999999983,0.24763267998831373,1.9903768487399547,0.0,0.0,,0.03125,0.09375,0.0,,0.12481709101551067,-0.3333333333333333
436,202310030804,4,3,3,26,1,0,0,1,0,0,0,1,1,0,1,11,0,0,0,0,0,0,0,0,0,0,1,10,0,0,0,0,0,0,0,0,0.0,0.0,1.0,1.0,40.3,0.0,0.14285714285714285,0.0,0.0,9.0,3.0,37.1,0.6,0.2777777777777778,0.0,0.0,3.0,5.0,36.5,0.9,0.5555555555555556,2.0,1.0,400.0,0.08571428571428572,0.2857142857142857,1,2,17.1,9.0,1154,624,1561,0.0,0.0,2.0,7.0,42.0,0.9,0.0625,0.0,0.0,1.0,7.0,36.2,0.9,0.5333333333333333,1.6,0.4,54.0,-310.0,18.0,7.0,495.0,0.0,-0.16666666666666666,-0.05555555555555555,0.0625,-0.06666666666666667,0.329999999999999,0.0,2.3832999999999984,1.183399999999999,0.5833999999999975,2.9613000000000014,0.4626000000000019,0.20015471780780134,2.3111901695879538,-1.0,2.0,0.5,0.16,0.36,2.0,0.5,-0.0146198830409357,
437,202310030804,19,13,7,80,9,17,7,130,1,1,0,3,7,0,5,9,2,2,2,27,0,0,0,2,4,0,3,7,1,2,0,12,0,0,0,2,0.0,0.0,40.0,2.0,36.1,0.2,0.16666666666666666,0.0,0.0,20.0,7.0,36.0,1.2,0.875,0.0,0.0,10.0,3.0,34.9,0.2,0.3333333333333333,0.5,8.0,0.0,0.1111111111111111,0.38461538461538464,6,12,3.3,1.0,1657,1405,1317,,,,,,,,,,,,,,,0.5,0.6666666666666666,56.0,21.0,18.0,18.0,518.0,0.05555555555555555,-0.5625,0.0,,,0.6000000000000014,0.0,0.1833999999999989,-0.6831999999999994,-1.016600000000004,,,0.30238251468162836,0.5436502143433374,0.0,3.0,0.6666666666666666,0.07142857142857142,0.42857142857142855,2.0,1.0,-0.1385419032477856,-0.00637555635751233
438,202310030804,7,16,13,165,24,22,14,187,1,2,1,14,3,9,9,58,6,6,7,42,1,2,1,5,3,2,4,24,2,0,4,25,1,0,1,3,0.0,0.0,6.0,6.0,39.0,0.6,0.9090909090909091,0.0,0.0,10.0,5.0,36.6,0.9,0.9444444444444444,0.0,0.0,9.0,2.0,36.1,0.0,0.875,-2.0,14.0,600.0,0.0,0.1,2,4,26.4,10.0,1506,1428,199,0.0,0.0,11.0,7.0,35.8,0.5,0.6666666666666666,0.0,0.0,10.0,12.0,37.2,1.7,0.17647058823529413,1.4,0.2,56.0,-299.0,18.0,11.0,478.0,0.09090909090909091,-0.3333333333333333,-0.1875,-0.05555555555555555,-0.058823529411764705,0.43999999999999984,0.0,0.8462000000000032,0.6833999999999989,-1.105399999999996,-0.11660000000000537,1.4736000000000047,0.2857494910644581,1.1341957503006264,0.0,2.0,0.0,0.0,0.21428571428571427,2.0,0.0,0.12481709101551067,-0.04903742873667685
439,202310030804,22,21,21,170,1,3,0,6,0,0,0,0,10,9,9,78,1,2,0,3,0,0,0,0,3,6,5,23,0,1,0,1,0,0,0,0,0.0,0.0,4.0,6.0,40.6,2.0,1.0,0.0,0.0,2.0,6.0,37.3,1.1,0.3888888888888889,0.0,0.0,4.0,2.0,35.1,0.0,0.7777777777777778,-2.0,-1.0,130.0,0.14285714285714285,0.35714285714285715,1,1,4.9,2.0,1503,259,1263,0.0,0.0,3.0,9.0,37.5,1.8,0.5,0.0,0.0,2.0,3.0,36.4,0.2,0.25,-0.3,0.4,56.0,-326.0,18.0,8.0,473.0,-0.125,-0.16666666666666666,-0.2777777777777778,0.07142857142857142,-0.125,0.8200000000000003,0.0,,1.3833999999999946,-0.8166000000000011,1.3342000000000027,0.48339999999999606,0.27102913150334373,1.8192306066026926,0.0,4.0,0.5,0.06666666666666667,0.28888888888888886,3.0,0.6666666666666666,-0.023504273504273532,
440,202310030804,1,1,1,6,1,4,0,3,0,0,0,0,0,0,1,1,0,1,0,1,0,0,0,0,0,0,0,0,0,1,0,0,0,0,0,0,0.0,0.0,16.0,7.0,37.6,1.5,0.5555555555555556,0.0,0.0,12.0,14.0,35.9,1.8,1.0,0.0,0.0,12.0,12.0,34.8,1.4,0.9375,2.5,2.0,0.0,0.07692307692307693,0.21153846153846154,8,17,157.1,16.0,1676,391,1428,,,,,,,,,,,,,,,2.5,0.0,54.0,0.0,18.0,18.0,450.0,-0.05555555555555555,-0.125,0.0,,,1.4000000000000021,0.0,1.683399999999999,-0.2657999999999987,-0.27470000000000283,,,0.19644582878960298,1.1518101695447347,0.0,2.0,0.0,0.10256410256410256,0.4358974358974359,1.0,0.0,,
441,202310030804,1,6,1,38,0,0,0,2,0,0,0,2,0,0,0,8,0,0,0,0,0,0,0,0,0,0,0,5,0,0,0,0,0,0,0,0,0.0,0.0,60.0,2.0,36.5,0.1,0.7222222222222222,0.0,0.0,70.0,3.0,35.9,0.3,0.4444444444444444,0.0,0.0,110.0,13.0,34.8,1.5,0.7777777777777778,5.5,-2.0,0.0,0.04838709677419355,0.1774193548387097,3,6,13.2,7.0,1148,470,1393,0.0,0.0,80.0,5.0,34.0,0.9,0.6666666666666666,0.0,0.0,130.0,7.0,34.0,0.9,0.5625,1.2,0.4,56.0,15.0,18.0,18.0,422.0,-0.4444444444444444,0.0,0.1111111111111111,-0.1111111111111111,0.0,0.6899999999999998,0.0,0.5833999999999975,-0.016600000000003945,-0.27470000000000283,-1.0747,-1.0747,0.11879669322412832,1.009158064923429,0.0,2.0,1.0,0.0,0.3125,2.0,1.0,0.043478260869565216,
442,202310030804,7,7,5,84,0,1,2,6,0,0,0,0,1,2,3,23,0,0,0,0,0,0,0,0,0,1,1,9,0,0,0,0,0,0,0,0,0.0,0.0,1.0,8.0,42.5,2.1,0.6,0.0,0.0,8.0,7.0,34.4,0.9,0.5,0.0,0.0,6.0,9.0,38.6,2.0,0.1111111111111111,0.5,-11.0,600.0,0.03225806451612903,0.0967741935483871,4,7,12.4,6.0,1090,1561,1169,0.0,0.0,4.0,10.0,39.6,2.8,1.0,0.0,0.0,2.0,13.0,41.2,2.4,0.07692307692307693,1.3,0.0,56.0,-256.0,18.0,10.0,485.0,-0.2,0.07142857142857142,0.0,-0.2727272727272727,0.07692307692307693,-0.26000000000000084,0.0,4.346200000000003,-0.7064999999999984,2.683399999999999,0.39059999999999917,1.8074000000000012,0.34095241593307596,2.7724357521861536,0.0,1.0,0.0,0.21568627450980393,0.45098039215686275,1.0,0.0,0.015533980582524282,-0.047619047619047616
443,202310030804,0,0,1,31,0,0,1,13,0,0,0,0,0,0,0,1,0,0,0,0,0,0,0,0,0,0,0,1,0,0,0,0,0,0,0,0,0.0,0.0,2.0,2.0,40.5,0.4,0.5,0.0,0.0,18.0,10.0,37.8,2.4,0.8333333333333334,0.0,0.0,12.0,8.0,38.4,1.5,0.6666666666666666,3.0,12.0,600.0,0.0,0.14285714285714285,2,3,314.0,18.0,1426,1172,306,0.0,0.0,13.0,7.0,36.7,0.7,0.8125,0.0,0.0,8.0,9.0,36.3,2.1,0.875,1.1,0.2,55.0,-177.0,18.0,10.0,432.0,0.0,-0.1111111111111111,0.06666666666666667,-0.0625,0.0,0.95,0.0,2.346200000000003,1.8833999999999946,-1.2259000000000029,-1.2110999999999947,-1.5211000000000041,0.1379412113103904,1.484048516727132,-1.0,1.0,0.0,0.07692307692307693,0.1794871794871795,1.0,0.0,0.16875,
444,202310030804,2,1,1,23,24,22,14,187,1,0,0,2,0,0,1,9,6,6,7,42,0,0,0,1,0,0,0,4,2,0,4,25,0,0,0,0,0.0,0.0,3.0,2.0,40.0,0.8,0.3333333333333333,0.0,0.0,12.0,11.0,38.6,2.4,0.3888888888888889,0.0,0.0,11.0,5.0,36.7,0.1,0.5,1.5,20.0,200.0,0.0,0.0,7,13,72.0,12.0,1507,1428,593,0.0,0.0,4.0,15.0,44.4,6.5,0.1875,0.0,0.0,4.0,8.0,35.8,1.4,0.5384615384615384,1.6,0.2,53.0,-314.0,18.0,9.0,478.0,-0.1111111111111111,0.1111111111111111,-0.0625,0.625,0.07692307692307693,0.26000000000000084,0.0,0.4532999999999987,2.683399999999999,-0.5053999999999945,5.071100000000001,-0.23000000000000398,0.12518687178480692,3.026549190084311,-3.0,1.0,0.0,0.07142857142857142,0.25,1.0,0.0,0.2518518518518519,-0.04903742873667685
445,202310030804,3,6,8,62,1,1,2,41,0,0,0,1,2,2,1,8,1,1,0,9,0,0,0,1,2,2,0,4,0,0,0,2,0,0,0,1,0.0,0.0,60.0,5.0,40.2,1.6,0.75,0.0,0.0,140.0,12.0,39.4,2.9,0.16666666666666666,0.0,0.0,60.0,12.0,41.0,2.3,0.1875,3.5,-1.0,700.0,0.020833333333333332,0.16666666666666666,7,14,121.6,14.0,1677,1186,1167,0.0,0.0,110.0,4.0,40.3,0.8,0.1875,0.0,0.0,50.0,9.0,40.3,1.6,0.3125,0.0,0.0,56.0,-329.0,18.0,8.0,491.0,0.0,0.2222222222222222,0.0,-0.0625,0.0,-0.10999999999999872,0.0,2.6086000000000027,3.483399999999996,1.3740999999999985,0.7532999999999959,1.0152999999999963,0.2207153773024838,0.5083306010855536,0.0,1.0,0.0,0.10714285714285714,0.21428571428571427,1.0,0.0,0.10299194476409665,0.07240143369175626
446,202310030804,16,17,13,134,9,17,7,130,0,0,0,1,5,4,3,33,2,2,2,27,0,0,0,0,1,1,0,20,1,2,0,12,0,0,0,0,0.0,0.0,11.0,2.0,40.5,0.9,0.8333333333333334,0.0,0.0,4.0,13.0,38.8,2.9,0.3888888888888889,0.0,0.0,4.0,3.0,35.6,0.1,0.26666666666666666,0.5,11.0,500.0,0.23076923076923078,0.4,6,11,9.8,4.0,1152,1405,1428,0.0,0.0,6.0,6.0,36.2,0.6,0.2222222222222222,0.0,0.0,5.0,6.0,36.0,0.8,0.13333333333333333,0.1,0.4,54.0,-326.0,18.0,12.0,445.0,-0.16666666666666666,0.2222222222222222,-0.13333333333333333,-0.1111111111111111,0.4,1.1599999999999995,0.0,,2.8833999999999946,0.1407999999999987,0.2834000000000003,0.08339999999999748,0.2463962481676844,1.908297670700249,3.0,3.0,0.0,0.12,0.36,3.0,0.0,0.0008547008547008517,-0.00637555635751233
447,202310030804,0,0,0,1,1,1,1,22,0,0,0,0,0,0,0,0,0,1,0,2,0,0,0,0,0,0,0,0,0,0,0,1,0,0,0,0,0.0,0.0,15.0,11.0,40.1,2.8,0.375,0.0,0.0,8.0,12.0,13.6,5.3,0.8333333333333334,0.0,0.0,11.0,14.0,39.0,3.4,0.6666666666666666,1.5,-2.0,200.0,0.0,0.14285714285714285,3,5,37.5,11.0,1146,577,512,0.0,0.0,4.0,2.0,38.1,0.9,0.26666666666666666,0.0,0.0,3.0,5.0,38.4,2.2,0.5,-2.2,0.2,53.0,-280.0,18.0,16.0,462.0,0.0625,0.16666666666666666,0.1111111111111111,-0.06666666666666667,-0.1875,-2.1099999999999994,0.0,0.5533000000000001,,3.0833999999999975,-1.1094000000000008,-0.992600000000003,0.2024571285208029,10.14309617424581,-4.0,1.0,0.0,0.041666666666666664,0.125,1.0,0.0,,0.1876923076923077
448,202310030804,8,8,8,109,5,0,6,22,0,0,0,0,2,1,2,32,0,0,1,2,0,0,0,0,1,0,2,19,0,0,0,1,0,0,0,0,0.0,0.0,17.0,15.0,38.6,3.4,0.7222222222222222,0.0,0.0,15.0,17.0,35.0,1.8,0.9444444444444444,0.0,0.0,7.0,8.0,35.9,2.6,0.75,-3.5,0.0,0.0,0.0,0.0,4,8,307.1,17.0,1304,1438,1503,0.0,0.0,10.0,10.0,40.9,3.5,0.75,0.0,0.0,14.0,9.0,38.4,2.3,0.9375,-1.9,0.0,51.0,0.0,18.0,18.0,408.0,0.1111111111111111,-0.1111111111111111,0.25,0.0625,-0.0625,-0.5499999999999993,0.0,2.683399999999999,-0.07469999999999999,0.17360000000000042,1.3532999999999973,0.24620000000000175,0.0986404494698039,2.1000952359357417,0.0,1.0,0.0,0.10344827586206896,0.20689655172413793,1.0,0.0,0.013993316624895585,0.0784313725490196
449,202310030804,22,25,25,193,4,5,3,58,0,0,0,2,9,9,5,68,2,1,2,16,0,0,0,1,0,6,2,27,2,0,1,11,0,0,0,1,0.0,0.0,3.0,12.0,41.6,2.3,0.4166666666666667,0.0,0.0,15.0,16.0,39.0,3.8,0.5555555555555556,0.0,0.0,10.0,10.0,38.9,2.3,0.5833333333333334,-1.0,12.0,500.0,0.0,0.16666666666666666,8,16,133.9,15.0,1691,1376,1167,0.0,0.0,9.0,7.0,38.2,2.2,0.2727272727272727,0.0,0.0,14.0,10.0,38.8,2.6,0.8,-1.3,0.0,53.0,-326.0,18.0,12.0,472.0,0.5833333333333334,0.3888888888888889,0.4166666666666667,0.18181818181818182,0.06666666666666667,0.6400000000000006,0.0,,3.0833999999999975,-0.49260000000000304,-1.7230999999999952,-0.5926000000000045,0.17625941359116712,1.1832159566199236,-3.0,1.0,0.0,0.17391304347826086,0.2608695652173913,1.0,0.0,-0.008540218470705074,0.21746031746031746
450,202310030804,1,1,1,6,19,17,14,192,0,0,0,0,0,0,1,1,4,5,2,38,0,0,0,0,0,0,0,0,2,4,0,16,0,0,0,0,0.0,0.0,3.0,10.0,38.6,1.4,0.8125,0.0,0.0,8.0,17.0,40.2,5.1,0.9444444444444444,0.0,0.0,4.0,7.0,33.5,0.4,0.7777777777777778,-1.5,3.0,600.0,0.061224489795918366,0.14285714285714285,7,15,13.8,8.0,1676,1167,1428,0.0,0.0,4.0,14.0,35.7,1.6,0.8125,0.0,0.0,1.0,5.0,39.1,1.6,0.5,-1.3,0.0,56.0,-276.0,18.0,16.0,507.0,-0.0625,-0.1111111111111111,0.05555555555555555,-0.125,-0.125,0.35,0.0,0.4462000000000046,4.2834,-1.5747,0.6253000000000029,-0.5259,0.1462889707495509,2.460406470484095,0.0,1.0,0.0,0.15151515151515152,0.2727272727272727,1.0,0.0,,-0.034969779203157775
451,202310030804,2,2,4,56,0,0,0,0,0,0,0,0,0,0,0,3,0,0,0,0,0,0,0,0,0,0,0,3,0,0,0,0,0,0,0,0,0.0,0.0,11.0,10.0,39.4,1.2,0.6666666666666666,0.0,0.0,13.0,18.0,43.5,7.5,0.16666666666666666,0.0,0.0,7.0,8.0,36.9,1.6,0.35714285714285715,-1.0,20.0,300.0,0.034482758620689655,0.13793103448275862,5,9,118.5,13.0,1645,1611,1366,0.0,0.0,16.0,4.0,35.8,0.4,0.0625,0.0,0.0,12.0,13.0,39.7,2.9,0.4375,-0.8,0.0,55.0,-325.0,18.0,12.0,474.0,0.0,0.7777777777777778,0.07142857142857142,0.0,0.1875,0.7099999999999994,0.0,0.0073999999999969646,7.5833999999999975,0.983399999999996,-0.5748999999999995,1.420500000000004,0.21144445725391187,2.665783186982768,-1.0,2.0,0.0,0.0967741935483871,0.1935483870967742,2.0,0.0,-0.024999999999999994,
