,race_id,f_course1,f_course2,f_course3,f_courseout,mf_course1,mf_course2,mf_course3,mf_courseout,f_mf_course1,f_mf_course2,f_mf_course3,f_mf_courseout,f_len1,f_len2,f_len3,f_lenout,mf_len1,mf_len2,mf_len3,mf_classout,f_mf_len1,f_mf_len2,f_mf_len3,f_mf_classout,f_class1,f_class2,f_class3,f_classout,mf_class1,mf_class2,mf_class3,mf_classout,f_mf_class1,f_mf_class2,f_mf_class3,f_mf_classout,time_df_course1,time_df_class1,ninki_1,result_1,agari_1,margin_1,corner_ratio_1,time_df_course2,time_df_class2,ninki_2,result_2,agari_2,margin_2,corner_ratio_2,time_df_course3,time_df_class3,ninki_3,result_3,agari_3,margin_3,corner_ratio_3,rank_trend,weight_change,dist_change,jockey_win_rate,jockey_place_rate,waku,umaban,current_odds,current_popularity,father_cat,mother_father_cat,paternal_gf_cat,time_df_course4,time_df_class4,ninki_4,result_4,agari_4,margin_4,corner_ratio_4,time_df_course5,time_df_class5,ninki_5,result_5,agari_5,margin_5,corner_ratio_5,rank_trend_5,win_rate_recent5,kinryo,days_since_last_race,n_horses_today,n_horses_1,horse_weight_abs_1,corner_chase_1,corner_chase_2,corner_chase_3,corner_chase_4,corner_chase_5,agari_trend_5,time_diff_trend_5,agari_df_course_1,agari_df_course_2,agari_df_course_3,agari_df_course_4,agari_df_course_5,corner_ratio_std5,agari_std5,kinryo_diff_1,same_course_cnt5,same_course_pr5,trainer_win_rate,trainer_place_rate,same_cond_cnt5,same_cond_pr5,f_ground_delta,mf_ground_delta
0,202009010211,39,30,28,143,3,0,6,43,0,0,1,2,3,3,0,11,0,0,0,7,0,0,0,0,1,0,0,2,0,0,0,0,0,0,0,0,0.0,0.0,14.0,,,,0.5,0.0,0.0,12.0,16.0,38.4,1.9,0.6875,0.0,0.0,16.0,9.0,33.2,0.6,0.6470588235294118,-7.0,-2.0,0.0,0.08333333333333333,0.3333333333333333,7,14,22.3,6.0,1428,1183,1263,0.0,0.0,15.0,16.0,34.7,1.2,0.6470588235294118,0.0,0.0,5.0,16.0,34.4,1.2,0.8235294117647058,0.7,0.0,56.0,-664.0,18.0,18.0,444.0,0.16666666666666666,-0.125,-0.058823529411764705,0.0,-0.23529411764705882,1.05,0.0,,0.12049999999999983,-1.9530999999999992,-0.37469999999999715,-0.7064999999999984,0.10337095159288218,1.9447043477094388,-1.0,2.0,0.0,1.0,1.0,2.0,0.0,-0.16026422764227644,0.07692307692307693
1,202009010211,0,1,0,0,0,1,0,0,0,1,0,0,0,1,0,0,0,1,0,0,0,1,0,0,0,1,0,0,0,1,0,0,0,1,0,0,0.0,0.0,90.0,16.0,36.2,1.4,0.2222222222222222,0.0,0.0,30.0,9.0,34.5,0.8,0.5,0.0,0.0,30.0,1.0,33.7,0.0,0.4375,-7.5,-8.0,0.0,0.2857142857142857,0.42857142857142855,3,6,4.2,2.0,286,494,1433,0.0,0.0,30.0,10.0,36.8,1.5,0.375,0.0,0.0,40.0,4.0,33.8,0.4,0.4375,-2.3,0.2,56.0,-608.0,18.0,18.0,552.0,-0.05555555555555555,0.125,0.0,-0.25,0.0,0.25000000000000144,0.0,1.093500000000006,-0.6064999999999969,-1.4530999999999992,0.7051999999999978,-1.3531000000000049,0.09475032167116966,1.26964561984831,0.0,2.0,0.0,0.0,0.5454545454545454,2.0,0.0,,
2,202009010211,16,11,9,91,9,2,9,87,0,1,2,5,5,0,1,12,2,0,3,11,0,0,0,0,0,0,0,1,0,0,0,1,0,0,0,0,0.0,0.0,1.0,1.0,35.2,0.0,0.2777777777777778,0.0,0.0,4.0,1.0,34.2,0.0,0.2777777777777778,0.0,0.0,10.0,4.0,34.6,0.2,0.3125,1.5,6.0,0.0,0.17647058823529413,0.35294117647058826,2,3,3.4,1.0,1716,1263,1167,0.0,0.0,17.0,14.0,34.1,0.7,0.16666666666666666,0.0,0.0,6.0,14.0,34.0,0.6,1.0,3.9,0.4,57.0,-1028.0,18.0,18.0,478.0,-0.05555555555555555,0.0,0.0625,0.0,0.0,0.2500000000000007,0.0,0.09350000000000591,-0.9064999999999941,-0.5531000000000006,-0.9746999999999986,-2.0947999999999993,0.30057814661452387,0.44000000000000067,0.0,2.0,1.0,0.0,0.0,2.0,1.0,-0.15846456692913385,0.1312659303313509
3,202009010211,2,1,3,14,1,0,0,2,1,0,0,1,1,1,1,3,1,0,0,1,1,0,0,1,1,0,0,1,1,0,0,1,1,0,0,1,0.0,0.0,15.0,9.0,34.4,0.7,0.8125,0.0,0.0,9.0,14.0,34.4,1.0,0.75,0.0,0.0,7.0,8.0,35.2,0.5,0.9375,-0.5,2.0,-200.0,0.3333333333333333,0.3333333333333333,8,18,25.0,8.0,1396,29,1556,0.0,0.0,8.0,6.0,33.4,0.2,0.8823529411764706,0.0,0.0,3.0,13.0,36.7,2.3,0.875,0.0,0.0,56.0,-310.0,18.0,16.0,504.0,-0.375,-0.0625,0.0,-0.11764705882352941,0.0,-0.3600000000000009,0.0,-0.6747000000000014,-0.7064999999999984,-0.09129999999999683,-1.7064999999999984,-1.579499999999996,0.06437918864661038,1.0998181667894034,-1.0,3.0,0.0,0.5,0.75,2.0,0.0,,
4,202009010211,16,11,9,91,1,1,1,13,1,0,0,2,5,0,1,12,1,0,0,3,1,0,0,0,0,0,0,1,0,0,0,1,0,0,0,0,0.0,0.0,9.0,8.0,34.5,0.5,0.875,0.0,0.0,6.0,5.0,34.7,0.3,0.6666666666666666,0.0,0.0,8.0,7.0,34.9,0.4,0.1875,-0.5,6.0,-200.0,,,4,7,6.8,4.0,1716,1542,1167,0.0,0.0,3.0,10.0,35.7,0.8,0.9375,0.0,0.0,2.0,12.0,34.6,1.1,0.6875,1.3,0.0,57.0,-675.0,18.0,16.0,494.0,0.0625,-0.1111111111111111,0.0,-0.1875,0.125,-0.12000000000000029,0.0,-0.5747,-0.4064999999999941,-0.1747000000000014,-2.453799999999994,-0.5064999999999955,0.26332542182208263,0.430813184570761,-1.0,2.0,0.0,,,2.0,0.0,-0.15846456692913385,
5,202009010211,2,2,0,26,0,0,0,3,0,0,0,3,0,1,0,3,0,0,0,1,0,0,0,1,0,0,0,2,0,0,0,1,0,0,0,1,0.0,0.0,8.0,3.0,34.6,0.2,0.47058823529411764,0.0,0.0,5.0,8.0,34.7,0.6,0.4375,0.0,0.0,9.0,7.0,34.9,0.5,0.75,2.0,-4.0,0.0,0.16666666666666666,0.3333333333333333,5,10,163.3,15.0,1036,1360,1108,0.0,0.0,7.0,2.0,35.5,0.0,0.3888888888888889,0.0,0.0,11.0,7.0,35.5,0.5,0.16666666666666666,0.2,0.4,56.0,-259.0,18.0,17.0,556.0,-0.29411764705882354,-0.1875,0.0,-0.05555555555555555,0.05555555555555555,-0.25999999999999945,0.0,-0.5064999999999955,-0.4064999999999941,-0.1747000000000014,0.39350000000000307,0.4253,0.18672338703160987,0.38781438859330564,-1.0,3.0,0.6666666666666666,0.0,0.2,3.0,0.6666666666666666,-0.13333333333333333,
6,202009010211,1,1,1,45,0,0,0,1,0,0,0,1,1,0,0,8,0,0,0,1,0,0,0,1,0,0,0,2,0,0,0,1,0,0,0,1,0.0,0.0,14.0,15.0,36.9,3.5,0.13333333333333333,0.0,0.0,12.0,14.0,37.6,3.3,0.7857142857142857,0.0,0.0,12.0,16.0,35.0,0.9,0.5555555555555556,0.5,-4.0,0.0,0.0,1.0,3,5,6.1,3.0,1317,1423,1186,0.0,0.0,8.0,14.0,36.3,2.2,0.35714285714285715,0.0,0.0,14.0,14.0,34.4,1.3,0.125,-0.2,0.0,56.0,-1532.0,18.0,15.0,506.0,0.0,0.14285714285714285,0.05555555555555555,0.0,0.125,0.6300000000000004,0.0,1.7935000000000016,0.1822999999999979,-1.0947999999999993,1.1935000000000002,-0.6747000000000014,0.2534449469684984,1.1842297074469974,-1.0,2.0,0.0,,,2.0,0.0,0.10416666666666666,
7,202009010211,0,1,2,22,7,6,6,63,0,0,0,3,0,0,0,3,3,1,0,11,0,0,0,1,0,0,0,1,0,0,0,2,0,0,0,1,0.0,0.0,15.0,15.0,34.8,1.8,0.9333333333333333,0.0,0.0,10.0,9.0,35.1,2.0,0.9,0.0,0.0,13.0,9.0,34.2,0.4,0.38461538461538464,-3.0,2.0,-200.0,0.21052631578947367,0.47368421052631576,6,12,56.1,12.0,1306,1405,1445,0.0,0.0,16.0,8.0,34.6,0.5,0.8125,0.0,0.0,16.0,13.0,35.2,1.7,0.29411764705882354,-0.5,0.0,56.0,-965.0,18.0,15.0,462.0,-0.06666666666666667,-0.1,0.0,-0.4375,-0.058823529411764705,-0.030000000000001137,0.0,-0.27470000000000283,-0.8166000000000011,-0.8746999999999971,-0.8592000000000013,0.04690000000000083,0.2702418333409832,0.3599999999999998,0.0,0.0,,0.0,0.0,0.0,,0.022857142857142854,0.32384823848238486
8,202009010211,6,16,6,73,2,1,2,15,1,0,0,1,2,3,2,15,2,0,0,3,1,0,0,0,0,0,2,2,0,0,0,0,0,0,0,0,0.0,0.0,16.0,16.0,34.3,1.1,1.0,0.0,0.0,10.0,9.0,33.1,1.2,0.9230769230769231,0.0,0.0,10.0,10.0,33.1,0.9,0.75,-3.0,-2.0,200.0,0.05,0.2,8,17,59.3,13.0,1393,1708,1263,0.0,0.0,10.0,6.0,34.4,0.3,0.7777777777777778,0.0,0.0,7.0,6.0,34.1,0.4,1.0,-2.3,0.0,56.0,-945.0,18.0,16.0,502.0,0.0,0.0,0.0,0.05555555555555555,0.0,-0.09000000000000057,0.0,-0.8531000000000049,-2.0531000000000006,-2.0531000000000006,-0.9654000000000025,-1.0531000000000006,0.10722664211661233,0.5796550698475762,-1.0,0.0,,0.2,0.5,0.0,,0.2561056105610561,
9,202009010211,4,3,3,39,1,0,1,4,1,0,1,2,1,1,1,7,0,0,1,1,0,0,1,1,0,0,0,0,0,0,0,0,0,0,0,0,0.0,0.0,10.0,7.0,39.2,2.7,0.8181818181818182,0.0,0.0,9.0,10.0,33.9,1.6,0.9,0.0,0.0,16.0,12.0,34.7,0.7,0.375,2.5,9.0,-100.0,0.0,0.0,5,9,253.2,17.0,1561,707,1263,0.0,0.0,13.0,11.0,36.9,1.8,0.8571428571428571,0.0,0.0,13.0,10.0,34.8,0.6,0.5625,0.7,0.0,56.0,-570.0,18.0,11.0,475.0,0.0,0.1,0.1875,0.0,0.0625,0.5800000000000012,0.0,,-1.1747000000000014,-0.45309999999999917,-1.2537999999999982,-0.35310000000000485,0.20157339866179966,1.9256167843057468,-1.0,0.0,,0.3333333333333333,0.5,0.0,,-0.1207482993197279,
10,202009010211,6,6,9,87,3,10,6,42,1,1,1,3,2,1,0,9,1,0,0,4,0,0,0,0,0,0,0,0,0,0,0,0,0,0,0,0,0.0,0.0,15.0,14.0,33.2,0.8,0.9333333333333333,0.0,0.0,16.0,16.0,34.3,1.5,0.9411764705882353,0.0,0.0,10.0,9.0,35.1,1.7,1.0,-2.5,12.0,200.0,0.0,0.1,7,13,40.5,11.0,1506,1428,199,0.0,0.0,18.0,14.0,34.3,0.7,0.8888888888888888,0.0,0.0,12.0,10.0,34.5,0.8,0.8333333333333334,-1.0,0.0,56.0,-1044.0,18.0,15.0,462.0,0.0,-0.058823529411764705,0.0,0.0,0.0,-0.25999999999999945,0.0,-1.9530999999999992,-0.7747000000000028,-0.3592000000000013,-0.8064999999999998,-2.350299999999997,0.055683205905203065,0.6144916598294881,-2.0,1.0,0.0,0.0,0.0,1.0,0.0,0.22863247863247863,-0.20036429872495448
11,202009010211,13,9,17,98,0,1,1,7,0,1,0,1,0,0,1,9,0,0,0,2,0,0,0,1,0,0,1,4,0,0,0,1,0,0,0,1,0.0,0.0,10.0,10.0,34.5,0.6,0.3888888888888889,0.0,0.0,4.0,8.0,34.5,0.4,0.4666666666666667,0.0,0.0,12.0,10.0,35.6,0.5,0.1111111111111111,0.0,4.0,200.0,0.0,0.0,2,4,7.0,5.0,1503,1551,1263,0.0,0.0,13.0,16.0,36.3,1.5,0.1875,0.0,0.0,10.0,4.0,34.8,0.2,0.058823529411764705,-0.4,0.0,56.0,-700.0,18.0,18.0,474.0,-0.05555555555555555,0.0,0.0,0.0,0.0,-0.23999999999999916,0.0,-0.653100000000002,-0.653100000000002,0.4935000000000045,1.2252999999999972,-0.27470000000000283,0.15855941419375671,0.7059745037889112,-1.0,1.0,0.0,0.125,0.375,1.0,0.0,-0.11075848936845445,
12,202009010211,5,7,13,75,5,2,1,29,0,0,0,1,0,0,3,5,0,0,1,5,0,0,0,0,0,0,0,0,0,0,0,0,0,0,0,0,0.0,0.0,1.0,1.0,13.8,0.0,0.2857142857142857,0.0,0.0,2.0,4.0,13.8,1.4,0.16666666666666666,0.0,0.0,3.0,6.0,13.5,1.8,0.75,2.5,6.0,-1600.0,,,1,2,24.1,7.0,1691,1306,1167,0.0,0.0,10.0,12.0,33.1,0.9,0.6923076923076923,0.0,0.0,7.0,13.0,34.6,1.1,0.8888888888888888,3.2,0.2,56.0,-427.0,18.0,14.0,472.0,0.0,0.08333333333333333,-0.16666666666666666,0.07692307692307693,0.0,-6.09,0.0,,,,-2.1912999999999982,-0.5064999999999955,0.2798796353327663,9.883440696437653,-4.0,2.0,0.0,0.25,0.25,1.0,0.0,0.13461538461538464,-0.04954954954954957
13,202009010211,2,2,4,22,1,0,0,6,1,0,0,1,0,0,1,5,0,0,0,1,0,0,0,1,0,0,0,0,0,0,0,0,0,0,0,0,0.0,0.0,3.0,3.0,41.2,0.5,0.5454545454545454,0.0,0.0,14.0,13.0,34.1,1.3,1.0,0.0,0.0,15.0,13.0,34.2,0.9,0.75,5.0,4.0,0.0,0.0,0.25,1,1,27.4,9.0,1169,857,460,0.0,0.0,13.0,15.0,34.4,0.9,1.0,0.0,0.0,9.0,9.0,35.4,1.0,0.5625,1.4,0.2,56.0,-875.0,18.0,11.0,524.0,-0.09090909090909091,0.0,0.0625,-0.05555555555555555,0.0,1.1300000000000012,0.0,3.046200000000006,-1.0531000000000006,-0.9530999999999992,-0.9654000000000025,0.03459999999999752,0.1998320575875388,2.7096863287103923,0.0,0.0,,0.0,0.0,0.0,,,
14,202009010211,0,0,0,0,0,0,1,7,0,0,0,0,0,0,0,0,0,0,0,0,0,0,0,0,0,0,0,0,0,0,0,0,0,0,0,0,0.0,0.0,130.0,13.0,38.7,4.9,1.0,0.0,0.0,60.0,5.0,34.3,0.6,0.25,0.0,0.0,160.0,15.0,36.2,1.4,0.05555555555555555,1.0,-1.0,400.0,0.3333333333333333,0.3333333333333333,7,15,202.0,16.0,1235,792,1238,0.0,0.0,110.0,14.0,37.8,1.9,0.23529411764705882,0.0,0.0,160.0,12.0,35.6,1.2,0.1111111111111111,0.7,0.0,56.0,-507.0,18.0,13.0,483.0,0.0,0.0,0.0,0.0,0.0,0.2700000000000003,0.0,2.258900000000004,-0.8531000000000049,1.093500000000006,1.7051999999999978,0.4468999999999994,0.34278288579876803,1.5663971399361027,0.0,1.0,0.0,0.0,0.4,1.0,0.0,,
15,202009010211,16,11,9,91,1,4,1,46,0,0,0,2,5,0,1,12,0,0,0,7,0,0,0,0,0,0,0,1,0,0,0,1,0,0,0,0,0.0,0.0,13.0,10.0,34.4,0.6,0.4375,0.0,0.0,2.0,5.0,33.7,0.4,0.7222222222222222,0.0,0.0,7.0,3.0,33.7,0.4,0.625,-3.5,-2.0,200.0,0.1111111111111111,0.3333333333333333,8,16,104.1,14.0,1716,1558,1167,0.0,0.0,1.0,9.0,34.1,0.6,0.5625,0.0,0.0,7.0,4.0,33.7,0.2,0.6875,-0.8,0.2,54.0,-370.0,18.0,16.0,466.0,0.1875,-0.1111111111111111,0.0,0.125,-0.1875,0.09999999999999928,0.0,-0.9654000000000025,-1.4530999999999992,-1.4530999999999992,-1.0531000000000006,-1.4530999999999992,0.10078779198070409,0.2856571371417124,0.0,0.0,,0.0,0.14285714285714285,0.0,,-0.15846456692913385,0.19230769230769232
16,202009010211,13,9,17,98,0,0,1,4,0,0,1,1,0,0,1,9,0,0,1,2,0,0,1,1,0,0,1,4,0,0,1,1,0,0,1,1,0.0,0.0,160.0,16.0,39.3,3.5,0.5,0.0,0.0,180.0,18.0,35.1,1.1,0.5555555555555556,0.0,0.0,,,,,0.0625,2.0,-8.0,0.0,0.0,0.21428571428571427,6,11,39.3,10.0,1503,516,1263,0.0,0.0,150.0,14.0,39.6,3.3,0.1875,0.0,0.0,100.0,5.0,37.3,0.9,0.1875,-3.7,0.0,56.0,-559.0,18.0,16.0,524.0,0.0625,0.0,,0.0,-0.0625,0.15,0.0,1.1462000000000003,-0.26539999999999964,,1.4462000000000046,-0.9795000000000016,0.19339997255097024,1.804681412327394,-3.0,0.0,,0.0,0.2,0.0,,-0.11075848936845445,
17,202009010211,0,0,0,2,0,1,0,3,0,0,0,1,0,0,0,0,0,0,0,0,0,0,0,0,0,0,0,0,0,0,0,0,0,0,0,0,0.0,0.0,110.0,13.0,50.0,10.9,0.38461538461538464,0.0,0.0,160.0,12.0,35.1,0.7,0.375,0.0,0.0,170.0,17.0,34.3,1.6,1.0,2.0,7.0,-200.0,0.06666666666666667,0.2,4,8,355.0,18.0,1027,1150,1013,0.0,0.0,120.0,8.0,33.5,1.6,0.8333333333333334,0.0,0.0,180.0,18.0,38.0,3.5,0.2222222222222222,0.6,0.0,56.0,-320.0,18.0,13.0,463.0,0.6153846153846154,0.0625,0.0,0.0,0.0,2.56,0.0,11.927399999999999,-0.05310000000000059,-0.8064999999999998,-1.653100000000002,2.893500000000003,0.2991132461460309,6.102261875730998,-1.5,2.0,0.0,0.0,0.0,2.0,0.0,,
18,202009010306,7,5,6,58,3,0,0,1,0,0,0,0,1,1,0,6,0,0,0,0,0,0,0,0,0,0,0,1,0,0,0,0,0,0,0,0,0.0,0.0,2.0,2.0,35.0,0.1,0.625,0.0,0.0,2.0,1.0,34.8,0.0,0.4375,0.0,0.0,5.0,2.0,34.1,0.1,0.4375,0.0,6.0,0.0,0.1111111111111111,0.3888888888888889,2,2,2.8,1.0,1127,910,1328,0.0,0.0,5.0,1.0,35.9,0.0,0.5333333333333333,0.0,0.0,6.0,9.0,33.5,0.5,0.9166666666666666,1.4,0.8,54.0,-1058.0,10.0,16.0,496.0,0.0625,0.0,0.0,-0.06666666666666667,0.0,0.18999999999999986,0.0,-3.2794999999999987,-3.272600000000004,-3.1550999999999974,-1.9211000000000027,-1.606499999999997,0.17757236396591797,0.8163332652783413,-1.0,1.0,0.0,0.0,0.25,1.0,0.0,0.09649122807017543,
19,202009010306,5,7,13,75,1,1,1,13,0,0,1,0,0,0,3,5,1,0,0,3,0,0,0,0,0,0,0,2,0,0,0,0,0,0,0,0,0.0,0.0,14.0,10.0,33.8,0.4,0.6875,0.0,0.0,8.0,9.0,34.1,0.7,0.7272727272727273,0.0,0.0,10.0,5.0,34.2,0.3,0.6470588235294118,-2.5,-6.0,0.0,0.0,0.2,5,5,3.7,2.0,1691,1542,1167,0.0,0.0,8.0,11.0,34.9,0.7,0.8333333333333334,0.0,0.0,9.0,9.0,34.3,0.6,0.7333333333333333,0.0,0.0,56.0,-1541.0,10.0,16.0,472.0,0.0,-0.09090909090909091,0.0,-0.1111111111111111,0.0,-0.17999999999999972,0.0,-1.3064999999999998,-0.9746999999999986,-1.1653999999999982,-0.4654000000000025,-0.8064999999999998,0.06211175465133685,0.3611094017053557,-2.0,2.0,0.0,0.125,0.375,2.0,0.0,0.13461538461538464,
20,202009010306,16,11,9,91,3,10,6,42,1,1,4,8,5,0,1,12,1,0,0,4,1,0,0,0,1,0,1,2,1,0,0,0,1,0,0,0,0.0,0.0,16.0,15.0,35.1,1.3,0.9444444444444444,0.0,0.0,16.0,9.0,33.9,0.7,0.75,0.0,0.0,14.0,14.0,35.0,1.0,0.6875,-0.5,2.0,0.0,0.16666666666666666,0.3888888888888889,4,4,5.5,3.0,1716,1428,1167,0.0,0.0,12.0,9.0,33.8,0.4,0.25,0.0,0.0,12.0,14.0,35.4,1.0,0.1875,-0.2,0.0,56.0,-1682.0,10.0,18.0,478.0,-0.05555555555555555,0.0625,-0.125,0.0,0.0,-0.04999999999999929,0.0,-0.006499999999995509,-1.2531000000000034,-0.153100000000002,-1.3531000000000049,0.03459999999999752,0.29493538735806085,0.6590902821313641,0.0,1.0,0.0,0.0,0.16666666666666666,1.0,0.0,-0.15846456692913385,-0.20036429872495448
21,202009010306,0,0,0,11,3,10,6,42,0,0,0,1,0,0,0,2,1,0,0,4,0,0,0,0,0,0,0,0,1,0,0,0,0,0,0,0,0.0,0.0,10.0,1.0,35.2,0.0,0.6,0.0,0.0,70.0,4.0,34.5,0.8,0.75,0.0,0.0,80.0,4.0,33.9,0.4,1.0,1.5,0.0,200.0,0.0,0.0,6,6,9.4,5.0,1576,1428,1577,0.0,0.0,70.0,5.0,34.1,0.8,0.7222222222222222,0.0,0.0,30.0,11.0,33.7,0.8,0.9375,2.1,0.2,54.0,-896.0,10.0,15.0,514.0,0.0,0.1875,-0.06666666666666667,-0.2222222222222222,0.0,0.33999999999999986,0.0,-2.2177000000000007,-3.7794999999999987,-1.2531000000000034,-1.0531000000000006,-1.4530999999999992,0.14658562575850453,0.5306599664568644,-1.0,0.0,,0.0,0.3333333333333333,0.0,,,-0.20036429872495448
22,202009010306,6,16,6,73,0,0,1,9,0,0,1,1,2,3,2,15,0,0,0,1,0,0,0,0,1,0,0,1,0,0,0,0,0,0,0,0,0.0,0.0,12.0,15.0,36.5,3.6,0.5625,0.0,0.0,13.0,1.0,34.4,0.0,0.07142857142857142,0.0,0.0,14.0,16.0,36.0,2.8,1.0,0.5,-16.0,200.0,0.0,0.0,3,3,94.5,10.0,1393,1721,1263,0.0,0.0,16.0,16.0,34.3,0.7,0.8235294117647058,0.0,0.0,13.0,12.0,36.7,2.6,0.8571428571428571,0.9,0.2,56.0,-1009.0,10.0,16.0,478.0,0.0,0.0,0.0,0.058823529411764705,0.0,-0.030000000000000426,0.0,1.346899999999998,-0.7531000000000034,0.846899999999998,-0.8531000000000049,1.593500000000006,0.32774597305152897,1.0303397497913023,-1.0,1.0,0.0,,,1.0,0.0,0.2561056105610561,
23,202009010306,5,5,6,40,1,0,0,2,1,0,0,0,1,1,1,3,1,0,0,0,1,0,0,0,0,0,0,0,0,0,0,0,0,0,0,0,0.0,0.0,14.0,13.0,36.7,1.8,0.3333333333333333,0.0,0.0,6.0,11.0,36.0,1.6,0.25,0.0,0.0,3.0,1.0,35.5,0.0,0.16666666666666666,-6.0,6.0,0.0,0.0,0.0,8,9,91.3,9.0,1736,1435,1482,0.0,0.0,9.0,14.0,36.8,1.6,0.2222222222222222,0.0,0.0,5.0,9.0,35.2,1.2,0.5,-0.5,0.2,54.0,-407.0,10.0,15.0,438.0,0.0,0.0,0.0,0.0,0.0,0.22000000000000028,0.0,1.4087000000000032,0.8935000000000031,0.39350000000000307,1.6935000000000002,0.09350000000000591,0.11600340565456167,0.6343500610861474,-1.0,5.0,0.2,0.42857142857142855,0.5714285714285714,4.0,0.25,-0.1857142857142857,
24,202009010306,16,11,9,91,7,6,6,63,2,1,0,3,5,0,1,12,3,1,0,11,1,0,0,0,1,0,1,2,0,0,0,0,0,0,0,0,0.0,0.0,100.0,90.0,41.5,2.5,0.75,0.0,0.0,140.0,160.0,39.9,2.2,0.0625,0.0,0.0,110.0,70.0,35.2,1.1,0.9166666666666666,-10.0,17.0,0.0,0.19047619047619047,0.42857142857142855,8,10,15.2,7.0,1716,1405,1167,0.0,0.0,170.0,160.0,37.1,2.8,0.16666666666666666,0.0,0.0,120.0,150.0,39.4,1.9,0.0625,12.0,0.0,56.0,-1102.0,10.0,12.0,509.0,0.16666666666666666,0.0625,-0.08333333333333333,0.0,0.0,0.7,0.0,3.346200000000003,0.2740999999999971,-1.2410999999999959,1.7346000000000004,1.2462000000000018,0.3664298477653442,2.2157617200412125,1.0,0.0,,0.5,0.5,0.0,,-0.15846456692913385,0.32384823848238486
25,202009010306,6,16,6,73,0,0,1,7,0,0,0,0,2,3,2,15,0,0,0,0,0,0,0,0,1,0,0,1,0,0,0,0,0,0,0,0,0.0,0.0,90.0,90.0,42.9,2.9,0.7777777777777778,0.0,0.0,140.0,70.0,35.2,0.6,0.25,0.0,0.0,70.0,80.0,35.0,0.8,0.2777777777777778,-5.0,7.0,0.0,0.5,0.5,1,1,7.8,4.0,1393,792,1263,0.0,0.0,140.0,40.0,35.7,0.3,0.3125,0.0,0.0,150.0,70.0,35.1,0.3,0.0625,-7.0,0.0,56.0,-1267.0,10.0,9.0,459.0,0.0,0.0625,0.0,0.0,0.0,1.5099999999999993,0.0,4.746200000000002,0.04690000000000083,-0.153100000000002,0.3346000000000018,-0.05310000000000059,0.2371952235481863,3.0694624936623667,0.0,0.0,,0.0,0.5,0.0,,0.2561056105610561,
26,202009010306,16,11,9,91,1,3,3,15,1,0,0,1,5,0,1,12,1,0,0,4,1,0,0,0,1,0,1,2,0,0,0,0,0,0,0,0,0.0,0.0,30.0,11.0,35.5,0.8,0.2,0.0,0.0,110.0,15.0,39.1,3.5,0.125,0.0,0.0,20.0,1.0,35.1,0.0,0.13333333333333333,-5.0,4.0,200.0,0.0,0.0,7,7,11.2,6.0,1716,1599,1167,0.0,0.0,70.0,4.0,35.9,0.4,0.125,0.0,0.0,50.0,3.0,37.2,0.1,0.2,-2.7,0.4,53.0,28.0,10.0,15.0,464.0,0.0,0.0,-0.06666666666666667,0.0,-0.1,-0.020000000000000285,0.0,0.346899999999998,4.025300000000001,-0.006499999999995509,0.8252999999999986,1.2775000000000034,0.03551212625443753,1.4527215837867906,-3.0,1.0,1.0,0.1111111111111111,0.2222222222222222,1.0,1.0,-0.15846456692913385,
27,202009010306,1,0,0,0,1,0,0,0,1,0,0,0,0,0,0,0,0,0,0,0,0,0,0,0,0,0,0,0,0,0,0,0,0,0,0,0,0.0,0.0,6.0,7.0,42.1,1.3,0.5,0.0,0.0,16.0,14.0,39.1,3.1,0.625,0.0,0.0,16.0,15.0,35.4,1.9,0.25,4.0,5.0,100.0,0.0,0.2,7,8,23.5,8.0,775,160,306,0.0,0.0,11.0,11.0,39.5,4.2,0.36363636363636365,0.0,0.0,15.0,12.0,36.3,1.8,0.3333333333333333,0.7,0.0,54.0,-1604.0,10.0,10.0,485.0,-0.2,0.0,0.0,0.6363636363636364,0.0,1.120000000000001,0.0,4.508600000000001,1.682299999999998,0.24689999999999657,3.5833999999999975,1.1935000000000002,0.1325562756248449,2.3986662960903935,0.0,1.0,0.0,0.0,0.0,1.0,0.0,,
28,202009010309,7,5,6,58,4,2,0,4,2,0,0,1,1,1,0,6,1,0,0,0,0,0,0,0,1,0,0,1,0,0,0,0,0,0,0,0,0.0,0.0,40.0,9.0,35.4,0.3,0.05555555555555555,0.0,0.0,140.0,14.0,34.4,0.9,0.5555555555555556,0.0,0.0,30.0,10.0,35.1,0.6,0.125,0.5,4.0,0.0,0.0,0.5,5,5,2.5,1.0,1127,882,1328,0.0,0.0,30.0,9.0,35.1,0.7,0.375,0.0,0.0,10.0,11.0,36.7,2.0,0.3333333333333333,-0.1,0.0,55.0,-617.0,12.0,18.0,496.0,0.0,-0.16666666666666666,0.0,0.0,-0.08333333333333333,-0.3300000000000011,0.0,0.29350000000000165,-1.0592000000000041,0.025300000000001432,0.025300000000001432,1.2408000000000001,0.17989194287435756,0.7552483035399694,3.0,1.0,0.0,0.0,0.125,1.0,0.0,0.09649122807017543,
29,202009010309,0,0,0,11,0,0,0,1,0,0,0,0,0,0,0,2,0,0,0,1,0,0,0,0,0,0,0,0,0,0,0,0,0,0,0,0,0.0,0.0,16.0,16.0,35.2,1.4,0.1875,0.0,0.0,18.0,16.0,33.5,0.8,1.0,0.0,0.0,16.0,14.0,38.6,2.4,0.9375,-1.0,-14.0,200.0,0.09090909090909091,0.2727272727272727,6,7,4.0,2.0,1321,1417,1263,0.0,0.0,13.0,13.0,35.9,1.7,0.9230769230769231,0.0,0.0,15.0,14.0,34.2,1.3,1.0,-0.7,0.0,57.0,-1568.0,12.0,16.0,476.0,0.125,0.0,0.0625,-0.07692307692307693,0.0,-0.039999999999999855,0.0,0.04690000000000083,-1.653100000000002,0.32050000000000267,-2.3795,-1.0912999999999968,0.3126493725845533,1.7634057956125697,0.0,1.0,0.0,0.1111111111111111,0.3333333333333333,0.0,,,
30,202009010309,39,30,28,143,0,1,1,5,0,0,0,0,3,3,0,11,0,0,1,2,0,0,0,0,0,1,0,2,0,0,0,0,0,0,0,0,0.0,0.0,7.0,7.0,40.3,1.5,1.0,0.0,0.0,12.0,11.0,35.0,0.4,0.42857142857142855,0.0,0.0,11.0,8.0,35.8,0.7,0.3125,0.5,14.0,-200.0,0.11764705882352941,0.35294117647058826,2,2,10.3,5.0,1428,702,1263,0.0,0.0,10.0,4.0,34.6,0.2,0.4117647058823529,0.0,0.0,10.0,7.0,34.6,0.9,0.8,-0.7,0.0,57.0,-1439.0,12.0,9.0,474.0,0.0,-0.07142857142857142,0.0,-0.058823529411764705,-0.06666666666666667,1.179999999999999,0.0,3.0448999999999984,-0.153100000000002,0.6468999999999951,-0.5531000000000006,-0.7653999999999996,0.26345080945442,2.164809460437568,1.0,0.0,,0.125,0.25,0.0,,-0.16026422764227644,
31,202009010309,39,30,28,143,0,2,0,4,0,1,0,0,3,3,0,11,0,1,0,0,0,1,0,0,0,1,0,2,0,1,0,0,0,1,0,0,0.0,0.0,18.0,12.0,36.2,1.6,0.8333333333333334,0.0,0.0,15.0,13.0,33.3,0.7,0.8666666666666667,0.0,0.0,15.0,10.0,34.6,0.5,0.9375,-1.0,6.0,0.0,0.0,0.2,3,3,6.6,4.0,1428,1589,1263,0.0,0.0,13.0,10.0,34.3,1.0,0.7692307692307693,0.0,0.0,16.0,14.0,37.5,2.4,1.0,0.1,0.0,57.0,-1380.0,12.0,18.0,492.0,0.0,-0.06666666666666667,0.0,0.15384615384615385,0.0,-0.35999999999999943,0.0,1.093500000000006,-1.8064999999999998,-0.5531000000000006,-0.9634,2.236600000000003,0.08040219821606256,1.4878171930717845,5.0,2.0,0.0,0.0,0.3333333333333333,2.0,0.0,-0.16026422764227644,
32,202009010309,6,6,9,87,1,4,2,17,0,0,0,0,2,1,0,9,0,0,1,3,0,0,0,0,0,0,0,1,0,0,0,1,0,0,0,0,0.0,0.0,10.0,8.0,33.5,1.0,0.8666666666666667,0.0,0.0,4.0,1.0,34.7,0.0,0.7222222222222222,0.0,0.0,3.0,1.0,33.8,0.0,0.6923076923076923,-3.5,6.0,200.0,0.0,0.21428571428571427,6,8,22.1,7.0,1506,848,199,0.0,0.0,3.0,4.0,33.8,0.5,0.8666666666666667,0.0,0.0,2.0,8.0,34.2,0.7,0.6,0.3,0.4,55.0,-428.0,12.0,15.0,494.0,0.0,0.0,-0.07692307692307693,0.0,0.0,-0.05,0.0,-1.653100000000002,-0.6653999999999982,-1.3531000000000049,-1.3531000000000049,-0.9530999999999992,0.10375096759589181,0.4147288270665562,1.0,0.0,,0.0,0.0,0.0,,0.22863247863247863,-0.12500000000000003
33,202009010309,6,16,6,73,0,0,0,1,0,0,0,0,2,3,2,15,0,0,0,0,0,0,0,0,0,1,0,4,0,0,0,0,0,0,0,0,0.0,0.0,9.0,8.0,39.7,2.6,1.0,0.0,0.0,15.0,16.0,33.1,0.9,0.5625,0.0,0.0,11.0,15.0,33.1,1.2,0.8888888888888888,3.5,1.0,0.0,0.15384615384615385,0.3076923076923077,8,11,14.7,6.0,1393,480,1263,0.0,0.0,15.0,17.0,35.4,1.0,0.16666666666666666,0.0,0.0,10.0,1.0,35.0,0.0,0.23076923076923078,-1.3,0.2,57.0,-946.0,12.0,9.0,433.0,-0.1111111111111111,,,0.0,-0.07692307692307693,0.7100000000000009,0.0,2.0357000000000056,-0.4433999999999969,-0.4433999999999969,0.03459999999999752,-0.153100000000002,0.33597660329315515,2.4137936945812086,1.0,0.0,,0.0,0.2857142857142857,0.0,,0.2561056105610561,
34,202009010309,0,0,0,7,0,0,0,4,0,0,0,0,0,0,0,0,0,0,0,2,0,0,0,0,0,0,0,0,0,0,0,0,0,0,0,0,0.0,0.0,12.0,15.0,35.6,1.8,0.5333333333333333,0.0,0.0,14.0,7.0,34.5,0.6,0.5,0.0,0.0,11.0,5.0,34.8,0.4,0.46153846153846156,-5.0,0.0,200.0,0.09090909090909091,0.18181818181818182,7,9,178.0,12.0,1642,1511,1124,0.0,0.0,14.0,11.0,34.5,0.8,0.4,0.0,0.0,15.0,15.0,36.9,1.7,0.3333333333333333,0.4,0.0,55.0,-308.0,12.0,15.0,468.0,-0.06666666666666667,0.0,0.07692307692307693,0.0,-0.1111111111111111,-0.25999999999999945,0.0,0.4468999999999994,-0.653100000000002,-0.35310000000000485,-0.653100000000002,1.7935000000000016,0.07154535395526272,0.9134549797335388,0.0,1.0,0.0,0.0,0.1111111111111111,1.0,0.0,0.0,
35,202009010309,0,2,4,29,1,0,0,7,0,0,0,3,0,0,0,4,0,0,0,2,0,0,0,2,0,0,0,0,0,0,0,0,0,0,0,0,0.0,0.0,4.0,13.0,38.6,1.4,0.125,0.0,0.0,6.0,9.0,36.7,0.8,0.09090909090909091,0.0,0.0,5.0,4.0,37.2,0.3,0.125,-4.5,-6.0,200.0,,,4,4,43.0,9.0,1618,351,1263,0.0,0.0,5.0,4.0,37.0,0.8,0.1875,0.0,0.0,5.0,8.0,37.3,0.8,0.125,-1.5,0.0,55.0,-266.0,12.0,16.0,488.0,0.0,0.0,-0.0625,0.0,0.0,0.23000000000000115,0.0,0.6889000000000038,0.33840000000000003,-0.7110999999999947,-0.4177000000000035,-0.6111000000000004,0.03132738352747778,0.6529931086925803,0.0,1.0,0.0,0.125,0.25,0.0,,0.20357142857142857,
36,202009010309,0,1,2,22,2,2,2,30,0,0,0,2,0,0,0,3,0,0,1,4,0,0,0,1,0,0,0,2,0,0,0,2,0,0,0,1,0.0,0.0,13.0,14.0,35.8,0.6,0.4444444444444444,0.0,0.0,13.0,11.0,35.9,0.9,0.47058823529411764,0.0,0.0,6.0,9.0,33.7,0.9,0.75,-2.5,4.0,200.0,0.2,0.45,8,12,6.3,3.0,1306,1366,1445,0.0,0.0,11.0,15.0,35.0,1.3,0.5555555555555556,0.0,0.0,9.0,4.0,34.7,0.4,0.17647058823529413,-1.6,0.0,55.0,-358.0,12.0,18.0,496.0,0.0,0.0,0.0,0.05555555555555555,0.058823529411764705,0.3099999999999987,0.0,0.4345999999999961,0.7468999999999966,-1.4530999999999992,-0.153100000000002,-0.45309999999999917,0.18552077755522364,0.8034923770640247,4.0,0.0,,,,0.0,,0.022857142857142854,0.05555555555555555
37,202009010309,0,3,1,12,1,3,3,15,0,0,0,0,0,0,0,1,1,0,0,4,0,0,0,0,0,0,0,0,0,0,0,1,0,0,0,0,0.0,0.0,7.0,1.0,35.9,0.0,0.3333333333333333,0.0,0.0,10.0,10.0,36.8,0.4,0.1875,0.0,0.0,11.0,5.0,34.4,0.4,0.14285714285714285,2.0,-4.0,-200.0,0.0,0.0,5,6,60.6,10.0,1453,1599,1428,0.0,0.0,7.0,9.0,34.9,1.7,0.2,0.0,0.0,8.0,13.0,35.5,1.4,0.25,2.3,0.2,55.0,-365.0,12.0,12.0,470.0,-0.08333333333333333,0.0,0.0,0.1,0.125,0.2699999999999996,0.0,0.8252999999999986,1.7252999999999972,-0.7064999999999984,-0.1747000000000014,0.20870000000000033,0.06498342715638089,0.8270429251254128,0.0,2.0,0.0,,,1.0,0.0,,
38,202009010309,6,16,6,73,0,0,0,11,0,0,0,1,2,3,2,15,0,0,0,4,0,0,0,0,0,1,0,4,0,0,0,0,0,0,0,0,0.0,0.0,15.0,12.0,35.0,1.0,0.11764705882352941,0.0,0.0,11.0,11.0,34.7,2.5,1.0,0.0,0.0,13.0,15.0,38.1,2.4,0.9375,1.5,-12.0,-400.0,0.0,0.18181818181818182,1,1,148.5,11.0,1393,1145,1263,0.0,0.0,11.0,9.0,36.9,1.2,0.75,0.0,0.0,12.0,1.0,37.7,0.0,0.75,-2.4,0.2,57.0,-77.0,12.0,17.0,484.0,0.0,0.0,-0.0625,-0.08333333333333333,0.0,-0.7600000000000001,0.0,-0.4592000000000027,-0.4064999999999941,-1.4466999999999999,-2.6467000000000027,-1.8466999999999985,0.3130281004886011,1.389100428334827,4.0,1.0,0.0,0.0,0.2857142857142857,1.0,0.0,0.2561056105610561,
39,202009010309,6,6,9,87,3,3,3,9,0,0,0,1,2,1,0,9,0,0,0,0,0,0,0,0,0,0,0,1,0,0,0,0,0,0,0,0,0.0,0.0,10.0,8.0,39.8,2.5,0.8333333333333334,0.0,0.0,7.0,8.0,35.9,1.5,0.875,0.0,0.0,12.0,9.0,35.0,0.8,0.9285714285714286,0.5,5.0,-100.0,0.0,0.0,7,10,23.5,8.0,1506,1362,199,0.0,0.0,17.0,9.0,33.6,0.9,0.9444444444444444,0.0,0.0,15.0,9.0,35.3,1.2,0.8,0.3,0.0,57.0,-612.0,12.0,12.0,495.0,-0.16666666666666666,0.0,-0.14285714285714285,0.0,0.0,1.1299999999999997,0.0,,0.6366000000000014,-0.07469999999999999,-1.4746999999999986,0.036599999999999966,0.05485522299697513,2.08173004974228,1.0,0.0,,0.0,0.2,0.0,,0.22863247863247863,
40,202009010510,0,0,0,1,0,0,0,2,0,0,0,1,0,0,0,0,0,0,0,0,0,0,0,0,0,0,0,0,0,0,0,0,0,0,0,0,0.0,0.0,14.0,15.0,35.1,1.0,0.125,0.0,0.0,9.0,16.0,37.2,2.4,0.125,0.0,0.0,5.0,10.0,36.0,1.2,0.3125,-2.5,0.0,0.0,0.0625,0.1875,3,3,5.9,4.0,1430,532,1013,0.0,0.0,2.0,7.0,34.7,0.3,0.11764705882352941,0.0,0.0,4.0,1.0,35.0,0.0,0.18181818181818182,-3.7,0.2,55.0,-231.0,11.0,16.0,478.0,0.1875,0.0625,-0.0625,0.0,0.0,0.2700000000000003,0.0,-0.006499999999995509,2.125300000000003,0.6345999999999989,-0.4064999999999941,-0.29129999999999967,0.07376735927846649,0.9099450532861864,1.0,3.0,0.3333333333333333,0.0,0.0,0.0,,,
41,202009010510,3,2,3,7,2,1,0,3,0,0,0,0,1,1,1,2,0,0,0,1,0,0,0,0,0,0,0,0,0,0,0,0,0,0,0,0,0.0,0.0,15.0,13.0,34.2,1.1,0.7222222222222222,0.0,0.0,12.0,12.0,37.1,1.4,0.7142857142857143,0.0,0.0,12.0,12.0,34.8,1.3,0.4117647058823529,-0.5,-4.0,0.0,0.0,0.25,6,7,4.9,3.0,1393,1294,1263,0.0,0.0,7.0,7.0,33.9,0.5,0.25,0.0,0.0,17.0,12.0,34.8,0.7,0.6666666666666666,-0.7,0.0,57.0,-806.0,11.0,18.0,538.0,-0.05555555555555555,0.0,-0.058823529411764705,0.0,0.1111111111111111,0.20000000000000143,0.0,-0.9064999999999941,-0.5642999999999958,-0.27470000000000283,-1.1747000000000014,-0.3064999999999998,0.1893809709582309,1.1253443917308166,3.0,2.0,0.0,0.0,0.25,0.0,,0.2561056105610561,0.20588235294117646
42,202009010510,2,1,2,10,2,0,0,14,0,0,0,2,0,0,0,1,0,0,0,3,0,0,0,0,0,0,0,0,0,0,0,0,0,0,0,0,0.0,0.0,14.0,11.0,35.2,1.8,0.25,0.0,0.0,12.0,13.0,37.9,2.7,0.07692307692307693,0.0,0.0,9.0,15.0,36.0,1.1,0.16666666666666666,2.0,-4.0,200.0,0.14285714285714285,0.2857142857142857,8,10,3.1,1.0,1127,1167,1328,0.0,0.0,10.0,11.0,38.1,1.4,0.0625,0.0,0.0,9.0,7.0,36.1,1.1,0.07142857142857142,-1.0,0.0,57.0,-1002.0,11.0,16.0,492.0,0.0,0.0,0.1111111111111111,0.0,0.0,-0.2,0.0,0.04690000000000083,2.8252999999999986,0.8935000000000031,-0.17949999999999733,0.9935000000000045,0.0727287855264102,1.1394735626595285,0.0,2.0,0.0,0.25,0.25,0.0,,0.09649122807017543,-0.20833333333333331
43,202009010510,6,2,3,15,0,0,0,4,0,0,0,0,2,0,0,1,0,0,0,0,0,0,0,0,0,0,0,0,0,0,0,0,0,0,0,0,0.0,0.0,5.0,4.0,35.0,0.3,0.36363636363636365,0.0,0.0,10.0,2.0,33.7,0.0,0.6875,0.0,0.0,11.0,5.0,33.0,0.3,0.4166666666666667,0.5,8.0,0.0,0.0,0.1875,1,1,6.4,5.0,1506,1104,199,0.0,0.0,6.0,7.0,34.7,0.6,0.6,0.0,0.0,6.0,7.0,35.8,1.1,0.875,1.1,0.2,55.0,0.0,11.0,11.0,472.0,0.0,0.0,0.08333333333333333,-0.3,-0.375,-0.25999999999999945,0.0,-0.29129999999999967,-1.406499999999994,-2.0747,-1.037399999999998,-0.11660000000000537,0.1855294214067673,0.9850888284819791,0.0,2.0,0.5,0.25,0.25,0.0,,0.22863247863247863,
44,202009010510,0,0,0,1,0,0,0,1,0,0,0,1,0,0,0,0,0,0,0,0,0,0,0,0,0,0,0,0,0,0,0,0,0,0,0,0,0.0,0.0,80.0,2.0,35.6,0.2,0.4375,0.0,0.0,80.0,3.0,33.6,0.4,0.625,0.0,0.0,120.0,6.0,34.2,0.6,0.6923076923076923,2.0,-4.0,0.0,0.08333333333333333,0.16666666666666666,7,9,30.6,7.0,1323,1208,848,0.0,0.0,110.0,10.0,34.0,0.5,0.5882352941176471,0.0,0.0,70.0,14.0,34.7,1.1,1.0,3.1,0.4,57.0,-315.0,11.0,16.0,514.0,0.1875,-0.0625,-0.15384615384615385,-0.058823529411764705,0.0,0.13999999999999985,0.0,-0.7616000000000014,-1.5531000000000006,-0.9064999999999941,-1.106499999999997,-1.3947999999999965,0.1855557437842045,0.6881860213634104,2.0,3.0,0.3333333333333333,0.0,0.0,0.0,,,
45,202009010510,1,1,2,9,2,1,4,15,0,1,0,0,0,1,1,0,0,1,0,1,0,1,0,0,0,0,0,0,0,0,0,0,0,0,0,0,0.0,0.0,12.0,1.0,33.9,0.0,0.8571428571428571,0.0,0.0,9.0,11.0,35.4,0.7,0.75,0.0,0.0,16.0,4.0,34.6,0.1,0.8888888888888888,1.5,10.0,200.0,0.15384615384615385,0.38461538461538464,7,8,40.1,9.0,1090,1263,1169,0.0,0.0,14.0,15.0,34.7,1.3,0.75,0.0,0.0,7.0,9.0,37.7,1.4,0.5,2.0,0.2,57.0,-476.0,11.0,14.0,470.0,0.0,0.0,-0.3333333333333333,-0.125,-0.0625,-0.6900000000000013,0.0,-1.2531000000000034,-2.4211000000000027,-0.7653999999999996,-0.4064999999999941,-0.5794999999999959,0.13657713270208413,1.3093509842666338,0.0,1.0,0.0,0.1111111111111111,0.3333333333333333,0.0,,0.152762730227519,0.1312659303313509
46,202009010510,3,2,3,7,0,0,0,0,0,0,0,0,1,1,1,2,0,0,0,0,0,0,0,0,0,0,0,0,0,0,0,0,0,0,0,0,0.0,0.0,90.0,9.0,41.1,2.8,0.45454545454545453,0.0,0.0,120.0,15.0,36.8,1.7,0.0625,0.0,0.0,50.0,16.0,35.6,1.5,0.5625,3.5,17.0,0.0,,,6,6,29.4,6.0,1393,1168,1263,0.0,0.0,60.0,7.0,36.1,0.7,0.09090909090909091,0.0,0.0,70.0,13.0,34.9,0.8,0.05555555555555555,0.0,0.0,57.0,-1348.0,11.0,11.0,509.0,0.09090909090909091,0.0625,0.0,0.0,0.0,1.31,0.0,2.8205000000000027,1.6468999999999951,0.4468999999999994,0.8087000000000018,-0.25310000000000343,0.218015962376693,2.189977168830763,1.0,1.0,0.0,0.2857142857142857,0.2857142857142857,0.0,,0.2561056105610561,
47,202009010510,6,2,3,15,2,1,0,3,1,0,0,1,2,0,0,1,0,0,0,1,0,0,0,0,0,0,0,0,0,0,0,0,0,0,0,0,0.0,0.0,8.0,8.0,35.0,0.7,0.9090909090909091,0.0,0.0,6.0,11.0,36.4,1.2,0.46153846153846156,0.0,0.0,10.0,6.0,33.8,0.4,0.7,-1.0,-4.0,0.0,0.25,0.25,4,4,36.6,8.0,1506,1294,199,0.0,0.0,3.0,1.0,34.2,0.0,0.375,0.0,0.0,3.0,5.0,33.6,0.5,0.625,-1.5999999999999999,0.2,57.0,0.0,11.0,11.0,470.0,0.0,0.0,0.0,-0.125,-0.125,0.4999999999999993,0.0,-0.29129999999999967,1.1366000000000014,-1.2747000000000028,-1.0633999999999943,-1.8592000000000013,0.18706206783668383,1.0198039027185564,0.0,1.0,0.0,0.0,0.25,0.0,,0.22863247863247863,0.20588235294117646
48,202009010510,2,1,2,8,0,0,1,1,0,0,0,0,0,0,0,1,0,0,0,0,0,0,0,0,0,0,0,0,0,0,0,0,0,0,0,0,0.0,0.0,1.0,8.0,40.2,1.5,0.8,0.0,0.0,11.0,9.0,35.4,0.7,0.36363636363636365,0.0,0.0,13.0,10.0,36.5,1.2,0.3076923076923077,1.0,4.0,0.0,0.0,0.0,2,2,75.6,11.0,1691,1206,1167,0.0,0.0,12.0,14.0,34.4,0.9,0.875,0.0,0.0,12.0,14.0,35.0,0.7,0.6875,1.7,0.0,57.0,-1588.0,11.0,10.0,470.0,-0.2,0.0,-0.07692307692307693,-0.0625,0.0625,1.1400000000000006,0.0,1.920500000000004,0.10869999999999891,1.2366000000000028,-0.7531000000000034,-0.9166000000000025,0.22994083142257146,2.066881709242212,1.0,1.0,0.0,0.0,0.0,0.0,,0.13461538461538464,
49,202009010510,1,0,1,14,0,0,0,1,0,0,0,1,0,0,0,6,0,0,0,1,0,0,0,1,0,0,0,0,0,0,0,0,0,0,0,0,0.0,0.0,3.0,13.0,34.4,1.1,0.6923076923076923,0.0,0.0,2.0,14.0,35.8,0.9,0.125,0.0,0.0,2.0,4.0,34.7,0.2,0.25,-4.5,2.0,0.0,0.18181818181818182,0.4090909090909091,5,5,3.8,2.0,1716,1487,1167,0.0,0.0,4.0,4.0,34.2,0.2,0.058823529411764705,0.0,0.0,2.0,10.0,35.5,0.8,0.36363636363636365,-1.6,0.0,55.0,-288.0,11.0,13.0,464.0,0.07692307692307693,0.0,-0.0625,0.0,0.0,-0.06000000000000085,0.0,-0.7064999999999984,0.6935000000000002,-0.45309999999999917,-0.9064999999999941,0.20870000000000033,0.22325996583541544,0.624179461373088,0.0,4.0,0.0,0.2857142857142857,0.42857142857142855,0.0,,-0.15846456692913385,
50,202009010510,2,7,1,31,0,0,0,1,0,0,0,1,0,0,0,5,0,0,0,1,0,0,0,1,0,0,0,0,0,0,0,0,0,0,0,0,0.0,0.0,10.0,16.0,38.1,2.1,0.25,0.0,0.0,15.0,10.0,33.6,0.4,0.875,0.0,0.0,10.0,11.0,36.8,2.2,0.6363636363636364,-2.5,0.0,100.0,0.25,0.25,8,11,54.2,10.0,1428,166,1263,0.0,0.0,5.0,12.0,34.4,0.9,0.6,0.0,0.0,5.0,9.0,34.0,0.5,0.4375,-1.2,0.0,57.0,-232.0,11.0,16.0,486.0,0.0,0.0,0.0,0.06666666666666667,0.0,0.7400000000000005,0.0,0.5086000000000013,-1.5531000000000006,1.5086999999999975,-0.7531000000000034,-1.153100000000002,0.20869230780947096,1.7577258034175864,0.0,1.0,0.0,0.0,0.3333333333333333,0.0,,-0.16026422764227644,
51,202009010611,2,1,0,9,0,1,0,0,0,0,0,0,0,0,0,4,0,0,0,0,0,0,0,0,0,0,0,3,0,0,0,0,0,0,0,0,0.0,0.0,4.0,6.0,33.8,0.3,0.5,0.0,0.0,1.0,1.0,33.8,0.0,0.4375,0.0,0.0,7.0,7.0,33.7,0.5,0.17647058823529413,0.5,-4.0,200.0,0.0,0.17647058823529413,3,5,13.8,5.0,1304,815,1503,0.0,0.0,7.0,5.0,33.3,0.2,0.16666666666666666,0.0,0.0,11.0,9.0,38.0,1.2,0.5555555555555556,1.0,0.2,54.0,-686.0,18.0,18.0,466.0,0.1111111111111111,0.1875,0.0,0.0,-0.05555555555555555,-0.7900000000000006,0.0,-1.3531000000000049,-1.3531000000000049,-1.406499999999994,-1.7747000000000028,1.6251000000000033,0.16410183677421528,1.749742838247953,-1.0,1.0,0.0,0.0,0.0,0.0,,-0.033018867924528295,
52,202009010611,1,0,1,14,0,0,0,0,0,0,0,0,0,0,0,6,0,0,0,0,0,0,0,0,0,0,0,3,0,0,0,0,0,0,0,0,0.0,0.0,8.0,3.0,34.5,0.0,0.2,0.0,0.0,16.0,9.0,35.0,0.5,0.16666666666666666,0.0,0.0,12.0,11.0,35.5,0.8,0.125,4.0,4.0,200.0,0.0,0.29411764705882354,4,7,3.8,2.0,1716,1186,1167,0.0,0.0,12.0,10.0,36.4,0.8,0.3333333333333333,0.0,0.0,8.0,14.0,37.8,2.4,0.7333333333333333,2.3,0.2,54.0,-643.0,18.0,15.0,496.0,0.0,0.0,0.0625,0.0,0.06666666666666667,-0.7999999999999993,0.0,-0.653100000000002,-0.10649999999999693,0.346899999999998,0.0251000000000019,0.38229999999999364,0.22208606940153228,1.1637869220780914,3.0,1.0,0.0,0.0,0.2222222222222222,0.0,,-0.15846456692913385,
53,202009010611,1,0,0,5,0,0,0,0,0,0,0,0,0,0,0,0,0,0,0,0,0,0,0,0,0,0,0,0,0,0,0,0,0,0,0,0,0.0,0.0,140.0,13.0,40.2,4.0,0.35714285714285715,0.0,0.0,60.0,3.0,35.3,0.2,0.13333333333333333,0.0,0.0,60.0,8.0,34.6,0.2,0.1875,-2.5,-4.0,-300.0,0.2,0.2,3,6,45.9,12.0,1317,89,1186,0.0,0.0,40.0,1.0,35.0,0.0,0.13333333333333333,0.0,0.0,50.0,4.0,35.4,0.4,0.23076923076923078,-2.0,0.4,54.0,-881.0,18.0,14.0,468.0,0.5,0.0,0.0,0.0,0.0,0.9900000000000005,0.0,0.9906000000000006,-0.0654000000000039,-0.5531000000000006,-0.153100000000002,0.03459999999999752,0.08286330633598886,2.068816086557722,-1.0,0.0,,0.3333333333333333,0.3333333333333333,0.0,,0.10416666666666666,
54,202009010611,1,1,2,9,1,0,0,13,0,0,0,2,0,1,1,0,1,0,0,2,0,0,0,0,0,0,0,0,0,0,0,1,0,0,0,0,0.0,0.0,15.0,16.0,36.8,2.3,0.17647058823529413,0.0,0.0,14.0,11.0,36.9,0.9,0.2777777777777778,0.0,0.0,13.0,6.0,35.3,0.5,0.1111111111111111,-5.0,2.0,-200.0,0.17391304347826086,0.391304347826087,1,1,3.7,1.0,1090,1556,1169,0.0,0.0,8.0,15.0,35.8,1.2,0.05555555555555555,0.0,0.0,15.0,15.0,35.2,1.2,0.2,0.2,0.0,54.0,-622.0,18.0,17.0,460.0,0.0,-0.05555555555555555,0.0,0.0,0.0,0.429999999999999,0.0,1.7252999999999972,0.5383999999999958,0.19350000000000023,0.6935000000000002,-0.2591999999999999,0.0760975202339578,0.7238784428341534,0.0,3.0,0.0,0.3333333333333333,0.3333333333333333,0.0,,0.152762730227519,-0.09033613445378152
55,202009010611,2,7,1,31,1,1,0,2,0,0,0,1,0,0,0,5,1,0,0,0,0,0,0,0,0,0,0,0,0,0,0,0,0,0,0,0,0.0,0.0,70.0,8.0,38.5,1.5,0.7857142857142857,0.0,0.0,80.0,8.0,36.8,0.4,0.9333333333333333,0.0,0.0,80.0,10.0,38.5,1.3,0.375,1.0,14.0,0.0,0.07692307692307693,0.15384615384615385,2,3,16.9,7.0,1428,1708,1263,0.0,0.0,20.0,9.0,36.2,1.5,0.7,0.0,0.0,50.0,3.0,37.0,0.0,0.25,-0.9,0.2,54.0,-1070.0,18.0,14.0,480.0,-0.07142857142857142,-0.06666666666666667,0.0625,0.0,-0.0625,0.35999999999999943,0.0,0.22050000000000125,-1.3537999999999997,-0.8926000000000016,-1.8725999999999985,-0.9166999999999987,0.25625685102284607,0.9359487165438068,-2.0,0.0,,0.4,0.4,0.0,,-0.16026422764227644,
56,202009010611,0,0,0,2,2,0,0,14,0,0,0,0,0,0,0,1,0,0,0,3,0,0,0,0,0,0,0,0,0,0,0,1,0,0,0,0,0.0,0.0,13.0,10.0,36.7,1.1,1.0,0.0,0.0,9.0,9.0,34.0,2.0,0.8888888888888888,0.0,0.0,9.0,8.0,33.7,0.7,0.8181818181818182,-1.0,-4.0,200.0,0.2857142857142857,0.2857142857142857,2,4,200.5,16.0,1148,1167,1393,0.0,0.0,11.0,10.0,37.2,0.9,0.9333333333333333,0.0,0.0,13.0,8.0,36.7,0.8,1.0,-0.3,0.0,54.0,-1077.0,18.0,14.0,410.0,0.0,0.1111111111111111,0.0,-0.06666666666666667,0.0,-0.3200000000000003,0.0,-1.2110999999999947,-1.106499999999997,-1.4530999999999992,-0.7110999999999947,-1.2110999999999947,0.06926200093111913,1.4921125962875597,-2.0,1.0,0.0,,,0.0,,,-0.20833333333333331
57,202009010611,0,1,0,9,0,0,1,5,0,0,0,0,0,0,0,1,0,0,1,1,0,0,0,0,0,0,0,1,0,0,0,0,0,0,0,0,0.0,0.0,2.0,8.0,36.1,1.1,0.5,0.0,0.0,14.0,7.0,36.5,0.7,0.16666666666666666,0.0,0.0,3.0,4.0,35.5,0.6,0.4666666666666667,-2.0,-10.0,0.0,0.0,0.2,1,2,77.8,14.0,1736,1306,1482,0.0,0.0,5.0,1.0,35.1,0.0,0.2857142857142857,,,,,,,,-2.4,0.25,54.0,-14.0,18.0,14.0,424.0,0.0,0.0,-0.06666666666666667,-0.14285714285714285,,0.4,0.0,0.8087000000000018,1.2087000000000003,0.346899999999998,-0.05310000000000059,,0.13579780220570667,0.5385164807134502,1.0,2.0,0.0,0.0,0.0,0.0,,-0.1857142857142857,-0.04954954954954957
58,202009010611,3,2,3,7,0,0,0,0,0,0,0,0,1,1,1,2,0,0,0,0,0,0,0,0,0,0,0,0,0,0,0,0,0,0,0,0,0.0,0.0,8.0,10.0,35.4,1.3,0.4375,0.0,0.0,2.0,5.0,35.0,0.3,0.4375,0.0,0.0,2.0,10.0,35.0,0.5,0.1875,0.0,2.0,200.0,0.2,0.6,6,11,7.8,4.0,1393,260,1263,0.0,0.0,8.0,8.0,33.7,0.6,0.2222222222222222,0.0,0.0,3.0,6.0,34.4,0.1,0.3125,-0.5,0.0,54.0,-938.0,18.0,16.0,490.0,0.125,0.0,0.0,-0.05555555555555555,0.0,0.32999999999999974,0.0,0.03459999999999752,-0.36540000000000106,-0.153100000000002,-1.4530999999999992,-0.7531000000000034,0.10467468711898208,0.5932958789676519,1.0,0.0,,0.0,0.0,0.0,,0.2561056105610561,
59,202009010611,0,2,3,11,0,0,0,4,0,0,0,0,0,0,0,2,0,0,0,2,0,0,0,0,0,0,0,0,0,0,0,0,0,0,0,0,0.0,0.0,4.0,9.0,37.2,1.3,0.45454545454545453,0.0,0.0,4.0,6.0,34.5,0.6,0.6875,0.0,0.0,4.0,17.0,33.9,1.5,0.2777777777777778,4.0,2.0,200.0,,,7,14,4.7,3.0,1167,702,460,0.0,0.0,1.0,1.0,34.5,0.0,0.125,0.0,0.0,3.0,1.0,34.5,0.0,0.3125,-2.1,0.4,54.0,-1036.0,18.0,11.0,480.0,0.0,0.125,,0.0,0.0,0.5400000000000006,0.0,-0.7110999999999947,-0.8654000000000011,0.35660000000000025,-0.653100000000002,-0.653100000000002,0.18962048740026508,1.1634431657799202,-2.0,0.0,,,,0.0,,-0.11607142857142855,
60,202009010611,2,7,1,31,0,0,0,0,0,0,0,0,0,0,0,5,0,0,0,0,0,0,0,0,0,0,0,0,0,0,0,0,0,0,0,0,0.0,0.0,6.0,6.0,33.8,0.4,1.0,0.0,0.0,13.0,8.0,33.6,0.3,0.7777777777777778,0.0,0.0,9.0,4.0,34.5,0.6,0.8125,-1.0,2.0,0.0,0.1,0.3,7,15,13.8,6.0,1428,533,1263,0.0,0.0,6.0,11.0,35.9,1.0,0.7222222222222222,0.0,0.0,6.0,6.0,33.5,0.9,0.7857142857142857,0.3,0.0,54.0,-713.0,18.0,9.0,404.0,-0.2222222222222222,-0.1111111111111111,0.0,-0.3333333333333333,0.14285714285714285,-0.1700000000000003,0.0,-1.3064999999999998,-1.5531000000000006,-0.653100000000002,-0.19480000000000075,-1.606499999999997,0.09484126984126984,0.8912911982062873,-1.0,2.0,0.0,0.3333333333333333,0.3333333333333333,0.0,,-0.16026422764227644,
61,202009010611,0,0,0,0,0,0,0,0,0,0,0,0,0,0,0,0,0,0,0,0,0,0,0,0,0,0,0,0,0,0,0,0,0,0,0,0,0.0,0.0,13.0,13.0,39.1,4.1,0.38461538461538464,0.0,0.0,18.0,18.0,47.3,12.5,0.1111111111111111,0.0,0.0,11.0,11.0,36.1,1.8,0.09090909090909091,-1.0,10.0,-600.0,0.0,0.1875,7,13,63.4,13.0,1191,1552,1235,0.0,0.0,7.0,8.0,34.4,1.0,0.25,0.0,0.0,10.0,8.0,34.1,0.7,0.08333333333333333,-2.0,0.0,54.0,-1365.0,18.0,13.0,488.0,0.6153846153846154,0.7222222222222222,0.09090909090909091,0.0,0.25,2.29,0.0,3.183399999999999,11.269999999999996,0.6531999999999982,-1.0592000000000041,-1.3592000000000013,0.11723055711527734,4.8842604353166905,-2.0,0.0,,,,0.0,,,
62,202009010611,2,1,2,8,0,0,1,3,0,0,1,1,0,0,0,1,0,0,0,2,0,0,0,1,0,0,0,0,0,0,0,1,0,0,0,0,0.0,0.0,6.0,9.0,36.4,1.8,0.9,0.0,0.0,15.0,13.0,35.5,0.8,0.6666666666666666,0.0,0.0,11.0,14.0,35.1,1.5,0.8333333333333334,2.5,28.0,550.0,0.0,0.0,8,17,210.9,17.0,1691,1362,1167,0.0,0.0,13.0,9.0,37.7,1.2,0.4375,0.0,0.0,5.0,9.0,36.8,1.3,0.8125,-0.4,0.0,54.0,-1475.0,18.0,10.0,440.0,0.0,0.1111111111111111,0.0,0.0,0.125,-0.3,0.0,,0.13459999999999894,-0.006499999999995509,1.3384,0.7051999999999978,0.16489474757486297,0.9273618495495706,0.0,2.0,0.0,0.0,0.2,0.0,,0.13461538461538464,
63,202009010611,1,0,1,14,2,1,4,15,0,0,0,2,0,0,0,6,0,1,0,1,0,0,0,1,0,0,0,3,0,0,0,1,0,0,0,1,0.0,0.0,16.0,18.0,34.5,1.3,0.8888888888888888,0.0,0.0,7.0,10.0,35.8,1.5,0.6428571428571429,0.0,0.0,8.0,6.0,38.4,1.5,0.125,-6.0,-4.0,200.0,0.047619047619047616,0.19047619047619047,8,18,43.6,11.0,1716,1263,1167,0.0,0.0,4.0,10.0,37.9,0.9,0.38461538461538464,0.0,0.0,5.0,8.0,37.9,1.0,0.13333333333333333,-2.0,0.0,54.0,-1057.0,18.0,18.0,430.0,-0.05555555555555555,0.07142857142857142,0.0,0.07692307692307693,0.0,-0.8899999999999999,0.0,-0.653100000000002,-0.09770000000000323,0.488900000000001,-0.011099999999999,0.0788999999999973,0.29626376217931494,1.4979986648859203,-2.0,0.0,,0.0,0.0,0.0,,-0.15846456692913385,0.1312659303313509
64,202009010611,2,7,1,31,0,0,0,1,0,0,0,0,0,0,0,5,0,0,0,1,0,0,0,0,0,0,0,0,0,0,0,0,0,0,0,0,0.0,0.0,11.0,12.0,37.5,1.3,0.0625,0.0,0.0,12.0,9.0,36.0,1.4,0.7857142857142857,0.0,0.0,6.0,5.0,34.1,0.5,0.75,-3.5,0.0,-600.0,0.0,0.0,5,9,42.5,10.0,1428,334,1263,0.0,0.0,11.0,6.0,33.9,0.8,0.5333333333333333,0.0,0.0,11.0,7.0,34.9,0.8,0.5625,-1.3000000000000003,0.0,54.0,-966.0,18.0,16.0,418.0,0.1875,0.07142857142857142,0.125,0.06666666666666667,-0.0625,0.7300000000000004,0.0,1.5833999999999975,-0.8502999999999972,-1.3592000000000013,-1.5592000000000041,-0.5592000000000041,0.25807958791067753,1.3332666649999168,3.0,0.0,,0.0,0.0,0.0,,-0.16026422764227644,
65,202009010611,0,0,0,0,0,0,1,3,0,0,0,0,0,0,0,0,0,0,0,2,0,0,0,0,0,0,0,0,0,0,0,1,0,0,0,0,0.0,0.0,9.0,11.0,36.4,0.7,0.05555555555555555,0.0,0.0,9.0,16.0,44.2,7.6,0.1875,0.0,0.0,6.0,5.0,36.6,1.0,0.0625,-3.0,0.0,0.0,0.14285714285714285,0.35714285714285715,4,8,30.2,9.0,1098,1362,1294,0.0,0.0,6.0,5.0,37.3,0.9,0.3125,0.0,0.0,7.0,9.0,36.3,0.8,0.375,-1.5,0.0,54.0,-370.0,18.0,18.0,456.0,0.0,0.125,0.0,-0.125,-0.125,0.7100000000000009,0.0,1.2935000000000016,5.920500000000004,1.2346000000000004,1.2051999999999978,1.0086999999999975,0.12899480801112562,3.040131576099957,-1.0,2.0,0.0,0.0,0.0,0.0,,,
66,202009010611,1,1,0,1,0,0,0,2,0,0,0,0,1,0,0,1,0,0,0,0,0,0,0,0,0,0,0,0,0,0,0,0,0,0,0,0,0.0,0.0,12.0,10.0,37.1,1.2,0.4166666666666667,0.0,0.0,14.0,13.0,38.0,2.3,0.21428571428571427,0.0,0.0,10.0,10.0,36.1,1.1,0.7857142857142857,0.0,-10.0,400.0,0.11764705882352941,0.23529411764705882,6,12,100.1,15.0,1152,1442,1428,0.0,0.0,15.0,4.0,38.0,0.3,0.125,0.0,0.0,14.0,9.0,37.1,1.0,0.1875,-1.1,0.0,54.0,-882.0,18.0,12.0,452.0,0.08333333333333333,0.0,0.0,0.0,0.0,0.0,0.0,0.825800000000001,2.893500000000003,0.20230000000000103,0.08890000000000242,-0.5642999999999958,0.24068826103960195,0.705974503788911,2.0,1.0,0.0,0.375,0.5,0.0,,,
67,202009010611,0,0,0,0,0,1,0,2,0,0,0,0,0,0,0,0,0,0,0,0,0,0,0,0,0,0,0,0,0,0,0,0,0,0,0,0,0.0,0.0,9.0,4.0,36.4,0.3,0.4375,0.0,0.0,6.0,7.0,38.0,1.3,0.3333333333333333,0.0,0.0,4.0,9.0,38.8,1.0,0.07142857142857142,2.5,-4.0,-300.0,0.2,0.2,8,16,384.0,18.0,1554,1618,322,0.0,0.0,5.0,2.0,37.5,0.0,0.3125,0.0,0.0,10.0,2.0,36.3,0.0,0.42857142857142855,-0.9,0.4,54.0,-1043.0,18.0,16.0,444.0,0.0625,0.06666666666666667,0.0,-0.125,0.0,0.07000000000000028,0.0,-2.8094000000000037,-1.3926000000000016,-0.4094000000000051,-1.8926000000000016,-2.2775999999999996,0.13233308915483222,0.9528903399657277,0.0,0.0,,0.0,0.0,0.0,,,
68,202009010611,0,0,0,1,0,0,0,0,0,0,0,0,0,0,0,0,0,0,0,0,0,0,0,0,0,0,0,0,0,0,0,0,0,0,0,0,0.0,0.0,13.0,11.0,35.6,0.9,0.05555555555555555,0.0,0.0,11.0,8.0,34.2,0.7,0.9230769230769231,0.0,0.0,17.0,10.0,35.3,0.5,0.29411764705882354,-0.5,2.0,200.0,0.08333333333333333,0.3333333333333333,5,10,27.8,8.0,1396,118,1556,0.0,0.0,13.0,15.0,36.7,3.5,0.7333333333333333,0.0,0.0,5.0,12.0,36.8,1.0,0.0625,0.9,0.0,54.0,-538.0,18.0,18.0,476.0,0.05555555555555555,0.0,0.0,,0.0,-0.48999999999999916,0.0,0.23460000000000036,-1.1653999999999982,0.14689999999999515,3.1566000000000045,1.6468999999999951,0.3542708394348531,0.9620810776644546,-1.0,0.0,,0.0,0.25,0.0,,,
69,202009010903,6,16,6,73,1,3,0,8,0,2,0,2,2,3,2,15,0,0,0,0,0,0,0,0,0,1,0,4,0,0,0,0,0,0,0,0,0.0,0.0,14.0,16.0,35.4,1.2,0.75,0.0,0.0,12.0,18.0,35.7,1.7,1.0,0.0,0.0,8.0,8.0,34.9,0.9,0.9444444444444444,-4.0,-8.0,200.0,0.0,0.42857142857142855,2,2,6.1,3.0,1393,322,1263,0.0,0.0,5.0,13.0,34.1,2.1,1.0,0.0,0.0,3.0,1.0,34.8,0.0,0.13333333333333333,-3.5,0.2,52.0,-594.0,15.0,16.0,416.0,0.125,0.0,-0.1111111111111111,0.0,0.0,0.2800000000000004,0.0,0.24689999999999657,0.5935000000000059,-0.25310000000000343,-1.0531000000000006,-0.3064999999999998,0.32920405319797524,0.5491812087098396,0.0,2.0,0.5,0.2,0.2,2.0,0.5,0.2561056105610561,
70,202009010903,1,2,2,20,2,3,2,34,0,0,0,0,0,0,0,3,0,0,0,8,0,0,0,0,0,0,0,1,0,0,0,3,0,0,0,0,0.0,0.0,16.0,7.0,34.2,0.4,0.6111111111111112,0.0,0.0,16.0,17.0,38.2,2.6,0.058823529411764705,0.0,0.0,15.0,17.0,34.4,1.9,0.2222222222222222,5.0,-4.0,200.0,0.0,0.09090909090909091,1,1,18.9,7.0,1183,1235,1558,0.0,0.0,4.0,10.0,39.1,2.6,0.4,0.0,0.0,7.0,9.0,35.5,1.3,0.1875,-0.3,0.0,53.0,-664.0,15.0,18.0,470.0,0.0,0.0,,0.1,-0.0625,-0.3499999999999993,0.0,-0.9530999999999992,1.3497000000000057,0.8566000000000003,1.2789000000000001,0.346899999999998,0.1916137142751338,2.0053927296168204,1.0,0.0,,0.0,0.0,0.0,,,-0.08739837398373985
71,202009010903,16,11,9,91,5,2,4,57,0,0,1,9,5,0,1,12,3,1,1,11,0,0,0,2,1,0,0,5,2,0,1,3,0,0,0,1,0.0,0.0,90.0,110.0,44.9,4.6,0.18181818181818182,0.0,0.0,10.0,40.0,36.3,0.4,0.3888888888888889,0.0,0.0,20.0,30.0,35.3,0.3,0.29411764705882354,-40.0,22.0,0.0,0.13333333333333333,0.3333333333333333,5,8,38.0,12.0,1716,1556,1167,0.0,0.0,10.0,20.0,35.0,0.2,0.29411764705882354,0.0,0.0,20.0,30.0,35.2,0.2,0.1111111111111111,-18.0,0.0,56.0,-530.0,15.0,11.0,472.0,0.6363636363636364,-0.05555555555555555,0.0,0.0,0.0,2.069999999999999,0.0,6.746200000000002,1.0086999999999975,0.19350000000000023,-0.10649999999999693,0.09350000000000591,0.09699619830565612,3.8066258024660105,0.0,4.0,0.0,0.18181818181818182,0.45454545454545453,3.0,0.0,-0.15846456692913385,-0.09033613445378152
72,202009010903,16,11,9,91,1,1,0,9,0,0,0,0,5,0,1,12,0,0,0,3,0,0,0,0,1,0,0,5,0,0,0,2,0,0,0,0,0.0,0.0,2.0,1.0,39.7,0.0,0.25,0.0,0.0,3.0,10.0,34.3,0.8,0.7647058823529411,0.0,0.0,6.0,7.0,36.7,0.7,0.2777777777777778,3.0,-1.0,0.0,0.045454545454545456,0.18181818181818182,2,3,58.6,13.0,1716,1124,1167,0.0,0.0,4.0,5.0,34.2,1.3,0.2777777777777778,0.0,0.0,13.0,4.0,34.9,0.3,0.4,0.1,0.2,54.0,-495.0,15.0,12.0,471.0,-0.16666666666666666,0.0,0.05555555555555555,0.05555555555555555,0.0,0.9700000000000003,0.0,1.420500000000004,-0.8531000000000049,1.4087000000000032,-0.8746999999999971,-0.20649999999999835,0.19246300809124844,2.074222745994269,0.0,2.0,0.0,0.0,0.0,1.0,0.0,-0.15846456692913385,
73,202009010903,5,0,3,28,0,0,0,4,0,0,0,1,0,0,0,4,0,0,0,2,0,0,0,1,0,0,0,3,0,0,0,2,0,0,0,1,0.0,0.0,6.0,12.0,40.6,2.2,0.08333333333333333,0.0,0.0,12.0,9.0,36.0,0.7,0.07692307692307693,0.0,0.0,11.0,11.0,37.1,1.6,0.7142857142857143,-0.5,0.0,200.0,0.0,0.17647058823529413,3,4,3.2,1.0,1489,1511,565,0.0,0.0,9.0,10.0,36.4,0.6,0.05555555555555555,0.0,0.0,5.0,15.0,37.1,1.5,0.05555555555555555,0.7,0.0,54.0,-620.0,15.0,12.0,488.0,0.0,0.0,0.07142857142857142,0.0,0.0,0.6600000000000001,0.0,3.182299999999998,0.6345999999999989,0.6589000000000027,1.0345999999999975,1.9468999999999994,0.2588188807470758,1.635359287740771,0.0,0.0,,0.1,0.1,0.0,,,
74,202009010903,5,7,13,75,9,2,9,87,2,0,2,7,0,0,3,5,2,0,3,11,0,0,2,1,0,0,1,3,0,0,1,3,0,0,0,1,0.0,0.0,13.0,13.0,35.2,1.4,0.7333333333333333,0.0,0.0,11.0,11.0,35.5,1.6,1.0,0.0,0.0,16.0,12.0,36.1,1.3,1.0,-0.5,-10.0,200.0,0.09090909090909091,0.2727272727272727,3,5,10.3,5.0,1691,1263,1167,0.0,0.0,12.0,7.0,35.7,0.7,0.5882352941176471,0.0,0.0,10.0,7.0,36.3,1.3,0.375,-1.6,0.0,54.0,-461.0,15.0,15.0,448.0,0.2,-0.07692307692307693,-0.1111111111111111,-0.11764705882352941,-0.1875,-0.23999999999999916,0.0,0.04690000000000083,0.04079999999999728,0.7346000000000004,-0.3947999999999965,1.2252999999999972,0.24145377012276592,0.39799497484264656,1.0,0.0,,0.0,0.3333333333333333,0.0,,0.13461538461538464,0.1312659303313509
75,202009010903,5,5,6,40,4,1,3,16,0,0,0,2,1,1,1,3,0,0,0,2,0,0,0,0,1,0,0,2,0,0,0,0,0,0,0,0,0.0,0.0,12.0,,,,1.0,0.0,0.0,16.0,10.0,34.7,0.5,0.7222222222222222,0.0,0.0,8.0,10.0,35.1,0.7,0.5714285714285714,0.0,7.0,0.0,0.0,0.0,6,10,29.8,11.0,1736,939,1482,0.0,0.0,12.0,3.0,35.3,0.6,0.5,0.0,0.0,12.0,17.0,41.7,3.2,0.16666666666666666,1.4,0.25,53.0,-1189.0,15.0,12.0,497.0,,-0.1111111111111111,-0.21428571428571427,0.0,0.1111111111111111,-2.1199999999999997,0.0,,-0.45309999999999917,-0.05310000000000059,0.14689999999999515,5.3384,0.2732096027310157,2.8948229652260267,-3.0,1.0,0.0,0.1,0.2,0.0,,-0.1857142857142857,
76,202009010903,4,7,4,38,0,0,1,2,0,0,1,1,0,1,1,6,0,0,0,0,0,0,0,0,0,0,1,3,0,0,0,0,0,0,0,0,0.0,0.0,70.0,10.0,41.8,1.9,0.25,0.0,0.0,100.0,18.0,44.3,5.8,0.16666666666666666,0.0,0.0,80.0,8.0,35.1,0.8,0.6,-1.0,8.0,0.0,0.0,0.09090909090909091,6,11,23.7,8.0,1304,302,1503,0.0,0.0,100.0,10.0,35.3,2.0,0.9375,0.0,0.0,50.0,3.0,35.1,0.7,0.3333333333333333,-2.2,0.2,54.0,-1008.0,15.0,12.0,514.0,0.08333333333333333,0.1111111111111111,0.0,-0.25,-0.1111111111111111,2.2399999999999993,0.0,3.6462000000000003,7.938399999999994,-0.006499999999995509,0.14689999999999515,-0.05310000000000059,0.28062925324665955,3.942790889712513,0.0,2.0,0.0,0.0,0.0,1.0,0.0,-0.033018867924528295,
77,202009010903,5,7,13,75,7,6,6,63,0,0,0,4,0,0,3,5,3,1,0,11,0,0,0,0,0,0,1,3,0,0,0,3,0,0,0,0,0.0,0.0,4.0,10.0,42.0,4.1,0.6,0.0,0.0,12.0,8.0,37.3,0.7,0.6111111111111112,0.0,0.0,10.0,8.0,36.6,1.2,0.8666666666666667,-1.0,23.0,0.0,0.13333333333333333,0.3333333333333333,5,9,24.3,9.0,1691,1405,1167,0.0,0.0,5.0,12.0,35.4,1.5,0.6428571428571429,0.0,0.0,12.0,4.0,35.5,0.7,0.3333333333333333,-0.8,0.0,54.0,-891.0,15.0,10.0,469.0,0.2,0.1111111111111111,-0.06666666666666667,0.14285714285714285,-0.05555555555555555,1.4899999999999998,0.0,3.846200000000003,1.1341999999999999,0.43420000000000414,-0.05920000000000414,-1.3502999999999972,0.16946970184605084,2.4253659517689283,0.0,0.0,,0.0,0.3333333333333333,0.0,,0.13461538461538464,0.32384823848238486
78,202009010903,0,0,0,11,5,6,5,56,0,0,0,0,0,0,0,2,1,0,0,6,0,0,0,0,0,0,0,0,1,0,0,2,0,0,0,0,0.0,0.0,2.0,3.0,39.1,0.6,0.08333333333333333,0.0,0.0,11.0,15.0,38.0,2.2,0.3125,0.0,0.0,13.0,16.0,39.4,1.9,0.125,6.5,19.0,-100.0,0.05555555555555555,0.2222222222222222,7,12,4.3,2.0,1576,1013,1577,0.0,0.0,9.0,16.0,38.7,2.2,0.75,0.0,0.0,9.0,12.0,37.2,1.6,0.5625,1.9000000000000004,0.2,56.0,-1585.0,15.0,12.0,517.0,0.0,0.1875,0.0,-0.1875,0.1875,0.30999999999999944,0.0,,0.17889999999999873,1.488900000000001,0.8766999999999996,-0.6210999999999984,0.2556989332094376,0.7934733769950941,1.0,0.0,,0.2,0.2,0.0,,,0.2777777777777778
79,202009010903,4,6,2,18,2,2,0,7,1,0,0,1,0,1,1,8,0,0,0,1,0,0,0,0,0,0,1,4,0,0,0,0,0,0,0,0,0.0,0.0,8.0,10.0,45.6,6.8,0.9,0.0,0.0,14.0,11.0,36.3,0.8,0.2777777777777778,0.0,0.0,12.0,15.0,34.1,1.8,0.8888888888888888,2.5,18.0,0.0,0.16666666666666666,0.375,4,7,24.7,10.0,1098,1036,1294,0.0,0.0,10.0,11.0,35.1,1.2,0.8,0.0,0.0,9.0,6.0,39.0,1.5,0.25,-0.8,0.0,56.0,-725.0,15.0,10.0,468.0,0.1,0.0,,0.06666666666666667,0.0,1.44,0.0,7.320500000000003,0.38339999999999463,0.5566000000000031,-0.006499999999995509,0.8462000000000032,0.29565578918568863,4.129600464936045,4.0,1.0,0.0,0.0,0.16666666666666666,1.0,0.0,,
80,202009010903,5,3,4,39,0,0,0,1,0,0,0,1,0,1,1,5,0,0,0,0,0,0,0,0,0,1,0,0,0,0,0,0,0,0,0,0,0.0,0.0,60.0,6.0,40.4,1.3,0.8333333333333334,0.0,0.0,170.0,13.0,38.3,2.8,0.8823529411764706,0.0,0.0,140.0,12.0,35.3,1.3,0.8666666666666667,3.0,10.0,-100.0,0.1111111111111111,0.2222222222222222,8,15,93.7,14.0,1152,347,1428,0.0,0.0,80.0,14.0,42.2,4.3,0.5333333333333333,0.0,0.0,70.0,5.0,34.8,1.1,1.0,-0.1,0.0,56.0,-1584.0,15.0,12.0,486.0,-0.25,-0.11764705882352941,-0.2,0.0,-0.09090909090909091,0.7299999999999998,0.0,,0.8552999999999997,0.19350000000000023,3.920500000000004,-0.35310000000000485,0.15541686572897445,2.8572714256787033,0.0,1.0,0.0,0.25,0.5,1.0,0.0,,
81,202009010903,0,0,0,4,3,0,6,43,0,0,0,1,0,0,0,0,0,0,0,7,0,0,0,0,0,0,0,0,0,0,0,0,0,0,0,0,0.0,0.0,5.0,10.0,39.0,1.1,1.0,0.0,0.0,15.0,14.0,36.5,1.8,1.0,0.0,0.0,16.0,12.0,38.4,1.9,0.6875,1.0,31.0,-100.0,0.0,0.16666666666666666,8,14,13.8,6.0,1059,1183,1482,0.0,0.0,13.0,13.0,37.6,7.3,1.0,0.0,0.0,7.0,8.0,40.3,3.1,0.5,-0.5,0.0,56.0,-1517.0,15.0,11.0,479.0,-0.09090909090909091,0.0,0.0,0.0,0.5,-0.36999999999999955,0.0,,-1.7794999999999987,0.12049999999999983,2.4468999999999994,0.6740999999999957,0.2076655965729519,1.2815615474880624,0.0,0.0,,0.0,0.0,0.0,,,0.07692307692307693
82,202009010903,0,0,0,4,7,8,9,48,0,0,0,1,0,0,0,0,2,3,1,11,0,0,0,0,0,0,0,0,0,1,0,7,0,0,0,0,0.0,0.0,7.0,9.0,43.4,3.0,0.18181818181818182,0.0,0.0,15.0,14.0,38.2,2.8,0.875,0.0,0.0,13.0,14.0,39.8,4.0,0.5,2.5,9.0,0.0,0.0,0.5,4,6,357.0,15.0,1059,1167,1482,0.0,0.0,15.0,14.0,35.8,1.8,0.7333333333333333,0.0,0.0,12.0,9.0,38.0,2.2,0.4166666666666667,0.0,0.0,53.0,-352.0,15.0,11.0,421.0,0.45454545454545453,0.0,0.125,-0.06666666666666667,0.0,1.3200000000000003,0.0,5.735700000000001,0.28890000000000526,1.9788999999999959,0.6935000000000002,0.5822999999999965,0.24277512485601188,2.52475741408952,-1.0,1.0,0.0,0.0,0.0,1.0,0.0,,-0.20833333333333331
83,202009010903,16,11,9,91,5,2,4,57,0,0,1,9,5,0,1,12,3,1,1,11,0,0,0,2,1,0,0,5,2,0,1,3,0,0,0,1,0.0,0.0,9.0,16.0,36.5,1.0,0.1111111111111111,0.0,0.0,10.0,6.0,36.0,0.1,0.13333333333333333,0.0,0.0,11.0,8.0,34.5,1.1,0.47058823529411764,-4.0,2.0,200.0,0.0,0.0,7,13,8.5,4.0,1716,1556,1167,0.0,0.0,10.0,15.0,37.5,1.7,0.5625,0.0,0.0,6.0,16.0,36.2,1.9,0.2222222222222222,0.9,0.0,54.0,-1043.0,15.0,18.0,472.0,0.05555555555555555,0.0,-0.23529411764705882,0.1875,-0.1111111111111111,-0.09000000000000057,0.0,0.40520000000000067,0.846899999999998,-0.653100000000002,0.37709999999999866,1.0469000000000008,0.18303702185386303,0.9687104830649867,0.0,0.0,,0.0,0.0,0.0,,-0.15846456692913385,-0.09033613445378152
84,202009020207,1,0,1,14,0,0,0,4,0,0,0,0,0,0,0,6,0,0,0,1,0,0,0,0,0,0,0,1,0,0,0,0,0,0,0,0,0.0,0.0,60.0,9.0,36.0,1.4,0.2,0.0,0.0,30.0,11.0,35.5,0.8,0.2,0.0,0.0,110.0,15.0,39.1,3.5,0.125,3.0,-2.0,0.0,0.0,0.0,4,6,21.2,8.0,1716,1599,1167,0.0,0.0,20.0,1.0,35.1,0.0,0.13333333333333333,0.0,0.0,70.0,4.0,35.9,0.4,0.125,-2.0,0.2,53.0,22.0,14.0,10.0,462.0,0.0,0.0,0.0,-0.06666666666666667,0.0,0.060000000000000143,0.0,0.8935000000000031,0.346899999999998,4.025300000000001,-0.006499999999995509,0.8252999999999986,0.03551212625443753,1.4260434775980713,0.0,2.0,0.5,0.09090909090909091,0.18181818181818182,0.0,,-0.15846456692913385,
85,202009020207,0,2,0,9,0,0,0,2,0,0,0,0,0,1,0,2,0,0,0,0,0,0,0,0,0,0,0,1,0,0,0,0,0,0,0,0,0.0,0.0,6.0,7.0,13.8,9.5,0.5,0.0,0.0,11.0,15.0,34.6,1.4,0.625,0.0,0.0,3.0,8.0,35.2,0.5,0.8235294117647058,0.5,2.0,-1460.0,0.07142857142857142,0.14285714285714285,5,8,3.0,1.0,1465,1036,1328,0.0,0.0,6.0,4.0,34.1,0.3,0.6111111111111112,0.0,0.0,10.0,6.0,34.5,0.3,0.8333333333333334,-1.3,0.0,56.0,-832.0,14.0,10.0,498.0,0.1,0.125,-0.11764705882352941,0.0,0.05555555555555555,-4.09,0.0,,-0.5064999999999955,-0.16539999999999822,-1.0531000000000006,-0.6064999999999969,0.12982496587765033,8.327448588853612,-4.0,2.0,0.0,0.2857142857142857,0.2857142857142857,0.0,,-0.1515151515151515,
86,202009020207,1,0,1,14,0,0,1,1,0,0,0,0,0,0,0,6,0,0,0,0,0,0,0,0,0,0,0,1,0,0,0,0,0,0,0,0,0.0,0.0,14.0,7.0,34.8,0.3,0.05555555555555555,0.0,0.0,16.0,11.0,34.8,0.5,0.1875,0.0,0.0,13.0,14.0,35.0,1.3,0.1111111111111111,3.5,14.0,0.0,0.0,0.0,4,5,19.1,7.0,1716,1170,1167,0.0,0.0,8.0,10.0,35.4,1.3,0.23076923076923078,0.0,0.0,5.0,16.0,39.3,5.3,0.375,1.7,0.0,54.0,-930.0,14.0,18.0,472.0,0.0,0.0,0.0,0.0,0.0,-0.9600000000000002,0.0,-0.3064999999999998,-0.35310000000000485,-0.10649999999999693,0.29350000000000165,4.1935,0.10970177865289353,1.733897344135459,-1.0,4.0,0.0,0.0,1.0,0.0,,-0.15846456692913385,
87,202009020207,0,0,0,2,0,1,0,8,0,0,0,0,0,0,0,0,0,0,0,1,0,0,0,0,0,0,0,0,0,0,0,0,0,0,0,0,0.0,0.0,10.0,1.0,35.2,0.0,0.6,0.0,0.0,70.0,4.0,34.5,0.8,0.75,0.0,0.0,80.0,4.0,33.9,0.4,1.0,1.5,0.0,200.0,0.0,0.08333333333333333,6,10,4.5,3.0,1576,1428,1577,0.0,0.0,70.0,5.0,34.1,0.8,0.7222222222222222,0.0,0.0,30.0,11.0,33.7,0.8,0.9375,2.1,0.2,54.0,-874.0,14.0,15.0,514.0,0.0,0.1875,-0.06666666666666667,-0.2222222222222222,0.0,0.33999999999999986,0.0,-2.2177000000000007,-3.7794999999999987,-1.2531000000000034,-1.0531000000000006,-1.4530999999999992,0.14658562575850453,0.5306599664568644,-1.0,0.0,,0.0,0.2,0.0,,,-0.20036429872495448
88,202009020207,0,0,0,0,0,0,0,0,0,0,0,0,0,0,0,0,0,0,0,0,0,0,0,0,0,0,0,0,0,0,0,0,0,0,0,0,0.0,0.0,4.0,12.0,36.5,2.7,1.0,0.0,0.0,9.0,10.0,36.1,1.6,0.3125,0.0,0.0,6.0,6.0,35.9,0.9,0.875,-3.0,-4.0,-400.0,0.0,0.14285714285714285,5,7,15.0,6.0,803,533,666,0.0,0.0,6.0,5.0,35.3,0.5,0.6428571428571429,0.0,0.0,3.0,4.0,35.8,0.6,0.5454545454545454,-2.1,0.0,56.0,-139.0,14.0,14.0,460.0,-0.21428571428571427,0.0,0.0,0.07142857142857142,-0.09090909090909091,0.220000000000001,0.0,1.0407999999999973,0.6531999999999982,0.7935000000000016,0.008699999999997488,0.5366,0.24283587308761095,0.3919183588453097,2.0,2.0,0.0,0.0,0.14285714285714285,0.0,,,
89,202009020207,0,0,0,1,0,0,2,7,0,0,0,0,0,0,0,1,0,0,2,0,0,0,0,0,0,0,0,0,0,0,0,0,0,0,0,0,0.0,0.0,12.0,11.0,38.0,2.5,1.0,0.0,0.0,12.0,14.0,34.6,1.0,0.8823529411764706,0.0,0.0,6.0,8.0,36.1,2.2,0.8,-1.5,0.0,-1000.0,0.0,0.0,8,13,21.7,9.0,1729,1366,1428,0.0,0.0,11.0,8.0,33.1,0.8,0.9230769230769231,0.0,0.0,12.0,4.0,35.9,0.5,0.6666666666666666,-2.0,0.0,56.0,-1336.0,14.0,12.0,446.0,-0.25,0.058823529411764705,0.0,0.0,-0.05555555555555555,0.5700000000000003,0.0,2.553199999999997,-1.316600000000001,0.6407999999999987,-1.9746999999999986,-0.016600000000003945,0.1139301621736137,1.6329115101560154,-2.0,0.0,,0.0,0.0,0.0,,,0.05555555555555555
90,202009020207,0,1,0,3,0,0,0,1,0,0,0,0,0,0,0,1,0,0,0,0,0,0,0,0,0,0,0,1,0,0,0,0,0,0,0,0,0.0,0.0,15.0,15.0,38.5,2.3,0.4666666666666667,0.0,0.0,14.0,14.0,36.1,1.7,0.14285714285714285,0.0,0.0,12.0,14.0,36.5,0.9,0.1111111111111111,-0.5,-8.0,0.0,0.0,0.1111111111111111,8,14,80.1,12.0,1645,1026,1366,0.0,0.0,15.0,7.0,34.0,0.3,0.23529411764705882,0.0,0.0,16.0,13.0,38.1,2.0,0.625,-1.1,0.0,54.0,-1637.0,14.0,15.0,522.0,0.0,0.0,0.05555555555555555,-0.058823529411764705,0.25,0.28999999999999987,0.0,0.22050000000000125,0.9935000000000045,1.134599999999999,-1.106499999999997,-0.17949999999999733,0.1983192461855887,1.6044936896105266,2.0,2.0,0.0,0.0,0.0,0.0,,,
91,202009020207,0,1,0,9,0,0,1,5,0,0,0,0,0,0,0,1,0,0,1,1,0,0,0,0,0,0,0,0,0,0,0,1,0,0,0,0,0.0,0.0,2.0,8.0,36.1,1.1,0.5,0.0,0.0,14.0,7.0,36.5,0.7,0.16666666666666666,0.0,0.0,3.0,4.0,35.5,0.6,0.4666666666666667,-2.0,-10.0,0.0,0.0,0.16666666666666666,3,4,4.5,2.0,1736,1306,1482,0.0,0.0,5.0,1.0,35.1,0.0,0.2857142857142857,,,,,,,,-2.4,0.25,53.0,0.0,14.0,14.0,424.0,0.0,0.0,-0.06666666666666667,-0.14285714285714285,,0.4,0.0,0.8087000000000018,1.2087000000000003,0.346899999999998,-0.05310000000000059,,0.13579780220570667,0.5385164807134502,0.0,2.0,0.0,0.0,0.0,0.0,,-0.1857142857142857,-0.04954954954954957
92,202009020207,0,0,0,2,0,0,0,2,0,0,0,0,0,0,0,1,0,0,0,0,0,0,0,0,0,0,0,0,0,0,0,0,0,0,0,0,0.0,0.0,16.0,15.0,34.5,1.6,1.0,0.0,0.0,14.0,9.0,37.0,1.1,0.07142857142857142,0.0,0.0,16.0,16.0,38.9,4.0,0.8125,0.5,-6.0,0.0,0.0,0.5,1,1,357.8,14.0,1148,1414,1393,0.0,0.0,10.0,12.0,38.9,2.7,0.5833333333333334,0.0,0.0,10.0,16.0,40.0,3.4,0.375,0.5,0.0,56.0,-62.0,14.0,16.0,444.0,-0.0625,0.0,0.125,0.08333333333333333,0.1875,-1.2899999999999998,0.0,-0.6064999999999969,1.7087000000000003,0.6204999999999998,0.988900000000001,1.7205000000000013,0.3257208994037534,1.937627415165258,0.0,2.0,0.0,,,0.0,,,
93,202009020207,2,1,2,10,1,0,0,2,0,0,0,1,0,0,0,1,0,0,0,0,0,0,0,0,0,0,0,0,0,0,0,0,0,0,0,0,0.0,0.0,,,,,,0.0,0.0,120.0,15.0,36.2,1.7,0.11764705882352941,0.0,0.0,50.0,11.0,37.6,2.7,0.5625,-4.0,43.0,100.0,0.0,0.2,7,11,68.3,11.0,1127,1713,1328,0.0,0.0,110.0,10.0,35.9,1.3,0.8571428571428571,0.0,0.0,60.0,9.0,37.0,1.9,0.3076923076923077,-1.9,0.0,56.0,-1547.0,14.0,8.0,513.0,,0.0,0.0625,0.0,0.0,-0.06999999999999887,0.0,,1.0469000000000008,0.1822999999999979,0.6086999999999989,-0.8211000000000013,0.2777704370562678,0.6684870978560473,1.0,1.0,0.0,0.0,0.25,0.0,,0.09649122807017543,
94,202009020207,1,1,0,1,0,2,0,0,0,0,0,0,1,0,0,1,0,0,0,0,0,0,0,0,0,0,0,0,0,0,0,0,0,0,0,0,0.0,0.0,15.0,16.0,36.7,1.7,0.1875,0.0,0.0,3.0,15.0,37.9,2.6,0.13333333333333333,0.0,0.0,6.0,9.0,35.0,0.9,0.25,-3.5,2.0,-400.0,0.0,0.16666666666666666,6,9,10.3,5.0,1152,324,1428,0.0,0.0,7.0,2.0,34.2,0.1,0.06666666666666667,0.0,0.0,8.0,12.0,37.3,2.0,0.0625,-2.1,0.2,53.0,-959.0,14.0,16.0,452.0,0.1875,0.0,0.0,0.0,0.0,0.2500000000000007,0.0,1.2408000000000001,2.7935000000000016,-0.153100000000002,-0.9064999999999941,2.225299999999997,0.07181186840936842,1.3991425945914149,-1.0,2.0,0.5,0.1111111111111111,0.4444444444444444,0.0,,,
95,202009020207,1,0,0,0,0,0,0,0,0,0,0,0,0,0,0,0,0,0,0,0,0,0,0,0,0,0,0,0,0,0,0,0,0,0,0,0,0.0,0.0,6.0,13.0,43.0,3.3,0.46153846153846156,0.0,0.0,17.0,12.0,34.9,1.6,0.7647058823529411,0.0,0.0,13.0,15.0,38.4,3.0,0.8,1.0,13.0,-100.0,0.25,0.25,7,12,153.5,13.0,1170,1236,1404,0.0,0.0,14.0,14.0,35.6,1.4,0.375,0.0,0.0,10.0,13.0,36.2,1.5,0.46153846153846156,0.2,0.0,55.0,-1213.0,14.0,13.0,457.0,0.15384615384615385,0.0,0.0,0.0625,0.0,1.2899999999999991,0.0,,-0.5592000000000041,-1.2259000000000029,0.5253000000000014,1.0469000000000008,0.17454541601015672,2.9342119896149286,-1.0,0.0,,0.0,0.0,0.0,,,
96,202009020207,0,0,0,0,0,0,1,3,0,0,0,0,0,0,0,0,0,0,0,2,0,0,0,0,0,0,0,0,0,0,0,0,0,0,0,0,0.0,0.0,9.0,11.0,36.4,0.7,0.05555555555555555,0.0,0.0,9.0,16.0,44.2,7.6,0.1875,0.0,0.0,6.0,5.0,36.6,1.0,0.0625,-3.0,0.0,0.0,0.0,0.2,2,2,27.8,10.0,1098,1362,1294,0.0,0.0,6.0,5.0,37.3,0.9,0.3125,0.0,0.0,7.0,9.0,36.3,0.8,0.375,-1.5,0.0,53.0,-356.0,14.0,18.0,456.0,0.0,0.125,0.0,-0.125,-0.125,0.7100000000000009,0.0,1.2935000000000016,5.920500000000004,1.2346000000000004,1.2051999999999978,1.0086999999999975,0.12899480801112562,3.040131576099957,-2.0,2.0,0.0,0.0,0.0,0.0,,,
97,202009020207,1,0,1,14,0,1,0,8,0,0,0,1,0,0,0,6,0,0,0,1,0,0,0,0,0,0,0,1,0,0,0,0,0,0,0,0,0.0,0.0,15.0,15.0,34.9,1.2,0.625,0.0,0.0,18.0,14.0,34.7,1.0,0.6111111111111112,0.0,0.0,7.0,17.0,34.4,1.9,1.0,1.0,-4.0,200.0,,,3,3,9.4,4.0,1716,1428,1167,0.0,0.0,6.0,16.0,35.1,1.2,0.3333333333333333,0.0,0.0,13.0,4.0,33.2,0.3,0.4666666666666667,-2.0,0.0,54.0,-1434.0,14.0,16.0,444.0,0.0,-0.05555555555555555,0.0,0.16666666666666666,0.0,0.29999999999999927,0.0,-0.4654000000000025,-0.4064999999999941,-0.7531000000000034,-0.05310000000000059,-1.9530999999999992,0.22332780534894286,0.6711184694225,-1.0,1.0,0.0,,,0.0,,-0.15846456692913385,-0.20036429872495448
98,202009020504,0,0,0,11,0,0,0,0,0,0,0,0,0,0,0,1,0,0,0,0,0,0,0,0,0,0,0,0,0,0,0,0,0,0,0,0,0.0,0.0,6.0,3.0,37.7,1.0,0.5,0.0,0.0,9.0,10.0,35.2,1.6,0.5454545454545454,0.0,0.0,9.0,10.0,34.1,0.7,0.75,3.5,-1.0,0.0,0.26666666666666666,0.4666666666666667,2,4,2.5,1.0,1222,307,1328,0.0,0.0,7.0,7.0,36.4,0.8,0.9,0.0,0.0,11.0,6.0,34.8,0.6,1.0,0.3,0.2,56.0,-1559.0,18.0,12.0,479.0,-0.08333333333333333,0.09090909090909091,0.08333333333333333,-0.1,-0.08333333333333333,0.4600000000000016,0.0,-0.5794999999999959,-0.2591999999999999,-1.0531000000000006,1.0345999999999975,-0.35310000000000485,0.19429040205470396,1.2721635115031407,0.0,0.0,,0.2,0.4,0.0,,,
99,202009020504,4,7,4,38,2,4,1,11,0,1,0,1,0,1,1,6,0,1,0,2,0,0,0,0,0,0,1,3,0,0,0,0,0,0,0,0,0.0,0.0,6.0,1.0,40.2,0.0,1.0,0.0,0.0,9.0,9.0,39.1,4.2,0.2222222222222222,0.0,0.0,7.0,14.0,39.6,2.8,0.14285714285714285,6.5,7.0,0.0,0.125,0.3125,5,10,6.0,3.0,1304,334,1503,0.0,0.0,7.0,12.0,36.2,1.2,0.375,0.0,0.0,3.0,4.0,37.2,1.1,0.26666666666666666,0.9,0.2,54.0,-1551.0,18.0,12.0,427.0,-0.5,0.0,0.35714285714285715,0.3125,-0.13333333333333333,0.8899999999999999,0.0,1.920500000000004,3.6407999999999987,0.39059999999999917,0.7408000000000001,1.7408000000000001,0.30858420673784037,1.5120846537148636,0.0,0.0,,0.16666666666666666,0.16666666666666666,0.0,,-0.033018867924528295,
100,202009020504,16,11,9,91,5,2,4,57,0,0,1,9,5,0,1,12,3,1,1,11,0,0,0,2,1,0,0,5,2,0,1,3,0,0,0,1,0.0,0.0,90.0,110.0,44.9,4.6,0.18181818181818182,0.0,0.0,10.0,40.0,36.3,0.4,0.3888888888888889,0.0,0.0,20.0,30.0,35.3,0.3,0.29411764705882354,-40.0,22.0,0.0,0.125,0.375,8,16,5.0,2.0,1716,1556,1167,0.0,0.0,10.0,20.0,35.0,0.2,0.29411764705882354,0.0,0.0,20.0,30.0,35.2,0.2,0.1111111111111111,-18.0,0.0,56.0,-510.0,18.0,11.0,472.0,0.6363636363636364,-0.05555555555555555,0.0,0.0,0.0,2.069999999999999,0.0,6.746200000000002,1.0086999999999975,0.19350000000000023,-0.10649999999999693,0.09350000000000591,0.09699619830565612,3.8066258024660105,0.0,4.0,0.0,0.16666666666666666,0.5,3.0,0.0,-0.15846456692913385,-0.09033613445378152
101,202009020504,6,16,6,73,0,3,1,6,0,3,1,2,2,3,2,15,0,0,0,0,0,0,0,0,0,1,0,4,0,0,0,0,0,0,0,0,0.0,0.0,12.0,8.0,35.2,0.4,0.75,0.0,0.0,15.0,14.0,35.6,1.0,0.625,0.0,0.0,2.0,8.0,34.8,0.5,0.5,0.0,-4.0,200.0,0.15789473684210525,0.42105263157894735,8,17,9.0,5.0,1393,391,1263,0.0,0.0,3.0,1.0,34.8,0.0,0.375,0.0,0.0,7.0,4.0,35.2,0.7,0.2857142857142857,-2.1,0.2,54.0,-862.0,18.0,16.0,494.0,0.0625,0.0,-0.07142857142857142,0.0,0.0,0.08000000000000043,0.0,0.04690000000000083,0.4468999999999994,-0.35310000000000485,-0.35310000000000485,-0.7224999999999966,0.16698099610801373,0.2993325909419173,-1.0,0.0,,0.1,0.4,0.0,,0.2561056105610561,
102,202009020504,1,1,1,11,1,0,5,16,0,0,0,3,0,0,0,2,0,0,0,0,0,0,0,0,0,0,0,0,0,0,0,0,0,0,0,0,0.0,0.0,1.0,1.0,39.4,0.0,0.09090909090909091,0.0,0.0,18.0,16.0,35.8,1.2,0.5555555555555556,0.0,0.0,12.0,9.0,35.3,1.0,0.3333333333333333,4.0,9.0,100.0,0.07692307692307693,0.3076923076923077,8,18,8.1,4.0,1009,1328,298,0.0,0.0,15.0,16.0,38.9,3.7,0.75,0.0,0.0,12.0,10.0,37.8,2.2,0.6666666666666666,1.8,0.2,56.0,-1562.0,18.0,11.0,491.0,0.0,0.0,0.13333333333333333,0.0625,0.0,0.010000000000000142,0.0,1.9658999999999978,0.6935000000000002,0.19350000000000023,0.7462000000000018,-0.021100000000004115,0.23931294713121157,1.635359287740771,0.0,2.0,0.0,0.0,0.3333333333333333,2.0,0.0,,
103,202009020504,5,3,4,39,3,0,6,43,1,0,0,2,0,1,1,5,0,0,0,7,0,0,0,0,0,1,0,0,0,0,0,0,0,0,0,0,0.0,0.0,1.0,10.0,42.7,3.1,0.36363636363636365,0.0,0.0,8.0,6.0,38.9,1.3,0.0625,0.0,0.0,5.0,6.0,35.9,0.9,0.3333333333333333,-2.0,25.0,-100.0,0.0,0.0,7,13,452.5,18.0,1152,1183,1428,0.0,0.0,6.0,2.0,35.3,0.2,0.5,0.0,0.0,5.0,3.0,36.6,0.8,0.3333333333333333,-1.8,0.4,54.0,-272.0,18.0,11.0,451.0,0.2727272727272727,0.0,0.0,-0.125,-0.13333333333333333,1.5800000000000005,0.0,,0.6204999999999998,-0.016600000000003945,-0.15920000000000556,1.1407999999999987,0.1420954457485508,2.701407040784489,-1.0,0.0,,0.0,0.25,0.0,,,0.07692307692307693
104,202009020504,6,16,6,73,1,4,1,46,0,0,0,1,2,3,2,15,0,0,0,7,0,0,0,0,0,1,0,4,0,0,0,3,0,0,0,0,0.0,0.0,3.0,13.0,41.7,2.9,0.7857142857142857,0.0,0.0,14.0,14.0,41.8,4.0,0.35714285714285715,0.0,0.0,8.0,10.0,38.2,2.5,0.1,-1.5,-16.0,-200.0,0.16,0.36,3,5,53.8,10.0,1393,1558,1263,0.0,0.0,10.0,9.0,41.3,3.1,0.09090909090909091,0.0,0.0,9.0,13.0,39.8,2.3,0.1875,-0.5,0.0,56.0,-696.0,18.0,14.0,468.0,0.0,0.5,0.5,0.0,0.0,0.43000000000000116,0.0,3.6274000000000015,2.1740999999999957,-1.1288999999999945,1.6740999999999957,0.1740999999999957,0.259024508953933,1.3807244475274556,0.0,0.0,,0.0,0.16666666666666666,0.0,,0.2561056105610561,0.19230769230769232
105,202009020504,6,16,6,73,5,6,4,36,0,2,0,2,2,3,2,15,0,4,1,4,0,2,0,0,0,1,0,4,0,1,1,1,0,0,0,0,0.0,0.0,6.0,9.0,37.3,1.4,0.8181818181818182,0.0,0.0,2.0,7.0,39.5,1.8,0.875,0.0,0.0,1.0,10.0,35.9,0.8,0.5625,0.5,-8.0,-600.0,0.05263157894736842,0.21052631578947367,7,15,13.7,6.0,1393,1294,1263,0.0,0.0,2.0,2.0,36.6,0.3,0.4375,0.0,0.0,6.0,3.0,35.1,0.2,0.8888888888888888,-1.7,0.4,56.0,-1044.0,18.0,11.0,438.0,-0.09090909090909091,0.0,-0.3125,-0.3125,-0.6666666666666666,0.729999999999999,0.0,-0.04530000000000456,-0.12590000000000146,-0.9502999999999986,0.6833999999999989,-0.8166000000000011,0.18261234038400698,1.4998666607402136,-2.0,0.0,,0.0,0.0,0.0,,0.2561056105610561,0.20588235294117646
106,202009020504,5,7,13,75,0,2,7,28,0,1,2,4,0,0,3,5,0,0,2,4,0,0,1,0,0,0,1,3,0,0,1,3,0,0,1,0,0.0,0.0,6.0,4.0,13.5,1.9,0.7272727272727273,0.0,0.0,1.0,1.0,13.3,0.0,0.5714285714285714,0.0,0.0,7.0,3.0,13.3,0.3,0.875,-0.5,-8.0,-2500.0,0.0,0.15384615384615385,3,6,229.5,16.0,1691,1482,1167,0.0,0.0,9.0,4.0,13.5,1.3,0.75,0.0,0.0,2.0,1.0,13.7,0.0,0.75,-0.3,0.6,56.0,-700.0,18.0,11.0,450.0,-0.2727272727272727,-0.2857142857142857,-0.375,-0.16666666666666666,-0.5,-0.05999999999999979,0.0,,,,,,0.09681424034065131,0.14966629547095714,-4.0,0.0,,0.0,0.1111111111111111,0.0,,0.13461538461538464,-0.0765765765765766
107,202009020504,1,0,2,9,5,2,4,57,0,0,1,0,1,0,2,1,3,1,1,11,0,0,1,0,0,0,2,0,2,0,1,3,0,0,1,0,0.0,0.0,4.0,8.0,39.4,1.5,0.4444444444444444,0.0,0.0,7.0,3.0,36.9,0.3,0.5625,0.0,0.0,11.0,3.0,36.4,0.3,0.375,-2.5,16.0,200.0,0.0,0.1,4,8,19.7,8.0,1333,1556,1294,0.0,0.0,13.0,7.0,35.3,1.4,0.9375,0.0,0.0,11.0,8.0,37.2,1.7,0.8125,0.4,0.4,56.0,-1346.0,18.0,9.0,494.0,0.0,0.0,0.0,-0.0625,-0.0625,0.5999999999999993,0.0,1.488900000000001,-1.011099999999999,-1.017700000000005,-2.1177000000000064,-0.7110999999999947,0.21531809658282183,1.3455110553243335,0.0,0.0,,0.0,0.1,0.0,,,-0.09033613445378152
108,202009020504,2,8,6,29,0,0,1,4,0,0,0,0,0,2,3,4,0,0,1,2,0,0,0,0,0,1,0,1,0,0,0,0,0,0,0,0,0.0,0.0,5.0,5.0,42.0,0.8,0.5,0.0,0.0,9.0,8.0,36.2,1.1,0.16666666666666666,0.0,0.0,6.0,8.0,33.4,1.0,0.7777777777777778,1.5,3.0,0.0,0.10526315789473684,0.21052631578947367,1,2,181.4,14.0,1172,516,1556,0.0,0.0,11.0,5.0,35.7,0.4,0.5384615384615384,0.0,0.0,10.0,14.0,36.6,2.6,0.5714285714285714,1.5,0.0,54.0,-1567.0,18.0,12.0,435.0,-0.08333333333333333,-0.05555555555555555,,0.0,-0.07142857142857142,1.1299999999999997,0.0,3.7205000000000013,1.0469000000000008,-0.14339999999999975,0.3346000000000018,1.1407999999999987,0.19711036854335168,2.8357714999625765,0.0,0.0,,0.0,0.0,0.0,,0.08194444444444443,
109,202009020504,4,6,2,18,0,0,0,1,0,0,0,1,0,1,1,8,0,0,0,1,0,0,0,1,0,0,1,4,0,0,0,1,0,0,0,1,0.0,0.0,120.0,8.0,34.6,1.4,0.5833333333333334,0.0,0.0,140.0,7.0,34.6,0.9,0.7857142857142857,0.0,0.0,130.0,10.0,33.4,1.1,1.0,1.0,0.0,-600.0,0.16666666666666666,0.16666666666666666,1,1,135.1,11.0,1098,456,1294,0.0,0.0,160.0,16.0,37.6,1.7,0.9375,0.0,0.0,80.0,11.0,36.5,2.1,0.5,1.5,0.0,54.0,-1086.0,18.0,12.0,438.0,0.08333333333333333,-0.07142857142857142,-0.07692307692307693,-0.0625,0.4166666666666667,-0.6799999999999997,0.0,-1.316600000000001,-0.8592000000000013,-2.516600000000004,-1.6094000000000008,0.5833999999999975,0.19420093271550912,1.5041276541570539,-2.0,0.0,,0.0,0.0,0.0,,,
110,202009020504,6,1,4,60,1,1,1,13,0,0,0,0,3,0,0,5,1,0,0,3,0,0,0,0,1,0,0,1,0,0,0,0,0,0,0,0,0.0,0.0,9.0,8.0,42.1,1.6,0.8888888888888888,0.0,0.0,10.0,8.0,40.4,1.7,0.8,0.0,0.0,7.0,13.0,35.8,1.5,0.5,2.5,-19.0,-200.0,0.0,0.15384615384615385,4,7,17.3,7.0,1090,1542,1169,0.0,0.0,10.0,5.0,35.6,0.8,0.125,0.0,0.0,7.0,11.0,37.0,2.1,0.5625,0.3,0.0,55.0,-978.0,18.0,9.0,431.0,0.1111111111111111,0.0,0.2222222222222222,0.0,0.125,1.5,0.0,4.0274,1.007399999999997,0.6935000000000002,0.33660000000000423,1.0833999999999975,0.2673694443145784,2.607987730032487,2.0,1.0,0.0,0.0,0.2,1.0,0.0,0.152762730227519,
111,202009020504,4,6,2,18,3,10,6,42,0,3,0,4,0,1,1,8,1,0,0,4,0,0,0,2,0,0,1,4,0,0,0,3,0,0,0,2,0.0,0.0,3.0,7.0,41.5,0.7,0.08333333333333333,0.0,0.0,13.0,9.0,36.3,1.0,0.7222222222222222,0.0,0.0,9.0,14.0,36.1,1.5,0.3888888888888889,3.5,30.0,0.0,0.06666666666666667,0.2,2,3,34.6,9.0,1098,1428,1294,0.0,0.0,10.0,5.0,35.6,0.7,0.7777777777777778,0.0,0.0,5.0,15.0,35.2,1.5,0.6666666666666666,1.2,0.0,56.0,-612.0,18.0,12.0,444.0,0.0,-0.05555555555555555,0.0,0.0,0.0,1.329999999999999,0.0,3.8357000000000028,1.0086999999999975,0.9935000000000045,0.30870000000000175,-0.2591999999999999,0.2593915006650834,2.3122283624244377,0.0,3.0,0.0,0.0,0.4,1.0,0.0,,-0.20036429872495448
112,202009020504,2,8,6,29,0,0,1,2,0,0,0,0,0,2,3,4,0,0,0,0,0,0,0,0,0,1,0,1,0,0,0,0,0,0,0,0,0.0,0.0,8.0,9.0,42.1,3.0,0.7,0.0,0.0,18.0,18.0,35.1,2.1,0.6666666666666666,0.0,0.0,14.0,11.0,36.1,1.7,0.9375,1.0,13.0,0.0,0.0,0.0,5,9,261.0,17.0,1172,1404,1556,0.0,0.0,11.0,9.0,37.4,1.4,0.625,0.0,0.0,17.0,15.0,35.7,1.6,0.6666666666666666,0.3,0.0,56.0,-1229.0,18.0,10.0,439.0,0.0,0.2222222222222222,0.0,0.0,0.05555555555555555,1.05,0.0,3.8205000000000027,-0.05310000000000059,-1.7210999999999999,-0.511099999999999,0.5935000000000059,0.11172883841396247,2.5253910588263353,0.0,1.0,0.0,0.08333333333333333,0.08333333333333333,1.0,0.0,0.08194444444444443,
113,202009020504,1,1,1,45,3,0,6,43,0,0,0,4,1,0,0,8,0,0,0,7,0,0,0,2,1,0,0,2,0,0,0,0,0,0,0,0,0.0,0.0,50.0,6.0,40.7,2.5,0.9166666666666666,0.0,0.0,150.0,14.0,39.5,2.4,0.5,0.0,0.0,100.0,8.0,38.1,1.2,0.2727272727272727,1.0,22.0,-300.0,0.0,0.0,6,12,195.5,15.0,1317,1183,1186,0.0,0.0,130.0,12.0,36.3,1.8,0.14285714285714285,0.0,0.0,150.0,16.0,35.3,1.9,0.9444444444444444,1.8,0.0,54.0,-1189.0,18.0,12.0,490.0,-0.4166666666666667,0.0625,0.09090909090909091,0.07142857142857142,0.0,1.4000000000000015,0.0,2.122400000000006,1.2205000000000013,-0.17949999999999733,0.8407999999999944,0.19350000000000023,0.32711887911893,1.9863534428696241,0.0,1.0,0.0,0.09090909090909091,0.09090909090909091,1.0,0.0,0.10416666666666666,0.07692307692307693
114,202009020504,16,11,9,91,9,2,9,87,0,1,2,5,5,0,1,12,2,0,3,11,0,0,0,0,1,0,0,5,0,0,1,3,0,0,0,0,0.0,0.0,6.0,9.0,41.7,4.2,0.1111111111111111,0.0,0.0,10.0,9.0,37.0,1.3,0.38461538461538464,0.0,0.0,11.0,5.0,35.1,0.5,0.5,-2.0,13.0,-100.0,0.0,0.25,6,11,159.8,13.0,1716,1263,1167,0.0,0.0,15.0,15.0,36.8,2.1,0.8125,0.0,0.0,13.0,17.0,38.2,3.7,0.3888888888888889,2.2,0.0,54.0,-1331.0,18.0,9.0,451.0,0.8888888888888888,0.15384615384615385,-0.07142857142857142,0.0,0.2222222222222222,0.7200000000000003,0.0,,0.5589000000000013,-0.797699999999999,-1.0211000000000041,3.093500000000006,0.22636355198383798,2.2041778512633696,0.0,1.0,0.0,,,1.0,0.0,-0.15846456692913385,0.1312659303313509
115,202009020504,3,5,1,25,0,0,0,0,0,0,0,0,0,0,1,7,0,0,0,0,0,0,0,0,0,0,0,1,0,0,0,0,0,0,0,0,0.0,0.0,18.0,16.0,37.8,3.7,0.5555555555555556,0.0,0.0,12.0,14.0,41.0,3.5,0.6666666666666666,0.0,0.0,12.0,18.0,37.2,3.9,0.9444444444444444,1.0,14.0,-200.0,0.0,0.3333333333333333,7,14,142.1,12.0,1431,1734,1428,,,,,,,,,,,,,,,1.0,0.0,54.0,-120.0,18.0,18.0,436.0,0.1111111111111111,0.0,0.05555555555555555,,,0.29999999999999716,0.0,2.5366,2.7205000000000013,2.093500000000006,,,0.16355112715421938,1.667999467092907,0.0,1.0,0.0,0.2,0.4,1.0,0.0,-0.09803921568627452,
116,202009020809,0,0,0,11,0,0,0,1,0,0,0,0,0,0,0,2,0,0,0,1,0,0,0,0,0,0,0,0,0,0,0,0,0,0,0,0,0.0,0.0,16.0,16.0,35.2,1.4,0.1875,0.0,0.0,18.0,16.0,33.5,0.8,1.0,0.0,0.0,16.0,14.0,38.6,2.4,0.9375,-1.0,-14.0,200.0,0.07142857142857142,0.2857142857142857,5,5,2.3,1.0,1321,1417,1263,0.0,0.0,13.0,13.0,35.9,1.7,0.9230769230769231,0.0,0.0,15.0,14.0,34.2,1.3,1.0,-0.7,0.0,57.0,-1525.0,11.0,16.0,476.0,0.125,0.0,0.0625,-0.07692307692307693,0.0,-0.039999999999999855,0.0,0.04690000000000083,-1.653100000000002,0.32050000000000267,-2.3795,-1.0912999999999968,0.3126493725845533,1.7634057956125697,0.0,1.0,0.0,0.09090909090909091,0.36363636363636365,0.0,,,
117,202009020809,16,11,9,91,5,2,4,57,0,0,1,9,5,0,1,12,3,1,1,11,0,0,0,2,1,0,0,1,0,0,0,1,0,0,0,0,0.0,0.0,90.0,9.0,40.9,3.0,1.0,0.0,0.0,120.0,12.0,36.7,1.6,0.4375,0.0,0.0,130.0,14.0,36.0,1.0,0.2,2.5,6.0,-300.0,0.3125,0.5,7,8,11.6,5.0,1716,1556,1167,0.0,0.0,110.0,5.0,34.7,0.4,0.46153846153846156,0.0,0.0,120.0,9.0,35.2,1.1,0.7777777777777778,-0.7,0.0,57.0,-836.0,11.0,11.0,472.0,0.0,-0.0625,0.2,0.0,0.0,1.3399999999999992,0.0,1.507399999999997,-1.2110999999999947,0.9253,-0.37469999999999715,0.09350000000000591,0.28076607278141785,2.2081666603768824,2.0,1.0,0.0,,,1.0,0.0,-0.15846456692913385,-0.09033613445378152
118,202009020809,16,11,9,91,9,2,9,87,0,1,2,5,5,0,1,12,2,0,3,11,0,0,0,0,1,0,0,1,1,0,2,2,0,0,0,0,0.0,0.0,9.0,16.0,35.1,1.5,0.8823529411764706,0.0,0.0,1.0,10.0,34.6,0.8,1.0,0.0,0.0,4.0,3.0,34.6,0.7,0.8181818181818182,-6.5,0.0,0.0,0.08333333333333333,0.25,8,10,8.5,4.0,1716,1263,1167,0.0,0.0,2.0,1.0,33.9,0.0,0.6666666666666666,0.0,0.0,3.0,4.0,34.0,0.2,0.75,-3.3,0.4,55.0,-97.0,11.0,17.0,436.0,0.0,-0.06666666666666667,-0.09090909090909091,0.0,-0.0625,0.2900000000000006,0.0,-0.006499999999995509,-0.5064999999999955,-0.5064999999999955,-2.1948000000000008,-1.106499999999997,0.11370411457650342,0.440908153700973,0.0,4.0,0.25,0.0,0.2857142857142857,4.0,0.25,-0.15846456692913385,0.1312659303313509
119,202009020809,3,5,1,25,0,1,1,1,0,1,0,0,0,0,1,7,0,0,0,1,0,0,0,0,0,0,0,2,0,0,0,0,0,0,0,0,0.0,0.0,14.0,12.0,41.6,5.3,0.7857142857142857,0.0,0.0,12.0,14.0,36.3,2.6,0.9285714285714286,0.0,0.0,11.0,5.0,36.2,1.0,0.6923076923076923,-3.5,0.0,-1200.0,0.16666666666666666,0.3333333333333333,6,6,13.4,6.0,1431,2,1428,0.0,0.0,11.0,9.0,36.0,1.5,0.9166666666666666,0.0,0.0,12.0,7.0,34.6,0.3,0.42857142857142855,-1.5,0.0,57.0,-853.0,11.0,14.0,500.0,0.14285714285714285,0.0,-0.23076923076923078,0.08333333333333333,0.2857142857142857,1.4299999999999997,0.0,4.394600000000004,-0.6413000000000011,-0.7412999999999954,0.08339999999999748,-1.1373999999999995,0.18307654197170353,2.4096472770926454,3.0,0.0,,0.0,0.14285714285714285,0.0,,-0.09803921568627452,
120,202009020809,39,30,28,143,0,1,1,5,0,0,0,0,3,3,0,11,0,0,1,2,0,0,0,0,0,1,0,2,0,0,0,0,0,0,0,0,0.0,0.0,7.0,7.0,40.3,1.5,1.0,0.0,0.0,12.0,11.0,35.0,0.4,0.42857142857142855,0.0,0.0,11.0,8.0,35.8,0.7,0.3125,0.5,14.0,-200.0,0.11764705882352941,0.4117647058823529,4,4,3.6,2.0,1428,702,1263,0.0,0.0,10.0,4.0,34.6,0.2,0.4117647058823529,0.0,0.0,10.0,7.0,34.6,0.9,0.8,-0.7,0.0,57.0,-1396.0,11.0,9.0,474.0,0.0,-0.07142857142857142,0.0,-0.058823529411764705,-0.06666666666666667,1.179999999999999,0.0,3.0448999999999984,-0.153100000000002,0.6468999999999951,-0.5531000000000006,-0.7653999999999996,0.26345080945442,2.164809460437568,1.0,0.0,,0.1,0.3,0.0,,-0.16026422764227644,
121,202009020809,3,5,1,25,0,0,0,0,0,0,0,0,0,0,1,7,0,0,0,0,0,0,0,0,0,0,0,2,0,0,0,0,0,0,0,0,0.0,0.0,13.0,12.0,35.6,1.3,0.9285714285714286,0.0,0.0,9.0,9.0,35.4,1.2,0.5,0.0,0.0,11.0,6.0,34.1,0.3,0.6428571428571429,-3.0,-6.0,-600.0,0.0625,0.1875,6,7,16.5,8.0,1431,287,1428,0.0,0.0,10.0,12.0,36.3,1.1,0.8666666666666667,0.0,0.0,18.0,11.0,33.3,0.7,0.8888888888888888,0.1,0.0,57.0,-413.0,11.0,14.0,492.0,0.0,0.07142857142857142,0.14285714285714285,0.0,0.05555555555555555,0.370000000000001,0.0,-0.3166000000000011,-0.33740000000000236,-1.816600000000001,-1.9795000000000016,-1.7747000000000028,0.16588144582512843,1.0855413396089528,0.0,0.0,,0.0,0.125,0.0,,-0.09803921568627452,
122,202009020809,39,30,28,143,0,2,0,4,0,1,0,0,3,3,0,11,0,1,0,0,0,1,0,0,0,1,0,2,0,1,0,0,0,1,0,0,0.0,0.0,18.0,12.0,36.2,1.6,0.8333333333333334,0.0,0.0,15.0,13.0,33.3,0.7,0.8666666666666667,0.0,0.0,15.0,10.0,34.6,0.5,0.9375,-1.0,6.0,0.0,0.0,0.14285714285714285,8,11,8.0,3.0,1428,1589,1263,0.0,0.0,13.0,10.0,34.3,1.0,0.7692307692307693,0.0,0.0,16.0,14.0,37.5,2.4,1.0,0.1,0.0,57.0,-1337.0,11.0,18.0,492.0,0.0,-0.06666666666666667,0.0,0.15384615384615385,0.0,-0.35999999999999943,0.0,1.093500000000006,-1.8064999999999998,-0.5531000000000006,-0.9634,2.236600000000003,0.08040219821606256,1.4878171930717845,5.0,2.0,0.0,0.0,0.25,2.0,0.0,-0.16026422764227644,
123,202009020809,0,1,0,9,0,0,1,4,0,0,0,1,0,0,0,4,0,0,1,2,0,0,0,1,0,0,0,0,0,0,0,0,0,0,0,0,0.0,0.0,15.0,15.0,34.6,2.0,0.9333333333333333,0.0,0.0,14.0,14.0,35.7,3.0,1.0,0.0,0.0,17.0,7.0,34.2,0.6,0.9444444444444444,-4.0,2.0,200.0,0.0,0.2,7,9,230.1,11.0,1468,516,1328,0.0,0.0,15.0,11.0,36.3,1.1,0.9333333333333333,0.0,0.0,10.0,7.0,35.2,1.1,1.0,-1.9,0.0,55.0,-203.0,11.0,15.0,438.0,0.06666666666666667,0.0,-0.05555555555555555,-0.13333333333333333,0.0,-0.17999999999999972,0.0,-0.5531000000000006,0.3346000000000018,-1.1653999999999982,1.1935000000000002,-0.8947999999999965,0.03111111111111111,0.750999334220742,5.0,1.0,0.0,0.0,0.0,1.0,0.0,,
124,202009020809,6,16,6,73,5,0,0,15,0,0,0,4,2,3,2,15,0,0,0,4,0,0,0,1,0,1,0,4,0,0,0,2,0,0,0,1,0.0,0.0,5.0,6.0,41.7,3.3,0.7777777777777778,0.0,0.0,13.0,13.0,36.8,1.9,0.07692307692307693,0.0,0.0,14.0,12.0,33.4,1.0,0.7222222222222222,3.0,4.0,100.0,0.0,0.0,1,1,15.3,7.0,1393,1445,1263,0.0,0.0,16.0,17.0,37.9,2.5,0.1111111111111111,0.0,0.0,11.0,10.0,37.2,1.1,0.2,1.2,0.0,57.0,-567.0,11.0,9.0,500.0,-0.1111111111111111,0.0,,0.0,-0.06666666666666667,0.7899999999999998,0.0,4.265900000000002,1.7252999999999972,-0.14339999999999975,2.7935000000000016,2.093500000000006,0.307203980968678,2.6510375327407205,1.0,2.0,0.0,0.0,0.14285714285714285,2.0,0.0,0.2561056105610561,0.0357142857142857
125,202009020809,3,5,1,25,7,8,9,48,0,0,0,2,0,0,1,7,2,3,1,11,0,0,0,0,0,0,0,2,1,0,0,0,0,0,0,0,0.0,0.0,7.0,10.0,34.0,0.7,1.0,0.0,0.0,7.0,5.0,34.1,0.4,0.8888888888888888,0.0,0.0,12.0,6.0,33.3,0.2,0.9444444444444444,-2.0,2.0,200.0,0.11764705882352941,0.35294117647058826,2,2,59.9,9.0,1431,1167,1428,0.0,0.0,8.0,8.0,34.4,0.6,0.7692307692307693,0.0,0.0,11.0,8.0,35.6,1.4,0.6923076923076923,-0.1,0.0,55.0,-371.0,11.0,16.0,460.0,0.0,0.1111111111111111,-0.05555555555555555,-0.15384615384615385,-0.15384615384615385,-0.35,0.0,-1.153100000000002,-1.0064999999999955,-1.8531000000000049,-0.7531000000000034,0.5253000000000014,0.11306629534464062,0.7520638270785277,4.0,1.0,0.0,0.3,0.3,1.0,0.0,-0.09803921568627452,-0.20833333333333331
126,202009020809,0,1,2,22,0,1,1,5,0,0,0,1,0,0,0,3,0,1,0,2,0,0,0,1,0,0,0,2,0,0,0,1,0,0,0,1,0.0,0.0,12.0,12.0,36.0,2.4,0.46153846153846156,0.0,0.0,10.0,11.0,35.7,2.0,0.9090909090909091,0.0,0.0,8.0,11.0,34.4,0.9,0.7272727272727273,-0.5,4.0,-800.0,0.0,0.09090909090909091,3,3,175.1,10.0,1306,1620,1445,0.0,0.0,12.0,12.0,38.0,3.1,0.08333333333333333,0.0,0.0,16.0,15.0,36.2,2.2,0.9444444444444444,0.7,0.0,57.0,-7.0,11.0,13.0,478.0,0.38461538461538464,0.0,0.09090909090909091,0.0,0.0,-0.2700000000000003,0.0,-0.030000000000001137,0.5935000000000059,-0.8913000000000011,2.9253,0.10520000000000351,0.3204167499823077,1.1551623262554924,5.0,2.0,0.0,0.0,0.3,1.0,0.0,0.022857142857142854,
127,202009030205,0,0,0,0,0,0,0,4,0,0,0,0,0,0,0,0,0,0,0,1,0,0,0,0,0,0,0,0,0,0,0,1,0,0,0,0,0.0,0.0,12.0,11.0,33.0,1.0,0.9230769230769231,0.0,0.0,8.0,,,,0.6153846153846154,0.0,0.0,8.0,13.0,39.3,3.0,0.6153846153846154,2.0,-4.0,200.0,0.15384615384615385,0.34615384615384615,1,1,2.1,1.0,1463,197,1167,0.0,0.0,14.0,15.0,33.5,0.7,1.0,0.0,0.0,13.0,15.0,34.3,1.1,1.0,1.4,0.0,54.0,-1428.0,12.0,13.0,454.0,0.0,0.0,-0.07692307692307693,0.0,-0.05555555555555555,0.19000000000000056,0.0,-2.153100000000002,,1.0204999999999984,-1.653100000000002,-1.1592000000000056,0.178089798504465,2.5113492389550274,-3.0,0.0,,0.3333333333333333,0.4444444444444444,0.0,,,
128,202009030205,1,1,1,45,1,0,2,17,0,0,0,7,1,0,0,8,0,0,0,1,0,0,0,1,0,0,0,2,0,0,0,0,0,0,0,0,,,,,,,,,,,,,,,,,,,,,,,,,0.043478260869565216,0.17391304347826086,2,2,5.6,2.0,1317,1713,1186,,,,,,,,,,,,,,,,,54.0,,12.0,,,,,,,,,,,,,,,,,,0.0,,0.2857142857142857,0.42857142857142855,0.0,,0.10416666666666666,
129,202009030205,0,0,0,0,0,0,0,0,0,0,0,0,0,0,0,0,0,0,0,0,0,0,0,0,0,0,0,0,0,0,0,0,0,0,0,0,0.0,0.0,2.0,11.0,43.9,9.8,0.9090909090909091,0.0,0.0,6.0,14.0,36.8,2.1,0.4,0.0,0.0,1.0,1.0,36.1,0.0,0.3,-5.0,-6.0,0.0,0.0,0.14285714285714285,3,3,7.0,3.0,1657,927,1317,0.0,0.0,3.0,2.0,36.0,0.6,0.8,0.0,0.0,2.0,2.0,35.5,0.1,0.3076923076923077,-3.0,0.6,54.0,-259.0,12.0,11.0,440.0,0.0,-0.06666666666666667,0.1,-0.3,-0.07692307692307693,1.7599999999999993,0.0,8.793500000000002,1.7252999999999972,0.8366000000000042,0.9253,0.39350000000000307,0.25881987087770547,3.147443406957462,-2.0,2.0,0.5,0.4,0.4,2.0,0.5,,
130,202009030205,0,0,0,5,0,0,0,2,0,0,0,0,0,0,0,1,0,0,0,1,0,0,0,0,0,0,0,0,0,0,0,0,0,0,0,0,0.0,0.0,11.0,13.0,36.1,1.6,0.9375,0.0,0.0,5.0,10.0,34.5,1.1,0.6666666666666666,0.0,0.0,8.0,12.0,33.8,0.5,1.0,-0.5,0.0,250.0,0.0,0.0,6,7,94.7,12.0,1441,705,1167,0.0,0.0,7.0,10.0,33.0,0.5,1.0,0.0,0.0,7.0,14.0,34.5,0.9,0.6875,0.2,0.0,54.0,-678.0,12.0,16.0,428.0,-0.0625,0.05555555555555555,0.0,0.0,0.0625,0.4700000000000003,0.0,-1.0229,-0.653100000000002,-1.3064999999999998,-2.153100000000002,-0.653100000000002,0.14988421457170792,1.0225458424931382,2.0,1.0,0.0,0.0,0.0,1.0,0.0,,
131,202009030205,0,0,1,4,4,1,4,29,0,0,0,0,0,0,0,3,1,0,1,2,0,0,0,0,0,0,0,2,0,0,1,0,0,0,0,0,0.0,0.0,5.0,10.0,41.4,3.2,0.13333333333333333,0.0,0.0,6.0,7.0,40.2,2.6,0.21428571428571427,0.0,0.0,4.0,16.0,42.4,4.3,0.1875,3.0,-4.0,-400.0,0.0,0.14285714285714285,7,9,21.7,7.0,1520,1618,695,0.0,0.0,7.0,5.0,35.3,1.2,0.16666666666666666,,,,,,,,-0.6,0.0,54.0,-377.0,12.0,15.0,470.0,0.26666666666666666,0.0,0.1875,0.0,,1.6100000000000008,0.0,1.8532999999999973,0.5741000000000014,4.1205,0.19350000000000023,,0.02959888388358917,2.726146547784987,-2.0,1.0,0.0,0.0,0.125,1.0,0.0,,
132,202009030205,4,6,2,18,3,10,6,42,0,3,0,4,0,1,1,8,1,0,0,4,0,0,0,2,0,1,0,3,0,0,0,1,0,0,0,0,0.0,0.0,6.0,15.0,41.1,3.0,0.4375,0.0,0.0,4.0,10.0,37.3,1.8,0.25,0.0,0.0,2.0,13.0,36.4,2.1,0.4375,-1.0,4.0,-300.0,0.0,0.16666666666666666,5,6,7.8,4.0,1098,1428,1294,0.0,0.0,2.0,5.0,36.8,0.7,0.125,0.0,0.0,1.0,4.0,37.6,1.1,0.25,-2.7,0.0,54.0,-448.0,12.0,16.0,444.0,-0.0625,0.1875,0.0625,0.0,0.0,0.75,0.0,1.7073999999999998,1.8407999999999944,0.9407999999999959,0.8833999999999946,1.8626000000000005,0.12119199643540823,1.681190054693402,0.0,0.0,,0.0,0.5833333333333334,0.0,,,-0.20036429872495448
133,202009030205,0,1,0,4,4,1,4,29,0,0,0,0,0,0,0,1,1,0,1,2,0,0,0,0,0,0,0,1,0,0,1,0,0,0,0,0,0.0,0.0,13.0,10.0,37.5,1.6,0.5,0.0,0.0,10.0,7.0,36.2,1.2,0.42857142857142855,0.0,0.0,4.0,8.0,36.6,1.0,0.14285714285714285,-1.0,6.0,250.0,0.1,0.2,6,8,30.8,8.0,1440,1618,1167,0.0,0.0,2.0,7.0,37.3,0.7,0.5,0.0,0.0,7.0,7.0,36.0,0.8,0.5714285714285714,-0.6,0.0,54.0,-888.0,12.0,16.0,476.0,-0.0625,0.0,0.07142857142857142,0.08333333333333333,0.0,0.19000000000000056,0.0,-0.32330000000000325,-0.24109999999999587,0.1589000000000027,-0.5233000000000061,-0.4410999999999987,0.14982983545287878,0.5912698199637783,0.0,0.0,,0.0,0.0,0.0,,,
134,202009030205,0,0,1,18,5,6,5,56,0,0,0,3,0,0,0,2,1,0,0,6,0,0,0,1,0,0,0,0,0,0,0,1,0,0,0,0,0.0,0.0,1.0,4.0,39.4,0.7,0.3333333333333333,0.0,0.0,3.0,6.0,39.6,2.3,0.4166666666666667,0.0,0.0,7.0,3.0,39.0,0.6,0.2857142857142857,-0.5,9.0,0.0,0.125,0.5,5,5,53.5,10.0,1712,1013,1292,0.0,0.0,8.0,7.0,35.3,1.4,0.625,0.0,0.0,10.0,8.0,35.2,1.5,0.6666666666666666,0.9,0.2,53.0,-824.0,12.0,9.0,455.0,0.1111111111111111,-0.08333333333333333,-0.07142857142857142,0.0,-0.08333333333333333,1.2699999999999996,0.0,1.7357000000000014,1.0224000000000046,-0.3926000000000016,0.22529999999999717,0.09350000000000591,0.1536775196486183,2.009975124224178,-1.0,1.0,0.0,0.0,0.4,1.0,0.0,-0.05263157894736842,0.2777777777777778
135,202009030205,0,1,1,13,7,8,9,48,0,0,0,0,0,0,0,4,2,3,1,11,0,0,0,0,0,0,0,2,0,1,0,1,0,0,0,0,0.0,0.0,2.0,10.0,45.8,4.8,0.5,0.0,0.0,17.0,17.0,36.6,2.1,0.17647058823529413,0.0,0.0,8.0,13.0,36.6,1.7,1.0,1.5,8.0,-200.0,0.0,0.07692307692307693,8,11,76.2,11.0,1148,1167,1393,0.0,0.0,14.0,15.0,35.6,2.7,0.75,0.0,0.0,8.0,9.0,37.2,1.9,0.4,-0.4,0.0,54.0,-752.0,12.0,10.0,446.0,0.5,0.058823529411764705,0.0,,0.0,1.819999999999999,0.0,7.727399999999996,1.2346000000000004,0.1589000000000027,2.056600000000003,1.1052000000000035,0.2849051320282865,3.7553162316907462,0.0,0.0,,0.0,0.0,0.0,,,-0.20833333333333331
136,202009030205,0,0,0,2,0,0,0,0,0,0,0,0,0,0,0,0,0,0,0,0,0,0,0,0,0,0,0,0,0,0,0,0,0,0,0,0,0.0,0.0,10.0,10.0,41.9,5.6,0.9,0.0,0.0,12.0,13.0,39.7,3.7,0.8666666666666667,0.0,0.0,12.0,12.0,38.0,3.1,0.6153846153846154,1.0,-4.0,0.0,0.1111111111111111,0.3333333333333333,4,4,47.3,9.0,207,412,599,0.0,0.0,9.0,10.0,35.2,1.8,0.8333333333333334,,,,,,,,-0.1,0.0,54.0,-459.0,12.0,10.0,470.0,0.1,0.0,0.15384615384615385,0.16666666666666666,,2.179999999999999,0.0,4.235700000000001,2.0357000000000056,2.893500000000003,0.09350000000000591,,0.11133196328392042,2.4484689093390575,-2.0,2.0,0.0,0.3333333333333333,0.5,2.0,0.0,,
137,202009030205,6,16,6,73,0,1,0,6,0,0,0,0,2,3,2,15,0,0,0,1,0,0,0,0,0,0,0,1,0,0,0,0,0,0,0,0,0.0,0.0,6.0,8.0,41.6,2.3,0.2727272727272727,0.0,0.0,11.0,12.0,38.6,2.8,0.6875,0.0,0.0,6.0,9.0,43.6,3.2,0.14285714285714285,0.5,22.0,0.0,0.0,0.0,8,12,12.8,5.0,1393,212,1263,0.0,0.0,12.0,11.0,39.7,2.2,0.4375,0.0,0.0,7.0,9.0,40.2,1.9,0.125,0.1,0.0,54.0,-1289.0,12.0,11.0,488.0,0.2727272727272727,0.0625,0.0,0.125,0.0,0.16999999999999957,0.0,3.4462000000000046,0.6889000000000038,4.271100000000004,0.07410000000000139,0.5741000000000014,0.20959081061297818,1.7246448909848078,-2.0,0.0,,0.0,0.16666666666666666,0.0,,0.2561056105610561,
138,202009030205,2,0,1,8,0,0,1,3,0,0,0,0,0,0,0,1,0,0,0,0,0,0,0,0,0,0,0,0,0,0,0,0,0,0,0,0,0.0,0.0,130.0,9.0,34.0,0.5,0.7647058823529411,0.0,0.0,90.0,7.0,33.8,0.8,1.0,0.0,0.0,130.0,6.0,34.3,1.2,0.5,-1.5,10.0,200.0,0.0,0.0,7,10,16.3,6.0,1200,1208,324,0.0,0.0,90.0,9.0,34.6,1.1,0.3,0.0,0.0,100.0,10.0,34.8,1.3,0.35714285714285715,0.4,0.0,51.0,-1588.0,12.0,17.0,498.0,-0.058823529411764705,0.0,-0.0625,0.0,0.21428571428571427,-0.23999999999999985,0.0,-1.153100000000002,-1.3531000000000049,-0.8531000000000049,-0.5064999999999955,-0.35310000000000485,0.2626351444931605,0.3687817782917157,-7.0,1.0,0.0,0.25,0.25,1.0,0.0,0.12727272727272732,
139,202009030412,0,0,0,2,0,1,0,8,0,0,0,0,0,0,0,0,0,0,0,1,0,0,0,0,0,0,0,0,0,0,0,0,0,0,0,0,0.0,0.0,10.0,1.0,35.2,0.0,0.6,0.0,0.0,70.0,4.0,34.5,0.8,0.75,0.0,0.0,80.0,4.0,33.9,0.4,1.0,1.5,0.0,200.0,0.25,0.25,8,16,7.0,3.0,1576,1428,1577,0.0,0.0,70.0,5.0,34.1,0.8,0.7222222222222222,0.0,0.0,30.0,11.0,33.7,0.8,0.9375,2.1,0.2,49.0,-797.0,18.0,15.0,514.0,0.0,0.1875,-0.06666666666666667,-0.2222222222222222,0.0,0.33999999999999986,0.0,-2.2177000000000007,-3.7794999999999987,-1.2531000000000034,-1.0531000000000006,-1.4530999999999992,0.14658562575850453,0.5306599664568644,-6.0,0.0,,0.0,0.14285714285714285,0.0,,,-0.20036429872495448
140,202009030412,2,2,0,19,0,0,0,1,0,0,0,0,1,0,0,3,0,0,0,0,0,0,0,0,0,0,0,2,0,0,0,0,0,0,0,0,0.0,0.0,12.0,7.0,34.9,0.7,0.4666666666666667,0.0,0.0,7.0,7.0,34.2,1.1,0.46153846153846156,0.0,0.0,7.0,4.0,33.6,0.9,0.2727272727272727,-1.5,0.0,-200.0,0.18518518518518517,0.37037037037037035,8,18,7.3,4.0,1503,1341,1263,0.0,0.0,7.0,8.0,34.5,1.2,0.3333333333333333,0.0,0.0,10.0,3.0,34.8,0.4,0.45454545454545453,-0.7,0.2,52.0,-910.0,18.0,15.0,482.0,0.26666666666666666,0.15384615384615385,0.0,0.2222222222222222,-0.09090909090909091,-0.009999999999999431,0.0,-0.1747000000000014,-0.8746999999999971,-1.4746999999999986,-1.4166000000000025,-1.1166000000000054,0.07978018169602535,0.4690415759823414,-3.0,0.0,,0.09090909090909091,0.2727272727272727,0.0,,-0.11075848936845445,
141,202009030412,3,2,3,7,0,2,0,6,0,0,0,0,1,1,1,2,0,0,0,2,0,0,0,0,0,0,0,1,0,0,0,2,0,0,0,0,0.0,0.0,14.0,14.0,35.8,2.9,1.0,0.0,0.0,3.0,13.0,14.1,13.5,0.9230769230769231,0.0,0.0,9.0,10.0,35.2,1.0,0.9230769230769231,-2.0,-6.0,400.0,0.15,0.4,5,10,15.1,6.0,1393,1183,1263,0.0,0.0,2.0,1.0,13.8,0.0,0.07692307692307693,0.0,0.0,7.0,4.0,13.6,0.6,0.36363636363636365,-3.2,0.2,57.0,-972.0,18.0,14.0,504.0,0.0,0.07692307692307693,0.0,0.0,0.0,4.47,0.0,-0.4742000000000033,,0.12530000000000285,,,0.36926785149665536,10.617344300718518,-1.0,0.0,,0.0,0.0,0.0,,0.2561056105610561,0.07692307692307693
142,202009030412,0,0,0,0,0,1,1,5,0,0,0,0,0,0,0,0,0,1,0,1,0,0,0,0,0,0,0,0,0,0,0,1,0,0,0,0,0.0,0.0,10.0,10.0,40.6,3.3,0.9166666666666666,0.0,0.0,14.0,11.0,37.8,1.2,0.9333333333333333,0.0,0.0,15.0,13.0,36.4,1.3,0.6875,1.5,-10.0,170.0,0.0,0.0,1,1,199.2,18.0,1509,1445,1110,0.0,0.0,18.0,4.0,35.7,0.6,0.7777777777777778,0.0,0.0,10.0,9.0,35.9,0.9,0.5,-0.9,0.0,57.0,-452.0,18.0,12.0,424.0,-0.08333333333333333,-0.3333333333333333,0.0625,0.1111111111111111,-0.07142857142857142,1.15,0.0,,-1.5926000000000045,1.2935000000000016,0.40870000000000317,-2.011099999999999,0.159821466751397,1.8148278155241067,1.0,2.0,0.0,0.0,0.25,0.0,,,0.0357142857142857
143,202009030412,2,2,0,19,1,1,2,9,0,0,0,1,1,0,0,3,0,0,0,2,0,0,0,0,0,0,0,2,0,0,0,0,0,0,0,0,0.0,0.0,5.0,2.0,35.5,0.2,0.5625,0.0,0.0,10.0,5.0,36.3,0.6,0.2777777777777778,0.0,0.0,2.0,7.0,37.6,0.3,0.0625,2.5,2.0,0.0,0.0,0.0,1,2,28.5,10.0,1503,1558,1263,0.0,0.0,7.0,3.0,35.3,0.6,0.07142857142857142,0.0,0.0,6.0,16.0,39.8,3.6,0.29411764705882354,2.6,0.4,56.0,-13.0,18.0,16.0,502.0,-0.0625,0.1111111111111111,0.0,0.0,-0.11764705882352941,-0.7599999999999995,0.0,0.39350000000000307,1.0086999999999975,1.8626000000000005,-0.15920000000000556,2.5946,0.18294866660049433,1.6601204775557705,-1.0,2.0,0.5,0.0,0.0,0.0,,-0.11075848936845445,0.19230769230769232
144,202009030412,0,0,0,0,0,0,0,0,0,0,0,0,0,0,0,0,0,0,0,0,0,0,0,0,0,0,0,0,0,0,0,0,0,0,0,0,0.0,0.0,5.0,7.0,39.5,1.5,0.9,0.0,0.0,8.0,14.0,34.5,0.8,0.8823529411764706,0.0,0.0,16.0,5.0,34.6,0.3,0.7222222222222222,-1.0,-7.0,100.0,0.10526315789473684,0.3157894736842105,7,15,18.0,7.0,548,152,257,0.0,0.0,11.0,10.0,34.9,0.4,0.8,0.0,0.0,6.0,16.0,34.2,1.1,0.9444444444444444,1.4,0.0,57.0,-1477.0,18.0,10.0,485.0,0.1,0.0,0.0,0.0,-0.05555555555555555,1.0199999999999996,0.0,2.065899999999999,-0.653100000000002,-1.494799999999998,-0.25310000000000343,-1.8947999999999965,0.07911186276312653,1.992586259111509,1.0,0.0,,0.3333333333333333,0.5,0.0,,,
145,202009030412,0,2,3,11,1,1,0,7,0,0,0,1,0,0,0,2,0,1,0,0,0,0,0,0,0,0,0,0,0,0,0,0,0,0,0,0,0.0,0.0,12.0,9.0,35.0,0.4,0.35714285714285715,0.0,0.0,10.0,11.0,33.7,0.7,0.875,0.0,0.0,13.0,6.0,32.6,0.6,1.0,-1.5,-4.0,-400.0,0.0,0.25,2,4,11.6,5.0,1167,1345,460,0.0,0.0,5.0,11.0,34.2,0.7,0.5882352941176471,0.0,0.0,14.0,6.0,34.3,0.3,0.8888888888888888,-0.6,0.0,52.0,-777.0,18.0,14.0,438.0,0.07142857142857142,0.0,0.0,0.0,-0.1111111111111111,0.09000000000000057,0.0,-0.4592000000000027,-1.4530999999999992,-2.5531000000000006,-0.9530999999999992,-0.8064999999999998,0.2356216642909703,0.7964923100695943,-3.0,1.0,0.0,0.0,0.125,0.0,,-0.11607142857142855,-0.1286549707602339
146,202009030412,6,2,3,15,0,1,0,8,0,0,0,2,2,0,0,1,0,0,0,1,0,0,0,0,1,0,0,0,0,0,0,0,0,0,0,0,0.0,0.0,110.0,4.0,40.2,3.1,0.8181818181818182,0.0,0.0,120.0,15.0,35.9,1.7,0.875,0.0,0.0,60.0,9.0,34.6,0.8,0.9375,2.5,6.0,-100.0,0.14285714285714285,0.14285714285714285,2,3,18.6,8.0,1506,1428,199,0.0,0.0,80.0,7.0,33.9,0.6,0.8461538461538461,0.0,0.0,70.0,6.0,34.4,0.6,0.7333333333333333,-0.4,0.0,57.0,-1492.0,18.0,11.0,486.0,-0.36363636363636365,-0.0625,-0.1875,0.0,-0.3333333333333333,1.3600000000000008,0.0,,0.5345999999999975,-0.5531000000000006,-1.2531000000000034,-0.7531000000000034,0.06723429029207613,2.296954505426698,1.0,0.0,,0.0,0.16666666666666666,0.0,,0.22863247863247863,-0.20036429872495448
147,202009030412,1,0,0,0,0,0,0,0,0,0,0,0,0,0,0,0,0,0,0,0,0,0,0,0,0,0,0,0,0,0,0,0,0,0,0,0,0.0,0.0,8.0,8.0,13.7,3.5,0.6363636363636364,0.0,0.0,6.0,4.0,13.2,2.1,0.125,0.0,0.0,1.0,6.0,13.2,1.7,0.14285714285714285,-1.0,4.0,-1710.0,0.0,0.0,6,12,39.8,12.0,1170,1478,1404,0.0,0.0,1.0,1.0,13.2,0.0,0.125,0.0,0.0,6.0,2.0,13.3,0.1,0.07692307692307693,-1.5,0.4,55.0,-916.0,18.0,11.0,476.0,-0.09090909090909091,0.125,0.14285714285714285,0.0,0.0,0.07999999999999971,0.0,,,,,,0.2087214194171792,0.19390719429665312,-3.0,0.0,,,,0.0,,,
148,202009030412,0,0,0,0,0,0,0,0,0,0,0,0,0,0,0,0,0,0,0,0,0,0,0,0,0,0,0,0,0,0,0,0,0,0,0,0,0.0,0.0,13.0,13.0,39.1,4.1,0.38461538461538464,0.0,0.0,18.0,18.0,47.3,12.5,0.1111111111111111,0.0,0.0,11.0,11.0,36.1,1.8,0.09090909090909091,-1.0,10.0,-600.0,0.041666666666666664,0.20833333333333334,7,14,30.7,11.0,1191,1552,1235,0.0,0.0,7.0,8.0,34.4,1.0,0.25,0.0,0.0,10.0,8.0,34.1,0.7,0.08333333333333333,-2.0,0.0,52.0,-1274.0,18.0,13.0,488.0,0.6153846153846154,0.7222222222222222,0.09090909090909091,0.0,0.25,2.29,0.0,3.183399999999999,11.269999999999996,0.6531999999999982,-1.0592000000000041,-1.3592000000000013,0.11723055711527734,4.8842604353166905,-4.0,0.0,,0.0,0.0,0.0,,,
149,202009030412,0,0,0,5,1,0,3,4,0,0,0,0,0,0,0,0,0,0,0,1,0,0,0,0,0,0,0,0,0,0,0,0,0,0,0,0,0.0,0.0,15.0,11.0,35.1,0.8,0.4,0.0,0.0,14.0,10.0,35.8,1.1,0.4666666666666667,0.0,0.0,17.0,11.0,34.4,0.6,0.29411764705882354,0.0,2.0,0.0,0.1111111111111111,0.4444444444444444,4,8,21.2,9.0,1712,1013,1292,0.0,0.0,11.0,8.0,35.8,0.8,0.45454545454545453,0.0,0.0,12.0,11.0,34.7,0.7,0.35714285714285715,-0.2,0.0,56.0,-1288.0,18.0,15.0,454.0,0.06666666666666667,-0.06666666666666667,0.058823529411764705,0.0,0.0,0.07999999999999971,0.0,-0.006499999999995509,0.6935000000000002,-0.7064999999999984,-0.12250000000000227,-0.4064999999999941,0.06374308926296299,0.5678027826631342,-2.0,4.0,0.0,0.15384615384615385,0.5384615384615384,0.0,,-0.05263157894736842,0.2777777777777778
150,202009030412,0,2,0,9,0,0,0,2,0,0,0,0,0,1,0,2,0,0,0,0,0,0,0,0,0,0,0,1,0,0,0,0,0,0,0,0,0.0,0.0,6.0,7.0,13.8,9.5,0.5,0.0,0.0,11.0,15.0,34.6,1.4,0.625,0.0,0.0,3.0,8.0,35.2,0.5,0.8235294117647058,0.5,2.0,-1460.0,0.29411764705882354,0.5294117647058824,8,17,4.1,2.0,1465,1036,1328,0.0,0.0,6.0,4.0,34.1,0.3,0.6111111111111112,0.0,0.0,10.0,6.0,34.5,0.3,0.8333333333333334,-1.3,0.0,54.0,-755.0,18.0,10.0,498.0,0.1,0.125,-0.11764705882352941,0.0,0.05555555555555555,-4.09,0.0,,-0.5064999999999955,-0.16539999999999822,-1.0531000000000006,-0.6064999999999969,0.12982496587765033,8.327448588853612,-6.0,2.0,0.0,0.25,0.375,0.0,,-0.1515151515151515,
151,202009030412,1,0,1,14,0,1,0,8,0,0,0,1,0,0,0,6,0,0,0,1,0,0,0,0,0,0,0,1,0,0,0,0,0,0,0,0,0.0,0.0,16.0,15.0,35.1,1.3,0.9444444444444444,0.0,0.0,16.0,9.0,33.9,0.7,0.75,0.0,0.0,14.0,14.0,35.0,1.0,0.6875,-0.5,2.0,0.0,0.15789473684210525,0.42105263157894735,4,7,3.9,1.0,1716,1428,1167,0.0,0.0,12.0,9.0,33.8,0.4,0.25,0.0,0.0,12.0,14.0,35.4,1.0,0.1875,-0.2,0.0,54.0,-1583.0,18.0,18.0,478.0,-0.05555555555555555,0.0625,-0.125,0.0,0.0,-0.04999999999999929,0.0,-0.006499999999995509,-1.2531000000000034,-0.153100000000002,-1.3531000000000049,0.03459999999999752,0.29493538735806085,0.6590902821313641,-2.0,1.0,0.0,0.0,0.2857142857142857,0.0,,-0.15846456692913385,-0.20036429872495448
152,202009030412,0,1,6,9,0,0,0,4,0,0,0,1,0,0,2,3,0,0,0,1,0,0,0,0,0,0,0,0,0,0,0,0,0,0,0,0,0.0,0.0,90.0,4.0,38.5,1.3,0.5,0.0,0.0,40.0,10.0,35.7,1.2,0.4666666666666667,0.0,0.0,50.0,8.0,35.1,0.5,0.2727272727272727,2.0,-4.0,0.0,0.0,0.0,3,5,45.5,13.0,1172,460,1556,0.0,0.0,70.0,1.0,33.6,0.0,0.8888888888888888,,,,,,,,-1.1,0.25,54.0,14.0,18.0,16.0,452.0,-0.0625,0.0,0.18181818181818182,0.0,,1.5299999999999998,0.0,0.22050000000000125,0.5469000000000008,-0.05310000000000059,-1.5531000000000006,,0.2235421943203725,1.7753520777580987,-2.0,0.0,,0.0,0.4,0.0,,0.08194444444444443,
153,202009030412,0,0,0,7,1,1,0,2,0,0,0,0,0,0,0,1,1,0,0,0,0,0,0,0,0,0,0,0,0,0,0,0,0,0,0,0,0.0,0.0,9.0,9.0,39.7,2.9,0.1,0.0,0.0,11.0,14.0,34.3,0.9,0.7777777777777778,0.0,0.0,11.0,11.0,38.1,1.9,0.6666666666666666,1.0,8.0,0.0,0.0,0.0,6,11,55.7,14.0,1036,1708,1108,0.0,0.0,11.0,12.0,39.7,1.5,0.13333333333333333,0.0,0.0,15.0,14.0,36.2,1.3,0.1111111111111111,0.8,0.0,52.0,-280.0,18.0,10.0,450.0,0.1,0.0,0.0,0.3333333333333333,0.0,0.15999999999999942,0.0,1.546200000000006,-0.8531000000000049,0.18890000000000384,0.30740000000000123,1.093500000000006,0.29982711067596324,2.0938003725283862,-3.0,1.0,0.0,0.16666666666666666,0.25,0.0,,-0.13333333333333333,
154,202009030412,0,0,1,5,0,1,1,5,0,0,0,0,0,0,1,3,0,1,0,1,0,0,0,0,0,0,1,0,0,0,0,1,0,0,0,0,0.0,0.0,110.0,11.0,39.8,2.9,1.0,0.0,0.0,130.0,12.0,37.3,1.7,0.8461538461538461,0.0,0.0,150.0,14.0,39.3,3.1,0.4,1.5,-8.0,100.0,0.0,0.0,7,13,166.0,17.0,1431,1445,1428,0.0,0.0,150.0,15.0,37.4,1.6,0.8,0.0,0.0,140.0,12.0,37.5,1.7,0.5625,0.5,0.0,57.0,-1231.0,18.0,11.0,466.0,0.0,0.0,0.0,0.0,0.0,0.4499999999999993,0.0,2.208599999999997,-0.6111000000000004,1.3832999999999984,-0.511099999999999,-0.7794999999999987,0.21349757145633175,1.0669582934679305,1.0,0.0,,0.0,0.0,0.0,,-0.09803921568627452,0.0357142857142857
155,202009030412,0,2,3,11,1,1,2,9,0,0,1,0,0,0,0,2,0,0,0,2,0,0,0,0,0,0,0,0,0,0,0,0,0,0,0,0,0.0,0.0,4.0,5.0,36.8,0.5,0.625,0.0,0.0,12.0,10.0,37.5,1.2,0.375,0.0,0.0,10.0,6.0,36.8,0.5,0.125,0.5,14.0,400.0,0.2222222222222222,0.2222222222222222,5,9,100.0,16.0,1167,1558,460,0.0,0.0,10.0,14.0,38.3,2.4,1.0,0.0,0.0,3.0,9.0,37.3,1.3,0.125,1.2,0.0,56.0,-1493.0,18.0,8.0,504.0,-0.125,0.0,0.0,0.0,0.0,-0.17999999999999972,0.0,0.35889999999999844,-0.32330000000000325,-0.3229000000000042,0.4788999999999959,-0.5211000000000041,0.33166247903554,0.553534100123922,0.0,0.0,,0.25,0.5,0.0,,-0.11607142857142855,0.19230769230769232
156,202009030412,0,0,0,0,0,1,0,2,0,0,0,0,0,0,0,0,0,0,0,0,0,0,0,0,0,0,0,0,0,0,0,0,0,0,0,0,0.0,0.0,4.0,9.0,42.4,2.8,0.1,0.0,0.0,13.0,12.0,38.5,1.7,0.14285714285714285,0.0,0.0,13.0,13.0,38.6,2.1,0.6153846153846154,2.0,1.0,0.0,,,3,6,64.1,15.0,1228,1618,1108,0.0,0.0,16.0,8.0,35.2,0.8,0.8125,0.0,0.0,12.0,11.0,37.2,1.6,0.8461538461538461,0.0,0.0,52.0,-1409.0,18.0,10.0,505.0,0.0,0.0,0.07692307692307693,0.0,0.07692307692307693,1.3699999999999988,0.0,4.246200000000002,0.5889000000000024,0.32050000000000267,-3.079499999999996,-1.079499999999996,0.3219584671329956,2.354909764725602,-4.0,0.0,,0.0,0.0,0.0,,,
157,202009030504,1,0,0,5,1,0,0,2,0,0,0,0,0,0,0,0,0,0,0,0,0,0,0,0,0,0,0,0,0,0,0,0,0,0,0,0,0.0,0.0,18.0,17.0,35.1,1.0,0.3888888888888889,0.0,0.0,14.0,8.0,35.2,1.1,0.625,0.0,0.0,9.0,8.0,33.1,0.6,0.3333333333333333,-4.5,10.0,0.0,0.04,0.2,3,5,13.0,7.0,1317,1713,1186,0.0,0.0,11.0,15.0,33.5,1.8,0.7777777777777778,0.0,0.0,14.0,12.0,35.4,0.7,0.5,-0.3,0.0,54.0,-519.0,18.0,18.0,462.0,0.0,-0.0625,,,0.0,0.11000000000000085,0.0,-0.006499999999995509,0.04690000000000083,-0.4433999999999969,-0.04339999999999833,0.24689999999999657,0.16111111111111112,0.9604165762834375,-1.0,1.0,0.0,0.0,0.0,0.0,,0.10416666666666666,
158,202009030504,1,0,0,5,1,1,2,9,0,0,0,0,0,0,0,0,0,0,0,2,0,0,0,0,0,0,0,0,0,0,0,1,0,0,0,0,0.0,0.0,70.0,5.0,38.0,1.3,0.16666666666666666,0.0,0.0,60.0,13.0,34.6,1.6,0.7222222222222222,0.0,0.0,40.0,4.0,35.6,0.2,0.125,-0.5,2.0,-200.0,0.17857142857142858,0.39285714285714285,6,11,17.5,8.0,1317,1558,1186,0.0,0.0,60.0,4.0,36.0,0.4,0.4117647058823529,0.0,0.0,10.0,4.0,34.4,0.7,0.5833333333333334,-1.1,0.0,56.0,140.0,18.0,12.0,438.0,0.0,0.05555555555555555,0.0,0.0,-0.08333333333333333,0.5800000000000004,0.0,2.9253,-0.47469999999999857,0.5253000000000014,0.8935000000000031,-1.2499000000000038,0.23135685482757137,1.2874781551544865,0.0,1.0,0.0,0.0,1.0,0.0,,0.10416666666666666,0.19230769230769232
159,202009030504,1,0,1,14,0,0,1,0,0,0,0,0,0,0,0,6,0,0,0,0,0,0,0,0,0,0,0,1,0,0,0,0,0,0,0,0,0.0,0.0,10.0,10.0,39.4,1.6,0.5,0.0,0.0,9.0,10.0,37.6,1.9,0.18181818181818182,0.0,0.0,11.0,14.0,36.0,1.7,0.2857142857142857,2.0,-17.0,200.0,0.2777777777777778,0.5,7,14,4.7,2.0,1716,987,1167,0.0,0.0,9.0,14.0,38.9,2.6,0.8125,0.0,0.0,9.0,14.0,36.3,1.4,0.2857142857142857,1.2,0.0,56.0,-1256.0,18.0,10.0,459.0,0.1,0.0,0.0,0.125,0.2857142857142857,0.49000000000000055,0.0,1.488900000000001,2.3366000000000042,0.9253,0.7462000000000018,1.1468999999999951,0.22495220721398487,1.354400236266961,1.0,0.0,,0.4,0.6,0.0,,-0.15846456692913385,
160,202009030504,1,0,1,14,1,0,0,13,0,0,0,1,0,0,0,6,1,0,0,2,0,0,0,0,0,0,0,1,0,0,0,0,0,0,0,0,0.0,0.0,90.0,110.0,44.9,4.6,0.18181818181818182,0.0,0.0,10.0,40.0,36.3,0.4,0.3888888888888889,0.0,0.0,20.0,30.0,35.3,0.3,0.29411764705882354,-40.0,22.0,0.0,0.4,0.4,3,6,3.1,1.0,1716,1556,1167,0.0,0.0,10.0,20.0,35.0,0.2,0.29411764705882354,0.0,0.0,20.0,30.0,35.2,0.2,0.1111111111111111,-18.0,0.0,53.0,-440.0,18.0,11.0,472.0,0.6363636363636364,-0.05555555555555555,0.0,0.0,0.0,2.069999999999999,0.0,6.746200000000002,1.0086999999999975,0.19350000000000023,-0.10649999999999693,0.09350000000000591,0.09699619830565612,3.8066258024660105,-3.0,4.0,0.0,0.14285714285714285,0.5,0.0,,-0.15846456692913385,-0.09033613445378152
161,202009030504,1,1,0,1,0,0,2,7,0,0,0,0,1,0,0,1,0,0,2,0,0,0,0,0,1,0,0,1,0,0,0,0,0,0,0,0,0.0,0.0,13.0,16.0,35.0,2.5,0.7222222222222222,0.0,0.0,4.0,14.0,35.7,2.3,0.26666666666666666,0.0,0.0,8.0,3.0,33.1,0.2,0.05555555555555555,-6.5,-2.0,400.0,0.0,0.0,8,18,25.0,9.0,1152,1366,1428,0.0,0.0,17.0,18.0,34.8,2.0,0.16666666666666666,0.0,0.0,5.0,17.0,34.4,1.6,0.3333333333333333,0.6,0.2,54.0,-861.0,18.0,18.0,426.0,,,,,,0.21000000000000085,0.0,1.4566000000000017,1.9128000000000043,-0.4433999999999969,1.2565999999999988,0.8566000000000003,0.2269932288107421,0.8602325267042629,0.0,0.0,,0.2857142857142857,0.42857142857142855,0.0,,,0.05555555555555555
162,202009030504,0,0,0,1,0,0,0,4,0,0,0,0,0,0,0,1,0,0,0,1,0,0,0,0,0,0,0,1,0,0,0,0,0,0,0,0,0.0,0.0,12.0,7.0,40.2,2.2,0.9166666666666666,0.0,0.0,18.0,17.0,34.7,1.0,0.7222222222222222,0.0,0.0,8.0,8.0,35.7,2.0,0.625,0.5,-3.0,0.0,0.0,0.13333333333333333,4,7,5.6,3.0,1729,1108,1428,0.0,0.0,12.0,9.0,35.5,2.1,0.6923076923076923,0.0,0.0,8.0,7.0,39.2,2.7,0.3,-0.8,0.0,53.0,-1083.0,18.0,12.0,413.0,0.0,0.0,0.375,-0.07692307692307693,0.0,0.12000000000000029,0.0,1.920500000000004,-0.4064999999999941,0.24080000000000013,-0.5947999999999993,1.046200000000006,0.20061626145381353,2.204177851263369,-1.0,1.0,0.0,0.0,0.1111111111111111,0.0,,,
163,202009030504,1,0,1,14,0,1,0,2,0,0,0,0,0,0,0,6,0,1,0,1,0,0,0,0,0,0,0,1,0,1,0,0,0,0,0,0,0.0,0.0,2.0,1.0,39.7,0.0,0.25,0.0,0.0,3.0,10.0,34.3,0.8,0.7647058823529411,0.0,0.0,6.0,7.0,36.7,0.7,0.2777777777777778,3.0,-1.0,0.0,0.0,0.0,2,3,12.5,6.0,1716,1124,1167,0.0,0.0,4.0,5.0,34.2,1.3,0.2777777777777778,0.0,0.0,13.0,4.0,34.9,0.3,0.4,0.1,0.2,54.0,-405.0,18.0,12.0,471.0,-0.16666666666666666,0.0,0.05555555555555555,0.05555555555555555,0.0,0.9700000000000003,0.0,1.420500000000004,-0.8531000000000049,1.4087000000000032,-0.8746999999999971,-0.20649999999999835,0.19246300809124844,2.074222745994269,0.0,2.0,0.0,0.0,0.0,0.0,,-0.15846456692913385,
164,202009030504,1,0,1,14,1,0,3,4,0,0,0,0,0,0,0,6,0,0,0,1,0,0,0,0,0,0,0,1,0,0,0,0,0,0,0,0,0.0,0.0,130.0,14.0,37.5,2.1,0.1875,0.0,0.0,80.0,18.0,43.8,5.3,0.05555555555555555,0.0,0.0,50.0,8.0,37.0,0.9,0.1111111111111111,-3.0,-2.0,-400.0,0.0,0.0,1,2,11.4,5.0,1716,1013,1167,0.0,0.0,100.0,2.0,37.1,0.2,0.1111111111111111,0.0,0.0,70.0,9.0,36.9,0.8,0.0625,-2.6,0.2,56.0,-70.0,18.0,16.0,508.0,0.1875,0.05555555555555555,0.1111111111111111,0.0,0.0,0.7899999999999998,0.0,2.0407999999999973,8.062599999999996,1.7087000000000003,2.0253000000000014,1.8252999999999986,0.04718135486517507,2.6777602581261815,0.0,1.0,0.0,0.2,0.4,0.0,,-0.15846456692913385,0.2777777777777778
165,202009030504,0,0,0,0,0,1,0,8,0,0,0,0,0,0,0,0,0,0,0,1,0,0,0,0,0,0,0,0,0,0,0,1,0,0,0,0,0.0,0.0,3.0,7.0,41.5,0.7,0.08333333333333333,0.0,0.0,13.0,9.0,36.3,1.0,0.7222222222222222,0.0,0.0,9.0,14.0,36.1,1.5,0.3888888888888889,3.5,30.0,0.0,0.0,0.2222222222222222,5,10,109.1,13.0,1098,1428,1294,0.0,0.0,10.0,5.0,35.6,0.7,0.7777777777777778,0.0,0.0,5.0,15.0,35.2,1.5,0.6666666666666666,1.2,0.0,56.0,-542.0,18.0,12.0,444.0,0.0,-0.05555555555555555,0.0,0.0,0.0,1.329999999999999,0.0,3.8357000000000028,1.0086999999999975,0.9935000000000045,0.30870000000000175,-0.2591999999999999,0.2593915006650834,2.3122283624244377,0.0,3.0,0.0,0.0,0.3333333333333333,0.0,,,-0.20036429872495448
166,202009030504,1,0,1,14,0,0,0,0,0,0,0,0,0,0,0,6,0,0,0,0,0,0,0,0,0,0,0,1,0,0,0,0,0,0,0,0,0.0,0.0,12.0,12.0,35.8,1.6,0.6666666666666666,0.0,0.0,7.0,8.0,36.5,0.9,0.6666666666666666,0.0,0.0,13.0,9.0,36.1,1.4,0.3125,-1.5,4.0,200.0,0.4,0.4,4,8,56.2,12.0,1716,173,1167,0.0,0.0,12.0,10.0,36.8,1.0,0.5,0.0,0.0,10.0,14.0,37.0,2.8,0.125,0.6,0.0,54.0,-63.0,18.0,12.0,436.0,0.16666666666666666,0.08333333333333333,0.0,-0.16666666666666666,0.0,-0.2700000000000003,0.0,0.6468999999999951,0.058900000000001285,0.9468999999999994,1.5086999999999975,1.9253,0.21015867021530818,0.4409081537009722,2.0,1.0,0.0,0.0,0.0,0.0,,-0.15846456692913385,
167,202009030504,2,2,0,19,0,0,0,1,0,0,0,0,1,0,0,3,0,0,0,0,0,0,0,0,0,0,0,1,0,0,0,0,0,0,0,0,0.0,0.0,8.0,4.0,37.0,1.8,0.75,0.0,0.0,14.0,13.0,36.1,2.1,0.75,0.0,0.0,13.0,15.0,39.4,1.4,0.125,5.5,-2.0,400.0,0.2,0.2,8,16,151.2,16.0,1503,951,1263,0.0,0.0,9.0,16.0,40.2,3.1,0.125,0.0,0.0,7.0,1.0,36.4,0.0,0.0625,-0.3,0.2,53.0,-1231.0,18.0,12.0,482.0,-0.08333333333333333,0.1875,0.0,0.0,0.0,-0.28999999999999987,0.0,0.5589000000000013,-1.8110999999999962,1.488900000000001,2.046200000000006,-1.511099999999999,0.31721443851123804,1.6618062462272796,-2.0,0.0,,0.0,0.0,0.0,,-0.11075848936845445,
168,202009030504,3,2,3,7,0,0,0,0,0,0,0,0,1,1,1,2,0,0,0,0,0,0,0,0,0,0,1,0,0,0,0,0,0,0,0,0,0.0,0.0,90.0,7.0,39.5,1.8,0.4444444444444444,0.0,0.0,100.0,12.0,40.1,3.8,0.4375,0.0,0.0,110.0,12.0,37.0,1.1,0.3888888888888889,2.5,11.0,0.0,0.1,0.3,1,1,44.3,11.0,1393,1525,1263,0.0,0.0,130.0,10.0,37.3,0.9,0.5625,0.0,0.0,110.0,6.0,35.3,1.2,0.1875,-0.4,0.0,56.0,-1498.0,18.0,9.0,451.0,0.0,0.125,0.1111111111111111,-0.125,0.0,1.120000000000001,0.0,1.2205000000000013,0.7073999999999998,1.7087000000000003,1.5625999999999962,0.22529999999999717,0.12245873580642845,1.74997142833819,0.0,1.0,0.0,0.0,0.0,0.0,,0.2561056105610561,
169,202009030504,0,0,0,7,1,0,0,0,0,0,0,0,0,0,0,1,0,0,0,0,0,0,0,0,0,0,0,1,0,0,0,0,0,0,0,0,0.0,0.0,7.0,4.0,36.5,0.3,0.8,0.0,0.0,14.0,16.0,40.6,3.9,0.058823529411764705,0.0,0.0,15.0,13.0,36.2,1.2,0.8333333333333334,4.5,-5.0,550.0,0.0,0.18181818181818182,7,15,144.0,15.0,1036,361,1108,0.0,0.0,14.0,13.0,38.7,1.5,0.625,0.0,0.0,14.0,12.0,38.7,2.2,0.7333333333333333,1.3,0.0,56.0,-905.0,18.0,10.0,475.0,0.0,0.0,0.0,-0.125,0.0,-0.2500000000000007,0.0,,5.336600000000004,0.9087000000000032,1.0357000000000056,0.546200000000006,0.2846785353905537,1.6206171663906317,0.0,1.0,0.0,,,0.0,,-0.13333333333333333,
170,202009030504,0,0,0,2,0,0,0,4,0,0,0,0,0,0,0,0,0,0,0,1,0,0,0,0,0,0,0,0,0,0,0,0,0,0,0,0,0.0,0.0,90.0,70.0,39.5,1.7,0.3,0.0,0.0,140.0,120.0,37.1,2.1,0.9285714285714286,0.0,0.0,130.0,150.0,38.7,2.6,0.625,40.0,-14.0,-100.0,0.0,0.0,2,4,251.7,17.0,1440,1599,1167,0.0,0.0,160.0,130.0,37.9,1.8,0.9375,0.0,0.0,140.0,90.0,37.4,2.0,0.8,5.0,0.0,54.0,-899.0,18.0,10.0,456.0,0.3,0.07142857142857142,0.0,-0.0625,0.0,0.3400000000000006,0.0,,-0.3177000000000021,0.7833000000000041,0.0788999999999973,-0.511099999999999,0.23774664958260738,0.8772684879784528,0.0,0.0,,0.0,0.3333333333333333,0.0,,,
171,202009030504,0,0,0,0,0,0,0,1,0,0,0,0,0,0,0,0,0,0,0,1,0,0,0,0,0,0,0,0,0,0,0,0,0,0,0,0,0.0,0.0,4.0,15.0,37.4,1.8,0.5555555555555556,0.0,0.0,5.0,8.0,36.1,1.6,0.3333333333333333,0.0,0.0,9.0,2.0,35.7,0.1,0.5555555555555556,-6.5,-2.0,0.0,0.15,0.4,5,9,11.4,4.0,1098,334,1294,0.0,0.0,10.0,15.0,38.9,3.0,0.1875,0.0,0.0,10.0,5.0,34.7,0.6,0.3333333333333333,-1.3,0.2,56.0,0.0,18.0,18.0,476.0,0.0,0.0,0.0,0.0,0.0,0.25999999999999945,0.0,2.108699999999999,0.8366000000000042,0.40870000000000317,2.8699999999999974,-0.7591999999999999,0.1429678803606419,1.4554724318928185,0.0,2.0,0.5,0.13333333333333333,0.4666666666666667,0.0,,,
172,202009030504,0,1,6,9,2,0,0,14,0,0,0,0,0,0,2,3,0,0,0,3,0,0,0,0,0,0,0,1,0,0,0,1,0,0,0,0,0.0,0.0,2.0,3.0,41.3,0.7,0.6666666666666666,0.0,0.0,10.0,12.0,39.4,1.6,0.13333333333333333,0.0,0.0,10.0,8.0,39.4,1.6,0.125,2.5,17.0,-200.0,0.0,0.125,8,17,29.5,10.0,1172,1167,1556,0.0,0.0,8.0,11.0,38.9,2.2,0.15384615384615385,0.0,0.0,12.0,11.0,38.4,1.8,0.1875,1.5,0.2,56.0,-1394.0,18.0,9.0,461.0,-0.4444444444444444,0.06666666666666667,0.0625,0.15384615384615385,0.0,0.6299999999999997,0.0,3.3832999999999984,0.0073999999999969646,0.0073999999999969646,0.3224000000000018,-1.1467000000000027,0.20781991964356414,0.9826494797230593,0.0,0.0,,0.0,0.0,0.0,,0.08194444444444443,-0.20833333333333331
173,202009030504,2,1,2,10,2,0,0,14,0,0,0,2,0,0,0,1,0,0,0,3,0,0,0,0,0,0,0,0,0,0,0,1,0,0,0,0,0.0,0.0,18.0,17.0,38.2,3.7,0.8888888888888888,0.0,0.0,18.0,,,,,0.0,0.0,13.0,16.0,42.1,5.2,0.5625,-1.0,6.0,0.0,0.0,0.0,6,12,425.5,18.0,1127,1167,1328,,,,,,,,,,,,,,,-1.0,0.0,54.0,0.0,18.0,18.0,426.0,0.05555555555555555,,0.125,,,-3.8999999999999986,0.0,2.908700000000003,,3.9462000000000046,,,0.16319444444444442,1.9499999999999993,0.0,1.0,0.0,0.1,0.4,0.0,,0.09649122807017543,-0.20833333333333331
174,202009030504,0,1,6,9,0,0,1,0,0,0,0,0,0,0,2,3,0,0,0,0,0,0,0,0,0,0,0,1,0,0,0,0,0,0,0,0,0.0,0.0,4.0,6.0,40.6,1.0,1.0,0.0,0.0,14.0,12.0,37.3,1.4,0.9333333333333333,0.0,0.0,8.0,12.0,37.9,1.5,0.6666666666666666,3.0,12.0,170.0,,,7,13,119.8,14.0,1172,987,1556,0.0,0.0,9.0,12.0,37.0,0.7,0.6875,0.0,0.0,11.0,4.0,35.7,1.0,0.8333333333333334,-0.4,0.0,56.0,-1490.0,18.0,8.0,470.0,-0.25,0.0,-0.08333333333333333,0.0,0.0,1.0099999999999993,0.0,,-0.6111000000000004,0.07669999999999533,-0.8233000000000033,-1.7177000000000007,0.13145552691140663,1.6186414056238645,0.0,0.0,,,,0.0,,0.08194444444444443,
175,202009030701,0,0,0,5,0,0,0,2,0,0,0,0,0,0,0,1,0,0,0,1,0,0,0,0,0,0,0,1,0,0,0,1,0,0,0,0,0.0,0.0,11.0,13.0,36.1,1.6,0.9375,0.0,0.0,5.0,10.0,34.5,1.1,0.6666666666666666,0.0,0.0,8.0,12.0,33.8,0.5,1.0,-0.5,0.0,250.0,0.1111111111111111,0.3888888888888889,7,10,22.9,6.0,1441,705,1167,0.0,0.0,7.0,10.0,33.0,0.5,1.0,0.0,0.0,7.0,14.0,34.5,0.9,0.6875,0.2,0.0,54.0,-658.0,13.0,16.0,428.0,-0.0625,0.05555555555555555,0.0,0.0,0.0625,0.4700000000000003,0.0,-1.0229,-0.653100000000002,-1.3064999999999998,-2.153100000000002,-0.653100000000002,0.14988421457170792,1.0225458424931382,2.0,1.0,0.0,0.0,0.0,1.0,0.0,,
176,202009030701,0,0,0,0,0,0,0,0,0,0,0,0,0,0,0,0,0,0,0,0,0,0,0,0,0,0,0,0,0,0,0,0,0,0,0,0,0.0,0.0,2.0,11.0,43.9,9.8,0.9090909090909091,0.0,0.0,6.0,14.0,36.8,2.1,0.4,0.0,0.0,1.0,1.0,36.1,0.0,0.3,-5.0,-6.0,0.0,0.16666666666666666,0.4,8,12,6.2,2.0,1657,927,1317,0.0,0.0,3.0,2.0,36.0,0.6,0.8,0.0,0.0,2.0,2.0,35.5,0.1,0.3076923076923077,-3.0,0.6,54.0,-239.0,13.0,11.0,440.0,0.0,-0.06666666666666667,0.1,-0.3,-0.07692307692307693,1.7599999999999993,0.0,8.793500000000002,1.7252999999999972,0.8366000000000042,0.9253,0.39350000000000307,0.25881987087770547,3.147443406957462,-2.0,2.0,0.5,0.2222222222222222,0.4444444444444444,2.0,0.5,,
177,202009030701,5,3,4,39,2,0,1,3,0,0,0,0,0,1,1,5,0,0,0,0,0,0,0,0,0,1,0,0,0,0,0,0,0,0,0,0,0.0,0.0,14.0,9.0,33.4,0.7,0.8125,0.0,0.0,8.0,1.0,34.5,0.0,0.4666666666666667,0.0,0.0,2.0,5.0,34.6,0.3,0.7333333333333333,-2.0,0.0,-200.0,0.3,0.7,6,9,1.5,1.0,1152,572,1428,0.0,0.0,10.0,8.0,35.2,0.6,0.5625,0.0,0.0,6.0,11.0,35.0,1.2,0.38461538461538464,1.1,0.2,54.0,-1051.0,13.0,16.0,504.0,0.0,-0.06666666666666667,-0.06666666666666667,0.0625,0.15384615384615385,-0.39000000000000057,0.0,-1.6747000000000014,-0.9592000000000027,-1.316600000000001,-0.7165999999999997,-0.9166000000000025,0.16011396233182262,0.6248199740725335,-2.0,0.0,,0.0,0.25,0.0,,,
178,202009030701,0,0,0,0,2,2,0,7,0,0,0,0,0,0,0,0,0,0,0,1,0,0,0,0,0,0,0,0,0,0,0,0,0,0,0,0,0.0,0.0,80.0,6.0,34.7,0.6,0.8,,,,,,,,,,,,,,,,,-200.0,0.13636363636363635,0.4090909090909091,5,6,22.1,5.0,1463,1036,1167,,,,,,,,,,,,,,,,0.0,54.0,21.0,13.0,10.0,430.0,-0.3,,,,,,,-0.37469999999999715,,,,,,,0.0,0.0,,0.0,0.6666666666666666,0.0,,,
179,202009030701,0,0,0,0,1,0,5,16,0,0,0,0,0,0,0,0,0,0,0,0,0,0,0,0,0,0,0,0,0,0,0,0,0,0,0,0,0.0,0.0,11.0,10.0,41.4,2.4,0.7272727272727273,0.0,0.0,15.0,15.0,38.0,2.0,0.5333333333333333,0.0,0.0,11.0,10.0,37.2,1.2,0.6923076923076923,0.0,6.0,-100.0,0.07407407407407407,0.2222222222222222,7,11,6.6,3.0,1657,1328,1317,0.0,0.0,10.0,14.0,36.6,1.3,0.4,0.0,0.0,9.0,6.0,36.3,0.7,0.38461538461538464,-0.9,0.0,54.0,-1138.0,13.0,11.0,428.0,0.18181818181818182,0.2,0.23076923076923078,0.4,0.0,1.1600000000000001,0.0,,1.8342000000000027,1.0342000000000056,0.6833999999999989,0.8407999999999944,0.14267154125907036,1.843908891458577,0.0,0.0,,0.25,0.375,0.0,,,
180,202009030701,0,0,0,0,0,2,7,28,0,0,0,0,0,0,0,0,0,0,2,4,0,0,0,0,0,0,0,0,0,0,1,3,0,0,0,0,0.0,0.0,10.0,13.0,37.9,1.8,0.5625,0.0,0.0,5.0,16.0,38.3,1.9,0.375,0.0,0.0,5.0,5.0,36.9,0.3,0.4,-4.0,-4.0,200.0,0.25,0.5,2,2,11.2,4.0,1463,1482,1167,0.0,0.0,1.0,1.0,37.3,0.0,0.1875,0.0,0.0,6.0,2.0,37.3,0.2,0.375,-3.7,0.4,54.0,-1324.0,13.0,16.0,468.0,0.125,0.0,0.0,0.0,-0.0625,0.22000000000000028,0.0,-0.011099999999999,0.3888999999999996,-0.9211000000000027,-0.6111000000000004,-0.6111000000000004,0.11900630235411903,0.4963869458396341,-1.0,0.0,,0.1111111111111111,0.2222222222222222,0.0,,,-0.0765765765765766
181,202009030701,0,1,1,13,7,8,9,48,0,0,0,0,0,0,0,4,2,3,1,11,0,0,0,0,0,0,0,2,0,1,0,7,0,0,0,0,0.0,0.0,2.0,10.0,45.8,4.8,0.5,0.0,0.0,17.0,17.0,36.6,2.1,0.17647058823529413,0.0,0.0,8.0,13.0,36.6,1.7,1.0,1.5,8.0,-200.0,0.0,0.0,4,4,228.6,11.0,1148,1167,1393,0.0,0.0,14.0,15.0,35.6,2.7,0.75,0.0,0.0,8.0,9.0,37.2,1.9,0.4,-0.4,0.0,54.0,-732.0,13.0,10.0,446.0,0.5,0.058823529411764705,0.0,,0.0,1.819999999999999,0.0,7.727399999999996,1.2346000000000004,0.1589000000000027,2.056600000000003,1.1052000000000035,0.2849051320282865,3.7553162316907462,0.0,0.0,,0.0,0.0,0.0,,,-0.20833333333333331
182,202009030701,6,16,6,73,1,4,1,46,0,0,0,1,2,3,2,15,0,0,0,7,0,0,0,0,0,1,0,4,0,0,0,3,0,0,0,0,0.0,0.0,6.0,6.0,39.8,1.1,0.5555555555555556,0.0,0.0,7.0,8.0,35.6,1.3,0.9230769230769231,,,,,,,,2.0,5.0,-100.0,0.0,0.15,4,5,32.9,7.0,1393,1558,1263,,,,,,,,,,,,,,,2.0,0.0,54.0,-1492.0,13.0,9.0,469.0,0.2222222222222222,0.0,,,,4.199999999999996,0.0,,0.4935000000000045,,,,0.18376068376068377,2.099999999999998,0.0,1.0,0.0,0.0,0.0,1.0,0.0,0.2561056105610561,0.19230769230769232
183,202009030701,4,3,3,39,2,0,1,11,0,0,0,0,1,1,1,7,0,0,0,1,0,0,0,0,1,1,0,5,0,0,0,1,0,0,0,0,0.0,0.0,9.0,9.0,42.7,2.8,0.3,0.0,0.0,10.0,16.0,35.3,1.8,0.3333333333333333,0.0,0.0,8.0,6.0,36.2,1.0,0.25,-1.5,-3.0,0.0,0.0,0.16666666666666666,1,1,113.5,9.0,1561,1442,1263,0.0,0.0,9.0,7.0,35.3,0.8,0.3888888888888889,0.0,0.0,7.0,3.0,37.0,0.8,0.375,-2.1,0.2,54.0,-878.0,13.0,10.0,437.0,0.4,0.16666666666666666,0.0,-0.16666666666666666,0.0625,1.1400000000000006,0.0,5.035700000000006,0.14689999999999515,1.0469000000000008,0.14689999999999515,1.846899999999998,0.050601322385492004,2.7734455105518134,0.0,0.0,,0.0,0.0,0.0,,-0.1207482993197279,
184,202009030701,1,0,0,11,7,6,6,63,0,0,0,0,0,0,0,3,3,1,0,11,0,0,0,0,0,0,0,1,0,0,0,3,0,0,0,0,0.0,0.0,1.0,,,,0.14285714285714285,0.0,0.0,17.0,15.0,40.6,5.1,0.4117647058823529,0.0,0.0,13.0,14.0,39.3,3.5,0.875,-1.0,9.0,-100.0,0.1,0.2,6,8,152.2,10.0,1665,1405,1577,0.0,0.0,14.0,14.0,38.6,3.4,1.0,0.0,0.0,10.0,10.0,36.8,1.8,0.6153846153846154,-1.5,0.0,54.0,-506.0,13.0,7.0,447.0,0.0,0.0,0.0,0.0,0.0,1.2100000000000009,0.0,,4.8626000000000005,1.1462000000000003,0.32050000000000267,1.6935000000000002,0.309796283972624,1.3718144918318962,-2.0,1.0,0.0,0.0,0.0,1.0,0.0,,0.32384823848238486
185,202009030701,2,0,1,8,0,0,1,3,0,0,0,0,0,0,0,1,0,0,0,0,0,0,0,0,0,0,0,1,0,0,0,0,0,0,0,0,0.0,0.0,130.0,9.0,34.0,0.5,0.7647058823529411,0.0,0.0,90.0,7.0,33.8,0.8,1.0,0.0,0.0,130.0,6.0,34.3,1.2,0.5,-1.5,10.0,200.0,0.09090909090909091,0.18181818181818182,3,3,94.9,8.0,1200,1208,324,0.0,0.0,90.0,9.0,34.6,1.1,0.3,0.0,0.0,100.0,10.0,34.8,1.3,0.35714285714285715,0.4,0.0,54.0,-1568.0,13.0,17.0,498.0,-0.058823529411764705,0.0,-0.0625,0.0,0.21428571428571427,-0.23999999999999985,0.0,-1.153100000000002,-1.3531000000000049,-0.8531000000000049,-0.5064999999999955,-0.35310000000000485,0.2626351444931605,0.3687817782917157,-4.0,1.0,0.0,0.2,0.2,1.0,0.0,0.12727272727272732,
186,202009030701,0,0,0,2,0,0,0,0,0,0,0,0,0,0,0,0,0,0,0,0,0,0,0,0,0,0,0,0,0,0,0,0,0,0,0,0,0.0,0.0,10.0,10.0,41.9,5.6,0.9,0.0,0.0,12.0,13.0,39.7,3.7,0.8666666666666667,0.0,0.0,12.0,12.0,38.0,3.1,0.6153846153846154,1.0,-4.0,0.0,0.09090909090909091,0.2727272727272727,5,7,272.8,12.0,207,412,599,0.0,0.0,9.0,10.0,35.2,1.8,0.8333333333333334,,,,,,,,-0.1,0.0,54.0,-439.0,13.0,10.0,470.0,0.1,0.0,0.15384615384615385,0.16666666666666666,,2.179999999999999,0.0,4.235700000000001,2.0357000000000056,2.893500000000003,0.09350000000000591,,0.11133196328392042,2.4484689093390575,-2.0,2.0,0.0,0.2222222222222222,0.4444444444444444,2.0,0.0,,
187,202009030701,6,1,4,60,1,2,1,6,0,0,0,0,3,0,0,5,0,0,1,2,0,0,0,0,1,0,0,1,0,0,0,0,0,0,0,0,0.0,0.0,12.0,12.0,42.5,6.4,0.5,0.0,0.0,15.0,16.0,40.8,3.3,0.9375,0.0,0.0,11.0,14.0,39.9,2.9,0.21428571428571427,1.0,-2.0,-400.0,0.3333333333333333,0.3333333333333333,8,13,317.2,13.0,1090,1393,1169,0.0,0.0,13.0,13.0,38.8,3.6,0.46153846153846156,0.0,0.0,11.0,9.0,37.7,3.0,0.7272727272727273,-0.9,0.0,51.0,-168.0,13.0,12.0,452.0,0.5,0.0,0.0,0.07692307692307693,0.09090909090909091,1.1599999999999995,0.0,2.8740999999999985,2.5204999999999984,1.6204999999999998,3.6935000000000002,2.4366000000000057,0.24615841869990807,1.6499696966914263,-4.0,1.0,0.0,0.2727272727272727,0.2727272727272727,1.0,0.0,0.152762730227519,
188,202009030709,39,30,28,143,0,2,0,11,0,0,0,1,3,3,0,11,0,0,0,2,0,0,0,0,0,1,0,2,0,0,0,0,0,0,0,0,0.0,0.0,50.0,8.0,35.0,1.2,0.09090909090909091,0.0,0.0,10.0,1.0,34.3,0.0,0.0625,0.0,0.0,10.0,2.0,35.8,0.0,0.0625,-3.0,0.0,-600.0,0.0,0.1111111111111111,6,11,2.9,1.0,1428,1170,1263,,,,,,,,,,,,,,,-3.0,0.6666666666666666,54.0,49.0,17.0,11.0,476.0,0.0,0.0,0.0,,,-0.3999999999999986,0.0,-0.9166000000000025,-0.7747000000000028,-1.0503,,,0.013392173886108855,0.6128258770283411,-2.0,0.0,,0.3333333333333333,0.6666666666666666,0.0,,-0.16026422764227644,
189,202009030709,13,9,17,98,1,4,1,46,0,0,0,7,0,0,1,9,0,0,0,7,0,0,0,1,0,0,0,0,0,0,0,1,0,0,0,0,0.0,0.0,5.0,2.0,35.5,0.2,0.5625,0.0,0.0,10.0,5.0,36.3,0.6,0.2777777777777778,0.0,0.0,2.0,7.0,37.6,0.3,0.0625,2.5,2.0,0.0,0.3333333333333333,0.6666666666666666,5,9,12.1,5.0,1503,1558,1263,0.0,0.0,7.0,3.0,35.3,0.6,0.07142857142857142,0.0,0.0,6.0,16.0,39.8,3.6,0.29411764705882354,2.6,0.4,57.0,0.0,17.0,16.0,502.0,-0.0625,0.1111111111111111,0.0,0.0,-0.11764705882352941,-0.7599999999999995,0.0,0.39350000000000307,1.0086999999999975,1.8626000000000005,-0.15920000000000556,2.5946,0.18294866660049433,1.6601204775557705,0.0,2.0,0.5,0.0,0.0,1.0,1.0,-0.11075848936845445,0.19230769230769232
190,202009030709,0,0,0,1,0,0,0,0,0,0,0,0,0,0,0,0,0,0,0,0,0,0,0,0,0,0,0,0,0,0,0,0,0,0,0,0,0.0,0.0,5.0,7.0,39.5,1.5,0.9,0.0,0.0,8.0,14.0,34.5,0.8,0.8823529411764706,0.0,0.0,16.0,5.0,34.6,0.3,0.7222222222222222,-1.0,-7.0,100.0,0.14285714285714285,0.38095238095238093,4,7,9.4,4.0,548,152,257,0.0,0.0,11.0,10.0,34.9,0.4,0.8,0.0,0.0,6.0,16.0,34.2,1.1,0.9444444444444444,1.4,0.0,57.0,-1464.0,17.0,10.0,485.0,0.1,0.0,0.0,0.0,-0.05555555555555555,1.0199999999999996,0.0,2.065899999999999,-0.653100000000002,-1.494799999999998,-0.25310000000000343,-1.8947999999999965,0.07911186276312653,1.992586259111509,1.0,0.0,,0.25,0.375,0.0,,,
191,202009030709,0,1,2,3,7,8,9,48,0,1,1,0,0,1,0,0,2,3,1,11,0,1,0,0,0,0,0,0,0,1,0,3,0,0,0,0,0.0,0.0,90.0,13.0,34.7,1.2,0.2857142857142857,0.0,0.0,110.0,10.0,38.3,1.6,0.16666666666666666,0.0,0.0,20.0,9.0,35.2,0.5,0.46153846153846156,-2.0,-2.0,-400.0,0.09523809523809523,0.19047619047619047,4,8,25.8,8.0,1733,1167,1428,0.0,0.0,30.0,1.0,35.4,0.0,0.125,0.0,0.0,10.0,6.0,37.7,0.9,0.25,-2.3,0.2,54.0,35.0,17.0,14.0,482.0,0.0,0.0,0.15384615384615385,0.0,-0.0625,-0.31000000000000016,0.0,-0.7591999999999999,2.650099999999995,0.12530000000000285,-0.24990000000000379,2.625300000000003,0.11686790081337059,1.4513442045221376,-2.0,0.0,,0.0,0.2857142857142857,0.0,,,-0.20833333333333331
192,202009030709,39,30,28,143,2,1,2,15,1,0,0,0,3,3,0,11,2,0,0,3,1,0,0,0,0,1,0,2,0,0,0,1,0,0,0,0,0.0,0.0,70.0,8.0,38.5,1.5,0.7857142857142857,0.0,0.0,80.0,8.0,36.8,0.4,0.9333333333333333,0.0,0.0,80.0,10.0,38.5,1.3,0.375,1.0,14.0,0.0,0.2631578947368421,0.5263157894736842,2,4,3.0,2.0,1428,1708,1263,0.0,0.0,20.0,9.0,36.2,1.5,0.7,0.0,0.0,50.0,3.0,37.0,0.0,0.25,-0.9,0.2,52.0,-966.0,17.0,14.0,480.0,-0.07142857142857142,-0.06666666666666667,0.0625,0.0,-0.0625,0.35999999999999943,0.0,0.22050000000000125,-1.3537999999999997,-0.8926000000000016,-1.8725999999999985,-0.9166999999999987,0.25625685102284607,0.9359487165438068,-4.0,0.0,,0.2222222222222222,0.3333333333333333,0.0,,-0.16026422764227644,
193,202009030709,0,0,0,1,1,0,0,0,0,0,0,0,0,0,0,0,1,0,0,0,0,0,0,0,0,0,0,0,0,0,0,0,0,0,0,0,0.0,0.0,4.0,12.0,36.5,2.7,1.0,0.0,0.0,9.0,10.0,36.1,1.6,0.3125,0.0,0.0,6.0,6.0,35.9,0.9,0.875,-3.0,-4.0,-400.0,0.1724137931034483,0.41379310344827586,7,13,15.4,6.0,803,533,666,0.0,0.0,6.0,5.0,35.3,0.5,0.6428571428571429,0.0,0.0,3.0,4.0,35.8,0.6,0.5454545454545454,-2.1,0.0,54.0,-49.0,17.0,14.0,460.0,-0.21428571428571427,0.0,0.0,0.07142857142857142,-0.09090909090909091,0.220000000000001,0.0,1.0407999999999973,0.6531999999999982,0.7935000000000016,0.008699999999997488,0.5366,0.24283587308761095,0.3919183588453097,0.0,2.0,0.0,0.0,0.1111111111111111,1.0,0.0,,
194,202009030709,1,0,0,10,1,3,0,15,0,0,0,0,0,0,0,2,0,1,0,4,0,0,0,0,0,0,0,0,0,0,0,0,0,0,0,0,0.0,0.0,13.0,7.0,36.7,0.9,0.0625,0.0,0.0,9.0,8.0,35.6,0.7,0.25,0.0,0.0,2.0,9.0,33.1,1.2,0.9285714285714286,1.0,0.0,0.0,0.0,0.0,2,3,99.7,13.0,1674,1186,1428,0.0,0.0,8.0,1.0,36.7,0.0,0.05555555555555555,0.0,0.0,11.0,4.0,36.8,1.2,0.0625,-1.3,0.2,52.0,0.0,17.0,16.0,468.0,0.0,0.0,,0.0,0.0,-0.129999999999999,0.0,1.593500000000006,0.4468999999999994,-0.4433999999999969,0.6052000000000035,1.7252999999999972,0.3365110951858342,1.4105318146004362,0.0,1.0,0.0,,,1.0,0.0,,
195,202009030709,5,3,4,39,0,0,0,1,0,0,0,0,0,1,1,5,0,0,0,0,0,0,0,0,0,0,0,0,0,0,0,0,0,0,0,0,0.0,0.0,15.0,16.0,36.3,1.6,0.16666666666666666,0.0,0.0,11.0,8.0,34.1,0.6,1.0,0.0,0.0,16.0,8.0,34.3,0.4,0.8823529411764706,-4.0,-2.0,200.0,0.0,0.15789473684210525,8,16,21.3,7.0,1152,1686,1428,0.0,0.0,10.0,10.0,34.2,0.5,1.0,0.0,0.0,13.0,7.0,33.7,0.5,0.9333333333333333,-1.6,0.0,54.0,-1485.0,17.0,18.0,508.0,0.0,-0.13333333333333333,0.0,-0.07692307692307693,0.0,0.5099999999999987,0.0,1.1468999999999951,-1.0531000000000006,-0.8064999999999998,-0.9064999999999941,-1.4530999999999992,0.3179964188704898,0.9130169768410644,-4.0,2.0,0.0,0.18181818181818182,0.2727272727272727,2.0,0.0,,
196,202009030709,0,0,0,5,0,2,2,15,0,0,0,0,0,0,0,1,0,1,1,1,0,0,0,0,0,0,0,0,0,1,0,1,0,0,0,0,0.0,0.0,13.0,10.0,37.6,1.4,0.7857142857142857,0.0,0.0,16.0,,,,,0.0,0.0,15.0,14.0,37.0,1.5,0.75,4.0,-2.0,0.0,0.125,0.125,5,10,58.6,10.0,1441,1376,1167,0.0,0.0,15.0,8.0,37.3,1.6,0.5,0.0,0.0,12.0,11.0,36.8,1.0,0.9375,-0.3,0.0,54.0,-855.0,17.0,14.0,482.0,-0.07142857142857142,,0.0,0.0,0.0,0.21000000000000157,0.0,-0.6794999999999973,,-0.4177000000000035,-0.9795000000000016,-1.1111000000000004,0.1571244662533756,0.3031088913245546,-3.0,0.0,,0.0,0.25,0.0,,,
197,202009030709,0,0,0,7,7,8,9,48,0,0,0,0,0,0,0,0,2,3,1,11,0,0,0,0,0,0,0,0,0,1,0,3,0,0,0,0,0.0,0.0,11.0,10.0,36.0,1.1,0.875,0.0,0.0,6.0,10.0,34.3,0.8,0.3076923076923077,0.0,0.0,7.0,9.0,36.6,1.8,0.6,-0.5,0.0,0.0,0.09523809523809523,0.2857142857142857,3,6,63.2,11.0,1642,1167,1124,0.0,0.0,4.0,4.0,35.4,0.4,0.6428571428571429,0.0,0.0,6.0,2.0,35.5,0.2,0.4375,-2.2,0.2,57.0,0.0,17.0,16.0,466.0,0.125,-0.07692307692307693,0.0,0.07142857142857142,0.0625,-0.010000000000000142,0.0,0.8935000000000031,-1.1592000000000056,1.3366000000000042,-0.9748999999999981,0.4253,0.1926451043121338,0.7605261336732632,0.0,1.0,0.0,0.0,1.0,1.0,0.0,0.0,-0.20833333333333331
198,202009030709,2,8,6,29,0,0,1,7,0,0,0,0,0,2,3,4,0,0,0,0,0,0,0,0,0,1,0,0,0,0,0,0,0,0,0,0,0.0,0.0,120.0,110.0,39.0,3.3,0.9166666666666666,0.0,0.0,140.0,90.0,32.4,0.8,0.875,0.0,0.0,160.0,140.0,34.9,1.0,0.375,15.0,24.0,0.0,0.07692307692307693,0.23076923076923078,8,17,56.7,9.0,1172,792,1556,0.0,0.0,100.0,140.0,34.5,0.8,0.3125,0.0,0.0,80.0,30.0,33.7,0.4,0.2222222222222222,-11.0,0.0,54.0,-1527.0,17.0,12.0,538.0,0.08333333333333333,,0.0,0.0625,0.0,0.8499999999999993,0.0,1.3357000000000028,-1.1433999999999997,-0.20649999999999835,-0.653100000000002,-1.4530999999999992,0.29464091977343926,2.22081066279861,2.0,1.0,0.0,0.0,0.0,1.0,0.0,0.08194444444444443,
199,202009030709,2,8,6,29,0,0,0,1,0,0,0,1,0,2,3,4,0,0,0,0,0,0,0,0,0,1,0,0,0,0,0,0,0,0,0,0,0.0,0.0,5.0,8.0,39.8,2.5,0.8888888888888888,0.0,0.0,8.0,13.0,37.4,1.4,0.7333333333333333,0.0,0.0,3.0,4.0,37.1,0.6,0.5,-2.0,6.0,100.0,0.14285714285714285,0.42857142857142855,6,12,6.4,3.0,1172,223,1556,0.0,0.0,1.0,2.0,35.7,0.4,0.35714285714285715,0.0,0.0,3.0,5.0,37.8,0.7,0.375,-1.7,0.2,57.0,-1470.0,17.0,9.0,538.0,0.0,0.0,0.0,-0.07142857142857142,-0.1875,0.5699999999999996,0.0,2.3658999999999963,-0.8795000000000002,-1.1794999999999973,-1.555099999999996,-0.4795000000000016,0.2081332523727534,1.324537655183874,1.0,0.0,,0.08333333333333333,0.3333333333333333,0.0,,0.08194444444444443,
200,202009030709,0,0,0,1,5,0,0,15,0,0,0,0,0,0,0,0,0,0,0,4,0,0,0,0,0,0,0,0,0,0,0,0,0,0,0,0,0.0,0.0,10.0,10.0,40.6,3.3,0.9166666666666666,0.0,0.0,14.0,11.0,37.8,1.2,0.9333333333333333,0.0,0.0,15.0,13.0,36.4,1.3,0.6875,1.5,-10.0,170.0,0.0,0.0,8,15,153.5,15.0,1509,1445,1110,0.0,0.0,18.0,4.0,35.7,0.6,0.7777777777777778,0.0,0.0,10.0,9.0,35.9,0.9,0.5,-0.9,0.0,57.0,-439.0,17.0,12.0,424.0,-0.08333333333333333,-0.3333333333333333,0.0625,0.1111111111111111,-0.07142857142857142,1.15,0.0,,-1.5926000000000045,1.2935000000000016,0.40870000000000317,-2.011099999999999,0.159821466751397,1.8148278155241067,1.0,2.0,0.0,0.0,0.2222222222222222,1.0,0.0,,0.0357142857142857
201,202009030709,6,16,6,73,0,0,1,2,0,0,1,1,2,3,2,15,0,0,0,0,0,0,0,0,1,0,0,1,0,0,0,0,0,0,0,0,0.0,0.0,60.0,7.0,37.2,1.4,0.18181818181818182,0.0,0.0,60.0,6.0,34.6,0.5,0.6,0.0,0.0,70.0,9.0,34.5,0.8,0.3888888888888889,1.0,2.0,-400.0,0.0,0.25,1,2,103.7,14.0,1393,1404,1263,0.0,0.0,70.0,4.0,33.6,0.3,1.0,0.0,0.0,80.0,5.0,34.6,0.4,0.5625,-0.6,0.0,57.0,13.0,17.0,11.0,456.0,0.0,0.0,-0.05555555555555555,0.0,0.0,0.6200000000000003,0.0,0.868300000000005,-0.5064999999999955,-0.5747,-1.5064999999999955,-0.5531000000000006,0.27078201227861454,1.2099586769803345,1.0,2.0,0.0,0.0,0.0,2.0,0.0,0.2561056105610561,
202,202009030709,0,0,0,6,0,0,0,2,0,0,0,0,0,0,0,0,0,0,0,0,0,0,0,0,0,0,0,0,0,0,0,0,0,0,0,0,0.0,0.0,2.0,4.0,41.3,2.4,0.2,0.0,0.0,13.0,12.0,39.4,3.6,0.6923076923076923,0.0,0.0,16.0,15.0,37.5,2.2,0.5625,5.5,13.0,0.0,0.0,0.0,1,1,533.5,16.0,1482,1553,1263,0.0,0.0,11.0,11.0,39.2,4.5,0.16666666666666666,0.0,0.0,12.0,13.0,38.2,2.7,0.26666666666666666,1.7,0.0,57.0,-773.0,17.0,5.0,491.0,0.4,0.0,-0.0625,0.16666666666666666,0.0,0.6399999999999985,0.0,3.0204999999999984,1.488900000000001,2.393500000000003,3.2834000000000003,3.125300000000003,0.21050879942441475,1.2890306435457601,1.0,1.0,0.0,0.14285714285714285,0.2857142857142857,1.0,0.0,,
203,202009030709,0,0,0,0,0,0,0,0,0,0,0,0,0,0,0,0,0,0,0,0,0,0,0,0,0,0,0,0,0,0,0,0,0,0,0,0,0.0,0.0,20.0,2.0,40.3,0.1,0.09090909090909091,0.0,0.0,90.0,10.0,37.2,1.3,0.9090909090909091,0.0,0.0,110.0,14.0,37.7,2.5,0.75,6.0,-6.0,100.0,0.0,0.0,3,5,71.2,12.0,518,177,225,0.0,0.0,120.0,13.0,36.9,2.0,0.375,0.0,0.0,90.0,5.0,36.2,0.6,0.125,0.9,0.2,54.0,-1485.0,17.0,11.0,460.0,0.0,-0.09090909090909091,0.0,0.125,0.0,0.8499999999999993,0.0,2.8658999999999963,-0.7110999999999947,-0.5794999999999959,-0.5177000000000049,-1.6210999999999984,0.3289257496158222,1.4065560778013775,-2.0,0.0,,0.0,0.0,0.0,,,
204,202009030709,0,0,0,8,1,4,1,14,0,0,0,0,0,0,0,3,0,0,0,2,0,0,0,0,0,0,0,2,0,0,0,0,0,0,0,0,0.0,0.0,110.0,,,,,0.0,0.0,120.0,13.0,39.2,4.0,0.6153846153846154,0.0,0.0,160.0,16.0,40.7,3.8,0.5,3.0,15.0,-100.0,,,7,14,,,1719,1014,1170,0.0,0.0,120.0,12.0,37.3,2.2,0.5,0.0,0.0,180.0,14.0,36.3,1.8,0.3888888888888889,-0.1,0.0,57.0,-1083.0,17.0,12.0,477.0,,0.23076923076923078,0.0625,0.0,0.16666666666666666,1.2100000000000022,0.0,,1.2889000000000053,2.420500000000004,1.0257999999999967,0.9345999999999961,0.08008545868337677,1.6990806337546223,1.0,0.0,,,,0.0,,,
205,202009030809,16,11,9,91,1,3,3,15,1,0,0,1,5,0,1,12,1,0,0,4,1,0,0,0,1,0,0,1,0,0,0,1,0,0,0,0,0.0,0.0,180.0,11.0,34.7,1.0,0.5555555555555556,0.0,0.0,80.0,1.0,35.2,0.0,0.35714285714285715,0.0,0.0,60.0,9.0,36.0,1.4,0.2,-1.0,-2.0,-200.0,0.16129032258064516,0.41935483870967744,7,9,4.3,2.0,1716,1599,1167,0.0,0.0,30.0,11.0,35.5,0.8,0.2,0.0,0.0,110.0,15.0,39.1,3.5,0.125,1.8,0.2,54.0,49.0,12.0,18.0,454.0,0.0,0.0,0.0,0.0,0.0,-0.9099999999999995,0.0,-0.37469999999999715,-0.3620999999999981,0.8935000000000031,0.346899999999998,4.025300000000001,0.15389779110935814,1.5582040944625961,-3.0,2.0,0.5,0.15384615384615385,0.23076923076923078,1.0,0.0,-0.15846456692913385,
206,202009030809,5,5,6,40,1,0,0,2,1,0,0,0,1,1,1,3,1,0,0,0,1,0,0,0,0,0,1,0,0,0,0,0,0,0,0,0,0.0,0.0,14.0,13.0,36.7,1.8,0.3333333333333333,0.0,0.0,6.0,11.0,36.0,1.6,0.25,0.0,0.0,3.0,1.0,35.5,0.0,0.16666666666666666,-6.0,6.0,0.0,0.08695652173913043,0.2608695652173913,6,8,11.7,6.0,1736,1435,1482,0.0,0.0,9.0,14.0,36.8,1.6,0.2222222222222222,0.0,0.0,5.0,9.0,35.2,1.2,0.5,-0.5,0.2,52.0,-294.0,12.0,15.0,438.0,0.0,0.0,0.0,0.0,0.0,0.22000000000000028,0.0,1.4087000000000032,0.8935000000000031,0.39350000000000307,1.6935000000000002,0.09350000000000591,0.11600340565456167,0.6343500610861474,-3.0,5.0,0.2,0.4,0.5,4.0,0.25,-0.1857142857142857,
207,202009030809,0,0,0,11,1,2,0,6,0,0,0,0,0,0,0,2,0,0,0,1,0,0,0,0,0,0,0,1,0,0,0,0,0,0,0,0,0.0,0.0,12.0,11.0,36.6,1.7,0.9375,0.0,0.0,11.0,12.0,37.1,1.9,0.46153846153846156,0.0,0.0,10.0,7.0,34.0,1.1,0.7692307692307693,-2.0,10.0,0.0,0.2727272727272727,0.7272727272727273,8,11,16.3,9.0,1576,1301,1577,0.0,0.0,13.0,9.0,37.2,0.9,0.5,0.0,0.0,6.0,10.0,38.6,1.1,0.625,-0.5,0.0,55.0,-861.0,12.0,16.0,468.0,0.0,0.07692307692307693,0.0,0.0,0.0,-0.41000000000000014,0.0,-1.6794999999999973,2.0253000000000014,-1.106499999999997,-0.7166999999999959,0.32050000000000267,0.17614796765468438,1.504659429904323,0.0,1.0,0.0,0.0,1.0,1.0,0.0,,
208,202009030809,5,3,4,39,1,1,1,13,0,0,0,2,0,1,1,5,1,0,0,3,0,0,0,0,0,0,0,0,0,0,0,1,0,0,0,0,0.0,0.0,12.0,4.0,34.8,0.6,0.8571428571428571,0.0,0.0,11.0,13.0,36.2,1.2,0.38461538461538464,0.0,0.0,13.0,12.0,33.6,0.7,0.9375,4.0,8.0,0.0,0.08695652173913043,0.17391304347826086,4,4,9.6,4.0,1152,1542,1428,0.0,0.0,12.0,8.0,34.6,0.5,0.7692307692307693,0.0,0.0,15.0,10.0,34.1,0.7,0.5333333333333333,0.7,0.0,54.0,-1316.0,12.0,14.0,518.0,-0.07142857142857142,0.0,0.0,0.07692307692307693,0.0,0.29999999999999927,0.0,-0.3064999999999998,1.093500000000006,-1.5531000000000006,-0.7653999999999996,-1.0531000000000006,0.20643264030922864,0.8754427451295719,-1.0,2.0,0.0,0.25,0.25,2.0,0.0,,
209,202009030809,0,1,0,6,7,8,9,48,0,0,0,1,0,0,0,0,2,3,1,11,0,0,0,0,0,0,0,0,1,0,0,0,0,0,0,0,0.0,0.0,3.0,7.0,35.7,2.0,0.5,0.0,0.0,5.0,4.0,33.8,0.6,1.0,0.0,0.0,6.0,7.0,34.1,0.4,0.5833333333333334,0.0,4.0,200.0,0.0,0.0,7,10,16.2,8.0,1713,1167,215,0.0,0.0,7.0,8.0,34.9,0.9,0.6666666666666666,0.0,0.0,8.0,2.0,34.0,0.1,0.2857142857142857,-0.6,0.2,57.0,-749.0,12.0,8.0,488.0,0.25,-0.09090909090909091,0.08333333333333333,-0.2222222222222222,0.0,0.23000000000000043,0.0,0.5469000000000008,-1.3531000000000049,-1.0531000000000006,-0.3913000000000011,-1.153100000000002,0.233770242069211,0.7071067811865487,0.0,1.0,0.0,0.23076923076923078,0.23076923076923078,0.0,,,-0.20833333333333331
210,202009030809,0,0,1,1,0,0,1,1,0,0,1,0,0,0,0,0,0,0,0,0,0,0,0,0,0,0,0,0,0,0,0,0,0,0,0,0,0.0,0.0,8.0,10.0,34.9,0.8,0.5454545454545454,0.0,0.0,7.0,8.0,34.7,1.4,0.7777777777777778,0.0,0.0,5.0,8.0,34.9,0.4,0.4,-1.0,-2.0,0.0,0.13636363636363635,0.4090909090909091,6,7,3.2,1.0,1017,448,1589,0.0,0.0,10.0,9.0,34.7,1.3,0.875,0.0,0.0,2.0,11.0,34.0,0.6,0.5714285714285714,0.3,0.0,55.0,-616.0,12.0,11.0,460.0,0.18181818181818182,-0.1111111111111111,0.0,-0.0625,-0.07142857142857142,0.17999999999999972,0.0,-0.20649999999999835,-0.5633999999999943,-0.3913000000000011,-0.4064999999999941,-1.153100000000002,0.1704491170868071,0.3322649545167227,3.0,3.0,0.0,0.0,0.2222222222222222,2.0,0.0,,
211,202009030809,16,11,9,91,3,10,6,42,1,1,4,8,5,0,1,12,1,0,0,4,1,0,0,0,1,0,0,1,0,0,0,0,0,0,0,0,0.0,0.0,15.0,15.0,34.9,1.2,0.625,0.0,0.0,18.0,14.0,34.7,1.0,0.6111111111111112,0.0,0.0,7.0,17.0,34.4,1.9,1.0,1.0,-4.0,200.0,0.0,0.0,8,12,9.7,5.0,1716,1428,1167,0.0,0.0,6.0,16.0,35.1,1.2,0.3333333333333333,0.0,0.0,13.0,4.0,33.2,0.3,0.4666666666666667,-2.0,0.0,52.0,-1343.0,12.0,16.0,444.0,0.0,-0.05555555555555555,0.0,0.16666666666666666,0.0,0.29999999999999927,0.0,-0.4654000000000025,-0.4064999999999941,-0.7531000000000034,-0.05310000000000059,-1.9530999999999992,0.22332780534894286,0.6711184694225,-3.0,1.0,0.0,0.0,0.2,1.0,0.0,-0.15846456692913385,-0.20036429872495448
212,202009030809,39,30,28,143,3,3,2,15,2,1,1,5,3,3,0,11,0,0,0,1,0,0,0,1,0,1,0,2,0,0,0,0,0,0,0,0,0.0,0.0,6.0,5.0,38.6,0.5,0.9166666666666666,0.0,0.0,16.0,15.0,34.0,1.0,1.0,0.0,0.0,10.0,9.0,34.1,0.7,0.5,2.0,9.0,-300.0,0.14285714285714285,0.2857142857142857,3,3,76.5,11.0,1428,1559,1263,0.0,0.0,9.0,5.0,35.1,0.1,0.875,0.0,0.0,15.0,9.0,34.0,0.3,0.5625,-0.2,0.0,55.0,-851.0,12.0,12.0,429.0,-0.4166666666666667,0.0,0.16666666666666666,0.0,0.0,0.8100000000000002,0.0,-0.7926000000000002,-2.0947999999999993,-1.0531000000000006,-0.26539999999999964,-1.153100000000002,0.2006932429798716,1.7692936443677179,0.0,0.0,,0.0,0.14285714285714285,0.0,,-0.16026422764227644,-0.04782608695652174
213,202009030809,39,30,28,143,0,1,0,1,0,1,0,1,3,3,0,11,0,0,0,0,0,0,0,0,0,1,0,2,0,0,0,0,0,0,0,0,0.0,0.0,50.0,3.0,37.4,0.7,0.42857142857142855,0.0,0.0,140.0,10.0,34.2,0.9,0.875,0.0,0.0,100.0,7.0,34.1,0.8,1.0,2.0,3.0,0.0,,,1,1,5.2,3.0,1428,59,1263,0.0,0.0,140.0,13.0,33.8,1.0,1.0,0.0,0.0,140.0,15.0,37.6,3.1,0.26666666666666666,2.7,0.2,57.0,-1485.0,12.0,7.0,485.0,0.0,0.0,-0.1,-0.26666666666666666,0.6666666666666666,0.0,0.0,-0.8795000000000002,-1.2591999999999999,-1.816600000000001,-1.6592000000000056,1.683399999999999,0.30694936688678726,1.7045820602130013,1.0,0.0,,0.0,0.0,0.0,,-0.16026422764227644,
214,202009030809,2,8,6,29,0,0,1,9,0,0,0,0,0,2,3,4,0,0,0,1,0,0,0,0,0,0,0,1,0,0,0,0,0,0,0,0,0.0,0.0,150.0,16.0,34.9,1.3,0.6875,0.0,0.0,140.0,14.0,35.1,1.5,0.7142857142857143,0.0,0.0,150.0,14.0,34.5,0.8,0.875,-1.0,0.0,200.0,0.0,0.3157894736842105,5,5,62.4,10.0,1172,1721,1556,0.0,0.0,100.0,1.0,36.9,0.0,0.6666666666666666,0.0,0.0,60.0,13.0,35.3,0.6,0.7222222222222222,-1.9,0.2,57.0,-413.0,12.0,16.0,478.0,0.0625,0.0,-0.0625,-0.2,0.0,-0.25999999999999945,0.0,-0.25310000000000343,-0.05310000000000059,-0.653100000000002,1.5345999999999975,-0.0654000000000039,0.07362153907226547,0.8236504112789595,3.0,0.0,,0.3333333333333333,0.3333333333333333,0.0,,0.08194444444444443,
215,202009030809,6,6,9,87,3,3,3,9,0,0,0,1,2,1,0,9,0,0,0,0,0,0,0,0,0,0,0,1,0,0,0,0,0,0,0,0,0.0,0.0,10.0,8.0,39.8,2.5,0.8333333333333334,0.0,0.0,7.0,8.0,35.9,1.5,0.875,0.0,0.0,12.0,9.0,35.0,0.8,0.9285714285714286,0.5,5.0,-100.0,0.0,0.0,2,2,152.4,12.0,1506,1362,199,0.0,0.0,17.0,9.0,33.6,0.9,0.9444444444444444,0.0,0.0,15.0,9.0,35.3,1.2,0.8,0.3,0.0,57.0,-499.0,12.0,12.0,495.0,-0.16666666666666666,0.0,-0.14285714285714285,0.0,0.0,1.1299999999999997,0.0,,0.6366000000000014,-0.07469999999999999,-1.4746999999999986,0.036599999999999966,0.05485522299697513,2.08173004974228,1.0,0.0,,0.0,0.14285714285714285,0.0,,0.22863247863247863,
216,202009030809,5,5,6,40,2,0,2,0,0,0,1,0,1,1,1,3,0,0,1,0,0,0,1,0,0,0,1,0,0,0,1,0,0,0,1,0,0.0,0.0,5.0,14.0,39.8,2.0,0.0625,0.0,0.0,8.0,7.0,36.6,0.7,0.3333333333333333,0.0,0.0,7.0,12.0,35.5,1.4,0.75,-1.0,6.0,0.0,0.0,0.14285714285714285,5,6,13.8,7.0,1736,716,1482,0.0,0.0,6.0,6.0,34.2,1.0,0.4444444444444444,0.0,0.0,11.0,15.0,34.6,1.0,0.9375,0.1,0.0,55.0,-91.0,12.0,16.0,446.0,0.0,-0.06666666666666667,0.0,0.0,-0.0625,1.279999999999999,0.0,1.6462000000000003,1.4935000000000045,0.39350000000000307,-1.2591999999999999,-0.8592000000000013,0.3085522246049151,2.007585614612735,0.0,2.0,0.0,0.16666666666666666,0.3333333333333333,2.0,0.0,-0.1857142857142857,
217,202009040105,0,0,0,0,0,0,0,0,0,0,0,0,0,0,0,0,0,0,0,0,0,0,0,0,0,0,0,0,0,0,0,0,0,0,0,0,0.0,0.0,3.0,7.0,33.5,0.3,0.75,0.0,0.0,11.0,4.0,34.4,0.3,1.0,0.0,0.0,11.0,11.0,33.4,0.8,1.0,2.0,2.0,200.0,0.13043478260869565,0.391304347826087,5,10,2.2,1.0,1672,1428,1167,0.0,0.0,10.0,14.0,34.5,1.3,0.2,0.0,0.0,5.0,5.0,34.5,0.4,0.6,0.6,0.0,54.0,-987.0,16.0,16.0,456.0,0.0,-0.1111111111111111,-0.0625,0.0,-0.06666666666666667,-0.21000000000000013,0.0,-1.865400000000001,-1.6948000000000008,-1.7531000000000034,-0.5747,-0.6064999999999969,0.29732137494637007,0.5003998401278723,-2.0,1.0,0.0,0.2,0.3,0.0,,,-0.20036429872495448
218,202009040105,0,0,0,0,0,0,0,0,0,0,0,0,0,0,0,0,0,0,0,0,0,0,0,0,0,0,0,0,0,0,0,0,0,0,0,0,,,,,,,,,,,,,,,,,,,,,,,,,0.23809523809523808,0.47619047619047616,1,1,5.6,2.0,1506,1032,199,,,,,,,,,,,,,,,,,54.0,,16.0,,,,,,,,,,,,,,,,,,0.0,,0.0,0.0,0.0,,0.22863247863247863,
219,202009040105,0,0,0,0,0,0,0,0,0,0,0,0,0,0,0,0,0,0,0,0,0,0,0,0,0,0,0,0,0,0,0,0,0,0,0,0,,,,,,,,,,,,,,,,,,,,,,,,,0.0,0.0,6,12,93.5,13.0,1677,1183,1167,,,,,,,,,,,,,,,,,54.0,,16.0,,,,,,,,,,,,,,,,,,0.0,,0.0,0.0,0.0,,,0.07692307692307693
220,202009040105,0,0,0,0,0,0,0,0,0,0,0,0,0,0,0,0,0,0,0,0,0,0,0,0,0,0,0,0,0,0,0,0,0,0,0,0,0.0,0.0,12.0,12.0,42.2,3.2,1.0,0.0,0.0,17.0,17.0,35.9,3.0,0.6666666666666666,0.0,0.0,14.0,9.0,35.5,1.2,0.8888888888888888,-1.5,32.0,-100.0,0.08333333333333333,0.16666666666666666,7,13,29.3,7.0,1687,1366,1345,0.0,0.0,10.0,10.0,37.4,1.4,0.0625,0.0,0.0,10.0,14.0,37.3,2.3,0.9375,-0.3,0.0,54.0,-719.0,16.0,12.0,532.0,0.0,0.1111111111111111,-0.1111111111111111,0.0,0.0,0.8300000000000012,0.0,,0.8252999999999986,0.39350000000000307,2.108699999999999,-0.6111000000000004,0.34321577455186203,2.3904811231214538,-2.0,2.0,0.0,0.16666666666666666,0.3333333333333333,0.0,,,0.05555555555555555
221,202009040105,0,0,0,0,0,0,0,0,0,0,0,0,0,0,0,0,0,0,0,0,0,0,0,0,0,0,0,0,0,0,0,0,0,0,0,0,0.0,0.0,100.0,7.0,39.1,2.7,0.9,0.0,0.0,110.0,12.0,42.1,5.9,0.5714285714285714,0.0,0.0,110.0,17.0,37.3,2.2,0.3333333333333333,5.0,31.0,0.0,0.0,0.0,1,2,163.3,15.0,1098,1559,1294,0.0,0.0,90.0,7.0,38.4,1.0,0.42857142857142855,0.0,0.0,150.0,7.0,39.0,1.1,0.4375,-0.5,0.0,54.0,-1480.0,16.0,10.0,479.0,-0.1,0.42857142857142855,0.05555555555555555,0.0,0.0625,0.39000000000000057,0.0,0.8205000000000027,2.5533,2.1935000000000002,0.5788999999999973,0.7205000000000013,0.19801580939656072,1.5942396306703719,-2.0,1.0,0.0,0.0,0.0,0.0,,,-0.04782608695652174
222,202009040105,0,0,0,0,0,0,0,0,0,0,0,0,0,0,0,0,0,0,0,0,0,0,0,0,0,0,0,0,0,0,0,0,0,0,0,0,0.0,0.0,4.0,10.0,35.3,0.9,0.5,0.0,0.0,1.0,7.0,35.7,0.6,0.16666666666666666,0.0,0.0,2.0,2.0,35.1,0.1,0.2777777777777778,-4.0,-8.0,-400.0,0.0,0.0,5,9,40.2,9.0,1317,68,1186,0.0,0.0,6.0,2.0,35.0,0.3,0.2777777777777778,0.0,0.0,3.0,7.0,36.4,0.7,0.125,-1.1,0.4,54.0,-413.0,16.0,14.0,420.0,0.0,0.0,0.0,-0.05555555555555555,-0.0625,-0.15,0.0,-0.15920000000000556,0.3346000000000018,-0.05310000000000059,-0.153100000000002,1.2935000000000016,0.1301708279317776,0.5099019513592782,0.0,1.0,0.0,0.0,0.1,0.0,,0.10416666666666666,
223,202009040105,0,0,0,0,0,0,0,0,0,0,0,0,0,0,0,0,0,0,0,0,0,0,0,0,0,0,0,0,0,0,0,0,0,0,0,0,0.0,0.0,8.0,6.0,13.7,9.1,0.5,0.0,0.0,11.0,,,,0.16666666666666666,0.0,0.0,13.0,14.0,13.7,7.9,0.42857142857142855,8.0,-12.0,-1460.0,0.07142857142857142,0.21428571428571427,3,5,47.4,11.0,1333,1412,1294,0.0,0.0,16.0,15.0,38.5,1.3,0.375,0.0,0.0,18.0,16.0,35.4,1.4,0.9444444444444444,3.1,0.0,54.0,-735.0,16.0,10.0,478.0,0.2,0.0,0.5714285714285714,-0.125,0.0,-8.99,0.0,,,,0.22050000000000125,0.03459999999999752,0.25609107845372675,11.676552359322507,-4.0,0.0,,0.0,0.25,0.0,,,
224,202009040105,0,0,0,0,0,0,0,0,0,0,0,0,0,0,0,0,0,0,0,0,0,0,0,0,0,0,0,0,0,0,0,0,0,0,0,0,0.0,0.0,12.0,6.0,36.4,0.7,0.26666666666666666,0.0,0.0,10.0,7.0,37.2,1.2,0.21428571428571427,0.0,0.0,10.0,10.0,37.1,1.2,0.8125,2.0,-2.0,200.0,0.2857142857142857,0.2857142857142857,2,4,49.7,12.0,1629,1313,1428,0.0,0.0,7.0,5.0,36.2,0.5,0.5625,0.0,0.0,7.0,10.0,37.1,0.6,0.5,0.6,0.0,51.0,-1359.0,16.0,15.0,472.0,-0.06666666666666667,0.07142857142857142,-0.0625,0.0,-0.0625,-0.04000000000000057,0.0,-1.4211000000000027,-1.079499999999996,-0.8110999999999962,-1.7110999999999947,-0.8110999999999962,0.21609704032911295,0.4147288270665548,-7.0,0.0,,0.0,0.1,0.0,,,
225,202009040105,0,0,0,0,0,0,0,0,0,0,0,0,0,0,0,0,0,0,0,0,0,0,0,0,0,0,0,0,0,0,0,0,0,0,0,0,0.0,0.0,3.0,2.0,36.8,0.3,0.14285714285714285,0.0,0.0,2.0,5.0,37.8,0.4,0.18181818181818182,0.0,0.0,5.0,3.0,36.4,0.6,0.8571428571428571,0.5,4.0,200.0,0.1111111111111111,0.1111111111111111,4,8,23.9,6.0,1393,1721,1263,0.0,0.0,4.0,5.0,35.2,0.2,0.25,0.0,0.0,10.0,3.0,34.8,0.3,0.23076923076923078,0.2,0.6,54.0,-484.0,16.0,14.0,512.0,0.0,0.0,0.0,0.0,0.0,0.6599999999999995,0.0,-1.1111000000000004,-0.11110000000000042,-1.511099999999999,0.04690000000000083,-0.35310000000000485,0.26498111216726256,1.0881176406988344,-1.0,0.0,,0.09090909090909091,0.09090909090909091,0.0,,0.2561056105610561,
226,202009040105,0,0,0,0,0,0,0,0,0,0,0,0,0,0,0,0,0,0,0,0,0,0,0,0,0,0,0,0,0,0,0,0,0,0,0,0,0.0,0.0,4.0,7.0,39.1,1.2,0.7857142857142857,0.0,0.0,15.0,11.0,35.4,0.8,0.75,0.0,0.0,9.0,10.0,35.0,0.8,0.6875,1.5,14.0,200.0,0.15789473684210525,0.42105263157894735,3,6,12.4,5.0,1127,848,1328,0.0,0.0,8.0,3.0,33.7,0.8,0.5625,0.0,0.0,6.0,11.0,38.6,3.0,0.625,0.0,0.2,54.0,-1465.0,16.0,14.0,416.0,0.0,0.0,-0.0625,,0.0,0.2699999999999996,0.0,1.2789000000000001,0.24689999999999657,-0.153100000000002,0.1566000000000045,0.6889000000000038,0.08116655840973937,2.115277759538922,0.0,0.0,,0.0,0.0,0.0,,0.09649122807017543,-0.12500000000000003
227,202009040105,0,0,0,0,0,0,0,0,0,0,0,0,0,0,0,0,0,0,0,0,0,0,0,0,0,0,0,0,0,0,0,0,0,0,0,0,0.0,0.0,14.0,14.0,41.6,3.5,0.4666666666666667,0.0,0.0,14.0,11.0,36.1,1.9,0.42857142857142855,0.0,0.0,11.0,12.0,40.1,3.5,0.8125,-1.0,-2.0,0.0,0.0,0.0,8,15,45.5,10.0,1576,1183,1577,0.0,0.0,7.0,10.0,38.5,3.1,0.38461538461538464,0.0,0.0,10.0,11.0,39.0,2.2,0.3125,-0.7,0.0,54.0,-161.0,16.0,15.0,450.0,0.3333333333333333,0.0,-0.0625,0.0,-0.0625,0.2800000000000004,0.0,3.3205000000000027,0.9468999999999994,1.8205000000000027,0.6788999999999987,2.638399999999997,0.17351005119917107,1.8227451824103114,0.0,1.0,0.0,0.07692307692307693,0.3076923076923077,1.0,0.0,,0.07692307692307693
228,202009040105,0,0,0,0,0,0,0,0,0,0,0,0,0,0,0,0,0,0,0,0,0,0,0,0,0,0,0,0,0,0,0,0,0,0,0,0,0.0,0.0,5.0,7.0,40.2,1.0,0.6,0.0,0.0,16.0,13.0,39.8,2.2,0.5,0.0,0.0,16.0,15.0,39.1,2.6,0.875,4.0,-4.0,-200.0,0.13043478260869565,0.391304347826087,8,16,9.7,4.0,1167,1013,460,0.0,0.0,11.0,11.0,39.7,1.7,0.42857142857142855,0.0,0.0,11.0,8.0,38.6,1.1,0.125,0.0,0.0,54.0,-1377.0,16.0,10.0,456.0,0.0,-0.0625,0.125,0.07142857142857142,0.0625,0.32999999999999974,0.0,2.1274000000000015,1.6462000000000003,-0.2926000000000002,0.30740000000000123,-0.6094000000000008,0.24338807510237803,0.5635601121442149,-1.0,0.0,,0.0,0.25,0.0,,-0.11607142857142855,0.2777777777777778
229,202009040105,0,0,0,0,0,0,0,0,0,0,0,0,0,0,0,0,0,0,0,0,0,0,0,0,0,0,0,0,0,0,0,0,0,0,0,0,0.0,0.0,8.0,9.0,41.2,2.3,0.6363636363636364,0.0,0.0,13.0,15.0,39.6,2.7,0.8,0.0,0.0,16.0,13.0,39.4,3.6,0.6875,2.0,-5.0,0.0,0.18181818181818182,0.18181818181818182,2,3,232.1,16.0,1441,1110,1167,,,,,,,,,,,,,,,2.0,0.0,53.0,-335.0,16.0,11.0,441.0,0.0,0.2,0.0625,,,0.9000000000000021,0.0,3.5357000000000056,1.6889000000000038,3.0383999999999958,,,0.06835206019010259,0.8055363982396396,-3.0,1.0,0.0,0.3333333333333333,0.5,1.0,0.0,,
230,202009040105,0,0,0,0,0,0,0,0,0,0,0,0,0,0,0,0,0,0,0,0,0,0,0,0,0,0,0,0,0,0,0,0,0,0,0,0,0.0,0.0,6.0,5.0,40.6,2.4,0.8888888888888888,0.0,0.0,11.0,12.0,34.5,1.2,0.6111111111111112,0.0,0.0,16.0,10.0,34.3,0.5,0.8888888888888888,2.5,-6.0,0.0,0.08333333333333333,0.2916666666666667,6,11,107.3,14.0,1506,1366,199,0.0,0.0,7.0,9.0,36.5,1.7,0.25,0.0,0.0,8.0,6.0,35.8,1.8,0.3076923076923077,-0.1,0.0,54.0,-591.0,16.0,9.0,448.0,-0.3333333333333333,-0.1111111111111111,-0.2777777777777778,0.0,0.0,0.7600000000000009,0.0,2.935700000000004,-0.653100000000002,-0.8531000000000049,1.4253,0.06259999999999621,0.2736457967181466,2.280877024304468,0.0,0.0,,0.125,0.25,0.0,,0.22863247863247863,0.05555555555555555
231,202009040105,0,0,0,0,0,0,0,0,0,0,0,0,0,0,0,0,0,0,0,0,0,0,0,0,0,0,0,0,0,0,0,0,0,0,0,0,0.0,0.0,11.0,7.0,35.2,0.5,0.8181818181818182,0.0,0.0,15.0,13.0,38.4,2.0,0.1875,0.0,0.0,12.0,9.0,35.6,1.0,0.5,1.0,8.0,400.0,0.0,0.0,7,14,29.8,8.0,1716,1428,1167,0.0,0.0,11.0,16.0,38.0,1.7,0.25,0.0,0.0,10.0,7.0,37.1,0.7,0.08333333333333333,0.3,0.0,54.0,-1120.0,16.0,11.0,490.0,0.18181818181818182,0.125,0.07142857142857142,0.125,0.08333333333333333,-0.33999999999999986,0.0,-1.2410999999999959,0.7083000000000013,-0.674199999999999,0.08890000000000242,0.825800000000001,0.26367663398461805,1.270590413941486,-1.0,0.0,,0.0,0.2,0.0,,-0.15846456692913385,-0.20036429872495448
232,202009040105,0,0,0,0,0,0,0,0,0,0,0,0,0,0,0,0,0,0,0,0,0,0,0,0,0,0,0,0,0,0,0,0,0,0,0,0,0.0,0.0,11.0,15.0,37.3,3.2,0.375,0.0,0.0,7.0,14.0,45.8,7.2,0.42857142857142855,0.0,0.0,9.0,15.0,40.1,4.2,0.8125,0.0,-10.0,-200.0,0.1875,0.4375,4,7,6.8,3.0,1657,1542,1317,0.0,0.0,3.0,16.0,40.5,4.2,0.625,,,,,,,,0.4,0.0,54.0,-308.0,16.0,16.0,538.0,-0.0625,0.5,0.0,0.0625,,-0.3900000000000013,0.0,2.225299999999997,6.590599999999995,1.8205000000000027,4.138399999999997,,0.17282898512544068,3.072763414257596,3.0,1.0,0.0,0.36363636363636365,0.5454545454545454,1.0,0.0,,
233,202009040208,2,1,2,8,1,0,0,13,0,0,0,2,0,0,0,1,1,0,0,2,0,0,0,0,0,0,0,0,1,0,0,0,0,0,0,0,0.0,0.0,6.0,3.0,35.2,0.0,0.3,0.0,0.0,2.0,3.0,34.6,0.4,0.38461538461538464,0.0,0.0,6.0,3.0,35.3,0.4,0.21428571428571427,0.0,10.0,0.0,0.0,0.0,4,8,15.2,5.0,1691,1556,1167,0.0,0.0,1.0,9.0,35.1,1.0,0.9230769230769231,0.0,0.0,5.0,2.0,34.6,0.1,0.36363636363636365,0.4,0.8,55.0,-846.0,18.0,10.0,476.0,-0.1,0.0,0.0,0.0,-0.18181818181818182,0.07000000000000028,0.0,0.09350000000000591,-0.5064999999999955,0.19350000000000023,-0.19129999999999825,-0.5064999999999955,0.2501070665873745,0.3006659275674574,0.0,5.0,0.8,0.2857142857142857,0.42857142857142855,0.0,,0.13461538461538464,-0.09033613445378152
234,202009040208,2,7,1,31,0,0,0,0,0,0,0,0,0,0,0,5,0,0,0,0,0,0,0,0,0,0,0,1,0,0,0,0,0,0,0,0,0.0,0.0,6.0,6.0,33.8,0.4,1.0,0.0,0.0,13.0,8.0,33.6,0.3,0.7777777777777778,0.0,0.0,9.0,4.0,34.5,0.6,0.8125,-1.0,2.0,0.0,0.22727272727272727,0.5,8,17,4.1,2.0,1428,533,1263,0.0,0.0,6.0,11.0,35.9,1.0,0.7222222222222222,0.0,0.0,6.0,6.0,33.5,0.9,0.7857142857142857,0.3,0.0,52.0,-601.0,18.0,9.0,404.0,-0.2222222222222222,-0.1111111111111111,0.0,-0.3333333333333333,0.14285714285714285,-0.1700000000000003,0.0,-1.3064999999999998,-1.5531000000000006,-0.653100000000002,-0.19480000000000075,-1.606499999999997,0.09484126984126984,0.8912911982062873,-3.0,2.0,0.0,0.2727272727272727,0.36363636363636365,0.0,,-0.16026422764227644,
235,202009040208,2,7,1,31,0,0,0,1,0,0,0,1,0,0,0,5,0,0,0,0,0,0,0,0,0,0,0,1,0,0,0,0,0,0,0,0,0.0,0.0,3.0,7.0,34.9,0.7,0.3333333333333333,0.0,0.0,1.0,8.0,35.2,0.5,0.5384615384615384,0.0,0.0,5.0,2.0,34.8,0.1,0.6363636363636364,-2.5,4.0,0.0,0.125,0.375,7,15,37.2,10.0,1428,81,1263,0.0,0.0,9.0,2.0,34.3,0.2,0.5555555555555556,0.0,0.0,8.0,7.0,36.0,1.0,0.1111111111111111,-0.6,0.4,55.0,-168.0,18.0,18.0,416.0,0.0,-0.07692307692307693,0.0,0.0,0.0,-0.12999999999999973,0.0,-0.20649999999999835,0.09350000000000591,-0.4913000000000025,-0.8064999999999998,0.9253,0.19027630609707855,0.5607138307550487,0.0,4.0,0.5,0.125,0.4375,0.0,,-0.16026422764227644,
236,202009040208,0,0,0,0,1,0,0,11,0,0,0,0,0,0,0,0,0,0,0,3,0,0,0,0,0,0,0,0,0,0,0,0,0,0,0,0,0.0,0.0,90.0,9.0,45.8,7.5,0.5555555555555556,0.0,0.0,100.0,9.0,34.2,1.4,0.7,0.0,0.0,,,,,,0.0,21.0,-470.0,0.0,0.0,1,2,16.4,6.0,1443,1235,1225,0.0,0.0,60.0,6.0,34.7,0.5,0.8571428571428571,0.0,0.0,80.0,7.0,34.3,0.3,0.9230769230769231,-0.9,0.0,52.0,-803.0,18.0,9.0,467.0,0.3333333333333333,0.2,,0.14285714285714285,0.0,3.4,0.0,,-1.7165999999999997,,-0.37469999999999715,-0.7747000000000028,0.14267435513377918,4.939888662712955,-2.0,0.0,,0.0,0.5,0.0,,,-0.08739837398373985
237,202009040208,6,2,3,15,0,0,0,4,0,0,0,0,2,0,0,1,0,0,0,1,0,0,0,0,1,0,0,0,0,0,0,0,0,0,0,0,0.0,0.0,12.0,8.0,34.0,0.8,0.5625,0.0,0.0,9.0,12.0,35.6,1.4,0.23076923076923078,0.0,0.0,8.0,7.0,34.3,0.8,0.18181818181818182,-0.5,-8.0,0.0,0.15,0.4,8,16,5.8,3.0,1506,1376,199,0.0,0.0,10.0,6.0,34.0,0.6,0.35294117647058826,0.0,0.0,3.0,9.0,34.5,0.6,0.5,-0.4,0.0,52.0,-860.0,18.0,16.0,466.0,0.0,0.0,0.0,0.0,0.0,0.060000000000000143,0.0,-1.106499999999997,-0.3166000000000011,-1.6166000000000054,-1.4592000000000027,-0.9592000000000027,0.14761321666792426,0.59126981996378,0.0,1.0,0.0,0.0,0.4,0.0,,0.22863247863247863,
238,202009040208,0,0,0,0,0,0,0,1,0,0,0,0,0,0,0,0,0,0,0,1,0,0,0,0,0,0,0,0,0,0,0,0,0,0,0,0,0.0,0.0,60.0,10.0,44.2,8.9,0.8,0.0,0.0,140.0,16.0,35.4,2.6,0.6470588235294118,0.0,0.0,110.0,14.0,36.6,2.7,0.7857142857142857,2.0,-11.0,-100.0,0.1,0.1,3,6,25.2,9.0,1188,1313,1013,0.0,0.0,130.0,16.0,35.9,1.8,0.5555555555555556,0.0,0.0,30.0,10.0,35.8,1.3,0.25,0.0,0.0,52.0,-835.0,18.0,10.0,473.0,0.2,,0.21428571428571427,0.0,,1.6300000000000012,0.0,,0.6261999999999972,1.1407999999999987,0.7935000000000016,2.0127999999999986,0.20044242072139135,3.3325065641345724,-2.0,1.0,0.0,0.0,0.0,0.0,,,
239,202009040208,0,0,1,11,0,0,0,4,0,0,0,1,0,0,0,2,0,0,0,0,0,0,0,0,0,0,0,0,0,0,0,0,0,0,0,0,0.0,0.0,3.0,7.0,41.2,2.7,0.2727272727272727,0.0,0.0,11.0,9.0,37.3,1.9,0.9375,0.0,0.0,15.0,11.0,37.3,1.2,0.75,2.0,8.0,100.0,0.08,0.16,4,7,176.2,16.0,1561,1104,1263,0.0,0.0,12.0,10.0,36.2,1.9,0.38461538461538464,0.0,0.0,14.0,10.0,34.8,1.2,1.0,0.7,0.0,55.0,-1141.0,18.0,11.0,446.0,0.45454545454545453,0.0,-0.0625,0.07692307692307693,-0.05555555555555555,1.3900000000000006,0.0,3.6086000000000027,-0.9795000000000016,0.9383999999999943,0.7408000000000001,-0.5654000000000039,0.2919318170039979,2.128473631502163,2.0,1.0,0.0,0.14285714285714285,0.2857142857142857,0.0,,-0.1207482993197279,
240,202009040208,1,0,0,5,1,0,0,2,0,0,0,0,0,0,0,0,0,0,0,0,0,0,0,0,0,0,0,0,0,0,0,0,0,0,0,0,0.0,0.0,18.0,17.0,35.1,1.0,0.3888888888888889,0.0,0.0,14.0,8.0,35.2,1.1,0.625,0.0,0.0,9.0,8.0,33.1,0.6,0.3333333333333333,-4.5,10.0,0.0,0.0,0.0,5,10,16.8,7.0,1317,1713,1186,0.0,0.0,11.0,15.0,33.5,1.8,0.7777777777777778,0.0,0.0,14.0,12.0,35.4,0.7,0.5,-0.3,0.0,52.0,-504.0,18.0,18.0,462.0,0.0,-0.0625,,,0.0,0.11000000000000085,0.0,-0.006499999999995509,0.04690000000000083,-0.4433999999999969,-0.04339999999999833,0.24689999999999657,0.16111111111111112,0.9604165762834375,-3.0,1.0,0.0,0.07692307692307693,0.07692307692307693,0.0,,0.10416666666666666,
241,202009040208,0,0,0,1,0,0,0,0,0,0,0,0,0,0,0,0,0,0,0,0,0,0,0,0,0,0,0,0,0,0,0,0,0,0,0,0,0.0,0.0,30.0,5.0,40.2,0.6,0.6666666666666666,0.0,0.0,160.0,13.0,35.4,1.5,0.8333333333333334,0.0,0.0,180.0,9.0,36.8,0.9,0.2777777777777778,2.0,-5.0,0.0,0.0,0.0,6,11,342.9,18.0,1059,568,1482,0.0,0.0,100.0,10.0,39.5,2.3,0.5454545454545454,,,,,,,,1.1,0.0,52.0,-1462.0,18.0,9.0,413.0,-0.3333333333333333,-0.05555555555555555,0.1111111111111111,0.0,,0.07000000000000099,0.0,1.920500000000004,0.03459999999999752,1.5086999999999975,1.2205000000000013,,0.20261906187795464,1.9549616364522364,-2.0,1.0,0.0,0.0,0.0,0.0,,,
242,202009040208,0,2,3,11,1,0,3,4,0,0,0,1,0,0,0,2,0,0,0,1,0,0,0,0,0,0,0,0,0,0,0,0,0,0,0,0,0.0,0.0,4.0,3.0,34.1,0.3,0.16666666666666666,0.0,0.0,12.0,2.0,33.7,0.1,0.6666666666666666,0.0,0.0,11.0,9.0,35.0,0.5,0.625,3.0,0.0,200.0,0.16666666666666666,0.16666666666666666,2,4,81.4,15.0,1167,1013,460,0.0,0.0,8.0,12.0,35.8,0.9,0.13333333333333333,0.0,0.0,4.0,7.0,34.4,0.5,0.5384615384615384,1.8,0.4,54.0,-602.0,18.0,18.0,448.0,0.0,-0.2222222222222222,-0.0625,0.0,0.07692307692307693,-0.26999999999999885,0.0,-1.0531000000000006,-1.4530999999999992,-0.153100000000002,0.4345999999999961,-0.7531000000000034,0.229380293114219,0.7348469228349517,-1.0,0.0,,0.14285714285714285,0.2857142857142857,0.0,,-0.11607142857142855,0.2777777777777778
243,202009040208,0,1,6,9,2,0,0,14,0,0,0,0,0,0,2,3,0,0,0,3,0,0,0,0,0,0,0,0,0,0,0,1,0,0,0,0,0.0,0.0,14.0,15.0,37.9,1.2,0.625,0.0,0.0,6.0,10.0,41.0,2.6,0.3,0.0,0.0,11.0,8.0,36.9,0.7,0.25,-3.5,0.0,200.0,0.08,0.28,1,1,7.6,4.0,1172,1167,1556,0.0,0.0,10.0,8.0,37.1,0.9,0.26666666666666666,0.0,0.0,7.0,7.0,36.0,0.5,0.75,-1.8,0.0,52.0,-580.0,18.0,16.0,450.0,-0.0625,0.1,0.0625,0.0,0.0,0.7699999999999996,0.0,-0.011099999999999,1.6073999999999984,-1.2537999999999982,-0.7210999999999999,-1.1229000000000013,0.20787282436891819,1.719767426136453,-3.0,0.0,,0.0,0.4,0.0,,0.08194444444444443,-0.20833333333333331
244,202009040208,2,7,1,31,0,0,0,0,0,0,0,0,0,0,0,5,0,0,0,0,0,0,0,0,0,0,0,1,0,0,0,0,0,0,0,0,0.0,0.0,10.0,13.0,41.7,4.7,0.46153846153846156,0.0,0.0,13.0,12.0,36.9,1.1,0.6666666666666666,0.0,0.0,8.0,7.0,35.2,0.6,0.375,-3.0,2.0,-400.0,0.125,0.25,8,18,60.9,13.0,1428,118,1263,0.0,0.0,1.0,9.0,35.4,2.2,1.0,0.0,0.0,11.0,8.0,33.9,0.5,0.5,-1.3,0.0,55.0,-97.0,18.0,13.0,478.0,0.15384615384615385,-0.2777777777777778,-0.125,-0.1111111111111111,-0.1111111111111111,1.7100000000000009,0.0,2.0741000000000014,1.608699999999999,0.04690000000000083,-0.516600000000004,-2.016600000000004,0.22101537842793578,2.7124896313165894,0.0,1.0,0.0,0.0,0.375,0.0,,-0.16026422764227644,
245,202009040208,0,0,0,0,0,0,0,0,0,0,0,0,0,0,0,0,0,0,0,0,0,0,0,0,0,0,0,0,0,0,0,0,0,0,0,0,0.0,0.0,120.0,110.0,41.0,2.2,0.08333333333333333,0.0,0.0,140.0,140.0,38.5,3.2,0.14285714285714285,0.0,0.0,150.0,130.0,38.1,2.1,0.5,10.0,14.0,0.0,0.0,0.0,3,5,301.1,17.0,1441,1323,1167,0.0,0.0,110.0,110.0,36.3,1.3,0.23076923076923078,0.0,0.0,170.0,130.0,37.3,1.2,0.16666666666666666,1.0,0.0,51.0,-840.0,18.0,12.0,462.0,0.16666666666666666,0.5,0.125,0.07692307692307693,0.0,0.9600000000000009,0.0,2.7205000000000013,3.0407999999999973,2.005200000000002,0.9345999999999961,2.0086999999999975,0.14551809362110257,1.571750616351081,-3.0,1.0,0.0,0.0,0.2,0.0,,,
246,202009040208,0,2,3,11,1,1,0,2,0,0,0,0,0,0,0,2,1,0,0,0,0,0,0,0,0,0,0,0,0,0,0,0,0,0,0,0,0.0,0.0,1.0,1.0,38.2,0.0,0.09090909090909091,0.0,0.0,14.0,14.0,36.0,1.3,1.0,0.0,0.0,12.0,6.0,38.5,0.5,0.1875,2.5,13.0,0.0,0.0,0.2,5,9,76.4,14.0,1167,1708,460,0.0,0.0,8.0,7.0,36.4,0.6,0.2777777777777778,0.0,0.0,4.0,11.0,39.3,1.8,0.4375,1.3,0.2,55.0,-417.0,18.0,11.0,477.0,0.0,0.0,0.0,0.0,0.0,-0.25999999999999873,0.0,-0.07949999999999591,0.7087000000000003,0.22050000000000125,1.0345999999999975,1.1462000000000003,0.3215680303022014,1.2671227249165724,1.0,1.0,0.0,0.2857142857142857,0.2857142857142857,0.0,,-0.11607142857142855,
247,202009040208,0,1,0,9,0,0,0,4,0,0,0,0,0,0,0,1,0,0,0,1,0,0,0,0,0,0,0,0,0,0,0,0,0,0,0,0,0.0,0.0,14.0,8.0,34.7,0.8,0.875,0.0,0.0,14.0,12.0,34.8,1.5,0.8571428571428571,0.0,0.0,12.0,11.0,33.6,1.2,0.9333333333333333,1.5,-4.0,200.0,0.06896551724137931,0.20689655172413793,7,13,55.9,12.0,1736,1108,1482,0.0,0.0,16.0,18.0,34.8,2.4,0.8888888888888888,0.0,0.0,11.0,7.0,35.0,0.5,1.0,0.4,0.0,55.0,-490.0,18.0,16.0,480.0,-0.125,0.0,0.0,-0.16666666666666666,0.0,-0.05999999999999943,0.0,-0.45309999999999917,-0.27470000000000283,-1.5531000000000006,-0.27470000000000283,-0.36540000000000106,0.05119607450623114,0.49959983987187095,1.0,0.0,,0.0,0.0,0.0,,-0.1857142857142857,
248,202009040208,1,1,0,1,0,2,0,0,0,0,0,0,1,0,0,1,0,0,0,0,0,0,0,0,0,0,0,0,0,0,0,0,0,0,0,0,0.0,0.0,15.0,16.0,36.7,1.7,0.1875,0.0,0.0,3.0,15.0,37.9,2.6,0.13333333333333333,0.0,0.0,6.0,9.0,35.0,0.9,0.25,-3.5,2.0,-400.0,0.0,0.125,6,12,21.3,8.0,1152,324,1428,0.0,0.0,7.0,2.0,34.2,0.1,0.06666666666666667,0.0,0.0,8.0,12.0,37.3,2.0,0.0625,-2.1,0.2,52.0,-861.0,18.0,16.0,452.0,0.1875,0.0,0.0,0.0,0.0,0.2500000000000007,0.0,1.2408000000000001,2.7935000000000016,-0.153100000000002,-0.9064999999999941,2.225299999999997,0.07181186840936842,1.3991425945914149,-2.0,2.0,0.5,0.09090909090909091,0.36363636363636365,0.0,,,
249,202009040208,2,7,1,31,1,1,2,9,0,1,0,1,0,0,0,5,0,0,0,2,0,0,0,0,0,0,0,1,0,0,0,0,0,0,0,0,0.0,0.0,7.0,2.0,37.7,0.4,0.25,0.0,0.0,7.0,7.0,38.9,1.8,0.8181818181818182,0.0,0.0,10.0,5.0,37.1,0.6,0.7692307692307693,1.5,0.0,0.0,0.0,0.14285714285714285,2,3,37.2,10.0,1428,1558,1263,0.0,0.0,4.0,10.0,37.9,1.8,0.8571428571428571,0.0,0.0,7.0,3.0,37.0,0.9,0.7692307692307693,0.5,0.4,55.0,-251.0,18.0,16.0,476.0,0.0,-0.7272727272727273,-0.3076923076923077,0.0,-0.07692307692307693,0.24000000000000057,0.0,-0.453799999999994,-0.7259000000000029,-1.1794999999999973,-0.25379999999999825,-1.1537999999999968,0.22382329228834127,0.6823488843692784,3.0,0.0,,0.0,0.09090909090909091,0.0,,-0.16026422764227644,0.19230769230769232
250,202009040208,1,0,1,14,0,0,1,1,0,0,0,0,0,0,0,6,0,0,0,0,0,0,0,0,0,0,0,1,0,0,0,0,0,0,0,0,0.0,0.0,14.0,7.0,34.8,0.3,0.05555555555555555,0.0,0.0,16.0,11.0,34.8,0.5,0.1875,0.0,0.0,13.0,14.0,35.0,1.3,0.1111111111111111,3.5,14.0,0.0,0.18181818181818182,0.42424242424242425,7,14,3.2,1.0,1716,1170,1167,0.0,0.0,8.0,10.0,35.4,1.3,0.23076923076923078,0.0,0.0,5.0,16.0,39.3,5.3,0.375,1.7,0.0,52.0,-832.0,18.0,18.0,472.0,0.0,0.0,0.0,0.0,0.0,-0.9600000000000002,0.0,-0.3064999999999998,-0.35310000000000485,-0.10649999999999693,0.29350000000000165,4.1935,0.10970177865289353,1.733897344135459,-3.0,4.0,0.0,0.0,0.5,0.0,,-0.15846456692913385,
251,202009040307,0,0,0,0,0,0,0,0,0,0,0,0,0,0,0,0,0,0,0,0,0,0,0,0,0,0,0,0,0,0,0,0,0,0,0,0,0.0,0.0,11.0,4.0,34.5,0.3,0.8333333333333334,0.0,0.0,11.0,5.0,34.9,0.5,0.9375,0.0,0.0,6.0,6.0,34.3,0.5,0.8,1.0,2.0,0.0,0.12,0.4,1,2,64.1,14.0,1127,334,1328,0.0,0.0,8.0,10.0,34.7,1.0,0.8333333333333334,0.0,0.0,10.0,3.0,33.6,0.2,0.8461538461538461,0.3,0.2,54.0,-497.0,18.0,18.0,434.0,0.0,-0.125,-0.13333333333333333,-0.05555555555555555,0.0,0.1999999999999993,0.0,-0.6064999999999969,-0.25310000000000343,-1.065400000000004,-0.4064999999999941,-1.5531000000000006,0.04631755155288372,0.44721359549995765,-1.0,2.0,0.0,0.125,0.25,0.0,,0.09649122807017543,
252,202009040307,0,0,0,0,0,0,0,0,0,0,0,0,0,0,0,0,0,0,0,0,0,0,0,0,0,0,0,0,0,0,0,0,0,0,0,0,0.0,0.0,90.0,70.0,38.7,0.7,0.8,0.0,0.0,40.0,80.0,36.0,1.2,0.4666666666666667,0.0,0.0,40.0,30.0,35.1,0.3,0.625,-20.0,20.0,200.0,0.0,0.1111111111111111,8,16,5.9,3.0,1127,857,1328,0.0,0.0,30.0,20.0,38.5,0.2,0.4444444444444444,0.0,0.0,30.0,40.0,35.2,0.4,0.2777777777777778,-12.0,0.0,54.0,-372.0,18.0,10.0,448.0,-0.1,0.06666666666666667,-0.125,-0.05555555555555555,0.0,0.45,0.0,0.7889000000000053,0.08339999999999748,-0.3592000000000013,2.138399999999997,-0.5373999999999981,0.17698085269944383,1.5836666315863321,0.0,1.0,0.0,0.0,0.0,1.0,0.0,0.09649122807017543,
253,202009040307,0,0,0,0,0,0,0,0,0,0,0,0,0,0,0,0,0,0,0,0,0,0,0,0,0,0,0,0,0,0,0,0,0,0,0,0,0.0,0.0,80.0,2.0,36.3,0.1,0.1111111111111111,0.0,0.0,70.0,5.0,38.0,1.3,0.16666666666666666,0.0,0.0,60.0,13.0,34.6,1.6,0.7222222222222222,5.5,-18.0,0.0,0.17647058823529413,0.4117647058823529,4,7,5.4,2.0,1317,1558,1186,0.0,0.0,40.0,4.0,35.6,0.2,0.125,0.0,0.0,60.0,4.0,36.0,0.4,0.4117647058823529,0.3,0.2,56.0,21.0,18.0,18.0,420.0,0.0,0.0,0.05555555555555555,0.0,0.0,0.29999999999999927,0.0,0.7378999999999962,2.9253,-0.47469999999999857,0.5253000000000014,0.8935000000000031,0.2343392480243009,1.1099549540409281,0.0,2.0,0.5,0.0,1.0,0.0,,0.10416666666666666,0.19230769230769232
254,202009040307,0,0,0,0,0,0,0,0,0,0,0,0,0,0,0,0,0,0,0,0,0,0,0,0,0,0,0,0,0,0,0,0,0,0,0,0,0.0,0.0,3.0,3.0,35.6,0.2,0.2222222222222222,0.0,0.0,7.0,5.0,37.5,0.8,0.25,0.0,0.0,2.0,1.0,35.0,0.0,0.21428571428571427,-1.0,-4.0,0.0,0.21739130434782608,0.5217391304347826,6,11,4.3,1.0,1172,197,1556,0.0,0.0,1.0,4.0,39.1,0.3,0.05555555555555555,0.0,0.0,4.0,4.0,36.5,0.0,0.05555555555555555,0.1,0.4,54.0,-135.0,18.0,18.0,462.0,0.1111111111111111,0.0,0.07142857142857142,0.0,0.0,-0.33999999999999986,0.0,0.4935000000000045,1.1383999999999972,-0.9224999999999994,2.7383999999999986,1.2366000000000028,0.08571428571428572,1.4513442045221392,0.0,3.0,0.3333333333333333,0.25,0.4166666666666667,2.0,0.0,0.08194444444444443,
255,202009040307,0,0,0,0,0,0,0,0,0,0,0,0,0,0,0,0,0,0,0,0,0,0,0,0,0,0,0,0,0,0,0,0,0,0,0,0,0.0,0.0,150.0,150.0,36.2,1.7,0.4375,0.0,0.0,140.0,170.0,35.8,1.6,0.16666666666666666,0.0,0.0,10.0,10.0,38.5,0.0,0.09090909090909091,-70.0,0.0,200.0,0.0,0.125,2,3,34.3,11.0,1313,1618,1108,0.0,0.0,80.0,90.0,36.9,1.6,0.7222222222222222,0.0,0.0,110.0,50.0,38.4,0.3,0.4444444444444444,-28.0,0.0,53.0,-490.0,18.0,16.0,416.0,0.0625,0.0,0.0,-0.05555555555555555,0.0,-0.5499999999999993,0.0,1.0469000000000008,0.6935000000000002,0.22050000000000125,1.608699999999999,2.0383999999999958,0.2251076729976209,1.111035552986492,-2.0,3.0,0.0,0.0,0.6666666666666666,1.0,0.0,,
256,202009040307,0,0,0,0,0,0,0,0,0,0,0,0,0,0,0,0,0,0,0,0,0,0,0,0,0,0,0,0,0,0,0,0,0,0,0,0,0.0,0.0,11.0,13.0,13.3,2.7,0.5,0.0,0.0,7.0,1.0,13.2,0.0,0.4,0.0,0.0,11.0,6.0,13.2,3.4,0.7272727272727273,-3.5,-4.0,-1450.0,0.07692307692307693,0.15384615384615385,5,10,19.7,9.0,1583,1328,118,0.0,0.0,7.0,7.0,13.5,3.5,0.875,0.0,0.0,13.0,7.0,13.3,2.5,0.8461538461538461,-0.6,0.2,54.0,-1568.0,18.0,14.0,452.0,0.35714285714285715,0.0,-0.2727272727272727,0.0,-0.07692307692307693,-0.030000000000000072,0.0,,,,,,0.18875107823258264,0.10954451150103349,-4.0,0.0,,0.0,0.0,0.0,,,
257,202009040307,0,0,0,0,0,0,0,0,0,0,0,0,0,0,0,0,0,0,0,0,0,0,0,0,0,0,0,0,0,0,0,0,0,0,0,0,0.0,0.0,9.0,8.0,43.0,3.4,0.6,0.0,0.0,6.0,7.0,38.1,0.6,0.05555555555555555,0.0,0.0,13.0,7.0,37.3,0.5,1.0,-0.5,50.0,0.0,0.0,0.0,4,8,43.4,13.0,1691,1405,1167,0.0,0.0,2.0,10.0,43.2,3.5,0.15384615384615385,0.0,0.0,4.0,5.0,35.6,1.0,0.2727272727272727,-0.3,0.0,54.0,-985.0,18.0,10.0,516.0,0.3,0.0,-0.1111111111111111,0.0,-0.09090909090909091,0.9699999999999995,0.0,4.846200000000003,1.9342000000000041,0.9383999999999943,3.5741000000000014,-0.3166000000000011,0.344697839984907,3.0961912085657763,0.0,1.0,0.0,0.0,0.2,1.0,0.0,0.13461538461538464,0.32384823848238486
258,202009040307,0,0,0,0,0,0,0,0,0,0,0,0,0,0,0,0,0,0,0,0,0,0,0,0,0,0,0,0,0,0,0,0,0,0,0,0,0.0,0.0,8.0,9.0,40.8,3.1,1.0,0.0,0.0,16.0,8.0,39.2,0.7,0.16666666666666666,0.0,0.0,7.0,9.0,34.6,1.2,0.9230769230769231,0.0,-3.0,100.0,0.0,0.0,3,6,140.1,16.0,1729,460,1428,0.0,0.0,14.0,6.0,34.4,1.1,1.0,0.0,0.0,13.0,10.0,39.7,1.9,0.8888888888888888,0.0,0.0,54.0,-357.0,18.0,9.0,417.0,0.0,0.0,-0.07692307692307693,0.0,-0.1111111111111111,0.6999999999999993,0.0,3.3658999999999963,2.8384,-0.47469999999999857,-0.7064999999999984,4.436600000000006,0.3175118770941386,2.6963679274164347,0.0,2.0,0.0,0.0,0.0,1.0,0.0,,
259,202009040307,0,0,0,0,0,0,0,0,0,0,0,0,0,0,0,0,0,0,0,0,0,0,0,0,0,0,0,0,0,0,0,0,0,0,0,0,0.0,0.0,8.0,6.0,40.6,1.0,0.5454545454545454,0.0,0.0,15.0,9.0,38.1,1.0,0.7777777777777778,0.0,0.0,11.0,6.0,35.5,1.0,0.5,0.0,17.0,0.0,0.09090909090909091,0.18181818181818182,3,5,89.8,15.0,1306,1503,1445,0.0,0.0,10.0,8.0,37.4,2.2,0.1875,0.0,0.0,8.0,14.0,39.6,3.4,0.07142857142857142,1.5,0.0,56.0,-417.0,18.0,11.0,451.0,0.0,0.0,0.0,0.0,0.07142857142857142,0.2700000000000003,0.0,2.3205000000000027,1.7383999999999986,0.39350000000000307,2.1366000000000014,3.434200000000004,0.25520126383984787,1.7692936443677185,0.0,2.0,0.0,0.25,0.25,1.0,0.0,0.022857142857142854,
260,202009040307,0,0,0,0,0,0,0,0,0,0,0,0,0,0,0,0,0,0,0,0,0,0,0,0,0,0,0,0,0,0,0,0,0,0,0,0,0.0,0.0,50.0,3.0,38.1,0.3,0.2,0.0,0.0,50.0,6.0,36.4,0.6,0.1875,0.0,0.0,40.0,10.0,39.2,1.2,0.6111111111111112,3.5,3.0,200.0,0.0,0.13636363636363635,5,9,6.4,4.0,1548,525,1328,0.0,0.0,80.0,2.0,35.0,0.5,0.5,0.0,0.0,90.0,13.0,38.0,2.1,0.25,1.6,0.4,54.0,-1465.0,18.0,10.0,471.0,0.0,-0.0625,-0.05555555555555555,-0.05555555555555555,0.125,0.16000000000000014,0.0,0.18890000000000384,0.9407999999999959,2.8384,-0.2633999999999972,2.9253,0.17296524306531064,1.471869559437929,0.0,1.0,0.0,0.16666666666666666,0.25,1.0,0.0,,
261,202009040307,0,0,0,0,0,0,0,0,0,0,0,0,0,0,0,0,0,0,0,0,0,0,0,0,0,0,0,0,0,0,0,0,0,0,0,0,0.0,0.0,8.0,11.0,39.2,1.7,0.6666666666666666,0.0,0.0,5.0,7.0,35.3,1.1,0.5555555555555556,0.0,0.0,13.0,4.0,35.6,0.9,0.5714285714285714,-3.5,-4.0,0.0,0.0,0.2,2,4,15.8,8.0,1169,1362,460,,,,,,,,,,,,,,,-3.5,0.0,54.0,0.0,18.0,18.0,430.0,0.05555555555555555,-0.1111111111111111,0.0,,,1.8000000000000007,0.0,2.8384,0.22529999999999717,-0.7748999999999953,,,0.04906676452643228,1.7720045146669368,0.0,1.0,0.0,0.07142857142857142,0.07142857142857142,1.0,0.0,,
262,202009040307,0,0,0,0,0,0,0,0,0,0,0,0,0,0,0,0,0,0,0,0,0,0,0,0,0,0,0,0,0,0,0,0,0,0,0,0,0.0,0.0,70.0,100.0,40.6,2.9,0.2,0.0,0.0,60.0,30.0,35.6,0.1,0.05555555555555555,0.0,0.0,20.0,20.0,35.8,0.4,0.05555555555555555,-40.0,13.0,100.0,0.0,0.0,8,17,14.9,7.0,1393,599,1263,0.0,0.0,70.0,120.0,40.8,2.1,0.1111111111111111,0.0,0.0,40.0,20.0,35.6,0.0,0.0625,-7.0,0.0,56.0,-349.0,18.0,10.0,489.0,0.7,0.0,0.0,0.0,0.0,0.4800000000000004,0.0,3.0086000000000013,0.4468999999999994,0.6468999999999951,4.438399999999994,0.4468999999999994,0.05555833326389237,2.467711490429948,0.0,1.0,0.0,0.0,0.0,1.0,0.0,0.2561056105610561,
263,202009040307,0,0,0,0,0,0,0,0,0,0,0,0,0,0,0,0,0,0,0,0,0,0,0,0,0,0,0,0,0,0,0,0,0,0,0,0,0.0,0.0,7.0,13.0,38.5,3.7,0.38461538461538464,0.0,0.0,5.0,13.0,39.3,2.2,0.8333333333333334,,,,,,,,0.0,-10.0,-600.0,0.16666666666666666,0.4166666666666667,7,15,10.9,5.0,1428,260,1263,,,,,,,,,,,,,,,0.0,0.0,54.0,-22.0,18.0,13.0,460.0,0.46153846153846156,-0.05555555555555555,,,,-0.7999999999999972,0.0,2.5833999999999975,2.9383999999999943,,,,0.22435897435897437,0.3999999999999986,0.0,1.0,0.0,0.0,0.0,1.0,0.0,-0.16026422764227644,
264,202009040307,0,0,0,0,0,0,0,0,0,0,0,0,0,0,0,0,0,0,0,0,0,0,0,0,0,0,0,0,0,0,0,0,0,0,0,0,0.0,0.0,9.0,9.0,41.5,6.0,1.0,0.0,0.0,17.0,14.0,34.6,1.4,0.8823529411764706,0.0,0.0,18.0,14.0,38.9,2.3,0.9444444444444444,2.5,41.0,-100.0,0.0,0.0,1,1,279.9,18.0,1453,472,1428,0.0,0.0,15.0,16.0,36.6,3.3,1.0,,,,,,,,2.1,0.0,54.0,-472.0,18.0,10.0,421.0,-0.1,0.0,0.05555555555555555,0.0,,1.0399999999999998,0.0,,-0.5531000000000006,2.5383999999999958,1.3366000000000042,,0.048547563780214326,2.575849374478251,1.0,1.0,0.0,0.0,0.0,1.0,0.0,,
265,202009040307,0,0,0,0,0,0,0,0,0,0,0,0,0,0,0,0,0,0,0,0,0,0,0,0,0,0,0,0,0,0,0,0,0,0,0,0,0.0,0.0,5.0,10.0,39.6,1.8,0.8333333333333334,0.0,0.0,6.0,15.0,40.6,2.4,0.4444444444444444,0.0,0.0,3.0,5.0,35.5,0.3,0.1875,-2.5,19.0,0.0,0.06666666666666667,0.2,6,12,13.1,6.0,1152,1235,1428,0.0,0.0,9.0,12.0,35.0,1.0,1.0,0.0,0.0,5.0,3.0,36.2,1.2,0.25,-1.7,0.2,56.0,-199.0,18.0,12.0,533.0,0.08333333333333333,0.0,0.0,-0.058823529411764705,0.5,1.2399999999999998,0.0,1.4462000000000046,4.238399999999999,0.346899999999998,-0.10649999999999693,-0.17489999999999384,0.32096257618084073,2.2754340245324634,0.0,2.0,0.0,0.375,0.5,1.0,0.0,,-0.08739837398373985
266,202009040307,0,0,0,0,0,0,0,0,0,0,0,0,0,0,0,0,0,0,0,0,0,0,0,0,0,0,0,0,0,0,0,0,0,0,0,0,0.0,0.0,17.0,16.0,39.4,2.5,0.8333333333333334,0.0,0.0,18.0,12.0,36.1,1.9,0.6666666666666666,0.0,0.0,12.0,12.0,35.8,2.5,0.8125,-2.0,-4.0,0.0,0.15384615384615385,0.15384615384615385,7,14,264.9,17.0,1728,1345,1169,0.0,0.0,7.0,7.0,41.7,3.9,0.75,0.0,0.0,11.0,13.0,37.6,2.3,0.875,-1.1,0.0,53.0,0.0,18.0,18.0,432.0,0.05555555555555555,0.0,0.0,0.25,-0.0625,-0.2000000000000007,0.0,3.0383999999999958,0.9935000000000045,0.7252999999999972,2.1533000000000015,1.505200000000002,0.07264831572567791,2.1994544778194443,0.0,2.0,0.0,0.0,0.09090909090909091,1.0,0.0,-0.09482758620689657,-0.1286549707602339
267,202009040307,0,0,0,0,0,0,0,0,0,0,0,0,0,0,0,0,0,0,0,0,0,0,0,0,0,0,0,0,0,0,0,0,0,0,0,0,0.0,0.0,12.0,,,,1.0,0.0,0.0,16.0,10.0,34.7,0.5,0.7222222222222222,0.0,0.0,8.0,10.0,35.1,0.7,0.5714285714285714,0.0,7.0,0.0,0.25,0.25,8,18,40.6,12.0,1736,939,1482,0.0,0.0,12.0,3.0,35.3,0.6,0.5,0.0,0.0,12.0,17.0,41.7,3.2,0.16666666666666666,1.4,0.25,53.0,-1078.0,18.0,12.0,497.0,,-0.1111111111111111,-0.21428571428571427,0.0,0.1111111111111111,-2.1199999999999997,0.0,,-0.45309999999999917,-0.05310000000000059,0.14689999999999515,5.3384,0.2732096027310157,2.8948229652260267,-3.0,1.0,0.0,0.21428571428571427,0.2857142857142857,1.0,0.0,-0.1857142857142857,
268,202009040307,0,0,0,0,0,0,0,0,0,0,0,0,0,0,0,0,0,0,0,0,0,0,0,0,0,0,0,0,0,0,0,0,0,0,0,0,0.0,0.0,70.0,10.0,41.8,1.9,0.25,0.0,0.0,100.0,18.0,44.3,5.8,0.16666666666666666,0.0,0.0,80.0,8.0,35.1,0.8,0.6,-1.0,8.0,0.0,0.07692307692307693,0.2692307692307692,7,13,22.5,10.0,1304,302,1503,0.0,0.0,100.0,10.0,35.3,2.0,0.9375,0.0,0.0,50.0,3.0,35.1,0.7,0.3333333333333333,-2.2,0.2,54.0,-897.0,18.0,12.0,514.0,0.08333333333333333,0.1111111111111111,0.0,-0.25,-0.1111111111111111,2.2399999999999993,0.0,3.6462000000000003,7.938399999999994,-0.006499999999995509,0.14689999999999515,-0.05310000000000059,0.28062925324665955,3.942790889712513,0.0,2.0,0.0,0.0,0.0,1.0,0.0,-0.033018867924528295,
269,202009040505,0,0,0,0,0,0,0,1,0,0,0,0,0,0,0,0,0,0,0,0,0,0,0,0,0,0,0,0,0,0,0,0,0,0,0,0,0.0,0.0,4.0,9.0,34.6,0.5,0.3333333333333333,0.0,0.0,3.0,7.0,35.0,0.2,0.5,0.0,0.0,2.0,6.0,33.9,0.4,0.8888888888888888,-1.5,-12.0,200.0,0.15384615384615385,0.38461538461538464,5,10,3.2,1.0,1677,1506,1167,0.0,0.0,3.0,3.0,35.2,0.5,0.8125,0.0,0.0,3.0,3.0,34.8,0.4,0.46153846153846156,-1.6,0.4,54.0,-1309.0,17.0,18.0,460.0,0.05555555555555555,-0.1111111111111111,-0.05555555555555555,-0.125,-0.15384615384615385,-0.05999999999999943,0.0,-0.5531000000000006,-0.10649999999999693,-1.391300000000001,-0.16539999999999822,-0.35310000000000485,0.21395931967106108,0.44721359549995887,-1.0,2.0,0.0,0.0,0.1111111111111111,1.0,0.0,,
270,202009040505,5,3,4,39,8,6,6,37,0,0,0,0,0,1,1,5,1,1,0,0,0,0,0,0,0,0,1,5,1,1,0,0,0,0,0,0,0.0,0.0,12.0,8.0,34.7,0.6,0.3125,0.0,0.0,9.0,15.0,40.2,3.3,0.25,0.0,0.0,12.0,14.0,35.1,1.5,0.2,3.0,-6.0,200.0,0.07142857142857142,0.14285714285714285,7,13,70.7,13.0,1152,1345,1428,0.0,0.0,10.0,6.0,33.7,0.5,0.125,0.0,0.0,2.0,3.0,35.1,0.2,0.26666666666666666,-1.9,0.2,54.0,-1247.0,17.0,16.0,482.0,0.0625,0.0,0.0,0.0,,0.5700000000000003,0.0,-0.45309999999999917,2.2889000000000053,-0.05310000000000059,-1.4530999999999992,0.32620000000000005,0.06398784606817488,2.2782449385437027,2.0,0.0,,0.0,0.0,0.0,,,-0.1286549707602339
271,202009040505,0,0,0,0,0,0,0,0,0,0,0,0,0,0,0,0,0,0,0,0,0,0,0,0,0,0,0,0,0,0,0,0,0,0,0,0,0.0,0.0,12.0,14.0,33.2,1.0,1.0,0.0,0.0,12.0,4.0,34.2,0.5,0.875,0.0,0.0,12.0,6.0,34.4,0.4,0.875,-4.0,-2.0,200.0,0.0,0.0,8,16,4.2,2.0,338,286,324,0.0,0.0,15.0,8.0,33.9,0.5,0.75,0.0,0.0,17.0,12.0,33.2,1.1,0.6111111111111112,0.0,0.0,54.0,-1100.0,17.0,16.0,508.0,0.0,-0.1875,0.0625,0.0,,0.030000000000000426,0.0,-1.9530999999999992,-1.1653999999999982,-0.7531000000000034,-1.4654000000000025,-0.5871999999999957,0.1318786385607691,0.49959983987187057,-1.0,0.0,,0.2222222222222222,0.3333333333333333,0.0,,,
272,202009040505,0,0,0,0,0,0,0,0,0,0,0,0,0,0,0,0,0,0,0,0,0,0,0,0,0,0,0,0,0,0,0,0,0,0,0,0,0.0,0.0,14.0,15.0,38.3,2.6,0.8666666666666667,0.0,0.0,13.0,10.0,39.0,1.6,0.6923076923076923,0.0,0.0,10.0,10.0,38.6,1.2,0.46153846153846156,-2.5,0.0,0.0,0.18518518518518517,0.4444444444444444,4,7,7.4,4.0,15,464,969,0.0,0.0,16.0,7.0,37.5,1.2,0.9375,0.0,0.0,14.0,10.0,36.8,2.2,0.9375,-1.3,0.0,54.0,-1225.0,17.0,15.0,486.0,0.06666666666666667,0.23076923076923078,-0.07692307692307693,0.0,-0.0625,0.45,0.0,0.02049999999999841,-0.20940000000000225,0.02240000000000464,-0.7794999999999987,-1.3537999999999997,0.1823333630813919,0.791454357496376,-2.0,0.0,,0.0,0.16666666666666666,0.0,,,
273,202009040505,0,0,0,0,0,2,2,15,0,0,0,0,0,0,0,0,0,1,1,1,0,0,0,0,0,0,0,0,0,0,0,0,0,0,0,0,0.0,0.0,4.0,4.0,36.1,0.4,0.6875,0.0,0.0,12.0,8.0,33.7,0.5,1.0,0.0,0.0,8.0,9.0,33.9,0.6,0.9230769230769231,2.5,-6.0,200.0,0.0,0.2,5,9,32.3,9.0,1677,1376,1167,0.0,0.0,4.0,1.0,35.6,0.0,0.8,0.0,0.0,8.0,2.0,35.0,0.1,0.2777777777777778,-1.1,0.4,54.0,-847.0,17.0,16.0,484.0,-0.125,0.0,0.0,-0.06666666666666667,0.0,0.030000000000000426,0.0,0.9468999999999994,-1.4530999999999992,-1.2531000000000034,0.4468999999999994,-1.0947999999999993,0.25341494426372185,0.9350935782048769,-3.0,0.0,,0.0,0.0,0.0,,,
274,202009040505,0,0,0,0,0,0,0,2,0,0,0,0,0,0,0,0,0,0,0,0,0,0,0,0,0,0,0,0,0,0,0,0,0,0,0,0,0.0,0.0,3.0,12.0,46.3,5.0,0.25,0.0,0.0,7.0,3.0,35.0,0.1,0.11764705882352941,0.0,0.0,3.0,4.0,34.1,0.4,0.1111111111111111,-4.0,22.0,0.0,0.08333333333333333,0.08333333333333333,3,6,17.1,6.0,1677,1574,1167,0.0,0.0,1.0,3.0,34.8,0.1,0.1111111111111111,0.0,0.0,1.0,8.0,35.7,0.8,0.1111111111111111,-0.8,0.4,54.0,-676.0,17.0,12.0,532.0,0.5,0.0,0.0,0.0,0.05555555555555555,2.1399999999999992,0.0,8.020499999999998,-1.0947999999999993,-1.0531000000000006,-0.35310000000000485,0.5469000000000008,0.05496028647884982,4.588420207435233,0.0,0.0,,0.06666666666666667,0.26666666666666666,0.0,,,
275,202009040505,0,1,1,13,0,0,0,0,0,0,0,0,0,0,0,4,0,0,0,0,0,0,0,0,0,0,0,2,0,0,0,0,0,0,0,0,0.0,0.0,17.0,7.0,37.0,1.1,0.8823529411764706,,,,,,,,,,,,,,,,,0.0,0.0,0.0,2,3,150.9,17.0,1148,1323,1393,,,,,,,,,,,,,,,,0.0,54.0,0.0,17.0,17.0,456.0,0.0,,,,,,,1.893500000000003,,,,,,,0.0,1.0,0.0,0.0,0.0,1.0,0.0,,
276,202009040505,0,0,0,2,0,0,0,0,0,0,0,0,0,0,0,0,0,0,0,0,0,0,0,0,0,0,0,0,0,0,0,0,0,0,0,0,0.0,0.0,10.0,15.0,38.9,1.9,0.5,0.0,0.0,1.0,5.0,35.4,0.7,0.14285714285714285,0.0,0.0,2.0,5.0,37.0,0.5,0.25,-5.0,4.0,200.0,0.0,0.0,6,11,100.3,14.0,603,967,760,0.0,0.0,3.0,2.0,36.9,0.1,0.21428571428571427,0.0,0.0,3.0,5.0,37.5,0.6,0.2,-2.3,0.2,54.0,-883.0,17.0,16.0,508.0,-0.0625,0.0,0.0625,0.0,0.06666666666666667,0.12999999999999973,0.0,1.0788999999999973,-0.4977000000000018,-0.8233000000000033,-0.5177000000000049,-0.4110999999999976,0.12417893606914705,1.125344391730816,-1.0,0.0,,0.18181818181818182,0.36363636363636365,0.0,,,
277,202009040505,0,0,1,5,0,2,2,15,0,0,0,0,0,0,0,1,0,1,1,1,0,0,0,0,0,0,0,0,0,0,0,0,0,0,0,0,0.0,0.0,4.0,8.0,41.2,1.5,0.23076923076923078,0.0,0.0,9.0,14.0,41.1,5.0,0.25,0.0,0.0,4.0,10.0,37.9,1.4,0.42857142857142855,1.0,19.0,-100.0,0.0625,0.21875,7,14,27.9,8.0,1507,1376,593,0.0,0.0,6.0,2.0,36.9,0.3,0.0625,0.0,0.0,4.0,5.0,35.2,0.6,0.14285714285714285,-1.8,0.2,54.0,-790.0,17.0,13.0,485.0,0.15384615384615385,0.625,0.0,0.0,0.0,1.6200000000000003,0.0,,5.183399999999999,2.440799999999996,1.1625999999999976,-0.2591999999999999,0.12266383532073469,2.3601694854395525,-2.0,0.0,,0.0,1.0,0.0,,,
278,202009040505,5,3,4,39,7,8,9,48,1,0,1,1,0,1,1,5,2,3,1,11,0,0,0,0,0,0,1,5,0,1,0,1,0,0,0,0,0.0,0.0,4.0,10.0,44.7,7.3,0.9,0.0,0.0,6.0,10.0,39.7,3.1,1.0,0.0,0.0,14.0,16.0,36.9,2.7,0.4444444444444444,3.0,-1.0,0.0,0.0,0.1111111111111111,1,1,55.9,11.0,1152,1167,1428,0.0,0.0,11.0,10.0,37.7,1.5,0.6470588235294118,,,,,,,,0.6,0.0,53.0,-179.0,17.0,10.0,445.0,0.1,0.0,0.1111111111111111,0.058823529411764705,,2.3800000000000003,0.0,6.420500000000004,1.546200000000006,1.6366000000000014,2.593500000000006,,0.21733789058182654,3.0343862641397528,-1.0,1.0,0.0,0.3333333333333333,0.4444444444444444,1.0,0.0,,-0.20833333333333331
279,202009040505,0,0,0,0,0,2,0,11,0,0,0,0,0,0,0,0,0,0,0,2,0,0,0,0,0,0,0,0,0,0,0,0,0,0,0,0,0.0,0.0,6.0,7.0,34.7,1.0,0.5555555555555556,0.0,0.0,4.0,2.0,35.3,0.2,0.6111111111111112,0.0,0.0,9.0,7.0,35.6,0.3,0.4444444444444444,0.0,-2.0,200.0,0.16666666666666666,0.4166666666666667,3,5,22.7,7.0,1463,1170,1167,0.0,0.0,4.0,10.0,37.6,1.7,0.21428571428571427,0.0,0.0,5.0,2.0,36.2,0.7,0.6666666666666666,-0.2,0.4,54.0,-217.0,17.0,18.0,482.0,0.0,-0.16666666666666666,0.05555555555555555,0.0,0.0,-0.5300000000000005,0.0,-0.45309999999999917,0.14689999999999515,0.4468999999999994,2.4935000000000045,1.0469000000000008,0.1599477112845792,0.986711710683521,-1.0,1.0,0.0,0.0,0.2727272727272727,1.0,0.0,,
280,202009040505,0,0,0,2,0,0,0,0,0,0,0,0,0,0,0,0,0,0,0,0,0,0,0,0,0,0,0,0,0,0,0,0,0,0,0,0,0.0,0.0,4.0,10.0,38.8,2.6,0.3333333333333333,0.0,0.0,6.0,11.0,36.9,2.2,0.5714285714285714,0.0,0.0,1.0,5.0,36.1,0.9,0.21428571428571427,-2.5,0.0,200.0,0.0,0.0,6,12,11.3,5.0,207,803,599,0.0,0.0,2.0,4.0,37.9,0.3,0.13333333333333333,0.0,0.0,2.0,5.0,36.9,0.7,0.09090909090909091,-1.7,0.0,54.0,-785.0,17.0,12.0,518.0,0.16666666666666666,0.07142857142857142,0.0,0.0,0.09090909090909091,0.2799999999999997,0.0,0.9788999999999959,0.45889999999999986,-0.17419999999999902,0.0788999999999973,-0.5177000000000049,0.1724625775118821,0.9346657156438325,0.0,0.0,,0.07142857142857142,0.07142857142857142,0.0,,,
281,202009040505,16,11,9,91,2,3,2,34,0,0,0,4,5,0,1,12,0,0,0,8,0,0,0,2,1,0,0,2,0,0,0,2,0,0,0,1,,,,,,,,,,,,,,,,,,,,,,,,,0.0,0.0,8,17,115.4,16.0,1716,1235,1167,,,,,,,,,,,,,,,,,53.0,,17.0,,,,,,,,,,,,,,,,,,0.0,,0.0,0.0,0.0,,-0.15846456692913385,-0.08739837398373985
282,202009040505,1,1,0,8,1,1,0,4,0,0,0,0,0,1,0,5,0,0,0,0,0,0,0,0,0,0,0,0,0,0,0,0,0,0,0,0,0.0,0.0,15.0,16.0,42.2,5.6,0.0625,0.0,0.0,15.0,10.0,36.1,1.3,1.0,0.0,0.0,14.0,16.0,37.0,2.6,1.0,0.0,10.0,200.0,0.13636363636363635,0.36363636363636365,1,2,35.0,10.0,1313,1110,1108,0.0,0.0,11.0,16.0,37.4,1.5,0.4375,0.0,0.0,10.0,14.0,39.5,3.5,0.6428571428571429,0.2,0.0,54.0,-813.0,17.0,16.0,502.0,0.0,0.0,0.0,-0.25,0.0,0.41000000000000086,0.0,4.782299999999999,-1.591699999999996,-0.4177000000000035,-0.017700000000004934,1.5889000000000024,0.3558279365201154,2.1859551687992145,-2.0,0.0,,0.0,0.2,0.0,,,
283,202009040505,6,16,6,73,1,0,0,4,0,0,0,1,2,3,2,15,0,0,0,1,0,0,0,0,0,0,0,1,0,0,0,0,0,0,0,0,0.0,0.0,70.0,8.0,41.3,2.6,0.4,0.0,0.0,110.0,11.0,39.3,2.2,0.36363636363636365,0.0,0.0,110.0,13.0,38.7,1.7,0.13333333333333333,2.5,6.0,0.0,0.07142857142857142,0.2857142857142857,8,15,66.5,12.0,1393,178,1263,0.0,0.0,80.0,8.0,36.5,1.0,0.5,0.0,0.0,70.0,8.0,38.9,1.8,0.8,-0.3,0.0,54.0,-1455.0,17.0,10.0,494.0,0.4,0.0,0.0,0.0,0.06666666666666667,0.7599999999999995,0.0,3.1462000000000003,1.3888999999999996,0.4205000000000041,0.058900000000001285,1.482299999999995,0.21664441504725251,1.530490117576718,-2.0,0.0,,0.0,0.0,0.0,,0.2561056105610561,
284,202009040505,0,0,0,0,0,0,0,0,0,0,0,0,0,0,0,0,0,0,0,0,0,0,0,0,0,0,0,0,0,0,0,0,0,0,0,0,0.0,0.0,2.0,6.0,37.1,0.6,0.4444444444444444,0.0,0.0,14.0,9.0,35.8,1.0,0.25,0.0,0.0,9.0,9.0,37.9,1.9,0.25,1.5,16.0,550.0,0.08333333333333333,0.16666666666666666,4,8,101.0,15.0,1397,1464,1428,0.0,0.0,7.0,6.0,36.7,0.8,0.5833333333333334,0.0,0.0,15.0,10.0,39.5,1.4,0.0625,0.5,0.0,54.0,-696.0,17.0,9.0,444.0,0.2222222222222222,0.0625,0.08333333333333333,-0.16666666666666666,0.0,-0.5700000000000003,0.0,,0.6468999999999951,1.4588999999999999,0.2589000000000041,1.3462000000000032,0.1793979988051947,1.2489995996796799,3.0,0.0,,0.0,0.0,0.0,,,
285,202009040505,7,5,6,58,7,8,9,48,2,0,1,2,1,1,0,6,2,3,1,11,1,0,0,1,0,0,0,3,0,1,0,1,0,0,0,0,0.0,0.0,7.0,9.0,37.6,1.9,0.75,0.0,0.0,8.0,18.0,41.7,5.9,0.05555555555555555,0.0,0.0,7.0,9.0,37.2,3.1,1.0,0.0,0.0,0.0,0.20833333333333334,0.5,2,4,7.0,3.0,1127,1167,1328,0.0,0.0,3.0,17.0,38.9,4.8,0.9411764705882353,,,,,,,,1.5,0.0,54.0,-274.0,17.0,16.0,524.0,0.0,0.0,0.0,0.0,,0.06000000000000085,0.0,-0.0642999999999958,5.7834,1.0342000000000056,3.7935000000000016,,0.3759206574135758,1.7613914953808538,-2.0,1.0,0.0,0.42857142857142855,0.7142857142857143,1.0,0.0,0.09649122807017543,-0.20833333333333331
286,202009040509,0,0,0,8,1,1,1,13,0,0,0,2,0,0,0,1,1,0,0,3,0,0,0,0,0,0,0,0,0,0,0,1,0,0,0,0,0.0,0.0,1.0,1.0,13.2,0.0,0.08333333333333333,0.0,0.0,1.0,1.0,13.4,0.0,0.07692307692307693,0.0,0.0,3.0,4.0,13.3,0.9,0.5,1.5,10.0,-1990.0,0.15384615384615385,0.4230769230769231,3,4,3.9,2.0,1170,1542,1404,0.0,0.0,5.0,1.0,13.6,0.0,0.07142857142857142,0.0,0.0,10.0,16.0,37.4,1.7,0.25,3.0,0.6,57.0,-574.0,15.0,12.0,504.0,0.0,0.0,-0.125,0.0,0.0,-4.86,0.0,,,,,2.0345999999999975,0.16596539661683457,9.610910466755998,-4.0,0.0,,0.08333333333333333,0.3333333333333333,0.0,,,
287,202009040509,0,0,1,1,0,0,1,1,0,0,1,0,0,0,0,0,0,0,0,0,0,0,0,0,0,0,0,0,0,0,0,0,0,0,0,0,0.0,0.0,8.0,10.0,34.9,0.8,0.5454545454545454,0.0,0.0,7.0,8.0,34.7,1.4,0.7777777777777778,0.0,0.0,5.0,8.0,34.9,0.4,0.4,-1.0,-2.0,0.0,0.06451612903225806,0.1935483870967742,6,11,6.1,3.0,1017,448,1589,0.0,0.0,10.0,9.0,34.7,1.3,0.875,0.0,0.0,2.0,11.0,34.0,0.6,0.5714285714285714,0.3,0.0,55.0,-596.0,15.0,11.0,460.0,0.18181818181818182,-0.1111111111111111,0.0,-0.0625,-0.07142857142857142,0.17999999999999972,0.0,-0.20649999999999835,-0.5633999999999943,-0.3913000000000011,-0.4064999999999941,-1.153100000000002,0.1704491170868071,0.3322649545167227,3.0,3.0,0.0,0.0,0.18181818181818182,2.0,0.0,,
288,202009040509,5,5,6,40,1,0,0,2,1,0,0,0,1,1,1,3,1,0,0,0,1,0,0,0,0,0,1,0,0,0,0,0,0,0,0,0,0.0,0.0,14.0,13.0,36.7,1.8,0.3333333333333333,0.0,0.0,6.0,11.0,36.0,1.6,0.25,0.0,0.0,3.0,1.0,35.5,0.0,0.16666666666666666,-6.0,6.0,0.0,0.07407407407407407,0.25925925925925924,4,6,3.4,1.0,1736,1435,1482,0.0,0.0,9.0,14.0,36.8,1.6,0.2222222222222222,0.0,0.0,5.0,9.0,35.2,1.2,0.5,-0.5,0.2,52.0,-274.0,15.0,15.0,438.0,0.0,0.0,0.0,0.0,0.0,0.22000000000000028,0.0,1.4087000000000032,0.8935000000000031,0.39350000000000307,1.6935000000000002,0.09350000000000591,0.11600340565456167,0.6343500610861474,-3.0,5.0,0.2,0.3333333333333333,0.5,4.0,0.25,-0.1857142857142857,
289,202009040509,39,30,28,143,1,0,1,4,0,0,0,2,3,3,0,11,0,0,0,0,0,0,0,0,0,1,0,2,0,0,0,0,0,0,0,0,0.0,0.0,100.0,10.0,36.7,2.8,1.0,0.0,0.0,40.0,14.0,35.1,1.0,0.7222222222222222,0.0,0.0,70.0,4.0,36.1,0.3,0.4666666666666667,-3.0,-10.0,550.0,0.17142857142857143,0.42857142857142855,7,12,17.9,7.0,1428,1169,1263,0.0,0.0,,,,,,0.0,0.0,50.0,4.0,34.3,0.4,1.0,-2.8,0.0,57.0,-862.0,15.0,10.0,464.0,0.0,-0.05555555555555555,0.0,,0.0,0.6200000000000017,0.0,,-0.006499999999995509,0.9935000000000045,,-0.7747000000000028,0.22199641305076848,0.9205976319761003,1.0,2.0,0.0,0.2,0.4,2.0,0.0,-0.16026422764227644,
290,202009040509,39,30,28,143,0,1,1,5,0,0,0,0,3,3,0,11,0,0,1,2,0,0,0,0,0,1,0,2,0,0,0,0,0,0,0,0,0.0,0.0,7.0,7.0,40.3,1.5,1.0,0.0,0.0,12.0,11.0,35.0,0.4,0.42857142857142855,0.0,0.0,11.0,8.0,35.8,0.7,0.3125,0.5,14.0,-200.0,0.16,0.4,5,8,10.8,6.0,1428,702,1263,0.0,0.0,10.0,4.0,34.6,0.2,0.4117647058823529,0.0,0.0,10.0,7.0,34.6,0.9,0.8,-0.7,0.0,57.0,-1306.0,15.0,9.0,474.0,0.0,-0.07142857142857142,0.0,-0.058823529411764705,-0.06666666666666667,1.179999999999999,0.0,3.0448999999999984,-0.153100000000002,0.6468999999999951,-0.5531000000000006,-0.7653999999999996,0.26345080945442,2.164809460437568,1.0,0.0,,0.07142857142857142,0.2857142857142857,0.0,,-0.16026422764227644,
291,202009040509,3,5,1,25,1,2,0,6,0,1,0,1,0,0,1,7,0,0,0,1,0,0,0,0,0,0,0,2,0,0,0,0,0,0,0,0,0.0,0.0,4.0,3.0,40.6,0.7,0.6666666666666666,0.0,0.0,11.0,13.0,38.0,2.6,0.5333333333333333,0.0,0.0,9.0,11.0,38.2,1.8,0.6428571428571429,4.0,19.0,-200.0,0.0,0.0,8,14,8.9,5.0,1431,1301,1428,0.0,0.0,9.0,5.0,37.9,0.5,0.75,0.0,0.0,4.0,6.0,39.0,1.8,0.8,-0.2,0.2,55.0,-600.0,15.0,12.0,495.0,-0.25,0.0,0.0,0.0,-0.1,0.3300000000000004,0.0,2.5274,0.3357000000000028,-1.1925999999999988,-1.492600000000003,-0.3926000000000016,0.09204159564456815,1.0071742649611342,1.0,0.0,,0.0,0.0,0.0,,-0.09803921568627452,
292,202009040509,5,5,6,40,2,0,2,0,0,0,1,0,1,1,1,3,0,0,1,0,0,0,1,0,0,0,1,0,0,0,1,0,0,0,1,0,0.0,0.0,5.0,14.0,39.8,2.0,0.0625,0.0,0.0,8.0,7.0,36.6,0.7,0.3333333333333333,0.0,0.0,7.0,12.0,35.5,1.4,0.75,-1.0,6.0,0.0,0.14285714285714285,0.38095238095238093,1,1,21.2,8.0,1736,716,1482,0.0,0.0,6.0,6.0,34.2,1.0,0.4444444444444444,0.0,0.0,11.0,15.0,34.6,1.0,0.9375,0.1,0.0,55.0,-71.0,15.0,16.0,446.0,0.0,-0.06666666666666667,0.0,0.0,-0.0625,1.279999999999999,0.0,1.6462000000000003,1.4935000000000045,0.39350000000000307,-1.2591999999999999,-0.8592000000000013,0.3085522246049151,2.007585614612735,0.0,2.0,0.0,0.125,0.25,2.0,0.0,-0.1857142857142857,
293,202009040509,5,3,4,39,1,1,1,13,0,0,0,2,0,1,1,5,1,0,0,3,0,0,0,0,0,0,0,0,0,0,0,1,0,0,0,0,0.0,0.0,12.0,4.0,34.8,0.6,0.8571428571428571,0.0,0.0,11.0,13.0,36.2,1.2,0.38461538461538464,0.0,0.0,13.0,12.0,33.6,0.7,0.9375,4.0,8.0,0.0,0.07407407407407407,0.14814814814814814,7,13,7.7,4.0,1152,1542,1428,0.0,0.0,12.0,8.0,34.6,0.5,0.7692307692307693,0.0,0.0,15.0,10.0,34.1,0.7,0.5333333333333333,0.7,0.0,54.0,-1296.0,15.0,14.0,518.0,-0.07142857142857142,0.0,0.0,0.07692307692307693,0.0,0.29999999999999927,0.0,-0.3064999999999998,1.093500000000006,-1.5531000000000006,-0.7653999999999996,-1.0531000000000006,0.20643264030922864,0.8754427451295719,-1.0,2.0,0.0,0.21428571428571427,0.21428571428571427,2.0,0.0,,
294,202009040509,0,0,0,6,0,0,0,0,0,0,0,0,0,0,0,0,0,0,0,0,0,0,0,0,0,0,0,0,0,0,0,0,0,0,0,0,0.0,0.0,11.0,11.0,41.1,1.9,0.3333333333333333,0.0,0.0,10.0,10.0,37.1,1.6,0.5,0.0,0.0,8.0,8.0,38.6,1.4,0.4375,-1.5,-1.0,200.0,0.09090909090909091,0.09090909090909091,4,7,101.2,13.0,1482,395,1263,0.0,0.0,13.0,9.0,36.1,0.9,0.8,0.0,0.0,11.0,8.0,37.1,0.7,0.8666666666666667,-0.7,0.0,57.0,-913.0,15.0,12.0,531.0,0.16666666666666666,0.14285714285714285,-0.0625,0.0,0.0,0.9,0.0,3.188900000000004,-1.1794999999999973,0.4462000000000046,0.9935000000000045,-1.0537999999999954,0.20873295006884862,1.7435595774162693,1.0,1.0,0.0,0.07692307692307693,0.07692307692307693,1.0,0.0,,
295,202009040509,6,16,6,73,5,0,0,15,0,0,0,4,2,3,2,15,0,0,0,4,0,0,0,1,0,1,0,4,0,0,0,2,0,0,0,1,0.0,0.0,5.0,6.0,41.7,3.3,0.7777777777777778,0.0,0.0,13.0,13.0,36.8,1.9,0.07692307692307693,0.0,0.0,14.0,12.0,33.4,1.0,0.7222222222222222,3.0,4.0,100.0,0.0,0.0,5,9,48.5,11.0,1393,1445,1263,0.0,0.0,16.0,17.0,37.9,2.5,0.1111111111111111,0.0,0.0,11.0,10.0,37.2,1.1,0.2,1.2,0.0,57.0,-477.0,15.0,9.0,500.0,-0.1111111111111111,0.0,,0.0,-0.06666666666666667,0.7899999999999998,0.0,4.265900000000002,1.7252999999999972,-0.14339999999999975,2.7935000000000016,2.093500000000006,0.307203980968678,2.6510375327407205,1.0,2.0,0.0,0.0,0.08333333333333333,2.0,0.0,0.2561056105610561,0.0357142857142857
296,202009040509,0,1,0,9,0,0,1,4,0,0,0,1,0,0,0,4,0,0,1,2,0,0,0,1,0,0,0,0,0,0,0,0,0,0,0,0,0.0,0.0,15.0,15.0,34.6,2.0,0.9333333333333333,0.0,0.0,14.0,14.0,35.7,3.0,1.0,0.0,0.0,17.0,7.0,34.2,0.6,0.9444444444444444,-4.0,2.0,200.0,0.0,0.0,2,3,227.6,15.0,1468,516,1328,0.0,0.0,15.0,11.0,36.3,1.1,0.9333333333333333,0.0,0.0,10.0,7.0,35.2,1.1,1.0,-1.9,0.0,55.0,-113.0,15.0,15.0,438.0,0.06666666666666667,0.0,-0.05555555555555555,-0.13333333333333333,0.0,-0.17999999999999972,0.0,-0.5531000000000006,0.3346000000000018,-1.1653999999999982,1.1935000000000002,-0.8947999999999965,0.03111111111111111,0.750999334220742,5.0,1.0,0.0,0.06666666666666667,0.06666666666666667,1.0,0.0,,
297,202009040509,0,0,0,0,5,6,5,56,0,0,0,0,0,0,0,0,1,0,0,6,0,0,0,0,0,0,0,0,0,0,0,0,0,0,0,0,0.0,0.0,4.0,,,,,0.0,0.0,10.0,9.0,35.4,2.0,1.0,0.0,0.0,14.0,9.0,35.0,1.9,1.0,0.0,26.0,-400.0,0.0,0.0,3,5,45.2,10.0,1557,1013,1559,0.0,0.0,11.0,6.0,34.8,0.4,0.9375,0.0,0.0,10.0,9.0,37.3,0.7,0.875,-0.3,0.0,57.0,-1420.0,15.0,8.0,472.0,,0.0,0.0,-0.0625,0.0,-0.5499999999999993,0.0,,-2.8795,-3.153799999999997,-2.8643,-0.9795000000000016,0.05182226234930312,0.9908960591303202,1.0,0.0,,0.0,0.125,0.0,,,0.2777777777777778
298,202009040509,0,0,2,12,1,0,0,1,0,0,0,1,0,0,1,2,1,0,0,0,0,0,0,0,0,0,0,0,1,0,0,0,0,0,0,0,0.0,0.0,5.0,6.0,36.1,1.6,1.0,0.0,0.0,13.0,3.0,35.7,0.2,0.375,0.0,0.0,18.0,17.0,34.9,1.2,1.0,5.5,6.0,200.0,0.0,0.0,8,15,160.2,14.0,1366,1487,216,0.0,0.0,14.0,13.0,37.0,1.4,0.6666666666666666,0.0,0.0,10.0,11.0,36.7,2.6,0.9090909090909091,2.0,0.2,55.0,-106.0,15.0,15.0,446.0,0.0,0.0,0.0,0.06666666666666667,0.0,-0.25,0.0,-1.8110999999999962,-2.2110999999999947,-0.20649999999999835,1.893500000000003,0.33840000000000003,0.24075657455405225,0.7440430095095316,3.0,3.0,0.0,0.0,0.1,2.0,0.0,,
299,202009040509,0,0,0,11,5,2,4,57,0,0,0,1,0,0,0,2,3,1,1,11,0,0,0,1,0,0,0,1,0,0,0,1,0,0,0,1,0.0,0.0,110.0,7.0,34.7,1.0,0.875,0.0,0.0,110.0,5.0,33.9,0.3,0.42857142857142855,0.0,0.0,80.0,10.0,34.1,0.8,0.9090909090909091,1.5,-12.0,200.0,0.14285714285714285,0.14285714285714285,6,10,75.5,12.0,1576,1556,1577,0.0,0.0,90.0,13.0,35.6,0.9,0.25,0.0,0.0,70.0,9.0,33.3,0.7,0.9230769230769231,1.2,0.0,57.0,-645.0,15.0,16.0,500.0,0.0625,0.0,0.09090909090909091,0.0625,0.07692307692307693,0.11000000000000085,0.0,-0.45309999999999917,-1.2531000000000034,-1.0531000000000006,0.23460000000000036,-1.8531000000000049,0.28201761929156244,0.780768851837727,0.0,0.0,,0.15384615384615385,0.38461538461538464,0.0,,,-0.09033613445378152
300,202009040509,10,7,10,36,1,4,1,14,0,0,0,0,1,2,3,2,0,0,0,2,0,0,0,0,0,0,0,0,0,0,0,0,0,0,0,0,0.0,0.0,4.0,8.0,35.6,1.0,0.6666666666666666,0.0,0.0,6.0,7.0,35.9,0.7,0.875,0.0,0.0,10.0,4.0,36.7,0.3,0.4375,-2.0,4.0,400.0,0.0,0.11764705882352941,2,2,30.5,9.0,1167,1014,460,0.0,0.0,9.0,15.0,37.2,2.1,0.8,0.0,0.0,6.0,4.0,37.1,0.2,0.6,0.0,0.0,57.0,-357.0,15.0,12.0,442.0,-0.08333333333333333,-0.1875,0.1875,0.13333333333333333,-0.26666666666666666,-0.43000000000000044,0.0,-0.674199999999999,-2.011099999999999,-1.2110999999999947,2.093500000000006,-1.0537999999999954,0.15344199048645205,0.6418722614352493,0.0,1.0,0.0,0.16666666666666666,0.4166666666666667,1.0,0.0,-0.11607142857142855,
301,202009040602,1,1,1,45,1,0,2,17,0,0,0,7,1,0,0,8,0,0,0,1,0,0,0,1,1,0,0,2,0,0,0,0,0,0,0,0,0.0,0.0,10.0,5.0,36.5,1.0,0.3333333333333333,0.0,0.0,20.0,2.0,34.1,0.1,0.3333333333333333,,,,,,,,-3.0,8.0,-200.0,0.2,0.48,3,5,5.6,3.0,1317,1713,1186,,,,,,,,,,,,,,,-3.0,0.5,54.0,15.0,16.0,12.0,446.0,0.0,0.0,,,,2.3999999999999986,0.0,0.12510000000000332,-1.0064999999999955,,,,0.0,1.1999999999999993,0.0,1.0,1.0,0.16666666666666666,0.3333333333333333,1.0,1.0,0.10416666666666666,
302,202009040602,0,0,0,0,0,0,0,1,0,0,0,0,0,0,0,0,0,0,0,1,0,0,0,0,0,0,0,0,0,0,0,0,0,0,0,0,0.0,0.0,10.0,4.0,36.9,0.4,0.0625,0.0,0.0,12.0,2.0,34.8,0.2,0.05555555555555555,0.0,0.0,2.0,4.0,35.9,1.0,0.1111111111111111,0.0,0.0,-600.0,0.07142857142857142,0.14285714285714285,7,13,146.2,12.0,1089,1092,1428,0.0,0.0,5.0,2.0,35.1,0.2,0.09090909090909091,0.0,0.0,4.0,11.0,35.5,0.8,0.6666666666666666,1.4,0.4,54.0,-455.0,16.0,16.0,452.0,0.0,0.0,0.1111111111111111,0.0,-0.1111111111111111,0.24999999999999928,0.0,0.983399999999996,-1.1166000000000054,-0.016600000000003945,-0.8166000000000011,0.39350000000000307,0.2355058953231662,0.7310266752998824,-1.0,1.0,0.0,0.0,0.0,1.0,0.0,,
303,202009040602,5,3,4,39,1,0,0,1,0,0,0,0,0,1,1,5,0,0,0,0,0,0,0,0,0,1,0,0,0,0,0,0,0,0,0,0,0.0,0.0,7.0,7.0,41.3,4.6,0.8571428571428571,0.0,0.0,16.0,12.0,33.4,0.9,0.7222222222222222,0.0,0.0,9.0,8.0,33.7,1.2,0.75,0.5,3.0,0.0,0.0,0.15,3,6,4.8,2.0,1152,454,1428,0.0,0.0,8.0,8.0,33.6,0.5,0.8888888888888888,0.0,0.0,9.0,7.0,35.2,0.7,0.8125,-0.4,0.0,53.0,-1451.0,16.0,7.0,509.0,0.14285714285714285,-0.1111111111111111,0.0,0.1111111111111111,-0.25,1.1999999999999986,0.0,3.1462000000000003,-1.7064999999999984,-1.406499999999994,-1.5064999999999955,0.12530000000000285,0.06274234948378386,2.9990665214362937,-2.0,3.0,0.0,0.1,0.2,3.0,0.0,,
304,202009040602,13,9,17,98,0,0,0,0,0,0,0,0,0,0,1,9,0,0,0,0,0,0,0,0,0,0,0,3,0,0,0,0,0,0,0,0,0.0,0.0,150.0,9.0,35.1,0.6,0.9375,0.0,0.0,14.0,9.0,34.0,0.8,0.8125,0.0,0.0,17.0,15.0,33.3,0.6,0.3888888888888889,3.0,0.0,200.0,0.0,0.25,6,12,19.5,4.0,1503,128,1263,0.0,0.0,17.0,14.0,37.1,1.8,0.5555555555555556,0.0,0.0,15.0,12.0,33.8,0.6,0.6666666666666666,1.1,0.0,54.0,-1568.0,16.0,16.0,448.0,-0.0625,0.0625,0.05555555555555555,0.0,0.05555555555555555,-0.04999999999999929,0.0,-0.7162000000000006,-1.153100000000002,-1.8064999999999998,0.7383999999999986,-1.3531000000000049,0.19181757344279352,1.3544002362669627,-1.0,2.0,0.0,0.0,0.1111111111111111,1.0,0.0,-0.11075848936845445,
305,202009040602,0,0,0,0,0,2,0,7,0,0,0,0,0,0,0,0,0,0,0,1,0,0,0,0,0,0,0,0,0,0,0,0,0,0,0,0,0.0,0.0,12.0,6.0,36.4,0.7,0.26666666666666666,0.0,0.0,10.0,7.0,37.2,1.2,0.21428571428571427,0.0,0.0,10.0,10.0,37.1,1.2,0.8125,2.0,-2.0,200.0,0.13333333333333333,0.13333333333333333,8,16,266.4,15.0,1629,1313,1428,0.0,0.0,7.0,5.0,36.2,0.5,0.5625,0.0,0.0,7.0,10.0,37.1,0.6,0.5,0.6,0.0,53.0,-1344.0,16.0,15.0,472.0,-0.06666666666666667,0.07142857142857142,-0.0625,0.0,-0.0625,-0.04000000000000057,0.0,-1.4211000000000027,-1.079499999999996,-0.8110999999999962,-1.7110999999999947,-0.8110999999999962,0.21609704032911295,0.4147288270665548,-5.0,0.0,,0.0,0.07692307692307693,0.0,,,
306,202009040602,0,0,0,0,3,0,6,43,0,0,0,0,0,0,0,0,0,0,0,7,0,0,0,0,0,0,0,0,0,0,0,0,0,0,0,0,0.0,0.0,130.0,3.0,36.9,0.7,0.6875,,,,,,,,,,,,,,,,,0.0,0.0,0.18181818181818182,4,7,38.6,7.0,1677,1183,1167,,,,,,,,,,,,,,,,1.0,54.0,15.0,16.0,16.0,488.0,-0.0625,,,,,,,0.5383999999999958,,,,,,,0.0,1.0,1.0,0.0,0.25,0.0,,,0.07692307692307693
307,202009040602,6,16,6,73,5,6,4,36,0,2,0,2,2,3,2,15,0,4,1,4,0,2,0,0,0,1,0,4,0,1,1,1,0,0,0,0,0.0,0.0,4.0,3.0,39.8,1.4,0.5555555555555556,0.0,0.0,12.0,16.0,40.2,3.4,0.375,0.0,0.0,11.0,10.0,37.5,0.7,0.0625,3.5,1.0,0.0,0.0,0.0,5,10,52.5,9.0,1393,1294,1263,0.0,0.0,14.0,14.0,38.9,1.5,0.1875,0.0,0.0,12.0,5.0,38.3,0.4,0.2,0.2,0.2,54.0,-1195.0,16.0,9.0,473.0,-0.3333333333333333,0.25,0.0,0.0,-0.06666666666666667,0.43000000000000044,0.0,1.5204999999999984,2.2889000000000053,-0.4110999999999976,1.0766999999999953,0.4788999999999959,0.17154751348450392,0.9810198774744583,-3.0,0.0,,0.0,0.0,0.0,,0.2561056105610561,0.20588235294117646
308,202009040602,0,1,0,7,2,2,2,30,0,0,0,0,0,0,0,2,0,0,1,4,0,0,0,0,0,0,0,0,0,0,0,1,0,0,0,0,0.0,0.0,12.0,12.0,42.2,3.2,1.0,0.0,0.0,17.0,17.0,35.9,3.0,0.6666666666666666,0.0,0.0,14.0,9.0,35.5,1.2,0.8888888888888888,-1.5,32.0,-100.0,0.1,0.2,6,11,42.1,8.0,1687,1366,1345,0.0,0.0,10.0,10.0,37.4,1.4,0.0625,0.0,0.0,10.0,14.0,37.3,2.3,0.9375,-0.3,0.0,54.0,-704.0,16.0,12.0,532.0,0.0,0.1111111111111111,-0.1111111111111111,0.0,0.0,0.8300000000000012,0.0,,0.8252999999999986,0.39350000000000307,2.108699999999999,-0.6111000000000004,0.34321577455186203,2.3904811231214538,-2.0,2.0,0.0,0.125,0.25,1.0,0.0,,0.05555555555555555
309,202009040602,3,5,1,25,5,6,4,36,0,0,0,1,0,0,1,7,0,4,1,4,0,0,0,0,0,0,0,1,0,1,1,1,0,0,0,0,0.0,0.0,10.0,2.0,35.4,0.0,0.2857142857142857,,,,,,,,,,,,,,,,,-200.0,0.1724137931034483,0.41379310344827586,2,3,1.8,1.0,1431,1294,1428,,,,,,,,,,,,,,,,1.0,54.0,14.0,16.0,14.0,454.0,0.0,,,,,,,-0.24990000000000379,,,,,,,0.0,0.0,,0.0,0.07692307692307693,0.0,,-0.09803921568627452,0.20588235294117646
310,202009040602,7,5,6,58,1,4,2,17,0,0,0,1,1,1,0,6,0,0,1,3,0,0,0,0,0,1,0,1,0,0,0,1,0,0,0,0,0.0,0.0,4.0,7.0,39.1,1.2,0.7857142857142857,0.0,0.0,15.0,11.0,35.4,0.8,0.75,0.0,0.0,9.0,10.0,35.0,0.8,0.6875,1.5,14.0,200.0,0.125,0.3333333333333333,5,9,81.2,11.0,1127,848,1328,0.0,0.0,8.0,3.0,33.7,0.8,0.5625,0.0,0.0,6.0,11.0,38.6,3.0,0.625,0.0,0.2,54.0,-1450.0,16.0,14.0,416.0,0.0,0.0,-0.0625,,0.0,0.2699999999999996,0.0,1.2789000000000001,0.24689999999999657,-0.153100000000002,0.1566000000000045,0.6889000000000038,0.08116655840973937,2.115277759538922,0.0,0.0,,0.0,0.0,0.0,,0.09649122807017543,-0.12500000000000003
311,202009040602,0,1,0,7,0,1,0,13,0,0,0,0,0,0,0,2,0,0,0,0,0,0,0,0,0,0,0,0,0,0,0,0,0,0,0,0,0.0,0.0,13.0,14.0,36.9,2.1,0.5,0.0,0.0,9.0,8.0,37.8,1.9,0.2727272727272727,0.0,0.0,15.0,15.0,37.9,2.2,0.125,0.5,4.0,-400.0,0.06666666666666667,0.26666666666666666,1,2,278.2,16.0,1687,1503,1345,0.0,0.0,8.0,9.0,35.5,1.8,0.9166666666666666,0.0,0.0,16.0,11.0,37.3,2.8,1.0,-0.5,0.0,54.0,-217.0,16.0,16.0,468.0,0.0,0.0,0.1875,-0.08333333333333333,-0.125,0.15,0.0,1.4407999999999959,1.8833999999999946,1.983399999999996,0.04079999999999728,2.1935000000000002,0.34528837045216754,0.8681013765684275,0.0,1.0,0.0,0.3076923076923077,0.5384615384615384,1.0,0.0,,
312,202009040602,1,0,2,9,1,1,0,1,0,0,0,0,1,0,2,1,0,0,0,0,0,0,0,0,0,0,2,0,0,0,0,0,0,0,0,0,0.0,0.0,8.0,6.0,13.7,9.1,0.5,0.0,0.0,11.0,,,,0.16666666666666666,0.0,0.0,13.0,14.0,13.7,7.9,0.42857142857142855,8.0,-12.0,-1460.0,0.0,0.0,8,15,240.5,14.0,1333,1412,1294,0.0,0.0,16.0,15.0,38.5,1.3,0.375,0.0,0.0,18.0,16.0,35.4,1.4,0.9444444444444444,3.1,0.0,54.0,-720.0,16.0,10.0,478.0,0.2,0.0,0.5714285714285714,-0.125,0.0,-8.99,0.0,,,,0.22050000000000125,0.03459999999999752,0.25609107845372675,11.676552359322507,-4.0,0.0,,0.0,0.2222222222222222,0.0,,,
313,202009040602,4,6,2,18,3,3,2,15,0,0,0,0,0,1,1,8,0,0,0,1,0,0,0,0,0,0,1,4,0,0,0,0,0,0,0,0,0.0,0.0,100.0,7.0,39.1,2.7,0.9,0.0,0.0,110.0,12.0,42.1,5.9,0.5714285714285714,0.0,0.0,110.0,17.0,37.3,2.2,0.3333333333333333,5.0,31.0,0.0,0.0,0.0,4,8,81.1,10.0,1098,1559,1294,0.0,0.0,90.0,7.0,38.4,1.0,0.42857142857142855,0.0,0.0,150.0,7.0,39.0,1.1,0.4375,-0.5,0.0,54.0,-1465.0,16.0,10.0,479.0,-0.1,0.42857142857142855,0.05555555555555555,0.0,0.0625,0.39000000000000057,0.0,0.8205000000000027,2.5533,2.1935000000000002,0.5788999999999973,0.7205000000000013,0.19801580939656072,1.5942396306703719,-2.0,1.0,0.0,0.0,0.0,1.0,0.0,,-0.04782608695652174
314,202009040602,6,16,6,73,0,0,1,9,0,0,1,1,2,3,2,15,0,0,0,1,0,0,0,0,0,1,0,4,0,0,0,1,0,0,0,0,0.0,0.0,3.0,2.0,36.8,0.3,0.14285714285714285,0.0,0.0,2.0,5.0,37.8,0.4,0.18181818181818182,0.0,0.0,5.0,3.0,36.4,0.6,0.8571428571428571,0.5,4.0,200.0,0.07142857142857142,0.07142857142857142,7,14,189.9,13.0,1393,1721,1263,0.0,0.0,4.0,5.0,35.2,0.2,0.25,0.0,0.0,10.0,3.0,34.8,0.3,0.23076923076923078,0.2,0.6,54.0,-469.0,16.0,14.0,512.0,0.0,0.0,0.0,0.0,0.0,0.6599999999999995,0.0,-1.1111000000000004,-0.11110000000000042,-1.511099999999999,0.04690000000000083,-0.35310000000000485,0.26498111216726256,1.0881176406988344,-1.0,0.0,,0.08333333333333333,0.08333333333333333,0.0,,0.2561056105610561,
315,202009040602,6,16,6,73,0,0,0,2,0,0,0,0,2,3,2,15,0,0,0,0,0,0,0,0,0,1,0,4,0,0,0,0,0,0,0,0,0.0,0.0,6.0,5.0,37.4,1.3,0.75,0.0,0.0,7.0,7.0,38.3,2.9,0.8571428571428571,0.0,0.0,11.0,7.0,38.1,2.0,1.0,1.0,-17.0,200.0,0.15789473684210525,0.39473684210526316,2,4,32.5,6.0,1393,107,1263,0.0,0.0,11.0,11.0,35.4,1.3,1.0,0.0,0.0,8.0,9.0,36.6,2.7,0.8,1.2,0.0,54.0,-1554.0,16.0,12.0,465.0,-0.16666666666666666,0.14285714285714285,-0.3333333333333333,-0.09090909090909091,0.0,0.4499999999999993,0.0,-0.017700000000004934,1.661999999999999,0.8946000000000041,0.3252999999999986,1.1407999999999987,0.10257898897723566,1.0632027088001608,-2.0,0.0,,0.0,0.2857142857142857,0.0,,0.2561056105610561,
316,202009040602,6,1,4,60,0,1,0,3,0,0,0,0,3,0,0,5,0,0,0,0,0,0,0,0,1,0,0,1,0,0,0,0,0,0,0,0,0.0,0.0,4.0,7.0,13.7,2.5,0.5,0.0,0.0,2.0,9.0,13.7,2.5,0.3333333333333333,0.0,0.0,9.0,8.0,40.6,1.7,0.2222222222222222,0.5,-4.0,-1460.0,0.0,0.0,1,1,20.2,5.0,1090,548,1169,0.0,0.0,10.0,9.0,40.1,2.1,0.5833333333333334,0.0,0.0,12.0,10.0,39.5,1.4,0.21428571428571427,0.6,0.0,54.0,-937.0,16.0,12.0,508.0,0.0,0.16666666666666666,0.1111111111111111,0.08333333333333333,0.0,-7.8,0.0,,,0.9741,0.8905999999999992,0.10739999999999839,0.1482152153558742,12.921671718473583,-6.0,0.0,,0.0,0.16666666666666666,0.0,,0.152762730227519,
317,202009040610,3,5,1,25,2,2,1,11,0,0,0,1,0,0,1,7,0,0,0,3,0,0,0,1,0,0,1,2,0,0,0,1,0,0,0,1,0.0,0.0,18.0,12.0,34.7,0.5,0.5,0.0,0.0,14.0,13.0,33.9,1.1,1.0,0.0,0.0,11.0,11.0,34.6,1.2,0.9166666666666666,-0.5,-2.0,0.0,0.06896551724137931,0.1724137931034483,5,9,23.6,8.0,1431,1104,1428,0.0,0.0,11.0,12.0,33.8,0.7,1.0,0.0,0.0,13.0,7.0,34.7,0.6,0.4666666666666667,-1.1,0.0,55.0,-483.0,15.0,18.0,456.0,0.0,0.0,0.0,0.0,0.0,0.010000000000000142,0.0,-0.4064999999999941,-1.5592000000000041,-0.8592000000000013,-1.6592000000000056,-0.5633999999999943,0.24166091947189142,0.40298883359219995,4.0,1.0,0.0,0.0,0.16666666666666666,1.0,0.0,-0.09803921568627452,
318,202009040610,2,2,0,26,1,1,4,14,0,1,0,0,0,1,0,3,0,1,0,3,0,1,0,0,0,1,0,0,0,1,0,0,0,1,0,0,0.0,0.0,15.0,9.0,35.5,0.8,0.875,0.0,0.0,13.0,10.0,33.6,0.3,0.8888888888888888,0.0,0.0,10.0,1.0,33.7,0.0,0.6666666666666666,-4.0,0.0,-200.0,0.0,0.10526315789473684,8,15,22.0,7.0,1036,460,1108,0.0,0.0,7.0,8.0,33.7,0.8,0.6875,0.0,0.0,4.0,8.0,33.7,0.5,0.6153846153846154,-0.4,0.2,55.0,-517.0,15.0,16.0,470.0,0.125,0.05555555555555555,-0.1111111111111111,0.0625,0.0,0.3499999999999993,0.0,0.2366000000000028,-1.5064999999999955,-1.406499999999994,-1.406499999999994,-1.3746999999999971,0.11298873757032984,0.7310266752998816,2.0,3.0,0.3333333333333333,0.0,0.3333333333333333,3.0,0.3333333333333333,-0.13333333333333333,
319,202009040610,16,11,9,91,1,2,1,6,0,0,1,2,5,0,1,12,0,0,1,2,0,0,1,0,0,0,0,0,0,0,0,0,0,0,0,0,0.0,0.0,5.0,9.0,34.7,0.3,0.5714285714285714,0.0,0.0,4.0,3.0,34.2,0.4,0.3888888888888889,0.0,0.0,11.0,11.0,34.2,0.8,0.46153846153846156,1.0,-6.0,200.0,0.0,0.18181818181818182,6,11,30.0,10.0,1716,1393,1167,0.0,0.0,11.0,2.0,33.9,0.0,0.25,0.0,0.0,7.0,9.0,36.2,0.7,0.4375,-0.1,0.4,55.0,-349.0,15.0,14.0,458.0,0.07142857142857142,0.0,-0.15384615384615385,0.0,-0.0625,-0.2699999999999996,0.0,-0.45309999999999917,-1.1653999999999982,-0.8746999999999971,-1.2064999999999984,-0.16159999999999997,0.10470214955930301,0.8212186067059132,0.0,2.0,0.5,0.11764705882352941,0.47058823529411764,1.0,1.0,-0.15846456692913385,
320,202009040610,5,7,13,75,0,0,0,2,0,0,0,1,0,0,3,5,0,0,0,0,0,0,0,0,0,0,0,0,0,0,0,0,0,0,0,0,0.0,0.0,9.0,9.0,38.9,1.7,0.5,0.0,0.0,18.0,17.0,34.7,1.7,0.6111111111111112,0.0,0.0,15.0,18.0,34.5,1.3,0.5555555555555556,4.5,-13.0,0.0,0.13043478260869565,0.34782608695652173,4,7,8.2,4.0,1691,1084,1167,0.0,0.0,13.0,9.0,34.2,0.5,0.625,0.0,0.0,14.0,15.0,36.4,1.1,0.26666666666666666,0.4,0.0,57.0,-857.0,15.0,12.0,493.0,0.0,0.0,-0.05555555555555555,0.0,0.06666666666666667,0.55,0.0,0.7462000000000018,-0.4064999999999941,-0.6064999999999969,-0.8746999999999971,1.2935000000000016,0.13024667953872834,1.755676507788378,1.0,3.0,0.0,0.0,0.14285714285714285,3.0,0.0,0.13461538461538464,
321,202009040610,6,16,6,73,5,6,4,36,0,2,0,2,2,3,2,15,0,4,1,4,0,2,0,0,0,0,0,0,0,0,0,0,0,0,0,0,0.0,0.0,15.0,13.0,34.2,1.1,0.7222222222222222,0.0,0.0,12.0,12.0,37.1,1.4,0.7142857142857143,0.0,0.0,12.0,12.0,34.8,1.3,0.4117647058823529,-0.5,-4.0,0.0,0.17857142857142858,0.42857142857142855,7,13,3.0,1.0,1393,1294,1263,0.0,0.0,7.0,7.0,33.9,0.5,0.25,0.0,0.0,17.0,12.0,34.8,0.7,0.6666666666666666,-0.7,0.0,57.0,-679.0,15.0,18.0,538.0,-0.05555555555555555,0.0,-0.058823529411764705,0.0,0.1111111111111111,0.20000000000000143,0.0,-0.9064999999999941,-0.5642999999999958,-0.27470000000000283,-1.1747000000000014,-0.3064999999999998,0.1893809709582309,1.1253443917308166,3.0,2.0,0.0,0.0,0.4,2.0,0.0,0.2561056105610561,0.20588235294117646
322,202009040610,0,0,0,11,0,1,1,8,0,0,0,0,0,0,0,2,0,0,0,1,0,0,0,0,0,0,0,0,0,0,0,0,0,0,0,0,0.0,0.0,9.0,12.0,37.5,3.0,1.0,0.0,0.0,2.0,2.0,38.1,0.9,0.3333333333333333,0.0,0.0,4.0,6.0,38.9,1.1,0.06666666666666667,-3.0,6.0,400.0,0.0,0.0,4,6,41.6,12.0,1576,577,1577,0.0,0.0,12.0,10.0,37.2,1.0,0.3333333333333333,0.0,0.0,7.0,16.0,39.2,3.2,0.0625,1.6,0.2,57.0,-1460.0,15.0,14.0,504.0,-0.2857142857142857,-0.06666666666666667,0.0,0.0,0.0625,-0.2500000000000007,0.0,1.6022999999999996,-1.1094000000000008,-0.49260000000000304,-0.8725999999999985,1.046200000000006,0.3422190656420078,0.7730459236035072,1.0,0.0,,0.0,0.08333333333333333,0.0,,,
323,202009040610,16,11,9,91,1,3,3,15,1,0,0,1,5,0,1,12,1,0,0,4,1,0,0,0,0,0,0,0,0,0,0,0,0,0,0,0,0.0,0.0,20.0,1.0,34.9,0.0,0.16666666666666666,0.0,0.0,180.0,11.0,34.7,1.0,0.5555555555555556,0.0,0.0,80.0,1.0,35.2,0.0,0.35714285714285715,0.0,4.0,0.0,0.16216216216216217,0.40540540540540543,6,10,4.4,2.0,1716,1599,1167,0.0,0.0,60.0,9.0,36.0,1.4,0.2,0.0,0.0,30.0,11.0,35.5,0.8,0.2,1.8,0.4,54.0,21.0,15.0,12.0,458.0,0.0,0.0,0.0,0.0,0.0,-0.25,0.0,-0.20649999999999835,-0.37469999999999715,-0.3620999999999981,0.8935000000000031,0.346899999999998,0.1457851610319881,0.45869379764718804,0.0,3.0,0.6666666666666666,0.2,0.26666666666666666,2.0,0.5,-0.15846456692913385,
324,202009040610,39,30,28,143,0,0,0,2,0,0,0,1,3,3,0,11,0,0,0,0,0,0,0,0,0,0,0,0,0,0,0,0,0,0,0,0,0.0,0.0,60.0,5.0,35.3,0.8,0.5,0.0,0.0,90.0,3.0,33.5,0.3,0.5,0.0,0.0,40.0,4.0,34.6,0.8,0.2857142857142857,-0.5,-2.0,-200.0,0.07692307692307693,0.07692307692307693,3,5,7.0,3.0,1428,920,1263,0.0,0.0,30.0,8.0,35.7,0.6,0.3333333333333333,0.0,0.0,70.0,3.0,34.2,0.1,0.16666666666666666,0.1,0.4,55.0,-175.0,15.0,16.0,448.0,0.0,0.1111111111111111,0.0,0.0,0.0,-1.4210854715202005e-15,0.0,0.22529999999999717,-1.5747,-0.6633999999999958,0.5935000000000059,-0.8746999999999971,0.1286595817724409,0.7812809993849844,1.0,1.0,0.0,0.0,0.5384615384615384,1.0,0.0,-0.16026422764227644,
325,202009040610,0,0,2,12,0,2,2,15,0,0,1,0,0,0,1,2,0,1,1,1,0,0,1,0,0,0,0,0,0,0,0,0,0,0,0,0,0.0,0.0,4.0,8.0,40.9,3.5,0.6666666666666666,0.0,0.0,16.0,14.0,35.1,1.2,0.8125,0.0,0.0,16.0,14.0,34.8,0.9,0.625,3.0,-4.0,-200.0,0.06896551724137931,0.27586206896551724,1,1,19.9,6.0,1366,1376,216,0.0,0.0,12.0,12.0,38.6,1.6,0.5333333333333333,0.0,0.0,13.0,16.0,34.2,1.4,0.9375,1.4,0.0,57.0,-383.0,15.0,9.0,508.0,0.1111111111111111,0.0,-0.0625,0.06666666666666667,0.0625,0.9899999999999991,0.0,2.8273999999999972,-0.05310000000000059,-0.35310000000000485,3.2346000000000004,-0.9064999999999941,0.14314425513368598,2.594918110461291,3.0,1.0,0.0,0.0,0.0,1.0,0.0,,
326,202009040610,6,1,4,60,9,2,9,87,1,0,0,8,3,0,0,5,2,0,3,11,1,0,0,2,0,0,0,0,0,0,0,1,0,0,0,0,0.0,0.0,12.0,1.0,33.9,0.0,0.8571428571428571,0.0,0.0,9.0,11.0,35.4,0.7,0.75,0.0,0.0,16.0,4.0,34.6,0.1,0.8888888888888888,1.5,10.0,200.0,0.07692307692307693,0.15384615384615385,5,8,48.4,13.0,1090,1263,1169,0.0,0.0,14.0,15.0,34.7,1.3,0.75,0.0,0.0,7.0,9.0,37.7,1.4,0.5,2.0,0.2,57.0,-349.0,15.0,14.0,470.0,0.0,0.0,-0.3333333333333333,-0.125,-0.0625,-0.6900000000000013,0.0,-1.2531000000000034,-2.4211000000000027,-0.7653999999999996,-0.4064999999999941,-0.5794999999999959,0.13657713270208413,1.3093509842666338,0.0,1.0,0.0,0.0625,0.25,1.0,0.0,0.152762730227519,0.1312659303313509
327,202009040610,1,1,1,45,0,0,0,1,0,0,0,1,1,0,0,8,0,0,0,0,0,0,0,0,0,0,0,0,0,0,0,0,0,0,0,0,0.0,0.0,12.0,11.0,13.8,7.6,0.9166666666666666,0.0,0.0,3.0,4.0,13.2,0.7,0.25,0.0,0.0,7.0,2.0,13.1,0.0,0.07692307692307693,-4.5,6.0,-2500.0,0.0,0.0,3,4,52.5,14.0,1317,361,1186,0.0,0.0,6.0,4.0,13.2,1.1,0.2222222222222222,0.0,0.0,6.0,5.0,13.1,0.7,0.15384615384615385,-1.1999999999999997,0.2,57.0,-965.0,15.0,12.0,476.0,0.0,-0.125,0.07692307692307693,0.3333333333333333,0.0,0.1400000000000002,0.0,,,,,,0.30235337197684214,0.26381811916545883,-3.0,0.0,,0.0625,0.0625,0.0,,0.10416666666666666,
328,202009040610,4,3,3,39,1,0,0,8,0,0,0,3,1,1,1,7,0,0,0,0,0,0,0,0,0,0,0,0,0,0,0,0,0,0,0,0,0.0,0.0,17.0,10.0,35.1,1.3,0.8333333333333334,0.0,0.0,14.0,15.0,33.7,1.2,0.9411764705882353,0.0,0.0,11.0,1.0,34.3,0.0,1.0,-4.5,0.0,200.0,0.0,0.0,7,12,68.5,15.0,1561,695,1263,0.0,0.0,17.0,15.0,35.2,1.2,0.5,0.0,0.0,15.0,12.0,35.5,1.0,0.8,0.4,0.2,55.0,-83.0,15.0,18.0,456.0,0.0,-0.058823529411764705,0.0,0.0,0.0,-0.2299999999999997,0.0,-0.9947999999999979,-1.4530999999999992,-0.8531000000000049,0.09350000000000591,0.39350000000000307,0.1731655651581895,0.6621178142898739,3.0,2.0,0.0,0.0,0.25,2.0,0.0,-0.1207482993197279,
329,202009040610,5,0,3,28,7,8,9,48,1,0,0,0,0,0,0,4,2,3,1,11,0,0,0,0,0,0,0,0,1,0,0,0,0,0,0,0,0.0,0.0,9.0,7.0,38.5,1.1,0.5625,0.0,0.0,12.0,13.0,41.2,3.1,0.375,0.0,0.0,14.0,11.0,36.5,1.3,0.75,2.0,-2.0,-400.0,0.18518518518518517,0.4074074074074074,8,14,8.5,5.0,1489,1167,565,0.0,0.0,11.0,3.0,36.5,0.8,0.625,0.0,0.0,11.0,8.0,36.9,1.2,0.6875,-0.8,0.2,57.0,-1156.0,15.0,16.0,448.0,-0.125,-0.0625,0.0,-0.1875,0.0625,0.7900000000000006,0.0,-1.1259000000000015,1.982200000000006,-1.6537999999999968,-1.0914000000000001,-1.3795000000000002,0.1286953767623375,1.798221343439123,2.0,0.0,,0.2,0.4,0.0,,,-0.20833333333333331
330,202009040610,5,0,3,28,0,2,7,28,0,0,0,3,0,0,0,4,0,0,2,4,0,0,0,0,0,0,0,0,0,0,0,0,0,0,0,0,0.0,0.0,16.0,15.0,34.5,1.0,0.875,0.0,0.0,18.0,18.0,35.8,2.4,0.8333333333333334,0.0,0.0,15.0,16.0,36.3,1.2,0.125,0.5,10.0,200.0,0.0,0.0,2,3,35.3,11.0,1489,1482,565,0.0,0.0,16.0,13.0,34.8,0.5,0.8333333333333334,0.0,0.0,14.0,11.0,34.2,0.5,0.6875,-1.3,0.0,57.0,-1358.0,15.0,16.0,468.0,-0.0625,,0.0,-0.2222222222222222,0.0,0.15999999999999942,0.0,-0.653100000000002,2.0127999999999986,1.1468999999999951,-0.5654000000000039,-0.9530999999999992,0.28025286201333727,0.7984985911070834,0.0,0.0,,,,0.0,,,-0.0765765765765766
331,202009040610,39,30,28,143,1,4,1,46,1,2,1,8,3,3,0,11,0,0,0,7,0,0,0,0,0,0,0,0,0,0,0,0,0,0,0,0,0.0,0.0,10.0,13.0,37.3,2.3,0.14285714285714285,0.0,0.0,10.0,3.0,34.1,0.1,0.0625,0.0,0.0,9.0,15.0,37.2,1.7,0.06666666666666667,1.0,4.0,-200.0,0.0,0.16666666666666666,2,2,26.2,9.0,1428,1558,1263,0.0,0.0,9.0,5.0,38.0,1.3,0.15384615384615385,0.0,0.0,7.0,3.0,36.4,0.6,0.07692307692307693,-1.8,0.4,57.0,-63.0,15.0,14.0,466.0,-0.07142857142857142,0.0,0.0,-0.07692307692307693,0.0,-0.21000000000000013,0.0,2.225299999999997,-0.9746999999999986,2.093500000000006,2.736600000000003,1.1366000000000014,0.03945754237885286,1.3490737563232038,0.0,1.0,0.0,0.0,0.2857142857142857,1.0,0.0,-0.16026422764227644,0.19230769230769232
332,202009050103,1,1,0,4,0,0,0,0,0,0,0,0,0,0,0,0,0,0,0,0,0,0,0,0,0,0,0,0,0,0,0,0,0,0,0,0,0.0,0.0,3.0,2.0,33.8,0.1,0.7647058823529411,0.0,0.0,2.0,6.0,33.6,0.4,0.8888888888888888,0.0,0.0,10.0,5.0,34.9,0.5,1.0,1.5,8.0,0.0,0.2222222222222222,0.5185185185185185,4,8,1.7,1.0,314,378,324,0.0,0.0,1.0,7.0,34.3,0.6,0.3333333333333333,0.0,0.0,2.0,2.0,35.0,0.0,0.4444444444444444,0.1,0.4,55.0,-1141.0,17.0,17.0,476.0,-0.058823529411764705,0.0,0.0,-0.06666666666666667,-0.05555555555555555,-0.31000000000000016,0.0,-1.3064999999999998,-1.5064999999999955,-0.4654000000000025,-0.8064999999999998,-0.10649999999999693,0.2563891591198394,0.5635601121442148,-3.0,4.0,0.5,0.23076923076923078,0.38461538461538464,4.0,0.5,0.0,
333,202009050103,5,3,4,39,0,0,1,1,0,0,0,0,0,1,1,5,0,0,0,0,0,0,0,0,0,1,0,0,0,0,0,0,0,0,0,0,0.0,0.0,50.0,70.0,41.6,2.6,0.1111111111111111,0.0,0.0,120.0,120.0,36.8,2.2,0.7692307692307693,0.0,0.0,100.0,120.0,35.7,1.7,1.0,25.0,2.0,0.0,0.05,0.2,8,16,34.8,7.0,1152,549,1428,0.0,0.0,50.0,120.0,34.8,0.8,0.7142857142857143,0.0,0.0,80.0,120.0,13.8,6.9,0.3076923076923077,10.0,0.0,55.0,-1053.0,17.0,9.0,490.0,0.1111111111111111,0.15384615384615385,0.0,0.0,0.5384615384615384,5.76,0.0,3.4462000000000046,1.434599999999996,0.6253000000000029,-1.2948000000000022,,0.3238049196997896,9.659316746022983,-1.0,0.0,,0.0,0.16666666666666666,0.0,,,
334,202009050103,0,0,0,0,0,0,0,0,0,0,0,0,0,0,0,0,0,0,0,0,0,0,0,0,0,0,0,0,0,0,0,0,0,0,0,0,0.0,0.0,50.0,6.0,34.3,0.9,0.8333333333333334,,,,,,,,,,,,,,,,,200.0,0.06451612903225806,0.25806451612903225,1,1,40.9,8.0,204,703,4,,,,,,,,,,,,,,,,0.0,55.0,49.0,17.0,12.0,506.0,0.0,,,,,,,-0.8531000000000049,,,,,,,1.0,0.0,,0.0,0.25,0.0,,,
335,202009050103,0,0,0,0,0,2,0,7,0,0,0,0,0,0,0,0,0,0,0,1,0,0,0,0,0,0,0,0,0,0,0,0,0,0,0,0,0.0,0.0,12.0,6.0,36.4,0.7,0.26666666666666666,0.0,0.0,10.0,7.0,37.2,1.2,0.21428571428571427,0.0,0.0,10.0,10.0,37.1,1.2,0.8125,2.0,-2.0,200.0,0.12,0.32,4,7,19.5,5.0,1629,1313,1428,0.0,0.0,7.0,5.0,36.2,0.5,0.5625,0.0,0.0,7.0,10.0,37.1,0.6,0.5,0.6,0.0,55.0,-1233.0,17.0,15.0,472.0,-0.06666666666666667,0.07142857142857142,-0.0625,0.0,-0.0625,-0.04000000000000057,0.0,-1.4211000000000027,-1.079499999999996,-0.8110999999999962,-1.7110999999999947,-0.8110999999999962,0.21609704032911295,0.4147288270665548,-3.0,0.0,,0.0,0.07142857142857142,0.0,,,
336,202009050103,0,0,0,2,0,0,1,1,0,0,0,0,0,0,0,0,0,0,0,0,0,0,0,0,0,0,0,0,0,0,0,0,0,0,0,0,0.0,0.0,12.0,11.0,36.3,1.4,0.5,0.0,0.0,12.0,16.0,36.4,1.3,0.6875,0.0,0.0,5.0,5.0,39.3,2.0,0.2,-3.0,2.0,200.0,0.058823529411764705,0.20588235294117646,3,6,7.8,3.0,603,549,760,0.0,0.0,7.0,16.0,37.6,1.6,0.2777777777777778,0.0,0.0,4.0,5.0,36.0,0.9,0.3333333333333333,-1.2,0.0,54.0,-302.0,17.0,16.0,432.0,-0.125,0.1875,0.3,0.2222222222222222,0.0,-0.06000000000000085,0.0,0.9345999999999961,1.2468999999999966,,2.2346000000000004,0.846899999999998,0.17437808362687873,1.2188519188154068,2.0,0.0,,0.2,0.2,0.0,,,
337,202009050103,0,0,0,0,3,10,6,42,0,0,0,0,0,0,0,0,1,0,0,4,0,0,0,0,0,0,0,0,0,0,0,3,0,0,0,0,0.0,0.0,1.0,4.0,38.5,0.7,0.4,0.0,0.0,11.0,12.0,40.0,2.6,0.5,0.0,0.0,8.0,11.0,37.8,1.4,0.5333333333333333,3.5,19.0,0.0,0.1,0.4,2,3,91.0,11.0,1657,1428,1317,0.0,0.0,8.0,8.0,36.7,0.8,0.5,0.0,0.0,4.0,9.0,36.8,1.5,0.4,0.6,0.0,54.0,-1258.0,17.0,10.0,477.0,-0.1,0.0,0.13333333333333333,0.0,0.06666666666666667,0.6700000000000003,0.0,0.22050000000000125,0.37409999999999854,-0.4795000000000016,-1.453799999999994,-1.3537999999999997,0.05577733510227169,1.217538500417954,-2.0,0.0,,0.0,0.125,0.0,,,-0.20036429872495448
338,202009050103,0,0,0,0,1,0,5,16,0,0,0,0,0,0,0,0,0,0,0,0,0,0,0,0,0,0,0,0,0,0,0,0,0,0,0,0,0.0,0.0,12.0,8.0,35.2,0.7,0.4444444444444444,0.0,0.0,8.0,10.0,35.0,1.2,0.23076923076923078,0.0,0.0,9.0,15.0,35.0,1.5,0.2,3.5,0.0,0.0,0.07142857142857142,0.2857142857142857,5,9,9.8,4.0,1657,1328,1317,0.0,0.0,2.0,4.0,36.4,0.2,0.21428571428571427,0.0,0.0,7.0,4.0,36.0,0.6,0.23076923076923078,-1.4,0.0,55.0,-595.0,17.0,18.0,484.0,0.16666666666666666,0.0,-0.06666666666666667,0.07142857142857142,-0.07692307692307693,-0.29999999999999927,0.0,0.09350000000000591,-0.4592000000000027,-0.07469999999999999,0.6625999999999976,0.07750000000000057,0.09092443164618996,0.5741080037762922,-2.0,1.0,0.0,0.14285714285714285,0.42857142857142855,1.0,0.0,,
339,202009050103,4,3,3,39,3,3,2,15,0,0,0,0,1,1,1,7,0,0,0,1,0,0,0,0,1,1,0,5,0,0,0,0,0,0,0,0,0.0,0.0,30.0,90.0,40.5,1.3,0.09090909090909091,0.0,0.0,40.0,90.0,40.9,1.5,0.14285714285714285,0.0,0.0,60.0,100.0,35.2,0.7,0.75,5.0,-3.0,100.0,0.041666666666666664,0.16666666666666666,6,12,7.0,2.0,1561,1559,1263,0.0,0.0,120.0,40.0,35.4,0.3,0.5625,0.0,0.0,40.0,130.0,36.4,1.3,0.5,3.0,0.0,54.0,-1359.0,17.0,11.0,419.0,0.09090909090909091,-0.07142857142857142,-0.375,-0.0625,-0.05555555555555555,1.3700000000000003,0.0,2.9086,1.507399999999997,0.04690000000000083,0.24689999999999657,1.0345999999999975,0.2530366677716311,2.5023189245178155,0.0,0.0,,0.0,0.0,0.0,,-0.1207482993197279,-0.04782608695652174
340,202009050103,0,1,0,4,1,1,1,13,0,0,0,0,0,0,0,1,1,0,0,3,0,0,0,0,0,0,0,1,0,0,0,0,0,0,0,0,0.0,0.0,10.0,12.0,38.9,1.1,0.3333333333333333,0.0,0.0,9.0,10.0,36.9,0.8,0.4,0.0,0.0,7.0,8.0,38.6,1.0,0.26666666666666666,-2.0,2.0,200.0,0.0,0.125,3,5,45.5,9.0,1449,1542,1306,0.0,0.0,2.0,13.0,38.6,1.9,0.0625,0.0,0.0,2.0,1.0,36.4,0.0,0.21428571428571427,-1.9,0.2,54.0,-715.0,17.0,15.0,494.0,0.0,-0.13333333333333333,0.06666666666666667,0.0,0.0,0.32999999999999974,0.0,1.0788999999999973,-0.5177000000000049,0.6889000000000038,0.6889000000000038,-1.4211000000000027,0.11490038078992139,1.0225458424931382,-1.0,0.0,,0.0,0.0,0.0,,,
341,202009050103,7,5,6,58,0,0,0,0,0,0,0,0,1,1,0,6,0,0,0,0,0,0,0,0,0,1,0,1,0,0,0,0,0,0,0,0,0.0,0.0,6.0,4.0,40.0,2.0,0.45454545454545453,0.0,0.0,7.0,8.0,35.0,0.9,0.45454545454545453,0.0,0.0,8.0,7.0,34.2,0.8,0.42857142857142855,1.5,5.0,-700.0,0.1724137931034483,0.3793103448275862,6,11,23.3,6.0,1127,573,1328,0.0,0.0,9.0,2.0,34.1,0.0,0.46153846153846156,0.0,0.0,8.0,9.0,35.5,1.3,0.8461538461538461,0.4,0.2,55.0,-1303.0,17.0,11.0,459.0,-0.18181818181818182,0.09090909090909091,0.0,0.07692307692307693,0.07692307692307693,0.9899999999999999,0.0,1.1871999999999971,-1.0300000000000011,-1.5263999999999953,-1.9299999999999997,-0.5300000000000011,0.15894052521869886,2.1822923727126935,-2.0,0.0,,0.0,0.0,0.0,,0.09649122807017543,
342,202009050103,5,0,3,28,0,2,0,4,0,0,0,0,0,0,0,4,0,1,0,0,0,0,0,0,0,0,0,3,0,0,0,0,0,0,0,0,0.0,0.0,7.0,6.0,39.3,1.1,0.7777777777777778,0.0,0.0,11.0,10.0,39.0,4.0,0.6363636363636364,0.0,0.0,15.0,12.0,35.9,1.1,0.4666666666666667,3.0,26.0,0.0,0.0,0.6666666666666666,7,14,197.8,14.0,1489,1589,565,0.0,0.0,7.0,8.0,37.5,2.3,0.75,0.0,0.0,10.0,8.0,34.9,0.6,0.7272727272727273,0.2,0.0,54.0,-652.0,17.0,9.0,414.0,0.0,0.2727272727272727,0.0,0.0,0.09090909090909091,1.0299999999999998,0.0,1.6357,2.969999999999999,-0.19480000000000075,1.4052000000000007,-0.25310000000000343,0.11292387186352282,1.7116074316267733,0.0,0.0,,0.0,0.0,0.0,,,
343,202009050103,4,3,3,39,0,0,0,0,0,0,0,0,1,1,1,7,0,0,0,0,0,0,0,0,1,1,0,5,0,0,0,0,0,0,0,0,0.0,0.0,40.0,6.0,36.0,0.6,0.5454545454545454,0.0,0.0,60.0,13.0,37.1,2.0,0.9285714285714286,0.0,0.0,40.0,6.0,35.1,0.7,0.5555555555555556,0.0,2.0,200.0,0.0,0.2857142857142857,5,10,262.4,15.0,1561,617,1263,,,,,,,,,,,,,,,0.0,0.0,54.0,20.0,17.0,11.0,460.0,0.0,0.0,-0.1111111111111111,,,0.4499999999999993,0.0,-0.09479999999999933,1.9935000000000045,-0.05310000000000059,,,0.17826990088566086,0.8178562764256865,0.0,1.0,0.0,0.0,0.2,1.0,0.0,-0.1207482993197279,
344,202009050103,1,1,1,45,1,4,1,14,0,0,0,1,1,0,0,8,0,0,0,2,0,0,0,0,1,0,0,2,0,0,0,1,0,0,0,0,0.0,0.0,10.0,10.0,38.9,0.0,0.1,0.0,0.0,160.0,130.0,35.5,2.2,0.8823529411764706,0.0,0.0,120.0,90.0,37.8,1.6,0.3076923076923077,40.0,32.0,0.0,0.0,0.0,7,13,318.9,16.0,1317,1014,1186,0.0,0.0,140.0,90.0,35.0,1.3,0.6875,0.0,0.0,90.0,90.0,37.0,0.8,0.14285714285714285,12.0,0.0,54.0,-1343.0,17.0,10.0,434.0,0.0,0.058823529411764705,0.07692307692307693,-0.0625,0.0,0.4299999999999997,0.0,0.7462000000000018,0.39350000000000307,2.5086999999999975,-0.153100000000002,1.893500000000003,0.30888976082534386,1.4402777509911058,4.0,3.0,0.0,0.1111111111111111,0.2222222222222222,2.0,0.0,0.10416666666666666,
345,202009050103,0,1,0,17,0,2,0,11,0,0,0,0,0,0,0,5,0,0,0,2,0,0,0,0,0,0,0,2,0,0,0,1,0,0,0,0,0.0,0.0,110.0,110.0,43.8,4.7,0.09090909090909091,0.0,0.0,140.0,140.0,42.7,3.1,0.07142857142857142,0.0,0.0,170.0,170.0,36.7,2.2,0.5555555555555556,30.0,23.0,100.0,0.13333333333333333,0.3333333333333333,2,4,180.9,13.0,1611,1170,1263,0.0,0.0,130.0,140.0,36.9,2.7,0.17647058823529413,0.0,0.0,90.0,120.0,39.6,2.2,0.07692307692307693,2.0,0.0,55.0,-1337.0,17.0,11.0,473.0,0.8181818181818182,0.0,0.0,0.0,0.0,1.4199999999999995,0.0,6.208599999999997,3.0741000000000014,1.5469000000000008,1.7935000000000016,1.6889000000000038,0.18460111883338953,2.9110822729699684,0.0,1.0,0.0,0.0,0.13333333333333333,1.0,0.0,,
346,202009050103,0,0,0,8,7,8,9,48,0,0,0,0,0,0,0,2,2,3,1,11,0,0,0,0,0,0,0,1,0,1,0,7,0,0,0,0,0.0,0.0,40.0,70.0,42.0,2.5,0.5714285714285714,0.0,0.0,160.0,100.0,38.8,1.6,0.5,0.0,0.0,150.0,90.0,39.9,1.9,0.5625,10.0,5.0,0.0,0.0,0.0,1,2,460.0,17.0,1191,1167,1235,0.0,0.0,120.0,100.0,36.8,2.3,0.9375,0.0,0.0,160.0,80.0,39.0,2.9,0.4375,2.0,0.0,55.0,-1030.0,17.0,7.0,459.0,0.2857142857142857,-0.0625,0.0625,0.0,0.0,0.8,0.0,3.846200000000003,0.6462000000000003,1.6204999999999998,-0.6177000000000064,0.7205000000000013,0.1746534469474114,1.6876018487783198,-1.0,0.0,,0.2,0.2,0.0,,,-0.20833333333333331
347,202009050103,0,0,0,11,1,3,0,8,0,0,0,0,0,0,0,1,0,0,0,0,0,0,0,0,0,0,0,0,0,0,0,0,0,0,0,0,0.0,0.0,80.0,60.0,37.9,1.4,0.625,0.0,0.0,20.0,80.0,40.1,3.3,0.3333333333333333,0.0,0.0,50.0,40.0,39.2,0.6,0.2,-10.0,30.0,0.0,0.058823529411764705,0.17647058823529413,8,15,114.5,12.0,1222,322,1328,0.0,0.0,40.0,30.0,39.0,0.2,0.125,0.0,0.0,40.0,20.0,40.1,0.2,0.38461538461538464,-13.0,0.0,54.0,-1352.0,17.0,8.0,466.0,-0.125,0.06666666666666667,0.0,0.0,-0.07692307692307693,-0.3300000000000004,0.0,-0.25379999999999825,0.8905999999999992,-0.4258999999999986,-0.5467000000000013,0.5533000000000001,0.17255695874266966,0.816333265278343,3.0,0.0,,0.0,0.16666666666666666,0.0,,,
348,202009050103,1,1,0,7,0,1,3,7,0,0,0,0,0,0,0,1,0,0,0,1,0,0,0,0,0,0,0,0,0,0,0,1,0,0,0,0,0.0,0.0,7.0,5.0,34.7,0.3,0.875,0.0,0.0,2.0,12.0,36.2,2.0,1.0,0.0,0.0,3.0,1.0,35.6,0.0,0.8125,-2.0,14.0,-600.0,0.09375,0.1875,8,17,56.4,10.0,1548,1079,1328,0.0,0.0,3.0,2.0,36.2,0.2,0.1,0.0,0.0,9.0,4.0,35.3,0.6,0.9230769230769231,-1.2,0.4,55.0,-490.0,17.0,16.0,476.0,0.0,-0.5833333333333334,-0.6875,0.0,-0.07692307692307693,-0.11999999999999886,0.0,-1.2165999999999997,0.2834000000000003,-0.3166000000000011,0.4736000000000047,-2.1447000000000003,0.32685655431793276,0.5692099788303088,-2.0,0.0,,0.0,0.18181818181818182,0.0,,,
349,202009050111,0,0,0,0,0,0,0,1,0,0,0,0,0,0,0,0,0,0,0,0,0,0,0,0,0,0,0,0,0,0,0,0,0,0,0,0,0.0,0.0,10.0,9.0,34.7,1.1,0.3333333333333333,0.0,0.0,3.0,10.0,34.6,0.6,0.3888888888888889,0.0,0.0,6.0,9.0,,,,0.0,-8.0,200.0,0.0,0.13043478260869565,7,10,2.5,1.0,1629,1506,1428,0.0,0.0,5.0,5.0,34.8,0.4,0.3125,0.0,0.0,12.0,15.0,34.4,1.3,0.5,0.7,0.0,54.0,-1233.0,12.0,18.0,486.0,-0.05555555555555555,0.0,,-0.0625,0.0,0.0700000000000017,0.0,-1.3947999999999965,-0.5064999999999955,,-0.35310000000000485,-0.6747000000000014,0.0727304168946299,0.1479019945774904,-2.0,1.0,0.0,0.0,0.125,1.0,0.0,,
350,202009050111,5,5,6,40,0,0,0,3,0,0,0,0,1,1,1,3,0,0,0,0,0,0,0,0,0,0,0,0,0,0,0,0,0,0,0,0,0.0,0.0,3.0,7.0,35.2,1.0,0.3333333333333333,0.0,0.0,15.0,14.0,35.1,1.0,0.1111111111111111,0.0,0.0,1.0,9.0,34.5,0.6,1.0,1.0,-4.0,-200.0,0.0,0.5,5,6,27.8,7.0,1736,1613,1482,0.0,0.0,5.0,6.0,33.8,0.5,0.8333333333333334,0.0,0.0,7.0,2.0,33.5,0.1,1.0,-1.8,0.2,54.0,-344.0,12.0,12.0,432.0,0.08333333333333333,0.0,0.0,0.05555555555555555,0.0,0.470000000000001,0.0,-0.06339999999999435,-0.8166000000000011,-0.6064999999999969,-1.2747000000000028,-1.606499999999997,0.36582394740342955,0.6794115100585226,2.0,2.0,0.5,0.15384615384615385,0.38461538461538464,2.0,0.5,-0.1857142857142857,
351,202009050111,0,1,1,13,5,6,4,36,0,0,0,0,0,0,0,4,0,4,1,4,0,0,0,0,0,0,0,0,0,0,0,0,0,0,0,0,0.0,0.0,2.0,6.0,37.5,1.0,0.8,0.0,0.0,11.0,12.0,36.0,1.4,0.7333333333333333,0.0,0.0,13.0,6.0,36.1,0.6,0.5,0.0,4.0,500.0,0.23076923076923078,0.5,7,9,10.6,5.0,1148,1294,1393,0.0,0.0,5.0,8.0,37.2,1.2,0.8333333333333334,0.0,0.0,8.0,7.0,35.9,0.9,1.0,-0.2,0.0,54.0,-1433.0,12.0,10.0,466.0,0.1,0.06666666666666667,0.0,0.08333333333333333,-0.0625,0.2,0.0,,-2.153799999999997,-1.8110999999999962,-1.079499999999996,-2.011099999999999,0.16248076809271922,0.6711184694225013,-1.0,0.0,,0.0,0.3333333333333333,0.0,,,0.20588235294117646
352,202009050111,0,1,0,7,7,6,6,63,0,1,0,2,0,0,0,2,3,1,0,11,0,0,0,0,0,0,0,0,0,0,0,2,0,0,0,0,0.0,0.0,12.0,7.0,39.2,2.1,1.0,0.0,0.0,7.0,10.0,35.1,0.8,0.2777777777777778,0.0,0.0,5.0,9.0,35.8,0.9,0.05555555555555555,1.0,7.0,170.0,0.06666666666666667,0.2,8,12,122.6,11.0,1687,1405,1345,0.0,0.0,7.0,12.0,36.9,1.6,0.3125,0.0,0.0,11.0,4.0,34.2,0.3,0.9166666666666666,-0.4,0.0,54.0,-655.0,12.0,12.0,433.0,-0.08333333333333333,-0.05555555555555555,0.0,0.0625,-0.16666666666666666,0.8200000000000003,0.0,,-0.05310000000000059,0.6935000000000002,1.8252999999999986,-0.9064999999999941,0.37547295278302667,1.723484841824842,0.0,2.0,0.0,0.0,0.3333333333333333,2.0,0.0,,0.32384823848238486
353,202009050111,0,0,0,0,0,0,0,4,0,0,0,0,0,0,0,0,0,0,0,1,0,0,0,0,0,0,0,0,0,0,0,0,0,0,0,0,0.0,0.0,5.0,1.0,34.4,0.0,0.16666666666666666,0.0,0.0,1.0,5.0,33.8,0.4,0.38461538461538464,0.0,0.0,3.0,2.0,34.0,0.0,0.5882352941176471,0.5,4.0,200.0,0.17857142857142858,0.39285714285714285,3,3,4.0,2.0,1318,197,535,0.0,0.0,11.0,17.0,36.7,2.9,0.16666666666666666,0.0,0.0,2.0,2.0,35.3,0.1,0.2777777777777778,1.4,0.6,54.0,-288.0,12.0,18.0,458.0,0.0,-0.15384615384615385,-0.17647058823529413,0.0,-0.05555555555555555,-0.4700000000000003,0.0,-0.9654000000000025,-1.3531000000000049,-1.153100000000002,1.6253000000000029,0.19350000000000023,0.15803721990340058,1.0632027088001623,3.0,1.0,1.0,0.0,0.2,1.0,1.0,,
354,202009050111,0,0,0,0,0,0,0,0,0,0,0,0,0,0,0,0,0,0,0,0,0,0,0,0,0,0,0,0,0,0,0,0,0,0,0,0,0.0,0.0,5.0,8.0,34.2,0.4,0.4444444444444444,0.0,0.0,6.0,7.0,35.0,0.5,0.2727272727272727,0.0,0.0,1.0,7.0,34.4,0.2,0.5294117647058824,-0.5,4.0,200.0,0.0,0.13333333333333333,5,5,8.6,4.0,1629,660,1428,0.0,0.0,3.0,4.0,34.8,0.5,0.6666666666666666,0.0,0.0,17.0,10.0,34.6,1.4,0.7222222222222222,0.1,0.0,54.0,-462.0,12.0,18.0,494.0,0.0,-0.09090909090909091,-0.058823529411764705,0.0,-0.1111111111111111,-0.05999999999999943,0.0,-0.9530999999999992,-0.10649999999999693,-0.7531000000000034,-0.3064999999999998,-0.47469999999999857,0.16068248529141313,0.282842712474618,0.0,2.0,0.0,0.07692307692307693,0.07692307692307693,2.0,0.0,,
355,202009050111,0,0,0,3,0,0,0,0,0,0,0,0,0,0,0,2,0,0,0,0,0,0,0,0,0,0,0,0,0,0,0,0,0,0,0,0,0.0,0.0,20.0,1.0,36.4,0.0,0.125,0.0,0.0,30.0,2.0,35.0,0.2,0.25,0.0,0.0,40.0,5.0,35.6,0.8,0.6666666666666666,2.0,-4.0,200.0,0.07692307692307693,0.3076923076923077,1,1,105.5,10.0,1343,76,1428,0.0,0.0,70.0,3.0,34.9,0.2,0.8461538461538461,,,,,,,,0.9,0.75,54.0,62.0,12.0,16.0,428.0,0.0,0.0,-0.2222222222222222,0.0,,0.38999999999999985,0.0,1.2468999999999966,-0.9224999999999994,-0.322499999999998,-0.25310000000000343,,0.29477924097912456,0.5973901572674258,0.0,0.0,,,,0.0,,,
356,202009050111,1,1,0,4,0,0,0,1,0,0,0,0,0,0,0,0,0,0,0,0,0,0,0,0,0,0,0,0,0,0,0,0,0,0,0,0,0.0,0.0,10.0,9.0,36.1,0.7,0.8125,0.0,0.0,9.0,11.0,38.1,1.1,0.21428571428571427,0.0,0.0,6.0,8.0,33.5,0.4,0.6666666666666666,-0.5,-6.0,200.0,0.16666666666666666,0.4,6,7,20.9,6.0,314,168,324,0.0,0.0,15.0,8.0,34.9,0.5,0.7222222222222222,0.0,0.0,9.0,12.0,34.6,1.2,0.75,0.3,0.0,54.0,-1106.0,12.0,16.0,460.0,0.0625,0.0,-0.13333333333333333,0.0,-0.0625,0.6200000000000003,0.0,0.7346000000000004,1.911200000000001,-1.653100000000002,-1.1948000000000008,-0.5531000000000006,0.21462751986921524,1.5666524822052916,1.0,0.0,,0.0,0.1,0.0,,0.0,
357,202009050111,0,0,1,4,1,2,1,6,0,0,0,0,0,0,0,3,0,0,1,2,0,0,0,0,0,0,0,0,0,0,0,0,0,0,0,0,0.0,0.0,40.0,8.0,36.9,1.8,0.5,0.0,0.0,30.0,2.0,34.6,0.2,0.5,0.0,0.0,40.0,1.0,35.8,0.0,0.25,-3.5,-2.0,200.0,0.0,0.0,8,11,156.9,12.0,1520,1393,695,,,,,,,,,,,,,,,-3.5,0.6666666666666666,54.0,62.0,12.0,10.0,432.0,-0.1,0.1,0.0,,,0.5500000000000007,0.0,0.8051999999999992,-0.5531000000000006,-0.29480000000000217,,,0.11785113019775792,0.9392668535736901,0.0,0.0,,0.0,0.0,0.0,,,
358,202009050111,6,16,6,73,0,0,0,0,0,0,0,0,2,3,2,15,0,0,0,0,0,0,0,0,0,0,2,2,0,0,0,0,0,0,0,0,0.0,0.0,3.0,4.0,34.9,0.3,0.5833333333333334,0.0,0.0,7.0,5.0,34.1,0.3,0.6875,0.0,0.0,1.0,14.0,38.0,1.7,0.9333333333333333,5.0,-6.0,0.0,0.0967741935483871,0.1935483870967742,4,4,5.5,3.0,1393,526,1263,0.0,0.0,1.0,5.0,35.1,0.5,0.5,0.0,0.0,2.0,3.0,35.3,0.2,0.38461538461538464,-0.2,0.2,54.0,-799.0,12.0,12.0,472.0,-0.08333333333333333,0.0625,-0.06666666666666667,0.07142857142857142,0.0,-0.17999999999999972,0.0,-0.3913000000000011,-1.0531000000000006,-0.15379999999999683,-0.006499999999995509,0.008699999999997488,0.18647210027631364,1.3242356285797476,-2.0,3.0,0.3333333333333333,0.2222222222222222,0.2222222222222222,1.0,0.0,0.2561056105610561,
359,202009050111,0,0,0,2,0,0,0,0,0,0,0,0,0,0,0,0,0,0,0,0,0,0,0,0,0,0,0,0,0,0,0,0,0,0,0,0,0.0,0.0,10.0,15.0,38.9,1.9,0.5,0.0,0.0,1.0,5.0,35.4,0.7,0.14285714285714285,0.0,0.0,2.0,5.0,37.0,0.5,0.25,-5.0,4.0,200.0,0.06060606060606061,0.21212121212121213,2,2,31.1,8.0,603,967,760,0.0,0.0,3.0,2.0,36.9,0.1,0.21428571428571427,0.0,0.0,3.0,5.0,37.5,0.6,0.2,-2.3,0.2,54.0,-771.0,12.0,16.0,508.0,-0.0625,0.0,0.0625,0.0,0.06666666666666667,0.12999999999999973,0.0,1.0788999999999973,-0.4977000000000018,-0.8233000000000033,-0.5177000000000049,-0.4110999999999976,0.12417893606914705,1.125344391730816,-1.0,0.0,,0.23076923076923078,0.38461538461538464,0.0,,,
360,202009050111,2,0,0,21,0,0,0,0,0,0,0,0,0,0,0,10,0,0,0,0,0,0,0,0,0,0,0,0,0,0,0,0,0,0,0,0,0.0,0.0,12.0,16.0,36.5,1.5,0.5882352941176471,0.0,0.0,16.0,16.0,40.9,4.6,0.25,0.0,0.0,13.0,16.0,35.1,1.2,0.5555555555555556,0.0,-6.0,200.0,0.0,0.3,6,8,61.0,9.0,1645,1322,1366,0.0,0.0,10.0,10.0,37.3,2.6,0.2727272727272727,0.0,0.0,13.0,7.0,35.3,0.7,0.4117647058823529,-2.4,0.0,54.0,-470.0,12.0,17.0,430.0,0.0,0.25,0.0,0.0,-0.17647058823529413,0.6000000000000008,0.0,1.134599999999999,2.988900000000001,-0.05310000000000059,2.1935000000000002,-0.0654000000000039,0.13945692667408038,2.09990475974507,2.0,1.0,0.0,0.0,0.2,1.0,0.0,,
361,202009050206,39,30,28,143,0,0,0,0,0,0,0,0,3,3,0,11,0,0,0,0,0,0,0,0,2,1,0,1,0,0,0,0,0,0,0,0,,,,,,,,,,,,,,,,,,,,,,,,,0.15,0.375,7,11,2.5,1.0,1428,156,1263,,,,,,,,,,,,,,,,,55.0,,13.0,,,,,,,,,,,,,,,,,,0.0,,0.375,0.625,0.0,,-0.16026422764227644,
362,202009050206,0,0,0,0,3,10,6,42,0,0,0,0,0,0,0,0,1,0,0,4,0,0,0,0,0,0,0,0,0,0,0,1,0,0,0,0,0.0,0.0,9.0,6.0,37.5,1.1,0.06666666666666667,0.0,0.0,10.0,11.0,34.5,1.0,0.5,0.0,0.0,4.0,5.0,34.3,0.2,0.25,-0.5,4.0,-400.0,0.05555555555555555,0.19444444444444445,6,8,10.4,5.0,1426,1428,306,0.0,0.0,7.0,3.0,33.9,0.4,0.3333333333333333,0.0,0.0,7.0,13.0,34.8,1.8,0.9230769230769231,0.6,0.2,55.0,-945.0,13.0,15.0,468.0,0.13333333333333333,-0.05555555555555555,0.0,0.0,0.07692307692307693,0.6000000000000008,0.0,-1.5386999999999986,-0.9592000000000027,-1.1592000000000056,-1.1747000000000014,-0.27470000000000283,0.2900334379597976,1.2837445228704976,-1.0,0.0,,0.0,0.375,0.0,,,-0.20036429872495448
363,202009050206,10,7,10,36,0,2,7,28,0,0,1,0,1,2,3,2,0,0,2,4,0,0,1,0,0,1,1,0,0,0,0,1,0,0,0,0,0.0,0.0,13.0,7.0,33.2,0.2,1.0,0.0,0.0,10.0,5.0,34.1,0.3,0.6,0.0,0.0,10.0,11.0,34.1,1.0,0.2,2.0,6.0,0.0,0.27586206896551724,0.5517241379310345,5,6,6.0,4.0,1167,1482,460,0.0,0.0,10.0,8.0,37.1,1.7,0.25,0.0,0.0,6.0,14.0,35.6,1.1,0.375,1.7,0.0,54.0,-924.0,13.0,18.0,498.0,0.0,0.0,0.06666666666666667,0.0,0.4375,-0.7799999999999997,0.0,-1.906499999999994,-1.1912999999999982,-1.3592000000000013,-0.8166999999999973,0.33660000000000423,0.2922327839240491,1.3760813929415654,-2.0,2.0,0.0,0.2857142857142857,0.42857142857142855,1.0,0.0,-0.11607142857142855,-0.0765765765765766
364,202009050206,0,0,0,0,7,8,9,48,0,0,0,0,0,0,0,0,2,3,1,11,0,0,0,0,0,0,0,0,0,1,0,1,0,0,0,0,0.0,0.0,6.0,12.0,36.1,1.0,0.38461538461538464,0.0,0.0,8.0,12.0,37.3,1.5,0.6428571428571429,0.0,0.0,4.0,17.0,34.7,0.7,0.2777777777777778,2.5,2.0,0.0,0.08333333333333333,0.3333333333333333,5,7,4.2,2.0,1629,1167,1428,0.0,0.0,3.0,7.0,33.9,0.3,0.5,0.0,0.0,2.0,7.0,33.2,0.7,0.5,-1.5,0.0,54.0,-1155.0,13.0,13.0,512.0,0.0,-0.14285714285714285,0.05555555555555555,0.1111111111111111,0.2,0.9199999999999996,0.0,0.9935000000000045,-0.8537999999999997,-0.4064999999999941,-1.2064999999999984,-1.906499999999994,0.12289751833224674,1.48539557021017,-4.0,4.0,0.0,0.2727272727272727,0.36363636363636365,4.0,0.0,,-0.20833333333333331
365,202009050206,0,0,0,0,2,2,0,7,0,0,0,0,0,0,0,0,0,0,0,1,0,0,0,0,0,0,0,0,0,0,0,1,0,0,0,0,0.0,0.0,100.0,9.0,38.8,1.7,0.8333333333333334,0.0,0.0,80.0,6.0,39.1,2.7,1.0,0.0,0.0,40.0,8.0,37.3,0.6,0.6875,-0.5,20.0,-100.0,0.0,0.0,6,9,29.2,6.0,1657,1036,1317,0.0,0.0,110.0,8.0,38.9,2.1,0.8,0.0,0.0,80.0,9.0,36.3,1.6,0.9375,0.2,0.0,55.0,-1354.0,13.0,12.0,452.0,0.08333333333333333,-0.4666666666666667,-0.125,0.0,-0.1875,0.5200000000000002,0.0,,-0.4466999999999999,-0.6111000000000004,1.2357000000000014,1.1935000000000002,0.10892785583943979,1.0961751684835788,-1.0,1.0,0.0,0.21428571428571427,0.35714285714285715,1.0,0.0,,
366,202009050206,0,0,0,0,2,3,2,34,0,0,0,0,0,0,0,0,0,0,0,8,0,0,0,0,0,0,0,0,0,0,0,2,0,0,0,0,0.0,0.0,3.0,12.0,43.1,2.9,0.16666666666666666,0.0,0.0,6.0,9.0,35.7,1.0,0.4444444444444444,0.0,0.0,4.0,4.0,35.7,0.5,0.05555555555555555,-4.0,14.0,0.0,0.038461538461538464,0.15384615384615385,2,2,5.1,3.0,1677,1235,1167,0.0,0.0,2.0,9.0,38.4,1.6,0.125,0.0,0.0,4.0,5.0,38.5,1.5,0.21428571428571427,-1.4000000000000001,0.0,55.0,-513.0,13.0,12.0,492.0,0.3333333333333333,-0.05555555555555555,0.0,0.0,0.0,0.6500000000000007,0.0,5.435700000000004,0.3346000000000018,0.5469000000000008,3.2468999999999966,0.5889000000000024,0.1323256517282881,2.7058455240460413,-1.0,0.0,,0.06666666666666667,0.06666666666666667,0.0,,,-0.08739837398373985
367,202009050206,0,0,0,0,0,2,7,28,0,0,0,0,0,0,0,0,0,0,2,4,0,0,0,0,0,0,0,0,0,0,0,1,0,0,0,0,0.0,0.0,40.0,2.0,38.2,0.6,0.5,0.0,0.0,160.0,13.0,39.2,2.4,1.0,0.0,0.0,120.0,11.0,39.6,3.3,0.5833333333333334,4.5,33.0,400.0,0.0,0.2,1,1,90.6,9.0,1498,1482,1036,0.0,0.0,120.0,12.0,41.1,3.7,0.4666666666666667,0.0,0.0,80.0,6.0,39.4,1.4,0.35714285714285715,0.7,0.2,55.0,-1348.0,13.0,10.0,491.0,-0.1,0.0,0.08333333333333333,0.0,0.07142857142857142,-0.429999999999999,0.0,2.3023000000000025,0.9205000000000041,1.3205000000000027,3.435700000000004,1.1204999999999998,0.2214997325489906,0.9338094023942998,-2.0,0.0,,0.0,0.0,0.0,,,-0.0765765765765766
368,202009050206,0,0,0,0,0,0,0,3,0,0,0,0,0,0,0,0,0,0,0,0,0,0,0,0,0,0,0,0,0,0,0,0,0,0,0,0,0.0,0.0,10.0,,,,0.4,0.0,0.0,60.0,8.0,38.7,1.7,0.625,0.0,0.0,90.0,3.0,35.6,0.4,0.4375,-5.0,9.0,0.0,0.0,0.0,8,12,159.0,11.0,1672,771,1167,0.0,0.0,70.0,12.0,38.5,2.8,0.6153846153846154,0.0,0.0,40.0,3.0,37.1,0.5,0.46153846153846156,-0.6,0.5,55.0,-628.0,13.0,10.0,471.0,-0.1,0.0,-0.125,0.07692307692307693,0.0,0.19000000000000056,0.0,,1.7587000000000046,-1.3412999999999968,2.5833999999999975,0.15870000000000317,0.09382250647842176,1.2457427503300993,-1.0,0.0,,0.0,0.09090909090909091,0.0,,,
369,202009050206,1,1,0,1,0,2,0,7,0,0,0,0,1,1,0,0,0,0,0,1,0,0,0,0,0,0,0,0,0,0,0,0,0,0,0,0,0.0,0.0,11.0,13.0,43.5,4.1,0.7142857142857143,0.0,0.0,10.0,9.0,35.0,1.3,0.7692307692307693,,,,,,,,-4.0,4.0,-400.0,0.0,0.16666666666666666,4,4,119.5,10.0,1455,1313,1428,,,,,,,,,,,,,,,-4.0,0.0,55.0,-13.0,13.0,14.0,398.0,0.14285714285714285,0.0,,,,8.5,0.0,3.8740999999999985,-0.10649999999999693,,,,0.027472527472527486,4.25,0.0,1.0,0.0,0.0,0.14285714285714285,1.0,0.0,,
370,202009050206,1,5,2,16,0,0,0,2,0,0,0,0,0,1,0,2,0,0,0,0,0,0,0,0,0,0,0,0,0,0,0,0,0,0,0,0,0.0,0.0,,,,,,0.0,0.0,50.0,14.0,37.5,2.4,0.06666666666666667,0.0,0.0,50.0,10.0,36.8,1.6,0.0625,-4.0,,-400.0,0.1111111111111111,0.37037037037037035,3,3,46.5,7.0,1465,1378,1328,0.0,0.0,80.0,2.0,34.5,0.0,0.09090909090909091,0.0,0.0,100.0,7.0,33.9,0.6,0.8571428571428571,-2.9,0.25,54.0,-265.0,13.0,17.0,,,0.0,0.0,0.0,-0.07142857142857142,1.31,0.0,,1.5833999999999975,1.3407999999999944,-0.9592000000000027,-1.1747000000000014,0.33956186801204186,1.5105876340020792,0.0,0.0,,0.0,0.23076923076923078,0.0,,-0.1515151515151515,
371,202009050206,6,6,9,87,5,6,5,56,1,2,0,11,2,1,0,9,1,0,0,6,1,0,0,2,0,0,0,0,0,0,0,1,0,0,0,0,0.0,0.0,15.0,14.0,44.5,4.4,0.5625,0.0,0.0,14.0,11.0,36.2,2.4,0.6,0.0,0.0,14.0,11.0,38.7,2.6,0.3333333333333333,-1.5,-2.0,-400.0,0.11764705882352941,0.29411764705882354,4,5,170.8,12.0,1506,1013,199,0.0,0.0,12.0,11.0,36.1,1.8,0.38461538461538464,,,,,,,,-0.9,0.0,54.0,-188.0,13.0,16.0,382.0,0.3125,-0.06666666666666667,0.3333333333333333,0.0,,2.2699999999999996,0.0,4.8740999999999985,0.2834000000000003,1.3547000000000011,0.9935000000000045,,0.11338486449390754,3.4105534741446286,0.0,1.0,0.0,0.0,0.0,1.0,0.0,0.22863247863247863,0.2777777777777778
372,202009050206,6,16,6,73,0,0,0,2,0,0,0,0,2,3,2,15,0,0,0,0,0,0,0,0,0,0,0,1,0,0,0,0,0,0,0,0,0.0,0.0,9.0,9.0,42.0,2.6,0.4,0.0,0.0,14.0,13.0,38.1,3.2,0.5625,0.0,0.0,13.0,14.0,36.5,2.2,0.7333333333333333,2.5,19.0,0.0,0.08823529411764706,0.17647058823529413,7,10,70.8,8.0,1393,1553,1263,0.0,0.0,9.0,8.0,35.6,2.7,0.375,0.0,0.0,8.0,8.0,36.6,1.6,0.14285714285714285,-0.7,0.0,54.0,-767.0,13.0,10.0,503.0,0.0,0.1875,0.26666666666666666,0.125,0.0,1.3299999999999996,0.0,3.7205000000000013,1.1587000000000032,0.46999999999999886,0.1407999999999987,1.1531999999999982,0.1975510496898462,2.266803917413237,0.0,0.0,,0.0,0.16666666666666666,0.0,,0.2561056105610561,
373,202009050206,1,1,0,7,0,0,0,4,0,0,0,0,0,0,0,1,0,0,0,2,0,0,0,0,0,0,0,1,0,0,0,0,0,0,0,0,0.0,0.0,3.0,3.0,40.4,0.4,0.1111111111111111,0.0,0.0,16.0,15.0,44.0,6.4,0.3125,0.0,0.0,8.0,9.0,39.5,2.2,1.0,3.0,-8.0,0.0,0.0,0.0,8,13,175.1,13.0,1548,1039,1328,0.0,0.0,13.0,13.0,37.2,3.1,0.6153846153846154,,,,,,,,2.4,0.25,55.0,-410.0,13.0,9.0,494.0,0.0,0.6875,-0.1,0.07692307692307693,,1.4099999999999988,0.0,2.2462000000000018,4.3740999999999985,-0.046700000000001296,2.093500000000006,,0.3351582688437874,2.4468091466234134,1.0,1.0,0.0,0.0,0.0,1.0,0.0,,
374,202009050210,1,0,1,4,7,6,6,63,1,0,1,0,0,0,0,3,3,1,0,11,0,0,0,0,0,0,0,0,0,0,0,0,0,0,0,0,0.0,0.0,10.0,4.0,41.4,0.8,0.9090909090909091,0.0,0.0,170.0,15.0,33.6,0.9,1.0,0.0,0.0,170.0,15.0,35.5,1.9,0.7647058823529411,5.5,4.0,-200.0,0.25,0.5357142857142857,2,4,12.8,6.0,1310,1405,1618,0.0,0.0,160.0,16.0,36.5,1.7,0.9375,0.0,0.0,130.0,11.0,34.2,0.5,0.8125,1.5,0.0,55.0,-1098.0,16.0,11.0,504.0,-0.45454545454545453,0.0,0.0,0.0625,-0.125,1.1499999999999992,0.0,3.4833,-1.5531000000000006,0.4253,-1.4110999999999976,-0.9530999999999992,0.08519185066559473,2.770270744891191,-1.0,0.0,,0.058823529411764705,0.23529411764705882,0.0,,,0.32384823848238486
375,202009050210,2,2,4,44,2,0,0,12,0,0,0,5,0,0,0,2,0,0,0,0,0,0,0,0,0,0,0,0,0,0,0,0,0,0,0,0,0.0,0.0,7.0,10.0,40.3,3.2,1.0,0.0,0.0,13.0,12.0,34.0,1.1,0.6153846153846154,0.0,0.0,11.0,8.0,34.4,0.9,0.875,-1.0,19.0,-200.0,0.11538461538461539,0.34615384615384615,1,2,22.5,9.0,1328,1292,1263,0.0,0.0,13.0,11.0,34.1,1.5,0.9375,0.0,0.0,7.0,4.0,33.7,0.5,0.5454545454545454,-1.3,0.0,55.0,-1310.0,16.0,10.0,497.0,-0.1,-0.07692307692307693,-0.125,0.0625,0.18181818181818182,1.3099999999999987,0.0,2.227399999999996,-1.0747,-1.0592000000000041,-1.0064999999999955,-1.3746999999999971,0.18070158748471826,2.5099800796022254,-1.0,1.0,0.0,0.0,0.09090909090909091,1.0,0.0,-0.15384615384615385,
376,202009050210,6,16,6,73,5,6,4,36,0,2,0,2,2,3,2,15,0,4,1,4,0,2,0,0,0,0,0,0,0,0,0,0,0,0,0,0,0.0,0.0,15.0,13.0,34.2,1.1,0.7222222222222222,0.0,0.0,12.0,12.0,37.1,1.4,0.7142857142857143,0.0,0.0,12.0,12.0,34.8,1.3,0.4117647058823529,-0.5,-4.0,0.0,0.16129032258064516,0.3870967741935484,6,12,5.6,3.0,1393,1294,1263,0.0,0.0,7.0,7.0,33.9,0.5,0.25,0.0,0.0,17.0,12.0,34.8,0.7,0.6666666666666666,-0.7,0.0,55.0,-567.0,16.0,18.0,538.0,-0.05555555555555555,0.0,-0.058823529411764705,0.0,0.1111111111111111,0.20000000000000143,0.0,-0.9064999999999941,-0.5642999999999958,-0.27470000000000283,-1.1747000000000014,-0.3064999999999998,0.1893809709582309,1.1253443917308166,1.0,2.0,0.0,0.0,0.2857142857142857,2.0,0.0,0.2561056105610561,0.20588235294117646
377,202009050210,16,11,9,91,1,3,3,15,1,0,0,1,5,0,1,12,1,0,0,4,1,0,0,0,0,0,0,0,0,0,0,0,0,0,0,0,0.0,0.0,30.0,6.0,35.5,0.4,0.2727272727272727,0.0,0.0,20.0,7.0,35.7,0.5,0.2,0.0,0.0,20.0,1.0,34.9,0.0,0.16666666666666666,-2.5,2.0,0.0,0.15384615384615385,0.38461538461538464,5,9,4.5,2.0,1716,1599,1167,0.0,0.0,180.0,11.0,34.7,1.0,0.5555555555555556,0.0,0.0,80.0,1.0,35.2,0.0,0.35714285714285715,-0.6,0.4,54.0,29.0,16.0,11.0,464.0,0.18181818181818182,0.0,0.0,0.0,0.0,0.15999999999999942,0.0,-1.7381000000000029,0.5935000000000059,-0.20649999999999835,-0.37469999999999715,-0.3620999999999981,0.13896244449427714,0.3687817782917157,-1.0,4.0,0.5,0.1875,0.25,2.0,0.5,-0.15846456692913385,
378,202009050210,2,2,0,26,1,1,4,14,0,1,0,0,0,1,0,3,0,1,0,3,0,1,0,0,0,1,0,0,0,1,0,0,0,1,0,0,0.0,0.0,15.0,9.0,35.5,0.8,0.875,0.0,0.0,13.0,10.0,33.6,0.3,0.8888888888888888,0.0,0.0,10.0,1.0,33.7,0.0,0.6666666666666666,-4.0,0.0,-200.0,0.04,0.16,1,1,3.3,1.0,1036,460,1108,0.0,0.0,7.0,8.0,33.7,0.8,0.6875,0.0,0.0,4.0,8.0,33.7,0.5,0.6153846153846154,-0.4,0.2,54.0,-405.0,16.0,16.0,470.0,0.125,0.05555555555555555,-0.1111111111111111,0.0625,0.0,0.3499999999999993,0.0,0.2366000000000028,-1.5064999999999955,-1.406499999999994,-1.406499999999994,-1.3746999999999971,0.11298873757032984,0.7310266752998816,1.0,3.0,0.3333333333333333,0.0,0.42857142857142855,3.0,0.3333333333333333,-0.13333333333333333,
379,202009050210,7,5,6,58,5,6,4,36,0,1,1,3,1,1,0,6,0,4,1,4,0,0,0,1,0,0,0,0,0,0,0,0,0,0,0,0,0.0,0.0,6.0,9.0,13.7,2.8,0.8181818181818182,0.0,0.0,2.0,4.0,13.9,2.4,0.4,0.0,0.0,5.0,5.0,13.4,1.5,0.18181818181818182,-2.0,0.0,-1460.0,0.05714285714285714,0.2,2,3,27.5,10.0,1127,1294,1328,0.0,0.0,4.0,5.0,13.4,2.8,0.45454545454545453,0.0,0.0,5.0,7.0,14.0,6.7,0.7777777777777778,-0.3,0.0,54.0,-462.0,16.0,11.0,520.0,-0.09090909090909091,0.0,0.18181818181818182,0.09090909090909091,0.0,-0.010000000000000142,0.0,,,,,,0.24008501028182558,0.24819347291981703,-6.0,0.0,,0.0,0.0,0.0,,0.09649122807017543,0.20588235294117646
380,202009050210,0,0,1,3,2,1,2,15,0,0,0,0,0,0,0,1,2,0,0,3,0,0,0,0,0,0,0,0,0,0,0,0,0,0,0,0,0.0,0.0,90.0,2.0,35.2,0.2,0.6363636363636364,0.0,0.0,80.0,11.0,36.0,1.7,0.5,0.0,0.0,60.0,1.0,35.8,0.0,0.2,-0.5,0.0,0.0,0.09090909090909091,0.36363636363636365,4,8,12.4,5.0,1581,1708,1167,0.0,0.0,90.0,5.0,38.2,0.3,0.125,0.0,0.0,80.0,8.0,38.8,1.1,0.3125,0.6,0.4,55.0,29.0,16.0,11.0,506.0,0.0,0.07142857142857142,0.0,0.0,0.0625,-0.9399999999999992,0.0,-2.0381,0.9253,0.7252999999999972,-0.07949999999999591,0.5204999999999984,0.1891673796421073,1.4254823744964364,-2.0,1.0,1.0,0.3,0.4,0.0,,,
381,202009050210,16,11,9,91,1,2,1,6,0,0,1,2,5,0,1,12,0,0,1,2,0,0,1,0,0,0,0,0,0,0,0,0,0,0,0,0,0.0,0.0,5.0,9.0,34.7,0.3,0.5714285714285714,0.0,0.0,4.0,3.0,34.2,0.4,0.3888888888888889,0.0,0.0,11.0,11.0,34.2,0.8,0.46153846153846156,1.0,-6.0,200.0,0.0,0.19047619047619047,7,14,29.4,11.0,1716,1393,1167,0.0,0.0,11.0,2.0,33.9,0.0,0.25,0.0,0.0,7.0,9.0,36.2,0.7,0.4375,-0.1,0.4,53.0,-237.0,16.0,14.0,458.0,0.07142857142857142,0.0,-0.15384615384615385,0.0,-0.0625,-0.2699999999999996,0.0,-0.45309999999999917,-1.1653999999999982,-0.8746999999999971,-1.2064999999999984,-0.16159999999999997,0.10470214955930301,0.8212186067059132,-2.0,2.0,0.5,0.1111111111111111,0.5,1.0,1.0,-0.15846456692913385,
382,202009050210,2,8,6,29,0,0,0,8,0,0,0,1,0,2,3,4,0,0,0,0,0,0,0,0,0,0,0,0,0,0,0,0,0,0,0,0,0.0,0.0,2.0,10.0,42.7,2.6,0.45454545454545453,0.0,0.0,8.0,10.0,36.1,1.3,0.875,0.0,0.0,15.0,14.0,34.9,1.6,0.35294117647058826,2.0,2.0,0.0,0.0,0.0,3,5,38.4,12.0,1172,1433,1556,0.0,0.0,9.0,5.0,34.0,0.3,0.625,0.0,0.0,10.0,6.0,34.1,0.3,0.6923076923076923,-1.3,0.0,54.0,-915.0,16.0,11.0,488.0,0.18181818181818182,0.0,0.11764705882352941,0.0,0.07692307692307693,1.9300000000000004,0.0,4.420500000000004,-1.8110999999999962,-0.1747000000000014,-1.0747,-0.9746999999999986,0.18273794826237819,3.2579748310875587,-3.0,0.0,,,,0.0,,0.08194444444444443,0.0
383,202009050210,0,0,0,11,0,0,0,1,0,0,0,0,0,0,0,2,0,0,0,1,0,0,0,0,0,0,0,0,0,0,0,0,0,0,0,0,0.0,0.0,16.0,16.0,35.2,1.4,0.1875,0.0,0.0,18.0,16.0,33.5,0.8,1.0,0.0,0.0,16.0,14.0,38.6,2.4,0.9375,-1.0,-14.0,200.0,0.125,0.3125,6,11,9.7,4.0,1321,1417,1263,0.0,0.0,13.0,13.0,35.9,1.7,0.9230769230769231,0.0,0.0,15.0,14.0,34.2,1.3,1.0,-0.7,0.0,55.0,-1322.0,16.0,16.0,476.0,0.125,0.0,0.0625,-0.07692307692307693,0.0,-0.039999999999999855,0.0,0.04690000000000083,-1.653100000000002,0.32050000000000267,-2.3795,-1.0912999999999968,0.3126493725845533,1.7634057956125697,-2.0,1.0,0.0,0.13333333333333333,0.4,0.0,,,
384,202009050210,0,0,0,8,1,1,1,13,0,0,0,2,0,0,0,1,1,0,0,3,0,0,0,0,0,0,0,0,0,0,0,0,0,0,0,0,0.0,0.0,1.0,1.0,13.2,0.0,0.08333333333333333,0.0,0.0,1.0,1.0,13.4,0.0,0.07692307692307693,0.0,0.0,3.0,4.0,13.3,0.9,0.5,1.5,10.0,-1990.0,0.06666666666666667,0.26666666666666666,7,13,17.5,7.0,1170,1542,1404,0.0,0.0,5.0,1.0,13.6,0.0,0.07142857142857142,0.0,0.0,10.0,16.0,37.4,1.7,0.25,3.0,0.6,54.0,-461.0,16.0,12.0,504.0,0.0,0.0,-0.125,0.0,0.0,-4.86,0.0,,,,,2.0345999999999975,0.16596539661683457,9.610910466755998,-7.0,0.0,,0.14285714285714285,0.35714285714285715,0.0,,,
385,202009050210,5,7,13,75,0,0,0,2,0,0,0,1,0,0,3,5,0,0,0,0,0,0,0,0,0,0,0,0,0,0,0,0,0,0,0,0,0.0,0.0,9.0,9.0,38.9,1.7,0.5,0.0,0.0,18.0,17.0,34.7,1.7,0.6111111111111112,0.0,0.0,15.0,18.0,34.5,1.3,0.5555555555555556,4.5,-13.0,0.0,0.09090909090909091,0.18181818181818182,8,16,20.9,8.0,1691,1084,1167,0.0,0.0,13.0,9.0,34.2,0.5,0.625,0.0,0.0,14.0,15.0,36.4,1.1,0.26666666666666666,0.4,0.0,55.0,-745.0,16.0,12.0,493.0,0.0,0.0,-0.05555555555555555,0.0,0.06666666666666667,0.55,0.0,0.7462000000000018,-0.4064999999999941,-0.6064999999999969,-0.8746999999999971,1.2935000000000016,0.13024667953872834,1.755676507788378,-1.0,3.0,0.0,0.0,0.1111111111111111,3.0,0.0,0.13461538461538464,
386,202009050210,2,2,4,44,1,4,1,46,0,0,0,2,0,0,0,2,0,0,0,7,0,0,0,1,0,0,0,0,0,0,0,0,0,0,0,0,0.0,0.0,50.0,8.0,41.3,3.3,0.6666666666666666,0.0,0.0,160.0,12.0,33.6,0.7,0.8333333333333334,0.0,0.0,150.0,12.0,35.3,1.0,0.8666666666666667,2.0,-20.0,0.0,0.0,0.0,5,10,63.2,14.0,1328,1558,1263,0.0,0.0,170.0,15.0,34.3,0.8,0.8333333333333334,0.0,0.0,150.0,16.0,36.8,1.9,0.05555555555555555,1.9,0.0,55.0,-1059.0,16.0,9.0,488.0,0.3333333333333333,-0.05555555555555555,0.0,-0.1111111111111111,0.0,0.8300000000000004,0.0,3.6357,-1.5064999999999955,0.19350000000000023,-0.8064999999999998,1.7252999999999972,0.3058765990185593,2.7397810131468527,-1.0,3.0,0.0,0.0,0.07142857142857142,3.0,0.0,-0.15384615384615385,0.19230769230769232
387,202009050210,2,0,0,21,0,0,0,1,0,0,0,1,0,0,0,10,0,0,0,1,0,0,0,1,0,0,0,1,0,0,0,0,0,0,0,0,0.0,0.0,15.0,15.0,38.5,2.3,0.4666666666666667,0.0,0.0,14.0,14.0,36.1,1.7,0.14285714285714285,0.0,0.0,12.0,14.0,36.5,0.9,0.1111111111111111,-0.5,-8.0,0.0,1.0,1.0,8,15,60.2,13.0,1645,1026,1366,0.0,0.0,15.0,7.0,34.0,0.3,0.23529411764705882,0.0,0.0,16.0,13.0,38.1,2.0,0.625,-1.1,0.0,52.0,-1413.0,16.0,15.0,522.0,0.0,0.0,0.05555555555555555,-0.058823529411764705,0.25,0.28999999999999987,0.0,0.22050000000000125,0.9935000000000045,1.134599999999999,-1.106499999999997,-0.17949999999999733,0.1983192461855887,1.6044936896105266,0.0,2.0,0.0,0.058823529411764705,0.058823529411764705,2.0,0.0,,
388,202009050210,2,0,0,21,9,2,9,87,0,0,0,5,0,0,0,10,2,0,3,11,0,0,0,4,0,0,0,1,0,0,0,1,0,0,0,1,0.0,0.0,16.0,15.0,34.2,0.8,0.875,0.0,0.0,16.0,11.0,34.4,0.8,0.6111111111111112,0.0,0.0,14.0,7.0,34.7,1.2,0.6428571428571429,-4.0,6.0,0.0,0.0,0.0,4,7,183.8,16.0,1645,1263,1366,0.0,0.0,12.0,13.0,35.1,1.1,0.5,0.0,0.0,12.0,12.0,33.4,0.6,1.0,-0.4,0.0,50.0,0.0,16.0,16.0,474.0,0.0,0.0,0.07142857142857142,0.0,0.0,0.09000000000000057,0.0,-0.9064999999999941,-0.6747000000000014,-1.2224999999999966,-0.006499999999995509,-1.891300000000001,0.18355651913458493,0.5678027826631367,0.0,3.0,0.0,0.0,0.0,2.0,0.0,,0.1312659303313509
389,202009050210,0,0,0,0,0,0,0,0,0,0,0,0,0,0,0,0,0,0,0,0,0,0,0,0,0,0,0,0,0,0,0,0,0,0,0,0,0.0,0.0,15.0,16.0,34.9,1.4,0.75,0.0,0.0,6.0,12.0,36.7,1.4,0.5625,0.0,0.0,4.0,13.0,38.2,2.3,0.6875,-1.5,-8.0,0.0,0.0625,0.28125,3,6,116.8,15.0,429,658,377,0.0,0.0,1.0,16.0,42.7,7.0,0.625,0.0,0.0,3.0,1.0,35.7,0.0,0.125,-2.6,0.2,52.0,0.0,16.0,16.0,472.0,0.0625,0.25,0.0625,0.1875,0.0,-0.7600000000000009,0.0,-0.20649999999999835,-0.9642999999999944,0.046200000000006014,4.420500000000004,-2.579499999999996,0.22150056433336687,2.75942022896115,0.0,1.0,0.0,0.0,0.0,1.0,0.0,,
390,202009050312,5,5,6,40,1,0,0,2,1,0,0,0,1,1,1,3,1,0,0,0,1,0,0,0,0,0,1,0,0,0,0,0,0,0,0,0,0.0,0.0,14.0,13.0,36.7,1.8,0.3333333333333333,0.0,0.0,6.0,11.0,36.0,1.6,0.25,0.0,0.0,3.0,1.0,35.5,0.0,0.16666666666666666,-6.0,6.0,0.0,0.16666666666666666,0.36666666666666664,5,5,5.5,3.0,1736,1435,1482,0.0,0.0,9.0,14.0,36.8,1.6,0.2222222222222222,0.0,0.0,5.0,9.0,35.2,1.2,0.5,-0.5,0.2,54.0,-155.0,12.0,15.0,438.0,0.0,0.0,0.0,0.0,0.0,0.22000000000000028,0.0,1.4087000000000032,0.8935000000000031,0.39350000000000307,1.6935000000000002,0.09350000000000591,0.11600340565456167,0.6343500610861474,-1.0,5.0,0.2,0.2857142857142857,0.5,4.0,0.25,-0.1857142857142857,
391,202009050312,5,5,6,40,0,2,0,5,0,0,0,0,1,1,1,3,0,0,0,1,0,0,0,0,0,0,1,0,0,0,0,0,0,0,0,0,0.0,0.0,70.0,5.0,34.0,0.4,0.5,0.0,0.0,90.0,8.0,35.0,0.8,1.0,0.0,0.0,160.0,14.0,37.0,1.8,0.5625,4.5,4.0,-200.0,0.05405405405405406,0.21621621621621623,8,11,21.1,7.0,1736,1206,1482,0.0,0.0,100.0,8.0,36.5,0.5,0.625,0.0,0.0,50.0,5.0,37.0,0.6,0.6666666666666666,0.0,0.0,57.0,13.0,12.0,10.0,480.0,0.0,0.0,0.0,-0.0625,0.0,-0.75,0.0,-1.0747,-1.3616000000000028,-0.9110999999999976,-1.1642999999999972,-1.2794999999999987,0.1740051084818425,1.2000000000000002,3.0,1.0,0.0,0.0,0.21428571428571427,0.0,,-0.1857142857142857,
392,202009050312,39,30,28,143,3,3,2,15,2,1,1,5,3,3,0,11,0,0,0,1,0,0,0,1,0,1,0,2,0,0,0,0,0,0,0,0,0.0,0.0,6.0,5.0,38.6,0.5,0.9166666666666666,0.0,0.0,16.0,15.0,34.0,1.0,1.0,0.0,0.0,10.0,9.0,34.1,0.7,0.5,2.0,9.0,-300.0,0.0625,0.25,8,12,7.7,5.0,1428,1559,1263,0.0,0.0,9.0,5.0,35.1,0.1,0.875,0.0,0.0,15.0,9.0,34.0,0.3,0.5625,-0.2,0.0,55.0,-712.0,12.0,12.0,429.0,-0.4166666666666667,0.0,0.16666666666666666,0.0,0.0,0.8100000000000002,0.0,-0.7926000000000002,-2.0947999999999993,-1.0531000000000006,-0.26539999999999964,-1.153100000000002,0.2006932429798716,1.7692936443677179,0.0,0.0,,0.1111111111111111,0.2222222222222222,0.0,,-0.16026422764227644,-0.04782608695652174
393,202009050312,0,0,1,0,1,0,4,8,0,0,1,0,0,0,1,0,0,0,1,4,0,0,1,0,0,0,0,0,0,0,0,0,0,0,0,0,0.0,0.0,11.0,16.0,38.4,2.2,0.875,0.0,0.0,15.0,11.0,35.2,1.0,0.6875,0.0,0.0,11.0,15.0,34.6,1.3,0.7777777777777778,-0.5,14.0,0.0,0.26666666666666666,0.5666666666666667,6,7,7.5,4.0,1327,1592,1039,0.0,0.0,14.0,14.0,38.2,1.6,0.26666666666666666,0.0,0.0,18.0,18.0,37.0,2.7,0.7222222222222222,0.7,0.0,55.0,-478.0,12.0,16.0,488.0,0.0,-0.0625,-0.05555555555555555,-0.06666666666666667,0.16666666666666666,-0.020000000000000285,0.0,0.12049999999999983,0.04690000000000083,-0.5064999999999955,-0.07949999999999591,0.9052000000000007,0.20941128532090408,1.54194682139171,0.0,1.0,0.0,0.14285714285714285,0.2857142857142857,1.0,0.0,,
394,202009050312,5,5,6,40,0,1,1,8,0,0,0,1,1,1,1,3,0,0,0,1,0,0,0,0,0,0,1,0,0,0,0,1,0,0,0,0,0.0,0.0,11.0,12.0,34.3,1.0,0.8571428571428571,0.0,0.0,10.0,2.0,34.4,0.1,0.5,0.0,0.0,15.0,9.0,34.3,1.0,0.75,-1.5,2.0,0.0,0.0,0.0,4,4,38.2,8.0,1736,577,1482,0.0,0.0,10.0,10.0,34.7,0.9,0.6666666666666666,0.0,0.0,11.0,5.0,34.6,0.6,0.9230769230769231,-0.6,0.2,54.0,-386.0,12.0,14.0,494.0,0.0,-0.21428571428571427,0.0625,0.13333333333333333,-0.07692307692307693,-0.09000000000000127,0.0,-0.8064999999999998,-0.7531000000000034,-0.8531000000000049,-0.45309999999999917,-0.7653999999999996,0.14853649226912896,0.16248076809272152,0.0,1.0,0.0,0.17647058823529413,0.17647058823529413,1.0,0.0,-0.1857142857142857,
395,202009050312,13,9,17,98,1,1,4,14,0,0,2,3,0,0,1,9,0,1,0,3,0,0,0,0,0,0,0,1,0,0,0,1,0,0,0,0,0.0,0.0,4.0,7.0,36.8,1.0,0.7857142857142857,0.0,0.0,2.0,1.0,33.6,0.0,0.5714285714285714,0.0,0.0,4.0,2.0,34.2,0.2,0.9090909090909091,-2.5,4.0,-1600.0,0.08571428571428572,0.17142857142857143,6,8,3.7,2.0,1503,460,1263,0.0,0.0,4.0,6.0,34.6,1.0,0.9166666666666666,0.0,0.0,4.0,2.0,33.6,0.2,0.625,-0.5,0.6,57.0,-715.0,12.0,14.0,494.0,-0.07142857142857142,-0.14285714285714285,0.0,0.0,0.0,0.5399999999999991,0.0,0.23859999999999815,-2.4299999999999997,-1.0633999999999943,-0.47469999999999857,-1.8592000000000013,0.14227119765663085,1.182539639927557,2.0,0.0,,0.0,0.0,0.0,,-0.11075848936845445,
396,202009050312,16,11,9,91,3,10,6,42,1,1,4,8,5,0,1,12,1,0,0,4,1,0,0,0,1,0,0,1,0,0,0,0,0,0,0,0,0.0,0.0,16.0,15.0,35.1,1.3,0.9444444444444444,0.0,0.0,16.0,9.0,33.9,0.7,0.75,0.0,0.0,14.0,14.0,35.0,1.0,0.6875,-0.5,2.0,0.0,0.15625,0.40625,7,9,3.0,1.0,1716,1428,1167,0.0,0.0,12.0,9.0,33.8,0.4,0.25,0.0,0.0,12.0,14.0,35.4,1.0,0.1875,-0.2,0.0,56.0,-1430.0,12.0,18.0,478.0,-0.05555555555555555,0.0625,-0.125,0.0,0.0,-0.04999999999999929,0.0,-0.006499999999995509,-1.2531000000000034,-0.153100000000002,-1.3531000000000049,0.03459999999999752,0.29493538735806085,0.6590902821313641,0.0,1.0,0.0,0.0,0.2222222222222222,1.0,0.0,-0.15846456692913385,-0.20036429872495448
397,202009050312,3,0,1,12,0,0,0,4,0,0,0,1,1,0,0,5,0,0,0,1,0,0,0,0,0,0,0,0,0,0,0,0,0,0,0,0,0.0,0.0,15.0,14.0,36.9,1.9,0.875,0.0,0.0,18.0,17.0,37.2,1.6,0.5555555555555556,0.0,0.0,18.0,14.0,35.6,1.0,0.8333333333333334,0.0,-12.0,200.0,0.0,0.0,1,1,199.9,11.0,1729,557,1428,0.0,0.0,17.0,9.0,35.4,1.0,0.5555555555555556,0.0,0.0,18.0,16.0,35.9,1.2,0.8888888888888888,-0.4,0.0,54.0,-883.0,12.0,16.0,440.0,0.0625,-0.05555555555555555,0.0,0.0,-0.05555555555555555,0.38000000000000045,0.0,1.5345999999999975,1.1052000000000035,-0.4947999999999979,0.29350000000000165,0.6086999999999989,0.153055303488399,0.7183313998427195,-2.0,2.0,0.0,0.0,0.0,1.0,0.0,,
398,202009050312,0,1,0,7,1,3,0,15,0,1,0,2,0,0,0,1,0,1,0,4,0,0,0,0,0,0,0,0,0,0,0,0,0,0,0,0,0.0,0.0,11.0,11.0,35.9,1.3,0.7272727272727273,0.0,0.0,10.0,12.0,39.9,3.4,0.4166666666666667,0.0,0.0,8.0,5.0,34.2,0.6,0.6666666666666666,-3.0,6.0,-600.0,,,7,10,224.3,12.0,1655,1186,239,0.0,0.0,10.0,9.0,34.7,0.9,0.6,0.0,0.0,13.0,14.0,37.8,3.4,0.5,0.3,0.0,57.0,-554.0,12.0,11.0,540.0,0.09090909090909091,0.0,-0.1111111111111111,0.4,0.35714285714285715,0.13999999999999985,0.0,-0.016600000000003945,4.1736,-1.2468000000000004,-0.7591999999999999,2.3407999999999944,0.11194252756027988,2.10428135001002,5.0,0.0,,0.0,0.375,0.0,,,
399,202009050312,2,0,0,21,1,4,1,46,0,0,0,0,0,0,0,10,0,0,0,7,0,0,0,0,0,0,0,2,0,0,0,0,0,0,0,0,0.0,0.0,110.0,11.0,43.3,3.4,0.25,0.0,0.0,160.0,13.0,37.8,0.9,0.4375,0.0,0.0,110.0,15.0,39.7,2.7,0.125,2.0,16.0,0.0,0.17073170731707318,0.3902439024390244,3,3,10.5,6.0,1645,1558,1366,0.0,0.0,120.0,11.0,35.5,1.4,0.2777777777777778,0.0,0.0,60.0,10.0,36.4,0.9,0.16666666666666666,-0.4,0.0,56.0,-756.0,12.0,12.0,482.0,0.16666666666666666,0.25,0.0,0.0,0.08333333333333333,1.6099999999999994,0.0,5.6357,-0.021100000000004115,1.7889000000000053,0.346899999999998,1.2935000000000016,0.1081551240773988,2.770270744891192,0.0,1.0,0.0,0.0,0.2,1.0,0.0,,0.19230769230769232
400,202009050312,0,0,0,8,9,2,9,87,0,0,0,2,0,0,0,2,2,0,3,11,0,0,0,0,0,0,0,1,1,0,2,2,0,0,0,0,0.0,0.0,10.0,11.0,36.2,0.9,0.3333333333333333,0.0,0.0,15.0,13.0,35.2,0.9,0.5625,0.0,0.0,11.0,15.0,36.5,1.6,0.1875,2.0,2.0,0.0,0.2222222222222222,0.2222222222222222,5,6,72.9,10.0,1287,1263,1235,0.0,0.0,3.0,1.0,35.0,0.0,0.38461538461538464,0.0,0.0,6.0,6.0,35.0,0.6,0.0625,-2.2,0.2,52.0,0.0,12.0,12.0,454.0,-0.08333333333333333,0.0,0.125,0.0,0.0,0.26000000000000084,0.0,1.093500000000006,0.04690000000000083,1.134599999999999,-0.153100000000002,-0.153100000000002,0.17091178984480648,0.6400000000000002,0.0,1.0,0.0,0.1875,0.1875,1.0,0.0,,0.1312659303313509
401,202009050312,0,1,0,4,5,2,4,57,0,0,0,1,0,0,0,1,3,1,1,11,0,0,0,0,0,0,0,0,0,0,0,1,0,0,0,0,0.0,0.0,80.0,12.0,41.4,4.9,1.0,0.0,0.0,150.0,15.0,36.0,2.1,0.7333333333333333,0.0,0.0,130.0,13.0,34.3,1.2,1.0,0.5,11.0,-200.0,0.07692307692307693,0.3076923076923077,2,2,40.3,9.0,1449,1556,1306,0.0,0.0,90.0,12.0,35.9,1.0,0.5,0.0,0.0,180.0,15.0,34.5,1.8,0.3888888888888889,0.3,0.0,54.0,-1038.0,12.0,12.0,491.0,0.0,0.06666666666666667,0.0,0.0,-0.05555555555555555,1.39,0.0,3.3273999999999972,0.8935000000000031,-0.8531000000000049,0.7935000000000016,-0.5747,0.2509635751446467,2.585652722234755,0.0,2.0,0.0,0.15384615384615385,0.23076923076923078,2.0,0.0,,-0.09033613445378152
402,202009050404,0,0,0,0,0,3,1,6,0,0,0,0,0,0,0,0,0,0,0,0,0,0,0,0,0,0,0,0,0,0,0,0,0,0,0,0,0.0,0.0,7.0,16.0,37.1,1.4,0.125,0.0,0.0,9.0,7.0,35.1,0.5,0.2,0.0,0.0,14.0,15.0,34.2,1.0,0.7777777777777778,-0.5,-6.0,200.0,0.08333333333333333,0.16666666666666666,1,2,3.4,1.0,1657,391,1317,0.0,0.0,13.0,8.0,34.3,0.5,0.1111111111111111,0.0,0.0,7.0,10.0,33.8,1.2,0.6666666666666666,-1.1,0.0,54.0,-1085.0,17.0,16.0,472.0,0.0625,0.0,0.0,0.0,0.0,0.7400000000000013,0.0,1.9468999999999994,-0.19129999999999825,-0.9530999999999992,-0.8064999999999998,-1.3531000000000049,0.28637582144991064,1.1781341180018523,-3.0,2.0,0.0,0.0,0.16666666666666666,1.0,0.0,,
403,202009050404,5,3,4,39,0,0,0,4,0,0,0,0,0,1,1,5,0,0,0,1,0,0,0,0,0,0,1,5,0,0,0,0,0,0,0,0,0.0,0.0,6.0,5.0,33.4,0.6,0.75,0.0,0.0,7.0,7.0,36.2,1.4,0.18181818181818182,0.0,0.0,1.0,6.0,35.7,1.0,0.2727272727272727,0.5,-2.0,-200.0,0.05263157894736842,0.23684210526315788,6,11,31.3,7.0,1152,557,1428,0.0,0.0,5.0,1.0,34.3,0.0,0.16666666666666666,0.0,0.0,7.0,2.0,35.2,0.2,0.11764705882352941,-1.2,0.4,54.0,-182.0,17.0,8.0,436.0,-0.125,0.0,0.0,0.0,0.0,-0.1700000000000003,0.0,-1.8633999999999986,1.093500000000006,0.5469000000000008,-0.8531000000000049,0.09350000000000591,0.2316101436298697,1.0011992808627082,3.0,2.0,0.5,0.18181818181818182,0.18181818181818182,2.0,0.5,,
404,202009050404,0,0,0,0,3,3,3,9,0,0,0,0,0,0,0,0,0,0,0,0,0,0,0,0,0,0,0,0,0,0,0,0,0,0,0,0,0.0,0.0,5.0,8.0,38.0,2.1,0.9285714285714286,0.0,0.0,13.0,10.0,36.6,1.0,0.75,0.0,0.0,10.0,7.0,37.1,1.3,0.9375,-0.5,20.0,0.0,0.06060606060606061,0.2727272727272727,6,12,33.5,9.0,1657,1362,1317,0.0,0.0,4.0,5.0,38.5,1.1,0.8461538461538461,0.0,0.0,6.0,5.0,37.5,1.0,0.8125,-1.1,0.0,54.0,-1393.0,17.0,14.0,448.0,0.0,0.0,-0.0625,0.07692307692307693,0.0,-0.08999999999999986,0.0,-0.27949999999999875,-1.5537999999999954,-1.1794999999999973,0.8357000000000028,-0.7794999999999987,0.0708921638054804,0.665131565932635,-1.0,0.0,,0.0,0.0,0.0,,,
405,202009050404,6,6,9,87,9,2,9,87,3,0,1,21,2,1,0,9,2,0,3,11,0,0,0,1,0,0,0,0,0,0,0,1,0,0,0,0,0.0,0.0,6.0,8.0,46.9,4.1,0.4,0.0,0.0,4.0,12.0,36.0,1.0,0.6666666666666666,0.0,0.0,10.0,9.0,34.6,1.0,0.9411764705882353,0.5,25.0,-470.0,0.0,0.0,8,15,19.6,6.0,1506,1263,199,0.0,0.0,6.0,4.0,34.4,0.3,0.5294117647058824,,,,,,,,-1.5,0.0,54.0,-751.0,17.0,10.0,439.0,0.4,-0.16666666666666666,-0.058823529411764705,0.0,,3.8899999999999997,0.0,,0.846899999999998,-0.47469999999999857,-0.7064999999999984,,0.2006980321660884,5.189592951282402,0.0,1.0,0.0,0.0,0.16666666666666666,1.0,0.0,0.22863247863247863,0.1312659303313509
406,202009050404,3,0,1,12,0,2,0,11,0,0,0,0,1,0,0,5,0,0,0,2,0,0,0,0,1,0,0,3,0,0,0,0,0,0,0,0,0.0,0.0,7.0,8.0,39.4,2.8,1.0,0.0,0.0,9.0,16.0,36.3,1.5,0.16666666666666666,0.0,0.0,7.0,15.0,40.9,3.6,0.125,3.5,46.0,100.0,0.16666666666666666,0.38095238095238093,5,10,6.0,4.0,1729,1170,1428,0.0,0.0,1.0,7.0,36.9,1.0,0.1111111111111111,0.0,0.0,4.0,5.0,35.5,0.4,0.058823529411764705,-1.5,0.0,54.0,-712.0,17.0,11.0,476.0,0.0,0.0,0.0625,0.0,0.0,0.7199999999999995,0.0,1.8085999999999984,1.1468999999999951,2.988900000000001,1.7468999999999966,0.39350000000000307,0.3555145533355686,2.0258331619360956,0.0,1.0,0.0,,,1.0,0.0,,
407,202009050404,10,7,10,36,0,0,0,5,0,0,0,0,1,2,3,2,0,0,0,2,0,0,0,0,0,1,1,0,0,0,0,0,0,0,0,0,0.0,0.0,4.0,5.0,39.9,1.0,0.1111111111111111,0.0,0.0,12.0,14.0,35.4,1.6,0.7777777777777778,0.0,0.0,11.0,10.0,39.0,2.8,0.5333333333333333,2.5,16.0,0.0,0.10714285714285714,0.35714285714285715,7,14,5.3,3.0,1167,1438,460,0.0,0.0,12.0,15.0,35.4,2.3,0.23529411764705882,0.0,0.0,12.0,14.0,37.5,2.5,0.375,1.9,0.0,54.0,-1347.0,17.0,9.0,426.0,0.1111111111111111,0.0,0.06666666666666667,0.058823529411764705,0.0,0.4799999999999997,0.0,1.6204999999999998,0.24689999999999657,1.0889000000000024,0.3252999999999986,2.393500000000003,0.23302024911750166,1.8336848147923352,-1.0,1.0,0.0,0.0,0.26666666666666666,1.0,0.0,-0.11607142857142855,
408,202009050404,0,0,0,0,2,2,0,7,0,0,0,0,0,0,0,0,0,0,0,1,0,0,0,0,0,0,0,0,0,0,0,1,0,0,0,0,0.0,0.0,3.0,1.0,36.4,0.0,0.3,0.0,0.0,4.0,6.0,34.8,0.4,0.3888888888888889,0.0,0.0,11.0,7.0,34.4,0.2,0.4444444444444444,3.0,1.0,580.0,0.1111111111111111,0.2777777777777778,4,7,178.3,15.0,1426,1036,306,0.0,0.0,10.0,14.0,39.7,2.6,0.26666666666666666,0.0,0.0,7.0,9.0,38.8,2.6,0.8125,2.4,0.2,54.0,-514.0,17.0,10.0,445.0,-0.1,0.0,0.0,0.0,0.0,-0.9700000000000003,0.0,,-0.35310000000000485,-0.7531000000000034,1.7889000000000053,0.6462000000000003,0.19544899243018704,2.1131966306995675,1.0,0.0,,0.16666666666666666,0.16666666666666666,0.0,,,
409,202009050404,0,0,0,6,0,0,0,0,0,0,0,0,0,0,0,0,0,0,0,0,0,0,0,0,0,0,0,0,0,0,0,0,0,0,0,0,0.0,0.0,30.0,30.0,39.2,2.1,0.25,0.0,0.0,100.0,90.0,34.4,0.8,0.9375,0.0,0.0,150.0,70.0,34.2,0.7,0.75,20.0,7.0,0.0,0.25,0.75,5,9,4.2,2.0,1482,1507,1263,0.0,0.0,160.0,70.0,34.6,0.2,0.8125,0.0,0.0,140.0,160.0,34.7,1.1,0.8333333333333334,24.0,0.0,54.0,-1345.0,17.0,8.0,463.0,0.0,0.0,0.0,-0.0625,0.0,0.8799999999999997,0.0,0.9205000000000041,-0.7531000000000034,-0.9530999999999992,-1.494799999999998,-1.3947999999999965,0.24101924773299288,1.897788186284234,0.0,0.0,,0.0,0.0,0.0,,,
410,202009050404,1,0,0,2,3,0,6,43,0,0,0,0,0,0,0,0,0,0,0,7,0,0,0,0,0,0,0,0,0,0,0,3,0,0,0,0,0.0,0.0,40.0,50.0,40.1,1.4,0.5555555555555556,0.0,0.0,130.0,140.0,40.1,4.6,0.9333333333333333,0.0,0.0,40.0,140.0,42.2,4.1,0.375,45.0,6.0,-100.0,0.125,0.125,3,5,110.7,14.0,1605,1183,1,0.0,0.0,140.0,90.0,35.3,0.8,0.23529411764705882,,,,,,,,12.0,0.0,53.0,-402.0,17.0,9.0,466.0,0.1111111111111111,0.06666666666666667,0.125,0.17647058823529413,,1.230000000000001,0.0,,1.8205000000000027,2.5741000000000014,0.19350000000000023,,0.26177236508402485,2.531180554602933,-1.0,1.0,0.0,0.0,0.16666666666666666,1.0,0.0,,0.07692307692307693
411,202009050404,2,0,0,21,9,2,9,87,0,0,0,5,0,0,0,10,2,0,3,11,0,0,0,4,0,0,0,1,0,0,0,1,0,0,0,0,0.0,0.0,40.0,60.0,40.4,1.6,0.42857142857142855,0.0,0.0,180.0,170.0,38.2,4.8,1.0,0.0,0.0,160.0,150.0,39.2,3.4,0.875,45.0,11.0,-100.0,0.0,0.14285714285714285,8,17,86.5,13.0,1645,1263,1366,0.0,0.0,110.0,150.0,39.6,3.2,0.5625,0.0,0.0,130.0,100.0,35.6,1.1,0.4117647058823529,6.0,0.0,54.0,-546.0,17.0,7.0,433.0,0.42857142857142855,0.0,0.0,0.25,0.0,0.8199999999999996,0.0,,3.046900000000001,1.2889000000000053,1.6889000000000038,0.4935000000000045,0.23933781461856543,1.6589153082662171,0.0,1.0,0.0,0.0,0.0,1.0,0.0,,0.1312659303313509
412,202009050404,5,3,4,39,0,1,2,0,0,0,0,0,0,1,1,5,0,1,1,0,0,0,0,0,0,0,1,5,0,0,1,0,0,0,0,0,0.0,0.0,12.0,9.0,38.1,1.8,0.625,0.0,0.0,16.0,16.0,37.8,2.6,1.0,0.0,0.0,13.0,9.0,36.3,1.0,0.6875,0.0,14.0,200.0,0.07142857142857142,0.2857142857142857,2,4,47.3,10.0,1152,57,1428,0.0,0.0,12.0,13.0,36.3,1.8,0.5625,0.0,0.0,3.0,1.0,38.1,0.0,0.2857142857142857,-1.9,0.2,53.0,-392.0,17.0,16.0,462.0,0.125,0.0,-0.0625,0.125,-0.14285714285714285,0.15,0.0,0.18890000000000384,0.10829999999999984,-1.1177000000000064,1.1468999999999951,0.18890000000000384,0.22947644492520403,0.8400000000000016,0.0,0.0,,0.25,0.25,0.0,,,
413,202009050404,2,8,6,29,1,4,1,14,0,0,0,0,0,2,3,4,0,0,0,2,0,0,0,0,0,0,1,0,0,0,0,0,0,0,0,0,0.0,0.0,9.0,10.0,39.1,1.8,0.8181818181818182,0.0,0.0,13.0,12.0,39.8,2.5,0.9375,0.0,0.0,16.0,14.0,42.3,3.6,0.8125,2.0,4.0,0.0,0.0,0.0,4,8,77.6,11.0,1172,1014,1556,0.0,0.0,14.0,16.0,44.0,5.8,0.8125,0.0,0.0,10.0,11.0,40.8,3.0,0.875,0.6,0.0,54.0,-1343.0,17.0,11.0,480.0,0.09090909090909091,0.0,0.125,0.125,0.0,-0.7599999999999995,0.0,0.8205000000000027,0.40739999999999554,2.9073999999999955,4.3740999999999985,1.1740999999999957,0.04919286550434855,1.7652195330892981,2.0,0.0,,0.0,0.0,0.0,,0.08194444444444443,
414,202009050404,0,0,0,0,3,10,6,42,0,0,0,0,0,0,0,0,1,0,0,4,0,0,0,0,0,0,0,0,0,0,0,1,0,0,0,0,0.0,0.0,5.0,8.0,38.8,1.1,0.9166666666666666,0.0,0.0,16.0,16.0,36.4,2.4,0.9375,0.0,0.0,15.0,12.0,36.8,1.8,0.7333333333333333,2.0,26.0,-300.0,0.037037037037037035,0.14814814814814814,2,3,31.8,8.0,1584,1428,1362,0.0,0.0,8.0,13.0,34.6,2.7,0.8235294117647058,,,,,,,,1.1,0.0,54.0,-1339.0,17.0,12.0,442.0,0.0,0.0625,0.2,0.0,,1.2199999999999989,0.0,-0.5926000000000045,1.2468999999999966,0.4251000000000005,-0.5064999999999955,,0.08121281551594736,1.4924811556599284,2.0,1.0,0.0,0.0,0.3,1.0,0.0,,-0.20036429872495448
415,202009050404,0,0,0,0,0,2,7,28,0,0,0,0,0,0,0,0,0,0,2,4,0,0,0,0,0,0,0,0,0,0,0,1,0,0,0,0,0.0,0.0,15.0,13.0,39.7,2.6,0.9375,0.0,0.0,17.0,14.0,35.9,3.6,0.7058823529411765,,,,,,,,1.0,8.0,-300.0,0.05555555555555555,0.16666666666666666,3,6,238.1,17.0,1586,1482,1167,,,,,,,,,,,,,,,1.0,0.0,54.0,-287.0,17.0,16.0,480.0,-0.0625,0.058823529411764705,,,,3.8000000000000043,0.0,0.30740000000000123,0.7935000000000016,,,,0.11580882352941174,1.9000000000000021,4.0,1.0,0.0,0.0,0.0,1.0,0.0,,-0.0765765765765766
416,202009050404,5,7,13,75,3,10,6,42,0,3,0,4,0,0,3,5,1,0,0,4,0,0,0,0,0,0,0,0,0,0,0,1,0,0,0,0,0.0,0.0,12.0,11.0,45.5,6.2,0.5833333333333334,0.0,0.0,15.0,13.0,39.2,2.4,0.6875,0.0,0.0,12.0,10.0,39.6,1.3,0.6923076923076923,-0.5,18.0,-100.0,0.2,0.2,7,13,86.2,12.0,1691,1428,1167,0.0,0.0,12.0,6.0,41.1,2.8,0.6428571428571429,0.0,0.0,13.0,8.0,39.1,1.1,0.8571428571428571,-1.3,0.0,51.0,-1053.0,17.0,12.0,452.0,0.4166666666666667,0.125,-0.07692307692307693,-0.21428571428571427,0.0,1.0899999999999999,0.0,,-0.34669999999999845,0.5613000000000028,1.5533000000000001,-0.5259,0.09111970103556585,2.409149227424486,-3.0,0.0,,0.0,0.25,0.0,,0.13461538461538464,-0.20036429872495448
417,202009050404,16,11,9,91,1,2,1,6,0,0,1,2,5,0,1,12,0,0,1,2,0,0,1,0,1,0,0,2,0,0,0,2,0,0,0,0,0.0,0.0,7.0,4.0,41.5,1.2,0.5833333333333334,0.0,0.0,7.0,4.0,40.5,0.7,0.6923076923076923,0.0,0.0,6.0,8.0,40.0,2.0,0.5714285714285714,2.0,15.0,0.0,0.1935483870967742,0.3870967741935484,8,16,12.7,5.0,1716,1393,1167,0.0,0.0,5.0,10.0,37.8,2.5,0.9375,0.0,0.0,5.0,16.0,37.9,7.3,0.9411764705882353,3.0,0.0,54.0,-1346.0,17.0,12.0,471.0,0.0,-0.23076923076923078,0.21428571428571427,0.0,-0.058823529411764705,0.9900000000000005,0.0,3.346200000000003,0.9532999999999987,0.37409999999999854,-0.4795000000000016,2.7935000000000016,0.16406156009647427,1.462326912834474,0.0,1.0,0.0,0.0,0.0,1.0,0.0,-0.15846456692913385,
418,202009050404,0,0,0,0,0,0,0,2,0,0,0,0,0,0,0,0,0,0,0,0,0,0,0,0,0,0,0,0,0,0,0,0,0,0,0,0,0.0,0.0,16.0,17.0,38.4,7.6,0.8235294117647058,,,,,,,,,,,,,,,,,0.0,0.0,0.0,1,1,210.4,16.0,1089,1084,1428,,,,,,,,,,,,,,,,0.0,54.0,0.0,17.0,17.0,464.0,0.058823529411764705,,,,,,,3.2935000000000016,,,,,,,0.0,1.0,0.0,0.0,0.3333333333333333,1.0,0.0,,
419,202009050503,5,3,4,39,0,0,1,1,0,0,0,0,0,1,1,5,0,0,0,0,0,0,0,0,0,1,0,0,0,0,0,0,0,0,0,0,0.0,0.0,50.0,70.0,41.6,2.6,0.1111111111111111,0.0,0.0,120.0,120.0,36.8,2.2,0.7692307692307693,0.0,0.0,100.0,120.0,35.7,1.7,1.0,25.0,2.0,0.0,0.18181818181818182,0.36363636363636365,6,8,2.4,1.0,1152,549,1428,0.0,0.0,50.0,120.0,34.8,0.8,0.7142857142857143,0.0,0.0,80.0,120.0,13.8,6.9,0.3076923076923077,10.0,0.0,55.0,-1039.0,13.0,9.0,490.0,0.1111111111111111,0.15384615384615385,0.0,0.0,0.5384615384615384,5.76,0.0,3.4462000000000046,1.434599999999996,0.6253000000000029,-1.2948000000000022,,0.3238049196997896,9.659316746022983,-1.0,0.0,,0.0,0.25,0.0,,,
420,202009050503,0,0,0,0,2,3,2,34,0,0,0,0,0,0,0,0,0,0,0,8,0,0,0,0,0,0,0,0,0,0,0,3,0,0,0,0,0.0,0.0,40.0,4.0,38.2,0.6,0.38461538461538464,0.0,0.0,60.0,5.0,35.9,0.8,0.4,0.0,0.0,130.0,6.0,34.5,0.8,0.3888888888888889,1.0,2.0,0.0,0.0,0.0,7,10,53.7,10.0,1460,1235,1345,,,,,,,,,,,,,,,1.0,0.0,55.0,27.0,13.0,13.0,432.0,0.0,0.1,-0.1111111111111111,,,1.8500000000000014,0.0,1.8384,0.8252999999999986,-0.5747,,,0.006484220328627376,1.5253414918196746,2.0,1.0,0.0,0.0,0.0,0.0,,,-0.08739837398373985
421,202009050503,5,3,4,39,1,2,1,14,0,0,1,1,0,1,1,5,0,0,1,0,0,0,1,0,0,1,0,0,0,0,0,0,0,0,0,0,0.0,0.0,4.0,8.0,35.5,0.5,0.3333333333333333,0.0,0.0,4.0,6.0,35.8,0.1,0.375,0.0,0.0,1.0,7.0,34.9,0.2,0.25,-0.5,-2.0,200.0,0.05263157894736842,0.15789473684210525,7,11,10.7,5.0,1152,324,1428,0.0,0.0,2.0,5.0,34.2,0.4,0.15384615384615385,0.0,0.0,4.0,6.0,34.9,0.8,0.16666666666666666,-0.5,0.0,54.0,-609.0,13.0,15.0,440.0,0.0,0.0,0.0,0.07692307692307693,0.0,0.2799999999999997,0.0,0.13459999999999894,0.4345999999999961,-0.25310000000000343,-1.1653999999999982,-0.25310000000000343,0.08785559845647083,0.5535341001239205,-1.0,0.0,,0.0,0.06666666666666667,0.0,,,
422,202009050503,0,0,0,0,0,0,0,0,0,0,0,0,0,0,0,0,0,0,0,0,0,0,0,0,0,0,0,0,0,0,0,0,0,0,0,0,0.0,0.0,80.0,3.0,34.7,0.8,0.35294117647058826,0.0,0.0,50.0,6.0,34.3,0.9,0.8333333333333334,,,,,,,,3.0,6.0,0.0,0.058823529411764705,0.29411764705882354,2,2,7.8,4.0,204,703,4,,,,,,,,,,,,,,,3.0,0.5,55.0,14.0,13.0,17.0,512.0,0.0,0.0,,,,0.4000000000000057,0.0,-0.4064999999999941,-0.8531000000000049,,,,0.24019607843137256,0.20000000000000284,0.0,1.0,1.0,0.0,0.3333333333333333,1.0,1.0,,
423,202009050503,5,5,6,40,2,0,1,11,0,0,0,0,1,1,1,3,0,0,0,1,0,0,0,0,1,0,0,2,0,0,0,1,0,0,0,0,0.0,0.0,11.0,9.0,13.8,7.0,0.5,0.0,0.0,11.0,8.0,13.7,6.5,0.6666666666666666,0.0,0.0,11.0,11.0,14.5,10.6,0.9166666666666666,1.0,0.0,-1460.0,0.0,0.15384615384615385,3,3,21.0,7.0,1736,1442,1482,0.0,0.0,9.0,12.0,14.2,8.8,0.46153846153846156,0.0,0.0,13.0,8.0,33.8,0.8,0.6923076923076923,0.2,0.0,55.0,-1183.0,13.0,12.0,468.0,0.25,-0.08333333333333333,-0.08333333333333333,0.46153846153846156,-0.07692307692307693,-4.049999999999999,0.0,,,,,-1.3064999999999998,0.16196524817798724,7.905188169803423,-5.0,1.0,0.0,0.0,0.09090909090909091,1.0,0.0,-0.1857142857142857,
424,202009050503,0,0,0,0,5,2,1,29,0,0,0,0,0,0,0,0,0,0,1,5,0,0,0,0,0,0,0,0,0,0,1,2,0,0,0,0,0.0,0.0,160.0,120.0,38.5,1.5,0.9375,0.0,0.0,40.0,110.0,40.6,2.6,0.5333333333333333,0.0,0.0,40.0,50.0,38.7,2.0,0.3333333333333333,-35.0,-3.0,200.0,0.0,0.0,8,13,14.2,6.0,1657,1306,1317,0.0,0.0,20.0,40.0,37.4,0.5,0.6875,0.0,0.0,20.0,90.0,38.8,1.0,0.5,-13.0,0.0,54.0,-1325.0,13.0,16.0,449.0,-0.1875,0.06666666666666667,0.13333333333333333,-0.0625,0.0,0.26000000000000084,0.0,0.6788999999999987,1.2073999999999998,-0.9258999999999986,-0.7537999999999982,0.5204999999999984,0.2035210881784326,1.0295630140987009,-2.0,0.0,,0.2222222222222222,0.2222222222222222,0.0,,,-0.04954954954954957
425,202009050503,3,0,1,12,0,0,0,0,0,0,0,0,1,0,0,5,0,0,0,0,0,0,0,0,0,0,0,2,0,0,0,0,0,0,0,0,0.0,0.0,110.0,4.0,35.4,0.4,0.6111111111111112,0.0,0.0,120.0,3.0,35.6,0.1,0.1875,,,,,,,,-1.0,4.0,0.0,0.045454545454545456,0.22727272727272727,8,12,23.2,8.0,1729,617,1428,,,,,,,,,,,,,,,-1.0,0.5,55.0,27.0,13.0,18.0,456.0,0.0,0.0,,,,-0.20000000000000284,0.0,0.29350000000000165,0.5253000000000014,,,,0.21180555555555558,0.10000000000000142,0.0,1.0,0.0,0.0,0.15384615384615385,1.0,0.0,,
426,202009050503,4,6,2,18,3,0,6,43,0,0,0,0,0,1,1,8,0,0,0,7,0,0,0,0,0,0,1,4,0,0,0,0,0,0,0,0,0.0,0.0,15.0,13.0,40.6,4.4,0.9333333333333333,0.0,0.0,13.0,13.0,37.2,2.4,1.0,0.0,0.0,8.0,10.0,36.6,2.2,0.5833333333333334,-1.5,-6.0,-300.0,0.0,0.07142857142857142,5,7,6.2,3.0,1098,1183,1294,0.0,0.0,5.0,5.0,41.1,1.3,0.5555555555555556,0.0,0.0,9.0,7.0,35.8,0.9,0.3888888888888889,-2.0,0.0,54.0,-1085.0,13.0,15.0,490.0,-0.06666666666666667,0.0,0.08333333333333333,-0.1111111111111111,0.0,0.570000000000001,0.0,1.3905999999999992,-0.21770000000000067,-0.8340999999999994,2.8205000000000027,0.6935000000000002,0.2346944428005944,2.1666564102321355,0.0,1.0,0.0,0.0,0.5,1.0,0.0,,0.07692307692307693
427,202009050503,0,1,0,7,0,0,0,1,0,0,0,0,0,0,0,2,0,0,0,1,0,0,0,0,0,0,0,0,0,0,0,0,0,0,0,0,0.0,0.0,10.0,10.0,37.1,2.9,0.9090909090909091,0.0,0.0,14.0,14.0,40.1,2.6,0.0625,0.0,0.0,14.0,14.0,39.3,3.2,0.06666666666666667,2.0,19.0,500.0,0.05,0.25,5,6,37.8,9.0,1687,1423,1345,0.0,0.0,12.0,15.0,37.7,2.0,0.23529411764705882,0.0,0.0,9.0,9.0,36.4,1.3,0.38461538461538464,-0.1,0.0,54.0,-540.0,13.0,11.0,447.0,0.0,0.0,0.13333333333333333,0.35294117647058826,0.0,0.38000000000000045,0.0,,1.9462000000000046,3.3833999999999946,2.546900000000001,1.2935000000000016,0.31246941597296796,1.377534028617805,0.0,1.0,0.0,0.14285714285714285,0.2857142857142857,1.0,0.0,,
428,202009050503,0,0,0,0,0,1,0,1,0,0,0,0,0,0,0,0,0,0,0,0,0,0,0,0,0,0,0,0,0,0,0,0,0,0,0,0,0.0,0.0,10.0,30.0,40.2,1.5,0.2857142857142857,0.0,0.0,140.0,130.0,36.9,1.9,0.6875,0.0,0.0,80.0,130.0,37.0,1.6,0.8,50.0,7.0,-100.0,0.0,0.0,6,9,239.0,12.0,1463,527,1167,0.0,0.0,140.0,160.0,38.4,2.7,0.8125,0.0,0.0,60.0,90.0,36.4,1.3,0.5384615384615384,15.0,0.0,55.0,-1324.0,13.0,7.0,463.0,0.0,0.0625,0.0,0.0,0.07692307692307693,0.6100000000000009,0.0,,-0.9233000000000047,-0.4177000000000035,0.488900000000001,-1.2642999999999986,0.19610765685747886,1.3804347141389932,-1.0,0.0,,0.0,0.0,0.0,,,
429,202009050503,0,0,0,0,0,0,0,0,0,0,0,0,0,0,0,0,0,0,0,0,0,0,0,0,0,0,0,0,0,0,0,0,0,0,0,0,0.0,0.0,6.0,4.0,41.4,0.6,0.5,0.0,0.0,8.0,12.0,35.9,0.9,0.058823529411764705,0.0,0.0,4.0,3.0,35.6,0.2,0.05555555555555555,-0.5,9.0,0.0,0.15151515151515152,0.3939393939393939,4,5,5.3,2.0,1657,975,1317,0.0,0.0,2.0,6.0,35.3,0.2,0.05555555555555555,0.0,0.0,4.0,11.0,41.0,2.1,0.0625,0.8,0.2,55.0,-754.0,13.0,10.0,473.0,0.0,0.0,0.0,0.0,0.0,0.13999999999999985,0.0,3.1205,-0.19480000000000075,0.23460000000000036,0.14689999999999515,3.3357000000000028,0.17677510944194305,2.7528893911670336,-1.0,0.0,,0.13333333333333333,0.3333333333333333,0.0,,,
430,202009050503,0,0,0,3,5,6,4,36,0,0,0,0,0,0,0,2,0,4,1,4,0,0,0,0,0,0,0,1,0,1,1,1,0,0,0,0,0.0,0.0,100.0,12.0,43.8,3.5,0.4166666666666667,0.0,0.0,130.0,12.0,41.4,2.5,0.06666666666666667,0.0,0.0,60.0,10.0,40.9,3.8,0.35714285714285715,-1.0,41.0,0.0,0.0,0.3333333333333333,4,4,151.8,11.0,1343,1294,1428,0.0,0.0,120.0,8.0,38.4,1.5,0.7777777777777778,0.0,0.0,110.0,12.0,36.8,2.4,0.8461538461538461,-0.4,0.0,53.0,-1328.0,13.0,12.0,477.0,0.5833333333333334,0.06666666666666667,-0.07142857142857142,-0.05555555555555555,0.0,1.7,0.0,6.1357,1.7740999999999971,1.2740999999999971,3.108699999999999,1.6935000000000002,0.2870052277526469,2.436062396573618,-1.0,2.0,0.0,0.0,0.4444444444444444,1.0,0.0,,0.20588235294117646
431,202009050503,0,0,0,2,0,0,0,4,0,0,0,0,0,0,0,1,0,0,0,0,0,0,0,0,0,0,0,0,0,0,0,0,0,0,0,0,0.0,0.0,6.0,6.0,39.7,2.5,0.8571428571428571,0.0,0.0,16.0,16.0,37.4,3.3,1.0,0.0,0.0,13.0,15.0,38.7,2.2,0.75,4.5,20.0,-200.0,0.0,0.0,1,1,415.8,13.0,1368,1192,1167,0.0,0.0,10.0,13.0,15.2,23.1,0.8571428571428571,0.0,0.0,16.0,16.0,36.8,4.0,0.8125,1.7,0.0,53.0,-1336.0,13.0,7.0,516.0,0.0,0.0,0.0625,0.07142857142857142,0.1875,2.800000000000001,0.0,1.6274000000000015,0.27709999999999724,0.8789000000000016,,1.7252999999999972,0.08229799015573509,9.23528017983212,0.0,0.0,,0.0,0.08333333333333333,0.0,,,
432,202009050510,0,0,0,1,2,3,2,34,0,0,0,1,0,0,0,0,0,0,0,8,0,0,0,0,0,0,0,0,0,0,0,0,0,0,0,0,0.0,0.0,90.0,9.0,45.8,7.5,0.5555555555555556,0.0,0.0,100.0,9.0,34.2,1.4,0.7,0.0,0.0,,,,,,0.0,21.0,-470.0,0.0,0.0,5,9,9.8,4.0,1443,1235,1225,0.0,0.0,60.0,6.0,34.7,0.5,0.8571428571428571,0.0,0.0,80.0,7.0,34.3,0.3,0.9230769230769231,-0.9,0.0,54.0,-664.0,15.0,9.0,467.0,0.3333333333333333,0.2,,0.14285714285714285,0.0,3.4,0.0,,-1.7165999999999997,,-0.37469999999999715,-0.7747000000000028,0.14267435513377918,4.939888662712955,0.0,0.0,,0.0,0.5,0.0,,,-0.08739837398373985
433,202009050510,0,0,0,11,3,10,6,42,0,0,0,1,0,0,0,2,1,0,0,4,0,0,0,0,0,0,0,1,0,0,0,0,0,0,0,0,0.0,0.0,10.0,1.0,35.2,0.0,0.6,0.0,0.0,70.0,4.0,34.5,0.8,0.75,0.0,0.0,80.0,4.0,33.9,0.4,1.0,1.5,0.0,200.0,0.23076923076923078,0.6923076923076923,7,13,2.8,1.0,1576,1428,1577,0.0,0.0,70.0,5.0,34.1,0.8,0.7222222222222222,0.0,0.0,30.0,11.0,33.7,0.8,0.9375,2.1,0.2,54.0,-637.0,15.0,15.0,514.0,0.0,0.1875,-0.06666666666666667,-0.2222222222222222,0.0,0.33999999999999986,0.0,-2.2177000000000007,-3.7794999999999987,-1.2531000000000034,-1.0531000000000006,-1.4530999999999992,0.14658562575850453,0.5306599664568644,-1.0,0.0,,0.1111111111111111,0.2222222222222222,0.0,,,-0.20036429872495448
434,202009050510,13,9,17,98,1,3,0,8,0,0,0,0,0,0,1,9,0,0,0,0,0,0,0,0,0,0,0,1,0,0,0,0,0,0,0,0,0.0,0.0,7.0,6.0,34.3,0.6,0.6875,0.0,0.0,15.0,5.0,33.8,0.1,0.5555555555555556,0.0,0.0,10.0,6.0,34.0,0.4,0.8181818181818182,0.0,2.0,200.0,0.03571428571428571,0.14285714285714285,3,5,11.9,6.0,1503,322,1263,0.0,0.0,14.0,17.0,34.0,0.9,0.6111111111111112,0.0,0.0,12.0,12.0,33.7,1.0,0.42857142857142855,2.4,0.0,55.0,-402.0,15.0,16.0,478.0,-0.1875,0.0,0.09090909090909091,0.05555555555555555,0.0,0.09999999999999858,0.0,-0.8531000000000049,-1.3531000000000049,-1.0747,-1.106499999999997,-1.3746999999999971,0.1301607548643807,0.2059126028197388,4.0,1.0,0.0,0.14285714285714285,0.21428571428571427,1.0,0.0,-0.11075848936845445,
435,202009050510,5,7,13,75,5,2,4,57,0,0,2,12,0,0,3,5,3,1,1,11,0,0,0,2,0,0,2,0,0,0,0,1,0,0,0,0,0.0,0.0,6.0,3.0,35.2,0.0,0.3,0.0,0.0,2.0,3.0,34.6,0.4,0.38461538461538464,0.0,0.0,6.0,3.0,35.3,0.4,0.21428571428571427,0.0,10.0,0.0,0.14285714285714285,0.14285714285714285,4,6,3.9,2.0,1691,1556,1167,0.0,0.0,1.0,9.0,35.1,1.0,0.9230769230769231,0.0,0.0,5.0,2.0,34.6,0.1,0.36363636363636365,0.4,0.8,55.0,-707.0,15.0,10.0,476.0,-0.1,0.0,0.0,0.0,-0.18181818181818182,0.07000000000000028,0.0,0.09350000000000591,-0.5064999999999955,0.19350000000000023,-0.19129999999999825,-0.5064999999999955,0.2501070665873745,0.3006659275674574,0.0,5.0,0.8,0.25,0.3333333333333333,4.0,1.0,0.13461538461538464,-0.09033613445378152
436,202009050510,6,1,4,60,0,0,0,0,0,0,0,0,3,0,0,5,0,0,0,0,0,0,0,0,1,0,0,2,0,0,0,0,0,0,0,0,0.0,0.0,13.0,16.0,38.0,2.2,0.3125,0.0,0.0,14.0,14.0,37.9,2.1,0.7857142857142857,0.0,0.0,16.0,17.0,36.7,1.7,0.1111111111111111,0.5,8.0,200.0,0.047619047619047616,0.23809523809523808,3,4,11.0,5.0,1090,1508,1169,0.0,0.0,13.0,10.0,35.2,0.7,0.4375,0.0,0.0,15.0,12.0,34.7,0.4,0.8333333333333334,-1.2,0.0,54.0,-1050.0,15.0,16.0,532.0,0.0,0.0,0.05555555555555555,0.0,-0.3888888888888889,0.929999999999999,0.0,0.08890000000000242,-0.011099999999999,1.3346000000000018,0.04690000000000083,-0.6653999999999982,0.27675335476766577,1.3549907748763441,-1.0,0.0,,0.1111111111111111,0.2777777777777778,0.0,,0.152762730227519,
437,202009050510,39,30,28,143,3,3,2,15,2,1,1,5,3,3,0,11,0,0,0,1,0,0,0,1,0,1,0,2,0,0,0,0,0,0,0,0,0.0,0.0,6.0,5.0,38.6,0.5,0.9166666666666666,0.0,0.0,16.0,15.0,34.0,1.0,1.0,0.0,0.0,10.0,9.0,34.1,0.7,0.5,2.0,9.0,-300.0,0.058823529411764705,0.29411764705882354,8,15,22.6,8.0,1428,1559,1263,0.0,0.0,9.0,5.0,35.1,0.1,0.875,0.0,0.0,15.0,9.0,34.0,0.3,0.5625,-0.2,0.0,55.0,-705.0,15.0,12.0,429.0,-0.4166666666666667,0.0,0.16666666666666666,0.0,0.0,0.8100000000000002,0.0,-0.7926000000000002,-2.0947999999999993,-1.0531000000000006,-0.26539999999999964,-1.153100000000002,0.2006932429798716,1.7692936443677179,0.0,0.0,,0.1,0.3,0.0,,-0.16026422764227644,-0.04782608695652174
438,202009050510,3,5,1,25,1,2,0,6,0,1,0,1,0,0,1,7,0,0,0,1,0,0,0,0,0,0,0,2,0,0,0,0,0,0,0,0,0.0,0.0,4.0,3.0,40.6,0.7,0.6666666666666666,0.0,0.0,11.0,13.0,38.0,2.6,0.5333333333333333,0.0,0.0,9.0,11.0,38.2,1.8,0.6428571428571429,4.0,19.0,-200.0,0.0,0.11764705882352941,6,10,26.0,9.0,1431,1301,1428,0.0,0.0,9.0,5.0,37.9,0.5,0.75,0.0,0.0,4.0,6.0,39.0,1.8,0.8,-0.2,0.2,55.0,-474.0,15.0,12.0,495.0,-0.25,0.0,0.0,0.0,-0.1,0.3300000000000004,0.0,2.5274,0.3357000000000028,-1.1925999999999988,-1.492600000000003,-0.3926000000000016,0.09204159564456815,1.0071742649611342,1.0,0.0,,0.0,0.0,0.0,,-0.09803921568627452,
439,202009050510,0,0,0,7,3,3,2,15,0,0,0,0,0,0,0,0,0,0,0,1,0,0,0,0,0,0,0,0,0,0,0,0,0,0,0,0,0.0,0.0,11.0,12.0,34.3,0.8,0.46153846153846156,0.0,0.0,10.0,11.0,32.7,0.5,0.7222222222222222,0.0,0.0,4.0,7.0,33.0,0.6,0.5,-2.5,0.0,200.0,0.0,0.16666666666666666,2,3,39.8,10.0,1642,1559,1124,0.0,0.0,12.0,8.0,35.2,0.3,0.25,0.0,0.0,9.0,13.0,36.5,1.5,0.2777777777777778,-0.1,0.0,54.0,-701.0,15.0,13.0,490.0,0.0,,,-0.0625,0.05555555555555555,-0.6900000000000006,0.0,-0.8531000000000049,-0.8433999999999955,-0.5433999999999983,-0.16539999999999822,0.40520000000000067,0.17094017094017094,1.406556077801379,-1.0,0.0,,0.1,0.2,0.0,,0.0,-0.04782608695652174
440,202009050510,0,2,4,29,1,0,0,7,0,0,0,3,0,0,0,4,0,0,0,2,0,0,0,2,0,0,0,0,0,0,0,0,0,0,0,0,0.0,0.0,,,,,,0.0,0.0,120.0,12.0,36.6,0.7,0.07142857142857142,0.0,0.0,40.0,12.0,35.8,1.1,0.16666666666666666,0.0,-22.0,0.0,0.1875,0.375,1,1,8.3,3.0,1618,351,1263,0.0,0.0,40.0,8.0,35.2,0.8,0.07692307692307693,0.0,0.0,60.0,1.0,35.5,0.0,0.07142857142857142,-3.7,0.25,55.0,-393.0,15.0,14.0,470.0,,0.0,0.0,0.0,0.0,0.38999999999999985,0.0,,0.677500000000002,0.6468999999999951,0.09350000000000591,0.39350000000000307,0.040508394693634986,0.521416340365355,0.0,3.0,0.3333333333333333,0.26666666666666666,0.4666666666666667,3.0,0.3333333333333333,0.20357142857142857,
441,202009050510,0,1,0,4,0,0,0,4,0,0,0,0,0,0,0,1,0,0,0,1,0,0,0,0,0,0,0,0,0,0,0,0,0,0,0,0,0.0,0.0,10.0,6.0,35.6,0.9,0.5,0.0,0.0,10.0,9.0,34.1,0.5,0.3125,0.0,0.0,10.0,9.0,35.0,0.8,0.2857142857142857,1.5,0.0,0.0,0.0,0.0,2,2,59.6,12.0,1440,197,1167,0.0,0.0,11.0,14.0,33.5,0.8,0.8333333333333334,0.0,0.0,12.0,10.0,34.9,0.4,0.5333333333333333,1.3,0.0,54.0,-98.0,15.0,12.0,466.0,0.0,-0.0625,0.0,-0.05555555555555555,0.06666666666666667,0.2000000000000007,0.0,0.4935000000000045,-1.0531000000000006,-0.153100000000002,-1.653100000000002,-0.20649999999999835,0.19649436127687087,0.735934779718964,-1.0,2.0,0.0,0.0,0.0,2.0,0.0,,
442,202009050510,39,30,28,143,1,4,2,17,1,3,0,6,3,3,0,11,0,0,1,3,0,0,0,0,0,1,0,2,0,0,0,1,0,0,0,0,0.0,0.0,11.0,11.0,35.0,0.5,0.5333333333333333,0.0,0.0,9.0,9.0,33.8,0.7,0.8,0.0,0.0,3.0,12.0,34.8,1.8,0.8571428571428571,0.5,-2.0,0.0,0.05128205128205128,0.2564102564102564,5,8,52.9,11.0,1428,848,1263,0.0,0.0,6.0,6.0,33.8,0.6,1.0,0.0,0.0,9.0,3.0,34.7,0.4,0.6666666666666666,-1.9,0.2,55.0,0.0,15.0,15.0,454.0,0.06666666666666667,-0.06666666666666667,0.0,-0.0625,0.06666666666666667,0.05999999999999943,0.0,-0.10649999999999693,-1.3531000000000049,-0.5654000000000039,-1.3531000000000049,-0.45309999999999917,0.160045345048381,0.5153639490690063,0.0,1.0,0.0,0.0,0.2857142857142857,1.0,0.0,-0.16026422764227644,-0.12500000000000003
443,202009050510,5,0,3,28,8,6,6,37,0,0,0,1,0,0,0,4,1,1,0,0,0,0,0,0,0,0,0,0,0,0,0,0,0,0,0,0,0.0,0.0,10.0,13.0,34.3,1.1,0.8888888888888888,0.0,0.0,13.0,12.0,34.6,0.6,0.8666666666666667,0.0,0.0,10.0,5.0,33.9,0.4,0.6666666666666666,-4.0,8.0,200.0,0.10526315789473684,0.2631578947368421,4,7,67.5,13.0,1489,1345,565,0.0,0.0,9.0,8.0,34.7,1.4,0.6428571428571429,0.0,0.0,8.0,14.0,38.8,3.5,0.5714285714285714,-0.2,0.0,55.0,-70.0,15.0,18.0,482.0,0.0,0.13333333333333333,-0.06666666666666667,0.07142857142857142,0.21428571428571427,-0.9100000000000001,0.0,-0.8531000000000049,-0.5064999999999955,-1.2531000000000034,-0.6653999999999982,0.9788999999999959,0.1269936504365347,1.7917589123540023,0.0,1.0,0.0,0.0,0.16666666666666666,1.0,0.0,,-0.1286549707602339
444,202009050510,0,1,0,15,8,6,6,37,0,0,0,4,0,0,0,2,1,1,0,0,0,0,0,0,0,0,0,0,0,0,0,0,0,0,0,0,0.0,0.0,15.0,13.0,35.7,1.2,0.5333333333333333,0.0,0.0,14.0,10.0,35.2,1.1,0.7777777777777778,0.0,0.0,15.0,14.0,34.7,1.0,0.625,0.5,0.0,0.0,0.16279069767441862,0.37209302325581395,6,11,192.1,15.0,1403,1345,939,0.0,0.0,13.0,8.0,36.0,0.8,0.1875,0.0,0.0,8.0,14.0,37.6,2.0,0.875,0.0,0.0,55.0,0.0,15.0,15.0,502.0,0.06666666666666667,0.0,0.3125,-0.0625,0.0,-0.4599999999999994,0.0,0.5935000000000059,0.09350000000000591,-0.45309999999999917,0.8935000000000031,-0.6794999999999973,0.23767845796940887,0.9850888284819795,0.0,3.0,0.0,0.17647058823529413,0.23529411764705882,3.0,0.0,,-0.1286549707602339
445,202009050510,2,0,0,21,5,6,5,56,0,0,0,1,0,0,0,10,1,0,0,6,0,0,0,0,0,0,0,2,0,0,0,0,0,0,0,0,0.0,0.0,16.0,17.0,35.4,1.7,0.7777777777777778,0.0,0.0,11.0,16.0,35.9,1.1,0.6111111111111112,0.0,0.0,6.0,12.0,34.3,1.0,0.9411764705882353,-2.5,10.0,200.0,0.10810810810810811,0.1891891891891892,8,14,12.4,7.0,1645,1013,1366,0.0,0.0,12.0,6.0,34.6,0.4,0.8333333333333334,0.0,0.0,11.0,1.0,33.5,0.0,0.9090909090909091,-4.2,0.2,54.0,-1379.0,15.0,18.0,472.0,0.05555555555555555,-0.05555555555555555,0.0,0.05555555555555555,-0.09090909090909091,0.5099999999999995,0.0,0.03459999999999752,0.5345999999999975,-1.065400000000004,-0.7653999999999996,-1.653100000000002,0.11667443973257557,0.8404760555780274,2.0,0.0,,0.0,0.14285714285714285,0.0,,,0.2777777777777778
446,202009050510,0,1,0,7,0,0,0,10,0,0,0,4,0,0,0,2,0,0,0,1,0,0,0,1,0,0,0,1,0,0,0,1,0,0,0,1,0.0,0.0,12.0,13.0,44.0,5.6,0.14285714285714285,0.0,0.0,9.0,11.0,35.9,1.7,0.45454545454545453,0.0,0.0,14.0,15.0,36.5,1.7,0.26666666666666666,1.0,8.0,-400.0,0.0,0.23076923076923078,7,12,173.0,14.0,1687,1058,1345,0.0,0.0,13.0,10.0,34.7,0.8,0.26666666666666666,0.0,0.0,13.0,9.0,35.5,1.4,0.21428571428571427,-0.9,0.0,55.0,-29.0,15.0,14.0,488.0,0.0,-0.09090909090909091,0.06666666666666667,0.0,0.0,1.8199999999999996,0.0,4.3740999999999985,0.7935000000000016,1.393500000000003,-0.45309999999999917,0.13459999999999894,0.10328957156175504,3.3908111124036378,0.0,2.0,0.0,0.05555555555555555,0.05555555555555555,2.0,0.0,,
447,202009050709,0,1,0,2,1,2,1,14,0,0,0,0,0,1,0,1,0,0,1,0,0,0,0,0,0,1,0,1,0,0,0,0,0,0,0,0,0.0,0.0,10.0,1.0,35.5,0.0,0.4166666666666667,,,,,,,,,,,,,,,,,200.0,0.05555555555555555,0.2777777777777778,1,1,7.9,4.0,432,324,361,,,,,,,,,,,,,,,,1.0,55.0,155.0,11.0,12.0,482.0,-0.08333333333333333,,,,,,,0.346899999999998,,,,,,,1.0,0.0,,0.25,0.4375,0.0,,,
448,202009050709,0,0,0,0,0,2,7,28,0,0,0,0,0,0,0,0,0,0,2,4,0,0,0,0,0,0,0,0,0,0,1,0,0,0,0,0,0.0,0.0,10.0,13.0,37.9,1.8,0.5625,0.0,0.0,5.0,16.0,38.3,1.9,0.375,0.0,0.0,5.0,5.0,36.9,0.3,0.4,-4.0,-4.0,200.0,0.1590909090909091,0.36363636363636365,8,11,5.2,3.0,1463,1482,1167,0.0,0.0,1.0,1.0,37.3,0.0,0.1875,0.0,0.0,6.0,2.0,37.3,0.2,0.375,-3.7,0.4,54.0,-1175.0,11.0,16.0,468.0,0.125,0.0,0.0,0.0,-0.0625,0.22000000000000028,0.0,-0.011099999999999,0.3888999999999996,-0.9211000000000027,-0.6111000000000004,-0.6111000000000004,0.11900630235411903,0.4963869458396341,-1.0,0.0,,0.09090909090909091,0.2727272727272727,0.0,,,-0.0765765765765766
449,202009050709,0,0,0,0,0,2,0,11,0,0,0,0,0,0,0,0,0,0,0,2,0,0,0,0,0,0,0,0,0,0,0,0,0,0,0,0,0.0,0.0,6.0,15.0,35.9,0.9,0.11764705882352941,0.0,0.0,7.0,8.0,34.6,0.6,0.5,0.0,0.0,4.0,8.0,32.9,0.5,0.7333333333333333,-3.5,2.0,0.0,0.20588235294117646,0.38235294117647056,3,3,2.7,1.0,1657,1170,1317,0.0,0.0,5.0,8.0,33.5,0.4,0.2777777777777778,0.0,0.0,8.0,13.0,36.4,1.4,0.7222222222222222,-0.4,0.0,55.0,-1125.0,11.0,17.0,532.0,0.0,0.0,-0.06666666666666667,0.0,-0.1111111111111111,0.010000000000000142,0.0,0.7935000000000016,-0.5531000000000006,-2.2531000000000034,-1.606499999999997,1.0345999999999975,0.242883626234937,1.3425349157470725,-3.0,2.0,0.0,0.0,0.3,2.0,0.0,,
450,202009050709,1,1,1,11,1,4,1,46,0,0,0,0,0,0,0,2,0,0,0,7,0,0,0,0,0,0,0,0,0,0,0,1,0,0,0,0,0.0,0.0,3.0,9.0,41.6,1.7,0.1,0.0,0.0,15.0,12.0,35.9,1.2,0.25,0.0,0.0,12.0,14.0,35.8,1.6,0.42857142857142855,2.5,38.0,0.0,0.0,0.05555555555555555,2,2,111.6,9.0,1009,1558,298,0.0,0.0,12.0,15.0,40.0,2.2,0.3125,0.0,0.0,13.0,12.0,34.9,1.4,0.125,0.9,0.0,54.0,-895.0,11.0,10.0,494.0,0.2,0.0,0.35714285714285715,0.0,0.0,0.9300000000000004,0.0,3.4462000000000046,0.5345999999999975,-0.12250000000000227,1.8462000000000032,-0.20649999999999835,0.12139915610102409,2.6522443326360428,0.0,1.0,0.0,0.0,0.0,1.0,0.0,,0.19230769230769232
451,202009050709,0,0,0,5,0,0,0,2,0,0,0,0,0,0,0,1,0,0,0,1,0,0,0,0,0,0,0,0,0,0,0,0,0,0,0,0,0.0,0.0,11.0,13.0,36.1,1.6,0.9375,0.0,0.0,5.0,10.0,34.5,1.1,0.6666666666666666,0.0,0.0,8.0,12.0,33.8,0.5,1.0,-0.5,0.0,250.0,0.10344827586206896,0.3448275862068966,6,6,11.5,6.0,1441,705,1167,0.0,0.0,7.0,10.0,33.0,0.5,1.0,0.0,0.0,7.0,14.0,34.5,0.9,0.6875,0.2,0.0,54.0,-509.0,11.0,16.0,428.0,-0.0625,0.05555555555555555,0.0,0.0,0.0625,0.4700000000000003,0.0,-1.0229,-0.653100000000002,-1.3064999999999998,-2.153100000000002,-0.653100000000002,0.14988421457170792,1.0225458424931382,2.0,1.0,0.0,0.07142857142857142,0.07142857142857142,1.0,0.0,,
452,202009050709,0,0,0,0,0,0,1,2,0,0,0,0,0,0,0,0,0,0,0,0,0,0,0,0,0,0,0,0,0,0,0,0,0,0,0,0,0.0,0.0,11.0,,,,,0.0,0.0,7.0,10.0,,,,0.0,0.0,6.0,4.0,35.6,0.4,0.14285714285714285,-6.0,,-200.0,0.04878048780487805,0.24390243902439024,8,10,19.2,7.0,1677,1404,1167,0.0,0.0,7.0,6.0,36.8,1.1,0.36363636363636365,0.0,0.0,7.0,5.0,35.5,1.1,0.125,-1.3,0.0,55.0,-209.0,11.0,16.0,466.0,,,0.0,-0.18181818181818182,0.0,0.05000000000000071,0.0,,,0.4468999999999994,1.6935000000000002,0.04079999999999728,0.1085304135195328,0.5906681715556434,-1.0,1.0,0.0,0.0,0.0,1.0,0.0,,
453,202009050709,7,5,6,58,2,3,2,34,0,0,0,0,1,1,0,6,0,0,0,8,0,0,0,0,0,0,0,1,0,0,0,0,0,0,0,0,0.0,0.0,9.0,8.0,33.1,0.9,0.8888888888888888,0.0,0.0,13.0,13.0,34.3,1.1,1.0,0.0,0.0,12.0,11.0,33.8,1.6,1.0,1.5,2.0,-400.0,0.0,0.1111111111111111,5,5,8.9,5.0,1127,1235,1328,0.0,0.0,7.0,10.0,13.7,7.6,0.9166666666666666,0.0,0.0,9.0,13.0,13.6,4.2,0.7857142857142857,0.7,0.0,55.0,-1385.0,11.0,9.0,460.0,-0.2222222222222222,0.0,0.0,0.0,0.0,5.96,0.0,-2.3592000000000013,-0.8064999999999998,-1.3531000000000049,,,0.07974512182273315,9.846217547870857,-3.0,1.0,0.0,0.0,0.2,1.0,0.0,0.09649122807017543,-0.08739837398373985
454,202009050709,6,6,9,87,3,10,6,42,1,1,1,3,2,1,0,9,1,0,0,4,0,0,0,0,0,0,0,2,1,0,0,0,0,0,0,0,0.0,0.0,10.0,10.0,36.9,1.8,1.0,0.0,0.0,16.0,15.0,36.3,1.2,0.2777777777777778,0.0,0.0,17.0,13.0,34.9,1.1,0.7222222222222222,1.5,15.0,550.0,0.14705882352941177,0.38235294117647056,6,7,47.3,8.0,1506,1428,199,0.0,0.0,17.0,14.0,35.5,1.1,0.5,0.0,0.0,13.0,9.0,34.8,0.8,0.7692307692307693,-0.3,0.0,54.0,-748.0,11.0,10.0,445.0,0.0,-0.05555555555555555,0.0,0.0,-0.15384615384615385,0.5,0.0,,0.9345999999999961,-0.25310000000000343,0.346899999999998,-1.1225000000000023,0.24613307129806225,0.8109253973085317,2.0,0.0,,0.2222222222222222,0.3333333333333333,0.0,,0.22863247863247863,-0.20036429872495448
455,202009050709,0,0,0,0,2,0,1,3,0,0,0,0,0,0,0,0,0,0,0,0,0,0,0,0,0,0,0,0,0,0,0,0,0,0,0,0,0.0,0.0,14.0,14.0,35.4,0.9,0.5,0.0,0.0,13.0,9.0,34.9,0.6,0.16666666666666666,0.0,0.0,12.0,15.0,37.8,2.1,0.125,0.5,2.0,0.0,0.0,0.2727272727272727,7,8,4.5,2.0,778,572,432,0.0,0.0,15.0,16.0,37.6,1.6,0.125,0.0,0.0,10.0,10.0,38.0,1.1,0.2,-0.1,0.0,54.0,-1035.0,11.0,18.0,474.0,0.0,0.0,0.0,0.0,0.06666666666666667,-0.7900000000000006,0.0,0.29350000000000165,-0.25310000000000343,2.434599999999996,2.2346000000000004,1.9052000000000007,0.1411657811857313,1.3139254164525478,1.0,1.0,0.0,0.0,0.5,1.0,0.0,,
456,202009050709,1,0,2,9,1,4,1,46,0,0,0,0,1,0,2,1,0,0,0,7,0,0,0,0,0,0,0,1,0,0,0,1,0,0,0,0,0.0,0.0,6.0,2.0,39.5,0.1,0.09090909090909091,0.0,0.0,11.0,10.0,39.0,3.2,0.18181818181818182,0.0,0.0,7.0,6.0,35.0,1.1,0.8,2.0,20.0,0.0,,,7,9,347.4,11.0,1333,1558,1294,,,,,,,,,,,,,,,2.0,0.3333333333333333,54.0,-477.0,11.0,11.0,450.0,0.0,0.0,0.0,,,2.25,0.0,1.2205000000000013,3.893500000000003,-0.153100000000002,,,0.31503494347556427,2.0138409955990952,0.0,1.0,0.0,,,1.0,0.0,,0.19230769230769232
457,202009050709,0,0,0,0,0,0,0,0,0,0,0,0,0,0,0,0,0,0,0,0,0,0,0,0,0,0,0,0,0,0,0,0,0,0,0,0,0.0,0.0,10.0,80.0,43.7,3.4,0.125,0.0,0.0,100.0,110.0,40.1,4.3,0.18181818181818182,0.0,0.0,50.0,60.0,36.9,1.8,0.6666666666666666,-10.0,11.0,0.0,0.05714285714285714,0.2857142857142857,4,4,346.2,10.0,1089,425,1428,,,,,,,,,,,,,,,-10.0,0.0,54.0,-414.0,11.0,8.0,463.0,0.375,0.0,0.0,,,3.400000000000002,0.0,5.546200000000006,4.9935000000000045,1.608699999999999,,,0.24306129469808255,2.777688887466623,0.0,2.0,0.0,0.0,0.0,1.0,0.0,,
458,202009050712,13,9,17,98,0,1,0,10,0,0,0,0,0,0,1,9,0,0,0,0,0,0,0,0,0,0,0,0,0,0,0,0,0,0,0,0,0.0,0.0,12.0,7.0,34.9,0.7,0.4666666666666667,0.0,0.0,7.0,7.0,34.2,1.1,0.46153846153846156,0.0,0.0,7.0,4.0,33.6,0.9,0.2727272727272727,-1.5,0.0,-200.0,0.2,0.4,4,8,3.9,1.0,1503,1341,1263,0.0,0.0,7.0,8.0,34.5,1.2,0.3333333333333333,0.0,0.0,10.0,3.0,34.8,0.4,0.45454545454545453,-0.7,0.2,54.0,-748.0,18.0,15.0,482.0,0.26666666666666666,0.15384615384615385,0.0,0.2222222222222222,-0.09090909090909091,-0.009999999999999431,0.0,-0.1747000000000014,-0.8746999999999971,-1.4746999999999986,-1.4166000000000025,-1.1166000000000054,0.07978018169602535,0.4690415759823414,-1.0,0.0,,0.10526315789473684,0.2631578947368421,0.0,,-0.11075848936845445,
459,202009050712,1,5,2,16,2,2,0,7,1,2,0,1,0,1,0,2,0,0,0,1,0,0,0,0,0,0,0,0,0,0,0,0,0,0,0,0,0.0,0.0,6.0,7.0,13.8,9.5,0.5,0.0,0.0,11.0,15.0,34.6,1.4,0.625,0.0,0.0,3.0,8.0,35.2,0.5,0.8235294117647058,0.5,2.0,-1460.0,0.05,0.2,8,18,11.0,6.0,1465,1036,1328,0.0,0.0,6.0,4.0,34.1,0.3,0.6111111111111112,0.0,0.0,10.0,6.0,34.5,0.3,0.8333333333333334,-1.3,0.0,56.0,-593.0,18.0,10.0,498.0,0.1,0.125,-0.11764705882352941,0.0,0.05555555555555555,-4.09,0.0,,-0.5064999999999955,-0.16539999999999822,-1.0531000000000006,-0.6064999999999969,0.12982496587765033,8.327448588853612,-4.0,2.0,0.0,0.2777777777777778,0.5,2.0,0.0,-0.1515151515151515,
460,202009050712,13,9,17,98,0,2,2,15,0,0,0,2,0,0,1,9,0,1,1,1,0,0,0,0,0,0,0,0,0,1,0,1,0,0,0,0,0.0,0.0,13.0,2.0,33.5,0.0,0.8888888888888888,0.0,0.0,1.0,5.0,34.2,0.3,0.9230769230769231,0.0,0.0,4.0,4.0,34.6,0.3,0.9166666666666666,1.0,22.0,0.0,0.0,0.10526315789473684,1,1,8.6,4.0,1503,1376,1263,0.0,0.0,2.0,10.0,36.4,1.1,0.5,0.0,0.0,2.0,2.0,34.8,0.4,0.5,0.5,0.4,55.0,-293.0,18.0,18.0,482.0,0.0,0.0,-0.25,-0.375,-0.1111111111111111,-0.479999999999999,0.0,-1.606499999999997,-0.9530999999999992,-0.5064999999999955,1.3252999999999986,-0.3064999999999998,0.2009637819819605,0.959166304662543,0.0,3.0,0.6666666666666666,0.125,0.25,3.0,0.6666666666666666,-0.11075848936845445,
461,202009050712,2,8,6,29,0,0,0,4,0,0,0,0,0,2,3,4,0,0,0,1,0,0,0,0,0,1,0,0,0,0,0,0,0,0,0,0,0.0,0.0,3.0,3.0,35.6,0.2,0.2222222222222222,0.0,0.0,7.0,5.0,37.5,0.8,0.25,0.0,0.0,2.0,1.0,35.0,0.0,0.21428571428571427,-1.0,-4.0,0.0,0.10526315789473684,0.3157894736842105,2,4,6.4,3.0,1172,197,1556,0.0,0.0,1.0,4.0,39.1,0.3,0.05555555555555555,0.0,0.0,4.0,4.0,36.5,0.0,0.05555555555555555,0.1,0.4,54.0,0.0,18.0,18.0,462.0,0.1111111111111111,0.0,0.07142857142857142,0.0,0.0,-0.33999999999999986,0.0,0.4935000000000045,1.1383999999999972,-0.9224999999999994,2.7383999999999986,1.2366000000000028,0.08571428571428572,1.4513442045221392,0.0,3.0,0.3333333333333333,0.29411764705882354,0.47058823529411764,1.0,1.0,0.08194444444444443,
462,202009050712,6,16,6,73,1,2,0,1,1,2,0,0,2,3,2,15,0,0,0,0,0,0,0,0,1,0,0,1,0,0,0,0,0,0,0,0,0.0,0.0,4.0,4.0,39.9,0.5,0.4444444444444444,0.0,0.0,12.0,13.0,36.1,2.1,0.8666666666666667,0.0,0.0,7.0,8.0,37.3,0.7,0.625,2.0,-16.0,-200.0,0.14285714285714285,0.37142857142857144,6,11,4.2,2.0,1393,428,1263,0.0,0.0,6.0,12.0,40.8,2.0,0.21428571428571427,0.0,0.0,3.0,2.0,36.8,0.1,0.25,-0.5,0.2,56.0,-1309.0,18.0,9.0,498.0,-0.1111111111111111,-0.06666666666666667,0.0,-0.07142857142857142,0.0,0.15000000000000072,0.0,1.9832999999999998,0.9935000000000045,-0.36430000000000007,2.6462000000000003,-0.8643000000000001,0.24302442625404932,1.8345571672749796,0.0,1.0,0.0,0.0,0.36363636363636365,1.0,0.0,0.2561056105610561,
463,202009050712,10,7,10,36,5,6,5,56,0,0,0,1,1,2,3,2,1,0,0,6,0,0,0,0,0,0,1,0,0,0,0,3,0,0,0,0,0.0,0.0,4.0,3.0,34.1,0.3,0.16666666666666666,0.0,0.0,12.0,2.0,33.7,0.1,0.6666666666666666,0.0,0.0,11.0,9.0,35.0,0.5,0.625,3.0,0.0,200.0,0.047619047619047616,0.23809523809523808,3,6,21.9,9.0,1167,1013,460,0.0,0.0,8.0,12.0,35.8,0.9,0.13333333333333333,0.0,0.0,4.0,7.0,34.4,0.5,0.5384615384615384,1.8,0.4,55.0,-461.0,18.0,18.0,448.0,0.0,-0.2222222222222222,-0.0625,0.0,0.07692307692307693,-0.26999999999999885,0.0,-1.0531000000000006,-1.4530999999999992,-0.153100000000002,0.4345999999999961,-0.7531000000000034,0.229380293114219,0.7348469228349517,0.0,0.0,,0.1111111111111111,0.2222222222222222,0.0,,-0.11607142857142855,0.2777777777777778
464,202009050712,7,5,6,58,3,3,2,15,0,0,0,0,1,1,0,6,0,0,0,1,0,0,0,0,0,0,0,1,0,0,0,0,0,0,0,0,0.0,0.0,5.0,5.0,42.8,3.1,0.4444444444444444,0.0,0.0,10.0,9.0,35.5,1.7,0.9166666666666666,0.0,0.0,16.0,16.0,35.8,1.4,0.6666666666666666,5.5,-4.0,-300.0,0.0,0.0,5,10,54.7,12.0,1127,1559,1328,0.0,0.0,15.0,10.0,34.7,0.5,0.3888888888888889,0.0,0.0,12.0,11.0,35.2,1.0,0.5,1.3,0.0,53.0,-553.0,18.0,9.0,440.0,0.0,-0.3333333333333333,0.0,-0.05555555555555555,-0.05555555555555555,1.5999999999999985,0.0,3.4073999999999955,0.04079999999999728,0.6935000000000002,-0.4064999999999941,0.09350000000000591,0.19083960041464074,3.021919919521361,1.0,3.0,0.0,0.0,0.0,3.0,0.0,0.09649122807017543,-0.04782608695652174
465,202009050712,5,3,4,39,8,6,6,37,0,0,0,0,0,1,1,5,1,1,0,0,0,0,0,0,0,0,0,0,0,0,0,0,0,0,0,0,0.0,0.0,14.0,8.0,35.1,0.6,0.1875,0.0,0.0,7.0,14.0,35.6,1.5,0.7333333333333333,0.0,0.0,8.0,5.0,35.1,0.8,0.09090909090909091,-1.5,-4.0,-400.0,0.0,0.06666666666666667,7,14,9.1,5.0,1152,1345,1428,0.0,0.0,3.0,10.0,33.5,0.5,0.6923076923076923,0.0,0.0,5.0,2.0,34.4,0.1,0.25,-1.6,0.2,54.0,-811.0,18.0,16.0,448.0,0.0,-0.06666666666666667,0.0,0.23076923076923078,0.0,0.3500000000000007,0.0,-0.6373999999999995,-0.13739999999999952,-0.8166000000000011,-2.4166000000000025,-1.516600000000004,0.26807687696561694,0.7282856582413257,-2.0,0.0,,0.0,0.0,0.0,,,-0.1286549707602339
466,202009050712,5,5,6,40,1,0,0,8,0,0,0,1,1,1,1,3,0,0,0,0,0,0,0,0,0,0,0,0,0,0,0,0,0,0,0,0,0.0,0.0,9.0,8.0,38.6,2.0,0.8,0.0,0.0,16.0,14.0,38.3,1.4,0.4375,0.0,0.0,10.0,11.0,37.8,2.4,0.18181818181818182,1.5,-4.0,200.0,0.18181818181818182,0.18181818181818182,8,17,113.6,16.0,1736,1673,1482,0.0,0.0,11.0,12.0,36.2,1.2,0.2857142857142857,0.0,0.0,12.0,11.0,37.2,1.3,0.7857142857142857,0.4,0.0,54.0,-1331.0,18.0,10.0,494.0,0.1,-0.0625,0.0,0.07142857142857142,0.0,0.48999999999999916,0.0,0.6889000000000038,0.3888999999999996,2.5366,1.0469000000000008,1.1052000000000035,0.2540392943284781,0.8541662601625035,-2.0,0.0,,0.2,0.3333333333333333,0.0,,-0.1857142857142857,
467,202009050712,0,1,2,3,0,1,1,5,0,0,1,0,0,1,0,0,0,1,0,2,0,0,0,0,0,0,0,0,0,0,0,0,0,0,0,0,0.0,0.0,11.0,9.0,35.9,1.7,0.7272727272727273,0.0,0.0,8.0,10.0,36.7,1.3,0.8,0.0,0.0,7.0,8.0,33.6,0.9,0.8888888888888888,-0.5,0.0,-200.0,0.10526315789473684,0.18421052631578946,5,9,20.7,8.0,1733,1620,1428,0.0,0.0,7.0,6.0,33.6,0.4,1.0,0.0,0.0,5.0,7.0,36.0,2.3,1.0,-0.8,0.0,56.0,-665.0,18.0,11.0,490.0,0.0,0.0,0.1111111111111111,-0.125,-0.2857142857142857,0.28999999999999987,0.0,0.6366000000000014,-0.15029999999999433,-1.4746999999999986,-1.4746999999999986,-0.2845000000000013,0.10821496441158096,1.3032267646115927,-1.0,0.0,,0.0,0.0,0.0,,,
468,202009050712,39,30,28,143,1,0,0,2,1,0,0,1,3,3,0,11,0,0,0,0,0,0,0,0,0,1,0,2,0,0,0,0,0,0,0,0,0.0,0.0,18.0,12.0,33.2,0.7,0.5,0.0,0.0,14.0,10.0,34.8,1.0,0.7647058823529411,0.0,0.0,9.0,12.0,35.1,0.7,1.0,0.0,0.0,-200.0,0.0,0.0,2,3,45.9,11.0,1428,783,1263,0.0,0.0,8.0,5.0,34.6,1.2,0.8461538461538461,0.0,0.0,8.0,4.0,35.5,0.7,0.35714285714285715,-2.1,0.0,54.0,-726.0,18.0,18.0,442.0,0.05555555555555555,0.0,0.0,0.0,0.14285714285714285,-0.43999999999999984,0.0,-1.8746999999999971,-0.3064999999999998,-0.26539999999999964,-0.5064999999999955,0.4253,0.23362108272147716,0.7812809993849834,-1.0,2.0,0.0,0.0,0.25,2.0,0.0,-0.16026422764227644,
469,202009050712,7,5,6,58,0,0,0,0,0,0,0,0,1,1,0,6,0,0,0,0,0,0,0,0,0,0,0,1,0,0,0,0,0,0,0,0,0.0,0.0,8.0,10.0,36.2,2.1,0.25,0.0,0.0,8.0,15.0,39.5,2.3,0.25,0.0,0.0,9.0,14.0,37.3,1.9,0.125,2.0,-6.0,-400.0,0.15555555555555556,0.37777777777777777,1,2,27.5,10.0,1127,982,1328,0.0,0.0,5.0,11.0,38.4,2.3,0.18181818181818182,0.0,0.0,5.0,5.0,36.3,0.8,0.7272727272727273,-1.4,0.0,54.0,-432.0,18.0,12.0,458.0,0.0,0.0,0.0,0.09090909090909091,-0.36363636363636365,0.09000000000000127,0.0,0.7408000000000001,1.5889000000000024,2.146899999999995,2.940799999999996,0.38339999999999463,0.2153701407360388,1.2626955294131676,-1.0,0.0,,0.125,0.3125,0.0,,0.09649122807017543,
470,202009050712,0,0,0,1,0,0,0,0,0,0,0,0,0,0,0,0,0,0,0,0,0,0,0,0,0,0,0,0,0,0,0,0,0,0,0,0,0.0,0.0,5.0,7.0,39.5,1.5,0.9,0.0,0.0,8.0,14.0,34.5,0.8,0.8823529411764706,0.0,0.0,16.0,5.0,34.6,0.3,0.7222222222222222,-1.0,-7.0,100.0,0.05555555555555555,0.2777777777777778,6,12,19.2,7.0,548,152,257,0.0,0.0,11.0,10.0,34.9,0.4,0.8,0.0,0.0,6.0,16.0,34.2,1.1,0.9444444444444444,1.4,0.0,57.0,-1315.0,18.0,10.0,485.0,0.1,0.0,0.0,0.0,-0.05555555555555555,1.0199999999999996,0.0,2.065899999999999,-0.653100000000002,-1.494799999999998,-0.25310000000000343,-1.8947999999999965,0.07911186276312653,1.992586259111509,1.0,0.0,,0.2,0.5,0.0,,,
471,202009050712,5,5,6,40,1,4,1,46,0,0,0,0,1,1,1,3,0,0,0,7,0,0,0,0,0,0,0,0,0,0,0,1,0,0,0,0,0.0,0.0,10.0,10.0,40.3,2.6,0.4166666666666667,0.0,0.0,11.0,9.0,37.0,1.5,0.25,0.0,0.0,8.0,7.0,36.3,1.2,0.7692307692307693,-1.5,-23.0,0.0,0.0,0.18181818181818182,8,16,172.7,17.0,1736,1558,1482,0.0,0.0,15.0,8.0,36.0,1.1,1.0,0.0,0.0,13.0,10.0,35.9,1.9,0.8125,-0.1,0.0,55.0,-430.0,18.0,12.0,507.0,0.4166666666666667,0.08333333333333333,0.0,-0.23529411764705882,0.0625,0.9799999999999998,0.0,2.0204999999999984,0.14970000000000283,-0.5503,0.08339999999999748,0.8252999999999986,0.27479670927195066,1.6456001944579361,4.0,0.0,,0.0,0.2727272727272727,0.0,,-0.1857142857142857,0.19230769230769232
472,202009050712,3,0,1,12,3,0,0,10,1,0,0,2,1,0,0,5,0,0,0,2,0,0,0,2,0,0,0,0,0,0,0,0,0,0,0,0,0.0,0.0,6.0,10.0,41.8,2.6,0.6666666666666666,0.0,0.0,13.0,14.0,38.8,1.9,0.9375,0.0,0.0,10.0,9.0,37.3,1.2,0.6875,-0.5,0.0,100.0,0.0,0.2608695652173913,3,5,77.4,15.0,1729,770,1428,0.0,0.0,15.0,15.0,35.6,0.9,0.8333333333333334,0.0,0.0,3.0,8.0,34.5,0.5,0.8333333333333334,-0.3,0.0,56.0,-1301.0,18.0,12.0,454.0,-0.08333333333333333,-0.125,0.125,0.05555555555555555,0.08333333333333333,1.779999999999999,0.0,4.208599999999997,0.5204999999999984,-0.9795000000000016,0.4935000000000045,-0.653100000000002,0.10120798167909267,2.5604687070925105,0.0,1.0,0.0,0.0,0.5,1.0,0.0,,
473,202009050712,0,0,0,11,0,0,0,0,0,0,0,0,0,0,0,1,0,0,0,0,0,0,0,0,0,0,0,0,0,0,0,0,0,0,0,0,0.0,0.0,6.0,3.0,37.7,1.0,0.5,0.0,0.0,9.0,10.0,35.2,1.6,0.5454545454545454,0.0,0.0,9.0,10.0,34.1,0.7,0.75,3.5,-1.0,0.0,0.0,0.05263157894736842,7,13,56.8,13.0,1222,307,1328,0.0,0.0,7.0,7.0,36.4,0.8,0.9,0.0,0.0,11.0,6.0,34.8,0.6,1.0,0.3,0.2,56.0,-1333.0,18.0,12.0,479.0,-0.08333333333333333,0.09090909090909091,0.08333333333333333,-0.1,-0.08333333333333333,0.4600000000000016,0.0,-0.5794999999999959,-0.2591999999999999,-1.0531000000000006,1.0345999999999975,-0.35310000000000485,0.19429040205470396,1.2721635115031407,0.0,0.0,,0.1875,0.3125,0.0,,,
474,202009050712,1,0,0,0,1,0,0,0,1,0,0,0,0,0,0,0,0,0,0,0,0,0,0,0,0,0,0,0,0,0,0,0,0,0,0,0,0.0,0.0,6.0,7.0,42.1,1.3,0.5,0.0,0.0,16.0,14.0,39.1,3.1,0.625,0.0,0.0,16.0,15.0,35.4,1.9,0.25,4.0,5.0,100.0,0.06666666666666667,0.26666666666666666,4,7,188.0,18.0,775,160,306,0.0,0.0,11.0,11.0,39.5,4.2,0.36363636363636365,0.0,0.0,15.0,12.0,36.3,1.8,0.3333333333333333,0.7,0.0,53.0,-1343.0,18.0,10.0,485.0,-0.2,0.0,0.0,0.6363636363636364,0.0,1.120000000000001,0.0,4.508600000000001,1.682299999999998,0.24689999999999657,3.5833999999999975,1.1935000000000002,0.1325562756248449,2.3986662960903935,-1.0,1.0,0.0,0.0,0.14285714285714285,1.0,0.0,,
475,202009050712,6,16,6,73,0,0,1,9,0,0,1,1,2,3,2,15,0,0,0,1,0,0,0,0,1,0,0,1,0,0,0,0,0,0,0,0,0.0,0.0,12.0,15.0,36.5,3.6,0.5625,0.0,0.0,13.0,1.0,34.4,0.0,0.07142857142857142,0.0,0.0,14.0,16.0,36.0,2.8,1.0,0.5,-16.0,200.0,0.0,0.0,7,15,70.2,14.0,1393,1721,1263,0.0,0.0,16.0,16.0,34.3,0.7,0.8235294117647058,0.0,0.0,13.0,12.0,36.7,2.6,0.8571428571428571,0.9,0.2,56.0,-748.0,18.0,16.0,478.0,0.0,0.0,0.0,0.058823529411764705,0.0,-0.030000000000000426,0.0,1.346899999999998,-0.7531000000000034,0.846899999999998,-0.8531000000000049,1.593500000000006,0.32774597305152897,1.0303397497913023,-1.0,1.0,0.0,0.0,0.0,1.0,0.0,0.2561056105610561,
476,202009050802,0,0,0,0,7,8,9,48,0,0,0,0,0,0,0,0,2,3,1,11,0,0,0,0,0,0,0,0,0,1,0,7,0,0,0,0,0.0,0.0,6.0,12.0,36.1,1.0,0.38461538461538464,0.0,0.0,8.0,12.0,37.3,1.5,0.6428571428571429,0.0,0.0,4.0,17.0,34.7,0.7,0.2777777777777778,2.5,2.0,0.0,0.0625,0.25,3,5,2.3,1.0,1629,1167,1428,0.0,0.0,3.0,7.0,33.9,0.3,0.5,0.0,0.0,2.0,7.0,33.2,0.7,0.5,-1.5,0.0,54.0,-1135.0,16.0,13.0,512.0,0.0,-0.14285714285714285,0.05555555555555555,0.1111111111111111,0.2,0.9199999999999996,0.0,0.9935000000000045,-0.8537999999999997,-0.4064999999999941,-1.2064999999999984,-1.906499999999994,0.12289751833224674,1.48539557021017,-4.0,4.0,0.0,0.23076923076923078,0.3076923076923077,4.0,0.0,,-0.20833333333333331
477,202009050802,0,0,0,0,3,10,6,42,0,0,0,0,0,0,0,0,1,0,0,4,0,0,0,0,0,0,0,0,0,0,0,3,0,0,0,0,0.0,0.0,9.0,6.0,37.5,1.1,0.06666666666666667,0.0,0.0,10.0,11.0,34.5,1.0,0.5,0.0,0.0,4.0,5.0,34.3,0.2,0.25,-0.5,4.0,-400.0,0.046511627906976744,0.23255813953488372,4,8,5.4,2.0,1426,1428,306,0.0,0.0,7.0,3.0,33.9,0.4,0.3333333333333333,0.0,0.0,7.0,13.0,34.8,1.8,0.9230769230769231,0.6,0.2,55.0,-925.0,16.0,15.0,468.0,0.13333333333333333,-0.05555555555555555,0.0,0.0,0.07692307692307693,0.6000000000000008,0.0,-1.5386999999999986,-0.9592000000000027,-1.1592000000000056,-1.1747000000000014,-0.27470000000000283,0.2900334379597976,1.2837445228704976,-1.0,0.0,,0.0,0.4,0.0,,,-0.20036429872495448
478,202009050802,1,0,0,10,1,4,2,17,0,0,0,0,0,0,0,2,0,0,1,3,0,0,0,0,0,0,0,1,0,0,0,1,0,0,0,0,0.0,0.0,20.0,10.0,35.2,1.7,0.9285714285714286,0.0,0.0,40.0,3.0,34.6,0.1,0.4117647058823529,0.0,0.0,100.0,5.0,34.3,0.7,0.1111111111111111,-2.5,0.0,200.0,0.2222222222222222,0.4166666666666667,2,3,6.6,4.0,1674,848,1428,,,,,,,,,,,,,,,-2.5,0.3333333333333333,55.0,55.0,16.0,14.0,450.0,0.0,-0.058823529411764705,0.0,,,0.45000000000000284,0.0,0.04690000000000083,-0.5531000000000006,-1.3499000000000052,,,0.3375933028706149,0.3741657386773963,0.0,0.0,,0.0,0.4166666666666667,0.0,,,-0.12500000000000003
479,202009050802,0,0,0,0,3,0,6,43,0,0,0,0,0,0,0,0,0,0,0,7,0,0,0,0,0,0,0,0,0,0,0,0,0,0,0,0,0.0,0.0,13.0,5.0,33.4,0.4,0.1875,0.0,0.0,7.0,11.0,35.3,0.8,0.5384615384615384,0.0,0.0,4.0,8.0,34.3,0.6,0.45454545454545453,1.5,6.0,200.0,0.0,0.17391304347826086,2,4,5.6,3.0,1089,1183,1428,0.0,0.0,4.0,10.0,33.8,0.4,0.35714285714285715,0.0,0.0,8.0,3.0,33.2,0.1,0.4444444444444444,-0.5,0.2,54.0,-1030.0,16.0,16.0,478.0,0.0,0.0,0.0,0.0,0.0,0.18999999999999914,0.0,-1.7531000000000034,-0.0654000000000039,-0.8531000000000049,-1.3064999999999998,-1.9530999999999992,0.11920652224047476,0.7509993342207419,0.0,1.0,0.0,0.25,0.25,1.0,0.0,,0.07692307692307693
480,202009050802,6,1,4,60,8,6,6,37,1,0,1,4,3,0,0,5,1,1,0,0,0,0,0,0,1,0,0,1,0,0,0,0,0,0,0,0,0.0,0.0,10.0,10.0,34.9,0.7,0.5333333333333333,0.0,0.0,6.0,1.0,34.8,0.0,0.3333333333333333,0.0,0.0,4.0,7.0,35.0,0.9,0.5625,-1.5,20.0,200.0,0.043478260869565216,0.21739130434782608,5,9,14.2,5.0,1090,1345,1169,0.0,0.0,4.0,9.0,35.0,1.0,0.5882352941176471,0.0,0.0,5.0,5.0,34.9,1.3,0.5555555555555556,-0.2,0.2,55.0,-931.0,16.0,15.0,510.0,0.06666666666666667,0.08333333333333333,0.0,0.0,-0.05555555555555555,-0.020000000000000285,0.0,-0.25310000000000343,-0.5654000000000039,-0.10649999999999693,-0.10649999999999693,-0.20649999999999835,0.09230651757260322,0.07483314773547989,0.0,3.0,0.0,0.0,0.0,3.0,0.0,0.152762730227519,-0.1286549707602339
481,202009050802,5,7,13,75,3,3,2,15,0,0,0,0,0,0,3,5,0,0,0,1,0,0,0,0,0,0,1,3,0,0,0,0,0,0,0,0,0.0,0.0,3.0,7.0,39.3,1.9,0.625,0.0,0.0,13.0,13.0,37.6,1.6,0.875,0.0,0.0,11.0,12.0,35.9,2.3,0.9166666666666666,2.5,-8.0,-350.0,0.15217391304347827,0.3695652173913043,3,6,51.0,9.0,1691,1559,1167,0.0,0.0,13.0,12.0,34.5,0.7,1.0,0.0,0.0,11.0,11.0,34.5,1.3,0.16666666666666666,0.7,0.0,55.0,-1337.0,16.0,8.0,462.0,0.25,0.125,-0.08333333333333333,-0.07692307692307693,0.16666666666666666,1.2699999999999996,0.0,,-1.7926000000000002,0.6366000000000014,-0.9592000000000027,-0.9592000000000027,0.3020761493398643,1.8607525359380805,-1.0,0.0,,0.0,0.2,0.0,,0.13461538461538464,-0.04782608695652174
482,202009050802,0,0,0,0,2,3,2,34,0,0,0,0,0,0,0,0,0,0,0,8,0,0,0,0,0,0,0,0,0,0,0,3,0,0,0,0,0.0,0.0,3.0,12.0,43.1,2.9,0.16666666666666666,0.0,0.0,6.0,9.0,35.7,1.0,0.4444444444444444,0.0,0.0,4.0,4.0,35.7,0.5,0.05555555555555555,-4.0,14.0,0.0,0.034482758620689655,0.1724137931034483,8,16,17.4,6.0,1677,1235,1167,0.0,0.0,2.0,9.0,38.4,1.6,0.125,0.0,0.0,4.0,5.0,38.5,1.5,0.21428571428571427,-1.4000000000000001,0.0,55.0,-493.0,16.0,12.0,492.0,0.3333333333333333,-0.05555555555555555,0.0,0.0,0.0,0.6500000000000007,0.0,5.435700000000004,0.3346000000000018,0.5469000000000008,3.2468999999999966,0.5889000000000024,0.1323256517282881,2.7058455240460413,-1.0,0.0,,0.0625,0.0625,0.0,,,-0.08739837398373985
483,202009050802,0,0,0,0,7,6,6,63,0,0,0,0,0,0,0,0,3,1,0,11,0,0,0,0,0,0,0,0,0,0,0,3,0,0,0,0,0.0,0.0,10.0,16.0,39.3,2.1,0.4375,0.0,0.0,10.0,15.0,37.0,1.3,0.0625,0.0,0.0,9.0,14.0,35.5,1.0,0.05555555555555555,-1.0,10.0,200.0,0.0,0.21428571428571427,8,15,84.5,11.0,1657,1405,1317,0.0,0.0,10.0,4.0,35.1,0.5,0.375,0.0,0.0,8.0,12.0,36.3,1.4,0.3125,-1.9,0.0,54.0,-414.0,16.0,16.0,454.0,0.1875,0.0625,0.0,0.0,-0.0625,0.7899999999999998,0.0,1.3888999999999996,1.846899999999998,0.346899999999998,-0.26539999999999964,1.1468999999999951,0.159776560805132,1.48270023942805,0.0,0.0,,0.10526315789473684,0.47368421052631576,0.0,,,0.32384823848238486
484,202009050802,0,0,0,0,2,2,0,7,0,0,0,0,0,0,0,0,0,0,0,1,0,0,0,0,0,0,0,0,0,0,0,0,0,0,0,0,0.0,0.0,100.0,9.0,38.8,1.7,0.8333333333333334,0.0,0.0,80.0,6.0,39.1,2.7,1.0,0.0,0.0,40.0,8.0,37.3,0.6,0.6875,-0.5,20.0,-100.0,0.0,0.25,5,10,46.7,8.0,1657,1036,1317,0.0,0.0,110.0,8.0,38.9,2.1,0.8,0.0,0.0,80.0,9.0,36.3,1.6,0.9375,0.2,0.0,55.0,-1334.0,16.0,12.0,452.0,0.08333333333333333,-0.4666666666666667,-0.125,0.0,-0.1875,0.5200000000000002,0.0,,-0.4466999999999999,-0.6111000000000004,1.2357000000000014,1.1935000000000002,0.10892785583943979,1.0961751684835788,-1.0,1.0,0.0,0.17647058823529413,0.29411764705882354,1.0,0.0,,
485,202009050802,0,1,0,7,2,2,2,30,0,0,0,0,0,0,0,2,0,0,1,4,0,0,0,0,0,0,0,0,0,0,0,1,0,0,0,0,0.0,0.0,12.0,12.0,42.2,3.2,1.0,0.0,0.0,17.0,17.0,35.9,3.0,0.6666666666666666,0.0,0.0,14.0,9.0,35.5,1.2,0.8888888888888888,-1.5,32.0,-100.0,0.10256410256410256,0.1794871794871795,6,11,80.7,10.0,1687,1366,1345,0.0,0.0,10.0,10.0,37.4,1.4,0.0625,0.0,0.0,10.0,14.0,37.3,2.3,0.9375,-0.3,0.0,55.0,-572.0,16.0,12.0,532.0,0.0,0.1111111111111111,-0.1111111111111111,0.0,0.0,0.8300000000000012,0.0,,0.8252999999999986,0.39350000000000307,2.108699999999999,-0.6111000000000004,0.34321577455186203,2.3904811231214538,-1.0,2.0,0.0,0.1,0.2,1.0,0.0,,0.05555555555555555
486,202009050802,0,1,1,13,0,0,0,0,0,0,0,0,0,0,0,4,0,0,0,0,0,0,0,0,0,0,0,2,0,0,0,0,0,0,0,0,0.0,0.0,3.0,6.0,40.8,2.8,0.5555555555555556,0.0,0.0,12.0,14.0,40.0,4.0,0.875,0.0,0.0,12.0,13.0,36.7,2.3,1.0,3.5,-4.0,0.0,0.0,0.08333333333333333,1,1,217.3,13.0,1148,1493,1393,0.0,0.0,15.0,13.0,35.3,1.4,0.9375,0.0,0.0,13.0,11.0,36.6,1.8,0.5625,0.9,0.0,55.0,-561.0,16.0,9.0,406.0,0.2222222222222222,0.0,-0.14285714285714285,0.0625,-0.0625,1.3099999999999994,0.0,3.1357,0.7905999999999977,0.7834000000000003,0.19350000000000023,1.4935000000000045,0.18959223625819363,2.131103000795597,-1.0,2.0,0.0,0.0,0.0,2.0,0.0,,
487,202009050802,0,0,0,0,2,2,0,7,0,0,0,0,0,0,0,0,0,0,0,1,0,0,0,0,0,0,0,0,0,0,0,0,0,0,0,0,0.0,0.0,3.0,1.0,36.4,0.0,0.3,0.0,0.0,4.0,6.0,34.8,0.4,0.3888888888888889,0.0,0.0,11.0,7.0,34.4,0.2,0.4444444444444444,3.0,1.0,580.0,0.0,0.0,4,7,338.8,15.0,1426,1036,306,0.0,0.0,10.0,14.0,39.7,2.6,0.26666666666666666,0.0,0.0,7.0,9.0,38.8,2.6,0.8125,2.4,0.2,54.0,-501.0,16.0,10.0,445.0,-0.1,0.0,0.0,0.0,0.0,-0.9700000000000003,0.0,,-0.35310000000000485,-0.7531000000000034,1.7889000000000053,0.6462000000000003,0.19544899243018704,2.1131966306995675,1.0,0.0,,0.14285714285714285,0.14285714285714285,0.0,,,
488,202009050802,2,8,6,29,0,2,0,4,0,0,0,0,0,2,3,4,0,1,0,0,0,0,0,0,0,1,0,1,0,0,0,0,0,0,0,0,0.0,0.0,6.0,6.0,41.1,2.3,0.25,0.0,0.0,14.0,12.0,39.7,1.8,0.75,0.0,0.0,10.0,5.0,40.2,1.2,0.8461538461538461,-0.5,19.0,0.0,0.047619047619047616,0.23809523809523808,7,14,271.3,14.0,1172,1589,1556,0.0,0.0,15.0,15.0,36.3,1.9,0.5555555555555556,0.0,0.0,14.0,13.0,36.7,2.3,0.9375,1.7,0.0,54.0,-518.0,16.0,8.0,427.0,0.25,-0.0625,0.07692307692307693,0.16666666666666666,0.0625,1.2200000000000002,0.0,2.9462000000000046,0.15330000000000155,0.6533000000000015,1.1468999999999951,1.593500000000006,0.2443197376294828,1.934941859591653,0.0,1.0,0.0,0.0,0.2222222222222222,1.0,0.0,0.08194444444444443,
489,202009050802,10,7,10,36,0,0,0,5,0,0,0,0,1,2,3,2,0,0,0,2,0,0,0,0,0,0,1,0,0,0,0,0,0,0,0,0,0.0,0.0,4.0,5.0,39.9,1.0,0.1111111111111111,0.0,0.0,12.0,14.0,35.4,1.6,0.7777777777777778,0.0,0.0,11.0,10.0,39.0,2.8,0.5333333333333333,2.5,16.0,0.0,0.1,0.3333333333333333,7,13,89.1,12.0,1167,1438,460,0.0,0.0,12.0,15.0,35.4,2.3,0.23529411764705882,0.0,0.0,12.0,14.0,37.5,2.5,0.375,1.9,0.0,54.0,-1334.0,16.0,9.0,426.0,0.1111111111111111,0.0,0.06666666666666667,0.058823529411764705,0.0,0.4799999999999997,0.0,1.6204999999999998,0.24689999999999657,1.0889000000000024,0.3252999999999986,2.393500000000003,0.23302024911750166,1.8336848147923352,-1.0,1.0,0.0,0.0,0.25,1.0,0.0,-0.11607142857142855,
490,202009050802,16,11,9,91,0,1,0,13,0,0,0,3,5,0,1,12,0,0,0,0,0,0,0,0,1,0,0,5,0,0,0,0,0,0,0,0,0.0,0.0,30.0,6.0,38.6,1.3,0.75,0.0,0.0,90.0,6.0,35.5,0.4,0.75,0.0,0.0,70.0,7.0,40.8,2.3,0.9285714285714286,0.5,2.0,-100.0,0.1,0.35,6,12,28.4,7.0,1716,1503,1167,0.0,0.0,40.0,5.0,40.3,2.4,0.9166666666666666,0.0,0.0,50.0,6.0,39.7,0.9,0.9285714285714286,-0.1,0.0,55.0,-1325.0,16.0,12.0,476.0,-0.16666666666666666,0.0,-0.5714285714285714,-0.5833333333333334,-0.6428571428571429,-0.7,0.0,,-0.9410999999999987,1.4073999999999955,0.9073999999999955,0.30740000000000123,0.08564812261240452,1.8882796403075464,-1.0,0.0,,0.0,0.14285714285714285,0.0,,-0.15846456692913385,
491,202009050802,4,6,2,18,0,0,0,4,0,0,0,0,0,1,1,8,0,0,0,2,0,0,0,0,0,0,1,4,0,0,0,1,0,0,0,0,0.0,0.0,20.0,10.0,36.6,0.0,0.08333333333333333,0.0,0.0,150.0,150.0,39.9,4.3,0.625,0.0,0.0,110.0,160.0,37.8,3.0,0.6666666666666666,75.0,28.0,200.0,0.16666666666666666,0.16666666666666666,1,2,385.3,16.0,1098,1039,1294,0.0,0.0,160.0,160.0,37.7,2.9,0.5,0.0,0.0,140.0,90.0,34.8,1.1,0.8333333333333334,17.0,0.0,51.0,-976.0,16.0,12.0,442.0,0.0,0.0625,0.0,0.0,-0.1111111111111111,0.5800000000000004,0.0,-1.2210999999999999,2.0788999999999973,1.7051999999999978,2.593500000000006,-0.35310000000000485,0.25276251480171835,1.6668533228811708,-3.0,1.0,0.0,0.0,0.0,1.0,0.0,,
492,202009050906,5,3,4,39,0,0,1,9,0,0,0,1,0,1,1,5,0,0,0,1,0,0,0,0,0,0,1,5,0,0,0,0,0,0,0,0,0.0,0.0,100.0,16.0,36.0,2.1,0.5294117647058824,0.0,0.0,40.0,8.0,36.8,1.2,0.36363636363636365,0.0,0.0,50.0,6.0,34.6,0.5,0.3333333333333333,-5.0,2.0,-200.0,0.11764705882352941,0.29411764705882354,7,9,3.7,1.0,1152,1721,1428,0.0,0.0,80.0,4.0,34.4,0.8,0.5,0.0,0.0,70.0,9.0,34.8,0.8,0.0625,-1.8,0.0,53.0,-1182.0,12.0,17.0,482.0,0.11764705882352941,-0.09090909090909091,0.08333333333333333,0.0,0.0,0.4800000000000004,0.0,0.7366000000000028,1.7252999999999972,-0.47469999999999857,-0.8633999999999986,-0.46340000000000003,0.1658349817701162,0.9260669522232176,-2.0,0.0,,0.2857142857142857,0.35714285714285715,0.0,,,
493,202009050906,0,0,0,0,0,0,0,0,0,0,0,0,0,0,0,0,0,0,0,0,0,0,0,0,0,0,0,0,0,0,0,0,0,0,0,0,0.0,0.0,9.0,9.0,35.0,1.1,0.25,0.0,0.0,8.0,7.0,33.4,0.7,1.0,0.0,0.0,13.0,9.0,33.7,0.6,0.875,0.0,-2.0,0.0,0.1,0.25,6,8,5.3,3.0,1672,1172,1167,0.0,0.0,8.0,10.0,33.7,0.8,0.9090909090909091,0.0,0.0,8.0,8.0,33.9,0.7,0.9230769230769231,0.1,0.0,54.0,-882.0,12.0,12.0,446.0,0.0,0.0,0.0,-0.09090909090909091,-0.15384615384615385,0.18999999999999986,0.0,-0.29129999999999967,-1.7531000000000034,-1.4530999999999992,-1.4530999999999992,-1.2531000000000034,0.2737907363371242,0.5535341001239217,-2.0,1.0,0.0,0.0,0.125,0.0,,,
494,202009050906,39,30,28,143,0,1,0,3,0,0,0,0,3,3,0,11,0,0,0,0,0,0,0,0,2,1,0,1,0,0,0,0,0,0,0,0,0.0,0.0,8.0,8.0,43.8,3.9,0.125,0.0,0.0,14.0,13.0,39.1,2.1,0.625,0.0,0.0,8.0,16.0,41.4,2.9,0.125,4.0,-8.0,0.0,0.0,0.16666666666666666,6,7,20.1,8.0,1428,377,1263,0.0,0.0,4.0,12.0,39.7,1.7,0.625,0.0,0.0,6.0,9.0,35.7,0.7,0.16666666666666666,0.1,0.0,55.0,-845.0,12.0,8.0,456.0,0.875,0.0,0.0,0.0625,0.0,1.5599999999999987,0.0,6.1357,0.9462000000000046,3.1205,0.30740000000000123,0.5935000000000059,0.2386303510546059,2.6747710182368865,1.0,1.0,0.0,0.4444444444444444,0.6666666666666666,1.0,0.0,-0.16026422764227644,
495,202009050906,1,5,2,16,3,3,2,15,0,0,0,1,0,1,0,2,0,0,0,1,0,0,0,0,0,0,0,0,0,0,0,0,0,0,0,0,0.0,0.0,14.0,11.0,34.3,1.2,0.7777777777777778,0.0,0.0,12.0,10.0,35.8,0.9,0.2857142857142857,0.0,0.0,15.0,13.0,35.9,0.9,0.3888888888888889,1.0,6.0,200.0,0.045454545454545456,0.25,2,2,16.2,6.0,1465,1559,1328,0.0,0.0,13.0,8.0,35.3,0.8,0.6666666666666666,0.0,0.0,11.0,14.0,35.8,1.4,0.5555555555555556,0.4,0.0,55.0,-272.0,12.0,18.0,442.0,-0.05555555555555555,0.0,0.1111111111111111,-0.1111111111111111,0.0,-0.25,0.0,-0.8531000000000049,-0.12250000000000227,0.6366000000000014,0.14689999999999515,0.6935000000000002,0.1789924490033073,0.5979966555090424,2.0,1.0,0.0,0.1,0.45,1.0,0.0,-0.1515151515151515,-0.04782608695652174
496,202009050906,5,3,4,39,3,3,2,15,0,0,0,0,0,1,1,5,0,0,0,1,0,0,0,0,0,0,1,5,0,0,0,0,0,0,0,0,0.0,0.0,3.0,6.0,40.0,1.6,0.1875,0.0,0.0,4.0,4.0,40.3,0.7,0.13333333333333333,0.0,0.0,4.0,3.0,39.3,0.9,0.5333333333333333,-1.5,-8.0,-400.0,0.045454545454545456,0.22727272727272727,3,3,9.0,5.0,1152,1559,1428,0.0,0.0,9.0,11.0,34.7,0.8,0.8888888888888888,0.0,0.0,5.0,5.0,35.4,0.8,0.5,0.5,0.2,55.0,-188.0,12.0,16.0,466.0,0.0625,0.0,-0.13333333333333333,0.0,0.08333333333333333,1.4799999999999998,0.0,0.9613000000000014,0.6740999999999957,-0.24670000000000414,-0.4064999999999941,0.29350000000000165,0.27248570015713386,2.392153841206705,0.0,2.0,0.0,0.0,0.14285714285714285,2.0,0.0,,-0.04782608695652174
497,202009050906,1,1,0,4,1,0,0,0,0,0,0,0,0,0,0,0,0,0,0,0,0,0,0,0,0,0,0,0,0,0,0,0,0,0,0,0,0.0,0.0,1.0,9.0,44.6,2.7,0.08333333333333333,0.0,0.0,11.0,9.0,38.2,1.6,0.5,0.0,0.0,13.0,10.0,36.6,0.7,0.875,0.5,-8.0,0.0,0.0,0.0,5,6,5.3,2.0,314,193,324,0.0,0.0,8.0,11.0,40.2,3.3,0.08333333333333333,0.0,0.0,8.0,13.0,39.5,2.2,0.23076923076923078,1.0,0.0,55.0,-1330.0,12.0,12.0,466.0,0.25,0.0,0.0,0.08333333333333333,0.0,0.8200000000000003,0.0,6.446200000000005,0.28890000000000526,-1.091699999999996,1.4029000000000025,1.6788999999999987,0.30148383859000877,2.6865591376331173,-1.0,0.0,,0.2631578947368421,0.5263157894736842,0.0,,0.0,
498,202009050906,0,0,0,0,1,0,0,2,0,0,0,0,0,0,0,0,0,0,0,0,0,0,0,0,0,0,0,0,0,0,0,0,0,0,0,0,0.0,0.0,14.0,12.0,35.5,1.1,0.16666666666666666,0.0,0.0,13.0,10.0,36.3,1.0,0.13333333333333333,0.0,0.0,13.0,16.0,37.3,1.3,0.0625,2.0,2.0,200.0,0.0,0.0625,5,5,21.4,9.0,579,760,548,0.0,0.0,11.0,6.0,38.3,0.5,0.09090909090909091,0.0,0.0,6.0,3.0,36.9,1.0,0.5714285714285714,-2.2,0.2,54.0,-805.0,12.0,18.0,430.0,0.05555555555555555,0.0,0.0625,0.0,0.2857142857142857,-0.4799999999999997,0.0,0.13459999999999894,0.5625999999999962,1.3833999999999946,2.1342,0.983399999999996,0.186653922423948,0.9414881836751848,-2.0,0.0,,0.0,0.8,0.0,,,
499,202009050906,2,8,6,29,0,0,0,1,0,0,0,0,0,2,3,4,0,0,0,0,0,0,0,0,0,0,1,0,0,0,0,0,0,0,0,0,0.0,0.0,12.0,9.0,39.0,2.2,0.5384615384615384,0.0,0.0,6.0,12.0,36.6,1.9,0.5,0.0,0.0,3.0,8.0,40.0,2.7,0.46153846153846156,-0.5,2.0,-300.0,0.3333333333333333,0.3333333333333333,8,11,5.5,4.0,1172,319,1556,0.0,0.0,8.0,14.0,35.0,1.3,0.5,0.0,0.0,5.0,6.0,34.4,0.4,0.9,-0.4,0.0,54.0,-202.0,12.0,13.0,486.0,0.46153846153846156,0.07142857142857142,-0.07692307692307693,0.0,0.0,1.0800000000000005,0.0,-0.3926000000000016,0.677500000000002,0.4532999999999987,-0.07469999999999999,-0.6747000000000014,0.16183854910475243,2.187235698318771,3.0,0.0,,0.3333333333333333,0.5333333333333333,0.0,,0.08194444444444443,
500,202009050906,0,0,0,8,1,0,1,4,0,0,0,0,0,0,0,2,0,0,0,0,0,0,0,0,0,0,0,1,0,0,0,0,0,0,0,0,0.0,0.0,3.0,8.0,41.7,1.1,0.3333333333333333,0.0,0.0,9.0,9.0,39.4,4.6,0.6666666666666666,0.0,0.0,7.0,11.0,44.3,4.8,0.2857142857142857,1.5,-8.0,0.0,0.0,0.14285714285714285,7,10,49.0,10.0,1191,1169,1235,0.0,0.0,10.0,9.0,36.6,2.0,0.5,,,,,,,,0.5,0.0,55.0,-431.0,12.0,9.0,466.0,0.1111111111111111,0.3333333333333333,0.07142857142857142,0.3333333333333333,,1.0400000000000005,0.0,3.420500000000004,1.9553000000000011,4.674099999999996,1.4935000000000045,,0.14999527581373992,2.8416544476765635,-1.0,1.0,0.0,0.0,0.14285714285714285,1.0,0.0,,
501,202009050906,16,11,9,91,1,1,0,1,0,0,0,0,5,0,1,12,0,0,0,0,0,0,0,0,1,0,0,2,0,0,0,0,0,0,0,0,0.0,0.0,13.0,15.0,42.7,5.1,0.13333333333333333,0.0,0.0,5.0,5.0,40.7,2.0,0.3333333333333333,0.0,0.0,8.0,11.0,42.8,6.3,0.5,-2.0,-4.0,-400.0,0.0,0.0,1,1,18.5,7.0,1716,1412,1167,0.0,0.0,7.0,10.0,36.6,2.2,0.8333333333333334,,,,,,,,-0.9,0.0,55.0,-245.0,12.0,15.0,506.0,0.06666666666666667,0.0,0.4166666666666667,0.0,,1.620000000000001,0.0,3.0741000000000014,3.0357000000000056,3.1740999999999957,1.4935000000000045,,0.2565800719723442,2.5109759058979435,-1.0,1.0,0.0,0.0,0.1,1.0,0.0,-0.15846456692913385,
502,202009050906,16,11,9,91,2,0,1,9,0,0,0,0,5,0,1,12,0,0,0,3,0,0,0,0,1,0,0,2,0,0,0,0,0,0,0,0,0.0,0.0,9.0,,,,,0.0,0.0,18.0,18.0,35.8,2.5,0.9444444444444444,0.0,0.0,14.0,13.0,40.4,3.3,0.9375,-5.0,3.0,200.0,0.0,0.14285714285714285,4,4,158.7,12.0,1716,109,1167,0.0,0.0,12.0,11.0,36.5,2.4,1.0,,,,,,,,-3.5,0.0,55.0,-218.0,12.0,9.0,417.0,,0.0,0.0,0.0,,-0.3500000000000014,0.0,,0.6468999999999951,2.1205,1.393500000000003,,0.027970013827765216,2.0237478982214054,3.0,1.0,0.0,0.0,0.3333333333333333,1.0,0.0,-0.15846456692913385,
503,202009050906,0,0,0,0,3,3,3,9,0,0,0,0,0,0,0,0,0,0,0,0,0,0,0,0,0,0,0,0,0,0,0,0,0,0,0,0,0.0,0.0,5.0,11.0,41.7,2.5,0.5,0.0,0.0,8.0,5.0,36.9,0.4,0.6875,0.0,0.0,6.0,7.0,36.1,0.4,0.6428571428571429,-2.0,0.0,0.0,0.05405405405405406,0.2702702702702703,8,12,104.2,11.0,1657,1362,1317,0.0,0.0,5.0,3.0,36.3,0.1,0.15384615384615385,0.0,0.0,15.0,9.0,38.2,0.9,0.125,-0.6,0.2,55.0,-1324.0,12.0,12.0,468.0,0.25,0.0,0.07142857142857142,0.15384615384615385,0.0,0.7600000000000001,0.0,3.546200000000006,-1.011099999999999,-0.17419999999999902,-0.14110000000000156,0.28890000000000526,0.23894245575489192,2.0645580640902317,-1.0,0.0,,0.16666666666666666,0.2777777777777778,0.0,,,
504,202009060103,13,9,17,98,0,0,0,0,0,0,0,0,0,0,1,9,0,0,0,0,0,0,0,0,0,0,0,3,0,0,0,0,0,0,0,0,0.0,0.0,150.0,9.0,35.1,0.6,0.9375,0.0,0.0,14.0,9.0,34.0,0.8,0.8125,0.0,0.0,17.0,15.0,33.3,0.6,0.3888888888888889,3.0,0.0,200.0,0.14893617021276595,0.3617021276595745,1,2,2.2,1.0,1503,128,1263,0.0,0.0,17.0,14.0,37.1,1.8,0.5555555555555556,0.0,0.0,15.0,12.0,33.8,0.6,0.6666666666666666,1.1,0.0,54.0,-1429.0,16.0,16.0,448.0,-0.0625,0.0625,0.05555555555555555,0.0,0.05555555555555555,-0.04999999999999929,0.0,-0.7162000000000006,-1.153100000000002,-1.8064999999999998,0.7383999999999986,-1.3531000000000049,0.19181757344279352,1.3544002362669627,-1.0,2.0,0.0,0.0,0.15384615384615385,1.0,0.0,-0.11075848936845445,
505,202009060103,0,0,0,0,2,3,2,34,0,0,0,0,0,0,0,0,0,0,0,8,0,0,0,0,0,0,0,0,0,0,0,3,0,0,0,0,0.0,0.0,100.0,2.0,35.1,0.3,0.6153846153846154,0.0,0.0,40.0,4.0,38.2,0.6,0.38461538461538464,0.0,0.0,60.0,5.0,35.9,0.8,0.4,1.5,6.0,0.0,0.0,0.05,2,3,5.2,3.0,1460,1235,1345,0.0,0.0,130.0,6.0,34.5,0.8,0.3888888888888889,,,,,,,,1.3,0.25,55.0,14.0,16.0,13.0,438.0,-0.07692307692307693,0.0,0.1,-0.1111111111111111,,0.41000000000000086,0.0,-0.006499999999995509,1.8384,0.8252999999999986,-0.5747,,0.09725086457021212,1.4042346669983627,0.0,2.0,0.5,0.0,0.09090909090909091,1.0,1.0,,-0.08739837398373985
506,202009060103,0,0,0,0,1,4,1,46,0,0,0,0,0,0,0,0,0,0,0,7,0,0,0,0,0,0,0,0,0,0,0,3,0,0,0,0,0.0,0.0,13.0,3.0,38.8,0.9,0.6875,0.0,0.0,10.0,10.0,34.4,1.1,0.75,0.0,0.0,6.0,6.0,34.8,1.0,0.8888888888888888,1.5,7.0,0.0,0.0,0.0,1,1,310.2,14.0,1397,1558,1428,0.0,0.0,11.0,11.0,35.0,1.1,0.13333333333333333,0.0,0.0,12.0,7.0,35.2,0.6,0.4166666666666667,0.9,0.2,53.0,-1060.0,16.0,16.0,451.0,-0.125,-0.08333333333333333,-0.1111111111111111,0.0,0.08333333333333333,0.6599999999999987,0.0,0.5204999999999984,-0.8913000000000011,-0.3064999999999998,-0.10649999999999693,-0.09129999999999683,0.26905240666246455,1.601998751560062,-1.0,4.0,0.0,0.09090909090909091,0.18181818181818182,2.0,0.0,,0.19230769230769232
507,202009060103,0,0,0,0,7,8,9,48,0,0,0,0,0,0,0,0,2,3,1,11,0,0,0,0,0,0,0,0,0,1,0,7,0,0,0,0,0.0,0.0,50.0,7.0,34.4,0.8,0.7333333333333333,0.0,0.0,50.0,9.0,36.0,0.8,0.2777777777777778,0.0,0.0,90.0,3.0,36.1,0.2,0.07142857142857142,-2.0,-8.0,200.0,0.0,0.0,5,9,32.7,7.0,1657,1167,1317,,,,,,,,,,,,,,,-2.0,0.3333333333333333,55.0,21.0,16.0,15.0,422.0,-0.06666666666666667,-0.1111111111111111,0.0,,,-0.8500000000000014,0.0,-0.7531000000000034,0.8935000000000031,-1.3677999999999955,,,0.2765318492789408,0.7788880963698626,0.0,1.0,0.0,0.0,0.16666666666666666,1.0,0.0,,-0.20833333333333331
508,202009060103,0,0,0,0,0,0,0,11,0,0,0,0,0,0,0,0,0,0,0,4,0,0,0,0,0,0,0,0,0,0,0,1,0,0,0,0,0.0,0.0,9.0,5.0,40.0,1.4,0.8333333333333334,0.0,0.0,4.0,5.0,35.4,0.9,0.1875,0.0,0.0,3.0,3.0,37.8,0.8,0.3076923076923077,-1.0,10.0,-100.0,0.03333333333333333,0.16666666666666666,8,15,10.8,4.0,1601,1145,239,0.0,0.0,4.0,5.0,35.2,0.8,0.5555555555555556,,,,,,,,-0.2,0.25,55.0,-1206.0,16.0,12.0,516.0,-0.16666666666666666,0.0,-0.07692307692307693,0.2222222222222222,,1.1999999999999993,0.0,,0.29350000000000165,-1.4321000000000055,0.04690000000000083,,0.24772804501024698,1.9621416870348576,-1.0,1.0,0.0,0.2,0.6,1.0,0.0,,
509,202009060103,3,5,1,25,0,1,3,7,0,0,0,0,0,0,1,7,0,0,0,1,0,0,0,0,0,0,0,1,0,0,0,1,0,0,0,0,0.0,0.0,100.0,10.0,37.2,0.6,0.26666666666666666,0.0,0.0,15.0,8.0,36.7,0.8,0.1875,0.0,0.0,12.0,8.0,37.1,1.5,0.6875,-1.0,0.0,0.0,0.21621621621621623,0.43243243243243246,5,10,4.0,2.0,1431,1079,1428,0.0,0.0,15.0,4.0,36.8,0.8,0.625,0.0,0.0,10.0,9.0,38.2,1.1,0.25,-0.6,0.0,54.0,-1429.0,16.0,15.0,476.0,0.0,0.0625,-0.0625,-0.1875,-0.0625,-0.20999999999999944,0.0,-0.4642999999999944,-1.579499999999996,-0.7233000000000018,-1.023300000000006,0.7822999999999993,0.2091218411463624,0.53291650377897,-2.0,0.0,,0.0,0.5,0.0,,-0.09803921568627452,
510,202009060103,4,6,2,18,1,2,1,6,0,0,0,0,0,1,1,8,0,0,1,2,0,0,0,0,0,0,1,4,0,0,0,0,0,0,0,0,0.0,0.0,110.0,110.0,42.2,3.3,0.36363636363636365,0.0,0.0,140.0,140.0,35.0,1.5,0.625,0.0,0.0,160.0,130.0,34.2,1.1,0.6875,10.0,13.0,0.0,0.0,0.25,6,11,96.3,10.0,1098,1393,1294,0.0,0.0,140.0,110.0,33.6,1.7,0.9333333333333333,0.0,0.0,110.0,130.0,35.2,0.8,0.5,1.0,0.0,54.0,-1255.0,16.0,11.0,467.0,0.2727272727272727,0.1875,0.0625,0.0,-0.14285714285714285,1.5399999999999998,0.0,4.535700000000006,-0.07469999999999999,-1.7165999999999997,-1.7653999999999996,0.04690000000000083,0.1912398529570785,3.1327942798722046,-2.0,0.0,,,,0.0,,,
511,202009060103,3,5,1,25,3,0,6,43,0,0,0,1,0,0,1,7,0,0,0,7,0,0,0,0,0,0,0,1,0,0,0,0,0,0,0,0,0.0,0.0,2.0,1.0,35.1,0.0,0.2727272727272727,0.0,0.0,6.0,10.0,33.8,0.6,0.9166666666666666,0.0,0.0,7.0,3.0,33.3,0.1,0.9090909090909091,1.0,2.0,200.0,0.25,0.375,4,7,255.6,13.0,1431,1183,1428,0.0,0.0,8.0,4.0,34.7,0.5,0.8235294117647058,0.0,0.0,8.0,1.0,34.9,0.0,0.7222222222222222,-0.6,0.6,54.0,-232.0,16.0,11.0,506.0,0.09090909090909091,0.0,-0.18181818181818182,0.0,-0.05555555555555555,-0.05,0.0,-0.05310000000000059,-1.3064999999999998,-1.8531000000000049,-0.6653999999999982,-0.25310000000000343,0.23867046165633632,0.691664658631625,5.0,1.0,0.0,0.0,0.0,1.0,0.0,-0.09803921568627452,0.07692307692307693
512,202009060103,0,0,0,2,0,0,1,1,0,0,0,0,0,0,0,0,0,0,0,0,0,0,0,0,0,0,0,0,0,0,0,0,0,0,0,0,0.0,0.0,12.0,11.0,36.3,1.4,0.5,0.0,0.0,12.0,16.0,36.4,1.3,0.6875,0.0,0.0,5.0,5.0,39.3,2.0,0.2,-3.0,2.0,200.0,0.044444444444444446,0.24444444444444444,3,6,14.8,5.0,603,549,760,0.0,0.0,7.0,16.0,37.6,1.6,0.2777777777777778,0.0,0.0,4.0,5.0,36.0,0.9,0.3333333333333333,-1.2,0.0,54.0,-274.0,16.0,16.0,432.0,-0.125,0.1875,0.3,0.2222222222222222,0.0,-0.06000000000000085,0.0,0.9345999999999961,1.2468999999999966,,2.2346000000000004,0.846899999999998,0.17437808362687873,1.2188519188154068,2.0,0.0,,0.16666666666666666,0.25,0.0,,,
513,202009060103,0,0,0,4,0,0,0,0,0,0,0,0,0,0,0,0,0,0,0,0,0,0,0,0,0,0,0,0,0,0,0,0,0,0,0,0,0.0,0.0,9.0,9.0,34.7,0.9,0.7272727272727273,0.0,0.0,7.0,6.0,36.9,0.7,0.75,0.0,0.0,10.0,6.0,35.9,0.9,0.21428571428571427,-1.5,-2.0,-600.0,0.16666666666666666,0.3333333333333333,3,5,77.2,9.0,1059,1210,1482,0.0,0.0,8.0,11.0,36.7,0.8,0.7142857142857143,0.0,0.0,7.0,4.0,35.4,0.6,0.38461538461538464,-0.5,0.0,53.0,-1023.0,16.0,11.0,454.0,-0.09090909090909091,-0.16666666666666666,0.07142857142857142,0.07142857142857142,0.0,-0.11999999999999958,0.0,-1.2165999999999997,0.983399999999996,-1.0412999999999997,-0.15029999999999433,-0.516600000000004,0.2182403141075493,0.8158431221748451,-3.0,0.0,,,,0.0,,,
514,202009060103,0,0,0,0,2,4,1,11,0,0,0,0,0,0,0,0,0,1,0,2,0,0,0,0,0,0,0,0,0,0,0,0,0,0,0,0,0.0,0.0,12.0,12.0,42.7,3.1,0.2857142857142857,0.0,0.0,6.0,9.0,36.1,0.9,0.06666666666666667,0.0,0.0,10.0,8.0,36.5,1.1,0.3125,-2.0,-10.0,-100.0,0.1,0.175,4,8,19.0,6.0,1629,334,1428,0.0,0.0,9.0,12.0,39.4,2.3,0.25,0.0,0.0,7.0,10.0,39.3,1.9,0.8125,-0.1,0.0,54.0,-424.0,16.0,14.0,450.0,0.21428571428571427,0.06666666666666667,0.25,0.125,0.0,0.3500000000000014,0.0,,0.6407999999999987,1.0407999999999973,1.2462000000000018,0.0905999999999949,0.24884557724659834,2.383275057562597,1.0,0.0,,0.18181818181818182,0.45454545454545453,0.0,,,
515,202009060103,6,6,9,87,4,1,4,29,0,0,0,5,2,1,0,9,1,0,1,2,0,0,0,1,2,0,0,5,0,0,0,0,0,0,0,0,0.0,0.0,11.0,8.0,35.2,1.1,0.8235294117647058,0.0,0.0,13.0,8.0,37.0,1.1,0.8666666666666667,0.0,0.0,12.0,15.0,34.4,0.8,0.7777777777777778,3.5,-4.0,200.0,0.0,0.0,6,12,36.2,8.0,1506,1618,199,0.0,0.0,16.0,6.0,33.8,0.6,1.0,0.0,0.0,10.0,14.0,35.2,0.9,0.875,1.0,0.0,54.0,-1141.0,16.0,17.0,424.0,0.0,0.0,-0.05555555555555555,0.0,0.0625,0.3200000000000003,0.0,-0.16539999999999822,-0.9110999999999976,-0.7531000000000034,-1.3531000000000049,0.09350000000000591,0.0742841727615464,1.0777754868245994,-1.0,1.0,0.0,0.058823529411764705,0.058823529411764705,1.0,0.0,0.22863247863247863,
516,202009060103,5,0,3,28,3,0,6,43,0,0,1,2,0,0,0,4,0,0,0,7,0,0,0,0,0,0,0,3,0,0,0,0,0,0,0,0,0.0,0.0,10.0,10.0,42.3,3.7,0.9090909090909091,0.0,0.0,10.0,9.0,38.6,2.1,0.9333333333333333,0.0,0.0,12.0,3.0,38.0,0.7,0.875,-3.5,-3.0,100.0,0.0,0.0,2,4,198.4,12.0,1489,1183,565,0.0,0.0,12.0,13.0,35.3,1.3,0.8125,0.0,0.0,3.0,8.0,35.6,2.3,0.8333333333333334,0.0,0.2,55.0,-1248.0,16.0,11.0,449.0,0.0,0.0,-0.125,-0.0625,0.0,1.6699999999999995,0.0,4.865899999999996,0.9357000000000042,-0.27949999999999875,0.19350000000000023,0.4468999999999994,0.045121507213557704,2.5255494451702973,-1.0,1.0,0.0,0.0,0.125,1.0,0.0,,0.07692307692307693
517,202009060103,2,2,0,26,1,3,3,15,0,0,0,0,0,1,0,3,1,0,0,4,0,0,0,0,0,0,0,0,1,0,0,1,0,0,0,0,0.0,0.0,7.0,6.0,41.5,1.0,0.4,0.0,0.0,13.0,16.0,40.9,4.0,0.125,0.0,0.0,16.0,12.0,36.3,1.4,0.8125,3.0,10.0,0.0,0.25,0.25,7,13,677.4,16.0,1036,1599,1108,0.0,0.0,13.0,13.0,38.8,3.1,0.9285714285714286,0.0,0.0,14.0,13.0,38.5,2.3,0.8125,1.1,0.0,54.0,-390.0,16.0,10.0,438.0,0.0,0.625,0.0625,0.0,0.0,0.8100000000000002,0.0,3.2205000000000013,4.983399999999996,0.9345999999999961,0.8888999999999996,0.5889000000000024,0.3041913837688104,1.8568791021496265,0.0,0.0,,0.0,0.13333333333333333,0.0,,-0.13333333333333333,
518,202009060103,0,1,0,17,1,1,4,14,0,0,0,0,0,0,0,5,0,1,0,3,0,0,0,0,0,0,0,2,0,0,0,1,0,0,0,0,0.0,0.0,11.0,12.0,42.1,5.2,1.0,0.0,0.0,14.0,12.0,40.1,2.9,0.625,0.0,0.0,12.0,13.0,35.7,2.7,0.9333333333333333,0.5,19.0,-100.0,0.0,0.0,8,16,136.0,11.0,1611,460,1263,0.0,0.0,9.0,9.0,35.3,1.2,0.5625,0.0,0.0,11.0,15.0,36.4,2.3,0.625,0.3,0.0,55.0,-1047.0,16.0,12.0,449.0,0.0,0.0,-0.06666666666666667,0.0,-0.1875,1.620000000000001,0.0,,1.8205000000000027,-0.21659999999999968,0.14689999999999515,1.2935000000000016,0.18028526777797954,2.6954776942130323,-1.0,1.0,0.0,0.0,0.0,1.0,0.0,,
519,202009060103,0,0,0,0,5,6,5,56,0,0,0,0,0,0,0,0,1,0,0,6,0,0,0,0,0,0,0,0,1,0,0,2,0,0,0,0,0.0,0.0,12.0,9.0,41.4,3.0,0.6666666666666666,0.0,0.0,10.0,11.0,14.1,7.1,0.23076923076923078,0.0,0.0,7.0,10.0,14.0,9.2,0.6,0.5,21.0,-100.0,0.125,0.125,7,14,578.4,15.0,1677,1013,1167,0.0,0.0,7.0,10.0,14.2,7.8,0.09090909090909091,0.0,0.0,3.0,6.0,38.6,1.8,0.7142857142857143,-0.7,0.0,55.0,-748.0,16.0,12.0,491.0,0.08333333333333333,0.38461538461538464,0.4,0.5454545454545454,-0.21428571428571427,0.5499999999999993,0.0,,,,,-0.7926000000000002,0.25129496462019474,12.719371053633116,-1.0,0.0,,0.0,0.0,0.0,,,0.2777777777777778
520,202009060212,0,0,0,11,3,10,6,42,0,0,0,1,0,0,0,2,1,0,0,4,0,0,0,0,0,0,0,1,0,0,0,0,0,0,0,0,0.0,0.0,10.0,1.0,35.2,0.0,0.6,0.0,0.0,70.0,4.0,34.5,0.8,0.75,0.0,0.0,80.0,4.0,33.9,0.4,1.0,1.5,0.0,200.0,0.15384615384615385,0.15384615384615385,7,9,2.8,1.0,1576,1428,1577,0.0,0.0,70.0,5.0,34.1,0.8,0.7222222222222222,0.0,0.0,30.0,11.0,33.7,0.8,0.9375,2.1,0.2,51.0,-622.0,11.0,15.0,514.0,0.0,0.1875,-0.06666666666666667,-0.2222222222222222,0.0,0.33999999999999986,0.0,-2.2177000000000007,-3.7794999999999987,-1.2531000000000034,-1.0531000000000006,-1.4530999999999992,0.14658562575850453,0.5306599664568644,-4.0,0.0,,0.1,0.3,0.0,,,-0.20036429872495448
521,202009060212,1,1,0,3,2,1,2,15,0,0,0,0,0,0,0,1,2,0,0,3,0,0,0,0,0,0,0,0,0,0,0,0,0,0,0,0,0.0,0.0,100.0,4.0,34.0,0.2,0.15384615384615385,0.0,0.0,90.0,8.0,35.1,1.2,0.45454545454545453,0.0,0.0,80.0,15.0,35.5,1.8,0.3333333333333333,5.5,6.0,0.0,0.0,0.09523809523809523,2,2,15.1,6.0,1698,1708,1366,0.0,0.0,50.0,6.0,34.9,0.5,0.29411764705882354,0.0,0.0,70.0,5.0,35.4,0.4,0.1875,0.0,0.0,57.0,13.0,11.0,13.0,492.0,0.07692307692307693,0.0,0.0,0.0,0.0,-0.25999999999999945,0.0,-1.106499999999997,-0.006499999999995509,0.4253,-0.20649999999999835,-0.16210000000000235,0.10758432573064161,0.5344155686354954,0.0,4.0,0.0,,,3.0,0.0,,
522,202009060212,39,30,28,143,5,0,0,15,1,0,0,1,3,3,0,11,0,0,0,4,0,0,0,1,0,1,0,2,0,0,0,2,0,0,0,1,0.0,0.0,8.0,11.0,41.7,3.6,0.8181818181818182,0.0,0.0,13.0,13.0,35.9,1.2,0.5714285714285714,0.0,0.0,16.0,9.0,34.1,0.5,0.8125,-1.0,-6.0,0.0,0.041666666666666664,0.20833333333333334,6,6,22.0,7.0,1428,1445,1263,0.0,0.0,12.0,9.0,34.1,0.8,1.0,0.0,0.0,6.0,7.0,34.2,0.9,0.75,-1.2,0.0,57.0,-739.0,11.0,11.0,454.0,0.18181818181818182,0.0,0.0625,0.0,0.125,1.6799999999999997,0.0,3.420500000000004,0.7468999999999966,-1.0531000000000006,-1.0531000000000006,-0.8746999999999971,0.13767573752475534,2.9312113536898017,0.0,0.0,,0.0,0.17647058823529413,0.0,,-0.16026422764227644,0.0357142857142857
523,202009060212,5,7,13,75,5,2,4,57,0,0,2,12,0,0,3,5,3,1,1,11,0,0,0,2,0,0,2,0,0,0,0,1,0,0,0,0,0.0,0.0,6.0,3.0,35.2,0.0,0.3,0.0,0.0,2.0,3.0,34.6,0.4,0.38461538461538464,0.0,0.0,6.0,3.0,35.3,0.4,0.21428571428571427,0.0,10.0,0.0,0.1111111111111111,0.1111111111111111,4,4,3.3,2.0,1691,1556,1167,0.0,0.0,1.0,9.0,35.1,1.0,0.9230769230769231,0.0,0.0,5.0,2.0,34.6,0.1,0.36363636363636365,0.4,0.8,55.0,-692.0,11.0,10.0,476.0,-0.1,0.0,0.0,0.0,-0.18181818181818182,0.07000000000000028,0.0,0.09350000000000591,-0.5064999999999955,0.19350000000000023,-0.19129999999999825,-0.5064999999999955,0.2501070665873745,0.3006659275674574,0.0,5.0,0.8,0.3333333333333333,0.4,4.0,1.0,0.13461538461538464,-0.09033613445378152
524,202009060212,5,5,6,40,0,2,0,5,0,0,0,0,1,1,1,3,0,0,0,1,0,0,0,0,0,0,1,0,0,0,0,0,0,0,0,0,0.0,0.0,70.0,2.0,34.2,0.1,1.0,0.0,0.0,70.0,5.0,34.0,0.4,0.5,0.0,0.0,90.0,8.0,35.0,0.8,1.0,3.0,0.0,0.0,0.15789473684210525,0.3157894736842105,6,7,4.9,3.0,1736,1206,1482,0.0,0.0,160.0,14.0,37.0,1.8,0.5625,0.0,0.0,100.0,8.0,36.5,0.5,0.625,2.1,0.2,56.0,22.0,11.0,12.0,480.0,0.0,0.0,0.0,0.0,-0.0625,-0.7599999999999995,0.0,-0.9064999999999941,-1.0747,-1.3616000000000028,-0.9110999999999976,-1.1642999999999972,0.21794494717703367,1.2092973166264773,-1.0,2.0,0.5,0.0,0.23529411764705882,1.0,1.0,-0.1857142857142857,
525,202009060212,39,30,28,143,0,1,1,5,0,0,0,0,3,3,0,11,0,0,1,2,0,0,0,0,0,1,0,2,0,0,0,0,0,0,0,0,0.0,0.0,7.0,7.0,40.3,1.5,1.0,0.0,0.0,12.0,11.0,35.0,0.4,0.42857142857142855,0.0,0.0,11.0,8.0,35.8,0.7,0.3125,0.5,14.0,-200.0,0.0,0.058823529411764705,1,1,6.4,4.0,1428,702,1263,0.0,0.0,10.0,4.0,34.6,0.2,0.4117647058823529,0.0,0.0,10.0,7.0,34.6,0.9,0.8,-0.7,0.0,57.0,-1165.0,11.0,9.0,474.0,0.0,-0.07142857142857142,0.0,-0.058823529411764705,-0.06666666666666667,1.179999999999999,0.0,3.0448999999999984,-0.153100000000002,0.6468999999999951,-0.5531000000000006,-0.7653999999999996,0.26345080945442,2.164809460437568,1.0,0.0,,0.15,0.3,0.0,,-0.16026422764227644,
526,202009060212,3,5,1,25,7,8,9,48,0,0,0,2,0,0,1,7,2,3,1,11,0,0,0,0,0,0,0,2,1,0,0,0,0,0,0,0,0.0,0.0,7.0,10.0,34.0,0.7,1.0,0.0,0.0,7.0,5.0,34.1,0.4,0.8888888888888888,0.0,0.0,12.0,6.0,33.3,0.2,0.9444444444444444,-2.0,2.0,200.0,0.0,0.0,5,5,12.3,5.0,1431,1167,1428,0.0,0.0,8.0,8.0,34.4,0.6,0.7692307692307693,0.0,0.0,11.0,8.0,35.6,1.4,0.6923076923076923,-0.1,0.0,55.0,-140.0,11.0,16.0,460.0,0.0,0.1111111111111111,-0.05555555555555555,-0.15384615384615385,-0.15384615384615385,-0.35,0.0,-1.153100000000002,-1.0064999999999955,-1.8531000000000049,-0.7531000000000034,0.5253000000000014,0.11306629534464062,0.7520638270785277,4.0,1.0,0.0,0.16666666666666666,0.16666666666666666,1.0,0.0,-0.09803921568627452,-0.20833333333333331
527,202009060212,0,0,2,12,1,2,0,6,0,0,0,0,0,0,1,2,0,0,0,1,0,0,0,0,0,0,0,0,0,0,0,0,0,0,0,0,0.0,0.0,10.0,16.0,35.7,1.6,0.5,0.0,0.0,5.0,6.0,34.9,0.7,0.2222222222222222,0.0,0.0,6.0,7.0,37.6,0.6,0.3333333333333333,-4.5,16.0,200.0,0.09523809523809523,0.2857142857142857,8,11,137.8,10.0,1366,1301,216,0.0,0.0,16.0,5.0,35.4,0.6,0.125,0.0,0.0,10.0,8.0,34.5,0.7,0.8181818181818182,-1.7,0.0,57.0,-272.0,11.0,18.0,540.0,0.05555555555555555,0.0,0.08333333333333333,0.0,0.09090909090909091,0.19000000000000056,0.0,0.3346000000000018,-0.20649999999999835,1.2383999999999986,0.29350000000000165,-0.6064999999999969,0.24353648471179215,1.0721940122944176,0.0,4.0,0.0,0.15384615384615385,0.23076923076923078,3.0,0.0,,
528,202009060212,1,0,1,5,0,0,0,2,0,0,0,0,0,0,0,0,0,0,0,1,0,0,0,0,0,0,0,0,0,0,0,0,0,0,0,0,0.0,0.0,16.0,14.0,34.2,1.3,0.9375,0.0,0.0,11.0,9.0,34.7,0.8,0.8181818181818182,0.0,0.0,12.0,12.0,37.0,1.3,0.875,-1.0,-6.0,200.0,0.0,0.07692307692307693,3,3,207.9,11.0,1221,1316,1263,0.0,0.0,15.0,8.0,37.8,1.2,0.4375,0.0,0.0,14.0,10.0,36.1,1.7,0.9375,-0.9,0.0,57.0,-69.0,11.0,16.0,476.0,0.0,-0.18181818181818182,0.125,-0.125,0.0625,-0.6899999999999992,0.0,-0.9530999999999992,-0.4064999999999941,-0.9110999999999976,0.13569999999999993,-1.317700000000002,0.18717257913531374,1.3544002362669592,4.0,1.0,0.0,0.0,0.2222222222222222,1.0,0.0,,
529,202009060212,2,8,6,29,0,0,1,7,0,0,0,0,0,2,3,4,0,0,0,0,0,0,0,0,0,0,0,1,0,0,0,0,0,0,0,0,0.0,0.0,120.0,110.0,39.0,3.3,0.9166666666666666,0.0,0.0,140.0,90.0,32.4,0.8,0.875,0.0,0.0,160.0,140.0,34.9,1.0,0.375,15.0,24.0,0.0,0.0,0.16666666666666666,8,10,27.9,8.0,1172,792,1556,0.0,0.0,100.0,140.0,34.5,0.8,0.3125,0.0,0.0,80.0,30.0,33.7,0.4,0.2222222222222222,-11.0,0.0,56.0,-1365.0,11.0,12.0,538.0,0.08333333333333333,,0.0,0.0625,0.0,0.8499999999999993,0.0,1.3357000000000028,-1.1433999999999997,-0.20649999999999835,-0.653100000000002,-1.4530999999999992,0.29464091977343926,2.22081066279861,4.0,1.0,0.0,0.0,0.0,1.0,0.0,0.08194444444444443,
530,202009060212,0,1,0,7,0,0,0,10,0,0,0,4,0,0,0,2,0,0,0,1,0,0,0,1,0,0,0,1,0,0,0,1,0,0,0,1,0.0,0.0,12.0,13.0,44.0,5.6,0.14285714285714285,0.0,0.0,9.0,11.0,35.9,1.7,0.45454545454545453,0.0,0.0,14.0,15.0,36.5,1.7,0.26666666666666666,1.0,8.0,-400.0,0.0,0.2,7,8,95.5,9.0,1687,1058,1345,0.0,0.0,13.0,10.0,34.7,0.8,0.26666666666666666,0.0,0.0,13.0,9.0,35.5,1.4,0.21428571428571427,-0.9,0.0,55.0,-14.0,11.0,14.0,488.0,0.0,-0.09090909090909091,0.06666666666666667,0.0,0.0,1.8199999999999996,0.0,4.3740999999999985,0.7935000000000016,1.393500000000003,-0.45309999999999917,0.13459999999999894,0.10328957156175504,3.3908111124036378,0.0,2.0,0.0,0.05263157894736842,0.05263157894736842,2.0,0.0,,
531,202009060403,5,5,6,40,2,0,1,11,0,0,0,0,1,1,1,3,0,0,0,1,0,0,0,0,1,0,0,2,0,0,0,1,0,0,0,0,0.0,0.0,11.0,9.0,13.8,7.0,0.5,0.0,0.0,11.0,8.0,13.7,6.5,0.6666666666666666,0.0,0.0,11.0,11.0,14.5,10.6,0.9166666666666666,1.0,0.0,-1460.0,0.043478260869565216,0.2391304347826087,4,7,4.4,1.0,1736,1442,1482,0.0,0.0,9.0,12.0,14.2,8.8,0.46153846153846156,0.0,0.0,13.0,8.0,33.8,0.8,0.6923076923076923,0.2,0.0,55.0,-1161.0,16.0,12.0,468.0,0.25,-0.08333333333333333,-0.08333333333333333,0.46153846153846156,-0.07692307692307693,-4.049999999999999,0.0,,,,,-1.3064999999999998,0.16196524817798724,7.905188169803423,-5.0,1.0,0.0,0.0,0.07692307692307693,1.0,0.0,-0.1857142857142857,
532,202009060403,1,1,1,6,9,2,9,87,0,0,1,1,0,0,0,1,2,0,3,11,0,0,0,0,0,0,0,0,0,0,1,3,0,0,0,0,0.0,0.0,12.0,17.0,36.5,2.3,0.4117647058823529,0.0,0.0,9.0,4.0,33.9,0.4,0.7333333333333333,0.0,0.0,8.0,17.0,36.2,1.7,0.6111111111111112,0.0,2.0,0.0,0.0,0.05555555555555555,4,8,9.2,4.0,1376,1263,1559,0.0,0.0,9.0,3.0,34.2,0.3,0.25,0.0,0.0,2.0,7.0,34.4,0.3,0.3333333333333333,-2.1,0.2,55.0,-658.0,16.0,17.0,444.0,0.0,-0.26666666666666666,-0.16666666666666666,-0.0625,0.0,0.38999999999999985,0.0,1.393500000000003,-1.2531000000000034,1.093500000000006,-0.9064999999999941,-0.7531000000000034,0.17871991800166184,1.0855413396089535,-2.0,3.0,0.3333333333333333,0.07142857142857142,0.21428571428571427,3.0,0.3333333333333333,,0.1312659303313509
533,202009060403,0,0,0,0,8,6,6,37,0,0,0,0,0,0,0,0,1,1,0,0,0,0,0,0,0,0,0,0,0,0,0,0,0,0,0,0,0.0,0.0,5.0,5.0,39.8,1.4,0.9,0.0,0.0,11.0,,,,1.0,0.0,0.0,9.0,11.0,13.8,4.6,1.0,6.0,-1.0,0.0,0.0,0.24,6,11,18.4,9.0,1657,1345,1317,0.0,0.0,10.0,7.0,13.6,2.1,0.4166666666666667,0.0,0.0,7.0,,,,0.6428571428571429,1.0,0.0,55.0,-957.0,16.0,10.0,483.0,-0.2,0.0,0.0,0.0,,13.099999999999998,0.0,2.1357,,,,,0.22860912387582952,12.303928911801572,-1.0,0.0,,0.16666666666666666,0.4166666666666667,0.0,,,-0.1286549707602339
534,202009060403,2,2,0,26,0,0,0,0,0,0,0,0,0,1,0,3,0,0,0,0,0,0,0,0,0,0,0,0,0,0,0,0,0,0,0,0,0.0,0.0,11.0,16.0,34.7,1.9,0.75,0.0,0.0,12.0,12.0,33.7,0.8,0.8235294117647058,0.0,0.0,3.0,1.0,34.0,0.0,0.4666666666666667,-7.5,-6.0,200.0,0.09523809523809523,0.3333333333333333,5,9,13.7,7.0,1036,232,1108,0.0,0.0,10.0,4.0,33.9,0.2,0.6666666666666666,0.0,0.0,2.0,9.0,34.6,1.4,0.3,-2.1999999999999997,0.2,54.0,-713.0,16.0,16.0,476.0,0.0625,0.0,0.06666666666666667,-0.05555555555555555,0.2,7.105427357601002e-16,0.0,-0.45309999999999917,-1.4530999999999992,-2.0947999999999993,-1.2531000000000034,-0.47469999999999857,0.19218647230855843,0.39698866482558476,1.0,0.0,,0.05555555555555555,0.05555555555555555,0.0,,-0.13333333333333333,
535,202009060403,7,5,6,58,1,4,1,46,0,0,0,2,1,1,0,6,0,0,0,7,0,0,0,0,0,1,0,1,0,0,0,3,0,0,0,0,0.0,0.0,100.0,8.0,36.8,1.0,0.6363636363636364,0.0,0.0,100.0,11.0,37.1,1.3,0.9285714285714286,0.0,0.0,110.0,7.0,36.6,0.5,1.0,-0.5,-10.0,0.0,0.04,0.24,3,6,5.5,2.0,1127,1558,1328,0.0,0.0,80.0,8.0,37.7,1.1,0.5625,0.0,0.0,120.0,8.0,36.4,0.8,0.9375,-0.3,0.0,55.0,-1049.0,16.0,11.0,438.0,0.0,0.0,-0.0625,0.0625,0.0,0.019999999999999574,0.0,-1.4795000000000016,-1.1794999999999973,-1.0642999999999958,-1.6925999999999988,-1.8795000000000002,0.1776382049095329,0.45343136195018674,-3.0,0.0,,0.14285714285714285,0.2857142857142857,0.0,,0.09649122807017543,0.19230769230769232
536,202009060403,0,0,0,0,7,6,6,63,0,0,0,0,0,0,0,0,3,1,0,11,0,0,0,0,0,0,0,0,0,0,0,3,0,0,0,0,0.0,0.0,10.0,16.0,39.3,2.1,0.4375,0.0,0.0,10.0,15.0,37.0,1.3,0.0625,0.0,0.0,9.0,14.0,35.5,1.0,0.05555555555555555,-1.0,10.0,200.0,0.16666666666666666,0.375,8,15,44.3,12.0,1657,1405,1317,0.0,0.0,10.0,4.0,35.1,0.5,0.375,0.0,0.0,8.0,12.0,36.3,1.4,0.3125,-1.9,0.0,54.0,-399.0,16.0,16.0,454.0,0.1875,0.0625,0.0,0.0,-0.0625,0.7899999999999998,0.0,1.3888999999999996,1.846899999999998,0.346899999999998,-0.26539999999999964,1.1468999999999951,0.159776560805132,1.48270023942805,0.0,0.0,,0.09523809523809523,0.42857142857142855,0.0,,,0.32384823848238486
537,202009060403,1,1,1,45,0,0,0,1,0,0,0,0,1,0,0,8,0,0,0,0,0,0,0,0,1,0,0,2,0,0,0,0,0,0,0,0,0.0,0.0,4.0,10.0,35.3,0.9,0.5,0.0,0.0,1.0,7.0,35.7,0.6,0.16666666666666666,0.0,0.0,2.0,2.0,35.1,0.1,0.2777777777777778,-4.0,-8.0,-400.0,0.0,0.0,5,10,6.4,3.0,1317,68,1186,0.0,0.0,6.0,2.0,35.0,0.3,0.2777777777777778,0.0,0.0,3.0,7.0,36.4,0.7,0.125,-1.1,0.4,54.0,-251.0,16.0,14.0,420.0,0.0,0.0,0.0,-0.05555555555555555,-0.0625,-0.15,0.0,-0.15920000000000556,0.3346000000000018,-0.05310000000000059,-0.153100000000002,1.2935000000000016,0.1301708279317776,0.5099019513592782,0.0,1.0,0.0,0.0,0.125,1.0,0.0,0.10416666666666666,
538,202009060403,4,6,2,18,5,6,5,56,0,0,0,1,0,1,1,8,1,0,0,6,0,0,0,1,0,0,1,4,1,0,0,2,0,0,0,0,0.0,0.0,30.0,3.0,36.2,1.0,0.2222222222222222,0.0,0.0,100.0,13.0,38.6,1.7,0.25,0.0,0.0,130.0,4.0,35.7,0.7,0.6428571428571429,0.5,26.0,400.0,0.21052631578947367,0.42105263157894735,7,14,19.2,10.0,1098,1013,1294,0.0,0.0,100.0,10.0,36.2,1.2,0.625,0.0,0.0,60.0,5.0,35.1,0.7,0.4375,0.1,0.2,54.0,-1017.0,16.0,9.0,490.0,0.0,0.0,-0.14285714285714285,0.0,-0.0625,0.46000000000000013,0.0,2.4128000000000043,2.683399999999999,-0.2224999999999966,1.0469000000000008,-0.05310000000000059,0.17821834581655255,1.1909659944767523,0.0,0.0,,0.14285714285714285,0.21428571428571427,0.0,,,0.2777777777777778
539,202009060403,0,0,0,6,0,0,0,0,0,0,0,0,0,0,0,0,0,0,0,0,0,0,0,0,0,0,0,0,0,0,0,0,0,0,0,0,0.0,0.0,30.0,30.0,39.2,2.1,0.25,0.0,0.0,100.0,90.0,34.4,0.8,0.9375,0.0,0.0,150.0,70.0,34.2,0.7,0.75,20.0,7.0,0.0,0.21428571428571427,0.7142857142857143,1,2,12.5,6.0,1482,1507,1263,0.0,0.0,160.0,70.0,34.6,0.2,0.8125,0.0,0.0,140.0,160.0,34.7,1.1,0.8333333333333334,24.0,0.0,54.0,-1317.0,16.0,8.0,463.0,0.0,0.0,0.0,-0.0625,0.0,0.8799999999999997,0.0,0.9205000000000041,-0.7531000000000034,-0.9530999999999992,-1.494799999999998,-1.3947999999999965,0.24101924773299288,1.897788186284234,0.0,0.0,,0.0,0.0,0.0,,,
540,202009060403,5,3,4,39,0,0,0,1,0,0,0,0,0,1,1,5,0,0,0,0,0,0,0,0,0,1,0,0,0,0,0,0,0,0,0,0,0.0,0.0,15.0,15.0,38.1,2.7,0.25,0.0,0.0,8.0,11.0,37.4,3.2,0.09090909090909091,0.0,0.0,10.0,12.0,40.3,3.0,0.42857142857142855,-1.5,2.0,-400.0,0.05263157894736842,0.2631578947368421,1,1,10.2,5.0,1152,1199,1428,0.0,0.0,4.0,13.0,42.5,2.9,0.3333333333333333,0.0,0.0,13.0,4.0,39.5,0.3,0.06666666666666667,-2.0,0.0,54.0,-938.0,16.0,16.0,482.0,0.625,0.0,0.42857142857142855,0.3333333333333333,0.0,-0.7899999999999998,0.0,2.6407999999999987,1.483399999999996,0.6740999999999957,2.8740999999999985,-0.12590000000000146,0.13889316085707235,1.7884071124886525,-2.0,0.0,,0.0,0.3333333333333333,0.0,,,
541,202009060403,3,0,1,12,1,4,1,14,0,0,0,1,1,0,0,5,0,0,0,2,0,0,0,0,0,0,0,2,0,0,0,1,0,0,0,0,0.0,0.0,6.0,11.0,40.4,2.0,0.9166666666666666,0.0,0.0,13.0,8.0,36.1,0.9,0.8571428571428571,0.0,0.0,8.0,9.0,36.4,0.4,0.42857142857142855,-1.0,25.0,0.0,0.0,0.0,6,12,18.2,8.0,1729,1014,1428,0.0,0.0,11.0,5.0,36.1,0.5,0.875,0.0,0.0,13.0,11.0,36.1,1.2,0.9375,-0.3,0.0,54.0,-1111.0,16.0,12.0,453.0,0.08333333333333333,-0.14285714285714285,0.07142857142857142,0.0,0.0,0.8599999999999994,0.0,2.1205,-1.7210999999999999,-1.511099999999999,-1.8110999999999962,-1.8110999999999962,0.18937928205496854,1.6939893742287753,0.0,0.0,,0.0,0.125,0.0,,,
542,202009060403,4,3,3,39,7,8,9,48,1,0,0,3,1,1,1,7,2,3,1,11,0,0,0,1,1,1,0,5,0,1,0,7,0,0,0,1,0.0,0.0,8.0,11.0,39.1,3.7,0.8125,0.0,0.0,13.0,16.0,38.8,2.9,0.35294117647058826,0.0,0.0,13.0,7.0,36.2,0.7,0.375,-2.0,0.0,0.0,0.15,0.3,7,13,110.5,14.0,1561,1167,1263,0.0,0.0,14.0,12.0,35.9,1.2,0.75,0.0,0.0,6.0,12.0,36.9,1.6,0.42857142857142855,-0.2,0.0,54.0,-97.0,16.0,16.0,454.0,-0.0625,0.4117647058823529,0.0,0.0,0.0,0.7300000000000004,0.0,0.8205000000000027,2.6342,0.7408000000000001,0.7935000000000016,1.8252999999999986,0.19642621218194026,1.3257450735341236,-2.0,1.0,0.0,0.3125,0.375,1.0,0.0,-0.1207482993197279,-0.20833333333333331
543,202009060403,0,1,1,13,0,0,0,0,0,0,0,0,0,0,0,4,0,0,0,0,0,0,0,0,0,0,0,2,0,0,0,0,0,0,0,0,0.0,0.0,3.0,6.0,40.8,2.8,0.5555555555555556,0.0,0.0,12.0,14.0,40.0,4.0,0.875,0.0,0.0,12.0,13.0,36.7,2.3,1.0,3.5,-4.0,0.0,0.0,0.07142857142857142,2,3,186.3,15.0,1148,1493,1393,0.0,0.0,15.0,13.0,35.3,1.4,0.9375,0.0,0.0,13.0,11.0,36.6,1.8,0.5625,0.9,0.0,55.0,-546.0,16.0,9.0,406.0,0.2222222222222222,0.0,-0.14285714285714285,0.0625,-0.0625,1.3099999999999994,0.0,3.1357,0.7905999999999977,0.7834000000000003,0.19350000000000023,1.4935000000000045,0.18959223625819363,2.131103000795597,-1.0,2.0,0.0,0.0,0.0,2.0,0.0,,
544,202009060403,0,1,0,7,2,2,2,30,0,0,0,0,0,0,0,2,0,0,1,4,0,0,0,0,0,0,0,0,0,0,0,1,0,0,0,0,0.0,0.0,12.0,12.0,42.2,3.2,1.0,0.0,0.0,17.0,17.0,35.9,3.0,0.6666666666666666,0.0,0.0,14.0,9.0,35.5,1.2,0.8888888888888888,-1.5,32.0,-100.0,0.0975609756097561,0.17073170731707318,8,16,61.7,13.0,1687,1366,1345,0.0,0.0,10.0,10.0,37.4,1.4,0.0625,0.0,0.0,10.0,14.0,37.3,2.3,0.9375,-0.3,0.0,55.0,-557.0,16.0,12.0,532.0,0.0,0.1111111111111111,-0.1111111111111111,0.0,0.0,0.8300000000000012,0.0,,0.8252999999999986,0.39350000000000307,2.108699999999999,-0.6111000000000004,0.34321577455186203,2.3904811231214538,-1.0,2.0,0.0,0.08333333333333333,0.25,1.0,0.0,,0.05555555555555555
545,202009060403,0,0,0,0,0,0,0,0,0,0,0,0,0,0,0,0,0,0,0,0,0,0,0,0,0,0,0,0,0,0,0,0,0,0,0,0,0.0,0.0,10.0,11.0,38.9,3.0,1.0,0.0,0.0,12.0,12.0,38.8,2.6,0.4375,0.0,0.0,11.0,15.0,37.1,1.6,0.3125,2.0,23.0,100.0,0.1388888888888889,0.3888888888888889,2,4,20.6,11.0,1463,1421,1167,0.0,0.0,8.0,4.0,36.4,0.8,0.4444444444444444,,,,,,,,-1.8,0.0,54.0,-714.0,16.0,11.0,435.0,0.0,0.1875,0.0625,0.05555555555555555,,0.9199999999999996,0.0,2.0718999999999994,2.6342,1.9935000000000045,0.03839999999999577,,0.2658461769798746,1.0793516572461443,0.0,2.0,0.0,0.0,0.45454545454545453,1.0,0.0,,
546,202009060403,2,0,0,21,8,6,6,37,0,0,0,0,0,0,0,10,1,1,0,0,0,0,0,0,0,0,0,3,0,0,0,0,0,0,0,0,0.0,0.0,13.0,9.0,37.3,2.0,0.6923076923076923,0.0,0.0,16.0,16.0,42.7,7.0,0.0625,0.0,0.0,14.0,15.0,40.6,3.9,0.6666666666666666,3.0,2.0,400.0,0.0,0.13636363636363635,3,5,204.4,16.0,1645,1345,1366,0.0,0.0,14.0,11.0,38.9,2.2,0.13333333333333333,,,,,,,,0.5,0.0,55.0,-63.0,16.0,13.0,472.0,-0.07692307692307693,0.0625,-0.06666666666666667,0.0,,-0.2700000000000003,0.0,0.8588999999999984,7.593500000000006,2.688900000000004,0.6204999999999998,,0.2920024285155141,2.0054612935681426,-1.0,1.0,0.0,0.0,0.0,1.0,0.0,,-0.1286549707602339
547,202009060606,16,11,9,91,5,2,1,29,0,0,0,0,5,0,1,12,0,0,1,5,0,0,0,0,1,0,0,2,0,0,0,2,0,0,0,0,0.0,0.0,3.0,1.0,34.7,0.0,0.3888888888888889,0.0,0.0,5.0,10.0,33.9,0.8,0.38461538461538464,0.0,0.0,4.0,2.0,34.7,0.1,0.3888888888888889,0.5,-2.0,0.0,0.20512820512820512,0.41025641025641024,3,5,3.0,2.0,1716,1306,1167,0.0,0.0,1.0,5.0,35.2,0.7,0.5714285714285714,0.0,0.0,5.0,3.0,33.3,0.0,0.23076923076923078,-0.1,0.6,54.0,-657.0,18.0,18.0,468.0,-0.1111111111111111,0.0,-0.05555555555555555,0.0,0.0,0.15000000000000072,0.0,-0.4064999999999941,-1.1747000000000014,-0.4064999999999941,0.09350000000000591,-1.7747000000000028,0.10794410439624617,0.6740919818541111,0.0,3.0,0.6666666666666666,0.0,0.3333333333333333,3.0,0.6666666666666666,-0.15846456692913385,-0.04954954954954957
548,202009060606,6,16,6,73,0,0,0,0,0,0,0,0,2,3,2,15,0,0,0,0,0,0,0,0,0,0,0,1,0,0,0,0,0,0,0,0,0.0,0.0,2.0,2.0,35.6,0.4,0.5,0.0,0.0,1.0,2.0,34.5,0.0,0.5294117647058824,0.0,0.0,1.0,2.0,33.7,0.0,0.1111111111111111,0.0,-9.0,500.0,0.043478260869565216,0.21739130434782608,1,1,189.3,15.0,1393,173,1263,0.0,0.0,2.0,2.0,35.3,0.0,0.1111111111111111,0.0,0.0,5.0,10.0,38.7,1.9,0.5333333333333333,1.6,0.8,54.0,-315.0,18.0,10.0,471.0,-0.2,-0.17647058823529413,0.0,0.0,-0.06666666666666667,-0.7,0.0,,-1.5947999999999993,-1.4530999999999992,-0.0654000000000039,1.2822999999999993,0.20109249225064205,1.7036431551237488,0.0,0.0,,0.0,0.2,0.0,,0.2561056105610561,
549,202009060606,6,16,6,73,0,0,0,0,0,0,0,0,2,3,2,15,0,0,0,0,0,0,0,0,0,0,0,1,0,0,0,0,0,0,0,0,0.0,0.0,150.0,70.0,38.2,1.4,0.625,0.0,0.0,100.0,110.0,36.8,1.2,0.23529411764705882,0.0,0.0,50.0,60.0,36.7,0.8,0.7142857142857143,-5.0,9.0,200.0,0.09523809523809523,0.16666666666666666,4,8,14.4,5.0,1393,102,1263,0.0,0.0,70.0,30.0,36.9,0.7,0.375,0.0,0.0,30.0,30.0,37.8,0.5,0.2,-16.0,0.0,54.0,-487.0,18.0,16.0,449.0,-0.0625,0.0,-0.07142857142857142,-0.0625,-0.06666666666666667,0.07000000000000099,0.0,0.7822999999999993,0.8833999999999946,0.2589000000000041,-0.5177000000000049,0.38229999999999364,0.2062419514364307,0.6046486583132394,3.0,0.0,,0.0,0.0,0.0,,0.2561056105610561,
550,202009060606,0,0,0,0,2,1,1,9,0,0,0,0,0,0,0,0,0,0,0,1,0,0,0,0,0,0,0,0,0,0,0,1,0,0,0,0,0.0,0.0,5.0,4.0,41.3,0.6,0.375,0.0,0.0,8.0,9.0,36.8,1.5,0.4,0.0,0.0,12.0,13.0,38.4,1.4,0.13333333333333333,4.5,9.0,170.0,0.2,0.6666666666666666,8,18,2.6,1.0,1657,565,1317,0.0,0.0,8.0,5.0,35.8,0.6,0.42857142857142855,0.0,0.0,14.0,3.0,36.2,0.2,0.5,-0.6,0.2,54.0,-1307.0,18.0,8.0,465.0,0.0,0.1,0.2,0.0,0.16666666666666666,1.1199999999999988,0.0,,-0.1413000000000011,1.0546999999999969,-0.3658000000000001,0.2834000000000003,0.1242838897877395,2.0059910268991725,0.0,0.0,,0.3125,0.5,0.0,,,0.3589743589743589
551,202009060606,0,0,0,0,0,0,0,0,0,0,0,0,0,0,0,0,0,0,0,0,0,0,0,0,0,0,0,0,0,0,0,0,0,0,0,0,0.0,0.0,8.0,11.0,46.1,5.2,0.08333333333333333,0.0,0.0,3.0,8.0,40.0,2.1,0.25,0.0,0.0,7.0,5.0,35.7,0.6,0.2,-3.0,6.0,0.0,0.13513513513513514,0.3783783783783784,3,6,18.8,6.0,1677,1736,1167,0.0,0.0,4.0,8.0,35.5,0.6,0.3333333333333333,0.0,0.0,11.0,3.0,34.9,0.8,0.25,-1.6,0.2,54.0,-411.0,18.0,12.0,480.0,0.8333333333333334,0.0,-0.06666666666666667,-0.05555555555555555,0.0625,2.6900000000000004,0.0,7.820500000000003,0.7905999999999977,0.24080000000000013,0.4253,-0.5592000000000041,0.08205689083394115,4.237735244207689,0.0,0.0,,0.15789473684210525,0.15789473684210525,0.0,,,
552,202009060606,1,0,0,10,3,3,3,9,0,0,0,0,0,0,0,2,0,0,0,0,0,0,0,0,0,0,0,1,0,0,0,0,0,0,0,0,0.0,0.0,1.0,11.0,38.7,1.8,0.18181818181818182,0.0,0.0,11.0,10.0,36.1,1.3,0.4375,0.0,0.0,7.0,15.0,36.7,1.4,0.1875,2.0,28.0,480.0,0.16326530612244897,0.3673469387755102,5,10,8.5,3.0,1674,1362,1428,0.0,0.0,3.0,6.0,35.0,0.8,0.6111111111111112,,,,,,,,-1.0,0.0,54.0,-535.0,18.0,11.0,462.0,,0.0,0.0,0.05555555555555555,,1.0500000000000007,0.0,,0.9468999999999994,1.5469000000000008,-0.10649999999999693,,0.1805867322274709,1.3442005058770075,0.0,1.0,0.0,0.11764705882352941,0.29411764705882354,1.0,0.0,,
553,202009060606,39,30,28,143,0,0,0,0,0,0,0,0,3,3,0,11,0,0,0,0,0,0,0,0,2,1,0,1,0,0,0,0,0,0,0,0,0.0,0.0,8.0,9.0,38.4,1.8,0.2,0.0,0.0,11.0,7.0,34.6,0.8,0.8333333333333334,,,,,,,,-2.0,6.0,-600.0,0.09090909090909091,0.3181818181818182,2,4,87.1,11.0,1428,620,1263,,,,,,,,,,,,,,,-2.0,0.0,54.0,-34.0,18.0,10.0,454.0,0.0,-0.05555555555555555,,,,3.799999999999997,0.0,2.2342000000000013,-0.5064999999999955,,,,0.31666666666666665,1.8999999999999986,0.0,1.0,0.0,0.0,0.4666666666666667,1.0,0.0,-0.16026422764227644,
554,202009060606,4,6,2,18,0,0,0,1,0,0,0,0,0,1,1,8,0,0,0,0,0,0,0,0,0,1,0,3,0,0,0,0,0,0,0,0,0.0,0.0,8.0,12.0,45.2,7.5,1.0,0.0,0.0,14.0,15.0,38.0,2.9,0.75,0.0,0.0,11.0,10.0,37.6,1.4,0.7333333333333333,-1.0,17.0,-100.0,0.0,0.13043478260869565,1,2,117.3,12.0,1098,1031,1294,0.0,0.0,10.0,6.0,39.0,1.8,0.4666666666666667,0.0,0.0,12.0,8.0,35.4,0.8,0.2777777777777778,-1.7,0.0,54.0,-732.0,18.0,12.0,441.0,0.0,-0.1875,-0.06666666666666667,0.0,0.05555555555555555,1.8600000000000008,0.0,,2.5407999999999973,0.1822999999999979,1.0889000000000024,0.29350000000000165,0.24960215257064838,3.2970289655991816,1.0,1.0,0.0,0.0,0.0,1.0,0.0,,
555,202009060606,6,16,6,73,0,0,1,4,0,0,0,0,2,3,2,15,0,0,0,0,0,0,0,0,0,0,0,1,0,0,0,0,0,0,0,0,0.0,0.0,90.0,3.0,33.9,0.7,1.0,0.0,0.0,12.0,11.0,34.1,1.7,0.5294117647058824,0.0,0.0,8.0,7.0,35.1,0.3,0.3125,2.0,-2.0,200.0,0.0,0.0,7,15,209.8,16.0,1393,1,1263,0.0,0.0,10.0,1.0,34.8,0.0,0.4375,0.0,0.0,4.0,7.0,32.7,0.3,0.625,-0.2,0.4,54.0,-1414.0,18.0,10.0,494.0,-0.1,0.0,0.0,0.0625,,0.16999999999999957,0.0,-1.9162000000000035,-1.2653999999999996,-0.05310000000000059,-0.35310000000000485,-0.8433999999999955,0.23359913390961407,0.835224520712843,-2.0,0.0,,0.09090909090909091,0.18181818181818182,0.0,,0.2561056105610561,
556,202009060606,4,6,2,18,0,0,0,3,0,0,0,0,0,1,1,8,0,0,0,0,0,0,0,0,0,1,0,3,0,0,0,0,0,0,0,0,0.0,0.0,14.0,15.0,38.3,2.6,0.4375,0.0,0.0,14.0,16.0,37.1,3.4,0.5,0.0,0.0,1.0,1.0,39.3,0.0,0.5,-7.0,-4.0,0.0,0.0,0.2692307692307692,7,14,230.2,17.0,1098,962,1294,0.0,0.0,9.0,14.0,35.0,1.1,0.875,0.0,0.0,14.0,8.0,35.7,0.7,0.0625,-1.6,0.2,54.0,-497.0,18.0,16.0,458.0,0.0625,0.1875,-0.2,0.0,0.0,0.729999999999999,0.0,0.14620000000000033,2.0253000000000014,1.1462000000000003,-0.153100000000002,0.5935000000000059,0.2579970930068787,1.5904716281656817,-1.0,1.0,0.0,0.0,0.0,1.0,0.0,,
557,202009060606,13,9,17,98,3,3,2,15,0,0,0,1,0,0,1,9,0,0,0,1,0,0,0,0,0,0,0,1,0,0,0,0,0,0,0,0,0.0,0.0,13.0,15.0,46.0,4.6,0.125,0.0,0.0,14.0,16.0,40.0,3.2,0.375,0.0,0.0,4.0,8.0,38.6,2.4,0.375,-3.5,6.0,-400.0,0.05128205128205128,0.2564102564102564,7,13,20.2,7.0,1503,1559,1263,0.0,0.0,7.0,11.0,35.4,1.1,0.5,,,,,,,,-2.0,0.0,54.0,-146.0,18.0,16.0,438.0,0.0625,0.1875,-0.0625,0.05555555555555555,,3.3200000000000003,0.0,6.3740999999999985,2.5822999999999965,0.6889000000000038,0.29350000000000165,,0.13621559198564606,3.844476557348217,0.0,1.0,0.0,0.0,0.46153846153846156,1.0,0.0,-0.11075848936845445,-0.04782608695652174
558,202009060606,0,0,0,0,7,8,9,48,0,0,0,0,0,0,0,0,2,3,1,11,0,0,0,0,0,0,0,0,0,1,0,1,0,0,0,0,0.0,0.0,110.0,50.0,38.3,0.4,0.7857142857142857,0.0,0.0,30.0,60.0,37.8,0.9,0.4,0.0,0.0,90.0,50.0,36.5,0.5,0.7142857142857143,0.0,12.0,200.0,0.0,0.16,5,9,170.8,14.0,1401,1167,517,0.0,0.0,90.0,80.0,39.1,1.7,0.13333333333333333,0.0,0.0,70.0,70.0,38.3,1.6,0.5625,6.0,0.0,54.0,-1018.0,18.0,14.0,438.0,-0.21428571428571427,0.06666666666666667,0.0,0.13333333333333333,-0.0625,-0.13000000000000042,0.0,0.4788999999999959,-0.11110000000000042,0.058900000000001285,0.8205000000000027,0.14620000000000033,0.23412172444993315,0.8579044235810888,0.0,0.0,,0.0,0.0,0.0,,,-0.20833333333333331
559,202009060606,4,7,4,38,1,3,3,15,0,0,0,0,0,1,1,6,1,0,0,4,0,0,0,0,0,1,0,0,0,0,0,2,0,0,0,0,0.0,0.0,10.0,13.0,35.5,1.3,0.6666666666666666,,,,,,,,,,,,,,,,,0.0,0.038461538461538464,0.23076923076923078,6,12,75.0,10.0,1304,1599,1503,,,,,,,,,,,,,,,,0.0,54.0,0.0,18.0,18.0,438.0,-0.1111111111111111,,,,,,,0.39350000000000307,,,,,,,0.0,1.0,0.0,0.2,0.2,1.0,0.0,,
560,202009060606,4,3,3,39,7,8,9,48,1,0,0,3,1,1,1,7,2,3,1,11,0,0,0,1,0,0,0,1,0,1,0,1,0,0,0,0,0.0,0.0,10.0,10.0,40.5,0.0,0.09090909090909091,0.0,0.0,130.0,90.0,39.1,1.0,0.7857142857142857,0.0,0.0,150.0,110.0,36.4,1.2,0.625,50.0,26.0,0.0,0.06382978723404255,0.2553191489361702,6,11,61.0,9.0,1561,1167,1263,0.0,0.0,150.0,100.0,42.3,4.1,0.4,0.0,0.0,120.0,120.0,44.6,6.6,0.6153846153846154,23.0,0.0,54.0,-1190.0,18.0,11.0,444.0,0.0,-0.07142857142857142,0.125,0.06666666666666667,0.38461538461538464,-1.14,0.0,2.346200000000003,-0.2926000000000002,1.0345999999999975,2.753299999999996,4.9741,0.23994531880037906,2.7852468472291645,0.0,0.0,,0.0,0.0,0.0,,-0.1207482993197279,-0.20833333333333331
561,202009060606,5,3,4,39,0,1,0,3,0,0,0,0,0,1,1,5,0,0,0,0,0,0,0,0,0,0,1,5,0,0,0,0,0,0,0,0,0.0,0.0,8.0,7.0,40.7,1.7,0.3333333333333333,0.0,0.0,12.0,15.0,38.4,2.3,0.4,0.0,0.0,11.0,14.0,39.5,2.5,0.25,3.5,5.0,0.0,0.25806451612903225,0.5483870967741935,8,16,10.0,4.0,1152,377,1428,0.0,0.0,10.0,6.0,35.5,1.2,0.9166666666666666,0.0,0.0,7.0,16.0,37.9,1.6,0.0625,0.9,0.0,54.0,-1248.0,18.0,9.0,499.0,-0.2222222222222222,0.2,0.0625,0.0,0.0,0.8500000000000008,0.0,2.546200000000006,0.5788999999999973,1.9085999999999999,-0.9410999999999987,2.5345999999999975,0.2854869134965345,1.741263908774314,1.0,0.0,,0.15384615384615385,0.46153846153846156,0.0,,,
562,202009060606,5,7,13,75,3,10,6,42,0,3,0,4,0,0,3,5,1,0,0,4,0,0,0,0,0,0,0,0,0,0,0,1,0,0,0,0,0.0,0.0,50.0,60.0,43.1,1.4,0.7777777777777778,0.0,0.0,110.0,120.0,36.5,1.9,0.875,0.0,0.0,70.0,80.0,42.4,6.2,0.8888888888888888,10.0,2.0,100.0,0.2,0.2,8,17,431.1,18.0,1691,1428,1167,0.0,0.0,110.0,100.0,35.9,0.7,0.625,0.0,0.0,180.0,160.0,35.5,1.9,0.8888888888888888,18.0,0.0,54.0,-272.0,18.0,9.0,396.0,0.0,-0.125,0.0,0.25,0.0,1.5800000000000005,0.0,5.665900000000001,0.3342000000000027,3.3613,0.16259999999999764,0.39350000000000307,0.10191075737691187,3.3456837866122373,0.0,1.0,0.0,0.0,0.0,1.0,0.0,0.13461538461538464,-0.20036429872495448
563,202009060606,2,2,4,22,7,8,9,48,0,0,0,0,0,0,1,5,2,3,1,11,0,0,0,0,0,0,1,0,0,1,0,1,0,0,0,0,0.0,0.0,90.0,90.0,43.6,7.7,1.0,0.0,0.0,160.0,140.0,43.3,4.4,0.25,0.0,0.0,120.0,100.0,39.8,3.5,0.6428571428571429,5.0,9.0,-100.0,,,4,7,134.5,13.0,1169,1167,460,0.0,0.0,130.0,170.0,35.6,2.6,1.0,,,,,,,,20.0,0.0,54.0,-295.0,18.0,9.0,443.0,0.0,0.5625,0.21428571428571427,0.0,,2.75,0.0,,3.6740999999999957,0.1740999999999957,0.4935000000000045,,0.30968116421472547,3.237572393013011,0.0,1.0,0.0,0.0,0.0,1.0,0.0,,-0.20833333333333331
564,202009060606,0,0,0,0,0,0,0,4,0,0,0,0,0,0,0,0,0,0,0,0,0,0,0,0,0,0,0,0,0,0,0,0,0,0,0,0,0.0,0.0,9.0,11.0,44.9,6.3,0.8333333333333334,0.0,0.0,17.0,18.0,36.9,3.9,0.8888888888888888,0.0,0.0,8.0,18.0,36.4,2.8,0.8888888888888888,3.5,0.0,-400.0,0.0967741935483871,0.3225806451612903,2,3,47.6,8.0,1463,791,1167,,,,,,,,,,,,,,,3.5,0.0,54.0,-132.0,18.0,12.0,464.0,0.16666666666666666,0.1111111111111111,0.0,,,4.25,0.0,5.353299999999997,1.8252999999999986,1.2935000000000016,,,0.026189140043946166,3.8944404818493075,0.0,1.0,0.0,0.06666666666666667,0.06666666666666667,1.0,0.0,,
565,202009060706,0,0,0,0,2,2,0,7,0,0,0,0,0,0,0,0,0,0,0,1,0,0,0,0,0,0,0,0,0,0,0,0,0,0,0,0,0.0,0.0,120.0,9.0,34.8,0.9,0.7222222222222222,0.0,0.0,100.0,4.0,34.5,1.0,0.8181818181818182,0.0,0.0,30.0,1.0,35.2,0.0,0.7857142857142857,-4.0,12.0,0.0,0.09090909090909091,0.18181818181818182,3,3,21.7,5.0,1463,1036,1167,0.0,0.0,50.0,4.0,35.4,0.8,0.8461538461538461,0.0,0.0,80.0,6.0,34.7,0.6,0.8,-0.6,0.2,55.0,49.0,9.0,18.0,442.0,-0.2777777777777778,0.09090909090909091,-0.14285714285714285,-0.07692307692307693,-0.3,-0.07000000000000099,0.0,-0.3064999999999998,-0.5747,0.09350000000000591,0.29350000000000165,-0.37469999999999715,0.04137741869617104,0.33105890714493685,0.0,3.0,0.3333333333333333,0.0,0.2857142857142857,3.0,0.3333333333333333,,
566,202009060706,0,0,0,0,0,0,0,1,0,0,0,0,0,0,0,0,0,0,0,0,0,0,0,0,0,0,0,0,0,0,0,0,0,0,0,0,0.0,0.0,4.0,9.0,34.6,0.5,0.3333333333333333,0.0,0.0,3.0,7.0,35.0,0.2,0.5,0.0,0.0,2.0,6.0,33.9,0.4,0.8888888888888888,-1.5,-12.0,200.0,0.21951219512195122,0.43902439024390244,1,1,4.4,2.0,1677,1506,1167,0.0,0.0,3.0,3.0,35.2,0.5,0.8125,0.0,0.0,3.0,3.0,34.8,0.4,0.46153846153846156,-1.6,0.4,54.0,-1148.0,9.0,18.0,460.0,0.05555555555555555,-0.1111111111111111,-0.05555555555555555,-0.125,-0.15384615384615385,-0.05999999999999943,0.0,-0.5531000000000006,-0.10649999999999693,-1.391300000000001,-0.16539999999999822,-0.35310000000000485,0.21395931967106108,0.44721359549995887,-1.0,2.0,0.0,0.08333333333333333,0.16666666666666666,1.0,0.0,,
567,202009060706,39,30,28,143,0,0,0,0,0,0,0,0,3,3,0,11,0,0,0,0,0,0,0,0,0,1,0,2,0,0,0,0,0,0,0,0,0.0,0.0,10.0,1.0,34.6,0.0,0.23076923076923078,,,,,,,,,,,,,,,,,0.0,0.1568627450980392,0.35294117647058826,5,5,1.5,1.0,1428,156,1263,,,,,,,,,,,,,,,,1.0,55.0,48.0,9.0,13.0,486.0,0.0,,,,,,,-0.5064999999999955,,,,,,,0.0,1.0,1.0,0.36363636363636365,0.6363636363636364,1.0,1.0,-0.16026422764227644,
568,202009060706,6,16,6,73,7,8,9,48,0,0,1,2,2,3,2,15,2,3,1,11,0,0,1,0,1,0,0,1,0,1,0,3,0,0,0,0,0.0,0.0,30.0,6.0,35.1,0.7,0.3,0.0,0.0,40.0,1.0,34.2,0.0,0.25,,,,,,,,-5.0,0.0,200.0,0.0,0.25,2,2,49.4,8.0,1393,1167,1263,,,,,,,,,,,,,,,-5.0,0.5,55.0,20.0,9.0,10.0,514.0,0.2,0.0,,,,0.8999999999999986,0.0,-0.05310000000000059,-0.9530999999999992,,,,0.024999999999999994,0.4499999999999993,0.0,0.0,,0.0,0.23076923076923078,0.0,,0.2561056105610561,-0.20833333333333331
569,202009060706,1,1,1,45,1,0,2,17,0,0,0,7,1,0,0,8,0,0,0,1,0,0,0,1,0,0,0,0,0,0,0,0,0,0,0,0,0.0,0.0,10.0,3.0,35.3,0.5,0.2,0.0,0.0,30.0,1.0,36.3,0.0,0.0625,0.0,0.0,10.0,5.0,36.5,1.0,0.3333333333333333,1.0,8.0,200.0,0.061224489795918366,0.24489795918367346,8,8,6.4,3.0,1317,1713,1186,0.0,0.0,20.0,2.0,34.1,0.1,0.3333333333333333,,,,,,,,0.1,0.75,55.0,20.0,9.0,10.0,444.0,0.0,0.0,0.0,0.0,,0.3399999999999984,0.0,0.14689999999999515,1.1935000000000002,0.12510000000000332,-1.0064999999999955,,0.11212805024960425,0.9526279441628815,0.0,2.0,1.0,0.15789473684210525,0.2631578947368421,2.0,1.0,0.10416666666666666,
570,202009060706,0,1,0,6,1,3,3,15,0,0,0,0,0,0,0,0,1,0,0,4,0,0,0,0,0,0,0,0,0,0,0,0,0,0,0,0,0.0,0.0,50.0,2.0,38.6,0.9,0.3,0.0,0.0,90.0,11.0,42.1,5.5,0.2727272727272727,0.0,0.0,100.0,10.0,38.0,1.9,1.0,4.0,-8.0,0.0,0.04878048780487805,0.24390243902439024,6,6,40.8,7.0,1713,1599,215,0.0,0.0,80.0,9.0,40.0,4.8,0.2222222222222222,0.0,0.0,50.0,13.0,37.4,1.4,0.35714285714285715,2.0,0.2,55.0,-575.0,9.0,10.0,474.0,-0.1,0.6363636363636364,-0.0625,0.2222222222222222,0.14285714285714285,0.45000000000000073,0.0,0.4462000000000046,2.5533,-0.27949999999999875,3.969999999999999,1.6625999999999976,0.2881019275742263,1.6785708206685837,-1.0,0.0,,0.0,0.21052631578947367,0.0,,,
571,202009060706,4,6,2,18,0,0,0,0,0,0,0,0,0,1,1,8,0,0,0,0,0,0,0,0,0,0,0,0,0,0,0,0,0,0,0,0,0.0,0.0,3.0,4.0,38.3,1.1,0.375,0.0,0.0,4.0,16.0,37.0,2.6,0.17647058823529413,0.0,0.0,3.0,16.0,36.4,1.7,0.05555555555555555,6.0,-2.0,0.0,0.0,0.14814814814814814,4,4,22.6,6.0,1098,187,1294,0.0,0.0,3.0,7.0,39.2,1.2,0.6,0.0,0.0,6.0,9.0,35.7,1.1,0.16666666666666666,0.1,0.0,54.0,-1080.0,9.0,8.0,466.0,0.0,-0.058823529411764705,0.05555555555555555,0.06666666666666667,0.0,0.2999999999999986,0.0,0.02049999999999841,1.9253,1.2935000000000016,1.046200000000006,0.6253000000000029,0.19247060998627344,1.2702755606560332,0.0,1.0,0.0,0.0,0.0,1.0,0.0,,
572,202009060706,5,3,4,39,0,0,1,9,0,0,0,1,0,1,1,5,0,0,0,1,0,0,0,0,0,0,0,0,0,0,0,0,0,0,0,0,0.0,0.0,100.0,16.0,36.0,2.1,0.5294117647058824,0.0,0.0,40.0,8.0,36.8,1.2,0.36363636363636365,0.0,0.0,50.0,6.0,34.6,0.5,0.3333333333333333,-5.0,2.0,-200.0,0.13636363636363635,0.2727272727272727,8,9,11.8,4.0,1152,1721,1428,0.0,0.0,80.0,4.0,34.4,0.8,0.5,0.0,0.0,70.0,9.0,34.8,0.8,0.0625,-1.8,0.0,53.0,-1155.0,9.0,17.0,482.0,0.11764705882352941,-0.09090909090909091,0.08333333333333333,0.0,0.0,0.4800000000000004,0.0,0.7366000000000028,1.7252999999999972,-0.47469999999999857,-0.8633999999999986,-0.46340000000000003,0.1658349817701162,0.9260669522232176,-2.0,0.0,,0.29411764705882354,0.35294117647058826,0.0,,,
573,202009060706,6,6,9,87,3,10,6,42,1,1,1,3,2,1,0,9,1,0,0,4,0,0,0,0,0,0,0,2,1,0,0,0,0,0,0,0,0.0,0.0,10.0,10.0,36.9,1.8,1.0,0.0,0.0,16.0,15.0,36.3,1.2,0.2777777777777778,0.0,0.0,17.0,13.0,34.9,1.1,0.7222222222222222,1.5,15.0,550.0,0.0,0.25,7,7,135.1,9.0,1506,1428,199,0.0,0.0,17.0,14.0,35.5,1.1,0.5,0.0,0.0,13.0,9.0,34.8,0.8,0.7692307692307693,-0.3,0.0,54.0,-715.0,9.0,10.0,445.0,0.0,-0.05555555555555555,0.0,0.0,-0.15384615384615385,0.5,0.0,,0.9345999999999961,-0.25310000000000343,0.346899999999998,-1.1225000000000023,0.24613307129806225,0.8109253973085317,2.0,0.0,,0.2,0.3,0.0,,0.22863247863247863,-0.20036429872495448
574,202009060711,39,30,28,143,2,2,1,3,2,1,1,2,3,3,0,11,0,0,0,0,0,0,0,0,1,0,0,2,0,0,0,0,0,0,0,0,0.0,0.0,2.0,3.0,34.7,0.3,0.3333333333333333,0.0,0.0,1.0,1.0,34.5,0.0,0.3888888888888889,0.0,0.0,9.0,7.0,33.0,0.9,0.7777777777777778,2.0,8.0,0.0,0.08695652173913043,0.30434782608695654,3,6,9.6,4.0,1428,607,1263,0.0,0.0,8.0,12.0,35.6,0.8,0.1111111111111111,0.0,0.0,2.0,5.0,33.9,0.6,0.6470588235294118,1.5,0.4,55.0,-364.0,16.0,18.0,486.0,-0.05555555555555555,0.1111111111111111,0.0,0.0,-0.058823529411764705,0.05000000000000071,0.0,-0.4064999999999941,-0.6064999999999969,-2.0747,-0.4947999999999979,-1.2064999999999984,0.2359866352122592,0.8639444426582079,0.0,3.0,0.6666666666666666,0.25,0.5,3.0,0.6666666666666666,-0.16026422764227644,
575,202009060711,5,3,4,39,0,1,0,0,0,1,0,0,0,1,1,5,0,0,0,0,0,0,0,0,0,0,0,0,0,0,0,0,0,0,0,0,0.0,0.0,9.0,12.0,37.8,1.9,0.375,0.0,0.0,11.0,15.0,36.8,3.0,0.3333333333333333,0.0,0.0,2.0,8.0,35.7,0.6,0.6875,-2.0,2.0,-400.0,0.0,0.0,8,16,19.8,6.0,1152,357,1428,0.0,0.0,8.0,3.0,33.5,0.2,0.5555555555555556,0.0,0.0,4.0,8.0,33.6,0.4,0.9375,-2.0,0.2,54.0,-428.0,16.0,16.0,454.0,-0.0625,0.0,-0.125,0.05555555555555555,-0.0625,1.1699999999999988,0.0,2.3407999999999944,1.7252999999999972,0.43660000000000565,-1.9592000000000027,-1.4746999999999986,0.22036550726037743,1.7104385402580224,0.0,0.0,,0.0,0.0,0.0,,,
576,202009060711,2,2,4,44,7,8,9,48,0,0,1,2,0,0,0,2,2,3,1,11,0,0,0,0,0,0,0,1,0,0,1,0,0,0,0,0,0.0,0.0,4.0,5.0,,,,0.0,0.0,6.0,4.0,33.2,0.2,0.3125,0.0,0.0,2.0,4.0,33.5,0.2,0.35714285714285715,-0.5,,-200.0,0.225,0.425,6,12,1.5,1.0,1328,1167,1263,0.0,0.0,3.0,3.0,34.5,0.1,0.6111111111111112,0.0,0.0,3.0,4.0,33.8,0.4,0.5294117647058824,-0.3,0.2,57.0,-351.0,16.0,11.0,,,0.0,0.0,-0.1111111111111111,-0.11764705882352941,-0.2799999999999983,0.0,,-1.8746999999999971,-1.5747,-1.5947999999999993,-1.3064999999999998,0.12223530785445987,0.4821825380496469,0.0,1.0,0.0,0.0,0.42857142857142855,1.0,0.0,-0.15384615384615385,-0.20833333333333331
577,202009060711,39,30,28,143,1,4,1,14,0,2,1,0,3,3,0,11,0,0,0,2,0,0,0,0,1,0,0,2,0,0,0,0,0,0,0,0,0.0,0.0,60.0,5.0,34.5,0.5,0.5555555555555556,0.0,0.0,110.0,8.0,33.6,0.6,0.3125,0.0,0.0,50.0,2.0,34.5,0.1,0.3888888888888889,-1.5,6.0,0.0,0.16,0.36,5,9,17.5,5.0,1428,1014,1263,0.0,0.0,60.0,11.0,34.1,1.3,0.3888888888888889,0.0,0.0,70.0,6.0,34.8,0.4,0.3333333333333333,0.5,0.2,55.0,-364.0,16.0,18.0,466.0,-0.1111111111111111,0.0,0.16666666666666666,0.0,0.16666666666666666,-0.10999999999999943,0.0,-0.6064999999999969,-1.4746999999999986,-0.6064999999999969,-0.9746999999999986,-1.2948000000000022,0.08539125638299665,0.4147288270665531,0.0,2.0,0.5,0.0,0.0,2.0,0.5,-0.16026422764227644,
578,202009060711,1,1,1,45,0,0,0,1,0,0,0,1,1,0,0,8,0,0,0,1,0,0,0,1,0,0,0,2,0,0,0,1,0,0,0,1,0.0,0.0,14.0,15.0,36.9,3.5,0.13333333333333333,0.0,0.0,12.0,14.0,37.6,3.3,0.7857142857142857,0.0,0.0,12.0,16.0,35.0,0.9,0.5555555555555556,0.5,-4.0,0.0,0.09302325581395349,0.18604651162790697,1,1,19.9,7.0,1317,1423,1186,0.0,0.0,8.0,14.0,36.3,2.2,0.35714285714285715,0.0,0.0,14.0,14.0,34.4,1.3,0.125,-0.2,0.0,57.0,-1232.0,16.0,15.0,506.0,0.0,0.14285714285714285,0.05555555555555555,0.0,0.125,0.6300000000000004,0.0,1.7935000000000016,0.1822999999999979,-1.0947999999999993,1.1935000000000002,-0.6747000000000014,0.2534449469684984,1.1842297074469974,0.0,2.0,0.0,0.0,0.0,2.0,0.0,0.10416666666666666,
579,202009060711,16,11,9,91,1,0,4,8,1,0,1,2,5,0,1,12,0,0,1,4,0,0,0,1,0,0,0,1,0,0,0,1,0,0,0,1,0.0,0.0,14.0,6.0,36.6,0.6,0.0625,0.0,0.0,10.0,12.0,37.3,1.3,0.2777777777777778,0.0,0.0,16.0,18.0,38.5,5.5,0.16666666666666666,6.0,12.0,-200.0,0.0,0.0,2,3,113.5,9.0,1716,1592,1167,0.0,0.0,4.0,6.0,33.5,0.3,0.08333333333333333,0.0,0.0,3.0,1.0,34.3,0.0,0.0625,-1.6,0.2,55.0,-357.0,16.0,16.0,484.0,0.0625,-0.05555555555555555,0.05555555555555555,0.0,0.0,0.8400000000000005,0.0,1.3366000000000042,0.9383999999999943,3.4253,-1.5747,-0.8064999999999998,0.08303186209797292,1.867190402717409,-1.0,2.0,0.5,0.0,0.1,1.0,1.0,-0.15846456692913385,
580,202009060711,0,1,2,22,7,6,6,63,0,0,0,3,0,0,0,3,3,1,0,11,0,0,0,1,0,0,0,1,0,0,0,2,0,0,0,1,0.0,0.0,15.0,15.0,34.8,1.8,0.9333333333333333,0.0,0.0,10.0,9.0,35.1,2.0,0.9,0.0,0.0,13.0,9.0,34.2,0.4,0.38461538461538464,-3.0,2.0,-200.0,0.0,0.15384615384615385,1,2,196.2,10.0,1306,1405,1445,0.0,0.0,16.0,8.0,34.6,0.5,0.8125,0.0,0.0,16.0,13.0,35.2,1.7,0.29411764705882354,-0.5,0.0,57.0,-665.0,16.0,15.0,462.0,-0.06666666666666667,-0.1,0.0,-0.4375,-0.058823529411764705,-0.030000000000001137,0.0,-0.27470000000000283,-0.8166000000000011,-0.8746999999999971,-0.8592000000000013,0.04690000000000083,0.2702418333409832,0.3599999999999998,1.0,0.0,,0.0,0.0,0.0,,0.022857142857142854,0.32384823848238486
581,202009060711,0,0,0,2,9,2,9,87,0,0,0,0,0,0,0,0,2,0,3,11,0,0,0,0,0,0,0,0,0,0,0,1,0,0,0,0,0.0,0.0,6.0,12.0,,,,0.0,0.0,8.0,1.0,34.6,0.0,0.1875,0.0,0.0,9.0,17.0,35.6,2.0,0.3888888888888889,2.5,,200.0,0.0,0.125,6,11,44.2,8.0,464,1263,257,0.0,0.0,13.0,11.0,35.3,0.4,0.1111111111111111,0.0,0.0,2.0,1.0,34.2,0.0,0.2,-1.2,0.4,57.0,-715.0,16.0,14.0,,,-0.0625,0.05555555555555555,0.0,-0.06666666666666667,0.15,0.0,,-0.5531000000000006,0.4468999999999994,-0.7948000000000022,-0.9530999999999992,0.10225267039737918,0.5539629951540073,0.0,0.0,,0.4,0.7,0.0,,,0.1312659303313509
582,202009060711,0,1,0,0,0,1,0,0,0,1,0,0,0,1,0,0,0,1,0,0,0,1,0,0,0,1,0,0,0,1,0,0,0,1,0,0,0.0,0.0,90.0,16.0,36.2,1.4,0.2222222222222222,0.0,0.0,30.0,9.0,34.5,0.8,0.5,0.0,0.0,30.0,1.0,33.7,0.0,0.4375,-7.5,-8.0,0.0,0.14285714285714285,0.2857142857142857,4,8,8.2,3.0,286,494,1433,0.0,0.0,30.0,10.0,36.8,1.5,0.375,0.0,0.0,40.0,4.0,33.8,0.4,0.4375,-2.3,0.2,57.0,-308.0,16.0,18.0,552.0,-0.05555555555555555,0.125,0.0,-0.25,0.0,0.25000000000000144,0.0,1.093500000000006,-0.6064999999999969,-1.4530999999999992,0.7051999999999978,-1.3531000000000049,0.09475032167116966,1.26964561984831,1.0,2.0,0.0,0.0,0.4375,2.0,0.0,,
583,202009060711,2,2,0,26,1,2,0,6,0,0,0,0,0,1,0,3,0,0,0,1,0,0,0,0,0,0,0,2,0,0,0,0,0,0,0,0,0.0,0.0,3.0,8.0,41.9,1.3,0.8181818181818182,0.0,0.0,8.0,5.0,13.3,0.8,0.5,0.0,0.0,8.0,1.0,13.5,0.0,0.35714285714285715,-3.5,25.0,-200.0,0.0625,0.25,7,13,544.9,16.0,1036,1301,1108,0.0,0.0,3.0,6.0,13.9,5.4,0.6666666666666666,0.0,0.0,16.0,15.0,37.0,3.2,0.9375,1.5,0.2,57.0,-546.0,16.0,11.0,517.0,0.0,-0.08333333333333333,-0.14285714285714285,0.0,0.0625,0.9199999999999996,0.0,3.9833,,,,-1.5775999999999968,0.2094328102359699,12.775977457713362,1.0,0.0,,0.0,0.0,0.0,,-0.13333333333333333,
584,202009060711,6,1,4,60,0,0,0,7,0,0,0,2,3,0,0,5,0,0,0,1,0,0,0,1,0,0,0,0,0,0,0,0,0,0,0,0,0.0,0.0,10.0,11.0,37.2,1.2,0.6363636363636364,0.0,0.0,18.0,16.0,34.0,0.8,0.7777777777777778,0.0,0.0,10.0,18.0,32.7,1.4,1.0,3.5,0.0,-300.0,0.0,0.15,5,10,541.0,15.0,1090,1650,1169,0.0,0.0,16.0,13.0,33.1,0.8,0.7777777777777778,0.0,0.0,11.0,13.0,34.0,0.6,0.8125,0.1,0.0,57.0,-920.0,16.0,11.0,498.0,0.36363636363636365,-0.05555555555555555,,0.0,0.0,0.7300000000000004,0.0,1.6714000000000055,-1.106499999999997,-1.0871999999999957,-2.0531000000000006,-1.153100000000002,0.11654772239188217,1.5836666315863326,1.0,1.0,0.0,0.08333333333333333,0.3333333333333333,1.0,0.0,0.152762730227519,
585,202009060711,16,11,9,91,1,1,1,13,1,0,0,2,5,0,1,12,1,0,0,3,1,0,0,0,0,0,0,1,0,0,0,1,0,0,0,0,0.0,0.0,9.0,8.0,34.5,0.5,0.875,0.0,0.0,6.0,5.0,34.7,0.3,0.6666666666666666,0.0,0.0,8.0,7.0,34.9,0.4,0.1875,-0.5,6.0,-200.0,0.0,0.25925925925925924,4,7,5.9,2.0,1716,1542,1167,0.0,0.0,3.0,10.0,35.7,0.8,0.9375,0.0,0.0,2.0,12.0,34.6,1.1,0.6875,1.3,0.0,57.0,-375.0,16.0,16.0,494.0,0.0625,-0.1111111111111111,0.0,-0.1875,0.125,-0.12000000000000029,0.0,-0.5747,-0.4064999999999941,-0.1747000000000014,-2.453799999999994,-0.5064999999999955,0.26332542182208263,0.430813184570761,-1.0,2.0,0.0,0.0,0.0,2.0,0.0,-0.15846456692913385,
586,202009060711,16,11,9,91,1,3,0,15,0,0,0,1,5,0,1,12,0,1,0,4,0,0,0,0,0,0,0,1,0,0,0,1,0,0,0,0,0.0,0.0,8.0,3.0,34.5,0.0,0.2,0.0,0.0,16.0,9.0,35.0,0.5,0.16666666666666666,0.0,0.0,12.0,11.0,35.5,0.8,0.125,4.0,4.0,200.0,0.11764705882352941,0.11764705882352941,2,4,345.1,12.0,1716,1186,1167,0.0,0.0,12.0,10.0,36.4,0.8,0.3333333333333333,0.0,0.0,8.0,14.0,37.8,2.4,0.7333333333333333,2.3,0.2,54.0,-357.0,16.0,15.0,496.0,0.0,0.0,0.0625,0.0,0.06666666666666667,-0.7999999999999993,0.0,-0.653100000000002,-0.10649999999999693,0.346899999999998,0.0251000000000019,0.38229999999999364,0.22208606940153228,1.1637869220780914,3.0,1.0,0.0,0.0,0.25,1.0,0.0,-0.15846456692913385,
587,202009060711,1,1,0,3,0,2,0,11,0,0,0,1,0,0,0,1,0,0,0,2,0,0,0,1,0,0,0,0,0,0,0,0,0,0,0,0,0.0,0.0,4.0,1.0,34.9,0.0,0.07142857142857142,0.0,0.0,12.0,15.0,38.4,1.7,0.125,0.0,0.0,11.0,14.0,35.5,1.6,0.3125,6.5,7.0,400.0,0.0,0.0,3,5,219.4,11.0,1698,1170,1366,0.0,0.0,11.0,8.0,34.9,0.3,0.058823529411764705,0.0,0.0,2.0,1.0,34.2,0.0,0.07142857142857142,-0.7,0.4,57.0,-304.0,16.0,14.0,481.0,0.0,0.0,0.125,0.0,0.0,0.48999999999999916,0.0,0.1261999999999972,0.12049999999999983,0.39350000000000307,-0.20649999999999835,-1.7224999999999966,0.09511587973065622,1.4688771221582824,0.0,2.0,0.0,0.2,0.2,2.0,0.0,,
588,202009060711,0,0,0,1,1,3,3,15,0,0,0,1,0,0,0,0,1,0,0,4,0,0,0,0,0,0,0,0,0,0,0,0,0,0,0,0,0.0,0.0,20.0,,,,0.2222222222222222,0.0,0.0,160.0,15.0,37.4,3.2,0.6875,0.0,0.0,110.0,11.0,33.4,1.1,0.7272727272727273,-4.0,-20.0,0.0,0.0,0.2857142857142857,7,14,511.5,14.0,1128,1599,1263,0.0,0.0,140.0,16.0,35.4,1.2,0.9375,0.0,0.0,170.0,17.0,35.3,1.2,0.6666666666666666,1.1,0.0,57.0,-919.0,16.0,9.0,488.0,0.5555555555555556,-0.0625,0.0,-0.0625,-0.16666666666666666,0.43000000000000044,0.0,,-0.7537999999999982,-1.6747000000000014,0.24689999999999657,0.19350000000000023,0.2337903145610023,1.4148763196831022,1.0,1.0,0.0,,,1.0,0.0,,
589,202009060711,3,5,1,25,3,0,2,6,1,0,1,2,0,0,1,7,0,0,1,1,0,0,1,0,0,0,0,0,0,0,0,0,0,0,0,0,0.0,0.0,17.0,16.0,35.5,1.2,0.4117647058823529,0.0,0.0,9.0,11.0,33.3,1.0,0.9230769230769231,0.0,0.0,14.0,10.0,33.4,0.5,0.8333333333333334,-3.0,0.0,0.0,0.05,0.25,8,15,354.4,13.0,1431,199,1428,0.0,0.0,16.0,18.0,34.6,1.2,0.6111111111111112,0.0,0.0,11.0,5.0,33.5,0.3,0.6363636363636364,-1.5,0.0,57.0,-1092.0,16.0,17.0,472.0,0.0,0.07692307692307693,-0.05555555555555555,0.2222222222222222,0.09090909090909091,0.2699999999999996,0.0,0.39350000000000307,-1.7747000000000028,-1.7064999999999984,-0.5064999999999955,-1.5747,0.1795263229805737,0.8593020423576343,-1.0,3.0,0.0,0.0,0.11764705882352941,3.0,0.0,-0.09803921568627452,
590,202009060806,0,0,0,0,0,0,0,0,0,0,0,0,0,0,0,0,0,0,0,0,0,0,0,0,0,0,0,0,0,0,0,0,0,0,0,0,0.0,0.0,4.0,2.0,13.5,0.4,0.1111111111111111,0.0,0.0,6.0,5.0,13.2,2.1,0.5833333333333334,0.0,0.0,3.0,8.0,13.3,2.9,0.6428571428571429,3.0,-10.0,-1600.0,0.05,0.15,1,2,5.0,2.0,409,6,432,0.0,0.0,8.0,6.0,13.4,2.2,0.5714285714285714,0.0,0.0,13.0,12.0,38.4,1.6,0.5,2.1,0.2,52.0,-1351.0,18.0,9.0,514.0,0.0,-0.16666666666666666,-0.21428571428571427,-0.35714285714285715,0.1875,-5.0,0.0,,,,,-0.992600000000003,0.1907999893303075,10.020498989571326,-8.0,0.0,,0.1111111111111111,0.2777777777777778,0.0,,,
591,202009060806,3,5,1,25,0,0,0,0,0,0,0,0,0,0,1,7,0,0,0,0,0,0,0,0,0,0,0,0,0,0,0,0,0,0,0,0,0.0,0.0,7.0,7.0,36.6,1.5,0.4166666666666667,0.0,0.0,2.0,10.0,37.6,0.8,0.4375,0.0,0.0,1.0,3.0,37.9,0.6,0.25,-2.0,-2.0,400.0,0.0,0.18181818181818182,6,11,2.1,1.0,1431,617,1428,0.0,0.0,1.0,2.0,35.2,0.3,0.17647058823529413,,,,,,,,-2.2,0.5,55.0,-230.0,18.0,12.0,464.0,0.16666666666666666,-0.0625,-0.0625,-0.058823529411764705,,0.38999999999999985,0.0,0.1589000000000027,-0.31109999999999616,-0.011099999999999,0.09350000000000591,,0.11028518141903111,1.0544548354481558,0.0,1.0,1.0,0.15,0.25,1.0,1.0,-0.09803921568627452,
592,202009060806,3,0,1,12,0,0,1,1,0,0,0,0,1,0,0,5,0,0,0,0,0,0,0,0,1,0,0,3,0,0,0,0,0,0,0,0,0.0,0.0,8.0,8.0,42.9,3.3,0.4,0.0,0.0,13.0,8.0,36.7,2.0,0.2777777777777778,0.0,0.0,15.0,14.0,35.5,2.0,0.7222222222222222,3.0,-2.0,0.0,0.0625,0.1875,3,6,173.7,16.0,1729,1221,1428,0.0,0.0,8.0,12.0,36.0,1.4,0.75,0.0,0.0,16.0,3.0,34.5,0.5,0.7058823529411765,-0.6,0.2,54.0,-305.0,18.0,10.0,390.0,0.2,0.1111111111111111,-0.1111111111111111,-0.0625,-0.23529411764705882,1.75,0.0,4.746200000000002,1.4087000000000032,0.4253,0.5407999999999973,-0.6064999999999969,0.19407345285966907,2.977515743031428,0.0,2.0,0.5,0.0,0.23076923076923078,1.0,1.0,,
593,202009060806,5,7,13,75,2,1,2,15,0,0,0,1,0,0,3,5,2,0,0,3,0,0,0,0,0,0,0,0,1,0,0,2,0,0,0,0,0.0,0.0,150.0,15.0,41.2,3.9,0.375,0.0,0.0,16.0,13.0,36.9,1.7,0.8125,0.0,0.0,13.0,12.0,33.1,1.1,0.7222222222222222,-1.5,0.0,-400.0,0.047619047619047616,0.23809523809523808,3,5,44.5,8.0,1691,1708,1167,0.0,0.0,14.0,11.0,13.3,4.1,0.6428571428571429,0.0,0.0,12.0,12.0,13.8,7.1,0.8333333333333334,-0.8,0.0,54.0,-1448.0,18.0,16.0,454.0,0.0625,0.125,,0.21428571428571427,0.16666666666666666,7.840000000000001,0.0,1.5741000000000014,1.4407999999999959,-0.4433999999999969,,,0.16565927597573654,11.803491009019323,-1.0,0.0,,0.0,0.0,0.0,,0.13461538461538464,
594,202009060806,0,0,0,0,0,0,0,5,0,0,0,0,0,0,0,0,0,0,0,2,0,0,0,0,0,0,0,0,0,0,0,0,0,0,0,0,0.0,0.0,80.0,8.0,43.4,5.7,0.75,0.0,0.0,130.0,13.0,37.3,1.3,0.5,0.0,0.0,50.0,1.0,37.1,0.0,0.16666666666666666,-3.5,11.0,-300.0,0.14285714285714285,0.14285714285714285,2,3,11.7,5.0,1498,1438,1036,0.0,0.0,80.0,8.0,37.7,1.1,0.1875,0.0,0.0,110.0,16.0,41.3,3.4,0.0625,1.1,0.2,55.0,-1009.0,18.0,8.0,483.0,0.25,0.0,0.0,-0.0625,0.0,0.3799999999999997,0.0,4.822400000000002,-0.11770000000000636,-0.7233000000000018,0.28229999999999933,3.0204999999999984,0.2544738580767078,2.537400244344592,-1.0,0.0,,0.0,0.0,0.0,,,
595,202009060806,5,7,13,75,3,10,6,42,0,3,0,4,0,0,3,5,1,0,0,4,0,0,0,0,0,0,0,0,0,0,0,1,0,0,0,0,0.0,0.0,11.0,8.0,39.6,2.1,0.9166666666666666,0.0,0.0,9.0,14.0,36.4,1.5,0.13333333333333333,0.0,0.0,14.0,6.0,35.3,0.4,0.1111111111111111,-1.0,25.0,-100.0,0.0,0.16666666666666666,5,10,27.2,7.0,1691,1428,1167,0.0,0.0,7.0,17.0,37.1,2.2,0.1111111111111111,0.0,0.0,7.0,6.0,35.9,0.8,0.058823529411764705,-0.1,0.0,54.0,-1067.0,18.0,12.0,431.0,-0.08333333333333333,0.2,0.0,0.1111111111111111,0.0,0.6700000000000003,0.0,,1.0345999999999975,0.14689999999999515,1.9468999999999994,0.7935000000000016,0.32615044461233733,1.4921125962875605,2.0,1.0,0.0,0.13333333333333333,0.26666666666666666,1.0,0.0,0.13461538461538464,-0.20036429872495448
596,202009060806,1,5,2,16,1,1,4,14,0,0,0,0,0,1,0,2,0,1,0,3,0,0,0,0,0,0,0,0,0,0,0,0,0,0,0,0,0.0,0.0,6.0,6.0,37.1,1.8,0.3,0.0,0.0,10.0,9.0,34.7,0.7,0.5882352941176471,0.0,0.0,6.0,5.0,34.3,0.7,0.3,-0.5,4.0,-600.0,0.0,0.0,2,4,14.7,6.0,1465,460,1328,0.0,0.0,4.0,4.0,34.2,0.4,0.8181818181818182,0.0,0.0,6.0,3.0,35.7,0.0,0.6,-1.1,0.2,54.0,-1120.0,18.0,10.0,452.0,0.0,0.0,0.4,-0.18181818181818182,-0.2,0.32999999999999974,0.0,-0.2453000000000003,-1.2165999999999997,-1.6166000000000054,-1.7165999999999997,-0.21659999999999968,0.19837349429371048,1.088117640698836,-2.0,0.0,,0.0,0.25,0.0,,-0.1515151515151515,
597,202009060806,0,1,0,17,5,0,0,15,0,0,0,0,0,0,0,5,0,0,0,4,0,0,0,0,0,0,0,0,0,0,0,0,0,0,0,0,0.0,0.0,110.0,6.0,42.0,1.1,0.9166666666666666,0.0,0.0,110.0,12.0,39.9,3.1,0.25,0.0,0.0,120.0,9.0,37.3,1.3,0.5,1.5,-23.0,0.0,0.08695652173913043,0.2608695652173913,8,18,122.7,13.0,1611,1445,1263,0.0,0.0,120.0,7.0,34.8,0.7,0.5714285714285714,0.0,0.0,120.0,10.0,36.7,1.8,0.7333333333333333,0.3,0.0,55.0,-1306.0,18.0,12.0,453.0,-0.25,0.375,-0.3125,0.21428571428571427,-0.2,1.5699999999999996,0.0,3.7205000000000013,3.983399999999996,1.5625999999999962,-0.6592000000000056,0.5342000000000056,0.2241466559108323,2.5271327626383226,-1.0,0.0,,0.0,0.2857142857142857,0.0,,,0.0357142857142857
598,202009060806,7,5,6,58,1,0,1,4,0,0,0,0,1,1,0,6,0,0,0,0,0,0,0,0,0,0,0,3,0,0,0,0,0,0,0,0,0.0,0.0,6.0,9.0,39.6,1.9,0.2222222222222222,0.0,0.0,9.0,9.0,37.6,2.3,0.3333333333333333,0.0,0.0,9.0,7.0,36.0,1.1,0.6363636363636364,-1.0,-10.0,100.0,0.1111111111111111,0.2,4,8,7.2,4.0,1127,1169,1328,0.0,0.0,10.0,9.0,39.8,1.9,0.13333333333333333,0.0,0.0,9.0,7.0,36.6,1.3,0.5714285714285714,-0.4,0.0,54.0,-1302.0,18.0,9.0,446.0,0.3333333333333333,0.08333333333333333,0.0,0.06666666666666667,0.0,0.38000000000000045,0.0,2.1659000000000006,1.1589000000000027,0.10229999999999961,1.8888999999999996,0.702300000000001,0.19508001351632026,1.5419468213917098,0.0,0.0,,0.0,0.08333333333333333,0.0,,0.09649122807017543,
599,202009060806,2,8,6,29,2,3,2,34,0,0,0,0,0,2,3,4,0,0,0,8,0,0,0,0,0,0,1,0,0,0,0,2,0,0,0,0,0.0,0.0,9.0,9.0,41.3,1.4,0.5833333333333334,0.0,0.0,13.0,16.0,37.8,2.6,0.5882352941176471,0.0,0.0,12.0,11.0,39.0,1.7,0.6875,1.0,4.0,0.0,0.0,0.125,6,12,66.5,11.0,1172,1235,1556,0.0,0.0,15.0,6.0,38.7,0.9,0.875,0.0,0.0,11.0,6.0,39.8,1.3,1.0,-1.6,0.0,54.0,-1291.0,18.0,12.0,444.0,0.08333333333333333,0.29411764705882354,0.0,0.0,-0.07692307692307693,0.20999999999999944,0.0,3.0204999999999984,1.8833999999999946,-0.20940000000000225,-0.8466999999999985,0.25329999999999586,0.16487940206145993,1.1788129622633094,0.0,0.0,,0.125,0.25,0.0,,0.08194444444444443,-0.08739837398373985
600,202009060806,2,0,0,21,1,1,0,4,0,0,0,0,0,0,0,10,0,0,0,0,0,0,0,0,0,0,0,1,0,0,0,0,0,0,0,0,0.0,0.0,10.0,5.0,38.5,1.9,0.5625,0.0,0.0,9.0,4.0,39.5,0.9,0.46153846153846156,0.0,0.0,6.0,8.0,41.8,1.9,0.3333333333333333,1.5,-2.0,-400.0,0.0,0.0,4,7,47.3,9.0,1645,1110,1366,0.0,0.0,13.0,2.0,39.3,0.0,0.26666666666666666,0.0,0.0,14.0,11.0,39.3,2.6,0.5625,1.0,0.2,54.0,-168.0,18.0,16.0,452.0,-0.125,0.07692307692307693,0.0,0.06666666666666667,0.125,-0.13999999999999915,0.0,-1.1259000000000015,0.4613000000000014,2.1740999999999957,-0.24670000000000414,1.0204999999999984,0.11988526593715822,1.114271062174729,0.0,0.0,,0.0,0.2,0.0,,,
601,202009060806,0,0,0,0,7,6,6,63,0,0,0,0,0,0,0,0,3,1,0,11,0,0,0,0,0,0,0,0,2,0,0,3,0,0,0,0,0.0,0.0,11.0,4.0,39.3,0.6,0.09090909090909091,0.0,0.0,12.0,14.0,40.4,3.5,0.9375,0.0,0.0,12.0,12.0,36.6,3.0,0.7647058823529411,4.0,29.0,0.0,0.0,0.06666666666666667,8,17,102.6,12.0,1557,1405,1559,,,,,,,,,,,,,,,4.0,0.0,55.0,-1301.0,18.0,11.0,505.0,0.0,0.0625,0.0,,,1.3499999999999979,0.0,1.0204999999999984,2.1205,1.4935000000000045,,,0.3652360105479477,1.5965240019770717,-1.0,1.0,0.0,0.0,0.2727272727272727,1.0,0.0,,0.32384823848238486
602,202009060806,0,1,2,22,0,0,0,0,0,0,0,0,0,0,0,3,0,0,0,0,0,0,0,0,0,0,0,0,0,0,0,0,0,0,0,0,0.0,0.0,12.0,13.0,36.5,1.9,0.9375,0.0,0.0,17.0,13.0,36.5,3.0,0.7647058823529411,,,,,,,,0.0,-6.0,0.0,0.10526315789473684,0.10526315789473684,7,14,229.8,17.0,1306,1262,1445,,,,,,,,,,,,,,,0.0,0.0,54.0,-28.0,18.0,16.0,426.0,-0.125,0.0,,,,0.0,0.0,1.2087000000000003,1.393500000000003,,,,0.08639705882352944,0.0,-2.0,2.0,0.0,0.07142857142857142,0.14285714285714285,1.0,0.0,0.022857142857142854,
603,202009060806,6,6,9,87,7,6,6,63,0,1,3,11,2,1,0,9,3,1,0,11,0,0,0,1,0,0,0,0,2,0,0,3,0,0,0,0,0.0,0.0,70.0,50.0,40.7,0.8,0.3,0.0,0.0,160.0,110.0,40.6,3.1,0.625,0.0,0.0,70.0,90.0,41.6,2.2,0.5833333333333334,20.0,6.0,-100.0,0.0,0.13333333333333333,1,1,155.2,15.0,1506,1405,199,0.0,0.0,50.0,50.0,40.9,1.3,0.4166666666666667,0.0,0.0,100.0,60.0,38.5,1.1,0.8,-4.0,0.0,55.0,-1253.0,18.0,10.0,492.0,0.1,-0.0625,0.25,-0.08333333333333333,0.0,0.41000000000000086,0.0,,1.2711000000000041,2.0533,1.5711000000000013,-1.0467000000000013,0.17285189549952232,1.0403845442911965,-1.0,0.0,,0.07142857142857142,0.21428571428571427,0.0,,0.22863247863247863,0.32384823848238486
604,202009060806,39,30,28,143,0,0,0,0,0,0,0,0,3,3,0,11,0,0,0,0,0,0,0,0,2,1,0,1,0,0,0,0,0,0,0,0,0.0,0.0,16.0,14.0,36.7,1.7,0.4375,0.0,0.0,8.0,8.0,39.4,3.1,0.5833333333333334,0.0,0.0,10.0,9.0,36.6,1.6,0.75,-2.5,8.0,-1200.0,0.125,0.2916666666666667,8,16,6.7,3.0,1428,722,1263,0.0,0.0,9.0,11.0,35.9,1.8,0.6666666666666666,0.0,0.0,3.0,15.0,37.7,4.4,0.9411764705882353,0.5,0.0,53.0,-203.0,18.0,16.0,428.0,0.125,0.16666666666666666,0.25,0.08333333333333333,0.0,0.15,0.0,-0.2412999999999954,0.8224000000000018,0.5700000000000003,0.4531999999999954,2.593500000000006,0.16813725490196077,1.214248738932843,0.0,1.0,0.0,0.0,0.08333333333333333,1.0,0.0,-0.16026422764227644,
605,202009060806,1,0,1,4,5,0,0,15,0,0,0,0,0,0,0,3,0,0,0,4,0,0,0,0,0,0,0,0,0,0,0,0,0,0,0,0,0.0,0.0,14.0,16.0,38.5,5.2,0.8823529411764706,,,,,,,,,,,,,,,,,0.0,0.2222222222222222,0.3333333333333333,5,9,128.3,14.0,1310,1445,1618,,,,,,,,,,,,,,,,0.0,55.0,0.0,18.0,17.0,468.0,0.11764705882352941,,,,,,,3.393500000000003,,,,,,,0.0,1.0,0.0,0.0,0.25,1.0,0.0,,
606,202009060806,0,1,0,7,0,0,0,4,0,0,0,0,0,0,0,2,0,0,0,2,0,0,0,0,0,0,0,0,0,0,0,0,0,0,0,0,0.0,0.0,7.0,6.0,38.1,1.2,0.7272727272727273,0.0,0.0,12.0,15.0,39.5,3.6,0.6875,0.0,0.0,10.0,17.0,40.2,5.9,0.29411764705882354,5.5,-9.0,500.0,0.21428571428571427,0.21428571428571427,7,15,61.3,10.0,1687,1039,1345,,,,,,,,,,,,,,,5.5,0.0,51.0,-146.0,18.0,11.0,469.0,0.0,0.0,0.29411764705882354,,,-1.0500000000000007,0.0,,1.6788999999999987,5.093500000000006,,,0.19549221892880217,0.8730533902472534,-3.0,1.0,0.0,0.0,0.4666666666666667,1.0,0.0,,
607,202009060806,39,30,28,143,1,0,0,0,1,0,0,0,3,3,0,11,1,0,0,0,1,0,0,0,2,1,0,1,1,0,0,0,1,0,0,0,0.0,0.0,110.0,13.0,41.2,3.4,0.38461538461538464,0.0,0.0,120.0,14.0,38.7,2.7,0.9333333333333333,0.0,0.0,70.0,6.0,41.1,2.7,0.18181818181818182,-3.5,22.0,-400.0,,,7,13,,,1428,533,1263,0.0,0.0,110.0,14.0,37.2,2.3,0.125,0.0,0.0,130.0,12.0,35.6,1.4,0.07692307692307693,-0.2,0.0,54.0,-706.0,18.0,13.0,454.0,-0.07692307692307693,0.0,0.0,0.25,0.0,1.2700000000000002,0.0,1.5741000000000014,0.12240000000000606,1.5533000000000001,1.7408000000000001,0.1407999999999987,0.3144806387819472,2.184124538573751,0.0,0.0,,,,0.0,,-0.16026422764227644,
608,202009060812,6,16,6,73,5,6,4,36,0,2,0,2,2,3,2,15,0,4,1,4,0,2,0,0,0,0,0,0,0,0,0,0,0,0,0,0,0.0,0.0,15.0,13.0,34.2,1.1,0.7222222222222222,0.0,0.0,12.0,12.0,37.1,1.4,0.7142857142857143,0.0,0.0,12.0,12.0,34.8,1.3,0.4117647058823529,-0.5,-4.0,0.0,0.0,0.10526315789473684,1,1,3.8,1.0,1393,1294,1263,0.0,0.0,7.0,7.0,33.9,0.5,0.25,0.0,0.0,17.0,12.0,34.8,0.7,0.6666666666666666,-0.7,0.0,57.0,-518.0,14.0,18.0,538.0,-0.05555555555555555,0.0,-0.058823529411764705,0.0,0.1111111111111111,0.20000000000000143,0.0,-0.9064999999999941,-0.5642999999999958,-0.27470000000000283,-1.1747000000000014,-0.3064999999999998,0.1893809709582309,1.1253443917308166,3.0,2.0,0.0,0.0,0.4166666666666667,2.0,0.0,0.2561056105610561,0.20588235294117646
609,202009060812,16,11,9,91,1,3,3,15,1,0,0,1,5,0,1,12,1,0,0,4,1,0,0,0,0,0,0,0,0,0,0,0,0,0,0,0,0.0,0.0,20.0,4.0,34.5,0.1,0.125,0.0,0.0,30.0,6.0,35.5,0.4,0.2727272727272727,0.0,0.0,20.0,7.0,35.7,0.5,0.2,1.5,-2.0,0.0,0.0,0.14285714285714285,4,6,4.3,2.0,1716,1599,1167,0.0,0.0,20.0,1.0,34.9,0.0,0.16666666666666666,0.0,0.0,180.0,11.0,34.7,1.0,0.5555555555555556,0.9,0.2,56.0,49.0,14.0,16.0,462.0,0.0,0.18181818181818182,0.0,0.0,0.0,0.019999999999999574,0.0,-0.6064999999999969,-1.7381000000000029,0.5935000000000059,-0.20649999999999835,-0.37469999999999715,0.15360441694963764,0.4630334761116095,2.0,4.0,0.25,0.16666666666666666,0.2222222222222222,3.0,0.3333333333333333,-0.15846456692913385,
610,202009060812,0,0,1,3,2,1,2,15,0,0,0,0,0,0,0,1,2,0,0,3,0,0,0,0,0,0,0,0,0,0,0,0,0,0,0,0,0.0,0.0,40.0,10.0,33.4,0.6,0.7777777777777778,0.0,0.0,50.0,7.0,33.6,0.3,0.875,0.0,0.0,90.0,2.0,35.2,0.2,0.6363636363636364,-4.0,-4.0,200.0,0.13043478260869565,0.2608695652173913,3,3,7.0,5.0,1581,1708,1167,0.0,0.0,80.0,11.0,36.0,1.7,0.5,0.0,0.0,60.0,1.0,35.8,0.0,0.2,-1.4,0.4,57.0,22.0,14.0,18.0,508.0,0.1111111111111111,0.125,0.0,0.07142857142857142,0.0,-0.7199999999999995,0.0,-1.7531000000000034,-1.5064999999999955,-2.0381,0.9253,0.7252999999999972,0.23602062221078143,1.095445115010332,2.0,2.0,0.5,0.2777777777777778,0.3333333333333333,1.0,0.0,,
611,202009060812,2,2,4,44,1,4,1,46,0,0,0,2,0,0,0,2,0,0,0,7,0,0,0,1,0,0,0,0,0,0,0,0,0,0,0,0,0.0,0.0,50.0,8.0,41.3,3.3,0.6666666666666666,0.0,0.0,160.0,12.0,33.6,0.7,0.8333333333333334,0.0,0.0,150.0,12.0,35.3,1.0,0.8666666666666667,2.0,-20.0,0.0,0.125,0.3333333333333333,2,2,41.9,11.0,1328,1558,1263,0.0,0.0,170.0,15.0,34.3,0.8,0.8333333333333334,0.0,0.0,150.0,16.0,36.8,1.9,0.05555555555555555,1.9,0.0,57.0,-1010.0,14.0,9.0,488.0,0.3333333333333333,-0.05555555555555555,0.0,-0.1111111111111111,0.0,0.8300000000000004,0.0,3.6357,-1.5064999999999955,0.19350000000000023,-0.8064999999999998,1.7252999999999972,0.3058765990185593,2.7397810131468527,1.0,3.0,0.0,0.0,0.1111111111111111,3.0,0.0,-0.15384615384615385,0.19230769230769232
612,202009060812,5,7,13,75,0,0,0,2,0,0,0,1,0,0,3,5,0,0,0,0,0,0,0,0,0,0,0,0,0,0,0,0,0,0,0,0,0.0,0.0,9.0,9.0,38.9,1.7,0.5,0.0,0.0,18.0,17.0,34.7,1.7,0.6111111111111112,0.0,0.0,15.0,18.0,34.5,1.3,0.5555555555555556,4.5,-13.0,0.0,0.16666666666666666,0.16666666666666666,8,13,41.4,10.0,1691,1084,1167,0.0,0.0,13.0,9.0,34.2,0.5,0.625,0.0,0.0,14.0,15.0,36.4,1.1,0.26666666666666666,0.4,0.0,57.0,-696.0,14.0,12.0,493.0,0.0,0.0,-0.05555555555555555,0.0,0.06666666666666667,0.55,0.0,0.7462000000000018,-0.4064999999999941,-0.6064999999999969,-0.8746999999999971,1.2935000000000016,0.13024667953872834,1.755676507788378,1.0,3.0,0.0,0.0,0.09090909090909091,3.0,0.0,0.13461538461538464,
613,202009060812,0,0,1,0,0,0,1,3,0,0,1,0,0,0,0,0,0,0,0,0,0,0,0,0,0,0,0,0,0,0,0,0,0,0,0,0,0.0,0.0,80.0,2.0,35.6,0.2,0.4375,0.0,0.0,80.0,3.0,33.6,0.4,0.625,0.0,0.0,120.0,6.0,34.2,0.6,0.6923076923076923,2.0,-4.0,0.0,0.1111111111111111,0.1111111111111111,8,14,92.6,12.0,1323,1208,848,0.0,0.0,110.0,10.0,34.0,0.5,0.5882352941176471,0.0,0.0,70.0,14.0,34.7,1.1,1.0,3.1,0.4,57.0,-27.0,14.0,16.0,514.0,0.1875,-0.0625,-0.15384615384615385,-0.058823529411764705,0.0,0.13999999999999985,0.0,-0.7616000000000014,-1.5531000000000006,-0.9064999999999941,-1.106499999999997,-1.3947999999999965,0.1855557437842045,0.6881860213634104,2.0,3.0,0.3333333333333333,0.0,0.0,2.0,0.0,,
614,202009060812,0,0,0,4,2,2,2,30,0,0,0,0,0,0,0,1,0,0,1,4,0,0,0,0,0,0,0,0,0,0,0,0,0,0,0,0,0.0,0.0,13.0,7.0,33.9,0.6,0.8461538461538461,0.0,0.0,12.0,15.0,35.4,1.2,0.6470588235294118,0.0,0.0,12.0,9.0,34.8,1.5,0.9285714285714286,1.0,6.0,0.0,0.0,0.0,6,10,94.6,13.0,1348,1366,1221,0.0,0.0,13.0,6.0,34.2,0.6,0.7222222222222222,0.0,0.0,10.0,12.0,33.9,0.7,1.0,0.1,0.0,55.0,0.0,14.0,13.0,468.0,0.07692307692307693,0.058823529411764705,-0.07142857142857142,-0.05555555555555555,0.0,0.11999999999999958,0.0,-1.2064999999999984,0.24689999999999657,-1.1225000000000023,-0.9064999999999941,-1.2531000000000034,0.12957901980528191,0.5817215828899589,0.0,2.0,0.0,,,2.0,0.0,,0.05555555555555555
615,202009060812,6,6,9,87,7,6,6,63,0,1,3,11,2,1,0,9,3,1,0,11,0,0,0,1,0,0,0,0,0,0,0,0,0,0,0,0,0.0,0.0,14.0,11.0,35.5,1.5,0.9285714285714286,0.0,0.0,15.0,13.0,37.4,1.4,0.875,0.0,0.0,11.0,8.0,34.2,0.4,1.0,-1.5,6.0,0.0,0.0,0.0,7,11,41.3,9.0,1506,1405,199,0.0,0.0,8.0,7.0,34.0,0.7,0.7777777777777778,0.0,0.0,13.0,13.0,33.2,1.1,0.9285714285714286,-0.2,0.0,57.0,-545.0,14.0,14.0,484.0,-0.07142857142857142,0.0625,-0.09090909090909091,-0.1111111111111111,0.0,0.7999999999999993,0.0,0.39350000000000307,-0.8795000000000002,-0.9064999999999941,-1.2633999999999972,-1.8746999999999971,0.07372413562289769,1.4691494137765553,0.0,2.0,0.0,0.07692307692307693,0.23076923076923078,2.0,0.0,0.22863247863247863,0.32384823848238486
616,202009060812,2,2,4,44,2,0,0,12,0,0,0,5,0,0,0,2,0,0,0,0,0,0,0,0,0,0,0,0,0,0,0,0,0,0,0,0,0.0,0.0,7.0,10.0,40.3,3.2,1.0,0.0,0.0,13.0,12.0,34.0,1.1,0.6153846153846154,0.0,0.0,11.0,8.0,34.4,0.9,0.875,-1.0,19.0,-200.0,0.0,0.0,4,5,7.2,6.0,1328,1292,1263,0.0,0.0,13.0,11.0,34.1,1.5,0.9375,0.0,0.0,7.0,4.0,33.7,0.5,0.5454545454545454,-1.3,0.0,57.0,-1261.0,14.0,10.0,497.0,-0.1,-0.07692307692307693,-0.125,0.0625,0.18181818181818182,1.3099999999999987,0.0,2.227399999999996,-1.0747,-1.0592000000000041,-1.0064999999999955,-1.3746999999999971,0.18070158748471826,2.5099800796022254,1.0,1.0,0.0,0.06666666666666667,0.26666666666666666,1.0,0.0,-0.15384615384615385,
617,202009060812,0,3,1,12,0,0,0,0,0,0,0,0,0,0,0,1,0,0,0,0,0,0,0,0,0,0,0,0,0,0,0,0,0,0,0,0,0.0,0.0,10.0,16.0,39.1,2.8,0.0625,0.0,0.0,6.0,16.0,35.3,1.1,0.058823529411764705,0.0,0.0,4.0,6.0,35.3,0.8,0.16666666666666666,-5.0,0.0,0.0,0.2,0.3,3,4,22.6,8.0,1453,1274,1428,0.0,0.0,4.0,4.0,34.7,0.3,0.1111111111111111,0.0,0.0,7.0,2.0,34.5,0.4,0.0625,-4.0,0.2,57.0,-140.0,14.0,16.0,452.0,0.0,0.0,0.0,0.0,0.0,0.9799999999999998,0.0,0.8205000000000027,0.19350000000000023,0.19350000000000023,-0.37469999999999715,-0.653100000000002,0.04190706633197158,1.6904437287292355,2.0,2.0,0.0,0.0,0.2,2.0,0.0,,
618,202009060812,1,1,1,45,0,0,0,7,0,0,0,0,1,0,0,8,0,0,0,1,0,0,0,0,0,0,0,0,0,0,0,0,0,0,0,0,0.0,0.0,14.0,14.0,35.4,0.8,0.8,0.0,0.0,16.0,10.0,36.8,1.2,0.125,0.0,0.0,8.0,8.0,35.2,1.3,0.3333333333333333,-3.0,4.0,200.0,,,6,9,6.9,4.0,1317,1448,1186,0.0,0.0,17.0,16.0,34.4,1.6,0.6666666666666666,0.0,0.0,12.0,14.0,35.1,1.1,0.7333333333333333,0.6,0.0,55.0,-692.0,14.0,15.0,434.0,0.0,0.0,0.0,0.1111111111111111,0.0,0.29999999999999927,0.0,0.24689999999999657,1.7252999999999972,-0.16539999999999822,-0.7064999999999984,-0.05310000000000059,0.2590795673576406,0.7858753081755391,0.0,1.0,0.0,0.0,0.5,1.0,0.0,0.10416666666666666,
619,202009060812,0,0,0,11,0,0,0,1,0,0,0,0,0,0,0,2,0,0,0,1,0,0,0,0,0,0,0,0,0,0,0,0,0,0,0,0,0.0,0.0,16.0,16.0,35.2,1.4,0.1875,0.0,0.0,18.0,16.0,33.5,0.8,1.0,0.0,0.0,16.0,14.0,38.6,2.4,0.9375,-1.0,-14.0,200.0,0.09090909090909091,0.2727272727272727,5,8,17.2,7.0,1321,1417,1263,0.0,0.0,13.0,13.0,35.9,1.7,0.9230769230769231,0.0,0.0,15.0,14.0,34.2,1.3,1.0,-0.7,0.0,57.0,-1273.0,14.0,16.0,476.0,0.125,0.0,0.0625,-0.07692307692307693,0.0,-0.039999999999999855,0.0,0.04690000000000083,-1.653100000000002,0.32050000000000267,-2.3795,-1.0912999999999968,0.3126493725845533,1.7634057956125697,0.0,1.0,0.0,0.125,0.375,0.0,,,
620,202009060812,16,11,9,91,1,0,0,1,1,0,0,0,5,0,1,12,1,0,0,0,1,0,0,0,0,0,0,0,0,0,0,0,0,0,0,0,0.0,0.0,3.0,13.0,34.4,1.1,0.6923076923076923,0.0,0.0,2.0,14.0,35.8,0.9,0.125,0.0,0.0,2.0,4.0,34.7,0.2,0.25,-4.5,2.0,0.0,0.10869565217391304,0.1956521739130435,7,12,6.8,3.0,1716,1487,1167,0.0,0.0,4.0,4.0,34.2,0.2,0.058823529411764705,0.0,0.0,2.0,10.0,35.5,0.8,0.36363636363636365,-1.6,0.0,55.0,0.0,14.0,13.0,464.0,0.07692307692307693,0.0,-0.0625,0.0,0.0,-0.06000000000000085,0.0,-0.7064999999999984,0.6935000000000002,-0.45309999999999917,-0.9064999999999941,0.20870000000000033,0.22325996583541544,0.624179461373088,0.0,4.0,0.0,0.18181818181818182,0.36363636363636365,3.0,0.0,-0.15846456692913385,
621,202009060812,1,1,0,4,1,0,0,1,1,0,0,0,0,0,0,0,0,0,0,0,0,0,0,0,0,0,0,0,0,0,0,0,0,0,0,0,0.0,0.0,160.0,14.0,35.0,1.5,0.5625,0.0,0.0,100.0,9.0,34.1,1.4,0.6875,0.0,0.0,140.0,8.0,34.7,0.6,0.35714285714285715,-3.0,2.0,200.0,,,5,7,,,314,454,324,0.0,0.0,130.0,3.0,34.2,0.3,0.3333333333333333,0.0,0.0,130.0,11.0,35.6,0.7,0.4,-1.2,0.2,55.0,-731.0,14.0,16.0,452.0,0.0,0.0,0.07142857142857142,0.0,0.13333333333333333,-0.13000000000000042,0.0,-0.153100000000002,-1.0531000000000006,-0.45309999999999917,-1.8947999999999965,0.23460000000000036,0.13576367104795464,0.5491812087098388,3.0,0.0,,,,0.0,,0.0,
