tree
version=v4
num_class=1
num_tree_per_iteration=1
label_index=0
max_feature_idx=84
objective=binary sigmoid:1
feature_names=f_course1 f_course2 f_course3 f_courseout mf_course1 mf_course2 mf_course3 mf_courseout f_mf_course1 f_mf_course2 f_mf_course3 f_mf_courseout f_len1 f_len2 f_len3 f_lenout mf_len1 mf_len2 mf_len3 mf_classout f_mf_len1 f_mf_len2 f_mf_len3 f_mf_classout f_class1 f_class2 f_class3 f_classout mf_class1 mf_class2 mf_class3 mf_classout.1 f_mf_class1 f_mf_class2 f_mf_class3 f_mf_classout.1 time_df_course1 time_df_class1 ninki_1 result_1 agari_1 margin_1 corner_ratio_1 time_df_course2 time_df_class2 ninki_2 result_2 agari_2 margin_2 corner_ratio_2 time_df_course3 time_df_class3 ninki_3 result_3 agari_3 margin_3 corner_ratio_3 rank_trend weight_change dist_change jockey_win_rate jockey_place_rate waku umaban current_odds current_popularity father_cat mother_father_cat paternal_gf_cat time_df_course4 time_df_class4 ninki_4 result_4 agari_4 margin_4 corner_ratio_4 time_df_course5 time_df_class5 ninki_5 result_5 agari_5 margin_5 corner_ratio_5 rank_trend_5 win_rate_recent5
feature_infos=[0:20] [0:18] [0:17] [0:151] [0:16] [0:18] [0:20] [0:173] [0:2] [0:3] [0:3] [0:14] [0:14] [0:13] [0:12] [0:90] [0:7] [0:7] [0:9] [0:71] [0:2] [0:3] [0:3] [0:10] [0:5] [0:6] [0:4] [0:39] [0:4] [0:5] [0:4] [0:31] [0:1] [0:2] [0:3] [0:8] [-1:0] [-1:0] [-1:180] [-1:140] [-1:66.799999999999997] [-1:24.399999999999999] [-1:1] [-1:0] [-1:0] [-1:180] [-1:180] [-1:47.299999999999997] [-1:17.300000000000001] [-1:1] [-1:0] [-1:0] [-1:180] [-1:170] [-1:90.799999999999997] [-1:59.399999999999999] [-1:1] [-40:80] [-44:61] [-2190:400] [-1:1] [-1:1] [1:8] [1:15] [-1:707] [-1:15] [15:1736] [1:1736] [1:1721] [-1:0] [-1:0] [-1:180] [-1:180] [-1:48.399999999999999] [-1:19.600000000000001] [-1:1] [-1:0] [-1:0] [-1:180] [-1:180] [-1:47.600000000000001] [-1:14] [-1:1] [-31:60] [-1:1]
tree_sizes=3772 3439 3053 2863 3265 3068 3356 2532 2849 3488 3175 3069 3896 3768 3791 3577 4109 4833 4098 3670 3472 3263 3496 4584 3683 3359 5391 4769 4356 4061 4079 3733 4368 3417 3851 3363 3404 3633 3772 3780 3666 3559 3937 3956 3651 3654 3857 4263 5191 4985 5726 6027 6413 6502 5996 6503 5595 6453 5412 5288 6158 6484 5391 6455 5416 6440 6374 6423 6541 6531 6418 6414 6455 6456 5014 6453 5044 6440 4955 6374 5250 6144 6401 5889 6439 3498 6492 6410 6460 6402 6308 6425 6378 6404 6403 6400 6384 5861 6452 6348 6321 6402 6278 6414 6254

Tree=0
num_leaves=35
num_cat=0
split_feature=65 73 64 64 66 66 52 80 64 68 83 49 64 40 64 15 38 64 73 64 23 64 61 64 67 64 80 80 60 68 68 47 52 58
split_gain=1721.22 199.158 253.869 159.897 2531.59 60.2539 56.2322 206.706 501.859 118.285 107.866 98.8741 517.049 42.8936 107.127 32.519 146.145 181.957 69.2427 160.832 30.0551 60.6846 232.892 22.3888 22.2848 12.9585 129.245 11.9498 114.228 10.5591 31.1958 5.42244 4.47698 2.45453
threshold=13.500000000000002 40.750000000000007 5.1500000000000012 58.650000000000013 1709.5000000000002 143.00000000000003 8.5000000000000018 37.350000000000001 13.050000000000002 1327.5000000000002 -3.2499999999999996 0.45804195804195807 8.1500000000000004 39.350000000000001 3.1500000000000008 1.0000000180025095e-35 35.000000000000007 3.4500000000000006 38.250000000000007 4.7500000000000009 1.5000000000000002 6.7500000000000009 0.028174603174603106 1.0000000180025095e-35 108.50000000000001 10.350000000000003 36.45000000000001 39.750000000000007 0.052911534154535256 1169.5000000000002 1037.5000000000002 37.050000000000004 3.5000000000000004 23.500000000000004
decision_type=2 2 2 2 2 2 2 2 2 2 2 2 2 2 2 2 2 2 2 2 2 2 2 2 2 2 2 2 2 2 2 2 2 2
left_child=1 3 -3 5 -5 -1 7 11 9 13 -11 24 32 31 -15 16 18 -18 25 -20 23 -22 -23 -17 -7 -8 -27 33 -29 30 -26 -9 -13 -25
right_child=-2 2 -4 4 -6 6 15 8 -10 10 -12 12 -14 14 -16 20 17 -19 19 -21 21 22 -24 27 29 26 -28 28 -30 -31 -32 -33 -34 -35
leaf_value=-0.43437814161567284 -0.46234092099181989 -0.27312445245000605 -0.4593627464308867 -0.46271486408661416 -0.26080417464778344 -0.38960371256154519 -0.26437024140010335 -0.30387034219008668 -0.46071582413762407 -0.26929263185114349 -0.45661020221183091 -0.26684253806819236 -0.46030987322083472 -0.27344515823851845 -0.45271520183598135 -0.38960371256154519 -0.27134792285048637 -0.45812712748168405 -0.27225898074177501 -0.45570732600381059 -0.26801812751156789 -0.26415310169413508 -0.45772304300809014 -0.26525832077622913 -0.27158173536820379 -0.45062855764093718 -0.27494955042398284 -0.44885530224742232 -0.27447317274233463 -0.26339336575149808 -0.32561720357128943 -0.26937564133529379 -0.29432589911461748 -0.28476232991362532
leaf_weight=4.3410235941410056 115.03712524473667 40.491725519299507 31.11066909134388 173.88211174309254 1112.3362581431866 1.6881758421659459 593.60272797942162 39.094526723027229 46.54541964828968 12.454393386840822 18.569934263825417 205.06829604506493 40.516220211982727 22.520353138446808 11.817230895161627 1.6881758421659459 26.352474987506866 23.875629767775536 35.698253318667412 16.399422466754913 123.619120657444 44.072717577219009 22.187453925609589 8542.8747628480196 417.87389957904816 9.8878870755434018 184.27597077190876 8.6820471882820112 193.1394102871418 1557.0250889062881 38.163064673542976 240.54531264305115 66.418315783143044 93.005315631628036
leaf_count=18 477 11 129 721 39 7 92 36 193 1 77 39 168 6 49 7 6 99 9 68 27 3 92 1244 119 41 59 36 63 171 51 57 49 50
internal_value=-0.380438 -0.271474 -0.355778 -0.271049 -0.288198 -0.269315 -0.269248 -0.276156 -0.310201 -0.289528 -0.380438 -0.270481 -0.297812 -0.280454 -0.338769 -0.267368 -0.277871 -0.362599 -0.272953 -0.332402 -0.266347 -0.289277 -0.330853 -0.265868 -0.266312 -0.269181 -0.284547 -0.265831 -0.282601 -0.266146 -0.275827 -0.273744 -0.273097 -0.265454
internal_weight=0 13999.8 71.6024 13928.2 1286.22 12642 12637.7 2718.3 391.547 345.002 31.0243 2326.75 312.003 313.977 34.3376 9919.36 890.092 50.2281 839.864 52.0977 9029.27 189.879 66.2602 8839.39 2014.75 787.767 194.164 8837.7 201.821 2013.06 456.037 279.64 271.487 8635.88
internal_count=4314 3837 140 3697 760 2937 2919 1023 419 226 78 604 256 148 55 1896 374 105 269 77 1522 122 95 1400 348 192 100 1393 99 341 170 93 88 1294
is_linear=0
shrinkage=1


Tree=1
num_leaves=32
num_cat=0
split_feature=65 73 64 64 66 66 52 80 64 68 83 49 64 67 47 80 40 64 64 15 38 64 73 11 58 67 80 68 68 52 58
split_gain=1522.63 172.477 227.791 135.929 2241.45 53.5929 47.0842 177.325 448.364 103.545 97.1116 84.0454 459.631 37.9769 87.0478 28.0905 219.283 94.4255 26.7203 20.4655 115.175 156.703 47.8501 21.0489 25.5538 20.145 17.4985 8.1417 26.2802 3.0707 1.40342
threshold=13.500000000000002 40.750000000000007 5.1500000000000012 58.650000000000013 1709.5000000000002 143.00000000000003 8.5000000000000018 37.350000000000001 13.050000000000002 1327.5000000000002 -3.2499999999999996 0.45804195804195807 8.1500000000000004 1365.5000000000002 36.350000000000001 39.95000000000001 35.850000000000001 2.6500000000000008 1.0000000180025095e-35 1.0000000180025095e-35 35.000000000000007 3.4500000000000006 38.250000000000007 1.5000000000000002 -4.4999999999999991 108.50000000000001 38.050000000000004 1169.5000000000002 1037.5000000000002 3.5000000000000004 12.500000000000002
decision_type=2 2 2 2 2 2 2 2 2 2 2 2 2 2 2 2 2 2 2 2 2 2 2 2 2 2 2 2 2 2 2
left_child=1 3 -3 5 -5 -1 7 11 9 13 -11 25 29 26 -15 18 -17 -18 -8 20 22 -22 -20 30 -25 -7 -9 28 -27 -13 -21
right_child=-2 2 -4 4 -6 6 15 8 -10 10 -12 12 -14 14 -16 16 17 -19 19 23 21 -23 -24 24 -26 27 -28 -29 -30 -31 -32
leaf_value=-0.051869630399953473 -0.079234006679978444 0.10022345883220303 -0.076302286951926229 -0.079602418111530127 0.11153544757103911 -0.0087376267722482238 -0.026750404388481502 0.053795125547143982 -0.077633733105336569 0.10376069201731791 -0.073596464785758625 0.10599329907794351 -0.077234177656656022 0.10253924188673035 -0.072374831057133535 0.11140806952251751 0.093255647063574934 -0.079085479798863503 0.1044974447110627 0.10794121804508072 0.10186062356274699 -0.074676874918094882 0.049901523526501942 0.029628704434558232 0.096383494627845664 0.10163702103818634 0.10378244673775432 0.10915940349589826 0.051611186331376083 0.080668537219540495 0.10052797810380176
leaf_weight=4.2942313849925986 113.09765490889549 41.201442942023277 30.60679167509079 170.93601784110069 1133.6846296787262 1.685236021876334 2.1812973767518988 30.074972212314606 45.777550786733627 12.679234504699709 18.280491515994072 208.83858805894852 39.851478695869446 17.496039554476742 10.656188443303106 131.80564041435719 10.72006671130657 24.926602527499199 799.21871073544025 8015.1257452666759 26.820813953876495 21.83417946100235 50.575636595487595 20.15038289129734 400.20902945101261 425.28697466850281 260.82017217576504 1586.3727716207504 38.530302911996841 67.380852743983269 596.73184829950333
leaf_count=18 477 11 129 721 39 7 9 38 193 1 77 39 168 4 44 7 3 103 181 1064 6 92 69 34 156 119 62 171 51 49 172
internal_value=0 0.10176 0.0232516 0.102149 0.0863952 0.103736 0.103798 0.0974667 0.066016 0.0851649 0 0.10267 0.0774959 0.0935184 0.0319117 0.105517 0.0818984 -0.0237326 0.105903 0.105944 0.0971327 0.0200878 0.101397 0.106807 0.093482 0.106486 0.0990487 0.106641 0.0977534 0.100276 0.107442
internal_weight=0 14244.8 71.8082 14172.9 1304.62 12868.3 12864 2763.73 395.785 350.007 30.9597 2367.95 316.071 319.047 28.1522 10100.3 167.452 35.6467 9932.85 9930.67 898.449 48.655 849.794 9032.22 420.359 2051.88 290.895 2050.19 463.817 276.219 8611.86
internal_count=4314 3837 140 3697 760 2937 2919 1023 419 226 78 604 256 148 48 1896 113 106 1783 1774 348 98 250 1426 190 348 100 341 170 88 1236
is_linear=0
shrinkage=0.0493048


Tree=2
num_leaves=28
num_cat=0
split_feature=65 73 64 40 64 68 66 11 31 80 64 66 60 19 52 52 64 67 59 59 64 48 64 64 45 78 64
split_gain=1358 151.058 205.544 122.19 1383.07 203.674 110.674 99.8623 169.094 96.359 148.111 82.9155 73.2643 70.5757 154.951 55.5525 476.587 58.7307 42.6313 278.682 19.7383 11.0911 157.258 688.266 12.8149 50.1509 2.93855
threshold=13.500000000000002 40.750000000000007 5.1500000000000012 38.150000000000013 58.650000000000013 302.00000000000006 354.50000000000006 2.5000000000000004 18.500000000000004 39.750000000000007 3.7500000000000004 354.50000000000006 -1.0000000180025095e-35 33.500000000000007 2.5000000000000004 8.5000000000000018 14.850000000000003 569.00000000000011 240.00000000000003 290.00000000000006 1.0000000180025095e-35 1.4500000000000002 19.250000000000004 20.950000000000003 7.5000000000000009 6.5000000000000009 17.850000000000005
decision_type=2 2 2 2 2 2 2 2 2 2 2 2 2 2 2 2 2 2 2 2 2 2 2 2 2 2 2
left_child=1 3 -3 7 5 6 -5 11 -9 12 -11 -1 -7 15 -15 16 -14 -17 20 -20 -13 24 -23 -24 25 -22 -26
right_child=-2 2 -4 4 -6 9 -8 8 -10 10 -12 18 13 14 -16 17 -18 -19 19 -21 21 22 23 -25 26 -27 -28
leaf_value=-0.062728532386426686 -0.076847174541792074 0.0942032210556248 -0.073939073719980528 0.093633770300669494 -0.077559212852613357 -0.066367227545898591 -0.082056627591521991 -0.079389893181984084 0.098776738435588221 0.096763523864891191 -0.075432882267232659 -0.015099671726425574 0.092437071756586969 0.099383941902527514 -0.079664615426760857 0.050588399937349961 -0.078267392374476968 0.099545983080716188 0.10228677856117122 -0.079096021320659515 0.098395539936874235 0.10166592213383352 0.103305608748157 -0.081383405978162709 0.099412910914396566 0.057601379911729166 0.10429923817098276
leaf_weight=6.6624576896429053 110.91623322665691 41.662458211183548 30.042870864272118 13.076760351657866 116.84502729773521 5.8803020417690268 24.627618953585625 20.389596104621887 33.636419743299484 28.576637580990791 20.473425835371017 1.7169055342674244 682.51939249038696 32.280825272202492 17.779181480407715 71.230147242546082 41.398817107081413 3767.5180116444826 114.8509166687727 24.279153168201447 1001.8856193125248 1613.1151591092348 209.01113632321358 63.315598323941231 2048.6317678540945 95.986696988344193 4267.929058611393
leaf_count=28 477 11 129 2 501 24 101 84 7 6 86 7 248 4 73 84 175 663 13 101 212 228 15 265 408 101 261
internal_value=0 0.0957021 0.0220205 0.0960623 0.0894058 0.0935789 -0.0177986 0.0994271 0.0292283 0.0945053 0.0223532 0.0998153 0.0952445 0.095478 0.0333003 0.0961327 0.0825 0.0986704 0.0999434 0.0697291 0.100382 0.100416 0.0957012 0.0599043 0.101598 0.0949441 0.102735
internal_weight=0 14395.3 71.7053 14323.6 4822.21 4705.36 37.7044 9501.41 54.026 4667.66 49.0501 9447.38 4618.61 4612.73 50.06 4562.67 723.918 3838.75 9440.72 139.13 9301.59 9299.88 1885.44 272.327 7414.43 1097.87 6316.56
internal_count=4314 3837 140 3697 1967 1466 103 1730 91 1363 92 1639 1271 1247 77 1170 423 747 1611 114 1497 1490 508 280 982 313 669
is_linear=0
shrinkage=0.0493048


Tree=3
num_leaves=26
num_cat=0
split_feature=65 73 64 40 64 68 66 11 31 80 64 66 60 19 52 41 58 79 59 59 64 66 64 68 78
split_gain=1219.04 133.447 186.341 107.65 1242.41 181.689 100.687 88.6164 152.731 85.1937 134.123 74.7507 66.1868 62.4187 140.044 50.4964 139.985 43.3793 37.1835 251.051 18.1752 10.1128 153.783 766.191 1.28743
threshold=13.500000000000002 40.750000000000007 5.1500000000000012 38.150000000000013 58.650000000000013 302.00000000000006 354.50000000000006 2.5000000000000004 18.500000000000004 39.750000000000007 3.7500000000000004 354.50000000000006 -1.0000000180025095e-35 33.500000000000007 2.5000000000000004 4.8500000000000005 -7.4999999999999991 6.5000000000000009 240.00000000000003 290.00000000000006 1.0000000180025095e-35 1698.5000000000002 39.150000000000013 53.500000000000007 4.5000000000000009
decision_type=2 2 2 2 2 2 2 2 2 2 2 2 2 2 2 2 2 2 2 2 2 2 2 2 2
left_child=1 3 -3 7 5 6 -5 11 -9 12 -11 -1 -7 15 -15 17 -17 -14 20 -20 -13 22 24 -24 -22
right_child=-2 2 -4 4 -6 9 -8 8 -10 10 -12 18 13 14 -16 16 -18 -19 19 -21 21 -23 23 -25 -26
leaf_value=-0.060515535301292445 -0.074700819213585054 0.089019069329290948 -0.071796931660382812 0.088547186918551984 -0.075355677413062178 -0.063719552945928196 -0.079038655766658417 -0.076559455657649642 0.093178847909728676 0.091417680551257874 -0.07299489161051427 -0.014397859716184624 0.081636675734039627 0.093898994518139295 -0.076735750408439385 0.089543310163288259 -0.079868219144962227 0.09435203512513754 0.096648945043625173 -0.076391534439044728 0.090928072083245742 0.09919441683574523 0.10028145722608012 -0.080155666765162628 0.096172632338093741
leaf_weight=6.5691772848367682 108.53758281469345 41.909683972597122 29.430090308189392 13.146072059869764 114.39434194564819 5.8254397660493842 24.316311433911324 20.109123274683952 33.893738716840744 28.753169968724251 20.123911559581757 1.7135635167360295 1027.9824564605951 32.478039681911469 17.554556295275688 41.869134947657585 15.806524157524107 3501.7231935560703 115.53894749283791 23.909609332680702 1190.2501951307058 2069.0012771487236 254.26688468456268 73.027729198336601 5763.9035252481699
leaf_count=28 477 11 129 2 501 24 101 84 7 6 86 7 488 4 73 11 65 606 13 101 311 98 4 309 768
internal_value=0 0.0905142 0.0209322 0.0908504 0.0845982 0.0884938 -0.0168872 0.0940076 0.0276636 0.0893618 0.0211789 0.0943716 0.0900525 0.090273 0.0315346 0.0908863 0.0409401 0.0914945 0.0944921 0.0660768 0.0949023 0.0949356 0.093708 0.0596373 0.0952933
internal_weight=0 14467.5 71.3398 14396.2 4843.97 4729.58 37.4624 9552.18 54.0029 4692.12 48.8771 9498.18 4643.24 4637.41 50.0326 4587.38 57.6757 4529.71 9491.61 139.449 9352.16 9350.45 7281.45 327.295 6954.15
internal_count=4314 3837 140 3697 1967 1466 103 1730 91 1363 92 1639 1271 1247 77 1170 76 1094 1611 114 1497 1490 1392 313 1079
is_linear=0
shrinkage=0.0493048


Tree=4
num_leaves=30
num_cat=0
split_feature=65 55 46 40 64 68 66 80 64 11 31 66 79 64 61 67 40 81 59 59 52 64 67 57 38 3 38 64 56
split_gain=1100.36 119.227 168.872 101.904 1112.18 160.756 91.3008 87.9368 128.555 79.3263 138.578 76.269 60.1122 699.561 155.835 110.735 64.3185 48.2237 35.2144 232.991 32.1259 16.8793 12.8797 9.33035 19.3117 15.4653 8.11094 74.6822 7.5893
threshold=13.500000000000002 4.0500000000000007 1.0000000180025095e-35 38.150000000000013 58.650000000000013 302.00000000000006 354.50000000000006 39.750000000000007 4.1500000000000012 2.5000000000000004 18.500000000000004 354.50000000000006 6.5000000000000009 14.850000000000003 0.10889328063241101 364.00000000000006 38.45000000000001 2.6500000000000008 240.00000000000003 290.00000000000006 8.5000000000000018 1.0000000180025095e-35 1346.5000000000002 -5.7499999999999991 6.5000000000000009 5.5000000000000009 13.500000000000002 34.050000000000004 0.86190476190476206
decision_type=2 2 2 2 2 2 2 2 2 2 2 2 2 2 2 2 2 2 2 2 2 2 2 2 2 2 2 2 2
left_child=1 3 -3 9 5 6 -5 12 -9 11 -11 -1 13 14 -7 -14 17 -17 21 -20 -18 -13 -16 24 -23 -26 27 -25 -28
right_child=-2 2 -4 4 -6 7 -8 8 -10 10 -12 18 15 -15 22 16 20 -19 19 -21 -22 23 -24 26 25 -27 28 -29 -30
leaf_value=-0.060845620607434453 -0.072761343687958238 0.084870656645017972 -0.077526323640426414 0.084107535273977449 -0.073356639069471069 -0.082998475079672882 -0.075905278959868067 0.086777958870899716 -0.071246048642228665 -0.074007263684136196 0.088338743417923846 -0.013728868190492963 -0.077948510368441179 -0.08623580851275911 0.089920654568993424 -0.080933940433287901 0.068398727428182607 0.077644459265992019 0.091803153530740589 -0.074106872709806065 0.090886480916399601 0.08000655234969381 0.070595310578814505 0.089762551979019514 -0.059399097596712407 0.043281519208616274 0.092657137293824993 0.059857174736272459 0.075872659141895921
leaf_weight=7.1653428673744193 106.00085373222828 37.452936679124832 26.116684824228287 13.158859625458716 111.1090646982193 12.570112779736517 23.866238251328468 28.79719565808773 21.529167205095291 19.786132350564003 33.986910983920097 1.7102060765027989 8.8547741621732694 61.361654475331306 804.56838402152061 9.3779469579458237 211.65841276943684 9.1849635392427444 115.63722458481789 24.169221550226212 3323.7608606666327 62.198855504393578 172.64411421120167 3532.4087153077126 4.1384761333465603 13.605294287204741 5384.7468027770519 243.38204371929169 152.05886341631413
leaf_count=31 477 9 112 2 498 51 101 6 94 84 7 7 36 254 165 38 148 2 13 104 478 23 109 616 17 14 536 211 71
internal_value=0 0.0860265 0.0161913 0.0863259 0.0802108 0.0838671 -0.0156557 0.0846838 0.0167051 0.0893798 0.0262825 0.0897223 0.0853982 0.0742744 0.0843535 0.0886444 0.0890952 0 0.0898487 0.062221 0.089576 0.0902464 0.0866363 0.0902786 0.0665385 0.0122703 0.0904688 0.0878684 0.0922191
internal_weight=0 14471 63.5696 14407.4 4812.44 4701.33 37.0251 4664.31 50.3264 9594.99 53.773 9541.22 4613.98 1051.14 989.783 3562.84 3553.98 18.5629 9534.06 139.806 3535.42 9394.25 977.212 9392.54 79.9426 17.7438 9312.6 3775.79 5536.81
internal_count=4314 3837 121 3716 1982 1484 103 1381 100 1734 91 1643 1281 579 325 702 666 40 1612 117 626 1495 274 1488 54 31 1434 827 607
is_linear=0
shrinkage=0.0493048


Tree=5
num_leaves=28
num_cat=0
split_feature=65 73 64 40 64 68 66 11 64 80 64 66 60 19 52 41 58 52 59 59 64 49 52 78 42 68 47
split_gain=997.791 112.541 159.932 87.007 1017.32 146.972 84.2066 71.2213 123.971 67.8112 111.263 61.7553 57.3324 53.2355 124.404 44.2145 121.933 36.6597 28.7972 206.852 15.7443 10.4581 55.5902 172.046 43.3316 4.08548 24.1727
threshold=13.500000000000002 40.750000000000007 5.1500000000000012 38.150000000000013 58.650000000000013 302.00000000000006 354.50000000000006 2.5000000000000004 4.0500000000000007 39.750000000000007 3.7500000000000004 354.50000000000006 -1.0000000180025095e-35 33.500000000000007 2.5000000000000004 4.8500000000000005 -7.4999999999999991 8.5000000000000018 240.00000000000003 290.00000000000006 1.0000000180025095e-35 0.5590277777777779 8.5000000000000018 6.5000000000000009 0.064583333333333312 1280.0000000000002 33.050000000000004
decision_type=2 2 2 2 2 2 2 2 2 2 2 2 2 2 2 2 2 2 2 2 2 2 2 2 2 2 2
left_child=1 3 -3 7 5 6 -5 11 -9 12 -11 -1 -7 15 -15 17 -17 -14 20 -20 -13 25 23 -23 -24 26 -22
right_child=-2 2 -4 4 -6 9 -8 8 -10 10 -12 18 13 14 -16 16 -18 -19 19 -21 21 22 24 -25 -26 -27 -28
leaf_value=-0.05644847735210768 -0.071001034131178614 0.080468657591212148 -0.069723246963191959 0.080191808223449623 -0.071557293051998969 -0.061774050868518067 -0.073900015278955775 0.08269676778307572 -0.07236369624132058 0.082706992479378433 -0.068731923551813123 -0.013091022844695816 0.071578070523595161 0.086001289175458601 -0.075432513677662696 0.080776162361798409 -0.077978333592142332 0.08504775067109549 0.087591258388429488 -0.071726244838745776 0.057925927525984994 0.071417611069471948 0.012857317144965933 -0.081632002886750016 0.085145147584150566 0.089195632106845835 0.085816406517851662
leaf_weight=6.3593788594007483 103.34029161930084 41.8694107234478 28.659917503595352 13.123308420181273 108.99634192883968 5.7617245316505423 23.532889351248741 34.33274918794632 19.035036072134972 28.72791588306427 19.328608602285385 1.7068506777286518 721.17510780692101 32.458229586482048 17.37127298116684 41.852722644805908 15.634155929088591 3798.8144798725843 115.23211953043938 23.035736873745918 107.46665616333485 152.64902767539024 24.430064052343369 19.462276339530945 2473.2302797287703 4127.5603547990322 2415.6534468233585
leaf_count=28 477 11 129 2 501 24 101 9 82 6 86 7 395 4 73 11 65 699 13 101 84 78 43 80 435 339 431
internal_value=0 0.0820948 0.0176711 0.0824028 0.0767436 0.0801966 -0.0153212 0.0852587 0.0250509 0.0809713 0.0192062 0.0855849 0.081585 0.0817908 0.0272163 0.0823575 0.0354188 0.0829267 0.0856937 0.0601384 0.0860592 0.0860907 0.0825296 0.0533758 0.0844881 0.0875011 0.0846786
internal_weight=0 14417.5 70.5293 14346.9 4826.78 4717.78 36.6562 9520.15 53.3678 4681.12 48.0565 9466.79 4633.07 4627.31 49.8295 4577.48 57.4869 4519.99 9460.43 138.268 9322.16 9320.45 2669.77 172.111 2497.66 6650.68 2523.12
internal_count=4314 3837 140 3697 1967 1466 103 1730 91 1363 92 1639 1271 1247 77 1170 76 1094 1611 114 1497 1490 636 158 478 854 515
is_linear=0
shrinkage=0.0493048


Tree=6
num_leaves=31
num_cat=0
split_feature=65 55 46 40 64 68 66 80 64 66 79 64 61 67 40 81 52 59 59 64 23 52 64 40 49 42 71 80 64 78
split_gain=908.376 102.265 146.816 84.1483 918.317 131.083 76.7995 70.9695 107.608 63.6208 53.0324 628.67 140.202 99.9153 58.3403 43.7205 29.1109 28.6676 198.254 19.0745 13.8878 52.8202 115.669 12.8032 10.0025 112.431 81.4735 13.4052 44.4007 3.98061
threshold=13.500000000000002 4.0500000000000007 1.0000000180025095e-35 38.150000000000013 58.650000000000013 302.00000000000006 354.50000000000006 39.750000000000007 4.1500000000000012 354.50000000000006 6.5000000000000009 14.850000000000003 0.10889328063241101 364.00000000000006 38.45000000000001 2.6500000000000008 8.5000000000000018 240.00000000000003 290.00000000000006 1.0000000180025095e-35 1.5000000000000002 3.5000000000000004 3.8500000000000001 42.150000000000013 0.5590277777777779 0.057189542483660101 8.5000000000000018 37.95000000000001 10.65 5.5000000000000009
decision_type=2 2 2 2 2 2 2 2 2 2 2 2 2 2 2 2 2 2 2 2 2 2 2 2 2 2 2 2 2 2
left_child=1 3 -3 9 5 6 -5 10 -9 -1 11 12 -7 -12 15 -15 -16 19 -19 -11 24 -22 -23 -14 27 -26 -27 29 -29 -21
right_child=-2 2 -4 4 -6 7 -8 8 -10 17 13 -13 23 14 16 -17 -18 18 -20 20 21 22 -24 -25 25 26 -28 28 -30 -31
leaf_value=-0.057285813982452402 -0.069396868491453254 0.077454669981757401 -0.075521744746663691 0.07670596380551345 -0.069913251998701936 -0.082129261769857298 -0.071315104711872704 0.079100509761275126 -0.067466188973284644 -0.026672611050958344 -0.077509158644164508 -0.085373222340786384 0.080687085465465727 -0.080676671528922911 0.061702428204438831 0.070350019078948667 0.083163329799366761 0.083894475128590912 -0.070003943749808076 0.080427561978079376 0.082008795802168299 0.081781091035535575 -0.07891192734032039 0.046565433302062795 -0.076983646159567556 0.048101809774456356 0.082277479339048734 0.081769406194528535 0.043206236997865133 0.08589481272157537
leaf_weight=6.9256460368633261 100.58578500151634 37.089294150471687 25.419334575533867 13.046588957309721 105.51581552624702 12.491788953542708 22.979985311627388 28.56213515996933 20.606566429138184 2.1728392839431754 8.8127960562705976 60.837915495038033 924.14375987648964 9.3517751842737198 211.06199219822884 9.0974232703447342 3288.9237607568502 114.39903017878532 23.844133287668228 1327.3621018081903 112.9505857527256 26.865828782320023 17.823951900005341 45.965957701206207 10.355366572737692 202.53452301025391 2385.5919032543898 419.45579755306244 106.71236717700958 4733.6179817020893
leaf_count=31 477 9 112 2 498 51 101 6 94 9 36 254 229 38 148 2 478 13 107 287 23 5 76 45 43 189 392 81 109 369
internal_value=0 0.0786216 0.0132509 0.0788996 0.0732886 0.0765612 -0.014241 0.0772963 0.0151431 0.0817012 0.0779376 0.0674299 0.0770199 0.0810101 0.0814432 0 0.0819053 0.081816 0.0564402 0.0821779 0.0822166 0.0637797 0.0148991 0.0792002 0.0825192 0.0789787 0.0796518 0.0838966 0.074188 0.0847185
internal_weight=0 14314.5 62.5086 14252 4761.4 4655.88 36.0266 4619.86 49.1687 9490.61 4570.69 1043.44 982.602 3527.25 3518.43 18.4492 3499.99 9483.69 138.243 9345.44 9343.27 157.64 44.6898 970.11 9185.63 2598.48 2588.13 6587.15 526.168 6060.98
internal_count=4314 3837 121 3716 1982 1484 103 1381 100 1734 1281 579 325 702 666 40 626 1703 120 1583 1574 104 81 274 1470 624 581 846 190 656
is_linear=0
shrinkage=0.0493048


Tree=7
num_leaves=23
num_cat=0
split_feature=65 73 64 40 65 55 64 40 64 68 66 60 66 7 52 52 59 59 64 23 52 57
split_gain=829.903 97.0936 138.718 74.889 116 61.0219 116.252 54.7074 747.23 105.792 67.587 54.8353 51.8106 43.3771 112.635 36.1427 22.6638 174.219 17.8727 12.5943 48.0184 10.367
threshold=13.500000000000002 40.750000000000007 5.1500000000000012 43.95000000000001 2.5000000000000004 4.0500000000000007 5.1500000000000012 38.150000000000013 58.650000000000013 302.00000000000006 354.50000000000006 -1.0000000180025095e-35 354.50000000000006 74.500000000000014 1.5000000000000002 8.5000000000000018 240.00000000000003 290.00000000000006 1.0000000180025095e-35 1.5000000000000002 3.5000000000000004 -4.7499999999999991
decision_type=2 2 2 2 2 2 2 2 2 2 2 2 2 2 2 2 2 2 2 2 2 2
left_child=1 3 -3 5 -5 7 -7 12 9 10 -9 -11 -1 15 -15 -13 18 -18 -14 21 -21 -20
right_child=-2 2 -4 4 -6 6 -8 8 -10 11 -12 13 16 14 -16 -17 17 -19 19 20 -22 -23
leaf_value=-0.052850339327970688 -0.067929508702922886 0.073692190175872627 -0.067933120623085555 0.067805195853892997 -0.074872522563229571 0.07450386985199306 -0.073612643531264496 0.073576813645713099 -0.068216508701817141 -0.06171052149452938 -0.069087414214497114 0.064564783893218416 -0.025500578005613332 0.081112899732527902 -0.075130955320493992 0.077884194937132334 0.080621746432602864 -0.06778948514269581 0.064370381677837596 0.078679448322000509 0.014174068223815395 0.079670281558735817
leaf_weight=6.1317322999238959 97.763391271233559 41.261893942952156 27.77118818461895 41.282302364706993 20.264174610376358 36.765102162957191 19.1877211779356 12.934990048408507 90.184396222233772 6.0962273776531211 20.367373451590538 718.2728023827076 2.1624804288148871 31.824173390865326 16.652717456221581 3738.930012062192 113.20393115282059 22.226074114441872 197.13376922905445 111.95104528963566 44.219343721866608 8849.4484834820032
leaf_count=28 477 11 129 18 90 9 85 2 438 26 91 418 9 3 71 746 13 102 98 23 81 1346
internal_value=0 0.0755364 0.0149122 0.0758243 0.0187939 0.0760655 0.0214759 0.076275 0.0715815 0.0743833 -0.0099265 0.0750332 0.0785891 0.0752463 0.0248619 0.0757662 0.0786889 0.0553364 0.0790187 0.0790569 0.061218 0.0793509
internal_weight=0 14168.3 69.0331 14099.2 61.5465 14037.7 55.9528 13981.7 4635.26 4545.08 33.3024 4511.78 9346.48 4505.68 48.4769 4457.2 9340.35 135.43 9204.92 9202.75 156.17 9046.58
internal_count=4314 3837 140 3697 108 3589 94 3495 1795 1357 93 1264 1700 1238 74 1164 1672 115 1557 1548 104 1444
is_linear=0
shrinkage=0.0493048


Tree=8
num_leaves=26
num_cat=0
split_feature=65 73 64 40 65 80 72 55 64 38 64 66 61 11 63 38 0 15 64 67 60 61 23 15 82
split_gain=760.223 88.2988 127.616 68.5759 106.362 57.3289 287.692 50.2022 104.832 42.2081 768.763 51.4947 33.9146 31.5029 134.074 70.4738 29.2721 22.4752 144.28 30.9975 16.6119 15.0144 64.3793 8.49191 6.44781
threshold=13.500000000000002 40.750000000000007 5.1500000000000012 43.95000000000001 2.5000000000000004 39.650000000000013 7.5000000000000009 4.0500000000000007 5.1500000000000012 6.5000000000000009 31.350000000000005 318.00000000000006 0.17787193973634649 1.5000000000000002 4.5000000000000009 15.500000000000002 8.5000000000000018 1.0000000180025095e-35 13.050000000000002 80.000000000000014 -1.0000000180025095e-35 0.3504385964912281 1.5000000000000002 6.5000000000000009 0.30384615384615393
decision_type=2 2 2 2 2 2 2 2 2 2 2 2 2 2 2 2 2 2 2 2 2 2 2 2 2
left_child=1 3 -3 5 -5 7 12 9 -9 10 20 -11 16 17 -15 -16 -7 18 -13 -19 -1 23 -23 -22 -14
right_child=-2 2 -4 4 -6 6 -8 8 -10 11 -12 13 24 14 15 -17 -18 19 -20 -21 21 22 -24 -25 -26
leaf_value=-0.029123453549773113 -0.06658260695213436 0.070835050657618304 -0.066308132769441128 0.065032563118363237 -0.072620251207551584 -0.069195414106483985 -0.077517867852643793 0.0727712994785953 -0.071582601602730389 -0.058161213295660819 -0.082673284866610991 0.075633997975760925 0.046355356136913994 -0.082085674611441978 -0.0054987848649112776 0.073089789246431836 0.066676903109405911 -0.056781304762142326 0.02001563594801024 0.076894911043527941 0.075565630881136533 -0.010405288650181534 0.076742833273254318 0.066411864425354808 0.079575712732161713
leaf_weight=2.1433190852403632 94.895763158798218 40.821942523121834 27.06741851568222 40.930289447307587 19.873369753360748 7.6729632765054685 36.609513327479362 36.108566448092461 17.807907089591026 5.9373373389244071 79.177899286150932 808.12895776331425 37.393819019198418 14.889578625559805 27.497230857610703 284.99960951507092 7.6716179847717285 3.1257070004940024 139.32421879470348 9517.1932933330536 1950.935178488493 27.625003576278687 60.846412613987923 612.92083135247231 184.10925227403641
leaf_count=9 477 11 129 18 90 34 165 8 80 27 354 190 32 63 67 81 1 13 223 1512 384 62 11 250 23
internal_value=0 0.0727456 0.0143197 0.0730215 0.0179821 0.0732539 0.0494652 0.0737234 0.0227732 0.0739171 0.0679602 0.075413 0.0696262 0.0754982 0.0586645 0.0657769 0 0.0760126 0.0675875 0.0768378 0.0725011 0.0726305 0.0481325 0.0734267 0.0745368
internal_weight=0 13990.8 67.8894 13922.9 60.8037 13862.1 273.457 13588.7 53.9165 13534.7 2733.65 10801.1 236.848 10795.2 327.386 312.497 15.3446 10467.8 947.453 9520.32 2654.47 2652.33 88.4714 2563.86 221.503
internal_count=4314 3837 140 3697 108 3589 255 3334 88 3246 1070 2176 90 2149 211 148 35 1938 413 1525 716 707 73 634 55
is_linear=0
shrinkage=0.0493048


Tree=9
num_leaves=32
num_cat=0
split_feature=65 73 64 40 64 68 66 11 31 83 80 64 79 64 61 67 66 52 5 60 73 45 64 54 42 64 40 66 64 42 57
split_gain=698.041 80.5205 117.63 67.9228 740.168 110.554 64.3533 61.3582 105.043 88.0637 52.3214 85.3696 48.9563 568.782 129.175 98.8155 45.2638 32.6794 113.783 23.2677 17.2398 126.871 132.851 47.2491 76.3099 14.4521 11.3691 9.68238 176.185 8.39915 8.27097
threshold=13.500000000000002 40.750000000000007 5.1500000000000012 38.150000000000013 58.650000000000013 302.00000000000006 354.50000000000006 2.5000000000000004 18.500000000000004 -3.6499999999999999 39.750000000000007 3.7500000000000004 6.5000000000000009 14.850000000000003 0.10889328063241101 364.00000000000006 354.50000000000006 5.5000000000000009 3.5000000000000004 -1.0000000180025095e-35 38.350000000000001 15.500000000000002 3.6500000000000008 37.650000000000013 0.87083333333333346 1.0000000180025095e-35 42.150000000000013 1575.5000000000002 31.350000000000005 0.85164835164835173 1.0000000180025095e-35
decision_type=2 2 2 2 2 2 2 2 2 2 2 2 2 2 2 2 2 2 2 2 2 2 2 2 2 2 2 2 2 2 2
left_child=1 3 -3 7 5 6 -5 9 -9 -1 12 -12 13 14 -7 -14 -11 18 -17 -19 25 22 -22 24 -23 -18 -16 28 -27 -29 -25
right_child=-2 2 -4 4 -6 10 -8 8 -10 16 11 -13 15 -15 26 17 20 19 -20 -21 21 23 -24 30 -26 27 -28 29 -30 -31 -32
leaf_value=-0.081869799878789049 -0.065342217866293698 0.068233358307223158 -0.064804480057752065 0.067997939318373751 -0.066934425564264211 -0.084141083862448993 -0.069075844486113036 -0.071883917409804404 0.072069651029391529 -0.050402936120463947 0.070329834775768679 -0.065330349653990552 -0.079813420873564453 -0.086348330332976578 0.072280215453425681 -0.08730413661473857 -0.018500308572077094 -0.040865661697056105 0.071417712099207803 0.073772333858897032 0.067454460095088556 -0.089734336261069914 -0.091391414461793469 0.078085294826795812 0.066071990011565163 0.074422430851697419 0.039658261267832395 0.077320557790219138 0.027603974162556815 0.058508397370660777 0.05359383737288087
leaf_weight=8.089891850948332 92.002546772360802 40.303180053830147 26.348738774657249 12.616277396678923 99.640356957912445 12.497032746672629 22.405819743871689 19.192859798669815 32.695038706064224 5.9458718299865714 27.594260886311531 18.464281216263771 9.5198433101177198 60.509559109807014 893.20272772014141 13.777971580624579 1.9205864667892445 2.8927358388900748 46.397080600261688 3361.71265822649 25.697410345077515 11.321631744503973 25.056660771369934 431.37129472196102 22.252348899841309 4410.143994435668 44.780942961573601 3695.2591397315264 213.50332209467888 115.68758361041546 76.13439354300499
leaf_count=34 477 11 129 2 501 51 101 84 7 28 6 86 39 253 221 56 8 12 13 582 7 47 105 28 6 693 44 303 272 60 48
internal_value=0 0.0702075 0.0137701 0.0704725 0.0653453 0.0682852 -0.0161315 0.0730667 0.0164154 0.073378 0.0689712 0.0132396 0.0695206 0.0592805 0.0686852 0.0724982 0.0735311 0.0729587 0.0329819 0.0736364 0.0736266 0.0638471 -0.00852616 0.0708658 0.00979423 0.0742977 0.0708568 0.0743336 0.0722876 0.0767826 0.07466
internal_weight=0 13786.9 66.6519 13720.3 4626.01 4526.37 35.0221 9094.27 51.8879 9042.38 4491.35 46.0585 4445.29 1010.99 950.481 3434.3 9034.29 3424.78 60.1751 3364.61 9028.35 591.834 50.7541 541.08 33.574 8436.51 937.984 8434.59 4623.65 3810.95 507.506
internal_count=4314 3837 140 3697 1967 1466 103 1730 91 1639 1363 92 1271 569 316 702 1605 663 69 594 1577 241 112 129 53 1336 265 1328 965 363 76
is_linear=0
shrinkage=0.0493048


Tree=10
num_leaves=29
num_cat=0
split_feature=65 55 46 40 64 68 66 11 31 80 64 66 79 64 61 67 40 81 52 59 59 67 64 66 64 68 78 54
split_gain=642.817 75.3236 111.243 67.0029 676.433 99.6847 59.0847 56.5983 96.7148 55.1155 82.9365 47.8225 47.0746 516.504 117.449 83.4019 54.5062 40.1386 29.1332 22.4131 156.219 13.5152 11.9931 11.3833 137.003 633.578 3.82208 1.32355
threshold=13.500000000000002 4.0500000000000007 1.0000000180025095e-35 38.150000000000013 58.650000000000013 302.00000000000006 354.50000000000006 2.5000000000000004 18.500000000000004 39.750000000000007 4.1500000000000012 354.50000000000006 6.5000000000000009 14.850000000000003 0.10889328063241101 364.00000000000006 38.45000000000001 2.6500000000000008 8.5000000000000018 240.00000000000003 290.00000000000006 1346.5000000000002 1.0000000180025095e-35 1698.5000000000002 39.150000000000013 53.500000000000007 4.5000000000000009 36.45000000000001
decision_type=2 2 2 2 2 2 2 2 2 2 2 2 2 2 2 2 2 2 2 2 2 2 2 2 2 2 2 2
left_child=1 3 -3 7 5 6 -5 11 -9 12 -11 -1 13 14 -7 -14 17 -17 -18 22 -21 -16 -13 24 26 -26 -24 -25
right_child=-2 2 -4 4 -6 9 -8 8 -10 10 -12 19 15 -15 21 16 18 -19 -20 20 -22 -23 23 27 25 -27 -28 -29
leaf_value=-0.052201955013628454 -0.064196414530887647 0.067042139297636319 -0.07045641569142834 0.065648844618388227 -0.065698679032160284 -0.08027255573341377 -0.066973863122776978 -0.069776423816042529 0.069554819406147467 0.067930758261019714 -0.064263588087567131 -0.010298597624187909 -0.075328543561201514 -0.082866692408320439 0.071372102436291995 -0.085965487690225106 0.050731465174344889 0.058935078548316609 0.072241690395497271 0.072891202478748515 -0.06788468399740015 0.052154810888079356 0.067330098280342407 0.076973280821653473 0.076920438364043581 -0.088464161448360376 0.072757910909456325 0.066250242569715359
leaf_weight=6.4584490209817877 89.100715667009354 35.26168318092823 23.617523729801178 12.429309353232382 96.130469128489494 12.35972225666046 21.750171631574631 18.808314442634583 32.219915077090263 27.171952933073044 19.517677873373032 1.6902098059654225 8.7125074565410596 59.537484392523766 761.71676090359688 9.3022933155298233 204.09422363340855 8.6407463550567627 3112.2714915424585 108.07983373105526 22.374128893017769 164.34446339309216 1118.9225844889879 1706.4958698898554 236.75071957707405 73.261013105511665 5430.1755308657885 218.34864628314972
leaf_count=31 477 9 112 2 498 51 101 84 7 6 94 7 36 254 165 38 148 2 478 13 104 109 310 38 4 302 773 61
internal_value=0 0.0679405 0.00976944 0.0681852 0.0630281 0.0658552 -0.0150941 0.0707675 0.0157517 0.0665143 0.0100016 0.0710681 0.0670934 0.0569996 0.0660085 0.0700688 0.0704867 -0.00929001 0.0709559 0.0711716 0.0477824 0.068098 0.0715045 0.0715345 0.0703126 0.0374308 0.0718499 0.0758227
internal_weight=0 13550.4 58.8792 13491.6 4517.98 4421.85 34.1795 8973.59 51.0282 4387.67 46.6896 8922.56 4340.98 997.958 938.421 3343.02 3334.31 17.943 3316.37 8916.1 130.454 926.061 8785.64 8783.95 6859.11 310.012 6549.1 1924.84
internal_count=4314 3837 121 3716 1982 1484 103 1734 91 1381 100 1643 1281 579 325 702 666 40 626 1612 117 274 1495 1488 1389 306 1083 99
is_linear=0
shrinkage=0.0493048


Tree=11
num_leaves=28
num_cat=0
split_feature=65 73 59 40 64 68 64 11 31 60 19 52 52 64 67 81 61 66 79 59 59 66 64 68 64 78 54
split_gain=593.319 70.8557 104.008 59.4747 628.405 93.1772 55.292 52.2181 89.2114 46.2224 44.8333 98.8773 39.7164 342.393 61.8744 139.837 57.3858 38.944 32.9628 18.8003 140.958 12.0647 130.437 591.308 11.5208 3.73668 1.08427
threshold=13.500000000000002 40.750000000000007 1.0000000180025095e-35 38.150000000000013 58.650000000000013 302.00000000000006 2.6500000000000008 2.5000000000000004 18.500000000000004 -1.0000000180025095e-35 33.500000000000007 2.5000000000000004 8.5000000000000018 14.850000000000003 569.00000000000011 0.65000000000000002 0.10889328063241101 354.50000000000006 6.5000000000000009 240.00000000000003 290.00000000000006 1698.5000000000002 39.150000000000013 53.500000000000007 1.0000000180025095e-35 4.5000000000000009 36.45000000000001
decision_type=2 2 2 2 2 2 2 2 2 2 2 2 2 2 2 2 2 2 2 2 2 2 2 2 2 2 2
left_child=1 3 -3 7 5 6 -5 17 -9 -7 12 -12 13 16 15 -14 -11 -1 -16 21 -21 22 24 -24 -19 -26 -23
right_child=-2 2 -4 4 -6 9 -8 8 -10 10 11 -13 14 -15 18 -17 -18 19 -20 20 -22 26 23 -25 25 -27 -28
leaf_value=-0.047374391049247296 -0.063134878935290836 -0.067120346299201605 0.061721611114296367 0.062634243502741369 -0.064514906844410372 -0.060175440916952393 -0.066241505428370526 -0.067840229137292637 0.067251771424620826 -0.073324682370343064 0.069890617770204069 -0.075675268139414428 0.062310834973920134 -0.079076645560449604 0.054089300416057223 -0.093710551352315194 0.064300479603138658 -0.0098189337028989996 0.070385766157284022 0.07072044622837001 -0.065891851954665751 0.074836562341439317 0.074767266689143547 -0.08486525245945499 0.065141349090430858 0.070543180111725334 0.064286021412597386
leaf_weight=5.7058974951505652 86.204883590340614 23.924102663993835 40.367841452360153 12.413633003830908 93.563389122486115 6.1486854106187812 21.166904136538506 18.402441203594208 31.694584637880325 6.5812615454196921 30.457683369517326 17.579592883586884 52.099207252264023 43.447517350316048 415.42080062627792 18.656790047883987 641.01014064252377 1.6871157884597767 3107.2524105459452 105.95891495049 21.262338489294052 1669.5991938561201 231.68682697415352 73.916835442185402 1099.6712134331465 5286.785542562604 214.27646450698376
leaf_count=28 477 120 20 3 501 27 100 84 7 27 4 76 19 190 237 79 228 7 476 13 101 38 4 309 311 768 60
internal_value=0 0.0658856 0.0118341 0.0661389 0.06124 0.06396 -0.0148859 0.0686217 0.0151348 0.064599 0.0648053 0.0140171 0.0653456 0.0536084 0.0675676 0.0193896 0.0627061 0.068915 0.0684998 0.0690057 0.0468999 0.0693188 0.0680658 0.0357447 0.0695924 0.0696329 0.0737037
internal_weight=0 13290.7 64.2919 13226.4 4465.8 4372.23 33.5805 8760.65 50.097 4338.65 4332.51 48.0373 4284.47 691.039 3593.43 70.756 647.591 8710.55 3522.67 8704.84 127.221 8577.62 6693.75 305.604 6388.14 6386.46 1883.88
internal_count=4314 3837 140 3697 1967 1466 103 1730 91 1363 1336 80 1256 445 811 98 255 1639 713 1611 114 1497 1399 313 1086 1079 98
is_linear=0
shrinkage=0.0493048


Tree=12
num_leaves=36
num_cat=0
split_feature=65 55 46 40 64 68 66 80 64 11 31 79 64 61 67 40 66 81 46 59 59 67 45 49 64 38 64 57 15 47 67 38 4 68 41
split_gain=548.596 66.3575 97.4774 60.0738 576.621 84.3676 50.9477 49.8839 73.4954 48.4294 82.4246 42.2205 459.361 104.857 71.9846 50.8843 41.6371 36.5448 27.8483 18.6635 134.481 13.2589 11.2877 99.7799 210.206 27.4549 43.2473 14.4594 59.9352 53.2939 11.2004 10.3901 90.4146 9.16377 7.58585
threshold=13.500000000000002 4.0500000000000007 1.0000000180025095e-35 38.150000000000013 58.650000000000013 302.00000000000006 354.50000000000006 39.750000000000007 4.1500000000000012 2.5000000000000004 18.500000000000004 6.5000000000000009 14.850000000000003 0.10889328063241101 364.00000000000006 38.45000000000001 354.50000000000006 2.6500000000000008 8.5000000000000018 240.00000000000003 290.00000000000006 1346.5000000000002 7.5000000000000009 0.44097222222222227 5.3500000000000005 8.5000000000000018 2.9500000000000006 -4.7499999999999991 1.0000000180025095e-35 35.250000000000007 1450.5000000000002 6.5000000000000009 1.0000000180025095e-35 516.50000000000011 2.0500000000000003
decision_type=2 2 2 2 2 2 2 2 2 2 2 2 2 2 2 2 2 2 2 2 2 2 2 2 2 2 2 2 2 2 2 2 2 2 2
left_child=1 3 -3 9 5 6 -5 11 -9 16 -11 12 13 -7 -13 17 -1 -16 -17 22 -21 -15 23 25 33 30 -27 28 -24 -30 -18 32 -29 -25 -33
right_child=-2 2 -4 4 -6 7 -8 8 -10 10 -12 14 -14 21 15 18 19 -19 -20 20 -22 -23 27 24 -26 26 -28 31 29 -31 -32 34 -34 -35 -36
leaf_value=-0.049391876806735936 -0.062148664512296815 0.062870600595671913 -0.068465942397919394 0.061580438470171764 -0.063471612973041505 -0.07708824194366079 -0.063856029066082912 0.063612406296005217 -0.062933890089121397 -0.066052683317762026 0.065130327266962718 -0.069920510747254611 -0.08032544278236213 0.067284330953285759 -0.084495398553561959 0.044282232169953653 0.069733374449713753 0.054584916540463907 0.067944366911085879 0.068736260256955298 -0.064782762117538237 0.048126299429727931 0.066165380071278035 0.068742617983950455 -0.10676747988791466 0.066802700913410673 -0.012057149164507364 0.065654527844571695 0.049665659761228068 -0.10223676213741591 0.044326503521939495 0.069623381085937339 -0.020041642576767878 0.024984221615806494 0.056109805321600523
leaf_weight=6.210294008255004 83.327581688761711 33.981924891471863 22.637755960226059 12.020777747035025 90.128966927528381 12.16619500517845 20.691061899065971 26.185376867651939 18.964056760072708 17.980079859495163 31.128638252615929 8.5385589450597745 57.94121827185154 736.12604552507401 9.2395840138196945 158.71918529272079 1019.1465871483088 8.339793935418129 3029.3527758866549 103.6999831199646 21.318938598036766 160.08933272957802 76.833713337779045 52.200344204902649 25.562736377120018 36.305967450141907 27.40739606320858 334.54758831858635 10.217914223670961 11.071520328521727 73.578602433204651 6501.4401843100786 30.487264469265938 29.050142288208008 202.21656176447868
leaf_count=31 477 9 112 2 498 51 101 6 94 84 7 36 254 165 38 117 132 2 509 13 104 109 16 8 107 8 57 73 4 47 49 797 74 29 94
internal_value=0 0.0639955 0.008155 0.0642299 0.0592426 0.0618696 -0.0139479 0.062486 0.00769992 0.0667339 0.0145577 0.0630479 0.05331 0.0619735 0.0659362 0.0663376 0.0670187 -0.0114769 0.0668058 0.0671179 0.044962 0.0640029 0.0674315 0.0619526 0.0148293 0.066197 0.0309409 0.0683796 0.0454348 -0.0235365 0.0681378 0.0686803 0.0581555 0.0546441 0.0692346
internal_weight=0 13015.5 56.6197 12958.9 4348.5 4258.37 32.7118 4225.66 45.1494 8610.4 49.1087 4180.51 966.323 908.382 3214.19 3205.65 8561.3 17.5794 3188.07 8555.09 125.019 896.215 8430.07 1263.25 106.813 1156.44 63.7134 7166.81 98.1231 21.2894 1092.73 7068.69 365.035 81.2505 6703.66
internal_count=4314 3837 121 3716 1982 1484 103 1381 100 1734 91 1281 579 325 702 666 1643 40 626 1612 117 274 1495 390 144 246 65 1105 67 51 181 1038 147 37 891
is_linear=0
shrinkage=0.0493048


Tree=13
num_leaves=35
num_cat=0
split_feature=65 73 64 40 64 80 72 38 64 66 16 73 11 38 61 64 61 15 40 64 61 0 49 15 64 79 45 59 67 67 74 82 67 56
split_gain=508.014 64.0203 92.2155 56.3667 82.8813 44.4598 218.921 40.0626 687.629 44.6137 37.8274 139.405 27.851 140.804 48.0233 63.4224 27.2252 26.8069 118.083 104.913 73.3641 22.7796 20.7945 71.5552 88.1267 28.6216 16.136 141.161 22.8679 10.9626 29.8158 6.56115 4.54145 4.43385
threshold=13.500000000000002 40.750000000000007 5.1500000000000012 43.95000000000001 5.5500000000000007 39.650000000000013 7.5000000000000009 7.5000000000000009 31.350000000000005 354.50000000000006 2.5000000000000004 39.650000000000013 1.5000000000000002 15.500000000000002 0.19462481962481962 3.8500000000000001 0.17787193973634649 1.0000000180025095e-35 39.250000000000007 3.6500000000000008 0.11733416770963702 8.5000000000000018 0.57738095238095244 8.5000000000000018 3.3500000000000001 10.500000000000002 5.5000000000000009 -149.99999999999997 80.000000000000014 569.00000000000011 0.45000000000000007 0.30384615384615393 1613.5000000000002 0.19375000000000003
decision_type=2 2 2 2 2 2 2 2 2 2 2 2 2 2 2 2 2 2 2 2 2 2 2 2 2 2 2 2 2 2 2 2 2 2
left_child=1 3 -3 5 -5 7 16 8 10 -9 22 -12 17 -14 15 -15 21 18 20 -20 -11 -7 29 25 -25 -24 27 -19 -28 30 -1 -18 -31 -16
right_child=-2 2 -4 4 -6 6 -8 9 -10 12 11 -13 13 14 33 -17 31 26 19 -21 -22 -23 23 24 -26 -27 28 -29 -30 32 -32 -33 -34 -35
leaf_value=0.059464252209666335 -0.06122995877905571 0.059963037183550602 -0.062280093087953646 0.054061839240271962 -0.072870173747118919 -0.069347168594195499 -0.075170095674333831 -0.058125698691346393 -0.080641972249020671 -0.023442071074123876 -0.098158153796283482 0.069227310592610697 -0.080963246964065844 0.061143211325391508 0.070678953901229843 -0.085483094260812714 0.035477093532914429 0.06477165695013111 0.059984301863684003 -0.084901407168922124 0.063389786482251506 0.05498682299038158 0.038210296617296018 0.064361857181103821 -0.10387626982587989 0.067397051533553964 -0.051380594007343031 -0.095861243282697711 0.066660982444141259 0.06623459248920556 -0.0047601674783457346 0.068842235413327166 0.04636411383657893 0.047237881957552616
leaf_weight=61.141104072332382 80.479485958814621 37.607970893383026 24.413585141301155 37.706268638372421 18.274791315197945 7.0738895237445814 33.387925162911415 6.0805485844612113 84.055062085390091 22.318347319960594 16.635694295167923 41.734205529093742 18.412974908947945 16.455695778131489 172.99493058025837 12.628584235906599 34.488887324929237 112.77105881273746 21.645719215273857 26.499789446592331 709.69283649325371 6.9755129814147949 156.32801876962185 14.062919914722444 15.452530056238173 265.16202422976494 2.7784455567598334 14.479083180427549 8286.30297999084 2124.1594735532999 19.833647564053535 167.58454656600952 71.987061753869057 68.278954967856407
leaf_count=20 477 11 129 18 90 34 165 30 412 58 73 2 85 4 15 56 32 28 6 126 207 1 134 3 66 36 12 63 1369 396 42 23 44 47
internal_value=0 0.0622454 0.00983283 0.0624922 0.0103864 0.0627136 0.0406508 0.0631487 0.0576353 0.0648029 0.061852 0.0193632 0.064895 0.0480903 0.0573486 0 0.0591278 0.065409 0.0556131 -0.017185 0.0605715 0 0.0627152 0.0515942 -0.0195277 0.0568708 0.066302 0.0454964 0.0666062 0.0648624 0.042203 0.0637698 0.0656406 0.0645682
internal_weight=0 12729.4 62.0216 12667.4 55.9811 12611.4 249.511 12361.9 2870.55 9491.34 2786.5 58.3699 9485.26 288.771 270.358 29.0843 216.123 9196.49 780.157 48.1455 732.011 14.0494 2728.13 451.005 29.5154 421.49 8416.33 127.25 8289.08 2277.12 80.9748 202.073 2196.15 241.274
internal_count=4314 3837 140 3697 108 3589 255 3334 1228 2106 816 75 2076 207 122 60 90 1869 397 132 265 35 741 239 69 170 1472 91 1381 502 62 55 440 62
is_linear=0
shrinkage=0.0493048


Tree=14
num_leaves=35
num_cat=0
split_feature=65 40 64 68 64 80 65 11 31 41 58 79 64 61 67 66 52 60 56 83 66 68 67 73 52 64 55 55 41 64 42 64 38 67
split_gain=470.894 61.4836 544.26 84.1782 47.8455 46.367 65.7811 42.5795 72.9509 42.083 94.572 37.3692 411.685 95.0199 63.8525 36.9011 31.0741 98.9932 23.4166 74.4103 22.878 64.3075 19.9137 16.0978 106.772 155.253 24.6632 53.7537 13.0738 12.0536 9.58228 58.6356 8.62556 3.61782
threshold=13.500000000000002 38.150000000000013 58.650000000000013 302.00000000000006 2.6500000000000008 39.750000000000007 1.5000000000000002 2.5000000000000004 18.500000000000004 4.8500000000000005 -7.4999999999999991 6.5000000000000009 14.850000000000003 0.10889328063241101 364.00000000000006 354.50000000000006 8.5000000000000018 0.040899966543994602 0.93933823529411764 -3.6499999999999999 835.00000000000011 1576.5000000000002 665.00000000000011 38.350000000000001 15.500000000000002 4.8500000000000005 0.95000000000000007 0.25000000000000006 0.45000000000000007 1.0000000180025095e-35 0.63068181818181823 29.350000000000005 6.5000000000000009 1361.0000000000002
decision_type=2 2 2 2 2 2 2 2 2 2 2 2 2 2 2 2 2 2 2 2 2 2 2 2 2 2 2 2 2 2 2 2 2 2
left_child=1 7 3 4 -3 9 -7 15 -9 11 -11 12 13 -5 -13 -1 17 -16 19 -17 -20 -22 -18 29 25 -25 27 -26 -15 -21 32 -32 -31 -28
right_child=-2 2 -4 5 -6 6 -8 8 -10 10 -12 14 -14 28 16 18 22 -19 20 23 21 -23 -24 24 26 -27 33 -29 -30 30 31 -33 -34 -35
leaf_value=-0.047423382891927476 -0.060371926064750531 0.057086675436088086 -0.062250192918483521 -0.075929269683740891 -0.064244285106653323 0.059983770451465086 -0.061254709351075153 -0.063674742971829582 0.061851607059609542 0.059076142665135431 -0.080460358798720308 -0.068330109952207202 -0.078602401335784916 0.018994386748658377 -0.09054575471468225 -0.081380907407812259 0.029332673259694929 0.051632269340418153 0.05933797637105797 -0.018296359579538964 -0.10044170277602052 0.059300004209391584 0.065122486001713359 0.057311101704527252 0.052183019233692549 -0.08935942844232285 0.068392127141013989 -0.098515791983904616 0.062095166687770632 0.060426017205046832 0.063502307551415962 0.031794305794365603 0.06722136896115799 0.047687223299739963
leaf_weight=5.9830320179462424 77.669623374938965 11.71876449882984 92.288435414433479 11.678891018033026 21.286570534110069 25.092632502317429 18.807177245616913 17.391819596290588 29.996592745184898 37.069046050310135 16.898532122373581 8.0722924917936307 55.543870747089386 26.084817260503769 12.111254960298536 7.7954402118921271 51.314337357878685 182.03444920480251 24.610159754753113 1.9084747582674015 10.525397717952728 14.222391933202744 2810.3021511137486 43.910336866974831 25.789412662386894 29.154783472418785 398.08048905432224 7.0496038347482672 831.33747930824757 989.59810943901539 1830.2353957444429 171.63017258048058 4550.7429041713476 69.003800749778748
leaf_count=31 477 3 538 49 106 6 98 85 7 11 75 34 248 28 50 34 47 102 6 8 47 2 442 15 10 130 35 31 231 285 360 171 471 41
internal_value=0 0.0605944 0.0554991 0.0581677 -0.0173869 0.0588086 0.00520629 0.0631872 0.013148 0.0593599 0.0130581 0.0599551 0.0505451 0.0589447 0.0627538 0.0634619 0.0631415 0.0421082 0.0635584 0.0637757 0.0252497 -0.00366624 0.0645245 0.0639308 0.0544557 0 0.0625937 0.0159811 0.0609298 0.0646337 0.0646713 0.0608465 0.0660304 0.0656032
internal_weight=0 12439.3 4211.64 4119.35 33.0053 4086.35 43.8998 8227.63 47.3884 4042.45 53.9676 3988.48 924.645 869.101 3063.83 8180.24 3055.76 194.146 8174.26 8124.9 49.3579 24.7478 2861.62 8117.1 572.988 73.0651 499.923 32.839 857.422 7544.12 7542.21 2001.87 5540.34 467.084
internal_count=4314 3837 2068 1530 109 1421 104 1769 92 1317 86 1231 556 308 675 1677 641 152 1646 1591 55 49 489 1557 262 145 117 41 259 1295 1287 531 756 76
is_linear=0
shrinkage=0.0493048


Tree=15
num_leaves=33
num_cat=0
split_feature=65 55 46 40 64 68 64 46 65 73 64 61 11 65 60 66 40 78 67 5 56 66 68 59 59 52 49 64 67 47 64 54
split_gain=437.231 58.3254 81.9507 53.0734 472.705 71.4197 42.8803 41.623 332.827 72.3676 163.82 49.0163 39.1791 69.2714 35.8695 34.6427 26.6972 91.6626 70.6607 21.7498 19.354 19.765 57.3951 16.2851 119.346 12.4169 78.3924 280.162 21.352 13.1516 96.5997 11.248
threshold=13.500000000000002 4.0500000000000007 1.0000000180025095e-35 38.150000000000013 58.650000000000013 302.00000000000006 2.6500000000000008 9.5000000000000018 6.5000000000000009 37.750000000000007 3.7500000000000004 0.082762557077625573 2.5000000000000004 1.5000000000000002 -1.0000000180025095e-35 354.50000000000006 38.45000000000001 2.5000000000000004 334.50000000000006 4.5000000000000009 0.93933823529411764 835.00000000000011 1576.5000000000002 240.00000000000003 290.00000000000006 8.5000000000000018 0.44097222222222227 7.2500000000000009 180.50000000000003 35.550000000000004 31.350000000000005 38.050000000000004
decision_type=2 2 2 2 2 2 2 2 2 2 2 2 2 2 2 2 2 2 2 2 2 2 2 2 2 2 2 2 2 2 2 2
left_child=1 3 -3 12 5 6 -5 8 9 11 -11 -7 15 -14 -9 -1 17 -16 -18 -20 23 -22 -23 25 -25 26 28 -28 -17 -27 -31 -13
right_child=-2 2 -4 4 -6 7 -8 14 -10 10 -12 31 13 -15 16 20 18 -19 19 -21 21 22 -24 24 -26 29 27 -29 -30 30 -32 -33
leaf_value=-0.046118943449793233 -0.059568517677238912 0.057320113428791813 -0.066788041328406295 0.055360778677541453 -0.061357271730904495 -0.072527315032302697 -0.062191263284667439 -0.057950126562999235 -0.090282556324640856 0.05960340920461632 -0.10065602702673811 0.063508267180513417 0.06054487713853509 -0.063766464145185359 0.061895289718162598 -0.069632401272174974 -0.07147686344949826 -0.086122808433997861 0.061940040708149298 0.03093406747908653 0.057711269311273933 -0.0975798368664995 0.057734870731064702 0.064310026216714097 -0.06455864194867153 0.067382341582547606 0.056083740130454758 -0.09824155232042521 0.062107122834930265 0.063603051157612125 0.028524715609872405 0.034343609155395277
leaf_weight=5.8531689643859854 74.905592232942581 31.824835255742073 21.459208101034164 11.494999766349794 82.873010963201523 5.8701103627681723 19.475469976663589 5.1548745930194846 40.381937906146049 46.513780295848846 23.09768483042717 559.36259208619595 29.469455778598785 16.676375269889832 38.266870766878128 2.0806501805782309 8.8874319195747358 13.348330378532408 3083.979482665658 72.611788272857666 24.070771396160126 9.745240718126297 13.896815925836563 96.346469879150391 20.394378826022148 2363.0425442457199 151.68601973354816 34.77948309481144 1459.0960863977671 3574.5927911698818 215.64121048152447 55.031126648187637
leaf_count=31 477 9 112 3 498 25 100 23 182 14 102 119 8 83 9 9 40 56 690 77 6 43 2 12 101 138 55 145 293 583 225 44
internal_value=0 0.0590806 0.00499484 0.0593087 0.054453 0.056894 -0.0145372 0.0574853 0.0460941 0.0542612 0.00461929 0.0596314 0.0617558 0.0129142 0.0600278 0.0620229 0.0602561 0.0211769 0.0608538 0.0612665 0.0621182 0.0259945 -0.00108207 0.06232 0.0407198 0.0626272 0.0579238 0.0266196 0.0618328 0.063866 0.0616404 0.0611004
internal_weight=0 12137 53.284 12083.7 4066.35 3983.48 30.9705 3952.51 730.257 689.875 69.6115 620.264 8017.37 46.1458 3222.25 7971.23 3217.09 51.6152 3165.48 3156.59 7965.37 47.7128 23.6421 7917.66 116.741 7800.92 1647.64 186.466 1461.18 6153.28 3790.23 614.394
internal_count=4314 3837 121 3716 1982 1484 103 1381 486 304 116 188 1734 91 895 1643 872 65 807 767 1612 51 45 1561 113 1448 502 200 302 946 808 163
is_linear=0
shrinkage=0.0493048


Tree=16
num_leaves=38
num_cat=0
split_feature=65 40 64 68 80 65 66 79 64 61 67 11 65 66 52 60 42 56 83 66 68 67 42 73 52 64 55 61 40 41 66 64 66 64 54 82 67
split_gain=406.413 55.6954 468.656 72.0668 42.707 58.687 41.4489 40.1692 381.196 87.1923 62.0691 36.9158 64.5685 32.4423 31.5769 88.2163 53.7367 20.508 68.2128 19.6472 53.4661 18.6604 37.3981 15.5251 99.3269 140.137 24.2603 51.3769 14.7515 82.3329 15.4534 11.5581 10.8772 149.028 10.1834 8.96236 3.98959
threshold=13.500000000000002 38.150000000000013 58.650000000000013 302.00000000000006 39.750000000000007 1.5000000000000002 354.50000000000006 6.5000000000000009 14.850000000000003 0.10889328063241101 364.00000000000006 2.5000000000000004 1.5000000000000002 354.50000000000006 8.5000000000000018 0.040899966543994602 0.32291666666666669 0.93933823529411764 -3.6499999999999999 835.00000000000011 1576.5000000000002 665.00000000000011 0.97222222222222232 38.350000000000001 15.500000000000002 4.8500000000000005 0.95000000000000007 0.27719964490037485 42.150000000000013 2.1500000000000008 1404.5000000000002 1.0000000180025095e-35 1575.5000000000002 31.350000000000005 36.350000000000001 0.57738095238095244 1361.0000000000002
decision_type=2 2 2 2 2 2 2 2 2 2 2 2 2 2 2 2 2 2 2 2 2 2 2 2 2 2 2 2 2 2 2 2 2 2 2 2 2
left_child=1 11 3 6 7 -6 -3 8 9 -5 -9 13 -13 -1 15 -12 -17 18 -15 -19 -21 22 -16 31 25 -25 27 -26 30 -30 -11 -20 33 -33 -34 -23 -28
right_child=-2 2 -4 4 5 -7 -8 10 -10 28 14 12 -14 17 21 16 -18 19 23 20 -22 35 -24 24 26 -27 36 -29 29 -31 -32 32 34 -35 -36 -37 -38
leaf_value=-0.044859099594076628 -0.058814392117794344 0.054749202212985709 -0.060497960142912054 -0.072246363049734572 0.056761323507722665 -0.059908218253235515 -0.060988314557626662 -0.064611819093628245 -0.075792041818500133 0.044449016481742286 -0.086002142963571074 0.058855139279230625 -0.06226909692231028 -0.079272309190447046 -0.022953085824063881 0.061118658295026829 -0.0042014380434078234 0.056176834936727281 -0.019746722840921754 -0.090854446140422235 0.056256875837736017 0.057156167012382034 0.061273567746355687 0.054027095793907576 -0.10130264400710572 -0.087402700646202217 0.0654695870942619 0.04895475386961378 0.064528805578284179 -0.096228817178227635 0.063247453587654906 0.061633823969482936 0.066412468871137886 0.015932722504945915 0.058327727486522887 0.064699720515443038 0.044265509974954001
leaf_weight=5.7250549346208564 72.193711414933205 11.073498278856279 85.956795886158943 12.010386064648626 23.958549067378044 18.305592566728592 20.318739742040634 8.8130674064159376 57.11187270283699 197.86896581947803 12.231922969222067 28.837700545787811 16.391315951943398 7.6476432234048835 19.159977704286575 142.27074740827084 34.5732252150774 23.52372682094574 1.9121173620223988 10.520836114883423 13.567906960844994 1101.9579645842314 30.900379776954651 41.922783210873604 6.8160037994384792 28.550304368138313 377.19862109422684 24.855395659804344 31.154962629079819 9.8606108874082548 584.69122862815857 3746.2532950341702 2377.5045339614153 189.70638610422611 848.88812851905823 1612.4639575779438 66.286982551217079
leaf_count=31 477 2 538 52 6 98 107 39 264 121 51 8 84 34 43 39 67 6 8 47 2 312 4 15 30 130 35 11 4 42 108 673 126 262 226 171 41
internal_value=0 0.0576604 0.052684 0.0551925 0.0557995 0.00328169 -0.0161905 0.056343 0.0465019 0.0550121 0.059266 0.0602003 0.0121978 0.0604637 0.0596785 0.0383295 0.0476471 0.0605575 0.0607686 0.0237089 -0.00287732 0.0610932 0.0265609 0.060924 0.0514059 -0.00152039 0.0595169 0.0126218 0.0570219 0.0228039 0.0586553 0.0616313 0.0616705 0.0594629 0.0643245 0.0616839 0.0625843
internal_weight=0 11830.8 4014.68 3928.73 3897.33 42.2641 31.3922 3855.07 892.698 835.586 2962.37 7816.11 45.229 7770.88 2953.56 189.076 176.844 7765.15 7717.54 47.6125 24.0887 2764.48 50.0604 7709.89 545.63 70.4731 475.157 31.6714 823.576 41.0156 782.56 7164.26 7162.35 3935.96 3226.39 2714.42 443.486
internal_count=4314 3837 2068 1530 1421 104 109 1317 591 327 726 1769 92 1677 687 157 106 1646 1591 55 49 530 47 1557 262 145 117 41 275 46 229 1295 1287 935 352 483 76
is_linear=0
shrinkage=0.0493048


Tree=17
num_leaves=46
num_cat=0
split_feature=65 73 72 58 64 52 49 64 56 64 80 64 63 64 15 64 38 64 23 64 74 42 80 73 67 47 64 61 48 42 72 57 79 72 68 68 64 72 64 73 73 54 54 53 67
split_gain=378.227 53.6473 76.9507 46.9778 174.309 40.4103 164.483 307.888 83.5931 120.95 49.3341 145.245 60.8715 47.0522 38.7787 368.123 56.6624 84.725 31.5005 162.683 23.0689 53.8976 21.0576 17.489 15.7485 14.9581 109.16 515.205 27.5348 148.486 21.1985 29.2653 19.1309 58.7195 14.8747 13.6682 46.7167 10.2097 30.8812 5.84894 16.1114 2.57199 15.1756 2.21359 8.49631
threshold=13.500000000000002 40.750000000000007 8.5000000000000018 24.500000000000004 9.1500000000000004 8.5000000000000018 0.53589743589743599 7.2500000000000009 0.6132478632478634 3.9500000000000006 37.350000000000001 13.050000000000002 10.500000000000002 1.9500000000000002 1.0000000180025095e-35 18.550000000000004 35.000000000000007 3.4500000000000006 1.5000000000000002 6.7500000000000009 0.8500000000000002 0.080128205128205107 37.650000000000013 38.750000000000007 108.50000000000001 36.350000000000001 43.750000000000007 0.49242424242424249 1.4500000000000002 0.93541666666666667 4.5000000000000009 -1.7499999999999998 19.000000000000004 115.00000000000001 302.00000000000006 1169.5000000000002 8.3500000000000032 1.5000000000000002 2.1500000000000008 38.150000000000013 38.45000000000001 36.250000000000007 34.550000000000004 3.5000000000000004 1686.5000000000002
decision_type=2 2 2 2 2 2 2 2 2 2 2 2 2 2 2 2 2 2 2 2 2 2 2 2 2 2 2 2 2 2 2 2 2 2 2 2 2 2 2 2 2 2 2 2 2
left_child=1 3 -3 5 23 6 8 20 10 -10 24 12 22 -14 15 16 39 -18 25 -20 43 -22 -12 37 -1 28 32 -28 30 -30 31 -16 34 -34 -27 36 -26 -5 -39 41 -41 42 -7 44 -8
right_child=-2 2 -4 4 -6 14 7 -9 9 -11 11 -13 13 -15 18 -17 17 -19 19 -21 21 -23 -24 -25 35 26 27 -29 29 -31 -32 -33 33 -35 -36 -37 -38 38 -40 40 -42 -43 -44 -45 -46
leaf_value=-0.047573636938171841 -0.058104791233538296 0.05235579027918328 -0.065383377909204454 0.051900313439298365 -0.081496716818678108 0.058776729345530777 0 -0.08517270156717599 0.059793743149788851 -0.10067381340171312 0 -0.075865103899510747 0.053010449338977764 -0.099018019740387361 0.055746099282183201 -0.083950392390366058 0.053659631519202257 -0.10492944870810104 0.060045749635582825 -0.081231455134256239 0.057725205822925341 -0.097135930609773755 0.058043531196973724 0.065696627484444214 0.059682585572749226 0.026616306956366367 -0.080245723265306143 0.06624978983613522 -0.091558684707016738 0.061317499156128108 0.064567689949060494 0 -0.034801205932884736 0.057416384567240956 0.060592522275319798 0.062799950614503608 0.018323755790303469 0.044745011057324993 -0.094297210413639379 0.058701256083884587 0.0042190034962046926 0.063020086824969956 0 0.059480468759332702 0.05881100140037334
leaf_weight=2.0077984780073157 69.539169654250145 35.672791421413422 21.326579764485359 10.468026638031008 28.09528736770153 44.845793426036835 14.081170320510864 60.023755490779877 25.520355239510536 20.296454638242722 13.586860552430151 24.770350426435471 7.4400534629821804 11.649554759263991 65.221196323633194 48.068487077951431 21.805506631731987 12.973402321338652 105.51079668104649 23.730940997600555 14.940045207738878 8.5640118420124036 225.05396804213524 86.679848983883858 318.87563985586166 44.835664004087448 77.836153581738472 227.69093808531761 17.787815436720848 96.847933351993561 3154.8322320878506 28.911301925778389 20.988125413656235 63.600498139858246 4367.1367694288492 1305.7547223567963 95.903032511472702 8.7828227728605253 6.4916866868734351 42.995159670710564 26.622122570872307 547.47273483872414 17.768366828560829 103.6742587685585 12.859603881835938
leaf_count=9 477 21 119 3 147 10 22 285 5 96 24 122 1 53 16 251 6 57 27 116 2 38 68 7 81 51 409 5 83 17 247 46 53 15 796 187 120 3 29 9 39 89 28 24 1
internal_value=0 0.0563368 0.00611015 0.0565757 0.0265281 0.0569375 0.0506229 0.00880657 0.0549284 -0.00860202 0.0564422 0.0361888 0.0474493 -0.0332748 0.0585027 0.0470511 0.0560421 -0.00197102 0.0595403 0.0331285 0.0462254 0 0.0544315 0.0546467 0.0596908 0.0599429 0.0578279 0.0285168 0.0629249 0.0364914 0.0638189 0.03739 0.0597916 0.0330611 0.0602756 0.0598892 0.0504219 0.0125778 -0.00630381 0.0591934 0.0396644 0.0612157 0.0434283 0.054318 0.0297918
internal_weight=0 11520 56.9994 11463 140.518 11322.5 2265 214.143 2050.86 45.8168 2005.04 282.501 257.73 19.0896 9057.48 762.552 714.483 34.7789 8294.93 129.242 154.119 23.5041 238.641 112.422 1722.54 8165.69 4802.09 305.527 3363.6 114.636 3248.96 94.1325 4496.56 84.5886 4411.97 1720.53 414.779 25.7425 15.2745 679.704 69.6173 610.087 62.6142 130.615 26.9408
internal_count=4314 3837 140 3697 189 3508 1138 372 766 101 665 268 146 54 2370 489 238 63 1881 143 87 40 92 42 397 1738 1329 414 409 100 309 62 915 68 847 388 201 35 32 175 48 127 38 47 23
is_linear=0
shrinkage=0.0493048


Tree=18
num_leaves=38
num_cat=0
split_feature=65 59 40 64 68 19 49 64 60 41 58 52 64 67 66 56 65 19 64 61 42 72 45 49 64 67 66 53 45 68 66 38 3 80 63 39 66
split_gain=352.452 172.985 54.2612 395.22 63.7513 40.6359 78.9539 36.7027 35.9572 35.8445 75.6549 30.7064 235.806 52.4515 23.8912 19.8564 71.563 14.708 65.6684 339.089 37.921 151.312 13.9845 157.804 141.084 20.4465 16.6957 22.437 7.5045 24.1179 25.1288 6.8324 5.65196 5.2275 7.75348 4.31151 3.32497
threshold=13.500000000000002 290.00000000000006 38.150000000000013 58.650000000000013 302.00000000000006 33.500000000000007 0.064583333333333312 2.6500000000000008 -1.0000000180025095e-35 4.8500000000000005 -7.4999999999999991 8.5000000000000018 14.850000000000003 569.00000000000011 354.50000000000006 0.93933823529411764 1.5000000000000002 3.5000000000000004 31.350000000000005 0.028174603174603106 0.87867647058823539 11.500000000000002 12.500000000000002 0.56696428571428581 2.7500000000000004 1375.0000000000002 1658.5000000000002 9.5000000000000018 1.5000000000000002 609.00000000000011 1009.5000000000001 135.00000000000003 1.0000000180025095e-35 38.95000000000001 6.5000000000000009 1.5000000000000002 1603.0000000000002
decision_type=2 2 2 2 2 2 2 2 2 2 2 2 2 2 2 2 2 2 2 2 2 2 2 2 2 2 2 2 2 2 2 2 2 2 2 2 2
left_child=1 2 14 4 7 8 -7 -4 -6 11 -11 12 -10 -13 -1 17 -17 20 22 -20 28 -22 23 25 -25 -19 35 -28 29 -16 -31 32 -23 36 -35 -24 -30
right_child=-2 -3 3 -5 5 6 -8 -9 9 10 -12 13 -14 -15 15 16 -18 18 19 -21 21 31 26 24 -26 -27 27 -29 33 30 -32 -33 -34 34 -36 -37 -38
leaf_value=-0.038860384443997316 -0.057435468620874175 -0.068517477204705302 0.05086854792486397 -0.058829717932113584 -0.058817138828683016 0.057964639814137089 -0.077568430114429487 -0.060087651571990079 0.051724876026882943 0.052742689250320759 -0.077654936130297364 0.010023860227057422 -0.07374653139576165 0.057782057102061531 0.060724105973988397 0.056844031832475841 -0.08762670166200931 0.059728570331062082 0.062153810408098357 -0.088667674599672147 -0.11209250848438634 0.05591321261729286 0.044190930054289257 0.053857353610908515 -0.1191224961279136 0.033053205367771774 -0.020761661508058159 0.046457341510322568 0.059608541403539619 0.052461885846607853 -0.018318409975981501 0.064443324560242501 0.0036924810570611978 0.055041452975848205 0.019283352552076045 0.061436367920113359 0.064426570044240461
leaf_weight=4.6267190128564826 66.946174800395966 26.522326484322548 10.724159315228464 77.811106950044632 5.7921365350484839 26.963338479399681 16.854170307517052 19.077801153063774 558.39492845535278 33.845564514398575 15.527708023786543 63.452894479036331 38.135363668203354 2938.4699072539806 92.503323942422867 35.241008996963501 10.427052438259123 612.60358294844627 155.78199650347233 46.686751142144203 15.20008499920368 11.536556243896486 90.778123006224632 20.393815964460373 24.46229887008667 104.83872491121292 13.110086485743521 48.878454566001892 2047.5313495695591 22.065982654690742 23.868690699338913 64.557771682739258 19.859495460987091 90.122541308403015 32.245994135737419 1760.63839879632 2025.6736890524626
leaf_count=26 477 139 3 528 27 7 77 105 242 11 72 100 185 687 16 8 47 116 19 208 67 1 49 5 109 79 29 23 380 6 49 2 28 26 34 237 90
internal_value=0 0.0551098 0.0554145 0.0503759 0.0526896 0.0532769 0.00297718 -0.0159802 0.0538461 0.0540596 0.00919109 0.0546406 0.0434915 0.0568141 0.0579974 0.0580753 0.0210965 0.0582888 0.0550125 0.0267532 0.0603817 0.0296762 0.057104 0.0503256 -0.0377261 0.0560056 0.0597386 0.0302326 0.0611403 0.0457912 0.0129915 0.0534611 0.0268772 0.0616167 0.0466425 0.0606588 0.0620357
internal_weight=0 11205.2 11178.7 3805.05 3727.24 3697.44 43.8175 29.802 3653.62 3647.83 49.3733 3598.45 596.53 3001.92 7373.63 7369.01 45.6681 7323.34 2878.17 202.469 4445.17 111.154 2675.7 762.298 44.8561 717.442 1913.41 61.9885 4334.01 138.438 45.9347 95.9538 31.3961 4195.57 122.369 1851.42 4073.21
internal_count=4314 3837 3698 2044 1516 1408 84 108 1324 1297 83 1214 427 787 1654 1628 55 1573 874 227 699 98 647 309 114 195 338 52 601 71 55 31 29 530 60 286 470
is_linear=0
shrinkage=0.0493048


Tree=19
num_leaves=34
num_cat=0
split_feature=65 59 40 64 68 80 65 81 64 39 48 64 11 31 66 57 30 52 41 66 65 64 68 64 68 54 78 60 54 82 82 82 79
split_gain=328.578 161.325 52.7859 367.777 59.1061 39.8904 50.7587 36.095 415.661 116.757 57.2976 34.2414 32.2289 54.3116 22.6993 21.0866 15.1013 39.7779 28.494 14.8408 311.797 31.2024 297.196 9.92146 7.16851 49.3087 6.77344 4.86147 3.6774 5.88008 4.08136 15.5207 1.54569
threshold=13.500000000000002 290.00000000000006 38.150000000000013 58.650000000000013 302.00000000000006 39.750000000000007 1.5000000000000002 1.6500000000000001 31.350000000000005 2.5000000000000004 0.35000000000000003 2.6500000000000008 2.5000000000000004 18.500000000000004 354.50000000000006 2.2500000000000004 1.0000000180025095e-35 15.500000000000002 0.35000000000000003 1698.5000000000002 11.500000000000002 39.150000000000013 115.50000000000001 1.0000000180025095e-35 1371.0000000000002 38.750000000000007 5.5000000000000009 0.096269694161260425 36.45000000000001 0.06904761904761901 0.87083333333333346 0.20714285714285713 6.5000000000000009
decision_type=2 2 2 2 2 2 2 2 2 2 2 2 2 2 2 2 2 2 2 2 2 2 2 2 2 2 2 2 2 2 2 2 2
left_child=1 2 12 4 11 7 -7 8 9 10 -6 -4 14 -14 -1 -11 24 18 -18 20 21 23 -23 -16 27 -26 -25 -9 -21 -30 31 -31 -10
right_child=-2 -3 3 -5 5 6 -8 16 32 15 -12 -13 13 -15 19 -17 17 -19 -20 28 -22 22 -24 26 25 -27 -28 -29 29 30 -32 -33 -34
leaf_value=-0.037718738325816757 -0.05680262789780411 -0.067058533717735472 0.049452519636056035 -0.058136970369071894 0.048165591650780916 0.052500108896133768 -0.059119045328118396 0.062128419757078883 -0.070691165505460812 0.0477447793574277 -0.1108205939808964 -0.058932147713010308 -0.060120509372924714 0.055024514829201128 -0.017496818170987399 0.059379340606208503 0.033244444865321909 0.056035615068738734 -0.094909126072279859 0.063638876797062705 -0.0844862190284182 0.063824097097296681 -0.083563310261416501 0.052816362029225336 -0.03168535478601063 0.05668168343861911 0.058768268765771549 0.045134959969431655 0.061547236639678836 0.041417461151085661 0.05267468046140017 -0.017436387751547142 -0.12012950188404474
leaf_weight=4.5350900292396537 64.418039113283157 25.782515823841095 10.494130149483683 74.928559266030788 7.1081275939941433 22.201152205467224 17.735661670565605 1261.5596456453204 23.244458094239235 1140.280149705708 15.929585888981817 18.507765665650368 15.326608791947363 26.613114073872566 1.7276271432638157 817.30138313770294 6.052741363644599 38.23737108707428 8.9534384086728078 1335.1397806107998 37.542299434542656 184.69618639349937 39.895740419626236 1097.6477835178375 16.063379302620888 104.3229403346777 4242.6231755167246 101.3216405659914 97.462250530719757 31.841424435377121 34.631017401814461 12.99609826505184 22.626422464847565
leaf_count=26 477 139 3 528 1 6 98 121 112 576 74 105 82 7 7 151 3 9 40 38 164 2 175 357 42 24 735 49 10 16 8 27 102
internal_value=0 0.0539274 0.0542261 0.0491919 0.0514409 0.0520137 0 0.052564 0.0478947 0.0513346 -0.0563783 -0.0154194 0.0568138 0.00996836 0.0570722 0.0526667 0.0586401 0.0280403 -0.0349926 0.0571502 0.0557501 0.0567187 0.0370804 0.0575209 0.059654 0.0438525 0.0575685 0.0609575 0.0622558 0.0511059 0.0367155 0.0215873 -0.0978571
internal_weight=0 10895.3 10869.5 3706.87 3631.94 3602.94 39.9368 3563 2026.49 1980.62 23.0377 29.0019 7162.68 41.9397 7120.74 1957.58 1536.51 53.2436 15.0062 7116.2 5604.13 5566.59 224.592 5342 1483.27 120.386 5340.27 1362.88 1512.07 176.931 79.4685 44.8375 45.8709
internal_count=4314 3837 3698 2044 1516 1408 104 1304 1016 802 75 108 1654 89 1565 727 288 52 43 1539 1440 1276 177 1099 236 66 1092 170 99 61 51 43 214
is_linear=0
shrinkage=0.0493048


Tree=20
num_leaves=32
num_cat=0
split_feature=65 59 40 64 68 19 52 52 64 67 64 83 64 15 5 66 11 31 61 66 60 66 65 64 68 64 78 54 82 82 82
split_gain=306.572 150.579 51.3523 342.521 54.8428 37.5076 71.4998 34.3498 216.983 50.6986 126.793 50.3454 201.391 33.6555 108.482 32.0276 30.2037 50.5235 24.6815 21.4841 19.4175 15.0391 289.99 28.5784 276.938 9.5819 6.93114 3.82946 5.75585 3.9053 14.4498
threshold=13.500000000000002 290.00000000000006 38.150000000000013 58.650000000000013 302.00000000000006 33.500000000000007 2.5000000000000004 8.5000000000000018 14.850000000000003 569.00000000000011 4.9500000000000011 -0.94999999999999984 3.1500000000000008 1.0000000180025095e-35 1.0000000180025095e-35 354.50000000000006 2.5000000000000004 18.500000000000004 0.15022123893805314 354.50000000000006 -1.0000000180025095e-35 1698.5000000000002 11.500000000000002 39.150000000000013 115.50000000000001 1.0000000180025095e-35 5.5000000000000009 36.45000000000001 0.06904761904761901 0.87083333333333346 0.20714285714285713
decision_type=2 2 2 2 2 2 2 2 2 2 2 2 2 2 2 2 2 2 2 2 2 2 2 2 2 2 2 2 2 2 2
left_child=1 2 16 4 15 7 -7 8 11 10 -9 18 -13 14 -11 -4 19 -18 -6 -1 -15 22 23 25 -25 -21 -27 -23 -29 30 -30
right_child=-2 -3 3 -5 5 6 -8 9 -10 13 -12 12 -14 20 -16 -17 17 -19 -20 21 -22 27 -24 24 -26 26 -28 28 29 -31 -32
leaf_value=-0.036607112256658851 -0.056202825965248011 -0.065691843167130337 0.049174592655899733 -0.057483194831091794 0 0.056841395757827158 -0.073559075540227878 0.058467104200661521 -0.071171733544191165 0.043490383882069085 -0.089992656072189078 0.060331633193206696 -0.11321508411905483 -0.045599446865337394 -0.10282057792903729 -0.057301993193857113 -0.058833963661758013 0.053679914991675189 0.056595676087163461 -0.01668147150869061 0.056381190236804449 0.062644552626648475 -0.081632283853107918 0.062834715410380965 -0.080780600959855328 0.051571001072896208 0.057611668290721514 0.060428333897821651 0.040195248373965695 0.051453351040332745 -0.0164624242936974
leaf_weight=4.4457160979509345 61.957349851727486 25.040575116872787 10.070990115404131 72.115087248384953 19.534272894263268 25.305265232920647 16.976328551769257 42.064982667565346 39.170448139309883 178.9278834015131 20.693037196993828 57.154830902814865 22.507217586040497 3.1742534786462775 12.751247122883795 18.138563610613346 14.900996737182139 25.952211290597916 439.71283210813999 1.7244714945554722 2630.7856373339891 1290.5731932073832 36.954833224415779 178.50979612767696 39.25238510966301 1069.4394710808992 4117.5554069131613 94.448677077889442 31.209021344780922 33.72857628762722 13.085968911647795
leaf_count=26 477 139 2 528 35 4 80 9 200 102 95 14 100 14 59 106 82 7 115 7 581 38 164 2 175 357 735 10 16 8 27
internal_value=0 0.0528085 0.0531014 0.0480701 0.0502579 0.0508171 0.00152916 0.0513824 0.0395608 0.0537048 0.00751329 0.047844 0.00971112 0.0546867 0.0330921 -0.0148731 0.0556954 0.00958502 0.0541867 0.0559499 0.0562105 0.0560277 0.0546062 0.0555609 0.036368 0.0563422 0.0563905 0.0612302 0.049916 0.0355768 0.0206521
internal_weight=0 10585.9 10560.9 3609.08 3536.97 3508.76 42.2816 3466.48 578.08 2888.4 62.758 538.909 79.662 2825.64 191.679 28.2096 6951.78 40.8532 459.247 6910.93 2633.96 6906.48 5443.44 5406.48 217.762 5188.72 5186.99 1463.05 172.472 78.0236 44.295
internal_count=4314 3837 3698 2044 1516 1408 84 1324 464 860 104 264 114 756 161 108 1654 89 150 1565 595 1539 1440 1276 177 1099 1092 99 61 51 43
is_linear=0
shrinkage=0.0493048


Tree=21
num_leaves=30
num_cat=0
split_feature=65 59 40 64 68 41 58 80 65 81 64 39 64 11 65 66 66 65 64 68 52 68 66 64 78 54 82 81 64
split_gain=286.293 140.676 49.638 319.364 50.936 36.4252 68.5159 36.2737 44.6194 34.3016 363.918 105.682 30.0234 28.3293 47.5379 20.3594 15.2685 270.01 26.1022 258.447 11.6283 100.173 14.3628 9.26406 7.11364 3.9951 5.65052 15.3497 13.2755
threshold=13.500000000000002 290.00000000000006 38.150000000000013 58.650000000000013 302.00000000000006 4.8500000000000005 -7.4999999999999991 39.750000000000007 1.5000000000000002 1.6500000000000001 31.350000000000005 2.5000000000000004 2.6500000000000008 2.5000000000000004 1.5000000000000002 354.50000000000006 1698.5000000000002 11.500000000000002 39.150000000000013 115.50000000000001 8.5000000000000018 479.50000000000006 1272.5000000000002 1.0000000180025095e-35 5.5000000000000009 36.45000000000001 0.06904761904761901 1.9500000000000002 3.3500000000000001
decision_type=2 2 2 2 2 2 2 2 2 2 2 2 2 2 2 2 2 2 2 2 2 2 2 2 2 2 2 2 2
left_child=1 2 13 4 12 7 -7 9 -9 10 11 -6 -4 15 -15 -1 17 18 23 -20 21 -11 -22 -17 -25 -18 -27 28 -28
right_child=-2 -3 3 -5 5 6 -8 8 -10 20 -12 -13 -14 14 -16 16 25 -19 19 -21 22 -23 -24 24 -26 26 27 -29 -30
leaf_value=-0.035523547677539555 -0.055632964586183546 -0.064406878609752666 0.047045186498948684 -0.056864784034554375 -0.053760952180401833 0.048514030099494683 -0.076483696902879997 0.049941415394964987 -0.057721283002485226 0.059946465981870971 -0.095698274231484512 0.050804911854432873 -0.056891639327346026 0.052281094297814551 -0.058587289132626161 -0.015905020700882205 0.061720057809344059 -0.079057462336901294 0.061915925364733261 -0.078266236179659221 0.037130343525508203 -0.086896138614195775 0.059936858944339332 0.050374315696917714 0.056513711559440592 0.059376125767288797 0.053257073640667806 0.056199287790763996 -0.0085552436536939936
leaf_weight=4.3586906492710105 59.565997704863548 24.300148762762547 10.019764229655268 69.373920731246471 22.619625464081764 31.377449855208397 15.91706684976816 21.041007295250893 16.745084181427956 66.936056300997734 42.348295204341412 1839.7898885980248 17.38634005188942 25.449254348874092 14.324891291558741 1.7212276756763447 1246.4243030846119 36.294566199183464 172.38050390779972 38.534861169755459 103.07214747369289 12.968150258064268 1240.2229312062263 1041.5669121593237 3993.7015331238508 91.458632990717888 11.382344245910643 40.002034276723862 25.212080985307693
leaf_count=26 477 139 3 528 75 11 75 6 97 10 200 684 105 8 81 7 38 164 2 175 66 58 126 357 735 10 1 7 43
internal_value=0 0.0517539 0.0520415 0.047024 0.0491555 0.049702 0.0037937 0.0503101 0 0.0508561 0.0461728 0.0494672 -0.0143492 0.0546346 0.00921158 0.0548855 0.0549631 0.0535183 0.0544594 0.0357063 0.0570353 0.0345321 0.0582804 0.0552197 0.0552688 0.0602714 0.0487768 0.0344774 0.00730774
internal_weight=0 10276.9 10252.6 3509.82 3440.44 3413.04 47.2945 3365.74 37.7861 3327.96 1904.76 1862.41 27.4061 6742.81 39.7741 6703.04 6698.68 5284.2 5247.91 210.915 1423.2 79.9042 1343.3 5036.99 5035.27 1414.48 168.055 76.5965 36.5944
internal_count=4314 3837 3698 2044 1516 1408 86 1322 103 1219 959 759 108 1654 89 1565 1539 1440 1276 177 260 68 192 1099 1092 99 61 51 44
is_linear=0
shrinkage=0.0493048


Tree=22
num_leaves=32
num_cat=0
split_feature=65 59 40 64 68 46 65 73 64 61 60 66 11 31 79 66 61 67 40 66 56 65 54 66 64 68 64 82 54 63 82
split_gain=267.492 131.497 48.2829 297.848 47.3235 35.4495 265.534 69.7363 133.541 42.5114 28.4814 28.1058 26.6199 44.3757 25.0966 125.045 65.9139 46.1584 27.0185 19.3164 17.7713 61.5868 14.8389 14.6094 96.9755 374.369 8.98162 7.78631 3.87022 10.3172 5.80768
threshold=13.500000000000002 290.00000000000006 38.150000000000013 58.650000000000013 302.00000000000006 9.5000000000000018 6.5000000000000009 37.750000000000007 3.7500000000000004 0.082762557077625573 -1.0000000180025095e-35 354.50000000000006 2.5000000000000004 18.500000000000004 6.5000000000000009 1220.5000000000002 0.12429775280898876 364.00000000000006 38.45000000000001 354.50000000000006 0.93933823529411764 1.5000000000000002 38.050000000000004 1698.5000000000002 39.150000000000013 53.500000000000007 1.0000000180025095e-35 0.93933823529411764 36.45000000000001 7.5000000000000009 0.064583333333333312
decision_type=2 2 2 2 2 2 2 2 2 2 2 2 2 2 2 2 2 2 2 2 2 2 2 2 2 2 2 2 2 2 2
left_child=1 2 12 4 11 6 7 9 -9 -6 -7 -4 19 -14 15 -12 -17 -16 -19 -1 23 -22 -11 24 26 -26 -21 -28 -25 30 -30
right_child=-2 -3 3 -5 5 10 -8 8 -10 22 14 -13 13 -15 17 16 -18 18 -20 20 21 -23 -24 28 25 -27 27 -29 29 -31 -32
leaf_value=-0.034466354426163213 -0.055090240828545446 -0.063194491875928974 0.046840506898412244 -0.056278487932446282 -0.073530277264804142 -0.055532347686192897 -0.088440774174707665 0.050336500604471056 -0.1005884043645088 0.055391804719894272 -0.089376667144209568 -0.055346407574682337 -0.056807586613690481 0.051452949180522005 -0.057684319190011421 -0.074607504696806187 0.048348498328109668 -0.0084148646949281716 0.054637685406652904 -0.015165335296219995 0.052072109209839866 -0.090316328153154823 0.02206198409124743 0.060931343106239523 0.060690076225112757 -0.077111820117228072 0.054545964026985701 0.031559984846787979 0.039602505282774127 0.053033496632133366 -0.0062605443977503793
leaf_weight=4.2740839272737494 57.245301179587841 23.56435389071703 9.6039442270994204 66.707511603832245 5.7242505550384513 4.9131774306297293 37.616695441305637 39.122380927205086 22.280930556356907 494.35083074867725 16.92276968806982 17.031593091785908 14.091795355081556 24.638980492949486 7.895875856280326 10.074539706110953 401.21994107961655 13.197800815105436 2217.7132745534182 1.7179227173328389 31.563012197613716 9.2248626947402936 48.644004628062248 1202.3746230304241 166.77827455103397 66.671147383749485 4789.3699926882982 62.32360278069973 9.6950474381446856 141.90926924347878 11.878948286175726
leaf_count=26 477 139 2 528 25 23 186 14 103 124 81 106 82 7 39 48 184 30 504 7 8 44 47 36 4 306 1030 44 3 35 22
internal_value=0 0.0507412 0.0510237 0.0460058 0.0480825 0.0486169 0.0375248 0.0454994 -0.00242988 0.0510893 0.0512588 -0.0138257 0.0536245 0.00884044 0.0515028 0.0394199 0.0450285 0.0537578 0.0542088 0.0538723 0.0539497 0.016774 0.0526365 0.0541654 0.0527167 0.020797 0.0542262 0.0542765 0.0594682 0.0479366 0.00862497
internal_weight=0 9973.1 9949.53 3413.02 3346.31 3319.68 647.739 610.122 61.4033 548.719 2671.94 26.6355 6536.51 38.7308 2667.02 428.217 411.294 2238.81 2230.91 6497.78 6493.51 40.7879 542.995 6452.72 5086.86 233.449 4853.41 4851.69 1365.86 163.483 21.574
internal_count=4314 3837 3698 2044 1516 1408 499 313 117 196 909 108 1654 89 886 313 232 573 534 1565 1539 52 171 1487 1391 310 1081 1074 96 60 25
is_linear=0
shrinkage=0.0493048


Tree=23
num_leaves=43
num_cat=0
split_feature=65 73 59 38 64 49 65 4 73 63 82 67 64 54 65 60 66 65 80 64 67 80 45 66 66 64 68 83 71 45 16 61 78 61 64 39 39 78 15 41 64 64
split_gain=250.078 45.2626 61.1143 41.7669 259.648 48.6957 197.271 122.094 78.5456 68.2643 114.875 36.487 140.225 30.0243 227.456 47.7243 28.1351 69.3295 27.4745 74.5956 163.594 25.24 43.1332 24.3611 21.6755 115.703 387.163 34.6773 65.4588 13.7946 13.3944 103.89 13.3919 53.1935 11.4947 7.71463 18.2025 17.3567 5.05481 1.9831 0.613846 0.133592
threshold=13.500000000000002 40.750000000000007 1.0000000180025095e-35 10.500000000000002 58.650000000000013 0.65476190476190488 8.5000000000000018 1.5000000000000002 34.350000000000001 9.5000000000000018 0.85164835164835173 1617.0000000000002 4.4500000000000011 38.95000000000001 5.5000000000000009 -1.0000000180025095e-35 1227.5000000000002 2.5000000000000004 38.150000000000013 10.65 1595.0000000000002 38.550000000000004 125.00000000000001 354.50000000000006 1698.5000000000002 37.050000000000004 53.500000000000007 -4.2499999999999991 115.00000000000001 9.5000000000000018 2.5000000000000004 0.29740897922716109 5.5000000000000009 0.074537037037037013 2.0500000000000003 8.5000000000000018 11.500000000000002 3.5000000000000004 1.0000000180025095e-35 1.6500000000000001 45.250000000000007 18.150000000000002
decision_type=2 2 2 2 2 2 2 2 2 2 2 2 2 2 2 2 2 2 2 2 2 2 2 2 2 2 2 2 2 2 2 2 2 2 2 2 2 2 2 2 2 2
left_child=1 3 -3 4 5 11 7 9 -9 16 -11 18 -13 15 35 -5 17 -7 30 21 -21 22 -20 -17 25 27 -27 28 -25 -18 32 -32 33 -1 -34 -15 -37 -38 -29 -23 -16 -26
right_child=-2 2 -4 13 -6 6 -8 8 -10 10 -12 12 -14 14 40 23 29 -19 19 20 -22 39 -24 24 41 26 -28 38 -30 -31 31 -33 34 -35 -36 36 37 -39 -40 -41 -42 -43
leaf_value=-0.10194631170515647 -0.054572099374638597 -0.064730130623965002 0.046850565948583674 -0.076113776464420163 -0.060161647705051828 0.047042455400394256 -0.098396268298180531 0.043353527399494399 -0.11207987276501905 -0.12363919735716772 0.041554354133017668 0.054906883854780222 -0.12614769580840604 0.056809653686753558 -0.11622710025873437 -0.051363567127864274 0.022062681770597871 -0.11099039789365363 -0.11049451314818369 -0.099216299410811989 0.057550298530202451 0.055901409524859863 0.04744988022683061 -0.11612462355298876 0.050443835257810585 0.060124331778579142 -0.077156390506158426 0.046038905994086297 0.04834341126802949 0.057008849290000364 -0.10724125967969564 0.054098185241902089 0 0.047345899603055089 0.055766046691099386 0.046544668912795822 0.011846346987638263 -0.10462001851576751 0.054906992100529614 0.03471132023166229 -0.053020424657009423 0.060466150941377909
leaf_weight=5.2973274365067473 54.996067017316818 19.639364391565323 30.097931623458862 6.0747798457741728 54.477923087775707 27.251454994082451 25.687743656337261 11.466185741126539 20.339025445282459 15.021979279816149 30.947221204638481 41.288038730621338 13.746913745999334 179.02584937214851 17.406072132289413 4.1269912198185912 42.354788884520531 8.8159393817186338 6.434645503759385 28.76313740760088 36.344750627875328 190.40736807882786 11.505181133747101 8.3711536377668399 170.67925874888897 160.59048935770988 71.959019504487514 362.44469688087702 19.556138336658478 423.16033565998077 11.11409232765436 61.22922183573246 8.4724544137716276 689.85591784864664 1897.1672912165523 35.306365758180618 7.679350443184374 4.0785672068595886 3513.5629074499011 49.970950484275818 10.048983097076414 1341.1164934933186
leaf_count=26 477 120 20 30 402 10 126 4 98 76 15 9 68 31 87 25 43 43 30 147 2 45 2 42 57 3 399 172 4 66 58 13 13 289 364 12 8 20 709 38 65 46
internal_value=0 0.0497739 0.000279088 0.0500168 0.0456585 0.0472696 0.0338344 0.0399173 -0.0521523 0.0454953 -0.00977679 0.0498922 0.00737405 0.0527313 0.0346731 0.0535183 0.0508091 0.00490188 0.0506315 0.0357858 -0.00981232 0.0477596 -0.00238542 0.0536801 0.0537792 0.0516877 0.0171051 0.0537157 0 0.0540982 0.0523807 0.0275548 0.0530231 0.0460244 0.05551 0.0513112 0.0277296 -0.0181939 0.0541102 0.0520191 -0.0977103 0.0594181
internal_weight=0 9672.88 49.7373 9623.15 3711.12 3656.64 605.045 579.357 31.8052 547.552 45.9692 3051.6 55.035 5912.03 253.545 5658.48 501.583 36.0674 2996.56 323.426 65.1079 258.318 17.9398 5652.41 5648.28 4136.48 232.55 3903.93 27.9273 465.515 2673.14 72.3433 2600.79 695.153 1905.64 226.09 47.0643 11.7579 3876.01 240.378 27.4551 1511.8
internal_count=4314 3837 140 3697 1987 1585 481 355 102 253 91 1104 77 1710 223 1487 162 53 1027 264 149 115 32 1457 1432 1329 402 927 46 109 763 71 692 315 377 71 40 28 881 83 152 103
is_linear=0
shrinkage=0.0493048


Tree=24
num_leaves=34
num_cat=0
split_feature=65 59 40 64 68 41 58 41 64 52 64 68 64 11 65 80 47 66 56 65 66 64 68 57 54 67 78 82 82 54 41 63 81
split_gain=233.95 119.179 46.1609 258.31 42.9175 34.1801 58.7681 37.0472 211.3 73.5395 146.869 42.222 25.1624 25.0142 40.3689 19.5215 52.0929 17.3556 17.0058 55.8133 15.0282 84.737 328.7 13.337 63.1151 14.7313 8.42997 36.1914 7.94185 4.35995 12.237 7.87107 0.0425213
threshold=13.500000000000002 290.00000000000006 38.150000000000013 58.650000000000013 302.00000000000006 4.8500000000000005 -7.4999999999999991 2.1500000000000008 37.050000000000004 5.5000000000000009 3.7500000000000004 1404.5000000000002 2.6500000000000008 2.5000000000000004 1.5000000000000002 39.150000000000013 40.150000000000013 354.50000000000006 0.93933823529411764 1.5000000000000002 1698.5000000000002 39.150000000000013 53.500000000000007 -2.7499999999999996 36.95000000000001 308.50000000000006 4.5000000000000009 0.29285714285714287 0.93933823529411764 36.45000000000001 0.8500000000000002 10.500000000000002 1.0000000180025095e-35
decision_type=2 2 2 2 2 2 2 2 2 2 2 2 2 2 2 2 2 2 2 2 2 2 2 2 2 2 2 2 2 2 2 2 2
left_child=1 2 13 4 12 7 -7 8 9 10 -6 -11 -4 17 -15 23 -17 -1 20 -20 21 26 -23 24 -9 -25 27 -19 -28 -22 31 -31 -32
right_child=-2 -3 3 -5 5 6 -8 15 -10 11 -12 -13 -14 14 -16 16 -18 18 19 -21 29 22 -24 25 -26 -27 28 -29 -30 30 32 -33 -34
leaf_value=-0.032305173395792197 -0.054076190984896993 -0.062050465961413212 0.043327738788075887 -0.055169479996506593 0.047429371917416592 0.04479093814634845 -0.074042943013672285 0.048571699521216254 -0.09604098225378474 0.049525517024370719 -0.099128433428876353 0.018483609054409298 -0.05492161888799231 0.049087953537967167 -0.056729185933275132 -0.072305312776299299 0.048078115184145585 0.049887150557329847 0.050003928339607033 -0.087585105791693846 0.05939052690295709 0.059128250978462998 -0.073347549239523607 -0.035935894618137801 -0.044139440860143958 0.054835895535523836 0.053826382475146685 0.012483402028792404 0.030119717379569026 -0.019462846290981783 0.059472269229803539 0.032188132154284316 0.038729843316104608
leaf_weight=4.0889337658882132 52.818668380379677 22.480688065290451 9.2897288203239459 61.360831655561924 46.127934575080872 28.960163280367851 15.418146923184393 143.47657117247581 26.396509274840355 1090.7874394729733 25.819749630987644 132.9300227239728 16.120308957993984 23.495071783661842 13.438655689358709 11.098269045352934 34.815274178981781 721.17012141644955 29.832336649298668 9.0277976319193822 1117.631970718503 155.02117475867271 63.854061372578144 2.6801361441612235 18.961420133709908 1556.0255916267633 3704.6126083284616 78.920602351427078 59.081714406609535 9.40840592980385 78.594424441456795 17.170188039541245 49.709487840533257
leaf_count=26 477 139 3 528 19 11 75 59 131 375 127 156 105 8 81 58 14 221 8 44 36 4 306 13 55 315 731 87 42 20 4 10 26
internal_value=0 0.0488525 0.0491325 0.0440835 0.0460514 0.0465791 0.000680091 0.0471982 0.0405185 0.043399 -0.00346015 0.0462557 -0.0141054 0.0517621 0.00720503 0.0521245 0.0162406 0.0520116 0.0520887 0.0147941 0.0523074 0.0508098 0.0199067 0.0530091 0.0369772 0.0545993 0.0522645 0.0463538 0.0534876 0.0578369 0.0458125 0.00923053 0.0524172
internal_weight=0 9377.81 9355.33 3220.27 3158.91 3133.5 44.3783 3089.12 1322.06 1295.67 71.9477 1223.72 25.41 6135.06 36.9337 1767.06 45.9135 6098.12 6094.03 38.8601 6055.17 4782.66 218.875 1721.14 162.438 1558.71 4563.79 800.091 3763.69 1272.51 154.883 26.5786 128.304
internal_count=4314 3837 3698 2044 1516 1408 86 1322 808 677 146 531 108 1654 89 514 72 1565 1539 52 1487 1391 310 442 114 328 1081 308 773 96 60 30 30
is_linear=0
shrinkage=0.0493048


Tree=25
num_leaves=31
num_cat=0
split_feature=65 59 40 64 68 19 49 52 64 83 64 67 64 71 19 15 66 11 31 61 66 65 64 68 66 38 81 78 64 82
split_gain=218.901 111.563 45.2585 241.164 39.8926 34.4588 58.8307 31.657 171.855 47.8063 168.639 47.7323 106.303 45.4787 48.7153 26.1631 23.599 23.5563 37.9194 22.692 16.7614 211.835 18.0333 199.995 14.0377 11.0435 15.9153 9.18408 21.035 7.79356
threshold=13.500000000000002 290.00000000000006 38.150000000000013 58.650000000000013 302.00000000000006 33.500000000000007 0.064583333333333312 8.5000000000000018 14.850000000000003 -0.94999999999999984 3.1500000000000008 569.00000000000011 4.9500000000000011 4.5000000000000009 1.0000000180025095e-35 1.0000000180025095e-35 354.50000000000006 2.5000000000000004 18.500000000000004 0.15022123893805314 1698.5000000000002 11.500000000000002 39.150000000000013 115.50000000000001 354.50000000000006 14.500000000000002 1.0000000180025095e-35 5.5000000000000009 14.350000000000003 0.93933823529411764
decision_type=2 2 2 2 2 2 2 2 2 2 2 2 2 2 2 2 2 2 2 2 2 2 2 2 2 2 2 2 2 2
left_child=1 2 17 4 16 7 -7 8 9 19 -11 12 -9 14 -13 -15 -4 20 -19 -6 21 22 24 -24 -1 26 -22 28 -26 -29
right_child=-2 -3 3 -5 5 6 -8 11 -10 10 -12 13 -14 15 -16 -17 -18 18 -20 -21 25 -23 23 -25 27 -27 -28 29 -30 -31
leaf_value=-0.027082352047257802 -0.053600388931827732 -0.060965533073063925 0.043316247785133953 -0.054664060986013292 0 0.050210072664670938 -0.074001291782724479 0.053100786044058622 -0.068605090784725653 0.054939812849531172 -0.10748041227683267 0.028722092350112586 -0.087993682809237264 0.029727955598431093 -0.1048525122508526 0.051905161605080567 -0.053428444648793601 -0.055178914971419274 0.048502931000799547 0.051415480477854117 0.052244951227223987 -0.072477069900996366 0.058827375989481123 -0.070206802028003418 0.049180022187826244 0.05865922913600935 0.0074943099012075281 0.053008597109263825 0.026802318973785051 0.029299433154940501
leaf_weight=3.4723994657397261 50.713091053068638 21.771025560796261 8.8791663646698016 58.935696981847286 18.103655412793159 22.46311941742897 15.724834039807318 37.031680807471275 35.83984313160181 50.640249893069267 22.293343722820282 23.098260521888733 19.862516887485981 166.45381850749254 9.0805807858705503 2241.2618201076984 15.80038810521364 13.225136578083037 22.711547508835793 383.98856550455093 70.09536349773407 33.466145135462284 148.87960107624531 35.51847168803215 783.79522295296192 1121.3064175248146 36.45831698179245 3464.2130524665117 148.60242256522179 58.083564803004265
leaf_count=22 477 139 2 528 35 7 77 9 200 14 100 20 95 143 42 551 106 82 7 115 14 166 2 177 250 44 41 695 112 42
internal_value=0 0.047951 0.0482264 0.0431577 0.0450763 0.0455926 0 0.0461836 0.0341494 0.0421682 0.00356228 0.0485956 0.00163539 0.0496397 -0.00518236 0.0504241 -0.0135786 0.0508757 0.00687374 0.0488606 0.0511225 0.0495579 0.0504649 0.0332904 0.0511471 0.0569781 0.038107 0.0512362 0.045748 0.0526532
internal_weight=0 9091.06 9069.29 3129.46 3070.52 3045.84 38.188 3007.65 510.866 475.026 72.9336 2496.79 56.8942 2439.89 32.1788 2407.72 24.6796 5939.83 35.9367 402.092 5903.89 4676.03 4642.56 184.398 4458.17 1227.86 106.554 4454.69 932.398 3522.3
internal_count=4314 3837 3698 2044 1516 1408 84 1324 464 264 114 860 104 756 62 694 108 1654 89 150 1565 1466 1300 179 1121 99 55 1099 362 737
is_linear=0
shrinkage=0.0493048


Tree=26
num_leaves=51
num_cat=0
split_feature=65 59 40 64 74 64 46 65 73 64 61 5 63 31 79 64 71 48 41 58 48 67 3 56 65 45 49 64 38 42 67 3 4 47 41 39 66 66 56 54 66 15 42 61 64 64 3 49 3 64
split_gain=204.932 104.493 44.0294 225.353 45.4507 71.989 37.9312 235.018 69.0554 115.135 38.3203 28.3865 92.3998 30.735 70.8099 166.892 33.7434 86.1006 30.7029 36.2514 26.8543 19.5952 23.3298 16.6655 51.2207 16.6619 105.968 145.273 37.5992 53.852 20.204 23.1729 16.3006 16.2021 26.5581 92.8539 24.7833 126.476 21.9084 16.0387 79.2583 10.0953 6.81695 5.56181 23.1945 17.3038 3.01156 2.23661 1.36274 0.0772293
threshold=13.500000000000002 290.00000000000006 38.150000000000013 58.650000000000013 2.8500000000000001 5.5500000000000007 9.5000000000000018 6.5000000000000009 37.750000000000007 3.7500000000000004 0.082762557077625573 4.5000000000000009 11.500000000000002 1.0000000180025095e-35 12.500000000000002 4.9500000000000011 4.5000000000000009 0.8500000000000002 0.35000000000000003 -1.4999999999999998 1.2500000000000002 715.50000000000011 73.500000000000014 0.93933823529411764 1.5000000000000002 7.5000000000000009 0.44097222222222227 5.4500000000000011 8.5000000000000018 0.40588235294117653 1450.5000000000002 3.5000000000000004 1.0000000180025095e-35 35.250000000000007 1.8500000000000003 12.500000000000002 1034.5000000000002 521.50000000000011 0.57738095238095244 38.050000000000004 1127.5000000000002 1.0000000180025095e-35 0.12916666666666668 0.19204425711275028 5.4500000000000011 5.9500000000000011 1.0000000180025095e-35 0.32291666666666669 9.5000000000000018 46.650000000000013
decision_type=2 2 2 2 2 2 2 2 2 2 2 2 2 2 2 2 2 2 2 2 2 2 2 2 2 2 2 2 2 2 2 2 2 2 2 2 2 2 2 2 2 2 2 2 2 2 2 2 2 2
left_child=1 2 4 6 23 -6 7 8 10 -10 -4 13 -13 14 16 -16 17 -8 19 -15 -18 22 -20 25 -25 26 28 32 30 46 48 -32 -28 43 36 49 37 -35 -37 47 -41 -23 -38 -27 -45 -46 -30 -12 -1 -36
right_child=-2 -3 3 -5 5 -7 11 -9 9 -11 39 12 -14 18 15 -17 20 -19 21 -21 -22 41 -24 24 -26 33 27 -29 29 -31 31 -33 -34 34 35 38 42 -39 -40 40 -42 -43 -44 44 45 -47 -48 -49 -50 -51
leaf_value=0.045397798606244717 -0.053142715812789697 -0.059930392574730706 -0.071146299949235492 -0.054180291559846917 0.04619156025907617 -0.093334743502716061 0.04827441563928056 -0.084350594611067711 0.045503301951854022 -0.095009532727826307 0.055235660521535897 -0.09133686467649331 0.048222051323838777 0.030395712236185781 0.045156454610358741 -0.11722135416950463 -0.022413164279772302 -0.1019128258853372 -0.084696769848716991 -0.10606019523083383 0.04819973655249371 0.02979996924425338 0.047020682485410574 0.047986869462039387 -0.086078543036525165 0.05839885290926012 0.047316250564203292 -0.11174095804568229 0.050143189946636607 -0.10911888870620341 0.043640609452788651 -0.020922617208141064 -0.005920714772488545 0.050617891437397623 -0.14012963762023464 0.047929807015623216 0.040545392052106985 -0.13694888776719166 0 0.051150384608471045 -0.11025208360385613 0.054352394965067066 0.052158927873840695 0.056301943993836749 0.050880718767733826 -0.0088921501656691344 0.011106690043709342 0.041097852799507353 0.056449999225943188 -0.03120797821957683
leaf_weight=184.06831976771355 48.678997412323952 21.073197342455387 5.7451438754796973 56.589076362550259 25.455716729164124 13.811733238399027 29.861731469631195 38.541676744818687 35.408278316259384 23.272233821451664 312.27322512120008 15.211459167301653 44.879930704832077 21.425625130534176 45.838826283812523 22.946410551667213 10.930408395826815 13.410435028374193 5.4526229873299581 6.0376315489411345 609.32702764868736 65.614181071519852 7.8154439926147461 28.1034916639328 8.8135076165199262 1283.5618104487658 43.891170978546143 23.968796886503696 15.561857074499128 8.0814001411199552 35.15618771314621 18.95011892914772 14.849585354328154 49.928633712232113 6.4964748919010145 109.95840914547443 236.0055719986558 10.379758588969706 23.893884599208832 36.030292764306068 9.0090976953506452 1494.0423348098993 2873.0985871776938 121.6145940721035 17.637071803212166 28.354868277907372 23.741373971104622 129.19231809675694 540.25600948929787 3.5436439663171768
leaf_count=71 477 139 26 528 8 75 9 208 15 114 60 78 16 16 18 116 30 67 26 30 224 61 1 8 44 52 15 114 3 40 13 41 26 15 34 41 129 54 43 8 41 282 644 19 2 51 28 70 64 20
internal_value=0 0.0470874 0.0473584 0.0422851 0.0500181 0 0.0441578 0.0322611 0.0406494 -0.00812798 0.0467168 0.0470361 0.0107944 0.0479162 0.0388498 -0.00723633 0.0438149 0 0.0519863 0 0.0467537 0.0528887 0 0.0503822 0.0125653 0.0506063 0.0435732 -0.00836134 0.0489254 0.00338568 0.0515375 0.0187324 0.0317467 0.051921 0.0497001 0.0270398 0.0506893 0.0162157 0.038594 0.0483691 0.0160478 0.0533999 0.0513178 0.056905 0.0447131 0.0113487 0.029754 0.0513835 0.0538153 -0.114265
internal_weight=0 8809.11 8788.04 3038.86 5749.18 39.2674 2982.27 589.472 550.931 58.6805 492.25 2392.79 60.0914 2332.7 732.315 68.7852 663.53 43.2722 1600.39 27.4633 620.257 1572.92 13.2681 5709.92 36.917 5673 908.525 82.7096 825.815 47.3846 778.431 54.1063 58.7408 4764.47 3313.3 143.892 3169.41 60.3084 133.852 486.505 45.0394 1559.66 3109.1 1451.17 167.607 45.9919 39.3032 441.466 724.324 10.0401
internal_count=4314 3837 3698 2044 1654 83 1516 542 334 129 205 974 94 880 464 134 330 76 416 46 254 370 27 1571 52 1519 415 155 260 71 189 54 41 1104 980 138 842 69 84 179 49 343 773 124 72 53 31 130 135 54
is_linear=0
shrinkage=0.0493048


Tree=27
num_leaves=45
num_cat=0
split_feature=65 59 40 64 74 66 79 64 61 67 5 64 52 40 67 60 11 31 40 67 65 39 57 19 64 45 49 64 38 64 55 67 61 64 47 41 42 66 81 58 68 61 64 66
split_gain=191.919 97.9079 42.2872 210.77 42.8184 66.7919 37.1318 259.966 74.6235 52.1914 33.5461 98.8514 34.7055 82.6236 67.5108 31.896 22.379 33.9408 21.4338 20.9148 116.032 27.1445 15.9441 43.4348 64.6677 14.9662 87.9557 129.981 29.3716 33.5115 13.679 13.6074 13.074 35.1733 12.999 17.2045 54.9151 14.0056 12.6515 43.9674 11.7998 6.9704 23.591 4.45658
threshold=13.500000000000002 290.00000000000006 38.150000000000013 58.650000000000013 2.8500000000000001 1097.5000000000002 6.5000000000000009 14.850000000000003 0.10889328063241101 364.00000000000006 4.5000000000000009 6.9500000000000011 8.5000000000000018 40.050000000000004 462.00000000000006 0.040899966543994602 2.5000000000000004 18.500000000000004 38.45000000000001 1346.5000000000002 3.5000000000000004 10.500000000000002 -4.7499999999999991 3.5000000000000004 3.6500000000000008 7.5000000000000009 0.44097222222222227 5.3500000000000005 8.5000000000000018 2.9500000000000006 1.0000000180025095e-35 1450.5000000000002 0.074537037037037013 2.3500000000000001 35.250000000000007 1.8500000000000003 0.85164835164835173 1034.5000000000002 0.55000000000000016 -7.4999999999999991 516.50000000000011 0.19204425711275028 5.3500000000000005 1404.5000000000002
decision_type=2 2 2 2 2 2 2 2 2 2 2 2 2 2 2 2 2 2 2 2 2 2 2 2 2 2 2 2 2 2 2 2 2 2 2 2 2 2 2 2 2 2 2 2
left_child=1 2 4 6 16 -6 7 8 -4 -8 12 -12 13 15 -14 -11 22 -18 -16 38 21 -21 23 30 -25 26 28 40 31 -30 -1 -24 -32 -34 41 37 -37 -36 43 -40 -28 -27 -43 -10
right_child=-2 -3 3 -5 5 -7 9 -9 19 10 11 -13 14 -15 18 -17 17 -19 -20 20 -22 -23 25 24 -26 34 27 -29 29 -31 32 -33 33 -35 35 36 -38 -39 39 -41 -42 42 -44 -45
leaf_value=0.054023164176907702 -0.052701363009133806 -0.05893977020713629 -0.07571302806362476 -0.05371614020360338 0.041389886215642178 -0.098285887424715071 -0.057260061117775866 -0.071895299739017191 0.037186581874262908 -0.064207838794997876 0.047413630715237853 -0.097887670242618144 -0.091560936987840208 -0.081633566338490046 0 0.04409667161294533 -0.054251153313577119 0.046426585589471776 0.050897804894061018 -0.0055672830227556768 -0.12457694679437592 0.052547672592415204 0.053052338107407913 0.043226955789969441 -0.1296827783689927 0.057743353839877047 0.049771936049692676 -0.10807066225527967 0.04697420361338385 -0.037430099384391374 0.040859085715687755 0.022119660034018065 0.037442446738657625 -0.12559694226960705 0.02560407753681878 0.042292305872788281 -0.049082145473991964 0.050801936884789851 0.050612810320558199 -0.028141260012986859 0 0.055545271677736409 0.0096867186151647702 0.055821340858142846
leaf_weight=75.937284544110298 46.715769074857235 20.388651326298714 12.139799088239668 54.320768140256405 26.198066659271717 12.12207595258951 10.608704946935175 52.493692241609097 86.342995248734951 6.1187583431601515 43.601622566580772 15.175717838108538 7.531555399298667 15.778290696442125 21.751266494393349 106.3961149007082 12.641489699482916 21.391998499631882 1980.6993776038289 20.5510044246912 11.252731591463087 84.768564090132713 640.25033781677485 10.236741438508036 9.5270192772150022 1235.2714602351189 36.078647062182426 21.987902700901031 24.950292766094208 20.134187072515488 15.076538771390917 51.709904611110687 6.4368419051170331 5.3106334656476974 75.257916897535324 119.87151775509119 17.226927489042282 2952.4243101626635 57.776825189590454 22.317403011023998 20.742925092577934 108.56398497521877 45.944909490644932 339.02599652856588
leaf_count=11 477 139 55 528 16 67 60 291 51 31 15 75 33 76 34 57 81 7 496 37 56 24 121 2 46 51 10 99 8 55 7 46 2 27 68 60 55 716 15 56 27 17 55 54
internal_value=0 0.0462501 0.0465168 0.0414653 0.0491706 0 0.0432952 0.0326552 0.0415088 0.0465478 0.0471065 0.00774899 0.0481301 0.0214969 0.0497677 0.0370844 0.0495313 0.00536372 0.050363 0.0440004 0.0230417 0.0400293 0.0497823 0.0295453 -0.0339222 0.0502206 0.0430637 -0.0050316 0.048375 0.00652446 0.0429686 0.0509216 0.00701516 -0.0258579 0.051475 0.0493762 0.0298947 0.050217 0.0485862 0.0271143 0.0326946 0.0561635 0.0427185 0.0523344
internal_weight=0 8534.33 8513.95 2948.65 5565.29 38.3201 2894.33 686.669 634.175 2207.66 2197.05 58.7773 2138.28 128.293 2009.98 112.515 5526.97 34.0335 2002.45 622.036 116.572 105.32 5492.94 122.525 19.7638 5370.42 815.854 78.8095 737.045 45.0845 102.761 691.96 26.824 11.7475 4554.56 3164.78 137.098 3027.68 505.463 80.0942 56.8216 1389.78 154.509 425.369
internal_count=4314 3837 3698 2044 1654 83 1516 639 348 877 817 90 727 164 563 88 1571 88 530 293 117 61 1483 95 48 1388 366 136 230 63 47 167 36 29 1022 899 115 784 176 71 37 123 72 105
is_linear=0
shrinkage=0.0493048


Tree=28
num_leaves=41
num_cat=0
split_feature=65 59 40 64 75 64 57 64 61 58 74 64 78 61 19 65 11 65 66 65 78 82 64 67 38 81 60 82 64 57 80 7 47 41 47 6 79 3 60 52
split_gain=179.779 91.766 40.6523 197.17 54.4944 247.156 70.5508 374.839 94.6818 43.5526 40.5152 62.219 32.0989 72.5082 23.8622 79.1719 21.0615 32.1072 16.4883 182.161 14.9137 42.644 172.435 16.8886 12.4495 15.719 100.823 11.8431 36.626 11.2647 56.2061 85.5752 10.272 14.2892 9.6055 8.6197 4.5385 3.96154 8.96414 0.315249
threshold=13.500000000000002 290.00000000000006 38.150000000000013 58.650000000000013 0.72474747474747481 37.050000000000004 2.2500000000000004 15.15 0.10063291139240506 4.5000000000000009 2.8500000000000001 5.5500000000000007 6.5000000000000009 0.33166666666666672 1.0000000180025095e-35 1.5000000000000002 2.5000000000000004 1.5000000000000002 1698.5000000000002 11.500000000000002 4.5000000000000009 0.2752525252525253 5.5500000000000007 180.50000000000003 14.500000000000002 1.0000000180025095e-35 0.32795698924731187 0.93933823529411764 3.7500000000000004 -1.0000000180025095e-35 37.150000000000013 60.500000000000007 36.45000000000001 2.8500000000000001 36.95000000000001 1.5000000000000002 6.5000000000000009 3.5000000000000004 0.099549549549549574 8.5000000000000018
decision_type=2 2 2 2 2 2 2 2 2 2 2 2 2 2 2 2 2 2 2 2 2 2 2 2 2 2 2 2 2 2 2 2 2 2 2 2 2 2 2 2
left_child=1 2 10 4 5 6 7 8 -4 -10 16 -12 13 -6 15 -8 18 -18 19 20 21 23 -23 -1 25 -20 -27 34 -29 -14 37 -32 33 -16 -22 -34 -9 38 -31 -38
right_child=-2 -3 3 -5 12 -7 14 36 9 -11 11 -13 29 -15 32 -17 17 -19 24 -21 27 22 -24 -25 -26 26 -28 28 -30 30 31 -33 35 -35 -36 -37 39 -39 -40 -41
leaf_value=-0.072775931464638552 -0.052274649083193216 -0.057988969344476234 -0.088460100043575365 -0.053269731540342556 -0.098105702469063652 -0.09117000151096423 0.056162197617119186 -0.06737435700251182 0.046139509029186163 0.013608394342033333 0.044419620464835267 -0.087806048356749766 0.056647362071313039 0.045018544171607798 -0.015489018468576896 -0.10643142347775426 0.045315447155357493 -0.054264649259172112 0.049614224900892859 -0.07258943245759153 0.052534156117647675 0.042667718249535323 -0.14330794135185737 0.045427995839880442 0.056938483971107283 -0.14396273012451544 0.053810588387182202 0.052919771824037488 -0.02840340035739021 0 -0.11410245001677752 0.044009168795899938 0.054753487335157419 0.0469386831764394 0.045727025861701083 0.034415780671417914 -0.06267588270939134 0.052891920501957755 0.044156373593541208 -0.13536098531961596
leaf_weight=2.1160017400979987 44.822549544274807 19.718572847545147 13.574293278157709 52.130248866975307 11.223655417561529 35.488080307841301 24.794713497161865 23.700614094734192 577.2462727651 135.11295714974403 24.169687628746033 13.389636397361754 756.8809407055378 34.670462347567081 13.087084226310255 10.132283583283423 20.963076055049896 12.117944128811358 63.26032729446888 29.721105478703976 2189.771976403892 60.544165298342705 15.063565887510775 664.77226120233536 1001.5575215816498 8.0982843637466413 26.591603502631187 36.496986776590347 19.12973427772522 12.508719287812708 13.267158672213553 21.149239212274551 677.30364838242531 18.564210906624794 1199.2645529657602 93.738463275134563 7.9395155981183079 281.29705119132996 25.682972684502602 20.739659652113914
leaf_count=11 477 139 64 528 55 191 3 134 241 170 8 75 68 15 31 53 8 80 14 147 393 28 74 254 41 39 2 7 43 23 71 7 96 6 430 74 41 53 12 108
internal_value=0 0.0454344 0.045697 0.0406639 0.0424526 0.0364337 0.0393149 0.0282482 0.0375647 0.0401448 0.048346 0 0.050937 0.0072625 0.049448 0.00537949 0.0487048 0.00506487 0.0489529 0.0473271 0.0482086 0.0408618 0.00392345 0.0448628 0.0550736 0.0347228 0.00396383 0.0497557 0.0227189 0.0526293 0.04368 -0.0133843 0.0512103 0.0172129 0.0501625 0.0524439 -0.0984378 0.0502171 0.0272338 -0.119668
internal_weight=0 8266.98 8247.26 2860.23 2808.1 1651.42 1615.93 778.313 725.934 712.359 5387.03 37.5593 1156.68 45.8941 837.62 34.927 5349.47 33.081 5316.39 4216.88 4187.16 742.496 75.6077 666.888 1099.51 97.9502 34.6899 3444.66 55.6267 1110.79 353.905 34.4164 802.693 31.6513 3389.04 771.042 52.3798 319.489 38.1917 28.6792
internal_count=4314 3837 3698 2044 1516 1212 1021 758 475 411 1654 83 304 70 263 56 1571 88 1483 1387 1240 367 102 265 96 55 41 873 50 234 166 78 207 37 823 170 283 88 35 149
is_linear=0
shrinkage=0.0493048


Tree=29
num_leaves=38
num_cat=0
split_feature=65 59 40 64 75 64 75 64 57 64 61 74 66 78 61 11 31 19 65 66 65 64 68 38 81 60 78 82 57 80 7 49 64 3 39 0 0
split_gain=168.488 86.0535 38.8893 184.581 53.1601 229.426 68.3409 157.823 53.5566 268.853 65.3029 38.1841 57.7365 30.725 66.5776 19.85 29.9687 19.4022 67.1801 17.1086 170.229 16.1118 178.478 12.2998 14.912 89.5496 11.2368 40.6428 11.1004 52.7867 78.1196 9.46906 4.77158 4.02205 21.5773 3.65488 6.72665
threshold=13.500000000000002 290.00000000000006 38.150000000000013 58.650000000000013 0.72474747474747481 37.050000000000004 0.56696428571428581 5.4500000000000011 2.2500000000000004 15.15 0.10063291139240506 2.8500000000000001 1097.5000000000002 6.5000000000000009 0.33166666666666672 2.5000000000000004 18.500000000000004 1.0000000180025095e-35 1.5000000000000002 1698.5000000000002 11.500000000000002 39.150000000000013 115.50000000000001 14.500000000000002 1.0000000180025095e-35 0.32795698924731187 4.5000000000000009 0.2752525252525253 -1.0000000180025095e-35 37.150000000000013 60.500000000000007 0.75735294117647067 25.950000000000003 3.5000000000000004 4.5000000000000009 7.5000000000000009 6.5000000000000009
decision_type=2 2 2 2 2 2 2 2 2 2 2 2 2 2 2 2 2 2 2 2 2 2 2 2 2 2 2 2 2 2 2 2 2 2 2 2 2
left_child=1 2 11 4 5 6 8 35 9 10 -4 15 -13 14 -6 19 -17 18 -10 20 21 26 -23 24 -21 -26 27 -1 -15 33 -31 -28 -19 34 -30 36 -8
right_child=-2 -3 3 -5 13 -7 7 -9 17 -11 -12 12 -14 28 -16 16 -18 32 -20 23 -22 22 -24 -25 25 -27 31 -29 29 30 -32 -33 -34 -35 -36 -37 -38
leaf_value=0.045317438332186322 -0.05186101210190866 -0.057073792295410618 -0.079162538114883205 -0.052839339293751536 -0.093968142428833765 -0.088478100802625193 0 -0.10982018746569422 0.055332639561919049 -0.091851415553612259 0.040206189766421888 0.039762699889667928 -0.092618457177609345 0.055961214561629127 0.043938888706230597 -0.052598577804252741 0.044688093533638736 0.045104465121017498 -0.099395251698965112 0.048801709309770451 -0.070846265450712501 0.056580212066561324 -0.071105527858423626 0.056369564511157377 -0.1312061529898301 0.052999711104991951 0.05061342834048705 0.0046743410357053747 0.051820175599312672 -0.10896551250319382 0.043021653163399495 0.039687485682986932 0.056530583462600502 0.052089184211419406 -0.024759600014404259 0.055411066946646013 0.047109869566842114
leaf_weight=640.65508155524731 42.998279750347137 19.063915967941284 10.614397764205931 50.016709066927433 11.143539883196352 34.783524319529533 11.573700681328773 24.582154013216496 23.947352409362793 40.550222277641296 654.00951519608498 24.899666391313076 11.732216477394102 729.08152894675732 33.793942213058472 11.919950559735296 20.251862570643425 342.49259469658136 9.2950726896524412 61.195041254162788 28.970585279166698 128.87456239759922 32.773513227701187 962.75544917583466 8.4413418024778348 25.690406620502472 2849.4425416588783 73.610563710331917 26.625922694802284 13.210568025708197 20.58308270573616 331.07485461235046 414.39443329721689 271.78807470202446 10.92592319101095 29.997285842895508 10.000114440917969
leaf_count=229 477 139 51 528 55 191 20 126 3 223 368 16 67 68 15 81 7 147 49 14 147 2 162 41 39 2 599 97 6 71 7 151 31 53 29 2 1
internal_value=0 0.0446504 0.044909 0.039904 0.0416536 0.0356357 0.0384638 -0.00568373 0.0407954 0.0304552 0.0381088 0.047548 0 0.0501935 0.00693058 0.0479036 0.00476399 0.0498649 0.00827419 0.0481492 0.0464812 0.0473504 0.0299138 0.0544702 0.0339704 0.00371765 0.0480419 0.0413034 0.0518904 0.0428739 -0.012767 0.0495156 0.0515268 0.049355 0.0262283 0.0415847 0.016548
internal_weight=0 8004.76 7985.7 2773.41 2723.39 1606.24 1571.46 76.1533 1495.3 705.174 664.624 5212.29 36.6319 1117.15 44.9375 5175.66 32.1718 790.129 33.2424 5143.48 4085.4 4056.43 161.648 1058.08 95.3268 34.1317 3894.78 714.266 1072.22 343.134 33.7937 3180.52 756.887 309.34 37.5518 51.5711 21.5738
internal_count=4314 3837 3698 2044 1516 1212 1021 149 872 642 419 1654 83 304 70 1571 88 230 52 1483 1387 1240 164 96 55 41 1076 326 234 166 78 750 178 88 35 23 21
is_linear=0
shrinkage=0.0493048


Tree=30
num_leaves=38
num_cat=0
split_feature=65 59 38 64 82 64 23 64 66 64 68 83 45 49 4 66 73 40 67 65 82 64 54 40 64 66 71 60 64 75 64 35 61 42 5 65 65
split_gain=158.014 80.7541 38.5268 171.917 46.4287 120.818 37.5487 227.584 31.8149 115.576 312.581 38.003 58.6896 27.5556 153.307 81.9882 51.0673 49.2489 24.4114 101.886 20.8272 57.6592 20.1284 50.8863 53.8735 17.6795 12.6999 50.7081 7.435 7.2367 6.43731 5.43644 7.50826 2.8412 2.76932 24.1751 84.7574
threshold=13.500000000000002 290.00000000000006 10.500000000000002 58.650000000000013 0.91987179487179505 3.7500000000000004 1.0000000180025095e-35 9.1500000000000004 1698.5000000000002 37.050000000000004 2.5000000000000004 -4.2499999999999991 155.00000000000003 0.65476190476190488 1.5000000000000002 1227.5000000000002 37.650000000000013 44.100000000000009 1613.5000000000002 2.5000000000000004 0.57738095238095244 22.250000000000004 39.95000000000001 36.850000000000001 2.3500000000000001 354.50000000000006 6.5000000000000009 0.061381475667189905 1.0000000180025095e-35 0.36931818181818182 28.750000000000004 1.0000000180025095e-35 0.26111660079051385 0.92582417582417598 1.0000000180025095e-35 11.500000000000002 2.5000000000000004
decision_type=2 2 2 2 2 2 2 2 2 2 2 2 2 2 2 2 2 2 2 2 2 2 2 2 2 2 2 2 2 2 2 2 2 2 2 2 2
left_child=1 2 3 4 6 -6 13 26 9 11 -11 12 -4 18 15 17 -17 -15 20 -20 21 -1 25 -24 -25 -13 27 -8 -27 -22 -30 32 -28 -29 -10 36 -36
right_child=-2 -3 8 -5 5 -7 7 -9 34 10 -12 22 -14 14 -16 16 -18 -19 19 -21 29 -23 23 24 -26 28 31 33 30 -31 -32 -33 -34 -35 35 -37 -38
leaf_value=0.044797692594962878 -0.051459003414045766 -0.056190475100091404 -0.11364323170458812 -0.05673317601656979 0.049509769113376088 -0.12353518546825762 -0.12824195740451419 -0.10630740132259324 0.056003927943055636 0.055731967617543302 -0.071823560162475958 -0.049043396579668101 0.04156130505586908 -0.11362643968339016 -0.10768734051270208 0.047815817815969615 -0.016123631078802724 0.035666423607322327 0.050087428571865301 -0.12582509078082368 0.030307048493191484 0.0018246994826598259 0.050274553332576619 0.041549073218260013 -0.13611826639348851 -0.011102801657537995 0 0.010713827356283911 0.046350593280824824 0.054491372213251954 0.053574648238047147 0.053997365997785804 0.041808853361859154 0.051512679743394095 0.045953179409752173 0.055275938732062442 -0.13507221748165502
leaf_weight=1301.7650031745434 41.241737142205238 18.425433367490768 9.0661752372980118 43.31836099922657 28.090161427855492 14.852337837219237 5.0437064543366423 29.04057452827692 1042.3174575194716 124.15312296152115 74.521567367017269 3.2950213924050322 15.927627012133598 13.489181205630304 18.066527657210827 362.79399665445089 30.048794656991959 7.2251918092370024 33.796194300055504 10.348970934748648 56.464240670204163 87.035911224782467 30.173788741230965 5.977496623992919 9.3205965533852559 1.7657776176929463 11.940579354763033 17.545067146420479 2568.0817715674639 798.03658908605576 666.88025267422199 118.01072831451893 18.897095888853073 19.382769383490086 30.719179093837738 112.8923747241497 7.7775050997734061
leaf_count=528 477 139 46 408 6 76 27 156 61 5 491 19 4 70 92 114 72 3 8 55 41 164 5 1 50 8 22 21 867 94 91 19 7 2 11 9 45
internal_value=0 0.0439067 0.0441617 0.0395561 0.0409973 -0.00749769 0.0417482 0.0210183 0.0470976 0.0445318 0.00725684 0.0467311 -0.00984687 0.0433784 0.031016 0.0373844 0.0426076 -0.0555868 0.0456562 0.00596834 0.0463817 0.0421942 0.0471995 0.0108803 -0.0586492 0.0476707 0.0410628 0.0127928 0.0478081 0.0530401 0.0478788 0.0481943 0.0219241 0.0355204 0.0545347 0.0435878 0.00606621
internal_weight=0 7746.49 7728.06 3025.19 2981.87 42.9425 2938.93 219.861 4702.87 3509.16 198.675 3310.49 24.9938 2719.07 431.624 413.557 392.843 20.7144 2287.45 44.1452 2243.3 1388.8 3285.49 45.4719 15.2981 3240.02 190.82 41.9715 3236.73 854.501 3234.96 148.848 30.8377 36.9278 1193.71 151.389 38.4967
internal_count=4314 3837 3698 1985 1577 82 1495 254 1713 1587 496 1091 50 1241 351 259 186 73 890 63 827 692 1041 56 51 985 98 50 966 135 958 48 29 23 126 65 56
is_linear=0
shrinkage=0.0493048


Tree=31
num_leaves=35
num_cat=0
split_feature=65 59 66 64 83 52 64 80 68 47 56 64 15 65 11 65 54 65 45 61 75 47 80 45 15 64 23 49 38 40 38 3 41 47
split_gain=148.133 75.7562 38.5422 340.895 71.8859 24.1946 287.69 67.5196 92.871 86.8682 42.3659 88.5111 29.4461 310.492 23.7061 60.2169 20.2483 51.673 16.0961 43.7967 13.6503 16.6697 13.3458 12.3077 19.5667 32.9221 11.7685 8.96695 5.17644 2.44286 2.03578 14.218 29.1198 0.212115
threshold=13.500000000000002 290.00000000000006 1698.5000000000002 58.650000000000013 -7.4999999999999991 8.5000000000000018 22.750000000000004 37.350000000000001 552.00000000000011 37.550000000000004 0.58578431372549034 5.5500000000000007 1.0000000180025095e-35 5.5000000000000009 1.0000000180025095e-35 4.5000000000000009 33.750000000000007 2.5000000000000004 5.5000000000000009 0.24865591397849462 0.12916666666666668 39.750000000000007 38.350000000000001 9.5000000000000018 7.5000000000000009 2.0500000000000003 1.5000000000000002 0.46410256410256417 25.000000000000004 38.150000000000013 13.500000000000002 1.5000000000000002 1.7500000000000002 38.750000000000007
decision_type=2 2 2 2 2 2 2 2 2 2 2 2 2 2 2 2 2 2 2 2 2 2 2 2 2 2 2 2 2 2 2 2 2 2
left_child=1 2 3 4 -1 6 7 10 22 -10 27 -12 13 20 23 33 17 -14 19 -18 21 -7 -9 24 25 -4 -20 -6 -22 -8 31 -25 -33 -16
right_child=-2 -3 14 -5 5 12 29 8 9 -11 11 -13 16 -15 15 -17 18 -19 26 -21 28 -23 -24 30 -26 -27 -28 -29 -30 -31 -32 32 -34 -35
leaf_value=-0.10438758526036782 -0.051067271418847184 -0.055335627783405505 0.042071139902261259 -0.058630434171183438 0.049856560297825141 -0.041817230159724252 -0.11088750124276121 0 0.0050402934043815946 -0.10343824626312412 0.038726176669112003 -0.10086245924447618 0.043785739396320224 -0.10985881934038466 0.022078970371331958 -0.084881775307094398 -0.10486781994223147 -0.1146750426352328 0.047399718662310859 0.035773533640161954 0.048449274844939098 0.047956739743677743 0.049718614725593878 0.05322779308453713 0.043015732491625734 -0.10054087372645144 0.026129653279712579 0.032057511434065232 0.025102759355123169 -0.05943815339065868 0.055297599216762645 -0.098232133061699839 0.032840478515383041 0.051297740603331775
leaf_weight=7.5102323964238158 39.551549904048443 17.803701564669609 7.868083715438841 80.259264059364796 956.59562159329653 9.7777466028928757 21.666807822883129 16.7700389996171 62.072620131075382 24.187328055500984 45.82122216373682 14.417625002562998 19.328696161508564 34.07474710047245 20.939326293766499 10.546965181827543 6.1192007735371581 6.6952377930283538 4063.9235053062439 34.400058962404728 356.26664374023676 10.125632286071777 100.35364135354757 70.18382615596056 52.542780332267284 6.8797491788864136 91.177020743489265 120.0342692732811 50.264409691095352 20.502051040530205 1102.2373154312372 4.784005060791972 23.499603718519211 31.171966254711151
leaf_count=37 477 139 2 719 235 28 104 30 96 119 25 72 6 176 19 59 31 36 1192 16 114 1 33 12 20 37 99 85 41 140 67 25 18 4
internal_value=0 0.0431513 0.0434025 0.0416473 0.0429935 0.0431971 0.036941 0.0409949 0.0139356 -0.023965 0.0457259 0.0032157 0.0450174 0.0322552 0.0514229 0.0185945 0.0463799 0 0.0466494 0.0113974 0.0439104 0 0.042909 0.0529465 0.028206 -0.0161226 0.0469631 0.0479887 0.0458709 -0.088888 0.0542286 0.0409853 0.00618766 0.0419638
internal_weight=0 7500.8 7483 6152.34 6072.08 6064.57 1382.42 1340.25 203.384 86.2599 1136.87 60.2388 4682.15 460.509 1330.65 62.6583 4221.64 26.0239 4195.62 40.5193 426.434 19.9034 117.124 1268 67.2906 14.7478 4155.1 1076.63 406.531 42.1689 1200.7 98.4674 28.2836 52.1113
internal_count=4314 3837 3698 3435 2716 2679 939 695 278 215 417 97 1740 360 263 82 1380 42 1338 47 184 29 63 181 59 39 1291 320 155 244 122 55 43 23
is_linear=0
shrinkage=0.0493048


Tree=32
num_leaves=41
num_cat=0
split_feature=65 66 64 83 52 64 80 68 75 72 56 64 15 65 38 80 73 65 42 80 54 65 27 45 81 80 60 23 49 61 38 73 64 67 68 54 5 65 65 40
split_gain=138.887 40.2824 330.639 67.5297 24.0973 268.288 68.1513 88.175 81.4887 51.5054 39.8817 80.9991 29.8372 287.927 23.7963 66.0484 20.6585 36.1227 20.5042 81.1208 19.5321 47.0767 16.142 15.4541 70.8082 12.5461 12.2641 11.1777 10.0941 24.9124 7.25694 18.8169 5.48505 4.47171 4.29094 2.89773 2.016 20.0567 71.4758 0.442183
threshold=13.500000000000002 1698.5000000000002 58.650000000000013 -7.4999999999999991 8.5000000000000018 22.750000000000004 37.350000000000001 552.00000000000011 0.12916666666666668 1.5000000000000002 0.58578431372549034 5.5500000000000007 1.0000000180025095e-35 5.5000000000000009 13.500000000000002 36.350000000000001 38.250000000000007 2.5000000000000004 0.5590277777777779 36.650000000000013 33.750000000000007 2.5000000000000004 7.5000000000000009 5.5000000000000009 0.35000000000000003 38.350000000000001 -1.0000000180025095e-35 1.5000000000000002 0.46410256410256417 0.14650406504065039 25.000000000000004 34.850000000000001 2.0500000000000003 1430.5000000000002 1513.0000000000002 36.550000000000004 1.0000000180025095e-35 11.500000000000002 2.5000000000000004 38.150000000000013
decision_type=2 2 2 2 2 2 2 2 2 2 2 2 2 2 2 2 2 2 2 2 2 2 2 2 2 2 2 2 2 2 2 2 2 2 2 2 2 2 2 2
left_child=1 2 3 -1 5 6 10 25 22 -10 28 34 13 16 15 -3 30 -18 19 -17 21 -14 -9 24 -22 32 -25 -28 33 -30 35 -32 -8 -5 -12 -6 -16 38 -38 -7
right_child=-2 14 -4 4 12 39 7 8 9 -11 11 -13 20 -15 36 18 17 -19 -20 -21 23 -23 -24 26 -26 -27 27 -29 29 -31 31 -33 -34 -35 -36 -37 37 -39 -40 -41
leaf_value=-0.097148261000438788 -0.050684542119131704 -0.095366145110814773 -0.05791077748558341 0.050958627578180253 0.028493848894777213 -0.1044192992666397 0.040499254698256763 -0.0098275941772301891 0.024178106315284571 -0.10350940757560956 0.0080765302176419324 -0.096457542024533674 0.042901857569308907 -0.10349421415552379 0.055245718996096746 0.04548137206973886 0.031272266536524616 -0.10561328131043311 0.051170916799946446 -0.093703468675981338 0.047542554655321485 -0.10737372401773108 0.044780281131159644 0 -0.11204011021967493 0.04836660791858468 0.046618033258683841 0.025603300997411621 -0.083999321272386143 0.035302825537788816 0.044900824152976512 -0.013375232214062999 -0.01838609851599397 0.037025101526082585 0.051146883327650772 0.051274422850953037 0.044179874697524504 0.054152714962508258 -0.13113347722572527 -0.058416691903177172
leaf_weight=7.8988485112786284 37.926246710121632 8.6916944012045843 80.618363279849291 785.14641492813826 42.333009317517281 22.174711316823959 5.834583759307864 20.129934504628181 8.1105245500802976 32.736233614385128 16.835962116718292 14.336184814572333 18.769098192453388 35.073567867279053 947.16827814280987 45.104219608008862 21.322748884558681 5.9661037400364867 128.14872469007969 12.821318306028841 31.427929624915123 6.8904104828834525 26.711826309561729 17.387782126665115 8.3806881681084615 97.632727481424809 3922.0845282971859 89.662058524787426 3.8075280189514151 114.63928573578596 35.785488352179527 17.257765389978886 10.935455240309237 140.32002919912338 27.900164507329464 292.69481988251209 28.988616093993187 104.43068480491638 6.8784262612462035 19.923560339957476
leaf_count=40 477 48 756 160 33 110 1 47 5 167 18 72 6 187 51 14 15 30 30 70 6 37 10 28 42 36 1197 99 19 70 11 35 29 80 7 70 11 9 40 141
internal_value=0 0.0424083 0.0406011 0.0419685 0.0421767 0.0358641 0.0398817 0.0126862 -0.0236113 -0.0751151 0.0447513 0.00302642 0.0440201 0.0310666 0.0507395 0.0331165 0.042736 0 0.0398026 0.0124916 0.0454145 0 0.0186701 0.0456853 0.0107585 0.0415933 0.0459995 0.0461796 0.0469931 0.0303952 0.0456528 0.0236014 0 0.0489818 0.0377337 0.0487703 0.0537803 0.0429896 0.00700289 -0.0856642
internal_weight=0 7262.96 5980.73 5900.11 5892.21 1347.18 1305.08 202.091 87.6885 40.8468 1102.99 59.0723 4545.04 450.434 1282.23 194.766 415.36 27.2889 186.074 57.9255 4094.6 25.6595 46.8418 4068.94 39.8086 114.403 4029.13 4011.75 1043.91 118.447 388.071 53.0433 16.77 925.466 44.7361 335.028 1087.47 140.298 35.867 42.0983
internal_count=4314 3837 3564 2808 2768 972 721 295 229 172 426 97 1796 381 273 162 194 45 114 84 1415 43 57 1372 48 66 1324 1296 329 89 149 46 30 240 25 103 111 60 51 251
is_linear=0
shrinkage=0.0493048


Tree=33
num_leaves=32
num_cat=0
split_feature=65 59 66 64 83 61 63 52 64 80 68 64 56 64 15 65 54 65 38 80 42 80 45 81 75 47 80 23 49 38 5
split_gain=130.262 68.6105 39.0379 298.712 61.6225 22.4344 39.6242 21.7442 249.416 61.4788 79.8113 76.7776 38.0258 74.4009 26.581 264.534 18.1377 42.8231 17.8022 47.5221 29.3206 58.8502 14.5295 64.6181 13.4069 15.2073 12.2738 11.8371 9.03623 4.96016 0.0148002
threshold=13.500000000000002 290.00000000000006 1698.5000000000002 58.650000000000013 -7.4999999999999991 0.10063291139240506 12.500000000000002 8.5000000000000018 22.750000000000004 37.350000000000001 552.00000000000011 6.4500000000000011 0.58578431372549034 5.5500000000000007 1.0000000180025095e-35 5.5000000000000009 33.750000000000007 2.5000000000000004 13.500000000000002 36.350000000000001 0.48333333333333339 36.45000000000001 5.5000000000000009 0.35000000000000003 0.12916666666666668 39.750000000000007 38.350000000000001 1.5000000000000002 0.46410256410256417 25.000000000000004 1.0000000180025095e-35
decision_type=2 2 2 2 2 2 2 2 2 2 2 2 2 2 2 2 2 2 2 2 2 2 2 2 2 2 2 2 2 2 2
left_child=1 2 3 4 -1 6 -4 8 9 12 26 -12 28 -14 15 24 17 -16 19 -7 21 -21 23 -18 25 -9 -11 -24 -6 -26 -20
right_child=-2 -3 5 -5 7 18 -8 14 -10 10 11 -13 13 -15 16 -17 22 -19 30 20 -22 -23 27 -25 29 -27 -28 -29 -30 -31 -32
leaf_value=-0.094455265545627332 -0.050309629860668836 -0.054395265345148033 -0.10595821919758935 -0.057452205274612478 0.048322842315448138 -0.084501941945134787 0.042736098740377038 -0.041086859092008918 -0.083637610145189112 0 0.007392610068900787 -0.092582815797464177 0.03684686115713031 -0.092488892675455542 0.042028955009572405 -0.10094499207468148 0.046775717796549938 -0.10292030039549492 0.055104635537874182 0.045932181171813462 0.050425966226610407 -0.09676248933280171 0.045793584202172534 -0.10631675103461036 0.04687701055610842 0.046209686936126773 0.047971961809958337 0.024283595168100407 0.030190556569251105 0.023582822962224533 0.044347154864244641
leaf_weight=7.5126250162720671 36.364253170788288 16.86866220459342 6.0762405842542657 74.184667874127626 893.80698143690825 7.1427766978740683 15.145475417375565 9.7598437443375587 40.696665719151497 16.704171970486641 58.917056903243065 26.112548213452101 43.753608487546444 14.218491844832895 18.228629462420944 33.55957880616188 30.394734777510166 6.7481725662946692 907.13167608529329 20.458010047674183 131.64137952029705 10.628037206828592 3808.9117214307189 8.35176784545183 333.94002188742161 9.5358285903930664 94.203475333750248 88.690090656280518 115.19195407629013 48.72036650031805 133.94686705991626
leaf_count=37 477 139 40 719 235 39 5 28 244 30 80 135 25 72 6 176 6 36 38 4 33 54 1192 41 114 1 33 99 85 41 50
internal_value=0 0.041688 0.0419371 0.0401298 0.0414202 0.0503157 0 0.0416216 0.0354814 0.0394205 0.0131155 -0.0218728 0.0441341 0.00294603 0.0434136 0.0308901 0.0447587 0 0.0511964 0.0342464 0.0402393 0 0.0450251 0.010506 0.0422141 0 0.0410593 0.0453362 0.0463771 0.0442385 0.0538415
internal_weight=0 7031.18 7014.31 5782.14 5707.96 1232.17 21.2217 5700.45 1303.6 1262.91 195.937 85.0296 1066.97 57.9721 4396.84 435.516 3961.33 24.9768 1210.95 169.87 162.727 31.086 3936.35 38.7465 401.956 19.2957 110.908 3897.6 1009 382.66 1041.08
internal_count=4314 3837 3698 3435 2716 263 45 2679 939 695 278 215 417 97 1740 360 1380 42 218 130 91 58 1338 47 184 29 63 1291 320 155 88
is_linear=0
shrinkage=0.0493048


Tree=34
num_leaves=36
num_cat=0
split_feature=65 59 66 64 83 45 11 65 52 64 80 68 47 42 67 15 65 56 54 65 23 65 58 75 47 45 1 64 80 49 41 38 64 60 47
split_gain=122.176 64.3965 39.2639 279.635 46.3049 55.6124 22.4705 50.4756 20.8298 232.043 57.9935 74.8073 71.537 36.3942 45.951 24.8384 242.009 18.2816 17.2537 39.0916 14.3302 71.4919 15.7484 12.8694 13.8877 11.772 18.708 28.0266 10.5483 4.86529 2.32195 12.6828 6.61933 19.2904 0.313577
threshold=13.500000000000002 290.00000000000006 1698.5000000000002 58.650000000000013 -4.2499999999999991 155.00000000000003 1.0000000180025095e-35 4.5000000000000009 8.5000000000000018 22.750000000000004 37.350000000000001 552.00000000000011 37.550000000000004 0.76696832579185525 1169.5000000000002 1.0000000180025095e-35 5.5000000000000009 0.58578431372549034 33.750000000000007 2.5000000000000004 1.5000000000000002 4.5000000000000009 20.500000000000004 0.12916666666666668 39.750000000000007 9.5000000000000018 2.5000000000000004 2.0500000000000003 38.350000000000001 0.62019230769230782 0.95000000000000007 3.5000000000000004 3.3500000000000001 0.04784798534798531 38.750000000000007
decision_type=2 2 2 2 2 2 2 2 2 2 2 2 2 2 2 2 2 2 2 2 2 2 2 2 2 2 2 2 2 2 2 2 2 2 2
left_child=1 2 3 4 5 -1 25 34 9 10 13 28 -13 17 -15 16 23 -6 19 -17 22 -22 -20 24 -10 26 27 -4 -12 -25 31 -27 -33 -34 -8
right_child=-2 -3 6 -5 8 -7 7 -9 15 -11 11 12 -14 14 -16 18 -18 -19 20 -21 21 -23 -24 29 -26 30 -28 -29 -30 -31 -32 32 33 -35 -36
leaf_value=-0.104295104379055 -0.049941416924552832 -0.053586194295838482 0.039283028178950699 -0.056900317342498549 0.046479820748159352 0.037671913418052892 0.019342822990789921 -0.079343292504335264 -0.038380109229945163 -0.081832197035037704 0 0.0055466264524239549 -0.093861470217521573 0.024747349511895902 -0.1104193073561162 0.04116575219106753 -0.097446664299840349 0.0086694902151134481 0.045345483871806855 -0.097872239598200822 0.040630393808324707 -0.085802040624345322 0.019015887034330704 0.047423755236365328 0.045343528821419822 0.051684954576588331 0.041715980732559492 -0.09356202757104326 0.047115647883977083 0.028904795685208571 0.053900805878409973 0.039991704961248625 -0.10618422143366078 0.013335121994456743 0.049194901048703527
leaf_weight=11.73183673620224 34.863927371799946 16.294020876288414 7.125454902648924 71.28386714681983 960.47263712435961 14.0230643004179 19.678480230271816 10.136038079857824 9.9308997988700867 39.421404413878918 16.476215034723282 60.756654854863882 23.67314887791872 24.494944043457508 7.9528949037194243 17.707134820520881 32.592100642621517 40.577819526195526 3634.9650869518518 6.7480419911444178 76.351650517433882 12.170209698379038 72.80733947455883 285.12082082033157 9.2467670440673828 62.850474327802658 47.788892224431038 7.0020348057150841 91.261166371405125 85.967589862644672 974.19571765512228 10.34580507874489 3.9570260271430042 14.263496145606039 27.940971344709396
leaf_count=59 477 139 2 719 295 4 19 59 28 242 29 96 119 22 38 6 173 61 1139 36 37 68 76 88 1 8 20 37 33 66 75 3 22 14 4
internal_value=0 0.0409751 0.0412206 0.0393874 0.0406504 -0.0222274 0.0497839 0.0164493 0.0409671 0.0348558 0.0387125 0.0129022 -0.0208807 0.0433907 -0.00463461 0.0427594 0.0304286 0.0450717 0.0440913 0 0.0443578 0.0218177 0.0448622 0.041434 0 0.0513806 0.0261163 -0.0178454 0.0405286 0.0434717 0.052731 0.0388898 0.00636274 -0.00595936 0.0394907
internal_weight=0 6807.31 6791.02 5605.73 5534.45 25.7549 1185.28 57.7555 5508.69 1265.09 1225.67 192.167 84.4298 1033.5 32.4478 4243.61 422.858 1001.05 3820.75 24.4552 3796.29 88.5219 3707.77 390.266 19.1777 1127.53 61.9164 14.1275 107.737 371.088 1065.61 91.4168 28.5663 18.2205 47.6195
internal_count=4314 3837 3698 3435 2716 63 263 82 2653 935 693 277 215 416 60 1718 356 356 1362 42 1320 105 1215 183 29 181 59 39 62 154 122 47 39 36 23
is_linear=0
shrinkage=0.0493048


Tree=35
num_leaves=31
num_cat=0
split_feature=65 59 66 64 83 45 38 80 78 64 40 74 78 61 47 54 64 67 64 47 60 80 73 40 15 42 80 19 1 52
split_gain=114.604 60.4504 39.4408 261.801 43.2722 50.6409 21.7922 54.9441 20.7392 279.879 26.555 43.078 21.1108 132.331 18.6889 80.4356 229.96 51.4295 84.7961 44.4386 130.375 38.1233 18.2819 64.9841 18.1436 17.388 67.1927 6.62376 3.08071 2.88647
threshold=13.500000000000002 290.00000000000006 1698.5000000000002 58.650000000000013 -4.2499999999999991 155.00000000000003 13.500000000000002 36.350000000000001 5.5000000000000009 20.150000000000002 41.45000000000001 0.35000000000000003 2.5000000000000004 0.15022123893805314 36.95000000000001 36.250000000000007 4.4500000000000011 436.50000000000006 3.9500000000000006 37.45000000000001 0.020204081632653054 37.95000000000001 38.150000000000013 36.95000000000001 1.0000000180025095e-35 0.5590277777777779 36.650000000000013 35.500000000000007 1.5000000000000002 55.000000000000007
decision_type=2 2 2 2 2 2 2 2 2 2 2 2 2 2 2 2 2 2 2 2 2 2 2 2 2 2 2 2 2 2
left_child=1 2 3 4 5 -1 7 -4 9 10 12 -12 27 -14 17 16 -16 18 -10 20 -17 -21 24 -24 -19 26 -9 -6 -8 -30
right_child=-2 -3 6 -5 8 -7 28 25 14 -11 11 -13 13 -15 15 19 -18 22 -20 21 -22 -23 23 -25 -26 -27 -28 -29 29 -31
leaf_value=-0.099390482355406595 -0.04957884276417536 -0.05279676222600499 -0.088967583486245713 -0.05637108710517641 0.044998358601980003 0.036839803132069839 0.053942905966710565 0.043548675181977199 0.039766845406181611 -0.094462902827526493 0.037414333471645127 -0.089003139602438761 -0.13054571382666921 0.034315115824649835 0.044944502747940457 -0.15623613862286131 -0.15624853147140594 0.026023204253655584 -0.14670202041816624 0.045884676419206405 0.026164620191956967 0.025561811798464409 -0.083267474506359143 0.037384556254265899 0.048725436435315649 0.049224535697928291 -0.087227920517121693 0.014697082329413471 0.018807828744568444 0.04601302158794094
leaf_weight=11.705995380878448 33.423577643930912 15.736758746206759 8.1344583705067617 68.475935708731413 784.38394473493099 13.643157713115215 850.95131083577871 41.28200751543045 16.194148510694507 39.335982464253902 16.949839532375339 10.30322829633951 12.019712693989275 296.93428035080433 44.787550136446953 9.9778007641434652 19.726562764495611 115.09447602182627 8.8900395631790143 1402.8134627044201 157.87067639827728 304.1875119023025 11.222920015454291 133.63836488127708 1926.4275818653405 115.12743056565523 12.077246259897946 30.62864475697279 31.338359009474516 81.565807580947876
leaf_count=59 477 139 46 719 275 4 51 14 6 235 8 55 65 190 17 57 113 98 51 455 136 293 43 81 444 30 65 31 32 25
internal_value=0 0.0402732 0.0405152 0.0386568 0.0398928 -0.0212202 0.0492612 0.0314766 0.0402063 0.0339004 0.0383971 -0.00587325 0.0395813 0.0274852 0.0419847 0.0380346 -0.0146981 0.0453918 -0.0214782 0.0399157 0.0145516 0.0423366 0.0462162 0.0271616 0.0475069 0.0380463 0.0115833 0.0440128 0.0523898 0.0395708
internal_weight=0 6591.43 6575.69 5435.21 5366.74 25.3492 1140.48 176.621 5341.39 1190.56 1151.22 27.2531 1123.97 308.954 4150.83 1939.36 64.5141 2211.47 25.0842 1874.85 167.848 1707 2186.38 144.861 2041.52 168.487 53.3593 815.013 963.855 112.904
internal_count=4314 3837 3698 3435 2716 63 263 155 2653 859 624 63 561 255 1794 1071 130 723 57 941 193 748 666 124 542 109 79 306 108 57
is_linear=0
shrinkage=0.0493048


Tree=36
num_leaves=32
num_cat=0
split_feature=65 59 66 64 83 45 11 65 52 64 80 68 75 56 64 45 55 15 65 54 65 61 60 45 1 64 80 49 60 82 47
split_gain=107.473 56.7338 39.6895 245.029 40.4077 46.2331 21.9248 45.3179 20.2933 207.878 55.9666 69.0882 67.4777 35.0044 65.955 23.6626 80.3231 21.1345 222.591 17.0197 35.1299 12.9238 12.8485 11.4277 16.8149 24.2941 10.4017 9.72553 3.92067 14.6664 0.419061
threshold=13.500000000000002 290.00000000000006 1698.5000000000002 58.650000000000013 -4.2499999999999991 155.00000000000003 1.0000000180025095e-35 4.5000000000000009 8.5000000000000018 22.750000000000004 37.350000000000001 552.00000000000011 0.12916666666666668 0.58578431372549034 5.5500000000000007 5.5000000000000009 0.15000000000000005 1.0000000180025095e-35 5.5000000000000009 33.750000000000007 2.5000000000000004 0.29928782787501884 -1.0000000180025095e-35 9.5000000000000018 2.5000000000000004 2.0500000000000003 38.350000000000001 0.46410256410256417 0.020942982456140301 0.94281045751633996 38.750000000000007
decision_type=2 2 2 2 2 2 2 2 2 2 2 2 2 2 2 2 2 2 2 2 2 2 2 2 2 2 2 2 2 2 2
left_child=1 2 3 4 5 -1 23 30 9 10 13 26 -13 27 -15 16 -10 18 21 20 -19 -17 -21 24 25 -4 -12 -6 29 -25 -8
right_child=-2 -3 6 -5 8 -7 7 -9 15 -11 11 12 -14 14 -16 17 -18 19 -20 22 -22 -23 -24 28 -26 -27 -28 -29 -30 -31 -32
leaf_value=-0.094966082373204502 -0.049220916048764253 -0.052024746997100142 0.037507953820362178 -0.055862758068303743 0.046231085664617068 0.03601545790280003 0.01749497795778554 -0.07659988143987681 0.047987134288097054 -0.079122668853085346 0 0.017483537807655141 -0.070277185796374528 0.03484321113001837 -0.088645328413156366 0.043873352784914665 -0.11039546974030057 0.039298523944239681 -0.094417684190153561 0 -0.094278642131417942 0.0069987223537736499 0.043409780970526328 0 0.040232422382409545 -0.08783360218167495 0.045672677332454267 0.027036694075463115 0.052827103948781561 0.049193598607206797 0.04786665363065528
leaf_weight=11.650212310254574 32.041466116905212 15.196921747177838 6.686687231063841 65.76026963815093 809.17555943876505 13.27738893777132 18.965262450277805 9.8576289154589158 26.974754229187965 38.016565043479204 16.130222983658314 44.911408044397831 37.964316509664059 41.379258655011654 13.984809249639509 334.4998907148838 10.884581897407768 16.619151070714 31.646288648247719 16.107306830585003 6.6803319491446009 33.629614144563675 3511.1469253227115 16.72521436214447 44.967664688825607 6.9162055775523186 85.892507210373878 106.44557522982359 929.55468318983912 37.469267070293427 25.965790793299675
leaf_count=59 477 139 2 719 235 4 19 59 3 242 29 57 158 25 72 131 56 6 170 27 36 43 1246 32 20 37 33 84 86 4 4
internal_value=0 0.0395656 0.0398039 0.0379196 0.0391282 -0.0202649 0.0487453 0.014943 0.0394381 0.0332369 0.0370422 0.0112433 -0.0212311 0.0418263 0.00137041 0.0412629 0 0.0416354 0.029818 0.0429307 0 0.0408435 0.0432082 0.0504023 0.0247786 -0.0171621 0.0388399 0.0441365 0.0518005 0.0318773 0.0378352
internal_weight=0 6385.08 6369.89 5272.78 5207.02 24.9276 1097.11 54.7887 5182.09 1193.9 1155.88 184.898 82.8757 970.985 55.3641 3988.19 37.8593 3950.33 399.776 3550.55 23.2995 368.13 3527.25 1042.32 58.5706 13.6029 102.023 915.621 983.749 54.1945 44.9311
internal_count=4314 3837 3698 3435 2716 63 263 82 2653 935 693 277 215 416 97 1718 59 1659 344 1315 42 174 1273 181 59 39 62 319 122 36 23
is_linear=0
shrinkage=0.0493048


Tree=37
num_leaves=34
num_cat=0
split_feature=65 59 66 64 83 45 61 63 58 64 66 64 67 48 80 68 67 65 40 38 38 64 68 45 42 63 40 40 61 83 1 1 40
split_gain=100.813 53.2621 39.7403 229.403 37.7401 42.3063 21.6571 34.9355 20.4598 160.942 84.2854 65.6987 49.2913 84.802 26.7529 83.5032 19.2891 172.933 37.6664 17.2219 28.0541 54.8065 14.0933 20.5108 9.69982 12.1314 4.41251 4.02095 3.97766 3.20148 2.05703 1.38905 0.192674
threshold=13.500000000000002 290.00000000000006 1698.5000000000002 58.650000000000013 -4.2499999999999991 155.00000000000003 0.10063291139240506 12.500000000000002 11.500000000000002 22.750000000000004 1490.0000000000002 3.1500000000000008 1420.5000000000002 0.45000000000000007 39.95000000000001 1404.5000000000002 692.50000000000011 6.5000000000000009 39.050000000000004 13.500000000000002 4.5000000000000009 5.4500000000000011 310.00000000000006 11.500000000000002 0.69615384615384623 2.5000000000000004 40.45000000000001 38.050000000000004 0.29376541035575909 -1.3499999999999999 1.5000000000000002 6.5000000000000009 38.45000000000001
decision_type=2 2 2 2 2 2 2 2 2 2 2 2 2 2 2 2 2 2 2 2 2 2 2 2 2 2 2 2 2 2 2 2 2
left_child=1 2 3 4 5 -1 7 -4 14 10 12 -12 26 -14 16 27 17 18 -6 20 24 -22 29 -24 25 -8 -10 -16 -27 -18 -21 -32 -19
right_child=-2 -3 6 -5 8 -7 19 -9 9 -11 11 -13 13 -15 15 -17 22 32 -20 30 21 -23 23 -25 -26 28 -28 -29 -30 -31 31 -33 -34
leaf_value=-0.090953589425887757 -0.048866687846785176 -0.051268120036756175 -0.10414390195213594 -0.055373693902390525 0.041530678452633939 0.035198342011576324 0.039627678457531436 0.039960426857152696 0.049597962840058726 -0.092262744731991864 0.031215916709563113 -0.11773466082156422 0.044271923339961883 -0.12069186058445792 -0.16673382340130838 0.034992216807320703 0.024562951079245634 -0.1430092795334558 -0.020540083601820535 0.053561626209127453 0.034441507973097432 -0.092052318420401652 0.034096873242644675 0.04268370876287466 0.05217964409923137 -0.067474216597902953 0.029618898096497471 -0.047074600393837873 0 0.050211979749242325 0.043706642172213629 0.014803706330477789 -0.062528347841149565
leaf_weight=11.567918211221695 30.715837150812149 14.674475118517874 5.816972181200982 63.13598221167922 287.5841730684042 12.925473682582378 15.35940718650818 13.409212343394756 295.90618735551834 25.071965280920267 11.893708556890489 14.981420345604418 19.14449251443148 12.056412506848572 5.2626506760716421 44.140391126275063 32.141088791191578 10.983212232589723 23.095850132405758 781.10239124298096 26.500567436218262 11.988935615867375 1236.9663360118866 2354.9981898441911 87.664464972913265 3.7362062148749811 68.60867615044117 5.3369199708104134 5.0012919381260872 570.49885278567672 85.711287576705217 19.210065372288227 7.5755464397370806
leaf_count=59 477 139 40 719 121 4 5 5 68 152 6 80 3 65 30 35 35 61 55 37 14 70 824 862 10 20 54 35 11 118 31 20 49
internal_value=0 0.038876 0.0391109 0.037204 0.0383862 -0.0193555 0.0482307 0 0.0386924 0.0276731 0.0350898 -0.0472389 0.040999 -0.0155532 0.0397425 0.00294096 0.0401603 0.027471 0.0365144 0.0491951 0.0315189 -0.0017783 0.0411264 0.0397616 0.0440955 0.00950007 0.0461817 -0.118523 -0.0292326 0.0490518 0.052051 0.0396061 -0.11702
internal_weight=0 6184.05 6169.38 5113.88 5050.74 24.4934 1055.5 19.2262 5026.25 447.663 422.591 26.8751 395.716 31.2009 4578.58 54.74 4523.84 329.239 310.68 1036.27 150.251 38.4895 4194.6 3591.96 111.761 24.0969 364.515 10.5996 8.7375 602.64 886.024 104.921 18.5588
internal_count=4314 3837 3698 3435 2716 63 263 45 2653 428 276 86 190 68 2225 100 2125 286 176 218 130 84 1839 1686 46 36 122 65 31 153 88 51 110
is_linear=0
shrinkage=0.0493048


Tree=38
num_leaves=35
num_cat=0
split_feature=65 59 66 64 83 45 4 47 40 75 64 38 52 75 78 61 68 64 31 68 45 80 45 52 57 82 72 74 64 82 3 40 64 72
split_gain=94.504 49.9727 40.3159 214.588 35.1882 38.7932 24.785 53.4076 20.4101 52.2054 154.743 51.8082 85.3548 44.4218 26.0442 48.5866 14.727 42.6885 196.009 15.6274 41.6864 21.0785 14.3052 71.6876 12.3862 61.0037 4.52155 5.57134 4.04024 5.8072 8.78506 10.5327 32.0621 2.05345
threshold=13.500000000000002 290.00000000000006 1698.5000000000002 58.650000000000013 -4.2499999999999991 155.00000000000003 2.5000000000000004 37.850000000000001 38.150000000000013 0.72474747474747481 37.050000000000004 75.000000000000014 125.00000000000001 0.56696428571428581 6.5000000000000009 0.33166666666666672 302.00000000000006 31.850000000000005 8.5000000000000018 1322.0000000000002 8.5000000000000018 37.95000000000001 9.5000000000000018 15.500000000000002 -1.0000000180025095e-35 0.74166666666666681 6.5000000000000009 0.15000000000000005 18.150000000000002 0.25833333333333336 41.500000000000007 43.050000000000004 2.3500000000000001 5.5000000000000009
decision_type=2 2 2 2 2 2 2 2 2 2 2 2 2 2 2 2 2 2 2 2 2 2 2 2 2 2 2 2 2 2 2 2 2 2
left_child=1 2 3 4 5 -1 22 -8 16 10 11 13 -13 -10 15 -11 26 19 -19 20 -18 -21 23 -4 -16 -26 27 -6 29 -24 31 32 -31 -29
right_child=-2 -3 6 -5 8 -7 7 -9 9 14 -12 12 -14 -15 24 -17 17 18 -20 21 -22 -23 28 -25 25 -27 -28 33 -30 30 -32 -33 -34 -35
leaf_value=-0.087296965264811954 -0.048515254649920653 -0.050525024653928545 -0.090514525640333063 -0.05490236771047062 0.041207323376106719 0.034388035465815842 -0.10106334082969122 0.036629673574488916 0.033926933401078191 -0.088526365201678003 -0.087557507446293689 -0.11888280432898893 0.035988028535731215 -0.0088016357553045797 0.051429024534128863 0.038100897859684749 0.011305782316117712 -0.095325717195976489 0.049026651007400925 0.045629180252527574 0.039298173922607017 0.015313677335134526 0.046216504715211042 0.049566900819405589 -0.027936202366652223 0.045018131550315962 0.052126930906586953 -0.0054069296724410442 0.052806033959483807 0.023097797839378553 0.039026370658351087 0.032615760320847079 -0.14187263038487818 0.023757686783697295
leaf_weight=11.462250091135502 29.444915559142828 14.169314984232185 10.527393940836189 60.601940888911486 45.104751035571098 12.587104767560959 8.23090637847781 35.999196622520685 952.61780566722155 10.088844459503887 27.76903049275279 14.923279419541357 18.782731175422668 58.210126597434282 452.20202492922544 26.679705083370209 164.41373500227928 31.47093353793025 82.043444767594337 1301.8881749249995 968.70115052908659 71.446907214820385 81.297377549111843 46.202350996434689 30.155256945639849 199.82390819489956 406.03076525777578 10.133165068924427 797.06474538519979 4.911859869956972 19.289729170501232 6.7091187834739676 4.6426850855350494 8.3184474185109138
leaf_count=59 477 139 54 719 20 4 50 25 708 53 170 77 9 118 64 14 184 163 17 351 426 68 23 9 79 70 38 19 68 2 6 2 24 5
internal_value=0 0.0381641 0.0383953 0.0364566 0.0376112 -0.018487 0.0477567 0.00813872 0.0379132 0.0333178 0.0261334 0.0292777 -0.0289462 0.0313431 0.0438586 0 0.0405368 0.0388637 0.00789444 0.0402165 0.0353467 0.044143 0.0494336 0.0213425 0.046044 0.0349089 0.0496033 0.0315065 0.0510404 0.0379207 0.0154311 -0.00494772 -0.0443148 0.00103412
internal_weight=0 5994.5 5980.33 4965.46 4904.85 24.0494 1014.88 44.2301 4880.8 1791.25 1072.3 1044.53 33.706 1010.83 718.95 36.7685 3089.55 2619.96 113.514 2506.45 1133.11 1373.34 970.645 56.7297 682.181 229.979 469.587 63.5564 913.916 116.851 35.5534 16.2637 9.55454 18.4516
internal_count=4314 3837 3698 3435 2716 63 263 75 2653 1362 1082 912 86 826 280 67 1291 1209 180 1029 610 419 188 63 213 149 82 44 125 57 34 28 26 24
is_linear=0
shrinkage=0.0493048


Tree=39
num_leaves=35
num_cat=0
split_feature=65 66 64 83 4 47 58 64 66 64 67 48 80 0 64 52 64 49 64 56 23 64 83 68 15 38 52 60 42 40 66 40 65 79
split_gain=88.6236 41.8582 208.181 38.7506 24.5106 49.3727 21.7066 146.403 80.3027 58.6417 47.205 75.8546 27.3569 79.7944 29.9774 20.5947 155.553 45.9597 79.4735 26.7227 24.8897 57.5384 29.4024 94.6121 17.1915 14.571 63.6328 5.11748 10.152 4.09066 17.419 1.61117 0.216254 0.189095
threshold=13.500000000000002 1698.5000000000002 58.650000000000013 -7.4999999999999991 2.5000000000000004 37.850000000000001 11.500000000000002 22.750000000000004 1490.0000000000002 3.1500000000000008 1420.5000000000002 0.45000000000000007 39.95000000000001 18.000000000000004 2.6500000000000008 8.5000000000000018 22.750000000000004 0.53589743589743599 7.2500000000000009 0.58578431372549034 1.5000000000000002 6.9500000000000011 -2.5499999999999994 1322.0000000000002 1.0000000180025095e-35 13.500000000000002 9.5000000000000018 0.025158227848101254 0.48333333333333339 40.45000000000001 1402.5000000000002 38.050000000000004 9.5000000000000018 1.5000000000000002
decision_type=2 2 2 2 2 2 2 2 2 2 2 2 2 2 2 2 2 2 2 2 2 2 2 2 2 2 2 2 2 2 2 2 2 2
left_child=1 2 3 -1 25 -6 12 8 10 -10 29 -12 15 14 -14 16 17 19 -19 -5 22 -22 23 -17 -24 26 -3 -28 -29 -8 -31 -16 -27 -7
right_child=-2 4 -4 6 5 33 7 -9 9 -11 11 -13 13 -15 31 20 -18 18 -20 -21 21 -23 24 -25 -26 32 27 28 -30 30 -32 -33 -34 -35
leaf_value=-0.070684458350109641 -0.048165769741079653 -0.081392101955825358 -0.054405352560285905 0.040443811136400158 -0.096174654647531596 0.045750192075961933 0.047574719919941964 -0.088339217046077709 0.029311299556420204 -0.111647274977261 0.042771479452422385 -0.11403409597227875 0.019942044575281086 0.051721103804088689 -0.13561828874785414 -0.13150623844362097 -0.078725918169379475 0.023284121456322495 -0.093314463876688639 -0.007503001201874364 0.034262689573355119 -0.092512403943477386 0.029614101127954911 0.036382338430850161 0.042821784980101717 0.043421807393370732 0.049457715021909557 -0.02361004840507222 0.034493099959529469 -0.0009320892882080349 0.047137897744841624 -0.053732656196268033 0.053633832975123447 0.013470058685683043
leaf_weight=7.339064944535493 28.226924378424883 10.433137703686951 60.699113514274359 805.17362025380135 8.3544936217367631 20.330234259366989 279.10352982953191 25.289538931101561 11.313803166151049 15.487085316330193 17.784364446997646 12.341964665800331 4.6835520416498211 32.642898559570312 8.4867021404206771 10.045005958527325 29.483758367598057 82.756577111780643 17.048833258450031 24.775721978396177 37.567897938191891 11.189262337982653 333.51579911634326 42.14354182779789 2890.0310604646802 161.92830522730947 89.317749701440334 7.0769487693905822 29.463097982108593 23.964511938393116 41.805796787142754 8.5539577417075616 635.15707265213132 14.787844967097042
leaf_count=40 477 58 756 368 53 4 84 163 6 85 3 68 2 1 49 54 189 72 86 54 20 63 285 19 986 56 21 22 18 44 10 57 20 21
internal_value=0 0.0374752 0.0354875 0.0366572 0.0471811 0.0074599 0.0368491 0.0253296 0.0328003 -0.0475472 0.038878 -0.0174011 0.0379544 0.000786571 -0.0699941 0.0383971 0.0314203 0.0350497 0.00209615 0.0388624 0.0403724 0.00257628 0.0408969 0.00162212 0.0414942 0.0488976 0.0314865 0.041851 0.0198285 0.044156 0.0277417 -0.101986 0.0517172 0.035721
internal_weight=0 5810.08 4833.23 4772.53 976.849 43.4726 4765.19 427.091 401.801 26.8009 375 30.1263 4338.1 54.3671 21.7242 4283.73 959.239 929.755 99.8054 829.949 3324.49 48.7572 3275.74 52.1885 3223.55 933.376 136.291 125.858 36.54 344.874 65.7703 17.0407 797.085 35.1181
internal_count=4314 3837 3564 2808 273 78 2768 463 300 91 209 71 2305 109 108 2196 769 580 158 422 1427 83 1344 73 1271 195 119 61 40 138 54 106 76 25
is_linear=0
shrinkage=0.0493048


Tree=40
num_leaves=34
num_cat=0
split_feature=65 59 66 64 83 23 4 47 78 64 78 61 67 47 54 64 67 64 47 60 80 67 66 15 38 52 4 64 75 60 42 65 79
split_gain=83.1377 45.7086 40.7308 188.041 30.7691 33.2407 23.1132 45.4925 20.7991 234.086 26.0909 126.418 67.2504 20.3346 79.3996 198.46 50.2055 72.0371 46.1928 114.039 40.1443 23.2049 55.5451 15.1214 13.8486 58.541 10.5065 9.2894 5.49686 5.2303 9.49273 0.275164 0.183483
threshold=13.500000000000002 290.00000000000006 1698.5000000000002 58.650000000000013 -4.2499999999999991 1.0000000180025095e-35 2.5000000000000004 37.850000000000001 5.5000000000000009 20.150000000000002 2.5000000000000004 0.15022123893805314 909.00000000000011 36.95000000000001 36.250000000000007 4.4500000000000011 436.50000000000006 3.9500000000000006 37.45000000000001 0.020204081632653054 37.95000000000001 1619.0000000000002 1575.5000000000002 1.0000000180025095e-35 13.500000000000002 9.5000000000000018 6.5000000000000009 2.7500000000000004 0.56696428571428581 0.025158227848101254 0.48333333333333339 9.5000000000000018 1.5000000000000002
decision_type=2 2 2 2 2 2 2 2 2 2 2 2 2 2 2 2 2 2 2 2 2 2 2 2 2 2 2 2 2 2 2 2 2
left_child=1 2 3 4 5 -1 24 -8 9 10 26 -12 -13 16 15 -15 17 -10 19 -16 -20 23 -23 -18 25 -4 28 -28 -6 -27 -31 -26 -9
right_child=-2 -3 6 -5 8 -7 7 32 13 -11 11 12 -14 14 18 -17 21 -19 20 -21 -22 22 -24 -25 31 29 27 -29 -30 30 -32 -33 -34
leaf_value=-0.087565956889987334 -0.047817423345893055 -0.049902107924335734 -0.079184766423064643 -0.054007628262064469 0.041966167171201177 0.027878911558961952 -0.09390151810986945 0.045110927910238643 0.035494937129495412 -0.091619206711167966 -0.12491436936991356 -0.11246662234166199 0.032866146286160157 0.041326388851320471 -0.15192645749846709 -0.14984223094228025 0.024985959851494287 -0.14036457151946174 0.042723859149032525 0.021070687402024554 0.020611469927602908 -0.1287328777205228 0.034386913891843847 0.045128591028451688 0.042905633348316562 0.049118770815610537 0.036951119280666724 -0.028546612489802163 0.017241067646676662 -0.022274914011188751 0.033622586040658688 0.053327807818596258 0.012904803299974276
leaf_weight=10.053536329418421 27.060090199112892 13.493849910795687 9.9966267459094507 55.800843071192503 648.56649269908667 13.052169416099787 8.0194436982274038 19.620062470436096 13.948743037879469 36.675050556659698 13.421811483800409 7.576510787010192 272.15657384321094 38.552564509212971 9.7981729172170144 19.685523975640535 126.28261076658964 8.822465989738701 1199.5590446703136 139.72374505922198 268.45380930230021 6.3597068376839188 24.549690559506416 1702.7419841587543 156.34333473816514 85.800639346241951 10.419633492827417 10.16196635365486 40.853504195809364 7.1318989731371394 28.754488073289394 607.98362190276384 14.678832489997147
leaf_count=54 477 139 55 719 259 9 50 4 6 235 74 36 182 17 57 113 111 51 455 136 293 34 13 508 54 19 4 25 44 22 18 20 21
internal_value=0 0.036807 0.0370378 0.0350487 0.0361513 -0.0170336 0.0468186 0.00756145 0.0364457 0.0297547 0.034319 0.0210117 0.0284722 0.0383656 0.0340137 -0.021208 0.0421725 -0.0272954 0.0360792 0.00887071 0.0387655 0.0430903 0 0.0438063 0.0485335 0.0311712 0.0396371 0 0.0406823 0.0412781 0.0190415 0.0513606 0.034976
internal_weight=0 5629.04 5615.55 4677.22 4621.42 23.1057 938.329 42.3183 4598.31 1039.83 1003.16 293.155 279.733 3558.48 1675.77 58.2381 1882.71 22.7712 1617.53 149.522 1468.01 1859.93 30.9094 1829.02 896.011 131.684 710.002 20.5816 689.42 121.687 35.8864 764.327 34.2989
internal_count=4314 3837 3698 3435 2716 63 263 75 2653 859 624 292 218 1794 1071 130 723 57 941 193 748 666 47 619 188 114 332 29 303 59 40 74 25
is_linear=0
shrinkage=0.0493048


Tree=41
num_leaves=33
num_cat=0
split_feature=65 59 66 64 83 4 47 40 75 64 57 64 75 78 61 68 64 58 68 45 80 38 52 57 82 60 42 72 74 72 64 64
split_gain=77.9691 42.9035 40.915 175.986 33.0715 22.2229 42.072 20.8751 54.2182 138.905 50.2544 246.948 28.0749 24.3477 41.4079 16.0784 39.6403 175.585 16.7682 41.447 22.3012 13.7278 54.5064 13.5833 60.6456 5.21848 8.87689 5.17542 5.89115 1.56956 1.45522 0.444406
threshold=13.500000000000002 290.00000000000006 1698.5000000000002 58.650000000000013 -7.4999999999999991 2.5000000000000004 37.850000000000001 38.150000000000013 0.72474747474747481 37.050000000000004 2.2500000000000004 15.15 0.20714285714285713 6.5000000000000009 0.33166666666666672 302.00000000000006 31.850000000000005 7.5000000000000009 1322.0000000000002 8.5000000000000018 37.95000000000001 13.500000000000002 9.5000000000000018 -1.0000000180025095e-35 0.74166666666666681 0.025158227848101254 0.48333333333333339 6.5000000000000009 0.15000000000000005 5.5000000000000009 18.150000000000002 4.1500000000000012
decision_type=2 2 2 2 2 2 2 2 2 2 2 2 2 2 2 2 2 2 2 2 2 2 2 2 2 2 2 2 2 2 2 2
left_child=1 2 3 4 -1 21 -7 15 9 10 11 -9 -12 14 -10 27 18 -18 19 -17 -20 22 -4 -15 -25 -24 -27 28 -6 -30 -23 -8
right_child=-2 -3 5 -5 7 6 31 8 13 -11 12 -13 -14 23 -16 16 17 -19 20 -21 -22 30 25 24 -26 26 -28 -29 29 -31 -32 -33
leaf_value=-0.066634887443413837 -0.04746943272726982 -0.049172838489088225 -0.076413001252668714 -0.053581258188069324 0.039183498943331216 -0.090618605052255344 0.046588800414238171 0.02598578061332666 -0.084037667650204068 -0.085663587817554232 6.9693487344852514e-05 -0.097191586039325151 0.043179944131649065 0.050157056106516322 0.035592943073904204 0.0082273949450915613 -0.093264513420894687 0.047360809986409555 0.043807392495252263 0.036934173737026059 0.011926756724005477 0.037547623401992962 0.048562820343191641 -0.030092219483705173 0.043088402536253498 -0.021025443990094796 0.03275997449933471 0.050985333752124024 -0.0079750620811665854 0.02035162586923206 0.05247520683751928 0.013533353770458969
leaf_weight=6.8282711170613757 25.942657381296158 13.030922275036572 9.8533056043088418 53.528738632798195 41.296860389411449 7.9043838642537585 17.204912349581718 485.71528174355626 9.783888101577757 27.106346633285284 46.868459440767765 42.732468448579311 396.04646756500006 407.90196811407804 24.691250570118427 155.27528791874647 30.234857127070427 74.277202773839235 1179.352677565068 887.69329622387886 67.313550040125847 82.267101541161537 82.585034303367138 30.017783902585506 193.08439603447914 7.1838584579527369 28.074707828462124 364.60369293391705 9.7169439494609851 7.6806644871830931 650.82860785722733 16.307547848671675
leaf_count=37 477 139 55 719 20 50 4 428 53 174 78 262 153 64 14 186 158 22 351 430 69 39 19 81 74 22 18 38 19 5 35 21
internal_value=0 0.0361326 0.0363599 0.0343466 0.0354234 0.0463553 0.00735638 0.0356072 0.0308321 0.0232819 0.026453 0.0157842 0.0388992 0.0419716 0 0.0383827 0.0365903 0.00547202 0.0379563 0.03278 0.0421861 0.0480869 0.0305441 0.0441775 0.0326818 0.0405615 0.0182683 0.0482228 0.0289252 0 0.0509715 0.0342404
internal_weight=0 5456.99 5443.96 4541.75 4488.22 902.209 41.4168 4481.39 1663.95 998.469 971.363 528.448 442.915 665.479 34.4751 2817.45 2394.15 104.512 2289.63 1042.97 1246.67 860.793 127.697 631.004 223.102 117.844 35.2586 423.298 58.6945 17.3976 733.096 33.5125
internal_count=4314 3837 3698 3435 2716 263 75 2679 1381 1095 921 690 231 286 67 1298 1216 180 1036 616 420 188 114 219 155 59 40 82 44 24 74 25
is_linear=0
shrinkage=0.0493048


Tree=42
num_leaves=37
num_cat=0
split_feature=65 66 64 61 83 40 80 60 41 80 81 64 82 60 52 74 56 64 64 74 83 41 0 38 72 38 52 82 61 1 78 1 42 57 40 52
split_gain=73.1464 42.0036 170.83 40.298 31.5409 21.6776 98.6671 46.3534 35.3466 38.5001 34.9302 328.284 30.6307 27.3781 120.221 26.6691 94.9395 35.4583 23.8613 15.6283 24.6936 36.9305 15.8128 15.486 46.903 10.1148 16.4097 3.9758 4.28699 3.57305 3.11831 2.15644 1.21651 0.272633 0.157292 0.146718
threshold=13.500000000000002 1698.5000000000002 58.650000000000013 0.074537037037037013 -7.4999999999999991 35.750000000000007 39.95000000000001 -1.0000000180025095e-35 4.8500000000000005 39.650000000000013 1.6500000000000001 30.900000000000002 0.13809523809523808 0.12829175329175327 105.00000000000001 1.2500000000000002 0.25833333333333336 1.7500000000000002 2.6500000000000008 0.55000000000000016 -1.4499999999999995 14.050000000000002 3.5000000000000004 13.500000000000002 4.5000000000000009 4.5000000000000009 12.500000000000002 0.087121212121212113 0.22110323886639674 1.5000000000000002 25.000000000000004 2.5000000000000004 0.69615384615384623 1.0000000180025095e-35 38.050000000000004 75.000000000000014
decision_type=2 2 2 2 2 2 2 2 2 2 2 2 2 2 2 2 2 2 2 2 2 2 2 2 2 2 2 2 2 2 2 2 2 2 2 2
left_child=1 2 4 -3 -1 13 7 -7 10 -10 11 -9 -12 15 -15 19 27 -18 -8 20 21 -6 -22 24 -5 32 -27 -17 -29 -25 35 -32 -26 -28 -20 -31
right_child=-2 3 -4 23 5 6 18 8 9 -11 12 -13 -14 14 -16 16 17 -19 34 -21 22 -23 -24 29 25 26 33 28 -30 30 31 -33 -34 -35 -36 -37
leaf_value=-0.064098981315947628 -0.047121065322129986 -0.083806733033886846 -0.053154531604753023 -0.078679678890001561 -0.14391513261124902 -0.084532909437719975 0.016564869742829929 0.033411246081905994 -0.081039869550704524 0.038693116035467601 -0.025948613575235049 -0.092000954977474222 0.0432491642119949 -0.18293197408229697 0.043968664230504328 0.047642744094765203 0.01788715570896747 -0.13594536570525589 -0.12401191055202973 0.049725212021728527 0.020128689717782575 0.032184929394426139 0.049541679157584381 0.051754486189020142 0.02576199311831746 -0.064201791871057581 0.040768659393463004 0 0.032901915648383316 0.022961342210205613 0.027074808017856122 0 0.051147203720745334 0.0062379890104530926 -0.055315896282297543 0.04885335595881176
leaf_weight=6.9563589468598357 24.872879169881344 5.0824233554303637 53.569884039461613 8.4053941145539266 4.6649032905697805 7.4627389162778845 4.3618622422218349 2226.8155675940216 13.551075838506222 11.037932217121124 13.52187681943178 51.385114748030901 973.41713969036937 7.0504559129476538 28.505912557244301 54.259187366813421 3.3267245292663565 11.930229306221007 8.1158672384917754 678.01684717088938 101.74309247732162 5.5895366668701172 119.23443254828453 632.64747869968414 31.00677503272891 5.477412614971402 11.045545339584352 10.913614988327028 14.463942691683767 24.235020842403173 10.111093029379846 11.465406559407709 72.367067068815231 12.311398625373839 11.287871289998291 44.264672126621008
leaf_count=40 477 35 756 48 26 38 2 1417 80 3 38 313 352 44 7 11 1 68 47 102 88 1 19 43 34 33 3 19 7 21 5 22 7 17 85 5
internal_value=0 0.0354781 0.0334243 0.0457889 0.0345151 0.0347015 0.0325737 0.0333206 0.0336266 -0.0222629 0.0340858 0.0305266 0.0421742 0.041377 0 0.042883 0.0159143 -0.0943056 -0.0657217 0.0455601 0.0328042 -0.0360511 0.0365671 0.0466991 0.0294209 0.0372524 0.0060573 0.0386225 0.0144051 0.0498871 0.0353774 0.0100774 0.0447464 0.0279192 -0.0906131 0.0415232
internal_weight=0 5289.6 4421.18 868.42 4367.61 4360.66 3320.96 3297.19 3289.73 24.589 3265.14 2278.2 986.939 1039.7 35.5564 1004.14 94.8937 15.257 23.7656 909.249 231.232 10.2544 220.978 863.337 140.614 132.208 28.8344 79.6367 25.3776 722.724 90.0762 21.5765 103.374 23.3569 19.4037 68.4997
internal_count=4314 3837 3564 273 2808 2768 2375 2241 2203 83 2120 1730 390 393 51 342 106 69 134 236 134 27 107 238 142 94 53 37 26 96 53 27 41 20 132 26
is_linear=0
shrinkage=0.0493048


Tree=43
num_leaves=37
num_cat=0
split_feature=65 66 64 61 83 40 80 60 81 64 15 60 52 74 56 64 45 64 64 74 0 65 38 72 82 38 52 82 61 1 4 7 63 42 38 57
split_gain=68.5887 42.1234 159.851 37.9675 29.4728 21.855 91.4591 43.0579 34.6892 344.557 27.1552 26.0509 105.344 25.4948 86.5085 32.1613 24.6946 126.211 22.3339 15.6263 23.9683 151.168 15.1935 43.7221 11.2221 9.59169 15.2558 3.96035 4.05954 3.76591 11.6334 5.02005 30.3227 1.34838 0.267817 0.213543
threshold=13.500000000000002 1698.5000000000002 58.650000000000013 0.074537037037037013 -7.4999999999999991 35.750000000000007 39.95000000000001 -1.0000000180025095e-35 1.8500000000000003 30.900000000000002 1.5000000000000002 0.12829175329175327 105.00000000000001 1.2500000000000002 0.25833333333333336 1.7500000000000002 12.500000000000002 13.250000000000002 2.6500000000000008 0.55000000000000016 3.5000000000000004 4.5000000000000009 13.500000000000002 4.5000000000000009 0.58578431372549034 4.5000000000000009 12.500000000000002 0.087121212121212113 0.22110323886639674 1.5000000000000002 1.0000000180025095e-35 2.5000000000000004 13.500000000000002 0.69615384615384623 7.5000000000000009 1.0000000180025095e-35
decision_type=2 2 2 2 2 2 2 2 2 2 2 2 2 2 2 2 2 2 2 2 2 2 2 2 2 2 2 2 2 2 2 2 2 2 2 2
left_child=1 2 4 -3 -1 11 7 -7 9 10 -9 13 -13 19 27 -16 17 -10 -8 20 21 -6 23 -5 -18 33 -27 -15 -29 -24 -31 -32 -33 -25 -21 -28
right_child=-2 3 -4 22 5 6 18 8 16 -11 -12 12 -14 14 15 -17 24 -19 -20 34 -22 -23 29 25 -26 26 35 28 -30 30 31 32 -34 -35 -36 -37
leaf_value=-0.062123604293345201 -0.046771606299057404 -0.0810296297214088 -0.05276126607326978 -0.075999934975833433 0.033342313889427287 -0.081663258718163947 0.015956179430620422 0.021787506429003903 0.03952823067175356 -0.091295835360912944 0.035501769838065377 -0.16604829090577342 0.04329523275984317 0.047078526012579253 0.017256955924089826 -0.12864860954615487 0.032292172941683392 -0.10189403021160262 -0.087702129697963302 0.038512599276107964 0.048308816245963525 -0.16628157282244893 0.051429443364519489 0.024910354909617467 0.05062746073335847 -0.062242050251477943 0.039991298561995882 0 0.032082327018515065 0.045278644827238465 0.031762715520663259 -0.11508523681451395 0.031983719773098891 0.050746026639817941 0.050938697661946308 0.0059551344164175939
leaf_weight=6.827989049255847 23.849042572081089 5.0006778314709655 51.363571934401989 8.277152903378008 100.04556456953287 7.3481631129980078 4.3076810687780407 500.76090390793979 129.27397289872169 55.288281455636024 1854.116010338068 7.3788135945796958 27.546614646911621 52.252858314663172 3.2806231975555411 11.985628463327883 151.00620517879725 17.011074040085077 19.134744260460138 98.895994320511818 115.04371520876884 10.013653948903082 605.92322451621294 30.499909281730652 494.80152348801494 5.374969486147168 10.714084893465044 10.913614988327028 14.111883148550985 65.22090520709753 9.0780491977930087 5.1143189035356018 8.309816513210535 69.416877016425133 552.63348989188671 12.263179898262022
leaf_count=40 477 35 756 48 55 38 2 506 66 349 1033 44 7 11 1 68 99 94 132 42 21 58 43 34 56 33 3 19 7 15 3 30 5 7 60 17
internal_value=0 0.0348095 0.0327331 0.0453377 0.0337975 0.0339819 0.0318272 0.0325618 0.0328636 0.0297428 0.0326386 0.0407948 0 0.0423028 0.0155511 -0.0891987 0.042201 0.0222129 -0.0633622 0.0449844 0.0320934 0.0140044 0.0462519 0.0288772 0.0465347 0.0366325 0.00586179 0.0378829 0.0136826 0.0494914 0.0346729 0 -0.0149566 0.0441149 0.0492455 0.0272653
internal_weight=0 5130.54 4295.34 835.193 4243.98 4237.15 3233.05 3209.61 3202.26 2410.17 2354.88 1004.1 34.9254 969.177 92.5446 15.2663 792.093 146.285 23.4424 876.632 225.103 110.059 830.192 136.546 645.808 128.269 28.3522 77.2784 25.0255 693.646 87.7231 22.5022 13.4241 99.9168 651.529 22.9773
internal_count=4314 3837 3564 273 2808 2768 2375 2241 2203 1888 1539 393 51 342 106 69 315 160 134 236 134 113 238 142 155 94 53 37 26 96 53 38 35 41 102 20
is_linear=0
shrinkage=0.0493048


Tree=44
num_leaves=34
num_cat=0
split_feature=65 66 64 61 83 40 80 60 81 64 80 60 52 74 56 64 14 65 74 64 4 47 74 0 65 64 56 64 15 3 82 39 38
split_gain=64.3468 42.1798 149.65 35.8078 27.5627 22.0377 84.6591 40.0379 34.5035 319.514 26.5017 24.8135 93.1024 24.424 78.9483 29.331 24.2413 55.8502 23.8178 21.1503 17.1248 34.432 15.3861 23.1007 134.395 10.2918 30.1638 43.66 5.1936 10.4981 3.94005 6.9378 0.461704
threshold=13.500000000000002 1698.5000000000002 58.650000000000013 0.074537037037037013 -7.4999999999999991 35.750000000000007 39.95000000000001 -1.0000000180025095e-35 1.8500000000000003 30.900000000000002 38.150000000000013 0.12829175329175327 105.00000000000001 1.2500000000000002 0.25833333333333336 1.7500000000000002 1.5000000000000002 3.5000000000000004 0.75000000000000011 2.6500000000000008 2.5000000000000004 37.850000000000001 0.55000000000000016 3.5000000000000004 4.5000000000000009 18.150000000000002 0.25833333333333336 3.5500000000000003 7.5000000000000009 10.500000000000002 0.087121212121212113 11.500000000000002 7.5000000000000009
decision_type=2 2 2 2 2 2 2 2 2 2 2 2 2 2 2 2 2 2 2 2 2 2 2 2 2 2 2 2 2 2 2 2 2
left_child=1 2 4 -3 -1 11 7 -7 9 10 -9 13 -13 22 30 -16 18 -18 -10 -8 25 -22 23 24 -6 26 27 -5 29 -28 -15 -32 -24
right_child=-2 3 -4 20 5 6 19 8 16 -11 -12 12 -14 14 15 -17 17 -19 -20 -21 21 -23 32 -25 -26 -27 28 -29 -30 -31 31 -33 -34
leaf_value=-0.060246614247257933 -0.046420385419801161 -0.07835782252229187 -0.052378163847680223 0.040638440376895416 0.032557047849904881 -0.079010023456819317 0.015363536523246825 0.033470101340234912 0.0023835721474421935 -0.088916030999045534 0.013346557001253003 -0.15213349620525154 0.042622085992957977 0.046516606141465119 0.016641731919475839 -0.12216595023941149 0.037560231551520433 -0.11804172679693929 0.045479858018315819 -0.08566706616397253 -0.083211076951435092 0.034857304397763425 0.037744122796393907 0.04777843780617811 -0.1532113164687591 0.050665406563440152 -0.015633214148737629 -0.11525159676134936 0.048394401388678301 0.038252236184727534 -0.010067371253453425 0.036737480012737918 0.050537606726598662
leaf_weight=6.6979198828339568 22.869455918669701 4.9194476604461661 49.241485452279449 8.5217282772064227 97.472903236746788 7.2246947363018981 4.2559082061052349 2103.1547247506678 39.045936811715364 54.002322878688574 195.25518026016653 7.6522618457674971 26.625735551118851 50.325364574790001 3.2365610599517813 12.00059153139591 21.72499313950539 7.5067489854991427 696.38118949905038 18.636808404698968 7.1559825055301181 30.374592665582895 96.007818602025509 110.69491522759199 10.326431132853029 617.94698492065072 10.259978841990231 7.7114238776266566 92.999303087592125 22.911919042468071 9.886172354221344 14.802081882953644 530.11840101331472
leaf_count=40 477 35 756 2 55 38 2 1299 58 349 240 44 7 11 1 68 9 44 204 132 48 22 42 21 58 72 25 41 19 9 21 5 60
internal_value=0 0.034167 0.0320691 0.0449132 0.0331083 0.0332909 0.0311087 0.0318275 0.0321252 0.0289893 0.0318149 0.0402475 0 0.0417585 0.0151955 -0.0845676 0.0416082 0 0.043361 -0.0614662 0.0458324 0.00897985 0.0444489 0.0314726 0.0135658 0.0474874 0.032815 -0.0258581 0.0413541 0.017842 0.037146 0.0129772 0.0487766
internal_weight=0 4975.08 4172.28 802.801 4123.04 4116.34 3147.19 3124.3 3117.07 2352.41 2298.41 969.149 34.278 934.871 90.2508 15.2372 764.659 29.2317 735.427 22.8927 797.882 37.5306 844.62 218.494 107.799 760.351 142.404 16.2332 126.171 33.1719 75.0136 24.6883 626.126
internal_count=4314 3837 3564 273 2808 2768 2375 2241 2203 1888 1539 393 51 342 106 69 315 53 262 134 238 70 236 134 113 168 96 43 53 34 37 26 102
is_linear=0
shrinkage=0.0493048


Tree=45
num_leaves=34
num_cat=0
split_feature=65 66 64 61 83 40 80 60 83 55 38 64 42 49 61 60 52 74 56 64 64 39 4 47 74 39 38 52 60 38 82 65 63
split_gain=60.3442 42.1004 140.058 33.7778 25.7775 22.2881 78.3146 37.2414 36.3229 34.1338 53.8059 153.282 53.6859 25.0628 64.9731 23.4295 81.8505 21.6378 65.3964 25.8227 20.0456 17.7245 16.6286 31.8574 13.0601 14.0508 10.3133 40.3756 5.59331 4.175 3.90201 0.593983 0.16345
threshold=13.500000000000002 1698.5000000000002 58.650000000000013 0.074537037037037013 -7.4999999999999991 35.750000000000007 39.95000000000001 -1.0000000180025095e-35 -2.8499999999999992 2.1500000000000008 6.5000000000000009 20.950000000000003 0.55050505050505061 0.63068181818181823 0.17958733974358979 0.12829175329175327 105.00000000000001 1.2500000000000002 0.25833333333333336 1.7500000000000002 2.6500000000000008 12.500000000000002 2.5000000000000004 37.850000000000001 0.55000000000000016 4.5000000000000009 13.500000000000002 9.5000000000000018 0.025158227848101254 2.5000000000000004 0.087121212121212113 9.5000000000000018 5.5000000000000009
decision_type=2 2 2 2 2 2 2 2 2 2 2 2 2 2 2 2 2 2 2 2 2 2 2 2 2 2 2 2 2 2 2 2 2
left_child=1 2 4 -3 -1 8 7 -7 -6 10 11 -9 -12 21 -15 17 -17 24 30 -20 -8 -11 26 -24 25 -10 27 -5 -29 -30 -19 -28 -31
right_child=-2 3 -4 22 5 6 20 9 15 13 12 -13 -14 14 -16 16 -18 18 19 -21 -22 -23 23 -25 -26 -27 31 28 29 32 -32 -33 -34
leaf_value=-0.058458438171738097 -0.046066763757706429 -0.07578559325968659 -0.052004223054350436 -0.066772196913310336 -0.094951561221329209 -0.076542730680414006 0.014786909328200846 0.020035563625713307 0.036855465762384104 0.046764440838971216 0.037343535931319762 -0.098193609841608992 0.01855021742378225 -0.10915654702678072 0.029327950597686881 -0.14160703336289912 0.041948453391333677 0.045955831547005319 0.016041557310458986 -0.11462473614381327 -0.083705965880354075 0.012591145388398258 -0.080589152518185783 0.033989500878840687 0.048725883312894985 0 0.040528072786174471 0.048402205625327981 0.032283737992108791 0.00042617389812473779 0.012291508881297011 0.052158682136681407 -0.0066220932607381836
leaf_weight=6.5668136924505225 21.932461302727461 4.8388359136879435 47.201434114947915 8.6508369110524637 4.2646677866578093 7.0942566394805899 4.2064476311206844 384.31450908258557 184.85552105307579 609.61594551615417 1310.647608814761 28.369434855878353 559.17700086906552 8.8338302187621576 85.343032576143742 7.6266832016408435 25.742221534252167 48.474714629352093 3.19445776939392 11.182315984740852 18.146188985556364 50.163329105824232 7.0288195665925732 29.633912023156881 600.44753408432007 25.301330678164959 130.29318888485432 71.098302781581879 17.35885073244572 5.4398818686604491 24.317774377763271 488.36836642026901 9.0041567943990213
leaf_count=40 477 35 756 50 21 38 2 382 87 168 696 180 592 52 66 43 7 11 1 64 132 67 48 22 96 37 51 14 11 7 26 15 20
internal_value=0 0.0335151 0.0313998 0.0444673 0.0324135 0.0325942 0.030383 0.0310855 0.0397075 0.0313788 0.0281944 0.0115993 0.0317903 0.0408524 0.0149834 0.0404612 0 0.041969 0.0162728 -0.0769933 -0.0596222 0.0443555 0.0453916 0.00858006 0.0445781 0.0321297 0.0470691 0.0301744 0.039552 0.0158303 0.036428 0.0499126 0
internal_weight=0 4826.8 4055.09 771.715 4007.89 4001.32 3065.91 3043.56 935.407 3036.46 2282.51 412.684 1869.82 753.956 94.1769 931.143 33.3689 897.774 87.1693 14.3768 22.3526 659.779 766.876 36.6627 810.604 210.157 730.214 111.552 102.901 31.8029 72.7925 618.662 14.444
internal_count=4314 3837 3564 273 2808 2768 2375 2241 393 2203 1850 562 1288 353 118 372 50 322 102 65 134 235 238 70 220 124 168 102 52 38 37 66 27
is_linear=0
shrinkage=0.0493048


Tree=46
num_leaves=36
num_cat=0
split_feature=65 66 64 61 83 40 80 81 64 58 56 15 65 38 60 52 74 56 64 45 65 4 48 74 0 65 64 56 64 82 65 15 3 38 79
split_gain=56.55 42.2418 130.976 31.8858 24.0961 22.4245 72.3741 35.1852 295.545 34.1623 61.1634 27.8013 140.117 23.1962 22.4401 74.1849 22.2616 83.3804 19.0126 17.318 75.3553 16.1597 30.1292 15.3058 22.8033 119.823 10.392 27.7454 39.4958 7.38873 5.29649 5.24173 9.79989 0.953545 0.835217
threshold=13.500000000000002 1698.5000000000002 58.650000000000013 0.074537037037037013 -7.4999999999999991 35.750000000000007 39.95000000000001 1.8500000000000003 30.900000000000002 9.5000000000000018 0.12916666666666668 1.5000000000000002 6.5000000000000009 6.5000000000000009 0.12829175329175327 105.00000000000001 1.2500000000000002 0.34313725490196084 2.6500000000000008 12.500000000000002 6.5000000000000009 2.5000000000000004 1.1500000000000001 0.55000000000000016 3.5000000000000004 4.5000000000000009 18.150000000000002 0.25833333333333336 3.5500000000000003 0.58578431372549034 2.5000000000000004 7.5000000000000009 10.500000000000002 7.5000000000000009 1.5000000000000002
decision_type=2 2 2 2 2 2 2 2 2 2 2 2 2 2 2 2 2 2 2 2 2 2 2 2 2 2 2 2 2 2 2 2 2 2 2
left_child=1 2 4 -3 -1 14 7 8 11 19 -11 12 -7 -13 16 -16 23 30 -8 20 -9 26 34 24 25 -6 27 28 -5 -21 -18 32 -29 -25 -23
right_child=-2 3 -4 21 5 6 18 9 -10 10 -12 13 -14 -15 15 -17 17 -19 -20 29 -22 22 -24 33 -26 -27 -28 31 -30 -31 -32 -33 -34 -35 -36
leaf_value=-0.056750593224788794 -0.045710114665246514 -0.073307751363115181 -0.051638488308786201 0.039581990490398927 0.031020222050810856 0.024010095407818031 0.014226257661587813 0.036506916284217497 -0.086787848133779752 0.039036434336723894 -0.10667103484164531 0.019496828419295918 -0.12248763684083239 0.035684537041426607 -0.13055734496155183 0.041273682218169051 0.048010157439133311 -0.10876122852898354 -0.081812399886580775 0.033401312677222426 -0.094776451102640644 0.044744114400530673 -0.082617179434143304 0.03605162893005788 0.04688743312061891 -0.14357739871239958 0.050009467790483403 -0.015729549470935127 -0.11026860437925848 0.050255420775195819 0.014092390923117162 0.047519614378501961 0.0370182493814891 0.049766060190248679 0.0083912468238025555
leaf_weight=6.4352642185986033 21.036439910531044 4.7589294426143161 45.241179075092077 8.1357562541961652 92.677166879177094 456.88218832761049 4.1592059880495098 114.76302240043879 53.4740258641541 19.689867272973064 10.551669850945471 298.23377807438374 16.174265220761299 1422.5641668085009 8.0546313375234586 24.894986122846603 41.359106130897999 11.095632778480647 17.663731180131435 137.35673452168703 11.256574150174854 16.067496553063396 6.485782377421855 89.787342794239521 103.61003552377224 10.491601295769213 567.2400323189795 10.139401856809856 7.6325776614248744 427.85791910812259 33.439657963812351 86.416087925434113 21.728949405252934 488.28305917978287 13.274019870907066
leaf_count=40 477 35 756 2 55 412 2 64 353 9 59 307 100 745 44 7 9 64 132 86 62 3 45 42 21 58 72 25 41 44 33 19 9 60 22
internal_value=0 0.0328413 0.0307057 0.044031 0.031693 0.0318716 0.0296377 0.0303232 0.027108 0.0401642 -0.0077585 0.0299421 0.0187299 0.0329517 0.0391253 0 0.0406369 0.01453 -0.0578258 0.0424409 0.0237713 0.0449606 0.00818345 0.0433349 0.0300962 0.0120183 0.0466617 0.0315592 -0.0251649 0.0463818 0.0345218 0.040177 0.0163391 0.0478532 0.03256
internal_weight=0 4687.88 3946 741.879 3900.76 3894.32 2990.63 2968.8 2247.33 721.476 30.2415 2193.85 473.056 1720.8 903.693 32.9496 870.744 85.8944 21.8229 691.234 126.02 737.12 35.8273 784.849 206.779 103.169 701.293 134.053 15.7683 565.215 74.7988 118.284 31.8684 578.07 29.3415
internal_count=4314 3837 3564 273 2808 2768 2375 2241 1917 324 68 1564 512 1052 393 51 342 106 134 256 126 238 70 236 134 113 168 96 43 130 42 53 34 102 25
is_linear=0
shrinkage=0.0493048


Tree=47
num_leaves=40
num_cat=0
split_feature=65 66 64 61 83 33 40 80 55 38 64 66 42 42 49 41 83 47 15 60 52 42 74 56 64 42 41 42 74 39 40 40 52 61 1 74 52 49 49
split_gain=53.0533 41.9431 122.635 30.1153 23.1905 34.0376 22.6889 66.3257 34.9903 50.9351 135.394 61.8408 54.4721 167.241 25.0517 59.8189 24.1259 22.5602 22.3656 21.2191 65.9045 19.9066 19.7852 71.1334 18.0949 17.7802 15.877 15.786 13.173 13.0113 10.0681 46.1532 9.57165 5.44401 2.80148 14.2796 2.3746 3.11216 5.2948
threshold=13.500000000000002 1698.5000000000002 58.650000000000013 0.074537037037037013 -4.2499999999999991 1.0000000180025095e-35 35.750000000000007 39.95000000000001 2.1500000000000008 6.5000000000000009 20.950000000000003 1402.5000000000002 0.55050505050505061 0.63068181818181823 0.63068181818181823 1.2500000000000002 -2.8499999999999992 39.45000000000001 7.5000000000000009 0.12829175329175327 105.00000000000001 0.095454545454545472 1.2500000000000002 0.34313725490196084 2.6500000000000008 0.087121212121212113 0.35000000000000003 0.4330357142857143 0.55000000000000016 4.5000000000000009 38.850000000000001 41.050000000000004 7.5000000000000009 0.2175666199158485 1.5000000000000002 0.75000000000000011 15.500000000000002 0.24264705882352941 0.46410256410256417
decision_type=2 2 2 2 2 2 2 2 2 2 2 2 2 2 2 2 2 2 2 2 2 2 2 2 2 2 2 2 2 2 2 2 2 2 2 2 2 2 2
left_child=1 2 4 -3 5 -1 16 8 9 10 11 -8 17 -14 21 -16 -6 -11 -17 22 -21 25 28 33 -9 -10 27 -5 29 -18 34 -32 -23 -24 -28 -36 37 -33 -39
right_child=-2 3 -4 26 6 -7 7 24 14 12 -12 -13 13 -15 15 18 19 -19 -20 20 -22 32 23 -25 -26 -27 30 -29 -30 -31 31 36 -34 -35 35 -37 -38 38 -40
leaf_value=-0.083118973673532784 -0.045349848455369164 -0.070919520270400577 -0.051280046552127798 -0.08109050679210833 -0.082985284918201188 0.040362942099475427 0.029658654498610899 0.013681504167884079 -0.1009831589889125 0.036875727784887333 -0.093468548747424385 -0.016597946796603414 -0.10611350243505209 0.022817556539452825 -0.11597482867076597 -0.020001223857416376 0.035494207180464692 -0.0025767966892062451 0.040124724976670516 -0.12289263094000247 0.040597216305223421 0.013926803937624294 0.0087471603216099942 -0.10171960141429623 -0.080302630330468083 0.018930243292580719 0.050395747999055204 0.026228704094675499 0.047834717608345713 0 -0.078258851117368688 0.03406851332803644 0.046157567218591586 0.044948787862516985 -0.0009399457610793472 0.043770154123752396 0.045255823894474134 0.018619681420543762 -0.056306085796587059
leaf_weight=10.556654438376427 20.179806690663099 4.6798040866851798 43.358448447659612 4.5386038161814222 3.2555370777845374 9.7628216072916985 284.35882843658328 4.114093184471133 4.1090356633067113 1208.8345790468156 28.102706735953689 89.550427857786417 25.402910646051168 502.34677769429982 7.5891215689480296 16.399653449654579 174.17496714740992 30.238511713221669 66.063634909689426 7.9422666206955901 24.082920856773853 35.087417325004935 25.098430961370468 10.428695375099776 16.94259032420814 7.7427243664860725 512.21963399276137 12.040511973202229 554.30233313888311 24.80302831530571 8.4048642627894861 8.7304107025265711 572.80297019332647 47.547809220850468 15.583689562976359 76.408034024760127 61.442411087453365 5.8924184367060644 3.37775968760252
leaf_count=66 477 35 756 27 17 2 206 2 22 632 183 182 117 470 41 48 87 70 30 43 7 53 30 61 130 8 46 10 96 37 51 2 157 11 30 30 15 6 21
internal_value=0 0.0322172 0.0300686 0.0435925 0.0310321 -0.0177125 0.0313279 0.0290542 0.0297205 0.0264345 0.0101212 0.0182473 0.0300757 0.0163695 0.0395843 0.0132169 0.0387478 0.0358125 0.0266567 0.0393506 0 0.0432141 0.0408587 0.0155737 -0.0560516 -0.0123526 0.0445275 0 0.0434813 0.0307228 0.0456724 0.0266105 0.0445026 0.0341624 0.0482364 0.0348474 0.0392988 0.0120233 0
internal_weight=0 4548.32 3835 713.318 3791.64 20.3195 3771.32 2899.69 2878.63 2168.83 402.012 373.909 1766.82 527.75 709.795 90.0524 871.636 1239.07 82.4633 868.38 32.0252 619.742 836.355 83.0749 21.0567 11.8518 708.638 16.5791 753.28 198.978 692.059 87.8479 607.89 72.6462 604.211 91.9917 79.443 18.0006 9.27018
internal_count=4314 3837 3564 273 2808 68 2740 2351 2219 1860 571 388 1289 587 359 119 389 702 78 372 50 240 322 102 132 30 238 37 220 124 201 95 210 41 106 60 44 29 27
is_linear=0
shrinkage=0.0493048


Tree=48
num_leaves=49
num_cat=0
split_feature=65 66 64 61 40 80 81 64 58 56 49 80 64 45 64 11 23 80 74 60 60 52 64 75 38 42 80 74 56 64 71 71 56 74 0 65 38 72 52 1 4 7 63 38 48 79 52 82
split_gain=49.7284 41.8297 114.718 28.4589 23.0555 61.5241 36.7727 270.086 31.9591 55.3451 29.0137 74.4135 148.116 57.7578 120.813 48.4178 21.6588 62.7997 18.0169 36.7646 17.864 59.9011 17.1348 16.8785 15.3655 29.1979 26.7393 14.9114 45.2234 19.2068 11.9974 22.5787 11.6408 8.36469 18.9051 88.4077 6.8739 6.45067 9.22869 4.51089 10.7868 3.672 24.3013 3.51338 3.51198 7.46956 0.430801 0.156108
threshold=13.500000000000002 1698.5000000000002 58.650000000000013 0.074537037037037013 35.750000000000007 39.95000000000001 1.8500000000000003 30.900000000000002 9.5000000000000018 0.12916666666666668 0.44097222222222227 38.150000000000013 6.6500000000000012 9.5000000000000018 9.4500000000000011 1.5000000000000002 1.0000000180025095e-35 37.350000000000001 0.75000000000000011 0.053667434715821756 0.12829175329175327 105.00000000000001 2.6500000000000008 0.12916666666666668 13.500000000000002 0.20714285714285713 36.350000000000001 1.2500000000000002 0.25833333333333336 1.7500000000000002 11.500000000000002 9.5000000000000018 0.62019230769230782 0.55000000000000016 3.5000000000000004 4.5000000000000009 4.5000000000000009 13.500000000000002 25.000000000000004 1.5000000000000002 1.0000000180025095e-35 2.5000000000000004 13.500000000000002 7.5000000000000009 3.5500000000000003 15.500000000000002 9.5000000000000018 0.58578431372549034
decision_type=2 2 2 2 2 2 2 2 2 2 2 2 2 2 2 2 2 2 2 2 2 2 2 2 2 2 2 2 2 2 2 2 2 2 2 2 2 2 2 2 2 2 2 2 2 2 2 2
left_child=1 2 4 -3 16 6 7 10 18 -10 11 23 -13 14 -12 -15 20 -18 19 46 27 -22 -7 -6 25 -5 -27 33 44 -30 31 -20 -21 34 35 -1 -28 38 -38 -26 -41 -42 -43 -35 45 -29 -8 -32
right_child=-2 3 -4 24 5 22 8 -9 9 -11 13 12 -14 15 -16 -17 17 -19 30 32 21 -23 -24 -25 39 26 36 28 29 -31 47 -33 -34 43 -36 -37 37 -39 -40 40 41 42 -44 -45 -46 -47 -48 -49
leaf_value=0.031054135932869913 -0.044985416683059672 -0.068616455064517093 -0.050928022740350534 -0.071077743702730109 0.021076211786568634 0.013152550865778739 0 -0.08399404491829536 0.037980827877419403 -0.10219645312686504 0.01307644417380506 0.024268344021979707 -0.1393377097965843 0.028411673610268848 -0.10757845019448166 -0.056010364491921059 -0.14975459393150792 0.031237650823071048 0.034984523591421617 -0.0096914130574643747 -0.11598793786539698 0.042461055071629561 -0.078201558064152354 0.038611799930340536 0.050026741560289391 -0.060229476036162931 0.046065558820155388 -0.0079955519760163598 0.013332617445417088 -0.099953311801523309 0.037065720001708165 -0.029595186258665189 0.042977644509927637 0.03053129280425191 0.048431523914922572 -0.13133977682336037 -0.069383961171330624 0.032160041010065921 0.015860167139677982 0.042661917888791957 0.02721819606362471 -0.10464957283859162 0.028409487103833609 0.049416452175905616 0.045633252017029405 0.040559333901634437 -0.16104085834136916 0.049446378026999263
leaf_weight=87.890113830566406 19.361015684902668 4.6015281695872536 41.550950916483998 6.3726750947535029 193.55044459551573 4.0710216015577343 1.645564667880534 52.936747854575515 18.738519877195362 10.431957658380268 105.13219222798944 53.239930458366871 17.701886236667633 670.80964069068432 24.683847144246101 15.93553940579295 5.7125918604433563 24.342439716681838 95.850375007838011 10.926986783742903 7.7177242711186436 22.890005454421043 16.723059080541134 1014.9141239821911 488.92197148874402 6.1191338468343011 81.334698211401701 11.650327645242214 3.0147917270660392 9.7777185570448619 99.205634038895369 13.135666757822035 27.541509740054607 65.357547678053379 96.289243094623089 8.7695232331752759 4.8669761419296265 14.528566747903824 4.3973422795534134 54.388205572962761 7.7079073637723949 5.1001352965831739 7.4482816830277443 445.22011256963015 42.313835278153419 12.853548958897591 2.6162873432040215 396.64193583279848
leaf_count=52 477 35 756 37 181 2 10 359 9 59 119 50 105 471 149 55 33 19 64 22 40 5 132 464 43 41 24 23 1 55 52 37 9 38 15 49 30 8 2 15 3 30 5 54 10 3 16 46
internal_value=0 0.031565 0.0294017 0.0431538 0.0303403 0.0280457 0.0286967 0.025372 0.0390686 -0.0079524 0.0281948 0.0329948 -0.0148511 0.0205207 -0.00893005 0.026269 0.0379322 0 0.041379 0.00680403 0.039455 0 -0.0543541 0.0359068 0.0440947 0.0254691 0.0321372 0.0409021 0.0178505 -0.0635965 0.0436156 0.0260536 0.0247921 0.0433329 0.0323305 0.0149937 0.0387138 0.00833358 -0.0156398 0.0477596 0.0312286 0 -0.015925 0.0472447 0.0353283 0.0124274 -0.125524 0.0472228
internal_weight=0 4417.57 3731.78 685.787 3690.23 2846.43 2825.64 2148.9 676.734 29.1705 2095.97 1279.41 70.9418 816.561 129.816 686.745 843.8 30.055 647.564 42.7303 813.744 30.6077 20.7941 1208.46 681.186 117.619 111.247 783.137 79.6102 12.7925 604.834 108.986 38.4685 703.527 192.949 96.6596 105.128 23.7929 9.26432 563.567 74.6445 20.2563 12.5484 510.578 66.8177 24.5039 4.26185 495.848
internal_count=4314 3837 3564 273 2808 2411 2277 1953 324 68 1594 800 155 794 268 526 397 52 256 57 345 45 134 645 238 142 105 300 92 56 199 101 31 208 116 101 64 40 32 96 53 38 35 92 36 26 26 98
is_linear=0
shrinkage=0.0493048


Tree=49
num_leaves=47
num_cat=0
split_feature=65 66 64 61 40 80 81 64 58 56 49 80 64 65 72 45 23 80 14 65 74 60 60 52 75 64 41 74 56 64 57 19 47 64 72 83 71 38 67 82 39 64 54 65 65 64
split_gain=46.6782 41.505 107.465 26.9288 22.8758 56.8969 35.827 250.853 30.0998 50.9092 27.9275 69.5942 133.469 56.5149 217.684 46.0392 20.7129 55.567 18.0276 36.6343 17.7786 23.6888 17.0077 54.3137 16.5719 16.2829 15.1458 14.2968 41.5034 17.8623 13.8273 10.1944 33.6173 51.4497 8.39927 8.74371 6.3648 6.28108 5.84935 3.54483 5.23789 3.23306 4.77904 2.98433 3.06784 2.10928
threshold=13.500000000000002 1698.5000000000002 58.650000000000013 0.074537037037037013 35.750000000000007 39.95000000000001 1.8500000000000003 30.900000000000002 9.5000000000000018 0.12916666666666668 0.44097222222222227 38.150000000000013 6.4500000000000011 7.5000000000000009 1.5000000000000002 9.5000000000000018 1.0000000180025095e-35 37.350000000000001 1.5000000000000002 3.5000000000000004 0.75000000000000011 0.053667434715821756 0.12829175329175327 105.00000000000001 0.12916666666666668 2.6500000000000008 0.35000000000000003 1.2500000000000002 0.25833333333333336 1.7500000000000002 0.75000000000000011 3.5000000000000004 37.850000000000001 3.7500000000000004 4.5000000000000009 -1.3499999999999999 11.500000000000002 125.00000000000001 1272.5000000000002 0.087121212121212113 11.500000000000002 18.150000000000002 37.250000000000007 4.5000000000000009 2.5000000000000004 8.8500000000000032
decision_type=2 2 2 2 2 2 2 2 2 2 2 2 2 2 2 2 2 2 2 2 2 2 2 2 2 2 2 2 2 2 2 2 2 2 2 2 2 2 2 2 2 2 2 2 2 2
left_child=1 2 4 -3 16 6 7 10 18 -10 11 24 -13 15 -15 -12 22 -18 20 -20 21 -8 27 -24 -6 -7 30 34 39 -30 -5 41 33 -33 35 37 -22 -1 -37 -29 -41 42 -28 44 -36 -44
right_child=-2 3 -4 26 5 25 8 -9 9 -11 13 12 -14 14 -16 -17 17 -19 19 -21 36 -23 23 -25 -26 -27 31 28 29 -31 -32 32 -34 -35 43 38 -38 -39 -40 40 -42 -43 45 -45 -46 -47
leaf_value=-0.027076367738603446 -0.044616269478772147 -0.066394389093809972 -0.050581577942522299 0.026834864624389346 0.020361117541701786 0.012639292405277931 -0.10858131689146956 -0.082037390155935364 0.037198118611857241 -0.098428895328611571 -0.0033383289140165241 0.023630913608977427 -0.13136527537831802 0.046072747825136359 -0.15647830682199887 0.028930559135484035 -0.13824466557650014 0.030409353856823456 0.033947168012549322 -0.10408125688647439 0.029442868599103302 0.021524587030444384 -0.10911446771358466 0.041855870744026205 0.037889807478194315 -0.076483818726319902 0.04128114457716827 0.044135379173309133 0.012821066655042349 -0.096068426695678083 -0.071813923849296205 0.041305814260442386 0.04335512382945321 -0.10001872490078029 0.038601371292373385 0.016895163355915573 0.047527500379470927 0.034818548076415747 0.042180345831694735 -0.0098644056454108928 0.032961667563229338 0.050543842275445741 -0.0058722112313583834 0.048759854180018096 0.0052850435064176558 0.019333672139648938
leaf_weight=10.070677421987059 18.578567136079073 4.5241648331284514 39.816385187208652 10.930789932608603 190.54789352416992 4.0299065113067654 3.6832039281725875 51.562371920794249 18.203705810010437 10.301782935857771 121.65710797160864 52.247584618628025 17.89381237514317 33.872575093060732 20.33418383449316 625.25660184770823 5.8813296724110868 23.787620643153787 18.8350919559598 6.179556291550397 98.450632110238075 30.826266743242741 7.7992868609726456 22.096493676304817 984.03922351822257 16.267831513658166 67.180307578295469 43.282067008316517 2.9826884269714347 9.6754538509994727 4.9526720643043509 12.672673597931864 82.259862765669823 11.266118085011838 40.39981634169817 52.474036686122417 467.43998481333256 6.4501042366027823 111.63744609802961 8.7967131435871124 12.798945888876915 443.44542668759823 6.207931004464629 437.1162069812417 19.545456413179636 15.492297284305094
leaf_count=28 477 35 756 6 181 2 22 359 9 59 220 49 106 8 127 439 33 19 9 36 78 27 40 5 464 132 26 12 1 55 31 4 30 72 17 45 84 1 38 19 5 39 14 60 19 16
internal_value=0 0.0309727 0.0287972 0.0427544 0.0297136 0.0274057 0.0280424 0.0247316 0.0384697 -0.00751902 0.0274846 0.0322724 -0.0141829 0.0198893 -0.0276668 0.0235082 0.0374101 0 0.0407649 0 0.0424735 0.00394523 0.0389426 0 0.0351527 -0.052682 0.0437024 0.0403893 0.0174495 -0.0606478 0 0.0448895 0.0278868 -0.0200653 0.0428294 0.0314059 0.0446029 0 0.0348582 0.0346264 0.00978009 0.0480459 0.03417 0.0467282 0.0298207 0.00640374
internal_weight=0 4285.17 3626.24 658.932 3586.42 2771.63 2751.33 2097.41 653.92 28.5055 2045.85 1244.73 70.1414 801.12 54.2068 746.914 814.794 29.669 625.415 25.0146 600.4 34.5095 785.125 29.8958 1174.59 20.2977 654.408 755.23 77.5359 12.6581 15.8835 638.525 106.199 23.9388 677.694 180.632 565.891 16.5208 164.111 64.8777 21.5957 532.326 88.8805 497.061 59.9453 21.7002
internal_count=4314 3837 3564 273 2808 2411 2277 1953 324 68 1594 800 155 794 135 659 397 52 256 45 211 49 345 45 645 134 238 300 92 56 37 201 106 76 208 112 162 29 83 36 24 95 56 96 36 30
is_linear=0
shrinkage=0.0493048


Tree=50
num_leaves=54
num_cat=0
split_feature=65 66 64 61 40 80 55 38 64 66 64 42 42 3 72 80 49 7 39 27 66 42 47 23 80 61 64 60 52 64 38 72 74 56 64 38 65 72 60 67 47 65 5 65 17 48 68 52 65 65 15 42 4
split_gain=43.8044 41.0188 100.655 25.4823 22.5048 52.5995 35.0771 45.1153 112.213 58.6918 190.112 52.8411 141.833 79.9019 63.832 44.8825 24.7272 70.4857 28.3211 32.2764 23.3644 65.0212 24.8701 19.764 49.4662 19.4292 17.244 16.1447 49.4114 15.4819 15.1185 31.1644 13.6451 38.0901 16.653 8.75616 24.8414 8.52361 10.4507 132.468 5.22092 4.62768 11.5822 14.7761 20.1888 3.70143 7.05938 3.21309 3.07423 2.90813 2.55666 2.14646 0.695016
threshold=13.500000000000002 1698.5000000000002 58.650000000000013 0.074537037037037013 35.750000000000007 39.95000000000001 2.1500000000000008 6.5000000000000009 20.950000000000003 1402.5000000000002 5.3500000000000005 0.55050505050505061 0.63068181818181823 1.0000000180025095e-35 6.5000000000000009 37.550000000000004 0.63068181818181823 3.5000000000000004 13.500000000000002 1.5000000000000002 1345.5000000000002 0.14835164835164832 37.050000000000004 1.0000000180025095e-35 37.350000000000001 0.19707639778062308 4.5500000000000007 0.12829175329175327 105.00000000000001 2.6500000000000008 13.500000000000002 4.5000000000000009 1.2500000000000002 0.25833333333333336 1.7500000000000002 4.5000000000000009 3.5000000000000004 4.5000000000000009 0.076629477392836168 1226.5000000000002 35.150000000000013 9.5000000000000018 1.0000000180025095e-35 1.5000000000000002 3.5000000000000004 3.5500000000000003 467.50000000000006 8.5000000000000018 4.5000000000000009 2.5000000000000004 3.5000000000000004 0.69615384615384623 6.5000000000000009
decision_type=2 2 2 2 2 2 2 2 2 2 2 2 2 2 2 2 2 2 2 2 2 2 2 2 2 2 2 2 2 2 2 2 2 2 2 2 2 2 2 2 2 2 2 2 2 2 2 2 2 2 2 2 2
left_child=1 2 4 -3 23 6 7 8 9 15 -11 20 13 -13 -14 -6 18 -18 40 -20 21 -9 -22 27 -25 26 -19 32 -29 -7 31 -5 37 45 -35 51 -37 38 39 -1 -8 42 50 -44 -45 46 -34 -42 49 -39 -32 -33 -27
right_child=-2 3 -4 30 5 29 16 11 -10 10 -12 12 14 -15 -16 -17 17 25 19 -21 22 -23 -24 24 -26 52 -28 28 -30 -31 41 35 33 34 -36 36 -38 48 -40 -41 47 -43 43 44 -46 -47 -48 -49 -50 -51 -52 -53 -54
leaf_value=-0.2435259304288544 -0.044241909249010732 -0.064249388432120122 -0.050239904561695976 -0.066834401123245915 0.034323882742512975 0.012141593676231372 0.0015953137929049332 0.038408485162649025 -0.088421955730383223 0.02078141758044693 -0.14898139168373428 0.011714088792217052 0.035419348570835049 -0.15975560080139392 -0.00033603650227584603 -0.033252986258405823 -0.11956739001161959 0.026340321124532825 -0.10920463664341319 0.02079142835523156 0.044473261202568684 -0.0040019625052945054 0.023564511545659621 -0.12848604767140118 0.029586399960917872 0.02311959918032401 -0.086468872014796042 -0.10307071977385368 0.041248078910631321 -0.074818205780191827 0.017514436598952403 0.018532777914896378 0.039369009874005656 0.012324443433782689 -0.092479680481201504 0.035053342142798739 -0.077350918275464003 0.037936725953407927 0.043220899240892306 0.031595351838881902 0.020465313528215179 0.05060761610797989 0.037247265163239875 -0.11585917423494584 0.0082134999960145876 0.044676274809053763 -0.0091950687645170406 0.045991471358714009 0.048373903442000411 0.0050472743983458511 0.04769273763748514 0.048334930086297585 0.049321661322936146
leaf_weight=4.3963708728551856 17.830998603254557 4.447773788124322 38.152451118454337 7.5929156616330138 241.78048180043697 3.9906653463840511 12.9923258125782 229.28698811866343 26.708505345508456 66.480543341487646 20.813317596912384 8.6429168768227118 280.43564995378256 17.206167539581656 201.98882854357362 24.631061911582947 8.6679834946989995 4.561302185058592 5.9774301350116756 18.006288290023804 555.23073734343052 134.44739607349038 225.36327219381928 6.0149613358080414 23.258219260722399 31.398775793612003 6.2309132628142834 7.8500816375017193 21.336180604994297 15.822041328996418 23.542791645973921 25.001502053812146 12.094904825091362 2.952051877975463 9.5595762748271209 18.157176643610004 6.3262592721730462 39.113807998597622 90.925090536475182 80.754571467638016 30.903218803927302 393.41262694075704 12.737285926938059 4.9551579281687719 4.5287315547466278 39.512773483991623 11.425308994948864 495.17428474500775 419.32478870823979 19.460917998105288 79.735183723270893 53.162121973931789 33.0900639295578
leaf_count=31 477 35 756 48 135 2 19 115 183 65 117 10 159 109 341 71 49 1 35 18 164 225 218 33 19 28 38 40 5 132 18 34 3 1 55 9 44 17 32 49 45 24 6 27 5 10 23 128 60 19 16 7 4
internal_value=0 0.0303767 0.0281936 0.0423275 0.0290877 0.0267746 0.0273969 0.024043 0.00826104 0.015921 -0.0183133 0.0276004 0.0139467 -0.0976788 0.020192 0.0276059 0.0377416 0.010708 0.0415505 -0.00653902 0.0335557 0.0223915 0.0385973 0.0368537 0 0.0274064 -0.0273719 0.0383916 0 -0.0510467 0.043282 0.0242229 0.0398331 0.0170488 -0.0578739 0.0321894 0.000870388 0.0422739 0.0306908 0.0158393 0.043921 0.0470895 0.0350598 0 -0.0437305 0.0339154 0.0105199 0.0447298 0.0462789 0.0291404 0.0420251 0.0404048 0.0385103
internal_weight=0 4159.56 3525.96 633.6 3487.81 2699.83 2680.02 2033.02 380.414 353.705 87.2939 1652.6 508.274 25.8491 482.424 266.412 647.003 83.949 563.054 23.9837 1144.33 363.734 780.594 787.98 29.2732 75.2811 10.7922 758.706 29.1863 19.8127 629.152 110.24 729.52 75.5446 12.5116 102.647 24.4834 653.976 176.076 85.1509 539.07 518.912 125.499 22.2212 9.48389 63.033 23.5202 526.078 477.9 58.5747 103.278 78.1636 64.4888
internal_count=4314 3837 3564 273 2808 2411 2277 1912 571 388 182 1341 619 119 500 206 365 120 245 53 722 340 382 397 52 71 39 345 45 134 238 142 300 92 56 94 53 208 112 80 192 96 72 38 32 36 26 173 96 36 34 41 32
is_linear=0
shrinkage=0.0493048


Tree=51
num_leaves=58
num_cat=0
split_feature=66 64 61 40 80 81 64 58 56 15 64 66 41 46 57 54 71 64 29 49 23 80 3 74 60 60 0 64 47 75 38 72 74 56 64 56 83 56 64 4 52 80 45 81 67 61 61 60 57 74 41 65 64 41 15 31 5
split_gain=42.3171 135.004 24.848 22.239 48.5812 34.9454 226.685 27.7892 45.5496 26.8098 125.983 263.488 22.8282 93.053 24.1202 82.0473 20.1061 32.377 19.4102 35.0038 18.856 44.2581 18.0799 17.5249 30.1446 15.3198 45.5098 14.7283 14.3772 14.3587 13.7446 41.1446 13.0117 34.9676 15.5597 10.7344 8.9235 41.4629 36.464 7.08372 18.878 6.76345 6.43471 38.5983 7.38928 4.76576 4.50498 4.45164 11.3528 5.31549 4.1818 2.24686 2.98066 1.31654 0.885197 2.41204 0.0384407
threshold=1698.5000000000002 58.650000000000013 0.074537037037037013 35.750000000000007 39.95000000000001 1.8500000000000003 30.900000000000002 9.5000000000000018 0.12916666666666668 1.5000000000000002 8.5500000000000025 1670.5000000000002 0.15000000000000005 7.5000000000000009 2.2500000000000004 38.250000000000007 35.000000000000007 2.7500000000000004 1.0000000180025095e-35 0.12916666666666668 1.0000000180025095e-35 37.350000000000001 2.5000000000000004 0.75000000000000011 0.053667434715821756 0.12829175329175327 1.5000000000000002 2.6500000000000008 35.350000000000001 0.12916666666666668 11.500000000000002 8.5000000000000018 1.2500000000000002 0.25833333333333336 1.7500000000000002 0.62019230769230782 -1.4499999999999995 0.93541666666666667 3.9500000000000006 3.5000000000000004 19.000000000000004 36.250000000000007 12.500000000000002 2.6500000000000008 1169.5000000000002 0.2175666199158485 0.42163742690058481 0.025158227848101254 0.75000000000000011 0.8500000000000002 10.550000000000002 4.5000000000000009 6.3500000000000005 4.0500000000000007 3.5000000000000004 1.5000000000000002 3.5000000000000004
decision_type=2 2 2 2 2 2 2 2 2 2 2 2 2 2 2 2 2 2 2 2 2 2 2 2 2 2 2 2 2 2 2 2 2 2 2 2 2 2 2 2 2 2 2 2 2 2 2 2 2 2 2 2 2 2 2 2 2
left_child=1 3 -2 20 5 6 9 23 -9 10 16 53 13 41 15 -14 22 -18 30 -20 25 -22 -5 24 -7 32 -27 -6 56 -16 31 -4 36 45 -35 46 37 38 -1 51 -41 -11 43 -30 -44 50 -26 -33 -49 -50 -34 52 -38 -12 55 -32 -25
right_child=2 -3 18 4 27 7 -8 8 -10 12 11 -13 14 -15 29 -17 17 -19 19 -21 21 -23 -24 28 35 26 -28 -29 42 -31 54 47 33 34 -36 -37 39 -39 -40 40 -42 -43 44 -45 -46 -47 -48 48 49 -51 -52 -53 -54 -55 -56 -57 -58
leaf_value=0.027864666983443351 -0.061666971042969136 -0.050301932757024791 -0.070541014852257569 0.034743423007797425 0.011659283115341337 -0.11316461241705197 -0.079702786670304004 0.036191813153974052 -0.094058402452581125 0.035526745939212859 -0.13597160062340691 0.042130323383384023 0.029772456290265346 -0.15931323061011454 0 -0.023136188208753027 0.030835838863637322 -0.078611899237191682 0.040144476633938574 -0.086469865951474045 -0.12010281783916349 0.028769385956336196 -0.0051812208450565701 -0.0032105184394952305 -0.045079052845914139 -0.10936976379707787 0.036965536152929142 -0.073202344810659348 -0.045942796313527913 0.041637374317666558 0.013030738307505757 0.04616686239949689 -0.0057610814172333082 0.011842631628700953 -0.089149647755975628 0.041302198119586693 0.040146231700194331 0.046479186209033553 -0.13013025018487984 -0.021833542858964355 0.044520853532358899 0 0.019217691364594669 0.042822527759177713 0.048289274006788119 0.043662438387656564 0.0058770854715074188 0.03788959225391416 0 -0.06965439506192829 0.034516420816841101 0.048099875861336155 0.01390884199033249 0 0.049657292366200534 0.043657637692709576 0
leaf_weight=4.8372297286987287 4.5877189859747878 52.59721689298749 9.2672609910368902 298.19232374057174 3.953219503164294 4.3395932689309111 49.903808083385229 17.19216746091843 10.107162395492194 34.961834579706192 37.556174635887146 43.442696526646614 885.64043236151338 7.7860404029488555 25.768790304660797 74.778630565851927 14.89355678111315 10.871553950011728 16.557970896363262 7.7703066095709792 6.1171263847500112 22.753228103742003 24.509742923080921 9.032001316547392 5.8266931474208814 6.7256185524165657 21.755885258316994 15.385718511417506 13.276349786669014 476.86691471002996 24.609530005604029 48.475378647446632 11.362146757543087 2.9228193759918204 9.4321845602244121 25.248149424791336 102.22859524562955 33.406991399824619 7.3510804548859596 14.408799856901167 26.2819589599967 14.309027083218096 38.044782131910324 65.340745106339455 413.57125043869019 41.186497412621975 4.9506690353155136 16.0200056899339 3.1777941063046447 4.1305005140602589 8.7002526074647903 412.67307226359844 29.835728637874126 1.744674889370798 437.66008808463812 37.843789853155613 5.5392699763178816
leaf_count=1 41 1203 57 189 2 26 363 9 59 18 216 11 615 48 35 163 10 37 7 52 33 19 40 18 19 35 10 132 48 172 28 10 24 1 55 9 43 3 41 30 4 25 35 27 63 10 4 9 4 31 2 62 25 15 48 10 8
internal_value=0 0.0272136 0.0417949 0.0284516 0.0261314 0.0267388 0.0234155 0.0373927 -0.00753924 0.0261178 0.0146742 -0.0393873 0.0292818 0 0.0304761 0.0255228 0.0278704 -0.0105685 0.0427875 0 0.0363044 0 0.0313256 0.0397017 0.00470351 0.0378475 0 -0.0494466 0.0420661 0.0396908 0.0445936 0.0226383 0.0392834 0.0166588 -0.0552543 0.0224437 0.0417243 0.015977 -0.0573496 0.0435161 0.0179725 0.0237147 0.0434061 0.026238 0.0461172 0.0332166 -0.0102258 0.0364231 0.0108157 -0.0314961 0.00554707 0.0451947 0.0351652 -0.132616 0.0479022 0.0335928 0
internal_weight=0 3447.61 610.1 3395.01 2633.03 2613.7 2001.23 612.469 27.2993 1951.32 431.211 82.7435 1520.11 57.0569 1463.05 960.419 348.467 25.7651 605.513 24.3283 761.979 28.8704 322.702 585.17 40.3651 733.109 28.4815 19.3389 544.804 502.636 581.184 81.0709 704.627 73.6039 12.355 36.0255 631.023 45.5953 12.1883 585.428 40.6908 49.2709 530.233 78.6171 451.616 61.2489 10.7774 71.8037 23.3283 7.30829 20.0624 544.737 132.064 39.3008 500.113 62.4533 14.5713
internal_count=4314 4017 297 2814 2416 2282 1957 325 68 1594 518 242 1076 91 985 778 276 47 256 59 398 52 229 257 58 346 45 134 199 207 197 111 301 92 56 32 209 45 42 164 34 43 173 75 98 36 23 54 44 35 26 130 68 231 86 38 26
is_linear=0
shrinkage=0.0493048


Tree=52
num_leaves=62
num_cat=0
split_feature=66 64 61 40 55 47 64 78 64 81 38 39 53 64 80 49 64 39 5 74 64 83 66 67 66 29 49 19 42 74 41 64 40 7 60 67 66 49 38 72 75 52 41 41 60 57 64 15 54 39 74 67 1 47 41 38 0 52 52 65 65
split_gain=41.76 126.498 23.5559 21.99 40.0777 48.3572 94.4886 43.1026 105.129 220.364 64.5275 107.57 56.5743 77.3137 47.9393 26.8449 51.4154 26.7542 32.4732 22.0573 61.7304 41.5425 43.5206 26.9138 50.9937 18.5458 32.3743 18.2863 22.2298 14.8517 21.3785 41.8446 14.8252 27.141 35.2422 13.523 17.593 73.8356 13.327 41.7331 9.90694 14.7241 59.0272 7.03618 6.54691 12.0628 6.48824 6.47159 23.3571 13.2495 6.28412 5.50538 4.56815 3.51249 2.85492 2.11523 1.51524 1.28809 3.49133 0.967591 0.207275
threshold=1698.5000000000002 58.650000000000013 0.074537037037037013 36.350000000000001 2.1500000000000008 39.850000000000001 4.2500000000000009 105.00000000000001 24.950000000000003 4.4500000000000011 105.00000000000001 15.500000000000002 13.500000000000002 10.15 37.45000000000001 0.63961038961038974 11.15 13.500000000000002 3.5000000000000004 1.2500000000000002 20.550000000000004 -2.0499999999999994 1092.0000000000002 1342.0000000000002 1549.0000000000002 1.0000000180025095e-35 0.12916666666666668 2.5000000000000004 0.97222222222222232 0.55000000000000016 0.8500000000000002 4.5500000000000007 37.550000000000004 95.000000000000014 0.10505093378607806 1272.5000000000002 1187.0000000000002 0.12916666666666668 13.500000000000002 8.5000000000000018 0.74166666666666681 95.000000000000014 5.6500000000000012 0.45000000000000007 0.025158227848101254 1.0000000180025095e-35 30.900000000000002 5.5000000000000009 38.650000000000013 1.0000000180025095e-35 0.8500000000000002 1184.5000000000002 1.5000000000000002 35.150000000000013 0.15000000000000005 7.5000000000000009 3.5000000000000004 8.5000000000000018 3.5000000000000004 9.5000000000000018 5.5000000000000009
decision_type=2 2 2 2 2 2 2 2 2 2 2 2 2 2 2 2 2 2 2 2 2 2 2 2 2 2 2 2 2 2 2 2 2 2 2 2 2 2 2 2 2 2 2 2 2 2 2 2 2 2 2 2 2 2 2 2 2 2 2 2 2
left_child=1 3 -2 19 5 7 -7 8 10 46 12 -12 14 -14 -5 17 27 43 -19 21 23 22 -1 47 -25 38 -27 28 -17 30 35 -32 33 34 -9 36 56 -38 39 -4 55 42 -42 54 -41 -46 -10 48 49 -21 -47 52 -34 -45 -6 -31 -23 58 -55 60 -40
right_child=2 -3 25 4 15 6 -8 32 9 -11 11 -13 13 -15 -16 16 -18 18 -20 20 -22 29 -24 24 -26 26 -28 -29 -30 40 31 -33 51 -35 -36 -37 37 -39 59 44 41 -43 -44 53 45 50 -48 -49 -50 -51 -52 -53 -54 57 -56 -57 -58 -59 -60 -61 -62
leaf_value=0.028496497153889147 -0.059784726645722132 -0.050037834377805589 -0.068746925182803842 0.031531444100217888 -0.0069471252053627695 0.031294012262783388 -0.10250639433171083 -0.22040132428022235 -0.14056038754115294 0.048947557840779699 -0.2628561301762819 0.016495236249073807 0 -0.15511978215369357 0.0072869178039563906 -0.11283722359525927 -0.091862175574975058 -0.094706242035439522 0.027260465667354586 0 -0.092646700864569526 0.010779639837929057 -0.10751329167365481 -0.14261104046077103 0.024493720046431102 0.039457377658992758 -0.083633318880750318 0.041626958310193495 0.026869279153072547 0.028820875969597509 0.03027916680966989 -0.13133622870424522 0 0.041495868930788021 0 0.039599126996165517 -0.21002207348537502 0.013915053584024107 0.041307848501483939 0.04674039938537769 -0.1891171120594537 0.037173793194957283 0.037902752232139229 0.0051147622196701598 0.036453958129441452 0 -0.078914998296859717 0.045555250226626293 0.043721150118914677 -0.10155127346642392 -0.075859676649046956 0.047023917750915391 0.03400894276264943 0.036783942957077077 0.025094160441527118 0.047680266531391145 0.042737570106663555 0.045722185646108679 0 0.050581140473871918 0.018269498189346305
leaf_weight=11.809088289737703 4.5020867437124243 50.324697349220514 9.6476409845054132 957.89824716746807 8.1300645805895346 28.251485884189606 22.250269243493676 2.5544488430023193 14.395828885957597 45.049076387658715 5.0747933499515039 7.6351766623556614 64.265836499631405 8.6928319744765741 267.98315029218793 4.5583260506391508 10.774683259427546 7.5837187096476582 15.814834453165529 3.5349658429622668 11.525139261968432 20.474351651966572 9.6278278119862062 6.2549533527344492 12.530001528561113 16.029609177261595 7.6421310417354098 40.977486558258533 4.6362528800964355 51.852659486234188 9.3020040765404683 5.8915489185601464 15.983870182186363 15.012700967490673 5.547025665640831 165.41702970117331 4.1868415847420719 19.221454281359911 89.034718137234449 53.941615547984838 3.8429678864777062 27.243360780179501 8.2755279541015625 12.803582705557345 15.668617894873025 3.1777941063046447 39.323110960423946 68.031576547771692 19.773414179682732 5.2306788936257362 4.3231017254292965 228.46712789312005 23.615504570305347 17.5454077385366 11.19265443459153 475.75707069784403 22.175072751939297 442.24910125881433 11.590388344600795 359.24096976593137 23.191911198198795
leaf_count=5 41 1203 61 620 23 17 140 18 101 6 38 10 96 49 387 25 73 43 11 4 72 20 53 38 9 7 52 18 1 32 4 34 24 2 8 70 27 19 35 11 30 9 1 19 10 4 291 15 5 27 34 45 15 7 10 83 5 121 34 21 21
internal_value=0 0.0266422 0.0414012 0.0278491 0.0250687 0.0211594 -0.0252251 0.0226096 0.0188757 -0.0296293 0.0226239 -0.0856906 0.0237818 -0.0173772 0.0263333 0.0365063 0.0032341 0.0401184 -0.00704392 0.0344818 0.0137218 0.0374864 -0.026871 0.0254509 -0.0246983 0.0424012 0 0.0261817 -0.0290789 0.0393359 0.0277928 -0.0243777 0.0402633 0 -0.0701802 0.0317574 0.0102288 -0.0210814 0.0442137 0.0234308 0.0441366 0.015122 -0.0241852 0.0425573 0.0366006 0.00760097 -0.0978269 0.0364984 0.0105281 -0.0500969 -0.0360597 0.0435353 0.0202476 0.0437909 0.00520032 0.0460644 0.0303299 0.0445772 0.0229014 0.0477725 0.0376616
internal_weight=0 3352.14 586.4 3301.81 2339.86 1752 50.5018 1701.5 1410.32 98.768 1311.55 12.71 1298.84 72.9587 1225.88 587.857 60.9467 526.91 23.3986 961.958 126.881 835.077 21.4369 115.356 18.785 581.898 23.6717 50.1721 9.19458 813.64 246.668 15.1936 291.181 23.1142 8.10147 231.475 66.0577 23.4083 558.226 86.7588 566.972 39.3619 12.1185 503.511 77.1111 23.1695 53.7189 96.5706 28.5391 8.76564 7.5009 268.067 39.5994 484.188 19.3227 527.61 42.6494 471.385 29.1358 471.468 112.227
internal_count=4314 4017 297 2814 2252 1867 157 1710 1598 398 1200 48 1152 145 1007 385 117 268 54 562 170 392 58 98 47 256 59 44 26 334 179 38 112 28 26 141 71 46 197 120 155 40 31 214 59 48 392 51 36 31 38 84 39 181 33 115 25 162 41 77 56
is_linear=0
shrinkage=0.0493048


Tree=53
num_leaves=62
num_cat=0
split_feature=66 64 61 40 55 42 64 15 64 58 12 38 78 38 80 1 47 48 42 66 39 49 64 39 5 74 64 83 66 67 60 42 41 29 49 19 42 74 41 64 60 38 72 67 66 55 75 52 41 58 58 11 41 66 48 40 60 57 74 54 64
split_gain=41.1707 118.547 22.3464 21.7732 38.8958 47.7692 86.5801 67.1588 265.667 101.674 57.0082 168.45 111.14 47.8727 43.2231 36.107 34.026 33.8659 30.0375 40.6109 30.2123 25.4263 47.4973 25.3238 29.8145 20.8403 57.2217 38.9478 39.7519 31.9754 37.2944 19.7637 37.7744 17.7265 29.9545 16.9344 20.0495 14.6687 19.7994 37.6443 14.2404 12.8547 39.0545 12.8111 16.1583 73.1324 9.45721 13.5895 52.8076 6.97736 14.3624 51.2244 6.95894 6.3573 13.3526 17.1129 6.27948 11.1072 5.9056 5.75276 5.26414
threshold=1698.5000000000002 58.650000000000013 0.074537037037037013 36.350000000000001 2.1500000000000008 0.17156862745098037 36.650000000000013 1.5000000000000002 5.3500000000000005 23.500000000000004 1.0000000180025095e-35 75.000000000000014 7.5000000000000009 3.5000000000000004 38.750000000000007 1.0000000180025095e-35 38.050000000000004 1.4500000000000002 0.06904761904761901 1203.5000000000002 17.500000000000004 0.63961038961038974 11.15 13.500000000000002 3.5000000000000004 1.2500000000000002 20.550000000000004 -2.0499999999999994 1092.0000000000002 1377.0000000000002 0.13278222681477653 0.32291666666666669 3.4500000000000006 1.0000000180025095e-35 0.12916666666666668 2.5000000000000004 0.97222222222222232 0.55000000000000016 0.8500000000000002 4.5500000000000007 0.093121797398502112 13.500000000000002 8.5000000000000018 1272.5000000000002 1187.0000000000002 0.25000000000000006 0.74166666666666681 95.000000000000014 5.6500000000000012 2.5000000000000004 21.500000000000004 1.0000000180025095e-35 0.45000000000000007 1203.5000000000002 3.5500000000000003 36.250000000000007 0.025158227848101254 1.0000000180025095e-35 0.8500000000000002 38.050000000000004 21.550000000000004
decision_type=2 2 2 2 2 2 2 2 2 2 2 2 2 2 2 2 2 2 2 2 2 2 2 2 2 2 2 2 2 2 2 2 2 2 2 2 2 2 2 2 2 2 2 2 2 2 2 2 2 2 2 2 2 2 2 2 2 2 2 2 2
left_child=1 3 -2 25 5 13 7 8 31 60 15 12 -12 14 -5 17 -17 -9 19 -15 -21 23 35 52 -25 27 29 28 -1 53 -31 32 -7 41 -35 36 -23 38 43 -40 -33 42 -4 44 -29 -46 -39 48 -48 -20 51 -51 59 -27 55 -55 -44 -58 -59 -6 -10
right_child=2 -3 33 4 21 6 -8 10 9 -11 11 -13 -14 18 -16 16 -18 -19 49 20 -22 22 -24 24 -26 26 -28 37 -30 30 -32 40 -34 34 -36 -37 -38 46 39 -41 -42 -43 56 -45 45 -47 47 -49 -50 50 -52 -53 -54 54 -56 -57 57 58 -60 -61 -62
leaf_value=0.027768086721189997 -0.057955292158644943 -0.049776382215736575 -0.066796488751398084 -0.11347858074665797 0.033691163962008414 -0.17393604330578077 -0.07108831623675553 -0.029593548160339975 -0.1495228807905547 0.0080597719941794786 -0.049989688076861612 -0.20265720983614294 0.025208218502254482 0.024829107002457641 0.023449992177065459 0.041272233745413889 0 0.024270664957080381 0.043256603176289439 -0.16194315723439687 0 -0.10630457914912252 -0.088905175695698793 -0.091208755305905428 0.026458573501386258 0.041883671514391117 -0.089663364467979206 0.029681348847756969 -0.10289015116387716 -0.12939635918016415 0.026488872417596631 0.040782301490767212 0.027968315408429169 0.038765925125319053 -0.080945759598489445 0.040910941660074744 0.026142457335898352 0.045613792962550345 0.029535560566061641 -0.12372840268058456 0 0.047429185401055854 0.046312227156402028 0.038918533367739261 -0.18846206547125349 0.019721454981010019 -0.17707972357705057 0.036471869371248855 0.037261820981709735 -0.094805365363433175 0.041349612626298313 0.035593523599098724 0.043228504092044165 -0.11973472547854203 0.037681394129224478 0.0077707054911801358 0.035667357743857812 0 -0.073527727133222157 -0.016598040370995871 -0.071387600900607945
leaf_weight=11.529340773820879 4.4184202793985596 48.149185616523027 9.445861987769602 9.9519896227866429 10.564852170646192 3.3134833425283414 27.142978306859732 40.114516772329807 34.071427058428526 14.468739777803419 57.187825933098793 9.0906130429357273 271.27864328399301 22.519345115870241 10.236292719841002 461.43887655436993 51.262645285576582 89.939640428870916 373.51828142814338 6.0523087419569475 3.1400084123015404 4.600820377469061 10.589929109439252 7.4899269901216057 15.499818220734594 78.758754353970289 11.327559632249175 41.671494163572788 9.5673891529440862 6.5961053445935232 6.29244664311409 106.28122869133949 4.7032556533813477 15.524432167410852 7.5110028311610213 39.672396101057529 4.5337586402893066 507.20430747419596 9.0726888477802259 5.9460327364504328 23.175394937396049 452.21635051071644 51.809819981455803 160.14473544806242 5.0223337635397938 18.553986046463251 3.9026215299963924 26.420025259256363 8.0101032257080078 9.9778314512222988 48.182817976921797 27.227097135037184 467.05985684134066 3.8136677537113437 13.290979266166687 3.195097491145134 15.236283928155901 3.1777941063046447 4.2434034328907728 8.5821424666792137 9.8010727278888208
leaf_count=5 41 1203 61 60 6 22 215 92 195 20 186 62 222 19 11 173 93 73 126 43 3 25 73 43 11 30 72 25 53 37 2 51 1 7 52 18 1 115 4 34 35 77 11 70 30 16 30 9 1 57 19 20 181 22 4 3 10 4 34 27 69
internal_value=0 0.0260827 0.0410147 0.0272587 0.0244672 0.0205878 0.0150349 0.0171302 -0.00877721 -0.0973831 0.0224321 0.00557161 0.0117335 0.033423 -0.0379787 0.0310926 0.0370374 0.00669727 0.0366169 -0.00653135 -0.0966434 0.0359413 0.0030667 0.0395314 -0.00655424 0.0339733 0.0134424 0.0369546 -0.0256713 0.0250099 -0.0437985 0.0279361 -0.0404207 0.0420226 0 0.0256164 -0.0271523 0.0387949 0.0271948 -0.0230249 0.033139 0.0438422 0.0230192 0.0310957 0.0099801 -0.0195681 0.0436769 0.0147904 -0.0228532 0.0398698 0.0235875 0 0.0419665 0.0352294 0.00326997 -0.0441965 0.0361063 0.00725462 -0.0342963 0.00467812 -0.134969
internal_weight=0 3261.14 563.583 3212.99 2282.67 1714.08 1203.27 1176.13 195.815 58.3412 980.313 337.557 328.466 510.806 20.1883 642.756 512.702 130.054 490.618 31.7117 9.19232 568.594 59.3969 509.197 22.9897 930.32 123.275 807.045 21.0967 111.947 12.8886 137.473 8.01674 559.165 23.0354 48.807 9.13458 785.948 240.411 15.0187 129.457 536.13 83.9132 225.393 65.2478 23.5763 545.537 38.3328 11.9127 458.906 85.3877 37.2049 486.207 99.0585 20.2997 7.00877 74.4673 22.6575 7.4212 19.147 43.8725
internal_count=4314 4017 297 2814 2252 1867 1509 1294 393 284 901 470 408 358 71 431 266 165 287 65 46 385 117 268 54 562 170 392 58 98 39 109 23 256 59 44 26 334 179 38 86 197 120 141 71 46 155 40 31 222 96 77 214 59 29 25 59 48 38 33 264
is_linear=0
shrinkage=0.0493048


Tree=54
num_leaves=57
num_cat=0
split_feature=66 64 5 64 40 80 81 64 49 80 64 65 72 45 64 1 58 56 14 65 61 23 74 74 60 75 56 71 42 60 0 66 64 74 56 64 38 40 4 71 47 42 72 83 56 64 71 71 61 41 56 65 64 65 82 47
split_gain=40.3406 111.148 26.9236 23.5506 21.3614 42.7293 33.8269 187.692 26.0075 58.752 106.07 48.6613 170.418 41.2218 72.4501 44.9959 24.5861 39.3182 17.273 30.0846 17.0153 16.9878 36.5741 16.7698 17.4092 16.7173 36.2226 23.2356 16.0223 14.3901 38.4083 13.0484 12.7747 11.0853 27.3451 12.606 9.95985 17.9846 8.95691 20.4574 75.9569 8.84032 24.588 6.90603 30.2759 26.8634 6.39711 17.8093 4.47897 3.49109 3.44779 2.80018 3.36476 1.45822 0.48889 0.169547
threshold=1698.5000000000002 58.650000000000013 2.5000000000000004 3.3500000000000001 35.750000000000007 39.95000000000001 1.8500000000000003 30.900000000000002 0.44097222222222227 38.150000000000013 6.4500000000000011 7.5000000000000009 1.5000000000000002 9.5000000000000018 9.4500000000000011 1.5000000000000002 9.5000000000000018 0.12916666666666668 1.5000000000000002 3.5000000000000004 0.074537037037037013 1.0000000180025095e-35 0.8500000000000002 0.75000000000000011 0.089418976545842174 0.12916666666666668 0.080128205128205107 2.5000000000000004 0.080128205128205107 0.12829175329175327 1.5000000000000002 1518.0000000000002 2.6500000000000008 1.2500000000000002 0.25833333333333336 1.7500000000000002 14.500000000000002 36.050000000000004 3.5000000000000004 45.000000000000007 38.45000000000001 0.69615384615384623 13.500000000000002 -1.4499999999999995 0.93541666666666667 5.0500000000000007 11.500000000000002 9.5000000000000018 0.2175666199158485 10.550000000000002 0.77350427350427364 4.5000000000000009 6.3500000000000005 9.5000000000000018 0.58578431372549034 35.250000000000007
decision_type=2 2 2 2 2 2 2 2 2 2 2 2 2 2 2 2 2 2 2 2 2 2 2 2 2 2 2 2 2 2 2 2 2 2 2 2 2 2 2 2 2 2 2 2 2 2 2 2 2 2 2 2 2 2 2 2
left_child=1 4 20 -4 21 6 7 8 9 25 31 13 -13 14 -10 -15 18 -18 23 -20 -2 29 -23 24 28 26 -6 -27 -8 33 -31 -11 -7 38 48 -36 37 -22 43 40 -40 42 -39 44 45 -1 47 -25 49 -35 -24 52 -45 -38 -48 -12
right_child=2 -3 3 -5 5 32 16 -9 11 10 55 12 -14 15 -16 -17 17 -19 19 -21 36 22 50 46 -26 27 -28 -29 -30 30 -32 -33 -34 34 35 -37 53 41 39 -41 -42 -43 -44 51 -46 -47 54 -49 -50 -51 -52 -53 -54 -55 -56 -57
leaf_value=0.025526773006676363 -0.050892171527987778 -0.049516995253509277 0.029242275278005773 -0.078566760062506763 0.032319710378915019 0.0075802313090815032 0.0033268251408326796 -0.075759120663225529 0.0092724221978371137 -0.021486122577034247 0 0.04450851903761055 -0.13864951706397474 0.0078630500892676296 -0.1002421866076203 0.037255658414515967 0.034775938870491289 -0.088764373864868615 0.0303546924817139 -0.0978801013843347 -0.064877411064255597 -0.13261989787824183 0 0.035860737680803674 0.025555295094872622 -0.01329801727940726 -0.015034346555182624 0.036308214603021458 -0.11202388598139572 -0.10084594369398441 0.035414592095323806 0.035403883517691505 -0.071122649542275859 -0.0056347294302882336 0.0096898978585782218 -0.080206142875752715 0.035496192777624516 -0.061338726539975255 -0.2143490245585622 0.043037647025243493 0.030394150998192124 0.042667986252837749 0.035028664927984406 0.038463884699010173 0.045354169985216033 -0.11363221177197944 0.033731588724319764 -0.025226163117127495 0.042264456482333894 0.032561471680936684 0.035758910651642148 0.047114957506465611 0.010888257314365242 0.050266616865504418 0.048204438666254561 -0.12089412569996315
leaf_weight=4.4935607910156232 3.4352193661034098 46.06709616817534 10.030446901917459 8.3548815287649614 118.11942880600691 3.6551774293184307 2.4626920223236111 46.295290269888937 96.864470515400171 10.208552576601504 0.71742950379848736 28.970278538763523 20.791531695052981 224.32864627428353 17.083578834310174 332.59255326539278 16.180813372135166 9.7698508035391551 16.314571686089042 6.027277994900941 4.0862059183418742 4.4139089584350613 7.9459992516785887 76.557089198380709 23.987454250454903 19.85422233492136 54.665961846709251 834.93282475695014 5.1931003667414188 6.7117507625371244 19.711428970098495 38.6410126760602 14.563124975189565 10.945152252912523 2.7978799343109122 8.9923766432329995 89.650684665888548 8.422824699431656 4.0286966972053024 23.430614642798901 10.708458825945854 65.353915572166443 23.623234413564205 93.329897191375494 29.528134815394878 6.6948285736143589 74.343608718365431 11.185173429548739 37.018828488886356 7.9019756615161887 14.871991056948898 367.02305592224002 27.86202397570014 328.66953571140766 314.40637764707208 17.124118141829967
leaf_count=1 34 1203 7 66 74 2 1 363 119 25 7 8 127 283 101 156 9 59 9 36 26 25 19 48 18 38 107 426 31 35 10 24 132 24 1 55 46 61 29 4 4 27 14 43 3 38 43 30 10 2 8 62 25 16 41 99
internal_value=0 0.0255461 0.0406113 -0.0130535 0.0266932 0.024351 0.0249523 0.0215933 0.0241465 0.0290899 -0.0144823 0.0164665 -0.0295641 0.0200675 -0.00608061 0.0256407 0.0359626 -0.0070043 0.0382992 0 0.0427353 0.0347985 0 0.040174 0.00115587 0.0320392 0.0166183 0.0350101 -0.0588977 0.0363767 0 0.0209646 -0.048535 0.037861 0.0157486 -0.0483908 0.0435965 0.0266771 0.0402787 0.0121859 -0.0284333 0.0318156 0.00578557 0.0420699 0.0169746 -0.0467542 0.0425039 0.0266501 0.0315307 0.0038238 0.0216173 0.0439068 0.0331548 0.0474015 0.0457597 -0.118346
internal_weight=0 3170.31 541.627 18.3853 3124.25 2435.84 2417.62 1861.19 1814.89 1094.26 66.6911 720.631 49.7618 670.869 113.948 556.921 556.428 25.9507 530.477 22.3418 523.242 688.411 27.2319 508.135 31.6432 1027.57 172.785 854.787 7.65579 661.179 26.4232 48.8496 18.2183 634.755 67.6562 11.7903 519.806 101.486 567.099 38.1678 14.7372 97.4 32.0461 528.932 40.7165 11.1884 476.492 87.7423 55.866 18.8471 22.818 488.215 121.192 418.32 388.75 17.8415
internal_count=4314 4017 297 73 2814 2416 2282 1957 1594 800 155 794 135 659 220 439 325 68 257 45 224 398 52 212 50 645 181 464 32 346 45 49 134 301 92 56 190 128 209 37 33 102 75 172 42 39 162 78 36 26 27 130 68 62 84 106
is_linear=0
shrinkage=0.0493048


Tree=55
num_leaves=62
num_cat=0
split_feature=38 66 64 61 40 55 38 80 64 56 19 40 7 42 1 64 54 66 49 64 39 5 42 66 74 64 83 66 67 60 29 49 74 67 60 27 38 72 39 42 41 58 55 71 75 52 41 39 54 73 66 55 47 61 41 66 61 38 65 65 52
split_gain=68.8214 37.3833 101.432 20.19 20.1896 35.9023 44.3414 77.7646 74.4764 55.6351 81.6033 45.401 44.4472 37.0848 91.4143 258.806 40.6425 21.8906 21.1717 39.3482 23.5916 26.6062 20.2067 24.6717 18.8648 49.9183 35.3317 34.0718 27.3809 32.588 16.44 26.5286 14.7754 16.8104 42.9631 94.6405 12.1241 34.4171 11.4026 21.1113 6.52089 6.36424 23.0589 14.7954 6.34327 15.1574 46.8532 6.30295 5.35735 12.253 4.72567 4.3904 3.92239 3.73763 9.3097 3.21479 8.9449 2.86133 2.54839 1.89916 2.26572
threshold=145.00000000000003 1698.5000000000002 58.650000000000013 0.074537037037037013 36.350000000000001 2.1500000000000008 6.5000000000000009 35.550000000000004 20.950000000000003 0.4330357142857143 6.5000000000000009 36.550000000000004 1.0000000180025095e-35 0.16025641025641021 1.0000000180025095e-35 9.6500000000000004 38.550000000000004 1398.0000000000002 0.63961038961038974 11.15 13.500000000000002 3.5000000000000004 0.06904761904761901 1203.5000000000002 1.2500000000000002 20.550000000000004 -2.0499999999999994 1092.0000000000002 1377.0000000000002 0.13278222681477653 1.0000000180025095e-35 0.12916666666666668 0.55000000000000016 1316.5000000000002 0.076629477392836168 7.5000000000000009 13.500000000000002 8.5000000000000018 11.500000000000002 0.79285714285714304 0.45000000000000007 -4.4999999999999991 2.4500000000000006 11.500000000000002 0.74166666666666681 95.000000000000014 5.6500000000000012 4.5000000000000009 38.050000000000004 39.750000000000007 1171.0000000000002 1.5500000000000003 35.150000000000013 0.10889328063241101 5.7500000000000009 1555.5000000000002 0.20710681244743481 7.5000000000000009 5.5000000000000009 9.5000000000000018 65.000000000000014
decision_type=2 2 2 2 2 2 2 2 2 2 2 2 2 2 2 2 2 2 2 2 2 2 2 2 2 2 2 2 2 2 2 2 2 2 2 2 2 2 2 2 2 2 2 2 2 2 2 2 2 2 2 2 2 2 2 2 2 2 2 2 2
left_child=1 2 4 -3 24 6 7 -6 9 10 -9 12 -8 22 15 -15 -16 -11 20 38 40 -22 23 -13 26 28 27 -1 41 -30 36 -32 33 34 35 -28 37 -5 39 -20 48 -26 43 -43 57 46 -46 -39 -7 -50 -36 -24 -42 -49 -55 56 -35 58 -34 60 -38
right_child=-2 3 -4 30 5 18 11 8 -10 17 -12 13 -14 14 16 -17 -18 -19 19 -21 21 -23 51 -25 25 -27 32 -29 29 -31 31 -33 44 55 50 -37 59 47 -40 -41 52 42 -44 -45 45 -47 -48 53 49 -51 -52 -53 -54 54 -56 -57 -58 -59 -60 -61 -62
leaf_value=0.026318200343719619 -0.10942902107217736 -0.054508919706484867 -0.049126166711467016 -0.063393727371104477 -0.13826096141831043 0.032920324335166513 0.0031002472581042172 -0.081249743169884481 -0.081184816570387799 0.037816868205851888 0.01427610216552205 0.024119284761276248 -0.17335267504924645 0.016306774061253894 0.03020240091435826 -0.12268507454827 -0.038520892637506216 -0.0040924539755981806 -0.095752814193705543 -0.083159309459739081 -0.088536980280567737 0.024802085158108923 0.042816800872006511 -0.08074521565064266 0.045783446291015127 -0.085761923023629658 -0.17694147234274313 -0.096087354781196371 -0.12151889332806316 0.025698935424009139 0.037722491512618722 -0.077483539875445012 0 0.033734632146949717 0.040401634540410847 0.032405410893198809 0.020483733774067463 0.043093582639806512 0.042599083095655459 0.02753141250751805 0.0019114396892533857 0 0.043887640946966046 -0.11404432014044109 -0.16734491724796366 0.040677027868984909 0.035782749579015248 0.03356347706631755 -0.10591159857699055 0.0068437475347099029 0.0020472087882421322 0.015633926477773792 0.043148463431519284 -0.073301989290007086 0.015756957975872087 0.043689084348013295 -0.002170524000219293 0.046683593991229753 0.033559731305615015 0.05002736035952185 0.044404023723561212
leaf_weight=10.942486703395845 8.5377874504774791 4.2651134300976983 42.567821845412254 9.0622459016740304 9.0861408244818431 10.316834062337877 5.9343726485967618 31.212729971855879 20.988919442519546 158.20920220017433 67.067656064406037 22.074108049273494 5.4825295321643353 180.22851142287254 663.10639640130103 39.552125072106719 19.9990368578583 31.051982685923576 4.7248740531504145 9.7498520072549564 7.1856414601206806 14.739902090281246 337.49933870509267 7.1923558302223674 56.182119071483612 10.711854422464965 8.8721177559345961 9.4120712485164386 6.398452512919901 6.1242838203907013 14.553617224097254 7.2500821724534026 13.344229221343992 48.010039072483778 35.06685833632946 10.968964315950871 43.201811399310827 54.311716286465526 31.041530787944794 10.300489015877245 12.110013991594313 8.963919021189211 24.219733750447631 3.9430931434035292 3.9187841154634935 24.57737772911787 7.444547176361084 6.5417528152465811 2.7893961407244188 5.6977161448448896 19.46569899469614 30.765093844383955 425.09996390342712 4.2827529311180097 4.4557603299617767 88.572488386183977 16.565520823001862 422.36002741381526 34.06720856577158 314.27813467010856 58.370120108127594
leaf_count=5 73 41 1172 61 71 6 8 125 158 76 83 19 38 189 501 263 68 55 27 71 42 11 121 33 12 70 54 53 36 2 6 52 16 26 16 4 39 25 10 6 19 19 7 21 30 6 1 1 20 7 24 32 162 31 2 27 27 82 16 19 17
internal_value=0 0.0275915 0.0254118 0.0402295 0.0264994 0.0237406 0.0199261 0.00294489 0.00752115 0.0144374 -0.0148147 0.0239426 -0.0710392 0.0248739 0.0190662 -0.00815591 0.0280066 0.0302844 0.0351504 0.00384351 0.0385459 -0.00675968 0.037749 0 0.0332138 0.0130149 0.0361718 -0.02425 0.0242117 -0.0397445 0.0412565 0 0.0380198 0.026118 0.00487967 -0.0550924 0.043104 0.0221167 0.0250024 -0.00310842 0.0409973 0.0341386 0.013145 -0.0348979 0.0431265 0.0168795 -0.0236491 0.0350634 0.00429683 -0.0158974 0.0289994 0.0408852 0.0422909 0 -0.0138317 0.0356168 0.022603 0.0448685 0.0260561 0.0467724 0.035464
internal_weight=0 3596.48 3075.91 520.573 3033.34 2163.21 1629.45 317.617 308.53 287.542 98.2804 1311.83 11.4169 1300.42 902.886 219.781 683.105 189.261 533.756 55.8167 477.939 21.9255 397.531 29.2665 870.132 116.543 753.588 20.3546 105.832 12.5227 516.308 21.8037 733.234 227.522 74.3736 19.8411 494.504 78.6542 46.0669 15.0254 456.014 93.3089 37.1267 12.907 505.712 35.9407 11.3633 69.592 18.8039 8.48711 54.5326 368.264 437.21 15.2803 8.73851 153.148 64.5756 469.771 47.4114 415.85 101.572
internal_count=4314 4241 3947 294 2775 2221 1840 568 497 339 208 1272 46 1226 1021 452 569 131 381 114 267 53 205 52 554 167 387 58 97 38 253 58 329 178 98 58 195 120 43 33 214 59 47 40 151 37 31 59 33 27 40 153 181 34 33 80 53 114 32 75 56
is_linear=0
shrinkage=0.0493048


Tree=56
num_leaves=54
num_cat=0
split_feature=38 66 64 5 64 40 75 64 57 64 61 78 40 65 75 64 79 38 68 82 41 40 68 64 14 45 67 19 64 49 65 81 61 61 27 61 3 83 66 66 38 40 64 42 72 67 15 80 3 65 52 64 72
split_gain=63.8015 36.7965 95.0606 24.4487 20.6316 20.0356 57.1039 53.4021 46.6532 152.451 61.3841 41.643 27.5199 139.253 30.8744 43.5008 23.4081 39.4766 18.742 29.6147 17.9651 21.7535 16.6938 21.8436 83.9538 16.9283 55.9924 102.797 37.3761 35.5165 72.3565 31.5244 17.8549 15.446 10.5762 125.012 24.5449 14.9272 14.7982 13.945 9.32447 16.0643 8.56476 8.05137 21.3132 5.07538 4.51966 3.79927 1.97371 1.93673 3.13683 0.452797 0.135846
threshold=145.00000000000003 1698.5000000000002 58.650000000000013 2.5000000000000004 3.3500000000000001 38.150000000000013 0.72474747474747481 37.050000000000004 2.2500000000000004 15.15 0.10889328063241101 2.5000000000000004 39.350000000000001 1.5000000000000002 0.23303167420814477 3.2500000000000004 6.5000000000000009 11.500000000000002 1300.0000000000002 0.80625000000000013 1.1500000000000001 38.550000000000004 242.50000000000003 31.850000000000005 3.5000000000000004 10.500000000000002 1430.5000000000002 3.5000000000000004 1.7500000000000002 0.73030303030303034 2.5000000000000004 1.2500000000000002 0.21889880952380952 0.074537037037037013 1.0000000180025095e-35 0.10889328063241101 9.5000000000000018 -2.0499999999999994 1089.5000000000002 1637.5000000000002 14.500000000000002 36.050000000000004 4.9500000000000011 0.69615384615384623 13.500000000000002 1169.5000000000002 3.5000000000000004 36.050000000000004 3.5000000000000004 9.5000000000000018 65.000000000000014 56.550000000000004 1.0000000180025095e-35
decision_type=2 2 2 2 2 2 2 2 2 2 2 2 2 2 2 2 2 2 2 2 2 2 2 2 2 2 2 2 2 2 2 2 2 2 2 2 2 2 2 2 2 2 2 2 2 2 2 2 2 2 2 2 2
left_child=1 2 5 33 -5 22 7 8 9 10 -7 -12 13 -10 15 -14 17 -8 20 -20 21 -18 47 25 -25 26 29 32 -29 31 -31 -24 -28 -3 35 -27 -37 38 -36 -39 41 -35 -19 44 -43 48 -16 52 -22 50 -42 -2 -1
right_child=51 3 -4 4 -6 6 16 -9 12 -11 11 -13 14 -15 46 -17 18 42 19 -21 45 -23 23 24 -26 34 27 28 -30 30 -32 -33 -34 40 37 36 -38 39 -40 -41 49 43 -44 -45 -46 -47 -48 -49 -50 -51 -52 -53 -54
leaf_value=0.022486229048692755 -0.11786794362855225 -0.047389705117020314 -0.048866727850973214 0.027563818317604315 -0.075736680150891467 -0.094058134414505182 -0.094449983667229037 -0.067639610804099928 0.045394797623986856 -0.09193739698185599 0.036170164268383508 0.0011016132695191793 0.03631762053691015 -0.15298026796813508 0.021456457631882146 -0.11622218166448385 0.028645254301318698 0.045252052140307961 -0.087553496568590461 0.027561417005294214 0 -0.084726148602776399 0.034094271297508937 -0.073271700380836954 0.042957223487723274 -0.19941907664143108 -0.031960349370713695 0 -0.16652388945577098 0.021927456274337342 -0.13484131511599784 -0.029333796112426268 0.029492990808438528 -0.060909882036812767 0.03043587678970602 0.011969969457481579 0.0423344851998535 0.038694544453361499 -0.05591242179270297 0 0.014858648717964688 -0.05835242186621712 0 0.04178564349909622 0.033645942953659934 0.046666290503559624 0.044970702738956592 0.046015815592759725 0.028139329631081855 0.049879832879328859 0.043262228665159497 0 0
leaf_weight=14.718013837933542 6.8400477133691293 3.3211649116128674 40.729907175526023 9.500569701194765 7.9051606431603423 12.245352718979118 8.5666636731475574 19.574076294898987 32.200203225016594 37.197209079749882 153.03706027381122 194.70233102329075 9.6209720373153704 11.630175191909073 48.254975847899914 7.5702180918306103 14.058820918202402 19.529543548822403 6.9687643852084902 24.071113346144557 12.405159899964927 5.7216984760016194 406.69429729692638 24.203121490776539 40.04850953258574 5.8267596848309031 14.514990188181399 3.0649217665195492 12.942641172558067 24.348046399652958 9.6790141575038415 17.841847999952734 40.38062010332942 3.9794341940432778 10.565043028444054 137.65539492294192 152.3580077290535 662.07779377326369 8.3401469867676479 23.30098869651556 31.578151665627956 8.0060322117060441 14.349450204521416 61.02066239155829 22.267824627459049 306.31585939787328 180.25137603282928 193.38677411898971 21.251251389272511 300.12059324607253 52.878903061151505 1.5604532472789285 11.298462867736815
leaf_count=11 38 34 1172 7 63 63 54 178 12 265 81 301 3 73 50 49 7 5 42 18 22 33 228 181 15 38 34 3 75 19 55 55 29 26 5 168 50 271 33 33 31 61 26 27 14 66 53 42 14 16 15 35 15
internal_value=0 0.0270469 0.0248654 0.0398419 -0.0122784 0.0259251 0.0204301 0.0115193 0.01396 0.00264052 0.0127664 0.0168946 0.0290568 -0.00448621 0.0355464 -0.0237322 0.0346678 0 0.0384446 0 0.0416188 0 0.0293093 0.0273333 0 0.0285168 0.0207151 -0.0190351 -0.129492 0.0271334 -0.0191051 0.0311336 0.0109706 0.0419775 0.0325219 0.0234249 0.0283537 0.0361653 -0.00112375 0.0373752 0.0428585 0.0258489 0.0238192 0.0310135 0.00517561 0.0442871 0.0405531 0.0430907 0.0189169 0.0467464 0.0341242 -0.105793 0.0165425
internal_weight=0 3494.08 2993.5 500.578 17.4057 2952.77 1139.52 706.284 686.71 397.182 359.985 347.739 289.528 43.8304 245.698 17.1912 433.238 42.4457 390.793 31.0399 359.753 19.7805 1813.25 1593.84 64.2516 1529.59 529.466 70.9032 16.0076 458.563 34.0271 424.536 54.8956 483.173 1000.12 295.84 290.013 704.284 18.9052 685.379 479.852 95.274 33.879 91.2945 30.2739 339.972 228.506 219.403 33.6564 384.578 84.4571 8.4005 26.0165
internal_count=4314 4241 3947 294 70 2775 1415 1128 950 710 445 382 240 85 155 52 287 85 202 60 142 40 1360 1292 196 1096 498 141 78 357 74 283 63 224 598 256 218 342 38 304 190 128 31 102 75 102 103 68 36 62 46 73 26
is_linear=0
shrinkage=0.0493048


Tree=57
num_leaves=62
num_cat=0
split_feature=38 66 64 5 40 55 78 64 81 80 64 79 56 64 53 49 64 39 27 31 72 64 64 74 64 67 60 74 39 41 61 1 67 60 12 83 48 66 38 38 64 3 42 63 75 58 55 71 42 67 47 64 61 82 82 1 64 47 63 64 64
split_gain=58.9901 36.0527 89.1051 23.1594 19.3546 34.4132 41.5377 90.9879 176.378 48.2857 63.9923 179.671 40.8099 54.2396 26.2177 19.8089 34.2825 22.0493 23.3328 19.5419 22.6597 47.9119 19.1467 17.6901 44.1809 24.5571 28.2902 17.258 28.467 26.6693 15.2287 25.9335 14.6638 35.6128 78.0104 12.3132 25.0815 36.8142 10.7348 21.9103 13.099 10.6561 20.6669 8.88772 56.5581 6.49584 21.4413 12.8217 5.83592 5.00694 4.79575 4.20239 3.72576 3.70278 9.74764 3.47702 3.35785 3.10598 2.75354 2.6589 2.61806
threshold=145.00000000000003 1698.5000000000002 58.650000000000013 2.5000000000000004 36.350000000000001 2.1500000000000008 105.00000000000001 24.950000000000003 4.4500000000000011 37.45000000000001 3.7500000000000004 8.5000000000000018 0.88194444444444453 3.4500000000000006 13.500000000000002 0.63961038961038974 11.15 13.500000000000002 1.5000000000000002 2.5000000000000004 2.5000000000000004 4.3500000000000005 3.3500000000000001 1.2500000000000002 20.550000000000004 1377.0000000000002 0.13278222681477653 0.55000000000000016 8.5000000000000018 14.050000000000002 0.11733416770963702 4.5000000000000009 1316.5000000000002 0.076629477392836168 4.5000000000000009 -1.3499999999999999 1.1500000000000001 1092.0000000000002 13.500000000000002 4.5000000000000009 3.3500000000000001 16.500000000000004 0.91287878787878796 3.5000000000000004 0.89444444444444449 -4.4999999999999991 2.4500000000000006 11.500000000000002 0.69615384615384623 850.00000000000011 35.850000000000001 31.850000000000005 0.27465948211345609 0.62019230769230782 0.18465909090909091 5.5000000000000009 5.9500000000000011 35.45000000000001 3.5000000000000004 30.900000000000002 3.5500000000000003
decision_type=2 2 2 2 2 2 2 2 2 2 2 2 2 2 2 2 2 2 2 2 2 2 2 2 2 2 2 2 2 2 2 2 2 2 2 2 2 2 2 2 2 2 2 2 2 2 2 2 2 2 2 2 2 2 2 2 2 2 2 2 2
left_child=1 2 4 30 23 6 7 9 59 12 49 -12 14 -14 -6 17 41 43 -19 53 -21 -22 -5 27 25 45 -27 28 32 -30 31 -3 33 34 -1 36 -29 -38 39 48 -41 42 -17 44 -7 -25 47 -47 58 -11 57 -23 -34 54 -8 -54 -35 -45 -32 -9 -56
right_child=-2 3 -4 22 5 15 19 8 -10 10 11 -13 13 -15 -16 16 -18 18 -20 20 21 51 -24 24 -26 26 -28 35 29 -31 38 -33 52 56 -36 -37 37 -39 -40 40 -42 -43 -44 50 -46 46 -48 -49 -50 -51 -52 -53 55 -55 60 -57 -58 -59 -60 -61 -62
leaf_value=-0.16224958175616755 -0.10101881471666707 -0.090176712608473153 -0.048607438641688989 0.026794000631998206 0.02821050014654403 -0.11463936637775655 0.040687822389333439 -0.12509355683442588 0.048180375152551184 0 0.0083350145980222463 -0.10597322500694652 0.023353172326980937 -0.12461334660006403 -0.012328145757199543 -0.09576551198533334 -0.079328967617978918 -0.095820124684230082 0.018222339690309175 0.042312106285857659 0.02636356192267493 -0.19480795794452546 -0.07365242814548259 0.045059749339843809 -0.082015473237550679 -0.112072761592619 0.024593555392416568 0.045037235414382419 -0.11564549817402235 0.023577026787536186 0.026234707920789694 0.036192836602682445 0.040618846035140717 0.040450641054094606 0.031350648270895259 0.04329253462269738 0.02404405820133684 -0.10906299277264206 0.046978668634364409 0.017659881596860799 -0.071276598268080707 0.039813313817716904 0.031445485607497485 -0.00286242265860133 0.044354592004535662 0 0.04294517242712307 -0.10691544580479667 0.045958252051908212 0.034342834281282715 0.043706211773294798 -0.0081796377209510246 0 0.046156527369156326 0.012395259321401326 0.03443552626804753 0.0053882581732777211 0.028485044153439654 -0.014143531047440993 -0.073402866907402095 -0.025025920544388281
leaf_weight=8.5127443037927168 8.405376445502041 5.6303786914795664 38.972310991957784 9.2977878302335757 838.82862402126193 6.5127134881913653 24.822824541479349 15.103955867700277 37.113933719694614 6.8811248466372481 163.8713407497853 41.523768693208694 12.068521894514562 10.219278227537869 36.26440566778183 4.7024761959910375 9.4054717458784562 5.7019043341279056 15.262052573263643 12.908695444464685 6.5375315174460393 4.0212324112653732 7.7333813104778519 52.63549542799592 10.392893276177345 6.5268595404922944 5.9338327646255493 26.087199103087187 6.782446973025797 4.236323356628418 7.8254505433142167 12.929294288158415 115.68002686277032 31.281754888594151 10.485879227519034 441.3170588966459 10.510490320622923 8.1833261810243112 377.7885575145483 4.3588088452816001 8.4523824509233219 31.27633710950613 7.5318852066993713 8.0524694584310055 28.205133620649576 8.7755517810583097 22.579888129606843 4.0130152925848952 41.101249389350414 108.11744759231806 372.52920784242451 1.9679922536015508 14.979190420359373 182.84426513686776 4.3127748705446711 9.4909801483154297 20.231068443506956 10.972175400704145 6.3863962348550558 38.054094752296805 9.4733821265399438
leaf_count=50 73 50 1172 7 617 43 8 109 5 14 241 199 8 56 76 28 71 35 18 2 3 26 63 12 70 36 2 2 37 1 6 4 46 13 4 132 5 45 57 2 65 12 3 19 6 19 7 21 10 73 142 14 24 34 2 2 26 4 30 328 25
internal_value=0 0.0265104 0.0243309 0.0394338 0.0253639 0.0226003 0.0188011 0.0151394 -0.0321091 0.0187448 0.00188923 -0.0141826 0.0246239 -0.0390077 0.026388 0.0341611 0.00297849 0.037572 -0.00697897 0.0376928 0 -0.0504052 -0.0115854 0.0321485 0.012052 0.0230449 -0.0371502 0.0351197 0.0224096 -0.0509616 0.041573 0 0.0268451 0.00628495 -0.048998 0.0406583 0.01191 -0.0276771 0.0433965 0.0216934 -0.0313704 0.0236742 -0.00744483 0.0400551 0.0108677 0.0329916 0.0114933 -0.0343082 0.036242 0.0316712 0.0423243 -0.154521 0.0362982 0.0424074 0.0214093 0.0107701 0.0291053 0.00871096 0 -0.0904983 -0.00432018
internal_weight=0 3394.2 2912.7 481.504 2873.72 2055.09 1554.94 1308.05 90.272 1217.77 320.394 205.395 897.381 22.2878 875.093 500.152 52.9162 447.236 20.964 246.889 25.4355 12.5268 17.0312 818.636 110.858 100.465 12.4607 707.778 221.68 11.0188 464.473 18.5597 210.662 70.5114 18.9986 486.098 44.781 18.6938 445.913 68.1243 12.8112 43.5107 12.2344 426.272 34.7178 88.004 35.3685 12.7886 55.3131 114.999 391.554 5.98922 140.15 221.453 38.609 24.4702 51.5128 19.0246 14.2118 53.1581 13.7862
internal_count=4314 4241 3947 294 2775 2221 1840 1726 442 1284 527 440 757 64 693 381 114 267 53 114 45 43 70 554 167 97 38 387 203 38 224 54 165 93 54 184 52 50 170 113 67 43 31 214 49 59 47 40 46 87 165 40 72 69 35 26 39 23 36 437 27
is_linear=0
shrinkage=0.0493048


Tree=58
num_leaves=51
num_cat=0
split_feature=38 66 64 5 40 80 81 64 17 24 64 79 45 64 64 49 4 7 71 42 61 1 38 57 74 82 58 75 72 61 17 41 64 64 3 64 42 68 60 13 71 56 42 42 15 75 82 64 64 61
split_gain=54.7297 35.41 83.5151 21.9615 19.0594 36.0694 34.8026 140.21 28.6769 42.2657 143.998 29.9323 20.2996 71.239 17.7712 16.9116 61.9171 16.4128 42.5525 14.7701 14.5217 24.0666 13.7394 20.3689 13.163 41.1139 20.0641 26.3681 17.8869 27.3089 12.2405 52.0348 10.862 10.5962 15.023 25.9254 10.195 7.84439 6.95475 6.68994 10.3422 5.91511 4.16906 15.2902 3.60184 14.3488 2.3355 1.08547 1.64526 0.835113
threshold=145.00000000000003 1698.5000000000002 58.650000000000013 2.5000000000000004 35.850000000000001 39.95000000000001 1.8500000000000003 30.900000000000002 1.5000000000000002 1.0000000180025095e-35 7.7500000000000009 11.500000000000002 12.500000000000002 13.250000000000002 3.3500000000000001 0.69615384615384623 12.500000000000002 1.5000000000000002 115.00000000000001 0.62019230769230782 0.11733416770963702 4.5000000000000009 9.5000000000000018 4.7500000000000009 1.2500000000000002 0.44097222222222227 -1.4999999999999998 0.74166666666666681 4.5000000000000009 0.10063291139240506 1.5000000000000002 0.25000000000000006 2.6500000000000008 18.150000000000002 10.500000000000002 2.6500000000000008 0.63961038961038974 1203.5000000000002 0.03647450110864741 1.0000000180025095e-35 9.5000000000000018 0.25833333333333336 0.92582417582417598 0.064583333333333312 13.500000000000002 0.20714285714285713 0.58578431372549034 10.350000000000003 6.3500000000000005 0.2175666199158485
decision_type=2 2 2 2 2 2 2 2 2 2 2 2 2 2 2 2 2 2 2 2 2 2 2 2 2 2 2 2 2 2 2 2 2 2 2 2 2 2 2 2 2 2 2 2 2 2 2 2 2 2
left_child=1 2 4 20 24 6 7 8 9 11 -11 -6 13 22 -5 19 -17 18 -14 -10 21 -3 23 -8 28 26 49 -28 29 -1 36 -32 -7 34 35 -22 37 -31 -38 46 -41 42 43 -36 47 -46 -19 48 -30 -26
right_child=-2 3 -4 14 5 32 12 -9 15 10 -12 -13 17 -15 -16 16 -18 39 -20 -21 33 -23 -24 -25 25 -27 27 -29 44 30 31 -33 -34 -35 41 -37 38 -39 -40 40 -42 -43 -44 -45 45 -47 -48 -49 -50 -51
leaf_value=-0.10737095221243755 -0.097741889038677046 -0.087734186897107685 -0.048347777852398792 0.026030394966343906 0.022555305909671242 0.0025798865181307601 -0.09450504638388256 -0.070649417628643824 0.037861529267063751 0.014038686018487172 -0.14202359994513217 -0.0084503341430941931 -0.10279729852147136 -0.083476953021583783 -0.071638580358478463 -0.12645233561659597 0.04317432248698428 0.03159122446942924 0.038987866370439488 0.0049098045213047999 0.030205879257564915 0.035528635667456808 0.039647771513973959 0.027875960253955948 0.013957232524453713 -0.08590781102331041 -0.093823349982394749 0.027038679856909009 0.036862965285187677 0.0014442315443135127 -0.1537280622850366 0.033145121232533409 -0.069041116889329429 0.047444200790503141 0.028610902323393521 -0.10611975073117354 -0.08219998168516314 0.040208175707867312 0.006100971913242428 0.039531507685947355 -0.008241974393933843 0.041150314080742045 0.033193507167597912 -0.086968799158327156 0.044754461647676401 -0.018684814309780251 0.049234496860373463 0.046074606831756112 0.0086255583792900319 0.045088394791888885
leaf_weight=3.5925427153706542 8.2636049725115281 5.5058902632445124 37.291884124279022 9.1045848131179827 976.0491694342345 3.335960507392886 4.862619232386348 40.327056737616658 391.40865612681955 76.870763659477234 17.424141611903906 75.91220498457551 6.8304200768470791 14.966636277735232 7.5640058796852818 7.3926109485328224 17.12591428309679 70.285124473273754 20.29704150184989 45.78655618429184 6.9315624088048917 12.532263517379759 77.229172226041555 8.4247831329703331 16.124157644808292 8.7056304095312935 7.1357986107468632 9.0470286794006807 51.816766496747732 22.270603951066732 4.7593351900577572 13.396795220673082 13.365046536549924 339.58634597063065 5.079132556915285 5.4274874851107597 2.3791675344109562 102.00737887620926 16.108000399544835 22.621910262852907 14.760485306382177 59.024638831615448 7.6217315495014182 4.5515939425677061 20.524829313158989 11.632121272385119 249.48591106757522 289.54627832118422 19.867380950599909 44.440992817282677
leaf_count=22 73 50 1172 7 914 2 27 355 190 83 110 143 37 95 63 41 3 48 5 63 4 4 35 6 19 52 42 7 27 28 28 5 132 78 1 35 12 39 22 7 32 23 2 27 3 27 25 59 18 12
internal_value=0 0.0259776 0.0237991 0.0390493 0.0248056 0.0223936 0.0229971 0.0193954 0.0217325 0.0173166 -0.0135217 0.0201995 0.0348626 0.0138346 -0.0109016 0.0324239 -0.00301004 0.0403094 0 0.0346956 0.0411944 0 0.0313234 -0.00770313 0.0326891 0.012316 0.0251103 -0.0186727 0.0355859 0.0203839 0.0240306 -0.00920097 -0.0473287 0.0430219 0.0246651 -0.0197553 0.0291288 0.0342643 0 0.0431272 0.0173545 0.0334976 9.29265e-05 -0.0132615 0.041625 0.0179483 0.0457491 0.0433866 0.0307786 0.0388649
internal_weight=0 3298.34 2835.41 462.929 2798.12 2154.76 2138.06 1648.3 1607.97 1146.26 94.2949 1051.96 489.764 105.483 16.6686 461.714 24.5185 384.281 27.1275 437.195 446.261 18.0382 90.5166 13.2874 643.355 85.4536 76.748 16.1828 557.901 164.514 160.921 18.1561 16.701 428.222 88.6361 12.359 142.765 124.278 18.4872 357.153 37.3824 76.2771 17.2525 9.63073 393.387 32.157 319.771 361.23 71.6841 60.5652
internal_count=4314 4241 3947 294 2775 2353 2219 1902 1547 1250 193 1057 317 163 70 297 44 154 42 253 224 54 68 33 422 132 80 49 290 156 134 33 134 170 92 39 101 67 34 112 39 53 30 28 134 30 73 104 45 31
is_linear=0
shrinkage=0.0493048


Tree=59
num_leaves=50
num_cat=0
split_feature=38 66 64 5 40 80 81 64 17 24 64 71 14 64 74 80 64 64 56 49 61 61 1 47 52 74 82 58 68 72 61 17 41 38 73 63 64 64 42 58 68 60 15 75 73 73 64 64 65
split_gain=50.7489 34.9444 78.1864 20.8261 18.6779 33.1909 34.2202 130.401 27.7048 38.7706 130.143 28.698 19.4723 41.5668 19.2053 18.064 23.7186 16.4965 16.3943 132.089 42.9643 13.8454 22.3354 13.7353 15.238 12.3822 37.9742 18.8124 31.9762 17.3972 25.0914 11.3617 46.0233 10.7167 15.0738 10.5702 13.5199 10.4213 9.67299 8.91889 7.52059 6.27672 3.61202 13.5962 2.03043 2.46057 1.1771 1.5546 0.501351
threshold=145.00000000000003 1698.5000000000002 58.650000000000013 2.5000000000000004 35.850000000000001 39.95000000000001 1.8500000000000003 30.900000000000002 1.5000000000000002 1.0000000180025095e-35 7.7500000000000009 1.5000000000000002 1.5000000000000002 5.0500000000000007 0.75000000000000011 39.650000000000013 2.5500000000000003 3.3500000000000001 0.2817460317460318 0.58578431372549034 0.17153518123667377 0.11733416770963702 4.5000000000000009 35.350000000000001 9.5000000000000018 1.2500000000000002 0.44097222222222227 -4.4999999999999991 552.00000000000011 4.5000000000000009 0.10063291139240506 1.5000000000000002 0.25000000000000006 14.500000000000002 37.850000000000001 9.5000000000000018 3.3500000000000001 2.6500000000000008 0.63961038961038974 7.5000000000000009 1203.5000000000002 0.03647450110864741 13.500000000000002 0.20714285714285713 37.45000000000001 37.250000000000007 10.350000000000003 6.3500000000000005 9.5000000000000018
decision_type=2 2 2 2 2 2 2 2 2 2 2 2 2 2 2 2 2 2 2 2 2 2 2 2 2 2 2 2 2 2 2 2 2 2 2 2 2 2 2 2 2 2 2 2 2 2 2 2 2
left_child=1 2 4 21 25 6 7 8 9 11 -11 -6 14 -14 15 16 -8 -5 20 -20 -10 22 -3 24 -16 29 27 -27 -29 30 -1 38 -33 34 35 44 -37 -7 40 -25 -32 -40 46 -44 45 -23 47 -31 -35
right_child=-2 3 -4 17 5 37 12 -9 18 10 -12 -13 13 -15 23 -17 -18 -19 19 -21 -22 33 -24 39 -26 26 -28 28 -30 42 31 32 -34 48 -36 36 -38 -39 41 -41 -42 -43 43 -45 -46 -47 -48 -49 -50
leaf_value=-0.10232358657275015 -0.09457093803028134 -0.085376734097177678 -0.048087234365174085 0.02527371404371518 -0.022688103367519048 0.0024591919893410079 0.022683278863284907 -0.069422519531042157 -0.057530808601641267 0.013497884546849945 -0.1349275874681832 0.021109988789292149 0.038643814085469803 -0.10237494754017656 0.026463200357750735 0.026841075484824485 -0.10986529073642715 -0.069691663431309517 0.030252437629762131 -0.14970313509818636 0.042684060662400547 0 0.034860745420377606 0.043057229610683721 -0.096385072532153837 0.042594663921640373 -0.082615969675450818 0.02853075521148548 -0.087337341945723374 0.036204437765198091 0.0013746736155904197 -0.14199353548692822 0.032436276616890324 0.034852713939513051 -0.052355744153306162 0.023138310534995252 -0.084421406219458026 -0.06758863888310887 -0.077966337888760132 0.010986870221239906 0.039591063283611609 0.0058243796999838567 0.044313703113105965 -0.017556037861728661 0.047583202852330322 0.03289685323128249 0.045677022516636842 0.0082614154085839542 0.049683773235647523
leaf_weight=3.5857176147401324 8.1242678929120284 5.3830053908750441 35.685568957589567 8.9205393642187136 34.988027758896351 3.3289868086576488 3.7571125030517596 39.048955226317048 9.7248301655054075 76.031605362892151 17.437464708462358 1000.6425799615681 13.5568137280643 7.7705012317746869 4.9889281615614873 19.784839177504182 7.0363703966140747 7.3971268786117426 144.06349801179022 10.458480905741451 284.59074795991182 10.806857770308852 12.152855172753332 378.49872234277427 3.706037076190114 49.676558788865805 8.6099209347739798 16.458044975996021 8.5178467575460655 50.19938637688756 22.246216509491205 4.8976358510553863 13.024752981960772 75.283736616373062 4.9403696190565816 6.7892082557082158 4.1258532386273146 12.98933790437877 2.3863300234079388 33.6708695422858 98.576394006609917 16.044293813407421 19.727252125740055 11.768248975276945 37.453637052327394 9.6729741189628839 277.95655606780201 19.725507654249668 262.39811608195305
leaf_count=22 73 50 1172 7 77 2 1 355 36 83 110 980 5 48 2 16 43 63 101 63 97 32 4 127 21 16 52 12 52 27 28 28 5 40 38 4 31 132 12 54 39 22 3 27 6 7 59 18 12
internal_value=0 0.0254127 0.0232338 0.0386605 0.0242124 0.0218046 0.0223921 0.0188081 0.0210718 0.0167161 -0.0129014 0.0195095 0.034385 -0.00699593 0.0366158 0 -0.0523159 -0.010227 0.03175 0.0172377 0.038944 0.0408105 0 0.0393579 -0.0118249 0.0321457 0.012036 0.0246502 -0.0060785 0.0350144 0.0198549 0.0234547 -0.00848413 0.0426411 0.0221429 0.0293172 -0.00629833 -0.0457191 0.0284592 0.0407401 0.0335858 0 0.0411082 0.0172584 0.0381723 0.0148495 0.0429081 0.0301071 0.0467493
internal_weight=0 3210.49 2765.16 445.324 2729.48 2106.07 2089.76 1616.99 1577.94 1129.1 93.4691 1035.63 472.77 21.3273 451.443 30.5783 10.7935 16.3177 448.838 154.522 294.316 429.007 17.5359 420.865 8.69497 623.401 83.2624 74.6525 24.9759 540.138 160.761 157.176 17.9224 411.471 73.7889 68.8485 10.9151 16.3183 139.253 412.17 120.823 18.4306 379.377 31.4955 57.9335 20.4798 347.881 69.9249 337.682
internal_count=4314 4241 3947 294 2775 2353 2219 1902 1547 1250 193 1057 317 53 264 60 44 70 297 164 133 224 54 204 23 422 132 80 64 290 156 134 33 170 118 80 35 134 101 181 67 34 134 30 45 39 104 45 52
is_linear=0
shrinkage=0.0493048


Tree=60
num_leaves=59
num_cat=0
split_feature=38 66 64 5 40 55 58 47 64 39 65 53 64 59 63 57 66 64 38 39 73 82 58 47 42 64 56 58 42 61 1 4 47 64 52 78 83 0 38 73 62 64 81 68 83 75 57 45 72 0 65 64 66 52 72 73 73 65
split_gain=47.0574 34.4979 73.1821 19.7563 18.3107 32.4561 39.0515 81.1111 278.404 48.7796 47.7583 47.0989 85.2259 37.3276 60.0138 33.3354 32.0107 31.8792 25.997 19.2601 77.0629 22.5499 18.0707 49.8162 17.2759 39.5163 15.5374 14.9622 31.5034 13.2051 20.729 11.9855 54.1654 12.2521 11.0892 10.649 33.2404 10.5402 10.443 14.1645 12.2292 13.684 10.1447 23.3986 28.3562 8.60114 12.8581 8.29766 5.62282 12.6362 5.07123 4.4043 3.02495 1.55993 1.38008 0.878013 1.64123 0.733083
threshold=145.00000000000003 1698.5000000000002 58.650000000000013 2.5000000000000004 35.850000000000001 2.1500000000000008 3.5000000000000004 36.350000000000001 9.9500000000000011 2.5000000000000004 10.500000000000002 12.500000000000002 10.15 1.0000000180025095e-35 6.5000000000000009 5.2500000000000009 1037.0000000000002 2.0500000000000003 6.5000000000000009 8.5000000000000018 37.95000000000001 0.12916666666666668 -6.4999999999999991 41.45000000000001 0.13809523809523808 4.5500000000000007 0.18465909090909091 11.500000000000002 0.2817460317460318 0.11733416770963702 4.5000000000000009 3.5000000000000004 36.150000000000013 2.5500000000000003 7.5000000000000009 19.000000000000004 -1.3499999999999999 1.0000000180025095e-35 14.500000000000002 37.850000000000001 5.5000000000000009 3.3500000000000001 1.3500000000000003 310.00000000000006 2.1500000000000008 0.2264957264957265 -2.2499999999999996 25.000000000000004 6.5000000000000009 1.0000000180025095e-35 1.5000000000000002 30.900000000000002 1520.5000000000002 2.5000000000000004 5.5000000000000009 37.45000000000001 37.250000000000007 9.5000000000000018
decision_type=2 2 2 2 2 2 2 2 2 2 2 2 2 2 2 2 2 2 2 2 2 2 2 2 2 2 2 2 2 2 2 2 2 2 2 2 2 2 2 2 2 2 2 2 2 2 2 2 2 2 2 2 2 2 2 2 2 2
left_child=1 2 4 29 31 6 10 19 9 17 11 13 15 18 -15 -13 -11 -9 -6 20 21 -8 23 -7 25 -24 -5 34 -29 30 -3 33 -33 -1 53 42 -37 50 39 40 55 -42 48 -44 -45 46 -38 -34 49 -35 -21 -10 -36 -26 -47 56 -31 -40
right_child=-2 3 -4 26 5 22 7 8 51 16 -12 12 -14 14 -16 -17 -18 -19 -20 37 -22 -23 24 -25 27 -27 -28 28 -30 38 -32 32 47 35 52 36 45 -39 57 -41 41 -43 43 44 -46 54 -48 -49 -50 -51 -52 -53 -54 -55 -56 -57 -58 -59
leaf_value=-0.01694565967705168 -0.091510077803420381 -0.083096661860089668 -0.047825308911778892 0.022468678384069733 0.0089092774523593325 -0.10403509645983409 0 0.0028801287633933347 -0.12594569303838654 -0.10790384881707714 -0.085061461221033211 -0.031916616436081124 -0.12893184676928973 0.012674441057494793 -0.12132677112287603 0.034156614204524594 0.021908558772810074 -0.13965445465168486 0.032405349233794616 0.02918589852634474 0.036345494190690469 -0.1478612051486454 0.035420593960445702 0.043748655391312452 0.015289947668044592 -0.097635701725223525 -0.071269282744154505 0.032321002403044571 -0.07804624751927533 0 0.034189369838383221 -0.12692231201473089 0 0.00039054687672046784 0.043781330102528243 -0.081750793504874242 0.019760899010164239 0.044427841797765058 0.034152943826659128 -0.050860614207802836 0.022419251842802156 -0.080557825312933859 0.044735254049370905 -0.094878032943458451 0.032185284984912702 0.042040367307973572 -0.10040476752089841 0.043406939484109924 0.044740956305057498 0.03765735128487837 -0.020576247968637607 -0.066346286363407725 0.020112745537700052 -0.015124768565418006 0.014476954807753718 0.047402726962638655 0.032141091478300632 0.049511419932304367
leaf_weight=8.120869502425192 7.9866795744746915 5.2620124621316817 34.150395588949323 9.206106733530758 150.96410377696157 8.5642326828092337 2.2971649281680575 4.1799037903547278 39.214448935352266 4.3995005562901488 9.3745448309928161 28.384482771158218 12.573514590039848 33.759128352627158 10.254387678578494 49.344814285635948 205.63427707925439 8.0836241506040079 819.54453528579324 9.757500998675825 38.262110065668821 8.7293665427714568 17.969318177551035 14.915699005126953 8.3336536437273043 7.6736200042068949 6.7719677034765473 25.547276290133595 8.1703045247122628 10.157933598384261 11.790361300110815 6.2422222150489679 14.396451380103825 36.4753178358078 341.16630147024989 7.1930258125066748 4.3416430205106735 125.17030788585544 73.094372276216745 4.8384398128837338 6.6657261922955495 4.7349761947989464 20.522027812898159 8.8865692224353534 6.2339887619018546 38.156346119940281 3.0202549733221522 27.485035091638565 290.54284636583179 107.73345878347754 9.3837909745052439 15.010593324899672 34.991327254101634 7.9914621096104375 24.682487118989229 35.835586175322533 9.4195101466029882 250.62251631915569
leaf_count=19 73 50 1172 15 210 50 5 4 250 23 78 72 76 44 60 27 195 45 564 5 27 59 11 1 8 53 55 17 63 29 4 37 23 56 113 41 2 41 40 38 4 35 2 48 1 12 18 9 79 49 35 141 43 33 26 5 7 12
internal_value=0 0.024847 0.0226681 0.0382753 0.0236192 0.0212165 0.017654 0.00538629 -0.0114253 0.0125111 0.0227183 0.0237479 -0.00936415 0.026818 -0.0157922 0.00842614 0.0185804 -0.0810881 0.0288791 0.0300384 0.000761808 -0.111203 0.0328273 -0.00493947 0.0350653 0 -0.00956153 0.0374443 0.00184131 0.0404307 0 0.0316042 0.00480452 0.0337001 0.0401857 0.0346789 0.0148827 0.0391737 0.042265 0.0216931 0.0288306 -0.00958771 0.0376703 0.00770668 -0.0343319 0.0265895 -0.0129604 0.0274916 0.03984 0.0290957 0 -0.111791 0.0419122 0 0.0332052 0.0389784 0.017162 0.0464316
internal_weight=0 3126.23 2697.83 428.4 2663.68 2059.65 1584.32 470.123 276.522 222.297 1114.2 1104.82 90.3028 1014.52 44.0135 77.7293 210.034 12.2635 970.509 193.6 49.2886 11.0265 475.323 23.4799 451.843 25.6429 15.9781 426.2 33.7176 412.421 17.0524 604.033 48.1237 555.909 392.483 547.788 77.3938 144.312 395.369 71.6522 66.8137 11.4007 470.394 35.6426 15.1206 70.2007 7.3619 41.8815 434.752 144.209 19.1413 54.225 376.158 16.3251 62.8388 55.413 19.5774 323.717
internal_count=4314 4241 3947 294 2775 2353 1961 830 658 267 1131 1053 175 878 104 99 218 49 774 172 91 64 392 51 341 64 70 277 80 224 54 422 69 353 197 334 99 81 170 118 80 39 235 51 49 58 20 32 184 105 40 391 156 41 38 41 36 52
is_linear=0
shrinkage=0.0493048


Tree=61
num_leaves=62
num_cat=0
split_feature=38 66 64 5 40 55 42 1 64 48 78 47 61 65 82 55 64 64 54 58 38 27 78 58 47 39 56 42 64 40 64 58 42 40 40 42 64 52 4 47 64 52 78 83 75 45 64 7 60 66 67 55 64 80 38 52 38 72 49 47 64
split_gain=43.6654 33.8637 68.5619 18.7758 17.7118 31.3538 37.2785 64.3132 124.764 219.356 70.7573 86.7632 85.0598 68.3578 65.9626 36.0004 97.8404 27.4571 22.9296 19.2618 38.3458 22.6674 48.1011 16.9452 45.7363 16.3543 37.2283 16.2791 36.5511 15.6828 14.3917 14.1977 29.2454 11.7206 27.4236 11.7034 15.2663 45.4211 11.4656 48.9223 11.7576 10.7382 10.1448 30.7795 9.12007 7.99891 7.50174 18.7191 15.1482 9.56156 7.26691 6.64332 6.00706 6.67357 5.78885 12.6363 5.40694 5.34554 3.91607 3.18077 3.17731
threshold=145.00000000000003 1698.5000000000002 58.650000000000013 2.5000000000000004 35.850000000000001 2.1500000000000008 0.17156862745098037 1.0000000180025095e-35 5.5500000000000007 2.1500000000000008 7.5000000000000009 37.95000000000001 0.14976635514018691 3.5000000000000004 0.42261904761904762 1.6500000000000001 5.1500000000000012 1.9500000000000002 38.050000000000004 2.5000000000000004 25.000000000000004 1.5000000000000002 19.000000000000004 -6.4999999999999991 41.45000000000001 4.5000000000000009 0.55050505050505061 0.13809523809523808 4.5500000000000007 35.45000000000001 3.3500000000000001 11.500000000000002 0.2817460317460318 38.850000000000001 41.050000000000004 0.06904761904761901 3.6500000000000008 105.00000000000001 3.5000000000000004 36.150000000000013 2.5500000000000003 7.5000000000000009 19.000000000000004 -1.3499999999999999 0.23303167420814477 25.000000000000004 17.550000000000004 12.500000000000002 -1.0000000180025095e-35 1382.0000000000002 1032.5000000000002 2.3500000000000001 6.9500000000000011 41.250000000000007 3.5000000000000004 1.5000000000000002 7.5000000000000009 12.500000000000002 0.24264705882352941 36.850000000000001 18.150000000000002
decision_type=2 2 2 2 2 2 2 2 2 2 2 2 2 2 2 2 2 2 2 2 2 2 2 2 2 2 2 2 2 2 2 2 2 2 2 2 2 2 2 2 2 2 2 2 2 2 2 2 2 2 2 2 2 2 2 2 2 2 2 2 2
left_child=1 2 4 29 38 6 19 8 25 13 11 12 -9 -10 -11 18 -17 -13 -12 35 21 22 -21 24 -7 26 -8 28 -25 51 -5 41 -33 60 -35 36 -6 -38 40 -40 -1 -29 46 -44 -27 -41 47 49 -49 -42 -48 -3 -45 -54 55 -37 -23 58 -36 -43 -31
right_child=-2 3 -4 30 5 23 7 10 9 14 15 17 -14 -15 -16 16 -18 -19 -20 20 -22 56 -24 27 -26 44 -28 31 -30 33 -32 32 -34 34 57 54 37 -39 39 45 42 59 43 52 -46 -47 50 48 -50 -51 -52 -53 53 -55 -56 -57 -58 -59 -60 -61 -62
leaf_value=-0.015956995191911353 -0.08856175483006419 -0.066656161479130893 -0.047561509933422418 0.024169907035362329 0.032477724996592502 -0.099570573194377829 -0.1229290447416697 -0.1139326705391291 -0.012445496678725326 -0.10849629309360036 0.033454781579664611 0.0069282761482959533 0.016790868361556952 -0.12528924909447087 0.032832699611732706 0.030972882933561499 -0.15309595829810799 -0.12521268813224701 -0.0069494997663118764 -0.10812835047861188 -0.11970865412384869 0 0.031157540332223815 0.034693867305480547 0.043290763087320966 0 0.021562439074541598 0 -0.094703089274732574 0.029211218958947398 -0.066044700624292033 0.031539837017675862 -0.076108539787897542 -0.071776531699862242 0.024179559785243544 0.041112637464405619 -0.17764546633161921 0.026269232616645453 -0.11963585718988066 0 0.038572065307410301 0.023314469664849645 -0.078852107151130682 0.03713425942994282 0.033599040750429097 0.042863499001651886 0.0077257824518120969 0.031938188240103943 -0.057747898042829905 0.0044498293489684173 0.046063252284476129 0.0045008874053706314 -0.01434579061660052 0.037311900154704869 0.039666133965145289 -0.026363938395599435 0.041029287173889879 0.038815901121714076 -0.043652442660685624 0.043810641365423765 0.048465142181238416
leaf_weight=8.1988877505063993 7.8502684310078612 4.3667580988258115 32.683487652800977 8.5828674584627134 15.615356661379339 8.5098811164498329 5.8819468021392849 13.098960493691264 20.247623458504677 8.6791126439347845 541.11885937768966 2.6659450531005886 142.1619347538799 56.976333770900965 75.418817626312375 23.091119699180126 9.7207338241860253 17.965405317954719 31.076523151248693 9.6936611477285624 5.1883115321397772 10.13351961225271 13.889548219740391 17.454902410507206 14.344930648803711 26.914688024669886 13.353729322552679 16.25550040602684 7.5259628081694236 63.08812703192234 7.1168347997590891 24.906320178881288 7.9711153972893944 6.6432743659242979 4.5906010065227729 14.732474990189077 3.995381470769642 5.5601680316030979 6.2964399084448806 14.396451380103825 141.16771165281534 49.698709100484848 7.0935103353112927 44.212200906127691 131.03024408221245 26.48667336255312 21.028186303563416 6.1979255676269558 10.615888249129055 33.227322343736887 242.42195793054998 2.6982599012553692 14.817948842421174 9.4308275505900383 294.50211717095226 10.585457320325075 47.849633228033781 39.834704143926501 3.5428686868399382 313.2697488758713 271.7854230478406
leaf_count=19 73 26 1172 7 9 50 28 84 36 61 366 1 163 386 56 14 68 120 72 65 39 31 10 11 1 40 10 41 53 55 63 17 63 53 2 3 31 3 37 23 65 42 41 21 86 9 30 1 34 44 61 2 35 2 128 32 19 16 33 114 37
internal_value=0 0.0243166 0.022141 0.0378887 0.0230668 0.0206792 0.0171533 0.0122154 -0.00544708 -0.0371079 0.0200308 -0.0069313 0.00493877 -0.0973304 0.0167312 0.0280748 -0.0198753 -0.102137 0.0310428 0.029666 0.00703852 0.0166712 -0.020903 0.0322978 -0.00453941 0.0226798 -0.0163069 0.0345087 0 0.0400543 -0.0088766 0.0368654 0.00161056 0.0415023 0.0164624 0.0349945 0 -0.0463534 0.0310525 0.0045087 0.0331471 0.0395935 0.0341419 0.0145097 0.0282175 0.026751 0.0371296 0.0277282 -0.0173094 0.0327858 0.0434765 -0.022073 0.0260332 0.000648313 0.0375491 0.00799828 0.0341001 0.0313157 0 0.0413492 0.0452124
internal_weight=0 3041.61 2629.36 412.25 2596.68 2011.08 1551.15 1119.4 338.502 161.322 780.899 175.892 155.261 77.224 84.0979 605.007 32.8119 20.6314 572.195 431.746 86.7547 81.5664 23.5832 459.937 22.8548 177.181 19.2357 437.082 24.9809 396.55 15.6997 412.101 32.8774 389.485 54.6114 344.991 25.1709 9.55555 585.592 47.1796 538.412 379.224 530.213 75.5545 157.945 40.8831 454.659 191.209 16.8138 174.395 263.45 7.06502 68.461 24.2488 319.82 25.3179 57.9832 47.9682 8.13347 362.968 334.874
internal_count=4314 4241 3947 294 2775 2353 1961 1591 703 539 888 368 247 422 117 520 82 121 438 370 164 125 75 392 51 164 38 341 64 224 70 277 80 196 104 206 43 34 422 69 353 197 334 99 126 32 235 144 35 109 91 28 58 37 163 35 50 51 35 156 92
is_linear=0
shrinkage=0.0493048


Tree=62
num_leaves=51
num_cat=0
split_feature=38 46 64 40 80 65 3 64 54 15 64 80 64 68 60 56 68 56 73 64 65 64 52 72 13 38 57 54 38 65 64 67 75 41 68 49 12 3 59 73 49 74 39 19 82 74 42 3 6 74
split_gain=40.5411 33.1493 80.5378 61.6224 61.3504 67.4713 57.7808 45.6234 69.1279 51.0654 39.0706 35.8649 57.9569 29.923 28.1141 27.2948 42.6485 26.9288 22.1517 104.52 39.2987 129.11 20.9956 31.7941 20.9723 49.8209 19.539 17.9309 17.7578 117.995 42.2326 17.0185 55.8452 15.7293 20.1143 15.0697 34.4995 31.444 14.6852 11.0038 8.60874 4.0832 11.8126 29.1932 3.09976 2.8535 2.60701 4.39858 2.14602 0.0126732
threshold=145.00000000000003 14.500000000000002 53.45000000000001 40.750000000000007 36.750000000000007 2.5000000000000004 6.5000000000000009 18.850000000000005 38.95000000000001 1.0000000180025095e-35 2.9500000000000006 37.850000000000001 13.450000000000001 1106.0000000000002 0.069204980842911865 0.93933823529411764 1513.0000000000002 0.86190476190476206 38.250000000000007 10.65 2.5000000000000004 8.9500000000000011 14.500000000000002 1.5000000000000002 2.5000000000000004 1.0000000180025095e-35 -6.7499999999999991 37.650000000000013 12.500000000000002 6.5000000000000009 10.15 1013.5000000000001 0.10555555555555557 0.15000000000000005 369.00000000000006 0.63961038961038974 1.0000000180025095e-35 4.5000000000000009 -474.99999999999994 36.750000000000007 0.12916666666666668 1.3500000000000003 12.500000000000002 14.500000000000002 0.39444444444444454 1.0500000000000003 0.29285714285714287 14.500000000000002 1.0000000180025095e-35 3.4500000000000006
decision_type=2 2 2 2 2 2 2 2 2 2 2 2 2 2 2 2 2 2 2 2 2 2 2 2 2 2 2 2 2 2 2 2 2 2 2 2 2 2 2 2 2 2 2 2 2 2 2 2 2 2
left_child=1 2 3 7 6 22 10 15 9 -9 -5 13 27 17 26 18 -17 -3 28 20 45 -22 23 -6 31 -26 -8 38 29 30 -1 32 -11 34 -30 41 37 -37 -13 -35 -33 42 -15 -44 -29 -20 -39 -48 -19 -21
right_child=-2 11 -4 4 5 -7 14 8 -10 24 -12 12 -14 35 -16 16 -18 48 19 49 21 -23 -24 -25 25 -27 -28 44 33 -31 -32 40 -34 39 -36 36 -38 46 -40 -41 -42 -43 43 -45 -46 -47 47 -49 -50 -51
leaf_value=0.02337517177141589 -0.085726802203163352 -0.078611144466552235 -0.052549566688733632 0.02232545410360201 0.028553231105737459 -0.09725927946661983 0.015138745406179847 -0.070045429767290182 -0.078815299532167149 0.038993652456980728 -0.12374613886838033 0.011656592440555121 -0.078259241310791955 0.038471135837943031 0.044184730661076192 -0.13417220488706472 0.025225792384395988 0 0.00059654798125403723 -0.13731279451450956 -0.14030040665702265 0.034026861647983429 0.040155056881393709 -0.12552844639749031 0.041898120914246322 -0.098256866493679082 -0.1063636745245768 0.0042989349535017497 0.031151218943445188 -0.14348782980142677 -0.01751053474793688 0.0047645885642522839 -0.098129624421833317 0.02021049295814091 -0.055732646022977492 -0.098287345408328161 -0.099238922065810309 0.045745364589357844 -0.086703586317655124 0.036267462594049095 0.041853082266379134 0.047484029679284556 -0.1037685718368711 0.037685679707388675 0.043882361721511769 0.037593549030459882 -0.010371777539871195 0.031497214510760506 0.035046258348923075 0
leaf_weight=498.48682010360062 7.7145840404555193 9.5701018655672687 34.746884450316429 5.4505290836095837 4.9180531501770037 31.14306000713259 4.5039415061473829 10.083223270718007 12.30517917126417 30.752139635849744 10.744373233988879 5.7941157892346382 16.705616511404514 98.300648050382733 74.991082244552672 7.2139451839029771 7.0561667084693909 5.0561389997601518 12.899823114275931 11.937769301235674 15.1649730540812 30.460486159659922 17.925933115184307 6.0380907133221626 18.162258148193363 9.2037631347775442 5.3764334507286549 13.801112761721013 12.536038652062418 10.985778488218783 66.471752168610692 23.362825088202953 9.2717513702809793 226.4417585991323 12.121126264333723 3.9500990752130738 5.2789741838350883 44.867694227024913 5.6627484038472158 319.50239324569702 675.30237047001719 365.78663849644363 5.1352657601237288 10.743648299947379 42.407661374658346 77.999195452779531 5.9118062034249332 12.454282982274888 11.238402651622891 1.6883206591010083
leaf_count=449 73 104 1013 3 1 217 2 99 87 12 76 4 203 55 27 40 4 22 17 72 88 19 7 33 3 78 37 24 7 73 152 40 64 207 37 46 49 17 29 162 290 93 35 6 11 49 29 16 17 16
internal_value=0 0.0238099 0.0208615 0.0220457 -0.00674243 -0.0467466 0.0157946 0.024314 0.033879 0.0358293 -0.0669789 0.0338327 0.0022023 0.0382321 0.0330742 0.0184658 -0.0467891 -0.00985747 0.019281 0.000603287 0.014432 -0.0212541 0.00347054 -0.0451751 0.0373883 -0.000764317 -0.0385735 0.0239332 0.0216185 0.0150328 0.0183438 0.03897 0.00406768 0.0280467 -0.00654161 0.0407092 0.0168032 0.0278168 -0.0262513 0.0298369 0.0407911 0.0440579 0.0319822 -0.000370942 0.0363827 0.0337128 0.0377084 0.011268 0.0229874 -0.128539
internal_weight=0 2957.91 2295.25 2260.5 161.091 60.0251 101.066 2099.41 788.444 776.138 16.1949 662.665 84.3713 578.294 84.8715 1310.97 14.2701 25.8646 1296.7 150.151 136.524 45.6255 28.8821 10.9561 766.055 27.366 9.88037 67.6656 1146.55 575.944 564.959 738.689 40.0239 570.601 24.6572 552.429 72.4629 67.1839 11.4569 545.944 698.665 479.966 114.18 15.8789 56.2088 90.899 63.2338 18.3661 16.2945 13.6261
internal_count=4314 4241 3481 2468 403 258 145 2065 673 586 79 760 271 489 66 1392 44 143 1348 261 173 107 41 34 487 81 39 68 1087 674 601 406 76 413 44 346 157 108 33 369 330 189 96 41 35 66 62 45 39 88
is_linear=0
shrinkage=0.0493048


Tree=63
num_leaves=62
num_cat=0
split_feature=38 66 64 5 40 55 42 1 64 48 78 47 61 81 82 55 64 64 54 58 38 71 49 56 83 40 58 47 42 64 56 60 58 42 40 40 42 64 52 4 47 64 52 78 83 45 64 7 80 73 55 64 61 38 52 72 64 46 63 63 66
split_gain=37.6443 32.4084 60.0341 17.4707 16.7075 30.6326 35.3809 58.1121 112.794 193.762 64.6451 74.8515 76.7374 61.5969 58.1214 32.9021 83.7657 23.9333 21.5108 17.8302 34.2029 20.9612 18.6601 15.8624 44.5852 14.5438 14.4594 40.343 14.796 32.5934 13.2998 13.189 12.7951 25.2544 11.1605 24.649 10.8761 13.6311 39.2346 10.8448 43.5994 11.4409 10.342 9.63044 27.1261 7.72055 7.69304 17.3511 17.1017 9.78734 6.07468 5.9507 6.25373 5.67486 11.6098 4.68033 3.51443 5.06108 10.2907 5.6383 3.47818
threshold=145.00000000000003 1698.5000000000002 58.650000000000013 2.5000000000000004 35.850000000000001 2.1500000000000008 0.17156862745098037 1.0000000180025095e-35 5.5500000000000007 2.1500000000000008 7.5000000000000009 37.95000000000001 0.14976635514018691 2.8500000000000001 0.42261904761904762 1.6500000000000001 5.1500000000000012 1.9500000000000002 38.050000000000004 2.5000000000000004 25.000000000000004 5.5000000000000009 0.36931818181818182 0.23303167420814477 0.8500000000000002 35.45000000000001 -6.4999999999999991 41.45000000000001 0.13809523809523808 4.5500000000000007 0.18465909090909091 0.093121797398502112 11.500000000000002 0.2817460317460318 38.850000000000001 41.050000000000004 0.06904761904761901 3.6500000000000008 105.00000000000001 3.5000000000000004 36.150000000000013 2.5500000000000003 7.5000000000000009 19.000000000000004 -1.3499999999999999 25.000000000000004 17.550000000000004 12.500000000000002 35.750000000000007 35.850000000000001 2.3500000000000001 6.9500000000000011 0.054299754299754262 3.5000000000000004 1.5000000000000002 12.500000000000002 18.150000000000002 9.5000000000000018 13.500000000000002 1.5000000000000002 1520.5000000000002
decision_type=2 2 2 2 2 2 2 2 2 2 2 2 2 2 2 2 2 2 2 2 2 2 2 2 2 2 2 2 2 2 2 2 2 2 2 2 2 2 2 2 2 2 2 2 2 2 2 2 2 2 2 2 2 2 2 2 2 2 2 2 2
left_child=1 2 4 25 39 6 19 8 23 13 11 12 -9 -10 -11 18 -17 -13 -12 36 21 -21 -23 24 -8 50 27 -7 29 -28 -5 -25 42 -34 56 -36 37 -6 -39 41 -41 -1 -30 46 -45 -42 47 49 -49 -43 -3 -46 -53 54 -38 -37 57 58 59 -27 -44
right_child=-2 3 -4 30 5 26 7 10 9 14 15 17 -14 -15 -16 16 -18 -19 -20 20 -22 22 -24 31 -26 34 28 -29 32 -31 -32 -33 33 -35 35 55 53 38 -40 40 45 43 60 44 51 -47 -48 48 -50 -51 -52 52 -54 -55 -56 -57 -58 -59 -60 -61 -62
leaf_value=-0.016425641194525293 -0.08300458413723566 -0.063996669001316606 -0.047010786939246804 0.021034128031934572 0.031307986273495708 -0.092675724658038541 -0.10050131357966159 -0.11032660764237197 -0.1085776677714457 -0.10235321298144096 0.03221495651345286 0.004981623457414667 0.015554661111259535 0.025961608365995602 0.031752395594250346 0.029501278197581519 -0.1410048372327295 -0.11723130021180442 -0.0072175011776036925 -0.079863514260032756 -0.11484372119088633 0.035768990658271188 -0.026574615265265476 0.036038453556511085 0.037155107181420031 0 0.033657273117445624 0.04301644307221511 0 -0.090854059080449454 -0.067779062924981467 0 0.030301341537857372 -0.072228030540347779 -0.06902770359015914 0 0.040203132876106495 -0.1644634212486937 0.024657437265687858 -0.11318336241605981 0 0.0083896366682953694 0.042504637824952403 -0.074841068205363945 0.036122455504148387 0.042128983291486996 0.042789033881306948 -0.11439872997363233 3.0276921523467997e-05 0.039366122128761977 0.0034297291474445269 0.032986650793433693 -0.01743604831933435 0.038672510465012688 -0.025275647790464036 0.037692592812966441 0.048090648933395652 0.036323707933515088 0.03506754961295503 -0.090268121961338849 0.017363786520465101
leaf_weight=8.1718585789203626 7.5792956901714197 4.2753278315067282 29.858433064073324 8.6571369394659978 14.910679727792742 8.3702139435335994 9.2531432919204253 12.755655413493512 68.110090624075383 8.5083956839516741 510.78194931987673 2.5679733753204372 137.65262739546597 7.7650377247482529 71.154058407992125 21.888665042817596 9.8658212237060052 17.906618467532098 30.567354440689087 4.6196888275444499 5.052123603411018 60.365141064859927 12.108067508786915 111.01794062554836 13.503588333725927 2.5323253199458096 16.689836848527197 14.017602920532227 15.903108434751628 7.2696403609588733 6.4084162730723611 36.581173624843359 23.557490134611729 7.5915289083495727 6.4211458787322035 7.70406525209546 13.933232411742212 4.0557123227044922 5.302110493183136 6.278338555712252 14.181401338428257 45.315374698489904 306.88395047187805 6.9125483166426411 41.931025709956884 25.037529155611992 245.92661319021136 3.4981029815971878 13.239012215286492 120.25576385483146 2.6381632871925831 10.234434649348259 13.21926399320364 276.40092867799103 10.608061471022664 37.155560467392206 249.48103997297585 44.983412086963654 9.3679999113082886 3.2992014940828085 32.378891283646226
leaf_count=19 73 26 1172 15 9 50 39 84 410 61 366 1 163 12 56 14 68 120 72 36 39 44 45 67 6 5 11 1 41 53 55 52 17 63 53 35 3 31 3 37 23 52 113 41 21 9 91 19 16 57 2 3 34 128 32 16 37 24 3 23 43
internal_value=0 0.0233008 0.0211325 0.0370952 0.0220093 0.0196286 0.0160747 0.0111736 -0.00589922 -0.0365495 0.0188192 -0.00722737 0.00402995 -0.0931654 0.0158313 0.0268025 -0.0196561 -0.0958571 0.0297584 0.0286395 0.00619284 0.0157842 0.0236307 0.0213569 -0.0134281 0.0393043 0.031473 -0.00223326 0.0336154 0 -0.00857686 0.0275642 0.0359606 0.00127399 0.0407956 0.0154797 0.0339257 0 -0.0443677 0.0299877 0.00364959 0.0320985 0.0386523 0.0331402 0.0135388 0.0256026 0.0361578 0.0265242 -0.0166553 0.0316425 -0.0204785 0.0248173 0 0.0364912 0.00684409 0.0303889 0.0445843 0.0279653 0 -0.047893 0.0404737
internal_weight=0 2876.88 2493.96 382.924 2464.1 1909.9 1477.24 1069.88 325.893 155.538 743.987 170.883 150.408 75.8751 79.6625 573.104 31.7545 20.4746 541.349 407.356 82.145 77.0929 72.4732 170.356 22.7567 367.858 432.662 22.3878 410.274 23.9595 15.0656 147.599 386.315 31.149 360.945 51.2808 325.211 24.2685 9.35782 554.201 45.4973 508.704 355.166 500.532 72.2973 39.2189 428.235 182.308 16.7371 165.571 6.91349 65.3847 23.4537 300.942 24.5413 44.8596 309.664 60.1829 15.1995 5.83153 339.263
internal_count=4314 4241 3947 294 2775 2353 1961 1591 703 539 888 368 247 422 117 520 82 121 438 370 164 125 89 164 45 224 392 51 341 64 70 119 277 80 196 104 206 43 34 422 69 353 197 334 99 32 235 144 35 109 28 58 37 163 35 51 92 55 31 28 156
is_linear=0
shrinkage=0.0493048


Tree=64
num_leaves=51
num_cat=0
split_feature=38 46 64 40 80 65 3 64 54 15 64 80 64 68 60 65 82 56 74 64 42 46 64 13 38 52 72 57 67 67 64 67 75 54 49 12 3 67 75 64 49 49 15 74 39 7 82 6 42 42
split_gain=34.9619 32.3459 71.2495 55.1894 54.8186 59.1038 52.2336 43.8994 62.7969 46.1375 35.4636 33.265 51.7739 27.9083 25.6381 24.9976 87.4608 23.9245 22.2832 47.9949 19.934 63.4512 26.5478 19.7852 45.3035 18.6236 27.3894 17.1273 16.9501 32.8832 32.6066 16.4203 50.1789 16.3167 14.1904 31.4734 18.2329 15.6093 13.1447 29.0905 12.799 8.62369 4.99562 4.34931 10.8145 26.1368 3.03337 2.01306 1.62528 0.0207522
threshold=145.00000000000003 14.500000000000002 53.45000000000001 40.750000000000007 36.750000000000007 2.5000000000000004 6.5000000000000009 18.850000000000005 38.95000000000001 1.0000000180025095e-35 2.9500000000000006 37.850000000000001 13.450000000000001 1106.0000000000002 0.069204980842911865 7.5000000000000009 0.94281045751633996 0.86190476190476206 2.3500000000000001 6.2500000000000009 0.87867647058823539 7.5000000000000009 7.3500000000000005 2.5000000000000004 1.0000000180025095e-35 14.500000000000002 1.5000000000000002 -6.7499999999999991 1088.0000000000002 1169.5000000000002 12.550000000000002 1013.5000000000001 0.10555555555555557 37.650000000000013 0.63961038961038974 1.0000000180025095e-35 5.5000000000000009 1558.5000000000002 0.89444444444444449 3.3500000000000001 0.064583333333333312 0.12916666666666668 3.5000000000000004 1.3500000000000003 12.500000000000002 25.500000000000004 0.39444444444444454 1.0000000180025095e-35 0.29285714285714287 0.55050505050505061
decision_type=2 2 2 2 2 2 2 2 2 2 2 2 2 2 2 2 2 2 2 2 2 2 2 2 2 2 2 2 2 2 2 2 2 2 2 2 2 2 2 2 2 2 2 2 2 2 2 2 2 2
left_child=1 2 3 7 6 25 10 15 9 -9 -5 13 33 17 27 18 42 -3 20 38 28 -22 -23 31 -25 26 -6 -8 30 -30 -1 32 -11 40 43 36 37 -36 39 -20 -13 -33 -17 44 -15 -46 -35 -19 -38 -50
right_child=-2 11 -4 4 5 -7 14 8 -10 23 -12 12 -14 34 -16 16 -18 47 19 -21 21 22 -24 24 -26 -27 -28 -29 29 -31 -32 41 -34 46 35 -37 48 -39 -40 -41 -42 -43 -44 -45 45 -47 -48 -49 49 -51
leaf_value=0.033845063110465451 -0.080393198874927227 -0.075684874325809545 -0.05199066579756785 0.021327770164285602 0.026866332058633587 -0.093340094680825519 0.013139673318637787 -0.067824977672479192 -0.075880824966248914 0.037902430150104603 -0.11858142843592789 0.010273309151985368 -0.075906008587573168 0.03731799064429181 0.043429160918804874 -0.051261429569403195 0.042146032959422444 0 0.015900356956545837 -0.10468081668737793 -0.14474511293474315 0.028124335565525696 -0.037944917507216264 0.04080451997069949 -0.09593147918372609 0.038878015894681629 -0.1163130075945728 -0.10090759724314767 -0.029940068545668587 0.018980354841702997 -0.025503972112190205 0.0033488190502691923 -0.094407962342190857 0.0032719182014086484 -0.1031050029620546 -0.095443321455292454 0.046498686333468375 0.012077980444912215 0.03778743554564995 -0.15318540348279996 -0.081383936358912876 0.040990934435739916 -0.19278162060322299 0.046994603831365465 -0.098214318587417415 0.03679885563596394 0.043136238852784684 0.033805081432646225 0.017973859592863625 0
leaf_weight=362.22430944815278 7.4441850371658793 9.2547876080498117 32.065949623472989 5.3026807457208625 4.6613349914550799 30.108492083847523 4.3051168173551542 9.6177176022902113 11.940155343152581 28.545519093517214 10.565634650178252 5.5217574164271337 15.957916261628268 91.770523132756352 70.302833043970168 4.0532920677214861 13.725515365600586 4.992044419050214 6.609793849289419 11.058621480129657 7.0499154441058627 54.714592695236206 19.152672942727804 16.861398205161098 8.8835370643064362 16.82601710408926 6.111681867390871 5.2480488745495677 33.154364321380854 694.25280748214573 21.549667216837406 22.564804222434759 9.0747602041810733 13.378381360322235 4.3452570214867574 5.1663189255632451 38.507029131054878 4.0272346269339323 20.768369939178228 3.219179630279541 5.6295110955834389 629.64901367761195 5.6789023447781801 338.91602362319827 5.1100260224193326 10.243827724829314 39.665395587682724 10.622405886650085 9.3176219910383242 7.9001783654093733
leaf_count=237 73 104 1013 3 1 217 2 99 87 12 76 4 203 55 27 23 1 22 7 66 43 39 53 3 78 7 33 37 80 717 56 40 64 24 48 49 14 8 10 20 29 290 40 93 35 6 11 17 16 22
internal_value=0 0.022794 0.0198221 0.0209529 -0.00692296 -0.0454154 0.0149916 0.0231599 0.032905 0.0348711 -0.0640634 0.0330352 0.00172888 0.03745 0.0322779 0.0173465 -0.031116 -0.00967969 0.0183696 -0.015435 0.0196555 -0.00263916 0.00930137 0.0364283 -0.00161843 0.00241753 -0.0429659 -0.0366784 0.021391 0.0165784 0.0301865 0.0380284 0.00262766 0.0229938 0.0399663 0.0161574 0.0271375 -0.0330851 0.0128417 -0.0272091 -0.0249882 0.0398795 -0.146958 0.0433832 0.0307858 -0.000173046 0.0354332 0.0215754 0.0384305 0.0131224
internal_weight=0 2800.17 2179.85 2147.78 153.432 57.7075 95.7243 1994.35 737.137 725.197 15.8683 620.326 80.153 540.173 79.856 1257.21 23.4577 24.8692 1233.75 41.656 1192.1 80.9172 73.8673 715.579 25.7449 27.599 10.773 9.55317 1111.18 727.407 383.774 689.834 37.6203 64.195 515.304 69.2636 64.0973 8.37249 30.5973 9.82897 11.1513 652.214 9.73219 446.04 107.124 15.3539 53.0438 15.6145 55.7248 17.2178
internal_count=4314 4241 3481 2468 403 258 145 2065 673 586 79 760 271 489 66 1392 64 143 1328 103 1225 135 92 487 81 41 34 39 1090 797 293 406 76 68 346 157 108 56 37 27 33 330 63 189 96 41 35 39 52 38
is_linear=0
shrinkage=0.0493048


Tree=65
num_leaves=62
num_cat=0
split_feature=46 64 40 80 65 3 64 54 64 80 64 68 67 64 82 66 31 67 64 80 15 63 60 67 74 15 56 52 72 13 38 67 54 57 49 15 75 26 81 12 48 57 46 68 75 75 49 73 40 61 40 54 47 74 39 7 2 40 82 62 47
split_gain=32.9645 68.0351 49.6145 50.6019 55.0265 48.1607 44.0814 58.9559 32.5469 32.4493 48.1063 26.8032 24.9427 65.8107 95.8486 58.2947 37.139 45.3985 192.369 24.5455 38.1255 26.2514 23.8902 23.4424 62.4315 33.1894 22.1231 16.9929 24.7381 16.6417 38.7188 16.5112 15.984 15.8701 13.8056 29.3591 13.3014 21.6053 25.3629 12.1373 12.0921 11.0147 9.93773 15.2105 9.34773 8.5174 8.27743 6.02279 5.47163 8.13807 4.98079 5.40998 4.81842 4.3874 10.2697 23.9712 3.91456 3.55459 2.91456 2.42505 3.15026
threshold=14.500000000000002 53.45000000000001 40.750000000000007 36.750000000000007 2.5000000000000004 6.5000000000000009 18.850000000000005 38.95000000000001 2.9500000000000006 37.850000000000001 13.450000000000001 1106.0000000000002 1088.0000000000002 12.750000000000002 0.94281045751633996 1021.5000000000001 6.5000000000000009 1226.5000000000002 4.7500000000000009 38.650000000000013 1.0000000180025095e-35 6.5000000000000009 0.069204980842911865 1013.5000000000001 2.1500000000000008 1.0000000180025095e-35 0.86190476190476206 14.500000000000002 1.5000000000000002 2.5000000000000004 1.0000000180025095e-35 334.50000000000006 37.650000000000013 -6.7499999999999991 0.63961038961038974 3.5000000000000004 0.51470588235294124 1.0000000180025095e-35 1.8500000000000003 6.5000000000000009 0.65000000000000002 2.2500000000000004 10.500000000000002 258.50000000000006 0.28991596638655465 0.92582417582417598 0.12916666666666668 38.050000000000004 38.350000000000001 0.10889328063241101 34.95000000000001 38.050000000000004 37.250000000000007 1.3500000000000003 12.500000000000002 25.500000000000004 1.5000000000000002 37.050000000000004 0.39444444444444454 7.5000000000000009 37.45000000000001
decision_type=2 2 2 2 2 2 2 2 2 2 2 2 2 2 2 2 2 2 2 2 2 2 2 2 2 2 2 2 2 2 2 2 2 2 2 2 2 2 2 2 2 2 2 2 2 2 2 2 2 2 2 2 2 2 2 2 2 2 2 2 2
left_child=1 2 6 5 27 8 12 23 -4 11 32 26 13 31 -15 -14 17 18 44 21 -21 -19 33 24 -8 -25 -2 28 -5 46 -31 40 39 -7 53 -36 50 38 -38 -11 -1 45 57 -44 -17 -37 -27 -48 59 -50 -18 -52 -51 54 -13 -56 -43 -42 -34 -33 -61
right_child=9 -3 3 4 -6 22 7 -9 -10 10 -12 34 15 14 -16 16 36 19 -20 20 -22 -23 -24 25 -26 29 -28 -29 -30 30 -32 48 58 -35 35 41 37 -39 -40 -41 42 56 43 -45 -46 -47 47 -49 49 52 51 -53 -54 -55 55 -57 -58 -59 -60 60 -62
leaf_value=-0.059450622683137673 -0.073799132029374742 -0.051791567156436562 0.020649900325625824 0.026143069469677687 -0.090891559350804452 0.012638714988847055 -0.09173748525305879 -0.073714328547842406 -0.11353252088444736 -0.076384119876501205 -0.074163192738404174 0.036678758764130702 -0.14970638836450254 -0.138698650122417 0.041700744688449691 -0.012036814468925013 0 -0.0052249339748258392 -0.15319773094679709 0.0062242715647579409 -0.10992361562050074 0.020074574697167329 0.042895931775681767 -0.060485049947759557 0.039747780895539986 0.0031911157093206253 0.020377871623796406 0.038210635121899039 -0.10980163336381359 0.040250000452254867 -0.093572614730738815 0.040942180152966121 0.0031182983781576864 -0.097190779386476689 -0.095141420444525532 -0.066839827644431429 -0.15631544366054007 0.022697657631189781 0 0.011546061644056485 0 0.04284887389906767 0.021204936579959369 -0.093697726364336778 0.036086073921593027 0.01674099324640764 0.041963401312206293 0.018783954329975126 -0.0606991050410806 0 0.03968970436444532 0.010366814262641862 0.0299056607874622 0.0466410464764071 -0.093557323590421862 0.036114758448718448 0 0.037184036062758746 0.042639967427579348 0.031641217567370025 0
leaf_weight=5.9640537872910491 9.0648156674578804 31.548899914138019 5.2101990282535544 4.5576853752136248 29.41348777897656 4.2576519995927793 12.89691171562299 11.810411950573323 10.516407068353145 6.0956214740872365 15.678462630137799 88.840754775330424 5.3022630475461474 13.911925977095962 13.201613426208496 8.8596599102020246 8.5255321441218239 128.30241373553872 21.818843331187963 15.552071721293034 10.214612228795884 359.10258792154491 67.732343013398349 7.5016845231875768 27.147909212857485 22.515367632731795 15.427856270223854 16.289907224476337 6.1557036861777306 16.266321212053303 7.6997667043469837 250.50724831968546 13.347812503576277 5.1830435693264008 4.8799363868311039 4.8846469577401859 4.1940036192536381 21.059242393821478 2.9346945732831955 5.3012823089957237 13.113201327621935 42.181600548326969 3.8730766773223859 4.7341403588652611 35.756621465086937 3.7189057562500238 558.32434530835599 50.025933055207133 2.0687262266874304 14.171193882822989 157.25119719840586 30.46224038861692 60.985965877771378 324.92494251765311 5.1384398210793725 9.931755453348158 11.945859385188667 25.145847752690315 38.186086934059858 11.928870825096967 11.022730357944964
leaf_count=21 106 1042 3 1 217 2 105 88 77 32 207 55 35 90 1 18 18 212 127 22 67 340 27 71 13 40 40 7 33 3 68 115 24 37 58 39 26 19 3 3 17 30 1 24 23 3 218 74 11 23 78 39 45 95 37 6 29 13 11 7 18
internal_value=0 0.0189488 0.0200697 -0.00668988 -0.0440745 0.0146832 0.0221781 0.0321196 -0.0612399 0.0324719 0.00126564 0.0369418 0.0163511 0.0261526 -0.0463395 0.0109814 0.012202 0.00534363 -0.0325463 0.010493 -0.0350848 0.0131598 0.0317858 0.0340797 0 0.0362999 -0.00946161 0.00237244 -0.0404987 0.0376016 0 0.0313352 0.0220627 -0.0346676 0.0394821 0.0156878 0.0293571 0 -0.0762591 -0.0246928 0.00295628 0.0263375 0.0135867 -0.0277243 0.0237433 -0.0163924 0.0391371 0.0402629 0.0352552 0.0199741 0.033917 0.0355962 0.0238749 0.0429421 0.0301679 0 0.0354312 0.0261442 0.0348236 0.039113 0.0137072
internal_weight=0 2135.02 2103.47 149.316 56.4168 92.8996 1954.15 714.189 15.7266 599.549 78.6093 520.94 1239.96 430.629 27.1135 809.336 804.034 579.607 66.4351 513.172 25.7667 487.405 77.173 702.378 40.0448 662.333 24.4927 27.0033 10.7134 654.832 23.9661 403.515 62.9308 9.4407 496.447 67.6109 224.427 28.1879 7.1287 11.3969 52.8303 62.731 46.8663 8.60722 44.6163 8.60355 630.866 608.35 350.685 77.2259 196.239 187.713 75.1572 428.836 103.911 15.0702 54.1275 38.259 51.5339 273.459 22.9516
internal_count=4314 3539 2497 404 258 146 2093 680 80 775 277 498 1413 386 91 1027 992 809 168 641 89 552 66 592 118 474 146 41 34 403 71 295 70 39 352 159 183 48 29 35 76 101 55 25 41 42 332 292 219 79 135 117 68 193 98 43 59 30 35 140 25
is_linear=0
shrinkage=0.0493048


Tree=66
num_leaves=61
num_cat=0
split_feature=46 64 40 80 65 3 64 54 15 80 64 64 68 64 73 47 56 54 31 4 72 62 60 56 60 41 1 13 60 52 72 54 57 49 12 15 46 55 12 47 60 67 68 71 48 72 67 74 55 64 19 49 67 82 83 42 6 67 42 71
split_gain=32.0134 63.7931 45.7862 46.7674 51.2996 44.3484 42.5845 55.1544 42.6197 30.6918 44.9495 30.029 25.403 24.0397 48.1789 54.0635 26.9312 67.6769 25.5609 75.8293 115.574 26.225 22.2607 20.5893 20.466 37.8946 28.201 19.1216 73.9049 15.512 22.4322 14.8243 14.719 13.3158 28.1772 33.9329 13.0581 55.8005 11.2544 9.48374 6.88733 5.57613 21.3611 5.21872 4.95673 6.19586 4.56394 4.37745 10.6678 12.4987 3.58828 2.98202 2.85857 2.79542 2.1313 1.87591 1.84893 1.03352 0.210816 0.0285473
threshold=14.500000000000002 53.45000000000001 40.750000000000007 36.750000000000007 2.5000000000000004 6.5000000000000009 18.850000000000005 38.95000000000001 1.0000000180025095e-35 37.850000000000001 13.450000000000001 2.9500000000000006 1106.0000000000002 3.7500000000000004 38.95000000000001 39.750000000000007 0.88194444444444453 36.650000000000013 8.5000000000000018 2.5000000000000004 1.5000000000000002 3.5000000000000004 0.069204980842911865 0.86190476190476206 0.016001024065540152 0.95000000000000007 7.5000000000000009 1.5000000000000002 0.12313266443701222 14.500000000000002 1.5000000000000002 37.650000000000013 -6.7499999999999991 0.63961038961038974 1.0000000180025095e-35 3.5000000000000004 12.500000000000002 2.7500000000000004 6.5000000000000009 37.750000000000007 0.20169491525423733 1013.5000000000001 1404.5000000000002 1.0000000180025095e-35 0.65000000000000002 1.5000000000000002 1361.0000000000002 1.3500000000000003 0.75000000000000011 2.9500000000000006 1.5000000000000002 0.12916666666666668 1494.5000000000002 0.39444444444444454 -0.29999999999999988 0.36038961038961043 1.0000000180025095e-35 1182.5000000000002 0.55050505050505061 12.500000000000002
decision_type=2 2 2 2 2 2 2 2 2 2 2 2 2 2 2 2 2 2 2 2 2 2 2 2 2 2 2 2 2 2 2 2 2 2 2 2 2 2 2 2 2 2 2 2 2 2 2 2 2 2 2 2 2 2 2 2 2 2 2 2
left_child=1 2 6 5 29 11 13 8 -8 12 31 -4 23 24 16 -16 18 -18 19 21 -21 -15 32 -2 25 26 -1 36 -29 30 -5 38 -7 47 35 -35 41 -38 -11 59 46 42 -10 -41 -19 -46 -26 48 49 -14 -50 -43 -48 -33 -27 -37 -25 -42 -57 -20
right_child=9 -3 3 4 -6 22 7 -9 27 10 -12 -13 33 14 15 -17 17 44 39 20 -22 -23 -24 56 40 54 -28 28 -30 -31 -32 53 -34 34 -36 55 37 -39 -40 43 57 51 -44 -45 45 -47 52 -49 50 -51 -52 -53 -54 -55 -56 58 -58 -59 -60 -61
leaf_value=-0.17326862822153016 -0.072108790963936589 -0.051464085886849739 0.019983573833186618 0.025426384105261983 -0.088588768186640382 0.012151941350418478 -0.06564091651704082 -0.071831420761984635 -0.067667306942353983 -0.073656797526862008 -0.07273802209235794 -0.10918898309208463 0.018326988859178679 -0.0033321771061984003 -0.1105579294774304 0.012743556433841152 -0.13836774286498696 0.039692850079769991 0.024414324487362801 0.01100742021875251 -0.15021283997811177 0.020641810791291987 0.042353601610799665 0 0.038880475860274911 0 0 -0.092191723606686954 0.040547133022313969 0.037539964860944353 -0.10398174310631465 0.0029715618828191712 -0.09366867225668378 -0.091436877622387613 -0.090818246814717535 0.046678743585747383 -0.10339503890340261 0.045113554482708242 0.011092515882063182 0.027320353149418015 0.013497568229258242 0.012167410460843745 0.034377803220935324 -0.020856149153045751 0.016570201445357605 -0.058118936815374257 0 0.04629956464668674 0.0010570359394865764 -0.092388565420298316 0.039254907469964906 0.041482539499854719 0.025474629305392509 0.04213733726563991 0.032406239984506799 0.018349605751541796 0.031754814822390183 -0.0091031943278346104 0 0.043504900205814843
leaf_weight=5.0762488432228592 8.8266982296481746 30.217698448337615 5.1218645721673957 4.4585814476013201 28.708743425086141 4.2123963981866819 9.483360627666114 11.530374941881744 5.5599351162090889 6.0129906386136991 15.209945128299294 10.399872239213435 4.6923189759254438 130.42172346450388 16.328407522290949 15.018007794395087 9.7816356392577308 10.382137298583984 37.026477894745767 25.285837629809976 17.341620750725269 516.17031545937061 65.279385214671493 4.9201759509742233 195.5144510269165 9.9000230133533496 2.3192914724349976 13.619431293103842 39.146088940557092 15.776953153312204 6.1809268370270729 13.318752724677323 5.1157602313905954 4.8299527009949079 5.065195627976208 39.339363066479564 8.241733838804068 23.220076765865088 5.2487167567014694 10.789899826049806 9.8361541032791155 20.979518532752991 26.87882723659277 10.558348663151262 7.0333602204918861 3.8505085268989205 18.79033137857914 311.51830713823438 13.893438073806463 3.5415339823812246 78.644291483797133 532.33773853909224 47.721697442233562 36.772243749350309 13.28079518675804 8.8697768170386571 10.272954432293773 8.5849574320018274 7.7976383194327346 95.446098301559687
leaf_count=31 106 1042 3 1 217 2 101 88 40 32 207 77 3 215 98 20 59 1 39 26 106 491 27 22 117 15 2 115 18 7 33 24 37 58 49 15 55 3 3 6 10 29 13 27 4 22 28 95 26 21 48 218 43 11 8 13 18 17 24 28
internal_value=0 0.0184919 0.0195831 -0.006448 -0.0427927 0.0144099 0.0216307 0.0315905 0.0335321 0.0320431 0.00123988 -0.0586206 0.0364911 0.0158701 0.0115703 -0.0475722 0.0138353 -0.0298903 0.0155943 0.0112658 -0.0517328 0.0156139 0.0312893 -0.00893387 0.0279851 -0.00711135 -0.106877 0.0351247 0.00389314 0.00232625 -0.0381941 0.0216356 -0.0327303 0.0390333 0.0153094 0.0262342 0.0375928 0.00219245 -0.0232354 0.0341738 0.0322553 0.0392817 0.0130056 0 0.0143093 0 0.0343136 0.0425222 0.0296001 -0.0144387 0.0348657 0.0405966 0.0190076 0.0342133 0.0194715 0.0386503 0.0196818 0 0.0121992 0.0391151
internal_weight=0 2082.93 2052.71 145.254 55.1252 90.1293 1907.46 690.997 679.467 578.774 76.5626 15.5217 502.212 1216.46 905.434 31.3464 874.088 31.0476 843.04 689.219 42.6275 646.592 74.6075 24.0198 311.024 30.5764 7.39554 669.983 52.7655 26.4165 10.6395 61.3527 9.32816 478.192 65.9019 60.8367 617.218 31.4618 11.2617 153.821 280.448 585.756 32.4388 21.3482 21.266 10.8839 262.026 412.29 100.772 8.23385 92.5377 553.317 66.512 50.091 23.1808 56.0068 15.1931 18.4211 16.6674 132.473
internal_count=4314 3539 2497 404 258 146 2093 680 592 775 277 80 498 1413 1142 118 1024 86 938 838 132 706 66 146 271 56 33 491 133 41 34 70 39 352 159 110 358 58 35 100 215 300 53 33 27 26 188 193 98 24 74 247 71 35 23 52 40 27 37 67
is_linear=0
shrinkage=0.0493048


Tree=67
num_leaves=62
num_cat=0
split_feature=66 64 55 47 64 64 72 82 38 7 42 57 64 60 42 15 58 58 64 82 61 4 67 40 67 41 54 13 38 66 64 46 58 64 75 31 75 40 40 3 42 66 46 19 56 46 61 80 42 73 64 62 64 83 82 49 83 38 38 64 40
split_gain=31.4609 46.8623 17.0816 34.4093 44.4475 38.2261 183.949 87.802 39.7782 61.668 34.6388 77.43 30.121 104.659 68.9302 41.1746 60.0934 25.3334 99.7735 21.4958 19.5205 39.0561 80.5073 18.9297 18.6266 15.6597 27.4837 15.3477 35.5793 14.7951 27.178 14.214 11.4315 16.2974 11.3904 33.1535 9.26583 8.82042 15.0946 8.76953 25.4015 7.46632 22.8098 9.30042 8.08476 7.121 16.4296 6.95919 6.89169 6.06645 4.59071 5.71808 13.3919 4.51318 4.12557 3.38772 3.09385 9.28636 15.1421 3.06849 2.89984
threshold=1698.5000000000002 58.650000000000013 2.1500000000000008 36.850000000000001 18.850000000000005 18.550000000000004 6.5000000000000009 0.62019230769230782 95.000000000000014 49.500000000000007 0.85164835164835173 2.2500000000000004 6.4500000000000011 0.11078811369509041 0.095454545454545472 1.5000000000000002 23.500000000000004 -7.4999999999999991 14.15 0.34313725490196084 0.26111660079051385 1.0000000180025095e-35 1541.5000000000002 40.150000000000013 703.50000000000011 0.95000000000000007 38.750000000000007 1.5000000000000002 1.0000000180025095e-35 1164.0000000000002 10.350000000000003 3.5000000000000004 -1.0000000180025095e-35 3.4500000000000006 0.13809523809523808 1.5000000000000002 0.91987179487179505 38.850000000000001 41.050000000000004 2.5000000000000004 0.97222222222222232 1629.5000000000002 14.500000000000002 1.0000000180025095e-35 0.16025641025641021 10.500000000000002 0.16444249341527653 41.45000000000001 0.095454545454545472 37.95000000000001 10.15 7.5000000000000009 3.1500000000000008 1.0500000000000003 0.095454545454545472 0.46410256410256417 -0.94999999999999984 95.000000000000014 4.5000000000000009 6.8500000000000005 38.550000000000004
decision_type=2 2 2 2 2 2 2 2 2 2 2 2 2 2 2 2 2 2 2 2 2 2 2 2 2 2 2 2 2 2 2 2 2 2 2 2 2 2 2 2 2 2 2 2 2 2 2 2 2 2 2 2 2 2 2 2 2 2 2 2 2
left_child=1 2 3 4 12 8 7 -7 10 -10 17 -12 20 14 -14 16 -16 49 23 -17 21 32 60 -19 -6 26 31 39 -29 30 50 -2 -1 -34 35 -31 41 56 -39 40 -26 43 -43 44 -36 -41 -47 -46 -45 -5 51 52 -4 -37 -51 -40 57 58 -27 -57 -23
right_child=25 -3 29 5 24 6 -8 -9 9 -11 11 -13 13 -15 15 19 -18 18 -20 -21 -22 22 -24 -25 27 37 -28 28 -30 34 -32 -33 33 -35 36 53 -38 38 55 45 -42 42 -44 48 47 46 -48 -49 -50 54 -52 -53 -54 -55 -56 59 -58 -59 -60 -61 -62
leaf_value=0.032748307894352832 0 -0.046002419395451875 0.0024883440526900281 0.039793889975450927 -0.060438464387920804 -0.081577041678057197 -0.09772111423985784 0.042961713034074353 -0.15173544486453633 0.02954693019868556 -0.13307749513378123 0.028384209601235534 -0.16059464649108252 -0.14009807650970627 -0.13129141818881163 0.035205950750042327 0.032697236041834984 0.020781764706343513 -0.11484755891573464 -0.0046382947221077679 0.035200451748695204 -0.22102804995769304 0.012481523599878514 -0.0046361396185605544 -0.06837977782983555 0.028811741697502086 0.038176011230433383 0.039642204207558672 -0.094418991715982642 -0.087913825512829308 -0.078556009833419968 -0.085552952431268911 0.02251486611466972 -0.050315963396956813 0.033332663456785178 0 0 -0.05682721832508663 0.035756694206163536 0.044260334829980194 0.040588724803115254 -0.082483738290293901 0.038274024515422958 0 -0.06011991093658401 -0.081461527006334675 0.028237384282367124 0.0053501164359646405 0.041473905601350981 0.026246773970121491 0.04007644949309707 0.028005176560440669 -0.11581187340153698 0.037842113017349459 -0.0085006123175156538 0.022031352116505622 0.046910149600714976 0.040365010080081261 -0.085424851842141561 -0.0365931123758318 -0.044747301966245774
leaf_weight=66.736553490161896 8.6976728178560752 25.632624251767993 3.1291229873895636 148.111179176718 3.8096584710292509 15.783568758051841 43.582885406445712 87.216214352287352 8.7093059038743394 7.640310823917388 11.865134790539743 16.173742689192295 5.5665273815393439 12.405481744557617 10.821509106084704 108.48986802436411 9.0323294959962368 449.48516129329801 14.123371253721414 39.83062697853893 158.67528209835291 5.1511158645153072 13.11769464612007 75.538274122402072 6.9919516197405782 5.9666395708918554 27.337959143333137 15.121859252452852 6.9961677491664878 7.2987822415307155 8.4315603873692435 8.5197281399741751 20.996048577129841 11.404022488743065 11.077718287706377 9.7180782370269281 16.561066471040249 5.1281646322458974 30.113130057230592 327.62266753008589 17.869109768420458 5.129573089070619 13.836190463975072 11.239045612514017 6.6463727066293341 3.1162975430488578 41.131962243467569 2.7431489489972591 295.60266855545342 15.374907300807537 15.523138679563999 8.2473939508199692 2.9438499286770821 24.701849227771163 10.716938771307467 6.2654084265232068 209.62311805225909 22.980783249251544 4.4184200093150139 3.2531132576987147 2.3834692388772964
leaf_count=42 19 1203 2 64 35 150 344 43 51 5 65 11 33 78 62 61 5 448 91 74 102 36 14 145 65 2 25 4 53 51 66 59 18 33 6 23 37 50 18 106 5 30 5 26 33 22 35 3 149 9 3 4 19 15 22 4 42 7 37 34 11
internal_value=0 0.0188123 0.0196122 0.0172905 0.024294 0.0102808 -0.0123058 0.02265 0.0148146 -0.0595458 0.0166248 -0.0355903 0.0133376 -0.00139406 0.00781968 0.0141648 -0.0505057 0.0188531 0.0131993 0.0236692 0.0236308 0.00726198 -0.0526965 0.0168878 0.0360417 0.0356062 0.00504436 0.0372209 0 0.0287226 0 -0.040326 0.0210203 0 0.0314949 0.00356474 0.034363 0.0399052 0.015153 0.0394545 0.00489584 0.0360878 0 0.037858 0 0.0414299 0.0176468 -0.0278474 0.0400312 0.0356315 0.0215125 0 -0.0348223 0.0266397 0.00722268 0.0276426 0.0439503 0.0216028 -0.00797726 0 -0.182146
internal_weight=0 2260.05 2234.42 1791.59 887.27 904.321 146.583 103 757.738 16.3496 741.389 28.0389 464.611 186.146 173.741 168.174 19.8538 713.35 539.147 148.32 278.464 119.789 20.6523 525.023 422.66 332.304 44.5554 418.85 22.118 442.83 38.2751 17.2174 99.1366 32.4001 404.554 41.7187 362.836 287.749 44.7598 396.732 24.8611 346.275 18.9658 327.309 20.4672 371.871 44.2483 9.38952 306.842 174.203 29.8435 14.3204 6.07297 34.4199 26.0918 39.6317 242.989 33.3658 10.3851 9.51852 7.53459
internal_count=4314 4017 2814 2342 894 1448 537 193 911 56 855 76 569 313 235 202 67 779 684 135 256 154 61 593 325 297 103 290 57 472 94 78 93 51 378 89 289 194 106 233 70 252 35 217 42 163 57 36 175 95 28 25 21 38 31 56 88 46 39 38 47
is_linear=0
shrinkage=0.0493048


Tree=68
num_leaves=62
num_cat=0
split_feature=46 64 40 80 65 64 54 3 15 80 64 64 67 64 82 66 31 67 64 68 80 15 73 60 7 13 60 67 53 42 53 57 54 52 72 49 12 15 46 55 75 26 81 61 49 75 40 47 62 47 49 67 40 54 74 39 7 6 62 82 62
split_gain=31.0849 56.0676 40.3982 41.1038 45.5225 40.5534 49.7068 39.7602 37.8791 28.1442 39.5202 26.752 23.2982 59.3059 80.533 48.586 33.793 39.623 158.347 23.1456 21.0564 32.3599 24.7294 20.1853 18.5712 17.1052 65.0809 16.1262 15.0872 29.524 13.6133 13.5661 13.5381 13.5006 20.1256 12.3994 25.6298 30.0529 11.9123 48.6338 11.8597 17.4537 20.894 11.0999 10.092 8.59103 5.60926 7.0004 11.6956 7.21014 5.40331 5.23068 4.63329 5.75869 4.45419 9.16034 20.1236 3.69691 6.23784 2.63884 2.53581
threshold=14.500000000000002 53.45000000000001 40.750000000000007 36.750000000000007 2.5000000000000004 18.850000000000005 38.95000000000001 6.5000000000000009 1.0000000180025095e-35 37.850000000000001 13.450000000000001 2.9500000000000006 1088.0000000000002 12.750000000000002 0.94281045751633996 1021.5000000000001 6.5000000000000009 1226.5000000000002 4.7500000000000009 1106.0000000000002 38.650000000000013 1.0000000180025095e-35 36.750000000000007 0.069204980842911865 1.0000000180025095e-35 1.5000000000000002 0.12313266443701222 334.50000000000006 3.5000000000000004 -1.0000000180025095e-35 5.5000000000000009 -6.7499999999999991 37.650000000000013 14.500000000000002 1.5000000000000002 0.63961038961038974 1.0000000180025095e-35 3.5000000000000004 12.500000000000002 2.7500000000000004 0.51470588235294124 1.0000000180025095e-35 1.8500000000000003 0.17626346313173158 0.064583333333333312 0.28991596638655465 38.350000000000001 37.250000000000007 7.5000000000000009 37.95000000000001 0.12916666666666668 703.50000000000011 34.95000000000001 38.050000000000004 1.3500000000000003 12.500000000000002 25.500000000000004 1.0000000180025095e-35 1.5000000000000002 0.39444444444444454 7.5000000000000009
decision_type=2 2 2 2 2 2 2 2 2 2 2 2 2 2 2 2 2 2 2 2 2 2 2 2 2 2 2 2 2 2 2 2 2 2 2 2 2 2 2 2 2 2 2 2 2 2 2 2 2 2 2 2 2 2 2 2 2 2 2 2 2
left_child=1 2 5 7 33 12 8 11 -7 19 32 -4 13 27 -15 -14 17 18 45 24 22 -22 -19 31 57 38 -27 28 29 -1 -30 -9 44 34 -5 54 37 -37 50 -40 52 42 -42 -32 -11 -17 60 48 -48 -49 -10 -52 -18 -54 55 -21 -57 58 -2 -34 -29
right_child=9 -3 3 4 -6 6 -8 23 25 10 -12 -13 15 14 -16 16 40 20 -20 35 21 -23 -24 -25 -26 26 -28 46 30 -31 43 -33 59 -35 -36 36 -38 -39 39 -41 41 -43 -44 -45 -46 -47 47 49 -50 -51 51 -53 53 -55 -56 56 -58 -59 -60 -61 -62
leaf_value=0.011680393852381931 0.019830935203525708 -0.050738702810060078 0.018467179517618171 0.024847043804974076 -0.085008996877926749 -0.062741980561268548 -0.068872561988274711 0.011860161912782 0.0060234303791405373 0.0085266344512702798 -0.070308473728195917 -0.10431525464732365 -0.13588232286703672 -0.12859178549515116 0.04048781530413896 -0.011820122305750877 0 -0.004680249307100065 -0.13957094381443635 0.035072067574948199 0.0044134765368590454 -0.10359742867764911 0.019309428278689564 0.041536927480449973 -0.073047526605900456 -0.088164379120616296 0.039662741277082816 0.039845622416110713 0.040610162960933942 -0.16889990265745489 0.015073262816386133 -0.090037108717245365 0.0025244823051198909 0.036388008894964227 -0.097793939027123994 -0.085183462821296962 -0.087752450561639189 0.037871666509360233 -0.096515229762762417 0.044434888159491336 -0.13993188128241921 0.020897814535630412 0 -0.052904205622288702 -0.071494634602990589 0.034625560781872594 -0.058592328485968202 0.037374803496127935 0.024882674435942553 0 0.00018716234426840645 0.040258005312609195 0.038414265148362541 0.0077736685578176012 0.045766572961021712 -0.087039113773485388 0.034245913418122498 0.038158164656982289 -0.07961185433850923 0.041311296346130677 0.011888795709663487
leaf_weight=3.0471727848052979 4.0417425092309722 27.821801343932748 4.9110672622919074 4.3810000419616717 27.665294465143234 9.0293066194280964 11.148873098194597 4.1856697797775251 21.165262812748551 5.1956686675548536 14.366423154249786 10.157436955254523 5.384271375834941 13.882558885961771 11.927780151367188 8.8489558547735196 8.1160832252353412 143.54365651123226 22.046844878233969 81.218797946348786 14.883656268939378 9.9245169237256032 322.71665817312896 61.250984970480204 7.8477912200614801 13.012735308147965 36.452733544632792 231.25118780881166 23.779492869973183 3.4522379748523226 10.702657260000707 5.0027543371543288 13.192235540598629 14.925590477883814 6.1664277538657188 4.7496386514976612 4.901540213264524 53.107526549138129 8.1116084950044769 21.447074912488461 4.2840730883181122 19.815060996450484 2.8264512345194817 9.6204984933137876 5.7650723792612553 33.028515353798866 6.9420244172215444 41.60804258286953 7.9834532141685486 16.307320207357407 14.398575188592075 508.9606457632035 144.65444635413587 28.572083350270987 288.58224420435727 5.0174663988873354 9.0482665747404081 9.2755393628031015 2.1055555008351803 34.366869192570448 21.78679714910686
leaf_count=1 3 1042 3 1 217 101 88 2 38 4 207 77 35 90 1 18 18 228 127 55 22 67 324 27 105 115 18 115 11 23 8 37 24 7 33 58 49 52 55 3 26 19 3 33 31 23 26 22 3 28 27 235 78 39 95 37 6 4 34 11 25
internal_value=0 0.0175357 0.0185727 -0.00640314 -0.0410489 0.0205495 0.0306758 0.0136814 0.0326305 0.0312967 0.000987984 -0.0561136 0.0148757 0.0246905 -0.045693 0.0095762 0.0107712 0.00415038 -0.0319277 0.0357329 0.00910189 -0.0338737 0.0116575 0.0303964 -0.00796746 0.0342143 0.00348602 0.0298497 0.00128949 -0.0655854 0.0140052 -0.0302638 0.0206454 0.00186938 -0.0351863 0.0382887 0.0147033 0.0255776 0.036645 0.00148628 0.027814 0 -0.0687413 -0.0110321 -0.0223441 0.0218428 0.0339024 0.0181873 -0.00567542 0.0264825 0.038325 0.0393932 0.0323638 0.0340806 0.0418191 0.028547 -0.000305117 0.0171913 0 0.0331746 0.0379318
internal_weight=0 1981.13 1953.31 138.646 53.1383 1814.66 643.727 85.5079 632.578 542.782 72.8863 15.0685 1170.94 402.291 25.8103 768.645 763.261 554.993 63.9243 469.896 491.068 24.8082 466.26 70.4394 23.2706 623.549 49.4655 376.481 50.6021 6.49941 44.1026 9.18842 58.5198 25.473 10.5474 446.625 62.7587 57.8572 574.083 29.5587 208.268 26.9256 7.11052 20.3232 10.9607 41.8775 325.879 72.8408 14.9255 57.9154 544.524 523.359 181.343 173.227 383.867 95.2845 14.0657 15.4228 6.1473 47.5591 253.038
internal_count=4314 3539 2497 404 258 2093 680 146 592 775 277 80 1413 386 91 1027 992 809 168 498 641 89 552 66 146 491 133 295 76 24 52 39 70 41 34 352 159 110 358 58 183 48 29 41 35 41 219 79 29 50 300 262 135 117 193 98 43 41 37 35 140
is_linear=0
shrinkage=0.0493048


Tree=69
num_leaves=62
num_cat=0
split_feature=46 64 40 64 54 80 65 3 64 15 80 64 67 64 82 66 31 67 64 68 54 19 73 7 13 60 67 53 42 53 63 74 52 72 49 12 15 62 46 55 75 26 54 60 7 42 40 61 67 68 59 47 19 64 75 19 64 82 6 62 64
split_gain=30.0498 52.5807 37.2425 39.0579 46.5344 38.007 42.5769 37.3934 40.4776 35.5608 26.6048 36.9325 22.2483 54.8323 73.1539 43.7513 31.8242 36.2008 142.526 21.8211 20.798 75.3833 28.9626 17.2927 16.0273 60.7454 15.1803 13.2748 26.0648 12.7071 13.1663 12.5784 12.3255 18.3827 12.0299 23.7699 27.9507 11.3146 11.1342 45.1133 11.0508 16.0662 33.0317 10.3733 14.6206 8.56107 5.44541 6.58279 5.31117 18.6131 5.0928 4.82152 15.5176 5.0857 4.48157 4.46455 13.1765 3.98309 3.47241 5.8338 3.47039
threshold=14.500000000000002 53.45000000000001 40.750000000000007 18.850000000000005 38.95000000000001 36.750000000000007 2.5000000000000004 9.5000000000000018 4.1500000000000012 1.0000000180025095e-35 37.850000000000001 13.450000000000001 1088.0000000000002 12.750000000000002 0.94281045751633996 1021.5000000000001 6.5000000000000009 1226.5000000000002 4.7500000000000009 1106.0000000000002 37.250000000000007 7.5000000000000009 37.850000000000001 1.0000000180025095e-35 1.5000000000000002 0.12313266443701222 334.50000000000006 3.5000000000000004 -1.0000000180025095e-35 5.5000000000000009 12.500000000000002 1.5500000000000003 14.500000000000002 1.5000000000000002 0.63961038961038974 1.0000000180025095e-35 3.5000000000000004 1.5000000000000002 12.500000000000002 2.7500000000000004 0.51470588235294124 1.5000000000000002 35.350000000000001 0.094583604424202966 1.5000000000000002 0.56696428571428581 38.350000000000001 0.10889328063241101 1013.5000000000001 1404.5000000000002 -149.99999999999997 37.95000000000001 26.500000000000004 2.4500000000000006 0.48333333333333339 1.5000000000000002 6.6500000000000012 0.81534090909090928 1.0000000180025095e-35 1.5000000000000002 3.7500000000000004
decision_type=2 2 2 2 2 2 2 2 2 2 2 2 2 2 2 2 2 2 2 2 2 2 2 2 2 2 2 2 2 2 2 2 2 2 2 2 2 2 2 2 2 2 2 2 2 2 2 2 2 2 2 2 2 2 2 2 2 2 2 2 2
left_child=1 2 3 12 9 7 32 8 -4 -5 19 31 13 26 -15 -14 17 18 45 23 21 -19 -22 58 38 -26 27 28 -1 -29 -31 37 33 -7 55 36 -36 -12 48 -40 51 42 -42 44 -9 -17 -28 -48 49 -11 60 53 -53 -18 -49 56 -21 -50 59 -2 -33
right_child=10 -3 5 4 -6 6 -8 43 -10 24 11 -13 15 14 -16 16 40 20 -20 34 22 -23 -24 -25 25 -27 46 29 -30 30 -32 50 -34 -35 35 -37 -38 -39 39 -41 41 -43 -44 -45 -46 -47 47 54 57 -51 -52 52 -54 -55 -56 -57 -58 -59 -60 -61 -62
leaf_value=0.011226621129058451 0.019184965240898008 -0.050404226855838979 0.022384783742545676 -0.061339134938001624 -0.067186356277679868 0.024143370981580634 -0.083023351265629888 0.030922392508801307 -0.10555987900312631 -0.064565449681494649 0.0021581161566748262 -0.068974295434749255 -0.12806897188850902 -0.12253403685153333 0.040014704821041872 -0.00066078350749161228 0 0.0071952156839845986 -0.13238151321539018 -0.045424107842003007 0.026207010754493349 -0.08977592789944 -0.0063218304147001185 -0.071312385027558586 -0.086283579181320666 0.039036617901757331 0.037313094459745684 0.03996124689475266 -0.15606097066686914 -0.055455535284419814 0.019604691909786268 0.029021969728821498 0.035708319205362174 -0.093153423807935759 -0.081933676427575888 -0.085085783822425029 0.03718816528728433 -0.093642167955513778 -0.093201045537927185 0.044044194023774054 0.021734538176957315 0.030548613548954984 -0.13162133270398532 0.044571441536605014 -0.079945591645065664 0.039036486733344165 -0.052932343462809131 0.027321802632000399 0.040161963916774603 0.032668376329671109 0.042142514417388158 0.036514431296875385 -0.038283816226233024 0.037445670220838528 0 0.044043439323821161 0.03190599456005877 0.0097212424764865409 0.037557114594376696 -0.078331467006303418 -0.014352955728333512
leaf_weight=3.0161972045898438 3.9747032243758449 26.654941360466182 10.051124364137651 8.7873223433271033 10.87300117081031 4.2897028923034686 26.949119855649769 8.6592720467597228 11.425911077763883 5.3872339613735702 3.8675046339631072 13.933828147593884 5.4318756200373164 13.852859713602811 11.485262870788574 15.468791246414183 5.8426466323435298 156.46512801013887 22.098286902997643 4.8309493698179713 220.54942769743502 22.07225301489234 87.382571867667139 7.6482609529048196 12.650670911651103 35.242323135025799 244.92718174494803 22.9944758862257 3.5521481893956652 9.7216362729668635 10.652800135314463 7.993803262710574 14.471877530217169 6.1563309691846371 4.6972426231950513 4.8093109028413883 51.45925872027874 3.9265325739979744 7.990162972360852 20.592197243124247 5.5389969944953936 15.229297198355196 5.881269259378314 48.649603009223938 4.2263280916959038 25.573373161256313 2.0872808918356887 57.776351626962423 475.02494651731104 24.586536653339863 33.249636635184288 18.74019975587726 9.5384395346045476 142.39501473866403 11.670791942626236 319.08924398571253 45.42077998444438 21.890527941286564 8.9676307085901499 2.0367572722025216 8.0953096486628038
leaf_count=1 3 1042 8 101 88 1 217 7 85 40 4 207 35 90 1 27 12 203 127 16 178 95 165 105 115 18 140 11 23 32 9 5 7 33 58 49 52 24 55 3 3 9 36 14 32 14 11 47 217 13 12 10 30 83 21 121 56 30 4 34 25
internal_value=0 0.0171049 0.0181141 0.0200313 0.0301603 -0.00616444 -0.0398869 0.0134161 -0.0399614 0.0320961 0.0308633 0.000966664 0.0144347 0.0241777 -0.0439983 0.00923601 0.0103977 0.00396694 -0.030717 0.0352792 0.00872611 -0.00411165 0.0165728 -0.00753369 0.0336664 0.00330167 0.0292354 0.0012673 -0.0607472 0.0135648 -0.0101501 0.0202303 0.00183217 -0.0331982 0.0378198 0.0142048 0.0249676 -0.0304177 0.0360602 0.00126687 0.0271789 0 -0.0465423 0.0340774 0 0.0210592 0.0332552 0.0176127 0.0377115 0.0109951 0.0307652 0.03166 0.00687723 0.0355464 0.0215475 0.0413796 0.0219733 0.0390719 0.0168369 0 0
internal_weight=0 1934.5 1907.85 1772.97 623.025 134.879 51.867 83.0122 21.477 612.152 524.001 71.0666 1149.94 391.737 25.3381 758.208 752.776 549.61 63.1405 452.934 486.469 178.537 307.932 22.6274 603.365 47.893 366.399 49.9373 6.56835 43.3689 20.3744 57.1328 24.9179 10.446 430.307 60.9658 56.1565 7.79404 555.472 28.5824 203.166 26.6496 11.4203 61.5352 12.8856 41.0422 316.462 71.5344 526.889 29.9738 49.3387 176.516 28.2786 148.238 69.4471 369.341 50.2517 496.915 14.9791 6.01146 16.0891
internal_count=4314 3539 2497 2093 680 404 258 146 93 592 775 277 1413 386 91 1027 992 809 168 498 641 298 343 146 491 133 295 76 24 52 41 70 41 34 352 159 110 28 358 58 183 48 39 53 39 41 219 79 300 53 42 135 40 95 68 193 72 247 41 37 30
is_linear=0
shrinkage=0.0493048


Tree=70
num_leaves=62
num_cat=0
split_feature=66 64 55 60 40 42 80 68 75 81 64 41 53 64 38 82 80 42 64 74 67 64 83 15 1 65 3 71 66 64 60 68 52 75 31 56 42 75 75 19 74 42 80 0 52 54 52 39 78 78 81 63 64 64 31 56 64 61 54 63 80
split_gain=29.5799 38.5161 16.5998 31.219 31.2896 33.3842 48.5476 70.8177 38.5739 95.9525 78.0256 51.5059 37.6734 33.6695 30.4888 29.3146 24.6997 21.6524 42.2396 19.7335 24.726 32.3474 17.4437 17.3062 15.1004 27.2075 16.9591 30.2333 13.1474 22.6388 11.468 13.0419 20.5299 9.94747 29.1182 9.88253 10.4108 8.40106 8.34467 19.8449 7.2928 7.14574 25.4407 13.6451 11.4357 8.51803 10.4225 6.58599 5.78569 21.1276 5.03647 4.24129 4.72022 11.5174 3.79413 5.15914 3.45073 2.8604 10.6194 2.48918 2.3771
threshold=1698.5000000000002 58.650000000000013 2.1500000000000008 -1.0000000180025095e-35 36.350000000000001 0.17156862745098037 34.650000000000013 1404.5000000000002 0.71008403361344552 0.65000000000000002 6.4500000000000011 0.75000000000000011 11.500000000000002 3.7500000000000004 3.5000000000000004 0.48529411764705882 38.750000000000007 0.06904761904761901 5.0500000000000007 1.2500000000000002 1014.5000000000001 4.6500000000000012 -2.0499999999999994 9.5000000000000018 1.5000000000000002 5.5000000000000009 5.5000000000000009 12.500000000000002 1164.0000000000002 10.350000000000003 0.12829175329175327 665.00000000000011 95.000000000000014 0.13809523809523808 1.5000000000000002 0.23303167420814477 0.064583333333333312 0.91987179487179505 0.74166666666666681 3.5000000000000004 0.55000000000000016 0.85164835164835173 36.150000000000013 10.500000000000002 75.000000000000014 37.95000000000001 3.5000000000000004 4.5000000000000009 105.00000000000001 25.000000000000004 1.2500000000000002 12.500000000000002 10.15 3.1500000000000008 13.500000000000002 0.81534090909090928 5.3500000000000005 0.14650406504065039 40.95000000000001 14.500000000000002 38.250000000000007
decision_type=2 2 2 2 2 2 2 2 2 2 2 2 2 2 2 2 2 2 2 2 2 2 2 2 2 2 2 2 2 2 2 2 2 2 2 2 2 2 2 2 2 2 2 2 2 2 2 2 2 2 2 2 2 2 2 2 2 2 2 2 2
left_child=1 2 3 -1 19 14 7 -7 9 12 -11 13 -8 -10 16 -13 -6 18 -16 22 59 -22 23 -5 26 35 27 50 29 51 38 -32 -33 34 -30 36 -26 41 40 -40 -24 42 43 44 -35 46 -44 -36 49 -19 -2 52 53 -4 55 -9 -37 -39 -59 -21 -47
right_child=24 -3 28 4 5 6 8 54 11 10 -12 15 -14 -15 17 -17 -18 48 -20 20 21 -23 30 -25 25 -27 -28 -29 33 -31 31 32 -34 37 47 56 -38 57 39 -41 -42 -43 45 -45 -46 60 -48 -49 -50 -51 -52 -53 -54 -55 -56 -57 -58 58 -60 -61 -62
leaf_value=-0.087105158696074422 0 -0.045135658353475674 0 -0.093654227979197785 -0.096914502666468713 -0.14690594774893539 0.023244668665377909 -0.057072239592104362 0.0063535581752127415 0.0038632764740972225 -0.054461313525027352 -0.024104954700913478 -0.042562584561876622 -0.14182453868907458 0.019961500876869188 0.033265454497648658 0.016609066750958107 0.032950133472544996 -0.12848038736724571 0 0.013908716936911586 -0.10178840270719899 0.024475255824820009 0.010613480933422717 0.019856030034022015 -0.071843855685847988 0.047642714423613466 -0.09717665525525615 -0.083714179742998343 -0.075065096165568987 0.028733164662580746 -0.1202114420644728 0.0067940938554203033 -0.11527856125220626 0.04084451931068242 0 -0.075944016844359932 0.019692344635507696 0.028904017511783394 -0.055257807993695868 0.041572906250119807 0.044571605795974932 0.027988205468897468 0.015483760598403548 0 0.039056582067837041 -0.06289953870810594 0 0.045200375242917486 -0.013309559002213525 0.036639725518892906 0.037947812859009271 0.02627151925983634 -0.10897086564691623 0.031595963437992154 0.0073438581288404496 0.037896895129129984 -0.085936533855349037 0.0084771385592917799 0.042361449457630311 0.014223466739894712
leaf_weight=6.7222014628350726 4.8998699816875151 22.488110874779522 2.9335127621889132 5.1922956099733701 8.6287981611676496 12.145778902340682 288.88660432118922 4.0399936381727484 4.6151867732405645 108.6357065141201 107.11187807144597 21.156855576205999 21.557109300047159 7.2729905098676682 17.591436840593818 245.61438784375787 6.8676230171695343 160.21510865073651 5.988086685538291 11.802307542413473 8.8577946200966853 11.33246405306272 144.07194497343153 9.3615047298371774 3.8640079498290998 7.5147316707298151 185.20861510327086 5.2525630276650181 7.0223630191758266 7.8176726284436873 12.386064294725658 4.8907411731779558 4.0872229337692261 5.839126614853738 22.600494474172592 11.167981276288627 4.5121638812124729 7.7599410377442863 28.907647736370564 8.382435745559631 246.37331107072532 141.42617942579091 7.3260594010353071 3.6265449663624159 2.3242137432098389 121.49720491468906 4.912714752368629 10.102808237075804 93.278517171740532 24.031631249934435 28.216489969752729 14.619522675871847 7.0122162476181984 2.8805061057209969 8.5433043148368579 3.4202305553480983 48.679972343146801 3.9512087795883399 4.3476428464055061 14.136605501174927 28.984680698718876
leaf_count=45 34 1203 2 34 59 87 302 23 3 158 514 78 73 50 16 187 11 138 48 27 7 77 127 13 1 79 39 46 51 66 9 26 4 39 10 19 30 7 20 34 83 40 2 3 6 64 43 28 21 56 22 5 2 19 4 6 27 26 4 2 55
internal_value=0 0.0174336 0.018173 0.0158132 0.0163068 0.0116044 0.00622501 -0.0568095 0.00858641 0.000488487 -0.0245208 0.0234296 0.0182704 -0.0740158 0.0253631 0.028247 -0.0386711 0.0290756 -0.0126009 0.0266657 -0.00162842 -0.0449439 0.0297488 -0.0181936 0.0345562 0.0130079 0.0412967 0.00741122 0.0275261 0 0.0315806 0 -0.0487872 0.0302577 0.00323846 0.0242071 -0.017064 0.0331156 0.0333514 0.00662058 0.0355851 0.0348857 0.0263165 -0.0389704 -0.0782943 0.031818 0 0.0257758 0.0330657 0.0262403 0.0278337 0.0198166 0 -0.0336232 0.00398203 -0.0110486 0.0320662 0 -0.0217199 0.0273146 0.0351039
internal_weight=0 2095.58 2073.09 1666.11 1659.38 1149.6 833 28.1493 804.851 526.191 215.748 278.659 310.444 11.8882 316.601 266.771 15.4964 301.105 23.5795 509.782 46.1292 20.1903 463.653 14.5538 299.316 75.7389 223.578 38.3689 406.985 35.2634 449.099 21.364 8.97796 371.721 39.7257 68.2241 8.37617 331.996 427.735 37.2901 390.445 315.937 174.511 11.7899 8.16334 162.721 12.2388 32.7033 277.525 184.247 33.1164 27.4458 12.8262 5.81402 16.0035 7.46022 59.848 16.0588 8.29885 25.9389 150.482
internal_count=4314 4017 2814 2342 2297 1834 1485 120 1365 1047 672 318 375 53 349 265 70 279 64 463 113 84 350 47 297 156 141 102 472 94 303 39 30 378 89 77 31 289 264 54 210 252 212 48 45 164 45 38 215 194 56 28 23 21 33 29 46 37 30 29 119
is_linear=0
shrinkage=0.0493048


Tree=71
num_leaves=62
num_cat=0
split_feature=46 64 64 15 64 73 54 64 64 73 58 60 81 64 2 40 3 75 64 74 80 57 46 47 67 13 60 68 40 49 31 60 41 7 6 61 63 72 67 75 7 61 48 60 67 82 38 61 57 60 68 57 38 64 81 45 47 40 40 47 57
split_gain=28.7399 46.5546 35.6043 40.7649 27.7404 59.5029 59.3723 50.829 41.4116 29.2999 60.2236 41.9311 42.479 34.6501 125.303 27.6081 41.02 84.0306 43.8049 24.6775 39.7034 26.8846 24.6564 54.7864 24.3247 20.8717 65.2288 15.4942 48.3411 14.3628 27.6095 12.9682 36.5045 21.4038 12.5599 23.882 55.3428 11.5317 9.53872 30.8182 9.01753 18.0346 8.48637 13.9299 7.52211 7.11604 34.0257 6.63671 27.7026 6.05509 5.90895 13.8985 5.7146 5.16111 5.10622 24.1343 4.54487 92.7749 4.00311 5.55794 2.71936
threshold=14.500000000000002 53.45000000000001 18.850000000000005 1.0000000180025095e-35 3.7500000000000004 38.250000000000007 38.550000000000004 4.5500000000000007 10.65 36.750000000000007 -6.4999999999999991 0.13144603934077617 3.8500000000000001 9.9500000000000011 2.5000000000000004 37.350000000000001 9.5000000000000018 0.74166666666666681 4.4500000000000011 1.3500000000000003 37.95000000000001 -3.7499999999999996 12.500000000000002 40.150000000000013 1107.5000000000002 1.5000000000000002 0.12313266443701222 1365.0000000000002 40.550000000000004 0.63961038961038974 1.0000000180025095e-35 0.016001024065540152 0.95000000000000007 88.500000000000014 1.0000000180025095e-35 0.28519290928050056 2.5000000000000004 8.5000000000000018 1013.5000000000001 0.10555555555555557 27.500000000000004 0.31400560224089641 1.9500000000000002 0.087337909992372217 1617.0000000000002 0.81534090909090928 95.000000000000014 0.45584415584415583 -4.2499999999999991 0.20169491525423733 1106.0000000000002 -1.2499999999999998 19.000000000000004 24.950000000000003 0.25000000000000006 9.5000000000000018 36.95000000000001 37.850000000000001 40.350000000000001 37.850000000000001 -2.2499999999999996
decision_type=2 2 2 2 2 2 2 2 2 2 2 2 2 2 2 2 2 2 2 2 2 2 2 2 2 2 2 2 2 2 2 2 2 2 2 2 2 2 2 2 2 2 2 2 2 2 2 2 2 2 2 2 2 2 2 2 2 2 2 2 2
left_child=1 2 4 -4 31 9 7 -7 42 10 -6 13 -13 24 -15 44 17 18 -17 20 21 -2 25 -24 -12 38 -27 37 -29 50 -31 32 33 -1 35 36 -23 -18 39 -5 -36 -42 43 -8 54 56 -47 48 -46 58 51 -21 -19 -38 -11 -56 -40 -58 -33 -60 -34
right_child=19 -3 3 22 5 6 8 -9 -10 15 11 12 -14 14 -16 16 27 52 -20 29 -22 34 23 -25 -26 26 -28 28 -30 30 -32 49 60 -35 40 -37 53 -39 45 -41 41 -43 -44 -45 47 46 -48 -49 -50 -51 -52 -53 -54 -55 55 -57 57 -59 59 -61 -62
leaf_value=-0.15490575863688705 -0.066594900580730115 -0.049804265543354556 -0.060224939561948958 0.036503360647812698 -0.13992317957287359 0.0055376530974001583 -0.083714758020223268 -0.11173992316812391 -0.11246559077096234 0.043373334168900705 0.033338821847657983 -0.14115556082546543 0.023356900265641297 -0.12184614126073304 0.020911752235089946 0 0.0053382780371665261 0 -0.12752500834360952 0.035546663489761342 -0.077414185574236877 0.030827642235950078 -0.083977193434841307 0.0408704942773837 0.0013386512145064579 -0.084754009363356253 0.038930987256170869 -0.1327690551342863 0.027241298513649526 -0.096067575499685143 0.029045557938628418 0.032581111693279506 0 0 0.040282443783952702 0.032032051163295543 -0.17894960296361404 0.040304108251815719 0.041416486932800173 -0.074397468300851519 -0.091108991796445257 0.031837631227621795 0.039608821887004576 0.021621662302049878 0.025699949139406878 -0.091226419061553182 0.043791028101803034 0.034977937495067772 -0.12503096387216803 0 0.042967812699771173 -0.051986447306312175 0.043011189427072535 0 -0.025124587996591556 0.032135094841873532 -0.11767314334138634 0.03830583342040559 -0.025694599995477834 0.025781933860003645 0.031325985905661526
leaf_weight=5.2374889738857737 7.4414575304836026 24.646623810753226 11.837973803980274 22.315251048654321 7.2170386547222725 10.349794171750544 4.0894503928720942 28.036061488557607 6.1949249655008307 94.48922598361969 113.98388734459877 9.4179749712347967 4.4820690155029288 21.506284544244409 45.833701784722507 10.244755066931249 46.807871959172189 11.759514449164273 20.588386284187436 16.269783555530015 10.448079131077973 7.7489304654300195 14.641292300075291 19.446786681655794 134.46128464862704 15.040702847298233 33.142420676071197 6.2861131094396141 14.612775409128515 5.4153823056258288 19.90878398809582 233.52161244302988 8.3280665799975413 2.1683288216590881 89.610285975970328 23.832559323869646 5.3762311022728682 72.515798468142748 323.27320917695761 8.1605067802593094 3.9444269994273773 10.63689463585615 27.336316298693419 10.58580995723605 6.3063155263662347 6.0414595156908062 16.812475204467773 7.500774383544921 4.4482648968696603 17.519030693918467 284.27525049448013 5.3649551291018716 19.428157195448875 1.7305669062770901 18.027709046378732 139.45016096159816 9.5867184265516681 136.74069290747866 6.9316670373082188 13.531958632171152 21.251894291490316
leaf_count=31 50 1042 153 8 42 12 21 180 40 29 75 56 1 123 50 17 71 21 128 12 95 13 109 12 192 140 20 36 14 87 79 182 15 2 67 17 40 35 149 66 42 6 16 9 2 38 1 1 22 27 159 61 4 47 48 85 61 107 18 12 16
internal_value=0 0.0161839 0.017146 0.0269424 0.0120235 0.00743317 -0.0310151 -0.0769056 0.00297744 0.0117014 0.000215195 0.00367419 -0.0792572 0.00772651 -0.0228736 0.0196282 0.00509796 -0.02744 -0.0861117 0.0300444 0.012984 0.0201103 0.0288562 -0.00913943 0.016523 0.0313422 0 0.0203793 -0.0150853 0.0379474 0 0.0249499 0 -0.100043 0.025511 0 -0.0474808 0.0276351 0.0342032 0.00268185 0.0344287 0 0.0230352 0 0.0300409 0.0359011 0.00258353 0 -0.0253171 0.0286947 0.0409062 0.00805419 0.0266127 -0.150018 0.0322551 0.0247867 0.0372575 0.0272122 0.0306287 0.00226513 0.0219573
internal_weight=0 1846.14 1821.49 617.039 1204.45 895.96 86.5924 38.3859 48.2065 809.368 336.902 329.685 13.9 315.785 67.34 472.466 202.243 62.0208 30.8331 492.004 160.769 150.321 605.202 34.0881 248.445 571.113 48.1831 140.223 20.8989 331.234 25.3242 308.49 36.9858 7.40582 142.88 38.6883 14.8557 119.324 522.93 30.4758 104.192 14.5813 42.0116 14.6753 270.222 492.455 22.8539 18.2554 10.7546 271.504 305.91 21.6347 31.1877 7.1068 251.967 157.478 469.601 146.327 253.985 20.4636 29.58
internal_count=4314 3539 2497 864 1633 1330 278 192 86 1052 539 497 57 440 173 513 326 170 145 775 377 282 711 121 267 590 160 156 50 398 166 303 64 33 232 117 100 106 430 74 115 48 46 30 187 356 39 25 24 239 232 73 25 87 162 133 317 168 212 30 31
is_linear=0
shrinkage=0.0493048


Tree=72
num_leaves=62
num_cat=0
split_feature=66 64 55 47 64 64 72 82 38 31 42 57 64 60 42 15 58 58 64 82 61 4 67 40 67 1 65 3 71 54 27 57 64 66 64 58 64 56 42 66 40 7 57 42 13 3 7 78 78 62 15 15 73 64 60 64 63 62 0 49 64
split_gain=27.9443 34.0619 16.0529 28.1371 39.113 30.8107 146.282 73.3071 33.0273 45.8148 29.2691 63.6687 24.8293 76.9925 52.6085 31.1094 46.3084 22.5284 75.3213 19.1463 18.1984 32.6186 65.0081 14.9704 14.8043 14.6794 24.0691 16.1813 26.3438 12.6829 37.5613 12.1327 11.9335 11.4906 18.884 10.617 13.8154 8.91095 9.29732 8.82057 24.758 13.876 13.4898 10.5872 7.56032 21.3695 6.38906 6.28284 5.1785 5.00887 10.6169 4.45263 3.49631 3.42536 2.3051 2.12279 2.07652 1.93048 6.94347 1.87075 1.08356
threshold=1698.5000000000002 58.650000000000013 2.1500000000000008 36.850000000000001 18.850000000000005 18.550000000000004 6.5000000000000009 0.62019230769230782 95.000000000000014 9.5000000000000018 0.85164835164835173 2.2500000000000004 6.4500000000000011 0.11078811369509041 0.11805555555555557 1.5000000000000002 23.500000000000004 -7.4999999999999991 14.15 0.34313725490196084 0.26111660079051385 1.0000000180025095e-35 1541.5000000000002 40.150000000000013 703.50000000000011 1.5000000000000002 5.5000000000000009 5.5000000000000009 12.500000000000002 37.650000000000013 15.500000000000002 5.7500000000000009 3.2500000000000004 1164.0000000000002 10.350000000000003 -1.0000000180025095e-35 3.4500000000000006 0.23303167420814477 0.064583333333333312 1629.5000000000002 43.850000000000001 1.0000000180025095e-35 2.2500000000000004 0.095454545454545472 1.5000000000000002 96.500000000000014 1.5000000000000002 11.500000000000002 5.5000000000000009 2.5000000000000004 15.500000000000002 1.0000000180025095e-35 37.95000000000001 5.3500000000000005 0.044346116027531905 2.4500000000000006 11.500000000000002 1.5000000000000002 1.5000000000000002 0.75735294117647067 3.6500000000000008
decision_type=2 2 2 2 2 2 2 2 2 2 2 2 2 2 2 2 2 2 2 2 2 2 2 2 2 2 2 2 2 2 2 2 2 2 2 2 2 2 2 2 2 2 2 2 2 2 2 2 2 2 2 2 2 2 2 2 2 2 2 2 2
left_child=1 2 3 4 12 8 7 -7 10 -10 17 -12 20 14 -14 16 -16 46 23 -17 21 35 -23 -19 -6 27 37 28 47 44 -31 33 -33 34 -4 56 -37 38 -27 41 -41 42 -35 57 48 -46 55 60 -26 50 -45 -51 -48 -39 -22 -5 -1 -43 -59 -50 -2
right_child=25 -3 31 5 24 6 -8 -9 9 -11 11 -13 13 -15 15 19 -18 18 -20 -21 54 22 -24 -25 29 26 -28 -29 -30 30 -32 32 -34 39 -36 36 -38 53 -40 40 -42 43 -44 49 45 -47 52 -49 59 51 -52 -53 -54 -55 -56 -57 -58 58 -60 -61 -62
leaf_value=0.01433868130153905 0 -0.044559783945967338 0.02022568250646976 0.028248279618389976 -0.053807084643111111 -0.077806622040000772 -0.091443487441523266 0.041864518060365515 -0.13163414222219796 0.027428496443504157 -0.12235681401996597 0.026839292462656719 -0.13210386615207201 -0.12162543338070822 -0.11473024378121434 0.03340289026985932 0.031688650509972119 0.018177032414581164 -0.10291514178809177 -0.0061687027995648526 0 -0.16274015455134819 0.01057071979538432 -0.0051666781529135638 0.0060262038621238098 0.018174831846335442 -0.069159195199429466 0.047309188328037578 -0.091884101685838757 -0.090264560722007142 0.042937417712570126 0.022210426730754285 -0.073924952903145533 -0.09147558982536623 -0.073554622533145209 0.019372695201232606 -0.048394003534915568 0 -0.072643082480256901 -0.084853097700072808 0.038815915523646043 0.0062672619791169391 0.012388405716673734 -0.038983793596293295 -0.080012929516550035 0.039751825011473507 0.041082566004853639 0.038016917514502604 0.044061523332455228 0.0045769393824326285 0.034028289320736857 0.040113084197030663 0.011094918947781526 0.036893991129247204 0.03438053213069947 -0.01037288198775781 0.043001967178121062 -0.096773638042782453 0 0.025208279942351804 -0.02886754216881534
leaf_weight=30.618326138705015 2.0309032350778606 20.757811109535396 22.722246030345563 5.0958932638168326 3.4800737267360082 14.375586965354158 40.566474742023274 74.212392779067159 9.0147516569122654 6.5462104603648177 11.768765635788442 14.621368281543253 6.2759122196584931 12.363956231623886 10.74005644582212 95.052682047709823 8.3097914401441813 408.42497052066028 13.418174252379684 36.202666820026934 6.9758938029408446 7.8099689483642605 12.499326929450033 70.474555827211589 19.222601264016703 3.6875588893890363 7.204378390684723 170.36450909310952 5.0842910232022396 7.5421945299021926 16.011048387736082 4.1987434625625593 5.643367157317698 4.007589362561701 6.7303171851672223 19.081329662352804 11.282443901523946 10.868213238194583 4.4181488109752536 5.9332237690687188 11.39573572576046 4.9770210534334165 7.2304658498615026 6.4525616513565209 4.9741988191381106 12.54983477294445 113.93768456112593 25.992290632799268 241.80554202315398 17.135311199352145 14.22924082353711 266.60569642204791 23.586748875677586 45.603093795478344 133.93124537914991 9.8814266920089704 29.773271538317204 2.2530420403927565 4.7448357753455639 50.299431270454079 3.2786612994968891
leaf_count=32 2 1203 22 2 35 150 344 43 52 4 65 11 37 78 62 59 5 448 91 72 9 47 14 145 43 1 79 39 46 64 2 2 48 23 58 18 33 19 30 36 4 5 13 32 40 3 47 15 82 35 11 150 26 27 93 20 10 20 13 56 39
internal_value=0 0.0165741 0.0172796 0.014917 0.0217344 0.00827355 -0.0133567 0.0210194 0.0125229 -0.0568322 0.0143188 -0.0350614 0.0111158 -0.00286965 0.005738 0.0123493 -0.0444021 0.0165343 0.0110229 0.0215424 0.0209854 0.00471875 -0.0501248 0.014482 0.0339418 0.0338062 0.0120128 0.0407681 0.00671194 0.0351662 0 0.0267465 -0.020387 0.0283193 0 0.0183755 -0.00174316 0.0230248 -0.0161474 0.030845 0 0.0326676 -0.0137836 0.0347117 0.0376693 0 0.0335051 0.0267774 0.0394698 0.0365607 0.00521995 0.038406 0.0368474 0.0308544 0.0329205 0 0.0305439 -0.00190862 -0.0254087 0.041244 -0.00486599
internal_weight=0 1997.74 1976.99 1592.73 776.802 815.925 129.154 88.588 686.771 15.561 671.21 26.3901 420.917 168.945 156.581 150.305 19.0498 644.819 492.318 131.255 251.972 111.065 20.3093 478.9 355.885 278.532 71.7814 206.751 36.3861 352.405 23.5532 384.259 9.84211 374.417 29.4526 90.7554 30.3638 64.577 8.10571 344.965 17.329 327.636 11.2381 316.398 328.852 17.524 152.502 31.3019 311.328 304.423 20.6818 283.741 137.524 56.4713 140.907 14.9773 60.3916 11.9749 6.99788 292.105 5.30956
internal_count=4314 4017 2814 2342 894 1448 537 193 911 56 855 76 569 313 235 198 67 779 684 131 256 154 61 593 325 297 156 141 102 290 66 472 50 422 80 93 51 77 31 342 40 302 36 266 224 43 95 56 181 228 43 185 73 46 102 22 42 38 33 138 41
is_linear=0
shrinkage=0.0493048


Tree=73
num_leaves=62
num_cat=0
split_feature=46 64 64 15 64 73 54 64 64 79 52 56 58 80 73 73 67 42 62 74 80 64 46 47 13 60 46 49 31 6 61 63 74 53 60 41 3 67 75 57 62 66 48 82 38 60 67 68 57 65 63 55 47 40 40 47 66 67 60 2 68
split_gain=27.2437 41.0885 33.3189 36.7456 25.162 54.7063 52.6353 45.0238 36.5674 27.3516 86.8576 67.3428 57.9393 62.4906 37.2198 25.5752 47.7192 24.7435 46.6712 23.0583 35.2805 27.0216 22.1575 48.122 18.6383 57.4329 14.7276 13.2342 25.1325 12.7914 22.2786 50.2028 12.2307 26.3779 11.8472 32.3053 17.3798 8.80449 26.9001 8.58033 22.1348 8.31371 7.93831 7.06584 30.9332 5.91422 5.57133 5.48155 12.4257 5.2821 4.92029 4.88846 4.03196 80.8952 3.5903 4.93903 3.28881 3.08146 10.4458 3.93906 3.06603
threshold=14.500000000000002 53.45000000000001 18.850000000000005 1.0000000180025095e-35 3.7500000000000004 38.250000000000007 38.550000000000004 4.5500000000000007 10.65 2.5000000000000004 8.5000000000000018 0.85164835164835173 -5.4999999999999991 33.650000000000013 23.250000000000004 36.750000000000007 1023.5000000000001 0.06904761904761901 5.5000000000000009 1.3500000000000003 37.95000000000001 23.350000000000005 12.500000000000002 40.150000000000013 1.5000000000000002 0.12313266443701222 12.500000000000002 0.63961038961038974 1.0000000180025095e-35 1.0000000180025095e-35 0.28519290928050056 2.5000000000000004 1.0500000000000003 3.5000000000000004 0.016001024065540152 0.95000000000000007 48.500000000000007 1013.5000000000001 0.10555555555555557 -1.7499999999999998 1.5000000000000002 1147.5000000000002 1.9500000000000002 0.81534090909090928 95.000000000000014 0.20169491525423733 300.50000000000006 1106.0000000000002 -1.2499999999999998 4.5000000000000009 7.5000000000000009 0.75000000000000011 36.95000000000001 37.850000000000001 40.350000000000001 37.850000000000001 1203.5000000000002 1361.0000000000002 0.06366092536305297 1.0000000180025095e-35 335.00000000000006
decision_type=2 2 2 2 2 2 2 2 2 2 2 2 2 2 2 2 2 2 2 2 2 2 2 2 2 2 2 2 2 2 2 2 2 2 2 2 2 2 2 2 2 2 2 2 2 2 2 2 2 2 2 2 2 2 2 2 2 2 2 2 2
left_child=1 2 4 -4 34 9 7 -7 42 17 12 15 39 -14 -13 16 -12 18 -6 20 21 29 24 -24 37 -26 -17 47 -29 30 31 -2 41 -34 35 36 -1 38 -5 -11 -41 46 60 52 -45 54 -19 48 -21 -30 -37 -31 -39 -54 57 -56 -20 -36 -59 -60 -8
right_child=19 -3 3 22 5 6 8 -9 -10 10 11 14 13 -15 -16 26 -18 32 56 27 -22 -23 23 -25 25 -27 -28 28 49 51 -32 -33 33 -35 45 50 -38 43 -40 40 -42 -43 -44 44 -46 -47 -48 -49 -50 -51 -52 -53 53 -55 55 -57 -58 58 59 -61 -62
leaf_value=-0.14814291709511881 0.028829913787834456 -0.049122098447119192 -0.058502314885748051 0.035329184793636025 -0.14842168815728482 0.003904787447165508 0.020991288623170963 -0.10725680041077684 -0.10668025298506272 0.02646807028599683 0.028761306994297658 0.0074073494128111973 0.018806124205315699 -0.10892259559185834 -0.11925946926895227 0.028843866261452661 -0.033771468436693625 0.030792771650138981 0.032284389472610614 0.034565700146965167 -0.074377688611075077 -0.066782953443949467 -0.079909562643877885 0.040027149634999974 -0.081187731309753236 0.038063820583767317 -0.0070154802765975454 -0.093725894118035433 0.040832696842095131 0 0.031251211501135918 -0.14341980037283419 0.021921352029306364 -0.10705013777217738 0.035855903913642906 0.034950025199403538 0 0.040505247832229543 -0.070916816711804331 0.024166747647952822 -0.10115975695012311 0.034960484800755559 0.038658720337595973 -0.088339063735528883 0.042992449437406738 0 -0.032012226265287803 0.042282564892728254 -0.049829015596048028 -0.0084202833318450122 0 0.038874149300233952 -0.10869451872174261 0.037456781625428988 -0.023092725828064993 0.025046804644624183 0 0.03496748455134633 0.0031766316192070394 -0.037386228128277299 -0.023740703688195787
leaf_weight=4.8928500749170771 7.5493838079273683 22.730650510173291 11.250157891074194 20.712230153381828 5.4714805111289051 9.9926412627100927 4.8645745664834967 27.43728037411347 6.117175441235303 20.605390589684248 60.350659254938364 6.5345000401139286 10.382552586495875 36.677022029645741 14.00316099077463 268.16994222253561 57.950660748407245 5.794548034667967 9.4519865587353724 15.406267026439311 10.038126039318739 7.5753995995037249 14.135705116204916 18.063582700211555 14.349730564514173 30.891931287012994 25.020937880501151 5.1748195963446078 16.766120258718733 13.323276037350295 22.542829323559999 7.1537014180794358 17.004103157669309 4.84950316697359 163.38488972187042 20.117878615856174 2.5585118532180786 300.95235206955113 7.8374589662998906 6.2817519307136518 5.5436330335214734 206.52935662306845 25.639555722475052 5.9247302524745473 15.498529434204102 17.164114825427532 7.7890618080273271 264.34451162815094 5.1484159762039772 2.3325404431670895 8.6226460114121419 84.704828154295683 9.5292340493760985 127.37763843126595 7.0875897631049183 13.192568771541117 10.564100448042153 34.701567940413952 17.587673828005794 6.8656870964914551 9.3603505371138436
leaf_count=29 5 1042 153 8 32 12 2 180 40 18 43 6 9 233 74 200 142 1 4 12 95 144 109 12 140 20 48 87 7 25 12 50 12 31 115 12 4 149 66 3 30 122 16 38 1 27 26 159 61 72 19 46 61 107 18 12 18 22 25 20 28
internal_value=0 0.015347 0.0162642 0.0261163 0.0112536 0.00679173 -0.0307613 -0.0742844 0.00199377 0.0109737 0.00399815 0.0129356 -0.0429981 -0.0781087 -0.0729676 0.0175309 -0.00082088 0.0238476 -0.0195136 0.0292555 0.0123389 0.0193191 0.0280238 -0.00879699 0.0304816 0 0.0253591 0.0372165 0 0.0250754 0 -0.0466774 0.028931 -0.00113952 0.0238235 0 -0.093813 0.033289 0.00176251 0.00414849 -0.024222 0.032481 0.0218632 0.0349778 0.000794261 0.0275194 0 0.0401991 0.00733998 0.0283139 0.0209711 0.0344194 0.0363661 0.0263516 0.0294965 0.00209114 0.00971456 0.0314346 0.0171086 -0.00317027 0
internal_weight=0 1757.82 1735.09 576.523 1158.56 862.386 83.4116 37.4299 45.9817 778.974 511.52 432.03 79.4904 47.0596 20.5377 411.492 118.301 267.454 25.4876 462.06 152.888 142.849 565.273 32.1993 533.074 45.2417 293.191 309.173 24.2735 135.274 37.2459 14.7031 241.967 21.8536 296.176 36.1919 7.45136 487.832 28.5497 32.4308 11.8254 220.113 39.8645 459.282 21.4233 259.984 13.5836 284.899 20.5547 19.0987 28.7405 98.0281 437.859 136.907 242.82 20.2802 20.0161 222.54 59.1549 24.4534 14.2249
internal_count=4314 3539 2497 864 1633 1330 278 192 86 1052 806 513 293 242 80 433 185 246 54 775 377 282 711 121 590 160 248 398 166 138 67 55 192 43 303 64 33 430 74 51 33 149 46 356 39 239 27 232 73 79 31 71 317 168 212 30 22 182 67 45 30
is_linear=0
shrinkage=0.0493048


Tree=74
num_leaves=48
num_cat=0
split_feature=66 64 81 64 81 82 40 64 31 31 55 0 64 1 65 3 71 64 56 74 45 64 64 74 19 74 58 57 42 53 64 74 56 42 64 78 58 64 75 72 57 61 64 71 13 64 61
split_gain=26.5068 29.944 15.837 33.8672 31.1918 23.6371 21.7689 29.9827 21.9708 37.9963 27.2108 18.4304 14.6253 14.0085 21.3735 15.4034 23.6231 12.4123 19.1917 39.1744 12.3852 35.8439 10.148 9.98548 8.78771 12.7762 8.63033 27.4085 8.46687 8.42364 13.1551 8.01669 7.93131 8.18715 7.05987 5.72249 4.88699 4.91743 4.48117 7.04089 3.96991 15.2285 3.2791 2.97421 2.46532 0.874548 0.370026
threshold=1698.5000000000002 58.650000000000013 1.8500000000000003 39.150000000000013 1.7500000000000002 0.13809523809523808 36.350000000000001 30.900000000000002 16.500000000000004 10.500000000000002 2.1500000000000008 10.500000000000002 3.1500000000000008 1.5000000000000002 5.5000000000000009 5.5000000000000009 12.500000000000002 26.450000000000003 0.68990384615384626 0.75000000000000011 12.500000000000002 13.050000000000002 2.4500000000000006 0.95000000000000007 5.5000000000000009 2.2500000000000004 -1.4999999999999998 -1.2499999999999998 0.36931818181818182 13.500000000000002 4.8500000000000005 0.75000000000000011 0.23303167420814477 0.064583333333333312 2.9500000000000006 11.500000000000002 7.5000000000000009 5.1500000000000012 0.19375000000000003 4.5000000000000009 -4.7499999999999991 0.33166666666666672 5.3500000000000005 11.500000000000002 1.0000000180025095e-35 3.6500000000000008 0.33166666666666672
decision_type=2 2 2 2 2 2 2 2 2 2 2 2 2 2 2 2 2 2 2 2 2 2 2 2 2 2 2 2 2 2 2 2 2 2 2 2 2 2 2 2 2 2 2 2 2 2 2
left_child=1 2 3 4 6 22 17 8 9 10 -8 -11 -6 15 32 16 35 18 26 -20 21 24 -4 -21 -7 -26 34 -28 -19 31 -31 40 33 -15 -1 45 37 -32 -10 -40 -22 -42 -34 44 -33 -2 -44
right_child=13 -3 5 -5 12 20 7 -9 38 11 -12 -13 -14 14 -16 -17 -18 28 19 23 29 -23 -24 -25 25 -27 27 -29 -30 30 36 43 42 -35 -36 -37 -38 -39 39 -41 41 -43 46 -45 -46 -47 -48
leaf_value=-0.0063051267495041648 0 -0.043923594641021489 0.0026060147912972992 -0.053443075411999642 0 0.034628274760851507 0.0063851152563460427 -0.064797899926534827 0.042418827072776437 -0.13316789978064603 0.027890524358911827 0 -0.10237451881715438 0.016364995099222394 -0.066902535327113641 0.046947452008066208 -0.088271830728932243 0 -0.12897874493988451 0.032941558021979823 0.028623368878545354 -0.064225541022381025 -0.072015770809997701 -0.023788504927200846 -0.078144221815913018 0.019934283093197024 -0.056617627684034742 0.020102213402258644 0.044035007126718879 -0.13191937117596997 0.012786475491949912 0 0 -0.069237505687804873 0.034381988668719235 0.03723121237909717 0.029944445288282173 -0.053852763431421258 0.031213832232055021 -0.011775560171948045 -0.096877003443561774 0.018811039084599124 0.015244851142805467 0.042550160949177497 0.026516315593415395 -0.026245803778042621 0.045448436740039205
leaf_weight=5.6954573243856421 1.9754328131675745 19.08030249690637 3.5617694482207289 17.033801471348852 2.2253873348236066 53.320448432583362 732.46659011952579 11.857780528254805 71.180837506428361 6.5732055399566871 186.78936640592292 2.1775800585746765 7.9651333838701248 3.5131583213806143 6.8467835648916653 157.03293172316626 4.927849188912659 16.814472820609808 5.9974674805998793 17.532712988555435 9.1523606553673762 12.531823923112823 8.0395969455130381 11.27787903184071 4.4083479866385451 9.9554505757987481 11.649497896432875 134.33999760821462 108.96230106055737 1.4372322447598005 3.2588717937469509 7.725511498749257 10.699817696586249 4.2798971319571137 146.68274350091815 24.388946115970612 20.432289838790894 4.0320667717605829 21.620070967823267 10.889616619795559 3.9107785765081626 5.9603978544473648 17.712587781250477 193.37451042095199 12.743801135569811 3.1295535489916801 25.194708377122879
leaf_count=13 2 1203 4 253 1 42 1155 137 33 43 177 3 47 1 79 39 46 29 32 7 5 124 80 45 28 9 47 140 34 10 1 23 19 30 91 15 16 27 13 30 27 3 22 77 8 39 5
internal_value=0 0.0157384 0.0164096 0.0140565 0.0149 0.0262287 0.0155514 0.0113914 0.0123897 0.00979523 0.0108911 -0.0907623 -0.0687182 0.0331001 0.0112569 0.0402337 0.00598055 0.0247379 0.0189999 -0.0134423 0.028789 0.00957208 -0.0384785 0.00642186 0.0250975 -0.00164393 0.0232025 0.0131169 0.03894 0.0341955 0.00402628 0.0374384 0.0220288 -0.0148575 0.0320443 0.0260231 0.0157071 -0.00717012 0.0344 0.0129957 0 -0.0146444 0.0297153 0.0402172 0.0120784 -0.00321894 0.0358978
internal_weight=0 1902.66 1883.58 1529.73 1512.7 353.845 1502.51 1043.56 1031.7 928.007 919.256 8.75079 10.1905 259.702 68.247 191.455 34.4218 458.953 333.176 34.8081 342.244 80.2161 11.6014 28.8106 67.6842 14.3638 298.368 145.989 125.777 262.028 29.1605 232.867 61.4002 7.79306 152.378 29.4939 27.7232 7.29094 103.691 32.5097 19.0235 9.87118 53.6071 213.844 20.4693 5.10499 42.9073
internal_count=4314 4017 2814 2330 2077 484 2029 1591 1454 1378 1332 46 48 297 156 141 102 438 375 84 400 203 84 52 79 37 291 187 63 197 54 143 77 31 104 56 44 28 76 43 35 30 46 108 31 41 27
is_linear=0
shrinkage=0.0493048


Tree=75
num_leaves=62
num_cat=0
split_feature=46 64 64 15 64 73 62 80 74 79 45 38 56 73 52 64 80 64 73 83 46 47 65 7 42 64 63 13 60 68 7 29 83 31 19 47 54 74 53 67 75 49 68 47 75 38 61 82 38 56 42 2 47 40 7 46 19 54 6 62 63
split_gain=26.3153 36.1371 31.8702 33.7327 24.185 43.4144 57.2052 49.0046 31.5645 25.6953 74.0823 64.0349 46.3412 41.0923 25.4203 54.5597 22.1681 26.9847 21.5073 20.5318 20.2113 43.6764 18.9548 51.195 17.4591 28.5149 29.8148 16.9376 53.1719 16.5102 12.9449 12.3433 9.99595 42.1167 10.5912 12.8662 9.95144 9.72797 12.8809 8.36632 23.8955 7.02811 6.98744 16.3978 7.12335 6.5574 25.738 6.2434 28.2027 5.21893 24.2366 4.01651 4.00567 73.2035 3.88216 3.65728 3.50761 3.07559 2.66419 4.17358 2.54106
threshold=14.500000000000002 53.45000000000001 18.850000000000005 1.0000000180025095e-35 3.2500000000000004 38.250000000000007 5.5000000000000009 41.250000000000007 1.9500000000000002 2.5000000000000004 6.5000000000000009 2.5000000000000004 0.86190476190476206 34.350000000000001 8.5000000000000018 6.4500000000000011 37.850000000000001 13.450000000000001 36.45000000000001 0.40000000000000019 12.500000000000002 40.150000000000013 2.5000000000000004 60.500000000000007 0.06904761904761901 5.0500000000000007 12.500000000000002 1.5000000000000002 0.12313266443701222 1106.0000000000002 1.0000000180025095e-35 1.0000000180025095e-35 -1.9499999999999997 1.0000000180025095e-35 3.5000000000000004 39.050000000000004 37.650000000000013 1.0500000000000003 2.5000000000000004 1013.5000000000001 0.10555555555555557 0.064583333333333312 1404.5000000000002 36.050000000000004 0.32291666666666669 5.5000000000000009 0.051956815114709808 0.81534090909090928 95.000000000000014 0.56696428571428581 0.55050505050505061 3.5000000000000004 36.95000000000001 37.850000000000001 9.5000000000000018 15.500000000000002 7.5000000000000009 36.550000000000004 1.0000000180025095e-35 1.5000000000000002 1.5000000000000002
decision_type=2 2 2 2 2 2 2 2 2 2 2 2 2 2 2 2 2 2 2 2 2 2 2 2 2 2 2 2 2 2 2 2 2 2 2 2 2 2 2 2 2 2 2 2 2 2 2 2 2 2 2 2 2 2 2 2 2 2 2 2 2
left_child=1 2 4 -4 42 9 7 -7 22 24 11 19 14 -14 15 -12 29 36 -16 -11 27 -22 -8 -24 25 -6 -27 39 -29 30 58 37 33 -31 -35 -36 41 54 -39 40 -5 -18 51 -44 56 -33 -47 52 -49 -34 57 -1 -41 -54 -26 -38 -45 -51 59 -2 -21
right_child=16 -3 3 20 5 6 8 -9 -10 10 12 -13 13 -15 18 -17 17 -19 -20 60 21 -23 23 -25 31 26 -28 28 -30 32 -32 45 49 34 35 -37 55 38 -40 47 -42 -43 43 44 -46 46 -48 48 -50 50 -52 -53 53 -55 -56 -57 -58 -59 -60 -61 -62
leaf_value=0.031696080177552821 0.017402170803052272 -0.048431646858807874 -0.057461418799489662 0.034093757153421542 0.024100718525174758 -0.10956098166348568 0.041830909276555049 0.02614438320039493 -0.092137960249259937 -0.085675724730560301 0.013331648862478526 -0.11897485476832723 0.015237301500329576 -0.10902833527142376 -0.0013193361858237199 -0.095612505456167812 0.0033586457998940025 -0.064667263923948115 0.024140551872832601 0.038252982150504294 -0.07769007799080023 0.03924794994936158 -0.11313584470349233 0.037710109179323222 0.021717005905042535 -0.13957418243619904 0 -0.079985854686896951 0.037337965726426003 -0.11960212274490706 -0.06384725619794776 0.017814392349392499 0.042824386184010688 0.042402690194319879 -0.085529577075468391 0.022294264460011058 0.040088973390449603 0.030522884190997239 -0.0417329434947393 0.039683687483154095 -0.068458422571840802 -0.062213976100683743 -0.087738662960653593 -0.047930341073717908 0.034180693784987892 0.015325572212439702 -0.13562362171155465 -0.084884795849221331 0.042524661196139409 0.039291014510735835 -0.07493784460911615 0 -0.10376471505143912 0.036419195991547186 0.040219401936867911 0 0 0 0.035396386310778495 -0.069189068158525324 0
leaf_weight=164.74632276594639 3.7612192966043967 20.980545886792243 10.752590833930297 19.341799426823858 18.990404520183805 25.858609164133668 31.874987676739693 6.8029256849549702 7.312337993644177 5.8158971313387182 34.064443480223417 20.960400281008333 8.8416510093957204 14.563248531892894 97.055051479488611 15.688763732090591 4.4421863481402379 12.162446555215864 307.87295610178262 8.9515688419342059 13.599394366610797 16.983939791563898 8.5273050973191875 13.745003461837767 87.778026130050421 6.8162046745419484 5.7022568956017494 13.718652629991992 29.570555930491537 4.9853535676375023 6.9586723186075679 4.6693635135889044 246.27260990394279 34.762083797715604 3.8184193046763522 6.7462601820006967 27.145361054688692 14.359881944954397 10.245239455252884 282.03434867132455 7.5572339021600774 5.3994315955787897 3.9507041051983824 3.8742256276309481 22.474255695939064 4.5101507008075696 4.2183777764439583 5.7589649185538301 14.802172660827637 41.363073958083987 5.0364538040012112 12.81956050544977 9.3881934804376197 119.13118513161317 124.84253006801009 12.215326664969323 8.1927798762917501 12.129408330656586 7.9238940989598632 1.845228713005781 12.462523433379827
leaf_count=148 3 1042 153 8 14 170 14 6 44 31 39 142 8 80 154 95 4 207 271 2 109 12 57 4 85 38 7 140 20 46 105 2 137 14 26 6 10 7 35 149 66 31 16 13 16 2 27 38 1 27 60 19 61 107 55 25 11 36 4 34 21
internal_value=0 0.0144193 0.0152889 0.0252559 0.0103419 0.00660674 -0.0246913 -0.0774946 0.0013752 0.0104054 0.00368401 -0.0541703 0.00977916 -0.0568256 0.0134851 -0.0185663 0.0284506 0 0.0177316 0 0.0271655 -0.0087178 0.0163487 -0.0145538 0.0225005 -0.00925691 -0.0696943 0.0296031 0 0.0329413 -0.00508787 0.0269899 0.0354858 0.0113699 0.0285954 -0.00509429 0.0172169 0.0297741 0 0.0323892 0.00061488 -0.020116 0.0253659 0.00252039 0.0165166 -0.0129995 -0.0436792 0.0340831 0.000719521 0.0390569 0.0210656 0.0296167 0.0354509 0.0251869 0.0331703 0.0297172 -0.00610995 0.0324696 0.0160495 0 0.0180287
internal_weight=0 1682.21 1661.23 542.639 1118.59 902.53 94.1212 32.6615 61.4596 808.409 526.277 48.1904 478.086 23.4049 454.681 49.7532 436.967 61.3648 404.928 27.23 531.886 30.5833 54.1473 22.2723 282.132 31.5089 12.5185 501.303 43.2892 375.603 20.489 250.624 355.114 50.3121 45.3268 10.5647 49.2023 237.226 24.6051 458.014 26.899 9.84162 216.058 38.492 34.5413 13.3979 8.72853 431.115 20.5611 304.802 58.5289 177.566 410.554 128.519 212.621 39.3607 12.067 53.4925 13.5303 5.60645 21.4141
internal_count=4314 3539 2497 864 1633 1410 295 176 119 1115 843 196 647 88 559 134 775 277 425 54 711 121 75 61 272 59 45 590 160 498 146 213 352 92 46 32 70 182 42 430 74 35 223 56 40 31 29 356 39 260 123 167 317 168 140 35 24 63 41 37 23
is_linear=0
shrinkage=0.0493048


Tree=76
num_leaves=49
num_cat=0
split_feature=66 64 81 64 81 82 40 64 31 31 55 0 41 54 64 64 82 72 74 64 64 46 71 64 83 61 54 42 11 3 41 5 13 19 19 1 1 60 56 55 75 72 38 48 19 58 64 64
split_gain=25.5492 26.2072 15.5478 30.1581 27.1435 20.8899 20.6208 26.438 20.9199 32.6798 25.4638 16.575 13.4867 18.6053 13.2572 11.7664 16.9557 42.4603 11.5249 35.4957 9.44441 8.87102 8.60695 20.8476 8.34991 31.8667 10.4832 8.24419 7.75848 7.29838 10.5657 6.05229 5.84944 10.5201 14.5482 4.78554 7.2996 4.73951 9.24887 4.58573 4.47379 6.19714 3.8517 3.32278 1.34376 4.00341 0.0710621 0.556437
threshold=1698.5000000000002 58.650000000000013 1.8500000000000003 39.150000000000013 1.7500000000000002 0.13809523809523808 36.350000000000001 30.900000000000002 16.500000000000004 10.500000000000002 2.1500000000000008 10.500000000000002 0.95000000000000007 38.750000000000007 3.1500000000000008 26.450000000000003 0.63068181818181823 6.5000000000000009 0.75000000000000011 6.8500000000000005 2.4500000000000006 3.5000000000000004 11.500000000000002 15.450000000000001 -1.4499999999999995 0.2671361502347418 35.95000000000001 0.36931818181818182 1.0000000180025095e-35 5.5000000000000009 1.3500000000000003 1.0000000180025095e-35 1.0000000180025095e-35 30.500000000000004 2.5000000000000004 1.5000000000000002 3.5000000000000004 0.018693221523410155 0.38675213675213677 0.45000000000000007 0.19375000000000003 4.5000000000000009 7.5000000000000009 1.1500000000000001 1.0000000180025095e-35 17.500000000000004 12.750000000000002 4.0500000000000007
decision_type=2 2 2 2 2 2 2 2 2 2 2 2 2 2 2 2 2 2 2 2 2 2 2 2 2 2 2 2 2 2 2 2 2 2 2 2 2 2 2 2 2 2 2 2 2 2 2 2
left_child=1 2 3 4 6 20 15 8 9 10 -8 -11 13 21 -6 16 24 39 19 43 -4 -2 23 31 25 -1 -26 -17 29 30 -14 46 44 34 -34 -31 -37 -33 -39 -18 -10 -42 -30 -7 45 -24 47 -20
right_child=12 -3 5 -5 14 18 7 -9 40 11 -12 -13 28 -15 -16 27 17 -19 22 -21 -22 -23 32 -25 26 -27 -28 -29 42 35 -32 37 33 -35 -36 36 -38 38 -40 -41 41 -43 -44 -45 -46 -47 -48 -49
leaf_value=-0.1045336568360619 0 -0.04325029098720392 0.0023346907520938897 -0.052544424461946453 0 0 0.0055308393378444157 -0.06306884426580385 0.041723061169841175 -0.12509404224949261 0.026780880023718617 0 0.028623107137965672 0.034606025316314654 -0.097973447908257516 0 0.040036138991171477 -0.10712832745273193 0.026138279762713344 -0.084839682671571215 -0.069783524760410817 -0.073458136390988346 0 -0.060517345153132278 0.008653731776681127 0.022128825230880646 0.032214520394032074 0.043442174418064652 0.016844672041329438 0.047884527095136131 -0.061976330213285025 0.01949311535763612 0.0049283637260370688 0.040083044780451195 -0.098827583890720591 -0.013533946391138677 0.032308027017962905 0 -0.10660457168296181 0 0.029816609881905078 -0.010764072218490923 -0.044858236299265358 0.040250275552568722 0.042138812198410758 0.038060868331901331 0.044964995614316182 0
leaf_weight=5.9375525601208237 7.5092372968792898 17.534330566879362 3.5546938478946668 15.990664605749769 2.1635851860046369 13.334107317030428 712.61673566908576 11.205468566855414 66.983651066198945 6.5320062935352308 178.10479460703209 2.1820911467075348 13.009045952931048 20.606572279706597 7.7045803759247065 16.348770439624786 11.184053659439092 8.8973645251244289 8.1014247536659258 8.6519063701853138 7.6555851730518043 7.7676768931560218 12.983528545126321 7.5299404184333971 85.099035088904202 24.906823856756091 172.43845799798146 100.87046795152128 7.7662534215487522 139.1148685850203 3.871516636107116 6.9883022708818299 9.1598309129476529 14.853107558563352 3.9576192181557426 7.0072275605052701 32.343168321065605 2.3773846998810768 2.72334966622293 11.418370537459849 20.372753472998742 10.79046622244641 3.5191629687324166 19.632294358685613 170.19685587054119 12.104687564074991 20.261271642521024 9.7520831823348981
leaf_count=35 19 1203 4 253 1 20 1155 137 33 43 177 3 16 25 47 29 3 51 5 67 80 59 30 83 109 28 130 34 16 23 42 9 14 7 27 29 24 3 18 19 13 30 44 7 84 5 3 18
internal_value=0 0.0148469 0.0154808 0.0131243 0.0139323 0.0254952 0.0145597 0.0104601 0.0114128 0.00886422 0.00992036 -0.0844946 0.0324499 0.000813959 -0.0651684 0.0237351 0.0180715 -0.0139265 0.0280183 0.000592209 -0.035919 -0.0366213 0.0316374 0.0113 0.021999 0 0.0249142 0.0381204 0.0373411 0.0396413 0.000409924 0.0245806 0.0363372 0.00883943 -0.0170955 0.0426547 0.0209829 0 -0.0415229 0.017375 0.0334905 0.0117831 0 0.026846 0.0396368 0.0176796 0.0343707 0.0153333
internal_weight=0 1823.1 1805.57 1471.75 1455.76 333.818 1445.89 1008.79 997.582 899.436 890.722 8.7141 242.515 35.8835 9.86817 437.101 319.882 31.4998 322.608 41.6183 11.2103 15.2769 280.989 57.7338 288.382 30.8444 257.537 117.219 206.631 195.346 16.8806 50.2038 223.256 27.9706 13.1175 178.465 39.3504 12.089 5.10073 22.6024 98.1469 31.1632 11.2854 32.9664 195.285 25.0882 38.1148 17.8535
internal_count=4314 4017 2814 2330 2077 484 2029 1591 1454 1378 1332 46 297 103 48 438 375 73 400 94 84 78 306 139 302 63 239 63 194 134 58 56 167 48 41 76 53 30 21 22 76 43 60 27 119 35 26 23
is_linear=0
shrinkage=0.0493048


Tree=77
num_leaves=62
num_cat=0
split_feature=46 64 64 15 64 73 62 80 74 79 45 38 56 73 52 64 80 64 73 83 46 47 65 7 42 64 63 13 60 68 7 29 49 12 15 74 53 54 67 75 83 80 2 60 40 12 40 54 38 61 2 74 73 47 41 54 7 46 3 3 64
split_gain=25.195 31.8771 30.2059 31.0407 22.7191 39.9541 51.7838 43.9882 28.6354 23.9935 66.812 58.1815 42.1208 36.3862 23.0555 49.2402 20.9865 24.1372 19.818 18.744 18.2896 39.46 17.8209 46.2113 16.2437 25.3945 26.5512 15.1906 49.0181 15.1856 11.9101 11.194 9.61515 17.8988 21.0305 9.23676 11.9899 8.84415 7.95058 21.4561 10.1552 7.09897 16.088 6.77877 23.023 6.29326 6.00677 17.8311 5.96564 23.0572 5.32995 5.98514 5.11777 4.73945 4.48326 8.82426 3.86565 3.46327 3.44688 11.3864 3.17014
threshold=14.500000000000002 53.45000000000001 18.850000000000005 1.0000000180025095e-35 3.2500000000000004 38.250000000000007 5.5000000000000009 41.250000000000007 1.9500000000000002 2.5000000000000004 6.5000000000000009 2.5000000000000004 0.86190476190476206 34.350000000000001 8.5000000000000018 6.4500000000000011 37.850000000000001 13.450000000000001 36.45000000000001 0.40000000000000019 12.500000000000002 40.150000000000013 2.5000000000000004 60.500000000000007 0.06904761904761901 5.0500000000000007 12.500000000000002 1.5000000000000002 0.12313266443701222 1106.0000000000002 1.0000000180025095e-35 1.0000000180025095e-35 0.63961038961038974 1.0000000180025095e-35 3.5000000000000004 1.0500000000000003 2.5000000000000004 37.650000000000013 1013.5000000000001 0.10555555555555557 -2.1499999999999999 35.45000000000001 5.5000000000000009 0.016001024065540152 36.850000000000001 6.5000000000000009 40.750000000000007 41.250000000000007 5.5000000000000009 0.051956815114709808 3.5000000000000004 1.3500000000000003 38.050000000000004 35.95000000000001 2.9500000000000006 36.050000000000004 9.5000000000000018 15.500000000000002 9.5000000000000018 20.500000000000004 2.9500000000000006
decision_type=2 2 2 2 2 2 2 2 2 2 2 2 2 2 2 2 2 2 2 2 2 2 2 2 2 2 2 2 2 2 2 2 2 2 2 2 2 2 2 2 2 2 2 2 2 2 2 2 2 2 2 2 2 2 2 2 2 2 2 2 2
left_child=1 2 4 -4 43 9 7 -7 22 24 11 19 14 -14 15 -12 29 37 -16 -11 27 -22 -8 -24 25 -6 -27 38 -29 30 -2 35 41 34 -34 56 -37 45 39 -5 -40 42 -31 44 -1 -18 52 -48 -33 -50 -45 -52 -42 -46 55 -55 -26 -39 -43 60 -60
right_child=16 -3 3 20 5 6 8 -9 -10 10 12 -13 13 -15 18 -17 17 -19 -20 -21 21 -23 23 -25 31 26 -28 28 -30 32 -32 48 33 -35 -36 36 -38 57 40 -41 46 58 -44 50 53 -47 47 -49 49 -51 51 -53 -54 54 -56 -57 -58 -59 59 -61 -62
leaf_value=-0.13229548567582383 0.015590718822532434 -0.04773518691793642 -0.05646805192775517 0.032930303365833802 0.022854401807139147 -0.10593392501328106 0.041078020490205917 0.024775389008179004 -0.08882877611034122 -0.082408510390192799 0.012100954819530137 -0.11458562767499168 0.013574092045113992 -0.10427237089284969 -0.0016755357146133268 -0.092647366124504207 -0.058817115068321976 -0.063309423199461687 0.022973631794698978 0.017347598356676271 -0.075375068082329688 0.038402083368936323 -0.10824336706282905 0.036700903381337344 0.020626795540367573 -0.13118222632436952 0 -0.078242244036743805 0.036674381141606802 -0.090423336938812313 -0.062319758005289869 0.016569718103117574 -0.070427572768435823 -0.076874686406062348 0.035014456667563407 0.029684956494138066 -0.040406204806975141 0.039061562678934118 -0.047111390789957935 -0.066473238616894512 0.037369614559027653 0.043705427495694477 0.036424162314367653 0.030430123111608965 0.040035068081392552 0.0026898804857528168 -0.058332143640220165 0.040245384985811435 0.013670349591207489 -0.12944500123207864 -0.033661894205039372 0.028460310411465631 0.011337840348767288 0 0.027950854144868465 -0.095417306137440747 0.039347752644622778 0 0 0.033796708414900012 -0.049111720093626944
leaf_weight=2.762870408594611 13.106524523347618 19.409847415052354 10.297847068868576 18.183217965066437 18.26589967682958 25.317069819662724 30.198953110724688 6.4174340562894931 7.2200827463529995 5.7466963324695852 33.129106764681637 20.658462448045611 8.4354438139125723 14.404776858165858 95.812005154788494 15.255197847262023 5.3834367766976339 11.59394310065545 296.50551972445101 20.926101760938764 13.0556474220939 16.000823029782623 8.4589735334739107 12.975696057081221 85.192899665795267 6.9058462902903539 5.6641807481646538 13.172198221553115 28.452262077480555 3.3152791289612624 6.7053622896783045 4.5310503691434851 4.4590541296638539 4.441023903200402 43.037161705084145 13.924556668847801 10.284407166764138 25.208924766629934 2.4818678656592956 7.2993324412964276 349.29844304639846 219.23224643943831 8.8025851249694824 165.19052162207663 11.531294971704485 4.2104972973465919 6.6307344257365921 12.726852249354124 4.3269207775592786 4.1705468557775021 6.9581388495862475 8.1470378637313825 34.393160867737606 5.015644967555998 6.4214123636484146 2.9651917219161987 117.92993490956724 12.064929500222204 2.8386782854795447 43.796829584054649 4.9444719916209579
leaf_count=16 41 1042 153 8 14 170 14 6 44 31 39 142 8 80 154 95 32 207 271 23 109 12 57 4 85 38 7 140 20 42 105 2 58 49 52 7 35 10 24 66 197 82 2 151 5 3 63 2 2 27 18 5 70 9 3 16 55 25 3 38 26
internal_value=0 0.0135552 0.0143807 0.0244055 0.00951998 0.0058339 -0.0247806 -0.0755892 0.000532238 0.00953993 0.00296267 -0.0524401 0.0088914 -0.0553574 0.0125074 -0.0183992 0.0276506 0 0.0166372 0 0.026317 -0.00847418 0.0154849 -0.0147889 0.0214696 -0.00936607 -0.0659874 0.0287194 0 0.032162 -0.00457434 0.0259436 0.034707 0.0115248 0.0224558 0.0286822 0 0.0160425 0.0314662 0 0.0331661 0.0385211 0 0.0243131 0 -0.0189944 0.0339729 2.31619e-05 -0.0122728 -0.042232 0.0278671 0 0.0353615 0.0164368 0 -0.0270286 0.0321127 0.0284027 0.0401744 0.0227384 -0.0234578
internal_weight=0 1613.05 1593.64 511.992 1081.65 872.658 90.5882 31.7345 58.8537 782.07 510.873 47.3313 463.542 22.8402 440.702 48.3843 413.141 58.4617 392.318 26.6728 501.695 29.0565 51.6336 21.4347 271.196 30.8359 12.57 472.638 41.6245 354.679 19.8119 240.36 334.867 51.9372 47.4962 227.332 24.209 46.8678 431.014 25.4826 405.531 282.93 12.1179 208.992 28.6964 9.59393 403.049 19.3576 13.0285 8.49747 180.296 15.1052 383.692 25.9335 14.4022 7.98084 203.123 37.2739 270.812 51.58 7.78315
internal_count=4314 3539 2497 864 1633 1410 295 176 119 1115 843 196 647 88 559 134 775 277 425 54 711 121 75 61 272 59 45 590 160 498 146 213 352 159 110 182 42 70 430 74 356 193 44 223 49 35 332 65 31 29 174 23 267 33 28 25 140 35 149 67 29
is_linear=0
shrinkage=0.0493048


Tree=78
num_leaves=48
num_cat=0
split_feature=66 64 81 12 64 81 73 3 64 47 82 40 64 38 4 41 54 64 27 3 74 64 64 64 64 65 71 64 47 82 83 67 5 13 19 19 60 56 57 45 19 58 63 74 63 64 64
split_gain=24.3252 22.8892 15.3516 41.7148 27.5208 24.2668 20.2958 47.248 96.7021 38.1152 18.3826 15.2562 20.5543 15.29 15.0324 12.8418 16.4731 12.1878 11.6992 42.6529 10.599 31.8622 9.83931 8.85615 8.68086 8.19219 7.82007 19.0307 7.33819 7.2252 24.5242 5.68591 5.4861 5.48537 9.58665 12.6353 4.14657 7.33297 3.68795 2.98904 1.37449 3.71217 0.984687 0.273561 0.263 0.047532 0.409339
threshold=1698.5000000000002 58.650000000000013 1.8500000000000003 9.5000000000000018 39.150000000000013 1.7500000000000002 38.250000000000007 27.500000000000004 5.1500000000000012 43.750000000000007 0.13809523809523808 36.350000000000001 30.900000000000002 6.5000000000000009 1.5000000000000002 0.95000000000000007 38.750000000000007 3.1500000000000008 4.5000000000000009 37.500000000000007 0.75000000000000011 6.8500000000000005 2.9500000000000006 2.4500000000000006 17.550000000000004 2.5000000000000004 11.500000000000002 15.450000000000001 37.050000000000004 0.06904761904761901 -0.8999999999999998 1375.0000000000002 1.0000000180025095e-35 1.0000000180025095e-35 30.500000000000004 2.5000000000000004 0.018693221523410155 0.4330357142857143 -1.7499999999999998 9.5000000000000018 1.0000000180025095e-35 17.500000000000004 10.500000000000002 -1.0000000180025095e-35 2.5000000000000004 12.750000000000002 4.0500000000000007
decision_type=2 2 2 2 2 2 2 2 2 2 2 2 2 2 2 2 2 2 2 2 2 2 2 2 2 2 2 2 2 2 2 2 2 2 2 2 2 2 2 2 2 2 2 2 2 2 2
left_child=1 2 3 4 5 6 11 8 28 -10 23 18 13 -13 22 16 25 -7 24 -20 21 38 -9 -4 -1 -2 27 32 -8 -17 -31 42 45 40 35 -35 -34 -38 -12 -33 41 -28 44 -40 -32 46 -22
right_child=15 -3 10 -5 -6 17 7 14 9 -11 20 12 -14 -15 -16 29 -18 -19 19 -21 26 -23 -24 -25 -26 -27 33 -29 -30 30 31 39 36 34 -36 -37 37 -39 43 -41 -42 -43 -44 -45 -46 -47 -48
leaf_value=0.018330433795428421 0 -0.042522555009099954 0.0025382935892533961 -0.11817627332029419 -0.051643097595854802 0 0.040293936656017042 0.019840181415235317 -0.10293570217090127 0.016357736248536689 0.040099483432198678 2.9670075718974475e-05 -0.060759025971345547 0.016782947127578916 0.038941432936447376 0.045188636177778005 0.033528630901985275 -0.094643831646004623 -0.14378284227323665 0.026196837930315936 0.02448492695459881 -0.081472445188868078 -0.058807626243215401 -0.067772839603491286 0.035532715939829665 -0.071648096564124741 0 -0.059376923411294094 0 -0.067688305928486278 0.018971247701386237 0.01378069052610215 0.018741949152653578 0.0036709597386556593 0.0393407112780386 -0.092895192437422919 0 -0.10191671110753128 0.010973511445726522 -0.045050840457560769 0.041495416934588303 0.037114777401798645 0.042344942063766322 0 0 0.044377510362722174 0
leaf_weight=201.47810222022235 7.4679574221372587 16.103086500428617 3.552286855876444 5.7187398048117748 15.077120268950237 2.1056604385375959 23.570131085813046 5.3882133364677411 34.866557024884969 5.8800177574157706 18.904427457600836 185.34476355928928 8.6285679033026081 646.71989737823606 56.122310489881784 120.19106793915853 19.3012904105708 7.4133888278156519 4.5700203478336361 14.348362331744282 7.6938911080360439 8.3987079127691668 7.060258055338636 7.2691667617764324 174.9544964004308 7.4120520586147904 12.733424903824927 7.1353049757890394 19.035756558179855 6.0576611161231986 6.0351466736756256 5.1756821423768979 6.7917974954470974 8.8671057522296888 13.954078144393861 3.9069432038813838 2.530199259519577 2.4217463321983814 5.4885000772774237 3.058627225458622 158.97784666204825 11.331472188234327 43.437043495476246 7.4207778368145192 8.5302950921468419 18.897417716681957 9.5731569863855821
leaf_count=220 16 1203 4 41 252 1 13 3 252 6 7 361 101 766 37 44 25 47 30 18 5 67 34 80 108 62 30 83 40 60 9 8 9 14 7 27 4 17 3 28 84 5 21 17 24 3 18
internal_value=0 0.013997 0.0145944 0.0122292 0.0128481 0.0136341 0.014246 -0.00204631 -0.0277321 -0.0826724 0.0248188 0.0163491 0.0122913 0.0132007 0.0273623 0.0317334 4.04108e-05 -0.0623031 0.0246614 -0.00848804 0.0272919 0.000393844 -0.0148427 -0.0333021 0.0266583 -0.035038 0.0309063 0.0108489 0.0219184 0.0367145 0.0208921 0.0309002 0.0239365 0.0355741 0.00810389 -0.016324 0 -0.0392531 0.0259747 0 0.0389038 0.0165891 0.036448 0 0.0102872 0.0335748 0.0145007
internal_weight=0 1750.23 1734.13 1418.28 1412.56 1397.49 1387.97 151.923 83.3525 40.7466 315.848 1236.04 840.693 832.065 68.5708 226.667 34.1813 9.51905 395.351 18.9184 305.027 40.2124 12.4485 10.8215 376.433 14.88 264.814 55.0435 42.6059 192.486 72.2945 66.2368 47.9082 209.771 26.7281 12.774 11.7437 4.95195 31.8137 8.23431 183.043 24.0649 58.0025 12.9093 14.5654 36.1645 17.267
internal_count=4314 4017 2814 2330 2289 2037 1989 385 311 258 484 1604 1228 1127 74 297 103 48 376 48 400 94 37 84 328 78 306 139 53 194 150 90 56 167 48 41 30 21 27 36 119 35 54 20 33 26 23
is_linear=0
shrinkage=0.0493048


Tree=79
num_leaves=62
num_cat=0
split_feature=46 64 64 15 64 73 62 80 74 79 45 38 56 73 52 64 74 80 64 73 83 67 63 65 7 42 64 63 40 29 73 75 83 6 42 63 49 31 68 38 49 29 80 74 53 68 40 59 64 54 55 75 65 2 7 60 55 82 63 59 40
split_gain=23.8629 28.1503 27.8987 28.7027 20.8256 34.2702 45.0366 38.265 25.1102 22.466 60.6842 52.582 37.8998 33.2854 20.942 44.837 20.1969 26.9195 21.4238 18.6344 17.0423 16.6051 36.2378 16.2144 39.5169 15.2256 22.806 23.9384 14.3393 25.9026 13.2359 45.24 18.9076 12.2995 18.6705 23.3508 11.0159 20.8221 10.4445 21.3175 12.4105 10.3074 31.2253 8.87907 10.9054 6.7807 16.681 6.93829 5.45829 5.29685 4.74179 4.49339 4.14477 4.10555 3.8968 3.6984 3.75373 2.82272 2.55909 1.75863 1.73271
threshold=14.500000000000002 53.45000000000001 18.850000000000005 1.0000000180025095e-35 3.2500000000000004 38.250000000000007 5.5000000000000009 41.250000000000007 1.9500000000000002 2.5000000000000004 6.5000000000000009 2.5000000000000004 0.86190476190476206 34.350000000000001 8.5000000000000018 6.4500000000000011 1.3500000000000003 37.95000000000001 23.350000000000005 36.050000000000004 0.40000000000000019 1013.5000000000001 12.500000000000002 2.5000000000000004 60.500000000000007 0.06904761904761901 5.0500000000000007 12.500000000000002 40.750000000000007 2.5000000000000004 38.050000000000004 0.12916666666666668 -2.1499999999999999 1.0000000180025095e-35 0.25833333333333336 2.5000000000000004 0.63961038961038974 1.0000000180025095e-35 1558.5000000000002 -1.0000000180025095e-35 0.18465909090909091 1.0000000180025095e-35 38.050000000000004 1.0500000000000003 2.5000000000000004 1404.5000000000002 37.050000000000004 -64.999999999999986 13.250000000000002 35.650000000000013 0.75000000000000011 0.18465909090909091 4.5000000000000009 3.5000000000000004 9.5000000000000018 0.043321864247732204 2.1500000000000008 0.67708333333333337 1.5000000000000002 1.0000000180025095e-35 35.750000000000007
decision_type=2 2 2 2 2 2 2 2 2 2 2 2 2 2 2 2 2 2 2 2 2 2 2 2 2 2 2 2 2 2 2 2 2 2 2 2 2 2 2 2 2 2 2 2 2 2 2 2 2 2 2 2 2 2 2 2 2 2 2 2 2
left_child=1 2 4 -4 45 9 7 -7 23 25 11 20 14 -14 15 -12 17 18 33 -16 -11 22 -5 -8 -25 26 -6 -28 30 -30 32 -32 -23 34 48 -36 49 -38 40 -40 -34 43 -43 54 -45 53 -47 -48 -2 -18 -35 55 -39 57 -27 -51 -57 59 -22 60 -1
right_child=16 -3 3 21 5 6 8 -9 -10 10 12 -13 13 -15 19 -17 36 -19 -20 -21 58 28 -24 24 -26 41 27 -29 29 -31 31 -33 38 50 35 -37 37 52 39 -41 -42 42 -44 44 -46 46 47 -49 -50 51 -52 -53 -54 -55 -56 56 -58 -59 -60 -61 -62
leaf_value=0.002706017571231401 0 -0.047017377667166842 -0.055816533162623888 -0.078661833632368991 0.021549854114697491 -0.10033602534726031 0.040343006580954181 0.023392992176598661 -0.083840974239855787 -0.079263039681545674 0.011011568758413963 -0.11050782316251563 0.012848846427183617 -0.1003047372440717 -0.0057454796135635528 -0.090009369324270366 0 -0.069072107912869385 -0.064989909231167015 0.020908631118876062 0.037167326009496654 -0.071288770735943544 0.032091669718041102 -0.10028381482717491 0.03555985583413445 0.019546392946757234 -0.12467491272861804 0 -0.062583837807282827 0.039586896135051147 0.038320345572166188 -0.076701804712284868 0 0 0.00066061539490522823 -0.12895411630211581 -0.089334365652110032 0.039085741800335104 0.034808103886925464 -0.086336361512029544 0.037850984387197729 -0.12384532778507039 0.033691066255866209 0.028577649147791855 -0.03863517730522769 -0.08276822510430458 0.033733405238910663 -0.0081146369597707071 0.039131354933262433 0.025021248276873371 0.036936084360702434 0.042291214163348398 0 0 0.038530354564004908 -0.068788480950445291 0 0 0 0.00055161591346511072 0.036067686746824527
leaf_weight=12.441682182252405 8.5666046198457479 17.980894953943789 9.8601379089523089 11.516792728332804 17.512797020375732 24.610126042272899 28.536783542484045 6.0654794266447416 7.0656891558319321 5.6918567996472147 32.323126586154103 20.338885318953544 8.2422865405678767 14.242161288857458 71.750689165666699 14.873340685386209 11.403629346750675 9.0944232780020666 6.5738095319829872 309.43846919760108 8.4183700084686297 3.4060660335235289 17.660312030464411 8.3938459064811486 12.116569578647612 82.792887444607913 6.9334473311901075 5.600345715880394 11.50270445458591 11.776274366304278 26.485542081994936 12.040036788210271 18.327628531027585 12.295516105368732 4.1940312758088094 5.5203658426180482 4.746136654866862 14.723059117794039 10.371636331081389 5.226803316269069 345.12689057202078 4.4288554526865456 8.1567606851458549 13.369938373565676 10.39266864210367 4.6331206671893588 21.728523582220078 10.380677957087753 15.021125361323357 12.692562643438579 74.2789405900985 204.68378388881683 2.0001589553430668 12.096386626362799 111.97558722831309 2.2482177177444091 2.3338393457233906 12.584405519068239 11.997245714999734 11.954312831163405 115.6547317802906
leaf_count=17 24 1042 153 111 14 170 14 6 44 31 39 142 8 80 123 95 35 95 144 302 2 30 21 57 4 85 38 7 115 2 22 106 48 25 5 35 87 7 2 41 213 27 4 7 35 19 16 21 3 19 46 151 72 19 55 20 7 20 21 20 91
internal_value=0 0.0127389 0.0135234 0.0234792 0.00880723 0.00522046 -0.0237426 -0.0718232 0.000354916 0.00869939 0.00226632 -0.0510155 0.00803436 -0.0533466 0.0115503 -0.0182331 0.0268292 0.0101243 0.0168204 0.0155653 0 0.0253972 -0.00740893 0.0150674 -0.0140555 0.0204715 -0.00967716 -0.0631431 0.027832 -0.00558203 0.0299754 0 0.0327589 0.0223609 0 -0.0604329 0.035224 0 0.0340282 0 0.0357415 0.0249298 -0.012077 0.0276316 0 0.0232347 0.000397694 0.0163415 0.0203523 0.0383354 0.0322102 0.0400387 0.0272777 0.0275726 0.0311037 0.00613424 -0.0190449 0.0297633 0.0163329 0.0318499 0.0337994
internal_weight=0 1548.02 1530.04 483.301 1046.74 845.268 86.7885 30.6756 56.1129 758.48 497.316 46.4464 450.87 22.4844 428.386 47.1965 390.376 135.545 126.45 381.189 26.1075 473.441 29.1771 49.0472 20.5104 261.163 30.0466 12.5338 444.264 23.279 420.985 38.5256 382.459 119.877 33.3021 9.7144 254.831 21.4694 379.053 15.5984 363.455 231.117 12.5856 218.531 23.7626 201.474 36.7423 32.1092 23.5877 233.362 86.5745 221.958 16.7232 164.732 194.768 17.2746 4.58206 152.635 20.4156 140.051 128.096
internal_count=4314 3539 2497 864 1633 1410 295 176 119 1115 843 196 647 88 559 134 775 377 282 425 54 711 132 75 61 272 59 45 579 117 462 128 334 138 67 40 398 166 304 43 261 213 31 182 42 223 56 37 27 232 71 197 79 167 140 46 27 148 23 128 108
is_linear=0
shrinkage=0.0493048


Tree=80
num_leaves=51
num_cat=0
split_feature=66 64 81 12 64 81 40 64 31 31 82 41 54 64 56 82 83 47 83 0 74 7 17 64 46 41 1 13 3 63 47 82 57 73 66 73 75 61 61 42 3 64 82 39 41 45 45 45 52 16
split_gain=23.2799 20.0852 14.8666 37.4577 24.5727 21.2917 18.8276 20.8431 19.04 26.9375 16.3767 12.1891 14.5186 11.164 10.1959 19.3155 13.4761 21.8149 13.0339 10.6329 9.97937 29.0439 24.343 8.21848 7.67929 7.10371 6.89994 13.5667 8.07039 6.88683 6.0753 8.37994 4.78277 8.83641 11.2222 5.25088 4.63396 4.44452 11.1035 4.08029 3.0782 5.48014 0.848474 0.360437 2.4126 0.337158 0.328507 0.537836 0.127009 0.0100149
threshold=1698.5000000000002 58.650000000000013 1.8500000000000003 9.5000000000000018 39.150000000000013 1.7500000000000002 36.350000000000001 30.900000000000002 16.500000000000004 10.500000000000002 0.13809523809523808 0.95000000000000007 38.750000000000007 3.1500000000000008 0.74166666666666681 0.56696428571428581 -1.9499999999999997 14.050000000000002 2.0500000000000007 1.0000000180025095e-35 0.95000000000000007 4.5000000000000009 1.5000000000000002 2.4500000000000006 3.5000000000000004 0.95000000000000007 1.5000000000000002 1.5000000000000002 5.5000000000000009 10.500000000000002 35.350000000000001 0.26969696969696971 -1.0000000180025095e-35 37.350000000000001 791.50000000000011 38.95000000000001 0.19375000000000003 0.32663164275611234 0.16035714285714289 0.095454545454545472 1.0000000180025095e-35 3.6500000000000008 0.4330357142857143 12.500000000000002 2.9500000000000006 12.500000000000002 4.5000000000000009 11.500000000000002 155.00000000000003 1.0000000180025095e-35
decision_type=2 2 2 2 2 2 2 2 2 2 2 2 2 2 2 2 2 2 2 2 2 2 2 2 2 2 2 2 2 2 2 2 2 2 2 2 2 2 2 2 2 2 2 2 2 2 2 2 2 2
left_child=1 2 3 4 5 6 14 8 9 -8 23 12 24 -7 16 25 17 -1 -17 -18 21 39 -23 -4 -2 -16 28 29 40 -28 31 -22 45 34 -34 42 -10 38 -29 -12 -13 -42 -35 44 -41 46 -32 -48 -37 -24
right_child=11 -3 10 -5 -6 13 7 -9 36 -11 20 26 -14 -15 15 18 19 -19 -20 -21 30 22 49 -25 -26 -27 27 37 -30 -31 32 -33 33 35 -36 48 -38 -39 -40 43 41 -43 -44 -45 -46 -47 47 -49 -50 -51
leaf_value=0.030443901052275624 0 -0.041797096886881595 0.0018171021513924909 -0.11337909414077747 -0.050680591783988788 0 0.0087031452218671052 -0.060514436644241512 0.040927083416510808 -0.077653530085196751 0.042201214655946839 0.024732658361637207 0.032442152989706416 -0.091482082414921922 -0.0070570235754345888 -0.10246449872472538 0.013318528628679596 -0.078271543832604276 0 0.034145449025428994 0.022495661368229204 -0.10268610687986152 0.0038208595163098831 -0.065910163750344558 -0.068806445358225235 0.033759916327603307 -0.086961548696103674 0.027111879264400191 0.046898143590966987 0 0.028625409636023311 -0.062960245886637803 0.020148176594833773 0.00040317974096123018 -0.069858878161846591 -0.0054287447881119612 0.0097200074320572122 0.041437364591986249 -0.082401225363017208 -0.045620543235695997 0 -0.068712663085105513 0.036084037496085283 0.012324600627900653 0.0066285572039581674 0.04359169242575079 0 0.01673182413557454 0.0042109789915874898 0
leaf_weight=8.7031971886754054 7.1988016432151181 14.865098900161682 3.5156973004341108 5.6017506984062484 14.219735057209617 2.0387628078460676 831.74094936740585 9.7428758791647834 60.6009228117764 8.5771814249455911 26.130201259627938 9.1624243888072652 18.142870773561299 7.1123646441847086 11.461083395406602 6.5701432097703201 113.14608090091497 7.7859627753496161 2.066472053527832 225.3164334250614 10.677020912989972 8.9483408797532338 3.5006867442280036 6.924085772363469 7.3230897085741162 22.777518451213837 3.7314928825944653 11.384306111373006 118.47090381104499 3.4861057861708105 7.8417814448475864 3.7376069179736069 5.7377964872866851 9.1493716016411764 5.444692371180281 8.8120939123909903 29.035224945750087 24.703249822370708 2.7051384123042217 2.664709344506262 2.926801308989524 3.1809382997453213 57.681818244978786 5.7344148308038703 5.6131768766790628 108.63594623841345 6.1126630669459683 4.6361899739131331 2.675520420074462 4.7551571826916188
leaf_count=2 19 1203 4 41 252 1 1308 131 32 46 7 17 25 47 34 41 156 46 1 136 13 57 4 80 59 13 29 18 30 14 2 28 3 25 40 52 43 13 30 24 3 40 35 5 6 39 37 6 1 16
internal_value=0 0.0131737 0.0137399 0.0113855 0.0119933 0.0127486 0.0133384 0.0093036 0.010171 0.00767061 0.0240839 0.0310668 0 -0.0596382 0.0225546 0 0.0252978 -0.0134201 -0.0658977 0.0275525 0.0265225 0.00534292 -0.0454217 -0.0312986 -0.0333229 0.0164752 0.0361292 0.0150474 0.0424467 -0.0402271 0.0312377 0 0.033299 0.0213057 -0.0126689 0.027747 0.0322126 0.0285604 0 0.0302146 0 -0.0173904 0.0330616 0 0 0.0407509 0.017425 0 0 0.00181331
internal_weight=0 1680.29 1665.43 1366.5 1360.89 1346.68 1337.52 939.697 929.954 840.318 298.929 212.416 32.6648 9.15113 397.827 42.8752 354.952 16.4892 8.63662 338.463 288.489 57.3467 17.2042 10.4398 14.5219 34.2386 179.751 46.0103 133.741 7.2176 231.143 14.4146 216.728 89.5013 11.1825 78.3188 89.6361 38.7927 14.0894 40.1425 15.2702 6.10774 66.8312 14.0123 8.27789 127.227 18.5906 10.7489 11.4876 8.25584
internal_count=4314 4017 2814 2330 2289 2037 1989 1560 1429 1354 484 297 103 48 429 89 340 48 42 292 400 119 77 84 78 47 194 104 90 43 281 41 240 156 43 113 75 61 48 42 60 43 60 35 30 84 45 43 53 20
is_linear=0
shrinkage=0.0493048


Tree=81
num_leaves=59
num_cat=0
split_feature=66 64 55 40 6 31 78 78 65 4 17 53 40 83 1 74 61 41 54 83 11 54 59 75 75 63 60 66 68 42 65 42 60 49 59 60 56 56 65 1 56 3 41 57 61 80 82 82 67 61 64 82 64 61 14 47 60 40
split_gain=22.5952 18.7754 14.5914 22.9478 26.9075 28.0035 34.692 58.9445 77.8743 34.2928 83.74 35.9205 28.5681 19.6253 15.4081 14.9232 18.8271 11.6896 13.3859 11.502 16.8929 9.51625 30.0101 9.13386 8.78879 11.3557 8.68095 11.9883 12.7022 8.12993 11.1269 8.0448 21.0438 22.3187 10.7831 7.34703 7.84728 17.5535 7.20693 6.70505 15.0374 7.74201 6.48596 5.81124 5.80584 5.74103 12.7634 9.36118 5.56403 3.82827 6.41148 3.51079 4.54985 3.50786 3.36728 1.84819 1.37232 0.77055
threshold=1698.5000000000002 58.650000000000013 2.1500000000000008 36.350000000000001 9.5000000000000018 16.500000000000004 105.00000000000001 25.000000000000004 4.5000000000000009 2.5000000000000004 1.5000000000000002 11.500000000000002 37.850000000000001 0.25000000000000006 1.5000000000000002 1.2500000000000002 0.2175666199158485 0.95000000000000007 38.750000000000007 -2.0499999999999994 1.5000000000000002 40.550000000000004 -349.99999999999994 0.94281045751633996 0.93095238095238109 12.500000000000002 0.12829175329175327 1079.5000000000002 225.50000000000003 0.24038461538461539 1.5000000000000002 0.85164835164835173 0.040595473522302757 0.30384615384615393 -249.99999999999997 -1.0000000180025095e-35 0.74166666666666681 0.93541666666666667 2.5000000000000004 1.5000000000000002 0.23303167420814477 5.5000000000000009 0.35000000000000003 1.7500000000000002 0.32663164275611234 37.750000000000007 0.12916666666666668 0.13809523809523808 1184.5000000000002 0.16035714285714289 2.6500000000000008 0.94281045751633996 3.6500000000000008 0.17153518123667377 2.5000000000000004 36.850000000000001 0.099549549549549574 38.050000000000004
decision_type=2 2 2 2 2 2 2 2 2 2 2 2 2 2 2 2 2 2 2 2 2 2 2 2 2 2 2 2 2 2 2 2 2 2 2 2 2 2 2 2 2 2 2 2 2 2 2 2 2 2 2 2 2 2 2 2 2 2
left_child=1 2 3 15 5 6 7 9 12 11 -11 -5 -9 14 -8 19 23 18 38 20 -1 24 -23 -17 31 -26 35 -28 -29 -18 -31 32 45 -34 -35 -21 42 -38 -2 41 -41 51 -37 -36 49 46 -4 -48 54 -42 -51 52 -19 56 -15 -33 -7 -10
right_child=17 -3 21 4 -6 53 13 8 57 10 -12 -13 -14 48 -16 16 29 39 -20 26 -22 22 -24 -25 25 -27 27 28 -30 30 -32 55 33 34 43 36 37 -39 -40 40 44 -43 -44 -45 -46 -47 47 -49 -50 50 -52 -53 -54 -55 -56 -57 -58 -59
leaf_value=-0.084882334290938374 0 -0.0414123017681918 0.029791437804785319 0.014186602320796006 -0.10031611995062226 -0.001372076026113375 -0.10419914524770503 -0.067297228863945055 -0.15662094893112119 -0.10901229032605468 0.0095768577595397742 -0.020782406458476229 0.01079792834296248 -0.006953140758264773 0.00467094540753063 -0.091557432030734756 0.034780658568341838 0 0.031740945762653322 -0.051219511109496588 0.022854041907144549 0.029813336446233074 -0.08932345658078221 0 -0.082326230062176181 0.016130025762307494 0.023896814604259058 0 -0.10745720208197372 0.01520832875689414 -0.076135488295839424 0.013509421259085705 -0.094531605953597608 -0.065226702127618885 -0.011079230052335486 0.019972681658150131 -0.038476470855758754 0.033807644228292882 -0.067599455062870115 -0.066629173290116472 0.01866456921836563 0.046669484991521584 0.038344233429954841 0.025032058760060608 0.042000171083879899 0.040855544521356271 0 -0.080093683861471768 0.03976972334801801 0 -0.088793704541829457 0.028671519127534961 -0.056812593359460144 0.038981076898963948 0.030316132654590225 0.042885904169044781 0.02338892099928435 -0.081364468769881612
leaf_weight=5.6699519208632392 7.3360758870840055 14.278497837949542 26.8445668972563 500.01622180349659 5.5096560555975875 7.541443885304032 4.4093846064060909 14.812057295814155 9.1490285142790544 21.222446491476148 40.488902383018285 80.734697917941958 43.316072532907128 11.021980265155436 4.7438716944307089 7.8259928363841009 17.069368595723066 2.9268013089895222 17.642799810040742 1.6787556335329998 6.6168717909604311 15.978063048794867 7.3432981148362151 2.0817065462470055 4.0321428794413787 5.6724424213171005 10.602141689509155 2.4473908543586722 4.6415457837283611 5.5448772162199003 4.8458205070346594 19.707767759915441 5.987967647612094 4.2442786972969762 10.087825324852018 116.52683431562036 13.072484530508516 20.428132242988795 7.023559665074572 4.1500453911721698 12.040619927924128 113.31050713080913 173.92579771042801 35.199898795224726 23.591935004107654 71.293564882595092 3.2090470492839795 5.2363053187727928 95.271449696272612 2.3660663068294516 2.5896140784025192 8.1019823867827654 3.9647246934473515 72.080658847466111 8.4691930003464204 93.84106328827329 6.0456883907318115 13.37651767558418
leaf_count=44 16 1203 27 896 47 20 31 53 71 135 92 234 62 29 5 57 13 3 25 8 5 20 56 5 29 5 10 2 27 5 35 25 48 39 38 116 40 14 62 40 22 30 94 46 13 54 2 41 43 2 27 3 54 46 4 42 3 96
internal_value=0 0.0127485 0.0132967 0.010879 0.00649562 0.00726354 0.00437709 7.3071e-05 -0.0394703 0.00523265 -0.0292296 0.00911025 -0.00699192 0.0284833 -0.0344323 0.0210263 -0.0060556 0.0306706 0 0.024222 -0.0168676 0.023318 -0.00245128 -0.0662879 0.0258598 -0.012154 0.0260562 -0.00153545 -0.0569611 0.011209 -0.0155725 0.0276505 0.0190058 -0.00365135 0.00488398 0.027937 0.0287364 0.00188277 -0.0319916 0.0357604 0.0146298 0.0421537 0.031405 0.0142424 0.0260483 0.0319717 0.010482 -0.0361038 0.0345932 0 -0.0319701 0 -0.0163276 0.034339 0.00289703 0.0388876 0.000547553 -0.117633
internal_weight=0 1654.14 1639.87 1331.19 938.209 932.7 847.032 723.116 80.6537 642.462 61.7113 580.751 58.1281 123.916 9.15326 392.978 37.3678 205.045 32.0024 355.61 12.2868 308.678 23.3214 9.9077 285.357 9.70459 343.323 17.6911 7.08894 27.4601 10.3907 275.652 162.103 55.52 49.532 325.632 323.953 33.5006 14.3596 173.042 44.7383 128.304 290.453 45.2877 40.5882 106.583 35.2899 8.44535 114.763 16.9963 4.95568 14.9935 6.89153 85.6678 19.4912 113.549 13.5871 22.5255
internal_count=4314 4017 2814 2342 1867 1820 1751 1639 282 1357 227 1130 115 112 36 475 115 297 103 360 49 472 76 62 396 34 311 39 29 53 40 362 295 171 123 272 264 54 78 194 104 90 210 84 64 124 70 43 76 51 29 60 57 69 33 67 23 167
is_linear=0
shrinkage=0.0493048


Tree=82
num_leaves=62
num_cat=0
split_feature=46 64 64 65 13 49 31 79 64 52 73 56 68 40 83 27 48 80 80 64 15 38 81 72 55 68 66 61 83 31 19 14 45 60 64 61 71 82 62 45 54 67 71 80 56 42 12 78 74 82 45 67 60 4 6 71 65 16 54 46 46
split_gain=22.8147 23.4239 25.8848 36.1236 31.8048 22.7397 18.8289 25.47 38.1776 59.8695 62.8726 43.6095 35.2311 34.0988 42.5069 19.8021 34.6235 27.4722 18.0185 19.0133 17.5409 15.3357 37.0727 16.9588 31.4369 12.6144 11.3757 10.3197 9.41468 33.7647 9.37077 11.1273 8.84129 8.47869 12.775 16.8127 7.56593 18.3486 7.25147 14.0282 6.75733 6.59371 6.30749 5.45847 4.99165 19.8703 4.93619 4.81325 4.51495 19.981 8.01234 4.27072 4.10131 3.99533 3.66932 5.86023 3.76674 3.32946 3.21902 3.09871 2.34709
threshold=14.500000000000002 53.45000000000001 21.950000000000003 8.5000000000000018 2.5000000000000004 0.080128205128205107 8.5000000000000018 2.5000000000000004 3.7500000000000004 8.5000000000000018 38.150000000000013 0.85164835164835173 677.00000000000011 35.95000000000001 -2.8499999999999992 5.5000000000000009 1.0500000000000003 37.850000000000001 37.850000000000001 13.450000000000001 1.0000000180025095e-35 6.5000000000000009 2.5500000000000003 12.500000000000002 3.9500000000000006 1106.0000000000002 1171.0000000000002 0.15349965349965347 -1.9499999999999997 1.0000000180025095e-35 3.5000000000000004 1.5000000000000002 5.5000000000000009 0.12829175329175327 3.4500000000000006 0.53137254901960795 2.5000000000000004 0.80625000000000013 3.5000000000000004 11.500000000000002 37.650000000000013 1013.5000000000001 55.000000000000007 35.250000000000007 0.56696428571428581 0.55050505050505061 6.5000000000000009 7.5000000000000009 1.8500000000000003 0.87083333333333346 65.000000000000014 275.50000000000006 0.076629477392836168 2.5000000000000004 9.5000000000000018 125.00000000000001 1.5000000000000002 1.5000000000000002 36.550000000000004 15.500000000000002 8.5000000000000018
decision_type=2 2 2 2 2 2 2 2 2 2 2 2 2 2 2 2 2 2 2 2 2 2 2 2 2 2 2 2 2 2 2 2 2 2 2 2 2 2 2 2 2 2 2 2 2 2 2 2 2 2 2 2 2 2 2 2 2 2 2 2 2
left_child=1 2 3 6 5 -4 7 15 32 13 11 -11 -12 26 -15 33 17 -17 25 40 -7 22 -22 41 -25 27 -10 -2 29 -27 -31 -32 36 38 -35 -36 -9 -38 39 -1 46 51 52 -44 -30 58 -20 -18 50 -50 54 -23 -34 -40 60 56 -56 -43 -46 -42 -8
right_child=18 -3 4 -5 -6 20 48 8 9 10 12 -13 -14 14 -16 16 47 -19 19 -21 21 23 -24 24 -26 28 -28 -29 44 30 31 -33 42 34 35 -37 37 -39 53 -41 59 57 43 -45 45 -47 -48 -49 49 -51 -52 -53 -54 -55 55 -57 -58 -59 -60 -61 -62
leaf_value=0.01910116921812071 0.014725663036846066 -0.045938314578353075 -0.068026013003065766 -0.1024512068681139 -0.071322746731872944 -0.044690516019938342 0.02077892088943958 0.011538713142201349 0.027387070369510942 0.011761366689349647 0 -0.064551195095763333 -0.093449266562361633 0.014185711830350977 -0.09540985736119334 -0.18590046046667372 -0.0097396628766999171 0 -0.053223794410580449 -0.06075675520079276 -0.066971261303838278 0.02051969483889737 0.038433218643145473 -0.08953867940379763 0.038688060372915993 -0.11059032464695236 -0.061113899213264378 -0.060323044215789483 0.040921826766508844 0.040706511956529683 -0.086359467353375352 0.017581152177647812 0.035936407620008153 0.019426095396398453 -0.11323505219187993 0.0042086109222695739 -0.12898026566401716 0.0062521434756211284 0.030654411926129062 -0.040108256022682864 0.03687577177043394 0.040007506096178036 0.01975455389271865 -0.045647316963384421 0.037191771747891969 -0.071102978049033788 0 0.034893747093525246 -0.077709813217341703 0.038772694040963576 -0.0051389446953193797 -0.046181157176863184 0.01169019984064713 0 0 0.034023768581735128 -0.070030012757106908 0.013953126785350651 0 0 0.041459704115250455
leaf_weight=50.226400156971067 12.695847369730474 16.148115765303373 5.3266503092600024 6.9093467169441274 7.6260236748494199 6.5118611375801256 60.015900212805718 7.0221289172768575 14.230433166027071 320.16763262683526 13.34104735823348 18.916840725578368 25.300442576408386 8.6315192691981775 38.776433007325977 4.6586954444646862 8.0565103590488452 2.4112711846828461 5.0746579356491548 10.352868116693569 13.001883863937108 6.5615838649682683 21.395657678134739 7.5696246745064864 10.927905303426087 4.7954077261965713 4.5054794135503462 6.1567665259353808 197.10040629841387 28.936964544467628 3.3853425281122309 6.2218984141945839 84.160169117152691 12.559637356549503 5.2330336868762961 2.6770813465118408 3.78408233076334 2.6678862571716309 187.14307097811252 11.249006392434238 21.561351250857115 249.35050019272603 5.2909250408411008 5.3486058115959167 35.11428680177778 4.6830438809702164 3.8859587460756302 9.8756712675094587 5.3784964196383944 10.534228444099424 10.911114715039728 3.5317341675981879 43.957725804299116 16.903874263167381 3.2918525934219343 7.610931396484375 2.9333411995321512 28.678522684145719 10.826674198266117 11.340199730359016 69.604423874989152
leaf_count=55 59 1042 53 45 96 119 80 7 11 398 32 78 148 8 276 30 19 6 32 207 140 5 14 53 3 46 30 87 137 14 26 6 64 12 34 1 22 1 149 34 10 163 4 19 27 60 3 4 35 3 24 35 56 25 4 1 19 46 36 25 36
internal_value=0 0.0114678 0.0121966 0.0082145 0.0238274 0.0262429 0.00904285 0.00603475 0 -0.00724045 1.05563e-05 0.00713131 -0.0592111 -0.0505062 -0.072839 0.0174725 -0.0222168 -0.11588 0.02573 0 0.028052 0.02981 0 0.033315 -0.00714352 0.030247 0 -0.00326406 0.0328449 0.00773642 0.0257657 -0.00632334 0.0213701 0.0213792 -0.00447094 -0.0579876 -0.0107684 -0.0541513 0.0238406 0.006229 0.013713 0.0363445 0.0253888 -0.00151452 0.0367341 0.0179581 -0.0165786 0.00793944 0.0243327 0 0.0269107 0 0.0285931 0.0285354 0.0302155 0 -0.0293613 0.0377692 0.0297873 0.0257469 0.0328513
internal_weight=0 1460.92 1444.77 1084.29 360.482 352.856 1077.38 907.096 596.101 443.87 377.726 339.084 38.6415 66.1439 47.408 310.994 25.0021 7.06997 362.132 52.215 347.529 341.017 34.3975 306.62 18.4975 309.917 18.7359 18.8526 291.064 43.3396 38.5442 9.60724 152.232 285.992 20.4698 7.91012 13.4741 6.45197 265.522 61.4754 41.8622 288.122 138.757 10.6395 247.724 50.624 8.96062 17.9322 170.28 15.9127 154.368 10.0933 128.118 204.047 143.456 13.8361 6.22519 278.029 45.941 32.9016 129.62
internal_count=4314 3539 2497 1770 727 631 1725 1523 1154 981 656 476 180 325 284 369 59 36 775 277 578 459 154 305 56 498 41 146 352 92 46 32 173 310 47 35 30 23 263 89 70 249 143 23 260 123 35 23 202 38 164 40 120 174 140 24 23 209 63 35 116
is_linear=0
shrinkage=0.0493048


Tree=83
num_leaves=56
num_cat=0
split_feature=46 64 64 65 0 49 74 80 31 67 64 75 66 40 64 45 74 48 15 60 57 15 38 81 72 55 56 6 62 73 31 47 65 61 78 67 61 84 59 54 66 7 61 58 15 16 16 73 74 49 80 3 82 3 68
split_gain=21.7252 21.9592 24.4533 33.2242 30.0314 21.2407 17.6194 22.0724 17.5476 24.5631 31.4479 52.6899 22.6736 21.2513 62.372 50.3767 33.6507 18.3275 18.4852 17.2078 16.7216 16.503 14.2491 33.8626 14.196 26.9354 12.7747 11.1862 15.0339 55.5965 9.71649 28.95 15.7188 14.0619 11.3172 9.34626 10.164 8.30844 23.6786 13.6314 12.5574 8.07042 13.995 6.43253 5.77267 18.3684 8.84653 4.83771 4.74574 1.88374 4.54286 1.42637 0.905387 0.748708 0.638839
threshold=14.500000000000002 53.45000000000001 21.950000000000003 8.5000000000000018 5.5000000000000009 0.080128205128205107 1.3500000000000003 37.95000000000001 8.5000000000000018 1088.0000000000002 12.750000000000002 0.095454545454545472 1021.5000000000001 36.650000000000013 15.15 5.5000000000000009 1.2500000000000002 2.0500000000000003 3.5000000000000004 0.13278222681477653 -3.7499999999999996 1.0000000180025095e-35 6.5000000000000009 2.5500000000000003 12.500000000000002 3.9500000000000006 0.72474747474747481 1.0000000180025095e-35 1.5000000000000002 34.050000000000004 1.0000000180025095e-35 37.550000000000004 7.5000000000000009 0.13660287081339714 155.00000000000003 334.50000000000006 0.24865591397849462 1.0000000180025095e-35 -149.99999999999997 38.050000000000004 1518.0000000000002 27.500000000000004 0.31400560224089641 17.500000000000004 15.500000000000002 5.5000000000000009 1.5000000000000002 37.45000000000001 0.95000000000000007 0.38675213675213677 38.350000000000001 10.500000000000002 0.4330357142857143 19.500000000000004 1134.5000000000002
decision_type=2 2 2 2 2 2 2 2 2 2 2 2 2 2 2 2 2 2 2 2 2 2 2 2 2 2 2 2 2 2 2 2 2 2 2 2 2 2 2 2 2 2 2 2 2 2 2 2 2 2 2 2 2 2 2
left_child=1 2 3 8 5 -4 7 20 9 10 17 -12 -11 16 15 -15 26 35 43 -18 -2 -7 23 -23 44 -26 -14 28 -22 -30 31 -8 54 34 -32 36 -1 49 -39 48 -41 -29 -43 -19 46 -46 -24 -37 -40 -10 -51 -35 -50 -53 -33
right_child=6 -3 4 -5 -6 21 30 -9 37 12 11 -13 13 14 -16 -17 19 18 -20 -21 27 22 24 -25 25 -27 -28 41 29 -31 33 32 -34 51 -36 47 -38 38 39 40 -42 42 -44 -45 45 -47 -48 -49 52 50 -52 53 -54 -55 -56
leaf_value=-0.033588999634251243 -0.056405078277587756 -0.045519192151306516 -0.065815877412059035 -0.098836059948230165 -0.07279495694852961 -0.043689431964468138 -0.098260976243611006 -0.065216255796910511 0.040782179148683734 -0.10231542924782489 0.023933237445406385 -0.098479948719414526 0.023198223742597494 -0.0714391068765559 -0.098082406153900292 0.0033915550949364412 -0.093473231000184426 -0.035717335437463506 -0.11223739667694312 0.0027576384746713137 0.03632739059915626 -0.065476724752587451 0.039537994537884411 0.03708646040240713 -0.083447308180440369 0.038201492340536089 -0.015476005071013722 0.037323141205878353 0.03278408748684021 -0.13458094936473225 -0.08958496777331057 0.0029777900686647775 -0.053946639560534256 0.04655623333860507 0.018384399913693717 0.033410043800204486 0.019114712545230714 -0.078259937049552947 0.033274505963203839 -0.11141659963541975 0 -0.088510476063755839 0.027054359797251227 0.023656003913014895 -0.084454100064656021 0.037581039330004791 0 0.0081745849276899669 -0.023243147316296182 -0.0023091768769025072 0.034052046737046204 0 0.0064808534305103565 0.02323657367934362 0.038371290609609643
leaf_weight=11.924448750913141 6.4765158486552528 15.509589989669619 5.2396405923645935 6.8126200945116571 7.0316968582337713 6.3378280843608072 4.7033329796977332 8.406604901654644 64.314738234505057 5.2101634442806235 17.776361460331827 14.685487880371509 179.82074177684262 23.406747097149491 17.236807150300592 310.51472518825904 10.246129880193619 6.583678185939795 4.0482659116387358 3.9172336300835005 12.594556279014798 12.474632383789865 247.75130056822672 20.826280117966235 7.201246129348875 10.531813181936741 19.468300441280007 68.060050297994167 10.369174364022912 7.9090698799118391 3.3869132231920949 9.5606228243559581 4.3780070403590789 138.42162689333782 4.2515346989966929 189.86037944257259 30.943187445402145 6.2430377081036559 55.848982393741608 3.2145834267139417 4.8441739873960614 3.5269573344849041 8.3325678370892984 12.82279015239328 3.9945310696493808 11.237195381894708 16.72031236672774 35.746198162436485 3.5766907408833486 9.6957528982311505 12.466523504350333 5.5305628301575807 5.9244841518811882 12.37132888427004 42.806187815731391
leaf_count=35 50 1042 53 45 87 119 62 95 33 37 22 101 168 113 122 518 67 24 24 10 10 144 178 15 49 3 42 67 26 81 65 22 92 65 3 135 38 41 37 17 10 42 6 13 36 3 40 54 14 24 11 26 15 32 31
internal_value=0 0.0111419 0.0118512 0.00796598 0.0233615 0.0257069 0.0252709 0.00907994 0.0087726 0.00585238 0.0166867 -0.0276642 -9.78597e-05 0.000631289 -0.00659273 -0.00148823 0.0130974 0.022047 -0.0166214 -0.058157 0.0154834 0.027505 0.0292495 0 0.0326765 -0.00426568 0.0187943 0.0208238 -0.000662526 -0.0329608 0.0337437 0.0137363 0.0252627 0.0404792 -0.0134681 0.0258899 0.00154073 0.0237383 0.00994647 0.0191739 -0.0348008 0.0306759 0 0 0.0354634 0 0.0371904 0.0299645 0.0277463 0.0349954 0.0125632 0.0439129 0 0.0164916 0.0342886
internal_weight=0 1432.01 1416.5 1067.15 349.346 342.315 351.086 125.675 1060.34 894.212 324.391 32.4618 569.821 564.611 351.158 333.921 213.452 291.929 23.4547 14.1634 117.269 337.075 330.737 33.3009 297.436 17.7331 199.289 110.792 30.8728 18.2782 225.41 61.4482 56.7448 163.962 7.63845 268.474 42.8676 166.129 79.652 73.4089 8.05876 79.9196 11.8595 19.4065 279.703 15.2317 264.472 225.607 65.3502 86.477 22.1623 156.324 9.50117 17.9019 52.3668
internal_count=4314 3539 2497 1770 727 640 775 377 1725 1523 446 123 1077 1040 753 631 287 323 61 77 282 587 468 159 309 52 210 232 117 107 398 207 145 191 68 262 73 202 134 93 27 115 48 37 257 39 218 189 66 68 35 123 29 58 53
is_linear=0
shrinkage=0.0493048


Tree=84
num_leaves=62
num_cat=0
split_feature=46 64 64 15 64 73 62 81 65 7 72 79 81 40 60 25 64 71 64 74 80 54 41 64 57 46 55 13 60 80 64 6 62 73 31 39 61 78 54 47 47 40 67 47 65 64 7 61 54 47 81 79 64 68 40 59 3 40 49 2 66
split_gain=20.9612 20.5532 23.6244 22.876 19.399 27.367 37.0312 31.6856 21.6161 38.1424 21.0555 29.4166 44.7844 77.5844 37.3512 31.557 17.115 79.1639 24.4322 16.7426 20.5746 16.0545 29.438 37.7284 15.624 13.9104 29.7078 11.2822 37.7428 10.5364 14.8719 10.3775 13.7507 50.3238 9.39325 26.7882 13.2912 10.613 9.3058 20.8803 8.16509 40.3213 27.6971 18.3787 7.86508 8.53314 7.59561 12.933 7.49607 46.1717 6.89063 20.9795 46.1953 6.1408 13.0898 6.58876 5.61396 5.48244 4.72785 4.42934 3.70585
threshold=14.500000000000002 53.45000000000001 18.850000000000005 1.0000000180025095e-35 3.2500000000000004 38.250000000000007 5.5000000000000009 3.3500000000000001 2.5000000000000004 60.500000000000007 10.500000000000002 2.5000000000000004 0.95000000000000007 37.550000000000004 1.0000000180025095e-35 1.5000000000000002 10.350000000000003 65.000000000000014 4.6500000000000012 1.3500000000000003 37.95000000000001 36.050000000000004 2.1500000000000008 6.3500000000000005 -3.7499999999999996 12.500000000000002 2.7500000000000004 1.5000000000000002 0.12313266443701222 35.150000000000013 4.6500000000000012 1.0000000180025095e-35 1.5000000000000002 34.050000000000004 1.0000000180025095e-35 14.500000000000002 0.13660287081339714 155.00000000000003 37.750000000000007 39.050000000000004 36.95000000000001 37.850000000000001 259.00000000000006 37.750000000000007 6.5000000000000009 13.65 27.500000000000004 0.31400560224089641 37.150000000000013 34.850000000000001 0.75000000000000011 10.500000000000002 4.2500000000000009 1404.5000000000002 37.050000000000004 -64.999999999999986 11.500000000000002 39.350000000000001 0.74166666666666681 3.5000000000000004 1147.5000000000002
decision_type=2 2 2 2 2 2 2 2 2 2 2 2 2 2 2 2 2 2 2 2 2 2 2 2 2 2 2 2 2 2 2 2 2 2 2 2 2 2 2 2 2 2 2 2 2 2 2 2 2 2 2 2 2 2 2 2 2 2 2 2 2
left_child=1 2 4 -4 53 10 7 -7 -8 -10 11 21 13 14 -13 -15 18 -18 -14 20 24 22 23 -6 -2 27 -27 40 -29 30 -12 32 -26 -34 35 44 37 -36 60 -40 48 42 -42 -43 -21 -46 -33 -48 -5 -50 56 52 -52 59 -55 -56 -31 -45 -53 -1 -23
right_child=19 -3 3 25 5 6 8 -9 9 -11 29 12 16 15 -16 -17 17 -19 -20 34 -22 38 -24 -25 31 26 -28 28 -30 50 -32 46 33 -35 36 -37 -38 -39 39 -41 41 43 -44 57 45 -47 47 -49 49 -51 51 58 -54 54 55 -57 -58 -59 -60 -61 -62
leaf_value=0.02806535421299669 -0.054796474681129824 -0.045091777349458247 -0.052881572563446902 0.038256213539671076 0 -0.095027159052004082 0.031841645660705804 0.019802097715957805 -0.090863037562779053 0.027164018807427106 0.011620484657584109 -0.13141316593336105 -0.036732921618753127 -0.1278345034006178 0 0 -0.10547931445444582 0.029604707302376534 0.020247158296627418 0.033126761752573765 -0.063696777383049352 0 0.030732906656017585 -0.12239661609960428 0.035674157761216629 -0.069789035149815826 0.036353561983427991 -0.073007877082261738 0.034767900177157328 0.0046573038610000263 -0.11071524284452089 0.036693072885475665 0.03208612158994463 -0.12767733241542026 -0.087770590246539007 -0.10199606424797845 0.043533520381919696 0.017773339756951688 -0.053117838408489625 0.032562772099239246 0.021051479276656435 -0.058265061464918153 -0.094807071379126279 0.041013670307616115 0.022626348642009891 -0.06351857864837912 -0.08589990773874287 0.026346085643283709 0.037897222239166424 -0.093886640094067733 0.028332639315427396 0.00016415633054209808 -0.12202254279255015 -0.071326569980293839 0.03261471793713238 -0.0092532911866793337 0.043622045056900115 0 0.037928620035956102 0 0.03430153721817019
leaf_weight=142.05621814355254 6.3423335063271216 14.900238612899555 8.8129513737512735 198.55812115198933 19.262892834842209 23.128285830607641 27.052057310938835 5.5900123300962141 13.244746749754997 11.047709111124275 3.791158899664878 5.5080493888817719 19.428047699853778 23.16357383038849 82.354247215669602 5.2824315577745429 16.946028793230653 25.760233275592327 152.87890723906457 46.510694327764213 8.1890707372222078 14.375035948120056 26.079760171473026 9.2915637195110303 12.203328357078137 11.697010310832411 12.913836757652462 11.741059484658761 23.946613870095462 19.291989549994469 3.3591944603249431 65.871200275607407 10.080416353419425 7.9269855720922342 3.2896526427939525 4.1224441695958367 150.22095509245992 4.1837820895016193 11.10442482121289 18.197844622656703 6.0232361555099514 4.4617199113126835 12.122137609403579 72.042560704052448 4.5102734565734846 4.6683724105823785 3.4577560974284998 8.1404934097081405 33.803494876250625 7.6964009888470164 10.543374814093115 18.863078992813826 8.1000101112294924 4.9191825725138179 20.434554353356361 10.073757503181698 62.951968075241894 15.499305959325282 38.964145217090845 11.0773384347558 106.86904843337834
leaf_count=148 50 1042 153 122 29 167 19 9 92 8 2 36 55 141 132 10 122 18 178 44 95 24 18 50 10 108 13 140 20 25 20 67 26 81 65 64 123 3 42 12 2 38 84 46 1 98 42 6 17 67 7 33 51 19 16 21 21 54 19 19 70
internal_value=0 0.0107835 0.0114728 0.0214023 0.00705614 0.00344399 -0.0235222 -0.0683539 0 -0.0321123 0.00669589 0.00169619 -0.0071286 -0.0319388 -0.00747391 -0.103039 0.00571683 -0.0211292 0.013095 0.0248757 0.00884117 0.016551 -0.00447086 -0.0409715 0.0151585 0.0233042 -0.00907497 0.025692 0 0.0221146 -0.0287969 0.0204493 -0.000220203 -0.0314589 0.0333107 0.0133294 0.0400966 -0.0123095 0.0250051 0 0.0283839 0.0150923 -0.0495413 0.0292044 0.0241551 -0.00776364 0.0301107 0 0.0339617 0.0104063 0.0251972 0.0119436 -0.0304382 0.021382 0 0.0147238 0.0359991 0.0351032 0.0277664 0.0256982 0.0310299
internal_weight=0 1405.21 1390.31 419.318 970.991 782.43 80.0628 28.7183 51.3445 24.2925 702.367 536.502 331.322 116.308 87.8623 28.446 215.013 42.7063 172.307 339.718 122.212 205.181 54.6342 28.5545 114.023 410.505 24.6108 385.895 35.6877 165.865 7.15035 107.68 30.2107 18.0074 217.506 59.8118 157.694 7.47343 150.546 29.3023 350.207 110.149 18.1454 92.0036 55.6893 9.17865 77.4694 11.5982 240.058 41.4999 158.715 76.4706 18.6434 188.561 35.4275 30.5083 82.244 87.5419 57.8272 153.134 121.244
internal_count=4314 3539 2497 864 1633 1410 295 176 119 100 1115 937 692 319 168 151 373 140 233 775 377 245 97 79 282 711 121 590 160 178 22 232 117 107 398 207 191 68 148 54 430 224 86 138 143 99 115 48 206 84 156 110 58 223 56 37 46 100 52 167 94
is_linear=0
shrinkage=0.0493048


Tree=85
num_leaves=33
num_cat=0
split_feature=66 68 64 61 71 12 49 64 39 81 64 21 46 40 54 80 53 41 1 65 65 3 38 47 61 63 42 31 41 54 64 64
split_gain=20.1169 12.8118 14.5603 40.6767 12.1958 33.434 18.8068 40.9262 17.6245 17.289 19.3249 14.1393 13.0785 43.758 23.8188 20.6191 38.2262 14.7473 10.4379 12.6965 11.9415 8.58548 9.07874 6.0795 5.67513 5.08041 13.3978 4.50634 3.59663 1.68611 0.6714 0.0998317
threshold=1698.5000000000002 183.50000000000003 39.150000000000013 0.49242424242424249 125.00000000000001 9.5000000000000018 0.93541666666666667 7.1500000000000012 19.000000000000004 1.3500000000000003 9.1500000000000004 1.0000000180025095e-35 8.5000000000000018 40.350000000000001 37.650000000000013 36.150000000000013 6.5000000000000009 0.45000000000000007 1.5000000000000002 5.5000000000000009 7.5000000000000009 7.5000000000000009 2.5000000000000004 36.750000000000007 0.32663164275611234 10.500000000000002 0.79285714285714304 6.5000000000000009 3.3500000000000001 35.050000000000004 5.7500000000000009 6.2500000000000009
decision_type=2 2 2 2 2 2 2 2 2 2 2 2 2 2 2 2 2 2 2 2 2 2 2 2 2 2 2 2 2 2 2 2
left_child=1 23 4 -4 5 6 8 28 12 10 -6 -10 13 14 -3 16 -14 -17 20 24 21 22 -2 -1 25 26 -20 -25 29 -8 -27 -32
right_child=18 2 3 -5 9 -7 7 -9 11 -11 -12 -13 15 -15 -16 17 -18 -19 19 -21 -22 -23 -24 27 -26 30 -28 -29 -30 -31 31 -33
leaf_value=0.040362815256386318 0 0.013903606964295616 -0.054740033779489682 0.039904709425154103 0.015908782549279073 -0.10559354454632078 0.01079026478419841 -0.093157740105205236 -0.074309133846544334 0.039146108922591613 -0.091178441530383125 0.013191808843354179 -0.07757820208928802 -0.080903878840879198 -0.011998918020905951 -0.00032738666624811331 0.0077955164971085789 0.022506695914225043 -0.087001664336089593 -0.057074836077895492 0.044189734408633802 0.026678176944061091 -0.083407691151850594 -0.054459297838960453 0.03702875111158721 0.031154847920600671 0.011041476744395673 0.020669549858687984 0.035906463330370265 -0.028803887322729472 0.0089590402395896065 0
leaf_weight=53.301056361058727 2.9314243905246284 400.41925793420523 27.950156070757657 16.898154585622251 12.697174698114397 5.8516395188635206 4.4414370357990283 13.341024890076367 10.3916836802382 78.521798194386065 5.422000413760542 4.2808561809360972 14.416913136839865 13.512281759176402 104.97020546533167 66.143940735608339 103.14108478068374 564.84378039510921 4.9600605200976151 5.6140594216994932 105.3337997533381 13.805447231978176 4.7225564243271947 2.8634641310200077 21.592480801977217 8.2851679027080554 5.5026025371626019 5.4926415299996734 10.279646188020704 4.2782540041953325 2.9895203113555899 4.7687990488484502
leaf_count=35 10 543 1487 17 13 43 4 94 79 44 29 3 73 105 259 155 185 766 30 79 78 16 37 52 14 4 7 10 4 17 1 21
internal_value=0 0.0112931 0.0102415 -0.0163056 0.0111699 0.0097876 0.0103986 -0.0255522 0.011403 0.0287584 -0.00939729 -0.0403533 0.0121014 0.00571007 0.00827714 0.0163653 -0.00163643 0.0199161 0.0292764 0.0079431 0.0373288 0 -0.037862 0.0341895 0.0181504 0 -0.0237234 0 0.015468 0 0.0200182 0
internal_weight=0 1523.46 1461.8 44.8483 1416.95 1320.31 1314.46 32.3404 1282.12 96.641 18.1192 14.6725 1267.45 518.902 505.389 748.546 117.558 630.988 180.506 53.7127 126.793 21.4594 7.65398 61.6572 48.0986 26.5062 10.4627 8.35611 18.9993 8.71969 16.0435 7.75832
internal_count=4314 4017 3920 1504 2416 2330 2287 119 2168 86 42 82 2086 907 802 1179 258 921 297 156 141 63 47 97 77 63 37 62 25 21 26 22
is_linear=0
shrinkage=0.0493048


Tree=86
num_leaves=62
num_cat=0
split_feature=46 40 3 64 80 64 54 64 67 64 82 66 65 31 41 73 64 81 52 64 15 67 80 64 67 74 64 31 31 64 83 60 61 53 67 63 47 60 34 75 4 42 83 73 31 80 19 74 57 54 61 40 75 83 40 62 61 82 66 47 74
split_gain=19.6588 18.1018 20.9671 44.041 23.4561 17.4907 25.5431 19.3766 18.68 36.3348 36.8955 24.3018 24.4249 22.3468 24.3467 46.9332 132.454 51.7962 20.4574 43.5569 17.5316 16.0837 15.6026 14.7584 13.1439 13.8976 19.9344 10.8275 11.1025 21.1533 14.0198 21.9635 12.4849 10.0515 9.91103 22.6565 9.336 19.6985 18.4844 8.77403 7.63612 42.5641 9.40405 8.30959 7.00925 8.42937 6.13205 5.74837 9.56053 5.64043 5.40041 5.3875 9.41897 15.9778 5.05747 5.13463 4.56777 4.25246 4.14481 3.81875 8.32784
threshold=14.500000000000002 40.750000000000007 9.5000000000000018 4.1500000000000012 36.750000000000007 18.850000000000005 38.95000000000001 53.45000000000001 1088.0000000000002 12.750000000000002 0.94281045751633996 1021.5000000000001 7.5000000000000009 6.5000000000000009 1.1500000000000001 36.750000000000007 5.0500000000000007 0.65000000000000002 85.000000000000014 11.350000000000003 1.0000000180025095e-35 1636.5000000000002 37.850000000000001 13.450000000000001 334.50000000000006 0.45000000000000007 3.9500000000000006 7.5000000000000009 1.0000000180025095e-35 23.350000000000005 -1.9499999999999997 0.052015692640692605 0.099180327868852461 145.00000000000003 1013.5000000000001 12.500000000000002 37.750000000000007 0.039139093137254909 1.0000000180025095e-35 0.4494949494949495 3.5000000000000004 0.51666666666666672 -2.1499999999999999 38.050000000000004 16.500000000000004 37.850000000000001 42.000000000000007 1.2500000000000002 -2.7499999999999996 37.650000000000013 0.12429775280898876 38.250000000000007 0.74166666666666681 -1.5499999999999996 38.050000000000004 7.5000000000000009 0.10889328063241101 0.36931818181818182 1715.5000000000002 38.050000000000004 1.6500000000000001
decision_type=2 2 2 2 2 2 2 2 2 2 2 2 2 2 2 2 2 2 2 2 2 2 2 2 2 2 2 2 2 2 2 2 2 2 2 2 2 2 2 2 2 2 2 2 2 2 2 2 2 2 2 2 2 2 2 2 2 2 2 2 2
left_child=1 5 3 -3 39 8 7 20 9 24 -11 -10 13 14 15 16 -13 -17 19 -16 -7 -6 27 49 25 57 -27 28 29 30 31 -2 -30 -29 35 -22 44 -38 -39 -4 42 46 -36 -44 45 -15 -42 48 -34 50 -24 -32 53 -53 55 -26 -56 -1 -41 -58 -61
right_child=22 2 4 -5 21 6 -8 -9 11 10 -12 12 -14 36 18 17 -18 -19 -20 -21 34 -23 23 -25 54 26 -28 33 32 -31 51 -33 47 -35 40 -37 37 38 -40 58 41 -43 43 -45 -46 -47 -48 -49 -50 -51 -52 52 -54 -55 56 -57 59 -59 -60 60 -62
leaf_value=0 0.00055550943089667623 0.013834670884872155 0.039996113066142217 -0.084130916001598194 -0.070901099956175273 -0.049726389880058029 -0.05510772359185899 -0.041316776157667684 -0.10444885912460569 -0.09943865243685425 0.032341323239970132 0 -0.095587367139938123 -0.0038873472647903361 0.011818615108219162 0.025010419581286625 -0.1510752786168568 -0.038624676222032236 0.042841976668096853 -0.066703480936344595 -0.072965512074280911 0.010427637423950573 0.0030386004202947164 -0.056932362740574255 0.035441394007265495 0 -0.11265413484550219 -0.085762192858576836 -0.054785368576800657 -0.073040425190592922 0.040952068994342963 -0.15338776791193839 -0.042839357961886565 0.011893273226992828 -0.046721038819804023 0.030877697013164698 0.028420504764095106 -0.10404212634390514 0.010932611041703283 -0.054539613109066874 0 -0.10515336381375069 0.035141567540235348 0 0.03945170003589641 0.034475156630413291 0.04109834360587708 0.045564548312923933 0.028024226663456938 0.023571537694107615 -0.056197439513023272 0.012375744158271279 0.030472072409495687 -0.1044998119754707 -0.043036140335424369 0 0.02279589186371531 0.031736968335744568 0.0028419450822012092 -0.053061433873109173 0.025248994595025217
leaf_weight=10.127134680747988 6.5812081638723594 18.456526309251785 35.940641877707094 22.530970522901043 12.289327028905975 6.3189160790061569 9.5501163569278997 9.6326636020094139 5.0366550362668923 12.298870340920987 6.9909186363220206 49.188025519251823 5.8458237517625085 27.674443961819634 158.13740669097751 92.105543795973063 20.566647965461016 46.449474829016253 39.575057685375214 19.078568160999566 7.7755308938212719 7.0178509429097167 3.6266260370612127 9.4350113025866431 149.18746574036777 6.800460107624529 5.8708580136299133 3.7106208577752104 2.338702911976724 5.7496343856910235 44.107978856191039 2.5792635215912014 3.9697011173702768 3.2375081079080701 2.3186279283836475 14.127606373745946 16.658693511970345 7.2599894218146783 3.1578092575073242 3.5155343289952716 16.206925918813795 6.5961466243024907 269.78435654984787 15.517053849296643 64.961032988503575 21.109489726833999 28.471239552134648 135.23251858679578 39.532916604075581 29.995811657980084 4.8124239165335894 4.5294975489377975 17.456868642941117 4.1494127996265906 2.20498377457261 13.264375359751282 52.409506730735302 17.482857003808022 3.3908397224731743 5.5289588496088964 7.1530308127403259
leaf_count=19 18 25 49 387 160 101 221 637 35 90 1 81 39 57 226 81 119 157 13 100 72 11 4 207 101 11 36 53 39 140 23 19 32 3 20 16 18 40 1 41 40 58 214 58 41 19 13 68 62 35 31 2 12 27 14 23 54 10 3 23 4
internal_value=0 0.0100811 -0.00910227 -0.0370113 0.00731295 0.0117605 0.0206793 0.0229352 0.00763836 0.0179275 -0.0452719 0.00226111 0.00342474 0.00467292 -0.000684816 -0.0129925 -0.0460812 0.00277577 0.0105681 0.00265242 0.0249635 -0.034944 0.0240947 0 0.0229078 -0.000155504 -0.045652 0.0286549 0.0304627 0.0133866 0.0212387 -0.0296733 0.0378025 -0.0226142 0.0266208 -0.000374033 0.0217255 -3.26191e-05 -0.0573723 0.0292667 0.0287322 0.00774902 0.0320393 0.0331206 0.0279962 0.010178 0.0272661 0.0397198 0.0186732 0.0116097 -0.0161559 0.0296586 0.00581926 -0.0294216 0.027492 0.0328136 0.0127888 0.016257 -0.008575 0.0166107 0
internal_weight=0 1355.56 103.142 40.9875 62.1542 1252.42 386.299 376.749 866.124 289.319 19.2898 576.805 571.768 565.922 425.101 208.31 69.7547 138.555 216.791 177.216 367.116 19.3072 321.046 47.8699 270.03 40.2813 12.6713 273.176 266.228 85.1539 79.4042 9.16047 181.074 6.94813 360.797 21.9031 140.821 27.0765 10.4178 42.847 338.894 51.2743 287.62 285.301 113.745 48.7839 44.6782 178.735 43.5026 38.4349 8.43905 70.2438 26.1358 8.67891 229.748 162.452 67.2965 27.61 6.90637 65.0915 12.682
internal_count=4314 3539 676 412 264 2863 1450 1229 1413 386 91 1027 992 953 777 438 200 238 339 326 592 171 775 277 295 76 47 498 442 241 101 37 201 56 491 88 176 59 41 93 403 111 292 272 117 76 53 162 94 70 35 64 41 29 219 124 95 29 44 81 27
is_linear=0
shrinkage=0.0493048


Tree=87
num_leaves=62
num_cat=0
split_feature=66 55 40 6 31 75 42 81 64 62 82 6 64 59 38 64 63 78 64 55 64 27 0 74 61 54 41 82 83 60 42 7 60 45 64 54 60 67 64 68 66 64 75 71 67 42 65 58 64 82 75 83 67 38 60 79 66 66 75 7 60
split_gain=18.9684 12.4666 20.8834 21.2981 24.8511 28.8294 47.4839 50.0882 53.7284 60.7028 42.9157 37.3923 28.0763 27.7638 27.1373 25.4865 22.0748 18.343 29.9553 13.5664 16.1589 13.27 37.8104 12.7598 15.2225 12.1104 11.9549 9.86931 17.0389 9.13139 9.07336 23.7827 8.97603 8.7249 8.66963 8.18001 17.0445 26.7511 13.2756 8.0586 7.69681 10.9813 7.29632 6.73312 6.88519 6.35773 8.2722 5.93792 11.7062 5.81758 5.34418 5.24456 6.83669 5.23761 5.16725 5.30462 4.97311 4.42605 8.74616 5.67848 4.22842
threshold=1698.5000000000002 2.1500000000000008 36.350000000000001 9.5000000000000018 16.500000000000004 0.71008403361344552 0.24038461538461539 0.65000000000000002 5.1500000000000012 2.5000000000000004 0.06904761904761901 3.5000000000000004 1.7500000000000002 -249.99999999999997 5.5000000000000009 3.9500000000000006 9.5000000000000018 7.5000000000000009 5.3500000000000005 1.7500000000000002 3.9500000000000006 3.5000000000000004 2.5000000000000004 1.2500000000000002 0.2175666199158485 41.350000000000001 0.75000000000000011 0.06904761904761901 -0.8999999999999998 0.15170694284618338 0.87083333333333346 16.500000000000004 0.20521390374331547 5.5000000000000009 4.6500000000000012 35.45000000000001 0.082333003813020764 1327.5000000000002 2.7500000000000004 225.50000000000003 1164.0000000000002 10.350000000000003 0.94281045751633996 12.500000000000002 1375.0000000000002 0.21825396825396823 1.5000000000000002 11.500000000000002 9.1500000000000004 0.48529411764705882 0.93095238095238109 -1.3499999999999999 1558.5000000000002 125.00000000000001 0.033150183150183109 -1.0000000180025095e-35 1685.5000000000002 1629.5000000000002 0.89444444444444449 1.0000000180025095e-35 0.078278186274509817
decision_type=2 2 2 2 2 2 2 2 2 2 2 2 2 2 2 2 2 2 2 2 2 2 2 2 2 2 2 2 2 2 2 2 2 2 2 2 2 2 2 2 2 2 2 2 2 2 2 2 2 2 2 2 2 2 2 2 2 2 2 2 2
left_child=1 2 23 4 5 6 14 10 16 -10 12 17 -8 -12 15 -4 -9 18 -7 26 -21 22 -16 29 42 32 -19 -2 -29 30 35 -32 33 -3 -23 36 37 38 -1 -31 41 -35 -25 60 -45 -26 -47 50 -49 53 57 52 -37 -33 55 -6 -39 59 -59 -42 -30
right_child=27 25 3 -5 54 11 7 8 9 -11 13 -13 -14 -15 21 -17 -18 19 -20 20 -22 34 -24 24 45 -27 -28 28 43 39 31 49 -34 40 -36 51 -38 56 -40 -41 47 -43 -44 44 -46 46 -48 48 -50 -51 -52 -53 -54 -55 -56 -57 -58 58 -60 -61 -62
leaf_value=0 0.040643150960392498 -0.045355589239159971 0.0069815813663084399 -0.093833863609170884 0.019842793982273746 0.017794793110300609 0.0031058822296039261 -0.043550698089885008 0 -0.0936307633462658 -0.095604085304327249 -0.10227810106185989 -0.12991745307587196 0.011637227576824258 0.014669458713878749 -0.082995133078324734 0.023548157818644853 -0.0066061566120444101 -0.083634644490647905 0.023423175970588649 -0.082267150000110215 0 -0.10410569580876886 -0.083908863982647172 0.032340689902050634 -0.057368262915341327 0.033943900487204692 -0.060171772332322661 0.037071986035013223 0.011423137702235679 -0.081359603415063139 -0.07088586971096178 -0.037320705214039081 0.016058842674764012 0.040239465046955053 -0.055134731277986238 0.031407528315250358 -0.00040910278984949018 -0.11878035222379919 -0.063282821623166244 0 -0.062398206740911767 0 0.01104818154374765 -0.060620545497334775 0.01153045674652855 -0.066708264661440114 0.025382087895872284 -0.064468276773441663 0.031226882227456253 -0.0001556622953630251 0.034668859640083406 0.026812397540402821 0 0.036197548998012183 -0.070475081978253917 0.038150142808585474 -0.059062876260456455 0.032853853006022872 0.034671246438294827 0
leaf_weight=2.7900966554880124 89.167346160160378 3.120036819484084 13.161475330591204 5.2417467278428367 4.2387178526259959 19.581609398126606 3.5358024165034285 18.541212201118469 25.640751319006085 55.752181728486903 5.8867649482563129 5.8734770137816659 9.7044065347872657 159.08381939516403 113.77040696854237 13.046083029592408 33.205802671611309 14.202190497424452 10.186342363245783 6.006304979324339 5.8869287916459143 10.701251704245804 6.7286767270416012 7.7519576296908763 14.725470542442055 3.8839371532667419 164.23786168801598 6.1352246687747529 44.044963452033699 4.1412672549486143 6.9551395401358596 2.6646906267851618 4.4530730508267871 19.837336169555787 74.326231001876295 3.6601488143205625 46.105696139857173 14.681962908245623 7.0730688234325498 5.5821053062099963 9.2229433082975429 5.506024681730195 1.922124645207077 15.400957514066251 4.0078833652660242 5.0381828323006612 4.7634500004351139 12.282361557707192 4.9037508822511873 25.464976523537189 5.7733187775593242 176.24607751984149 7.4632873125374317 3.2076034154742956 67.364470854401588 2.2235389943234614 10.078752517700195 3.8356672767549735 7.1573882102966309 191.87374079646543 10.964448074577374
leaf_count=4 61 28 17 63 5 20 3 58 134 588 52 66 154 279 227 144 36 55 116 3 55 19 40 92 17 96 220 69 44 4 47 20 19 24 58 36 38 42 49 30 45 132 8 49 37 5 46 17 137 26 57 119 7 3 63 20 1 58 1 314 37
internal_value=0 0.0105505 0.00821194 0.00384215 0.00460087 0.00180534 -0.00417019 -0.0169178 -0.0397935 -0.0647603 0 0.016715 -0.0851093 0.00703791 0.0124205 -0.0331198 0 0.0204706 -0.012797 0.0263281 -0.0185518 0.018837 0.00697785 0.018435 -0.00759063 0.0204006 0.0300191 0.0285332 0.0135738 0.0216446 0.0233357 0 0.0219989 0.0234778 0.0341722 0.026544 0.010948 -0.0127125 -0.0828894 -0.0187924 0.0247859 0 -0.0618035 0.0213485 0 0.0087856 -0.0139494 0.027571 0 0.0191883 0.0297719 0.0325969 0 -0.0118426 0.0320243 0 0.0103021 0.0311726 0 0.0328381 0.0302295
internal_weight=0 1470.29 1198.44 848.128 842.886 769.06 543.085 311.351 133.14 81.3929 178.211 225.975 13.2402 164.971 231.734 26.2076 51.747 220.101 29.768 190.333 11.8932 205.527 120.499 350.316 34.2012 271.85 178.44 169.721 80.5535 316.115 306.392 38.2924 267.966 263.513 85.0275 268.099 80.7296 34.6239 9.86317 9.72337 260.393 25.3434 9.67408 74.4183 19.4088 24.5271 9.80163 235.049 17.1861 31.3373 217.863 187.37 11.1234 5.87229 73.8267 6.46226 24.7607 212.09 10.9931 201.097 55.0094
internal_count=4314 4017 3089 2495 2432 2344 1809 1304 816 722 488 535 157 331 505 161 94 469 136 333 58 344 267 594 168 928 275 297 236 426 392 96 832 813 77 296 134 96 53 34 785 156 100 167 86 68 51 629 154 49 475 162 43 23 88 25 43 418 59 359 81
is_linear=0
shrinkage=0.0493048


Tree=88
num_leaves=62
num_cat=0
split_feature=46 64 64 65 0 49 31 67 64 74 40 64 66 56 41 74 48 15 60 80 38 79 72 55 64 73 61 64 71 68 67 74 83 31 19 45 84 59 54 66 54 7 58 54 61 7 15 73 74 64 67 12 61 74 49 80 46 62 61 65 64
split_gain=18.4188 15.9649 20.188 26.6919 24.7183 17.9851 15.1848 20.583 25.3815 46.2515 18.2597 46.7894 45.3599 70.1453 37.9151 26.9878 15.4441 14.9803 14.3218 14.2647 13.4614 29.8911 13.9328 23.6513 12.988 11.4629 39.6785 12.23 10.5261 8.43 8.35196 12.8491 8.19078 23.4717 7.79281 7.48992 7.04117 19.3613 11.2596 9.30194 5.85885 19.4471 5.12587 4.92267 4.81246 4.69794 13.0574 4.46342 4.33965 6.05349 3.99786 3.28804 7.75981 24.5291 3.03904 2.98519 2.93439 2.92792 4.94437 2.06185 6.87806
threshold=14.500000000000002 53.45000000000001 21.950000000000003 8.5000000000000018 5.5000000000000009 0.080128205128205107 8.5000000000000018 1088.0000000000002 12.750000000000002 2.1500000000000008 36.650000000000013 15.15 1220.5000000000002 0.39444444444444454 0.35000000000000003 1.2500000000000002 2.0500000000000003 3.5000000000000004 0.13278222681477653 37.850000000000001 6.5000000000000009 14.500000000000002 12.500000000000002 3.9500000000000006 13.450000000000001 36.95000000000001 0.27602627257799678 5.7500000000000009 2.5000000000000004 938.50000000000011 334.50000000000006 0.45000000000000007 -1.9499999999999997 1.0000000180025095e-35 3.5000000000000004 9.5000000000000018 1.0000000180025095e-35 -149.99999999999997 38.050000000000004 1518.0000000000002 38.050000000000004 3.5000000000000004 17.500000000000004 37.650000000000013 0.12429775280898876 42.500000000000007 25.500000000000004 37.45000000000001 0.95000000000000007 3.3500000000000001 1013.5000000000001 1.0000000180025095e-35 0.31400560224089641 1.7500000000000002 0.55050505050505061 35.45000000000001 15.500000000000002 1.5000000000000002 1.0000000180025095e-35 1.5000000000000002 4.4500000000000011
decision_type=2 2 2 2 2 2 2 2 2 2 2 2 2 2 2 2 2 2 2 2 2 2 2 2 2 2 2 2 2 2 2 2 2 2 2 2 2 2 2 2 2 2 2 2 2 2 2 2 2 2 2 2 2 2 2 2 2 2 2 2 2
left_child=1 2 3 6 5 -4 7 8 16 -10 15 12 13 -12 -14 25 30 42 -17 28 21 -7 40 -24 43 26 -9 -27 -2 57 31 -1 33 -31 -35 -36 54 -38 48 -40 45 -42 -18 44 -21 50 -47 -32 -39 -50 -22 55 53 -53 -8 -34 -45 -30 -59 -58 -61
right_child=19 -3 4 -5 -6 20 36 10 9 -11 11 -13 14 -15 -16 18 17 -19 -20 24 22 -23 23 -25 -26 27 -28 -29 29 32 47 -33 51 34 35 -37 37 38 39 -41 41 -43 -44 56 -46 46 -48 -49 49 -51 -52 52 -54 -55 -56 -57 59 58 -60 60 -62
leaf_value=0.020955281592130587 -0.040573573572720199 -0.043570453037123168 -0.06182748017125031 -0.091461104531175119 -0.068508683427365005 -0.061479038993533811 0.038414831411601957 0.01478289404876745 -0.09063688783220708 0.028891476271710993 -0.14742663836535499 -0.09026206483522925 -0.072291402656406545 -0.0081116410867031891 0.0084329246911959421 -0.085936433474817622 -0.032092716947235131 -0.10121420094686219 0.00062788063759964261 0.0014245696968967522 0 0.036564052851726987 -0.076771494147505656 0.036393505482622948 -0.055141853170089745 -0.016931516174379733 -0.087398100710195242 0.035382655401546323 0.0074691955533593623 -0.095236025807291486 0.03131360357050026 -0.039280752563549112 0 0.038766273952532071 0.01461226484944546 -0.070510257984638225 -0.073310307855809789 0.031658016737651895 -0.094684856718068852 0 0.03059934643818189 -0.072205184421542778 0.022240326190702528 0.03421746594242684 -0.053799724340567311 -0.071585496936485582 0.03666527043364589 0.0061428243832138303 0.02199412593091183 -0.063356168398204141 0.038497648793478799 -0.10183065057498433 0.038969736384793792 0.02441241774213752 0.0017672599919628085 0.041003915985369815 0.021208700374721379 0 -0.069232997640713015 0 -0.087686772264313539
leaf_weight=28.661764923483133 3.8250982246827325 12.778139029862357 4.987853749189525 6.5071020065806797 6.5394867568975306 13.122143223881723 61.367860936559737 85.407228784635663 14.737825091462584 14.667478384450076 12.833931853994725 16.249191471841186 14.774732038378714 34.744011508999392 256.17970936070196 10.149525051936505 6.3915354758501115 4.0915337391197673 3.685166534036397 3.5002527441829425 8.1014154159929586 17.196171089075506 7.8344413205049941 9.2491215718910098 8.9269044202519563 9.0974268950521928 10.229284163564442 80.742329152300954 3.4713798188604397 4.4418493430130175 171.01563710160553 12.043162897229193 10.590144876390694 24.029325722251087 4.7353078871965391 3.4967665453441441 5.845968432724475 51.194409176707268 3.3338640294969073 4.5994591806083918 20.548624285496775 5.4280934743583193 11.778332495130597 18.427705548703674 4.6309665441513062 3.6919431325513843 9.3743880819529295 33.393750015646219 5.8848825320601446 2.9187269399408251 197.10105193872005 4.79357423167676 19.592149732634425 16.02227137342561 14.148039096966384 156.05500964005478 5.6641677692532522 2.102672285400331 3.9993200707249343 2.1867301464080811 2.4590380247682333
leaf_count=28 74 1042 53 45 87 192 39 103 108 15 82 129 65 82 421 69 24 24 10 4 46 8 60 3 207 23 43 50 10 44 135 45 42 16 2 27 41 37 17 10 34 58 13 10 31 35 2 54 4 25 149 45 8 33 29 111 4 9 77 1 20
internal_value=0 0.00941629 0.0100388 0.00643723 0.0213477 0.0237554 0.00721717 0.00442657 0.0148687 -0.0268274 -0.0011436 -0.00838541 -0.00380912 -0.0483815 0.00356375 0.010396 0.0199221 -0.0161949 -0.0539673 0.0233591 0.0256524 -0.00179483 0.0293123 -0.00828871 0 0.0158762 0.00252664 0.0286972 0.0278862 0.0294159 0.0237113 6.33239e-05 0.0313326 0.00552471 0.0233339 -0.00664427 0.0219107 0.00866206 0.0175791 -0.0308478 0.0324521 0.00427029 0 0.0108275 -0.0148919 0.0352353 0 0.0278115 0.0260677 0 0.0370973 0.0353053 0.0164482 0 0.0331986 0.0391275 0.0224355 -0.00638127 -0.0345233 0 -0.0228767
internal_weight=0 1302.63 1289.85 986.674 303.175 296.635 980.167 830.874 296.781 29.4053 534.093 334.782 318.532 47.5779 270.954 199.311 267.376 22.2614 13.8347 302.951 291.647 30.3183 261.329 17.0836 45.7958 185.476 95.6365 89.8398 257.155 253.33 245.114 40.7049 243.756 36.7032 32.2614 8.23207 149.293 73.7773 67.9313 7.93332 244.246 25.9767 18.1699 36.8689 8.13122 218.269 13.0663 204.409 59.998 8.80361 205.202 207.053 40.408 20.8158 75.5159 166.645 28.7376 9.57337 6.10199 10.3099 4.64577
internal_count=4314 3539 2497 1770 727 640 1725 1523 446 123 1077 779 650 164 486 298 323 61 79 775 587 200 387 63 277 219 146 73 498 424 262 73 328 89 45 29 202 134 93 27 324 92 37 70 35 232 37 189 66 29 195 239 86 78 68 153 35 96 86 25 21
is_linear=0
shrinkage=0.0493048


Tree=89
num_leaves=62
num_cat=0
split_feature=46 64 64 15 64 73 62 80 72 79 81 1 60 55 49 65 6 38 45 54 41 60 74 64 57 47 15 64 7 58 72 74 6 62 73 15 39 40 38 31 47 61 65 78 54 27 79 42 80 19 14 7 80 7 67 71 42 67 65 67 46
split_gain=17.6674 14.9453 19.4215 17.9858 17.533 21.9642 31.0016 26.4394 18.8735 25.1505 39.7626 51.2902 58.0524 40.8945 19.62 18.6037 30.7652 16.6823 16.6627 14.4112 24.7103 28.0786 13.6635 15.9142 12.075 11.7495 35.1213 43.0781 27.9621 17.4468 11.4133 53.6701 10.8024 13.2339 40.3734 9.86676 40.6267 11.5052 37.3272 8.44596 21.9622 12.0552 11.8261 8.99141 8.21565 8.36989 6.04109 17.9105 19.771 24.4623 6.74946 9.67483 5.82728 5.62945 4.31717 4.19752 3.66316 3.20178 2.88449 9.54919 2.57731
threshold=14.500000000000002 53.45000000000001 18.850000000000005 1.0000000180025095e-35 3.2500000000000004 38.250000000000007 5.5000000000000009 41.250000000000007 10.500000000000002 2.5000000000000004 1.0500000000000003 1.0000000180025095e-35 0.035929432013769351 1.2500000000000002 0.16025641025641021 2.5000000000000004 4.5000000000000009 1.5000000000000002 6.5000000000000009 36.050000000000004 2.1500000000000008 0.082333003813020764 1.3500000000000003 23.350000000000005 -3.7499999999999996 35.45000000000001 13.500000000000002 20.550000000000004 143.00000000000003 -6.4999999999999991 9.5000000000000018 2.4500000000000006 1.0000000180025095e-35 1.5000000000000002 34.050000000000004 4.5000000000000009 7.5000000000000009 35.850000000000001 85.000000000000014 1.0000000180025095e-35 37.550000000000004 0.13660287081339714 7.5000000000000009 155.00000000000003 37.750000000000007 1.0000000180025095e-35 4.5000000000000009 0.38675213675213677 38.350000000000001 1.5000000000000002 1.5000000000000002 88.500000000000014 36.150000000000013 14.500000000000002 1160.5000000000002 1.5000000000000002 0.06904761904761901 665.00000000000011 8.5000000000000018 1231.5000000000002 7.5000000000000009
decision_type=2 2 2 2 2 2 2 2 2 2 2 2 2 2 2 2 2 2 2 2 2 2 2 2 2 2 2 2 2 2 2 2 2 2 2 2 2 2 2 2 2 2 2 2 2 2 2 2 2 2 2 2 2 2 2 2 2 2 2 2 2
left_child=1 2 4 -4 46 8 7 -7 9 19 11 13 -13 -11 17 -8 -17 -12 -16 20 21 -6 23 24 -2 58 27 -27 -28 -29 54 -32 33 -26 -35 36 -10 -38 -39 40 -24 43 -42 -41 56 -46 47 50 49 -49 55 -52 -37 -34 -31 -1 -21 -48 -5 -60 -57
right_child=22 -3 3 25 5 6 15 -9 35 10 14 12 -14 -15 18 16 -18 -19 -20 44 -22 -23 39 -25 32 26 28 29 -30 30 31 -33 53 34 -36 52 37 38 -40 41 42 -43 -44 -45 45 -47 57 48 -50 -51 51 -53 -54 -55 -56 60 -58 -59 59 -61 -62
leaf_value=0 -0.048487562238711132 -0.04309726069706582 -0.049180018136274831 0.041086705373606543 -0.098312605419736826 -0.090167824291730425 0.030099649466859658 0.018341728415837442 -0.13215565017378331 -0.13072629583712178 0.0086190240994553132 -0.12838617298585286 0.0019153340058959622 -0.012902165324994302 -0.063871869973648021 -0.085029304943826503 0.02477200715352908 -0.10009707873420105 0.014653534408987343 0 0.028622616073964768 0 -0.086117930062574358 -0.059968735622320558 0.03340376859444099 -0.10881614643265598 -0.081994533353889412 -0.0553784044690665 0.02840596410715493 0 -0.083540121602628872 0.036714002832496123 0.037335332173945253 0.033988696261903789 -0.11070714444045512 0 0.041579070127361686 -0.11672919011328975 0.036768017193115669 -0.085575361799947125 0.031907339848544727 0.042285617006853835 -0.048131387034443925 0.013152762383836251 0.014271744874263291 -0.049284250504114037 0 0 0.015246212537105862 -0.17623985626553104 -0.072411766411844408 0.018278850074636525 0.032625721085569499 0 0.035842460313100434 0.041652480963029696 0.031141032146927899 0.030805136903728155 -0.054388254997473039 0.027595172206254442 0
leaf_weight=11.048015512526034 6.0292585417628279 12.294010683894156 7.9565412889933205 84.076521788258106 11.469284214079382 21.80134028848261 24.964425452053547 4.9226608811877659 4.9272675625979891 18.910362169146538 2.8982367515563947 8.9813502435572428 87.174952411092818 15.694160723593084 6.3159174639731637 12.608181551797317 9.6818981422111374 7.4323975634761155 163.14546426804736 3.9533692523837081 23.069031983613968 15.964849747717379 4.5909724663943043 7.2292678544763467 11.072255890816452 5.7034050896763793 15.396285509457813 5.40905144996941 6.6109869778156272 13.626274521462618 12.098739555105565 34.162522464059293 52.704300756100565 8.075012259185316 8.8457426475360972 12.00442404206842 22.589964184910059 5.5998969487845907 11.018320307135582 3.025963758584111 44.769832062767819 125.24074196629226 3.8183682595845303 3.6406502625904977 21.123796894215051 6.5685663260519496 10.402632027864454 3.8796601332724077 4.8365334495902053 4.1736842468380928 4.3711895123124105 4.8365104347467422 94.694582696305588 14.803522871807216 152.15363522840198 31.234386291354895 105.83396088145673 92.013378646224737 3.199660045560452 24.939050195738673 10.704264268279074
leaf_count=17 42 1042 153 45 52 170 19 6 34 118 1 65 140 49 50 91 9 51 218 9 18 27 62 196 7 36 173 49 5 55 108 29 33 3 62 24 10 32 3 65 53 123 92 3 28 26 16 7 5 25 18 3 75 34 154 24 85 92 30 27 16
internal_value=0 0.00911129 0.00971756 0.0194488 0.00563251 0.0020319 -0.0231187 -0.065535 0.00508968 0.000212119 -0.00814832 -0.029009 -0.00900376 -0.0809447 0.0063346 0 -0.0318011 -0.0576718 0.010981 0.0146841 -0.00594114 -0.0395318 0.0229668 0.00753575 0.0135851 0.0213292 0.014396 0.0206386 -0.0431961 0.0246223 0.027258 0.00253957 0.0188214 -0.0031311 -0.0343911 0.020383 0 0.0175681 -0.00762224 0.0313595 0.011222 0.0385307 0.0230307 -0.0133098 0.0231647 0 0.0196021 0.00666436 -0.0433595 -0.0938471 0.0190482 -0.0114283 0.0284955 0.0297624 0.0334038 0.0266934 0.0292193 0.027868 0.0353596 0.0138046 0.0338112
internal_weight=0 1278.48 1266.18 365.333 900.849 723.349 73.9785 26.724 649.37 498.536 310.553 130.761 96.1563 34.6045 179.792 47.2545 22.2901 10.3306 169.461 187.983 50.5032 27.4341 293.846 108.759 101.53 357.376 245.161 223.154 22.0073 217.45 212.041 46.2613 95.5008 27.993 16.9208 150.834 44.1354 39.2082 16.6182 185.087 53.1792 131.907 48.5882 6.66661 137.48 27.6924 177.5 75.0842 12.8899 8.05334 62.1944 9.2077 106.699 67.5078 165.78 52.9867 109.787 102.416 112.215 28.1387 41.9387
internal_count=4314 3539 2497 864 1633 1410 295 176 1115 937 692 372 205 167 320 119 100 52 268 245 97 79 775 377 181 711 609 431 178 395 346 137 139 72 65 178 79 45 35 398 207 191 145 68 148 54 223 115 37 32 78 21 99 67 209 57 94 108 102 57 40
is_linear=0
shrinkage=0.0493048


Tree=90
num_leaves=62
num_cat=0
split_feature=66 81 12 64 40 31 55 75 38 83 64 78 64 63 75 71 66 84 1 3 71 65 71 15 31 83 56 63 0 68 61 7 66 5 64 47 79 56 82 4 79 52 47 65 52 61 64 61 64 7 64 64 64 63 57 13 78 64 55 64 62
split_gain=16.7635 11.4546 24.3507 24.7273 15.2943 16.0775 19.4945 32.1315 79.7914 31.1834 28.744 16.6738 27.0582 11.9241 15.9123 15.0802 12.8023 11.8592 9.48451 11.3756 10.9617 9.86164 9.37475 9.22344 9.09354 8.14542 8.40174 23.7311 8.80839 29.7622 44.726 9.24035 16.1299 7.23761 17.4287 9.03085 6.72646 5.72008 5.64724 5.3122 9.44021 12.3556 5.2263 8.40365 11.6163 4.82515 4.82247 4.76657 4.73965 4.34499 3.99633 3.97655 8.12671 3.69717 3.28794 2.78326 2.49491 1.56868 2.04851 1.47603 1.1585
threshold=1698.5000000000002 1.8500000000000003 9.5000000000000018 39.150000000000013 36.350000000000001 16.500000000000004 2.1500000000000008 0.71008403361344552 65.000000000000014 -1.3 3.2500000000000004 7.5000000000000009 5.3500000000000005 6.5000000000000009 0.58578431372549034 13.500000000000002 1129.5000000000002 0.36666666666666675 1.5000000000000002 5.5000000000000009 12.500000000000002 5.5000000000000009 8.5000000000000018 13.500000000000002 2.5000000000000004 -2.8499999999999992 0.74166666666666681 6.5000000000000009 1.0000000180025095e-35 552.00000000000011 0.21889880952380952 42.500000000000007 1603.0000000000002 1.0000000180025095e-35 18.550000000000004 34.750000000000007 15.500000000000002 0.93541666666666667 0.25833333333333336 6.5000000000000009 13.500000000000002 8.5000000000000018 37.850000000000001 7.5000000000000009 105.00000000000001 0.32663164275611234 7.2500000000000009 0.26587701612903231 4.9500000000000011 16.500000000000004 2.9500000000000006 6.2500000000000009 6.3500000000000005 10.500000000000002 -1.7499999999999998 1.5000000000000002 11.500000000000002 6.0500000000000007 1.3500000000000003 5.3500000000000005 2.5000000000000004
decision_type=2 2 2 2 2 2 2 2 2 2 2 2 2 2 2 2 2 2 2 2 2 2 2 2 2 2 2 2 2 2 2 2 2 2 2 2 2 2 2 2 2 2 2 2 2 2 2 2 2 2 2 2 2 2 2 2 2 2 2 2 2
left_child=1 2 3 4 25 6 7 8 9 -6 -10 12 -9 15 46 22 -16 33 19 20 56 45 -8 -19 -13 -1 28 -28 29 -27 -31 50 -33 35 39 -3 38 47 59 40 41 -35 -7 44 -44 51 -15 -29 -40 -42 -30 53 -53 57 -38 -50 -2 58 -20 -37 -51
right_child=18 17 -4 -5 5 42 13 11 10 -11 -12 24 -14 14 16 -17 -18 23 21 -21 -22 -23 -24 -25 -26 26 27 37 31 30 -32 32 -34 34 -36 36 54 -39 48 -41 49 -43 43 -45 -46 -47 -48 -49 55 60 -52 52 -54 -55 -56 -57 -58 -59 -60 -61 -62
leaf_value=-0.04345128589641023 0 -0.042001742366207712 -0.097061703190111315 -0.048307184668126099 0.01348468594342995 0.035203915670936801 -0.060594346341035603 0.012376032167918889 0 -0.014664306948998722 -0.11559125031595471 0.028657962222116425 -0.085504481316043407 0 0.0028377114702118366 -0.11033172118059123 -0.093425297265854662 -0.072308239960232931 -0.060165176563010223 0.044150834508935005 -0.067742061864580316 -0.053435079963771018 0.021439628311620839 0.0026693557726015682 0 0.037171454813905519 -0.094792080950343097 -0.042985253596547819 0 -0.099308514771023579 0.0070705919289154925 -0.068426103210194184 0.029252087802749228 0 -0.054019228738169146 0.0053858675393250403 0.0073044833231556841 0.035868849037265518 0 0.040286172309147238 0.034407680682176117 -0.087842297607282016 -0.098106439192580261 0.034196102574236352 3.9108414925578182e-05 0.034833775451216471 0.038691136502286977 0.011507484287611395 0.039412351532749405 0.0061448286803233287 0.033855550328624445 0 -0.08114664213382225 0.034466087110579226 -0.051598475475490256 0 0.030451102122531933 0.005045727722043274 0 -0.036507326290725658 -0.025672519603088202
leaf_weight=3.8752068765461436 3.6849420715589138 2.816405937075614 5.1881523726042351 17.95682604983449 163.37217291188426 54.176865223795176 3.836477871052927 19.581971682608131 5.4734178856015232 225.90720954688732 21.820389518979937 126.18265226576477 9.4929373003542405 13.370331276208161 6.9238602351397258 3.0643093995749942 4.1558870617300272 5.6668654596433026 2.37247054278851 84.371608960907906 4.0803175633773199 5.1519626681692889 18.82649743789807 4.5428697224706411 24.647048191050999 47.215710416436195 5.7093427404761306 5.513184783980253 4.2283400148153296 12.197857603430746 37.327556369826198 6.2488858401775387 11.411273732781408 7.3431422365829331 8.9896338314283621 5.0625288914889088 7.2221983820199966 15.500898959580807 6.6013797558844081 19.26145532913506 20.941856274381283 5.0791476254817098 3.9136148244142541 9.0918903104029596 3.1317505091428757 18.517304308712482 83.622563018230721 10.066246664384378 124.92691020364873 3.868408476933836 162.72419042978436 2.4764994233846656 3.9522837963886559 10.203197062015533 2.8226322531700117 5.7734157601371399 14.882468334399162 3.1838042885065079 2.1528517883270979 2.547242309898138 4.0153955416753888
leaf_count=30 41 45 50 1053 280 41 30 23 9 609 148 132 71 25 11 21 26 42 14 39 46 79 28 10 50 32 36 25 9 69 63 28 7 23 272 8 8 13 13 10 23 32 28 9 2 14 59 13 209 5 110 3 33 5 62 31 15 2 6 63 21
internal_value=0 0.00960193 0.00738356 0.00797056 0.00898295 0.00511454 0.00275609 -0.00086077 -0.00857785 -0.00253123 -0.0901571 0.0163155 -0.0153728 0.0198052 0.0272599 -0.00667746 -0.0222567 0.0197786 0.0272845 0.0357574 0 0.00579741 0.00200393 -0.02691 0.0232503 0.0182128 0.0193593 0 0.0222793 0.00832627 -0.0166713 0.0289147 0 0.0224267 0.00668411 0.0285705 0.0306644 0.0139807 0.0334407 0.0177817 0.00423617 -0.0274983 0.0278285 0 -0.0371249 0.0158535 0.0342037 0 0.03578 0.022237 0.0325422 0 -0.0316978 0.0132974 0 0.0378548 0.0204335 0 -0.028608 0 0
internal_weight=0 1383.24 1145.76 1140.57 1122.61 800.592 730.278 596.478 416.573 389.279 27.2938 179.905 29.0749 133.8 108.073 25.7273 11.0797 237.481 155.03 107.019 22.6477 48.0104 22.663 10.2097 150.83 322.019 318.143 36.7897 281.354 96.7411 49.5254 184.613 17.6602 227.272 69.499 157.773 154.956 31.0803 144.911 60.5094 41.248 12.4223 70.3141 16.1373 7.04537 42.8584 96.9929 15.5794 137.302 28.8257 166.953 24.3411 6.42878 17.9123 10.0448 130.7 18.5674 7.70913 4.52532 7.60977 7.8838
internal_count=4314 4017 3140 3090 2037 1602 1522 1322 1046 889 157 276 94 200 121 79 37 877 297 141 102 156 58 52 182 435 405 87 318 164 132 154 35 825 386 439 394 51 324 114 104 55 80 39 30 77 84 38 253 49 119 63 36 27 70 240 56 22 20 71 26
is_linear=0
shrinkage=0.0493048


Tree=91
num_leaves=62
num_cat=0
split_feature=46 64 64 64 73 62 81 72 79 81 40 60 25 65 7 15 64 78 64 54 41 64 80 47 3 47 72 45 78 58 58 64 15 39 40 38 68 31 83 40 66 61 54 27 67 7 60 40 80 2 74 3 38 45 54 61 55 7 47 75 81
split_gain=16.5663 13.1764 17.701 16.9771 19.1406 27.7792 23.6739 17.4806 22.816 35.0456 56.7259 26.8716 25.5503 17.2039 27.4744 16.0925 14.7835 45.0838 21.5853 13.149 21.9415 26.4064 12.89 10.9533 40.1239 28.8066 16.796 46.4451 28.947 11.5994 14.2089 10.9512 9.22995 35.5239 10.6733 32.887 8.84682 8.21688 21.8665 12.2702 20.4951 9.95122 7.57298 7.04294 6.75877 6.22657 5.75887 15.9899 5.55015 5.35605 4.74499 4.55874 10.7409 4.35013 4.10508 4.1524 4.07077 9.24948 3.74049 4.18219 2.88227
threshold=14.500000000000002 53.45000000000001 18.850000000000005 3.2500000000000004 38.250000000000007 5.5000000000000009 3.3500000000000001 10.500000000000002 2.5000000000000004 0.95000000000000007 37.550000000000004 1.0000000180025095e-35 1.5000000000000002 2.5000000000000004 60.500000000000007 1.0000000180025095e-35 9.6500000000000004 95.000000000000014 4.6500000000000012 36.050000000000004 2.1500000000000008 6.3500000000000005 37.850000000000001 35.45000000000001 32.500000000000007 36.150000000000013 7.5000000000000009 14.500000000000002 9.5000000000000018 3.5000000000000004 23.500000000000004 13.450000000000001 4.5000000000000009 7.5000000000000009 35.850000000000001 85.000000000000014 1106.0000000000002 1.0000000180025095e-35 -1.9499999999999997 38.150000000000013 1440.5000000000002 0.099180327868852461 37.750000000000007 1.0000000180025095e-35 488.50000000000006 1.0000000180025095e-35 0.016001024065540152 36.850000000000001 36.150000000000013 3.5000000000000004 1.3500000000000003 15.500000000000002 35.000000000000007 9.5000000000000018 37.650000000000013 0.12429775280898876 2.9500000000000006 6.5000000000000009 35.95000000000001 0.18465909090909091 0.75000000000000011
decision_type=2 2 2 2 2 2 2 2 2 2 2 2 2 2 2 2 2 2 2 2 2 2 2 2 2 2 2 2 2 2 2 2 2 2 2 2 2 2 2 2 2 2 2 2 2 2 2 2 2 2 2 2 2 2 2 2 2 2 2 2 2
left_child=1 2 3 46 7 6 -6 8 19 10 11 -10 -12 -7 -15 -4 18 -18 -11 20 21 -5 36 -17 25 -25 29 28 -28 53 -31 54 33 -9 -35 -36 45 38 -38 -40 -41 -39 44 -44 -21 -2 47 -1 -34 -48 -51 -43 -53 -27 55 -24 57 -42 -49 -60 -50
right_child=22 -3 15 4 5 13 -8 32 9 16 12 -13 -14 14 -16 23 17 -19 -20 42 -22 -23 31 24 -26 26 27 -29 -30 30 -32 -33 48 34 35 -37 37 41 39 40 56 51 43 -45 -46 -47 49 58 60 50 -52 52 -54 -55 -56 -57 -58 -59 59 -61 -62
leaf_value=-0.11263518368193035 0.011331759752706425 -0.04221288822289318 -0.047369494301974534 0 -0.087135724205773868 0.029352017886512687 0.015836792681545756 -0.12362695804498082 -0.11379248693320447 -0.035309320063741871 -0.11504062448813882 0 0 -0.082100556836393515 0.023162257159981693 0.03452886633640824 -0.069559600229259499 0.028107136640439401 0.01927494013039607 -0.0061920804881669738 0.027585895010356951 -0.10547636927136235 0 -0.098631366096595507 -0.074495361819971462 0 -0.060971483629336673 -0.087213663098117469 0.032532367086613098 -0.064439899737842588 0.029218798465549405 -0.052965976919884354 0 0.040843862418681445 -0.10886709087978393 0.035906239611007001 -0.088800337097837925 -0.043178731656988614 0.037906779386491556 -0.12223360539504385 -0.10552553256989002 0.042311773111400289 0.013250609631352552 -0.044752010215675528 0.031787712917723823 -0.050169953371954006 0.025694050381315295 0.035850823263788384 0.0408345681498858 -0.03757633776599803 0.020041739334412081 0.028529822006332046 -0.054437314359656611 0.041024990249745867 0.020844108992237199 -0.050761087628331897 0.033087108038279071 0.0091843011752676153 0.016111776858032494 -0.039060768627184876 0.014843077911409102
leaf_weight=2.8174094930291202 10.377441719640045 11.441185953794045 7.609825378865934 18.221479516476396 20.992412263993177 24.069780629128218 4.7560189845971754 4.9442837852984658 5.4629123006016007 18.980510228313506 22.458460478112105 76.383927567396313 5.0886332187801591 12.265868921997027 9.1684981994330865 105.43932202132419 23.049425976350904 20.686184294521809 131.56283517368138 6.8824224304407826 21.901486761868 9.1913934424519521 3.2992468625307074 4.5664178009610614 11.350467763724735 12.795654867310075 8.5129036949947459 11.577629160135983 60.006874547805637 6.2970174667425427 9.63115867623128 8.3566418049158511 11.866542141884564 21.121771590784192 5.6577302459627399 10.368184611201286 4.4342844336060798 2.3124825763516119 38.437162634101696 3.2176268287003067 1.979434245731684 128.48074075067416 20.523247611708943 6.7125229425728312 98.173139019869268 5.4776860603597006 135.96577618271112 9.1373598426580447 53.791074324399233 6.3866388238966447 6.1126652210950851 22.458820997737352 3.8145977691747239 108.21302276593633 26.676485009491444 4.4489314425736666 10.308538312325252 4.5482358140870929 7.6989156156778318 5.313711054623127 36.682971543632448
leaf_count=16 41 1042 153 29 167 19 9 34 36 55 141 132 10 92 8 102 141 15 162 17 18 50 4 41 136 53 95 87 57 73 10 207 24 10 32 3 46 35 41 38 24 82 28 26 77 105 151 5 22 18 5 36 32 57 35 31 9 9 9 19 53
internal_value=0 0.00849957 0.00907805 0.00514432 0.00153262 -0.0223995 -0.0632969 0.00443909 0 -0.00831014 -0.0307571 -0.00845622 -0.0924158 0 -0.0313173 0.0186584 0.00369245 -0.0205381 0.0115607 0.01378 -0.00603345 -0.0374249 0.0222601 0.0205153 0.0136345 0.0187204 0.0217774 0.00213099 0.0190771 0.0323578 -7.65493e-05 0 0.0194948 0 0.0166195 -0.00758393 0.0267998 0.0294515 0.0113014 0.0210622 -0.00504309 0.0359275 0.0221052 0 0.0281151 -0.00215224 0.0190218 0 0.027486 0.0227362 0 0.0379221 0.0117024 0.0376532 0.00945852 -0.0136827 0.0101845 -0.00701717 0.0110217 0 0.0316797
internal_weight=0 1231.84 1220.4 874.396 700.964 71.2526 25.7484 629.711 485.279 303.673 109.394 81.8468 27.5471 45.5041 21.4344 346 194.279 43.7356 150.543 181.606 49.3144 27.4129 278.628 338.39 232.951 221.601 217.034 80.0974 68.5198 136.937 15.9282 42.7813 144.433 42.092 37.1477 16.0259 235.847 219.992 62.9253 58.491 20.0538 157.067 132.291 27.2358 105.056 15.8551 173.432 24.9674 102.341 148.465 12.4993 154.754 26.2734 121.009 34.4247 7.74818 16.8362 6.52767 22.15 13.0126 90.474
internal_count=4314 3539 2497 1633 1410 295 176 1115 937 692 319 168 151 119 100 864 373 156 217 245 97 79 775 711 609 473 432 239 152 193 83 277 178 79 45 35 498 352 167 121 80 185 148 54 94 146 223 49 99 174 23 150 68 110 70 35 42 33 33 28 75
is_linear=0
shrinkage=0.0493048


Tree=92
num_leaves=62
num_cat=0
split_feature=46 68 31 31 54 73 64 72 73 6 61 7 47 38 39 80 64 68 49 23 54 15 2 45 60 74 64 41 45 55 57 6 62 73 78 17 55 31 47 61 65 48 6 27 60 60 52 58 39 7 48 79 38 65 41 31 42 46 3 23 49
split_gain=15.6165 12.7295 13.5815 30.3105 37.6815 18.4869 32.209 56.8776 19.9136 31.4603 24.2443 30.5265 19.2967 16.8281 40.0214 22.3412 20.3109 20.1432 15.9726 14.568 27.0319 14.8951 13.7474 13.159 12.9784 12.2048 13.7191 12.0552 11.9311 28.2389 9.90253 9.74819 12.1263 34.9092 9.43548 10.7642 9.25723 7.96338 18.44 11.1124 10.2122 7.85484 7.66965 18.313 7.44644 14.9294 8.43233 7.23619 5.32073 5.12849 4.80931 4.5665 3.55841 3.18183 5.04018 4.15088 2.80673 2.56487 2.29765 2.18873 4.76978
threshold=14.500000000000002 183.50000000000003 6.5000000000000009 4.5000000000000009 37.750000000000007 38.150000000000013 4.5500000000000007 5.5000000000000009 36.750000000000007 3.5000000000000004 0.35767590618336892 1.0000000180025095e-35 37.95000000000001 10.500000000000002 2.5000000000000004 36.150000000000013 1.9500000000000002 1576.5000000000002 0.32291666666666669 1.0000000180025095e-35 37.45000000000001 4.5000000000000009 3.5000000000000004 8.5000000000000018 0.23669467787114842 1.3500000000000003 23.350000000000005 0.55000000000000016 65.000000000000014 1.8500000000000003 -3.7499999999999996 1.0000000180025095e-35 1.5000000000000002 34.050000000000004 8.5000000000000018 1.5000000000000002 0.8500000000000002 1.0000000180025095e-35 37.550000000000004 0.13660287081339714 7.5000000000000009 1.4500000000000002 7.5000000000000009 27.500000000000004 0.038314738696418056 0.091287878787878765 3.5000000000000004 7.5000000000000009 -1.0000000180025095e-35 14.500000000000002 0.35000000000000003 7.5000000000000009 105.00000000000001 7.5000000000000009 0.35000000000000003 8.5000000000000018 0.16025641025641021 4.5000000000000009 10.500000000000002 1.0000000180025095e-35 0.20714285714285713
decision_type=2 2 2 2 2 2 2 2 2 2 2 2 2 2 2 2 2 2 2 2 2 2 2 2 2 2 2 2 2 2 2 2 2 2 2 2 2 2 2 2 2 2 2 2 2 2 2 2 2 2 2 2 2 2 2 2 2 2 2 2 2
left_child=1 53 3 5 -5 8 36 12 9 10 19 -12 -8 15 16 17 -15 -10 -6 21 -21 -3 27 24 -16 26 30 -17 34 -30 -2 32 -32 -34 35 48 51 38 -27 41 -40 -39 50 -44 -37 -46 -47 -25 -4 -33 -36 -7 -48 54 -1 -56 -14 -31 -41 -52 -61
right_child=25 2 28 4 18 6 7 -9 13 -11 11 -13 56 14 23 22 -18 -19 -20 20 -22 -23 -24 47 -26 37 -28 -29 29 57 31 49 33 -35 42 44 -38 39 40 58 -42 -43 43 -45 45 46 52 -49 -50 -51 59 -53 -54 -55 55 -57 -58 -59 -60 60 -62
leaf_value=0.031101248220894072 -0.04463874427892793 -0.0023988983170196579 0 -0.11042820588083345 0.025022907613361161 -0.059631576332598225 -0.071270363821989771 -0.082588968155197812 -0.10484350048197008 -0.096811447306542189 0 -0.13343577370030291 0.041338764639283411 0 -0.084009355927248397 0.027178901961930776 -0.13616200398990888 0.011974667832718151 -0.074921494181582615 -0.087009851498631691 0.0077899670433924451 0.017976622768672929 -0.077563032334037274 0.03268057417306286 0.019753899925658524 -0.079532946484741004 -0.058451243228853485 0 -0.09534080325576251 0.036622674975559641 0.032270117856261243 0.036155192424620702 0.032379555318284452 -0.10497236547175347 0 0.034707848054028843 0.029741435139488879 0.010357617539603278 0.030469407035899121 0.044906338330833025 -0.044843601276106773 -0.082234150093044633 -0.092253828351161277 0.035369610666683274 -0.072452874332319783 0.035113496980462851 -0.062360400678255982 0.00025978845107476754 -0.073098207078862623 0 0.042006282870713597 0 0 0.041821003559529446 -0.064272628262189255 0 0 0 0.0095335903950996784 0.03062346838966061 -0.043252080809342286
leaf_weight=9.4482062016613764 5.6734867291524997 147.95697314210702 1.4255161006003616 12.154374700738115 15.060942164622249 4.2917251326143733 5.0795967547455829 31.872683529858477 8.4005184457637352 7.8632400117348871 7.5546295691747201 6.9891468877904117 17.631270737154413 2.1988158822059622 4.9593692026101035 67.866720833582804 5.4947487986646593 3.2920120633207253 5.1994761282112441 11.420647537568586 14.73026492167264 183.90326349413954 3.9949090727604917 224.04654467618093 3.9459536075592041 4.487253261730074 6.6587109809042877 87.941207313910127 7.1754482716787633 9.3232425283640605 10.292028162628414 48.571805560495704 7.3349496051669147 8.6972484746947867 10.624690704513339 23.566917059011757 36.108806172385812 3.3583227172493926 41.501351240440272 98.360604096204042 3.63593343226239 2.8901347145438194 3.9635570691898456 8.3554195417091233 5.8855694113299277 17.225976899266247 3.3310161523986599 26.522176107158884 5.5650893186684689 14.445495767518876 87.767353747971356 3.0363789424300194 1.2949016094207761 36.077280004741624 3.1844198182225218 1.8927902728319166 6.8639333937317124 4.9615780992899081 14.47227647481486 7.7238196143880469 2.2840279506053776
leaf_count=8 42 491 3 103 30 16 52 544 86 79 19 52 14 2 37 111 40 3 60 84 30 337 41 254 1 62 196 265 68 4 7 33 3 62 24 46 38 2 53 65 92 66 46 4 68 13 40 82 58 34 88 5 1 38 31 2 46 25 58 14 36
internal_value=0 0.00824263 0.00704598 0.00442866 -0.0419224 0.00619082 -0.0128208 -0.0364751 0.00877752 0.000187695 0.00257739 -0.0590551 0.0090599 0.0159428 0.0237587 0.0030394 -0.0829174 -0.0614105 0 0.00543381 -0.0289217 0.0085184 0.00854515 0.0274113 -0.0242218 0.021806 0.00667999 0.0115673 0.0189091 -0.0122035 0.012572 0.017612 -0.00364303 -0.034457 0.023335 0.00443056 0.0177833 0.0301819 0.00992165 0.0375758 0.0216207 -0.0128907 0.0314304 0 0.014184 0 0.0154409 0.0297456 -0.0491704 0.0284601 0.0356657 -0.0241146 -0.030853 0.0331209 0.00292424 -0.0250404 0.0308633 0.0210008 0.0414753 0.0391121 0.00129101
internal_weight=0 1207.46 1156.85 956.38 32.4148 923.966 104.884 61.4475 819.081 380.418 372.555 14.5438 29.5748 438.663 267.168 171.495 7.69356 11.6925 20.2604 358.011 26.1509 331.86 159.803 259.474 8.90532 270.38 101.674 155.808 200.474 21.4603 95.015 89.3415 26.3242 16.0322 179.014 58.295 43.4369 168.706 49.6245 119.081 45.1373 6.24846 120.719 12.319 51.3044 27.7375 21.8519 250.569 6.99061 63.0173 108.4 7.3281 4.62592 50.6027 14.5254 5.07721 24.4952 14.2848 112.833 97.7752 10.0078
internal_count=4314 3539 3460 2922 193 2729 715 656 2014 1092 1013 71 112 922 416 506 42 89 90 942 114 828 417 374 38 775 377 376 538 97 181 139 72 65 441 229 59 398 207 191 145 68 212 50 168 122 54 336 61 67 162 21 41 79 41 33 60 29 123 138 50
is_linear=0
shrinkage=0.0493048


Tree=93
num_leaves=62
num_cat=0
split_feature=46 68 31 64 40 15 63 72 66 60 6 4 67 45 66 61 60 73 7 64 60 80 39 64 2 13 60 64 55 65 31 31 64 83 60 61 53 47 57 54 68 61 15 79 0 58 60 39 47 40 75 83 74 74 38 7 41 67 65 41 31
split_gain=14.8048 12.1021 12.9042 11.969 19.765 34.6085 51.44 52.9736 42.6003 36.4258 46.3578 36.0224 31.1342 26.7076 25.5187 19.8866 17.2338 61.4989 19.2064 16.0651 12.701 11.8952 11.7765 12.3186 11.2775 14.553 12.4714 9.58398 8.68225 9.59709 8.46821 9.82184 15.1326 9.83243 14.2853 9.42063 7.71112 7.64583 18.3174 7.28971 28.6446 33.8281 10.8817 16.6955 7.17285 6.60758 6.35914 8.00905 7.13526 5.03684 6.79274 10.532 4.61757 6.10725 3.73988 3.80046 3.70687 3.27476 2.9916 4.60021 3.92297
threshold=14.500000000000002 183.50000000000003 16.500000000000004 3.2500000000000004 35.850000000000001 4.5000000000000009 12.500000000000002 7.5000000000000009 1698.5000000000002 0.069204980842911865 1.5000000000000002 1.0000000180025095e-35 1404.5000000000002 2.5000000000000004 1089.5000000000002 0.49242424242424249 0.04846539304729091 36.750000000000007 24.500000000000004 3.8500000000000001 0.13367697594501718 37.850000000000001 6.5000000000000009 4.9500000000000011 3.5000000000000004 8.5000000000000018 0.039841269841269809 13.450000000000001 1.9500000000000002 2.5000000000000004 7.5000000000000009 1.0000000180025095e-35 23.350000000000005 -1.9499999999999997 0.052015692640692605 0.099180327868852461 145.00000000000003 37.850000000000001 3.7500000000000004 36.250000000000007 1327.5000000000002 0.19017480409885473 12.500000000000002 9.5000000000000018 1.0000000180025095e-35 -1.0000000180025095e-35 0.016001024065540152 7.5000000000000009 37.550000000000004 38.250000000000007 0.74166666666666681 -1.5499999999999996 1.2500000000000002 0.75000000000000011 13.500000000000002 47.500000000000007 0.25000000000000006 1209.0000000000002 7.5000000000000009 0.35000000000000003 8.5000000000000018
decision_type=2 2 2 2 2 2 2 2 2 2 2 2 2 2 2 2 2 2 2 2 2 2 2 2 2 2 2 2 2 2 2 2 2 2 2 2 2 2 2 2 2 2 2 2 2 2 2 2 2 2 2 2 2 2 2 2 2 2 2 2 2
left_child=1 58 3 24 20 6 7 9 15 10 -6 22 -11 -7 19 -9 18 -18 -16 -15 28 30 23 -8 46 26 -26 54 39 -30 31 32 33 34 -2 -33 -32 57 -39 40 41 -5 56 -44 -42 -24 47 48 -3 -35 51 -51 53 -37 -23 -56 -41 -4 59 -1 -61
right_child=21 2 37 4 5 13 11 8 -10 12 -12 -13 -14 14 16 -17 17 -19 -20 -21 -22 27 45 -25 25 -27 -28 -29 29 -31 36 35 -34 49 -36 52 -38 38 -40 42 44 -43 43 -45 -46 -47 -48 -49 -50 50 -52 -53 -54 -55 55 -57 -58 -59 -60 60 -62
leaf_value=0.030381855936437274 0.00018817767861689088 -0.11056485263706539 0 -0.12857211178208222 -0.10420674170292868 -0.080134772519335637 0.017360944581134598 -0.10017012111693699 0.011459655441293553 0.017461220619361398 0.0028985050838154919 -0.087276034790727139 -0.091764449027621986 0 0.027248315239415198 0 -0.05389541656189957 0.0145243700702443 -0.01626004679755539 -0.10842742090164947 -0.052801290523085416 0.018208035373630017 0 -0.084189442671646075 0 0.018212415249238424 -0.17085477281243347 -0.051237571806538929 0.014447682383039295 -0.061863797827158097 -0.078095599587618664 -0.042623201660202545 -0.067724811926986123 0.038509637092943388 -0.11900632050694386 0.02640493690464403 0.0067980002329291632 -0.081616639209187825 0.030409431584767044 0.0085974834807702252 0 0 -0.10023109402424468 0.020087329451628558 0.036254573297039627 0.04144305605423778 0.026034596123381836 0.014357126429510828 0 0.003650264852523876 0.02647444814754497 -0.088463331514915408 0.044085903216965663 -0.023342843760592598 -0.060577369667289438 0 0.040050117048922494 0.038835231094691613 0.041361201633895499 -0.062459671664256394 0
leaf_weight=9.2020967560820264 5.9104707427322847 2.7045807391405132 10.035216860938815 6.6141991042532053 19.406901604263112 8.0286420383490604 5.0508272275328618 43.32044879742898 9.8393512889742833 71.683032853761688 15.530100896023212 6.9963088511722153 6.7446286282502106 2.365677595138548 180.54156304872595 3.1569301849231115 39.684333220648114 161.93658630049322 24.78999401954934 7.1216705974657089 5.5051500033587208 27.913708666339517 9.287757726851849 4.3357030199840665 2.5457433015108091 3.71148681640625 2.4593661911785603 7.9477626467123619 5.5410414636135084 6.7228263693396002 3.4323658135253927 2.1584986818488678 4.9383321122732005 35.493628220632672 2.768889914965257 32.42605499131605 2.8701516082510352 5.0527976520825204 11.476028906181453 22.461295503657311 13.538198366179129 21.369267943315208 3.7551690312102428 8.0347805405035597 49.677009586011991 55.513915395131335 125.29597107693553 16.151592329144478 2.8112592697143555 3.7071686722338191 14.50003203190863 4.047520845662806 104.4477126612328 4.734169644303619 3.0750411264598361 2.066881537437439 82.381083460059017 54.353766177315265 34.714362478116527 3.1179670747369519 1.8927902728319166
leaf_count=8 18 15 36 70 241 69 3 564 33 135 59 94 60 1 356 7 214 385 160 70 44 44 34 47 7 2 16 207 4 94 53 39 140 23 19 55 3 62 13 60 37 59 28 11 37 63 138 21 6 2 12 27 68 39 23 3 55 50 38 31 2
internal_value=0 0.00798642 0.00681423 0.00521277 0.00286586 -0.00118499 -0.015859 -0.0315464 -0.0710438 -0.0108131 -0.0530845 0.0153973 0.00644744 0.00719519 0.00918383 -0.091179 0.0113131 0.000434083 0.0213882 -0.068803 0.0155415 0.0213868 0.0267908 -0.0164813 0.0179924 -0.0308607 -0.0918033 -0.000148373 0.0178238 -0.0173292 0.0259353 0.0278614 0.0103126 0.0180167 -0.0238833 0.0357035 -0.019983 0.0261788 0 0.0204988 0.00806587 -0.031424 0.0291495 -0.00789679 0.0275203 0.0349821 0.0217423 0 -0.0539163 0.0264764 0.00167651 -0.0286398 0.0377852 0.0167084 0.00841756 -0.0204778 0.0345024 0.0339069 0.0326757 0.00268566 -0.0233909
internal_weight=0 1186.46 1137.53 1056.61 900.934 675.334 250.866 169.681 56.3167 113.365 34.937 81.1845 78.4277 424.468 416.44 46.4774 406.952 201.621 205.332 9.48735 225.6 262.438 74.1882 9.38653 155.68 8.7166 5.00511 41.0034 220.095 12.2639 221.435 215.132 71.366 66.4277 8.67936 143.766 6.30252 80.9178 16.5288 207.831 91.1987 27.9835 116.632 11.7899 63.2152 64.8017 146.963 21.6674 5.51584 57.7483 22.2547 7.75469 141.608 37.1602 33.0556 5.14192 104.842 64.389 48.9272 14.2129 5.01076
internal_count=4314 3539 3460 3299 3094 2595 1340 1099 604 495 300 241 195 1255 1186 571 1115 599 516 71 499 775 147 50 205 25 23 277 455 98 498 442 241 101 37 201 56 161 75 357 203 129 154 39 74 97 180 42 21 64 41 29 162 94 70 26 115 86 79 41 33
is_linear=0
shrinkage=0.0493048


Tree=94
num_leaves=62
num_cat=0
split_feature=66 81 64 71 1 40 75 52 52 41 78 81 68 60 64 39 49 75 82 73 67 12 64 83 66 3 61 20 46 82 67 1 3 71 65 66 74 7 65 56 82 42 42 64 2 84 52 48 64 63 78 60 71 62 60 2 17 80 42 47 42
split_gain=14.3316 10.3804 20.0101 12.6563 23.3832 56.1452 33.326 28.2628 22.5605 35.0327 18.6894 19.6899 26.1884 19.3009 23.5285 17.232 16.5608 20.9306 15.175 15.0311 24.5563 13.8148 12.7808 41.3705 12.5744 18.6157 11.2885 11.2496 44.7979 10.2442 9.63004 8.30154 10.5889 8.849 8.51427 7.90917 7.77876 18.1909 23.1563 7.45622 9.82432 7.2443 19.2891 7.22058 7.12889 9.7922 6.32424 5.50183 5.34257 4.87308 4.84551 8.77913 4.71498 4.34395 4.63426 3.92208 3.51535 3.35575 3.17513 3.40863 3.17085
threshold=1698.5000000000002 1.8500000000000003 39.150000000000013 25.000000000000004 1.5000000000000002 37.650000000000013 0.16025641025641021 19.000000000000004 75.000000000000014 0.75000000000000011 10.500000000000002 1.1500000000000001 1371.0000000000002 0.13063795205201137 3.4500000000000006 2.5000000000000004 0.39444444444444454 0.65476190476190488 0.91987179487179505 37.45000000000001 1555.5000000000002 1.5000000000000002 5.3500000000000005 -1.3 1628.0000000000002 5.5000000000000009 0.063164893617021267 1.0000000180025095e-35 1.5000000000000002 0.13809523809523808 1375.0000000000002 1.5000000000000002 5.5000000000000009 12.500000000000002 5.5000000000000009 1008.5000000000001 0.95000000000000007 4.5000000000000009 1.5000000000000002 0.85164835164835173 0.24264705882352941 0.36931818181818182 0.16025641025641021 2.4500000000000006 1.0000000180025095e-35 0.70833333333333337 9.5000000000000018 3.9500000000000006 2.4500000000000006 9.5000000000000018 125.00000000000001 0.26876172607879928 12.500000000000002 4.5000000000000009 0.03399460708782736 2.5000000000000004 2.5000000000000004 36.45000000000001 0.095454545454545472 39.650000000000013 0.42261904761904762
decision_type=2 2 2 2 2 2 2 2 2 2 2 2 2 2 2 2 2 2 2 2 2 2 2 2 2 2 2 2 2 2 2 2 2 2 2 2 2 2 2 2 2 2 2 2 2 2 2 2 2 2 2 2 2 2 2 2 2 2 2 2 2
left_child=1 2 3 10 5 6 -5 -7 9 19 11 13 22 18 -15 -16 44 43 27 20 -6 -20 52 -24 35 -26 -14 30 -29 48 -1 32 33 -2 53 -12 37 58 -39 41 -41 42 -37 -18 45 -8 -43 55 -3 60 51 -51 57 54 -33 -38 -57 -13 -31 -60 -10
right_child=31 29 -4 4 8 7 16 -9 49 -11 24 12 26 14 15 -17 17 -19 21 -21 -22 -23 23 -25 25 -27 -28 28 -30 36 -32 34 -34 -35 -36 39 47 38 -40 40 -42 46 -44 -45 -46 -47 -48 -49 -50 50 -52 -53 -54 -55 -56 56 -58 -59 59 -61 -62
leaf_value=0.018990949614954025 0.018474637710527656 0 -0.047409808513352664 -0.11318559380523815 -0.15753854544385335 0 -0.056937366825285024 -0.10260832829031337 0.0034472725753071734 -0.10883085293682501 -0.062177651703323775 0.023606691978216986 0 0.0091828948962828418 0 -0.10225978913176811 0 0.00387481147954199 -0.1032103953689365 0.024889651673698571 0.0039879306919318267 0 0.024577924364813947 -0.091737703711440743 0.0080987223464309577 -0.11923317803551066 -0.096329925421506951 0.028471704976007907 -0.16134703663828398 0.038275305258381839 0.0015452532621913744 0.0015925939648636534 0.043249410867461674 -0.063823424700599513 -0.051754813963843259 0.0242253922166492 0.030132984112943573 0.023121231254483898 -0.088926551364076817 0.020772227997436665 -0.064069964385992995 0 -0.047452467187355483 -0.10861658691512167 0.036662425137978343 0.024066632340989189 0.034133250144498167 -0.024078403033017528 -0.0588211180281056 -0.087498881425982611 0.024207563809090386 0.0012090331577568423 0.041171963217048746 0.02420298292968355 -0.060521847912407466 -0.029312210154703863 0.022625993048660916 -0.023950459022172136 -0.041625087005234963 0.019549671609665281 0.043549151474493314
leaf_weight=306.79702971887309 16.783957508625466 2.7862369790673238 15.989324776688589 5.660416161408647 3.2300352007150677 7.4940377511084106 5.2801482230424908 23.247497868491337 13.374122649431227 7.8962103640660635 1.7580591277219344 7.3901576399803179 2.6826467961072913 15.709241367876528 4.9060561200603869 11.619087474420665 1.3231905102729813 15.919408994261174 5.1838318139780295 25.312791998498142 3.3635010272264481 3.7132426025345922 14.339029299095271 13.243209929205479 5.5314132291823608 3.7016635276377201 12.55624788883142 7.4375340193510038 4.3685675216838717 18.310652283020321 124.27344329771586 4.3899732157587996 72.929974763188511 3.837697167415171 4.8266429766081265 42.638347535859793 146.48126857995521 5.6614726185798636 9.8691458452958596 6.6259880857542139 5.1905551548115909 16.204135647043586 10.924915321171282 6.7037073187530041 40.419726647436619 11.3203137665987 171.19160703045782 2.5230240968521676 5.7256821539485827 3.4241993338800993 11.297746710479258 2.512904167175293 13.379466354846953 31.885418245568871 3.1821232484653592 5.2159053434152138 7.8475405948702246 6.9746179096400738 2.7940482236444941 8.8257089168764633 43.913217837922275
leaf_count=497 56 4 1063 33 21 16 26 156 22 52 18 6 9 20 13 87 2 29 36 24 4 4 17 98 10 22 83 3 32 7 277 6 39 46 79 52 451 4 90 7 33 38 44 40 24 10 125 68 106 25 8 1 6 48 23 73 26 22 37 11 25
internal_value=0 0.0084413 0.00626575 0.00720302 -0.00254821 -0.0184456 0.000463471 -0.0757116 0.0126857 -0.0152752 0.0101158 0.0046853 -0.0191105 0.00841258 -0.0273277 -0.0694924 0.00998815 -0.0217021 0.0112398 0.00407636 -0.0567818 -0.0496314 -0.00101898 -0.026811 0.02106 -0.0297831 -0.0765035 0.0127471 -0.0315263 0.0185981 0.0142505 0.025768 0.0343989 0 0.00471657 0.0233965 0.0211333 0.000190432 -0.0401309 0.0244918 -0.00607993 0.0265077 0.00726488 -0.0876556 0.0254813 0 0.0313421 0.0262395 -0.0284984 0.0292877 0 -0.0293358 0.0201474 0.0148118 -0.00831667 0.0278194 0 0 0.0252844 0 0.036364
internal_weight=0 1282.06 1066.02 1050.03 231.693 117.368 86.6269 30.7415 114.325 39.8025 818.34 554.573 70.5654 484.008 32.2344 16.5251 80.9665 23.9463 451.774 31.9063 6.59354 8.89707 55.3265 27.5822 263.767 9.23308 15.2389 442.877 11.8061 216.041 431.07 137.836 93.5516 20.6217 44.2842 254.534 207.529 45.461 15.5306 252.776 11.8165 240.959 53.5633 8.0269 57.0202 16.6005 187.396 162.068 8.51192 74.5222 17.2349 5.9371 27.7442 39.4575 7.5721 159.545 13.0634 14.3648 29.9304 11.6198 57.2873
internal_count=4314 4017 3140 2077 518 336 164 172 182 101 1559 1210 241 969 120 100 131 71 849 49 25 40 149 115 349 32 92 809 35 877 774 297 141 102 156 317 767 149 94 299 40 259 96 42 60 36 163 618 110 81 34 26 34 77 29 550 99 28 55 48 47
is_linear=0
shrinkage=0.0493048


Tree=95
num_leaves=62
num_cat=0
split_feature=64 67 49 15 49 71 47 64 3 64 82 46 7 60 57 82 65 1 38 53 64 60 75 38 79 56 3 67 80 39 64 15 64 75 71 80 61 64 7 2 64 61 54 80 82 56 53 53 80 65 40 46 63 61 64 74 64 75 79 19 47
split_gain=13.8234 30.6461 19.0091 17.1373 13.3941 22.1366 26.7719 59.4471 14.5642 15.4399 13.0819 18.4075 43.4124 13.2846 28.6155 25.1494 12.6237 45.8744 11.0785 43.6923 18.1547 10.9246 17.7439 10.756 16.6749 9.44162 8.97873 21.5501 32.587 26.2305 13.9377 11.4946 19.803 7.99949 26.8916 9.54426 20.5694 15.1529 9.48292 9.26494 20.5652 7.94156 12.852 12.869 7.84639 7.55509 7.32354 15.6247 7.31378 6.91996 6.30448 19.216 9.16666 5.64156 5.63317 10.4958 5.53287 5.40102 5.3795 7.55473 5.34372
threshold=27.750000000000004 1032.5000000000002 0.12916666666666668 15.500000000000002 0.45804195804195807 10.500000000000002 37.050000000000004 4.0500000000000007 41.500000000000007 15.15 0.77350427350427364 8.5000000000000018 12.500000000000002 0.10327052968361176 1.7500000000000002 0.57738095238095244 2.5000000000000004 5.5000000000000009 75.000000000000014 10.500000000000002 2.3500000000000001 0.032086479066575101 0.19375000000000003 7.5000000000000009 14.500000000000002 0.06904761904761901 17.500000000000004 1429.0000000000002 37.850000000000001 2.5000000000000004 22.250000000000004 7.5000000000000009 6.1500000000000012 0.12916666666666668 14.500000000000002 36.050000000000004 0.24037037037037037 2.7500000000000004 28.500000000000004 1.0000000180025095e-35 4.2500000000000009 0.25819892473118283 36.95000000000001 39.050000000000004 0.91287878787878796 0.34313725490196084 11.500000000000002 15.500000000000002 36.95000000000001 2.5000000000000004 38.45000000000001 14.500000000000002 12.500000000000002 0.21401308615049067 4.6500000000000012 0.25000000000000006 8.1500000000000004 0.6132478632478634 13.500000000000002 23.500000000000004 38.150000000000013
decision_type=2 2 2 2 2 2 2 2 2 2 2 2 2 2 2 2 2 2 2 2 2 2 2 2 2 2 2 2 2 2 2 2 2 2 2 2 2 2 2 2 2 2 2 2 2 2 2 2 2 2 2 2 2 2 2 2 2 2 2 2 2
left_child=4 -2 -3 23 18 6 7 53 9 21 11 12 16 15 -15 -13 -7 -18 26 20 -20 22 -8 24 -4 -17 30 54 29 -29 31 33 60 34 39 36 37 -35 -36 56 -41 -23 -43 -44 58 -38 -12 -48 -21 -50 52 -52 -37 -6 55 -28 -1 -56 -25 -60 -33
right_child=1 2 3 -5 5 10 8 -9 -10 -11 46 13 -14 14 -16 25 17 -19 19 48 -22 41 -24 44 -26 -27 27 28 -30 -31 -32 32 -34 35 38 50 45 -39 -40 40 -42 42 43 -45 -46 -47 47 -49 49 -51 51 -53 -54 -55 57 -57 -58 -59 59 -61 -62
leaf_value=0.022879453360435204 -0.055808557590839449 -0.054426421207503142 -0.049375386760134254 -0.051977730555214978 -0.036363077206754801 0.023278334084543516 0.008692206056967966 -0.091902401653120941 -0.073298758946682196 -0.059808888267074659 0.028748854054985569 0.026014099674518638 -0.11096240801297598 -0.1016117819851758 0.0087173703341837661 0 -0.13442163537032636 0.029253006139171339 0 0.036666890252737318 -0.10243243319124552 0.02786624682220263 -0.090608116734707395 0.03825483376551457 0.033798375766795521 -0.081115701231317131 -0.039515267160042507 0 0.028040996015552731 -0.12172607591544371 -0.066512930311771426 -0.039001113878961921 -0.093722194800904018 0 -0.13200084674374615 0.030898173789022855 -0.026634096473388116 -0.1050870944047818 0 0.0083959624609546181 -0.11146942115798239 0.018012868255220558 -0.11412066043008076 0 -0.028597156554608812 0.025662411329205933 -0.081627889338039897 0.021491944458734612 0.011286575640019839 -0.063369217223459326 -0.02280646517876958 0.030333204068792061 -0.010499038459422178 0.017574069109762492 0.03450259621623665 0.022581441558288218 -0.010638900016236557 0 -0.053751761772082879 0.030193406917244779 0.018471213806341934
leaf_weight=55.406203087419271 10.978152502444571 5.9743972687283522 9.9103641503024846 5.161810197052545 4.965194649994376 23.111346423625946 8.93303000833839 28.134949798462912 6.0369218215346327 7.6618377077393225 90.395729985553771 104.92928079620469 10.928474551998077 7.5297914387192604 17.213721734820865 2.0337548255920392 6.7287860466167304 8.6898410320281982 3.9086582958698299 23.766375578939915 13.279035113751886 64.260469113010913 6.187328554224222 176.01679989532568 14.228138094302267 7.7026971898740157 7.8701893612742415 11.668520979583265 23.355341460555792 8.5711926622316224 5.4890880105085662 4.9647051244974199 6.5905419662594786 3.7919408157467824 4.8000662380363783 137.18515743268654 6.305252435617148 7.1461057849228382 1.7213068380951879 7.277978874742983 4.7568899970501661 14.199829863384368 4.4207434616982928 2.4193255454301834 2.4956071397755286 32.493777602910995 4.7896135505288866 12.613954264670609 8.4232825562357885 3.9046575408428899 27.531460276339203 37.709702027961612 9.5851534344255906 24.821875303983688 160.78878907952458 27.835427911020815 9.627297197468577 16.74058784916997 3.7348795050056625 8.1663146481150761 15.754424171522258
leaf_count=63 420 159 413 218 17 21 13 219 45 83 91 137 59 50 34 1 46 4 6 15 85 60 44 541 30 52 23 24 41 55 53 18 38 6 33 131 23 48 5 7 32 20 28 4 72 29 31 12 9 28 111 37 27 31 156 33 37 27 127 13 19
internal_value=0 0.0210791 0.0253779 0.0281219 0.00753177 0.000814643 -0.0129583 -0.0402679 0 0.00507749 0.00922144 0.000708446 -0.024391 0.0105085 -0.0199324 0.0181654 0 -0.0342676 0.0119253 -0.008251 -0.0744875 0.0112846 -0.0238491 0.0306364 0 -0.0534887 0.0138145 0.0212683 -0.00817278 -0.0560714 0.0084217 0.00986512 -0.0191707 0.012523 0 0.0167686 -0.000334009 -0.0622054 -0.0966047 0.00737533 -0.0288598 0.0189766 -0.00227499 -0.0623617 0.0345665 0.0139457 0.0229784 0 0.0198888 -0.00241007 0.0213666 0.00600336 0.0273458 0.00438228 0.0278708 0.0053903 0.0160035 0.0316899 0.036072 0 0
internal_weight=0 236.666 225.688 219.714 1156.96 468.708 172.042 57.922 114.119 108.083 296.667 188.868 49.4584 139.409 24.7435 114.666 38.53 15.4186 688.249 53.282 17.1877 100.421 15.1204 214.552 24.1385 9.73645 634.967 256.83 43.5951 20.2397 378.137 372.648 27.3097 345.338 83.5897 261.749 49.7371 10.938 6.52137 77.0684 12.0349 85.3004 21.0399 6.84007 190.414 38.799 107.799 17.4036 36.0943 12.3279 212.011 65.2412 146.77 29.7871 213.235 35.7056 65.0335 177.529 187.918 11.9012 20.7191
internal_count=4314 1993 1573 1414 2321 1102 564 267 297 252 538 404 130 274 84 190 71 50 1219 143 91 169 57 1196 443 53 1076 359 120 79 717 664 75 589 177 412 106 54 38 139 39 112 52 32 753 52 134 43 52 37 306 148 158 48 239 56 100 183 681 140 37
is_linear=0
shrinkage=0.0493048


Tree=96
num_leaves=62
num_cat=0
split_feature=74 41 58 64 59 64 64 79 46 82 64 41 40 49 45 73 13 15 49 54 38 64 38 61 82 5 0 80 63 55 82 71 61 66 71 49 78 60 38 58 41 12 3 61 16 14 46 41 3 74 31 64 82 3 74 82 80 47 74 61 67
split_gain=13.0849 20.5278 16.9732 9.93008 10.0885 9.77619 9.98868 15.247 22.7265 19.9785 21.7776 34.3115 33.516 25.8898 23.3843 19.1811 18.6282 14.9354 15.2286 14.6431 14.5879 17.0447 16.1511 26.3372 39.7475 15.6441 15.1517 19.9292 12.8642 35.7153 11.9847 11.0939 20.0704 9.27484 18.0636 11.5795 8.43052 8.57805 8.23508 7.98408 7.64883 16.522 34.3769 51.6605 20.3677 12.7544 17.7261 10.1624 9.24429 7.3881 6.92776 6.80508 13.6431 7.48482 9.71476 9.21676 6.61269 6.45692 5.23877 5.09434 4.93286
threshold=1.8500000000000003 0.45000000000000007 -13.499999999999998 10.850000000000003 1.0000000180025095e-35 53.45000000000001 27.750000000000004 2.5000000000000004 8.5000000000000018 0.77350427350427364 2.3500000000000001 0.95000000000000007 35.850000000000001 0.064583333333333312 65.000000000000014 38.850000000000001 1.0000000180025095e-35 15.500000000000002 0.12916666666666668 37.850000000000001 55.000000000000007 5.3500000000000005 11.500000000000002 0.23117408906882589 0.65476190476190488 1.0000000180025095e-35 1.0000000180025095e-35 36.95000000000001 3.5000000000000004 0.75000000000000011 0.82575757575757591 12.500000000000002 0.32087118565105982 1488.0000000000002 13.500000000000002 0.70294117647058829 4.5000000000000009 0.056470900876959808 7.5000000000000009 11.500000000000002 1.5500000000000003 1.0000000180025095e-35 71.500000000000014 0.2861692447679709 2.5000000000000004 1.0000000180025095e-35 5.5000000000000009 0.75000000000000011 20.500000000000004 1.0500000000000003 20.500000000000004 6.2500000000000009 0.48529411764705882 4.5000000000000009 1.9500000000000002 0.19375000000000003 35.150000000000013 36.750000000000007 1.3500000000000003 0.2671361502347418 1691.5000000000002
decision_type=2 2 2 2 2 2 2 2 2 2 2 2 2 2 2 2 2 2 2 2 2 2 2 2 2 2 2 2 2 2 2 2 2 2 2 2 2 2 2 2 2 2 2 2 2 2 2 2 2 2 2 2 2 2 2 2 2 2 2 2 2
left_child=5 2 -2 51 39 6 7 28 9 10 -9 14 -13 -14 16 -16 -12 18 -8 20 22 -22 23 24 -10 -25 27 -24 29 -1 38 32 -11 36 35 -35 37 -21 60 56 41 45 43 44 -43 47 -47 -30 -49 -28 -4 53 -53 54 -3 -56 59 -33 -40 -5 -20
right_child=1 3 50 4 -6 -7 17 8 19 31 11 12 13 -15 15 -17 -18 -19 30 33 21 -23 26 25 -26 -27 49 -29 40 -31 -32 57 -34 34 -36 -37 -38 -39 58 -41 -42 42 -44 -45 -46 46 -48 48 -50 -51 -52 52 -54 -55 55 -57 -58 -59 -60 -61 -62
leaf_value=0.0083378682078816789 0.021682755522886277 0.017307948899098459 -0.081703948008192487 -0.059530943977437044 -0.036794822238602719 -0.040822443773587763 -0.054781320450549773 0.022771534017225967 -0.10525596954858117 -0.092298834686378825 -0.033372597405371955 0 0 -0.11369495258350663 -0.12239655319995126 0 0.013942362256177869 -0.057775609537678616 -0.041071869259111417 0.010517187909308849 0 -0.082771346555473774 -0.10003933150929098 0.020256821673911709 0 -0.03880607146752757 0.034244756958825139 0.0037963103847606827 0.034221525264902276 -0.11222364690136552 -0.04414207326633484 0 0.022710272652143738 0.025030777974963087 -0.089346085653742108 -0.047730063133805511 0.027471964938715104 -0.068715065993927418 0.0377403725854926 -0.021727122970494742 0.030935280479429721 -0.19987862507391552 0.023480242085784229 0 0 -0.11010485938998206 0.0075766947063986324 -0.043790937604996083 0.029920547349227625 0 0 -0.074883143507488217 0.0043629357346613466 0.027948126217937994 0 -0.10832917260921605 0.037500825494758298 0.03748408524261565 0 0.018355121161796821 0.019538939938882283
leaf_weight=35.116402397863567 6.698922437150034 9.489418815821411 10.328682967578059 2.8581867432221753 3.4881111665745257 9.4530384428799135 4.7150329629657781 21.052483826875687 15.081837907200677 6.1034688111394626 30.688363778172061 11.260040968656538 5.3914469310548183 25.365928679937497 7.6256440300494415 2.5756684392690659 57.475479511311278 4.8314005892607375 5.6602303143590671 6.9597157062962633 10.768155410885813 10.805670999106949 5.424152432940903 53.206690017133951 20.398903176188469 12.803123300895093 68.46263120463118 15.224015654996036 89.222781925462186 6.9134782091714433 4.0554587338119736 11.159667581319807 6.4821711257100105 28.931733784265816 5.0813592760823658 5.7069265814498058 137.20162102812901 4.4409024654887617 108.12225753767416 3.5046338560059658 95.167837457731366 6.2524040751159209 25.433211850002408 12.918233993463216 2.1729427501559258 3.9311752021312696 7.8077231496572495 8.457325120456515 6.9812317639589301 21.204055950976908 1.3209974125493307 6.3312051217071739 18.860675591975451 47.591650180518627 3.0579436272382727 3.6874324204400182 150.63534093007911 31.557320175692439 8.5135143147781474 6.3004097209777683 6.2154389545321465
leaf_count=51 11 9 158 82 83 852 50 25 123 42 106 26 20 182 40 3 88 95 113 11 20 75 30 78 53 62 55 29 74 49 46 21 5 41 43 33 168 29 142 171 102 43 27 23 6 20 11 29 3 44 6 50 33 56 7 26 350 18 42 18 6
internal_value=0 0.0195102 -0.0278324 0.0233953 0.0308064 0.00701768 0.00755236 0.00552338 0.00100265 -0.011745 -0.0208049 -0.0282293 -0.066134 -0.0928395 -0.010757 -0.0815809 -0.00112386 0.0200767 0.0237358 0.00784971 0 -0.0389783 0.00352589 -0.00990737 -0.0446622 0.00690421 0.0170107 -0.0175883 0.0147169 -0.00861196 0.0274796 0.0124512 -0.0233092 0.0180818 -0.000151579 0.00942157 0.0237909 -0.00958459 0.0307182 0.033019 0.0189942 0.011263 -0.0118089 -0.0596468 -0.15439 0.0216034 -0.0214756 0.0276283 -0.00242997 0.0263679 -0.0669281 0.0081071 -0.0106981 0.0174783 -0.00556465 -0.0560088 0.0350021 0.025906 0.0348029 0 0
internal_weight=0 274.154 18.3486 255.805 166.787 1090.38 1080.93 938.814 638.439 216.738 161.435 140.383 42.0174 30.7574 98.3652 10.2013 88.1638 142.113 137.282 421.701 233.379 21.5738 211.805 101.491 35.4807 66.0098 110.315 20.6482 300.375 42.0299 132.567 55.3026 12.5856 188.322 39.72 34.6387 148.602 11.4006 128.511 163.299 258.345 163.177 46.7768 21.3436 8.42535 116.4 11.7389 104.661 15.4386 89.6667 11.6497 89.0183 25.1919 63.8264 16.2348 6.74538 159.794 42.717 116.636 9.1586 11.8757
internal_count=4314 1060 175 885 704 3254 2402 1908 1470 576 490 465 228 202 237 43 194 494 399 894 569 95 474 316 176 140 158 59 438 100 349 86 47 325 117 74 208 40 303 621 338 236 99 72 49 137 31 106 32 99 164 181 83 98 42 33 450 39 184 100 119
is_linear=0
shrinkage=0.0493048


Tree=97
num_leaves=57
num_cat=0
split_feature=66 68 31 61 64 61 55 12 79 1 58 16 66 84 67 5 0 61 39 78 64 61 14 17 41 0 83 79 40 82 74 80 47 66 48 71 73 67 63 63 78 64 45 67 60 64 1 56 80 64 31 31 60 60 3 53
split_gain=12.7531 9.85752 9.80106 11.5162 19.25 32.6991 15.2646 12.8992 35.3288 26.6829 44.7384 60.81 22.9109 22.6168 23.7326 22.4854 24.3274 25.0154 26.9859 20.1805 17.1289 13.8095 15.1756 13.1563 11.9067 11.5901 26.6847 8.69094 8.26962 7.72768 11.7553 6.79458 6.25583 15.1268 6.12274 8.90169 5.25511 4.7025 7.99967 4.33636 4.03812 3.98391 3.91849 3.17927 3.01772 2.9778 2.44983 3.66426 3.36037 1.83216 0.568106 0.800539 0.535377 1.78408 0.413811 0.233488
threshold=1698.5000000000002 242.50000000000003 16.500000000000004 0.028174603174603106 31.850000000000005 0.49242424242424249 0.25000000000000006 1.0000000180025095e-35 8.5000000000000018 7.5000000000000009 -3.4999999999999996 2.5000000000000004 1488.0000000000002 1.0000000180025095e-35 1557.5000000000002 4.5000000000000009 1.0000000180025095e-35 0.17376207729468598 6.5000000000000009 25.000000000000004 10.850000000000003 0.34654631083202514 1.0000000180025095e-35 5.5000000000000009 3.0500000000000003 2.5000000000000004 1.3500000000000003 12.500000000000002 38.050000000000004 0.06904761904761901 0.35000000000000003 37.850000000000001 37.850000000000001 1203.5000000000002 0.55000000000000016 7.5000000000000009 35.550000000000004 1375.0000000000002 7.5000000000000009 10.500000000000002 5.5000000000000009 5.7500000000000009 35.000000000000007 1171.0000000000002 0.037175234936428908 5.7500000000000009 1.5000000000000002 0.55050505050505061 38.050000000000004 2.6500000000000008 20.500000000000004 23.500000000000004 0.11746550472040666 0.033520599250936305 3.5000000000000004 3.5000000000000004
decision_type=2 2 2 2 2 2 2 2 2 2 2 2 2 2 2 2 2 2 2 2 2 2 2 2 2 2 2 2 2 2 2 2 2 2 2 2 2 2 2 2 2 2 2 2 2 2 2 2 2 2 2 2 2 2 2 2
left_child=1 28 3 6 7 -6 -3 15 9 10 20 -12 25 -11 -15 16 17 18 -5 -14 -9 31 -23 -17 -19 26 -10 34 42 46 -31 -18 44 -34 35 -8 -27 39 54 52 45 -42 -1 -43 55 -36 -2 48 -48 -30 -46 -52 53 -32 -39 -4
right_child=29 2 32 4 5 -7 27 8 12 13 11 -13 19 14 -16 23 21 24 -20 -21 -22 22 -24 -25 -26 36 -28 -29 49 30 37 -33 33 -35 40 -37 -38 38 -40 -41 41 43 -44 -45 50 -47 47 -49 -50 -51 51 -53 -54 -55 -56 -57
leaf_value=0.036930375653460114 0.043811366673659653 -0.075199484735198663 0.011028566624413467 -0.090808104292198807 -0.061846357649198595 0.034892382232036778 0.021294031696715038 0.010036080389798344 0.015064463056745222 0.035102385100828908 -0.10121248030275165 0.0077714281325561504 -0.092916083777332015 -0.10219100235360075 0.010355294075979585 -0.086893935242610354 0.029814763921125559 0.010283515774391627 -0.0066088517547026552 0.0017115583942135097 -0.078563404492325586 -0.093877774885485488 0.0058733798447415126 0.0020799699305916065 -0.034624296135435627 0 -0.10375979116389691 -0.037895802846516884 0 -0.056186299695197783 0 0.00069056279816681588 0.028269816877478034 -0.078114086210161318 0.019117292085722718 -0.077816927816367315 0.035384680910886653 0.021617746715107598 -0.065654136961964038 0.03578984071200958 0 0 0 0.041557484384737955 0.040190445875311974 -0.042196660133408531 -0.05162494021110664 0.033479497031527715 0 -0.038705508399601567 0.019087584232343226 0 0.011983245795897171 -0.050810197765845708 0 -0.0067058472094980639
leaf_weight=56.096338485134766 49.59651698358357 3.283333816099911 3.1983343013562253 12.774288248037918 26.854950595181435 10.613378127105532 5.9090002775192243 42.306440642103553 32.301180053502321 30.132414937950671 37.285367673728615 15.641959149157627 8.4557385502848792 7.4179252404719573 7.4891167357563972 9.2971522798761708 185.07306422060356 309.51161015406251 48.625405141909141 8.8817255994072166 6.021312872413545 4.7911168532446 8.3529641032218933 2.7110102400183669 13.915321049746124 10.396626979112623 5.3096877327188841 3.5461039904039344 2.1019766926765433 5.132591174915432 4.4387671048752946 31.682252589613199 10.515277612023054 4.610734177986159 6.2073800191283208 3.0944770826026797 77.675928252749145 7.1363237178884429 3.9334612954407921 31.460463559720665 7.5297384932637206 7.1120746473316094 12.899810183793305 70.45738432649523 41.258380636107177 2.7503552092239261 3.2471283208578807 7.8452232964336872 2.4013915276154876 4.1963866075966507 5.8768467833287996 3.8828767852392048 5.3305386095307767 1.8515860291663555 4.6150013012811542 3.8451878135092556
leaf_count=61 26 46 3 83 1331 17 6 58 48 23 219 35 56 49 7 66 186 565 145 18 43 30 11 2 73 21 29 79 3 52 23 69 13 72 8 22 74 11 44 40 16 49 27 92 32 56 26 5 4 125 7 18 14 29 23 24
internal_value=0 0.00761878 0.0063271 0.00497742 0.00308063 -0.0311214 0.0202987 0.0046164 -0.00369736 -0.0210634 -0.0353623 -0.0666716 0.0131978 0.00832624 -0.037432 0.00865262 0.0101313 0.00218911 -0.0261913 -0.0373734 0 0.0228825 -0.0211996 -0.0565319 0.0079635 0.0211712 0 0.024429 0.0254547 0.0246408 0.00977004 0.0261322 0.0242281 0 0.0277914 0 0.0309731 0.0176746 0 0.0262902 0.0316932 0.0350065 0.0311608 0.0383296 0.0316482 0 0.0377188 0.00607936 -0.0100672 -0.0172478 0.0358258 0.00460272 0 -0.00916413 0.0141057 0
internal_weight=0 1211.89 1136.6 1063.41 953.518 37.4683 109.89 916.05 289.315 146.295 101.255 52.9273 143.021 45.0395 14.907 626.734 614.726 384.827 61.3997 17.3375 48.3278 229.899 13.1441 12.0082 323.427 125.683 37.6109 106.607 75.2945 126.989 63.8987 216.755 73.1876 15.126 103.06 9.00348 88.0726 58.7661 15.6848 43.0814 94.0569 85.0992 68.9961 77.5695 58.0616 8.95774 63.0903 13.4937 5.64852 6.29836 51.0181 9.75972 11.6209 6.29035 11.7513 7.04352
internal_count=4314 4017 3801 3632 3258 1348 374 1910 680 434 355 254 246 79 56 1230 1162 866 228 74 101 296 41 68 638 172 77 328 216 297 236 255 169 85 249 28 95 184 78 106 221 157 88 141 84 64 61 35 30 128 57 25 66 52 34 27
is_linear=0
shrinkage=0.0493048


Tree=98
num_leaves=62
num_cat=0
split_feature=66 55 40 42 80 68 75 81 41 48 64 66 78 31 13 7 82 42 3 38 80 42 42 64 42 46 52 12 54 3 64 82 74 60 60 61 83 61 3 72 0 73 27 60 64 52 55 75 66 64 68 78 64 60 67 63 66 47 7 65 42
split_gain=12.1091 9.36327 14.1305 15.1727 25.6008 22.2694 18.3117 38.3763 26.5042 26.2498 65.8287 25.7147 45.5185 15.0683 13.7856 19.981 13.7399 14.0322 13.1522 11.0577 10.5674 10.3617 10.1635 10.8329 8.65596 20.1209 12.5054 8.18456 7.89475 7.68074 18.5954 7.44097 10.941 6.96378 6.93518 7.00348 14.9854 9.08085 24.6684 20.0707 9.28406 22.5406 8.34649 12.1437 6.68613 6.61048 6.3841 6.22342 5.57247 6.73728 5.55214 4.67838 4.59915 4.54304 4.38836 7.42341 4.30872 6.81422 6.62816 8.21967 5.02007
threshold=1698.5000000000002 2.1500000000000008 36.350000000000001 0.17156862745098037 34.650000000000013 1404.5000000000002 0.71008403361344552 0.65000000000000002 0.65000000000000002 1.6500000000000001 5.0500000000000007 1345.5000000000002 19.000000000000004 1.0000000180025095e-35 1.0000000180025095e-35 1.5000000000000002 0.57738095238095244 0.5590277777777779 23.500000000000004 3.5000000000000004 38.750000000000007 0.4330357142857143 0.06904761904761901 5.0500000000000007 0.86190476190476206 7.5000000000000009 11.500000000000002 4.5000000000000009 41.350000000000001 6.5000000000000009 7.2500000000000009 0.06904761904761901 0.35000000000000003 0.20521390374331547 0.14971264367816092 0.25410277105192364 -1.0499999999999998 0.19204425711275028 3.5000000000000004 8.5000000000000018 1.0000000180025095e-35 36.350000000000001 2.5000000000000004 0.12313266443701222 3.9500000000000006 6.5000000000000009 1.5500000000000003 0.31009615384615391 1164.0000000000002 10.350000000000003 225.50000000000003 4.5000000000000009 1.9500000000000002 0.047114317425083208 1375.0000000000002 7.5000000000000009 1629.5000000000002 40.45000000000001 1.0000000180025095e-35 1.5000000000000002 0.095454545454545472
decision_type=2 2 2 2 2 2 2 2 2 2 2 2 2 2 2 2 2 2 2 2 2 2 2 2 2 2 2 2 2 2 2 2 2 2 2 2 2 2 2 2 2 2 2 2 2 2 2 2 2 2 2 2 2 2 2 2 2 2 2 2 2
left_child=1 2 24 19 5 -5 7 11 -8 10 45 12 21 27 15 -13 17 -10 -15 20 -4 -6 23 -21 34 -26 -27 -11 33 30 -18 -2 -33 48 35 36 44 40 -39 -40 41 -38 51 -44 -1 -9 -24 -48 49 -3 -36 -37 -52 -31 -34 -56 58 -58 59 -50 -60
right_child=31 28 3 4 6 -7 8 9 16 13 -12 14 -14 18 -16 -17 29 -19 -20 22 -22 -23 46 -25 25 26 -28 -29 -30 53 -32 32 54 -35 50 42 37 38 39 -41 -42 -43 43 -45 -46 -47 47 -49 56 -51 52 -53 -54 -55 55 -57 57 -59 60 -61 -62
leaf_value=0 0.037347325673765149 0.010709416604039705 -0.07113468891734262 -0.098278702169720358 -0.043367222765918943 0 -0.083745706514266674 -0.050083287770399221 0.0051970751904396109 -0.072761693472699271 -0.091012995931314927 0.028279389355492898 -0.13559872113735658 0.015424718674248572 0.03487862076904958 -0.037951736696343316 0.021721798774531186 -0.069866093599923643 -0.055211203966475136 0.004250410514941007 0.0090388466271298096 0.0067757446132884975 0.026228105051559213 -0.070964534053977388 -0.084718344265348883 -0.055612562164612064 0.027878701010326322 0 -0.049097426772489343 0.041961223190373827 -0.07227017207853037 -0.054637618937812861 0.025686775265501182 -0.033442560444520923 0.0037492675838928457 0 -0.09576822315736587 0.018586529294544019 -0.16133096398266059 0 0.031710320597851435 0.020581815902720881 -0.080661110613604051 0.025597524474984153 -0.084570254470114847 0.0092543236205756881 0.0077881836423526109 -0.067019718928320621 0.021007897837964504 -0.055936487497377695 0 0.038584645734363057 -0.079050520056379053 0.010825845529800449 0.013626301877100257 -0.064069014656612855 -0.056302923130532707 0.025034055964650338 0 -0.061890917426122148 0.029664241691506967
leaf_weight=1.3508816957473744 60.787237677490339 16.511633295565847 6.9215938136912865 12.430251509998927 12.0330404471606 10.329809285700319 6.1048576191533348 5.2859332039952269 22.474995838478211 10.424626075138802 38.955552037339658 26.198314933804795 6.859535022173076 53.837432167958468 73.725601391633973 19.124272422632203 28.601689647883177 7.3458737117471165 6.8300276685622512 11.332132991403343 4.2245970079675317 54.563685397035442 127.45332940970547 5.8440204218495628 6.6783903513569376 4.7908473638817695 22.484590177948121 1.9533744957298029 3.25697849667631 60.570877464488149 6.0524440138833588 5.021615858655422 42.022821441059932 4.2699980232864609 3.355129346251486 9.4343316110316646 5.0536002360750016 20.078930386807773 3.9157987716607732 4.2613182519562542 72.779826395213604 19.166102359769866 3.8409917796961945 6.5925030410289764 5.3216309228446335 31.789596015587449 17.983604856999595 3.0908423811197272 5.5488172173500043 4.5938991481671101 1.0030059814453123 85.005507549969479 4.3807120863348246 29.302885029814206 11.613198507344348 3.8353623691946259 4.1529626306146366 5.2189902069512755 7.7278502716217181 4.590152672259137 155.7165169774089
leaf_count=1 61 25 76 166 52 65 63 23 62 163 466 31 58 155 76 84 29 96 76 16 18 119 201 54 52 39 36 5 96 47 105 52 106 19 4 24 37 28 34 25 82 36 28 3 67 51 37 38 4 134 1 66 31 63 34 44 73 8 54 76 439
internal_value=0 0.00738146 0.00516851 0.00123868 -0.00277428 -0.0539127 -0.000204718 -0.00690015 0.0132725 -0.0258629 -0.0462827 0.00714086 -0.0148066 -0.00289527 0.0217277 0 0.0179328 -0.0091871 0.0053974 0.0138482 -0.0296906 -0.000435688 0.0175326 -0.0142054 0.0145878 -0.00615526 0.00860939 -0.0534611 0.0170529 0.0254263 0.00166627 0.0242177 0.00944433 0.0186917 0.017963 0.019831 0.0107291 0.0153623 -0.00593145 -0.0811063 0.0228466 0 0.0300885 -0.0017766 -0.0573407 0 0.0220423 0 0.0203973 0 -0.0183628 0.0349245 -0.0550315 0.0332007 0.017235 0 0.0231962 0 0.0250487 -0.00438082 0.0276355
internal_weight=0 1192.73 981.139 701.645 524.795 22.7601 502.035 341.581 160.454 149.077 76.0311 192.504 73.4563 73.0455 119.048 45.3226 154.349 29.8209 60.6675 176.85 11.1462 66.5967 165.704 17.1762 279.494 33.9538 27.2754 12.378 211.588 124.528 34.6541 123.28 62.493 208.331 245.54 236.801 131.928 125.256 28.256 8.17712 96.9995 24.2197 104.873 10.4335 6.67251 37.0755 148.528 21.0744 204.061 21.1055 8.73885 94.4398 5.38372 89.8738 57.4714 15.4486 182.955 9.37195 173.583 10.139 163.444
internal_count=4314 4017 3089 2495 2055 231 1824 1359 465 939 540 420 229 399 191 115 402 158 231 440 94 171 346 70 594 127 75 168 928 244 134 297 236 832 467 431 310 242 87 59 155 73 121 31 68 74 276 75 813 159 36 90 32 110 184 78 654 81 573 80 493
is_linear=0
shrinkage=0.0493048


Tree=99
num_leaves=62
num_cat=0
split_feature=64 67 49 15 49 71 47 64 14 64 19 31 65 75 56 64 71 30 71 20 49 11 56 68 15 60 75 68 64 65 82 7 27 68 7 67 12 7 58 27 75 7 48 48 61 54 71 55 3 82 56 64 15 38 79 15 75 56 61 79 0
split_gain=11.6237 25.8859 15.8395 14.069 11.4067 18.7845 22.1513 50.8525 11.6735 13.051 11.0177 59.9682 34.2857 9.51754 19.9128 25.7314 19.1961 21.6154 16.8269 11.3614 16.8377 14.5691 9.27238 11.8122 9.24542 8.86186 14.8979 8.80731 27.0356 8.38191 7.72021 7.46345 7.44077 12.5628 7.07746 26.2005 24.6757 6.83257 12.8538 12.5756 14.3644 21.9095 7.00882 6.4221 6.36136 8.26876 9.64936 5.88244 5.53297 5.43812 7.42116 5.15398 5.02255 4.92858 9.90231 4.72613 8.41046 7.93414 4.64407 3.97493 3.82355
threshold=27.750000000000004 1032.5000000000002 0.12916666666666668 15.500000000000002 0.45804195804195807 10.500000000000002 37.050000000000004 4.0500000000000007 2.5000000000000004 15.15 7.5000000000000009 9.5000000000000018 1.5000000000000002 0.12916666666666668 0.11437908496732026 7.3500000000000005 10.500000000000002 1.0000000180025095e-35 1.5000000000000002 1.0000000180025095e-35 0.19375000000000003 1.5000000000000002 0.36931818181818182 1169.5000000000002 1.0000000180025095e-35 0.032086479066575101 0.19375000000000003 1106.0000000000002 5.4500000000000011 3.5000000000000004 0.91287878787878796 42.500000000000007 1.5000000000000002 1203.5000000000002 5.5000000000000009 1088.0000000000002 5.5000000000000009 1.0000000180025095e-35 -8.4999999999999982 3.5000000000000004 0.17156862745098037 35.500000000000007 0.75000000000000011 0.45000000000000007 0.25819892473118283 36.95000000000001 1.5000000000000002 2.2500000000000004 22.500000000000004 0.12916666666666668 0.51470588235294124 6.9500000000000011 1.5000000000000002 7.5000000000000009 14.500000000000002 2.5000000000000004 0.77350427350427364 0.55050505050505061 0.21401308615049067 13.500000000000002 1.0000000180025095e-35
decision_type=2 2 2 2 2 2 2 2 2 2 2 2 2 2 2 2 2 2 2 2 2 2 2 2 2 2 2 2 2 2 2 2 2 2 2 2 2 2 2 2 2 2 2 2 2 2 2 2 2 2 2 2 2 2 2 2 2 2 2 2 2
left_child=4 -2 -3 24 13 6 7 58 9 25 22 12 -12 14 34 16 32 -18 -15 37 -21 -22 23 29 -4 26 -8 28 -24 -7 31 53 33 -16 35 -1 -37 49 -39 40 -40 -42 43 -41 51 -46 -47 55 -44 -20 -51 -27 -49 54 -26 56 60 -58 -6 -55 -29
right_child=1 2 3 -5 5 10 8 -9 -10 -11 11 -13 -14 18 15 -17 17 -19 19 20 21 -23 27 -25 30 44 -28 47 -30 -31 -32 -33 -34 -35 -36 36 -38 38 39 42 41 -43 48 -45 45 46 -48 52 -50 50 -52 -53 -54 59 -56 -57 57 -59 -60 -61 -62
leaf_value=0.018031078872469731 -0.053969864765710425 -0.051024976634904427 -0.031515092213499754 -0.04807365468812673 -0.033240898869455901 0.021693701085765908 0.0076818561797856793 -0.08722621929185144 -0.070751230130256818 -0.056913035250385081 0 0.030829091418069065 -0.10268799247090502 -0.068669059552768183 -0.086374807168826798 -0.082463255455576354 -0.13974609165535692 0 0 0.0034463889409561909 -0.17203766754130481 0 0.02170350590319025 -0.073936265112725275 -0.041641597217762526 0 -0.083919765022017451 0 -0.086561068570372462 -0.054628834716695857 -0.030361602961002883 -0.022018881973967321 0.027976167459612993 0.0066921276167684037 0.022631097415571046 -0.1525619802953033 0 0.036676456738663918 0.028408229762241947 0.011218807550032552 0 -0.071642512729174046 0 -0.054956042598910786 0.014379316284369262 0 -0.094364296238772141 0.0019728439428257521 0.035651653609794373 0.03598969554772944 0 0.034756172688044235 -0.068014878247717264 0.039429027489668214 0.032996363411305608 0.030391161997757012 0 -0.092784457863266681 0.016172109652802108 0 0.035692598515309273
leaf_weight=25.787825205363333 9.9770961463218537 5.4845076261553904 3.8939848674926898 4.6742028841399579 4.8517875112593201 17.251877188682563 8.561886169947682 26.794477169634774 5.3163626552559426 7.324772033840417 10.106159701943399 37.393967262469232 18.740595031064004 5.3013309403322628 4.338495220988988 13.462469859980045 4.8702682917937627 3.0914203673601151 9.5297638196498138 8.1844145664945227 2.8471235632896414 2.072969127446413 19.420355413109068 5.7255470098461947 5.9574237742926934 16.190464844927192 6.0142562030814579 9.0847427337430453 7.5764761725440612 4.0783239165320984 2.7500442892778656 3.1311507256468749 24.473077200353146 9.6959312334656698 70.420386747922748 4.9243233660235992 2.7734297960996628 48.323113431688398 35.924094040179625 16.751766010653231 139.52007561200298 11.49235653033247 12.524761510547249 4.4356110580265513 13.654394008219244 2.1905249655246726 4.5421314053237438 7.7402765937149507 61.707441574661061 98.870269138365984 20.361232061870396 43.10677131684497 2.6351067312061787 151.51914843963459 12.628618930000812 115.86553458997514 2.7215510159730902 3.4899062924087048 23.780999448150396 9.8684296337887627 14.87266268953681
leaf_count=33 420 159 288 218 17 19 13 219 41 84 15 36 117 40 24 106 32 6 29 17 18 5 23 42 228 27 45 26 55 31 88 116 24 12 89 34 5 43 36 28 323 62 31 23 21 2 31 17 73 83 43 33 15 360 16 108 4 21 31 100 9
internal_value=0 0.0196995 0.0240067 0.0267713 0.00654197 0.000127419 -0.0128933 -0.0381784 0 0.00396161 0.00821606 -0.00816715 -0.0630001 0.0107367 0 -0.0221434 -0.00194679 -0.0735301 0.0142553 0.0154536 -0.0262071 -0.100319 0.0139637 -0.01017 0.0292785 0.0100296 -0.0217105 0.018203 -0.00415086 0.00121671 0.0312267 0.0328362 0.00967917 -0.0133788 0.0135217 -0.00192918 -0.0846641 0.0169144 0.0124447 0.00785335 0 -0.00624989 0.0224216 0 0.0174022 -0.00102304 -0.0505516 0.0228562 0.0295901 0.0274215 0.0303787 0.0258298 -0.00402134 0.0344853 0.002362 0.0256176 0.00315361 -0.042063 0.00343194 0.0374132 0.020103
internal_weight=0 209.885 199.908 194.423 1080.72 439.032 162.329 55.4273 106.902 101.585 276.703 66.2407 28.8468 641.684 163.838 59.9317 46.4692 7.96169 477.846 472.545 13.1045 4.92009 210.462 27.0557 189.749 94.2604 14.5761 183.407 26.9968 21.3302 185.855 183.105 38.5075 14.0344 103.906 33.4856 7.69775 459.44 330.679 282.356 186.937 151.012 95.4196 21.1874 79.6843 20.3871 6.73266 156.41 74.2322 128.761 119.232 59.2972 10.3754 179.974 18.586 146.034 30.1689 6.21146 28.6328 161.388 23.9574
internal_count=4314 1993 1573 1414 2321 1102 564 267 297 256 538 168 132 1219 365 204 98 38 854 814 40 23 370 92 1196 172 58 278 78 50 908 820 60 36 161 72 39 774 619 576 421 385 155 51 114 54 33 200 104 155 126 60 32 704 244 168 60 25 48 460 35
is_linear=0
shrinkage=0.0493048


Tree=100
num_leaves=62
num_cat=0
split_feature=46 31 31 54 14 13 40 66 73 2 15 19 68 68 82 64 54 49 58 12 13 74 64 66 80 39 7 45 55 6 57 80 71 54 57 64 64 68 57 82 65 78 2 38 60 49 57 71 60 47 82 41 83 81 49 78 48 6 81 42 63
split_gain=11.115 11.2766 22.8217 25.7613 17.833 37.1892 18.1017 17.6567 14.1861 19.3491 15.6553 24.2319 26.054 27.3027 13.7648 20.9526 12.8113 12.2144 11.8315 11.7644 11.0491 27.5442 14.8002 10.4262 9.60862 9.19977 14.4298 9.19656 18.8312 7.40909 13.7615 7.29128 11.8024 7.17849 14.8849 6.95673 6.92853 6.26865 5.95784 9.53549 5.7701 5.74526 8.4256 5.53488 5.0486 4.98727 8.80646 4.74745 4.41129 4.33006 4.08794 2.97668 2.88715 2.68157 2.59496 2.55357 2.09312 2.04274 1.91597 1.82804 1.96026
threshold=14.500000000000002 6.5000000000000009 4.5000000000000009 37.750000000000007 1.5000000000000002 2.5000000000000004 39.350000000000001 1675.0000000000002 39.150000000000013 3.5000000000000004 3.5000000000000004 3.5000000000000004 774.50000000000011 1513.0000000000002 0.064583333333333312 4.3500000000000005 36.750000000000007 0.32291666666666669 -8.4999999999999982 9.5000000000000018 1.5000000000000002 0.25000000000000006 11.550000000000002 1676.5000000000002 37.850000000000001 5.5000000000000009 1.5000000000000002 65.000000000000014 1.8500000000000003 7.5000000000000009 -0.74999999999999989 35.350000000000001 85.000000000000014 38.850000000000001 4.7500000000000009 13.450000000000001 3.4500000000000006 1169.5000000000002 -2.2499999999999996 0.12916666666666668 9.5000000000000018 5.5000000000000009 1.0000000180025095e-35 19.000000000000004 0.093121797398502112 0.32291666666666669 10.500000000000002 135.00000000000003 0.12914197937239413 37.350000000000001 0.39444444444444454 1.1500000000000001 1.7500000000000002 0.95000000000000007 0.63068181818181823 13.500000000000002 0.55000000000000016 1.5000000000000002 0.25000000000000006 0.095454545454545472 13.500000000000002
decision_type=2 2 2 2 2 2 2 2 2 2 2 2 2 2 2 2 2 2 2 2 2 2 2 2 2 2 2 2 2 2 2 2 2 2 2 2 2 2 2 2 2 2 2 2 2 2 2 2 2 2 2 2 2 2 2 2 2 2 2 2 2
left_child=1 2 4 -4 8 6 7 -6 9 10 11 14 16 -14 15 -1 -13 -5 -16 25 33 -22 -23 -10 31 37 -27 29 -29 38 53 32 -2 40 -35 44 -8 51 39 -3 -12 42 57 55 50 -45 -47 -46 52 -44 -26 -7 54 -31 59 -43 -30 -33 -56 -40 -61
right_child=24 27 3 17 5 19 36 -9 23 -11 20 12 13 -15 18 -17 -18 -19 -20 -21 21 22 -24 -25 35 26 -28 28 56 30 -32 41 -34 34 -36 -37 -38 -39 48 -41 -42 43 49 45 47 46 -48 -49 -50 -51 -52 -53 -54 -55 58 -57 -58 -59 -60 60 -62
leaf_value=0.0015940802349280574 -0.068886809392223941 0.02696534181161735 -0.095132638892375179 0.023082610497293269 -0.1111849132012807 -0.050013481678905826 0.03089446916857682 0 -0.062896868494513189 -0.099817718921612356 0.01738037997204055 -0.063257924249293176 -0.094347185459990351 0 -0.046360303499755937 -0.09283706754281007 0.018384000085802751 -0.069385625079473615 0.014498863724153131 -0.071238957274391113 -0.11229346376504608 0.017650394155233517 -0.063213437542232395 0.0076022320133075586 0 0.010981205686039833 -0.081367854675564871 -0.080431105964228644 0.034107715281145957 0 -0.088965829292043178 0 0.018895943055129965 -0.086344450357522126 0.018159047339887879 -0.047732243073460009 -0.051906467976631836 0.03798878326339207 0 -0.059886344046693407 0.036617305642036212 0.041348280407556941 0 0.024969946287365388 -0.068382487317981938 -0.051688782420413269 0.017137578337960691 0 0 -0.080229837425332559 0.036575714753910353 0.0061157065142446081 0 0.029516918458858482 0.021549981952797628 0 0 0.032086002531278926 -0.028253108589808982 0.039299671094813443 0
leaf_weight=12.651276484131815 5.1964061299222548 7.7142013894626853 11.68819120526314 13.240158416097985 15.677953922306189 2.7942581202369174 6.1134694814681989 7.2140258625149718 11.683814574091228 3.7048862681258461 252.49911120580509 5.2968601784668854 18.977255504170898 14.413160861004142 7.1001028947066507 7.7901701130904248 29.578249895013869 4.6643927904078728 239.89771122846287 3.8622376897837958 5.0556716851424417 50.259512664750218 5.7540981301572165 4.1556256145704529 10.024941066280013 11.430367429507898 5.3801105935126534 6.7310081515461233 7.8140553236007673 4.7336910618469146 3.8528842298546797 6.2218623609514969 10.946209490415638 4.6212243174668393 8.2492171758785826 7.0295500580687067 4.0395051268860698 32.539527154527605 3.1260508405975989 4.8584458247059956 66.156000872841105 83.548220641678199 1.7234805673360813 35.570729077095166 3.4657835057005277 6.7217700992478084 11.532797072082756 1.7674907296895979 5.5817166771739712 3.6959044104442 13.629537678323684 4.2851901866961271 7.458015121985226 10.553244673414154 5.6663913466036302 8.6874017622321826 4.4763128785416484 11.588048077654092 2.4844118489418179 91.588722879183479 7.3794623119756571
leaf_count=20 120 14 105 30 129 30 3 21 276 45 376 36 196 48 60 114 80 60 654 34 37 64 99 17 32 23 57 68 3 26 67 19 33 69 15 207 67 21 14 52 197 80 3 51 27 80 30 2 27 25 9 8 39 18 8 48 28 9 55 113 16
internal_value=0 0.00619507 0.00372298 -0.0383022 0.00535074 -0.0144998 -0.0569555 -0.08124 0.00799505 0.00913134 0.00986094 0.00162673 -0.0241141 -0.055473 0.00866438 -0.028415 0.00237251 0 0.0122399 0.00672728 0.0165845 -0.000813937 0.00709154 -0.0365906 0.0188217 0.0143056 -0.0112975 0.0178476 -0.0103168 0.0221075 -0.00093194 0.0234179 -0.00176067 0.0201642 -0.00985671 -0.00144832 0 0.0283053 0.0262678 0 0.0217678 0.026553 0 0.030212 0.00555798 0.0137038 -0.00145591 -0.030266 0.0296276 -0.049723 0.018765 0 0.0317882 0.0132884 0.0338005 0.0384894 0.0181092 0.0198053 0 0.0359919 0.0371646
internal_weight=0 1044.79 870.773 29.5927 841.181 93.3366 33.045 22.892 747.844 732.005 728.3 335.705 68.2655 33.3904 267.439 20.4414 34.8751 17.9046 246.998 60.2917 392.595 61.0693 56.0136 15.8394 221.35 56.4295 16.8105 174.019 19.0214 154.997 19.1398 185.433 16.1426 331.526 12.8704 35.9173 10.153 39.619 135.857 12.5726 318.655 169.29 23.2293 146.061 28.8878 53.8253 18.2546 5.23327 123.285 5.41938 23.6545 7.07945 117.703 15.2869 110.245 92.2356 12.2904 17.8099 8.1508 102.094 98.9682
internal_count=4314 3539 2991 195 2796 393 220 150 2403 2110 2065 1208 360 244 848 134 116 90 714 173 857 200 163 293 775 139 80 548 99 449 111 498 153 657 84 277 70 59 338 66 573 345 56 289 70 161 110 29 272 28 41 38 245 44 206 128 31 28 63 143 129
is_linear=0
shrinkage=0.0493048


Tree=101
num_leaves=62
num_cat=0
split_feature=74 41 58 82 20 64 7 63 1 81 64 66 19 61 42 15 27 74 81 80 74 64 3 58 7 39 7 16 71 60 74 57 7 60 60 80 64 27 64 56 12 27 58 80 6 15 68 42 64 66 83 39 19 64 80 31 38 54 64 64 47
split_gain=10.5406 16.5337 13.1721 8.95929 17.1436 20.6188 15.7494 26.5316 28.397 52.3003 30.1317 26.1409 15.6797 24.4015 21.0568 15.4319 16.5384 14.6931 13.3998 22.1723 34.8721 19.1094 31.0245 21.4624 12.822 12.3278 25.3533 32.226 18.5321 9.96263 9.91659 9.78291 18.0254 17.3729 18.0723 29.1973 22.4395 11.3174 8.96601 8.84843 8.80533 10.3848 8.52382 9.36711 9.03673 8.7041 8.48653 8.20003 12.9301 7.3494 8.98192 7.1349 6.4666 12.7117 6.40377 6.38775 5.94279 5.90052 5.79554 5.73253 5.66892
threshold=1.8500000000000003 0.45000000000000007 -13.499999999999998 0.19375000000000003 1.0000000180025095e-35 5.3500000000000005 4.5000000000000009 10.500000000000002 1.0000000180025095e-35 1.1500000000000001 19.550000000000004 1284.0000000000002 5.5000000000000009 0.30735492577597845 0.97222222222222232 7.5000000000000009 4.5000000000000009 1.4500000000000002 1.9500000000000002 37.45000000000001 0.95000000000000007 8.9500000000000011 6.5000000000000009 -1.4999999999999998 91.500000000000014 10.500000000000002 56.500000000000007 1.0000000180025095e-35 14.500000000000002 0.13278222681477653 0.65000000000000002 1.2500000000000002 29.500000000000004 0.17902930402930403 0.082333003813020764 36.250000000000007 3.4500000000000006 2.5000000000000004 2.4500000000000006 0.39444444444444454 1.5000000000000002 11.500000000000002 -1.0000000180025095e-35 39.150000000000013 1.5000000000000002 3.5000000000000004 382.00000000000006 0.48333333333333339 6.4500000000000011 1404.5000000000002 -1.0000000180025095e-35 8.5000000000000018 5.5000000000000009 4.9500000000000011 36.95000000000001 20.500000000000004 5.5000000000000009 34.250000000000007 2.6500000000000008 2.6500000000000008 39.45000000000001
decision_type=2 2 2 2 2 2 2 2 2 2 2 2 2 2 2 2 2 2 2 2 2 2 2 2 2 2 2 2 2 2 2 2 2 2 2 2 2 2 2 2 2 2 2 2 2 2 2 2 2 2 2 2 2 2 2 2 2 2 2 2 2
left_child=3 2 -2 24 6 -6 18 8 9 -8 12 52 13 14 -10 -14 -17 25 19 21 -21 -5 -23 -24 31 26 27 28 -9 -19 -25 32 33 34 35 36 -1 54 -39 59 -33 56 44 57 45 46 -3 48 -37 50 -34 58 -11 -54 -36 -4 -42 -44 -22 -27 -59
right_child=1 42 55 4 5 -7 7 17 10 11 -12 -13 15 -15 -16 16 -18 29 -20 20 51 22 23 30 -26 39 -28 -29 -30 -31 -32 40 49 -35 37 47 -38 38 -40 -41 41 -43 43 -45 -46 -47 -48 -49 -50 -51 -52 -53 53 -55 -56 -57 -58 60 -60 -61 -62
leaf_value=0 0.018381031903495465 0 -0.076645260430430948 0.024055195602887231 0 -0.12108943682382939 -0.11443571636395164 -0.082232813271961636 -0.11858826935922769 0.031402388294642064 -0.071460346189499174 -0.082219417967605554 0.039272977216457838 0.019744191655100982 0.0032504230391238657 -0.05795808526961381 0.014131225640511072 -0.086253912003409844 0.032594046305168892 -0.09443314609754444 0 -0.080262427648284576 -0.075425296912849077 0.037263214557221376 -0.06079203717423079 0.013720753947342521 0.028584211884373326 -0.10762601382771837 0.025960170605228535 0 -0.010990199237319845 0.027721953255346592 -0.079161585233315734 -0.099436916655194815 0.033054521153543882 0 -0.10248776493322131 0 -0.082658979055696163 0.037646210756643046 0 0.019726626020016333 -0.010533448995191758 -0.035281115672693937 -0.044727425144765819 0.025410420866407112 -0.076969555804983811 0.021908117377396487 -0.077683210579498202 0.034745876289446982 0.015107653908755386 0.025494063580828268 0.02351053159045164 -0.084986334157508128 0 0 -0.091482847985265014 0.03328870108014316 -0.068539971257079252 -0.057578566817677736 0
leaf_weight=8.6545504182577151 5.9711737225297865 6.6634406702360121 9.6741127764107642 124.99591722991318 10.808829955756666 5.8970040248241267 18.670374126872048 4.9502846116665813 8.8843574933707732 18.24149781931192 13.694600619026458 9.1511169788427633 39.306035313289613 9.1590161062777025 2.5965628623962393 10.287659392692147 28.353466332424432 5.8907652714988199 62.199705552076921 12.842223823070524 1.8551638126373315 12.020375287509522 6.0252806153148404 30.783468216424808 5.2231937430915414 4.46822342276573 36.606635372387245 9.4653890772024152 16.80062831309624 2.7418411725666374 10.507258706726132 133.36793420807226 3.0567171417642376 4.3521397246513507 51.994260994950309 22.97488024272025 13.957555103814228 2.9124748408794394 4.432523007504642 59.638201288413256 4.5164662841707486 13.660397928673772 4.1402232681866726 3.8995508828083976 7.5725126599427304 36.318610318470746 4.2340273659210652 27.115861913189292 6.3196869365638113 56.506173468311317 10.770596769638358 15.762814698275177 4.5547351837158185 4.127410582266748 17.155841244850308 1.3506363932974625 4.0739901722408831 154.04143797932193 4.5095691626193002 3.9869240103289485 9.405335101997478
leaf_count=14 11 16 158 147 19 60 159 50 50 24 271 107 27 11 1 50 52 67 146 109 1 170 61 29 52 3 56 80 24 6 61 330 38 29 59 40 164 3 41 72 26 21 42 139 109 95 87 57 75 98 17 48 2 38 47 6 32 307 70 40 90
internal_value=0 0.0176755 -0.0259978 0.00578852 0.00180817 -0.0469131 0.00339282 -0.00394716 -0.0176217 -0.0468708 -0.00224365 -0.00838416 0.00613166 -0.0299346 -0.0803061 0.0172853 -0.00188055 0.0109942 0.0119581 0.00553417 -0.0293882 0.012838 -0.00869769 0.00690152 0.0116767 0.0156586 0 -0.0318472 0 -0.0478706 0.0219762 0.0129853 0.00578724 -0.00266608 0 -0.0164698 -0.0638813 0.0171423 -0.0343802 0.0304824 0.0228308 -0.000903906 0.0215088 0.0270175 0.00199256 0.012144 -0.020636 0.000359139 -0.0153497 0.0267609 0 0.0028384 0.0121714 -0.0139324 0.0244265 -0.0612607 -0.0480763 0.0292158 -0.0336745 -0.00534818 0.0309853
internal_weight=0 243.271 16.9959 1000.83 609.783 16.7058 593.078 311.576 167.027 54.7451 112.282 36.0748 98.5871 20.6399 11.4809 77.9472 38.6411 144.549 281.502 219.302 34.9698 184.332 59.3364 47.316 391.045 135.916 67.8229 31.2163 21.7509 8.63261 41.2907 385.822 230.203 159.87 155.518 79.0225 22.6121 76.4951 7.345 68.0933 155.619 22.2509 226.275 171.487 54.7886 47.2161 10.8975 56.4104 29.2946 70.3335 13.8273 22.1275 26.9236 8.68215 69.1501 11.0247 8.59046 167.587 6.36473 8.45515 163.447
internal_count=4314 1060 175 3254 2111 79 2032 1190 792 330 462 171 191 62 51 129 102 398 842 696 228 468 321 151 1143 325 210 154 74 73 90 1091 682 529 500 350 178 150 44 115 409 79 885 578 307 198 103 172 115 153 55 119 64 40 106 164 58 439 71 43 397
is_linear=0
shrinkage=0.0493048


Tree=102
num_leaves=62
num_cat=0
split_feature=46 31 31 54 14 13 40 66 15 19 53 27 55 42 64 40 61 59 80 75 60 13 74 64 73 49 12 64 61 80 79 39 7 45 55 6 57 31 40 41 49 61 1 15 49 64 64 68 57 82 2 78 60 60 71 83 82 83 68 82 68
split_gain=10.285 10.2002 19.8836 22.8582 16.0897 33.1091 15.5756 15.0391 12.4771 22.6663 23.5768 26.554 15.3181 15.8775 12.4512 19.9634 20.1864 30.7868 17.3604 11.9947 11.8934 10.8705 27.5985 15.1958 10.7814 10.6825 10.1917 9.63597 9.14159 9.03094 8.58971 8.24976 12.8753 8.15279 16.7313 6.85831 11.9252 6.77581 12.4098 17.7951 16.6854 10.2841 6.59953 15.5538 6.66472 6.24145 6.14681 5.79847 5.54108 8.5236 5.08985 4.45603 4.25617 4.25517 4.37247 3.9443 3.84544 2.81598 2.87299 3.49597 2.72803
threshold=14.500000000000002 6.5000000000000009 4.5000000000000009 37.750000000000007 1.5000000000000002 2.5000000000000004 39.350000000000001 1675.0000000000002 3.5000000000000004 3.5000000000000004 5.5000000000000009 1.5000000000000002 0.55000000000000016 0.20714285714285713 3.1500000000000008 39.95000000000001 0.11733416770963702 -684.99999999999989 34.95000000000001 0.93933823529411764 0.13278222681477653 1.5000000000000002 0.25000000000000006 11.550000000000002 38.150000000000013 0.32291666666666669 9.5000000000000018 4.4500000000000011 0.18148880105401841 37.850000000000001 4.5000000000000009 5.5000000000000009 1.5000000000000002 65.000000000000014 1.8500000000000003 7.5000000000000009 -0.74999999999999989 1.0000000180025095e-35 38.150000000000013 3.3500000000000001 0.97222222222222232 0.099180327868852461 2.5000000000000004 8.5000000000000018 0.13809523809523808 3.4500000000000006 13.450000000000001 1169.5000000000002 -2.2499999999999996 0.12916666666666668 2.5000000000000004 1.5000000000000002 0.12914197937239413 0.093121797398502112 135.00000000000003 -1.9499999999999997 0.39444444444444454 1.7500000000000002 369.00000000000006 0.82575757575757591 1134.5000000000002
decision_type=2 2 2 2 2 2 2 2 2 2 2 2 2 2 2 2 2 2 2 2 2 2 2 2 2 2 2 2 2 2 2 2 2 2 2 2 2 2 2 2 2 2 2 2 2 2 2 2 2 2 2 2 2 2 2 2 2 2 2 2 2
left_child=1 2 4 -4 8 6 7 -6 9 14 12 20 13 -11 -1 16 17 -16 -18 21 -12 24 -23 28 42 -5 31 -17 -24 37 -26 47 -33 35 -35 48 -37 38 55 40 -40 -39 44 -44 -10 -8 53 -7 49 -3 60 -32 57 56 -55 -2 -31 58 -50 -60 -43
right_child=29 33 3 25 5 26 45 -9 19 10 11 -13 -14 -15 15 27 18 -19 -20 -21 -22 22 23 -25 30 -27 -28 -29 -30 46 51 32 -34 34 -36 36 -38 41 39 -41 -42 50 43 -45 -46 -47 -48 -49 52 -51 -52 -53 -54 54 -56 -57 -58 -59 59 -61 -62
leaf_value=0.02756196915951193 0 0.025455501052659153 -0.090914588715336586 0.022124291517258459 -0.10513722662006478 0 0.029758652415027377 0 0 0 -0.10296346767863725 0.0096460891018915595 0.027367049459156276 -0.10229946306909314 0.025352909321197884 0 -0.041757943472685168 -0.1063426626207781 0.016123945710642802 -0.063008242514890483 0 -0.10873821309920562 0.033811552062730767 -0.062187393329028305 0.0071752718469757686 -0.065903197042701048 -0.066762763683942267 -0.072101878020951832 -0.0042309138169107068 0 0 0.010158179264798927 -0.078051382630428934 -0.07723723874934095 0.017129202691176518 0.012036651880061673 -0.083694313616159102 -0.049141393077718185 -0.10659055430781522 0.014480931201162169 0 0 0.015443546230286129 -0.098233475711322057 0.024746314506719574 -0.050547369163325084 -0.046343537797082675 0.037170984588620844 0 -0.058137239014768867 0 -0.063738030097292592 0 -0.065994435341420243 0 0.034547293808972042 0.035579972781245126 0 0.037422017794432029 0 0.037965258245484704
leaf_weight=56.728029247373343 6.128874623682349 7.3086132773896662 11.319387095980348 12.794927343958991 15.452165183029139 6.8902210064698002 5.8199261426925641 7.1187132019549599 19.662473501404747 11.48251922009513 18.097142491606071 7.3914377742912611 22.318970373366028 5.6126527816522858 5.8083045785315326 3.988863185048106 12.624345913412979 9.2360566384159011 161.66390889487229 4.2969032682012758 4.6033175977645433 5.5149963491130611 31.324618907645345 6.3767450688173986 12.892686810344459 4.4992248503258443 3.7733082431368521 12.563520469702778 20.281168786808848 9.8555671852082067 1.2174557447433461 11.12177209951915 5.210277223493903 6.4848189351614591 11.815830724546684 14.673017485707534 3.8033493403345338 2.6196247868938363 7.7837053696857783 12.870921406312844 3.6670491064433008 7.9245984081644556 10.283199879340826 3.6777135261800131 266.93559097941034 3.8752874458441511 6.712003991007804 30.612641329295002 6.7074545437935731 4.6886820098152384 7.5794425159692755 8.306271465145981 5.4937709202058604 3.3390834750607601 1.73595305532217 28.793311285378877 12.761957068927584 7.3521102608647189 92.27323478134349 5.4053536483552298 99.168807417387143
leaf_count=64 24 14 105 30 129 38 3 21 60 29 249 22 40 65 9 6 84 149 390 40 20 44 25 132 46 60 34 260 47 32 1 23 57 68 31 44 67 54 113 37 18 55 17 24 438 67 207 21 29 52 39 142 27 27 2 49 9 39 151 26 109
internal_value=0 0.0057071 0.00331804 -0.0365518 0.00487613 -0.0143293 -0.0547323 -0.0771716 0.00743645 2.94027e-05 -0.0246138 -0.0574539 0 -0.0345915 0.00702752 0.000762122 0.00589641 -0.0473088 0.0112107 0.013413 -0.0847534 0.0145899 -0.00239379 0.00563578 0.0183138 0 0.00616194 -0.0503605 0.0164599 0.0181417 -0.0112369 0.0136206 -0.0104887 0.0170636 -0.00960884 0.0212114 -0.00106966 0.0227362 0.00630587 -0.017789 -0.0648236 0.0299711 0.0209325 -0.00578351 0.0226682 0 -0.00182238 0.0274325 0.0253584 0 0.0328764 -0.049109 0.0287003 0.00452743 -0.0281956 0.026645 0.0173909 0.0309316 0.0330104 0.0351563 0.0356768
internal_weight=0 1007.38 841.377 28.6135 812.763 89.8743 32.2661 22.5709 722.889 332.119 69.506 30.0919 39.4141 17.0952 262.613 205.885 189.333 15.0444 174.288 390.77 22.7005 386.473 63.4975 57.9825 322.975 17.2942 57.6082 16.5524 51.6058 210.941 22.4164 53.8349 16.332 166.006 18.3006 147.706 18.4764 176.536 59.2439 24.3217 11.4508 117.292 300.559 13.9609 286.598 9.69521 34.4046 37.5029 129.229 11.9973 114.673 9.52373 117.232 27.6926 5.07504 34.9222 22.6175 111.738 104.386 97.6786 107.093
internal_count=4314 3539 2991 195 2796 393 220 150 2403 1387 425 291 134 94 962 898 632 158 474 1016 269 976 248 204 728 90 173 266 72 775 189 139 80 548 99 449 111 498 241 168 131 257 539 41 498 70 277 59 338 66 203 143 272 70 29 73 41 245 206 177 164
is_linear=0
shrinkage=0.0493048


Tree=103
num_leaves=62
num_cat=0
split_feature=64 67 49 15 49 71 47 64 82 64 49 14 64 61 60 67 41 68 66 58 66 48 27 48 75 52 61 39 40 40 19 41 64 38 79 60 75 56 68 80 73 75 53 53 15 41 42 63 75 60 19 57 19 64 79 73 74 27 61 54 18
split_gain=10.1816 22.2994 13.2441 11.2099 9.16745 16.2514 18.4804 42.9208 10.1056 12.3762 29.7875 8.9259 10.3893 8.50877 25.1484 25.5342 21.5345 20.0081 29.9109 15.0918 12.6919 12.3363 8.95809 16.6499 28.0611 9.17015 8.29343 17.4654 8.08288 19.517 9.46817 25.41 7.95343 7.61416 11.1128 7.49524 12.3825 7.04833 39.3762 6.84952 6.42098 7.00982 5.96736 10.4983 5.75726 5.58028 10.9368 5.29571 5.26094 7.35952 18.0648 14.9365 5.83797 7.22872 5.18692 5.06794 10.5258 18.0833 5.04965 6.75502 8.39729
threshold=27.750000000000004 1032.5000000000002 0.12916666666666668 15.500000000000002 0.45804195804195807 10.500000000000002 37.050000000000004 4.0500000000000007 0.77350427350427364 14.15 0.6132478632478634 2.5000000000000004 15.15 0.23845060412224586 0.054135460761966757 692.50000000000011 1.0000000180025095e-35 938.50000000000011 1220.5000000000002 -14.499999999999998 1151.5000000000002 1.0500000000000003 1.0000000180025095e-35 0.95000000000000007 0.16025641025641021 12.500000000000002 0.18544973544973542 6.5000000000000009 37.45000000000001 38.550000000000004 8.5000000000000018 1.2500000000000002 1.7500000000000002 7.5000000000000009 14.500000000000002 0.032086479066575101 0.19375000000000003 0.55050505050505061 1203.5000000000002 37.050000000000004 36.650000000000013 0.5590277777777779 11.500000000000002 15.500000000000002 1.0000000180025095e-35 2.7500000000000004 0.087121212121212113 1.5000000000000002 0.13809523809523808 0.11661554192229036 1.0000000180025095e-35 -2.2499999999999996 4.5000000000000009 3.6500000000000008 11.500000000000002 36.750000000000007 0.15000000000000005 1.5000000000000002 0.25819892473118283 36.95000000000001 4.5000000000000009
decision_type=2 2 2 2 2 2 2 2 2 2 2 2 2 2 2 2 2 2 2 2 2 2 2 2 2 2 2 2 2 2 2 2 2 2 2 2 2 2 2 2 2 2 2 2 2 2 2 2 2 2 2 2 2 2 2 2 2 2 2 2 2
left_child=4 -2 -3 33 13 6 7 -6 9 28 -11 12 35 14 15 16 -1 21 20 -20 -19 -16 23 24 -17 -25 -24 -28 30 -30 -7 -32 -23 34 -4 36 -8 45 40 47 -39 -42 -10 -44 -35 48 -47 -31 49 50 -15 -52 53 -51 -27 56 -50 -58 -37 -60 -61
right_child=1 2 3 -5 5 8 11 -9 42 10 -12 -13 -14 37 17 22 -18 18 19 -21 -22 32 26 25 -26 54 27 -29 29 39 31 -33 -34 44 -36 58 -38 38 -40 -41 41 -43 43 -45 -46 46 -48 -49 55 52 51 -53 -54 -55 -56 -57 57 -59 59 60 -62
leaf_value=0 -0.052464360778887512 -0.047542482997317864 -0.045085854683734369 -0.042630278575348519 0.0019603525751843167 0.02377522039891462 0.0052440018449710878 -0.082933590742436322 0.02643130283555134 0.0069906365147390749 -0.085098219993009788 -0.064438319552109963 -0.05363090777671569 0.015508760190057499 0.017248336278786924 0 -0.11564840341282233 -0.085960152733723275 0 -0.11584185504969624 0.018746217611312222 0 0.027827218093443754 0.032359960786702661 -0.12028438018259138 -0.060799079206910037 0.014357981163956019 -0.10059631252183339 -0.092979174469260573 0 -0.10331909172638395 0.028943969272952463 -0.10335575108351419 -0.016991940285749772 0.030295168189832789 0.023957883505869221 -0.079147769195481318 0.030062484627530254 -0.10535850212419909 0.01210227759236261 -0.073307711612010926 0.0047245067997223689 -0.070391306541390267 0.017175306748293713 0.03353941683278866 0.014906804075581545 -0.074472018518969382 -0.071920228578021758 0.031278040971598933 0.012890211281818728 0 -0.10510925413020317 0.030854811930779699 -0.06796662885490963 0 0.029830096156483264 0.0018770982932168993 -0.10369155295188072 0.013812150568005924 -0.088552467934552209 0
leaf_weight=5.0903349220752698 9.1387471974594501 5.0433655240340149 8.0609202554333024 4.2266650627134359 27.401431649923325 73.640655500814319 7.9500622777268273 25.347379765007645 76.059868351789191 18.283104415168058 13.17134319746401 4.9826883742352939 6.6871301509672767 15.438104469329121 26.961312038823962 14.315325143979864 6.7741491524502635 3.5294629102572825 1.7309871017932916 14.458445002790539 12.833877868950365 1.2531127929687489 118.84239459515084 32.896273273276165 6.5329813989810637 3.7788209558348163 17.688383901491765 3.8006942626088849 5.804014549124985 1.4183793067932118 5.5196459274739009 7.6278357449918985 3.8314870477188379 2.3512785151833659 11.471502457978204 54.386382604949176 5.7020420371554792 29.185628276783973 7.5562315434217444 35.335248151328415 3.2325199116021377 6.8895911229774356 4.4762204941362134 10.736352048814295 146.95482624624856 8.3398412894457561 4.5412989496253422 4.6791442467365414 25.697196654975414 6.7574145942926389 3.2608351428061724 7.2409046255052072 31.780354532646015 3.5464408146217465 9.9113775137811881 137.02592254523188 20.907166972756389 4.3612306667491785 12.92347561940551 4.3480630069971076 2.0747834295034409
leaf_count=9 420 159 413 218 48 86 13 219 91 41 99 41 84 20 40 30 51 28 2 102 21 1 175 46 52 23 27 29 35 1 29 6 30 171 30 60 45 29 43 71 26 12 31 12 582 9 37 36 20 9 7 46 27 24 18 161 41 24 21 31 2
internal_value=0 0.0185353 0.0228857 0.0256654 0.00554574 0 -0.0129375 -0.0365051 0.00740799 0 -0.0276724 0 0.00303607 0.00942538 0.00269139 0.0110356 -0.0570361 -0.0237452 -0.0510967 -0.0986213 0 0.000187528 0.0155299 0 -0.0358235 0.0171277 0.0226316 -0.000323302 0.00667518 -0.0080468 0.0161202 -0.0172736 -0.065498 0.0281196 0 0.00881415 -0.0210275 0.0150922 -7.88053e-05 0.000918689 0.0170724 -0.00811419 0.0205764 -0.000534786 0.0319073 0.0181983 -0.00708951 -0.0433178 0.0199571 0.00564833 -0.0122067 -0.0646704 0.0196071 -0.00304368 -0.010403 0.0244713 0.00761527 -0.0115444 0.0160324 0 -0.0464796
internal_weight=0 187.247 178.109 173.065 1008.55 408.555 151.803 52.7488 256.752 165.479 31.4544 99.0546 94.0719 599.99 284.229 219.631 11.8645 64.5987 32.5528 16.1894 16.3633 32.0459 207.766 67.4348 20.8483 46.5865 140.331 21.4891 134.025 47.2368 86.7881 13.1475 5.0846 168.839 19.5324 87.3848 13.6521 315.761 46.864 41.4328 39.3077 10.1221 91.2724 15.2126 149.306 268.897 12.8811 6.09752 256.016 68.0241 25.9398 10.5017 42.0842 10.3039 13.6902 187.992 50.9656 25.2684 73.7327 19.3463 6.42285
internal_count=4314 1993 1573 1414 2321 1102 564 267 538 404 140 297 256 1219 684 460 60 224 153 104 49 71 400 169 82 87 231 56 264 143 121 35 31 1196 443 172 58 535 110 108 67 38 134 43 753 425 46 37 379 133 73 53 60 33 41 246 85 65 114 54 33
is_linear=0
shrinkage=0.0493048


Tree=104
num_leaves=62
num_cat=0
split_feature=47 64 64 59 81 47 83 47 6 74 64 61 64 40 54 82 64 42 61 65 0 27 0 81 82 48 38 72 63 46 75 7 73 56 2 74 61 78 58 64 26 17 65 45 47 54 39 40 57 60 82 18 0 71 46 47 66 13 46 58 38
split_gain=9.6744 15.455 19.1953 22.3482 12.4825 17.9923 25.3216 16.0037 16.9969 17.4946 16.0087 11.6204 13.1298 15.8912 11.5368 21.2711 16.21 11.3492 11.6731 10.648 10.5249 13.1166 10.2203 23.4886 8.57739 8.08234 6.94385 10.1106 6.1847 6.51573 6.097 6.06296 6.00275 5.85675 5.41563 5.38099 5.16428 10.3145 4.92375 4.49914 4.4933 4.26649 4.06884 4.78387 3.88587 3.2806 3.11187 2.75972 8.96805 2.52952 2.35443 3.00005 2.25498 2.5633 2.05356 1.79954 6.09404 1.79197 1.19299 1.12305 0.694487
threshold=35.250000000000007 18.850000000000005 6.4500000000000011 -149.99999999999997 1.8500000000000003 36.150000000000013 -0.29999999999999988 36.350000000000001 9.5000000000000018 0.15000000000000005 31.350000000000005 0.10889328063241101 2.9500000000000006 36.250000000000007 37.350000000000001 0.4330357142857143 6.3500000000000005 0.4330357142857143 0.22110323886639674 1.5000000000000002 3.5000000000000004 10.500000000000002 1.0000000180025095e-35 1.0500000000000003 0.24264705882352941 1.3500000000000003 25.000000000000004 1.5000000000000002 6.5000000000000009 3.5000000000000004 0.34313725490196084 2.5000000000000004 37.95000000000001 -1.0000000180025095e-35 2.5000000000000004 0.25000000000000006 0.14976635514018691 1.5000000000000002 -2.4999999999999996 2.7500000000000004 1.5000000000000002 2.5000000000000004 2.5000000000000004 5.5000000000000009 39.750000000000007 34.650000000000013 14.500000000000002 37.350000000000001 -0.74999999999999989 0.089418976545842174 0.91287878787878796 1.5000000000000002 10.500000000000002 35.000000000000007 6.5000000000000009 35.050000000000004 1227.5000000000002 1.5000000000000002 2.5000000000000004 -16.499999999999996 95.000000000000014
decision_type=2 2 2 2 2 2 2 2 2 2 2 2 2 2 2 2 2 2 2 2 2 2 2 2 2 2 2 2 2 2 2 2 2 2 2 2 2 2 2 2 2 2 2 2 2 2 2 2 2 2 2 2 2 2 2 2 2 2 2 2 2
left_child=1 2 39 26 5 6 19 17 9 20 11 22 30 -14 15 -8 -17 -7 -19 -2 36 -22 23 -11 38 31 27 -4 29 -16 -13 45 -24 -27 35 49 37 54 -6 55 41 -36 43 -41 46 -3 50 -38 -49 -26 51 57 53 -23 -9 56 -1 -37 -20 -46 -53
right_child=4 25 3 -5 24 7 14 8 -10 10 -12 12 13 -15 28 16 -18 18 58 -21 21 52 32 -25 34 33 -28 -29 -30 -31 -32 -33 -34 -35 40 44 47 -39 -40 42 -42 -43 -44 -45 59 -47 -48 48 -50 -51 -52 60 -54 -55 -56 -57 -58 -59 -60 -61 -62
leaf_value=0 0 -0.054175806854533076 0.0049126467440925772 -0.079547302102946318 0 0.039825114399898331 -0.11110025447648844 0.031033941741298181 -0.080551466685820944 -0.089945090881592998 -0.051168687502987788 0 0.014421491590549257 -0.012381154540951723 0 0.023226464651336948 -0.075575956679192036 -0.089337542156918193 0.028247875923108529 -0.087288745206190566 -0.086750929575663008 -0.054690150666360252 0.032089966044812832 0.019127283798302339 -0.048420620787123621 0.022152549012582311 0.029273607018591056 -0.086719141881493336 0.028072971579066651 -0.092400109387527241 0.031827911281291234 0.042301032837130076 -0.00051632105384515027 -0.052907301429300391 -0.063070744944144538 0.034841052658640702 0.034956308980927178 -0.078672669663337871 -0.048188542597768252 0 0.014113085394303591 0 0 0.0367677865116324 0 0.016459451523186258 0 -0.017876548706022462 0.025679927212049897 0 0 -0.018208945585216421 0.026775386925787948 0 0 0.013084589767643382 -0.07160996557375747 0 0 -0.031942757295552529 0.013897440620255493
leaf_weight=6.01150333881378 6.3322820216417339 2.2096372079104176 3.0543084889650407 12.234855737769974 8.3154640253633243 50.819378532934934 5.6941578448750105 8.7395592168904823 5.7819967283867291 6.5988800904015106 14.908844924881121 20.518599782139063 63.393417060142383 268.98176282655913 3.553509607911109 14.910696361213924 5.4535195546923196 3.3145105242729178 5.7686419486999494 15.390294381300917 4.6794211957603684 2.1494852127507311 60.772337401518598 14.384438318433238 2.589295008685438 4.765974915586412 11.740379436872898 4.1272696568630636 27.90247691469267 2.0648985856678337 33.817248970270157 73.962412771885283 8.361137073254211 4.2107289127306995 4.8967590031679711 107.71121668058913 65.289638648973778 3.4583973428234449 6.3706980347633353 13.311890348792074 8.4042125125415605 1.6198320941184645 11.467560872435568 42.610160954296589 3.4233827113639563 5.0955334461759776 4.0834458705503485 12.081993195228277 44.058165854075924 7.7111818459816277 5.8459024687763295 3.0043071318650609 7.3969933036714792 1.6987507343292239 1.3623279166058626 4.3600804209709159 3.5615478418767452 4.9185092950938261 5.6345441029407084 2.6415995351271695 3.4910950753837824
leaf_count=11 14 30 2 84 41 39 47 8 77 61 799 45 119 828 3 17 60 44 1 154 40 27 75 23 22 3 10 40 36 18 36 110 38 95 75 243 64 44 139 23 34 17 22 36 7 24 58 53 86 15 47 42 7 1 73 4 15 24 23 79 2
internal_value=0 0.0175272 0.00404111 -0.0273358 0.00522986 0.00242293 -0.0192359 0.00506423 0.00250557 0.00345055 -0.000815951 0.000501198 -0.00294362 -0.00689409 -0.000473406 -0.0269819 0 0.0284692 -0.00231424 -0.0648997 0.0181732 -0.0152923 0.0166585 -0.00934789 0.0172705 0.0329509 0 -0.0306763 0.0164344 -0.0191878 0.0189238 0.0380435 0.0263504 0 0.0209164 0.023935 0.0230449 0 -0.0140439 0.0175973 -0.000175518 -0.0375629 0.0231484 0.0286781 0.0267081 0 0.0286359 0.0263384 0.0140873 -0.000377471 0.0301217 0.0316206 0.00359139 -0.00878722 0.01847 -0.000339855 -0.019422 0.0334998 0.0122992 0 0
internal_weight=0 202.724 112.48 31.1568 970.299 795.272 81.3018 713.97 648.433 642.651 491.737 476.828 386.711 332.375 59.5793 26.0584 20.3642 65.5371 14.7177 21.7226 150.915 15.9247 90.1168 20.9833 175.027 90.2443 18.922 7.18158 33.5209 5.61841 54.3358 81.2676 69.1335 8.9767 160.341 145.42 134.99 13.5603 14.6862 81.3227 14.9208 6.51659 67.3896 55.9221 135.119 7.30517 129.054 121.43 56.1402 10.3005 124.971 119.125 11.2452 3.84824 10.1019 13.9331 9.57305 112.63 11.4032 6.06498 6.4954
internal_count=4314 509 247 136 3805 2960 349 2611 2504 2427 2024 1225 1028 947 181 124 77 107 68 168 403 75 197 84 845 262 52 42 57 21 81 164 113 98 665 539 328 125 180 111 126 92 81 59 502 54 416 203 139 37 358 311 35 28 81 30 26 267 24 86 44
is_linear=0
shrinkage=0.0493048


end of trees

feature_importances:
current_odds=692
current_popularity=192
father_cat=192
agari_1=164
jockey_place_rate=160
agari_5=155
jockey_win_rate=152
mother_father_cat=141
ninki_1=135
paternal_gf_cat=122
corner_ratio_1=121
margin_4=117
agari_2=113
corner_ratio_5=112
ninki_3=107
agari_3=103
corner_ratio_2=95
agari_4=90
f_lenout=89
corner_ratio_3=89
corner_ratio_4=86
margin_1=83
rank_trend_5=81
mf_classout.1=74
weight_change=70
margin_5=67
mf_courseout=66
result_2=66
margin_3=65
f_courseout=64
ninki_2=64
rank_trend=64
ninki_5=63
result_4=61
dist_change=58
ninki_4=56
umaban=55
result_1=50
result_5=49
mf_classout=47
f_course2=40
margin_2=34
f_course1=33
f_mf_courseout=31
mf_course1=30
waku=30
f_len2=28
mf_course3=27
mf_course2=26
result_3=26
f_len1=25
f_classout=23
f_mf_classout=19
f_course3=18
f_len3=14
mf_len2=11
mf_len1=9
mf_class2=8
win_rate_recent5=5
f_class3=4
f_mf_len1=3
mf_len3=2
f_class1=2
f_class2=2
mf_class3=2
f_mf_len2=1
f_mf_class2=1
f_mf_class3=1
f_mf_classout.1=1

parameters:
[boosting: gbdt]
[objective: binary]
[metric: binary_logloss]
[tree_learner: serial]
[device_type: cpu]
[data_sample_strategy: bagging]
[data: ]
[valid: ]
[num_iterations: 105]
[learning_rate: 0.0493048]
[num_leaves: 62]
[num_threads: 16]
[seed: 0]
[deterministic: 0]
[force_col_wise: 1]
[force_row_wise: 0]
[histogram_pool_size: -1]
[max_depth: 10]
[min_data_in_leaf: 10]
[min_sum_hessian_in_leaf: 0.001]
[bagging_fraction: 1]
[pos_bagging_fraction: 1]
[neg_bagging_fraction: 1]
[bagging_freq: 0]
[bagging_seed: 7719]
[feature_fraction: 1]
[feature_fraction_bynode: 1]
[feature_fraction_seed: 2437]
[extra_trees: 0]
[extra_seed: 11797]
[early_stopping_round: 0]
[first_metric_only: 0]
[max_delta_step: 0]
[lambda_l1: 2.522]
[lambda_l2: 0.0340771]
[linear_lambda: 0]
[min_gain_to_split: 0]
[drop_rate: 0.1]
[max_drop: 50]
[skip_drop: 0.5]
[xgboost_dart_mode: 0]
[uniform_drop: 0]
[drop_seed: 21238]
[top_rate: 0.2]
[other_rate: 0.1]
[min_data_per_group: 100]
[max_cat_threshold: 32]
[cat_l2: 10]
[cat_smooth: 10]
[max_cat_to_onehot: 4]
[top_k: 20]
[monotone_constraints: ]
[monotone_constraints_method: basic]
[monotone_penalty: 0]
[feature_contri: ]
[forcedsplits_filename: ]
[refit_decay_rate: 0.9]
[cegb_tradeoff: 1]
[cegb_penalty_split: 0]
[cegb_penalty_feature_lazy: ]
[cegb_penalty_feature_coupled: ]
[path_smooth: 0]
[interaction_constraints: ]
[verbosity: -1]
[saved_feature_importance_type: 0]
[use_quantized_grad: 0]
[num_grad_quant_bins: 4]
[quant_train_renew_leaf: 0]
[stochastic_rounding: 1]
[linear_tree: 0]
[max_bin: 255]
[max_bin_by_feature: ]
[min_data_in_bin: 3]
[bin_construct_sample_cnt: 200000]
[data_random_seed: 38]
[is_enable_sparse: 1]
[enable_bundle: 1]
[use_missing: 1]
[zero_as_missing: 0]
[feature_pre_filter: 1]
[pre_partition: 0]
[two_round: 0]
[header: 0]
[label_column: ]
[weight_column: ]
[group_column: ]
[ignore_column: ]
[categorical_feature: ]
[forcedbins_filename: ]
[precise_float_parser: 0]
[parser_config_file: ]
[objective_seed: 8855]
[num_class: 1]
[is_unbalance: 0]
[scale_pos_weight: 19.8623]
[sigmoid: 1]
[boost_from_average: 1]
[reg_sqrt: 0]
[alpha: 0.9]
[fair_c: 1]
[poisson_max_delta_step: 0.7]
[tweedie_variance_power: 1.5]
[lambdarank_truncation_level: 30]
[lambdarank_norm: 1]
[label_gain: ]
[lambdarank_position_bias_regularization: 0]
[eval_at: ]
[multi_error_top_k: 1]
[auc_mu_weights: ]
[num_machines: 1]
[local_listen_port: 12400]
[time_out: 120]
[machine_list_filename: ]
[machines: ]
[gpu_platform_id: -1]
[gpu_device_id: -1]
[gpu_use_dp: 0]
[num_gpu: 1]

end of parameters

pandas_categorical:[]
