tree
version=v4
num_class=1
num_tree_per_iteration=1
label_index=0
max_feature_idx=103
objective=binary sigmoid:1
feature_names=f_course1 f_course2 f_course3 f_courseout mf_course1 mf_course2 mf_course3 mf_courseout f_mf_course1 f_mf_course2 f_mf_course3 f_mf_courseout f_len1 f_len2 f_len3 f_lenout mf_len1 mf_len2 mf_len3 mf_classout f_mf_len1 f_mf_len2 f_mf_len3 f_mf_classout f_class1 f_class2 f_class3 f_classout mf_class1 mf_class2 mf_class3 mf_classout.1 f_mf_class1 f_mf_class2 f_mf_class3 f_mf_classout.1 time_df_course1 time_df_class1 ninki_1 result_1 agari_1 margin_1 corner_ratio_1 time_df_course2 time_df_class2 ninki_2 result_2 agari_2 margin_2 corner_ratio_2 time_df_course3 time_df_class3 ninki_3 result_3 agari_3 margin_3 corner_ratio_3 rank_trend weight_change dist_change jockey_win_rate jockey_place_rate waku umaban current_odds current_popularity father_cat mother_father_cat paternal_gf_cat time_df_course4 time_df_class4 ninki_4 result_4 agari_4 margin_4 corner_ratio_4 time_df_course5 time_df_class5 ninki_5 result_5 agari_5 margin_5 corner_ratio_5 rank_trend_5 win_rate_recent5 kinryo days_since_last_race n_horses_today n_horses_1 horse_weight_abs_1 corner_chase_1 corner_chase_2 corner_chase_3 corner_chase_4 corner_chase_5 agari_trend_5 time_diff_trend_5 agari_df_course_1 agari_df_course_2 agari_df_course_3 agari_df_course_4 agari_df_course_5 corner_ratio_std5 agari_std5
feature_infos=[0:20] [0:18] [0:17] [0:151] [0:16] [0:18] [0:20] [0:173] [0:2] [0:3] [0:3] [0:14] [0:14] [0:13] [0:12] [0:90] [0:7] [0:7] [0:9] [0:71] [0:2] [0:3] [0:3] [0:10] [0:5] [0:6] [0:4] [0:39] [0:4] [0:5] [0:4] [0:31] [0:1] [0:2] [0:3] [0:8] [-1:0] [-1:0] [-1:180] [-1:140] [-1:66.799999999999997] [-1:24.399999999999999] [-1:1] [-1:0] [-1:0] [-1:180] [-1:180] [-1:47.299999999999997] [-1:17.300000000000001] [-1:1] [-1:0] [-1:0] [-1:180] [-1:170] [-1:90.799999999999997] [-1:59.399999999999999] [-1:1] [-40:80] [-44:61] [-2190:400] [-1:1] [-1:1] [1:8] [1:15] [-1:707] [-1:15] [15:1736] [1:1736] [1:1721] [-1:0] [-1:0] [-1:180] [-1:180] [-1:48.399999999999999] [-1:19.600000000000001] [-1:1] [-1:0] [-1:0] [-1:180] [-1:180] [-1:47.600000000000001] [-1:14] [-1:1] [-31:60] [-1:1] [49:59] [-1616:617] [9:15] [-1:18] [-1:628] [-1:0.90909090909090917] [-1:0.9375] [-1:0.90909090909090917] [-1:0.8666666666666667] [-1:0.8125] [-11.650000000000002:9.2000000000000046] [-1:0] [-6.1642999999999972:28.520499999999998] [-3.8795000000000002:11.269999999999996] [-3.453799999999994:53.365900000000003] [-3.3795000000000002:9.4253] [-3.2537999999999982:8.0533000000000001] [-1:0.45833333333333331] [-1:20.950665860540092]
tree_sizes=3054 3441 2851 2652 2755 2758 3370 3884 4185 2852 3577 5027 3071 4503 4536 3272 3178 3793 3691 4504 3369 3576 3972 3971 3773 3984 3896 4369 4070 4214 3463 3903 4901 3134 4488 3464 3248 3332 3845 3668 6255 5308 5017 5165 6473 5083 5394 6476 6128 5274 6535 5462 5437 6047 5265 6170 5911 6488 4164 5516 6515 6524 6526 4399 5393 6111 6489 6407 6284 6433 5615 6504 6290 6487 6461 6407 6477 6460 6554 6481 5991 6357 6468 6439 6449 6432 6455 6433 6410 6502 6401 5319 6399 6437 6401 6382 3852 6367 4379 6459 6384 6400 6289 6389 6388

Tree=0
num_leaves=28
num_cat=0
split_feature=65 97 73 64 64 66 66 52 80 64 88 40 49 64 95 89 11 80 40 64 23 86 15 100 67 52 68
split_gain=1721.22 390.93 178.432 243.211 142.038 2437.47 60.4186 52.5771 189.116 492.058 151.046 103.338 93.4163 507.849 51.2166 30.5209 61.3093 29.713 222.731 97.3761 25.396 105.552 22.7535 21.5055 24.4972 2.99153 2.44563
threshold=13.500000000000002 5.6625500000000004 40.750000000000007 5.1500000000000012 58.650000000000013 1709.5000000000002 143.00000000000003 8.5000000000000018 37.350000000000001 13.050000000000002 13.500000000000002 42.350000000000001 0.45804195804195807 8.1500000000000004 -0.029999999999999347 401.00000000000006 1.5000000000000002 39.95000000000001 35.850000000000001 2.6500000000000008 1.5000000000000002 -573.49999999999989 1.0000000180025095e-35 -0.41940000000000305 1447.5000000000002 3.5000000000000004 1169.5000000000002
decision_type=2 2 2 2 2 2 2 2 2 2 2 2 2 2 2 2 2 2 2 2 2 2 2 2 2 2 2
left_child=1 2 4 -4 6 -6 -1 8 12 10 11 -10 23 25 -12 16 -9 20 -19 -20 22 -22 -17 26 -25 -14 -8
right_child=-2 -3 3 -5 5 -7 7 15 9 -11 14 -13 13 -15 -16 17 -18 18 19 -21 21 -23 -24 24 -26 -27 -28
leaf_value=-0.43437814161567284 -0.46234092099181989 -0.45861447564827668 -0.27312445245000605 -0.45905685444627919 -0.46268090903447412 -0.26062828659176829 -0.27321061328490021 -0.44535046050102378 -0.45717890444920872 -0.46061314949116017 -0.26903657934677028 -0.29255813102379369 -0.26684253806819236 -0.4602334455207574 -0.33707672126949906 -0.27558030406073675 -0.27476620510776645 -0.2618975966810807 -0.28047751837720586 -0.45812712748168405 -0.26929364792849753 -0.36768350436088371 -0.26531318831983425 -0.31951752447940573 -0.27363802376571167 -0.29308938725415107 -0.26210407561745219
leaf_weight=4.3410235941410056 115.03712524473667 26.287309542298317 40.491725519299507 28.940157294273376 166.16473646461964 1111.3715862333775 356.07430106401443 6.9938713461160669 20.258110105991364 44.857243806123734 268.33483177423477 17.019980981945992 205.06829604506493 39.551548302173615 36.977148413658142 879.23980738222599 14.373776346445084 129.58190037310123 10.541653543710707 23.875629767775536 137.04150941967964 36.534662574529648 8671.7730084508657 54.234979629516602 146.88622291386127 65.935979828238487 1457.0723894387484
leaf_count=18 477 109 11 120 689 35 113 29 84 186 64 10 39 164 58 329 3 7 3 99 32 79 1276 66 48 47 119
internal_value=-0.380438 -0.271474 -0.271113 -0.352414 -0.270716 -0.287007 -0.269077 -0.26901 -0.275739 -0.30858 -0.288304 -0.380438 -0.270321 -0.297041 -0.276864 -0.267182 -0.336425 -0.267045 -0.291649 -0.400061 -0.266643 -0.28928 -0.266245 -0.266264 -0.285379 -0.272758 -0.264215
internal_weight=0 13999.8 13973.5 69.4319 13904.1 1277.54 12626.6 12622.2 2712.27 387.447 342.59 37.2781 2324.82 310.556 305.312 9909.96 21.3676 9888.59 163.999 34.4173 9724.59 173.576 9551.01 2014.27 201.121 271.004 1813.15
internal_count=4314 3837 3728 131 3597 724 2873 2855 998 402 216 94 596 250 122 1857 32 1825 109 102 1716 111 1605 346 114 86 232
is_linear=0
shrinkage=1


Tree=1
num_leaves=32
num_cat=0
split_feature=65 97 73 64 64 66 52 80 64 88 90 49 64 95 100 66 89 11 80 40 64 23 86 100 95 101 15 52 68 68 73
split_gain=1522.63 345.925 154.373 218.104 120.601 2157.63 44.1792 167.132 436.468 135.263 96.7593 79.3951 451.373 44.8303 120.504 38.28 25.9537 54.8622 24.5056 195.057 88.3194 20.7981 91.4936 18.9944 30.6764 50.1719 18.7044 1.78575 1.74214 17.4295 1.69972
threshold=13.500000000000002 5.6625500000000004 40.750000000000007 5.1500000000000012 58.650000000000013 1709.5000000000002 8.5000000000000018 37.350000000000001 13.050000000000002 13.500000000000002 -0.10555555555555554 0.45804195804195807 8.1500000000000004 -0.029999999999999347 -1.5171500000000042 143.00000000000003 401.00000000000006 1.5000000000000002 39.95000000000001 35.850000000000001 2.6500000000000008 1.5000000000000002 -573.49999999999989 0.091200000000004153 0.40499999999999975 1.1238500000000047 1.0000000180025095e-35 3.5000000000000004 1169.5000000000002 609.00000000000011 37.350000000000001
decision_type=2 2 2 2 2 2 2 2 2 2 2 2 2 2 2 2 2 2 2 2 2 2 2 2 2 2 2 2 2 2 2
left_child=1 2 4 -4 6 -6 7 11 9 10 -9 23 27 30 -15 -8 17 -17 21 -20 -21 26 -23 28 -25 -26 -18 -13 29 -1 -11
right_child=-2 -3 3 -5 5 -7 15 8 -10 13 -12 12 -14 14 -16 16 18 -19 19 20 -22 22 -24 24 25 -27 -28 -29 -30 -31 -32
leaf_value=0.1060630825645078 -0.079234006679978444 -0.075566363291804009 0.10022345883220303 -0.076001412737478485 -0.07956896078041302 0.11169680554679849 -0.04069690055447224 0.08349993650313961 -0.07753266813493577 0.080363402669248366 -0.074871402425109229 0.10599329907794351 -0.077158962365520667 0.10705723271401563 -0.074769473599950023 -0.062564710589482389 0.097958165553738569 0.098723309120891528 0.11053405593947399 0.093468636166701174 -0.075087200605271395 0.10374171820601474 0.012097359080708405 0.095695258453184134 -0.069774973375364702 0.078344210607009607 0.10739669526616935 0.081811728682622917 0.10995541125152247 0.074135473261640258 0.10802353409938432
leaf_weight=346.62634433805943 113.09765490889549 25.865916952490807 41.201442942023277 28.47339928150177 163.35066129267216 1132.7272686958313 3.1013893336057654 17.212303459644318 44.118250608444214 47.829388409852982 20.475722759962082 208.83858805894852 38.903306007385254 24.382159799337387 13.119214311242102 6.9020718932151803 894.35121791064739 14.62244388461113 132.05012011528015 10.715581476688383 23.495475724339485 139.51551866531372 36.620919018983841 84.246964320540428 7.8256676197052029 15.846701964735983 8832.9945724606514 66.903589248657227 1514.833562746644 81.978688940405846 225.8362227678299
leaf_count=65 477 109 11 120 689 35 13 10 186 34 86 39 164 5 54 29 329 3 7 3 99 32 79 35 32 10 1276 47 136 68 32
internal_value=0 0.10176 0.102091 0.0264215 0.102455 0.0874933 0.103954 0.0977767 0.0670661 0.0857151 0 0.102824 0.0782098 0.0964026 0.0401254 0.10563 0.105687 0.0412195 0.105812 0.0832122 -0.0186206 0.106179 0.0853996 0.106537 0.0811558 0.0241034 0.106542 0.100588 0.107881 0.100253 0.103654
internal_weight=0 14245 14219.1 69.6748 14149.4 1296.08 12853.3 2758.98 392.973 348.855 37.688 2366 314.645 311.167 37.5014 10094.4 10091.3 21.5245 10069.7 166.261 34.2111 9903.48 176.136 2051.36 107.919 23.6724 9727.35 275.742 1943.44 428.605 273.666
internal_count=4314 3837 3728 131 3597 724 2873 1003 407 221 96 596 250 125 59 1870 1857 32 1825 109 102 1716 111 346 77 42 1605 86 269 133 66
is_linear=0
shrinkage=0.0493048


Tree=2
num_leaves=26
num_cat=0
split_feature=65 100 40 64 68 27 66 11 31 80 64 66 60 19 102 52 64 67 59 59 64 88 81 86 88
split_gain=1358.02 216.718 123.89 1376.99 202.534 120.397 112.002 106.95 168.283 103.916 149.744 88.2115 75.3971 65.7951 159.902 54.1312 479.217 62.8502 39.5472 270.588 20.0067 17.2432 143.74 16.6515 10.5958
threshold=13.500000000000002 2.6465499999999982 38.150000000000013 58.650000000000013 302.00000000000006 25.500000000000004 354.50000000000006 2.5000000000000004 18.500000000000004 39.750000000000007 3.7500000000000004 354.50000000000006 -1.0000000180025095e-35 33.500000000000007 0.32772679978984448 8.5000000000000018 14.850000000000003 569.00000000000011 240.00000000000003 290.00000000000006 1.0000000180025095e-35 16.500000000000004 1.1500000000000001 -1459.9999999999998 12.500000000000002
decision_type=2 2 2 2 2 2 2 2 2 2 2 2 2 2 2 2 2 2 2 2 2 2 2 2 2
left_child=1 2 7 4 6 -3 -4 11 -9 12 -11 -1 -6 15 -15 16 -14 -17 20 -20 -13 23 -23 -22 -25
right_child=-2 5 3 -5 9 -7 -8 8 -10 10 -12 18 13 14 -16 17 -18 -19 19 -21 21 22 -24 24 -26
leaf_value=-0.065054003703676297 -0.076847174541792074 -0.07583040588249422 0.094646915579294402 -0.077463779361446647 -0.068481887753423426 0.098980043839564102 -0.082223221095542018 -0.080191830579275564 0.096767895773735429 0.096525626099732198 -0.074045974039708667 -0.016470458600955702 0.092583899966459368 -0.079627443876476842 0.10256855213221229 0.049276829966617364 -0.077809195921125576 0.099470853762801195 0.10210450359126816 -0.079419596499485087 -0.0020275481771361249 -0.076479657430099185 0.095626225328888315 0.095505297636592643 0.10178186338791387
leaf_weight=6.9481676667928687 110.91623322665691 27.781302705407143 13.057237803936003 116.57225194573402 5.9263365268707267 14.293082237243651 24.621202394366264 20.674140676856041 33.753620788455009 28.586443781852722 21.614563584327698 1.7244071215391148 682.95589858293533 17.778456896543503 31.946589052677155 71.812017023563385 41.805162504315376 3768.9711926728487 114.88654398918152 23.352694004774094 1.4606379121541966 12.390619814395903 108.92677466571331 1564.2957426905632 7639.24633705616
leaf_count=29 477 118 2 500 24 1 101 85 7 6 92 7 252 73 3 86 177 669 13 97 6 51 29 429 980
internal_value=0 0.0957032 0.0960319 0.0893331 0.093489 -0.0134605 -0.0176026 0.0994114 0.0272592 0.0944118 0.0206086 0.0998128 0.0951865 0.0954241 0.0349182 0.0960556 0.0825806 0.0985652 0.0999471 0.0705284 0.10037 0.100405 0.0770072 0.100699 0.100729
internal_weight=0 14395.4 14353.3 4825.65 4709.08 42.0744 37.6784 9527.66 54.4278 4671.4 50.201 9473.23 4621.2 4615.27 49.725 4565.54 724.761 3840.78 9466.28 138.239 9328.04 9326.32 121.317 9205 9203.54
internal_count=4314 3837 3718 1985 1485 119 103 1733 92 1382 98 1641 1284 1260 76 1184 429 755 1612 110 1502 1495 80 1415 1409
is_linear=0
shrinkage=0.0493048


Tree=3
num_leaves=24
num_cat=0
split_feature=65 100 55 46 15 40 64 68 66 11 31 80 64 66 60 79 64 86 59 59 64 86 88
split_gain=1218.86 192.693 110.184 171.219 104.482 99.2912 1157.95 166.176 98.8726 93.4284 151.24 87.2604 133.09 79.6491 68.3117 58.2877 697.999 141.285 33.0509 239.45 18.4473 15.3798 14.4325
threshold=13.500000000000002 2.6465499999999982 4.0500000000000007 1.0000000180025095e-35 37.500000000000007 38.150000000000013 58.650000000000013 302.00000000000006 354.50000000000006 2.5000000000000004 18.500000000000004 39.750000000000007 4.1500000000000012 354.50000000000006 -1.0000000180025095e-35 6.5000000000000009 14.850000000000003 -291.99999999999994 240.00000000000003 290.00000000000006 1.0000000180025095e-35 -1459.9999999999998 16.500000000000004
decision_type=2 2 2 2 2 2 2 2 2 2 2 2 2 2 2 2 2 2 2 2 2 2 2
left_child=1 2 5 -4 -3 9 7 8 -7 13 -11 14 -13 -1 -9 16 -16 -17 20 -20 -15 -22 -23
right_child=-2 4 3 -5 -6 6 -8 11 -10 10 -12 12 -14 18 15 17 -18 -19 19 -21 21 22 -24
leaf_value=-0.062706345108149902 -0.074700819213585054 -0.07345507521228585 0.089320558675461695 -0.078554657348201412 0.088322126346305568 0.089425629984421176 -0.075193659664714321 -0.065653912224309455 -0.078757907517306297 -0.077302835223890171 0.091446233322925563 0.091212499748635406 -0.071624836582452958 -0.015704020736945122 0.089303387674101148 0.095177110385195246 -0.084328104506624799 0.027302220023342146 0.096492582055718812 -0.076550765719496913 -0.0019303976663496377 0.095343981746955297 0.073164302565266195
leaf_weight=6.8564634770154944 108.53758281469345 26.807289585471153 37.448410302400589 23.790880620479584 14.836624026298521 13.137871086597441 106.36262127757072 5.8794417232275 22.853899613022804 20.17356576025486 33.952933177351952 28.757014945149422 20.526518777012825 1.721142753958701 984.66517154872417 3471.4672038853168 58.93222039937973 81.508579477667809 115.55626936256886 22.534092426300049 1.4602324962615956 9248.6071588397026 121.54694436490536
leaf_count=29 477 116 9 100 3 2 466 24 95 84 7 6 89 7 310 539 245 132 13 95 6 1381 79
internal_value=0 0.0905023 0.0908091 0.0220658 -0.0128095 0.0910934 0.0850237 0.088686 -0.0138887 0.09412 0.0262466 0.0895064 0.020867 0.0944928 0.0902143 0.0904412 0.0793768 0.0936553 0.0946194 0.0673426 0.0950078 0.0950414 0.0950698
internal_weight=0 14469.4 14427.7 61.2393 41.6439 14366.5 4794.09 4687.73 35.9918 9572.41 54.1265 4651.74 49.2835 9518.28 4602.45 4596.57 1043.6 3552.98 9511.43 138.09 9373.34 9371.61 9370.15
internal_count=4314 3837 3718 109 119 3609 1908 1442 97 1701 91 1345 95 1610 1250 1226 555 671 1581 108 1473 1466 1460
is_linear=0
shrinkage=0.0493048


Tree=4
num_leaves=25
num_cat=0
split_feature=65 100 55 91 72 40 64 68 66 80 64 66 60 79 64 86 59 59 64 23 52 64 86 91
split_gain=1100.03 172.495 98.392 156.179 96.0419 88.4269 1045.48 149.067 90.1945 77.558 121.085 71.9024 62.0573 52.2771 630.686 127.354 30.0543 222.09 22.1428 18.5354 59.0297 125.829 14.3414 12.4745
threshold=13.500000000000002 2.6465499999999982 4.0500000000000007 0.67948717948717963 6.5000000000000009 38.150000000000013 58.650000000000013 302.00000000000006 354.50000000000006 39.750000000000007 4.1500000000000012 354.50000000000006 -1.0000000180025095e-35 6.5000000000000009 14.850000000000003 -291.99999999999994 240.00000000000003 290.00000000000006 1.0000000180025095e-35 1.5000000000000002 3.5000000000000004 3.8500000000000001 -1459.9999999999998 -0.10555555555555554
decision_type=2 2 2 2 2 2 2 2 2 2 2 2 2 2 2 2 2 2 2 2 2 2 2 2
left_child=1 2 5 -4 -3 11 7 8 -7 12 -11 -1 -9 14 -14 -15 18 -18 -13 22 -21 -22 -20 -24
right_child=-2 4 3 -5 -6 6 -8 9 -10 10 -12 16 13 15 -16 -17 17 -19 19 20 21 -23 23 -25
leaf_value=-0.060529749031368228 -0.072761343687958238 0.084168309335900346 -0.076076554062573729 0.084960547004819087 -0.071414070450319 0.084877780192368524 -0.073211194407871619 -0.063059866421404556 -0.076055057778064594 0.086598945792310325 -0.069546699681236779 -0.029368418523200397 0.084749648832010541 0.0904065144691064 -0.081366911033323913 0.025910407876471347 0.091667404355332008 -0.074065974589123146 -0.001837880234201018 0.0887274729112284 0.088010305721733045 -0.078042718294680319 0.081651088230561955 0.090965193389487983
leaf_weight=6.7565338462591162 106.00085373222828 14.845167428255079 23.417496338486671 37.476198479533195 26.279645889997482 13.160359635949133 103.91851133108139 5.822308585047721 22.508987456560135 28.795935094356537 20.109032496809959 2.1959499567747107 986.3564790636301 3474.3185041844845 58.087605312466621 81.650301277637482 115.63884955644608 22.818031311035156 1.4598439037799824 114.0832444280386 27.03393828868866 18.260462448000908 658.38677988946438 8611.430608689785
leaf_count=29 477 3 100 9 116 2 466 24 95 6 89 9 310 539 245 132 13 98 6 23 5 76 229 1213
internal_value=0 0.0860027 0.0862912 0.0209827 -0.0122079 0.0865592 0.0808142 0.0842534 -0.0131711 0.0850267 0.0198495 0.0894219 0.0856915 0.0859073 0.0753895 0.0889608 0.0895409 0.0634448 0.0899106 0.0899516 0.0695046 0.0183144 0.0902894 0.0903174
internal_weight=0 14474.8 14433.7 60.8937 41.1248 14372.8 4794.73 4690.81 35.6693 4655.14 48.905 9578.06 4606.24 4600.41 1044.44 3555.97 9571.31 138.457 9432.85 9430.65 159.378 45.2944 9271.28 9269.82
internal_count=4314 3837 3718 109 119 3609 1908 1442 97 1345 95 1701 1250 1226 555 671 1672 111 1561 1552 104 81 1448 1442
is_linear=0
shrinkage=0.0493048


Tree=5
num_leaves=25
num_cat=0
split_feature=65 100 82 55 91 40 64 68 66 80 64 66 60 79 64 86 59 59 64 88 81 95 64 45
split_gain=997.491 155.283 88.5193 88.4098 142.456 79.4677 948.238 134.397 82.5374 69.3565 110.55 65.5539 56.6509 47.3798 572.167 116.139 26.4248 202.087 20.5189 18.7908 146.629 13.8623 284.433 10.3157
threshold=13.500000000000002 2.6465499999999982 0.93541666666666667 4.0500000000000007 0.67948717948717963 38.150000000000013 58.650000000000013 302.00000000000006 354.50000000000006 39.750000000000007 4.1500000000000012 354.50000000000006 -1.0000000180025095e-35 6.5000000000000009 14.850000000000003 -291.99999999999994 240.00000000000003 290.00000000000006 1.0000000180025095e-35 16.500000000000004 1.1500000000000001 -0.15999999999999973 23.350000000000005 7.5000000000000009
decision_type=2 2 2 2 2 2 2 2 2 2 2 2 2 2 2 2 2 2 2 2 2 2 2 2
left_child=1 3 -3 5 -5 11 7 8 -7 12 -11 -1 -9 14 -14 -15 18 -18 -13 21 -21 23 -23 -20
right_child=-2 2 -4 4 -6 6 -8 9 -10 10 -12 16 13 15 -16 -17 17 -19 19 20 -22 22 -24 -25
leaf_value=-0.058501176851559138 -0.071001034131178614 -0.069541786708604822 0.080503656450889888 -0.073683498914576581 0.081003301765605204 0.080873909647502101 -0.071412984273377278 -0.060665907321949528 -0.073613603062024635 0.082549205322824171 -0.067640174362798622 -0.028067471501637874 0.080739343448545609 0.086248551809481697 -0.078720186939774894 0.024600309017928316 0.087472195668110986 -0.071827342709397266 0.079333942782549016 -0.080518159646706916 0.082746936116140798 0.086514924666525717 0.027554366867506466 0.089103546327244459
leaf_weight=6.6499991416931143 103.34029161930084 25.721267491579056 14.800138205289839 22.997515514492989 37.37275405228138 13.133093014359472 101.3476110547781 5.7566521465778342 22.119726046919823 28.722303286194801 19.668403252959251 2.1862700879573813 984.33963702619076 3462.4997190535069 57.105821222066879 81.757390901446342 115.22031709551811 22.381061747670174 550.48257941007614 14.450070217251776 109.20360997319221 3582.3578823953867 217.315942466259 4923.519009411335
leaf_count=29 477 116 3 100 9 2 466 24 95 6 89 9 310 539 245 132 13 98 176 59 28 563 305 421
internal_value=0 0.0820716 -0.0116511 0.0823443 0.0200098 0.0825984 0.0771257 0.0803729 -0.0125144 0.0811055 0.0189323 0.085324 0.0817335 0.0819399 0.071874 0.0848618 0.0854375 0.0606471 0.085787 0.0858268 0.0626457 0.0861223 0.0831758 0.0881443
internal_weight=0 14421.1 40.5214 14380.6 60.3703 14320.2 4776.45 4675.1 35.2528 4639.85 48.3907 9543.77 4591.46 4585.7 1041.45 3544.26 9537.12 137.601 9399.52 9397.33 123.654 9273.68 3799.67 5474
internal_count=4314 3837 119 3718 109 3609 1908 1442 97 1345 95 1701 1250 1226 555 671 1672 111 1561 1552 87 1465 868 597
is_linear=0
shrinkage=0.0493048


Tree=6
num_leaves=31
num_cat=0
split_feature=65 100 82 55 46 40 64 68 11 31 66 80 64 66 60 41 101 79 98 89 98 67 45 81 64 42 88 60 95 30
split_gain=908.199 140.468 81.379 79.859 130.783 72.0724 863.398 121.696 79.4959 128.367 75.737 62.3448 101.237 60.3336 51.9339 45.3187 121.68 38.133 22.8264 159.834 70.5484 72.1641 14.7915 95.6868 224.227 43.2783 12.1025 75.5448 7.58228 4.64197
threshold=13.500000000000002 2.6465499999999982 0.93541666666666667 4.0500000000000007 1.0000000180025095e-35 38.150000000000013 58.650000000000013 302.00000000000006 2.5000000000000004 18.500000000000004 354.50000000000006 39.750000000000007 4.1500000000000012 354.50000000000006 -1.0000000180025095e-35 4.8500000000000005 1.4435000000000004 6.5000000000000009 1.0912000000000044 455.50000000000006 1.7805500000000019 243.00000000000003 7.5000000000000009 0.65000000000000002 5.0500000000000007 0.71825396825396837 9.5000000000000018 0.031414473684210506 -0.15999999999999973 1.0000000180025095e-35
decision_type=2 2 2 2 2 2 2 2 2 2 2 2 2 2 2 2 2 2 2 2 2 2 2 2 2 2 2 2 2 2
left_child=1 3 -3 5 -5 8 7 10 13 -10 -7 14 -13 -1 -9 17 -17 -16 22 -20 21 -21 23 25 -25 -15 27 -24 -28 -22
right_child=-2 2 -4 4 -6 6 -8 11 9 -11 -12 12 -14 18 15 16 -18 -19 19 20 29 -23 26 24 -26 -27 28 -29 -30 -31
leaf_value=-0.05660135483720987 -0.069396868491453254 -0.067751651300396412 0.076902677710861761 0.077610953751551123 -0.071625674659358832 0.077315386154221025 -0.069775169661947856 -0.058444215844307444 -0.077013761516891641 0.079344948132936008 -0.071395258899919808 0.078960168197449748 -0.065882413711018578 0.08269522049759806 0.069789503362402319 -0.082063826868663911 0.076952133673225551 0.081702189334828951 -0.085642246224499577 0.077452851011465387 0.064249372728593226 -0.085231509640988232 -0.078292056291414169 0.072315436662822974 -0.093038035950071069 0.031867760902922496 0.085737829685038791 0.074056307340329253 0.080995971889551988 0.087472985063577258
leaf_weight=6.5382791608571997 100.58578500151634 25.115254506468773 14.732412576675413 37.136835813522339 22.555063158273697 13.063412845134733 98.679799020290375 5.68398094177246 19.986603736877441 33.683040022850037 21.694199815392494 28.552828520536423 19.20993760228157 1121.0795159637928 1028.1108338683844 15.681100144982336 41.275347724556923 3470.1478633731604 15.04723224043846 13.474094524979593 80.239793494343758 12.959879666566847 7.5661427527666083 77.600394666194916 26.303404495120049 50.728458717465401 4900.5648633986712 141.47768685221672 2746.2658207267523 221.5529273301363
leaf_count=29 477 116 3 9 100 2 466 24 84 7 95 6 89 183 525 65 10 626 62 2 46 54 31 30 107 61 390 53 554 8
internal_value=0 0.078607 -0.0111324 0.0788662 0.0191301 0.0791083 0.0738631 0.0769429 0.08172 0.0187895 -0.0119084 0.0776401 0.0180982 0.0820652 0.0782362 0.0784345 0.0309675 0.0790076 0.0821749 0.0675416 0.0749511 0 0.0827147 0.0765172 0.0292428 0.080602 0.0837125 0.0654722 0.0840515 0.0817183
internal_weight=0 14316.7 39.8477 14276.9 59.6919 14217.2 4742.1 4643.42 9475.07 53.6696 34.7576 4608.66 47.7628 9421.4 4560.9 4555.22 56.9564 4498.26 9414.86 343.274 328.227 26.434 9071.59 1275.71 103.904 1171.81 7795.87 149.044 7646.83 301.793
internal_count=4314 3837 119 3718 109 3609 1908 1442 1701 91 97 1345 95 1610 1250 1226 75 1151 1581 172 110 56 1409 381 137 244 1028 84 944 54
is_linear=0
shrinkage=0.0493048


Tree=7
num_leaves=36
num_cat=0
split_feature=65 100 72 88 64 67 58 79 100 65 74 60 52 64 89 53 80 66 15 48 38 103 86 48 98 55 86 99 39 97 53 81 98 97 61
split_gain=829.603 127.54 75.3429 74.9879 998.354 50.1942 48.8427 197.208 45.5829 411.177 240.515 47.7997 41.1395 84.559 29.7437 114.1 29.336 193.064 26.9364 59.5238 24.8791 72.2188 52.1295 354.664 115.532 97.6691 26.0531 20.4742 17.7213 83.7131 15.5856 14.267 14.2239 11.0369 4.98254
threshold=13.500000000000002 2.6465499999999982 6.5000000000000009 12.500000000000002 58.650000000000013 75.500000000000014 24.500000000000004 2.5000000000000004 0.12290000000000131 7.5000000000000009 1.1500000000000001 -1.0000000180025095e-35 8.5000000000000018 2.9500000000000006 513.50000000000011 12.500000000000002 39.650000000000013 1182.0000000000002 7.5000000000000009 2.0500000000000003 13.500000000000002 0.24330494687510412 -209.49999999999997 1.1500000000000001 -1.7194000000000003 0.95000000000000007 -1372.4999999999998 -2.5351999999999992 15.500000000000002 1.0970500000000032 8.5000000000000018 1.0500000000000003 -2.4160999999999997 1.040950000000006 0.18720794392523363
decision_type=2 2 2 2 2 2 2 2 2 2 2 2 2 2 2 2 2 2 2 2 2 2 2 2 2 2 2 2 2 2 2 2 2 2 2
left_child=1 3 -3 4 6 -5 8 -8 11 10 -10 -1 13 -12 18 -16 20 -18 30 -20 21 -7 24 25 -23 -24 -26 -22 32 -30 -13 -14 -29 -34 -31
right_child=-2 2 -4 5 -6 16 7 -9 9 -11 12 14 31 -15 15 -17 17 -19 19 -21 27 22 23 -25 26 -27 -28 28 29 34 -32 -33 33 -35 -36
leaf_value=-0.061574356836560443 -0.067929508702922886 0.073981307885062769 -0.066172597987349813 -0.070889518886573744 -0.072970256386895485 -0.077360995474399022 0.076851195686518353 -0.085489367153329415 -0.090099922245567343 -0.090222889700101241 0.076280402718389609 0.071814309160382894 0.049042871780676595 -0.076465838674031797 -0.083786002274245541 0.073208527185778444 0.078871921809323134 -0.079637633514535025 0.070579115893264877 0 -0.036728724199876592 -0.084387296302853965 0.076261971000565865 -0.087919037378381137 -0.052908936386657453 -0.0058036340479863512 0.079497083363972917 -0.016325920217280604 -0.082934985261773231 0.037563659390251143 0.082139763672284496 0.080071193545633385 0.08206132152173487 0.065171065772097414 0.078665509632318137
leaf_weight=5.0013756155967704 97.763391271233559 14.604571193456648 24.50962720811367 4.5621392577886573 114.0868356525898 6.7433407157659522 75.033911943435669 23.36246994137764 21.19928565621376 39.489825293421745 24.94084744155407 690.27450053393841 60.966570779681206 13.023050650954245 13.336133152246473 56.902513921260834 115.16599626839161 21.516631275415421 522.5432663410902 31.894696980714798 2.1141311675310126 9.7668606936931592 516.49769942462444 35.751690313220024 2.4681028127670279 34.829749509692192 2339.8771514296532 1.4806336760520924 8.6923733204603177 22.687612190842628 2565.6809804141521 735.42579101026058 5769.9171156287193 170.8481377363205 77.465549886226654
leaf_count=21 477 3 116 19 534 28 19 99 88 165 6 240 50 56 56 17 19 93 195 63 9 40 133 151 10 77 405 6 36 25 264 118 568 93 15
internal_value=0 0.0755103 -0.0106464 0.0757576 0.0706421 0.0785381 0.0740262 0.0370268 0.0747614 0.0638871 0.071149 0.0772337 0.0753985 0.0205886 0.0774452 0.0416045 0.0786266 0.0529961 0.0780728 0.0665875 0.0790019 0.0747048 0.0750969 0.0609669 0.0785699 0.070852 0.0793037 0.0810721 0.0811341 0.0571854 0.0799897 0.0778542 0.0815515 0.0815969 0.0706118
internal_weight=0 14172.7 39.1142 14133.5 4993.16 9140.38 4879.08 98.3964 4780.68 895.045 855.556 3885.63 834.356 37.9639 3880.63 70.2386 9135.82 136.683 3810.39 554.438 8999.14 2945.93 2939.19 587.079 2352.11 551.327 2342.35 6053.21 6051.09 108.846 3255.96 796.392 5942.25 5940.77 100.153
internal_count=4314 3837 119 3718 1991 1727 1457 118 1339 483 318 856 230 62 835 73 1708 112 762 258 1596 844 816 361 455 210 415 752 743 76 504 168 667 661 40
is_linear=0
shrinkage=0.0493048


Tree=8
num_leaves=39
num_cat=0
split_feature=65 73 64 88 64 80 66 79 64 101 64 67 95 55 74 64 49 95 11 56 64 89 38 67 99 15 92 3 89 91 61 83 81 81 19 102 102 102
split_gain=760.101 88.6856 134.431 70.0003 1100.06 50.3292 198.572 50.1797 402.915 82.0616 321.804 47.9382 26.2268 134.905 40.2283 130.763 26.0347 113.458 23.6642 85.0691 99.3257 59.5647 19.9727 105.622 28.7305 16.8155 54.0612 9.0113 8.81765 23.9669 39.5719 6.34453 37.7868 30.4728 0.505501 0.435279 6.62345 16.8724
threshold=13.500000000000002 40.750000000000007 5.1500000000000012 11.500000000000002 37.050000000000004 39.650000000000013 1173.0000000000002 10.500000000000002 20.150000000000002 -0.34825000000000012 4.1500000000000012 75.500000000000014 1.5400000000000003 2.2500000000000004 2.6500000000000008 5.9500000000000011 0.63961038961038974 0.66000000000000059 1.5000000000000002 0.55050505050505061 3.5500000000000003 465.50000000000006 6.5000000000000009 1450.5000000000002 -2.4135500000000039 21.500000000000004 0.18465909090909091 34.500000000000007 458.50000000000006 -0.074175824175824134 0.29190074906367042 1.0000000180025095e-35 3.3500000000000001 0.45000000000000007 2.5000000000000004 0.17394523362540606 0.093173694007244304 0.10116914323774596
decision_type=2 2 2 2 2 2 2 2 2 2 2 2 2 2 2 2 2 2 2 2 2 2 2 2 2 2 2 2 2 2 2 2 2 2 2 2 2 2
left_child=1 3 -3 4 7 11 25 8 9 16 -11 -5 14 -14 18 -16 34 -18 22 21 -21 -20 23 -13 -24 26 -7 -19 29 -9 -31 32 33 -30 -1 36 -33 -38
right_child=-2 2 -4 5 -6 6 -8 28 -10 10 -12 12 13 -15 15 -17 17 27 19 20 -22 -23 24 -25 -26 -27 -28 -29 31 30 -32 35 -34 -35 -36 -37 37 -39
leaf_value=0.068010242163556653 -0.06658260695213436 0.072337769537008711 -0.068532320121997989 -0.067653013134060261 -0.078268056556396445 -0.075576591403094334 -0.076690664215135276 0.077898719716151185 -0.089828412013930936 0.074978937136697524 -0.094844035010758068 0.072343241850307799 -0.082274181625913073 0.073620295080490464 0.075541465856541506 -0.080702687255735844 -0.090629348378966981 0.03447595923007566 0 0.075757595547194564 -0.086193725764014614 0.075727137184483664 -0.055181304779129671 -0.00012478331657849042 0.077481418500791988 0.080687685672797327 0.06971922288054816 0.079312382339639262 0.041648913974041336 -0.086252785404876561 0.053445554027395967 0.07796797633081573 0.080026077560564832 -0.084737714487709379 0.078583031253318156 0.080404958407424662 0.070674405377954982 0.010973409501645508
leaf_weight=238.60150671005249 94.895763158798218 40.642125383019447 27.10920874774456 4.7452238053083411 122.23653873801231 7.5509449392557135 26.031962871551514 33.792529046535492 39.389742121100426 109.46077553927898 35.526521414518356 953.34280861914158 15.670316457748411 76.240374222397804 49.994603753089905 16.925368994474411 12.135392799973486 27.938251316547394 25.457377597689629 17.248764410614967 19.317157834768295 310.09283465147018 2.8527671396732321 47.927472069859505 8978.0300880223513 104.01320487260818 25.072457939386368 60.325263857841492 14.616203352808954 6.8703434616327312 15.934621095657347 126.17708404362202 50.060466423630714 6.743392124772071 769.73557932674885 1511.3628233373165 38.958707645535469 24.174657270312309
leaf_count=91 477 11 129 20 563 33 116 2 166 28 147 265 68 24 9 74 50 31 53 2 82 68 12 95 1307 7 6 6 12 28 9 18 2 28 105 122 10 38
internal_value=0 0.0727344 0.0141312 0.0730106 0.0663254 0.0750293 0.0457837 0.0720277 0.0640215 0.0689567 0.0324969 0.0754696 0.0755462 0.045668 0.0757977 0.0341461 0.0736112 0.0462866 0.0760547 0.0619525 -0.00640169 0.0697717 0.0765678 0.0687504 0.0774252 0.0700406 0.032238 0.0665473 0.0776197 0.0510842 0.00584892 0.0783961 0.056606 0 0.0762069 0.0792369 0.0692419 0.0498008
internal_weight=0 13992.3 67.7513 13924.6 3244.04 10680.5 162.669 3121.8 1293.11 1253.72 144.987 10517.8 10513.1 91.9107 10421.2 66.92 1108.74 100.399 10354.3 372.116 36.5659 335.55 9982.15 1001.27 8980.88 136.637 32.6234 88.2635 1828.69 56.5975 22.805 1772.09 71.4201 21.3596 1008.34 1700.67 189.31 63.1334
internal_count=4314 3837 140 3697 1456 2241 162 893 624 458 175 2079 2059 92 1967 83 283 87 1884 205 84 121 1679 360 1319 46 39 37 269 39 37 230 42 40 196 188 66 48
is_linear=0
shrinkage=0.0493048


Tree=9
num_leaves=26
num_cat=0
split_feature=65 73 64 40 64 68 89 11 31 66 66 60 19 102 52 64 67 100 89 64 49 103 91 95 68
split_gain=698.235 81.0537 123.833 64.4136 731.206 116.353 72.8848 69.1565 109.102 67.2895 49.9538 48.2184 44.1627 132.137 40.3517 333.663 61.2568 24.131 222.593 15.2663 14.6007 112.974 89.2824 12.2949 7.02548
threshold=13.500000000000002 40.750000000000007 5.1500000000000012 38.150000000000013 58.650000000000013 302.00000000000006 427.50000000000006 2.5000000000000004 18.500000000000004 354.50000000000006 354.50000000000006 -1.0000000180025095e-35 33.500000000000007 0.32772679978984448 8.5000000000000018 14.850000000000003 569.00000000000011 1.2228999999999994 487.50000000000006 1.0000000180025095e-35 0.5590277777777779 0.30199047266476059 -0.10555555555555554 -7.1449999999999987 1280.0000000000002
decision_type=2 2 2 2 2 2 2 2 2 2 2 2 2 2 2 2 2 2 2 2 2 2 2 2 2
left_child=1 3 -3 7 5 9 -7 10 -9 -5 -1 -8 14 -14 15 -13 -16 19 -19 -12 23 -22 -23 -21 -25
right_child=-2 2 -4 4 -6 6 11 8 -10 -11 17 12 13 -15 16 -17 -18 18 -20 20 21 22 -24 24 -26
leaf_value=-0.055152678997453276 -0.065342217866293698 0.069646075120164117 -0.066912092796471159 0.068392179268766451 -0.066592611675266283 -0.079651301637504904 -0.057848240211289127 -0.075327989639003626 0.070778053560516932 -0.07115187133222875 -0.024004968748629237 0.066920589461141905 -0.083740193249176295 0.081999917260697802 0.02471938423248066 -0.075844693137647246 0.073212372505196813 -0.087272082841338638 0.073919211417260947 -0.011222697283570554 -0.087789952345530095 0 0.071847034000669802 0.072384190081287048 0.077285929053367952
leaf_weight=6.2202321439981452 92.002546772360802 40.145211800932884 26.414880096912384 12.644408255815504 98.744723081588745 7.1893404573202124 6.1412981748580924 19.620307847857475 32.516646027565002 22.792008966207504 1.9407042115926731 662.09562672674656 17.950453922152519 31.889330625534058 72.422856867313385 41.507640480995178 3646.3989349454641 23.137905150651932 164.77502156794071 1.4732296168804158 10.267611742019652 41.086780488491058 2406.2708002328873 2405.2256696224213 3984.3172899186611
leaf_count=28 477 11 129 2 501 30 27 84 7 101 8 249 75 3 97 184 698 98 25 6 42 75 509 512 336
internal_value=0 0.0702265 0.0135782 0.0704922 0.065481 0.0683937 0.0691027 0.0730232 0.0133983 -0.0178363 0.0733531 0.0693699 0.0695728 0.0197968 0.0701055 0.0583185 0.0723017 0.0734555 0.0533977 0.0738671 0.0739027 0.0699026 0.0706162 0.0754211 0.0754606
internal_weight=0 13783.2 66.5601 13716.6 4619.78 4521.03 4485.6 9096.85 52.137 35.4364 9044.72 4478.41 4472.26 49.8398 4422.43 703.603 3718.82 9038.5 187.913 8850.58 8848.64 2457.63 2447.36 6391.02 6389.54
internal_count=4314 3837 140 3697 1967 1466 1363 1730 91 103 1639 1333 1306 78 1228 433 795 1611 123 1488 1480 626 584 854 848
is_linear=0
shrinkage=0.0493048


Tree=10
num_leaves=33
num_cat=0
split_feature=65 55 46 40 64 68 11 31 66 80 64 66 79 64 61 86 64 67 103 59 59 90 88 81 95 4 46 57 48 91 60 60
split_gain=642.826 77.1476 111.022 63.9497 667.024 103.721 63.813 100.398 61.2024 52.0472 84.2014 51.4666 42.7144 475.342 146.988 115.383 224.995 86.1052 27.4888 25.9054 168.767 24.8004 15.2344 110.119 12.2666 71.7265 55.5569 11.9049 53.7319 9.69189 0.621002 1.08836
threshold=13.500000000000002 4.0500000000000007 1.0000000180025095e-35 38.150000000000013 58.650000000000013 302.00000000000006 2.5000000000000004 18.500000000000004 354.50000000000006 39.750000000000007 4.1500000000000012 354.50000000000006 6.5000000000000009 14.850000000000003 0.10889328063241101 -291.99999999999994 6.4500000000000011 364.00000000000006 0.52628504829918621 240.00000000000003 290.00000000000006 0.16025641025641021 16.500000000000004 1.1500000000000001 0.62499999999999978 1.0000000180025095e-35 2.5000000000000004 -4.7499999999999991 1.0000000180025095e-35 -0.10555555555555554 0.13933691756272401 0.091287878787878765
decision_type=2 2 2 2 2 2 2 2 2 2 2 2 2 2 2 2 2 2 2 2 2 2 2 2 2 2 2 2 2 2 2 2
left_child=1 3 -3 6 5 8 11 -8 -5 12 -11 -1 13 14 -7 17 -17 -14 -19 22 -21 -16 24 -24 27 -26 -27 28 -13 -29 31 -25
right_child=-2 2 -4 4 -6 9 7 -9 -10 10 -12 19 15 -15 21 16 -18 18 -20 20 -22 -23 23 30 25 26 -28 29 -30 -31 -32 -33
leaf_value=-0.055081565105657246 -0.064196414530887647 0.066748444531396375 -0.070002895468187873 0.066011297692378124 -0.06535281800939681 -0.099405894697307776 -0.072925544959850999 0.068369389431100366 -0.068423563954103539 0.069289582640076897 -0.063922691872891499 0.073623317876580593 -0.093246346166335051 -0.078700480715748797 0.070438053525133867 0.075083309380344368 -0.093278431041579263 -0.070302842750380776 0.072023992458004255 0.072979899405624049 -0.071332807658569877 0.030968165853452349 -0.083757287774058747 0.024596771055370562 0.067995828431077432 0.06266978757181528 -0.10063540581854491 0.06418376469184664 0 0.072929682736925086 0.076321027814794551 0.063154526840338551
leaf_weight=6.725443333387374 89.100715667009354 35.291736751794815 23.975344404578209 12.460371196269987 95.148654788732529 12.247698336839674 19.277107432484627 32.016185209155083 22.081234857439995 27.417828351259232 19.330281168222427 88.88850063085556 7.0120615363121024 57.826394274830818 874.4425078779459 51.124574273824692 30.696308374404907 2.3925601691007605 3248.7270732671022 108.14749836921692 23.223422482609749 52.659383550286293 12.515587031841276 17.678723931312561 121.81903396546841 7.899896144866946 11.892338827252386 586.39063541591167 36.864483341574669 7817.2242565602064 64.653810948133469 21.7546127140522
leaf_count=31 477 9 112 2 498 51 84 7 101 6 94 8 29 254 218 12 127 10 524 13 104 56 51 20 34 1 49 201 63 1057 4 7
internal_value=0 0.0679414 0.00932305 0.0681897 0.0631363 0.0659318 0.0707164 0.012832 -0.0163146 0.0666084 0.0115421 0.0710351 0.0671731 0.0574898 0.0660086 0.0700264 0.0103883 0.0714858 0.0718803 0.0711443 0.0465105 0.0683315 0.0714983 0.0499156 0.0717739 0.0535316 -0.0291861 0.072062 0.0528527 0.0723345 0.067205 0.0490551
internal_weight=0 13549.8 59.2671 13490.5 4513.57 4418.42 8976.97 51.2933 34.5416 4383.88 46.7481 8925.68 4337.13 997.176 939.35 3339.95 81.8209 3258.13 3251.12 8918.95 131.371 927.102 8787.58 116.603 8670.98 141.611 19.7922 8529.37 125.753 8403.61 104.087 39.4333
internal_count=4314 3837 121 3716 1982 1484 1734 91 103 1381 100 1643 1281 579 325 702 139 563 534 1612 117 274 1495 82 1413 84 50 1329 71 1258 31 27
is_linear=0
shrinkage=0.0493048


Tree=11
num_leaves=47
num_cat=0
split_feature=65 73 64 88 64 79 64 101 64 80 66 67 52 49 64 42 86 90 40 45 52 49 95 54 7 15 3 38 79 79 100 103 64 89 91 61 81 7 7 53 42 102 102 102 19 61
split_gain=593.201 71.9337 109.074 60.7537 924.268 46.9153 349.644 76.7622 287.355 44.898 172.55 42.739 25.9995 118.632 294.874 33.6332 116.408 159.39 53.3301 26.1683 158.712 23.557 100.517 17.3037 62.8059 15.5727 38.3119 15.2055 108.338 14.7667 64.0588 10.3909 8.82406 8.78235 22.9046 34.5812 5.77033 4.90373 12.6089 2.77994 4.49743 2.40362 8.3676 71.0317 1.11668 10.7219
threshold=13.500000000000002 40.750000000000007 5.1500000000000012 11.500000000000002 37.050000000000004 10.500000000000002 20.150000000000002 -0.34825000000000012 4.1500000000000012 39.650000000000013 1173.0000000000002 75.500000000000014 8.5000000000000018 0.53589743589743599 7.2500000000000009 0.21825396825396823 -111.49999999999999 -0.24038461538461534 34.95000000000001 7.5000000000000009 11.500000000000002 0.63961038961038974 0.66000000000000059 36.850000000000001 104.00000000000001 21.500000000000004 5.5000000000000009 3.5000000000000004 10.500000000000002 13.500000000000002 -1.0136500000000017 0.16864966121328678 3.9500000000000006 458.50000000000006 -0.074175824175824134 0.29190074906367042 1.1500000000000001 1.0000000180025095e-35 1.5000000000000002 3.5000000000000004 0.13809523809523808 0.066753167924035059 0.24082175966040037 0.24023700576855772 2.5000000000000004 0.14976635514018691
decision_type=2 2 2 2 2 2 2 2 2 2 2 2 2 2 2 2 2 2 2 2 2 2 2 2 2 2 2 2 2 2 2 2 2 2 2 2 2 2 2 2 2 2 2 2 2 2
left_child=1 3 -3 4 5 6 7 21 -9 11 25 -5 13 15 23 39 18 -18 -17 20 -14 44 -23 24 -15 26 -11 28 -21 31 -31 -29 -24 34 -7 -36 41 -22 -39 -13 -41 -35 43 -43 45 -1
right_child=-2 2 -4 9 -6 33 -8 8 -10 10 -12 12 19 14 -16 16 17 -19 -20 27 37 22 32 -25 -26 -27 -28 29 -30 30 -32 -33 -34 36 35 -37 -38 38 -40 40 -42 42 -44 -45 -46 -47
leaf_value=0.018339908712435338 -0.063134878935290836 0.064997431110310894 -0.065503978425163339 -0.06807688247120959 -0.076733777503706788 0.070857903414216966 -0.088446605817977961 0.067707187798986337 -0.094678584572289948 -0.077621427572275442 -0.076109460559380282 0.074436083677151238 -0.10033488795858057 -0.094646793564631571 -0.086733035328980773 -0.075208914136509417 0.070369807282779237 -0.093572655907750421 0.06496171472501272 -0.089583056158906743 0.072926562032317496 -0.089451674209245324 0.074432970856832037 0.068030334643665619 0.070073271206710058 0.073640350294866125 0.055656948611055343 -0.007911793906872357 0.068105959004912106 -0.091105153505097194 0.06097600057043967 0.071202935931003589 0.031697115594973388 0.069229753028350133 -0.086668188052694703 0.046226819194698968 0.07258087020389653 0.065725511222706146 0.0078475648145725982 0.066994125542744795 0.0378895597852048 -0.1004677770886334 0.060957814139248653 0.065291791527591028 0.071482542131078977 0.064512729306201541
leaf_weight=21.29811018705368 86.204883590340614 38.866932421922684 25.425491452217102 4.6289831399917594 115.28419920802116 32.034664392471313 38.115131929516792 104.43224923312664 35.012065902352333 5.970936223864558 25.176496967673302 918.63942268490791 15.23492708802223 7.7346064001321819 43.602077499032021 5.8273301124572745 28.960558101534843 28.291153192520142 575.47587431967258 11.675025850534437 98.391902849078178 11.966766923665999 52.775113373994827 114.64839033782482 18.297828674316406 98.526746273040771 25.222375109791756 1.2011552751064289 75.227162629365921 6.2228671610355368 280.03438656032085 7460.871660143137 31.794381856918335 57.390237510204315 6.7990344762802151 15.286830842494963 1550.8759950995445 29.606747254729271 21.136683657765388 205.74771502614021 37.162975609302521 8.134676516056059 41.006812304258347 23.940979152917862 732.12356388568878 206.92069980502129
leaf_count=25 477 11 129 20 563 2 166 28 147 26 116 61 64 32 189 24 3 121 182 51 8 50 6 24 1 7 13 5 17 26 111 1007 31 10 28 9 169 5 32 61 35 34 13 4 105 66
internal_value=0 0.0658727 0.0114481 0.0661278 0.0597284 0.0650682 0.0571698 0.0619155 0.0260302 0.0680617 0.0397244 0.0684885 0.0685645 0.0628537 0.0241005 0.0667514 0.0567044 -0.00847983 0.0633383 0.0699653 0.047958 0.0665316 0.0400342 0.0593482 0.0163025 0.0631782 0.0261063 0.0704109 0.0454638 0.0706745 0.0572252 0.0711735 0.0598552 0.0706133 0.0441024 0 0.0713918 0.0639599 0.0440873 0.0721658 0.0630592 0.0562902 0.0444009 0.0193191 0.0690642 0.0607519
internal_weight=0 13293 64.2924 13228.7 3085.19 2969.91 1234.44 1196.32 139.444 10143.5 154.897 9988.62 9983.99 1984.39 184.283 1800.11 638.555 57.2517 581.303 7999.6 164.37 1056.88 96.5363 140.681 26.0324 129.72 31.1933 7835.23 86.9022 7748.33 286.257 7462.07 84.5695 1735.47 54.1205 22.0859 1681.35 149.135 50.7434 1161.55 242.911 130.473 73.0825 32.0757 960.342 228.219
internal_count=4314 3837 140 3697 1456 893 624 458 175 2241 162 2079 2059 733 246 487 330 124 206 1326 109 283 87 57 33 46 39 1217 68 1149 137 1012 37 269 39 37 230 45 37 157 96 61 51 38 196 91
is_linear=0
shrinkage=0.0493048


Tree=12
num_leaves=28
num_cat=0
split_feature=65 55 46 40 64 68 11 31 66 80 64 66 41 101 60 79 64 86 59 59 91 49 55 103 47 64 42
split_gain=548.43 68.5 98.4302 57.816 579.883 93.0341 58.9467 89.5004 54.4539 45.5852 73.341 45.2401 40.2274 91.6787 36.6386 34.5355 401.635 90.4248 23.2002 150.601 14.1507 93.1634 126.181 26.3376 16.5281 40.682 10.9623
threshold=13.500000000000002 4.0500000000000007 1.0000000180025095e-35 38.150000000000013 58.650000000000013 302.00000000000006 2.5000000000000004 18.500000000000004 354.50000000000006 39.750000000000007 4.1500000000000012 354.50000000000006 4.8500000000000005 1.4435000000000004 -1.0000000180025095e-35 6.5000000000000009 14.850000000000003 -291.99999999999994 240.00000000000003 290.00000000000006 -0.10555555555555554 0.5590277777777779 2.5500000000000003 0.13564659966250484 35.250000000000007 51.150000000000013 0.6132478632478634
decision_type=2 2 2 2 2 2 2 2 2 2 2 2 2 2 2 2 2 2 2 2 2 2 2 2 2 2 2
left_child=1 3 -3 6 5 8 11 -8 -5 12 -11 -1 14 -14 -7 16 -16 -17 20 -20 21 26 -23 -22 -25 -26 -13
right_child=-2 2 -4 4 -6 9 7 -9 -10 10 -12 18 13 -15 15 17 -18 -19 19 -21 23 22 -24 24 25 -27 -28
leaf_value=-0.052625686733115906 -0.062148664512296815 0.062756403992891133 -0.068352232924915948 0.061649976577780451 -0.063719729923318841 -0.052603206479482141 -0.07113318451700415 0.064079311022927091 -0.066891098957082729 0.064780236006952457 -0.062091702086679995 0.066217081169512096 -0.079203420625074822 0.060849607552110482 0.062689572432217136 0.067895141372543988 -0.076440147952790805 0.011812565265952434 0.068888152456152721 -0.069461654752787372 -0.058498791418635343 -0.1019606343467713 0.066868232979406556 0.072318285791658415 0.067430294349724931 0.046555725956209569 0.033384810018983843
leaf_weight=6.4924436807632437 83.327581688761711 34.110202491283417 23.110916748642921 12.030055746436117 90.178553894162178 5.3788043707609168 18.929132655262947 30.829425871372223 21.471866428852081 26.468349784612656 18.490604862570763 514.95798844099045 15.730243906378744 37.8046555519104 902.06288845837116 3083.1909611225128 52.607165843248367 77.044910967350006 103.81708027422428 22.569223016500473 2.9117476046085349 19.985580876469612 22.8122239112854 2320.5363972783089 5234.4410284608603 279.30808307230473 42.83103358745575
leaf_count=31 477 9 112 2 498 24 84 7 101 6 94 114 69 11 301 514 237 125 13 104 12 83 3 119 945 181 38
internal_value=0 0.0639762 0.00762225 0.0642154 0.0593076 0.0619464 0.066673 0.0101311 -0.0170103 0.062603 0.00982947 0.0669867 0.0631416 0.0173522 0.0637062 0.0638889 0.0548901 0.0665674 0.0670921 0.0431869 0.0674352 0.0585113 -0.00908619 0.068103 0.0681662 0.0663957 0.0639211
internal_weight=0 13020.1 57.2211 12962.9 4342.46 4252.28 8620.42 49.7586 33.5019 4218.78 44.959 8570.66 4173.82 53.5349 4120.28 4114.91 954.67 3160.24 8564.17 126.386 8437.78 600.587 42.7978 7837.2 7834.29 5513.75 557.789
internal_count=4314 3837 121 3716 1982 1484 1734 91 103 1381 100 1643 1281 80 1201 1177 538 639 1612 117 1495 238 86 1257 1245 1126 152
is_linear=0
shrinkage=0.0493048


Tree=13
num_leaves=42
num_cat=0
split_feature=65 73 64 88 64 79 64 101 64 80 66 67 95 95 64 92 60 49 95 99 103 48 102 45 15 3 45 89 3 89 91 61 83 81 81 73 67 61 102 102 102
split_gain=507.795 64.3394 96.5734 55.1032 819.027 44.4685 313.503 71.9588 261.551 40.5508 154.742 39.2473 25.5954 114.986 89.0953 579.625 24.5444 22.4943 91.6963 21.9614 16.8162 16.4692 96.9871 53.2474 14.7436 34.5145 10.44 34.3231 9.0052 8.71553 21.95 31.1879 6.58306 33.8031 26.005 3.09393 2.7737 2.64953 1.32374 6.94743 15.7021
threshold=13.500000000000002 40.750000000000007 5.1500000000000012 11.500000000000002 37.050000000000004 10.500000000000002 20.150000000000002 -0.34825000000000012 4.1500000000000012 39.650000000000013 1173.0000000000002 75.500000000000014 -0.15999999999999973 -0.12999999999999931 43.750000000000007 0.56696428571428581 -1.0000000180025095e-35 0.63961038961038974 0.66000000000000059 -1.9953000000000001 0.16864966121328678 1.4500000000000002 0.14320356396197678 14.500000000000002 21.500000000000004 5.5000000000000009 7.5000000000000009 465.50000000000006 34.500000000000007 458.50000000000006 -0.074175824175824134 0.29190074906367042 1.0000000180025095e-35 3.3500000000000001 0.45000000000000007 38.350000000000001 1231.5000000000002 0.23368794326241135 0.17394523362540606 0.093173694007244304 0.10116914323774596
decision_type=2 2 2 2 2 2 2 2 2 2 2 2 2 2 2 2 2 2 2 2 2 2 2 2 2 2 2 2 2 2 2 2 2 2 2 2 2 2 2 2 2
left_child=1 3 -3 4 5 6 7 17 -9 11 24 -5 19 -14 16 -16 -15 36 -19 -13 -18 26 -23 -24 25 -11 27 -21 -20 30 -7 -32 33 34 -31 -28 37 -1 39 -34 -41
right_child=-2 2 -4 9 -6 29 -8 8 -10 10 -12 12 13 14 15 -17 20 18 28 21 -22 22 23 -25 -26 -27 35 -29 -30 32 31 -33 38 -35 -36 -37 -38 -39 -40 40 -42
leaf_value=0.061457290697062045 -0.06122995877905571 0.061073061600153862 -0.064233953376624686 -0.066781322087452438 -0.075226849627510126 0.067105921645384523 -0.086180956570085787 0.063819404845085415 -0.092680141001606084 -0.076072122429665281 -0.074672874500076022 0.0052735486870578831 -0.10122131279248257 -0.055625694636138895 -0.086158286451629554 0.072144228514644845 -0.049803847640187138 -0.087660382365070691 0.024239824873197448 0 0.064445897196382079 -0.099455846870793077 -0.0027591642427370567 0.066844750903676003 0.069987236796802285 0.051936453363707634 0.07086182218659591 0.062597819547432029 0.06892040813142887 0.030612257094902576 -0.08526871241727875 0.042150654323754248 0.067078672345136342 0.069357298662886605 -0.087601546884694584 0.060093048746619887 0.068102935414058208 0.040070874759906033 0.069726890739084349 0.059315333904022181 0.00087678033467101428
leaf_weight=184.84928241372108 80.479485958814621 37.411657229065895 24.394353106617928 4.5536299794912329 110.05357393622398 30.631616950035095 37.083627194166183 100.42214325070381 34.545454487204552 5.8544438332319286 24.31161105632782 17.735907375812531 9.8172731101512891 3.0103240311145774 71.743303462862968 251.93543815612793 1.8824435919523228 11.831279560923575 26.448831304907799 23.445096477866173 5143.5544227361679 8.9381955713033658 25.898349314928055 267.30766677856445 94.188321933150291 24.334425270557404 3326.9975842088461 178.20415061712265 55.145469069480896 13.560684561729433 6.764796748757365 14.816015556454657 114.84522497653961 45.36054827272892 6.5521976202726355 231.8810092061758 677.31033529341221 59.519072830677032 1369.6938606649637 35.57647217810154 22.832527354359627
leaf_count=51 477 11 129 20 563 2 166 28 147 26 116 26 42 13 334 3 8 50 31 43 1170 40 54 40 7 13 161 56 6 12 28 9 18 2 28 69 99 46 122 10 38
internal_value=0 0.0622185 0.00959643 0.0624653 0.0562281 0.0613527 0.0535204 0.0581355 0.0228284 0.0643511 0.0367779 0.0647665 0.0648424 0.0623574 0.0626743 0.036667 0.0642849 0.0627065 0.0364309 0.0681499 0.0643796 0.0683938 0.0551257 0.0602731 0.0595768 0.02294 0.0694262 0.0552202 0.0559767 0.0668758 0.0402718 0 0.0676613 0.0456077 -0.00180945 0.0701957 0.0652336 0.0567634 0.0685155 0.058209 0.0386127
internal_weight=0 12735.2 61.806 12673.4 2957.84 2847.79 1187.16 1150.07 134.968 9715.59 148.689 9566.9 9562.35 5481.94 5472.13 323.679 5148.45 1015.1 93.4256 4080.41 5145.44 4062.67 302.144 293.206 124.377 30.1889 3760.53 201.649 81.5943 1660.63 52.2124 21.5808 1608.42 65.4734 20.1129 3558.88 921.679 244.368 1542.95 173.254 58.409
internal_count=4314 3837 140 3697 1456 893 624 458 175 2241 162 2079 2059 1570 1528 337 1191 283 87 489 1178 463 134 94 46 39 329 99 37 269 39 37 230 42 40 230 196 97 188 66 48
is_linear=0
shrinkage=0.0493048


Tree=14
num_leaves=42
num_cat=0
split_feature=65 55 46 40 64 68 11 31 64 86 64 41 61 85 64 66 66 103 67 98 56 98 61 52 89 45 67 64 79 82 49 15 88 89 64 53 90 103 56 57 41
split_gain=470.956 61.3254 87.0663 51.8751 492.998 84.2949 54.8529 80.3978 48.971 42.8904 174.111 100.976 74.6837 157.188 65.6785 41.087 35.8097 29.541 35.8622 22.3589 132.411 54.4595 55.3346 20.7969 72.4761 14.7503 92.3384 165.258 42.2219 129.402 20.5772 11.8742 11.8072 60.8443 230.877 22.179 7.24205 53.877 6.21107 7.26298 5.88656
threshold=13.500000000000002 4.0500000000000007 1.0000000180025095e-35 38.150000000000013 58.650000000000013 302.00000000000006 2.5000000000000004 18.500000000000004 2.6500000000000008 -890.49999999999989 43.750000000000007 0.35000000000000003 0.099180327868852461 51.250000000000007 3.1500000000000008 354.50000000000006 1690.0000000000002 0.56106938645110482 334.50000000000006 1.0912000000000044 0.44097222222222227 1.7805500000000019 0.39718309859154932 8.5000000000000018 495.50000000000006 7.5000000000000009 1450.5000000000002 4.5500000000000007 5.5000000000000009 0.91287878787878796 0.36931818181818182 1.0000000180025095e-35 12.500000000000002 469.50000000000006 4.2500000000000009 8.5000000000000018 -1.0000000180025095e-35 0.3588854381999827 0.4330357142857143 -1.0000000180025095e-35 1.9500000000000002
decision_type=2 2 2 2 2 2 2 2 2 2 2 2 2 2 2 2 2 2 2 2 2 2 2 2 2 2 2 2 2 2 2 2 2 2 2 2 2 2 2 2 2
left_child=1 3 -3 6 5 8 15 -8 -5 17 11 14 13 -13 -11 -1 -14 -7 -19 25 21 22 -21 24 -20 26 28 -28 30 -30 -17 -25 33 34 -27 -35 37 -34 39 -23 -38
right_child=-2 2 -4 4 -6 9 7 -9 -10 10 -12 12 16 -15 -16 19 -18 18 23 20 -22 38 -24 31 -26 32 27 -29 29 -31 -32 -33 36 35 -36 -37 40 -39 -40 -41 -42
leaf_value=-0.051367098197335613 -0.060371926064750531 0.059146835231122991 -0.066775812372802654 0.056988471373833116 -0.061615840044979088 -0.075418006222416678 -0.069597067666445467 0.060473090963375969 -0.066277650678682784 0.053293669824976665 -0.080478525506561621 0.055729710768886304 0.053084591144137189 -0.09238732196834934 -0.09378435891338871 0.066476521947202771 0.068456843852480298 -0.068683133714905059 -0.07939471188012745 -0.093038531999245444 -0.085922197061085337 0.013427286995260789 0.057113384872250719 0.045910338857610089 0.056005354797256192 0.067908772980118368 0.053807429545584234 -0.10724135428057689 -0.096731532070316401 0.060474282876147367 0.034816107939872186 0.067297168072805821 -0.094159220750484884 0.027271535847444708 -0.096910075237166132 0.06594158416081472 0.067567531878922421 0.061556824367113287 0.070221316418282095 0.056176614183162069 0.051467594945235569
leaf_weight=6.337960183620452 77.669623374938965 32.738646790385246 22.169041275978088 11.760108128190039 83.733226597309113 2.8137131929397574 18.560877531766891 29.563545659184456 20.672577127814293 11.340454533696176 22.474015921354294 56.045142143964767 1202.4210655987263 25.010808765888214 18.043515786528587 907.08534540235996 670.73377706110477 3.9516367614269248 10.451436191797255 11.396221369504929 16.062260463833809 21.164019569754601 11.790300652384758 105.05607941746712 69.143787309527397 73.29176276922226 49.799380332231522 22.380362927913666 16.331085175275803 52.946854382753372 71.123118713498116 1840.9601190388203 4.7744778692722312 50.160531431436539 28.356415584683418 666.1442988961935 4865.072345867753 941.16457435488701 176.64255912601948 65.637768462300301 123.27093623578548
leaf_count=31 477 9 112 3 498 12 84 7 100 3 101 22 624 110 79 127 62 17 47 50 71 29 2 66 31 9 21 94 68 14 61 207 20 56 120 101 458 222 3 27 59
internal_value=0 0.0606023 0.0060323 0.0608342 0.0560691 0.0585207 0.0632247 0.00771118 -0.0177384 0.0591641 0.0536669 0.0552508 0.0566389 0.00847332 -0.0327982 0.063536 0.0586566 0.064528 0.0647845 0.0636405 0.0486693 0.0566546 -0.0113598 0.0651074 0.0366384 0.0642002 0.0578749 0.00212298 0.0615977 0.0215924 0.064303 0.0662073 0.0652303 0.058253 0.0206899 0.0634087 0.0661708 0.0606361 0.0631134 0.0471948 0.067195
internal_weight=0 12438.6 54.9077 12383.7 4154.61 4070.88 8229.06 48.1244 32.4327 4038.45 2006.07 1983.59 1954.21 81.056 29.384 8180.93 1873.15 2032.38 2029.56 8174.59 302.693 286.631 23.1865 2025.61 79.5952 7871.9 1119.67 72.1797 1047.49 69.2779 978.208 1946.02 6752.24 817.953 101.648 716.305 5934.28 945.939 263.444 86.8018 4988.34
internal_count=4314 3837 121 3716 1982 1484 1734 91 103 1381 1001 900 818 132 82 1643 686 380 368 1612 182 111 52 351 78 1430 385 115 270 82 188 273 1045 286 129 157 759 242 59 56 517
is_linear=0
shrinkage=0.0493048


Tree=15
num_leaves=30
num_cat=0
split_feature=65 73 64 95 64 95 64 98 60 73 65 103 45 65 40 92 80 65 52 48 67 100 64 45 66 66 83 64 64
split_gain=437.276 57.7388 85.344 50.1054 703.25 77.1106 84.2661 67.7717 67.3461 37.5587 185.76 33.3413 26.7478 160.122 24.8216 62.5936 21.7164 71.7285 19.5895 19.2088 154.345 42.7592 46.7183 10.0883 23.2951 69.8786 40.0618 13.9515 0.0143697
threshold=13.500000000000002 40.750000000000007 5.1500000000000012 -0.15999999999999973 58.650000000000013 -0.11000000000000044 1.9500000000000002 -1.9760500000000005 -1.0000000180025095e-35 38.350000000000001 7.5000000000000009 0.16864966121328678 55.000000000000007 2.5000000000000004 43.95000000000001 -1.0000000180025095e-35 39.150000000000013 5.5000000000000009 8.5000000000000018 1.4500000000000002 1231.5000000000002 -0.37340000000000012 4.6500000000000012 7.5000000000000009 1575.5000000000002 1288.0000000000002 -1.5499999999999996 6.4500000000000011 18.150000000000002
decision_type=2 2 2 2 2 2 2 2 2 2 2 2 2 2 2 2 2 2 2 2 2 2 2 2 2 2 2 2 2
left_child=1 3 -3 7 5 6 -5 -1 -7 19 12 -10 13 -11 16 -16 18 -18 -13 23 -21 22 -22 24 25 27 -27 -9 -25
right_child=-2 2 -4 4 -6 8 -8 9 11 10 -12 14 -14 -15 15 -17 17 -19 -20 20 21 -23 -24 28 -26 26 -28 -29 -30
leaf_value=-0.096329756957895862 -0.059568517677238912 0.057635992914762034 -0.062717114512580552 0.059753768783466894 -0.069985103643584262 -0.071418917593837589 -0.10481706703793471 0.064270922162181582 -0.073711240863972238 0.060807861408720132 -0.083881197251597608 0.05391951722853372 0.065499977196318032 -0.098857410424979975 0.054881431934284512 -0.071498807591916264 0.049491627439161016 -0.076904341581300939 0.061222536371473284 -0.091018721448913931 0.055608344054679168 0.063440185597284732 -0.080626484121718328 0.063279116974392355 0.064935070990447152 0.038087826623299702 -0.1023157307699228 0.022558112382775299 0.068423399390762238
leaf_weight=5.8050144612789145 74.905592232942581 35.852911084890366 23.374626085162163 14.782523110508921 104.3439639955759 8.7589365243911725 14.667201116681097 87.357002481818199 3.7431319504976264 90.927908763289452 23.703100740909576 1503.3594890087843 264.13328196108341 17.839885592460632 35.457840591669083 12.391782537102698 89.171198591589928 11.719356596469877 5341.6118685901165 16.578098654747009 14.058120459318163 394.6021690517664 10.733078196644781 831.26240475475788 357.94666118919849 6.636272773146632 12.218557849526404 38.95981627702713 2765.1092671602964
leaf_count=26 477 11 129 3 583 40 65 17 16 25 114 686 30 79 14 56 52 56 1235 77 3 73 51 154 58 4 53 44 83
internal_value=0 0.0590867 0.00803065 0.0593267 0.0565187 0.0584129 -0.0180184 0.0633614 0.058752 0.0635752 0.0477809 0.0589331 0.0564902 0.0334542 0.0590222 0.0195279 0.0592763 0.0335565 0.059637 0.0649286 0.053474 0.059489 0 0.0661159 0.0576186 0.0387113 -0.0463357 0.0523992 0.0672695
internal_weight=0 12137.1 59.2275 12077.9 7140.01 7035.66 29.4497 4937.87 7006.21 4932.07 396.604 6997.45 372.901 108.768 6993.71 47.8496 6945.86 100.891 6844.97 4535.46 435.971 419.393 24.7912 4099.49 503.118 145.172 18.8548 126.317 3596.37
internal_count=4314 3837 140 3697 2806 2223 68 891 2155 865 248 2115 134 104 2099 70 2029 108 1921 617 204 127 54 413 176 118 57 61 237
is_linear=0
shrinkage=0.0493048


Tree=16
num_leaves=29
num_cat=0
split_feature=65 55 46 58 64 91 58 95 64 98 60 73 65 66 103 40 11 64 95 91 92 45 80 89 97 102 68 90
split_gain=406.287 55.0718 77.0009 49.9525 169.394 51.5556 94.7208 39.4374 574.589 62.2655 59.4855 41.1794 175.69 34.2093 32.3274 31.2023 31.0198 319.201 27.2602 20.4607 45.5394 17.2208 15.246 70.9415 29.9594 9.31185 29.1146 4.89496
threshold=13.500000000000002 4.0500000000000007 1.0000000180025095e-35 24.500000000000004 9.1500000000000004 0.32291666666666669 -5.4999999999999991 -0.15999999999999973 58.650000000000013 -1.9760500000000005 -1.0000000180025095e-35 38.350000000000001 7.5000000000000009 1171.0000000000002 0.16864966121328678 13.450000000000001 1.5000000000000002 6.6500000000000012 -0.10999999999999903 0.12132352941176471 -0.14835164835164827 55.000000000000007 39.650000000000013 449.50000000000006 -1.3704499999999979 0.10695735067283876 1280.0000000000002 -0.30384615384615382
decision_type=2 2 2 2 2 2 2 2 2 2 2 2 2 2 2 2 2 2 2 2 2 2 2 2 2 2 2 2
left_child=1 3 -3 5 19 7 -7 9 10 -1 -9 22 13 15 -12 -13 18 -18 -16 20 -5 -15 25 -24 -25 26 -11 -27
right_child=-2 2 -4 4 -6 6 -8 8 -10 11 14 12 -14 21 16 -17 17 -19 -20 -21 -22 -23 23 24 -26 27 -28 -29
leaf_value=-0.091699048768365321 -0.058814392117794344 0.055929716599189196 -0.065203539329921581 0.055848043294093222 -0.078309703389467356 0.053792540721892844 -0.088520362047610587 -0.069294434459187954 -0.069305764570859324 0.032199386825623989 -0.072229507420841568 0.050287697480862051 -0.07940731339722254 0.036743889662264925 0.017519288384695048 -0.091810318434355068 0.061464355804143563 -0.096628245436984769 0.058767455510710546 0.066541820754856762 -0.082291748310288959 0.065308445005873572 0.062234233922152757 0.042062646039924607 -0.075336283876069957 0.046016278894431648 0.062852829000273044 0.065712806917632122
leaf_weight=5.7068087607622138 72.193711414933205 31.289670124650002 21.21014541387558 19.46232740581036 28.580436736345291 35.74071279168129 16.428079023957253 8.0665153264999372 87.09907428920269 117.01280419528484 3.7767745256423941 6.8429369926452619 24.711222440004349 95.360566288232803 47.886935889720917 7.2258146703243256 226.1757934242487 35.423715636134148 6385.5372648388147 88.014274328947067 7.8669535070657721 249.3162579536438 88.187758207321167 6.6101052314043072 15.167094022035597 74.363383695483208 394.12569929659367 3708.6045288145542
leaf_count=25 477 9 112 5 145 15 79 37 497 109 16 1 125 85 59 33 56 156 1738 7 34 23 14 2 71 39 67 278
internal_value=0 0.0576422 0.00461384 0.0578679 0.0273163 0.0582349 0.00656734 0.0584568 0.0558518 0.0621228 0.057496 0.0623328 0.0456443 0.0546115 0.0576676 -0.0139232 0.0577598 0.0395717 0.0584798 0.054582 0.0114862 0.0577707 0.0637572 0.042043 -0.0339907 0.064284 0.0560813 0.0653589
internal_weight=0 11835.8 52.4998 11783.3 143.924 11639.4 52.1688 11587.2 6793.97 4793.23 6706.87 4787.53 383.457 358.746 6698.8 14.0688 6695.02 261.6 6433.42 115.344 27.3293 344.677 4404.07 109.965 21.7772 4294.11 511.139 3782.97
internal_count=4314 3837 121 3716 191 3525 94 3431 2559 872 2062 847 267 142 2025 34 2009 212 1797 46 39 108 580 87 73 493 176 317
is_linear=0
shrinkage=0.0493048


Tree=17
num_leaves=35
num_cat=0
split_feature=65 59 40 64 68 11 65 86 64 41 61 91 64 64 66 66 103 89 74 52 60 67 88 81 66 64 68 64 78 61 40 82 82 82
split_gain=377.883 194.349 57.2938 410.643 86.2997 49.0051 71.4661 46.2805 162.486 97.8365 70.1321 143.31 59.6198 45.3787 36.6409 31.2686 27.5462 26.0607 73.918 19.7131 67.6698 21.103 16.7334 92.368 14.7429 150.298 585.236 8.68103 3.67522 3.35599 5.09989 1.12987 1.91547 1.37205
threshold=13.500000000000002 290.00000000000006 38.150000000000013 58.650000000000013 302.00000000000006 2.5000000000000004 1.5000000000000002 -882.49999999999989 43.750000000000007 0.35000000000000003 0.099180327868852461 0.06904761904761901 3.1500000000000008 2.6500000000000008 1690.0000000000002 354.50000000000006 0.56106938645110482 454.50000000000006 8.4500000000000011 8.5000000000000018 0.074271079590228467 769.50000000000011 16.500000000000004 1.1500000000000001 1698.5000000000002 39.150000000000013 53.500000000000007 1.0000000180025095e-35 4.5000000000000009 0.3708994708994709 36.750000000000007 0.06904761904761901 0.94281045751633996 0.14835164835164832
decision_type=2 2 2 2 2 2 2 2 2 2 2 2 2 2 2 2 2 2 2 2 2 2 2 2 2 2 2 2 2 2 2 2 2 2
left_child=1 2 5 4 13 15 -7 16 9 12 11 -11 -9 -4 -12 -1 -6 18 -18 20 -19 -21 24 -24 25 27 -27 -17 -29 30 -25 -26 33 -33
right_child=-2 -3 3 -5 7 6 -8 8 -10 10 14 -13 -14 -15 -16 22 17 19 -20 21 -22 -23 23 29 31 26 -28 28 -30 -31 -32 32 -34 -35
leaf_value=-0.047752298551255706 -0.058104791233538296 -0.071674363364963287 0.05191243038338339 -0.059101218697904238 -0.075716119827937869 0.056679074197306979 -0.069651882320030847 0.048156794665467337 -0.080141423907802128 -0.094661890335002261 0.04806839995042668 0.050613618537151663 -0.093569856811270072 -0.067277900366618376 0.064138769744557608 -0.0047362471553771832 -0.096558243214551767 -0.083792505170206005 0.062406158061840286 0.025695409606530425 0.051973557173610692 0.063254699218608684 -0.086506830950990432 0.00018161476529605819 0.066518602999734763 0.065870645832223323 -0.098240211002149025 0.055837413238595986 0.061270773542062264 0.065492018364004992 0.04960525136002801 0.01800633254359077 0.064463821074407374 0.05122537077815531
leaf_weight=5.2895911633968344 69.539169654250145 27.899988621473312 11.021307587623594 78.855476051568985 2.7822086215019217 27.835818156599998 17.561084911227226 10.607203394174578 22.757153391838074 23.841243594884872 1131.4299464225769 52.884663075208664 18.281642243266106 21.681268155574799 611.6378927975893 1.4378118664026249 9.7873975783586484 9.7117673903703672 23.966028213500977 48.713449776172638 64.981286153197289 1766.6335968077183 12.260423764586447 13.753470987081526 1284.8047889024019 198.32320086658001 71.586683705449104 990.22848556935787 4604.4594645351171 55.27096101641655 21.024487376213074 15.700473591685293 159.34206889569759 115.45577308535576
leaf_count=26 477 139 3 528 12 8 81 3 104 106 626 26 81 105 63 6 44 44 1 48 31 219 51 21 16 4 306 303 753 3 8 15 9 44
internal_value=0 0.0562844 0.0566058 0.0515043 0.0538141 0.0592154 0.00505728 0.054511 0.0486301 0.050284 0.0517424 0.00382985 -0.037237 -0.0232982 0.0537799 0.0595246 0.0601581 0.0604206 0.0125805 0.0612089 0.0326268 0.0623158 0.0596165 0.0364454 0.0599182 0.0585464 0.0218769 0.0602927 0.0603317 0.0545924 0.0336512 0.0649461 0.0575565 0.0482023
internal_weight=0 11531.8 11503.9 3909.57 3830.72 7594.33 45.3969 3798.02 1871.44 1848.68 1819.79 76.7259 28.8888 32.7026 1743.07 7548.94 1926.58 1923.79 33.7534 1890.04 74.6931 1815.35 7543.65 102.309 7441.34 5866.04 269.91 5596.13 5594.69 90.0489 34.778 1575.3 290.498 131.156
internal_count=4314 3837 3698 2044 1516 1654 89 1408 1009 905 821 132 84 108 689 1565 399 387 45 342 75 267 1539 83 1456 1372 310 1062 1056 32 29 84 68 59
is_linear=0
shrinkage=0.0493048


Tree=18
num_leaves=34
num_cat=0
split_feature=65 59 40 64 68 11 65 86 38 64 61 91 66 41 66 103 89 74 66 60 52 91 49 54 103 88 95 47 64 42 67 67 101
split_gain=351.975 181.027 55.6113 381.826 80.0199 45.9338 66.2045 45.4741 150.556 139.909 61.9079 131.03 42.259 41.1956 29.4341 25.8513 24.5019 67.9881 19.389 26.9379 19.9174 16.8865 89.8372 107.073 20.2305 23.061 75.5179 14.7126 30.8497 13.0908 2.34971 15.6446 2.15136
threshold=13.500000000000002 290.00000000000006 38.150000000000013 58.650000000000013 302.00000000000006 2.5000000000000004 1.5000000000000002 -882.49999999999989 1.5000000000000002 43.750000000000007 0.099180327868852461 0.06904761904761901 354.50000000000006 0.35000000000000003 354.50000000000006 0.56106938645110482 454.50000000000006 8.4500000000000011 1079.5000000000002 0.074271079590228467 8.5000000000000018 -0.10555555555555554 0.5590277777777779 40.95000000000001 0.13564659966250484 8.5000000000000018 0.88000000000000023 35.250000000000007 51.150000000000013 0.6132478632478634 1272.5000000000002 1011.0000000000001 -0.85345000000000215
decision_type=2 2 2 2 2 2 2 2 2 2 2 2 2 2 2 2 2 2 2 2 2 2 2 2 2 2 2 2 2 2 2 2 2
left_child=1 2 5 4 12 14 -7 15 -9 10 11 -10 -4 -12 -1 -6 17 -17 19 -18 -20 22 29 -24 -23 26 -26 32 -29 30 31 -16 -27
right_child=-2 -3 3 -5 7 6 -8 8 9 -11 13 -13 -14 -15 21 16 18 -19 20 -21 -22 24 23 -25 25 27 -28 28 -30 -31 -32 -33 -34
leaf_value=-0.046304914658461711 -0.057435468620874175 -0.06996159285806236 0.051710406794680454 -0.058393182096665441 -0.071337670851796084 0.05520533683789914 -0.067757904581581915 -0.088641773041951394 -0.09038603115747125 -0.077133420002782685 -0.012884829874441462 0.050015678506661644 -0.065078015777450843 0.053067353432665484 0.05662968978818772 -0.091996008699696916 -0.082979309426177442 0.061139340969577481 0.026582443994180159 0.038078706128213458 0.061628514589088662 -0.048105440233709669 -0.10380826957646271 0.056131265975919969 -0.083701951958997267 0.054738942036826041 0.059526478779315592 0.058613585505086344 0.038850887096842493 0.021199209668674151 0.060751594109826453 0.010915893498395092 0.064841500929198201
leaf_weight=5.1895731538534156 66.946174800395966 27.192315280437469 10.565352678298952 75.949571594595909 2.8087439835071555 27.187086373567581 17.17259569466114 18.92142815887928 23.353203311562538 20.399924889206886 20.263325855135918 51.541385337710381 21.356489211320877 1695.9446545541286 90.94836014509201 9.7683218568563444 4.7119157165288916 23.274524688720703 53.34657110273838 31.332053139805794 1747.9942598491907 2.9738153219223014 19.847603976726532 19.927802339196205 11.697816535830496 236.20573598146439 33.542947500944138 4563.5374411195517 241.06947563588619 38.640547379851341 323.48786993324757 31.868623182177544 1719.1404556930065
leaf_count=26 477 139 2 528 12 8 81 85 104 95 47 25 106 653 26 44 20 1 62 23 237 13 85 4 52 69 7 927 173 40 52 36 55
internal_value=0 0.0550332 0.0553482 0.0502584 0.0525013 0.0579589 0.00478713 0.0531817 0.0472974 0.0487876 0.0502926 0.00455569 -0.0225188 0.052216 0.0582634 0.0588641 0.0591274 0.0120611 0.0599059 0.0187431 0.0606602 0.0583545 0.0484122 -0.0205743 0.0591023 0.0591677 0.0197106 0.0594132 0.0576482 0.0543279 0.0569158 0.0457863 0.0636857
internal_weight=0 11221.2 11194 3811.53 3735.58 7382.44 44.3597 3703.66 1830.42 1811.5 1791.1 74.8946 31.9218 1716.21 7338.08 1873.24 1870.43 33.0428 1837.38 36.044 1801.34 7332.89 524.721 39.7754 6808.17 6805.19 45.2408 6759.95 4804.61 484.945 446.305 122.817 1955.35
internal_count=4314 3837 3698 2044 1516 1654 89 1408 1009 924 829 129 108 700 1565 399 387 45 342 43 299 1539 243 89 1296 1283 59 1224 1100 154 114 62 124
is_linear=0
shrinkage=0.0493048


Tree=19
num_leaves=42
num_cat=0
split_feature=65 59 40 64 68 85 64 11 65 80 65 64 52 64 103 83 91 66 71 61 49 71 64 100 64 89 64 60 88 80 60 95 100 48 95 3 38 86 45 3 86
split_gain=327.982 168.705 53.734 355.245 74.1968 45.9569 248.573 43.0303 61.3889 40.6634 54.0973 39.5071 37.5352 226.575 47.4257 44.83 31.7532 27.7249 22.834 106.835 16.8962 95.76 231.609 62.6294 199.498 46.577 44.4661 26.3576 55.862 16.6089 113.98 36.1252 13.2203 10.5375 9.45762 22.0056 24.5141 6.66313 17.3497 1.16845 0.947001
threshold=13.500000000000002 290.00000000000006 38.150000000000013 58.650000000000013 302.00000000000006 56.500000000000007 10.350000000000003 2.5000000000000004 1.5000000000000002 39.750000000000007 1.5000000000000002 2.6500000000000008 8.5000000000000018 14.850000000000003 0.51691334012217449 -0.94999999999999984 -0.10555555555555554 354.50000000000006 19.000000000000004 0.31605800214822777 0.5590277777777779 8.5000000000000018 9.6500000000000004 -1.2206499999999989 5.9500000000000011 439.50000000000006 4.5500000000000007 0.069204980842911865 10.500000000000002 38.150000000000013 0.018693221523410155 -1.1050000000000009 -0.52200000000000191 1.3500000000000003 0.62499999999999978 1.0000000180025095e-35 12.500000000000002 -257.49999999999994 19.000000000000004 5.5000000000000009 -188.49999999999997
decision_type=2 2 2 2 2 2 2 2 2 2 2 2 2 2 2 2 2 2 2 2 2 2 2 2 2 2 2 2 2 2 2 2 2 2 2 2 2 2 2 2 2
left_child=1 2 7 4 11 9 18 17 -9 12 -11 -4 13 15 -14 -6 -16 -1 19 -7 29 22 27 24 -23 26 -25 28 -22 34 -31 -32 -33 -27 37 -36 -37 39 -39 -19 -29
right_child=-2 -3 3 -5 5 6 -8 8 -10 10 -12 -13 14 -15 16 -17 -18 20 -20 -21 21 23 -24 25 -26 33 -28 40 -30 30 31 32 -34 -35 35 36 -38 38 -40 -41 -42
leaf_value=-0.044914076822623966 -0.05680262789780411 -0.068369224853362512 0.049294565772638098 -0.057725502385643168 0.055829504721166705 -0.12658360717689168 -0.10621100705608764 0.05379983568603651 -0.066001373796856957 0.053821463890213715 -0.061452033587821045 -0.064280816121919077 -0.095010825945456859 -0.07375305701981856 0.014560430032472812 0.012798071657217211 0.057394245152897067 0.056448640557914161 0.062291231872097896 0.055601629506484125 0.055489634507119065 0.053198660939293888 -0.10606319512450159 0.052213392384755711 -0.11906096830941115 0.061013032107133339 -0.085732263519577939 0.033100871997312674 -0.11532781771078095 -0.10960132578007467 -0.066303113517688347 0.00016929762803589881 0.056321555533025328 0.048052993336145801 0.057651350228311769 -0.096693763550532247 0.024131798260682593 0.048230551412139992 0.06038704693076135 0.063207522424804027 0.059134674876391374
leaf_weight=5.0900570452213278 64.418039113283157 26.472545348107815 10.542064756155016 73.11137080937624 458.94407172501087 9.4455675035715085 28.330210328102112 26.539086535573006 16.771364510059357 22.662417024374008 17.384971618652344 20.567798562347889 4.3795599192380896 37.803728580474854 50.69662880897522 76.488622546195984 2740.3688814342022 485.51496839523315 122.78915253281593 40.344448387622833 12.010806083679201 76.841978818178177 30.384293362498283 11.520117014646532 20.503805711865425 1463.934547200799 10.594064027070997 31.354617744684219 7.4039000719785681 10.454598248004912 5.2125369608402243 15.133993238210676 319.3914420902729 287.67913652956486 44.85134893655777 5.032993063330653 20.945633202791214 546.1851694136858 1266.8166026771069 2371.0260792523623 83.705194428563118
leaf_count=26 477 139 3 528 141 43 125 8 81 6 93 105 19 182 62 101 613 117 13 10 1 22 131 2 89 164 46 21 33 46 23 21 84 129 9 22 19 234 174 138 14
internal_value=0 0.0538265 0.0541352 0.0490658 0.051245 0.0519091 0.0276645 0.0567417 0.00452428 0.0533013 0.000668038 -0.0217895 0.05389 0.0415392 0.0563777 0.0499157 0.056661 0.0570413 0.0503783 0.018481 0.0571318 0.0527057 0.0156173 0.0559067 0.01561 0.0580479 -0.00828708 0.0440551 -0.00334689 0.0588772 0.0467449 0.0519326 0.0541532 0.0589565 0.0597469 0.0367468 0 0.0600689 0.0567943 0.062103 0.0531326
internal_weight=0 10915.2 10888.8 3713.86 3640.75 3609.64 200.909 7174.9 43.3105 3408.73 40.0474 31.1099 3368.68 573.236 2795.45 535.433 2791.07 7131.59 172.579 49.79 7126.5 2035.93 164.859 1871.07 97.3458 1773.73 22.1142 134.475 19.4147 5090.57 350.193 339.738 334.525 1751.61 4740.37 70.83 25.9786 4669.54 1813 2856.54 115.06
internal_count=4314 3837 3698 2044 1516 1408 191 1654 89 1217 99 108 1118 424 694 242 675 1565 66 53 1539 652 200 452 111 341 48 69 34 887 174 128 105 293 713 50 41 663 408 255 35
is_linear=0
shrinkage=0.0493048


Tree=20
num_leaves=31
num_cat=0
split_feature=65 59 40 64 68 86 64 38 61 85 66 11 31 89 66 89 59 103 66 65 52 66 65 64 68 64 88 38 97 98
split_gain=306 157.416 52.0871 330.882 68.8935 45.4457 136.44 126.576 58.2246 119.769 42.2076 40.3854 57.554 36.8568 26.1603 23.3467 61.9893 23.4197 18.4852 65.8835 18.9961 17.0361 351.539 41.173 347.75 10.2339 9.0288 6.86872 21.7237 89.2928
threshold=13.500000000000002 290.00000000000006 38.150000000000013 58.650000000000013 302.00000000000006 -882.49999999999989 43.750000000000007 1.5000000000000002 0.099180327868852461 51.250000000000007 1690.0000000000002 2.5000000000000004 18.500000000000004 564.50000000000011 354.50000000000006 454.50000000000006 -574.99999999999989 0.56106938645110482 1079.5000000000002 1.5000000000000002 8.5000000000000018 1698.5000000000002 11.500000000000002 39.150000000000013 115.50000000000001 1.0000000180025095e-35 16.500000000000004 14.500000000000002 0.7861500000000029 0.96255000000000035
decision_type=2 2 2 2 2 2 2 2 2 2 2 2 2 2 2 2 2 2 2 2 2 2 2 2 2 2 2 2 2 2
left_child=1 2 11 4 13 15 7 -7 9 -9 -10 14 -13 -4 -1 16 -6 -17 19 -19 -20 22 23 25 -25 -16 -27 28 29 -23
right_child=-2 -3 3 -5 5 6 -8 8 10 -11 -12 12 -14 -15 21 17 -18 18 20 -21 -22 27 -24 24 -26 26 -28 -29 -30 -31
leaf_value=-0.043574352193640406 -0.056202825965248011 -0.066883143955457885 -0.062282365144438828 -0.057094435449714563 0.05887868783472628 -0.08638119722709868 -0.075712665664157422 0.048502103341457166 0.043455802953676202 -0.086533481992898287 0.061120152604449807 -0.064037394231598446 0.053132558513920854 0.049174779514348385 -0.02394115177379753 -0.064621673458283138 -0.089384980458768151 0.057965410922575379 0.024623868761073375 -0.096841416776120626 0.059372757564813458 -0.11996059796409748 -0.094402753526934974 0.063096188648771021 -0.0957435613600712 0.056793859158253655 0.03096676799451082 0.062774608623632003 0.059489687595648516 0.0572534999876654
leaf_weight=4.9914200007915488 61.957349851727486 25.745504789054394 20.226938709616661 70.344402953982353 21.925859451293949 16.609491303563118 21.769239582121372 48.506664261221886 1072.812103047967 23.658477261662483 561.49700671434402 16.556849807500839 25.698888421058655 10.090953782200815 1.6542801111936558 2.8334051966667166 9.6599302589893323 26.753227576613426 51.910002037882805 8.5299708843231183 1648.3780275732279 9.0531126260757429 37.621856614947319 180.17701637744904 40.628874592483044 5132.4732981622219 54.688692212104797 1345.071209102869 89.36598251760006 27.332814872264862
leaf_count=26 477 139 106 528 1 76 104 21 641 108 59 82 7 2 7 12 44 6 62 37 237 40 164 2 175 1044 48 44 12 3
internal_value=0 0.0527061 0.0530091 0.0479502 0.0500701 0.0507193 0.0447213 0.0463164 0.0476826 0.00249009 0.0496019 0.0556169 0.0042675 -0.0210748 0.0559123 0.056561 0.00955497 0.0573434 0.0576154 0.0169616 0.0583855 0.0560023 0.054513 0.0555722 0.0332959 0.056496 0.0565457 0.0614322 0.0460713 0.00967597
internal_weight=0 10606.6 10580.8 3615.51 3545.16 3514.84 1744.85 1723.08 1706.47 72.1651 1634.31 6965.31 42.2557 30.3179 6923.06 1769.99 31.5858 1738.4 1735.57 35.2832 1700.29 6918.07 5447.24 5409.62 220.806 5188.82 5187.16 1470.82 125.752 36.3859
internal_count=4314 3837 3698 2044 1516 1408 1009 905 829 129 700 1654 89 108 1565 399 45 354 342 43 299 1539 1440 1276 177 1099 1092 99 55 43
is_linear=0
shrinkage=0.0493048


Tree=21
num_leaves=33
num_cat=0
split_feature=65 59 40 64 68 19 102 99 99 39 46 46 11 65 64 100 67 56 65 66 91 100 49 100 88 95 103 47 42 38 67 38
split_gain=285.668 146.982 50.8261 308.296 63.9488 45.2647 102.959 42.4432 136.788 113.073 94.0008 51.4301 37.9021 53.6162 34.538 30.637 77.0207 27.2106 81.3749 24.8391 16.4762 78.7266 42.5882 63.2594 20.6971 64.2917 16.4441 15.3022 9.61628 2.65642 2.19384 0.76515
threshold=13.500000000000002 290.00000000000006 38.150000000000013 58.650000000000013 302.00000000000006 33.500000000000007 0.32772679978984448 -0.93349999999999855 -0.81715000000000149 2.5000000000000004 8.5000000000000018 2.5000000000000004 2.5000000000000004 1.5000000000000002 2.6500000000000008 -0.41440000000000049 1385.0000000000002 0.93933823529411764 1.5000000000000002 354.50000000000006 -0.10555555555555554 -1.0892999999999975 0.5590277777777779 -1.0499000000000007 8.5000000000000018 0.88000000000000023 0.13564659966250484 35.250000000000007 0.6132478632478634 11.500000000000002 1392.5000000000002 8.5000000000000018
decision_type=2 2 2 2 2 2 2 2 2 2 2 2 2 2 2 2 2 2 2 2 2 2 2 2 2 2 2 2 2 2 2 2
left_child=1 2 12 4 14 7 -7 15 -9 11 -11 -10 17 -14 -4 29 -17 19 -19 -1 21 -21 28 -24 25 -22 -26 -28 -23 31 -18 -6
right_child=-2 -3 3 -5 5 6 -8 8 9 10 -12 -13 13 -15 -16 16 30 18 -20 20 24 22 23 -25 26 -27 27 -29 -30 -31 -32 -33
leaf_value=-0.042281028091886913 -0.055632964586183546 -0.06549121061489975 0.0468880268394938 -0.056496616165112069 0.054764886991145942 -0.090498016465910811 0.061714456313196539 -0.10772822171829474 0.047581031941315001 0.0092563064724271692 0.051004276912472078 -0.092481191445432737 0.051524972765707368 -0.063243964930448662 -0.061668266115325832 -0.10410696995096443 0.059382681519183585 0.052180902623398868 -0.10882200640648186 -0.1070825813059223 -0.080317118547008223 0.054016005799497252 0.04899263958366927 -0.09295649648468482 -0.042854281881382371 0.055890521657054042 0.060807304155702242 0.054418230852494635 0.02077607913086061 0.061674793092786707 0.025934921329710363 0.036044619610599293
leaf_weight=4.893983542919158 59.565997704863548 25.015372633934021 10.068955183029177 67.651381276547909 272.92403703927994 18.066394068300724 26.759389519691467 13.547480598092077 7.9206639081239727 148.95446365326643 1870.8278978019953 20.445813670754433 25.220631808042526 15.956182986497877 19.435519352555275 9.4801714420318586 29.195745468139648 31.716022402048111 9.8037410378456098 7.6076003462076178 11.081481441855429 410.68969421088696 18.694953545928005 12.627554401755331 2.6233075931668273 30.909818232059479 1762.9562191814184 4376.1558059006929 35.649491369724274 924.34013180434704 28.984682865440845 50.309606060385704
leaf_count=26 477 139 3 528 82 81 3 59 2 221 684 95 8 81 105 43 1 8 44 33 51 108 5 56 12 7 116 1063 36 70 30 37
internal_value=0 0.0516359 0.0519334 0.0468696 0.0489323 0.0495667 0 0.0502201 0.0455066 0.0465827 0.0479872 -0.0489837 0.054552 0.0040187 -0.0204004 0.0575127 0.0221265 0.0548433 0.011114 0.0550967 0.055187 0.045022 0.0477123 -0.0043069 0.0559643 0.0169506 0.0562107 0.0562735 0.0516415 0.0593315 0.0448804 0.0522399
internal_weight=0 10300.5 10275.5 3518.91 3451.26 3421.76 44.8258 3376.93 2061.7 2048.15 2019.78 28.3665 6756.59 41.1768 29.5045 1315.23 67.6606 6715.41 41.5198 6673.89 6669 485.269 477.662 31.3225 6183.73 41.9913 6141.74 6139.11 446.339 1247.57 58.1804 323.234
internal_count=4314 3837 3698 2044 1516 1408 84 1324 1061 1002 905 97 1654 89 108 263 74 1565 52 1513 1487 238 205 61 1249 58 1191 1179 144 189 31 119
is_linear=0
shrinkage=0.0493048


Tree=22
num_leaves=37
num_cat=0
split_feature=65 59 95 64 98 60 6 47 73 65 97 49 55 52 64 80 95 56 66 99 64 91 98 48 102 86 99 95 45 71 102 66 65 54 71 64
split_gain=266.687 137.251 50.5809 456.611 56.6014 56.226 49.7438 68.6476 39.9002 152.498 49.1892 29.8898 44.2119 29.8861 311.546 88.7472 141.348 54.3531 27.8466 104.033 24.2149 19.0503 49.0965 15.4777 91.7288 66.724 18.3894 12.3649 12.2216 35.2579 63.1914 10.7043 26.2035 8.75847 7.01771 1.70886
threshold=13.500000000000002 290.00000000000006 -0.15999999999999973 58.650000000000013 -1.9760500000000005 -1.0000000180025095e-35 9.5000000000000018 34.350000000000001 38.350000000000001 7.5000000000000009 -1.010249999999999 0.30384615384615393 0.25000000000000006 8.5000000000000018 22.750000000000004 37.350000000000001 0.019999999999999855 0.58578431372549034 1040.0000000000002 -0.66664999999999697 5.5500000000000007 -0.20714285714285707 0.6897500000000002 1.4500000000000002 0.14320356396197678 -670.49999999999989 -0.3102499999999998 -0.14000000000000012 7.5000000000000009 1.5000000000000002 0.091819879782326114 1575.5000000000002 3.5000000000000004 37.850000000000001 3.5000000000000004 18.150000000000002
decision_type=2 2 2 2 2 2 2 2 2 2 2 2 2 2 2 2 2 2 2 2 2 2 2 2 2 2 2 2 2 2 2 2 2 2 2 2
left_child=1 2 4 5 -1 -4 13 -8 23 10 -10 12 -12 14 15 17 -17 -7 19 -15 -21 22 -20 28 -25 -26 -27 -23 29 31 -31 32 -6 34 -13 -30
right_child=-2 -3 3 -5 8 6 7 -9 9 -11 11 33 -14 18 -16 16 -18 -19 21 20 -22 27 -24 24 25 26 -28 -29 35 30 -32 -33 -34 -35 -36 -37
leaf_value=-0.092487545320503725 -0.055090240828545446 -0.064182917591914537 -0.072028435880571701 -0.064808660091021875 0.05227653992460185 0.055404104511870514 0.05323754095442703 -0.10483834918464727 -0.1084593453408448 -0.077925240651196159 0.041464227542212725 0.052754851473518841 -0.093703403759158421 -0.11089814227019121 -0.08613201426327563 0.046232982854031761 -0.045486529225701178 0.0039227835979703139 -0.10520358510914966 0.055468153020702265 0.00034462182399982283 -0.050253028465393895 0.045849927771708238 -0.089026799818835503 -0.092362258112813372 0.017334051878240431 0.058158924850241711 0.053052197883399453 0.055030068812980053 0.055772265350317603 -0.090096847483034245 0.058632861226649957 0 0.058940084991211485 0.0021604927907365474 0.061088118833778009
leaf_weight=5.6265353187918654 57.245301179587841 24.285756528377533 8.3797720074653608 85.254665978252888 77.233305364847183 1023.0118384808302 14.154533013701441 11.996099188923834 4.300154820084571 24.609131753444672 20.067370384931568 15.238147288560866 8.2705496400594694 11.527781143784521 43.299123220145702 118.82957930862904 61.194504372775555 57.907021053135395 6.5601390898227718 86.312020152807236 30.918641403317451 1.5569673925638188 22.902504026889801 11.209395512938498 7.1247831359505644 39.445143543183804 299.14307203888893 4370.2814029678702 680.84703029692173 17.87312209606171 12.028202682733534 281.46378406882286 33.728633403778076 248.19394502043724 22.166771456599236 2218.0721689015627
leaf_count=26 477 139 40 590 23 239 2 59 20 134 11 3 39 53 206 57 182 87 31 22 50 7 9 56 36 45 46 1181 151 3 54 39 54 30 35 78
internal_value=0 0.0505809 0.0508728 0.0478279 0.055344 0.0494857 0.0496811 -0.01457 0.0555825 0.0383491 0.0477386 0.0502857 0 0.0499905 0.0428484 0.0473783 0.014362 0.0527614 0.052019 0.0273148 0.0419945 0.0527132 0.00791813 0.0571547 0.0456572 0.0503922 0.0537723 0.0529866 0.0583524 0.0487426 0 0.0526807 0.0364488 0.0550809 0.0261224 0.0597089
internal_weight=0 10005 9980.73 5954.09 4026.64 5868.83 5860.45 26.1506 4021.01 342.846 318.237 313.937 28.3379 5834.3 1304.24 1260.94 180.024 1080.92 4530.06 128.758 117.231 4401.3 29.4626 3678.17 356.922 345.713 338.588 4371.84 3321.25 422.327 29.9013 392.426 110.962 285.599 37.4049 2898.92
internal_count=4314 3837 3698 2815 883 2225 2185 61 857 272 138 118 50 2124 771 565 239 326 1353 125 72 1228 40 585 183 127 91 1188 402 173 57 116 77 68 38 229
is_linear=0
shrinkage=0.0493048


Tree=23
num_leaves=37
num_cat=0
split_feature=65 59 95 64 98 60 6 47 73 65 97 52 64 80 95 56 49 55 66 65 91 98 48 67 100 64 19 45 71 102 66 65 54 71 64 66
split_gain=249.237 128.305 50.6253 425.874 52.7766 52.4798 46.4498 62.7779 38.145 142.126 45.3451 28.5335 288.895 84.8215 129.549 52.2209 28.364 40.3892 26.6101 158.033 18.0716 44.6756 15.1852 116.083 36.4192 34.5787 12.8598 12.3173 33.0639 58.0682 10.5429 24.8652 8.53424 6.57527 2.0398 0.807048
threshold=13.500000000000002 290.00000000000006 -0.15999999999999973 58.650000000000013 -1.9760500000000005 -1.0000000180025095e-35 9.5000000000000018 34.350000000000001 38.350000000000001 7.5000000000000009 -1.010249999999999 8.5000000000000018 22.750000000000004 37.350000000000001 0.019999999999999855 0.58578431372549034 0.30384615384615393 0.25000000000000006 1040.0000000000002 3.5000000000000004 -0.20714285714285707 0.6897500000000002 1.4500000000000002 1231.5000000000002 -0.37340000000000012 4.6500000000000012 38.500000000000007 7.5000000000000009 1.5000000000000002 0.091819879782326114 1575.5000000000002 3.5000000000000004 37.850000000000001 3.5000000000000004 18.150000000000002 665.00000000000011
decision_type=2 2 2 2 2 2 2 2 2 2 2 2 2 2 2 2 2 2 2 2 2 2 2 2 2 2 2 2 2 2 2 2 2 2 2 2
left_child=1 2 4 5 -1 -4 11 -8 22 10 -10 12 13 15 -15 -7 17 -12 19 35 21 -20 27 -24 25 -25 -22 28 30 -30 31 -6 33 -18 -29 -13
right_child=-2 -3 3 -5 8 6 7 -9 9 -11 16 18 -14 14 -16 -17 32 -19 20 -21 26 -23 23 24 -26 -27 -28 34 29 -31 -32 -33 -34 -35 -36 -37
leaf_value=-0.087598415044867151 -0.054572099374638597 -0.062949119632538172 -0.069684746834897102 -0.063913816974377285 0.051147354217871588 0.05431637104459841 0.052129219575423158 -0.10011850893813183 -0.10121964339809293 -0.075963853779686591 0.040263953781289587 0.056974573751123733 -0.083436164661585627 0.044995415799330828 -0.042922011345849435 0.0037351996488472644 0.051662419719611358 -0.089535331734164642 -0.099340267636911644 -0.10133175768009868 0.052165687450675631 0.044677504706350589 -0.094687217831873657 0.043901002688954575 0.054908525398245464 -0.081127687062937839 0.016809063576384151 0.054010739915398301 0.05461052384863007 -0.086369821487305654 0.057607696676846308 0 0.058008177270254223 0.0020558205520720767 0.060260318241955081 0.031391718665776391
leaf_weight=5.6489164605736724 54.996067017316818 23.559759266674519 8.2392236664891225 82.261365741491318 75.100781098008156 992.80862532556057 13.753561824560167 11.945058323442934 4.3807752877473822 24.015640124678612 19.658066973090175 75.765490174293518 42.514958806335926 116.14668315649033 61.643470965325832 57.820607863366604 14.804788112640379 8.2313049063086492 6.6055290177464512 19.244890928268433 4210.8246663659811 22.359298974275589 13.317809753119944 11.39487746357918 312.60023730248213 9.5584734678268415 35.668773621320724 660.01760582625866 17.366813361644748 11.932391390204428 272.5716857612133 33.728633403778076 239.95440332591534 22.149010568857193 2139.6394815593958 31.279687896370888
leaf_count=26 477 139 40 590 23 239 2 59 20 134 11 14 206 57 182 87 3 39 31 88 1149 9 66 3 65 49 39 151 3 54 39 54 30 35 78 23
internal_value=0 0.0495974 0.0498842 0.046802 0.0544315 0.0484201 0.0486131 -0.0138442 0.0546705 0.0375496 0.0467763 0.0489181 0.0418373 0.0462763 0.013811 0.0516512 0.0493224 0 0.0509339 0.0265038 0.0516263 0.00746764 0.0562388 0.0446842 0.0506308 -0.00724873 0.0518981 0.057448 0.0477063 0 0.0515891 0.0353594 0.0540987 0.0253208 0.0588321 0.0506726
internal_weight=0 9708.51 9684.95 5788.88 3896.07 5706.62 5698.38 25.6986 3890.42 333.194 309.178 5672.68 1270.93 1228.42 177.79 1050.63 304.798 27.8894 4401.75 126.29 4275.46 28.9648 3557.23 346.871 333.554 20.9534 4246.49 3210.36 410.7 29.2992 381.401 108.829 276.908 36.9538 2799.66 107.045
internal_count=4314 3837 3698 2815 883 2225 2185 61 857 272 138 2124 771 565 239 326 118 50 1353 125 1228 40 585 183 117 52 1188 402 173 57 116 77 68 38 229 37
is_linear=0
shrinkage=0.0493048


Tree=24
num_leaves=35
num_cat=0
split_feature=65 59 95 64 98 60 6 47 73 65 97 40 65 80 64 49 55 103 49 80 89 64 102 61 68 60 54 91 66 61 71 61 64 65
split_gain=233.072 120.019 50.7221 397.412 49.3146 49.0253 43.3825 57.5362 36.5102 132.558 41.941 28.5167 50.1686 30.7773 112.903 26.927 36.9589 25.3207 24.1371 14.8268 61.0935 25.2874 12.3171 34.9788 23.6287 80.0713 8.32683 7.50026 15.4842 40.0445 6.16105 5.81679 4.65129 0.449547
threshold=13.500000000000002 290.00000000000006 -0.15999999999999973 58.650000000000013 -1.9760500000000005 -1.0000000180025095e-35 9.5000000000000018 34.350000000000001 38.350000000000001 7.5000000000000009 -1.010249999999999 43.95000000000001 2.5000000000000004 39.150000000000013 6.6500000000000012 0.30384615384615393 0.25000000000000006 0.16864966121328678 0.44097222222222227 39.650000000000013 449.50000000000006 2.0500000000000003 0.10695735067283876 0.058257918552036152 1280.0000000000002 0.058195981034093458 37.850000000000001 -0.10555555555555554 1151.5000000000002 0.28136574074074078 3.5000000000000004 0.27914527333131983 8.5500000000000025 1.5000000000000002
decision_type=2 2 2 2 2 2 2 2 2 2 2 2 2 2 2 2 2 2 2 2 2 2 2 2 2 2 2 2 2 2 2 2 2 2
left_child=1 2 4 5 -1 -4 11 -8 19 10 -10 13 -13 17 33 16 -12 -7 -19 22 -21 -22 23 -6 25 -25 30 28 -24 -30 -17 -29 -33 -15
right_child=-2 -3 3 -5 8 6 7 -9 9 -11 15 12 -14 14 -16 26 -18 18 -20 20 21 -23 27 24 -26 -27 -28 31 29 -31 -32 32 -34 -35
leaf_value=-0.083224619753754656 -0.054076190984896993 -0.061781811306767527 -0.067493777325925403 -0.063064662252495254 -0.083028851436891232 -0.070299726779283464 0.051059711687686478 -0.095849015603621898 -0.094941892418707541 -0.074127447159491974 0.039094936403286734 0.04222388937057539 -0.074407901859865941 0.056495660110252192 -0.085252204426241554 0.050609236156655836 -0.085757046174860824 0.051704079359992473 0.044280833794399753 0.054319809698375111 0.036820227119305625 -0.078825268116154493 0.05189737779624095 -0.11329646915755058 0.054775897414623187 0.039561877733872486 0.057123750343939982 0.058448924408684773 -0.10178523594626719 0.041996449534532777 0.0019561444418851261 0.050842883212930408 0.022756919954569008 0.028073386118265486
leaf_weight=5.6542195454239836 52.818668380379677 22.840037532150745 8.092070132493971 79.332257851958275 4.2981673330068579 3.4600288420915595 13.359946057200434 11.865395717322825 4.4407752752304068 23.413145892322063 19.258813679218296 29.316782891750336 12.666453681886194 43.632251337170601 19.514135017991066 14.37915727496147 8.173148609697817 3251.1129874661565 2128.7216146066785 69.365627028048038 5.0724840164184597 14.244035199284552 53.058629974722862 8.8670398443937284 316.29789908975363 86.319508023560047 231.85875673592091 2721.6348598524928 6.3442995846271542 17.692948371171951 22.132099509239197 95.261796936392784 39.595635637640953 25.042260512709618
leaf_count=26 477 139 40 590 20 15 2 59 20 134 11 16 60 9 96 3 39 920 988 12 1 71 12 44 65 52 30 212 29 7 35 25 35 20
internal_value=0 0.048658 0.04894 0.045818 0.0535688 0.0473981 0.0475888 -0.0131559 0.0538082 0.0367848 0.0458554 0.0478894 0.00404455 0.048203 0.0170524 0.0484002 0 0.0486901 0.0487902 0.0553742 0.0319257 -0.0420196 0.0559576 0.0462972 0.047957 0.0239811 0.053159 0.0572839 0.0369587 0 0.024549 0.0577885 0.0435262 0.0479603
internal_weight=0 9416.32 9393.48 5626.12 3767.36 5546.78 5538.69 25.2253 3761.71 323.656 300.243 5513.47 41.9832 5471.48 88.1886 295.802 27.432 5383.29 5379.83 3438.05 88.6821 19.3165 3349.37 415.783 411.484 95.1865 268.37 2933.59 77.0959 24.0372 36.5113 2856.49 134.857 68.6745
internal_count=4314 3837 3698 2815 883 2225 2185 61 857 272 138 2124 76 2048 125 118 50 1923 1908 585 84 72 501 181 161 96 68 320 48 36 38 272 60 29
is_linear=0
shrinkage=0.0493048


Tree=25
num_leaves=37
num_cat=0
split_feature=65 59 95 64 98 60 6 47 73 65 97 52 64 80 95 56 15 65 91 49 55 89 19 48 67 100 64 45 71 102 66 64 45 92 64 61
split_gain=217.896 112.247 51.5629 370.61 46.1574 45.7826 40.4426 52.8336 34.9273 123.718 38.9009 29.2693 269.746 83.6175 119.175 51.7632 26.5485 276.09 56.3886 25.5722 33.8685 25.4904 19.2745 15.2941 106.183 33.8881 31.4558 12.9183 31.0433 52.7856 10.5945 27.3369 8.20362 9.56063 2.64671 3.12686
threshold=13.500000000000002 290.00000000000006 -0.15999999999999973 58.650000000000013 -1.9760500000000005 -1.0000000180025095e-35 9.5000000000000018 34.350000000000001 38.350000000000001 7.5000000000000009 -1.010249999999999 8.5000000000000018 22.750000000000004 37.350000000000001 0.019999999999999855 0.58578431372549034 1.0000000180025095e-35 5.5000000000000009 -0.20714285714285707 0.30384615384615393 0.25000000000000006 467.50000000000006 34.500000000000007 1.4500000000000002 1231.5000000000002 -0.37340000000000012 4.6500000000000012 7.5000000000000009 1.5000000000000002 0.091819879782326114 1575.5000000000002 6.4500000000000011 55.000000000000007 -1.0000000180025095e-35 18.150000000000002 0.087595907928388714
decision_type=2 2 2 2 2 2 2 2 2 2 2 2 2 2 2 2 2 2 2 2 2 2 2 2 2 2 2 2 2 2 2 2 2 2 2 2
left_child=1 2 4 5 -1 -4 11 -8 23 10 -10 12 13 15 -15 -7 17 21 -18 20 -12 -13 -20 27 -25 26 -26 28 30 -30 31 -6 33 -21 35 -29
right_child=-2 -3 3 -5 8 6 7 -9 9 -11 19 16 -14 14 -16 -17 18 -19 22 32 -22 -23 -24 24 25 -27 -28 34 29 -31 -32 -33 -34 -35 -36 -37
leaf_value=-0.079283090695303607 -0.053600388931827732 -0.060673949169760981 -0.065436543046541368 -0.062257392427338278 0.050800801364806907 0.052330280092193503 0.050024411883712816 -0.09196291488355092 -0.08943372693358155 -0.072402454899258228 0.037954879745287981 0.0031067694262867686 -0.082271402734327329 0.042482998967280784 -0.042755539601095557 0.001504435809396723 -0.10195445512288495 -0.11064452148908784 0.050910876309656204 0.047152120323979987 -0.08231038812434395 0.051878818325707572 0.013110913779931928 -0.091208602782462123 0.041681442903922991 0.052998842743049258 -0.079626597983033426 0.026023928184929285 0.05262130927161706 -0.083587820931852241 0.055800489091334074 0 0.057955214283842524 0.00075893962820500324 0.058780527556022727 0.053229647483553792
leaf_weight=5.6445591151714316 50.713091053068638 22.128854312002659 7.9398554041981688 76.470781899988651 69.882215455174446 935.44849842786789 12.974505990743639 11.761056318879126 4.4827807396650305 22.805161245167255 18.870110794901851 34.313848435878754 41.931525677442551 110.44555707275867 61.387921467423439 56.719917967915535 5.335446521639823 28.569644056260586 3725.6193565800786 36.911596715450287 8.0987998321652395 321.48238469660282 42.080963686108589 13.148907855153082 10.821759104728701 292.7545245885849 9.2607765495777112 29.230606988072395 16.461996555328373 11.794059753417967 255.67504391074181 34.141064673662186 199.78011727333069 23.310720041394234 1988.4403932094574 590.25974006950855
leaf_count=26 477 139 40 590 21 239 2 59 20 134 11 45 206 57 182 87 24 133 1009 15 39 93 49 66 3 65 49 21 3 54 39 56 16 37 78 130
internal_value=0 0.0477164 0.0479934 0.0448127 0.0527385 0.0463535 0.0465417 -0.0125 0.0529783 0.0360509 0.0449711 0.0468373 0.0395154 0.0440117 0.0113054 0.0495502 0.0489309 0.0354364 0.0502723 0.0475142 0 0.0475253 0.0505218 0.0545419 0.0426449 0.0486776 -0.00811688 0.0557944 0.0456619 0 0.0495839 0.0330961 0.0522571 0.0312686 0.0572535 0.0521482
internal_weight=0 9136.39 9114.26 5472.48 3641.77 5396.01 5388.07 24.7356 3636.13 314.259 291.454 5363.34 1205.93 1164 171.833 992.168 4157.4 384.366 3773.04 286.971 26.9689 355.796 3767.7 3321.87 325.986 312.837 20.0825 2995.89 387.954 28.2561 359.698 104.023 260.002 60.2223 2607.93 619.49
internal_count=4314 3837 3698 2815 883 2225 2185 61 857 272 138 2124 771 565 239 326 1353 271 1082 118 50 138 1058 585 183 117 52 402 173 57 116 77 68 52 229 151
is_linear=0
shrinkage=0.0493048


Tree=26
num_leaves=36
num_cat=0
split_feature=65 59 95 64 98 60 6 47 73 65 97 95 63 40 65 80 64 49 60 81 48 67 100 64 45 49 64 66 64 54 92 64 61 27 64
split_gain=203.95 105.103 51.6531 346.114 43.2766 42.8287 37.7753 48.5975 33.4746 115.531 36.1653 29.8318 84.1924 27.1902 44.326 24.6888 95.5803 24.2903 33.6144 23.8026 14.8969 98.6844 31.8304 29.0474 13.0454 30.0762 45.4171 12.0934 29.0328 8.41609 14.2836 3.00841 3.07533 2.7993 3.34145
threshold=13.500000000000002 290.00000000000006 -0.15999999999999973 58.650000000000013 -1.9760500000000005 -1.0000000180025095e-35 9.5000000000000018 34.350000000000001 38.350000000000001 7.5000000000000009 -1.010249999999999 -0.10999999999999903 10.500000000000002 43.95000000000001 2.5000000000000004 39.150000000000013 6.6500000000000012 0.30384615384615393 0.11661554192229036 1.8500000000000003 1.4500000000000002 1231.5000000000002 -0.37340000000000012 4.6500000000000012 7.5000000000000009 0.12916666666666668 3.1500000000000008 1575.5000000000002 6.4500000000000011 37.850000000000001 -1.0000000180025095e-35 18.150000000000002 0.087595907928388714 1.0000000180025095e-35 6.2500000000000009
decision_type=2 2 2 2 2 2 2 2 2 2 2 2 2 2 2 2 2 2 2 2 2 2 2 2 2 2 2 2 2 2 2 2 2 2 2
left_child=1 2 4 5 -1 -4 11 -8 20 10 -10 12 -7 15 -15 19 -17 18 -12 -13 24 -22 23 -23 25 27 -27 28 -6 30 -19 32 -26 34 -24
right_child=-2 -3 3 -5 8 6 7 -9 9 -11 17 13 -14 14 -16 16 -18 29 -20 -21 21 22 33 -25 31 26 -28 -29 -30 -31 -32 -33 -34 -35 -36
leaf_value=-0.075707265137265223 -0.053142715812789697 -0.059619305910694108 -0.063496986396532173 -0.061488601842636409 0.050260186144158926 -0.11758100573913886 0.049019250033557317 -0.08840663977158969 -0.084551134736671529 -0.070777158377039281 -0.082420505861292043 0.045064886560246625 0.040838325620036371 0.039730672422851013 -0.071937632856470285 0.046230385052083246 -0.081666594929967404 0.044902163476921594 0.038237243378500776 0.054164403970543069 -0.087701520515965248 0.040637560178341664 0.051253547623134624 -0.077050182870226858 0.025141718625147916 0.048871745922763242 -0.082572787573695627 0.055166534996241676 -0.0018136443973088253 0.055535919754459685 -0.016768785841831342 0.058094288448920797 0.052334649977537624 0.055175308012889203 0.012726356637236412
leaf_weight=5.6218544617295256 48.678997412323952 21.428124472498894 7.783921778202056 73.679622106254101 67.631042629480362 10.284163624048231 12.597910165786745 11.635443747043608 4.5090876668691626 22.194737635552883 8.006739445030691 3972.2629121094942 37.659720398485661 27.943223610520363 12.301950037479399 65.009083107113838 17.692524462938309 24.568096533417702 18.496252775192261 1066.6893307939172 13.005402751266955 10.559970110654833 18.398136585950851 9.103662043809889 28.77728371322155 14.833518579602243 10.969519093632696 248.35964311659336 35.079191818833351 216.4130330234766 10.859245046973227 1914.5774238109589 571.23191006481647 240.16565355658531 24.956270888447762
leaf_count=26 477 139 40 590 20 50 2 59 20 134 39 1672 21 16 60 28 88 10 11 189 66 3 2 49 21 4 50 38 61 30 28 78 130 36 27
internal_value=0 0.046846 0.0471185 0.0438962 0.0519511 0.0454016 0.0455877 -0.0118721 0.0521915 0.0353424 0.0441165 0.0458789 0.00420559 0.0462418 0.00247735 0.0465614 0.0173438 0.0466576 0 0.0470162 0.0537547 0.0418156 0.0477907 -0.00757457 0.0550168 0.0447278 -0.00223112 0.0485332 0.0312702 0.0513852 0.0224942 0.0565087 0.0512392 0.0520696 0.0319693
internal_weight=0 8855.29 8833.86 5315.54 3518.32 5241.86 5234.08 24.2334 3512.7 305.047 282.852 5209.84 47.9439 5161.9 40.2452 5121.65 82.7016 278.343 26.503 5038.95 3207.65 316.189 303.184 19.6636 2891.46 376.873 25.803 351.07 102.71 251.84 35.4273 2514.59 600.009 283.52 43.3544
internal_count=4314 3837 3698 2815 883 2225 2185 61 857 272 138 2124 71 2053 76 1977 116 118 50 1861 585 183 117 52 402 173 54 119 81 68 38 229 151 65 29
is_linear=0
shrinkage=0.0493048


Tree=27
num_leaves=41
num_cat=0
split_feature=65 59 95 64 98 60 6 47 73 65 97 52 64 80 80 56 66 65 49 60 91 98 102 68 65 81 91 61 45 92 61 83 3 66 47 89 75 48 48 54
split_gain=190.819 98.3818 52.6704 322.947 40.6352 40.0393 35.2047 44.7682 32.1772 107.905 33.681 29.3475 251.892 82.1357 115.817 51.7042 26.9022 140.754 23.0555 30.8731 17.2343 36.7676 15.3411 37.9968 179.231 14.2565 12.8423 61.247 8.53201 8.92699 8.06525 11.7829 7.05255 4.25234 3.93491 2.57079 2.3661 1.83082 1.4814 0.367832
threshold=13.500000000000002 290.00000000000006 -0.15999999999999973 58.650000000000013 -1.9760500000000005 -1.0000000180025095e-35 9.5000000000000018 34.350000000000001 38.350000000000001 7.5000000000000009 -1.010249999999999 8.5000000000000018 22.750000000000004 37.350000000000001 38.650000000000013 0.58578431372549034 1040.0000000000002 3.5000000000000004 0.30384615384615393 0.11661554192229036 -0.20714285714285707 0.6897500000000002 0.10695735067283876 1280.0000000000002 2.5000000000000004 1.8500000000000003 -0.10555555555555554 0.2175666199158485 55.000000000000007 -1.0000000180025095e-35 0.27914527333131983 0.15000000000000005 17.500000000000004 1047.0000000000002 37.550000000000004 502.50000000000006 0.48333333333333339 2.1500000000000008 1.4500000000000002 38.650000000000013
decision_type=2 2 2 2 2 2 2 2 2 2 2 2 2 2 2 2 2 2 2 2 2 2 2 2 2 2 2 2 2 2 2 2 2 2 2 2 2 2 2 2
left_child=1 2 4 5 -1 -4 11 -8 22 10 -10 12 13 15 -15 -7 17 36 19 -12 21 -18 23 24 -6 -22 27 -24 29 -20 35 34 33 -25 -32 38 -13 -37 -28 -29
right_child=-2 -3 3 -5 8 6 7 -9 9 -11 18 16 -14 14 -16 -17 20 -19 28 -21 25 -23 26 32 -26 -27 30 39 -30 -31 31 -33 -34 -35 -36 37 -38 -39 -40 -41
leaf_value=-0.07244320093107505 -0.052701363009133806 -0.058612350807701101 -0.061661432852414176 -0.060755231623367344 0.049201150091548247 0.050538769683263395 0.048040640631314531 -0.085136621836449197 -0.080184015866263073 -0.069241368600030467 -0.079355090785354424 0.024630542739236455 -0.081060357073776457 -0.045024516322668573 0.040426159220739673 0 -0.092552908948600285 -0.099006624582746353 0.044943189707359665 0.037130497565609599 0.045851250892995646 0.040469845938025904 -0.10460188224433127 0.050001114012316855 -0.11799780194537735 0.053699430165115962 0.057179765595822621 0.027672200246458542 0.056539978872839437 0 0.025099384188598917 0.0033067950843250599 0.055525652172765783 0.012217056443183615 0.054541063408658573 0.024340828141142936 0.053995172445475519 0.049871384925128825 0.047233271287052042 0.055205489218210467
leaf_weight=5.5878441482782355 46.715769074857235 20.739455550909042 7.6254355609416953 70.960804179310799 74.305902734398842 882.4196479767561 12.230686068534853 11.491529375314711 4.52171666920185 21.584524616599083 7.9097468629479435 28.373499900102615 41.322285458445549 59.560950234532356 106.66253319382668 55.625977486371994 6.5696721747517612 18.982488088309765 34.963089391589165 18.119026780128479 2730.0814651548862 20.151441887021065 6.8551045805215827 19.372057616710663 19.490742802619934 1049.1966849118471 2208.6681079417467 27.022800549864769 185.78734491765499 22.960158601403236 34.781679794192314 24.663283333182335 237.07496640086174 31.987528145313263 81.465641647577286 35.971135646104813 67.694320484995842 60.335057564079762 195.07085599005222 39.131151795387268
leaf_count=26 477 139 40 590 25 239 2 59 20 134 39 23 206 172 67 87 31 88 15 11 993 9 33 5 94 195 132 21 16 37 27 34 30 38 13 34 14 16 78 5
internal_value=0 0.0459651 0.046233 0.0429454 0.0511975 0.0444136 0.0445973 -0.0112685 0.0514386 0.0346372 0.0432735 0.0448835 0.0373902 0.0419377 0.00905673 0.0476311 0.0470407 0.0214967 0.0458138 0 0.04778 0.00304098 0.0530034 0.0421948 0.0131021 0.0480634 0.0544793 0.0299855 0.0505271 0.0290734 0.055109 0.0400817 0.0512217 0.0289118 0.0468113 0.0559057 0.0466281 0.0416382 0.056425 0.0458573
internal_weight=0 8587.32 8566.58 5168.95 3397.63 5097.99 5090.36 23.7222 3392.04 295.846 274.261 5066.64 1145.59 1104.27 166.223 938.046 3921.05 115.05 269.739 26.0288 3806 26.7211 3096.2 382.231 93.7966 3779.28 2713.96 73.0091 243.711 57.9232 2640.96 140.911 288.435 51.3596 116.247 2500.05 96.0678 96.3062 2403.74 66.154
internal_count=4314 3837 3698 2815 883 2225 2185 61 857 272 138 2124 771 565 239 326 1353 125 118 50 1228 40 585 192 119 1188 393 59 68 52 334 74 73 43 40 260 37 50 210 26
is_linear=0
shrinkage=0.0493048


Tree=28
num_leaves=38
num_cat=0
split_feature=65 97 95 64 60 98 73 65 6 47 97 95 63 52 64 80 66 65 49 82 48 65 100 41 81 45 49 64 61 71 38 66 64 61 67 67 74
split_gain=178.687 102.807 46.2747 296.191 38.9478 37.9943 37.089 105.742 34.4442 41.6004 30.8342 29.0949 75.3547 25.5811 228.225 68.6884 25.8724 129.735 24.7392 30.1911 17.6397 106.529 34.3838 39.0673 15.5422 13.6572 29.8294 41.0566 11.8266 10.1783 14.7318 5.94192 3.87433 3.36954 1.34389 2.37368 0.21912
threshold=13.500000000000002 5.6625500000000004 -0.15999999999999973 58.650000000000013 -1.0000000180025095e-35 -1.9760500000000005 38.350000000000001 7.5000000000000009 9.5000000000000018 34.350000000000001 -1.010249999999999 -0.10999999999999903 10.500000000000002 8.5000000000000018 22.750000000000004 37.350000000000001 1040.0000000000002 3.5000000000000004 0.30384615384615393 0.064583333333333312 1.4500000000000002 8.5000000000000018 -0.37340000000000012 14.050000000000002 1.8500000000000003 7.5000000000000009 0.12916666666666668 3.1500000000000008 0.10063291139240506 12.500000000000002 2.5000000000000004 1575.5000000000002 18.150000000000002 0.087595907928388714 1392.5000000000002 1361.0000000000002 2.0500000000000003
decision_type=2 2 2 2 2 2 2 2 2 2 2 2 2 2 2 2 2 2 2 2 2 2 2 2 2 2 2 2 2 2 2 2 2 2 2 2 2
left_child=1 2 5 4 -4 -1 20 10 11 -10 -8 12 -6 14 15 -13 17 -15 19 -12 25 22 23 -22 -18 26 28 -28 -7 30 -20 -30 33 -27 35 -24 -14
right_child=-2 -3 3 -5 8 6 7 -9 9 -11 18 13 36 16 -16 -17 24 -19 29 -21 21 -23 34 -25 -26 32 27 -29 31 -31 -32 -33 -34 -35 -36 -37 -38
leaf_value=-0.069446739901656965 -0.052274649083193216 -0.07072208595699131 -0.059940128343804557 -0.060213006885744311 -0.11198836468488262 0 -0.076246668694520112 -0.066936242974691446 0.047085396885745957 -0.081337442271380081 0.036496068190960157 0.046874377376878489 0.016273371786357366 0.045826185042379723 -0.079002155007101824 0.010215078303099161 0.045029218944720735 -0.09476340574601258 0.045880312616008619 -0.07372460472617344 -0.092728313746812424 -0.080570290442329481 0.01358016161699011 0.04732340394066277 0.05328025510457348 0.022510761951122265 0.045638741349009582 -0.079547849054012729 0.03450314874072119 0.053229343028883457 -0.019624768237257891 0.054525427621696952 0.056799922727079705 0.050573614108501849 0.054098567932185586 0.048465865057728374 0.049218253871162715
leaf_weight=5.5440999642014495 44.822549544274807 17.71095123142004 7.7654785960912696 66.617195874452591 10.311172515153883 15.52615365386009 4.5224543064832678 22.991372339427471 11.873243868350984 11.735768184065817 17.733697615563873 910.23902057111263 15.719835601747034 93.691588759422302 38.793256022036076 154.34652683138847 2647.4748200774193 18.800982192158699 18.474996671080593 9.1148616373538953 8.8991397991776466 16.306007385253906 23.047535613179207 9.5740251541137695 1005.8786920905113 27.381197959184647 14.219418734312059 11.126267209649084 95.155243277549744 207.04135309159756 12.034492045640944 219.825190782547 1773.454546622932 535.9890993386507 220.72282874584198 22.205046653747559 20.642161950469017
leaf_count=26 477 109 42 569 50 25 20 153 2 62 11 325 18 38 195 217 987 88 6 48 43 95 30 1 176 21 5 52 65 36 37 29 83 133 31 4 5
internal_value=0 0.045136 0.0453984 0.0422546 0.0436599 0.0501498 0.0503902 0.0324423 0.0438483 -0.011518 0.0414084 0.0441396 0.00247221 0.0445134 0.0373188 0.0416767 0.0465881 0.0212027 0.0439006 0 0.0520986 0.039124 0.0464314 -0.0134719 0.0473355 0.053501 0.0427945 -0.00444934 0.0467938 0.0489713 0.0159776 0.0488758 0.0550776 0.0494318 0.0510606 0.0334676 0.0384207
internal_weight=0 8322.49 8304.78 5013.89 4947.27 3290.89 3285.34 291.913 4939.51 23.609 268.922 4915.9 46.6732 4869.22 1103.38 1064.59 3765.85 112.493 264.399 26.8486 2993.43 300.755 284.449 18.4732 3653.35 2692.68 355.852 25.3457 330.507 237.551 30.5095 314.98 2336.82 563.37 265.975 45.2526 36.362
internal_count=4314 3837 3728 2774 2205 954 928 311 2163 64 158 2099 73 2026 737 542 1289 126 138 59 617 204 109 44 1163 413 176 57 119 79 43 94 237 154 65 34 23
is_linear=0
shrinkage=0.0493048


Tree=29
num_leaves=39
num_cat=0
split_feature=65 97 95 64 60 98 73 65 6 47 97 100 64 92 49 64 80 49 82 48 65 100 41 88 67 68 45 49 64 15 66 61 52 64 61 67 60 92
split_gain=167.359 96.1661 46.8876 276.693 36.4705 35.7593 35.6386 98.8497 32.1233 38.4563 28.7927 28.1168 161.885 599.392 50.2539 152.892 24.2578 23.4011 27.872 16.9604 99.5573 32.3326 35.8197 15.094 28.9577 68.3228 13.7928 27.9422 37.8692 13.0114 11.8676 43.5814 5.78135 4.2772 3.31393 1.37307 2.43239 0.569958
threshold=13.500000000000002 5.6625500000000004 -0.15999999999999973 58.650000000000013 -1.0000000180025095e-35 -1.9760500000000005 38.350000000000001 7.5000000000000009 9.5000000000000018 34.350000000000001 -1.010249999999999 -1.6952999999999958 31.350000000000005 0.56696428571428581 0.44097222222222227 24.950000000000003 38.150000000000013 0.30384615384615393 0.064583333333333312 1.4500000000000002 8.5000000000000018 -0.37340000000000012 14.050000000000002 15.500000000000002 1070.5000000000002 200.00000000000003 7.5000000000000009 0.12916666666666668 3.1500000000000008 1.5000000000000002 1575.5000000000002 0.16444249341527653 8.5000000000000018 18.150000000000002 0.087595907928388714 1392.5000000000002 -1.0000000180025095e-35 0.059027777777777755
decision_type=2 2 2 2 2 2 2 2 2 2 2 2 2 2 2 2 2 2 2 2 2 2 2 2 2 2 2 2 2 2 2 2 2 2 2 2 2 2
left_child=1 2 5 4 -4 -1 19 10 11 -10 -8 23 14 32 16 -16 -13 18 -12 26 21 22 -21 -6 -25 -26 27 30 -29 -19 31 -7 -14 34 -28 36 -23 -31
right_child=-2 -3 3 -5 8 6 7 -9 9 -11 17 12 13 -15 15 -17 -18 29 -20 20 -22 35 -24 24 25 -27 33 28 -30 37 -32 -33 -34 -35 -36 -37 -38 -39
leaf_value=-0.066681398853723844 -0.05186101210190866 -0.069066187077931898 -0.058316421631829818 -0.059528609021474707 0.054490566098571329 -0.095437874621016328 -0.072671323626715925 -0.06565855865954319 0.046150702835903876 -0.078659188402502328 0.035429609849615615 0.049558637524466799 -0.07023811528413608 0.057076970835768334 0.037309464812661744 -0.10992808856719762 0.031425401587922029 0.0013815541207530719 -0.071530539911347196 -0.088764295778384322 -0.078453235304552657 0.052088350185337688 0.046407281399263214 0.046303121521928038 0.048079718139590409 -0.14327451360919757 0.021714798250327242 0.044618351496974865 -0.076799931254258366 0.037588308214480441 0.052843948326642638 0.03785843406773888 -0.12315772786965443 0.056215999455784635 0.049749433826384852 0.053352185883351951 0.015966598270255289 0.056102245426625869
leaf_weight=5.4920399263501158 42.998279750347137 17.253720700740814 7.5934453606605521 64.123531512916088 736.16482315957546 5.8853033035993567 4.5128854960203162 22.301121823489666 11.525888934731485 11.543025162070988 17.376912124454979 2306.1848776638508 20.22875602543354 155.95213457942009 1177.0798444971442 16.950581610202789 238.03977692127228 18.716042749583721 8.9367788434028608 8.8411142602562904 15.930722527205942 16.9520263671875 9.2894964218139648 50.585348963737488 10.682426452636721 7.3104281127452841 26.996446326375008 13.837897643446924 10.961494065821169 56.931643582880497 224.21864423155785 90.854327142238617 56.877990178763866 1705.2323822826147 518.4451255351305 212.97045481204987 27.455088570713997 154.24732660502195
leaf_count=26 477 109 42 569 96 28 20 153 2 62 11 628 109 5 674 85 184 28 48 43 95 1 1 17 1 36 21 5 52 38 38 53 264 83 133 31 33 13
internal_value=0 0.0443254 0.0445843 0.0413842 0.0427567 0.0494518 0.0496929 0.031799 0.042943 -0.0109422 0.0406195 0.0432293 0.0413703 0.000953024 0.0438568 0.0351121 0.0479114 0.0431097 0 0.0514031 0.0384416 0.0456609 -0.0127044 0.0522468 0.0263335 -0.0228928 0.0528095 0.0419352 -0.00407385 0.0481513 0.0458776 0.0284335 -0.110924 0.0544242 0.0485913 0.0502566 0.0325831 0.0517067
internal_weight=0 8064.48 8047.23 4870.84 4806.72 3176.39 3170.89 283.023 4799.13 23.0689 260.722 4776.06 3971.31 233.059 3738.26 1194.03 2544.22 256.209 26.3137 2887.87 291.439 275.508 18.1306 804.743 68.5782 17.9929 2596.43 345.758 24.7994 229.895 320.958 96.7396 77.1067 2250.67 545.442 257.378 44.4071 211.179
internal_count=4314 3837 3728 2774 2205 954 928 311 2163 64 158 2099 1949 378 1571 759 812 138 59 617 204 109 44 150 54 37 413 176 57 79 119 81 373 237 154 65 34 51
is_linear=0
shrinkage=0.0493048


Tree=30
num_leaves=32
num_cat=0
split_feature=65 97 59 95 64 98 60 95 63 73 65 97 100 64 92 49 95 27 102 42 90 91 61 97 61 64 68 3 89 45 54
split_gain=156.831 90.0108 87.9343 48.4693 253.662 33.9013 33.1453 30.5905 71.0955 27.6882 88.7486 27.6219 26.3627 161.063 561.877 44.1174 19.2494 20.8322 16.2866 38.0821 115.457 13.4373 55.8776 10.9554 9.19097 12.2938 6.72134 12.9522 2.71898 2.22151 0.682792
threshold=13.500000000000002 5.6625500000000004 290.00000000000006 -0.15999999999999973 58.650000000000013 -1.9760500000000005 -1.0000000180025095e-35 -0.10999999999999903 10.500000000000002 38.350000000000001 7.5000000000000009 -1.010249999999999 -2.1921499999999976 31.350000000000005 0.56696428571428581 0.44097222222222227 -0.71999999999999986 25.500000000000004 0.10695735067283876 0.16025641025641021 -0.064583333333333284 -0.10555555555555554 0.2175666199158485 -0.24360000000000062 0.27914527333131983 8.5500000000000025 1280.0000000000002 3.5000000000000004 502.50000000000006 105.00000000000001 38.650000000000013
decision_type=2 2 2 2 2 2 2 2 2 2 2 2 2 2 2 2 2 2 2 2 2 2 2 2 2 2 2 2 2 2 2
left_child=1 2 3 5 6 -1 -5 8 -8 18 11 -11 -9 15 -15 -14 17 -13 19 26 29 22 -20 -18 28 -26 27 -7 -23 -21 -24
right_child=-2 -3 -4 4 -6 9 7 12 -10 10 -12 16 13 14 -16 -17 23 -19 21 20 -22 24 30 -25 25 -27 -28 -29 -30 -31 -32
leaf_value=-0.064116807880854956 -0.051459003414045766 -0.067495892696774973 -0.057874807893460431 -0.056667258818005314 -0.058978768556296662 0.043904495102557402 -0.10516833049724392 0.054159783912901778 0.037254473023950838 -0.069403672577336858 -0.065118248385925198 -0.072860562451341926 0.047422435700339161 -0.10708258402129671 0.056549617053827099 0.035659061749205793 0.052284255371216837 0.042335156941413106 -0.10223695710523713 0.017372953307756817 -0.11570328395046314 0.05462422800761816 0.024265477891815958 0.016763502802732942 0.046964659411593328 0.0084502975650896719 0.052757389783819678 0 0.039226834373350387 0.05293625968364335 0.053101496304324577
leaf_weight=5.4329403936862937 41.241737142205238 16.796922884881496 19.539649367332458 7.1438986584544173 60.102718845009804 52.252953574061394 11.268438160419462 502.51779038459063 34.421248957514763 4.4944193363189688 19.790993891656399 6.928972013294695 2607.3644812628627 77.27520139887929 149.89353068172932 1269.5639812275767 194.59398388117552 7.7126150131225586 6.7466068491339675 20.495914205908775 14.757098488509653 2146.4853496551514 25.061804041266441 36.038120955228806 92.417300954461098 36.715560384094715 208.99779542535543 23.371705614030361 88.459529422223568 29.408194482326508 35.35698114335537
leaf_count=26 477 109 139 40 551 22 55 66 21 20 134 35 818 376 4 777 37 1 33 21 74 210 21 43 28 46 36 37 50 2 5
internal_value=0 0.0435479 0.0438035 0.0440752 0.0407835 0.0491185 0.0420975 0.0422763 0 0.0493616 0.0329077 0.0411806 0.042675 0.041238 0.000332412 0.0436027 0.0437232 -0.00374958 0.0509116 0.0394207 0.00315081 0.0525108 0.0267122 0.0472762 0.0531907 0.0369819 0.0472224 0.0302652 0.054071 0.040842 0.0432176
internal_weight=0 7811.41 7794.61 7775.07 4719.55 3055.52 4659.45 4652.3 45.6897 3050.09 269.559 249.768 4606.61 4104.1 227.169 3876.93 245.274 14.6416 2780.53 349.284 64.6612 2431.24 67.1654 230.632 2364.08 129.133 284.622 75.6247 2234.94 49.9041 60.4188
internal_count=4314 3837 3728 3589 2708 881 2157 2117 76 855 270 136 2041 1975 380 1595 116 36 585 192 97 393 59 80 334 74 95 59 260 23 26
is_linear=0
shrinkage=0.0493048


Tree=31
num_leaves=36
num_cat=0
split_feature=65 97 95 64 73 65 56 98 60 98 6 47 52 64 80 39 56 66 65 49 16 80 66 91 89 101 101 89 68 64 27 13 91 99 57
split_gain=146.945 84.2533 47.5397 241.695 32.5805 88.333 37.6686 45.5093 32.0349 30.2548 29.7738 35.2091 30.3479 197.26 75.4165 107.403 52.1758 25.9326 113.899 21.5837 26.1668 17.911 68.2077 17.0163 22.739 16.151 16.0231 14.8114 56.2143 86.2096 8.17952 44.1464 10.6936 6.35202 0.327118
threshold=13.500000000000002 5.6625500000000004 -0.15999999999999973 58.650000000000013 38.350000000000001 7.5000000000000009 0.34313725490196084 -1.3043999999999973 -1.0000000180025095e-35 -1.9760500000000005 9.5000000000000018 34.350000000000001 8.5000000000000018 22.750000000000004 37.350000000000001 12.500000000000002 0.58578431372549034 1040.0000000000002 3.5000000000000004 0.30384615384615393 1.5000000000000002 39.650000000000013 1177.5000000000002 -0.32291666666666657 511.50000000000006 -1.5194000000000043 -1.7102499999999983 429.50000000000006 1280.0000000000002 4.4500000000000011 5.5000000000000009 4.5000000000000009 -0.10555555555555554 -0.59215000000000007 1.0000000180025095e-35
decision_type=2 2 2 2 2 2 2 2 2 2 2 2 2 2 2 2 2 2 2 2 2 2 2 2 2 2 2 2 2 2 2 2 2 2 2
left_child=1 2 4 8 9 6 19 -8 -4 -1 12 -12 13 14 16 -16 -10 18 33 20 -6 26 -23 24 -19 -25 -11 28 29 -28 32 -32 -29 -14 -21
right_child=-2 -3 3 -5 5 -7 7 -9 10 21 11 -13 17 -15 15 -17 -18 23 -20 34 -22 22 -24 25 -26 -27 27 30 -30 -31 31 -33 -34 -35 -36
leaf_value=-0.059725476883644844 -0.051067271418847184 -0.066003186470186395 -0.055275470926089629 -0.058242504902389733 -0.073005761484835063 -0.063715649567147176 0.037662093142644466 -0.094049579488121676 0.046961638973578516 -0.055870389700266483 0.044524299229035898 -0.076909674548883589 0.0068478865751563124 -0.075418565912897265 -0.049941277309684284 0.035795117120100618 -0.0018482974727904986 -0.093234734673600883 -0.091361120464455811 0.055111291735390477 0.036511977534733703 0.045465414041472835 -0.079615792500935048 0.026979235452546289 0.035308777918026522 0.045640379955549211 0.038128616837345863 0.031497557240623274 0.048160355625233131 -0.1231884844252915 -0.033546049600468246 0.049096803958489171 0.053551350137659569 0.049748949966685677 0.035461430469535822
leaf_weight=5.0562964379787436 39.551549904048443 16.342102520167828 7.2513804808259001 59.349763408303261 7.6954203546047237 21.265623189508915 14.038343027234079 10.829265400767325 781.27114352583885 2.2834183275699607 10.931021153926851 11.259837105870245 17.6458939909935 38.109548270702362 53.793617330491543 102.68370857834816 51.891508743166924 5.0084645226597759 18.452218294143677 150.45404605567455 16.778769634664059 60.516506046056747 12.26963349431753 151.77596263587475 9.169993594288826 3206.5775585919619 20.238716587424278 83.617412447929382 151.36686529964209 12.74976112693548 17.060181401669979 92.245179653167725 2234.2636569552124 68.489473327994347 45.647851958870888
leaf_count=24 477 109 42 569 41 155 6 57 247 10 2 62 19 203 169 63 84 25 88 13 12 23 67 113 3 1065 9 63 41 62 55 23 264 20 29
internal_value=0 0.0427715 0.0430237 0.0397248 0.0481035 0.0304198 0.0390902 -0.014752 0.041035 0.0498091 0.0412171 -0.0115209 0.0415046 0.033527 0.0378505 0.0055218 0.0437724 0.0438265 0.0175979 0.0457253 0 0.0500623 0.0226454 0.0446028 -0.00146412 0.0448343 0.0507779 0.0509195 0.0351955 -0.0205163 0.052062 0.0350544 0.0528099 0.0424094 0.0511782
internal_weight=0 7568.38 7552.04 4593.66 2958.38 266.709 245.444 24.8676 4534.31 2691.67 4527.06 22.1909 4504.87 1027.75 989.64 156.477 833.163 3477.12 104.588 220.576 24.4742 2686.61 72.7861 3372.53 14.1785 3358.35 2613.83 2611.54 184.355 32.9885 2427.19 109.305 2317.88 86.1354 196.102
internal_count=4314 3837 3728 2774 954 313 158 63 2205 641 2163 64 2099 766 563 232 331 1333 127 95 53 617 90 1206 28 1178 527 517 112 71 405 78 327 39 42
is_linear=0
shrinkage=0.0493048


Tree=32
num_leaves=46
num_cat=0
split_feature=65 59 95 64 100 64 92 49 64 92 72 90 80 74 58 98 73 65 71 86 97 95 27 102 42 3 66 91 61 97 83 61 80 47 68 16 48 66 45 52 49 49 49 54 66
split_gain=137.712 80.0147 53.6976 229.768 30.2901 170.706 531.66 49.8369 154.431 63.2435 139.328 72.4158 31.3522 91.9443 47.0851 30.2003 26.181 77.418 25.7839 97.4048 24.6815 19.1224 19.5077 16.5439 37.0414 106.182 15.7544 13.1274 51.4832 10.544 12.5197 9.95425 18.2004 72.1266 6.45131 12.7789 3.53018 16.8107 2.75908 1.40855 0.820915 6.70838 2.43331 0.810586 0.179071
threshold=13.500000000000002 290.00000000000006 -0.15999999999999973 58.650000000000013 -2.1921499999999976 31.350000000000005 0.56696428571428581 0.44097222222222227 24.950000000000003 -0.074175824175824134 2.5000000000000004 0.16025641025641021 38.150000000000013 0.45000000000000007 1.5000000000000002 -1.9760500000000005 38.350000000000001 7.5000000000000009 1.5000000000000002 13.500000000000002 -1.010249999999999 -0.71999999999999986 25.500000000000004 0.10695735067283876 0.16025641025641021 50.500000000000007 1040.0000000000002 -0.10555555555555554 0.2175666199158485 -0.24360000000000062 -0.8999999999999998 0.27914527333131983 37.850000000000001 37.550000000000004 1280.0000000000002 1.0000000180025095e-35 0.95000000000000007 1182.0000000000002 105.00000000000001 8.5000000000000018 0.87083333333333346 0.51666666666666672 0.80625000000000013 38.650000000000013 1040.0000000000002
decision_type=2 2 2 2 2 2 2 2 2 2 2 2 2 2 2 2 2 2 2 2 2 2 2 2 2 2 2 2 2 2 2 2 2 2 2 2 2 2 2 2 2 2 2 2 2
left_child=1 2 15 4 40 7 39 12 9 10 -9 -11 18 -14 -15 -1 23 20 19 -6 -18 22 -22 24 34 -26 -20 28 -25 -23 -31 36 33 -33 35 44 -29 -38 -27 -7 41 -4 -43 -30 -17
right_child=-2 -3 3 -5 5 6 -8 8 -10 11 -12 -13 13 14 -16 16 17 -19 26 -21 21 29 -24 27 25 38 -28 31 43 30 -32 32 -34 -35 -36 -37 37 -39 -40 -41 -42 42 -44 -45 -46
leaf_value=-0.059554073011461824 -0.050684542119131704 -0.056995632261437938 0.049593738844083426 -0.057522896186121629 -0.1232989940058552 -0.067104715606414886 0.055465334087637555 0.042206288396335785 -0.10813918874817109 0.03952592479687201 -0.1403701404658487 -0.021416117527186206 -0.11304759620547264 0.04549742566622865 -0.0099751105633948955 0.049520182245967242 -0.064845191310926947 -0.062658270491407528 0.021411505882941773 0.041187686352820753 -0.070546821218202868 0.050967329383224229 0.040741816164786872 -0.098822290587734632 -0.1153713373983976 0.01453146070564915 0.048749356159360407 0.054845860889347287 0.022574105487813811 0.044040062495594487 -0.010922135472699032 -0.15916718728356527 0.044067524475062916 0.044916034264006588 0.051357941671888167 -0.0049134731483238053 0.010704181047003464 0.049881206693599717 0.051498961347726926 -0.1106193805241404 0.056257452829936203 0 0.034971759818332851 0.051956990414995435 0.022940229534027086
leaf_weight=5.3002861253917208 37.926246710121632 18.694522272795439 124.18641349673271 58.375206828117371 10.164963752031325 20.028821557760239 139.58770630508661 27.021057173609734 18.225397013127804 1118.2120085656643 15.789821438491343 46.780275613069534 10.525855079293249 171.26746555417776 43.100149512290955 31.53704471886158 4.4420929327607146 18.62213483825326 69.456783831119537 55.505578011274338 7.1403344273567182 181.34448032826185 7.3085489273071289 6.6674241274595252 14.09816015139222 20.356482833623886 2128.3547976985574 1502.6745660305023 24.256255313754082 18.940606459975239 15.912984296679499 5.5311098694801357 99.443768188357353 16.991201832890511 195.11380069702864 15.018008448183535 36.707070454955101 531.46063792705536 27.304517418146133 63.528421305119991 319.81908734887838 17.70408770442009 9.7028666287660617 33.377872660756111 26.017290271818638
leaf_count=26 477 139 29 590 47 121 5 12 93 557 77 101 52 71 80 8 20 134 73 23 37 37 1 33 74 21 543 94 21 6 37 30 39 5 36 27 44 122 2 298 13 26 4 5 24
internal_value=0 0.0420127 0.0422831 0.03876 0.0400635 0.0385278 -0.00283804 0.0410464 0.0325388 0.0347675 -0.0222887 0.0369715 0.0451876 0.0263242 0.0337645 0.0477698 0.0480146 0.031492 0.0470064 0.013784 0.0394868 0.0420445 -0.00570556 0.0495868 0.037732 0.00119364 0.0479423 0.0512614 0.0252125 0.0458112 0.0153958 0.0519681 0.0349398 0 0.0456963 0.028745 0.0529104 0.0475698 0.0383386 -0.101708 0.052623 0.0441242 0.0147785 0.0417676 0.0396847
internal_weight=0 7331.6 7312.9 4467.34 4408.96 3937.55 223.145 3714.4 1226.03 1207.8 42.8109 1164.99 2488.38 224.893 214.368 2845.57 2840.27 253.711 2263.48 65.6705 235.089 230.647 14.4489 2586.56 329.445 61.7592 2197.81 2257.11 64.3016 216.198 34.8536 2192.81 121.966 22.5223 267.686 72.5723 2070.84 568.168 47.661 83.5572 471.412 151.593 27.407 57.6341 57.5543
internal_count=4314 3837 3698 2815 2225 2153 424 1729 840 747 89 658 889 203 151 883 857 272 686 70 138 118 38 585 192 97 616 393 59 80 43 334 74 35 95 59 260 166 23 419 72 59 30 26 32
is_linear=0
shrinkage=0.0493048


Tree=33
num_leaves=29
num_cat=0
split_feature=65 97 59 95 64 95 63 98 100 64 92 49 64 80 80 92 89 53 89 68 64 73 7 48 3 64 64 64
split_gain=129.148 75.928 75.4458 48.7367 207.432 30.8453 64.4284 28.5388 27.5729 143.943 477.095 43.9349 141.771 27.0469 25.2649 97.7101 17.059 77.9766 14.9232 51.9401 75.1756 12.8097 48.2814 6.46527 3.05022 0.215747 3.178 6.19205
threshold=13.500000000000002 5.6625500000000004 290.00000000000006 -0.15999999999999973 58.650000000000013 -0.10999999999999903 10.500000000000002 -1.9760500000000005 -2.1921499999999976 31.350000000000005 0.56696428571428581 0.44097222222222227 24.950000000000003 38.150000000000013 39.750000000000007 0.06904761904761901 509.50000000000006 12.500000000000002 429.50000000000006 1280.0000000000002 4.4500000000000011 38.350000000000001 2.5000000000000004 1.4500000000000002 17.500000000000004 22.250000000000004 5.0500000000000007 5.9500000000000011
decision_type=2 2 2 2 2 2 2 2 2 2 2 2 2 2 2 2 2 2 2 2 2 2 2 2 2 2 2 2
left_child=1 2 3 7 5 6 -5 -1 25 11 -11 13 -13 -10 16 -16 18 -18 19 20 -9 23 -23 -20 -21 26 -7 -28
right_child=-2 -3 -4 4 -6 8 -8 14 9 10 -12 12 -14 -15 15 -17 17 -19 21 24 -22 22 -24 -25 -26 -27 27 -29
leaf_value=-0.057450247440467596 -0.050309629860668836 -0.064087621303017678 -0.056088829832740647 -0.10168889375085259 -0.057135844353579018 0.049204603462947333 0.034325625866285348 0.036360646675408732 0.046607713412686387 -0.099163515107889608 0.0550237664536323 0.03487468731921517 -0.1049595527165844 0.026667558942535616 -0.072975512670763978 0.046947075618571629 -0.10707095547840582 0.048708993556973501 0.052414072332022776 0.026286528739802088 -0.11366738199092739 -0.084592408302873651 0.040989580813651311 0.040498366099755004 0.052078067232201278 0.055502794190811076 0.048014578613724102 0
leaf_weight=5.226587761193513 36.364253170788288 15.627567857503889 18.076192896813154 11.488162256777285 53.483545243740082 97.320603117346764 31.772400185465813 19.327991172671318 2166.0568152144551 76.645630672574043 134.00860302150249 1163.9503239393234 17.434881515800953 212.55504961311817 20.444241505116224 76.476321037858725 9.5031025856733304 38.442460745573044 1989.6318017691374 38.846001990139484 13.222425717860459 7.0823196098208419 199.68891353160143 223.64153316617012 103.32626815140247 324.30247993767262 12.77794933319092 18.810623273253441
leaf_count=26 477 109 139 57 551 28 21 9 654 383 4 698 89 184 126 27 51 10 247 32 65 41 125 109 13 14 1 24
internal_value=0 0.0412928 0.0415432 0.0418108 0.0383882 0.0396151 0 0.0471525 0.0400397 0.0385293 -0.000493381 0.0408733 0.0327028 0.0448785 0.0473981 0.0203515 0.0483427 0.0151867 0.0489073 0.0327676 -0.0208218 0.0500206 0.0360736 0.0512669 0.0459134 0.0523278 0.0433634 0.0214017
internal_weight=0 7099.17 7083.54 7065.47 4320.61 4267.12 43.2606 2744.86 4223.86 3770.65 210.654 3560 1181.39 2378.61 2739.63 96.9206 2642.71 47.9456 2594.77 174.723 32.5504 2420.04 206.771 2213.27 142.172 453.212 128.909 31.5886
internal_count=4314 3837 3728 3589 2708 2157 78 881 2079 2012 387 1625 787 838 855 153 702 61 641 119 74 522 166 356 45 67 53 25
is_linear=0
shrinkage=0.0493048


Tree=34
num_leaves=42
num_cat=0
split_feature=65 97 59 95 64 5 101 11 71 78 64 91 64 58 64 98 73 65 66 100 15 39 102 42 90 63 42 98 91 61 82 61 80 7 57 3 68 40 48 45 54
split_gain=121.074 71.1227 70.7507 48.5343 193.993 30.2985 228.932 72.2701 63.1865 28.9189 319.772 31.3621 122.761 28.5203 146.878 26.9658 24.1412 71.127 23.7649 22.7084 18.896 17.6136 16.9856 36.3147 96.9874 15.2211 28.2392 15.21 13.3206 47.1186 11.868 10.5537 17.2588 9.80615 10.8752 9.65356 6.33155 23.5463 4.23065 2.24833 0.997484
threshold=13.500000000000002 5.6625500000000004 290.00000000000006 -0.15999999999999973 58.650000000000013 4.5000000000000009 -0.42200000000000054 1.0000000180025095e-35 1.0000000180025095e-35 5.5000000000000009 15.15 -0.10555555555555554 8.1500000000000004 9.5000000000000018 4.2500000000000009 -1.9760500000000005 38.350000000000001 7.5000000000000009 1171.0000000000002 -2.8027000000000011 1.0000000180025095e-35 1.0000000180025095e-35 0.10695735067283876 0.16025641025641021 -0.064583333333333284 10.500000000000002 0.87083333333333346 -1.4680999999999995 -0.10555555555555554 0.2175666199158485 0.74166666666666681 0.27914527333131983 37.850000000000001 55.500000000000007 4.2500000000000009 9.5000000000000018 1280.0000000000002 35.45000000000001 0.95000000000000007 105.00000000000001 38.650000000000013
decision_type=2 2 2 2 2 2 2 2 2 2 2 2 2 2 2 2 2 2 2 2 2 2 2 2 2 2 2 2 2 2 2 2 2 2 2 2 2 2 2 2 2
left_child=1 2 3 15 5 9 7 33 -9 10 13 12 30 27 -15 -1 22 18 21 -13 -21 -18 23 36 39 35 -27 -5 29 -24 -11 38 -33 34 -7 -20 37 -17 -30 -25 -31
right_child=-2 -3 -4 4 -6 6 -8 8 -10 11 -12 19 -14 14 -16 16 17 -19 25 20 -22 -23 28 24 -26 26 -28 -29 31 40 -32 32 -34 -35 -36 -37 -38 -39 -40 -41 -42
leaf_value=-0.05546676297674831 -0.049941416924552832 -0.062746182304802181 -0.05521202132345876 -0.10119752760858844 -0.056565274911379797 -0.012990753806110457 -0.11753959202910438 0.038014283052439084 -0.10802268983159752 0.0041062804062343842 -0.10414486115691893 -0.12579587420824148 -0.11703672623480618 0.048122127169604033 -0.13856525658324392 -0.0051210225299370971 0.031940444261398124 -0.061533885354910021 0.0092830175748747079 0.030093656522861358 0.044556813007574768 -0.081236192793947601 -0.096223392741673644 0.013877259741298463 -0.10858013312087873 -0.0924735758335129 0.040166003543123129 0.04177528348365523 0.053921603175228164 0.020380787554848952 0.053498467947156729 -0.0013183188327259459 0.042353402871350074 0.050631500317659728 0.045547376901040319 0.050787260797207925 0.050035405678760497 0.050168609261826813 0.046138717860653954 0.050410124228688784 0.050581086305284073
leaf_weight=5.1497363299131385 34.863927371799946 15.186497222632168 17.47352059930563 1.2765580415725697 51.411570623517036 13.282054550945759 25.495089776813984 12.434943892061712 14.693624079227446 23.476383820176125 39.962240122258663 1.5276952385902394 14.633725527673958 43.985654920339584 13.27348345518112 26.704277824610472 4.6359715461730939 17.883999831974506 23.075610458850861 301.09882837161422 2726.8342907950282 6.7597158774733543 6.524947762489318 18.992911867797375 14.656959488987921 5.6053730994462976 12.625367447733879 659.35906367003918 1387.4761624932289 23.22119913995266 47.426725089550018 21.714416056871414 93.372100956737995 192.30772869288921 13.420701995491982 168.44735024869442 181.99427942931652 42.746509000658989 530.85307484120131 25.297551810741425 31.012066602706909
leaf_count=26 477 109 139 7 551 27 132 6 74 29 204 9 71 15 65 46 1 134 32 234 955 33 33 21 74 28 4 282 94 21 5 35 39 40 2 38 36 13 166 2 5
internal_value=0 0.040563 0.0408101 0.0410737 0.037616 0.0388148 0.0218518 0.0368093 -0.036542 0.0399722 0.0307088 0.0421856 0.010739 0.0383934 0.0026183 0.0465035 0.0467498 0.0303383 0.0383384 0.0430324 0.04316 -0.0243567 0.0483291 0.0360387 0 0.0423407 0 0.0413056 0.0500908 0.023246 0.0389072 0.0508313 0.0330354 0.0464672 0.0118001 0.0464383 0.0442072 0.0271278 0.0518335 0.037572 0.0399624
internal_weight=0 6877.31 6862.12 6844.65 4195.9 4144.49 271.634 246.139 27.1286 3872.85 757.857 3115 85.5368 717.895 57.2591 2648.75 2643.6 239.033 221.149 3029.46 3027.93 11.3957 2404.57 310.392 58.9474 209.754 18.2307 660.636 2094.17 60.7582 70.9031 2033.42 115.087 219.01 26.7028 191.523 251.445 69.4508 1918.33 44.2905 54.2333
internal_count=4314 3837 3728 3589 2708 2157 281 149 80 1876 573 1303 105 369 80 881 855 270 136 1198 1189 34 585 192 97 102 32 289 393 59 34 334 74 69 29 70 95 59 260 23 26
is_linear=0
shrinkage=0.0493048


Tree=35
num_leaves=32
num_cat=0
split_feature=65 97 59 95 64 97 64 100 64 92 49 64 92 80 74 98 71 73 65 49 73 45 41 86 63 60 64 102 49 49 49
split_gain=113.517 66.6368 66.3583 48.5721 181.409 32.0151 58.3896 29.4669 142.255 441.998 47.5384 127.27 59.805 29.0784 84.412 25.6747 25.1682 20.9058 56.1344 32.1802 21.5723 18.237 15.3214 28.0943 19.8756 10.539 28.4925 3.84355 0.892287 5.21454 5.16091
threshold=13.500000000000002 5.6625500000000004 290.00000000000006 -0.15999999999999973 58.650000000000013 1.040950000000006 3.1500000000000008 -2.1921499999999976 31.350000000000005 0.56696428571428581 0.44097222222222227 24.950000000000003 -0.074175824175824134 38.150000000000013 0.45000000000000007 -1.9760500000000005 1.5000000000000002 38.350000000000001 7.5000000000000009 0.30384615384615393 38.45000000000001 55.000000000000007 0.25000000000000006 -663.49999999999989 5.5000000000000009 0.023392612859097054 5.7500000000000009 0.11096486107688296 0.87083333333333346 0.46862745098039221 0.74166666666666681
decision_type=2 2 2 2 2 2 2 2 2 2 2 2 2 2 2 2 2 2 2 2 2 2 2 2 2 2 2 2 2 2 2
left_child=1 2 3 5 7 15 -7 28 10 -10 13 12 -12 16 -15 -1 -9 22 19 20 -19 -21 23 -17 -25 26 -24 -27 29 -5 -31
right_child=-2 -3 -4 4 -6 6 -8 8 9 -11 11 -13 -14 14 -16 17 -18 18 -20 21 -22 -23 25 24 -26 27 -28 -29 -30 30 -32
leaf_value=-0.053605155486486131 -0.04957884276417536 -0.061461227812604248 -0.054362116045359232 0.050035981102143183 -0.056014304430351582 0.047773536283491853 -0.072148713780788423 0.010815048307084768 -0.09518465083772594 0.054056005770189645 -0.024630744147893228 -0.10047092792346231 0.034639225042949029 -0.10918944035138398 0.031948291935196126 -0.088984745122738018 0.045941615190401609 0.027899247339379086 -0.060252997685691506 0.011034055153622652 -0.077003221379413303 0.052781678485163706 -0.10253272841344462 0.0011776212390596514 0.043141069134337601 0.036082094859843115 0.040188024220125573 0.052359490645219581 0.054911745804218759 0 0.039663953794638544
leaf_weight=5.0196546688675872 33.423577643930912 14.751231253147123 16.886955201625824 95.188265636563301 49.407913312315941 26.381411924958229 15.652503523975609 60.445564210414886 78.581992797553539 124.57687666267157 40.538090273737907 17.337012156844139 1077.1571486592293 10.489529825747011 199.20426189154387 3.6472551226615897 1994.0691227242351 7.4822138994932201 14.41220063343644 41.035213373601437 9.3156148567795736 138.84504859149456 2.9444313794374457 37.295764401555061 275.90506215393543 88.437974471598864 220.33353423327208 1668.6385404765606 285.39522228389978 21.690471179783344 21.288922391831875
leaf_count=25 477 109 139 18 551 8 107 68 401 5 87 91 639 52 142 18 603 4 103 53 49 14 15 50 100 53 100 182 13 30 8
internal_value=0 0.0398452 0.040089 0.0403486 0.0368483 0.0458817 0.000139015 0.0380193 0.0364487 -0.0030647 0.0388469 0.0302359 0.0323776 0.043108 0.0242787 0.0465973 0.0449689 0.0468481 0.0303269 0.0376058 -0.0229273 0.043953 0.0483116 0.036672 0.0385417 0.0501105 0.0377337 0.0516117 0.0510794 0.042252 0.0220957
internal_weight=0 6662.36 6647.6 6630.72 4075.37 2555.35 42.0339 4025.96 3602.4 203.159 3399.24 1135.03 1117.7 2264.21 209.694 2513.31 2054.51 2508.29 211.09 196.678 16.7978 179.88 2297.2 316.848 313.201 1980.35 223.278 1757.08 423.563 138.168 42.9794
internal_count=4314 3837 3728 3589 2708 881 115 2157 2088 406 1682 817 726 865 194 766 671 741 223 120 53 67 518 168 150 350 115 235 69 56 38
is_linear=0
shrinkage=0.0493048


Tree=36
num_leaves=30
num_cat=0
split_feature=65 97 59 95 64 97 64 100 64 92 49 64 92 80 4 71 98 66 64 98 87 41 100 64 95 19 49 49 49
split_gain=106.451 62.4515 62.2523 48.2603 169.704 30.187 54.5342 29.2756 131.965 409.767 46.7974 117.193 55.7654 28.4561 78.8608 24.534 24.2998 20.5909 51.748 193.705 18.2536 35.8703 7.36331 4.88762 2.12633 10.7924 1.06223 5.10215 4.82849
threshold=13.500000000000002 5.6625500000000004 290.00000000000006 -0.15999999999999973 58.650000000000013 1.040950000000006 3.1500000000000008 -2.1921499999999976 31.350000000000005 0.56696428571428581 0.44097222222222227 24.950000000000003 -0.074175824175824134 38.150000000000013 2.5000000000000004 1.5000000000000002 -1.9760500000000005 1603.0000000000002 31.850000000000005 -1.5768499999999965 14.500000000000002 1.2500000000000002 -1.6144000000000032 18.150000000000002 -0.32999999999999929 2.5000000000000004 0.87083333333333346 0.46862745098039221 0.74166666666666681
decision_type=2 2 2 2 2 2 2 2 2 2 2 2 2 2 2 2 2 2 2 2 2 2 2 2 2 2 2 2 2
left_child=1 2 3 5 7 16 -7 26 10 -10 13 12 -12 15 -15 -9 -1 18 20 -20 21 -18 -22 24 25 -19 27 -5 -29
right_child=-2 -3 -4 4 -6 6 -8 8 9 -11 11 -13 -14 14 -16 -17 17 23 19 -21 22 -23 -24 -25 -26 -27 -28 28 -30
leaf_value=-0.051807059258719042 -0.049220916048764253 -0.060227694267979547 -0.053536301222185868 0.049379307909406096 -0.055481390994081968 0.047010439293245915 -0.070683551911510781 0.010352354963916439 -0.091934439298723789 0.053590965259800914 -0.023132789339555263 -0.096659058271103868 0.033726054556948763 0.030933974922183534 -0.108291355709423 0.045184343592170391 -0.015468720901375483 -0.01537155661086966 0.051621905175204159 -0.091890897294927332 0.0015748375870258942 0.043984312273819721 0.046909386531687032 0.053638618201540193 0.046084722186907429 0.036433013275340778 0.054471727205571953 0 0.038808475760317526
leaf_weight=4.9409631565213195 32.041466116905212 14.322624303400515 16.316820804029703 91.784261837601662 47.471759788691998 25.510242730379105 15.201264452189205 60.045524813234806 77.379798522219062 119.58727628737688 41.024412736296654 17.138484574854374 1052.4043000638485 195.66414350271225 10.045245110988615 1929.156828045845 35.362786643207073 9.1419374793767911 76.320295572280884 32.398611530661583 14.507606640458105 66.282434150576591 1144.4008302018046 920.12622347101569 82.151421159505844 39.190046973526478 273.80515102297068 21.690471179783344 20.701026275753975
leaf_count=25 477 109 139 18 551 8 107 68 401 5 87 91 639 146 48 603 69 20 6 191 19 26 311 55 21 23 13 30 8
internal_value=0 0.0391418 0.0393824 0.0396381 0.0361059 0.0452572 0 0.03725 0.0356696 -0.00295445 0.0380087 0.0293861 0.0314784 0.0423144 0.0235141 0.0441956 0.0459659 0.0462177 0.0417457 0.00769581 0.0445834 0.0220792 0.0464492 0.0519262 0.0388875 0.0240594 0.0505091 0.0414845 0.0214341
internal_weight=0 6454.07 6439.75 6423.43 3957.9 2465.53 40.7115 3910.43 3502.45 196.967 3305.48 1110.57 1093.43 2194.91 205.709 1989.2 2424.82 2419.88 1369.27 108.719 1260.55 101.645 1158.91 1050.61 130.483 48.332 407.981 134.176 42.3915
internal_count=4314 3837 3728 3589 2708 881 115 2157 2088 406 1682 817 726 865 194 671 766 741 622 197 425 95 330 119 64 43 69 56 38
is_linear=0
shrinkage=0.0493048


Tree=37
num_leaves=31
num_cat=0
split_feature=65 97 59 95 64 52 64 66 42 64 64 86 19 39 97 64 15 65 91 89 101 66 64 98 60 87 60 100 64 64
split_gain=99.8378 58.5424 58.4102 48.0543 158.756 29.9646 143.076 76.7939 68.4722 99.0422 45.7283 41.1138 38.5853 67.0904 28.4752 50.9462 27.2474 193.233 39.0243 31.4193 23.9178 22.0808 48.8953 179.225 18.3428 17.384 34.3128 10.6733 4.60066 2.66141
threshold=13.500000000000002 5.6625500000000004 290.00000000000006 -0.15999999999999973 58.650000000000013 8.5000000000000018 22.750000000000004 1675.0000000000002 0.77350427350427364 4.7500000000000009 3.5500000000000003 -111.49999999999999 38.500000000000007 1.5000000000000002 1.040950000000006 3.1500000000000008 1.0000000180025095e-35 5.5000000000000009 -0.20714285714285707 467.50000000000006 -1.7102499999999983 1603.0000000000002 31.850000000000005 -1.5768499999999965 -1.0000000180025095e-35 14.500000000000002 0.091287878787878765 -1.6144000000000032 18.150000000000002 7.5500000000000007
decision_type=2 2 2 2 2 2 2 2 2 2 2 2 2 2 2 2 2 2 2 2 2 2 2 2 2 2 2 2 2 2
left_child=1 2 3 14 5 6 7 8 11 -10 -9 -5 16 -14 20 -16 17 19 -18 -7 -1 22 25 -24 -20 26 -22 -27 29 -23
right_child=-2 -3 -4 4 -6 12 -8 10 9 -11 -12 -13 13 -15 15 -17 18 -19 24 -21 21 28 23 -25 -26 27 -28 -29 -30 -31
leaf_value=-0.063964523731049633 -0.048866687846785176 -0.059040979471395992 -0.052732011777959137 0.041367246791368613 -0.054965092249570857 -0.0098511126727732438 -0.070833429913717758 0.02648555861359856 0.026391441519855383 -0.12548220652305819 -0.1168730350408895 0 0.040937303102960558 -0.10394131815855553 0.046260140934564584 -0.069276872247995225 -0.10060484755793295 -0.10617583769461549 -0.046923848286744937 0.043139019949506641 -0.018778202441309844 0.04426580989317104 0.050475946032607542 -0.08923869683598841 0.041728717861228691 0 0.041553734103641 0.046178336992981094 0.053318492667082475 0.018704646233786006
leaf_weight=3.8822987973690024 30.715837150812149 13.901413131505249 15.763330616056917 717.88580206036568 45.60214451700449 26.696816444396973 33.431570917367935 7.1400556564331081 29.693894058465958 15.442570380866526 13.169447258114813 66.496302783489227 19.33504003286362 12.486113671213387 24.66754512488842 14.757073584944008 4.1630892604589453 24.780049473047256 4.3394320011138907 226.83930204063654 31.069063432514668 93.394713930785656 73.888120070099831 31.734304632991552 2596.9614918790758 15.413111820816992 68.652357861399651 1105.8166097551584 881.91500367596745 33.1145970672369
leaf_count=18 477 109 139 318 551 45 206 4 21 71 61 93 6 69 8 107 19 125 24 89 67 34 9 191 1006 23 27 316 53 28
internal_value=0 0.0384503 0.0386878 0.0389396 0.0353725 0.0364901 0.0280182 0.032056 0.0344719 -0.0228718 -0.0604013 0.0379311 0.0390136 -0.0120576 0.044653 0 0.0396204 0.0238563 0.0412563 0.0370683 0.0453552 0.0455911 0.0409343 0.00730648 0.0415324 0.0437413 0.0215103 0.0456069 0.0515922 0.0385645
internal_weight=0 6252.43 6238.53 6222.77 3844.46 3798.86 883.26 849.828 829.519 45.1365 20.3095 784.382 2915.6 31.8212 2378.3 39.4246 2883.78 278.316 2605.46 253.536 2338.88 2335 1326.57 105.622 2601.3 1220.95 99.7214 1121.23 1008.42 126.509
internal_count=4314 3837 3728 3589 2708 2157 774 568 503 92 65 411 1383 75 881 115 1308 259 1049 134 766 748 633 200 1030 433 94 339 115 62
is_linear=0
shrinkage=0.0493048


Tree=38
num_leaves=36
num_cat=0
split_feature=65 97 59 95 64 46 64 15 90 64 49 64 61 11 68 7 97 64 66 64 2 97 80 74 63 87 41 98 49 42 64 95 19 64 45
split_gain=93.6127 54.8714 54.7947 47.9995 148.458 29.8451 144.464 47.5826 173.606 199.74 118.104 83.8009 74.2858 53.3741 32.6238 107.449 26.8537 47.6042 23.0563 45.9077 174.098 25.2979 16.7762 45.077 44.0103 16.299 31.117 8.29918 7.4438 21.8336 5.52688 2.59555 10.1181 1.42774 0.344805
threshold=13.500000000000002 5.6625500000000004 290.00000000000006 -0.15999999999999973 58.650000000000013 14.500000000000002 43.750000000000007 3.5000000000000004 0.06904761904761901 4.8500000000000005 0.080128205128205107 2.0500000000000003 0.12571839080459771 1.0000000180025095e-35 1106.0000000000002 1.0000000180025095e-35 1.040950000000006 3.1500000000000008 1603.0000000000002 31.850000000000005 6.5000000000000009 -2.2738999999999971 37.850000000000001 1.5500000000000003 2.5000000000000004 14.500000000000002 1.2500000000000002 -1.8102499999999997 0.63961038961038974 0.25833333333333336 18.150000000000002 -0.32999999999999929 2.5000000000000004 5.5500000000000007 4.5000000000000009
decision_type=2 2 2 2 2 2 2 2 2 2 2 2 2 2 2 2 2 2 2 2 2 2 2 2 2 2 2 2 2 2 2 2 2 2 2
left_child=1 2 3 16 5 6 7 8 12 -10 11 -9 -5 -12 15 34 18 -18 19 21 -21 -1 28 24 -24 26 -23 -27 -16 -30 31 32 -20 -25 -7
right_child=-2 -3 -4 4 -6 14 -8 10 9 -11 13 -13 -14 -15 22 -17 17 -19 30 20 -22 25 23 33 -26 27 -28 -29 29 -31 -32 -33 -34 -35 -36
leaf_value=-0.069865438395697893 -0.048515254649920653 -0.057896888910167775 -0.051946899600418206 -0.036430209269753488 -0.054464045898754442 0.051556881301351436 -0.081325731781730193 0.040443838180598352 0.026518046328895928 -0.13496559471328978 0.043593057165366961 -0.14538970726383885 0.034554553681394873 0.019706681380211671 0.050457948032737981 -0.1048450894701656 0.04552081271251928 -0.067922587499619116 -0.016556945642085236 -0.087473852814054398 0.051111538081742493 -0.013080440804492898 0.029819138161088186 0.050419405731751792 -0.1305175190746769 0 0.04267743433870707 0.045394809506344204 0.047597427146509698 0 0.05283860957439758 0.044895247688510685 0.03437733331321903 0.021897664403585846 0.025813691075365682
leaf_weight=3.9629170000553122 29.444915559142828 13.488227374851702 15.226602170616387 36.067115247249603 43.797975536435843 30.922724708914757 26.02576681599021 8.5371898859739321 38.222564429044724 34.512746699154377 1539.1819058246911 14.382635436952112 694.41041292250156 291.15325157344341 726.63325238227844 15.153555013239382 23.85322017967701 14.320854242891071 9.0074151232838613 31.812705922871828 70.500768162310123 35.208438046276569 6.3184693958610287 37.544826000928879 8.3417885452508909 6.1044369451701632 62.780415378510952 1076.3735732063651 84.138149067759514 38.397298481315374 846.01469617709517 77.24421177059412 37.194136753678322 28.630877003073692 33.29533738270402
leaf_count=19 477 109 139 96 551 2 143 3 29 181 535 74 416 306 117 77 8 107 20 195 6 68 3 6 41 16 26 317 18 55 55 21 23 25 30
internal_value=0 0.0377544 0.0379887 0.0382367 0.0346301 0.0357212 0.0328055 0.0339715 0.0235402 -0.0484241 0.0384249 -0.0707958 0.0308779 0.0398618 0.0433453 0.0108814 0.0440542 0 0.0447498 0.0399555 0.00679095 0.0427151 0.0459818 0.0215528 -0.0530424 0.0432004 0.0213769 0.0450603 0.0481599 0.0335077 0.0509832 0.0372493 0.0217529 0.0399752 0.0401658
internal_weight=0 6058.76 6045.27 6030.05 3735.67 3691.87 2682.49 2656.47 803.213 72.7353 1853.25 22.9198 730.478 1830.34 1009.38 79.3716 2294.38 38.1741 2256.2 1286.74 102.313 1184.43 930.005 80.836 14.6603 1180.47 97.9889 1082.48 849.169 122.535 969.46 123.446 46.2016 66.1757 64.2181
internal_count=4314 3837 3728 3589 2708 2157 1783 1640 722 210 918 77 512 841 374 109 881 115 766 647 201 446 265 75 44 427 94 333 190 73 119 64 43 31 32
is_linear=0
shrinkage=0.0493048


Tree=39
num_leaves=34
num_cat=0
split_feature=65 97 59 95 64 100 64 92 49 64 68 80 64 57 46 71 89 53 80 92 102 42 3 64 73 7 64 40 62 68 49 38 81
split_gain=87.796 51.4464 51.4166 47.7161 138.878 30.4065 118.602 360.113 47.6168 104.776 55.9749 28.5641 131.322 25.7143 35.4788 24.3129 23.8969 65.7421 18.7383 61.4726 16.5538 34.9511 79.1543 14.7439 14.0533 40.7318 6.70806 4.32453 6.7485 4.05614 1.62475 7.727 2.29284
threshold=13.500000000000002 5.6625500000000004 290.00000000000006 -0.15999999999999973 58.650000000000013 -2.1921499999999976 31.350000000000005 0.56696428571428581 0.44097222222222227 24.950000000000003 1365.0000000000002 38.150000000000013 13.050000000000002 -4.2499999999999991 2.5000000000000004 1.5000000000000002 509.50000000000006 12.500000000000002 39.650000000000013 0.059027777777777755 0.10695735067283876 0.16025641025641021 50.500000000000007 2.6500000000000008 38.350000000000001 3.5000000000000004 26.450000000000003 36.050000000000004 7.5000000000000009 1203.5000000000002 0.87083333333333346 9.5000000000000018 0.55000000000000016
decision_type=2 2 2 2 2 2 2 2 2 2 2 2 2 2 2 2 2 2 2 2 2 2 2 2 2 2 2 2 2 2 2 2 2
left_child=1 2 3 13 5 30 8 -8 11 10 -10 15 -13 14 -1 -7 18 -18 20 23 21 29 -23 -20 26 -26 -22 -21 -29 -15 31 32 -5
right_child=-2 -3 -4 4 -6 6 7 -9 9 -11 -12 12 -14 16 -16 -17 17 -19 19 27 24 22 -24 -25 25 -27 -28 28 -30 -31 -32 -33 -34
leaf_value=0.0302093781978677 -0.048165769741079653 -0.056791586203025296 -0.051178814048188886 0.027785167342212265 -0.053976962696040624 0.0077629041645422012 -0.088777214513799982 0.05242186440817094 0.034102584562459001 -0.094029829075925345 0.0027950050347001348 0.032966273273881901 -0.12024622880264035 0.023280968801274865 -0.096310555209204882 0.043218931285962756 -0.097437303331615002 0.042274399196975967 0.013322097569839781 0.051948780372694722 0.043098645898984302 -0.10153387256748492 0.033766325136619653 -0.077842312691190282 -0.080340376839967378 0.037033370790681176 0.052028694052981259 -0.0035365089447420978 0.044167589883673551 0.045902930010979982 0.053450164925357521 0.045557963549648153 0
leaf_weight=19.163560383021835 28.226924378424883 13.083599898964165 14.706668488681315 8.2738809660077113 42.05805367603898 57.168096520006657 74.329029910266399 106.7987824305892 838.83590504527092 16.687744483351707 176.93582857400179 177.24004101753235 14.434707783162592 50.397437293082476 7.3756967261433592 1756.9570458605886 10.794144712388514 32.330117136240005 2.9877877235412624 48.31440431624651 533.44486068189144 14.37157331779599 38.502070546150208 15.702524382621048 6.9394048638641825 135.64577693119645 1095.5361804664135 10.676119964569807 10.557826995849609 180.50575456768274 246.31334442645311 100.63683314621449 14.103125073015688
leaf_count=15 477 109 139 4 551 68 401 5 499 91 227 117 77 47 38 603 65 15 1 3 180 77 21 99 43 101 86 36 1 53 13 29 23
internal_value=0 0.0370746 0.0373057 0.03755 0.0339121 0.0349773 0.0333168 -0.00484111 0.0356326 0.0266635 0.0287719 0.0401867 0.0207601 0.043461 -0.000351635 0.0421703 0.0440496 0.0043736 0.0447897 0.0199028 0.0457973 0.0332063 -0.000701046 -0.0566304 0.0477433 0.0304313 0.0491817 0.0422749 0.0143688 0.041508 0.0491107 0.0393986 0.00612242
internal_weight=0 5871.81 5858.72 5844.02 3630.77 3588.71 3219.39 181.128 3038.26 1032.46 1015.77 2005.8 191.675 2213.25 26.5393 1814.13 2186.71 43.1243 2143.58 88.2387 2055.34 283.777 52.8736 18.6903 1771.57 142.585 1628.98 69.5484 21.2339 230.903 369.327 123.014 22.377
internal_count=4314 3837 3728 3589 2708 2157 2088 406 1682 817 726 865 194 881 53 671 828 80 748 140 608 198 98 100 410 144 266 40 37 100 69 56 27
is_linear=0
shrinkage=0.0493048


Tree=40
num_leaves=59
num_cat=0
split_feature=65 95 64 52 64 66 80 80 64 19 39 15 65 89 103 56 64 73 56 98 75 57 49 64 101 93 61 4 58 68 1 101 61 52 30 86 80 58 81 64 103 73 3 27 3 14 19 74 75 61 75 72 66 74 98 66 42 17
split_gain=82.3532 50.0206 136.828 32.0042 123.97 102.768 67.8186 93.2078 104.955 36.0217 58.8487 30.988 169.106 30.9494 93.5587 30.9216 90.9025 26.1652 60.8469 32.8016 24.9449 39.018 23.6594 30.2323 20.5695 19.2629 37.6731 32.9737 80.1117 26.1386 80.6826 30.8325 26.3345 20.3851 56.8187 18.0055 17.6423 45.6124 19.3406 268.632 23.6506 23.4141 16.9209 39.1422 14.7796 13.2229 9.02185 8.54721 13.3909 8.49095 24.0905 67.746 5.29992 3.84526 5.87665 2.02207 6.4012 0.945175
threshold=13.500000000000002 -0.15999999999999973 58.650000000000013 8.5000000000000018 22.750000000000004 1680.5000000000002 37.350000000000001 38.650000000000013 2.6500000000000008 38.500000000000007 1.5000000000000002 1.0000000180025095e-35 5.5000000000000009 467.50000000000006 1.8519179247472062 0.58578431372549034 5.7500000000000009 38.350000000000001 0.34313725490196084 -1.3043999999999973 0.57738095238095244 -5.2499999999999991 0.30384615384615393 2.7500000000000004 -1.7102499999999983 -1.0000000180025095e-35 0.044949494949494906 3.5000000000000004 13.500000000000002 1280.0000000000002 1.0000000180025095e-35 -1.3194000000000015 0.19017480409885473 7.5000000000000009 1.0000000180025095e-35 -160.49999999999997 39.150000000000013 -1.4999999999999998 1.6500000000000001 31.350000000000005 0.37147375848455477 38.150000000000013 1.5000000000000002 7.5000000000000009 9.5000000000000018 1.0000000180025095e-35 1.0000000180025095e-35 1.4500000000000002 0.73030303030303034 0.28519290928050056 0.20714285714285713 1.5000000000000002 1097.5000000000002 0.55000000000000016 -0.51690000000000313 1483.5000000000002 0.17156862745098037 1.5000000000000002
decision_type=2 2 2 2 2 2 2 2 2 2 2 2 2 2 2 2 2 2 2 2 2 2 2 2 2 2 2 2 2 2 2 2 2 2 2 2 2 2 2 2 2 2 2 2 2 2 2 2 2 2 2 2 2 2 2 2 2 2
left_child=1 17 3 4 5 6 15 8 -8 11 -11 12 13 14 -5 20 57 24 22 -20 35 -22 23 -19 -1 26 -26 29 -29 30 32 -32 -28 34 -27 -3 38 -38 39 41 -40 -13 -9 -44 45 -24 -42 52 -49 53 -51 -52 -15 54 -35 56 -31 -17
right_child=-2 2 -4 9 -6 -7 7 42 -10 10 -12 36 -14 47 -16 16 -18 18 19 -21 21 -23 44 -25 25 33 27 28 -30 55 31 -33 -34 49 -36 -37 37 -39 40 -41 46 -43 43 -45 -46 -47 -48 48 -50 50 51 -53 -54 -55 -56 -57 -58 -59
leaf_value=-0.059037104968992914 -0.047817423345893055 0.046342282205728551 -0.053411455546050736 -0.16125868796958853 -0.068830016558576151 -0.10900826921770795 0.030377452600039188 0.046258245189782388 -0.11057146710246554 0.038349719801373479 -0.10027922692518323 0.041048349868855978 -0.097829602344391517 0.017630052341640296 0.041452488616969638 0.017794011816685797 -0.11916276859714547 0.04107102581508424 0.019545505690018724 -0.077354208443050465 0.046012146172682164 -0.065456370259665123 -0.081208244357723461 -0.070614120669502387 -0.090613112024515913 -0.091981482451115759 -0.031858402055673134 -0.13812952584291732 0.04749694141330376 0.04483073896699729 0.018101335822465502 -0.12297756620270779 0.04329933436234721 0 0.043577477280429426 0.013430322255111425 0.036681751937725993 -0.09158039674495079 -0.10371658000014775 -0.095117525916641327 0.01990766924014168 0.01745960358215284 -0.098491831603210539 0.038473843114978395 0.048203467792258592 0.026233396155140264 0.048804864121501965 -0.024119954471648476 0.041253196567512258 0.045416965107830699 0.044622297849226368 -0.14461029854916083 0.048621000391369254 0.050730079159120707 0.040126626868415657 0.050905970876799607 0.0081739157394897979 0.05024673654375373
leaf_weight=3.6014075502753249 27.060090199112892 507.46730347722769 43.202495187520981 7.6809477135539082 32.232473600655794 12.523465827107428 19.910472646355629 57.456486634910107 31.164630688726902 17.548399940133098 12.245037151500581 1453.9871497675776 26.094340316951275 29.687844790518284 18.393699109554291 22.174543119966984 11.748836949467657 12.190355077385904 12.048157520592214 19.591349042952061 17.590866714715961 13.394948296248911 4.0020088292658311 10.724803961813448 5.1314433403313151 9.4787666723132116 10.85412525013089 8.7680304050445557 14.722858428955078 54.444852106273174 3.4050757884979239 12.110648654401301 97.274532541632652 14.947582624852656 32.521781116724014 55.901913419365883 26.343040220439434 8.9562485218048078 1.9861758053302754 36.49986444413662 42.898073278367519 130.61995420604944 7.2468516789376762 16.533202931284904 137.28945575281978 7.997440904378891 687.86396333575249 12.168804064393045 16.242517337203026 57.631838615983725 13.191851869225504 6.7523175328969947 151.42804459482431 1261.5459723211825 55.516992092132568 250.04252121597528 26.469207011163235 19.346917137503624
leaf_count=17 477 141 608 41 219 58 14 19 147 6 70 550 141 29 6 19 56 5 11 150 2 42 28 72 27 49 34 48 1 16 1 63 45 18 14 57 16 49 11 169 36 128 38 8 42 7 128 28 6 16 3 37 36 162 26 30 34 3
internal_value=0 0.0364072 0.0326616 0.0337584 0.0247807 0.0287479 0.031124 -0.000116524 -0.0532091 0.0364736 -0.0145071 0.0370937 0.0199786 0.0335665 -0.0136311 0.0376982 0 0.0425529 0.024342 -0.0365481 0.0409266 0 0.0362564 -0.00580901 0.0444033 0.0446612 0.0351075 0.0367233 -0.0166026 0.0397534 0.0186847 -0.0840479 0.0345976 0.047755 0.0099763 0.0432982 0.0389161 0.00056249 0.0394384 0.0360803 0.0466959 0.0391828 0.0317422 0 0.0435459 0 0.0472797 0.0400347 0.00888657 0.0487922 0.028705 -0.0133578 0.0442318 0.0498679 0.0326514 0.0472462 0.0343839 0.0359365
internal_weight=0 5690.79 3548.54 3505.34 824.693 792.46 779.937 132.312 51.0751 2680.64 29.7934 2650.85 261.696 235.602 26.0746 647.625 53.2703 2142.26 203.844 31.6395 594.355 30.9858 172.204 22.9152 1938.41 1934.81 483.223 478.092 23.4909 454.601 123.644 15.5157 108.129 1451.59 42.0005 563.369 2389.15 35.2993 2353.86 1621.11 732.748 1584.61 81.2365 23.7801 149.289 11.9994 730.762 209.527 28.4113 1409.59 77.576 19.9442 181.116 1332.01 70.4646 330.957 80.9141 41.5215
internal_count=4314 3837 2881 2273 823 604 546 226 161 1450 76 1374 287 146 47 320 78 956 315 161 242 44 154 77 641 624 299 272 49 223 143 64 79 325 63 198 1087 65 1022 847 175 678 65 46 77 35 164 99 34 262 56 40 65 206 44 80 50 22
is_linear=0
shrinkage=0.0493048


Tree=41
num_leaves=50
num_cat=0
split_feature=65 95 64 100 64 55 49 64 45 64 0 65 61 99 52 42 64 45 103 66 65 66 64 14 80 97 88 54 6 87 65 39 60 64 60 82 64 83 61 64 61 53 95 86 47 98 86 95 40
split_gain=77.358 49.3082 128.214 31.6744 92.8292 306.142 50.9775 86.4652 65.6889 196.228 58.1692 191.512 28.7082 26.7217 26.6116 72.8174 188.533 108.806 28.3402 26.2843 48.0467 25.0448 54.918 161.4 22.2707 21.5102 19.8369 54.0177 36.6339 18.9566 63.7742 21.4218 24.5766 10.91 37.555 10.6193 9.95482 17.3069 38.8895 10.488 53.7673 7.47974 24.0114 6.70471 6.13075 29.5796 5.29586 3.03969 0.213975
threshold=13.500000000000002 -0.15999999999999973 58.650000000000013 -1.6952999999999958 31.350000000000005 3.7500000000000004 0.44097222222222227 24.950000000000003 9.5000000000000018 6.2500000000000009 1.0000000180025095e-35 5.5000000000000009 0.15849282296650716 0.28975000000000151 8.5000000000000018 0.13809523809523808 9.9500000000000011 4.5000000000000009 0.24330494687510412 1040.0000000000002 1.5000000000000002 1603.0000000000002 31.850000000000005 3.5000000000000004 38.150000000000013 -2.2738999999999971 15.500000000000002 35.850000000000001 4.5000000000000009 14.500000000000002 5.5000000000000009 4.5000000000000009 0.072949002217294862 18.150000000000002 0.018693221523410155 0.19375000000000003 24.050000000000004 1.5500000000000005 0.26111660079051385 16.450000000000003 0.27303030303030307 4.5000000000000009 0.64000000000000035 -380.49999999999994 37.350000000000001 -1.6662999999999959 -1.0000000180025095e-35 -0.21499999999999977 13.750000000000002
decision_type=2 2 2 2 2 2 2 2 2 2 2 2 2 2 2 2 2 2 2 2 2 2 2 2 2 2 2 2 2 2 2 2 2 2 2 2 2 2 2 2 2 2 2 2 2 2 2 2 2
left_child=1 21 3 26 6 -6 14 8 9 12 11 -10 -8 -12 15 41 17 -17 -16 20 -20 22 25 -24 -21 -1 43 -28 -29 30 31 32 -27 34 -23 -36 37 39 -39 47 -41 -5 -43 -3 45 -37 -45 -31 -40
right_child=-2 2 -4 4 5 -7 7 -9 10 -11 13 -13 -14 -15 18 16 -18 -19 19 24 -22 33 23 -25 -26 29 27 28 -30 36 -32 -33 -34 -35 35 44 -38 38 48 40 -42 42 -44 46 -46 -47 -48 -49 -50
leaf_value=-0.063985975711721918 -0.04746943272726982 0.04987242367097075 -0.052970613348139337 0.049381183617550596 -0.083082127175080692 0.051221438158397893 -0.10949366402963388 -0.088946331965773062 0.02292990089716488 -0.11985785019535912 0.042172749247087984 -0.1453490207581539 0.032358181987492796 0.0033169252040420208 -0.14453768812496595 -0.1267585804877556 -0.11636580310099262 0.034376781723324229 0.033241147057739874 0.045270182205186082 -0.10553518075573425 -0.13274565049160569 -0.080540263968774034 0.049892580081175676 0.020309510536927384 -0.13425216571297113 0.041520706883174767 -0.14898480329239136 0.010222556514988951 0.042913524435969221 -0.11045210932607646 0.043995977469529997 0.0082044114863995994 0.051409797550748787 0.044692584541011937 0.037860097580969622 0.050256259584126432 -0.12604894569404182 0.041299185371894621 -0.11473234638979569 0.037669418196957211 -0.043013056755984047 0.04191913578036395 0 0.031367544651365487 -0.11030727191592876 0.036288095064662136 0.017120380202414819 0.0088248036562553235
leaf_weight=3.8525226712226859 25.942657381296158 445.70743352919817 41.458086214959621 201.74706933647394 70.445017870515585 99.150824252516031 3.2147923707962027 15.867836661636828 177.62009161710739 29.072384860366583 523.061125472188 18.007368050515652 91.609396956861019 54.541514381766319 1.6492632403969754 10.584769129753111 26.995881147682667 159.99688269197941 23.601105898618702 1185.5750541239977 8.1079816892743093 2.9011480286717406 36.524324499070644 62.325667694211006 114.22024793922901 3.3792843744158754 38.730936259031296 7.1658306792378408 4.2819121032953262 520.72699778154492 8.2463490664958936 67.158582150936127 14.06337334215641 749.34229631349444 101.10815936326981 7.0496973991394043 369.05595106631517 4.8297805041074779 9.6567211151123065 6.4111869707703582 36.706630632281303 9.3257877081632596 33.819511897861958 16.548277534544468 12.146664418280123 5.2940815612673777 31.120720900595188 28.202967323362827 16.038483701646328
leaf_count=19 477 71 608 40 407 11 15 91 149 145 191 95 60 71 10 54 138 98 13 330 40 17 269 7 108 17 14 37 3 208 46 30 15 77 38 1 43 28 1 37 13 30 14 23 7 29 15 32 22
internal_value=0 0.0358048 0.0320371 0.0331101 0.0308899 -0.00383667 0.0331267 0.0233015 0.0254288 -0.00709229 0.0308006 0.00678181 0.0262006 0.0387194 0.0381081 0.0268163 0.00385232 0.023626 0.0417618 0.0420896 0 0.0420264 0.0369096 0.000429985 0.043173 0.0401086 0.0445534 0.0115707 -0.0787514 0.0405951 0.0169536 0.0308809 -0.0124876 0.0488028 0.0326234 0.0374679 0.0426826 0.0379908 0 0.0398593 0.0120545 0.0448327 0.020662 0.0476548 0.00255001 -0.0157697 0.0242928 0.041816 0.0259007
internal_weight=0 5508.25 3443.23 3401.77 2858.21 169.596 2688.62 912.995 897.127 123.897 773.23 195.627 94.8242 577.603 1775.62 442.47 197.578 170.582 1333.15 1331.5 31.7091 2065.02 1187.18 98.85 1299.8 1088.33 543.555 50.1787 11.4477 1084.48 92.8476 84.6012 17.4427 877.842 128.5 125.599 991.629 622.573 30.525 592.048 43.1178 244.892 43.1453 493.376 24.4904 12.3438 47.669 548.93 25.6952
internal_count=4314 3837 2881 2273 2110 418 1692 817 726 220 506 244 75 262 875 374 290 152 501 491 53 956 787 276 438 511 163 54 40 492 108 62 32 169 92 75 384 341 51 290 50 84 44 109 37 30 38 240 23
is_linear=0
shrinkage=0.0493048


Tree=42
num_leaves=47
num_cat=0
split_feature=65 95 64 100 64 92 49 64 83 45 64 0 80 64 81 82 100 66 65 66 64 14 52 97 88 54 6 87 65 39 60 64 60 64 83 65 82 95 61 67 86 88 47 98 82 95
split_gain=72.6703 48.2655 120.178 30.7111 86.1441 286.086 49.1838 79.9723 65.1656 65.3658 177.504 52.2253 25.5687 115.754 42.8166 58.4386 36.2677 25.8619 88.0716 24.713 51.2452 151.123 21.1168 20.256 19.0612 48.6775 31.9877 18.2516 58.3783 20.1518 21.3076 10.8771 34.3084 10.2176 16.6154 49.716 9.92864 8.61074 36.3436 7.92839 6.75199 10.1858 5.59312 27.0364 4.13356 0.1384
threshold=13.500000000000002 -0.15999999999999973 58.650000000000013 -1.6952999999999958 31.350000000000005 0.56696428571428581 0.44097222222222227 24.950000000000003 -7.4999999999999991 9.5000000000000018 6.2500000000000009 1.0000000180025095e-35 38.150000000000013 13.050000000000002 1.9500000000000002 0.18465909090909091 -1.508799999999997 1040.0000000000002 1.5000000000000002 1603.0000000000002 31.850000000000005 3.5000000000000004 8.5000000000000018 -2.2738999999999971 15.500000000000002 35.850000000000001 4.5000000000000009 14.500000000000002 5.5000000000000009 4.5000000000000009 0.072949002217294862 18.150000000000002 0.018693221523410155 26.450000000000003 1.5500000000000005 2.5000000000000004 0.19375000000000003 -0.29999999999999777 0.25410277105192364 1612.0000000000002 -380.49999999999994 14.500000000000002 37.350000000000001 -1.6662999999999959 0.31009615384615391 -0.45500000000000035
decision_type=2 2 2 2 2 2 2 2 2 2 2 2 2 2 2 2 2 2 2 2 2 2 2 2 2 2 2 2 2 2 2 2 2 2 2 2 2 2 2 2 2 2 2 2 2 2
left_child=1 19 3 24 6 -6 12 8 -8 10 -10 -11 16 14 15 -14 -5 18 -18 20 23 -22 -19 -1 40 -26 -27 28 29 30 -25 32 -21 34 37 -36 45 39 -39 -29 -3 -42 43 -38 -16 -34
right_child=-2 2 -4 4 5 -7 7 -9 9 11 -12 -13 13 -15 44 -17 17 22 -20 31 21 -23 -24 27 25 26 -28 33 -30 -31 -32 -33 36 -35 35 -37 42 38 -40 -41 41 -43 -44 -45 -46 -47
leaf_value=-0.061608111762127778 -0.047121065322129986 0.0493671988076348 -0.052539642822168463 -0.15734794930406545 -0.080363813565472925 0.051308307915477483 -0.16899156044309507 -0.086134550044909261 0.025380607327448124 0.0082268210882749885 -0.1137736437270557 0.038959579794596015 0.019959026271463867 -0.11265626028476711 0.020430821196444775 -0.11487329102626269 0.0404082466326934 0.029219653143968734 -0.11244288622349967 -0.12380612266367545 -0.078879519584712773 0.049445607963188053 0.044535762614441601 -0.12227942381743531 0.04073610893312582 -0.13691756333447838 0.0097922828666418375 0.043754649996751993 -0.10525250178941344 0.043238146025729306 0.0078450524333721679 0.051029233933052025 0.024453191087835592 0.050611424126756517 0.035371881814441751 -0.1174337885746113 0.037096492081253589 -0.036715310268223264 0.038478415249950389 0.0098735392976563845 -0.001771329733269632 0.040365327978856558 0.030523608190151742 -0.10537806492283613 0.051395656960077848 0.048960174903103212
leaf_weight=3.8064166381955138 24.872879169881344 428.49934881925583 39.779519516974688 1.9826365187764157 69.469897026196122 94.498350448906422 3.9968431890010825 15.586121618747709 92.88722587376833 191.53609327971935 29.11717750877142 558.84747311472893 30.64549645781517 14.587105520069597 28.728140980005264 10.154492586851118 39.625168830156326 340.72056770324707 11.810707569122313 2.95817045867443 35.481488857418299 59.850546181201935 1145.1447908207774 3.526507407426835 37.560668662190437 7.4092409461736661 4.251935213804245 493.89188969135284 8.2291032485663873 65.020832274109125 13.985977701842785 718.48002257570624 24.969336554408073 314.02948228269815 23.568074211478237 6.58831463754177 6.8459172248840332 18.123073540627956 74.794678963720798 27.368323422968388 15.755626328289507 31.087071843445301 11.874903216958044 5.2706340849399584 96.731812193989754 72.789506323635578
leaf_count=19 477 71 608 12 413 5 23 91 75 235 145 248 28 82 30 49 18 248 60 17 269 7 333 17 14 37 3 180 46 30 15 77 22 31 14 37 1 53 40 29 26 12 7 29 15 16
internal_value=0 0.0352094 0.0314305 0.0324807 0.0302659 -0.00372531 0.0324472 0.0226911 0.0247717 0.0258085 -0.00683308 0.0312814 0.0374334 0.0185523 0.0308326 -0.0106214 0.0395705 0.0399088 0.00284345 0.0414849 0.0363252 0.000369463 0.0411081 0.0394624 0.043962 0.0112537 -0.0729189 0.0399496 0.0164476 0.0301264 -0.0114582 0.0483621 0.0319898 0.042045 0.0376745 0 0.0368298 0.0394312 0.0224665 0.042215 0.0470864 0.023549 0.00248604 -0.0147671 0.0453036 0.0439829
internal_weight=0 5331.87 3340.41 3300.63 2776.07 163.968 2612.1 891.971 876.385 872.388 122.004 750.384 1720.13 180.847 166.26 40.8 1539.28 1537.3 51.4359 1991.45 1148.26 95.332 1485.87 1052.93 524.564 49.2218 11.6612 1049.13 90.7624 82.5333 17.5125 843.188 124.708 958.364 644.334 30.1564 121.75 614.178 92.9178 521.26 475.342 46.8427 23.9915 12.1166 125.46 97.7588
internal_count=4314 3837 2881 2273 2110 418 1692 817 726 703 220 483 875 204 122 77 671 659 78 956 787 276 581 511 163 54 40 492 108 62 32 169 92 384 353 51 75 302 93 209 109 38 37 30 45 38
is_linear=0
shrinkage=0.0493048


Tree=43
num_leaves=49
num_cat=0
split_feature=65 95 64 100 64 61 49 64 68 64 101 92 64 90 80 64 81 58 71 62 66 64 14 66 65 97 87 65 39 60 0 38 64 65 64 60 90 64 83 65 95 61 67 82 3 98 98 98
split_gain=68.2335 47.4947 112.569 30.3154 93.2203 279.143 45.1848 82.8164 55.2534 177.58 79.3331 51.0129 73.4856 37.5912 25.9379 105.65 40.036 54.5656 26.1449 98.2783 24.4415 47.774 141.553 19.4567 85.1731 19.0837 17.5429 53.5251 18.9531 18.6673 16.2329 14.211 11.683 37.1612 10.7744 31.4767 10.6526 10.4931 15.6711 45.2673 8.40501 33.6953 7.70715 3.85169 1.28523 2.5044 4.34765 7.63427
threshold=13.500000000000002 -0.15999999999999973 58.650000000000013 -2.1921499999999976 31.350000000000005 0.49242424242424249 0.44097222222222227 24.950000000000003 1365.0000000000002 11.850000000000003 -0.61720000000000386 -0.074175824175824134 3.6500000000000008 0.16025641025641021 38.150000000000013 13.050000000000002 1.9500000000000002 -7.4999999999999991 1.5000000000000002 5.5000000000000009 1603.0000000000002 31.850000000000005 3.5000000000000004 1040.0000000000002 1.5000000000000002 -2.2738999999999971 14.500000000000002 5.5000000000000009 4.5000000000000009 0.072949002217294862 7.5000000000000009 19.000000000000004 4.3500000000000005 2.5000000000000004 18.150000000000002 0.018693221523410155 -1.0000000180025095e-35 26.450000000000003 1.5500000000000005 2.5000000000000004 -0.29999999999999777 0.25410277105192364 1612.0000000000002 0.31009615384615391 20.500000000000004 0.96255000000000035 -1.8102499999999997 -1.0055499999999993
decision_type=2 2 2 2 2 2 2 2 2 2 2 2 2 2 2 2 2 2 2 2 2 2 2 2 2 2 2 2 2 2 2 2 2 2 2 2 2 2 2 2 2 2 2 2 2 2 2 2
left_child=1 20 3 31 6 -6 14 8 11 10 -10 12 -8 -13 18 16 17 -16 19 -5 21 25 -23 24 -20 -1 27 28 29 -27 -25 32 -3 -34 35 -22 -37 38 40 -40 42 -42 -28 -18 -38 46 -46 -48
right_child=-2 2 -4 4 5 -7 7 -9 9 -11 -12 13 -14 -15 15 -17 43 -19 23 -21 34 22 -24 30 -26 26 37 -29 -30 -31 -32 -33 33 -35 -36 36 44 -39 39 -41 41 -43 -44 -45 45 -47 47 -49
leaf_value=-0.059358109926276638 -0.046771606299057404 0.036025570935608403 -0.052117546783118356 -0.1271224102087368 -0.079819016712637289 0.050575426609756946 0.040378521521471283 -0.08533613145964733 0.031035538172196717 -0.13979523187262471 -0.0864526856455822 0.03587075522538976 -0.12419433728009678 -0.013636627077882478 0.036824496612920164 -0.10776365232799164 0.01968440432725755 -0.076941170813738691 0.041471629683756166 0.038466815315619698 -0.11600308990222094 -0.077297366537669443 0.049000648246596119 0.042052378201502177 -0.11082460599576664 -0.11247308781447324 0.043058794077617306 -0.10052289291467954 0.042479057714448071 0.0074996809841738673 0 0.051299020831424652 0.035936661605826772 -0.12238671830982258 0.050653686858848933 0 0.047107041163614548 0.05022723693624126 0.034542887026157487 -0.11169916738841416 -0.034352729132561405 0.037690335554501325 0.009452375871305662 0.050196948531995481 0.036336622575745048 0.039145199940397328 0.0040701514924566876 -0.074476777471944158
leaf_weight=3.7584177255630484 23.849042572081089 27.939652346074581 38.16509023681283 10.841772355139254 70.656863626092672 91.1651211977005 12.581280380487444 16.240045797079802 132.33186976611614 19.584694270044565 15.17158944159746 701.05944124236703 12.32584462314844 35.600981317460537 22.748034954071045 14.501136559993027 28.358116388320923 17.866450846195221 43.506458841264248 42.912277370691299 3.0025769844651213 34.449150495231152 57.476014636456966 1466.4974011480808 11.035227969288824 3.6446746587753305 477.54059402272105 8.1938907578587514 62.971848271787167 13.91219499707222 28.331289477646351 276.49382539838552 9.253492057323454 5.3884794861078253 688.85971900820732 12.918537631630896 76.950136378407478 301.15182249993086 22.95999659597874 6.5867735370993605 18.409282267093658 72.648668233305216 27.18449705094099 93.362722560763359 6.6501398086547825 12.6153714209795 5.3424329236149752 3.6100172549486214
leaf_count=19 477 14 608 53 425 8 4 96 80 99 57 380 61 75 10 82 30 68 19 20 17 269 7 524 57 17 180 46 30 15 36 27 2 29 77 22 25 31 14 37 53 40 29 17 1 3 4 20
internal_value=0 0.0345986 0.0308023 0.0318288 0.0301118 -0.00559569 0.0322781 0.0232041 0.0252392 0 0.0180912 0.0308729 -0.0361368 0.0333089 0.0370246 0.0177667 0.0297662 -0.0101849 0.0390709 0.0026976 0.0409444 0.0357373 0.000306902 0.0402525 0.00832969 0.0388115 0.0392994 0.0159517 0.0293841 -0.0105066 0.0413339 0.0469677 0.0159069 -0.014005 0.0479308 0.031404 0.0362372 0.0414004 0.0369481 0 0.0386885 0.0217528 0.0414959 0.044117 0.0414794 0.0216932 0 -0.0139287
internal_weight=0 5164.76 3243.92 3205.75 2886.68 161.822 2724.86 944.896 928.656 167.088 147.503 761.568 24.9071 736.66 1779.96 176.836 162.335 40.6145 1603.12 53.754 1920.84 1110.89 91.9252 1549.37 54.5417 1018.96 1015.2 88.7226 80.5287 17.5569 1494.83 319.075 42.5816 14.642 809.949 121.089 118.087 926.482 625.33 29.5468 595.783 91.058 504.725 121.721 105.168 28.218 15.6026 8.95245
internal_count=4314 3837 2881 2273 2201 433 1768 852 756 236 137 520 65 455 916 207 125 78 709 73 956 787 276 636 76 511 492 108 62 32 560 72 45 31 169 92 75 384 353 51 302 93 209 47 53 28 25 24
is_linear=0
shrinkage=0.0493048


Tree=44
num_leaves=62
num_cat=0
split_feature=65 95 64 88 64 46 64 15 90 64 49 64 64 11 64 61 64 19 5 68 7 90 55 89 53 48 65 99 85 64 53 80 74 63 57 1 61 98 53 41 64 64 63 19 64 82 102 3 49 42 57 60 19 7 80 54 93 64 57 57 80
split_gain=64.0776 46.5174 105.474 31.221 30.9741 29.9362 93.4263 48.3186 155.587 143.827 106.242 69.4744 63.6979 52.4419 197.875 51.9084 102.143 37.5329 33.6981 33.6201 87.9916 33.5194 70.8565 23.3005 53.3906 19.6122 65.5305 27.0854 52.4709 21.5599 15.9461 15.6212 36.6758 29.4353 13.9738 35.9813 13.4858 24.7246 12.301 12.1375 29.7709 67.3651 12.1862 11.9236 12.3045 9.88443 9.31272 57.2831 8.26843 21.6796 76.9403 5.11853 3.93282 14.9682 2.78756 1.79604 2.63606 1.74495 1.51751 8.59305 0.707416
threshold=13.500000000000002 -0.15999999999999973 58.650000000000013 16.500000000000004 3.1500000000000008 14.500000000000002 43.750000000000007 3.5000000000000004 0.06904761904761901 4.5500000000000007 0.080128205128205107 29.350000000000005 2.0500000000000003 1.0000000180025095e-35 13.250000000000002 0.12571839080459771 3.6500000000000008 3.5000000000000004 4.5000000000000009 1106.0000000000002 1.0000000180025095e-35 -0.17914438502673793 0.55000000000000016 509.50000000000006 12.500000000000002 1.4500000000000002 8.5000000000000018 -0.3102499999999998 57.250000000000007 18.150000000000002 7.5000000000000009 37.850000000000001 1.5500000000000003 2.5000000000000004 0.75000000000000011 2.5000000000000004 0.087595907928388714 -0.72985000000000244 12.500000000000002 0.25000000000000006 6.3500000000000005 6.4500000000000011 8.5000000000000018 12.500000000000002 2.0500000000000003 0.39444444444444454 0.10695735067283876 17.500000000000004 0.63961038961038974 0.25833333333333336 17.500000000000004 0.027973395931142352 23.500000000000004 14.500000000000002 36.150000000000013 36.650000000000013 0.18465909090909091 5.5500000000000007 3.2500000000000004 2.7500000000000004 37.650000000000013
decision_type=2 2 2 2 2 2 2 2 2 2 2 2 2 2 2 2 2 2 2 2 2 2 2 2 2 2 2 2 2 2 2 2 2 2 2 2 2 2 2 2 2 2 2 2 2 2 2 2 2 2 2 2 2 2 2 2 2 2 2 2 2
left_child=1 3 5 23 -5 6 7 8 11 34 12 15 -9 21 18 16 -3 -17 -15 20 45 22 -12 25 -25 29 27 28 -27 36 -23 48 33 -33 35 -10 37 -1 -29 40 42 -42 -38 44 -40 -7 47 -31 54 -50 -51 -39 53 -41 58 -48 -57 -34 59 -21 -11
right_child=-2 2 -4 4 -6 19 -8 10 9 60 13 -13 -14 14 -16 17 -18 -19 -20 31 -22 30 -24 24 -26 26 -28 38 -30 46 -32 32 57 -35 -36 -37 39 51 43 52 41 -43 -44 -45 -46 -47 55 -49 49 50 -52 -53 -54 -55 -56 56 -58 -59 -60 -61 -62
leaf_value=-0.12957062482401346 -0.046420385419801161 0.03560236452150977 -0.051703375016987969 0.031858260249897463 -0.092202007855716764 0 -0.068774449766736884 0.035057344029246554 -0.1277771754555026 -0.13865358867703839 0.033307655561465185 -0.079106866379105606 -0.1339560029586567 0.035694500763643243 -0.11102561229865733 0.038511604821837901 -0.1502789376081326 0.0066652946397526861 -0.029617299077798108 -0.010908424794992344 -0.097202912602986025 0.030757923181686183 -0.14677035499482957 -0.089506663106126053 0.039452378417528369 -0.09977929006604852 -0.069975117201816692 0.04611233162680025 0.041204852146036926 -0.089712521413423105 0.044714828480411521 0.022123047051147378 0.047875331906468463 -0.10889183822513586 0.042329387985108963 0.037665767969739417 0 0 0.012499271829080429 0.039081869536198417 0.042988282549911071 -0.13345623706208809 0.044093386904326272 0.03344544810911497 -0.085694614378192882 0.048533492773391064 0.051674478853965131 0.04413852580604366 0.044497539926408876 -0.13246625775471463 0.038762333361105884 0.040120425758694352 0.049171245087155334 0 0.048983838243715869 0.031180141524162517 0.050664912201138133 0.017191695169379996 0.045897333380655159 0.038208959501071879 -0.077502429968996159
leaf_weight=3.0523175969719913 22.869455918669701 17.453443422913555 36.613061379641294 9.6065682023763674 8.4855918660759908 14.822882756590841 23.17183155938983 7.0732412189245251 4.9089429378509504 22.948978219181299 18.512301027774814 14.290430765599011 14.468963667750357 210.79776542633772 26.874317381531 458.29720004275441 11.442603170871733 124.29946482181549 19.004301525652409 11.892643600702288 15.363285657018421 348.22772351652384 7.1894748769700518 10.834987873211501 27.408230718225241 10.207034170627596 15.011308535933493 160.01282066851854 16.20346437394619 8.2921867147088033 905.07308709993958 5.5015336852520695 31.538399919867516 8.7351791113615018 22.771591439843178 7.5290408134460449 25.730632677674294 13.195955585688354 2.9097664356231689 196.16054677218199 10.940958023071291 9.1116525009274465 65.892104774713516 14.745459750294685 5.6822295561432838 39.905444517731667 795.94738476909697 65.165696382522583 70.576532997190952 8.4191663004457933 25.727598138153553 12.845479436218737 168.13737899810076 22.261486798524857 545.94751916080713 94.74129962362349 80.541749749332666 24.856570944190025 14.962327003479002 17.056687332689762 13.28715258091688
leaf_count=17 477 8 608 4 47 29 151 3 25 128 8 82 78 113 155 223 64 153 47 24 86 234 41 69 15 59 140 58 3 45 270 4 6 42 9 1 35 21 1 100 1 48 24 6 31 7 49 23 19 49 9 4 36 37 95 75 8 28 2 4 76
internal_value=0 0.0339988 0.0301924 0.0404004 -0.0195324 0.0311961 0.028075 0.0291267 0.0179555 -0.0503708 0.0340481 0.0259573 -0.0727307 0.0356285 0.0145123 0.0286202 -0.0337973 0.0319313 0.0297487 0.0395559 0.00481374 0.0397685 -0.012361 0.0410594 0 0.0418722 0.0267599 0.0342856 -0.0086384 0.0439533 0.0409371 0.0425753 0.0174252 -0.0496181 0.0175525 -0.0178309 0.0349351 0 0.0411471 0.0368445 0.0202017 -0.0310858 0.0327906 0.00176486 -0.038107 0.0357651 0.0483851 0.0273024 0.0449528 0.0288363 0 0.0178289 0.0413287 0.0347157 0.0476016 0.0498506 0.0408507 0.0365734 0.0275616 0.0137517 -0.119753
internal_weight=0 5002.66 3149.54 1853.12 18.0922 3112.93 2277.62 2254.45 697.229 71.4457 1557.22 625.783 21.5422 1535.68 256.676 611.493 28.896 582.597 229.802 835.306 70.0916 1279 25.7018 1835.03 38.2432 1796.79 224.772 209.761 26.4105 1572.02 1253.3 765.214 70.6317 14.2367 35.2096 12.438 527.329 29.0938 183.35 498.235 111.675 20.0526 91.6227 23.3375 8.592 54.7283 1044.69 73.4579 694.582 104.723 34.1468 26.0414 386.559 218.422 589.859 971.23 175.283 56.395 43.9117 28.9493 36.2361
internal_count=4314 3837 2881 956 51 2273 1869 1718 769 239 949 530 81 868 315 448 72 376 160 404 122 553 49 905 84 821 298 158 62 523 504 282 80 46 35 26 323 42 96 281 108 49 59 38 32 36 200 68 202 77 58 25 173 137 125 132 83 34 30 28 204
is_linear=0
shrinkage=0.0493048


Tree=45
num_leaves=48
num_cat=0
split_feature=65 95 64 100 64 55 49 64 68 64 101 92 64 41 88 64 80 64 74 71 62 66 64 14 81 87 41 64 66 65 80 38 98 67 67 64 83 61 64 60 38 64 99 19 45 15 85
split_gain=60.188 45.6684 98.8351 29.8001 81.1875 247.306 44.0252 72.7082 51.865 151.109 70.4958 45.8202 63.0683 37.6354 29.3746 28.5371 24.3209 92.6911 42.6165 24.1695 86.8363 22.607 40.2197 122.713 22.1406 18.5402 32.3164 61.3998 17.9749 76.8437 16.6787 14.0614 14.0447 10.7138 30.2547 10.2698 14.7893 28.5688 9.24667 21.8769 24.279 8.5511 6.755 2.04669 2.83438 1.45555 5.71848
threshold=13.500000000000002 -0.15999999999999973 58.650000000000013 -2.1921499999999976 31.350000000000005 3.7500000000000004 0.44097222222222227 24.950000000000003 1365.0000000000002 11.850000000000003 -0.61720000000000386 -0.074175824175824134 3.6500000000000008 0.35000000000000003 16.500000000000004 3.1500000000000008 38.150000000000013 13.050000000000002 0.45000000000000007 1.5000000000000002 5.5000000000000009 1603.0000000000002 31.850000000000005 3.5000000000000004 1.9500000000000002 14.500000000000002 1.2500000000000002 3.6500000000000008 1040.0000000000002 1.5000000000000002 35.550000000000004 19.000000000000004 -1.8102499999999997 1182.5000000000002 1679.0000000000002 24.050000000000004 1.5500000000000005 0.26111660079051385 18.150000000000002 0.04784798534798531 95.000000000000014 16.450000000000003 0.022899999999999903 23.500000000000004 95.000000000000014 9.5000000000000018 54.500000000000007
decision_type=2 2 2 2 2 2 2 2 2 2 2 2 2 2 2 2 2 2 2 2 2 2 2 2 2 2 2 2 2 2 2 2 2 2 2 2 2 2 2 2 2 2 2 2 2 2 2
left_child=1 14 3 31 6 -6 16 8 11 10 -10 12 -8 -13 21 -16 19 18 -18 20 -5 22 25 -24 -20 26 27 -1 29 -21 -30 33 42 -3 -35 36 41 -38 39 40 -23 -34 -27 44 -28 -41 -47
right_child=-2 2 -4 4 5 -7 7 -9 9 -11 -12 13 -14 -15 15 -17 17 -19 24 28 -22 38 23 -25 -26 32 43 -29 30 -31 -32 -33 35 34 -36 -37 37 -39 -40 45 -42 -43 -44 -45 -46 46 -48
leaf_value=0.024380507221092588 -0.046066763757706429 0.03409967002292668 -0.051296212403957354 -0.11834518342335984 -0.076830338723648806 0.049916914422707223 0.038846946710409634 -0.081421170890526334 0.029362422662638873 -0.12797637668316125 -0.080673033686347498 -0.022925238310460054 -0.11486502531902698 0.034149494596423392 0.03108349655576469 -0.088917888510510371 -0.082301638599001151 -0.10146007633762724 0 0.040414058577317634 0.037436124338847715 -0.11922425109146717 -0.075084405125624795 0.048218360181645527 0.045401852250014876 -0.064483779648485881 0 -0.11818764910454155 0.023998176124883377 -0.10570544035554268 0.042228398607457057 0.050652441556905223 0.039839918492810322 -0.11909997465297316 0.02874398162846295 0.049363389799860706 -0.11177183165412491 0.022986043297061113 0.050258678218546439 0.043385398839285529 0.022873972387985275 0.010399865354688939 0.011424550170010057 0.047400136622344012 0.035176621231837499 0.040288537658111981 -0.0015684544984942998
leaf_weight=18.631199285387996 21.932461302727461 27.19705855101347 35.121675442904234 10.954228214919565 67.163723569363356 83.951414031907916 11.896651744842531 15.741296410560606 125.7947076484561 20.077688369899988 15.476730823516844 26.648754522204399 12.444544203579424 671.17295322567225 9.3674667328596133 8.3693322688341123 7.3536445721983901 14.301897365599869 34.256536707282066 41.347834601998329 40.943199999630451 4.6795327030122262 31.086921138688922 52.849315255880356 112.22812943905592 4.3136441260576239 9.0476395711302775 11.199375741183756 173.53216640651226 10.898835010826586 1230.4272092208266 256.13702408224344 480.72770938277245 4.8607764542102787 8.7356316149234772 312.32344757765532 4.5233579203486469 23.650348626077175 632.35782930254936 76.190843716263771 5.0294070690870285 37.59024178981781 2.9373965263366699 33.991777278482914 7.2948555573821059 11.69759286940098 9.7351013571023923
leaf_count=14 477 15 608 53 422 11 4 96 80 99 57 59 61 396 4 47 35 82 54 19 20 28 255 7 36 24 21 62 132 57 428 27 226 27 3 38 26 24 71 28 2 45 1 6 2 4 21
internal_value=0 0.0334124 0.0295925 0.0305738 0.028834 -0.00559835 0.0309026 0.0217414 0.0237233 -0.000808615 0.0164112 0.0293763 -0.0346884 0.0317907 0.0398781 -0.0186054 0.0357426 0.0165882 0.028391 0.0377952 0.00210413 0.0405349 0.0353253 0.00105873 0.0348143 0.0382334 0.0131357 -0.0250544 0.0389817 0.00750556 0.0400643 0.0461257 0.0404123 0.0146389 -0.0151538 0.0410404 0.0360535 0 0.0476201 0.0309056 -0.0330296 0.0379455 -0.0167551 0.0382395 0.0115337 0.0385467 0.0155115
internal_weight=0 4846.26 3058.66 3023.54 2726.61 151.115 2575.5 899.253 883.512 161.349 141.271 722.163 24.3412 697.822 1787.59 17.7368 1676.24 168.14 153.838 1508.1 51.8974 1769.86 1030.17 83.9362 146.485 946.231 80.1648 29.8306 1456.21 52.2467 1403.96 296.93 866.066 40.7935 13.5964 858.815 546.492 28.1737 739.69 107.332 9.70894 518.318 7.25104 50.3343 16.3425 97.6235 21.4327
internal_count=4314 3837 2881 2273 2201 433 1768 852 756 236 137 520 65 455 956 51 916 207 125 709 73 905 751 262 90 489 105 76 636 76 560 72 384 45 30 359 321 50 154 83 30 271 25 29 23 53 25
is_linear=0
shrinkage=0.0493048


Tree=46
num_leaves=51
num_cat=0
split_feature=65 95 64 100 64 61 49 64 68 64 3 41 11 90 88 64 78 64 58 71 80 64 66 64 14 66 75 81 87 41 64 80 38 98 42 64 83 61 67 67 64 60 45 64 99 5 45 68 85 86
split_gain=56.5181 44.7955 92.5883 29.302 75.1023 231.548 42.5911 67.2931 48.4433 135.072 67.073 42.3684 70.2141 40.7747 27.6232 26.3307 23.2028 96.5328 36.0526 109.373 22.64 91.7638 22.35 37.4487 115.039 21.455 28.4534 20.8872 17.5305 29.9601 55.4887 17.0159 13.7373 13.1453 12.7326 10.5993 14.0323 25.7925 9.85152 27.3423 9.30438 20.2347 22.0972 8.26958 6.30159 4.03723 3.07157 10.6932 1.54612 6.6339
threshold=13.500000000000002 -0.15999999999999973 58.650000000000013 -2.1921499999999976 31.350000000000005 0.49242424242424249 0.44097222222222227 24.950000000000003 1365.0000000000002 11.850000000000003 14.500000000000002 0.35000000000000003 1.5000000000000002 0.16025641025641021 16.500000000000004 3.1500000000000008 5.5000000000000009 14.65 2.5000000000000004 6.5000000000000009 38.150000000000013 11.15 1603.0000000000002 31.850000000000005 3.5000000000000004 1021.5000000000001 0.80625000000000013 1.7500000000000002 14.500000000000002 1.2500000000000002 3.6500000000000008 35.550000000000004 19.000000000000004 -1.8102499999999997 0.40588235294117653 24.050000000000004 1.5500000000000005 0.26111660079051385 1182.5000000000002 1679.0000000000002 18.150000000000002 0.04784798534798531 95.000000000000014 16.450000000000003 0.022899999999999903 4.5000000000000009 95.000000000000014 560.50000000000011 54.500000000000007 13.500000000000002
decision_type=2 2 2 2 2 2 2 2 2 2 2 2 2 2 2 2 2 2 2 2 2 2 2 2 2 2 2 2 2 2 2 2 2 2 2 2 2 2 2 2 2 2 2 2 2 2 2 2 2 2
left_child=1 14 3 32 6 -6 16 8 11 10 -10 12 -8 -13 22 -16 17 18 34 -20 25 27 23 28 -25 26 -18 -22 29 30 -1 -27 38 44 -5 36 43 -38 -3 -40 41 42 -24 -35 -30 46 47 -31 -43 -50
right_child=-2 2 -4 4 5 -7 7 -9 9 -11 -12 13 -14 -15 15 -17 20 -19 19 -21 21 -23 40 24 -26 31 -28 -29 33 45 -32 -33 -34 35 -36 -37 37 -39 39 -41 -42 48 -44 -45 -46 -47 -48 -49 49 -51
leaf_value=0.023598065256167807 -0.045710114665246514 0.033223940123000548 -0.050895177469174893 0.041034423030331738 -0.075136277252886532 0.049567671837363221 -0.12275597817454879 -0.079075159670996847 -0.052820332813531878 -0.12001307296033638 0.033176894657511447 0.034110886872288533 0.030150179119258838 -0.017915571084835276 0.030314180223024356 -0.085877512427000244 -0.10615578145129312 -0.096436368189222604 -0.12912455700208456 0.032182426273393204 -0.020840606023651096 -0.10625660600111379 -0.11315678534268986 -0.073667080047021383 0.047776872222780549 0.020490868842920808 0.028729723925633444 0.040778835132534996 -0.062425010172646116 0.031941535972646061 -0.11208789551017091 0.043150224676654372 0.050292504257667181 0.039096837781933777 0.0063300454739890618 0.048977756491386859 -0.10570513791434565 0.022204459002730409 -0.11263935380999378 0.027994988475824562 0.049908021069642761 0.046025121595701976 0.022286068505620878 0.0099590172204286898 0.010972816405376234 0.049109691331306327 0.034427619393656156 -0.07005174143814466 -0.0043315670523991342 0.034476568545066984
leaf_weight=18.30923388898373 21.036439910531044 26.554821036756039 33.68916404619813 221.04331368207932 65.382819229736924 80.527493789792061 11.715430691838266 15.418301548808811 26.55143803358078 20.349006853997707 112.38920819759369 640.92552192509174 17.195558845996857 35.601354047656059 9.1382883489131945 8.2427579164504987 5.5296159684658042 15.326413657516239 13.537081673741339 40.20051734149456 12.803654372692106 12.856330081820486 4.6945913843810541 30.147055190056562 50.760453499853611 111.13110962510109 10.140787109732626 90.900698445737362 4.2392142973840228 5.4175004959106463 11.227579917758701 1053.4019691869617 245.51642138510942 466.08187828585505 39.010216802358627 299.58097042888403 4.5484084859490421 23.286220654845238 4.8873798549175236 8.5331682413816452 606.06045771017671 56.985085666179657 4.9400377422571182 37.327083721756935 2.9096500873565674 32.210444085299969 7.0919374004006377 4.129709504544735 8.8703952953219396 28.862992957234383
leaf_count=14 477 15 608 90 425 8 58 96 74 99 63 371 10 81 4 47 32 82 69 24 30 69 28 255 7 89 6 44 24 1 62 332 27 226 49 38 26 24 27 3 71 18 2 45 1 4 2 22 19 16
internal_value=0 0.0328191 0.0289876 0.0299466 0.0282055 -0.005465 0.0302156 0.0211171 0.0230504 -0.00075718 0.0158392 0.0286022 -0.0275867 0.0311885 0.0393454 -0.0177084 0.0350639 0.0224216 0.028633 -0.00619613 0.038176 0.0156292 0.0399993 0.0347456 0.000977264 0.0402969 -0.0110765 0.0319681 0.0375913 0.0128311 -0.0238438 0.0410953 0.0456791 0.0397584 0.0363081 0.0403827 0.0352989 0 0.0142186 -0.0141337 0.0471972 0.0302507 -0.0310156 0.0371841 -0.0153297 0.0375514 0.00766396 0 0.0378039 0.0220654
internal_weight=0 4696.18 2971.12 2937.43 2651.94 145.91 2506.03 880.146 864.728 159.29 138.941 705.438 28.911 676.527 1725.06 17.381 1625.88 329.118 313.791 53.7376 1296.76 116.561 1707.68 997.267 80.9075 1180.2 15.6704 103.704 916.36 78.3864 29.5368 1164.53 285.492 837.973 260.054 830.825 531.244 27.8346 39.9754 13.4205 710.414 104.353 9.63463 503.409 7.14886 48.8496 16.6391 9.54721 94.7185 37.7334
internal_count=4314 3837 2881 2273 2201 433 1768 852 756 236 137 520 68 452 956 51 916 314 232 93 602 143 905 751 262 459 38 74 489 105 76 421 72 384 139 359 321 50 45 30 154 83 30 271 25 29 25 23 53 35
is_linear=0
shrinkage=0.0493048


Tree=47
num_leaves=61
num_cat=0
split_feature=65 95 64 46 64 15 90 64 49 19 49 64 38 88 11 64 61 103 68 7 20 88 88 64 66 98 64 100 67 90 100 102 68 80 74 63 93 68 64 52 65 57 1 82 73 80 57 48 3 49 102 39 64 40 82 53 55 55 64 64
split_gain=53.0813 43.8748 86.7539 29.2506 74.8901 44.8659 135.081 125.27 95.9317 56.3754 159.252 55.199 51.5003 46.9299 43.2727 164.443 37.9355 36.3258 30.5922 78.5497 26.2446 25.978 24.4144 24.3265 22.2889 27.4878 139.805 35.266 25.8566 20.8495 20.3227 95.422 18.0323 14.2431 30.9912 23.4494 14.1892 23.1328 93.8966 15.9134 23.1711 13.9414 31.4512 8.94754 8.07465 7.90456 35.333 50.9682 6.67046 5.33994 15.6996 27.0723 1.58038 1.30641 0.973676 1.72473 0.535863 1.52023 0.234391 7.03927
threshold=13.500000000000002 -0.15999999999999973 58.650000000000013 14.500000000000002 43.750000000000007 3.5000000000000004 0.06904761904761901 4.5500000000000007 0.080128205128205107 3.5000000000000004 0.39444444444444454 2.0500000000000003 1.5000000000000002 7.5000000000000009 1.0000000180025095e-35 13.450000000000001 0.17868968779564801 0.40743068003746979 1106.0000000000002 1.0000000180025095e-35 1.0000000180025095e-35 16.500000000000004 11.500000000000002 3.1500000000000008 1698.5000000000002 -0.2171999999999982 14.15 -1.6144000000000032 488.50000000000006 -0.17914438502673793 -0.013600000000000247 0.30644529328268694 329.00000000000006 37.850000000000001 1.5500000000000003 2.5000000000000004 -1.0000000180025095e-35 1280.0000000000002 8.9500000000000011 8.5000000000000018 2.5000000000000004 0.75000000000000011 2.5000000000000004 0.39444444444444454 38.150000000000013 36.050000000000004 3.2500000000000004 1.1500000000000001 3.5000000000000004 0.63961038961038974 0.26515764974800032 75.000000000000014 5.5500000000000007 38.550000000000004 0.080128205128205107 4.5000000000000009 0.95000000000000007 0.75000000000000011 2.3500000000000001 3.4500000000000006
decision_type=2 2 2 2 2 2 2 2 2 2 2 2 2 2 2 2 2 2 2 2 2 2 2 2 2 2 2 2 2 2 2 2 2 2 2 2 2 2 2 2 2 2 2 2 2 2 2 2 2 2 2 2 2 2 2 2 2 2 2 2
left_child=1 21 3 4 5 6 9 41 11 17 16 -7 20 -12 29 -16 -11 -3 19 43 -10 24 -19 -23 25 27 30 -1 32 -14 -27 -32 -29 45 35 -35 37 38 -30 40 -38 42 -8 58 -41 46 47 -20 -39 56 51 -51 -36 -13 -26 -56 57 -47 -5 -60
right_child=-2 2 -4 18 -6 8 7 -9 12 10 13 53 14 -15 15 -17 -18 22 33 -21 -22 23 -24 -25 54 26 -28 28 36 -31 31 -33 -34 34 52 -37 39 48 -40 44 -42 -43 -44 -45 -46 49 -48 -49 -50 50 -52 -53 -54 -55 55 -57 -58 -59 59 -61
leaf_value=-0.079492063797388449 -0.045349848455369164 -0.11215143472635612 -0.050499421564593264 0.011277443446864349 -0.064328036407497804 0.032759463235387004 -0.12050806860396789 -0.11353019369365466 -0.092857163272724905 -0.12080535403012826 0.013054093991422521 -0.17732661444868722 -0.0032130509942815094 -0.142560486567363 0.029068763692538968 -0.10737683901616217 0.029987323120139159 0.0055280698374218784 0.03740246652193422 -0.094222625306467314 0.019792175639426094 0.029550460900715173 0.038727438943625986 -0.083049860667725642 0.051843242747495556 0.043981154278910882 -0.089827671738121798 0.014229800427317845 0.032117724066884339 0.03972625360846755 -0.11022704566545051 0.047623826607870338 -0.10148999824521265 0.019366860684655055 0.046430625139611971 -0.09806798280503852 0.030900097903558289 0.00022331250334779113 -0.10783525415299569 0.048110535155180476 -0.080363268073001828 0.04171671588477454 0.035312018660392332 0.047426636049296506 0.027433437253379985 0.019726107620467365 0.043822460287699136 -0.13700358818407199 0.04285536406799581 -0.11382548907062262 0.041046640889652791 0.02725222420303584 0.015444891066213587 -0.077805884189715541 0.046796254384837588 0.023249069810583951 0.049902589862011522 0.04389628725855408 0.014744939256251572 -0.064037165360556231
leaf_weight=5.3443301580846301 20.179806690663099 3.7801974341273299 32.313753558322787 3.9782088771462432 21.172579700127244 6.573936432600024 4.9728901684284192 35.525863403454423 11.581856718286874 3.920061655342578 4.1873634010553387 5.8190813511610022 22.691095154732466 22.099346894770861 204.76488986611366 23.709924275055528 97.216502029448748 73.386416591703892 7.5686979293823224 14.733486546203492 6.1887309849262229 8.9187076985836047 376.0459124147892 8.1077104620635492 372.48502942174673 128.77464932203293 25.076405741274357 5.1464530900120717 61.991482615470886 1136.1830996125937 12.567944981157778 34.948887839913368 5.1106973886489868 5.0996750332415095 28.442640230059624 8.7085557207465154 19.846038118004802 15.83631908521056 14.216694694012402 614.23014053329825 5.7523872498422852 21.919931083917618 6.8028469085693359 36.646697297692299 82.41587445884943 33.162716545164585 50.682946287095547 7.241553571075201 143.10150848701596 4.7926766686141464 42.586741834878922 8.339397631585598 23.154114224016666 8.4318348839879018 59.043416868895292 41.917261339724064 407.55330254510045 63.86464885622263 6.5243884325027448 3.8056566305458546
leaf_count=30 477 21 608 2 151 3 25 204 63 20 2 37 39 121 143 140 66 112 1 86 4 4 188 47 16 43 219 4 37 479 72 8 28 4 6 42 12 23 84 112 34 9 1 7 88 29 15 42 48 28 14 3 28 41 10 37 51 19 4 23
internal_value=0 0.0322373 0.0283968 0.0293343 0.0261409 0.0271246 0.0159993 -0.0484998 0.0321071 0.0239053 -0.00421549 -0.0709597 0.0337248 -0.113063 0.0348454 0.0143511 0.0228748 0.0320857 0.0380157 0.00371675 -0.0466795 0.0388199 0.0335839 -0.0168382 0.0394708 0.0354362 0.0176867 0.038981 0.0397666 0.0387781 0.0336996 0.00320903 -0.0314908 0.0410951 0.0159955 -0.0457728 0.040661 0.0285628 0.00434192 0.0444262 0.00097266 0.0164216 -0.0201195 0.0345184 0.0458443 0.0435187 0.0230457 -0.0396164 0.0393907 0.0456883 0.0256171 -0.0149524 0.0349535 -0.127474 0.0492127 0.0382622 0.0476564 0.0369262 0 -0.00239623
internal_weight=0 4551.01 2886.17 2853.86 2096.97 2075.8 649.857 69.2215 1425.94 580.636 127.423 20.8249 1405.12 26.2867 1387.35 228.475 101.137 453.213 756.886 65.6884 17.7706 1664.83 449.432 17.0264 1647.81 1174.36 201.368 972.992 967.648 1158.87 176.291 47.5168 10.2572 691.198 65.405 13.8082 957.39 235.146 76.2082 722.244 25.5984 33.6957 11.7757 50.955 696.646 625.793 65.4932 14.8103 158.938 560.299 55.7188 13.1321 51.5968 14.2509 473.446 100.961 504.581 97.0274 14.3083 10.33
internal_count=4314 3837 2881 2273 1869 1718 769 239 949 530 209 81 868 123 801 283 86 321 404 122 67 956 300 51 905 842 342 500 470 518 123 80 32 282 80 46 438 192 121 246 46 35 26 36 200 202 58 43 71 144 45 31 34 78 63 47 99 48 29 27
is_linear=0
shrinkage=0.0493048


Tree=48
num_leaves=58
num_cat=0
split_feature=65 95 64 46 64 15 90 64 49 61 64 64 38 11 64 19 49 103 68 7 88 20 64 66 98 64 100 67 90 100 102 68 89 99 93 61 80 74 63 57 1 82 49 42 48 73 80 102 59 64 82 66 55 55 64 64 64
split_gain=49.8819 43.1058 81.3205 28.8653 69.8521 42.3434 124.401 114.218 88.483 54.6178 78.5607 49.5734 47.6423 41.2234 151.263 39.4433 116.642 28.9309 28.9148 72.8953 24.4617 24.2659 22.5007 21.951 25.7837 130.705 33.0648 24.1751 20.1115 19.1321 87.9265 16.4541 14.3599 34.5907 17.1721 50.1968 13.688 28.4554 21.4643 12.8907 28.2833 8.40766 7.5414 19.3164 59.396 4.24253 3.12066 9.32836 1.73714 1.89576 1.20264 3.79616 0.831049 1.50693 0.715641 0.204142 6.47036
threshold=13.500000000000002 -0.15999999999999973 58.650000000000013 14.500000000000002 43.750000000000007 3.5000000000000004 0.06904761904761901 4.5500000000000007 0.080128205128205107 0.12571839080459771 3.6500000000000008 2.0500000000000003 1.5000000000000002 1.0000000180025095e-35 13.450000000000001 3.5000000000000004 0.39444444444444454 0.40743068003746979 1106.0000000000002 1.0000000180025095e-35 16.500000000000004 1.0000000180025095e-35 3.1500000000000008 1698.5000000000002 -0.2171999999999982 14.15 -1.6144000000000032 488.50000000000006 -0.17914438502673793 -0.013600000000000247 0.30644529328268694 329.00000000000006 504.50000000000006 0.076899999999998414 -1.0000000180025095e-35 0.10063291139240506 37.850000000000001 1.5500000000000003 2.5000000000000004 0.75000000000000011 2.5000000000000004 0.39444444444444454 0.63961038961038974 0.25833333333333336 1.4500000000000002 38.150000000000013 36.150000000000013 0.11638086631515351 -149.99999999999997 4.3500000000000005 0.080128205128205107 1728.5000000000002 0.95000000000000007 0.75000000000000011 14.65 2.3500000000000001 3.4500000000000006
decision_type=2 2 2 2 2 2 2 2 2 2 2 2 2 2 2 2 2 2 2 2 2 2 2 2 2 2 2 2 2 2 2 2 2 2 2 2 2 2 2 2 2 2 2 2 2 2 2 2 2 2 2 2 2 2 2 2 2
left_child=1 20 3 4 5 6 9 39 11 10 -3 -7 21 28 -15 17 -17 -11 19 41 23 -10 -22 24 26 29 -1 31 -14 -26 -31 -28 34 -34 35 -29 42 38 -38 40 -8 55 46 -44 -45 -36 47 -20 49 -39 -25 -52 53 -48 -12 -5 -57
right_child=-2 2 -4 18 -6 8 7 -9 12 15 54 -13 13 14 -16 16 -18 -19 36 -21 22 -23 -24 50 25 -27 27 32 -30 30 -32 -33 33 -35 45 -37 37 48 -40 -41 -42 -43 43 44 -46 -47 52 -49 -50 -51 51 -53 -54 -55 -56 56 -58
leaf_value=-0.076773205974732667 -0.044985416683059672 0.032650759559308608 -0.050108127088829627 0.010824163693357113 -0.063079277257083358 0.031959006995398033 -0.11319534134330557 -0.10895659142069136 -0.089448075028823876 -0.11293689861602403 -0.15644274779241607 -0.12019388386200122 -0.0030484533363632394 0.028253452554261295 -0.10352568365721192 0.025047300913689809 -0.10117650641050012 0.035546165199101795 0.047411666057133962 -0.091394984029736392 0.028792546376590886 0.01908971098791314 -0.080408689634442684 0.051616446747199875 0.043367838494234603 -0.088001967603589221 0.01367437575990941 -0.094774893896179005 0.039009386106713527 -0.10555521355741791 0.047134057218705533 -0.096575329600722168 -0.092838580303786541 0.034697681099686288 0.047202119645541427 0.03235546045812368 0.018683018502124411 0.032780889284813562 -0.093575964245933813 0.040918462850781705 0.034607427896705893 0.046824641944661738 0.042508850496866743 0.03410074421210494 -0.12226647834067211 0.030066651009966743 0.019047353891574706 0 0.043016520539027742 0 0.020384686453774427 0.048136879392525159 0.049753354220977236 0.043278516137441256 -0.066736966253166316 0.014184968429907711 -0.061784508844015498
leaf_weight=5.2639980986714354 19.361015684902668 15.734301239252092 30.993673890829086 3.9427836686372748 20.543617056682706 6.4113205969333675 5.0336343646049482 35.201373854652047 11.435405630618336 2.7888351753354064 7.6468683481216413 14.415493939071892 22.737726222723722 200.39858957380056 23.388702122494578 97.361258666962385 21.707515314221382 414.60914885252714 20.277027368545532 14.448612060397862 8.7084012329578417 6.10353660583496 7.9658298902213565 356.08451050519943 124.27042933553457 24.353515597060323 5.0941675752401334 7.3533829785883418 1100.9037610664964 12.480749592185019 33.605005219578743 5.1077197175472975 6.6057584173977402 22.31031309813261 601.85748101770878 202.36325128376484 5.0287564760074011 5.787342548370364 8.6789054945111257 21.262943595647812 6.6048026084899902 35.321434803307056 62.647162608802319 23.127346256747845 7.8277634028345338 83.875239811837673 32.665068924427032 18.596425428986549 33.231897376477718 11.294935137033461 41.751723803579807 56.200205307453871 376.14253405481577 61.638896018266678 7.6759906765073538 6.4507992714643461 3.7525231763720512
leaf_count=30 477 8 608 2 151 3 25 204 63 16 43 78 39 143 140 78 96 242 3 86 4 4 47 16 43 219 4 41 479 72 8 28 40 12 124 138 4 1 42 9 1 7 19 12 46 83 29 27 11 22 39 8 47 19 47 4 23
internal_value=0 0.0316818 0.0278279 0.0287445 0.0255397 0.0265029 0.0155717 -0.046777 0.0314265 0.023275 -0.0386387 -0.0674187 0.0330274 0.0341317 0.0139116 0.0270933 0.000968955 0.0342471 0.0375269 0.00364259 0.038335 -0.0446372 -0.0159919 0.0389838 0.0349178 0.0173811 0.0384179 0.0392025 0.0380476 0.0331906 0.00303979 -0.0295134 0.0400965 0.00119236 0.0412138 0.0272903 0.0405874 0.0156504 -0.0433999 0.0160178 -0.0188083 0.0339572 0.043028 0.0266252 -0.00151895 0.0452891 0.0457964 0.0243028 0.0342264 0.00980965 0.0488669 0.0375878 0.0473063 0.0362133 -0.11985 0 -0.00172103
internal_weight=0 4409.07 2803.82 2772.83 2041.96 2021.42 635.627 68.1028 1385.79 567.524 31.0572 20.8268 1364.97 1347.43 223.787 536.467 119.069 417.398 730.86 63.9162 1605.25 17.5389 16.6742 1588.58 1134.54 194.71 939.831 934.567 1123.64 170.356 46.0858 10.2019 924.365 28.9161 895.449 209.717 666.944 64.0218 13.7077 32.9014 11.6384 49.4675 602.922 93.6023 30.9551 685.733 509.32 38.8735 50.3142 17.0823 454.036 97.9519 470.446 94.304 15.3229 14.1461 10.2033
internal_count=4314 3837 2881 2273 1869 1718 769 239 949 530 98 81 868 801 283 432 174 258 404 122 956 67 51 905 842 342 500 470 518 123 80 32 438 52 386 179 282 80 46 35 26 36 202 77 58 207 125 30 34 23 63 47 95 48 90 29 27
is_linear=0
shrinkage=0.0493048


Tree=49
num_leaves=50
num_cat=0
split_feature=65 95 64 100 64 55 49 64 68 64 38 62 56 68 95 95 64 78 64 58 71 55 60 80 64 81 66 75 80 64 61 63 60 80 40 101 38 42 89 68 64 64 65 72 91 61 48 52 3
split_gain=46.857 42.1577 76.2116 28.7828 63.3468 197.672 39.0772 55.8922 44.656 111.407 58.5162 41.6967 173.994 43.1299 23.9268 38.7814 58.8353 22.2202 82.6603 32.8277 93.7199 21.9327 25.1621 21.3906 76.8357 19.9155 19.5727 25.1487 17.0376 15.3605 31.6095 16.1941 29.4073 15.3539 55.0191 15.723 13.3726 12.4066 9.53499 38.9972 43.6316 8.9901 26.4083 7.59642 5.99298 40.5746 6.02141 3.39251 1.98963
threshold=13.500000000000002 -0.15999999999999973 58.650000000000013 -2.1921499999999976 31.350000000000005 3.7500000000000004 0.44097222222222227 24.950000000000003 1365.0000000000002 11.850000000000003 9.5000000000000018 6.5000000000000009 0.51470588235294124 941.50000000000011 -0.23999999999999941 -0.28999999999999942 5.4500000000000011 5.5000000000000009 14.65 2.5000000000000004 6.5000000000000009 2.8500000000000001 -1.0000000180025095e-35 38.150000000000013 11.15 1.7500000000000002 1021.5000000000001 0.80625000000000013 35.550000000000004 27.750000000000004 0.11733416770963702 11.500000000000002 0.098476102516739758 39.750000000000007 35.650000000000013 -1.510249999999999 19.000000000000004 0.40588235294117653 429.50000000000006 1280.0000000000002 4.4500000000000011 4.3500000000000005 2.5000000000000004 1.5000000000000002 -0.10555555555555554 0.17153518123667377 1.3500000000000003 105.00000000000001 17.500000000000004
decision_type=2 2 2 2 2 2 2 2 2 2 2 2 2 2 2 2 2 2 2 2 2 2 2 2 2 2 2 2 2 2 2 2 2 2 2 2 2 2 2 2 2 2 2 2 2 2 2 2 2
left_child=1 14 3 36 6 -6 17 8 11 10 -10 13 -13 -8 15 21 47 18 19 37 -21 33 -23 26 25 -25 27 -19 -28 30 -16 32 -32 35 -35 -1 41 -5 39 40 -37 -3 -43 -34 45 -40 -46 -17 -41
right_child=-2 2 -4 4 5 -7 7 -9 9 -11 -12 12 -14 -15 29 16 -18 23 -20 20 -22 22 -24 24 -26 -27 28 -29 -30 -31 31 -33 43 34 -36 38 -38 -39 44 48 -42 42 -44 -45 46 -47 -48 -49 -50
leaf_value=-0.059502653388990592 -0.044616269478772147 0.032012403092506643 -0.049720500659739139 0.039194319605532726 -0.072424628965566853 0.048661273656124215 0 -0.074675218718199196 -0.078074289988375456 -0.11002106624884032 0.026022601995265047 -0.16869009572675214 0.023133167679168266 0.037571868229454075 -0.11853066261819648 0 -0.11046099506501131 -0.10330247314573952 -0.090887334669528336 -0.12066608343531485 0.030166582089017107 0.038370182256629533 -0.073331035028374375 -0.022326129704435527 -0.097882651381911961 0.039059962620625818 0.01817293120069683 0.026548735665929388 0.041533660859903461 0.050353594173218885 -0.12307170407132598 0.04611471566920048 0.043711927955308087 0.041607773657422638 -0.07170594735769148 0.022580688471652524 0.049435064081775296 0.0042039302866051596 -0.087789244909450864 0.017109212927350483 -0.10373917583399379 0.031577717266897273 -0.10540941988663481 -0.0017157957846498015 0.044129033319921171 0.035193876300479141 0.02773341607462413 0.040443994096064119 0.044979761631689173
leaf_weight=3.040532872080802 18.578567136079073 24.6237538382411 29.727162322029471 201.50544188916683 60.513051752001047 70.885898869484663 81.271175125613809 14.509643474593757 14.356723584234713 20.410619288682938 116.16473288089037 13.278199978172777 83.216776464134455 476.2924731746316 3.183799047023057 10.210250541567804 11.289614157751201 5.2726353406906119 14.91513500548899 13.488508269190786 37.173410460352898 8.5232196003198641 9.6884426232427341 12.439147517085074 12.707714900374411 83.253712274134159 104.1065633520484 9.3325037211179716 954.76769642531872 473.53425345756114 3.9328307099640396 62.563169848173857 15.582825616002085 35.02322981134057 14.508221292868255 13.35728093981743 220.10730473697186 37.396242305636406 6.6897445525974026 26.166445136070251 11.297651115804909 7.8427465111017209 5.2749178446829319 10.050181020051239 576.23471025936306 69.953845579177141 111.04900681972504 13.401557445526121 59.536829456686974
leaf_count=16 477 14 608 90 422 11 138 96 50 99 87 76 73 233 20 17 69 32 82 69 24 2 76 30 69 44 89 6 332 54 25 20 3 17 109 9 27 49 40 25 59 2 29 23 181 46 128 4 13
internal_value=0 0.0311157 0.0272571 0.0281529 0.0263678 -0.00616055 0.0282754 0.0192621 0.0211128 -0.00231246 0.0136026 0.0267084 -0.00202474 0.0319039 0.0378232 0.0327084 -0.015935 0.0331607 0.0203229 0.0264906 -0.00759326 0.0346368 -0.0142647 0.0363622 0.0136381 0.0297763 0.0385405 -0.0119664 0.039355 0.0464137 0.0255244 0.0318939 0 0.0357323 0.00588192 0.0372756 0.0445378 0.0342389 0.0377567 0.0215499 -0.0303297 0.0126662 -0.0141836 0.0210774 0.0399341 0.0228035 0.0416623 0.0240965 0.037931
internal_weight=0 4273.65 2724.83 2695.11 2437.26 131.399 2305.86 819.5 804.991 150.932 130.521 654.059 96.495 557.564 1548.82 979.971 34.9014 1486.36 304.479 289.564 50.6619 945.069 18.2117 1181.88 108.401 95.6929 1073.48 14.6051 1058.87 568.847 95.3128 92.129 29.5658 926.857 49.5315 877.326 257.849 238.902 874.286 110.358 24.6549 37.7414 13.1177 25.633 763.927 76.6436 687.284 23.6118 85.7033
internal_count=4314 3837 2881 2273 2201 433 1768 852 756 236 137 520 149 371 956 811 90 916 314 232 93 721 78 602 143 74 459 38 421 145 91 71 51 643 126 517 72 139 501 106 68 45 31 26 395 86 309 21 38
is_linear=0
shrinkage=0.0493048


Tree=50
num_leaves=62
num_cat=0
split_feature=65 95 64 46 64 88 15 64 40 83 64 85 64 95 57 95 11 68 7 67 95 95 64 55 60 78 56 64 89 66 60 80 40 101 38 80 74 63 89 68 64 80 57 48 55 75 74 82 91 61 48 52 86 63 49 39 3 59 64 64 64
split_gain=44.0012 41.0732 71.4105 28.3687 60.4425 40.7408 78.3606 169.028 73.1913 50.3694 99.7887 41.3741 47.9164 33.2192 31.7196 31.6382 27.0941 26.2486 65.9381 24.4707 23.7347 36.2887 54.0437 20.4619 23.491 20.1629 16.3108 15.3116 29.5556 36.9164 14.7686 14.3556 51.324 14.8291 12.9437 12.7082 25.0213 18.5149 8.98076 36.198 39.6653 7.67265 31.7811 42.1463 11.5606 17.8001 49.8392 7.4091 5.7979 37.5296 6.20519 3.23275 2.99059 6.84403 2.45462 2.12373 1.98903 1.75416 8.64238 0.767445 0.168671
threshold=13.500000000000002 -0.15999999999999973 58.650000000000013 14.500000000000002 43.750000000000007 11.500000000000002 4.5000000000000009 8.1500000000000004 41.550000000000004 -1.0000000180025095e-35 4.2500000000000009 54.500000000000007 2.1500000000000008 -0.12000000000000004 -6.7499999999999991 0.2299999999999999 3.5000000000000004 1106.0000000000002 1.0000000180025095e-35 108.50000000000001 -0.23999999999999941 -0.28999999999999942 5.4500000000000011 2.8500000000000001 -1.0000000180025095e-35 5.5000000000000009 0.39444444444444454 27.750000000000004 474.50000000000006 1728.5000000000002 0.32071428571428579 39.750000000000007 35.650000000000013 -1.510249999999999 2.5000000000000004 37.850000000000001 1.5500000000000003 2.5000000000000004 429.50000000000006 1280.0000000000002 4.4500000000000011 36.050000000000004 3.2500000000000004 1.1500000000000001 0.75000000000000011 0.67708333333333337 1.7500000000000002 0.39444444444444454 -0.10555555555555554 0.17153518123667377 1.3500000000000003 105.00000000000001 21.500000000000004 12.500000000000002 0.63961038961038974 5.5000000000000009 17.500000000000004 -474.99999999999994 5.5500000000000007 21.250000000000004 2.3500000000000001
decision_type=2 2 2 2 2 2 2 2 2 2 2 2 2 2 2 2 2 2 2 2 2 2 2 2 2 2 2 2 2 2 2 2 2 2 2 2 2 2 2 2 2 2 2 2 2 2 2 2 2 2 2 2 2 2 2 2 2 2 2 2 2
left_child=1 20 3 4 5 6 7 11 13 10 -8 26 -13 30 -10 16 -11 18 47 -15 21 23 51 31 -25 -21 -3 28 52 -30 -7 33 -33 -1 -17 41 37 -37 39 40 -35 42 43 -19 45 46 -43 60 49 -40 -50 -23 53 -22 -46 -38 -41 -57 -59 -12 -5
right_child=-2 2 -4 17 -6 8 9 -9 14 15 59 12 -14 19 -16 34 -18 35 -20 25 27 22 -24 24 -26 -27 -28 -29 29 -31 -32 32 -34 38 -36 36 55 -39 48 56 -42 44 -44 -45 54 -47 -48 -49 50 -51 -52 -53 -54 -55 -56 57 -58 58 -60 -61 -62
leaf_value=-0.057102789724962466 -0.044241909249010732 -0.016819249987805034 -0.049335778905132459 0.010214278066124627 -0.060613722943385163 -0.099191330126451621 0.030825881337533091 -0.1114305863710701 0.021213819801737501 -0.1094961568507975 -0.1357780357488397 0.020025153353978739 -0.1408340566856523 -0.11488962194086638 -0.10428749419914286 0 0.027329807180330963 0.035008578571209516 -0.088265376515317989 0.020298452924564399 -0.0059815303753809985 0 -0.10638876524339377 0.037710705356436267 -0.071662536816189198 0.034828889413744762 0.039613155340988339 0.050073795516842934 -0.11249960529225901 0.034697789327930981 0.0045357357434093045 0.040933580474425205 -0.070036269322472422 0.021848846698052905 0.042039246811068243 0.016926684032435534 0.042706225753604971 -0.087556346131480001 -0.084438817882753758 0.016467661196194083 -0.098878709503904164 -0.17812443607848261 0.042250852272174642 -0.12616212372945668 0.048246879995861781 0.042467152402302345 0.024337295824062782 0.04595376879792263 0.043566643887592932 0.034379668806321616 0.02689424482300691 0.039825472293025625 0.047102062987590274 0.036932166058154373 0.028431269135070263 0.025719569631941011 0.04443816128142191 0.030358353735081479 -0.068080747582899351 -0.039542218962050846 -3.2053512604615764e-05
leaf_weight=3.0142022110521784 17.830998603254557 11.90122978389263 28.512470386922359 3.8959249034523955 19.276524074375629 6.7758098151534778 30.099270775914192 35.925475319847465 5.2437170743942287 6.6211089417338354 12.268814496695997 7.4234424233436576 8.2432560846209508 2.3902206048369399 14.141579464077948 15.381778467446564 5.2263402044773102 6.8101916313171369 13.950110355392097 355.55943937040865 10.226724464446308 10.210250541567804 11.148622984066604 8.252112880349161 9.4324557166546565 1108.4916310664266 65.852471433579922 453.20953809842467 7.802430681884287 6.9677495956420898 2.5328426361083984 33.874322906136513 14.132003376260398 13.130973048508169 218.12370713427663 4.8137018904089919 30.762244559824467 8.549270384013651 6.6154746767133465 25.854774288833141 11.270818611606954 3.9703158140182486 45.798936903476715 7.2479035221040249 419.87828188762069 19.816722966730595 8.7280552089214307 33.137250445783138 555.41824362799525 68.126894935965538 108.9232100341469 12.950543850660322 49.934440240263939 17.592406153678894 49.977586628869176 8.0633271113038081 57.346574515104294 5.3438639640808088 3.4293264746665955 4.4822192806750527 9.9486741926521045
leaf_count=16 477 28 608 2 151 39 18 219 2 42 66 5 43 13 87 30 2 1 86 353 21 17 69 2 76 617 32 54 52 1 1 17 109 9 85 4 9 42 40 25 59 24 15 42 70 5 6 7 181 46 128 4 9 8 39 4 13 1 20 36 27
internal_value=0 0.0305421 0.0266853 0.0275607 0.0243147 0.0252347 0.0112092 -0.0202053 0.0291057 0.0255412 -0.0196261 0.0135734 -0.0568154 0.0304139 -0.0639585 0.0346742 -0.0387664 0.036563 0.00337079 0.0310596 0.0372891 0.0321308 -0.0151952 0.034041 -0.0136337 0.0313855 0.0293733 0.0460353 0.0248987 -0.0347406 -0.0577446 0.0351191 0.00565162 0.0366374 0.0389379 0.0396084 0.0148503 -0.0406898 0.0371202 0.021093 -0.0288848 0.0420707 0.0209945 -0.0393662 0.0443328 0.0105371 -0.0295063 0.0332689 0.0392843 0.0221664 0.0410218 0.0234324 0.0378367 0.0167041 0.046406 0.0330712 0.0372506 0.00804572 0 -0.117568 0
internal_weight=0 4144.03 2648.6 2620.08 1935.96 1916.68 421.549 129.346 1495.14 292.203 46.8503 93.4204 15.6667 1475.75 19.3853 245.353 11.8474 684.122 60.932 1466.44 1495.43 949.701 34.3094 915.392 17.6846 1464.05 77.7537 545.733 92.5238 14.7702 9.30865 897.707 48.0063 849.701 233.505 623.19 60.9617 13.363 846.687 107.603 24.4018 562.228 59.857 14.0581 502.371 32.5151 12.6984 46.9818 739.084 74.7424 664.341 23.1608 77.7536 27.8191 469.856 47.5988 83.2013 16.8365 8.77319 16.751 13.8446
internal_count=4314 3837 2881 2273 1869 1718 606 327 1112 279 120 108 48 1023 89 159 44 404 122 983 956 811 90 721 78 970 60 145 91 53 40 643 126 517 115 282 80 46 501 106 68 202 58 43 144 35 30 36 395 86 309 21 38 29 109 34 38 25 21 102 29
is_linear=0
shrinkage=0.0493048


Tree=51
num_leaves=51
num_cat=0
split_feature=38 38 64 27 86 49 63 102 3 98 82 58 66 64 97 99 86 86 48 103 67 29 61 64 80 61 68 64 83 61 98 98 80 67 64 75 83 64 97 89 47 65 5 65 60 15 82 92 79 64
split_gain=80.4334 42.5616 75.9487 62.6677 52.6155 44.8545 101.392 96.375 58.9298 46.7682 38.2573 35.4936 35.0938 117.505 59.9067 65.4033 33.839 88.5853 66.1191 33.4603 31.3957 31.3358 29.054 26.3577 26.2094 61.0139 30.7281 46.3558 22.5499 32.3082 19.5478 60.8947 38.8576 31.3188 37.1953 17.5281 64.8457 59.5329 16.3945 12.4634 18.279 7.59468 17.3233 51.6829 6.23552 3.80836 11.7964 3.38482 1.76148 1.38507
threshold=145.00000000000003 10.500000000000002 58.650000000000013 13.500000000000002 122.50000000000001 0.65476190476190488 9.5000000000000018 0.072662651380197521 23.500000000000004 -0.11940000000000234 0.94281045751633996 46.500000000000007 1698.5000000000002 51.150000000000013 3.1416499999999989 -1.0766999999999987 -370.49999999999994 -321.49999999999994 1.9500000000000002 0.52628504829918621 225.50000000000003 2.5000000000000004 0.10063291139240506 2.1500000000000008 36.150000000000013 0.19784711029242458 1404.5000000000002 3.2500000000000004 -4.2499999999999991 0.11167800453514737 -0.23104999999999967 -0.17124999999999699 37.95000000000001 436.50000000000006 3.9500000000000006 0.2264957264957265 -0.94999999999999984 2.5500000000000003 0.32290000000000069 454.50000000000006 37.150000000000013 9.5000000000000018 1.0000000180025095e-35 2.5000000000000004 -1.0000000180025095e-35 6.5000000000000009 0.94281045751633996 -0.064583333333333284 2.5000000000000004 33.650000000000013
decision_type=2 2 2 2 2 2 2 2 2 2 2 2 2 2 2 2 2 2 2 2 2 2 2 2 2 2 2 2 2 2 2 2 2 2 2 2 2 2 2 2 2 2 2 2 2 2 2 2 2 2
left_child=1 2 3 5 12 16 8 -8 9 19 -6 -11 13 14 28 -16 24 -18 20 -7 -19 -5 -22 -17 25 -1 27 -27 29 -3 33 -32 -33 34 -30 36 48 -38 -21 40 -37 42 45 -44 -35 46 -14 -41 -26 -2
right_child=49 4 -4 21 10 6 7 -9 -10 11 -12 -13 41 -15 15 23 17 18 -20 38 22 -23 -24 -25 35 26 -28 -29 30 -31 31 32 -34 44 -36 39 37 -39 -40 47 -42 -43 43 -45 -46 -47 -48 -49 -50 -51
leaf_value=-0.12242033061439762 -0.14845899731295994 0.020711309505553398 -0.05338362309774259 -0.11736418458076227 -0.11099197189651039 -0.099164359287231996 0.036065707359831799 -0.11252472633412025 -0.095233464105705296 -0.097605473072761725 0.033188569011365507 0.034489192036917034 -0.014390125952126872 -0.057113642668207072 0.034957148594172788 0.012269607664444824 -0.11853750647249657 -0.13275120019653017 -0.089395779221492541 0.043349977784088528 -0.037347337597385073 0.022216318686590547 0.029673334383816509 -0.11562928793835364 0.044407206485341522 0.031546819609271387 0.040189161250978038 -0.12218875333391274 0.024421121601635301 -0.12454493373456203 -0.15356497425330268 0.033864405625494441 -0.0015634065895687302 -0.019095066087586657 -0.12436247437571241 0.032228892025805006 0.030492837186420346 -0.1172083510099971 0.0062986245364231594 0.02467169340668714 -0.051855187913429926 0.050850747989433044 0.036105984806565704 -0.13777222435828412 0.040400810263744293 0.048033814399610963 0.043383393036653325 0.04426121761624989 0.015874676691932571 -0.032250564303689597
leaf_weight=7.6608613915741435 5.2930142879486066 10.311434011906384 29.480182509869337 11.140988349914549 10.383305329829456 4.0415344834327689 14.917634122073649 29.508208692073822 9.7308892207220179 12.346578698605301 6.0212230682373038 6.4405469894409171 10.949421189725401 34.618510819040239 19.061954721808434 2.9241151809692409 10.940856449306009 2.7293969169259062 12.077018033713101 166.96190630272031 14.739838214591144 3.9600496292114249 387.60903245955706 16.758543372154236 67.373373482376337 9.74066309630871 59.161519445478916 7.9959808215498915 9.7680540755391103 5.1293767988681784 4.2506665661931029 497.08622938580811 80.864849617704749 1.4365286976099003 6.0718545988202086 22.392596881836656 10.388698056340219 14.321387981995938 45.116678800433874 53.597364023327827 8.1878371872007829 393.21458710357547 16.72746724635363 5.4352390654385081 1132.8038982003927 86.024615854024887 19.68043964728713 615.2976345680654 22.542366452515125 3.8320833202451468
leaf_count=47 31 9 665 70 59 23 6 180 58 75 1 1 25 584 7 1 64 15 78 65 51 1 309 101 22 4 23 48 6 30 25 305 160 7 36 16 7 94 75 48 31 41 9 34 468 16 2 211 28 42
internal_value=0 0.0299695 0.0236705 0.0251406 0.0343306 0.0261323 0.00793882 -0.0598437 0.0207628 0.0261103 -0.0505476 -0.045734 0.0349759 0.0315055 0.0332934 -0.0255085 0.0300021 0.0179923 0.0218805 0.0329372 0.0255123 -0.0725776 0.0269061 -0.0903332 0.035584 0.0075637 0.022178 -0.0308639 0.0346686 -0.0196749 0.0352251 0.0271394 0.0286925 0.0392093 -0.0249227 0.0383413 0.0184141 -0.0501296 0.0360563 0.041428 0.00562123 0.0466182 0.0337241 -0.00108039 0.0402153 0.0414004 0.0186826 0.0428788 0.0386451 -0.113535
internal_weight=0 4029.92 1660.4 1630.92 2369.52 1615.82 289.064 44.4258 244.638 234.907 16.4045 18.7871 2353.12 1821.09 1786.47 38.7446 1326.76 428.096 417.155 216.12 405.078 15.101 402.349 19.6827 898.66 84.559 76.8982 17.7366 1747.72 15.4408 1732.28 582.202 577.951 1150.08 15.8399 814.101 114.626 24.7101 212.079 699.475 30.5804 532.032 138.817 22.1627 1134.24 116.654 30.6299 668.895 89.9157 9.1251
internal_count=4314 4241 2315 1650 1926 1579 483 186 297 239 60 76 1866 1739 1155 109 1096 517 453 163 375 71 360 102 579 122 75 52 1046 39 1007 490 465 517 42 457 151 101 140 306 47 127 86 43 475 43 27 259 50 73
is_linear=0
shrinkage=0.0493048


Tree=52
num_leaves=51
num_cat=0
split_feature=38 38 64 27 86 49 63 102 3 98 66 64 97 99 82 86 86 48 58 103 29 67 61 80 61 68 64 64 83 61 98 98 80 67 64 75 83 64 97 89 47 65 63 83 86 86 60 11 79 64
split_gain=74.3692 40.5043 71.2282 57.4848 48.7258 41.9368 93.3447 88.4588 54.5549 43.1804 35.1996 110.026 55.4388 59.762 34.8646 33.0198 80.9555 61.0532 32.687 30.9348 28.8322 28.1237 26.8778 24.7916 55.7102 28.5097 42.1937 24.5914 21.0078 29.2642 19.3789 54.5436 36.9598 29.2899 33.6732 16.4895 60.0603 54.8163 15.889 12.0767 16.6551 7.63266 16.8531 38.1881 6.37511 3.49814 3.45864 3.4481 1.75817 0.028586
threshold=145.00000000000003 10.500000000000002 58.650000000000013 13.500000000000002 122.50000000000001 0.65476190476190488 9.5000000000000018 0.072662651380197521 23.500000000000004 -0.11940000000000234 1698.5000000000002 51.150000000000013 3.1416499999999989 -1.0766999999999987 0.94281045751633996 -370.49999999999994 -321.49999999999994 1.9500000000000002 46.500000000000007 0.52628504829918621 2.5000000000000004 225.50000000000003 0.10063291139240506 36.150000000000013 0.19784711029242458 1404.5000000000002 3.2500000000000004 2.1500000000000008 -4.2499999999999991 0.11167800453514737 -0.23104999999999967 -0.17124999999999699 37.95000000000001 436.50000000000006 3.9500000000000006 0.2264957264957265 -0.94999999999999984 2.5500000000000003 0.32290000000000069 454.50000000000006 37.150000000000013 9.5000000000000018 9.5000000000000018 -1.0000000180025095e-35 -1153.4999999999998 20.500000000000004 0.32795698924731187 1.0000000180025095e-35 2.5000000000000004 33.650000000000013
decision_type=2 2 2 2 2 2 2 2 2 2 2 2 2 2 2 2 2 2 2 2 2 2 2 2 2 2 2 2 2 2 2 2 2 2 2 2 2 2 2 2 2 2 2 2 2 2 2 2 2 2
left_child=1 2 3 5 10 15 8 -8 9 19 11 12 28 -14 -6 23 -17 21 -11 -7 -5 -18 -23 24 -1 26 -26 -15 29 -3 33 -32 -33 34 -30 36 48 -38 -21 40 -37 42 43 -12 -35 -44 -45 -41 -25 -2
right_child=49 4 -4 20 14 6 7 -9 -10 18 41 -13 13 27 -16 16 17 -19 -20 38 -22 22 -24 35 25 -27 -28 -29 30 -31 31 32 -34 44 -36 39 37 -39 -40 47 -42 -43 45 46 -46 -47 -48 -49 -50 -51
leaf_value=-0.11674850525305658 -0.13827113247495151 0.019999015291882524 -0.053019766055966429 -0.11246674910878326 -0.10584053856412719 -0.094290390729620532 0.035286286054631813 -0.10844828271681332 -0.092100169074160826 -0.093951826121580706 -0.12597251909647492 -0.056593924079805541 0.034243793518557025 0.011787792629392392 0.032458183385263906 -0.11333937962818712 -0.12183724689583535 -0.086572238108618915 0.033769025090139348 0.042711655017616111 0.021532355374747836 -0.035184019378532723 0.028857562208930116 0.043823066053935371 0.03079214819492623 0.039493361583232842 -0.11650658231016464 -0.1113221155037014 0.023685507070826971 -0.11822834471589722 -0.14179379208116025 0.033086304261274617 -0.0014850148601035645 0.048303314861089922 -0.11797142705686164 0.031417141810084412 0.029670160054334413 -0.11306242453382899 0.0060112690046717938 0.043554423188645421 -0.048637587722016644 0.050617315534535294 0.019853567872678828 0 0.036825459999987868 0.049587625561413495 0.043446976123843503 0.022369157395229357 0.015248736482815601 -0.031265960978581031
leaf_weight=7.6391286551952353 5.402352645993231 10.157337378710507 28.249968935735524 11.056470632553099 10.354101207107307 4.0425789505243293 14.506533682346342 29.118778567761183 9.5710080442950112 12.199297271668913 4.8427825719118145 33.248461849987507 18.514171905815601 2.8956928253173855 5.85805320739746 10.881421618163584 2.8276402205228797 11.862542812712489 6.258894443511962 161.24631414189935 3.887324094772338 14.873305648565291 379.13162023201585 64.966201070696115 9.4944347217679042 57.283423036336899 7.9746267460286608 16.555093115195632 9.5806907042860967 5.1385406330227843 4.3759948834776869 484.02291623316705 80.936071522533894 249.1160191744566 6.0865805745124808 21.853151820600036 10.157164290547373 14.120813757181166 44.948548011481762 600.60754543915391 8.2984468266367895 375.98099924437702 29.889819942414761 11.54812940210104 848.23211064003408 75.428635992109776 12.600979804992676 45.325811361894011 22.317800730466843 3.7607593201100826
leaf_count=47 31 9 665 70 59 23 6 180 58 75 28 584 7 1 1 64 15 78 1 65 1 51 309 22 4 23 48 101 6 30 25 305 160 36 36 16 7 94 75 212 31 41 26 19 439 12 1 47 28 42
internal_value=0 0.0293935 0.0231595 0.0245955 0.0337242 0.0255694 0.00773343 -0.0578145 0.0202633 0.0255224 0.0343626 0.0308554 0.0326034 -0.0244309 -0.0482509 0.0293713 0.017407 0.0212015 -0.0439369 0.0322182 -0.0693379 0.0247437 0.0261217 0.0349973 0.00732557 0.0217151 -0.0294414 -0.0866241 0.0339526 -0.0184857 0.0345036 0.0263825 0.0279137 0.0385451 -0.0235639 0.0377336 0.0180623 -0.048275 0.0353166 0.0407945 0.00523472 0.0462733 0.0331775 0 0.0395459 0.0423384 0.0252699 0.0422616 0.0379497 -0.108152
internal_weight=0 3910.06 1614.7 1586.45 2295.36 1571.51 281.892 43.6253 238.267 228.696 2279.15 1768.86 1735.61 37.965 16.2122 1289.62 419.577 408.695 18.4582 210.237 14.9438 396.833 394.005 870.039 82.3916 74.7525 17.4691 19.4508 1697.65 15.2959 1682.35 569.335 564.959 1113.02 15.6673 787.647 111.562 24.278 206.195 676.085 30.1516 510.291 134.31 28.9919 1097.35 105.318 24.1491 645.933 87.284 9.16311
internal_count=4314 4241 2315 1650 1926 1579 483 186 297 239 1866 1739 1155 109 60 1096 517 453 76 163 71 375 360 579 122 75 52 102 1046 39 1007 490 465 517 42 457 151 101 140 306 47 127 86 48 475 38 20 259 50 73
is_linear=0
shrinkage=0.0493048


Tree=53
num_leaves=57
num_cat=0
split_feature=38 95 64 46 64 100 64 101 5 83 94 3 100 55 60 66 65 87 65 68 78 41 4 80 73 86 97 74 80 103 97 64 19 100 64 82 64 95 2 2 49 64 92 61 80 83 97 68 64 38 54 57 100 95 55 55
split_gain=68.9001 38.5741 81.5365 28.2659 50.8494 38.5878 96.7948 40.9754 97.1115 66.0724 43.3904 95.6538 43.413 24.2994 21.1493 20.7843 40.0996 22.6303 40.6006 20.0285 50.6952 17.7839 33.6861 15.4179 27.2597 14.0204 30.0879 41.6438 12.3442 46.9708 21.4354 30.4457 14.84 12.8563 10.7039 17.1254 28.3741 9.14717 13.9319 8.23641 39.7821 44.8261 7.90013 31.2447 5.83933 5.09569 4.23031 4.20982 2.89658 4.60353 1.59214 1.48478 1.26059 0.722612 0.668529 0.750448
threshold=145.00000000000003 -0.15999999999999973 58.650000000000013 14.500000000000002 43.750000000000007 -1.6952999999999958 30.900000000000002 -0.34825000000000012 4.5000000000000009 0.15000000000000005 0.064583333333333312 7.5000000000000009 -1.2206499999999989 2.8500000000000001 -1.0000000180025095e-35 1603.0000000000002 11.500000000000002 14.500000000000002 5.5000000000000009 938.50000000000011 2.5000000000000004 1.2500000000000002 1.0000000180025095e-35 37.850000000000001 37.250000000000007 -380.49999999999994 -2.0738999999999979 1.1500000000000001 37.95000000000001 0.75099933422074239 -0.19624999999999906 2.5500000000000003 8.5000000000000018 -1.6144000000000032 18.150000000000002 0.19375000000000003 3.7500000000000004 0.54999999999999971 5.5000000000000009 2.5000000000000004 0.12132352941176471 3.1500000000000008 -0.064583333333333284 0.11733416770963702 35.350000000000001 23.000000000000004 -0.71940000000000015 1280.0000000000002 3.6500000000000008 2.5000000000000004 36.650000000000013 -2.7499999999999996 0.18635000000000088 -0.29999999999999777 2.7500000000000004 1.0000000180025095e-35
decision_type=2 2 2 2 2 2 2 2 2 2 2 2 2 2 2 2 2 2 2 2 2 2 2 2 2 2 2 2 2 2 2 2 2 2 2 2 2 2 2 2 2 2 2 2 2 2 2 2 2 2 2 2 2 2 2 2
left_child=1 13 3 4 5 25 7 10 9 -9 12 -12 -7 15 -15 16 17 18 21 20 -5 22 47 39 -25 46 -27 -28 33 -30 32 -32 -31 -19 35 50 -37 38 -26 44 -41 -42 43 -35 45 -21 48 -1 -3 -50 -17 -46 -44 54 55 -36
right_child=-2 2 -4 19 -6 6 -8 8 -10 -11 11 -13 -14 14 -16 34 -18 28 -20 23 -22 -23 -24 24 37 26 27 -29 29 30 31 -33 -34 42 53 36 -38 -39 -40 40 41 -43 52 -45 51 -47 -48 -49 49 -51 -52 -53 -54 -55 -56 -57
leaf_value=0 -0.10328697055199053 0.038630873016754767 -0.04881436511275259 0.03634843778685657 -0.058595983188250461 -0.0085108929160495738 -0.070060655246955719 -0.01177730544417107 -0.11984591199406769 0.02870268032447636 0.012335935224667426 -0.18518970804557014 0.032203369525775134 0.035507718422728547 -0.068263200634237103 0.016176956098570054 -0.062524539098997842 -0.05106872851854144 -0.080279851094454499 -0.0022131545173456712 -0.083589335980589069 0.043972194225115953 -0.12773346083045209 -0.081801460870208662 -0.066842091305989906 0.040225708035902759 -0.12210951150366883 0.028925081394767013 -0.12603538424578173 0.011070368474924021 0.037453090186520412 -0.091552929238426589 0.045341897944697424 -0.10856202739716124 0.035048433885342983 0.023433686783617017 -0.097539870939989073 0.036618868186824124 0.033763574703934006 0.046884960809659051 0.030886548992126509 -0.13549306268191721 0.045039925926779724 0.030479497715885921 0.027954400475520867 0.037065641741499095 0.046977328205447394 0.037072850714246257 0.032343758105994339 -0.014621431334151161 0.045671969863531905 0.046009963330844665 0.02907682323306341 0.050206548839671933 0.047948006490360628 0.0097432688823505358
leaf_weight=9.6532937567681127 9.181200744584201 12.639180146157743 34.71013181656599 30.337301782332361 17.603855929337442 63.401214882731438 27.76003360375762 154.05045997537673 13.634398922324179 254.67971741035581 28.914294146001339 7.2156282775104037 901.08896368183196 7.4094848930835751 10.116466142237185 22.315915487706661 10.095650484785436 2.5929634869098654 11.111468693241475 12.499935826286674 11.860735450871287 36.359788104891777 4.7289946749806395 6.2724901940673581 5.9367878846824151 33.149703875184059 8.0693447627127153 7.6941618695855132 4.7425098102539769 61.749286599457264 7.6619157791137722 8.5168921686708909 95.946216972544789 3.730922393500804 24.060072172433138 14.168225429952146 6.5737569313496342 39.25110787153244 6.4843478202819824 34.450936932116747 6.3908959776163083 7.4341774843633175 369.84277980029583 91.733346078544855 50.600737564265728 10.957773312926292 237.04107688739896 11.150641441345213 8.5204865485429782 10.452726468443869 46.289384163916111 398.66154272295535 63.323109785094857 372.56041239574552 33.221697423607111 24.153930757194757
leaf_count=21 73 5 930 20 152 105 208 324 76 202 32 45 582 2 101 21 168 16 73 25 76 12 26 32 34 11 41 5 29 90 3 63 34 21 12 10 38 22 1 4 3 44 97 68 28 2 43 4 2 21 16 108 64 22 3 44
internal_value=0 0.0288199 0.0249465 0.0260625 0.0227139 0.0235948 0.0200111 0.0218573 0.00854516 0.0131419 0.0273516 -0.0238115 0.0293979 0.0357133 -0.0173267 0.0365024 0.0308785 0.0322445 0.00410777 0.0354886 0 0.0213015 -0.00613438 0.0378857 0.0106819 0.0395706 0.0116222 -0.040615 0.0349628 0.02205 0.026828 -0.0228387 0.0327157 0.0390688 0.0444785 0.0256191 -0.00901847 0.0243599 -0.00438958 0.0406717 0.0166296 -0.049722 0.0397494 0.0237066 0.0428626 0.0108691 0.0441942 0.015703 0.0193682 0 0.0379022 0.0442554 0.0429958 0.047914 0.0358829 0.0249643
internal_weight=0 3795.57 2441.76 2407.05 1785.92 1768.31 1450.74 1422.98 422.365 408.73 1000.62 36.1299 964.49 1353.81 17.526 1336.28 792.94 782.844 73.0042 621.139 42.198 61.8927 25.5329 578.941 57.9447 317.567 48.9132 15.7635 709.84 178.617 173.874 16.1788 157.696 531.223 543.343 89.3473 20.742 51.6722 12.4211 520.996 48.276 13.8251 528.63 95.4643 472.72 23.4577 268.653 20.8039 31.6124 18.9732 68.6053 449.262 433.166 453.996 81.4357 48.214
internal_count=4314 4241 3183 2253 1854 1702 1574 1366 602 526 764 77 687 1058 103 955 789 621 136 399 96 63 51 303 89 128 57 46 485 219 190 66 124 266 166 85 48 57 35 214 51 47 250 89 163 27 71 25 28 23 37 136 161 81 59 56
is_linear=0
shrinkage=0.0493048


Tree=54
num_leaves=50
num_cat=0
split_feature=38 95 64 46 64 100 64 88 57 75 64 40 100 57 95 65 95 64 68 78 56 61 64 86 80 73 88 99 64 101 89 65 80 40 64 68 102 49 75 48 86 80 57 90 64 64 12 88 52
split_gain=63.9722 37.9478 76.2932 27.8363 47.3788 37.8032 89.9048 40.6103 113.811 88.8034 51.7558 50.5877 44.8749 26.6835 23.0514 47.7452 27.6489 44.8648 18.9584 47.0694 16.8206 27.8152 16.0057 36.1044 14.7518 25.0906 13.3801 31.5544 33.544 12.1015 11.1251 29.221 11.1053 44.6128 8.56462 29.1758 8.42331 21.3969 8.12591 26.3339 47.53 11.9817 25.8872 7.84738 5.93075 7.82985 5.49086 5.02801 2.51621
threshold=145.00000000000003 -0.15999999999999973 58.650000000000013 14.500000000000002 43.750000000000007 -1.6952999999999958 30.900000000000002 11.500000000000002 -1.0000000180025095e-35 0.75735294117647067 4.1500000000000012 41.550000000000004 -1.1219999999999997 -6.7499999999999991 -0.23999999999999941 11.500000000000002 -0.28999999999999942 5.4500000000000011 938.50000000000011 2.5000000000000004 0.83974358974358987 0.090230664857530521 27.750000000000004 -487.99999999999994 37.850000000000001 37.250000000000007 15.500000000000002 -2.1860499999999976 3.5500000000000003 -1.510249999999999 465.50000000000006 2.5000000000000004 39.750000000000007 35.650000000000013 5.5500000000000007 1611.5000000000002 0.11096486107688296 0.12916666666666668 0.72474747474747481 1.4500000000000002 -796.49999999999989 36.45000000000001 3.2500000000000004 -0.24038461538461534 19.250000000000004 6.4500000000000011 1.0000000180025095e-35 9.5000000000000018 105.00000000000001
decision_type=2 2 2 2 2 2 2 2 2 2 2 2 2 2 2 2 2 2 2 2 2 2 2 2 2 2 2 2 2 2 2 2 2 2 2 2 2 2 2 2 2 2 2 2 2 2 2 2 2
left_child=1 14 3 4 5 26 7 8 10 -10 -7 12 -9 -13 15 16 20 48 19 -5 29 -22 23 -16 38 -26 44 -28 -29 -1 -25 -32 36 -34 -27 -36 37 -31 39 40 -20 42 -41 -38 45 -3 -43 -47 -18
right_child=-2 2 -4 18 -6 6 -8 11 9 -11 -12 13 -14 -15 22 -17 17 -19 24 -21 21 -23 -24 30 25 34 27 28 -30 32 31 -33 33 -35 35 -37 43 -39 -40 41 -42 46 -44 -45 -46 47 -48 -49 -50
leaf_value=-0.050596406474523938 -0.10009083010692561 0.037969769997273813 -0.048517211377297365 0.035556512245190408 -0.057592676177567359 0 -0.068692975386652283 -0.0075465094832231011 0.022402822731877655 -0.12005996744738158 -0.1194170281653858 0.0186359829172511 0.030010388031882104 -0.10118358387406694 -0.10595784182697859 -0.061300564563090236 0 -0.10693513297955203 -0.17375329525375161 -0.081479232605477167 0.025861782657447051 -0.087032393113107634 0.049115102447443881 0.042083361012992912 -0.078397046336430118 0.042471393361654362 0.047810138418589013 0.016519885187171374 -0.12079711035013753 0.030464225904101215 0.034956595621808813 -0.10100322705875456 0.043031477365462464 -0.066539828395570932 -0.075021484005879727 0.041776781699847734 0.0060908764132629632 -0.028609253188862704 0.047591175516537028 -0.095090204554340793 0.016700453131551055 0.044375422504035887 0.032560941966048675 0.041141811505385463 0.048554495108083094 0.026388948354742599 0.018204850931034633 -0.017717655958652115 0.037822133508402044
leaf_weight=2.820565413683652 9.0126090999692661 52.963798388838768 33.23782336525619 29.505696893669665 17.042149443179369 13.801964849233626 26.938093476928771 78.278573218733072 265.4113851506263 10.826807811856268 23.570283528417349 4.9170745760202434 988.25669669173658 11.48433170840144 4.5976536292582741 12.795921741984783 10.124965980649 8.9398223124444467 4.0365287587046614 11.576012218371032 17.996363986283544 7.3131290413439265 382.70559332706034 57.659852683544159 6.2248284406960002 27.33391498029232 21.194063663482666 7.2097424119710904 7.4515597447752953 156.12591068819165 14.579000264406206 5.1786568164825431 28.816683001816273 12.775197586044667 7.8882010243833074 15.056113444268703 24.664497185498476 14.289434062317012 250.8047732654959 5.1322917677462128 11.06447648629546 174.40349202975631 15.26070176810026 535.2675089482218 193.31608202680945 11.898335590958595 42.09985015168786 12.43251920491457 11.625547572970389
leaf_count=16 73 27 930 20 152 21 208 130 284 54 135 2 669 71 35 209 17 57 23 76 14 45 66 18 32 9 3 5 38 116 6 32 9 98 45 3 40 41 44 32 12 59 8 235 24 5 36 26 4
internal_value=0 0.0282307 0.0243507 0.0254361 0.022091 0.022949 0.0193912 0.0211809 0.00505688 0.016355 -0.0750679 0.0257352 0.0271372 -0.0577323 0.0351952 0.0298748 0.0314312 -0.0115736 0.0349607 0 0.0332367 -0.0019255 0.0445822 0.0219034 0.0373418 0.010319 0.0390648 0.00641816 -0.0449277 0.0345459 0.0311456 0 0.0350203 0.00636183 0.0238199 0 0.0364817 0.0247766 0.0401304 0.0322061 -0.026269 0.0364616 0 0.0398204 0.0429297 0.0272385 0.0398644 0 0.0220195
internal_weight=0 3688.89 2380.62 2347.38 1746.99 1729.95 1423.49 1396.55 313.61 276.238 37.3722 1082.94 1066.54 16.4014 1308.28 843.556 830.76 30.6903 600.387 41.0817 800.069 25.3095 464.721 82.0152 559.305 56.5031 306.466 35.8554 14.6613 774.76 77.4175 19.7577 771.939 41.5919 50.2782 22.9443 730.347 170.415 502.802 251.997 15.101 236.896 20.393 559.932 270.611 77.2947 216.503 24.3309 21.7505
internal_count=4314 4241 3183 2253 1854 1702 1574 1366 494 338 156 872 799 73 1058 901 692 78 399 96 614 59 157 91 303 89 128 46 43 555 56 38 539 107 57 48 432 157 214 170 35 135 40 275 82 58 95 31 21
is_linear=0
shrinkage=0.0493048


Tree=55
num_leaves=58
num_cat=0
split_feature=38 38 64 27 86 49 63 102 79 97 66 64 97 99 94 86 86 48 82 46 86 29 80 61 68 64 64 98 58 64 92 75 88 98 67 64 67 72 101 73 61 40 60 67 92 91 86 3 98 97 65 66 86 86 64 94 94
split_gain=59.4055 37.1378 59.8281 51.2553 44.4871 39.7356 82.0758 77.54 49.0157 75.3731 34.7969 92.9394 49.0163 49.8927 33.2623 32.3277 71.7684 53.2239 30.7911 27.2803 148.413 24.9293 23.2341 49.0161 26.047 37.0838 20.7513 20.2066 48.8857 115.697 50.6988 38.347 37.5321 31.1591 25.7964 29.5903 16.5631 51.1583 12.9935 33.1271 11.5119 11.2533 8.82735 11.6134 22.5111 8.0284 7.76705 16.7637 6.64512 10.0304 27.3461 6.5866 4.24162 16.8509 1.03459 0.937186 3.15999
threshold=145.00000000000003 10.500000000000002 58.650000000000013 13.500000000000002 122.50000000000001 0.65476190476190488 9.5000000000000018 0.072662651380197521 10.500000000000002 0.098150000000000362 1698.5000000000002 51.150000000000013 3.1416499999999989 -1.0766999999999987 -1.0000000180025095e-35 -370.49999999999994 -321.49999999999994 1.9500000000000002 0.94281045751633996 2.5000000000000004 -154.49999999999997 2.5000000000000004 36.150000000000013 0.19784711029242458 1404.5000000000002 3.2500000000000004 2.1500000000000008 -0.23104999999999967 2.5000000000000004 9.6500000000000004 -0.069047619047618983 0.18465909090909091 9.5000000000000018 0.025549999999999056 436.50000000000006 3.9500000000000006 1558.5000000000002 13.500000000000002 0.043500000000001607 38.95000000000001 0.10063291139240506 37.45000000000001 0.020942982456140301 300.50000000000006 -0.32291666666666657 0.060661764705882353 -1153.4999999999998 18.500000000000004 -0.053449999999997944 -2.2738999999999971 2.5000000000000004 1040.0000000000002 -1393.4999999999998 -1.0000000180025095e-35 22.250000000000004 0.060661764705882353 -1.0000000180025095e-35
decision_type=2 2 2 2 2 2 2 2 2 2 2 2 2 2 2 2 2 2 2 2 2 2 2 2 2 2 2 2 2 2 2 2 2 2 2 2 2 2 2 2 2 2 2 2 2 2 2 2 2 2 2 2 2 2 2 2 2
left_child=1 2 3 5 10 15 8 -8 9 14 11 12 27 -14 -7 22 -17 19 -6 40 -21 -5 23 -1 25 -25 -15 34 30 31 32 -30 -29 -32 35 -3 38 -38 51 -40 -18 -16 43 -12 -45 55 54 -48 49 -44 -51 -24 -47 -54 -36 56 -10
right_child=-2 4 -4 21 18 6 7 -9 45 -11 42 -13 13 26 41 16 17 -19 -20 20 -22 -23 36 24 -26 -27 -28 28 29 -31 33 -33 -34 -35 46 -37 37 -39 39 -41 -42 -43 48 44 -46 52 47 -49 -50 50 -52 -53 53 -55 -56 -57 -58
leaf_value=-0.11164606151468703 -0.097006478586667541 0.022597010432544078 -0.052401215924025364 -0.10705949937454068 -0.10150031926866328 -0.090835094419963555 0.033429192816769898 -0.10494344404773653 0.035171245741253479 -0.099685948288519344 0.041641537792930922 -0.055508669304631532 0.032207081892615175 0.0087880733962367261 -0.0074519592633052424 -0.10899404555664582 -0.0079873392830091886 -0.083162693281563629 0.030470819529101082 0.034193916609661208 -0.077855982446820071 0.018587495742242926 0.0016814761513854386 0.028880416353143878 0.038102732903144941 -0.1109739418843597 -0.10347324542679276 0.024667690171321432 -0.10157372695495606 -0.12376631640548812 -0.011137534400038781 0.027468770958278564 -0.1290115152359349 0.03771386125947776 0.031056324204222722 -0.11059207155138211 -0.1129045678296509 0.033220448891247908 0.029059074284045364 -0.068551150956465079 0.036790474250361353 0.036900788461784552 0.045179568180178958 0.032311098025275396 -0.093101766308339662 0.032912079598841647 0.025179472566327691 0.041227922798727071 0.049437565088204405 0.029637766099156724 -0.11041087783852248 0.042501639786522417 -0.10261200881504265 0.024933394420694845 0.050424536980795721 0.048463069997243445 0
leaf_weight=7.4531155638396731 8.8459821455180627 9.290515683591364 25.166100637987256 10.863109664991496 10.184665586799381 6.3186418432742348 13.411643438041208 28.018802081234753 33.801918514072895 18.129398331046104 17.140080433338884 29.915137943811715 16.94563152641058 2.7284700870513943 13.564055167138575 10.62580757960677 10.152440838515757 11.414829035289584 5.4463505744934073 116.60328933224082 37.876920459792018 3.5980756282806388 16.270006880164146 8.9060611501336115 53.213324807584286 7.8557358235120764 16.309121208265424 5.1593499481678 5.7188493087887755 17.194885531440377 30.361987615004182 74.133454710245132 8.1995531581342203 391.86999500542879 47.673618551343679 6.0731395147740832 7.2660631127655497 28.333017058670521 120.93566666170955 8.3879105318337661 207.27397626265883 48.271176353096962 19.356752395629883 6.6965873315930384 5.8613725639879668 6.3007888793945304 339.5498736910522 439.1832179017365 386.68419798649848 12.456629142165186 4.5193982031196347 539.59347425028682 3.9203326050192109 4.4317011833190909 183.44518852978945 72.959830574691296 11.802621027454732
leaf_count=47 73 6 665 70 59 36 6 180 15 111 2 584 7 1 40 64 24 78 1 85 159 1 27 4 23 48 101 3 29 107 59 54 47 210 28 36 46 15 128 58 107 27 1 2 41 1 280 175 47 7 27 183 30 1 12 12 24
internal_value=0 0.0276476 0.0214489 0.0228012 0.0320105 0.0237845 0.00574571 -0.0571607 0.0181926 -0.00962576 0.0326706 0.0290813 0.0307481 -0.0241897 0.0125451 0.0276281 0.0154709 0.0192549 -0.0476132 0.02274 0.00590459 -0.0672487 0.0334714 0.00582529 0.0201617 -0.0293538 -0.080877 0.0320974 0.0236157 -0.00699847 0.0307219 0.0166311 -0.0604628 0.033906 0.0363818 -0.0221042 0.0362683 0 0.0379801 0.0217504 0.0341269 0.0251631 0.0452665 0.0129071 -0.0164433 0.0371413 0.0373954 0.0343914 0.0472432 0.0204448 -0.000482651 0.0415307 0 -0.0202807 0.0469725 0.0414062 0.0273641
internal_weight=0 3584.82 1492.72 1467.55 2092.1 1453.09 260.931 41.4304 219.5 86.2833 2076.47 1623.75 1593.84 35.9832 68.1539 1192.16 393.947 383.321 15.631 371.907 154.48 14.4612 798.214 77.4282 69.9751 16.7618 19.0376 1557.85 532.638 97.0472 435.591 79.8523 13.3589 422.232 1025.22 15.3637 720.786 35.5991 685.187 129.324 217.426 61.8352 452.715 29.698 12.558 133.217 1009.85 778.733 423.017 36.3328 16.976 555.863 14.6528 8.35203 231.119 118.564 45.6045
internal_count=4314 4241 2315 1650 1926 1579 483 186 297 214 1866 1739 1155 109 103 1096 517 453 60 375 244 71 579 122 75 52 102 1046 509 190 319 83 50 269 537 42 457 61 396 186 131 67 127 45 43 83 495 455 82 35 34 210 32 31 40 51 39
is_linear=0
shrinkage=0.0493048


Tree=56
num_leaves=56
num_cat=0
split_feature=38 95 64 46 64 100 64 101 5 60 94 3 100 95 65 95 60 11 89 68 7 56 61 64 86 101 80 74 63 63 99 72 67 27 80 40 102 49 42 48 82 97 78 67 64 73 103 3 19 102 19 59 59 64 64
split_gain=55.2232 36.2146 66.4522 27.1253 41.8313 36.2443 79.7733 37.5686 82.819 60.7625 39.1367 79.0905 39.4901 22.7541 42.4247 25.4477 41.1234 18.5447 31.4941 17.6471 46.1873 15.9116 24.9115 15.8833 32.4138 11.1226 11.0662 18.4285 14.1792 10.766 14.6079 25.7728 10.2568 20.2244 9.54687 39.4667 10.0973 7.0241 14.984 38.7153 6.99894 6.62918 5.13232 8.98277 3.37029 3.00206 8.77109 2.40588 12.7868 24.1307 2.46258 1.84159 1.12134 0.643737 0.267948
threshold=145.00000000000003 -0.15999999999999973 58.650000000000013 14.500000000000002 43.750000000000007 -1.6952999999999958 30.900000000000002 -0.34825000000000012 4.5000000000000009 0.10215677179962891 0.064583333333333312 7.5000000000000009 -1.2206499999999989 -0.23999999999999941 11.500000000000002 -0.28999999999999942 0.079682539682539674 1.0000000180025095e-35 505.50000000000006 1106.0000000000002 1.0000000180025095e-35 0.83974358974358987 0.090230664857530521 27.750000000000004 -487.99999999999994 -1.510249999999999 37.850000000000001 1.5500000000000003 2.5000000000000004 11.500000000000002 -0.3102499999999998 1.5000000000000002 1636.5000000000002 4.5000000000000009 39.750000000000007 35.650000000000013 0.11096486107688296 0.63961038961038974 0.25833333333333336 1.4500000000000002 0.39444444444444454 -0.22220000000000076 7.5000000000000009 1109.0000000000002 2.1500000000000008 35.250000000000007 1.177794500182326 9.5000000000000018 2.5000000000000004 0.11219844821837481 1.5000000000000002 -149.99999999999997 -474.99999999999994 19.250000000000004 6.7500000000000009
decision_type=2 2 2 2 2 2 2 2 2 2 2 2 2 2 2 2 2 2 2 2 2 2 2 2 2 2 2 2 2 2 2 2 2 2 2 2 2 2 2 2 2 2 2 2 2 2 2 2 2 2 2 2 2 2 2
left_child=1 13 3 4 5 17 7 10 9 -9 12 -12 -7 14 15 21 -17 42 -19 20 40 25 -23 24 -15 -1 37 28 -28 30 31 -26 34 -34 36 -36 -27 47 -39 -40 -5 45 43 -3 -45 -18 -47 50 -49 -50 -21 52 -29 54 -44
right_child=-2 2 -4 19 -6 6 -8 8 -10 -11 11 -13 -14 23 -16 16 41 18 -20 26 -22 22 -24 -25 29 32 27 51 -30 -31 -32 -33 33 -35 35 -37 -38 38 39 -41 -42 -43 53 44 -46 46 -48 48 49 -51 -52 -53 -54 -55 -56
leaf_value=-0.048151701084567955 -0.094030372948084695 0.036534571489331279 -0.047865933084146738 0 -0.056121124937826956 -0.0088255972844195913 -0.066865153099279845 0.020165095874817927 -0.11217985721204261 -0.032339396377562377 0.010624925780181768 -0.16673010421722281 0.030315130524878012 -0.10142028274795947 -0.059801693781447347 -0.10974292826436299 0.012555663335036434 -0.099644227228270987 0.031485811530335792 0.026947890566421134 -0.078209430630886687 0.024198902049558702 -0.083843310801270929 0.048649573474818235 0.010027590450880879 0.022898732554975029 0.013814421793138803 0.020690584417227008 -0.078458204610675791 0.043110733488279047 0.028779997294355212 -0.14857843562848549 -0.096165419841413122 0.02927478035401801 0.042458436298167708 -0.064773362749205879 0.039797818673977157 0.038313675519718794 0.028589333068432771 -0.10341026164280108 0.044471377944911801 0.042345109956092856 0.038377148004588517 0.0040169038924350369 -0.035738616770333811 -0.10366671613328465 0 0.042749085093317533 0.031700126712611104 -0.069359799544764122 0.048694943450298976 0.039362350219656186 0 0.048327639546485529 0.013282217310522995
leaf_weight=2.7611551992595187 8.6812618914991599 23.111503288149834 30.314341949298978 12.24550189450383 16.044314487837255 62.534467168152332 25.595580878667533 324.4938253108412 13.504034169018267 62.663746390491724 27.571988165378571 7.487147767096757 835.99068904481828 4.4860999602824441 11.975913270376621 7.9557656878605512 3.0729136466979998 6.1683067753911045 15.088888734579085 43.217224918305874 11.942932596430181 17.086676776409153 7.1801164261996737 351.56304449401796 3.6553683280944851 151.64942398294806 4.3587238453328601 6.8013037443160993 8.0985183790326101 49.245090276002884 16.136776737868786 3.7891074009239674 4.3065346740186188 10.49524337053299 26.803341019898653 11.703651264309881 522.00639706850052 48.464184824377298 18.508602611720566 7.3964742589741936 28.756083533167839 13.217792047187684 31.644784666597843 4.1824335008859617 7.3397031277418137 2.5921658240258694 2.6778209134936333 63.656392131000757 19.827031075954441 8.0108431205153448 248.07322614639997 25.651086039841175 7.2845288440585136 177.17638187855482 21.230817679315805
leaf_count=16 73 10 930 29 152 105 208 359 76 167 32 45 582 35 209 50 1 33 7 28 82 14 45 66 3 146 4 4 42 20 10 23 23 10 8 93 259 19 13 45 7 5 15 3 21 17 5 17 11 31 37 11 19 20 19
internal_value=0 0.0271227 0.0232396 0.0242654 0.0208998 0.0217273 0.0181946 0.0199212 0.00686089 0.0113437 0.0253925 -0.0238324 0.0274524 0.0341702 0.0287658 0.0302808 -0.0116291 0.0380889 -0.000823167 0.0339893 0.00413197 0.0320868 -0.00272467 0.0439015 0.020691 0.0334149 0.0368483 0.0117019 -0.0362682 0.0299636 0 -0.0543822 0.033898 0 0.0347558 0.00661206 0.0361795 0.0394462 0.0217715 -0.00439204 0.0311916 0.0189322 0.0416834 0.017279 -0.0105783 -0.00333887 -0.0360717 0.0425531 0.0305295 0 0.0458988 0.029885 0.0037663 0.0448139 0.0306661
internal_weight=0 3478.8 2254.44 2224.12 1661.83 1645.78 1359.84 1334.25 400.662 387.158 933.584 35.0591 898.525 1224.36 795.485 783.509 29.5165 285.943 21.2572 562.293 52.9445 753.993 24.2668 428.875 77.3124 729.726 509.348 52.1942 12.4572 72.8263 23.5813 7.44448 726.965 14.8018 712.163 38.507 673.656 457.154 74.3693 25.9051 41.0016 21.5607 264.686 34.6336 11.5221 8.3429 5.26999 382.785 91.4943 27.8379 291.29 39.7369 14.0858 230.052 52.8756
internal_count=4314 4241 3183 2253 1854 1702 1574 1366 602 526 764 77 687 1058 901 692 78 128 40 399 118 614 59 157 91 555 281 80 46 56 36 26 539 33 506 101 405 201 77 58 36 28 88 34 24 23 22 124 59 42 65 34 23 54 34
is_linear=0
shrinkage=0.0493048


Tree=57
num_leaves=62
num_cat=0
split_feature=38 52 79 88 90 64 39 65 15 64 38 64 91 47 64 17 61 56 81 64 88 64 79 82 64 73 64 100 62 42 54 61 95 52 97 61 89 93 98 101 53 42 60 53 64 98 78 64 101 86 71 73 63 67 101 80 98 82 101 83 64
split_gain=51.2801 35.5469 78.7574 53.1755 85.0041 89.7776 66.083 41.2635 33.8711 92.5185 56.7848 54.9206 43.943 29.9124 85.6219 29.477 39.471 26.1392 23.8777 72.0929 32.6965 115.837 46.9761 26.8767 35.5389 23.0703 30.7287 18.2048 25.4511 18.0931 24.6607 15.6806 21.6185 53.7549 15.6466 15.7463 13.8022 19.8406 10.8937 33.298 9.32135 17.4283 14.8288 8.45973 15.6168 8.33317 24.8183 7.2856 6.13904 10.3817 5.844 5.38181 4.29526 6.2207 4.22427 3.7178 3.12059 2.92989 2.85833 2.64203 1.25108
threshold=145.00000000000003 8.5000000000000018 2.5000000000000004 15.500000000000002 -0.080128205128205079 3.1500000000000008 14.500000000000002 7.5000000000000009 1.0000000180025095e-35 18.550000000000004 35.000000000000007 3.4500000000000006 -0.20714285714285707 35.150000000000013 58.650000000000013 2.5000000000000004 0.35355392156862747 0.36931818181818182 1.6500000000000001 39.150000000000013 11.500000000000002 18.150000000000002 12.500000000000002 0.24264705882352941 3.5500000000000003 38.250000000000007 4.7500000000000009 -0.013600000000000247 5.5000000000000009 0.67708333333333337 38.650000000000013 0.19204425711275028 0.33000000000000013 105.00000000000001 -1.2102499999999983 0.42724867724867727 460.50000000000006 -0.12916666666666662 0.78560000000000241 1.2753999999999979 6.5000000000000009 0.16025641025641021 0.14116499442586397 8.5000000000000018 5.0500000000000007 0.6275499999999995 3.5000000000000004 14.850000000000003 -1.1169500000000026 -1.0000000180025095e-35 8.5000000000000018 36.750000000000007 2.5000000000000004 1342.0000000000002 0.82145000000000234 38.45000000000001 0.6897500000000002 0.26969696969696971 0.48975000000000085 -1.8499999999999999 4.6500000000000012
decision_type=2 2 2 2 2 2 2 2 2 2 2 2 2 2 2 2 2 2 2 2 2 2 2 2 2 2 2 2 2 2 2 2 2 2 2 2 2 2 2 2 2 2 2 2 2 2 2 2 2 2 2 2 2 2 2 2 2 2 2 2 2
left_child=1 2 15 4 17 54 -7 29 9 10 25 -12 -10 31 18 27 -17 -4 19 20 21 -15 -22 24 -20 36 -27 34 -29 40 -31 -14 33 -33 35 -1 37 -3 47 -40 57 -42 -43 44 -19 52 -47 -25 -30 -50 56 55 53 -36 -6 -52 59 58 -5 -38 -54
right_child=-2 8 3 7 5 6 -8 -9 12 -11 11 -13 13 14 -16 16 -18 43 23 -21 22 -23 -24 38 -26 26 -28 28 48 30 -32 32 -34 -35 45 -37 50 -39 39 -41 41 42 -44 -45 -46 46 -48 -49 49 -51 51 -53 60 -55 -56 -57 -58 -59 -60 -61 -62
leaf_value=-0.10665061846607007 -0.091159514627132898 0.031266128292007089 -0.07707765438617345 0 0 -0.10159202728570271 0.013924095801943561 -0.073578812653084857 -0.074362130201878623 -0.076809872898814496 0.02251566882553413 -0.1423735207433032 0.048098865624075032 0.020364259044177224 -0.055304326451776416 -0.12161592044520546 0.026696914716724911 0.031121565989776605 0.03130977011856869 -0.066952430237856353 0.033336024299209198 -0.11177459988416456 -0.036482549723073 0.028638210889673475 -0.087426599374231639 0.021840792215722073 -0.10083881117024682 -0.075812784940644112 0.037142592383164016 -0.081880637527866063 0.022930497056448781 -0.11932148269162199 0.038914563588645951 0.035829613058226545 -0.012401604332238669 0.019736692485721213 0.0064411673400998175 -0.099472686099268251 -0.087394115587837815 0.034503010669550971 0.034768093970699687 -0.11176381185231012 0 0.042273750682154498 -0.075326397364824743 -0.081026378668967461 0.039886130128072989 0.046026874177770627 -0.068796427560163312 0.030167732988243292 0 0.045363545105030448 0.027360502443647822 0.032523641727842154 0.034316197774255902 0.031906028337813981 0.027173156268297326 0.046635056089069309 0.031529924767926751 -0.031778354088660928 0.043384654681829275
leaf_weight=3.6285632923245421 8.5183521844446641 5.8534355163574219 5.3409806704148641 13.350066162645815 9.7607033327221888 59.465027284808457 12.803954988718031 10.291218832135199 8.7977484464645368 25.229150260798633 7.7784056067466762 9.6286270506679994 373.04823356308043 230.01629467122257 27.884804010391235 7.1036187168210736 8.8792059794068319 11.799312055110933 16.49454835057259 19.193129977211356 953.17872133012861 17.129323488101363 22.294877115637064 119.23791636899114 9.303278958424924 12.162452928721907 7.3798887711018315 8.2818902498111111 20.985256150364879 8.3355764821171778 13.159698009490965 8.3672748189419526 46.881728067994118 13.760808825492857 8.9885287284851092 3.7966926097869873 3.5173508524894714 4.4418059065937978 6.3378851227462283 29.984300516545773 16.097281269729141 4.6825297698378545 3.5824055969715118 45.573119632899761 4.6367406509816638 5.6280983500182655 14.522917553782461 436.03819308243692 4.2127159424126166 5.6110791638493502 15.651696819812058 138.34350326284766 62.826312735676765 16.057551477104425 19.013132762163877 16.630019053816795 10.310028925538061 73.512224266305566 19.21337354183197 6.5606218129396456 283.0859147105366
leaf_count=19 73 1 45 21 17 428 15 83 72 366 5 55 72 223 715 53 7 6 12 134 548 100 56 88 62 10 46 57 9 43 8 52 25 7 22 1 2 24 35 31 8 24 3 25 47 65 4 117 35 2 26 47 48 11 14 9 7 17 12 19 126
internal_value=0 0.0265319 0.0169479 -0.000991958 -0.0207518 -0.0497175 -0.0794092 0.018753 0.029373 0.0118377 0.021756 -0.0616626 0.0312958 0.0317494 0.0288477 0.0302967 -0.0315762 0.0208622 0.0301777 0.0259228 0.0274843 0.0106887 0.0316116 0.0385325 -0.00675441 0.0289024 -0.0182305 0.0328428 0 0.0258404 -0.0120034 0.0438522 0.0190822 -0.01732 0.0359928 -0.0255612 0.0340978 -0.013244 0.0407178 0.00975089 0.0330314 3.58365e-05 -0.0524925 0.0313398 0 0.0374814 0 0.0425188 0.0213613 0 0.0373022 0.0404768 0.0391889 0.011448 0.020546 0.0156611 0.00462189 0.0394351 0.0193348 -0.00616559 0.0408367
internal_weight=0 3385.66 784.226 330.617 168.393 101.043 72.269 162.224 2601.44 263.487 238.258 17.407 2337.95 2329.15 1887.09 453.608 15.9828 67.3502 1859.21 1241.81 1222.62 247.146 975.474 617.396 25.7978 220.851 19.5423 437.626 39.0909 151.933 21.4953 442.058 69.0098 22.1281 398.535 7.42526 201.308 10.2952 591.598 36.3222 130.438 24.3622 8.26494 62.0092 16.4361 391.109 20.151 555.276 30.8091 9.8238 191.013 170.625 370.958 25.0461 28.7738 32.2817 20.388 106.076 32.5634 10.078 345.912
internal_count=4314 4241 1275 816 597 474 443 219 2966 617 251 60 2349 2277 2121 459 60 123 1406 1061 927 323 604 345 74 191 56 399 103 136 51 156 84 59 296 20 135 25 271 66 85 35 27 78 53 276 69 205 46 37 110 82 207 33 31 35 28 50 33 21 174
is_linear=0
shrinkage=0.0493048


Tree=58
num_leaves=39
num_cat=0
split_feature=38 66 64 86 83 33 86 40 65 64 41 86 103 89 64 100 41 38 64 14 49 64 4 47 88 40 97 78 100 71 54 45 45 52 41 64 38 23
split_gain=47.6877 34.4089 115.53 70.7175 33.8718 44.7598 28.9005 63.6851 129.286 40.3765 158.402 90.866 35.6063 26.6724 62.7355 25.9997 66.917 25.3006 46.6926 24.7421 48.3932 24.1674 23.997 33.8663 20.4749 27.3111 18.7608 16.94 16.7192 47.495 15.8862 15.0862 12.7701 39.1489 12.3177 10.4823 1.85263 1.72176
threshold=145.00000000000003 1698.5000000000002 58.650000000000013 -796.49999999999989 -4.2499999999999991 1.0000000180025095e-35 -814.49999999999989 38.150000000000013 7.5000000000000009 9.1500000000000004 1.9500000000000002 -412.49999999999994 0.3588854381999827 510.50000000000006 9.9500000000000011 -1.7854500000000006 0.15000000000000005 3.5000000000000004 3.8500000000000001 1.5000000000000002 0.31009615384615391 2.0500000000000003 2.5000000000000004 37.850000000000001 16.500000000000004 37.150000000000013 -1.4194000000000029 10.500000000000002 -0.21024999999999841 25.000000000000004 37.650000000000013 65.000000000000014 9.5000000000000018 15.500000000000002 3.6500000000000008 22.250000000000004 13.500000000000002 1.5000000000000002
decision_type=2 2 2 2 2 2 2 2 2 2 2 2 2 2 2 2 2 2 2 2 2 2 2 2 2 2 2 2 2 2 2 2 2 2 2 2 2 2
left_child=1 2 4 21 5 -1 12 13 9 17 -11 -12 -6 15 30 16 -8 18 -9 26 -21 -3 32 -24 27 -26 -14 -17 35 -30 31 -15 33 -5 -19 -28 -34 -25
right_child=-2 3 -4 22 6 -7 7 8 -10 10 11 -13 19 14 -16 24 -18 34 -20 20 -22 -23 23 37 25 -27 28 -29 29 -31 -32 -33 36 -35 -36 -37 -38 -39
leaf_value=-0.10732441475949475 -0.088391171405533653 0.0072123056246381273 -0.054931249483129677 -0.07683522286622238 -0.096458466164183104 0.03630629564543901 0.033663573757100974 0.022305911659357473 -0.079266975011822158 -0.1160556031066685 -0.12199964508529151 0.030593898169368819 -0.087100615755308933 -0.084683861129916466 -0.10898573506441721 0.023284985113115796 -0.12860610522530552 0.031598428031435935 -0.10357112278274329 0.026893233246180277 -0.12310716246672299 -0.11415412262430638 -0.10235619703343445 0 -0.091853496589302919 0.030523719309567893 0.032531319540887157 0.035741706127576538 0.02923299497212695 -0.065533820778618385 0.035690164210563403 0.022223564238823185 0.027792245907792314 0.045283189381876206 -0.006435617002300489 0.047606190052695507 0.048717559121025364 0.038526846455521804
leaf_weight=10.772611282765865 8.3571426011621934 3.8165558651089659 43.590402103960514 8.3768705446273106 4.5660342723131171 8.56538987159729 17.84596981853247 20.622648328542713 38.877420136705041 26.580136358737946 10.132315557450054 109.64373113866895 2.3809172399342051 5.989742483943699 11.332548901438711 540.68813051190227 9.003919452428816 266.47411616519094 10.297594532370566 18.228263791650537 7.0244560064747921 9.4818868953734619 6.3647440001368549 7.57086128368974 7.7597835212945965 8.2749725356698018 305.40595187991858 752.30733508244157 169.48392606619745 13.167249648831783 37.750457093119621 4.0868382453918457 41.061607463285327 23.488296560943127 16.660242985934019 321.08377697877586 375.10199522413313 13.085825076326726
leaf_count=63 73 3 1172 48 28 2 10 18 340 164 63 94 16 26 68 515 49 193 52 13 44 64 43 17 41 4 204 412 167 65 18 1 57 4 35 70 49 9
internal_value=0 0.0260177 0.023792 0.038515 0.0250834 -0.0373352 0.0255706 0.0219976 0.00655592 0.0140783 -0.0066504 0.0166165 0.0334663 0.0274348 -0.00311615 0.0288808 -0.0162211 0.0241338 -0.0156666 0.0343278 -0.010024 -0.0700669 0.0418212 0 0.0299013 -0.0210298 0.0358615 0.0306296 0.0363806 0.0217097 0.0194312 -0.0290972 0.0445498 0.00923421 0.0289208 0.040458 0.0469541 0.0271829
internal_weight=0 3286.95 2798.6 488.349 2755.01 19.338 2735.67 1894.33 499.288 460.411 146.356 119.776 841.341 1395.04 59.1596 1335.88 26.8499 314.055 30.9202 836.775 25.2527 13.2984 475.05 27.0214 1309.03 16.0348 811.522 1293 809.141 182.651 47.827 10.0766 448.029 31.8652 283.134 626.49 416.164 20.6567
internal_count=4314 4241 3947 294 2775 65 2710 2103 959 619 321 157 607 1144 113 1031 59 298 70 579 57 67 227 69 972 45 522 927 506 232 45 27 158 52 228 274 106 26
is_linear=0
shrinkage=0.0493048


Tree=59
num_leaves=52
num_cat=0
split_feature=38 46 64 40 88 81 64 64 15 56 55 74 57 100 13 60 65 82 74 64 52 64 95 49 31 73 86 75 101 61 49 66 88 67 4 94 0 86 86 91 19 89 3 45 61 86 64 86 86 3 56
split_gain=44.3108 34.7783 122.143 41.7103 68.1262 89.5586 49.2192 37.8836 86.5452 32.9641 57.7591 28.4394 73.2043 58.5568 25.9121 103.375 22.6999 72.9068 23.1337 64.8017 18.9268 27.9324 18.8605 18.5768 40.1348 17.1105 13.7949 12.5967 12.0473 21.005 11.8467 38.3288 10.1379 9.46415 8.93057 33.1775 9.10697 13.6859 22.0196 5.80425 13.2278 5.69853 3.23916 3.71244 12.8018 2.84275 2.58443 2.38451 2.97162 1.77813 6.63841
threshold=145.00000000000003 14.500000000000002 53.45000000000001 40.750000000000007 9.5000000000000018 0.15000000000000005 3.3500000000000001 18.850000000000005 1.0000000180025095e-35 0.93933823529411764 0.45000000000000007 1.3500000000000003 -3.7499999999999996 -0.12310000000000083 1.5000000000000002 0.12313266443701222 7.5000000000000009 0.94281045751633996 2.3500000000000001 6.2500000000000009 85.000000000000014 10.65 -1.0349999999999993 0.63961038961038974 1.0000000180025095e-35 37.350000000000001 -890.49999999999989 0.89444444444444449 0.28059999999999974 0.31400560224089641 0.12916666666666668 1685.5000000000002 13.500000000000002 703.50000000000011 1.5000000000000002 0.12916666666666668 1.0000000180025095e-35 -573.49999999999989 -670.49999999999989 0.18465909090909091 2.5000000000000004 444.50000000000006 9.5000000000000018 6.5000000000000009 0.086581709145427274 -1175.9999999999998 5.5500000000000007 -597.49999999999989 -308.49999999999994 102.50000000000001 0.06904761904761901
decision_type=2 2 2 2 2 2 2 2 2 2 2 2 2 2 2 2 2 2 2 2 2 2 2 2 2 2 2 2 2 2 2 2 2 2 2 2 2 2 2 2 2 2 2 2 2 2 2 2 2 2 2
left_child=1 2 3 7 25 41 -7 9 -9 16 -11 12 -3 28 22 -16 18 -18 20 27 21 -1 -10 39 -25 26 -5 -20 34 -30 31 -24 -22 -32 36 -36 37 38 -14 47 -41 -6 43 -27 -45 -26 -47 -13 49 50 -49
right_child=-2 11 -4 4 5 6 -8 8 14 10 -12 23 13 -15 15 -17 17 -19 19 -21 32 -23 30 24 45 42 -28 -29 29 -31 33 -33 -34 -35 35 -37 -38 -39 -40 40 -42 -43 -44 44 -46 46 -48 48 -50 -51 -52
leaf_value=0.024510576933477527 -0.085722660787056509 -0.10448555608213111 -0.05786815056433315 0.0049238433571648435 0.045609447136253353 0.0015112197658300522 -0.099228022767307411 -0.08429123466388333 -0.058694742000549902 0.027637942317484558 -0.1558467825811129 0.047833067970690715 -0.14916227310515492 -0.080266824562407912 -0.097261236119061248 0.042233697293240509 -0.12405523740731386 0.042811860685448989 -0.018294351284531166 -0.10998181115401814 0.0034981953537864276 0.0030465134069377854 -0.089932766241086981 -0.091918740699405643 0.04585137315842186 0.03335061676337276 -0.098892750887007469 0.041234205095741591 -0.084747872428820578 0.031958302085630025 0.0033516929556891509 0.042856029731948256 0.042989667511367118 0.041891545586135011 -0.10855767333806114 0.040451529840397196 0.046390152878698285 0.033571274257966945 0.002680463681707726 -0.051089699807468761 0.034546348839505463 0 0.043495996434534473 0.028766019743175785 -0.089975260090612116 0.029026751181383301 -0.023264614415010366 0.0038058941079949483 0.035196228045443048 0.023474210892933507 -0.078874118876037028
leaf_weight=927.53997291252017 8.197526762261985 10.604697447270153 44.158813842572272 6.2843420766294003 21.55879845097661 13.441751435399054 39.262404696084559 14.046830981969832 3.7212386094033709 8.1399179995059949 6.9995423406362525 400.95510389283299 2.9478592891246072 11.145078631117938 17.164410637691617 50.607268610969186 10.568597629666328 14.572207450866699 9.6803912073373777 12.040861044079064 25.120433293282986 191.42133699171245 7.1600151807069805 7.6624557664617887 18.924469130113724 8.9892925322055834 3.9429644718766195 25.410461511462927 5.5810881741344955 10.488977611064909 23.039719969034195 19.06347076408565 171.30627632513642 717.58274623192847 4.6896077748388079 15.235354531556366 132.11856241337955 19.90037990547717 4.4245730973780155 4.6893470417708185 20.510796134360135 11.037278003990648 67.519574478268623 4.921442508697508 3.3219164852052927 5.3684420585632306 3.1636643335223198 3.531112886965273 26.603845607489347 6.0292355045676231 2.7094049416482449
leaf_count=810 73 68 1013 7 6 18 261 111 24 4 40 92 25 99 127 19 58 1 26 66 34 285 45 87 5 4 27 10 45 4 38 5 58 304 37 6 50 26 8 41 21 33 22 1 24 1 72 2 33 2 36
internal_value=0 0.0254548 0.0225478 0.0240577 0.000522447 -0.0307432 -0.0711931 0.0258839 0.0343085 0.0206756 -0.0491585 0.0353293 0.0193351 0.026311 0.0364474 0.00503908 0.0215283 -0.0224688 0.0224319 -0.00967986 0.0236772 0.02095 0.039048 0.0420227 0.00341069 0.0299115 -0.0231785 0.0212703 0.0330396 -0.000945578 0.0396871 0.0017943 0.0385736 0.0408607 0.0367782 0 0.0407169 0.00865657 -0.0416518 0.0446708 0.0136357 0.0308551 0.0377914 0.00819664 -0.00423551 0.034619 0 0.0461651 0.0257381 0 -0.0125067
internal_weight=0 3196.91 2479.62 2435.47 180.28 85.3002 52.7042 2255.19 852.386 1402.8 15.1395 717.284 217.136 206.531 838.339 67.7717 1387.66 25.1408 1362.52 47.1317 1315.39 1118.96 770.567 500.148 35.119 94.9795 10.2273 35.0909 195.386 16.0701 766.846 26.2235 196.427 740.622 179.316 19.925 159.391 27.2728 7.37243 465.029 25.2001 32.5961 84.7522 17.2327 8.24336 27.4566 8.53211 439.829 38.8736 12.2698 6.24052
internal_count=4314 4241 3481 2468 403 318 279 2065 673 1392 44 760 368 300 562 146 1348 59 1289 102 1187 1095 416 392 165 85 34 36 201 49 392 50 92 342 152 43 109 59 33 227 62 39 51 29 25 78 73 165 73 40 38
is_linear=0
shrinkage=0.0493048


Tree=60
num_leaves=62
num_cat=0
split_feature=38 46 64 95 11 64 58 15 90 95 61 75 64 57 48 65 101 71 74 57 100 73 75 45 64 13 48 64 49 31 92 64 100 64 13 15 61 98 52 64 100 101 61 89 99 93 14 7 4 94 0 86 86 103 46 83 54 64 98 64 40
split_gain=41.1927 34.3959 114.349 39.3049 61.4623 117.186 98.8272 49.5154 73.2835 55.5727 53.0685 50.42 98.7668 49.6505 49.4592 38.4036 34.2278 29.3101 27.2372 67.6081 54.8105 24.544 49.7248 34.5968 68.1024 24.4522 20.4157 34.6639 17.7165 37.385 16.1448 14.9943 21.6761 30.5861 144.845 25.2961 61.8985 19.5049 94.1319 14.9144 12.3228 11.3954 19.4201 9.3069 8.68764 8.50012 10.0102 23.4309 8.46778 30.626 8.75614 12.3729 19.7365 7.86763 15.5682 23.1208 6.95579 15.2426 5.79872 17.0315 5.47611
threshold=145.00000000000003 14.500000000000002 53.45000000000001 0.059999999999999658 1.0000000180025095e-35 11.350000000000003 18.500000000000004 3.5000000000000004 0.06904761904761901 0.089999999999999913 0.16035714285714289 0.13809523809523808 5.0500000000000007 2.7500000000000004 0.15000000000000005 7.5000000000000009 -0.24825000000000222 4.5000000000000009 1.3500000000000003 -3.7499999999999996 -0.12310000000000083 38.250000000000007 0.34313725490196084 55.000000000000007 4.6500000000000012 8.5000000000000018 0.75000000000000011 2.9500000000000006 0.63961038961038974 1.0000000180025095e-35 -0.24264705882352935 17.850000000000005 -0.22220000000000076 8.9500000000000011 1.5000000000000002 7.5000000000000009 0.32799692622950821 -0.35275000000000029 1.5000000000000002 2.1500000000000008 -0.80294999999999905 0.28059999999999974 0.31400560224089641 465.50000000000006 1.0753999999999986 -0.064583333333333284 7.5000000000000009 29.500000000000004 1.5000000000000002 0.12916666666666668 1.0000000180025095e-35 -573.49999999999989 -670.49999999999989 0.76592263053264731 8.5000000000000018 0.50000000000000022 39.150000000000013 4.8500000000000005 1.9465500000000024 8.3500000000000032 37.550000000000004
decision_type=2 2 2 2 2 2 2 2 2 2 2 2 2 2 2 2 2 2 2 2 2 2 2 2 2 2 2 2 2 2 2 2 2 2 2 2 2 2 2 2 2 2 2 2 2 2 2 2 2 2 2 2 2 2 2 2 2 2 2 2 2
left_child=1 2 3 21 6 16 7 8 10 -9 14 12 -11 -10 -5 -12 26 -13 19 -3 41 31 23 24 -23 -18 27 -6 58 -30 -8 32 33 35 -35 40 -37 45 -39 -24 -1 48 -43 -28 56 46 47 -33 50 -50 51 52 -21 54 55 -34 57 -25 -20 -60 -36
right_child=-2 18 -4 4 5 -7 30 9 13 11 15 17 -14 -15 -16 -17 25 -19 28 20 -22 22 39 44 -26 -27 43 -29 29 -31 -32 37 53 34 60 36 -38 38 -40 -41 -42 42 -44 -45 -46 -47 -48 -49 49 -51 -52 -53 -54 -55 -56 -57 -58 -59 59 -61 -62
leaf_value=0.036014619265451832 -0.083151228475388819 -0.1003748590615553 -0.057432032637156467 0.02621099256481739 0.025859206720463539 -0.097932901056426935 0 -0.1426711961820169 -0.10321094826569495 0.025990503451716652 0.025747152952342728 -0.0049164570227145012 -0.14233302350055718 0.022442675622020326 -0.11686018036899987 -0.074227582349932777 -0.12498781418115472 0.038480265741529657 0.045986348450559059 -0.13957030959462136 -0.07829043023658705 0.027390854791779384 0 0.020643947208812505 -0.096608937962493258 0.011666949791194942 -0.010039517429744646 -0.14372459840091431 -0.089660910538173128 0.034081775518932128 -0.10106216143609083 -0.091872037434377912 -0.13452927945350723 -0.137767051636391 0 -0.065061603204911361 0.039773392452401211 0.047476605517922162 -0.10892679873375861 -0.097654478616227072 0 -0.082183057889922195 0.031262214435695219 0.03534607443780316 0.04776391923955154 0.044886489689641186 0.043741566998244899 0.021512972757989718 -0.10454701463513162 0.039889886837658609 0.045957612583421896 0.032806658185360563 0.0025546045307498081 0.0424005876962174 0.029839029716910891 0.0097467679494431143 0.038010799772389761 -0.091955847601043972 0.036581545816554005 -0.055699045140581757 0.042031470966022673
leaf_weight=201.5437421631068 8.0394147317856532 10.498763890005646 42.345915623940527 8.2492850646376628 5.4217378944158536 31.386794586665928 2.8619565833359983 4.1586542278528205 22.943501450121403 29.01030495762825 245.37620761618018 35.089538029395044 11.575632469728587 9.2823751652613264 13.589001715183256 9.0896751992404443 7.228504464030264 579.50877022184432 417.47243147436529 2.9961833320558044 10.870815282687543 30.914344370365143 2.1992139816284171 5.1077419966459274 15.968444488942621 3.0127553939819336 8.1199925988912565 4.6796141006052494 7.473731384612619 26.542052753269672 18.199159989133477 5.5714588277041939 3.715097460895775 16.741585068404675 13.994570657610891 23.937029700726271 31.343559466302395 37.886415250599384 12.241204049438236 12.428771575912831 26.179776005446911 5.4752429742366067 10.201877396553753 75.179092608392239 65.325049109756947 403.68505388125777 20.187020771205425 20.809113405644894 4.6321737514808801 14.701996300369499 126.91717635840178 19.374263659119613 4.4155694097280485 205.42912600561976 46.750487117096782 5.1775950118899345 9.1698141098022461 4.5244368854910135 24.001936189830307 5.2674267161637536 32.003606081008911
leaf_count=120 73 68 1013 6 3 213 4 23 145 22 206 69 72 15 85 61 39 282 145 25 99 26 1 2 122 1 16 27 87 78 115 33 21 92 21 75 12 3 82 86 39 45 4 43 12 104 3 15 37 6 50 26 8 82 29 3 1 28 13 69 9
internal_value=0 0.0249131 0.0220008 0.0234692 0.0165208 -0.0141348 0.0208325 0.0232335 0.00641586 0.0309138 0.0149894 0.0322127 -0.0190355 -0.0631776 -0.0571741 0.0216779 0.010067 0.0358002 0.0349295 0.018996 0.0259143 0.029603 0.00933524 0.0197238 -0.012233 -0.0727801 0.0205052 -0.0406538 0.0416317 0.0031794 -0.083471 0.0321562 0.0262882 0.0174972 -0.012349 0.0245538 -0.0033853 0.0390217 0.0067558 -0.0750546 0.0318816 0.0325888 -0.000536404 0.0294274 0.0390081 0.042337 0.0175511 0 0.0363079 0 0.0402237 0.00839503 -0.0385747 0.0374504 0.0169266 -0.0368812 0.00195437 -0.0195203 0.0442808 0.0156855 0.0306653
internal_weight=0 3109.98 2419.14 2376.8 1123.96 135.028 988.934 967.873 308.53 659.343 276.304 655.184 40.5859 32.2259 21.8383 254.466 103.642 614.598 690.842 210.084 199.585 1252.83 145.638 131.01 46.8828 10.2413 93.4004 10.1014 480.758 34.0158 21.0611 1107.2 606.816 345.744 62.7398 283.004 55.2806 500.38 50.1276 14.628 227.724 188.714 15.6771 83.2991 84.127 450.253 46.5676 26.3806 173.037 19.3342 153.703 26.786 7.41175 261.072 55.6432 8.89269 18.802 9.63218 446.742 29.2694 45.9982
internal_count=4314 4241 3481 2468 1447 342 1105 986 518 468 358 445 94 160 91 267 129 351 760 368 300 1021 278 191 148 40 89 30 392 165 119 743 503 368 122 246 87 240 85 87 159 201 49 59 43 155 51 48 152 43 109 59 33 135 53 24 31 30 227 82 30
is_linear=0
shrinkage=0.0493048


Tree=61
num_leaves=62
num_cat=0
split_feature=38 46 64 95 11 64 58 15 90 95 61 75 64 57 48 65 101 71 74 57 100 99 73 75 45 64 13 49 31 92 5 61 64 100 64 78 15 61 98 103 64 100 101 61 40 89 99 93 61 4 94 0 86 95 103 46 83 54 64 91 83
split_gain=38.3576 33.2313 107.312 37.6834 57.0987 108.274 90.9117 46.6258 67.0182 50.1129 48.5164 47.0703 89.0238 45.8455 45.3834 35.61 30.7848 28.1845 25.9443 62.5002 51.3192 23.822 22.7816 45.7064 32.653 63.1664 22.2173 17.0589 34.6897 15.2408 15.0282 16.8296 14.8908 20.7627 28.1479 132.984 23.7306 55.2327 18.3294 87.763 14.1898 11.7992 10.7776 17.957 10.2456 9.96016 8.21748 8.18713 9.91263 8.02532 28.2889 8.41539 11.1868 23.4264 7.5796 14.1574 20.6506 6.39715 14.0031 5.98923 14.6857
threshold=145.00000000000003 14.500000000000002 53.45000000000001 0.059999999999999658 1.0000000180025095e-35 11.350000000000003 18.500000000000004 3.5000000000000004 0.06904761904761901 0.089999999999999913 0.16035714285714289 0.13809523809523808 5.0500000000000007 2.7500000000000004 0.15000000000000005 7.5000000000000009 -0.24825000000000222 4.5000000000000009 1.3500000000000003 -3.7499999999999996 -0.12310000000000083 -1.1231000000000007 38.250000000000007 0.34313725490196084 55.000000000000007 4.6500000000000012 8.5000000000000018 0.63961038961038974 1.0000000180025095e-35 -0.24264705882352935 1.5000000000000002 0.49242424242424249 17.850000000000005 -0.22220000000000076 8.9500000000000011 1.0000000180025095e-35 7.5000000000000009 0.32799692622950821 -0.35275000000000029 0.16864966121328678 2.1500000000000008 -0.80294999999999905 0.28059999999999974 0.31400560224089641 37.550000000000004 469.50000000000006 1.0753999999999986 -0.064583333333333284 0.10063291139240506 1.5000000000000002 0.12916666666666668 1.0000000180025095e-35 -573.49999999999989 -0.30999999999999966 0.76592263053264731 8.5000000000000018 0.50000000000000022 39.150000000000013 4.8500000000000005 0.18465909090909091 -1.7499999999999998
decision_type=2 2 2 2 2 2 2 2 2 2 2 2 2 2 2 2 2 2 2 2 2 2 2 2 2 2 2 2 2 2 2 2 2 2 2 2 2 2 2 2 2 2 2 2 2 2 2 2 2 2 2 2 2 2 2 2 2 2 2 2 2
left_child=1 2 3 22 6 16 7 8 10 -9 14 12 -11 -10 -5 -12 21 -13 19 -3 42 -6 32 24 25 -24 -18 59 -29 -8 31 -23 33 34 36 44 41 -38 47 -40 -25 -1 49 -44 -36 -32 57 48 -34 51 -51 52 53 -21 55 56 -35 58 -26 -20 -61
right_child=-2 18 -4 4 5 -7 29 9 13 11 15 17 -14 -15 -16 -17 26 -19 27 20 -22 30 23 40 46 -27 -28 28 -30 -31 45 -33 38 54 35 -37 37 -39 39 -41 -42 -43 43 -45 -46 -47 -48 -49 -50 50 -52 -53 -54 -55 -56 -57 -58 -59 -60 60 -62
leaf_value=0.035303703811742394 -0.080673976086181834 -0.09654666959152379 -0.056998331514984166 0.025455690877606067 -0.1018745383417298 -0.095142737221078216 0 -0.13176880017420969 -0.099564920413243482 0.02526426954305214 0.024988359948726637 -0.0046604849777725429 -0.13464231673516391 0.021679848381199705 -0.11226264628283147 -0.072224302551707531 -0.11807789534052042 0.037816735580820465 0.045432330298160829 0.01910231858228302 -0.076407850718277576 -0.076491572096301044 0.02659423851145256 0 0.01998298759895668 -0.094140463489676932 0.01121150643745031 -0.087451902889747302 0.033186654502369205 -0.097732844553539894 0 0.030206324140521715 -0.058854240563671299 -0.12569201295032903 0 -0.13478094189046191 -0.059592049421573985 0.039164158031906968 0.047338656852605056 -0.10529451633510667 -0.094709706410526937 0 -0.079726951351144784 0.030565392899847249 0.045775489068548302 0.043726447564953697 0.047408979095366344 0.044437826734923976 0.025301650998311654 -0.1007759870889499 0.039322156406253861 0.045518333654590279 0.032040287366775326 -0.13825566251059632 0.041822432013319248 0.029093125714795075 0.0093496247537276211 0.037441737799186268 -0.08821277914148816 0.037084287545160494 -0.049728725588369847
leaf_weight=195.61548968404531 7.8827405935153356 10.381185621954499 40.608060407452285 8.0805613100528735 3.3206380978226653 30.7317940085195 2.8619565833359983 4.2802177816629401 22.620343420654539 28.389527667313814 240.48724687844515 35.190921460278332 11.633794154971836 9.1400567274540645 13.45284771453589 8.8872420592233521 7.2749177478253824 561.06833702791482 405.38869583886117 4.0817432254552815 10.597194760106502 6.7709583416581136 30.287468358874321 2.1992139816284171 5.0198898017406464 15.589635443873702 2.982719898223877 7.2902184640988699 25.930485671386123 17.899904809892178 14.922329455614088 5.6311435699462891 2.9115559794008723 3.7808511033654195 15.41990180313587 16.113017205148935 24.824868965893984 30.28877741843462 36.217098064720631 12.069775832816957 12.190437362529336 26.179776005446911 5.3693710849620393 9.9277057386934739 30.219393635168672 60.604879528284073 62.636622533202171 388.04838527739048 42.499492887407541 4.5713818883523372 14.192224618047474 121.94873415865004 18.873102337121971 3.3652382837608439 198.18288638070226 45.614672800526023 5.1339700520038605 8.8585433959960938 4.486278579570353 18.407408414408568 5.507997151464223
leaf_count=120 73 68 1013 6 18 213 4 23 145 22 206 69 72 15 85 61 39 282 165 4 99 27 26 1 2 122 1 87 78 115 22 1 15 21 23 93 75 12 2 83 86 39 45 4 6 21 12 104 36 37 6 50 26 29 82 29 3 1 28 9 53
internal_value=0 0.0244493 0.0215522 0.0229873 0.016102 -0.0137201 0.0203223 0.0226729 0.00620195 0.0302606 0.0145198 0.0315529 -0.0181874 -0.0607761 -0.0548589 0.0210159 0.00972993 0.0351011 0.0344915 0.0186565 0.0255158 0.0199071 0.0290996 0.00920525 0.0194327 -0.011764 -0.0684882 0.0411812 0.00291106 -0.0803468 0.0259575 -0.0180969 0.0316023 0.0257011 0.0170193 -0.0117527 0.0238853 -0.0030732 0.038586 0.00656581 -0.0721854 0.0311441 0.0321348 -0.000128367 0.0290283 0.0348421 0.0386337 0.0418653 0.0171297 0.0358332 0 0.0397244 0.0081368 -0.035691 0.0368398 0.0164373 -0.034288 0.00191292 -0.018177 0.0438526 0.0118559
internal_weight=0 3017.06 2351.23 2310.62 1096.23 132.239 963.993 943.231 302.668 640.563 270.908 636.283 40.0233 31.7604 21.5334 249.374 101.508 596.259 665.833 203.308 192.927 91.2499 1214.39 141.268 126.878 45.8771 10.2576 462.525 33.2207 20.7619 87.9293 12.4021 1073.12 591.374 338.661 61.7523 276.909 55.1136 481.746 48.2869 14.3897 221.795 182.33 15.2971 45.6393 75.5272 81.0013 433.459 45.411 167.032 18.7636 148.269 26.3201 7.44698 252.712 54.5295 8.91482 18.3647 9.50617 429.304 23.9154
internal_count=4314 4241 3481 2468 1447 342 1105 986 518 468 358 445 94 160 91 267 129 351 760 368 300 89 1021 278 191 148 40 392 165 119 71 28 743 503 368 122 246 87 240 85 87 159 201 49 29 43 43 155 51 152 43 109 59 33 135 53 24 31 30 227 62
is_linear=0
shrinkage=0.0493048


Tree=62
num_leaves=62
num_cat=0
split_feature=38 46 64 95 11 64 58 15 90 75 64 61 57 48 101 71 95 80 64 68 74 64 74 64 13 89 95 99 13 65 98 46 89 66 86 64 64 102 92 5 61 54 83 91 99 15 7 89 54 40 41 78 3 19 7 7 52 72 3 42 15
split_gain=35.7206 32.1207 100.682 36.0224 53.0258 100.149 83.669 43.8687 61.3131 46.2538 81.8559 44.3514 42.4392 41.7423 27.7335 26.9702 38.4275 25.5132 49.1673 22.7579 22.0706 22.0175 27.8072 62.9665 23.5278 51.9683 22.4932 21.9336 20.3072 18.9077 15.8469 14.7998 28.0362 52.2619 25.1027 40.8591 15.1886 59.2363 14.4211 13.9604 14.8935 13.3861 12.154 51.1804 11.3437 11.0027 24.8522 9.64582 9.1566 8.06165 6.0344 5.32239 27.3781 5.14423 5.16406 13.3898 4.94717 4.74596 3.11454 15.7279 13.8074
threshold=145.00000000000003 14.500000000000002 53.45000000000001 0.059999999999999658 1.0000000180025095e-35 11.350000000000003 18.500000000000004 3.5000000000000004 0.06904761904761901 0.13809523809523808 5.0500000000000007 0.16035714285714289 2.7500000000000004 0.15000000000000005 -0.24825000000000222 3.5000000000000004 0.089999999999999913 37.850000000000001 13.450000000000001 938.50000000000011 0.65000000000000002 17.850000000000005 2.0500000000000003 3.1500000000000008 1.5000000000000002 413.50000000000006 -1.0349999999999993 -1.1231000000000007 8.5000000000000018 1.5000000000000002 -1.7194000000000003 8.5000000000000018 495.50000000000006 1308.0000000000002 13.500000000000002 10.350000000000003 12.550000000000002 0.311338004711459 -0.24264705882352935 1.5000000000000002 0.49242424242424249 37.650000000000013 -1.9499999999999997 0.060661764705882353 0.95175000000000065 1.0000000180025095e-35 1.0000000180025095e-35 469.50000000000006 34.850000000000001 35.95000000000001 0.15000000000000005 5.5000000000000009 14.500000000000002 1.5000000000000002 4.5000000000000009 2.5000000000000004 105.00000000000001 12.500000000000002 9.5000000000000018 0.25833333333333336 9.5000000000000018
decision_type=2 2 2 2 2 2 2 2 2 2 2 2 2 2 2 2 2 2 2 2 2 2 2 2 2 2 2 2 2 2 2 2 2 2 2 2 2 2 2 2 2 2 2 2 2 2 2 2 2 2 2 2 2 2 2 2 2 2 2 2 2
left_child=1 2 3 21 6 14 7 8 11 10 56 13 -10 -5 27 29 -17 19 41 48 -13 22 31 -24 26 -26 -23 -6 -16 -11 -28 32 34 49 35 -1 -33 -38 -8 40 -29 44 43 -21 -19 46 -32 -41 -3 -34 -36 52 -44 54 55 -45 -9 -47 -53 -60 -61
right_child=-2 17 -4 4 5 -7 38 9 12 15 -12 20 -14 -15 28 16 -18 18 -20 42 -22 24 23 -25 25 -27 30 39 -30 -31 45 36 33 -35 50 -37 37 -39 -40 47 -42 -43 51 53 -46 57 -48 -49 -50 -51 -52 58 -54 -55 -56 -57 -58 -59 59 60 -62
leaf_value=0.011306645301792047 -0.078287826158128432 0.01101062386266753 -0.056566639481641375 0.024707918592226649 -0.097307860202973495 -0.092533713101129206 0 0 -0.096207589151485903 0.0030118233019316262 -0.12859018646173345 0.032942084713114682 0.020931585514827426 -0.10802521572207906 -0.11201135570081902 -0.11159868598384919 0.036257120306152794 -0.068039329885745556 -0.069293516703136063 -0.10066593829348852 0.0015275727624118212 -0.062009494135514223 0.031420926032152519 -0.11332059986819355 0.041693339304031268 -0.093728046588065231 -0.048349407557971666 -0.070439478840497269 0.010769803462042116 -0.10134202275390163 0.036991025097224947 0.037065838608098485 0.027641764147366646 -0.13196538017693166 0.0031260744591689129 -0.10193891641142677 -0.11487826603052466 0.039749133752126992 -0.094648991697146315 0 0.029515937920056488 0.036838663264199829 -0.077604863607524222 -0.12108713323187693 0.020344038565276175 0.044061678172105413 -0.094997825117020776 0.043175638465746999 -0.0555272425549901 -0.028764157113524948 0.035782982619825279 0.047658135142845975 0.036919989291319344 0.040021387098230665 0.030563698462634407 0.0064877348027070278 0.043479491279591317 0.013776645408380276 0.042252977849586197 -0.10621021461305652 0.0060470654652105835
leaf_weight=102.69496252760291 7.7274665078148237 7.8323288373649111 38.942388525698334 7.9197756424546268 3.3069902956485739 30.058226246386766 2.8619565833359983 13.825739674270155 22.265571746043864 9.2652118951082212 12.060205100104211 142.62211361154914 9.0047202063724381 13.296481646597384 7.2920989356935006 3.8680972009897223 563.93166698049754 5.9919061399996263 15.803022217471151 7.4061335939913979 101.88471382390708 4.3018922843039027 17.28378098458052 11.743382966145871 19.180570188909773 10.561917974613605 3.5504380464553824 6.9873613864183408 2.9540896415710449 5.5587180592119685 13.528630254790189 255.70386411994696 18.341915726661686 8.3303482811897975 24.258060872554779 8.2913623750209791 7.999432284384965 24.00578299164772 17.580922167748213 14.922329455614088 5.4832630157470703 57.030988939106464 5.2332140523940316 2.5477639678865653 5.4905305691063404 439.9117717705667 4.6039623944088808 58.407393701374531 8.0117605337873083 7.8265709094703189 169.99749348312616 349.76608889456838 39.955089629627764 53.126608752645552 7.5996090471744537 2.7580461502075195 14.077452421188353 25.550850311294198 57.995702121406794 2.9863717276602975 12.357390584424136
leaf_count=122 73 9 1013 6 18 213 4 20 145 11 74 94 15 85 39 20 309 31 203 45 173 29 13 80 4 75 21 27 1 31 11 147 12 50 31 46 45 7 115 22 1 35 58 21 2 144 33 21 108 26 95 96 38 23 2 1 3 30 23 27 38
internal_value=0 0.0239812 0.0210992 0.0225013 0.0156885 -0.0133291 0.0198159 0.0221156 0.00599175 0.0296067 -0.0197784 0.0140576 -0.0585175 -0.0526658 0.00940563 0.0332085 0.0350242 0.03405 0.00690968 0.0379305 0.0203623 0.0285818 0.0220815 -0.0229219 0.036529 -0.00227268 0.0391302 0.0193315 -0.0645982 -0.0278928 0.0402829 0.0243627 0.0166317 -0.0238026 0.0216111 0.00169778 0.0330567 0 -0.0774231 0.0253126 -0.016585 0.0263261 0.0397046 0.0179304 -0.0150449 0.0411941 0 0.0341372 -0.0148507 0.00601061 0.0323462 0.0428522 0.0208588 0.0331594 0 -0.0318671 0.0229003 0.0426675 0.0449053 0.0300662 -0.00790253
internal_weight=0 2927.94 2286.04 2247.1 1069.44 129.412 940.023 919.58 296.993 622.587 39.9634 265.723 31.2703 21.2163 99.3535 582.624 567.8 641.893 84.3164 557.576 244.507 1177.67 656.477 29.0272 521.19 29.7425 491.448 89.1073 10.2462 14.8239 487.146 627.45 339.741 34.4988 305.242 110.986 287.709 32.0052 20.4429 85.8003 12.4706 68.5134 541.732 73.4382 11.4824 483.595 18.1326 73.3297 15.8441 26.1685 194.256 468.294 45.1883 66.032 12.9054 5.30581 27.9032 465.463 423.106 73.3395 15.3438
internal_count=4314 4241 3481 2468 1447 342 1105 986 518 468 97 358 160 91 129 371 329 760 271 489 267 1021 674 93 347 79 268 89 40 42 239 581 382 88 294 168 199 52 119 71 28 68 372 92 33 218 44 43 117 38 126 280 96 47 24 22 23 174 184 88 65
is_linear=0
shrinkage=0.0493048


Tree=63
num_leaves=41
num_cat=0
split_feature=38 66 64 86 83 86 40 65 64 7 68 103 14 49 97 89 64 4 47 100 41 64 54 101 83 97 100 90 54 60 60 45 52 64 83 63 38 1 64 23
split_gain=33.262 31.2655 84.1368 57.2322 27.4512 26.3382 49.8924 100.297 36.0695 113.418 98.7717 29.594 27.2034 41.7559 23.1329 22.6315 47.5734 21.372 26.828 20.9116 54.2469 18.7657 18.4105 46.8741 18.3389 15.3635 15.4887 49.3302 14.399 35.933 13.4377 12.7801 32.7822 11.3069 10.4455 10.3846 2.90589 6.10256 6.23502 1.47523
threshold=145.00000000000003 1698.5000000000002 58.650000000000013 -796.49999999999989 -7.4999999999999991 -814.49999999999989 38.150000000000013 7.5000000000000009 6.4500000000000011 21.500000000000004 609.00000000000011 0.3588854381999827 1.5000000000000002 0.31009615384615391 0.58559999999999957 510.50000000000006 9.9500000000000011 2.5000000000000004 37.850000000000001 -1.7854500000000006 0.15000000000000005 2.0500000000000003 35.45000000000001 -0.4670499999999968 -2.3499999999999992 -1.4194000000000029 -0.21024999999999841 0.10555555555555557 37.650000000000013 0.10985834974274276 0.018693221523410155 9.5000000000000018 15.500000000000002 22.250000000000004 -2.7499999999999996 3.5000000000000004 11.500000000000002 1.0000000180025095e-35 3.3500000000000001 1.5000000000000002
decision_type=2 2 2 2 2 2 2 2 2 2 2 2 2 2 2 2 2 2 2 2 2 2 2 2 2 2 2 2 2 2 2 2 2 2 2 2 2 2 2 2
left_child=1 2 4 21 -1 11 15 8 30 10 -10 -6 25 -14 -11 19 28 31 -19 20 -7 -3 23 -21 -24 -13 33 -28 29 -17 34 32 -5 -27 -8 -32 37 -33 -39 -20
right_child=-2 3 -4 17 5 6 7 -9 9 14 -12 12 13 -15 -16 16 -18 18 39 22 -22 -23 24 -25 -26 26 27 -29 -30 -31 35 36 -34 -35 -36 -37 -38 38 -40 -41
leaf_value=-0.074012798151747494 -0.075989530912375022 0.0034260927138325499 -0.053024098437315127 -0.07348637786057538 -0.087277736158791031 0.032079285485818516 0.024888466511561149 -0.0757467332364513 0.016071723610777813 -0.070828972754609948 -0.095354662476910643 -0.075371806522997381 0.022695531719708749 -0.1133047104938443 0.031512749697093993 -0.16390924244635452 -0.099626028449449441 -0.09523388664184744 0 0.018210231929804168 -0.11596082244196386 -0.10271665789177273 -0.0087066314015984397 -0.083711401153316864 0.030556958528527762 0.02995155205567452 0.025732214040670134 -0.10160194870512225 0.032932953473901717 0.024121761696369683 -0.001103849657118664 0.034082800382375912 0.043336590243520663 0.046548949878617213 -0.044563963755925695 0.033146601319427475 0.047623189571348479 0.0087302336028428681 -0.074872080202264518 0.035956522580862842
leaf_weight=6.5191821157932273 7.5735838701948515 3.5411400645971289 35.493656014557928 7.9500103984028128 4.531634470447897 16.366889823228124 7.8536496758461025 34.351853047031909 30.007135421037674 4.9046794008463612 46.937971072271466 2.39441805332899 15.807300403714182 7.7643553302623323 115.0021697031334 3.4410141184926015 10.712698780000208 5.9578134408220675 6.8354937750846174 153.10562592372298 8.9724580477923137 9.0384084023535234 24.775224100798368 11.48521541059017 951.79860792309046 272.35233718156815 152.60477285087109 7.411129134707152 33.102007664740086 5.9864824861288071 16.557358458638191 24.053034168668095 19.883372731506824 265.6817390890792 11.114017847925423 180.60425767675042 312.57018000818789 2.8469865322113028 2.7373972907662392 11.151319760829209
leaf_count=37 73 3 1172 48 28 10 4 343 49 28 245 16 13 48 98 24 68 43 17 159 49 64 52 54 716 208 180 56 18 3 31 29 4 70 36 132 54 1 22 9
internal_value=0 0.0235018 0.0212667 0.0365938 0.0224169 0.0227323 0.0191145 0.00468192 0.0116788 -0.00302988 -0.0502973 0.0308387 0.0317538 -0.0169333 0.0262709 0.0243053 -0.00524466 0.0400961 -0.00014972 0.0257608 -0.0155252 -0.0630508 0.0267869 0.0103269 0.0294333 0.0335705 0.034126 0.0190374 0.0156682 -0.03171 0.0256491 0.0430361 0.00545748 0.0383809 -0.00926985 0.02964 0.0457284 0.0215224 -0.0103244 0.0245656
internal_weight=0 2844.2 2437.64 406.565 2402.15 2395.63 1667.08 447.333 412.981 196.852 76.9451 728.548 724.016 23.5717 119.907 1219.75 53.2422 393.986 23.9446 1166.5 25.3393 12.5795 1141.16 164.591 976.574 700.444 698.05 160.016 42.5295 9.4275 216.129 370.041 27.8334 538.034 18.9677 197.162 342.208 29.6374 5.58438 17.9868
internal_count=4314 4241 3947 294 2775 2738 2119 966 623 420 294 619 591 61 126 1153 113 227 69 1040 59 67 981 213 768 530 514 236 45 27 203 158 52 278 40 163 106 52 23 26
is_linear=0
shrinkage=0.0493048


Tree=64
num_leaves=51
num_cat=0
split_feature=66 64 86 83 93 98 64 92 64 89 67 95 73 64 89 15 14 41 60 60 58 97 4 4 47 64 85 45 95 45 52 4 52 56 78 5 49 80 86 85 38 1 90 23 86 64 86 64 64 60
split_gain=32.4371 80.5033 53.2497 29.3596 25.1088 31.5102 80.5967 44.8331 111.497 126.181 36.154 36.1076 30.2681 61.7899 29.6432 25.3859 37.2078 37.1072 24.9938 23.9649 32.4281 23.4691 21.622 20.5477 24.8006 17.5513 16.8121 15.9277 13.4235 12.2387 30.5182 11.8848 9.62464 12.6256 7.65325 9.76465 25.9633 8.29574 8.42791 8.87057 2.87613 5.65471 5.76127 1.38407 1.15805 2.34621 5.15149 1.135 0.607686 0.0514939
threshold=1698.5000000000002 58.650000000000013 -796.49999999999989 -7.4999999999999991 0.10555555555555557 -0.75274999999999881 34.050000000000004 -1.0000000180025095e-35 7.7500000000000009 421.50000000000006 436.50000000000006 1.5400000000000003 38.150000000000013 5.1500000000000012 525.50000000000011 3.5000000000000004 1.0000000180025095e-35 1.4500000000000002 0.10403138528138527 0.024540800963565156 24.500000000000004 -1.4029499999999968 1.5000000000000002 2.5000000000000004 37.850000000000001 2.0500000000000003 52.500000000000007 10.500000000000002 -1.0349999999999993 9.5000000000000018 15.500000000000002 3.5000000000000004 85.000000000000014 0.34313725490196084 5.5000000000000009 1.0000000180025095e-35 0.12132352941176471 37.750000000000007 -916.49999999999989 57.250000000000007 11.500000000000002 1.0000000180025095e-35 0.48333333333333339 1.5000000000000002 -714.49999999999989 2.3500000000000001 -1.0000000180025095e-35 11.550000000000002 6.6500000000000012 -1.0000000180025095e-35
decision_type=2 2 2 2 2 2 2 2 2 2 2 2 2 2 2 2 2 2 2 2 2 2 2 2 2 2 2 2 2 2 2 2 2 2 2 2 2 2 2 2 2 2 2 2 2 2 2 2 2 2
left_child=1 3 25 -1 5 10 7 8 19 -10 18 14 15 -14 21 16 22 -18 -5 20 -7 -9 -12 29 -25 -2 -16 -21 -17 30 -4 -30 34 -34 35 44 -37 47 -39 -40 41 -31 -43 -26 -6 -46 -47 48 -36 -11
right_child=2 -3 23 4 32 6 -8 11 9 49 12 -13 13 -15 26 28 17 -19 -20 27 -22 -23 -24 24 43 -27 -28 -29 31 40 -32 -33 33 -35 37 36 -38 38 39 -41 -42 42 -44 -45 45 46 -48 -49 -50 -51
leaf_value=-0.074810776873596968 0.003268764627058648 -0.052716646623290356 -0.071105628944966651 -0.10792823636457267 0.039735499590909176 -0.13303702509471999 -0.064900510203104916 -0.065956971560135566 0.034988529771230362 0 0.025664571752142682 -0.082354337809322192 0.029136384341501616 -0.10903202938916161 0.0075168151428444564 -0.053443379626888256 -0.18022430497632461 0 0.0023400728079055423 -0.0085357382082321912 0.018235672040809277 0.023426534995359006 -0.025992584326171183 -0.09209267565577206 0 -0.098965253856200378 -0.098724811586509739 0.034200862572710516 0.039482353757706201 0.033376565612214956 0.042869574919734699 0.016414233033078256 0.021958437870663629 -0.081823631285915896 0.0030172086887882022 0.027938857754733516 -0.11209175531196276 0.031933758653380051 -0.068068163233229159 0.010953007619241546 0.04734111354085254 -0.072114877006508094 0.0083696907265861601 0.035238956001003054 0.032835229833031221 -0.042807956363621863 0.026227117148661563 0.04662561628312345 0.032713708820216417 -0.12107600149082456
leaf_weight=7.0541058406233779 3.530496045947074 35.084988845512271 7.8156188316643265 7.7325462605804232 20.119250729680061 5.6796568892896158 29.841595334932208 6.4456581547856322 17.996329452842474 0.086025528609751656 166.57203883491457 7.6661084219813338 22.309006914496422 11.611233320087193 3.1947686765342933 2.9170791730284682 4.5563066545873863 4.6865082979202271 8.4237630851566774 21.491344675421715 5.8260247819125652 936.0096398377791 19.967419797554612 5.8811953589320209 6.8354937750846174 8.9226819518953544 7.6481652352958918 98.565388862043619 511.10530934296548 23.368987835943702 19.128249250352383 82.923902737908065 11.689252423122523 3.7059307880699626 12.615873053669928 7.2817412167787534 4.8467454575002193 17.349377352744344 5.5074858162552101 3.9704836010932922 299.24867014680058 2.7040813053026787 2.8252379894256592 10.826292812824247 5.9403798580169669 4.9876095438376042 4.7935452461242685 195.40343347936869 28.906635530292988 35.226920053362846
leaf_count=40 3 1203 48 49 8 31 308 24 8 1 169 56 16 74 4 15 29 7 12 43 4 975 55 45 17 64 43 61 238 29 4 104 19 27 17 2 35 12 36 2 55 22 1 9 2 21 1 41 16 209
internal_value=0 0.020366 0.0362224 0.0215095 0.0218533 0.0196567 0.0142149 0.0163858 -0.00531929 -0.065964 0.0270992 0.0206909 0.0286189 -0.0145598 0.0216529 0.0306239 0.0141364 -0.0796766 -0.0428711 0.0183199 -0.0458353 0.0226809 0.0194649 0.0397237 0 -0.060094 -0.0560642 0.0255149 0.0358219 0.0426994 0.00515149 0.0364726 0.035024 0 0.0369094 0.0143795 -0.0179533 0.0405332 0.00825634 -0.0219717 0.0454027 0.0210001 -0.0088406 0.023916 0.0287937 0.00684322 0 0.0436614 0.0266931 -0.120914
internal_weight=0 2387.74 391.087 2352.65 2345.6 2018.48 1175.68 1145.84 184.872 53.3093 842.805 960.964 826.649 33.9202 953.298 792.729 195.782 9.24281 16.1563 131.562 11.5057 942.455 186.539 378.634 23.543 12.4532 10.8429 120.057 596.946 355.091 26.9439 594.029 327.118 15.3952 311.723 47.9693 12.1285 263.753 26.8273 9.47797 328.147 28.8983 5.52932 17.6618 35.8408 15.7215 9.78115 236.926 41.5225 35.3129
internal_count=4314 4017 297 2814 2774 2535 1767 1459 357 218 768 1102 707 90 1046 617 260 36 61 139 35 999 224 230 71 67 47 104 357 159 52 342 239 46 193 69 37 124 50 38 107 52 23 26 32 24 22 74 33 210
is_linear=0
shrinkage=0.0493048


Tree=65
num_leaves=58
num_cat=0
split_feature=46 64 64 15 97 64 13 60 65 82 74 57 100 74 64 52 56 72 64 88 67 93 49 31 80 3 75 64 86 65 95 40 99 64 72 90 80 86 86 98 64 90 41 3 7 45 100 60 60 60 61 86 86 60 60 86 97
split_gain=32.0252 85.5259 36.1492 78.571 39.0035 51.4787 28.8226 87.4424 26.4806 61.7899 24.7923 52.2843 43.6653 20.1476 46.3525 21.9448 26.1818 23.9328 60.5629 19.8268 16.8511 56.1926 16.3334 28.688 16.0316 13.9641 11.147 14.8289 9.24029 8.32934 8.16981 8.38342 35.9405 7.77252 7.21537 11.1635 6.64572 7.949 6.30923 5.91398 13.7637 4.62284 3.67635 9.85062 3.47964 2.79322 1.29868 3.93693 2.09503 4.239 0.979166 0.562772 1.34467 0.464335 0.525584 0.0836075 0.0233089
threshold=14.500000000000002 53.45000000000001 18.850000000000005 1.0000000180025095e-35 3.2987500000000023 3.3500000000000001 1.5000000000000002 0.12313266443701222 7.5000000000000009 0.94281045751633996 1.3500000000000003 -3.7499999999999996 -0.12310000000000083 2.3500000000000001 6.2500000000000009 75.000000000000014 0.93933823529411764 10.500000000000002 10.850000000000003 6.5000000000000009 1013.5000000000001 0.080128205128205107 0.63961038961038974 1.0000000180025095e-35 37.850000000000001 9.5000000000000018 0.89444444444444449 3.1500000000000008 -1062.4999999999998 4.5000000000000009 -1.0349999999999993 40.750000000000007 2.8781999999999965 3.6500000000000008 12.500000000000002 -0.27922077922077915 35.350000000000001 -1184.4999999999998 -1393.4999999999998 1.9465500000000024 8.3500000000000032 -0.16025641025641016 1.1500000000000001 9.5000000000000018 14.500000000000002 125.00000000000001 0.72554999999999847 0.037807318467695757 0.082333003813020764 0.19836065573770492 0.29190074906367042 -321.49999999999994 -1004.4999999999999 -1.0000000180025095e-35 0.027212143650499804 -573.49999999999989 -2.1855999999999969
decision_type=2 2 2 2 2 2 2 2 2 2 2 2 2 2 2 2 2 2 2 2 2 2 2 2 2 2 2 2 2 2 2 2 2 2 2 2 2 2 2 2 2 2 2 2 2 2 2 2 2 2 2 2 2 2 2 2 2
left_child=1 2 4 -4 8 -6 20 -8 13 56 11 -2 24 15 26 16 17 18 -1 -18 21 -5 38 -24 36 -19 27 -15 50 -25 -22 34 -33 -26 41 -36 37 -13 -12 46 -41 -32 43 -30 51 -46 -40 53 -49 -50 -17 52 -38 -48 -55 -54 -10
right_child=10 -3 3 6 5 -7 7 -9 9 -11 22 12 -14 14 -16 28 19 25 -20 -21 30 -23 23 29 33 -27 -28 -29 42 -31 31 32 -34 -35 35 -37 44 -39 39 40 -42 -43 -44 -45 45 -47 47 48 49 -51 -52 -53 55 54 -56 -57 -58
leaf_value=0.017827357764007647 -0.088022845750475198 -0.055605967231103982 -0.076920222527723112 -0.080835836890794807 0.025235436295340918 -0.096067492281508515 -0.086612235006649677 0.039186617870326089 0 0.039930404057570576 -0.017426870485575126 0.024701347575189991 -0.072500854104624216 0.011151620442605205 -0.094665781965750179 -0.020761876910062847 0.0047226872020702197 0.0096047216750193773 -0.021487740446991737 -0.11333232125796028 -0.029160027840529654 0.040880378826031918 -0.083507906073502572 0.044380973114018972 0.0014967261301392718 0.037481876606155318 0.038050112352862347 -0.10220598315939947 -0.010197685396709772 -0.022904861670453677 0.0092398768276171182 -0.064122995627266657 0.045432534443737668 -0.069075255895959475 0.043327021952741442 -0.0035868459385041442 0.035122235318027627 -0.066151188848482118 0.047698519600157502 0.034182034203079609 -0.052150604783106944 0.041705853361439692 0.045174103194164393 0.032416769652026139 -0.0034192508112278631 0.024564476661312232 0.012110080421049023 0.044087144166390722 -0.0076135106998939826 0.034634958340977295 0 0.047123972597892437 0 -0.027804190877308951 0 0.0080617776660576717 -0.1165979513890308
leaf_weight=667.42094093095511 10.456788973882793 35.648909163661301 15.81217815261334 12.930842443834988 14.264901354908945 17.337754645384848 19.497349519282579 42.979220708832145 0.034046825021506133 11.409320831298828 1.2689871061593283 7.6587993893772364 10.061862634494899 5.7124728411436099 12.588912552222608 5.5131554715335351 3.4432713836431486 74.402886856347322 108.40296055097133 6.588230773806572 2.3751150397583833 31.154480407014489 6.843306016642603 20.492524117231373 3.3616559132933599 187.0827523060143 21.08646783977747 3.7420031055808067 10.907219409942625 3.030334996059536 21.073339262977242 10.146115746349095 23.110513165593147 5.3036399460397661 18.977536469697952 23.62902469560504 28.246611957438283 3.3091456363908929 282.56828588526696 20.401008736342195 4.9301958307623854 519.68144349288195 104.50915405154228 77.061763670295477 6.8799516381695893 14.408309323713182 3.9117468595504761 37.087833356112242 6.8226111866533765 9.3662634510546923 4.5766021460294724 77.734173230826855 8.226856797002247 2.3302340656518918 2.2558803521096706 7.4808445647359028 11.601775322109459
leaf_count=713 70 1042 153 88 11 113 163 23 1 1 9 6 102 6 72 17 2 95 267 34 17 11 87 7 2 95 10 22 25 72 41 85 2 41 2 48 21 61 60 12 71 231 27 51 20 15 2 19 23 4 5 14 18 22 10 7 66
internal_value=0 0.0191532 0.0204894 0.0294242 0.0154814 -0.0374148 0.0319167 0 0.016847 -0.033674 0.0326388 0.0164117 0.0234722 0.0178445 -0.0136418 0.0190308 0.0159328 0.0167945 0.012173 -0.060578 0.034933 0.00232604 0.0397319 0.000585242 0.0301892 0.0300275 0.0157575 -0.0208154 0.0344293 0.0304137 0.0370542 0.0375125 0.00824213 -0.0275049 0.0389674 0.014411 0.0342496 0 0.0426009 0.0431449 0.0124294 0.0406712 0.0369341 0.0257181 0.0370941 0.00969792 0.0450419 0.0308589 0.0358272 0.00918639 -0.00103516 0.0408611 0.0269305 0 -0.0109118 0.00425619 -0.116407
internal_weight=0 2124.7 2089.05 741.367 1347.69 31.6027 725.555 62.4766 1316.08 23.0451 584.438 183.129 172.672 1293.04 43.1299 1249.91 1047.34 1037.31 775.824 10.0315 663.078 44.0853 401.309 30.3662 162.61 261.486 30.5409 9.45448 202.568 23.5229 618.993 616.618 33.2566 8.6653 583.361 42.6066 153.945 10.9679 370.943 369.674 25.3312 540.755 192.478 87.969 142.977 21.2883 344.343 61.7746 53.2767 16.1889 10.0898 121.688 43.9543 8.49786 4.58611 15.7077 11.6358
internal_count=4314 3539 2497 864 1633 124 711 186 1509 68 775 377 307 1441 110 1331 1206 1170 980 36 525 99 398 166 205 190 38 28 125 79 426 409 87 43 322 50 162 67 232 223 83 272 103 76 95 35 140 80 46 27 22 60 46 34 32 25 67
is_linear=0
shrinkage=0.0493048


Tree=66
num_leaves=62
num_cat=0
split_feature=95 64 89 46 100 64 1 93 101 101 64 27 4 40 100 71 83 94 64 57 39 1 64 95 65 95 60 86 68 7 64 86 56 103 87 3 63 72 97 60 81 83 31 48 60 12 45 66 48 64 40 62 75 15 95 42 55 82 64 78 78
split_gain=32.2121 33.5152 26.4219 24.7962 33.5669 72.6891 39.1573 36.859 29.071 63.7753 78.8954 102.698 71.8453 38.2241 28.9254 64.0299 65.6694 42.333 41.6667 28.9003 28.763 27.5187 27.147 19.8943 24.2724 22.6938 40.7023 18.8238 14.4033 29.779 13.0822 21.5437 11.3172 15.6128 14.1304 10.4931 9.92004 11.9645 32.3804 9.65701 10.4723 9.63347 51.1045 10.2849 9.46225 28.1684 8.94361 14.0557 8.92376 51.7571 11.448 11.1777 45.003 8.9192 5.99759 5.67221 5.62019 5.5127 5.24704 18.4456 4.38552
threshold=-0.15999999999999973 58.650000000000013 510.50000000000006 14.500000000000002 -1.6952999999999958 30.900000000000002 1.5000000000000002 -0.064583333333333284 -0.34825000000000012 0.12145000000000292 3.9500000000000006 9.5000000000000018 2.5000000000000004 41.550000000000004 -1.2206499999999989 3.5000000000000004 0.65000000000000002 0.064583333333333312 4.7500000000000009 -2.2499999999999996 7.5000000000000009 1.0000000180025095e-35 3.8500000000000001 -0.23999999999999941 11.500000000000002 -0.27000000000000063 0.091287878787878765 -1527.9999999999998 1106.0000000000002 1.0000000180025095e-35 27.750000000000004 -487.99999999999994 0.83974358974358987 0.46130168883025363 10.500000000000002 102.50000000000001 11.500000000000002 1.5000000000000002 0.74654999999999927 0.065861769809138201 1.3500000000000003 -1.9499999999999997 1.0000000180025095e-35 1.7500000000000002 0.17902930402930403 7.5000000000000009 155.00000000000003 1089.5000000000002 1.4500000000000002 12.750000000000002 23.300000000000004 7.5000000000000009 0.67708333333333337 3.5000000000000004 0.61000000000000065 0.77350427350427364 0.75000000000000011 0.39444444444444454 4.8500000000000005 135.00000000000003 5.5000000000000009
decision_type=2 2 2 2 2 2 2 2 2 2 2 2 2 2 2 2 2 2 2 2 2 2 2 2 2 2 2 2 2 2 2 2 2 2 2 2 2 2 2 2 2 2 2 2 2 2 2 2 2 2 2 2 2 2 2 2 2 2 2 2 2
left_child=2 3 23 4 6 8 53 -8 13 10 39 -12 19 14 15 -6 -17 21 -19 22 -21 -16 -11 24 25 32 -27 -15 29 57 31 -25 44 -34 -35 -4 37 -33 -39 -10 -41 42 -30 46 48 -46 47 -44 51 50 -50 55 -53 54 -2 -1 58 -5 -43 -60 -58
right_child=1 -3 35 28 5 -7 7 -9 9 12 11 -13 -14 27 17 16 -18 18 -20 20 -22 -23 -24 30 -26 26 -28 -29 41 -31 -32 36 33 34 -36 -37 -38 38 -40 40 -42 56 43 -45 45 -47 -48 -49 49 -51 -52 52 -54 -55 -56 -57 60 -59 59 -61 -62
leaf_value=0.036542343268601306 -0.0059147447859867908 -0.044651965068073868 -0.072380486399860389 0 0.034582803015034837 -0.061850304366016448 0.013732986552833787 -0.12011827123545797 0.037751396756604112 0.014979383264804231 -0.13555687262437802 0.013528837564778691 -0.098332748020853317 0.015118177067471617 0.0083701110186830355 -0.14851454350785792 0 0.011874878561760369 -0.12496264606674955 -0.007564303474259306 0.034648202336016676 0.032330845279762668 -0.096056278869735709 -0.084109409437340646 -0.053040900942124755 -0.12087677894724917 0.025346875225208114 -0.094145968953977879 -0.097798287097873887 -0.068851853445360156 0.047261334684620203 0.036524491894882778 0.036663660350275649 0.010969174082859275 -0.086766352023109256 0.0084016926663615654 0.041646595884120785 -0.14889581071552307 0.023193684933840195 -0.072693089255418092 0.012826413222188098 0.035495601410602005 0 0.040711525490985917 -0.11094660149580497 0.037009953224973802 0.033170386246639608 -0.11181839220423638 0.044256437695509659 -0.080915392377843481 0 -0.11387449594699618 0.035878800800005495 0.04508102397104443 0.031588403527460215 0.0070137145156250877 0.0095221472771035223 0.040722848797417527 -0.095175504268050784 0.026619544286732813 0.040600954868547388
leaf_weight=408.00087937247008 14.64491177164018 19.664223250001669 8.4251248552463931 10.455953584983947 33.918583601713181 31.587374005001038 11.956724876537921 7.2608617264777413 21.825416743755341 8.5660590864717978 29.33493600320071 15.89453900977969 12.85465222224593 3.2419004440307608 176.16325870342553 12.692871389910581 17.768420971930027 9.9997974708676356 8.9984863214194757 44.908614812418818 172.89483123458922 464.63878909870982 9.6005338467657548 4.0998055851086965 8.5385346570983511 7.0184582886286107 10.980750724673269 10.66641400195658 8.3629376683384162 10.741736361291258 232.48708929400891 9.185204319655897 9.2366663366556185 3.0079874992370605 7.8949110964313132 2.8502013683319083 37.904475964605808 4.1568512842059118 4.7788889929652214 4.866115450859068 7.1529361680150032 9.402777239680292 3.6071145087480527 48.94735161960125 4.5649131350219223 8.814915657043457 6.5060157775878906 3.8620522618293762 44.330235809087753 11.619356219656764 16.800250839442015 6.2140277246944633 22.011539250612259 160.67548787221313 18.010215543210506 27.49908659979701 22.794120395556092 20.89584544673562 4.5043191099539381 7.0008638277649879 253.04895332921296
leaf_count=255 32 953 88 29 16 354 14 38 11 8 169 22 78 1 240 69 30 8 48 113 123 298 57 33 196 44 10 65 49 87 61 3 2 1 57 1 16 25 2 19 6 5 3 20 30 1 1 20 12 107 41 41 9 45 11 45 32 7 29 2 122
internal_value=0 0.0174942 0.02937 0.0182778 0.0147704 0.0111248 0.0330062 -0.0305033 0.0134058 0.000789396 -0.0373639 -0.0804473 0.0134172 0.0188419 0.0205264 -0.00967144 -0.0630096 0.0236617 -0.0465121 0.0200451 0.0253738 0.0259386 -0.0369378 0.0304038 0.0247077 0.0260512 -0.0248956 -0.0597842 0.0291763 0 0.0415869 0.0175644 0.0278795 -0.00327198 -0.0484827 -0.0410014 0.0272694 0 -0.04326 0.0165651 -0.0115887 0.032307 0.0131117 0.0298727 0.0292468 -0.00435331 0 -0.0440294 0.0303168 0.0114503 0.031075 0.0330074 0 0.0399666 0.0109768 0.034964 0.036497 0.0260558 0.0043114 -0.0104279 0.038485
internal_weight=0 1739.92 900.42 1720.25 1310.12 1097.57 212.548 19.2176 1065.99 327.899 79.0739 45.2295 248.825 738.089 724.18 64.3799 30.4613 659.8 18.9983 235.97 217.803 640.802 18.1666 889.145 596.533 587.994 17.9992 13.9083 410.13 42.0935 292.612 60.1252 569.995 20.1396 10.9029 11.2753 56.0254 18.1209 8.93574 33.8445 12.0191 368.037 71.2855 62.9225 549.855 13.3798 13.9752 7.46917 536.475 72.7498 61.1305 463.726 28.2256 193.331 32.6551 435.5 296.751 31.3518 20.908 11.5052 275.843
internal_count=4314 3234 1080 2281 1875 1735 140 52 1381 606 227 191 379 775 709 115 99 594 56 301 236 538 65 991 851 655 54 66 406 123 140 79 601 60 58 89 46 30 27 36 25 283 93 44 541 31 24 23 510 160 53 350 50 88 43 300 190 36 36 31 154
is_linear=0
shrinkage=0.0493048


Tree=67
num_leaves=61
num_cat=0
split_feature=95 64 89 81 64 91 81 57 41 73 64 64 1 65 74 103 98 92 52 63 95 65 3 75 7 52 57 95 64 64 86 64 97 56 64 67 64 48 0 89 3 2 64 100 63 103 62 47 85 103 99 67 38 60 86 4 1 90 57 95
split_gain=30.9074 31.4204 24.4878 23.9779 84.7994 29.3437 26.7546 25.8099 50.89 48.7546 111.325 48.0917 31.6429 53.3807 79.0428 42.773 32.1708 34.1212 28.4214 21.2537 19.5586 22.8665 15.8715 14.1629 35.1997 14.1238 26.8101 14.0943 37.9857 13.703 18.8598 13.4336 11.3542 28.8061 22.8449 12.6877 22.5679 11.0601 15.4484 10.7765 9.99207 9.1841 95.5283 11.4881 8.76343 7.75844 5.85151 22.6652 4.54363 6.4392 12.4818 4.41941 3.68593 2.74524 2.0329 1.38614 1.35529 1.20838 0.562863 0.108555
threshold=-0.15999999999999973 58.650000000000013 510.50000000000006 1.8500000000000003 31.350000000000005 0.10555555555555557 1.7500000000000002 2.2500000000000004 0.15000000000000005 38.250000000000007 4.2500000000000009 4.9500000000000011 1.0000000180025095e-35 5.5000000000000009 8.4500000000000011 0.40743068003746979 1.1912000000000023 -0.19374999999999998 1.5000000000000002 2.5000000000000004 -0.23000000000000001 11.500000000000002 33.500000000000007 0.74166666666666681 1.5000000000000002 8.5000000000000018 -4.2499999999999991 -0.28999999999999942 6.6500000000000012 27.750000000000004 -487.99999999999994 3.2500000000000004 -1.6087999999999985 0.79285714285714304 4.2500000000000009 1617.0000000000002 5.3500000000000005 0.8500000000000002 4.5000000000000009 499.50000000000006 102.50000000000001 1.0000000180025095e-35 12.550000000000002 -1.010249999999999 11.500000000000002 0.37147375848455477 1.5000000000000002 35.250000000000007 53.500000000000007 0.9391485264049152 0.95175000000000065 1375.0000000000002 55.000000000000007 0.091287878787878765 -1175.9999999999998 1.0000000180025095e-35 1.5000000000000002 0.10555555555555557 5.2500000000000009 1.2350000000000001
decision_type=2 2 2 2 2 2 2 2 2 2 2 2 2 2 2 2 2 2 2 2 2 2 2 2 2 2 2 2 2 2 2 2 2 2 2 2 2 2 2 2 2 2 2 2 2 2 2 2 2 2 2 2 2 2 2 2 2 2 2 2
left_child=2 3 20 4 6 25 7 9 11 12 55 52 13 15 -15 -2 18 -18 -14 -7 21 27 -8 37 -25 26 -5 32 53 30 -22 -28 -1 35 -35 41 -37 38 -10 -26 -4 42 -34 -43 46 -27 -32 -48 49 -47 -51 -39 54 -29 -9 -11 -50 58 -58 -12
right_child=1 -3 40 5 -6 19 22 8 23 10 59 -13 16 14 -16 -17 17 -19 -20 -21 29 -23 -24 24 39 45 31 28 -30 -31 44 -33 33 34 -36 36 -38 51 -40 -41 -42 43 -44 -45 -46 48 47 -49 56 50 -52 -53 -54 -55 -56 -57 57 -59 -60 -61
leaf_value=0.042976573530891043 -0.11719863636607858 -0.044308253552938361 -0.07076099550235343 0.036074602239720095 -0.063592263796162771 0.023684403043047322 -0.11277494655089619 0.016878505250512186 -0.057064952167478672 0.00093198837267010194 -0.1184713013238774 -0.11226027664187803 -0.050746588798362476 -0.10744175667122423 0.040838331362963665 0.013881317594384391 0.024198343565978886 -0.098886047678286959 0.026280243458060803 -0.080338289685075961 -0.081571008839109699 -0.052100055722800201 0 -0.12258696369003874 -0.013702805992716449 -0.049901519210713736 0.0089734090541471294 0 -0.099795707844924142 0.04703849175852267 0.029581274941302606 -0.082001887680273194 0.03085986475854589 0.018628156305907691 -0.087777066096121723 0.023588920895212185 -0.099258911648841527 0.041297059749262767 0.037107932936384196 0.035496665186355587 0.0080532933723823294 -0.064634857380141394 -0.10311466962670482 0.034272974184826874 0.040425126453878871 0.033432205836494998 0.020253178870516003 -0.12401946101461016 0.043335839062983217 -0.098066597930744681 0.01153920663365079 0.020403579609184295 0.037024599268370498 0.040018603203702714 -0.024491871872461976 0.038198929531937126 -0.0023786337614841347 0.028395164478560071 0.017290495388760749 0
leaf_weight=111.34975728020072 6.0191291719675055 18.860074699856341 8.1995166530832631 23.314520047977567 32.069427089300007 6.7976629221811917 6.0059474967420083 3.6157717704772949 7.2424434721469888 11.60231586545706 21.730478184297684 11.536863474175332 10.798514850437639 23.983767541125417 12.220855712890623 236.31234937533736 8.6343519352376479 10.759365266188977 531.38806110527366 9.6536069065332395 3.9520300719887009 8.284797956235705 2.8654994070529938 4.4901803396642199 11.482088006101547 1.1675236783921707 2.8739533536136141 11.510843306779863 7.8882325654849401 222.46688439510763 6.2991966381669036 9.9707046779803914 113.30404888093472 6.6854995340108898 9.8908194429241103 8.6146120205521566 5.3551269965246311 273.12937714066356 10.030663833022118 33.948504542931914 2.8289194107055655 1.9919116422533978 14.301555062644182 276.47251935908571 31.226639080792665 15.16869565472007 4.7830265611410123 3.9842580333352089 214.06314180511981 3.1901882225647551 6.2520315423607826 55.772071965038776 8.2226760387420637 12.684805843979118 6.4710581302642876 17.627899060025811 6.0822322368621844 17.521070066839457 4.4270173907279968 1.4820417673327018
leaf_count=34 30 953 88 12 353 7 32 2 27 17 131 64 40 145 1 286 5 59 441 70 31 197 3 24 29 8 2 16 58 59 2 76 93 5 70 6 33 123 2 19 1 10 116 214 14 7 2 23 82 26 9 55 2 8 20 11 25 13 4 19
internal_value=0 0.0170647 0.0288762 0.0178286 0.0147873 0.0303385 0.0167762 0.017426 0.0276556 0.0124041 -0.0329567 -0.0323498 0.0153849 0.00131736 -0.0539672 0.0100964 0.0221402 -0.0377404 0.0245137 -0.0298532 0.0298958 0.0243092 -0.0655242 0.0324934 0.00490756 0.0340074 0.00132553 0.025618 -0.00280873 0.0414876 0.0144219 -0.0520214 0.0275093 0.0232769 -0.0374259 0.0259713 -0.0147507 0.0361114 0 0.0203261 -0.0393413 0.0276796 0.0148468 0.0331112 0.0253549 0.0379541 0 -0.0314092 0.0388112 0.0107367 -0.0125903 0.0381346 0.0113382 0.0237747 0 0.027674 0.0411498 0.0199921 0 -0.114583
internal_weight=0 1698.78 872.075 1679.92 1359.44 320.482 1327.37 1318.5 425.942 892.559 52.4427 29.8464 840.116 278.536 36.2046 242.331 561.58 19.3937 542.187 16.4513 861.047 588.335 8.87145 396.095 49.9208 304.031 36.1592 580.05 32.0839 272.712 50.2452 12.8447 547.966 436.616 16.5763 420.04 13.9697 346.175 17.2731 45.4306 11.0284 406.07 127.606 278.464 46.2931 267.872 15.0665 8.76728 266.704 24.6109 9.44222 328.901 18.3095 24.1956 10.0868 29.2302 242.093 28.0303 10.5092 23.2125
internal_count=4314 3234 1080 2281 1940 341 1587 1552 367 1185 178 88 1007 462 146 316 545 64 481 77 991 860 35 279 72 264 90 663 82 131 72 78 581 547 75 472 39 207 29 48 89 433 209 224 41 174 27 25 166 42 35 178 24 24 22 28 124 42 29 150
is_linear=0
shrinkage=0.0493048


Tree=68
num_leaves=60
num_cat=0
split_feature=46 64 64 15 97 64 13 93 65 82 74 57 100 67 64 67 49 66 19 60 66 49 31 67 74 80 97 86 67 60 64 98 62 82 38 65 71 86 52 30 95 86 98 64 78 66 95 15 4 7 64 68 64 61 61 61 60 60 97
split_gain=30.4512 72.4447 35.435 66.3557 31.3771 43.8897 26.1692 76.3907 23.6625 52.2446 22.3909 44.0127 37.5905 19.9854 103.772 28.4907 61.9497 33.7708 26.5852 42.1301 18.8533 15.2861 24.6435 14.8362 47.8363 13.4871 12.502 12.0288 11.8622 20.9649 10.9194 9.98222 9.41874 7.93069 36.1219 7.39769 6.10695 14.225 6.04085 14.2427 6.01185 5.97502 5.75977 11.6858 4.86026 61.2737 5.22641 4.15621 2.75583 1.74334 1.63257 2.7067 2.21249 1.16816 2.60325 7.12061 0.815174 0.878596 0.00987109
threshold=14.500000000000002 53.45000000000001 18.850000000000005 1.0000000180025095e-35 3.2987500000000023 3.3500000000000001 1.5000000000000002 -0.12916666666666662 7.5000000000000009 0.94281045751633996 1.3500000000000003 -3.7499999999999996 -0.12310000000000083 1088.0000000000002 12.750000000000002 1171.0000000000002 0.34523809523809529 1021.5000000000001 22.500000000000004 0.19836065573770492 1315.0000000000002 0.63961038961038974 1.0000000180025095e-35 1013.5000000000001 2.1500000000000008 37.850000000000001 2.5239499999999997 -696.49999999999989 334.50000000000006 0.016001024065540152 3.9500000000000006 0.92290000000000216 1.5000000000000002 0.81534090909090928 95.000000000000014 4.5000000000000009 -1.0000000180025095e-35 -930.49999999999989 8.5000000000000018 1.0000000180025095e-35 -1.0349999999999993 -1393.4999999999998 1.9465500000000024 8.3500000000000032 5.5000000000000009 1685.5000000000002 -0.77999999999999925 1.5000000000000002 2.5000000000000004 51.500000000000007 6.6500000000000012 1513.0000000000002 2.5500000000000003 0.15349965349965347 0.42163742690058481 0.38935969868173265 0.046225071225071156 0.1155435473617291 -2.1855999999999969
decision_type=2 2 2 2 2 2 2 2 2 2 2 2 2 2 2 2 2 2 2 2 2 2 2 2 2 2 2 2 2 2 2 2 2 2 2 2 2 2 2 2 2 2 2 2 2 2 2 2 2 2 2 2 2 2 2 2 2 2 2
left_child=1 2 4 -4 8 -6 23 -8 13 58 11 -2 25 14 26 16 -15 -17 19 -19 -18 41 -23 24 -5 38 28 -20 29 -1 -22 -30 -27 40 -35 -24 -28 -38 39 -13 -25 -12 50 -44 45 -42 -46 53 -49 -50 51 52 -43 -40 55 -55 -52 -58 -10
right_child=10 -3 3 6 5 -7 7 -9 9 -11 21 12 -14 15 -16 17 20 18 27 -21 30 22 35 33 -26 32 36 -29 31 -31 -32 -33 -34 34 -36 -37 37 -39 47 -41 44 42 43 -45 46 -47 -48 48 49 -51 56 -53 -54 54 -56 -57 57 -59 -60
leaf_value=-0.10954516572268118 -0.081810836387345001 -0.054818674910754865 -0.073328445576776299 -0.077028185605291982 0.024179078123109776 -0.089125064142097754 0.037400992239432447 -0.084998761484748026 0 0.038442439674659497 -0.015107317832425821 -0.092876333685976642 -0.069346540822087605 -0.13821374517635765 -0.10877706575326802 -0.12065508961114521 -0.082441808824914795 0.010798992136054461 -0.066112837234734559 -0.088996189972188167 0.03890932311729766 -0.080053623547663003 0.04321796757523156 -0.0150464206867805 0.039507860622149955 0.01351576161093021 0.024962869032069884 0.031236374827192291 0.037875660210864769 0.016988886282326244 -0.0084398255384609232 0.001643525555167302 -0.072790612957324793 -0.078507403094483508 0.045036639062911589 -0.020293568290394064 0 -0.099214160718806288 0.018756698431024871 0.031568576817790558 -0.089980399436665942 0.027750458974783433 0.032281323218503404 -0.049794690354041549 -0.0090367212400955053 0.045620105384124005 0.039921268683624292 0.042273543373314938 -0.0004311509953233469 0.021781168574825146 0.04820937038112711 0.040511899081294836 -0.0069252379709484535 -0.12700537606183768 0 0 0.0061446084707584472 0.037288557551296279 -0.10919442628434742
leaf_weight=3.2504474408924571 10.064941444434224 32.050927062984556 14.531031080521641 12.103547689039258 13.823493018746378 16.871828228235245 39.365704531781375 18.041097068693489 0.029785783961416068 10.198684692382812 1.2441357793286432 3.010457379743456 9.4004473099485022 9.2313511408865434 13.156312260776756 4.2651040852069846 5.6712303757667533 518.44775776471943 2.2943398356437674 10.230853751301764 21.234001986682415 6.5088161136955049 18.580192819237713 1.9027367709204543 28.39381398120895 3.4027525838464481 4.6359949111938485 216.54162660241127 306.35315940529108 46.545796476304531 19.634827144443989 27.38161788135767 5.0541250873357058 7.9559683389961746 19.221508026123047 2.8620989872142664 5.3631668984889975 4.7939614206552479 7.2630061237141472 8.3559851516038162 9.5704423300921899 6.370394930243493 18.629568904638294 4.6271620681509367 1.1761883841827501 42.577751156874001 476.6606037421152 103.39390835724771 4.385847113095223 10.291698475368319 243.57613153290004 11.634068131446838 9.2757171802222711 1.4482750855386259 2.0896666049957275 1.718905698508024 15.303884983994065 20.901357732713223 11.458349348977206
leaf_count=18 70 1042 153 78 11 113 30 156 1 1 9 32 102 48 75 29 28 667 14 44 11 87 7 15 21 3 1 169 178 54 34 41 40 53 1 72 6 24 12 7 76 4 12 71 8 9 264 60 12 15 59 4 20 20 1 3 38 15 66
internal_value=0 0.0176789 0.0189398 0.0282847 0.0139058 -0.0340823 0.0307252 0 0.0151941 -0.034009 0.0314491 0.0154383 0.022357 0.0161724 0.025272 0.011381 -0.0217503 0.0140051 0.0149452 0.00862698 0 0.0386666 0 0.0337716 0.00157506 0.0289291 0.0300206 0.0296375 0.0318214 0.00616472 0.013133 0.035276 -0.0235045 0.0358812 0.00424755 0.0289318 -0.00824676 -0.0356387 0.0329333 0 0.0372634 0.0416317 0.0422233 0.0105636 0.0376868 0.0183087 0.0395399 0.0359361 0.0389082 0.00670593 0.0442148 0.0214523 0 0 -0.00717714 -0.0454091 0.045987 0.0275735 -0.109044
internal_weight=0 1974.97 1942.91 671.5 1271.41 30.6953 656.969 57.4068 1240.72 21.6868 529.394 169.88 159.815 1219.03 411.48 807.551 55.7714 751.78 747.515 528.679 46.5401 359.514 27.9511 599.563 40.4974 150.415 398.324 218.836 383.531 49.7962 40.8688 333.735 8.45688 559.065 27.1775 21.4423 14.7931 10.1571 141.958 11.3664 531.888 331.562 330.318 23.2567 529.985 52.1482 477.837 130.591 118.071 14.6775 307.062 27.2802 15.6461 12.5199 5.25685 3.16718 279.781 36.2052 11.4881
internal_count=4314 3539 2497 864 1633 124 711 186 1509 68 775 377 307 1441 397 1044 121 923 894 711 73 398 166 525 99 205 322 183 291 72 45 219 43 426 54 79 31 30 162 39 372 232 223 83 357 85 272 123 87 27 140 28 24 36 24 23 112 53 67
is_linear=0
shrinkage=0.0493048


Tree=69
num_leaves=62
num_cat=0
split_feature=46 64 64 15 88 64 74 38 40 97 64 13 90 101 65 26 68 15 90 62 4 46 74 57 100 52 64 85 86 60 89 49 31 46 91 98 7 103 60 38 80 89 100 41 63 95 62 61 73 40 65 100 85 42 90 54 91 40 71 30 30
split_gain=29.6701 67.8171 34.3852 62.2318 29.2735 67.8973 30.2076 29.4233 39.7225 25.0563 37.1768 24.5847 72.0446 22.604 84.7183 87.6008 23.3821 34.3153 93.2663 30.6605 58.5751 24.1878 21.4545 40.8081 35.1915 21.2076 39.2019 17.1626 14.9467 25.3202 28.2776 14.7064 22.7914 14.2215 51.1773 17.4408 30.1774 14.1618 13.4049 38.9781 12.5188 10.3082 10.0149 14.9087 15.9118 9.42382 8.79934 8.61667 7.97902 7.53742 7.11002 6.87599 6.85238 23.3272 8.13343 6.01108 5.79044 4.63557 4.45426 4.12965 11.0342
threshold=14.500000000000002 53.45000000000001 18.850000000000005 1.0000000180025095e-35 13.500000000000002 15.15 2.4500000000000006 75.000000000000014 46.95000000000001 3.0295500000000009 3.1500000000000008 1.5000000000000002 -0.13809523809523802 -0.99885000000000079 5.5000000000000009 2.5000000000000004 1354.5000000000002 5.5000000000000009 0.11805555555555557 7.5000000000000009 3.5000000000000004 1.5000000000000002 1.3500000000000003 -3.7499999999999996 -0.12310000000000083 8.5000000000000018 8.1500000000000004 56.500000000000007 -791.49999999999989 0.11746550472040666 505.50000000000006 0.63961038961038974 1.0000000180025095e-35 12.500000000000002 0.24038461538461539 0.58279999999999899 115.00000000000001 0.3588854381999827 0.065861769809138201 35.000000000000007 37.850000000000001 511.50000000000006 -1.2206499999999989 0.45000000000000007 6.5000000000000009 -1.0349999999999993 1.5000000000000002 0.24037037037037037 38.150000000000013 38.45000000000001 4.5000000000000009 -0.21024999999999841 52.500000000000007 0.97222222222222232 -1.0000000180025095e-35 35.650000000000013 0.18465909090909091 37.250000000000007 4.5000000000000009 2.5000000000000004 1.0000000180025095e-35
decision_type=2 2 2 2 2 2 2 2 2 2 2 2 2 2 2 2 2 2 2 2 2 2 2 2 2 2 2 2 2 2 2 2 2 2 2 2 2 2 2 2 2 2 2 2 2 2 2 2 2 2 2 2 2 2 2 2 2 2 2 2 2
left_child=1 2 4 -4 5 6 7 9 -9 25 -11 33 -13 28 16 -16 19 38 21 37 -21 -19 23 -2 40 26 -1 -27 29 30 -6 55 -33 35 -35 45 -37 -15 47 -40 56 42 43 -30 -45 -5 -42 -18 -44 -39 -34 -50 53 -47 -54 -24 58 -43 -25 60 -58
right_child=22 -3 3 11 13 -7 -8 8 -10 10 -12 12 -14 14 15 -17 17 18 -20 20 -22 -23 31 24 -26 27 -28 -29 41 -31 -32 32 50 34 -36 36 -38 49 39 -41 46 57 48 44 -46 52 -48 -49 51 -51 -52 -53 54 -55 -56 -57 59 -59 -60 -61 -62
leaf_value=0.0066553844454977284 -0.07917640084917113 -0.05439967690429838 -0.072084581373269507 -0.03487183011780387 -0.15869967118984896 -0.095607120666153719 -0.078732166963362396 -0.12841194739422968 0.028243457816614782 0.017962633762674953 -0.099260054530861244 0.037136144518085071 -0.083190983312788055 -0.098073891923852047 -0.12441080409806099 0.039714687912349209 0 0 0.04237637721336146 -0.15449481976280457 0.029161283939412787 -0.14786194952966855 0 0 -0.067883156668285649 0.027183368086741079 -0.091147220498584591 -0.010947524722442427 0.029312962751612676 0.031631237636548751 0 -0.078035742270551559 0.042713890128757481 -0.08359498616236985 0.044759431582402254 -0.068179486533286079 0.04186699416724475 0.032703847970197847 -0.14438490266508339 0.016752334514605068 0.012999936303215462 0.015304665525601125 0.039400147788370317 0 -0.11464786324320445 -0.084555910903624687 -0.070542619561793668 0.046307917367520504 0.034416376329265898 0.0084756972423039537 -0.019557072283185199 -0.014668967999127574 0.021902562815301788 0.038610764662859363 0.042130097791247441 0.042625513982502403 -0.11260459278416028 -0.034710337466126485 0.037878951663084866 0.027665436602421874 0
leaf_weight=100.90185938030481 9.8925478416495007 30.738415924366564 14.065245701000093 2.5819551870226851 4.543045964092018 16.181089715100825 9.4461307860910875 8.5863475799560529 5.285109043121337 11.619249612092974 11.843622201588003 38.048226225189865 17.683498012833297 1.6804395988583554 21.356274763122201 11.040697097778319 21.298522796481848 2.5054365843534496 13.986772060394289 6.6306817457079914 9.4033427089452726 14.902782425284384 12.778017979115246 9.2695477949455363 9.1369855068624002 239.54764581099153 10.943679330870507 27.594500496983528 21.164468768984083 15.277927778661249 5.8637125641107559 6.3527430859394398 17.890271056443456 11.249090917408465 22.708225533366203 10.574582326691598 13.697992324829102 250.12173657864332 4.5474335998296764 14.199510794132946 3.3656459809280914 10.220251524820926 253.91146247088909 5.464032828807829 4.2940402254462242 4.8361914670094857 4.9614834282547235 30.919156409800053 12.063494443893434 52.511150332167745 2.8256693147122851 12.96038396656513 87.193872673436999 14.682451024651527 411.89899791032076 306.294414001517 2.5520093496888858 7.3256016224622718 117.87038692459464 5.2856941223144531 2.6921821907162666
leaf_count=145 70 1042 153 18 27 106 57 49 1 10 76 27 159 9 127 1 33 7 2 38 6 78 35 56 102 199 61 55 14 10 13 87 7 91 4 89 1 184 25 12 3 12 115 7 24 37 40 6 4 75 72 27 102 3 180 197 20 18 82 1 3
internal_value=0 0.0171972 0.0184223 0.027811 0.0134465 0.00290788 0.00695128 0.00920033 -0.0598601 0.0118945 -0.0359753 0.0302227 0 0.0190553 0.0113317 -0.0646607 0.0174547 -0.00195934 -0.0459011 0.0240457 -0.0392154 -0.123902 0.0310129 0.0150958 0.0219248 0.0151891 -0.00182766 0.0227783 0.0286562 -0.00343566 -0.0667614 0.0382402 0 0.0332325 0 0.0351643 -0.000988448 0.0277915 0.015742 -0.0159048 0.0284113 0.0315536 0.0336581 0.00241601 -0.0431217 0.0370864 -0.0219893 0.0294864 0.0366751 0.0289122 0.0282093 0.00404632 0.0376867 0.00163966 0.0388471 0.0412115 0.0323675 0 0.0352858 0 -0.0336238
internal_weight=0 1930.1 1899.36 649.22 1250.14 441.949 425.768 416.322 13.8715 402.451 23.4629 635.155 55.7317 808.192 455.104 32.397 422.707 102.36 31.395 320.347 16.034 17.4082 511.168 165.026 155.134 378.988 111.846 267.142 353.088 25.6847 10.4068 346.141 27.0687 579.423 33.9573 545.466 24.2726 304.313 70.9646 18.7469 145.997 327.404 309.858 30.9225 9.75807 521.193 8.32713 52.2177 278.935 302.633 20.7159 25.0239 518.612 19.5186 499.093 319.072 137.67 17.5459 127.14 10.5299 5.24419
internal_count=4314 3539 2497 864 1633 759 653 596 50 546 86 711 186 874 603 128 475 163 87 312 44 85 775 377 307 460 206 254 271 50 40 398 166 525 95 430 90 268 76 37 205 221 191 45 31 340 43 39 146 259 79 31 322 40 282 232 162 30 138 24 23
is_linear=0
shrinkage=0.0493048


Tree=70
num_leaves=53
num_cat=0
split_feature=95 12 64 81 64 91 57 39 73 64 1 65 74 103 98 92 52 89 95 95 60 63 65 19 15 64 67 46 82 74 64 86 47 40 86 97 56 65 67 64 63 72 54 3 2 64 100 47 38 64 89 1
split_gain=28.6172 27.4704 25.8467 21.7971 73.9513 23.8182 22.6827 72.1454 43.0289 106.764 33.6141 46.863 66.1514 34.5403 24.7136 27.3501 25.3742 21.1643 18.9502 20.3067 33.1225 18.3927 18.0171 14.8693 26.1364 21.2202 12.7309 27.3492 12.5762 14.2229 12.0899 16.8969 11.433 10.3626 10.6655 10.2457 25.2314 25.0674 12.6053 21.723 8.71355 9.24992 23.4049 8.65829 8.06677 81.2423 10.3709 7.04515 6.03475 8.94509 1.93945 0.991403
threshold=-0.15999999999999973 9.5000000000000018 58.650000000000013 1.8500000000000003 31.350000000000005 0.10555555555555557 2.2500000000000004 1.5000000000000002 38.250000000000007 4.2500000000000009 1.0000000180025095e-35 5.5000000000000009 8.4500000000000011 0.40743068003746979 1.1912000000000023 -0.19374999999999998 1.5000000000000002 510.50000000000006 -0.23999999999999941 -0.27000000000000063 0.091287878787878765 2.5000000000000004 11.500000000000002 1.0000000180025095e-35 6.5000000000000009 2.1500000000000008 1375.0000000000002 14.500000000000002 0.24264705882352941 1.3500000000000003 27.750000000000004 -487.99999999999994 36.050000000000004 37.350000000000001 -692.49999999999989 -1.6087999999999985 0.79285714285714304 1.5000000000000002 1617.0000000000002 5.3500000000000005 11.500000000000002 1.5000000000000002 40.95000000000001 102.50000000000001 1.0000000180025095e-35 12.550000000000002 -1.010249999999999 36.750000000000007 45.000000000000007 3.3500000000000001 483.50000000000006 1.5000000000000002
decision_type=2 2 2 2 2 2 2 2 2 2 2 2 2 2 2 2 2 2 2 2 2 2 2 2 2 2 2 2 2 2 2 2 2 2 2 2 2 2 2 2 2 2 2 2 2 2 2 2 2 2 2 2
left_child=17 2 3 4 6 28 8 -8 10 50 11 13 -13 -2 16 -16 -12 18 19 22 -21 -7 35 24 25 -9 32 -28 29 -5 31 -20 -25 34 -30 -1 38 -38 44 -40 41 -33 -43 -19 45 -37 -46 48 49 -35 -10 -49
right_child=1 -3 -4 5 -6 21 7 23 9 -11 14 12 -14 -15 15 -17 -18 43 30 20 -22 -23 -24 26 -26 -27 27 -29 33 -31 -32 40 -34 47 -36 36 37 -39 39 -41 -42 42 -44 -45 46 -47 -48 51 -50 -51 -52 -53
leaf_value=0.04140009596098141 -0.10684603790226517 -0.09467248544273095 -0.043163157089495238 -0.074702608712065161 -0.06265328298118239 0.022655262431927618 -0.099790842814043851 0.009988957857251058 0 -0.10942573062423032 -0.046956450632689467 -0.10121978715625643 0.039273431387884215 0.01129572637493057 0.02269074472544888 -0.090377184616858591 0.025210408110342412 -0.06753133707614313 -0.073139412830866071 -0.10749711717417669 0.022975742100922184 -0.076840628115584633 -0.048032546806862003 -0.0014351465757426215 0.025473789417958172 -0.11549733685969366 -0.035594540649781008 0.03293399825537445 0.021717362641586725 0.020050059088191657 0.046451682691460695 0.034366536450672162 0.039454124067680639 0.0065379906161376787 -0.072268298943592574 0.029286420798305443 0.030688070059116841 -0.085621604267270057 0.021945610314580609 -0.09814448698762461 0.040190443415783671 -0.12199562906358087 0.022087670949494046 0.0046680973548631375 -0.060490854429048557 -0.096174437186544143 0.032746708496909138 0.042576791974348854 0.02915154545267036 -0.081180636995057967 0.034848356969686342 0.019812548001889186
leaf_weight=100.89498325809836 5.9966572076082221 5.1071605100296429 16.494883975945413 5.243478765711191 29.340638102497905 6.5500553604215375 10.349998567253349 2.983490586280821 7.9344909749925163 24.040524874813855 10.928202096372841 23.806811456568539 10.807983398437498 226.22739960253239 8.1864104010164755 9.9370366046205145 494.04215278476477 7.7516209962777776 4.0328878443688145 7.5168860894627896 9.9405252942815405 8.7413458302617055 6.9577566743828347 11.501866634935139 26.665919877588749 7.2745961472392082 19.563992146402597 44.188941841945052 9.2833535950630885 12.738399979192762 197.07999538630247 8.0868979617953318 270.73040419910103 2.6457858085632351 4.0888860616832963 106.28663420956582 5.9488503932952908 10.292487938422708 8.2460590749979001 5.43810259271413 33.848241977393627 4.5154764540493471 4.230647087097168 2.636385440826416 1.9762583673000325 13.904102727770804 257.09872133098543 200.42534399591386 10.840030606836079 4.0719661610201001 22.581228483468294 27.247309376485646
leaf_count=40 30 43 945 36 347 6 58 2 12 157 41 148 1 293 5 56 434 88 33 53 11 66 186 25 19 46 58 29 9 23 61 3 134 1 29 94 2 76 6 34 16 26 1 1 10 119 220 84 8 32 18 39
internal_value=0 0.0156634 0.016102 0.0168098 0.0138232 0.029346 0.0157382 0.0257585 0.0109239 -0.0307082 0.0139578 0 -0.0537685 0.00769437 0.0212226 -0.0325091 0.0233993 0.0275204 0.0285367 0.0227333 -0.0261948 -0.0261523 0.0246274 0.0294854 0 -0.0670066 0.0326592 0.00994732 0.0328667 -0.000766634 0.0403576 0.0161202 0.0373473 0.035686 0 0.0258654 0.021728 -0.0354047 0.0244086 -0.0168393 0.0257191 0 -0.0383227 -0.0373213 0.0262261 0.0137152 0.0315477 0.0380215 6.74606e-05 -0.0283573 0.0272886 0.0404019
internal_weight=0 1580.57 1575.46 1558.96 1267.09 291.876 1237.75 393.259 844.489 54.5562 789.933 266.839 34.6148 232.224 523.094 18.1234 504.97 796.684 786.296 534.501 17.4574 15.2914 517.044 382.909 36.924 10.2581 345.985 63.7529 276.585 17.9819 251.794 54.7142 282.232 258.603 13.3722 510.086 409.191 16.2413 392.95 13.6842 50.6813 16.833 8.74612 10.388 379.266 120.191 259.075 245.23 17.5578 6.71775 30.5157 227.673
internal_count=4314 3234 3191 2246 1913 333 1566 371 1195 187 1008 472 149 323 536 61 475 1080 991 851 64 72 787 313 67 48 246 87 261 59 140 79 159 202 38 601 561 78 483 40 46 30 27 89 443 213 230 164 41 33 30 123
is_linear=0
shrinkage=0.0493048


Tree=71
num_leaves=62
num_cat=0
split_feature=46 64 64 15 88 64 90 41 97 64 13 60 101 65 26 68 15 90 62 4 46 74 57 100 74 71 61 81 56 86 58 86 60 64 71 49 31 67 63 103 88 80 90 61 73 62 82 38 80 65 56 67 64 100 48 3 95 60 80 86 7
split_gain=27.8325 60.5109 32.9711 55.4003 27.5001 62.0152 109.975 49.6399 27.5911 38.7305 22.8621 66.0555 20.9356 75.6574 76.375 21.1171 30.6739 80.3216 27.5738 50.2374 20.7089 20.2075 37.0607 31.5203 18.3492 18.5575 53.6215 25.5696 17.2047 16.3939 15.5934 13.9885 22.467 24.8839 13.7863 13.7672 20.1822 13.524 41.6753 12.4427 11.7361 11.3143 10.5658 22.1128 25.2961 8.01871 7.38257 31.8924 7.35972 6.54224 6.12057 11.8309 8.14933 5.90953 41.4526 50.5124 14.6581 5.79006 5.42648 5.90201 4.56922
threshold=14.500000000000002 53.45000000000001 18.850000000000005 1.0000000180025095e-35 13.500000000000002 10.65 0.074175824175824162 1.3500000000000003 2.4838999999999989 4.1500000000000012 1.5000000000000002 0.12313266443701222 -0.99885000000000079 5.5000000000000009 2.5000000000000004 1354.5000000000002 5.5000000000000009 0.11805555555555557 7.5000000000000009 3.5000000000000004 1.5000000000000002 1.3500000000000003 -3.7499999999999996 -0.12310000000000083 2.2500000000000004 10.500000000000002 0.13906469760900142 0.35000000000000003 0.18465909090909091 -1201.4999999999998 -8.4999999999999982 -791.49999999999989 0.11746550472040666 2.7500000000000004 25.000000000000004 0.63961038961038974 1.0000000180025095e-35 1013.5000000000001 12.500000000000002 0.3588854381999827 6.5000000000000009 37.850000000000001 -1.0000000180025095e-35 0.16444249341527653 33.750000000000007 1.5000000000000002 0.81534090909090928 95.000000000000014 35.050000000000004 4.5000000000000009 0.56696428571428581 1557.5000000000002 3.2500000000000004 -1.0194000000000043 1.4500000000000002 1.5000000000000002 0.039999999999999904 0.076629477392836168 35.350000000000001 -1184.4999999999998 14.500000000000002
decision_type=2 2 2 2 2 2 2 2 2 2 2 2 2 2 2 2 2 2 2 2 2 2 2 2 2 2 2 2 2 2 2 2 2 2 2 2 2 2 2 2 2 2 2 2 2 2 2 2 2 2 2 2 2 2 2 2 2 2 2 2 2
left_child=1 2 4 -4 5 8 -7 -8 24 -10 37 -12 31 15 -15 18 28 20 39 -20 -18 22 -2 41 25 26 -1 -28 30 -27 -17 32 33 -6 -31 50 -37 38 -5 -14 -26 58 43 -33 -45 -43 53 -48 -41 -38 -23 52 -52 -39 56 -56 -55 -30 59 -24 -60
right_child=21 -3 3 10 12 6 7 -9 9 -11 11 -13 13 14 -16 16 17 -19 19 -21 -22 35 23 -25 40 29 27 -29 57 34 -32 42 -34 -35 -36 36 49 46 -40 48 -42 45 -44 44 -46 -47 47 -49 -50 -51 51 -53 -54 54 55 -57 -58 -59 60 -61 -62
leaf_value=-0.12799593244645863 -0.076712765485855816 -0.053809988799206621 -0.069802417829416527 -0.075595564972275917 0.0012057580345113514 -0.11249443852301229 0.03793280914442676 -0.079839813161855927 0.0069307355666274918 -0.10280399963647863 -0.080601499706066129 0.036869134761763137 -0.089265142178907797 -0.11750077936351806 0.038796679847861344 0 0 0.041625115767811124 -0.1417291930678814 0.028014259906814758 -0.13605570378087034 0.042908567086858154 0.021553061745994122 -0.066049133292246834 0.00074747584109302351 -0.048204715664951256 0.02647335790320348 -0.020683205618182206 0.033213694661427519 0.039826190161525242 -0.13013085085474085 0.031996557581564701 0.030527251595820155 -0.12917792990820628 0.0047032680043869813 -0.075139591763450267 0.041891658366395038 0.044422094584865852 0.037734521936981943 -0.0099588260361331352 -0.089005461541074873 0.011410157775242086 0.034451560865555571 0 -0.12895686640452153 -0.068534827979741392 -0.075827128254626563 0.044085879718409091 0.029140586033846297 -0.017579348652270739 0.00092440037403562325 0.034464950060791276 -0.074528509784711594 0.042075132419093192 0.035934021960832799 -0.086825319759342531 0.0072770646974394827 0 0.038616352268988234 -0.059905627221223438 0.0034961142469078998
leaf_weight=7.0201767906546584 9.6028624884784204 28.552166763227433 13.261337561532853 11.216962764039634 4.3796073123812693 29.509325228631496 35.422815671190619 11.238450938835738 17.554747454822067 11.85662553552538 17.26596340816468 35.415033637546003 1.7008925527334202 21.127969589084387 10.319584846496584 3.1386073082685471 2.4447834603488507 13.094863414764403 6.7901968434453002 8.9849312454462034 15.239650771021841 269.88138828892261 6.7605881653726101 8.6414065640419704 2.4218332767486555 5.2853278815746298 88.073116797953844 38.15873465500772 46.013831045478582 128.91551388800144 3.4006369337439528 30.92679588496685 14.427643828094004 6.0772277880460024 45.146920073777437 6.1149083301425007 16.715429864823822 186.42236776463687 25.962153172120452 7.3289786949753752 6.4461079593747854 3.2329759602434915 264.75005505420268 10.677241489291189 5.0754939690232268 4.7695422694087029 7.6037998273968723 17.341011047363281 282.57789567112923 2.7334845690056673 2.4354610443115261 19.937029882334173 5.0697235502302647 218.35735297203064 15.537141032516958 15.455349038355051 44.43432630226016 15.84919575974345 101.9751946143806 3.0843965732492489 18.70213337149471
leaf_count=38 70 1042 153 83 4 177 19 77 25 75 163 23 9 127 1 4 7 2 38 6 78 150 6 102 1 18 68 103 29 60 19 17 10 36 60 87 7 59 16 16 38 3 161 14 29 40 53 1 243 72 1 16 65 75 8 135 95 24 60 61 35
internal_value=0 0.0163092 0.0174852 0.0270193 0.0125539 0.00217441 -0.0377731 0.00686656 0.0112036 -0.0331515 0.0293901 0 0.0181173 0.0105451 -0.0622751 0.0164882 -0.00217313 -0.0440833 0.0229137 -0.0373321 -0.114524 0.030109 0.0142586 0.0210558 0.0156515 0.0179345 0.00293305 0.0112318 0.014881 0.0283844 -0.0555125 0.0276076 -0.00377044 -0.0628904 0.0314332 0.0374174 0 0.032406 0.000163382 0.0266031 -0.0506166 0.0274019 0.0305142 0.0055122 -0.0385638 -0.0208535 0.0345327 0.00250176 0.0277222 0.0271347 0.0404101 0.01129 -0.033657 0.0359374 0.0301256 -0.021304 0.0366661 0.0243573 0.0313176 0 0.0342062
internal_weight=0 1838.2 1809.65 608.273 1201.38 427.05 76.1706 46.6613 350.879 29.4114 595.011 52.681 774.326 438.012 31.4476 406.564 99.1816 30.7793 307.383 15.7751 17.6844 479.657 156.769 147.166 321.468 312.6 133.252 126.232 68.4023 179.348 6.53924 336.314 24.8845 10.4568 174.062 322.887 25.5638 542.33 37.1791 291.608 8.86794 138.525 311.43 46.6795 15.7527 8.00252 505.151 24.9448 289.907 19.4489 297.324 27.4422 7.50518 480.207 293.784 30.9925 262.792 61.863 130.522 9.84498 120.677
internal_count=4314 3539 2497 864 1633 759 273 96 486 100 711 186 874 603 128 475 163 87 312 44 85 775 377 307 386 347 209 171 76 138 23 271 50 40 120 398 166 525 99 268 39 205 221 60 43 43 426 54 259 79 232 82 66 372 313 143 170 53 162 67 95
is_linear=0
shrinkage=0.0493048


Tree=72
num_leaves=61
num_cat=0
split_feature=95 5 66 64 93 64 59 38 86 72 66 64 54 64 95 91 29 6 97 80 64 81 64 67 48 101 86 86 99 80 56 64 61 4 19 66 93 97 93 60 64 89 56 78 38 78 85 49 64 45 61 100 3 80 64 40 7 19 75 83
split_gain=26.8236 25.3553 19.5373 39.0822 19.3832 42.6354 30.4131 24.2721 56.7002 74.4624 33.714 29.123 21.7108 51.966 23.6625 20.5021 18.0203 43.3106 102.804 23.9827 38.1281 17.0897 32.9032 16.0994 26.0499 15.9153 14.0636 13.2934 24.3868 12.9068 10.8858 19.4885 18.8603 10.6132 23.2978 8.84177 10.9475 8.7239 8.12971 18.2726 8.67476 7.1198 6.81709 6.63834 9.26496 6.94741 5.25403 5.15283 5.3212 4.83257 4.07478 3.89095 2.94235 2.46283 3.14523 2.07229 0.716656 0.622226 0.516868 0.140686
threshold=-0.15999999999999973 9.5000000000000018 1603.0000000000002 39.150000000000013 0.10555555555555557 43.750000000000007 -684.99999999999989 6.5000000000000009 -406.49999999999994 3.5000000000000004 1404.5000000000002 20.950000000000003 38.95000000000001 6.9500000000000011 -0.10999999999999903 -0.064583333333333284 1.0000000180025095e-35 1.5000000000000002 0.025549999999999056 37.95000000000001 10.65 1.9500000000000002 31.350000000000005 1443.5000000000002 0.45000000000000007 -1.5246000000000028 -670.49999999999989 -641.49999999999989 0.15174999999999983 36.150000000000013 0.14835164835164832 4.0500000000000007 0.17153518123667377 1.5000000000000002 23.500000000000004 1603.0000000000002 0.11805555555555557 -0.18424999999999861 -1.0000000180025095e-35 0.12313266443701222 3.1500000000000008 471.50000000000006 0.4330357142857143 35.000000000000007 25.000000000000004 5.5000000000000009 52.500000000000007 0.73030303030303034 2.3500000000000001 9.5000000000000018 0.27239304812834225 -0.14085000000000028 9.5000000000000018 36.95000000000001 10.850000000000003 35.750000000000007 56.500000000000007 23.500000000000004 0.48333333333333339 -0.14999999999999999
decision_type=2 2 2 2 2 2 2 2 2 2 2 2 2 2 2 2 2 2 2 2 2 2 2 2 2 2 2 2 2 2 2 2 2 2 2 2 2 2 2 2 2 2 2 2 2 2 2 2 2 2 2 2 2 2 2 2 2 2 2 2
left_child=2 4 3 16 5 6 -2 8 11 10 42 23 14 41 -9 -6 17 19 25 30 27 22 -16 29 -25 -19 46 -21 -29 -8 31 -1 -33 49 -35 43 -37 -23 39 40 -18 -14 -10 45 -45 47 -4 48 -17 52 58 -52 -28 -47 -55 -30 57 -20 -32 -43
right_child=1 -3 26 -5 15 -7 7 12 9 -11 -12 -13 13 -15 21 35 38 18 56 20 -22 37 -24 24 -26 -27 33 28 55 -31 50 32 -34 34 -36 36 -38 -39 -40 -41 -42 59 -44 44 -46 53 -48 -49 -50 -51 51 -53 -54 54 -56 -57 -58 -59 -60 -61
leaf_value=0.033196609676647774 -0.093792611346397936 -0.074819754101721869 0 -0.05518017066544946 -0.06866227950040063 -0.050369236395519094 -0.007523667295114664 -0.087303341322612568 -0.0070264887916134163 -0.10214076126861725 -0.083363999589672846 -0.067044975006535654 -0.011757382192054532 -0.084821465640138982 0.01893262453567671 0 0 0 0 0.033714017489337431 -0.090816557100936099 0 -0.063195728728955958 0.033442986483945988 -0.057339650599965486 -0.1286385417694843 0 -0.11528812266907743 0.031571749658982434 0.030353591609513293 0.024674638160567849 0 -0.12492484619424243 -0.092525607790134023 0.029846862658889622 0.022311025143533166 -0.076378636817296161 0.039773194156315576 0.041683271233569748 0.036755450943048662 -0.11232228766125291 0.0073699576287268587 0.03387430693174108 0.023896269933630702 -0.070426280033909189 0.045342006880182494 -0.070870523149834316 0.022208662700623629 -0.069399911118164931 0.045743487475823942 -0.010684734732282042 0.027016406837044354 0.026390172819201429 0 0.030547370369596764 0 0.041726728017023595 0.017990323947438231 0.045082060786344545 0.040930902463131823
leaf_weight=24.322139553725719 5.9597492804750791 7.1290490599349132 2.1014333367347708 15.248252895660697 4.2161538181826463 24.506835134699941 19.611210906878114 4.4545140247791997 8.1068760929629189 26.004197800997645 9.0992886982858163 9.3373401984572393 8.0341196991503221 16.435938434675336 732.96454445272684 1.8675001859664941 2.060215651988984 2.1679552160203484 5.2764753075316566 32.382712367922068 10.122303498443214 17.670102994889021 11.351466158404945 13.359367061406376 15.869653118774293 17.818603564985096 7.7915148325264481 4.679053500294688 6.2866952419280988 154.28086646646261 36.623924227431417 9.3001872226595861 4.2568430732935658 4.4342016587033894 20.947371233254671 7.6137545239180309 3.8754865331575274 151.42724514938891 133.73494738526642 14.12672708183527 3.6428294405341148 11.382462002336981 30.167076826095581 10.982806788757442 3.2385532278567544 129.14114712830633 3.3804483264684677 19.462632857263088 3.4765626601874828 214.16120896302164 7.0728839021176126 13.769584033638237 19.088400945067406 9.1013859882950801 18.12126216199249 7.066230358555913 16.727749172598124 5.1996302418410778 105.18846741598099 17.637604892253876
leaf_count=17 37 73 6 343 39 998 45 32 27 179 52 83 17 116 823 1 3 8 16 21 81 34 105 6 65 104 17 26 2 125 37 18 26 32 30 7 38 86 64 4 23 16 17 14 28 58 27 19 33 56 20 12 16 17 36 22 6 4 39 8
internal_value=0 0.0148268 0.0266471 0.0200623 0.0153379 0.0128942 0.0142213 0.0148348 0.00171895 -0.0351371 0 0.0150368 0.0185661 -0.0104638 0.0203937 0.0296508 0.0228198 0.0152444 -0.027007 0.0233604 -0.00195594 0.0210583 0.0175102 0.0194328 -0.0116068 -0.113241 0.0377393 0.0134701 -0.0159972 0.0253663 0.0316218 0.00391627 -0.0394168 0.0395656 0.00348028 0.0322663 -0.000314975 0.0359339 0.0372101 0.000762627 -0.0664081 0.0192135 0.0219665 0.0348182 0 0.0373699 -0.0281712 0.00654074 -0.027179 0.0428485 0.0373074 0.0082697 0.0151347 0.0414633 0.0184672 0.00971207 0.0318458 0.00415319 0.0406955 0.0320713
internal_weight=0 1505.89 748.979 477.074 1498.76 1287.66 1263.15 1257.19 285.836 73.3774 47.3732 212.458 971.358 53.4901 917.868 211.097 461.826 308.261 47.1904 261.071 60.537 913.413 744.316 203.121 29.229 19.9866 271.905 50.4147 18.032 173.892 200.534 37.8792 13.557 266.423 25.3816 206.881 11.4892 169.097 153.565 19.8298 5.70305 37.0542 38.274 195.392 14.2214 181.17 5.48188 24.8067 5.34406 241.041 162.655 20.8425 26.8799 156.364 27.2226 13.3529 27.2039 10.4761 141.812 29.0201
internal_count=4314 3234 1080 896 3161 2871 1873 1836 599 275 96 324 1237 157 1080 290 553 459 138 321 152 1048 928 241 71 112 184 71 50 170 169 61 44 151 62 251 45 120 94 30 26 41 44 206 42 164 33 53 34 89 108 32 33 111 53 24 26 20 76 24
is_linear=0
shrinkage=0.0493048


Tree=73
num_leaves=62
num_cat=0
split_feature=46 64 64 15 64 40 61 92 101 99 100 15 100 75 6 41 45 67 13 90 85 93 74 57 100 82 68 102 99 73 81 61 103 63 95 41 86 73 49 31 67 63 65 47 54 80 54 38 62 60 48 86 82 38 98 65 100 13 61 41 66
split_gain=26.1887 53.5735 31.5856 50.041 25.3536 49.9988 85.4084 67.3249 65.1166 56.745 43.3242 37.2919 31.0907 22.9605 66.0722 24.8106 44.1381 21.3377 20.6603 59.936 19.1958 74.3972 18.7828 34.5005 28.4788 17.6358 20.5547 34.2098 39.4869 15.1635 24.3834 14.1315 14.0977 26.4566 13.507 13.4189 12.9782 27.8731 12.8879 18.6296 12.6756 36.9892 11.6412 10.4513 21.9765 9.99783 9.787 9.54922 7.40806 6.73962 13.2893 19.3378 6.6387 29.0623 6.25885 13.4288 6.05927 6.45905 9.52142 16.1749 7.17207
threshold=14.500000000000002 53.45000000000001 18.850000000000005 1.0000000180025095e-35 6.4500000000000011 37.750000000000007 0.25121359223300976 -0.095454545454545445 -0.33994999999999814 3.112450000000003 2.0465500000000039 1.5000000000000002 1.0501000000000007 0.48333333333333339 1.0000000180025095e-35 0.95000000000000007 2.5000000000000004 1088.0000000000002 1.5000000000000002 -0.13809523809523802 54.500000000000007 0.06904761904761901 1.3500000000000003 -3.7499999999999996 -0.12310000000000083 0.80625000000000013 1327.5000000000002 0.18021771755806473 -1.3270000000000015 38.250000000000007 2.1500000000000008 0.10889328063241101 0.64903703492039166 7.5000000000000009 0.18000000000000008 1.2500000000000002 -983.99999999999989 35.550000000000004 0.63961038961038974 1.0000000180025095e-35 1013.5000000000001 12.500000000000002 2.5000000000000004 35.650000000000013 39.750000000000007 37.850000000000001 38.250000000000007 14.500000000000002 1.5000000000000002 0.016001024065540152 0.8500000000000002 -930.49999999999989 0.81534090909090928 95.000000000000014 1.9465500000000024 3.5000000000000004 -0.85444999999999982 1.0000000180025095e-35 0.31277173913043482 0.45000000000000007 1040.0000000000002
decision_type=2 2 2 2 2 2 2 2 2 2 2 2 2 2 2 2 2 2 2 2 2 2 2 2 2 2 2 2 2 2 2 2 2 2 2 2 2 2 2 2 2 2 2 2 2 2 2 2 2 2 2 2 2 2 2 2 2 2 2 2 2
left_child=1 2 4 -4 17 7 8 12 11 -8 -10 -7 -6 29 15 16 -15 49 40 -20 -13 -22 23 -2 45 26 32 31 -29 43 -31 -28 33 34 -19 -33 37 -34 54 -40 41 -5 -38 44 -9 -25 -45 -35 -47 50 51 -1 -42 -54 -24 -56 -51 60 59 -59 -58
right_child=22 -3 3 18 5 6 9 13 10 -11 -12 20 -14 14 -16 -17 -18 25 19 -21 21 -23 38 24 -26 -27 27 28 -30 30 -32 35 36 47 -36 -37 42 -39 39 -41 52 -43 -44 46 -46 48 -48 -49 -50 56 -52 -53 53 -55 55 -57 57 58 -60 -61 -62
leaf_value=0.0013772377109269765 -0.075043450517801397 -0.053089671830825032 -0.068017838958069121 -0.072988143351337201 -0.11505180497494211 -0.090758376330368429 -0.11567647683605432 -0.099123692805107522 -0.096691883960706326 0.029487967039116533 0.025750899933724973 0.035285390614562463 0.0045732508382220882 0.031219474215498731 -0.10720165710424133 0.032712390314466031 -0.14564460612576599 -0.14975900415685667 0.035757253843059937 -0.079348881985143754 -0.14100914050191588 0.035647408371307678 0.041878408698813673 0.030456988413997375 -0.064024644546262055 0.03399353499857994 -0.11566553386028172 0 -0.14416523612537263 -0.078394274675360268 0.0289549217964035 -0.018173314010589758 0.020517332377322388 -0.03815705734728056 0 0.027522909431750946 0.029842504014972866 -0.11032455697246288 -0.07399581034697704 0.026465940189724476 0.035110183946954629 0.036637290703521536 -0.0021772332857369686 0.035925783995770462 0.034097359436108247 0.011382550430125 0 0.021393194879785585 -0.066190524388460181 0.041006207302640554 0.026526543575001726 -0.13165838908102676 -0.073554823593682886 0.043527925968237527 0.032653984876471531 -0.058193762294306575 0 0 0.025623694602739198 -0.14107614338325675 0.035817178308369203
leaf_weight=3.7481112927198437 9.3756410954520089 26.412836017552763 12.575543996877967 10.759593872819094 13.569984622299673 7.007622104138135 29.14601746480912 4.5912266373634321 24.275523706804961 6.8013077676296225 7.8616992551833382 87.144985497929156 5.5439691841602317 6.4020311627536994 12.520142190158365 51.271950513124466 5.7760714031755924 4.5028969645500174 33.750304376706481 16.246455064509064 7.8122680298984077 20.99186727963388 256.28863014094532 124.65714687854052 8.2466152026317996 66.727911591529846 2.4080564975738517 6.3365671932697287 9.5322631411254388 8.3845303710550088 11.440453311428426 26.600694194436073 9.8906557671725732 8.0946011207997781 2.4046687856316566 33.635889362543821 136.04653999954462 5.667046830058097 5.8753880979493287 18.427357024513185 448.42426310945302 24.117602784186602 25.803821502253413 214.23704087734222 7.3258748054504395 3.2357305949553838 22.803900200873613 25.696921270340681 4.5825249552726746 134.83047602511942 21.881136409938335 3.6707878261804581 7.3018826730549362 16.361173629760742 16.003189034760002 4.761463127564638 11.57417265512049 4.3576623648405057 7.2310499548912048 2.8762319460511208 45.047070350497961
leaf_count=3 70 1042 153 83 70 41 170 25 160 2 7 53 6 2 77 32 32 26 27 159 44 10 147 162 102 46 13 8 52 54 11 56 7 22 6 26 120 34 87 79 372 16 47 112 1 3 37 22 40 75 19 22 53 1 10 75 24 6 5 17 31
internal_value=0 0.0154463 0.0165701 0.0262491 0.0116826 0.00380647 -0.0163108 0.0147109 0 -0.0847533 -0.0628781 0.0159022 -0.0739144 0.019992 -0.00247918 0.0162727 -0.0426573 0.0187759 0.0286048 0 0.0234453 -0.00806358 0.0292345 0.0136171 0.0204243 0.0107485 0.00509687 -0.0158243 -0.0804129 0.0268054 -0.0102412 0 0.0131993 -0.0110812 -0.0996412 0.00528129 0.0194714 -0.0193049 0.0365982 0 0.0315909 0 0.0239701 0.0302559 -0.00695962 0.0266348 0.0326521 0.00342803 -0.0183398 0.0306442 0.00336698 -0.0480641 0.0337191 0.0020977 0.0396229 0.00578225 0.0339206 0.0187195 -0.00394403 -0.0505905 0.026703
internal_weight=0 1749.42 1723.01 569.537 1153.47 554.908 191.041 363.867 155.094 35.9473 32.1372 122.957 19.114 344.753 75.9702 63.4501 12.1781 598.565 556.961 49.9968 115.949 28.8041 451.454 150.098 140.722 363.349 296.621 78.5135 15.8688 268.783 19.825 62.6446 218.107 40.6991 6.90757 60.2366 177.408 15.5577 301.356 24.3027 506.965 34.8772 161.85 248.958 11.9171 132.475 237.041 33.7915 7.81826 235.217 29.3 7.4189 472.087 23.6631 277.053 20.7647 205.917 71.0862 14.4649 7.23389 56.6212
internal_count=4314 3539 2497 864 1633 946 487 459 315 172 167 148 76 383 143 66 34 687 711 186 107 54 775 377 307 485 439 155 60 240 65 95 284 76 32 82 208 41 398 166 525 99 167 175 26 205 149 44 43 202 44 25 426 54 232 85 158 83 28 23 55
is_linear=0
shrinkage=0.0493048


Tree=74
num_leaves=62
num_cat=0
split_feature=95 5 64 95 100 64 61 49 72 86 101 65 72 5 60 75 89 64 85 95 67 64 94 65 92 67 41 41 74 45 67 83 102 7 7 64 49 6 40 73 98 100 38 82 48 101 1 64 38 75 29 61 64 67 86 89 61 67 89 64 64
split_gain=25.8383 22.9346 18.5909 52.5668 18.2638 36.7265 69.7042 23.3881 34.5097 55.1659 79.7227 41.1704 33.4692 26.2604 22.6594 35.0697 43.9572 29.9567 29.1199 27.6266 23.8627 56.7941 18.8173 19.6801 16.9662 16.4531 23.9142 14.6384 41.7609 18.9201 14.1425 13.8192 21.0728 13.1011 25.8872 21.7332 80.5276 13.7463 19.7377 18.88 13.9753 13.1768 12.7866 11.1342 10.9113 12.8619 9.85007 15.3575 7.57411 4.76572 15.9599 8.84452 4.61885 3.94892 12.6346 3.87072 2.86458 3.05307 1.63242 0.923177 0.530435
threshold=-0.15999999999999973 9.5000000000000018 26.450000000000003 -0.77999999999999925 -2.1921499999999976 31.350000000000005 0.49242424242424249 0.57738095238095244 2.5000000000000004 -439.49999999999994 -1.3135999999999972 7.5000000000000009 5.5000000000000009 1.0000000180025095e-35 0.055867665418227151 0.12916666666666668 500.50000000000006 4.9500000000000011 50.500000000000007 -0.080000000000000029 1521.0000000000002 7.3500000000000005 -0.12916666666666662 1.5000000000000002 -0.087121212121212085 569.00000000000011 0.75000000000000011 0.45000000000000007 0.35000000000000003 5.5000000000000009 1032.5000000000002 1.9500000000000002 0.29587022138413166 29.500000000000004 20.500000000000004 12.550000000000002 0.97222222222222232 1.5000000000000002 37.250000000000007 35.550000000000004 -0.99899999999999867 0.96510000000000329 19.000000000000004 0.37980769230769235 1.4500000000000002 1.9764999999999981 2.5000000000000004 5.3500000000000005 14.500000000000002 0.21825396825396823 1.0000000180025095e-35 0.38516483516483518 13.850000000000003 1182.5000000000002 -1372.4999999999998 481.50000000000006 0.044949494949494906 334.50000000000006 492.50000000000006 3.5500000000000003 6.9500000000000011
decision_type=2 2 2 2 2 2 2 2 2 2 2 2 2 2 2 2 2 2 2 2 2 2 2 2 2 2 2 2 2 2 2 2 2 2 2 2 2 2 2 2 2 2 2 2 2 2 2 2 2 2 2 2 2 2 2 2 2 2 2 2 2
left_child=2 4 31 -4 42 7 -7 14 48 11 46 12 -10 -14 19 16 17 55 -19 -6 22 43 23 -17 -24 26 58 28 -27 -29 -5 33 -33 34 35 37 -37 38 56 -39 -40 -36 53 -22 -32 -46 47 -11 -9 52 51 -51 59 -2 -55 -16 -1 -58 -21 -35 -61
right_child=1 -3 3 30 5 6 -8 8 9 10 -12 -13 13 -15 15 20 -18 18 -20 25 21 -23 24 -25 -26 27 -28 29 -30 -31 44 32 -34 49 41 36 -38 39 40 -41 -42 -43 -44 -45 45 -47 -48 -49 -50 50 -52 -53 -54 54 -56 -57 57 -59 -60 60 -62
leaf_value=0 0.01585007231442417 -0.072624341724249544 -0.06390423810888704 -0.034585015756073166 -0.10195013630918257 -0.059018029906146074 0.041462559454667071 0 -0.084436979782638866 0.014943560988322387 -0.10424744071318857 -0.088396508631365278 0.025825414343365192 -0.021186806263679893 0 0.01160460841871824 -0.21352766681564581 0.01411159994923806 -0.11085293682106188 0 -0.034145031804758079 -0.11562655310876244 -0.046542907672695054 -0.12217398320971126 0.024229423345022278 0.030597258508474015 -0.10449666590033947 -0.0053618499742681567 -0.074555881728693166 0.034406778616184588 0.045054482402148557 -0.091347001300284406 0.023282370164659092 0.032423201846764796 -0.10895759630099726 -0.097546436343954601 0.037661582636939597 0.012350464931908086 0.0011909914520366362 -0.095711262611243575 -0.087770252002530441 0 0.042715297625075845 0.029933796085531768 -0.051959137799146307 0.032414489027336076 0.034485978327586375 -0.095377544915088847 0.038420075413312424 -0.081578908029516617 0.031727647793306953 0 0.046641731304816761 0.015194822941510467 -0.091852982630114863 0.031401310138087751 0 0.034905586049208792 0.025520106028614604 0 0.010645901429576657
leaf_weight=9.310207359492777 15.263980612158777 6.8973738700151435 11.295109550235791 4.1474028937518588 3.6436667740344992 45.247409583767876 25.288035439327359 10.025296682491897 7.9164611157029858 5.2877058982849139 29.76918288692832 10.227099908515809 153.17193038389087 32.669614927843213 9.3320251256227511 3.0763816833496085 3.0509569123387328 4.7728019617497948 11.747238981537519 7.4162375777959886 7.4615982100367537 10.992203208617864 7.2704996140673748 4.5184443490579724 297.00216885283589 34.422439926303923 5.3002728894352904 25.537509819492698 12.426188642159103 412.8465938786976 250.6780056245625 6.864616194739936 6.283772986382246 13.687915831804274 6.0002051852643472 17.454365305602551 26.278620589524508 10.138410644605754 9.816129341721533 5.2789471298456183 5.3340820483863345 3.3415165469050407 88.847551912069321 25.258299149572849 6.1168543118983516 13.922693046741188 17.26985490322113 4.5422283038496971 67.117485407739878 5.5852901451289645 26.781054526567459 2.1136200428009033 75.381705608218908 3.4753458499908456 4.1926038796082121 15.866556502878664 4.5160804484039536 159.74848430603743 9.6314166244119388 6.861531741917136 18.221253581345081
leaf_count=14 15 73 193 71 20 1340 16 23 46 3 180 63 155 90 18 1 26 3 74 13 23 56 24 26 310 27 38 62 53 288 109 53 4 9 33 119 13 10 13 26 35 7 31 18 99 29 7 24 33 37 23 1 15 1 32 11 17 115 11 13 22
internal_value=0 0.0139311 0.0258536 0.0360287 0.0144366 0.0126647 -0.0212295 0.014678 0.00315156 -0.00500643 -0.0482008 0.00643229 0.0120939 0.0168897 0.0188151 0.00952911 -0.0306856 -0.0141725 -0.0672832 0.0258428 0.0149445 -0.0176878 0.0199184 -0.0518761 0.0221247 0.0270119 -0.0104424 0.0289938 2.00978e-05 0.0318062 0.0405951 0.0186052 -0.027213 0.0203981 0.0128423 0.0162859 -0.0134944 0.0232758 0.0272053 -0.0167321 -0.022068 -0.0649938 0.0342402 0.0115043 0.0422103 0.000421342 0.00883739 -0.0235811 0.0323386 0.0326316 0.0108889 -0.04534 0.0381048 0 -0.0273385 0.0157624 0.0322258 0.03376 0.0116705 0.0182756 0.00557091
internal_weight=0 1438.78 705.158 286.16 1431.89 1320.11 70.5354 1249.57 337.997 260.854 56.869 203.985 193.758 185.842 911.574 400.349 44.7696 41.7186 16.52 511.224 355.58 43.7121 311.867 7.59483 304.273 507.581 22.3479 485.233 46.8486 438.384 274.865 418.998 13.1484 405.849 257.217 247.875 43.733 204.142 188.725 15.4174 15.1502 9.34172 111.779 32.7199 270.718 20.0395 27.0998 9.82993 77.1428 148.632 34.48 7.69891 114.152 22.9319 7.66795 25.1986 173.575 164.265 17.0477 38.7707 25.0828
internal_count=4314 3234 1080 501 3161 3082 1356 1726 624 568 214 354 291 245 1102 590 132 106 77 512 458 97 361 27 334 492 62 430 80 350 308 579 57 522 402 362 132 230 194 36 48 40 79 41 237 128 34 27 56 120 61 38 59 48 33 29 146 132 24 44 35
is_linear=0
shrinkage=0.0493048


Tree=75
num_leaves=62
num_cat=0
split_feature=95 5 66 64 93 64 59 38 86 74 7 64 54 64 91 81 73 64 64 29 86 102 93 68 66 75 56 7 75 64 71 65 42 40 67 86 1 65 66 86 64 93 60 64 60 89 78 38 54 79 98 78 86 64 5 95 41 31 80 64 42
split_gain=24.9018 21.3019 17.9738 33.7437 17.9567 35.5504 25.3822 20.6335 48.1234 62.662 26.7489 25.4301 18.7972 44.4401 18.0316 16.5862 33.956 76.7689 26.7997 16.2751 31.4342 54.6353 23.8261 18.7698 29.0663 14.0111 51.7532 13.4102 19.7226 13.2549 12.0539 11.6395 16.4291 11.3306 10.1689 9.8965 9.87724 22.2285 9.84635 9.8455 9.001 8.08127 15.581 6.95232 6.54629 6.50423 6.48218 7.70119 6.42123 6.26276 5.67652 5.19006 12.3136 9.60228 3.34089 3.15431 2.90656 2.59225 2.55768 2.77265 2.13547
threshold=-0.15999999999999973 9.5000000000000018 1603.0000000000002 39.150000000000013 0.10555555555555557 43.750000000000007 -684.99999999999989 6.5000000000000009 -406.49999999999994 0.35000000000000003 6.5000000000000009 20.950000000000003 38.95000000000001 6.9500000000000011 -0.064583333333333284 1.9500000000000002 38.150000000000013 4.4500000000000011 31.350000000000005 1.0000000180025095e-35 -194.49999999999997 0.14533671914196564 -0.13809523809523802 1203.5000000000002 1034.5000000000002 0.23303167420814477 0.12916666666666668 21.500000000000004 0.12916666666666668 13.850000000000003 4.5000000000000009 2.5000000000000004 0.92582417582417598 37.550000000000004 1415.5000000000002 -487.99999999999994 1.5000000000000002 2.5000000000000004 1643.5000000000002 -1.0000000180025095e-35 4.2500000000000009 -1.0000000180025095e-35 0.12313266443701222 3.1500000000000008 0.055250305250305207 471.50000000000006 35.000000000000007 25.000000000000004 38.750000000000007 14.500000000000002 -1.3704499999999979 5.5000000000000009 -580.49999999999989 2.9500000000000006 1.0000000180025095e-35 -0.77999999999999925 0.35000000000000003 1.0000000180025095e-35 36.95000000000001 10.850000000000003 0.057189542483660101
decision_type=2 2 2 2 2 2 2 2 2 2 2 2 2 2 2 2 2 2 2 2 2 2 2 2 2 2 2 2 2 2 2 2 2 2 2 2 2 2 2 2 2 2 2 2 2 2 2 2 2 2 2 2 2 2 2 2 2 2 2 2 2
left_child=2 4 3 19 5 6 -2 8 11 10 44 25 15 45 -6 16 18 -18 -9 20 27 23 -23 24 -22 26 -8 34 -29 31 -27 57 -33 48 50 40 37 -25 46 -40 -36 42 43 -21 -10 -14 51 -48 -17 -35 -1 52 -16 -54 -31 -52 -38 -4 -53 -60 -56
right_child=1 -3 29 -5 14 -7 7 12 9 -11 -12 -13 13 -15 38 33 17 -19 -20 41 21 22 -24 36 -26 30 -28 28 -30 54 -32 32 -34 49 35 -37 56 -39 39 -41 -42 -43 -44 -45 -46 -47 47 -49 -50 -51 55 58 53 -55 60 -57 -58 -59 59 -61 -62
leaf_value=0 -0.086687457749726082 -0.070720382238391347 0.034113770300243436 -0.053837482851058091 -0.064676207545559 -0.049502442387090284 0.025158489697654444 0.019214990223951983 -0.0076524707700628882 -0.094993998468405061 -0.073507375569321368 -0.064883817635374055 -0.011753629148345799 -0.0808662669452304 0.029723365338333498 -0.066701926689207908 0.029980821121170811 -0.11144092118848817 -0.060819595067509793 0 0.01032156300052312 0 -0.11382718077219917 0.024268098603907912 -0.10269522793032712 -0.011349691292762932 -0.1045736267373765 0.0245105296043511 -0.093102840421477095 0.045423680383425626 0.029718617615759745 -0.087756327813201765 0.020796093683398187 0.040669603156521593 0 0.022330559555774773 0.0059869972801934153 -0.096663073283328585 -0.083600947058515437 0.014428461400666509 -0.089243818621064508 0.040642194424146558 0.035082734191790567 -0.10312232858560456 0.033769266774027466 0.030545588388221946 0.021699238747099992 -0.065228342210268617 0.0075514454883586915 0 0.0059839788891728847 0.044545442428952288 0 -0.10305851572976664 0.031460286210029886 0.041959516119218991 0.042763917716299345 0 0 0.028800361774857057 0
leaf_weight=7.3290171492844811 5.8292422834783784 6.7387581195216617 23.694554567337036 14.026253037620334 4.059306322131305 21.848544072592631 27.231300920713693 657.7125645284541 7.5273722307756534 25.665564055321738 9.0351490499451739 8.8400399954989535 7.9656805284321299 15.731744782067834 21.497303570155058 3.8833383359014979 19.880089551210403 16.180807390483096 9.5791951194405538 1.9594760686159141 11.811248490586879 4.945991542190316 14.403741021640597 12.106803037226202 8.286562009714542 15.129727931693195 10.037009301595388 7.2072022482752782 5.3640438811853528 173.97463396191597 138.03299882635474 6.259455777704714 4.4347323328256607 133.43759221583605 3.1805232837796238 18.431317195296288 16.330076724290848 5.0135160796344271 3.4225391130894423 4.5958143919706327 4.5778234177269042 120.88511897064745 12.694298051297665 3.6438259817659855 27.582080414518714 27.136942598968744 10.204325498081742 3.2329865600913754 2.8109195232391357 15.093978023156522 15.019810419529675 116.45888513652608 1.7700525522232045 3.4152516657486558 12.361813384108247 115.89245706563815 35.487448405474424 10.573821689933537 8.8103288300335425 16.731162407435477 13.32566795684397
leaf_count=24 37 73 15 343 39 998 23 724 19 185 52 83 17 116 20 22 17 117 94 3 14 12 93 10 52 40 57 5 37 51 121 44 2 67 4 21 22 25 30 2 31 64 4 23 19 24 14 30 1 38 32 61 1 37 6 64 13 18 17 39 48
internal_value=0 0.0135348 0.0254123 0.0188395 0.0140307 0.0116135 0.0128474 0.0134477 0.000956533 -0.0337551 0 0.0137446 0.0170068 -0.0105959 0.0283993 0.0187862 0.01524 -0.0300765 0.0178767 0.0215375 0.0140615 -0.00592137 -0.0816243 0.00915969 -0.0301949 0.0180584 -0.00651078 0.0269989 -0.0159255 0.0366843 0.0248485 0.00879318 -0.0312275 0.034047 0.0310393 0 0.0224451 -0.0040184 0.0310515 -0.0121488 -0.0436546 0.0359663 0 -0.0627687 0.0213515 0.0174058 0.0336381 0 -0.0171616 0.0371954 0.0363963 0.0362635 0.00944122 -0.0504658 0.04234 0.0387842 0.0335835 0.0249261 0.0404246 0.0167387 0.016588
internal_weight=0 1407.11 683.221 438.597 1400.37 1206.17 1184.32 1178.49 269.081 69.8102 44.1446 199.271 909.413 50.8344 194.198 858.578 703.353 36.0609 667.292 424.57 285.388 108.385 19.3497 89.0357 20.0978 190.431 37.2683 177.002 12.5712 244.625 153.163 44.9626 10.6942 155.226 164.431 26.1897 68.9378 17.1203 190.139 8.01835 7.75835 139.183 18.2976 5.6033 35.1095 35.1026 182.12 13.4373 6.69426 148.532 138.241 168.683 26.6826 5.1853 199.662 130.912 51.8175 34.2684 142 25.5415 25.6875
internal_count=4314 3234 1080 896 3161 2871 1873 1836 599 275 90 324 1237 157 290 1080 952 134 818 553 459 241 105 136 66 241 80 218 42 184 161 79 46 128 176 56 70 35 251 32 35 94 30 26 38 41 219 44 23 105 120 175 58 38 105 96 35 33 117 56 54
is_linear=0
shrinkage=0.0493048


Tree=76
num_leaves=62
num_cat=0
split_feature=46 64 64 15 88 64 90 41 97 64 99 102 58 90 67 101 65 26 74 57 100 13 68 15 90 62 4 60 102 71 61 61 46 100 60 73 101 65 4 80 60 67 31 47 61 101 86 67 101 103 78 80 61 40 65 64 62 86 52 30 15
split_gain=24.1831 45.2276 28.9243 43.2808 23.0718 51.3085 83.051 40.3442 22.1527 31.2996 19.732 68.0269 38.2394 32.4454 20.2692 18.4042 63.4566 57.6536 17.3902 31.1677 24.1976 17.0812 17.0713 24.3353 59.2544 24.0132 39.9151 16.9028 31.6375 16.9432 45.595 21.0957 14.5176 13.0504 34.5226 12.3428 13.2839 15.0698 12.262 42.1408 11.6057 48.7817 11.5338 35.103 13.233 11.7217 11.4909 10.9793 24.5275 10.2672 9.45031 8.50232 7.99023 7.67703 7.14484 10.7384 6.47039 5.50978 5.36014 11.7763 4.56702
threshold=14.500000000000002 53.45000000000001 18.850000000000005 1.0000000180025095e-35 13.500000000000002 10.65 0.074175824175824162 1.3500000000000003 2.4838999999999989 4.1500000000000012 -0.71439999999999759 0.14805005534883622 -2.4999999999999996 -0.10555555555555554 1032.5000000000002 -0.99885000000000079 5.5000000000000009 2.5000000000000004 1.3500000000000003 -3.7499999999999996 -0.12310000000000083 1.0000000180025095e-35 1354.5000000000002 5.5000000000000009 0.11805555555555557 7.5000000000000009 3.5000000000000004 0.13200995807127883 0.19108457344234253 10.500000000000002 0.13906469760900142 0.21026315789473682 1.5000000000000002 -1.2206499999999989 0.03647450110864741 38.150000000000013 -1.2768499999999994 1.5000000000000002 3.5000000000000004 37.850000000000001 0.065861769809138201 1013.5000000000001 1.0000000180025095e-35 37.550000000000004 0.13660287081339714 -1.2768499999999994 -1201.4999999999998 1160.5000000000002 -2.2854500000000004 0.3588854381999827 19.000000000000004 37.850000000000001 0.24037037037037037 38.45000000000001 6.5000000000000009 13.65 1.5000000000000002 -791.49999999999989 8.5000000000000018 1.0000000180025095e-35 1.5000000000000002
decision_type=2 2 2 2 2 2 2 2 2 2 2 2 2 2 2 2 2 2 2 2 2 2 2 2 2 2 2 2 2 2 2 2 2 2 2 2 2 2 2 2 2 2 2 2 2 2 2 2 2 2 2 2 2 2 2 2 2 2 2 2 2
left_child=1 2 4 -4 5 8 -7 -8 27 -10 38 -12 -13 -14 -15 33 22 -18 19 -2 51 -16 25 40 32 49 -27 29 -29 30 -1 -32 -25 34 -6 57 -37 -38 -5 -40 52 -42 43 -20 45 -44 -31 -36 -49 -17 -48 58 -24 -51 -45 -56 -53 -35 59 -21 -60
right_child=18 -3 3 10 15 6 7 -9 9 -11 11 12 13 14 21 16 17 -19 42 20 -22 -23 23 24 -26 26 -28 28 -30 46 31 -33 -34 35 47 36 37 -39 39 -41 41 -43 44 54 -46 -47 50 48 -50 53 -52 56 -54 -55 55 -57 -58 -59 60 -61 -62
leaf_value=-0.110842848647008 -0.072713814513674091 -0.052300752285169755 -0.065714082530157508 0.039123856119800557 -0.12886675314843823 -0.1026748864165359 0.035845967451283871 -0.075576076802300135 0.0048523123997521898 -0.095388395647218641 -0.079766320259634774 -0.070502121433355186 -0.081598878994812468 -0.063461931668958374 0.041545191017971835 -0.079202349474116571 -0.10783610181243081 0.035928989982764892 -0.098957198196960153 -0.089627760604539725 -0.060913454198766641 -0.002221271743739206 0 0 0.039699570529582576 -0.12767861970408892 0.024875476206844407 0.0016522189113154064 -0.12290872620938151 -0.035606372630828491 0.0307405488788614 -0.013518207483933013 -0.11616944106811944 0 0.034136677378120032 0.018837522399331067 0 -0.11957538998462899 -0.091693254278365915 0.041434409844975567 0.028015127122441939 -0.14964220748033483 0.026969401936420244 0.03500552830269045 0.0447849331782669 -0.080318372396914667 0.037903182339169464 0.026059952537148455 -0.10510154384573832 0.029472792135275875 0.0050943423593829522 0.010351386813701274 0.044831722082479993 0.0040662002509922373 0.032747335964943024 -0.058582493765506158 -0.062457639973942845 0.035003913658943842 0 0.027899511547102417 0.035763957071520788
leaf_weight=7.948410026729106 9.1182140682358277 23.642958795884624 11.664926122175528 268.42602525698021 4.4492639265954486 28.338365368545055 30.528283437713981 10.403432911727576 16.537956615909938 11.330809585750101 16.447930495487526 9.2394572850316745 5.5952596820425233 4.2095478428527704 155.0555309811607 1.7080963030457486 20.361244211904705 8.5203914642334002 5.517406706698238 2.8454514835029823 7.6607589093036941 19.027586052427068 19.412981323897839 2.1792469136416974 11.191670894622801 6.8785034082829943 8.0728338211774808 18.809948425740007 5.9528021831065407 4.8964967466890803 59.809929499402642 41.950347684323788 15.641942195594309 10.008908428251742 28.127648686990142 18.842187330126766 2.715690851211547 4.3180982917547226 7.8842828478664186 20.862949692178518 12.004121217876675 5.0804294385015956 5.0675783157348633 53.360291946679354 193.23377110343426 3.851367094088344 114.91859304532409 8.0843461826443637 5.1672321073710927 212.24401130527258 37.602837301790714 3.1485053880605838 26.025224953889847 47.164016855880618 6.8867306709289533 5.4097629534080625 4.3904559183865786 217.45988181233406 10.795318572781978 7.026907161809504 95.809277479536831
leaf_count=44 70 1042 153 171 26 177 19 77 25 75 148 78 53 36 83 9 127 1 62 32 102 71 33 7 2 38 6 30 35 17 52 96 78 19 24 17 2 22 58 13 9 28 1 41 123 67 61 4 28 184 51 3 6 75 1 103 40 129 36 7 87
internal_value=0 0.0141752 0.0152343 0.0249903 0.0104562 0.000506446 -0.0376085 0.00445163 0.00915536 -0.0315136 0.0273279 0.0147035 0.0234055 0.0288122 0.0329894 0.0158413 0.0083966 -0.0611312 0.0279929 0.0125018 0.0193641 0.0360478 0.0142026 -0.00309798 -0.0414512 0.020389 -0.0371414 0.0134675 -0.0234046 0.0173535 0.00126285 0.0112751 -0.0993563 0.0252898 0 0.0296726 0 -0.0601766 0.03581 0.000536777 0.0127245 -0.0177437 0.0355152 0.0154914 0.0419464 -0.00560005 0.0277751 0.0151219 -0.0158632 0.0241637 0.0306325 0.0253408 0.0269196 0.0253339 0.0270482 0 -0.0157209 0.0333541 0.0290696 0 0.0323337
internal_weight=0 1626.74 1603.1 518.413 1084.69 389.028 69.2701 40.9317 319.758 27.8688 506.749 209.575 193.127 183.888 178.293 695.658 396.485 28.8816 414.122 140.795 131.677 174.083 367.603 91.5356 29.0129 276.067 14.9513 291.889 24.7628 267.127 109.709 101.76 17.8212 299.173 45.8285 253.345 25.876 7.03379 297.173 28.7472 62.5228 17.0846 273.327 71.1742 202.153 8.91895 157.418 41.3792 13.2516 261.116 152.521 124.016 45.4382 259.408 65.6568 12.2965 7.53896 227.469 116.477 9.87236 106.605
internal_count=4314 3539 2497 864 1633 759 273 96 486 100 711 469 321 243 190 874 603 128 775 377 307 154 475 163 87 312 44 386 65 321 192 148 85 271 82 189 41 24 242 71 76 37 398 207 191 68 129 56 32 268 112 205 39 259 145 104 43 148 162 39 123
is_linear=0
shrinkage=0.0493048


Tree=77
num_leaves=62
num_cat=0
split_feature=95 5 64 95 100 64 61 49 60 64 72 86 101 99 60 75 61 64 95 67 64 91 91 68 85 67 41 68 41 74 45 67 31 40 64 68 64 97 57 67 103 60 38 95 48 7 97 64 56 3 101 91 60 75 89 64 63 67 47 66 27
split_gain=23.793 19.0013 17.0295 46.2937 16.5756 30.4387 59.6062 20.5054 31.1299 60.1144 25.0208 40.8107 67.8534 22.5581 20.9129 30.5961 39.0542 39.0844 23.9595 20.621 46.3697 17.88 17.4205 25.3389 15.9367 15.0546 19.8846 14.9804 13.4349 36.3898 17.1142 12.4583 12.1815 29.3478 23.7803 12.1269 46.4463 20.9094 16.6829 39.0194 14.8446 34.2753 11.89 10.2649 10.1399 10.5651 10.0767 9.32247 8.80328 17.1407 8.58539 6.90947 5.73454 5.31359 4.47434 7.79905 4.1159 3.59939 2.62161 2.02507 1.93418
threshold=-0.15999999999999973 9.5000000000000018 26.450000000000003 -0.77999999999999925 -2.1921499999999976 31.350000000000005 0.49242424242424249 0.57738095238095244 0.035929432013769351 5.9500000000000011 2.5000000000000004 -580.49999999999989 -1.1102500000000004 -1.2913500000000011 0.055867665418227151 0.12916666666666668 0.29819112999891034 2.4500000000000006 -0.080000000000000029 1521.0000000000002 7.3500000000000005 0.25833333333333336 0.12916666666666668 1404.5000000000002 56.500000000000007 569.00000000000011 0.75000000000000011 1300.0000000000002 0.45000000000000007 0.35000000000000003 5.5000000000000009 1032.5000000000002 16.500000000000004 37.250000000000007 4.5500000000000007 1327.5000000000002 14.15 -1.4194000000000029 -1.0000000180025095e-35 1175.5000000000002 0.79347337699509601 0.091287878787878765 19.000000000000004 0.34499999999999925 1.4500000000000002 3.5000000000000004 1.0777999999999965 3.3500000000000001 0.67708333333333337 14.500000000000002 -1.4194000000000029 0.12132352941176471 0.10827092152393357 0.18465909090909091 503.50000000000006 2.4500000000000006 12.500000000000002 1293.0000000000002 36.350000000000001 1097.5000000000002 5.5000000000000009
decision_type=2 2 2 2 2 2 2 2 2 2 2 2 2 2 2 2 2 2 2 2 2 2 2 2 2 2 2 2 2 2 2 2 2 2 2 2 2 2 2 2 2 2 2 2 2 2 2 2 2 2 2 2 2 2 2 2 2 2 2 2 2
left_child=2 4 32 -4 42 7 -7 14 9 48 57 13 51 -12 18 16 17 -16 -6 22 43 -14 24 -24 -17 26 56 -15 29 -27 -30 -5 33 35 58 36 37 50 -37 -40 41 -39 54 -21 -33 -46 47 -18 49 -9 -1 -13 -42 -54 55 -2 -20 -10 -35 -43 -48
right_child=1 -3 3 31 5 6 -8 8 10 -11 11 12 21 27 15 19 46 -19 25 20 -22 -23 23 -25 -26 28 -28 -29 30 -31 -32 44 -34 34 -36 38 -38 40 39 -41 52 59 -44 -45 45 -47 60 -49 -50 -51 -52 -53 53 -55 -56 -57 -58 -59 -60 -61 -62
leaf_value=0 0 -0.068258405482267748 -0.061479777593498798 -0.031269398956767773 -0.093736243012975451 -0.057980224211768301 0.04020392434930236 -0.098793586390979918 0.0048051677732440512 -0.0928217527993518 -0.085703366989086718 -0.0078652274697391632 -0.10645373380687186 0.027053920505970854 0.013229637139833593 0.026285592952625315 0 -0.13907724971672994 -0.0086910928608912256 -0.040531731118583256 -0.10511468836985174 0 -0.09976658292539381 0.0069888454475734206 -0.010417696304870957 0.029419026601920546 -0.096984930266088593 -0.016439208405796039 -0.0051821077317326415 -0.069707278799371539 0.033048047930412938 0.044364488194430202 0.040011628273241152 -0.03100177066674497 -0.084496192488260291 0.036820242205421003 -0.091547241052462813 -0.10887803495053934 0.028937802487752483 -0.098875770775490604 0.034268848904690383 0.034439889119840798 0.041760892487484692 0.02691639959524517 0.028294131939975861 -0.055114830623820714 0 -0.10167991902929689 0.032018592598811207 0.012950671832173877 -0.1104024415528444 0.033278114151910725 0.020771878696104105 -0.034139090777104301 0.015543892944205922 -0.081240610612188388 0.033179998560068473 0.042806201666090241 0.012927563544904003 0 0.036464064605212759
leaf_weight=1.9990055002272127 2.7792704403400448 6.4806984192691734 10.53065422689542 3.8860517465509465 3.6605884358286849 40.669991387054324 22.398255934007466 4.4861986804753533 15.778667103499172 22.767596449702978 4.6971551552414885 14.561908192932604 23.87650861591101 114.77209030836821 4.1466311067342749 242.0489788884297 3.1064170151948955 11.755823907442389 6.1899976469576421 5.9482636079192188 11.029435075819491 2.6903812754899255 6.9968198873102692 16.307079941034317 27.411517852917314 32.280898851342499 5.2237857766449443 19.356625016778708 24.772654106840491 12.415594073012469 380.41722089424729 221.9809781559743 55.760769287124276 3.9549481347203317 12.172999001573769 120.39997488446534 10.357257372699676 6.64310294389725 21.777848847210411 7.8012933498248449 88.166422504931688 9.3812582343816775 80.17776538617909 25.106854032725096 13.219401028240101 4.9280156572349361 9.0408233860507625 3.5009557083249092 19.642863428220153 8.0047430321574193 4.0842754803597918 17.838750090450048 13.96502845361829 5.8664585370570412 15.274194171652196 3.9261240414343774 9.9286903515458089 51.029998911544681 15.159299239516256 11.655879300087689 11.528496630489824
leaf_count=9 2 73 193 71 20 1340 16 24 22 146 25 34 136 123 3 241 4 79 18 18 56 4 42 19 59 27 38 60 62 53 288 109 28 13 97 68 75 32 22 47 82 4 31 23 34 94 19 21 15 11 25 7 13 28 16 30 6 17 19 17 6
internal_value=0 0.0127167 0.0246498 0.0350787 0.0132037 0.0114689 -0.0211374 0.0133297 0.00222268 -0.0310288 0.0095949 0.000144688 -0.0335591 0.0153609 0.0173448 0.00818487 -0.0300329 -0.0916166 0.0243716 0.0134755 -0.0173013 -0.0924785 0.0183259 -0.0198345 0.0220896 0.0255596 -0.0109214 0.0198478 0.0275674 0 0.0304036 0.0397633 0.0175061 0.0133653 -0.0306087 0.018334 0.00738781 0.0155133 0.0286033 -0.000648105 0.020246 -0.00865643 0.032955 0.00996752 0.0414348 0 0.00150271 -0.0457244 0.00893941 -0.0174147 -0.0692387 0.0109644 0.0288052 0 0 -0.032636 0.00941783 0.0356985 0 0.0172152 0.022759
internal_weight=0 1344.03 643.691 254.545 1337.55 1235.39 63.0682 1172.32 319.503 54.9014 264.602 197.793 58.9675 138.826 852.818 377.928 43.0791 15.9025 474.889 334.849 42.0846 26.5669 292.764 23.3039 269.46 471.229 21.3425 134.129 449.886 44.6965 405.19 244.014 389.146 333.385 31.2872 302.098 152.119 141.761 149.979 29.5791 135.678 27.6802 102.157 31.0551 240.128 18.1474 27.1767 6.60737 32.1338 12.4909 6.08328 32.4007 107.998 19.8315 21.9796 6.70539 16.1187 66.8087 19.1142 21.0371 20.5693
internal_count=4314 3234 1080 501 3161 3082 1356 1726 624 196 428 389 181 208 1102 590 132 82 512 458 97 140 361 61 300 492 62 183 430 80 350 308 579 551 129 422 285 210 137 69 176 53 79 41 237 128 50 25 50 35 34 41 123 41 48 32 24 39 32 21 25
is_linear=0
shrinkage=0.0493048


Tree=78
num_leaves=62
num_cat=0
split_feature=95 12 81 64 91 57 39 1 65 95 80 48 91 1 78 38 97 64 97 78 75 95 64 103 64 95 60 99 63 75 82 64 89 48 71 100 58 56 85 64 40 66 68 67 60 27 80 48 64 1 62 86 73 75 40 31 41 86 102 82 64
split_gain=22.6371 17.8807 16.7134 60.4953 19.3996 19.0438 50.2664 31.1786 42.7382 46.4863 26.0128 28.2172 22.8614 40.5611 23.0737 32.8632 27.9789 29.2766 21.2924 20.5308 55.5724 16.6923 20.1379 16.3663 17.3656 15.2573 22.8479 15.2211 13.3094 12.979 15.5088 12.4189 14.083 11.493 27.3469 23.1452 10.4653 11.3178 10.4903 10.2214 9.98605 9.68199 9.10299 9.83558 8.49413 18.6921 8.38476 7.76125 27.0102 13.5633 11.2019 31.2111 9.04518 8.06733 19.1348 15.2711 11.6414 7.47538 4.75696 4.49329 5.89801
threshold=-0.15999999999999973 9.5000000000000018 1.8500000000000003 31.350000000000005 0.10555555555555557 2.2500000000000004 1.5000000000000002 1.0000000180025095e-35 5.5000000000000009 3.4100000000000015 34.650000000000013 0.35000000000000003 -0.064583333333333284 1.5000000000000002 5.5000000000000009 6.5000000000000009 2.0863499999999999 5.5500000000000007 1.8805999999999978 2.5000000000000004 0.73030303030303034 -0.23999999999999941 53.45000000000001 0.82340751818461266 4.1500000000000012 -0.27000000000000063 0.091287878787878765 0.28975000000000151 2.5000000000000004 0.81534090909090928 0.93541666666666667 27.750000000000004 474.50000000000006 0.8500000000000002 95.000000000000014 0.35774999999999935 9.5000000000000018 0.12916666666666668 56.500000000000007 4.1500000000000012 37.350000000000001 1728.5000000000002 1557.0000000000002 1375.0000000000002 0.17902930402930403 24.500000000000004 35.750000000000007 1.4500000000000002 12.750000000000002 1.0000000180025095e-35 7.5000000000000009 -285.49999999999994 39.45000000000001 0.19375000000000003 36.650000000000013 20.500000000000004 0.45000000000000007 -692.49999999999989 0.11096486107688296 0.24264705882352941 5.4500000000000011
decision_type=2 2 2 2 2 2 2 2 2 2 2 2 2 2 2 2 2 2 2 2 2 2 2 2 2 2 2 2 2 2 2 2 2 2 2 2 2 2 2 2 2 2 2 2 2 2 2 2 2 2 2 2 2 2 2 2 2 2 2 2 2
left_child=21 2 3 5 36 7 -7 8 10 -10 11 -2 13 -9 15 -14 27 -18 -17 -12 -21 22 25 -15 -25 44 -27 -16 -6 33 -31 32 -23 34 35 -8 38 -38 40 -40 57 -34 43 -35 47 -46 -44 50 49 -49 53 -52 -51 58 56 -56 -55 -4 -1 60 -42
right_child=1 -3 4 -5 28 6 29 12 9 -11 19 -13 14 23 16 18 17 -19 -20 20 -22 31 -24 24 -26 26 -28 -29 -30 30 -32 -33 41 42 -36 -37 37 -39 39 -41 59 -43 46 -45 45 -47 -48 48 -50 52 51 -53 -54 54 55 -57 -58 -59 -60 -61 -62
leaf_value=0.022941678050700104 0 -0.079819852488882265 0.013982129709432372 -0.056740144987283525 0.016989838970781854 -0.085387800472257039 -0.16915527834446742 -0.10821458657866985 -0.091926572503885584 0.034780051874528976 0.029532053145217726 -0.12840593184720947 -0.087537906447845759 0.028536279708888335 0.031041925295385422 -0.022585835526756276 0.024744501257129493 -0.085373728706949759 0.031961989501545753 -0.0340779298900264 0.027387202667403649 0.026473729051285089 -0.04686238029122116 0 -0.098505969338844174 -0.095309639164310692 0.017146921198472737 -0.011049789992669139 -0.068343090198831197 -0.076964423930693776 0.015796796435213322 0.044630575126240496 -0.07707427105507203 0.038141350211659035 0.035224684432567759 0 0.024361032620267769 -0.060643923457889361 0.015737123614600886 -0.087170587358809642 0.026376404197786443 0.0032656165544035455 0.023892312040958003 0.0073862417728723755 -0.094981483609753919 0.028985464540024201 -0.038228449434735925 0.036306269323300021 -0.067439751441995197 -0.076415044659693288 0.027648521735276984 -0.10442859130462899 0.0022798465736580211 -0.0095404047915813531 -0.062579928020401993 0.024579923987830675 0.033360953933985908 -0.069217953516363784 0.042496945520776305 0.038845614055685221 -0.049594099408851622
leaf_weight=92.553539527580142 5.2363367378711683 4.6921233802568159 5.0867766896262765 31.368758898694068 5.5578519897535434 9.6674883821979147 3.7172158304601934 9.3460441604256612 25.613492555450648 8.0020732879638654 63.394183108583093 7.5351686552166939 10.142246629577128 26.520474970340729 301.70201048534364 29.324428418651223 9.8615016490221041 11.11676498595625 39.01007922552526 73.826134659349918 68.275515954941511 36.759453738108277 10.088516270043327 7.305608890950678 6.2323415847495198 6.7918879697099319 8.7565367147326452 17.870010047219694 8.6546426657587272 6.2275598747655776 10.722102373838423 142.64401522325352 6.2583793904632312 215.18742612237111 12.478103544563053 3.6177760660648346 7.6071652122773212 6.3236948188859969 3.5330098867416373 3.3792851255275309 9.4037745557725412 2.6355938911437988 14.35241059958935 40.526909454725683 4.719810589682309 5.8098850250244141 8.2939052507281286 37.00233129132539 9.8540934252087009 4.682830920442937 14.959500450640919 5.9010596293956032 4.4327606856822968 14.021556435152887 12.176365115679802 5.6036159843206397 76.425648154690862 3.6290543572977167 122.25303151924163 177.58066863985732 3.1257382296025744
leaf_count=103 6 43 10 987 9 58 24 49 180 1 56 41 59 21 221 73 8 70 38 212 60 38 298 8 42 44 10 50 123 34 9 67 52 135 5 9 15 140 2 54 9 1 11 59 34 1 27 34 96 25 12 39 5 36 64 3 57 38 61 194 44
internal_value=0 0.0123605 0.0127875 0.00999725 0.0250954 0.0121211 0.0222293 0.00738986 -0.00625313 -0.0580645 0.0011646 -0.0662518 0.0149913 -0.0153646 0.018868 -0.00389719 0.024479 -0.0277352 0.00673549 0.0059698 -0.00367148 0.0241722 0.0182953 0.00327028 -0.0370105 0.0201341 -0.0240977 0.0282982 -0.0262843 0.0259343 -0.0110496 0.0371151 0.0108956 0.0284546 -0.00243837 -0.0832505 0.0289891 -0.00537525 0.0319208 -0.0168523 0.0342443 -0.0394175 0.0311002 0.033755 0.0221147 -0.0149373 0 0.0234026 0.00362804 0.0215461 0.0262588 -0.00387186 -0.0246908 0.0285897 0.0153958 -0.0281355 0.0253348 -0.00658377 0.0346549 0.0367709 0
internal_weight=0 1315.05 1310.36 1076.47 233.882 1045.11 324.791 720.314 251.883 33.6156 218.267 12.7715 468.432 49.4045 419.027 78.4768 340.55 20.9783 68.3345 205.496 142.102 624.33 436.033 40.0584 13.538 425.944 15.5484 319.572 14.2125 315.123 16.9497 188.297 45.6534 298.174 19.8131 7.33499 219.669 13.9309 205.738 6.9123 198.826 8.89397 278.361 255.714 410.396 10.5297 22.6463 399.866 55.972 46.1179 343.894 20.8606 9.11559 323.034 108.227 17.78 90.4472 8.71583 214.807 190.11 12.5295
internal_count=4314 3234 3191 2553 638 1566 371 1195 556 181 375 47 639 120 519 170 349 78 111 328 272 1080 922 71 50 624 54 271 132 313 43 158 91 270 38 33 506 155 351 56 295 53 232 194 570 35 38 535 160 64 375 51 30 324 160 67 93 48 164 247 53
is_linear=0
shrinkage=0.0493048


Tree=79
num_leaves=62
num_cat=0
split_feature=46 64 64 15 64 40 61 54 101 99 100 15 94 75 6 41 84 67 99 102 52 78 67 74 57 64 82 100 52 64 58 67 74 82 13 4 80 31 47 65 61 95 67 97 68 100 100 66 71 61 3 12 55 99 62 4 38 99 41 100 97
split_gain=22.0293 38.3797 26.0942 37.2665 22.0329 40.8956 60.8572 52.7689 49.4451 42.9265 33.253 29.675 31.8064 24.552 52.9508 21.9054 32.6513 19.4535 17.8076 57.7234 33.7111 28.3654 24.8622 15.9349 26.5136 21.0685 15.8084 17.0734 36.8528 15.3093 46.1377 29.6696 14.2351 45.5737 13.2836 11.6347 36.1864 10.8734 31.0447 12.5188 12.4027 10.7214 10.1864 10.077 9.06435 8.5759 7.95669 7.48603 7.17795 6.94426 6.63228 6.43035 14.4289 24.9976 6.32797 5.79807 5.13474 7.07468 12.2593 4.79211 6.28987
threshold=14.500000000000002 53.45000000000001 18.850000000000005 1.0000000180025095e-35 6.4500000000000011 37.750000000000007 0.25121359223300976 32.750000000000007 -0.33994999999999814 3.112450000000003 2.0465500000000039 4.5000000000000009 0.19375000000000003 0.48333333333333339 1.0000000180025095e-35 0.95000000000000007 0.77500000000000013 1088.0000000000002 -0.71439999999999759 0.14805005534883622 75.000000000000014 5.5000000000000009 1032.5000000000002 1.3500000000000003 -3.7499999999999996 23.350000000000005 0.80625000000000013 -1.3194000000000015 9.5000000000000018 3.2500000000000004 9.5000000000000018 1182.5000000000002 1.0500000000000003 0.46410256410256417 1.0000000180025095e-35 3.5000000000000004 37.850000000000001 1.0000000180025095e-35 37.550000000000004 7.5000000000000009 0.099180327868852461 -0.71999999999999986 1342.0000000000002 -1.9385499999999991 1371.0000000000002 -0.22220000000000076 -0.62310000000000076 1643.5000000000002 11.500000000000002 0.31400560224089641 10.500000000000002 1.0000000180025095e-35 0.45000000000000007 0.15950000000000134 7.5000000000000009 1.5000000000000002 12.500000000000002 -0.61445000000000138 0.95000000000000007 -0.80294999999999905 -0.96069999999999911
decision_type=2 2 2 2 2 2 2 2 2 2 2 2 2 2 2 2 2 2 2 2 2 2 2 2 2 2 2 2 2 2 2 2 2 2 2 2 2 2 2 2 2 2 2 2 2 2 2 2 2 2 2 2 2 2 2 2 2 2 2 2 2
left_child=1 2 4 -4 17 7 8 -6 11 -8 -10 12 -7 32 15 16 -15 51 35 -20 21 -21 -23 24 -2 45 27 28 48 41 31 -31 43 -34 -24 -5 -37 38 -25 -40 -39 -29 46 -9 -43 55 -13 -45 54 -47 -44 59 53 -53 -19 -26 57 -54 -59 -1 -61
right_child=23 -3 3 18 5 6 9 13 10 -11 -12 42 -14 14 -16 -17 -18 26 19 20 -22 22 34 37 25 -27 -28 29 -30 30 -32 -33 33 -35 -36 36 -38 40 39 -41 -42 44 50 47 -46 49 -48 -49 -50 -51 -52 52 56 -55 -56 -57 -58 58 -60 60 -62
leaf_value=0.041780213644870251 -0.067839335940367368 -0.051584557869835235 -0.063546835072068888 0.038025234039967624 -0.098329826241254997 -0.094682311962541191 -0.10308590770175052 -0.070699571778632897 -0.089276257363916964 0.027155442716421046 0.0228322250550188 0 0.028955269308789021 -0.12278582609130734 -0.096469695768923863 0.028806707699071021 0.027691068994438715 -0.085755086848110312 -0.075991139925092044 -0.069117768615351932 -0.083719041429723084 -0.070673635542278915 0.04043547858824377 -0.093353957884284203 0.033223414429905014 -0.059476317350989356 0.031733774247764787 -0.037745675030934782 -0.16456820242888306 -0.11926989227126866 -0.10600056218556661 0.0085201190064273184 -0.087832990690258753 0.029703566162992349 0 -0.086898276342398661 0.040332126916445589 -0.05646898048719029 0.033470959501373278 -0.044521077748624287 0.042883133750573878 0.032746549370629152 0.028455488631575231 0.034165088760782093 -0.0016060328921698851 -0.057443736625447162 0.041308416585507185 0 0.033566867084190849 0.0105830526507843 -0.034374538993155318 -0.13368779928670552 0.025479388896431383 0.01198939975989307 0 0 0.038043696505474969 0 -0.11092330124144956 0.037797896324950772 0
leaf_weight=98.932409554719925 8.8746659948956204 21.196007223566994 10.743123304564504 242.03993806801736 9.8217530362308008 11.477874337695541 28.270856388378888 1.6417963132262219 22.610356027260426 6.0640554875135413 6.764542441815137 12.091741524636744 6.9156578183174124 6.5121067604050022 13.5839308463037 43.978266259655356 5.3876652717590332 3.3806711845099944 15.444169561611487 6.3620583082083604 6.4485235842876127 4.7886321437545112 140.28198249544948 5.456801093183457 91.417485642246902 7.0513250164221963 58.578762620687485 5.3305358588695517 4.4911205172538748 4.4638035446405402 9.8869897183030826 137.37211327254772 11.06605790555477 28.476385097950697 17.803401755867526 7.6128457817249027 18.545797786209732 2.0055148778483263 56.181916014291346 4.1588083729147902 179.41866377228871 81.193639513105154 5.5764832496643058 174.580840151757 15.574735365808008 5.0903581115417165 59.6301199644804 20.128447264432907 6.8180809020996094 6.8189964145421982 9.9583696536719781 4.1670888885855657 15.616834059357641 5.1454963460564613 3.0556193143129349 12.13258535414934 28.290061518549919 5.8274831920862216 2.9620973840355873 19.96958027780056 27.526380809023976
leaf_count=58 70 1042 153 171 53 68 170 9 160 2 7 22 2 35 83 35 1 18 148 67 57 34 90 62 63 168 46 16 26 24 58 187 71 25 73 58 13 40 53 92 151 74 1 113 30 43 24 34 2 6 31 23 14 5 4 27 15 7 16 13 51
internal_value=0 0.0130071 0.0140084 0.0238004 0.0093873 0.00147387 -0.0177687 0.0122091 -0.00190783 -0.0764612 -0.0592348 0.0128687 -0.0414812 0.0161824 -0.00827633 0.0109852 -0.0443527 0.0162752 0.0261186 0.013516 0.0221053 0.0268883 0.0314153 0.0267836 0.011437 0.0182118 0.00828747 0.00276878 -0.0430603 0.00646802 -0.00275034 0.0035942 0.0239118 -9.47286e-05 0.0353087 0.0346333 0 0.0344338 0.0141823 0.0260139 0.0410892 0.0213807 0.0257618 0.0293787 0.0259344 0.0240492 0.033901 0.0308733 0 -0.00816295 -0.00382094 0.0283272 0.01172 -0.0401425 -0.0387761 0.0289558 0.0232634 0.00101425 -0.0282922 0.0345066 0.0167206
internal_weight=0 1514.39 1493.19 470.07 1023.12 484.537 169.36 315.177 135.025 34.3349 29.3749 105.65 18.3935 305.355 69.462 55.878 11.8998 538.584 459.327 191.129 175.685 169.236 162.874 378.607 131.385 122.511 330.146 271.567 17.7455 253.822 151.723 141.836 235.894 39.5424 158.085 268.199 26.1586 247.222 65.7975 60.3407 181.424 102.099 87.2567 196.351 96.7684 115.459 71.7219 194.709 13.2544 11.9094 15.5349 208.437 62.0091 9.31259 6.43629 103.55 52.6965 24.4064 8.78958 146.428 47.496
internal_count=4314 3539 2497 864 1633 946 487 459 315 172 167 148 70 406 154 71 36 687 711 469 321 264 197 775 377 307 485 439 50 389 269 211 252 96 163 242 71 398 207 145 191 120 78 156 104 139 46 147 24 49 32 202 80 28 22 90 52 37 23 122 64
is_linear=0
shrinkage=0.0493048


Tree=80
num_leaves=58
num_cat=0
split_feature=95 93 64 59 100 64 20 81 0 54 67 95 62 46 95 64 101 91 95 60 46 100 38 61 75 60 0 48 64 97 62 75 75 40 31 41 87 52 64 80 64 66 58 102 71 61 95 23 42 101 64 67 66 103 39 99 47
split_gain=21.2348 16.5313 25.8229 19.9175 18.4612 31.0249 21.1984 50.1904 18.9383 29.4184 25.6139 45.1982 25.4409 17.2742 15.6691 17.644 14.7047 14.4319 13.7625 20.2555 12.1644 16.8642 9.59644 8.20568 15.3396 7.50489 16.2038 6.98861 24.1242 12.5107 10.5119 28.01 7.74129 16.9354 13.5508 10.8862 6.93959 7.33447 13.2066 6.9447 5.78971 5.02435 4.71667 4.68482 4.64981 4.60109 4.07581 7.05113 3.42447 3.08303 6.38206 1.89672 5.01442 1.63541 0.686951 0.103905 0.0108828
threshold=-0.15999999999999973 0.10555555555555557 43.750000000000007 -684.99999999999989 -2.1921499999999976 31.350000000000005 1.0000000180025095e-35 0.65000000000000002 1.0000000180025095e-35 35.45000000000001 1394.5000000000002 0.0099999999999997521 7.5000000000000009 14.500000000000002 -0.23999999999999941 53.45000000000001 -0.31690000000000035 -0.064583333333333284 -0.27000000000000063 0.091287878787878765 8.5000000000000018 -1.010249999999999 19.000000000000004 0.17868968779564801 0.37980769230769235 0.17902930402930403 11.500000000000002 1.4500000000000002 12.750000000000002 -0.86104999999999865 7.5000000000000009 0.67708333333333337 0.19375000000000003 36.650000000000013 20.500000000000004 0.45000000000000007 14.500000000000002 12.500000000000002 3.4500000000000006 36.95000000000001 2.1500000000000008 1264.5000000000002 7.5000000000000009 0.11096486107688296 14.500000000000002 0.028174603174603106 0.56499999999999995 1.5000000000000002 0.12916666666666668 1.9764999999999981 5.5500000000000007 1231.5000000000002 1575.5000000000002 0.53740063824144924 14.500000000000002 0.22145000000000079 36.95000000000001
decision_type=2 2 2 2 2 2 2 2 2 2 2 2 2 2 2 2 2 2 2 2 2 2 2 2 2 2 2 2 2 2 2 2 2 2 2 2 2 2 2 2 2 2 2 2 2 2 2 2 2 2 2 2 2 2 2 2 2
left_child=14 2 3 -2 22 6 8 -8 9 13 16 -12 -11 -6 15 18 -10 -3 25 -20 21 54 51 24 45 27 -27 30 29 55 32 -32 43 35 -35 -34 37 38 -25 -38 -31 -41 -22 48 -43 -19 47 -9 -1 50 -44 -5 -53 -47 56 -29 -16
right_child=1 17 -4 4 5 -7 7 46 10 12 11 -13 -14 -15 20 -17 -18 23 19 -21 42 -23 -24 36 -26 26 -28 28 -30 40 31 -33 33 34 -36 -37 39 -39 -40 41 -42 44 49 -45 -46 53 -48 -49 -50 -51 -52 52 -54 -55 -56 -57 -58
leaf_value=0.026609354847283329 -0.079332490981800938 -0.057554984368351353 -0.047760408761341154 0.012890502439147017 -0.10009740663863241 -0.057926367411129671 -0.16375654605192885 -0.079231898256232003 0.027634632246196087 -0.0025883401007908645 -0.11380019531009833 0.0050851753379426842 0.027561996916325392 0 0 -0.045301256939886701 0.0052793928327784807 0.036857222588025269 -0.090855014628198727 0.015916847066625668 0.044942955618097677 -0.074550807745758882 0.040952810430796953 0 -0.080291230754518481 -0.089385424168856087 0.027596790644470345 0.011318297053498468 -0.065485308410436871 0 -0.097108162387500571 0.027680375335150238 -0.0093828790833689751 -0.059561002056517862 0.023284690036082481 0.032309409626762889 0.0440241448875488 0.024873044335266652 -0.12403817675317294 0.028459240002260175 -0.062839407088762095 -0.064428459796071119 0.0094392717038534104 0.041828610729251869 0 0 0.019405765459317829 0 0 0.026616702823154707 -0.075818152203507336 -0.067458056441676489 0 -0.041839443545380134 0.037219874775476829 0.042915781360954433 0.0026225076962191661
leaf_weight=72.492036760319024 5.6291473899036637 3.8467952916398636 18.218868772266433 13.939925484359266 10.406759893521668 16.129269255790859 5.5579458512365845 3.4869613703340319 337.54577053245157 236.44416966056451 8.2186605106107873 125.13034104881808 92.436655948869884 7.9438587129116049 4.6159717738628423 9.4048133264295739 109.42831857316196 14.41574587533251 6.6510847127065054 8.389856453984974 135.07332035340369 5.2092670407146207 71.919400129467249 2.8618495017290142 4.4342624680139116 4.608765453565864 5.4745407104492188 13.494356653653083 9.3891156488098186 2.7555334568023673 6.101226017810407 13.827891580760477 13.902367012575267 11.949036889709534 5.3237055987119666 72.168486351147294 99.001493177376688 13.122318989131598 2.6824553608894348 15.007011560257526 5.0490071587264538 3.0358631340786797 3.3036565119400629 114.35309337545186 6.5298604099079967 1.7341280020773404 13.097595699131487 3.6494934111833572 16.580203582998365 11.227275658398867 2.6865349491126835 3.1476548388600341 3.5680212080478668 2.2597370613366365 9.7288112640380859 22.601353093981743 3.8126131780445576
leaf_count=65 37 41 1021 15 58 229 36 19 318 534 44 228 94 20 19 298 217 13 44 10 56 39 26 2 60 34 1 20 96 3 41 10 36 64 3 57 44 15 19 19 33 26 4 61 20 5 12 5 38 8 27 22 3 32 1 8 4
internal_value=0 0.01161 0.0091998 0.0102897 0.0108844 0.00869844 0.0099581 -0.0328949 0.0112849 0.00177082 0.0167629 -0.001337 0.00550977 -0.0583612 0.0233643 0.0175383 0.0224406 0.026362 0.0193077 -0.0231477 0.0363987 0 0.0324216 0.029082 0 0.0212654 -0.0137027 0.0225217 0.00311845 0.0206607 0.0253054 -0.00439493 0.0276404 0.014401 -0.0268464 0.02413 0.0334928 0 -0.0416789 0.0377842 -0.0276607 0.00756463 0.0414998 0.0337516 -0.0122471 0.0214477 0 -0.0263084 0.0219746 0.00724423 -0.00836938 0 -0.0184148 -0.00314297 0.0255277 0.0345666 0
internal_weight=0 1254.83 1085.9 1067.68 1062.05 969.476 953.347 25.792 927.555 347.231 580.323 133.349 328.881 18.3506 590.174 414.516 446.974 168.932 405.112 15.0409 175.657 23.3667 92.575 165.085 22.8439 390.071 10.0833 379.987 53.2894 43.9003 326.698 19.9291 306.769 103.344 17.2727 86.0709 142.241 18.6666 5.5443 123.574 7.80454 24.5727 152.291 203.425 9.56572 18.4096 20.2341 7.13645 89.0722 17.2175 5.99019 20.6556 6.71568 3.99387 18.1574 36.0957 8.42858
internal_count=4314 3234 2938 1917 1880 1814 1585 72 1513 706 807 272 628 78 1080 922 535 296 624 54 158 63 66 255 110 570 35 535 160 64 375 51 324 160 67 93 145 36 21 109 36 65 95 164 46 50 36 24 103 39 31 40 25 37 24 28 23
is_linear=0
shrinkage=0.0493048


Tree=81
num_leaves=61
num_cat=0
split_feature=47 64 67 95 81 47 67 81 64 80 101 91 94 82 65 14 97 58 100 39 0 97 91 91 67 64 64 89 66 74 86 78 85 40 95 64 90 71 2 14 65 54 102 64 74 62 93 38 42 103 52 64 86 64 53 97 102 75 56 61
split_gain=20.7828 26.9783 23.6841 25.8754 23.5719 28.5174 37.8634 26.1357 44.0692 44.4402 24.9877 40.4219 30.3174 19.7274 19.3476 18.9807 48.1171 17.7373 14.8421 26.5619 17.5186 53.288 16.7852 14.633 12.6947 19.443 10.8075 21.8813 36.8927 9.22171 10.0774 8.99618 9.53236 8.76025 18.2945 37.3193 8.48753 8.72094 6.66836 7.88676 5.22642 8.5133 4.57475 4.52157 9.36219 17.0074 2.87736 11.2408 2.49853 2.43665 1.99395 2.73498 1.42221 0.806042 0.648949 0.645078 5.9335 0.41165 0.335936 0.136326
threshold=35.250000000000007 58.650000000000013 1429.0000000000002 0.39999999999999974 1.8500000000000003 35.650000000000013 1560.5000000000002 0.25000000000000006 30.900000000000002 34.650000000000013 -0.22700000000000023 -0.064583333333333284 -1.0000000180025095e-35 0.24264705882352941 1.5000000000000002 1.5000000000000002 -0.51360000000000017 -2.4999999999999996 0.28975000000000151 3.5000000000000004 3.5000000000000004 -0.22220000000000076 -0.12916666666666662 -0.087121212121212085 665.00000000000011 4.7500000000000009 18.850000000000005 460.50000000000006 1164.0000000000002 0.25000000000000006 -580.49999999999989 6.5000000000000009 54.500000000000007 38.150000000000013 1.0649999999999997 3.7500000000000004 0.16025641025641021 115.00000000000001 2.5000000000000004 2.5000000000000004 2.5000000000000004 36.750000000000007 0.20624397868795338 6.4500000000000011 1.0000000180025095e-35 7.5000000000000009 -1.0000000180025095e-35 1.0000000180025095e-35 0.67708333333333337 0.37147375848455477 9.5000000000000018 12.750000000000002 -710.49999999999989 7.2500000000000009 13.500000000000002 -1.2246000000000021 0.030934310892394856 0.80625000000000013 0.06904761904761901 0.29376541035575909
decision_type=2 2 2 2 2 2 2 2 2 2 2 2 2 2 2 2 2 2 2 2 2 2 2 2 2 2 2 2 2 2 2 2 2 2 2 2 2 2 2 2 2 2 2 2 2 2 2 2 2 2 2 2 2 2 2 2 2 2 2 2
left_child=2 4 24 14 5 6 -2 18 9 -9 15 -12 -13 17 -4 23 -17 59 20 42 33 -22 -21 -11 25 -1 27 28 -26 30 -15 32 -23 40 35 -35 38 -38 49 -40 41 -7 55 -29 -45 -46 47 -28 -42 -31 51 -51 -41 -30 -52 -20 -57 58 -5 -6
right_child=1 -3 3 57 13 7 -8 8 -10 10 11 12 -14 29 -16 16 -18 -19 19 22 21 31 -24 -25 26 -27 46 43 53 36 -32 -33 -34 34 -36 -37 37 -39 39 52 48 -43 -44 44 45 -47 -48 -49 -50 50 54 -53 -54 -55 -56 56 -58 -59 -60 -61
leaf_value=0.023017891672775848 -0.10090677105092834 -0.047979444347481796 0 0.012540795141883677 0 0.028249256934557147 0.027148081439345703 -0.12297626865186984 -0.062382824735312883 -0.027226193526593494 -0.094115835001791256 -0.04638749103844788 0.0076903659706459154 0.014837503697561429 -0.080444287317718993 -0.10397900209297009 0.0086144508016016644 -0.067695287162942958 0.00025951850095922726 0 -0.13245982920819152 0.0055818246268034589 -0.093477962497083011 0.020719674195250497 0.01706133343342334 -0.088341533385842719 0.035761324052640167 0.038328976487602182 -0.1828303710525167 0 -0.075850783968387819 0.04044469900709205 -0.095226051268560083 0.017746145402338879 0.032897468766161231 -0.10208549518244958 -0.057772631835777001 0.022175453271982441 -0.059045611849030392 0.034504768017622339 0.041367502940415642 -0.02057077619518155 0.034145393552640922 0.038072765843230875 -0.087466964855140023 0.021068615534330794 0.046516105555538041 -0.045591140945843593 0.015178247682387465 0 0.041291543692367524 0.024933297683950383 0 -0.046205884369900072 0.016138724032048014 0 -0.083730120201545938 0.036587581354979484 0 0.02271363394669175
leaf_weight=12.351289067417385 12.835728466510774 16.93437241949141 9.2279769033193606 5.2222388237714767 5.5678474903106707 27.751840583980083 7.7937019430100909 6.1209372663870445 22.200337645132095 13.823715664446352 11.483651811257003 28.898406490683556 193.49748918320984 8.832958650775252 13.935658029746262 10.86515731923282 52.888635106850415 9.7992798364721221 4.3130048140883464 5.840372969396415 6.6589874024502924 5.590408314950766 10.312869640067218 422.77337443968281 12.4536205008626 5.2020130045711985 20.813461877405647 64.954762510955334 2.6884545013308516 0.5697608795016994 3.9100952073931685 20.447631089948118 2.6302851568907499 17.81799586862326 40.909944722894579 8.939597125630824 4.9444734887219957 9.2866955231875163 3.4480000194162157 8.8161694009322691 159.69078425876796 9.7520293071866018 22.469345320947468 13.591125926002862 5.5300161000341159 6.538077712059021 140.99243672052398 3.9936647904105476 26.425876941531897 6.4835823066532638 175.05083327367902 20.63814720697701 9.6679983139038068 3.9240022264420986 19.93098272383213 2.1145501136779785 2.2469969093799591 15.733112517744303 4.1359539767727256 6.8931774124503136
leaf_count=11 87 1138 11 4 14 25 7 36 306 53 70 126 378 11 113 63 84 98 3 13 40 10 92 479 13 48 12 45 17 5 25 8 20 18 42 71 42 7 29 8 72 25 17 5 33 5 77 68 36 18 102 41 26 23 33 1 19 4 20 7
internal_value=0 0.0122855 0.0262819 -0.00347378 0.0130757 0.00973421 -0.0465456 0.0108666 0.00541135 0.00761496 0.00887865 -0.00400908 9.83529e-05 0.025808 -0.0432381 0.0151511 -0.00867006 -0.0152524 0.0216579 -0.00180164 0.0254356 -0.00441614 -0.0553594 0.0189148 0.031606 -0.00302106 0.0342639 0.0199966 -0.024481 0.0296328 -0.00338552 0.0211151 -0.0118689 0.0294829 0.0110437 -0.0177268 0.031739 0 0.0339161 0.00146275 0.0345041 0.012235 0.0220187 0.0307325 0.00663757 -0.0184976 0.0429461 0.0176143 0.0383205 0.0365535 0.0369629 0.0151132 0.0195526 -0.121115 0.0393613 0 -0.0188862 0.0282954 0.00103298 0.0161089
internal_weight=0 1467.87 341.288 48.2549 1450.93 1157.09 20.6294 1136.46 762.552 740.351 734.23 233.88 222.396 293.84 23.1636 500.351 63.7538 22.2603 373.913 47.2971 326.615 35.3273 16.1532 436.597 293.033 17.5533 275.48 109.68 19.0661 271.58 12.7431 28.6683 8.22069 291.288 67.6675 26.7576 258.837 14.2312 244.605 21.9322 223.621 37.5039 31.1439 90.614 25.6592 12.0681 165.8 24.8071 186.117 222.673 222.104 27.1217 18.4842 6.61246 194.982 8.67455 4.36155 25.0913 9.35819 12.461
internal_count=4314 3805 509 152 2667 2201 94 2107 1595 1289 1253 574 504 466 124 679 147 119 512 145 367 78 105 532 357 59 298 141 53 347 36 38 30 289 131 89 311 49 262 63 158 50 40 88 43 38 157 80 108 199 194 59 34 40 135 23 20 28 24 21
is_linear=0
shrinkage=0.0493048


Tree=82
num_leaves=62
num_cat=0
split_feature=95 41 64 71 85 61 40 38 64 80 52 41 74 64 64 61 57 64 66 64 95 34 0 60 86 73 64 31 40 64 101 68 64 89 64 97 57 67 62 67 64 73 68 48 101 64 48 68 102 103 7 11 102 64 53 64 64 64 100 98 7
split_gain=20.1906 16.1368 31.2833 113.843 30.3636 26.6708 18.1815 32.2315 24.9052 23.4529 29.852 22.5716 21.327 45.8359 20.712 17.2322 16.4219 24.6323 15.7602 15.0168 38.3177 14.5798 14.1481 39.8241 11.933 11.7572 17.0549 11.2401 23.2782 18.4594 10.8615 10.58 37.6342 21.9175 30.7753 20.3404 14.6624 31.2589 10.4156 10.2996 9.83202 13.4035 24.6464 9.6663 24.4387 11.7558 8.75077 8.64324 17.5804 8.1768 7.62002 7.26121 6.41157 5.62303 20.0114 12.8937 8.29054 5.5173 4.9756 4.35718 3.71571
threshold=-0.15999999999999973 2.1500000000000008 23.350000000000005 135.00000000000003 56.500000000000007 0.2671361502347418 38.150000000000013 55.000000000000007 18.150000000000002 37.45000000000001 35.000000000000007 0.35000000000000003 1.1500000000000001 8.5500000000000025 2.4500000000000006 0.14976635514018691 -2.7499999999999996 9.9500000000000011 1450.0000000000002 26.450000000000003 -0.77999999999999925 1.0000000180025095e-35 6.5000000000000009 0.021390986044383404 -181.49999999999997 37.050000000000004 2.6500000000000008 16.500000000000004 37.250000000000007 4.5500000000000007 -1.6194000000000022 1327.5000000000002 14.15 455.50000000000006 4.4500000000000011 -1.4194000000000029 -1.0000000180025095e-35 1175.5000000000002 1.5000000000000002 1032.5000000000002 21.950000000000003 37.750000000000007 1223.0000000000002 0.95000000000000007 -0.4670499999999968 14.350000000000003 1.4500000000000002 1404.5000000000002 0.16142214675101707 1.1201339125602023 3.5000000000000004 1.0000000180025095e-35 0.39403125043602066 16.850000000000005 8.5000000000000018 4.5500000000000007 8.9500000000000011 5.0500000000000007 0.28975000000000151 -1.6662999999999959 9.5000000000000018
decision_type=2 2 2 2 2 2 2 2 2 2 2 2 2 2 2 2 2 2 2 2 2 2 2 2 2 2 2 2 2 2 2 2 2 2 2 2 2 2 2 2 2 2 2 2 2 2 2 2 2 2 2 2 2 2 2 2 2 2 2 2 2
left_child=19 2 6 -4 16 -6 9 8 11 22 14 38 13 15 -11 -13 17 25 21 27 -21 -12 40 -24 30 -3 -27 28 31 60 -18 32 33 34 -1 59 -33 -38 -8 -22 41 43 49 44 -2 -45 -41 -14 -49 -43 -48 53 -26 54 55 -32 -56 -53 -37 -35 -30
right_child=1 4 3 -5 5 -7 7 -9 -10 10 18 12 47 -15 -16 -17 24 -19 -20 20 39 -23 23 -25 52 26 -28 -29 29 -31 51 36 -34 35 -36 58 37 -39 -40 46 -42 42 -44 45 -46 -47 50 48 -50 -51 -52 57 -54 -55 56 -57 -58 -59 -60 -61 -62
leaf_value=0.011340273736529323 0.017324637812192518 0.028245626703316404 -0.074999783513376508 0.037942464593133982 -0.090615687341846995 0.0036837280928804098 0 -0.088753931946552886 -0.073392444932368892 0 -0.10970594958788432 -0.089499165695872698 0.028740112097377646 -0.094541225580076008 -0.10120240105231514 0.013685702793960823 -0.054147767014172232 -0.075393177367864397 0.036171730696906677 -0.058797048115972937 -0.02655148587193722 0.0018411852087163237 0.02073165529726884 -0.11920187101988469 -0.053589962008217799 0.012432823809609706 -0.10522402264279872 0.038645702642457085 -0.037804629041054139 -0.078248785479384159 0 0.034892664299980052 -0.085870674462981259 0 -0.092614821291597246 0.035434935406047481 0.026688643380409799 -0.090368563456403761 -0.078834403720024718 0.043237953362311378 0.042723002476582728 -0.032261532399798988 -0.1057205953968117 0.030793622953900413 -0.046859374094004785 -0.0079189563094965425 0.025652401657923329 0.020112480775173167 -0.082315962470840651 0.029115593023473302 -0.050579368868790386 0.015855600135170175 0.012351080139140573 0.041019783453979358 0.035170847899548219 -0.09082822246423608 0 -0.051551947738061266 0 -0.095000705884139308 0.014640177637907188
leaf_weight=16.397203087806705 115.03598393592983 35.518634149804711 45.713941381312907 39.727896586991847 10.610065784072505 16.107501625083387 3.5077628903090945 9.6685685291886312 9.7108976747840625 4.7254151403903988 4.0944930985569981 3.957083284854888 113.89922775700688 12.645698285661636 12.856246350333093 67.74166476726532 2.5882525714114299 9.0845690127462131 21.022752843797207 9.356884128181262 3.4984951307997099 3.1744631081819534 15.463857416063549 6.7196220308542243 6.3815622555557621 4.9715970493853074 4.3871023394167423 48.792604563757777 4.2237237542867723 11.281048228498546 4.9141928851604444 105.21695380099118 9.7876908779144269 2.0830246210098267 10.234220344573258 81.638030236586928 19.258652893826369 7.5998895522207013 10.301657842472194 182.34273018501699 53.862779226154089 6.6260962281376186 5.6288002058863631 198.98569423146546 15.73919056355953 15.595969215035437 11.205860576592384 15.153335476294162 5.368074635975062 16.131333231925964 4.3155743062961838 10.435673877596853 3.2204544544219971 143.59089557058178 99.020448654424399 5.5263602659106255 18.844239338301122 4.0223059849813572 14.083569649606941 3.3661592602729788 13.718021675944327
leaf_count=19 126 34 966 71 115 37 6 51 74 5 24 19 103 83 71 89 19 109 12 193 71 2 14 35 177 6 27 28 14 97 6 68 75 12 53 62 22 47 64 109 17 27 27 154 44 38 34 17 27 12 94 11 1 286 75 36 42 75 47 17 18
internal_value=0 0.0108244 0.0067544 -0.0210361 0.0194357 -0.0291839 0.0100976 -0.000207176 0.00282518 0.0155862 -0.0165654 0.00655242 0.0108889 -0.00744749 -0.0680903 0.00621761 0.023476 0 0.0111079 0.0225662 0.0334954 -0.0441836 0.0191427 -0.0161768 0.0280076 0.013387 -0.0296646 0.0155821 0.0113971 -0.028883 0.0299889 0.0162263 0.00548124 0.0134711 -0.0240129 0.0245715 0.0264743 -0.00188257 -0.0530197 0.0384107 0.0212669 0.0178385 -0.0120648 0.0206573 0.00863911 0.0273998 0.040192 0.0233181 -0.000723902 0.00576756 0 0.03119 -0.018604 0.0330068 0.0230618 -0.0372424 0.0294675 0 0.030735 -0.0605382 0
internal_weight=0 1212.28 833.059 85.4418 379.224 26.7176 747.617 251.954 242.285 495.663 45.8734 232.575 218.765 84.3444 17.5817 71.6987 352.506 53.9619 28.2917 558.4 210.72 7.26896 449.789 22.1835 298.544 44.8773 9.3587 347.681 298.888 29.2228 288.942 269.665 137.59 127.802 26.6314 101.171 132.075 26.8585 13.8094 201.363 427.606 373.743 28.3862 345.357 130.775 214.582 197.864 134.421 20.5214 22.7574 15.5214 286.354 9.60202 271.896 128.305 10.4406 117.865 14.458 95.7216 5.44918 17.9417
internal_count=4314 3234 2178 1037 1056 152 1141 533 482 608 114 408 338 191 76 108 904 176 38 1080 501 26 494 49 728 67 33 579 551 129 550 422 285 210 72 138 137 69 70 308 445 428 66 362 170 192 237 147 44 39 128 531 178 445 159 42 117 86 109 29 32
is_linear=0
shrinkage=0.0493048


Tree=83
num_leaves=62
num_cat=0
split_feature=47 64 81 47 67 81 64 80 101 91 100 67 95 92 65 82 65 56 58 100 39 0 97 91 64 89 66 91 60 78 85 40 95 64 47 84 64 63 64 65 54 67 63 64 64 52 97 102 42 2 2 90 47 61 97 86 75 60 100 100 61
split_gain=19.43 24.1793 21.7831 25.6119 34.0716 24.0406 38.9088 39.2659 21.9557 35.8104 26.6585 21.2788 22.8553 18.0224 30.4288 17.7829 17.3948 16.4589 15.7076 13.3567 23.8737 16.0987 46.0169 15.1507 12.1483 19.6845 34.2509 8.57833 12.827 8.12872 8.4361 7.72731 16.5126 33.1471 7.64091 6.34929 6.0954 24.4703 5.97747 5.32435 7.90662 5.30094 9.29584 5.25191 5.03916 4.77424 4.21373 3.92512 2.50826 1.93058 3.35672 2.43552 1.81962 1.16569 0.52585 0.267348 0.217506 0.471831 0.197347 0.473862 0.150689
threshold=35.250000000000007 58.650000000000013 1.8500000000000003 35.650000000000013 1560.5000000000002 0.25000000000000006 30.900000000000002 34.650000000000013 -0.22700000000000023 -0.064583333333333284 -0.47685000000000238 1429.0000000000002 0.39999999999999974 -0.080128205128205079 2.5000000000000004 0.24264705882352941 1.5000000000000002 0.92582417582417598 -2.4999999999999996 0.28975000000000151 3.5000000000000004 3.5000000000000004 -0.22220000000000076 -0.12916666666666662 18.850000000000005 460.50000000000006 1164.0000000000002 1.0000000180025095e-35 0.055250305250305207 6.5000000000000009 54.500000000000007 38.150000000000013 1.0649999999999997 3.7500000000000004 38.050000000000004 0.36666666666666675 6.4500000000000011 11.500000000000002 3.3500000000000001 2.5000000000000004 36.750000000000007 1032.5000000000002 14.500000000000002 3.4500000000000006 6.7500000000000009 15.500000000000002 -0.72310000000000219 0.20624397868795338 0.67708333333333337 1.0000000180025095e-35 1.5000000000000002 -0.10555555555555554 33.850000000000001 0.28136574074074078 -1.2246000000000021 -733.49999999999989 0.80625000000000013 0.041812354312354257 -0.71439999999999759 -0.41440000000000049 0.29376541035575909
decision_type=2 2 2 2 2 2 2 2 2 2 2 2 2 2 2 2 2 2 2 2 2 2 2 2 2 2 2 2 2 2 2 2 2 2 2 2 2 2 2 2 2 2 2 2 2 2 2 2 2 2 2 2 2 2 2 2 2 2 2 2 2
left_child=11 2 3 4 -2 19 7 -7 13 -10 -11 24 16 14 -9 18 -13 -15 60 21 47 31 -23 -22 25 26 53 35 -29 30 -24 39 33 -33 38 44 55 -38 -30 40 -5 42 -26 -37 45 -17 49 54 -41 51 -51 -46 -43 -1 -21 -27 57 -14 -36 -60 -4
right_child=1 -3 15 5 -6 6 -8 8 9 10 -12 12 56 17 -16 27 -18 -19 -20 20 23 22 29 -25 41 36 -28 28 34 -31 -32 32 -34 -35 58 43 37 -39 -40 48 -42 52 -44 -45 46 -47 -48 -49 -50 50 -52 -53 -54 -55 -56 -57 -58 -59 59 -61 -62
leaf_value=0 -0.097158891178899393 -0.047436574720230038 0 0.027000702809352125 0.025907777006054913 -0.11565402567050462 -0.061115501910209008 0.013403936545070817 -0.089720810295604511 -0.03159681211433378 0.00977529950093926 0 0.015467787554921257 0.018301513421599077 -0.092793558121161551 -0.025689097875268813 -0.077088386124664801 -0.037375508941056332 -0.065275130992697855 0.0024824107773110918 0 -0.12271935132307457 0.0053456796119701845 -0.09008777562944395 -0.054150699926185972 0.0097208739359719853 -0.11041984558992649 -0.073029656894004216 0 0.039655891988527939 -0.089445712360185378 0.016804566002636318 0.032083546861073481 -0.097465312428089076 0.039829174780778576 0.018783034071341062 -0.077136542218531348 0.033555837085604417 -0.067868268751283378 0.040583224863856064 -0.020459694328651926 0.018787313299391727 0.035818068386418538 -0.056606295161276854 0.036203070859721895 0.025371048201221894 0.039801732728604593 0.033023614546240823 0.014027562454656178 0.0098443707788532647 -0.052699106813872458 0 0.046946663830181298 0.025215197682431047 -0.0170282098038647 0.038829616120109517 0.035558276662155844 0 0.015444987984882631 0 0.021216632555226583
leaf_weight=6.5421815067529705 12.518063951749356 15.792527532903476 5.4408293757587689 26.643808580935001 7.4354563839733592 6.1282005799002937 20.696207393659279 14.56616908311844 11.231783866416661 48.7910077245906 168.0422934750095 9.1112005859613436 4.8234599744901061 445.92170379729941 10.02735447976738 6.0885214470326927 13.438049195334314 11.842603599652646 9.3676264758687449 4.4968381226062792 5.6885968046262851 6.7045601587742558 5.4741933559998888 9.9995702751912159 3.7890370464883718 13.352568265050648 7.3884959146380416 4.275714441901072 2.3185346126556423 19.035613032057881 2.6162230661138892 17.285043977200989 39.022038454189897 8.7032936806790513 15.279134813696148 5.6874127984046918 6.3192860838025835 19.261043768376112 3.7693991176784039 149.2980884546414 9.7258661016821844 22.701437370385975 8.8419363750144839 3.3203946342691779 10.298007968813184 11.74506946839392 168.65895976312459 21.150391636416316 25.472018029540777 4.1102691311389199 2.7595385201275349 8.9066556207835674 119.89532887609676 8.9929391890764219 4.2782501946203411 57.384223122149706 14.757872208952904 4.4953322298824787 5.1615888969972747 3.8440617015585268 6.6230171471834183
leaf_count=12 87 1138 14 25 7 36 306 20 70 167 337 11 6 546 63 18 113 50 98 3 13 40 10 92 49 18 44 50 1 8 20 18 42 71 6 6 45 11 25 72 25 84 4 21 7 10 116 17 36 4 27 27 44 8 20 38 4 18 7 22 7
internal_value=0 0.0115685 0.0123293 0.00906905 -0.0451123 0.0101735 0.00487237 0.00695465 0.00819281 -0.0039917 0 0.0255042 -0.0029367 0.0142114 -0.0249147 0.0249451 -0.0408978 0.0165868 -0.0144867 0.0208129 -0.00165696 0.0245203 -0.00454756 -0.0532613 0.0307884 0.0170572 -0.0210194 0.0287301 0.00183634 0.0201992 -0.0102488 0.0285317 0.0106467 -0.0167626 0.0165351 0.0323735 0.0274142 0.00128993 -0.0220931 0.0334471 0.010886 0.0405294 0 0 0.0341328 0.000963676 0.0365313 0.0212755 0.0374277 0.0105901 0 0.0199033 0.0433411 0.0136613 0 0.0350993 0.0274664 0.00127369 0.0313493 0.0031107 0.0147452
internal_weight=0 1406.24 1390.45 1112.8 19.9535 1092.84 737.247 716.551 710.423 228.065 216.833 321.094 46.6259 482.358 24.5935 277.655 22.5492 457.764 21.4315 355.594 45.6136 309.981 33.8306 15.6882 274.468 119.241 22.9236 256.223 34.6484 27.126 8.09042 276.15 65.0104 25.9883 30.3727 221.575 96.3171 25.5803 6.08793 211.14 36.3697 155.228 12.631 9.00781 212.567 17.8336 194.733 29.9255 174.77 26.0745 6.86981 19.2047 142.597 15.5351 8.77509 70.7368 24.0767 9.31879 24.2848 9.00565 12.0638
internal_count=4314 3805 2667 2201 94 2107 1595 1289 1253 574 504 509 152 679 83 466 124 596 119 512 145 367 78 105 357 176 64 347 111 38 30 289 131 89 61 236 112 56 26 158 50 181 53 27 209 28 181 40 108 65 31 34 128 20 23 56 28 24 35 29 21
is_linear=0
shrinkage=0.0493048


Tree=84
num_leaves=62
num_cat=0
split_feature=46 64 64 15 64 97 73 62 94 65 4 1 60 86 74 53 99 102 60 52 83 67 94 98 67 62 49 64 66 31 19 38 82 4 80 61 90 98 103 60 97 60 103 42 85 3 102 66 80 83 61 64 85 60 100 68 54 93 74 67 7
split_gain=19.0212 28.912 21.863 30.1822 20.6461 31.078 21.7349 36.174 28.6863 17.9941 38.2333 16.1863 31.3705 30.3123 24.0487 21.5858 15.8204 45.9817 35.1302 27.7528 18.1103 17.7169 14.8988 65.4092 30.727 17.7929 14.4528 20.4826 12.429 10.8963 12.0059 16.1387 13.8788 10.2732 29.9987 10.0344 7.78539 7.26162 7.231 15.2782 6.18458 6.14579 4.98238 4.87873 4.69892 4.31184 4.23451 48.2201 4.12152 4.0776 3.56955 3.35019 2.90801 2.82468 4.65088 1.43378 5.10062 1.35606 1.10409 2.06546 0.533453
threshold=14.500000000000002 53.45000000000001 18.850000000000005 1.0000000180025095e-35 3.2500000000000004 3.2987500000000023 38.250000000000007 5.5000000000000009 0.51666666666666672 2.5000000000000004 5.5000000000000009 1.0000000180025095e-35 0.13660287081339714 -1106.4999999999998 8.4500000000000011 8.5000000000000018 -0.71439999999999759 0.14805005534883622 0.11611054937647451 75.000000000000014 -1.0499999999999998 1032.5000000000002 0.060661764705882353 -0.22200000000000122 308.50000000000006 7.5000000000000009 0.63961038961038974 14.65 1402.5000000000002 4.5000000000000009 1.5000000000000002 25.000000000000004 0.16025641025641021 3.5000000000000004 37.850000000000001 0.090230664857530521 -0.27922077922077915 0.051750000000001913 0.51691334012217449 0.044543650793650753 -1.2766999999999979 0.082333003813020764 2.0079840241570248 0.18465909090909091 53.500000000000007 73.500000000000014 0.15898176128900382 1483.5000000000002 37.850000000000001 -1.8499999999999999 0.13550494350282483 8.8500000000000032 52.500000000000007 0.016001024065540152 -0.12310000000000083 1134.5000000000002 35.95000000000001 -0.087121212121212085 0.8500000000000002 1160.5000000000002 1.0000000180025095e-35
decision_type=2 2 2 2 2 2 2 2 2 2 2 2 2 2 2 2 2 2 2 2 2 2 2 2 2 2 2 2 2 2 2 2 2 2 2 2 2 2 2 2 2 2 2 2 2 2 2 2 2 2 2 2 2 2 2 2 2 2 2 2 2
left_child=1 2 4 -4 38 6 11 8 -8 -9 -11 12 13 -6 -14 -15 33 -18 19 20 -19 -22 24 -24 -13 -26 29 28 -28 30 31 32 -2 44 -35 45 -31 -25 39 -1 -40 60 53 -41 -5 -32 -46 -48 58 50 -30 -50 -43 54 -42 -44 -57 -55 59 -37 -34
right_child=26 -3 3 16 5 -7 7 9 -10 10 -12 22 14 15 -16 -17 17 18 -20 -21 21 -23 23 37 25 -27 27 -29 49 36 35 -33 41 34 -36 48 -38 -39 40 43 42 52 55 -45 46 -47 47 -49 51 -51 -52 -53 -54 57 -56 56 -58 -59 -60 -61 -62
leaf_value=-0.085560866152532875 -0.05220511192157664 -0.049966065744947129 -0.060654172812619797 0 -0.095904637904321327 -0.069735690185443858 -0.094232356521720836 0.033549910694771048 0.022861790642569341 -0.089558311731769966 0.031010744025127275 -0.093038765675871493 -0.11267319437335399 -0.0087824946801951034 0.01239479585981096 0.021192864786408548 -0.072000110542705498 -0.056756179400385298 -0.079388327186324686 -0.078227003361277581 -0.054370526417550982 0.038445232924093499 -0.10458194942789821 0.040799545752885365 0.022794760062659826 -0.022415706130176745 -0.056102122918349109 -0.06434867646640223 0.017101514398067244 0.011019550592632585 -0.063767738832251744 -0.07003069263100993 0.041814214845532438 -0.082117048342009627 0.038992831488775276 0.029434595195420153 -0.06976842833739319 0 -0.0093025399961067512 0.03733115852142864 -0.018427340024537161 0.012628479622039552 0.017474708844490597 0 0.044657309329941573 0 -0.080012918118392506 0.041394736498238584 0.021722782007701714 0.032105579197402784 -0.050343766279966791 -0.030067059658414039 -0.038223594028885415 0.00098572288384785522 0.030499639414666435 0 -0.063297287936453853 0.036742524395244586 0.044542486120685336 0 0.0081800102072683636
leaf_weight=4.3282484114170101 4.9123960807919493 17.781168523011729 9.6554804495535773 10.945762499235569 7.1916377544403067 13.441134093329309 20.568095987662677 25.65461215749383 4.6665307395160189 12.061867633834483 11.548770766705273 5.5505886413156977 10.451451994478701 109.26431166520342 3.2566812038421622 117.40608835220337 14.06014101533219 4.4482297461945555 7.5870872284285715 5.2817235086113206 4.081473095342516 130.40758279687725 13.32333004567772 20.814863964915276 339.55186841730028 19.776977149769664 4.325344404205679 9.3419529411476088 4.4087009169161311 3.1141717433929443 2.8596172900870434 4.9487790735438457 32.855586825404316 7.1419715019874301 16.103487414773554 16.647707614116374 4.3814474556129417 17.593182560056448 5.9932524263858786 12.211592122912409 6.7685562074184444 7.3411753140389902 8.2629039511084574 10.725153088569639 129.0916820417624 2.0756611824035645 8.6714706239290518 56.548313186969608 12.622332088649271 36.224673508666456 2.8770014718174934 2.7039518486708394 3.9993885066360235 10.090936612337826 9.8003041148185712 5.2964257150888425 3.2982846274971962 110.05186606571078 156.21580022806302 7.7241884190589181 11.835008758585898
leaf_count=19 48 1042 153 31 46 113 141 17 2 78 8 31 59 247 1 131 148 46 57 51 39 128 71 8 370 56 30 246 4 1 36 60 23 58 13 14 59 31 15 7 19 7 8 21 49 1 66 25 15 27 17 45 19 13 8 7 15 91 70 23 30
internal_value=0 0.0111 0.0120023 0.0217642 0.00766878 0.00382401 0.005334 -0.0194204 -0.067656 0.00279423 -0.0253652 0.00829871 -0.00123038 0.00251098 -0.0739549 0.00619588 0.0241024 0.0113279 0.0198791 0.0259808 0.0308553 0.0346911 0.0142594 -0.00894317 0.0178903 0.0199585 0.0247528 0 0.0151372 0.0294708 0.0313236 0.0103112 0.0189099 0.032828 0 0.0375952 -0.0197917 0.0210615 0.0224779 0 0.0264899 0.0273905 0.028698 0.015054 0.0363505 -0.0160792 0.0381386 0.0233137 0.0395845 0.025113 0 0.00444399 0 0.0318383 0.00302621 0 -0.0105029 0.0347751 0.041877 0.0196586 0.0357005
internal_weight=0 1360.76 1342.97 404.024 938.95 752.122 738.681 74.4999 25.2346 49.2653 23.6106 664.181 247.57 233.862 13.7081 226.67 394.369 165.866 151.806 144.219 138.937 134.489 416.611 51.7314 364.879 359.329 331.415 57.1777 47.8357 274.237 266.742 65.8923 60.9436 228.503 23.2455 200.849 7.49562 38.408 186.828 27.265 159.563 56.0312 153.569 22.9367 205.257 4.93528 194.311 65.2198 195.914 43.5104 7.2857 15.3263 11.3406 136.712 16.5689 16.8576 8.59471 120.143 180.588 24.3719 44.6906
internal_count=4314 3539 2497 864 1633 1410 1297 246 143 103 86 1051 484 424 60 378 711 469 321 264 213 167 567 110 457 426 775 324 78 451 391 187 127 242 71 204 60 39 223 47 176 79 161 28 171 37 140 91 167 48 21 60 26 131 27 30 22 104 107 37 53
is_linear=0
shrinkage=0.0493048


Tree=85
num_leaves=62
num_cat=0
split_feature=95 86 84 49 27 41 101 59 95 42 88 64 64 64 5 64 48 40 68 102 64 95 64 2 97 15 66 64 29 6 97 86 65 64 63 27 68 67 4 3 83 86 85 83 64 49 101 75 56 85 63 100 60 71 53 79 61 64 101 67 63
split_gain=18.8796 15.3628 28.2905 55.4175 29.9152 32.489 28.4396 30.5627 35.0296 50.779 31.57 24.9521 22.1594 20.007 18.8358 18.4796 17.531 21.9855 13.8686 18.5971 29.8063 21.2633 18.5086 13.8381 30.1767 18.7138 13.5718 20.7238 13.5241 27.6613 61.0524 15.1448 26.5142 13.4061 13.113 15.1794 12.2307 12.8824 11.8683 20.9608 11.8645 11.7574 11.4527 11.7824 10.9058 9.83283 9.3804 8.98604 17.6418 11.0742 17.7234 9.91711 20.2523 8.96435 19.9514 8.8825 22.036 20.4153 9.36959 7.88645 7.8411
threshold=-0.15999999999999973 -580.49999999999989 1.0000000180025095e-35 0.57738095238095244 2.5000000000000004 1.4500000000000002 -0.99885000000000079 -64.999999999999986 0.050000000000000357 0.24038461538461539 13.500000000000002 3.1500000000000008 7.2500000000000009 3.8500000000000001 4.5000000000000009 3.9500000000000006 0.8500000000000002 37.95000000000001 1371.0000000000002 0.12773396575631787 11.15 0.50000000000000044 3.1500000000000008 2.5000000000000004 -0.22220000000000076 5.5000000000000009 1603.0000000000002 39.150000000000013 1.0000000180025095e-35 1.5000000000000002 0.025549999999999056 -194.49999999999997 5.5000000000000009 14.850000000000003 11.500000000000002 30.500000000000004 1203.5000000000002 963.00000000000011 1.0000000180025095e-35 22.500000000000004 -2.5499999999999994 -487.99999999999994 54.500000000000007 0.50000000000000022 13.850000000000003 0.13809523809523808 -1.5785499999999961 0.18465909090909091 0.12916666666666668 56.500000000000007 6.5000000000000009 0.28059999999999974 0.04944383327221611 1.5000000000000002 10.500000000000002 5.5000000000000009 0.34021276595744687 4.7500000000000009 -1.5194000000000043 1425.5000000000002 7.5000000000000009
decision_type=2 2 2 2 2 2 2 2 2 2 2 2 2 2 2 2 2 2 2 2 2 2 2 2 2 2 2 2 2 2 2 2 2 2 2 2 2 2 2 2 2 2 2 2 2 2 2 2 2 2 2 2 2 2 2 2 2 2 2 2 2
left_child=26 14 3 4 5 33 23 10 16 12 15 -5 -10 -7 18 -8 17 45 40 38 21 22 -21 41 25 -25 27 28 29 31 46 59 36 -3 -6 -36 37 -33 -20 -40 -2 -4 43 -23 -28 -9 -31 48 -42 55 -51 52 -52 54 -43 56 57 -49 -57 -1 -12
right_child=1 2 6 11 34 13 7 8 9 -11 60 -13 -14 -15 -16 -17 -18 -19 19 20 -22 42 -24 24 -26 -27 44 -29 -30 30 -32 32 -34 -35 35 -37 -38 -39 39 -41 47 53 -44 -45 -46 -47 -48 49 -50 50 51 -53 -54 -55 -56 58 -58 -59 -60 -61 -62
leaf_value=0.03388182806161933 -0.033763810446862316 0.013884601862220068 -0.050467978485996615 0.0095954341316064184 0.030147997809689728 0 0.014513353424836287 0 0.0048239435734471429 -0.11606477907953835 0 -0.085031929292207917 -0.092519557100585417 -0.096505596656545914 -0.065294438338412975 -0.071192480246784595 0.029870759727309178 0.020485727771416905 0.036186798520326219 0 -0.07418117366548406 -0.09265203706445943 -0.099782871903153589 0 0.023292239205868693 -0.12913606203386982 0.0057844254559553006 -0.049951746936462503 0.032827479624933313 0 0.028837971829618746 0 -0.08464477005121282 -0.068825431325245143 -0.11769124452189128 0.0090458965021064271 0.024523525321450461 -0.091450767998255647 -0.12465986631534899 0.023918538983509752 0.02099571520592074 -0.11036606423281631 0.033268471746075494 0.0043400838545158129 0.039983331363620797 -0.1112768092953139 -0.10408001162762869 0.014302557869070922 -0.055046488198379623 -0.08337498871876034 0.014986565422726654 0.039079769572540099 -0.12160971068036099 0.035212863467733328 0.032380933412537637 -0.035628218953015357 0.041253060011717961 -0.060153637323940655 0.033045093525570085 0 0.037200730889286639
leaf_weight=102.44986774469726 7.4622983094304791 36.717428021132946 3.1085801050066939 5.7967082262039176 69.137197796022519 5.8887893259525326 7.4665780365467098 2.1597867999225873 28.39867140352726 18.320007979986258 16.075401705224067 30.55989227630198 6.5944879464805117 17.236776147037745 6.2235829553101203 13.610008333809672 32.758100569713861 7.3506044317036858 44.483599121216685 6.0211981981992713 15.432202738476915 3.8083194829523546 8.0070813447236997 2.6330603361129743 23.975554293487221 6.31697380496189 37.885498682968318 10.524155175196936 103.73763500899076 1.5804185783490563 19.53146992623806 7.4623801410198194 8.0724160517565888 5.3512867086101314 3.2338832202367476 3.0163389667868614 43.639171250164509 4.8872012831270695 3.281920023262499 4.9810874229297042 26.008012459613383 3.357110580429433 36.149181384593248 5.7453132793307304 137.018078322988 7.2314543575048447 16.851898024324328 17.005703072994947 10.330776388756929 5.3928466853685668 7.7668734216131288 17.551763086346909 3.3529944261536002 158.31288895243779 6.888662887737155 3.1520812124945214 27.911455979570746 15.386428710538892 269.02558177616447 21.404884859453887 72.191410983912647
leaf_count=114 52 41 14 6 132 9 6 8 44 138 38 539 56 218 62 173 42 8 41 8 197 22 46 3 35 44 79 343 94 7 26 12 67 71 40 2 53 27 34 7 32 24 23 6 105 39 105 21 98 45 19 13 29 153 5 26 20 114 381 48 50
internal_value=0 0.00971952 0.00395043 -0.012235 0.000935597 -0.0225738 0.011121 -0.000970201 -0.0208106 -0.0488568 0.0165491 -0.0665327 -0.0100427 -0.0696074 0.015781 -0.0349657 0.0068987 -0.030607 0.0169535 0.00169194 -0.0129887 0.000773766 -0.0499381 0.024265 -0.00161313 -0.0820062 0.0215035 0.015075 0.0175334 0.00995511 -0.0271318 0.0181128 0 0.000363002 0.022916 -0.037024 0.0106666 -0.0281904 0.0249625 -0.020377 0.0214072 0.029952 0.0190839 -0.0215459 0.033289 -0.08372 -0.0931166 0.0227404 0 0.0250596 0 0.0136649 -0.015299 0.0321825 -0.00250593 0.0278078 0.00777212 -0.0172558 0.0317886 0.0281937 0.0302669
internal_weight=0 1138.17 593.688 176.938 140.582 65.1943 416.749 212.157 102.813 53.3132 109.343 36.3566 34.9932 23.1256 544.48 21.0766 49.4999 16.7418 538.257 127.91 75.1633 59.7311 14.0283 204.593 32.9256 8.95003 515.045 340.141 329.617 225.88 37.9638 187.916 64.0612 42.0687 75.3874 6.25022 55.9888 12.3496 52.7466 8.26301 410.347 171.667 45.7028 9.55363 174.904 9.39124 18.4323 402.885 36.3388 366.546 34.0645 28.6716 11.1199 168.559 10.2458 332.481 60.3036 32.3921 272.178 123.855 88.2668
internal_count=4314 3234 1938 1058 513 339 880 602 335 238 267 545 100 227 1296 179 97 55 1234 384 302 105 54 278 82 47 1080 896 553 459 138 321 159 112 174 42 92 39 82 41 850 196 51 28 184 47 112 798 130 668 106 61 48 182 29 562 155 135 407 162 88
is_linear=0
shrinkage=0.0493048


Tree=86
num_leaves=62
num_cat=0
split_feature=64 38 67 94 6 83 102 79 52 42 64 68 45 101 71 81 63 53 56 42 71 66 83 103 66 101 27 103 17 101 63 3 67 66 64 84 82 78 52 5 42 12 40 4 57 74 102 100 86 67 66 78 100 86 67 49 95 7 95 79 19
split_gain=18.2849 37.9869 30.2512 22.1681 20.4977 17.684 15.1354 14.2806 24.2792 23.8748 23.727 44.9269 21.2175 19.5005 35.9802 18.4853 17.3303 23.5152 16.6494 22.7472 17.1353 40.9355 24.7692 16.0258 19.2863 13.7012 16.8703 12.8273 12.5879 10.8061 10.6046 13.9022 10.0593 15.2726 15.6002 10.4699 19.1727 9.79397 8.83031 10.1923 7.23523 8.53721 6.14003 5.38563 16.8076 5.36636 11.8669 5.35541 4.97622 4.72395 9.24712 4.34718 5.96515 4.27499 6.95835 4.08413 3.38453 3.13772 2.88893 2.09647 7.65558
threshold=28.750000000000004 7.5000000000000009 1032.5000000000002 0.12916666666666668 3.5000000000000004 -7.4999999999999991 0.11096486107688296 2.5000000000000004 8.5000000000000018 0.13809523809523808 3.1500000000000008 1315.0000000000002 5.5000000000000009 -1.5194000000000043 45.000000000000007 4.0500000000000007 3.5000000000000004 11.500000000000002 0.88194444444444453 0.56696428571428581 25.000000000000004 1065.0000000000002 0.15000000000000005 0.64903703492039166 982.00000000000011 -0.64990000000000225 7.5000000000000009 0.37147375848455477 5.5000000000000009 -1.1234999999999997 7.5000000000000009 1.0000000180025095e-35 1375.0000000000002 1299.0000000000002 2.4500000000000006 0.36666666666666675 0.18465909090909091 10.500000000000002 5.5000000000000009 3.5000000000000004 0.11805555555555557 1.5000000000000002 39.750000000000007 4.5000000000000009 -1.0000000180025095e-35 0.35000000000000003 0.10807766012979637 0.24030000000000126 -128.49999999999997 1331.5000000000002 1388.0000000000002 8.5000000000000018 1.1500999999999986 20.500000000000004 941.50000000000011 0.46862745098039221 0.19999999999999893 22.500000000000004 -0.77999999999999925 13.500000000000002 23.500000000000004
decision_type=2 2 2 2 2 2 2 2 2 2 2 2 2 2 2 2 2 2 2 2 2 2 2 2 2 2 2 2 2 2 2 2 2 2 2 2 2 2 2 2 2 2 2 2 2 2 2 2 2 2 2 2 2 2 2 2 2 2 2 2 2
left_child=5 3 -3 -2 6 -1 -4 16 9 40 45 15 -10 14 -14 -12 17 23 20 -20 27 -22 -23 24 -7 38 -27 28 -15 -8 42 -32 43 34 -34 56 -37 -29 55 -40 41 57 -21 47 -45 -11 -47 48 -18 50 -25 52 -49 54 -50 -13 -35 -9 -31 -60 -61
right_child=1 2 4 -5 -6 7 29 8 12 10 11 25 13 18 -16 -17 32 -19 19 30 21 22 -24 49 -26 26 -28 37 -30 58 31 -33 33 35 -36 36 -38 -39 39 -41 -42 -43 -44 44 -46 46 -48 51 53 -51 -52 -53 -54 -55 -56 -57 -58 -59 59 60 -62
leaf_value=-0.073022033537851666 -0.060670707657606113 -0.048190309939959312 -0.039132645071990185 0.026934413557842291 -0.047759354282210384 0.0068995766082699484 -0.030848706745015598 -0.073615637755983634 -0.073590264522154683 0.031663685586280556 -0.082257339858227654 0.035946301780938002 -0.09503158741354345 -0.09052803521921908 0.0091285691102141672 0.0058825503336655365 0.041836319042228336 -0.11061277994735881 -0.093420993812017586 0 -0.10681365125582341 -0.020911054323510855 0.018312891103280389 -0.068613778344733381 -0.11464239433648613 -0.071958223086209347 0.00733742575046292 0.013671191811291046 0.011843180686204401 0 0 -0.10087938522834851 0.0056075550642443288 0.033944587034319455 -0.10014102003349658 -0.10159984385602913 0.008453438607614501 0.029847544867881912 -0.097693920675147539 0 0.033498496944722934 0.024552430156676856 0.041101742510774156 -0.071998237430228609 0.029323815962776802 0.021724309328919347 -0.078841250905222302 -0.076198956762574849 -0.041625198188195406 0.032870707341824637 0.018176118172079717 0.026201497841538766 0 0.029795600232854925 0.017239392777809854 0 0 0 0.043141776686198174 -0.038972484853282315 0.036774251734203699
leaf_weight=5.7025776375085107 18.567631970625371 9.859322681091724 4.4826877466402939 8.9463843840640056 5.7545247869566074 3.5630697906017286 3.1815920975059262 4.4957366366870684 6.6148257460445157 20.387878842651844 37.473425026517361 23.613624654710293 11.435062245465813 4.8036836874671272 21.53000919893384 3.8060889393091193 116.91740200202912 4.7044661710970095 7.2988899336196473 11.593638878315687 7.6157273976132265 49.008483110927045 162.84363007266074 3.8070635907351997 5.4644036330282688 13.165500690229239 7.9719314603134981 205.05504826176912 3.1669814586639404 1.0322896523866791 4.3221988640725595 4.9520644061267376 3.3337762653827649 43.451220547780395 5.9982079667970538 4.6433613747358349 14.494319908320902 249.7440415462479 3.2691883072257033 3.7802825681865215 33.80116486735642 6.4877093704417348 14.02991196885705 5.1491423435509232 16.235785339027643 7.5837561786174756 4.0422263815999031 2.8419619146734494 5.8080907203257111 23.380110383965075 13.271812530234454 12.301204517483709 7.5665088209789246 53.013906888663769 22.915341600775719 10.057539873290805 16.141159592196345 1.5059577459469435 212.7897512690397 3.5198287975508693 10.590851559769362
leaf_count=41 638 282 132 52 183 2 74 36 43 17 274 12 61 27 30 2 61 35 47 32 49 147 212 18 34 95 19 325 1 42 5 32 3 32 40 26 18 227 17 6 24 9 4 28 13 7 20 19 22 17 17 15 17 47 24 29 27 8 398 133 7
internal_value=0 0.0249569 0.0312191 -0.0276734 0.0349845 0.010574 0.0375399 0.0110276 0.00754821 -0.00827007 -0.0192265 -0.0311543 0.0114678 0.0123781 -0.0232956 -0.0711226 0.0192476 -0.00474692 0.014174 -0.0143537 0.0161214 0.00406116 0.00865032 0.00287547 -0.0531028 -0.0024488 -0.0362151 0.0215715 -0.0344415 0.0395705 0 -0.0426682 0.0235541 0.00729417 -0.0492039 0.0155881 -0.0118959 0.0228291 0.0120433 -0.0308682 0.0210251 -0.002803 0.0185542 0.0289387 0 0.0153129 -0.00270514 0.0312645 0.0339738 0.0184707 0 0.00208204 -0.0145082 0.0211938 0.000977346 0.0247387 0.0265016 -0.0529469 0.0411034 0.0415707 0.00904028
internal_weight=0 278.725 251.211 27.514 241.352 1336.16 235.597 1330.46 945.456 181.442 135.151 103.138 764.014 757.399 32.9651 41.2795 385.002 54.1909 724.434 42.1967 682.238 219.468 211.852 49.4865 9.02747 61.8581 21.1374 462.77 7.97067 231.114 34.8978 9.27426 330.811 88.062 9.33198 78.7301 19.1377 454.799 40.7206 7.04947 46.2906 12.4894 25.6236 242.749 21.3849 32.0139 11.626 221.364 198.655 40.459 17.0789 22.7097 10.4085 81.7373 28.7234 33.6712 59.5924 6.00169 227.933 226.9 14.1107
internal_count=4314 1941 1251 690 969 2373 786 2332 1817 575 498 454 1242 1199 91 276 515 123 1108 120 988 408 359 88 36 178 114 580 28 654 73 37 392 146 43 103 44 552 64 23 77 53 36 246 41 44 27 205 154 52 35 51 36 93 46 41 59 44 580 538 140
is_linear=0
shrinkage=0.0493048


Tree=87
num_leaves=62
num_cat=0
split_feature=46 64 64 0 15 65 38 79 79 64 52 82 97 73 101 85 97 91 62 64 55 101 49 12 64 72 94 60 17 97 79 91 52 54 63 83 61 103 99 102 63 75 1 42 100 84 101 84 86 4 78 56 86 41 95 95 66 64 64 101 64
split_gain=17.4209 24.6967 19.6602 27.9348 22.3084 22.0188 17.0407 30.9112 16.5709 23.0437 34.2407 38.3804 26.1555 25.8026 22.2203 20.7603 17.2968 14.6208 13.7084 39.6049 14.205 23.2853 13.2246 18.361 19.2002 11.9138 26.013 11.1106 10.9458 18.3817 10.6536 9.94283 13.6106 9.78511 12.0018 9.39947 17.8928 9.25646 8.17233 33.9536 6.85848 6.67544 6.34486 10.6822 6.15793 7.37862 6.67463 9.87923 5.28337 5.06447 3.74546 7.33442 8.95443 3.34732 2.91979 2.58705 2.22549 1.49407 3.04672 1.2449 1.21784
threshold=14.500000000000002 53.45000000000001 21.950000000000003 5.5000000000000009 1.0000000180025095e-35 8.5000000000000018 6.5000000000000009 14.500000000000002 2.5000000000000004 3.1500000000000008 8.5000000000000018 0.67708333333333337 3.0295500000000009 38.050000000000004 -1.4534499999999964 53.500000000000007 -1.9690999999999972 -0.087121212121212085 3.5000000000000004 8.1500000000000004 0.75000000000000011 -1.6590499999999968 0.63961038961038974 1.0000000180025095e-35 14.65 12.500000000000002 0.30384615384615393 0.059850746268656704 1.5000000000000002 -1.9385499999999991 4.5000000000000009 0.16025641025641021 4.5000000000000009 37.45000000000001 12.500000000000002 -2.0499999999999994 0.17047223663725999 0.64903703492039166 -0.25345000000000073 0.20297530249171833 11.500000000000002 0.18465909090909091 1.5000000000000002 0.48333333333333339 0.28975000000000151 0.77500000000000013 -1.2135999999999958 0.77500000000000013 -1041.4999999999998 5.5000000000000009 65.000000000000014 0.32291666666666669 -1393.4999999999998 1.5500000000000003 0.39000000000000096 -0.77999999999999925 673.50000000000011 10.850000000000003 5.5500000000000007 0.28059999999999974 30.900000000000002
decision_type=2 2 2 2 2 2 2 2 2 2 2 2 2 2 2 2 2 2 2 2 2 2 2 2 2 2 2 2 2 2 2 2 2 2 2 2 2 2 2 2 2 2 2 2 2 2 2 2 2 2 2 2 2 2 2 2 2 2 2 2 2
left_child=1 2 5 4 -4 8 7 -6 18 30 11 13 14 16 15 -12 -11 -16 19 20 37 -22 31 24 42 38 -27 -15 29 -13 33 35 -33 34 -10 36 60 -1 55 -40 -32 48 43 -24 45 49 -46 -48 -37 53 57 -52 -53 -20 -51 -8 -47 58 -43 -41 -2
right_child=22 -3 3 -5 6 -7 25 -9 9 10 12 28 -14 27 17 -17 -18 -19 44 -21 21 -23 23 -25 -26 26 -28 -29 -30 -31 40 32 -34 -35 -36 41 -38 -39 39 59 -42 50 -44 -45 46 56 47 -49 -50 54 51 52 -54 -55 -56 -57 -58 -59 -60 -61 -62
leaf_value=-0.01622292925135254 0 -0.048995408824818384 -0.056319189947455779 -0.070825654505063382 -0.062658442302471251 -0.079782667263091384 0 0.036145139671490342 -0.11587409012093411 0.0059917045899293975 0.0021749504581833772 0.020599043448849514 -0.072502001922169518 0.018717715575687199 -0.027269898725497708 -0.094330430990671718 -0.084620068838639123 0.01208714564088165 0.02099336790382705 -0.096306959367703102 0.012625597007221906 -0.11481198543947294 0.023809170222071411 -0.075185511041760009 -0.062647217730284838 -0.078773369237649327 0.039427933404790623 -0.063990009977486356 0.034779557710694117 -0.079005551468657648 0.034409507205513688 0.023851878721222117 -0.059099365426282871 0.013519424634754163 0 0.020305549827417023 -0.084950340024269905 0.034236571613820564 -0.069296660884447928 0.0023290094393513742 0 0.030922036981993702 0.040264552748493963 -0.079782004293006137 0.021405134496740509 0.0087713254247269324 -0.076605136745148031 0 -0.051550242000387873 -0.027767922937459059 0.03017874568922569 0.012456510430210134 -0.07442260980289872 0.038974907498903977 0.018873584123140667 0.040409510002770162 -0.0256072690566614 0.044743824802203951 0 0.041306913256231072 0.036257849006824536
leaf_weight=7.2934019751846781 10.288634322583679 16.19376296387054 6.9832447674125424 6.9266244801692656 13.610980256344194 6.7115279119461766 0.55952288117259641 16.843066429719329 3.8607080355286589 3.0331591218709937 6.8621211647987392 8.8465593717992324 10.066741745918987 13.593149604741486 22.625960232689977 9.8673289939761144 37.457915220409632 380.65865063946694 103.26608435902745 9.2719603665173036 6.7457268610596657 5.0959641337394697 9.8260877663269621 6.627890857635065 6.2099039643071583 7.2869038591161379 11.421432495117188 5.3961174124851814 20.834343607537448 7.2269104942679396 87.732872534543276 14.034517619758846 7.1473928429186335 9.5696388930082303 2.5541536211967468 8.2542588445357961 4.5713598097208878 45.157997988164425 8.9778690109960717 9.9112852616235596 10.204140409827231 19.937140860594813 27.456879742443562 3.1674994863569728 14.412111658602955 4.0780231244862062 5.6954511059448105 4.6546049802564085 3.5130677695851764 5.7750442549586278 28.947685456369072 4.5758402496576291 4.0930232345126569 89.961839005351067 7.3175574392080307 183.5843561924994 7.9896832816302776 128.33309596450999 8.3181934263557178 29.191136605804786 10.023293997975998
leaf_count=17 23 1042 132 87 170 45 6 6 22 2 11 7 76 33 78 52 239 554 114 64 5 27 16 94 178 55 1 51 15 46 80 11 92 12 3 11 39 32 83 31 20 19 17 19 15 3 41 6 62 21 26 2 48 53 7 135 19 87 21 21 10
internal_value=0 0.0100658 0.0109254 0.0222673 0.0249426 0.0073208 0.0274078 -0.00395579 0.00806433 0.00326033 -0.00086414 -0.0276165 0.00484411 -0.0524622 0.00699967 -0.047404 -0.0747647 0.00956862 0.0173839 0 0.0124459 -0.0319175 0.0236587 0 0.0122227 0.0317097 -3.6529e-05 0 0.00907016 -0.0165375 0.0234066 0.0283831 0 -0.00823666 -0.0598739 0.0313718 0 0.024845 0.0348022 0.0125923 0.0298415 0.0348423 0.0268311 0 0.0230359 0.0256778 0 -0.0304162 0 0.0280003 0.037028 0.0165975 -0.0144066 0.0300139 0 0.0399227 -0.00372271 0.0411374 0.0203276 0.0346151 0.0224574
internal_weight=0 1275.31 1259.11 295.296 288.37 963.817 281.387 30.454 957.106 640.39 526.469 96.3882 430.081 59.4803 420.014 16.7295 40.4911 403.285 316.715 73.5651 64.2931 11.8417 305.326 53.2883 46.6604 250.933 18.7083 18.9893 36.9078 16.0735 113.922 252.038 21.1819 15.9845 6.41486 230.856 24.8833 52.4514 232.224 48.0803 97.937 205.972 40.4505 12.9936 243.15 218.388 24.7622 10.3501 11.7673 206.321 194.205 37.6165 8.66886 193.228 13.0926 184.144 12.0677 156.588 28.2553 39.1024 20.3119
internal_count=4314 3539 2497 727 640 1770 508 176 1725 1301 1164 393 771 325 695 63 241 632 424 145 81 32 775 324 230 332 56 84 68 53 137 451 103 37 25 348 72 49 276 135 100 276 52 35 279 217 62 47 73 195 203 76 50 167 28 141 22 127 40 52 33
is_linear=0
shrinkage=0.0493048


Tree=88
num_leaves=62
num_cat=0
split_feature=47 99 91 64 98 67 95 85 49 73 65 65 85 93 42 64 71 71 47 86 103 94 27 49 46 64 64 62 64 7 58 64 19 86 56 98 64 61 42 40 52 95 64 54 61 62 62 67 63 75 60 55 61 68 40 15 64 47 73 38 80
split_gain=17.0653 19.0285 20.9314 35.961 24.7805 18.0313 17.9748 15.2917 34.5824 17.1977 14.4844 14.2666 13.0297 12.8788 20.8527 54.9236 32.9826 32.9085 19.7229 22.1588 18.9361 17.8162 24.2507 14.8142 29.189 10.9263 17.2879 38.7861 10.7495 13.6333 32.9273 24.0196 10.6692 10.1318 9.53517 10.2038 8.73514 7.99126 7.79872 7.49878 7.1608 7.15524 6.01986 5.15758 12.3349 5.05767 5.01245 4.78297 6.29228 4.70128 4.31492 6.47187 10.307 3.06721 2.33788 2.09634 8.43451 1.73946 1.60105 1.85661 1.28501
threshold=35.250000000000007 -1.2534500000000006 -0.064583333333333284 13.250000000000002 -0.35275000000000029 1429.0000000000002 0.39999999999999974 57.250000000000007 0.064583333333333312 39.150000000000013 11.500000000000002 1.5000000000000002 52.500000000000007 0.064583333333333312 0.25833333333333336 23.050000000000004 9.5000000000000018 5.5000000000000009 36.150000000000013 -1514.9999999999998 0.40743068003746979 -1.0000000180025095e-35 5.5000000000000009 0.46410256410256417 15.500000000000002 18.850000000000005 6.4500000000000011 6.5000000000000009 24.550000000000004 4.5000000000000009 -1.4999999999999998 6.2500000000000009 3.5000000000000004 -1153.4999999999998 0.62019230769230782 -0.96519999999999928 2.9500000000000006 0.17376207729468598 0.10555555555555557 35.750000000000007 11.500000000000002 -0.18999999999999909 5.1500000000000012 36.050000000000004 0.040408163265306107 4.5000000000000009 3.5000000000000004 1032.5000000000002 14.500000000000002 0.23303167420814477 0.044346116027531905 1.8500000000000003 0.33166666666666672 516.50000000000011 37.550000000000004 1.0000000180025095e-35 3.3500000000000001 33.850000000000001 36.750000000000007 10.500000000000002 35.95000000000001
decision_type=2 2 2 2 2 2 2 2 2 2 2 2 2 2 2 2 2 2 2 2 2 2 2 2 2 2 2 2 2 2 2 2 2 2 2 2 2 2 2 2 2 2 2 2 2 2 2 2 2 2 2 2 2 2 2 2 2 2 2 2 2
left_child=5 28 3 4 34 25 11 10 -9 -10 13 -7 -6 14 18 16 17 -16 19 -4 -18 22 -15 32 -25 26 50 -28 29 33 37 40 -20 -2 35 -3 -14 39 42 -31 45 53 -23 44 -30 -32 60 48 -27 -43 51 52 -1 -40 -37 -56 -57 -49 59 -48 -35
right_child=1 2 7 -5 12 6 -8 8 9 -11 -12 -13 36 21 15 -17 20 -19 23 -21 -22 38 -24 24 -26 47 27 -29 43 30 31 -33 -34 46 -36 54 -38 -39 41 -41 -42 49 -44 -45 -46 -47 58 57 -50 -51 -52 -53 -54 -55 55 56 -58 -59 -60 -61 -62
leaf_value=-0.076416532318029751 -0.043322094699161769 -0.080790432518505276 0.016121016504812159 -0.074985747458193322 0 0 0.025209795552519877 0.025865394789228755 -0.11433198250038307 0 -0.04617698411852364 -0.072473506547112446 0 -0.083096837462733691 -0.0023487389019860787 -0.075237316640084109 -0.092690761679423875 -0.073516376837295574 0.031801689629186905 -0.11164738754133079 0.016344493919157294 0.0050303069046673168 0.021886987431939103 -0.062046594626466188 0.023597908506500162 -0.045974535420811556 -0.085889793352545443 0.026971287396155803 0.036844525507667619 0 0 -0.10937882311646617 0.0083465783477483253 0.014748232108964723 0.037019221747208959 0.026292270367607225 -0.090992256059643922 0.030646540695472211 0.0055127151226506254 -0.082479010809667103 0.014985902034429304 0 -0.069112446589558757 0.040880325713285502 -0.063720125623184312 -0.091509907109218372 0 0.016627195547728135 0.032665067666518929 0.035491234568378008 0.035086241498018582 0.031117029674115757 0.013540158539076827 -0.043735634952821942 0.011342384870062765 0 -0.095839898393388731 0.04629095609072361 0.039238614082406871 0.024021267291757853 -0.01470950092948866
leaf_weight=4.9582234248518962 3.6599575700238338 3.5419986546039608 4.2452624440193176 19.247878989437595 9.8961696391925233 8.6985744088888186 21.281644382979721 11.404072098433973 10.503578428411855 2.2433171891607335 10.104901740909552 12.400588488671927 2.6187188774347296 8.652858310844751 74.921103239059448 22.38826643966604 3.5885658003389826 21.493520280811936 165.88121328677516 5.9967817952856404 243.00451477849856 4.5579421520233145 11.075788161717353 15.183347528567536 24.697238501626998 3.4864147747866792 11.777279695495965 17.700355125591159 9.8123214952647668 4.9464352726936331 2.3784023523330715 9.8291927184909564 89.051535522798076 7.812301140278576 30.091481566429138 10.304496787488462 11.445348890498279 40.539518752135336 3.7816033959388724 2.9199935495853424 9.7263654023408872 9.4372763319406641 3.1472176951356232 79.880497961305082 4.0590059086680403 3.2553934417665005 10.12576916255057 20.041510934010148 7.3278100755997002 143.33846478327177 59.351704217493534 11.285139780491589 3.7936201840639114 3.8433577620889992 6.1334844194352609 3.2929045967757702 2.6666163969784975 99.029084064997733 60.496634356677532 17.212293118238449 6.5155877117067575
leaf_count=20 18 16 2 323 21 11 28 9 86 7 717 113 4 73 201 423 19 123 199 42 336 4 16 139 35 49 80 17 2 5 6 68 201 8 21 7 71 38 2 22 11 36 38 113 52 17 21 84 4 119 50 7 2 38 7 4 17 44 29 17 22
internal_value=0 0.00981723 0.00646255 -0.0145443 0 0.0237369 -0.00336788 0.00893802 -0.0284117 -0.0866395 0.010121 -0.0380708 -0.0419053 0.0109305 0.00745312 -0.000158208 0.00438674 -0.0195236 0.0169766 -0.0467098 0.014241 0.0226771 -0.0179302 0.0196159 -0.00591851 0.0290689 0.0155589 -0.013954 0.0215394 0.013326 -0.00142026 -0.0486284 0.0240984 0.0247533 0.0179703 0 -0.0723564 0.0205957 0.028185 -0.0153711 -0.0015197 0.0307651 -0.00935766 0.0359213 0 -0.0518731 0.0284225 0.0394284 0 0.0332723 0.0280842 0.00112369 -0.0233692 -0.00315976 0.00807752 0 -0.0267932 0.0423483 0.0328365 0.0140952 0
internal_weight=0 1264.95 991.781 99.2391 79.9912 281.132 42.3808 892.542 24.151 12.7469 868.391 21.0992 23.9602 858.286 670.451 365.396 343.008 96.4146 305.055 10.242 246.593 187.835 19.7286 294.813 39.8806 238.751 108.866 29.4776 273.17 179.418 73.5953 25.1894 254.933 105.823 56.031 25.9395 14.0641 48.4059 168.106 7.86643 15.3602 160.401 7.70516 93.7518 13.8713 5.6338 102.163 129.885 10.8142 152.776 79.3887 20.037 8.75184 7.62496 22.3975 12.093 5.95952 119.071 87.8347 27.3381 14.3279
internal_count=4314 3805 3356 491 168 509 152 2865 102 93 2763 124 96 2046 1720 1102 679 324 618 44 355 326 89 574 174 357 176 97 449 282 167 102 400 115 72 51 75 65 237 27 34 195 42 167 54 23 97 181 53 155 79 29 22 40 35 28 21 128 67 38 30
is_linear=0
shrinkage=0.0493048


Tree=89
num_leaves=62
num_cat=0
split_feature=64 38 67 83 7 79 103 86 63 99 83 47 65 95 73 64 60 64 4 84 101 64 45 3 61 63 59 86 101 38 100 67 93 49 103 55 86 80 86 89 98 67 66 64 84 82 103 64 64 49 102 93 98 86 68 64 4 57 100 86 86
split_gain=16.7383 32.3727 25.9776 18.9644 16.9264 13.8928 19.1476 21.9905 16.4739 41.1991 18.5204 23.0461 31.1606 24.0602 22.148 31.2697 28.3964 42.1328 23.0651 15.9493 24.0104 33.2051 47.837 15.6024 15.8981 15.0899 29.6897 14.0449 13.8403 11.5973 23.3882 12.3726 10.6653 10.3374 9.79162 9.77328 23.1856 12.7787 20.1643 9.12296 20.252 9.00252 13.0364 13.4486 9.29514 16.2955 8.8519 9.76418 8.75788 25.9822 6.67674 6.62377 5.85045 5.65665 5.23878 5.12521 4.90531 14.1891 5.00179 5.3278 4.12829
threshold=28.750000000000004 7.5000000000000009 1032.5000000000002 2.8500000000000005 35.500000000000007 2.5000000000000004 0.3588854381999827 97.500000000000014 14.500000000000002 -1.1194000000000022 -0.29999999999999988 36.250000000000007 2.5000000000000004 0.039999999999999904 37.750000000000007 3.8500000000000001 0.061381475667189905 6.4500000000000011 1.0000000180025095e-35 1.0000000180025095e-35 -0.22200000000000122 3.4500000000000006 105.00000000000001 21.500000000000004 0.33913438256658601 3.5000000000000004 -15.499999999999998 -733.49999999999989 -1.1234999999999997 3.5000000000000004 -1.6144000000000032 1182.5000000000002 -0.74603174603174593 0.12916666666666668 0.61481695989933871 0.75000000000000011 -446.49999999999994 35.150000000000013 -1029.4999999999998 483.50000000000006 -1.5018500000000008 1375.0000000000002 1299.0000000000002 2.4500000000000006 0.36666666666666675 0.18465909090909091 0.94762803167322673 5.1500000000000012 4.3500000000000005 0.55050505050505061 0.11096486107688296 -0.074175824175824134 -0.51024999999999909 -1442.4999999999998 1568.5000000000002 6.3500000000000005 4.5000000000000009 -1.0000000180025095e-35 0.24030000000000126 -128.49999999999997 20.500000000000004
decision_type=2 2 2 2 2 2 2 2 2 2 2 2 2 2 2 2 2 2 2 2 2 2 2 2 2 2 2 2 2 2 2 2 2 2 2 2 2 2 2 2 2 2 2 2 2 2 2 2 2 2 2 2 2 2 2 2 2 2 2 2 2
left_child=5 3 -3 -2 28 25 7 -7 10 -10 11 12 27 23 16 -16 18 -18 -15 35 29 -22 -23 46 -25 26 -1 -8 -4 30 -21 51 -11 -30 -33 36 48 38 -37 52 -41 56 43 -43 -44 -46 55 -48 -12 -50 -35 -31 -28 -39 -55 -13 58 -58 59 -27 -61
right_child=1 2 4 -5 -6 6 8 -9 9 32 19 13 -14 14 15 -17 17 -19 -20 20 21 22 -24 24 -26 41 39 -29 33 31 -32 34 -34 50 -36 37 -38 53 -40 40 -42 42 44 -45 45 -47 47 -49 49 -51 -52 -53 -54 54 -56 -57 57 -59 -60 60 -62
leaf_value=-0.10188328964426456 -0.059078362543681574 -0.046064592290370986 -0.041323906261326399 0.025163820635930673 -0.043555127118828196 -0.087426950140004997 -0.092474403190890647 0.016922037129251204 0.023590802859070736 0 0.037123550805964911 0 -0.085764236074349756 0.029430317394200038 0.0082861044192159682 -0.093666045297774919 0 -0.094047684505901868 -0.033460284905193281 0.022678102149459371 0.019955253148872771 -0.09357384776021696 0.017029119113560667 -0.085181748167080518 0.017867855886826264 0.040836987751586319 -0.0046211778549398227 0.015334844781889402 -0.032728428514017673 0 -0.079943489161761527 -0.0049961768798999356 -0.10489307330211471 -0.0093184893291935952 0.03377321697711589 0.014106264867654933 -0.089528337229394253 -0.029233804768957507 -0.099012896574903989 0.020491906303434188 -0.11392155546697331 0.0036836249545182105 0.025281978920183659 -0.093000506857997628 -0.093846739845047294 0.0073315219751397516 0.017443579293358543 -0.06911253745585362 -0.10712307534548618 0.018834718893398755 0.041479421664819438 -0.074055664045829694 0.032287546338539308 0.028574602735925003 0 0.04069771774111991 -0.067691373510392894 0.027742167450252257 0.00069237707483255084 0 0.02789547826523894
leaf_weight=6.8058740491978815 16.765035904129036 8.9870229912921769 3.874997471459209 8.0981191659811902 5.1781748628709456 11.184749560896309 3.3680482935160425 5.7407293915748587 14.363359685987236 1.3453097343444813 20.252934109419584 12.519823245704172 17.17183524928987 74.931720606982708 9.9230925217270869 15.622802482219411 33.880161166191101 16.346567304804921 15.781593988649545 11.255702878348531 22.819630209356546 24.661203438183293 12.721786160022019 6.1953519377857429 5.3662457931786776 107.67437269445509 8.3119417540728993 21.437542892992496 2.9168523055268443 2.2318232804536819 8.7696038009598833 12.954285956919191 12.818123955279587 2.396530727739445 83.298584740608931 10.642221812624483 6.1268893685191861 2.2576394304633132 5.1020794026553622 4.2735194973647594 4.3543532383628172 3.2175388187170011 56.124129219911993 5.9861842771060765 4.6486427169293192 14.081676021218298 12.768887016922237 4.119702845811843 4.9603775143623379 17.333951474633068 201.23435307457112 4.4212489197961977 27.833051132038239 272.57882092427462 13.77794504072517 71.929346971213818 4.9744853600859669 14.964565701782702 21.498926007421687 27.512667398899794 49.225486503913999
leaf_count=52 630 282 86 60 197 74 20 4 14 1 16 22 119 80 15 127 58 98 70 12 32 171 16 45 5 61 20 30 76 2 62 27 85 94 57 10 39 15 27 3 26 3 59 40 26 18 13 33 32 18 516 27 22 309 33 39 28 13 51 46 48
internal_value=0 0.024112 0.0302883 -0.0266488 0.0340544 0.00963131 0.00614925 -0.0447394 0.00726334 -0.0285862 0.00860201 -0.000385357 -0.0347761 0.00434042 -0.0070132 -0.0492442 0 -0.0290663 0.0171104 0.0142204 0.0016586 -0.0230568 -0.0526301 0.0221811 -0.0267164 0.017984 -0.00479241 0 0.0365619 0.0147767 -0.0161231 0.022001 -0.0901877 0.0386316 0.0272641 0.0203837 0 0.0236641 -0.0148048 0.00725736 -0.0331703 0.022176 0.00637292 -0.0458511 0.0144725 -0.0112778 0.0289935 0 0.0128044 -0.00374199 0.0402696 -0.0352982 0.0203666 0.0261949 0.0270695 0.035544 0.0275054 0 0.0297942 0.032512 0.0191982
internal_weight=0 249.451 224.588 24.8632 215.601 1264.47 902.982 16.9255 886.056 28.5268 857.529 321.363 41.9774 279.385 166.486 25.5459 140.94 50.2267 90.7133 536.167 183.134 60.2026 37.383 112.899 11.5616 361.487 51.5787 24.8056 210.423 122.931 20.0253 102.906 14.1634 206.548 96.2529 353.033 48.6742 304.359 15.7443 44.7729 8.62787 309.909 84.0582 9.20372 74.8544 18.7303 101.338 16.8886 42.5473 22.2943 203.631 6.65307 36.145 288.614 286.357 84.4492 225.851 19.9391 205.911 184.413 76.7382
internal_count=4314 1941 1251 690 969 2373 1857 78 1779 100 1679 774 169 605 448 142 306 156 150 905 406 219 187 157 50 516 123 50 772 187 74 113 86 686 84 499 105 394 37 71 29 393 146 43 103 44 107 46 66 50 610 29 42 357 342 61 247 41 206 155 94
is_linear=0
shrinkage=0.0493048


Tree=90
num_leaves=62
num_cat=0
split_feature=47 99 91 64 98 67 95 92 60 88 74 47 97 65 54 14 68 47 65 61 60 64 29 90 68 91 7 85 64 64 62 81 102 16 65 45 56 61 68 49 61 64 64 86 12 65 74 79 58 64 99 64 64 2 64 64 67 63 60 55 64
split_gain=16.1702 17.3758 17.9361 32.6246 21.7486 16.2874 15.8148 13.2309 33.6308 26.2443 28.7397 17.1054 13.1549 12.9309 12.7134 11.8517 11.7182 29.4946 20.6135 12.7743 12.3588 24.0835 74.843 24.8717 18.2435 20.8298 16.4176 11.559 10.2835 15.5138 34.6475 10.1478 19.7343 12.7816 14.3014 9.46459 8.83189 8.77123 8.1389 8.1185 7.9986 7.93888 7.84661 7.54597 7.53799 9.77246 5.97281 10.3377 14.5353 13.8775 5.5585 5.00084 4.85133 4.75973 6.12352 11.2616 4.58594 5.42428 4.10332 5.65587 4.97964
threshold=35.250000000000007 -1.2534500000000006 -0.064583333333333284 13.250000000000002 -0.35275000000000029 1429.0000000000002 0.39999999999999974 -1.0000000180025095e-35 0.14739304812834222 14.500000000000002 0.95000000000000007 37.350000000000001 2.5239499999999997 1.5000000000000002 38.45000000000001 1.0000000180025095e-35 398.00000000000006 35.650000000000013 10.500000000000002 0.14976635514018691 0.04784798534798531 16.450000000000003 2.5000000000000004 0.14835164835164832 1106.0000000000002 -0.060661764705882339 18.500000000000004 52.500000000000007 18.850000000000005 6.4500000000000011 6.5000000000000009 1.4500000000000002 0.2614551183003952 1.5000000000000002 1.5000000000000002 12.500000000000002 0.62019230769230782 0.059411764705882351 516.50000000000011 0.4494949494949495 0.40161290322580651 2.9500000000000006 8.5500000000000025 -954.99999999999989 1.0000000180025095e-35 2.5000000000000004 0.65000000000000002 3.5000000000000004 -6.4999999999999991 6.2500000000000009 -1.6841499999999985 3.8500000000000001 3.3500000000000001 1.0000000180025095e-35 36.050000000000004 5.1500000000000012 1032.5000000000002 14.500000000000002 0.044346116027531905 1.8500000000000003 6.1500000000000012
decision_type=2 2 2 2 2 2 2 2 2 2 2 2 2 2 2 2 2 2 2 2 2 2 2 2 2 2 2 2 2 2 2 2 2 2 2 2 2 2 2 2 2 2 2 2 2 2 2 2 2 2 2 2 2 2 2 2 2 2 2 2 2
left_child=5 31 3 4 36 28 13 8 9 11 -11 14 44 -7 -4 42 19 -18 20 37 24 23 -23 -22 25 -19 -26 -6 29 58 -31 32 33 38 -35 52 39 -9 51 -3 -41 -29 -12 -21 45 -13 50 -48 -49 -50 -40 -2 -10 -33 55 -55 57 -30 59 60 -1
right_child=1 2 7 -5 27 6 -8 16 35 10 15 12 -14 -15 -16 -17 17 18 -20 43 21 22 -24 -25 26 -27 -28 41 56 30 -32 53 -34 34 -36 -37 -38 -39 46 40 -42 -43 -44 -45 -46 -47 47 48 49 -51 -52 -53 -54 54 -56 -57 -58 -59 -60 -61 -62
leaf_value=-0.056752271031865802 0 0.01493499255945769 -0.083273821209860585 -0.072880483440153104 0 0 0.024281454565051021 0 0 -0.10749210295043056 0.033310875332779544 0.017063103018146061 -0.060408303956821369 -0.070048764687185974 0 -0.08054130740704267 -0.09238620668800307 0.022887091909226324 -0.054911974302450171 -0.034391414604680946 0.01330044889259739 -0.086531278344100349 0.042273670224674972 -0.060110773323463526 0.026976875187425729 -0.084424700413913506 -0.010930089767303967 0 -0.043610117408409733 -0.082331622284809031 0.02609279475918445 0.039332252075770367 -0.083695369028058117 0.0068254579976246644 -0.080493046693561804 0.036369212950398383 0.036344312816431953 -0.078144903705711963 0 -0.079420561469223327 0 -0.086758361888588417 -0.041644360541493626 0.033789525594166848 0.031808116246289105 -0.060194141795990933 0.029651475189859042 0.025319621356938098 0 -0.095950964593805518 0.039322158805187489 -0.061421500179977245 -0.063877571798790347 0.012899179139232348 0.033729615010372083 -0.091343434405678131 0.041823200545062424 0.031323685375950053 0.034127163469358519 0.02994976304261375 0
leaf_weight=5.0034340247511881 7.6867165192961675 17.263278227299455 9.8067221306264383 18.343461876036599 9.7683435436338204 8.560149088501932 20.366106584668159 6.0983000393025559 2.0586345195770255 15.295649393810889 10.960865855216982 10.047655094414948 5.2008034454192957 11.82758955308236 4.1886850725859395 4.6140028079971662 6.7683577416464678 6.2969881305471054 11.201874510967171 2.2675037046428761 248.61410795291886 25.077899211551994 18.01125536696054 11.216573727317153 220.43866176949814 8.5766758996760455 26.736063726246357 2.6138892173767081 3.3584076599217934 11.434450434986504 16.896965775638819 80.117199130356312 4.6546715842559925 7.8451805710792524 6.6522487509064376 45.23689557868056 28.632568309083581 4.1252003784757107 15.672039709053932 5.5657865554094297 2.5219558626413345 11.108804579824207 4.1127970544621339 106.7444482089486 34.980120682506822 5.7601906158961347 26.927545059937984 9.4088329002261126 6.1833744728937781 7.2599050158169121 67.190703619038686 3.6927522327750921 3.417663833592087 3.271245241165162 9.261278297752142 3.6995050795376301 110.91525084385648 6.8293940015137196 56.713276986032724 10.70423201844096 3.7495070062577724
leaf_count=19 11 20 93 323 21 11 28 42 1 131 6 13 100 113 17 46 58 4 606 29 375 275 5 67 310 85 114 4 49 80 17 53 31 11 65 35 21 77 30 29 2 71 50 142 51 100 32 8 15 64 40 39 33 1 21 28 128 4 50 7 3
internal_value=0 0.0091931 0.00593032 -0.0138189 0 0.0230981 -0.00293408 0.00828162 -0.00414988 -0.0207646 -0.0557716 -0.00147088 0.00886073 -0.0362048 -0.051587 -0.00916781 0.011215 0.00801966 0.00942034 0.0257875 0.0109192 0.00361894 -0.0298165 0.0096454 0.0188821 -0.0307031 0.0223727 -0.0393755 0.0283514 0.014976 -0.0133295 0.0207014 0.01199 0.0156013 -0.024779 0.0277802 0.0174221 -0.0199355 0.0205341 0 -0.0442145 -0.0685123 0.00458114 0.0312207 0.0184365 -0.00330823 0.0243433 0.00737635 -0.0134431 -0.0497946 0.0330289 -0.0129124 -0.0203897 0.0341553 0.000929939 -0.024848 0.0388593 0 0.0271372 0.000359302 -0.0216524
internal_weight=0 1213.2 953.673 95.8181 77.4746 266.359 40.7538 857.855 155.681 104.967 34.9833 69.9842 55.9888 20.3877 13.9954 19.6877 702.174 582.938 576.17 119.235 564.968 302.92 43.0892 259.831 262.048 14.8737 247.175 23.491 225.605 104.502 28.3314 259.523 163.174 158.519 14.4974 50.7132 53.9836 10.2235 144.022 25.351 8.08774 13.7227 15.0737 109.012 50.788 15.8078 132.642 49.7797 22.8521 13.4433 82.8627 11.3795 5.4763 96.3492 16.232 6.97075 121.103 10.1878 76.1705 19.4572 8.75294
internal_count=4314 3805 3356 491 168 509 152 2865 676 607 233 374 264 124 110 102 2189 1899 1841 290 1235 722 280 442 513 89 424 96 357 176 97 449 346 315 76 69 72 119 239 51 31 75 56 171 164 113 189 119 87 79 70 50 34 103 50 29 181 53 79 29 22
is_linear=0
shrinkage=0.0493048


Tree=91
num_leaves=51
num_cat=0
split_feature=64 66 48 100 64 83 31 46 40 64 101 48 1 64 94 63 20 88 56 64 102 60 68 103 72 49 101 98 49 47 100 39 64 7 75 64 86 102 95 40 64 67 95 94 42 7 38 86 90 60
split_gain=15.6175 29.3305 46.6784 18.364 17.2314 14.3164 10.9542 12.9901 18.5304 23.0014 29.0407 44.1858 34.0972 68.9171 25.3613 23.9804 14.8714 14.4045 12.9474 15.172 10.6934 10.2516 11.3718 9.20064 15.1331 14.5201 8.16132 7.31549 7.01657 6.0293 8.42711 5.46718 11.4347 5.26926 5.20451 5.82719 5.17977 4.71835 8.70601 4.49292 4.61783 4.23508 3.79706 3.53949 5.64805 4.84761 3.07236 2.11927 1.85454 1.58994
threshold=28.750000000000004 1404.5000000000002 0.65000000000000002 0.48279999999999745 28.050000000000004 -7.4999999999999991 16.500000000000004 14.500000000000002 36.350000000000001 3.2500000000000004 -0.34825000000000012 0.75000000000000011 1.0000000180025095e-35 5.7500000000000009 0.060661764705882353 2.5000000000000004 1.0000000180025095e-35 16.500000000000004 0.68990384615384626 11.850000000000003 0.11096486107688296 0.12829175329175327 644.50000000000011 0.65574378150061385 3.5000000000000004 0.12132352941176471 -1.1234999999999997 0.20785000000000053 0.12916666666666668 37.850000000000001 -0.99630000000000141 45.000000000000007 6.3500000000000005 26.500000000000004 0.12916666666666668 3.1500000000000008 -1092.4999999999998 0.21281029084349773 0.4500000000000004 39.350000000000001 2.3500000000000001 1035.0000000000002 -0.32999999999999929 0.064583333333333312 0.59166666666666679 12.500000000000002 7.5000000000000009 -983.99999999999989 -0.25833333333333325 0.020204081632653054
decision_type=2 2 2 2 2 2 2 2 2 2 2 2 2 2 2 2 2 2 2 2 2 2 2 2 2 2 2 2 2 2 2 2 2 2 2 2 2 2 2 2 2 2 2 2 2 2 2 2 2 2
left_child=4 2 28 20 5 -1 7 8 17 23 12 15 13 -11 -13 -12 -14 18 21 42 -3 27 -23 24 25 -10 -22 -7 -2 49 -31 33 -33 34 35 -9 -19 47 -39 40 -35 -28 -20 44 -36 -45 48 -25 -43 -8
right_child=1 3 -4 -5 -6 6 29 31 9 10 11 14 16 -15 -16 -17 -18 36 19 -21 26 22 -24 37 -26 -27 41 -29 -30 30 -32 32 -34 39 43 -37 -38 38 -40 -41 -42 46 -44 45 -46 -47 -48 -49 -50 -51
leaf_value=-0.068424519323911567 -0.02188578642948532 -0.029869460310787219 -0.060079205767020812 -0.040215677929169913 -0.082847002867400626 0.028020045507409858 0 0.016074031049705048 0 0.016825689609629796 0 -0.026340140545631611 0.016547610450580237 -0.06648505552074957 0.014571845963315865 -0.10586661180123963 -0.050748485370754888 0 0.02072115785306131 -0.084254496380685537 -0.019367986413159306 0.025670426566768597 -0.051019400376291726 0 0.01970354647186659 -0.13802306690806737 0 0 0.038026035601503715 0.022775964552200888 -0.06024162391362882 0.021727859169948165 -0.066197658214662419 0 0.035526054857056011 -0.061325297834706992 -0.064837772979549083 0.024689516294552766 -0.034011834229662738 0.011360267496582097 -0.088099606514845025 0.02192221822643942 -0.016807766238144329 -0.030624881895435017 0.0043922200447563337 0.028416476249955035 0.043999421957401676 0.036372376793310041 -0.01866571444310813 0.037526561492645029
leaf_weight=5.2663529869168988 2.7983577623963347 3.5317237089620894 23.660374935832806 6.2437364945653817 4.628700826317071 213.16338325664401 5.8307599518448106 5.6685999371111375 3.2197800055146244 50.808214753866196 7.7376419277861741 82.918749378994107 253.63835063297302 43.29562575602904 62.310254888841882 19.978987312410027 7.3692600335925809 1.5067929029464719 16.276585929095752 5.47307230439037 2.7536689015105358 7.3823492377996471 9.3121965918689948 8.1192569434642774 11.619948618113993 3.5536459237337112 1.6422518061008293 17.785923425108194 31.211861942894757 10.870710996910928 4.0521643031388512 9.6954113058745843 5.2645154185593119 1.517437495291232 111.60913109895773 3.3408134439960122 6.6618797313421947 20.318533781915907 7.8962012976407996 8.170553293079136 2.6830451292917132 7.6980719540733844 8.5388628598302585 5.6938162534497661 27.152347581461072 7.9068577140569687 150.97491632448509 67.694571994245052 2.2422110601328296 58.439700661692768
leaf_count=41 45 112 935 326 36 214 12 6 6 61 22 343 356 222 128 130 28 1 14 45 61 7 41 14 14 19 68 46 54 9 33 10 30 3 98 27 45 23 23 15 22 21 34 25 59 5 217 60 102 46
internal_value=0 0.0235144 -0.00515339 0.0336663 0.00906021 0.00951697 0.00996292 0.00855529 0.00598821 0.0011812 -0.00307942 -0.0197876 0.00470876 -0.0201935 -0.00793161 -0.0773436 0.0141649 0.0164814 0.0186983 -0.00890815 0.0371423 0.0225775 -0.00969069 0.0205702 -0.00653119 -0.0696769 0.0393319 0.0254495 0.029427 0.0283826 0 0.0206341 -0.00100086 0.0232124 0.0256802 0 -0.0435503 0.0265576 0.00383826 0 -0.0482621 0.0410948 0.00279833 0.027955 0.0303324 0 0.0420712 0.0333678 0.000267756 0.0349349
internal_weight=0 232.757 57.6706 175.087 1214.37 1209.74 1204.48 1125.28 936.58 650.479 528.057 172.946 355.111 94.1038 145.229 27.7166 261.008 286.101 277.932 30.2885 168.843 247.644 16.6945 122.422 18.3934 6.77343 165.311 230.949 34.0102 79.1933 14.9229 188.703 14.9599 173.743 161.372 9.00941 8.16867 104.029 28.2147 12.371 4.20048 162.557 24.8154 152.362 138.761 13.6007 160.915 75.8138 9.94028 64.2705
internal_count=4314 1941 1034 907 2373 2337 2296 2196 1896 1449 1290 623 667 283 471 152 384 447 401 93 581 308 48 159 39 25 469 260 99 100 42 300 40 260 220 33 46 120 46 40 25 408 48 187 157 30 340 74 123 58
is_linear=0
shrinkage=0.0493048


Tree=92
num_leaves=62
num_cat=0
split_feature=64 38 67 94 7 83 101 31 46 40 64 101 48 1 64 88 56 66 63 88 20 79 56 64 100 98 68 80 42 49 103 72 49 64 103 102 42 58 64 89 61 47 65 86 102 95 68 63 75 64 64 58 15 65 68 68 95 95 67 86 60
split_gain=14.8412 27.6331 22.1629 16.4318 14.8636 13.1499 12.3462 10.9188 11.9408 16.9859 22.1966 25.6232 40.3039 30.5739 63.4145 27.3351 23.4441 33.0277 22.2812 15.0868 13.3699 13.7429 12.1329 14.1107 11.3171 9.55195 25.3853 21.3788 9.36307 9.29007 8.52565 13.4799 12.5976 8.48408 10.5051 5.96993 5.70526 12.4428 20.9892 7.41299 19.4775 5.67609 7.17608 5.49261 4.52305 7.92661 15.9942 3.64237 11.4625 20.8054 5.04047 3.62845 5.0112 3.2493 2.89318 5.38993 2.5057 2.31232 1.91091 1.81876 1.49147
threshold=28.750000000000004 7.5000000000000009 1032.5000000000002 0.12916666666666668 35.500000000000007 -7.4999999999999991 -1.1234999999999997 16.500000000000004 14.500000000000002 36.350000000000001 3.2500000000000004 -0.34825000000000012 0.75000000000000011 1.0000000180025095e-35 9.6500000000000004 11.500000000000002 0.12916666666666668 1656.5000000000002 2.5000000000000004 16.500000000000004 1.0000000180025095e-35 9.5000000000000018 0.68990384615384626 11.850000000000003 -1.1219999999999997 -0.2171999999999982 644.50000000000011 36.550000000000004 0.24038461538461539 0.12916666666666668 0.65574378150061385 3.5000000000000004 0.12132352941176471 16.250000000000004 0.49071308882720649 0.11096486107688296 0.25833333333333336 -4.4999999999999991 10.350000000000003 495.50000000000006 0.14218328840970348 37.850000000000001 3.5000000000000004 -1092.4999999999998 0.21281029084349773 0.4500000000000004 335.00000000000006 9.5000000000000018 0.38675213675213677 3.4500000000000006 4.7500000000000009 10.500000000000002 3.5000000000000004 2.5000000000000004 1492.5000000000002 1611.5000000000002 -0.77999999999999925 -0.070000000000000534 1429.0000000000002 -1029.4999999999998 0.037175234936428908
decision_type=2 2 2 2 2 2 2 2 2 2 2 2 2 2 2 2 2 2 2 2 2 2 2 2 2 2 2 2 2 2 2 2 2 2 2 2 2 2 2 2 2 2 2 2 2 2 2 2 2 2 2 2 2 2 2 2 2 2 2 2 2
left_child=5 3 -3 -2 6 -1 -4 8 9 19 30 13 18 14 15 -12 28 -18 -13 22 24 -22 25 51 -15 33 -27 -28 -14 -8 31 32 -11 34 -7 -31 47 59 39 40 -39 60 -43 -21 57 -46 -47 50 49 -49 -10 52 -24 -41 56 -56 -37 -32 -51 -38 -9
right_child=1 2 4 -5 -6 7 29 41 36 10 11 12 16 20 -16 -17 17 -19 -20 43 21 -23 23 -25 -26 26 27 -29 -30 35 44 -33 -34 -35 -36 54 37 38 -40 53 -42 42 -44 -45 45 46 -48 48 -50 58 -52 -53 -54 -55 55 -57 -58 -59 -60 -61 -62
leaf_value=-0.067028426436921376 -0.057629177419246107 -0.043782331952312514 -0.038986227356158386 0.023235430527801373 -0.041547390548863999 -0.0046691773396478117 -0.029655712862457884 0 0 0 -0.092945226244151233 0 -0.02276351257463867 -0.0068608991034208216 -0.098604962456492584 0.010485064833251241 -0.045441125793194585 0.01058073289217437 -0.10241633020626055 0 -0.10139652638131429 0.0044377176237699496 0.0072522444448189193 -0.080515729306105885 0.019877972506891165 0.03661533948179755 -0.10442797207191742 0 0.030641236716026945 -0.005194703387465565 0 0.019055207976041225 -0.12718433464740908 0.040180707001667093 0.026078713663400539 0 0 0.018629120971412776 -0.075499061678162879 0 -0.086599139066333305 -0.064500840933376019 0.018487295624582567 -0.067257566741468239 0.023965982508505661 0.0065011616593390401 -0.11424318175369075 0 0.029395711265099097 -0.23704552787421881 0.039808035258390925 0.030862058494961382 -0.043354099394589521 0.034264649228561962 -0.032485143461221229 0.031476488678568865 0.043197945303518968 0.035515929576224944 0 0.03709542541958858 0.037421588357442311
leaf_weight=5.115482408553361 15.259190987446347 8.2145323373842967 3.6389263542368999 7.4765081667574114 4.7859536145115262 32.081267351284623 2.7779714121716088 7.5594087708741418 9.4216944556683284 3.2197800055146244 6.7922577541321507 7.7376419277861741 7.2656475007534018 39.17249983549118 19.565420571248978 67.998666157945991 59.934476668946445 39.421827076002955 19.643355477135628 1.5067929029464719 4.892595635727047 2.6948554515838623 9.2744437530636841 5.6055782586336127 212.8255058946088 27.006088869646192 7.0688762292265919 19.652115423232317 39.335294648306444 2.2329188568983218 6.840069241821765 11.428937554359434 3.6661746352910995 80.20958428317681 77.222248382866383 0.85298451280686904 8.8008638694882375 9.293326245620845 8.7719216891564411 9.753410570323469 6.4260645657777777 3.2178961485624304 11.421888894401489 6.7985244840383512 19.911311563104395 4.4738264977931959 3.5549703687429428 3.0756512284278896 16.382747743278742 1.1978092668578031 61.715528185945004 8.8466513305902463 6.4575221901759496 19.992748204618692 3.4698601460549954 9.8657800904475152 165.80637552775443 66.90330221131444 1.0906561678275464 29.514036308974028 54.883540824055672
leaf_count=41 638 282 86 52 197 67 76 17 19 6 37 22 39 94 154 94 320 78 130 1 28 1 18 47 271 17 42 56 44 94 14 14 19 48 82 33 16 12 74 20 36 17 25 47 23 4 19 4 17 15 44 3 27 16 85 22 376 60 9 23 42
internal_value=0 0.0230857 0.0291929 -0.0255813 0.0329419 0.00875081 0.0354979 0.00918241 0.00778421 0.00531779 0.000716314 -0.00343939 -0.0190937 0.00387693 -0.0196392 0 -0.00782965 -0.0219661 -0.0745179 0.0154471 0.0129052 -0.0476401 0.0177702 -0.00892131 0.0152277 0.0215943 0.000742997 -0.030865 0.0196379 0.0376419 0.0200084 -0.00582999 -0.0649926 0.0268484 0.0159181 0.0393554 0.0194669 0.00875116 -0.00450109 0.00651032 -0.016589 0.0277725 0 -0.0458817 0.0258852 0.00347797 -0.0317965 0.028799 0.00382671 -0.0509223 0.0346805 0.00244377 -0.00568203 0.0228977 0.0405996 0.00549303 0.0426611 0.032684 -0.166744 0.0307405 0.0342477
internal_weight=0 224.381 201.645 22.7357 193.431 1196.64 188.645 1191.53 1114.44 929.008 647.278 527.28 173.338 353.942 94.3563 74.7909 145.957 99.3563 27.381 281.73 259.585 7.58745 273.424 30.1842 251.998 243.24 53.7271 26.721 46.6009 185.006 119.998 18.3149 6.88595 189.513 109.304 182.228 185.436 92.5524 54.2375 45.4655 15.7194 77.0827 14.6398 8.30532 101.683 27.9401 8.0288 92.8841 21.7469 5.36412 71.1372 24.5786 15.732 29.7462 179.995 13.3356 166.659 73.7434 2.28847 38.3149 62.4429
internal_count=4314 1941 1251 690 969 2373 772 2332 2231 1926 1471 1312 633 679 285 131 481 398 152 455 394 29 407 95 365 312 115 98 83 686 159 39 25 197 149 610 305 197 158 84 48 101 42 48 120 46 23 108 45 28 63 48 45 36 516 107 409 74 24 39 59
is_linear=0
shrinkage=0.0493048


Tree=93
num_leaves=62
num_cat=0
split_feature=95 41 64 71 85 60 64 55 102 64 57 38 4 52 60 95 60 103 57 64 49 93 64 95 83 7 7 67 64 83 98 73 63 15 99 64 11 97 52 73 64 86 75 48 98 100 64 15 61 89 103 79 53 48 27 84 48 49 45 67 26
split_gain=14.0642 12.8824 21.3633 70.0425 20.5924 22.432 13.6227 25.9251 13.8253 38.2193 13.8415 29.9192 18.1458 14.5536 17.733 20.0107 16.0046 13.0298 12.0741 15.0796 10.8929 15.1304 10.8538 24.3934 9.5186 10.9559 8.88739 17.8011 24.9662 18.2159 12.1746 11.4665 25.1432 11.1883 8.63503 8.29437 8.13411 8.08783 9.86587 7.76355 12.3566 7.63976 7.45257 7.28069 13.7049 6.43306 6.10066 5.73786 10.4502 6.35174 5.92366 8.00026 11.6553 5.34761 4.79609 4.57261 4.0258 3.73073 3.66863 3.65777 3.25673
threshold=-0.15999999999999973 2.1500000000000008 23.350000000000005 135.00000000000003 56.500000000000007 0.11078811369509041 20.550000000000004 2.8500000000000001 0.29301000118622356 4.9500000000000011 -1.0000000180025095e-35 55.000000000000007 3.5000000000000004 15.500000000000002 0.033150183150183109 0.27000000000000074 0.056470900876959808 0.37147375848455477 -2.7499999999999996 9.9500000000000011 0.32291666666666669 -0.13809523809523802 26.450000000000003 -0.77999999999999925 -0.14999999999999999 13.500000000000002 29.500000000000004 1088.0000000000002 14.15 0.95000000000000007 -1.4012499999999972 36.350000000000001 8.5000000000000018 8.5000000000000018 0.15950000000000134 2.4500000000000006 1.0000000180025095e-35 -0.84109999999999718 35.000000000000007 37.050000000000004 2.6500000000000008 -1169.4999999999998 0.46410256410256417 0.95000000000000007 -0.35275000000000029 0.18635000000000088 5.0500000000000007 1.0000000180025095e-35 0.18441295546558703 431.50000000000006 1.5504836022990338 7.5000000000000009 15.500000000000002 2.3500000000000001 1.0000000180025095e-35 1.0000000180025095e-35 0.55000000000000016 0.62019230769230782 8.5000000000000018 1555.5000000000002 1.0000000180025095e-35
decision_type=2 2 2 2 2 2 2 2 2 2 2 2 2 2 2 2 2 2 2 2 2 2 2 2 2 2 2 2 2 2 2 2 2 2 2 2 2 2 2 2 2 2 2 2 2 2 2 2 2 2 2 2 2 2 2 2 2 2 2 2 2
left_child=22 2 6 -4 18 -6 7 8 10 -10 11 12 17 14 15 -12 -16 -2 19 39 -8 -22 26 -24 25 -15 27 33 29 31 -31 32 -29 55 -35 -14 47 57 41 58 -41 -39 54 -25 -45 -44 -38 48 -20 -50 60 52 -52 -53 -28 -1 -26 -33 -3 -34 -49
right_child=1 4 3 -5 5 -7 20 -9 9 -11 13 -13 35 24 16 -17 -18 -19 36 -21 21 -23 23 43 56 -27 42 28 -30 30 -32 37 59 34 -36 -37 46 38 -40 40 -42 -43 45 44 -46 -47 -48 50 49 -51 51 53 -54 -55 -56 -57 -58 -59 -60 -61 -62
leaf_value=0.038238026354119943 -0.071140910122633044 0.0354742620719804 -0.069583386710984838 0.033449143580384644 -0.085925133685788996 0.0066190028587283485 0.041811083957357852 -0.086179957443566629 0.012144480884364825 -0.10029481371155638 -0.002798226940773673 -0.085720812839920738 0 0.013449951514050264 0.03215784719934852 -0.10370001854978383 -0.0014547330091195215 0.0096024992995919177 0.02476481737256836 -0.066148465894456471 0.034502841235702103 -0.061031195675795541 -0.05072818061173253 0.043197504406607107 0 -0.053866830870979571 0 -0.11498202468663565 -0.081466128484465147 0 -0.084724018313552266 0.037957282054123652 -0.012228632319408159 -0.081127258011331541 0.0005513727962902957 -0.082207014750157861 0.0093970842302095528 0 0.023625538714269496 0.0094651232276253047 -0.092375976298449985 -0.073691096597753969 -0.063955366457170246 0.027345728585365429 -0.051556580675729449 0.0086029222052992644 -0.052185846104461163 0.042156700261207797 0 -0.070227207339297409 -0.064297003177857373 0.029556566893386253 0.022415002744057524 -0.0049933614029761611 0.033305833116021588 0 0.03117662791314493 0 0 0.030561211466245609 0
leaf_weight=52.8094786782749 4.7391828503459683 20.166253924369816 36.154934430378489 26.973791926866397 9.4929520864971 13.026904034893958 43.76950732152909 7.5281868092715731 17.230113901197914 11.092874974943696 21.914340477436784 10.254361044615505 2.3680306226015082 29.193095810711384 49.633058629930019 7.3436870081350198 92.040153331123292 137.09571315161884 18.869430901831951 7.633218459901399 9.3049096614122409 6.8558893795125178 7.2911935425363472 97.809068852104247 17.644178196787834 7.3224929347634307 7.707305170595645 5.2580853216350105 9.8493304811418039 3.2989050745964041 9.3615589961409551 37.341251126024872 7.0594622939825049 3.7641354156658036 4.4060697928071022 8.7229144163429719 8.8525558747351152 1.9458857774734495 9.5153827145695669 4.2869602814316732 4.0881532244384289 6.8546856828033942 3.8032407034188491 30.926630856702104 5.6719803258310995 5.9286083020269871 5.24172299937345 94.296440499136224 1.8382175317965437 5.8990209168987349 6.513694338151252 64.868309749290347 6.2530805869027972 6.0326191426720461 79.120527713559568 13.486119028180836 128.2431657705456 12.761464646086095 7.6503426879644385 8.5253438241779786 7.8019733799155793
leaf_count=44 27 14 966 71 119 33 24 46 23 63 48 52 3 39 47 56 193 241 92 109 3 53 193 75 32 28 19 30 90 5 59 34 18 25 10 55 12 1 8 6 27 45 29 72 161 12 110 104 6 91 113 104 6 59 78 40 108 25 20 7 31
internal_value=0 0.0072771 0.003298 -0.0235964 0.0160296 -0.0269494 0.0062751 0.00359321 0.00506716 -0.0275756 0.00709955 -0.00421468 0.000455613 0.0126766 0.0015425 -0.0324605 0.00944834 0.00601166 0.0200734 -0.00102127 0.0289037 0 0.0184529 0.0302195 0.0224266 0 0.0121146 0.0049624 -0.00662117 0 -0.0546021 0.00848897 -0.0207722 0.0240132 -0.0221036 -0.0592206 0.024704 0.0192255 -0.00315977 0.00933151 -0.0256326 -0.046175 0.0246152 0.0355473 0.0116866 -0.00714463 -0.00477529 0.0272463 0.000603293 -0.0421709 0.0303922 0.0177246 -0.0121655 0.0248629 0.0296079 0.0315797 0.0280604 0.0298855 0.0243419 0.00323297 0.0395463
internal_weight=0 968.236 675.425 63.1287 292.812 22.5199 612.296 552.366 544.837 28.323 516.514 163.18 152.926 353.334 170.931 29.258 141.673 141.835 270.292 43.8249 59.9303 16.1608 424.496 141.699 182.403 36.5156 282.797 186.237 111.771 101.922 12.6605 89.2616 20.8429 74.4658 8.17021 11.0909 226.467 68.4187 18.316 36.1917 8.37511 8.80057 96.5597 134.408 36.5986 9.73185 14.0943 212.373 26.6067 7.73724 185.766 83.6677 12.7668 70.9009 86.8278 66.2956 145.887 50.1027 27.8166 15.5848 102.098
internal_count=4314 3234 2178 1037 1056 152 1141 1061 1015 86 929 378 326 551 344 104 240 268 904 176 80 56 1080 501 207 67 579 441 322 232 64 168 55 119 35 58 728 113 54 67 33 46 138 308 233 41 122 606 189 97 417 282 119 163 97 84 140 59 34 25 135
is_linear=0
shrinkage=0.0493048


Tree=94
num_leaves=62
num_cat=0
split_feature=64 66 48 100 64 83 21 79 52 101 52 88 57 100 83 63 59 65 91 75 56 95 45 71 97 95 83 45 55 5 3 89 98 53 67 66 64 84 14 101 98 95 4 57 100 86 86 102 95 78 86 68 15 38 103 7 7 99 103 41 7
split_gain=13.5306 25.9979 40.2045 16.045 14.5832 11.0708 12.2153 9.84532 16.4125 16.5956 22.9219 16.4825 21.7909 21.6274 17.2873 13.4497 24.6677 12.5705 11.1011 22.6046 10.8302 17.3234 14.3443 10.6961 10.4639 10.384 10.0041 9.51617 7.76952 15.7074 12.0484 7.58465 16.5314 7.5252 7.33235 9.7098 10.6882 8.48439 10.2853 7.12258 5.33953 4.38033 4.35832 10.8049 4.98919 5.15885 4.36922 4.24997 3.73346 3.36351 6.64452 2.82817 1.99115 1.74823 1.87895 1.53135 1.52634 1.06596 1.03518 0.787402 0.203323
threshold=28.750000000000004 1404.5000000000002 0.65000000000000002 0.48279999999999745 28.050000000000004 -4.2499999999999991 1.0000000180025095e-35 2.5000000000000004 8.5000000000000018 -1.5194000000000043 115.00000000000001 15.500000000000002 2.7500000000000004 -1.5222000000000049 -2.3499999999999992 3.5000000000000004 -15.499999999999998 2.5000000000000004 -0.087121212121212085 0.74166666666666681 0.85164835164835173 0.40499999999999975 5.5000000000000009 25.000000000000004 -2.8503000000000003 0.16999999999999993 -1.8499999999999999 7.5000000000000009 0.45000000000000007 2.5000000000000004 16.500000000000004 483.50000000000006 -1.5018500000000008 6.5000000000000009 1375.0000000000002 1299.0000000000002 2.4500000000000006 0.36666666666666675 1.0000000180025095e-35 -1.1234999999999997 -0.51024999999999909 0.48000000000000081 4.5000000000000009 -1.0000000180025095e-35 0.24030000000000126 -128.49999999999997 20.500000000000004 0.11096486107688296 0.19999999999999893 8.5000000000000018 -771.49999999999989 1134.5000000000002 1.0000000180025095e-35 7.5000000000000009 0.49652121334900717 1.0000000180025095e-35 1.5000000000000002 0.28640000000000404 2.4425676528328455 1.6500000000000001 8.5000000000000018
decision_type=2 2 2 2 2 2 2 2 2 2 2 2 2 2 2 2 2 2 2 2 2 2 2 2 2 2 2 2 2 2 2 2 2 2 2 2 2 2 2 2 2 2 2 2 2 2 2 2 2 2 2 2 2 2 2 2 2 2 2 2 2
left_child=4 2 33 27 5 6 -1 15 11 10 24 12 13 17 -15 16 -7 -9 19 26 22 25 -20 -24 -10 -22 -11 -3 56 30 -30 40 -33 -2 42 36 -36 48 57 -29 -18 52 44 -44 45 -17 -47 -41 -37 50 -46 -31 -14 54 -49 -21 -13 -39 -53 -50 -58
right_child=1 3 -4 -5 -6 7 -8 8 9 18 -12 28 41 14 -16 34 31 -19 20 55 21 -23 23 -25 -26 -27 -28 39 29 51 -32 32 -34 -35 35 37 -38 38 -40 47 -42 -43 43 -45 49 46 -48 53 59 -51 -52 58 -54 -55 -56 -57 60 -59 -60 -61 -62
leaf_value=-0.076913356117493559 -0.024269154297417852 -0.026600646320312636 -0.05901431949486019 -0.038064969167403262 -0.077177405099081123 -0.099015662902368379 0.012638047099177045 0.021850250034049133 0 0 0.022097690870294881 0.0338893358501932 0 0 -0.072888953155298211 0.039703690139103368 -0.0058167238305555482 -0.070838661492701641 -0.066184508753040633 0.028192915405120374 -0.047071834691604739 -0.08036284989784824 0.020764963314143993 0.005130434985390603 -0.082599676261676108 0.018087669968072328 -0.083592475875936878 -0.014771605552974741 -0.082484742920452228 0.030329348836464744 0 0.016271082799460174 -0.10682249744187162 0.038192289881079103 0.00016067463565086796 0.032884358961129401 -0.085100106381388013 -0.0016880323710976774 -0.083013087932377591 0 0.030627206480783098 0.028632809149231664 -0.06346870328310332 0.025029556606053851 0 0 0.026776772808625469 0.02423470221964551 -0.0093671734194733808 0.023057948081136551 -0.077976611444780811 -0.029673846898129269 -0.046117683793739324 0.043025844046370693 -0.015838570486223554 0 0.0098517573161786103 0.019129853169646688 0.0033252257261497478 0.012708361431286156 0
leaf_weight=7.6400231122970563 3.0713606970384744 3.3771416400559238 21.665618192637339 5.7853991333395234 4.516466505592688 6.1225385151337823 3.3490011487156153 16.670252479612831 2.0245488844811943 3.1260928791016331 10.018550276756285 23.371612528339028 1.6668717116117502 6.284024227410554 35.216340113198385 96.357666819356382 7.8868755102157584 4.4662683047354212 4.6415498442947856 11.131230691447856 7.1954634222201994 7.0440316270105532 367.42120085470378 183.39735297346488 14.05691226013005 28.367071364074945 11.619476380990816 2.5608940746169528 8.9366746889427287 15.302052970975639 5.8281022123992434 3.7490882612764835 4.1557055255398145 27.622293993830681 2.9773682057857496 36.398286478593946 5.4896777600515634 6.6777027174830454 3.9478660002350798 1.5248157158493985 25.196143592707813 18.088101739995182 4.459027266129854 13.00212561059743 6.3766553550958633 25.494275376200676 43.684253526851535 6.9222728582099062 6.333974488079547 10.637171896174548 3.0341002834029513 2.7840596986934534 2.6225377698428929 134.30720371368807 1.9592386358417568 6.8675402821972957 5.0584929604083282 6.9947049524635077 3.1312060654163361 8.358284345827995 5.7456906624138355
leaf_count=59 59 83 935 326 36 49 2 19 3 8 8 15 2 9 299 61 19 28 28 9 46 44 491 358 81 33 77 65 60 16 19 3 24 40 3 30 38 16 22 71 22 21 26 13 10 46 45 13 15 15 26 23 27 245 104 21 7 6 3 12 20
internal_value=0 0.0223811 -0.00572017 0.0325804 0.00821509 0.0086607 -0.0383865 0.00922471 0.0060699 0.00956372 -0.027586 -0.00791864 -0.0229317 -0.0384552 -0.059137 0.0166702 -0.00570483 0 0.0112993 -0.0149365 0.0129444 -0.00927317 0.0148729 0.0157858 -0.0662355 0.00137812 -0.0621629 0.0361266 0.00850435 -0.00469327 -0.0463154 0.00527289 -0.0329594 0.0278754 0.0208758 0.00574651 -0.0406113 0.0132852 -0.0117491 0.0384149 0.0181873 0.0149642 0.0260122 0 0.0282376 0.0310993 0.0173041 0.0402184 0.0243534 0 -0.0162792 0.0184475 -0.0136856 0.0413144 0.00142079 0.0169026 0.0260252 0 0 0 0
internal_weight=0 208.796 52.3593 156.437 1154.92 1150.41 10.989 1139.42 812.083 656.911 26.1 155.172 85.0144 62.6369 41.5004 327.333 47.1104 21.1365 630.811 32.7443 598.067 42.6066 555.46 550.819 16.0815 35.5625 14.7456 150.652 70.1579 35.9821 14.7648 40.9878 7.90479 30.6937 280.223 77.1779 8.46705 68.7108 17.6203 147.274 33.083 22.3775 203.045 17.4612 185.584 165.536 69.1785 144.714 51.0905 20.0479 9.41076 21.2173 4.28941 143.189 8.88151 17.9988 34.1758 13.6724 5.91527 14.6923 10.8042
internal_count=4314 1941 1034 907 2373 2337 61 2276 1775 1207 92 568 405 355 308 501 117 47 1115 115 1000 123 877 849 84 79 85 581 163 121 79 68 27 99 384 142 41 101 44 498 41 50 242 39 203 152 91 433 57 51 36 42 29 362 117 30 42 22 26 27 27
is_linear=0
shrinkage=0.0493048


Tree=95
num_leaves=62
num_cat=0
split_feature=47 81 81 80 64 95 95 3 64 99 39 91 71 71 67 95 55 102 82 14 29 65 89 58 99 64 58 63 56 68 61 56 15 64 89 66 86 64 98 66 61 63 91 67 86 45 71 67 47 91 60 85 103 86 100 89 64 84 64 75 63
split_gain=13.0514 14.1837 15.8809 30.2561 29.9055 15.7455 26.864 46.874 48.6978 30.3735 28.189 20.587 18.2504 16.8773 13.7674 13.0764 13.0274 18.8905 12.3643 11.3756 11.3102 10.9843 10.0009 9.35502 9.26455 15.8223 9.22945 10.9537 18.3616 23.452 26.5618 13.6795 10.7198 9.12423 13.8307 25.0889 8.44635 8.3451 7.89807 7.72023 8.03233 8.02495 7.04531 6.91878 6.73986 13.6046 6.56363 6.29771 6.13145 5.99206 9.01939 5.13472 10.6269 4.95159 4.8483 4.51503 5.08615 4.24192 4.61176 4.1951 9.5408
threshold=35.250000000000007 1.8500000000000003 0.25000000000000006 34.650000000000013 30.900000000000002 0.56499999999999995 0.050000000000000357 23.500000000000004 6.9500000000000011 3.2815000000000016 3.5000000000000004 -0.080128205128205079 9.5000000000000018 85.000000000000014 1429.0000000000002 0.39999999999999974 1.1500000000000001 0.22468189162560995 0.24264705882352941 1.5000000000000002 1.5000000000000002 1.5000000000000002 481.50000000000006 -2.4999999999999996 -1.0144000000000017 6.7500000000000009 -5.4999999999999991 8.5000000000000018 0.087121212121212113 446.00000000000006 0.30735492577597845 0.58578431372549034 12.500000000000002 18.850000000000005 460.50000000000006 1164.0000000000002 -762.49999999999989 14.65 2.3897499999999998 1197.0000000000002 0.16444249341527653 13.500000000000002 -0.074175824175824134 1037.5000000000002 -615.49999999999989 4.5000000000000009 25.000000000000004 703.50000000000011 37.550000000000004 1.0000000180025095e-35 0.055250305250305207 56.500000000000007 0.68778618780339384 -733.49999999999989 -0.9194000000000031 504.50000000000006 3.3500000000000001 0.36666666666666675 6.7500000000000009 0.36931818181818182 12.500000000000002
decision_type=2 2 2 2 2 2 2 2 2 2 2 2 2 2 2 2 2 2 2 2 2 2 2 2 2 2 2 2 2 2 2 2 2 2 2 2 2 2 2 2 2 2 2 2 2 2 2 2 2 2 2 2 2 2 2 2 2 2 2 2 2
left_child=14 2 20 -4 5 6 11 8 10 -10 -8 -5 36 19 33 21 17 24 23 -13 26 -16 59 -3 -7 -26 48 28 44 -30 -31 32 39 34 35 -1 -9 -24 -22 41 -41 -29 -34 -32 -28 -46 -14 -35 -2 51 -51 57 -53 -36 -52 56 -56 58 -20 60 -18
right_child=1 18 3 4 -6 16 7 12 9 -11 -12 13 46 -15 15 -17 22 -19 49 -21 38 -23 37 -25 25 -27 27 31 29 30 43 -33 42 47 53 -37 -38 -39 -40 40 -42 -43 -44 -45 45 -47 -48 -49 -50 50 54 52 -54 -55 55 -57 -58 -59 -60 -61 -62
leaf_value=0.011674298110100914 0 0.0061570166101413389 -0.098906644750806696 -0.069724826518506505 -0.056079916114861912 0.027788375698899418 -0.12376302872008201 0 -0.097765384044694273 0.016936961540880584 0.00010364118504850655 0.020032880448976807 0.038998893234075786 -0.058943377865536849 0 0.022075696243702789 -0.033052616517209775 -0.069356270514713506 0 -0.016310903390139169 -0.082861153044500521 -0.067526756320477763 0.011093293683539292 -0.057575916002809827 0.0096649702188887614 -0.064396386732623559 0.03843085529670643 -0.09427163862703862 0.011461734868602946 -0.10486214305944719 0.028361129777162663 0.036038375604060979 0 -0.016016613974946494 0 -0.098753610460595928 -0.067860280100744894 -0.06076957365677154 0 -0.037281222759482237 0.024226739012434186 0 -0.092724248088424999 -0.060076725142138021 0.025865641249760991 -0.097568507454500727 0 0.039692817845137944 0.039286034586333764 -0.063526398020773991 0.036366920230216572 0.02872938168377993 -0.0709912094252175 0.029549794117731558 0 0.025404628962752248 -0.058366253667662231 0 0.034464396922725155 0.039200876501001215 0.03584098082819849
leaf_weight=13.310634776949884 12.856337280245496 9.6556100354064274 7.3247178629972032 7.2348489454016081 20.78520495374687 29.588304609060284 4.6713090017437926 4.7375579141080362 35.275385143002495 4.5535375177860251 53.01004721596837 179.93096533813514 36.818107843399048 6.9718152545392504 8.0697469115257281 18.398069771472365 6.9772277977317598 8.9218920094426704 14.747388258576391 19.855404238915071 4.6460357795003793 10.929281370714305 45.068999004550278 8.0735393837094289 20.947025556117303 9.3898490522988123 21.579282011836771 3.0525996237993231 16.575871039647609 13.573831406072715 6.9139505079947394 60.851425908971578 1.5046919137239454 1.9049396703485388 12.944611104205249 6.8414303231984368 7.9461993146687746 4.0465821749530724 1.9296808829531071 4.2550703771412364 51.163773664273322 4.0474851410835981 4.3576421719044438 3.0775797215756029 6.0711242631077749 3.013602658174932 17.077609999105334 99.530644346727058 58.828294004546478 4.1815680583240491 12.592407588381322 7.5443502115085703 3.8507308168336749 62.584791257511824 1.9038606882095317 5.3529652643483132 5.7967314084526151 6.308816510718315 129.28906157554593 72.299545257817954 12.373733058571814
leaf_count=20 39 41 68 44 781 33 30 9 244 3 97 281 21 31 11 28 33 58 27 71 52 113 76 139 31 72 11 27 53 195 7 92 3 27 37 44 61 33 3 39 65 12 41 28 4 44 31 154 85 115 12 4 49 75 1 10 85 27 335 46 6
internal_value=0 0.00773016 0.00483862 0.000214608 0.00161762 0.00387293 -0.00184654 -0.0171245 -0.0392319 -0.0815291 -0.00784034 0.00928848 0.0133901 0.0126657 0.0210358 -0.00359408 0.014781 -0.00112851 0.0194858 0.0157965 0.0146224 -0.0349801 0.0234436 -0.0159204 0.00698929 -0.00921072 0.0165097 0.0101388 -0.00404563 -0.0274326 -0.060037 0.0188713 0.00176667 0.0263391 0.0132876 -0.0197583 -0.0357086 0.0026046 -0.044235 0.00949604 0.0172418 -0.033326 -0.0591532 0 0.0225153 -0.00165548 0.0272659 0.0374161 0.0325406 0.0234138 0 0.0271905 0 0.0237552 0.0138319 0 -0.0311375 0.029637 0.0314387 0.0332499 0.00457154
internal_weight=0 1103.4 894.104 615.806 608.481 587.696 378.083 164.09 97.5103 39.8289 57.6814 213.993 66.5795 206.758 234.514 37.3971 209.613 68.8471 209.297 199.786 278.298 18.999 140.766 17.7291 59.9252 30.3369 271.723 200.038 70.8052 40.1412 23.5654 129.233 68.3813 197.117 95.6815 20.1521 12.6838 49.1156 6.57572 62.5189 55.4188 7.10008 5.86233 9.99153 30.664 9.08473 53.8957 101.436 71.6846 191.568 29.8275 161.74 11.3951 75.5294 25.646 13.0536 7.70059 150.345 144.036 91.6505 19.351
internal_count=4314 3805 2960 2160 2092 1311 923 496 374 247 127 427 122 383 509 152 388 194 845 352 800 124 194 180 136 103 745 621 342 283 230 279 187 357 176 64 70 109 55 143 104 39 44 35 59 48 52 181 124 665 223 442 53 112 108 96 86 389 362 85 39
is_linear=0
shrinkage=0.0493048


Tree=96
num_leaves=37
num_cat=0
split_feature=64 64 64 67 38 56 31 64 40 38 85 78 83 39 72 56 97 14 13 92 13 54 67 60 101 89 85 47 67 64 102 67 100 68 66 66
split_gain=12.6046 14.7814 11.0431 17.3002 12.2332 10.7706 10.4128 12.492 10.3041 30.6817 26.881 30.9117 30.9681 16.2688 21.3615 13.7615 12.8749 11.3398 35.2309 13.3358 13.2452 24.09 12.9764 10.6488 9.90131 9.79248 8.06309 5.56628 6.0499 3.78167 3.65631 2.47853 2.01825 5.12913 1.20669 2.7182
threshold=230.25000000000003 58.650000000000013 28.750000000000004 1032.5000000000002 7.5000000000000009 0.93541666666666667 16.500000000000004 28.050000000000004 37.350000000000001 105.00000000000001 56.500000000000007 115.00000000000001 -2.3499999999999992 45.000000000000007 12.500000000000002 0.82575757575757591 -1.9690999999999972 1.5000000000000002 1.5000000000000002 0.18465909090909091 1.5000000000000002 37.45000000000001 180.50000000000003 0.19836065573770492 -1.1234999999999997 447.50000000000006 51.250000000000007 37.850000000000001 1209.0000000000002 235.90000000000001 0.11096486107688296 1209.0000000000002 0.12290000000000131 1611.5000000000002 1404.5000000000002 1089.5000000000002
decision_type=2 2 2 2 2 2 2 2 2 2 2 2 2 2 2 2 2 2 2 2 2 2 2 2 2 2 2 2 2 2 2 2 2 2 2 2
left_child=1 2 6 -4 5 -5 7 8 15 10 13 12 -12 14 -10 17 -17 20 19 -19 22 -22 -1 -15 -6 -20 -18 31 -29 -2 -26 -8 34 -34 35 -32
right_child=29 -3 3 4 24 -7 27 -9 9 -11 11 -13 -14 23 -16 16 26 18 25 -21 21 -23 -24 -25 30 -27 -28 28 -30 -31 32 -33 33 -35 -36 -37
leaf_value=-0.048307816905113321 0.045367782794682808 -0.044380792420268239 -0.045679384356628515 -0.053287575967057868 -0.035461391850568603 0.025958351180560248 0 -0.073917253457146975 0.0017598146141359495 -0.090610936561530561 0 0.025763335453463862 -0.088330102042504674 -0.083412323148159259 0.025265126665020277 0.016230329700075763 0 -0.1015362543871092 0.030187978817977367 0 -0.078167917628473096 0.012493686995061037 0.021114878311953515 0 0 -0.0081677335282404895 -0.077911106458217597 0.016938210099099849 -0.059201935931939717 0 0.032588586976729027 0.037592528879597263 -0.028693637274635954 0.033485699767445164 0.042409997348809132 0
leaf_weight=5.5708186570554963 31.433424693997949 11.651249257265588 7.2223434245679519 8.1456263640429807 3.2975716425571582 6.4413521843962362 8.0809916532598418 4.4067492273170492 339.95300728012808 8.4622279591858369 11.870099887251852 13.999420840293167 23.994397908914834 7.7540603838860971 137.4391833206173 6.3742549782618907 2.2829143516719332 10.722478333860634 32.881805085577071 2.2005800753831855 9.6292295418679732 22.131970696151257 368.01513992110267 2.3902853578329086 1.6484752905089397 24.411468956619501 10.357942373957483 10.120883008465169 3.330839892383664 1.4893657851498563 10.54266223870218 49.146034827455878 3.9546233002329219 8.2691846983507276 90.888312593568116 9.7758618649095279
leaf_count=20 13 1004 161 179 45 9 19 35 869 58 16 11 152 55 181 13 3 65 28 3 47 36 529 2 43 75 73 15 28 260 12 40 87 6 74 48
internal_value=0 0.00897233 0.00956288 0.0225563 0.0268831 -0.00981041 0.00770145 0.00630483 0.00676652 0.00182334 0.00351589 -0.0304818 -0.0559041 0.00725001 0.00878867 0.0119704 -0.0269832 0.0137912 -0.00305172 -0.0778246 0.0170155 -0.0111362 0.0197425 -0.0527295 0.0320223 0.0116812 -0.0585695 0.0265763 0 0.0410643 0.0348045 0.0332947 0.0360488 0.0032015 0.0385395 0.0150743
internal_weight=0 1277.36 1265.71 150.186 142.964 14.587 1115.53 1044.85 1040.44 545.863 537.4 49.8639 35.8645 487.537 477.392 494.579 19.0151 475.563 70.2163 12.9231 405.347 31.7612 373.586 10.1443 128.377 57.2933 12.6409 70.6787 13.4517 32.9228 125.079 57.227 123.431 12.2238 111.207 20.3185
internal_count=4314 4041 3037 664 503 188 2373 2271 2236 1344 1286 179 168 1107 1050 892 89 803 171 68 632 83 549 57 315 103 76 102 43 273 270 59 227 93 134 60
is_linear=0
shrinkage=0.0493048


Tree=97
num_leaves=62
num_cat=0
split_feature=46 64 64 13 31 64 40 73 41 92 64 1 15 88 67 79 31 7 17 47 67 1 71 12 42 49 12 64 90 60 41 99 102 65 61 19 61 60 48 64 74 7 101 80 82 95 42 79 99 102 102 19 95 42 3 45 90 3 15 64 12
split_gain=12.1772 15.1644 13.7287 19.3147 15.3135 19.1625 37.6721 35.882 34.601 31.0718 24.9735 19.892 14.6614 13.6096 13.0744 22.1558 38.0751 25.4602 13.6968 18.7812 13.0649 12.877 12.7088 10.7716 10.4425 10.0075 11.8474 13.0596 8.71729 10.713 15.8681 8.20045 32.4436 15.18 7.91267 7.37316 9.35289 8.7236 12.4565 6.81898 11.2671 6.68673 8.05494 6.00705 5.37634 5.3473 7.91009 11.3541 5.1972 9.8145 5.55504 4.9982 4.66914 4.45877 4.63671 4.3837 5.9876 3.94222 5.92952 4.74938 3.92525
threshold=14.500000000000002 53.45000000000001 21.950000000000003 2.5000000000000004 8.5000000000000018 3.7500000000000004 37.650000000000013 38.150000000000013 1.1500000000000001 0.059027777777777755 15.15 1.0000000180025095e-35 1.0000000180025095e-35 8.5000000000000018 974.50000000000011 6.5000000000000009 1.0000000180025095e-35 20.500000000000004 1.0000000180025095e-35 37.550000000000004 243.00000000000003 1.0000000180025095e-35 2.5000000000000004 4.5000000000000009 0.11805555555555557 0.63961038961038974 1.0000000180025095e-35 14.65 0.14835164835164832 0.016001024065540152 0.95000000000000007 -0.25345000000000073 0.20297530249171833 8.5000000000000018 0.11558704453441292 1.5000000000000002 0.090230664857530521 0.082333003813020764 1.8500000000000003 12.750000000000002 2.1500000000000008 33.500000000000007 1.0912000000000044 37.95000000000001 0.24264705882352941 0.13999999999999949 0.19375000000000003 3.5000000000000004 0.21454999999999913 0.16428807703604092 0.15183534906230603 1.0000000180025095e-35 -0.93999999999999939 0.48333333333333339 14.500000000000002 65.000000000000014 -0.064583333333333284 9.5000000000000018 11.500000000000002 4.6500000000000012 7.5000000000000009
decision_type=2 2 2 2 2 2 2 2 2 2 2 2 2 2 2 2 2 2 2 2 2 2 2 2 2 2 2 2 2 2 2 2 2 2 2 2 2 2 2 2 2 2 2 2 2 2 2 2 2 2 2 2 2 2 2 2 2 2 2 2 2
left_child=1 2 4 12 5 28 14 8 9 -8 11 -10 -4 -14 20 18 -17 -18 19 -16 23 -20 -9 -7 -11 35 27 53 29 30 -1 41 -33 -34 -30 37 60 44 -39 51 -41 -15 -43 57 -2 46 -31 -48 55 50 -50 -22 -51 -27 -55 56 -6 -38 59 -59 -37
right_child=25 -3 3 -5 48 6 7 22 10 24 -12 -13 13 31 15 16 17 -19 21 -21 39 -23 -24 -25 -26 26 -28 -29 34 45 -32 32 33 -35 -36 36 43 38 -40 40 -42 42 -44 -45 -46 -47 47 -49 49 52 -52 -53 -54 54 -56 -57 -58 58 -60 -61 -62
leaf_value=-0.095959384393711183 -0.02439360739091823 -0.045943975454585083 -0.049253036231693061 -0.060699390220589212 -0.0022524593726308433 -0.095439941962268973 -0.10468700127282339 0 -0.02374977401420093 0.026096169173443148 -0.07262301977386057 0.01777717175340392 -0.054010938732406984 0.036355739136452604 -0.031819246311289413 -0.099012640539674929 0.012212440141427427 -0.087199935956176075 -0.017184418790630096 0.018883261817660597 0.039863902618658353 0.030635933222643415 -0.092169577851901913 0 -0.064126126073103445 0.036885883210253552 -0.06682028704258014 -0.057873359948439784 0 0.026137225370368427 0.0046829960957747458 -0.066345111172826696 0.03806960151464768 -0.047745749451449902 -0.07646236090747191 -0.063198946751269178 0.041903895095599421 0 -0.096085691274940099 -0.056563851450234272 0.029630742951489774 -0.058719741732094259 0.029683114305486608 0 0.027239638239300597 0.031657910637181763 -0.068570621592919601 0.0045094300967002433 -0.00233512581160181 0 0.037864934257250515 0 -0.070952698008569348 -0.040293422809007183 0.022947068361062625 0 0.033902331312677295 0 0.024969780742084162 -0.079640688292852285 0
leaf_weight=4.4559820815920856 3.186136432690545 12.242108892067334 5.6525986461201674 6.3212905625114209 5.6534851137548676 3.7573988297954193 16.553932801587511 3.6958259516395655 38.443216329440475 9.137059008702634 10.910340762231497 93.795235842466354 4.1797539436956859 134.32189697539434 35.251325872261077 13.284954160451887 38.183136899955571 7.3644326720386735 12.961759520694612 33.350755363702774 63.321853496134281 79.418412729166448 20.586759298341349 3.9862410649657249 4.6203364729881278 20.623032442294061 5.7835126388818017 5.1330411619273937 4.4630701020359975 35.678050825372338 14.185274735093115 10.631568004377185 43.070640937192366 4.4296869500540188 4.3465930642560124 3.0304327714256933 99.401717335451394 8.6226461390033347 4.178678037133067 5.7787672244012347 9.9796671182848495 4.0493857446126622 6.2098641395568848 10.392541574314235 33.840126408729702 88.719267606735229 5.9254285842180279 25.200911093503237 7.7773424480110469 1.4467056989669824 14.696665965951977 15.191112093627451 5.4384870612993801 4.5000015255063754 7.3919667266309261 7.2157245948910704 79.377811580430716 1.406488537788394 23.910657295957208 2.4041006118059158 1.6200790405273435
leaf_count=24 46 1042 132 96 29 29 110 11 133 7 85 137 43 175 117 80 72 48 42 40 39 78 171 5 28 22 94 178 7 40 22 133 45 59 22 47 72 21 43 38 7 43 1 75 77 86 23 40 25 2 7 24 36 22 8 16 90 1 39 29 1
internal_value=0 0.007089 0.00783215 0.0190021 0.00471426 0.0017238 -0.0029082 -0.020013 -0.011301 -0.0591749 -0.00028372 0.00476173 0.0219668 0.0245213 0.00721622 0 -0.0254334 -0.00118639 0.00990017 -0.00536151 0.0218104 0.0225769 -0.0770295 -0.0327664 0 0.0199749 0 0.00865883 0.0155543 0.0184179 -0.0128473 0.0267627 0.00810692 0.0274224 -0.0268511 0.0248179 0.0307903 0.00527434 -0.025904 0.0276222 0 0.0334002 0 0.0335526 0.019423 0.0229668 0.00955384 -0.00547184 0.0209633 0 0.0184463 0.0335723 -0.0483868 0.0230319 0 0.0267616 0.0300368 0.0365052 0.012639 -0.0319267 -0.0239979
internal_weight=0 1055.26 1043.02 218.867 824.153 702.547 519.573 197.743 173.46 30.3113 143.149 132.238 212.545 206.893 321.83 219.815 58.8325 45.5476 160.982 68.6021 102.015 92.3802 24.2826 7.74364 13.7574 235.425 43.4316 37.648 182.975 174.165 18.6413 202.713 58.1319 47.5003 8.80966 191.994 142.166 49.8276 12.8013 94.2714 15.7584 144.581 10.2592 137.516 37.0263 155.524 66.8044 31.1263 121.606 29.3592 22.474 78.513 6.88519 32.515 11.892 92.247 85.0313 127.123 27.7212 3.81059 4.65051
internal_count=4314 3539 2497 727 1770 1565 1301 682 500 145 355 270 631 499 619 477 200 120 277 157 142 120 182 34 35 775 324 230 264 235 46 456 237 104 29 451 264 187 64 108 45 219 44 216 123 189 103 63 205 70 32 63 38 52 30 135 119 141 69 30 48
is_linear=0
shrinkage=0.0493048


Tree=98
num_leaves=43
num_cat=0
split_feature=64 64 64 67 7 101 31 64 93 52 38 56 61 62 68 86 60 59 75 55 38 46 40 56 7 64 15 47 65 103 49 64 102 64 102 47 62 67 19 88 82 86
split_gain=11.6242 12.9168 9.88261 15.5737 11.1167 10.3371 9.32477 11.1227 9.83824 13.1654 30.4788 30.1622 11.6877 21.6532 16.7862 11.4192 33.7047 10.8426 8.85587 8.46709 8.45304 8.11959 7.03125 6.86689 6.43107 11.7526 5.79333 5.21887 5.46802 4.41929 4.17631 3.87133 3.62318 3.56209 3.45481 3.0716 3.12394 2.30014 1.56052 2.36371 0.995169 0.906608
threshold=230.25000000000003 58.650000000000013 28.750000000000004 1032.5000000000002 34.500000000000007 -1.1234999999999997 16.500000000000004 28.050000000000004 0.10555555555555557 75.000000000000014 75.000000000000014 0.39444444444444454 0.26250347318699646 3.5000000000000004 1168.0000000000002 -587.49999999999989 0.12829175329175327 -149.99999999999997 0.42261904761904762 1.0500000000000003 7.5000000000000009 1.0000000180025095e-35 37.150000000000013 0.93541666666666667 9.5000000000000018 4.4500000000000011 1.5000000000000002 37.850000000000001 3.5000000000000004 0.75524830353996741 0.55050505050505061 2.1500000000000008 0.11096486107688296 235.90000000000001 0.12724736429653338 39.550000000000004 1.5000000000000002 1209.0000000000002 1.0000000180025095e-35 15.500000000000002 0.67708333333333337 -376.49999999999994
decision_type=2 2 2 2 2 2 2 2 2 2 2 2 2 2 2 2 2 2 2 2 2 2 2 2 2 2 2 2 2 2 2 2 2 2 2 2 2 2 2 2 2 2
left_child=1 2 6 -4 5 -5 7 8 9 10 15 -12 13 31 -15 17 -17 -1 30 24 23 -21 -13 -7 25 -20 29 37 -29 -14 41 -11 -22 -2 -28 36 -32 -8 -34 -40 -30 -10
right_child=33 -3 3 4 -6 20 27 -9 18 12 11 22 26 14 -16 16 -18 -19 19 21 32 -23 -24 -25 -26 -27 34 28 40 -31 35 -33 38 -35 -36 -37 -38 -39 39 -41 -42 -43
leaf_value=0 0.044955352461844532 -0.043237449977125329 -0.044001047901258056 -0.037332618169674876 -0.041451307309306996 -0.047670511857523405 0 -0.070638118597749183 0.015038928211450253 0 -0.094584302960555852 0.020886766679446032 0.01941515309225763 -0.041786462961329235 0.023610983299850868 0.0023830584035982759 -0.052407575978466001 0.019033124624599052 0.01305725026354383 0 0 -0.073867086903358081 -0.0381122385718239 0.026362888868288987 0.030749130722275066 -0.092379428663458996 0 -0.059294950203609836 0 -0.049738747840688248 0 -0.090142752506087359 0 0 0.038082871230830033 0.025867285551904602 -0.054161647951147647 0.03656157625622853 0.04180493554097299 0 0.028013967375413944 0.042356347155441079
leaf_weight=109.14917802042328 28.847058717510667 10.833666420541702 6.9182132770074523 3.763981243944726 4.2067524743033564 5.4868679444771242 8.0311064971610886 4.3098677366506299 21.720485453028232 1.4782259464263905 15.483072004280983 11.985311627388002 4.2714616730809203 10.371627043932675 57.292592320591211 382.7287718213629 29.224571589147672 174.99247140926309 5.7452601194381732 2.2046604156494123 1.5395753480261181 6.4032087570521981 8.123457867652176 5.932711481815204 20.488234127406031 3.3655167948454618 12.180677227675913 3.0970864333212367 3.9627282205037755 3.6524166986346245 2.5186073854565603 6.4657863755710423 6.9103982036467633 1.4243489215150464 67.802612682804465 7.0023524090647697 3.4951493102125823 46.366250528022647 96.639461685321294 9.4061798113398236 5.9585880786180496 42.134532378986478
leaf_count=309 13 1004 161 56 97 128 19 35 35 4 97 16 3 44 69 903 136 297 5 1 37 47 36 5 21 20 20 17 24 20 4 41 31 260 50 4 27 40 109 40 2 27
internal_value=0 0.00836507 0.00892513 0.0216613 0.0259931 0.0291499 0.00715219 0.00581184 0.00626342 0.00434009 0.00132777 -0.0428771 0.017056 0.0010783 0.011734 0.00376861 -0.00120606 0.0114178 0.0201393 0 0.0321341 -0.0421941 0 0 0.0132437 -0.0124927 0.0293785 0.0254674 0 0 0.029783 -0.0737599 0.0362627 0.0405002 0.0335347 0 -0.0213578 0.0321992 0.0375613 0.039224 0.0151458 0.0350235
internal_weight=0 1233.64 1222.81 140.804 133.886 129.679 1082.01 1014.59 1010.28 895.202 731.687 35.5918 163.515 75.6082 67.6642 696.095 411.953 284.142 115.078 38.2069 125.915 8.60787 20.1088 11.4196 29.599 9.11078 87.9072 67.4158 13.0184 7.92388 76.8711 7.94401 114.496 30.2714 79.9833 13.0161 6.01376 54.3974 112.956 106.046 9.92132 63.855
internal_count=4314 4041 3037 664 503 406 2373 2271 2236 2045 1794 149 251 158 113 1645 1039 606 191 94 350 48 52 133 46 25 93 102 43 23 97 45 217 273 70 35 31 59 180 149 26 62
is_linear=0
shrinkage=0.0493048


Tree=99
num_leaves=62
num_cat=0
split_feature=95 86 101 89 42 60 41 90 64 54 55 31 81 55 86 93 87 67 86 5 68 16 47 102 95 64 7 17 4 101 64 45 47 89 103 64 49 64 95 58 64 102 57 55 103 31 97 97 27 67 100 79 72 56 68 64 55 60 64 48 3
split_gain=11.4032 11.1865 19.7384 29.3543 21.8681 22.0188 34.2231 17.0231 15.7803 23.2166 29.061 35.6403 15.6286 14.409 19.734 12.8283 12.6224 10.9907 12.8693 9.98844 9.85907 26.1119 13.1765 10.3823 16.6185 13.3512 10.0103 9.68849 9.5834 11.4207 20.9349 10.592 20.615 14.037 9.31156 10.4637 18.986 9.02852 19.1563 8.43319 8.87423 7.84116 7.79661 13.6003 7.46074 7.06831 13.2064 15.0004 11.1455 8.7359 7.50556 9.56437 7.0159 11.7775 6.44703 19.8843 6.78249 12.4622 6.38981 6.19097 11.6455
threshold=-0.15999999999999973 -580.49999999999989 -1.1102500000000004 436.50000000000006 0.76696832579185525 0.11746550472040666 0.25000000000000006 -0.069047619047618983 3.4500000000000006 37.45000000000001 0.35000000000000003 18.500000000000004 1.1500000000000001 0.8500000000000002 -306.49999999999994 -1.0000000180025095e-35 10.500000000000002 601.50000000000011 -487.99999999999994 4.5000000000000009 1332.5000000000002 1.0000000180025095e-35 45.350000000000009 0.12773396575631787 0.50000000000000044 3.1500000000000008 1.5000000000000002 1.5000000000000002 1.5000000000000002 -0.92220000000000368 10.350000000000003 14.500000000000002 39.150000000000013 504.50000000000006 1.8713628923365311 4.3500000000000005 0.064583333333333312 26.450000000000003 -0.77999999999999925 4.5000000000000009 8.5500000000000025 0.21600360667229709 2.2500000000000004 1.5500000000000003 0.65574378150061385 10.500000000000002 -0.74825000000000219 -0.27684999999999949 2.5000000000000004 1714.5000000000002 -0.71439999999999759 2.5000000000000004 6.5000000000000009 -1.0000000180025095e-35 1332.5000000000002 10.65 0.35000000000000003 0.096269694161260425 3.8500000000000001 0.95000000000000007 8.5000000000000018
decision_type=2 2 2 2 2 2 2 2 2 2 2 2 2 2 2 2 2 2 2 2 2 2 2 2 2 2 2 2 2 2 2 2 2 2 2 2 2 2 2 2 2 2 2 2 2 2 2 2 2 2 2 2 2 2 2 2 2 2 2 2 2
left_child=37 19 12 41 5 8 -7 -6 44 10 15 -12 17 14 -11 -10 -8 58 -19 20 28 23 -23 -22 25 -25 -26 -15 29 30 34 39 33 -33 35 -2 -37 42 -39 -31 -41 -4 45 -44 -5 46 54 -48 50 -50 -49 -52 53 -30 55 56 57 -1 -3 -40 -61
right_child=1 2 3 4 7 6 16 -9 9 13 11 -13 -14 27 -16 -17 -18 18 -20 -21 21 22 -24 24 26 -27 -28 -29 52 31 -32 32 -34 -35 -36 36 -38 38 59 40 -42 -43 43 -45 -46 -47 47 48 49 -51 51 -53 -54 -55 -56 -57 -58 -59 -60 60 -62
leaf_value=-0.078338680846286771 0.0091991082296848988 0 0 -0.0089611528956626378 0 0.016009493510303199 0 -0.088128822092749068 -0.079413727281698765 0.0062729713675864955 -0.094463237593409938 0.0079946472115909641 -0.066280017169133926 0 -0.10092243079455074 0.016553319256931476 -0.098751068686433935 -0.059743053917282858 0.027104779071108212 -0.050513420028109469 0.029458817526464297 -0.097313037342450323 0 0.0031681494175762729 -0.039734187629561282 -0.076722145149267937 0.022501916079387271 0.032303198032565414 0.032776387458390968 0.032262009736596944 -0.080658869594677579 -0.0819421637482598 0.025178977858110862 0 0.026375894548066364 0.016688613128720112 -0.095689089097794958 -0.046678337458375324 0.041906528554383371 0.016437802198293563 -0.052153471558960794 0.038055273052806607 -0.075268471716796861 0.0014741328131555596 0.033473783976680743 0.034233936761006563 -0.071649428108843963 0.032305796091637216 -0.088849000899147101 0 0.017825585602462439 -0.060379226891304351 0.037514106738850285 -0.071425919350218262 0.027765050202742347 -0.064429946431284885 0.025558458435650102 0.012588813795818365 -0.077362289616390828 0.025229513471819395 -0.05544059434492106
leaf_weight=4.7335824705660334 11.424389723688366 2.8985064700245848 12.44148699287325 8.0848623625934106 11.216696993331427 10.317527744220572 1.718387365341189 16.20898538059555 3.8282896485179689 5.622027445351705 25.247563389595598 9.1117832520976645 4.7010137725155792 58.809437386575155 7.0039658062159997 24.880427352036349 18.330091251991689 3.4112638828810296 122.56616771605331 5.3942186104832208 36.745756990974769 9.3144113383023051 2.6503315493464461 4.2040419876575461 6.3806766467168918 11.489101528888567 38.46181633125525 34.732058198773302 7.3136423230171204 91.723398563917726 8.1054126264061761 10.488393284147604 21.657659981050529 4.846643353579565 24.648594642058015 3.6952965259551993 8.2157485820353013 6.407105693826451 78.698869891115464 19.11930029978976 5.9945112618152043 39.164486740715802 6.4935214123688665 21.743943828856573 37.748455163091421 38.160612227395177 8.3812446754891408 21.119394926354286 5.4170870827510944 1.7514470815658567 6.4146154597401637 6.1839471743442118 74.656952967401594 4.0306784869171661 71.046601946465671 8.3548560063354653 46.654257426038384 11.153849020600317 3.8890884988941252 27.256543668452654 4.5188751895911983
leaf_count=24 15 3 115 21 80 25 1 221 39 19 307 22 50 334 62 52 155 18 183 62 63 98 2 5 51 109 85 97 3 125 137 127 45 14 25 1 44 193 75 32 95 64 45 68 38 35 57 22 39 1 6 49 114 44 86 72 63 12 32 121 112
internal_value=0 0.00560221 6.48487e-05 -0.00629646 -0.0130561 -0.00779276 -0.0472453 -0.0555621 -0.00163769 -0.00912296 -0.0330421 -0.0636959 0.0159819 0.00392123 -0.0434807 0 -0.0859618 0.0198473 0.0237508 0.0115291 0.0126661 0 -0.0686188 0.00846916 -0.00222823 -0.0474534 0.010852 0.0116618 0.0173388 0.0107389 -0.00674537 0.0179223 -0.00212723 -0.0487528 0.00319883 -0.0159644 -0.0504669 0.016289 0.0283155 0.0253331 0 0.0270216 0.0103467 -0.0118448 0.0232763 0.013622 0.00885289 -0.0116887 0 -0.0550097 0.0125294 -0.0107769 0.0319923 0 0.0168597 0.00417009 0.0153515 -0.0068023 -0.0341304 0.0338032 0.00980098
internal_weight=0 872.494 461.933 324.467 272.861 245.435 30.366 27.4257 215.069 169.236 63.0681 34.3593 137.466 106.167 12.626 28.7087 20.0485 132.765 125.977 410.561 405.167 109.246 11.9647 97.2814 60.5356 15.6931 44.8425 93.5415 295.921 209.919 56.0894 153.83 36.9927 15.335 47.984 23.3354 11.911 374.49 116.881 116.837 25.1138 51.606 257.609 28.2375 45.8333 229.371 191.211 49.2677 40.8865 7.16853 33.718 12.5986 86.0013 11.3443 141.943 70.8965 62.5417 15.8874 6.78759 110.474 31.7754
internal_count=4314 3234 1938 1652 1473 1172 181 301 991 932 420 329 286 512 81 91 156 236 201 1296 1234 413 100 313 250 114 136 431 821 660 222 438 186 141 85 60 45 1080 501 252 127 179 579 113 59 466 431 174 117 40 77 55 161 47 257 171 99 36 35 308 233
is_linear=0
shrinkage=0.0493048


Tree=100
num_leaves=62
num_cat=0
split_feature=82 66 81 64 64 98 60 95 29 64 67 58 103 101 95 4 65 101 27 15 47 75 56 64 64 68 81 75 71 27 54 81 41 78 66 60 55 91 86 74 60 60 90 7 75 14 27 64 92 42 64 100 3 95 86 98 60 80 90 60 7
split_gain=10.9386 14.5618 14.1254 16.2065 13.46 13.2817 28.8403 24.2573 24.5133 28.4476 23.3711 21.6877 16.321 14.4737 26.5429 25.2163 23.7935 18.9575 17.9358 13.1486 22.8697 21.4603 18.3826 14.4585 19.5283 35.3468 12.4185 9.84762 10.2087 9.15359 8.76392 11.3887 8.19834 8.00443 7.7435 11.2207 8.74869 7.70865 10.2993 6.83223 6.32222 26.4513 10.934 7.56139 6.1729 5.66924 13.9022 11.1295 5.639 5.4956 5.28736 4.95681 4.89679 4.8258 4.39003 4.24794 9.14643 3.97013 5.17769 3.57619 3.55861
threshold=0.080128205128205107 1685.5000000000002 1.8500000000000003 39.150000000000013 24.950000000000003 -0.2515000000000035 0.057831661092530608 -0.070000000000000534 2.5000000000000004 2.7500000000000004 225.50000000000003 17.500000000000004 0.30199047266476059 -1.2564999999999988 0.6000000000000012 5.5000000000000009 1.5000000000000002 -0.40439999999999893 9.5000000000000018 13.500000000000002 37.45000000000001 0.17156862745098037 0.064583333333333312 21.950000000000003 12.750000000000002 1327.5000000000002 0.15000000000000005 0.81534090909090928 165.00000000000003 1.5000000000000002 37.350000000000001 0.15000000000000005 0.55000000000000016 25.000000000000004 1332.5000000000002 0.027973395931142352 1.9500000000000002 1.0000000180025095e-35 -663.49999999999989 0.15000000000000005 0.082333003813020764 0.048900047824007607 -0.069047619047618983 1.0000000180025095e-35 0.18465909090909091 1.0000000180025095e-35 3.5000000000000004 5.0500000000000007 0.064583333333333312 0.17156862745098037 13.850000000000003 -0.41440000000000049 8.5000000000000018 -0.6999999999999974 38.500000000000007 1.1528999999999991 0.07069234773555437 39.650000000000013 0.095454545454545472 0.020942982456140301 13.500000000000002
decision_type=2 2 2 2 2 2 2 2 2 2 2 2 2 2 2 2 2 2 2 2 2 2 2 2 2 2 2 2 2 2 2 2 2 2 2 2 2 2 2 2 2 2 2 2 2 2 2 2 2 2 2 2 2 2 2 2 2 2 2 2 2
left_child=1 4 3 5 30 12 13 32 9 -9 -11 -12 -2 29 15 16 -15 26 -18 23 21 -21 -23 24 34 -26 -16 33 -29 59 31 40 -8 -25 35 -14 -36 39 51 -4 41 42 43 -1 -27 57 47 -47 -19 -42 -3 -39 -34 -35 -51 -32 -57 58 -41 60 -7
right_child=2 50 37 -5 -6 6 7 8 -10 10 11 -13 19 14 17 -17 18 48 -20 20 -22 22 -24 27 25 44 -28 28 -30 -31 55 -33 52 53 36 -37 -38 38 -40 45 49 -43 -44 -45 -46 46 -48 -49 -50 54 -52 -53 -54 -55 -56 56 -58 -59 -60 -61 -62
leaf_value=0 -0.06372704992404131 0 -0.037297245830654926 -0.049849572318584869 -0.045673732180007309 -0.072374846863019926 -0.052217552253040443 0.0091146662134287022 0.031905697317773478 0 -0.083811178953240653 0 -0.037875945163548058 0.0031091789162871054 0.0090248153225902517 0.027429143201322361 -0.092040029130197279 0.036699237110793828 0 0.010491670935256363 0.024940116635188816 0.0070062183600155571 -0.086807681515129367 0.040493350088147063 -0.09022449392177527 0.037093798425205569 -0.073806808883944294 -0.067631817421099361 0.022713103764204212 0.041714641917797321 0.02806068404727817 -0.064259368851799559 0.036070479383063549 0.01884922567387989 0.024134096826219469 0.0093941284566204427 -0.021188207078249855 0.022097216645050908 -0.059248094532380974 0.034795873582796538 0.030463835501196499 -0.1149718700639089 0.022884508031031866 -0.087786240350392938 -0.0096016254128422334 0 0.024923133569887967 -0.08405019962699653 0 -0.045733244060264827 0.044389382598313432 -0.024746858471340206 0 -0.051084616233863699 0.011875175029775828 -0.087250958535117523 0.018905365388882423 0 0 0.015002570876532178 0
leaf_weight=2.8480812199413768 6.7598634930327526 11.2927118698135 2.9157948812935492 13.606094057671724 9.0016625575954077 2.8857423011213532 3.062440907116982 16.311244912445545 10.005441691726444 10.464145330712197 48.536901175393723 11.986488806083797 14.260682705789803 10.361427702009676 5.0672537693753821 11.90260540647432 22.89153855084442 52.606579395709559 4.3039489276707164 10.717081094160674 22.671599447727203 3.7610860839486149 18.894967587664723 85.474295838968828 13.120554615277795 10.887471158988776 7.7939851253759116 4.738472300115971 6.2847375273704529 40.730582066811621 82.933991050114855 5.6845236262306562 21.985676891170446 6.0951948836445808 132.77057048305869 77.112428148277104 8.2696556970477086 23.11608702631202 6.4155485435621804 107.35931061278097 34.369748268276453 4.7951027974486342 28.566483981441706 4.0484709739685059 12.21497559151612 4.3605650365352613 27.614418089739047 6.2195140862604603 7.5156788285821667 4.5432350765913707 56.813585945405066 5.0978591470047823 6.9443122847005716 3.6268362158443761 7.7550141955725849 2.4710129317827514 8.8186016357503814 6.8587559846928334 8.4417407888686267 9.0742361657321435 2.7399209514260292
leaf_count=5 51 28 23 757 432 20 24 28 5 20 301 46 52 18 5 19 178 69 13 19 26 4 135 86 95 4 58 39 2 24 100 44 20 4 167 125 24 49 168 191 30 29 39 21 45 6 100 97 24 22 45 73 30 25 10 32 16 97 79 11 5
internal_value=0 0.0178093 0.00602369 0.00276403 0.010096 0.00389432 -0.00367617 -0.0216756 -0.0342934 -0.0433139 -0.0571101 -0.069017 0.0094916 0.00871035 0 -0.0286234 -0.0497044 0.0181202 -0.0743715 0.0109337 -0.0100658 -0.0375699 -0.0657665 0.0144057 0.00768385 -0.0248051 -0.0315912 0.0302275 -0.00496593 0.0296265 0.0134562 0.00122259 0.0128142 0.0356088 0.0132853 0.000644917 0.0205908 0.0178554 0 0.0223744 0.00695821 -0.00500842 0.00645329 -0.0434434 0.00705224 0.0242367 0.00362103 -0.0401646 0.0308333 0.0199399 0.0381475 0.00921156 0.0240447 0 0 0.0241565 0 0.0296398 0.0318411 0 -0.034261
internal_weight=0 263.942 956.836 758.437 195.836 744.831 307.17 129.297 97.3042 87.2988 70.9875 60.5234 437.66 177.873 122.443 49.4595 37.5569 72.9835 27.1955 430.901 56.0447 33.3731 22.6561 374.856 268.636 36.223 12.8612 106.22 11.0232 55.4305 186.834 92.6107 31.9924 95.1963 232.413 91.3731 141.04 198.4 34.6295 163.77 86.9261 40.2581 35.463 6.89655 23.1024 160.854 38.1945 10.5801 60.1223 46.668 68.1063 28.2139 28.93 9.72203 12.2982 94.2236 11.2896 122.66 115.801 14.6999 5.62566
internal_count=4314 853 3461 2578 780 1821 918 474 400 395 367 347 903 444 384 228 209 156 191 852 184 158 139 668 512 144 63 156 41 60 348 200 74 115 368 177 191 883 290 593 156 94 65 26 49 570 203 103 93 62 73 122 50 29 32 148 48 367 270 36 25
is_linear=0
shrinkage=0.0493048


Tree=101
num_leaves=62
num_cat=0
split_feature=46 64 95 95 45 58 23 83 26 48 64 15 90 66 75 42 64 61 58 102 64 65 15 100 42 67 67 53 55 92 54 88 49 12 64 40 60 15 47 75 64 90 64 79 102 102 56 64 46 31 83 68 71 58 64 61 56 42 31 102 3
split_gain=10.2909 12.2744 12.1313 20.8932 25.282 15.4844 17.7449 19.7542 18.5774 15.332 14.5822 12.7688 23.0537 12.4066 12.242 13.372 12.6419 11.0469 15.4559 11.0157 10.6108 10.221 14.0958 20.3587 16.7911 18.1939 11.5863 11.7483 23.5075 13.5715 9.52862 8.83961 8.72102 9.66258 10.8281 8.07474 10.0817 7.40629 9.2948 6.87881 6.74505 8.03573 8.26973 6.95465 12.546 6.50066 6.40003 6.7041 6.16742 6.16536 5.91836 5.91701 5.17106 5.02838 4.76962 12.5303 4.65505 4.13522 3.93422 6.04016 3.9154
threshold=14.500000000000002 53.45000000000001 0.059999999999999658 0.20999999999999977 14.500000000000002 17.500000000000004 1.0000000180025095e-35 -1.8499999999999999 1.5000000000000002 0.15000000000000005 4.2500000000000009 4.5000000000000009 0.06904761904761901 673.50000000000011 0.13809523809523808 0.087121212121212113 5.0500000000000007 0.24865591397849462 7.5000000000000009 0.18021771755806473 3.6500000000000008 4.5000000000000009 7.5000000000000009 -0.50879999999999714 0.74166666666666681 1717.5000000000002 1107.5000000000002 6.5000000000000009 2.1500000000000008 -1.0000000180025095e-35 39.250000000000007 11.500000000000002 0.63961038961038974 1.0000000180025095e-35 14.65 34.95000000000001 0.091287878787878765 1.0000000180025095e-35 37.150000000000013 0.80625000000000013 7.7500000000000009 0.087121212121212113 2.9500000000000006 12.500000000000002 0.24381306284379203 0.13769945897394606 0.39444444444444454 2.7500000000000004 12.500000000000002 1.5000000000000002 -2.9499999999999993 1513.0000000000002 4.5000000000000009 19.500000000000004 9.6500000000000004 0.044949494949494906 0.55050505050505061 0.48333333333333339 1.5000000000000002 0.30785164428330336 14.500000000000002
decision_type=2 2 2 2 2 2 2 2 2 2 2 2 2 2 2 2 2 2 2 2 2 2 2 2 2 2 2 2 2 2 2 2 2 2 2 2 2 2 2 2 2 2 2 2 2 2 2 2 2 2 2 2 2 2 2 2 2 2 2 2 2
left_child=1 2 21 4 19 6 11 -8 -9 -6 -7 12 17 -14 16 -16 -13 18 -5 46 -21 22 26 24 25 -24 -1 35 29 -29 37 -19 40 34 57 36 -28 38 -23 48 41 56 -43 -42 -45 49 47 -4 -39 -37 -50 58 -17 -41 -48 -56 -2 -34 -25 -60 -59
right_child=32 -3 3 5 9 10 7 8 -10 -11 -12 14 13 -15 15 52 -18 31 -20 20 -22 30 23 51 -26 -27 27 28 -30 -31 -32 -33 33 -35 -36 45 -38 39 -40 53 43 42 -44 44 -46 -47 54 -49 50 -51 -52 -53 -54 -55 55 -57 -58 60 59 -61 -62
leaf_value=0.028980912448326821 0.024028081765570183 -0.044349179040223313 0 -0.038981224537406239 0 0 0.010506061473443278 -0.085531931202472017 0.0039867805073496177 -0.10621447105027618 -0.068833343707369085 0.0072116519486420446 0.0021670401120320293 -0.070255546501368171 -0.062895833651908886 0 -0.071432521400875054 -0.022252595899414338 0.013264481858964613 0 -0.074325043419685294 -0.05991960456456466 -0.11425767358213189 0.025661755623965998 0 0 -0.083611783837804335 0 0.0075756766264084407 -0.11521684580687093 -0.040414709296518643 0.026782259292891013 0.035575091696744096 -0.062614697585019294 -0.054842090842326295 -0.051295865657051486 0 0.027016479936467948 0.012220048300653659 -0.052135256449779087 0.035246239907848344 0 -0.086017124397340772 -0.053298726179117038 0.029059034451704904 0.032712353021469361 0.027898299005574213 -0.070943520778666808 0.017473694949252563 0.015675296268657761 -0.055782165931625202 -0.04190580790569233 0.028143072908040991 0.0082625758685798256 0.028789166208729785 -0.076021111108749304 -0.0099972514895014537 -0.038457320135290948 -0.042736650937836761 0.025189826966268702 0.020706320599864193
leaf_weight=61.920476939529181 36.294013153761625 10.90382600808516 3.4394622445106489 23.30362725048326 2.6113377436995497 10.7585855871439 16.496339132543653 15.199459525872955 4.9926845305599263 11.929065595148129 12.622870481340213 11.116174511611463 4.1568168471567359 15.646843544673173 3.4216615706682196 15.881022245856 6.7213290936779222 7.4236675070133051 29.144074179232121 4.6171704307198516 9.7651032997528073 5.8152770951855954 11.282895639538767 24.354316482320428 10.334206695668398 2.17856740951538 4.0284270513802758 4.314871788024905 16.080158081836998 8.0207207342609745 4.93276112305466 70.246351062785834 18.759349488653246 5.4814533850876606 4.7722080016974351 4.7882773950695983 8.6208819895982725 217.01258031674661 12.548041258705778 4.7590229192282987 101.94174180470873 3.5337265878915778 4.1037482228130102 6.400665549212138 14.436622503213583 39.576988922432065 25.228187546133995 4.7803371970076114 3.8412303924560547 9.3217336265370232 4.3081460325047356 4.7829567063599816 172.92169992183335 3.6908027529716492 5.9880175590515119 4.398621539468877 7.3921780586242667 4.3820314323529583 6.2793991062790138 4.9845739603042603 6.9324844386428595
leaf_count=78 50 1042 6 116 4 19 42 119 20 73 145 16 10 152 25 50 56 45 60 7 90 68 60 32 27 1 22 9 30 50 62 80 22 94 178 20 13 329 33 44 186 7 29 113 44 41 23 44 1 18 38 21 217 4 1 40 22 22 33 3 8
internal_value=0 0.00611011 0.00680663 0.0010987 -0.0229625 0.00556385 0.00811528 -0.0234338 -0.0572804 -0.081871 -0.0323601 0.011678 0 -0.0488081 0.0195304 0.0234341 -0.0155441 0.00821555 -0.0075903 -0.00607535 -0.0443363 0.0124334 0.00392967 -0.0146611 -0.0512924 -0.0875792 0.0123423 0.000150587 -0.0249526 -0.0773118 0.0192588 0.0204876 0.0185198 0 0.0073126 0.0127846 -0.0175185 0.0209258 -0.00393481 0.0234124 0.0233272 0.00517895 -0.0370172 0.0298975 0 0.0222456 0.00366836 -0.0310028 0.0252639 0 -0.00612896 0.00386402 0.0256682 -0.0111701 0.0151805 -0.00376759 0.0154232 0.0213564 0.0135321 -0.00168624 0
internal_weight=0 981.492 970.588 492.811 72.7573 420.053 396.672 36.6885 20.1921 14.5404 23.3815 359.983 149.921 19.8037 210.062 192.224 17.8375 130.118 52.4477 58.2169 14.3823 477.777 220.869 64.1969 23.7957 13.4615 156.673 94.7521 28.4158 12.3356 256.908 77.67 214.43 40.3275 34.8461 66.3363 12.6493 251.975 18.3633 233.612 174.103 51.3237 7.63747 122.779 20.8373 53.687 43.8346 8.2198 225.162 14.11 8.14938 40.4012 188.803 8.44983 35.6148 10.3866 43.6862 30.0739 35.6183 11.264 11.3145
internal_count=4314 3539 2497 1460 288 1172 1008 181 139 77 164 827 463 162 364 292 72 301 176 211 97 1037 458 177 88 61 281 203 89 59 579 125 775 324 230 114 35 517 101 416 451 108 36 343 157 79 114 50 368 38 39 89 267 48 64 41 72 52 68 36 30
is_linear=0
shrinkage=0.0493048


Tree=102
num_leaves=62
num_cat=0
split_feature=47 99 55 85 91 64 89 83 45 27 27 86 42 60 61 38 89 81 64 60 67 95 65 93 64 64 62 47 90 64 66 90 64 7 58 74 97 66 86 52 12 15 3 38 61 2 64 61 58 75 54 56 39 73 60 54 53 63 55 41 71
split_gain=10.2346 11.8156 13.0399 20.8156 16.7408 27.8073 26.3133 14.5616 13.5883 12.9169 18.0161 19.1352 13.7182 21.4073 30.5437 14.1228 13.559 14.9864 12.8909 12.473 10.7868 9.38019 9.11325 7.88518 7.64497 11.9348 22.8039 7.59656 20.3841 12.4805 10.0692 9.07142 7.45767 9.21074 20.7837 15.1741 8.18969 7.38019 6.97446 6.22159 8.53684 5.82108 5.3693 5.26953 10.7291 5.09982 7.30321 4.87916 4.65455 4.6248 4.38938 4.25063 4.22359 4.13247 3.93221 4.68567 3.75881 3.48198 2.96778 2.94208 2.90956
threshold=35.250000000000007 -1.2534500000000006 2.1500000000000008 57.250000000000007 -1.0000000180025095e-35 7.7500000000000009 404.50000000000006 1.0500000000000003 45.000000000000007 3.5000000000000004 2.5000000000000004 -1092.4999999999998 0.26969696969696971 0.11143790849673202 0.10367218987908641 4.5000000000000009 445.50000000000006 1.9500000000000002 31.350000000000005 0.12074751214996526 1429.0000000000002 0.39999999999999974 1.5000000000000002 0.18465909090909091 18.850000000000005 6.4500000000000011 6.5000000000000009 38.250000000000007 0.057189542483660101 18.150000000000002 1398.0000000000002 -0.087121212121212085 24.550000000000004 4.5000000000000009 -1.4999999999999998 1.3500000000000003 -2.4236999999999997 1272.5000000000002 -1281.4999999999998 10.500000000000002 1.0000000180025095e-35 57.500000000000007 6.5000000000000009 10.500000000000002 0.14650406504065039 5.5000000000000009 2.5500000000000003 0.17376207729468598 11.500000000000002 0.51470588235294124 36.050000000000004 0.46410256410256417 4.5000000000000009 37.150000000000013 0.044346116027531905 36.150000000000013 14.500000000000002 14.500000000000002 1.1500000000000001 0.65000000000000002 45.000000000000007
decision_type=2 2 2 2 2 2 2 2 2 2 2 2 2 2 2 2 2 2 2 2 2 2 2 2 2 2 2 2 2 2 2 2 2 2 2 2 2 2 2 2 2 2 2 2 2 2 2 2 2 2 2 2 2 2 2 2 2 2 2 2 2
left_child=20 32 3 4 5 8 -7 -5 39 10 16 -12 15 14 -14 -11 17 -6 19 -18 24 22 -22 -16 25 54 -27 28 29 30 42 -29 33 38 47 36 -36 56 -2 40 -3 -17 -4 44 -40 46 -32 -35 60 58 -34 -15 -53 -46 55 -1 -33 -51 -26 -49 -39
right_child=1 2 27 7 9 6 -8 -9 -10 12 11 -13 13 51 23 41 18 -19 -20 -21 21 -23 -24 -25 49 26 -28 31 -30 -31 45 37 50 34 35 -37 -38 48 43 -41 -42 -43 -44 -45 53 -47 -48 59 -50 57 -52 52 -54 -55 -56 -57 -58 -59 -60 -61 -62
leaf_value=-0.032870586656977924 -0.061502036647064946 0.0068147658691925326 0 -0.1006083122573915 -0.0770381622470869 0.023991434243341155 -0.077770679042753907 0 -0.072888123139959932 -0.05305198368488391 0 -0.10264351348675281 0.016523664197025046 0.035563978193874038 -0.086166450258884433 0.036592718448092754 0.010271649138121026 0 -0.051562872858845928 -0.021436898705067955 0 0.018964110216539418 -0.06304401572013138 0 0.04282919932254603 -0.074364592230155832 0.020218499478277818 -0.044197894631250324 -0.064444346018614942 -0.057187721793015393 0 -0.046445144438164269 0 -0.0099036961103232436 0 0 -0.088163616669976644 0.039674515305315163 -0.089918776552518856 0.030064219618249403 -0.06433250630576752 0 0.038562128331697601 0.034281136270184455 0 0.0081111936004782843 -0.078104229559067526 0 0 -0.045784048426530652 0.037709388204753967 0.020097830188992704 -0.057477148751563935 0.034433493717567265 0.030799476736915552 0.021708074502228079 0.0092268455563703083 0.023562540010324946 0 0.035254284518696458 0
leaf_weight=5.7860805913805988 1.6339477114379395 21.224494684487585 12.955085411202161 8.4211288403021154 10.82987626490649 5.8593309065327039 26.237723754020408 5.7473773534875354 5.1208615601062766 3.8225717967143273 4.84486476460006 8.4883739999495429 14.294177358737217 26.303615161334164 15.935546085063836 84.13952193420846 264.06502697092947 7.9324801821494466 9.2357068442506698 31.935100887902081 7.7211531698703793 16.000673950649798 9.9497184893116337 1.6834737129975099 66.068164625903592 10.091690039262177 12.904515197500585 3.1095694204559541 9.3620992104406451 4.8594337379327035 1.7613811492919902 3.8687849211273706 9.0518456054851395 6.8081208155490449 2.0777225093916067 7.6277933567762366 12.613794045057148 69.042590393451974 2.390260800253599 22.895151795819402 4.7558000907301894 7.8227413273416451 39.908283178694546 48.048987383022904 16.03511002659798 3.1826079040765762 5.398762964643538 7.3886055741459158 5.3145550441695368 2.6887520560994735 51.181048601050861 4.1453776359558097 2.5628374972147867 14.241360643878577 46.126015774905682 10.79297775775194 8.4050073669059184 4.931808253750205 7.5151765241753301 22.713019326329231 5.5157999910879871
leaf_count=17 11 40 27 78 148 9 382 19 28 59 12 103 59 34 180 100 566 40 414 109 11 28 113 5 72 80 17 84 154 151 1 93 54 27 5 17 80 141 18 25 29 22 25 44 32 3 34 17 79 55 113 1 26 10 50 12 42 3 51 21 34
internal_value=0 0.00590056 0.00292296 -0.00032002 0.000904574 -0.0188917 -0.0553182 -0.0594434 0.000481143 0.00457735 -0.000550913 -0.0568966 0.016113 0 -0.0301609 0.0279926 0.00138983 -0.0386268 0.00426096 0.00642854 0.0186192 -0.00381625 -0.0314635 -0.0750384 0.02389 0.0113609 -0.0159378 0.0148768 0.00161374 0.0125534 0.0199094 0.0243481 0.0166575 0.00919715 -0.00393655 -0.0430945 -0.0729666 0.0280257 0.0201505 0.0107561 -0.00149633 0.0327314 0.0295989 0.0233686 0.00349588 -0.0175665 -0.0462486 0.0163943 0.0336245 0.0355721 0.0321149 0.0263696 0 0.015066 0.0233575 0 0 0 0.0393584 0.0264729 0.0369168
internal_weight=0 972.799 770.987 598.303 584.135 86.0934 32.0971 14.1685 53.9963 498.041 337.331 13.3332 160.71 64.925 31.9132 95.7848 323.998 18.7624 305.236 296 200.577 33.6715 17.6709 17.619 166.905 85.7013 22.9962 172.684 77.4277 68.0656 63.2061 95.2563 201.812 141.579 59.2291 22.3193 14.6915 92.1467 82.3497 48.8754 25.9803 91.9623 52.8634 80.7157 32.6667 10.3428 7.16014 36.9097 79.8729 81.2039 60.2329 33.0118 6.70822 30.2765 62.7051 16.5791 12.2738 7.62056 73.5833 30.1016 74.5584
internal_count=4314 3805 3356 2488 2391 513 391 97 122 1878 1392 115 486 305 244 181 1277 188 1089 675 509 152 124 185 357 176 97 868 395 241 90 473 449 282 167 102 85 389 115 94 69 122 52 104 60 38 35 65 254 181 167 61 27 42 79 29 135 58 123 38 175
is_linear=0
shrinkage=0.0493048


Tree=103
num_leaves=62
num_cat=0
split_feature=47 99 55 85 91 64 89 64 45 27 27 86 42 60 61 38 64 89 81 47 64 64 63 93 7 57 47 90 64 66 90 64 7 58 74 97 66 86 68 64 38 97 15 3 38 61 19 15 87 2 64 61 58 38 54 47 3 56 39 53 60
split_gain=9.67801 10.9893 12.0793 18.9899 15.3214 25.8324 24.8856 13.8328 12.4746 12.0764 16.2289 17.9946 12.6107 19.6138 28.4195 13.2643 12.4751 11.9792 15.0329 12.3846 10.2927 13.9371 20.0099 7.57859 7.02727 8.83891 7.02064 18.9226 11.7022 9.16582 8.53856 6.98642 8.43959 18.7175 14.1567 7.73096 6.94849 6.52655 5.99825 10.7544 5.66337 7.20145 5.62662 5.16548 5.03725 6.18138 18.8994 5.01958 4.87302 4.64152 6.87714 4.61042 4.52083 4.26674 4.21905 4.15663 5.11211 3.9876 3.88175 3.4775 3.4521
threshold=35.250000000000007 -1.2534500000000006 2.1500000000000008 57.250000000000007 -1.0000000180025095e-35 7.7500000000000009 404.50000000000006 3.7500000000000004 45.000000000000007 3.5000000000000004 2.5000000000000004 -1092.4999999999998 0.26969696969696971 0.11143790849673202 0.10367218987908641 4.5000000000000009 31.350000000000005 445.50000000000006 1.9500000000000002 35.650000000000013 18.850000000000005 6.4500000000000011 9.5000000000000018 0.18465909090909091 2.5000000000000004 -1.7499999999999998 38.250000000000007 0.057189542483660101 18.150000000000002 1398.0000000000002 -0.087121212121212085 24.550000000000004 4.5000000000000009 -1.4999999999999998 1.3500000000000003 -2.4236999999999997 1272.5000000000002 -1281.4999999999998 1134.5000000000002 4.4500000000000011 25.000000000000004 -2.6731999999999974 57.500000000000007 6.5000000000000009 10.500000000000002 0.22110323886639674 1.5000000000000002 7.5000000000000009 14.500000000000002 5.5000000000000009 2.5500000000000003 0.17376207729468598 11.500000000000002 12.500000000000002 36.050000000000004 33.850000000000001 17.500000000000004 0.46410256410256417 4.5000000000000009 14.500000000000002 0.040899966543994602
decision_type=2 2 2 2 2 2 2 2 2 2 2 2 2 2 2 2 2 2 2 2 2 2 2 2 2 2 2 2 2 2 2 2 2 2 2 2 2 2 2 2 2 2 2 2 2 2 2 2 2 2 2 2 2 2 2 2 2 2 2 2 2
left_child=20 31 3 4 5 8 -7 -5 38 10 16 -12 15 14 -14 -11 17 18 -6 -19 21 47 -23 -16 25 -22 27 28 29 43 -28 32 37 51 35 -35 59 -2 -3 -40 41 -24 -17 -4 45 46 -39 60 -49 50 -31 -34 -38 -50 -33 56 -26 -15 -59 -32 -1
right_child=1 2 26 7 9 6 -8 -9 -10 12 11 -13 13 57 23 42 -18 19 -20 -21 24 22 40 -25 55 -27 30 -29 -30 49 36 54 33 34 -36 -37 52 44 39 -41 -42 -43 -44 -45 -46 -47 -48 48 53 -51 -52 -53 -54 -55 -56 -57 -58 58 -60 -61 -62
leaf_value=0 -0.059076819763357727 0.027736213979268828 0 0 -0.077154048709038067 0.023307384712990001 -0.076298675938505645 -0.094743598065730544 -0.070313818975589568 -0.051667222859392799 0 -0.099443920104258995 0.015893174778789435 0.034862522492953685 -0.084197815353819691 0.035919705021833934 -0.051393935217856082 -0.07469996636498627 0.0025994504378562761 0.0077361134949606751 0.024714868158872746 -0.072311545021692472 0.0093157868600154611 0 -0.035443159643025968 -0.061446740669232107 -0.042763336201552017 -0.062863970189287008 -0.05603838246629992 0 -0.045211632206166578 0 -0.0093799679521764465 0 0 -0.085353631323934406 0.036304342086825085 -0.11230667115601119 0.0074189766346356729 -0.074903522972267517 0.032452382748981337 -0.068459099853082198 0 0.038022015867466875 0.033602663201732268 0.021182545234921801 0.013180869231202864 -0.044947332754601943 -0.0095447534391529028 0.0077734071200236251 -0.075281577376178244 0.025779794410735819 0 0.031928393590189563 0.037070424513646401 0.043493540661412207 0.025989120703924416 0.019494827560668775 -0.055460362274874005 0.0088343306748871493 0.033765532814831134
leaf_weight=13.746160134673117 1.618938524276017 25.324954833835363 12.955085411202161 5.2236963212490073 9.748322377912702 5.7380162733607021 25.445871217001695 8.8142836223123577 5.0496616289019576 3.7346423057606435 4.84486476460006 8.3344925392884743 14.133973199641334 25.530122676398605 15.515433359309101 81.555703471065499 10.263629091670735 4.2261640543583772 7.396302016451954 290.32983997731935 9.4010164346545917 11.500254780985417 3.048692226409913 1.6834737129975099 3.5167384510859838 4.1304174305405459 3.0578854271443552 9.1309452973655407 4.7188441808102644 1.7613811492919902 3.7815273754531509 9.0518456054851395 6.8350389623083165 2.0777225093916067 7.6277933567762366 12.393311492633075 72.161586195230484 3.9563659410923702 18.322020467370752 4.4937692750245324 11.183870095759628 4.185767827555539 7.8227413273416451 38.515091715380549 46.638611773960292 21.89498533308506 6.3944667428731918 4.8237668648362186 6.0046173371374634 3.1592512279748917 5.3280841959640384 29.404015658423305 5.3145550441695368 11.594247441738842 49.538310517324135 59.462047287612222 12.189134421758352 4.0659689903259268 2.5272243890212849 8.3485953076742572 40.856163673102856
leaf_count=25 11 32 27 10 72 9 382 87 28 59 12 103 59 34 180 100 515 26 15 649 16 95 1 5 72 74 84 154 151 1 93 54 27 5 17 80 175 25 28 34 7 33 22 25 44 25 10 17 17 3 34 38 79 12 113 60 40 1 26 42 40
internal_value=0 0.00570229 0.00280448 -0.00031338 0.000856604 -0.0182715 -0.053982 -0.0570491 0.000349306 0.00439275 -0.000533923 -0.0543375 0.0157304 0 -0.0289581 0.0272971 0.00128783 0.00342684 -0.0355725 0.00612275 0.0182296 0.00641219 -0.0202265 -0.0729908 0.0310684 0 0.0144781 0.00149107 0.0122341 0.0194957 0.0237233 0.016201 0.00887808 -0.00367423 -0.0410677 -0.0703281 0.0273948 0.019516 0.0103871 -0.00344079 0.00562966 -0.0186863 0.0320057 0.0289522 0.0227294 0.00313179 -0.0230212 0.0183774 0 -0.0158417 -0.0438078 0.0157177 0.0329522 0.010735 0.0314178 0.0369607 0.00428666 0.0257829 0 0 0.0264513
internal_weight=0 955.789 758.358 590.125 576.087 84.3743 31.1839 14.038 53.1904 491.713 335.144 13.1794 156.569 63.4562 31.3329 93.1131 321.964 311.701 17.1446 294.556 195.643 106.944 29.9186 17.1989 88.6994 13.5314 168.233 75.5687 66.4377 61.7189 92.6641 197.431 138.841 58.3379 22.0988 14.471 89.6063 80.5034 48.1407 22.8158 18.4183 7.23446 89.3784 51.4702 78.8844 32.2458 10.3508 77.025 22.4226 10.2487 7.08947 36.2391 77.4761 17.5989 58.5902 75.1679 15.7059 32.1233 6.59319 12.1301 54.6023
internal_count=4314 3805 3356 2488 2391 513 391 97 122 1878 1392 115 486 305 244 181 1277 762 87 675 509 247 136 185 262 90 868 395 241 90 473 449 282 167 102 85 389 115 94 62 41 34 122 52 104 60 35 111 46 38 35 65 254 29 167 172 112 61 27 135 65
is_linear=0
shrinkage=0.0493048


Tree=104
num_leaves=62
num_cat=0
split_feature=40 60 88 55 75 42 81 64 52 59 78 64 27 0 86 41 64 84 64 92 86 3 39 89 39 88 82 57 1 62 57 100 0 52 65 49 7 39 103 57 65 46 3 2 62 40 86 3 41 15 6 55 67 63 57 15 31 99 52 66 56
split_gain=9.17537 14.0413 12.6497 11.8017 12.0326 22.8042 19.277 29.0327 40.7839 20.8292 16.0571 14.5653 13.7518 21.3099 16.6087 13.4297 13.0879 11.3589 14.7385 14.3582 23.8627 10.1928 9.84296 14.0647 13.0786 9.65779 13.3225 9.42818 8.86352 8.39466 9.91281 8.26086 8.47275 8.20205 12.2335 8.07653 10.2727 8.23225 7.96565 8.87146 7.8816 7.62072 18.383 7.13366 6.83467 6.28685 7.97178 7.20507 6.03877 6.00798 6.08004 6.50652 5.95254 5.77813 16.6268 6.44839 5.71871 13.9077 5.54491 5.5197 5.1929
threshold=36.350000000000001 0.22401433691756273 16.500000000000004 2.1500000000000008 0.71008403361344552 0.21825396825396823 0.65000000000000002 5.8500000000000005 10.500000000000002 -64.999999999999986 7.5000000000000009 5.3500000000000005 3.5000000000000004 2.5000000000000004 -741.49999999999989 0.75000000000000011 4.7500000000000009 1.0000000180025095e-35 4.0500000000000007 -1.0000000180025095e-35 -175.49999999999997 96.500000000000014 8.5000000000000018 463.50000000000006 3.5000000000000004 13.500000000000002 0.60555555555555574 1.7500000000000002 2.5000000000000004 6.5000000000000009 -1.2499999999999998 -0.14085000000000028 3.5000000000000004 9.5000000000000018 1.5000000000000002 0.63961038961038974 3.5000000000000004 13.500000000000002 1.3335666462535729 -0.74999999999999989 4.5000000000000009 6.5000000000000009 3.5000000000000004 5.5000000000000009 5.5000000000000009 38.45000000000001 -656.49999999999989 7.5000000000000009 1.2500000000000002 1.0000000180025095e-35 3.5000000000000004 1.7500000000000002 601.50000000000011 3.5000000000000004 -1.2499999999999998 1.0000000180025095e-35 1.0000000180025095e-35 -0.11360000000000163 14.500000000000002 1575.5000000000002 0.31009615384615391
decision_type=2 2 2 2 2 2 2 2 2 2 2 2 2 2 2 2 2 2 2 2 2 2 2 2 2 2 2 2 2 2 2 2 2 2 2 2 2 2 2 2 2 2 2 2 2 2 2 2 2 2 2 2 2 2 2 2 2 2 2 2 2
left_child=1 2 25 4 5 12 17 33 9 40 11 -6 13 22 -15 16 -12 18 -7 20 -19 -20 23 -2 -25 26 29 38 -26 30 -1 -14 -33 34 -8 37 -37 53 -27 -40 -9 42 -21 -44 58 47 -47 -43 -42 -17 51 52 -51 54 -5 -55 57 -24 -35 -57 -32
right_child=3 -3 -4 35 10 6 7 8 -10 -11 15 -13 31 14 -16 49 -18 19 21 41 -22 -23 56 24 28 27 -28 -29 -30 -31 60 32 -34 44 -36 36 -38 -39 39 -41 48 45 43 -45 -46 46 -48 -49 -50 50 -52 -53 -54 55 -56 59 -58 -59 -60 -61 -62
leaf_value=-0.074567786997091809 -0.081203512917931736 -0.071244951437128515 -0.0393478557433172 0.033055934648603985 0.0026234013137309596 0.0049227097464190064 0 -0.069527983565248891 -0.081874697849821293 -0.062632397761495193 0.0069219953338900218 -0.066367562665384128 0.036316711107161025 0 -0.1167853169079205 -0.012693727768863069 -0.078996929535878613 0.001860282985876472 -0.074218528119988678 0.019839249694011522 -0.10264798119006759 0 0.017731489446860187 0.013256412929205654 -0.085589993755897611 0.032880889910271896 -0.062783481762774693 -0.0046768572761380946 0 0.026922845259626658 0.011216718243427565 -0.061614354214565764 0.015462323147073891 -0.066218925631035819 -0.094844505258725315 -0.066686235168439689 0.0058975261299042715 -0.014678578371263473 0.016587923685768544 -0.066551991178628547 0.034487224102264125 0 -0.095681841188128419 0 0.029414237827718192 -0.075172685977263162 0.013676879373409648 0.039954377822484212 -0.020611832957761093 -0.020239988990499235 -0.0061597742879878677 0 0.035248405092684836 0 -0.087191601029894525 0.035942592227060505 0.03221548974203832 -0.097344682365384239 0 0 -0.037142317639762494
leaf_weight=4.1554111695149905 5.5769070187816387 3.9318148358725002 8.0545450497884286 7.8804819830693305 14.903303261846306 13.092376179993154 11.675520099699499 1.8807237376458967 37.494489256234374 12.150926331407389 7.4428342506289464 10.589342952007426 56.414851069683209 4.3433177412953228 6.4111649079713953 5.6057779081165782 6.1592203732579947 13.592529060086237 14.644433514797131 16.857428575865928 6.9515885309083378 2.2757456302642813 15.35723099904135 39.401910205720924 6.3012273674830777 152.64412622153759 6.0312638212926677 15.600910517852752 1.9506470449268816 44.099496336188167 47.320185213815421 4.2197999565396485 18.569577743648551 3.2556618582457295 4.6279872003942719 5.6303629575995755 18.478685056907125 9.9284497970947978 13.905198959982956 3.9690857171080998 23.468185203964826 6.6993746187072238 6.0442821006290606 1.5374448753427712 27.022817682474852 2.8802763703279224 15.524244706728494 48.430471695959568 3.0583991608000352 1.990166630828752 6.5686922452296121 11.473298226017503 112.09396641794592 13.326413235976359 4.1449895612895471 97.178241572342813 37.828572710510343 3.0231289877556256 10.070629976689814 8.9789727085735631 5.3796573339495799
leaf_count=53 55 27 80 6 27 19 27 18 501 149 9 139 66 10 47 69 80 46 236 30 50 1 31 96 59 188 88 67 4 88 102 49 49 20 35 148 221 94 27 34 51 30 40 8 28 20 41 42 79 22 49 44 165 71 70 160 69 45 24 57 54
internal_value=0 0.0152027 0.0167521 0.00477763 0.00161236 -0.00220112 -0.0114034 -0.0249235 -0.0444487 -0.00674681 0.0127224 -0.0212137 0.0102465 0 -0.0663748 0.0192641 -0.0229647 2.41454e-05 -0.0261625 0.00770995 -0.0275713 -0.0575111 0.00624792 -0.00726075 0 0.0187224 0.00538576 0.0257182 -0.0547783 0.0107094 0 0.0261943 0 0 -0.0273247 0.0166327 -0.0059733 0.0213655 0.0292285 0 0.012832 0.0163839 -0.00329578 -0.0709209 0.0138448 0.0246131 0 0.0329389 0.0234346 0.0243417 0.0268568 0.0295754 0.033185 0.0250351 0 0.0284138 0.0212484 0 -0.00841403 0.0325004 0.00390136
internal_weight=0 305.092 301.16 825.007 659.46 482.634 283.236 134.705 78.0527 40.5582 176.827 25.4926 199.398 120.194 10.7545 151.334 13.6021 148.53 30.0126 118.518 20.5441 16.9202 109.44 53.2307 47.6538 293.105 106.986 186.119 8.25187 100.955 56.8553 79.2042 22.7894 56.6526 16.3035 165.547 24.109 141.438 170.518 17.8743 28.4073 97.9735 24.4392 7.58173 40.3491 73.5344 18.4045 55.1298 26.5266 137.732 132.126 125.557 114.084 131.509 12.0255 119.484 56.2089 18.3804 13.3263 106.157 52.6998
internal_count=4314 808 781 3506 2679 2075 1495 932 798 297 604 166 580 416 57 438 89 563 256 307 96 237 359 214 159 701 385 316 63 297 209 164 98 134 62 827 369 458 249 61 148 211 78 48 72 133 61 72 130 349 280 231 187 364 76 288 145 76 44 217 156
is_linear=0
shrinkage=0.0493048


end of trees

feature_importances:
current_odds=715
agari_trend_5=175
current_popularity=173
days_since_last_race=151
jockey_win_rate=138
father_cat=136
jockey_place_rate=135
mother_father_cat=130
agari_df_course_4=120
agari_5=109
corner_ratio_2=105
paternal_gf_cat=96
agari_df_course_1=96
agari_df_course_2=87
ninki_1=82
horse_weight_abs_1=82
agari_df_course_5=79
corner_ratio_std5=77
agari_1=75
ninki_3=70
f_lenout=67
agari_std5=67
corner_chase_2=66
agari_4=62
agari_2=61
f_courseout=57
margin_2=57
umaban=57
mf_courseout=56
ninki_2=55
corner_ratio_3=55
n_horses_1=55
margin_4=54
corner_ratio_4=54
rank_trend_5=54
corner_chase_1=54
margin_1=53
rank_trend=53
corner_ratio_5=53
corner_ratio_1=52
result_2=51
margin_3=51
agari_df_course_3=51
ninki_4=49
margin_5=48
dist_change=45
agari_3=44
corner_chase_3=42
weight_change=39
mf_classout.1=36
mf_classout=34
result_5=34
kinryo=34
mf_course1=33
waku=33
ninki_5=33
f_mf_courseout=30
corner_chase_4=29
f_classout=27
result_1=26
f_course2=24
result_3=23
result_4=21
corner_chase_5=20
mf_course2=19
mf_course3=18
f_len2=18
f_len3=17
f_course1=15
f_course3=13
f_len1=13
n_horses_today=13
win_rate_recent5=12
mf_class2=10
f_mf_classout=8
mf_len2=6
mf_class3=6
f_mf_len1=5
f_class3=5
mf_len1=4
f_mf_len2=1
f_mf_class2=1
f_mf_class3=1

parameters:
[boosting: gbdt]
[objective: binary]
[metric: binary_logloss]
[tree_learner: serial]
[device_type: cpu]
[data_sample_strategy: bagging]
[data: ]
[valid: ]
[num_iterations: 105]
[learning_rate: 0.0493048]
[num_leaves: 62]
[num_threads: 16]
[seed: 0]
[deterministic: 0]
[force_col_wise: 1]
[force_row_wise: 0]
[histogram_pool_size: -1]
[max_depth: 10]
[min_data_in_leaf: 10]
[min_sum_hessian_in_leaf: 0.001]
[bagging_fraction: 1]
[pos_bagging_fraction: 1]
[neg_bagging_fraction: 1]
[bagging_freq: 0]
[bagging_seed: 7719]
[feature_fraction: 1]
[feature_fraction_bynode: 1]
[feature_fraction_seed: 2437]
[extra_trees: 0]
[extra_seed: 11797]
[early_stopping_round: 0]
[first_metric_only: 0]
[max_delta_step: 0]
[lambda_l1: 2.522]
[lambda_l2: 0.0340771]
[linear_lambda: 0]
[min_gain_to_split: 0]
[drop_rate: 0.1]
[max_drop: 50]
[skip_drop: 0.5]
[xgboost_dart_mode: 0]
[uniform_drop: 0]
[drop_seed: 21238]
[top_rate: 0.2]
[other_rate: 0.1]
[min_data_per_group: 100]
[max_cat_threshold: 32]
[cat_l2: 10]
[cat_smooth: 10]
[max_cat_to_onehot: 4]
[top_k: 20]
[monotone_constraints: ]
[monotone_constraints_method: basic]
[monotone_penalty: 0]
[feature_contri: ]
[forcedsplits_filename: ]
[refit_decay_rate: 0.9]
[cegb_tradeoff: 1]
[cegb_penalty_split: 0]
[cegb_penalty_feature_lazy: ]
[cegb_penalty_feature_coupled: ]
[path_smooth: 0]
[interaction_constraints: ]
[verbosity: -1]
[saved_feature_importance_type: 0]
[use_quantized_grad: 0]
[num_grad_quant_bins: 4]
[quant_train_renew_leaf: 0]
[stochastic_rounding: 1]
[linear_tree: 0]
[max_bin: 255]
[max_bin_by_feature: ]
[min_data_in_bin: 3]
[bin_construct_sample_cnt: 200000]
[data_random_seed: 38]
[is_enable_sparse: 1]
[enable_bundle: 1]
[use_missing: 1]
[zero_as_missing: 0]
[feature_pre_filter: 1]
[pre_partition: 0]
[two_round: 0]
[header: 0]
[label_column: ]
[weight_column: ]
[group_column: ]
[ignore_column: ]
[categorical_feature: ]
[forcedbins_filename: ]
[precise_float_parser: 0]
[parser_config_file: ]
[objective_seed: 8855]
[num_class: 1]
[is_unbalance: 0]
[scale_pos_weight: 19.8623]
[sigmoid: 1]
[boost_from_average: 1]
[reg_sqrt: 0]
[alpha: 0.9]
[fair_c: 1]
[poisson_max_delta_step: 0.7]
[tweedie_variance_power: 1.5]
[lambdarank_truncation_level: 30]
[lambdarank_norm: 1]
[label_gain: ]
[lambdarank_position_bias_regularization: 0]
[eval_at: ]
[multi_error_top_k: 1]
[auc_mu_weights: ]
[num_machines: 1]
[local_listen_port: 12400]
[time_out: 120]
[machine_list_filename: ]
[machines: ]
[gpu_platform_id: -1]
[gpu_device_id: -1]
[gpu_use_dp: 0]
[num_gpu: 1]

end of parameters

pandas_categorical:[]
