,race_id,f_course1,f_course2,f_course3,f_courseout,mf_course1,mf_course2,mf_course3,mf_courseout,f_mf_course1,f_mf_course2,f_mf_course3,f_mf_courseout,f_len1,f_len2,f_len3,f_lenout,mf_len1,mf_len2,mf_len3,mf_classout,f_mf_len1,f_mf_len2,f_mf_len3,f_mf_classout,f_class1,f_class2,f_class3,f_classout,mf_class1,mf_class2,mf_class3,mf_classout,f_mf_class1,f_mf_class2,f_mf_class3,f_mf_classout,time_df_course1,time_df_class1,ninki_1,result_1,agari_1,margin_1,corner_ratio_1,time_df_course2,time_df_class2,ninki_2,result_2,agari_2,margin_2,corner_ratio_2,time_df_course3,time_df_class3,ninki_3,result_3,agari_3,margin_3,corner_ratio_3,rank_trend,weight_change,dist_change,jockey_win_rate,jockey_place_rate,waku,umaban,current_odds,current_popularity,father_cat,mother_father_cat,paternal_gf_cat
0,202308010107,1,2,1,17,0,0,1,8,0,0,0,0,0,1,0,2,0,0,0,3,0,0,0,0,0,0,0,0,0,0,0,0,0,0,0,0,0.0,0.0,110.0,14.0,39.6,2.2,0.125,0.0,0.0,60.0,10.0,38.5,2.1,0.25,0.0,0.0,8.0,8.0,38.1,1.6,0.14285714285714285,-3.0,10.0,-200.0,0.03225806451612903,0.22580645161290322,7,11,5.3,4.0,1095,1103,1221
1,202308010107,9,10,11,63,6,7,8,81,0,0,0,3,4,4,3,18,2,2,2,22,0,0,0,0,0,0,0,2,0,0,1,5,0,0,0,0,0.0,0.0,110.0,2.0,36.8,0.0,0.6153846153846154,0.0,0.0,90.0,7.0,36.8,1.4,0.4,0.0,0.0,80.0,11.0,36.7,2.1,0.8461538461538461,4.5,-2.0,0.0,0.11627906976744186,0.32558139534883723,8,12,14.2,7.0,1716,1013,1167
2,202308010107,0,0,0,3,9,8,6,97,0,0,0,0,0,0,0,0,5,2,5,22,0,0,0,0,0,0,0,0,2,0,0,2,0,0,0,0,0.0,0.0,90.0,12.0,38.8,1.3,0.125,0.0,0.0,90.0,11.0,37.5,1.2,0.26666666666666666,0.0,0.0,6.0,15.0,38.8,3.2,0.6875,1.5,6.0,0.0,0.05,0.23333333333333334,2,2,5.1,3.0,1677,1556,1167
3,202308010107,0,0,0,0,0,0,0,2,0,0,0,0,0,0,0,0,0,0,0,0,0,0,0,0,0,0,0,0,0,0,0,0,0,0,0,0,0.0,0.0,70.0,2.0,37.0,0.3,0.3125,0.0,0.0,40.0,15.0,42.8,4.6,0.125,0.0,0.0,50.0,1.0,37.2,0.0,0.13333333333333333,-0.5,12.0,-200.0,,,5,7,4.7,2.0,1204,984,1221
4,202308010107,0,0,0,0,6,12,11,91,0,0,0,0,0,0,0,0,1,2,3,24,0,0,0,0,0,0,0,0,0,0,0,0,0,0,0,0,0.0,0.0,12.0,12.0,36.4,1.5,0.625,0.0,0.0,7.0,6.0,37.4,1.5,0.7692307692307693,0.0,0.0,9.0,7.0,37.5,0.9,0.6,-2.5,-2.0,0.0,,,4,4,9.3,5.0,1089,1183,1428
5,202308010107,0,0,0,0,0,0,0,0,0,0,0,0,0,0,0,0,0,0,0,0,0,0,0,0,0,0,0,0,0,0,0,0,0,0,0,0,0.0,0.0,11.0,7.0,36.8,1.0,0.625,0.0,0.0,10.0,15.0,38.3,3.2,0.6666666666666666,0.0,0.0,3.0,1.0,36.7,0.0,0.4166666666666667,-3.0,-4.0,0.0,0.08333333333333333,0.25,8,13,3.2,1.0,288,676,334
6,202308010107,0,0,0,0,6,12,11,91,0,0,0,0,0,0,0,0,1,2,3,24,0,0,0,0,0,0,0,0,0,0,0,0,0,0,0,0,0.0,0.0,9.0,9.0,39.8,3.0,0.7272727272727273,0.0,0.0,13.0,8.0,36.9,1.2,1.0,0.0,0.0,9.0,9.0,37.4,1.2,0.7692307692307693,0.0,6.0,-600.0,0.0,0.047619047619047616,6,8,227.7,11.0,1432,1183,1428
7,202308010107,1,1,1,17,3,3,4,64,0,0,0,0,0,0,0,4,3,1,3,26,0,0,0,0,0,0,0,0,1,0,1,3,0,0,0,0,0.0,0.0,50.0,11.0,37.1,1.5,0.8125,0.0,0.0,100.0,5.0,36.4,0.7,0.9375,0.0,0.0,50.0,11.0,38.9,2.1,0.375,0.0,0.0,-200.0,,,7,10,20.8,8.0,1713,1235,215
8,202308010107,2,3,1,13,2,3,1,24,0,0,0,0,1,2,1,4,1,2,0,9,0,0,0,0,0,1,1,2,0,0,0,2,0,0,0,0,0.0,0.0,8.0,6.0,40.1,1.1,0.75,0.0,0.0,15.0,15.0,39.2,2.1,0.3333333333333333,0.0,0.0,12.0,9.0,37.4,2.3,0.8461538461538461,1.5,15.0,-30.0,,,3,3,265.0,12.0,1148,1036,1393
9,202308010107,4,2,2,9,9,6,3,54,0,0,0,1,0,0,0,3,1,0,0,8,0,0,0,0,0,0,0,0,0,0,0,4,0,0,0,0,0.0,0.0,1.0,4.0,39.7,1.3,0.36363636363636365,0.0,0.0,10.0,9.0,37.4,1.9,1.0,0.0,0.0,11.0,12.0,13.9,7.3,1.0,4.0,-4.0,-500.0,0.075,0.2,4,5,78.6,10.0,1094,1618,334
10,202308010107,1,0,0,3,0,0,0,3,0,0,0,1,1,0,0,0,0,0,0,0,0,0,0,0,0,0,0,0,0,0,0,0,0,0,0,0,0.0,0.0,80.0,16.0,39.4,1.8,0.0625,0.0,0.0,70.0,14.0,43.4,4.6,0.06666666666666667,0.0,0.0,80.0,8.0,39.6,1.6,0.07692307692307693,-4.0,-20.0,-200.0,0.21739130434782608,0.391304347826087,1,1,13.0,6.0,882,332,695
11,202308010107,11,8,12,85,0,0,0,1,0,0,0,1,4,3,7,35,0,0,0,0,0,0,0,0,0,0,0,1,0,0,0,0,0,0,0,0,0.0,0.0,2.0,3.0,41.3,0.9,0.4166666666666667,0.0,0.0,14.0,13.0,39.4,2.0,0.5625,0.0,0.0,12.0,16.0,39.1,3.1,0.875,6.5,18.0,-200.0,0.0,0.05,5,6,31.5,9.0,1172,1520,1556
12,202308010107,13,17,14,138,0,0,0,1,0,0,0,1,0,6,2,35,0,0,0,1,0,0,0,1,0,0,0,5,0,0,0,0,0,0,0,0,0.0,0.0,5.0,8.0,40.5,2.0,0.375,0.0,0.0,14.0,11.0,38.0,2.3,0.7142857142857143,0.0,0.0,13.0,13.0,39.5,3.4,0.23076923076923078,2.5,-19.0,-200.0,,,6,9,350.9,13.0,1221,1041,1263
13,202308010111,2,3,2,58,1,0,0,0,0,0,0,0,0,1,1,18,0,0,0,0,0,0,0,0,0,0,0,0,0,0,0,0,0,0,0,0,0.0,0.0,10.0,4.0,37.8,0.1,0.0625,0.0,0.0,10.0,1.0,36.6,0.0,0.0625,0.0,0.0,10.0,2.0,36.0,0.0,0.07142857142857142,-1.0,4.0,-200.0,0.06521739130434782,0.2391304347826087,5,10,2.7,2.0,1393,871,1263
14,202308010111,9,10,11,63,3,3,4,64,0,0,0,3,4,4,3,18,3,1,3,26,0,0,0,3,0,0,0,0,0,0,0,1,0,0,0,0,0.0,0.0,80.0,10.0,35.5,1.6,0.7692307692307693,0.0,0.0,80.0,9.0,35.8,1.2,0.7142857142857143,0.0,0.0,50.0,8.0,37.2,0.7,0.21428571428571427,-1.0,-8.0,50.0,0.11428571428571428,0.3142857142857143,7,14,11.3,3.0,1716,1235,1167
15,202308010111,1,0,0,0,4,5,4,48,0,0,0,0,1,0,0,0,1,1,3,16,0,0,0,0,0,0,0,0,0,0,2,0,0,0,0,0,0.0,0.0,10.0,1.0,36.0,0.0,0.625,0.0,0.0,10.0,5.0,37.2,0.5,0.1875,0.0,0.0,10.0,1.0,36.1,0.0,0.21428571428571427,0.0,-4.0,0.0,0.25,0.4166666666666667,1,1,2.7,1.0,1657,1366,1317
16,202308010111,0,1,0,2,0,1,0,2,0,1,0,2,0,1,0,1,0,1,0,1,0,1,0,1,0,0,0,0,0,0,0,0,0,0,0,0,0.0,0.0,13.0,10.0,36.1,1.0,0.9285714285714286,0.0,0.0,16.0,14.0,35.5,1.6,0.875,0.0,0.0,10.0,6.0,36.2,0.7,0.8571428571428571,-2.0,10.0,0.0,0.17142857142857143,0.5142857142857142,7,13,13.6,5.0,134,26,832
17,202308010111,12,4,6,79,2,2,1,11,0,1,0,2,9,4,3,56,0,1,0,4,0,1,0,1,0,0,0,2,0,0,0,0,0,0,0,0,0.0,0.0,2.0,2.0,39.8,0.2,0.36363636363636365,0.0,0.0,13.0,11.0,35.4,1.9,0.9230769230769231,0.0,0.0,13.0,13.0,37.1,1.1,0.125,5.5,7.0,-200.0,0.037037037037037035,0.16666666666666666,1,2,113.5,14.0,1228,260,1108
18,202308010111,6,2,3,37,3,4,3,20,0,0,1,0,0,0,0,2,0,0,0,2,0,0,0,0,0,0,0,0,0,0,0,0,0,0,0,0,0.0,0.0,11.0,8.0,35.6,0.6,1.0,0.0,0.0,6.0,11.0,38.8,1.9,0.38461538461538464,0.0,0.0,10.0,9.0,36.2,0.3,0.875,0.5,4.0,0.0,0.07317073170731707,0.1951219512195122,4,7,23.3,8.0,1152,770,1428
19,202308010111,0,0,0,1,1,0,0,10,0,0,0,1,0,0,0,0,0,0,0,2,0,0,0,0,0,0,0,0,0,0,0,0,0,0,0,0,0.0,0.0,8.0,5.0,37.1,1.9,0.42857142857142855,0.0,0.0,13.0,10.0,37.7,2.2,0.35714285714285715,0.0,0.0,15.0,7.0,36.7,1.5,0.6875,1.0,-7.0,200.0,0.11627906976744186,0.32558139534883723,6,12,137.6,15.0,429,516,377
20,202308010111,10,11,15,96,2,1,0,24,0,0,0,1,3,6,5,35,1,0,0,5,0,0,0,0,0,0,1,3,0,0,0,0,0,0,0,0,0.0,0.0,40.0,5.0,35.9,0.7,0.5384615384615384,0.0,0.0,10.0,4.0,37.3,1.0,0.3125,0.0,0.0,20.0,1.0,35.9,0.0,0.3125,-2.0,8.0,0.0,0.15151515151515152,0.24242424242424243,3,5,12.4,4.0,1576,1393,1577
21,202308010111,0,0,0,0,3,1,2,5,0,0,0,0,0,0,0,0,2,0,0,2,0,0,0,0,0,0,0,0,0,0,0,0,0,0,0,0,0.0,0.0,10.0,12.0,40.3,2.9,0.13333333333333333,0.0,0.0,4.0,8.0,38.4,1.1,0.15384615384615385,0.0,0.0,6.0,12.0,38.2,2.7,0.08333333333333333,0.0,6.0,-200.0,0.13333333333333333,0.2,8,16,22.1,7.0,1722,1418,1559
22,202308010111,10,11,15,96,4,2,7,37,0,1,0,4,3,6,5,35,0,1,1,7,0,0,0,1,0,0,1,3,0,0,0,1,0,0,0,0,0.0,0.0,12.0,9.0,35.5,1.0,1.0,0.0,0.0,13.0,11.0,37.4,2.0,0.875,0.0,0.0,13.0,11.0,37.1,1.0,0.9375,1.0,4.0,0.0,0.09090909090909091,0.29545454545454547,4,8,24.2,9.0,1576,1428,1577
23,202308010111,10,11,15,96,10,9,11,97,0,0,1,0,3,6,5,35,1,3,3,17,0,0,0,0,0,0,1,3,0,0,0,0,0,0,0,0,0.0,0.0,7.0,6.0,36.6,1.2,1.0,0.0,0.0,13.0,11.0,38.1,2.5,0.5,0.0,0.0,8.0,11.0,37.2,2.0,0.75,2.5,0.0,0.0,0.09090909090909091,0.22727272727272727,2,3,76.9,13.0,1576,1167,1577
24,202308010111,0,0,0,0,0,0,0,1,0,0,0,0,0,0,0,0,0,0,0,1,0,0,0,0,0,0,0,0,0,0,0,0,0,0,0,0,0.0,0.0,9.0,8.0,37.0,1.0,0.2857142857142857,0.0,0.0,12.0,11.0,37.9,1.4,0.5,0.0,0.0,11.0,4.0,35.4,0.7,0.38461538461538464,-2.0,4.0,0.0,0.0,0.08333333333333333,6,11,74.0,12.0,1476,1255,1589
25,202308010111,10,11,15,96,1,1,0,13,1,1,0,2,3,6,5,35,0,0,0,2,0,0,0,0,0,0,1,3,0,0,0,0,0,0,0,0,0.0,0.0,8.0,4.0,36.9,0.6,0.9230769230769231,0.0,0.0,14.0,15.0,36.6,3.0,0.875,0.0,0.0,4.0,9.0,37.1,1.6,0.7333333333333333,2.5,11.0,0.0,0.08333333333333333,0.3333333333333333,2,4,17.2,6.0,1576,1613,1577
26,202308010111,1,0,0,3,0,0,0,0,0,0,0,0,1,0,0,0,0,0,0,0,0,0,0,0,0,0,0,0,0,0,0,0,0,0,0,0,0.0,0.0,,,,,,0.0,0.0,150.0,10.0,36.9,1.0,0.9375,0.0,0.0,110.0,14.0,37.8,3.5,0.9375,4.0,,-600.0,0.09090909090909091,0.21818181818181817,3,6,53.5,11.0,882,851,695
27,202308010111,0,0,0,3,11,11,12,88,0,0,0,0,0,0,0,0,5,4,8,21,0,0,0,0,0,0,0,0,0,0,0,0,0,0,0,0,0.0,0.0,60.0,10.0,39.2,3.5,0.3,0.0,0.0,150.0,17.0,35.2,2.3,0.2222222222222222,0.0,0.0,,,,,,7.0,7.0,200.0,,,8,15,37.1,10.0,1677,1559,1167
28,202308010111,13,11,9,108,13,11,10,107,1,2,2,9,4,2,1,25,7,1,1,22,1,0,0,3,0,1,0,3,1,0,0,1,0,0,0,1,0.0,0.0,90.0,4.0,37.0,0.8,0.8181818181818182,0.0,0.0,160.0,16.0,39.5,4.9,0.875,0.0,0.0,120.0,10.0,35.9,0.6,0.375,3.0,1.0,-100.0,0.08,0.36,5,9,165.5,16.0,1183,1263,1558
29,202308010203,10,11,15,96,0,1,0,4,0,0,0,0,3,6,5,35,0,0,0,2,0,0,0,0,2,4,3,9,0,0,0,2,0,0,0,0,,,,,,,,,,,,,,,,,,,,,,,,,0.125,0.3333333333333333,6,12,19.6,8.0,1576,1430,1577
30,202308010203,9,10,11,63,9,6,6,98,1,0,0,1,4,4,3,18,2,1,2,16,1,0,0,0,2,0,0,9,0,0,1,7,0,0,0,0,0.0,0.0,2.0,8.0,40.8,2.5,0.3125,0.0,0.0,3.0,3.0,38.2,0.5,0.1875,0.0,0.0,5.0,3.0,39.0,0.8,0.125,-2.5,-2.0,-500.0,0.08333333333333333,0.25,1,2,4.2,2.0,1716,1558,1167
31,202308010203,8,4,4,64,10,9,11,97,2,0,0,3,4,0,2,17,1,3,3,17,1,0,0,1,1,0,1,4,1,2,1,8,1,0,0,0,0.0,0.0,10.0,3.0,38.2,0.7,0.1875,0.0,0.0,10.0,2.0,36.7,0.1,0.125,0.0,0.0,10.0,2.0,37.7,0.8,0.5625,-0.5,2.0,-200.0,0.16216216216216217,0.5135135135135135,2,3,2.4,1.0,1520,1167,695
32,202308010203,7,10,8,51,3,3,4,64,0,0,0,1,0,1,0,5,3,1,3,26,0,0,0,1,0,1,0,4,1,0,1,10,0,0,0,0,0.0,0.0,100.0,4.0,37.0,0.5,0.25,0.0,0.0,120.0,9.0,38.9,1.3,0.3076923076923077,0.0,0.0,110.0,13.0,37.1,1.9,0.5714285714285714,4.5,0.0,0.0,0.03636363636363636,0.16363636363636364,3,5,47.8,9.0,1127,1235,1328
33,202308010203,0,0,0,0,0,0,0,1,0,0,0,0,0,0,0,0,0,0,0,0,0,0,0,0,0,0,0,0,0,0,0,0,0,0,0,0,0.0,0.0,1.0,,,,,0.0,0.0,5.0,5.0,37.3,0.5,0.6,0.0,0.0,2.0,3.0,39.1,1.1,0.125,-2.0,6.0,-300.0,0.0,0.25,5,9,15.7,5.0,1467,1332,336
34,202308010203,10,11,15,96,4,2,2,30,0,0,0,0,3,6,5,35,1,1,0,7,0,0,0,0,2,4,3,9,0,0,0,3,0,0,0,0,0.0,0.0,3.0,1.0,40.9,0.0,0.16666666666666666,0.0,0.0,3.0,5.0,37.9,0.5,0.4444444444444444,0.0,0.0,7.0,4.0,38.8,1.1,0.35714285714285715,1.5,10.0,-200.0,0.0,0.0,7,14,71.9,11.0,1576,1221,1577
35,202308010203,0,0,0,0,0,0,2,10,0,0,0,0,0,0,0,0,0,0,0,0,0,0,0,0,0,0,0,0,0,0,0,0,0,0,0,0,0.0,0.0,1.0,1.0,41.0,0.0,0.2222222222222222,0.0,0.0,4.0,8.0,37.4,2.8,0.2857142857142857,0.0,0.0,11.0,10.0,39.0,1.6,0.07142857142857142,4.5,-2.0,-200.0,0.2,0.36,7,13,116.5,12.0,1601,1110,239
36,202308010203,1,1,1,4,4,2,3,12,0,0,1,0,1,1,1,4,1,0,1,2,0,0,1,0,0,0,0,1,1,0,0,1,0,0,0,0,0.0,0.0,13.0,11.0,37.4,0.9,0.3333333333333333,0.0,0.0,6.0,15.0,33.5,0.8,0.2222222222222222,0.0,0.0,10.0,14.0,39.2,1.5,0.125,1.5,-2.0,0.0,0.03225806451612903,0.16129032258064516,4,8,4.9,3.0,1319,1228,334
37,202308010203,1,0,0,0,0,0,2,10,0,0,0,0,0,0,0,0,0,0,0,0,0,0,0,0,0,0,0,0,0,0,0,0,0,0,0,0,0.0,0.0,10.0,8.0,42.0,2.1,0.45454545454545453,0.0,0.0,5.0,13.0,37.6,3.7,0.5,0.0,0.0,6.0,9.0,38.7,1.2,0.13333333333333333,0.5,7.0,-200.0,0.08928571428571429,0.21428571428571427,8,15,17.3,6.0,1434,1110,969
38,202308010203,0,0,0,0,2,1,0,24,0,0,0,0,0,0,0,0,1,0,0,5,0,0,0,0,0,0,0,0,0,0,0,0,0,0,0,0,0.0,0.0,10.0,20.0,37.9,0.7,0.18181818181818182,0.0,0.0,80.0,130.0,36.5,2.0,0.7692307692307693,0.0,0.0,50.0,70.0,38.0,0.9,0.2,25.0,-2.0,0.0,0.07692307692307693,0.3076923076923077,6,11,10.0,4.0,1020,1393,1576
39,202308010203,2,5,1,21,2,0,0,4,0,0,0,0,0,1,0,4,1,0,0,3,0,0,0,0,0,1,0,3,1,0,0,3,0,0,0,0,0.0,0.0,4.0,6.0,39.2,1.8,0.8888888888888888,0.0,0.0,10.0,11.0,38.2,1.3,0.4,0.0,0.0,2.0,10.0,36.8,1.6,0.42857142857142855,2.0,6.0,-300.0,0.046875,0.25,2,4,52.5,10.0,1605,1507,1
40,202308010203,9,10,11,63,2,0,0,4,0,0,0,0,4,4,3,18,1,0,0,3,0,0,0,0,2,0,0,9,1,0,0,3,0,0,0,0,0.0,0.0,6.0,6.0,40.3,1.8,0.25,0.0,0.0,6.0,15.0,39.7,2.5,0.4375,0.0,0.0,7.0,12.0,39.3,2.4,0.4,3.0,22.0,-100.0,0.0,0.0,3,6,18.2,7.0,1716,1507,1167
41,202308010203,0,0,0,0,3,3,4,64,0,0,0,0,0,0,0,0,3,1,3,26,0,0,0,0,0,0,0,0,1,0,1,10,0,0,0,0,0.0,0.0,12.0,9.0,38.1,1.2,0.7857142857142857,0.0,0.0,10.0,15.0,38.6,2.0,0.25,0.0,0.0,5.0,14.0,35.5,1.6,0.7857142857142857,2.5,16.0,0.0,0.0,0.0,8,16,125.7,13.0,1401,1235,517
42,202308010203,0,0,0,0,0,0,0,0,0,0,0,0,0,0,0,0,0,0,0,0,0,0,0,0,0,0,0,0,0,0,0,0,0,0,0,0,0.0,0.0,16.0,13.0,41.7,4.3,0.75,0.0,0.0,14.0,14.0,37.9,3.3,0.9333333333333333,0.0,0.0,11.0,14.0,42.6,5.7,0.5333333333333333,0.5,2.0,-600.0,0.1276595744680851,0.19148936170212766,5,10,457.0,14.0,1537,1139,488
43,202308010203,0,0,0,0,9,6,3,54,0,0,0,0,0,0,0,0,1,0,0,8,0,0,0,0,0,0,0,0,0,0,0,2,0,0,0,0,0.0,0.0,2.0,9.0,41.7,1.8,0.6,0.0,0.0,16.0,18.0,39.2,4.7,0.5555555555555556,0.0,0.0,15.0,15.0,37.9,5.4,1.0,3.0,25.0,-100.0,0.0,0.0,4,7,513.2,15.0,1600,1618,680
44,202308010203,0,0,0,0,9,6,6,98,0,0,0,0,0,0,0,0,2,1,2,16,0,0,0,0,0,0,0,0,0,0,1,7,0,0,0,0,0.0,0.0,,,,,,0.0,0.0,150.0,15.0,41.2,6.6,0.8,0.0,0.0,60.0,8.0,39.6,1.7,0.3,-7.0,-2.0,0.0,,,1,1,,,1601,1558,239
45,202308010212,0,0,0,0,6,12,11,91,0,0,0,0,0,0,0,0,1,2,3,24,0,0,0,0,0,0,0,0,0,0,0,3,0,0,0,0,0.0,0.0,10.0,8.0,36.6,0.5,0.23076923076923078,0.0,0.0,10.0,4.0,37.0,0.2,0.3125,0.0,0.0,10.0,1.0,36.1,0.0,0.14285714285714285,-3.5,6.0,0.0,0.11267605633802817,0.323943661971831,3,5,3.5,2.0,1629,1183,1428
46,202308010212,9,6,5,57,9,6,6,98,1,1,0,3,1,0,0,9,2,1,2,16,1,0,0,1,0,0,0,0,0,0,0,1,0,0,0,0,0.0,0.0,100.0,13.0,37.9,1.9,0.8125,0.0,0.0,90.0,14.0,37.8,2.5,0.1875,0.0,0.0,10.0,16.0,39.4,2.9,0.4375,1.5,2.0,0.0,0.16666666666666666,0.5,1,1,3.0,1.0,1167,1558,460
47,202308010212,0,0,0,0,5,3,0,43,0,0,0,0,0,0,0,0,2,1,0,14,0,0,0,0,0,0,0,0,1,0,0,1,0,0,0,0,0.0,0.0,,,,,,0.0,0.0,20.0,5.0,36.8,0.4,0.4375,0.0,0.0,30.0,3.0,37.1,0.3,0.5,-2.0,-6.0,0.0,0.047619047619047616,0.23809523809523808,2,3,4.2,3.0,1270,1482,969
48,202308010212,0,0,2,20,0,0,1,18,0,0,0,1,0,0,0,3,0,0,0,1,0,0,0,0,0,0,0,0,0,0,0,0,0,0,0,0,0.0,0.0,5.0,5.0,38.7,0.8,0.4444444444444444,0.0,0.0,18.0,11.0,33.2,0.6,0.6111111111111112,0.0,0.0,14.0,10.0,36.6,1.1,0.8125,2.5,5.0,-200.0,0.0,0.0,6,12,43.2,9.0,1449,1599,1306
49,202308010212,0,0,0,0,2,2,2,14,0,0,0,0,0,0,0,0,0,0,0,3,0,0,0,0,0,0,0,0,0,0,0,0,0,0,0,0,0.0,0.0,50.0,3.0,36.2,0.2,0.23076923076923078,0.0,0.0,60.0,10.0,36.3,0.9,0.1875,0.0,0.0,10.0,8.0,37.3,1.1,0.0625,2.5,-6.0,0.0,0.0,0.0,5,10,13.7,5.0,309,225,249
50,202308010212,0,0,0,0,2,1,0,24,0,0,0,0,0,0,0,0,1,0,0,5,0,0,0,0,0,0,0,0,0,0,0,0,0,0,0,0,0.0,0.0,80.0,10.0,36.7,1.4,0.6875,0.0,0.0,90.0,1.0,36.7,0.0,0.6875,0.0,0.0,70.0,12.0,37.1,1.8,0.75,1.0,-8.0,0.0,0.20833333333333334,0.375,3,6,122.6,15.0,1467,1393,336
51,202308010212,2,1,2,37,0,0,0,3,0,0,0,0,0,0,0,5,0,0,0,1,0,0,0,0,0,0,0,0,0,0,0,0,0,0,0,0,0.0,0.0,70.0,9.0,37.7,1.1,0.5625,0.0,0.0,60.0,9.0,37.5,0.7,0.125,0.0,0.0,40.0,10.0,37.2,1.8,0.5,0.5,-8.0,-200.0,0.0851063829787234,0.2553191489361702,7,13,22.5,6.0,1304,753,1503
52,202308010212,0,0,0,3,4,5,4,48,0,0,0,2,0,0,0,0,1,1,3,16,0,0,0,0,0,0,0,0,0,0,0,0,0,0,0,0,0.0,0.0,7.0,8.0,40.2,2.4,0.7,0.0,0.0,11.0,10.0,36.4,1.4,0.7333333333333333,0.0,0.0,15.0,13.0,39.0,1.6,0.0625,2.5,8.0,-300.0,0.13043478260869565,0.1956521739130435,4,8,67.1,12.0,1291,1366,1589
53,202308010212,2,3,2,58,2,2,2,14,0,2,0,0,0,1,1,18,0,0,0,3,0,0,0,0,0,0,0,2,0,0,0,0,0,0,0,0,0.0,0.0,5.0,8.0,40.3,2.7,0.8333333333333334,0.0,0.0,12.0,14.0,37.0,1.7,0.9333333333333333,0.0,0.0,8.0,7.0,36.4,0.9,0.6666666666666666,-0.5,-3.0,-200.0,0.0,0.05263157894736842,7,14,73.7,13.0,1393,225,1263
54,202308010212,2,2,2,26,2,1,0,24,0,0,0,1,1,0,0,8,1,0,0,5,0,0,0,1,0,0,0,0,0,0,0,0,0,0,0,0,0.0,0.0,130.0,13.0,36.6,1.3,0.8666666666666667,0.0,0.0,150.0,12.0,36.3,1.1,0.9333333333333333,0.0,0.0,130.0,6.0,36.6,0.8,0.75,-3.5,-2.0,0.0,0.0,0.0,4,7,260.9,16.0,1090,1393,1169
55,202308010212,1,0,0,2,2,1,0,3,0,0,0,0,0,0,0,1,0,0,0,0,0,0,0,0,0,0,0,0,0,0,0,0,0,0,0,0,0.0,0.0,7.0,,,,0.5833333333333334,0.0,0.0,9.0,10.0,14.2,13.4,1.0,0.0,0.0,14.0,11.0,36.6,1.8,1.0,1.0,2.0,-200.0,0.11363636363636363,0.3181818181818182,6,11,99.5,14.0,832,57,351
56,202308010212,7,2,3,57,2,1,0,24,0,0,0,0,3,1,0,18,1,0,0,5,0,0,0,0,0,0,0,0,0,0,0,0,0,0,0,0,0.0,0.0,15.0,12.0,38.6,1.5,0.125,0.0,0.0,11.0,13.0,39.2,1.9,0.0625,0.0,0.0,12.0,14.0,38.9,1.2,0.0625,1.0,-4.0,0.0,0.24,0.44,5,9,7.6,4.0,1278,1393,625
57,202308010212,0,0,0,0,0,0,0,3,0,0,0,0,0,0,0,0,0,0,0,1,0,0,0,0,0,0,0,0,0,0,0,0,0,0,0,0,0.0,0.0,1.0,3.0,38.6,0.1,0.45454545454545453,0.0,0.0,14.0,14.0,38.7,1.5,0.5333333333333333,0.0,0.0,12.0,8.0,36.5,0.9,0.9230769230769231,2.5,1.0,-30.0,0.08108108108108109,0.24324324324324326,8,16,40.5,7.0,1020,1278,1576
58,202308010212,0,0,0,2,3,3,4,18,0,0,0,0,0,0,0,1,0,1,1,6,0,0,0,0,0,0,0,0,0,0,0,0,0,0,0,0,0.0,0.0,6.0,5.0,37.6,0.4,0.5,0.0,0.0,7.0,16.0,38.6,3.4,0.9375,0.0,0.0,10.0,14.0,37.7,2.2,0.6875,4.5,22.0,0.0,0.0,0.0,1,2,52.2,10.0,1586,1014,1167
59,202308010212,0,0,0,0,6,7,8,81,0,0,0,0,0,0,0,0,2,2,2,22,0,0,0,0,0,0,0,0,0,1,0,1,0,0,0,0,0.0,0.0,9.0,13.0,38.6,2.3,0.3076923076923077,0.0,0.0,3.0,9.0,36.3,1.5,0.35714285714285715,0.0,0.0,14.0,14.0,38.0,2.2,0.4666666666666667,0.5,8.0,0.0,0.04918032786885246,0.2459016393442623,8,15,42.0,8.0,1270,1013,969
60,202308010212,9,10,11,63,0,0,0,0,0,0,0,0,4,4,3,18,0,0,0,0,0,0,0,0,1,0,2,3,0,0,0,0,0,0,0,0,0.0,0.0,150.0,13.0,39.7,2.6,0.5625,0.0,0.0,70.0,8.0,38.3,0.9,0.1875,0.0,0.0,50.0,1.0,36.8,0.0,0.06666666666666667,-6.0,0.0,0.0,0.11363636363636363,0.3409090909090909,2,4,58.7,11.0,1716,1172,1167
61,202308010402,0,1,0,5,0,0,0,0,0,0,0,0,0,1,0,1,0,0,0,0,0,0,0,0,0,0,0,1,0,0,0,0,0,0,0,0,0.0,0.0,6.0,8.0,44.6,1.4,0.18181818181818182,0.0,0.0,11.0,16.0,41.1,3.3,0.0625,0.0,0.0,12.0,16.0,38.6,2.3,0.3125,4.0,8.0,-200.0,0.046153846153846156,0.24615384615384617,3,5,14.2,6.0,1278,1396,625
62,202308010402,0,0,0,1,0,0,0,0,0,0,0,0,0,0,0,0,0,0,0,0,0,0,0,0,0,0,0,0,0,0,0,0,0,0,0,0,0.0,0.0,10.0,,,,0.14285714285714285,0.0,0.0,11.0,11.0,39.1,2.2,0.5,0.0,0.0,5.0,9.0,37.8,1.4,0.1875,-2.0,8.0,200.0,0.0,0.21428571428571427,3,6,78.9,9.0,1426,1489,306
63,202308010402,0,0,0,0,0,0,0,1,0,0,0,0,0,0,0,0,0,0,0,0,0,0,0,0,0,0,0,0,0,0,0,0,0,0,0,0,0.0,0.0,2.0,1.0,39.5,0.0,0.2,0.0,0.0,4.0,9.0,38.4,1.6,0.26666666666666666,0.0,0.0,5.0,3.0,36.8,0.0,0.26666666666666666,1.0,15.0,-200.0,0.03125,0.15625,7,13,10.6,4.0,1684,1571,1328
64,202308010402,0,0,0,0,1,0,1,8,0,0,0,0,0,0,0,0,0,0,0,1,0,0,0,0,0,0,0,0,0,0,0,0,0,0,0,0,0.0,0.0,1.0,4.0,40.9,0.2,0.25,0.0,0.0,2.0,7.0,36.1,1.3,0.5,0.0,0.0,6.0,7.0,38.1,0.7,0.0625,1.5,-7.0,-300.0,0.08888888888888889,0.28888888888888886,2,4,31.6,7.0,1275,1183,1520
65,202308010402,0,0,0,0,0,0,0,0,0,0,0,0,0,0,0,0,0,0,0,0,0,0,0,0,0,0,0,0,0,0,0,0,0,0,0,0,0.0,0.0,90.0,8.0,39.3,1.9,0.125,0.0,0.0,80.0,11.0,39.2,2.0,0.4375,0.0,0.0,90.0,4.0,38.3,0.7,0.125,-2.0,10.0,-200.0,0.136986301369863,0.3424657534246575,2,3,10.4,3.0,1600,1172,680
66,202308010402,0,1,0,5,0,0,0,0,0,0,0,0,0,1,0,1,0,0,0,0,0,0,0,0,0,0,0,1,0,0,0,0,0,0,0,0,0.0,0.0,40.0,2.0,37.8,0.2,0.25,0.0,0.0,80.0,3.0,38.8,0.7,0.4375,,,,,,,,1.0,-4.0,0.0,0.0,0.0,8,15,5.2,2.0,1278,1510,625
67,202308010402,0,0,0,1,1,0,0,0,0,0,0,0,0,0,0,0,0,0,0,0,0,0,0,0,0,0,0,0,0,0,0,0,0,0,0,0,0.0,0.0,2.0,1.0,38.3,0.0,0.2727272727272727,0.0,0.0,13.0,8.0,35.2,1.1,0.8571428571428571,0.0,0.0,11.0,8.0,37.3,1.3,0.5,3.5,10.0,-200.0,0.04,0.12,5,9,466.5,16.0,1089,1412,1428
68,202308010402,2,1,0,2,0,0,0,0,0,0,0,0,1,0,0,0,0,0,0,0,0,0,0,0,0,0,0,0,0,0,0,0,0,0,0,0,0.0,0.0,9.0,,,,0.5454545454545454,0.0,0.0,10.0,9.0,34.8,1.3,1.0,0.0,0.0,12.0,13.0,38.6,2.8,0.42857142857142855,4.0,6.0,-900.0,0.0,0.0,1,2,11.7,5.0,1605,1036,1
69,202308010402,0,1,0,0,0,0,0,0,0,0,0,0,0,0,0,0,0,0,0,0,0,0,0,0,0,0,0,0,0,0,0,0,0,0,0,0,0.0,0.0,40.0,2.0,35.9,0.2,0.0625,0.0,0.0,20.0,2.0,37.4,1.0,0.125,0.0,0.0,60.0,3.0,38.9,0.2,0.0625,0.5,0.0,0.0,0.08333333333333333,0.20833333333333334,1,1,1.6,1.0,1507,553,593
70,202308010402,0,0,0,0,1,0,1,8,0,0,0,0,0,0,0,0,0,0,0,1,0,0,0,0,0,0,0,0,0,0,0,0,0,0,0,0,0.0,0.0,20.0,3.0,38.2,0.5,0.3333333333333333,0.0,0.0,110.0,11.0,40.6,4.0,0.7142857142857143,0.0,0.0,110.0,10.0,38.8,1.8,0.375,3.5,7.0,0.0,0.058823529411764705,0.11764705882352941,4,7,144.5,11.0,1204,1183,1221
71,202308010402,0,1,0,5,0,1,0,3,0,0,0,0,0,1,0,3,0,0,0,0,0,0,0,0,0,0,0,0,0,0,0,0,0,0,0,0,0.0,0.0,4.0,6.0,40.3,0.7,0.8333333333333334,0.0,0.0,10.0,4.0,38.4,1.3,0.9285714285714286,0.0,0.0,8.0,5.0,39.3,1.4,0.9285714285714286,-0.5,26.0,-200.0,,,5,10,78.9,10.0,1645,1014,1366
72,202308010402,0,1,0,5,0,1,0,3,0,0,0,1,0,1,0,1,0,0,0,0,0,0,0,0,0,0,0,1,0,0,0,0,0,0,0,0,0.0,0.0,7.0,5.0,39.5,1.2,0.6666666666666666,0.0,0.0,15.0,12.0,38.5,2.3,0.625,0.0,0.0,10.0,11.0,36.3,1.8,0.6428571428571429,3.0,8.0,0.0,0.0,0.2857142857142857,8,16,354.3,15.0,1278,1014,625
73,202308010402,0,0,0,0,0,0,0,0,0,0,0,0,0,0,0,0,0,0,0,0,0,0,0,0,0,0,0,0,0,0,0,0,0,0,0,0,0.0,0.0,2.0,5.0,41.1,1.5,0.3333333333333333,0.0,0.0,15.0,10.0,39.7,3.3,0.7333333333333333,0.0,0.0,14.0,15.0,36.2,3.0,0.9444444444444444,5.0,11.0,-200.0,0.13043478260869565,0.2318840579710145,6,12,190.1,12.0,1064,1019,1556
74,202308010402,0,0,0,4,1,0,1,12,0,0,0,0,0,0,0,1,0,0,0,2,0,0,0,0,0,0,0,0,0,0,0,0,0,0,0,0,0.0,0.0,2.0,4.0,39.4,1.0,0.7142857142857143,0.0,0.0,14.0,11.0,36.4,1.4,0.5625,0.0,0.0,14.0,11.0,39.1,2.1,0.5625,3.5,-6.0,-200.0,0.0,0.0,7,14,288.9,14.0,1642,1167,1124
75,202308010402,0,0,0,1,0,0,0,0,0,0,0,0,0,0,0,0,0,0,0,0,0,0,0,0,0,0,0,0,0,0,0,0,0,0,0,0,0.0,0.0,8.0,3.0,36.1,0.2,0.29411764705882354,0.0,0.0,11.0,11.0,35.1,2.1,0.5555555555555556,0.0,0.0,15.0,3.0,36.8,0.6,0.8,0.0,-2.0,-1200.0,,,6,11,197.5,13.0,1333,1438,1294
76,202308010402,0,0,0,9,1,1,1,1,0,0,0,0,0,0,0,2,0,0,0,0,0,0,0,0,0,0,0,1,0,0,0,0,0,0,0,0,0.0,0.0,9.0,1.0,40.8,0.0,0.09090909090909091,0.0,0.0,8.0,16.0,41.6,6.2,0.875,,,,,,,,15.0,-2.0,-500.0,0.08771929824561403,0.21052631578947367,4,8,41.4,8.0,1716,225,1167
77,202308010412,0,0,0,2,3,2,0,21,0,0,0,0,0,0,0,0,1,0,0,3,0,0,0,0,0,0,0,0,0,0,0,1,0,0,0,0,0.0,0.0,10.0,1.0,36.4,0.0,0.1875,0.0,0.0,50.0,3.0,35.2,0.0,0.4375,0.0,0.0,40.0,7.0,38.9,1.0,0.15384615384615385,3.0,2.0,50.0,0.0,0.0625,6,12,4.4,2.0,1509,1345,1110
78,202308010412,4,5,1,34,0,0,1,6,0,0,0,0,3,4,1,14,0,0,0,2,0,0,0,0,0,1,0,1,0,0,0,0,0,0,0,0,0.0,0.0,13.0,12.0,38.1,2.1,0.8125,0.0,0.0,11.0,11.0,37.9,3.9,1.0,0.0,0.0,16.0,8.0,36.7,0.7,0.9375,-2.0,12.0,0.0,0.08163265306122448,0.2653061224489796,2,4,19.5,8.0,1576,1482,1577
79,202308010412,1,5,2,16,0,0,0,4,0,0,0,0,0,0,0,1,0,0,0,2,0,0,0,0,0,0,0,0,0,0,0,0,0,0,0,0,0.0,0.0,11.0,11.0,35.7,1.3,0.625,0.0,0.0,12.0,1.0,37.0,0.0,0.4375,0.0,0.0,3.0,1.0,36.4,0.0,0.3,-5.0,-8.0,0.0,,,5,9,8.6,4.0,1152,1228,1428
80,202308010412,0,0,0,0,2,0,0,1,0,0,0,0,0,0,0,0,1,0,0,1,0,0,0,0,0,0,0,0,0,0,0,0,0,0,0,0,0.0,0.0,11.0,13.0,38.6,1.9,0.5714285714285714,0.0,0.0,7.0,4.0,37.1,0.4,0.5,0.0,0.0,7.0,1.0,35.6,0.0,0.6923076923076923,-6.0,6.0,-200.0,0.0,0.23076923076923078,3,6,15.1,7.0,1534,1110,1235
81,202308010412,1,2,3,18,2,0,2,13,0,0,1,0,0,0,1,2,1,0,2,7,0,0,1,0,0,0,0,0,1,0,0,0,0,0,0,0,0.0,0.0,15.0,16.0,36.4,1.7,0.2777777777777778,0.0,0.0,14.0,14.0,34.1,0.6,0.625,0.0,0.0,12.0,13.0,34.9,0.6,0.4375,-1.5,-4.0,0.0,0.23076923076923078,0.4230769230769231,7,14,5.7,3.0,1503,1235,1263
82,202308010412,0,0,0,0,1,2,2,26,0,0,0,0,0,0,0,0,0,0,0,4,0,0,0,0,0,0,0,0,0,0,0,0,0,0,0,0,0.0,0.0,14.0,13.0,39.2,2.5,0.14285714285714285,0.0,0.0,11.0,13.0,39.2,1.9,0.14285714285714285,0.0,0.0,6.0,13.0,38.0,2.4,0.07692307692307693,0.0,8.0,0.0,0.125,0.1875,3,5,57.6,11.0,1270,1263,969
83,202308010412,0,0,0,2,0,0,1,0,0,0,0,0,0,0,0,1,0,0,0,0,0,0,0,0,0,0,0,0,0,0,0,0,0,0,0,0,0.0,0.0,,,,,,0.0,0.0,130.0,15.0,34.3,1.0,0.26666666666666666,0.0,0.0,130.0,9.0,36.2,1.2,0.6875,-6.0,4.0,0.0,0.04838709677419355,0.24193548387096775,4,7,25.2,9.0,1396,568,1556
84,202308010412,1,3,1,26,0,1,1,0,0,0,0,0,0,1,0,8,0,0,0,0,0,0,0,0,0,0,0,0,0,0,0,0,0,0,0,0,0.0,0.0,30.0,2.0,36.9,0.4,0.3125,0.0,0.0,20.0,3.0,37.0,0.4,0.375,0.0,0.0,10.0,1.0,36.8,0.0,0.375,-0.5,-2.0,0.0,0.15789473684210525,0.5263157894736842,1,2,2.9,1.0,1172,247,1556
85,202308010412,1,2,0,1,1,1,0,4,0,0,0,0,1,1,0,1,0,0,0,1,0,0,0,0,0,0,0,1,0,0,0,0,0,0,0,0,0.0,0.0,120.0,6.0,36.7,0.7,0.75,0.0,0.0,100.0,15.0,37.5,1.9,0.7333333333333333,0.0,0.0,20.0,5.0,35.5,0.6,0.2857142857142857,-0.5,2.0,0.0,0.07142857142857142,0.19047619047619047,8,16,98.9,13.0,1611,1014,1263
86,202308010412,0,0,0,0,0,0,0,0,0,0,0,0,0,0,0,0,0,0,0,0,0,0,0,0,0,0,0,0,0,0,0,0,0,0,0,0,0.0,0.0,8.0,11.0,44.2,2.9,0.36363636363636365,0.0,0.0,14.0,14.0,37.9,2.7,0.8666666666666667,0.0,0.0,10.0,5.0,36.9,0.5,0.4375,-3.0,-12.0,-300.0,0.0,0.45454545454545453,7,13,13.9,6.0,293,464,334
87,202308010412,0,0,0,0,0,0,0,1,0,0,0,0,0,0,0,0,0,0,0,0,0,0,0,0,0,0,0,0,0,0,0,0,0,0,0,0,0.0,0.0,12.0,11.0,37.8,1.4,0.6875,0.0,0.0,9.0,15.0,37.5,1.9,0.4375,0.0,0.0,9.0,13.0,34.5,1.1,1.0,1.0,-2.0,0.0,0.0,0.3076923076923077,8,15,82.8,12.0,832,969,351
88,202308010412,0,0,1,0,0,0,0,2,0,0,0,0,0,0,0,0,0,0,0,0,0,0,0,0,0,0,0,0,0,0,0,0,0,0,0,0,0.0,0.0,2.0,10.0,39.9,2.9,0.3,0.0,0.0,7.0,13.0,34.8,1.0,0.8461538461538461,0.0,0.0,10.0,12.0,38.6,1.5,0.1875,1.0,6.0,200.0,0.1323529411764706,0.23529411764705882,6,11,53.7,10.0,1332,548,857
89,202308010412,0,0,0,3,0,0,0,1,0,0,0,0,0,0,0,0,0,0,0,1,0,0,0,0,0,0,0,0,0,0,0,0,0,0,0,0,0.0,0.0,40.0,1.0,35.8,0.0,0.08333333333333333,0.0,0.0,100.0,9.0,38.5,1.7,0.2,0.0,0.0,70.0,9.0,38.6,1.5,0.16666666666666666,4.0,-4.0,0.0,0.0,0.0,1,1,11.2,5.0,1333,1327,1294
90,202308010412,1,0,0,1,1,0,0,10,0,0,0,0,1,0,0,0,0,0,0,1,0,0,0,0,0,0,0,0,0,0,0,0,0,0,0,0,0.0,0.0,,,,,,0.0,0.0,150.0,16.0,36.6,3.4,1.0,0.0,0.0,150.0,14.0,38.2,2.1,0.8125,-2.0,,-400.0,0.0,0.3333333333333333,5,10,141.8,15.0,1319,1376,334
91,202308010412,0,0,0,0,0,0,0,0,0,0,0,0,0,0,0,0,0,0,0,0,0,0,0,0,0,0,0,0,0,0,0,0,0,0,0,0,0.0,0.0,14.0,15.0,39.7,2.4,0.125,0.0,0.0,13.0,11.0,36.2,0.6,0.05555555555555555,0.0,0.0,13.0,7.0,35.3,0.3,0.6666666666666666,-4.0,2.0,0.0,0.08695652173913043,0.21739130434782608,2,3,107.4,14.0,803,108,666
92,202308010412,0,1,2,8,0,1,2,2,0,0,0,0,0,1,0,1,0,0,2,1,0,0,0,0,0,0,0,0,0,0,0,1,0,0,0,0,0.0,0.0,20.0,6.0,40.6,2.2,0.5454545454545454,0.0,0.0,160.0,16.0,38.9,2.9,0.875,0.0,0.0,160.0,16.0,40.6,4.1,0.25,5.0,-3.0,-200.0,0.1111111111111111,0.3333333333333333,4,8,373.9,16.0,1348,1417,1221
93,202308010503,1,0,0,6,0,0,0,1,0,0,0,0,0,0,0,1,0,0,0,0,0,0,0,0,0,0,0,0,0,0,0,0,0,0,0,0,0.0,0.0,40.0,5.0,39.6,1.6,0.25,,,,,,,,,,,,,,,,,-200.0,0.15384615384615385,0.5128205128205128,3,6,4.4,2.0,32,604,664
94,202308010503,0,0,0,0,0,1,1,12,0,0,0,0,0,0,0,0,0,0,0,1,0,0,0,0,0,0,0,0,0,0,0,1,0,0,0,0,0.0,0.0,60.0,2.0,36.4,1.0,0.5,0.0,0.0,30.0,5.0,38.1,0.7,0.375,0.0,0.0,40.0,4.0,38.8,0.2,0.375,1.0,6.0,0.0,0.08695652173913043,0.2826086956521739,2,3,2.8,1.0,539,324,197
95,202308010503,8,4,4,64,6,12,11,91,0,0,0,0,4,0,2,17,1,2,3,24,0,0,0,0,1,0,1,4,1,0,2,12,0,0,0,0,0.0,0.0,1.0,3.0,39.7,1.6,0.6666666666666666,0.0,0.0,15.0,13.0,37.1,2.0,0.7333333333333333,0.0,0.0,14.0,8.0,36.4,0.5,0.9375,2.5,11.0,-200.0,0.1111111111111111,0.3111111111111111,4,7,5.1,4.0,1520,1183,695
96,202308010503,0,1,1,19,0,0,1,3,0,0,0,0,0,0,1,6,0,0,1,1,0,0,0,0,0,0,1,0,0,0,1,1,0,0,0,0,0.0,0.0,1.0,1.0,31.5,0.0,0.6363636363636364,0.0,0.0,10.0,11.0,38.2,1.9,0.4666666666666667,0.0,0.0,7.0,9.0,38.5,1.4,0.25,4.0,-6.0,-200.0,0.13513513513513514,0.33783783783783783,1,1,34.9,8.0,1333,1026,1294
97,202308010503,1,0,0,0,9,8,6,97,0,0,0,0,0,0,0,0,5,2,5,22,0,0,0,0,0,0,0,0,2,2,3,7,0,0,0,0,0.0,0.0,,,,,,0.0,0.0,60.0,4.0,35.4,0.2,0.3333333333333333,0.0,0.0,150.0,2.0,35.1,0.1,0.2777777777777778,-2.0,0.0,-30.0,0.0,0.0,5,10,15.5,5.0,1434,1556,969
98,202308010503,10,11,15,96,3,3,4,64,0,0,0,4,3,6,5,35,3,1,3,26,0,0,0,2,2,4,3,9,1,0,1,10,0,0,0,2,0.0,0.0,7.0,8.0,39.4,1.3,0.125,0.0,0.0,8.0,6.0,37.6,0.6,0.25,0.0,0.0,3.0,4.0,37.2,0.8,0.1875,-2.0,8.0,-500.0,0.06060606060606061,0.25757575757575757,8,15,4.9,3.0,1576,1235,1577
99,202308010503,0,0,0,0,0,0,2,10,0,0,0,0,0,0,0,0,0,0,0,0,0,0,0,0,0,0,0,0,0,0,0,0,0,0,0,0,0.0,0.0,16.0,12.0,36.6,1.8,1.0,0.0,0.0,11.0,14.0,34.8,1.5,0.875,0.0,0.0,10.0,12.0,38.2,1.4,0.4375,0.0,-2.0,0.0,0.12857142857142856,0.22857142857142856,3,5,35.6,9.0,1534,1110,1235
100,202308010503,1,0,0,0,8,7,9,80,0,0,0,0,1,0,0,0,0,4,2,18,0,0,0,0,1,0,0,0,0,1,0,7,0,0,0,0,0.0,0.0,6.0,2.0,37.8,0.0,0.0625,0.0,0.0,9.0,2.0,36.3,0.2,0.16666666666666666,0.0,0.0,9.0,11.0,38.7,1.4,0.6875,4.5,0.0,50.0,0.18181818181818182,0.22727272727272727,4,8,88.1,12.0,1657,1405,1317
101,202308010503,0,0,0,0,2,3,1,24,0,0,0,0,0,0,0,0,1,2,0,9,0,0,0,0,0,0,0,0,1,2,0,2,0,0,0,0,0.0,0.0,12.0,14.0,38.3,2.6,0.875,0.0,0.0,10.0,9.0,38.5,1.6,0.21428571428571427,0.0,0.0,11.0,12.0,39.7,3.4,0.1875,-1.0,-8.0,0.0,0.0,0.0,2,4,54.1,10.0,1629,1036,1428
102,202308010503,0,0,0,0,0,0,2,10,0,0,0,0,0,0,0,0,0,0,0,0,0,0,0,0,0,0,0,0,0,0,0,0,0,0,0,0,0.0,0.0,1.0,1.0,41.0,0.0,0.2222222222222222,0.0,0.0,4.0,8.0,37.4,2.8,0.2857142857142857,0.0,0.0,11.0,10.0,39.0,1.6,0.07142857142857142,4.5,-2.0,-200.0,0.19230769230769232,0.34615384615384615,6,11,56.4,11.0,1601,1110,239
103,202308010503,0,0,0,3,3,3,4,18,0,0,0,0,0,0,0,0,0,1,1,6,0,0,0,0,0,0,0,0,0,1,1,2,0,0,0,0,0.0,0.0,20.0,110.0,41.7,1.4,0.75,0.0,0.0,40.0,60.0,40.4,1.9,0.2222222222222222,0.0,0.0,60.0,90.0,37.8,1.1,0.09090909090909091,-10.0,-5.0,-300.0,0.0,0.0,6,12,139.7,13.0,1516,1014,1039
104,202308010503,0,0,0,0,1,0,0,9,0,0,0,0,0,0,0,0,1,0,0,6,0,0,0,0,0,0,0,0,0,0,0,0,0,0,0,0,0.0,0.0,6.0,9.0,40.6,1.4,0.7272727272727273,0.0,0.0,15.0,14.0,36.5,1.5,0.16666666666666666,0.0,0.0,6.0,12.0,39.2,2.5,0.35714285714285715,1.5,3.0,-200.0,0.10869565217391304,0.32608695652173914,7,14,17.3,6.0,1289,1313,1428
105,202308010503,1,2,3,27,2,1,0,24,0,0,0,1,1,0,1,9,1,0,0,5,0,0,0,0,0,0,1,7,0,0,0,0,0,0,0,0,0.0,0.0,6.0,6.0,42.2,3.4,0.375,0.0,0.0,14.0,13.0,39.3,3.3,0.7857142857142857,0.0,0.0,8.0,18.0,37.2,2.6,0.2222222222222222,6.0,29.0,-200.0,0.030303030303030304,0.18181818181818182,5,9,200.0,14.0,1489,1393,565
106,202308010503,0,0,0,0,0,0,0,2,0,0,0,0,0,0,0,0,0,0,0,0,0,0,0,0,0,0,0,0,0,0,0,0,0,0,0,0,0.0,0.0,7.0,7.0,41.1,6.7,1.0,0.0,0.0,7.0,14.0,44.6,13.5,1.0,,,,,,,,7.0,6.0,0.0,0.08620689655172414,0.20689655172413793,8,16,29.4,7.0,445,734,760
107,202308010503,0,0,0,0,5,3,0,43,0,0,0,0,0,0,0,0,2,1,0,14,0,0,0,0,0,0,0,0,0,1,0,11,0,0,0,0,0.0,0.0,30.0,9.0,43.9,3.2,0.2,0.0,0.0,150.0,6.0,37.7,2.3,0.625,0.0,0.0,160.0,8.0,40.2,1.8,0.375,-0.5,-1.0,-200.0,,,1,2,,,1246,1482,533
108,202308010503,9,10,11,63,0,1,0,7,0,0,0,0,4,4,3,18,0,0,0,2,0,0,0,0,2,0,0,9,0,0,0,0,0,0,0,0,0.0,0.0,20.0,4.0,38.8,0.5,0.5,0.0,0.0,40.0,10.0,38.2,1.8,0.4375,0.0,0.0,,,,,,6.0,38.0,0.0,,,7,13,,,1716,548,1167
109,202308010608,0,0,0,1,0,0,0,0,0,0,0,0,0,0,0,0,0,0,0,0,0,0,0,0,0,0,0,0,0,0,0,0,0,0,0,0,0.0,0.0,20.0,2.0,36.8,0.1,0.07692307692307693,0.0,0.0,20.0,14.0,40.5,2.1,0.375,0.0,0.0,20.0,2.0,38.2,0.0,0.3125,0.0,2.0,0.0,0.07894736842105263,0.23684210526315788,8,15,2.0,1.0,1657,1642,1317
110,202308010608,0,0,0,0,1,2,2,6,0,0,0,0,0,0,0,0,0,0,0,1,0,0,0,0,0,0,0,0,0,0,0,0,0,0,0,0,0.0,0.0,100.0,6.0,36.9,1.2,0.46153846153846156,0.0,0.0,120.0,9.0,37.7,0.6,0.6153846153846154,0.0,0.0,130.0,9.0,36.5,0.7,0.2,1.5,0.0,0.0,0.05263157894736842,0.05263157894736842,1,2,57.4,11.0,1090,1405,1169
111,202308010608,0,0,0,1,0,0,0,0,0,0,0,0,0,0,0,0,0,0,0,0,0,0,0,0,0,0,0,0,0,0,0,0,0,0,0,0,0.0,0.0,40.0,2.0,37.0,0.3,0.4666666666666667,0.0,0.0,50.0,6.0,36.7,1.3,0.75,0.0,0.0,30.0,10.0,38.1,1.5,0.625,4.0,-2.0,-200.0,0.0,0.047619047619047616,7,14,3.6,2.0,1089,1404,1428
112,202308010608,0,0,0,0,0,1,0,1,0,0,0,0,0,0,0,0,0,1,0,0,0,0,0,0,0,0,0,0,0,1,0,0,0,0,0,0,0.0,0.0,30.0,8.0,37.8,0.6,0.6666666666666666,0.0,0.0,120.0,4.0,37.6,0.4,0.4375,0.0,0.0,90.0,9.0,36.8,1.2,0.6428571428571429,0.5,-2.0,0.0,0.0,0.26666666666666666,1,1,9.1,3.0,1204,351,1221
113,202308010608,0,0,0,0,1,0,1,8,0,0,0,0,0,0,0,0,0,0,0,1,0,0,0,0,0,0,0,0,0,0,0,1,0,0,0,0,0.0,0.0,9.0,9.0,39.8,3.0,0.7272727272727273,0.0,0.0,13.0,8.0,36.9,1.2,1.0,0.0,0.0,9.0,9.0,37.4,1.2,0.7692307692307693,0.0,6.0,-600.0,0.0,0.045454545454545456,4,7,305.7,16.0,1432,1183,1428
114,202308010608,0,0,0,1,0,0,0,0,0,0,0,0,0,0,0,0,0,0,0,0,0,0,0,0,0,0,0,0,0,0,0,0,0,0,0,0,0.0,0.0,8.0,10.0,36.8,1.3,0.6666666666666666,0.0,0.0,4.0,5.0,36.2,0.4,0.16666666666666666,0.0,0.0,3.0,7.0,36.3,0.4,0.3333333333333333,-1.5,0.0,200.0,0.029411764705882353,0.17647058823529413,2,4,42.8,10.0,1426,1438,306
115,202308010608,0,2,0,4,0,0,0,0,0,0,0,0,0,0,0,1,0,0,0,0,0,0,0,0,0,0,0,0,0,0,0,0,0,0,0,0,0.0,0.0,2.0,3.0,41.3,0.9,0.4166666666666667,0.0,0.0,14.0,13.0,39.4,2.0,0.5625,0.0,0.0,12.0,16.0,39.1,3.1,0.875,6.5,18.0,-200.0,0.0847457627118644,0.2033898305084746,2,3,198.8,14.0,1172,1520,1556
116,202308010608,0,0,0,0,0,0,0,0,0,0,0,0,0,0,0,0,0,0,0,0,0,0,0,0,0,0,0,0,0,0,0,0,0,0,0,0,0.0,0.0,150.0,14.0,38.0,1.5,0.6666666666666666,0.0,0.0,140.0,16.0,44.0,6.7,0.1875,,,,,,,,2.0,0.0,-200.0,,,3,6,127.2,12.0,1446,1018,75
117,202308010608,0,0,0,0,0,0,0,2,0,0,0,0,0,0,0,0,0,0,0,0,0,0,0,0,0,0,0,0,0,0,0,0,0,0,0,0,0.0,0.0,150.0,6.0,37.7,1.3,0.375,0.0,0.0,70.0,4.0,37.2,1.8,0.5384615384615384,0.0,0.0,90.0,16.0,39.9,3.3,0.625,5.0,0.0,0.0,0.0,0.0,3,5,30.9,8.0,1674,848,1428
118,202308010608,0,0,0,2,0,1,0,6,0,0,0,0,0,0,0,0,0,0,0,1,0,0,0,0,0,0,0,0,0,0,0,0,0,0,0,0,0.0,0.0,80.0,8.0,37.5,2.0,0.5384615384615384,0.0,0.0,50.0,11.0,37.1,1.5,0.8125,0.0,0.0,100.0,5.0,36.4,0.7,0.9375,-1.5,6.0,0.0,0.0,0.0,7,13,187.2,13.0,1713,1235,215
119,202308010608,1,0,2,8,0,0,0,2,0,0,0,0,0,0,0,1,0,0,0,2,0,0,0,0,0,0,0,1,0,0,0,1,0,0,0,0,0.0,0.0,2.0,7.0,39.8,1.1,0.08333333333333333,0.0,0.0,5.0,5.0,13.8,4.1,0.8,0.0,0.0,8.0,9.0,13.9,4.7,0.7,1.0,-1.0,-800.0,0.0392156862745098,0.11764705882352941,6,12,10.1,4.0,1503,324,1263
120,202308010608,0,0,0,0,2,2,0,8,0,0,0,0,0,0,0,0,1,1,0,3,0,0,0,0,0,0,0,0,0,0,0,1,0,0,0,0,0.0,0.0,10.0,8.0,41.6,2.6,0.4166666666666667,0.0,0.0,12.0,10.0,37.5,2.1,0.5625,0.0,0.0,12.0,11.0,36.8,1.3,0.6666666666666666,1.5,21.0,-30.0,,,4,8,27.5,7.0,1270,1013,969
121,202308010608,0,0,0,2,0,0,0,3,0,0,0,0,0,0,0,1,0,0,0,0,0,0,0,0,0,0,0,0,0,0,0,0,0,0,0,0,0.0,0.0,14.0,14.0,36.1,1.5,0.7857142857142857,0.0,0.0,16.0,16.0,40.2,3.5,0.6875,0.0,0.0,15.0,13.0,37.1,1.6,0.875,-0.5,10.0,200.0,0.0,0.0,5,10,257.0,15.0,1476,1436,1589
122,202308010608,0,0,0,0,0,0,0,1,0,0,0,0,0,0,0,0,0,0,0,0,0,0,0,0,0,0,0,0,0,0,0,0,0,0,0,0,0.0,0.0,6.0,9.0,13.8,5.9,0.7272727272727273,0.0,0.0,11.0,10.0,13.6,2.3,0.5714285714285714,0.0,0.0,11.0,12.0,35.9,1.3,0.9375,1.5,-4.0,-1660.0,0.05263157894736842,0.15789473684210525,5,9,36.1,9.0,1729,962,1428
123,202308010608,0,0,0,0,0,1,0,6,0,0,0,0,0,0,0,0,0,0,0,1,0,0,0,0,0,0,0,0,0,0,0,0,0,0,0,0,0.0,0.0,3.0,5.0,39.6,0.7,0.3333333333333333,0.0,0.0,14.0,8.0,37.6,1.2,0.1875,0.0,0.0,5.0,15.0,37.3,1.7,0.75,5.0,-3.0,0.0,0.10638297872340426,0.3191489361702128,6,11,12.3,5.0,1467,1235,336
124,202308010608,0,0,0,1,0,0,0,1,0,0,0,0,0,0,0,0,0,0,0,1,0,0,0,0,0,0,0,0,0,0,0,0,0,0,0,0,0.0,0.0,50.0,4.0,36.9,1.0,0.8125,0.0,0.0,40.0,7.0,38.7,0.5,0.13333333333333333,0.0,0.0,60.0,13.0,38.5,1.0,0.25,4.5,-8.0,50.0,0.043478260869565216,0.13043478260869565,8,16,24.8,6.0,1333,1428,1294
125,202308010712,9,6,5,57,9,6,6,98,1,1,0,3,1,0,0,9,2,1,2,16,1,0,0,1,0,0,0,0,0,0,0,1,0,0,0,0,0.0,0.0,100.0,13.0,37.9,1.9,0.8125,0.0,0.0,90.0,14.0,37.8,2.5,0.1875,0.0,0.0,10.0,16.0,39.4,2.9,0.4375,1.5,2.0,0.0,0.175,0.525,7,12,2.3,1.0,1167,1558,460
126,202308010712,1,2,1,17,0,0,1,8,0,0,0,0,0,1,0,2,0,0,0,3,0,0,0,0,0,0,0,1,0,0,0,0,0,0,0,0,0.0,0.0,110.0,14.0,39.6,2.2,0.125,0.0,0.0,60.0,10.0,38.5,2.1,0.25,0.0,0.0,8.0,8.0,38.1,1.6,0.14285714285714285,-3.0,10.0,-200.0,0.05970149253731343,0.2537313432835821,6,10,5.2,2.0,1095,1103,1221
127,202308010712,0,0,0,3,4,2,7,37,0,0,0,0,0,0,0,0,0,1,1,7,0,0,0,0,0,0,0,0,0,0,1,1,0,0,0,0,0.0,0.0,150.0,16.0,37.9,2.6,0.4375,0.0,0.0,10.0,6.0,35.4,0.8,0.36363636363636365,0.0,0.0,16.0,15.0,37.5,1.6,0.6875,-0.5,8.0,50.0,0.07142857142857142,0.2857142857142857,2,3,12.0,5.0,1677,1428,1167
128,202308010712,2,3,1,13,0,0,0,0,0,0,0,0,1,2,1,4,0,0,0,0,0,0,0,0,0,0,0,0,0,0,0,0,0,0,0,0,0.0,0.0,20.0,1.0,40.8,0.0,0.1,0.0,0.0,100.0,14.0,39.0,2.7,0.7857142857142857,0.0,0.0,60.0,8.0,37.1,0.9,0.5625,3.5,2.0,-200.0,0.0851063829787234,0.2978723404255319,8,14,6.7,3.0,1148,1271,1393
129,202308010712,0,1,2,19,9,6,3,54,0,0,0,0,0,0,2,4,1,0,0,8,0,0,0,0,0,0,0,0,1,0,0,0,0,0,0,0,0.0,0.0,110.0,3.0,36.5,0.7,0.6875,0.0,0.0,90.0,5.0,36.1,0.5,0.125,0.0,0.0,60.0,7.0,37.8,1.2,0.0625,2.0,-2.0,50.0,0.0,0.0,2,2,45.6,9.0,1440,1618,1167
130,202308010712,7,2,3,57,1,1,1,8,0,0,0,1,3,1,0,18,1,1,0,3,0,0,0,0,0,0,0,0,0,0,0,0,0,0,0,0,0.0,0.0,70.0,8.0,37.2,0.6,0.26666666666666666,0.0,0.0,10.0,4.0,34.9,0.4,0.5714285714285714,0.0,0.0,40.0,2.0,36.8,0.3,0.1875,-3.0,-4.0,0.0,0.05555555555555555,0.1111111111111111,1,1,12.1,6.0,1278,1713,625
131,202308010712,0,0,0,0,4,2,7,37,0,0,0,0,0,0,0,0,0,1,1,7,0,0,0,0,0,0,0,0,0,0,1,1,0,0,0,0,0.0,0.0,20.0,6.0,37.5,0.5,0.125,0.0,0.0,10.0,9.0,36.7,0.8,0.07692307692307693,0.0,0.0,30.0,12.0,38.4,1.2,0.125,3.0,2.0,0.0,0.038461538461538464,0.11538461538461539,4,6,16.1,7.0,1020,1428,1576
132,202308010712,2,7,2,32,4,2,2,30,1,1,0,2,1,1,0,5,1,1,0,7,1,1,0,2,0,0,0,0,0,0,0,0,0,0,0,0,0.0,0.0,4.0,5.0,43.1,2.6,0.16666666666666666,0.0,0.0,8.0,13.0,38.5,3.5,0.75,0.0,0.0,14.0,8.0,36.1,1.4,0.9333333333333333,1.5,7.0,-200.0,0.1267605633802817,0.22535211267605634,3,4,132.7,14.0,1403,1221,939
133,202308010712,0,0,0,0,0,0,0,4,0,0,0,0,0,0,0,0,0,0,0,0,0,0,0,0,0,0,0,0,0,0,0,0,0,0,0,0,0.0,0.0,30.0,1.0,37.0,0.0,0.5,0.0,0.0,50.0,2.0,37.2,1.0,0.38461538461538464,0.0,0.0,100.0,7.0,38.1,1.2,0.875,3.0,2.0,-200.0,0.06976744186046512,0.18604651162790697,3,5,30.8,8.0,1629,749,1428
134,202308010712,1,1,1,17,6,7,8,81,0,0,0,1,0,0,0,4,2,2,2,22,0,0,0,0,0,0,0,0,0,1,0,1,0,0,0,0,0.0,0.0,6.0,9.0,38.1,1.1,0.5625,0.0,0.0,14.0,15.0,35.7,1.4,1.0,0.0,0.0,6.0,14.0,38.3,2.9,0.875,2.5,2.0,0.0,0.10256410256410256,0.2564102564102564,6,11,7.9,4.0,1713,1013,215
135,202308010712,2,5,1,21,6,7,8,81,0,1,1,1,0,1,0,4,2,2,2,22,0,0,0,0,0,0,0,0,0,1,0,1,0,0,0,0,0.0,0.0,13.0,12.0,38.6,2.1,0.8125,0.0,0.0,12.0,11.0,35.3,1.7,1.0,0.0,0.0,9.0,5.0,36.3,1.1,0.9333333333333333,-3.5,0.0,-200.0,0.0,0.25,5,9,67.8,12.0,1605,1013,1
136,202308010712,5,9,5,55,0,0,1,0,0,0,0,0,0,1,1,4,0,0,0,0,0,0,0,0,0,0,0,1,0,0,0,0,0,0,0,0,0.0,0.0,6.0,15.0,37.9,1.8,0.1875,0.0,0.0,5.0,2.0,36.7,0.2,0.1875,0.0,0.0,7.0,3.0,36.7,0.5,0.4666666666666667,-6.0,-2.0,0.0,0.0,0.0,7,13,166.8,15.0,1503,715,1263
137,202308010712,12,4,6,79,1,1,0,4,0,0,0,0,9,4,3,56,1,1,0,1,0,0,0,0,2,0,0,11,0,0,0,0,0,0,0,0,0.0,0.0,5.0,6.0,38.7,0.8,0.09090909090909091,0.0,0.0,13.0,9.0,37.6,1.8,0.4375,0.0,0.0,11.0,7.0,38.5,1.5,0.1875,0.5,-10.0,0.0,0.02857142857142857,0.17142857142857143,5,8,78.9,13.0,1228,1374,1108
138,202308010712,12,4,6,79,4,5,4,48,0,0,0,0,9,4,3,56,1,1,3,16,0,0,0,0,2,0,0,11,0,0,0,0,0,0,0,0,0.0,0.0,4.0,2.0,38.4,0.2,0.4,0.0,0.0,15.0,16.0,42.7,9.2,1.0,0.0,0.0,15.0,15.0,37.0,2.0,0.9375,6.5,-6.0,-30.0,0.14705882352941177,0.23529411764705882,8,15,65.5,11.0,1228,1366,1108
139,202308010712,9,10,11,63,13,11,10,107,2,1,0,6,4,4,3,18,7,1,1,22,1,0,0,2,1,0,2,3,0,0,0,3,0,0,0,1,0.0,0.0,10.0,10.0,37.4,1.1,0.3076923076923077,0.0,0.0,11.0,11.0,36.4,1.7,0.35714285714285715,0.0,0.0,11.0,5.0,37.9,1.9,0.125,-2.5,2.0,0.0,0.12244897959183673,0.1836734693877551,4,7,60.9,10.0,1716,1263,1167
140,202308010801,0,0,0,0,0,0,0,0,0,0,0,0,0,0,0,0,0,0,0,0,0,0,0,0,0,0,0,0,0,0,0,0,0,0,0,0,0.0,0.0,30.0,5.0,36.6,0.6,0.6875,0.0,0.0,90.0,8.0,39.3,1.9,0.125,0.0,0.0,80.0,11.0,39.2,2.0,0.4375,3.0,-4.0,0.0,0.125,0.2222222222222222,8,16,12.2,5.0,1600,1172,680
141,202308010801,0,0,0,1,0,0,0,6,0,0,0,0,0,0,0,0,0,0,0,1,0,0,0,0,0,0,0,0,0,0,0,1,0,0,0,0,0.0,0.0,9.0,12.0,38.8,2.0,0.3125,0.0,0.0,2.0,5.0,38.0,0.6,0.125,0.0,0.0,8.0,2.0,37.9,0.9,0.25,-5.0,2.0,0.0,0.058823529411764705,0.2647058823529412,8,15,32.0,8.0,1401,1511,517
142,202308010801,0,0,0,0,0,0,0,5,0,0,0,0,0,0,0,0,0,0,0,1,0,0,0,0,0,0,0,0,0,0,0,0,0,0,0,0,0.0,0.0,100.0,4.0,39.7,1.1,0.25,0.0,0.0,30.0,8.0,37.7,1.5,0.1875,0.0,0.0,70.0,3.0,38.3,1.0,0.125,-0.5,27.0,-200.0,0.08333333333333333,0.2,6,12,29.1,7.0,1540,749,1036
143,202308010801,1,0,3,16,0,0,0,4,0,0,0,0,0,0,0,3,0,0,0,2,0,0,0,0,0,0,0,0,0,0,0,1,0,0,0,0,0.0,0.0,80.0,10.0,37.7,1.8,0.9375,0.0,0.0,40.0,10.0,37.4,2.9,0.8125,,,,,,,,0.0,0.0,0.0,0.08,0.2,1,2,126.8,10.0,1127,1228,1328
144,202308010801,0,0,0,0,3,1,2,13,0,0,0,0,0,0,0,0,1,0,0,3,0,0,0,0,0,0,0,0,0,0,0,2,0,0,0,0,0.0,0.0,30.0,4.0,35.9,0.3,0.1875,0.0,0.0,30.0,2.0,37.2,0.0,0.125,0.0,0.0,100.0,8.0,36.0,0.9,0.7857142857142857,2.0,6.0,0.0,0.1,0.25,5,10,4.0,2.0,1485,1618,1665
145,202308010801,0,0,0,0,0,1,0,2,0,0,0,0,0,0,0,0,0,0,0,1,0,0,0,0,0,0,0,0,0,0,0,0,0,0,0,0,0.0,0.0,10.0,16.0,33.7,2.1,0.47058823529411764,0.0,0.0,6.0,12.0,36.7,1.3,0.38461538461538464,0.0,0.0,7.0,9.0,37.8,1.8,0.25,-3.5,14.0,200.0,0.14285714285714285,0.22857142857142856,5,9,5.9,4.0,1600,1032,680
146,202308010801,0,0,0,0,0,0,0,0,0,0,0,0,0,0,0,0,0,0,0,0,0,0,0,0,0,0,0,0,0,0,0,0,0,0,0,0,0.0,0.0,2.0,1.0,39.5,0.0,0.2,0.0,0.0,4.0,9.0,38.4,1.6,0.26666666666666666,0.0,0.0,5.0,3.0,36.8,0.0,0.26666666666666666,1.0,15.0,-200.0,0.0,0.08,6,11,14.5,6.0,1684,1571,1328
147,202308010801,0,0,0,0,3,3,4,23,0,0,0,0,0,0,0,0,0,2,1,8,0,0,0,0,0,0,0,0,0,0,1,4,0,0,0,0,0.0,0.0,1.0,4.0,40.9,0.2,0.25,0.0,0.0,2.0,7.0,36.1,1.3,0.5,0.0,0.0,6.0,7.0,38.1,0.7,0.0625,1.5,-7.0,-300.0,0.08333333333333333,0.2916666666666667,4,7,5.4,3.0,1275,1183,1520
148,202308010801,3,0,4,16,3,2,6,35,0,0,0,2,1,0,3,6,0,1,2,9,0,0,0,1,0,0,1,3,0,0,1,5,0,0,0,1,0.0,0.0,10.0,3.0,37.1,0.4,0.6,0.0,0.0,10.0,3.0,38.2,0.7,0.1875,0.0,0.0,10.0,2.0,36.7,0.1,0.125,-0.5,-4.0,0.0,0.1951219512195122,0.5365853658536586,2,4,2.5,1.0,1520,1167,695
149,202308010801,0,0,0,2,0,2,0,1,0,0,0,0,0,0,0,0,0,0,0,0,0,0,0,0,0,0,0,0,0,0,0,0,0,0,0,0,0.0,0.0,6.0,10.0,42.1,3.0,0.45454545454545453,0.0,0.0,13.0,16.0,42.3,4.6,0.1875,0.0,0.0,16.0,10.0,38.8,2.2,0.4375,0.0,-16.0,-300.0,0.0,0.0,4,8,359.0,16.0,1023,1168,1327
150,202308010801,7,5,2,16,0,1,2,7,0,0,0,0,2,2,1,4,0,0,0,1,0,0,0,0,0,1,0,4,0,0,0,1,0,0,0,0,0.0,0.0,3.0,5.0,44.2,2.1,0.375,0.0,0.0,12.0,11.0,38.9,2.5,0.5625,0.0,0.0,5.0,16.0,37.9,2.9,0.4375,5.5,5.0,-200.0,0.038461538461538464,0.19230769230769232,7,13,203.5,12.0,1716,1428,1167
151,202308010801,1,0,1,11,0,0,0,4,0,0,0,1,0,0,0,1,0,0,0,1,0,0,0,0,0,0,0,0,0,0,0,0,0,0,0,0,0.0,0.0,4.0,8.0,43.3,6.0,0.8,0.0,0.0,15.0,12.0,38.7,3.2,0.8125,0.0,0.0,13.0,15.0,38.1,3.9,0.9375,3.5,8.0,-300.0,0.10526315789473684,0.47368421052631576,3,5,327.4,15.0,1304,1436,1503
152,202308010801,0,0,0,5,0,1,0,3,0,0,0,0,0,0,0,1,0,0,0,1,0,0,0,0,0,0,0,1,0,0,0,0,0,0,0,0,0.0,0.0,2.0,1.0,38.8,0.0,0.2727272727272727,0.0,0.0,13.0,13.0,40.0,3.9,0.6875,0.0,0.0,16.0,6.0,37.2,1.7,0.375,2.5,-1.0,-200.0,0.12,0.18,7,14,205.8,13.0,1148,334,1393
153,202308010801,0,0,0,0,1,0,0,3,0,0,0,0,0,0,0,0,1,0,0,2,0,0,0,0,0,0,0,0,1,0,0,1,0,0,0,0,0.0,0.0,8.0,12.0,43.9,6.1,0.9166666666666666,0.0,0.0,11.0,14.0,39.3,4.2,0.875,,,,,,,,2.0,-5.0,-200.0,0.0,0.0,3,6,181.7,11.0,1699,1503,1313
154,202308010801,0,0,0,2,4,1,0,23,0,0,0,0,0,0,0,0,1,1,0,9,0,0,0,0,0,0,0,0,0,0,0,3,0,0,0,0,0.0,0.0,15.0,13.0,39.8,5.6,0.9333333333333333,0.0,0.0,14.0,15.0,37.7,4.6,1.0,,,,,,,,2.0,2.0,-600.0,0.03571428571428571,0.16071428571428573,2,3,219.1,14.0,1509,1013,1110
155,202308010801,0,0,0,0,0,1,0,0,0,0,0,0,0,0,0,0,0,1,0,0,0,0,0,0,0,0,0,0,0,1,0,0,0,0,0,0,0.0,0.0,6.0,12.0,41.1,6.4,1.0,0.0,0.0,9.0,16.0,39.2,5.0,0.9375,,,,,,,,4.0,3.0,-300.0,0.0,0.09090909090909091,1,1,77.3,9.0,1485,1522,1665
156,202308010906,0,0,0,0,2,1,1,6,0,0,0,0,0,0,0,0,1,0,0,2,0,0,0,0,0,0,0,0,0,0,0,1,0,0,0,0,0.0,0.0,20.0,2.0,36.2,0.2,0.13333333333333333,0.0,0.0,10.0,3.0,37.6,0.2,0.1,0.0,0.0,20.0,7.0,38.2,0.9,0.4444444444444444,2.5,-12.0,0.0,0.09523809523809523,0.23809523809523808,2,4,1.9,1.0,1020,1170,1576
157,202308010906,8,6,7,28,3,0,1,11,0,0,0,0,1,3,1,3,0,0,0,3,0,0,0,0,0,0,0,1,0,0,0,0,0,0,0,0,0.0,0.0,90.0,8.0,36.5,1.3,0.5,0.0,0.0,60.0,9.0,38.2,2.2,0.18181818181818182,0.0,0.0,60.0,9.0,37.8,0.9,0.3125,0.5,-10.0,0.0,0.0,0.0,4,8,51.7,9.0,1576,1393,1577
158,202308010906,0,0,0,0,3,3,8,38,0,0,0,0,0,0,0,0,1,0,1,5,0,0,0,0,0,0,0,0,0,0,1,2,0,0,0,0,0.0,0.0,20.0,2.0,36.2,0.0,0.4375,0.0,0.0,20.0,3.0,37.6,0.4,0.6875,0.0,0.0,20.0,2.0,36.9,0.2,0.8461538461538461,0.0,0.0,0.0,0.10869565217391304,0.32608695652173914,3,6,4.2,2.0,1282,1013,377
159,202308010906,2,0,1,0,0,0,0,1,0,0,0,0,0,0,0,0,0,0,0,0,0,0,0,0,0,0,0,0,0,0,0,0,0,0,0,0,0.0,0.0,50.0,1.0,36.8,0.0,0.16666666666666666,0.0,0.0,3.0,11.0,39.3,2.0,0.3076923076923077,0.0,0.0,7.0,6.0,38.8,1.1,0.13333333333333333,2.5,4.0,50.0,0.046875,0.234375,7,13,16.6,4.0,32,816,664
160,202308010906,0,0,0,0,10,4,4,36,0,0,0,0,0,0,0,0,1,0,3,7,0,0,0,0,0,0,0,0,0,0,1,1,0,0,0,0,0.0,0.0,90.0,10.0,38.5,1.0,0.3125,0.0,0.0,150.0,15.0,40.5,3.5,0.8125,0.0,0.0,10.0,1.0,39.8,0.0,0.21428571428571427,-4.5,12.0,-200.0,0.0,0.0,3,5,146.2,14.0,1045,1345,969
161,202308010906,0,1,1,20,0,1,0,4,0,0,0,0,0,0,0,6,0,1,0,2,0,0,0,0,0,0,0,0,0,0,0,1,0,0,0,0,0.0,0.0,9.0,6.0,37.9,1.3,0.3125,0.0,0.0,10.0,4.0,37.0,0.6,0.5,0.0,0.0,5.0,7.0,36.1,0.8,0.5833333333333334,0.5,22.0,0.0,0.05714285714285714,0.2714285714285714,7,14,65.8,10.0,1278,1199,625
162,202308010906,0,1,0,7,0,0,0,0,0,0,0,0,0,1,0,3,0,0,0,0,0,0,0,0,0,1,0,0,0,0,0,0,0,0,0,0,0.0,0.0,4.0,11.0,39.2,2.2,0.25,0.0,0.0,7.0,7.0,38.0,2.4,0.8666666666666667,0.0,0.0,5.0,9.0,37.8,0.8,0.375,-1.0,8.0,0.0,0.3333333333333333,0.3333333333333333,8,16,36.4,7.0,1674,815,1428
163,202308010906,0,7,3,23,1,0,1,15,0,0,0,0,0,3,1,5,0,0,0,5,0,0,0,0,0,0,0,1,0,0,0,1,0,0,0,0,0.0,0.0,90.0,10.0,39.0,1.0,0.375,0.0,0.0,40.0,1.0,37.6,0.0,0.0625,0.0,0.0,20.0,7.0,38.2,0.8,0.5625,-1.5,-4.0,0.0,0.0,0.0,4,7,80.1,11.0,1716,1482,1167
164,202308010906,0,1,1,20,1,1,1,9,0,0,0,0,0,0,0,6,0,0,1,3,0,0,0,0,0,0,0,0,0,0,0,1,0,0,0,0,0.0,0.0,11.0,16.0,44.6,9.0,0.6875,0.0,0.0,11.0,9.0,38.7,1.1,0.125,0.0,0.0,6.0,10.0,36.5,0.8,0.4166666666666667,-3.0,24.0,0.0,0.027777777777777776,0.16666666666666666,5,9,23.1,5.0,1278,1362,625
165,202308010906,4,5,4,38,3,2,2,35,0,0,0,1,1,1,2,16,1,0,0,7,0,0,0,1,0,0,1,4,0,0,0,4,0,0,0,0,0.0,0.0,11.0,9.0,38.4,0.7,0.2,0.0,0.0,6.0,10.0,39.9,3.7,0.5333333333333333,0.0,0.0,7.0,1.0,38.1,0.0,0.06666666666666667,-4.0,2.0,0.0,0.1388888888888889,0.2222222222222222,8,15,26.6,6.0,1172,1183,1556
166,202308010906,0,1,3,38,0,0,1,2,0,0,0,0,0,1,1,12,0,0,0,0,0,0,0,0,0,0,0,3,0,0,0,0,0,0,0,0,0.0,0.0,10.0,13.0,40.3,2.9,0.5384615384615384,0.0,0.0,6.0,7.0,13.7,1.4,0.1,0.0,0.0,10.0,5.0,13.7,2.6,0.9,-4.0,-14.0,-700.0,,,2,3,148.6,15.0,1520,568,695
167,202308010906,8,6,7,28,0,0,0,0,0,0,0,0,1,3,1,3,0,0,0,0,0,0,0,0,0,0,0,1,0,0,0,0,0,0,0,0,0.0,0.0,10.0,5.0,37.5,0.3,0.3125,0.0,0.0,20.0,1.0,37.4,0.0,0.1875,0.0,0.0,10.0,6.0,41.0,1.6,0.13333333333333333,0.5,0.0,-200.0,0.18604651162790697,0.5116279069767442,1,2,4.2,3.0,1576,690,1577
168,202308010906,0,7,3,23,3,0,1,11,0,0,0,0,0,3,1,5,0,0,0,3,0,0,0,0,0,0,0,1,0,0,0,0,0,0,0,0,0.0,0.0,70.0,9.0,37.2,1.8,0.4,0.0,0.0,40.0,5.0,38.2,0.7,0.3076923076923077,0.0,0.0,70.0,1.0,37.8,0.0,0.0625,-4.0,6.0,0.0,0.07692307692307693,0.34615384615384615,6,11,83.3,12.0,1716,1393,1167
169,202308010906,0,0,0,0,2,0,4,21,0,0,0,0,0,0,0,0,2,0,1,4,0,0,0,0,0,0,0,0,0,0,1,1,0,0,0,0,0.0,0.0,5.0,11.0,46.2,5.0,0.25,0.0,0.0,15.0,15.0,40.5,2.5,0.1875,0.0,0.0,14.0,14.0,39.7,3.1,0.4666666666666667,1.5,12.0,-300.0,0.07692307692307693,0.19230769230769232,5,10,42.5,8.0,1540,1235,1036
170,202308010906,0,0,0,0,1,2,3,13,0,0,0,0,0,0,0,0,1,2,0,2,0,0,0,0,0,0,0,0,0,0,0,0,0,0,0,0,0.0,0.0,11.0,10.0,38.1,1.6,0.23076923076923078,0.0,0.0,15.0,17.0,34.2,1.6,0.5294117647058824,0.0,0.0,1.0,9.0,34.5,0.6,0.16666666666666666,-0.5,-10.0,0.0,,,6,12,103.2,13.0,1401,1294,517
171,202308010906,0,0,0,0,2,5,5,23,0,0,0,0,0,0,0,0,1,2,2,5,0,0,0,0,0,0,0,0,0,0,0,0,0,0,0,0,0.0,0.0,110.0,10.0,45.3,4.3,0.5833333333333334,0.0,0.0,100.0,14.0,39.4,2.9,0.14285714285714285,0.0,0.0,100.0,13.0,38.1,3.1,0.2857142857142857,1.5,8.0,-200.0,,,1,1,,,1579,1559,1605
172,202308010908,0,7,3,23,0,1,0,4,0,0,0,0,0,3,1,5,0,1,0,2,0,0,0,0,0,0,0,1,0,1,0,2,0,0,0,0,0.0,0.0,50.0,5.0,37.3,0.5,0.1875,0.0,0.0,120.0,9.0,34.4,0.6,0.8125,0.0,0.0,110.0,5.0,35.4,0.3,0.875,0.0,-2.0,-200.0,0.0,0.4166666666666667,1,2,15.5,6.0,1716,1541,1167
173,202308010908,0,0,0,0,1,0,1,15,0,0,0,0,0,0,0,0,0,0,0,5,0,0,0,0,0,0,0,0,0,0,0,1,0,0,0,0,0.0,0.0,10.0,13.0,37.9,1.8,0.5625,0.0,0.0,5.0,16.0,38.3,1.9,0.375,0.0,0.0,5.0,5.0,36.9,0.3,0.4,-4.0,-4.0,0.0,0.07407407407407407,0.18518518518518517,8,15,83.2,12.0,1463,1482,1167
174,202308010908,0,0,0,0,0,0,0,0,0,0,0,0,0,0,0,0,0,0,0,0,0,0,0,0,0,0,0,0,0,0,0,0,0,0,0,0,0.0,0.0,10.0,4.0,37.4,0.8,0.375,0.0,0.0,20.0,3.0,36.9,0.1,0.25,0.0,0.0,40.0,3.0,38.1,0.2,0.5,-0.5,-10.0,-200.0,0.08163265306122448,0.2857142857142857,8,16,3.8,2.0,92,357,464
175,202308010908,0,0,0,0,0,0,0,0,0,0,0,0,0,0,0,0,0,0,0,0,0,0,0,0,0,0,0,0,0,0,0,0,0,0,0,0,0.0,0.0,13.0,11.0,37.1,0.9,0.4,0.0,0.0,10.0,7.0,35.5,1.0,0.42857142857142855,0.0,0.0,14.0,15.0,39.8,2.6,0.125,2.0,-2.0,0.0,0.0,0.25,2,3,6.8,4.0,518,908,225
176,202308010908,0,0,0,1,0,0,0,2,0,0,0,0,0,0,0,0,0,0,0,1,0,0,0,0,0,0,0,0,0,0,0,0,0,0,0,0,0.0,0.0,20.0,3.0,36.7,0.2,0.25,0.0,0.0,40.0,2.0,37.0,0.3,0.4666666666666667,0.0,0.0,50.0,6.0,36.7,1.3,0.75,1.5,2.0,0.0,0.0,0.08695652173913043,6,11,4.4,3.0,1089,1404,1428
177,202308010908,0,0,0,0,1,1,0,11,0,0,0,0,0,0,0,0,1,0,0,0,0,0,0,0,0,0,0,0,0,0,0,0,0,0,0,0,0.0,0.0,30.0,4.0,36.4,0.2,0.4375,0.0,0.0,30.0,8.0,37.8,0.6,0.6666666666666666,0.0,0.0,120.0,4.0,37.6,0.4,0.4375,0.0,2.0,0.0,0.047619047619047616,0.23809523809523808,3,6,15.6,7.0,1204,351,1221
178,202308010908,0,0,0,0,3,2,2,35,0,0,0,0,0,0,0,0,1,0,0,7,0,0,0,0,0,0,0,0,0,0,0,4,0,0,0,0,0.0,0.0,9.0,9.0,39.8,3.0,0.7272727272727273,0.0,0.0,13.0,8.0,36.9,1.2,1.0,0.0,0.0,9.0,9.0,37.4,1.2,0.7692307692307693,0.0,6.0,-600.0,0.0,0.043478260869565216,6,12,72.7,11.0,1432,1183,1428
179,202308010908,3,1,1,9,0,1,0,4,0,0,0,0,1,0,0,2,0,1,0,2,0,0,0,0,1,0,0,1,0,1,0,2,0,0,0,0,0.0,0.0,7.0,5.0,38.1,0.7,0.3333333333333333,0.0,0.0,13.0,12.0,36.8,1.0,0.13333333333333333,0.0,0.0,12.0,13.0,38.2,0.8,0.625,4.0,13.0,-200.0,0.0,0.0,7,14,105.0,13.0,1095,1541,1221
180,202308010908,0,0,0,0,0,0,0,1,0,0,0,0,0,0,0,0,0,0,0,1,0,0,0,0,0,0,0,0,0,0,0,0,0,0,0,0,0.0,0.0,30.0,4.0,39.1,1.1,0.9090909090909091,0.0,0.0,100.0,9.0,37.4,2.1,0.875,0.0,0.0,120.0,5.0,37.5,0.9,0.6875,0.5,-3.0,-400.0,0.0,0.0,3,5,52.9,10.0,1243,1520,1428
181,202308010908,0,3,1,16,3,3,5,48,0,0,0,1,0,0,0,4,1,0,1,11,0,0,0,0,0,0,0,0,1,0,0,3,0,0,0,0,0.0,0.0,9.0,8.0,39.5,2.9,1.0,0.0,0.0,16.0,13.0,37.4,1.7,0.9375,0.0,0.0,14.0,15.0,38.6,2.1,0.8125,3.5,13.0,-200.0,0.0975609756097561,0.24390243902439024,4,8,38.7,8.0,1304,1167,1503
182,202308010908,0,0,0,1,0,0,0,14,0,0,0,1,0,0,0,0,0,0,0,4,0,0,0,0,0,0,0,0,0,0,0,1,0,0,0,0,0.0,0.0,12.0,7.0,41.5,1.8,0.9166666666666666,0.0,0.0,12.0,12.0,37.1,0.8,0.6923076923076923,0.0,0.0,15.0,11.0,37.9,2.2,0.625,2.0,9.0,-200.0,0.057971014492753624,0.2753623188405797,2,4,231.5,15.0,1230,1503,1576
183,202308010908,0,7,3,23,3,3,8,38,0,0,0,3,0,3,1,5,1,0,1,5,0,0,0,1,0,0,0,1,0,0,1,2,0,0,0,0,0.0,0.0,70.0,2.0,36.9,0.6,0.15384615384615385,0.0,0.0,110.0,2.0,36.8,0.0,0.6153846153846154,0.0,0.0,90.0,7.0,36.8,1.4,0.4,2.5,-4.0,0.0,0.10416666666666667,0.3125,5,10,10.9,5.0,1716,1013,1167
184,202308010908,1,0,0,10,1,3,5,26,0,0,0,0,0,0,0,3,0,0,2,3,0,0,0,0,0,0,0,0,0,0,0,0,0,0,0,0,0.0,0.0,110.0,2.0,36.6,0.2,0.375,0.0,0.0,100.0,6.0,36.9,1.2,0.46153846153846156,0.0,0.0,120.0,9.0,37.7,0.6,0.6153846153846154,3.5,-6.0,0.0,0.05,0.1,5,9,43.6,9.0,1090,1405,1169
185,202308010908,0,0,0,0,0,1,0,3,0,0,0,0,0,0,0,0,0,0,0,1,0,0,0,0,0,0,0,0,0,0,0,0,0,0,0,0,0.0,0.0,40.0,30.0,39.1,0.5,0.5833333333333334,0.0,0.0,120.0,60.0,37.0,2.4,0.6666666666666666,0.0,0.0,140.0,60.0,38.1,1.3,0.875,15.0,-3.0,0.0,0.0,0.0,4,7,218.7,14.0,321,548,882
186,202308010908,0,0,0,0,2,0,4,21,0,0,0,0,0,0,0,0,2,0,1,4,0,0,0,0,0,0,0,0,0,0,1,1,0,0,0,0,0.0,0.0,20.0,4.0,38.6,0.7,0.3,0.0,0.0,20.0,13.0,38.5,3.1,0.8666666666666667,,,,,,,,9.0,-2.0,-700.0,0.19047619047619047,0.5238095238095238,1,1,3.4,1.0,1463,1235,1167
187,202308010908,8,3,2,23,3,3,5,48,0,0,0,1,3,1,1,3,1,0,1,11,0,0,0,0,1,0,0,0,1,0,0,3,0,0,0,0,0.0,0.0,40.0,3.0,38.9,1.7,1.0,0.0,0.0,160.0,16.0,40.3,4.3,0.375,0.0,0.0,110.0,15.0,38.6,2.5,0.75,6.0,12.0,-30.0,0.1,0.45,7,13,298.3,16.0,1127,1167,1328
188,202308011001,0,0,0,0,3,0,1,11,0,0,0,0,0,0,0,0,0,0,0,3,0,0,0,0,0,0,0,0,0,0,0,2,0,0,0,0,0.0,0.0,150.0,14.0,35.4,1.6,0.5333333333333333,0.0,0.0,17.0,16.0,36.4,2.0,0.11764705882352941,0.0,0.0,18.0,18.0,33.7,1.4,0.5,2.0,2.0,0.0,0.07142857142857142,0.21428571428571427,8,14,5.3,2.0,1467,1393,336
189,202308011001,0,7,3,23,4,5,4,39,0,1,0,0,0,3,1,5,1,2,3,6,0,1,0,0,0,2,0,1,0,0,1,2,0,0,0,0,0.0,0.0,2.0,8.0,40.8,2.5,0.3125,0.0,0.0,3.0,3.0,38.2,0.5,0.1875,0.0,0.0,5.0,3.0,39.0,0.8,0.125,-2.5,-2.0,-500.0,0.08,0.28,5,8,1.4,1.0,1716,1558,1167
190,202308011001,8,6,7,28,0,0,0,7,0,0,0,0,1,3,1,3,0,0,0,3,0,0,0,0,1,2,1,2,0,0,0,1,0,0,0,0,0.0,0.0,2.0,12.0,42.7,4.4,0.4166666666666667,0.0,0.0,11.0,7.0,37.6,1.2,0.6153846153846154,0.0,0.0,11.0,9.0,37.9,1.1,0.75,-1.5,18.0,-200.0,0.0,0.0,3,5,41.9,6.0,1576,225,1577
191,202308011001,0,0,0,0,0,0,0,30,0,0,0,0,0,0,0,0,0,0,0,9,0,0,0,0,0,0,0,0,0,0,0,1,0,0,0,0,0.0,0.0,1.0,1.0,38.1,0.0,0.08333333333333333,0.0,0.0,4.0,13.0,37.1,1.4,0.07142857142857142,0.0,0.0,5.0,4.0,35.8,0.4,0.07142857142857142,1.5,-2.0,380.0,0.136986301369863,0.2328767123287671,1,1,67.2,9.0,1399,1366,1428
192,202308011001,0,0,0,4,0,0,0,0,0,0,0,0,0,0,0,1,0,0,0,0,0,0,0,0,0,0,0,1,0,0,0,0,0,0,0,0,0.0,0.0,10.0,,,,0.14285714285714285,0.0,0.0,11.0,11.0,39.1,2.2,0.5,0.0,0.0,5.0,9.0,37.8,1.4,0.1875,-2.0,8.0,200.0,0.0,0.23529411764705882,2,3,14.2,4.0,1426,1489,306
193,202308011001,1,2,0,17,0,0,0,0,0,0,0,0,1,0,0,10,0,0,0,0,0,0,0,0,0,0,0,2,0,0,0,0,0,0,0,0,0.0,0.0,5.0,5.0,38.9,0.8,0.3333333333333333,0.0,0.0,10.0,5.0,35.1,0.6,0.8571428571428571,0.0,0.0,9.0,5.0,34.9,1.1,1.0,0.0,25.0,-100.0,0.0,0.07142857142857142,6,11,19.8,5.0,1645,1431,1366
194,202308011001,0,0,0,0,0,0,0,1,0,0,0,0,0,0,0,0,0,0,0,1,0,0,0,0,0,0,0,0,0,0,0,0,0,0,0,0,0.0,0.0,10.0,9.0,38.5,1.1,0.9333333333333333,0.0,0.0,8.0,7.0,38.2,2.3,0.7333333333333333,0.0,0.0,14.0,9.0,38.9,1.5,0.6875,0.0,-7.0,0.0,0.07407407407407407,0.3333333333333333,7,13,58.1,8.0,1204,1260,1221
195,202308011001,0,0,0,0,1,1,1,9,0,0,0,0,0,0,0,0,0,0,1,3,0,0,0,0,0,0,0,0,0,0,1,2,0,0,0,0,0.0,0.0,7.0,11.0,40.2,4.1,1.0,0.0,0.0,15.0,15.0,37.6,2.0,0.13333333333333333,0.0,0.0,15.0,8.0,38.5,2.4,0.7333333333333333,-1.5,14.0,-100.0,0.03773584905660377,0.11320754716981132,5,9,581.3,15.0,1243,1362,1428
196,202308011001,1,1,0,30,3,3,5,48,0,1,0,0,0,0,0,3,1,0,1,11,0,0,0,0,0,0,0,1,0,0,1,3,0,0,0,0,0.0,0.0,8.0,5.0,39.2,1.5,0.45454545454545453,0.0,0.0,16.0,16.0,40.9,4.0,0.9375,0.0,0.0,16.0,15.0,42.5,5.9,0.5625,5.0,25.0,-100.0,0.10638297872340426,0.3404255319148936,8,15,169.9,11.0,1736,1167,1482
197,202308011001,0,0,0,0,0,2,0,3,0,0,0,0,0,0,0,0,0,0,0,0,0,0,0,0,0,0,0,0,0,0,0,0,0,0,0,0,0.0,0.0,3.0,1.0,40.7,0.0,0.07692307692307693,0.0,0.0,11.0,10.0,36.5,1.0,0.2222222222222222,0.0,0.0,8.0,5.0,35.3,0.4,0.16666666666666666,2.0,22.0,-500.0,0.056338028169014086,0.2676056338028169,6,10,91.3,10.0,1064,1412,1556
198,202308011001,0,0,0,1,3,0,1,11,0,0,0,0,0,0,0,0,0,0,0,3,0,0,0,0,0,0,0,0,0,0,0,2,0,0,0,0,0.0,0.0,5.0,8.0,41.3,2.7,0.8181818181818182,0.0,0.0,14.0,12.0,41.9,4.6,0.7857142857142857,0.0,0.0,11.0,11.0,40.8,4.6,0.7692307692307693,1.5,-5.0,-200.0,,,2,2,56.0,7.0,1601,1393,239
199,202308011001,0,0,1,5,0,0,0,0,0,0,0,0,0,0,0,3,0,0,0,0,0,0,0,0,0,0,0,1,0,0,0,0,0,0,0,0,0.0,0.0,10.0,12.0,42.1,3.6,0.5,0.0,0.0,13.0,12.0,40.2,3.4,0.4,0.0,0.0,11.0,10.0,40.3,2.0,0.26666666666666666,-1.0,6.0,-100.0,0.11764705882352941,0.17647058823529413,4,7,311.9,13.0,1098,1255,1294
200,202308011001,0,0,0,0,1,1,0,13,0,0,0,0,0,0,0,0,0,0,0,4,0,0,0,0,0,0,0,0,0,0,0,2,0,0,0,0,0.0,0.0,6.0,5.0,40.3,2.7,0.7272727272727273,0.0,0.0,14.0,13.0,39.9,3.5,0.6,0.0,0.0,14.0,13.0,37.1,1.9,0.9285714285714286,4.0,21.0,-200.0,0.0,0.0,3,4,508.4,14.0,1246,1428,533
201,202308011001,0,0,0,0,2,0,4,21,0,0,0,0,0,0,0,0,2,0,1,4,0,0,0,0,0,0,0,0,2,0,0,3,0,0,0,0,0.0,0.0,9.0,10.0,39.8,1.2,0.2,0.0,0.0,11.0,12.0,36.8,2.4,1.0,0.0,0.0,12.0,14.0,38.1,3.5,1.0,2.0,20.0,200.0,0.0,0.05128205128205128,7,12,265.9,12.0,1629,1235,1428
202,202308011001,0,0,0,1,1,2,2,9,0,0,0,0,0,0,0,0,0,0,1,1,0,0,0,0,0,0,0,0,0,0,1,0,0,0,0,0,0.0,0.0,5.0,3.0,37.7,0.5,0.16666666666666666,0.0,0.0,8.0,8.0,36.6,1.5,0.42857142857142855,0.0,0.0,6.0,11.0,36.8,1.7,0.4444444444444444,4.0,8.0,400.0,0.08196721311475409,0.21311475409836064,4,6,5.8,3.0,1601,1014,239
203,202308011102,1,0,0,6,0,0,0,0,0,0,0,0,0,0,0,1,0,0,0,0,0,0,0,0,0,0,0,0,0,0,0,0,0,0,0,0,0.0,0.0,5.0,8.0,13.5,7.7,0.2727272727272727,0.0,0.0,10.0,11.0,37.9,1.9,0.3125,0.0,0.0,6.0,9.0,37.7,0.5,0.5,0.5,0.0,-1650.0,0.046153846153846156,0.23076923076923078,1,2,2.0,1.0,32,982,664
204,202308011102,1,1,1,4,4,2,3,12,0,0,1,0,1,1,1,4,1,0,1,2,0,0,1,0,0,0,0,1,1,0,0,1,0,0,0,0,0.0,0.0,13.0,11.0,37.4,0.9,0.3333333333333333,0.0,0.0,6.0,15.0,33.5,0.8,0.2222222222222222,0.0,0.0,10.0,14.0,39.2,1.5,0.125,1.5,-2.0,0.0,0.02702702702702703,0.16216216216216217,8,15,5.3,2.0,1319,1228,334
205,202308011102,0,0,0,0,9,8,6,97,0,0,0,0,0,0,0,0,5,2,5,22,0,0,0,0,0,0,0,0,2,2,3,7,0,0,0,0,0.0,0.0,3.0,5.0,39.7,1.2,0.21428571428571427,0.0,0.0,1.0,7.0,37.5,1.3,0.3125,0.0,0.0,12.0,3.0,36.9,0.0,0.4375,-1.0,17.0,-200.0,0.13513513513513514,0.22972972972972974,5,10,105.1,12.0,1467,1556,336
206,202308011102,0,0,0,0,0,1,3,8,0,0,0,0,0,0,0,0,0,0,2,0,0,0,0,0,0,0,0,0,0,0,0,0,0,0,0,0,0.0,0.0,1.0,2.0,41.3,0.2,0.23076923076923078,0.0,0.0,4.0,10.0,35.3,1.1,0.5,0.0,0.0,2.0,10.0,38.3,1.8,0.4375,4.0,-4.0,-300.0,0.08,0.3,2,3,6.3,3.0,934,857,969
207,202308011102,0,0,0,0,0,0,0,1,0,0,0,0,0,0,0,0,0,0,0,0,0,0,0,0,0,0,0,0,0,0,0,0,0,0,0,0,0.0,0.0,8.0,7.0,37.4,0.7,0.3125,0.0,0.0,6.0,6.0,35.8,1.7,0.7857142857142857,0.0,0.0,10.0,15.0,39.8,2.7,0.5,4.0,-2.0,50.0,0.05,0.15,4,7,13.2,5.0,599,1520,324
208,202308011102,2,3,1,13,0,0,0,1,0,0,0,0,1,2,1,4,0,0,0,0,0,0,0,0,1,1,0,2,0,0,0,0,0,0,0,0,0.0,0.0,60.0,7.0,37.2,1.6,0.4375,0.0,0.0,40.0,7.0,39.5,1.4,0.14285714285714285,0.0,0.0,20.0,8.0,36.4,1.0,0.35714285714285715,0.5,-8.0,0.0,0.10204081632653061,0.30612244897959184,2,4,40.5,8.0,1148,464,1393
209,202308011102,0,0,0,0,0,0,0,0,0,0,0,0,0,0,0,0,0,0,0,0,0,0,0,0,0,0,0,0,0,0,0,0,0,0,0,0,0.0,0.0,30.0,3.0,38.4,0.7,0.26666666666666666,0.0,0.0,60.0,4.0,37.1,0.8,0.4375,0.0,0.0,120.0,5.0,36.2,1.0,0.875,1.0,8.0,0.0,0.18181818181818182,0.5,1,1,13.8,6.0,1676,1716,1428
210,202308011102,0,0,0,5,0,0,0,0,0,0,0,0,0,0,0,0,0,0,0,0,0,0,0,0,0,0,0,0,0,0,0,0,0,0,0,0,0.0,0.0,2.0,2.0,40.5,0.4,0.5,0.0,0.0,18.0,10.0,37.8,2.4,0.8333333333333334,0.0,0.0,12.0,8.0,38.4,1.5,0.6666666666666666,3.0,12.0,-200.0,0.11627906976744186,0.2558139534883721,4,8,176.3,13.0,1426,1172,306
211,202308011102,0,1,1,19,0,0,1,3,0,0,0,0,0,0,1,6,0,0,1,1,0,0,0,0,0,0,1,0,0,0,1,1,0,0,0,0,0.0,0.0,1.0,1.0,31.5,0.0,0.6363636363636364,0.0,0.0,10.0,11.0,38.2,1.9,0.4666666666666667,0.0,0.0,7.0,9.0,38.5,1.4,0.25,4.0,-6.0,-200.0,0.13333333333333333,0.3333333333333333,7,14,20.3,7.0,1333,1026,1294
212,202308011102,6,7,4,67,9,6,6,98,0,0,0,1,2,3,2,24,2,1,2,16,0,0,0,1,1,0,1,11,0,0,1,7,0,0,0,0,0.0,0.0,12.0,12.0,40.1,1.3,0.3333333333333333,0.0,0.0,10.0,10.0,37.9,1.5,0.625,0.0,0.0,16.0,8.0,38.6,2.5,0.25,-2.0,-6.0,0.0,0.03508771929824561,0.15789473684210525,8,16,79.9,10.0,1645,1558,1366
213,202308011102,0,0,0,0,8,7,9,80,0,0,0,0,0,0,0,0,0,4,2,18,0,0,0,0,0,0,0,0,0,1,0,7,0,0,0,0,0.0,0.0,4.0,5.0,40.4,0.8,0.3333333333333333,0.0,0.0,12.0,10.0,34.9,0.9,0.5,0.0,0.0,14.0,5.0,39.3,1.1,0.6428571428571429,0.0,2.0,-200.0,0.05555555555555555,0.2638888888888889,3,5,97.1,11.0,1064,1405,1556
214,202308011102,2,0,0,7,0,0,0,1,0,0,0,0,0,0,0,6,0,0,0,0,0,0,0,0,0,0,0,5,0,0,0,0,0,0,0,0,0.0,0.0,14.0,12.0,37.6,1.8,0.8125,0.0,0.0,12.0,14.0,35.4,2.6,1.0,,,,,,,,2.0,-6.0,0.0,,,7,13,585.0,14.0,1611,1520,1263
215,202308011102,6,7,4,67,1,4,6,28,0,0,0,2,2,3,2,24,0,1,3,7,0,0,0,0,1,0,1,11,0,0,2,5,0,0,0,0,0.0,0.0,3.0,5.0,41.6,2.1,0.2857142857142857,0.0,0.0,16.0,13.0,38.1,2.0,0.6875,0.0,0.0,9.0,13.0,38.0,2.5,0.6875,4.0,9.0,-200.0,0.0,0.1,6,11,808.1,16.0,1645,1376,1366
216,202308011102,0,0,0,0,0,0,0,0,0,0,0,0,0,0,0,0,0,0,0,0,0,0,0,0,0,0,0,0,0,0,0,0,0,0,0,0,0.0,0.0,9.0,14.0,38.4,2.6,0.8125,0.0,0.0,9.0,14.0,37.3,2.3,1.0,,,,,,,,0.0,0.0,0.0,0.0,0.2222222222222222,5,9,70.3,9.0,883,946,882
217,202308011102,2,2,0,4,0,0,0,1,0,0,0,0,1,1,0,1,0,0,0,1,0,0,0,0,1,1,0,0,0,0,0,0,0,0,0,0,0.0,0.0,6.0,7.0,49.2,12.2,0.8571428571428571,0.0,0.0,15.0,15.0,40.5,4.9,1.0,0.0,0.0,14.0,16.0,43.3,9.5,0.9375,4.5,2.0,-200.0,0.0,0.0,6,12,740.8,15.0,1548,1169,1328
218,202308011102,1,0,0,0,5,3,0,43,0,0,0,0,1,0,0,0,2,1,0,14,0,0,0,0,1,0,0,0,0,1,0,11,0,0,0,0,0.0,0.0,4.0,,,,0.0625,0.0,0.0,1.0,6.0,40.7,2.3,0.25,0.0,0.0,1.0,7.0,38.4,2.0,0.18181818181818182,1.0,-12.0,0.0,,,3,6,7.5,4.0,1657,1482,1317
219,202308011208,1,3,2,27,0,0,0,0,0,0,0,0,0,0,0,3,0,0,0,0,0,0,0,0,0,0,0,0,0,0,0,0,0,0,0,0,0.0,0.0,30.0,2.0,35.8,0.0,0.0625,0.0,0.0,10.0,3.0,38.3,0.5,0.0625,0.0,0.0,40.0,2.0,37.2,0.0,0.0625,0.0,2.0,0.0,0.047619047619047616,0.14285714285714285,1,1,2.0,1.0,1447,1139,1721
220,202308011208,1,3,0,11,0,0,0,3,0,0,0,0,0,0,0,2,0,0,0,0,0,0,0,0,0,0,0,0,0,0,0,0,0,0,0,0,0.0,0.0,120.0,14.0,36.0,1.4,0.875,0.0,0.0,80.0,10.0,38.0,1.2,0.375,0.0,0.0,80.0,5.0,36.2,0.5,0.8125,-4.5,-2.0,0.0,0.0,0.09090909090909091,7,13,88.5,13.0,1343,76,1428
221,202308011208,0,0,0,2,2,1,0,3,0,0,0,0,0,0,0,0,1,1,0,0,0,0,0,0,0,0,0,0,0,0,0,0,0,0,0,0,0.0,0.0,90.0,13.0,38.0,2.3,0.8125,0.0,0.0,70.0,7.0,37.4,0.8,0.7272727272727273,0.0,0.0,120.0,9.0,37.7,1.0,0.13333333333333333,-2.0,-8.0,0.0,0.10416666666666667,0.3333333333333333,8,16,33.5,7.0,664,882,1110
222,202308011208,10,11,15,96,0,2,5,18,0,1,1,6,3,6,5,35,0,0,2,3,0,0,0,1,0,1,0,3,0,0,1,0,0,0,0,0,0.0,0.0,50.0,6.0,36.8,0.7,0.8125,0.0,0.0,30.0,5.0,35.8,0.3,0.875,0.0,0.0,40.0,2.0,35.5,0.6,1.0,-2.0,0.0,-200.0,0.0,0.21052631578947367,4,7,9.1,5.0,1576,1503,1577
223,202308011208,9,10,11,63,11,11,12,88,1,1,0,1,4,4,3,18,5,4,8,21,1,1,0,0,1,0,2,3,1,0,0,2,1,0,0,0,0.0,0.0,6.0,2.0,37.1,0.0,0.25,0.0,0.0,4.0,5.0,38.1,0.9,0.1875,0.0,0.0,1.0,12.0,36.8,1.3,0.6875,5.0,-10.0,0.0,0.0547945205479452,0.2602739726027397,5,9,8.2,4.0,1716,1559,1167
224,202308011208,0,0,0,0,0,0,3,5,0,0,0,0,0,0,0,0,0,0,0,4,0,0,0,0,0,0,0,0,0,0,0,0,0,0,0,0,0.0,0.0,20.0,4.0,36.9,0.5,0.25,0.0,0.0,20.0,1.0,37.1,0.0,0.375,0.0,0.0,10.0,2.0,35.7,0.1,0.1875,-1.0,-2.0,-100.0,0.10344827586206896,0.2413793103448276,3,6,5.2,2.0,245,432,549
225,202308011208,11,8,12,85,0,0,0,0,0,0,0,0,4,3,7,35,0,0,0,0,0,0,0,0,1,0,1,3,0,0,0,0,0,0,0,0,0.0,0.0,140.0,13.0,37.9,1.4,0.3333333333333333,0.0,0.0,60.0,4.0,37.8,0.5,0.2857142857142857,0.0,0.0,110.0,6.0,37.6,0.8,0.125,-3.5,-4.0,0.0,,,6,11,159.9,14.0,1172,836,1556
226,202308011208,5,9,5,55,3,4,3,20,0,1,1,0,0,1,1,4,0,0,0,2,0,0,0,0,0,0,0,1,0,0,0,0,0,0,0,0,0.0,0.0,100.0,12.0,38.6,2.5,0.5,0.0,0.0,11.0,11.0,37.7,1.9,0.45454545454545453,0.0,0.0,8.0,6.0,37.6,0.8,0.625,-3.0,8.0,0.0,0.11764705882352941,0.17647058823529413,7,14,42.3,9.0,1503,770,1263
227,202308011208,0,0,0,0,1,0,0,2,0,0,0,0,0,0,0,0,0,0,0,0,0,0,0,0,0,0,0,0,0,0,0,0,0,0,0,0,0.0,0.0,2.0,1.0,39.6,0.0,0.2727272727272727,0.0,0.0,14.0,12.0,38.6,1.8,0.6428571428571429,0.0,0.0,14.0,13.0,39.0,2.5,0.7142857142857143,6.0,1.0,-200.0,0.0,0.26666666666666666,2,3,161.4,15.0,1204,818,1221
228,202308011208,2,3,1,13,0,0,0,5,0,0,0,0,1,2,1,4,0,0,0,1,0,0,0,0,0,0,0,0,0,0,0,0,0,0,0,0,0.0,0.0,11.0,6.0,34.2,0.5,0.8,0.0,0.0,11.0,4.0,37.1,0.4,0.5,0.0,0.0,6.0,7.0,37.7,1.3,0.3333333333333333,0.5,-12.0,0.0,0.13333333333333333,0.24,8,15,7.2,3.0,1148,1563,1393
229,202308011208,0,0,0,0,4,2,2,30,0,0,0,0,0,0,0,0,1,1,0,7,0,0,0,0,0,0,0,0,0,0,0,0,0,0,0,0,0.0,0.0,70.0,1.0,37.2,0.0,0.125,0.0,0.0,40.0,3.0,37.0,0.4,0.4,0.0,0.0,50.0,4.0,37.8,0.4,0.25,1.5,0.0,0.0,0.0,0.0,5,10,40.3,8.0,1401,1221,517
230,202308011208,10,11,15,96,0,5,4,26,0,0,0,0,3,6,5,35,0,1,0,6,0,0,0,0,0,1,0,3,0,0,0,0,0,0,0,0,0.0,0.0,12.0,12.0,41.6,5.4,0.75,0.0,0.0,16.0,15.0,37.8,1.5,0.875,0.0,0.0,14.0,12.0,37.4,1.8,0.7142857142857143,0.0,-19.0,-200.0,0.0,0.05,4,8,177.6,16.0,1576,1362,1577
231,202308011208,0,0,0,0,2,1,1,9,0,0,0,0,0,0,0,0,0,0,0,1,0,0,0,0,0,0,0,0,0,0,0,0,0,0,0,0,0.0,0.0,12.0,12.0,41.5,4.3,0.16666666666666666,0.0,0.0,12.0,13.0,37.5,1.5,0.5333333333333333,0.0,0.0,13.0,13.0,37.9,3.6,0.5625,0.5,6.0,-200.0,0.041666666666666664,0.125,1,2,20.0,6.0,1432,1079,1428
232,202308011208,2,3,2,58,0,1,1,4,0,0,0,0,0,1,1,18,0,0,1,3,0,0,0,0,0,0,0,2,0,0,0,1,0,0,0,0,0.0,0.0,3.0,2.0,13.3,0.9,0.18181818181818182,0.0,0.0,5.0,6.0,13.1,0.9,0.6428571428571429,0.0,0.0,2.0,3.0,13.5,1.6,0.2,0.5,-6.0,-1690.0,0.0,0.0,2,4,76.9,11.0,1393,1487,1263
233,202308011208,0,0,0,0,4,2,2,30,0,0,0,0,0,0,0,0,1,1,0,7,0,0,0,0,0,0,0,0,0,0,0,0,0,0,0,0,0.0,0.0,90.0,10.0,36.9,1.8,0.5833333333333334,0.0,0.0,,,,,,0.0,0.0,80.0,10.0,14.2,9.0,1.0,0.0,-4.0,200.0,0.11538461538461539,0.17307692307692307,3,5,43.1,10.0,1045,1221,969
234,202308011208,2,3,2,58,4,5,4,63,0,0,0,2,0,1,1,18,0,2,0,23,0,0,0,1,0,0,0,2,0,0,0,0,0,0,0,0,0.0,0.0,4.0,3.0,39.8,1.4,0.5555555555555556,0.0,0.0,12.0,16.0,40.2,3.4,0.375,0.0,0.0,11.0,10.0,37.5,0.7,0.0625,3.5,1.0,-200.0,0.034482758620689655,0.15517241379310345,6,12,87.1,12.0,1393,1294,1263
235,202308020111,1,0,0,0,4,5,4,48,0,0,0,0,1,0,0,0,1,1,3,16,0,0,0,0,0,0,0,0,0,0,2,0,0,0,0,0,0.0,0.0,20.0,3.0,35.7,0.5,0.25,0.0,0.0,10.0,4.0,36.0,0.2,0.3125,0.0,0.0,10.0,3.0,36.3,0.4,0.4375,0.0,0.0,0.0,0.0784313725490196,0.29411764705882354,2,3,2.9,1.0,1657,1366,1317
236,202308020111,7,2,3,57,0,0,0,0,0,0,0,0,3,1,0,18,0,0,0,0,0,0,0,0,1,0,0,2,0,0,0,0,0,0,0,0,0.0,0.0,20.0,2.0,37.8,0.2,0.6666666666666666,0.0,0.0,30.0,1.0,36.9,0.0,0.9090909090909091,0.0,0.0,20.0,6.0,37.2,0.9,0.8125,2.0,16.0,-200.0,0.17777777777777778,0.4888888888888889,8,16,6.1,3.0,1278,1716,625
237,202308020111,0,0,0,5,3,3,3,25,0,0,0,0,0,0,0,0,2,0,1,7,0,0,0,0,0,0,0,0,1,0,0,0,0,0,0,0,0.0,0.0,8.0,14.0,41.2,3.6,0.07142857142857142,0.0,0.0,11.0,12.0,38.2,1.2,0.13333333333333333,0.0,0.0,3.0,7.0,36.9,1.0,0.07692307692307693,-3.5,4.0,0.0,0.0784313725490196,0.29411764705882354,3,6,46.5,9.0,1426,1306,306
238,202308020111,9,10,11,63,2,3,1,24,0,0,0,0,4,4,3,18,1,2,0,9,0,0,0,0,0,0,0,0,0,0,0,0,0,0,0,0,0.0,0.0,110.0,14.0,40.4,2.8,0.06666666666666667,0.0,0.0,90.0,15.0,35.5,1.7,0.1111111111111111,0.0,0.0,4.0,3.0,32.2,0.1,0.17647058823529413,-5.5,-6.0,0.0,0.06060606060606061,0.24242424242424243,8,15,6.9,4.0,1716,1036,1167
239,202308020111,13,17,14,138,0,0,0,5,0,0,0,1,0,6,2,35,0,0,0,2,0,0,0,0,0,2,0,2,0,0,0,0,0,0,0,0,0.0,0.0,10.0,5.0,36.5,0.8,0.375,0.0,0.0,7.0,7.0,37.1,0.7,0.35714285714285715,0.0,0.0,3.0,4.0,35.8,0.2,0.45454545454545453,-0.5,-4.0,0.0,0.0,0.0,4,8,54.2,10.0,1221,420,1263
240,202308020111,5,9,5,55,0,1,3,8,0,0,0,2,0,1,1,4,0,0,2,0,0,0,0,0,0,0,0,1,0,0,0,0,0,0,0,0,0.0,0.0,10.0,4.0,37.5,0.5,0.25,0.0,0.0,30.0,1.0,37.3,0.0,0.1875,0.0,0.0,10.0,1.0,35.5,0.0,0.1875,-1.5,-2.0,-200.0,0.13157894736842105,0.23684210526315788,4,7,7.6,5.0,1503,857,1263
241,202308020111,0,0,0,0,6,7,8,81,0,0,0,0,0,0,0,0,2,2,2,22,0,0,0,0,0,0,0,0,0,1,0,2,0,0,0,0,0.0,0.0,30.0,1.0,35.1,0.0,0.4166666666666667,0.0,0.0,30.0,2.0,38.1,1.1,0.1875,0.0,0.0,20.0,1.0,36.1,0.0,0.1875,0.0,-6.0,0.0,0.07142857142857142,0.32142857142857145,1,1,4.6,2.0,1467,1013,336
242,202308020111,12,4,6,79,2,2,1,11,0,1,0,2,9,4,3,56,0,1,0,4,0,1,0,1,0,0,0,2,0,0,0,0,0,0,0,0,0.0,0.0,2.0,2.0,39.8,0.2,0.36363636363636365,0.0,0.0,13.0,11.0,35.4,1.9,0.9230769230769231,0.0,0.0,13.0,13.0,37.1,1.1,0.125,5.5,7.0,-200.0,0.03389830508474576,0.15254237288135594,5,9,124.3,15.0,1228,260,1108
243,202308020111,10,11,15,96,4,2,7,37,0,1,0,4,3,6,5,35,0,1,1,7,0,0,0,1,0,0,1,3,0,0,0,1,0,0,0,0,0.0,0.0,12.0,9.0,35.5,1.0,1.0,0.0,0.0,13.0,11.0,37.4,2.0,0.875,0.0,0.0,13.0,11.0,37.1,1.0,0.9375,1.0,4.0,0.0,0.0,0.1,5,10,84.7,12.0,1576,1428,1577
244,202308020111,7,7,7,68,0,0,0,9,0,0,0,1,0,0,0,12,0,0,0,6,0,0,0,1,0,0,0,0,0,0,0,0,0,0,0,0,0.0,0.0,90.0,7.0,35.6,0.3,0.8181818181818182,0.0,0.0,120.0,6.0,36.1,0.4,0.3125,0.0,0.0,100.0,2.0,36.2,0.0,0.6363636363636364,-2.5,-2.0,50.0,0.06666666666666667,0.3333333333333333,6,12,55.3,11.0,1110,1404,938
245,202308020111,0,0,0,0,0,5,4,26,0,0,0,0,0,0,0,0,0,1,0,6,0,0,0,0,0,0,0,0,0,0,0,0,0,0,0,0,0.0,0.0,10.0,7.0,36.9,0.7,0.21428571428571427,0.0,0.0,12.0,13.0,35.3,0.8,0.125,0.0,0.0,4.0,10.0,34.8,0.8,0.2,1.5,8.0,0.0,0.0,0.0,7,14,16.6,6.0,1467,1362,336
246,202308020111,0,0,0,0,1,1,0,3,0,0,0,0,0,0,0,0,0,1,0,1,0,0,0,0,0,0,0,0,0,0,0,0,0,0,0,0,0.0,0.0,12.0,13.0,40.8,2.4,0.4375,0.0,0.0,13.0,10.0,36.0,0.8,0.9230769230769231,0.0,0.0,11.0,8.0,35.7,0.5,0.75,-2.5,22.0,-400.0,0.0,0.2,1,2,19.9,7.0,1020,1641,1576
247,202308020111,0,1,1,16,1,0,0,19,0,0,0,3,0,0,0,5,0,0,0,5,0,0,0,3,0,0,0,0,0,0,0,0,0,0,0,0,0.0,0.0,130.0,1.0,34.4,0.0,0.6153846153846154,0.0,0.0,110.0,8.0,37.2,1.1,0.7692307692307693,0.0,0.0,90.0,7.0,36.2,0.8,0.6153846153846154,3.0,-2.0,200.0,0.04,0.12,2,4,113.2,14.0,1557,1145,1559
248,202308020111,11,8,12,85,3,1,2,5,1,0,0,1,4,3,7,35,2,0,0,2,1,0,0,1,1,1,2,5,0,0,0,0,0,0,0,0,0.0,0.0,8.0,7.0,40.7,3.9,0.75,0.0,0.0,11.0,5.0,36.4,0.9,0.625,0.0,0.0,8.0,14.0,36.7,1.4,0.75,3.5,5.0,-600.0,0.09090909090909091,0.18181818181818182,3,5,22.2,8.0,1172,1418,1556
249,202308020111,2,0,0,7,0,0,0,0,0,0,0,0,0,0,0,6,0,0,0,0,0,0,0,0,0,0,0,0,0,0,0,0,0,0,0,0,0.0,0.0,13.0,10.0,37.7,2.9,0.7142857142857143,0.0,0.0,16.0,15.0,36.5,1.5,0.875,0.0,0.0,14.0,15.0,41.1,4.7,0.5333333333333333,2.5,-19.0,200.0,0.0,0.25,7,13,162.0,16.0,1611,1047,1263
250,202308020111,2,2,2,26,0,0,0,0,0,0,0,0,1,0,0,8,0,0,0,0,0,0,0,0,0,0,0,0,0,0,0,0,0,0,0,0,0.0,0.0,13.0,16.0,38.0,2.2,0.3125,0.0,0.0,14.0,14.0,37.9,2.1,0.7857142857142857,0.0,0.0,16.0,17.0,36.7,1.7,0.1111111111111111,0.5,8.0,0.0,0.10204081632653061,0.3469387755102041,6,11,112.4,13.0,1090,1508,1169
251,202308020212,0,0,0,0,10,9,11,97,0,0,0,0,0,0,0,0,1,3,3,17,0,0,0,0,0,0,0,0,0,0,1,0,0,0,0,0,0.0,0.0,60.0,2.0,36.5,0.2,0.06666666666666667,0.0,0.0,100.0,2.0,38.2,0.9,0.0625,0.0,0.0,110.0,13.0,41.2,2.9,0.1875,5.5,0.0,0.0,,,3,3,5.2,3.0,1204,1167,1221
252,202308020212,6,2,3,37,0,1,3,8,0,0,0,0,0,0,0,2,0,0,2,0,0,0,0,0,0,0,0,0,0,0,0,0,0,0,0,0,0.0,0.0,80.0,12.0,38.0,1.0,0.25,0.0,0.0,40.0,11.0,36.9,1.2,0.1875,0.0,0.0,20.0,7.0,38.0,1.3,0.4,-2.5,-10.0,-200.0,0.1,0.23333333333333334,5,6,17.4,5.0,1152,857,1428
253,202308020212,1,2,1,17,0,0,1,8,0,0,0,0,0,1,0,2,0,0,0,3,0,0,0,0,0,0,0,1,0,0,0,0,0,0,0,0,0.0,0.0,110.0,14.0,39.6,2.2,0.125,0.0,0.0,60.0,10.0,38.5,2.1,0.25,0.0,0.0,8.0,8.0,38.1,1.6,0.14285714285714285,-3.0,10.0,-200.0,0.05405405405405406,0.25675675675675674,8,12,4.3,2.0,1095,1103,1221
254,202308020212,2,2,2,26,13,11,10,107,0,0,1,2,1,0,0,8,7,1,1,22,0,0,0,0,0,0,0,0,0,0,0,3,0,0,0,0,0.0,0.0,9.0,13.0,37.2,1.8,0.5625,0.0,0.0,9.0,14.0,37.4,1.6,0.75,0.0,0.0,10.0,6.0,35.2,0.3,0.875,-3.5,-2.0,0.0,0.12987012987012986,0.23376623376623376,6,9,46.1,8.0,1090,1263,1169
255,202308020212,0,0,0,3,0,0,0,3,0,0,0,0,0,0,0,0,0,0,0,0,0,0,0,0,0,0,0,0,0,0,0,0,0,0,0,0,0.0,0.0,40.0,2.0,36.5,0.6,0.1875,0.0,0.0,150.0,10.0,33.0,0.7,0.5,0.0,0.0,50.0,1.0,36.7,0.0,0.1875,-0.5,4.0,0.0,0.038461538461538464,0.11538461538461539,4,4,1.8,1.0,1677,406,1167
256,202308020212,0,0,0,0,0,1,1,12,0,0,0,0,0,0,0,0,0,0,0,1,0,0,0,0,0,0,0,0,0,0,0,0,0,0,0,0,0.0,0.0,120.0,3.0,37.3,1.0,0.5,0.0,0.0,120.0,14.0,37.6,0.9,0.5,0.0,0.0,50.0,1.0,37.5,0.0,0.4666666666666667,-1.0,10.0,0.0,0.0,0.0,6,8,13.8,4.0,1467,324,336
257,202308020212,1,1,2,22,0,1,0,7,0,0,0,0,0,0,2,5,0,0,0,1,0,0,0,0,0,0,0,0,0,0,0,0,0,0,0,0,0.0,0.0,100.0,6.0,36.8,0.9,0.75,0.0,0.0,70.0,6.0,35.9,0.8,0.2,0.0,0.0,130.0,7.0,36.9,0.8,0.4375,0.5,8.0,50.0,0.0,0.0,2,2,45.0,7.0,1431,1542,1428
258,202308020212,0,0,0,0,0,0,0,3,0,0,0,0,0,0,0,0,0,0,0,1,0,0,0,0,0,0,0,0,0,0,0,0,0,0,0,0,0.0,0.0,1.0,3.0,38.6,0.1,0.45454545454545453,0.0,0.0,14.0,14.0,38.7,1.5,0.5333333333333333,0.0,0.0,12.0,8.0,36.5,0.9,0.9230769230769231,2.5,1.0,-30.0,0.11363636363636363,0.25,7,11,77.2,12.0,1020,1278,1576
259,202308020212,9,10,11,63,3,3,3,25,0,0,0,0,4,4,3,18,2,0,1,7,0,0,0,0,1,0,2,3,0,0,0,0,0,0,0,0,0.0,0.0,5.0,7.0,41.3,1.9,1.0,0.0,0.0,14.0,12.0,36.4,1.1,1.0,0.0,0.0,11.0,9.0,36.8,1.0,0.8461538461538461,1.0,8.0,-400.0,,,4,5,71.8,11.0,1716,1306,1167
260,202308020212,9,10,11,63,13,11,10,107,2,1,0,6,4,4,3,18,7,1,1,22,1,0,0,2,1,0,2,3,0,0,0,3,0,0,0,1,0.0,0.0,10.0,10.0,37.4,1.1,0.3076923076923077,0.0,0.0,11.0,11.0,36.4,1.7,0.35714285714285715,0.0,0.0,11.0,5.0,37.9,1.9,0.125,-2.5,2.0,0.0,0.0,0.0,7,10,57.4,10.0,1716,1263,1167
261,202308020212,9,10,11,63,4,2,7,37,0,1,3,2,4,4,3,18,0,1,1,7,0,1,1,2,1,0,2,3,0,0,1,1,0,0,1,1,0.0,0.0,13.0,11.0,37.4,1.4,0.6153846153846154,0.0,0.0,10.0,8.0,36.5,1.3,0.6363636363636364,0.0,0.0,9.0,13.0,37.4,1.8,0.5625,1.0,14.0,0.0,0.0,0.0,5,7,172.7,13.0,1716,1428,1167
262,202308020212,0,0,0,2,1,4,6,26,0,0,0,0,0,0,0,0,0,0,0,4,0,0,0,0,0,0,0,0,0,0,0,0,0,0,0,0,0.0,0.0,13.0,12.0,35.0,0.8,0.38461538461538464,0.0,0.0,16.0,12.0,36.2,1.7,0.11764705882352941,0.0,0.0,11.0,5.0,35.0,0.5,0.7272727272727273,-3.5,-2.0,-200.0,,,8,13,18.1,6.0,1733,1108,1428
263,202308020212,0,0,0,0,6,7,8,81,0,0,0,0,0,0,0,0,2,2,2,22,0,0,0,0,0,0,0,0,0,1,0,1,0,0,0,0,0.0,0.0,9.0,13.0,38.6,2.3,0.3076923076923077,0.0,0.0,3.0,9.0,36.3,1.5,0.35714285714285715,0.0,0.0,14.0,14.0,38.0,2.2,0.4666666666666667,0.5,8.0,0.0,0.0,0.0,1,1,51.8,9.0,1270,1013,969
264,202308020302,0,0,0,0,1,1,0,4,0,0,0,0,0,0,0,0,0,0,0,0,0,0,0,0,0,0,0,0,0,0,0,0,0,0,0,0,0.0,0.0,20.0,3.0,34.9,0.4,0.1,0.0,0.0,40.0,3.0,35.1,0.3,0.14285714285714285,0.0,0.0,30.0,2.0,36.7,0.2,0.14285714285714285,-0.5,-6.0,0.0,0.21428571428571427,0.42857142857142855,7,8,2.1,1.0,832,225,351
265,202308020302,0,0,0,0,3,2,0,21,0,0,0,0,0,0,0,0,1,0,0,3,0,0,0,0,0,0,0,0,0,0,0,1,0,0,0,0,0.0,0.0,11.0,10.0,38.4,1.8,0.23076923076923078,0.0,0.0,13.0,13.0,36.1,1.6,0.8125,0.0,0.0,2.0,1.0,37.7,0.0,0.125,-4.5,-4.0,0.0,0.03278688524590164,0.14754098360655737,4,4,256.2,9.0,1020,1345,1576
266,202308020302,0,1,2,16,0,0,0,4,0,0,0,0,0,0,0,5,0,0,0,2,0,0,0,0,0,0,0,3,0,0,0,1,0,0,0,0,0.0,0.0,70.0,9.0,41.5,3.9,0.2222222222222222,0.0,0.0,6.0,7.0,38.1,1.5,0.07142857142857142,0.0,0.0,4.0,14.0,39.7,3.0,0.13333333333333333,2.5,8.0,-200.0,0.0,0.0,8,10,7.5,3.0,1278,1228,625
267,202308020302,0,0,0,0,0,0,0,0,0,0,0,0,0,0,0,0,0,0,0,0,0,0,0,0,0,0,0,0,0,0,0,0,0,0,0,0,0.0,0.0,10.0,5.0,39.5,0.9,0.75,,,,,,,,,,,,,,,,,-200.0,0.07692307692307693,0.46153846153846156,5,5,13.6,6.0,1284,98,319
268,202308020302,0,0,0,1,0,0,0,6,0,0,0,0,0,0,0,0,0,0,0,1,0,0,0,0,0,0,0,0,0,0,0,1,0,0,0,0,0.0,0.0,10.0,2.0,38.3,0.1,0.14285714285714285,0.0,0.0,40.0,10.0,41.7,2.0,0.0625,,,,,,,,8.0,6.0,0.0,0.13924050632911392,0.24050632911392406,3,3,4.1,2.0,1401,1511,517
269,202308020302,1,0,0,4,0,0,0,0,0,0,0,0,0,0,0,3,0,0,0,0,0,0,0,0,0,0,0,0,0,0,0,0,0,0,0,0,0.0,0.0,80.0,4.0,39.6,0.4,0.08333333333333333,0.0,0.0,60.0,7.0,37.2,1.4,0.2222222222222222,,,,,,,,3.0,-6.0,0.0,0.1,0.3,1,1,14.2,7.0,1095,1583,1221
270,202308020302,0,0,0,0,0,0,2,1,0,0,0,0,0,0,0,0,0,0,0,1,0,0,0,0,0,0,0,0,0,0,0,0,0,0,0,0,0.0,0.0,30.0,9.0,40.8,3.1,0.2,,,,,,,,,,,,,,,,,-200.0,0.12987012987012986,0.3246753246753247,2,2,12.8,5.0,1020,199,1576
271,202308020302,5,0,3,10,0,0,0,0,0,0,0,0,1,0,1,3,0,0,0,0,0,0,0,0,1,0,1,3,0,0,0,0,0,0,0,0,0.0,0.0,4.0,5.0,38.3,0.9,1.0,0.0,0.0,5.0,5.0,40.6,6.8,1.0,0.0,0.0,8.0,8.0,38.2,3.1,1.0,1.5,27.0,-200.0,0.0,0.0,8,9,136.4,8.0,1605,57,1
272,202308020302,4,5,1,34,2,0,2,13,0,0,0,2,3,4,1,14,1,0,2,7,0,0,0,0,3,1,0,4,0,0,1,4,0,0,0,0,0.0,0.0,10.0,3.0,37.3,1.4,0.15384615384615385,,,,,,,,,,,,,,,,,0.0,0.0,0.17391304347826086,7,7,9.4,4.0,1576,1235,1577
273,202308020302,0,0,0,0,0,0,0,1,0,0,0,0,0,0,0,0,0,0,0,0,0,0,0,0,0,0,0,0,0,0,0,0,0,0,0,0,0.0,0.0,10.0,10.0,35.3,2.5,0.9,0.0,0.0,13.0,13.0,35.7,2.0,0.7857142857142857,0.0,0.0,14.0,14.0,40.2,3.3,0.6666666666666666,2.0,0.0,0.0,0.10869565217391304,0.2391304347826087,6,6,267.5,10.0,1600,1505,680
274,202308020308,0,0,0,0,0,0,0,0,0,0,0,0,0,0,0,0,0,0,0,0,0,0,0,0,0,0,0,0,0,0,0,0,0,0,0,0,0.0,0.0,50.0,1.0,37.2,0.0,0.1875,0.0,0.0,30.0,5.0,36.6,0.6,0.6875,0.0,0.0,90.0,8.0,39.3,1.9,0.125,3.5,2.0,0.0,0.1282051282051282,0.23076923076923078,7,14,7.0,4.0,1600,1172,680
275,202308020308,7,5,2,16,0,0,0,3,0,0,0,0,2,2,1,4,0,0,0,1,0,0,0,0,0,1,0,0,0,0,0,0,0,0,0,0,0.0,0.0,110.0,16.0,41.6,4.1,0.125,0.0,0.0,60.0,14.0,38.3,2.1,0.375,0.0,0.0,30.0,3.0,36.3,0.1,0.1875,-6.5,-4.0,-400.0,0.05333333333333334,0.26666666666666666,1,2,11.4,5.0,1716,1708,1167
276,202308020308,0,0,0,1,3,2,0,21,0,0,0,0,0,0,0,0,1,0,0,3,0,0,0,0,0,0,0,0,1,0,0,0,0,0,0,0,0.0,0.0,50.0,3.0,36.8,0.4,0.625,0.0,0.0,50.0,13.0,38.3,1.6,0.5625,0.0,0.0,70.0,1.0,37.5,0.0,0.0625,-1.0,0.0,0.0,0.06818181818181818,0.18181818181818182,4,7,5.8,3.0,1601,1345,239
277,202308020308,0,1,2,9,2,0,0,1,0,0,0,0,0,0,0,2,1,0,0,1,0,0,0,0,0,0,0,0,0,0,0,0,0,0,0,0,0.0,0.0,160.0,7.0,37.0,0.5,0.4375,0.0,0.0,80.0,11.0,37.8,1.1,0.7692307692307693,0.0,0.0,90.0,7.0,35.7,0.7,0.7857142857142857,0.0,-10.0,0.0,0.0,0.0,8,15,33.4,12.0,1090,1110,1169
278,202308020308,0,0,0,0,0,0,0,0,0,0,0,0,0,0,0,0,0,0,0,0,0,0,0,0,0,0,0,0,0,0,0,0,0,0,0,0,0.0,0.0,20.0,12.0,40.0,2.3,0.125,0.0,0.0,10.0,1.0,36.9,0.0,0.0625,0.0,0.0,60.0,5.0,39.1,1.2,0.125,-3.5,8.0,0.0,0.06896551724137931,0.3103448275862069,5,9,16.3,8.0,1463,527,1167
279,202308020308,0,0,0,0,0,1,2,7,0,0,0,0,0,0,0,0,0,0,0,1,0,0,0,0,0,0,0,0,0,0,0,0,0,0,0,0,0.0,0.0,50.0,5.0,37.8,0.5,0.2,0.0,0.0,80.0,2.0,36.3,0.0,0.13333333333333333,0.0,0.0,80.0,5.0,37.6,0.6,0.25,0.0,10.0,0.0,,,3,6,4.7,2.0,1020,1428,1576
280,202308020308,0,0,0,0,0,0,0,1,0,0,0,0,0,0,0,0,0,0,0,1,0,0,0,0,0,0,0,0,0,0,0,0,0,0,0,0,0.0,0.0,100.0,8.0,34.9,0.7,0.7222222222222222,0.0,0.0,20.0,8.0,35.5,1.0,0.7692307692307693,0.0,0.0,100.0,2.0,34.5,0.5,0.7142857142857143,-3.0,-4.0,-200.0,0.03333333333333333,0.15,2,3,13.1,6.0,1045,1205,969
281,202308020308,4,5,1,34,1,0,0,1,0,0,0,0,3,4,1,14,0,0,0,0,0,0,0,0,0,0,1,1,0,0,0,0,0,0,0,0,0.0,0.0,7.0,6.0,36.8,0.6,0.4,0.0,0.0,5.0,7.0,36.5,0.5,0.26666666666666666,0.0,0.0,4.0,9.0,36.1,0.6,0.4375,1.5,-10.0,0.0,0.0,0.0,6,12,3.9,1.0,1576,712,1577
282,202308020308,4,5,1,34,0,0,0,0,0,0,0,0,3,4,1,14,0,0,0,0,0,0,0,0,0,0,1,1,0,0,0,0,0,0,0,0,0.0,0.0,120.0,10.0,38.1,1.4,0.3333333333333333,0.0,0.0,90.0,14.0,38.4,2.0,0.5625,0.0,0.0,30.0,10.0,38.3,0.7,0.07692307692307693,0.0,6.0,0.0,0.0,0.0,6,11,31.9,11.0,1576,1543,1577
283,202308020308,4,5,1,34,0,0,0,0,0,0,0,0,3,4,1,14,0,0,0,0,0,0,0,0,0,0,1,1,0,0,0,0,0,0,0,0,0.0,0.0,50.0,10.0,42.9,3.6,0.2,0.0,0.0,150.0,13.0,38.7,1.7,0.625,0.0,0.0,130.0,10.0,37.7,0.9,0.9375,0.0,-8.0,-100.0,0.0,0.0,5,10,41.1,13.0,1576,1172,1577
284,202308020308,0,0,0,1,0,1,0,26,0,0,0,0,0,0,0,1,0,0,0,11,0,0,0,0,0,0,0,0,0,0,0,2,0,0,0,0,0.0,0.0,6.0,2.0,37.8,0.0,0.0625,0.0,0.0,9.0,2.0,36.3,0.2,0.16666666666666666,0.0,0.0,9.0,11.0,38.7,1.4,0.6875,4.5,0.0,50.0,0.17391304347826086,0.21739130434782608,2,4,28.5,9.0,1657,1405,1317
285,202308020308,4,5,1,34,0,0,0,2,0,0,0,0,3,4,1,14,0,0,0,0,0,0,0,0,0,0,1,1,0,0,0,0,0,0,0,0,0.0,0.0,,,,,,0.0,0.0,70.0,3.0,35.5,0.3,0.15384615384615385,0.0,0.0,110.0,13.0,37.0,1.7,0.5,10.0,,0.0,0.09523809523809523,0.42857142857142855,4,8,13.9,7.0,1576,1050,1577
286,202308020308,1,3,1,26,0,0,0,2,0,0,0,1,0,1,0,8,0,0,0,0,0,0,0,0,0,0,0,3,0,0,0,0,0,0,0,0,0.0,0.0,2.0,3.0,41.3,0.9,0.4166666666666667,0.0,0.0,14.0,13.0,39.4,2.0,0.5625,0.0,0.0,12.0,16.0,39.1,3.1,0.875,6.5,18.0,-200.0,0.0,0.0,8,16,108.9,14.0,1172,1520,1556
287,202308020308,0,0,0,4,0,0,0,9,0,0,0,0,0,0,0,2,0,0,0,0,0,0,0,0,0,0,0,0,0,0,0,0,0,0,0,0,0.0,0.0,1.0,1.0,39.8,0.0,0.125,0.0,0.0,14.0,14.0,37.0,2.7,0.9285714285714286,0.0,0.0,15.0,16.0,42.1,7.5,1.0,7.5,0.0,-200.0,0.0,0.19047619047619047,1,1,154.2,16.0,1426,1362,306
288,202308020308,0,0,0,0,2,0,2,13,0,0,0,0,0,0,0,0,1,0,2,7,0,0,0,0,0,0,0,0,0,0,1,0,0,0,0,0,0.0,0.0,5.0,11.0,46.2,5.0,0.25,0.0,0.0,15.0,15.0,40.5,2.5,0.1875,0.0,0.0,14.0,14.0,39.7,3.1,0.4666666666666667,1.5,12.0,-300.0,0.08695652173913043,0.17391304347826086,3,5,137.0,15.0,1540,1235,1036
289,202308020308,0,1,2,16,0,0,0,0,0,0,0,0,0,0,0,5,0,0,0,0,0,0,0,0,0,0,0,1,0,0,0,0,0,0,0,0,0.0,0.0,6.0,8.0,44.6,1.4,0.18181818181818182,0.0,0.0,11.0,16.0,41.1,3.3,0.0625,0.0,0.0,12.0,16.0,38.6,2.3,0.3125,4.0,8.0,-200.0,,,7,13,31.7,10.0,1278,1396,625
290,202308020310,0,0,0,1,1,0,0,3,0,0,0,0,0,0,0,0,1,0,0,2,0,0,0,0,0,0,0,0,0,0,0,0,0,0,0,0,0.0,0.0,30.0,3.0,36.5,0.4,0.4375,0.0,0.0,10.0,2.0,37.2,0.2,0.4375,0.0,0.0,10.0,1.0,36.3,0.0,0.4,-1.0,8.0,-400.0,0.13513513513513514,0.21621621621621623,8,13,3.7,1.0,1601,1503,239
291,202308020310,1,0,0,8,3,1,2,13,1,0,0,0,1,0,0,1,1,0,0,3,1,0,0,0,0,0,0,0,0,0,0,0,0,0,0,0,0.0,0.0,20.0,1.0,36.0,0.0,0.13333333333333333,0.0,0.0,20.0,6.0,36.9,0.3,0.625,0.0,0.0,100.0,4.0,37.9,0.5,0.45454545454545453,1.5,14.0,0.0,0.2222222222222222,0.4074074074074074,2,2,3.8,2.0,1447,1618,1721
292,202308020310,0,0,0,0,1,0,0,0,0,0,0,0,0,0,0,0,0,0,0,0,0,0,0,0,0,0,0,0,0,0,0,0,0,0,0,0,0.0,0.0,20.0,8.0,35.3,0.3,0.23076923076923078,0.0,0.0,30.0,1.0,37.1,0.0,0.125,0.0,0.0,40.0,2.0,37.1,0.0,0.0625,-3.0,8.0,200.0,0.0,0.0,4,4,9.1,5.0,775,226,306
293,202308020310,0,0,0,5,0,1,1,10,0,0,0,0,0,0,0,1,0,0,0,1,0,0,0,0,0,0,0,0,0,0,0,0,0,0,0,0,0.0,0.0,2.0,6.0,37.5,1.0,0.8,0.0,0.0,11.0,12.0,36.0,1.4,0.7333333333333333,0.0,0.0,13.0,6.0,36.1,0.6,0.5,0.0,4.0,300.0,0.1111111111111111,0.24444444444444444,8,12,12.9,6.0,1148,1294,1393
294,202308020310,1,2,0,1,1,1,0,4,0,0,0,0,1,1,0,1,0,0,0,1,0,0,0,0,0,0,0,1,0,0,0,0,0,0,0,0,0.0,0.0,80.0,6.0,34.7,0.2,0.6153846153846154,0.0,0.0,160.0,5.0,36.4,0.6,0.5,0.0,0.0,130.0,9.0,36.9,0.9,0.875,1.5,4.0,200.0,0.0,0.18181818181818182,6,8,42.8,9.0,1611,1014,1263
295,202308020310,0,0,0,1,0,0,0,1,0,0,0,0,0,0,0,0,0,0,0,0,0,0,0,0,0,0,0,0,0,0,0,0,0,0,0,0,0.0,0.0,5.0,6.0,38.2,1.3,0.8333333333333334,0.0,0.0,11.0,8.0,36.3,1.0,0.8125,0.0,0.0,10.0,11.0,37.5,0.9,0.26666666666666666,2.5,-5.0,0.0,0.0625,0.3125,3,3,44.9,10.0,1601,1433,239
296,202308020310,4,5,1,34,0,0,1,6,0,0,0,0,3,4,1,14,0,0,0,2,0,0,0,0,0,1,0,1,0,0,0,0,0,0,0,0,0.0,0.0,13.0,12.0,38.1,2.1,0.8125,0.0,0.0,11.0,11.0,37.9,3.9,1.0,0.0,0.0,16.0,8.0,36.7,0.7,0.9375,-2.0,12.0,0.0,0.09615384615384616,0.3076923076923077,5,6,21.0,7.0,1576,1482,1577
297,202308020310,0,0,0,0,3,2,6,35,0,0,0,0,0,0,0,0,0,1,2,9,0,0,0,0,0,0,0,0,0,0,0,0,0,0,0,0,0.0,0.0,30.0,1.0,36.3,0.0,0.5625,0.0,0.0,10.0,15.0,35.7,1.0,0.1875,0.0,0.0,10.0,8.0,34.3,0.9,0.5833333333333334,3.5,-6.0,0.0,0.08333333333333333,0.16666666666666666,6,9,5.1,3.0,1289,1167,1428
298,202308020310,1,0,0,1,1,0,0,0,1,0,0,0,0,0,0,0,0,0,0,0,0,0,0,0,0,0,0,0,0,0,0,0,0,0,0,0,0.0,0.0,10.0,9.0,13.7,5.8,0.16666666666666666,0.0,0.0,13.0,16.0,39.8,3.0,0.125,0.0,0.0,8.0,9.0,37.3,1.3,0.7692307692307693,0.0,2.0,-1660.0,0.13157894736842105,0.32894736842105265,5,7,23.3,8.0,429,226,377
299,202308020310,0,0,0,0,4,1,0,23,0,0,0,0,0,0,0,0,1,1,0,9,0,0,0,0,0,0,0,0,0,0,0,0,0,0,0,0,0.0,0.0,20.0,6.0,36.2,1.0,0.7333333333333333,0.0,0.0,40.0,2.0,35.6,0.1,0.5625,0.0,0.0,50.0,1.0,36.8,0.0,0.5,-2.5,14.0,0.0,0.05263157894736842,0.27631578947368424,4,5,6.0,4.0,1282,1013,377
300,202308020310,4,5,1,34,0,1,0,26,0,0,0,3,3,4,1,14,0,0,0,11,0,0,0,2,0,1,0,1,0,0,0,0,0,0,0,0,0.0,0.0,15.0,7.0,36.7,0.6,0.4666666666666667,0.0,0.0,16.0,12.0,36.4,1.6,0.8125,0.0,0.0,15.0,12.0,37.1,1.9,0.75,2.5,-14.0,-500.0,0.08064516129032258,0.20967741935483872,1,1,78.1,12.0,1576,1405,1577
301,202308020310,0,0,0,0,0,0,0,0,0,0,0,0,0,0,0,0,0,0,0,0,0,0,0,0,0,0,0,0,0,0,0,0,0,0,0,0,0.0,0.0,10.0,12.0,40.2,4.5,0.75,0.0,0.0,16.0,15.0,38.4,2.5,0.625,0.0,0.0,13.0,10.0,36.9,1.4,0.3076923076923077,-1.0,7.0,-200.0,0.0,0.23529411764705882,7,10,48.1,11.0,666,432,674
302,202308020310,1,3,1,26,2,3,2,28,0,1,0,3,0,1,0,8,1,0,0,6,0,0,0,2,0,0,0,0,0,0,0,0,0,0,0,0,0.0,0.0,,,,,,0.0,0.0,160.0,14.0,36.7,1.5,0.875,0.0,0.0,130.0,13.0,38.1,2.7,1.0,-1.0,-11.0,-200.0,0.0,0.16666666666666666,7,11,138.5,13.0,1172,1558,1556
303,202308020401,0,0,0,0,10,9,11,97,0,0,0,0,0,0,0,0,1,3,3,17,0,0,0,0,0,0,0,0,1,2,1,8,0,0,0,0,0.0,0.0,110.0,7.0,37.5,1.0,0.625,0.0,0.0,10.0,8.0,37.9,1.1,0.5,0.0,0.0,11.0,12.0,35.3,1.1,0.8571428571428571,2.5,8.0,0.0,0.0,0.08333333333333333,6,7,1.9,1.0,1467,1167,336
304,202308020401,0,0,0,0,0,0,0,1,0,0,0,0,0,0,0,0,0,0,0,0,0,0,0,0,0,0,0,0,0,0,0,0,0,0,0,0,0.0,0.0,80.0,10.0,36.1,0.9,0.38461538461538464,,,,,,,,,,,,,,,,,-300.0,0.0,0.16666666666666666,8,11,5.6,2.0,1064,899,1556
305,202308020401,10,11,15,96,0,0,0,1,0,0,0,0,3,6,5,35,0,0,0,0,0,0,0,0,2,4,3,9,0,0,0,0,0,0,0,0,0.0,0.0,2.0,6.0,38.1,0.8,0.125,0.0,0.0,4.0,2.0,39.7,0.0,0.8125,0.0,0.0,2.0,4.0,37.3,0.9,0.8125,-1.0,8.0,-200.0,0.0,0.0,1,1,14.4,5.0,1576,941,1577
306,202308020401,0,0,0,0,13,11,10,107,0,0,0,0,0,0,0,0,7,1,1,22,0,0,0,0,0,0,0,0,3,0,1,10,0,0,0,0,0.0,0.0,2.0,10.0,37.7,1.5,0.6666666666666666,0.0,0.0,6.0,9.0,37.7,2.0,0.45454545454545453,0.0,0.0,5.0,3.0,36.8,0.4,0.3333333333333333,-3.5,-13.0,380.0,0.11320754716981132,0.16981132075471697,8,12,74.8,9.0,1579,1263,1605
307,202308020401,0,0,0,0,5,2,4,47,0,0,0,0,0,0,0,0,0,0,0,13,0,0,0,0,0,0,0,0,0,0,0,5,0,0,0,0,0.0,0.0,5.0,6.0,38.6,1.7,0.7142857142857143,0.0,0.0,11.0,13.0,42.0,5.0,0.2857142857142857,0.0,0.0,12.0,13.0,36.5,1.4,0.5625,3.5,18.0,0.0,0.07692307692307693,0.3076923076923077,4,4,6.4,3.0,1479,1721,857
308,202308020401,7,2,3,57,2,1,0,24,0,0,0,0,3,1,0,18,1,0,0,5,0,0,0,0,0,1,0,11,0,0,0,0,0,0,0,0,0.0,0.0,1.0,1.0,38.2,0.0,0.8,0.0,0.0,11.0,10.0,38.3,1.8,0.875,0.0,0.0,14.0,10.0,39.5,2.0,0.6875,4.5,16.0,300.0,0.05194805194805195,0.2727272727272727,7,10,26.5,7.0,1278,1393,625
309,202308020401,0,0,0,0,4,2,2,30,0,0,0,0,0,0,0,0,1,1,0,7,0,0,0,0,0,0,0,0,0,0,0,3,0,0,0,0,0.0,0.0,2.0,2.0,38.6,0.5,0.16666666666666666,0.0,0.0,13.0,12.0,34.3,1.7,0.9230769230769231,0.0,0.0,7.0,7.0,35.7,2.2,0.75,2.5,22.0,-200.0,0.1375,0.2375,3,3,101.3,10.0,1064,1221,1556
310,202308020401,0,0,0,0,4,2,2,30,0,0,0,0,0,0,0,0,1,1,0,7,0,0,0,0,0,0,0,0,0,0,0,3,0,0,0,0,0.0,0.0,12.0,13.0,14.4,14.1,0.8461538461538461,0.0,0.0,3.0,15.0,39.9,2.3,0.1875,0.0,0.0,3.0,9.0,39.4,1.4,0.125,-2.0,-4.0,-1800.0,0.06666666666666667,0.3,7,9,7.9,4.0,1020,1221,1576
311,202308020401,0,0,0,0,0,0,0,0,0,0,0,0,0,0,0,0,0,0,0,0,0,0,0,0,0,0,0,0,0,0,0,0,0,0,0,0,0.0,0.0,8.0,8.0,37.5,2.8,0.625,0.0,0.0,11.0,17.0,35.9,0.7,0.3888888888888889,0.0,0.0,6.0,7.0,36.5,1.7,0.3125,-0.5,5.0,300.0,0.0,0.0,5,5,24.4,6.0,1286,397,1503
312,202308020401,0,0,0,0,0,0,0,0,0,0,0,0,0,0,0,0,0,0,0,0,0,0,0,0,0,0,0,0,0,0,0,0,0,0,0,0,0.0,0.0,10.0,80.0,41.7,1.4,0.09090909090909091,0.0,0.0,140.0,110.0,38.3,2.9,0.6428571428571429,0.0,0.0,160.0,130.0,36.6,1.3,0.25,25.0,21.0,-400.0,0.037037037037037035,0.1111111111111111,6,8,180.2,12.0,1049,1716,1428
313,202308020401,0,0,0,2,0,1,0,1,0,0,0,0,0,0,0,1,0,0,0,1,0,0,0,0,0,0,0,1,0,0,0,0,0,0,0,0,0.0,0.0,2.0,2.0,41.3,1.4,0.08333333333333333,0.0,0.0,15.0,13.0,39.4,3.8,0.875,0.0,0.0,13.0,12.0,38.4,3.0,1.0,5.0,21.0,-200.0,0.0,0.0,5,6,159.3,11.0,1586,1576,1167
314,202308020401,7,10,8,51,0,0,0,0,0,0,0,0,0,1,0,5,0,0,0,0,0,0,0,0,0,1,0,4,0,0,0,0,0,0,0,0,0.0,0.0,10.0,10.0,38.2,1.8,0.5,0.0,0.0,8.0,12.0,41.3,4.1,0.08333333333333333,0.0,0.0,4.0,3.0,37.6,0.6,0.4,-3.5,2.0,380.0,0.18518518518518517,0.3333333333333333,2,2,29.3,8.0,1127,1728,1328
315,202308020606,0,0,0,0,0,2,1,11,0,0,0,0,0,0,0,0,0,0,0,2,0,0,0,0,0,0,0,0,0,0,0,1,0,0,0,0,0.0,0.0,70.0,1.0,35.8,0.0,0.07142857142857142,0.0,0.0,50.0,7.0,38.6,1.7,0.5,0.0,0.0,70.0,4.0,36.4,0.6,0.21428571428571427,1.5,-4.0,200.0,0.037037037037037035,0.1111111111111111,6,9,4.9,2.0,1579,962,1605
316,202308020606,0,0,0,0,4,2,3,12,0,0,0,0,0,0,0,0,1,0,1,2,0,0,0,0,0,0,0,0,0,0,1,0,0,0,0,0,0.0,0.0,20.0,7.0,36.6,1.4,0.6666666666666666,0.0,0.0,30.0,10.0,37.8,1.4,0.625,0.0,0.0,30.0,4.0,36.3,0.5,0.625,-1.5,10.0,0.0,0.02564102564102564,0.1794871794871795,2,2,13.0,6.0,1670,1228,882
317,202308020606,2,2,2,26,0,0,2,10,0,0,0,0,1,0,0,8,0,0,0,0,0,0,0,0,0,0,0,1,0,0,0,0,0,0,0,0,0.0,0.0,160.0,7.0,37.0,0.5,0.4375,0.0,0.0,80.0,11.0,37.8,1.1,0.7692307692307693,0.0,0.0,90.0,7.0,35.7,0.7,0.7857142857142857,0.0,-10.0,0.0,0.0,0.0,8,14,10.2,5.0,1090,1110,1169
318,202308020606,7,2,3,57,0,1,0,7,0,0,0,0,3,1,0,18,0,1,0,1,0,0,0,0,1,0,0,4,0,0,0,0,0,0,0,0,0.0,0.0,9.0,6.0,37.9,1.3,0.3125,0.0,0.0,10.0,4.0,37.0,0.6,0.5,0.0,0.0,5.0,7.0,36.1,0.8,0.5833333333333334,0.5,22.0,0.0,0.0,0.1,3,3,39.7,10.0,1278,1199,625
319,202308020606,3,7,3,27,0,2,5,18,0,0,0,1,0,0,1,5,0,0,2,3,0,0,0,1,0,0,0,1,0,0,1,1,0,0,0,0,0.0,0.0,120.0,9.0,37.2,1.9,0.9166666666666666,0.0,0.0,13.0,13.0,37.3,1.1,0.875,0.0,0.0,14.0,11.0,36.9,0.8,0.8125,1.0,4.0,-100.0,0.0,0.0625,1,1,169.9,14.0,1383,1503,246
320,202308020606,1,0,0,14,0,0,2,10,0,0,0,0,0,0,0,2,0,0,0,0,0,0,0,0,0,0,0,0,0,0,0,0,0,0,0,0,0.0,0.0,11.0,8.0,36.8,1.1,0.8666666666666667,0.0,0.0,11.0,8.0,37.2,0.4,0.7857142857142857,0.0,0.0,14.0,6.0,37.5,1.1,0.4666666666666667,-1.0,-2.0,0.0,0.1702127659574468,0.48936170212765956,6,10,13.5,7.0,1098,1110,1294
321,202308020606,9,10,11,63,4,2,1,22,0,0,0,1,4,4,3,18,0,1,0,5,0,0,0,0,0,0,0,2,0,0,0,0,0,0,0,0,0.0,0.0,50.0,2.0,38.2,0.2,0.125,0.0,0.0,110.0,16.0,41.6,4.1,0.125,0.0,0.0,60.0,14.0,38.3,2.1,0.375,6.0,22.0,0.0,0.05063291139240506,0.26582278481012656,7,11,3.8,1.0,1716,1708,1167
322,202308020606,9,10,11,63,0,0,0,0,0,0,0,0,4,4,3,18,0,0,0,0,0,0,0,0,0,0,0,2,0,0,0,0,0,0,0,0,0.0,0.0,4.0,4.0,40.9,1.0,0.8888888888888888,0.0,0.0,11.0,11.0,13.7,5.4,0.8333333333333334,0.0,0.0,7.0,8.0,13.7,2.7,0.5454545454545454,2.0,-4.0,-200.0,0.1,0.34,7,12,39.7,11.0,1716,192,1167
323,202308020606,0,0,0,0,0,0,0,9,0,0,0,0,0,0,0,0,0,0,0,6,0,0,0,0,0,0,0,0,0,0,0,0,0,0,0,0,0.0,0.0,70.0,12.0,36.7,1.1,0.875,0.0,0.0,30.0,5.0,37.2,1.5,0.625,0.0,0.0,20.0,3.0,36.7,0.2,0.25,-4.5,0.0,-200.0,0.10638297872340426,0.23404255319148937,3,4,4.9,3.0,1089,1404,1428
324,202308020606,0,0,0,0,3,3,3,25,0,0,0,0,0,0,0,0,2,0,1,7,0,0,0,0,0,0,0,0,0,0,0,1,0,0,0,0,0.0,0.0,6.0,6.0,39.5,1.6,0.1,0.0,0.0,9.0,10.0,38.4,1.2,0.14285714285714285,0.0,0.0,9.0,7.0,38.5,1.0,0.25,0.5,-14.0,-300.0,0.07142857142857142,0.14285714285714285,5,8,23.0,9.0,1270,1306,969
325,202308020606,10,11,15,96,0,0,0,3,0,0,0,0,3,6,5,35,0,0,0,1,0,0,0,0,0,0,0,6,0,0,0,0,0,0,0,0,0.0,0.0,110.0,9.0,38.0,0.8,0.6875,0.0,0.0,120.0,10.0,38.1,1.4,0.3333333333333333,0.0,0.0,90.0,14.0,38.4,2.0,0.5625,2.5,2.0,0.0,0.13414634146341464,0.23170731707317074,5,7,54.8,12.0,1576,1543,1577
326,202308020606,10,11,15,96,1,0,0,15,0,0,0,1,3,6,5,35,0,0,0,0,0,0,0,0,0,0,0,6,0,0,0,0,0,0,0,0,0.0,0.0,70.0,12.0,39.6,1.9,0.3125,0.0,0.0,,,,,,0.0,0.0,70.0,3.0,35.5,0.3,0.15384615384615385,-9.0,,0.0,0.09090909090909091,0.4090909090909091,8,13,20.0,8.0,1576,1050,1577
327,202308020606,1,0,0,0,3,5,0,12,0,0,0,0,1,0,0,0,0,0,0,1,0,0,0,0,0,0,0,0,0,0,0,0,0,0,0,0,0.0,0.0,70.0,4.0,37.5,0.9,0.125,0.0,0.0,50.0,12.0,37.6,1.7,0.3125,0.0,0.0,70.0,3.0,37.3,0.5,0.125,-0.5,10.0,-200.0,0.17857142857142858,0.32142857142857145,4,5,6.0,4.0,1657,1208,1317
328,202308020606,8,4,4,64,1,1,0,3,0,0,0,0,4,0,2,17,0,1,0,1,0,0,0,0,0,0,0,1,0,0,0,0,0,0,0,0,0.0,0.0,15.0,14.0,39.6,2.9,0.7333333333333333,0.0,0.0,13.0,14.0,38.2,2.4,0.7142857142857143,0.0,0.0,1.0,1.0,39.6,0.0,0.14285714285714285,-6.5,0.0,-200.0,0.07936507936507936,0.20634920634920634,4,6,152.5,13.0,1520,1641,695
329,202308020612,9,10,11,63,1,0,1,10,0,0,0,0,4,4,3,18,0,0,1,4,0,0,0,0,1,0,2,3,0,0,0,0,0,0,0,0,0.0,0.0,40.0,6.0,37.9,0.8,0.13333333333333333,0.0,0.0,40.0,5.0,38.0,0.8,0.125,0.0,0.0,60.0,1.0,36.7,0.0,0.0625,-2.5,-6.0,0.0,0.1282051282051282,0.32051282051282054,8,15,9.2,4.0,1716,1541,1167
330,202308020612,7,2,3,57,4,2,7,37,0,0,0,0,3,1,0,18,0,1,1,7,0,0,0,0,0,0,0,0,0,0,1,1,0,0,0,0,0.0,0.0,10.0,3.0,36.2,0.4,0.2,0.0,0.0,20.0,1.0,37.5,0.0,0.0625,0.0,0.0,10.0,1.0,35.7,0.0,0.125,-1.0,6.0,0.0,0.2413793103448276,0.4482758620689655,7,13,2.6,1.0,1278,1428,625
331,202308020612,2,2,2,26,13,11,10,107,0,0,1,2,1,0,0,8,7,1,1,22,0,0,0,0,0,0,0,0,0,0,0,3,0,0,0,0,0.0,0.0,9.0,13.0,37.2,1.8,0.5625,0.0,0.0,9.0,14.0,37.4,1.6,0.75,0.0,0.0,10.0,6.0,35.2,0.3,0.875,-3.5,-2.0,0.0,0.078125,0.203125,2,4,27.1,8.0,1090,1263,1169
332,202308020612,0,0,0,0,5,3,0,43,0,0,0,0,0,0,0,0,2,1,0,14,0,0,0,0,0,0,0,0,1,0,0,1,0,0,0,0,0.0,0.0,100.0,4.0,36.5,0.0,0.4375,0.0,0.0,60.0,6.0,35.1,0.5,1.0,0.0,0.0,70.0,1.0,35.6,0.0,0.36363636363636365,-1.5,-2.0,0.0,0.07692307692307693,0.15384615384615385,6,12,9.9,5.0,1467,1482,336
333,202308020612,0,0,0,0,0,0,0,0,0,0,0,0,0,0,0,0,0,0,0,0,0,0,0,0,0,0,0,0,0,0,0,0,0,0,0,0,0.0,0.0,2.0,1.0,37.1,0.0,0.5625,0.0,0.0,6.0,2.0,35.9,0.2,0.6428571428571429,0.0,0.0,7.0,5.0,35.5,1.0,1.0,2.0,-8.0,0.0,0.0,0.06666666666666667,4,7,20.2,7.0,1432,1150,1428
334,202308020612,0,0,0,0,6,7,8,81,0,0,0,0,0,0,0,0,2,2,2,22,0,0,0,0,0,0,0,0,0,1,0,1,0,0,0,0,0.0,0.0,40.0,6.0,37.3,0.4,0.25,0.0,0.0,20.0,5.0,35.3,0.5,0.5454545454545454,0.0,0.0,40.0,2.0,35.2,0.1,0.5454545454545454,-2.0,0.0,0.0,0.0,0.2,7,14,10.5,6.0,1601,1013,239
335,202308020612,0,0,0,0,4,2,3,12,0,0,0,0,0,0,0,0,1,0,1,2,0,0,0,0,0,0,0,0,0,0,0,0,0,0,0,0,0.0,0.0,130.0,1.0,35.4,0.0,0.14285714285714285,0.0,0.0,150.0,10.0,37.6,1.7,0.3333333333333333,0.0,0.0,160.0,13.0,41.1,3.1,0.3125,6.0,4.0,200.0,0.0,0.0,5,10,117.0,14.0,1629,1228,1428
336,202308020612,11,8,12,85,10,9,11,97,2,0,3,0,4,3,7,35,1,3,3,17,0,0,2,0,1,0,1,3,0,0,1,0,0,0,1,0,0.0,0.0,20.0,14.0,38.5,1.3,0.125,0.0,0.0,20.0,9.0,37.7,1.0,0.2,0.0,0.0,40.0,2.0,36.7,0.0,0.2,-6.0,-6.0,0.0,0.0,0.0,3,5,37.5,10.0,1172,1167,1556
337,202308020612,12,4,6,79,1,1,0,4,0,0,0,0,9,4,3,56,1,1,0,1,0,0,0,0,2,0,0,11,0,0,0,0,0,0,0,0,0.0,0.0,5.0,6.0,38.7,0.8,0.09090909090909091,0.0,0.0,13.0,9.0,37.6,1.8,0.4375,0.0,0.0,11.0,7.0,38.5,1.5,0.1875,0.5,-10.0,0.0,0.02631578947368421,0.18421052631578946,1,2,111.0,13.0,1228,1374,1108
338,202308020612,1,2,1,17,0,0,1,8,0,0,0,0,0,1,0,2,0,0,0,3,0,0,0,0,0,0,0,1,0,0,0,0,0,0,0,0,0.0,0.0,110.0,14.0,39.6,2.2,0.125,0.0,0.0,60.0,10.0,38.5,2.1,0.25,0.0,0.0,8.0,8.0,38.1,1.6,0.14285714285714285,-3.0,10.0,-200.0,0.05128205128205128,0.2692307692307692,8,16,5.0,2.0,1095,1103,1221
339,202308020612,0,0,0,7,0,0,0,1,0,0,0,1,0,0,0,5,0,0,0,1,0,0,0,1,0,0,0,0,0,0,0,0,0,0,0,0,0.0,0.0,13.0,13.0,34.4,1.6,0.9230769230769231,0.0,0.0,11.0,13.0,35.5,1.3,0.6153846153846154,0.0,0.0,12.0,11.0,36.1,1.9,0.8571428571428571,-1.0,-4.0,0.0,0.0,0.023255813953488372,2,3,59.8,12.0,1059,1018,1482
340,202308020612,7,2,3,57,0,1,0,7,0,0,0,0,3,1,0,18,0,0,0,1,0,0,0,0,0,0,0,0,0,0,0,0,0,0,0,0,0.0,0.0,8.0,10.0,38.8,1.6,0.7272727272727273,0.0,0.0,9.0,12.0,37.3,2.0,0.625,0.0,0.0,2.0,8.0,36.3,1.4,0.14285714285714285,-1.0,10.0,0.0,0.0967741935483871,0.25806451612903225,6,11,27.9,9.0,1278,1542,625
341,202308020612,6,2,3,37,6,12,11,91,0,0,0,2,0,0,0,2,1,2,3,24,0,0,0,0,0,0,0,0,0,0,0,3,0,0,0,0,0.0,0.0,10.0,9.0,40.2,1.5,0.5,0.0,0.0,160.0,15.0,39.3,3.4,0.4375,0.0,0.0,,,,,,6.0,4.0,-100.0,0.0,0.0,4,8,138.8,15.0,1152,1183,1428
342,202308020612,11,2,8,59,6,7,8,81,0,0,1,5,1,0,0,6,2,2,2,22,0,0,0,0,0,0,0,0,0,1,0,1,0,0,0,0,0.0,0.0,1.0,4.0,39.0,1.1,1.0,0.0,0.0,12.0,14.0,37.5,2.0,0.7333333333333333,0.0,0.0,16.0,14.0,40.0,1.2,0.125,5.0,23.0,-30.0,0.06451612903225806,0.2903225806451613,5,9,182.0,16.0,1691,1013,1167
343,202308020612,0,0,0,0,0,1,3,8,0,0,0,0,0,0,0,0,0,0,2,0,0,0,0,0,0,0,0,0,0,0,0,0,0,0,0,0,0.0,0.0,2.0,3.0,39.6,0.5,0.3,0.0,0.0,12.0,14.0,38.7,1.9,0.375,0.0,0.0,8.0,8.0,38.0,1.0,0.125,2.5,17.0,0.0,0.17391304347826086,0.5,3,6,6.1,3.0,1676,857,1428
344,202308020612,0,0,0,0,10,9,11,97,0,0,0,0,0,0,0,0,1,3,3,17,0,0,0,0,0,0,0,0,0,0,1,0,0,0,0,0,0.0,0.0,16.0,12.0,33.8,1.4,0.625,0.0,0.0,14.0,15.0,39.9,3.1,0.1875,0.0,0.0,11.0,16.0,34.9,2.2,1.0,2.0,12.0,200.0,0.13580246913580246,0.2345679012345679,1,1,56.6,11.0,1467,1167,336
345,202308020704,7,10,8,51,0,0,1,2,0,0,0,0,0,1,0,5,0,0,0,0,0,0,0,0,0,0,0,0,0,0,0,0,0,0,0,0,,,,,,,,,,,,,,,,,,,,,,,,,0.0,0.2222222222222222,1,1,13.8,6.0,1127,239,1328
346,202308020704,0,1,1,19,0,0,0,3,0,0,0,0,0,0,1,6,0,0,0,2,0,0,0,0,0,0,0,0,0,0,0,0,0,0,0,0,,,,,,,,,,,,,,,,,,,,,,,,,0.07142857142857142,0.42857142857142855,8,11,5.2,2.0,1333,1535,1294
347,202308020704,0,0,0,0,4,2,2,30,0,0,0,0,0,0,0,0,1,1,0,7,0,0,0,0,0,0,0,0,0,0,0,0,0,0,0,0,,,,,,,,,,,,,,,,,,,,,,,,,0.08333333333333333,0.08333333333333333,2,2,75.4,11.0,1656,1221,1576
348,202308020704,1,0,2,13,0,0,0,0,0,0,0,0,0,0,0,1,0,0,0,0,0,0,0,0,0,0,0,0,0,0,0,0,0,0,0,0,,,,,,,,,,,,,,,,,,,,,,,,,0.16666666666666666,0.5,5,5,2.8,1.0,1674,371,1428
349,202308020704,0,0,0,0,5,2,4,47,0,0,0,0,0,0,0,0,0,0,0,13,0,0,0,0,0,0,0,0,0,0,0,0,0,0,0,0,,,,,,,,,,,,,,,,,,,,,,,,,0.0,0.19230769230769232,4,4,37.6,10.0,1656,1721,1576
350,202308020704,1,1,1,4,9,6,3,54,0,0,0,0,1,1,1,4,1,0,0,8,0,0,0,0,0,0,0,0,0,0,0,0,0,0,0,0,0.0,0.0,15.0,13.0,40.4,3.1,0.25,0.0,0.0,6.0,3.0,38.1,0.9,0.25,0.0,0.0,16.0,14.0,38.5,2.5,0.8125,0.5,-8.0,-500.0,0.06666666666666667,0.13333333333333333,8,12,27.6,9.0,1319,1618,334
351,202308020704,1,3,2,27,0,0,2,10,0,0,0,0,0,0,0,3,0,0,0,0,0,0,0,0,0,0,0,0,0,0,0,0,0,0,0,0,0.0,0.0,1.0,2.0,40.5,0.5,0.5833333333333334,0.0,0.0,8.0,8.0,38.6,1.3,0.9375,0.0,0.0,14.0,5.0,37.3,1.3,0.8666666666666667,1.5,10.0,-500.0,0.09375,0.25,3,3,6.0,3.0,1447,1110,1721
352,202308020704,2,5,1,21,0,0,0,0,0,0,0,0,0,1,0,4,0,0,0,0,0,0,0,0,0,0,0,0,0,0,0,0,0,0,0,0,,,,,,,,,,,,,,,,,,,,,,,,,0.13253012048192772,0.2289156626506024,6,8,20.1,7.0,1605,1734,1
353,202308020704,2,3,1,13,0,1,0,4,0,0,0,0,1,2,1,4,0,0,0,2,0,0,0,0,0,0,0,0,0,0,0,0,0,0,0,0,0.0,0.0,,,,,,0.0,0.0,40.0,9.0,37.0,2.4,1.0,,,,,,,,,,-400.0,0.13924050632911392,0.3291139240506329,6,7,7.0,4.0,1148,1430,1393
354,202308020704,0,0,0,3,5,3,0,43,0,0,0,0,0,0,0,0,2,1,0,14,0,0,0,0,0,0,0,0,0,0,0,1,0,0,0,0,0.0,0.0,5.0,7.0,45.0,4.5,0.5,0.0,0.0,15.0,15.0,40.2,3.9,0.13333333333333333,0.0,0.0,13.0,13.0,38.8,3.5,0.46153846153846156,3.0,16.0,-200.0,0.05,0.2625,7,9,79.5,12.0,1282,1482,377
355,202308020704,0,0,0,3,0,0,0,1,0,0,0,0,0,0,0,0,0,0,0,1,0,0,0,0,0,0,0,0,0,0,0,0,0,0,0,0,0.0,0.0,5.0,4.0,39.0,1.7,0.4166666666666667,0.0,0.0,6.0,7.0,37.6,1.2,0.5,0.0,0.0,10.0,5.0,36.5,0.8,0.375,0.5,6.0,-200.0,0.07547169811320754,0.3018867924528302,5,6,12.4,5.0,1677,1736,1167
356,202308020704,0,0,0,0,3,3,4,64,0,0,0,0,0,0,0,0,3,1,3,26,0,0,0,0,0,0,0,0,1,0,0,2,0,0,0,0,0.0,0.0,,,,,,0.0,0.0,130.0,16.0,40.1,3.7,0.3125,0.0,0.0,80.0,12.0,39.9,4.6,0.8333333333333334,-4.0,,0.0,0.0,0.022727272727272728,7,10,22.4,8.0,1699,1235,1313
357,202308020802,1,0,0,0,10,9,11,97,0,0,0,0,0,0,0,0,1,3,3,17,0,0,0,0,0,0,0,0,1,2,1,8,0,0,0,0,0.0,0.0,20.0,7.0,39.4,2.6,0.5,,,,,,,,,,,,,,,,,-200.0,0.16666666666666666,0.4791666666666667,6,7,2.9,1.0,1434,1167,969
358,202308020802,2,5,1,21,2,3,1,24,0,0,0,1,0,1,0,4,1,2,0,9,0,0,0,1,0,1,0,3,1,2,0,2,0,0,0,0,0.0,0.0,50.0,9.0,34.9,1.0,0.6666666666666666,0.0,0.0,70.0,3.0,34.8,0.8,0.42857142857142855,,,,,,,,-6.0,4.0,0.0,0.09803921568627451,0.29411764705882354,5,5,13.2,5.0,1605,1036,1
359,202308020802,0,0,0,0,4,2,3,12,0,0,0,0,0,0,0,0,1,0,1,2,0,0,0,0,0,0,0,0,1,0,0,1,0,0,0,0,0.0,0.0,8.0,2.0,41.9,0.1,0.08333333333333333,0.0,0.0,13.0,12.0,35.7,0.9,0.5384615384615384,0.0,0.0,8.0,7.0,35.5,1.3,0.875,2.5,3.0,-200.0,0.0,0.058823529411764705,5,6,5.9,4.0,1600,1228,680
360,202308020802,0,0,0,0,1,2,0,5,0,0,0,0,0,0,0,0,1,0,0,1,0,0,0,0,0,0,0,0,0,0,0,1,0,0,0,0,0.0,0.0,3.0,1.0,38.4,0.0,0.3333333333333333,0.0,0.0,10.0,8.0,39.7,2.9,0.5384615384615384,0.0,0.0,11.0,8.0,39.5,1.5,0.125,3.5,28.0,-300.0,0.0625,0.125,3,3,65.4,10.0,1601,779,239
361,202308020802,0,0,0,0,0,0,0,0,0,0,0,0,0,0,0,0,0,0,0,0,0,0,0,0,0,0,0,0,0,0,0,0,0,0,0,0,0.0,0.0,13.0,9.0,41.8,3.2,0.26666666666666666,0.0,0.0,13.0,9.0,39.4,2.3,0.625,0.0,0.0,7.0,5.0,38.6,1.5,0.46153846153846156,-2.0,8.0,-600.0,0.09090909090909091,0.24242424242424243,8,11,34.8,8.0,1699,301,1313
362,202308020802,2,0,4,26,0,0,0,2,0,0,0,0,2,0,3,13,0,0,0,0,0,0,0,0,1,0,0,11,0,0,0,0,0,0,0,0,0.0,0.0,20.0,5.0,38.0,1.0,0.45454545454545453,0.0,0.0,70.0,2.0,36.0,0.2,0.2222222222222222,,,,,,,,-3.0,6.0,0.0,0.07407407407407407,0.2962962962962963,4,4,4.3,2.0,1191,168,1235
363,202308020802,0,1,0,6,5,3,0,43,0,0,0,0,0,0,0,2,2,1,0,14,0,0,0,0,0,0,0,2,0,1,0,11,0,0,0,0,0.0,0.0,1.0,7.0,42.1,2.2,0.5,0.0,0.0,8.0,8.0,40.7,2.1,0.21428571428571427,0.0,0.0,5.0,5.0,39.3,1.3,0.4166666666666667,-1.0,3.0,-200.0,0.0,0.14285714285714285,7,10,53.5,9.0,1729,1482,1428
364,202308020802,0,0,0,0,6,7,8,81,0,0,0,0,0,0,0,0,2,2,2,22,0,0,0,0,0,0,0,0,2,0,0,8,0,0,0,0,0.0,0.0,50.0,2.0,38.3,1.1,0.2,,,,,,,,,,,,,,,,,0.0,0.0,0.041666666666666664,1,1,13.8,6.0,1401,1013,517
365,202308020802,10,11,15,96,0,0,0,1,0,0,0,0,3,6,5,35,0,0,0,0,0,0,0,0,2,4,3,9,0,0,0,0,0,0,0,0,0.0,0.0,2.0,6.0,38.1,0.8,0.125,0.0,0.0,4.0,2.0,39.7,0.0,0.8125,0.0,0.0,2.0,4.0,37.3,0.9,0.8125,-1.0,8.0,-200.0,0.0,0.09090909090909091,8,12,5.1,3.0,1576,941,1577
366,202308020802,0,0,0,0,9,6,6,98,0,0,0,0,0,0,0,0,2,1,2,16,0,0,0,0,0,0,0,0,0,0,1,7,0,0,0,0,0.0,0.0,4.0,4.0,40.8,1.0,0.18181818181818182,0.0,0.0,11.0,12.0,38.0,1.2,0.125,0.0,0.0,8.0,11.0,35.6,2.1,0.4375,3.5,1.0,-300.0,0.1724137931034483,0.3103448275862069,2,2,21.1,7.0,1195,1558,1428
367,202308020802,0,1,0,6,4,2,3,12,0,0,0,0,0,0,0,2,1,0,1,2,0,0,0,0,0,0,0,2,1,0,0,1,0,0,0,0,0.0,0.0,6.0,9.0,43.3,3.0,0.7,0.0,0.0,17.0,14.0,36.0,2.3,0.9411764705882353,0.0,0.0,14.0,14.0,36.7,2.4,1.0,2.5,4.0,-200.0,0.0,0.15384615384615385,7,9,302.6,11.0,1729,1228,1428
368,202308020802,10,11,15,96,0,1,0,4,0,0,0,0,3,6,5,35,0,0,0,3,0,0,0,0,2,4,3,9,0,0,0,2,0,0,0,0,0.0,0.0,15.0,16.0,41.6,5.5,0.6875,0.0,0.0,9.0,10.0,44.8,3.4,0.4,0.0,0.0,8.0,11.0,39.1,3.5,0.45454545454545453,-2.5,0.0,0.0,0.0,0.0,6,8,467.0,12.0,1576,1029,1577
369,202308030110,1,3,2,27,9,6,3,54,0,0,0,2,0,0,0,3,1,0,0,8,0,0,0,1,0,0,0,0,0,0,0,0,0,0,0,0,0.0,0.0,20.0,2.0,36.8,0.0,0.15384615384615385,0.0,0.0,20.0,1.0,36.0,0.0,0.13333333333333333,0.0,0.0,20.0,6.0,36.9,0.3,0.625,2.0,0.0,0.0,0.05970149253731343,0.23880597014925373,8,16,2.4,1.0,1447,1618,1721
370,202308030110,1,1,2,22,10,9,11,97,0,0,0,1,0,0,2,5,1,3,3,17,0,0,0,1,0,0,0,1,0,0,0,0,0,0,0,0,0.0,0.0,120.0,15.0,37.0,1.0,0.1111111111111111,0.0,0.0,50.0,10.0,37.3,1.5,0.18181818181818182,0.0,0.0,20.0,1.0,34.9,0.0,0.09090909090909091,-7.0,8.0,0.0,0.058823529411764705,0.11764705882352941,3,6,98.3,15.0,1431,1167,1428
371,202308030110,0,0,0,0,10,9,11,97,0,0,0,0,0,0,0,0,1,3,3,17,0,0,0,0,0,0,0,0,0,0,0,0,0,0,0,0,0.0,0.0,30.0,1.0,37.0,0.0,0.07692307692307693,0.0,0.0,60.0,2.0,36.5,0.2,0.06666666666666667,0.0,0.0,100.0,2.0,38.2,0.9,0.0625,0.5,0.0,0.0,0.13095238095238096,0.2261904761904762,4,8,9.2,5.0,1204,1167,1221
372,202308030110,0,0,0,0,1,5,4,24,0,0,0,0,0,0,0,0,0,2,0,7,0,0,0,0,0,0,0,0,0,0,0,0,0,0,0,0,0.0,0.0,10.0,1.0,37.0,0.0,0.125,0.0,0.0,10.0,1.0,37.3,0.0,0.06666666666666667,0.0,0.0,20.0,2.0,36.2,0.2,0.13333333333333333,0.5,4.0,50.0,0.10416666666666667,0.22916666666666666,7,13,7.3,4.0,1020,1170,1576
373,202308030110,2,0,0,7,3,3,4,18,0,0,0,0,0,0,0,6,0,1,1,6,0,0,0,0,0,0,0,0,0,0,0,1,0,0,0,0,0.0,0.0,90.0,5.0,36.7,0.5,0.6923076923076923,0.0,0.0,80.0,6.0,34.7,0.2,0.6153846153846154,0.0,0.0,160.0,5.0,36.4,0.6,0.5,0.0,6.0,0.0,0.0,0.18518518518518517,5,10,19.1,7.0,1611,1014,1263
374,202308030110,10,11,15,96,5,3,0,43,0,1,0,2,3,6,5,35,2,1,0,14,0,1,0,1,0,0,0,0,0,0,0,0,0,0,0,0,0.0,0.0,13.0,12.0,38.1,2.1,0.8125,0.0,0.0,11.0,11.0,37.9,3.9,1.0,0.0,0.0,16.0,8.0,36.7,0.7,0.9375,-2.0,12.0,0.0,0.06666666666666667,0.4666666666666667,2,4,39.0,10.0,1576,1482,1577
375,202308030110,0,0,0,0,3,5,0,12,0,0,0,0,0,0,0,0,0,0,0,1,0,0,0,0,0,0,0,0,0,0,0,0,0,0,0,0,0.0,0.0,50.0,7.0,35.1,0.2,0.38461538461538464,0.0,0.0,30.0,9.0,35.1,0.9,0.18181818181818182,0.0,0.0,40.0,3.0,34.5,0.4,0.3125,-2.0,-6.0,200.0,0.15789473684210525,0.23684210526315788,6,12,12.9,6.0,1467,1208,336
376,202308030110,2,0,0,21,0,0,0,2,0,0,0,0,1,0,0,11,0,0,0,0,0,0,0,0,0,0,0,0,0,0,0,0,0,0,0,0,0.0,0.0,2.0,1.0,39.3,0.0,0.4166666666666667,0.0,0.0,9.0,10.0,37.0,1.6,0.5625,0.0,0.0,11.0,9.0,35.3,0.8,0.8125,4.0,19.0,-100.0,0.0,0.09523809523809523,1,1,27.5,8.0,1169,187,460
377,202308030110,2,3,1,13,4,5,4,63,0,0,0,2,1,2,1,4,0,2,0,23,0,0,0,0,0,0,0,0,0,0,0,0,0,0,0,0,0.0,0.0,2.0,6.0,37.5,1.0,0.8,0.0,0.0,11.0,12.0,36.0,1.4,0.7333333333333333,0.0,0.0,13.0,6.0,36.1,0.6,0.5,0.0,4.0,300.0,0.1375,0.325,3,5,6.8,3.0,1148,1294,1393
378,202308030110,0,0,0,0,10,9,11,97,0,0,0,0,0,0,0,0,1,3,3,17,0,0,0,0,0,0,0,0,0,0,0,0,0,0,0,0,0.0,0.0,30.0,8.0,37.7,1.1,0.3076923076923077,0.0,0.0,30.0,1.0,36.3,0.0,0.5625,0.0,0.0,10.0,15.0,35.7,1.0,0.1875,3.5,6.0,0.0,0.08823529411764706,0.23529411764705882,1,2,6.8,2.0,1289,1167,1428
379,202308030110,1,1,0,19,1,0,0,2,1,0,0,1,1,1,0,8,1,0,0,1,1,0,0,1,0,0,0,0,0,0,0,0,0,0,0,0,0.0,0.0,16.0,12.0,37.2,1.2,0.625,0.0,0.0,16.0,11.0,36.2,1.6,0.625,0.0,0.0,9.0,9.0,34.5,0.4,0.7692307692307693,-1.5,-8.0,0.0,0.1111111111111111,0.16666666666666666,4,7,134.6,16.0,1571,808,1108
380,202308030110,1,1,1,4,11,11,12,88,0,0,0,0,1,1,1,4,5,4,8,21,0,0,0,0,0,0,0,0,0,1,0,4,0,0,0,0,0.0,0.0,40.0,16.0,40.1,3.3,0.625,0.0,0.0,70.0,7.0,36.4,0.9,0.5625,0.0,0.0,40.0,7.0,37.3,1.0,0.5,-4.5,4.0,-200.0,0.09803921568627451,0.3333333333333333,5,9,52.9,11.0,1319,1559,334
381,202308030110,1,2,5,30,0,0,0,7,0,0,0,0,0,1,1,7,0,0,0,4,0,0,0,0,0,0,0,0,0,0,0,3,0,0,0,0,0.0,0.0,100.0,9.0,36.3,1.1,0.8125,0.0,0.0,100.0,2.0,35.2,0.0,0.8125,0.0,0.0,30.0,1.0,37.1,0.0,0.5,-4.0,2.0,0.0,0.06666666666666667,0.2,8,15,29.3,9.0,1642,1645,1124
382,202308030110,10,11,15,96,8,7,9,80,1,1,0,5,3,6,5,35,0,4,2,18,0,1,0,1,0,0,0,0,0,0,0,0,0,0,0,0,0.0,0.0,15.0,7.0,36.7,0.6,0.4666666666666667,0.0,0.0,16.0,12.0,36.4,1.6,0.8125,0.0,0.0,15.0,12.0,37.1,1.9,0.75,2.5,-14.0,-500.0,0.04938271604938271,0.25925925925925924,7,14,86.5,14.0,1576,1405,1577
383,202308030110,1,0,0,0,0,0,0,1,0,0,0,0,1,0,0,0,0,0,0,0,0,0,0,0,0,0,0,0,0,0,0,0,0,0,0,0,0.0,0.0,15.0,14.0,37.4,1.8,0.8125,0.0,0.0,13.0,15.0,37.0,2.2,0.4375,0.0,0.0,13.0,14.0,39.3,2.6,0.42857142857142855,0.0,0.0,0.0,0.0,0.1111111111111111,6,11,82.3,13.0,1657,992,1317
384,202308030110,0,0,0,13,10,9,11,97,0,0,0,0,0,0,0,2,1,3,3,17,0,0,0,0,0,0,0,0,0,0,0,0,0,0,0,0,0.0,0.0,14.0,13.0,36.6,1.5,0.75,0.0,0.0,12.0,16.0,36.7,2.4,0.8125,0.0,0.0,3.0,1.0,37.4,0.0,0.25,-6.0,-6.0,0.0,0.0,0.0,2,3,68.7,12.0,1687,1167,1345
385,202308030208,0,0,0,0,1,2,0,5,0,0,0,0,0,0,0,0,1,0,0,1,0,0,0,0,0,0,0,0,0,0,0,0,0,0,0,0,0.0,0.0,70.0,12.0,34.4,1.2,0.1111111111111111,0.0,0.0,10.0,1.0,35.8,0.0,0.07142857142857142,0.0,0.0,70.0,3.0,37.7,0.4,0.0625,-4.5,2.0,200.0,0.07352941176470588,0.25,1,1,8.5,4.0,1401,779,517
386,202308030208,0,0,0,0,0,0,0,0,0,0,0,0,0,0,0,0,0,0,0,0,0,0,0,0,0,0,0,0,0,0,0,0,0,0,0,0,0.0,0.0,2.0,1.0,37.1,0.0,0.5625,0.0,0.0,6.0,2.0,35.9,0.2,0.6428571428571429,0.0,0.0,7.0,5.0,35.5,1.0,1.0,2.0,-8.0,0.0,0.0,0.10526315789473684,6,10,16.0,6.0,1432,1150,1428
387,202308030208,6,2,3,37,0,1,3,8,0,0,0,0,0,0,0,2,0,0,2,0,0,0,0,0,0,0,0,0,0,0,0,0,0,0,0,0,0.0,0.0,50.0,2.0,36.2,0.1,0.5384615384615384,0.0,0.0,80.0,12.0,38.0,1.0,0.25,0.0,0.0,40.0,11.0,36.9,1.2,0.1875,4.5,10.0,0.0,0.08571428571428572,0.22857142857142856,3,4,3.2,1.0,1152,857,1428
388,202308030208,0,0,0,0,0,0,0,0,0,0,0,0,0,0,0,0,0,0,0,0,0,0,0,0,0,0,0,0,0,0,0,0,0,0,0,0,0.0,0.0,10.0,1.0,37.2,0.0,0.2,0.0,0.0,60.0,2.0,38.0,0.1,0.1875,0.0,0.0,30.0,5.0,39.1,1.6,0.3333333333333333,2.0,-4.0,0.0,0.0,0.17857142857142858,2,2,3.6,2.0,1467,314,336
389,202308030208,2,0,4,26,1,4,6,28,0,0,0,2,2,0,3,13,0,1,3,7,0,0,0,1,0,0,0,0,0,0,0,0,0,0,0,0,0.0,0.0,9.0,8.0,39.2,2.2,1.0,0.0,0.0,11.0,6.0,34.4,1.0,0.8571428571428571,0.0,0.0,15.0,14.0,36.0,1.4,1.0,3.0,-5.0,-200.0,0.05263157894736842,0.21052631578947367,8,13,37.6,8.0,1191,1376,1235
390,202308030208,0,0,0,0,0,0,0,0,0,0,0,0,0,0,0,0,0,0,0,0,0,0,0,0,0,0,0,0,0,0,0,0,0,0,0,0,0.0,0.0,40.0,1.0,37.7,0.0,0.3125,0.0,0.0,50.0,1.0,37.2,0.0,0.1875,0.0,0.0,30.0,5.0,36.6,0.6,0.6875,2.0,6.0,0.0,0.12941176470588237,0.23529411764705882,8,14,9.1,5.0,1600,1172,680
391,202308030208,2,1,2,37,0,0,0,1,0,0,0,0,0,0,0,5,0,0,0,0,0,0,0,0,0,0,0,0,0,0,0,0,0,0,0,0,0.0,0.0,50.0,11.0,36.0,1.4,0.7142857142857143,0.0,0.0,50.0,1.0,36.2,0.0,0.8666666666666667,0.0,0.0,110.0,5.0,35.8,1.0,0.8,-3.0,0.0,-200.0,,,3,3,71.8,9.0,1304,497,1503
392,202308030208,9,10,11,63,6,12,11,91,0,2,0,5,4,4,3,18,1,2,3,24,0,1,0,2,1,0,2,3,0,0,0,3,0,0,0,1,0.0,0.0,7.0,2.0,36.9,0.2,1.0,0.0,0.0,16.0,15.0,37.1,2.4,0.5625,0.0,0.0,13.0,12.0,37.3,1.3,0.5625,5.0,0.0,0.0,,,4,5,81.3,11.0,1716,1183,1167
393,202308030208,0,0,0,3,0,0,0,3,0,0,0,0,0,0,0,0,0,0,0,0,0,0,0,0,0,0,0,0,0,0,0,0,0,0,0,0,0.0,0.0,10.0,5.0,36.9,0.3,0.23076923076923078,0.0,0.0,40.0,2.0,36.5,0.6,0.1875,0.0,0.0,150.0,10.0,33.0,0.7,0.5,2.5,6.0,0.0,0.037037037037037035,0.1111111111111111,5,8,3.8,3.0,1677,406,1167
394,202308030208,2,1,2,37,10,9,11,97,0,0,0,1,0,0,0,5,1,3,3,17,0,0,0,0,0,0,0,0,0,0,1,0,0,0,0,0,0.0,0.0,9.0,8.0,39.5,2.9,1.0,0.0,0.0,16.0,13.0,37.4,1.7,0.9375,0.0,0.0,14.0,15.0,38.6,2.1,0.8125,3.5,13.0,-200.0,0.05555555555555555,0.16666666666666666,7,12,190.9,13.0,1304,1167,1503
395,202308030208,6,7,4,67,0,0,0,1,0,0,0,0,2,3,2,24,0,0,0,0,0,0,0,0,0,0,0,3,0,0,0,0,0,0,0,0,0.0,0.0,13.0,9.0,35.3,1.3,0.6428571428571429,0.0,0.0,15.0,13.0,37.4,1.2,0.875,0.0,0.0,11.0,16.0,37.9,1.9,0.375,3.5,16.0,200.0,0.0,0.125,5,7,78.7,10.0,1645,1128,1366
396,202308030208,10,11,15,96,0,5,4,26,0,0,0,0,3,6,5,35,0,1,0,6,0,0,0,0,0,1,0,3,0,0,0,0,0,0,0,0,0.0,0.0,12.0,12.0,41.6,5.4,0.75,0.0,0.0,16.0,15.0,37.8,1.5,0.875,0.0,0.0,14.0,12.0,37.4,1.8,0.7142857142857143,0.0,-19.0,-200.0,0.07692307692307693,0.2153846153846154,6,9,348.4,14.0,1576,1362,1577
397,202308030208,0,0,0,0,4,2,3,12,0,0,0,0,0,0,0,0,1,0,1,2,0,0,0,0,0,0,0,0,0,0,0,0,0,0,0,0,0.0,0.0,140.0,7.0,37.2,1.5,0.4375,0.0,0.0,130.0,1.0,35.4,0.0,0.14285714285714285,0.0,0.0,150.0,10.0,37.6,1.7,0.3333333333333333,1.5,0.0,0.0,0.0,0.0,4,6,100.9,12.0,1629,1228,1428
398,202308030208,0,0,0,0,6,12,11,91,0,0,0,0,0,0,0,0,1,2,3,24,0,0,0,0,0,0,0,0,0,0,0,3,0,0,0,0,0.0,0.0,6.0,16.0,35.4,2.6,0.3125,0.0,0.0,7.0,14.0,39.7,3.3,0.21428571428571427,0.0,0.0,1.0,4.0,34.0,0.7,0.05555555555555555,-6.0,0.0,200.0,0.0,0.09090909090909091,7,11,30.9,7.0,1289,1183,1428
399,202308030307,0,0,0,0,1,0,0,2,0,0,0,0,0,0,0,0,0,0,0,0,0,0,0,0,0,0,0,0,0,0,0,0,0,0,0,0,0.0,0.0,60.0,13.0,39.8,2.9,0.23076923076923078,0.0,0.0,100.0,10.0,38.6,1.6,0.26666666666666666,0.0,0.0,11.0,8.0,37.8,1.0,0.07692307692307693,-2.5,6.0,-600.0,0.08695652173913043,0.2608695652173913,7,13,2.1,1.0,701,577,882
400,202308030307,0,0,0,4,1,1,0,12,0,0,0,0,0,0,0,2,0,1,0,4,0,0,0,0,0,0,0,0,0,1,0,1,0,0,0,0,0.0,0.0,20.0,3.0,36.2,0.3,0.7272727272727273,0.0,0.0,110.0,3.0,37.4,0.2,0.2,0.0,0.0,100.0,11.0,40.6,2.4,0.21428571428571427,4.0,12.0,0.0,0.16666666666666666,0.3,6,11,6.7,2.0,1426,1721,306
401,202308030307,0,0,0,0,1,0,0,3,0,0,0,0,0,0,0,0,1,0,0,2,0,0,0,0,0,0,0,0,0,0,0,1,0,0,0,0,0.0,0.0,80.0,2.0,36.7,0.1,0.875,0.0,0.0,90.0,3.0,37.5,1.2,0.6923076923076923,0.0,0.0,170.0,16.0,35.4,1.4,0.4444444444444444,7.0,0.0,-200.0,0.0,0.0,5,10,10.3,5.0,1020,1503,1576
402,202308030307,0,0,0,0,0,0,1,6,0,0,0,0,0,0,0,0,0,0,0,2,0,0,0,0,0,0,0,0,0,0,0,0,0,0,0,0,0.0,0.0,30.0,2.0,36.4,0.5,0.7272727272727273,0.0,0.0,50.0,11.0,36.9,1.9,0.8,0.0,0.0,10.0,1.0,36.4,0.0,0.125,-0.5,-4.0,0.0,0.0625,0.28125,7,14,7.6,3.0,1579,1482,1605
403,202308030307,0,0,0,0,0,0,0,4,0,0,0,0,0,0,0,0,0,0,0,2,0,0,0,0,0,0,0,0,0,0,0,1,0,0,0,0,0.0,0.0,60.0,2.0,36.1,0.1,0.5714285714285714,0.0,0.0,20.0,7.0,36.6,1.4,0.6666666666666666,0.0,0.0,30.0,10.0,37.8,1.4,0.625,4.0,-6.0,0.0,0.025,0.2,4,7,7.7,4.0,1670,1228,882
404,202308030307,0,1,2,16,0,0,0,4,0,0,0,0,0,0,0,5,0,0,0,1,0,0,0,0,0,0,0,1,0,0,0,0,0,0,0,0,0.0,0.0,9.0,6.0,37.9,1.3,0.3125,0.0,0.0,10.0,4.0,37.0,0.6,0.5,0.0,0.0,5.0,7.0,36.1,0.8,0.5833333333333334,0.5,22.0,0.0,0.0,0.08333333333333333,2,3,29.3,9.0,1278,1199,625
405,202308030307,3,0,4,16,3,2,6,35,0,0,0,2,1,0,3,6,0,1,2,9,0,0,0,1,1,0,0,1,0,1,1,2,0,0,0,0,0.0,0.0,90.0,16.0,39.9,2.4,0.3125,0.0,0.0,20.0,1.0,36.6,0.0,0.3333333333333333,0.0,0.0,10.0,9.0,38.2,1.6,0.4375,-3.5,-6.0,-200.0,0.05263157894736842,0.15789473684210525,1,1,54.0,11.0,1520,1167,695
406,202308030307,0,0,0,4,0,2,0,5,0,0,0,0,0,0,0,1,0,0,0,3,0,0,0,0,0,0,0,0,0,0,0,0,0,0,0,0,0.0,0.0,40.0,6.0,43.3,1.3,0.09090909090909091,0.0,0.0,160.0,14.0,37.1,1.2,0.4375,0.0,0.0,100.0,11.0,36.9,1.3,0.5,2.5,36.0,-200.0,0.0,0.0,2,4,91.9,14.0,1139,1221,1556
407,202308030307,1,0,0,3,1,0,0,3,0,0,0,0,0,0,0,0,1,0,0,2,0,0,0,0,0,0,0,0,0,0,0,1,0,0,0,0,0.0,0.0,120.0,9.0,37.2,1.9,0.9166666666666666,0.0,0.0,13.0,13.0,37.3,1.1,0.875,0.0,0.0,14.0,11.0,36.9,0.8,0.8125,1.0,4.0,-100.0,0.12790697674418605,0.23255813953488372,8,15,96.5,15.0,1383,1503,246
408,202308030307,7,5,2,16,4,1,0,23,1,0,0,1,2,2,1,4,1,1,0,9,1,0,0,1,0,1,0,0,0,0,0,5,0,0,0,0,0.0,0.0,90.0,9.0,38.1,1.3,0.3333333333333333,0.0,0.0,50.0,5.0,37.7,0.7,0.3333333333333333,0.0,0.0,110.0,5.0,38.4,1.0,0.25,-2.0,0.0,0.0,0.09615384615384616,0.3076923076923077,5,9,86.3,13.0,1716,1013,1167
409,202308030307,0,1,2,16,0,0,0,0,0,0,0,0,0,0,0,5,0,0,0,0,0,0,0,0,0,0,0,1,0,0,0,0,0,0,0,0,0.0,0.0,6.0,8.0,44.6,1.4,0.18181818181818182,0.0,0.0,11.0,16.0,41.1,3.3,0.0625,0.0,0.0,12.0,16.0,38.6,2.3,0.3125,4.0,8.0,-200.0,0.04878048780487805,0.25609756097560976,3,6,68.1,12.0,1278,1396,625
410,202308030307,0,0,0,0,0,0,0,0,0,0,0,0,0,0,0,0,0,0,0,0,0,0,0,0,0,0,0,0,0,0,0,0,0,0,0,0,0.0,0.0,40.0,6.0,38.3,1.0,0.1875,0.0,0.0,30.0,1.0,36.8,0.0,0.125,0.0,0.0,20.0,3.0,36.2,0.4,0.125,-1.5,-6.0,0.0,0.10204081632653061,0.22448979591836735,1,2,23.6,7.0,1282,1728,377
411,202308030307,0,0,0,0,0,1,0,2,0,0,0,0,0,0,0,0,0,1,0,1,0,0,0,0,0,0,0,0,0,0,0,0,0,0,0,0,0.0,0.0,8.0,13.0,38.7,2.8,0.6875,0.0,0.0,7.0,15.0,41.0,3.0,0.1875,0.0,0.0,6.0,10.0,39.1,1.9,0.3125,-1.5,2.0,0.0,0.09433962264150944,0.3018867924528302,3,5,26.2,8.0,518,420,225
412,202308030307,0,0,0,0,0,0,0,0,0,0,0,0,0,0,0,0,0,0,0,0,0,0,0,0,0,0,0,0,0,0,0,0,0,0,0,0,0.0,0.0,6.0,7.0,42.1,1.3,0.5,0.0,0.0,16.0,14.0,39.1,3.1,0.625,0.0,0.0,16.0,15.0,35.4,1.9,0.25,4.0,5.0,-100.0,0.0,0.06666666666666667,8,16,345.4,16.0,775,160,306
413,202308030307,0,0,0,1,0,0,1,0,0,0,0,0,0,0,0,0,0,0,0,0,0,0,0,0,0,0,0,0,0,0,0,0,0,0,0,0,0.0,0.0,20.0,1.0,37.2,0.0,0.14285714285714285,0.0,0.0,40.0,5.0,39.6,1.6,0.25,,,,,,,,4.0,4.0,0.0,0.06521739130434782,0.1956521739130435,6,12,15.2,6.0,32,604,664
414,202308030307,0,0,0,0,0,1,0,3,0,0,0,0,0,0,0,0,0,0,0,1,0,0,0,0,0,0,0,0,0,0,0,0,0,0,0,0,0.0,0.0,140.0,10.0,34.7,0.9,0.5294117647058824,0.0,0.0,110.0,11.0,36.9,1.2,0.5833333333333334,0.0,0.0,60.0,12.0,39.5,2.0,0.375,1.0,-4.0,0.0,0.0,0.1111111111111111,4,8,47.5,10.0,465,334,699
415,202308030401,8,6,7,28,0,0,1,6,0,0,0,0,1,3,1,3,0,0,0,1,0,0,0,0,1,2,1,2,0,0,0,0,0,0,0,0,0.0,0.0,20.0,2.0,36.2,0.2,0.1875,0.0,0.0,40.0,2.0,36.0,0.5,0.3333333333333333,0.0,0.0,20.0,4.0,36.1,0.3,0.42857142857142855,1.0,4.0,0.0,0.14285714285714285,0.42857142857142855,1,1,1.7,1.0,1576,1110,1577
416,202308030401,0,0,0,0,3,0,1,6,0,0,0,0,0,0,0,0,1,0,0,1,0,0,0,0,0,0,0,0,0,0,0,1,0,0,0,0,0.0,0.0,30.0,5.0,39.6,1.5,0.1875,0.0,0.0,10.0,3.0,37.7,1.5,0.9166666666666666,,,,,,,,-2.0,-8.0,-200.0,0.09859154929577464,0.2676056338028169,5,7,4.2,2.0,1564,1208,334
417,202308030401,0,0,0,0,0,0,1,1,0,0,0,0,0,0,0,0,0,0,0,0,0,0,0,0,0,0,0,0,0,0,0,0,0,0,0,0,0.0,0.0,10.0,10.0,40.1,1.7,0.14285714285714285,0.0,0.0,30.0,6.0,38.3,0.4,0.1875,0.0,0.0,10.0,4.0,39.6,1.1,0.2727272727272727,-3.0,18.0,-500.0,0.0,0.08333333333333333,3,3,14.9,4.0,1699,1337,1313
418,202308030401,0,0,0,0,10,4,4,36,0,0,0,0,0,0,0,0,1,0,3,7,0,0,0,0,0,0,0,0,0,0,1,3,0,0,0,0,0.0,0.0,11.0,10.0,38.4,1.8,0.23076923076923078,0.0,0.0,13.0,13.0,36.1,1.6,0.8125,0.0,0.0,2.0,1.0,37.7,0.0,0.125,-4.5,-4.0,0.0,0.13414634146341464,0.3170731707317073,5,6,12.2,3.0,1020,1345,1576
419,202308030401,2,3,1,10,0,0,1,6,0,0,0,0,1,0,0,1,0,0,0,1,0,0,0,0,0,0,0,0,0,0,0,0,0,0,0,0,0.0,0.0,1.0,2.0,40.5,0.5,0.5833333333333334,0.0,0.0,8.0,8.0,38.6,1.3,0.9375,0.0,0.0,14.0,5.0,37.3,1.3,0.8666666666666667,1.5,10.0,-500.0,0.03333333333333333,0.2,7,11,28.6,7.0,1447,1110,1721
420,202308030401,0,0,0,0,0,0,0,0,0,0,0,0,0,0,0,0,0,0,0,0,0,0,0,0,0,0,0,0,0,0,0,0,0,0,0,0,0.0,0.0,13.0,9.0,41.8,3.2,0.26666666666666666,0.0,0.0,13.0,9.0,39.4,2.3,0.625,0.0,0.0,7.0,5.0,38.6,1.5,0.46153846153846156,-2.0,8.0,-600.0,0.08108108108108109,0.24324324324324326,7,10,24.3,6.0,1699,301,1313
421,202308030401,8,3,2,23,2,0,0,1,0,0,0,0,3,1,1,3,0,0,0,0,0,0,0,0,1,0,0,3,0,0,0,0,0,0,0,0,0.0,0.0,4.0,4.0,39.1,0.5,0.8333333333333334,0.0,0.0,13.0,16.0,38.1,3.2,0.2777777777777778,0.0,0.0,10.0,8.0,39.7,1.7,0.3125,2.0,12.0,-200.0,0.12643678160919541,0.22988505747126436,6,8,19.1,5.0,1127,969,1328
422,202308030401,0,0,0,1,1,0,0,4,0,0,0,0,0,0,0,0,0,0,0,2,0,0,0,0,0,0,0,0,0,0,0,2,0,0,0,0,0.0,0.0,3.0,1.0,38.4,0.0,0.3333333333333333,0.0,0.0,10.0,8.0,39.7,2.9,0.5384615384615384,0.0,0.0,11.0,8.0,39.5,1.5,0.125,3.5,28.0,-300.0,0.05,0.15,8,12,31.9,8.0,1601,779,239
423,202308030401,0,0,0,1,0,0,0,0,0,0,0,0,0,0,0,0,0,0,0,0,0,0,0,0,0,0,0,0,0,0,0,0,0,0,0,0,0.0,0.0,80.0,6.0,38.9,1.0,0.45454545454545453,,,,,,,,,,,,,,,,,-200.0,0.09259259259259259,0.2962962962962963,2,2,74.4,11.0,1601,1169,239
424,202308030401,0,0,0,0,1,1,1,9,0,0,0,0,0,0,0,0,0,0,1,3,0,0,0,0,0,0,0,0,0,0,1,2,0,0,0,0,0.0,0.0,20.0,20.0,39.6,0.4,0.9090909090909091,0.0,0.0,160.0,150.0,35.8,1.7,0.6111111111111112,0.0,0.0,120.0,90.0,36.4,1.5,0.14285714285714285,35.0,21.0,-100.0,0.0,0.14285714285714285,6,9,525.7,12.0,1629,1362,1428
425,202308030401,0,0,0,0,5,3,4,34,0,0,0,0,0,0,0,0,1,0,0,4,0,0,0,0,0,0,0,0,0,0,0,1,0,0,0,0,0.0,0.0,2.0,10.0,37.7,1.5,0.6666666666666666,0.0,0.0,6.0,9.0,37.7,2.0,0.45454545454545453,0.0,0.0,5.0,3.0,36.8,0.4,0.3333333333333333,-3.5,-13.0,380.0,0.1111111111111111,0.16666666666666666,4,4,51.3,10.0,1579,1263,1605
426,202308030401,0,1,3,38,0,0,0,13,0,0,0,0,0,1,1,12,0,0,0,2,0,0,0,0,0,1,1,5,0,0,0,0,0,0,0,0,0.0,0.0,3.0,8.0,41.4,3.0,0.3,0.0,0.0,15.0,12.0,35.7,1.9,0.8125,0.0,0.0,10.0,10.0,37.4,2.4,0.7272727272727273,1.0,22.0,-300.0,0.0,1.0,8,13,45.2,9.0,1520,1328,695
427,202308030401,8,6,7,28,0,0,0,3,0,0,0,0,1,3,1,3,0,0,0,2,0,0,0,0,1,2,1,2,0,0,0,2,0,0,0,0,0.0,0.0,15.0,16.0,41.6,5.5,0.6875,0.0,0.0,9.0,10.0,44.8,3.4,0.4,0.0,0.0,8.0,11.0,39.1,3.5,0.45454545454545453,-2.5,0.0,0.0,0.0,0.0,4,5,614.3,13.0,1576,1029,1577
428,202308030410,0,4,3,9,2,0,0,13,0,0,0,1,0,0,1,3,1,0,0,5,0,0,0,0,0,0,0,0,0,0,0,0,0,0,0,0,0.0,0.0,11.0,11.0,35.7,1.3,0.625,0.0,0.0,12.0,1.0,37.0,0.0,0.4375,0.0,0.0,3.0,1.0,36.4,0.0,0.3,-5.0,-8.0,0.0,0.0,0.1724137931034483,7,14,37.4,12.0,1152,1228,1428
429,202308030410,0,1,1,20,0,0,0,0,0,0,0,0,0,0,0,6,0,0,0,0,0,0,0,0,0,0,0,0,0,0,0,0,0,0,0,0,0.0,0.0,30.0,2.0,36.0,0.4,0.5625,0.0,0.0,20.0,2.0,37.8,0.2,0.6666666666666666,0.0,0.0,30.0,1.0,36.9,0.0,0.9090909090909091,-0.5,-10.0,0.0,,,3,6,5.2,2.0,1278,1716,625
430,202308030410,0,0,0,0,1,2,1,10,0,0,0,0,0,0,0,0,0,0,0,4,0,0,0,0,0,0,0,0,0,0,0,0,0,0,0,0,0.0,0.0,10.0,8.0,37.8,0.7,0.2857142857142857,0.0,0.0,10.0,14.0,33.7,1.0,0.5555555555555556,0.0,0.0,8.0,8.0,36.7,0.6,0.375,0.0,-2.0,0.0,0.0,0.5,2,4,18.2,7.0,1629,1108,1428
431,202308030410,0,7,3,23,2,0,4,21,0,0,0,0,0,3,1,5,2,0,1,4,0,0,0,0,0,0,0,0,0,0,0,0,0,0,0,0,0.0,0.0,80.0,10.0,35.5,1.6,0.7692307692307693,0.0,0.0,80.0,9.0,35.8,1.2,0.7142857142857143,0.0,0.0,50.0,8.0,37.2,0.7,0.21428571428571427,-1.0,-8.0,50.0,0.0625,0.4375,5,10,18.1,6.0,1716,1235,1167
432,202308030410,0,7,3,23,2,0,4,21,0,0,0,0,0,3,1,5,2,0,1,4,0,0,0,0,0,0,0,0,0,0,0,0,0,0,0,0,0.0,0.0,60.0,15.0,37.0,1.9,0.1875,0.0,0.0,20.0,1.0,36.3,0.0,0.07692307692307693,0.0,0.0,20.0,2.0,36.3,0.1,0.0625,-6.5,-4.0,0.0,0.06382978723404255,0.19148936170212766,8,15,7.5,4.0,1716,1235,1167
433,202308030410,0,0,0,0,0,0,0,0,0,0,0,0,0,0,0,0,0,0,0,0,0,0,0,0,0,0,0,0,0,0,0,0,0,0,0,0,0.0,0.0,13.0,10.0,36.1,1.0,0.9285714285714286,0.0,0.0,16.0,14.0,35.5,1.6,0.875,0.0,0.0,10.0,6.0,36.2,0.7,0.8571428571428571,-2.0,10.0,0.0,0.0,0.3333333333333333,6,11,98.8,14.0,134,26,832
434,202308030410,3,2,5,18,1,0,0,10,0,0,0,0,3,1,2,9,0,0,0,0,0,0,0,0,0,0,0,0,0,0,0,0,0,0,0,0,0.0,0.0,1.0,8.0,39.7,2.6,0.7777777777777778,0.0,0.0,14.0,16.0,38.0,1.8,0.25,0.0,0.0,7.0,10.0,37.0,1.0,0.5714285714285714,1.0,0.0,0.0,0.08333333333333333,0.25,2,3,125.9,16.0,1228,1708,1108
435,202308030410,0,7,3,23,0,0,1,6,0,0,0,0,0,3,1,5,0,0,0,2,0,0,0,0,0,0,0,0,0,0,0,0,0,0,0,0,0.0,0.0,110.0,14.0,40.4,2.8,0.06666666666666667,0.0,0.0,90.0,15.0,35.5,1.7,0.1111111111111111,0.0,0.0,4.0,3.0,32.2,0.1,0.17647058823529413,-5.5,-6.0,0.0,0.1,0.2714285714285714,7,13,14.2,5.0,1716,1036,1167
436,202308030410,0,4,3,9,1,2,1,6,0,0,0,0,0,0,1,3,0,0,0,1,0,0,0,0,0,0,0,0,0,0,0,0,0,0,0,0,0.0,0.0,11.0,8.0,35.6,0.6,1.0,0.0,0.0,6.0,11.0,38.8,1.9,0.38461538461538464,0.0,0.0,10.0,9.0,36.2,0.3,0.875,0.5,4.0,0.0,0.1,0.22,6,12,29.3,10.0,1152,770,1428
437,202308030410,4,5,4,38,0,0,0,1,0,0,0,0,1,1,2,16,0,0,0,1,0,0,0,0,0,0,0,0,0,0,0,0,0,0,0,0,0.0,0.0,20.0,8.0,37.2,0.7,0.35714285714285715,0.0,0.0,70.0,2.0,35.9,0.1,0.36363636363636365,0.0,0.0,10.0,1.0,35.6,0.0,0.25,-3.5,6.0,0.0,0.15384615384615385,0.46153846153846156,8,16,22.2,9.0,1172,247,1556
438,202308030410,3,2,0,10,10,4,4,36,0,0,0,0,0,0,0,3,1,0,3,7,0,0,0,0,0,0,0,0,0,0,0,0,0,0,0,0,0.0,0.0,130.0,14.0,34.0,1.2,0.8666666666666667,0.0,0.0,90.0,8.0,34.5,0.7,0.625,0.0,0.0,10.0,3.0,36.3,0.1,0.6363636363636364,-5.5,-10.0,0.0,0.06060606060606061,0.2727272727272727,4,7,19.3,8.0,1557,1345,1559
439,202308030410,2,0,2,27,3,3,8,38,0,0,0,0,0,0,0,7,1,0,1,5,0,0,0,0,0,0,0,0,0,0,0,0,0,0,0,0,0.0,0.0,9.0,8.0,40.6,2.2,0.5833333333333334,0.0,0.0,7.0,9.0,35.5,1.2,0.625,0.0,0.0,3.0,12.0,36.6,0.4,0.75,2.0,11.0,-200.0,0.23333333333333334,0.4666666666666667,5,9,6.6,3.0,1009,1013,298
440,202308030410,0,1,3,38,2,0,1,2,0,0,0,0,0,1,1,12,1,0,1,1,0,0,0,0,0,0,0,0,0,0,0,0,0,0,0,0,0.0,0.0,4.0,3.0,40.1,0.4,0.75,0.0,0.0,15.0,13.0,36.6,0.7,0.875,0.0,0.0,10.0,4.0,35.4,0.7,0.75,0.5,10.0,-1200.0,0.0,0.09090909090909091,1,2,116.1,15.0,1520,939,695
441,202308030410,3,2,5,18,1,1,0,4,0,1,0,0,3,1,2,9,0,0,0,1,0,0,0,0,0,0,0,0,0,0,0,0,0,0,0,0,0.0,0.0,5.0,6.0,13.6,2.7,0.14285714285714285,0.0,0.0,6.0,8.0,13.5,3.4,0.6153846153846154,0.0,0.0,13.0,13.0,37.5,1.6,0.26666666666666666,3.5,2.0,-1650.0,0.04819277108433735,0.25301204819277107,3,5,93.9,13.0,1228,334,1108
442,202308030410,0,0,0,0,3,0,1,6,0,0,0,0,0,0,0,0,1,0,0,1,0,0,0,0,0,0,0,0,0,0,0,0,0,0,0,0,0.0,0.0,10.0,1.0,36.5,0.0,0.13333333333333333,0.0,0.0,20.0,1.0,36.1,0.0,0.0625,0.0,0.0,110.0,5.0,33.2,0.5,0.2777777777777778,2.0,0.0,0.0,0.13580246913580246,0.32098765432098764,4,8,2.7,1.0,1204,1208,1221
443,202308030410,0,0,0,4,1,0,0,12,0,0,0,0,0,0,0,1,0,0,0,6,0,0,0,0,0,0,0,0,0,0,0,0,0,0,0,0,0.0,0.0,8.0,14.0,41.2,3.6,0.07142857142857142,0.0,0.0,11.0,12.0,38.2,1.2,0.13333333333333333,0.0,0.0,3.0,7.0,36.9,1.0,0.07692307692307693,-3.5,4.0,0.0,0.07272727272727272,0.2909090909090909,1,1,30.3,11.0,1426,1306,306
444,202308030608,1,0,0,10,5,3,4,34,1,0,0,0,0,0,0,3,1,0,0,4,0,0,0,0,0,0,0,0,0,0,0,0,0,0,0,0,0.0,0.0,9.0,13.0,37.2,1.8,0.5625,0.0,0.0,9.0,14.0,37.4,1.6,0.75,0.0,0.0,10.0,6.0,35.2,0.3,0.875,-3.5,-2.0,0.0,0.07575757575757576,0.21212121212121213,8,15,6.7,3.0,1090,1263,1169
445,202308030608,3,1,1,9,0,0,2,13,0,0,0,0,1,0,0,2,0,0,1,5,0,0,0,0,0,0,0,0,0,0,0,0,0,0,0,0,0.0,0.0,130.0,9.0,37.0,1.0,0.4666666666666667,0.0,0.0,90.0,13.0,37.5,2.6,0.5625,0.0,0.0,120.0,9.0,36.9,1.3,0.9375,0.0,-10.0,0.0,0.0,0.15,7,12,51.4,11.0,1095,1551,1221
446,202308030608,3,2,5,18,2,1,0,29,0,0,0,2,3,1,2,9,0,1,0,7,0,0,0,1,0,0,0,1,0,1,0,0,0,0,0,0,0.0,0.0,9.0,6.0,37.0,1.6,1.0,0.0,0.0,7.0,7.0,36.1,0.8,0.8181818181818182,0.0,0.0,14.0,10.0,36.6,1.2,0.9333333333333333,2.0,0.0,0.0,0.0,0.2,5,9,51.9,12.0,1228,1618,1108
447,202308030608,0,0,0,0,0,0,0,0,0,0,0,0,0,0,0,0,0,0,0,0,0,0,0,0,0,0,0,0,0,0,0,0,0,0,0,0,0.0,0.0,20.0,4.0,37.4,0.8,0.14285714285714285,0.0,0.0,10.0,1.0,37.2,0.0,0.2,0.0,0.0,60.0,2.0,38.0,0.1,0.1875,-1.0,10.0,0.0,0.03225806451612903,0.1935483870967742,3,4,2.4,1.0,1467,314,336
448,202308030608,0,0,0,0,1,0,1,15,0,0,0,0,0,0,0,0,0,0,0,5,0,0,0,0,0,0,0,0,0,0,0,0,0,0,0,0,0.0,0.0,10.0,13.0,37.9,1.8,0.5625,0.0,0.0,5.0,16.0,38.3,1.9,0.375,0.0,0.0,5.0,5.0,36.9,0.3,0.4,-4.0,-4.0,0.0,0.07894736842105263,0.23684210526315788,8,14,8.9,5.0,1463,1482,1167
449,202308030608,0,0,0,1,3,3,8,38,0,0,0,0,0,0,0,0,1,0,1,5,0,0,0,0,0,0,0,0,0,0,0,0,0,0,0,0,0.0,0.0,150.0,11.0,34.1,0.6,0.3125,0.0,0.0,160.0,4.0,34.8,0.2,0.35294117647058826,0.0,0.0,140.0,13.0,35.2,1.0,0.5,1.0,6.0,0.0,0.037037037037037035,0.18518518518518517,3,5,32.5,9.0,1175,1013,882
450,202308030608,0,1,1,20,3,2,3,51,0,0,0,1,0,0,0,6,1,0,1,11,0,0,0,0,0,0,0,0,0,0,0,1,0,0,0,0,0.0,0.0,60.0,8.0,38.5,1.6,0.1875,0.0,0.0,90.0,10.0,36.5,1.6,0.14285714285714285,0.0,0.0,130.0,12.0,37.9,0.6,0.125,2.0,8.0,0.0,0.047619047619047616,0.25,4,7,23.0,8.0,1278,1556,625
451,202308030608,0,0,0,0,0,1,0,3,0,0,0,0,0,0,0,0,0,0,0,1,0,0,0,0,0,0,0,0,0,0,0,0,0,0,0,0,0.0,0.0,40.0,6.0,36.4,0.4,0.6153846153846154,0.0,0.0,120.0,3.0,37.3,1.0,0.5,0.0,0.0,120.0,14.0,37.6,0.9,0.5,4.0,0.0,0.0,0.047619047619047616,0.14285714285714285,6,10,17.0,6.0,1467,324,336
452,202308030608,0,0,0,4,2,0,0,13,0,0,0,0,0,0,0,1,1,0,0,5,0,0,0,0,0,0,0,0,0,0,0,0,0,0,0,0,0.0,0.0,11.0,6.0,35.3,0.7,1.0,0.0,0.0,10.0,6.0,34.8,0.8,1.0,0.0,0.0,13.0,13.0,35.9,0.8,0.8125,3.5,0.0,0.0,0.125,0.22727272727272727,5,8,19.6,7.0,1426,1228,306
453,202308030608,0,7,3,23,1,1,0,13,0,1,0,2,0,3,1,5,0,0,0,4,0,0,0,1,0,0,0,1,0,0,0,1,0,0,0,1,0.0,0.0,13.0,10.0,36.3,0.7,0.8666666666666667,0.0,0.0,13.0,13.0,36.9,1.8,0.7333333333333333,0.0,0.0,15.0,11.0,37.2,1.2,0.9375,0.5,6.0,0.0,0.0625,0.1875,1,1,111.7,13.0,1716,1428,1167
454,202308030608,0,0,0,0,1,0,1,15,0,0,0,0,0,0,0,0,0,0,0,5,0,0,0,0,0,0,0,0,0,0,0,0,0,0,0,0,0.0,0.0,50.0,4.0,36.2,0.7,0.5625,0.0,0.0,100.0,4.0,36.5,0.0,0.4375,0.0,0.0,60.0,6.0,35.1,0.5,1.0,1.0,4.0,0.0,0.09722222222222222,0.2777777777777778,6,11,5.5,2.0,1467,1482,336
455,202308030608,0,7,3,23,1,0,0,12,0,0,0,0,0,3,1,5,0,0,0,6,0,0,0,0,0,0,0,1,0,0,0,1,0,0,0,0,0.0,0.0,5.0,7.0,41.3,1.9,1.0,0.0,0.0,14.0,12.0,36.4,1.1,1.0,0.0,0.0,11.0,9.0,36.8,1.0,0.8461538461538461,1.0,8.0,-400.0,0.0,0.0,2,2,185.4,14.0,1716,1306,1167
456,202308030608,8,3,2,23,2,0,0,13,0,0,0,0,3,1,1,3,1,0,0,5,0,0,0,0,0,1,0,0,0,0,0,0,0,0,0,0,0.0,0.0,30.0,1.0,35.3,0.0,0.9090909090909091,0.0,0.0,50.0,10.0,38.1,1.2,0.8125,0.0,0.0,50.0,1.0,35.5,0.0,0.4375,0.0,0.0,0.0,0.13253012048192772,0.3132530120481928,2,3,7.3,4.0,1127,1228,1328
457,202308030608,4,2,2,39,0,0,0,0,0,0,0,0,0,0,0,6,0,0,0,0,0,0,0,0,0,0,0,1,0,0,0,0,0,0,0,0,0.0,0.0,4.0,5.0,39.5,1.4,0.18181818181818182,0.0,0.0,10.0,,,,1.0,0.0,0.0,15.0,14.0,38.7,1.4,0.06666666666666667,9.0,-21.0,-30.0,0.10909090909090909,0.16363636363636364,4,6,300.3,15.0,1183,1331,1558
458,202308030608,0,1,1,20,3,3,5,48,0,0,0,0,0,0,0,6,1,0,1,11,0,0,0,0,0,0,0,0,0,0,0,0,0,0,0,0,0.0,0.0,120.0,6.0,36.2,1.3,0.14285714285714285,0.0,0.0,100.0,10.0,39.6,2.0,0.125,0.0,0.0,60.0,12.0,36.8,1.0,0.35714285714285715,3.0,20.0,200.0,0.0,0.1,7,13,35.2,10.0,1278,1167,625
459,202308030706,7,2,3,57,1,1,0,3,0,0,0,0,3,1,0,18,0,1,0,1,0,0,0,0,0,0,0,1,0,1,0,0,0,0,0,0,,,,,,,,,,,,,,,,,,,,,,,,,0.0,0.0,7,9,4.4,2.0,1278,1641,625
460,202308030706,0,0,0,0,9,6,6,98,0,0,0,0,0,0,0,0,2,1,2,16,0,0,0,0,0,0,0,0,0,1,0,0,0,0,0,0,0.0,0.0,7.0,4.0,38.3,1.1,0.4,0.0,0.0,7.0,3.0,38.0,1.1,0.625,0.0,0.0,8.0,4.0,39.9,0.7,0.18181818181818182,0.0,0.0,-600.0,0.0,0.04,6,7,34.7,9.0,1601,1558,239
461,202308030706,2,3,1,13,0,0,0,10,0,0,0,0,1,2,1,4,0,0,0,2,0,0,0,0,0,0,0,0,0,0,0,0,0,0,0,0,,,,,,,,,,,,,,,,,,,,,,,,,0.07142857142857142,0.14285714285714285,7,10,47.4,10.0,1148,1331,1393
462,202308030706,10,11,15,96,2,1,0,24,0,0,0,1,3,6,5,35,1,0,0,5,0,0,0,0,0,1,0,4,0,0,0,0,0,0,0,0,,,,,,,,,,,,,,,,,,,,,,,,,0.0,0.05555555555555555,4,4,2.3,1.0,1576,1393,1577
463,202308030706,0,0,0,0,0,0,0,3,0,0,0,0,0,0,0,0,0,0,0,2,0,0,0,0,0,0,0,0,0,0,0,0,0,0,0,0,0.0,0.0,9.0,5.0,43.4,3.7,0.18181818181818182,0.0,0.0,8.0,8.0,37.7,1.3,0.25,0.0,0.0,7.0,9.0,35.8,0.4,0.058823529411764705,2.0,7.0,-200.0,0.0,0.15384615384615385,5,5,6.3,3.0,1629,1642,1428
464,202308030706,0,0,0,0,0,0,0,1,0,0,0,0,0,0,0,0,0,0,0,0,0,0,0,0,0,0,0,0,0,0,0,0,0,0,0,0,0.0,0.0,15.0,7.0,36.4,1.3,0.875,0.0,0.0,11.0,15.0,35.8,1.6,0.7222222222222222,0.0,0.0,8.0,13.0,35.5,0.8,0.6875,3.0,-8.0,0.0,0.0,0.3333333333333333,5,6,17.6,6.0,79,517,1
465,202308030706,1,0,2,13,5,2,4,47,0,0,1,1,0,0,0,1,0,0,0,13,0,0,0,0,0,0,0,0,0,0,0,0,0,0,0,0,0.0,0.0,3.0,1.0,41.4,0.0,0.1,0.0,0.0,15.0,12.0,38.5,1.7,0.1875,0.0,0.0,15.0,14.0,41.2,2.7,0.125,6.5,-1.0,-200.0,0.03225806451612903,0.16129032258064516,3,3,59.5,11.0,1674,1721,1428
466,202308030706,0,0,0,0,0,0,0,0,0,0,0,0,0,0,0,0,0,0,0,0,0,0,0,0,0,0,0,0,0,0,0,0,0,0,0,0,0.0,0.0,12.0,12.0,38.0,1.8,0.9375,0.0,0.0,12.0,12.0,39.5,2.6,0.35714285714285715,0.0,0.0,8.0,13.0,38.5,2.0,0.75,0.5,-2.0,0.0,0.08,0.16,2,2,14.2,5.0,1534,1139,1235
467,202308030706,0,0,0,0,0,1,0,4,0,0,0,0,0,0,0,0,0,0,0,3,0,0,0,0,0,0,0,0,0,0,0,1,0,0,0,0,0.0,0.0,1.0,8.0,44.2,2.7,0.2,0.0,0.0,12.0,10.0,36.2,1.8,1.0,0.0,0.0,11.0,5.0,37.9,1.6,0.5,-1.5,-11.0,-200.0,0.045454545454545456,0.13636363636363635,6,8,29.4,8.0,1020,1029,1576
468,202308030706,0,0,0,0,0,0,0,0,0,0,0,0,0,0,0,0,0,0,0,0,0,0,0,0,0,0,0,0,0,0,0,0,0,0,0,0,0.0,0.0,2.0,1.0,36.5,0.0,0.09090909090909091,0.0,0.0,12.0,14.0,38.9,3.3,0.13333333333333333,0.0,0.0,11.0,13.0,46.8,10.2,0.15384615384615385,6.0,-15.0,380.0,0.13095238095238096,0.30952380952380953,1,1,9.3,4.0,1475,1403,1645
469,202308030706,0,0,0,0,6,12,11,91,0,0,0,0,0,0,0,0,1,2,3,24,0,0,0,0,0,0,0,0,0,0,0,1,0,0,0,0,0.0,0.0,5.0,5.0,40.7,1.4,0.3333333333333333,0.0,0.0,17.0,13.0,36.4,1.9,0.4444444444444444,0.0,0.0,14.0,17.0,34.8,1.1,0.5555555555555556,6.0,10.0,-300.0,0.0,0.0,8,11,23.4,7.0,1289,1183,1428
470,202308030706,0,0,0,5,0,2,5,18,0,0,0,0,0,0,0,0,0,0,2,3,0,0,0,0,0,0,0,0,0,0,0,0,0,0,0,0,0.0,0.0,5.0,7.0,42.8,3.5,0.625,0.0,0.0,12.0,12.0,38.8,4.5,1.0,,,,,,,,5.0,2.0,-200.0,0.07692307692307693,0.15384615384615385,8,12,242.5,12.0,1426,1503,306
471,202308030801,0,0,0,0,5,3,0,43,0,0,0,0,0,0,0,0,2,1,0,14,0,0,0,0,0,0,0,0,0,1,0,11,0,0,0,0,0.0,0.0,80.0,2.0,37.0,0.2,0.26666666666666666,0.0,0.0,110.0,6.0,37.3,1.5,0.23076923076923078,,,,,,,,4.0,0.0,0.0,0.0,0.0,2,4,10.9,5.0,1467,1482,336
472,202308030801,0,1,1,19,0,0,0,3,0,0,0,0,0,0,1,6,0,0,0,2,0,0,0,0,0,0,1,0,0,0,0,0,0,0,0,0,0.0,0.0,30.0,3.0,38.5,1.4,0.2857142857142857,0.0,0.0,20.0,2.0,36.8,0.5,0.16666666666666666,,,,,,,,-1.0,-6.0,-200.0,0.0,0.19047619047619047,4,7,6.2,4.0,1333,1535,1294
473,202308030801,0,0,0,0,0,0,2,10,0,0,0,0,0,0,0,0,0,0,0,0,0,0,0,0,0,0,0,0,0,0,0,0,0,0,0,0,0.0,0.0,10.0,5.0,35.6,0.5,0.38461538461538464,,,,,,,,,,,,,,,,,0.0,0.12941176470588237,0.3058823529411765,6,12,5.5,3.0,1534,1110,1235
474,202308030801,0,0,0,0,2,2,1,11,0,0,0,0,0,0,0,0,0,1,0,4,0,0,0,0,0,0,0,0,0,0,0,0,0,0,0,0,0.0,0.0,30.0,5.0,35.6,0.4,0.6153846153846154,0.0,0.0,20.0,3.0,35.6,0.6,0.6666666666666666,0.0,0.0,20.0,3.0,34.4,0.1,1.0,-1.0,-2.0,-200.0,0.0,0.5,1,1,2.7,1.0,684,260,429
475,202308030801,0,0,0,0,12,12,6,91,0,0,0,0,0,0,0,0,2,1,1,24,0,0,0,0,0,0,0,0,0,0,0,6,0,0,0,0,0.0,0.0,11.0,10.0,38.4,1.8,0.23076923076923078,0.0,0.0,13.0,13.0,36.1,1.6,0.8125,0.0,0.0,2.0,1.0,37.7,0.0,0.125,-4.5,-4.0,0.0,0.031746031746031744,0.15873015873015872,5,9,35.5,9.0,1020,1345,1576
476,202308030801,0,0,0,0,0,0,0,5,0,0,0,0,0,0,0,0,0,0,0,2,0,0,0,0,0,0,0,0,0,0,0,1,0,0,0,0,0.0,0.0,10.0,10.0,40.1,1.7,0.14285714285714285,0.0,0.0,30.0,6.0,38.3,0.4,0.1875,0.0,0.0,10.0,4.0,39.6,1.1,0.2727272727272727,-3.0,18.0,-500.0,0.0,0.14285714285714285,4,8,27.0,7.0,1699,1337,1313
477,202308030801,0,0,0,1,0,1,1,14,0,0,0,0,0,0,0,0,0,0,0,6,0,0,0,0,0,0,0,0,0,0,0,3,0,0,0,0,0.0,0.0,80.0,12.0,36.9,2.5,0.15384615384615385,,,,,,,,,,,,,,,,,-400.0,0.08955223880597014,0.22388059701492538,7,14,4.6,2.0,429,939,377
478,202308030801,0,0,0,0,8,7,9,80,0,0,0,0,0,0,0,0,0,4,2,18,0,0,0,0,0,0,0,0,0,1,0,7,0,0,0,0,0.0,0.0,40.0,4.0,40.1,2.7,0.09090909090909091,0.0,0.0,40.0,3.0,41.2,1.8,0.375,0.0,0.0,40.0,7.0,36.7,2.4,0.5,1.5,0.0,-600.0,0.03125,0.1875,7,13,24.7,6.0,1600,1405,680
479,202308030801,0,1,0,12,1,5,4,24,0,0,0,0,0,0,0,6,0,2,0,7,0,0,0,0,0,0,0,0,0,1,0,4,0,0,0,0,0.0,0.0,100.0,4.0,39.0,1.7,0.14285714285714285,0.0,0.0,100.0,16.0,42.0,3.8,0.1875,0.0,0.0,70.0,4.0,40.5,1.8,0.2222222222222222,0.0,-4.0,-200.0,0.043478260869565216,0.13043478260869565,5,10,34.0,8.0,1446,1170,75
480,202308030801,0,2,1,12,2,0,0,0,0,0,0,0,0,1,0,6,2,0,0,0,0,0,0,0,0,0,0,4,0,0,0,0,0,0,0,0,0.0,0.0,3.0,6.0,39.7,2.3,0.375,0.0,0.0,12.0,11.0,38.6,1.7,0.4375,0.0,0.0,6.0,11.0,38.1,2.0,0.625,2.5,5.0,-200.0,0.05263157894736842,0.2631578947368421,3,5,505.4,14.0,1396,1505,1556
481,202308030801,0,0,0,0,0,0,0,0,0,0,0,0,0,0,0,0,0,0,0,0,0,0,0,0,0,0,0,0,0,0,0,0,0,0,0,0,0.0,0.0,100.0,8.0,39.3,1.6,0.46153846153846156,0.0,0.0,50.0,8.0,39.5,1.9,0.8181818181818182,,,,,,,,0.0,-6.0,-400.0,0.07692307692307693,0.23076923076923078,2,3,128.5,11.0,1579,1611,1605
482,202308030801,0,0,0,3,0,0,0,4,0,0,0,0,0,0,0,0,0,0,0,0,0,0,0,0,0,0,0,0,0,0,0,0,0,0,0,0,0.0,0.0,70.0,10.0,40.2,2.9,0.625,0.0,0.0,100.0,7.0,37.2,1.6,0.5384615384615384,,,,,,,,-3.0,-2.0,-200.0,0.07692307692307693,0.15384615384615385,8,15,55.2,10.0,1282,910,377
483,202308030801,0,0,0,0,2,1,1,20,0,0,0,0,0,0,0,0,0,1,0,4,0,0,0,0,0,0,0,0,0,1,0,3,0,0,0,0,0.0,0.0,2.0,9.0,40.0,1.1,0.9,0.0,0.0,15.0,16.0,42.3,4.5,0.25,0.0,0.0,16.0,13.0,39.1,2.8,0.375,2.0,9.0,-100.0,0.0,0.13333333333333333,8,16,323.6,13.0,1467,1328,336
484,202308030801,2,2,6,38,10,9,11,97,0,0,0,0,1,0,2,14,1,3,3,17,0,0,0,0,0,0,0,10,1,2,1,8,0,0,0,0,0.0,0.0,8.0,3.0,39.9,1.1,0.5454545454545454,0.0,0.0,10.0,11.0,39.2,2.7,0.5,0.0,0.0,16.0,14.0,37.4,2.7,0.875,5.5,0.0,-300.0,1.0,1.0,1,2,542.6,16.0,1348,1167,1221
485,202308030801,0,0,0,0,6,12,11,91,0,0,0,0,0,0,0,0,1,2,3,24,0,0,0,0,0,0,0,0,1,0,2,12,0,0,0,0,0.0,0.0,4.0,5.0,40.4,1.5,0.4444444444444444,0.0,0.0,13.0,10.0,41.9,5.4,0.7692307692307693,0.0,0.0,14.0,14.0,36.8,2.6,1.0,4.5,16.0,-300.0,0.0,0.07692307692307693,3,6,519.2,15.0,1540,1183,1036
486,202308030801,0,0,0,0,9,6,3,54,0,0,0,0,0,0,0,0,1,0,0,8,0,0,0,0,0,0,0,0,0,0,0,2,0,0,0,0,0.0,0.0,2.0,4.0,39.7,1.4,0.6666666666666666,0.0,0.0,18.0,15.0,39.1,3.5,0.9444444444444444,0.0,0.0,17.0,15.0,35.0,1.5,1.0,5.5,21.0,-300.0,0.0,0.0,6,11,152.3,12.0,1591,1618,464
