,race_id,f_course1,f_course2,f_course3,f_courseout,mf_course1,mf_course2,mf_course3,mf_courseout,f_mf_course1,f_mf_course2,f_mf_course3,f_mf_courseout,f_len1,f_len2,f_len3,f_lenout,mf_len1,mf_len2,mf_len3,mf_classout,f_mf_len1,f_mf_len2,f_mf_len3,f_mf_classout,f_class1,f_class2,f_class3,f_classout,mf_class1,mf_class2,mf_class3,mf_classout,f_mf_class1,f_mf_class2,f_mf_class3,f_mf_classout,time_df_course1,time_df_class1,ninki_1,result_1,agari_1,margin_1,corner_ratio_1,time_df_course2,time_df_class2,ninki_2,result_2,agari_2,margin_2,corner_ratio_2,time_df_course3,time_df_class3,ninki_3,result_3,agari_3,margin_3,corner_ratio_3,rank_trend,weight_change,dist_change,jockey_win_rate,jockey_place_rate,waku,umaban,current_odds,current_popularity,father_cat,mother_father_cat,paternal_gf_cat
0,202308010207,0,0,0,1,1,0,1,4,0,0,0,0,0,0,0,0,0,0,0,1,0,0,0,0,0,0,0,0,0,0,0,0,0,0,0,0,0.0,0.0,3.0,8.0,34.5,0.8,0.4117647058823529,0.0,0.0,10.0,7.0,32.5,0.6,0.7777777777777778,0.0,0.0,5.0,11.0,34.8,0.8,0.4444444444444444,1.5,-6.0,200.0,0.15384615384615385,0.38461538461538464,8,17,5.9,2.0,272,1543,1433
1,202308010207,67,47,60,241,3,2,1,22,2,1,1,6,6,6,7,27,0,0,1,1,0,0,1,0,2,1,0,4,0,0,0,0,0,0,0,0,0.0,0.0,60.0,3.0,35.0,0.2,0.7777777777777778,0.0,0.0,50.0,1.0,34.6,0.0,0.7142857142857143,0.0,0.0,40.0,5.0,35.7,1.0,0.125,1.0,-4.0,200.0,0.14285714285714285,0.34285714285714286,5,9,7.3,5.0,1428,460,1263
2,202308010207,0,0,0,0,18,11,16,127,0,0,0,0,0,0,0,0,3,0,1,18,0,0,0,0,0,0,0,0,0,0,0,1,0,0,0,0,0.0,0.0,100.0,13.0,38.2,4.6,1.0,0.0,0.0,60.0,10.0,38.9,0.8,0.13333333333333333,0.0,0.0,50.0,9.0,39.7,2.1,0.1875,-2.0,8.0,0.0,0.07317073170731707,0.1951219512195122,7,15,114.0,14.0,1467,1263,336
3,202308010207,0,0,0,0,1,4,3,19,0,0,0,0,0,0,0,0,0,0,0,1,0,0,0,0,0,0,0,0,0,0,0,0,0,0,0,0,0.0,0.0,9.0,13.0,34.9,0.8,0.21428571428571427,0.0,0.0,8.0,9.0,35.2,1.0,0.21428571428571427,0.0,0.0,4.0,1.0,37.9,0.0,0.25,-6.0,-6.0,0.0,0.0,0.0,4,7,14.3,8.0,1064,1292,1556
4,202308010207,67,47,60,241,0,0,1,3,0,0,0,0,6,6,7,27,0,0,0,1,0,0,0,0,2,1,0,4,0,0,0,1,0,0,0,0,0.0,0.0,90.0,3.0,36.3,0.7,0.05555555555555555,0.0,0.0,40.0,12.0,39.7,1.6,0.13333333333333333,0.0,0.0,50.0,8.0,43.2,7.5,0.125,2.5,2.0,0.0,,,6,12,5.6,1.0,1428,187,1263
5,202308010207,14,10,10,76,7,5,6,54,0,0,1,1,3,1,4,16,1,0,0,2,0,0,0,0,1,1,1,2,0,0,0,0,0,0,0,0,0.0,0.0,10.0,4.0,35.3,0.2,0.0625,0.0,0.0,40.0,13.0,38.9,2.2,0.15384615384615385,0.0,0.0,20.0,4.0,35.3,0.5,0.9,0.0,-14.0,-200.0,0.1,0.1,4,8,5.9,3.0,1152,1559,1428
6,202308010207,0,0,0,0,2,2,1,17,0,0,0,0,0,0,0,0,0,0,0,1,0,0,0,0,0,0,0,0,0,0,0,0,0,0,0,0,0.0,0.0,6.0,1.0,39.0,0.0,0.8333333333333334,0.0,0.0,4.0,13.0,37.1,1.9,0.11764705882352941,0.0,0.0,9.0,7.0,34.8,0.8,0.4444444444444444,3.0,2.0,0.0,0.0,0.1,5,10,16.2,9.0,707,565,260
7,202308010207,0,3,0,3,8,20,17,119,0,0,0,1,0,1,0,0,2,0,1,13,0,0,0,0,0,0,0,0,0,0,0,1,0,0,0,0,0.0,0.0,110.0,13.0,39.5,2.5,0.4,0.0,0.0,130.0,15.0,38.3,2.4,0.0625,0.0,0.0,120.0,14.0,41.1,3.6,0.14285714285714285,0.5,12.0,-400.0,0.0,0.16666666666666666,7,14,21.3,11.0,1677,1013,1167
8,202308010207,0,0,0,3,8,20,17,119,0,0,0,0,0,0,0,0,2,0,1,13,0,0,0,0,0,0,0,0,0,0,0,1,0,0,0,0,0.0,0.0,140.0,8.0,35.2,0.6,0.5625,0.0,0.0,12.0,15.0,38.1,1.6,0.1111111111111111,0.0,0.0,7.0,7.0,37.5,1.6,0.1111111111111111,-0.5,16.0,-400.0,0.05555555555555555,0.2777777777777778,3,6,53.7,12.0,1447,1013,1721
9,202308010207,1,0,1,4,2,0,0,4,1,0,0,0,0,0,0,2,0,0,0,1,0,0,0,0,0,0,0,0,0,0,0,0,0,0,0,0,0.0,0.0,8.0,8.0,35.3,2.0,0.5,0.0,0.0,4.0,13.0,34.6,1.8,0.75,0.0,0.0,6.0,12.0,34.3,0.7,0.8571428571428571,2.0,-4.0,-400.0,0.0,0.2,2,3,7.0,4.0,1698,1412,1366
10,202308010207,14,10,10,76,0,0,3,4,0,0,0,0,3,1,4,16,0,0,0,0,0,0,0,0,1,1,1,2,0,0,0,0,0,0,0,0,0.0,0.0,10.0,4.0,34.2,0.4,0.08333333333333333,0.0,0.0,4.0,14.0,34.9,1.5,0.7222222222222222,0.0,0.0,3.0,8.0,38.5,1.3,0.2,2.0,-2.0,-400.0,0.0,0.3,6,11,9.6,6.0,1152,607,1428
11,202308010207,0,0,0,0,0,0,0,1,0,0,0,0,0,0,0,0,0,0,0,0,0,0,0,0,0,0,0,0,0,0,0,0,0,0,0,0,0.0,0.0,7.0,12.0,34.6,0.9,0.7222222222222222,0.0,0.0,3.0,12.0,35.0,1.3,0.8461538461538461,0.0,0.0,2.0,5.0,34.3,0.6,0.7222222222222222,-3.5,4.0,0.0,0.07407407407407407,0.14814814814814814,1,2,14.0,7.0,1154,526,1561
12,202308010207,0,0,0,0,7,1,5,46,0,0,0,0,0,0,0,0,1,1,1,9,0,0,0,0,0,0,0,0,0,0,0,1,0,0,0,0,0.0,0.0,3.0,5.0,39.6,0.7,0.3333333333333333,0.0,0.0,14.0,8.0,37.6,1.2,0.1875,0.0,0.0,5.0,15.0,37.3,1.7,0.75,5.0,-3.0,200.0,,,1,1,182.0,17.0,1467,1235,336
13,202308010207,22,28,14,167,4,4,7,40,0,0,0,2,7,4,5,34,0,0,1,7,0,0,0,2,1,1,0,3,0,0,0,0,0,0,0,0,0.0,0.0,11.0,10.0,37.0,0.4,0.13333333333333333,0.0,0.0,10.0,4.0,35.5,0.1,0.14285714285714285,0.0,0.0,10.0,3.0,36.4,0.3,0.07142857142857142,-3.5,0.0,-600.0,0.12121212121212122,0.15151515151515152,2,4,143.4,16.0,1716,1618,1167
14,202308010207,5,9,9,60,0,1,0,12,0,0,0,0,0,0,0,12,0,0,0,0,0,0,0,0,0,0,0,3,0,0,0,0,0,0,0,0,0.0,0.0,8.0,8.0,38.8,2.6,0.8888888888888888,0.0,0.0,16.0,12.0,34.0,1.0,0.8823529411764706,0.0,0.0,7.0,9.0,39.5,2.8,0.45454545454545453,0.5,8.0,0.0,0.13157894736842105,0.3157894736842105,8,18,21.1,10.0,1098,1685,1294
15,202308010207,22,28,14,167,7,12,10,77,0,1,2,7,7,4,5,34,1,0,1,8,0,0,0,1,1,1,0,3,0,0,0,1,0,0,0,0,0.0,0.0,3.0,6.0,40.8,1.1,0.7,0.0,0.0,15.0,14.0,40.4,2.9,0.4375,0.0,0.0,8.0,9.0,40.0,2.3,0.9,1.5,-10.0,170.0,,,3,5,129.7,15.0,1716,1183,1167
16,202308010207,14,10,10,76,3,3,1,12,0,0,1,1,3,1,4,16,0,0,0,1,0,0,0,0,1,1,1,2,0,0,0,0,0,0,0,0,0.0,0.0,13.0,17.0,36.1,1.9,0.3333333333333333,0.0,0.0,6.0,10.0,35.4,0.6,0.6666666666666666,0.0,0.0,3.0,10.0,41.6,3.7,0.6666666666666666,-3.5,-6.0,0.0,,,7,13,93.2,13.0,1152,857,1428
17,202308010207,22,28,14,167,16,15,14,100,3,3,2,18,7,4,5,34,1,2,1,19,1,1,0,7,1,1,0,3,0,1,0,4,0,1,0,1,0.0,0.0,18.0,18.0,37.6,3.2,0.16666666666666666,0.0,0.0,12.0,11.0,36.0,1.2,0.5714285714285714,0.0,0.0,8.0,12.0,37.5,1.7,1.0,-3.0,-2.0,0.0,0.0,0.0,8,16,234.1,18.0,1716,1428,1167
18,202308010306,0,0,0,0,4,6,10,76,0,0,0,0,0,0,0,0,1,0,1,8,0,0,0,0,0,0,0,0,0,0,0,0,0,0,0,0,0.0,0.0,10.0,5.0,33.7,0.5,0.5454545454545454,0.0,0.0,30.0,3.0,35.1,0.1,0.3,0.0,0.0,10.0,1.0,33.9,0.0,0.42857142857142855,-2.0,2.0,-200.0,0.125,0.25,2,2,1.5,1.0,1064,1558,1556
19,202308010306,0,1,0,7,0,0,0,2,0,0,0,0,0,0,0,2,0,0,0,0,0,0,0,0,0,0,0,0,0,0,0,0,0,0,0,0,0.0,0.0,10.0,1.0,37.2,0.0,0.08333333333333333,0.0,0.0,10.0,4.0,38.5,0.6,0.0625,0.0,0.0,50.0,2.0,37.8,0.0,0.0625,0.5,-8.0,200.0,0.16666666666666666,0.3333333333333333,5,5,5.6,3.0,1463,599,1167
20,202308010306,0,0,0,0,0,0,0,4,0,0,0,0,0,0,0,0,0,0,0,1,0,0,0,0,0,0,0,0,0,0,0,0,0,0,0,0,0.0,0.0,5.0,8.0,34.3,0.6,0.6428571428571429,0.0,0.0,6.0,3.0,34.3,0.6,0.15384615384615385,0.0,0.0,6.0,6.0,33.8,0.4,0.3125,-1.0,4.0,0.0,0.0,0.21739130434782608,7,7,4.4,2.0,1534,357,1235
21,202308010306,15,16,14,129,3,3,3,48,0,0,0,1,5,8,6,37,1,1,1,12,0,0,0,1,0,0,0,4,0,0,1,1,0,0,0,0,0.0,0.0,80.0,2.0,34.3,0.0,0.1,0.0,0.0,130.0,14.0,39.5,3.0,0.625,0.0,0.0,30.0,1.0,37.8,0.0,0.125,-0.5,-2.0,0.0,0.0967741935483871,0.0967741935483871,6,6,7.8,4.0,1393,1366,1263
22,202308010306,0,0,0,0,1,1,0,4,0,0,0,0,0,0,0,0,0,1,0,0,0,0,0,0,0,0,0,0,0,0,0,0,0,0,0,0,0.0,0.0,40.0,4.0,40.1,0.3,0.25,0.0,0.0,120.0,13.0,39.8,2.5,0.06666666666666667,0.0,0.0,130.0,4.0,33.0,0.5,0.9375,0.0,-1.0,-100.0,,,8,9,49.5,6.0,445,1332,760
23,202308010306,15,16,14,129,1,0,0,3,0,0,0,0,5,8,6,37,0,0,0,0,0,0,0,0,0,0,0,4,0,0,0,0,0,0,0,0,0.0,0.0,40.0,6.0,34.5,0.3,0.2,0.0,0.0,50.0,9.0,36.0,1.0,0.6666666666666666,0.0,0.0,30.0,1.0,35.0,0.0,0.05555555555555555,-2.5,-10.0,0.0,0.0,0.0,8,8,24.3,5.0,1393,796,1263
24,202308010306,5,9,9,60,17,10,16,124,3,0,0,3,0,0,0,12,0,0,1,20,0,0,0,0,0,0,0,3,0,0,0,3,0,0,0,0,0.0,0.0,3.0,11.0,41.8,4.0,0.9166666666666666,0.0,0.0,14.0,13.0,35.9,1.4,0.21428571428571427,0.0,0.0,14.0,11.0,35.3,0.8,0.35714285714285715,0.0,2.0,-300.0,1.0,1.0,1,1,182.8,7.0,1098,1167,1294
25,202308010306,0,1,0,0,2,1,2,9,0,0,0,0,0,1,0,0,1,0,1,4,0,0,0,0,0,0,0,0,0,0,0,1,0,0,0,0,0.0,0.0,1.0,1.0,38.6,0.0,0.4444444444444444,0.0,0.0,8.0,5.0,34.5,1.1,0.625,0.0,0.0,8.0,8.0,34.5,1.3,1.0,3.5,26.0,0.0,0.5,0.5,4,4,324.8,8.0,1426,1438,306
26,202308010306,0,0,0,1,0,0,0,4,0,0,0,0,0,0,0,0,0,0,0,0,0,0,0,0,0,0,0,0,0,0,0,0,0,0,0,0,0.0,0.0,16.0,15.0,37.7,1.9,1.0,0.0,0.0,11.0,11.0,38.2,1.7,0.18181818181818182,0.0,0.0,16.0,9.0,36.3,0.8,0.625,-3.0,-6.0,250.0,0.058823529411764705,0.11764705882352941,3,3,450.2,9.0,1401,1160,517
27,202308010403,6,3,6,20,1,0,0,5,1,0,0,2,3,0,2,6,0,0,0,1,0,0,0,1,0,0,0,0,0,0,0,0,0,0,0,0,0.0,0.0,30.0,3.0,37.0,0.6,0.2,0.0,0.0,10.0,5.0,34.6,0.5,0.18181818181818182,0.0,0.0,10.0,2.0,34.6,0.3,0.38461538461538464,-0.5,-4.0,-400.0,1.0,1.0,7,15,4.0,2.0,1716,1503,1167
28,202308010403,3,5,5,17,4,5,3,23,1,2,1,5,0,1,0,2,1,0,1,3,0,0,0,0,0,0,0,0,0,0,0,0,0,0,0,0,0.0,0.0,15.0,15.0,34.0,1.3,0.9444444444444444,0.0,0.0,15.0,17.0,37.3,2.5,0.3888888888888889,0.0,0.0,6.0,15.0,34.4,1.2,0.8235294117647058,0.0,-8.0,200.0,0.14285714285714285,0.42857142857142855,1,1,74.5,11.0,1098,1428,1294
29,202308010403,3,5,5,17,0,0,0,0,0,0,0,0,0,1,0,2,0,0,0,0,0,0,0,0,0,0,0,0,0,0,0,0,0,0,0,0,0.0,0.0,2.0,11.0,42.5,4.6,0.36363636363636365,0.0,0.0,8.0,11.0,37.5,0.8,0.375,0.0,0.0,5.0,15.0,38.9,2.8,0.0625,2.0,8.0,200.0,0.2,0.4666666666666667,8,18,15.7,5.0,1098,1561,1294
30,202308010403,0,0,0,0,3,3,1,16,0,0,0,0,0,0,0,0,0,0,0,4,0,0,0,0,0,0,0,0,0,0,0,0,0,0,0,0,0.0,0.0,20.0,7.0,36.6,0.4,0.2222222222222222,0.0,0.0,40.0,2.0,35.8,0.2,0.2777777777777778,0.0,0.0,90.0,5.0,35.9,0.7,0.125,-1.0,-4.0,200.0,0.07142857142857142,0.14285714285714285,2,4,20.6,6.0,1540,1183,1036
31,202308010403,0,0,0,0,0,0,0,0,0,0,0,0,0,0,0,0,0,0,0,0,0,0,0,0,0,0,0,0,0,0,0,0,0,0,0,0,0.0,0.0,10.0,2.0,34.4,0.2,0.2777777777777778,0.0,0.0,20.0,2.0,35.2,0.4,0.2222222222222222,0.0,0.0,50.0,4.0,34.9,0.4,0.09090909090909091,1.0,-10.0,-200.0,0.15384615384615385,0.2692307692307692,3,6,1.9,1.0,1045,1322,969
32,202308010403,0,1,0,0,0,0,1,0,0,0,0,0,0,0,0,0,0,0,0,0,0,0,0,0,0,0,0,0,0,0,0,0,0,0,0,0,0.0,0.0,3.0,8.0,40.4,1.7,0.5,0.0,0.0,6.0,7.0,35.0,0.9,0.42857142857142855,0.0,0.0,3.0,6.0,34.9,0.4,0.1111111111111111,-1.0,29.0,0.0,,,6,12,35.7,7.0,1310,1170,1618
33,202308010403,2,2,0,27,3,6,1,18,0,0,0,1,0,0,0,3,0,1,0,3,0,0,0,0,0,0,0,0,0,0,0,0,0,0,0,0,0.0,0.0,3.0,4.0,38.9,0.4,0.16666666666666666,0.0,0.0,9.0,11.0,41.0,3.2,0.35714285714285715,0.0,0.0,9.0,8.0,36.3,0.7,0.4375,2.0,7.0,-100.0,0.05405405405405406,0.2702702702702703,6,11,44.4,8.0,1506,1167,199
34,202308010403,0,0,0,0,1,0,3,7,0,0,0,0,0,0,0,0,1,0,1,2,0,0,0,0,0,0,0,0,0,0,0,0,0,0,0,0,0.0,0.0,8.0,11.0,38.3,3.3,0.4166666666666667,0.0,0.0,12.0,9.0,36.8,0.9,0.3125,0.0,0.0,2.0,16.0,37.4,1.9,0.3125,2.5,0.0,400.0,0.16129032258064516,0.25806451612903225,3,5,7.7,4.0,1246,1618,533
35,202308010403,0,0,0,1,0,1,0,0,0,0,0,0,0,0,0,0,0,0,0,0,0,0,0,0,0,0,0,0,0,0,0,0,0,0,0,0,0.0,0.0,11.0,9.0,37.0,1.4,0.8333333333333334,0.0,0.0,9.0,12.0,38.3,3.5,0.5833333333333334,0.0,0.0,2.0,15.0,37.9,2.9,0.125,3.0,-5.0,600.0,0.1282051282051282,0.3076923076923077,5,10,7.1,3.0,1399,760,1428
36,202308010403,0,0,0,1,0,0,0,0,0,0,0,0,0,0,0,0,0,0,0,0,0,0,0,0,0,0,0,0,0,0,0,0,0,0,0,0,0.0,0.0,80.0,11.0,39.2,4.2,0.6666666666666666,0.0,0.0,160.0,8.0,35.4,1.3,0.7777777777777778,0.0,0.0,140.0,16.0,40.7,4.7,0.6875,2.5,6.0,200.0,0.0,0.14634146341463414,5,9,720.5,17.0,1148,470,1393
37,202308010403,0,0,0,0,0,0,0,0,0,0,0,0,0,0,0,0,0,0,0,0,0,0,0,0,0,0,0,0,0,0,0,0,0,0,0,0,0.0,0.0,50.0,6.0,39.1,1.9,0.4,0.0,0.0,40.0,9.0,36.8,2.0,0.15384615384615385,0.0,0.0,50.0,2.0,34.7,1.0,0.5,-2.0,-10.0,200.0,0.06976744186046512,0.20930232558139536,7,13,62.9,10.0,1045,1691,969
38,202308010403,0,0,0,0,0,2,0,10,0,0,0,0,0,0,0,0,0,0,0,4,0,0,0,0,0,0,0,0,0,0,0,0,0,0,0,0,0.0,0.0,8.0,11.0,43.1,3.9,0.5833333333333334,0.0,0.0,10.0,7.0,36.0,0.7,0.8571428571428571,0.0,0.0,13.0,3.0,34.8,1.1,0.7857142857142857,-4.0,0.0,0.0,0.0,0.18181818181818182,8,17,674.3,16.0,1434,1376,969
39,202308010403,2,2,0,21,0,0,0,0,0,0,0,0,0,0,0,2,0,0,0,0,0,0,0,0,0,0,0,0,0,0,0,0,0,0,0,0,0.0,0.0,120.0,12.0,40.7,3.3,0.5625,0.0,0.0,,,,,,0.0,0.0,70.0,8.0,40.9,2.2,0.3333333333333333,-4.0,,-300.0,0.0,0.3333333333333333,8,16,148.5,12.0,1127,233,1328
40,202308010403,0,0,0,2,0,0,0,0,0,0,0,0,0,0,0,0,0,0,0,0,0,0,0,0,0,0,0,0,0,0,0,0,0,0,0,0,0.0,0.0,8.0,10.0,48.4,8.8,0.4,0.0,0.0,15.0,14.0,35.6,1.5,0.7222222222222222,0.0,0.0,14.0,10.0,35.9,1.6,0.7857142857142857,0.0,13.0,0.0,0.0,0.0,7,14,536.3,15.0,1586,1129,1167
41,202308010403,0,0,0,7,0,0,0,5,0,0,0,0,0,0,0,3,0,0,0,0,0,0,0,0,0,0,0,0,0,0,0,0,0,0,0,0,0.0,0.0,3.0,6.0,54.4,17.0,1.0,0.0,0.0,18.0,15.0,35.8,2.0,0.8888888888888888,0.0,0.0,16.0,16.0,36.1,2.0,0.875,5.0,7.0,-300.0,0.0,0.0,4,8,730.5,18.0,1611,1014,1263
42,202308010403,2,2,0,27,4,5,3,23,0,0,0,2,0,0,0,3,1,0,1,3,0,0,0,0,0,0,0,0,0,0,0,0,0,0,0,0,0.0,0.0,50.0,60.0,41.4,1.4,0.4,0.0,0.0,180.0,160.0,36.0,1.2,0.7222222222222222,0.0,0.0,170.0,130.0,35.7,1.8,0.7222222222222222,35.0,17.0,-100.0,0.11428571428571428,0.14285714285714285,1,2,204.5,13.0,1506,1428,199
43,202308010403,3,2,5,24,0,0,0,3,0,0,0,0,2,0,1,11,0,0,0,0,0,0,0,0,0,0,0,1,0,0,0,0,0,0,0,0,0.0,0.0,5.0,9.0,42.4,3.0,0.3,0.0,0.0,13.0,14.0,40.0,3.3,1.0,0.0,0.0,14.0,17.0,37.9,2.7,0.1111111111111111,4.0,-3.0,0.0,0.2,0.6,4,7,328.5,14.0,1393,764,1263
44,202308010403,6,3,6,20,1,0,0,5,1,0,0,2,3,0,2,6,0,0,0,1,0,0,0,1,0,0,0,0,0,0,0,0,0,0,0,0,0.0,0.0,9.0,18.0,44.0,14.6,1.0,0.0,0.0,1.0,9.0,38.2,4.1,0.3333333333333333,,,,,,,,-9.0,4.0,0.0,0.0,0.24,2,3,52.2,9.0,1716,1503,1167
45,202308010409,1,0,2,2,0,0,1,3,0,0,0,0,1,0,0,0,0,0,0,1,0,0,0,0,0,0,0,0,0,0,0,0,0,0,0,0,0.0,0.0,13.0,15.0,37.7,1.8,0.6875,0.0,0.0,6.0,12.0,36.1,1.5,0.5833333333333334,0.0,0.0,9.0,13.0,35.1,1.7,0.42857142857142855,-1.0,6.0,0.0,,,3,3,5.2,3.0,1463,371,1167
46,202308010409,3,2,5,24,0,0,0,0,0,0,0,0,2,0,1,11,0,0,0,0,0,0,0,0,0,0,0,2,0,0,0,0,0,0,0,0,0.0,0.0,40.0,5.0,33.8,0.9,0.45454545454545453,0.0,0.0,60.0,4.0,33.7,0.3,0.4166666666666667,0.0,0.0,50.0,14.0,37.8,2.2,0.625,4.5,10.0,0.0,0.21428571428571427,0.42857142857142855,4,4,5.1,2.0,1393,765,1263
47,202308010409,0,0,0,0,0,0,0,0,0,0,0,0,0,0,0,0,0,0,0,0,0,0,0,0,0,0,0,0,0,0,0,0,0,0,0,0,0.0,0.0,30.0,7.0,35.8,0.6,0.1,0.0,0.0,80.0,4.0,36.2,0.3,0.09090909090909091,0.0,0.0,40.0,12.0,38.0,1.9,0.6,2.5,-4.0,-200.0,0.0,0.0,7,10,11.6,5.0,1270,548,969
48,202308010409,5,3,5,26,0,0,0,0,0,0,0,0,1,0,2,4,0,0,0,0,0,0,0,0,0,0,0,0,0,0,0,0,0,0,0,0,0.0,0.0,15.0,16.0,36.3,1.6,0.16666666666666666,0.0,0.0,11.0,8.0,34.1,0.6,1.0,0.0,0.0,16.0,8.0,34.3,0.4,0.8823529411764706,-4.0,-2.0,200.0,0.0,0.09090909090909091,6,7,30.2,6.0,1152,1686,1428
49,202308010409,0,0,1,2,1,2,2,21,0,0,1,0,0,0,0,1,0,0,0,1,0,0,0,0,0,0,0,0,0,0,0,0,0,0,0,0,0.0,0.0,15.0,11.0,35.1,0.8,0.4,0.0,0.0,14.0,10.0,35.8,1.1,0.4666666666666667,0.0,0.0,17.0,11.0,34.4,0.6,0.29411764705882354,0.0,2.0,0.0,0.0,0.15,2,2,67.9,8.0,1712,1013,1292
50,202308010409,0,0,0,2,1,1,0,3,0,0,0,0,0,0,0,0,0,1,0,0,0,0,0,0,0,0,0,0,0,0,0,0,0,0,0,0,0.0,0.0,15.0,11.0,35.5,1.3,0.7333333333333333,0.0,0.0,17.0,11.0,34.0,1.1,1.0,0.0,0.0,13.0,6.0,34.5,0.6,0.6153846153846154,-2.5,-4.0,0.0,0.09375,0.09375,5,5,146.6,11.0,1714,1036,1167
51,202308010409,0,0,0,1,0,1,0,12,0,0,0,1,0,0,0,0,0,0,0,4,0,0,0,0,0,0,0,0,0,0,0,0,0,0,0,0,0.0,0.0,70.0,3.0,35.1,1.0,0.5555555555555556,0.0,0.0,150.0,11.0,34.0,0.8,0.625,0.0,0.0,120.0,14.0,36.6,2.0,0.9375,5.5,0.0,0.0,0.0,0.25,8,12,43.5,7.0,1180,1559,1167
52,202308010409,0,0,0,0,3,6,1,18,0,0,0,0,0,0,0,0,0,1,0,3,0,0,0,0,0,0,0,0,0,0,0,1,0,0,0,0,0.0,0.0,10.0,2.0,33.7,0.0,0.4,0.0,0.0,50.0,3.0,33.6,0.1,0.75,0.0,0.0,20.0,1.0,36.0,0.0,0.35714285714285715,-0.5,-2.0,200.0,0.16,0.28,5,6,1.7,1.0,1289,1167,1428
53,202308010409,0,0,1,2,0,0,0,0,0,0,0,0,0,0,1,0,0,0,0,0,0,0,0,0,0,0,0,0,0,0,0,0,0,0,0,0,0.0,0.0,9.0,9.0,35.0,1.1,0.25,0.0,0.0,8.0,7.0,33.4,0.7,1.0,0.0,0.0,13.0,9.0,33.7,0.6,0.875,0.0,-2.0,0.0,0.11764705882352941,0.14705882352941177,1,1,92.0,9.0,1672,1172,1167
54,202308010409,0,0,0,2,0,0,4,25,0,0,0,2,0,0,0,1,0,0,0,8,0,0,0,1,0,0,0,0,0,0,0,1,0,0,0,0,0.0,0.0,13.0,3.0,38.8,0.9,0.6875,0.0,0.0,10.0,10.0,34.4,1.1,0.75,0.0,0.0,6.0,6.0,34.8,1.0,0.8888888888888888,1.5,7.0,0.0,0.0,0.15789473684210525,6,8,103.8,10.0,1397,1558,1428
55,202308010409,1,0,0,0,0,0,1,1,0,0,0,0,0,0,0,0,0,0,0,0,0,0,0,0,0,0,0,0,0,0,0,0,0,0,0,0,0.0,0.0,60.0,14.0,33.7,1.3,1.0,0.0,0.0,40.0,5.0,33.1,0.6,0.9375,0.0,0.0,40.0,6.0,32.8,0.6,0.8888888888888888,-4.0,-10.0,200.0,0.07142857142857142,0.21428571428571427,8,11,9.8,4.0,1601,1620,239
56,202308010409,0,0,0,9,1,0,0,1,0,0,0,1,0,0,0,2,0,0,0,1,0,0,0,1,0,0,0,0,0,0,0,0,0,0,0,0,0.0,0.0,7.0,8.0,39.0,1.0,1.0,0.0,0.0,11.0,12.0,35.7,1.7,0.3333333333333333,0.0,0.0,12.0,12.0,34.6,1.9,1.0,2.0,-7.0,0.0,0.0,0.0,7,9,166.8,12.0,1642,1128,1124
57,202308010504,0,3,0,3,4,6,11,50,0,0,0,0,0,1,0,0,0,0,1,7,0,0,0,0,0,1,0,0,0,0,0,0,0,0,0,0,0.0,0.0,10.0,2.0,35.0,0.1,0.11764705882352941,0.0,0.0,10.0,2.0,34.6,0.4,0.7333333333333333,0.0,0.0,90.0,2.0,33.5,0.1,0.25,0.0,4.0,-200.0,0.125,0.5,3,6,2.7,1.0,1677,848,1167
58,202308010504,0,0,0,0,0,0,0,1,0,0,0,0,0,0,0,0,0,0,0,0,0,0,0,0,0,0,0,0,0,0,0,0,0,0,0,0,0.0,0.0,20.0,3.0,35.5,0.0,0.1111111111111111,0.0,0.0,20.0,9.0,34.4,0.8,1.0,0.0,0.0,10.0,4.0,38.2,2.0,0.1875,0.5,-2.0,200.0,0.2,0.4,1,1,5.3,3.0,1534,12,1235
59,202308010504,2,5,5,86,4,6,10,76,0,0,2,1,1,0,0,3,1,0,1,8,0,0,0,0,0,0,0,1,1,0,0,4,0,0,0,0,0.0,0.0,12.0,17.0,36.5,1.6,0.05555555555555555,0.0,0.0,7.0,11.0,36.6,1.8,0.42857142857142855,0.0,0.0,6.0,5.0,35.1,0.5,0.46153846153846156,-6.0,-12.0,-200.0,0.0,0.23076923076923078,2,4,15.3,6.0,1561,1558,1263
60,202308010504,0,0,0,0,0,0,2,6,0,0,0,0,0,0,0,0,0,0,0,2,0,0,0,0,0,0,0,0,0,0,0,0,0,0,0,0,0.0,0.0,6.0,7.0,40.3,2.0,0.5,0.0,0.0,2.0,18.0,38.1,2.4,0.05555555555555555,0.0,0.0,5.0,4.0,34.9,0.3,0.16666666666666666,-1.5,2.0,0.0,0.0,0.0,8,16,39.7,8.0,1248,361,1428
61,202308010504,0,0,0,0,6,5,5,49,0,0,0,0,0,0,0,0,1,1,2,8,0,0,0,0,0,0,0,0,1,1,1,4,0,0,0,0,0.0,0.0,3.0,5.0,38.8,1.5,0.7272727272727273,0.0,0.0,5.0,13.0,36.5,1.6,0.9375,0.0,0.0,3.0,6.0,39.8,1.1,0.6875,0.5,17.0,-200.0,0.0,0.2727272727272727,2,3,7.0,4.0,1676,1306,1428
62,202308010504,5,9,9,60,8,20,17,119,0,4,1,1,0,0,0,12,2,0,1,13,0,0,0,0,0,0,0,7,0,0,1,4,0,0,0,0,0.0,0.0,4.0,11.0,44.9,4.8,0.45454545454545453,0.0,0.0,1.0,16.0,35.6,0.8,0.4375,0.0,0.0,1.0,2.0,33.8,0.0,0.9333333333333333,-4.5,9.0,100.0,0.125,0.3,7,13,8.8,5.0,1098,1013,1294
63,202308010504,0,0,0,0,8,20,17,119,0,0,0,0,0,0,0,0,2,0,1,13,0,0,0,0,0,0,0,0,0,0,1,4,0,0,0,0,0.0,0.0,50.0,5.0,37.9,1.8,0.375,0.0,0.0,50.0,5.0,37.3,1.3,0.25,0.0,0.0,140.0,9.0,34.9,0.6,0.8888888888888888,2.0,12.0,250.0,0.0,0.14285714285714285,3,5,165.4,12.0,1534,1013,1235
64,202308010504,5,9,9,60,17,10,16,124,3,0,0,3,0,0,0,12,0,0,1,20,0,0,0,0,0,0,0,7,0,0,0,6,0,0,0,0,0.0,0.0,10.0,6.0,35.3,0.5,0.4444444444444444,0.0,0.0,16.0,6.0,34.7,0.3,0.7222222222222222,0.0,0.0,14.0,15.0,36.5,2.3,0.5625,4.5,0.0,200.0,,,5,9,141.6,11.0,1098,1167,1294
65,202308010504,0,0,0,0,8,20,17,119,0,0,0,0,0,0,0,0,2,0,1,13,0,0,0,0,0,0,0,0,0,0,1,4,0,0,0,0,0.0,0.0,10.0,7.0,39.9,1.5,0.5,0.0,0.0,10.0,8.0,38.7,1.1,0.9,0.0,0.0,16.0,14.0,36.6,2.4,0.5882352941176471,3.5,6.0,0.0,0.0,0.0,6,11,324.9,15.0,1497,1013,1376
66,202308010504,1,1,0,18,6,5,5,49,0,1,0,2,0,0,0,2,1,1,2,8,0,0,0,1,0,0,0,2,1,1,1,4,0,0,0,1,0.0,0.0,50.0,8.0,34.9,0.5,0.8333333333333334,0.0,0.0,90.0,4.0,34.6,0.3,0.7777777777777778,0.0,0.0,130.0,5.0,35.2,0.3,0.6666666666666666,-1.5,-2.0,200.0,0.0,0.0,1,2,23.4,7.0,1674,1306,1428
67,202308010504,0,0,0,0,2,1,2,9,0,0,0,0,0,0,0,0,1,0,1,4,0,0,0,0,0,0,0,0,0,0,1,1,0,0,0,0,0.0,0.0,9.0,3.0,38.5,1.2,0.5833333333333334,0.0,0.0,7.0,6.0,34.9,0.6,0.4375,0.0,0.0,9.0,4.0,34.1,0.6,0.8125,0.5,3.0,-300.0,0.06818181818181818,0.20454545454545456,6,12,119.8,10.0,1064,1438,1556
68,202308010504,13,3,10,76,2,1,2,14,0,0,0,0,1,0,1,13,0,0,0,0,0,0,0,0,1,0,1,6,0,0,0,0,0,0,0,0,0.0,0.0,10.0,12.0,41.3,1.6,0.4166666666666667,0.0,0.0,5.0,8.0,36.4,0.8,0.14285714285714285,0.0,0.0,5.0,3.0,36.1,0.6,0.21428571428571427,-4.5,10.0,0.0,0.0,0.0,8,18,272.4,14.0,1304,1525,1503
69,202308010504,0,0,0,0,0,0,0,0,0,0,0,0,0,0,0,0,0,0,0,0,0,0,0,0,0,0,0,0,0,0,0,0,0,0,0,0,0.0,0.0,9.0,9.0,40.6,2.4,1.0,0.0,0.0,12.0,9.0,36.0,1.8,0.7857142857142857,0.0,0.0,18.0,16.0,34.2,1.5,1.0,3.5,-5.0,0.0,0.05555555555555555,0.1111111111111111,7,15,252.4,13.0,1534,872,1235
70,202308010504,0,0,0,0,16,15,14,100,0,0,0,0,0,0,0,0,1,2,1,19,0,0,0,0,0,0,0,0,0,1,0,5,0,0,0,0,0.0,0.0,14.0,10.0,38.3,2.5,0.14285714285714285,0.0,0.0,11.0,6.0,38.5,2.6,0.09090909090909091,0.0,0.0,16.0,14.0,35.0,1.6,0.9444444444444444,2.0,-8.0,-600.0,0.0,0.25,4,8,416.9,16.0,1381,1428,548
71,202308010504,0,0,0,0,0,0,0,0,0,0,0,0,0,0,0,0,0,0,0,0,0,0,0,0,0,0,0,0,0,0,0,0,0,0,0,0,0.0,0.0,6.0,6.0,39.5,0.9,0.45454545454545453,0.0,0.0,18.0,14.0,36.2,1.7,0.6111111111111112,0.0,0.0,17.0,15.0,35.3,2.6,0.7222222222222222,4.5,53.0,0.0,0.0,0.0,8,17,823.2,18.0,1243,1728,1428
72,202308010504,22,28,14,167,1,0,3,7,0,0,0,0,7,4,5,34,0,0,1,1,0,0,0,0,0,2,4,12,0,0,0,0,0,0,0,0,,,,,,,,,,,,,,,,,,,,,,,,,0.2727272727272727,0.5,5,10,3.8,2.0,1716,152,1167
73,202308010504,0,1,0,7,0,0,0,1,0,0,0,0,0,0,0,2,0,0,0,0,0,0,0,0,0,0,0,0,0,0,0,0,0,0,0,0,0.0,0.0,4.0,4.0,37.6,0.6,0.3,0.0,0.0,13.0,16.0,38.6,2.2,0.375,0.0,0.0,7.0,9.0,41.6,3.3,0.1111111111111111,2.5,20.0,400.0,0.09090909090909091,0.09090909090909091,4,7,119.3,9.0,1463,901,1167
74,202308010504,5,5,5,51,17,10,16,124,0,0,0,4,1,0,2,6,0,0,1,20,0,0,0,0,0,0,0,1,0,0,0,6,0,0,0,0,0.0,0.0,4.0,3.0,39.5,0.7,0.1111111111111111,0.0,0.0,13.0,14.0,41.6,3.7,0.0625,0.0,0.0,17.0,18.0,36.8,2.9,0.5555555555555556,7.5,8.0,0.0,0.0,0.1111111111111111,7,14,709.2,17.0,1489,1167,565
75,202308010610,0,0,0,1,0,0,0,1,0,0,0,0,0,0,0,1,0,0,0,0,0,0,0,0,0,0,0,0,0,0,0,0,0,0,0,0,0.0,0.0,30.0,2.0,33.8,0.0,0.4444444444444444,0.0,0.0,10.0,1.0,37.2,0.0,0.08333333333333333,0.0,0.0,10.0,4.0,38.5,0.6,0.0625,1.0,6.0,0.0,0.0,0.2,8,8,3.7,2.0,1463,599,1167
76,202308010610,0,0,1,2,0,1,0,0,0,0,0,0,0,0,0,1,0,0,0,0,0,0,0,0,0,0,0,0,0,0,0,0,0,0,0,0,0.0,0.0,40.0,6.0,36.0,0.8,0.5,0.0,0.0,50.0,1.0,34.5,0.0,0.2222222222222222,0.0,0.0,10.0,1.0,34.5,0.0,0.1875,-2.5,2.0,0.0,0.1111111111111111,0.1388888888888889,1,1,11.0,7.0,1657,1345,1317
77,202308010610,0,0,0,2,0,0,1,0,0,0,0,0,0,0,0,0,0,0,1,0,0,0,0,0,0,0,0,0,0,0,0,0,0,0,0,0,0.0,0.0,6.0,10.0,33.4,0.8,0.25,0.0,0.0,8.0,15.0,37.5,1.1,0.0625,0.0,0.0,4.0,11.0,34.7,0.5,0.13333333333333333,0.5,-4.0,400.0,0.15625,0.25,8,9,5.0,3.0,1098,1405,1294
78,202308010610,0,0,0,0,0,0,0,0,0,0,0,0,0,0,0,0,0,0,0,0,0,0,0,0,0,0,0,0,0,0,0,0,0,0,0,0,0.0,0.0,30.0,1.0,33.9,0.0,0.7142857142857143,0.0,0.0,80.0,5.0,35.0,0.3,0.375,0.0,0.0,60.0,1.0,35.5,0.0,0.125,0.0,-2.0,-200.0,,,2,2,6.3,4.0,1289,1520,1428
79,202308010610,0,0,0,0,1,0,0,1,0,0,0,0,0,0,0,0,1,0,0,1,0,0,0,0,0,0,0,0,0,0,0,0,0,0,0,0,0.0,0.0,70.0,4.0,35.6,0.6,0.6428571428571429,0.0,0.0,20.0,4.0,35.5,0.9,0.3,0.0,0.0,20.0,3.0,33.7,0.7,0.4,-0.5,-4.0,0.0,0.08823529411764706,0.08823529411764706,5,5,3.6,1.0,1507,1618,593
80,202308010610,1,0,0,5,0,0,0,0,0,0,0,0,0,0,0,0,0,0,0,0,0,0,0,0,0,0,0,0,0,0,0,0,0,0,0,0,0.0,0.0,100.0,5.0,35.5,0.4,0.3888888888888889,0.0,0.0,150.0,13.0,37.9,1.9,0.1111111111111111,0.0,0.0,30.0,1.0,34.3,0.0,0.16666666666666666,-2.0,4.0,0.0,0.0,0.0,4,4,9.2,6.0,1152,391,1428
81,202308010610,0,0,0,6,0,1,0,0,0,0,0,0,0,0,0,3,0,0,0,0,0,0,0,0,0,0,0,1,0,0,0,0,0,0,0,0,0.0,0.0,160.0,16.0,37.6,2.4,0.25,0.0,0.0,5.0,4.0,37.6,1.4,0.6,0.0,0.0,10.0,9.0,34.1,0.5,0.8,-3.5,-4.0,200.0,,,7,7,44.8,8.0,1172,1345,1556
82,202308010610,0,1,0,1,0,0,0,0,0,0,0,0,0,1,0,0,0,0,0,0,0,0,0,0,0,0,0,0,0,0,0,0,0,0,0,0,0.0,0.0,12.0,9.0,34.5,0.6,0.8125,0.0,0.0,6.0,8.0,34.4,0.4,0.6666666666666666,0.0,0.0,11.0,2.0,34.7,0.1,0.13333333333333333,-3.5,-6.0,200.0,0.0,0.16666666666666666,6,6,75.5,9.0,1148,1391,1393
83,202308010610,0,0,0,0,0,0,0,0,0,0,0,0,0,0,0,0,0,0,0,0,0,0,0,0,0,0,0,0,0,0,0,0,0,0,0,0,0.0,0.0,60.0,12.0,35.8,1.1,0.3888888888888889,0.0,0.0,30.0,1.0,33.6,0.0,0.2,0.0,0.0,20.0,3.0,34.2,0.4,0.2222222222222222,-4.5,6.0,-200.0,0.0,0.0,3,3,8.4,5.0,381,163,380
84,202308010803,1,1,2,14,0,0,0,0,0,0,0,0,0,0,0,1,0,0,0,0,0,0,0,0,0,0,0,0,0,0,0,0,0,0,0,0,0.0,0.0,50.0,2.0,34.9,0.8,0.5882352941176471,0.0,0.0,30.0,4.0,34.7,0.5,0.2777777777777778,0.0,0.0,50.0,14.0,39.1,2.6,0.875,6.0,-2.0,-200.0,0.14814814814814814,0.25925925925925924,7,14,2.4,1.0,1304,1465,1503
85,202308010803,0,0,0,0,0,0,0,2,0,0,0,0,0,0,0,0,0,0,0,2,0,0,0,0,0,0,0,0,0,0,0,0,0,0,0,0,0.0,0.0,80.0,8.0,39.5,2.4,0.25,0.0,0.0,80.0,12.0,42.4,3.0,0.0625,0.0,0.0,50.0,5.0,39.9,0.8,0.09090909090909091,-1.5,0.0,0.0,0.0,0.13953488372093023,5,9,21.4,7.0,1045,707,969
86,202308010803,0,2,0,2,0,0,0,0,0,0,0,0,0,1,0,0,0,0,0,0,0,0,0,0,0,0,0,0,0,0,0,0,0,0,0,0,0.0,0.0,2.0,9.0,38.3,1.0,0.3333333333333333,0.0,0.0,6.0,13.0,35.6,1.3,0.4375,0.0,0.0,5.0,8.0,37.7,1.8,0.3125,-0.5,-15.0,500.0,0.0,0.0,3,6,6.4,4.0,314,464,324
87,202308010803,0,0,0,0,0,0,0,5,0,0,0,0,0,0,0,0,0,0,0,0,0,0,0,0,0,0,0,0,0,0,0,0,0,0,0,0,0.0,0.0,40.0,6.0,35.7,0.5,0.21428571428571427,0.0,0.0,120.0,6.0,34.3,0.6,0.9444444444444444,,,,,,,,0.0,-4.0,-200.0,0.06666666666666667,0.2,7,15,5.2,3.0,1699,1014,1313
88,202308010803,1,0,0,0,0,1,0,1,0,0,0,0,0,0,0,0,0,0,0,0,0,0,0,0,0,0,0,0,0,0,0,0,0,0,0,0,0.0,0.0,4.0,10.0,44.4,4.9,1.0,0.0,0.0,13.0,15.0,36.4,2.1,0.3333333333333333,0.0,0.0,17.0,5.0,36.0,0.5,0.1111111111111111,-2.5,16.0,0.0,0.0,0.1,8,18,425.0,17.0,1601,118,239
89,202308010803,0,2,1,1,0,2,0,11,0,0,0,0,0,1,0,1,0,1,0,2,0,0,0,0,0,0,0,0,0,0,0,0,0,0,0,0,0.0,0.0,7.0,8.0,39.2,2.8,0.8333333333333334,0.0,0.0,5.0,8.0,35.4,0.6,0.4444444444444444,0.0,0.0,5.0,10.0,35.3,0.9,0.8333333333333334,1.0,24.0,200.0,0.2222222222222222,0.5555555555555556,6,12,4.7,2.0,1629,848,1428
90,202308010803,1,0,2,2,0,0,0,2,0,0,0,0,1,0,0,0,0,0,0,1,0,0,0,0,0,0,0,0,0,0,0,0,0,0,0,0,0.0,0.0,9.0,9.0,44.1,4.4,0.8,0.0,0.0,9.0,14.0,34.5,1.4,0.3888888888888889,0.0,0.0,14.0,7.0,35.1,0.6,0.8888888888888888,-1.0,-24.0,0.0,0.0,0.25925925925925924,8,16,115.7,14.0,1463,1110,1167
91,202308010803,6,3,6,20,0,0,1,5,0,0,0,0,3,0,2,6,0,0,1,1,0,0,0,0,0,0,0,0,0,0,0,0,0,0,0,0,0.0,0.0,20.0,7.0,44.2,2.1,0.08333333333333333,0.0,0.0,140.0,8.0,36.1,0.5,0.0625,0.0,0.0,130.0,13.0,36.2,1.0,0.5625,3.0,23.0,0.0,0.0,0.17647058823529413,8,17,182.5,16.0,1716,1551,1167
92,202308010803,0,0,0,2,1,0,0,5,0,0,0,0,0,0,0,0,0,0,0,1,0,0,0,0,0,0,0,0,0,0,0,0,0,0,0,0,0.0,0.0,12.0,14.0,34.9,0.9,0.5555555555555556,0.0,0.0,4.0,8.0,38.5,1.5,0.2727272727272727,0.0,0.0,4.0,6.0,34.8,0.6,0.25,-4.0,16.0,0.0,0.0,0.15,3,5,20.4,6.0,1291,1503,1589
93,202308010803,0,0,0,0,4,5,3,23,0,0,0,0,0,0,0,0,1,0,1,3,0,0,0,0,0,0,0,0,0,0,0,0,0,0,0,0,0.0,0.0,3.0,11.0,35.5,0.3,0.3888888888888889,0.0,0.0,5.0,3.0,34.1,0.0,0.5,0.0,0.0,4.0,5.0,34.4,0.4,0.3888888888888889,-3.0,4.0,200.0,0.0,0.0,2,4,139.7,15.0,1534,1428,1235
94,202308010803,1,2,0,5,2,0,2,8,0,0,0,0,0,1,0,1,2,0,1,2,0,0,0,0,0,1,0,0,0,0,1,0,0,0,0,0,0.0,0.0,4.0,3.0,41.3,1.1,0.6,0.0,0.0,9.0,7.0,35.2,0.7,0.16666666666666666,0.0,0.0,13.0,11.0,35.8,0.9,0.4444444444444444,4.0,12.0,0.0,0.0,0.13333333333333333,5,10,89.1,13.0,1222,1235,1328
95,202308010803,3,2,5,24,0,0,0,0,0,0,0,0,2,0,1,11,0,0,0,0,0,0,0,0,0,0,0,1,0,0,0,0,0,0,0,0,0.0,0.0,6.0,4.0,13.2,2.2,0.5714285714285714,0.0,0.0,3.0,9.0,13.9,6.8,1.0,0.0,0.0,3.0,5.0,13.7,2.0,0.75,0.5,-4.0,-1350.0,0.0,0.0,4,7,30.9,8.0,1393,948,1263
96,202308010803,0,0,0,1,0,1,0,2,0,0,0,0,0,0,0,0,0,1,0,0,0,0,0,0,0,0,0,0,0,0,0,0,0,0,0,0,0.0,0.0,3.0,7.0,37.6,1.0,0.7,0.0,0.0,9.0,8.0,36.8,0.5,0.07142857142857142,0.0,0.0,11.0,13.0,35.8,1.0,0.6666666666666666,3.0,3.0,600.0,0.10810810810810811,0.16216216216216217,4,8,79.1,11.0,32,334,664
97,202308010803,1,0,0,3,2,0,1,8,0,0,0,0,0,0,0,0,0,0,0,0,0,0,0,0,0,0,0,0,0,0,0,0,0,0,0,0,,,,,,,,,,,,,,,,,,,,,,,,,0.0,0.0,2,3,51.3,9.0,1657,1482,1317
98,202308010803,3,2,5,24,3,3,1,16,0,0,0,0,2,0,1,11,0,0,0,4,0,0,0,0,0,0,0,1,0,0,0,0,0,0,0,0,0.0,0.0,10.0,10.0,37.2,1.8,0.1,0.0,0.0,5.0,15.0,35.8,1.4,0.8888888888888888,0.0,0.0,9.0,8.0,34.4,1.0,0.8333333333333334,-1.0,8.0,-200.0,0.2,0.4,7,13,18.2,5.0,1393,1183,1263
99,202308010803,0,0,1,1,4,5,3,23,0,0,0,0,0,0,0,0,1,0,1,3,0,0,0,0,0,0,0,0,0,0,0,0,0,0,0,0,0.0,0.0,11.0,8.0,35.0,2.2,0.47058823529411764,0.0,0.0,10.0,16.0,35.7,1.7,1.0,0.0,0.0,8.0,5.0,34.2,0.7,0.6,-1.5,2.0,-600.0,0.0,0.15384615384615385,1,1,66.5,10.0,1677,1428,1167
100,202308010803,0,0,0,0,0,0,0,0,0,0,0,0,0,0,0,0,0,0,0,0,0,0,0,0,0,0,0,0,0,0,0,0,0,0,0,0,0.0,0.0,14.0,17.0,36.7,3.0,0.5,0.0,0.0,12.0,17.0,36.5,1.7,0.7222222222222222,0.0,0.0,4.0,8.0,39.7,1.8,0.3125,-4.5,14.0,200.0,0.05263157894736842,0.2631578947368421,1,2,80.2,12.0,1600,1712,680
101,202308010803,0,2,4,14,0,0,0,3,0,0,0,0,0,1,0,0,0,0,0,0,0,0,0,0,0,0,0,0,0,0,0,0,0,0,0,0,0.0,0.0,3.0,3.0,42.0,1.4,0.2,0.0,0.0,18.0,18.0,37.0,2.1,0.4444444444444444,0.0,0.0,14.0,12.0,36.7,2.2,0.7142857142857143,4.5,12.0,-200.0,0.0,0.0,6,11,611.0,18.0,1489,1713,565
102,202308011008,14,10,10,76,1,1,0,14,0,0,0,2,3,1,4,16,0,0,0,1,0,0,0,0,1,1,1,2,0,0,0,0,0,0,0,0,0.0,0.0,12.0,10.0,36.0,1.5,0.15384615384615385,0.0,0.0,17.0,14.0,34.5,1.4,0.16666666666666666,0.0,0.0,7.0,10.0,34.3,1.1,0.07692307692307693,0.0,6.0,-200.0,0.2,0.5,4,7,4.0,1.0,1152,1079,1428
103,202308011008,14,10,10,76,1,0,0,10,0,0,0,0,3,1,4,16,0,0,0,1,0,0,0,0,1,1,1,2,0,0,0,0,0,0,0,0,0.0,0.0,90.0,9.0,35.3,1.0,0.2222222222222222,0.0,0.0,90.0,4.0,35.1,0.2,0.5,0.0,0.0,70.0,13.0,36.2,1.3,0.125,2.0,0.0,0.0,0.0,0.08333333333333333,1,2,14.1,7.0,1152,1110,1428
104,202308011008,19,16,15,168,2,0,0,1,0,0,0,0,1,2,0,12,0,0,0,0,0,0,0,0,0,1,0,0,0,0,0,0,0,0,0,0,0.0,0.0,30.0,8.0,36.3,2.3,0.6,0.0,0.0,30.0,7.0,35.6,1.0,0.5,0.0,0.0,30.0,9.0,36.6,0.9,0.125,0.5,14.0,-600.0,0.0,0.1111111111111111,6,12,4.1,2.0,1503,268,1263
105,202308011008,22,28,14,167,16,15,14,100,3,3,2,18,7,4,5,34,1,2,1,19,1,1,0,7,1,1,0,3,0,1,0,4,0,1,0,1,0.0,0.0,90.0,10.0,34.7,1.1,0.9166666666666666,0.0,0.0,90.0,13.0,37.4,1.5,0.6875,0.0,0.0,90.0,14.0,38.0,1.5,0.1875,2.0,2.0,-200.0,,,8,18,77.9,14.0,1716,1428,1167
106,202308011008,0,1,3,14,1,0,3,7,0,0,0,0,0,0,0,1,0,0,1,1,0,0,0,0,0,0,0,1,0,0,0,1,0,0,0,0,0.0,0.0,30.0,6.0,38.3,1.7,1.0,0.0,0.0,40.0,8.0,37.1,0.7,1.0,0.0,0.0,40.0,3.0,35.8,0.1,0.9285714285714286,-1.5,0.0,-300.0,0.1388888888888889,0.3611111111111111,5,10,8.0,4.0,314,152,324
107,202308011008,0,0,0,7,0,3,1,21,0,0,0,0,0,0,0,1,0,1,1,4,0,0,0,0,0,0,0,0,0,0,0,1,0,0,0,0,0.0,0.0,7.0,6.0,36.9,0.8,0.5833333333333334,0.0,0.0,8.0,3.0,37.2,0.3,0.7777777777777778,0.0,0.0,10.0,10.0,38.3,2.5,0.36363636363636365,2.0,0.0,0.0,0.16666666666666666,0.5,7,15,16.7,8.0,1094,1393,334
108,202308011008,2,5,5,86,1,1,0,11,0,0,0,1,1,0,0,3,0,1,0,2,0,0,0,0,0,0,0,0,0,0,0,0,0,0,0,0,0.0,0.0,140.0,6.0,35.2,1.0,0.5625,0.0,0.0,150.0,5.0,36.2,1.0,0.8333333333333334,0.0,0.0,160.0,11.0,34.9,1.1,0.75,2.5,-2.0,200.0,0.0,0.16666666666666666,6,11,49.4,12.0,1561,1124,1263
109,202308011008,15,16,14,129,3,1,1,11,0,0,0,0,5,8,6,37,0,0,1,2,0,0,0,0,0,0,0,4,0,0,1,1,0,0,0,0,0.0,0.0,9.0,7.0,40.7,1.8,0.5833333333333334,0.0,0.0,12.0,10.0,35.2,0.9,0.6923076923076923,0.0,0.0,12.0,12.0,37.3,1.5,0.46153846153846156,2.5,12.0,0.0,0.12195121951219512,0.2926829268292683,8,16,6.0,3.0,1393,1313,1263
110,202308011008,2,2,1,17,0,0,0,1,0,0,0,0,0,0,1,4,0,0,0,0,0,0,0,0,0,0,0,1,0,0,0,0,0,0,0,0,0.0,0.0,60.0,3.0,39.4,1.6,0.75,0.0,0.0,180.0,12.0,35.8,0.8,0.2222222222222222,0.0,0.0,160.0,10.0,35.2,1.1,0.8888888888888888,3.5,1.0,-100.0,0.10526315789473684,0.15789473684210525,1,1,42.9,11.0,1611,54,1263
111,202308011008,19,16,15,168,1,1,4,23,1,0,0,0,1,2,0,12,0,0,2,9,0,0,0,0,0,1,0,0,0,0,0,2,0,0,0,0,0.0,0.0,1.0,2.0,38.2,0.3,0.6363636363636364,0.0,0.0,14.0,13.0,38.8,2.4,0.5625,0.0,0.0,14.0,11.0,37.5,1.8,0.8666666666666667,4.5,25.0,-100.0,0.11764705882352941,0.29411764705882354,5,9,87.9,16.0,1503,334,1263
112,202308011008,0,0,0,2,8,20,17,119,0,0,0,0,0,0,0,0,2,0,1,13,0,0,0,0,0,0,0,0,0,0,0,1,0,0,0,0,0.0,0.0,10.0,8.0,41.6,2.6,0.4166666666666667,0.0,0.0,12.0,10.0,37.5,2.1,0.5625,0.0,0.0,12.0,11.0,36.8,1.3,0.6666666666666666,1.5,21.0,170.0,0.06521739130434782,0.1956521739130435,3,5,39.4,9.0,1270,1013,969
113,202308011008,67,47,60,241,1,0,0,0,1,0,0,0,6,6,7,27,0,0,0,0,0,0,0,0,2,1,0,4,0,0,0,0,0,0,0,0,0.0,0.0,8.0,3.0,40.3,2.1,0.5555555555555556,0.0,0.0,10.0,14.0,44.3,6.9,0.14285714285714285,0.0,0.0,5.0,12.0,34.9,0.9,0.2222222222222222,4.5,10.0,0.0,0.0,0.1590909090909091,8,17,11.1,5.0,1428,693,1263
114,202308011008,14,10,10,76,0,1,0,7,0,0,0,1,3,1,4,16,0,0,0,0,0,0,0,0,1,1,1,2,0,0,0,0,0,0,0,0,0.0,0.0,100.0,11.0,34.8,1.6,0.9375,0.0,0.0,80.0,8.0,34.5,0.4,0.6470588235294118,0.0,0.0,70.0,11.0,36.0,0.9,0.25,0.0,6.0,200.0,0.0,0.0,4,8,58.2,13.0,1152,178,1428
115,202308011008,5,3,2,88,18,11,16,127,1,0,1,12,1,0,0,10,3,0,1,18,0,0,0,3,0,0,0,1,0,0,0,1,0,0,0,0,0.0,0.0,90.0,11.0,41.8,3.7,0.2727272727272727,0.0,0.0,50.0,7.0,38.1,1.2,0.5454545454545454,0.0,0.0,60.0,12.0,36.8,2.3,0.35714285714285715,0.5,2.0,-400.0,0.0,0.25,3,6,11.6,6.0,1090,1263,1169
116,202308011008,0,0,0,3,3,2,3,42,0,0,0,0,0,0,0,0,1,0,0,5,0,0,0,0,0,0,0,0,0,0,0,0,0,0,0,0,0.0,0.0,1.0,6.0,41.4,1.2,0.2727272727272727,0.0,0.0,18.0,16.0,34.9,1.8,0.8888888888888888,0.0,0.0,16.0,17.0,35.9,1.6,0.8823529411764706,5.5,17.0,100.0,0.041666666666666664,0.3333333333333333,2,4,39.7,10.0,1509,1376,1110
117,202308011008,0,1,0,7,2,1,1,24,0,0,0,0,0,0,0,2,0,0,0,7,0,0,0,0,0,0,0,0,0,0,0,1,0,0,0,0,0.0,0.0,5.0,9.0,41.3,2.9,0.25,0.0,0.0,18.0,16.0,34.4,1.5,0.8333333333333334,0.0,0.0,13.0,12.0,37.3,1.8,0.07692307692307693,1.5,35.0,-300.0,0.08571428571428572,0.08571428571428572,7,14,199.8,18.0,1463,1708,1167
118,202308011008,14,10,10,76,2,2,1,17,0,0,0,0,3,1,4,16,0,0,0,1,0,0,0,0,1,1,1,2,0,0,0,0,0,0,0,0,0.0,0.0,17.0,17.0,34.9,1.5,0.5,0.0,0.0,7.0,13.0,38.7,1.1,0.5,0.0,0.0,13.0,16.0,37.7,2.0,0.0625,-0.5,-2.0,0.0,0.0,0.0,7,13,112.2,17.0,1152,565,1428
119,202308011008,0,0,0,2,0,0,0,5,0,0,0,0,0,0,0,0,0,0,0,2,0,0,0,0,0,0,0,0,0,0,0,0,0,0,0,0,0.0,0.0,50.0,12.0,38.7,3.5,0.9166666666666666,0.0,0.0,150.0,18.0,36.4,1.7,0.05555555555555555,0.0,0.0,110.0,15.0,39.3,2.8,0.3333333333333333,1.5,4.0,580.0,0.0,0.14285714285714285,2,3,79.0,15.0,1310,1199,1618
120,202308011104,5,9,9,60,16,15,14,100,1,3,2,8,0,0,0,12,1,2,1,19,0,0,0,2,0,0,0,7,0,1,0,5,0,0,0,1,0.0,0.0,15.0,15.0,34.0,1.3,0.9444444444444444,0.0,0.0,15.0,17.0,37.3,2.5,0.3888888888888889,0.0,0.0,6.0,15.0,34.4,1.2,0.8235294117647058,0.0,-8.0,200.0,0.25,0.5,1,2,14.7,6.0,1098,1428,1294
121,202308011104,0,0,0,0,3,1,1,5,0,0,0,0,0,0,0,0,2,0,1,1,0,0,0,0,0,0,0,0,0,0,1,1,0,0,0,0,0.0,0.0,70.0,2.0,35.8,0.3,0.05555555555555555,0.0,0.0,80.0,8.0,39.5,2.4,0.25,0.0,0.0,80.0,12.0,42.4,3.0,0.0625,5.0,4.0,0.0,0.0,0.2413793103448276,3,6,10.3,5.0,1045,707,969
122,202308011104,2,2,4,45,16,15,14,100,0,0,0,0,0,0,0,7,1,2,1,19,0,0,0,0,0,0,0,3,0,1,0,5,0,0,0,0,0.0,0.0,2.0,4.0,39.8,0.9,0.9166666666666666,0.0,0.0,3.0,8.0,40.5,1.7,0.42857142857142855,0.0,0.0,1.0,6.0,34.2,0.6,0.625,1.0,-8.0,0.0,0.0,0.25,3,5,3.0,1.0,1036,1428,1108
123,202308011104,0,0,0,0,0,0,0,1,0,0,0,0,0,0,0,0,0,0,0,0,0,0,0,0,0,0,0,0,0,0,0,0,0,0,0,0,0.0,0.0,30.0,2.0,35.1,0.2,0.05555555555555555,0.0,0.0,20.0,3.0,35.5,0.0,0.1111111111111111,0.0,0.0,20.0,9.0,34.4,0.8,1.0,3.5,10.0,0.0,0.16666666666666666,0.5,7,15,4.7,3.0,1534,12,1235
124,202308011104,6,5,8,63,0,0,0,0,0,0,0,0,0,2,3,17,0,0,0,0,0,0,0,0,0,0,0,3,0,0,0,0,0,0,0,0,0.0,0.0,9.0,13.0,41.6,2.0,0.35714285714285715,0.0,0.0,4.0,11.0,34.9,1.6,0.8333333333333334,0.0,0.0,12.0,5.0,33.9,0.2,0.8888888888888888,-4.0,12.0,-200.0,0.0,0.16666666666666666,7,14,98.0,12.0,1172,115,1556
125,202308011104,5,9,9,60,0,0,0,1,0,0,0,0,0,0,0,12,0,0,0,0,0,0,0,0,0,0,0,7,0,0,0,0,0,0,0,0,0.0,0.0,9.0,9.0,42.2,2.7,0.6666666666666666,0.0,0.0,8.0,9.0,39.0,1.6,0.6428571428571429,0.0,0.0,7.0,3.0,39.2,0.8,0.5,-3.0,9.0,100.0,0.038461538461538464,0.3076923076923077,2,4,29.3,10.0,1098,1561,1294
126,202308011104,0,0,0,0,3,4,2,5,0,0,0,0,0,0,0,0,0,0,0,1,0,0,0,0,0,0,0,0,0,0,0,0,0,0,0,0,0.0,0.0,7.0,9.0,35.5,0.6,0.75,0.0,0.0,2.0,6.0,36.3,0.4,0.35294117647058826,0.0,0.0,4.0,4.0,35.3,0.2,0.2222222222222222,-2.5,8.0,-400.0,0.0,0.0,2,3,25.1,9.0,759,199,1428
127,202308011104,0,0,0,0,0,0,0,0,0,0,0,0,0,0,0,0,0,0,0,0,0,0,0,0,0,0,0,0,0,0,0,0,0,0,0,0,0.0,0.0,1.0,1.0,39.3,0.0,0.3333333333333333,0.0,0.0,6.0,7.0,35.7,0.7,0.4375,0.0,0.0,6.0,14.0,43.3,4.0,0.125,6.5,1.0,0.0,0.0,0.16666666666666666,8,16,8.9,4.0,1195,1611,1428
128,202308011104,0,0,0,0,0,0,0,2,0,0,0,0,0,0,0,0,0,0,0,0,0,0,0,0,0,0,0,0,0,0,0,0,0,0,0,0,0.0,0.0,7.0,8.0,39.9,3.3,0.5,0.0,0.0,11.0,7.0,35.8,0.2,0.1111111111111111,0.0,0.0,15.0,9.0,35.2,0.6,0.1111111111111111,0.5,9.0,-200.0,0.0,0.0,4,7,265.3,15.0,1534,1506,1235
129,202308011104,0,1,3,14,3,2,3,42,0,0,0,0,0,0,0,1,1,0,0,5,0,0,0,0,0,0,0,0,0,0,0,3,0,0,0,0,0.0,0.0,40.0,6.0,34.4,0.2,0.3888888888888889,0.0,0.0,30.0,6.0,34.6,0.9,0.3333333333333333,,,,,,,,0.0,8.0,-200.0,0.20689655172413793,0.3103448275862069,4,8,4.4,2.0,314,1376,324
130,202308011104,3,2,0,9,1,0,1,8,0,0,0,0,0,0,0,1,0,0,1,2,0,0,0,0,0,0,0,0,0,0,0,0,0,0,0,0,0.0,0.0,3.0,6.0,39.5,1.7,0.7,0.0,0.0,9.0,6.0,39.0,1.4,0.6428571428571429,0.0,0.0,12.0,5.0,37.6,1.5,0.7142857142857143,-0.5,8.0,0.0,0.11904761904761904,0.2857142857142857,6,11,22.5,8.0,1455,1448,1428
131,202308011104,0,0,0,2,3,0,0,13,0,0,0,1,0,0,0,0,0,0,0,1,0,0,0,0,0,0,0,0,0,0,0,0,0,0,0,0,0.0,0.0,3.0,8.0,40.4,1.7,0.5,0.0,0.0,6.0,7.0,35.0,0.9,0.42857142857142855,0.0,0.0,3.0,6.0,34.9,0.4,0.1111111111111111,-1.0,29.0,0.0,0.13513513513513514,0.35135135135135137,8,17,19.1,7.0,1310,1170,1618
132,202308011104,5,9,9,60,16,15,14,100,1,3,2,8,0,0,0,12,1,2,1,19,0,0,0,2,0,0,0,7,0,1,0,5,0,0,0,1,0.0,0.0,7.0,7.0,42.3,2.3,0.8,0.0,0.0,16.0,12.0,36.5,1.5,1.0,0.0,0.0,11.0,13.0,35.2,1.1,0.6111111111111112,3.0,3.0,0.0,0.0,0.15217391304347827,5,9,70.0,11.0,1098,1428,1294
133,202308011104,5,9,9,60,7,5,6,54,0,0,0,0,0,0,0,12,1,0,0,2,0,0,0,0,0,0,0,7,1,0,0,0,0,0,0,0,0.0,0.0,6.0,5.0,39.3,0.7,0.8333333333333334,0.0,0.0,12.0,16.0,40.9,3.8,0.375,0.0,0.0,17.0,14.0,35.4,1.4,0.6111111111111112,4.5,17.0,100.0,0.0,0.14285714285714285,7,13,508.4,17.0,1098,1559,1294
134,202308011104,0,0,0,2,3,0,0,8,0,0,0,0,0,0,0,0,0,0,0,1,0,0,0,0,0,0,0,0,0,0,0,0,0,0,0,0,0.0,0.0,4.0,10.0,44.4,4.9,1.0,0.0,0.0,13.0,15.0,36.4,2.1,0.3333333333333333,0.0,0.0,17.0,5.0,36.0,0.5,0.1111111111111111,-2.5,16.0,0.0,0.0,0.09090909090909091,6,12,243.5,13.0,1601,118,239
135,202308011104,0,0,0,0,0,0,0,0,0,0,0,0,0,0,0,0,0,0,0,0,0,0,0,0,0,0,0,0,0,0,0,0,0,0,0,0,0.0,0.0,3.0,11.0,41.7,4.0,0.3333333333333333,0.0,0.0,16.0,16.0,36.0,2.4,0.8888888888888888,0.0,0.0,10.0,12.0,39.8,2.5,0.5625,0.5,12.0,-100.0,0.10256410256410256,0.15384615384615385,5,10,323.1,16.0,785,490,617
136,202308011104,0,0,0,0,0,0,0,4,0,0,0,0,0,0,0,0,0,0,0,0,0,0,0,0,0,0,0,0,0,0,0,0,0,0,0,0,0.0,0.0,9.0,7.0,43.7,3.2,0.5,0.0,0.0,14.0,17.0,35.8,2.5,1.0,0.0,0.0,15.0,13.0,38.2,1.8,0.875,3.0,13.0,0.0,0.08108108108108109,0.08108108108108109,1,1,244.9,14.0,1540,1205,1036
137,202308011104,0,0,0,0,3,3,3,48,0,0,0,0,0,0,0,0,1,1,1,12,0,0,0,0,0,0,0,0,0,0,0,5,0,0,0,0,0.0,0.0,17.0,18.0,39.0,4.4,0.05555555555555555,0.0,0.0,18.0,18.0,36.7,2.9,0.7222222222222222,0.0,0.0,11.0,9.0,40.7,4.0,0.8181818181818182,-4.5,-2.0,-400.0,0.0,0.0,8,18,776.5,18.0,1498,1366,1036
138,202308011112,1,0,1,15,8,5,4,94,0,0,0,0,0,0,1,2,2,1,3,16,0,0,0,0,0,0,0,0,0,0,1,2,0,0,0,0,0.0,0.0,16.0,12.0,34.7,0.9,0.5882352941176471,0.0,0.0,16.0,14.0,34.1,1.4,0.625,0.0,0.0,14.0,13.0,34.3,0.9,0.8571428571428571,0.5,0.0,0.0,0.17857142857142858,0.2857142857142857,6,10,4.2,1.0,1440,1556,1167
139,202308011112,0,0,0,0,1,0,0,3,0,0,0,0,0,0,0,0,0,0,0,0,0,0,0,0,0,0,0,0,0,0,0,0,0,0,0,0,0.0,0.0,110.0,4.0,33.1,0.4,0.5,0.0,0.0,120.0,8.0,37.3,1.2,0.5333333333333333,0.0,0.0,40.0,1.0,36.8,0.0,0.7333333333333333,-1.5,6.0,200.0,0.0,0.0,7,12,28.3,10.0,1204,796,1221
140,202308011112,9,9,7,55,17,10,16,124,0,0,1,8,2,2,0,13,0,0,1,20,0,0,0,3,0,1,0,3,0,0,1,3,0,0,0,2,0.0,0.0,60.0,12.0,35.6,1.3,0.3125,0.0,0.0,10.0,4.0,35.5,0.6,0.1111111111111111,0.0,0.0,20.0,1.0,34.6,0.0,0.05555555555555555,-5.5,0.0,200.0,0.0,0.0,3,4,7.7,5.0,1431,1167,1428
141,202308011112,14,10,10,76,1,1,0,6,1,1,0,1,3,1,4,16,1,1,0,1,1,1,0,0,0,0,0,0,0,0,0,0,0,0,0,0,0.0,0.0,15.0,16.0,36.3,1.6,0.16666666666666666,0.0,0.0,11.0,8.0,34.1,0.6,1.0,0.0,0.0,16.0,8.0,34.3,0.4,0.8823529411764706,-4.0,-2.0,200.0,0.0,0.15384615384615385,6,9,8.8,6.0,1152,1686,1428
142,202308011112,0,1,0,7,0,0,0,4,0,0,0,0,0,0,0,2,0,0,0,0,0,0,0,0,0,0,0,0,0,0,0,0,0,0,0,0,0.0,0.0,30.0,4.0,35.8,0.6,0.125,0.0,0.0,60.0,7.0,36.3,0.8,0.16666666666666666,0.0,0.0,100.0,4.0,34.3,0.4,0.5384615384615384,0.0,-2.0,0.0,0.05263157894736842,0.10526315789473684,5,8,13.8,7.0,1463,1031,1167
143,202308011112,67,47,60,241,0,0,0,5,0,0,0,0,6,6,7,27,0,0,0,0,0,0,0,0,1,0,1,3,0,0,0,0,0,0,0,0,0.0,0.0,16.0,14.0,34.3,0.7,0.6111111111111112,0.0,0.0,12.0,11.0,34.3,1.2,0.625,0.0,0.0,8.0,1.0,33.9,0.0,0.375,-6.5,10.0,0.0,0.0,0.0,2,2,5.2,2.0,1428,237,1263
144,202308011112,13,18,21,133,3,6,6,37,0,1,0,1,1,1,0,11,0,0,0,4,0,0,0,0,0,0,0,0,0,0,0,1,0,0,0,0,0.0,0.0,5.0,14.0,34.7,1.1,0.75,0.0,0.0,4.0,9.0,34.4,0.5,0.5,0.0,0.0,8.0,2.0,33.7,0.0,0.6428571428571429,-6.0,12.0,200.0,0.0,0.1,5,7,59.1,12.0,1506,1482,199
145,202308011112,0,0,0,3,6,9,7,66,0,0,0,0,0,0,0,1,2,1,2,16,0,0,0,0,0,0,0,0,0,0,0,3,0,0,0,0,0.0,0.0,160.0,5.0,32.9,0.4,0.75,0.0,0.0,150.0,11.0,37.1,1.6,0.8,0.0,0.0,100.0,8.0,36.1,1.0,0.9230769230769231,1.5,4.0,200.0,0.0,0.2,8,14,22.9,9.0,1672,1345,1167
146,202308011112,0,0,0,0,1,4,3,19,0,0,0,0,0,0,0,0,0,0,0,1,0,0,0,0,0,0,0,0,0,0,0,0,0,0,0,0,0.0,0.0,9.0,13.0,34.9,0.8,0.21428571428571427,0.0,0.0,8.0,9.0,35.2,1.0,0.21428571428571427,0.0,0.0,4.0,1.0,37.9,0.0,0.25,-6.0,-6.0,0.0,0.0,0.15555555555555556,7,11,17.4,8.0,1064,1292,1556
147,202308011112,1,0,1,17,4,3,5,33,0,0,0,1,0,0,1,2,0,0,0,7,0,0,0,0,0,0,0,0,0,0,0,2,0,0,0,0,0.0,0.0,15.0,11.0,35.5,1.3,0.7333333333333333,0.0,0.0,17.0,11.0,34.0,1.1,1.0,0.0,0.0,13.0,6.0,34.5,0.6,0.6153846153846154,-2.5,-4.0,0.0,0.08333333333333333,0.08333333333333333,4,5,80.5,13.0,1714,1036,1167
148,202308011112,14,10,10,76,1,1,0,14,0,0,0,2,3,1,4,16,0,0,0,1,0,0,0,0,0,0,0,0,0,0,0,0,0,0,0,0,0.0,0.0,12.0,10.0,36.0,1.5,0.15384615384615385,0.0,0.0,17.0,14.0,34.5,1.4,0.16666666666666666,0.0,0.0,7.0,10.0,34.3,1.1,0.07692307692307693,0.0,6.0,-200.0,0.2727272727272727,0.5454545454545454,3,3,6.2,3.0,1152,1079,1428
149,202308011112,1,0,0,9,3,0,2,21,0,0,0,0,1,0,0,0,2,0,1,3,0,0,0,0,0,0,0,0,1,0,1,1,0,0,0,0,0.0,0.0,15.0,10.0,36.2,0.8,0.8666666666666667,0.0,0.0,16.0,11.0,37.5,1.5,0.6875,0.0,0.0,18.0,17.0,33.3,1.3,0.9444444444444444,3.5,0.0,200.0,0.04,0.32,1,1,40.2,11.0,1733,1589,1428
150,202308011112,0,0,0,2,0,0,0,10,0,0,0,0,0,0,0,0,0,0,0,1,0,0,0,0,0,0,0,0,0,0,0,0,0,0,0,0,0.0,0.0,50.0,3.0,34.5,0.4,0.16666666666666666,0.0,0.0,30.0,7.0,35.8,0.6,0.1,0.0,0.0,80.0,4.0,36.2,0.3,0.09090909090909091,0.5,8.0,0.0,0.06382978723404255,0.19148936170212766,8,13,6.4,4.0,1270,548,969
151,202308011112,0,0,0,15,0,0,0,0,0,0,0,0,0,0,0,3,0,0,0,0,0,0,0,0,0,0,0,0,0,0,0,0,0,0,0,0,0.0,0.0,18.0,16.0,33.6,1.5,0.7777777777777778,0.0,0.0,15.0,9.0,33.8,1.5,0.6875,0.0,0.0,14.0,14.0,36.1,1.7,0.14285714285714285,-1.0,0.0,400.0,,,4,6,220.1,14.0,1148,733,1393
152,202308011210,2,0,2,31,17,10,16,124,0,0,0,0,0,0,0,7,0,0,1,20,0,0,0,0,0,0,0,0,0,0,0,0,0,0,0,0,0.0,0.0,30.0,9.0,34.7,0.7,0.6666666666666666,0.0,0.0,10.0,5.0,34.7,0.2,0.125,0.0,0.0,10.0,1.0,33.2,0.0,0.15384615384615385,-4.0,6.0,-200.0,0.2857142857142857,0.5,6,12,3.1,1.0,1183,1167,1558
153,202308011210,0,0,0,0,3,6,6,37,0,0,0,0,0,0,0,0,0,0,0,4,0,0,0,0,0,0,0,0,0,0,0,0,0,0,0,0,0.0,0.0,100.0,6.0,34.1,0.3,0.13333333333333333,0.0,0.0,60.0,8.0,36.3,1.1,0.21428571428571427,0.0,0.0,150.0,13.0,39.8,3.2,0.2222222222222222,3.5,2.0,-200.0,0.037037037037037035,0.2962962962962963,7,15,3.8,2.0,1045,1482,969
154,202308011210,67,47,60,241,3,2,1,22,2,1,1,6,6,6,7,27,0,0,1,1,0,0,1,0,2,1,3,9,0,0,0,0,0,0,0,0,0.0,0.0,14.0,15.0,36.5,1.4,0.5,0.0,0.0,2.0,8.0,34.0,0.4,0.2777777777777778,0.0,0.0,8.0,11.0,33.0,0.7,0.8823529411764706,-2.0,-4.0,-200.0,0.05128205128205128,0.2564102564102564,4,7,15.0,7.0,1428,460,1263
155,202308011210,5,9,9,60,3,2,3,42,0,0,0,0,0,0,0,12,1,0,0,5,0,0,0,0,0,0,0,1,0,0,0,0,0,0,0,0,0.0,0.0,6.0,7.0,33.6,0.5,0.5555555555555556,0.0,0.0,14.0,1.0,33.9,0.0,0.6666666666666666,0.0,0.0,9.0,6.0,33.2,0.4,0.6363636363636364,-0.5,8.0,200.0,0.1,0.15,7,13,14.8,6.0,1098,1376,1294
156,202308011210,9,9,7,55,3,4,2,5,1,1,1,1,2,2,0,13,0,0,0,1,0,0,0,1,0,0,0,0,0,0,0,0,0,0,0,0,0.0,0.0,17.0,16.0,35.5,1.2,0.4117647058823529,0.0,0.0,9.0,11.0,33.3,1.0,0.9230769230769231,0.0,0.0,14.0,10.0,33.4,0.5,0.8333333333333334,-3.0,0.0,0.0,0.0,0.16666666666666666,8,16,21.4,8.0,1431,199,1428
157,202308011210,15,16,14,129,0,1,0,3,0,0,0,0,5,8,6,37,0,0,0,0,0,0,0,0,1,1,3,11,0,0,0,0,0,0,0,0,0.0,0.0,70.0,4.0,34.5,0.3,0.75,0.0,0.0,40.0,15.0,34.6,0.8,0.625,0.0,0.0,50.0,6.0,33.5,0.8,0.46153846153846156,1.0,0.0,200.0,0.0,0.25,3,6,22.8,9.0,1393,596,1263
158,202308011210,22,28,14,167,18,11,16,127,5,3,1,15,7,4,5,34,3,0,1,18,3,0,0,2,1,1,0,8,1,0,0,2,1,0,0,0,0.0,0.0,80.0,11.0,33.6,0.8,0.6875,0.0,0.0,40.0,6.0,32.5,0.6,1.0,0.0,0.0,60.0,13.0,34.6,0.6,1.0,1.0,-6.0,-200.0,0.0,0.15,5,10,9.0,4.0,1716,1263,1167
159,202308011210,15,16,14,129,6,5,5,49,1,2,1,5,5,8,6,37,1,1,2,8,0,1,1,0,1,1,3,11,0,0,0,0,0,0,0,0,0.0,0.0,100.0,5.0,35.3,0.5,0.3888888888888889,0.0,0.0,20.0,2.0,35.0,0.0,0.125,0.0,0.0,20.0,12.0,34.3,1.1,0.9375,3.5,8.0,200.0,0.0,0.09090909090909091,3,5,8.5,3.0,1393,1306,1263
160,202308011210,0,0,0,0,0,3,2,26,0,0,0,0,0,0,0,0,0,0,0,4,0,0,0,0,0,0,0,0,0,0,0,0,0,0,0,0,0.0,0.0,130.0,5.0,36.1,0.7,0.2857142857142857,0.0,0.0,100.0,10.0,34.8,0.7,0.75,0.0,0.0,160.0,18.0,38.0,2.5,0.1111111111111111,6.5,4.0,-200.0,0.0,0.13043478260869565,4,8,34.6,11.0,1064,322,1556
161,202308011210,12,14,15,139,16,15,14,100,1,2,1,10,0,0,1,17,1,2,1,19,0,0,0,1,0,0,0,2,0,0,0,6,0,0,0,1,0.0,0.0,16.0,11.0,34.0,0.5,0.875,0.0,0.0,14.0,15.0,33.6,1.1,1.0,0.0,0.0,14.0,13.0,37.7,2.2,0.7333333333333333,1.0,0.0,200.0,0.07692307692307693,0.07692307692307693,5,9,13.0,5.0,1691,1428,1167
162,202308011210,1,5,1,34,4,4,7,40,0,2,0,3,0,1,0,8,0,0,1,7,0,0,0,1,0,0,0,3,0,0,0,1,0,0,0,1,0.0,0.0,2.0,4.0,40.1,1.5,0.6,0.0,0.0,16.0,13.0,37.5,1.7,0.9375,0.0,0.0,16.0,13.0,35.2,1.1,1.0,4.5,-4.0,-200.0,0.0,0.0,1,2,98.4,15.0,1645,1618,1366
163,202308011210,0,3,0,3,4,4,7,40,0,0,0,0,0,1,0,0,0,0,1,7,0,0,0,0,0,0,0,0,0,0,0,1,0,0,0,0,0.0,0.0,150.0,9.0,38.3,2.2,0.8666666666666667,0.0,0.0,11.0,9.0,36.1,1.4,0.9285714285714286,0.0,0.0,17.0,18.0,33.2,1.5,1.0,4.5,4.0,-400.0,0.061224489795918366,0.1836734693877551,1,1,119.5,17.0,1677,1618,1167
164,202308011210,67,47,60,241,2,1,4,14,2,0,0,3,6,6,7,27,0,0,0,1,0,0,0,0,2,1,3,9,0,0,0,0,0,0,0,0,0.0,0.0,170.0,13.0,33.8,1.2,1.0,0.0,0.0,9.0,7.0,34.2,0.3,0.4,0.0,0.0,13.0,10.0,33.9,0.8,0.8125,-1.5,4.0,200.0,0.0,0.13333333333333333,6,11,32.9,10.0,1428,939,1263
165,202308011210,1,3,3,22,8,20,17,119,0,2,2,9,0,0,0,3,2,0,1,13,0,0,0,2,0,0,0,2,0,0,0,4,0,0,0,2,0.0,0.0,5.0,11.0,38.3,1.9,0.3333333333333333,0.0,0.0,8.0,,,,1.0,0.0,0.0,18.0,14.0,33.9,1.7,0.6666666666666666,3.0,7.0,-300.0,0.09090909090909091,0.18181818181818182,7,14,246.9,18.0,1712,1013,1292
166,202308011210,3,3,6,34,7,12,10,77,0,0,0,1,0,0,0,3,1,0,1,8,0,0,0,0,0,0,0,0,0,0,0,2,0,0,0,0,0.0,0.0,150.0,11.0,33.3,0.6,0.8,0.0,0.0,130.0,3.0,35.8,0.3,0.13333333333333333,0.0,0.0,90.0,8.0,35.0,1.2,0.2,-1.5,4.0,-200.0,0.0,0.0,8,17,43.1,12.0,1465,1183,1328
167,202308011210,0,0,0,0,0,0,0,4,0,0,0,0,0,0,0,0,0,0,0,0,0,0,0,0,0,0,0,0,0,0,0,0,0,0,0,0,0.0,0.0,170.0,15.0,35.9,1.7,0.23529411764705882,0.0,0.0,17.0,6.0,34.0,0.5,0.23529411764705882,0.0,0.0,6.0,6.0,34.0,0.3,0.8,-4.5,0.0,-200.0,0.0,0.15384615384615385,2,3,75.4,14.0,1289,219,1428
168,202308011210,22,28,14,167,6,9,7,66,0,0,1,9,7,4,5,34,2,1,2,16,0,0,1,1,1,1,0,8,0,1,0,4,0,0,0,1,0.0,0.0,18.0,16.0,33.4,1.1,0.6666666666666666,0.0,0.0,11.0,10.0,36.2,0.8,0.4375,0.0,0.0,13.0,17.0,35.2,2.0,0.1111111111111111,0.5,0.0,200.0,0.0,0.13333333333333333,2,4,59.9,13.0,1716,1345,1167
169,202308011210,13,3,10,76,7,1,5,46,2,0,0,2,1,0,1,13,1,1,1,9,0,0,0,0,0,0,0,2,1,0,0,2,0,0,0,0,0.0,0.0,140.0,14.0,35.5,1.2,0.6875,0.0,0.0,120.0,8.0,34.4,0.2,0.9444444444444444,0.0,0.0,120.0,5.0,33.2,0.3,0.6666666666666666,-4.5,-2.0,200.0,0.0,0.08333333333333333,8,18,102.2,16.0,1304,1235,1503
170,202308011212,18,14,13,91,1,0,1,10,0,0,0,0,2,2,1,11,0,0,0,0,0,0,0,0,0,0,0,1,0,0,0,0,0,0,0,0,0.0,0.0,40.0,7.0,33.8,0.4,0.8461538461538461,0.0,0.0,20.0,6.0,33.6,0.3,0.875,0.0,0.0,30.0,1.0,33.8,0.0,0.875,-3.0,4.0,200.0,0.0,0.1,5,8,9.1,5.0,1167,1574,460
171,202308011212,19,16,15,168,3,3,2,8,0,0,0,0,1,2,0,12,0,1,0,1,0,0,0,0,0,0,0,2,0,0,0,0,0,0,0,0,0.0,0.0,4.0,6.0,33.1,0.3,0.9411764705882353,0.0,0.0,3.0,7.0,35.3,0.7,0.8333333333333334,0.0,0.0,5.0,2.0,32.9,0.2,0.46153846153846156,-2.0,12.0,0.0,0.0,0.18181818181818182,7,12,5.7,2.0,1503,577,1263
172,202308011212,6,5,8,63,1,3,3,7,1,0,1,0,0,2,3,17,0,0,0,1,0,0,0,0,0,0,0,0,0,0,0,0,0,0,0,0,0.0,0.0,120.0,9.0,33.8,1.1,0.9230769230769231,0.0,0.0,14.0,9.0,34.0,0.7,0.875,0.0,0.0,17.0,4.0,34.0,0.5,0.8333333333333334,-2.5,6.0,-200.0,0.0,0.14893617021276595,2,2,14.0,8.0,1172,1301,1556
173,202308011212,0,0,0,0,7,1,5,46,0,0,0,0,0,0,0,0,1,1,1,9,0,0,0,0,0,0,0,0,0,0,0,0,0,0,0,0,0.0,0.0,80.0,9.0,34.8,1.5,0.3,0.0,0.0,70.0,12.0,35.1,1.4,0.5714285714285714,0.0,0.0,50.0,2.0,34.3,0.4,0.4,-3.5,-14.0,-200.0,0.0,0.15789473684210525,1,1,12.7,7.0,1460,1235,1345
174,202308011212,0,0,0,2,3,0,1,34,0,0,0,0,0,0,0,0,0,0,0,5,0,0,0,0,0,0,0,0,0,0,0,0,0,0,0,0,0.0,0.0,12.0,16.0,35.7,2.1,0.5,0.0,0.0,6.0,16.0,35.3,1.4,0.625,0.0,0.0,3.0,2.0,34.2,0.0,0.1,-7.0,6.0,200.0,0.05,0.1,8,14,26.4,10.0,1310,1599,1618
175,202308011212,14,10,10,76,1,1,0,14,0,0,0,2,3,1,4,16,0,0,0,1,0,0,0,0,0,0,0,0,0,0,0,0,0,0,0,0,0.0,0.0,20.0,9.0,34.6,0.6,0.46153846153846156,0.0,0.0,10.0,3.0,33.7,0.2,0.3125,0.0,0.0,10.0,2.0,33.4,0.0,0.3888888888888889,-3.5,-6.0,200.0,0.0625,0.1875,3,4,3.3,1.0,1152,1079,1428
176,202308011212,1,0,1,4,2,1,1,24,0,0,0,0,0,0,0,2,0,0,0,7,0,0,0,0,0,0,0,0,0,0,0,1,0,0,0,0,0.0,0.0,160.0,16.0,33.4,0.7,0.7222222222222222,0.0,0.0,100.0,8.0,38.2,1.5,0.125,0.0,0.0,140.0,9.0,36.2,1.2,0.26666666666666666,-3.5,-12.0,200.0,0.0,0.0,4,6,71.9,12.0,1698,1708,1366
177,202308011212,3,3,6,34,1,2,0,9,0,2,0,2,0,0,0,3,0,0,0,1,0,0,0,0,0,0,0,0,0,0,0,0,0,0,0,0,0.0,0.0,10.0,,,,0.7857142857142857,0.0,0.0,7.0,6.0,34.9,0.4,0.625,0.0,0.0,8.0,6.0,32.8,0.7,0.7692307692307693,0.0,-10.0,-200.0,0.07894736842105263,0.07894736842105263,8,13,12.3,6.0,1465,1028,1328
178,202308011212,12,14,15,139,8,20,17,119,1,2,3,22,0,0,1,17,2,0,1,13,0,0,0,2,0,0,0,0,1,0,0,0,0,0,0,0,0.0,0.0,14.0,15.0,33.9,0.7,0.8888888888888888,0.0,0.0,10.0,9.0,34.3,0.8,0.7058823529411765,0.0,0.0,9.0,6.0,33.4,0.5,0.875,-4.5,0.0,0.0,0.0,0.0,6,9,41.1,11.0,1691,1013,1167
179,202308011212,0,0,0,1,7,12,10,77,0,0,0,0,0,0,0,0,1,0,1,8,0,0,0,0,0,0,0,0,0,0,0,0,0,0,0,0,0.0,0.0,13.0,5.0,33.4,0.4,0.1875,0.0,0.0,7.0,11.0,35.3,0.8,0.5384615384615384,0.0,0.0,4.0,8.0,34.3,0.6,0.45454545454545453,1.5,6.0,200.0,0.3076923076923077,0.5384615384615384,6,10,7.9,4.0,1089,1183,1428
180,202308011212,11,7,12,76,0,1,0,16,0,0,0,1,1,1,0,10,0,0,0,2,0,0,0,0,0,0,0,1,0,0,0,0,0,0,0,0,0.0,0.0,60.0,4.0,32.4,0.2,0.8888888888888888,0.0,0.0,40.0,1.0,34.2,0.0,0.6923076923076923,0.0,0.0,20.0,10.0,33.9,0.9,0.9230769230769231,3.0,-2.0,200.0,0.0,0.14285714285714285,7,11,6.5,3.0,1736,1206,1482
181,202308011212,12,14,15,139,3,3,4,21,0,0,1,3,0,0,1,17,1,2,0,3,0,0,0,0,0,0,0,0,0,0,0,0,0,0,0,0,0.0,0.0,14.0,10.0,33.8,0.4,0.6875,0.0,0.0,8.0,9.0,34.1,0.7,0.7272727272727273,0.0,0.0,10.0,5.0,34.2,0.3,0.6470588235294118,-2.5,-6.0,0.0,0.14285714285714285,0.42857142857142855,3,3,15.9,9.0,1691,1542,1167
182,202308011212,22,28,14,167,0,0,1,7,0,0,0,1,7,4,5,34,0,0,1,0,0,0,0,0,0,0,0,2,0,0,0,0,0,0,0,0,0.0,0.0,100.0,13.0,39.4,2.3,0.15384615384615385,0.0,0.0,90.0,8.0,36.1,1.2,0.1,0.0,0.0,120.0,13.0,35.2,1.5,0.375,0.0,-4.0,250.0,0.0,0.13636363636363635,4,5,106.7,13.0,1716,1522,1167
183,202308011212,0,0,0,13,0,1,0,20,0,0,0,0,0,0,0,5,0,0,0,4,0,0,0,0,0,0,0,0,0,0,0,0,0,0,0,0,0.0,0.0,1.0,1.0,39.4,0.0,0.7272727272727273,0.0,0.0,11.0,13.0,36.4,1.1,1.0,0.0,0.0,12.0,7.0,37.6,1.4,0.5,3.0,9.0,0.0,0.0,0.125,5,7,141.4,14.0,1191,1221,1235
184,202308020110,0,0,0,5,4,4,7,40,0,0,0,1,0,0,0,2,0,0,1,7,0,0,0,0,0,0,0,0,0,0,0,0,0,0,0,0,0.0,0.0,30.0,4.0,33.0,0.2,0.25,0.0,0.0,10.0,12.0,35.6,0.8,0.15384615384615385,0.0,0.0,30.0,1.0,34.4,0.0,0.1,-1.5,-4.0,200.0,0.16666666666666666,0.3333333333333333,3,4,5.5,2.0,1657,1618,1317
185,202308020110,3,2,0,9,4,6,10,76,0,0,0,0,0,0,0,1,1,0,1,8,0,0,0,0,0,0,0,0,0,0,1,1,0,0,0,0,0.0,0.0,60.0,3.0,32.8,0.2,0.375,0.0,0.0,30.0,5.0,34.1,0.3,0.3333333333333333,0.0,0.0,50.0,2.0,34.8,0.1,0.5,-0.5,8.0,200.0,0.0,0.0,8,15,11.0,5.0,1455,1558,1428
186,202308020110,0,0,0,0,7,1,5,46,0,0,0,0,0,0,0,0,1,1,1,9,0,0,0,0,0,0,0,0,0,0,0,0,0,0,0,0,0.0,0.0,40.0,7.0,34.8,0.5,0.6923076923076923,0.0,0.0,80.0,5.0,33.9,0.5,0.8181818181818182,0.0,0.0,60.0,6.0,35.0,0.4,0.2777777777777778,-0.5,0.0,200.0,0.0,0.16326530612244897,7,13,34.1,13.0,1460,1235,1345
187,202308020110,22,28,14,167,10,8,10,65,1,1,2,3,7,4,5,34,1,3,2,8,0,0,1,1,0,0,0,2,0,1,0,0,0,0,0,0,0.0,0.0,50.0,6.0,33.8,0.1,0.4444444444444444,0.0,0.0,60.0,2.0,33.6,0.0,0.6666666666666666,0.0,0.0,20.0,4.0,34.8,0.4,0.6,-1.0,0.0,0.0,0.0,0.25,7,12,5.6,3.0,1716,1294,1167
188,202308020110,0,3,0,3,0,1,0,28,0,0,0,0,0,1,0,0,0,0,0,3,0,0,0,0,0,0,0,0,0,0,0,0,0,0,0,0,0.0,0.0,90.0,12.0,35.0,1.0,0.3333333333333333,0.0,0.0,50.0,4.0,33.6,0.4,0.8461538461538461,0.0,0.0,50.0,3.0,33.8,0.5,0.3,-4.5,2.0,-200.0,0.15151515151515152,0.2727272727272727,1,1,13.3,7.0,1677,1328,1167
189,202308020110,15,10,14,122,0,0,0,1,0,0,0,1,1,0,1,16,0,0,0,0,0,0,0,0,0,0,0,1,0,0,0,0,0,0,0,0,0.0,0.0,14.0,15.0,37.6,1.7,0.05555555555555555,0.0,0.0,10.0,8.0,34.3,0.6,0.13333333333333333,0.0,0.0,14.0,6.0,35.2,0.4,0.13333333333333333,-4.5,10.0,0.0,0.08333333333333333,0.16666666666666666,5,8,66.6,14.0,1127,592,1328
190,202308020110,0,0,0,0,0,0,0,0,0,0,0,0,0,0,0,0,0,0,0,0,0,0,0,0,0,0,0,0,0,0,0,0,0,0,0,0,0.0,0.0,170.0,4.0,34.4,0.3,0.6111111111111112,0.0,0.0,90.0,14.0,35.2,1.6,1.0,0.0,0.0,80.0,11.0,33.8,0.9,0.75,3.5,-14.0,0.0,0.047619047619047616,0.09523809523809523,6,10,21.0,10.0,204,703,4
191,202308020110,3,3,6,34,1,2,0,9,0,2,0,2,0,0,0,3,0,0,0,1,0,0,0,0,0,0,0,0,0,0,0,0,0,0,0,0,0.0,0.0,10.0,,,,0.7857142857142857,0.0,0.0,7.0,6.0,34.9,0.4,0.625,0.0,0.0,8.0,6.0,32.8,0.7,0.7692307692307693,0.0,-10.0,-200.0,0.075,0.075,2,3,21.8,11.0,1465,1028,1328
192,202308020110,12,14,15,139,3,3,4,21,0,0,1,3,0,0,1,17,1,2,0,3,0,0,0,0,0,0,0,0,0,0,0,0,0,0,0,0,0.0,0.0,14.0,10.0,33.8,0.4,0.6875,0.0,0.0,8.0,9.0,34.1,0.7,0.7272727272727273,0.0,0.0,10.0,5.0,34.2,0.3,0.6470588235294118,-2.5,-6.0,0.0,0.125,0.375,4,6,20.0,9.0,1691,1542,1167
193,202308020110,0,1,0,7,0,0,0,0,0,0,0,0,0,0,0,2,0,0,0,0,0,0,0,0,0,0,0,0,0,0,0,0,0,0,0,0,0.0,0.0,180.0,11.0,34.2,0.9,0.8333333333333334,0.0,0.0,17.0,5.0,34.0,0.1,0.5,0.0,0.0,18.0,17.0,35.3,1.4,0.8333333333333334,3.0,0.0,-200.0,0.0,0.23076923076923078,6,11,17.7,8.0,1463,289,1167
194,202308020110,14,10,10,76,2,2,1,6,0,0,0,0,3,1,4,16,0,0,1,2,0,0,0,0,0,0,0,0,0,0,0,0,0,0,0,0,0.0,0.0,30.0,1.0,34.4,0.0,0.08333333333333333,0.0,0.0,60.0,6.0,37.1,1.3,0.2222222222222222,0.0,0.0,100.0,5.0,35.5,0.4,0.3888888888888889,2.0,0.0,0.0,0.0,0.26666666666666666,5,9,4.7,1.0,1152,391,1428
195,202308020110,0,3,0,3,8,5,4,94,0,1,0,0,0,1,0,0,2,1,3,16,0,0,0,0,0,0,0,0,0,0,0,0,0,0,0,0,0.0,0.0,20.0,8.0,37.4,0.6,0.5,0.0,0.0,20.0,5.0,34.2,0.7,0.1875,0.0,0.0,20.0,3.0,34.3,0.1,0.2222222222222222,-2.5,-6.0,-100.0,0.06896551724137931,0.13793103448275862,2,2,6.6,4.0,1677,1556,1167
196,202308020110,0,1,0,7,0,0,0,0,0,0,0,0,0,0,0,2,0,0,0,0,0,0,0,0,0,0,0,0,0,0,0,0,0,0,0,0,0.0,0.0,13.0,15.0,37.7,1.8,0.6875,0.0,0.0,6.0,12.0,36.1,1.5,0.5833333333333334,0.0,0.0,9.0,13.0,35.1,1.7,0.42857142857142855,-1.0,6.0,0.0,0.06,0.18,4,7,11.7,6.0,1463,371,1167
197,202308020110,14,10,10,76,17,10,16,124,1,0,0,4,3,1,4,16,0,0,1,20,0,0,0,1,0,0,0,0,0,0,0,1,0,0,0,0,0.0,0.0,14.0,14.0,33.1,0.8,1.0,0.0,0.0,12.0,14.0,34.8,1.0,0.7333333333333333,0.0,0.0,14.0,6.0,36.5,0.4,0.7857142857142857,-4.0,8.0,0.0,0.2,0.3,3,5,33.3,12.0,1152,1167,1428
198,202308020110,0,3,0,3,0,0,0,15,0,0,0,0,0,1,0,0,0,0,0,3,0,0,0,0,0,0,0,0,0,0,0,0,0,0,0,0,0.0,0.0,14.0,13.0,40.2,2.5,0.125,0.0,0.0,11.0,13.0,37.5,2.3,0.7142857142857143,0.0,0.0,15.0,15.0,36.4,1.5,0.06666666666666667,1.0,-8.0,200.0,0.0,0.125,8,14,124.5,15.0,1677,1511,1167
199,202308020208,22,28,14,167,2,1,0,26,1,0,0,7,7,4,5,34,0,0,0,3,0,0,0,0,1,1,0,3,0,0,0,0,0,0,0,0,0.0,0.0,10.0,2.0,34.4,0.2,0.14285714285714285,0.0,0.0,50.0,7.0,33.9,0.5,0.23076923076923078,0.0,0.0,20.0,1.0,34.5,0.0,0.5,-0.5,16.0,0.0,0.13157894736842105,0.34210526315789475,8,17,2.4,1.0,1716,1503,1167
200,202308020208,0,0,0,0,1,1,2,12,0,0,0,0,0,0,0,0,0,0,1,1,0,0,0,0,0,0,0,0,0,0,0,0,0,0,0,0,0.0,0.0,60.0,13.0,37.7,2.5,0.5,0.0,0.0,40.0,5.0,35.4,0.3,0.14285714285714285,0.0,0.0,30.0,4.0,35.5,0.1,0.07142857142857142,-4.5,4.0,200.0,0.0,0.0,2,4,33.4,11.0,1248,197,1428
201,202308020208,0,0,0,0,2,0,0,4,0,0,0,0,0,0,0,0,0,0,0,1,0,0,0,0,0,0,0,0,0,0,0,0,0,0,0,0,0.0,0.0,10.0,1.0,35.2,0.0,0.1111111111111111,0.0,0.0,20.0,4.0,37.9,0.6,0.46153846153846156,0.0,0.0,10.0,5.0,37.5,0.7,0.26666666666666666,2.0,-4.0,0.0,0.11627906976744186,0.27906976744186046,3,6,20.1,9.0,1154,1412,1561
202,202308020208,14,10,10,76,1,0,0,10,0,0,0,0,3,1,4,16,0,0,0,1,0,0,0,0,1,1,1,2,0,0,0,0,0,0,0,0,0.0,0.0,110.0,13.0,37.2,1.6,0.125,0.0,0.0,80.0,7.0,35.1,0.4,0.5,0.0,0.0,70.0,2.0,34.0,0.1,0.2222222222222222,-5.5,2.0,-200.0,0.0,0.125,8,16,17.8,8.0,1152,1110,1428
203,202308020208,0,3,0,3,0,0,0,7,0,0,0,0,0,1,0,0,0,0,0,1,0,0,0,0,0,0,0,0,0,0,0,0,0,0,0,0,0.0,0.0,80.0,2.0,35.0,0.8,0.6666666666666666,0.0,0.0,30.0,5.0,34.3,0.4,0.8,0.0,0.0,80.0,2.0,35.8,0.1,0.4666666666666667,0.0,-2.0,0.0,0.058823529411764705,0.17647058823529413,7,14,7.5,3.0,1677,1613,1167
204,202308020208,0,0,1,5,0,0,0,2,0,0,0,0,0,0,0,1,0,0,0,2,0,0,0,0,0,0,0,0,0,0,0,0,0,0,0,0,0.0,0.0,90.0,5.0,35.5,0.4,0.16666666666666666,0.0,0.0,170.0,9.0,36.2,0.7,0.1111111111111111,0.0,0.0,100.0,12.0,37.9,2.6,0.7333333333333333,3.5,0.0,0.0,0.0,0.14285714285714285,8,15,14.1,5.0,1605,1507,1
205,202308020208,15,16,14,129,1,0,0,3,0,0,0,0,5,8,6,37,0,0,0,0,0,0,0,0,0,0,0,4,0,0,0,0,0,0,0,0,0.0,0.0,60.0,9.0,33.8,1.1,0.9285714285714286,0.0,0.0,50.0,6.0,34.8,0.8,0.2222222222222222,0.0,0.0,40.0,6.0,34.5,0.3,0.2,-1.5,16.0,0.0,,,4,8,33.0,10.0,1393,796,1263
206,202308020208,0,0,0,0,0,1,0,0,0,0,0,0,0,0,0,0,0,0,0,0,0,0,0,0,0,0,0,0,0,0,0,0,0,0,0,0,0.0,0.0,10.0,1.0,35.3,0.0,0.2,0.0,0.0,20.0,3.0,34.7,0.2,0.5294117647058824,0.0,0.0,40.0,4.0,35.7,0.3,0.25,1.5,-2.0,-200.0,0.0,0.25806451612903225,4,7,7.1,2.0,1064,464,1556
207,202308020208,1,0,0,8,0,0,0,14,0,0,0,0,0,0,0,0,0,0,0,0,0,0,0,0,0,0,0,0,0,0,0,0,0,0,0,0,0.0,0.0,2.0,2.0,38.4,0.3,0.5833333333333334,0.0,0.0,14.0,12.0,35.8,1.0,1.0,0.0,0.0,9.0,11.0,33.6,1.3,0.9285714285714286,4.5,34.0,200.0,0.1111111111111111,0.2777777777777778,5,9,49.5,13.0,1014,1620,180
208,202308020208,0,3,0,3,4,6,11,50,0,0,0,0,0,1,0,0,0,0,1,7,0,0,0,0,0,0,0,0,0,0,0,1,0,0,0,0,0.0,0.0,30.0,17.0,35.7,1.2,0.5555555555555556,0.0,0.0,20.0,6.0,36.1,1.3,0.3888888888888889,0.0,0.0,10.0,1.0,34.2,0.0,0.3888888888888889,-8.0,-2.0,0.0,0.3333333333333333,0.5333333333333333,7,13,16.9,7.0,1677,848,1167
209,202308020208,0,0,0,0,18,11,16,127,0,0,0,0,0,0,0,0,3,0,1,18,0,0,0,0,0,0,0,0,0,0,0,1,0,0,0,0,0.0,0.0,120.0,16.0,37.7,2.5,0.3125,0.0,0.0,140.0,3.0,33.8,0.6,0.9444444444444444,0.0,0.0,100.0,13.0,38.2,4.6,1.0,-1.5,-16.0,-400.0,0.0975609756097561,0.14634146341463414,1,2,55.3,14.0,1467,1263,336
210,202308020208,5,9,9,60,0,1,0,12,0,0,0,0,0,0,0,12,0,0,0,0,0,0,0,0,0,0,0,3,0,0,0,0,0,0,0,0,0.0,0.0,8.0,8.0,38.8,2.6,0.8888888888888888,0.0,0.0,16.0,12.0,34.0,1.0,0.8823529411764706,0.0,0.0,7.0,9.0,39.5,2.8,0.45454545454545453,0.5,8.0,0.0,0.0,0.0,1,1,79.8,16.0,1098,1685,1294
211,202308020208,22,28,14,167,12,16,8,96,1,3,0,6,7,4,5,34,2,2,1,15,0,0,0,0,1,1,0,3,0,0,0,4,0,0,0,0,0.0,0.0,50.0,5.0,35.8,0.4,0.3333333333333333,0.0,0.0,120.0,5.0,34.5,0.6,0.1111111111111111,0.0,0.0,60.0,13.0,39.0,1.2,0.125,4.0,-4.0,-400.0,0.0,0.0,3,5,8.0,4.0,1716,1405,1167
212,202308020208,0,0,0,0,10,8,10,65,0,0,0,0,0,0,0,0,1,3,2,8,0,0,0,0,0,0,0,0,0,0,0,2,0,0,0,0,0.0,0.0,1.0,7.0,35.0,0.8,0.75,0.0,0.0,8.0,5.0,33.7,0.4,0.7222222222222222,0.0,0.0,6.0,11.0,34.6,0.9,0.5555555555555556,2.0,0.0,200.0,0.2857142857142857,0.42857142857142855,6,12,42.0,12.0,1467,1294,336
213,202308020208,5,9,9,60,16,15,14,100,1,3,2,8,0,0,0,12,1,2,1,19,0,0,0,2,0,0,0,3,0,1,0,4,0,0,0,0,0.0,0.0,15.0,15.0,34.0,1.3,0.9444444444444444,0.0,0.0,15.0,17.0,37.3,2.5,0.3888888888888889,0.0,0.0,6.0,15.0,34.4,1.2,0.8235294117647058,0.0,-8.0,200.0,0.0,0.0,6,11,15.2,6.0,1098,1428,1294
214,202308020208,0,0,1,5,4,3,5,33,0,0,0,0,0,0,0,1,0,0,0,7,0,0,0,0,0,0,0,0,0,0,0,1,0,0,0,0,0.0,0.0,9.0,,,,0.5454545454545454,0.0,0.0,10.0,9.0,34.8,1.3,1.0,0.0,0.0,12.0,13.0,38.6,2.8,0.42857142857142855,4.0,6.0,-700.0,0.0,0.0,2,3,215.9,17.0,1605,1036,1
215,202308020208,19,16,15,168,3,3,1,12,0,0,0,1,1,2,0,12,0,0,0,1,0,0,0,0,0,1,0,0,0,0,0,0,0,0,0,0,0.0,0.0,2.0,7.0,39.8,1.1,0.08333333333333333,0.0,0.0,5.0,5.0,13.8,4.1,0.8,0.0,0.0,8.0,9.0,13.9,4.7,0.7,1.0,-1.0,-600.0,0.0,0.0,5,10,79.8,15.0,1503,324,1263
216,202308020301,0,0,2,8,0,1,0,0,0,0,0,0,0,0,0,1,0,0,0,0,0,0,0,0,0,0,0,0,0,0,0,0,0,0,0,0,0.0,0.0,10.0,3.0,34.8,0.5,0.25,,,,,,,,,,,,,,,,,200.0,0.0,0.17647058823529413,2,2,11.7,5.0,1317,1713,1186
217,202308020301,0,0,0,1,0,1,1,0,0,0,0,0,0,0,0,0,0,0,0,0,0,0,0,0,0,0,0,0,0,0,0,0,0,0,0,0,0.0,0.0,80.0,3.0,35.4,0.9,0.08333333333333333,,,,,,,,,,,,,,,,,-200.0,0.3333333333333333,0.3333333333333333,7,10,18.2,8.0,1089,1170,1428
218,202308020301,0,0,0,0,0,0,1,2,0,0,0,0,0,0,0,0,0,0,1,1,0,0,0,0,0,0,0,0,0,0,0,0,0,0,0,0,0.0,0.0,60.0,3.0,34.6,0.1,0.07692307692307693,,,,,,,,,,,,,,,,,-200.0,0.25,0.375,5,6,5.3,3.0,1064,1366,1556
219,202308020301,0,3,1,9,1,0,0,2,0,0,0,0,0,0,0,0,0,0,0,0,0,0,0,0,0,0,0,0,0,0,0,0,0,0,0,0,0.0,0.0,70.0,6.0,35.0,0.8,0.9,,,,,,,,,,,,,,,,,-200.0,0.0,0.26666666666666666,4,4,10.9,4.0,1098,1393,1294
220,202308020301,0,0,0,1,0,0,1,5,0,0,0,0,0,0,0,0,0,0,0,0,0,0,0,0,0,0,0,0,0,0,0,0,0,0,0,0,0.0,0.0,10.0,2.0,35.6,0.1,0.3076923076923077,0.0,0.0,20.0,3.0,33.7,0.5,0.8888888888888888,,,,,,,,1.0,4.0,0.0,0.13333333333333333,0.3111111111111111,7,9,2.9,1.0,1698,1013,1366
221,202308020301,0,0,0,2,0,2,0,7,0,0,0,0,0,0,0,0,0,0,0,1,0,0,0,0,0,0,0,0,0,0,0,1,0,0,0,0,0.0,0.0,6.0,3.0,36.0,0.1,0.0625,0.0,0.0,5.0,3.0,35.4,0.1,0.0625,0.0,0.0,3.0,5.0,37.5,0.8,0.16666666666666666,1.0,-2.0,200.0,0.0,0.3181818181818182,3,3,17.9,7.0,1657,1294,1317
222,202308020301,0,0,0,0,0,0,0,0,0,0,0,0,0,0,0,0,0,0,0,0,0,0,0,0,0,0,0,0,0,0,0,0,0,0,0,0,0.0,0.0,40.0,7.0,34.6,0.8,0.36363636363636365,0.0,0.0,10.0,3.0,35.4,0.2,0.1111111111111111,,,,,,,,-4.0,6.0,-200.0,0.0,0.2222222222222222,1,1,12.9,6.0,1064,9,1556
223,202308020301,0,0,0,0,0,2,0,7,0,0,0,0,0,0,0,0,0,0,0,1,0,0,0,0,0,0,0,0,0,0,0,1,0,0,0,0,0.0,0.0,4.0,9.0,40.5,2.9,0.4166666666666667,0.0,0.0,10.0,12.0,35.3,1.4,0.8888888888888888,0.0,0.0,5.0,7.0,41.6,3.2,0.6666666666666666,-1.0,24.0,0.0,0.0,0.125,6,7,31.0,9.0,1699,1294,1313
224,202308020301,0,1,0,0,0,0,0,0,0,0,0,0,0,1,0,0,0,0,0,0,0,0,0,0,0,0,0,0,0,0,0,0,0,0,0,0,0.0,0.0,100.0,9.0,35.3,1.1,1.0,0.0,0.0,70.0,7.0,37.7,3.7,0.42857142857142855,,,,,,,,-2.0,-10.0,0.0,1.0,1.0,8,12,174.4,12.0,484,468,612
225,202308020301,0,0,0,0,0,0,0,0,0,0,0,0,0,0,0,0,0,0,0,0,0,0,0,0,0,0,0,0,0,0,0,0,0,0,0,0,0.0,0.0,30.0,3.0,36.7,0.7,0.06666666666666667,,,,,,,,,,,,,,,,,-400.0,0.25,0.4583333333333333,6,8,4.0,2.0,932,168,115
226,202308020301,0,0,0,8,0,0,0,2,0,0,0,0,0,0,0,2,0,0,0,0,0,0,0,0,0,0,0,1,0,0,0,0,0,0,0,0,0.0,0.0,120.0,4.0,34.8,0.5,0.5333333333333333,0.0,0.0,4.0,7.0,35.9,1.2,0.6111111111111112,0.0,0.0,5.0,4.0,34.4,0.6,0.7777777777777778,0.0,0.0,200.0,0.0,0.25,5,5,127.8,10.0,1090,197,1169
227,202308020301,0,0,0,0,0,0,0,0,0,0,0,0,0,0,0,0,0,0,0,0,0,0,0,0,0,0,0,0,0,0,0,0,0,0,0,0,0.0,0.0,16.0,15.0,42.2,3.7,0.375,0.0,0.0,7.0,7.0,47.8,7.0,0.2222222222222222,0.0,0.0,10.0,11.0,39.2,2.6,1.0,-2.0,10.0,0.0,0.0,0.1,8,11,166.7,11.0,1676,1716,1428
228,202308020304,0,0,0,0,0,0,0,0,0,0,0,0,0,0,0,0,0,0,0,0,0,0,0,0,0,0,0,0,0,0,0,0,0,0,0,0,,,,,,,,,,,,,,,,,,,,,,,,,,,7,14,14.7,4.0,1515,1691,1589
229,202308020304,0,0,0,0,0,0,0,1,0,0,0,0,0,0,0,0,0,0,0,0,0,0,0,0,0,0,0,0,0,0,0,0,0,0,0,0,,,,,,,,,,,,,,,,,,,,,,,,,0.09302325581395349,0.16279069767441862,2,3,15.5,5.0,1540,118,1036
230,202308020304,0,0,0,0,0,0,0,0,0,0,0,0,0,0,0,0,0,0,0,0,0,0,0,0,0,0,0,0,0,0,0,0,0,0,0,0,,,,,,,,,,,,,,,,,,,,,,,,,0.05,0.275,3,6,7.3,3.0,1289,1583,1428
231,202308020304,0,0,0,0,0,0,0,0,0,0,0,0,0,0,0,0,0,0,0,0,0,0,0,0,0,0,0,0,0,0,0,0,0,0,0,0,0.0,0.0,120.0,12.0,44.3,6.3,0.6666666666666666,0.0,0.0,70.0,6.0,35.8,0.2,0.1875,0.0,0.0,60.0,5.0,35.8,0.4,0.4375,-3.5,-9.0,-300.0,0.019230769230769232,0.19230769230769232,5,10,32.3,11.0,379,599,204
232,202308020304,0,0,0,0,0,0,0,0,0,0,0,0,0,0,0,0,0,0,0,0,0,0,0,0,0,0,0,0,0,0,0,0,0,0,0,0,0.0,0.0,9.0,11.0,46.6,11.2,1.0,0.0,0.0,5.0,10.0,38.7,3.2,0.25,0.0,0.0,3.0,10.0,38.0,2.7,0.6666666666666666,-0.5,-30.0,500.0,0.25,0.5,1,1,17.7,6.0,1706,1660,1428
233,202308020304,0,0,0,0,0,0,1,0,0,0,0,0,0,0,0,0,0,0,0,0,0,0,0,0,0,0,0,0,0,0,0,0,0,0,0,0,,,,,,,,,,,,,,,,,,,,,,,,,0.0,0.0,4,7,27.6,9.0,1289,1110,1428
234,202308020304,0,0,0,3,0,0,0,0,0,0,0,0,0,0,0,0,0,0,0,0,0,0,0,0,0,0,0,0,0,0,0,0,0,0,0,0,,,,,,,,,,,,,,,,,,,,,,,,,0.0,0.11764705882352941,8,16,4.1,2.0,1674,825,1428
235,202308020304,0,0,0,0,0,0,1,4,0,0,0,0,0,0,0,0,0,0,0,2,0,0,0,0,0,0,0,0,0,0,0,0,0,0,0,0,0.0,0.0,80.0,12.0,40.9,4.9,0.6875,0.0,0.0,,,,,,0.0,0.0,80.0,13.0,37.2,2.0,0.5,1.0,,0.0,0.0,0.125,4,8,31.3,10.0,1248,1235,1428
236,202308020304,0,0,0,0,0,1,3,10,0,0,0,0,0,0,0,0,0,0,1,3,0,0,0,0,0,0,0,0,0,0,0,2,0,0,0,0,,,,,,,,,,,,,,,,,,,,,,,,,0.13043478260869565,0.30434782608695654,2,4,2.7,1.0,1467,1428,336
237,202308020304,0,0,0,0,0,0,0,1,0,0,0,0,0,0,0,0,0,0,0,0,0,0,0,0,0,0,0,0,0,0,0,0,0,0,0,0,0.0,0.0,11.0,10.0,36.2,0.5,0.125,0.0,0.0,5.0,12.0,36.8,1.0,0.125,0.0,0.0,14.0,2.0,35.9,0.1,0.0625,-4.0,6.0,200.0,0.07317073170731707,0.07317073170731707,6,11,26.0,8.0,1629,118,1428
238,202308020304,3,2,1,9,0,0,0,0,0,0,0,0,1,0,0,1,0,0,0,0,0,0,0,0,1,0,0,1,0,0,0,0,0,0,0,0,0.0,0.0,12.0,14.0,36.4,2.1,0.4666666666666667,0.0,0.0,4.0,7.0,40.2,2.5,0.7,0.0,0.0,11.0,9.0,35.3,1.7,0.8181818181818182,-2.5,0.0,-1000.0,0.0,0.2,1,2,20.7,7.0,1152,314,1428
239,202308020304,0,0,0,7,0,0,0,0,0,0,0,0,0,0,0,0,0,0,0,0,0,0,0,0,0,0,0,0,0,0,0,0,0,0,0,0,0.0,0.0,1.0,2.0,36.9,0.5,0.5714285714285714,0.0,0.0,18.0,13.0,36.9,1.7,0.05555555555555555,0.0,0.0,18.0,16.0,34.5,0.5,0.8888888888888888,7.0,0.0,400.0,0.0,0.2,8,15,205.3,16.0,1561,1665,1263
240,202308020304,0,0,0,0,0,1,1,3,0,0,0,0,0,0,0,0,0,0,0,0,0,0,0,0,0,0,0,0,0,0,0,0,0,0,0,0,0.0,0.0,130.0,10.0,40.2,2.1,0.3333333333333333,0.0,0.0,15.0,11.0,35.9,1.5,0.2,0.0,0.0,14.0,16.0,39.5,4.2,0.4375,3.0,-2.0,-300.0,0.05660377358490566,0.16981132075471697,6,12,49.4,12.0,1676,565,1428
241,202308020304,0,0,0,0,0,0,0,1,0,0,0,0,0,0,0,0,0,0,0,0,0,0,0,0,0,0,0,0,0,0,0,0,0,0,0,0,0.0,0.0,2.0,7.0,40.8,0.9,0.25,0.0,0.0,16.0,16.0,40.1,3.1,0.625,0.0,0.0,14.0,14.0,37.7,1.9,0.35294117647058826,3.5,11.0,0.0,0.0,0.0,7,13,75.6,14.0,1261,1728,387
242,202308020304,0,0,0,0,0,0,0,0,0,0,0,0,0,0,0,0,0,0,0,0,0,0,0,0,0,0,0,0,0,0,0,0,0,0,0,0,0.0,0.0,18.0,11.0,35.8,1.3,0.2777777777777778,0.0,0.0,17.0,17.0,36.2,2.1,0.5,0.0,0.0,17.0,17.0,39.3,3.8,0.3333333333333333,3.0,-6.0,200.0,0.0,0.1111111111111111,3,5,54.0,13.0,1534,1033,1235
243,202308020304,0,0,0,0,0,0,0,1,0,0,0,0,0,0,0,0,0,0,0,0,0,0,0,0,0,0,0,0,0,0,0,0,0,0,0,0,0.0,0.0,12.0,12.0,35.7,2.3,0.9166666666666666,0.0,0.0,13.0,12.0,37.2,3.1,1.0,0.0,0.0,15.0,16.0,37.1,3.0,1.0,2.0,4.0,-200.0,0.0,0.0,8,17,141.1,15.0,1693,1736,1167
244,202308020304,0,0,0,0,0,0,0,1,0,0,0,0,0,0,0,0,0,0,0,0,0,0,0,0,0,0,0,0,0,0,0,0,0,0,0,0,0.0,0.0,6.0,5.0,40.1,1.9,0.4,0.0,0.0,17.0,17.0,41.0,6.5,0.5882352941176471,0.0,0.0,17.0,17.0,37.9,3.3,0.8823529411764706,6.0,-1.0,-100.0,0.0,0.0,5,9,208.9,17.0,1289,1708,1428
245,202308020309,0,1,0,8,0,0,0,0,0,0,0,0,0,0,0,4,0,0,0,0,0,0,0,0,0,0,0,0,0,0,0,0,0,0,0,0,0.0,0.0,30.0,1.0,35.5,0.0,0.14285714285714285,,,,,,,,,,,,,,,,,0.0,0.11363636363636363,0.29545454545454547,4,4,7.7,5.0,1393,1160,1263
246,202308020309,0,0,0,0,0,0,0,0,0,0,0,0,0,0,0,0,0,0,0,0,0,0,0,0,0,0,0,0,0,0,0,0,0,0,0,0,0.0,0.0,10.0,1.0,34.6,0.0,0.375,0.0,0.0,30.0,2.0,34.3,0.2,0.625,,,,,,,,1.0,2.0,-200.0,0.09523809523809523,0.14285714285714285,3,3,3.6,1.0,1434,302,969
247,202308020309,0,0,0,2,0,1,0,3,0,0,0,0,0,0,0,0,0,0,0,0,0,0,0,0,0,0,0,0,0,0,0,0,0,0,0,0,0.0,0.0,10.0,1.0,34.0,0.0,0.5555555555555556,0.0,0.0,10.0,2.0,34.7,0.1,0.7,0.0,0.0,20.0,4.0,35.0,0.4,0.6,1.5,0.0,0.0,0.0,0.21428571428571427,7,8,7.1,4.0,1657,1328,1317
248,202308020309,2,4,3,11,0,0,0,0,0,0,0,0,0,0,0,1,0,0,0,0,0,0,0,0,0,0,0,0,0,0,0,0,0,0,0,0,0.0,0.0,70.0,4.0,34.4,0.7,0.25,0.0,0.0,40.0,1.0,35.1,0.0,0.375,,,,,,,,-3.0,4.0,-200.0,,,8,9,3.8,2.0,1127,1506,1328
249,202308020309,0,0,0,0,0,2,0,5,0,0,0,0,0,0,0,0,0,0,0,1,0,0,0,0,0,0,0,0,0,0,0,0,0,0,0,0,0.0,0.0,20.0,1.0,34.6,0.0,0.1111111111111111,,,,,,,,,,,,,,,,,200.0,0.057692307692307696,0.17307692307692307,2,2,13.0,6.0,1479,1405,857
250,202308020309,0,0,0,0,0,0,0,0,0,0,0,0,0,0,0,0,0,0,0,0,0,0,0,0,0,0,0,0,0,0,0,0,0,0,0,0,0.0,0.0,80.0,8.0,42.9,2.0,0.4166666666666667,0.0,0.0,80.0,8.0,35.6,1.9,1.0,0.0,0.0,100.0,6.0,35.3,0.5,0.9,-1.0,-8.0,0.0,,,5,5,231.6,10.0,1699,1039,1313
251,202308020309,0,0,0,2,0,0,0,3,0,0,0,0,0,0,0,0,0,0,0,1,0,0,0,0,0,0,0,0,0,0,0,0,0,0,0,0,0.0,0.0,10.0,1.0,33.6,0.0,0.14285714285714285,0.0,0.0,10.0,3.0,37.3,0.3,0.2,0.0,0.0,30.0,2.0,35.2,0.1,0.2,0.5,-4.0,-200.0,0.14705882352941177,0.2647058823529412,1,1,13.2,7.0,1657,1362,1317
252,202308020309,1,0,0,3,0,0,0,0,0,0,0,0,0,0,0,1,0,0,0,0,0,0,0,0,0,0,0,0,0,0,0,0,0,0,0,0,0.0,0.0,11.0,13.0,38.0,1.5,0.6666666666666666,0.0,0.0,12.0,11.0,36.7,1.3,0.5384615384615384,0.0,0.0,10.0,8.0,34.9,0.6,0.18181818181818182,-2.5,16.0,0.0,0.0,0.18,8,10,54.6,8.0,1172,1090,1556
253,202308020309,0,3,1,9,0,0,0,0,0,0,0,0,0,0,0,0,0,0,0,0,0,0,0,0,0,0,0,0,0,0,0,0,0,0,0,0,0.0,0.0,10.0,1.0,35.2,0.0,0.23076923076923078,,,,,,,,,,,,,,,,,-100.0,0.2608695652173913,0.4782608695652174,6,6,4.8,3.0,1098,1716,1294
254,202308020309,0,0,0,0,0,0,0,0,0,0,0,0,0,0,0,0,0,0,0,0,0,0,0,0,0,0,0,0,0,0,0,0,0,0,0,0,0.0,0.0,1.0,3.0,37.1,0.6,0.3,0.0,0.0,9.0,10.0,36.7,2.5,1.0,,,,,,,,7.0,2.0,580.0,0.0,0.0,7,7,167.9,9.0,1434,272,969
255,202308020409,0,0,0,0,1,0,0,3,0,0,0,0,0,0,0,0,0,0,0,0,0,0,0,0,0,0,0,0,0,0,0,0,0,0,0,0,0.0,0.0,70.0,7.0,34.0,0.6,0.6470588235294118,0.0,0.0,50.0,6.0,33.2,1.1,0.8181818181818182,0.0,0.0,100.0,2.0,32.9,0.1,0.9285714285714286,-2.5,0.0,0.0,0.0,0.1111111111111111,7,9,6.8,4.0,1204,796,1221
256,202308020409,14,10,10,76,1,1,0,6,1,1,0,1,3,1,4,16,1,1,0,1,1,1,0,0,0,0,0,0,0,0,0,0,0,0,0,0,0.0,0.0,15.0,16.0,36.3,1.6,0.16666666666666666,0.0,0.0,11.0,8.0,34.1,0.6,1.0,0.0,0.0,16.0,8.0,34.3,0.4,0.8823529411764706,-4.0,-2.0,200.0,0.2222222222222222,0.4444444444444444,3,3,15.3,6.0,1152,1686,1428
257,202308020409,22,28,14,167,8,20,17,119,1,3,0,8,7,4,5,34,2,0,1,13,1,0,0,2,1,0,0,3,0,0,0,0,0,0,0,0,0.0,0.0,100.0,10.0,33.8,0.4,0.3125,0.0,0.0,100.0,9.0,35.1,0.6,0.4117647058823529,0.0,0.0,90.0,14.0,35.1,1.6,0.7333333333333333,2.0,8.0,200.0,0.0,0.25,6,6,11.3,5.0,1716,1013,1167
258,202308020409,19,16,15,168,0,1,0,6,0,0,0,1,1,2,0,12,0,0,0,2,0,0,0,0,0,0,0,2,0,0,0,0,0,0,0,0,0.0,0.0,40.0,5.0,34.0,1.3,0.5,0.0,0.0,40.0,1.0,35.5,0.0,0.14285714285714285,0.0,0.0,140.0,6.0,35.5,0.5,0.25,0.5,-2.0,-200.0,0.1935483870967742,0.2903225806451613,7,8,15.6,7.0,1503,1331,1263
259,202308020409,22,28,14,167,8,5,4,94,1,1,2,12,7,4,5,34,2,1,3,16,0,1,2,1,1,0,0,3,0,0,1,2,0,0,0,1,0.0,0.0,60.0,12.0,35.5,0.6,0.42857142857142855,0.0,0.0,20.0,4.0,35.8,0.4,0.5714285714285714,0.0,0.0,50.0,4.0,35.3,0.3,0.3333333333333333,-4.0,6.0,-400.0,0.0,0.25,1,1,3.8,2.0,1716,1556,1167
260,202308020409,6,5,8,63,3,3,1,12,1,0,1,1,0,2,3,17,0,0,0,1,0,0,0,0,0,0,0,2,0,0,0,0,0,0,0,0,0.0,0.0,15.0,13.0,36.8,1.3,0.8125,0.0,0.0,16.0,7.0,34.3,1.3,0.7222222222222222,0.0,0.0,15.0,6.0,36.9,0.7,0.625,-3.5,-10.0,0.0,0.0,0.1,4,4,62.4,11.0,1172,324,1556
261,202308020409,5,9,9,60,17,10,16,124,3,0,0,3,0,0,0,12,0,0,1,20,0,0,0,0,0,0,0,0,0,0,1,3,0,0,0,0,0.0,0.0,12.0,9.0,34.0,0.3,0.8888888888888888,0.0,0.0,12.0,4.0,34.5,0.7,0.75,0.0,0.0,10.0,7.0,34.4,0.5,0.7272727272727273,-1.0,-14.0,200.0,0.018867924528301886,0.18867924528301888,6,7,50.4,10.0,1098,1167,1294
262,202308020409,1,5,1,34,0,0,0,4,0,0,0,1,0,1,0,8,0,0,0,0,0,0,0,0,0,0,0,1,0,0,0,0,0,0,0,0,0.0,0.0,13.0,9.0,35.3,1.3,0.6428571428571429,0.0,0.0,15.0,13.0,37.4,1.2,0.875,0.0,0.0,11.0,16.0,37.9,1.9,0.375,3.5,16.0,400.0,0.0,0.0,2,2,42.1,9.0,1645,1128,1366
263,202308020409,0,0,0,0,0,0,0,1,0,0,0,0,0,0,0,0,0,0,0,0,0,0,0,0,0,0,0,0,0,0,0,0,0,0,0,0,0.0,0.0,40.0,5.0,34.2,0.5,0.4117647058823529,0.0,0.0,20.0,1.0,35.3,0.0,0.16666666666666666,0.0,0.0,40.0,3.0,36.2,1.0,0.1111111111111111,-1.0,14.0,0.0,0.05555555555555555,0.16666666666666666,5,5,5.1,3.0,1475,1736,1645
264,202308020409,0,0,0,0,2,2,1,6,0,0,0,0,0,0,0,0,0,0,1,2,0,0,0,0,0,0,0,0,0,0,0,0,0,0,0,0,0.0,0.0,16.0,12.0,34.8,0.9,0.4117647058823529,0.0,0.0,8.0,6.0,34.0,0.9,0.6,0.0,0.0,11.0,11.0,40.1,3.1,0.8461538461538461,-0.5,8.0,-600.0,0.0,0.125,8,10,40.3,8.0,1289,391,1428
265,202308020409,19,16,15,168,0,0,0,0,0,0,0,0,1,2,0,12,0,0,0,0,0,0,0,0,0,0,0,2,0,0,0,0,0,0,0,0,0.0,0.0,50.0,1.0,34.4,0.0,0.07142857142857142,0.0,0.0,60.0,1.0,35.9,0.0,0.07142857142857142,0.0,0.0,50.0,4.0,35.0,0.4,0.23076923076923078,1.5,2.0,0.0,0.0,0.16666666666666666,8,11,2.8,1.0,1503,927,1263
266,202308020508,1,0,1,12,0,0,0,0,0,0,0,0,0,0,1,2,0,0,0,0,0,0,0,0,0,0,0,1,0,0,0,0,0,0,0,0,0.0,0.0,60.0,2.0,36.8,0.1,0.2,0.0,0.0,10.0,1.0,35.7,0.0,0.2222222222222222,0.0,0.0,50.0,2.0,36.0,0.1,0.2857142857142857,0.0,2.0,200.0,0.0,0.23529411764705882,2,2,2.4,2.0,1716,1127,1167
267,202308020508,0,0,0,2,0,0,0,1,0,0,0,0,0,0,0,0,0,0,0,0,0,0,0,0,0,0,0,0,0,0,0,0,0,0,0,0,0.0,0.0,10.0,4.0,35.2,1.0,0.125,0.0,0.0,30.0,1.0,37.2,0.0,0.1111111111111111,0.0,0.0,10.0,10.0,35.9,2.7,0.9,3.0,14.0,-200.0,0.1875,0.5,6,6,2.3,1.0,1657,1312,1317
268,202308020508,0,0,0,0,0,0,0,0,0,0,0,0,0,0,0,0,0,0,0,0,0,0,0,0,0,0,0,0,0,0,0,0,0,0,0,0,0.0,0.0,20.0,1.0,37.8,0.0,0.18181818181818182,0.0,0.0,40.0,4.0,38.0,1.4,0.42857142857142855,,,,,,,,3.0,-4.0,-100.0,,,3,3,7.8,3.0,1629,168,1428
269,202308020508,0,0,0,0,0,0,0,0,0,0,0,0,0,0,0,0,0,0,0,0,0,0,0,0,0,0,0,0,0,0,0,0,0,0,0,0,0.0,0.0,30.0,2.0,36.5,0.2,0.2857142857142857,0.0,0.0,70.0,4.0,37.0,0.7,0.4666666666666667,0.0,0.0,60.0,1.0,36.4,0.0,0.4,-0.5,0.0,200.0,0.07692307692307693,0.15384615384615385,5,5,9.3,4.0,1246,1034,533
270,202308020508,0,0,0,0,0,0,1,3,0,0,0,0,0,0,0,0,0,0,1,1,0,0,0,0,0,0,0,0,0,0,0,0,0,0,0,0,0.0,0.0,10.0,10.0,35.2,1.0,0.75,0.0,0.0,15.0,8.0,34.8,0.9,0.2777777777777778,0.0,0.0,10.0,6.0,35.0,0.5,0.36363636363636365,-2.0,2.0,200.0,0.05454545454545454,0.16363636363636364,1,1,9.6,5.0,1534,1503,1235
271,202308020508,0,3,1,9,2,0,0,7,0,0,0,0,0,0,0,0,1,0,0,1,0,0,0,0,0,0,0,0,0,0,0,0,0,0,0,0,0.0,0.0,110.0,9.0,37.2,1.2,0.6666666666666666,0.0,0.0,20.0,1.0,36.0,0.0,0.4444444444444444,0.0,0.0,20.0,4.0,36.3,0.9,0.4166666666666667,-2.5,-6.0,200.0,0.1875,0.28125,4,4,31.8,6.0,1098,1183,1294
272,202308020601,0,0,0,1,3,0,0,13,0,0,0,0,0,0,0,0,0,0,0,1,0,0,0,0,0,0,0,0,0,0,0,0,0,0,0,0,0.0,0.0,80.0,2.0,36.2,0.2,0.5833333333333334,0.0,0.0,80.0,3.0,35.4,0.9,0.08333333333333333,,,,,,,,1.0,18.0,0.0,0.0,0.30434782608695654,8,10,2.4,1.0,1089,1170,1428
273,202308020601,0,0,0,5,0,2,3,5,0,0,0,0,0,0,0,0,0,1,0,2,0,0,0,0,0,0,0,0,0,0,0,0,0,0,0,0,0.0,0.0,130.0,3.0,34.8,0.6,0.4444444444444444,,,,,,,,,,,,,,,,,0.0,0.3125,0.5,4,4,4.8,3.0,432,239,361
274,202308020601,0,0,0,2,7,12,10,77,0,0,0,0,0,0,0,0,1,0,1,8,0,0,0,0,0,0,0,0,1,0,1,2,0,0,0,0,0.0,0.0,60.0,6.0,35.0,0.8,0.7272727272727273,0.0,0.0,20.0,5.0,40.4,1.8,0.3333333333333333,0.0,0.0,60.0,6.0,40.9,1.3,0.375,0.0,-4.0,0.0,0.2,0.5,3,3,26.4,7.0,1601,1183,239
275,202308020601,15,16,14,129,0,0,0,5,0,0,0,1,5,8,6,37,0,0,0,0,0,0,0,0,1,3,1,7,0,0,0,0,0,0,0,0,0.0,0.0,60.0,12.0,35.3,1.2,0.1111111111111111,0.0,0.0,50.0,4.0,35.5,0.8,0.16666666666666666,0.0,0.0,60.0,4.0,35.4,0.1,0.11764705882352941,-4.0,0.0,200.0,0.09090909090909091,0.18181818181818182,1,1,24.5,6.0,1393,237,1263
276,202308020601,0,0,0,0,0,0,0,0,0,0,0,0,0,0,0,0,0,0,0,0,0,0,0,0,0,0,0,0,0,0,0,0,0,0,0,0,0.0,0.0,30.0,3.0,34.5,0.8,0.3333333333333333,0.0,0.0,10.0,3.0,35.6,0.9,0.875,,,,,,,,0.0,14.0,-200.0,0.24,0.44,8,11,3.0,2.0,1352,502,1503
277,202308020601,2,5,5,86,0,0,0,0,0,0,0,0,1,0,0,3,0,0,0,0,0,0,0,0,0,0,0,1,0,0,0,0,0,0,0,0,0.0,0.0,1.0,2.0,36.9,0.5,0.5714285714285714,0.0,0.0,18.0,13.0,36.9,1.7,0.05555555555555555,0.0,0.0,18.0,16.0,34.5,0.5,0.8888888888888888,7.0,0.0,400.0,0.0,0.16666666666666666,2,2,91.9,8.0,1561,1665,1263
278,202308020601,0,0,0,0,1,0,1,10,0,0,0,0,0,0,0,0,0,0,0,0,0,0,0,0,0,0,0,0,0,0,0,0,0,0,0,0,0.0,0.0,3.0,5.0,38.9,0.8,0.7777777777777778,0.0,0.0,17.0,7.0,35.3,0.8,0.6666666666666666,0.0,0.0,8.0,7.0,35.3,2.3,1.0,1.0,11.0,-100.0,0.0,0.09090909090909091,6,6,12.0,4.0,1434,1574,969
279,202308020601,0,0,0,0,8,5,4,94,0,0,0,0,0,0,0,0,2,1,3,16,0,0,0,0,0,0,0,0,1,1,1,3,0,0,0,0,0.0,0.0,12.0,8.0,40.7,2.1,0.75,0.0,0.0,15.0,11.0,37.0,2.4,0.6875,0.0,0.0,12.0,13.0,37.0,2.0,0.5,2.5,43.0,-100.0,0.0,0.0,6,7,385.7,11.0,1038,1556,489
280,202308020601,0,0,0,0,0,0,0,0,0,0,0,0,0,0,0,0,0,0,0,0,0,0,0,0,0,0,0,0,0,0,0,0,0,0,0,0,0.0,0.0,18.0,11.0,35.8,1.3,0.2777777777777778,0.0,0.0,17.0,17.0,36.2,2.1,0.5,0.0,0.0,17.0,17.0,39.3,3.8,0.3333333333333333,3.0,-6.0,200.0,0.05263157894736842,0.15789473684210525,7,8,291.0,9.0,1534,1033,1235
281,202308020601,1,0,0,4,17,10,16,124,0,0,0,1,1,0,0,3,0,0,1,20,0,0,0,1,0,0,0,1,0,0,0,6,0,0,0,0,0.0,0.0,8.0,8.0,42.3,4.2,0.25,0.0,0.0,13.0,14.0,42.9,5.5,0.3125,0.0,0.0,14.0,14.0,37.3,2.1,0.35714285714285715,3.0,-16.0,-100.0,0.0,0.12,5,5,334.4,10.0,1629,1167,1428
282,202308020601,15,10,14,122,0,0,0,0,0,0,0,0,1,0,1,16,0,0,0,0,0,0,0,0,1,0,0,7,0,0,0,0,0,0,0,0,0.0,0.0,4.0,4.0,39.1,0.5,0.8333333333333334,0.0,0.0,13.0,16.0,38.1,3.2,0.2777777777777778,0.0,0.0,10.0,8.0,39.7,1.7,0.3125,2.0,12.0,0.0,0.05555555555555555,0.2777777777777778,7,9,12.4,5.0,1127,969,1328
283,202308020604,0,0,0,0,16,15,14,100,0,0,0,0,0,0,0,0,1,2,1,19,0,0,0,0,0,0,0,0,0,0,0,1,0,0,0,0,,,,,,,,,,,,,,,,,,,,,,,,,0.08888888888888889,0.17777777777777778,3,5,6.3,4.0,1564,1428,334
284,202308020604,1,0,0,4,0,0,0,0,0,0,0,0,1,0,0,3,0,0,0,0,0,0,0,0,1,0,0,2,0,0,0,0,0,0,0,0,,,,,,,,,,,,,,,,,,,,,,,,,0.07142857142857142,0.07142857142857142,7,14,81.0,13.0,1629,1665,1428
285,202308020604,22,28,14,167,16,15,14,100,3,3,2,18,7,4,5,34,1,2,1,19,1,1,0,7,1,0,0,5,0,0,0,1,0,0,0,1,,,,,,,,,,,,,,,,,,,,,,,,,0.05263157894736842,0.2631578947368421,4,8,3.2,1.0,1716,1428,1167
286,202308020604,5,9,9,60,16,15,14,100,1,3,2,8,0,0,0,12,1,2,1,19,0,0,0,2,0,0,0,1,0,0,0,1,0,0,0,0,,,,,,,,,,,,,,,,,,,,,,,,,0.23076923076923078,0.4230769230769231,8,18,5.9,3.0,1098,1428,1294
287,202308020604,0,0,0,0,3,6,6,37,0,0,0,0,0,0,0,0,0,0,0,4,0,0,0,0,0,0,0,0,0,0,0,1,0,0,0,0,,,,,,,,,,,,,,,,,,,,,,,,,0.03571428571428571,0.32142857142857145,8,17,68.2,10.0,1045,1482,969
288,202308020604,0,0,0,0,3,2,2,13,0,0,0,0,0,0,0,0,0,0,0,4,0,0,0,0,0,0,0,0,0,0,0,3,0,0,0,0,0.0,0.0,2.0,12.0,46.4,4.5,0.16666666666666666,0.0,0.0,9.0,6.0,35.5,0.9,0.3888888888888889,,,,,,,,-6.0,-18.0,100.0,,,8,16,44.6,9.0,1632,1014,1167
289,202308020604,0,0,0,0,7,12,10,77,0,0,0,0,0,0,0,0,1,0,1,8,0,0,0,0,0,0,0,0,0,0,0,0,0,0,0,0,,,,,,,,,,,,,,,,,,,,,,,,,0.1276595744680851,0.2978723404255319,1,1,5.8,2.0,1479,1183,857
290,202308020604,9,9,7,55,0,3,1,21,0,0,0,0,2,2,0,13,0,1,1,4,0,0,0,0,0,1,0,0,0,0,0,0,0,0,0,0,0.0,0.0,1.0,1.0,39.4,0.0,0.125,0.0,0.0,13.0,8.0,39.6,1.8,0.5384615384615384,0.0,0.0,10.0,10.0,41.9,2.4,0.7272727272727273,4.5,15.0,0.0,0.0,0.09090909090909091,6,12,197.2,18.0,1431,1393,1428
291,202308020604,15,16,14,129,0,0,0,2,0,0,0,1,5,8,6,37,0,0,0,1,0,0,0,1,0,1,0,1,0,0,0,0,0,0,0,0,0.0,0.0,7.0,8.0,42.4,2.5,0.7,0.0,0.0,15.0,12.0,38.0,1.7,0.9375,0.0,0.0,16.0,16.0,35.2,1.5,0.7222222222222222,4.0,12.0,170.0,0.018518518518518517,0.18518518518518517,3,6,161.2,17.0,1393,61,1263
292,202308020604,0,3,0,3,0,0,1,5,0,0,0,0,0,1,0,0,0,0,0,1,0,0,0,0,0,0,0,0,0,0,0,1,0,0,0,0,0.0,0.0,2.0,10.0,44.8,3.5,0.08333333333333333,0.0,0.0,11.0,10.0,38.3,1.9,0.25,0.0,0.0,9.0,11.0,41.9,2.1,0.13333333333333333,0.5,25.0,0.0,0.0,0.14285714285714285,6,11,107.4,15.0,1677,1145,1167
293,202308020604,13,3,10,76,1,1,0,4,0,0,0,0,1,0,1,13,0,1,0,0,0,0,0,0,0,0,0,0,0,1,0,0,0,0,0,0,0.0,0.0,3.0,4.0,41.0,1.5,0.6666666666666666,0.0,0.0,3.0,11.0,42.0,2.7,0.7142857142857143,0.0,0.0,6.0,9.0,37.4,1.0,0.7857142857142857,2.5,-3.0,0.0,0.0,0.0,2,4,75.1,11.0,1304,1332,1503
294,202308020604,13,18,21,133,0,3,1,21,0,0,0,0,1,1,0,11,0,1,1,4,0,0,0,0,0,0,0,1,0,0,0,0,0,0,0,0,0.0,0.0,2.0,2.0,40.6,0.1,0.36363636363636365,0.0,0.0,4.0,7.0,38.0,1.0,0.5625,0.0,0.0,6.0,5.0,37.2,2.4,0.6428571428571429,1.5,11.0,0.0,0.0,0.08333333333333333,5,9,24.9,7.0,1506,1393,199
295,202308020604,0,0,0,0,0,3,0,12,0,0,0,0,0,0,0,0,0,0,0,4,0,0,0,0,0,0,0,0,0,0,0,0,0,0,0,0,,,,,,,,,,,,,,,,,,,,,,,,,0.05,0.15,4,7,15.1,6.0,1352,1592,1503
296,202308020604,0,0,0,0,0,3,1,21,0,0,0,0,0,0,0,0,0,1,1,4,0,0,0,0,0,0,0,0,0,0,0,0,0,0,0,0,,,,,,,,,,,,,,,,,,,,,,,,,0.05357142857142857,0.16071428571428573,7,15,78.8,12.0,1467,1393,336
297,202308020604,0,0,0,0,0,0,0,4,0,0,0,0,0,0,0,0,0,0,0,0,0,0,0,0,0,0,0,0,0,0,0,0,0,0,0,0,0.0,0.0,2.0,4.0,42.4,0.8,0.3333333333333333,0.0,0.0,6.0,14.0,38.2,1.7,0.4666666666666667,0.0,0.0,3.0,10.0,38.3,1.4,0.6,3.0,17.0,0.0,0.0,0.11538461538461539,7,13,134.4,16.0,1261,1205,387
298,202308020604,0,0,0,0,0,2,0,3,0,0,0,0,0,0,0,0,0,0,0,0,0,0,0,0,0,0,0,0,0,0,0,0,0,0,0,0,0.0,0.0,9.0,10.0,35.2,1.4,0.9,0.0,0.0,10.0,10.0,35.2,2.2,0.9,0.0,0.0,11.0,12.0,36.9,2.0,0.9285714285714286,1.0,-2.0,-1000.0,0.29411764705882354,0.5294117647058824,5,10,35.9,8.0,1286,715,1503
299,202308020604,0,0,1,11,1,0,1,10,0,0,0,0,0,0,0,5,0,0,0,0,0,0,0,0,0,0,0,2,0,0,0,0,0,0,0,0,0.0,0.0,9.0,12.0,45.8,7.8,0.4166666666666667,0.0,0.0,13.0,13.0,35.9,1.8,0.6875,0.0,0.0,14.0,17.0,36.7,2.9,0.7777777777777778,2.5,0.0,0.0,0.18181818181818182,0.5454545454545454,1,2,88.8,14.0,1343,1574,1428
300,202308020604,22,28,14,167,8,5,4,94,1,1,2,12,7,4,5,34,2,1,3,16,0,1,2,1,1,0,0,5,0,0,0,2,0,0,0,0,,,,,,,,,,,,,,,,,,,,,,,,,0.04878048780487805,0.2926829268292683,2,3,7.0,5.0,1716,1556,1167
301,202308020809,0,0,0,0,0,0,0,0,0,0,0,0,0,0,0,0,0,0,0,0,0,0,0,0,0,0,0,0,0,0,0,0,0,0,0,0,0.0,0.0,10.0,6.0,34.6,0.6,0.17647058823529413,0.0,0.0,10.0,1.0,35.0,0.0,0.2222222222222222,0.0,0.0,60.0,3.0,34.8,0.3,0.16666666666666666,-1.5,2.0,0.0,0.2777777777777778,0.5,6,8,4.3,3.0,1248,1719,1428
302,202308020809,22,28,14,167,8,5,4,94,1,1,2,12,7,4,5,34,2,1,3,16,0,1,2,1,1,0,0,3,0,0,1,2,0,0,0,1,0.0,0.0,60.0,12.0,35.5,0.6,0.42857142857142855,0.0,0.0,20.0,4.0,35.8,0.4,0.5714285714285714,0.0,0.0,50.0,4.0,35.3,0.3,0.3333333333333333,-4.0,6.0,-400.0,0.2222222222222222,0.4074074074074074,8,13,5.4,4.0,1716,1556,1167
303,202308020809,0,0,0,0,4,6,10,76,0,0,0,0,0,0,0,0,1,0,1,8,0,0,0,0,0,0,0,0,0,0,0,0,0,0,0,0,0.0,0.0,30.0,3.0,33.0,0.2,0.75,0.0,0.0,30.0,13.0,34.5,1.2,0.2,0.0,0.0,10.0,1.0,33.8,0.0,0.4444444444444444,-1.0,6.0,200.0,0.18181818181818182,0.2727272727272727,1,1,3.3,1.0,1064,1558,1556
304,202308020809,0,0,0,0,0,0,0,15,0,0,0,0,0,0,0,0,0,0,0,3,0,0,0,0,0,0,0,0,0,0,0,0,0,0,0,0,0.0,0.0,130.0,15.0,36.1,1.5,0.06666666666666667,0.0,0.0,12.0,12.0,34.6,1.1,0.21428571428571427,0.0,0.0,7.0,13.0,38.0,1.8,0.07142857142857142,-1.0,-8.0,-400.0,0.047619047619047616,0.2857142857142857,3,3,15.9,6.0,1195,1039,1428
305,202308020809,0,0,0,0,4,3,5,33,0,0,0,0,0,0,0,0,0,0,0,7,0,0,0,0,0,0,0,0,0,0,0,2,0,0,0,0,0.0,0.0,10.0,4.0,33.6,0.3,0.18181818181818182,0.0,0.0,70.0,4.0,33.3,0.2,0.35294117647058826,0.0,0.0,10.0,1.0,34.9,0.0,0.4,-1.5,6.0,-200.0,0.0,0.18181818181818182,7,10,4.1,2.0,1045,1036,969
306,202308020809,1,0,1,17,4,3,5,33,0,0,0,1,0,0,1,2,0,0,0,7,0,0,0,0,0,0,0,0,0,0,0,2,0,0,0,0,0.0,0.0,15.0,11.0,35.5,1.3,0.7333333333333333,0.0,0.0,17.0,11.0,34.0,1.1,1.0,0.0,0.0,13.0,6.0,34.5,0.6,0.6153846153846154,-2.5,-4.0,0.0,0.06976744186046512,0.09302325581395349,5,7,340.6,13.0,1714,1036,1167
307,202308020809,0,1,0,7,0,0,0,4,0,0,0,0,0,0,0,2,0,0,0,0,0,0,0,0,0,0,0,0,0,0,0,0,0,0,0,0,0.0,0.0,50.0,4.0,34.7,0.7,0.3333333333333333,0.0,0.0,100.0,5.0,33.8,0.4,0.2,0.0,0.0,70.0,5.0,34.1,0.3,0.6428571428571429,0.5,4.0,0.0,0.045454545454545456,0.09090909090909091,4,5,38.3,9.0,1463,1031,1167
308,202308020809,1,0,0,9,1,2,0,24,0,0,0,0,1,0,0,0,0,1,0,8,0,0,0,0,0,0,0,0,0,0,0,2,0,0,0,0,0.0,0.0,13.0,12.0,35.0,0.8,0.38461538461538464,0.0,0.0,16.0,12.0,36.2,1.7,0.11764705882352941,0.0,0.0,11.0,5.0,35.0,0.5,0.7272727272727273,-3.5,-2.0,0.0,0.25,0.5,7,11,228.1,12.0,1733,1108,1428
309,202308020809,22,28,14,167,8,20,17,119,1,3,0,8,7,4,5,34,2,0,1,13,1,0,0,2,1,0,0,3,0,0,0,0,0,0,0,0,0.0,0.0,50.0,3.0,34.4,0.1,0.45454545454545453,0.0,0.0,100.0,10.0,33.8,0.4,0.3125,0.0,0.0,100.0,9.0,35.1,0.6,0.4117647058823529,3.0,4.0,0.0,0.0,0.14285714285714285,5,6,25.5,7.0,1716,1013,1167
310,202308020809,0,0,0,2,2,1,0,26,0,0,0,0,0,0,0,0,0,0,0,3,0,0,0,0,0,0,0,0,0,0,0,0,0,0,0,0,0.0,0.0,10.0,4.0,34.2,0.7,0.8,0.0,0.0,3.0,8.0,34.3,1.4,0.23529411764705882,0.0,0.0,5.0,3.0,34.0,0.1,0.35714285714285715,-0.5,2.0,200.0,0.047619047619047616,0.14285714285714285,8,12,8.8,5.0,1601,1503,239
311,202308020809,13,3,10,76,0,0,0,0,0,0,0,0,1,0,1,13,0,0,0,0,0,0,0,0,0,0,0,3,0,0,0,0,0,0,0,0,0.0,0.0,20.0,9.0,35.5,1.4,0.3333333333333333,0.0,0.0,80.0,9.0,35.6,0.8,0.2777777777777778,0.0,0.0,10.0,1.0,34.8,0.0,0.18181818181818182,-4.0,-2.0,0.0,0.0,0.2727272727272727,2,2,33.0,8.0,1304,741,1503
312,202308020809,0,0,0,0,2,1,1,24,0,0,0,0,0,0,0,0,0,0,0,7,0,0,0,0,0,0,0,0,0,0,0,0,0,0,0,0,0.0,0.0,70.0,6.0,34.5,0.2,0.2222222222222222,0.0,0.0,110.0,1.0,35.3,0.0,0.07142857142857142,0.0,0.0,70.0,14.0,38.6,3.8,0.13333333333333333,4.0,-4.0,-200.0,0.10869565217391304,0.1956521739130435,4,4,86.6,10.0,1248,1708,1428
313,202308020809,1,0,0,9,3,0,2,21,0,0,0,0,1,0,0,0,2,0,1,3,0,0,0,0,0,0,0,0,1,0,1,1,0,0,0,0,0.0,0.0,15.0,10.0,36.2,0.8,0.8666666666666667,0.0,0.0,16.0,11.0,37.5,1.5,0.6875,0.0,0.0,18.0,17.0,33.3,1.3,0.9444444444444444,3.5,0.0,200.0,0.034482758620689655,0.3103448275862069,6,9,155.2,11.0,1733,1589,1428
314,202308020811,2,10,5,65,0,1,1,4,0,1,0,0,0,0,1,16,0,0,0,0,0,0,0,0,0,0,1,2,0,0,0,0,0,0,0,0,0.0,0.0,50.0,2.0,33.9,0.0,0.18181818181818182,0.0,0.0,30.0,4.0,35.3,0.5,0.4375,0.0,0.0,40.0,4.0,35.2,0.3,0.3076923076923077,1.0,2.0,-200.0,0.0,0.0,2,3,21.6,10.0,1317,1238,1186
315,202308020811,1,0,0,4,3,2,3,42,1,0,0,0,1,0,0,3,1,0,0,5,1,0,0,0,0,0,0,0,0,0,0,0,0,0,0,0,0.0,0.0,7.0,2.0,,,,0.0,0.0,5.0,7.0,34.3,0.2,0.5294117647058824,0.0,0.0,6.0,2.0,34.2,0.1,0.2222222222222222,0.0,,49.0,0.5,0.5,7,15,10.9,6.0,1629,1376,1428
316,202308020811,0,0,0,0,0,0,0,4,0,0,0,0,0,0,0,0,0,0,0,0,0,0,0,0,0,0,0,0,0,0,0,0,0,0,0,0,0.0,0.0,12.0,5.0,33.7,0.7,0.7222222222222222,0.0,0.0,5.0,6.0,33.3,0.3,1.0,0.0,0.0,10.0,6.0,34.0,0.2,0.6470588235294118,0.5,4.0,200.0,0.03333333333333333,0.3,8,18,33.7,11.0,673,760,248
317,202308020811,0,1,0,7,0,0,0,2,0,0,0,0,0,0,0,2,0,0,0,0,0,0,0,0,0,0,0,0,0,0,0,0,0,0,0,0,0.0,0.0,10.0,3.0,34.2,0.1,0.17647058823529413,0.0,0.0,20.0,2.0,32.7,0.1,0.3333333333333333,0.0,0.0,20.0,1.0,35.9,0.0,0.2222222222222222,-1.0,10.0,0.0,0.17647058823529413,0.29411764705882354,1,2,6.3,3.0,1463,599,1167
318,202308020811,2,4,0,17,8,5,4,94,0,0,0,1,0,0,0,2,2,1,3,16,0,0,0,0,0,0,0,0,1,0,0,4,0,0,0,0,0.0,0.0,80.0,6.0,34.4,0.4,0.5,0.0,0.0,70.0,16.0,36.8,2.3,0.9375,0.0,0.0,70.0,2.0,33.2,0.1,0.2777777777777778,-2.0,-2.0,200.0,0.05,0.3,8,16,14.0,7.0,1009,1556,298
319,202308020811,0,1,3,14,0,0,0,0,0,0,0,0,0,0,0,1,0,0,0,0,0,0,0,0,0,0,0,0,0,0,0,0,0,0,0,0,0.0,0.0,3.0,2.0,33.8,0.1,0.7647058823529411,0.0,0.0,2.0,6.0,33.6,0.4,0.8888888888888888,0.0,0.0,10.0,5.0,34.9,0.5,1.0,1.5,8.0,0.0,0.0,0.2647058823529412,4,8,5.6,2.0,314,378,324
320,202308020811,0,1,0,7,3,1,1,3,0,0,0,0,0,0,0,2,0,0,0,0,0,0,0,0,0,0,0,0,0,0,0,0,0,0,0,0,0.0,0.0,5.0,7.0,33.1,0.5,0.8125,0.0,0.0,6.0,4.0,35.6,0.3,0.5,0.0,0.0,1.0,7.0,34.3,0.5,0.4444444444444444,0.0,4.0,-200.0,0.21428571428571427,0.42857142857142855,5,9,3.9,1.0,1463,377,1167
321,202308020811,0,3,0,3,2,1,0,26,0,0,0,0,0,1,0,0,0,0,0,3,0,0,0,0,0,0,0,0,0,0,0,0,0,0,0,0,0.0,0.0,7.0,14.0,35.3,1.6,0.625,0.0,0.0,9.0,8.0,34.1,0.5,0.6111111111111112,0.0,0.0,1.0,7.0,33.7,0.5,0.7272727272727273,-3.5,0.0,-200.0,0.0,0.0,7,14,18.5,9.0,1677,1503,1167
322,202308020811,0,0,0,0,6,9,7,66,0,0,0,0,0,0,0,0,2,1,2,16,0,0,0,0,0,0,0,0,0,1,0,4,0,0,0,0,0.0,0.0,20.0,3.0,35.5,0.2,0.3125,0.0,0.0,10.0,3.0,35.2,0.3,0.3125,0.0,0.0,50.0,15.0,36.3,1.5,0.7777777777777778,6.0,6.0,200.0,0.0,1.0,2,4,8.4,4.0,1534,1345,1235
323,202308020811,0,0,0,0,1,0,0,0,0,0,0,0,0,0,0,0,0,0,0,0,0,0,0,0,0,0,0,0,0,0,0,0,0,0,0,0,0.0,0.0,110.0,11.0,35.0,1.4,0.75,0.0,0.0,30.0,16.0,34.1,1.1,0.8333333333333334,0.0,0.0,60.0,1.0,34.5,0.0,0.8181818181818182,-5.0,-2.0,-400.0,0.06818181818181818,0.09090909090909091,4,7,215.7,17.0,684,114,429
324,202308020811,0,0,0,1,1,0,1,4,0,0,0,0,0,0,0,0,0,0,0,1,0,0,0,0,0,0,0,0,0,0,0,0,0,0,0,0,0.0,0.0,3.0,8.0,34.5,0.8,0.4117647058823529,0.0,0.0,10.0,7.0,32.5,0.6,0.7777777777777778,0.0,0.0,5.0,11.0,34.8,0.8,0.4444444444444444,1.5,-6.0,200.0,,,1,1,9.3,5.0,272,1543,1433
325,202308020811,0,0,0,0,0,0,0,1,0,0,0,0,0,0,0,0,0,0,0,0,0,0,0,0,0,0,0,0,0,0,0,0,0,0,0,0,0.0,0.0,70.0,4.0,34.3,0.3,0.3333333333333333,0.0,0.0,50.0,9.0,33.7,0.7,0.1111111111111111,0.0,0.0,120.0,10.0,35.8,0.8,0.29411764705882354,3.0,-2.0,200.0,0.0,0.0,3,5,84.5,15.0,1434,1561,969
326,202308020811,67,47,60,241,4,6,11,50,1,4,7,11,6,6,7,27,0,0,1,7,0,0,0,3,2,1,3,9,0,0,0,2,0,0,0,2,0.0,0.0,4.0,11.0,34.9,0.7,0.3333333333333333,0.0,0.0,5.0,8.0,36.1,0.7,0.42857142857142855,0.0,0.0,10.0,9.0,34.3,0.6,0.6875,-1.0,0.0,-400.0,0.06666666666666667,0.13333333333333333,6,12,17.1,8.0,1428,848,1263
327,202308020811,0,0,0,5,4,4,7,40,0,0,0,1,0,0,0,2,0,0,1,7,0,0,0,0,0,0,0,0,0,0,0,1,0,0,0,0,0.0,0.0,20.0,1.0,34.3,0.0,0.4,0.0,0.0,30.0,4.0,33.0,0.2,0.25,0.0,0.0,10.0,12.0,35.6,0.8,0.15384615384615385,5.5,0.0,0.0,0.16666666666666666,0.5,5,10,63.3,14.0,1657,1618,1317
328,202308020811,14,10,10,76,3,3,2,8,1,1,1,0,3,1,4,16,0,1,0,1,0,0,0,0,0,0,1,2,0,0,0,1,0,0,0,0,0.0,0.0,140.0,4.0,33.8,0.2,0.7222222222222222,0.0,0.0,140.0,10.0,32.8,0.7,0.6666666666666666,0.0,0.0,130.0,15.0,34.3,1.0,0.7777777777777778,5.5,2.0,0.0,0.0,0.0,3,6,44.7,13.0,1152,577,1428
329,202308020811,22,28,14,167,2,2,1,10,0,1,0,1,7,4,5,34,0,0,1,0,0,0,0,0,1,1,0,8,0,0,1,0,0,0,0,0,0.0,0.0,18.0,16.0,34.0,1.1,0.9444444444444444,0.0,0.0,15.0,11.0,36.1,1.1,0.1875,0.0,0.0,7.0,15.0,33.8,1.8,0.9333333333333333,-0.5,10.0,0.0,0.10638297872340426,0.19148936170212766,6,11,349.7,18.0,1716,815,1167
330,202308020811,22,28,14,167,10,8,10,65,1,1,2,3,7,4,5,34,1,3,2,8,0,0,1,1,1,1,0,8,0,1,0,1,0,0,0,0,0.0,0.0,120.0,5.0,33.3,0.5,0.8888888888888888,0.0,0.0,40.0,5.0,35.3,0.4,0.625,0.0,0.0,13.0,10.0,34.6,0.4,0.375,2.5,2.0,200.0,0.14285714285714285,0.2571428571428571,8,17,39.9,12.0,1716,1294,1167
331,202308020811,9,9,7,55,3,4,2,5,1,1,1,1,2,2,0,13,0,0,0,1,0,0,0,1,0,0,0,0,0,0,0,0,0,0,0,0,0.0,0.0,17.0,16.0,35.5,1.2,0.4117647058823529,0.0,0.0,9.0,11.0,33.3,1.0,0.9230769230769231,0.0,0.0,14.0,10.0,33.4,0.5,0.8333333333333334,-3.0,0.0,0.0,0.01818181818181818,0.18181818181818182,7,13,136.0,16.0,1431,199,1428
332,202308020906,0,0,0,0,1,0,0,3,0,0,0,0,0,0,0,0,0,0,0,0,0,0,0,0,0,0,0,0,0,0,0,0,0,0,0,0,,,,,,,,,,,,,,,,,,,,,,,,,0.017857142857142856,0.17857142857142858,5,5,3.8,2.0,1243,796,1428
333,202308020906,0,0,0,0,0,1,0,20,0,0,0,0,0,0,0,0,0,0,0,4,0,0,0,0,0,0,0,0,0,0,0,1,0,0,0,0,,,,,,,,,,,,,,,,,,,,,,,,,0.06666666666666667,0.08888888888888889,4,4,10.3,6.0,1479,1221,857
334,202308020906,0,3,0,3,0,0,0,0,0,0,0,0,0,1,0,0,0,0,0,0,0,0,0,0,0,0,0,0,0,0,0,0,0,0,0,0,,,,,,,,,,,,,,,,,,,,,,,,,0.15384615384615385,0.46153846153846156,8,9,8.2,5.0,1677,1317,1167
335,202308020906,13,3,10,76,1,3,0,12,0,0,0,0,1,0,1,13,1,1,0,3,0,0,0,0,0,0,0,0,0,0,0,0,0,0,0,0,,,,,,,,,,,,,,,,,,,,,,,,,0.10416666666666667,0.1875,3,3,5.5,3.0,1304,1208,1503
336,202308020906,0,0,0,0,4,3,5,33,0,0,0,0,0,0,0,0,0,0,0,7,0,0,0,0,0,0,0,0,0,0,0,0,0,0,0,0,0.0,0.0,13.0,12.0,42.5,3.5,0.5,0.0,0.0,11.0,13.0,41.9,3.2,0.3333333333333333,0.0,0.0,9.0,4.0,39.3,1.4,0.21428571428571427,-4.0,2.0,-300.0,0.0,0.2571428571428571,8,10,6.8,4.0,1693,1036,1167
337,202308020906,0,0,0,0,0,0,0,3,0,0,0,0,0,0,0,0,0,0,0,0,0,0,0,0,0,0,0,0,0,0,0,0,0,0,0,0,,,,,,,,,,,,,,,,,,,,,,,,,0.05263157894736842,0.15789473684210525,7,7,17.9,7.0,1289,1571,1428
338,202308020906,22,28,14,167,2,1,2,9,0,0,0,0,7,4,5,34,1,0,1,4,0,0,0,0,1,0,0,5,0,0,0,1,0,0,0,0,0.0,0.0,1.0,1.0,38.5,0.0,0.6153846153846154,0.0,0.0,8.0,12.0,35.4,0.6,0.47058823529411764,0.0,0.0,6.0,7.0,35.9,0.7,0.5555555555555556,3.0,9.0,0.0,0.3157894736842105,0.5263157894736842,1,1,3.6,1.0,1716,1438,1167
339,202308020906,0,0,0,0,1,3,0,18,0,0,0,0,0,0,0,0,0,2,0,1,0,0,0,0,0,0,0,0,0,0,0,0,0,0,0,0,,,,,,,,,,,,,,,,,,,,,,,,,0.0,0.07692307692307693,2,2,127.6,10.0,1540,749,1036
340,202308020906,1,5,1,34,0,1,0,7,0,0,0,0,0,1,0,8,0,0,0,0,0,0,0,0,0,0,0,0,0,0,0,0,0,0,0,0,0.0,0.0,11.0,5.0,40.1,0.7,0.25,0.0,0.0,7.0,6.0,39.7,2.0,0.2857142857142857,0.0,0.0,11.0,12.0,41.5,3.4,0.8,3.5,4.0,-100.0,0.0,0.0,7,8,35.5,8.0,1645,178,1366
341,202308020906,0,0,0,0,0,1,0,28,0,0,0,0,0,0,0,0,0,0,0,3,0,0,0,0,0,0,0,0,0,0,0,2,0,0,0,0,0.0,0.0,2.0,9.0,40.0,1.1,0.9,0.0,0.0,15.0,16.0,42.3,4.5,0.25,0.0,0.0,16.0,13.0,39.1,2.8,0.375,2.0,9.0,100.0,0.0,0.125,6,6,101.5,9.0,1467,1328,336
342,202308030111,0,0,0,0,3,0,1,34,0,0,0,0,0,0,0,0,0,0,0,5,0,0,0,0,0,0,0,0,0,0,0,2,0,0,0,0,0.0,0.0,40.0,1.0,35.9,0.0,0.3076923076923077,,,,,,,,,,,,,,,,,200.0,0.0,0.1111111111111111,3,6,70.8,15.0,1540,1599,1036
343,202308030111,0,0,0,0,0,0,0,1,0,0,0,0,0,0,0,0,0,0,0,0,0,0,0,0,0,0,0,0,0,0,0,0,0,0,0,0,0.0,0.0,20.0,1.0,35.1,0.0,0.7142857142857143,0.0,0.0,30.0,5.0,37.6,0.6,0.2222222222222222,0.0,0.0,60.0,1.0,34.0,0.0,0.15384615384615385,0.0,2.0,200.0,0.06451612903225806,0.12903225806451613,1,1,17.1,9.0,1676,525,1428
344,202308030111,0,0,0,0,0,0,0,0,0,0,0,0,0,0,0,0,0,0,0,0,0,0,0,0,0,0,0,0,0,0,0,0,0,0,0,0,0.0,0.0,10.0,1.0,34.6,0.0,0.18181818181818182,0.0,0.0,20.0,1.0,35.0,0.0,0.2,0.0,0.0,60.0,3.0,35.1,0.2,0.2,1.0,-2.0,200.0,0.3,0.5,6,11,34.5,12.0,1704,1317,1712
345,202308030111,5,9,9,60,3,6,6,37,0,0,0,0,0,0,0,12,0,0,0,4,0,0,0,0,0,0,0,1,0,0,0,0,0,0,0,0,0.0,0.0,30.0,2.0,34.1,0.1,1.0,0.0,0.0,10.0,1.0,34.9,0.0,0.45454545454545453,,,,,,,,-1.0,4.0,0.0,0.0,1.0,4,7,5.5,1.0,1098,1482,1294
346,202308030111,13,3,10,76,0,0,0,0,0,0,0,0,1,0,1,13,0,0,0,0,0,0,0,0,0,0,0,2,0,0,0,0,0,0,0,0,0.0,0.0,50.0,8.0,34.6,1.1,0.3333333333333333,0.0,0.0,50.0,1.0,33.9,0.0,0.2,,,,,,,,-7.0,6.0,-200.0,0.0,0.3076923076923077,2,4,20.7,10.0,1304,1728,1503
347,202308030111,15,16,14,129,0,0,0,4,0,0,0,0,5,8,6,37,0,0,0,0,0,0,0,0,1,1,3,11,0,0,0,0,0,0,0,0,0.0,0.0,50.0,1.0,35.5,0.0,0.2,0.0,0.0,30.0,1.0,35.5,0.0,0.14285714285714285,,,,,,,,0.0,0.0,0.0,0.06521739130434782,0.10869565217391304,7,13,16.8,8.0,1393,1160,1263
348,202308030111,0,0,0,0,0,4,1,28,0,0,0,0,0,0,0,0,0,0,0,3,0,0,0,0,0,0,0,0,0,0,0,2,0,0,0,0,0.0,0.0,20.0,1.0,34.4,0.0,0.5,0.0,0.0,10.0,1.0,35.5,0.0,0.3333333333333333,0.0,0.0,20.0,6.0,35.8,1.7,0.2857142857142857,2.5,-8.0,0.0,0.047619047619047616,0.2857142857142857,3,5,7.1,4.0,1564,1362,334
349,202308030111,0,0,0,0,16,15,14,100,0,0,0,0,0,0,0,0,1,2,1,19,0,0,0,0,0,0,0,0,0,0,0,6,0,0,0,0,0.0,0.0,10.0,1.0,35.1,0.0,0.125,0.0,0.0,100.0,3.0,38.3,0.2,0.5,0.0,0.0,20.0,16.0,41.8,5.8,0.625,7.5,-12.0,200.0,0.07142857142857142,0.14285714285714285,2,3,13.8,7.0,1020,1428,1576
350,202308030111,11,7,12,76,0,0,0,0,0,0,0,0,1,1,0,10,0,0,0,0,0,0,0,0,0,0,0,2,0,0,0,0,0,0,0,0,0.0,0.0,90.0,7.0,35.1,0.5,0.6,0.0,0.0,40.0,1.0,35.2,0.0,0.06666666666666667,,,,,,,,-6.0,14.0,200.0,0.0,0.0,5,9,146.8,17.0,1736,1520,1482
351,202308030111,0,0,0,1,8,20,17,119,0,0,0,0,0,0,0,0,2,0,1,13,0,0,0,0,0,0,0,0,0,0,0,4,0,0,0,0,0.0,0.0,10.0,1.0,34.5,0.0,0.3333333333333333,,,,,,,,,,,,,,,,,-200.0,0.15384615384615385,0.358974358974359,8,16,6.4,2.0,1146,1013,512
352,202308030111,0,0,0,0,2,0,1,4,0,0,0,0,0,0,0,0,0,0,0,1,0,0,0,0,0,0,0,0,0,0,0,1,0,0,0,0,0.0,0.0,50.0,1.0,33.8,0.0,0.09090909090909091,,,,,,,,,,,,,,,,,200.0,0.045454545454545456,0.13636363636363635,7,14,6.6,3.0,1540,432,1036
353,202308030111,22,28,14,167,0,1,1,7,0,0,0,0,7,4,5,34,0,0,0,2,0,0,0,0,1,1,0,8,0,0,0,2,0,0,0,0,0.0,0.0,20.0,1.0,35.6,0.0,0.5,0.0,0.0,30.0,11.0,38.7,2.8,0.21428571428571427,,,,,,,,10.0,-6.0,0.0,0.03508771929824561,0.19298245614035087,7,15,46.9,14.0,1716,882,1167
354,202308030111,22,28,14,167,7,1,5,46,1,1,1,2,7,4,5,34,1,1,1,9,0,1,1,1,1,1,0,8,1,0,0,2,0,0,0,0,0.0,0.0,16.0,14.0,34.8,1.2,1.0,0.0,0.0,5.0,11.0,33.4,0.8,0.6666666666666666,0.0,0.0,10.0,10.0,34.9,1.4,1.0,-2.0,8.0,0.0,0.10204081632653061,0.1836734693877551,1,2,85.3,16.0,1716,1235,1167
355,202308030111,0,0,0,0,0,0,0,1,0,0,0,0,0,0,0,0,0,0,0,0,0,0,0,0,0,0,0,0,0,0,0,0,0,0,0,0,0.0,0.0,10.0,4.0,37.1,0.6,0.6666666666666666,0.0,0.0,20.0,1.0,34.3,0.0,0.2,,,,,,,,-3.0,8.0,-100.0,0.0,0.14285714285714285,4,8,46.3,13.0,1564,1736,334
356,202308030111,0,3,0,3,7,5,6,54,0,0,0,0,0,1,0,0,1,0,0,2,0,0,0,0,0,0,0,0,0,0,0,0,0,0,0,0,0.0,0.0,140.0,15.0,40.0,2.0,0.1875,0.0,0.0,160.0,14.0,34.1,0.9,1.0,0.0,0.0,11.0,16.0,34.2,1.3,0.4444444444444444,0.5,8.0,0.0,0.05172413793103448,0.15517241379310345,6,12,246.3,18.0,1677,1559,1167
357,202308030111,0,0,1,18,0,1,0,3,0,0,0,0,0,0,0,1,0,0,0,0,0,0,0,0,0,0,0,0,0,0,0,0,0,0,0,0,0.0,0.0,40.0,12.0,34.3,0.7,0.5882352941176471,0.0,0.0,20.0,1.0,35.4,0.0,0.058823529411764705,0.0,0.0,60.0,5.0,34.1,0.4,0.4,-3.5,10.0,200.0,0.125,0.2916666666666667,8,17,13.4,6.0,1507,808,593
358,202308030111,0,0,0,0,12,16,8,96,0,0,0,0,0,0,0,0,2,2,1,15,0,0,0,0,0,0,0,0,0,0,0,3,0,0,0,0,0.0,0.0,50.0,1.0,35.8,0.0,0.07692307692307693,0.0,0.0,30.0,3.0,35.5,0.6,0.4444444444444444,,,,,,,,2.0,-10.0,0.0,0.0,0.16666666666666666,5,10,10.6,5.0,1534,1405,1235
359,202308030111,0,0,0,0,0,0,0,0,0,0,0,0,0,0,0,0,0,0,0,0,0,0,0,0,0,0,0,0,0,0,0,0,0,0,0,0,0.0,0.0,10.0,1.0,34.5,0.0,0.14285714285714285,,,,,,,,,,,,,,,,,200.0,0.046511627906976744,0.27906976744186046,8,18,23.5,11.0,1467,1287,336
360,202308030212,0,0,0,0,2,0,0,4,0,0,0,0,0,0,0,0,0,0,0,1,0,0,0,0,0,0,0,0,0,0,0,0,0,0,0,0,0.0,0.0,90.0,3.0,33.7,0.2,0.4117647058823529,0.0,0.0,10.0,1.0,35.2,0.0,0.1111111111111111,0.0,0.0,20.0,4.0,37.9,0.6,0.46153846153846156,0.5,16.0,0.0,0.06666666666666667,0.13333333333333333,6,11,3.9,1.0,1154,1412,1561
361,202308030212,0,0,0,0,0,0,0,3,0,0,0,0,0,0,0,0,0,0,0,0,0,0,0,0,0,0,0,0,0,0,0,0,0,0,0,0,0.0,0.0,30.0,14.0,39.0,2.2,0.0625,0.0,0.0,50.0,15.0,36.9,2.3,0.3888888888888889,0.0,0.0,50.0,3.0,35.3,0.2,0.06666666666666667,-5.5,6.0,0.0,0.034482758620689655,0.1896551724137931,2,4,56.8,15.0,1289,1571,1428
362,202308030212,0,3,0,3,0,0,0,7,0,0,0,0,0,1,0,0,0,0,0,1,0,0,0,0,0,0,0,0,0,0,0,0,0,0,0,0,0.0,0.0,60.0,4.0,35.7,0.3,0.7222222222222222,0.0,0.0,30.0,5.0,34.2,0.6,0.29411764705882354,0.0,0.0,80.0,2.0,35.0,0.8,0.6666666666666666,-1.0,-12.0,0.0,0.05084745762711865,0.15254237288135594,3,6,8.3,4.0,1677,1613,1167
363,202308030212,0,0,0,0,0,0,0,1,0,0,0,0,0,0,0,0,0,0,0,0,0,0,0,0,0,0,0,0,0,0,0,0,0,0,0,0,0.0,0.0,80.0,2.0,35.6,0.0,0.14285714285714285,0.0,0.0,30.0,5.0,34.6,0.3,0.5,0.0,0.0,10.0,7.0,34.7,0.6,0.45454545454545453,2.5,4.0,-100.0,0.1111111111111111,0.3333333333333333,2,3,6.4,3.0,1534,12,1235
364,202308030212,0,2,2,12,0,0,0,1,0,0,0,0,0,1,1,5,0,0,0,0,0,0,0,0,0,0,1,1,0,0,0,0,0,0,0,0,0.0,0.0,140.0,12.0,35.7,0.8,0.9375,0.0,0.0,17.0,13.0,34.1,1.0,0.7777777777777778,0.0,0.0,14.0,10.0,34.6,0.9,0.5555555555555556,-1.0,2.0,200.0,0.043478260869565216,0.13043478260869565,4,7,14.3,8.0,1729,764,1428
365,202308030212,5,9,9,60,7,12,10,77,0,0,0,1,0,0,0,12,1,0,1,8,0,0,0,0,0,0,0,3,0,0,0,1,0,0,0,0,0.0,0.0,30.0,12.0,36.5,1.9,0.5,0.0,0.0,90.0,1.0,34.3,0.0,0.1111111111111111,0.0,0.0,30.0,7.0,42.2,3.6,0.09090909090909091,-2.5,-8.0,0.0,0.06382978723404255,0.10638297872340426,8,16,14.2,7.0,1098,1183,1294
366,202308030212,0,0,0,2,16,15,14,100,0,0,0,0,0,0,0,0,1,2,1,19,0,0,0,0,0,0,0,0,0,1,0,4,0,0,0,0,0.0,0.0,13.0,14.0,39.7,2.7,0.625,0.0,0.0,16.0,17.0,35.7,1.8,0.4444444444444444,0.0,0.0,5.0,9.0,35.4,0.8,0.3,-2.5,4.0,0.0,0.0,0.0,4,8,37.5,11.0,1282,1428,377
367,202308030212,0,0,0,2,17,10,16,124,0,0,0,0,0,0,0,0,0,0,1,20,0,0,0,0,0,0,0,0,0,0,0,3,0,0,0,0,0.0,0.0,120.0,7.0,35.3,1.3,0.8888888888888888,0.0,0.0,60.0,5.0,36.4,0.5,0.3333333333333333,0.0,0.0,30.0,1.0,36.5,0.0,0.1875,-3.0,0.0,0.0,0.1,0.18,5,9,51.7,13.0,1282,1167,377
368,202308030212,0,0,0,0,0,0,0,0,0,0,0,0,0,0,0,0,0,0,0,0,0,0,0,0,0,0,0,0,0,0,0,0,0,0,0,0,0.0,0.0,40.0,1.0,35.1,0.0,0.2777777777777778,0.0,0.0,10.0,4.0,38.8,2.1,0.0625,0.0,0.0,20.0,9.0,34.9,1.2,0.5,4.0,2.0,200.0,0.0,0.5,3,5,25.7,10.0,1045,1322,969
369,202308030212,0,0,0,0,0,1,0,0,0,0,0,0,0,0,0,0,0,0,0,0,0,0,0,0,0,0,0,0,0,0,0,0,0,0,0,0,0.0,0.0,20.0,8.0,34.4,0.7,0.29411764705882354,0.0,0.0,10.0,1.0,35.3,0.0,0.2,0.0,0.0,20.0,3.0,34.7,0.2,0.5294117647058824,-2.5,2.0,0.0,0.045454545454545456,0.2727272727272727,1,1,18.1,9.0,1064,464,1556
370,202308030212,11,7,12,76,0,0,1,6,0,0,0,0,1,1,0,10,0,0,0,1,0,0,0,0,1,0,0,2,0,0,0,0,0,0,0,0,0.0,0.0,40.0,4.0,36.4,0.3,0.1111111111111111,0.0,0.0,50.0,3.0,33.8,0.3,0.3888888888888889,0.0,0.0,50.0,3.0,35.4,0.2,0.5625,-0.5,12.0,0.0,0.0,0.15384615384615385,7,13,4.8,2.0,1736,397,1482
371,202308030212,2,2,1,17,0,0,0,1,0,0,0,0,0,0,1,4,0,0,0,0,0,0,0,0,0,0,0,1,0,0,0,0,0,0,0,0,0.0,0.0,60.0,3.0,39.4,1.6,0.75,0.0,0.0,180.0,12.0,35.8,0.8,0.2222222222222222,0.0,0.0,160.0,10.0,35.2,1.1,0.8888888888888888,3.5,1.0,-100.0,0.0,0.07142857142857142,7,14,56.2,14.0,1611,54,1263
372,202308030212,22,28,14,167,7,12,10,77,0,1,2,7,7,4,5,34,1,0,1,8,0,0,0,1,1,1,0,3,0,0,0,1,0,0,0,0,0.0,0.0,70.0,11.0,38.0,0.9,0.38461538461538464,0.0,0.0,40.0,9.0,35.9,0.6,0.125,0.0,0.0,60.0,14.0,39.7,2.8,0.4375,1.5,4.0,200.0,0.0,0.0,6,12,145.3,16.0,1716,1183,1167
373,202308030212,15,16,14,129,3,3,3,48,0,0,0,1,5,8,6,37,1,1,1,12,0,0,0,1,0,0,0,4,0,0,1,1,0,0,0,0,0.0,0.0,70.0,13.0,42.6,5.3,0.6,0.0,0.0,60.0,11.0,36.8,1.7,0.16666666666666666,0.0,0.0,40.0,4.0,34.8,0.8,0.2222222222222222,-4.5,-2.0,-300.0,0.2857142857142857,0.5238095238095238,8,15,12.7,6.0,1393,1366,1263
374,202308030212,0,3,0,3,4,6,11,50,0,0,0,0,0,1,0,0,0,0,1,7,0,0,0,0,0,0,0,0,0,0,0,1,0,0,0,0,0.0,0.0,70.0,10.0,34.2,0.8,0.4117647058823529,0.0,0.0,30.0,17.0,35.7,1.2,0.5555555555555556,0.0,0.0,20.0,6.0,36.1,1.3,0.3888888888888889,-2.0,12.0,0.0,0.0,0.0,8,17,45.8,12.0,1677,848,1167
375,202308030212,15,16,14,129,3,0,0,13,0,0,0,0,5,8,6,37,0,0,0,1,0,0,0,0,0,0,0,4,0,0,0,0,0,0,0,0,0.0,0.0,60.0,10.0,37.1,2.1,0.08333333333333333,0.0,0.0,10.0,1.0,34.2,0.0,0.26666666666666666,,,,,,,,-9.0,-10.0,-200.0,0.0625,0.15625,1,2,11.8,5.0,1393,1170,1263
376,202308030212,0,0,1,5,4,6,10,76,0,0,0,0,0,0,0,1,1,0,1,8,0,0,0,0,0,0,0,0,0,0,0,0,0,0,0,0,0.0,0.0,10.0,10.0,38.8,2.4,0.7,0.0,0.0,8.0,9.0,39.1,2.5,0.8888888888888888,0.0,0.0,12.0,10.0,39.2,3.3,0.8333333333333334,0.0,-2.0,-400.0,0.14285714285714285,0.5,5,10,161.0,17.0,1605,1558,1
377,202308030312,5,3,5,26,2,1,3,3,0,0,0,0,1,0,2,4,1,0,1,0,0,0,0,0,0,0,0,0,0,0,0,0,0,0,0,0,0.0,0.0,60.0,10.0,36.4,0.9,0.09090909090909091,0.0,0.0,30.0,3.0,34.4,0.1,0.1111111111111111,0.0,0.0,20.0,1.0,35.2,0.0,0.07692307692307693,-4.5,4.0,-100.0,0.03571428571428571,0.14285714285714285,6,11,28.6,10.0,1152,1542,1428
378,202308030312,4,3,4,26,0,0,0,5,0,0,0,1,1,0,1,8,0,0,0,0,0,0,0,0,1,0,0,0,0,0,0,0,0,0,0,0,0.0,0.0,20.0,6.0,34.8,0.5,0.1875,0.0,0.0,10.0,1.0,34.7,0.0,0.0625,0.0,0.0,80.0,2.0,34.6,0.1,0.1111111111111111,-2.0,2.0,200.0,0.06060606060606061,0.15151515151515152,6,12,5.5,2.0,1503,1014,1263
379,202308030312,6,3,6,20,1,0,0,5,1,0,0,2,3,0,2,6,0,0,0,1,0,0,0,1,1,0,1,0,0,0,0,0,0,0,0,0,0.0,0.0,10.0,1.0,33.8,0.0,0.17647058823529413,0.0,0.0,10.0,2.0,34.4,0.2,0.14285714285714285,0.0,0.0,50.0,7.0,33.9,0.5,0.23076923076923078,3.0,2.0,0.0,0.15,0.35,3,6,2.6,1.0,1716,1503,1167
380,202308030312,0,0,0,0,0,0,0,0,0,0,0,0,0,0,0,0,0,0,0,0,0,0,0,0,0,0,0,0,0,0,0,0,0,0,0,0,0.0,0.0,90.0,10.0,33.8,0.8,0.5,0.0,0.0,50.0,16.0,35.0,1.2,0.625,0.0,0.0,130.0,13.0,32.5,1.1,1.0,1.5,10.0,200.0,0.09803921568627451,0.17647058823529413,7,14,14.1,6.0,1248,1236,1428
381,202308030312,1,0,2,2,0,1,0,0,0,0,0,0,1,0,0,0,0,0,0,0,0,0,0,0,0,0,0,0,0,0,0,0,0,0,0,0,0.0,0.0,90.0,7.0,34.8,0.8,0.46153846153846156,0.0,0.0,50.0,4.0,34.7,0.7,0.3333333333333333,0.0,0.0,100.0,5.0,33.8,0.4,0.2,-1.0,8.0,0.0,0.043478260869565216,0.08695652173913043,2,3,20.7,7.0,1463,1031,1167
382,202308030312,1,0,0,2,0,0,0,2,0,0,0,0,1,0,0,0,0,0,0,0,0,0,0,0,0,0,0,0,0,0,0,0,0,0,0,0,0.0,0.0,150.0,7.0,34.8,0.4,0.9444444444444444,0.0,0.0,40.0,1.0,35.7,0.0,0.875,0.0,0.0,40.0,5.0,34.7,0.2,0.3125,-1.0,10.0,200.0,0.0,0.13636363636363635,4,8,23.7,9.0,1687,1506,1345
383,202308030312,1,1,2,14,1,1,0,3,0,0,0,0,0,0,0,1,0,1,0,0,0,0,0,0,0,0,0,0,0,0,0,0,0,0,0,0,0.0,0.0,80.0,1.0,35.7,0.0,0.3888888888888889,0.0,0.0,10.0,5.0,34.6,0.6,0.4444444444444444,0.0,0.0,10.0,4.0,34.3,0.1,0.5882352941176471,1.5,6.0,0.0,0.043478260869565216,0.2608695652173913,1,2,11.2,5.0,1304,1036,1503
384,202308030312,0,0,0,0,0,0,0,0,0,0,0,0,0,0,0,0,0,0,0,0,0,0,0,0,0,0,0,0,0,0,0,0,0,0,0,0,0.0,0.0,11.0,8.0,34.4,0.7,0.5,0.0,0.0,11.0,6.0,33.4,0.3,0.5,0.0,0.0,12.0,3.0,34.1,0.2,0.9411764705882353,-2.5,0.0,0.0,0.0,0.0,3,5,32.1,11.0,1045,998,969
385,202308030312,0,0,0,1,0,0,0,0,0,0,0,0,0,0,0,0,0,0,0,0,0,0,0,0,0,0,0,0,0,0,0,0,0,0,0,0,0.0,0.0,12.0,9.0,34.5,0.6,0.8125,0.0,0.0,6.0,8.0,34.4,0.4,0.6666666666666666,0.0,0.0,11.0,2.0,34.7,0.1,0.13333333333333333,-3.5,-6.0,200.0,0.0,0.06666666666666667,8,17,43.6,12.0,1148,1391,1393
386,202308030312,6,3,6,20,1,2,2,21,0,2,1,2,3,0,2,6,0,0,0,1,0,0,0,0,1,0,1,0,0,0,0,0,0,0,0,0,0.0,0.0,70.0,9.0,35.4,1.1,0.3076923076923077,0.0,0.0,50.0,3.0,34.4,0.1,0.45454545454545453,0.0,0.0,100.0,10.0,33.8,0.4,0.3125,0.5,-2.0,0.0,0.0,0.25,1,1,23.3,8.0,1716,1013,1167
387,202308030312,0,0,0,2,1,1,0,3,0,0,0,0,0,0,0,0,0,1,0,0,0,0,0,0,0,0,0,0,0,0,0,0,0,0,0,0,0.0,0.0,15.0,11.0,35.5,1.3,0.7333333333333333,0.0,0.0,17.0,11.0,34.0,1.1,1.0,0.0,0.0,13.0,6.0,34.5,0.6,0.6153846153846154,-2.5,-4.0,0.0,0.0625,0.10416666666666667,7,15,146.2,17.0,1714,1036,1167
388,202308030312,5,3,5,26,0,0,0,0,0,0,0,0,1,0,2,4,0,0,0,0,0,0,0,0,0,0,0,0,0,0,0,0,0,0,0,0,0.0,0.0,15.0,16.0,36.3,1.6,0.16666666666666666,0.0,0.0,11.0,8.0,34.1,0.6,1.0,0.0,0.0,16.0,8.0,34.3,0.4,0.8823529411764706,-4.0,-2.0,200.0,0.13333333333333333,0.4666666666666667,2,4,6.0,3.0,1152,1686,1428
389,202308030312,2,1,1,13,2,0,2,8,0,0,0,2,0,0,0,1,2,0,1,2,0,0,0,0,0,0,0,0,1,0,0,0,0,0,0,0,0.0,0.0,13.0,15.0,36.2,1.6,0.13333333333333333,0.0,0.0,9.0,7.0,35.2,0.7,0.21428571428571427,0.0,0.0,9.0,6.0,36.0,0.9,0.1,-4.5,12.0,0.0,0.0,0.0,5,10,84.0,14.0,1561,1235,1263
390,202308030312,5,3,5,26,0,0,1,1,0,0,0,0,1,0,2,4,0,0,0,0,0,0,0,0,0,0,0,0,0,0,0,0,0,0,0,0,0.0,0.0,10.0,4.0,34.2,0.4,0.08333333333333333,0.0,0.0,4.0,14.0,34.9,1.5,0.7222222222222222,0.0,0.0,3.0,8.0,38.5,1.3,0.2,2.0,-2.0,-400.0,0.0,1.0,4,7,10.9,4.0,1152,607,1428
391,202308030312,0,0,0,0,0,0,0,0,0,0,0,0,0,0,0,0,0,0,0,0,0,0,0,0,0,0,0,0,0,0,0,0,0,0,0,0,0.0,0.0,10.0,12.0,50.7,12.7,1.0,0.0,0.0,10.0,10.0,35.4,1.6,0.8,0.0,0.0,12.0,11.0,34.1,1.1,1.0,-0.5,-11.0,100.0,0.0,0.0,7,13,74.2,13.0,1232,1281,1263
392,202308030312,6,3,6,20,1,0,3,7,0,0,0,0,3,0,2,6,1,0,1,2,0,0,0,0,1,0,1,0,0,0,0,0,0,0,0,0,0.0,0.0,5.0,1.0,38.1,0.0,0.13333333333333333,0.0,0.0,15.0,13.0,38.8,2.2,0.13333333333333333,0.0,0.0,16.0,12.0,37.9,2.0,0.625,5.5,5.0,200.0,0.10526315789473684,0.2631578947368421,8,18,270.7,18.0,1716,1618,1167
393,202308030312,3,5,5,17,0,0,0,4,0,0,0,0,0,1,0,2,0,0,0,3,0,0,0,0,0,0,0,0,0,0,0,0,0,0,0,0,0.0,0.0,100.0,9.0,36.3,0.9,0.18181818181818182,0.0,0.0,110.0,13.0,39.7,3.0,0.07142857142857142,0.0,0.0,90.0,8.0,35.6,1.2,0.3333333333333333,-0.5,-4.0,-100.0,0.0,0.2,8,16,127.9,16.0,1098,1186,1294
394,202308030312,3,2,5,24,0,0,0,3,0,0,0,0,2,0,1,11,0,0,0,0,0,0,0,0,0,0,0,2,0,0,0,0,0,0,0,0,0.0,0.0,13.0,13.0,41.1,5.4,0.07692307692307693,0.0,0.0,15.0,18.0,38.7,3.5,0.05555555555555555,0.0,0.0,9.0,13.0,38.5,2.6,0.42857142857142855,0.0,-2.0,-400.0,0.05,0.16666666666666666,5,9,92.8,15.0,1393,1260,1263
395,202308030402,0,0,0,0,2,0,1,4,0,0,0,0,0,0,0,0,0,0,0,1,0,0,0,0,0,0,0,0,0,0,0,0,0,0,0,0,0.0,0.0,10.0,2.0,34.7,0.2,0.5454545454545454,0.0,0.0,20.0,2.0,34.3,0.0,0.2222222222222222,0.0,0.0,120.0,2.0,35.3,0.1,0.2857142857142857,0.0,-2.0,0.0,0.17647058823529413,0.5294117647058824,4,8,1.5,1.0,424,432,324
396,202308030402,14,10,10,76,2,2,1,10,0,0,1,0,3,1,4,16,0,0,1,0,0,0,1,0,1,0,2,8,0,0,0,0,0,0,0,0,0.0,0.0,50.0,4.0,34.9,0.2,0.05555555555555555,,,,,,,,,,,,,,,,,-200.0,0.2727272727272727,0.5,5,10,7.6,2.0,1152,815,1428
397,202308030402,0,0,0,0,7,1,5,46,0,0,0,0,0,0,0,0,1,1,1,9,0,0,0,0,0,0,0,0,0,1,1,4,0,0,0,0,0.0,0.0,20.0,5.0,34.8,0.5,0.125,,,,,,,,,,,,,,,,,-400.0,0.2,0.4,7,13,15.7,5.0,1049,1235,1428
398,202308030402,0,0,0,0,3,6,6,37,0,0,0,0,0,0,0,0,0,0,0,4,0,0,0,0,0,0,0,0,0,0,0,0,0,0,0,0,0.0,0.0,1.0,1.0,40.5,0.0,0.08333333333333333,0.0,0.0,10.0,8.0,35.1,0.9,0.1875,0.0,0.0,3.0,15.0,36.7,1.2,0.3125,7.0,15.0,0.0,,,3,5,26.5,6.0,1564,1482,334
399,202308030402,0,0,0,0,0,0,0,0,0,0,0,0,0,0,0,0,0,0,0,0,0,0,0,0,0,0,0,0,0,0,0,0,0,0,0,0,0.0,0.0,60.0,7.0,36.9,0.5,0.25,0.0,0.0,40.0,7.0,34.6,0.8,0.36363636363636365,0.0,0.0,10.0,3.0,35.4,0.2,0.1111111111111111,-2.0,6.0,0.0,0.0,0.5,2,4,9.5,3.0,1064,9,1556
400,202308030402,0,0,0,0,0,4,1,28,0,0,0,0,0,0,0,0,0,0,0,3,0,0,0,0,0,0,0,0,0,0,0,1,0,0,0,0,0.0,0.0,2.0,4.0,34.4,0.1,0.875,0.0,0.0,1.0,3.0,35.1,0.3,0.14285714285714285,0.0,0.0,4.0,2.0,34.5,0.0,0.7142857142857143,-1.0,-2.0,200.0,0.061224489795918366,0.10204081632653061,7,14,62.5,10.0,1534,1362,1235
401,202308030402,0,0,0,0,17,10,16,124,0,0,0,0,0,0,0,0,0,0,1,20,0,0,0,0,0,0,0,0,0,0,0,6,0,0,0,0,0.0,0.0,11.0,11.0,38.9,3.0,0.6666666666666666,0.0,0.0,6.0,7.0,39.6,1.9,0.6428571428571429,0.0,0.0,4.0,6.0,37.1,0.8,0.8333333333333334,-2.5,-20.0,-400.0,0.03389830508474576,0.2033898305084746,4,7,87.5,12.0,1289,1167,1428
402,202308030402,1,0,0,4,0,0,0,0,0,0,0,0,1,0,0,3,0,0,0,0,0,0,0,0,0,0,0,1,0,0,0,0,0,0,0,0,0.0,0.0,10.0,6.0,36.4,0.8,0.4444444444444444,,,,,,,,,,,,,,,,,200.0,0.041666666666666664,0.3333333333333333,6,11,39.9,8.0,1629,1396,1428
403,202308030402,0,0,0,0,0,0,0,0,0,0,0,0,0,0,0,0,0,0,0,0,0,0,0,0,0,0,0,0,0,0,0,0,0,0,0,0,0.0,0.0,7.0,5.0,39.6,1.1,0.8,0.0,0.0,9.0,12.0,40.9,2.8,0.25,0.0,0.0,11.0,10.0,37.2,1.3,0.3125,2.5,16.0,0.0,0.041666666666666664,0.25,1,2,93.7,13.0,1564,1716,334
404,202308030402,0,0,0,0,0,0,0,0,0,0,0,0,0,0,0,0,0,0,0,0,0,0,0,0,0,0,0,0,0,0,0,0,0,0,0,0,0.0,0.0,7.0,10.0,40.4,2.1,0.8,0.0,0.0,10.0,11.0,42.7,4.7,0.16666666666666666,0.0,0.0,9.0,10.0,40.4,1.9,0.25,0.0,11.0,200.0,0.0,0.24324324324324326,2,3,28.4,7.0,1286,1716,1503
405,202308030402,14,10,10,76,0,0,0,1,0,0,0,0,3,1,4,16,0,0,0,0,0,0,0,0,1,0,2,8,0,0,0,0,0,0,0,0,0.0,0.0,1.0,2.0,40.2,0.3,0.75,0.0,0.0,2.0,6.0,37.9,0.8,0.6875,0.0,0.0,1.0,5.0,38.0,0.2,1.0,1.5,9.0,0.0,0.12244897959183673,0.2857142857142857,1,1,55.7,9.0,1152,388,1428
406,202308030402,0,0,0,0,4,3,5,33,0,0,0,0,0,0,0,0,0,0,0,7,0,0,0,0,0,0,0,0,0,0,0,3,0,0,0,0,0.0,0.0,13.0,12.0,42.5,3.5,0.5,0.0,0.0,11.0,13.0,41.9,3.2,0.3333333333333333,0.0,0.0,9.0,4.0,39.3,1.4,0.21428571428571427,-4.0,2.0,-300.0,0.058823529411764705,0.17647058823529413,8,17,135.1,14.0,1693,1036,1167
407,202308030402,5,9,9,60,0,3,1,21,0,0,0,0,0,0,0,12,0,1,1,4,0,0,0,0,0,0,0,7,0,1,0,2,0,0,0,0,0.0,0.0,8.0,6.0,37.9,0.3,0.8571428571428571,0.0,0.0,16.0,13.0,36.9,1.7,0.5294117647058824,0.0,0.0,11.0,12.0,45.6,8.0,0.16666666666666666,3.0,18.0,200.0,0.041666666666666664,0.08333333333333333,5,9,302.9,16.0,1098,1393,1294
408,202308030402,22,28,14,167,12,16,8,96,1,3,0,6,7,4,5,34,2,2,1,15,0,0,0,0,0,2,4,12,1,1,0,3,0,0,0,0,0.0,0.0,7.0,9.0,36.9,1.2,0.8181818181818182,0.0,0.0,3.0,4.0,39.8,1.6,0.1,0.0,0.0,8.0,14.0,35.3,1.1,0.1111111111111111,2.5,10.0,400.0,0.09615384615384616,0.17307692307692307,3,6,74.1,11.0,1716,1405,1167
409,202308030402,0,0,0,0,0,0,0,0,0,0,0,0,0,0,0,0,0,0,0,0,0,0,0,0,0,0,0,0,0,0,0,0,0,0,0,0,0.0,0.0,10.0,6.0,41.1,2.6,0.9,0.0,0.0,11.0,15.0,38.1,2.9,0.875,0.0,0.0,12.0,13.0,37.4,3.0,0.9285714285714286,3.5,-9.0,0.0,0.14634146341463414,0.36585365853658536,6,12,240.4,15.0,1564,1431,334
410,202308030402,15,16,14,129,0,0,0,0,0,0,0,0,5,8,6,37,0,0,0,0,0,0,0,0,1,3,1,7,0,0,0,0,0,0,0,0,0.0,0.0,20.0,3.0,34.9,0.6,0.36363636363636365,0.0,0.0,30.0,4.0,36.2,1.2,0.75,,,,,,,,1.0,4.0,-200.0,0.20689655172413793,0.41379310344827586,8,15,13.0,4.0,1393,1728,1263
411,202308030402,0,0,0,0,0,0,0,4,0,0,0,0,0,0,0,0,0,0,0,0,0,0,0,0,0,0,0,0,0,0,0,0,0,0,0,0,0.0,0.0,7.0,6.0,40.2,1.6,0.8333333333333334,0.0,0.0,12.0,10.0,42.6,4.4,0.6666666666666666,0.0,0.0,17.0,17.0,36.2,2.4,0.8823529411764706,5.5,9.0,-100.0,0.0,0.0625,8,16,555.7,17.0,1699,79,1313
412,202308030609,0,0,0,5,0,0,1,6,0,0,0,0,0,0,0,2,0,0,0,1,0,0,0,0,0,0,0,0,0,0,0,0,0,0,0,0,0.0,0.0,10.0,1.0,35.0,0.0,0.1111111111111111,,,,,,,,,,,,,,,,,0.0,0.2,0.4,3,3,1.8,1.0,1657,397,1317
413,202308030609,1,0,0,4,0,0,0,1,0,0,0,0,1,0,0,3,0,0,0,0,0,0,0,0,0,0,0,0,0,0,0,0,0,0,0,0,0.0,0.0,30.0,3.0,34.0,0.7,0.6666666666666666,0.0,0.0,20.0,1.0,37.8,0.0,0.18181818181818182,0.0,0.0,40.0,4.0,38.0,1.4,0.42857142857142855,0.5,-10.0,0.0,0.0,0.0,1,1,23.4,6.0,1629,168,1428
414,202308030609,0,0,0,0,16,15,14,100,0,0,0,0,0,0,0,0,1,2,1,19,0,0,0,0,0,0,0,0,0,1,0,4,0,0,0,0,0.0,0.0,30.0,4.0,34.5,0.5,0.5,0.0,0.0,50.0,1.0,33.9,0.0,0.375,,,,,,,,-3.0,0.0,-400.0,0.05714285714285714,0.17142857142857143,5,5,27.3,7.0,1693,1428,1167
415,202308030609,0,0,0,5,0,1,0,28,0,0,0,0,0,0,0,2,0,0,0,3,0,0,0,0,0,0,0,0,0,0,0,1,0,0,0,0,0.0,0.0,40.0,4.0,34.6,0.4,0.1111111111111111,0.0,0.0,20.0,1.0,38.6,0.0,0.07142857142857142,0.0,0.0,10.0,9.0,38.2,2.0,0.14285714285714285,2.5,2.0,-200.0,0.0,0.3333333333333333,2,2,4.8,3.0,1657,1328,1317
416,202308030609,22,28,14,167,0,3,1,21,0,0,0,6,7,4,5,34,0,1,1,4,0,0,0,3,1,1,0,3,0,0,0,1,0,0,0,1,0.0,0.0,30.0,1.0,34.9,0.0,0.18181818181818182,0.0,0.0,10.0,2.0,34.7,0.5,0.5,,,,,,,,1.0,-6.0,0.0,0.04,0.24,4,4,16.1,4.0,1716,1393,1167
417,202308030609,0,0,0,0,1,0,0,3,0,0,0,0,0,0,0,0,0,0,0,0,0,0,0,0,0,0,0,0,0,0,0,0,0,0,0,0,0.0,0.0,20.0,1.0,34.6,0.0,0.4,,,,,,,,,,,,,,,,,0.0,0.03333333333333333,0.2,6,6,22.5,5.0,1243,796,1428
418,202308030609,0,0,0,5,0,0,0,1,0,0,0,0,0,0,0,2,0,0,0,0,0,0,0,0,0,0,0,0,0,0,0,0,0,0,0,0,0.0,0.0,10.0,2.0,33.7,0.2,0.5,0.0,0.0,10.0,4.0,35.2,1.0,0.125,0.0,0.0,30.0,1.0,37.2,0.0,0.1111111111111111,-0.5,-12.0,0.0,0.2222222222222222,0.5555555555555556,7,7,4.2,2.0,1657,1312,1317
419,202308030609,0,0,0,0,0,0,0,15,0,0,0,0,0,0,0,0,0,0,0,3,0,0,0,0,0,0,0,0,0,0,0,0,0,0,0,0,0.0,0.0,80.0,8.0,42.9,2.0,0.4166666666666667,0.0,0.0,80.0,8.0,35.6,1.9,1.0,0.0,0.0,100.0,6.0,35.3,0.5,0.9,-1.0,-8.0,0.0,0.0,0.0,8,8,245.1,8.0,1699,1039,1313
420,202308030705,0,0,0,0,4,6,10,76,0,0,0,0,0,0,0,0,1,0,1,8,0,0,0,0,0,0,0,0,0,0,0,1,0,0,0,0,,,,,,,,,,,,,,,,,,,,,,,,,0.125,0.4375,6,8,2.7,1.0,1432,1558,1428
421,202308030705,0,1,0,7,0,1,1,1,0,0,0,0,0,0,0,2,0,0,0,1,0,0,0,0,0,0,0,2,0,0,0,0,0,0,0,0,,,,,,,,,,,,,,,,,,,,,,,,,0.04,0.32,5,6,8.2,4.0,1463,1642,1167
422,202308030705,5,9,9,60,12,16,8,96,0,0,2,8,0,0,0,12,2,2,1,15,0,0,0,2,0,0,0,1,0,0,1,0,0,0,0,0,0.0,0.0,2.0,1.0,40.7,0.0,0.1,0.0,0.0,10.0,11.0,40.3,3.4,0.14285714285714285,0.0,0.0,2.0,6.0,36.6,1.0,0.3333333333333333,2.5,-14.0,0.0,0.0,0.14285714285714285,5,5,8.2,5.0,1098,1405,1294
423,202308030705,0,0,0,0,3,3,1,12,0,0,0,0,0,0,0,0,0,0,0,1,0,0,0,0,0,0,0,0,0,0,0,1,0,0,0,0,0.0,0.0,2.0,13.0,39.8,2.5,0.0625,0.0,0.0,3.0,2.0,36.7,0.1,0.07142857142857142,0.0,0.0,5.0,3.0,37.5,0.2,0.09090909090909091,-5.0,-6.0,-600.0,0.05555555555555555,0.19444444444444445,7,10,4.7,2.0,524,324,1601
424,202308030705,0,0,0,0,3,2,2,14,0,0,0,0,0,0,0,0,0,0,0,3,0,0,0,0,0,0,0,0,0,0,0,0,0,0,0,0,,,,,,,,,,,,,,,,,,,,,,,,,0.12,0.28,3,3,5.4,3.0,1286,1103,1503
425,202308030705,0,0,0,0,7,12,10,77,0,0,0,0,0,0,0,0,1,0,1,8,0,0,0,0,0,0,0,0,0,0,0,0,0,0,0,0,0.0,0.0,3.0,4.0,36.9,0.9,0.36363636363636365,0.0,0.0,5.0,7.0,40.0,1.0,0.125,0.0,0.0,4.0,8.0,38.8,1.2,0.3125,2.0,9.0,580.0,0.2608695652173913,0.5217391304347826,2,2,26.7,7.0,1064,1183,1556
426,202308030705,0,0,0,0,0,1,0,28,0,0,0,0,0,0,0,0,0,0,0,3,0,0,0,0,0,0,0,0,0,0,0,2,0,0,0,0,0.0,0.0,10.0,7.0,38.0,0.8,0.8,0.0,0.0,9.0,7.0,35.3,1.2,0.6666666666666666,,,,,,,,0.0,20.0,400.0,0.1,0.3,8,11,40.5,9.0,1540,1328,1036
427,202308030705,0,3,0,3,4,3,5,33,0,0,0,0,0,1,0,0,0,0,0,7,0,0,0,0,0,0,0,0,0,0,0,0,0,0,0,0,0.0,0.0,16.0,18.0,39.2,4.6,0.6111111111111112,0.0,0.0,11.0,12.0,36.8,1.8,0.2222222222222222,0.0,0.0,8.0,8.0,35.8,1.4,0.3333333333333333,-5.0,4.0,-200.0,0.1,0.25,7,9,30.3,8.0,1677,1036,1167
428,202308030705,0,0,0,0,0,0,0,0,0,0,0,0,0,0,0,0,0,0,0,0,0,0,0,0,0,0,0,0,0,0,0,0,0,0,0,0,0.0,0.0,50.0,40.0,41.6,1.9,0.3333333333333333,0.0,0.0,90.0,60.0,38.6,2.4,0.875,0.0,0.0,100.0,70.0,39.4,2.0,0.75,15.0,6.0,0.0,0.04918032786885246,0.16393442622950818,1,1,13.6,6.0,1564,1716,334
429,202308030705,0,0,0,0,1,4,3,19,0,0,0,0,0,0,0,0,0,0,0,1,0,0,0,0,0,0,0,0,0,0,0,0,0,0,0,0,0.0,0.0,9.0,6.0,40.9,4.0,0.7777777777777778,0.0,0.0,11.0,13.0,39.4,3.2,0.6,0.0,0.0,12.0,9.0,39.3,2.7,0.7857142857142857,1.5,-8.0,0.0,0.0,0.0,6,7,138.3,10.0,1706,1292,1428
430,202308030705,15,10,14,122,3,3,3,48,0,0,0,1,1,0,1,16,1,1,1,12,0,0,0,0,0,0,0,4,0,0,0,2,0,0,0,0,0.0,0.0,12.0,11.0,41.6,2.7,1.0,0.0,0.0,9.0,9.0,41.4,3.1,1.0,0.0,0.0,12.0,11.0,36.2,3.1,0.9166666666666666,0.0,2.0,0.0,0.14285714285714285,0.42857142857142855,8,12,216.1,12.0,1127,1366,1328
431,202308030705,0,0,0,4,6,5,5,49,0,0,0,0,0,0,0,2,1,1,2,8,0,0,0,0,0,0,0,0,0,0,0,2,0,0,0,0,0.0,0.0,9.0,5.0,42.4,2.9,0.1,0.0,0.0,11.0,12.0,36.2,3.8,1.0,,,,,,,,7.0,3.0,0.0,0.0,0.058823529411764705,4,4,163.7,11.0,1446,1306,75
432,202308030802,0,0,0,0,0,0,0,0,0,0,0,0,0,0,0,0,0,0,0,0,0,0,0,0,0,0,0,0,0,0,0,0,0,0,0,0,0.0,0.0,30.0,3.0,35.9,0.2,0.35294117647058826,,,,,,,,,,,,,,,,,0.0,0.0,0.23684210526315788,7,13,2.3,1.0,1289,1583,1428
433,202308030802,0,0,0,0,1,3,0,12,0,0,0,0,0,0,0,0,1,1,0,3,0,0,0,0,0,0,0,0,1,0,0,0,0,0,0,0,0.0,0.0,20.0,2.0,38.5,1.8,0.15384615384615385,0.0,0.0,30.0,5.0,39.6,1.5,0.1875,0.0,0.0,10.0,3.0,37.7,1.5,0.9166666666666666,0.5,8.0,200.0,0.05405405405405406,0.1891891891891892,8,17,6.8,2.0,1564,1208,334
434,202308030802,0,0,0,0,0,3,1,21,0,0,0,0,0,0,0,0,0,1,1,4,0,0,0,0,0,0,0,0,0,1,0,2,0,0,0,0,0.0,0.0,40.0,4.0,36.1,0.7,0.15384615384615385,0.0,0.0,40.0,6.0,41.7,3.4,0.2857142857142857,,,,,,,,2.0,-10.0,-400.0,0.0,0.0,3,6,15.4,6.0,1479,1393,857
435,202308030802,0,0,0,5,0,4,1,28,0,0,0,0,0,0,0,2,0,0,0,3,0,0,0,0,0,0,0,1,0,0,0,1,0,0,0,0,0.0,0.0,15.0,18.0,38.8,3.5,0.9444444444444444,0.0,0.0,7.0,14.0,35.2,1.5,0.8888888888888888,0.0,0.0,6.0,4.0,35.2,0.6,0.6666666666666666,-7.0,6.0,0.0,0.0,0.05555555555555555,2,3,48.0,11.0,1657,1362,1317
436,202308030802,0,0,0,0,0,0,0,1,0,0,0,0,0,0,0,0,0,0,0,0,0,0,0,0,0,0,0,0,0,0,0,0,0,0,0,0,0.0,0.0,20.0,10.0,38.0,1.6,0.25,0.0,0.0,30.0,3.0,36.7,0.7,0.06666666666666667,,,,,,,,-7.0,10.0,0.0,0.3333333333333333,0.6666666666666666,7,15,16.0,7.0,932,168,115
437,202308030802,0,1,3,14,16,15,14,100,0,0,0,0,0,0,0,1,1,2,1,19,0,0,0,0,0,0,0,0,0,1,0,5,0,0,0,0,0.0,0.0,7.0,7.0,33.3,0.6,0.7222222222222222,0.0,0.0,10.0,5.0,35.7,0.9,0.16666666666666666,0.0,0.0,15.0,8.0,35.1,0.8,0.2222222222222222,0.5,0.0,200.0,0.11764705882352941,0.27450980392156865,8,16,7.4,3.0,314,1428,324
438,202308030802,0,0,0,0,0,4,1,28,0,0,0,0,0,0,0,0,0,0,0,3,0,0,0,0,0,0,0,0,0,0,0,1,0,0,0,0,0.0,0.0,2.0,4.0,34.4,0.1,0.875,0.0,0.0,1.0,3.0,35.1,0.3,0.14285714285714285,0.0,0.0,4.0,2.0,34.5,0.0,0.7142857142857143,-1.0,-2.0,200.0,0.0,0.0,4,7,8.6,4.0,1534,1362,1235
439,202308030802,2,4,2,25,17,10,16,124,0,0,0,2,0,0,0,1,0,0,1,20,0,0,0,0,0,0,0,0,0,0,0,6,0,0,0,0,0.0,0.0,10.0,14.0,45.1,8.3,0.9285714285714286,0.0,0.0,12.0,12.0,38.9,2.7,0.25,0.0,0.0,16.0,12.0,37.8,2.0,0.5,-1.0,16.0,-300.0,0.038461538461538464,0.23076923076923078,3,5,34.0,9.0,1222,1167,1328
440,202308030802,15,10,14,122,0,0,0,0,0,0,0,0,1,0,1,16,0,0,0,0,0,0,0,0,1,0,0,7,0,0,0,0,0,0,0,0,0.0,0.0,60.0,9.0,35.3,2.0,0.2727272727272727,,,,,,,,,,,,,,,,,-200.0,0.09433962264150944,0.16981132075471697,5,10,231.8,15.0,1127,1716,1328
441,202308030802,1,0,0,4,0,0,0,0,0,0,0,0,1,0,0,3,0,0,0,0,0,0,0,0,0,0,0,1,0,0,0,0,0,0,0,0,0.0,0.0,80.0,8.0,35.8,0.9,0.5882352941176471,0.0,0.0,10.0,6.0,36.4,0.8,0.4444444444444444,,,,,,,,-2.0,12.0,0.0,0.038461538461538464,0.34615384615384615,1,1,30.3,8.0,1629,1396,1428
442,202308030802,1,0,0,4,17,10,16,124,0,0,0,1,1,0,0,3,0,0,1,20,0,0,0,1,0,0,0,1,0,0,0,6,0,0,0,0,0.0,0.0,8.0,8.0,42.3,4.2,0.25,0.0,0.0,13.0,14.0,42.9,5.5,0.3125,0.0,0.0,14.0,14.0,37.3,2.1,0.35714285714285715,3.0,-16.0,-100.0,0.0,0.0,5,9,401.3,16.0,1629,1167,1428
443,202308030802,0,0,0,0,0,0,0,2,0,0,0,0,0,0,0,0,0,0,0,0,0,0,0,0,0,0,0,0,0,0,0,0,0,0,0,0,0.0,0.0,2.0,2.0,40.7,0.1,0.45454545454545453,0.0,0.0,12.0,13.0,36.3,1.5,0.875,0.0,0.0,14.0,10.0,36.4,0.9,0.875,4.0,14.0,-200.0,0.041666666666666664,0.125,6,11,10.2,5.0,558,832,1094
444,202308030802,0,0,0,0,1,2,0,9,0,0,0,0,0,0,0,0,0,0,0,1,0,0,0,0,0,0,0,0,0,0,0,1,0,0,0,0,0.0,0.0,7.0,4.0,40.9,0.5,0.5,0.0,0.0,11.0,10.0,35.1,1.4,0.8888888888888888,0.0,0.0,14.0,3.0,34.3,0.1,0.6470588235294118,-0.5,20.0,-100.0,0.06,0.1,8,18,79.6,12.0,1381,1028,548
445,202308030802,0,0,0,0,17,10,16,124,0,0,0,0,0,0,0,0,0,0,1,20,0,0,0,0,0,0,0,0,0,0,0,6,0,0,0,0,0.0,0.0,1.0,3.0,39.1,0.3,0.16666666666666666,0.0,0.0,17.0,12.0,36.4,1.1,0.05555555555555555,0.0,0.0,14.0,8.0,37.2,0.9,0.2222222222222222,2.5,35.0,-100.0,0.0,0.0,2,4,171.4,14.0,1261,1167,387
446,202308030802,0,0,0,0,8,5,4,94,0,0,0,0,0,0,0,0,2,1,3,16,0,0,0,0,0,0,0,0,1,1,1,3,0,0,0,0,0.0,0.0,12.0,8.0,40.7,2.1,0.75,0.0,0.0,15.0,11.0,37.0,2.4,0.6875,0.0,0.0,12.0,13.0,37.0,2.0,0.5,2.5,43.0,-100.0,0.0,0.0,7,14,510.0,17.0,1038,1556,489
447,202308030802,0,0,0,0,1,0,0,10,0,0,0,0,0,0,0,0,0,0,0,1,0,0,0,0,0,0,0,0,0,0,0,0,0,0,0,0,0.0,0.0,9.0,6.0,41.0,1.2,0.7777777777777778,0.0,0.0,18.0,16.0,36.8,2.4,0.7222222222222222,0.0,0.0,8.0,8.0,35.6,2.6,0.5,1.0,5.0,0.0,0.5,1.0,1,2,650.4,18.0,1289,1110,1428
448,202308030802,0,3,0,3,16,15,14,100,0,1,0,0,0,1,0,0,1,2,1,19,0,0,0,0,0,1,0,0,0,1,0,5,0,0,0,0,0.0,0.0,5.0,4.0,39.2,0.3,0.16666666666666666,0.0,0.0,13.0,17.0,36.6,3.3,1.0,0.0,0.0,4.0,9.0,35.1,1.5,1.0,2.5,20.0,-100.0,0.0,0.2857142857142857,4,8,144.5,13.0,1677,1428,1167
449,202308030802,0,0,0,0,0,1,0,28,0,0,0,0,0,0,0,0,0,0,0,3,0,0,0,0,0,0,0,0,0,0,0,0,0,0,0,0,0.0,0.0,13.0,16.0,42.1,4.0,0.625,0.0,0.0,9.0,14.0,40.8,4.7,0.5,0.0,0.0,10.0,15.0,39.1,3.8,0.375,-0.5,8.0,0.0,,,6,12,41.9,10.0,1467,1328,336
