,race_id,f_course1,f_course2,f_course3,f_courseout,mf_course1,mf_course2,mf_course3,mf_courseout,f_mf_course1,f_mf_course2,f_mf_course3,f_mf_courseout,f_len1,f_len2,f_len3,f_lenout,mf_len1,mf_len2,mf_len3,mf_classout,f_mf_len1,f_mf_len2,f_mf_len3,f_mf_classout,f_class1,f_class2,f_class3,f_classout,mf_class1,mf_class2,mf_class3,mf_classout,f_mf_class1,f_mf_class2,f_mf_class3,f_mf_classout,time_df_course1,time_df_class1,ninki_1,result_1,agari_1,margin_1,corner_ratio_1,time_df_course2,time_df_class2,ninki_2,result_2,agari_2,margin_2,corner_ratio_2,time_df_course3,time_df_class3,ninki_3,result_3,agari_3,margin_3,corner_ratio_3,rank_trend,weight_change,dist_change,jockey_win_rate,jockey_place_rate,waku,umaban
0,202508010506,13,4,9,64,0,0,0,4,0,0,0,0,2,1,1,12,0,0,0,0,0,0,0,0,2,0,0,1,0,0,0,0,0,0,0,0,0.0,0.0,40.0,7.0,34.3,1.1,0.7777777777777778,,,,,,,,,,,,,,,,,200.0,0.14285714285714285,0.4,6,9
1,202508010506,13,14,9,76,1,1,2,3,0,1,0,0,1,6,1,15,1,1,1,1,0,1,0,0,0,2,0,2,0,1,0,1,0,1,0,0,0.0,0.0,10.0,2.0,34.2,0.9,0.36363636363636365,0.0,0.0,30.0,2.0,34.0,0.1,0.5714285714285714,,,,,,,,0.0,4.0,0.0,0.32,0.56,7,11
2,202508010506,0,0,1,1,4,7,8,92,0,0,1,1,0,0,0,0,1,1,0,11,0,0,0,0,0,0,0,0,1,0,0,7,0,0,0,0,0.0,0.0,70.0,2.0,37.5,0.9,0.2777777777777778,0.0,0.0,50.0,7.0,36.0,0.8,0.5,0.0,0.0,60.0,3.0,35.1,0.1,0.625,0.5,8.0,0.0,0.04878048780487805,0.14634146341463414,8,13
3,202508010506,11,15,16,124,7,4,9,72,0,0,1,0,3,4,5,28,3,0,2,14,0,0,1,0,0,3,0,4,0,0,0,3,0,0,0,0,0.0,0.0,10.0,3.0,35.0,0.9,0.5833333333333334,,,,,,,,,,,,,,,,,0.0,0.04,0.32,5,8
4,202508010506,20,21,26,240,55,57,50,362,4,2,3,28,3,2,6,44,9,9,12,54,0,0,1,5,3,0,2,20,3,2,6,23,0,0,0,3,0.0,0.0,60.0,4.0,34.0,0.6,0.3888888888888889,,,,,,,,,,,,,,,,,0.0,0.0,0.19230769230769232,1,1
5,202508010506,11,15,16,124,1,0,1,5,0,0,0,0,3,4,5,28,0,0,0,0,0,0,0,0,0,3,0,4,0,0,0,0,0,0,0,0,0.0,0.0,20.0,4.0,34.3,0.9,0.6666666666666666,0.0,0.0,10.0,5.0,34.6,0.7,0.7777777777777778,,,,,,,,1.0,-4.0,400.0,0.10204081632653061,0.3877551020408163,2,2
6,202508010506,5,3,9,56,0,0,0,1,0,0,0,1,3,1,2,15,0,0,0,0,0,0,0,0,1,1,2,5,0,0,0,0,0,0,0,0,0.0,0.0,120.0,12.0,36.7,1.8,0.5625,0.0,0.0,160.0,4.0,38.1,1.7,0.5,0.0,0.0,130.0,10.0,35.6,1.2,0.6428571428571429,-1.0,0.0,-200.0,0.07142857142857142,0.07142857142857142,4,5
7,202508010506,20,21,26,240,0,1,1,7,0,0,0,1,3,2,6,44,0,0,0,0,0,0,0,0,3,0,2,20,0,0,0,0,0,0,0,0,0.0,0.0,60.0,5.0,35.0,0.9,0.8571428571428571,0.0,0.0,150.0,4.0,35.5,0.5,0.7058823529411765,,,,,,,,-1.0,2.0,400.0,0.03571428571428571,0.21428571428571427,8,14
8,202508010506,11,15,16,124,4,7,8,92,0,1,0,0,3,4,5,28,1,1,0,11,0,0,0,0,0,3,0,4,1,0,0,7,0,0,0,0,0.0,0.0,10.0,3.0,36.9,1.1,0.625,0.0,0.0,60.0,2.0,35.0,0.2,0.45454545454545453,0.0,0.0,,,,,,-1.0,-12.0,200.0,0.0,0.21052631578947367,3,3
9,202508010506,13,4,9,64,7,9,13,74,0,0,0,0,2,1,1,12,0,1,3,11,0,0,0,0,2,0,0,1,0,0,0,4,0,0,0,0,0.0,0.0,10.0,3.0,35.6,0.6,0.5294117647058824,,,,,,,,,,,,,,,,,200.0,0.0,0.0,4,6
10,202508010506,1,2,0,1,18,20,22,156,0,0,0,0,1,1,0,1,2,5,7,23,0,0,0,0,1,0,0,0,1,2,2,11,0,0,0,0,0.0,0.0,120.0,5.0,34.0,1.0,0.6666666666666666,,,,,,,,,,,,,,,,,0.0,0.07317073170731707,0.21951219512195122,5,7
11,202508010506,3,1,1,16,55,57,50,362,0,0,0,1,1,0,0,1,9,9,12,54,0,0,0,0,1,0,0,0,3,2,6,23,0,0,0,0,0.0,0.0,90.0,6.0,35.3,1.1,0.8,,,,,,,,,,,,,,,,,400.0,0.06896551724137931,0.3103448275862069,3,4
12,202508010506,2,1,1,16,11,5,10,118,0,0,0,1,0,0,1,9,2,2,2,13,0,0,0,1,0,0,0,4,0,1,2,6,0,0,0,0,0.0,0.0,100.0,10.0,35.0,1.1,1.0,0.0,0.0,100.0,12.0,37.1,3.4,1.0,,,,,,,,2.0,28.0,0.0,0.0,0.6666666666666666,7,12
13,202508010506,20,21,26,240,4,7,8,92,0,0,0,7,3,2,6,44,1,1,0,11,0,0,0,1,3,0,2,20,1,0,0,7,0,0,0,0,0.0,0.0,140.0,14.0,37.2,3.8,0.9285714285714286,,,,,,,,,,,,,,,,,0.0,0.0,0.07692307692307693,6,10
14,202508010510,46,34,30,257,3,4,1,15,0,1,0,4,13,4,2,51,1,1,0,2,0,0,0,1,1,0,0,3,0,0,0,0,0,0,0,0,0.0,0.0,10.0,8.0,33.9,1.1,0.8333333333333334,0.0,0.0,110.0,11.0,38.2,3.1,0.3888888888888889,0.0,0.0,50.0,11.0,36.0,1.6,0.6428571428571429,1.5,-18.0,400.0,0.08333333333333333,0.375,4,4
15,202508010510,11,15,16,124,3,3,0,27,2,0,0,2,3,4,5,28,2,0,0,7,2,0,0,1,1,0,0,3,1,0,0,1,1,0,0,1,0.0,0.0,20.0,6.0,34.5,0.4,1.0,0.0,0.0,130.0,12.0,38.5,3.2,0.2222222222222222,0.0,0.0,80.0,10.0,36.2,1.6,0.42857142857142855,2.0,0.0,0.0,0.14705882352941177,0.38235294117647056,8,9
16,202508010510,28,22,25,271,1,1,1,1,1,1,1,1,10,5,6,62,0,1,1,0,0,1,1,0,0,1,2,9,0,1,1,0,0,1,1,0,0.0,0.0,20.0,2.0,35.4,0.1,0.5,0.0,0.0,30.0,2.0,35.1,0.1,0.35714285714285715,0.0,0.0,70.0,2.0,34.0,0.0,0.625,0.0,6.0,0.0,0.0,0.2,3,3
17,202508010510,20,10,19,136,2,4,2,16,1,1,0,0,5,3,4,24,1,1,0,4,1,0,0,0,0,0,0,1,0,0,0,0,0,0,0,0,0.0,0.0,20.0,4.0,34.3,0.4,0.8333333333333334,0.0,0.0,30.0,2.0,34.3,0.1,0.4,0.0,0.0,60.0,2.0,34.4,0.0,0.21428571428571427,-1.0,-2.0,200.0,0.07142857142857142,0.21428571428571427,5,5
18,202508010510,2,0,2,47,36,26,38,308,1,0,1,5,2,0,1,10,7,7,12,47,1,0,1,3,0,0,0,0,0,0,0,2,0,0,0,0,0.0,0.0,90.0,10.0,34.9,1.2,0.8333333333333334,0.0,0.0,100.0,12.0,35.8,1.2,0.4117647058823529,0.0,0.0,30.0,1.0,34.4,0.0,0.42857142857142855,-4.5,-4.0,200.0,0.06779661016949153,0.3050847457627119,8,8
19,202508010510,20,10,19,136,7,4,9,72,2,0,2,4,5,3,4,24,3,0,2,14,2,0,0,2,0,0,0,1,0,0,0,2,0,0,0,0,0.0,0.0,50.0,14.0,35.9,1.4,0.47058823529411764,0.0,0.0,10.0,1.0,33.7,0.0,0.8,0.0,0.0,20.0,3.0,33.1,0.1,0.6363636363636364,-5.5,8.0,0.0,0.16129032258064516,0.22580645161290322,6,6
20,202508010510,7,8,7,58,0,0,2,5,0,0,0,2,2,2,0,9,0,0,0,2,0,0,0,1,0,0,0,1,0,0,0,1,0,0,0,1,0.0,0.0,90.0,11.0,33.5,0.8,0.9230769230769231,0.0,0.0,40.0,6.0,33.8,0.7,0.75,0.0,0.0,30.0,12.0,34.1,1.2,0.8,0.5,-10.0,200.0,0.125,0.125,7,7
21,202508010510,8,6,8,48,0,0,0,17,0,0,0,1,2,1,2,7,0,0,0,2,0,0,0,1,0,0,0,0,0,0,0,0,0,0,0,0,0.0,0.0,50.0,1.0,35.2,0.0,0.15384615384615385,0.0,0.0,10.0,15.0,36.9,2.1,0.1875,0.0,0.0,90.0,14.0,37.5,1.3,0.058823529411764705,6.5,20.0,0.0,0.041666666666666664,0.3333333333333333,1,1
22,202508010510,55,50,29,338,7,10,7,47,0,1,0,1,6,2,2,30,2,3,3,11,0,0,0,0,1,0,0,4,0,0,0,0,0,0,0,0,0.0,0.0,90.0,14.0,34.7,1.5,0.4666666666666667,0.0,0.0,70.0,4.0,35.2,0.5,0.5,0.0,0.0,60.0,7.0,34.3,0.8,0.375,-3.5,-4.0,0.0,0.04918032786885246,0.3442622950819672,2,2
23,202508010605,0,1,1,6,0,1,0,0,0,0,0,0,0,0,0,1,0,0,0,0,0,0,0,0,0,0,0,1,0,0,0,0,0,0,0,0,0.0,0.0,90.0,12.0,36.0,1.2,0.26666666666666666,0.0,0.0,70.0,5.0,35.6,1.2,0.25,0.0,0.0,140.0,11.0,35.3,1.4,0.9285714285714286,-0.5,-2.0,0.0,0.0625,0.0625,7,12
24,202508010605,0,0,0,1,0,0,0,1,0,0,0,0,0,0,0,1,0,0,0,0,0,0,0,0,0,0,0,1,0,0,0,0,0,0,0,0,0.0,0.0,10.0,2.0,35.0,0.0,0.1,0.0,0.0,20.0,2.0,33.9,0.1,0.3333333333333333,,,,,,,,0.0,-10.0,0.0,0.09803921568627451,0.39215686274509803,8,14
25,202508010605,0,1,1,4,4,0,4,16,0,0,0,0,0,0,0,2,1,0,2,2,0,0,0,0,0,0,0,2,1,0,2,1,0,0,0,0,0.0,0.0,10.0,14.0,36.6,0.9,0.35294117647058826,,,,,,,,,,,,,,,,,0.0,0.19047619047619047,0.2857142857142857,1,1
26,202508010605,5,7,6,42,9,8,6,52,0,3,0,3,1,2,1,15,2,2,1,12,0,2,0,1,1,1,0,7,1,1,1,9,0,1,0,0,0.0,0.0,50.0,5.0,38.5,1.1,0.4444444444444444,0.0,0.0,90.0,8.0,39.6,1.1,0.625,0.0,0.0,20.0,6.0,39.9,1.3,0.3333333333333333,0.5,0.0,100.0,0.16216216216216217,0.40540540540540543,4,6
27,202508010605,3,2,2,15,2,0,2,14,0,0,0,1,0,0,0,2,1,0,1,5,0,0,0,0,0,0,0,0,0,0,1,3,0,0,0,0,0.0,0.0,70.0,12.0,34.4,2.0,1.0,,,,,,,,,,,,,,,,,0.0,0.06666666666666667,0.3,3,4
28,202508010605,0,0,0,0,0,0,0,0,0,0,0,0,0,0,0,0,0,0,0,0,0,0,0,0,0,0,0,0,0,0,0,0,0,0,0,0,0.0,0.0,60.0,10.0,37.4,1.1,0.36363636363636365,,,,,,,,,,,,,,,,,400.0,0.0,0.2,6,10
29,202508010605,0,0,0,0,1,3,1,11,0,0,0,0,0,0,0,0,0,1,1,3,0,0,0,0,0,0,0,0,0,1,0,2,0,0,0,0,0.0,0.0,40.0,4.0,36.8,0.5,0.6111111111111112,,,,,,,,,,,,,,,,,0.0,0.1388888888888889,0.3055555555555556,4,5
30,202508010605,5,7,9,47,3,7,3,50,1,1,1,4,2,1,1,13,2,1,0,15,1,0,0,2,0,0,1,8,1,1,0,5,0,0,0,1,0.0,0.0,110.0,8.0,35.7,1.4,0.5625,0.0,0.0,60.0,12.0,35.4,1.9,0.7777777777777778,,,,,,,,4.0,-6.0,400.0,0.14285714285714285,0.42857142857142855,5,8
31,202508010605,1,2,1,12,1,0,0,0,0,0,0,0,0,0,0,3,0,0,0,0,0,0,0,0,0,0,0,1,0,0,0,0,0,0,0,0,0.0,0.0,70.0,8.0,38.2,2.3,0.4444444444444444,0.0,0.0,60.0,7.0,37.9,3.1,0.6666666666666666,,,,,,,,-1.0,-6.0,200.0,0.047619047619047616,0.16666666666666666,6,9
32,202508010605,2,4,2,23,4,4,1,29,0,0,0,0,0,2,0,5,1,1,0,8,0,0,0,0,0,2,0,2,0,0,0,4,0,0,0,0,0.0,0.0,70.0,4.0,36.6,0.3,0.058823529411764705,0.0,0.0,90.0,16.0,44.0,6.3,0.3125,,,,,,,,12.0,18.0,0.0,,,3,3
33,202508010605,0,1,5,11,4,4,1,29,0,0,0,2,0,0,2,2,1,1,0,8,0,0,0,0,0,0,2,2,0,0,0,4,0,0,0,0,0.0,0.0,90.0,8.0,37.7,1.8,0.058823529411764705,,,,,,,,,,,,,,,,,200.0,0.058823529411764705,0.21568627450980393,8,13
34,202508010605,0,0,2,5,0,0,0,1,0,0,0,1,0,0,1,1,0,0,0,0,0,0,0,0,0,0,1,1,0,0,0,0,0,0,0,0,0.0,0.0,140.0,7.0,35.1,1.3,0.5882352941176471,0.0,0.0,120.0,17.0,37.7,2.2,0.16666666666666666,0.0,0.0,120.0,6.0,36.7,0.8,0.21428571428571427,-0.5,2.0,800.0,0.06818181818181818,0.20454545454545456,5,7
35,202508010605,0,1,0,2,0,1,0,11,0,0,0,0,0,0,0,1,0,1,0,1,0,0,0,0,0,0,0,1,0,0,0,0,0,0,0,0,,,,,,,,,,,,,,,,,,,,,,,,,0.058823529411764705,0.29411764705882354,2,2
36,202508010605,0,0,0,1,2,2,2,6,0,0,0,0,0,0,0,0,0,1,1,0,0,0,0,0,0,0,0,0,0,1,0,0,0,0,0,0,0.0,0.0,90.0,9.0,35.7,1.0,0.5,0.0,0.0,90.0,3.0,35.0,1.1,0.2857142857142857,,,,,,,,-6.0,-6.0,400.0,0.0,0.0,7,11
37,202508010609,0,2,2,6,0,0,0,3,0,0,0,0,0,0,0,1,0,0,0,0,0,0,0,0,0,0,0,0,0,0,0,0,0,0,0,0,0.0,0.0,70.0,7.0,36.2,1.2,0.5714285714285714,0.0,0.0,10.0,2.0,34.7,0.0,0.23076923076923078,0.0,0.0,20.0,1.0,34.0,0.0,0.25,-3.0,2.0,-200.0,0.15873015873015872,0.2222222222222222,4,4
38,202508010609,2,4,0,44,4,4,1,29,0,0,0,1,1,1,0,11,1,1,0,8,0,0,0,1,0,0,0,0,0,0,0,0,0,0,0,0,0.0,0.0,30.0,2.0,34.8,0.2,0.6923076923076923,0.0,0.0,30.0,3.0,35.5,0.3,0.5714285714285714,0.0,0.0,20.0,3.0,34.0,0.4,0.75,0.5,2.0,0.0,0.3409090909090909,0.8181818181818182,3,3
39,202508010609,0,0,0,3,1,6,0,25,0,0,0,0,0,0,0,1,0,2,0,4,0,0,0,0,0,0,0,0,0,0,0,0,0,0,0,0,0.0,0.0,50.0,4.0,35.1,0.6,0.8888888888888888,0.0,0.0,40.0,4.0,36.0,0.7,0.5,0.0,0.0,50.0,6.0,36.1,1.7,0.3,1.0,8.0,0.0,0.1,0.38,8,8
40,202508010609,3,2,2,15,3,7,3,50,0,0,1,2,0,0,0,2,2,1,0,15,0,0,0,0,0,0,0,0,0,0,0,0,0,0,0,0,0.0,0.0,20.0,6.0,37.6,1.5,0.2,0.0,0.0,60.0,3.0,33.8,0.2,0.6923076923076923,0.0,0.0,110.0,10.0,34.8,1.7,0.7857142857142857,2.0,6.0,-400.0,0.16666666666666666,0.4166666666666667,8,9
41,202508010609,0,1,1,4,0,0,0,2,0,0,0,0,0,0,0,2,0,0,0,0,0,0,0,0,0,0,0,0,0,0,0,0,0,0,0,0,0.0,0.0,40.0,6.0,35.3,0.4,0.35714285714285715,0.0,0.0,10.0,1.0,34.2,0.0,0.5454545454545454,0.0,0.0,30.0,4.0,34.0,0.6,0.875,-1.0,-2.0,0.0,0.14285714285714285,0.3142857142857143,5,5
42,202508010609,0,0,0,2,5,2,1,17,0,0,0,0,0,0,0,0,1,0,0,4,0,0,0,0,0,0,0,0,0,0,0,0,0,0,0,0,0.0,0.0,100.0,10.0,40.4,1.7,0.125,0.0,0.0,90.0,16.0,42.9,3.4,0.0625,0.0,0.0,30.0,10.0,39.8,1.7,0.07142857142857142,0.0,-2.0,300.0,0.0,0.0,7,7
43,202508010609,0,2,5,18,3,0,0,13,0,0,0,0,0,0,1,4,1,0,0,3,0,0,0,0,0,0,0,0,0,0,0,0,0,0,0,0,0.0,0.0,10.0,15.0,39.9,1.8,0.0625,0.0,0.0,40.0,4.0,35.4,0.8,0.14285714285714285,0.0,0.0,50.0,3.0,34.9,0.2,0.3333333333333333,-6.0,4.0,200.0,0.21052631578947367,0.5263157894736842,6,6
44,202508010609,5,7,6,42,0,0,0,0,0,0,0,0,1,2,1,15,0,0,0,0,0,0,0,0,0,0,0,0,0,0,0,0,0,0,0,0,0.0,0.0,100.0,6.0,36.0,1.0,0.07692307692307693,0.0,0.0,70.0,5.0,34.7,0.8,0.75,0.0,0.0,130.0,8.0,39.7,2.2,0.3125,1.0,10.0,0.0,0.06666666666666667,0.06666666666666667,1,1
45,202508010609,3,2,2,15,0,0,0,1,0,0,0,0,0,0,0,2,0,0,0,1,0,0,0,0,0,0,0,0,0,0,0,0,0,0,0,0,0.0,0.0,60.0,9.0,46.5,11.7,0.2222222222222222,0.0,0.0,70.0,4.0,35.3,0.2,0.18181818181818182,0.0,0.0,70.0,4.0,36.3,0.5,0.125,-2.5,4.0,0.0,0.06976744186046512,0.20930232558139536,2,2
46,202508020205,22,34,31,226,11,5,10,118,1,2,1,9,9,16,14,58,2,2,2,13,0,1,0,1,2,4,5,20,0,1,2,6,0,1,0,1,0.0,0.0,50.0,6.0,35.5,0.8,0.23076923076923078,0.0,0.0,10.0,4.0,34.6,0.3,0.38461538461538464,,,,,,,,-2.0,2.0,0.0,0.0,0.1111111111111111,7,12
47,202508020205,20,21,26,240,0,1,1,7,0,0,0,1,3,2,6,44,0,0,0,0,0,0,0,0,3,0,2,20,0,0,0,0,0,0,0,0,0.0,0.0,70.0,8.0,35.0,0.9,0.7142857142857143,0.0,0.0,60.0,5.0,35.0,0.9,0.8571428571428571,0.0,0.0,150.0,4.0,35.5,0.5,0.7058823529411765,-2.0,0.0,0.0,0.11764705882352941,0.11764705882352941,6,9
48,202508020205,5,8,3,59,4,7,8,92,0,0,1,3,1,2,0,8,1,1,0,11,0,0,0,0,1,1,0,4,1,0,0,7,0,0,0,0,0.0,0.0,120.0,7.0,35.6,1.0,0.11764705882352941,0.0,0.0,120.0,10.0,40.2,2.2,0.1875,0.0,0.0,110.0,8.0,37.2,1.6,0.9375,0.5,-4.0,200.0,,,4,6
49,202508020205,5,8,3,59,4,7,8,92,0,0,1,3,1,2,0,8,1,1,0,11,0,0,0,0,1,1,0,4,1,0,0,7,0,0,0,0,0.0,0.0,30.0,4.0,35.1,0.4,0.5,0.0,0.0,50.0,3.0,35.7,0.3,0.8,0.0,0.0,40.0,4.0,36.6,0.7,0.5384615384615384,0.0,0.0,0.0,0.12727272727272726,0.23636363636363636,5,7
50,202508020205,12,13,8,101,0,0,0,9,0,0,0,4,3,1,2,28,0,0,0,1,0,0,0,0,0,1,0,11,0,0,0,1,0,0,0,0,0.0,0.0,150.0,5.0,35.8,0.9,0.5,0.0,0.0,140.0,10.0,35.7,2.2,0.8666666666666667,0.0,0.0,120.0,9.0,35.5,1.0,0.6,2.0,-4.0,0.0,0.06557377049180328,0.29508196721311475,3,3
51,202508020205,12,13,8,101,0,0,0,2,0,0,0,0,3,1,2,28,0,0,0,0,0,0,0,0,0,1,0,11,0,0,0,0,0,0,0,0,0.0,0.0,60.0,7.0,35.7,0.8,0.5714285714285714,0.0,0.0,100.0,9.0,35.1,0.9,0.9444444444444444,0.0,0.0,90.0,6.0,35.6,1.0,0.8333333333333334,-0.5,-4.0,0.0,0.046511627906976744,0.16279069767441862,2,2
52,202508020205,1,2,0,1,1,0,0,7,0,0,0,0,1,1,0,1,0,0,0,1,0,0,0,0,1,0,0,0,0,0,0,0,0,0,0,0,0.0,0.0,90.0,8.0,36.2,1.6,0.06666666666666667,0.0,0.0,60.0,9.0,37.1,1.9,0.6923076923076923,0.0,0.0,50.0,5.0,34.6,0.8,0.18181818181818182,-1.5,-2.0,-400.0,0.034482758620689655,0.20689655172413793,1,1
53,202508020205,3,1,1,16,6,6,6,74,0,0,0,0,1,0,0,1,0,0,2,5,0,0,0,0,1,0,0,0,0,0,1,3,0,0,0,0,0.0,0.0,50.0,8.0,34.7,0.7,0.47058823529411764,0.0,0.0,30.0,11.0,39.5,1.5,0.5,0.0,0.0,60.0,5.0,35.1,0.5,0.4375,-1.5,0.0,400.0,0.18181818181818182,0.3181818181818182,8,14
54,202508020205,0,2,2,28,7,10,7,47,0,0,0,1,0,1,0,6,2,3,3,11,0,0,0,0,0,0,0,2,2,2,1,7,0,0,0,0,0.0,0.0,80.0,14.0,45.3,8.2,0.5714285714285714,0.0,0.0,170.0,9.0,34.9,1.5,0.3888888888888889,,,,,,,,-5.0,8.0,200.0,0.06666666666666667,0.2,4,5
55,202508020205,21,19,18,218,7,7,3,46,0,0,0,2,0,1,0,13,1,1,1,6,0,0,0,0,0,0,0,1,0,0,0,4,0,0,0,0,0.0,0.0,110.0,10.0,35.7,1.7,0.5714285714285714,0.0,0.0,60.0,10.0,39.8,3.2,0.8125,,,,,,,,0.0,-2.0,0.0,0.1111111111111111,0.1111111111111111,6,10
56,202508020205,11,15,16,124,0,0,0,1,0,0,0,0,3,4,5,28,0,0,0,0,0,0,0,0,0,3,0,4,0,0,0,0,0,0,0,0,0.0,0.0,30.0,11.0,35.0,1.7,1.0,,,,,,,,,,,,,,,,,0.0,0.05128205128205128,0.3333333333333333,8,13
57,202508020205,13,4,9,64,3,3,3,78,0,0,0,0,2,1,1,12,1,0,1,22,0,0,0,0,2,0,0,1,1,0,0,8,0,0,0,0,0.0,0.0,90.0,12.0,35.2,1.8,0.8571428571428571,0.0,0.0,130.0,14.0,36.9,2.1,0.6111111111111112,,,,,,,,2.0,-18.0,0.0,0.057692307692307696,0.21153846153846154,7,11
58,202508020205,5,5,7,69,4,7,7,84,1,1,0,3,2,0,3,10,1,0,2,17,1,0,0,1,1,0,2,4,0,0,1,8,0,0,0,0,0.0,0.0,140.0,13.0,36.2,2.0,0.21428571428571427,0.0,0.0,150.0,13.0,36.4,2.4,1.0,,,,,,,,0.0,-4.0,0.0,,,3,4
59,202508020205,1,6,0,50,3,2,2,25,0,0,0,0,0,0,0,13,0,0,0,1,0,0,0,0,0,0,0,9,0,0,0,1,0,0,0,0,0.0,0.0,130.0,14.0,35.6,2.7,0.8571428571428571,0.0,0.0,80.0,12.0,39.3,3.2,1.0,0.0,0.0,90.0,6.0,39.6,2.5,0.6363636363636364,-4.0,-16.0,0.0,0.0,0.0,5,8
60,202508020404,55,50,29,338,0,0,0,2,0,0,0,0,6,2,2,30,0,0,0,0,0,0,0,0,1,0,2,12,0,0,0,0,0,0,0,0,0.0,0.0,20.0,3.0,34.5,0.2,0.7857142857142857,,,,,,,,,,,,,,,,,0.0,0.3333333333333333,0.8222222222222222,7,10
61,202508020404,18,18,18,180,1,2,3,26,0,0,1,2,3,7,5,36,0,0,0,3,0,0,0,0,1,3,3,19,0,0,0,1,0,0,0,0,0.0,0.0,40.0,6.0,37.0,0.9,0.5,0.0,0.0,90.0,6.0,35.4,1.0,0.6666666666666666,,,,,,,,0.0,4.0,-600.0,0.05660377358490566,0.20754716981132076,7,11
62,202508020404,0,2,1,24,11,10,14,115,0,0,0,0,0,0,0,2,1,2,3,19,0,0,0,0,0,0,0,2,0,0,2,6,0,0,0,0,0.0,0.0,20.0,3.0,34.9,0.5,0.11764705882352941,0.0,0.0,10.0,3.0,35.9,0.1,0.2857142857142857,0.0,0.0,80.0,3.0,37.0,0.4,0.4444444444444444,0.0,-6.0,400.0,1.0,1.0,5,7
63,202508020404,12,13,8,101,0,0,0,17,0,0,0,1,3,1,2,28,0,0,0,3,0,0,0,1,0,1,0,11,0,0,0,1,0,0,0,0,0.0,0.0,80.0,8.0,39.6,2.6,0.8,0.0,0.0,70.0,9.0,36.9,0.9,0.4166666666666667,0.0,0.0,100.0,9.0,36.1,2.2,0.75,0.5,2.0,300.0,0.04838709677419355,0.3387096774193548,6,8
64,202508020404,18,18,18,180,20,13,13,129,2,1,0,5,3,7,5,36,1,1,1,13,0,0,0,2,1,3,3,19,0,0,0,4,0,0,0,1,0.0,0.0,120.0,7.0,35.8,1.2,0.375,0.0,0.0,140.0,14.0,39.9,3.4,0.9375,0.0,0.0,140.0,8.0,38.2,1.1,0.75,0.5,-4.0,0.0,0.0,0.0,8,12
65,202508020404,1,0,1,5,1,1,1,11,0,0,0,0,0,0,0,1,0,0,0,3,0,0,0,0,0,0,0,0,0,0,0,0,0,0,0,0,0.0,0.0,150.0,14.0,35.6,1.7,0.9444444444444444,0.0,0.0,80.0,10.0,38.6,1.7,0.8125,0.0,0.0,130.0,16.0,35.1,2.5,0.8888888888888888,1.0,4.0,400.0,0.06451612903225806,0.2903225806451613,6,9
66,202508020404,7,8,7,58,18,20,22,156,0,0,0,4,2,2,0,9,2,5,7,23,0,0,0,1,1,1,0,2,1,2,2,11,0,0,0,1,0.0,0.0,90.0,10.0,36.5,3.0,0.9166666666666666,0.0,0.0,110.0,9.0,41.8,4.3,1.0,0.0,0.0,130.0,11.0,41.9,3.3,0.8125,0.5,-4.0,-200.0,0.0,1.0,5,6
67,202508020404,1,0,1,13,0,0,0,1,0,0,0,0,1,0,0,2,0,0,0,0,0,0,0,0,1,0,0,1,0,0,0,0,0,0,0,0,0.0,0.0,120.0,11.0,35.9,1.2,0.75,,,,,,,,,,,,,,,,,0.0,,,4,4
68,202508020404,2,10,7,56,4,4,1,14,0,0,0,0,0,0,0,7,2,0,0,1,0,0,0,0,0,0,0,4,1,0,0,0,0,0,0,0,0.0,0.0,80.0,5.0,36.0,0.6,0.07142857142857142,0.0,0.0,120.0,7.0,38.7,1.0,0.1875,0.0,0.0,80.0,8.0,39.4,1.4,0.4444444444444444,1.5,0.0,0.0,0.0,0.0,2,2
69,202508020404,5,3,9,56,0,0,0,1,0,0,0,1,3,1,2,15,0,0,0,0,0,0,0,0,1,1,2,5,0,0,0,0,0,0,0,0,0.0,0.0,60.0,6.0,40.4,1.4,0.375,0.0,0.0,90.0,5.0,40.3,1.4,0.18181818181818182,0.0,0.0,100.0,9.0,36.5,1.4,0.1875,1.5,4.0,200.0,0.1111111111111111,0.16666666666666666,8,13
70,202508020404,3,1,1,16,18,20,22,156,0,0,0,0,1,0,0,1,2,5,7,23,0,0,0,0,1,0,0,0,1,2,2,11,0,0,0,0,0.0,0.0,150.0,14.0,36.5,1.4,0.9375,0.0,0.0,70.0,14.0,40.7,3.3,0.5625,,,,,,,,0.0,-10.0,200.0,0.0,0.0,1,1
71,202508020404,5,4,3,110,0,0,1,2,0,0,0,0,1,1,0,27,0,0,0,0,0,0,0,0,1,1,0,9,0,0,0,0,0,0,0,0,0.0,0.0,60.0,10.0,38.1,1.5,0.6875,0.0,0.0,170.0,6.0,36.8,1.1,0.6111111111111112,,,,,,,,-4.0,8.0,-600.0,0.0,0.07142857142857142,4,5
72,202508020404,0,0,0,2,0,0,0,5,0,0,0,0,0,0,0,0,0,0,0,0,0,0,0,0,0,0,0,0,0,0,0,0,0,0,0,0,0.0,0.0,40.0,14.0,40.7,4.5,0.4,,,,,,,,,,,,,,,,,600.0,0.0,0.3333333333333333,3,3
73,202508020507,2,4,2,23,0,0,0,4,0,0,0,1,0,2,0,5,0,0,0,0,0,0,0,0,0,0,0,0,0,0,0,0,0,0,0,0,0.0,0.0,90.0,6.0,34.6,0.4,0.13333333333333333,0.0,0.0,20.0,1.0,35.7,0.0,0.05555555555555555,0.0,0.0,50.0,2.0,35.2,0.0,0.16666666666666666,-2.0,0.0,0.0,0.3076923076923077,0.5769230769230769,1,1
74,202508020507,10,7,6,57,0,0,0,3,0,0,0,0,2,2,1,23,0,0,0,1,0,0,0,0,0,0,0,2,0,0,0,0,0,0,0,0,0.0,0.0,90.0,13.0,36.8,1.6,0.3125,0.0,0.0,20.0,11.0,37.7,1.0,0.4,0.0,0.0,120.0,6.0,35.3,0.6,0.8235294117647058,-3.5,18.0,0.0,0.1111111111111111,0.1111111111111111,4,4
75,202508020507,1,0,1,13,9,8,6,52,0,0,0,4,1,0,0,2,2,2,1,12,0,0,0,1,0,0,0,0,0,0,0,1,0,0,0,0,0.0,0.0,10.0,5.0,36.2,0.6,0.3333333333333333,0.0,0.0,20.0,3.0,37.3,0.0,0.0625,0.0,0.0,20.0,5.0,36.7,0.9,0.25,0.0,-2.0,0.0,0.34782608695652173,0.8260869565217391,3,3
76,202508020507,10,7,6,57,0,2,0,17,0,1,0,0,2,2,1,23,0,0,0,2,0,0,0,0,0,0,0,2,0,0,0,1,0,0,0,0,0.0,0.0,20.0,3.0,34.3,0.5,0.375,0.0,0.0,70.0,9.0,36.3,0.8,0.1111111111111111,0.0,0.0,60.0,6.0,34.3,0.7,0.3333333333333333,1.5,-14.0,-200.0,0.16666666666666666,0.25,2,2
77,202508020507,7,5,6,39,1,0,0,1,0,0,0,0,3,2,2,10,0,0,0,1,0,0,0,0,1,0,0,0,0,0,0,0,0,0,0,0,0.0,0.0,40.0,4.0,35.1,0.7,0.6875,,,,,,,,,,,,,,,,,0.0,0.125,0.23214285714285715,5,5
78,202508020507,5,7,9,47,0,0,0,0,0,0,0,0,2,1,1,13,0,0,0,0,0,0,0,0,1,0,0,0,0,0,0,0,0,0,0,0,0.0,0.0,20.0,3.0,35.3,0.2,0.5454545454545454,0.0,0.0,20.0,2.0,36.4,0.3,0.7777777777777778,0.0,0.0,40.0,3.0,34.6,0.8,0.6666666666666666,0.0,-12.0,0.0,0.047619047619047616,0.3333333333333333,7,8
79,202508020507,10,7,6,57,3,7,3,50,0,0,0,4,2,2,1,23,2,1,0,15,0,0,0,1,0,0,0,2,0,0,0,2,0,0,0,1,0.0,0.0,70.0,9.0,36.3,1.3,0.16666666666666666,0.0,0.0,180.0,4.0,37.2,0.5,0.4444444444444444,0.0,0.0,30.0,8.0,35.8,1.2,0.9444444444444444,-0.5,6.0,0.0,,,7,9
80,202508020507,0,1,1,6,0,1,0,11,0,0,0,0,0,0,0,1,0,1,0,1,0,0,0,0,0,0,0,0,0,0,0,0,0,0,0,0,0.0,0.0,80.0,8.0,34.8,0.9,0.5,0.0,0.0,130.0,12.0,36.7,1.8,0.5,0.0,0.0,130.0,16.0,39.4,2.8,0.1111111111111111,4.0,2.0,200.0,0.10526315789473684,0.15789473684210525,6,6
81,202508020507,1,1,1,2,3,7,3,50,0,0,0,0,0,0,0,0,2,1,0,15,0,0,0,0,0,0,0,0,0,0,0,2,0,0,0,0,0.0,0.0,90.0,6.0,36.3,0.4,0.2222222222222222,0.0,0.0,20.0,9.0,37.9,1.8,0.125,0.0,0.0,80.0,10.0,34.8,0.4,0.16666666666666666,2.0,4.0,400.0,0.13513513513513514,0.2972972972972973,6,7
82,202508020507,2,4,0,44,9,8,6,52,0,0,0,4,1,1,0,11,2,2,1,12,0,0,0,3,0,0,0,1,0,0,0,1,0,0,0,0,0.0,0.0,120.0,8.0,35.2,0.9,1.0,0.0,0.0,100.0,8.0,35.3,1.2,0.9166666666666666,0.0,0.0,90.0,5.0,36.2,0.6,0.75,-1.5,-14.0,0.0,0.0,0.2,8,11
83,202508020507,0,1,0,14,5,2,1,17,0,0,0,0,0,0,0,2,1,0,0,4,0,0,0,0,0,0,0,0,0,0,0,0,0,0,0,0,0.0,0.0,110.0,14.0,36.4,1.7,0.5,0.0,0.0,110.0,13.0,39.4,1.7,0.23076923076923078,0.0,0.0,130.0,9.0,39.6,2.3,0.21428571428571427,-2.5,-10.0,0.0,0.05555555555555555,0.2222222222222222,8,10
84,202508020510,3,2,5,17,0,3,0,15,0,1,0,1,1,0,4,2,0,0,0,5,0,0,0,0,0,0,0,0,0,0,0,0,0,0,0,0,0.0,0.0,30.0,7.0,35.8,0.9,0.25,0.0,0.0,50.0,6.0,35.7,0.4,0.16666666666666666,0.0,0.0,70.0,10.0,40.4,2.9,0.23076923076923078,1.5,-8.0,0.0,0.046875,0.328125,8,8
85,202508020510,5,7,6,42,1,2,3,34,0,0,0,3,1,2,1,15,0,0,2,8,0,0,0,2,0,0,0,0,0,0,0,0,0,0,0,0,0.0,0.0,20.0,2.0,35.4,0.2,0.7272727272727273,0.0,0.0,20.0,1.0,35.7,0.0,0.6666666666666666,0.0,0.0,20.0,9.0,34.0,0.4,0.8333333333333334,3.5,0.0,0.0,0.05555555555555555,0.2777777777777778,2,2
86,202508020510,0,0,0,3,1,6,0,25,0,0,0,0,0,0,0,1,0,2,0,4,0,0,0,0,0,0,0,0,0,0,0,0,0,0,0,0,0.0,0.0,80.0,2.0,34.4,0.1,0.875,0.0,0.0,40.0,6.0,37.8,1.5,1.0,0.0,0.0,90.0,9.0,34.9,0.8,0.7692307692307693,3.5,-2.0,0.0,0.06521739130434782,0.1956521739130435,4,4
87,202508020510,1,0,1,2,0,2,0,3,0,0,0,1,0,0,0,0,0,0,0,1,0,0,0,0,0,0,0,0,0,0,0,0,0,0,0,0,0.0,0.0,50.0,8.0,36.8,1.0,0.1875,0.0,0.0,70.0,8.0,36.0,1.0,0.125,0.0,0.0,90.0,16.0,37.4,2.4,0.75,4.0,-10.0,200.0,0.0,0.0,6,6
88,202508020510,10,7,6,57,0,0,0,4,0,0,0,0,2,2,1,23,0,0,0,0,0,0,0,0,0,0,0,0,0,0,0,0,0,0,0,0,0.0,0.0,90.0,8.0,33.9,1.4,0.8888888888888888,0.0,0.0,100.0,9.0,41.5,5.8,0.5625,0.0,0.0,20.0,6.0,38.4,2.3,1.0,-1.0,12.0,400.0,0.045454545454545456,0.13636363636363635,1,1
89,202508020510,0,2,2,6,0,1,0,6,0,0,0,0,0,0,0,1,0,0,0,2,0,0,0,0,0,0,0,0,0,0,0,0,0,0,0,0,0.0,0.0,50.0,5.0,34.7,1.2,1.0,0.0,0.0,50.0,7.0,34.8,0.6,1.0,0.0,0.0,40.0,6.0,34.0,0.8,0.875,0.5,-2.0,0.0,0.03333333333333333,0.2,5,5
90,202508020510,2,4,0,44,4,1,2,13,0,0,0,0,1,1,0,11,1,0,0,4,0,0,0,0,0,0,0,0,0,0,0,0,0,0,0,0,0.0,0.0,60.0,7.0,35.8,1.5,0.75,0.0,0.0,90.0,9.0,35.6,1.1,0.4375,0.0,0.0,50.0,11.0,36.0,0.9,0.5,2.0,12.0,0.0,0.05454545454545454,0.21818181818181817,3,3
91,202508020510,5,7,9,47,0,0,0,1,0,0,0,0,2,1,1,13,0,0,0,0,0,0,0,0,0,0,0,0,0,0,0,0,0,0,0,0,0.0,0.0,90.0,9.0,34.7,1.1,0.7777777777777778,0.0,0.0,170.0,16.0,36.6,1.2,0.5,0.0,0.0,90.0,12.0,37.2,2.2,0.23076923076923078,1.5,-2.0,400.0,0.05,0.15,7,7
92,202508020603,55,50,29,338,55,57,50,362,16,8,7,55,6,2,2,30,9,9,12,54,2,0,1,4,1,0,2,12,3,2,6,23,0,0,1,3,0.0,0.0,40.0,9.0,33.9,1.3,0.9411764705882353,0.0,0.0,40.0,9.0,35.5,1.1,0.7272727272727273,,,,,,,,0.0,8.0,400.0,0.03225806451612903,0.1935483870967742,8,18
93,202508020603,7,8,7,58,0,0,0,1,0,0,0,0,2,2,0,9,0,0,0,0,0,0,0,0,1,1,0,2,0,0,0,0,0,0,0,0,0.0,0.0,40.0,6.0,35.6,1.2,0.2,0.0,0.0,70.0,3.0,36.1,0.4,0.5384615384615384,0.0,0.0,90.0,7.0,35.5,1.4,0.6875,0.5,-6.0,-400.0,0.12280701754385964,0.22807017543859648,4,7
94,202508020603,5,3,9,56,55,57,50,362,1,1,3,14,3,1,2,15,9,9,12,54,1,0,1,4,1,1,2,5,3,2,6,23,1,0,1,2,0.0,0.0,60.0,3.0,40.1,0.1,0.8,0.0,0.0,70.0,6.0,35.1,0.9,0.8,0.0,0.0,70.0,4.0,35.8,1.5,0.7,0.5,4.0,300.0,0.0,0.5,4,8
95,202508020603,26,28,26,219,55,57,50,362,4,8,4,28,4,5,8,45,9,9,12,54,0,1,1,6,2,2,2,19,3,2,6,23,0,0,0,3,0.0,0.0,90.0,10.0,34.0,1.4,0.7222222222222222,,,,,,,,,,,,,,,,,400.0,0.06349206349206349,0.2857142857142857,7,13
96,202508020603,0,0,1,1,4,7,8,92,0,0,1,1,0,0,0,0,1,1,0,11,0,0,0,0,0,0,0,0,1,0,0,7,0,0,0,0,0.0,0.0,20.0,3.0,35.8,0.4,0.5,0.0,0.0,40.0,7.0,35.2,0.5,0.4444444444444444,0.0,0.0,60.0,3.0,35.6,0.2,0.14285714285714285,0.0,-8.0,0.0,0.1,0.2,7,15
97,202508020603,5,3,9,56,55,57,50,362,1,1,3,14,3,1,2,15,9,9,12,54,1,0,1,4,1,1,2,5,3,2,6,23,1,0,1,2,0.0,0.0,90.0,5.0,35.6,0.5,0.625,,,,,,,,,,,,,,,,,0.0,0.0,0.5,3,5
98,202508020603,46,34,30,257,0,0,0,1,0,0,0,0,13,4,2,51,0,0,0,0,0,0,0,0,3,2,0,24,0,0,0,0,0,0,0,0,0.0,0.0,110.0,13.0,35.1,1.4,0.8888888888888888,0.0,0.0,40.0,14.0,34.4,2.2,0.8888888888888888,,,,,,,,1.0,16.0,200.0,0.0,0.18518518518518517,5,10
99,202508020603,46,34,30,257,3,0,1,8,0,0,0,0,13,4,2,51,1,0,0,1,0,0,0,0,3,2,0,24,0,0,0,1,0,0,0,0,0.0,0.0,110.0,3.0,34.4,0.4,0.8125,0.0,0.0,40.0,11.0,39.8,3.5,1.0,0.0,0.0,20.0,10.0,35.5,1.7,0.6363636363636364,3.5,0.0,0.0,,,8,17
100,202508020603,20,21,26,240,55,57,50,362,4,2,3,28,3,2,6,44,9,9,12,54,0,0,1,5,3,0,2,20,3,2,6,23,0,0,0,3,0.0,0.0,70.0,6.0,36.5,0.9,0.5625,0.0,0.0,70.0,5.0,36.1,0.7,0.26666666666666666,0.0,0.0,60.0,7.0,35.8,0.9,0.5333333333333333,0.5,-6.0,0.0,0.06382978723404255,0.2127659574468085,6,11
101,202508020603,22,34,31,226,55,57,50,362,5,4,7,34,9,16,14,58,9,9,12,54,2,4,3,5,2,4,5,20,3,2,6,23,0,1,2,3,0.0,0.0,80.0,7.0,35.8,0.7,0.625,0.0,0.0,160.0,9.0,36.6,0.8,0.8125,0.0,0.0,170.0,13.0,35.6,2.0,1.0,3.0,-2.0,0.0,0.05263157894736842,0.3157894736842105,5,9
102,202508020603,2,1,1,16,0,5,2,21,0,0,0,0,0,0,1,9,0,1,1,2,0,0,0,0,0,0,0,4,0,1,1,1,0,0,0,0,0.0,0.0,120.0,15.0,35.6,2.2,0.9444444444444444,,,,,,,,,,,,,,,,,200.0,0.05357142857142857,0.21428571428571427,1,1
103,202508020603,1,2,6,28,11,8,11,118,0,0,0,0,0,1,1,3,2,0,0,23,0,0,0,0,0,0,1,2,0,0,0,9,0,0,0,0,,,,,,,,,,,,,,,,,,,,,,,,,0.029411764705882353,0.38235294117647056,2,3
104,202508020603,22,34,31,226,4,7,8,92,1,0,0,4,9,16,14,58,1,1,0,11,0,0,0,0,2,4,5,20,1,0,0,7,0,0,0,0,0.0,0.0,10.0,12.0,36.8,1.2,0.25,0.0,0.0,100.0,2.0,33.8,0.1,0.2222222222222222,,,,,,,,-10.0,6.0,0.0,0.02702702702702703,0.13513513513513514,7,14
105,202508020603,1,0,1,6,7,10,7,47,0,0,0,0,0,0,0,1,2,3,3,11,0,0,0,0,0,0,0,0,2,2,1,7,0,0,0,0,0.0,0.0,50.0,10.0,40.3,3.8,0.7333333333333333,,,,,,,,,,,,,,,,,200.0,0.045454545454545456,0.1590909090909091,1,2
106,202508020603,11,15,16,124,7,4,9,72,0,0,1,0,3,4,5,28,3,0,2,14,0,0,1,0,0,3,0,4,0,0,0,3,0,0,0,0,0.0,0.0,20.0,15.0,38.2,1.4,0.2777777777777778,0.0,0.0,30.0,6.0,36.4,0.6,0.1875,0.0,0.0,50.0,5.0,34.4,0.6,0.3333333333333333,-5.0,-2.0,0.0,0.038461538461538464,0.3076923076923077,2,4
107,202508020603,1,0,1,5,9,14,10,108,0,0,0,0,0,0,0,1,1,1,1,16,0,0,0,0,0,0,0,0,0,0,1,10,0,0,0,0,0.0,0.0,120.0,8.0,36.6,1.5,0.5,0.0,0.0,160.0,11.0,34.9,1.2,0.7647058823529411,0.0,0.0,140.0,18.0,36.2,2.9,1.0,5.0,-2.0,-200.0,0.2,0.2,6,12
108,202508020603,13,14,9,76,18,20,22,156,1,1,0,2,1,6,1,15,2,5,7,23,0,0,0,0,0,2,0,2,1,2,2,11,0,0,0,0,0.0,0.0,110.0,2.0,36.4,0.4,0.1875,0.0,0.0,100.0,14.0,40.1,4.4,0.4375,0.0,0.0,140.0,12.0,40.1,2.7,0.625,5.0,2.0,0.0,0.0,0.0,8,16
109,202508020603,0,0,2,16,55,57,50,362,0,0,0,3,0,0,0,1,9,9,12,54,0,0,0,0,0,0,0,0,3,2,6,23,0,0,0,0,0.0,0.0,100.0,2.0,36.2,0.2,0.0625,0.0,0.0,60.0,8.0,40.6,1.6,0.42857142857142855,0.0,0.0,30.0,11.0,42.2,3.0,0.375,4.5,-20.0,0.0,0.0,0.06666666666666667,3,6
110,202508020709,0,0,0,1,0,0,2,1,0,0,0,0,0,0,0,0,0,0,0,0,0,0,0,0,0,0,0,0,0,0,0,0,0,0,0,0,0.0,0.0,60.0,2.0,34.3,0.1,0.3333333333333333,0.0,0.0,40.0,1.0,35.1,0.0,0.3333333333333333,0.0,0.0,10.0,3.0,38.7,0.5,0.18181818181818182,0.5,6.0,-400.0,0.17391304347826086,0.30434782608695654,4,4
111,202508020709,0,0,0,1,0,0,1,3,0,0,0,0,0,0,0,0,0,0,0,0,0,0,0,0,0,0,0,0,0,0,0,0,0,0,0,0,0.0,0.0,30.0,1.0,34.8,0.0,0.15384615384615385,0.0,0.0,20.0,4.0,35.7,0.4,0.16666666666666666,0.0,0.0,90.0,3.0,35.3,0.5,0.16666666666666666,1.0,0.0,0.0,0.06153846153846154,0.3384615384615385,3,3
112,202508020709,0,0,0,2,2,2,3,12,0,0,0,0,0,0,0,0,0,1,2,2,0,0,0,0,0,0,0,0,0,0,1,1,0,0,0,0,0.0,0.0,50.0,2.0,35.2,0.3,0.4,0.0,0.0,60.0,1.0,36.2,0.0,0.8125,0.0,0.0,110.0,8.0,36.6,1.4,0.3888888888888889,3.0,-2.0,0.0,0.047619047619047616,0.14285714285714285,8,10
113,202508020709,3,0,0,9,0,0,0,0,0,0,0,0,1,0,0,1,0,0,0,0,0,0,0,0,1,0,0,0,0,0,0,0,0,0,0,0,0.0,0.0,10.0,6.0,34.6,1.1,1.0,,,,,,,,,,,,,,,,,400.0,0.3404255319148936,0.8297872340425532,7,8
114,202508020709,0,0,0,2,0,0,0,0,0,0,0,0,0,0,0,0,0,0,0,0,0,0,0,0,0,0,0,0,0,0,0,0,0,0,0,0,0.0,0.0,20.0,1.0,36.1,0.0,0.5,0.0,0.0,30.0,2.0,35.8,0.1,0.5,0.0,0.0,60.0,7.0,34.0,0.5,0.6666666666666666,3.0,2.0,-400.0,0.0,0.06666666666666667,2,2
115,202508020709,0,0,0,2,0,0,2,1,0,0,0,0,0,0,0,0,0,0,0,1,0,0,0,0,0,0,0,0,0,0,0,1,0,0,0,0,0.0,0.0,30.0,1.0,35.6,0.0,0.4375,0.0,0.0,10.0,3.0,38.1,0.8,0.3125,0.0,0.0,10.0,2.0,37.0,0.6,0.25,0.5,0.0,200.0,0.0625,0.20833333333333334,6,6
116,202508020709,0,0,0,2,0,0,0,0,0,0,0,0,0,0,0,0,0,0,0,0,0,0,0,0,0,0,0,0,0,0,0,0,0,0,0,0,0.0,0.0,140.0,7.0,34.9,0.6,0.21428571428571427,0.0,0.0,80.0,9.0,35.4,1.9,1.0,0.0,0.0,80.0,4.0,35.1,0.4,0.15384615384615385,-1.5,-4.0,0.0,0.05,0.325,7,7
117,202508020709,1,0,1,5,0,0,2,13,0,0,0,1,0,0,0,1,0,0,0,2,0,0,0,0,0,0,0,0,0,0,0,1,0,0,0,0,0.0,0.0,10.0,1.0,34.2,0.0,0.4117647058823529,0.0,0.0,30.0,2.0,33.9,0.4,0.5,,,,,,,,1.0,-4.0,200.0,0.1206896551724138,0.2413793103448276,8,9
118,202508020709,0,1,0,2,0,0,0,1,0,0,0,0,0,0,0,0,0,0,0,0,0,0,0,0,0,0,0,0,0,0,0,0,0,0,0,0,0.0,0.0,40.0,3.0,36.3,1.4,0.2857142857142857,,,,,,,,,,,,,,,,,200.0,0.0625,0.28125,5,5
119,202508020709,2,1,0,6,0,0,0,0,0,0,0,0,0,1,0,1,0,0,0,0,0,0,0,0,0,1,0,1,0,0,0,0,0,0,0,0,0.0,0.0,20.0,2.0,35.6,0.7,0.42857142857142855,0.0,0.0,50.0,3.0,35.9,0.4,0.6666666666666666,0.0,0.0,30.0,5.0,38.4,0.7,0.75,1.5,0.0,0.0,0.0625,0.21875,1,1
120,202508020804,2,1,1,13,1,0,0,1,0,0,0,0,0,0,0,4,0,0,0,1,0,0,0,0,0,0,0,0,0,0,0,1,0,0,0,0,0.0,0.0,30.0,3.0,37.8,1.4,0.125,0.0,0.0,10.0,2.0,35.5,0.1,0.07142857142857142,0.0,0.0,10.0,2.0,34.2,0.9,0.36363636363636365,-0.5,0.0,-200.0,0.02631578947368421,0.13157894736842105,5,5
121,202508020804,2,3,1,34,1,1,0,3,0,0,0,0,1,1,0,10,0,0,0,1,0,0,0,0,1,0,0,5,0,0,0,0,0,0,0,0,0.0,0.0,50.0,2.0,35.2,0.3,0.07692307692307693,0.0,0.0,40.0,6.0,37.0,0.9,0.5,0.0,0.0,90.0,6.0,35.4,1.0,0.6666666666666666,2.0,-6.0,0.0,0.05263157894736842,0.21052631578947367,3,3
122,202508020804,2,4,0,44,0,1,3,15,0,0,0,2,1,1,0,11,0,0,1,0,0,0,0,0,1,1,0,5,0,0,0,0,0,0,0,0,0.0,0.0,40.0,7.0,35.7,0.9,0.5625,0.0,0.0,30.0,6.0,37.3,0.9,0.07692307692307693,0.0,0.0,90.0,4.0,34.9,0.9,0.18181818181818182,-1.5,-8.0,0.0,0.1,0.15,6,8
123,202508020804,1,2,1,12,0,0,0,0,0,0,0,0,0,0,0,3,0,0,0,0,0,0,0,0,0,0,0,1,0,0,0,0,0,0,0,0,0.0,0.0,100.0,5.0,35.1,0.9,0.7142857142857143,0.0,0.0,150.0,5.0,35.8,0.9,0.5,0.0,0.0,140.0,10.0,35.7,2.2,0.8666666666666667,2.5,2.0,0.0,0.06153846153846154,0.27692307692307694,2,2
124,202508020804,0,0,0,5,0,0,0,0,0,0,0,0,0,0,0,2,0,0,0,0,0,0,0,0,0,0,0,0,0,0,0,0,0,0,0,0,0.0,0.0,110.0,8.0,35.3,1.5,0.6923076923076923,0.0,0.0,120.0,11.0,35.9,1.2,0.75,,,,,,,,3.0,0.0,0.0,0.044444444444444446,0.15555555555555556,8,12
125,202508020804,1,2,1,12,0,0,0,1,0,0,0,0,0,0,0,3,0,0,0,0,0,0,0,0,0,0,0,1,0,0,0,0,0,0,0,0,,,,,,,,,,,,,,,,,,,,,,,,,0.0,0.0625,6,7
126,202508020804,1,1,0,2,0,0,0,0,0,0,0,0,0,0,0,0,0,0,0,0,0,0,0,0,0,0,0,0,0,0,0,0,0,0,0,0,0.0,0.0,90.0,9.0,36.1,2.3,1.0,0.0,0.0,110.0,10.0,36.2,2.3,0.75,,,,,,,,1.0,-2.0,0.0,0.0,0.5,8,11
127,202508020804,2,0,0,6,0,2,0,17,0,0,0,0,0,0,0,0,0,0,0,2,0,0,0,0,0,0,0,0,0,0,0,1,0,0,0,0,0.0,0.0,140.0,14.0,43.1,6.4,0.4375,0.0,0.0,100.0,11.0,44.3,8.1,0.9166666666666666,0.0,0.0,140.0,9.0,40.2,2.4,0.3333333333333333,-2.5,8.0,100.0,0.04878048780487805,0.3170731707317073,4,4
128,202508020804,0,0,0,6,4,4,1,29,0,0,0,0,0,0,0,0,1,1,0,8,0,0,0,0,0,0,0,0,0,0,0,4,0,0,0,0,0.0,0.0,130.0,7.0,35.2,1.3,0.38461538461538464,0.0,0.0,90.0,10.0,36.5,3.0,0.9166666666666666,0.0,0.0,110.0,9.0,41.8,4.3,1.0,1.0,6.0,0.0,0.0,0.6666666666666666,7,10
129,202508020804,0,2,1,9,0,1,1,6,0,0,0,0,0,0,0,1,0,0,1,1,0,0,0,0,0,0,0,0,0,0,0,0,0,0,0,0,0.0,0.0,30.0,9.0,36.5,1.7,0.15384615384615385,0.0,0.0,80.0,5.0,36.0,0.6,0.07142857142857142,0.0,0.0,120.0,7.0,38.7,1.0,0.1875,-1.0,-2.0,0.0,0.061224489795918366,0.20408163265306123,7,9
130,202508020804,5,7,9,47,1,3,1,11,0,0,0,0,2,1,1,13,0,1,1,3,0,0,0,0,0,0,1,8,0,1,0,2,0,0,0,0,0.0,0.0,60.0,11.0,36.5,2.4,0.9166666666666666,0.0,0.0,120.0,8.0,35.8,1.9,0.7222222222222222,0.0,0.0,120.0,8.0,35.7,0.5,0.7222222222222222,-1.5,-6.0,0.0,0.05,0.3,1,1
131,202508020804,0,0,0,4,1,0,1,1,0,0,0,0,0,0,0,0,0,0,0,0,0,0,0,0,0,0,0,0,0,0,0,0,0,0,0,0,0.0,0.0,120.0,12.0,37.9,2.7,0.16666666666666666,0.0,0.0,160.0,12.0,37.5,2.0,0.5,0.0,0.0,150.0,15.0,37.1,2.4,0.8666666666666667,1.5,-4.0,0.0,0.0,0.18181818181818182,5,6
132,202508020905,7,8,7,58,0,0,0,1,0,0,0,0,2,2,0,9,0,0,0,0,0,0,0,0,1,1,0,2,0,0,0,0,0,0,0,0,0.0,0.0,30.0,2.0,36.3,0.2,0.8333333333333334,0.0,0.0,40.0,6.0,35.6,1.2,0.2,0.0,0.0,70.0,3.0,36.1,0.4,0.5384615384615384,0.5,14.0,0.0,0.3333333333333333,0.5925925925925926,3,6
133,202508020905,26,28,26,219,55,57,50,362,4,8,4,28,4,5,8,45,9,9,12,54,0,1,1,6,2,2,2,19,3,2,6,23,0,0,0,3,0.0,0.0,120.0,4.0,36.1,0.3,0.8888888888888888,0.0,0.0,90.0,10.0,34.0,1.4,0.7222222222222222,,,,,,,,6.0,2.0,0.0,0.05970149253731343,0.3582089552238806,3,5
134,202508020905,0,0,0,10,55,57,50,362,0,0,0,0,0,0,0,1,9,9,12,54,0,0,0,0,0,0,0,1,3,2,6,23,0,0,0,0,0.0,0.0,10.0,3.0,36.5,0.6,0.2,0.0,0.0,60.0,4.0,35.6,0.1,0.25,0.0,0.0,50.0,4.0,35.0,0.8,0.375,0.5,6.0,200.0,0.11864406779661017,0.23728813559322035,4,7
135,202508020905,20,21,26,240,12,28,22,196,1,3,4,33,3,2,6,44,1,7,5,33,1,1,1,4,3,0,2,20,1,2,3,13,1,0,0,2,0.0,0.0,130.0,8.0,35.3,0.8,0.5714285714285714,0.0,0.0,150.0,16.0,35.1,2.3,1.0,,,,,,,,8.0,-2.0,0.0,0.05172413793103448,0.22413793103448276,8,16
136,202508020905,14,16,16,113,12,9,12,159,0,0,1,3,2,1,2,16,0,1,1,15,0,0,0,0,1,0,0,3,0,0,0,6,0,0,0,0,0.0,0.0,50.0,6.0,33.7,0.2,0.9166666666666666,0.0,0.0,60.0,14.0,37.9,1.5,0.625,0.0,0.0,60.0,2.0,36.0,0.1,1.0,-2.0,-14.0,200.0,0.09090909090909091,0.18181818181818182,1,1
137,202508020905,0,0,1,0,0,0,0,0,0,0,0,0,0,0,0,0,0,0,0,0,0,0,0,0,0,0,0,0,0,0,0,0,0,0,0,0,0.0,0.0,140.0,4.0,34.1,0.7,0.125,0.0,0.0,50.0,12.0,35.0,1.2,0.8125,0.0,0.0,30.0,11.0,36.3,1.5,0.25,3.5,-2.0,200.0,0.05128205128205128,0.15384615384615385,6,11
138,202508020905,1,1,0,5,0,0,0,0,0,0,0,0,0,0,0,0,0,0,0,0,0,0,0,0,0,0,0,0,0,0,0,0,0,0,0,0,0.0,0.0,60.0,11.0,34.7,1.1,0.75,0.0,0.0,,,,,,0.0,0.0,90.0,5.0,35.1,0.5,0.07692307692307693,-6.0,-4.0,200.0,0.047619047619047616,0.30952380952380953,7,13
139,202508020905,1,6,0,50,18,21,14,144,0,0,0,2,0,0,0,13,2,4,3,20,0,0,0,0,0,0,0,9,1,2,2,8,0,0,0,0,0.0,0.0,70.0,6.0,35.0,0.6,0.5,0.0,0.0,100.0,8.0,39.2,1.8,0.8666666666666667,0.0,0.0,60.0,7.0,36.0,1.1,0.25,0.5,-6.0,-200.0,0.05970149253731343,0.26865671641791045,5,10
140,202508020905,20,21,26,240,0,1,1,7,0,0,0,1,3,2,6,44,0,0,0,0,0,0,0,0,3,0,2,20,0,0,0,0,0,0,0,0,0.0,0.0,40.0,2.0,34.5,0.2,0.42857142857142855,0.0,0.0,70.0,8.0,35.0,0.9,0.7142857142857143,0.0,0.0,60.0,5.0,35.0,0.9,0.8571428571428571,1.5,4.0,0.0,0.09090909090909091,0.18181818181818182,2,4
141,202508020905,5,3,9,56,55,57,50,362,1,1,3,14,3,1,2,15,9,9,12,54,1,0,1,4,1,1,2,5,3,2,6,23,1,0,1,2,0.0,0.0,140.0,14.0,37.1,2.2,0.4375,,,,,,,,,,,,,,,,,0.0,0.043478260869565216,0.15217391304347827,1,2
142,202508020905,2,1,1,16,55,57,50,362,1,1,1,1,0,0,1,9,9,9,12,54,0,0,1,1,0,0,0,4,3,2,6,23,0,0,0,0,0.0,0.0,160.0,11.0,37.1,1.5,0.5,0.0,0.0,120.0,10.0,40.4,3.6,0.8333333333333334,,,,,,,,-1.0,10.0,0.0,0.0,0.0,2,3
143,202508020905,26,28,26,219,55,57,50,362,4,8,4,28,4,5,8,45,9,9,12,54,0,1,1,6,2,2,2,19,3,2,6,23,0,0,0,3,0.0,0.0,10.0,12.0,37.4,1.5,0.375,0.0,0.0,50.0,3.0,34.2,0.2,0.46153846153846156,,,,,,,,-9.0,4.0,0.0,0.15384615384615385,0.38461538461538464,5,9
144,202508020905,21,19,18,218,3,4,1,15,0,0,0,0,0,1,0,13,1,1,0,2,0,0,0,0,0,0,0,1,1,1,0,1,0,0,0,0,0.0,0.0,80.0,7.0,34.5,0.3,0.25,0.0,0.0,120.0,9.0,40.2,2.2,0.7333333333333333,0.0,0.0,80.0,14.0,39.2,2.2,0.6875,3.5,-4.0,200.0,0.20833333333333334,0.3333333333333333,6,12
145,202508020905,0,0,2,27,5,3,4,47,0,0,0,0,0,0,0,2,0,0,0,4,0,0,0,0,0,0,0,1,0,0,0,1,0,0,0,0,0.0,0.0,40.0,11.0,37.8,2.2,0.4,0.0,0.0,160.0,6.0,34.9,0.7,0.3888888888888889,0.0,0.0,130.0,16.0,39.8,4.2,0.8125,2.5,-2.0,200.0,0.06,0.2,4,8
146,202508020905,0,0,0,0,1,0,0,3,0,0,0,0,0,0,0,0,0,0,0,0,0,0,0,0,0,0,0,0,0,0,0,0,0,0,0,0,,,,,,,,,,,,,,,,,,,,,,,,,0.3469387755102041,0.8163265306122449,7,14
147,202508020905,0,0,2,16,55,57,50,362,0,0,0,3,0,0,0,1,9,9,12,54,0,0,0,0,0,0,0,0,3,2,6,23,0,0,0,0,0.0,0.0,110.0,16.0,39.0,2.7,0.125,0.0,0.0,50.0,18.0,40.5,3.4,0.05555555555555555,0.0,0.0,100.0,2.0,36.2,0.2,0.0625,-7.0,2.0,0.0,0.0,0.058823529411764705,8,15
148,202508020910,0,0,0,3,4,0,4,16,0,0,0,0,0,0,0,2,1,0,2,2,0,0,0,0,0,0,0,0,0,0,0,0,0,0,0,0,0.0,0.0,20.0,8.0,34.8,0.4,0.5625,0.0,0.0,10.0,1.0,34.6,0.0,0.5555555555555556,0.0,0.0,10.0,4.0,35.2,0.4,0.46153846153846156,-2.0,0.0,0.0,0.3333333333333333,0.8125,1,1
149,202508020910,0,1,0,14,0,0,0,0,0,0,0,0,0,0,0,2,0,0,0,0,0,0,0,0,0,0,0,0,0,0,0,0,0,0,0,0,0.0,0.0,80.0,3.0,32.7,0.0,0.7142857142857143,0.0,0.0,40.0,2.0,33.9,0.1,0.4,0.0,0.0,30.0,16.0,39.8,4.3,0.2222222222222222,6.5,-2.0,400.0,0.171875,0.234375,4,4
150,202508020910,0,2,2,6,2,1,1,11,0,0,0,0,0,0,0,1,0,1,0,2,0,0,0,0,0,0,0,0,0,0,0,0,0,0,0,0,0.0,0.0,10.0,12.0,35.5,1.7,0.6666666666666666,0.0,0.0,20.0,4.0,35.3,0.2,0.8888888888888888,0.0,0.0,10.0,1.0,33.7,0.0,0.25,-5.5,-2.0,-400.0,0.06060606060606061,0.3484848484848485,8,8
151,202508020910,0,2,2,6,0,0,0,6,0,0,0,0,0,0,0,1,0,0,0,1,0,0,0,0,0,0,0,0,0,0,0,0,0,0,0,0,0.0,0.0,120.0,13.0,35.1,1.3,0.5625,0.0,0.0,10.0,5.0,36.6,0.2,0.46153846153846156,0.0,0.0,80.0,4.0,35.6,0.3,0.46153846153846156,-4.5,-4.0,200.0,0.06060606060606061,0.2727272727272727,6,6
152,202508020910,0,0,0,0,5,2,1,17,0,0,0,0,0,0,0,0,1,0,0,4,0,0,0,0,0,0,0,0,0,0,0,0,0,0,0,0,0.0,0.0,30.0,1.0,35.0,0.0,0.3333333333333333,0.0,0.0,10.0,11.0,36.7,0.7,0.8125,0.0,0.0,50.0,6.0,33.7,0.5,0.8461538461538461,2.5,2.0,0.0,0.15789473684210525,0.39473684210526316,3,3
153,202508020910,1,0,1,9,9,8,6,52,0,0,0,2,1,0,0,2,2,2,1,12,0,0,0,0,0,0,0,0,1,0,0,0,0,0,0,0,0.0,0.0,20.0,1.0,35.1,0.0,0.4666666666666667,0.0,0.0,10.0,1.0,36.0,0.0,0.16666666666666666,0.0,0.0,20.0,2.0,34.8,0.1,0.1875,0.5,-8.0,0.0,0.047619047619047616,0.2857142857142857,5,5
154,202508020910,0,2,2,6,3,7,3,50,0,0,0,0,0,0,0,1,2,1,0,15,0,0,0,0,0,0,0,0,0,0,0,2,0,0,0,0,0.0,0.0,60.0,3.0,33.6,0.1,1.0,0.0,0.0,70.0,1.0,35.4,0.0,0.6875,0.0,0.0,30.0,5.0,34.7,0.5,1.0,1.0,14.0,400.0,0.125,0.25,7,7
155,202508020910,5,7,9,47,3,2,1,14,0,0,0,0,2,1,1,13,0,0,0,3,0,0,0,0,0,0,0,2,0,0,0,0,0,0,0,0,0.0,0.0,130.0,8.0,35.3,1.2,0.7142857142857143,0.0,0.0,110.0,9.0,38.2,1.6,0.9166666666666666,0.0,0.0,70.0,11.0,36.6,2.1,0.25,1.5,2.0,-400.0,0.09523809523809523,0.19047619047619047,2,2
156,202508021107,6,13,7,66,3,0,2,35,0,0,0,0,1,1,0,10,1,0,0,8,0,0,0,0,0,0,0,1,0,0,0,1,0,0,0,0,0.0,0.0,60.0,2.0,35.1,0.6,0.2222222222222222,0.0,0.0,60.0,1.0,36.0,0.0,0.5333333333333333,0.0,0.0,50.0,6.0,35.5,0.3,0.5625,2.0,8.0,200.0,0.08333333333333333,0.16666666666666666,1,1
157,202508021107,5,4,3,110,11,8,11,118,0,0,0,9,1,1,0,27,2,0,0,23,0,0,0,5,0,0,0,6,0,0,0,7,0,0,0,4,0.0,0.0,50.0,3.0,34.7,0.3,0.14285714285714285,0.0,0.0,40.0,2.0,35.3,0.1,0.07692307692307693,0.0,0.0,50.0,13.0,37.4,1.4,0.125,5.0,0.0,200.0,0.0,0.0,2,2
158,202508021107,8,6,8,48,1,0,4,9,0,0,1,2,2,1,2,7,0,0,0,2,0,0,0,1,1,0,0,0,0,0,0,0,0,0,0,0,0.0,0.0,60.0,3.0,36.3,0.5,0.09090909090909091,0.0,0.0,40.0,7.0,36.4,0.7,0.1111111111111111,0.0,0.0,20.0,2.0,36.0,0.6,0.08333333333333333,-0.5,0.0,0.0,0.13157894736842105,0.2894736842105263,5,5
159,202508021107,20,21,26,240,12,28,22,196,1,3,4,33,3,2,6,44,1,7,5,33,1,1,1,4,0,1,0,5,0,1,0,3,0,0,0,0,0.0,0.0,10.0,2.0,34.8,0.2,0.5,0.0,0.0,20.0,2.0,35.4,0.2,0.7272727272727273,0.0,0.0,20.0,1.0,35.7,0.0,0.6666666666666666,-0.5,2.0,0.0,0.045454545454545456,0.2727272727272727,3,3
160,202508021107,1,1,0,1,3,4,1,16,0,1,0,1,0,1,0,1,1,3,0,3,0,1,0,1,0,0,0,0,0,0,0,0,0,0,0,0,0.0,0.0,30.0,4.0,34.4,0.5,0.5714285714285714,0.0,0.0,40.0,4.0,35.6,0.6,1.0,0.0,0.0,100.0,2.0,35.1,0.0,0.8,-1.0,-2.0,200.0,0.35714285714285715,0.6071428571428571,4,4
161,202508021107,0,0,0,0,5,3,4,47,0,0,0,0,0,0,0,0,0,0,0,4,0,0,0,0,0,0,0,0,0,0,0,0,0,0,0,0,0.0,0.0,110.0,,,,0.8181818181818182,0.0,0.0,90.0,5.0,13.9,4.9,0.9,0.0,0.0,90.0,6.0,13.6,2.4,0.8,1.0,-2.0,-880.0,,,6,6
162,202508021207,5,8,3,59,55,57,50,362,2,4,0,9,1,2,0,8,9,9,12,54,0,2,0,2,0,0,0,2,1,3,0,10,0,0,0,1,0.0,0.0,20.0,2.0,34.6,0.0,0.1875,0.0,0.0,50.0,2.0,37.0,0.0,0.1875,0.0,0.0,50.0,5.0,34.4,0.4,0.625,1.5,-8.0,0.0,0.08695652173913043,0.17391304347826086,8,11
163,202508021207,6,13,7,66,7,10,7,47,0,1,0,0,1,1,0,10,2,3,3,11,0,0,0,0,0,0,0,1,0,1,1,2,0,0,0,0,0.0,0.0,10.0,2.0,36.8,0.0,0.3333333333333333,0.0,0.0,10.0,5.0,37.2,0.3,0.125,0.0,0.0,20.0,4.0,35.8,0.3,0.75,1.0,-2.0,-200.0,0.0,0.1,4,4
164,202508021207,26,28,26,219,18,20,22,156,1,0,0,5,4,5,8,45,2,5,7,23,0,0,0,1,1,1,1,4,1,1,1,2,0,0,0,0,0.0,0.0,40.0,3.0,35.9,0.2,0.9166666666666666,0.0,0.0,40.0,9.0,36.6,1.5,0.4,0.0,0.0,20.0,3.0,35.4,0.1,0.7692307692307693,0.0,22.0,0.0,0.046511627906976744,0.3023255813953488,8,12
165,202508021207,12,13,8,101,18,20,22,156,1,0,0,2,3,1,2,28,2,5,7,23,0,0,0,1,1,0,2,4,1,1,1,2,0,0,0,1,0.0,0.0,20.0,10.0,37.9,0.8,0.13333333333333333,0.0,0.0,40.0,3.0,35.9,0.2,0.1875,0.0,0.0,60.0,12.0,36.4,1.0,0.3888888888888889,1.0,2.0,-200.0,0.0,0.0,6,8
166,202508021207,3,3,2,39,36,26,38,308,1,0,1,2,1,0,1,7,7,7,12,47,1,0,1,1,0,0,0,1,1,1,4,11,0,0,0,1,0.0,0.0,50.0,9.0,35.3,1.2,0.5454545454545454,0.0,0.0,90.0,6.0,36.3,0.4,0.2222222222222222,0.0,0.0,20.0,9.0,37.9,1.8,0.125,0.0,-2.0,0.0,0.0,0.14285714285714285,1,1
167,202508021207,46,34,30,257,0,0,0,15,0,0,0,2,13,4,2,51,0,0,0,1,0,0,0,0,1,0,1,8,0,0,0,0,0,0,0,0,0.0,0.0,80.0,2.0,35.1,0.5,0.36363636363636365,0.0,0.0,90.0,13.0,36.8,1.6,0.3125,0.0,0.0,20.0,11.0,37.7,1.0,0.4,4.5,10.0,0.0,0.125,0.375,3,3
168,202508021207,46,34,30,257,36,26,38,308,4,3,2,24,13,4,2,51,7,7,12,47,0,0,0,7,1,0,1,8,1,1,4,11,0,0,0,2,0.0,0.0,90.0,7.0,35.0,1.2,0.7272727272727273,0.0,0.0,70.0,9.0,36.3,1.3,0.16666666666666666,0.0,0.0,180.0,4.0,37.2,0.5,0.4444444444444444,-1.5,4.0,0.0,0.0,0.0,5,5
169,202508021207,6,13,7,66,5,6,3,18,0,0,0,2,1,1,0,10,2,2,1,2,0,0,0,0,0,0,0,1,0,1,0,0,0,0,0,0,0.0,0.0,90.0,8.0,36.5,1.0,0.25,0.0,0.0,40.0,4.0,34.0,0.2,0.2,0.0,0.0,40.0,2.0,36.1,0.2,0.4,-3.0,-8.0,0.0,0.0,0.16666666666666666,7,10
170,202508021207,13,14,9,76,7,10,7,47,0,1,0,2,1,6,1,15,2,3,3,11,0,1,0,1,0,2,0,3,0,1,1,2,0,1,0,1,0.0,0.0,40.0,8.0,34.4,0.7,0.5555555555555556,0.0,0.0,60.0,10.0,34.8,2.3,0.9090909090909091,0.0,0.0,40.0,6.0,34.7,0.7,0.14285714285714285,-1.0,-4.0,200.0,0.058823529411764705,0.19607843137254902,7,9
171,202508021207,20,21,26,240,12,28,22,196,1,3,4,33,3,2,6,44,1,7,5,33,1,1,1,4,0,1,1,5,0,1,0,5,0,1,0,0,0.0,0.0,120.0,10.0,36.9,1.8,0.5,0.0,0.0,90.0,9.0,41.6,2.5,0.07142857142857142,0.0,0.0,40.0,6.0,38.1,1.0,0.36363636363636365,-2.0,-2.0,0.0,0.0,0.17857142857142858,5,6
172,202508021207,20,21,26,240,3,3,2,24,1,0,0,5,3,2,6,44,1,0,0,3,0,0,0,2,0,1,1,5,0,0,0,0,0,0,0,0,0.0,0.0,80.0,7.0,37.3,0.9,0.2,0.0,0.0,130.0,10.0,36.0,1.1,0.125,0.0,0.0,110.0,14.0,36.8,1.5,0.2,3.5,2.0,200.0,0.0,0.0,2,2
173,202508021207,26,28,26,219,0,0,0,2,0,0,0,2,4,5,8,45,0,0,0,1,0,0,0,1,1,1,1,4,0,0,0,1,0,0,0,1,0.0,0.0,30.0,,,,0.75,0.0,0.0,40.0,6.0,35.3,1.1,0.36363636363636365,0.0,0.0,20.0,3.0,35.3,0.2,0.5454545454545454,-3.0,2.0,0.0,,,6,7
174,202508030102,0,0,0,0,0,0,0,1,0,0,0,0,0,0,0,0,0,0,0,0,0,0,0,0,0,0,0,0,0,0,0,0,0,0,0,0,0.0,0.0,10.0,6.0,33.7,0.7,0.625,0.0,0.0,20.0,2.0,34.3,0.2,0.5714285714285714,,,,,,,,-4.0,-2.0,400.0,0.16666666666666666,0.24242424242424243,4,4
175,202508030102,0,0,2,5,0,0,0,2,0,0,0,0,0,0,1,1,0,0,0,0,0,0,0,0,0,0,1,1,0,0,0,0,0,0,0,0,0.0,0.0,10.0,2.0,34.0,0.0,0.42857142857142855,,,,,,,,,,,,,,,,,0.0,0.11475409836065574,0.2459016393442623,3,3
176,202508030102,0,0,0,0,0,0,1,3,0,0,0,0,0,0,0,0,0,0,0,1,0,0,0,0,0,0,0,0,0,0,0,1,0,0,0,0,0.0,0.0,80.0,8.0,34.0,2.1,1.0,0.0,0.0,100.0,6.0,34.9,1.1,1.0,,,,,,,,-2.0,-2.0,400.0,0.1,0.1,6,6
177,202508030102,0,1,1,4,2,0,2,14,0,0,0,1,0,0,0,2,1,0,1,5,0,0,0,0,0,0,0,2,0,0,1,3,0,0,0,0,0.0,0.0,60.0,7.0,34.4,1.5,0.3,,,,,,,,,,,,,,,,,200.0,0.057692307692307696,0.19230769230769232,1,1
178,202508030102,0,2,2,6,1,0,0,1,0,0,0,0,0,0,0,1,0,0,0,0,0,0,0,0,0,0,0,1,0,0,0,0,0,0,0,0,0.0,0.0,60.0,9.0,34.9,1.2,0.23076923076923078,,,,,,,,,,,,,,,,,0.0,0.0,0.0,8,8
179,202508030102,1,0,1,2,0,0,0,6,0,0,0,0,0,0,0,0,0,0,0,1,0,0,0,0,0,0,0,0,0,0,0,1,0,0,0,0,0.0,0.0,110.0,11.0,36.7,3.7,1.0,,,,,,,,,,,,,,,,,600.0,0.15384615384615385,0.23076923076923078,5,5
180,202508030102,0,0,0,0,0,0,0,0,0,0,0,0,0,0,0,0,0,0,0,0,0,0,0,0,0,0,0,0,0,0,0,0,0,0,0,0,0.0,0.0,80.0,7.0,38.3,2.9,1.0,0.0,0.0,70.0,9.0,37.4,2.9,0.5,,,,,,,,2.0,10.0,800.0,0.0,0.0,7,7
181,202508030102,1,1,1,2,0,1,0,0,0,0,0,0,1,1,0,0,0,1,0,0,0,0,0,0,0,0,0,0,0,1,0,0,0,0,0,0,0.0,0.0,140.0,14.0,34.4,2.2,0.8571428571428571,,,,,,,,,,,,,,,,,400.0,0.1111111111111111,0.2222222222222222,2,2
182,202508030105,2,8,1,22,0,0,0,5,0,0,0,0,0,3,0,6,0,0,0,2,0,0,0,0,0,0,0,3,0,0,0,1,0,0,0,0,,,,,,,,,,,,,,,,,,,,,,,,,0.3333333333333333,0.803921568627451,4,6
183,202508030105,0,1,3,3,0,0,0,0,0,0,0,0,0,0,1,0,0,0,0,0,0,0,0,0,0,0,0,0,0,0,0,0,0,0,0,0,,,,,,,,,,,,,,,,,,,,,,,,,0.11290322580645161,0.25806451612903225,7,11
184,202508030105,0,1,3,3,0,0,0,1,0,0,0,0,0,0,1,0,0,0,0,0,0,0,0,0,0,0,0,0,0,0,0,0,0,0,0,0,,,,,,,,,,,,,,,,,,,,,,,,,0.044444444444444446,0.3111111111111111,5,7
185,202508030105,0,0,2,12,0,1,0,0,0,0,0,0,0,0,1,4,0,0,0,0,0,0,0,0,0,0,0,1,0,0,0,0,0,0,0,0,,,,,,,,,,,,,,,,,,,,,,,,,0.05084745762711865,0.22033898305084745,5,8
186,202508030105,0,0,0,0,0,2,0,11,0,0,0,0,0,0,0,0,0,1,0,2,0,0,0,0,0,0,0,0,0,0,0,0,0,0,0,0,,,,,,,,,,,,,,,,,,,,,,,,,0.09433962264150944,0.39622641509433965,4,5
187,202508030105,0,1,3,3,0,0,0,0,0,0,0,0,0,0,1,0,0,0,0,0,0,0,0,0,0,0,0,0,0,0,0,0,0,0,0,0,,,,,,,,,,,,,,,,,,,,,,,,,0.04878048780487805,0.17073170731707318,2,2
188,202508030105,2,0,1,8,0,0,0,0,0,0,0,0,2,0,0,2,0,0,0,0,0,0,0,0,1,0,0,1,0,0,0,0,0,0,0,0,,,,,,,,,,,,,,,,,,,,,,,,,0.0,0.0,3,4
189,202508030105,0,0,2,6,0,0,0,0,0,0,0,0,0,0,1,0,0,0,0,0,0,0,0,0,0,0,0,0,0,0,0,0,0,0,0,0,,,,,,,,,,,,,,,,,,,,,,,,,0.2,0.32,8,13
190,202508030105,0,0,0,0,1,0,0,1,0,0,0,0,0,0,0,0,0,0,0,1,0,0,0,0,0,0,0,0,0,0,0,0,0,0,0,0,,,,,,,,,,,,,,,,,,,,,,,,,0.0,0.0,1,1
191,202508030105,0,0,0,0,0,1,1,3,0,0,0,0,0,0,0,0,0,1,0,0,0,0,0,0,0,0,0,0,0,0,0,0,0,0,0,0,,,,,,,,,,,,,,,,,,,,,,,,,0.36666666666666664,0.6,8,14
192,202508030105,0,0,0,0,1,3,1,10,0,0,0,0,0,0,0,0,0,0,0,1,0,0,0,0,0,0,0,0,0,0,0,0,0,0,0,0,,,,,,,,,,,,,,,,,,,,,,,,,0.0,0.0,7,12
193,202508030105,0,0,0,0,0,0,0,0,0,0,0,0,0,0,0,0,0,0,0,0,0,0,0,0,0,0,0,0,0,0,0,0,0,0,0,0,,,,,,,,,,,,,,,,,,,,,,,,,0.1791044776119403,0.2537313432835821,6,10
194,202508030105,0,0,0,0,0,1,1,0,0,0,0,0,0,0,0,0,0,1,0,0,0,0,0,0,0,0,0,0,0,1,0,0,0,0,0,0,,,,,,,,,,,,,,,,,,,,,,,,,0.0,0.16666666666666666,3,3
195,202508030105,0,0,0,0,0,0,0,0,0,0,0,0,0,0,0,0,0,0,0,0,0,0,0,0,0,0,0,0,0,0,0,0,0,0,0,0,,,,,,,,,,,,,,,,,,,,,,,,,0.0,0.08333333333333333,6,9
196,202508030108,0,0,2,12,1,0,1,1,0,0,0,1,0,0,1,4,0,0,0,0,0,0,0,0,0,0,0,0,0,0,0,0,0,0,0,0,0.0,0.0,20.0,1.0,35.8,0.0,0.6666666666666666,0.0,0.0,10.0,7.0,36.0,0.7,0.18181818181818182,0.0,0.0,30.0,2.0,33.7,0.1,0.6666666666666666,0.5,-4.0,0.0,0.3448275862068966,0.5862068965517241,2,2
197,202508030108,0,1,0,3,0,0,1,11,0,0,0,0,0,0,0,0,0,0,0,4,0,0,0,0,0,0,0,0,0,0,0,0,0,0,0,0,0.0,0.0,130.0,7.0,34.6,0.5,0.6470588235294118,0.0,0.0,30.0,1.0,36.0,0.0,0.6,0.0,0.0,10.0,4.0,35.6,0.4,0.6666666666666666,-1.5,-2.0,200.0,0.05,0.15,8,12
198,202508030108,7,3,4,19,0,0,1,0,0,0,0,0,2,2,2,3,0,0,1,0,0,0,0,0,0,1,0,1,0,0,0,0,0,0,0,0,0.0,0.0,10.0,2.0,33.9,0.3,0.4,0.0,0.0,10.0,1.0,34.3,0.0,1.0,0.0,0.0,10.0,1.0,36.2,0.0,0.3125,-0.5,2.0,0.0,0.34,0.8,7,10
199,202508030108,3,1,2,18,0,1,1,9,0,0,0,0,1,0,1,3,0,0,0,0,0,0,0,0,0,0,0,0,0,0,0,0,0,0,0,0,0.0,0.0,10.0,4.0,35.5,0.7,0.6666666666666666,0.0,0.0,10.0,2.0,34.8,0.2,0.5,0.0,0.0,20.0,2.0,35.4,0.2,0.7272727272727273,-1.0,2.0,0.0,0.16923076923076924,0.24615384615384617,1,1
200,202508030108,3,1,2,18,2,2,6,37,0,0,0,3,1,0,1,3,0,1,2,2,0,0,0,0,0,0,0,0,0,0,0,0,0,0,0,0,0.0,0.0,100.0,4.0,36.8,0.3,0.21428571428571427,0.0,0.0,80.0,1.0,34.7,0.0,0.18181818181818182,0.0,0.0,80.0,11.0,39.5,2.4,0.23076923076923078,3.5,10.0,200.0,0.0,0.18181818181818182,3,3
201,202508030108,0,1,0,1,0,1,1,0,0,0,0,0,0,0,0,0,0,1,0,0,0,0,0,0,0,0,0,0,0,0,0,0,0,0,0,0,0.0,0.0,70.0,4.0,33.1,0.5,0.5,0.0,0.0,60.0,3.0,34.0,0.5,0.6,0.0,0.0,10.0,1.0,34.1,0.0,0.9,-1.5,10.0,-400.0,0.1111111111111111,0.3333333333333333,6,7
202,202508030108,2,8,1,22,1,0,2,7,0,0,0,1,0,3,0,6,0,0,0,2,0,0,0,0,0,0,0,0,0,0,0,0,0,0,0,0,0.0,0.0,40.0,3.0,35.0,0.6,0.2857142857142857,0.0,0.0,100.0,9.0,35.6,1.2,0.125,0.0,0.0,50.0,4.0,35.7,0.5,0.3333333333333333,0.5,-2.0,0.0,0.0,0.0,5,5
203,202508030108,0,1,1,5,0,0,0,3,0,0,0,0,0,1,0,2,0,0,0,1,0,0,0,0,0,0,0,0,0,0,0,0,0,0,0,0,0.0,0.0,10.0,1.0,35.3,0.0,0.1,0.0,0.0,10.0,2.0,34.4,0.0,0.4,0.0,0.0,20.0,9.0,34.2,1.1,0.6,4.0,-2.0,200.0,0.11666666666666667,0.25,5,6
204,202508030108,1,0,0,9,2,2,6,37,0,0,0,0,0,0,0,2,0,1,2,2,0,0,0,0,0,0,0,0,0,0,0,0,0,0,0,0,0.0,0.0,20.0,9.0,37.6,0.7,0.07142857142857142,0.0,0.0,30.0,1.0,35.0,0.0,0.8333333333333334,0.0,0.0,110.0,14.0,42.7,4.8,0.3125,2.5,4.0,200.0,0.1282051282051282,0.3076923076923077,8,11
205,202508030108,0,0,0,3,0,0,0,1,0,0,0,0,0,0,0,0,0,0,0,0,0,0,0,0,0,0,0,0,0,0,0,0,0,0,0,0,0.0,0.0,60.0,8.0,35.3,1.2,0.125,0.0,0.0,30.0,1.0,35.7,0.0,0.1111111111111111,0.0,0.0,70.0,3.0,36.2,0.6,0.14285714285714285,-2.5,2.0,0.0,0.0,0.0,7,9
206,202508030108,0,0,0,0,1,3,1,10,0,0,0,0,0,0,0,0,0,0,0,1,0,0,0,0,0,0,0,0,0,0,0,0,0,0,0,0,0.0,0.0,90.0,9.0,36.9,1.8,0.46153846153846156,0.0,0.0,40.0,5.0,36.8,0.3,0.1,0.0,0.0,60.0,5.0,36.0,1.2,0.4444444444444444,-2.0,4.0,-600.0,0.045454545454545456,0.3181818181818182,6,8
207,202508030108,2,8,1,22,0,1,0,0,0,0,0,0,0,3,0,6,0,0,0,0,0,0,0,0,0,0,0,0,0,0,0,0,0,0,0,0,0.0,0.0,40.0,5.0,37.5,1.0,0.14285714285714285,0.0,0.0,70.0,6.0,34.6,0.8,0.1,0.0,0.0,30.0,12.0,38.1,1.6,0.35714285714285715,3.5,8.0,0.0,0.09615384615384616,0.40384615384615385,4,4
208,202508030207,5,7,9,47,0,0,1,1,0,0,0,0,2,1,1,13,0,0,0,0,0,0,0,0,1,0,0,0,0,0,0,0,0,0,0,0,0.0,0.0,70.0,10.0,35.4,1.0,0.8461538461538461,0.0,0.0,60.0,4.0,34.2,0.2,0.9,0.0,0.0,50.0,4.0,33.6,0.5,0.7142857142857143,-3.0,6.0,0.0,,,4,4
209,202508030207,0,1,0,2,9,8,6,52,0,0,0,0,0,0,0,1,2,2,1,12,0,0,0,0,0,0,0,0,0,0,0,1,0,0,0,0,0.0,0.0,10.0,4.0,35.0,0.2,0.5,0.0,0.0,40.0,5.0,33.7,0.2,0.5,0.0,0.0,90.0,11.0,37.3,1.3,0.7142857142857143,3.5,4.0,-400.0,0.057971014492753624,0.36231884057971014,5,6
210,202508030207,1,0,1,13,9,8,6,52,0,0,0,4,1,0,0,2,2,2,1,12,0,0,0,1,0,0,0,0,0,0,0,1,0,0,0,0,0.0,0.0,60.0,3.0,34.0,0.4,1.0,0.0,0.0,40.0,3.0,35.3,0.2,0.8,0.0,0.0,30.0,5.0,34.0,0.5,0.9,1.0,-2.0,0.0,0.12,0.24,7,9
211,202508030207,0,1,1,4,9,8,6,52,0,0,0,0,0,0,0,2,2,2,1,12,0,0,0,0,0,0,0,0,0,0,0,1,0,0,0,0,0.0,0.0,70.0,6.0,34.4,0.6,1.0,0.0,0.0,50.0,5.0,36.2,1.5,0.875,0.0,0.0,50.0,4.0,35.1,0.5,0.8571428571428571,-1.0,-8.0,0.0,0.16666666666666666,0.16666666666666666,2,2
212,202508030207,1,2,1,12,0,0,0,0,0,0,0,0,0,0,0,3,0,0,0,0,0,0,0,0,0,0,0,0,0,0,0,0,0,0,0,0,0.0,0.0,100.0,8.0,36.4,1.0,0.9090909090909091,0.0,0.0,80.0,6.0,36.6,1.5,1.0,0.0,0.0,150.0,13.0,38.9,2.4,0.9375,2.5,2.0,-600.0,0.05660377358490566,0.18867924528301888,8,12
213,202508030207,6,2,4,16,1,0,0,1,0,0,0,0,1,1,2,7,0,0,0,0,0,0,0,0,0,0,0,0,0,0,0,0,0,0,0,0,0.0,0.0,70.0,5.0,36.5,1.2,0.7777777777777778,0.0,0.0,70.0,7.0,39.0,2.8,0.7777777777777778,0.0,0.0,90.0,10.0,39.4,4.3,1.0,2.5,4.0,0.0,0.0,0.0,6,7
214,202508030207,5,7,9,47,0,2,0,0,0,0,0,0,2,1,1,13,0,0,0,0,0,0,0,0,1,0,0,0,0,0,0,0,0,0,0,0,0.0,0.0,100.0,6.0,34.6,0.5,0.6923076923076923,0.0,0.0,50.0,6.0,35.2,1.1,0.16666666666666666,0.0,0.0,60.0,1.0,35.5,0.0,0.06666666666666667,-2.5,2.0,0.0,0.06976744186046512,0.18604651162790697,7,10
215,202508030207,0,0,2,5,0,0,0,2,0,0,0,0,0,0,1,1,0,0,0,0,0,0,0,0,0,0,0,0,0,0,0,0,0,0,0,0,0.0,0.0,80.0,7.0,34.7,0.7,0.6923076923076923,0.0,0.0,30.0,7.0,35.5,0.7,0.7,0.0,0.0,10.0,1.0,35.5,0.0,0.8571428571428571,-3.0,4.0,0.0,0.09090909090909091,0.18181818181818182,6,8
216,202508030207,1,2,1,12,0,0,0,0,0,0,0,0,0,0,0,3,0,0,0,0,0,0,0,0,0,0,0,0,0,0,0,0,0,0,0,0,0.0,0.0,100.0,12.0,39.0,2.3,0.7857142857142857,0.0,0.0,60.0,8.0,36.1,0.9,0.9230769230769231,0.0,0.0,20.0,7.0,35.3,1.0,0.8,-2.5,-8.0,300.0,0.0,0.0,1,1
217,202508030207,2,1,1,13,1,0,1,2,0,0,0,0,0,0,0,4,0,0,0,1,0,0,0,0,0,0,0,0,0,0,0,0,0,0,0,0,0.0,0.0,100.0,8.0,37.7,2.1,0.9,0.0,0.0,90.0,8.0,35.9,1.6,0.4444444444444444,0.0,0.0,60.0,10.0,38.2,2.0,0.125,1.0,-12.0,0.0,0.18181818181818182,0.18181818181818182,5,5
218,202508030207,0,1,0,15,0,1,0,3,0,1,0,0,0,0,0,3,0,0,0,1,0,0,0,0,0,0,0,1,0,0,0,0,0,0,0,0,0.0,0.0,110.0,5.0,35.2,0.4,0.1111111111111111,0.0,0.0,60.0,7.0,36.6,1.9,0.14285714285714285,0.0,0.0,100.0,8.0,38.7,1.2,0.125,1.5,-2.0,0.0,0.0,0.3333333333333333,8,11
219,202508030207,0,0,0,2,0,0,0,0,0,0,0,0,0,0,0,0,0,0,0,0,0,0,0,0,0,0,0,0,0,0,0,0,0,0,0,0,0.0,0.0,120.0,12.0,38.3,4.9,0.9166666666666666,0.0,0.0,140.0,15.0,39.2,3.0,0.8125,0.0,0.0,100.0,8.0,39.3,1.3,0.2857142857142857,-2.0,2.0,0.0,0.0,0.0,3,3
220,202508030209,2,4,2,23,0,0,0,4,0,0,0,1,0,2,0,5,0,0,0,0,0,0,0,0,0,0,0,1,0,0,0,0,0,0,0,0,0.0,0.0,20.0,1.0,34.0,0.0,0.25,0.0,0.0,10.0,1.0,34.8,0.0,0.09090909090909091,0.0,0.0,90.0,6.0,34.6,0.4,0.13333333333333333,2.5,0.0,0.0,0.047619047619047616,0.16666666666666666,1,1
221,202508030209,3,2,2,15,2,1,3,24,0,0,0,1,0,0,0,2,1,0,1,4,0,0,0,0,0,0,0,0,0,0,0,1,0,0,0,0,0.0,0.0,70.0,4.0,36.6,0.2,0.6428571428571429,0.0,0.0,50.0,4.0,35.9,0.1,0.36363636363636365,0.0,0.0,50.0,11.0,34.0,0.7,0.25,3.5,0.0,0.0,0.125,0.20833333333333334,3,3
222,202508030209,1,2,1,12,0,1,1,11,0,0,0,1,0,0,0,3,0,0,0,6,0,0,0,1,0,0,0,1,0,0,0,0,0,0,0,0,0.0,0.0,50.0,8.0,35.8,1.0,0.25,0.0,0.0,80.0,5.0,35.5,0.4,0.4666666666666667,0.0,0.0,20.0,1.0,33.2,0.0,0.25,-3.5,8.0,-200.0,0.05,0.21666666666666667,8,9
223,202508030209,7,5,6,39,0,0,0,1,0,0,0,0,3,2,2,10,0,0,0,0,0,0,0,0,0,0,0,2,0,0,0,0,0,0,0,0,0.0,0.0,50.0,1.0,36.1,0.0,0.7857142857142857,0.0,0.0,20.0,7.0,35.1,0.9,0.45454545454545453,0.0,0.0,50.0,2.0,35.3,0.4,0.25,0.5,6.0,200.0,0.2,0.2,2,2
224,202508030209,0,2,2,6,0,0,0,3,0,0,0,0,0,0,0,1,0,0,0,0,0,0,0,0,0,0,0,0,0,0,0,0,0,0,0,0,0.0,0.0,10.0,7.0,35.7,0.2,0.5454545454545454,0.0,0.0,10.0,2.0,35.5,0.1,0.3333333333333333,0.0,0.0,30.0,5.0,34.1,0.3,0.4,-1.0,-2.0,200.0,0.34615384615384615,0.8076923076923077,8,8
225,202508030209,3,2,5,17,1,6,0,25,0,0,0,0,1,0,4,2,0,2,0,4,0,0,0,0,0,0,0,0,0,1,0,0,0,0,0,0,0.0,0.0,140.0,11.0,34.5,0.9,0.8571428571428571,0.0,0.0,130.0,7.0,36.7,0.4,0.6428571428571429,0.0,0.0,140.0,14.0,34.8,1.4,0.6428571428571429,1.5,-8.0,0.0,0.0,0.13333333333333333,7,7
226,202508030209,0,0,1,3,0,1,0,6,0,0,0,0,0,0,0,1,0,0,0,3,0,0,0,0,0,0,0,0,0,0,0,1,0,0,0,0,0.0,0.0,20.0,5.0,36.1,0.2,0.1875,0.0,0.0,40.0,8.0,36.4,0.7,0.0625,0.0,0.0,30.0,4.0,35.1,0.3,0.4375,-0.5,-4.0,0.0,0.058823529411764705,0.36764705882352944,6,6
227,202508030209,1,0,0,6,9,8,6,52,0,0,0,1,0,0,0,1,2,2,1,12,0,0,0,0,0,0,0,0,1,0,0,0,0,0,0,0,0.0,0.0,90.0,12.0,35.3,0.6,0.5,0.0,0.0,90.0,3.0,35.4,0.0,0.6875,0.0,0.0,50.0,13.0,35.3,1.4,0.46153846153846156,0.5,-2.0,0.0,0.043478260869565216,0.32608695652173914,4,4
228,202508030209,0,0,0,4,2,0,1,6,0,0,0,0,0,0,0,0,0,0,0,2,0,0,0,0,0,0,0,0,0,0,0,1,0,0,0,0,0.0,0.0,70.0,7.0,36.9,1.7,0.2222222222222222,0.0,0.0,50.0,7.0,34.7,0.9,0.125,0.0,0.0,100.0,12.0,35.5,2.1,0.7692307692307693,2.5,2.0,0.0,0.0425531914893617,0.14893617021276595,5,5
229,202508030308,26,28,26,219,55,57,50,362,4,8,4,28,4,5,8,45,9,9,12,54,0,1,1,6,1,1,1,4,1,3,0,10,0,0,0,0,0.0,0.0,1.0,1.0,36.3,0.0,0.2857142857142857,0.0,0.0,20.0,1.0,36.7,0.0,0.4444444444444444,,,,,,,,0.0,20.0,0.0,0.33962264150943394,0.7924528301886793,1,1
230,202508030308,26,28,26,219,18,20,22,156,1,0,0,5,4,5,8,45,2,5,7,23,0,0,0,1,1,1,1,4,1,1,1,2,0,0,0,0,0.0,0.0,30.0,1.0,34.0,0.0,0.42857142857142855,,,,,,,,,,,,,,,,,0.0,0.06818181818181818,0.18181818181818182,7,7
231,202508030308,0,0,0,7,11,10,14,115,0,0,0,0,0,0,0,4,1,2,3,19,0,0,0,0,0,0,0,0,0,0,0,2,0,0,0,0,0.0,0.0,20.0,1.0,34.8,0.0,0.5,0.0,0.0,70.0,2.0,34.0,0.2,0.6153846153846154,0.0,0.0,70.0,5.0,37.1,0.6,0.3125,2.0,6.0,200.0,0.0,0.0,2,2
232,202508030308,22,34,31,226,11,5,10,118,1,2,1,9,9,16,14,58,2,2,2,13,0,1,0,1,1,3,0,5,2,0,0,0,0,0,0,0,0.0,0.0,30.0,1.0,34.2,0.0,0.2857142857142857,,,,,,,,,,,,,,,,,0.0,0.04918032786885246,0.22950819672131148,4,4
233,202508030308,3,1,1,16,0,3,1,15,0,0,0,0,1,0,0,1,0,1,0,1,0,0,0,0,0,0,0,0,0,0,0,0,0,0,0,0,0.0,0.0,130.0,13.0,36.3,2.6,1.0,0.0,0.0,130.0,14.0,40.8,5.2,0.5333333333333333,,,,,,,,1.0,-6.0,400.0,0.0,0.23809523809523808,5,5
234,202508030308,1,1,1,32,2,6,4,35,0,0,0,0,0,0,0,2,0,2,2,9,0,0,0,0,0,0,0,0,0,0,0,2,0,0,0,0,0.0,0.0,80.0,6.0,35.5,1.8,0.875,0.0,0.0,110.0,11.0,36.7,3.7,1.0,,,,,,,,5.0,0.0,0.0,0.14285714285714285,0.21428571428571427,6,6
235,202508030308,0,0,0,0,20,13,13,129,0,0,0,0,0,0,0,0,1,1,1,13,0,0,0,0,0,0,0,0,0,0,0,1,0,0,0,0,0.0,0.0,100.0,9.0,36.8,2.3,1.0,0.0,0.0,100.0,10.0,36.2,1.5,0.9166666666666666,,,,,,,,1.0,2.0,500.0,0.0,0.0,3,3
236,202508030403,0,0,0,0,0,1,0,5,0,0,0,0,0,0,0,0,0,1,0,1,0,0,0,0,0,0,0,0,0,1,0,0,0,0,0,0,0.0,0.0,10.0,2.0,34.6,0.2,0.7,0.0,0.0,10.0,2.0,37.1,0.8,0.8888888888888888,,,,,,,,0.0,4.0,200.0,0.11538461538461539,0.2692307692307692,7,7
237,202508030403,13,14,9,76,0,1,3,11,0,0,0,6,1,6,1,15,0,0,0,3,0,0,0,3,0,2,0,2,0,0,0,0,0,0,0,0,0.0,0.0,10.0,2.0,34.9,0.1,0.35714285714285715,,,,,,,,,,,,,,,,,0.0,0.1111111111111111,0.2698412698412698,2,2
238,202508030403,3,2,9,51,36,26,38,308,1,0,0,0,1,0,2,5,7,7,12,47,1,0,0,0,0,0,2,2,2,3,2,13,0,0,0,0,0.0,0.0,90.0,9.0,35.6,1.7,0.8,0.0,0.0,50.0,5.0,36.0,2.5,1.0,,,,,,,,-4.0,4.0,200.0,0.041666666666666664,0.14583333333333334,6,6
239,202508030403,0,0,0,0,0,0,0,4,0,0,0,0,0,0,0,0,0,0,0,1,0,0,0,0,0,0,0,0,0,0,0,0,0,0,0,0,0.0,0.0,120.0,7.0,39.0,2.2,0.4375,,,,,,,,,,,,,,,,,200.0,0.0,0.0,3,3
240,202508030403,46,34,30,257,0,0,0,0,0,0,0,0,13,4,2,51,0,0,0,0,0,0,0,0,3,2,0,24,0,0,0,0,0,0,0,0,0.0,0.0,40.0,6.0,34.6,1.0,0.6666666666666666,,,,,,,,,,,,,,,,,400.0,0.15,0.375,8,9
241,202508030403,13,14,9,76,0,0,0,1,0,0,0,0,1,6,1,15,0,0,0,0,0,0,0,0,0,2,0,2,0,0,0,0,0,0,0,0,0.0,0.0,70.0,6.0,35.1,0.4,0.35714285714285715,,,,,,,,,,,,,,,,,0.0,0.06666666666666667,0.2,5,5
242,202508030403,6,13,7,66,0,0,0,1,0,0,0,0,1,1,0,10,0,0,0,1,0,0,0,0,1,0,0,4,0,0,0,0,0,0,0,0,0.0,0.0,70.0,5.0,35.1,1.3,1.0,,,,,,,,,,,,,,,,,0.0,0.0,0.22727272727272727,1,1
243,202508030403,0,0,0,0,0,0,0,0,0,0,0,0,0,0,0,0,0,0,0,0,0,0,0,0,0,0,0,0,0,0,0,0,0,0,0,0,0.0,0.0,60.0,6.0,36.6,1.5,0.6363636363636364,,,,,,,,,,,,,,,,,0.0,0.043478260869565216,0.2608695652173913,8,8
244,202508030403,0,0,0,0,0,0,0,0,0,0,0,0,0,0,0,0,0,0,0,0,0,0,0,0,0,0,0,0,0,0,0,0,0,0,0,0,0.0,0.0,50.0,6.0,35.1,1.3,0.7142857142857143,,,,,,,,,,,,,,,,,0.0,0.0425531914893617,0.3191489361702128,4,4
245,202508030405,26,28,26,219,36,26,38,308,3,0,0,22,4,5,8,45,7,7,12,47,0,0,0,1,1,0,2,7,1,0,2,5,0,0,0,0,,,,,,,,,,,,,,,,,,,,,,,,,0.02857142857142857,0.37142857142857144,8,13
246,202508030405,13,14,9,76,36,26,38,308,2,1,1,6,1,6,1,15,7,7,12,47,0,0,0,1,1,1,0,0,1,0,2,5,0,0,0,0,,,,,,,,,,,,,,,,,,,,,,,,,0.0,0.0,2,2
247,202508030405,13,4,9,64,0,0,0,0,0,0,0,0,2,1,1,12,0,0,0,0,0,0,0,0,0,0,0,5,0,0,0,0,0,0,0,0,,,,,,,,,,,,,,,,,,,,,,,,,0.041666666666666664,0.3125,7,11
248,202508030405,18,18,18,180,0,1,0,3,0,0,0,0,3,7,5,36,0,0,0,0,0,0,0,0,1,0,1,10,0,0,0,0,0,0,0,0,,,,,,,,,,,,,,,,,,,,,,,,,0.125,0.3,7,10
249,202508030405,46,34,30,257,1,1,2,3,0,0,1,1,13,4,2,51,1,1,1,1,0,0,0,1,1,1,1,5,0,0,0,0,0,0,0,0,,,,,,,,,,,,,,,,,,,,,,,,,0.35185185185185186,0.7962962962962963,1,1
250,202508030405,26,28,26,219,0,4,3,20,0,0,0,0,4,5,8,45,0,1,1,1,0,0,0,0,1,0,2,7,0,0,0,0,0,0,0,0,,,,,,,,,,,,,,,,,,,,,,,,,0.09259259259259259,0.3888888888888889,6,8
251,202508030405,22,34,31,226,0,0,1,2,0,0,0,0,9,16,14,58,0,0,0,1,0,0,0,0,0,2,0,8,0,0,0,0,0,0,0,0,,,,,,,,,,,,,,,,,,,,,,,,,0.14814814814814814,0.2962962962962963,3,3
252,202508030405,0,0,0,0,10,7,3,29,0,0,0,0,0,0,0,0,2,1,0,3,0,0,0,0,0,0,0,0,0,0,0,0,0,0,0,0,,,,,,,,,,,,,,,,,,,,,,,,,0.109375,0.28125,4,4
253,202508030405,46,34,30,257,0,0,0,1,0,0,0,0,13,4,2,51,0,0,0,0,0,0,0,0,1,1,1,5,0,0,0,0,0,0,0,0,,,,,,,,,,,,,,,,,,,,,,,,,0.0,0.21739130434782608,4,5
254,202508030405,20,21,26,240,0,0,0,9,0,0,0,0,3,2,6,44,0,0,0,1,0,0,0,0,0,0,1,3,0,0,0,0,0,0,0,0,,,,,,,,,,,,,,,,,,,,,,,,,0.04081632653061224,0.16326530612244897,8,12
255,202508030405,10,13,7,84,7,10,7,47,1,1,0,2,2,0,1,8,2,3,3,11,0,0,0,0,1,0,0,1,0,0,1,0,0,0,0,0,,,,,,,,,,,,,,,,,,,,,,,,,0.043478260869565216,0.13043478260869565,5,7
256,202508030405,20,21,26,240,0,0,0,10,0,0,0,0,3,2,6,44,0,0,0,3,0,0,0,0,0,0,1,3,0,0,0,1,0,0,0,0,0.0,0.0,13.0,12.0,37.5,2.2,0.07692307692307693,,,,,,,,,,,,,,,,,0.0,0.0,0.0,6,9
257,202508030405,3,3,2,24,0,3,0,8,0,0,0,0,0,1,0,2,0,1,0,3,0,0,0,0,0,1,0,0,0,1,0,0,0,0,0,0,,,,,,,,,,,,,,,,,,,,,,,,,0.041666666666666664,0.25,5,6
258,202508030607,3,3,1,42,55,57,50,362,0,0,0,1,0,0,0,13,9,9,12,54,0,0,0,0,0,0,0,1,1,3,0,10,0,0,0,0,0.0,0.0,30.0,5.0,35.3,0.7,0.2,0.0,0.0,30.0,3.0,34.9,0.1,0.3333333333333333,0.0,0.0,70.0,3.0,33.4,0.3,0.125,-1.0,4.0,-200.0,0.17647058823529413,0.25,8,8
259,202508030607,2,1,1,16,5,3,3,22,0,0,0,1,0,0,1,9,0,0,0,9,0,0,0,1,0,0,0,1,0,0,0,1,0,0,0,1,0.0,0.0,70.0,4.0,37.4,0.7,0.25,0.0,0.0,100.0,7.0,37.1,1.4,0.1,0.0,0.0,140.0,7.0,34.9,0.6,0.21428571428571427,1.5,-4.0,0.0,0.09090909090909091,0.38181818181818183,5,5
260,202508030607,22,34,31,226,11,5,10,118,1,2,1,9,9,16,14,58,2,2,2,13,0,1,0,1,1,3,0,5,2,0,0,0,0,0,0,0,0.0,0.0,40.0,5.0,36.2,0.7,0.45454545454545453,0.0,0.0,10.0,1.0,34.8,0.0,0.14285714285714285,0.0,0.0,50.0,6.0,35.5,0.8,0.23076923076923078,0.5,12.0,-400.0,0.0,0.5,7,7
261,202508030607,12,13,8,101,0,0,0,9,0,0,0,4,3,1,2,28,0,0,0,1,0,0,0,0,1,0,2,4,0,0,0,0,0,0,0,0,0.0,0.0,140.0,14.0,35.1,1.0,0.875,0.0,0.0,130.0,8.0,36.7,1.0,0.9375,0.0,0.0,110.0,5.0,37.5,0.7,0.8125,-4.5,-2.0,-200.0,0.1,0.2,4,4
262,202508030607,0,1,2,12,0,0,0,8,0,0,0,0,0,0,0,0,0,0,0,0,0,0,0,0,0,0,0,0,0,0,0,0,0,0,0,0,0.0,0.0,70.0,6.0,35.5,0.7,1.0,0.0,0.0,140.0,5.0,35.4,0.3,0.6666666666666666,,,,,,,,-1.0,2.0,0.0,0.0,0.05263157894736842,6,6
263,202508030607,0,1,0,2,0,1,3,11,0,0,0,0,0,0,0,0,0,0,0,3,0,0,0,0,0,0,0,0,0,0,0,0,0,0,0,0,0.0,0.0,160.0,17.0,35.2,2.0,0.9444444444444444,0.0,0.0,110.0,12.0,40.1,2.0,0.125,0.0,0.0,120.0,17.0,38.7,3.9,0.29411764705882354,0.0,6.0,200.0,0.05555555555555555,0.18518518518518517,2,2
264,202508030607,13,14,9,76,1,1,1,11,0,0,0,0,1,6,1,15,0,0,0,3,0,0,0,0,0,2,0,3,0,0,0,0,0,0,0,0,0.0,0.0,50.0,6.0,38.3,1.8,0.1,0.0,0.0,70.0,9.0,42.9,7.1,0.2222222222222222,0.0,0.0,80.0,12.0,37.1,2.4,0.375,3.0,0.0,0.0,0.14285714285714285,0.2857142857142857,3,3
265,202508030607,7,8,7,58,1,2,0,16,0,0,0,1,2,2,0,9,0,0,0,1,0,0,0,0,0,1,0,4,0,0,0,0,0,0,0,0,0.0,0.0,100.0,13.0,39.6,3.6,0.07692307692307693,0.0,0.0,20.0,10.0,37.5,1.6,0.13333333333333333,0.0,0.0,40.0,1.0,36.2,0.0,0.08333333333333333,-6.0,2.0,0.0,0.04081632653061224,0.32653061224489793,1,1
266,202508030705,0,0,0,0,10,7,3,29,0,0,0,0,0,0,0,0,2,1,0,3,0,0,0,0,0,0,0,0,0,0,0,0,0,0,0,0,,,,,,,,,,,,,,,,,,,,,,,,,0.14285714285714285,0.35714285714285715,4,4
267,202508030705,0,0,0,0,18,15,14,115,0,0,0,0,0,0,0,0,4,1,4,25,0,0,0,0,0,0,0,0,1,0,1,5,0,0,0,0,,,,,,,,,,,,,,,,,,,,,,,,,0.038461538461538464,0.23076923076923078,6,7
268,202508030705,2,1,1,16,7,7,3,46,0,0,0,0,0,0,1,9,1,1,1,6,0,0,0,0,0,0,0,4,0,0,0,1,0,0,0,0,,,,,,,,,,,,,,,,,,,,,,,,,0.18571428571428572,0.2571428571428571,3,3
269,202508030705,0,0,0,0,3,2,1,8,0,0,0,0,0,0,0,0,0,0,0,0,0,0,0,0,0,0,0,0,0,0,0,0,0,0,0,0,,,,,,,,,,,,,,,,,,,,,,,,,0.10606060606060606,0.2727272727272727,1,1
270,202508030705,0,0,0,0,20,13,13,129,0,0,0,0,0,0,0,0,1,1,1,13,0,0,0,0,0,0,0,0,0,1,1,2,0,0,0,0,,,,,,,,,,,,,,,,,,,,,,,,,0.3392857142857143,0.7678571428571429,6,6
271,202508030705,6,13,7,66,18,20,22,156,0,1,0,3,1,1,0,10,2,5,7,23,0,0,0,0,0,1,0,3,0,0,1,4,0,0,0,0,,,,,,,,,,,,,,,,,,,,,,,,,0.13793103448275862,0.27586206896551724,5,5
272,202508030705,13,14,9,76,0,0,0,3,0,0,0,0,1,6,1,15,0,0,0,2,0,0,0,0,1,1,0,0,0,0,0,1,0,0,0,0,,,,,,,,,,,,,,,,,,,,,,,,,0.056338028169014086,0.36619718309859156,8,11
273,202508030705,5,8,3,59,0,1,1,7,0,0,0,0,1,2,0,8,0,0,0,0,0,0,0,0,0,1,0,1,0,0,0,0,0,0,0,0,,,,,,,,,,,,,,,,,,,,,,,,,0.0,0.5,7,9
274,202508030705,1,2,0,1,0,0,2,2,0,0,0,0,1,1,0,1,0,0,1,0,0,0,0,0,0,1,0,0,0,0,0,0,0,0,0,0,,,,,,,,,,,,,,,,,,,,,,,,,0.04,0.16,7,8
275,202508030705,2,1,1,16,20,13,13,129,0,0,0,0,0,0,1,9,1,1,1,13,0,0,0,0,0,0,0,4,0,1,1,2,0,0,0,0,,,,,,,,,,,,,,,,,,,,,,,,,0.05405405405405406,0.3783783783783784,8,10
276,202508030705,5,3,9,56,3,4,3,16,0,0,0,0,3,1,2,15,2,0,0,3,0,0,0,0,1,0,0,8,0,0,0,1,0,0,0,0,,,,,,,,,,,,,,,,,,,,,,,,,,,2,2
277,202508030711,1,2,0,7,18,20,22,156,0,0,0,0,0,0,0,1,2,5,7,23,0,0,0,0,0,0,0,0,0,0,0,3,0,0,0,0,0.0,0.0,10.0,9.0,35.2,1.0,0.3333333333333333,0.0,0.0,30.0,1.0,34.0,0.0,0.5,0.0,0.0,30.0,1.0,34.9,0.0,0.14285714285714285,-4.0,0.0,-400.0,0.2,0.5,6,11
278,202508030711,26,28,26,219,10,7,3,29,0,0,0,0,4,5,8,45,2,1,0,3,0,0,0,0,0,2,2,7,1,0,0,0,0,0,0,0,0.0,0.0,10.0,11.0,34.1,0.5,0.125,0.0,0.0,50.0,10.0,35.8,1.1,0.05555555555555555,0.0,0.0,10.0,5.0,35.6,1.1,0.05555555555555555,-3.0,6.0,400.0,0.3548387096774194,0.5806451612903226,5,10
279,202508030711,46,34,30,257,0,1,2,3,0,0,1,0,13,4,2,51,0,0,0,0,0,0,0,0,3,0,0,7,0,0,0,0,0,0,0,0,0.0,0.0,30.0,8.0,34.8,0.5,0.5294117647058824,0.0,0.0,70.0,4.0,34.3,0.3,0.5,0.0,0.0,10.0,2.0,34.8,0.4,0.75,-3.0,-2.0,200.0,0.0,0.3333333333333333,8,18
280,202508030711,26,28,26,219,11,5,10,118,0,0,2,12,4,5,8,45,2,2,2,13,0,0,1,3,0,2,2,7,0,1,0,1,0,0,0,0,0.0,0.0,20.0,2.0,33.6,0.0,0.38461538461538464,0.0,0.0,30.0,1.0,33.5,0.0,0.7777777777777778,0.0,0.0,30.0,4.0,35.5,0.7,0.4375,1.0,6.0,0.0,0.18840579710144928,0.2608695652173913,2,3
281,202508030711,0,0,0,0,11,5,10,118,0,0,0,0,0,0,0,0,2,2,2,13,0,0,0,0,0,0,0,0,0,1,0,1,0,0,0,0,0.0,0.0,100.0,3.0,34.0,0.3,0.8823529411764706,0.0,0.0,20.0,1.0,33.9,0.0,0.46153846153846156,0.0,0.0,30.0,1.0,33.9,0.0,0.1111111111111111,-1.0,-4.0,200.0,0.04,0.24,7,13
282,202508030711,13,4,9,64,36,26,38,308,2,1,2,10,2,1,1,12,7,7,12,47,0,1,1,2,0,0,0,1,2,0,1,5,0,0,0,0,0.0,0.0,110.0,4.0,34.5,0.3,0.5294117647058824,0.0,0.0,120.0,13.0,34.8,1.3,0.8333333333333334,0.0,0.0,50.0,11.0,36.1,1.9,0.3333333333333333,3.5,-6.0,200.0,0.08928571428571429,0.39285714285714285,7,14
283,202508030711,18,18,18,180,0,1,0,7,0,0,0,0,3,7,5,36,0,0,0,1,0,0,0,0,0,0,0,2,0,0,0,0,0,0,0,0,0.0,0.0,70.0,15.0,37.3,2.9,0.1111111111111111,0.0,0.0,90.0,1.0,33.7,0.0,0.2857142857142857,0.0,0.0,40.0,1.0,34.3,0.0,0.6666666666666666,-7.0,-6.0,400.0,0.0,0.1724137931034483,4,7
284,202508030711,55,50,29,338,55,57,50,362,16,8,7,55,6,2,2,30,9,9,12,54,2,0,1,4,0,2,0,3,0,1,1,5,0,0,0,0,0.0,0.0,40.0,10.0,35.3,0.6,0.17647058823529413,0.0,0.0,40.0,1.0,33.7,0.0,0.15384615384615385,0.0,0.0,50.0,6.0,33.6,0.3,0.5714285714285714,-2.0,20.0,200.0,0.14634146341463414,0.36585365853658536,1,2
285,202508030711,55,50,29,338,18,15,14,115,2,0,0,6,6,2,2,30,4,1,4,25,0,0,0,0,0,2,0,3,0,0,0,2,0,0,0,0,0.0,0.0,20.0,1.0,33.7,0.0,0.4,0.0,0.0,10.0,1.0,36.8,0.0,0.1875,0.0,0.0,30.0,5.0,35.5,0.3,0.14285714285714285,2.0,10.0,200.0,0.06521739130434782,0.1956521739130435,7,15
286,202508030711,3,2,1,24,20,13,13,129,0,0,0,0,1,0,1,3,1,1,1,13,0,0,0,0,0,0,0,0,0,0,0,3,0,0,0,0,0.0,0.0,50.0,1.0,33.6,0.0,0.16666666666666666,0.0,0.0,50.0,7.0,34.6,0.5,0.6666666666666666,0.0,0.0,90.0,4.0,34.7,0.9,0.6666666666666666,1.5,6.0,400.0,0.14285714285714285,0.14285714285714285,5,9
287,202508030711,11,15,16,124,55,57,50,362,0,0,0,0,3,4,5,28,9,9,12,54,0,0,0,0,0,0,0,4,0,1,1,5,0,0,0,0,0.0,0.0,70.0,1.0,34.0,0.0,0.07692307692307693,0.0,0.0,10.0,4.0,34.4,0.8,0.25,0.0,0.0,140.0,8.0,35.6,1.0,0.1111111111111111,3.5,4.0,0.0,0.0,0.4,3,6
288,202508030711,1,6,0,50,18,15,14,115,1,1,0,3,0,0,0,13,4,1,4,25,0,0,0,0,0,0,0,0,0,0,0,2,0,0,0,0,0.0,0.0,120.0,6.0,34.8,0.5,0.47058823529411764,0.0,0.0,170.0,15.0,36.6,1.3,0.05555555555555555,0.0,0.0,100.0,8.0,35.4,1.4,0.5,1.0,16.0,200.0,0.09090909090909091,0.18181818181818182,6,12
289,202508030711,55,50,29,338,55,57,50,362,16,8,7,55,6,2,2,30,9,9,12,54,2,0,1,4,0,2,0,3,0,1,1,5,0,0,0,0,0.0,0.0,150.0,15.0,35.4,2.3,1.0,0.0,0.0,50.0,17.0,36.6,1.9,0.8888888888888888,0.0,0.0,10.0,1.0,33.7,0.0,0.5714285714285714,-7.0,16.0,200.0,0.0,0.15384615384615385,8,16
290,202508030711,1,2,0,7,1,0,0,1,1,0,0,0,0,0,0,1,0,0,0,0,0,0,0,0,0,0,0,0,0,0,0,0,0,0,0,0,0.0,0.0,70.0,2.0,34.7,0.2,0.29411764705882354,0.0,0.0,20.0,1.0,35.2,0.0,0.16666666666666666,0.0,0.0,70.0,6.0,33.3,0.6,0.9230769230769231,2.0,6.0,200.0,0.05714285714285714,0.37142857142857144,4,8
291,202508030711,46,34,30,257,1,0,2,3,1,0,0,0,13,4,2,51,0,0,0,2,0,0,0,0,3,0,0,7,0,0,0,0,0,0,0,0,0.0,0.0,40.0,3.0,33.8,0.2,0.23076923076923078,0.0,0.0,20.0,1.0,34.5,0.0,0.2222222222222222,0.0,0.0,20.0,4.0,35.5,0.4,0.875,0.5,10.0,0.0,0.1076923076923077,0.27692307692307694,1,1
292,202508030711,3,8,9,120,11,5,10,86,0,0,0,15,2,5,3,22,1,0,0,2,0,0,0,1,0,0,0,0,0,0,0,1,0,0,0,0,0.0,0.0,10.0,1.0,34.4,0.0,0.35294117647058826,0.0,0.0,40.0,1.0,33.8,0.0,0.6111111111111112,0.0,0.0,70.0,1.0,33.4,0.0,0.4444444444444444,0.0,8.0,200.0,0.34545454545454546,0.7818181818181819,8,17
293,202508030711,46,34,30,257,0,0,0,3,0,0,0,1,13,4,2,51,0,0,0,2,0,0,0,1,3,0,0,7,0,0,0,0,0,0,0,0,0.0,0.0,30.0,10.0,35.9,1.2,0.5714285714285714,0.0,0.0,80.0,16.0,36.0,1.6,0.1111111111111111,0.0,0.0,50.0,1.0,35.4,0.0,0.125,-4.5,16.0,200.0,0.05555555555555555,0.3888888888888889,2,4
294,202508030711,46,34,30,257,1,1,1,11,0,0,0,0,13,4,2,51,0,0,0,3,0,0,0,0,3,0,0,7,0,0,0,1,0,0,0,0,0.0,0.0,60.0,7.0,34.6,0.9,0.5555555555555556,0.0,0.0,80.0,9.0,34.8,1.4,0.9444444444444444,0.0,0.0,30.0,1.0,33.3,0.0,0.2727272727272727,-3.0,-2.0,-400.0,0.12195121951219512,0.2926829268292683,3,5
295,202508030903,0,0,0,0,1,3,4,18,0,0,0,0,0,0,0,0,1,2,1,7,0,0,0,0,0,0,0,0,1,0,0,3,0,0,0,0,0.0,0.0,20.0,5.0,35.2,0.4,0.14285714285714285,,,,,,,,,,,,,,,,,0.0,0.34375,0.59375,7,8
296,202508030903,1,2,1,12,0,0,0,1,0,0,0,0,0,0,0,3,0,0,0,0,0,0,0,0,0,0,0,1,0,0,0,0,0,0,0,0,0.0,0.0,100.0,4.0,34.7,0.2,0.5714285714285714,,,,,,,,,,,,,,,,,0.0,0.04838709677419355,0.22580645161290322,8,9
297,202508030903,2,3,1,34,0,0,0,1,0,0,0,0,1,1,0,10,0,0,0,0,0,0,0,0,1,0,0,5,0,0,0,0,0,0,0,0,0.0,0.0,2.0,4.0,34.3,0.4,0.23076923076923078,,,,,,,,,,,,,,,,,0.0,0.11904761904761904,0.2857142857142857,4,4
298,202508030903,10,7,6,57,0,0,0,0,0,0,0,0,2,2,1,23,0,0,0,0,0,0,0,0,0,2,1,4,0,0,0,0,0,0,0,0,0.0,0.0,7.0,9.0,34.2,1.1,0.8461538461538461,,,,,,,,,,,,,,,,,0.0,0.037037037037037035,0.25925925925925924,3,3
299,202508030903,1,2,1,12,0,0,1,2,0,0,0,0,0,0,0,3,0,0,1,0,0,0,0,0,0,0,0,1,0,0,1,0,0,0,0,0,0.0,0.0,40.0,2.0,33.6,0.0,1.0,,,,,,,,,,,,,,,,,0.0,0.05555555555555555,0.3611111111111111,6,6
300,202508030903,0,0,0,0,0,0,1,3,0,0,0,0,0,0,0,0,0,0,0,1,0,0,0,0,0,0,0,0,0,0,0,1,0,0,0,0,0.0,0.0,50.0,3.0,34.7,0.7,0.375,0.0,0.0,80.0,8.0,34.0,2.1,1.0,0.0,0.0,100.0,6.0,34.9,1.1,1.0,1.5,4.0,0.0,0.08333333333333333,0.16666666666666666,8,10
301,202508030903,1,2,1,12,4,4,1,29,0,0,0,0,0,0,0,3,1,1,0,8,0,0,0,0,0,0,0,1,0,0,0,4,0,0,0,0,0.0,0.0,80.0,10.0,35.2,1.3,0.6923076923076923,,,,,,,,,,,,,,,,,200.0,0.0,0.05,2,2
302,202508030903,0,1,1,4,3,7,3,50,0,0,0,0,0,0,0,0,2,1,0,15,0,0,0,0,0,0,0,0,1,1,0,5,0,0,0,0,0.0,0.0,9.0,3.0,35.4,0.6,0.8888888888888888,0.0,0.0,90.0,9.0,35.6,1.7,0.8,0.0,0.0,50.0,5.0,36.0,2.5,1.0,1.0,-2.0,0.0,0.5,1.0,5,5
303,202508030903,5,7,6,42,0,0,0,0,0,0,0,0,1,2,1,15,0,0,0,0,0,0,0,0,1,1,0,7,0,0,0,0,0,0,0,0,0.0,0.0,11.0,10.0,34.5,1.5,1.0,,,,,,,,,,,,,,,,,0.0,0.0392156862745098,0.1568627450980392,1,1
304,202508030903,5,7,6,42,0,1,3,15,0,0,1,4,1,2,1,15,0,0,1,0,0,0,1,0,1,1,0,7,0,0,0,0,0,0,0,0,0.0,0.0,150.0,14.0,34.3,1.7,1.0,,,,,,,,,,,,,,,,,400.0,0.05454545454545454,0.18181818181818182,7,7
305,202508031005,2,1,1,13,0,0,0,6,0,0,0,2,0,0,0,4,0,0,0,1,0,0,0,0,0,0,0,0,0,0,0,0,0,0,0,0,,,,,,,,,,,,,,,,,,,,,,,,,0.1590909090909091,0.36363636363636365,1,1
306,202508031005,10,7,6,57,0,0,0,0,0,0,0,0,2,2,1,23,0,0,0,0,0,0,0,0,1,0,0,4,0,0,0,0,0,0,0,0,,,,,,,,,,,,,,,,,,,,,,,,,0.09090909090909091,0.6363636363636364,5,5
307,202508031005,0,1,0,2,1,0,0,0,0,0,0,0,0,0,0,1,0,0,0,0,0,0,0,0,0,0,0,0,0,0,0,0,0,0,0,0,,,,,,,,,,,,,,,,,,,,,,,,,0.0,0.16666666666666666,8,9
308,202508031005,1,0,1,13,1,3,1,11,0,0,0,0,1,0,0,2,0,1,1,3,0,0,0,0,1,0,0,0,0,0,1,0,0,0,0,0,,,,,,,,,,,,,,,,,,,,,,,,,0.18055555555555555,0.2777777777777778,3,3
309,202508031005,5,7,6,42,5,2,1,17,0,0,0,0,1,2,1,15,1,0,0,4,0,0,0,0,0,0,0,0,1,0,0,2,0,0,0,0,,,,,,,,,,,,,,,,,,,,,,,,,0.041666666666666664,0.125,8,8
310,202508031005,0,0,0,0,0,0,0,2,0,0,0,0,0,0,0,0,0,0,0,0,0,0,0,0,0,0,0,0,0,0,0,0,0,0,0,0,,,,,,,,,,,,,,,,,,,,,,,,,0.08333333333333333,0.16666666666666666,6,6
311,202508031005,1,0,1,2,5,2,1,17,0,0,0,0,0,0,0,0,1,0,0,4,0,0,0,0,0,0,0,0,1,0,0,2,0,0,0,0,,,,,,,,,,,,,,,,,,,,,,,,,0.0,0.0,2,2
312,202508031005,3,2,2,15,0,0,0,0,0,0,0,0,0,0,0,2,0,0,0,0,0,0,0,0,0,0,0,0,0,0,0,0,0,0,0,0,,,,,,,,,,,,,,,,,,,,,,,,,0.0,0.045454545454545456,4,4
313,202508031005,5,7,6,42,9,8,6,52,0,3,0,3,1,2,1,15,2,2,1,12,0,2,0,1,0,0,0,0,0,0,0,0,0,0,0,0,,,,,,,,,,,,,,,,,,,,,,,,,0.038461538461538464,0.15384615384615385,7,7
314,202508031009,13,14,9,76,2,3,4,13,1,0,0,0,1,6,1,15,1,0,0,2,1,0,0,0,0,0,1,5,0,0,0,1,0,0,0,0,0.0,0.0,10.0,3.0,34.1,0.2,0.3333333333333333,0.0,0.0,10.0,1.0,35.2,0.0,0.1,0.0,0.0,60.0,5.0,34.0,0.8,0.2222222222222222,1.0,6.0,0.0,0.11627906976744186,0.3023255813953488,7,10
315,202508031009,2,1,1,16,11,5,10,118,0,0,0,1,0,0,1,9,2,2,2,13,0,0,0,1,0,0,0,0,0,0,0,0,0,0,0,0,0.0,0.0,20.0,1.0,34.8,0.0,0.42857142857142855,0.0,0.0,30.0,3.0,35.7,1.0,0.7142857142857143,0.0,0.0,100.0,9.0,34.4,1.1,0.8181818181818182,4.0,0.0,0.0,0.1,0.6,7,9
316,202508031009,20,21,26,240,12,28,22,196,1,3,4,33,3,2,6,44,1,7,5,33,1,1,1,4,0,1,0,5,0,1,0,3,0,0,0,0,0.0,0.0,60.0,4.0,34.9,0.3,0.5833333333333334,0.0,0.0,10.0,4.0,35.5,0.7,0.6666666666666666,0.0,0.0,10.0,2.0,34.8,0.2,0.5,-1.0,2.0,0.0,0.18309859154929578,0.2676056338028169,4,4
317,202508031009,12,13,8,101,4,5,3,46,0,1,0,4,3,1,2,28,0,0,1,6,0,0,0,0,1,0,0,3,0,0,1,1,0,0,0,0,0.0,0.0,60.0,7.0,33.4,0.9,0.875,0.0,0.0,100.0,5.0,34.8,0.2,0.8,0.0,0.0,70.0,4.0,34.8,0.4,1.0,-1.5,8.0,-200.0,1.0,1.0,8,12
318,202508031009,11,15,16,124,2,0,2,17,0,0,0,3,3,4,5,28,0,0,0,4,0,0,0,1,0,0,1,6,0,0,0,2,0,0,0,0,0.0,0.0,50.0,8.0,36.5,2.1,0.7777777777777778,0.0,0.0,60.0,13.0,35.7,1.0,0.6666666666666666,0.0,0.0,20.0,12.0,37.6,2.2,0.7142857142857143,2.0,8.0,-400.0,0.047619047619047616,0.23809523809523808,1,1
319,202508031009,20,21,26,240,55,57,50,362,4,2,3,28,3,2,6,44,9,9,12,54,0,0,1,5,0,1,0,5,1,0,3,6,0,0,0,0,0.0,0.0,100.0,5.0,35.3,0.4,0.3333333333333333,0.0,0.0,100.0,4.0,36.8,0.3,0.21428571428571427,0.0,0.0,80.0,1.0,34.7,0.0,0.18181818181818182,-2.0,-6.0,0.0,0.16279069767441862,0.37209302325581395,3,3
320,202508031009,0,0,1,4,5,6,3,18,0,0,0,0,0,0,1,0,2,2,1,2,0,0,0,0,0,0,0,0,1,0,0,0,0,0,0,0,0.0,0.0,4.0,7.0,33.6,0.8,0.9,0.0,0.0,30.0,3.0,35.4,0.1,0.5,0.0,0.0,40.0,5.0,35.0,0.5,0.7142857142857143,-1.0,-8.0,200.0,0.0,0.4,2,2
321,202508031009,0,2,1,24,55,57,50,362,0,1,1,4,0,0,0,2,9,9,12,54,0,0,0,1,0,0,0,0,1,0,3,6,0,0,0,0,0.0,0.0,11.0,8.0,34.3,0.9,1.0,0.0,0.0,15.0,11.0,38.1,1.7,0.6875,0.0,0.0,70.0,7.0,35.8,2.9,0.8571428571428571,-0.5,-4.0,0.0,0.0,0.125,5,5
322,202508031009,26,28,26,219,4,7,8,92,0,1,2,12,4,5,8,45,1,1,0,11,0,0,0,3,0,0,1,6,0,0,0,0,0,0,0,0,0.0,0.0,8.0,9.0,35.0,1.0,0.2727272727272727,0.0,0.0,110.0,7.0,35.8,0.7,0.16666666666666666,0.0,0.0,40.0,3.0,35.0,0.6,0.2857142857142857,-3.0,4.0,0.0,0.0,0.0,8,11
323,202508031009,3,3,1,42,55,57,50,362,0,0,0,1,0,0,0,13,9,9,12,54,0,0,0,0,0,0,0,1,1,0,3,6,0,0,0,0,0.0,0.0,2.0,1.0,35.1,0.0,0.875,0.0,0.0,30.0,5.0,35.3,0.7,0.2,0.0,0.0,30.0,3.0,34.9,0.1,0.3333333333333333,1.0,-2.0,0.0,0.0,0.047619047619047616,6,8
324,202508031009,13,14,9,76,1,1,2,3,0,1,0,0,1,6,1,15,1,1,1,1,0,1,0,0,0,0,1,5,0,0,0,0,0,0,0,0,0.0,0.0,20.0,1.0,34.2,0.0,0.2857142857142857,0.0,0.0,10.0,1.0,35.4,0.0,0.08333333333333333,0.0,0.0,30.0,3.0,37.8,1.4,0.125,1.0,12.0,0.0,0.06382978723404255,0.19148936170212766,5,6
325,202508031009,7,8,7,58,7,10,7,47,1,2,1,3,2,2,0,9,2,3,3,11,1,0,0,2,0,0,0,1,0,0,0,1,0,0,0,1,,,,,,,,0.0,0.0,120.0,13.0,34.2,1.6,0.9444444444444444,0.0,0.0,10.0,4.0,33.8,0.5,0.9,-9.0,8.0,0.0,,,6,7
326,202508031102,46,34,30,257,1,1,2,3,0,0,1,1,13,4,2,51,1,1,1,1,0,0,0,1,3,2,0,24,0,1,0,1,0,0,0,1,0.0,0.0,1.0,1.0,35.2,0.0,0.2857142857142857,0.0,0.0,1.0,5.0,34.1,0.4,0.38461538461538464,,,,,,,,4.0,4.0,0.0,0.1780821917808219,0.273972602739726,3,3
327,202508031102,6,13,7,66,18,20,22,156,0,1,0,3,1,1,0,10,2,5,7,23,0,0,0,0,1,0,0,4,1,2,2,11,0,0,0,0,0.0,0.0,10.0,6.0,35.6,0.4,0.6363636363636364,,,,,,,,,,,,,,,,,0.0,0.13333333333333333,0.26666666666666666,7,7
328,202508031102,13,14,9,76,0,0,0,17,0,0,0,0,1,6,1,15,0,0,0,2,0,0,0,0,0,2,0,2,0,0,0,1,0,0,0,0,0.0,0.0,90.0,3.0,35.2,0.2,0.14285714285714285,,,,,,,,,,,,,,,,,0.0,0.04,0.32,4,4
329,202508031102,2,1,1,16,7,7,3,46,0,0,0,0,0,0,1,9,1,1,1,6,0,0,0,0,0,0,0,4,0,0,0,4,0,0,0,0,0.0,0.0,2.0,3.0,35.3,0.3,0.9090909090909091,,,,,,,,,,,,,,,,,0.0,0.19230769230769232,0.3076923076923077,1,1
330,202508031102,46,34,30,257,7,2,1,48,4,1,1,6,13,4,2,51,2,0,0,10,1,0,0,1,3,2,0,24,1,0,0,3,1,0,0,0,0.0,0.0,60.0,10.0,36.6,1.6,0.4,,,,,,,,,,,,,,,,,600.0,0.08771929824561403,0.38596491228070173,2,2
331,202508031102,5,3,9,56,55,57,50,362,1,1,3,14,3,1,2,15,9,9,12,54,1,0,1,4,1,1,2,5,3,2,6,23,1,0,1,2,0.0,0.0,9.0,8.0,35.1,1.1,1.0,0.0,0.0,50.0,9.0,36.3,1.9,0.6,,,,,,,,1.0,0.0,400.0,0.0,0.15384615384615385,5,5
332,202508031102,0,0,0,0,5,6,3,18,0,0,0,0,0,0,0,0,2,2,1,2,0,0,0,0,0,0,0,0,1,1,0,1,0,0,0,0,0.0,0.0,40.0,4.0,35.6,2.1,0.3333333333333333,0.0,0.0,60.0,7.0,37.3,2.9,0.9090909090909091,0.0,0.0,60.0,5.0,36.0,1.4,0.5,0.5,4.0,400.0,0.046875,0.234375,6,6
333,202508040112,13,14,9,76,18,20,22,156,1,1,0,2,1,6,1,15,2,5,7,23,0,0,0,0,0,2,0,3,1,1,1,2,0,0,0,0,0.0,0.0,20.0,4.0,34.0,0.5,0.25,0.0,0.0,60.0,3.0,34.4,0.8,0.375,0.0,0.0,80.0,1.0,36.3,0.0,0.5,-1.5,-2.0,0.0,0.1891891891891892,0.28378378378378377,8,14
334,202508040112,22,34,31,226,6,12,3,83,0,0,1,5,9,16,14,58,0,2,0,8,0,0,0,2,1,3,0,5,0,0,0,1,0,0,0,0,0.0,0.0,60.0,9.0,40.1,1.1,0.5,0.0,0.0,50.0,4.0,37.6,0.8,0.8571428571428571,0.0,0.0,30.0,5.0,38.9,2.1,1.0,-2.0,0.0,300.0,0.08333333333333333,0.6666666666666666,2,2
335,202508040112,2,1,1,16,55,57,50,362,1,1,1,1,0,0,1,9,9,9,12,54,0,0,1,1,0,0,0,1,1,3,0,10,0,0,0,0,0.0,0.0,10.0,2.0,34.4,0.1,0.6666666666666666,0.0,0.0,10.0,4.0,35.0,0.2,0.5,0.0,0.0,40.0,5.0,33.7,0.2,0.5,1.5,2.0,0.0,0.0547945205479452,0.3561643835616438,5,8
336,202508040112,5,8,3,59,11,5,10,118,0,0,0,0,1,2,0,8,2,2,2,13,0,0,0,0,0,0,0,2,2,0,0,0,0,0,0,0,0.0,0.0,1.0,3.0,34.1,0.1,0.4,0.0,0.0,10.0,2.0,33.3,0.1,1.0,0.0,0.0,10.0,5.0,34.0,0.4,0.7142857142857143,1.0,2.0,200.0,0.1044776119402985,0.26865671641791045,8,13
337,202508040112,5,3,9,56,55,57,50,362,1,1,3,14,3,1,2,15,9,9,12,54,1,0,1,4,1,0,0,2,1,3,0,10,0,0,0,0,0.0,0.0,8.0,5.0,34.1,0.3,0.8,0.0,0.0,20.0,3.0,34.4,0.1,0.9166666666666666,0.0,0.0,60.0,3.0,34.0,0.4,1.0,-1.0,2.0,200.0,0.12903225806451613,0.2903225806451613,1,1
338,202508040112,26,28,26,219,55,57,50,362,4,8,4,28,4,5,8,45,9,9,12,54,0,1,1,6,1,1,1,4,1,3,0,10,0,0,0,0,0.0,0.0,30.0,1.0,35.9,0.0,0.125,0.0,0.0,10.0,7.0,33.7,0.4,0.4,0.0,0.0,120.0,3.0,37.5,0.8,0.2222222222222222,1.0,0.0,0.0,0.0625,0.1875,4,5
339,202508040112,22,34,31,226,11,5,10,118,1,2,1,9,9,16,14,58,2,2,2,13,0,1,0,1,1,3,0,5,2,0,0,0,0,0,0,0,0.0,0.0,1.0,3.0,35.8,0.3,0.75,0.0,0.0,40.0,5.0,36.2,0.7,0.45454545454545453,0.0,0.0,10.0,1.0,34.8,0.0,0.14285714285714285,-1.0,10.0,0.0,0.0,0.043478260869565216,6,9
340,202508040112,13,14,9,76,0,0,2,9,0,0,0,0,1,6,1,15,0,0,1,3,0,0,0,0,0,2,0,3,0,0,0,0,0,0,0,0,0.0,0.0,130.0,5.0,34.1,0.3,0.7777777777777778,0.0,0.0,60.0,11.0,39.3,1.8,0.8125,0.0,0.0,90.0,15.0,37.9,2.7,0.3333333333333333,5.0,10.0,200.0,0.08620689655172414,0.3793103448275862,7,11
341,202508040112,7,8,7,58,0,0,0,1,0,0,0,0,2,2,0,9,0,0,0,0,0,0,0,0,0,1,0,4,0,0,0,0,0,0,0,0,0.0,0.0,80.0,11.0,35.5,1.5,0.2727272727272727,0.0,0.0,60.0,5.0,37.1,0.9,0.9,0.0,0.0,40.0,3.0,34.8,0.5,0.4444444444444444,-4.0,8.0,-400.0,0.13333333333333333,0.2,5,7
342,202508040112,1,0,1,5,55,57,50,362,0,0,0,0,0,0,0,1,9,9,12,54,0,0,0,0,0,0,0,0,1,3,0,10,0,0,0,0,0.0,0.0,40.0,12.0,35.6,1.6,0.4666666666666667,0.0,0.0,30.0,1.0,34.7,0.0,0.5,0.0,0.0,70.0,4.0,37.8,0.8,0.16666666666666666,-4.0,4.0,0.0,0.0392156862745098,0.3333333333333333,3,4
343,202508040112,5,8,3,59,18,15,14,115,0,0,0,3,1,2,0,8,4,1,4,25,0,0,0,2,0,0,0,2,0,0,1,1,0,0,0,1,0.0,0.0,120.0,13.0,36.2,1.0,0.0625,0.0,0.0,10.0,7.0,40.7,2.2,0.5,0.0,0.0,30.0,3.0,38.9,0.7,0.16666666666666666,-5.0,2.0,-200.0,0.05357142857142857,0.17857142857142858,3,3
344,202508040112,12,13,8,101,0,0,0,9,0,0,0,4,3,1,2,28,0,0,0,1,0,0,0,0,1,0,2,4,0,0,0,0,0,0,0,0,0.0,0.0,7.0,4.0,35.1,0.3,1.0,0.0,0.0,140.0,14.0,35.1,1.0,0.875,0.0,0.0,130.0,8.0,36.7,1.0,0.9375,2.0,4.0,0.0,0.07692307692307693,0.15384615384615385,6,10
345,202508040112,5,8,3,59,18,21,14,144,0,0,0,2,1,2,0,8,2,4,3,20,0,0,0,0,0,0,0,2,0,0,0,3,0,0,0,0,0.0,0.0,80.0,14.0,34.3,1.0,0.3888888888888889,0.0,0.0,70.0,6.0,36.3,1.3,0.5,0.0,0.0,30.0,1.0,35.6,0.0,0.4375,-6.5,4.0,200.0,0.04,0.12,7,12
346,202508040112,5,3,9,56,55,57,50,362,1,1,3,14,3,1,2,15,9,9,12,54,1,0,1,4,1,0,0,2,1,3,0,10,0,0,0,0,0.0,0.0,14.0,14.0,35.1,1.2,0.42857142857142855,0.0,0.0,110.0,11.0,36.4,2.2,0.8181818181818182,0.0,0.0,90.0,8.0,34.7,2.2,0.8888888888888888,-3.0,24.0,0.0,0.0,0.1935483870967742,4,6
347,202508040203,5,7,9,47,0,0,0,1,0,0,0,0,2,1,1,13,0,0,0,0,0,0,0,0,0,0,1,8,0,0,0,0,0,0,0,0,0.0,0.0,10.0,2.0,32.8,0.0,0.8,0.0,0.0,10.0,2.0,33.1,0.2,0.8461538461538461,,,,,,,,0.0,-2.0,200.0,0.0,0.2,6,6
348,202508040203,0,0,0,6,0,0,0,0,0,0,0,0,0,0,0,0,0,0,0,0,0,0,0,0,0,0,0,0,0,0,0,0,0,0,0,0,0.0,0.0,3.0,3.0,34.3,0.2,1.0,0.0,0.0,80.0,4.0,35.5,0.5,0.8181818181818182,,,,,,,,1.0,-6.0,200.0,0.05263157894736842,0.17543859649122806,4,4
349,202508040203,0,0,0,0,1,0,0,0,0,0,0,0,0,0,0,0,0,0,0,0,0,0,0,0,0,0,0,0,0,0,0,0,0,0,0,0,0.0,0.0,4.0,4.0,35.6,0.3,0.6363636363636364,,,,,,,,,,,,,,,,,0.0,0.10294117647058823,0.2647058823529412,7,7
350,202508040203,5,7,9,47,1,0,1,2,0,0,0,0,2,1,1,13,1,0,0,0,0,0,0,0,0,0,1,8,1,0,0,0,0,0,0,0,0.0,0.0,30.0,4.0,35.3,0.2,0.16666666666666666,,,,,,,,,,,,,,,,,200.0,0.07692307692307693,0.6923076923076923,3,3
351,202508040203,0,1,0,2,1,3,1,11,0,0,0,0,0,0,0,1,0,1,1,3,0,0,0,0,0,0,0,1,0,1,0,2,0,0,0,0,0.0,0.0,40.0,7.0,33.7,0.6,0.6666666666666666,,,,,,,,,,,,,,,,,200.0,0.0,0.0,8,8
352,202508040203,0,0,0,0,4,0,4,16,0,0,0,0,0,0,0,0,1,0,2,2,0,0,0,0,0,0,0,0,1,0,2,1,0,0,0,0,0.0,0.0,7.0,2.0,35.7,0.2,0.36363636363636365,,,,,,,,,,,,,,,,,0.0,0.03571428571428571,0.25,5,5
353,202508040203,0,0,0,0,1,0,0,1,0,0,0,0,0,0,0,0,0,0,0,1,0,0,0,0,0,0,0,0,0,0,0,0,0,0,0,0,0.0,0.0,40.0,8.0,33.8,1.0,0.9230769230769231,0.0,0.0,30.0,7.0,35.9,1.2,0.2,,,,,,,,-1.0,14.0,400.0,0.05405405405405406,0.36486486486486486,1,1
354,202508040203,1,0,0,6,0,0,0,2,0,0,0,0,0,0,0,1,0,0,0,1,0,0,0,0,0,0,0,1,0,0,0,1,0,0,0,0,0.0,0.0,15.0,15.0,36.4,2.5,0.9333333333333333,,,,,,,,,,,,,,,,,400.0,0.125,0.1875,2,2
355,202508040205,0,0,0,0,1,0,0,3,0,0,0,0,0,0,0,0,0,0,0,1,0,0,0,0,0,0,0,0,0,0,0,1,0,0,0,0,,,,,,,,,,,,,,,,,,,,,,,,,0.05333333333333334,0.36,4,4
356,202508040205,3,4,3,15,0,0,0,0,0,0,0,0,1,0,0,2,0,0,0,0,0,0,0,0,1,0,0,1,0,0,0,0,0,0,0,0,,,,,,,,,,,,,,,,,,,,,,,,,0.07142857142857142,0.6428571428571429,5,5
357,202508040205,0,0,0,1,0,2,2,2,0,0,0,1,0,0,0,1,0,0,1,1,0,0,0,1,0,0,0,0,0,0,1,0,0,0,0,0,,,,,,,,,,,,,,,,,,,,,,,,,0.36363636363636365,0.6060606060606061,2,2
358,202508040205,1,1,2,12,2,2,2,18,0,0,0,0,0,0,0,2,0,1,0,2,0,0,0,0,0,0,0,1,0,0,0,1,0,0,0,0,,,,,,,,,,,,,,,,,,,,,,,,,,,8,8
359,202508040205,1,0,0,6,1,0,1,4,0,0,0,1,0,0,0,2,1,0,0,1,0,0,0,0,0,0,0,1,0,0,0,1,0,0,0,0,,,,,,,,,,,,,,,,,,,,,,,,,0.061224489795918366,0.1836734693877551,1,1
360,202508040205,2,0,1,8,0,0,0,0,0,0,0,0,2,0,0,2,0,0,0,0,0,0,0,0,1,0,0,1,0,0,0,0,0,0,0,0,,,,,,,,,,,,,,,,,,,,,,,,,0.125,0.28125,6,6
361,202508040205,1,2,2,23,1,0,2,7,0,0,0,1,1,1,0,4,0,0,0,2,0,0,0,1,0,1,0,0,0,0,0,0,0,0,0,0,,,,,,,,,,,,,,,,,,,,,,,,,0.05172413793103448,0.1896551724137931,3,3
362,202508040205,0,0,0,1,1,1,1,11,0,0,0,0,0,0,0,0,0,0,0,3,0,0,0,0,0,0,0,0,0,0,0,1,0,0,0,0,,,,,,,,,,,,,,,,,,,,,,,,,0.0,0.0,7,7
363,202508040304,46,34,30,257,0,2,0,3,0,0,0,0,13,4,2,51,0,1,0,2,0,0,0,0,3,2,0,24,0,0,0,0,0,0,0,0,0.0,0.0,20.0,3.0,36.6,0.4,0.5833333333333334,,,,,,,,,,,,,,,,,200.0,0.17857142857142858,0.2857142857142857,5,6
364,202508040304,12,13,8,101,0,0,1,2,0,0,0,0,3,1,2,28,0,0,0,0,0,0,0,0,0,1,0,11,0,0,0,0,0,0,0,0,0.0,0.0,3.0,2.0,35.6,0.5,0.9,0.0,0.0,100.0,4.0,34.7,0.2,0.5714285714285714,,,,,,,,2.0,4.0,0.0,0.045454545454545456,0.22727272727272727,3,3
365,202508040304,0,0,0,0,13,9,11,100,0,0,0,0,0,0,0,0,2,4,3,19,0,0,0,0,0,0,0,0,1,1,0,5,0,0,0,0,0.0,0.0,2.0,2.0,34.4,0.1,0.36363636363636365,,,,,,,,,,,,,,,,,200.0,0.19480519480519481,0.2987012987012987,7,9
366,202508040304,14,16,16,113,0,0,0,0,0,0,0,0,2,1,2,16,0,0,0,0,0,0,0,0,1,0,0,3,0,0,0,0,0,0,0,0,0.0,0.0,4.0,4.0,34.2,1.0,0.5,,,,,,,,,,,,,,,,,200.0,0.11428571428571428,0.2571428571428571,6,8
367,202508040304,13,14,9,76,0,0,2,5,0,0,0,0,1,6,1,15,0,0,0,2,0,0,0,0,0,2,0,2,0,0,0,0,0,0,0,0,0.0,0.0,60.0,6.0,37.0,0.7,0.4,0.0,0.0,60.0,6.0,36.7,1.3,0.2727272727272727,,,,,,,,0.0,-4.0,0.0,0.037037037037037035,0.14814814814814814,1,1
368,202508040304,1,2,0,7,5,6,3,18,0,0,0,0,0,0,0,1,2,2,1,2,0,0,0,0,0,0,0,1,1,1,0,1,0,0,0,0,0.0,0.0,30.0,5.0,34.8,0.8,0.3333333333333333,,,,,,,,,,,,,,,,,200.0,0.058823529411764705,0.5882352941176471,6,7
369,202508040304,6,13,7,66,3,4,3,17,0,0,0,0,1,1,0,10,0,1,0,2,0,0,0,0,1,0,0,4,0,1,0,0,0,0,0,0,0.0,0.0,7.0,6.0,34.8,1.3,0.2,,,,,,,,,,,,,,,,,200.0,0.0,0.0,4,4
370,202508040304,1,0,1,6,11,5,10,118,0,0,0,0,0,0,0,1,2,2,2,13,0,0,0,0,0,0,0,0,0,1,2,6,0,0,0,0,0.0,0.0,60.0,9.0,35.5,1.5,0.3333333333333333,,,,,,,,,,,,,,,,,200.0,0.0,0.04,5,5
371,202508040304,2,1,5,38,7,7,3,46,0,0,0,0,1,0,3,5,1,1,1,6,0,0,0,0,1,0,2,4,0,0,0,4,0,0,0,0,0.0,0.0,5.0,9.0,37.4,3.1,0.9375,,,,,,,,,,,,,,,,,600.0,0.057971014492753624,0.2608695652173913,8,11
372,202508040304,3,1,1,16,0,3,1,15,0,0,0,0,1,0,0,1,0,1,0,1,0,0,0,0,1,0,0,0,0,1,0,1,0,0,0,0,0.0,0.0,8.0,8.0,36.8,3.5,1.0,0.0,0.0,7.0,5.0,38.2,3.4,1.0,0.0,0.0,130.0,13.0,36.3,2.6,1.0,2.5,-2.0,200.0,0.0,0.24,7,10
373,202508040304,0,0,1,4,0,1,0,17,0,0,0,0,0,0,1,0,0,0,0,5,0,0,0,0,0,0,1,0,0,0,0,2,0,0,0,0,0.0,0.0,130.0,10.0,40.0,2.3,0.9285714285714286,0.0,0.0,90.0,7.0,34.8,1.5,0.7777777777777778,,,,,,,,-3.0,-4.0,200.0,0.05084745762711865,0.1864406779661017,2,2
374,202508040304,2,1,5,38,0,0,0,9,0,0,0,0,1,0,3,5,0,0,0,0,0,0,0,0,1,0,2,4,0,0,0,0,0,0,0,0,0.0,0.0,11.0,12.0,38.6,4.2,0.25,0.0,0.0,140.0,15.0,43.4,8.9,0.875,,,,,,,,3.0,-4.0,0.0,0.0,0.0,8,12
375,202508040308,13,14,9,76,4,7,7,84,1,0,0,2,1,6,1,15,1,0,2,17,0,0,0,0,0,0,1,5,0,0,0,3,0,0,0,0,0.0,0.0,40.0,1.0,35.0,0.0,0.46153846153846156,0.0,0.0,40.0,3.0,33.4,0.1,0.8461538461538461,0.0,0.0,60.0,2.0,36.2,0.1,1.0,0.5,8.0,0.0,0.0847457627118644,0.3728813559322034,6,6
376,202508040308,20,21,26,240,12,28,22,196,1,3,4,33,3,2,6,44,1,7,5,33,1,1,1,4,0,1,0,5,0,1,0,3,0,0,0,0,0.0,0.0,4.0,3.0,34.2,0.6,0.6363636363636364,0.0,0.0,60.0,4.0,34.9,0.3,0.5833333333333334,0.0,0.0,10.0,4.0,35.5,0.7,0.6666666666666666,0.5,-2.0,0.0,0.2,0.29333333333333333,5,5
377,202508040308,2,0,1,10,1,0,1,0,0,0,1,0,0,0,0,2,0,0,0,0,0,0,0,0,0,0,0,0,0,0,0,0,0,0,0,0,0.0,0.0,60.0,5.0,35.6,0.4,0.42857142857142855,0.0,0.0,50.0,7.0,35.5,0.8,0.5714285714285714,0.0,0.0,50.0,3.0,34.0,0.3,0.5,-1.0,10.0,200.0,0.0784313725490196,0.19607843137254902,1,1
378,202508040308,7,7,14,90,0,1,3,11,0,0,0,0,0,0,0,4,0,0,0,3,0,0,0,0,0,0,0,0,0,0,0,3,0,0,0,0,0.0,0.0,30.0,4.0,36.5,1.6,0.5714285714285714,0.0,0.0,10.0,1.0,36.0,0.0,0.4444444444444444,0.0,0.0,110.0,5.0,34.1,0.2,0.6923076923076923,0.5,0.0,0.0,0.12121212121212122,0.2727272727272727,3,3
379,202508040308,1,2,0,7,0,2,0,0,0,1,0,0,0,0,0,1,0,1,0,0,0,0,0,0,0,0,0,0,0,0,0,0,0,0,0,0,0.0,0.0,7.0,6.0,33.5,0.7,0.9,0.0,0.0,110.0,11.0,35.9,1.6,0.8125,0.0,0.0,70.0,11.0,35.7,1.9,0.75,2.5,12.0,200.0,0.06666666666666667,0.6666666666666666,2,2
380,202508040308,0,2,2,28,7,7,3,46,0,0,0,0,0,1,0,6,1,1,1,6,0,0,0,0,0,0,0,0,0,0,0,0,0,0,0,0,0.0,0.0,30.0,2.0,38.4,0.1,0.125,0.0,0.0,90.0,3.0,38.2,0.6,0.26666666666666666,0.0,0.0,90.0,10.0,39.1,1.3,0.875,4.0,-4.0,200.0,0.13636363636363635,0.3181818181818182,4,4
381,202508040308,5,8,3,59,55,57,50,362,2,4,0,9,1,2,0,8,9,9,12,54,0,2,0,2,0,0,0,1,1,0,3,6,0,0,0,0,0.0,0.0,30.0,10.0,37.2,0.6,0.4375,0.0,0.0,20.0,4.0,35.2,0.2,0.7857142857142857,0.0,0.0,90.0,11.0,35.2,1.8,0.38461538461538464,0.5,-6.0,200.0,0.0,0.0,7,7
382,202508040310,46,34,30,257,3,4,1,15,0,1,0,4,13,4,2,51,1,1,0,2,0,0,0,1,3,0,0,7,0,0,0,0,0,0,0,0,0.0,0.0,80.0,18.0,35.3,1.8,0.2777777777777778,0.0,0.0,10.0,10.0,36.4,1.6,0.6470588235294118,0.0,0.0,10.0,10.0,34.0,1.0,0.6428571428571429,-4.0,4.0,0.0,0.06,0.18,8,16
383,202508040310,28,22,25,271,1,1,1,1,1,1,1,1,10,5,6,62,0,1,1,0,0,1,1,0,1,0,0,3,0,0,0,0,0,0,0,0,0.0,0.0,100.0,11.0,33.4,0.8,0.5,0.0,0.0,30.0,2.0,36.4,0.3,0.5,0.0,0.0,30.0,1.0,35.3,0.0,0.4,-5.0,0.0,0.0,0.0,0.20833333333333334,5,9
384,202508040310,20,21,26,240,12,28,22,196,1,3,4,33,3,2,6,44,1,7,5,33,1,1,1,4,0,0,1,3,0,2,1,2,0,0,1,0,0.0,0.0,90.0,5.0,35.0,0.8,1.0,0.0,0.0,50.0,4.0,34.3,0.2,1.0,0.0,0.0,40.0,11.0,36.1,2.4,0.875,3.0,-2.0,200.0,0.35294117647058826,0.6176470588235294,8,15
385,202508040310,2,3,3,26,3,2,5,30,0,0,0,1,0,0,0,1,0,1,0,9,0,0,0,0,0,0,0,0,0,0,0,2,0,0,0,0,0.0,0.0,6.0,4.0,33.8,0.2,0.8,0.0,0.0,120.0,7.0,32.8,0.3,0.5625,0.0,0.0,70.0,3.0,32.4,0.1,0.38461538461538464,-0.5,0.0,200.0,0.038461538461538464,0.3269230769230769,4,7
386,202508040310,12,13,8,101,1,1,0,4,1,0,0,1,3,1,2,28,1,0,0,0,1,0,0,0,0,0,0,3,0,0,0,0,0,0,0,0,0.0,0.0,8.0,9.0,33.9,0.5,0.9,0.0,0.0,100.0,12.0,36.0,1.0,0.8125,0.0,0.0,140.0,3.0,34.2,0.3,1.0,-3.0,-4.0,200.0,0.046153846153846156,0.23076923076923078,5,10
387,202508040310,46,34,30,257,2,0,2,17,1,0,1,7,13,4,2,51,0,0,0,4,0,0,0,1,3,0,0,7,0,0,0,0,0,0,0,0,0.0,0.0,70.0,11.0,36.1,1.9,0.09090909090909091,0.0,0.0,80.0,6.0,36.8,0.7,0.25,0.0,0.0,130.0,7.0,36.8,1.0,0.11764705882352941,-2.0,-2.0,-200.0,0.10144927536231885,0.2753623188405797,3,6
388,202508040310,77,59,68,317,0,0,0,1,0,0,0,1,13,12,12,43,0,0,0,0,0,0,0,0,1,2,1,7,0,0,0,0,0,0,0,0,0.0,0.0,10.0,1.0,34.0,0.0,0.2857142857142857,0.0,0.0,50.0,6.0,37.0,1.0,0.5714285714285714,0.0,0.0,80.0,7.0,34.4,0.4,0.9444444444444444,3.0,2.0,-600.0,0.11764705882352941,0.2647058823529412,2,4
389,202508040310,14,16,16,113,9,14,10,108,1,4,1,8,2,1,2,16,1,1,1,16,0,0,0,0,0,0,0,0,0,0,0,1,0,0,0,0,0.0,0.0,40.0,2.0,34.2,0.2,0.3333333333333333,0.0,0.0,70.0,4.0,36.6,0.2,0.6428571428571429,0.0,0.0,50.0,4.0,35.9,0.1,0.36363636363636365,1.0,-2.0,0.0,0.0625,0.625,7,14
390,202508040310,2,1,5,38,36,26,38,308,0,0,1,2,1,0,3,5,7,7,12,47,0,0,0,0,0,0,1,1,2,0,1,5,0,0,0,0,0.0,0.0,7.0,5.0,33.5,0.3,1.0,0.0,0.0,110.0,13.0,35.5,1.2,0.6666666666666666,0.0,0.0,70.0,10.0,35.7,1.3,0.5,2.5,0.0,200.0,0.19736842105263158,0.3026315789473684,1,1
391,202508040310,11,15,16,124,4,0,2,6,1,0,1,2,3,4,5,28,1,0,0,1,0,0,0,1,0,0,0,4,0,0,0,0,0,0,0,0,0.0,0.0,130.0,13.0,35.2,0.9,0.5555555555555556,0.0,0.0,70.0,3.0,34.8,0.0,0.2,0.0,0.0,80.0,3.0,34.8,0.2,0.5454545454545454,-5.0,-6.0,-400.0,0.0,0.1875,2,3
392,202508040310,46,34,30,257,1,2,1,24,0,0,0,0,13,4,2,51,0,0,0,2,0,0,0,0,3,0,0,7,0,0,0,0,0,0,0,0,0.0,0.0,15.0,11.0,35.0,1.1,0.75,0.0,0.0,140.0,13.0,33.8,1.1,0.7222222222222222,0.0,0.0,120.0,1.0,34.9,0.0,0.3125,-5.0,-4.0,0.0,0.0,0.041666666666666664,4,8
393,202508040310,10,13,7,84,3,3,3,78,0,0,1,4,2,0,1,8,1,0,1,22,0,0,1,0,0,0,0,0,0,0,0,2,0,0,0,0,0.0,0.0,90.0,7.0,34.1,0.9,0.5,0.0,0.0,80.0,7.0,34.6,0.5,1.0,0.0,0.0,80.0,13.0,34.9,1.7,0.5,3.0,6.0,0.0,0.03773584905660377,0.1509433962264151,3,5
394,202508040310,46,34,30,257,7,4,3,36,2,2,1,5,13,4,2,51,2,1,0,3,1,0,0,1,3,0,0,7,1,0,0,1,0,0,0,1,0.0,0.0,90.0,9.0,35.1,0.9,0.18181818181818182,0.0,0.0,30.0,5.0,36.1,0.8,0.6,0.0,0.0,40.0,9.0,34.6,0.8,0.6,0.0,-4.0,-200.0,0.1,0.38333333333333336,7,13
395,202508040310,12,13,8,101,0,0,0,0,0,0,0,0,3,1,2,28,0,0,0,0,0,0,0,0,0,0,0,3,0,0,0,0,0,0,0,0,0.0,0.0,20.0,13.0,36.0,1.1,0.6,0.0,0.0,50.0,9.0,35.3,0.7,0.23076923076923078,0.0,0.0,20.0,1.0,35.6,0.0,0.17647058823529413,-6.0,-8.0,0.0,0.058823529411764705,0.2647058823529412,1,2
396,202508040310,0,0,0,1,2,4,2,16,0,0,0,0,0,0,0,0,1,1,0,4,0,0,0,0,0,0,0,0,0,1,0,0,0,0,0,0,0.0,0.0,16.0,15.0,35.2,1.7,1.0,,,,,,,,,,,,,,,,,0.0,,,6,11
397,202508040310,21,19,18,218,0,1,0,3,0,1,0,0,0,1,0,13,0,0,0,0,0,0,0,0,0,1,0,1,0,0,0,0,0,0,0,0,0.0,0.0,12.0,16.0,36.6,1.8,0.125,0.0,0.0,180.0,6.0,34.9,0.8,0.1111111111111111,0.0,0.0,130.0,13.0,36.5,1.8,0.7692307692307693,-1.5,-8.0,0.0,0.18518518518518517,0.2962962962962963,6,12
398,202508040405,0,0,0,0,18,15,14,115,0,0,0,0,0,0,0,0,4,1,4,25,0,0,0,0,0,0,0,0,1,0,1,5,0,0,0,0,,,,,,,,,,,,,,,,,,,,,,,,,0.17777777777777778,0.37777777777777777,6,6
399,202508040405,13,14,9,76,1,0,0,0,0,0,0,0,1,6,1,15,1,0,0,0,0,0,0,0,1,1,0,0,1,0,0,0,0,0,0,0,,,,,,,,,,,,,,,,,,,,,,,,,0.34285714285714286,0.6285714285714286,2,2
400,202508040405,13,14,9,76,6,12,3,83,0,0,0,0,1,6,1,15,0,2,0,8,0,0,0,0,1,1,0,0,0,0,0,2,0,0,0,0,,,,,,,,,,,,,,,,,,,,,,,,,0.3333333333333333,0.6666666666666666,1,1
401,202508040405,2,1,1,16,0,0,0,0,0,0,0,0,0,0,1,9,0,0,0,0,0,0,0,0,0,0,0,4,0,0,0,0,0,0,0,0,,,,,,,,,,,,,,,,,,,,,,,,,0.06493506493506493,0.36363636363636365,8,9
402,202508040405,13,4,9,64,0,0,0,6,0,0,0,0,2,1,1,12,0,0,0,0,0,0,0,0,0,0,0,5,0,0,0,0,0,0,0,0,,,,,,,,,,,,,,,,,,,,,,,,,0.10526315789473684,0.5789473684210527,5,5
403,202508040405,7,8,7,58,18,20,22,156,0,0,0,4,2,2,0,9,2,5,7,23,0,0,0,1,1,0,0,1,0,0,1,4,0,0,0,0,,,,,,,,,,,,,,,,,,,,,,,,,0.0,0.2857142857142857,3,3
404,202508040405,0,0,0,0,20,13,13,129,0,0,0,0,0,0,0,0,1,1,1,13,0,0,0,0,0,0,0,0,0,1,1,2,0,0,0,0,,,,,,,,,,,,,,,,,,,,,,,,,0.0,0.0,4,4
405,202508040405,46,34,30,257,1,1,3,10,0,0,0,2,13,4,2,51,0,0,1,3,0,0,0,0,1,1,1,5,0,0,0,1,0,0,0,0,,,,,,,,,,,,,,,,,,,,,,,,,0.09836065573770492,0.3770491803278688,8,8
406,202508040405,2,1,1,16,4,7,8,92,0,0,0,2,0,0,1,9,1,1,0,11,0,0,0,1,0,0,0,4,0,1,0,2,0,0,0,0,,,,,,,,,,,,,,,,,,,,,,,,,0.04477611940298507,0.23880597014925373,7,7
407,202508040409,3,2,9,51,55,57,50,362,2,0,1,9,1,0,2,5,9,9,12,54,0,0,0,2,0,0,0,3,1,3,0,10,0,0,0,2,0.0,0.0,20.0,1.0,36.0,0.0,0.8571428571428571,0.0,0.0,60.0,3.0,34.4,0.5,0.8888888888888888,,,,,,,,2.0,-2.0,200.0,0.05555555555555555,0.5555555555555556,2,2
408,202508040409,22,34,31,226,1,2,6,19,0,1,1,0,9,16,14,58,0,0,0,0,0,0,0,0,1,3,0,5,0,0,0,0,0,0,0,0,0.0,0.0,20.0,4.0,35.7,0.5,1.0,0.0,0.0,40.0,1.0,34.5,0.0,0.3333333333333333,,,,,,,,-3.0,6.0,200.0,0.07142857142857142,0.14285714285714285,4,4
409,202508040409,26,28,26,219,7,9,13,74,0,0,0,1,4,5,8,45,0,1,3,11,0,0,0,0,1,1,1,4,0,0,0,1,0,0,0,0,0.0,0.0,30.0,1.0,35.1,0.0,0.07142857142857142,,,,,,,,,,,,,,,,,0.0,0.3333333333333333,0.7543859649122807,6,6
410,202508040409,0,0,0,0,1,0,1,14,0,0,0,0,0,0,0,0,1,0,0,1,0,0,0,0,0,0,0,0,0,0,0,0,0,0,0,0,0.0,0.0,1.0,2.0,34.1,0.1,0.75,0.0,0.0,20.0,1.0,33.6,0.0,0.5,,,,,,,,-1.0,6.0,200.0,0.5,1.0,1,1
411,202508040409,55,50,29,338,0,0,0,0,0,0,0,0,6,2,2,30,0,0,0,0,0,0,0,0,2,0,0,5,0,0,0,0,0,0,0,0,0.0,0.0,20.0,1.0,34.2,0.0,0.6153846153846154,,,,,,,,,,,,,,,,,400.0,0.23809523809523808,0.5238095238095238,3,3
412,202508040409,2,1,5,38,55,57,50,362,1,0,1,8,1,0,3,5,9,9,12,54,1,0,1,0,0,0,0,0,1,3,0,10,0,0,0,0,0.0,0.0,30.0,1.0,35.4,0.0,0.5,0.0,0.0,30.0,5.0,35.1,1.0,0.6363636363636364,0.0,0.0,50.0,5.0,34.8,0.4,0.8333333333333334,2.0,2.0,200.0,0.0,0.3333333333333333,5,5
413,202508040409,5,3,9,56,0,0,0,1,0,0,0,1,3,1,2,15,0,0,0,0,0,0,0,0,1,0,0,2,0,0,0,0,0,0,0,0,0.0,0.0,1.0,1.0,34.7,0.0,0.3333333333333333,0.0,0.0,20.0,3.0,34.5,0.4,0.75,0.0,0.0,20.0,2.0,34.3,0.0,0.14285714285714285,0.5,6.0,200.0,0.06578947368421052,0.3684210526315789,7,7
414,202508040409,2,0,0,0,11,5,10,118,0,0,0,0,0,0,0,0,2,2,2,13,0,0,0,0,0,0,0,0,2,0,0,0,0,0,0,0,0.0,0.0,20.0,1.0,34.1,0.0,0.9,0.0,0.0,10.0,3.0,36.7,0.2,0.6,0.0,0.0,30.0,2.0,35.7,0.5,0.8571428571428571,0.5,-2.0,200.0,0.03773584905660377,0.32075471698113206,8,8
415,202508040512,7,8,7,58,1,0,0,0,1,0,0,0,2,2,0,9,1,0,0,0,1,0,0,0,0,0,0,1,0,0,0,0,0,0,0,0,0.0,0.0,10.0,2.0,35.1,0.0,0.8333333333333334,0.0,0.0,20.0,3.0,34.4,0.2,0.5555555555555556,0.0,0.0,20.0,2.0,35.3,0.1,0.5,0.0,0.0,200.0,0.1,0.55,8,14
416,202508040512,11,15,16,124,1,1,0,7,1,0,0,0,3,4,5,28,1,0,0,2,1,0,0,0,0,0,1,6,0,0,0,0,0,0,0,0,0.0,0.0,1.0,1.0,33.5,0.0,0.8333333333333334,0.0,0.0,40.0,5.0,34.1,0.6,0.3,0.0,0.0,50.0,3.0,33.1,0.3,0.7777777777777778,1.0,14.0,200.0,0.19230769230769232,0.3076923076923077,1,1
417,202508040512,11,15,16,124,55,57,50,362,0,0,0,0,3,4,5,28,9,9,12,54,0,0,0,0,0,0,1,6,1,0,3,6,0,0,0,0,0.0,0.0,20.0,7.0,33.3,0.8,0.8333333333333334,0.0,0.0,20.0,1.0,33.8,0.0,1.0,0.0,0.0,10.0,2.0,34.6,0.3,0.7777777777777778,-2.5,-6.0,200.0,0.0,0.038461538461538464,4,7
418,202508040512,26,28,26,219,1,0,2,8,1,0,1,0,4,5,8,45,0,0,1,0,0,0,1,0,0,0,1,6,0,0,0,0,0,0,0,0,0.0,0.0,80.0,1.0,34.5,0.0,0.6666666666666666,0.0,0.0,70.0,10.0,35.4,1.0,0.8461538461538461,0.0,0.0,60.0,4.0,34.2,0.2,0.9,1.5,-4.0,0.0,0.07692307692307693,0.21153846153846154,3,4
419,202508040512,26,28,26,219,55,57,50,362,4,8,4,28,4,5,8,45,9,9,12,54,0,1,1,6,0,0,1,6,1,0,3,6,0,0,1,1,0.0,0.0,30.0,1.0,33.8,0.0,0.875,0.0,0.0,10.0,1.0,34.8,0.0,0.75,0.0,0.0,70.0,6.0,34.3,0.5,0.8888888888888888,2.5,6.0,200.0,0.0967741935483871,0.3709677419354839,4,6
420,202508040512,1,1,0,1,3,4,1,16,0,1,0,1,0,1,0,1,1,3,0,3,0,1,0,1,0,0,0,0,0,0,0,0,0,0,0,0,0.0,0.0,50.0,6.0,36.8,1.8,0.42857142857142855,0.0,0.0,30.0,4.0,35.1,0.1,0.3333333333333333,0.0,0.0,30.0,5.0,35.6,0.7,0.3333333333333333,-0.5,6.0,0.0,0.3333333333333333,0.6388888888888888,7,12
421,202508040512,11,15,16,124,2,0,2,17,0,0,0,3,3,4,5,28,0,0,0,4,0,0,0,1,0,0,1,6,0,0,0,2,0,0,0,0,0.0,0.0,12.0,7.0,34.5,1.0,0.7333333333333333,0.0,0.0,9.0,5.0,34.4,0.8,0.8181818181818182,0.0,0.0,50.0,8.0,36.5,2.1,0.7777777777777778,0.5,-2.0,0.0,0.04411764705882353,0.23529411764705882,3,5
422,202508040512,18,18,18,180,0,1,0,3,0,0,0,0,3,7,5,36,0,0,0,0,0,0,0,0,1,2,0,1,0,0,0,0,0,0,0,0,0.0,0.0,40.0,5.0,33.4,0.8,0.75,0.0,0.0,70.0,3.0,34.4,0.6,0.6666666666666666,0.0,0.0,80.0,5.0,34.3,0.5,0.3,0.0,2.0,-200.0,0.07692307692307693,0.15384615384615385,7,13
423,202508040512,26,28,26,219,5,1,2,46,1,0,0,5,4,5,8,45,2,0,0,9,1,0,0,2,0,0,1,6,1,0,0,2,0,0,0,0,0.0,0.0,30.0,9.0,35.3,1.2,0.2222222222222222,0.0,0.0,30.0,1.0,34.9,0.0,0.09090909090909091,0.0,0.0,30.0,11.0,35.0,1.0,0.4,1.0,-8.0,0.0,0.0641025641025641,0.358974358974359,5,9
424,202508040512,3,2,9,51,4,7,8,92,0,0,1,6,1,0,2,5,1,1,0,11,0,0,0,0,0,0,0,0,0,0,0,0,0,0,0,0,0.0,0.0,50.0,5.0,33.3,0.7,0.625,0.0,0.0,70.0,12.0,41.5,2.1,0.125,0.0,0.0,40.0,8.0,40.0,1.3,0.0625,1.5,-4.0,-200.0,0.1111111111111111,0.25,6,10
425,202508040512,1,0,1,6,7,2,1,15,0,0,0,0,0,0,0,1,0,1,0,3,0,0,0,0,0,0,0,0,0,0,0,0,0,0,0,0,0.0,0.0,40.0,3.0,35.4,0.6,0.5625,0.0,0.0,70.0,3.0,36.6,0.3,0.5,0.0,0.0,90.0,2.0,35.6,0.1,0.2857142857142857,-0.5,2.0,0.0,0.25,0.75,6,11
426,202508040512,11,15,16,124,0,0,0,3,0,0,0,3,3,4,5,28,0,0,0,0,0,0,0,0,0,0,1,6,0,0,0,0,0,0,0,0,0.0,0.0,70.0,7.0,35.1,0.6,0.6153846153846154,0.0,0.0,40.0,3.0,35.5,0.9,0.6153846153846154,0.0,0.0,70.0,12.0,38.6,3.5,0.7857142857142857,2.5,-6.0,0.0,0.13333333333333333,0.3111111111111111,5,8
427,202508040512,3,1,1,16,18,21,14,144,0,0,0,0,1,0,0,1,2,4,3,20,0,0,0,0,0,0,0,0,1,0,1,1,0,0,0,0,0.0,0.0,14.0,9.0,36.8,0.9,0.09375,0.0,0.0,120.0,5.0,34.4,0.5,0.0625,0.0,0.0,120.0,7.0,35.4,1.4,0.125,-1.0,-4.0,200.0,0.05,0.18333333333333332,2,3
428,202508040512,28,22,25,271,0,1,2,13,0,0,0,4,10,5,6,62,0,0,1,0,0,0,0,0,2,2,2,12,0,0,0,0,0,0,0,0,0.0,0.0,15.0,14.0,36.9,2.5,0.06666666666666667,0.0,0.0,8.0,6.0,35.3,1.3,0.25,0.0,0.0,110.0,10.0,34.2,1.0,1.0,-2.0,-4.0,0.0,0.0,0.3333333333333333,8,15
429,202508040512,46,34,30,257,0,1,0,2,0,0,0,0,13,4,2,51,0,0,0,0,0,0,0,0,4,1,0,4,0,0,0,0,0,0,0,0,0.0,0.0,30.0,5.0,34.8,0.7,0.2857142857142857,0.0,0.0,130.0,18.0,38.7,5.4,0.8888888888888888,0.0,0.0,30.0,16.0,34.2,1.1,0.7222222222222222,5.5,10.0,0.0,0.1,0.2714285714285714,2,2
430,202508040603,2,0,0,0,7,10,7,47,0,0,0,0,0,0,0,0,2,3,3,11,0,0,0,0,0,0,0,0,2,2,1,7,0,0,0,0,0.0,0.0,20.0,2.0,35.5,0.0,0.18181818181818182,,,,,,,,,,,,,,,,,0.0,0.189873417721519,0.31645569620253167,1,2
431,202508040603,6,13,7,66,18,20,22,156,0,1,0,3,1,1,0,10,2,5,7,23,0,0,0,0,1,0,0,4,1,2,2,11,0,0,0,0,0.0,0.0,4.0,2.0,35.2,0.2,0.42857142857142855,0.0,0.0,10.0,6.0,35.6,0.4,0.6363636363636364,,,,,,,,4.0,-4.0,0.0,0.10810810810810811,0.24324324324324326,1,1
432,202508040603,2,1,1,16,7,7,3,46,0,0,0,0,0,0,1,9,1,1,1,6,0,0,0,0,0,0,0,4,0,0,0,4,0,0,0,0,0.0,0.0,2.0,4.0,35.6,0.5,1.0,0.0,0.0,2.0,3.0,35.3,0.3,0.9090909090909091,,,,,,,,-1.0,-2.0,0.0,0.22727272727272727,0.5,7,14
433,202508040603,5,14,7,84,55,57,50,362,0,0,0,0,1,1,2,16,9,9,12,54,0,0,0,0,0,0,2,9,3,2,6,23,0,0,0,0,0.0,0.0,20.0,2.0,34.0,0.3,0.25,,,,,,,,,,,,,,,,,0.0,0.06329113924050633,0.35443037974683544,6,11
434,202508040603,0,0,0,0,0,0,0,0,0,0,0,0,0,0,0,0,0,0,0,0,0,0,0,0,0,0,0,0,0,0,0,0,0,0,0,0,0.0,0.0,70.0,4.0,34.2,0.6,0.9,0.0,0.0,40.0,4.0,34.6,1.1,0.8571428571428571,,,,,,,,0.0,0.0,200.0,0.034482758620689655,0.2413793103448276,5,9
435,202508040603,0,0,0,0,3,2,6,42,0,0,0,0,0,0,0,0,0,0,1,4,0,0,0,0,0,0,0,0,0,0,1,0,0,0,0,0,0.0,0.0,30.0,6.0,40.7,0.9,0.6,0.0,0.0,10.0,5.0,34.4,0.5,0.7142857142857143,,,,,,,,-1.0,0.0,200.0,0.14285714285714285,0.5714285714285714,6,12
436,202508040603,6,13,7,66,1,0,1,4,0,0,0,0,1,1,0,10,0,0,0,1,0,0,0,0,1,0,0,4,0,0,0,0,0,0,0,0,0.0,0.0,7.0,6.0,35.1,1.2,0.6666666666666666,,,,,,,,,,,,,,,,,200.0,0.09523809523809523,0.36507936507936506,8,15
437,202508040603,12,13,8,101,3,2,1,8,0,0,0,0,3,1,2,28,0,0,0,0,0,0,0,0,0,1,0,11,0,0,0,0,0,0,0,0,0.0,0.0,80.0,10.0,36.4,2.0,0.3,0.0,0.0,30.0,4.0,35.1,1.2,0.4,0.0,0.0,90.0,5.0,39.6,2.9,0.3333333333333333,-2.5,8.0,200.0,0.0,0.6,7,13
438,202508040603,1,1,1,32,11,5,10,118,0,0,0,1,0,0,0,2,2,2,2,13,0,0,0,0,0,0,0,2,0,1,2,6,0,0,0,0,0.0,0.0,9.0,7.0,36.8,2.0,0.5555555555555556,,,,,,,,,,,,,,,,,0.0,0.0,0.0,2,3
439,202508040603,0,0,0,0,5,6,3,18,0,0,0,0,0,0,0,0,2,2,1,2,0,0,0,0,0,0,0,0,1,1,0,1,0,0,0,0,0.0,0.0,7.0,7.0,36.3,1.7,0.14285714285714285,0.0,0.0,40.0,4.0,35.6,2.1,0.3333333333333333,0.0,0.0,60.0,7.0,37.3,2.9,0.9090909090909091,0.0,-2.0,0.0,0.043478260869565216,0.2318840579710145,3,6
440,202508040603,2,1,1,16,5,3,4,47,0,0,0,0,0,0,1,9,0,0,0,4,0,0,0,0,0,0,0,4,0,0,0,1,0,0,0,0,0.0,0.0,30.0,5.0,38.5,1.8,0.5,0.0,0.0,40.0,4.0,36.8,1.0,0.9090909090909091,,,,,,,,-1.0,-4.0,200.0,0.07547169811320754,0.20754716981132076,4,8
441,202508040603,0,0,0,0,18,21,14,144,0,0,0,0,0,0,0,0,2,4,3,20,0,0,0,0,0,0,0,0,1,2,2,8,0,0,0,0,0.0,0.0,5.0,6.0,36.8,2.9,0.3333333333333333,0.0,0.0,80.0,6.0,36.7,1.8,0.5,,,,,,,,0.0,-4.0,200.0,0.0,0.0,3,5
442,202508040603,0,0,0,0,11,5,10,118,0,0,0,0,0,0,0,0,2,2,2,13,0,0,0,0,0,0,0,0,0,1,2,6,0,0,0,0,0.0,0.0,10.0,13.0,38.0,3.7,0.9375,0.0,0.0,13.0,15.0,40.9,4.8,0.9333333333333333,0.0,0.0,110.0,9.0,37.3,2.7,0.9090909090909091,-2.0,0.0,0.0,0.04918032786885246,0.18032786885245902,4,7
443,202508040603,0,0,0,0,1,1,0,22,0,0,0,0,0,0,0,0,0,0,0,1,0,0,0,0,0,0,0,0,0,0,0,0,0,0,0,0,0.0,0.0,12.0,12.0,42.1,4.0,0.3,,,,,,,,,,,,,,,,,300.0,0.0,0.07407407407407407,2,4
444,202508040603,12,13,8,101,36,26,38,308,1,0,1,5,3,1,2,28,7,7,12,47,1,0,0,0,0,1,0,11,2,3,2,13,0,0,0,0,0.0,0.0,90.0,16.0,43.7,11.9,0.4375,0.0,0.0,90.0,9.0,35.8,1.3,0.36363636363636365,0.0,0.0,30.0,6.0,35.9,3.3,0.5,-5.0,0.0,0.0,0.0,0.0,5,10
445,202508040603,0,0,1,1,19,11,21,165,0,0,0,0,0,0,0,0,5,3,5,31,0,0,0,0,0,0,0,0,2,1,2,14,0,0,0,0,0.0,0.0,16.0,16.0,39.0,4.4,0.8125,0.0,0.0,100.0,12.0,36.6,2.6,0.6666666666666666,,,,,,,,-4.0,8.0,0.0,0.0,0.0,8,16
446,202508040711,2,1,1,16,55,57,50,362,1,1,1,1,0,0,1,9,9,9,12,54,0,0,1,1,0,0,1,0,0,1,1,5,0,0,1,0,0.0,0.0,5.0,1.0,34.7,0.0,0.18181818181818182,,,,,,,,,,,,,,,,,200.0,0.1956521739130435,0.391304347826087,7,8
447,202508040711,10,13,7,84,18,15,14,115,3,4,0,4,2,0,1,8,4,1,4,25,0,0,0,0,0,0,0,0,0,0,0,2,0,0,0,0,0.0,0.0,40.0,7.0,34.3,0.8,0.625,0.0,0.0,10.0,1.0,35.4,0.0,0.25,0.0,0.0,10.0,1.0,35.0,0.0,0.4,-3.0,0.0,400.0,0.03333333333333333,0.23333333333333334,3,3
448,202508040711,0,0,0,0,1,2,3,26,0,0,0,0,0,0,0,0,0,0,0,3,0,0,0,0,0,0,0,0,0,0,0,0,0,0,0,0,0.0,0.0,20.0,1.0,34.3,0.0,0.2,,,,,,,,,,,,,,,,,0.0,0.0,0.16666666666666666,8,10
449,202508040711,0,0,0,0,0,0,0,17,0,0,0,0,0,0,0,0,0,0,0,3,0,0,0,0,0,0,0,0,0,0,0,0,0,0,0,0,0.0,0.0,2.0,1.0,34.3,0.0,0.1111111111111111,0.0,0.0,20.0,4.0,37.2,1.0,0.2857142857142857,0.0,0.0,10.0,2.0,35.2,0.2,0.25,0.5,14.0,200.0,0.0625,0.35,1,1
450,202508040711,26,28,26,219,0,1,3,11,0,0,0,0,4,5,8,45,0,0,0,3,0,0,0,0,0,2,2,7,0,0,0,0,0,0,0,0,0.0,0.0,20.0,1.0,33.1,0.0,0.5,0.0,0.0,40.0,5.0,34.1,0.8,0.6153846153846154,,,,,,,,4.0,-2.0,0.0,,,2,2
451,202508040711,26,28,26,219,0,0,0,0,0,0,0,0,4,5,8,45,0,0,0,0,0,0,0,0,0,2,2,7,0,0,0,0,0,0,0,0,0.0,0.0,40.0,1.0,34.9,0.0,0.6666666666666666,0.0,0.0,20.0,1.0,34.6,0.0,0.25,,,,,,,,0.0,12.0,0.0,0.09375,0.359375,8,11
452,202508040711,46,34,30,257,1,0,1,5,0,0,0,0,13,4,2,51,0,0,0,0,0,0,0,0,3,0,0,7,0,0,0,0,0,0,0,0,0.0,0.0,3.0,1.0,34.8,0.0,0.5333333333333333,,,,,,,,,,,,,,,,,400.0,0.13636363636363635,0.5454545454545454,6,6
453,202508040711,0,0,0,0,0,1,0,2,0,0,0,0,0,0,0,0,0,0,0,0,0,0,0,0,0,0,0,0,0,0,0,0,0,0,0,0,0.0,0.0,30.0,1.0,35.3,0.0,0.45454545454545453,,,,,,,,,,,,,,,,,0.0,0.09859154929577464,0.2676056338028169,7,9
454,202508040711,26,28,26,219,18,20,22,156,1,0,0,5,4,5,8,45,2,5,7,23,0,0,0,1,0,2,2,7,0,0,0,3,0,0,0,0,0.0,0.0,3.0,2.0,36.1,0.0,0.42857142857142855,0.0,0.0,30.0,1.0,34.0,0.0,0.42857142857142855,,,,,,,,-1.0,6.0,0.0,0.07407407407407407,0.2037037037037037,6,7
455,202508040711,2,0,0,0,4,7,8,92,0,0,0,0,0,0,0,0,1,1,0,11,0,0,0,0,0,0,0,0,0,0,0,1,0,0,0,0,0.0,0.0,10.0,4.0,35.4,0.2,0.3333333333333333,0.0,0.0,30.0,1.0,34.8,0.0,0.6666666666666666,,,,,,,,-3.0,6.0,0.0,0.037037037037037035,0.3148148148148148,5,5
456,202508040711,2,0,0,0,20,13,13,129,0,0,0,0,0,0,0,0,1,1,1,13,0,0,0,0,0,0,0,0,0,0,0,3,0,0,0,0,0.0,0.0,4.0,1.0,35.7,0.0,0.1,0.0,0.0,20.0,5.0,35.2,0.4,0.14285714285714285,,,,,,,,4.0,0.0,0.0,0.32432432432432434,0.6216216216216216,4,4
457,202508040806,5,3,9,56,9,14,10,108,0,0,0,1,3,1,2,15,1,1,1,16,0,0,0,0,1,0,0,8,0,0,0,1,0,0,0,0,,,,,,,,,,,,,,,,,,,,,,,,,0.0,0.07142857142857142,2,2
458,202508040806,0,0,0,0,6,12,3,83,0,0,0,0,0,0,0,0,0,2,0,8,0,0,0,0,0,0,0,0,0,0,0,2,0,0,0,0,,,,,,,,,,,,,,,,,,,,,,,,,0.03636363636363636,0.14545454545454545,8,9
459,202508040806,0,0,0,0,12,9,12,159,0,0,0,0,0,0,0,0,0,1,1,15,0,0,0,0,0,0,0,0,0,0,0,2,0,0,0,0,,,,,,,,,,,,,,,,,,,,,,,,,0.10526315789473684,0.2631578947368421,7,7
460,202508040806,0,0,0,0,0,0,0,0,0,0,0,0,0,0,0,0,0,0,0,0,0,0,0,0,0,0,0,0,0,0,0,0,0,0,0,0,,,,,,,,,,,,,,,,,,,,,,,,,0.06666666666666667,0.2,5,5
461,202508040806,0,0,1,4,0,0,0,2,0,0,0,0,0,0,1,0,0,0,0,0,0,0,0,0,0,0,0,0,0,0,0,0,0,0,0,0,,,,,,,,,,,,,,,,,,,,,,,,,0.0,0.3,8,8
462,202508040806,12,13,8,101,0,0,0,0,0,0,0,0,3,1,2,28,0,0,0,0,0,0,0,0,1,0,0,6,0,0,0,0,0,0,0,0,,,,,,,,,,,,,,,,,,,,,,,,,0.5,0.5,1,1
463,202508040806,0,0,0,0,0,0,1,2,0,0,0,0,0,0,0,0,0,0,0,0,0,0,0,0,0,0,0,0,0,0,0,0,0,0,0,0,,,,,,,,,,,,,,,,,,,,,,,,,0.3157894736842105,0.6052631578947368,6,6
464,202508040806,6,13,7,66,4,4,1,14,0,0,0,3,1,1,0,10,2,0,0,1,0,0,0,1,0,1,0,3,0,0,0,0,0,0,0,0,,,,,,,,,,,,,,,,,,,,,,,,,0.04838709677419355,0.1774193548387097,4,4
465,202508040806,2,1,1,16,55,57,50,362,1,1,1,1,0,0,1,9,9,9,12,54,0,0,1,1,0,0,0,4,2,3,1,8,0,0,0,1,,,,,,,,,,,,,,,,,,,,,,,,,,,3,3
