対象: 88日分
出馬表再生成: 20250405
ℹ️ [スキップ/エラーではありません] 指定日に開催なし: 20250405 01_sapporo
ℹ️ [スキップ/エラーではありません] 指定日に開催なし: 20250405 02_hakodate
ℹ️ [スキップ/エラーではありません] 指定日に開催なし: 20250405 03_fukushima
ℹ️ [スキップ/エラーではありません] 指定日に開催なし: 20250405 04_nigata
ℹ️ [スキップ/エラーではありません] 指定日に開催なし: 20250405 05_tokyo
ℹ️ [スキップ/エラーではありません] 指定日に開催なし: 20250405 07_chukyo
ℹ️ [スキップ/エラーではありません] 指定日に開催なし: 20250405 08_kyoto
ℹ️ [スキップ/エラーではありません] 指定日に開催なし: 20250405 10_kokura
ℹ️ [スキップ/エラーではありません] 平均タイムの該当データなし（サンプル不足）: 中山 ダート 未勝利 1800 不
ℹ️ [スキップ/エラーではありません] 平均タイムの該当データなし（サンプル不足）: 中山 ダート 未勝利 1800 不
ℹ️ [スキップ/エラーではありません] 平均タイムの該当データなし（サンプル不足）: 中山 ダート 未勝利 1800 不
ℹ️ [スキップ/エラーではありません] 平均タイムの該当データなし（サンプル不足）: 中山 ダート 未勝利 1800 不
ℹ️ [スキップ/エラーではありません] 平均タイムの該当データなし（サンプル不足）: 中山 ダート 未勝利 1200 不
ℹ️ [スキップ/エラーではありません] 平均タイムの該当データなし（サンプル不足）: 中山 ダート 未勝利 1800 不
ℹ️ [スキップ/エラーではありません] 平均タイムの該当データなし（サンプル不足）: 中山 ダート 未勝利 1800 不
ℹ️ [スキップ/エラーではありません] 平均タイムの該当データなし（サンプル不足）: 小倉 障害 未勝利 2860 良
ℹ️ [スキップ/エラーではありません] 平均タイムの該当データなし（サンプル不足）: 小倉 障害 未勝利 2860 良
ℹ️ [スキップ/エラーではありません] 平均タイムの該当データなし（サンプル不足）: 京都 障害 未勝利 2910 良
ℹ️ [スキップ/エラーではありません] 平均タイムの該当データなし（サンプル不足）: 東京 ダート 3勝クラス 1400 不
ℹ️ [スキップ/エラーではありません] 平均タイムの該当データなし（サンプル不足）: 小倉 障害 未勝利 2860 稍重
ℹ️ [スキップ/エラーではありません] 平均タイムの該当データなし（サンプル不足）: 中山 障害 未勝利 2880 良
ℹ️ [スキップ/エラーではありません] 平均タイムの該当データなし（サンプル不足）: 新潟 障害 未勝利 2890 良
ℹ️ [スキップ/エラーではありません] 平均タイムの該当データなし（サンプル不足）: 福島 障害 未勝利 2750 良
ℹ️ [スキップ/エラーではありません] 平均タイムの該当データなし（サンプル不足）: 阪神 障害 未勝利 2970 重
ℹ️ [スキップ/エラーではありません] 平均タイムの該当データなし（サンプル不足）: 小倉 障害 未勝利 2860 良
ℹ️ [スキップ/エラーではありません] 平均タイムの該当データなし（サンプル不足）: 小倉 障害 未勝利 2860 良
ℹ️ [スキップ/エラーではありません] 平均タイムの該当データなし（サンプル不足）: 福島 障害 未勝利 2770 良
ℹ️ [スキップ/エラーではありません] 平均タイムの該当データなし（サンプル不足）: 新潟 障害 未勝利 2850 良
ℹ️ [スキップ/エラーではありません] 平均タイムの該当データなし（サンプル不足）: 京都 ダート 3勝クラス 1400 不
ℹ️ [スキップ/エラーではありません] 平均タイムの該当データなし（サンプル不足）: 中山 障害 未勝利 2880 稍重
ℹ️ [スキップ/エラーではありません] 平均タイムの該当データなし（サンプル不足）: 福島 障害 未勝利 2770 良
ℹ️ [スキップ/エラーではありません] 平均タイムの該当データなし（サンプル不足）: 福島 障害 未勝利 2750 重
ℹ️ [スキップ/エラーではありません] 平均タイムの該当データなし（サンプル不足）: 新潟 障害 未勝利 2850 稍重
ℹ️ [スキップ/エラーではありません] 平均タイムの該当データなし（サンプル不足）: 中京 障害 未勝利 3000 良
ℹ️ [スキップ/エラーではありません] 平均タイムの該当データなし（サンプル不足）: 福島 障害 未勝利 2770 良
ℹ️ [スキップ/エラーではありません] 平均タイムの該当データなし（サンプル不足）: 中山 障害 未勝利 2880 稍重
ℹ️ [スキップ/エラーではありません] 平均タイムの該当データなし（サンプル不足）: 中山 障害 未勝利 2880 稍重
ℹ️ [スキップ/エラーではありません] 平均タイムの該当データなし（サンプル不足）: 福島 障害 未勝利 2750 重
ℹ️ [スキップ/エラーではありません] 平均タイムの該当データなし（サンプル不足）: 新潟 障害 未勝利 2850 稍重
ℹ️ [スキップ/エラーではありません] 平均タイムの該当データなし（サンプル不足）: 中山 障害 未勝利 2880 稍重
ℹ️ [スキップ/エラーではありません] 平均タイムの該当データなし（サンプル不足）: 小倉 障害 未勝利 2860 良
ℹ️ [スキップ/エラーではありません] 平均タイムの該当データなし（サンプル不足）: 小倉 障害 未勝利 2860 稍重
ℹ️ [スキップ/エラーではありません] 平均タイムの該当データなし（サンプル不足）: 中山 障害 未勝利 2880 良
ℹ️ [スキップ/エラーではありません] 平均タイムの該当データなし（サンプル不足）: 中山 障害 未勝利 2880 良
ℹ️ [スキップ/エラーではありません] 平均タイムの該当データなし（サンプル不足）: 中山 ダート 未勝利 1200 不
ℹ️ [スキップ/エラーではありません] 平均タイムの該当データなし（サンプル不足）: 中京 ダート 1勝クラス 1800 不
ℹ️ [スキップ/エラーではありません] 平均タイムの該当データなし（サンプル不足）: 福島 障害 未勝利 2750 良
ℹ️ [スキップ/エラーではありません] 平均タイムの該当データなし（サンプル不足）: 新潟 障害 未勝利 2850 良
ℹ️ [スキップ/エラーではありません] 平均タイムの該当データなし（サンプル不足）: 中山 ダート 1勝クラス 1200 不
ℹ️ [スキップ/エラーではありません] 平均タイムの該当データなし（サンプル不足）: 中山 ダート 1勝クラス 1200 不
ℹ️ [スキップ/エラーではありません] 平均タイムの該当データなし（サンプル不足）: 中山 ダート 1勝クラス 1200 不
ℹ️ [スキップ/エラーではありません] 平均タイムの該当データなし（サンプル不足）: 福島 ダート 未勝利 1150 不
ℹ️ [スキップ/エラーではありません] 平均タイムの該当データなし（サンプル不足）: 福島 ダート 未勝利 1150 不
ℹ️ [スキップ/エラーではありません] 平均タイムの該当データなし（サンプル不足）: 小倉 ダート 未勝利 1700 不
ℹ️ [スキップ/エラーではありません] 平均タイムの該当データなし（サンプル不足）: 札幌 ダート 1勝クラス 1700 不
ℹ️ [スキップ/エラーではありません] 平均タイムの該当データなし（サンプル不足）: 中京 ダート 1勝クラス 1400 不
ℹ️ [スキップ/エラーではありません] 平均タイムの該当データなし（サンプル不足）: 阪神 ダート 1勝クラス 1200 不
ℹ️ [スキップ/エラーではありません] 平均タイムの該当データなし（サンプル不足）: 中京 芝 3勝クラス 1200 不
ℹ️ [スキップ/エラーではありません] 平均タイムの該当データなし（サンプル不足）: 京都 芝 オープン 1400 不
ℹ️ [スキップ/エラーではありません] 平均タイムの該当データなし（サンプル不足）: 中京 ダート 1勝クラス 1400 不
出馬表再生成: 20250412
ℹ️ [スキップ/エラーではありません] 指定日に開催なし: 20250412 01_sapporo
ℹ️ [スキップ/エラーではありません] 指定日に開催なし: 20250412 02_hakodate
ℹ️ [スキップ/エラーではありません] 指定日に開催なし: 20250412 04_nigata
ℹ️ [スキップ/エラーではありません] 指定日に開催なし: 20250412 05_tokyo
ℹ️ [スキップ/エラーではありません] 指定日に開催なし: 20250412 07_chukyo
ℹ️ [スキップ/エラーではありません] 指定日に開催なし: 20250412 08_kyoto
ℹ️ [スキップ/エラーではありません] 指定日に開催なし: 20250412 10_kokura
ℹ️ [スキップ/エラーではありません] 平均タイムの該当データなし（サンプル不足）: 福島 ダート 未勝利 1150 不
ℹ️ [スキップ/エラーではありません] 平均タイムの該当データなし（サンプル不足）: 京都 ダート 未勝利 1200 不
ℹ️ [スキップ/エラーではありません] 平均タイムの該当データなし（サンプル不足）: 中京 ダート 未勝利 1800 不
ℹ️ [スキップ/エラーではありません] 平均タイムの該当データなし（サンプル不足）: 福島 ダート 未勝利 1150 不
ℹ️ [スキップ/エラーではありません] 平均タイムの該当データなし（サンプル不足）: 阪神 ダート 1勝クラス 1800 不
ℹ️ [スキップ/エラーではありません] 平均タイムの該当データなし（サンプル不足）: 中京 ダート 1勝クラス 1800 不
ℹ️ [スキップ/エラーではありません] 平均タイムの該当データなし（サンプル不足）: 小倉 芝 1勝クラス 1800 不
ℹ️ [スキップ/エラーではありません] 平均タイムの該当データなし（サンプル不足）: 小倉 ダート 1勝クラス 1000 不
ℹ️ [スキップ/エラーではありません] 平均タイムの該当データなし（サンプル不足）: 札幌 ダート オープン 1700 不
❌ [要確認/エラー] 不明な開催場名: 
ℹ️ [スキップ/エラーではありません] 平均タイムの該当データなし（サンプル不足）: 中山 ダート 未勝利 1800 不
ℹ️ [スキップ/エラーではありません] 平均タイムの該当データなし（サンプル不足）: 中山 ダート 未勝利 1800 不
ℹ️ [スキップ/エラーではありません] 平均タイムの該当データなし（サンプル不足）: 中山 ダート 未勝利 1200 不
ℹ️ [スキップ/エラーではありません] 平均タイムの該当データなし（サンプル不足）: 中山 ダート 未勝利 1800 不
ℹ️ [スキップ/エラーではありません] 平均タイムの該当データなし（サンプル不足）: 福島 障害 オープン 3380 良
ℹ️ [スキップ/エラーではありません] 平均タイムの該当データなし（サンプル不足）: 中京 障害 未勝利 3000 良
ℹ️ [スキップ/エラーではありません] 平均タイムの該当データなし（サンプル不足）: 中京 障害 未勝利 3000 良
ℹ️ [スキップ/エラーではありません] 平均タイムの該当データなし（サンプル不足）: 中山 障害 未勝利 2880 稍重
ℹ️ [スキップ/エラーではありません] 平均タイムの該当データなし（サンプル不足）: 中山 障害 未勝利 2880 良
ℹ️ [スキップ/エラーではありません] 平均タイムの該当データなし（サンプル不足）: 福島 障害 未勝利 2750 重
ℹ️ [スキップ/エラーではありません] 平均タイムの該当データなし（サンプル不足）: 中山 障害 未勝利 2880 良
ℹ️ [スキップ/エラーではありません] 平均タイムの該当データなし（サンプル不足）: 福島 障害 未勝利 2750 良
ℹ️ [スキップ/エラーではありません] 平均タイムの該当データなし（サンプル不足）: 中山 障害 オープン 3200 良
ℹ️ [スキップ/エラーではありません] 平均タイムの該当データなし（サンプル不足）: 中山 障害 オープン 3570 良
ℹ️ [スキップ/エラーではありません] 平均タイムの該当データなし（サンプル不足）: 新潟 障害 オープン 3250 稍重
ℹ️ [スキップ/エラーではありません] 平均タイムの該当データなし（サンプル不足）: 京都 障害 オープン 3170 良
ℹ️ [スキップ/エラーではありません] 平均タイムの該当データなし（サンプル不足）: 新潟 障害 オープン 2890 良
ℹ️ [スキップ/エラーではありません] 平均タイムの該当データなし（サンプル不足）: 中山 障害 オープン 3350 良
ℹ️ [スキップ/エラーではありません] 平均タイムの該当データなし（サンプル不足）: 中山 障害 オープン 3200 良
ℹ️ [スキップ/エラーではありません] 平均タイムの該当データなし（サンプル不足）: 中山 障害 未勝利 2880 良
ℹ️ [スキップ/エラーではありません] 平均タイムの該当データなし（サンプル不足）: 中山 障害 未勝利 2880 良
ℹ️ [スキップ/エラーではありません] 平均タイムの該当データなし（サンプル不足）: 東京 障害 未勝利 3000 良
ℹ️ [スキップ/エラーではありません] 平均タイムの該当データなし（サンプル不足）: 小倉 障害 未勝利 2860 重
ℹ️ [スキップ/エラーではありません] 平均タイムの該当データなし（サンプル不足）: 中山 障害 未勝利 2880 良
ℹ️ [スキップ/エラーではありません] 平均タイムの該当データなし（サンプル不足）: 京都 障害 未勝利 2910 良
ℹ️ [スキップ/エラーではありません] 平均タイムの該当データなし（サンプル不足）: 阪神 障害 オープン 3140 良
ℹ️ [スキップ/エラーではありません] 平均タイムの該当データなし（サンプル不足）: 小倉 障害 オープン 3390 稍重
ℹ️ [スキップ/エラーではありません] 平均タイムの該当データなし（サンプル不足）: 小倉 障害 オープン 3390 良
ℹ️ [スキップ/エラーではありません] 平均タイムの該当データなし（サンプル不足）: 阪神 障害 オープン 3110 良
ℹ️ [スキップ/エラーではありません] 平均タイムの該当データなし（サンプル不足）: 中山 障害 オープン 3210 不
ℹ️ [スキップ/エラーではありません] 平均タイムの該当データなし（サンプル不足）: 小倉 障害 未勝利 2860 重
ℹ️ [スキップ/エラーではありません] 平均タイムの該当データなし（サンプル不足）: 中山 障害 未勝利 2880 良
ℹ️ [スキップ/エラーではありません] 平均タイムの該当データなし（サンプル不足）: 中山 障害 未勝利 2880 良
ℹ️ [スキップ/エラーではありません] 平均タイムの該当データなし（サンプル不足）: 中山 障害 オープン 3200 良
ℹ️ [スキップ/エラーではありません] 平均タイムの該当データなし（サンプル不足）: 新潟 障害 オープン 2850 良
ℹ️ [スキップ/エラーではありません] 平均タイムの該当データなし（サンプル不足）: 新潟 障害 未勝利 2850 良
ℹ️ [スキップ/エラーではありません] 平均タイムの該当データなし（サンプル不足）: 東京 障害 未勝利 3000 良
ℹ️ [スキップ/エラーではありません] 平均タイムの該当データなし（サンプル不足）: 新潟 障害 未勝利 2850 良
ℹ️ [スキップ/エラーではありません] 平均タイムの該当データなし（サンプル不足）: 京都 障害 未勝利 2910 良
ℹ️ [スキップ/エラーではありません] 平均タイムの該当データなし（サンプル不足）: 新潟 障害 未勝利 2890 良
ℹ️ [スキップ/エラーではありません] 平均タイムの該当データなし（サンプル不足）: 阪神 障害 未勝利 2970 良
ℹ️ [スキップ/エラーではありません] 平均タイムの該当データなし（サンプル不足）: 新潟 障害 未勝利 2850 良
ℹ️ [スキップ/エラーではありません] 平均タイムの該当データなし（サンプル不足）: 小倉 障害 オープン 3390 良
ℹ️ [スキップ/エラーではありません] 平均タイムの該当データなし（サンプル不足）: 中山 障害 オープン 3200 良
ℹ️ [スキップ/エラーではありません] 平均タイムの該当データなし（サンプル不足）: 新潟 障害 オープン 3250 良
ℹ️ [スキップ/エラーではありません] 平均タイムの該当データなし（サンプル不足）: 小倉 障害 オープン 3390 良
ℹ️ [スキップ/エラーではありません] 平均タイムの該当データなし（サンプル不足）: 阪神 障害 オープン 3140 良
ℹ️ [スキップ/エラーではありません] 平均タイムの該当データなし（サンプル不足）: 小倉 障害 オープン 3390 良
ℹ️ [スキップ/エラーではありません] 平均タイムの該当データなし（サンプル不足）: 新潟 障害 オープン 3250 良
ℹ️ [スキップ/エラーではありません] 平均タイムの該当データなし（サンプル不足）: 中山 障害 未勝利 2880 良
ℹ️ [スキップ/エラーではありません] 平均タイムの該当データなし（サンプル不足）: 福島 障害 未勝利 2750 良
ℹ️ [スキップ/エラーではありません] 平均タイムの該当データなし（サンプル不足）: 中山 障害 未勝利 2880 良
ℹ️ [スキップ/エラーではありません] 平均タイムの該当データなし（サンプル不足）: 中山 障害 オープン 3350 良
ℹ️ [スキップ/エラーではありません] 平均タイムの該当データなし（サンプル不足）: 中山 障害 オープン 3200 良
ℹ️ [スキップ/エラーではありません] 平均タイムの該当データなし（サンプル不足）: 中山 障害 未勝利 2880 良
ℹ️ [スキップ/エラーではありません] 平均タイムの該当データなし（サンプル不足）: 福島 障害 未勝利 2750 重
ℹ️ [スキップ/エラーではありません] 平均タイムの該当データなし（サンプル不足）: 新潟 障害 未勝利 2850 良
ℹ️ [スキップ/エラーではありません] 平均タイムの該当データなし（サンプル不足）: 京都 障害 オープン 3170 良
ℹ️ [スキップ/エラーではありません] 平均タイムの該当データなし（サンプル不足）: 新潟 障害 オープン 2890 良
ℹ️ [スキップ/エラーではありません] 平均タイムの該当データなし（サンプル不足）: 小倉 障害 オープン 3390 良
ℹ️ [スキップ/エラーではありません] 平均タイムの該当データなし（サンプル不足）: 小倉 障害 未勝利 2860 重
ℹ️ [スキップ/エラーではありません] 平均タイムの該当データなし（サンプル不足）: 中山 ダート 未勝利 1800 不
ℹ️ [スキップ/エラーではありません] 平均タイムの該当データなし（サンプル不足）: 中山 ダート 未勝利 1200 不
ℹ️ [スキップ/エラーではありません] 平均タイムの該当データなし（サンプル不足）: 中山 ダート 1勝クラス 1200 不
ℹ️ [スキップ/エラーではありません] 平均タイムの該当データなし（サンプル不足）: 中山 ダート 1勝クラス 2400 不
ℹ️ [スキップ/エラーではありません] 平均タイムの該当データなし（サンプル不足）: 中山 ダート 1勝クラス 2400 不
ℹ️ [スキップ/エラーではありません] 平均タイムの該当データなし（サンプル不足）: 中山 ダート 1勝クラス 2400 不
ℹ️ [スキップ/エラーではありません] 平均タイムの該当データなし（サンプル不足）: 中山 ダート 1勝クラス 2400 不
ℹ️ [スキップ/エラーではありません] 平均タイムの該当データなし（サンプル不足）: 中山 ダート 1勝クラス 2400 不
ℹ️ [スキップ/エラーではありません] 平均タイムの該当データなし（サンプル不足）: 中京 芝 3勝クラス 1200 不
ℹ️ [スキップ/エラーではありません] 平均タイムの該当データなし（サンプル不足）: 小倉 芝 3勝クラス 1200 不
ℹ️ [スキップ/エラーではありません] 平均タイムの該当データなし（サンプル不足）: 中山 ダート 2勝クラス 1200 不
ℹ️ [スキップ/エラーではありません] 平均タイムの該当データなし（サンプル不足）: 中山 ダート 2勝クラス 1200 不
ℹ️ [スキップ/エラーではありません] 平均タイムの該当データなし（サンプル不足）: 中山 ダート 1勝クラス 1200 不
ℹ️ [スキップ/エラーではありません] 平均タイムの該当データなし（サンプル不足）: 中山 ダート 2勝クラス 1200 不
ℹ️ [スキップ/エラーではありません] 平均タイムの該当データなし（サンプル不足）: 京都 ダート 新馬 1400 不
ℹ️ [スキップ/エラーではありません] 平均タイムの該当データなし（サンプル不足）: 京都 ダート 1勝クラス 1800 不
ℹ️ [スキップ/エラーではありません] 平均タイムの該当データなし（サンプル不足）: 阪神 ダート 未勝利 1800 不
ℹ️ [スキップ/エラーではありません] 平均タイムの該当データなし（サンプル不足）: 阪神 ダート 1勝クラス 1800 不
ℹ️ [スキップ/エラーではありません] 平均タイムの該当データなし（サンプル不足）: 小倉 ダート 1勝クラス 1000 不
ℹ️ [スキップ/エラーではありません] 平均タイムの該当データなし（サンプル不足）: 中京 芝 オープン 3000 稍重
ℹ️ [スキップ/エラーではありません] 平均タイムの該当データなし（サンプル不足）: 阪神 ダート 2勝クラス 1200 不
ℹ️ [スキップ/エラーではありません] 平均タイムの該当データなし（サンプル不足）: 京都 ダート 2勝クラス 1200 不
出馬表再生成: 20250503
ℹ️ [スキップ/エラーではありません] 指定日に開催なし: 20250503 01_sapporo
ℹ️ [スキップ/エラーではありません] 指定日に開催なし: 20250503 02_hakodate
ℹ️ [スキップ/エラーではありません] 指定日に開催なし: 20250503 03_fukushima
ℹ️ [スキップ/エラーではありません] 指定日に開催なし: 20250503 06_nakayama
ℹ️ [スキップ/エラーではありません] 指定日に開催なし: 20250503 07_chukyo
ℹ️ [スキップ/エラーではありません] 指定日に開催なし: 20250503 09_hanshin
ℹ️ [スキップ/エラーではありません] 指定日に開催なし: 20250503 10_kokura
ℹ️ [スキップ/エラーではありません] 平均タイムの該当データなし（サンプル不足）: 小倉 障害 未勝利 2860 良
ℹ️ [スキップ/エラーではありません] 平均タイムの該当データなし（サンプル不足）: 小倉 障害 未勝利 2860 良
ℹ️ [スキップ/エラーではありません] 平均タイムの該当データなし（サンプル不足）: 小倉 障害 未勝利 2860 良
ℹ️ [スキップ/エラーではありません] 平均タイムの該当データなし（サンプル不足）: 小倉 障害 未勝利 2860 稍重
ℹ️ [スキップ/エラーではありません] 平均タイムの該当データなし（サンプル不足）: 新潟 障害 未勝利 2850 良
ℹ️ [スキップ/エラーではありません] 平均タイムの該当データなし（サンプル不足）: 中京 障害 未勝利 3000 稍重
ℹ️ [スキップ/エラーではありません] 平均タイムの該当データなし（サンプル不足）: 中山 障害 未勝利 2880 良
ℹ️ [スキップ/エラーではありません] 平均タイムの該当データなし（サンプル不足）: 小倉 障害 未勝利 2860 稍重
ℹ️ [スキップ/エラーではありません] 平均タイムの該当データなし（サンプル不足）: 中京 障害 未勝利 3000 良
ℹ️ [スキップ/エラーではありません] 平均タイムの該当データなし（サンプル不足）: 中山 障害 未勝利 2880 良
ℹ️ [スキップ/エラーではありません] 平均タイムの該当データなし（サンプル不足）: 小倉 障害 未勝利 2860 稍重
ℹ️ [スキップ/エラーではありません] 平均タイムの該当データなし（サンプル不足）: 中山 障害 未勝利 2880 良
ℹ️ [スキップ/エラーではありません] 平均タイムの該当データなし（サンプル不足）: 新潟 障害 未勝利 2850 稍重
ℹ️ [スキップ/エラーではありません] 平均タイムの該当データなし（サンプル不足）: 新潟 障害 未勝利 2850 良
ℹ️ [スキップ/エラーではありません] 平均タイムの該当データなし（サンプル不足）: 福島 障害 未勝利 2770 良
ℹ️ [スキップ/エラーではありません] 平均タイムの該当データなし（サンプル不足）: 中山 障害 未勝利 2880 良
ℹ️ [スキップ/エラーではありません] 平均タイムの該当データなし（サンプル不足）: 中山 障害 未勝利 2880 良
ℹ️ [スキップ/エラーではありません] 平均タイムの該当データなし（サンプル不足）: 中山 障害 未勝利 2880 良
ℹ️ [スキップ/エラーではありません] 平均タイムの該当データなし（サンプル不足）: 小倉 障害 未勝利 2860 稍重
ℹ️ [スキップ/エラーではありません] 平均タイムの該当データなし（サンプル不足）: 中山 障害 未勝利 2880 稍重
ℹ️ [スキップ/エラーではありません] 平均タイムの該当データなし（サンプル不足）: 小倉 障害 未勝利 2860 良
ℹ️ [スキップ/エラーではありません] 平均タイムの該当データなし（サンプル不足）: 小倉 障害 未勝利 2860 良
ℹ️ [スキップ/エラーではありません] 平均タイムの該当データなし（サンプル不足）: 京都 障害 未勝利 2910 良
ℹ️ [スキップ/エラーではありません] 平均タイムの該当データなし（サンプル不足）: 小倉 障害 未勝利 2860 良
ℹ️ [スキップ/エラーではありません] 平均タイムの該当データなし（サンプル不足）: 小倉 障害 未勝利 2860 良
ℹ️ [スキップ/エラーではありません] 平均タイムの該当データなし（サンプル不足）: 中京 障害 未勝利 3000 良
ℹ️ [スキップ/エラーではありません] 平均タイムの該当データなし（サンプル不足）: 中京 芝 未勝利 1600 不
ℹ️ [スキップ/エラーではありません] 平均タイムの該当データなし（サンプル不足）: 中京 ダート 1勝クラス 1800 不
ℹ️ [スキップ/エラーではありません] 平均タイムの該当データなし（サンプル不足）: 中山 ダート 未勝利 1800 不
ℹ️ [スキップ/エラーではありません] 平均タイムの該当データなし（サンプル不足）: 中山 障害 オープン 3200 良
ℹ️ [スキップ/エラーではありません] 平均タイムの該当データなし（サンプル不足）: 小倉 障害 オープン 3390 良
ℹ️ [スキップ/エラーではありません] 平均タイムの該当データなし（サンプル不足）: 中山 障害 オープン 3200 良
ℹ️ [スキップ/エラーではありません] 平均タイムの該当データなし（サンプル不足）: 新潟 障害 オープン 3250 良
ℹ️ [スキップ/エラーではありません] 平均タイムの該当データなし（サンプル不足）: 小倉 障害 オープン 3390 良
ℹ️ [スキップ/エラーではありません] 平均タイムの該当データなし（サンプル不足）: 小倉 障害 オープン 3390 良
ℹ️ [スキップ/エラーではありません] 平均タイムの該当データなし（サンプル不足）: 小倉 障害 未勝利 2860 良
ℹ️ [スキップ/エラーではありません] 平均タイムの該当データなし（サンプル不足）: 中山 障害 未勝利 2880 良
ℹ️ [スキップ/エラーではありません] 平均タイムの該当データなし（サンプル不足）: 中山 障害 未勝利 2880 良
ℹ️ [スキップ/エラーではありません] 平均タイムの該当データなし（サンプル不足）: 福島 障害 未勝利 2770 良
ℹ️ [スキップ/エラーではありません] 平均タイムの該当データなし（サンプル不足）: 中山 障害 未勝利 2880 良
ℹ️ [スキップ/エラーではありません] 平均タイムの該当データなし（サンプル不足）: 新潟 障害 未勝利 2850 良
ℹ️ [スキップ/エラーではありません] 平均タイムの該当データなし（サンプル不足）: 福島 障害 未勝利 2770 良
ℹ️ [スキップ/エラーではありません] 平均タイムの該当データなし（サンプル不足）: 中山 障害 オープン 3200 良
ℹ️ [スキップ/エラーではありません] 平均タイムの該当データなし（サンプル不足）: 京都 障害 オープン 3170 良
ℹ️ [スキップ/エラーではありません] 平均タイムの該当データなし（サンプル不足）: 新潟 障害 オープン 2890 良
ℹ️ [スキップ/エラーではありません] 平均タイムの該当データなし（サンプル不足）: 小倉 障害 オープン 3390 良
ℹ️ [スキップ/エラーではありません] 平均タイムの該当データなし（サンプル不足）: 中山 障害 オープン 3200 良
ℹ️ [スキップ/エラーではありません] 平均タイムの該当データなし（サンプル不足）: 中山 障害 オープン 3570 良
ℹ️ [スキップ/エラーではありません] 平均タイムの該当データなし（サンプル不足）: 新潟 障害 オープン 2850 良
ℹ️ [スキップ/エラーではありません] 平均タイムの該当データなし（サンプル不足）: 新潟 障害 オープン 3250 稍重
ℹ️ [スキップ/エラーではありません] 平均タイムの該当データなし（サンプル不足）: 福島 障害 オープン 2750 良
ℹ️ [スキップ/エラーではありません] 平均タイムの該当データなし（サンプル不足）: 小倉 障害 オープン 2860 良
ℹ️ [スキップ/エラーではありません] 平均タイムの該当データなし（サンプル不足）: 新潟 障害 未勝利 2850 良
ℹ️ [スキップ/エラーではありません] 平均タイムの該当データなし（サンプル不足）: 福島 障害 未勝利 2770 良
ℹ️ [スキップ/エラーではありません] 平均タイムの該当データなし（サンプル不足）: 小倉 障害 オープン 3390 良
ℹ️ [スキップ/エラーではありません] 平均タイムの該当データなし（サンプル不足）: 小倉 障害 未勝利 2860 良
ℹ️ [スキップ/エラーではありません] 平均タイムの該当データなし（サンプル不足）: 新潟 障害 未勝利 2850 良
ℹ️ [スキップ/エラーではありません] 平均タイムの該当データなし（サンプル不足）: 小倉 障害 オープン 2860 良
ℹ️ [スキップ/エラーではありません] 平均タイムの該当データなし（サンプル不足）: 中京 障害 オープン 3300 良
ℹ️ [スキップ/エラーではありません] 平均タイムの該当データなし（サンプル不足）: 新潟 障害 オープン 3250 良
ℹ️ [スキップ/エラーではありません] 平均タイムの該当データなし（サンプル不足）: 新潟 障害 オープン 3250 良
ℹ️ [スキップ/エラーではありません] 平均タイムの該当データなし（サンプル不足）: 福島 障害 オープン 2750 良
ℹ️ [スキップ/エラーではありません] 平均タイムの該当データなし（サンプル不足）: 小倉 障害 オープン 2860 良
ℹ️ [スキップ/エラーではありません] 平均タイムの該当データなし（サンプル不足）: 新潟 障害 オープン 2850 良
ℹ️ [スキップ/エラーではありません] 平均タイムの該当データなし（サンプル不足）: 新潟 障害 オープン 3250 良
ℹ️ [スキップ/エラーではありません] 平均タイムの該当データなし（サンプル不足）: 福島 障害 オープン 2750 良
ℹ️ [スキップ/エラーではありません] 平均タイムの該当データなし（サンプル不足）: 福島 障害 未勝利 2750 良
ℹ️ [スキップ/エラーではありません] 平均タイムの該当データなし（サンプル不足）: 阪神 障害 オープン 3140 良
ℹ️ [スキップ/エラーではありません] 平均タイムの該当データなし（サンプル不足）: 中山 障害 オープン 3200 良
ℹ️ [スキップ/エラーではありません] 平均タイムの該当データなし（サンプル不足）: 中山 障害 オープン 3570 良
ℹ️ [スキップ/エラーではありません] 平均タイムの該当データなし（サンプル不足）: 新潟 障害 未勝利 2850 稍重
ℹ️ [スキップ/エラーではありません] 平均タイムの該当データなし（サンプル不足）: 中山 障害 未勝利 2880 良
ℹ️ [スキップ/エラーではありません] 平均タイムの該当データなし（サンプル不足）: 中山 障害 オープン 3200 良
ℹ️ [スキップ/エラーではありません] 平均タイムの該当データなし（サンプル不足）: 中山 障害 オープン 3350 良
ℹ️ [スキップ/エラーではありません] 平均タイムの該当データなし（サンプル不足）: 中山 障害 オープン 3200 良
ℹ️ [スキップ/エラーではありません] 平均タイムの該当データなし（サンプル不足）: 中山 障害 未勝利 2880 良
ℹ️ [スキップ/エラーではありません] 平均タイムの該当データなし（サンプル不足）: 福島 障害 未勝利 2750 重
ℹ️ [スキップ/エラーではありません] 平均タイムの該当データなし（サンプル不足）: 中京 障害 オープン 3300 良
ℹ️ [スキップ/エラーではありません] 平均タイムの該当データなし（サンプル不足）: 新潟 障害 オープン 2850 良
ℹ️ [スキップ/エラーではありません] 平均タイムの該当データなし（サンプル不足）: 新潟 障害 未勝利 2850 良
ℹ️ [スキップ/エラーではありません] 平均タイムの該当データなし（サンプル不足）: 福島 障害 未勝利 2750 良
ℹ️ [スキップ/エラーではありません] 平均タイムの該当データなし（サンプル不足）: 中山 障害 オープン 3200 良
ℹ️ [スキップ/エラーではありません] 平均タイムの該当データなし（サンプル不足）: 小倉 障害 未勝利 2860 重
ℹ️ [スキップ/エラーではありません] 平均タイムの該当データなし（サンプル不足）: 中山 障害 未勝利 2880 良
ℹ️ [スキップ/エラーではありません] 平均タイムの該当データなし（サンプル不足）: 京都 障害 未勝利 2910 良
ℹ️ [スキップ/エラーではありません] 平均タイムの該当データなし（サンプル不足）: 小倉 障害 オープン 2860 良
ℹ️ [スキップ/エラーではありません] 平均タイムの該当データなし（サンプル不足）: 新潟 障害 未勝利 2850 良
ℹ️ [スキップ/エラーではありません] 平均タイムの該当データなし（サンプル不足）: 中京 障害 未勝利 3000 稍重
ℹ️ [スキップ/エラーではありません] 平均タイムの該当データなし（サンプル不足）: 京都 ダート 新馬 1400 不
ℹ️ [スキップ/エラーではありません] 平均タイムの該当データなし（サンプル不足）: 小倉 障害 未勝利 2860 良
ℹ️ [スキップ/エラーではありません] 平均タイムの該当データなし（サンプル不足）: 中山 障害 未勝利 2880 良
ℹ️ [スキップ/エラーではありません] 平均タイムの該当データなし（サンプル不足）: 福島 障害 未勝利 2750 重
ℹ️ [スキップ/エラーではありません] 平均タイムの該当データなし（サンプル不足）: 新潟 障害 未勝利 2850 良
ℹ️ [スキップ/エラーではありません] 平均タイムの該当データなし（サンプル不足）: 小倉 ダート 1勝クラス 1700 不
ℹ️ [スキップ/エラーではありません] 平均タイムの該当データなし（サンプル不足）: 東京 ダート 1勝クラス 1600 不
ℹ️ [スキップ/エラーではありません] 平均タイムの該当データなし（サンプル不足）: 中山 ダート 未勝利 1800 不
ℹ️ [スキップ/エラーではありません] 平均タイムの該当データなし（サンプル不足）: 小倉 障害 未勝利 2860 重
ℹ️ [スキップ/エラーではありません] 平均タイムの該当データなし（サンプル不足）: 中山 障害 未勝利 2880 良
ℹ️ [スキップ/エラーではありません] 平均タイムの該当データなし（サンプル不足）: 小倉 芝 1勝クラス 1200 不
ℹ️ [スキップ/エラーではありません] 平均タイムの該当データなし（サンプル不足）: 中山 ダート 1勝クラス 1200 不
ℹ️ [スキップ/エラーではありません] 平均タイムの該当データなし（サンプル不足）: 中山 ダート 未勝利 1800 不
ℹ️ [スキップ/エラーではありません] 平均タイムの該当データなし（サンプル不足）: 中山 ダート 未勝利 1800 不
ℹ️ [スキップ/エラーではありません] 平均タイムの該当データなし（サンプル不足）: 中山 ダート 未勝利 1800 不
ℹ️ [スキップ/エラーではありません] 平均タイムの該当データなし（サンプル不足）: 東京 芝 未勝利 2000 不
ℹ️ [スキップ/エラーではありません] 平均タイムの該当データなし（サンプル不足）: 札幌 ダート 未勝利 1700 不
ℹ️ [スキップ/エラーではありません] 平均タイムの該当データなし（サンプル不足）: 小倉 ダート 1勝クラス 1000 不
ℹ️ [スキップ/エラーではありません] 平均タイムの該当データなし（サンプル不足）: 中京 芝 オープン 3000 稍重
ℹ️ [スキップ/エラーではありません] 平均タイムの該当データなし（サンプル不足）: 小倉 障害 未勝利 2860 良
ℹ️ [スキップ/エラーではありません] 平均タイムの該当データなし（サンプル不足）: 中京 障害 未勝利 3000 良
ℹ️ [スキップ/エラーではありません] 平均タイムの該当データなし（サンプル不足）: 中山 障害 未勝利 2880 良
ℹ️ [スキップ/エラーではありません] 平均タイムの該当データなし（サンプル不足）: 中京 障害 未勝利 3000 良
ℹ️ [スキップ/エラーではありません] 平均タイムの該当データなし（サンプル不足）: 新潟 障害 未勝利 2850 良
ℹ️ [スキップ/エラーではありません] 平均タイムの該当データなし（サンプル不足）: 中京 ダート 未勝利 1800 不
ℹ️ [スキップ/エラーではありません] 平均タイムの該当データなし（サンプル不足）: 中京 ダート 未勝利 1800 不
ℹ️ [スキップ/エラーではありません] 平均タイムの該当データなし（サンプル不足）: 小倉 ダート 1勝クラス 1700 不
ℹ️ [スキップ/エラーではありません] 平均タイムの該当データなし（サンプル不足）: 中京 ダート 1勝クラス 1400 不
出馬表再生成: 20250504
ℹ️ [スキップ/エラーではありません] 指定日に開催なし: 20250504 01_sapporo
ℹ️ [スキップ/エラーではありません] 指定日に開催なし: 20250504 02_hakodate
ℹ️ [スキップ/エラーではありません] 指定日に開催なし: 20250504 03_fukushima
ℹ️ [スキップ/エラーではありません] 指定日に開催なし: 20250504 06_nakayama
ℹ️ [スキップ/エラーではありません] 指定日に開催なし: 20250504 07_chukyo
ℹ️ [スキップ/エラーではありません] 指定日に開催なし: 20250504 09_hanshin
ℹ️ [スキップ/エラーではありません] 指定日に開催なし: 20250504 10_kokura
ℹ️ [スキップ/エラーではありません] 平均タイムの該当データなし（サンプル不足）: 小倉 障害 未勝利 2860 良
ℹ️ [スキップ/エラーではありません] 平均タイムの該当データなし（サンプル不足）: 小倉 障害 未勝利 2860 重
ℹ️ [スキップ/エラーではありません] 平均タイムの該当データなし（サンプル不足）: 中山 障害 未勝利 2880 良
ℹ️ [スキップ/エラーではありません] 平均タイムの該当データなし（サンプル不足）: 福島 障害 未勝利 2750 良
ℹ️ [スキップ/エラーではありません] 平均タイムの該当データなし（サンプル不足）: 新潟 障害 未勝利 2850 良
ℹ️ [スキップ/エラーではありません] 平均タイムの該当データなし（サンプル不足）: 小倉 障害 未勝利 2860 重
ℹ️ [スキップ/エラーではありません] 平均タイムの該当データなし（サンプル不足）: 中京 障害 未勝利 3000 良
ℹ️ [スキップ/エラーではありません] 平均タイムの該当データなし（サンプル不足）: 新潟 障害 未勝利 2850 良
ℹ️ [スキップ/エラーではありません] 平均タイムの該当データなし（サンプル不足）: 新潟 障害 未勝利 2850 良
ℹ️ [スキップ/エラーではありません] 平均タイムの該当データなし（サンプル不足）: 中山 障害 未勝利 2880 稍重
ℹ️ [スキップ/エラーではありません] 平均タイムの該当データなし（サンプル不足）: 小倉 障害 未勝利 2860 稍重
ℹ️ [スキップ/エラーではありません] 平均タイムの該当データなし（サンプル不足）: 中山 障害 未勝利 2880 良
ℹ️ [スキップ/エラーではありません] 平均タイムの該当データなし（サンプル不足）: 中山 障害 未勝利 2880 良
ℹ️ [スキップ/エラーではありません] 平均タイムの該当データなし（サンプル不足）: 小倉 障害 未勝利 2860 良
ℹ️ [スキップ/エラーではありません] 平均タイムの該当データなし（サンプル不足）: 小倉 障害 未勝利 2860 良
ℹ️ [スキップ/エラーではありません] 平均タイムの該当データなし（サンプル不足）: 中山 障害 未勝利 2880 良
ℹ️ [スキップ/エラーではありません] 平均タイムの該当データなし（サンプル不足）: 中京 ダート 未勝利 1900 不
ℹ️ [スキップ/エラーではありません] 平均タイムの該当データなし（サンプル不足）: 小倉 障害 未勝利 2860 良
ℹ️ [スキップ/エラーではありません] 平均タイムの該当データなし（サンプル不足）: 中山 障害 未勝利 2880 良
ℹ️ [スキップ/エラーではありません] 平均タイムの該当データなし（サンプル不足）: 小倉 ダート 1勝クラス 1700 不
ℹ️ [スキップ/エラーではありません] 平均タイムの該当データなし（サンプル不足）: 札幌 ダート 未勝利 1700 不
ℹ️ [スキップ/エラーではありません] 平均タイムの該当データなし（サンプル不足）: 小倉 芝 1勝クラス 1800 不
ℹ️ [スキップ/エラーではありません] 平均タイムの該当データなし（サンプル不足）: 札幌 ダート 1勝クラス 1700 不
ℹ️ [スキップ/エラーではありません] 平均タイムの該当データなし（サンプル不足）: 中山 ダート 1勝クラス 1200 不
ℹ️ [スキップ/エラーではありません] 平均タイムの該当データなし（サンプル不足）: 小倉 ダート 1勝クラス 1000 不
ℹ️ [スキップ/エラーではありません] 平均タイムの該当データなし（サンプル不足）: 中京 ダート 1勝クラス 1800 不
ℹ️ [スキップ/エラーではありません] 平均タイムの該当データなし（サンプル不足）: 中京 ダート 1勝クラス 1400 不
ℹ️ [スキップ/エラーではありません] 平均タイムの該当データなし（サンプル不足）: 京都 ダート 1勝クラス 1800 不
ℹ️ [スキップ/エラーではありません] 平均タイムの該当データなし（サンプル不足）: 小倉 ダート 1勝クラス 1000 不
ℹ️ [スキップ/エラーではありません] 平均タイムの該当データなし（サンプル不足）: 福島 ダート 3勝クラス 1150 不
ℹ️ [スキップ/エラーではありません] 平均タイムの該当データなし（サンプル不足）: 小倉 芝 1勝クラス 1200 不
ℹ️ [スキップ/エラーではありません] 平均タイムの該当データなし（サンプル不足）: 中山 ダート 1勝クラス 2400 不
ℹ️ [スキップ/エラーではありません] 平均タイムの該当データなし（サンプル不足）: 中山 ダート 1勝クラス 2400 不
ℹ️ [スキップ/エラーではありません] 平均タイムの該当データなし（サンプル不足）: 中山 ダート 1勝クラス 2400 不
ℹ️ [スキップ/エラーではありません] 平均タイムの該当データなし（サンプル不足）: 中山 ダート 3勝クラス 1800 不
ℹ️ [スキップ/エラーではありません] 平均タイムの該当データなし（サンプル不足）: 京都 ダート 未勝利 1800 不
ℹ️ [スキップ/エラーではありません] 平均タイムの該当データなし（サンプル不足）: 京都 ダート 新馬 1400 不
ℹ️ [スキップ/エラーではありません] 平均タイムの該当データなし（サンプル不足）: 阪神 障害 未勝利 2970 良
ℹ️ [スキップ/エラーではありません] 平均タイムの該当データなし（サンプル不足）: 阪神 障害 未勝利 2970 良
ℹ️ [スキップ/エラーではありません] 平均タイムの該当データなし（サンプル不足）: 中京 芝 オープン 3000 稍重
ℹ️ [スキップ/エラーではありません] 平均タイムの該当データなし（サンプル不足）: 福島 ダート 3勝クラス 1150 不
ℹ️ [スキップ/エラーではありません] 平均タイムの該当データなし（サンプル不足）: 阪神 ダート 1勝クラス 1200 不
ℹ️ [スキップ/エラーではありません] 平均タイムの該当データなし（サンプル不足）: 京都 ダート 3勝クラス 1200 不
ℹ️ [スキップ/エラーではありません] 平均タイムの該当データなし（サンプル不足）: 京都 ダート 3勝クラス 1400 不
ℹ️ [スキップ/エラーではありません] 平均タイムの該当データなし（サンプル不足）: 京都 ダート 3勝クラス 1200 不
出馬表再生成: 20250510
ℹ️ [スキップ/エラーではありません] 指定日に開催なし: 20250510 01_sapporo
ℹ️ [スキップ/エラーではありません] 指定日に開催なし: 20250510 02_hakodate
ℹ️ [スキップ/エラーではありません] 指定日に開催なし: 20250510 03_fukushima
ℹ️ [スキップ/エラーではありません] 指定日に開催なし: 20250510 06_nakayama
ℹ️ [スキップ/エラーではありません] 指定日に開催なし: 20250510 07_chukyo
ℹ️ [スキップ/エラーではありません] 指定日に開催なし: 20250510 09_hanshin
ℹ️ [スキップ/エラーではありません] 指定日に開催なし: 20250510 10_kokura
ℹ️ [スキップ/エラーではありません] 平均タイムの該当データなし（サンプル不足）: 阪神 障害 未勝利 2970 良
ℹ️ [スキップ/エラーではありません] 平均タイムの該当データなし（サンプル不足）: 小倉 障害 未勝利 2860 稍重
ℹ️ [スキップ/エラーではありません] 平均タイムの該当データなし（サンプル不足）: 小倉 障害 未勝利 2860 良
ℹ️ [スキップ/エラーではありません] 平均タイムの該当データなし（サンプル不足）: 福島 障害 未勝利 2770 良
ℹ️ [スキップ/エラーではありません] 平均タイムの該当データなし（サンプル不足）: 小倉 障害 未勝利 2860 良
ℹ️ [スキップ/エラーではありません] 平均タイムの該当データなし（サンプル不足）: 阪神 障害 未勝利 2970 良
ℹ️ [スキップ/エラーではありません] 平均タイムの該当データなし（サンプル不足）: 中山 障害 未勝利 2880 良
ℹ️ [スキップ/エラーではありません] 平均タイムの該当データなし（サンプル不足）: 阪神 障害 未勝利 2970 良
ℹ️ [スキップ/エラーではありません] 平均タイムの該当データなし（サンプル不足）: 阪神 障害 未勝利 2970 良
ℹ️ [スキップ/エラーではありません] 平均タイムの該当データなし（サンプル不足）: 小倉 障害 未勝利 2860 良
ℹ️ [スキップ/エラーではありません] 平均タイムの該当データなし（サンプル不足）: 中京 障害 未勝利 3000 良
ℹ️ [スキップ/エラーではありません] 平均タイムの該当データなし（サンプル不足）: 新潟 障害 未勝利 2850 良
ℹ️ [スキップ/エラーではありません] 平均タイムの該当データなし（サンプル不足）: 中山 障害 未勝利 2880 良
ℹ️ [スキップ/エラーではありません] 平均タイムの該当データなし（サンプル不足）: 阪神 障害 未勝利 2970 稍重
ℹ️ [スキップ/エラーではありません] 平均タイムの該当データなし（サンプル不足）: 小倉 障害 未勝利 2860 稍重
ℹ️ [スキップ/エラーではありません] 平均タイムの該当データなし（サンプル不足）: 阪神 障害 オープン 3140 良
ℹ️ [スキップ/エラーではありません] 平均タイムの該当データなし（サンプル不足）: 小倉 障害 オープン 3390 良
ℹ️ [スキップ/エラーではありません] 平均タイムの該当データなし（サンプル不足）: 福島 障害 未勝利 2770 良
ℹ️ [スキップ/エラーではありません] 平均タイムの該当データなし（サンプル不足）: 新潟 障害 未勝利 2850 良
ℹ️ [スキップ/エラーではありません] 平均タイムの該当データなし（サンプル不足）: 中京 障害 未勝利 3000 良
ℹ️ [スキップ/エラーではありません] 平均タイムの該当データなし（サンプル不足）: 小倉 障害 オープン 3390 良
ℹ️ [スキップ/エラーではありません] 平均タイムの該当データなし（サンプル不足）: 福島 障害 オープン 3380 良
ℹ️ [スキップ/エラーではありません] 平均タイムの該当データなし（サンプル不足）: 新潟 障害 未勝利 2850 良
ℹ️ [スキップ/エラーではありません] 平均タイムの該当データなし（サンプル不足）: 福島 障害 未勝利 2770 良
ℹ️ [スキップ/エラーではありません] 平均タイムの該当データなし（サンプル不足）: 小倉 障害 未勝利 2860 良
ℹ️ [スキップ/エラーではありません] 平均タイムの該当データなし（サンプル不足）: 阪神 障害 オープン 3140 良
ℹ️ [スキップ/エラーではありません] 平均タイムの該当データなし（サンプル不足）: 小倉 障害 未勝利 2860 良
ℹ️ [スキップ/エラーではありません] 平均タイムの該当データなし（サンプル不足）: 阪神 障害 未勝利 2970 良
ℹ️ [スキップ/エラーではありません] 平均タイムの該当データなし（サンプル不足）: 小倉 障害 未勝利 2860 良
ℹ️ [スキップ/エラーではありません] 平均タイムの該当データなし（サンプル不足）: 中山 障害 未勝利 2880 良
ℹ️ [スキップ/エラーではありません] 平均タイムの該当データなし（サンプル不足）: 中京 障害 未勝利 3000 稍重
ℹ️ [スキップ/エラーではありません] 平均タイムの該当データなし（サンプル不足）: 福島 障害 未勝利 2750 良
ℹ️ [スキップ/エラーではありません] 平均タイムの該当データなし（サンプル不足）: 中山 障害 オープン 3200 良
ℹ️ [スキップ/エラーではありません] 平均タイムの該当データなし（サンプル不足）: 福島 障害 オープン 3380 良
ℹ️ [スキップ/エラーではありません] 平均タイムの該当データなし（サンプル不足）: 中京 障害 未勝利 3000 良
ℹ️ [スキップ/エラーではありません] 平均タイムの該当データなし（サンプル不足）: 中京 障害 未勝利 3000 良
ℹ️ [スキップ/エラーではありません] 平均タイムの該当データなし（サンプル不足）: 小倉 障害 オープン 2860 良
ℹ️ [スキップ/エラーではありません] 平均タイムの該当データなし（サンプル不足）: 中京 障害 未勝利 3000 良
ℹ️ [スキップ/エラーではありません] 平均タイムの該当データなし（サンプル不足）: 京都 障害 未勝利 2910 良
ℹ️ [スキップ/エラーではありません] 平均タイムの該当データなし（サンプル不足）: 新潟 障害 未勝利 2850 良
ℹ️ [スキップ/エラーではありません] 平均タイムの該当データなし（サンプル不足）: 中山 障害 未勝利 2880 良
ℹ️ [スキップ/エラーではありません] 平均タイムの該当データなし（サンプル不足）: 小倉 障害 オープン 2860 良
ℹ️ [スキップ/エラーではありません] 平均タイムの該当データなし（サンプル不足）: 新潟 障害 未勝利 2850 良
ℹ️ [スキップ/エラーではありません] 平均タイムの該当データなし（サンプル不足）: 新潟 障害 未勝利 2850 良
ℹ️ [スキップ/エラーではありません] 平均タイムの該当データなし（サンプル不足）: 中京 障害 未勝利 3000 良
ℹ️ [スキップ/エラーではありません] 平均タイムの該当データなし（サンプル不足）: 小倉 障害 オープン 3390 良
ℹ️ [スキップ/エラーではありません] 平均タイムの該当データなし（サンプル不足）: 新潟 障害 オープン 2850 良
ℹ️ [スキップ/エラーではありません] 平均タイムの該当データなし（サンプル不足）: 福島 障害 オープン 2750 良
ℹ️ [スキップ/エラーではありません] 平均タイムの該当データなし（サンプル不足）: 中山 障害 未勝利 2880 稍重
ℹ️ [スキップ/エラーではありません] 平均タイムの該当データなし（サンプル不足）: 中山 障害 未勝利 2880 良
ℹ️ [スキップ/エラーではありません] 平均タイムの該当データなし（サンプル不足）: 小倉 障害 未勝利 2860 稍重
ℹ️ [スキップ/エラーではありません] 平均タイムの該当データなし（サンプル不足）: 福島 障害 未勝利 2750 重
ℹ️ [スキップ/エラーではありません] 平均タイムの該当データなし（サンプル不足）: 中山 障害 未勝利 2880 良
ℹ️ [スキップ/エラーではありません] 平均タイムの該当データなし（サンプル不足）: 新潟 障害 未勝利 2850 良
ℹ️ [スキップ/エラーではありません] 平均タイムの該当データなし（サンプル不足）: 福島 障害 未勝利 2770 良
ℹ️ [スキップ/エラーではありません] 平均タイムの該当データなし（サンプル不足）: 福島 障害 未勝利 2770 良
ℹ️ [スキップ/エラーではありません] 平均タイムの該当データなし（サンプル不足）: 中山 障害 オープン 3200 良
ℹ️ [スキップ/エラーではありません] 平均タイムの該当データなし（サンプル不足）: 新潟 障害 未勝利 2850 良
ℹ️ [スキップ/エラーではありません] 平均タイムの該当データなし（サンプル不足）: 京都 障害 未勝利 2910 良
ℹ️ [スキップ/エラーではありません] 平均タイムの該当データなし（サンプル不足）: 新潟 障害 未勝利 2890 良
ℹ️ [スキップ/エラーではありません] 平均タイムの該当データなし（サンプル不足）: 阪神 障害 未勝利 2970 良
ℹ️ [スキップ/エラーではありません] 平均タイムの該当データなし（サンプル不足）: 小倉 障害 オープン 3390 良
ℹ️ [スキップ/エラーではありません] 平均タイムの該当データなし（サンプル不足）: 小倉 障害 未勝利 2860 良
ℹ️ [スキップ/エラーではありません] 平均タイムの該当データなし（サンプル不足）: 福島 障害 未勝利 2770 良
ℹ️ [スキップ/エラーではありません] 平均タイムの該当データなし（サンプル不足）: 東京 ダート 1勝クラス 1300 不
ℹ️ [スキップ/エラーではありません] 平均タイムの該当データなし（サンプル不足）: 中山 ダート 1勝クラス 1200 不
ℹ️ [スキップ/エラーではありません] 平均タイムの該当データなし（サンプル不足）: 中山 ダート 1勝クラス 2400 不
ℹ️ [スキップ/エラーではありません] 平均タイムの該当データなし（サンプル不足）: 福島 ダート 3勝クラス 1150 不
ℹ️ [スキップ/エラーではありません] 平均タイムの該当データなし（サンプル不足）: 小倉 芝 3勝クラス 1200 不
ℹ️ [スキップ/エラーではありません] 平均タイムの該当データなし（サンプル不足）: 阪神 ダート 1勝クラス 1200 不
ℹ️ [スキップ/エラーではありません] 平均タイムの該当データなし（サンプル不足）: 中山 ダート 未勝利 1800 不
ℹ️ [スキップ/エラーではありません] 平均タイムの該当データなし（サンプル不足）: 小倉 ダート 未勝利 1700 不
ℹ️ [スキップ/エラーではありません] 平均タイムの該当データなし（サンプル不足）: 中山 ダート 未勝利 1800 不
ℹ️ [スキップ/エラーではありません] 平均タイムの該当データなし（サンプル不足）: 中山 ダート 未勝利 1800 不
ℹ️ [スキップ/エラーではありません] 平均タイムの該当データなし（サンプル不足）: 東京 ダート 未勝利 1400 不
ℹ️ [スキップ/エラーではありません] 平均タイムの該当データなし（サンプル不足）: 中山 ダート 1勝クラス 1200 不
ℹ️ [スキップ/エラーではありません] 平均タイムの該当データなし（サンプル不足）: 中山 芝 2勝クラス 1600 不
ℹ️ [スキップ/エラーではありません] 平均タイムの該当データなし（サンプル不足）: 中京 ダート 未勝利 1800 不
ℹ️ [スキップ/エラーではありません] 平均タイムの該当データなし（サンプル不足）: 新潟 芝 オープン 2000 不
ℹ️ [スキップ/エラーではありません] 平均タイムの該当データなし（サンプル不足）: 中山 ダート 2勝クラス 1200 不
ℹ️ [スキップ/エラーではありません] 平均タイムの該当データなし（サンプル不足）: 中山 ダート 2勝クラス 1200 不
ℹ️ [スキップ/エラーではありません] 平均タイムの該当データなし（サンプル不足）: 小倉 ダート 未勝利 1700 不
ℹ️ [スキップ/エラーではありません] 平均タイムの該当データなし（サンプル不足）: 小倉 ダート 未勝利 1700 不
ℹ️ [スキップ/エラーではありません] 平均タイムの該当データなし（サンプル不足）: 中京 ダート 新馬 1400 不
ℹ️ [スキップ/エラーではありません] 平均タイムの該当データなし（サンプル不足）: 中京 ダート 新馬 1400 不
ℹ️ [スキップ/エラーではありません] 平均タイムの該当データなし（サンプル不足）: 中京 芝 1勝クラス 2000 不
ℹ️ [スキップ/エラーではありません] 平均タイムの該当データなし（サンプル不足）: 小倉 芝 1勝クラス 1800 不
ℹ️ [スキップ/エラーではありません] 平均タイムの該当データなし（サンプル不足）: 京都 ダート 1勝クラス 1800 不
ℹ️ [スキップ/エラーではありません] 平均タイムの該当データなし（サンプル不足）: 小倉 芝 1勝クラス 1800 不
ℹ️ [スキップ/エラーではありません] 平均タイムの該当データなし（サンプル不足）: 京都 ダート 1勝クラス 1800 不
出馬表再生成: 20250511
ℹ️ [スキップ/エラーではありません] 指定日に開催なし: 20250511 01_sapporo
ℹ️ [スキップ/エラーではありません] 指定日に開催なし: 20250511 02_hakodate
ℹ️ [スキップ/エラーではありません] 指定日に開催なし: 20250511 03_fukushima
ℹ️ [スキップ/エラーではありません] 指定日に開催なし: 20250511 06_nakayama
ℹ️ [スキップ/エラーではありません] 指定日に開催なし: 20250511 07_chukyo
ℹ️ [スキップ/エラーではありません] 指定日に開催なし: 20250511 09_hanshin
ℹ️ [スキップ/エラーではありません] 指定日に開催なし: 20250511 10_kokura
ℹ️ [スキップ/エラーではありません] 平均タイムの該当データなし（サンプル不足）: 中山 ダート 未勝利 1800 不
ℹ️ [スキップ/エラーではありません] 平均タイムの該当データなし（サンプル不足）: 中山 障害 未勝利 2880 良
ℹ️ [スキップ/エラーではありません] 平均タイムの該当データなし（サンプル不足）: 阪神 障害 未勝利 2970 稍重
ℹ️ [スキップ/エラーではありません] 平均タイムの該当データなし（サンプル不足）: 小倉 障害 未勝利 2860 良
ℹ️ [スキップ/エラーではありません] 平均タイムの該当データなし（サンプル不足）: 新潟 障害 未勝利 2850 良
ℹ️ [スキップ/エラーではありません] 平均タイムの該当データなし（サンプル不足）: 東京 障害 未勝利 3000 稍重
ℹ️ [スキップ/エラーではありません] 平均タイムの該当データなし（サンプル不足）: 新潟 障害 未勝利 2890 良
ℹ️ [スキップ/エラーではありません] 平均タイムの該当データなし（サンプル不足）: 小倉 障害 未勝利 2860 良
ℹ️ [スキップ/エラーではありません] 平均タイムの該当データなし（サンプル不足）: 中山 障害 未勝利 2880 良
ℹ️ [スキップ/エラーではありません] 平均タイムの該当データなし（サンプル不足）: 小倉 障害 未勝利 2860 稍重
ℹ️ [スキップ/エラーではありません] 平均タイムの該当データなし（サンプル不足）: 小倉 障害 未勝利 2860 良
ℹ️ [スキップ/エラーではありません] 平均タイムの該当データなし（サンプル不足）: 中山 障害 未勝利 2880 稍重
ℹ️ [スキップ/エラーではありません] 平均タイムの該当データなし（サンプル不足）: 小倉 障害 未勝利 2860 稍重
ℹ️ [スキップ/エラーではありません] 平均タイムの該当データなし（サンプル不足）: 中山 障害 未勝利 2880 良
ℹ️ [スキップ/エラーではありません] 平均タイムの該当データなし（サンプル不足）: 新潟 障害 未勝利 2890 良
ℹ️ [スキップ/エラーではありません] 平均タイムの該当データなし（サンプル不足）: 福島 障害 未勝利 2750 良
ℹ️ [スキップ/エラーではありません] 平均タイムの該当データなし（サンプル不足）: 阪神 障害 未勝利 2970 稍重
ℹ️ [スキップ/エラーではありません] 平均タイムの該当データなし（サンプル不足）: 中京 障害 未勝利 3000 良
ℹ️ [スキップ/エラーではありません] 平均タイムの該当データなし（サンプル不足）: 小倉 障害 未勝利 2860 良
ℹ️ [スキップ/エラーではありません] 平均タイムの該当データなし（サンプル不足）: 中山 障害 未勝利 2880 良
ℹ️ [スキップ/エラーではありません] 平均タイムの該当データなし（サンプル不足）: 福島 障害 未勝利 2770 良
ℹ️ [スキップ/エラーではありません] 平均タイムの該当データなし（サンプル不足）: 福島 障害 未勝利 2750 良
ℹ️ [スキップ/エラーではありません] 平均タイムの該当データなし（サンプル不足）: 福島 障害 未勝利 2750 良
ℹ️ [スキップ/エラーではありません] 平均タイムの該当データなし（サンプル不足）: 福島 ダート 未勝利 1150 不
ℹ️ [スキップ/エラーではありません] 平均タイムの該当データなし（サンプル不足）: 京都 ダート 新馬 1800 不
ℹ️ [スキップ/エラーではありません] 平均タイムの該当データなし（サンプル不足）: 京都 芝 オープン 1400 不
ℹ️ [スキップ/エラーではありません] 平均タイムの該当データなし（サンプル不足）: 京都 芝 オープン 1400 不
ℹ️ [スキップ/エラーではありません] 平均タイムの該当データなし（サンプル不足）: 小倉 ダート 1勝クラス 1700 不
ℹ️ [スキップ/エラーではありません] 平均タイムの該当データなし（サンプル不足）: 中京 ダート 2勝クラス 1400 不
ℹ️ [スキップ/エラーではありません] 平均タイムの該当データなし（サンプル不足）: 中京 芝 オープン 3000 稍重
ℹ️ [スキップ/エラーではありません] 平均タイムの該当データなし（サンプル不足）: 中山 ダート 未勝利 1800 不
ℹ️ [スキップ/エラーではありません] 平均タイムの該当データなし（サンプル不足）: 中山 ダート 1勝クラス 1200 不
ℹ️ [スキップ/エラーではありません] 平均タイムの該当データなし（サンプル不足）: 京都 芝 オープン 1400 不
ℹ️ [スキップ/エラーではありません] 平均タイムの該当データなし（サンプル不足）: 中山 ダート 3勝クラス 1800 不
ℹ️ [スキップ/エラーではありません] 平均タイムの該当データなし（サンプル不足）: 京都 ダート 新馬 1400 不
ℹ️ [スキップ/エラーではありません] 平均タイムの該当データなし（サンプル不足）: 京都 ダート 未勝利 1200 不
ℹ️ [スキップ/エラーではありません] 平均タイムの該当データなし（サンプル不足）: 中京 芝 オープン 3000 稍重
ℹ️ [スキップ/エラーではありません] 平均タイムの該当データなし（サンプル不足）: 中京 芝 オープン 3000 稍重
ℹ️ [スキップ/エラーではありません] 平均タイムの該当データなし（サンプル不足）: 中京 芝 オープン 3000 稍重
ℹ️ [スキップ/エラーではありません] 平均タイムの該当データなし（サンプル不足）: 京都 芝 オープン 1400 不
ℹ️ [スキップ/エラーではありません] 平均タイムの該当データなし（サンプル不足）: 中京 芝 オープン 3000 稍重
ℹ️ [スキップ/エラーではありません] 平均タイムの該当データなし（サンプル不足）: 中山 ダート 2勝クラス 1200 不
ℹ️ [スキップ/エラーではありません] 平均タイムの該当データなし（サンプル不足）: 京都 ダート 2勝クラス 1800 不
ℹ️ [スキップ/エラーではありません] 平均タイムの該当データなし（サンプル不足）: 中京 ダート 2勝クラス 1400 不
出馬表再生成: 20250628
ℹ️ [スキップ/エラーではありません] 指定日に開催なし: 20250628 01_sapporo
ℹ️ [スキップ/エラーではありません] 指定日に開催なし: 20250628 04_nigata
ℹ️ [スキップ/エラーではありません] 指定日に開催なし: 20250628 05_tokyo
ℹ️ [スキップ/エラーではありません] 指定日に開催なし: 20250628 06_nakayama
ℹ️ [スキップ/エラーではありません] 指定日に開催なし: 20250628 07_chukyo
ℹ️ [スキップ/エラーではありません] 指定日に開催なし: 20250628 08_kyoto
ℹ️ [スキップ/エラーではありません] 指定日に開催なし: 20250628 09_hanshin
ℹ️ [スキップ/エラーではありません] 平均タイムの該当データなし（サンプル不足）: 京都 ダート 未勝利 1900 不
ℹ️ [スキップ/エラーではありません] 平均タイムの該当データなし（サンプル不足）: 京都 ダート 未勝利 1800 不
ℹ️ [スキップ/エラーではありません] 平均タイムの該当データなし（サンプル不足）: 中山 ダート 未勝利 1800 不
ℹ️ [スキップ/エラーではありません] 平均タイムの該当データなし（サンプル不足）: 京都 ダート 未勝利 1800 不
ℹ️ [スキップ/エラーではありません] 平均タイムの該当データなし（サンプル不足）: 中山 ダート 未勝利 1800 不
ℹ️ [スキップ/エラーではありません] 平均タイムの該当データなし（サンプル不足）: 中山 ダート 未勝利 1800 不
ℹ️ [スキップ/エラーではありません] 平均タイムの該当データなし（サンプル不足）: 中山 ダート 未勝利 1200 不
ℹ️ [スキップ/エラーではありません] 平均タイムの該当データなし（サンプル不足）: 京都 ダート 未勝利 1900 不
ℹ️ [スキップ/エラーではありません] 平均タイムの該当データなし（サンプル不足）: 京都 芝 未勝利 1600 不
ℹ️ [スキップ/エラーではありません] 平均タイムの該当データなし（サンプル不足）: 札幌 ダート 未勝利 1700 不
ℹ️ [スキップ/エラーではありません] 平均タイムの該当データなし（サンプル不足）: 小倉 ダート 1勝クラス 1000 不
ℹ️ [スキップ/エラーではありません] 平均タイムの該当データなし（サンプル不足）: 小倉 ダート 1勝クラス 1000 不
ℹ️ [スキップ/エラーではありません] 平均タイムの該当データなし（サンプル不足）: 札幌 ダート 未勝利 1000 不
ℹ️ [スキップ/エラーではありません] 平均タイムの該当データなし（サンプル不足）: 中京 芝 3勝クラス 1200 不
ℹ️ [スキップ/エラーではありません] 平均タイムの該当データなし（サンプル不足）: 東京 ダート 1勝クラス 1600 不
ℹ️ [スキップ/エラーではありません] 平均タイムの該当データなし（サンプル不足）: 東京 ダート 1勝クラス 1600 不
ℹ️ [スキップ/エラーではありません] 平均タイムの該当データなし（サンプル不足）: 京都 ダート 未勝利 1200 不
ℹ️ [スキップ/エラーではありません] 平均タイムの該当データなし（サンプル不足）: 東京 ダート 未勝利 1400 不
ℹ️ [スキップ/エラーではありません] 平均タイムの該当データなし（サンプル不足）: 東京 ダート 未勝利 1600 不
ℹ️ [スキップ/エラーではありません] 平均タイムの該当データなし（サンプル不足）: 東京 ダート 未勝利 2100 不
ℹ️ [スキップ/エラーではありません] 平均タイムの該当データなし（サンプル不足）: 東京 ダート 未勝利 1600 不
ℹ️ [スキップ/エラーではありません] 平均タイムの該当データなし（サンプル不足）: 中山 ダート 未勝利 1800 不
ℹ️ [スキップ/エラーではありません] 平均タイムの該当データなし（サンプル不足）: 福島 ダート 未勝利 1150 不
ℹ️ [スキップ/エラーではありません] 平均タイムの該当データなし（サンプル不足）: 東京 ダート 未勝利 1400 不
ℹ️ [スキップ/エラーではありません] 平均タイムの該当データなし（サンプル不足）: 東京 ダート 2勝クラス 2100 不
ℹ️ [スキップ/エラーではありません] 平均タイムの該当データなし（サンプル不足）: 東京 ダート 1勝クラス 1600 不
ℹ️ [スキップ/エラーではありません] 平均タイムの該当データなし（サンプル不足）: 東京 ダート 1勝クラス 1400 不
ℹ️ [スキップ/エラーではありません] 平均タイムの該当データなし（サンプル不足）: 東京 ダート 1勝クラス 1600 不
ℹ️ [スキップ/エラーではありません] 平均タイムの該当データなし（サンプル不足）: 中山 ダート 1勝クラス 2400 不
ℹ️ [スキップ/エラーではありません] 平均タイムの該当データなし（サンプル不足）: 京都 障害 未勝利 2910 良
ℹ️ [スキップ/エラーではありません] 平均タイムの該当データなし（サンプル不足）: 新潟 障害 未勝利 2850 良
ℹ️ [スキップ/エラーではありません] 平均タイムの該当データなし（サンプル不足）: 新潟 障害 未勝利 2850 稍重
ℹ️ [スキップ/エラーではありません] 平均タイムの該当データなし（サンプル不足）: 中山 障害 未勝利 2880 良
ℹ️ [スキップ/エラーではありません] 平均タイムの該当データなし（サンプル不足）: 中山 障害 未勝利 2880 良
ℹ️ [スキップ/エラーではありません] 平均タイムの該当データなし（サンプル不足）: 阪神 障害 未勝利 2970 稍重
ℹ️ [スキップ/エラーではありません] 平均タイムの該当データなし（サンプル不足）: 新潟 障害 未勝利 2890 稍重
ℹ️ [スキップ/エラーではありません] 平均タイムの該当データなし（サンプル不足）: 新潟 障害 未勝利 2890 稍重
ℹ️ [スキップ/エラーではありません] 平均タイムの該当データなし（サンプル不足）: 新潟 障害 未勝利 2890 良
ℹ️ [スキップ/エラーではありません] 平均タイムの該当データなし（サンプル不足）: 小倉 障害 未勝利 2860 良
ℹ️ [スキップ/エラーではありません] 平均タイムの該当データなし（サンプル不足）: 小倉 障害 未勝利 2860 良
ℹ️ [スキップ/エラーではありません] 平均タイムの該当データなし（サンプル不足）: 中京 障害 未勝利 3000 良
ℹ️ [スキップ/エラーではありません] 平均タイムの該当データなし（サンプル不足）: 新潟 障害 未勝利 2890 稍重
ℹ️ [スキップ/エラーではありません] 平均タイムの該当データなし（サンプル不足）: 中山 障害 未勝利 2880 良
ℹ️ [スキップ/エラーではありません] 平均タイムの該当データなし（サンプル不足）: 小倉 障害 未勝利 2860 良
ℹ️ [スキップ/エラーではありません] 平均タイムの該当データなし（サンプル不足）: 小倉 障害 未勝利 2860 良
ℹ️ [スキップ/エラーではありません] 平均タイムの該当データなし（サンプル不足）: 中山 障害 未勝利 2880 良
ℹ️ [スキップ/エラーではありません] 平均タイムの該当データなし（サンプル不足）: 福島 障害 未勝利 2750 良
ℹ️ [スキップ/エラーではありません] 平均タイムの該当データなし（サンプル不足）: 新潟 障害 未勝利 2890 良
ℹ️ [スキップ/エラーではありません] 平均タイムの該当データなし（サンプル不足）: 中山 障害 未勝利 2880 良
ℹ️ [スキップ/エラーではありません] 平均タイムの該当データなし（サンプル不足）: 中京 芝 オープン 3000 稍重
ℹ️ [スキップ/エラーではありません] 平均タイムの該当データなし（サンプル不足）: 阪神 障害 未勝利 2970 良
ℹ️ [スキップ/エラーではありません] 平均タイムの該当データなし（サンプル不足）: 中山 障害 未勝利 2880 稍重
ℹ️ [スキップ/エラーではありません] 平均タイムの該当データなし（サンプル不足）: 福島 障害 未勝利 2770 良
ℹ️ [スキップ/エラーではありません] 平均タイムの該当データなし（サンプル不足）: 東京 障害 未勝利 3000 稍重
ℹ️ [スキップ/エラーではありません] 平均タイムの該当データなし（サンプル不足）: 京都 障害 未勝利 2910 良
ℹ️ [スキップ/エラーではありません] 平均タイムの該当データなし（サンプル不足）: 京都 ダート 未勝利 1800 不
ℹ️ [スキップ/エラーではありません] 平均タイムの該当データなし（サンプル不足）: 京都 ダート 未勝利 1400 不
ℹ️ [スキップ/エラーではありません] 平均タイムの該当データなし（サンプル不足）: 京都 芝 未勝利 2400 不
ℹ️ [スキップ/エラーではありません] 平均タイムの該当データなし（サンプル不足）: 京都 ダート 未勝利 1800 不
ℹ️ [スキップ/エラーではありません] 平均タイムの該当データなし（サンプル不足）: 京都 ダート 未勝利 1800 不
ℹ️ [スキップ/エラーではありません] 平均タイムの該当データなし（サンプル不足）: 中京 ダート 未勝利 1800 不
ℹ️ [スキップ/エラーではありません] レースカード未生成: race_day=20250628, target_id=202510020110
ℹ️ [スキップ/エラーではありません] 平均タイムの該当データなし（サンプル不足）: 京都 ダート 3勝クラス 1800 不
ℹ️ [スキップ/エラーではありません] 平均タイムの該当データなし（サンプル不足）: 京都 ダート 3勝クラス 1800 不
ℹ️ [スキップ/エラーではありません] 平均タイムの該当データなし（サンプル不足）: 小倉 ダート 2勝クラス 1700 不
ℹ️ [スキップ/エラーではありません] 平均タイムの該当データなし（サンプル不足）: 京都 ダート 3勝クラス 1800 不
ℹ️ [スキップ/エラーではありません] 平均タイムの該当データなし（サンプル不足）: 京都 ダート 3勝クラス 1800 不
ℹ️ [スキップ/エラーではありません] 平均タイムの該当データなし（サンプル不足）: 京都 ダート 3勝クラス 1800 不
ℹ️ [スキップ/エラーではありません] 平均タイムの該当データなし（サンプル不足）: 新潟 障害 未勝利 2890 稍重
ℹ️ [スキップ/エラーではありません] 平均タイムの該当データなし（サンプル不足）: 小倉 ダート 未勝利 1700 不
出馬表再生成: 20250719
ℹ️ [スキップ/エラーではありません] 指定日に開催なし: 20250719 01_sapporo
ℹ️ [スキップ/エラーではありません] 指定日に開催なし: 20250719 04_nigata
ℹ️ [スキップ/エラーではありません] 指定日に開催なし: 20250719 05_tokyo
ℹ️ [スキップ/エラーではありません] 指定日に開催なし: 20250719 06_nakayama
ℹ️ [スキップ/エラーではありません] 指定日に開催なし: 20250719 07_chukyo
ℹ️ [スキップ/エラーではありません] 指定日に開催なし: 20250719 08_kyoto
ℹ️ [スキップ/エラーではありません] 指定日に開催なし: 20250719 09_hanshin
ℹ️ [スキップ/エラーではありません] 平均タイムの該当データなし（サンプル不足）: 函館 ダート 未勝利 1000 不
ℹ️ [スキップ/エラーではありません] 平均タイムの該当データなし（サンプル不足）: 京都 ダート 未勝利 1200 不
ℹ️ [スキップ/エラーではありません] 平均タイムの該当データなし（サンプル不足）: 東京 ダート 未勝利 1400 不
ℹ️ [スキップ/エラーではありません] 平均タイムの該当データなし（サンプル不足）: 中山 ダート 未勝利 1800 不
ℹ️ [スキップ/エラーではありません] 平均タイムの該当データなし（サンプル不足）: 京都 ダート 未勝利 1900 不
ℹ️ [スキップ/エラーではありません] 平均タイムの該当データなし（サンプル不足）: 京都 芝 未勝利 2400 不
ℹ️ [スキップ/エラーではありません] 平均タイムの該当データなし（サンプル不足）: 京都 ダート 未勝利 1800 不
ℹ️ [スキップ/エラーではありません] 平均タイムの該当データなし（サンプル不足）: 東京 ダート 未勝利 1400 不
ℹ️ [スキップ/エラーではありません] 平均タイムの該当データなし（サンプル不足）: 東京 ダート 1勝クラス 1600 不
ℹ️ [スキップ/エラーではありません] 平均タイムの該当データなし（サンプル不足）: 中京 ダート 1勝クラス 1800 不
ℹ️ [スキップ/エラーではありません] 平均タイムの該当データなし（サンプル不足）: 札幌 ダート オープン 1700 不
ℹ️ [スキップ/エラーではありません] 平均タイムの該当データなし（サンプル不足）: 東京 ダート オープン 1600 不
ℹ️ [スキップ/エラーではありません] 平均タイムの該当データなし（サンプル不足）: 東京 ダート オープン 1600 不
ℹ️ [スキップ/エラーではありません] 平均タイムの該当データなし（サンプル不足）: 東京 ダート オープン 1600 不
ℹ️ [スキップ/エラーではありません] 平均タイムの該当データなし（サンプル不足）: 阪神 障害 オープン 3110 良
ℹ️ [スキップ/エラーではありません] 平均タイムの該当データなし（サンプル不足）: 新潟 障害 オープン 2890 良
ℹ️ [スキップ/エラーではありません] 平均タイムの該当データなし（サンプル不足）: 阪神 障害 オープン 3140 良
ℹ️ [スキップ/エラーではありません] 平均タイムの該当データなし（サンプル不足）: 中山 障害 オープン 3200 良
ℹ️ [スキップ/エラーではありません] 平均タイムの該当データなし（サンプル不足）: 中山 障害 オープン 3570 良
ℹ️ [スキップ/エラーではありません] 平均タイムの該当データなし（サンプル不足）: 中山 障害 オープン 3570 良
ℹ️ [スキップ/エラーではありません] 平均タイムの該当データなし（サンプル不足）: 新潟 障害 オープン 2850 良
ℹ️ [スキップ/エラーではありません] 平均タイムの該当データなし（サンプル不足）: 新潟 障害 オープン 2850 良
ℹ️ [スキップ/エラーではありません] 平均タイムの該当データなし（サンプル不足）: 新潟 障害 未勝利 2890 良
ℹ️ [スキップ/エラーではありません] 平均タイムの該当データなし（サンプル不足）: 阪神 障害 オープン 3110 良
ℹ️ [スキップ/エラーではありません] 平均タイムの該当データなし（サンプル不足）: 中山 障害 未勝利 2880 良
ℹ️ [スキップ/エラーではありません] 平均タイムの該当データなし（サンプル不足）: 小倉 障害 未勝利 2860 稍重
ℹ️ [スキップ/エラーではありません] 平均タイムの該当データなし（サンプル不足）: 新潟 障害 オープン 3290 良
ℹ️ [スキップ/エラーではありません] 平均タイムの該当データなし（サンプル不足）: 京都 障害 オープン 3170 良
ℹ️ [スキップ/エラーではありません] 平均タイムの該当データなし（サンプル不足）: 中京 障害 オープン 3300 良
ℹ️ [スキップ/エラーではありません] 平均タイムの該当データなし（サンプル不足）: 福島 障害 オープン 3380 良
ℹ️ [スキップ/エラーではありません] 平均タイムの該当データなし（サンプル不足）: 新潟 障害 オープン 3250 良
ℹ️ [スキップ/エラーではありません] 平均タイムの該当データなし（サンプル不足）: 小倉 障害 未勝利 2860 良
ℹ️ [スキップ/エラーではありません] 平均タイムの該当データなし（サンプル不足）: 新潟 障害 未勝利 2890 稍重
ℹ️ [スキップ/エラーではありません] 平均タイムの該当データなし（サンプル不足）: 新潟 障害 未勝利 2890 良
ℹ️ [スキップ/エラーではありません] 平均タイムの該当データなし（サンプル不足）: 小倉 障害 未勝利 2860 良
ℹ️ [スキップ/エラーではありません] 平均タイムの該当データなし（サンプル不足）: 小倉 障害 未勝利 2860 良
ℹ️ [スキップ/エラーではありません] 平均タイムの該当データなし（サンプル不足）: 新潟 障害 オープン 2890 稍重
ℹ️ [スキップ/エラーではありません] 平均タイムの該当データなし（サンプル不足）: 阪神 障害 オープン 3140 良
ℹ️ [スキップ/エラーではありません] 平均タイムの該当データなし（サンプル不足）: 小倉 障害 オープン 3390 良
ℹ️ [スキップ/エラーではありません] 平均タイムの該当データなし（サンプル不足）: 福島 障害 未勝利 2770 良
ℹ️ [スキップ/エラーではありません] 平均タイムの該当データなし（サンプル不足）: 新潟 障害 未勝利 2850 良
ℹ️ [スキップ/エラーではありません] 平均タイムの該当データなし（サンプル不足）: 中山 障害 オープン 3350 良
ℹ️ [スキップ/エラーではありません] 平均タイムの該当データなし（サンプル不足）: 小倉 障害 未勝利 2860 良
ℹ️ [スキップ/エラーではありません] 平均タイムの該当データなし（サンプル不足）: 小倉 障害 未勝利 2860 良
ℹ️ [スキップ/エラーではありません] 平均タイムの該当データなし（サンプル不足）: 新潟 障害 オープン 2890 稍重
ℹ️ [スキップ/エラーではありません] 平均タイムの該当データなし（サンプル不足）: 阪神 障害 オープン 3140 良
ℹ️ [スキップ/エラーではありません] 平均タイムの該当データなし（サンプル不足）: 小倉 障害 未勝利 2860 良
ℹ️ [スキップ/エラーではありません] 平均タイムの該当データなし（サンプル不足）: 中山 ダート 未勝利 1800 不
ℹ️ [スキップ/エラーではありません] 平均タイムの該当データなし（サンプル不足）: 東京 ダート 1勝クラス 1600 不
ℹ️ [スキップ/エラーではありません] 平均タイムの該当データなし（サンプル不足）: 東京 ダート 1勝クラス 1600 不
ℹ️ [スキップ/エラーではありません] 平均タイムの該当データなし（サンプル不足）: 東京 ダート 1勝クラス 1400 不
ℹ️ [スキップ/エラーではありません] 平均タイムの該当データなし（サンプル不足）: 東京 ダート 未勝利 1400 不
❌ [要確認/エラー] 不明な開催場名: 
ℹ️ [スキップ/エラーではありません] 平均タイムの該当データなし（サンプル不足）: 東京 ダート 未勝利 1600 不
ℹ️ [スキップ/エラーではありません] 平均タイムの該当データなし（サンプル不足）: 中山 ダート 2勝クラス 1200 不
ℹ️ [スキップ/エラーではありません] 平均タイムの該当データなし（サンプル不足）: 中山 ダート 1勝クラス 1200 不
ℹ️ [スキップ/エラーではありません] 平均タイムの該当データなし（サンプル不足）: 中山 ダート 1勝クラス 1200 不
ℹ️ [スキップ/エラーではありません] 平均タイムの該当データなし（サンプル不足）: 小倉 障 未勝利 2860 稍重
ℹ️ [スキップ/エラーではありません] 平均タイムの該当データなし（サンプル不足）: 新潟 障 未勝利 2850 良
ℹ️ [スキップ/エラーではありません] 平均タイムの該当データなし（サンプル不足）: 中京 障 未勝利 3000 稍重
ℹ️ [スキップ/エラーではありません] 平均タイムの該当データなし（サンプル不足）: 東京 障 未勝利 3000 良
ℹ️ [スキップ/エラーではありません] 平均タイムの該当データなし（サンプル不足）: 新潟 障 未勝利 2890 良
ℹ️ [スキップ/エラーではありません] 平均タイムの該当データなし（サンプル不足）: 中山 ダート 未勝利 1200 不
ℹ️ [スキップ/エラーではありません] 平均タイムの該当データなし（サンプル不足）: 小倉 ダート 1勝クラス 1000 不
ℹ️ [スキップ/エラーではありません] 平均タイムの該当データなし（サンプル不足）: 京都 ダート 未勝利 1800 不
ℹ️ [スキップ/エラーではありません] 平均タイムの該当データなし（サンプル不足）: 京都 芝 未勝利 2400 不
ℹ️ [スキップ/エラーではありません] 平均タイムの該当データなし（サンプル不足）: 京都 ダート 未勝利 1400 不
ℹ️ [スキップ/エラーではありません] 平均タイムの該当データなし（サンプル不足）: 京都 ダート 未勝利 1800 不
ℹ️ [スキップ/エラーではありません] 平均タイムの該当データなし（サンプル不足）: 京都 ダート 未勝利 1400 不
ℹ️ [スキップ/エラーではありません] 平均タイムの該当データなし（サンプル不足）: 京都 芝 オープン 1400 不
ℹ️ [スキップ/エラーではありません] 平均タイムの該当データなし（サンプル不足）: 阪神 障害 未勝利 2970 良
ℹ️ [スキップ/エラーではありません] 平均タイムの該当データなし（サンプル不足）: 中山 障害 未勝利 2880 良
ℹ️ [スキップ/エラーではありません] 平均タイムの該当データなし（サンプル不足）: 小倉 障害 未勝利 2860 良
ℹ️ [スキップ/エラーではありません] 平均タイムの該当データなし（サンプル不足）: 小倉 障害 未勝利 2860 重
ℹ️ [スキップ/エラーではありません] 平均タイムの該当データなし（サンプル不足）: 福島 障害 未勝利 2750 良
ℹ️ [スキップ/エラーではありません] 平均タイムの該当データなし（サンプル不足）: 中京 ダート 未勝利 1800 不
ℹ️ [スキップ/エラーではありません] 平均タイムの該当データなし（サンプル不足）: 京都 ダート 2勝クラス 1200 不
ℹ️ [スキップ/エラーではありません] 平均タイムの該当データなし（サンプル不足）: 小倉 芝 3勝クラス 1200 不
ℹ️ [スキップ/エラーではありません] 平均タイムの該当データなし（サンプル不足）: 京都 芝 2勝クラス 1200 不
ℹ️ [スキップ/エラーではありません] 平均タイムの該当データなし（サンプル不足）: 京都 ダート 未勝利 1400 不
ℹ️ [スキップ/エラーではありません] 平均タイムの該当データなし（サンプル不足）: 東京 ダート 1勝クラス 1400 不
ℹ️ [スキップ/エラーではありません] 平均タイムの該当データなし（サンプル不足）: 中山 障害 未勝利 2880 良
ℹ️ [スキップ/エラーではありません] 平均タイムの該当データなし（サンプル不足）: 中山 障害 未勝利 2880 良
出馬表再生成: 20250913
ℹ️ [スキップ/エラーではありません] 指定日に開催なし: 20250913 01_sapporo
ℹ️ [スキップ/エラーではありません] 指定日に開催なし: 20250913 02_hakodate
ℹ️ [スキップ/エラーではありません] 指定日に開催なし: 20250913 03_fukushima
ℹ️ [スキップ/エラーではありません] 指定日に開催なし: 20250913 04_nigata
ℹ️ [スキップ/エラーではありません] 指定日に開催なし: 20250913 05_tokyo
ℹ️ [スキップ/エラーではありません] 指定日に開催なし: 20250913 07_chukyo
ℹ️ [スキップ/エラーではありません] 指定日に開催なし: 20250913 08_kyoto
ℹ️ [スキップ/エラーではありません] 指定日に開催なし: 20250913 10_kokura
ℹ️ [スキップ/エラーではありません] 平均タイムの該当データなし（サンプル不足）: 東京 ダート 未勝利 1400 不
ℹ️ [スキップ/エラーではありません] 平均タイムの該当データなし（サンプル不足）: 東京 ダート 未勝利 1300 不
ℹ️ [スキップ/エラーではありません] 平均タイムの該当データなし（サンプル不足）: 東京 ダート 未勝利 1600 不
ℹ️ [スキップ/エラーではありません] 平均タイムの該当データなし（サンプル不足）: 新潟 障害 オープン 3250 良
ℹ️ [スキップ/エラーではありません] 平均タイムの該当データなし（サンプル不足）: 福島 障害 オープン 3380 良
ℹ️ [スキップ/エラーではありません] 平均タイムの該当データなし（サンプル不足）: 新潟 障害 オープン 2890 稍重
ℹ️ [スキップ/エラーではありません] 平均タイムの該当データなし（サンプル不足）: 阪神 障害 オープン 3140 良
ℹ️ [スキップ/エラーではありません] 平均タイムの該当データなし（サンプル不足）: 小倉 障害 未勝利 2860 良
ℹ️ [スキップ/エラーではありません] 平均タイムの該当データなし（サンプル不足）: 中京 障害 オープン 3300 良
ℹ️ [スキップ/エラーではありません] 平均タイムの該当データなし（サンプル不足）: 福島 障害 オープン 3380 良
ℹ️ [スキップ/エラーではありません] 平均タイムの該当データなし（サンプル不足）: 中山 障害 オープン 3350 良
ℹ️ [スキップ/エラーではありません] 平均タイムの該当データなし（サンプル不足）: 小倉 障害 未勝利 2860 良
ℹ️ [スキップ/エラーではありません] 平均タイムの該当データなし（サンプル不足）: 小倉 障害 未勝利 2860 良
ℹ️ [スキップ/エラーではありません] 平均タイムの該当データなし（サンプル不足）: 東京 障害 オープン 3110 良
ℹ️ [スキップ/エラーではありません] 平均タイムの該当データなし（サンプル不足）: 中山 障害 オープン 3200 良
ℹ️ [スキップ/エラーではありません] 平均タイムの該当データなし（サンプル不足）: 中山 障害 未勝利 2880 良
ℹ️ [スキップ/エラーではありません] 平均タイムの該当データなし（サンプル不足）: 中山 障害 未勝利 2880 良
ℹ️ [スキップ/エラーではありません] 平均タイムの該当データなし（サンプル不足）: 小倉 障害 未勝利 2860 稍重
ℹ️ [スキップ/エラーではありません] 平均タイムの該当データなし（サンプル不足）: 京都 障害 未勝利 2910 良
ℹ️ [スキップ/エラーではありません] 平均タイムの該当データなし（サンプル不足）: 新潟 障害 未勝利 2890 良
ℹ️ [スキップ/エラーではありません] 平均タイムの該当データなし（サンプル不足）: 福島 障害 未勝利 2750 良
ℹ️ [スキップ/エラーではありません] 平均タイムの該当データなし（サンプル不足）: 小倉 障害 未勝利 2860 良
ℹ️ [スキップ/エラーではありません] 平均タイムの該当データなし（サンプル不足）: 中京 障害 オープン 3300 良
ℹ️ [スキップ/エラーではありません] 平均タイムの該当データなし（サンプル不足）: 阪神 障害 オープン 3110 良
ℹ️ [スキップ/エラーではありません] 平均タイムの該当データなし（サンプル不足）: 京都 障害 オープン 3930 不
ℹ️ [スキップ/エラーではありません] 平均タイムの該当データなし（サンプル不足）: 阪神 障害 オープン 3900 良
ℹ️ [スキップ/エラーではありません] 平均タイムの該当データなし（サンプル不足）: 小倉 障害 オープン 3390 良
ℹ️ [スキップ/エラーではありません] 平均タイムの該当データなし（サンプル不足）: 中京 障害 未勝利 3000 良
ℹ️ [スキップ/エラーではありません] 平均タイムの該当データなし（サンプル不足）: 阪神 障害 未勝利 2970 良
ℹ️ [スキップ/エラーではありません] 平均タイムの該当データなし（サンプル不足）: 阪神 障害 未勝利 2970 良
ℹ️ [スキップ/エラーではありません] 平均タイムの該当データなし（サンプル不足）: 阪神 障害 未勝利 2970 稍重
ℹ️ [スキップ/エラーではありません] 平均タイムの該当データなし（サンプル不足）: 小倉 障害 未勝利 2860 稍重
ℹ️ [スキップ/エラーではありません] 平均タイムの該当データなし（サンプル不足）: 新潟 障害 オープン 3250 良
ℹ️ [スキップ/エラーではありません] 平均タイムの該当データなし（サンプル不足）: 中山 障害 オープン 3350 良
ℹ️ [スキップ/エラーではありません] 平均タイムの該当データなし（サンプル不足）: 中山 障害 オープン 3200 良
ℹ️ [スキップ/エラーではありません] 平均タイムの該当データなし（サンプル不足）: 福島 障害 オープン 3380 良
ℹ️ [スキップ/エラーではありません] 平均タイムの該当データなし（サンプル不足）: 中山 障害 未勝利 2880 良
ℹ️ [スキップ/エラーではありません] 平均タイムの該当データなし（サンプル不足）: 阪神 障害 オープン 3110 良
ℹ️ [スキップ/エラーではありません] 平均タイムの該当データなし（サンプル不足）: 京都 障害 未勝利 2910 良
ℹ️ [スキップ/エラーではありません] 平均タイムの該当データなし（サンプル不足）: 中山 障害 未勝利 2880 良
ℹ️ [スキップ/エラーではありません] 平均タイムの該当データなし（サンプル不足）: 新潟 障害 オープン 3250 良
ℹ️ [スキップ/エラーではありません] 平均タイムの該当データなし（サンプル不足）: 新潟 障害 オープン 2850 良
ℹ️ [スキップ/エラーではありません] 平均タイムの該当データなし（サンプル不足）: 新潟 障害 オープン 3290 良
ℹ️ [スキップ/エラーではありません] 平均タイムの該当データなし（サンプル不足）: 新潟 障害 未勝利 2890 良
ℹ️ [スキップ/エラーではありません] 平均タイムの該当データなし（サンプル不足）: 小倉 障害 未勝利 2860 稍重
ℹ️ [スキップ/エラーではありません] 平均タイムの該当データなし（サンプル不足）: 新潟 障害 オープン 3250 良
ℹ️ [スキップ/エラーではありません] 平均タイムの該当データなし（サンプル不足）: 福島 障害 オープン 2750 稍重
ℹ️ [スキップ/エラーではありません] 平均タイムの該当データなし（サンプル不足）: 阪神 障害 オープン 3110 良
ℹ️ [スキップ/エラーではありません] 平均タイムの該当データなし（サンプル不足）: 新潟 障害 オープン 3290 良
ℹ️ [スキップ/エラーではありません] 平均タイムの該当データなし（サンプル不足）: 福島 障害 オープン 3380 良
ℹ️ [スキップ/エラーではありません] 平均タイムの該当データなし（サンプル不足）: 小倉 障害 未勝利 2860 良
ℹ️ [スキップ/エラーではありません] 平均タイムの該当データなし（サンプル不足）: 新潟 障害 未勝利 2890 稍重
ℹ️ [スキップ/エラーではありません] 平均タイムの該当データなし（サンプル不足）: 新潟 障害 未勝利 2890 良
ℹ️ [スキップ/エラーではありません] 平均タイムの該当データなし（サンプル不足）: 小倉 障害 未勝利 2860 良
ℹ️ [スキップ/エラーではありません] 平均タイムの該当データなし（サンプル不足）: 京都 障害 オープン 3930 不
ℹ️ [スキップ/エラーではありません] 平均タイムの該当データなし（サンプル不足）: 阪神 障害 オープン 3900 良
ℹ️ [スキップ/エラーではありません] 平均タイムの該当データなし（サンプル不足）: 中山 障害 オープン 3200 良
ℹ️ [スキップ/エラーではありません] 平均タイムの該当データなし（サンプル不足）: 京都 障害 オープン 3170 良
ℹ️ [スキップ/エラーではありません] 平均タイムの該当データなし（サンプル不足）: 中山 障害 オープン 3210 良
ℹ️ [スキップ/エラーではありません] 平均タイムの該当データなし（サンプル不足）: 中京 障害 オープン 3300 良
ℹ️ [スキップ/エラーではありません] 平均タイムの該当データなし（サンプル不足）: 京都 障害 オープン 3930 不
ℹ️ [スキップ/エラーではありません] 平均タイムの該当データなし（サンプル不足）: 中山 障害 オープン 3350 良
ℹ️ [スキップ/エラーではありません] 平均タイムの該当データなし（サンプル不足）: 新潟 障害 オープン 2850 良
ℹ️ [スキップ/エラーではありません] 平均タイムの該当データなし（サンプル不足）: 中京 障害 オープン 3330 良
ℹ️ [スキップ/エラーではありません] 平均タイムの該当データなし（サンプル不足）: 東京 ダート 未勝利 1400 不
ℹ️ [スキップ/エラーではありません] 平均タイムの該当データなし（サンプル不足）: 東京 ダート 未勝利 1400 不
ℹ️ [スキップ/エラーではありません] 平均タイムの該当データなし（サンプル不足）: 東京 ダート 2勝クラス 2100 不
ℹ️ [スキップ/エラーではありません] 平均タイムの該当データなし（サンプル不足）: 東京 ダート 2勝クラス 2100 不
ℹ️ [スキップ/エラーではありません] 平均タイムの該当データなし（サンプル不足）: 中山 ダート 1勝クラス 2400 不
ℹ️ [スキップ/エラーではありません] 平均タイムの該当データなし（サンプル不足）: 京都 芝 2勝クラス 1200 不
ℹ️ [スキップ/エラーではありません] 平均タイムの該当データなし（サンプル不足）: 中山 ダート 2勝クラス 1200 不
ℹ️ [スキップ/エラーではありません] 平均タイムの該当データなし（サンプル不足）: 東京 ダート 未勝利 1400 不
ℹ️ [スキップ/エラーではありません] 平均タイムの該当データなし（サンプル不足）: 東京 ダート 未勝利 1300 不
ℹ️ [スキップ/エラーではありません] 平均タイムの該当データなし（サンプル不足）: 京都 ダート 未勝利 1800 不
ℹ️ [スキップ/エラーではありません] 平均タイムの該当データなし（サンプル不足）: 京都 ダート 未勝利 1400 不
ℹ️ [スキップ/エラーではありません] 平均タイムの該当データなし（サンプル不足）: 新潟 ダート オープン 1800 不
ℹ️ [スキップ/エラーではありません] 平均タイムの該当データなし（サンプル不足）: 京都 ダート 未勝利 1400 不
ℹ️ [スキップ/エラーではありません] 平均タイムの該当データなし（サンプル不足）: 阪神 ダート 未勝利 1800 不
ℹ️ [スキップ/エラーではありません] 平均タイムの該当データなし（サンプル不足）: 小倉 ダート 未勝利 1700 不
出馬表再生成: 20251004
ℹ️ [スキップ/エラーではありません] 指定日に開催なし: 20251004 01_sapporo
ℹ️ [スキップ/エラーではありません] 指定日に開催なし: 20251004 02_hakodate
ℹ️ [スキップ/エラーではありません] 指定日に開催なし: 20251004 03_fukushima
ℹ️ [スキップ/エラーではありません] 指定日に開催なし: 20251004 04_nigata
ℹ️ [スキップ/エラーではありません] 指定日に開催なし: 20251004 06_nakayama
ℹ️ [スキップ/エラーではありません] 指定日に開催なし: 20251004 07_chukyo
ℹ️ [スキップ/エラーではありません] 指定日に開催なし: 20251004 09_hanshin
ℹ️ [スキップ/エラーではありません] 指定日に開催なし: 20251004 10_kokura
ℹ️ [スキップ/エラーではありません] 平均タイムの該当データなし（サンプル不足）: 中山 ダート 未勝利 1800 不
ℹ️ [スキップ/エラーではありません] 平均タイムの該当データなし（サンプル不足）: 新潟 障害 オープン 3250 良
ℹ️ [スキップ/エラーではありません] 平均タイムの該当データなし（サンプル不足）: 小倉 障害 オープン 3390 良
ℹ️ [スキップ/エラーではありません] 平均タイムの該当データなし（サンプル不足）: 東京 障害 未勝利 3000 稍重
ℹ️ [スキップ/エラーではありません] 平均タイムの該当データなし（サンプル不足）: 京都 障害 未勝利 2910 良
ℹ️ [スキップ/エラーではありません] 平均タイムの該当データなし（サンプル不足）: 小倉 障害 オープン 3390 良
ℹ️ [スキップ/エラーではありません] 平均タイムの該当データなし（サンプル不足）: 新潟 障害 オープン 3290 良
ℹ️ [スキップ/エラーではありません] 平均タイムの該当データなし（サンプル不足）: 新潟 障害 オープン 3250 良
ℹ️ [スキップ/エラーではありません] 平均タイムの該当データなし（サンプル不足）: 小倉 障害 オープン 3390 稍重
ℹ️ [スキップ/エラーではありません] 平均タイムの該当データなし（サンプル不足）: 中山 障害 オープン 4100 良
ℹ️ [スキップ/エラーではありません] 平均タイムの該当データなし（サンプル不足）: 京都 障害 オープン 3170 良
ℹ️ [スキップ/エラーではありません] 平均タイムの該当データなし（サンプル不足）: 新潟 障害 オープン 2890 稍重
ℹ️ [スキップ/エラーではありません] 平均タイムの該当データなし（サンプル不足）: 小倉 障害 オープン 2860 良
ℹ️ [スキップ/エラーではありません] 平均タイムの該当データなし（サンプル不足）: 新潟 障害 未勝利 2850 良
ℹ️ [スキップ/エラーではありません] 平均タイムの該当データなし（サンプル不足）: 中京 障害 オープン 3330 良
ℹ️ [スキップ/エラーではありません] 平均タイムの該当データなし（サンプル不足）: 福島 障害 オープン 3380 良
ℹ️ [スキップ/エラーではありません] 平均タイムの該当データなし（サンプル不足）: 新潟 障害 オープン 2890 稍重
ℹ️ [スキップ/エラーではありません] 平均タイムの該当データなし（サンプル不足）: 阪神 障害 オープン 3140 良
ℹ️ [スキップ/エラーではありません] 平均タイムの該当データなし（サンプル不足）: 小倉 障害 オープン 3390 良
ℹ️ [スキップ/エラーではありません] 平均タイムの該当データなし（サンプル不足）: 新潟 障害 オープン 2850 良
ℹ️ [スキップ/エラーではありません] 平均タイムの該当データなし（サンプル不足）: 東京 障害 オープン 3110 良
ℹ️ [スキップ/エラーではありません] 平均タイムの該当データなし（サンプル不足）: 新潟 障害 オープン 2890 稍重
ℹ️ [スキップ/エラーではありません] 平均タイムの該当データなし（サンプル不足）: 小倉 障害 オープン 3390 良
ℹ️ [スキップ/エラーではありません] 平均タイムの該当データなし（サンプル不足）: 新潟 障害 オープン 2850 良
ℹ️ [スキップ/エラーではありません] 平均タイムの該当データなし（サンプル不足）: 福島 障害 オープン 3380 良
ℹ️ [スキップ/エラーではありません] 平均タイムの該当データなし（サンプル不足）: 中山 障害 オープン 3570 良
ℹ️ [スキップ/エラーではありません] 平均タイムの該当データなし（サンプル不足）: 新潟 障害 オープン 2850 良
ℹ️ [スキップ/エラーではありません] 平均タイムの該当データなし（サンプル不足）: 新潟 障害 オープン 2850 良
ℹ️ [スキップ/エラーではありません] 平均タイムの該当データなし（サンプル不足）: 新潟 障害 未勝利 2890 良
ℹ️ [スキップ/エラーではありません] 平均タイムの該当データなし（サンプル不足）: 中山 障害 オープン 4260 良
ℹ️ [スキップ/エラーではありません] 平均タイムの該当データなし（サンプル不足）: 小倉 障害 オープン 3390 良
ℹ️ [スキップ/エラーではありません] 平均タイムの該当データなし（サンプル不足）: 中山 障害 オープン 3570 良
ℹ️ [スキップ/エラーではありません] 平均タイムの該当データなし（サンプル不足）: 中山 障害 オープン 3210 良
ℹ️ [スキップ/エラーではありません] 平均タイムの該当データなし（サンプル不足）: 東京 障害 未勝利 3000 良
ℹ️ [スキップ/エラーではありません] 平均タイムの該当データなし（サンプル不足）: 中山 障害 オープン 3200 良
ℹ️ [スキップ/エラーではありません] 平均タイムの該当データなし（サンプル不足）: 小倉 障害 オープン 3390 良
ℹ️ [スキップ/エラーではありません] 平均タイムの該当データなし（サンプル不足）: 新潟 障害 オープン 3250 良
ℹ️ [スキップ/エラーではありません] 平均タイムの該当データなし（サンプル不足）: 中山 障害 未勝利 2880 良
ℹ️ [スキップ/エラーではありません] 平均タイムの該当データなし（サンプル不足）: 福島 障害 未勝利 2750 良
ℹ️ [スキップ/エラーではありません] 平均タイムの該当データなし（サンプル不足）: 新潟 障害 オープン 2850 良
ℹ️ [スキップ/エラーではありません] 平均タイムの該当データなし（サンプル不足）: 福島 障害 オープン 2750 稍重
ℹ️ [スキップ/エラーではありません] 平均タイムの該当データなし（サンプル不足）: 新潟 障害 オープン 2890 稍重
ℹ️ [スキップ/エラーではありません] 平均タイムの該当データなし（サンプル不足）: 小倉 障害 オープン 3390 良
ℹ️ [スキップ/エラーではありません] 平均タイムの該当データなし（サンプル不足）: 小倉 障害 未勝利 2860 良
ℹ️ [スキップ/エラーではありません] 平均タイムの該当データなし（サンプル不足）: 中山 障害 オープン 3210 稍重
ℹ️ [スキップ/エラーではありません] 平均タイムの該当データなし（サンプル不足）: 小倉 障害 未勝利 2860 稍重
ℹ️ [スキップ/エラーではありません] 平均タイムの該当データなし（サンプル不足）: 京都 障害 未勝利 2910 良
ℹ️ [スキップ/エラーではありません] 平均タイムの該当データなし（サンプル不足）: 新潟 障害 未勝利 2890 良
ℹ️ [スキップ/エラーではありません] 平均タイムの該当データなし（サンプル不足）: 福島 障害 未勝利 2750 良
ℹ️ [スキップ/エラーではありません] 平均タイムの該当データなし（サンプル不足）: 中京 障害 オープン 3300 良
ℹ️ [スキップ/エラーではありません] 平均タイムの該当データなし（サンプル不足）: 東京 障害 未勝利 3000 良
ℹ️ [スキップ/エラーではありません] 平均タイムの該当データなし（サンプル不足）: 福島 障害 未勝利 2770 良
ℹ️ [スキップ/エラーではありません] 平均タイムの該当データなし（サンプル不足）: 中山 ダート 1勝クラス 1200 不
ℹ️ [スキップ/エラーではありません] 平均タイムの該当データなし（サンプル不足）: 東京 ダート 1勝クラス 1600 不
ℹ️ [スキップ/エラーではありません] 平均タイムの該当データなし（サンプル不足）: 東京 ダート 1勝クラス 1400 不
ℹ️ [スキップ/エラーではありません] 平均タイムの該当データなし（サンプル不足）: 中山 ダート 1勝クラス 1200 不
ℹ️ [スキップ/エラーではありません] 平均タイムの該当データなし（サンプル不足）: 東京 ダート 未勝利 1600 不
ℹ️ [スキップ/エラーではありません] 平均タイムの該当データなし（サンプル不足）: 中山 ダート 未勝利 1200 不
ℹ️ [スキップ/エラーではありません] 平均タイムの該当データなし（サンプル不足）: 新潟 ダート 1勝クラス 1800 不
ℹ️ [スキップ/エラーではありません] 平均タイムの該当データなし（サンプル不足）: 東京 ダート 未勝利 1400 不
ℹ️ [スキップ/エラーではありません] 平均タイムの該当データなし（サンプル不足）: 東京 ダート 未勝利 2100 不
ℹ️ [スキップ/エラーではありません] 平均タイムの該当データなし（サンプル不足）: 東京 ダート 未勝利 1600 不
ℹ️ [スキップ/エラーではありません] 平均タイムの該当データなし（サンプル不足）: 東京 ダート 1勝クラス 1600 不
ℹ️ [スキップ/エラーではありません] 平均タイムの該当データなし（サンプル不足）: 東京 ダート 1勝クラス 1600 不
ℹ️ [スキップ/エラーではありません] 平均タイムの該当データなし（サンプル不足）: 東京 ダート 1勝クラス 1600 不
ℹ️ [スキップ/エラーではありません] 平均タイムの該当データなし（サンプル不足）: 東京 ダート 1勝クラス 1600 不
ℹ️ [スキップ/エラーではありません] 平均タイムの該当データなし（サンプル不足）: 東京 ダート 1勝クラス 1600 不
ℹ️ [スキップ/エラーではありません] 平均タイムの該当データなし（サンプル不足）: 東京 ダート 1勝クラス 1600 不
ℹ️ [スキップ/エラーではありません] 平均タイムの該当データなし（サンプル不足）: 中山 ダート 未勝利 1800 不
ℹ️ [スキップ/エラーではありません] 平均タイムの該当データなし（サンプル不足）: 東京 ダート 1勝クラス 1400 不
ℹ️ [スキップ/エラーではありません] 平均タイムの該当データなし（サンプル不足）: 中京 障害 未勝利 3000 良
ℹ️ [スキップ/エラーではありません] 平均タイムの該当データなし（サンプル不足）: 新潟 障害 未勝利 2890 稍重
ℹ️ [スキップ/エラーではありません] 平均タイムの該当データなし（サンプル不足）: 中山 障害 未勝利 2880 良
ℹ️ [スキップ/エラーではありません] 平均タイムの該当データなし（サンプル不足）: 東京 ダート オープン 1600 不
ℹ️ [スキップ/エラーではありません] 平均タイムの該当データなし（サンプル不足）: 東京 ダート オープン 1600 不
ℹ️ [スキップ/エラーではありません] 平均タイムの該当データなし（サンプル不足）: 東京 ダート オープン 1600 不
ℹ️ [スキップ/エラーではありません] 平均タイムの該当データなし（サンプル不足）: 東京 ダート オープン 1600 不
ℹ️ [スキップ/エラーではありません] 平均タイムの該当データなし（サンプル不足）: 東京 ダート オープン 1600 不
ℹ️ [スキップ/エラーではありません] 平均タイムの該当データなし（サンプル不足）: 東京 ダート オープン 1600 不
ℹ️ [スキップ/エラーではありません] 平均タイムの該当データなし（サンプル不足）: 東京 ダート 1勝クラス 1400 不
ℹ️ [スキップ/エラーではありません] 平均タイムの該当データなし（サンプル不足）: 東京 ダート 2勝クラス 1400 不
ℹ️ [スキップ/エラーではありません] 平均タイムの該当データなし（サンプル不足）: 東京 ダート 1勝クラス 1400 不
⚠️ プリサイスエンド: 該当コース(8:芝2000) のデータがありません。
ℹ️ [スキップ/エラーではありません] 平均タイムの該当データなし（サンプル不足）: 京都 ダート 1勝クラス 1400 不
ℹ️ [スキップ/エラーではありません] 平均タイムの該当データなし（サンプル不足）: 阪神 ダート 未勝利 1800 不
ℹ️ [スキップ/エラーではありません] 平均タイムの該当データなし（サンプル不足）: 京都 ダート 未勝利 1200 不
ℹ️ [スキップ/エラーではありません] 平均タイムの該当データなし（サンプル不足）: 東京 ダート 2勝クラス 1600 不
ℹ️ [スキップ/エラーではありません] 平均タイムの該当データなし（サンプル不足）: 東京 障害 未勝利 3000 良
ℹ️ [スキップ/エラーではありません] 平均タイムの該当データなし（サンプル不足）: 新潟 障害 未勝利 2890 良
ℹ️ [スキップ/エラーではありません] 平均タイムの該当データなし（サンプル不足）: 京都 ダート 3勝クラス 1200 不
ℹ️ [スキップ/エラーではありません] 平均タイムの該当データなし（サンプル不足）: 京都 ダート 3勝クラス 1200 不
ℹ️ [スキップ/エラーではありません] 平均タイムの該当データなし（サンプル不足）: 新潟 ダート オープン 1800 不
ℹ️ [スキップ/エラーではありません] 平均タイムの該当データなし（サンプル不足）: 京都 ダート 2勝クラス 1800 不
ℹ️ [スキップ/エラーではありません] 平均タイムの該当データなし（サンプル不足）: 東京 ダート 2勝クラス 2100 不
ℹ️ [スキップ/エラーではありません] 平均タイムの該当データなし（サンプル不足）: 中山 ダート 2勝クラス 2400 不
出馬表再生成: 20251005
ℹ️ [スキップ/エラーではありません] 指定日に開催なし: 20251005 01_sapporo
ℹ️ [スキップ/エラーではありません] 指定日に開催なし: 20251005 02_hakodate
ℹ️ [スキップ/エラーではありません] 指定日に開催なし: 20251005 03_fukushima
ℹ️ [スキップ/エラーではありません] 指定日に開催なし: 20251005 04_nigata
ℹ️ [スキップ/エラーではありません] 指定日に開催なし: 20251005 06_nakayama
ℹ️ [スキップ/エラーではありません] 指定日に開催なし: 20251005 07_chukyo
ℹ️ [スキップ/エラーではありません] 指定日に開催なし: 20251005 09_hanshin
ℹ️ [スキップ/エラーではありません] 指定日に開催なし: 20251005 10_kokura
ℹ️ [スキップ/エラーではありません] 平均タイムの該当データなし（サンプル不足）: 新潟 障害 未勝利 2850 良
ℹ️ [スキップ/エラーではありません] 平均タイムの該当データなし（サンプル不足）: 小倉 障害 未勝利 2860 良
ℹ️ [スキップ/エラーではありません] 平均タイムの該当データなし（サンプル不足）: 東京 障害 未勝利 3000 良
ℹ️ [スキップ/エラーではありません] 平均タイムの該当データなし（サンプル不足）: 新潟 障害 未勝利 2890 稍重
ℹ️ [スキップ/エラーではありません] 平均タイムの該当データなし（サンプル不足）: 新潟 障害 未勝利 2850 良
ℹ️ [スキップ/エラーではありません] 平均タイムの該当データなし（サンプル不足）: 中山 障害 未勝利 2880 良
ℹ️ [スキップ/エラーではありません] 平均タイムの該当データなし（サンプル不足）: 福島 障害 未勝利 2770 良
ℹ️ [スキップ/エラーではありません] 平均タイムの該当データなし（サンプル不足）: 新潟 障害 未勝利 2890 稍重
ℹ️ [スキップ/エラーではありません] 平均タイムの該当データなし（サンプル不足）: 中京 障害 未勝利 3000 良
ℹ️ [スキップ/エラーではありません] 平均タイムの該当データなし（サンプル不足）: 阪神 障害 未勝利 2970 良
ℹ️ [スキップ/エラーではありません] 平均タイムの該当データなし（サンプル不足）: 新潟 障害 未勝利 2890 稍重
ℹ️ [スキップ/エラーではありません] 平均タイムの該当データなし（サンプル不足）: 中山 障害 未勝利 2880 稍重
ℹ️ [スキップ/エラーではありません] 平均タイムの該当データなし（サンプル不足）: 小倉 障害 未勝利 2860 稍重
ℹ️ [スキップ/エラーではありません] 平均タイムの該当データなし（サンプル不足）: 新潟 障害 未勝利 2850 良
ℹ️ [スキップ/エラーではありません] 平均タイムの該当データなし（サンプル不足）: 中京 障害 未勝利 3000 良
ℹ️ [スキップ/エラーではありません] 平均タイムの該当データなし（サンプル不足）: 東京 障害 未勝利 3000 良
ℹ️ [スキップ/エラーではありません] 平均タイムの該当データなし（サンプル不足）: 新潟 障害 未勝利 2890 稍重
ℹ️ [スキップ/エラーではありません] 平均タイムの該当データなし（サンプル不足）: 阪神 障害 未勝利 2970 良
ℹ️ [スキップ/エラーではありません] 平均タイムの該当データなし（サンプル不足）: 東京 障害 未勝利 3000 良
ℹ️ [スキップ/エラーではありません] 平均タイムの該当データなし（サンプル不足）: 阪神 障害 未勝利 2970 良
ℹ️ [スキップ/エラーではありません] 平均タイムの該当データなし（サンプル不足）: 中山 障害 未勝利 2880 良
ℹ️ [スキップ/エラーではありません] 平均タイムの該当データなし（サンプル不足）: 小倉 障害 未勝利 2860 良
ℹ️ [スキップ/エラーではありません] 平均タイムの該当データなし（サンプル不足）: 新潟 障害 未勝利 2850 良
ℹ️ [スキップ/エラーではありません] 平均タイムの該当データなし（サンプル不足）: 福島 障害 未勝利 2770 良
ℹ️ [スキップ/エラーではありません] 平均タイムの該当データなし（サンプル不足）: 京都 ダート 1勝クラス 1400 不
ℹ️ [スキップ/エラーではありません] 平均タイムの該当データなし（サンプル不足）: 新潟 障害 未勝利 2850 良
ℹ️ [スキップ/エラーではありません] 平均タイムの該当データなし（サンプル不足）: 中山 障害 未勝利 2880 良
ℹ️ [スキップ/エラーではありません] 平均タイムの該当データなし（サンプル不足）: 中山 障害 未勝利 2880 稍重
ℹ️ [スキップ/エラーではありません] 平均タイムの該当データなし（サンプル不足）: 福島 障害 未勝利 2770 良
ℹ️ [スキップ/エラーではありません] 平均タイムの該当データなし（サンプル不足）: 新潟 障害 未勝利 2890 稍重
ℹ️ [スキップ/エラーではありません] 平均タイムの該当データなし（サンプル不足）: 東京 ダート 1勝クラス 1600 不
ℹ️ [スキップ/エラーではありません] 平均タイムの該当データなし（サンプル不足）: 中山 ダート 未勝利 1800 不
ℹ️ [スキップ/エラーではありません] 平均タイムの該当データなし（サンプル不足）: 東京 ダート 1勝クラス 1600 不
ℹ️ [スキップ/エラーではありません] 平均タイムの該当データなし（サンプル不足）: 東京 ダート 未勝利 1300 不
ℹ️ [スキップ/エラーではありません] 平均タイムの該当データなし（サンプル不足）: 京都 芝 オープン 1400 不
ℹ️ [スキップ/エラーではありません] 平均タイムの該当データなし（サンプル不足）: 京都 ダート 1勝クラス 1400 不
ℹ️ [スキップ/エラーではありません] 平均タイムの該当データなし（サンプル不足）: 京都 ダート 未勝利 1200 不
ℹ️ [スキップ/エラーではありません] 平均タイムの該当データなし（サンプル不足）: 中京 芝 オープン 3000 稍重
出馬表再生成: 20251011
ℹ️ [スキップ/エラーではありません] 指定日に開催なし: 20251011 01_sapporo
ℹ️ [スキップ/エラーではありません] 指定日に開催なし: 20251011 02_hakodate
ℹ️ [スキップ/エラーではありません] 指定日に開催なし: 20251011 03_fukushima
ℹ️ [スキップ/エラーではありません] 指定日に開催なし: 20251011 04_nigata
ℹ️ [スキップ/エラーではありません] 指定日に開催なし: 20251011 06_nakayama
ℹ️ [スキップ/エラーではありません] 指定日に開催なし: 20251011 07_chukyo
ℹ️ [スキップ/エラーではありません] 指定日に開催なし: 20251011 09_hanshin
ℹ️ [スキップ/エラーではありません] 指定日に開催なし: 20251011 10_kokura
ℹ️ [スキップ/エラーではありません] 平均タイムの該当データなし（サンプル不足）: 東京 ダート 1勝クラス 1600 不
ℹ️ [スキップ/エラーではありません] 平均タイムの該当データなし（サンプル不足）: 東京 ダート 1勝クラス 1600 不
ℹ️ [スキップ/エラーではありません] 平均タイムの該当データなし（サンプル不足）: 東京 ダート 1勝クラス 1600 不
ℹ️ [スキップ/エラーではありません] 平均タイムの該当データなし（サンプル不足）: 東京 ダート 1勝クラス 1600 不
ℹ️ [スキップ/エラーではありません] 平均タイムの該当データなし（サンプル不足）: 東京 ダート 未勝利 1400 不
ℹ️ [スキップ/エラーではありません] 平均タイムの該当データなし（サンプル不足）: 中山 ダート 2勝クラス 2400 不
ℹ️ [スキップ/エラーではありません] 平均タイムの該当データなし（サンプル不足）: 東京 ダート 2勝クラス 2100 不
ℹ️ [スキップ/エラーではありません] 平均タイムの該当データなし（サンプル不足）: 東京 ダート 2勝クラス 2100 不
ℹ️ [スキップ/エラーではありません] 平均タイムの該当データなし（サンプル不足）: 東京 ダート 2勝クラス 2100 不
ℹ️ [スキップ/エラーではありません] 平均タイムの該当データなし（サンプル不足）: 東京 ダート 2勝クラス 2100 不
ℹ️ [スキップ/エラーではありません] 平均タイムの該当データなし（サンプル不足）: 東京 ダート 1勝クラス 1400 不
ℹ️ [スキップ/エラーではありません] 平均タイムの該当データなし（サンプル不足）: 東京 ダート 1勝クラス 1400 不
ℹ️ [スキップ/エラーではありません] 平均タイムの該当データなし（サンプル不足）: 東京 ダート 未勝利 1300 不
ℹ️ [スキップ/エラーではありません] 平均タイムの該当データなし（サンプル不足）: 中京 障害 オープン 3330 良
ℹ️ [スキップ/エラーではありません] 平均タイムの該当データなし（サンプル不足）: 福島 障害 オープン 2750 稍重
ℹ️ [スキップ/エラーではありません] 平均タイムの該当データなし（サンプル不足）: 新潟 障害 オープン 2890 良
ℹ️ [スキップ/エラーではありません] 平均タイムの該当データなし（サンプル不足）: 小倉 障害 オープン 2860 良
ℹ️ [スキップ/エラーではありません] 平均タイムの該当データなし（サンプル不足）: 中京 障害 オープン 3300 良
ℹ️ [スキップ/エラーではありません] 平均タイムの該当データなし（サンプル不足）: 福島 障害 未勝利 2750 良
ℹ️ [スキップ/エラーではありません] 平均タイムの該当データなし（サンプル不足）: 新潟 障害 未勝利 2890 稍重
ℹ️ [スキップ/エラーではありません] 平均タイムの該当データなし（サンプル不足）: 阪神 障害 オープン 3140 良
ℹ️ [スキップ/エラーではありません] 平均タイムの該当データなし（サンプル不足）: 小倉 障害 未勝利 2860 良
ℹ️ [スキップ/エラーではありません] 平均タイムの該当データなし（サンプル不足）: 小倉 障害 未勝利 2860 良
ℹ️ [スキップ/エラーではありません] 平均タイムの該当データなし（サンプル不足）: 中山 障害 未勝利 2880 良
ℹ️ [スキップ/エラーではありません] 平均タイムの該当データなし（サンプル不足）: 小倉 障害 未勝利 2860 良
ℹ️ [スキップ/エラーではありません] 平均タイムの該当データなし（サンプル不足）: 中山 障害 オープン 3210 稍重
ℹ️ [スキップ/エラーではありません] 平均タイムの該当データなし（サンプル不足）: 阪神 障害 オープン 3110 良
ℹ️ [スキップ/エラーではありません] 平均タイムの該当データなし（サンプル不足）: 京都 障害 未勝利 2910 良
ℹ️ [スキップ/エラーではありません] 平均タイムの該当データなし（サンプル不足）: 中山 障害 未勝利 2880 良
ℹ️ [スキップ/エラーではありません] 平均タイムの該当データなし（サンプル不足）: 京都 障害 オープン 3170 良
ℹ️ [スキップ/エラーではありません] 平均タイムの該当データなし（サンプル不足）: 阪神 障害 オープン 3140 良
ℹ️ [スキップ/エラーではありません] 平均タイムの該当データなし（サンプル不足）: 阪神 障害 オープン 3140 良
ℹ️ [スキップ/エラーではありません] 平均タイムの該当データなし（サンプル不足）: 阪神 障害 未勝利 2970 良
ℹ️ [スキップ/エラーではありません] 平均タイムの該当データなし（サンプル不足）: 阪神 障害 未勝利 2970 良
ℹ️ [スキップ/エラーではありません] 平均タイムの該当データなし（サンプル不足）: 小倉 障害 未勝利 2860 稍重
ℹ️ [スキップ/エラーではありません] 平均タイムの該当データなし（サンプル不足）: 中山 障害 未勝利 2880 良
ℹ️ [スキップ/エラーではありません] 平均タイムの該当データなし（サンプル不足）: 中京 障害 オープン 3330 良
ℹ️ [スキップ/エラーではありません] 平均タイムの該当データなし（サンプル不足）: 中京 障害 未勝利 3000 良
ℹ️ [スキップ/エラーではありません] 平均タイムの該当データなし（サンプル不足）: 東京 障害 未勝利 3000 良
ℹ️ [スキップ/エラーではありません] 平均タイムの該当データなし（サンプル不足）: 福島 障害 未勝利 2770 良
ℹ️ [スキップ/エラーではありません] 平均タイムの該当データなし（サンプル不足）: 小倉 障害 未勝利 2860 良
ℹ️ [スキップ/エラーではありません] 平均タイムの該当データなし（サンプル不足）: 小倉 障害 未勝利 2860 良
ℹ️ [スキップ/エラーではありません] 平均タイムの該当データなし（サンプル不足）: 中京 障害 オープン 3300 良
ℹ️ [スキップ/エラーではありません] 平均タイムの該当データなし（サンプル不足）: 京都 障害 オープン 3170 良
ℹ️ [スキップ/エラーではありません] 平均タイムの該当データなし（サンプル不足）: 新潟 障害 オープン 2890 良
ℹ️ [スキップ/エラーではありません] 平均タイムの該当データなし（サンプル不足）: 中山 障害 オープン 3200 良
ℹ️ [スキップ/エラーではありません] 平均タイムの該当データなし（サンプル不足）: 京都 障害 オープン 3170 良
ℹ️ [スキップ/エラーではありません] 平均タイムの該当データなし（サンプル不足）: 阪神 障害 オープン 3140 良
ℹ️ [スキップ/エラーではありません] 平均タイムの該当データなし（サンプル不足）: 小倉 障害 オープン 3390 良
ℹ️ [スキップ/エラーではありません] 平均タイムの該当データなし（サンプル不足）: 中山 障害 オープン 3570 良
ℹ️ [スキップ/エラーではありません] 平均タイムの該当データなし（サンプル不足）: 新潟 障害 オープン 3250 稍重
ℹ️ [スキップ/エラーではありません] 平均タイムの該当データなし（サンプル不足）: 福島 障害 オープン 3380 良
ℹ️ [スキップ/エラーではありません] 平均タイムの該当データなし（サンプル不足）: 新潟 障害 オープン 3290 良
ℹ️ [スキップ/エラーではありません] 平均タイムの該当データなし（サンプル不足）: 京都 障害 オープン 3170 良
ℹ️ [スキップ/エラーではありません] 平均タイムの該当データなし（サンプル不足）: 中京 障害 オープン 3300 良
ℹ️ [スキップ/エラーではありません] 平均タイムの該当データなし（サンプル不足）: 福島 障害 オープン 3380 良
⚠️ エスポワールシチー: 該当コース(8:芝1400) のデータがありません。
❌ [要確認/エラー] 不明な開催場名: 
ℹ️ [スキップ/エラーではありません] 平均タイムの該当データなし（サンプル不足）: 京都 芝 1勝クラス 2000 不
ℹ️ [スキップ/エラーではありません] 平均タイムの該当データなし（サンプル不足）: 京都 ダート 1勝クラス 1400 不
ℹ️ [スキップ/エラーではありません] 平均タイムの該当データなし（サンプル不足）: 京都 芝 2勝クラス 1800 不
ℹ️ [スキップ/エラーではありません] 平均タイムの該当データなし（サンプル不足）: 京都 ダート 3勝クラス 1800 不
ℹ️ [スキップ/エラーではありません] 平均タイムの該当データなし（サンプル不足）: 新潟 ダート オープン 1800 不
ℹ️ [スキップ/エラーではありません] 平均タイムの該当データなし（サンプル不足）: 京都 ダート 2勝クラス 1800 不
ℹ️ [スキップ/エラーではありません] 平均タイムの該当データなし（サンプル不足）: 東京 ダート 1勝クラス 1600 不
ℹ️ [スキップ/エラーではありません] 平均タイムの該当データなし（サンプル不足）: 東京 ダート 1勝クラス 1400 不
ℹ️ [スキップ/エラーではありません] 平均タイムの該当データなし（サンプル不足）: 京都 芝 1勝クラス 2000 不
ℹ️ [スキップ/エラーではありません] 平均タイムの該当データなし（サンプル不足）: 札幌 ダート 1勝クラス 1000 不
出馬表再生成: 20251012
ℹ️ [スキップ/エラーではありません] 指定日に開催なし: 20251012 01_sapporo
ℹ️ [スキップ/エラーではありません] 指定日に開催なし: 20251012 02_hakodate
ℹ️ [スキップ/エラーではありません] 指定日に開催なし: 20251012 03_fukushima
ℹ️ [スキップ/エラーではありません] 指定日に開催なし: 20251012 04_nigata
ℹ️ [スキップ/エラーではありません] 指定日に開催なし: 20251012 06_nakayama
ℹ️ [スキップ/エラーではありません] 指定日に開催なし: 20251012 07_chukyo
ℹ️ [スキップ/エラーではありません] 指定日に開催なし: 20251012 09_hanshin
ℹ️ [スキップ/エラーではありません] 指定日に開催なし: 20251012 10_kokura
ℹ️ [スキップ/エラーではありません] 平均タイムの該当データなし（サンプル不足）: 中山 ダート 1勝クラス 1200 不
ℹ️ [スキップ/エラーではありません] 平均タイムの該当データなし（サンプル不足）: 新潟 ダート 1勝クラス 1800 不
ℹ️ [スキップ/エラーではありません] 平均タイムの該当データなし（サンプル不足）: 東京 ダート 未勝利 1400 不
ℹ️ [スキップ/エラーではありません] 平均タイムの該当データなし（サンプル不足）: 東京 ダート 未勝利 1400 不
ℹ️ [スキップ/エラーではありません] 平均タイムの該当データなし（サンプル不足）: 東京 ダート 未勝利 1400 不
ℹ️ [スキップ/エラーではありません] 平均タイムの該当データなし（サンプル不足）: 中山 ダート 未勝利 1800 不
ℹ️ [スキップ/エラーではありません] 平均タイムの該当データなし（サンプル不足）: 東京 ダート 1勝クラス 1400 不
ℹ️ [スキップ/エラーではありません] 平均タイムの該当データなし（サンプル不足）: 中山 ダート 未勝利 1200 不
ℹ️ [スキップ/エラーではありません] 平均タイムの該当データなし（サンプル不足）: 東京 ダート 未勝利 1600 不
ℹ️ [スキップ/エラーではありません] 平均タイムの該当データなし（サンプル不足）: 東京 ダート 1勝クラス 1600 不
ℹ️ [スキップ/エラーではありません] 平均タイムの該当データなし（サンプル不足）: 東京 ダート 1勝クラス 1600 不
ℹ️ [スキップ/エラーではありません] 平均タイムの該当データなし（サンプル不足）: 東京 ダート 1勝クラス 1600 不
ℹ️ [スキップ/エラーではありません] 平均タイムの該当データなし（サンプル不足）: 新潟 ダート 1勝クラス 1800 不
ℹ️ [スキップ/エラーではありません] 平均タイムの該当データなし（サンプル不足）: 東京 ダート 1勝クラス 1600 不
ℹ️ [スキップ/エラーではありません] 平均タイムの該当データなし（サンプル不足）: 中京 ダート 2勝クラス 1400 不
ℹ️ [スキップ/エラーではありません] 平均タイムの該当データなし（サンプル不足）: 東京 ダート 2勝クラス 1400 不
ℹ️ [スキップ/エラーではありません] 平均タイムの該当データなし（サンプル不足）: 東京 ダート 2勝クラス 1400 不
ℹ️ [スキップ/エラーではありません] 平均タイムの該当データなし（サンプル不足）: 中山 ダート 2勝クラス 1200 不
ℹ️ [スキップ/エラーではありません] 平均タイムの該当データなし（サンプル不足）: 東京 ダート オープン 1600 不
ℹ️ [スキップ/エラーではありません] 平均タイムの該当データなし（サンプル不足）: 東京 ダート オープン 1600 不
ℹ️ [スキップ/エラーではありません] 平均タイムの該当データなし（サンプル不足）: 中山 ダート 2勝クラス 1200 不
ℹ️ [スキップ/エラーではありません] 平均タイムの該当データなし（サンプル不足）: 福島 ダート nan 1700 良
ℹ️ [スキップ/エラーではありません] 平均タイムの該当データなし（サンプル不足）: 中京 ダート nan 1900 良
ℹ️ [スキップ/エラーではありません] 平均タイムの該当データなし（サンプル不足）: 中山 ダート 未勝利 1800 不
ℹ️ [スキップ/エラーではありません] 平均タイムの該当データなし（サンプル不足）: 新潟 障害 未勝利 2890 稍重
ℹ️ [スキップ/エラーではありません] 平均タイムの該当データなし（サンプル不足）: 阪神 障害 未勝利 2970 良
ℹ️ [スキップ/エラーではありません] 平均タイムの該当データなし（サンプル不足）: 中山 障害 未勝利 2880 良
ℹ️ [スキップ/エラーではありません] 平均タイムの該当データなし（サンプル不足）: 新潟 障害 未勝利 2890 良
ℹ️ [スキップ/エラーではありません] 平均タイムの該当データなし（サンプル不足）: 小倉 障害 未勝利 2860 良
ℹ️ [スキップ/エラーではありません] 平均タイムの該当データなし（サンプル不足）: 小倉 障害 未勝利 2860 良
ℹ️ [スキップ/エラーではありません] 平均タイムの該当データなし（サンプル不足）: 新潟 障害 未勝利 2850 良
ℹ️ [スキップ/エラーではありません] 平均タイムの該当データなし（サンプル不足）: 福島 障害 未勝利 2750 良
ℹ️ [スキップ/エラーではありません] 平均タイムの該当データなし（サンプル不足）: 京都 障害 未勝利 2910 良
ℹ️ [スキップ/エラーではありません] 平均タイムの該当データなし（サンプル不足）: 小倉 障害 未勝利 2860 良
ℹ️ [スキップ/エラーではありません] 平均タイムの該当データなし（サンプル不足）: 中京 障害 未勝利 3000 良
ℹ️ [スキップ/エラーではありません] 平均タイムの該当データなし（サンプル不足）: 中京 障害 未勝利 3000 良
ℹ️ [スキップ/エラーではありません] 平均タイムの該当データなし（サンプル不足）: 新潟 障害 未勝利 2890 稍重
ℹ️ [スキップ/エラーではありません] 平均タイムの該当データなし（サンプル不足）: 中山 障害 未勝利 2880 良
ℹ️ [スキップ/エラーではありません] 平均タイムの該当データなし（サンプル不足）: 中京 障害 未勝利 3000 良
ℹ️ [スキップ/エラーではありません] 平均タイムの該当データなし（サンプル不足）: 中京 障害 未勝利 3000 良
ℹ️ [スキップ/エラーではありません] 平均タイムの該当データなし（サンプル不足）: 東京 障害 未勝利 3000 良
ℹ️ [スキップ/エラーではありません] 平均タイムの該当データなし（サンプル不足）: 東京 障害 未勝利 3000 稍重
ℹ️ [スキップ/エラーではありません] 平均タイムの該当データなし（サンプル不足）: 阪神 障害 未勝利 2970 良
ℹ️ [スキップ/エラーではありません] 平均タイムの該当データなし（サンプル不足）: 小倉 障害 未勝利 2860 良
ℹ️ [スキップ/エラーではありません] 平均タイムの該当データなし（サンプル不足）: 小倉 障害 未勝利 2860 良
ℹ️ [スキップ/エラーではありません] 平均タイムの該当データなし（サンプル不足）: 中山 障害 未勝利 2880 良
ℹ️ [スキップ/エラーではありません] 平均タイムの該当データなし（サンプル不足）: 中京 障害 未勝利 3000 良
ℹ️ [スキップ/エラーではありません] 平均タイムの該当データなし（サンプル不足）: 中山 障害 未勝利 2880 良
ℹ️ [スキップ/エラーではありません] 平均タイムの該当データなし（サンプル不足）: 福島 障害 未勝利 2750 良
ℹ️ [スキップ/エラーではありません] 平均タイムの該当データなし（サンプル不足）: 新潟 障害 未勝利 2850 良
ℹ️ [スキップ/エラーではありません] 平均タイムの該当データなし（サンプル不足）: 阪神 障害 未勝利 2970 良
ℹ️ [スキップ/エラーではありません] 平均タイムの該当データなし（サンプル不足）: 阪神 障害 未勝利 2970 良
ℹ️ [スキップ/エラーではありません] 平均タイムの該当データなし（サンプル不足）: 新潟 障害 未勝利 2890 稍重
ℹ️ [スキップ/エラーではありません] 平均タイムの該当データなし（サンプル不足）: 中山 障害 未勝利 2880 稍重
ℹ️ [スキップ/エラーではありません] 平均タイムの該当データなし（サンプル不足）: 小倉 障害 未勝利 2860 稍重
ℹ️ [スキップ/エラーではありません] 平均タイムの該当データなし（サンプル不足）: 札幌 ダート 1勝クラス 1700 不
ℹ️ [スキップ/エラーではありません] 平均タイムの該当データなし（サンプル不足）: 東京 ダート 2勝クラス 1600 不
ℹ️ [スキップ/エラーではありません] 平均タイムの該当データなし（サンプル不足）: 京都 ダート 未勝利 1800 不
ℹ️ [スキップ/エラーではありません] 平均タイムの該当データなし（サンプル不足）: 中山 ダート 2勝クラス 1200 不
ℹ️ [スキップ/エラーではありません] 平均タイムの該当データなし（サンプル不足）: 東京 ダート オープン 1600 不
ℹ️ [スキップ/エラーではありません] 平均タイムの該当データなし（サンプル不足）: 新潟 ダート オープン 1800 不
出馬表再生成: 20251013
ℹ️ [スキップ/エラーではありません] 指定日に開催なし: 20251013 01_sapporo
ℹ️ [スキップ/エラーではありません] 指定日に開催なし: 20251013 02_hakodate
ℹ️ [スキップ/エラーではありません] 指定日に開催なし: 20251013 03_fukushima
ℹ️ [スキップ/エラーではありません] 指定日に開催なし: 20251013 04_nigata
ℹ️ [スキップ/エラーではありません] 指定日に開催なし: 20251013 06_nakayama
ℹ️ [スキップ/エラーではありません] 指定日に開催なし: 20251013 07_chukyo
ℹ️ [スキップ/エラーではありません] 指定日に開催なし: 20251013 09_hanshin
ℹ️ [スキップ/エラーではありません] 指定日に開催なし: 20251013 10_kokura
ℹ️ [スキップ/エラーではありません] 平均タイムの該当データなし（サンプル不足）: 中山 ダート 未勝利 1800 不
ℹ️ [スキップ/エラーではありません] 平均タイムの該当データなし（サンプル不足）: 中山 ダート 未勝利 1800 不
ℹ️ [スキップ/エラーではありません] 平均タイムの該当データなし（サンプル不足）: 阪神 障害 未勝利 2970 良
ℹ️ [スキップ/エラーではありません] 平均タイムの該当データなし（サンプル不足）: 中京 障害 未勝利 3000 良
ℹ️ [スキップ/エラーではありません] 平均タイムの該当データなし（サンプル不足）: 福島 障害 未勝利 2770 良
ℹ️ [スキップ/エラーではありません] 平均タイムの該当データなし（サンプル不足）: 中京 障害 未勝利 3000 良
ℹ️ [スキップ/エラーではありません] 平均タイムの該当データなし（サンプル不足）: 小倉 障害 未勝利 2860 稍重
ℹ️ [スキップ/エラーではありません] 平均タイムの該当データなし（サンプル不足）: 阪神 障害 未勝利 2970 良
ℹ️ [スキップ/エラーではありません] 平均タイムの該当データなし（サンプル不足）: 阪神 障害 未勝利 2970 良
ℹ️ [スキップ/エラーではありません] 平均タイムの該当データなし（サンプル不足）: 東京 障害 未勝利 3000 良
ℹ️ [スキップ/エラーではありません] 平均タイムの該当データなし（サンプル不足）: 新潟 障害 未勝利 2890 稍重
ℹ️ [スキップ/エラーではありません] 平均タイムの該当データなし（サンプル不足）: 新潟 障害 未勝利 2890 稍重
ℹ️ [スキップ/エラーではありません] 平均タイムの該当データなし（サンプル不足）: 京都 芝 未勝利 1800 不
ℹ️ [スキップ/エラーではありません] 平均タイムの該当データなし（サンプル不足）: 京都 ダート 3勝クラス 1800 不
ℹ️ [スキップ/エラーではありません] 平均タイムの該当データなし（サンプル不足）: 中山 障害 未勝利 2880 良
ℹ️ [スキップ/エラーではありません] 平均タイムの該当データなし（サンプル不足）: 中京 障害 未勝利 3000 良
ℹ️ [スキップ/エラーではありません] 平均タイムの該当データなし（サンプル不足）: 東京 障害 未勝利 3000 良
ℹ️ [スキップ/エラーではありません] 平均タイムの該当データなし（サンプル不足）: 中山 障害 未勝利 2880 稍重
ℹ️ [スキップ/エラーではありません] 平均タイムの該当データなし（サンプル不足）: 中山 障害 未勝利 2880 稍重
ℹ️ [スキップ/エラーではありません] 平均タイムの該当データなし（サンプル不足）: 中山 障害 未勝利 2880 稍重
ℹ️ [スキップ/エラーではありません] 平均タイムの該当データなし（サンプル不足）: 福島 障害 未勝利 2750 良
ℹ️ [スキップ/エラーではありません] 平均タイムの該当データなし（サンプル不足）: 中山 障害 未勝利 2880 良
ℹ️ [スキップ/エラーではありません] 平均タイムの該当データなし（サンプル不足）: 新潟 障害 未勝利 2850 良
ℹ️ [スキップ/エラーではありません] 平均タイムの該当データなし（サンプル不足）: 小倉 障害 未勝利 2860 良
ℹ️ [スキップ/エラーではありません] 平均タイムの該当データなし（サンプル不足）: 東京 ダート 未勝利 2100 不
ℹ️ [スキップ/エラーではありません] 平均タイムの該当データなし（サンプル不足）: 中山 ダート 1勝クラス 2400 不
ℹ️ [スキップ/エラーではありません] 平均タイムの該当データなし（サンプル不足）: 東京 ダート 未勝利 2100 不
ℹ️ [スキップ/エラーではありません] 平均タイムの該当データなし（サンプル不足）: 京都 ダート 未勝利 1400 不
ℹ️ [スキップ/エラーではありません] 平均タイムの該当データなし（サンプル不足）: 京都 ダート 未勝利 1800 不
ℹ️ [スキップ/エラーではありません] 平均タイムの該当データなし（サンプル不足）: 中京 ダート 1勝クラス 1800 不
ℹ️ [スキップ/エラーではありません] 平均タイムの該当データなし（サンプル不足）: 京都 ダート 未勝利 1400 不
ℹ️ [スキップ/エラーではありません] 平均タイムの該当データなし（サンプル不足）: 東京 ダート 1勝クラス 1400 不
ℹ️ [スキップ/エラーではありません] 平均タイムの該当データなし（サンプル不足）: 新潟 ダート オープン 1800 不
ℹ️ [スキップ/エラーではありません] 平均タイムの該当データなし（サンプル不足）: 中京 障害 未勝利 3000 良
ℹ️ [スキップ/エラーではありません] 平均タイムの該当データなし（サンプル不足）: 新潟 障害 未勝利 2890 稍重
ℹ️ [スキップ/エラーではありません] 平均タイムの該当データなし（サンプル不足）: 中山 障害 未勝利 2880 良
ℹ️ [スキップ/エラーではありません] 平均タイムの該当データなし（サンプル不足）: 阪神 ダート 未勝利 1200 不
出馬表再生成: 20251018
ℹ️ [スキップ/エラーではありません] 指定日に開催なし: 20251018 01_sapporo
ℹ️ [スキップ/エラーではありません] 指定日に開催なし: 20251018 02_hakodate
ℹ️ [スキップ/エラーではありません] 指定日に開催なし: 20251018 03_fukushima
ℹ️ [スキップ/エラーではありません] 指定日に開催なし: 20251018 06_nakayama
ℹ️ [スキップ/エラーではありません] 指定日に開催なし: 20251018 07_chukyo
ℹ️ [スキップ/エラーではありません] 指定日に開催なし: 20251018 09_hanshin
ℹ️ [スキップ/エラーではありません] 指定日に開催なし: 20251018 10_kokura
ℹ️ [スキップ/エラーではありません] 平均タイムの該当データなし（サンプル不足）: 札幌 ダート 1勝クラス 1700 不
ℹ️ [スキップ/エラーではありません] 平均タイムの該当データなし（サンプル不足）: 京都 ダート 未勝利 1900 不
ℹ️ [スキップ/エラーではありません] 平均タイムの該当データなし（サンプル不足）: 京都 ダート 未勝利 1800 不
ℹ️ [スキップ/エラーではありません] 平均タイムの該当データなし（サンプル不足）: 京都 芝 1勝クラス 2000 不
ℹ️ [スキップ/エラーではありません] 平均タイムの該当データなし（サンプル不足）: 京都 芝 1勝クラス 2000 不
ℹ️ [スキップ/エラーではありません] 平均タイムの該当データなし（サンプル不足）: 函館 ダート 未勝利 1000 不
ℹ️ [スキップ/エラーではありません] 平均タイムの該当データなし（サンプル不足）: 中京 ダート 未勝利 1200 不
ℹ️ [スキップ/エラーではありません] 平均タイムの該当データなし（サンプル不足）: 小倉 ダート 未勝利 1700 不
ℹ️ [スキップ/エラーではありません] 平均タイムの該当データなし（サンプル不足）: 新潟 障害 未勝利 2850 良
ℹ️ [スキップ/エラーではありません] 平均タイムの該当データなし（サンプル不足）: 京都 芝 2勝クラス 1200 不
ℹ️ [スキップ/エラーではありません] 平均タイムの該当データなし（サンプル不足）: 東京 ダート 未勝利 1300 不
ℹ️ [スキップ/エラーではありません] 平均タイムの該当データなし（サンプル不足）: 東京 ダート 1勝クラス 1600 不
ℹ️ [スキップ/エラーではありません] 平均タイムの該当データなし（サンプル不足）: 東京 ダート 1勝クラス 1600 不
ℹ️ [スキップ/エラーではありません] 平均タイムの該当データなし（サンプル不足）: 中京 芝 オープン 3000 稍重
ℹ️ [スキップ/エラーではありません] 平均タイムの該当データなし（サンプル不足）: 京都 ダート 2勝クラス 1800 不
ℹ️ [スキップ/エラーではありません] 平均タイムの該当データなし（サンプル不足）: 東京 ダート 1勝クラス 1400 不
ℹ️ [スキップ/エラーではありません] 平均タイムの該当データなし（サンプル不足）: 東京 ダート 2勝クラス 1400 不
ℹ️ [スキップ/エラーではありません] 平均タイムの該当データなし（サンプル不足）: 中山 障害 未勝利 2880 良
ℹ️ [スキップ/エラーではありません] 平均タイムの該当データなし（サンプル不足）: 中山 障害 未勝利 2880 稍重
ℹ️ [スキップ/エラーではありません] 平均タイムの該当データなし（サンプル不足）: 新潟 障害 未勝利 2850 良
ℹ️ [スキップ/エラーではありません] 平均タイムの該当データなし（サンプル不足）: 中京 障害 未勝利 3000 良
ℹ️ [スキップ/エラーではありません] 平均タイムの該当データなし（サンプル不足）: 小倉 障害 未勝利 2860 良
ℹ️ [スキップ/エラーではありません] 平均タイムの該当データなし（サンプル不足）: 東京 障害 未勝利 3000 良
ℹ️ [スキップ/エラーではありません] 平均タイムの該当データなし（サンプル不足）: 阪神 障害 未勝利 2970 良
ℹ️ [スキップ/エラーではありません] 平均タイムの該当データなし（サンプル不足）: 新潟 障害 未勝利 2850 良
ℹ️ [スキップ/エラーではありません] 平均タイムの該当データなし（サンプル不足）: 阪神 障害 未勝利 2970 良
ℹ️ [スキップ/エラーではありません] 平均タイムの該当データなし（サンプル不足）: 中山 障害 未勝利 2880 稍重
ℹ️ [スキップ/エラーではありません] 平均タイムの該当データなし（サンプル不足）: 阪神 障害 未勝利 2970 稍重
ℹ️ [スキップ/エラーではありません] 平均タイムの該当データなし（サンプル不足）: 小倉 障害 未勝利 2860 良
ℹ️ [スキップ/エラーではありません] 平均タイムの該当データなし（サンプル不足）: 東京 障害 未勝利 3000 稍重
ℹ️ [スキップ/エラーではありません] 平均タイムの該当データなし（サンプル不足）: 京都 障害 未勝利 2910 良
ℹ️ [スキップ/エラーではありません] 平均タイムの該当データなし（サンプル不足）: 小倉 障害 未勝利 2860 良
ℹ️ [スキップ/エラーではありません] 平均タイムの該当データなし（サンプル不足）: 小倉 障害 未勝利 2860 稍重
ℹ️ [スキップ/エラーではありません] 平均タイムの該当データなし（サンプル不足）: 福島 障害 未勝利 2770 良
ℹ️ [スキップ/エラーではありません] 平均タイムの該当データなし（サンプル不足）: 京都 ダート 3勝クラス 1200 不
ℹ️ [スキップ/エラーではありません] 平均タイムの該当データなし（サンプル不足）: 東京 障害 未勝利 3000 良
ℹ️ [スキップ/エラーではありません] 平均タイムの該当データなし（サンプル不足）: 新潟 障害 未勝利 2890 良
ℹ️ [スキップ/エラーではありません] 平均タイムの該当データなし（サンプル不足）: 阪神 障害 未勝利 2970 良
ℹ️ [スキップ/エラーではありません] 平均タイムの該当データなし（サンプル不足）: 阪神 障害 未勝利 2970 良
ℹ️ [スキップ/エラーではありません] 平均タイムの該当データなし（サンプル不足）: 京都 芝 1勝クラス 2000 不
ℹ️ [スキップ/エラーではありません] 平均タイムの該当データなし（サンプル不足）: 京都 ダート 2勝クラス 1800 不
出馬表再生成: 20251019
ℹ️ [スキップ/エラーではありません] 指定日に開催なし: 20251019 01_sapporo
ℹ️ [スキップ/エラーではありません] 指定日に開催なし: 20251019 02_hakodate
ℹ️ [スキップ/エラーではありません] 指定日に開催なし: 20251019 03_fukushima
ℹ️ [スキップ/エラーではありません] 指定日に開催なし: 20251019 06_nakayama
ℹ️ [スキップ/エラーではありません] 指定日に開催なし: 20251019 07_chukyo
ℹ️ [スキップ/エラーではありません] 指定日に開催なし: 20251019 09_hanshin
ℹ️ [スキップ/エラーではありません] 指定日に開催なし: 20251019 10_kokura
ℹ️ [スキップ/エラーではありません] 平均タイムの該当データなし（サンプル不足）: 小倉 ダート 1勝クラス 1000 不
ℹ️ [スキップ/エラーではありません] 平均タイムの該当データなし（サンプル不足）: 阪神 ダート 未勝利 1200 不
ℹ️ [スキップ/エラーではありません] 平均タイムの該当データなし（サンプル不足）: 中山 ダート 1勝クラス 1200 不
ℹ️ [スキップ/エラーではありません] 平均タイムの該当データなし（サンプル不足）: 東京 ダート 1勝クラス 1600 不
ℹ️ [スキップ/エラーではありません] 平均タイムの該当データなし（サンプル不足）: 東京 ダート 未勝利 2100 不
ℹ️ [スキップ/エラーではありません] 平均タイムの該当データなし（サンプル不足）: 新潟 障害 未勝利 2890 稍重
ℹ️ [スキップ/エラーではありません] 平均タイムの該当データなし（サンプル不足）: 中山 ダート 1勝クラス 2400 不
ℹ️ [スキップ/エラーではありません] 平均タイムの該当データなし（サンプル不足）: 中山 ダート 1勝クラス 2400 不
ℹ️ [スキップ/エラーではありません] 平均タイムの該当データなし（サンプル不足）: 中山 芝 新馬 2000 不
ℹ️ [スキップ/エラーではありません] 平均タイムの該当データなし（サンプル不足）: 京都 ダート 新馬 1400 不
ℹ️ [スキップ/エラーではありません] 平均タイムの該当データなし（サンプル不足）: 小倉 ダート 1勝クラス 1000 不
ℹ️ [スキップ/エラーではありません] 平均タイムの該当データなし（サンプル不足）: 中京 障害 未勝利 3000 良
ℹ️ [スキップ/エラーではありません] 平均タイムの該当データなし（サンプル不足）: 新潟 障害 未勝利 2890 稍重
ℹ️ [スキップ/エラーではありません] 平均タイムの該当データなし（サンプル不足）: 中山 障害 未勝利 2880 良
ℹ️ [スキップ/エラーではありません] 平均タイムの該当データなし（サンプル不足）: 札幌 ダート 1勝クラス 1000 不
ℹ️ [スキップ/エラーではありません] 平均タイムの該当データなし（サンプル不足）: 中山 ダート 1勝クラス 1200 不
ℹ️ [スキップ/エラーではありません] 平均タイムの該当データなし（サンプル不足）: 福島 ダート 未勝利 1150 不
ℹ️ [スキップ/エラーではありません] 平均タイムの該当データなし（サンプル不足）: 京都 ダート 1勝クラス 1400 不
ℹ️ [スキップ/エラーではありません] 平均タイムの該当データなし（サンプル不足）: 中山 ダート 未勝利 1800 不
ℹ️ [スキップ/エラーではありません] 平均タイムの該当データなし（サンプル不足）: 中山 ダート 未勝利 1200 不
ℹ️ [スキップ/エラーではありません] 平均タイムの該当データなし（サンプル不足）: 東京 ダート 未勝利 1600 不
ℹ️ [スキップ/エラーではありません] 平均タイムの該当データなし（サンプル不足）: 中山 ダート 1勝クラス 1200 不
ℹ️ [スキップ/エラーではありません] 平均タイムの該当データなし（サンプル不足）: 中山 ダート 未勝利 1200 不
ℹ️ [スキップ/エラーではありません] 平均タイムの該当データなし（サンプル不足）: 東京 ダート 1勝クラス 1600 不
ℹ️ [スキップ/エラーではありません] 平均タイムの該当データなし（サンプル不足）: 東京 障害 オープン 3110 良
ℹ️ [スキップ/エラーではありません] 平均タイムの該当データなし（サンプル不足）: 新潟 障害 オープン 3290 良
ℹ️ [スキップ/エラーではありません] 平均タイムの該当データなし（サンプル不足）: 中山 障害 オープン 3210 良
ℹ️ [スキップ/エラーではありません] 平均タイムの該当データなし（サンプル不足）: 福島 障害 未勝利 2750 良
ℹ️ [スキップ/エラーではありません] 平均タイムの該当データなし（サンプル不足）: 東京 障害 オープン 3100 良
ℹ️ [スキップ/エラーではありません] 平均タイムの該当データなし（サンプル不足）: 新潟 障害 オープン 2850 良
ℹ️ [スキップ/エラーではありません] 平均タイムの該当データなし（サンプル不足）: 東京 障害 オープン 3110 良
ℹ️ [スキップ/エラーではありません] 平均タイムの該当データなし（サンプル不足）: 新潟 障害 オープン 2890 稍重
ℹ️ [スキップ/エラーではありません] 平均タイムの該当データなし（サンプル不足）: 小倉 障害 オープン 3390 良
ℹ️ [スキップ/エラーではありません] 平均タイムの該当データなし（サンプル不足）: 京都 障害 オープン 3170 良
ℹ️ [スキップ/エラーではありません] 平均タイムの該当データなし（サンプル不足）: 福島 障害 未勝利 2770 良
ℹ️ [スキップ/エラーではありません] 平均タイムの該当データなし（サンプル不足）: 小倉 障害 未勝利 2860 良
ℹ️ [スキップ/エラーではありません] 平均タイムの該当データなし（サンプル不足）: 小倉 障害 未勝利 2860 良
ℹ️ [スキップ/エラーではありません] 平均タイムの該当データなし（サンプル不足）: 新潟 障害 オープン 3250 良
ℹ️ [スキップ/エラーではありません] 平均タイムの該当データなし（サンプル不足）: 新潟 障害 オープン 2850 良
ℹ️ [スキップ/エラーではありません] 平均タイムの該当データなし（サンプル不足）: 東京 障害 オープン 3110 良
ℹ️ [スキップ/エラーではありません] 平均タイムの該当データなし（サンプル不足）: 中山 障害 オープン 4260 良
ℹ️ [スキップ/エラーではありません] 平均タイムの該当データなし（サンプル不足）: 中山 障害 オープン 3200 良
ℹ️ [スキップ/エラーではありません] 平均タイムの該当データなし（サンプル不足）: 新潟 障害 オープン 3250 良
ℹ️ [スキップ/エラーではありません] 平均タイムの該当データなし（サンプル不足）: 東京 障害 オープン 3110 良
ℹ️ [スキップ/エラーではありません] 平均タイムの該当データなし（サンプル不足）: 小倉 障害 オープン 3390 良
ℹ️ [スキップ/エラーではありません] 平均タイムの該当データなし（サンプル不足）: 中京 障害 オープン 3300 良
ℹ️ [スキップ/エラーではありません] 平均タイムの該当データなし（サンプル不足）: 東京 障害 オープン 3110 稍重
ℹ️ [スキップ/エラーではありません] 平均タイムの該当データなし（サンプル不足）: 阪神 障害 オープン 3140 良
ℹ️ [スキップ/エラーではありません] 平均タイムの該当データなし（サンプル不足）: 東京 障害 オープン 3110 良
ℹ️ [スキップ/エラーではありません] 平均タイムの該当データなし（サンプル不足）: 中山 障害 オープン 4260 良
ℹ️ [スキップ/エラーではありません] 平均タイムの該当データなし（サンプル不足）: 阪神 障害 オープン 3900 良
ℹ️ [スキップ/エラーではありません] 平均タイムの該当データなし（サンプル不足）: 中山 障害 オープン 4100 良
ℹ️ [スキップ/エラーではありません] 平均タイムの該当データなし（サンプル不足）: 中山 障害 オープン 4260 良
ℹ️ [スキップ/エラーではありません] 平均タイムの該当データなし（サンプル不足）: 阪神 障害 オープン 3900 良
ℹ️ [スキップ/エラーではありません] 平均タイムの該当データなし（サンプル不足）: 中山 障害 オープン 4100 良
ℹ️ [スキップ/エラーではありません] 平均タイムの該当データなし（サンプル不足）: 東京 障害 オープン 3110 良
ℹ️ [スキップ/エラーではありません] 平均タイムの該当データなし（サンプル不足）: 中山 障害 オープン 4250 良
ℹ️ [スキップ/エラーではありません] 平均タイムの該当データなし（サンプル不足）: 阪神 障害 オープン 3110 良
ℹ️ [スキップ/エラーではありません] 平均タイムの該当データなし（サンプル不足）: 京都 障害 オープン 3930 不
ℹ️ [スキップ/エラーではありません] 平均タイムの該当データなし（サンプル不足）: 新潟 障害 オープン 2890 良
ℹ️ [スキップ/エラーではありません] 平均タイムの該当データなし（サンプル不足）: 小倉 障害 オープン 3390 良
ℹ️ [スキップ/エラーではありません] 平均タイムの該当データなし（サンプル不足）: 小倉 障害 未勝利 2860 良
ℹ️ [スキップ/エラーではありません] 平均タイムの該当データなし（サンプル不足）: 阪神 障害 オープン 3140 良
ℹ️ [スキップ/エラーではありません] 平均タイムの該当データなし（サンプル不足）: 福島 障害 オープン 3380 良
ℹ️ [スキップ/エラーではありません] 平均タイムの該当データなし（サンプル不足）: 阪神 障害 オープン 3110 良
ℹ️ [スキップ/エラーではありません] 平均タイムの該当データなし（サンプル不足）: 新潟 障害 オープン 2890 良
ℹ️ [スキップ/エラーではありません] 平均タイムの該当データなし（サンプル不足）: 阪神 障害 オープン 3140 良
ℹ️ [スキップ/エラーではありません] 平均タイムの該当データなし（サンプル不足）: 阪神 障害 オープン 3110 良
ℹ️ [スキップ/エラーではありません] 平均タイムの該当データなし（サンプル不足）: 京都 障害 オープン 3170 良
ℹ️ [スキップ/エラーではありません] 平均タイムの該当データなし（サンプル不足）: 中山 障害 オープン 3350 良
ℹ️ [スキップ/エラーではありません] 平均タイムの該当データなし（サンプル不足）: 中山 障害 オープン 3200 良
ℹ️ [スキップ/エラーではありません] 平均タイムの該当データなし（サンプル不足）: 福島 障害 オープン 3380 良
ℹ️ [スキップ/エラーではありません] 平均タイムの該当データなし（サンプル不足）: 東京 ダート 1勝クラス 1600 不
ℹ️ [スキップ/エラーではありません] 平均タイムの該当データなし（サンプル不足）: 新潟 ダート オープン 1800 不
ℹ️ [スキップ/エラーではありません] 平均タイムの該当データなし（サンプル不足）: 中京 芝 オープン 3000 稍重
❌ [要確認/エラー] 不明な開催場名: 
ℹ️ [スキップ/エラーではありません] 平均タイムの該当データなし（サンプル不足）: 京都 ダート 1勝クラス 1400 不
ℹ️ [スキップ/エラーではありません] 平均タイムの該当データなし（サンプル不足）: 京都 ダート 1勝クラス 1400 不
ℹ️ [スキップ/エラーではありません] 平均タイムの該当データなし（サンプル不足）: 京都 ダート 1勝クラス 1400 不
ℹ️ [スキップ/エラーではありません] 平均タイムの該当データなし（サンプル不足）: 京都 ダート 未勝利 1900 不
ℹ️ [スキップ/エラーではありません] 平均タイムの該当データなし（サンプル不足）: 京都 ダート 未勝利 1800 不
ℹ️ [スキップ/エラーではありません] 平均タイムの該当データなし（サンプル不足）: 阪神 ダート 未勝利 1200 不
ℹ️ [スキップ/エラーではありません] 平均タイムの該当データなし（サンプル不足）: 中山 ダート 1勝クラス 1200 不
ℹ️ [スキップ/エラーではありません] 平均タイムの該当データなし（サンプル不足）: 札幌 ダート 1勝クラス 1000 不
ℹ️ [スキップ/エラーではありません] 平均タイムの該当データなし（サンプル不足）: 京都 ダート 2勝クラス 1800 不
ℹ️ [スキップ/エラーではありません] 平均タイムの該当データなし（サンプル不足）: 京都 ダート 3勝クラス 1200 不
ℹ️ [スキップ/エラーではありません] 平均タイムの該当データなし（サンプル不足）: 京都 ダート 3勝クラス 1200 不
ℹ️ [スキップ/エラーではありません] 平均タイムの該当データなし（サンプル不足）: 中山 ダート 2勝クラス 1200 不
ℹ️ [スキップ/エラーではありません] 平均タイムの該当データなし（サンプル不足）: 京都 ダート 3勝クラス 1800 不
ℹ️ [スキップ/エラーではありません] 平均タイムの該当データなし（サンプル不足）: 京都 芝 オープン 1400 不
ℹ️ [スキップ/エラーではありません] 平均タイムの該当データなし（サンプル不足）: 京都 ダート 2勝クラス 1800 不
ℹ️ [スキップ/エラーではありません] 平均タイムの該当データなし（サンプル不足）: 東京 ダート 2勝クラス 2100 不
ℹ️ [スキップ/エラーではありません] 平均タイムの該当データなし（サンプル不足）: 京都 ダート 2勝クラス 1800 不
ℹ️ [スキップ/エラーではありません] 平均タイムの該当データなし（サンプル不足）: 京都 ダート 2勝クラス 1800 不
ℹ️ [スキップ/エラーではありません] 平均タイムの該当データなし（サンプル不足）: 京都 ダート 2勝クラス 1800 不
出馬表再生成: 20251025
ℹ️ [スキップ/エラーではありません] 指定日に開催なし: 20251025 01_sapporo
ℹ️ [スキップ/エラーではありません] 指定日に開催なし: 20251025 02_hakodate
ℹ️ [スキップ/エラーではありません] 指定日に開催なし: 20251025 03_fukushima
ℹ️ [スキップ/エラーではありません] 指定日に開催なし: 20251025 06_nakayama
ℹ️ [スキップ/エラーではありません] 指定日に開催なし: 20251025 07_chukyo
ℹ️ [スキップ/エラーではありません] 指定日に開催なし: 20251025 09_hanshin
ℹ️ [スキップ/エラーではありません] 指定日に開催なし: 20251025 10_kokura
ℹ️ [スキップ/エラーではありません] 平均タイムの該当データなし（サンプル不足）: 新潟 ダート 未勝利 1200 不
ℹ️ [スキップ/エラーではありません] 平均タイムの該当データなし（サンプル不足）: 中山 ダート 1勝クラス 1200 不
ℹ️ [スキップ/エラーではありません] 平均タイムの該当データなし（サンプル不足）: 中山 ダート 1勝クラス 1200 不
ℹ️ [スキップ/エラーではありません] 平均タイムの該当データなし（サンプル不足）: 中山 ダート 1勝クラス 1200 不
ℹ️ [スキップ/エラーではありません] 平均タイムの該当データなし（サンプル不足）: 東京 ダート 未勝利 1400 不
ℹ️ [スキップ/エラーではありません] 平均タイムの該当データなし（サンプル不足）: 中山 障害 未勝利 2880 良
ℹ️ [スキップ/エラーではありません] 平均タイムの該当データなし（サンプル不足）: 中山 障害 未勝利 2880 良
ℹ️ [スキップ/エラーではありません] 平均タイムの該当データなし（サンプル不足）: 福島 障害 未勝利 2750 良
ℹ️ [スキップ/エラーではありません] 平均タイムの該当データなし（サンプル不足）: 中山 障害 未勝利 2880 良
ℹ️ [スキップ/エラーではありません] 平均タイムの該当データなし（サンプル不足）: 中山 障害 未勝利 2880 稍重
ℹ️ [スキップ/エラーではありません] 平均タイムの該当データなし（サンプル不足）: 東京 ダート 1勝クラス 1600 不
ℹ️ [スキップ/エラーではありません] 平均タイムの該当データなし（サンプル不足）: 中山 ダート 1勝クラス 1200 不
ℹ️ [スキップ/エラーではありません] 平均タイムの該当データなし（サンプル不足）: 新潟 ダート 1勝クラス 1800 不
ℹ️ [スキップ/エラーではありません] 平均タイムの該当データなし（サンプル不足）: 中山 ダート 未勝利 1800 不
ℹ️ [スキップ/エラーではありません] 平均タイムの該当データなし（サンプル不足）: 京都 ダート 2勝クラス 1800 不
ℹ️ [スキップ/エラーではありません] 平均タイムの該当データなし（サンプル不足）: 東京 ダート 2勝クラス 2100 不
ℹ️ [スキップ/エラーではありません] 平均タイムの該当データなし（サンプル不足）: 中山 ダート 2勝クラス 2400 不
ℹ️ [スキップ/エラーではありません] 平均タイムの該当データなし（サンプル不足）: 東京 ダート 2勝クラス 2100 不
ℹ️ [スキップ/エラーではありません] 平均タイムの該当データなし（サンプル不足）: 新潟 ダート 1勝クラス 1800 不
ℹ️ [スキップ/エラーではありません] 平均タイムの該当データなし（サンプル不足）: 東京 ダート 未勝利 1400 不
ℹ️ [スキップ/エラーではありません] 平均タイムの該当データなし（サンプル不足）: 東京 ダート 1勝クラス 1400 不
ℹ️ [スキップ/エラーではありません] 平均タイムの該当データなし（サンプル不足）: 中山 ダート 1勝クラス 1200 不
ℹ️ [スキップ/エラーではありません] 平均タイムの該当データなし（サンプル不足）: 東京 ダート 1勝クラス 1600 不
ℹ️ [スキップ/エラーではありません] 平均タイムの該当データなし（サンプル不足）: 東京 ダート 1勝クラス 1400 不
ℹ️ [スキップ/エラーではありません] 平均タイムの該当データなし（サンプル不足）: 東京 ダート 未勝利 1400 不
ℹ️ [スキップ/エラーではありません] 平均タイムの該当データなし（サンプル不足）: 東京 ダート 1勝クラス 1400 不
ℹ️ [スキップ/エラーではありません] 平均タイムの該当データなし（サンプル不足）: 京都 ダート 3勝クラス 1800 不
ℹ️ [スキップ/エラーではありません] 平均タイムの該当データなし（サンプル不足）: 京都 ダート 3勝クラス 1200 不
ℹ️ [スキップ/エラーではありません] 平均タイムの該当データなし（サンプル不足）: 新潟 ダート オープン 1800 不
ℹ️ [スキップ/エラーではありません] 平均タイムの該当データなし（サンプル不足）: 東京 ダート 1勝クラス 1600 不
ℹ️ [スキップ/エラーではありません] 平均タイムの該当データなし（サンプル不足）: 東京 ダート 2勝クラス 1400 不
ℹ️ [スキップ/エラーではありません] 平均タイムの該当データなし（サンプル不足）: 京都 障害 オープン 3930 不
ℹ️ [スキップ/エラーではありません] 平均タイムの該当データなし（サンプル不足）: 中山 障害 未勝利 2880 稍重
ℹ️ [スキップ/エラーではありません] 平均タイムの該当データなし（サンプル不足）: 中山 障害 未勝利 2880 稍重
ℹ️ [スキップ/エラーではありません] 平均タイムの該当データなし（サンプル不足）: 中山 障害 オープン 3210 稍重
ℹ️ [スキップ/エラーではありません] 平均タイムの該当データなし（サンプル不足）: 新潟 障害 オープン 3250 良
ℹ️ [スキップ/エラーではありません] 平均タイムの該当データなし（サンプル不足）: 新潟 障害 オープン 2850 良
ℹ️ [スキップ/エラーではありません] 平均タイムの該当データなし（サンプル不足）: 新潟 障害 オープン 3290 良
ℹ️ [スキップ/エラーではありません] 平均タイムの該当データなし（サンプル不足）: 新潟 障害 未勝利 2890 良
ℹ️ [スキップ/エラーではありません] 平均タイムの該当データなし（サンプル不足）: 阪神 障害 未勝利 2970 良
ℹ️ [スキップ/エラーではありません] 平均タイムの該当データなし（サンプル不足）: 新潟 障害 未勝利 2850 良
ℹ️ [スキップ/エラーではありません] 平均タイムの該当データなし（サンプル不足）: 中山 障害 未勝利 2880 良
ℹ️ [スキップ/エラーではありません] 平均タイムの該当データなし（サンプル不足）: 新潟 障害 未勝利 2850 良
ℹ️ [スキップ/エラーではありません] 平均タイムの該当データなし（サンプル不足）: 新潟 障害 未勝利 2850 良
ℹ️ [スキップ/エラーではありません] 平均タイムの該当データなし（サンプル不足）: 東京 障害 未勝利 3000 良
ℹ️ [スキップ/エラーではありません] 平均タイムの該当データなし（サンプル不足）: 東京 障害 未勝利 3000 稍重
ℹ️ [スキップ/エラーではありません] 平均タイムの該当データなし（サンプル不足）: 東京 障害 オープン 3100 良
ℹ️ [スキップ/エラーではありません] 平均タイムの該当データなし（サンプル不足）: 中山 障害 オープン 3210 稍重
ℹ️ [スキップ/エラーではありません] 平均タイムの該当データなし（サンプル不足）: 小倉 障害 未勝利 2860 稍重
ℹ️ [スキップ/エラーではありません] 平均タイムの該当データなし（サンプル不足）: 京都 障害 未勝利 2910 良
ℹ️ [スキップ/エラーではありません] 平均タイムの該当データなし（サンプル不足）: 新潟 障害 未勝利 2890 良
ℹ️ [スキップ/エラーではありません] 平均タイムの該当データなし（サンプル不足）: 中山 障害 オープン 3210 稍重
ℹ️ [スキップ/エラーではありません] 平均タイムの該当データなし（サンプル不足）: 中京 障害 オープン 3300 良
ℹ️ [スキップ/エラーではありません] 平均タイムの該当データなし（サンプル不足）: 福島 障害 オープン 3380 良
ℹ️ [スキップ/エラーではありません] 平均タイムの該当データなし（サンプル不足）: 中山 障害 オープン 3350 良
ℹ️ [スキップ/エラーではありません] 平均タイムの該当データなし（サンプル不足）: 小倉 障害 未勝利 2860 良
ℹ️ [スキップ/エラーではありません] 平均タイムの該当データなし（サンプル不足）: 阪神 障害 未勝利 2970 良
ℹ️ [スキップ/エラーではありません] 平均タイムの該当データなし（サンプル不足）: 中京 障害 オープン 3300 良
ℹ️ [スキップ/エラーではありません] 平均タイムの該当データなし（サンプル不足）: 阪神 障害 未勝利 2970 良
ℹ️ [スキップ/エラーではありません] 平均タイムの該当データなし（サンプル不足）: 新潟 障害 未勝利 2890 稍重
ℹ️ [スキップ/エラーではありません] 平均タイムの該当データなし（サンプル不足）: 小倉 障害 未勝利 2860 稍重
ℹ️ [スキップ/エラーではありません] 平均タイムの該当データなし（サンプル不足）: 中京 障害 オープン 3300 良
ℹ️ [スキップ/エラーではありません] 平均タイムの該当データなし（サンプル不足）: 福島 障害 オープン 2750 稍重
ℹ️ [スキップ/エラーではありません] 平均タイムの該当データなし（サンプル不足）: 中山 障害 オープン 3200 良
ℹ️ [スキップ/エラーではありません] 平均タイムの該当データなし（サンプル不足）: 中山 障害 未勝利 2880 稍重
ℹ️ [スキップ/エラーではありません] 平均タイムの該当データなし（サンプル不足）: 中山 障害 未勝利 2880 良
ℹ️ [スキップ/エラーではありません] 平均タイムの該当データなし（サンプル不足）: 東京 ダート 2勝クラス 2100 不
ℹ️ [スキップ/エラーではありません] 平均タイムの該当データなし（サンプル不足）: 新潟 ダート オープン 1800 不
ℹ️ [スキップ/エラーではありません] 平均タイムの該当データなし（サンプル不足）: 東京 ダート 2勝クラス 2100 不
ℹ️ [スキップ/エラーではありません] 平均タイムの該当データなし（サンプル不足）: 京都 ダート 2勝クラス 1800 不
ℹ️ [スキップ/エラーではありません] 平均タイムの該当データなし（サンプル不足）: 京都 芝 オープン 1400 不
ℹ️ [スキップ/エラーではありません] 平均タイムの該当データなし（サンプル不足）: 京都 芝 未勝利 1800 不
出馬表再生成: 20251026
ℹ️ [スキップ/エラーではありません] 指定日に開催なし: 20251026 01_sapporo
ℹ️ [スキップ/エラーではありません] 指定日に開催なし: 20251026 02_hakodate
ℹ️ [スキップ/エラーではありません] 指定日に開催なし: 20251026 03_fukushima
ℹ️ [スキップ/エラーではありません] 指定日に開催なし: 20251026 06_nakayama
ℹ️ [スキップ/エラーではありません] 指定日に開催なし: 20251026 07_chukyo
ℹ️ [スキップ/エラーではありません] 指定日に開催なし: 20251026 09_hanshin
ℹ️ [スキップ/エラーではありません] 指定日に開催なし: 20251026 10_kokura
ℹ️ [スキップ/エラーではありません] 平均タイムの該当データなし（サンプル不足）: 中山 ダート 未勝利 1800 不
ℹ️ [スキップ/エラーではありません] 平均タイムの該当データなし（サンプル不足）: 東京 ダート 未勝利 1400 不
ℹ️ [スキップ/エラーではありません] 平均タイムの該当データなし（サンプル不足）: 東京 ダート 未勝利 1400 不
ℹ️ [スキップ/エラーではありません] 平均タイムの該当データなし（サンプル不足）: 中京 芝 未勝利 1600 不
ℹ️ [スキップ/エラーではありません] 平均タイムの該当データなし（サンプル不足）: 中山 ダート 1勝クラス 1200 不
ℹ️ [スキップ/エラーではありません] 平均タイムの該当データなし（サンプル不足）: 東京 ダート 未勝利 2100 不
ℹ️ [スキップ/エラーではありません] 平均タイムの該当データなし（サンプル不足）: 中山 ダート 1勝クラス 2400 不
ℹ️ [スキップ/エラーではありません] 平均タイムの該当データなし（サンプル不足）: 京都 ダート 新馬 1400 不
ℹ️ [スキップ/エラーではありません] 平均タイムの該当データなし（サンプル不足）: 中京 ダート 未勝利 1200 不
ℹ️ [スキップ/エラーではありません] 平均タイムの該当データなし（サンプル不足）: 京都 ダート 1勝クラス 1400 不
ℹ️ [スキップ/エラーではありません] 平均タイムの該当データなし（サンプル不足）: 中山 ダート 1勝クラス 1200 不
ℹ️ [スキップ/エラーではありません] 平均タイムの該当データなし（サンプル不足）: 中山 障害 未勝利 2880 良
ℹ️ [スキップ/エラーではありません] 平均タイムの該当データなし（サンプル不足）: 新潟 障害 未勝利 2850 良
ℹ️ [スキップ/エラーではありません] 平均タイムの該当データなし（サンプル不足）: 中山 障害 未勝利 2880 良
ℹ️ [スキップ/エラーではありません] 平均タイムの該当データなし（サンプル不足）: 新潟 障害 未勝利 2890 良
ℹ️ [スキップ/エラーではありません] 平均タイムの該当データなし（サンプル不足）: 福島 障害 未勝利 2770 良
ℹ️ [スキップ/エラーではありません] 平均タイムの該当データなし（サンプル不足）: 中山 障害 未勝利 2880 良
ℹ️ [スキップ/エラーではありません] 平均タイムの該当データなし（サンプル不足）: 新潟 障害 未勝利 2850 良
ℹ️ [スキップ/エラーではありません] 平均タイムの該当データなし（サンプル不足）: 中山 障害 未勝利 2880 良
ℹ️ [スキップ/エラーではありません] 平均タイムの該当データなし（サンプル不足）: 東京 障害 未勝利 3000 良
ℹ️ [スキップ/エラーではありません] 平均タイムの該当データなし（サンプル不足）: 新潟 障害 未勝利 2850 良
ℹ️ [スキップ/エラーではありません] 平均タイムの該当データなし（サンプル不足）: 新潟 障害 未勝利 2850 良
ℹ️ [スキップ/エラーではありません] 平均タイムの該当データなし（サンプル不足）: 中京 障害 未勝利 3000 良
ℹ️ [スキップ/エラーではありません] 平均タイムの該当データなし（サンプル不足）: 東京 障害 未勝利 3000 良
ℹ️ [スキップ/エラーではありません] 平均タイムの該当データなし（サンプル不足）: 新潟 障害 未勝利 2850 良
ℹ️ [スキップ/エラーではありません] 平均タイムの該当データなし（サンプル不足）: 小倉 障害 未勝利 2860 良
ℹ️ [スキップ/エラーではありません] 平均タイムの該当データなし（サンプル不足）: 新潟 障害 未勝利 2850 良
ℹ️ [スキップ/エラーではありません] 平均タイムの該当データなし（サンプル不足）: 阪神 障害 未勝利 2970 良
ℹ️ [スキップ/エラーではありません] 平均タイムの該当データなし（サンプル不足）: 中京 障害 オープン 3300 良
ℹ️ [スキップ/エラーではありません] 平均タイムの該当データなし（サンプル不足）: 福島 障害 未勝利 2750 良
ℹ️ [スキップ/エラーではありません] 平均タイムの該当データなし（サンプル不足）: 福島 障害 未勝利 2770 良
ℹ️ [スキップ/エラーではありません] 平均タイムの該当データなし（サンプル不足）: 新潟 障害 未勝利 2890 稍重
ℹ️ [スキップ/エラーではありません] 平均タイムの該当データなし（サンプル不足）: 中山 障害 未勝利 2880 良
ℹ️ [スキップ/エラーではありません] 平均タイムの該当データなし（サンプル不足）: 小倉 障害 未勝利 2860 稍重
ℹ️ [スキップ/エラーではありません] 平均タイムの該当データなし（サンプル不足）: 東京 ダート 1勝クラス 1600 不
ℹ️ [スキップ/エラーではありません] 平均タイムの該当データなし（サンプル不足）: 東京 ダート 1勝クラス 1600 不
ℹ️ [スキップ/エラーではありません] 平均タイムの該当データなし（サンプル不足）: 京都 ダート 2勝クラス 1800 不
ℹ️ [スキップ/エラーではありません] 平均タイムの該当データなし（サンプル不足）: 東京 ダート 2勝クラス 1600 不
ℹ️ [スキップ/エラーではありません] 平均タイムの該当データなし（サンプル不足）: 東京 ダート オープン 1600 不
ℹ️ [スキップ/エラーではありません] 平均タイムの該当データなし（サンプル不足）: 東京 ダート 1勝クラス 1400 不
ℹ️ [スキップ/エラーではありません] 平均タイムの該当データなし（サンプル不足）: 中山 ダート 未勝利 1200 不
ℹ️ [スキップ/エラーではありません] 平均タイムの該当データなし（サンプル不足）: 中山 ダート 未勝利 1800 不
ℹ️ [スキップ/エラーではありません] 平均タイムの該当データなし（サンプル不足）: 東京 ダート 1勝クラス 1600 不
⚠️ プリサイスエンド: 該当コース(8:芝2000) のデータがありません。
ℹ️ [スキップ/エラーではありません] 平均タイムの該当データなし（サンプル不足）: 京都 ダート 未勝利 1400 不
ℹ️ [スキップ/エラーではありません] 平均タイムの該当データなし（サンプル不足）: 東京 ダート 未勝利 1600 不
ℹ️ [スキップ/エラーではありません] 平均タイムの該当データなし（サンプル不足）: 京都 ダート 未勝利 1400 不
ℹ️ [スキップ/エラーではありません] 平均タイムの該当データなし（サンプル不足）: 京都 ダート 1勝クラス 1400 不
ℹ️ [スキップ/エラーではありません] 平均タイムの該当データなし（サンプル不足）: 阪神 障害 未勝利 2970 良
ℹ️ [スキップ/エラーではありません] 平均タイムの該当データなし（サンプル不足）: 京都 ダート 未勝利 1800 不
ℹ️ [スキップ/エラーではありません] 平均タイムの該当データなし（サンプル不足）: 京都 ダート 未勝利 1400 不
ℹ️ [スキップ/エラーではありません] 平均タイムの該当データなし（サンプル不足）: 東京 ダート オープン 1600 不
ℹ️ [スキップ/エラーではありません] 平均タイムの該当データなし（サンプル不足）: 東京 ダート オープン 1600 不
ℹ️ [スキップ/エラーではありません] 平均タイムの該当データなし（サンプル不足）: 京都 ダート 3勝クラス 1800 不
ℹ️ [スキップ/エラーではありません] 平均タイムの該当データなし（サンプル不足）: 京都 芝 1勝クラス 2000 不
ℹ️ [スキップ/エラーではありません] 平均タイムの該当データなし（サンプル不足）: 京都 芝 1勝クラス 2000 不
ℹ️ [スキップ/エラーではありません] 平均タイムの該当データなし（サンプル不足）: 京都 ダート 2勝クラス 1800 不
ℹ️ [スキップ/エラーではありません] 平均タイムの該当データなし（サンプル不足）: 京都 ダート 1勝クラス 1400 不
ℹ️ [スキップ/エラーではありません] 平均タイムの該当データなし（サンプル不足）: 京都 ダート 1勝クラス 1400 不
ℹ️ [スキップ/エラーではありません] 平均タイムの該当データなし（サンプル不足）: 東京 ダート 2勝クラス 1600 不
出馬表再生成: 20251101
ℹ️ [スキップ/エラーではありません] 指定日に開催なし: 20251101 01_sapporo
ℹ️ [スキップ/エラーではありません] 指定日に開催なし: 20251101 02_hakodate
ℹ️ [スキップ/エラーではありません] 指定日に開催なし: 20251101 03_fukushima
ℹ️ [スキップ/エラーではありません] 指定日に開催なし: 20251101 04_nigata
ℹ️ [スキップ/エラーではありません] 指定日に開催なし: 20251101 06_nakayama
ℹ️ [スキップ/エラーではありません] 指定日に開催なし: 20251101 07_chukyo
ℹ️ [スキップ/エラーではありません] 指定日に開催なし: 20251101 09_hanshin
ℹ️ [スキップ/エラーではありません] 指定日に開催なし: 20251101 10_kokura
ℹ️ [スキップ/エラーではありません] 平均タイムの該当データなし（サンプル不足）: 東京 ダート 1勝クラス 1400 不
ℹ️ [スキップ/エラーではありません] 平均タイムの該当データなし（サンプル不足）: 東京 ダート 未勝利 1400 不
ℹ️ [スキップ/エラーではありません] 平均タイムの該当データなし（サンプル不足）: 中山 ダート 1勝クラス 1200 不
ℹ️ [スキップ/エラーではありません] 平均タイムの該当データなし（サンプル不足）: 東京 ダート 未勝利 1400 不
ℹ️ [スキップ/エラーではありません] 平均タイムの該当データなし（サンプル不足）: 中山 ダート 1勝クラス 2400 不
ℹ️ [スキップ/エラーではありません] 平均タイムの該当データなし（サンプル不足）: 東京 ダート 未勝利 2100 不
ℹ️ [スキップ/エラーではありません] 平均タイムの該当データなし（サンプル不足）: 東京 ダート 2勝クラス 1400 不
ℹ️ [スキップ/エラーではありません] 平均タイムの該当データなし（サンプル不足）: 中山 ダート 2勝クラス 1200 不
ℹ️ [スキップ/エラーではありません] 平均タイムの該当データなし（サンプル不足）: 中山 ダート 1勝クラス 1200 不
ℹ️ [スキップ/エラーではありません] 平均タイムの該当データなし（サンプル不足）: 東京 ダート 1勝クラス 1400 不
ℹ️ [スキップ/エラーではありません] 平均タイムの該当データなし（サンプル不足）: 東京 ダート オープン 1600 不
ℹ️ [スキップ/エラーではありません] 平均タイムの該当データなし（サンプル不足）: 東京 ダート オープン 1600 不
ℹ️ [スキップ/エラーではありません] 平均タイムの該当データなし（サンプル不足）: 新潟 ダート オープン 1800 不
ℹ️ [スキップ/エラーではありません] 平均タイムの該当データなし（サンプル不足）: 東京 ダート オープン 1600 不
ℹ️ [スキップ/エラーではありません] 平均タイムの該当データなし（サンプル不足）: 東京 障害 未勝利 3000 良
ℹ️ [スキップ/エラーではありません] 平均タイムの該当データなし（サンプル不足）: 新潟 障害 未勝利 2850 良
ℹ️ [スキップ/エラーではありません] 平均タイムの該当データなし（サンプル不足）: 小倉 障害 未勝利 2860 良
ℹ️ [スキップ/エラーではありません] 平均タイムの該当データなし（サンプル不足）: 阪神 障害 未勝利 2970 良
ℹ️ [スキップ/エラーではありません] 平均タイムの該当データなし（サンプル不足）: 新潟 障害 未勝利 2850 良
ℹ️ [スキップ/エラーではありません] 平均タイムの該当データなし（サンプル不足）: 新潟 障害 未勝利 2890 稍重
ℹ️ [スキップ/エラーではありません] 平均タイムの該当データなし（サンプル不足）: 中山 障害 未勝利 2880 良
ℹ️ [スキップ/エラーではありません] 平均タイムの該当データなし（サンプル不足）: 小倉 障害 未勝利 2860 良
ℹ️ [スキップ/エラーではありません] 平均タイムの該当データなし（サンプル不足）: 東京 障害 未勝利 3000 良
ℹ️ [スキップ/エラーではありません] 平均タイムの該当データなし（サンプル不足）: 中京 障害 未勝利 3000 良
ℹ️ [スキップ/エラーではありません] 平均タイムの該当データなし（サンプル不足）: 阪神 障害 未勝利 2970 良
ℹ️ [スキップ/エラーではありません] 平均タイムの該当データなし（サンプル不足）: 新潟 障害 未勝利 2890 稍重
ℹ️ [スキップ/エラーではありません] 平均タイムの該当データなし（サンプル不足）: 中山 障害 未勝利 2880 稍重
ℹ️ [スキップ/エラーではありません] 平均タイムの該当データなし（サンプル不足）: 阪神 障害 未勝利 2970 良
ℹ️ [スキップ/エラーではありません] 平均タイムの該当データなし（サンプル不足）: 東京 障害 未勝利 3000 良
ℹ️ [スキップ/エラーではありません] 平均タイムの該当データなし（サンプル不足）: 東京 障害 未勝利 3000 良
ℹ️ [スキップ/エラーではありません] 平均タイムの該当データなし（サンプル不足）: 阪神 障害 未勝利 2970 良
ℹ️ [スキップ/エラーではありません] 平均タイムの該当データなし（サンプル不足）: 中山 障害 未勝利 2880 良
ℹ️ [スキップ/エラーではありません] 平均タイムの該当データなし（サンプル不足）: 小倉 障害 未勝利 2860 良
ℹ️ [スキップ/エラーではありません] 平均タイムの該当データなし（サンプル不足）: 京都 障害 未勝利 2910 良
ℹ️ [スキップ/エラーではありません] 平均タイムの該当データなし（サンプル不足）: 東京 障害 未勝利 3000 良
ℹ️ [スキップ/エラーではありません] 平均タイムの該当データなし（サンプル不足）: 中京 障害 未勝利 3000 良
ℹ️ [スキップ/エラーではありません] 平均タイムの該当データなし（サンプル不足）: 東京 障害 未勝利 3000 稍重
ℹ️ [スキップ/エラーではありません] 平均タイムの該当データなし（サンプル不足）: 新潟 障害 未勝利 2890 稍重
ℹ️ [スキップ/エラーではありません] 平均タイムの該当データなし（サンプル不足）: 京都 ダート 1勝クラス 1400 不
ℹ️ [スキップ/エラーではありません] 平均タイムの該当データなし（サンプル不足）: 京都 ダート 1勝クラス 1400 不
ℹ️ [スキップ/エラーではありません] 平均タイムの該当データなし（サンプル不足）: 京都 ダート 1勝クラス 1400 不
ℹ️ [スキップ/エラーではありません] 平均タイムの該当データなし（サンプル不足）: 京都 ダート 2勝クラス 1800 不
ℹ️ [スキップ/エラーではありません] 平均タイムの該当データなし（サンプル不足）: 京都 ダート 2勝クラス 1800 不
ℹ️ [スキップ/エラーではありません] 平均タイムの該当データなし（サンプル不足）: 京都 ダート 2勝クラス 1800 不
ℹ️ [スキップ/エラーではありません] 平均タイムの該当データなし（サンプル不足）: 中京 ダート 未勝利 1800 不
ℹ️ [スキップ/エラーではありません] 平均タイムの該当データなし（サンプル不足）: 東京 ダート 2勝クラス 1600 不
ℹ️ [スキップ/エラーではありません] 平均タイムの該当データなし（サンプル不足）: 京都 ダート 2勝クラス 1800 不
ℹ️ [スキップ/エラーではありません] 平均タイムの該当データなし（サンプル不足）: 京都 ダート 2勝クラス 1800 不
ℹ️ [スキップ/エラーではありません] 平均タイムの該当データなし（サンプル不足）: 京都 ダート 2勝クラス 1800 不
ℹ️ [スキップ/エラーではありません] 配当結果データなし（未確定）: 202508031012
出馬表再生成: 20251102
ℹ️ [スキップ/エラーではありません] 指定日に開催なし: 20251102 01_sapporo
ℹ️ [スキップ/エラーではありません] 指定日に開催なし: 20251102 02_hakodate
ℹ️ [スキップ/エラーではありません] 指定日に開催なし: 20251102 03_fukushima
ℹ️ [スキップ/エラーではありません] 指定日に開催なし: 20251102 04_nigata
ℹ️ [スキップ/エラーではありません] 指定日に開催なし: 20251102 06_nakayama
ℹ️ [スキップ/エラーではありません] 指定日に開催なし: 20251102 07_chukyo
ℹ️ [スキップ/エラーではありません] 指定日に開催なし: 20251102 09_hanshin
ℹ️ [スキップ/エラーではありません] 指定日に開催なし: 20251102 10_kokura
ℹ️ [スキップ/エラーではありません] 平均タイムの該当データなし（サンプル不足）: 東京 ダート 1勝クラス 1400 不
ℹ️ [スキップ/エラーではありません] 平均タイムの該当データなし（サンプル不足）: 札幌 ダート 未勝利 1700 不
ℹ️ [スキップ/エラーではありません] 平均タイムの該当データなし（サンプル不足）: 新潟 ダート 1勝クラス 1800 不
ℹ️ [スキップ/エラーではありません] 平均タイムの該当データなし（サンプル不足）: 東京 ダート 1勝クラス 1600 不
ℹ️ [スキップ/エラーではありません] 平均タイムの該当データなし（サンプル不足）: 東京 ダート 1勝クラス 1600 不
ℹ️ [スキップ/エラーではありません] 平均タイムの該当データなし（サンプル不足）: 東京 ダート 未勝利 1600 不
ℹ️ [スキップ/エラーではありません] 平均タイムの該当データなし（サンプル不足）: 東京 ダート 1勝クラス 1600 不
ℹ️ [スキップ/エラーではありません] 平均タイムの該当データなし（サンプル不足）: 新潟 ダート 1勝クラス 1800 不
ℹ️ [スキップ/エラーではありません] 平均タイムの該当データなし（サンプル不足）: 京都 ダート 3勝クラス 1200 不
ℹ️ [スキップ/エラーではありません] 平均タイムの該当データなし（サンプル不足）: 新潟 芝 オープン 2000 不
ℹ️ [スキップ/エラーではありません] 配当結果データなし（未確定）: 202505041112
ℹ️ [スキップ/エラーではありません] 平均タイムの該当データなし（サンプル不足）: 東京 ダート 1勝クラス 1400 不
ℹ️ [スキップ/エラーではありません] 平均タイムの該当データなし（サンプル不足）: 京都 ダート 未勝利 1400 不
ℹ️ [スキップ/エラーではありません] 平均タイムの該当データなし（サンプル不足）: 京都 障害 未勝利 2910 良
ℹ️ [スキップ/エラーではありません] 平均タイムの該当データなし（サンプル不足）: 阪神 障害 未勝利 2970 良
ℹ️ [スキップ/エラーではありません] 平均タイムの該当データなし（サンプル不足）: 阪神 障害 未勝利 2970 良
ℹ️ [スキップ/エラーではありません] 平均タイムの該当データなし（サンプル不足）: 新潟 障害 未勝利 2890 稍重
ℹ️ [スキップ/エラーではありません] 平均タイムの該当データなし（サンプル不足）: 中山 障害 未勝利 2880 稍重
ℹ️ [スキップ/エラーではありません] 平均タイムの該当データなし（サンプル不足）: 京都 障害 未勝利 2910 良
ℹ️ [スキップ/エラーではありません] 平均タイムの該当データなし（サンプル不足）: 新潟 障害 未勝利 2850 良
ℹ️ [スキップ/エラーではありません] 平均タイムの該当データなし（サンプル不足）: 新潟 障害 未勝利 2850 良
ℹ️ [スキップ/エラーではありません] 平均タイムの該当データなし（サンプル不足）: 東京 障害 未勝利 3000 良
ℹ️ [スキップ/エラーではありません] 平均タイムの該当データなし（サンプル不足）: 阪神 障害 未勝利 2970 良
ℹ️ [スキップ/エラーではありません] 平均タイムの該当データなし（サンプル不足）: 中山 障害 未勝利 2880 良
ℹ️ [スキップ/エラーではありません] 平均タイムの該当データなし（サンプル不足）: 小倉 障害 未勝利 2860 良
ℹ️ [スキップ/エラーではありません] 平均タイムの該当データなし（サンプル不足）: 京都 障害 未勝利 2910 良
ℹ️ [スキップ/エラーではありません] 平均タイムの該当データなし（サンプル不足）: 中京 芝 オープン 3000 稍重
ℹ️ [スキップ/エラーではありません] 平均タイムの該当データなし（サンプル不足）: 東京 障害 未勝利 3000 良
ℹ️ [スキップ/エラーではありません] 平均タイムの該当データなし（サンプル不足）: 京都 障害 未勝利 2910 良
ℹ️ [スキップ/エラーではありません] 平均タイムの該当データなし（サンプル不足）: 小倉 障害 未勝利 2860 良
ℹ️ [スキップ/エラーではありません] 平均タイムの該当データなし（サンプル不足）: 東京 障害 未勝利 3000 稍重
ℹ️ [スキップ/エラーではありません] 平均タイムの該当データなし（サンプル不足）: 京都 障害 未勝利 2910 良
ℹ️ [スキップ/エラーではありません] 平均タイムの該当データなし（サンプル不足）: 小倉 障害 未勝利 2860 良
ℹ️ [スキップ/エラーではありません] 平均タイムの該当データなし（サンプル不足）: 京都 芝 未勝利 2400 不
ℹ️ [スキップ/エラーではありません] 平均タイムの該当データなし（サンプル不足）: 中京 ダート 新馬 1400 不
ℹ️ [スキップ/エラーではありません] 平均タイムの該当データなし（サンプル不足）: 京都 ダート 未勝利 1900 不
ℹ️ [スキップ/エラーではありません] 平均タイムの該当データなし（サンプル不足）: 京都 芝 2勝クラス 1200 不
ℹ️ [スキップ/エラーではありません] 平均タイムの該当データなし（サンプル不足）: 中京 芝 オープン 3000 稍重
ℹ️ [スキップ/エラーではありません] 平均タイムの該当データなし（サンプル不足）: 阪神 障害 未勝利 2970 良
ℹ️ [スキップ/エラーではありません] 平均タイムの該当データなし（サンプル不足）: 中京 障害 未勝利 3000 良
ℹ️ [スキップ/エラーではありません] 平均タイムの該当データなし（サンプル不足）: 阪神 障害 未勝利 2970 良
ℹ️ [スキップ/エラーではありません] 平均タイムの該当データなし（サンプル不足）: 阪神 障害 未勝利 2970 良
ℹ️ [スキップ/エラーではありません] 平均タイムの該当データなし（サンプル不足）: 京都 障害 オープン 3170 良
ℹ️ [スキップ/エラーではありません] 平均タイムの該当データなし（サンプル不足）: 中山 障害 オープン 3210 稍重
ℹ️ [スキップ/エラーではありません] 平均タイムの該当データなし（サンプル不足）: 阪神 障害 オープン 3110 良
ℹ️ [スキップ/エラーではありません] 平均タイムの該当データなし（サンプル不足）: 京都 障害 未勝利 2910 良
ℹ️ [スキップ/エラーではありません] 平均タイムの該当データなし（サンプル不足）: 中山 障害 未勝利 2880 良
ℹ️ [スキップ/エラーではありません] 平均タイムの該当データなし（サンプル不足）: 京都 芝 2勝クラス 1200 不
ℹ️ [スキップ/エラーではありません] 平均タイムの該当データなし（サンプル不足）: 京都 芝 2勝クラス 1200 不
出馬表再生成: 20251115
ℹ️ [スキップ/エラーではありません] 指定日に開催なし: 20251115 01_sapporo
ℹ️ [スキップ/エラーではありません] 指定日に開催なし: 20251115 02_hakodate
ℹ️ [スキップ/エラーではありません] 指定日に開催なし: 20251115 04_nigata
ℹ️ [スキップ/エラーではありません] 指定日に開催なし: 20251115 06_nakayama
ℹ️ [スキップ/エラーではありません] 指定日に開催なし: 20251115 07_chukyo
ℹ️ [スキップ/エラーではありません] 指定日に開催なし: 20251115 09_hanshin
ℹ️ [スキップ/エラーではありません] 指定日に開催なし: 20251115 10_kokura
ℹ️ [スキップ/エラーではありません] 平均タイムの該当データなし（サンプル不足）: 中京 ダート 未勝利 1400 不
ℹ️ [スキップ/エラーではありません] 平均タイムの該当データなし（サンプル不足）: 中山 ダート 1勝クラス 1200 不
ℹ️ [スキップ/エラーではありません] 平均タイムの該当データなし（サンプル不足）: 小倉 ダート 未勝利 1700 不
ℹ️ [スキップ/エラーではありません] 平均タイムの該当データなし（サンプル不足）: 小倉 ダート 未勝利 1700 不
ℹ️ [スキップ/エラーではありません] 平均タイムの該当データなし（サンプル不足）: 新潟 芝 1勝クラス 1800 不
ℹ️ [スキップ/エラーではありません] 平均タイムの該当データなし（サンプル不足）: 東京 ダート 1勝クラス 1600 不
ℹ️ [スキップ/エラーではありません] 平均タイムの該当データなし（サンプル不足）: 京都 ダート 2勝クラス 1800 不
ℹ️ [スキップ/エラーではありません] 平均タイムの該当データなし（サンプル不足）: 札幌 ダート 1勝クラス 1700 不
ℹ️ [スキップ/エラーではありません] 平均タイムの該当データなし（サンプル不足）: 東京 ダート 1勝クラス 1600 不
ℹ️ [スキップ/エラーではありません] 平均タイムの該当データなし（サンプル不足）: 札幌 ダート 1勝クラス 1700 不
ℹ️ [スキップ/エラーではありません] 平均タイムの該当データなし（サンプル不足）: 中山 ダート 2勝クラス 1200 不
ℹ️ [スキップ/エラーではありません] 平均タイムの該当データなし（サンプル不足）: 福島 ダート 3勝クラス 1150 不
ℹ️ [スキップ/エラーではありません] 平均タイムの該当データなし（サンプル不足）: 中山 ダート 未勝利 1800 不
ℹ️ [スキップ/エラーではありません] 平均タイムの該当データなし（サンプル不足）: 東京 ダート 未勝利 1400 不
ℹ️ [スキップ/エラーではありません] 平均タイムの該当データなし（サンプル不足）: 東京 ダート 未勝利 1600 不
ℹ️ [スキップ/エラーではありません] 平均タイムの該当データなし（サンプル不足）: 東京 ダート 1勝クラス 1600 不
ℹ️ [スキップ/エラーではありません] 平均タイムの該当データなし（サンプル不足）: 東京 ダート 1勝クラス 1600 不
ℹ️ [スキップ/エラーではありません] 平均タイムの該当データなし（サンプル不足）: 東京 ダート 1勝クラス 1600 不
ℹ️ [スキップ/エラーではありません] 平均タイムの該当データなし（サンプル不足）: 東京 ダート 未勝利 1400 不
ℹ️ [スキップ/エラーではありません] 平均タイムの該当データなし（サンプル不足）: 阪神 障害 オープン 3140 良
ℹ️ [スキップ/エラーではありません] 平均タイムの該当データなし（サンプル不足）: 新潟 障害 オープン 3250 良
ℹ️ [スキップ/エラーではありません] 平均タイムの該当データなし（サンプル不足）: 新潟 障害 オープン 2850 良
ℹ️ [スキップ/エラーではありません] 平均タイムの該当データなし（サンプル不足）: 新潟 障害 未勝利 2890 稍重
ℹ️ [スキップ/エラーではありません] 平均タイムの該当データなし（サンプル不足）: 京都 障害 未勝利 2910 良
ℹ️ [スキップ/エラーではありません] 平均タイムの該当データなし（サンプル不足）: 新潟 障害 未勝利 2850 良
ℹ️ [スキップ/エラーではありません] 平均タイムの該当データなし（サンプル不足）: 新潟 障害 未勝利 2890 稍重
ℹ️ [スキップ/エラーではありません] 平均タイムの該当データなし（サンプル不足）: 新潟 障害 未勝利 2890 稍重
ℹ️ [スキップ/エラーではありません] 平均タイムの該当データなし（サンプル不足）: 中京 障害 オープン 3300 良
ℹ️ [スキップ/エラーではありません] 平均タイムの該当データなし（サンプル不足）: 中山 障害 オープン 3200 良
ℹ️ [スキップ/エラーではありません] 平均タイムの該当データなし（サンプル不足）: 阪神 障害 オープン 3140 良
ℹ️ [スキップ/エラーではありません] 平均タイムの該当データなし（サンプル不足）: 小倉 障害 オープン 3390 稍重
ℹ️ [スキップ/エラーではありません] 平均タイムの該当データなし（サンプル不足）: 小倉 障害 オープン 3390 良
ℹ️ [スキップ/エラーではありません] 平均タイムの該当データなし（サンプル不足）: 新潟 障害 オープン 2890 良
ℹ️ [スキップ/エラーではありません] 平均タイムの該当データなし（サンプル不足）: 小倉 障害 オープン 2860 良
ℹ️ [スキップ/エラーではありません] 平均タイムの該当データなし（サンプル不足）: 新潟 障害 未勝利 2850 良
ℹ️ [スキップ/エラーではありません] 平均タイムの該当データなし（サンプル不足）: 福島 障害 未勝利 2770 良
ℹ️ [スキップ/エラーではありません] 平均タイムの該当データなし（サンプル不足）: 東京 障害 未勝利 3000 良
ℹ️ [スキップ/エラーではありません] 平均タイムの該当データなし（サンプル不足）: 東京 障害 未勝利 3000 良
ℹ️ [スキップ/エラーではありません] 平均タイムの該当データなし（サンプル不足）: 新潟 障害 未勝利 2890 稍重
ℹ️ [スキップ/エラーではありません] 平均タイムの該当データなし（サンプル不足）: 東京 障害 オープン 3110 良
ℹ️ [スキップ/エラーではありません] 平均タイムの該当データなし（サンプル不足）: 阪神 障害 オープン 3110 良
ℹ️ [スキップ/エラーではありません] 平均タイムの該当データなし（サンプル不足）: 京都 障害 オープン 3170 良
ℹ️ [スキップ/エラーではありません] 平均タイムの該当データなし（サンプル不足）: 中山 障害 オープン 3350 良
ℹ️ [スキップ/エラーではありません] 平均タイムの該当データなし（サンプル不足）: 中山 障害 オープン 3200 良
ℹ️ [スキップ/エラーではありません] 平均タイムの該当データなし（サンプル不足）: 新潟 障害 オープン 3250 良
ℹ️ [スキップ/エラーではありません] 平均タイムの該当データなし（サンプル不足）: 新潟 障害 未勝利 2850 良
ℹ️ [スキップ/エラーではありません] 平均タイムの該当データなし（サンプル不足）: 中山 障害 未勝利 2880 良
ℹ️ [スキップ/エラーではありません] 平均タイムの該当データなし（サンプル不足）: 中山 障害 未勝利 2880 稍重
ℹ️ [スキップ/エラーではありません] 平均タイムの該当データなし（サンプル不足）: 福島 障害 未勝利 2750 良
ℹ️ [スキップ/エラーではありません] 平均タイムの該当データなし（サンプル不足）: 小倉 障害 未勝利 2860 重
ℹ️ [スキップ/エラーではありません] 平均タイムの該当データなし（サンプル不足）: 東京 障害 オープン 3100 良
ℹ️ [スキップ/エラーではありません] 平均タイムの該当データなし（サンプル不足）: 新潟 障害 オープン 3250 良
ℹ️ [スキップ/エラーではありません] 平均タイムの該当データなし（サンプル不足）: 小倉 障害 オープン 3390 良
ℹ️ [スキップ/エラーではありません] 平均タイムの該当データなし（サンプル不足）: 東京 障害 未勝利 3000 稍重
ℹ️ [スキップ/エラーではありません] 平均タイムの該当データなし（サンプル不足）: 京都 障害 未勝利 2910 良
ℹ️ [スキップ/エラーではありません] 平均タイムの該当データなし（サンプル不足）: 東京 障害 オープン 3100 良
ℹ️ [スキップ/エラーではありません] 平均タイムの該当データなし（サンプル不足）: 京都 障害 オープン 3170 良
ℹ️ [スキップ/エラーではありません] 平均タイムの該当データなし（サンプル不足）: 新潟 障害 オープン 2890 稍重
ℹ️ [スキップ/エラーではありません] 平均タイムの該当データなし（サンプル不足）: 小倉 障害 オープン 2860 良
ℹ️ [スキップ/エラーではありません] 平均タイムの該当データなし（サンプル不足）: 新潟 障害 オープン 3250 良
ℹ️ [スキップ/エラーではありません] 平均タイムの該当データなし（サンプル不足）: 小倉 障害 オープン 3390 良
ℹ️ [スキップ/エラーではありません] 平均タイムの該当データなし（サンプル不足）: 京都 障害 オープン 3930 不
ℹ️ [スキップ/エラーではありません] 平均タイムの該当データなし（サンプル不足）: 小倉 障害 オープン 3390 良
ℹ️ [スキップ/エラーではありません] 平均タイムの該当データなし（サンプル不足）: 中山 障害 オープン 3570 良
ℹ️ [スキップ/エラーではありません] 平均タイムの該当データなし（サンプル不足）: 小倉 障害 オープン 3390 良
ℹ️ [スキップ/エラーではありません] 平均タイムの該当データなし（サンプル不足）: 京都 障害 オープン 3170 良
ℹ️ [スキップ/エラーではありません] 平均タイムの該当データなし（サンプル不足）: 東京 障害 オープン 3110 良
ℹ️ [スキップ/エラーではありません] 平均タイムの該当データなし（サンプル不足）: 東京 障害 オープン 3110 稍重
ℹ️ [スキップ/エラーではありません] 平均タイムの該当データなし（サンプル不足）: 阪神 障害 オープン 3140 良
ℹ️ [スキップ/エラーではありません] 平均タイムの該当データなし（サンプル不足）: 京都 ダート 2勝クラス 1800 不
ℹ️ [スキップ/エラーではありません] 平均タイムの該当データなし（サンプル不足）: 東京 ダート 2勝クラス 1600 不
ℹ️ [スキップ/エラーではありません] 平均タイムの該当データなし（サンプル不足）: 東京 ダート 1勝クラス 1600 不
ℹ️ [スキップ/エラーではありません] 平均タイムの該当データなし（サンプル不足）: 東京 ダート 1勝クラス 1600 不
ℹ️ [スキップ/エラーではありません] 平均タイムの該当データなし（サンプル不足）: 中山 ダート 2勝クラス 2400 不
ℹ️ [スキップ/エラーではありません] 平均タイムの該当データなし（サンプル不足）: 京都 ダート 1勝クラス 1400 不
ℹ️ [スキップ/エラーではありません] 平均タイムの該当データなし（サンプル不足）: 東京 ダート 2勝クラス 1600 不
ℹ️ [スキップ/エラーではありません] 平均タイムの該当データなし（サンプル不足）: 東京 ダート 2勝クラス 1600 不
ℹ️ [スキップ/エラーではありません] 平均タイムの該当データなし（サンプル不足）: 新潟 ダート オープン 1800 不
ℹ️ [スキップ/エラーではありません] 平均タイムの該当データなし（サンプル不足）: 京都 障害 未勝利 2910 良
ℹ️ [スキップ/エラーではありません] 平均タイムの該当データなし（サンプル不足）: 京都 ダート 3勝クラス 1200 不
ℹ️ [スキップ/エラーではありません] 平均タイムの該当データなし（サンプル不足）: 東京 障害 未勝利 3000 良
ℹ️ [スキップ/エラーではありません] 平均タイムの該当データなし（サンプル不足）: 新潟 障害 未勝利 2890 良
ℹ️ [スキップ/エラーではありません] 平均タイムの該当データなし（サンプル不足）: 東京 ダート 新馬 1400 不
ℹ️ [スキップ/エラーではありません] 平均タイムの該当データなし（サンプル不足）: 東京 ダート 2勝クラス 1600 不
出馬表再生成: 20251116
ℹ️ [スキップ/エラーではありません] 指定日に開催なし: 20251116 01_sapporo
ℹ️ [スキップ/エラーではありません] 指定日に開催なし: 20251116 02_hakodate
ℹ️ [スキップ/エラーではありません] 指定日に開催なし: 20251116 04_nigata
ℹ️ [スキップ/エラーではありません] 指定日に開催なし: 20251116 06_nakayama
ℹ️ [スキップ/エラーではありません] 指定日に開催なし: 20251116 07_chukyo
ℹ️ [スキップ/エラーではありません] 指定日に開催なし: 20251116 09_hanshin
ℹ️ [スキップ/エラーではありません] 指定日に開催なし: 20251116 10_kokura
ℹ️ [スキップ/エラーではありません] 平均タイムの該当データなし（サンプル不足）: 京都 ダート 未勝利 1800 不
ℹ️ [スキップ/エラーではありません] 平均タイムの該当データなし（サンプル不足）: 札幌 ダート 1勝クラス 1700 不
ℹ️ [スキップ/エラーではありません] 平均タイムの該当データなし（サンプル不足）: 京都 ダート 未勝利 1800 不
ℹ️ [スキップ/エラーではありません] 平均タイムの該当データなし（サンプル不足）: 東京 ダート 1勝クラス 1600 不
ℹ️ [スキップ/エラーではありません] 平均タイムの該当データなし（サンプル不足）: 札幌 ダート 1勝クラス 1700 不
ℹ️ [スキップ/エラーではありません] 平均タイムの該当データなし（サンプル不足）: 中山 障害 未勝利 2880 良
ℹ️ [スキップ/エラーではありません] 平均タイムの該当データなし（サンプル不足）: 中山 障害 未勝利 2880 良
ℹ️ [スキップ/エラーではありません] 平均タイムの該当データなし（サンプル不足）: 福島 障害 未勝利 2750 良
ℹ️ [スキップ/エラーではありません] 平均タイムの該当データなし（サンプル不足）: 中山 障害 未勝利 2880 良
ℹ️ [スキップ/エラーではありません] 平均タイムの該当データなし（サンプル不足）: 東京 障害 未勝利 3000 良
ℹ️ [スキップ/エラーではありません] 平均タイムの該当データなし（サンプル不足）: 京都 ダート 1勝クラス 1400 不
ℹ️ [スキップ/エラーではありません] 平均タイムの該当データなし（サンプル不足）: 東京 障害 未勝利 3000 良
ℹ️ [スキップ/エラーではありません] 平均タイムの該当データなし（サンプル不足）: 京都 ダート 3勝クラス 1800 不
ℹ️ [スキップ/エラーではありません] 平均タイムの該当データなし（サンプル不足）: 新潟 障害 未勝利 2890 良
ℹ️ [スキップ/エラーではありません] 平均タイムの該当データなし（サンプル不足）: 小倉 障害 未勝利 2860 良
ℹ️ [スキップ/エラーではありません] 平均タイムの該当データなし（サンプル不足）: 小倉 障害 未勝利 2860 稍重
ℹ️ [スキップ/エラーではありません] 平均タイムの該当データなし（サンプル不足）: 新潟 障害 未勝利 2850 良
ℹ️ [スキップ/エラーではありません] 平均タイムの該当データなし（サンプル不足）: 中京 障害 未勝利 3000 稍重
ℹ️ [スキップ/エラーではありません] 平均タイムの該当データなし（サンプル不足）: 京都 障害 未勝利 2910 良
ℹ️ [スキップ/エラーではありません] 平均タイムの該当データなし（サンプル不足）: 阪神 障害 未勝利 2970 良
ℹ️ [スキップ/エラーではありません] 平均タイムの該当データなし（サンプル不足）: 阪神 障害 未勝利 2970 良
ℹ️ [スキップ/エラーではありません] 平均タイムの該当データなし（サンプル不足）: 東京 障害 未勝利 3000 良
ℹ️ [スキップ/エラーではありません] 平均タイムの該当データなし（サンプル不足）: 新潟 障害 未勝利 2850 良
ℹ️ [スキップ/エラーではありません] 平均タイムの該当データなし（サンプル不足）: 中山 障害 未勝利 2880 良
ℹ️ [スキップ/エラーではありません] 平均タイムの該当データなし（サンプル不足）: 中山 障害 未勝利 2880 良
ℹ️ [スキップ/エラーではありません] 平均タイムの該当データなし（サンプル不足）: 新潟 障害 未勝利 2850 良
ℹ️ [スキップ/エラーではありません] 平均タイムの該当データなし（サンプル不足）: 京都 ダート 1勝クラス 1400 不
ℹ️ [スキップ/エラーではありません] 平均タイムの該当データなし（サンプル不足）: 京都 障害 未勝利 2910 良
ℹ️ [スキップ/エラーではありません] 平均タイムの該当データなし（サンプル不足）: 新潟 障害 未勝利 2850 良
ℹ️ [スキップ/エラーではありません] 平均タイムの該当データなし（サンプル不足）: 福島 障害 未勝利 2750 良
ℹ️ [スキップ/エラーではありません] 平均タイムの該当データなし（サンプル不足）: 京都 障害 未勝利 2910 良
ℹ️ [スキップ/エラーではありません] 平均タイムの該当データなし（サンプル不足）: 小倉 障害 未勝利 2860 良
ℹ️ [スキップ/エラーではありません] 平均タイムの該当データなし（サンプル不足）: 新潟 障害 未勝利 2890 稍重
ℹ️ [スキップ/エラーではありません] 平均タイムの該当データなし（サンプル不足）: 京都 障害 未勝利 2910 良
ℹ️ [スキップ/エラーではありません] 平均タイムの該当データなし（サンプル不足）: 東京 ダート 1勝クラス 1600 不
ℹ️ [スキップ/エラーではありません] 平均タイムの該当データなし（サンプル不足）: 東京 障害 未勝利 3000 稍重
ℹ️ [スキップ/エラーではありません] 平均タイムの該当データなし（サンプル不足）: 新潟 障害 未勝利 2850 良
ℹ️ [スキップ/エラーではありません] 平均タイムの該当データなし（サンプル不足）: 中京 障害 未勝利 3000 良
ℹ️ [スキップ/エラーではありません] 平均タイムの該当データなし（サンプル不足）: 小倉 障害 未勝利 2860 良
ℹ️ [スキップ/エラーではありません] 平均タイムの該当データなし（サンプル不足）: 中山 障害 未勝利 2880 良
ℹ️ [スキップ/エラーではありません] 平均タイムの該当データなし（サンプル不足）: 阪神 障害 未勝利 2970 稍重
ℹ️ [スキップ/エラーではありません] 平均タイムの該当データなし（サンプル不足）: 東京 障害 未勝利 3000 良
ℹ️ [スキップ/エラーではありません] 平均タイムの該当データなし（サンプル不足）: 新潟 障害 未勝利 2850 良
ℹ️ [スキップ/エラーではありません] 平均タイムの該当データなし（サンプル不足）: 福島 障害 未勝利 2770 良
ℹ️ [スキップ/エラーではありません] 平均タイムの該当データなし（サンプル不足）: 中京 障害 未勝利 3000 良
ℹ️ [スキップ/エラーではありません] 平均タイムの該当データなし（サンプル不足）: 福島 障害 未勝利 2770 良
ℹ️ [スキップ/エラーではありません] 平均タイムの該当データなし（サンプル不足）: 京都 芝 オープン 1400 不
ℹ️ [スキップ/エラーではありません] 平均タイムの該当データなし（サンプル不足）: 小倉 ダート 1勝クラス 1000 不
ℹ️ [スキップ/エラーではありません] 平均タイムの該当データなし（サンプル不足）: 中山 ダート 1勝クラス 1200 不
ℹ️ [スキップ/エラーではありません] 平均タイムの該当データなし（サンプル不足）: 小倉 芝 1勝クラス 1200 不
ℹ️ [スキップ/エラーではありません] 平均タイムの該当データなし（サンプル不足）: 京都 ダート 1勝クラス 1400 不
ℹ️ [スキップ/エラーではありません] 平均タイムの該当データなし（サンプル不足）: 東京 ダート オープン 1400 不
ℹ️ [スキップ/エラーではありません] 平均タイムの該当データなし（サンプル不足）: 東京 ダート オープン 1600 不
ℹ️ [スキップ/エラーではありません] 平均タイムの該当データなし（サンプル不足）: 東京 ダート 未勝利 1400 不
ℹ️ [スキップ/エラーではありません] 平均タイムの該当データなし（サンプル不足）: 東京 ダート 未勝利 1400 不
ℹ️ [スキップ/エラーではありません] 平均タイムの該当データなし（サンプル不足）: 東京 ダート 未勝利 1400 不
ℹ️ [スキップ/エラーではありません] 平均タイムの該当データなし（サンプル不足）: 東京 ダート 未勝利 1400 不
ℹ️ [スキップ/エラーではありません] 平均タイムの該当データなし（サンプル不足）: 東京 ダート 1勝クラス 1600 不
ℹ️ [スキップ/エラーではありません] 平均タイムの該当データなし（サンプル不足）: 東京 ダート 1勝クラス 1400 不
ℹ️ [スキップ/エラーではありません] 平均タイムの該当データなし（サンプル不足）: 東京 ダート 1勝クラス 1600 不
ℹ️ [スキップ/エラーではありません] 平均タイムの該当データなし（サンプル不足）: 東京 ダート 1勝クラス 1600 不
ℹ️ [スキップ/エラーではありません] 平均タイムの該当データなし（サンプル不足）: 東京 ダート 1勝クラス 1600 不
ℹ️ [スキップ/エラーではありません] 平均タイムの該当データなし（サンプル不足）: 東京 ダート 1勝クラス 1600 不
ℹ️ [スキップ/エラーではありません] 平均タイムの該当データなし（サンプル不足）: 東京 ダート 2勝クラス 1400 不
ℹ️ [スキップ/エラーではありません] 平均タイムの該当データなし（サンプル不足）: 東京 ダート 2勝クラス 1400 不
ℹ️ [スキップ/エラーではありません] 平均タイムの該当データなし（サンプル不足）: 東京 障害 未勝利 3000 稍重
ℹ️ [スキップ/エラーではありません] 平均タイムの該当データなし（サンプル不足）: 東京 ダート 2勝クラス 1400 不
ℹ️ [スキップ/エラーではありません] 平均タイムの該当データなし（サンプル不足）: 東京 ダート 1勝クラス 1400 不
ℹ️ [スキップ/エラーではありません] 平均タイムの該当データなし（サンプル不足）: 京都 ダート 3勝クラス 1800 不
ℹ️ [スキップ/エラーではありません] 平均タイムの該当データなし（サンプル不足）: 東京 ダート 2勝クラス 1600 不
ℹ️ [スキップ/エラーではありません] 平均タイムの該当データなし（サンプル不足）: 東京 ダート オープン 1400 不
ℹ️ [スキップ/エラーではありません] 平均タイムの該当データなし（サンプル不足）: 京都 ダート 未勝利 1200 不
ℹ️ [スキップ/エラーではありません] 平均タイムの該当データなし（サンプル不足）: 京都 ダート 未勝利 1200 不
ℹ️ [スキップ/エラーではありません] 平均タイムの該当データなし（サンプル不足）: 京都 ダート 1勝クラス 1400 不
ℹ️ [スキップ/エラーではありません] 平均タイムの該当データなし（サンプル不足）: 東京 ダート 2勝クラス 1600 不
ℹ️ [スキップ/エラーではありません] 平均タイムの該当データなし（サンプル不足）: 京都 ダート 2勝クラス 1800 不
ℹ️ [スキップ/エラーではありません] 平均タイムの該当データなし（サンプル不足）: 京都 ダート 2勝クラス 1800 不
ℹ️ [スキップ/エラーではありません] 平均タイムの該当データなし（サンプル不足）: 京都 芝 2勝クラス 1200 不
ℹ️ [スキップ/エラーではありません] 平均タイムの該当データなし（サンプル不足）: 京都 芝 2勝クラス 1800 不
ℹ️ [スキップ/エラーではありません] 平均タイムの該当データなし（サンプル不足）: 京都 ダート 2勝クラス 1800 不
ℹ️ [スキップ/エラーではありません] 平均タイムの該当データなし（サンプル不足）: 新潟 ダート オープン 1800 不
ℹ️ [スキップ/エラーではありません] 平均タイムの該当データなし（サンプル不足）: 新潟 ダート オープン 1800 不
ℹ️ [スキップ/エラーではありません] 平均タイムの該当データなし（サンプル不足）: 新潟 ダート オープン 1800 不
ℹ️ [スキップ/エラーではありません] 平均タイムの該当データなし（サンプル不足）: 札幌 ダート 1勝クラス 1700 不
出馬表再生成: 20251122
ℹ️ [スキップ/エラーではありません] 指定日に開催なし: 20251122 01_sapporo
ℹ️ [スキップ/エラーではありません] 指定日に開催なし: 20251122 02_hakodate
ℹ️ [スキップ/エラーではありません] 指定日に開催なし: 20251122 04_nigata
ℹ️ [スキップ/エラーではありません] 指定日に開催なし: 20251122 05_tokyo
ℹ️ [スキップ/エラーではありません] 指定日に開催なし: 20251122 06_nakayama
ℹ️ [スキップ/エラーではありません] 指定日に開催なし: 20251122 07_chukyo
ℹ️ [スキップ/エラーではありません] 指定日に開催なし: 20251122 09_hanshin
ℹ️ [スキップ/エラーではありません] 指定日に開催なし: 20251122 10_kokura
ℹ️ [スキップ/エラーではありません] 平均タイムの該当データなし（サンプル不足）: 中山 ダート 1勝クラス 1200 不
ℹ️ [スキップ/エラーではありません] 平均タイムの該当データなし（サンプル不足）: 東京 ダート 未勝利 1400 不
ℹ️ [スキップ/エラーではありません] 平均タイムの該当データなし（サンプル不足）: 京都 ダート 1勝クラス 1400 不
ℹ️ [スキップ/エラーではありません] 平均タイムの該当データなし（サンプル不足）: 東京 障害 未勝利 3000 稍重
ℹ️ [スキップ/エラーではありません] 平均タイムの該当データなし（サンプル不足）: 東京 障害 未勝利 3000 良
ℹ️ [スキップ/エラーではありません] 平均タイムの該当データなし（サンプル不足）: 新潟 障害 未勝利 2850 良
ℹ️ [スキップ/エラーではありません] 平均タイムの該当データなし（サンプル不足）: 小倉 障害 未勝利 2860 良
ℹ️ [スキップ/エラーではありません] 平均タイムの該当データなし（サンプル不足）: 東京 障害 未勝利 3000 良
ℹ️ [スキップ/エラーではありません] 平均タイムの該当データなし（サンプル不足）: 京都 芝 未勝利 1800 不
ℹ️ [スキップ/エラーではありません] 平均タイムの該当データなし（サンプル不足）: 福島 障害 未勝利 2750 良
ℹ️ [スキップ/エラーではありません] 平均タイムの該当データなし（サンプル不足）: 新潟 障害 未勝利 2850 良
ℹ️ [スキップ/エラーではありません] 平均タイムの該当データなし（サンプル不足）: 新潟 障害 未勝利 2890 稍重
ℹ️ [スキップ/エラーではありません] 平均タイムの該当データなし（サンプル不足）: 中山 障害 未勝利 2880 稍重
ℹ️ [スキップ/エラーではありません] 平均タイムの該当データなし（サンプル不足）: 小倉 障害 未勝利 2860 良
ℹ️ [スキップ/エラーではありません] 平均タイムの該当データなし（サンプル不足）: 東京 障害 未勝利 3000 稍重
ℹ️ [スキップ/エラーではありません] 平均タイムの該当データなし（サンプル不足）: 福島 障害 未勝利 2770 良
ℹ️ [スキップ/エラーではありません] 平均タイムの該当データなし（サンプル不足）: 新潟 障害 未勝利 2890 稍重
ℹ️ [スキップ/エラーではありません] 平均タイムの該当データなし（サンプル不足）: 中山 障害 未勝利 2880 良
ℹ️ [スキップ/エラーではありません] 平均タイムの該当データなし（サンプル不足）: 小倉 障害 未勝利 2860 稍重
ℹ️ [スキップ/エラーではありません] 平均タイムの該当データなし（サンプル不足）: 福島 障害 未勝利 2750 良
ℹ️ [スキップ/エラーではありません] 平均タイムの該当データなし（サンプル不足）: 京都 障害 未勝利 2910 良
ℹ️ [スキップ/エラーではありません] 平均タイムの該当データなし（サンプル不足）: 中山 障害 未勝利 2880 良
ℹ️ [スキップ/エラーではありません] 平均タイムの該当データなし（サンプル不足）: 中京 障害 未勝利 3000 良
ℹ️ [スキップ/エラーではありません] 平均タイムの該当データなし（サンプル不足）: 中京 障害 未勝利 3000 良
ℹ️ [スキップ/エラーではありません] 平均タイムの該当データなし（サンプル不足）: 福島 障害 未勝利 2750 良
ℹ️ [スキップ/エラーではありません] 平均タイムの該当データなし（サンプル不足）: 小倉 障害 未勝利 2860 良
ℹ️ [スキップ/エラーではありません] 平均タイムの該当データなし（サンプル不足）: 新潟 障害 未勝利 2890 良
ℹ️ [スキップ/エラーではありません] 平均タイムの該当データなし（サンプル不足）: 新潟 障害 未勝利 2890 良
ℹ️ [スキップ/エラーではありません] 平均タイムの該当データなし（サンプル不足）: 東京 障害 未勝利 3000 稍重
ℹ️ [スキップ/エラーではありません] 平均タイムの該当データなし（サンプル不足）: 京都 障害 オープン 3170 良
ℹ️ [スキップ/エラーではありません] 平均タイムの該当データなし（サンプル不足）: 中山 障害 オープン 3210 稍重
ℹ️ [スキップ/エラーではありません] 平均タイムの該当データなし（サンプル不足）: 新潟 障害 オープン 3250 良
ℹ️ [スキップ/エラーではありません] 平均タイムの該当データなし（サンプル不足）: 新潟 障害 オープン 2850 良
ℹ️ [スキップ/エラーではありません] 平均タイムの該当データなし（サンプル不足）: 新潟 障害 オープン 3290 良
ℹ️ [スキップ/エラーではありません] 平均タイムの該当データなし（サンプル不足）: 東京 障害 オープン 3100 良
ℹ️ [スキップ/エラーではありません] 平均タイムの該当データなし（サンプル不足）: 小倉 障害 オープン 3390 良
ℹ️ [スキップ/エラーではありません] 平均タイムの該当データなし（サンプル不足）: 新潟 障害 オープン 3290 良
ℹ️ [スキップ/エラーではありません] 平均タイムの該当データなし（サンプル不足）: 新潟 障害 オープン 3250 良
ℹ️ [スキップ/エラーではありません] 平均タイムの該当データなし（サンプル不足）: 小倉 障害 オープン 3390 稍重
ℹ️ [スキップ/エラーではありません] 平均タイムの該当データなし（サンプル不足）: 東京 障害 未勝利 3000 良
ℹ️ [スキップ/エラーではありません] 平均タイムの該当データなし（サンプル不足）: 東京 障害 未勝利 3000 良
ℹ️ [スキップ/エラーではありません] 平均タイムの該当データなし（サンプル不足）: 新潟 障害 未勝利 2890 稍重
ℹ️ [スキップ/エラーではありません] 平均タイムの該当データなし（サンプル不足）: 新潟 障害 未勝利 2890 稍重
ℹ️ [スキップ/エラーではありません] 平均タイムの該当データなし（サンプル不足）: 新潟 障害 オープン 3250 良
ℹ️ [スキップ/エラーではありません] 平均タイムの該当データなし（サンプル不足）: 新潟 障害 オープン 2850 良
ℹ️ [スキップ/エラーではありません] 平均タイムの該当データなし（サンプル不足）: 新潟 障害 オープン 3290 良
ℹ️ [スキップ/エラーではありません] 平均タイムの該当データなし（サンプル不足）: 新潟 障害 オープン 2890 良
ℹ️ [スキップ/エラーではありません] 平均タイムの該当データなし（サンプル不足）: 中山 障害 オープン 3200 良
ℹ️ [スキップ/エラーではありません] 平均タイムの該当データなし（サンプル不足）: 新潟 障害 オープン 3250 良
ℹ️ [スキップ/エラーではありません] 平均タイムの該当データなし（サンプル不足）: 新潟 障害 未勝利 2890 稍重
ℹ️ [スキップ/エラーではありません] 平均タイムの該当データなし（サンプル不足）: 中山 障害 未勝利 2880 稍重
ℹ️ [スキップ/エラーではありません] 平均タイムの該当データなし（サンプル不足）: 新潟 障害 未勝利 2850 良
ℹ️ [スキップ/エラーではありません] 平均タイムの該当データなし（サンプル不足）: 中京 障害 未勝利 3000 良
ℹ️ [スキップ/エラーではありません] 平均タイムの該当データなし（サンプル不足）: 京都 障害 未勝利 2910 稍重
ℹ️ [スキップ/エラーではありません] 平均タイムの該当データなし（サンプル不足）: 阪神 障害 未勝利 2970 良
ℹ️ [スキップ/エラーではありません] 平均タイムの該当データなし（サンプル不足）: 福島 障害 オープン 3380 良
ℹ️ [スキップ/エラーではありません] 平均タイムの該当データなし（サンプル不足）: 阪神 障害 オープン 3110 良
ℹ️ [スキップ/エラーではありません] 平均タイムの該当データなし（サンプル不足）: 中山 障害 未勝利 2880 良
ℹ️ [スキップ/エラーではありません] 平均タイムの該当データなし（サンプル不足）: 小倉 障害 未勝利 2860 稍重
ℹ️ [スキップ/エラーではありません] 平均タイムの該当データなし（サンプル不足）: 福島 障害 未勝利 2750 良
ℹ️ [スキップ/エラーではありません] 平均タイムの該当データなし（サンプル不足）: 新潟 障害 未勝利 2850 良
ℹ️ [スキップ/エラーではありません] 平均タイムの該当データなし（サンプル不足）: 福島 障害 未勝利 2770 良
ℹ️ [スキップ/エラーではありません] 平均タイムの該当データなし（サンプル不足）: 新潟 障害 未勝利 2890 稍重
ℹ️ [スキップ/エラーではありません] 平均タイムの該当データなし（サンプル不足）: 阪神 障害 未勝利 2970 良
ℹ️ [スキップ/エラーではありません] 平均タイムの該当データなし（サンプル不足）: 東京 障害 オープン 3100 良
ℹ️ [スキップ/エラーではありません] 平均タイムの該当データなし（サンプル不足）: 中京 障害 オープン 3330 良
ℹ️ [スキップ/エラーではありません] 平均タイムの該当データなし（サンプル不足）: 福島 障害 オープン 3380 良
ℹ️ [スキップ/エラーではありません] 平均タイムの該当データなし（サンプル不足）: 新潟 障害 オープン 2890 稍重
ℹ️ [スキップ/エラーではありません] 平均タイムの該当データなし（サンプル不足）: 阪神 障害 オープン 3140 良
ℹ️ [スキップ/エラーではありません] 平均タイムの該当データなし（サンプル不足）: 京都 障害 オープン 3170 良
ℹ️ [スキップ/エラーではありません] 平均タイムの該当データなし（サンプル不足）: 中京 障害 オープン 3330 良
ℹ️ [スキップ/エラーではありません] 平均タイムの該当データなし（サンプル不足）: 福島 障害 オープン 2750 稍重
ℹ️ [スキップ/エラーではありません] 平均タイムの該当データなし（サンプル不足）: 新潟 障害 オープン 2890 良
ℹ️ [スキップ/エラーではありません] 平均タイムの該当データなし（サンプル不足）: 新潟 障害 オープン 3250 良
ℹ️ [スキップ/エラーではありません] 平均タイムの該当データなし（サンプル不足）: 中京 障害 オープン 3300 良
ℹ️ [スキップ/エラーではありません] 平均タイムの該当データなし（サンプル不足）: 新潟 障害 オープン 2890 稍重
ℹ️ [スキップ/エラーではありません] 平均タイムの該当データなし（サンプル不足）: 中山 障害 未勝利 2880 良
ℹ️ [スキップ/エラーではありません] 平均タイムの該当データなし（サンプル不足）: 小倉 障害 未勝利 2860 稍重
ℹ️ [スキップ/エラーではありません] 平均タイムの該当データなし（サンプル不足）: 京都 障害 オープン 3170 良
ℹ️ [スキップ/エラーではありません] 平均タイムの該当データなし（サンプル不足）: 福島 障害 オープン 3380 良
ℹ️ [スキップ/エラーではありません] 平均タイムの該当データなし（サンプル不足）: 新潟 障害 オープン 3290 良
ℹ️ [スキップ/エラーではありません] 平均タイムの該当データなし（サンプル不足）: 京都 障害 オープン 3170 良
ℹ️ [スキップ/エラーではありません] 平均タイムの該当データなし（サンプル不足）: 中京 障害 オープン 3300 良
ℹ️ [スキップ/エラーではありません] 平均タイムの該当データなし（サンプル不足）: 中京 障害 未勝利 3000 良
ℹ️ [スキップ/エラーではありません] 平均タイムの該当データなし（サンプル不足）: 新潟 障害 未勝利 2850 良
ℹ️ [スキップ/エラーではありません] 平均タイムの該当データなし（サンプル不足）: 新潟 障害 未勝利 2890 稍重
ℹ️ [スキップ/エラーではありません] 平均タイムの該当データなし（サンプル不足）: 阪神 障害 未勝利 2970 良
ℹ️ [スキップ/エラーではありません] 平均タイムの該当データなし（サンプル不足）: 阪神 障害 未勝利 2970 良
ℹ️ [スキップ/エラーではありません] 平均タイムの該当データなし（サンプル不足）: 東京 ダート 1勝クラス 1600 不
ℹ️ [スキップ/エラーではありません] 平均タイムの該当データなし（サンプル不足）: 新潟 ダート 未勝利 1200 不
ℹ️ [スキップ/エラーではありません] 平均タイムの該当データなし（サンプル不足）: 中山 ダート 1勝クラス 1200 不
ℹ️ [スキップ/エラーではありません] 平均タイムの該当データなし（サンプル不足）: 京都 芝 2勝クラス 1200 不
ℹ️ [スキップ/エラーではありません] 平均タイムの該当データなし（サンプル不足）: 小倉 ダート 未勝利 1700 不
ℹ️ [スキップ/エラーではありません] 平均タイムの該当データなし（サンプル不足）: 東京 ダート 新馬 1400 不
ℹ️ [スキップ/エラーではありません] 平均タイムの該当データなし（サンプル不足）: 京都 ダート 未勝利 1200 不
ℹ️ [スキップ/エラーではありません] 平均タイムの該当データなし（サンプル不足）: 京都 ダート 未勝利 1900 不
ℹ️ [スキップ/エラーではありません] 平均タイムの該当データなし（サンプル不足）: 阪神 障害 未勝利 2970 良
ℹ️ [スキップ/エラーではありません] 平均タイムの該当データなし（サンプル不足）: 京都 ダート 3勝クラス 1800 不
ℹ️ [スキップ/エラーではありません] 平均タイムの該当データなし（サンプル不足）: 中京 芝 オープン 3000 稍重
ℹ️ [スキップ/エラーではありません] 平均タイムの該当データなし（サンプル不足）: 新潟 ダート オープン 1800 不
出馬表再生成: 20251123
ℹ️ [スキップ/エラーではありません] 指定日に開催なし: 20251123 01_sapporo
ℹ️ [スキップ/エラーではありません] 指定日に開催なし: 20251123 02_hakodate
ℹ️ [スキップ/エラーではありません] 指定日に開催なし: 20251123 03_fukushima
ℹ️ [スキップ/エラーではありません] 指定日に開催なし: 20251123 04_nigata
ℹ️ [スキップ/エラーではありません] 指定日に開催なし: 20251123 06_nakayama
ℹ️ [スキップ/エラーではありません] 指定日に開催なし: 20251123 07_chukyo
ℹ️ [スキップ/エラーではありません] 指定日に開催なし: 20251123 09_hanshin
ℹ️ [スキップ/エラーではありません] 指定日に開催なし: 20251123 10_kokura
ℹ️ [スキップ/エラーではありません] 平均タイムの該当データなし（サンプル不足）: 東京 ダート 未勝利 1400 不
ℹ️ [スキップ/エラーではありません] 平均タイムの該当データなし（サンプル不足）: 東京 ダート 新馬 1400 不
ℹ️ [スキップ/エラーではありません] 平均タイムの該当データなし（サンプル不足）: 中山 ダート 未勝利 1800 不
ℹ️ [スキップ/エラーではありません] 平均タイムの該当データなし（サンプル不足）: 中山 ダート 未勝利 1800 不
ℹ️ [スキップ/エラーではありません] 平均タイムの該当データなし（サンプル不足）: 東京 ダート 新馬 1400 不
ℹ️ [スキップ/エラーではありません] 平均タイムの該当データなし（サンプル不足）: 東京 ダート 1勝クラス 1600 不
ℹ️ [スキップ/エラーではありません] 平均タイムの該当データなし（サンプル不足）: 東京 ダート 1勝クラス 1600 不
ℹ️ [スキップ/エラーではありません] 平均タイムの該当データなし（サンプル不足）: 東京 ダート 1勝クラス 1600 不
ℹ️ [スキップ/エラーではありません] 平均タイムの該当データなし（サンプル不足）: 新潟 ダート 1勝クラス 1800 不
ℹ️ [スキップ/エラーではありません] 平均タイムの該当データなし（サンプル不足）: 東京 ダート 未勝利 1400 不
ℹ️ [スキップ/エラーではありません] 平均タイムの該当データなし（サンプル不足）: 東京 ダート 未勝利 1400 不
ℹ️ [スキップ/エラーではありません] 平均タイムの該当データなし（サンプル不足）: 東京 ダート 1勝クラス 1600 不
ℹ️ [スキップ/エラーではありません] 平均タイムの該当データなし（サンプル不足）: 東京 ダート 1勝クラス 1600 不
ℹ️ [スキップ/エラーではありません] 平均タイムの該当データなし（サンプル不足）: 中山 ダート 1勝クラス 2400 不
ℹ️ [スキップ/エラーではありません] 平均タイムの該当データなし（サンプル不足）: 新潟 ダート 1勝クラス 1800 不
ℹ️ [スキップ/エラーではありません] 平均タイムの該当データなし（サンプル不足）: 中山 ダート 1勝クラス 2400 不
ℹ️ [スキップ/エラーではありません] 平均タイムの該当データなし（サンプル不足）: 中山 ダート 1勝クラス 2400 不
ℹ️ [スキップ/エラーではありません] 平均タイムの該当データなし（サンプル不足）: 中山 ダート 1勝クラス 2400 不
ℹ️ [スキップ/エラーではありません] 平均タイムの該当データなし（サンプル不足）: 東京 ダート 1勝クラス 1600 不
ℹ️ [スキップ/エラーではありません] 平均タイムの該当データなし（サンプル不足）: 中山 ダート 未勝利 1800 不
ℹ️ [スキップ/エラーではありません] 平均タイムの該当データなし（サンプル不足）: 中山 ダート 未勝利 1800 不
ℹ️ [スキップ/エラーではありません] 平均タイムの該当データなし（サンプル不足）: 東京 ダート 1勝クラス 1600 不
ℹ️ [スキップ/エラーではありません] 平均タイムの該当データなし（サンプル不足）: 東京 ダート 1勝クラス 1600 不
ℹ️ [スキップ/エラーではありません] 平均タイムの該当データなし（サンプル不足）: 東京 ダート 1勝クラス 1400 不
ℹ️ [スキップ/エラーではありません] 平均タイムの該当データなし（サンプル不足）: 東京 ダート オープン 1600 不
ℹ️ [スキップ/エラーではありません] 平均タイムの該当データなし（サンプル不足）: 東京 ダート オープン 1600 不
ℹ️ [スキップ/エラーではありません] 平均タイムの該当データなし（サンプル不足）: 東京 ダート オープン 1400 不
ℹ️ [スキップ/エラーではありません] 平均タイムの該当データなし（サンプル不足）: 東京 ダート オープン 1400 不
ℹ️ [スキップ/エラーではありません] 平均タイムの該当データなし（サンプル不足）: 東京 ダート オープン 1600 不
ℹ️ [スキップ/エラーではありません] 平均タイムの該当データなし（サンプル不足）: 東京 ダート オープン 1600 不
ℹ️ [スキップ/エラーではありません] 平均タイムの該当データなし（サンプル不足）: 東京 ダート オープン 1400 不
ℹ️ [スキップ/エラーではありません] 平均タイムの該当データなし（サンプル不足）: 京都 ダート 1勝クラス 1400 不
ℹ️ [スキップ/エラーではありません] 平均タイムの該当データなし（サンプル不足）: 京都 ダート 1勝クラス 1400 不
ℹ️ [スキップ/エラーではありません] 平均タイムの該当データなし（サンプル不足）: 中京 ダート 1勝クラス 1400 不
ℹ️ [スキップ/エラーではありません] 平均タイムの該当データなし（サンプル不足）: 京都 芝 未勝利 2400 不
ℹ️ [スキップ/エラーではありません] 平均タイムの該当データなし（サンプル不足）: 東京 ダート 1勝クラス 1400 不
ℹ️ [スキップ/エラーではありません] 平均タイムの該当データなし（サンプル不足）: 京都 ダート 2勝クラス 1800 不
ℹ️ [スキップ/エラーではありません] 平均タイムの該当データなし（サンプル不足）: 京都 ダート 未勝利 1800 不
ℹ️ [スキップ/エラーではありません] 平均タイムの該当データなし（サンプル不足）: 京都 ダート 2勝クラス 1800 不
ℹ️ [スキップ/エラーではありません] 平均タイムの該当データなし（サンプル不足）: 京都 ダート 3勝クラス 1200 不
ℹ️ [スキップ/エラーではありません] 平均タイムの該当データなし（サンプル不足）: 東京 ダート 2勝クラス 1400 不
ℹ️ [スキップ/エラーではありません] 平均タイムの該当データなし（サンプル不足）: 京都 ダート 3勝クラス 1800 不
出馬表再生成: 20251124
ℹ️ [スキップ/エラーではありません] 指定日に開催なし: 20251124 01_sapporo
ℹ️ [スキップ/エラーではありません] 指定日に開催なし: 20251124 02_hakodate
ℹ️ [スキップ/エラーではありません] 指定日に開催なし: 20251124 04_nigata
ℹ️ [スキップ/エラーではありません] 指定日に開催なし: 20251124 06_nakayama
ℹ️ [スキップ/エラーではありません] 指定日に開催なし: 20251124 07_chukyo
ℹ️ [スキップ/エラーではありません] 指定日に開催なし: 20251124 08_kyoto
ℹ️ [スキップ/エラーではありません] 指定日に開催なし: 20251124 09_hanshin
ℹ️ [スキップ/エラーではありません] 指定日に開催なし: 20251124 10_kokura
ℹ️ [スキップ/エラーではありません] 平均タイムの該当データなし（サンプル不足）: 札幌 ダート 未勝利 1700 不
ℹ️ [スキップ/エラーではありません] 平均タイムの該当データなし（サンプル不足）: 東京 ダート 1勝クラス 1600 不
ℹ️ [スキップ/エラーではありません] 平均タイムの該当データなし（サンプル不足）: 東京 ダート 1勝クラス 1600 不
ℹ️ [スキップ/エラーではありません] 平均タイムの該当データなし（サンプル不足）: 札幌 ダート 未勝利 1700 不
ℹ️ [スキップ/エラーではありません] 平均タイムの該当データなし（サンプル不足）: 東京 ダート 1勝クラス 1600 不
ℹ️ [スキップ/エラーではありません] 平均タイムの該当データなし（サンプル不足）: 東京 ダート 未勝利 1600 不
ℹ️ [スキップ/エラーではありません] 平均タイムの該当データなし（サンプル不足）: 福島 障害 未勝利 2750 良
ℹ️ [スキップ/エラーではありません] 平均タイムの該当データなし（サンプル不足）: 阪神 障害 未勝利 2970 良
ℹ️ [スキップ/エラーではありません] 平均タイムの該当データなし（サンプル不足）: 中山 障害 未勝利 2880 良
ℹ️ [スキップ/エラーではありません] 平均タイムの該当データなし（サンプル不足）: 小倉 障害 未勝利 2860 良
ℹ️ [スキップ/エラーではありません] 平均タイムの該当データなし（サンプル不足）: 中京 障害 未勝利 3000 良
ℹ️ [スキップ/エラーではありません] 平均タイムの該当データなし（サンプル不足）: 福島 障害 未勝利 2750 良
ℹ️ [スキップ/エラーではありません] 平均タイムの該当データなし（サンプル不足）: 新潟 障害 未勝利 2890 稍重
ℹ️ [スキップ/エラーではありません] 平均タイムの該当データなし（サンプル不足）: 阪神 障害 未勝利 2970 良
ℹ️ [スキップ/エラーではありません] 平均タイムの該当データなし（サンプル不足）: 小倉 障害 未勝利 2860 良
ℹ️ [スキップ/エラーではありません] 平均タイムの該当データなし（サンプル不足）: 中山 障害 未勝利 2880 良
ℹ️ [スキップ/エラーではありません] 平均タイムの該当データなし（サンプル不足）: 福島 障害 未勝利 2750 重
ℹ️ [スキップ/エラーではありません] 平均タイムの該当データなし（サンプル不足）: 京都 障害 未勝利 2910 稍重
ℹ️ [スキップ/エラーではありません] 平均タイムの該当データなし（サンプル不足）: 東京 障害 未勝利 3000 良
ℹ️ [スキップ/エラーではありません] 平均タイムの該当データなし（サンプル不足）: 中山 障害 未勝利 2880 良
ℹ️ [スキップ/エラーではありません] 平均タイムの該当データなし（サンプル不足）: 福島 障害 未勝利 2770 良
ℹ️ [スキップ/エラーではありません] 平均タイムの該当データなし（サンプル不足）: 新潟 障害 未勝利 2890 稍重
ℹ️ [スキップ/エラーではありません] 平均タイムの該当データなし（サンプル不足）: 東京 ダート オープン 1600 不
ℹ️ [スキップ/エラーではありません] 平均タイムの該当データなし（サンプル不足）: 東京 障害 未勝利 3000 稍重
ℹ️ [スキップ/エラーではありません] 平均タイムの該当データなし（サンプル不足）: 阪神 障害 未勝利 2970 良
ℹ️ [スキップ/エラーではありません] 平均タイムの該当データなし（サンプル不足）: 中京 障害 オープン 3300 良
ℹ️ [スキップ/エラーではありません] 平均タイムの該当データなし（サンプル不足）: 福島 障害 未勝利 2750 良
ℹ️ [スキップ/エラーではありません] 平均タイムの該当データなし（サンプル不足）: 京都 障害 未勝利 2910 良
ℹ️ [スキップ/エラーではありません] 平均タイムの該当データなし（サンプル不足）: 京都 障害 未勝利 2910 良
ℹ️ [スキップ/エラーではありません] 平均タイムの該当データなし（サンプル不足）: 阪神 障害 未勝利 2970 良
ℹ️ [スキップ/エラーではありません] 平均タイムの該当データなし（サンプル不足）: 阪神 障害 未勝利 2970 良
ℹ️ [スキップ/エラーではありません] 平均タイムの該当データなし（サンプル不足）: 新潟 障害 未勝利 2890 稍重
ℹ️ [スキップ/エラーではありません] 平均タイムの該当データなし（サンプル不足）: 札幌 ダート 1勝クラス 1000 不
ℹ️ [スキップ/エラーではありません] 平均タイムの該当データなし（サンプル不足）: 東京 ダート 1勝クラス 1400 不
ℹ️ [スキップ/エラーではありません] 平均タイムの該当データなし（サンプル不足）: 東京 ダート 1勝クラス 1600 不
ℹ️ [スキップ/エラーではありません] 平均タイムの該当データなし（サンプル不足）: 福島 障害 未勝利 2750 良
ℹ️ [スキップ/エラーではありません] 平均タイムの該当データなし（サンプル不足）: 中山 芝 新馬 2000 不
ℹ️ [スキップ/エラーではありません] 平均タイムの該当データなし（サンプル不足）: 京都 芝 1勝クラス 2000 不
ℹ️ [スキップ/エラーではありません] 平均タイムの該当データなし（サンプル不足）: 京都 ダート 1勝クラス 1400 不
ℹ️ [スキップ/エラーではありません] 平均タイムの該当データなし（サンプル不足）: 中山 ダート 1勝クラス 1200 不
ℹ️ [スキップ/エラーではありません] 平均タイムの該当データなし（サンプル不足）: 東京 ダート 1勝クラス 1400 不
ℹ️ [スキップ/エラーではありません] 平均タイムの該当データなし（サンプル不足）: 札幌 ダート 1勝クラス 1000 不
ℹ️ [スキップ/エラーではありません] 平均タイムの該当データなし（サンプル不足）: 新潟 ダート 1勝クラス 1800 不
ℹ️ [スキップ/エラーではありません] 平均タイムの該当データなし（サンプル不足）: 新潟 ダート 未勝利 1200 不
ℹ️ [スキップ/エラーではありません] 平均タイムの該当データなし（サンプル不足）: 東京 ダート 2勝クラス 1600 不
ℹ️ [スキップ/エラーではありません] 平均タイムの該当データなし（サンプル不足）: 東京 ダート 2勝クラス 1600 不
ℹ️ [スキップ/エラーではありません] 平均タイムの該当データなし（サンプル不足）: 東京 ダート 未勝利 1400 不
ℹ️ [スキップ/エラーではありません] 平均タイムの該当データなし（サンプル不足）: 中山 ダート 未勝利 1800 不
ℹ️ [スキップ/エラーではありません] 平均タイムの該当データなし（サンプル不足）: 東京 ダート 2勝クラス 1600 不
ℹ️ [スキップ/エラーではありません] 平均タイムの該当データなし（サンプル不足）: 東京 ダート 2勝クラス 1600 不
ℹ️ [スキップ/エラーではありません] 平均タイムの該当データなし（サンプル不足）: 京都 ダート 2勝クラス 1800 不
ℹ️ [スキップ/エラーではありません] 平均タイムの該当データなし（サンプル不足）: 札幌 ダート 未勝利 1700 不
出馬表再生成: 20251129
ℹ️ [スキップ/エラーではありません] 指定日に開催なし: 20251129 01_sapporo
ℹ️ [スキップ/エラーではありません] 指定日に開催なし: 20251129 02_hakodate
ℹ️ [スキップ/エラーではありません] 指定日に開催なし: 20251129 03_fukushima
ℹ️ [スキップ/エラーではありません] 指定日に開催なし: 20251129 04_nigata
ℹ️ [スキップ/エラーではありません] 指定日に開催なし: 20251129 06_nakayama
ℹ️ [スキップ/エラーではありません] 指定日に開催なし: 20251129 07_chukyo
ℹ️ [スキップ/エラーではありません] 指定日に開催なし: 20251129 09_hanshin
ℹ️ [スキップ/エラーではありません] 指定日に開催なし: 20251129 10_kokura
ℹ️ [スキップ/エラーではありません] 平均タイムの該当データなし（サンプル不足）: 東京 ダート 未勝利 1600 不
ℹ️ [スキップ/エラーではありません] 平均タイムの該当データなし（サンプル不足）: 東京 ダート 未勝利 1400 不
ℹ️ [スキップ/エラーではありません] 平均タイムの該当データなし（サンプル不足）: 東京 ダート 1勝クラス 1600 不
ℹ️ [スキップ/エラーではありません] 平均タイムの該当データなし（サンプル不足）: 東京 ダート 1勝クラス 1600 不
ℹ️ [スキップ/エラーではありません] 平均タイムの該当データなし（サンプル不足）: 中山 ダート 未勝利 1200 不
ℹ️ [スキップ/エラーではありません] 平均タイムの該当データなし（サンプル不足）: 中山 ダート 1勝クラス 1200 不
ℹ️ [スキップ/エラーではありません] 平均タイムの該当データなし（サンプル不足）: 新潟 ダート 1勝クラス 1800 不
ℹ️ [スキップ/エラーではありません] 平均タイムの該当データなし（サンプル不足）: 東京 ダート 1勝クラス 1600 不
ℹ️ [スキップ/エラーではありません] 平均タイムの該当データなし（サンプル不足）: 東京 ダート 1勝クラス 1600 不
ℹ️ [スキップ/エラーではありません] 平均タイムの該当データなし（サンプル不足）: 東京 ダート 2勝クラス 2100 不
ℹ️ [スキップ/エラーではありません] 平均タイムの該当データなし（サンプル不足）: 東京 ダート 未勝利 1600 不
ℹ️ [スキップ/エラーではありません] 平均タイムの該当データなし（サンプル不足）: 新潟 ダート 1勝クラス 1800 不
ℹ️ [スキップ/エラーではありません] 平均タイムの該当データなし（サンプル不足）: 新潟 ダート オープン 1800 不
ℹ️ [スキップ/エラーではありません] 平均タイムの該当データなし（サンプル不足）: 中山 ダート 2勝クラス 2400 不
ℹ️ [スキップ/エラーではありません] 平均タイムの該当データなし（サンプル不足）: 中山 ダート 未勝利 1800 不
ℹ️ [スキップ/エラーではありません] 平均タイムの該当データなし（サンプル不足）: 東京 ダート 未勝利 1600 不
ℹ️ [スキップ/エラーではありません] 平均タイムの該当データなし（サンプル不足）: 東京 ダート 2勝クラス 1400 不
ℹ️ [スキップ/エラーではありません] 平均タイムの該当データなし（サンプル不足）: 中山 ダート 1勝クラス 1200 不
ℹ️ [スキップ/エラーではありません] 平均タイムの該当データなし（サンプル不足）: 京都 ダート 3勝クラス 1200 不
ℹ️ [スキップ/エラーではありません] 平均タイムの該当データなし（サンプル不足）: 京都 ダート 未勝利 1200 不
ℹ️ [スキップ/エラーではありません] 平均タイムの該当データなし（サンプル不足）: 福島 障害 未勝利 2750 良
ℹ️ [スキップ/エラーではありません] 平均タイムの該当データなし（サンプル不足）: 小倉 障害 未勝利 2860 良
ℹ️ [スキップ/エラーではありません] 平均タイムの該当データなし（サンプル不足）: 新潟 障害 未勝利 2890 稍重
ℹ️ [スキップ/エラーではありません] 平均タイムの該当データなし（サンプル不足）: 京都 障害 未勝利 2910 良
ℹ️ [スキップ/エラーではありません] 平均タイムの該当データなし（サンプル不足）: 新潟 障害 未勝利 2850 良
ℹ️ [スキップ/エラーではありません] 平均タイムの該当データなし（サンプル不足）: 新潟 障害 未勝利 2850 良
ℹ️ [スキップ/エラーではありません] 平均タイムの該当データなし（サンプル不足）: 東京 障害 未勝利 3000 良
ℹ️ [スキップ/エラーではありません] 平均タイムの該当データなし（サンプル不足）: 京都 障害 未勝利 2910 良
ℹ️ [スキップ/エラーではありません] 平均タイムの該当データなし（サンプル不足）: 阪神 障害 未勝利 2970 良
ℹ️ [スキップ/エラーではありません] 平均タイムの該当データなし（サンプル不足）: 中山 障害 未勝利 2880 良
ℹ️ [スキップ/エラーではありません] 平均タイムの該当データなし（サンプル不足）: 新潟 障害 未勝利 2850 良
ℹ️ [スキップ/エラーではありません] 平均タイムの該当データなし（サンプル不足）: 京都 障害 未勝利 2910 稍重
ℹ️ [スキップ/エラーではありません] 平均タイムの該当データなし（サンプル不足）: 京都 障害 未勝利 2910 良
ℹ️ [スキップ/エラーではありません] 平均タイムの該当データなし（サンプル不足）: 京都 芝 1勝クラス 2000 不
ℹ️ [スキップ/エラーではありません] 平均タイムの該当データなし（サンプル不足）: 京都 芝 1勝クラス 2000 不
ℹ️ [スキップ/エラーではありません] 平均タイムの該当データなし（サンプル不足）: 東京 ダート 2勝クラス 1600 不
ℹ️ [スキップ/エラーではありません] 平均タイムの該当データなし（サンプル不足）: 京都 ダート 2勝クラス 1800 不
ℹ️ [スキップ/エラーではありません] 平均タイムの該当データなし（サンプル不足）: 中山 ダート 2勝クラス 2400 不
ℹ️ [スキップ/エラーではありません] 平均タイムの該当データなし（サンプル不足）: 京都 ダート 3勝クラス 1200 不
ℹ️ [スキップ/エラーではありません] 平均タイムの該当データなし（サンプル不足）: 小倉 芝 3勝クラス 1200 不
ℹ️ [スキップ/エラーではありません] 平均タイムの該当データなし（サンプル不足）: 京都 芝 2勝クラス 1200 不
ℹ️ [スキップ/エラーではありません] 平均タイムの該当データなし（サンプル不足）: 京都 芝 2勝クラス 1200 不
出馬表再生成: 20251130
ℹ️ [スキップ/エラーではありません] 指定日に開催なし: 20251130 01_sapporo
ℹ️ [スキップ/エラーではありません] 指定日に開催なし: 20251130 02_hakodate
ℹ️ [スキップ/エラーではありません] 指定日に開催なし: 20251130 03_fukushima
ℹ️ [スキップ/エラーではありません] 指定日に開催なし: 20251130 04_nigata
ℹ️ [スキップ/エラーではありません] 指定日に開催なし: 20251130 06_nakayama
ℹ️ [スキップ/エラーではありません] 指定日に開催なし: 20251130 07_chukyo
ℹ️ [スキップ/エラーではありません] 指定日に開催なし: 20251130 09_hanshin
ℹ️ [スキップ/エラーではありません] 指定日に開催なし: 20251130 10_kokura
ℹ️ [スキップ/エラーではありません] 平均タイムの該当データなし（サンプル不足）: 中山 ダート 未勝利 1800 不
ℹ️ [スキップ/エラーではありません] 平均タイムの該当データなし（サンプル不足）: 東京 ダート 未勝利 1400 不
ℹ️ [スキップ/エラーではありません] 平均タイムの該当データなし（サンプル不足）: 東京 ダート 未勝利 1400 不
ℹ️ [スキップ/エラーではありません] 平均タイムの該当データなし（サンプル不足）: 東京 ダート 1勝クラス 1600 不
ℹ️ [スキップ/エラーではありません] 平均タイムの該当データなし（サンプル不足）: 東京 ダート 1勝クラス 1600 不
ℹ️ [スキップ/エラーではありません] 平均タイムの該当データなし（サンプル不足）: 東京 ダート 2勝クラス 1400 不
ℹ️ [スキップ/エラーではありません] 平均タイムの該当データなし（サンプル不足）: 東京 ダート 1勝クラス 1400 不
ℹ️ [スキップ/エラーではありません] 平均タイムの該当データなし（サンプル不足）: 中山 ダート 未勝利 1800 不
ℹ️ [スキップ/エラーではありません] 平均タイムの該当データなし（サンプル不足）: 東京 ダート 1勝クラス 1600 不
ℹ️ [スキップ/エラーではありません] 平均タイムの該当データなし（サンプル不足）: 新潟 芝 オープン 2000 不
ℹ️ [スキップ/エラーではありません] 平均タイムの該当データなし（サンプル不足）: 京都 ダート 1勝クラス 1400 不
ℹ️ [スキップ/エラーではありません] 平均タイムの該当データなし（サンプル不足）: 札幌 ダート 1勝クラス 1000 不
ℹ️ [スキップ/エラーではありません] 平均タイムの該当データなし（サンプル不足）: 京都 ダート 1勝クラス 1400 不
ℹ️ [スキップ/エラーではありません] 平均タイムの該当データなし（サンプル不足）: 京都 ダート 1勝クラス 1400 不
ℹ️ [スキップ/エラーではありません] 平均タイムの該当データなし（サンプル不足）: 京都 ダート 未勝利 1400 不
ℹ️ [スキップ/エラーではありません] 平均タイムの該当データなし（サンプル不足）: 中京 障害 未勝利 3000 良
ℹ️ [スキップ/エラーではありません] 平均タイムの該当データなし（サンプル不足）: 中京 障害 未勝利 3000 良
ℹ️ [スキップ/エラーではありません] 平均タイムの該当データなし（サンプル不足）: 小倉 障害 未勝利 2860 良
ℹ️ [スキップ/エラーではありません] 平均タイムの該当データなし（サンプル不足）: 東京 障害 未勝利 3000 稍重
ℹ️ [スキップ/エラーではありません] 平均タイムの該当データなし（サンプル不足）: 京都 障害 未勝利 2910 良
ℹ️ [スキップ/エラーではありません] 平均タイムの該当データなし（サンプル不足）: 中山 ダート 1勝クラス 1200 不
ℹ️ [スキップ/エラーではありません] 平均タイムの該当データなし（サンプル不足）: 中京 障害 未勝利 3000 良
ℹ️ [スキップ/エラーではありません] 平均タイムの該当データなし（サンプル不足）: 中京 障害 未勝利 3000 良
ℹ️ [スキップ/エラーではありません] 平均タイムの該当データなし（サンプル不足）: 中京 障害 未勝利 3000 良
ℹ️ [スキップ/エラーではありません] 平均タイムの該当データなし（サンプル不足）: 新潟 障害 未勝利 2890 良
ℹ️ [スキップ/エラーではありません] 平均タイムの該当データなし（サンプル不足）: 小倉 障害 未勝利 2860 良
ℹ️ [スキップ/エラーではありません] 平均タイムの該当データなし（サンプル不足）: 京都 障害 未勝利 2910 良
ℹ️ [スキップ/エラーではありません] 平均タイムの該当データなし（サンプル不足）: 京都 障害 未勝利 2910 良
ℹ️ [スキップ/エラーではありません] 平均タイムの該当データなし（サンプル不足）: 中京 芝 オープン 3000 稍重
ℹ️ [スキップ/エラーではありません] 平均タイムの該当データなし（サンプル不足）: 京都 障害 未勝利 2910 良
ℹ️ [スキップ/エラーではありません] 平均タイムの該当データなし（サンプル不足）: 京都 障害 未勝利 2910 良
ℹ️ [スキップ/エラーではありません] 平均タイムの該当データなし（サンプル不足）: 京都 障害 未勝利 2910 稍重
ℹ️ [スキップ/エラーではありません] 平均タイムの該当データなし（サンプル不足）: 東京 障害 未勝利 3000 良
ℹ️ [スキップ/エラーではありません] 平均タイムの該当データなし（サンプル不足）: 東京 障害 未勝利 3000 良
ℹ️ [スキップ/エラーではありません] 平均タイムの該当データなし（サンプル不足）: 阪神 障害 未勝利 2970 良
ℹ️ [スキップ/エラーではありません] 平均タイムの該当データなし（サンプル不足）: 中山 障害 未勝利 2880 良
ℹ️ [スキップ/エラーではありません] 平均タイムの該当データなし（サンプル不足）: 京都 障害 未勝利 2910 稍重
ℹ️ [スキップ/エラーではありません] 平均タイムの該当データなし（サンプル不足）: 阪神 障害 未勝利 2970 良
ℹ️ [スキップ/エラーではありません] 平均タイムの該当データなし（サンプル不足）: 新潟 障害 未勝利 2850 良
ℹ️ [スキップ/エラーではありません] 平均タイムの該当データなし（サンプル不足）: 新潟 障害 未勝利 2890 稍重
ℹ️ [スキップ/エラーではありません] 平均タイムの該当データなし（サンプル不足）: 中山 障害 未勝利 2880 良
ℹ️ [スキップ/エラーではありません] 平均タイムの該当データなし（サンプル不足）: 東京 ダート オープン 1600 不
ℹ️ [スキップ/エラーではありません] 平均タイムの該当データなし（サンプル不足）: 小倉 ダート 未勝利 1700 不
ℹ️ [スキップ/エラーではありません] 平均タイムの該当データなし（サンプル不足）: 新潟 ダート オープン 1800 不
ℹ️ [スキップ/エラーではありません] 平均タイムの該当データなし（サンプル不足）: 京都 ダート 3勝クラス 1800 不
ℹ️ [スキップ/エラーではありません] 平均タイムの該当データなし（サンプル不足）: 京都 ダート 2勝クラス 1800 不
ℹ️ [スキップ/エラーではありません] 平均タイムの該当データなし（サンプル不足）: 新潟 ダート オープン 1800 不
ℹ️ [スキップ/エラーではありません] 平均タイムの該当データなし（サンプル不足）: 京都 ダート 3勝クラス 1800 不
ℹ️ [スキップ/エラーではありません] 平均タイムの該当データなし（サンプル不足）: 京都 ダート 3勝クラス 1800 不
ℹ️ [スキップ/エラーではありません] 平均タイムの該当データなし（サンプル不足）: 東京 ダート オープン 1400 不
ℹ️ [スキップ/エラーではありません] 平均タイムの該当データなし（サンプル不足）: 東京 ダート オープン 1600 不
ℹ️ [スキップ/エラーではありません] 平均タイムの該当データなし（サンプル不足）: 東京 ダート オープン 1400 不
ℹ️ [スキップ/エラーではありません] 平均タイムの該当データなし（サンプル不足）: 東京 ダート オープン 1400 不
出馬表再生成: 20251206
ℹ️ [スキップ/エラーではありません] 指定日に開催なし: 20251206 01_sapporo
ℹ️ [スキップ/エラーではありません] 指定日に開催なし: 20251206 02_hakodate
ℹ️ [スキップ/エラーではありません] 指定日に開催なし: 20251206 03_fukushima
ℹ️ [スキップ/エラーではありません] 指定日に開催なし: 20251206 04_nigata
ℹ️ [スキップ/エラーではありません] 指定日に開催なし: 20251206 05_tokyo
ℹ️ [スキップ/エラーではありません] 指定日に開催なし: 20251206 08_kyoto
ℹ️ [スキップ/エラーではありません] 指定日に開催なし: 20251206 10_kokura
ℹ️ [スキップ/エラーではありません] 平均タイムの該当データなし（サンプル不足）: 中山 ダート 未勝利 1800 不
ℹ️ [スキップ/エラーではありません] 平均タイムの該当データなし（サンプル不足）: 小倉 ダート 1勝クラス 1000 不
ℹ️ [スキップ/エラーではありません] 平均タイムの該当データなし（サンプル不足）: 東京 ダート 1勝クラス 1400 不
ℹ️ [スキップ/エラーではありません] 平均タイムの該当データなし（サンプル不足）: 中山 ダート 1勝クラス 1200 不
ℹ️ [スキップ/エラーではありません] 平均タイムの該当データなし（サンプル不足）: 札幌 ダート 1勝クラス 1000 不
ℹ️ [スキップ/エラーではありません] 平均タイムの該当データなし（サンプル不足）: 中山 ダート 1勝クラス 1200 不
ℹ️ [スキップ/エラーではありません] 平均タイムの該当データなし（サンプル不足）: 中山 ダート 1勝クラス 1200 不
ℹ️ [スキップ/エラーではありません] 平均タイムの該当データなし（サンプル不足）: 新潟 障害 未勝利 2850 良
ℹ️ [スキップ/エラーではありません] 平均タイムの該当データなし（サンプル不足）: 新潟 障害 未勝利 2850 良
ℹ️ [スキップ/エラーではありません] 平均タイムの該当データなし（サンプル不足）: 東京 障害 未勝利 3000 稍重
ℹ️ [スキップ/エラーではありません] 平均タイムの該当データなし（サンプル不足）: 新潟 障害 未勝利 2890 良
ℹ️ [スキップ/エラーではありません] 平均タイムの該当データなし（サンプル不足）: 中山 障害 未勝利 2880 稍重
ℹ️ [スキップ/エラーではありません] 平均タイムの該当データなし（サンプル不足）: 中山 障害 オープン 3210 稍重
ℹ️ [スキップ/エラーではありません] 平均タイムの該当データなし（サンプル不足）: 中京 障害 未勝利 3000 良
ℹ️ [スキップ/エラーではありません] 平均タイムの該当データなし（サンプル不足）: 阪神 障害 未勝利 2970 良
ℹ️ [スキップ/エラーではありません] 平均タイムの該当データなし（サンプル不足）: 阪神 障害 未勝利 2970 良
ℹ️ [スキップ/エラーではありません] 平均タイムの該当データなし（サンプル不足）: 阪神 障害 未勝利 2970 稍重
ℹ️ [スキップ/エラーではありません] 平均タイムの該当データなし（サンプル不足）: 中京 障害 オープン 3300 良
ℹ️ [スキップ/エラーではありません] 平均タイムの該当データなし（サンプル不足）: 阪神 障害 オープン 3110 良
ℹ️ [スキップ/エラーではありません] 平均タイムの該当データなし（サンプル不足）: 中山 障害 オープン 3350 良
ℹ️ [スキップ/エラーではありません] 平均タイムの該当データなし（サンプル不足）: 福島 障害 未勝利 2750 良
ℹ️ [スキップ/エラーではありません] 平均タイムの該当データなし（サンプル不足）: 福島 障害 未勝利 2750 良
ℹ️ [スキップ/エラーではありません] 平均タイムの該当データなし（サンプル不足）: 東京 障害 オープン 3100 良
ℹ️ [スキップ/エラーではありません] 平均タイムの該当データなし（サンプル不足）: 中山 障害 オープン 4260 良
ℹ️ [スキップ/エラーではありません] 平均タイムの該当データなし（サンプル不足）: 小倉 障害 オープン 3390 良
ℹ️ [スキップ/エラーではありません] 平均タイムの該当データなし（サンプル不足）: 中山 障害 オープン 3570 良
ℹ️ [スキップ/エラーではありません] 平均タイムの該当データなし（サンプル不足）: 中山 障害 オープン 3210 良
ℹ️ [スキップ/エラーではありません] 平均タイムの該当データなし（サンプル不足）: 中山 障害 オープン 3210 稍重
ℹ️ [スキップ/エラーではありません] 平均タイムの該当データなし（サンプル不足）: 東京 障害 オープン 3110 良
ℹ️ [スキップ/エラーではありません] 平均タイムの該当データなし（サンプル不足）: 中山 障害 オープン 3200 良
ℹ️ [スキップ/エラーではありません] 平均タイムの該当データなし（サンプル不足）: 中山 障害 未勝利 2880 良
ℹ️ [スキップ/エラーではありません] 平均タイムの該当データなし（サンプル不足）: 中山 障害 未勝利 2880 良
ℹ️ [スキップ/エラーではありません] 平均タイムの該当データなし（サンプル不足）: 京都 障害 オープン 3170 良
ℹ️ [スキップ/エラーではありません] 平均タイムの該当データなし（サンプル不足）: 中京 障害 オープン 3330 良
ℹ️ [スキップ/エラーではありません] 平均タイムの該当データなし（サンプル不足）: 中京 障害 未勝利 3000 良
ℹ️ [スキップ/エラーではありません] 平均タイムの該当データなし（サンプル不足）: 東京 障害 未勝利 3000 良
ℹ️ [スキップ/エラーではありません] 平均タイムの該当データなし（サンプル不足）: 東京 障害 オープン 3110 良
ℹ️ [スキップ/エラーではありません] 平均タイムの該当データなし（サンプル不足）: 中京 障害 オープン 3300 良
ℹ️ [スキップ/エラーではありません] 平均タイムの該当データなし（サンプル不足）: 中山 障害 オープン 3200 良
ℹ️ [スキップ/エラーではありません] 平均タイムの該当データなし（サンプル不足）: 阪神 障害 オープン 3140 良
ℹ️ [スキップ/エラーではありません] 平均タイムの該当データなし（サンプル不足）: 小倉 障害 オープン 3390 稍重
ℹ️ [スキップ/エラーではありません] 平均タイムの該当データなし（サンプル不足）: 阪神 障害 未勝利 2970 良
ℹ️ [スキップ/エラーではありません] 平均タイムの該当データなし（サンプル不足）: 中山 障害 未勝利 2880 良
ℹ️ [スキップ/エラーではありません] 平均タイムの該当データなし（サンプル不足）: 京都 ダート 3勝クラス 1800 不
ℹ️ [スキップ/エラーではありません] 平均タイムの該当データなし（サンプル不足）: 京都 障害 オープン 3170 良
ℹ️ [スキップ/エラーではありません] 平均タイムの該当データなし（サンプル不足）: 阪神 障害 未勝利 2970 良
ℹ️ [スキップ/エラーではありません] 平均タイムの該当データなし（サンプル不足）: 京都 障害 オープン 3170 良
ℹ️ [スキップ/エラーではありません] 平均タイムの該当データなし（サンプル不足）: 中山 障害 オープン 3210 稍重
ℹ️ [スキップ/エラーではありません] 平均タイムの該当データなし（サンプル不足）: 中京 障害 オープン 3300 良
ℹ️ [スキップ/エラーではありません] 平均タイムの該当データなし（サンプル不足）: 阪神 障害 オープン 3110 良
ℹ️ [スキップ/エラーではありません] 平均タイムの該当データなし（サンプル不足）: 京都 障害 オープン 3930 不
ℹ️ [スキップ/エラーではありません] 平均タイムの該当データなし（サンプル不足）: 東京 障害 オープン 3110 良
ℹ️ [スキップ/エラーではありません] 平均タイムの該当データなし（サンプル不足）: 新潟 障害 オープン 3250 良
ℹ️ [スキップ/エラーではありません] 平均タイムの該当データなし（サンプル不足）: 新潟 障害 未勝利 2850 良
ℹ️ [スキップ/エラーではありません] 平均タイムの該当データなし（サンプル不足）: 中山 障害 未勝利 2880 良
ℹ️ [スキップ/エラーではありません] 平均タイムの該当データなし（サンプル不足）: 中山 障害 未勝利 2880 稍重
ℹ️ [スキップ/エラーではありません] 平均タイムの該当データなし（サンプル不足）: 新潟 障害 オープン 2850 良
ℹ️ [スキップ/エラーではありません] 平均タイムの該当データなし（サンプル不足）: 福島 障害 オープン 2750 稍重
ℹ️ [スキップ/エラーではありません] 平均タイムの該当データなし（サンプル不足）: 小倉 障害 オープン 2860 稍重
ℹ️ [スキップ/エラーではありません] 平均タイムの該当データなし（サンプル不足）: 中山 障害 未勝利 2880 良
ℹ️ [スキップ/エラーではありません] 平均タイムの該当データなし（サンプル不足）: 中山 障害 未勝利 2880 稍重
ℹ️ [スキップ/エラーではありません] 平均タイムの該当データなし（サンプル不足）: 東京 ダート 2勝クラス 1600 不
ℹ️ [スキップ/エラーではありません] 平均タイムの該当データなし（サンプル不足）: 札幌 ダート 1勝クラス 1700 不
ℹ️ [スキップ/エラーではありません] 平均タイムの該当データなし（サンプル不足）: 中京 芝 オープン 3000 稍重
ℹ️ [スキップ/エラーではありません] 平均タイムの該当データなし（サンプル不足）: 中山 芝 オープン 2200 不
❌ [要確認/エラー] 不明な開催場名: 
ℹ️ [スキップ/エラーではありません] 平均タイムの該当データなし（サンプル不足）: 中山 ダート 未勝利 1800 不
ℹ️ [スキップ/エラーではありません] 平均タイムの該当データなし（サンプル不足）: 中山 ダート 1勝クラス 1200 不
ℹ️ [スキップ/エラーではありません] 平均タイムの該当データなし（サンプル不足）: 京都 ダート 1勝クラス 1400 不
ℹ️ [スキップ/エラーではありません] 平均タイムの該当データなし（サンプル不足）: 東京 ダート 未勝利 2100 不
ℹ️ [スキップ/エラーではありません] 平均タイムの該当データなし（サンプル不足）: 京都 ダート 未勝利 1800 不
ℹ️ [スキップ/エラーではありません] 平均タイムの該当データなし（サンプル不足）: 札幌 ダート 1勝クラス 1700 不
ℹ️ [スキップ/エラーではありません] 平均タイムの該当データなし（サンプル不足）: 中山 ダート 1勝クラス 2400 不
ℹ️ [スキップ/エラーではありません] 平均タイムの該当データなし（サンプル不足）: 東京 ダート 未勝利 1600 不
ℹ️ [スキップ/エラーではありません] 平均タイムの該当データなし（サンプル不足）: 京都 ダート 新馬 1400 不
ℹ️ [スキップ/エラーではありません] 平均タイムの該当データなし（サンプル不足）: 京都 ダート 未勝利 1200 不
ℹ️ [スキップ/エラーではありません] 平均タイムの該当データなし（サンプル不足）: 京都 ダート 2勝クラス 1800 不
ℹ️ [スキップ/エラーではありません] 平均タイムの該当データなし（サンプル不足）: 京都 ダート 3勝クラス 1200 不
ℹ️ [スキップ/エラーではありません] 平均タイムの該当データなし（サンプル不足）: 京都 ダート 3勝クラス 1200 不
ℹ️ [スキップ/エラーではありません] 平均タイムの該当データなし（サンプル不足）: 京都 ダート 3勝クラス 1200 不
ℹ️ [スキップ/エラーではありません] 平均タイムの該当データなし（サンプル不足）: 京都 ダート 3勝クラス 1200 不
ℹ️ [スキップ/エラーではありません] 平均タイムの該当データなし（サンプル不足）: 京都 ダート 3勝クラス 1200 不
ℹ️ [スキップ/エラーではありません] 平均タイムの該当データなし（サンプル不足）: 京都 ダート 3勝クラス 1200 不
ℹ️ [スキップ/エラーではありません] 平均タイムの該当データなし（サンプル不足）: 京都 ダート 3勝クラス 1200 不
ℹ️ [スキップ/エラーではありません] 平均タイムの該当データなし（サンプル不足）: 京都 ダート 3勝クラス 1200 不
ℹ️ [スキップ/エラーではありません] 平均タイムの該当データなし（サンプル不足）: 京都 ダート 3勝クラス 1200 不
ℹ️ [スキップ/エラーではありません] 平均タイムの該当データなし（サンプル不足）: 京都 ダート オープン 1800 不
出馬表再生成: 20251207
ℹ️ [スキップ/エラーではありません] 指定日に開催なし: 20251207 01_sapporo
ℹ️ [スキップ/エラーではありません] 指定日に開催なし: 20251207 02_hakodate
ℹ️ [スキップ/エラーではありません] 指定日に開催なし: 20251207 03_fukushima
ℹ️ [スキップ/エラーではありません] 指定日に開催なし: 20251207 04_nigata
ℹ️ [スキップ/エラーではありません] 指定日に開催なし: 20251207 05_tokyo
ℹ️ [スキップ/エラーではありません] 指定日に開催なし: 20251207 08_kyoto
ℹ️ [スキップ/エラーではありません] 指定日に開催なし: 20251207 10_kokura
ℹ️ [スキップ/エラーではありません] 平均タイムの該当データなし（サンプル不足）: 東京 ダート 新馬 1400 不
ℹ️ [スキップ/エラーではありません] 平均タイムの該当データなし（サンプル不足）: 中山 ダート 未勝利 1800 不
ℹ️ [スキップ/エラーではありません] 平均タイムの該当データなし（サンプル不足）: 福島 障害 未勝利 2750 良
ℹ️ [スキップ/エラーではありません] 平均タイムの該当データなし（サンプル不足）: 東京 障害 未勝利 3000 良
ℹ️ [スキップ/エラーではありません] 平均タイムの該当データなし（サンプル不足）: 中京 障害 未勝利 3000 良
ℹ️ [スキップ/エラーではありません] 平均タイムの該当データなし（サンプル不足）: 小倉 障害 未勝利 2860 稍重
ℹ️ [スキップ/エラーではありません] 平均タイムの該当データなし（サンプル不足）: 東京 障害 未勝利 3000 良
ℹ️ [スキップ/エラーではありません] 平均タイムの該当データなし（サンプル不足）: 阪神 障害 未勝利 2970 良
ℹ️ [スキップ/エラーではありません] 平均タイムの該当データなし（サンプル不足）: 阪神 障害 未勝利 2970 良
ℹ️ [スキップ/エラーではありません] 平均タイムの該当データなし（サンプル不足）: 京都 障害 未勝利 2910 良
ℹ️ [スキップ/エラーではありません] 平均タイムの該当データなし（サンプル不足）: 中山 障害 未勝利 2880 良
ℹ️ [スキップ/エラーではありません] 平均タイムの該当データなし（サンプル不足）: 中京 障害 未勝利 3000 良
ℹ️ [スキップ/エラーではありません] 平均タイムの該当データなし（サンプル不足）: 中山 障害 未勝利 2880 良
ℹ️ [スキップ/エラーではありません] 平均タイムの該当データなし（サンプル不足）: 福島 障害 未勝利 2750 良
ℹ️ [スキップ/エラーではありません] 平均タイムの該当データなし（サンプル不足）: 福島 障害 未勝利 2750 良
ℹ️ [スキップ/エラーではありません] 平均タイムの該当データなし（サンプル不足）: 京都 障害 未勝利 2910 良
ℹ️ [スキップ/エラーではありません] 平均タイムの該当データなし（サンプル不足）: 東京 障害 未勝利 3000 良
ℹ️ [スキップ/エラーではありません] 平均タイムの該当データなし（サンプル不足）: 中山 障害 未勝利 2880 稍重
ℹ️ [スキップ/エラーではありません] 平均タイムの該当データなし（サンプル不足）: 福島 障害 未勝利 2750 良
ℹ️ [スキップ/エラーではありません] 平均タイムの該当データなし（サンプル不足）: 中山 ダート 未勝利 1800 不
ℹ️ [スキップ/エラーではありません] 平均タイムの該当データなし（サンプル不足）: 福島 障害 未勝利 2750 良
ℹ️ [スキップ/エラーではありません] 平均タイムの該当データなし（サンプル不足）: 中山 障害 未勝利 2880 良
ℹ️ [スキップ/エラーではありません] 平均タイムの該当データなし（サンプル不足）: 中山 障害 未勝利 2880 良
ℹ️ [スキップ/エラーではありません] 平均タイムの該当データなし（サンプル不足）: 新潟 障害 未勝利 2850 良
ℹ️ [スキップ/エラーではありません] 平均タイムの該当データなし（サンプル不足）: 福島 障害 未勝利 2750 良
ℹ️ [スキップ/エラーではありません] 平均タイムの該当データなし（サンプル不足）: 東京 障害 未勝利 3000 良
ℹ️ [スキップ/エラーではありません] 平均タイムの該当データなし（サンプル不足）: 中山 障害 未勝利 2880 良
ℹ️ [スキップ/エラーではありません] 平均タイムの該当データなし（サンプル不足）: 中京 障害 未勝利 3000 良
ℹ️ [スキップ/エラーではありません] 平均タイムの該当データなし（サンプル不足）: 東京 障害 未勝利 3000 良
ℹ️ [スキップ/エラーではありません] 平均タイムの該当データなし（サンプル不足）: 福島 障害 未勝利 2770 良
ℹ️ [スキップ/エラーではありません] 平均タイムの該当データなし（サンプル不足）: 東京 ダート 2勝クラス 1400 不
ℹ️ [スキップ/エラーではありません] 平均タイムの該当データなし（サンプル不足）: 中山 ダート 2勝クラス 1200 不
ℹ️ [スキップ/エラーではありません] 平均タイムの該当データなし（サンプル不足）: 中京 障害 未勝利 3000 良
ℹ️ [スキップ/エラーではありません] 平均タイムの該当データなし（サンプル不足）: 中山 ダート 1勝クラス 1200 不
ℹ️ [スキップ/エラーではありません] 平均タイムの該当データなし（サンプル不足）: 東京 ダート 2勝クラス 1400 不
ℹ️ [スキップ/エラーではありません] 平均タイムの該当データなし（サンプル不足）: 中山 ダート 1勝クラス 1200 不
ℹ️ [スキップ/エラーではありません] 平均タイムの該当データなし（サンプル不足）: 札幌 ダート 1勝クラス 1000 不
ℹ️ [スキップ/エラーではありません] 平均タイムの該当データなし（サンプル不足）: 東京 ダート 1勝クラス 1600 不
ℹ️ [スキップ/エラーではありません] 平均タイムの該当データなし（サンプル不足）: 東京 ダート 1勝クラス 1600 不
ℹ️ [スキップ/エラーではありません] 平均タイムの該当データなし（サンプル不足）: 新潟 ダート 1勝クラス 1800 不
ℹ️ [スキップ/エラーではありません] 平均タイムの該当データなし（サンプル不足）: 京都 ダート 1勝クラス 1400 不
ℹ️ [スキップ/エラーではありません] 平均タイムの該当データなし（サンプル不足）: 札幌 ダート 未勝利 1700 不
ℹ️ [スキップ/エラーではありません] 平均タイムの該当データなし（サンプル不足）: 東京 ダート 未勝利 1300 不
ℹ️ [スキップ/エラーではありません] 平均タイムの該当データなし（サンプル不足）: 京都 ダート 1勝クラス 1400 不
ℹ️ [スキップ/エラーではありません] 平均タイムの該当データなし（サンプル不足）: 東京 ダート 1勝クラス 1400 不
ℹ️ [スキップ/エラーではありません] 平均タイムの該当データなし（サンプル不足）: 中山 ダート 1勝クラス 1200 不
ℹ️ [スキップ/エラーではありません] 平均タイムの該当データなし（サンプル不足）: 京都 芝 未勝利 1600 不
ℹ️ [スキップ/エラーではありません] 平均タイムの該当データなし（サンプル不足）: 東京 ダート 1勝クラス 1600 不
ℹ️ [スキップ/エラーではありません] 平均タイムの該当データなし（サンプル不足）: 東京 ダート 1勝クラス 1400 不
ℹ️ [スキップ/エラーではありません] 平均タイムの該当データなし（サンプル不足）: 東京 ダート 1勝クラス 1600 不
ℹ️ [スキップ/エラーではありません] 平均タイムの該当データなし（サンプル不足）: 京都 ダート 未勝利 1800 不
ℹ️ [スキップ/エラーではありません] 平均タイムの該当データなし（サンプル不足）: 京都 ダート オープン 1800 不
ℹ️ [スキップ/エラーではありません] 平均タイムの該当データなし（サンプル不足）: 京都 ダート オープン 1800 不
ℹ️ [スキップ/エラーではありません] 平均タイムの該当データなし（サンプル不足）: 京都 ダート オープン 1800 不
ℹ️ [スキップ/エラーではありません] 平均タイムの該当データなし（サンプル不足）: 京都 ダート オープン 1800 不
ℹ️ [スキップ/エラーではありません] 平均タイムの該当データなし（サンプル不足）: 札幌 ダート 1勝クラス 1000 不
ℹ️ [スキップ/エラーではありません] 平均タイムの該当データなし（サンプル不足）: 阪神 ダート 未勝利 1200 不
ℹ️ [スキップ/エラーではありません] 平均タイムの該当データなし（サンプル不足）: 小倉 ダート 1勝クラス 1000 不
ℹ️ [スキップ/エラーではありません] 平均タイムの該当データなし（サンプル不足）: 京都 ダート 未勝利 1400 不
ℹ️ [スキップ/エラーではありません] 平均タイムの該当データなし（サンプル不足）: 東京 ダート 未勝利 1600 不
ℹ️ [スキップ/エラーではありません] 平均タイムの該当データなし（サンプル不足）: 新潟 障害 未勝利 2890 良
ℹ️ [スキップ/エラーではありません] 平均タイムの該当データなし（サンプル不足）: 新潟 障害 未勝利 2890 稍重
ℹ️ [スキップ/エラーではありません] 平均タイムの該当データなし（サンプル不足）: 東京 ダート 2勝クラス 1600 不
ℹ️ [スキップ/エラーではありません] 平均タイムの該当データなし（サンプル不足）: 京都 ダート 2勝クラス 1800 不
ℹ️ [スキップ/エラーではありません] 平均タイムの該当データなし（サンプル不足）: 京都 ダート 2勝クラス 1800 不
ℹ️ [スキップ/エラーではありません] 平均タイムの該当データなし（サンプル不足）: 京都 ダート 2勝クラス 1800 不
ℹ️ [スキップ/エラーではありません] 平均タイムの該当データなし（サンプル不足）: 新潟 ダート オープン 1800 不
ℹ️ [スキップ/エラーではありません] 平均タイムの該当データなし（サンプル不足）: 東京 ダート オープン 1400 不
ℹ️ [スキップ/エラーではありません] 平均タイムの該当データなし（サンプル不足）: 京都 ダート 3勝クラス 1200 不
ℹ️ [スキップ/エラーではありません] 平均タイムの該当データなし（サンプル不足）: 京都 芝 2勝クラス 1200 不
ℹ️ [スキップ/エラーではありません] 平均タイムの該当データなし（サンプル不足）: 京都 芝 2勝クラス 1200 不
出馬表再生成: 20251213
ℹ️ [スキップ/エラーではありません] 指定日に開催なし: 20251213 01_sapporo
ℹ️ [スキップ/エラーではありません] 指定日に開催なし: 20251213 02_hakodate
ℹ️ [スキップ/エラーではありません] 指定日に開催なし: 20251213 03_fukushima
ℹ️ [スキップ/エラーではありません] 指定日に開催なし: 20251213 04_nigata
ℹ️ [スキップ/エラーではありません] 指定日に開催なし: 20251213 05_tokyo
ℹ️ [スキップ/エラーではありません] 指定日に開催なし: 20251213 08_kyoto
ℹ️ [スキップ/エラーではありません] 指定日に開催なし: 20251213 10_kokura
ℹ️ [スキップ/エラーではありません] 平均タイムの該当データなし（サンプル不足）: 東京 ダート 未勝利 1600 不
ℹ️ [スキップ/エラーではありません] 平均タイムの該当データなし（サンプル不足）: 中山 ダート 1勝クラス 1200 不
ℹ️ [スキップ/エラーではありません] 平均タイムの該当データなし（サンプル不足）: 東京 ダート 未勝利 1400 不
ℹ️ [スキップ/エラーではありません] 平均タイムの該当データなし（サンプル不足）: 京都 ダート 1勝クラス 1400 不
ℹ️ [スキップ/エラーではありません] 平均タイムの該当データなし（サンプル不足）: 東京 ダート 1勝クラス 1400 不
ℹ️ [スキップ/エラーではありません] 平均タイムの該当データなし（サンプル不足）: 東京 ダート 2勝クラス 2100 不
ℹ️ [スキップ/エラーではありません] 平均タイムの該当データなし（サンプル不足）: 東京 ダート 2勝クラス 2100 不
ℹ️ [スキップ/エラーではありません] 配当結果データなし（未確定）: 202506050309
ℹ️ [スキップ/エラーではありません] 配当結果データなし（未確定）: 202506050310
ℹ️ [スキップ/エラーではありません] 平均タイムの該当データなし（サンプル不足）: 中山 ダート 1勝クラス 1200 不
ℹ️ [スキップ/エラーではありません] 平均タイムの該当データなし（サンプル不足）: 京都 ダート 3勝クラス 1200 不
ℹ️ [スキップ/エラーではありません] 平均タイムの該当データなし（サンプル不足）: 京都 ダート 3勝クラス 1200 不
ℹ️ [スキップ/エラーではありません] 配当結果データなし（未確定）: 202506050311
ℹ️ [スキップ/エラーではありません] 配当結果データなし（未確定）: 202506050312
ℹ️ [スキップ/エラーではありません] 平均タイムの該当データなし（サンプル不足）: 中京 障害 未勝利 3000 良
ℹ️ [スキップ/エラーではありません] 平均タイムの該当データなし（サンプル不足）: 新潟 障害 未勝利 2890 稍重
ℹ️ [スキップ/エラーではありません] 平均タイムの該当データなし（サンプル不足）: 中山 障害 未勝利 2880 良
ℹ️ [スキップ/エラーではありません] 平均タイムの該当データなし（サンプル不足）: 東京 ダート 未勝利 1400 不
ℹ️ [スキップ/エラーではありません] 平均タイムの該当データなし（サンプル不足）: 東京 ダート 未勝利 1400 不
ℹ️ [スキップ/エラーではありません] 平均タイムの該当データなし（サンプル不足）: 東京 ダート 1勝クラス 1600 不
ℹ️ [スキップ/エラーではありません] 平均タイムの該当データなし（サンプル不足）: 札幌 ダート 1勝クラス 1700 不
ℹ️ [スキップ/エラーではありません] 平均タイムの該当データなし（サンプル不足）: 東京 ダート 1勝クラス 1600 不
ℹ️ [スキップ/エラーではありません] 平均タイムの該当データなし（サンプル不足）: 東京 ダート 1勝クラス 1600 不
ℹ️ [スキップ/エラーではありません] 平均タイムの該当データなし（サンプル不足）: 札幌 ダート 未勝利 1700 不
ℹ️ [スキップ/エラーではありません] 平均タイムの該当データなし（サンプル不足）: 京都 芝 未勝利 2400 不
ℹ️ [スキップ/エラーではありません] 配当結果データなし（未確定）: 202507050308
ℹ️ [スキップ/エラーではありません] 平均タイムの該当データなし（サンプル不足）: 東京 ダート 1勝クラス 1600 不
ℹ️ [スキップ/エラーではありません] 平均タイムの該当データなし（サンプル不足）: 京都 ダート 1勝クラス 1400 不
ℹ️ [スキップ/エラーではありません] 平均タイムの該当データなし（サンプル不足）: 東京 ダート 1勝クラス 1600 不
ℹ️ [スキップ/エラーではありません] 平均タイムの該当データなし（サンプル不足）: 東京 ダート 1勝クラス 1400 不
ℹ️ [スキップ/エラーではありません] 配当結果データなし（未確定）: 202507050309
ℹ️ [スキップ/エラーではありません] 配当結果データなし（未確定）: 202507050310
ℹ️ [スキップ/エラーではありません] 平均タイムの該当データなし（サンプル不足）: 東京 ダート 2勝クラス 2100 不
ℹ️ [スキップ/エラーではありません] 平均タイムの該当データなし（サンプル不足）: 京都 ダート 2勝クラス 1800 不
ℹ️ [スキップ/エラーではありません] 平均タイムの該当データなし（サンプル不足）: 東京 ダート 2勝クラス 2100 不
ℹ️ [スキップ/エラーではありません] 平均タイムの該当データなし（サンプル不足）: 京都 ダート 1勝クラス 1800 不
ℹ️ [スキップ/エラーではありません] 配当結果データなし（未確定）: 202507050311
ℹ️ [スキップ/エラーではありません] 平均タイムの該当データなし（サンプル不足）: 新潟 ダート オープン 1800 不
ℹ️ [スキップ/エラーではありません] 平均タイムの該当データなし（サンプル不足）: 京都 ダート 3勝クラス 1800 不
ℹ️ [スキップ/エラーではありません] 配当結果データなし（未確定）: 202507050312
ℹ️ [スキップ/エラーではありません] 平均タイムの該当データなし（サンプル不足）: 新潟 障害 未勝利 2890 稍重
ℹ️ [スキップ/エラーではありません] 平均タイムの該当データなし（サンプル不足）: 福島 障害 未勝利 2750 良
ℹ️ [スキップ/エラーではありません] 平均タイムの該当データなし（サンプル不足）: 小倉 障害 未勝利 2860 良
ℹ️ [スキップ/エラーではありません] 平均タイムの該当データなし（サンプル不足）: 中山 障害 未勝利 2880 良
ℹ️ [スキップ/エラーではありません] 平均タイムの該当データなし（サンプル不足）: 阪神 障害 未勝利 2970 稍重
ℹ️ [スキップ/エラーではありません] 平均タイムの該当データなし（サンプル不足）: 中山 障害 未勝利 2880 良
ℹ️ [スキップ/エラーではありません] 平均タイムの該当データなし（サンプル不足）: 福島 障害 未勝利 2750 良
ℹ️ [スキップ/エラーではありません] 平均タイムの該当データなし（サンプル不足）: 東京 障害 未勝利 3000 良
ℹ️ [スキップ/エラーではありません] 平均タイムの該当データなし（サンプル不足）: 京都 ダート 3勝クラス 1800 不
ℹ️ [スキップ/エラーではありません] 平均タイムの該当データなし（サンプル不足）: 東京 障害 未勝利 3000 良
ℹ️ [スキップ/エラーではありません] 平均タイムの該当データなし（サンプル不足）: 中山 障害 未勝利 2880 稍重
ℹ️ [スキップ/エラーではありません] 平均タイムの該当データなし（サンプル不足）: 福島 障害 未勝利 2770 良
ℹ️ [スキップ/エラーではありません] 平均タイムの該当データなし（サンプル不足）: 福島 障害 未勝利 2750 良
ℹ️ [スキップ/エラーではありません] 平均タイムの該当データなし（サンプル不足）: 福島 障害 未勝利 2750 良
ℹ️ [スキップ/エラーではありません] 平均タイムの該当データなし（サンプル不足）: 京都 障害 未勝利 2910 良
ℹ️ [スキップ/エラーではありません] 平均タイムの該当データなし（サンプル不足）: 中京 障害 未勝利 3000 良
ℹ️ [スキップ/エラーではありません] 平均タイムの該当データなし（サンプル不足）: 中京 障害 未勝利 3000 良
ℹ️ [スキップ/エラーではありません] 平均タイムの該当データなし（サンプル不足）: 小倉 障害 未勝利 2860 良
ℹ️ [スキップ/エラーではありません] 平均タイムの該当データなし（サンプル不足）: 東京 障害 未勝利 3000 稍重
ℹ️ [スキップ/エラーではありません] 平均タイムの該当データなし（サンプル不足）: 福島 障害 未勝利 2770 良
ℹ️ [スキップ/エラーではありません] 平均タイムの該当データなし（サンプル不足）: 京都 障害 未勝利 2910 稍重
ℹ️ [スキップ/エラーではありません] 平均タイムの該当データなし（サンプル不足）: 阪神 障害 未勝利 2970 良
ℹ️ [スキップ/エラーではありません] 平均タイムの該当データなし（サンプル不足）: 中京 障害 未勝利 3000 良
ℹ️ [スキップ/エラーではありません] 平均タイムの該当データなし（サンプル不足）: 中山 障害 未勝利 2880 良
ℹ️ [スキップ/エラーではありません] 平均タイムの該当データなし（サンプル不足）: 東京 ダート 1勝クラス 1600 不
ℹ️ [スキップ/エラーではありません] 平均タイムの該当データなし（サンプル不足）: 京都 ダート 1勝クラス 1400 不
ℹ️ [スキップ/エラーではありません] 配当結果データなし（未確定）: 202509050309
ℹ️ [スキップ/エラーではありません] 配当結果データなし（未確定）: 202509050310
ℹ️ [スキップ/エラーではありません] 平均タイムの該当データなし（サンプル不足）: 京都 ダート 2勝クラス 1800 不
ℹ️ [スキップ/エラーではありません] 平均タイムの該当データなし（サンプル不足）: 東京 ダート 2勝クラス 2100 不
ℹ️ [スキップ/エラーではありません] 平均タイムの該当データなし（サンプル不足）: 東京 ダート 2勝クラス 2100 不
ℹ️ [スキップ/エラーではありません] 平均タイムの該当データなし（サンプル不足）: 京都 ダート 2勝クラス 1800 不
ℹ️ [スキップ/エラーではありません] 配当結果データなし（未確定）: 202509050311
ℹ️ [スキップ/エラーではありません] 配当結果データなし（未確定）: 202509050312
出馬表再生成: 20251214
ℹ️ [スキップ/エラーではありません] 指定日に開催なし: 20251214 01_sapporo
ℹ️ [スキップ/エラーではありません] 指定日に開催なし: 20251214 02_hakodate
ℹ️ [スキップ/エラーではありません] 指定日に開催なし: 20251214 03_fukushima
ℹ️ [スキップ/エラーではありません] 指定日に開催なし: 20251214 04_nigata
ℹ️ [スキップ/エラーではありません] 指定日に開催なし: 20251214 05_tokyo
ℹ️ [スキップ/エラーではありません] 指定日に開催なし: 20251214 08_kyoto
ℹ️ [スキップ/エラーではありません] 指定日に開催なし: 20251214 10_kokura
ℹ️ [スキップ/エラーではありません] 平均タイムの該当データなし（サンプル不足）: 東京 ダート 新馬 1400 不
ℹ️ [スキップ/エラーではありません] 平均タイムの該当データなし（サンプル不足）: 福島 障害 未勝利 2770 良
ℹ️ [スキップ/エラーではありません] 平均タイムの該当データなし（サンプル不足）: 阪神 障害 未勝利 2970 良
ℹ️ [スキップ/エラーではありません] 平均タイムの該当データなし（サンプル不足）: 新潟 障害 未勝利 2890 稍重
ℹ️ [スキップ/エラーではありません] 平均タイムの該当データなし（サンプル不足）: 小倉 障害 未勝利 2860 稍重
ℹ️ [スキップ/エラーではありません] 平均タイムの該当データなし（サンプル不足）: 東京 障害 未勝利 3000 良
ℹ️ [スキップ/エラーではありません] 平均タイムの該当データなし（サンプル不足）: 中山 障害 未勝利 2880 良
ℹ️ [スキップ/エラーではありません] 平均タイムの該当データなし（サンプル不足）: 京都 障害 未勝利 2910 良
ℹ️ [スキップ/エラーではありません] 平均タイムの該当データなし（サンプル不足）: 阪神 障害 未勝利 2970 良
ℹ️ [スキップ/エラーではありません] 平均タイムの該当データなし（サンプル不足）: 小倉 障害 未勝利 2860 良
ℹ️ [スキップ/エラーではありません] 平均タイムの該当データなし（サンプル不足）: 福島 障害 未勝利 2750 良
ℹ️ [スキップ/エラーではありません] 平均タイムの該当データなし（サンプル不足）: 京都 障害 未勝利 2910 良
ℹ️ [スキップ/エラーではありません] 平均タイムの該当データなし（サンプル不足）: 阪神 障害 未勝利 2970 良
ℹ️ [スキップ/エラーではありません] 平均タイムの該当データなし（サンプル不足）: 阪神 障害 未勝利 2970 良
ℹ️ [スキップ/エラーではありません] 平均タイムの該当データなし（サンプル不足）: 中山 障害 未勝利 2880 良
ℹ️ [スキップ/エラーではありません] 平均タイムの該当データなし（サンプル不足）: 京都 障害 未勝利 2910 良
ℹ️ [スキップ/エラーではありません] 平均タイムの該当データなし（サンプル不足）: 阪神 障害 未勝利 2970 良
ℹ️ [スキップ/エラーではありません] 平均タイムの該当データなし（サンプル不足）: 中山 障害 未勝利 2880 良
ℹ️ [スキップ/エラーではありません] 平均タイムの該当データなし（サンプル不足）: 小倉 障害 未勝利 2860 良
ℹ️ [スキップ/エラーではありません] 平均タイムの該当データなし（サンプル不足）: 福島 障害 未勝利 2770 良
ℹ️ [スキップ/エラーではありません] 平均タイムの該当データなし（サンプル不足）: 福島 障害 未勝利 2750 良
ℹ️ [スキップ/エラーではありません] 平均タイムの該当データなし（サンプル不足）: 新潟 障害 未勝利 2890 稍重
ℹ️ [スキップ/エラーではありません] 平均タイムの該当データなし（サンプル不足）: 阪神 障害 未勝利 2970 良
ℹ️ [スキップ/エラーではありません] 平均タイムの該当データなし（サンプル不足）: 福島 障害 未勝利 2750 良
ℹ️ [スキップ/エラーではありません] 平均タイムの該当データなし（サンプル不足）: 中山 障害 未勝利 2880 稍重
ℹ️ [スキップ/エラーではありません] 平均タイムの該当データなし（サンプル不足）: 新潟 障害 未勝利 2890 稍重
ℹ️ [スキップ/エラーではありません] 平均タイムの該当データなし（サンプル不足）: 京都 芝 nan 1600 良
ℹ️ [スキップ/エラーではありません] 平均タイムの該当データなし（サンプル不足）: 中山 ダート 未勝利 1800 不
ℹ️ [スキップ/エラーではありません] 平均タイムの該当データなし（サンプル不足）: 中山 ダート 1勝クラス 2400 不
ℹ️ [スキップ/エラーではありません] 平均タイムの該当データなし（サンプル不足）: 新潟 ダート 1勝クラス 1800 不
ℹ️ [スキップ/エラーではありません] 平均タイムの該当データなし（サンプル不足）: 福島 障害 未勝利 2750 良
ℹ️ [スキップ/エラーではありません] 平均タイムの該当データなし（サンプル不足）: 新潟 ダート 1勝クラス 1800 不
ℹ️ [スキップ/エラーではありません] 平均タイムの該当データなし（サンプル不足）: 東京 ダート オープン 1600 不
ℹ️ [スキップ/エラーではありません] 平均タイムの該当データなし（サンプル不足）: 京都 ダート オープン 1800 不
ℹ️ [スキップ/エラーではありません] 平均タイムの該当データなし（サンプル不足）: 中山 ダート 1勝クラス 1200 不
ℹ️ [スキップ/エラーではありません] 平均タイムの該当データなし（サンプル不足）: 東京 ダート 1勝クラス 1400 不
ℹ️ [スキップ/エラーではありません] 平均タイムの該当データなし（サンプル不足）: 東京 ダート 1勝クラス 1400 不
ℹ️ [スキップ/エラーではありません] 平均タイムの該当データなし（サンプル不足）: 新潟 障害 未勝利 2890 稍重
ℹ️ [スキップ/エラーではありません] 平均タイムの該当データなし（サンプル不足）: 阪神 障害 未勝利 2970 良
ℹ️ [スキップ/エラーではありません] 平均タイムの該当データなし（サンプル不足）: 小倉 障害 未勝利 2860 稍重
ℹ️ [スキップ/エラーではありません] 平均タイムの該当データなし（サンプル不足）: 小倉 障害 未勝利 2860 良
ℹ️ [スキップ/エラーではありません] 平均タイムの該当データなし（サンプル不足）: 福島 障害 未勝利 2770 良
ℹ️ [スキップ/エラーではありません] 平均タイムの該当データなし（サンプル不足）: 札幌 ダート 1勝クラス 1700 不
ℹ️ [スキップ/エラーではありません] 平均タイムの該当データなし（サンプル不足）: 京都 芝 未勝利 2400 不
ℹ️ [スキップ/エラーではありません] 平均タイムの該当データなし（サンプル不足）: 札幌 ダート 未勝利 1700 不
ℹ️ [スキップ/エラーではありません] 平均タイムの該当データなし（サンプル不足）: 東京 ダート 1勝クラス 1600 不
ℹ️ [スキップ/エラーではありません] 平均タイムの該当データなし（サンプル不足）: 新潟 ダート 1勝クラス 1800 不
ℹ️ [スキップ/エラーではありません] 平均タイムの該当データなし（サンプル不足）: 京都 ダート 3勝クラス 1200 不
ℹ️ [スキップ/エラーではありません] 平均タイムの該当データなし（サンプル不足）: 中京 障害 未勝利 3000 良
ℹ️ [スキップ/エラーではありません] 平均タイムの該当データなし（サンプル不足）: 新潟 障害 未勝利 2890 良
ℹ️ [スキップ/エラーではありません] 平均タイムの該当データなし（サンプル不足）: 新潟 障害 未勝利 2890 良
❌ [要確認/エラー] 不明な開催場名: 
ℹ️ [スキップ/エラーではありません] 平均タイムの該当データなし（サンプル不足）: 阪神 障害 未勝利 2970 良
ℹ️ [スキップ/エラーではありません] 平均タイムの該当データなし（サンプル不足）: 京都 ダート 未勝利 1800 不
ℹ️ [スキップ/エラーではありません] 平均タイムの該当データなし（サンプル不足）: 京都 ダート 新馬 1400 不
ℹ️ [スキップ/エラーではありません] 平均タイムの該当データなし（サンプル不足）: 京都 ダート 3勝クラス 1800 不
ℹ️ [スキップ/エラーではありません] 平均タイムの該当データなし（サンプル不足）: 京都 ダート 2勝クラス 1800 不
ℹ️ [スキップ/エラーではありません] 平均タイムの該当データなし（サンプル不足）: 京都 ダート 3勝クラス 1800 不
ℹ️ [スキップ/エラーではありません] 平均タイムの該当データなし（サンプル不足）: 阪神 障害 未勝利 2970 良
ℹ️ [スキップ/エラーではありません] 平均タイムの該当データなし（サンプル不足）: 中京 障害 未勝利 3000 良
ℹ️ [スキップ/エラーではありません] 平均タイムの該当データなし（サンプル不足）: 阪神 障害 未勝利 2970 良
ℹ️ [スキップ/エラーではありません] 平均タイムの該当データなし（サンプル不足）: 阪神 障害 未勝利 2970 良
ℹ️ [スキップ/エラーではありません] 平均タイムの該当データなし（サンプル不足）: 東京 ダート 1勝クラス 1400 不
出馬表再生成: 20251220
ℹ️ [スキップ/エラーではありません] 指定日に開催なし: 20251220 01_sapporo
ℹ️ [スキップ/エラーではありません] 指定日に開催なし: 20251220 02_hakodate
ℹ️ [スキップ/エラーではありません] 指定日に開催なし: 20251220 03_fukushima
ℹ️ [スキップ/エラーではありません] 指定日に開催なし: 20251220 04_nigata
ℹ️ [スキップ/エラーではありません] 指定日に開催なし: 20251220 05_tokyo
ℹ️ [スキップ/エラーではありません] 指定日に開催なし: 20251220 08_kyoto
ℹ️ [スキップ/エラーではありません] 指定日に開催なし: 20251220 10_kokura
ℹ️ [スキップ/エラーではありません] 平均タイムの該当データなし（サンプル不足）: 中山 ダート 未勝利 1800 不
ℹ️ [スキップ/エラーではありません] 配当結果データなし（未確定）: 202506050503
ℹ️ [スキップ/エラーではありません] 配当結果データなし（未確定）: 202506050504
ℹ️ [スキップ/エラーではありません] 配当結果データなし（未確定）: 202506050505
ℹ️ [スキップ/エラーではありません] 配当結果データなし（未確定）: 202506050506
ℹ️ [スキップ/エラーではありません] 平均タイムの該当データなし（サンプル不足）: 中京 ダート 1勝クラス 1200 不
ℹ️ [スキップ/エラーではありません] 配当結果データなし（未確定）: 202506050507
ℹ️ [スキップ/エラーではありません] 平均タイムの該当データなし（サンプル不足）: 東京 ダート 未勝利 1600 不
ℹ️ [スキップ/エラーではありません] 配当結果データなし（未確定）: 202506050508
ℹ️ [スキップ/エラーではありません] 平均タイムの該当データなし（サンプル不足）: 中山 ダート 未勝利 1200 不
ℹ️ [スキップ/エラーではありません] 平均タイムの該当データなし（サンプル不足）: 福島 ダート 未勝利 1150 不
ℹ️ [スキップ/エラーではありません] 平均タイムの該当データなし（サンプル不足）: 札幌 ダート 1勝クラス 1000 不
ℹ️ [スキップ/エラーではありません] 平均タイムの該当データなし（サンプル不足）: 東京 ダート 未勝利 1300 不
ℹ️ [スキップ/エラーではありません] 平均タイムの該当データなし（サンプル不足）: 中山 ダート 1勝クラス 1200 不
ℹ️ [スキップ/エラーではありません] 配当結果データなし（未確定）: 202506050509
ℹ️ [スキップ/エラーではありません] 平均タイムの該当データなし（サンプル不足）: 東京 芝 未勝利 1800 不
ℹ️ [スキップ/エラーではありません] 平均タイムの該当データなし（サンプル不足）: 東京 ダート 未勝利 1600 不
ℹ️ [スキップ/エラーではありません] 配当結果データなし（未確定）: 202506050510
ℹ️ [スキップ/エラーではありません] 平均タイムの該当データなし（サンプル不足）: 中山 ダート 2勝クラス 2400 不
ℹ️ [スキップ/エラーではありません] 平均タイムの該当データなし（サンプル不足）: 東京 ダート 2勝クラス 2100 不
ℹ️ [スキップ/エラーではありません] 平均タイムの該当データなし（サンプル不足）: 中山 ダート 2勝クラス 2400 不
ℹ️ [スキップ/エラーではありません] 平均タイムの該当データなし（サンプル不足）: 中山 ダート 2勝クラス 2400 不
ℹ️ [スキップ/エラーではありません] 配当結果データなし（未確定）: 202506050511
ℹ️ [スキップ/エラーではありません] 配当結果データなし（未確定）: 202506050512
ℹ️ [スキップ/エラーではありません] 平均タイムの該当データなし（サンプル不足）: 中京 障害 未勝利 3000 良
ℹ️ [スキップ/エラーではありません] 平均タイムの該当データなし（サンプル不足）: 東京 ダート 2勝クラス 1400 不
ℹ️ [スキップ/エラーではありません] 平均タイムの該当データなし（サンプル不足）: 中山 ダート 2勝クラス 1200 不
ℹ️ [スキップ/エラーではありません] 平均タイムの該当データなし（サンプル不足）: 東京 ダート 1勝クラス 1600 不
ℹ️ [スキップ/エラーではありません] 平均タイムの該当データなし（サンプル不足）: 札幌 ダート 未勝利 1700 不
ℹ️ [スキップ/エラーではありません] 平均タイムの該当データなし（サンプル不足）: 阪神 ダート 未勝利 1200 不
ℹ️ [スキップ/エラーではありません] 平均タイムの該当データなし（サンプル不足）: 東京 ダート 未勝利 1400 不
ℹ️ [スキップ/エラーではありません] 配当結果データなし（未確定）: 202507050504
ℹ️ [スキップ/エラーではありません] 配当結果データなし（未確定）: 202507050505
ℹ️ [スキップ/エラーではありません] 配当結果データなし（未確定）: 202507050506
ℹ️ [スキップ/エラーではありません] 配当結果データなし（未確定）: 202507050507
ℹ️ [スキップ/エラーではありません] 平均タイムの該当データなし（サンプル不足）: 京都 ダート 1勝クラス 1400 不
ℹ️ [スキップ/エラーではありません] 配当結果データなし（未確定）: 202507050508
ℹ️ [スキップ/エラーではありません] 平均タイムの該当データなし（サンプル不足）: 福島 障害 未勝利 2770 良
ℹ️ [スキップ/エラーではありません] 配当結果データなし（未確定）: 202507050509
ℹ️ [スキップ/エラーではありません] 配当結果データなし（未確定）: 202507050510
ℹ️ [スキップ/エラーではありません] 平均タイムの該当データなし（サンプル不足）: 東京 ダート 2勝クラス 1400 不
ℹ️ [スキップ/エラーではありません] 平均タイムの該当データなし（サンプル不足）: 東京 ダート 2勝クラス 1600 不
ℹ️ [スキップ/エラーではありません] 平均タイムの該当データなし（サンプル不足）: 東京 ダート 2勝クラス 1600 不
ℹ️ [スキップ/エラーではありません] 平均タイムの該当データなし（サンプル不足）: 中山 ダート 2勝クラス 2400 不
ℹ️ [スキップ/エラーではありません] 配当結果データなし（未確定）: 202507050511
ℹ️ [スキップ/エラーではありません] 平均タイムの該当データなし（サンプル不足）: 京都 ダート 3勝クラス 1800 不
ℹ️ [スキップ/エラーではありません] 平均タイムの該当データなし（サンプル不足）: 京都 ダート 2勝クラス 1800 不
ℹ️ [スキップ/エラーではありません] 平均タイムの該当データなし（サンプル不足）: 東京 ダート 2勝クラス 1400 不
ℹ️ [スキップ/エラーではありません] 配当結果データなし（未確定）: 202507050512
ℹ️ [スキップ/エラーではありません] 平均タイムの該当データなし（サンプル不足）: 中山 ダート 1勝クラス 1200 不
ℹ️ [スキップ/エラーではありません] 平均タイムの該当データなし（サンプル不足）: 中山 ダート 未勝利 1800 不
ℹ️ [スキップ/エラーではありません] 配当結果データなし（未確定）: 202509050503
ℹ️ [スキップ/エラーではありません] 配当結果データなし（未確定）: 202509050504
ℹ️ [スキップ/エラーではありません] 平均タイムの該当データなし（サンプル不足）: 福島 障害 オープン 3380 良
ℹ️ [スキップ/エラーではありません] 平均タイムの該当データなし（サンプル不足）: 中京 障害 未勝利 3000 良
ℹ️ [スキップ/エラーではありません] 平均タイムの該当データなし（サンプル不足）: 新潟 障害 未勝利 2850 良
ℹ️ [スキップ/エラーではありません] 平均タイムの該当データなし（サンプル不足）: 新潟 障害 未勝利 2890 稍重
ℹ️ [スキップ/エラーではありません] 平均タイムの該当データなし（サンプル不足）: 阪神 障害 未勝利 2970 良
ℹ️ [スキップ/エラーではありません] 平均タイムの該当データなし（サンプル不足）: 東京 障害 未勝利 3000 稍重
ℹ️ [スキップ/エラーではありません] 平均タイムの該当データなし（サンプル不足）: 東京 障害 オープン 3100 良
ℹ️ [スキップ/エラーではありません] 平均タイムの該当データなし（サンプル不足）: 中京 障害 オープン 3300 良
ℹ️ [スキップ/エラーではありません] 平均タイムの該当データなし（サンプル不足）: 東京 障害 未勝利 3000 良
ℹ️ [スキップ/エラーではありません] 平均タイムの該当データなし（サンプル不足）: 京都 障害 オープン 3170 良
ℹ️ [スキップ/エラーではありません] 平均タイムの該当データなし（サンプル不足）: 中山 障害 未勝利 2880 良
ℹ️ [スキップ/エラーではありません] 平均タイムの該当データなし（サンプル不足）: 新潟 障害 未勝利 2850 良
ℹ️ [スキップ/エラーではありません] 平均タイムの該当データなし（サンプル不足）: 新潟 障害 未勝利 2850 良
ℹ️ [スキップ/エラーではありません] 平均タイムの該当データなし（サンプル不足）: 東京 障害 未勝利 3000 良
ℹ️ [スキップ/エラーではありません] 平均タイムの該当データなし（サンプル不足）: 京都 障害 オープン 3170 良
ℹ️ [スキップ/エラーではありません] 平均タイムの該当データなし（サンプル不足）: 阪神 障害 オープン 3140 良
ℹ️ [スキップ/エラーではありません] 平均タイムの該当データなし（サンプル不足）: 阪神 障害 未勝利 2970 良
ℹ️ [スキップ/エラーではありません] 平均タイムの該当データなし（サンプル不足）: 阪神 障害 未勝利 2970 良
ℹ️ [スキップ/エラーではありません] 平均タイムの該当データなし（サンプル不足）: 小倉 障害 未勝利 2860 稍重
ℹ️ [スキップ/エラーではありません] 平均タイムの該当データなし（サンプル不足）: 京都 障害 未勝利 2910 良
ℹ️ [スキップ/エラーではありません] 平均タイムの該当データなし（サンプル不足）: 京都 障害 未勝利 2910 良
ℹ️ [スキップ/エラーではありません] 平均タイムの該当データなし（サンプル不足）: 小倉 障害 未勝利 2860 良
ℹ️ [スキップ/エラーではありません] 平均タイムの該当データなし（サンプル不足）: 東京 障害 未勝利 3000 稍重
ℹ️ [スキップ/エラーではありません] 平均タイムの該当データなし（サンプル不足）: 京都 障害 未勝利 2910 良
ℹ️ [スキップ/エラーではありません] 平均タイムの該当データなし（サンプル不足）: 新潟 障害 オープン 3250 良
ℹ️ [スキップ/エラーではありません] 平均タイムの該当データなし（サンプル不足）: 福島 障害 オープン 2750 稍重
ℹ️ [スキップ/エラーではありません] 平均タイムの該当データなし（サンプル不足）: 新潟 障害 オープン 3290 良
ℹ️ [スキップ/エラーではありません] 平均タイムの該当データなし（サンプル不足）: 中山 障害 オープン 3200 良
ℹ️ [スキップ/エラーではありません] 平均タイムの該当データなし（サンプル不足）: 中山 障害 オープン 3200 良
ℹ️ [スキップ/エラーではありません] 平均タイムの該当データなし（サンプル不足）: 東京 障害 オープン 3100 良
ℹ️ [スキップ/エラーではありません] 平均タイムの該当データなし（サンプル不足）: 福島 障害 オープン 3380 良
ℹ️ [スキップ/エラーではありません] 平均タイムの該当データなし（サンプル不足）: 中山 障害 オープン 3570 良
ℹ️ [スキップ/エラーではありません] 平均タイムの該当データなし（サンプル不足）: 新潟 障害 オープン 2850 良
ℹ️ [スキップ/エラーではありません] 平均タイムの該当データなし（サンプル不足）: 新潟 障害 オープン 2850 良
ℹ️ [スキップ/エラーではありません] 平均タイムの該当データなし（サンプル不足）: 東京 障害 オープン 3110 良
ℹ️ [スキップ/エラーではありません] 平均タイムの該当データなし（サンプル不足）: 東京 障害 オープン 3100 良
ℹ️ [スキップ/エラーではありません] 平均タイムの該当データなし（サンプル不足）: 新潟 障害 オープン 2850 良
ℹ️ [スキップ/エラーではありません] 平均タイムの該当データなし（サンプル不足）: 東京 障害 オープン 3110 良
ℹ️ [スキップ/エラーではありません] 平均タイムの該当データなし（サンプル不足）: 新潟 障害 オープン 2890 稍重
ℹ️ [スキップ/エラーではありません] 平均タイムの該当データなし（サンプル不足）: 京都 障害 オープン 3170 良
ℹ️ [スキップ/エラーではありません] 平均タイムの該当データなし（サンプル不足）: 阪神 障害 オープン 3140 良
ℹ️ [スキップ/エラーではありません] 平均タイムの該当データなし（サンプル不足）: 小倉 障害 未勝利 2860 良
ℹ️ [スキップ/エラーではありません] 平均タイムの該当データなし（サンプル不足）: 小倉 障害 未勝利 2860 良
ℹ️ [スキップ/エラーではありません] 平均タイムの該当データなし（サンプル不足）: 中山 障害 未勝利 2880 良
ℹ️ [スキップ/エラーではありません] 平均タイムの該当データなし（サンプル不足）: 中山 障害 未勝利 2880 良
ℹ️ [スキップ/エラーではありません] 平均タイムの該当データなし（サンプル不足）: 福島 障害 未勝利 2750 良
ℹ️ [スキップ/エラーではありません] 平均タイムの該当データなし（サンプル不足）: 東京 障害 未勝利 3000 良
ℹ️ [スキップ/エラーではありません] 平均タイムの該当データなし（サンプル不足）: 新潟 障害 未勝利 2890 良
ℹ️ [スキップ/エラーではありません] 平均タイムの該当データなし（サンプル不足）: 中山 障害 未勝利 2880 良
ℹ️ [スキップ/エラーではありません] 平均タイムの該当データなし（サンプル不足）: 京都 障害 オープン 3170 良
ℹ️ [スキップ/エラーではありません] 平均タイムの該当データなし（サンプル不足）: 京都 障害 オープン 3930 不
ℹ️ [スキップ/エラーではありません] 平均タイムの該当データなし（サンプル不足）: 中山 障害 未勝利 2880 稍重
ℹ️ [スキップ/エラーではありません] 平均タイムの該当データなし（サンプル不足）: 中山 障害 未勝利 2880 稍重
ℹ️ [スキップ/エラーではありません] 平均タイムの該当データなし（サンプル不足）: 新潟 障害 オープン 3250 良
ℹ️ [スキップ/エラーではありません] 平均タイムの該当データなし（サンプル不足）: 新潟 障害 未勝利 2850 良
ℹ️ [スキップ/エラーではありません] 平均タイムの該当データなし（サンプル不足）: 中山 障害 オープン 3210 稍重
ℹ️ [スキップ/エラーではありません] 平均タイムの該当データなし（サンプル不足）: 新潟 障害 オープン 3250 良
ℹ️ [スキップ/エラーではありません] 平均タイムの該当データなし（サンプル不足）: 福島 障害 オープン 2750 稍重
ℹ️ [スキップ/エラーではありません] 平均タイムの該当データなし（サンプル不足）: 阪神 障害 オープン 3110 良
ℹ️ [スキップ/エラーではありません] 平均タイムの該当データなし（サンプル不足）: 新潟 障害 オープン 3290 良
ℹ️ [スキップ/エラーではありません] 配当結果データなし（未確定）: 202509050505
ℹ️ [スキップ/エラーではありません] 配当結果データなし（未確定）: 202509050506
ℹ️ [スキップ/エラーではありません] 配当結果データなし（未確定）: 202509050507
ℹ️ [スキップ/エラーではありません] 平均タイムの該当データなし（サンプル不足）: 阪神 ダート 未勝利 1400 不
ℹ️ [スキップ/エラーではありません] 配当結果データなし（未確定）: 202509050508
ℹ️ [スキップ/エラーではありません] 平均タイムの該当データなし（サンプル不足）: 函館 ダート 未勝利 1000 不
ℹ️ [スキップ/エラーではありません] 平均タイムの該当データなし（サンプル不足）: 阪神 ダート 未勝利 1200 不
ℹ️ [スキップ/エラーではありません] 配当結果データなし（未確定）: 202509050509
ℹ️ [スキップ/エラーではありません] 配当結果データなし（未確定）: 202509050510
ℹ️ [スキップ/エラーではありません] 平均タイムの該当データなし（サンプル不足）: 京都 障害 オープン 3930 良
ℹ️ [スキップ/エラーではありません] 平均タイムの該当データなし（サンプル不足）: 中山 障害 オープン 3350 良
ℹ️ [スキップ/エラーではありません] 平均タイムの該当データなし（サンプル不足）: 小倉 障害 オープン 3390 良
ℹ️ [スキップ/エラーではありません] 平均タイムの該当データなし（サンプル不足）: 小倉 障害 オープン 2860 稍重
ℹ️ [スキップ/エラーではありません] 平均タイムの該当データなし（サンプル不足）: 阪神 障害 オープン 3110 稍重
ℹ️ [スキップ/エラーではありません] 配当結果データなし（未確定）: 202509050511
ℹ️ [スキップ/エラーではありません] 平均タイムの該当データなし（サンプル不足）: 東京 ダート オープン 1600 不
ℹ️ [スキップ/エラーではありません] 配当結果データなし（未確定）: 202509050512
ℹ️ [スキップ/エラーではありません] 平均タイムの該当データなし（サンプル不足）: 京都 芝 2勝クラス 1200 不
ℹ️ [スキップ/エラーではありません] 平均タイムの該当データなし（サンプル不足）: 新潟 ダート 新馬 1200 不
ℹ️ [スキップ/エラーではありません] 平均タイムの該当データなし（サンプル不足）: 京都 芝 2勝クラス 1200 不
出馬表再生成: 20251221
ℹ️ [スキップ/エラーではありません] 指定日に開催なし: 20251221 01_sapporo
ℹ️ [スキップ/エラーではありません] 指定日に開催なし: 20251221 02_hakodate
ℹ️ [スキップ/エラーではありません] 指定日に開催なし: 20251221 03_fukushima
ℹ️ [スキップ/エラーではありません] 指定日に開催なし: 20251221 04_nigata
ℹ️ [スキップ/エラーではありません] 指定日に開催なし: 20251221 05_tokyo
ℹ️ [スキップ/エラーではありません] 指定日に開催なし: 20251221 08_kyoto
ℹ️ [スキップ/エラーではありません] 指定日に開催なし: 20251221 10_kokura
ℹ️ [スキップ/エラーではありません] 平均タイムの該当データなし（サンプル不足）: 東京 ダート 未勝利 1400 不
ℹ️ [スキップ/エラーではありません] 平均タイムの該当データなし（サンプル不足）: 東京 ダート 未勝利 1400 不
ℹ️ [スキップ/エラーではありません] 平均タイムの該当データなし（サンプル不足）: 中山 ダート 未勝利 1800 不
ℹ️ [スキップ/エラーではありません] 平均タイムの該当データなし（サンプル不足）: 中山 障害 未勝利 2880 良
ℹ️ [スキップ/エラーではありません] 平均タイムの該当データなし（サンプル不足）: 中山 障害 未勝利 2880 良
ℹ️ [スキップ/エラーではありません] 平均タイムの該当データなし（サンプル不足）: 福島 障害 未勝利 2750 良
ℹ️ [スキップ/エラーではありません] 平均タイムの該当データなし（サンプル不足）: 中山 障害 未勝利 2880 稍重
ℹ️ [スキップ/エラーではありません] 平均タイムの該当データなし（サンプル不足）: 福島 障害 未勝利 2770 良
ℹ️ [スキップ/エラーではありません] 平均タイムの該当データなし（サンプル不足）: 小倉 障害 未勝利 2860 良
ℹ️ [スキップ/エラーではありません] 平均タイムの該当データなし（サンプル不足）: 中山 障害 未勝利 2880 良
ℹ️ [スキップ/エラーではありません] 平均タイムの該当データなし（サンプル不足）: 京都 障害 未勝利 2910 良
ℹ️ [スキップ/エラーではありません] 平均タイムの該当データなし（サンプル不足）: 京都 障害 未勝利 2910 稍重
ℹ️ [スキップ/エラーではありません] 平均タイムの該当データなし（サンプル不足）: 東京 障害 未勝利 3000 良
ℹ️ [スキップ/エラーではありません] 平均タイムの該当データなし（サンプル不足）: 東京 障害 未勝利 3000 良
ℹ️ [スキップ/エラーではありません] 平均タイムの該当データなし（サンプル不足）: 阪神 障害 未勝利 2970 良
ℹ️ [スキップ/エラーではありません] 平均タイムの該当データなし（サンプル不足）: 京都 障害 未勝利 2910 稍重
ℹ️ [スキップ/エラーではありません] 平均タイムの該当データなし（サンプル不足）: 京都 障害 未勝利 2910 良
ℹ️ [スキップ/エラーではありません] 平均タイムの該当データなし（サンプル不足）: 東京 障害 未勝利 3000 良
ℹ️ [スキップ/エラーではありません] 平均タイムの該当データなし（サンプル不足）: 京都 障害 未勝利 2910 良
ℹ️ [スキップ/エラーではありません] 平均タイムの該当データなし（サンプル不足）: 中山 障害 未勝利 2880 良
ℹ️ [スキップ/エラーではありません] 平均タイムの該当データなし（サンプル不足）: 中山 障害 未勝利 2880 稍重
ℹ️ [スキップ/エラーではありません] 平均タイムの該当データなし（サンプル不足）: 新潟 障害 未勝利 2850 良
ℹ️ [スキップ/エラーではありません] 平均タイムの該当データなし（サンプル不足）: 中京 障害 未勝利 3000 良
ℹ️ [スキップ/エラーではありません] 平均タイムの該当データなし（サンプル不足）: 新潟 ダート 1勝クラス 1800 不
ℹ️ [スキップ/エラーではありません] 平均タイムの該当データなし（サンプル不足）: 東京 ダート 1勝クラス 1600 不
ℹ️ [スキップ/エラーではありません] 平均タイムの該当データなし（サンプル不足）: 福島 障害 未勝利 2750 良
ℹ️ [スキップ/エラーではありません] 平均タイムの該当データなし（サンプル不足）: 中山 障害 未勝利 2880 良
ℹ️ [スキップ/エラーではありません] 平均タイムの該当データなし（サンプル不足）: 東京 障害 未勝利 3000 稍重
ℹ️ [スキップ/エラーではありません] 平均タイムの該当データなし（サンプル不足）: 新潟 障害 未勝利 2850 良
ℹ️ [スキップ/エラーではありません] 平均タイムの該当データなし（サンプル不足）: 東京 障害 未勝利 3000 稍重
ℹ️ [スキップ/エラーではありません] 平均タイムの該当データなし（サンプル不足）: 新潟 障害 未勝利 2850 良
ℹ️ [スキップ/エラーではありません] 平均タイムの該当データなし（サンプル不足）: 京都 障害 未勝利 2910 良
ℹ️ [スキップ/エラーではありません] 配当結果データなし（未確定）: 202506050608
ℹ️ [スキップ/エラーではありません] 平均タイムの該当データなし（サンプル不足）: 札幌 ダート 1勝クラス 1700 不
ℹ️ [スキップ/エラーではありません] 平均タイムの該当データなし（サンプル不足）: 東京 ダート 1勝クラス 1600 不
ℹ️ [スキップ/エラーではありません] 配当結果データなし（未確定）: 202506050609
ℹ️ [スキップ/エラーではありません] 配当結果データなし（未確定）: 202506050610
ℹ️ [スキップ/エラーではありません] 平均タイムの該当データなし（サンプル不足）: 京都 ダート 3勝クラス 1200 不
ℹ️ [スキップ/エラーではありません] 配当結果データなし（未確定）: 202506050611
ℹ️ [スキップ/エラーではありません] 平均タイムの該当データなし（サンプル不足）: 京都 障害 未勝利 2910 良
ℹ️ [スキップ/エラーではありません] 平均タイムの該当データなし（サンプル不足）: 京都 障害 未勝利 2910 良
ℹ️ [スキップ/エラーではありません] 平均タイムの該当データなし（サンプル不足）: 中京 芝 オープン 3000 稍重
ℹ️ [スキップ/エラーではありません] 配当結果データなし（未確定）: 202506050612
ℹ️ [スキップ/エラーではありません] 平均タイムの該当データなし（サンプル不足）: 東京 ダート 1勝クラス 1600 不
ℹ️ [スキップ/エラーではありません] 平均タイムの該当データなし（サンプル不足）: 東京 ダート 1勝クラス 1600 不
ℹ️ [スキップ/エラーではありません] 平均タイムの該当データなし（サンプル不足）: 中山 ダート 1勝クラス 1200 不
ℹ️ [スキップ/エラーではありません] 平均タイムの該当データなし（サンプル不足）: 中山 ダート 1勝クラス 1200 不
ℹ️ [スキップ/エラーではありません] 平均タイムの該当データなし（サンプル不足）: 小倉 芝 新馬 2000 不
ℹ️ [スキップ/エラーではありません] 配当結果データなし（未確定）: 202507050609
ℹ️ [スキップ/エラーではありません] 配当結果データなし（未確定）: 202507050610
ℹ️ [スキップ/エラーではありません] 配当結果データなし（未確定）: 202507050611
ℹ️ [スキップ/エラーではありません] 平均タイムの該当データなし（サンプル不足）: 東京 ダート オープン 1400 不
ℹ️ [スキップ/エラーではありません] 平均タイムの該当データなし（サンプル不足）: 東京 ダート オープン 1600 不
ℹ️ [スキップ/エラーではありません] 平均タイムの該当データなし（サンプル不足）: 新潟 ダート オープン 1800 不
ℹ️ [スキップ/エラーではありません] 平均タイムの該当データなし（サンプル不足）: 東京 ダート オープン 1400 不
ℹ️ [スキップ/エラーではありません] 配当結果データなし（未確定）: 202507050612
ℹ️ [スキップ/エラーではありません] 平均タイムの該当データなし（サンプル不足）: 京都 芝 2勝クラス 1200 不
ℹ️ [スキップ/エラーではありません] 平均タイムの該当データなし（サンプル不足）: 京都 芝 2勝クラス 1200 不
ℹ️ [スキップ/エラーではありません] 配当結果データなし（未確定）: 202509050608
ℹ️ [スキップ/エラーではありません] 平均タイムの該当データなし（サンプル不足）: 東京 ダート 2勝クラス 1600 不
ℹ️ [スキップ/エラーではありません] 平均タイムの該当データなし（サンプル不足）: 中山 ダート 2勝クラス 2400 不
ℹ️ [スキップ/エラーではありません] 平均タイムの該当データなし（サンプル不足）: 東京 ダート 2勝クラス 2100 不
ℹ️ [スキップ/エラーではありません] 平均タイムの該当データなし（サンプル不足）: 京都 ダート 2勝クラス 1800 不
ℹ️ [スキップ/エラーではありません] 配当結果データなし（未確定）: 202509050609
ℹ️ [スキップ/エラーではありません] 平均タイムの該当データなし（サンプル不足）: 京都 ダート 3勝クラス 1200 不
ℹ️ [スキップ/エラーではありません] 平均タイムの該当データなし（サンプル不足）: 京都 ダート 3勝クラス 1200 不
ℹ️ [スキップ/エラーではありません] 平均タイムの該当データなし（サンプル不足）: 東京 ダート 2勝クラス 1400 不
ℹ️ [スキップ/エラーではありません] 平均タイムの該当データなし（サンプル不足）: 東京 ダート 2勝クラス 1400 不
ℹ️ [スキップ/エラーではありません] 配当結果データなし（未確定）: 202509050610
ℹ️ [スキップ/エラーではありません] 平均タイムの該当データなし（サンプル不足）: 東京 ダート 1勝クラス 1600 不
ℹ️ [スキップ/エラーではありません] 平均タイムの該当データなし（サンプル不足）: 新潟 ダート オープン 1800 不
ℹ️ [スキップ/エラーではありません] 平均タイムの該当データなし（サンプル不足）: 京都 ダート 3勝クラス 1800 不
ℹ️ [スキップ/エラーではありません] 配当結果データなし（未確定）: 202509050611
ℹ️ [スキップ/エラーではありません] 配当結果データなし（未確定）: 202509050612
出馬表再生成: 20251227
ℹ️ [スキップ/エラーではありません] 指定日に開催なし: 20251227 01_sapporo
ℹ️ [スキップ/エラーではありません] 指定日に開催なし: 20251227 02_hakodate
ℹ️ [スキップ/エラーではありません] 指定日に開催なし: 20251227 03_fukushima
ℹ️ [スキップ/エラーではありません] 指定日に開催なし: 20251227 04_nigata
ℹ️ [スキップ/エラーではありません] 指定日に開催なし: 20251227 05_tokyo
ℹ️ [スキップ/エラーではありません] 指定日に開催なし: 20251227 07_chukyo
ℹ️ [スキップ/エラーではありません] 指定日に開催なし: 20251227 08_kyoto
ℹ️ [スキップ/エラーではありません] 指定日に開催なし: 20251227 10_kokura
ℹ️ [スキップ/エラーではありません] 平均タイムの該当データなし（サンプル不足）: 中山 ダート 未勝利 1800 不
ℹ️ [スキップ/エラーではありません] 平均タイムの該当データなし（サンプル不足）: 東京 ダート 未勝利 1600 不
ℹ️ [スキップ/エラーではありません] 配当結果データなし（未確定）: 202506050706
❌ [要確認/エラー] 不明な開催場名: 
ℹ️ [スキップ/エラーではありません] 配当結果データなし（未確定）: 202506050707
ℹ️ [スキップ/エラーではありません] 配当結果データなし（未確定）: 202506050708
ℹ️ [スキップ/エラーではありません] 平均タイムの該当データなし（サンプル不足）: 東京 ダート 未勝利 1600 不
ℹ️ [スキップ/エラーではありません] 平均タイムの該当データなし（サンプル不足）: 京都 芝 未勝利 1800 不
ℹ️ [スキップ/エラーではありません] 平均タイムの該当データなし（サンプル不足）: 東京 ダート 1勝クラス 1600 不
ℹ️ [スキップ/エラーではありません] 平均タイムの該当データなし（サンプル不足）: 中京 障害 未勝利 3000 良
ℹ️ [スキップ/エラーではありません] 平均タイムの該当データなし（サンプル不足）: 新潟 障害 未勝利 2890 稍重
ℹ️ [スキップ/エラーではありません] 平均タイムの該当データなし（サンプル不足）: 中山 障害 未勝利 2880 良
ℹ️ [スキップ/エラーではありません] 配当結果データなし（未確定）: 202506050709
ℹ️ [スキップ/エラーではありません] 配当結果データなし（未確定）: 202506050710
ℹ️ [スキップ/エラーではありません] 平均タイムの該当データなし（サンプル不足）: 阪神 障害 オープン 3140 良
ℹ️ [スキップ/エラーではありません] 平均タイムの該当データなし（サンプル不足）: 小倉 障害 オープン 3390 良
ℹ️ [スキップ/エラーではありません] 平均タイムの該当データなし（サンプル不足）: 中山 障害 オープン 4260 良
ℹ️ [スキップ/エラーではありません] 平均タイムの該当データなし（サンプル不足）: 阪神 障害 オープン 3900 良
ℹ️ [スキップ/エラーではありません] 平均タイムの該当データなし（サンプル不足）: 中山 障害 オープン 4100 良
ℹ️ [スキップ/エラーではありません] 平均タイムの該当データなし（サンプル不足）: 中山 障害 オープン 3570 良
ℹ️ [スキップ/エラーではありません] 平均タイムの該当データなし（サンプル不足）: 中山 障害 オープン 3210 稍重
ℹ️ [スキップ/エラーではありません] 平均タイムの該当データなし（サンプル不足）: 中京 障害 未勝利 3000 良
ℹ️ [スキップ/エラーではありません] 平均タイムの該当データなし（サンプル不足）: 阪神 障害 未勝利 2970 良
ℹ️ [スキップ/エラーではありません] 平均タイムの該当データなし（サンプル不足）: 阪神 障害 未勝利 2970 良
ℹ️ [スキップ/エラーではありません] 平均タイムの該当データなし（サンプル不足）: 中山 障害 オープン 3570 良
ℹ️ [スキップ/エラーではありません] 平均タイムの該当データなし（サンプル不足）: 東京 障害 オープン 3100 良
ℹ️ [スキップ/エラーではありません] 平均タイムの該当データなし（サンプル不足）: 中山 障害 オープン 4260 良
ℹ️ [スキップ/エラーではありません] 平均タイムの該当データなし（サンプル不足）: 小倉 障害 オープン 3390 良
ℹ️ [スキップ/エラーではありません] 平均タイムの該当データなし（サンプル不足）: 中山 障害 オープン 3570 良
ℹ️ [スキップ/エラーではありません] 平均タイムの該当データなし（サンプル不足）: 東京 障害 オープン 3110 良
ℹ️ [スキップ/エラーではありません] 平均タイムの該当データなし（サンプル不足）: 中山 障害 オープン 4260 良
ℹ️ [スキップ/エラーではありません] 平均タイムの該当データなし（サンプル不足）: 阪神 障害 オープン 3900 良
ℹ️ [スキップ/エラーではありません] 平均タイムの該当データなし（サンプル不足）: 中山 障害 オープン 4100 良
ℹ️ [スキップ/エラーではありません] 平均タイムの該当データなし（サンプル不足）: 東京 障害 オープン 3110 良
ℹ️ [スキップ/エラーではありません] 平均タイムの該当データなし（サンプル不足）: 京都 障害 オープン 3170 良
ℹ️ [スキップ/エラーではありません] 平均タイムの該当データなし（サンプル不足）: 中山 障害 オープン 3200 良
ℹ️ [スキップ/エラーではありません] 平均タイムの該当データなし（サンプル不足）: 中山 障害 オープン 3200 良
ℹ️ [スキップ/エラーではありません] 平均タイムの該当データなし（サンプル不足）: 中山 障害 オープン 3570 良
ℹ️ [スキップ/エラーではありません] 平均タイムの該当データなし（サンプル不足）: 新潟 障害 オープン 3250 稍重
ℹ️ [スキップ/エラーではありません] 平均タイムの該当データなし（サンプル不足）: 東京 障害 オープン 3110 良
ℹ️ [スキップ/エラーではありません] 平均タイムの該当データなし（サンプル不足）: 阪神 障害 オープン 3140 良
ℹ️ [スキップ/エラーではありません] 平均タイムの該当データなし（サンプル不足）: 東京 障害 オープン 3110 良
ℹ️ [スキップ/エラーではありません] 平均タイムの該当データなし（サンプル不足）: 中山 障害 オープン 4260 良
ℹ️ [スキップ/エラーではありません] 平均タイムの該当データなし（サンプル不足）: 阪神 障害 オープン 3900 良
ℹ️ [スキップ/エラーではありません] 平均タイムの該当データなし（サンプル不足）: 京都 障害 オープン 3170 良
ℹ️ [スキップ/エラーではありません] 平均タイムの該当データなし（サンプル不足）: 中山 障害 オープン 3210 稍重
ℹ️ [スキップ/エラーではありません] 平均タイムの該当データなし（サンプル不足）: 新潟 障害 オープン 3250 良
ℹ️ [スキップ/エラーではありません] 平均タイムの該当データなし（サンプル不足）: 中山 障害 オープン 3350 良
ℹ️ [スキップ/エラーではありません] 平均タイムの該当データなし（サンプル不足）: 中山 障害 オープン 3200 良
ℹ️ [スキップ/エラーではありません] 平均タイムの該当データなし（サンプル不足）: 中山 障害 オープン 3570 良
ℹ️ [スキップ/エラーではありません] 平均タイムの該当データなし（サンプル不足）: 東京 障害 オープン 3110 良
ℹ️ [スキップ/エラーではありません] 平均タイムの該当データなし（サンプル不足）: 新潟 障害 オープン 3250 良
ℹ️ [スキップ/エラーではありません] 平均タイムの該当データなし（サンプル不足）: 新潟 障害 未勝利 2850 良
ℹ️ [スキップ/エラーではありません] 平均タイムの該当データなし（サンプル不足）: 中山 障害 未勝利 2880 良
ℹ️ [スキップ/エラーではありません] 平均タイムの該当データなし（サンプル不足）: 東京 障害 オープン 3110 良
ℹ️ [スキップ/エラーではありません] 平均タイムの該当データなし（サンプル不足）: 新潟 障害 オープン 3250 良
ℹ️ [スキップ/エラーではありません] 平均タイムの該当データなし（サンプル不足）: 新潟 障害 オープン 2850 良
ℹ️ [スキップ/エラーではありません] 平均タイムの該当データなし（サンプル不足）: 東京 障害 オープン 3110 良
ℹ️ [スキップ/エラーではありません] 平均タイムの該当データなし（サンプル不足）: 中山 障害 オープン 4260 良
ℹ️ [スキップ/エラーではありません] 平均タイムの該当データなし（サンプル不足）: 京都 障害 オープン 3170 良
ℹ️ [スキップ/エラーではありません] 平均タイムの該当データなし（サンプル不足）: 中山 障害 オープン 3210 稍重
ℹ️ [スキップ/エラーではありません] 平均タイムの該当データなし（サンプル不足）: 京都 障害 オープン 3930 不
ℹ️ [スキップ/エラーではありません] 平均タイムの該当データなし（サンプル不足）: 阪神 障害 オープン 3900 良
ℹ️ [スキップ/エラーではありません] 平均タイムの該当データなし（サンプル不足）: 中山 障害 オープン 3200 良
ℹ️ [スキップ/エラーではありません] 配当結果データなし（未確定）: 202506050711
ℹ️ [スキップ/エラーではありません] 配当結果データなし（未確定）: 202506050712
ℹ️ [スキップ/エラーではありません] 平均タイムの該当データなし（サンプル不足）: 中山 ダート 未勝利 1200 不
ℹ️ [スキップ/エラーではありません] 平均タイムの該当データなし（サンプル不足）: 京都 芝 nan 1600 良
ℹ️ [スキップ/エラーではありません] 平均タイムの該当データなし（サンプル不足）: 中山 ダート 未勝利 1200 不
ℹ️ [スキップ/エラーではありません] 平均タイムの該当データなし（サンプル不足）: 京都 ダート 未勝利 1200 不
ℹ️ [スキップ/エラーではありません] 配当結果データなし（未確定）: 202509050707
ℹ️ [スキップ/エラーではありません] 配当結果データなし（未確定）: 202509050708
ℹ️ [スキップ/エラーではありません] 配当結果データなし（未確定）: 202509050709
ℹ️ [スキップ/エラーではありません] 配当結果データなし（未確定）: 202509050710
ℹ️ [スキップ/エラーではありません] 平均タイムの該当データなし（サンプル不足）: 京都 ダート 3勝クラス 1800 不
ℹ️ [スキップ/エラーではありません] 平均タイムの該当データなし（サンプル不足）: 東京 ダート 2勝クラス 2100 不
ℹ️ [スキップ/エラーではありません] 平均タイムの該当データなし（サンプル不足）: 新潟 ダート オープン 1800 不
ℹ️ [スキップ/エラーではありません] 配当結果データなし（未確定）: 202509050711
ℹ️ [スキップ/エラーではありません] 配当結果データなし（未確定）: 202509050712
ℹ️ [スキップ/エラーではありません] 平均タイムの該当データなし（サンプル不足）: 京都 芝 1勝クラス 2000 不
ℹ️ [スキップ/エラーではありません] 平均タイムの該当データなし（サンプル不足）: 京都 芝 未勝利 2400 不
出馬表再生成: 20251228
ℹ️ [スキップ/エラーではありません] 指定日に開催なし: 20251228 01_sapporo
ℹ️ [スキップ/エラーではありません] 指定日に開催なし: 20251228 02_hakodate
ℹ️ [スキップ/エラーではありません] 指定日に開催なし: 20251228 03_fukushima
ℹ️ [スキップ/エラーではありません] 指定日に開催なし: 20251228 04_nigata
ℹ️ [スキップ/エラーではありません] 指定日に開催なし: 20251228 05_tokyo
ℹ️ [スキップ/エラーではありません] 指定日に開催なし: 20251228 07_chukyo
ℹ️ [スキップ/エラーではありません] 指定日に開催なし: 20251228 08_kyoto
ℹ️ [スキップ/エラーではありません] 指定日に開催なし: 20251228 10_kokura
ℹ️ [スキップ/エラーではありません] 平均タイムの該当データなし（サンプル不足）: 中山 ダート 未勝利 1800 不
❌ [要確認/エラー] ソフィア のレポート作成に失敗: 'NoneType' object is not subscriptable
ℹ️ [スキップ/エラーではありません] 平均タイムの該当データなし（サンプル不足）: 京都 ダート 1勝クラス 1400 不
ℹ️ [スキップ/エラーではありません] 平均タイムの該当データなし（サンプル不足）: 東京 ダート 1勝クラス 1400 不
ℹ️ [スキップ/エラーではありません] 平均タイムの該当データなし（サンプル不足）: 東京 ダート 1勝クラス 1400 不
ℹ️ [スキップ/エラーではありません] 平均タイムの該当データなし（サンプル不足）: 中山 ダート 1勝クラス 1200 不
ℹ️ [スキップ/エラーではありません] 平均タイムの該当データなし（サンプル不足）: 東京 ダート 未勝利 1600 不
ℹ️ [スキップ/エラーではありません] 平均タイムの該当データなし（サンプル不足）: 中山 ダート 1勝クラス 1200 不
ℹ️ [スキップ/エラーではありません] 平均タイムの該当データなし（サンプル不足）: 京都 ダート 3勝クラス 1200 不
ℹ️ [スキップ/エラーではありません] 平均タイムの該当データなし（サンプル不足）: 中山 ダート 1勝クラス 1200 不
ℹ️ [スキップ/エラーではありません] 平均タイムの該当データなし（サンプル不足）: 京都 ダート 3勝クラス 1200 不
ℹ️ [スキップ/エラーではありません] 平均タイムの該当データなし（サンプル不足）: 京都 芝 1勝クラス 2000 不
ℹ️ [スキップ/エラーではありません] 平均タイムの該当データなし（サンプル不足）: 中山 障害 未勝利 2880 良
ℹ️ [スキップ/エラーではありません] 平均タイムの該当データなし（サンプル不足）: 中山 ダート 未勝利 1800 不
ℹ️ [スキップ/エラーではありません] 平均タイムの該当データなし（サンプル不足）: 阪神 障害 未勝利 2970 良
ℹ️ [スキップ/エラーではありません] 平均タイムの該当データなし（サンプル不足）: 阪神 障害 未勝利 2970 良
ℹ️ [スキップ/エラーではありません] 平均タイムの該当データなし（サンプル不足）: 中京 障害 未勝利 3000 良
ℹ️ [スキップ/エラーではありません] 平均タイムの該当データなし（サンプル不足）: 中山 障害 未勝利 2880 良
ℹ️ [スキップ/エラーではありません] 平均タイムの該当データなし（サンプル不足）: 中京 ダート 1勝クラス 1800 不
ℹ️ [スキップ/エラーではありません] 平均タイムの該当データなし（サンプル不足）: 東京 障害 未勝利 3000 稍重
ℹ️ [スキップ/エラーではありません] 平均タイムの該当データなし（サンプル不足）: 中山 障害 未勝利 2880 良
ℹ️ [スキップ/エラーではありません] 平均タイムの該当データなし（サンプル不足）: 京都 障害 未勝利 2910 良
ℹ️ [スキップ/エラーではありません] 平均タイムの該当データなし（サンプル不足）: 京都 障害 未勝利 2910 良
ℹ️ [スキップ/エラーではありません] 平均タイムの該当データなし（サンプル不足）: 京都 障害 未勝利 2910 良
ℹ️ [スキップ/エラーではありません] 平均タイムの該当データなし（サンプル不足）: 阪神 障害 未勝利 2970 良
ℹ️ [スキップ/エラーではありません] 平均タイムの該当データなし（サンプル不足）: 中山 障害 未勝利 2880 良
ℹ️ [スキップ/エラーではありません] 平均タイムの該当データなし（サンプル不足）: 京都 障害 未勝利 2910 良
ℹ️ [スキップ/エラーではありません] 平均タイムの該当データなし（サンプル不足）: 京都 障害 未勝利 2910 稍重
ℹ️ [スキップ/エラーではありません] 平均タイムの該当データなし（サンプル不足）: 阪神 障害 未勝利 2970 良
ℹ️ [スキップ/エラーではありません] 平均タイムの該当データなし（サンプル不足）: 新潟 障害 未勝利 2850 良
ℹ️ [スキップ/エラーではありません] 平均タイムの該当データなし（サンプル不足）: 新潟 障害 未勝利 2890 稍重
ℹ️ [スキップ/エラーではありません] 平均タイムの該当データなし（サンプル不足）: 福島 障害 未勝利 2750 良
ℹ️ [スキップ/エラーではありません] 平均タイムの該当データなし（サンプル不足）: 中京 障害 未勝利 3000 良
ℹ️ [スキップ/エラーではありません] 平均タイムの該当データなし（サンプル不足）: 福島 障害 未勝利 2750 良
ℹ️ [スキップ/エラーではありません] 平均タイムの該当データなし（サンプル不足）: 中山 障害 未勝利 2880 稍重
ℹ️ [スキップ/エラーではありません] 平均タイムの該当データなし（サンプル不足）: 中山 障害 未勝利 2880 稍重
ℹ️ [スキップ/エラーではありません] 平均タイムの該当データなし（サンプル不足）: 阪神 障害 未勝利 2970 良
ℹ️ [スキップ/エラーではありません] 平均タイムの該当データなし（サンプル不足）: 福島 障害 未勝利 2770 良
ℹ️ [スキップ/エラーではありません] 平均タイムの該当データなし（サンプル不足）: 福島 障害 未勝利 2750 良
ℹ️ [スキップ/エラーではありません] 平均タイムの該当データなし（サンプル不足）: 京都 障害 未勝利 2910 良
ℹ️ [スキップ/エラーではありません] 平均タイムの該当データなし（サンプル不足）: 中山 障害 未勝利 2880 良
ℹ️ [スキップ/エラーではありません] 平均タイムの該当データなし（サンプル不足）: 中京 障害 未勝利 3000 良
ℹ️ [スキップ/エラーではありません] 平均タイムの該当データなし（サンプル不足）: 中山 障害 未勝利 2880 良
ℹ️ [スキップ/エラーではありません] 平均タイムの該当データなし（サンプル不足）: 京都 障害 未勝利 2910 良
ℹ️ [スキップ/エラーではありません] 平均タイムの該当データなし（サンプル不足）: 東京 障害 未勝利 3000 良
ℹ️ [スキップ/エラーではありません] 平均タイムの該当データなし（サンプル不足）: 京都 ダート 1勝クラス 1400 不
ℹ️ [スキップ/エラーではありません] 平均タイムの該当データなし（サンプル不足）: 京都 ダート 1勝クラス 1400 不
ℹ️ [スキップ/エラーではありません] 平均タイムの該当データなし（サンプル不足）: 京都 ダート 1勝クラス 1400 不
ℹ️ [スキップ/エラーではありません] 平均タイムの該当データなし（サンプル不足）: 京都 ダート 2勝クラス 1800 不
ℹ️ [スキップ/エラーではありません] 平均タイムの該当データなし（サンプル不足）: 東京 ダート オープン 1400 不
ℹ️ [スキップ/エラーではありません] 平均タイムの該当データなし（サンプル不足）: 東京 ダート オープン 1400 不
ℹ️ [スキップ/エラーではありません] 平均タイムの該当データなし（サンプル不足）: 福島 障害 オープン 3380 良
ℹ️ [スキップ/エラーではありません] 平均タイムの該当データなし（サンプル不足）: 新潟 障害 オープン 3250 良
ℹ️ [スキップ/エラーではありません] 平均タイムの該当データなし（サンプル不足）: 中京 障害 オープン 3300 良
ℹ️ [スキップ/エラーではありません] 平均タイムの該当データなし（サンプル不足）: 新潟 障害 オープン 2890 稍重
ℹ️ [スキップ/エラーではありません] 平均タイムの該当データなし（サンプル不足）: 中山 障害 未勝利 2880 良
ℹ️ [スキップ/エラーではありません] 平均タイムの該当データなし（サンプル不足）: 東京 ダート オープン 1600 不
ℹ️ [スキップ/エラーではありません] 平均タイムの該当データなし（サンプル不足）: 小倉 障害 未勝利 2860 良
ℹ️ [スキップ/エラーではありません] 平均タイムの該当データなし（サンプル不足）: 京都 芝 2勝クラス 1200 不
出馬表再生成: 20260104
ℹ️ [スキップ/エラーではありません] 指定日に開催なし: 20260104 01_sapporo
ℹ️ [スキップ/エラーではありません] 指定日に開催なし: 20260104 02_hakodate
ℹ️ [スキップ/エラーではありません] 指定日に開催なし: 20260104 03_fukushima
ℹ️ [スキップ/エラーではありません] 指定日に開催なし: 20260104 04_nigata
ℹ️ [スキップ/エラーではありません] 指定日に開催なし: 20260104 05_tokyo
ℹ️ [スキップ/エラーではありません] 指定日に開催なし: 20260104 07_chukyo
ℹ️ [スキップ/エラーではありません] 指定日に開催なし: 20260104 09_hanshin
ℹ️ [スキップ/エラーではありません] 指定日に開催なし: 20260104 10_kokura
ℹ️ [スキップ/エラーではありません] 平均タイムの該当データなし（サンプル不足）: 東京 ダート 新馬 1400 不
ℹ️ [スキップ/エラーではありません] 平均タイムの該当データなし（サンプル不足）: 中山 ダート 未勝利 1200 不
ℹ️ [スキップ/エラーではありません] 平均タイムの該当データなし（サンプル不足）: 東京 ダート 新馬 1400 不
ℹ️ [スキップ/エラーではありません] 平均タイムの該当データなし（サンプル不足）: 東京 ダート 未勝利 1600 不
ℹ️ [スキップ/エラーではありません] 平均タイムの該当データなし（サンプル不足）: 新潟 ダート 1勝クラス 1800 不
ℹ️ [スキップ/エラーではありません] 平均タイムの該当データなし（サンプル不足）: 東京 ダート 未勝利 1600 不
ℹ️ [スキップ/エラーではありません] 平均タイムの該当データなし（サンプル不足）: 東京 ダート 1勝クラス 1600 不
ℹ️ [スキップ/エラーではありません] 平均タイムの該当データなし（サンプル不足）: 中山 ダート 1勝クラス 1200 不
ℹ️ [スキップ/エラーではありません] 平均タイムの該当データなし（サンプル不足）: 中山 ダート 1勝クラス 1200 不
ℹ️ [スキップ/エラーではありません] 平均タイムの該当データなし（サンプル不足）: 東京 ダート 2勝クラス 1400 不
ℹ️ [スキップ/エラーではありません] 平均タイムの該当データなし（サンプル不足）: 札幌 ダート 1勝クラス 1000 不
ℹ️ [スキップ/エラーではありません] 平均タイムの該当データなし（サンプル不足）: 新潟 ダート 未勝利 1200 不
ℹ️ [スキップ/エラーではありません] 平均タイムの該当データなし（サンプル不足）: 京都 ダート 未勝利 1200 不
ℹ️ [スキップ/エラーではありません] 平均タイムの該当データなし（サンプル不足）: 京都 ダート 未勝利 1800 不
ℹ️ [スキップ/エラーではありません] 平均タイムの該当データなし（サンプル不足）: 中京 芝 未勝利 1600 不
ℹ️ [スキップ/エラーではありません] 平均タイムの該当データなし（サンプル不足）: 京都 ダート 2勝クラス 1800 不
ℹ️ [スキップ/エラーではありません] 平均タイムの該当データなし（サンプル不足）: 東京 ダート 2勝クラス 1600 不
ℹ️ [スキップ/エラーではありません] 平均タイムの該当データなし（サンプル不足）: 京都 ダート 2勝クラス 1800 不
ℹ️ [スキップ/エラーではありません] 平均タイムの該当データなし（サンプル不足）: 京都 障害 未勝利 2910 良
出馬表再生成: 20260105
ℹ️ [スキップ/エラーではありません] 指定日に開催なし: 20260105 01_sapporo
ℹ️ [スキップ/エラーではありません] 指定日に開催なし: 20260105 02_hakodate
ℹ️ [スキップ/エラーではありません] 指定日に開催なし: 20260105 03_fukushima
ℹ️ [スキップ/エラーではありません] 指定日に開催なし: 20260105 04_nigata
ℹ️ [スキップ/エラーではありません] 指定日に開催なし: 20260105 05_tokyo
ℹ️ [スキップ/エラーではありません] 指定日に開催なし: 20260105 07_chukyo
ℹ️ [スキップ/エラーではありません] 指定日に開催なし: 20260105 09_hanshin
ℹ️ [スキップ/エラーではありません] 指定日に開催なし: 20260105 10_kokura
ℹ️ [スキップ/エラーではありません] 平均タイムの該当データなし（サンプル不足）: 東京 ダート 未勝利 1400 不
ℹ️ [スキップ/エラーではありません] 平均タイムの該当データなし（サンプル不足）: 新潟 ダート 1勝クラス 1800 不
ℹ️ [スキップ/エラーではありません] 平均タイムの該当データなし（サンプル不足）: 東京 ダート 1勝クラス 1600 不
ℹ️ [スキップ/エラーではありません] 平均タイムの該当データなし（サンプル不足）: 新潟 ダート 1勝クラス 1800 不
ℹ️ [スキップ/エラーではありません] 平均タイムの該当データなし（サンプル不足）: 中京 障 未勝利 3000 良
ℹ️ [スキップ/エラーではありません] 平均タイムの該当データなし（サンプル不足）: 福島 障 未勝利 2750 良
ℹ️ [スキップ/エラーではありません] 平均タイムの該当データなし（サンプル不足）: 新潟 障 未勝利 2850 良
ℹ️ [スキップ/エラーではありません] 平均タイムの該当データなし（サンプル不足）: 新潟 障 未勝利 2850 良
ℹ️ [スキップ/エラーではありません] 平均タイムの該当データなし（サンプル不足）: 東京 ダート 新馬 1400 不
ℹ️ [スキップ/エラーではありません] 平均タイムの該当データなし（サンプル不足）: 中京 障害 オープン 3330 良
ℹ️ [スキップ/エラーではありません] 平均タイムの該当データなし（サンプル不足）: 中京 障害 オープン 3300 良
ℹ️ [スキップ/エラーではありません] 平均タイムの該当データなし（サンプル不足）: 小倉 障害 オープン 3390 良
ℹ️ [スキップ/エラーではありません] 平均タイムの該当データなし（サンプル不足）: 小倉 障害 未勝利 2860 稍重
ℹ️ [スキップ/エラーではありません] 平均タイムの該当データなし（サンプル不足）: 小倉 障害 未勝利 2860 良
ℹ️ [スキップ/エラーではありません] 平均タイムの該当データなし（サンプル不足）: 京都 障害 オープン 3170 良
ℹ️ [スキップ/エラーではありません] 平均タイムの該当データなし（サンプル不足）: 阪神 障害 未勝利 2970 良
ℹ️ [スキップ/エラーではありません] 平均タイムの該当データなし（サンプル不足）: 新潟 障害 未勝利 2850 良
ℹ️ [スキップ/エラーではありません] 平均タイムの該当データなし（サンプル不足）: 京都 障害 未勝利 2910 良
ℹ️ [スキップ/エラーではありません] 平均タイムの該当データなし（サンプル不足）: 新潟 障害 未勝利 2850 良
ℹ️ [スキップ/エラーではありません] 平均タイムの該当データなし（サンプル不足）: 中山 障害 オープン 3570 良
ℹ️ [スキップ/エラーではありません] 平均タイムの該当データなし（サンプル不足）: 京都 障害 オープン 3170 良
ℹ️ [スキップ/エラーではありません] 平均タイムの該当データなし（サンプル不足）: 中京 障害 オープン 3330 良
ℹ️ [スキップ/エラーではありません] 平均タイムの該当データなし（サンプル不足）: 中京 障害 未勝利 3000 良
ℹ️ [スキップ/エラーではありません] 平均タイムの該当データなし（サンプル不足）: 東京 障害 未勝利 3000 良
ℹ️ [スキップ/エラーではありません] 平均タイムの該当データなし（サンプル不足）: 京都 障害 オープン 3170 良
ℹ️ [スキップ/エラーではありません] 平均タイムの該当データなし（サンプル不足）: 中京 障害 オープン 3300 良
ℹ️ [スキップ/エラーではありません] 平均タイムの該当データなし（サンプル不足）: 京都 障害 オープン 3170 良
ℹ️ [スキップ/エラーではありません] 平均タイムの該当データなし（サンプル不足）: 新潟 障害 オープン 2890 良
ℹ️ [スキップ/エラーではありません] 平均タイムの該当データなし（サンプル不足）: 中山 障害 オープン 3200 良
ℹ️ [スキップ/エラーではありません] 平均タイムの該当データなし（サンプル不足）: 中山 障害 オープン 3570 良
ℹ️ [スキップ/エラーではありません] 平均タイムの該当データなし（サンプル不足）: 中山 障害 オープン 3210 稍重
ℹ️ [スキップ/エラーではありません] 平均タイムの該当データなし（サンプル不足）: 東京 障害 オープン 3110 良
ℹ️ [スキップ/エラーではありません] 平均タイムの該当データなし（サンプル不足）: 中山 障害 オープン 3200 良
ℹ️ [スキップ/エラーではありません] 平均タイムの該当データなし（サンプル不足）: 中山 障害 未勝利 2880 良
ℹ️ [スキップ/エラーではありません] 平均タイムの該当データなし（サンプル不足）: 京都 障害 オープン 3170 良
ℹ️ [スキップ/エラーではありません] 平均タイムの該当データなし（サンプル不足）: 京都 障害 オープン 3170 良
ℹ️ [スキップ/エラーではありません] 平均タイムの該当データなし（サンプル不足）: 京都 障害 オープン 3170 良
ℹ️ [スキップ/エラーではありません] 平均タイムの該当データなし（サンプル不足）: 阪神 障害 オープン 3140 良
ℹ️ [スキップ/エラーではありません] 平均タイムの該当データなし（サンプル不足）: 東京 障害 オープン 3110 良
ℹ️ [スキップ/エラーではありません] 平均タイムの該当データなし（サンプル不足）: 東京 障害 オープン 3110 良
ℹ️ [スキップ/エラーではありません] 平均タイムの該当データなし（サンプル不足）: 新潟 障害 オープン 3290 良
ℹ️ [スキップ/エラーではありません] 平均タイムの該当データなし（サンプル不足）: 中山 障害 オープン 3210 良
ℹ️ [スキップ/エラーではありません] 平均タイムの該当データなし（サンプル不足）: 福島 障害 オープン 3380 良
ℹ️ [スキップ/エラーではありません] 平均タイムの該当データなし（サンプル不足）: 京都 障害 オープン 3170 良
ℹ️ [スキップ/エラーではありません] 平均タイムの該当データなし（サンプル不足）: 福島 障害 オープン 3380 良
ℹ️ [スキップ/エラーではありません] 平均タイムの該当データなし（サンプル不足）: 新潟 障害 オープン 3290 良
ℹ️ [スキップ/エラーではありません] 平均タイムの該当データなし（サンプル不足）: 京都 障害 オープン 3170 良
ℹ️ [スキップ/エラーではありません] 平均タイムの該当データなし（サンプル不足）: 東京 ダート 1勝クラス 1600 不
ℹ️ [スキップ/エラーではありません] 平均タイムの該当データなし（サンプル不足）: 新潟 ダート オープン 1800 不
ℹ️ [スキップ/エラーではありません] 平均タイムの該当データなし（サンプル不足）: 東京 ダート 1勝クラス 1600 不
ℹ️ [スキップ/エラーではありません] 平均タイムの該当データなし（サンプル不足）: 中山 ダート 1勝クラス 1200 不
ℹ️ [スキップ/エラーではありません] 平均タイムの該当データなし（サンプル不足）: 東京 ダート 1勝クラス 1600 不
ℹ️ [スキップ/エラーではありません] 平均タイムの該当データなし（サンプル不足）: 東京 ダート 1勝クラス 1400 不
ℹ️ [スキップ/エラーではありません] 平均タイムの該当データなし（サンプル不足）: 中山 ダート 1勝クラス 1200 不
ℹ️ [スキップ/エラーではありません] 平均タイムの該当データなし（サンプル不足）: 中山 ダート 1勝クラス 1200 不
ℹ️ [スキップ/エラーではありません] 平均タイムの該当データなし（サンプル不足）: 中山 ダート 1勝クラス 1200 不
ℹ️ [スキップ/エラーではありません] 平均タイムの該当データなし（サンプル不足）: 中山 ダート 1勝クラス 1200 不
ℹ️ [スキップ/エラーではありません] 平均タイムの該当データなし（サンプル不足）: 東京 ダート 新馬 1400 不
ℹ️ [スキップ/エラーではありません] 平均タイムの該当データなし（サンプル不足）: 東京 ダート 未勝利 1400 不
ℹ️ [スキップ/エラーではありません] 平均タイムの該当データなし（サンプル不足）: 中山 ダート 未勝利 1800 不
ℹ️ [スキップ/エラーではありません] 平均タイムの該当データなし（サンプル不足）: 中山 ダート 未勝利 1800 不
ℹ️ [スキップ/エラーではありません] 平均タイムの該当データなし（サンプル不足）: 京都 ダート 未勝利 1200 不
ℹ️ [スキップ/エラーではありません] 平均タイムの該当データなし（サンプル不足）: 京都 ダート 未勝利 1900 不
ℹ️ [スキップ/エラーではありません] 平均タイムの該当データなし（サンプル不足）: 京都 芝 未勝利 1800 不
ℹ️ [スキップ/エラーではありません] 平均タイムの該当データなし（サンプル不足）: 札幌 ダート 1勝クラス 1000 不
ℹ️ [スキップ/エラーではありません] 平均タイムの該当データなし（サンプル不足）: 函館 ダート 未勝利 1000 不
ℹ️ [スキップ/エラーではありません] 平均タイムの該当データなし（サンプル不足）: 京都 ダート 3勝クラス 1200 不
ℹ️ [スキップ/エラーではありません] 平均タイムの該当データなし（サンプル不足）: 京都 ダート 3勝クラス 1200 不
ℹ️ [スキップ/エラーではありません] 平均タイムの該当データなし（サンプル不足）: 京都 ダート 3勝クラス 1200 不
ℹ️ [スキップ/エラーではありません] 平均タイムの該当データなし（サンプル不足）: 京都 ダート 3勝クラス 1200 不
ℹ️ [スキップ/エラーではありません] 平均タイムの該当データなし（サンプル不足）: 京都 ダート 3勝クラス 1200 不
ℹ️ [スキップ/エラーではありません] 平均タイムの該当データなし（サンプル不足）: 京都 ダート 3勝クラス 1200 不
ℹ️ [スキップ/エラーではありません] 平均タイムの該当データなし（サンプル不足）: 京都 ダート 3勝クラス 1200 不
ℹ️ [スキップ/エラーではありません] 平均タイムの該当データなし（サンプル不足）: 京都 ダート 3勝クラス 1200 不
ℹ️ [スキップ/エラーではありません] 平均タイムの該当データなし（サンプル不足）: 京都 ダート 3勝クラス 1200 不
ℹ️ [スキップ/エラーではありません] 平均タイムの該当データなし（サンプル不足）: 京都 ダート 3勝クラス 1200 不
ℹ️ [スキップ/エラーではありません] 平均タイムの該当データなし（サンプル不足）: 京都 ダート 3勝クラス 1200 不
出馬表再生成: 20260110
ℹ️ [スキップ/エラーではありません] 指定日に開催なし: 20260110 01_sapporo
ℹ️ [スキップ/エラーではありません] 指定日に開催なし: 20260110 02_hakodate
ℹ️ [スキップ/エラーではありません] 指定日に開催なし: 20260110 03_fukushima
ℹ️ [スキップ/エラーではありません] 指定日に開催なし: 20260110 04_nigata
ℹ️ [スキップ/エラーではありません] 指定日に開催なし: 20260110 05_tokyo
ℹ️ [スキップ/エラーではありません] 指定日に開催なし: 20260110 07_chukyo
ℹ️ [スキップ/エラーではありません] 指定日に開催なし: 20260110 09_hanshin
ℹ️ [スキップ/エラーではありません] 指定日に開催なし: 20260110 10_kokura
ℹ️ [スキップ/エラーではありません] 平均タイムの該当データなし（サンプル不足）: 中山 ダート 未勝利 1200 不
ℹ️ [スキップ/エラーではありません] 平均タイムの該当データなし（サンプル不足）: 中山 ダート 未勝利 1800 不
ℹ️ [スキップ/エラーではありません] 平均タイムの該当データなし（サンプル不足）: 中山 ダート 未勝利 1800 不
ℹ️ [スキップ/エラーではありません] 平均タイムの該当データなし（サンプル不足）: 東京 ダート 未勝利 1600 不
ℹ️ [スキップ/エラーではありません] 平均タイムの該当データなし（サンプル不足）: 中山 ダート 未勝利 1200 不
ℹ️ [スキップ/エラーではありません] 平均タイムの該当データなし（サンプル不足）: 東京 ダート 新馬 1400 不
ℹ️ [スキップ/エラーではありません] 平均タイムの該当データなし（サンプル不足）: 新潟 ダート 1勝クラス 1800 不
ℹ️ [スキップ/エラーではありません] 平均タイムの該当データなし（サンプル不足）: 東京 ダート 未勝利 1600 不
ℹ️ [スキップ/エラーではありません] 平均タイムの該当データなし（サンプル不足）: 東京 ダート 1勝クラス 1600 不
ℹ️ [スキップ/エラーではありません] 平均タイムの該当データなし（サンプル不足）: 東京 ダート 1勝クラス 1600 不
ℹ️ [スキップ/エラーではありません] 平均タイムの該当データなし（サンプル不足）: 東京 ダート 1勝クラス 1600 不
ℹ️ [スキップ/エラーではありません] 平均タイムの該当データなし（サンプル不足）: 東京 ダート 2勝クラス 1600 不
ℹ️ [スキップ/エラーではありません] 平均タイムの該当データなし（サンプル不足）: 京都 芝 1勝クラス 2000 不
ℹ️ [スキップ/エラーではありません] 平均タイムの該当データなし（サンプル不足）: 中山 ダート 1勝クラス 1200 不
ℹ️ [スキップ/エラーではありません] 平均タイムの該当データなし（サンプル不足）: 東京 ダート 1勝クラス 1600 不
ℹ️ [スキップ/エラーではありません] 平均タイムの該当データなし（サンプル不足）: 中山 ダート 未勝利 1200 不
ℹ️ [スキップ/エラーではありません] 平均タイムの該当データなし（サンプル不足）: 福島 ダート nan 1700 良
ℹ️ [スキップ/エラーではありません] 平均タイムの該当データなし（サンプル不足）: 中京 ダート nan 1900 良
ℹ️ [スキップ/エラーではありません] 平均タイムの該当データなし（サンプル不足）: 京都 ダート 1勝クラス 1400 不
ℹ️ [スキップ/エラーではありません] 平均タイムの該当データなし（サンプル不足）: 東京 障害 オープン 3110 良
ℹ️ [スキップ/エラーではありません] 平均タイムの該当データなし（サンプル不足）: 東京 障害 オープン 3110 良
ℹ️ [スキップ/エラーではありません] 平均タイムの該当データなし（サンプル不足）: 阪神 障害 オープン 3110 良
ℹ️ [スキップ/エラーではありません] 平均タイムの該当データなし（サンプル不足）: 京都 障害 オープン 3170 良
ℹ️ [スキップ/エラーではありません] 平均タイムの該当データなし（サンプル不足）: 中山 障害 オープン 3350 良
ℹ️ [スキップ/エラーではありません] 平均タイムの該当データなし（サンプル不足）: 京都 障害 オープン 3170 良
ℹ️ [スキップ/エラーではありません] 平均タイムの該当データなし（サンプル不足）: 京都 障害 オープン 3930 不
ℹ️ [スキップ/エラーではありません] 平均タイムの該当データなし（サンプル不足）: 阪神 障害 オープン 3140 良
ℹ️ [スキップ/エラーではありません] 平均タイムの該当データなし（サンプル不足）: 小倉 障害 オープン 3390 良
ℹ️ [スキップ/エラーではありません] 平均タイムの該当データなし（サンプル不足）: 中山 障害 オープン 3200 良
ℹ️ [スキップ/エラーではありません] 平均タイムの該当データなし（サンプル不足）: 中山 障害 オープン 3570 良
ℹ️ [スキップ/エラーではありません] 平均タイムの該当データなし（サンプル不足）: 京都 障害 オープン 3170 良
ℹ️ [スキップ/エラーではありません] 平均タイムの該当データなし（サンプル不足）: 阪神 障害 未勝利 2970 良
ℹ️ [スキップ/エラーではありません] 平均タイムの該当データなし（サンプル不足）: 京都 障害 未勝利 2910 良
ℹ️ [スキップ/エラーではありません] 平均タイムの該当データなし（サンプル不足）: 阪神 障害 未勝利 2970 良
ℹ️ [スキップ/エラーではありません] 平均タイムの該当データなし（サンプル不足）: 中山 障害 未勝利 2880 稍重
ℹ️ [スキップ/エラーではありません] 平均タイムの該当データなし（サンプル不足）: 阪神 障害 未勝利 2970 稍重
ℹ️ [スキップ/エラーではありません] 平均タイムの該当データなし（サンプル不足）: 福島 障害 オープン 3380 良
ℹ️ [スキップ/エラーではありません] 平均タイムの該当データなし（サンプル不足）: 福島 障害 オープン 3380 良
ℹ️ [スキップ/エラーではありません] 平均タイムの該当データなし（サンプル不足）: 阪神 障害 オープン 3110 良
ℹ️ [スキップ/エラーではありません] 平均タイムの該当データなし（サンプル不足）: 中山 障害 未勝利 2880 良
ℹ️ [スキップ/エラーではありません] 平均タイムの該当データなし（サンプル不足）: 小倉 障害 未勝利 2860 稍重
ℹ️ [スキップ/エラーではありません] 平均タイムの該当データなし（サンプル不足）: 阪神 障害 オープン 3110 良
ℹ️ [スキップ/エラーではありません] 平均タイムの該当データなし（サンプル不足）: 京都 障害 オープン 3170 良
ℹ️ [スキップ/エラーではありません] 平均タイムの該当データなし（サンプル不足）: 中山 障害 未勝利 2880 良
ℹ️ [スキップ/エラーではありません] 平均タイムの該当データなし（サンプル不足）: 新潟 障害 未勝利 2850 良
ℹ️ [スキップ/エラーではありません] 平均タイムの該当データなし（サンプル不足）: 新潟 障害 未勝利 2850 良
ℹ️ [スキップ/エラーではありません] 平均タイムの該当データなし（サンプル不足）: 中山 障害 オープン 3350 良
ℹ️ [スキップ/エラーではありません] 平均タイムの該当データなし（サンプル不足）: 小倉 障害 未勝利 2860 稍重
ℹ️ [スキップ/エラーではありません] 平均タイムの該当データなし（サンプル不足）: 阪神 障害 オープン 3110 良
ℹ️ [スキップ/エラーではありません] 平均タイムの該当データなし（サンプル不足）: 東京 障害 オープン 3100 良
ℹ️ [スキップ/エラーではありません] 平均タイムの該当データなし（サンプル不足）: 中京 障害 オープン 3300 良
ℹ️ [スキップ/エラーではありません] 平均タイムの該当データなし（サンプル不足）: 東京 障害 未勝利 3000 良
ℹ️ [スキップ/エラーではありません] 平均タイムの該当データなし（サンプル不足）: 中山 障害 未勝利 2880 良
ℹ️ [スキップ/エラーではありません] 平均タイムの該当データなし（サンプル不足）: 中京 障害 未勝利 3000 良
ℹ️ [スキップ/エラーではありません] 平均タイムの該当データなし（サンプル不足）: 新潟 障害 未勝利 2890 稍重
ℹ️ [スキップ/エラーではありません] 平均タイムの該当データなし（サンプル不足）: 新潟 障害 未勝利 2890 稍重
ℹ️ [スキップ/エラーではありません] 平均タイムの該当データなし（サンプル不足）: 中山 障害 未勝利 2880 良
ℹ️ [スキップ/エラーではありません] 平均タイムの該当データなし（サンプル不足）: 中山 障害 オープン 3570 良
ℹ️ [スキップ/エラーではありません] 平均タイムの該当データなし（サンプル不足）: 阪神 障害 未勝利 2970 良
ℹ️ [スキップ/エラーではありません] 平均タイムの該当データなし（サンプル不足）: 中山 障害 未勝利 2880 良
ℹ️ [スキップ/エラーではありません] 平均タイムの該当データなし（サンプル不足）: 京都 ダート 3勝クラス 1800 不
ℹ️ [スキップ/エラーではありません] 平均タイムの該当データなし（サンプル不足）: 東京 障害 オープン 3110 良
ℹ️ [スキップ/エラーではありません] 平均タイムの該当データなし（サンプル不足）: 中山 障害 オープン 4100 良
ℹ️ [スキップ/エラーではありません] 平均タイムの該当データなし（サンプル不足）: 京都 障害 オープン 3170 良
ℹ️ [スキップ/エラーではありません] 平均タイムの該当データなし（サンプル不足）: 新潟 障害 オープン 3250 良
ℹ️ [スキップ/エラーではありません] 平均タイムの該当データなし（サンプル不足）: 東京 障害 オープン 3110 稍重
ℹ️ [スキップ/エラーではありません] 平均タイムの該当データなし（サンプル不足）: 東京 ダート 2勝クラス 1600 不
ℹ️ [スキップ/エラーではありません] 平均タイムの該当データなし（サンプル不足）: 京都 芝 2勝クラス 1200 不
ℹ️ [スキップ/エラーではありません] 平均タイムの該当データなし（サンプル不足）: 東京 ダート オープン 1400 不
ℹ️ [スキップ/エラーではありません] 平均タイムの該当データなし（サンプル不足）: 京都 芝 オープン 1400 不
出馬表再生成: 20260111
ℹ️ [スキップ/エラーではありません] 指定日に開催なし: 20260111 01_sapporo
ℹ️ [スキップ/エラーではありません] 指定日に開催なし: 20260111 02_hakodate
ℹ️ [スキップ/エラーではありません] 指定日に開催なし: 20260111 03_fukushima
ℹ️ [スキップ/エラーではありません] 指定日に開催なし: 20260111 04_nigata
ℹ️ [スキップ/エラーではありません] 指定日に開催なし: 20260111 05_tokyo
ℹ️ [スキップ/エラーではありません] 指定日に開催なし: 20260111 07_chukyo
ℹ️ [スキップ/エラーではありません] 指定日に開催なし: 20260111 09_hanshin
ℹ️ [スキップ/エラーではありません] 指定日に開催なし: 20260111 10_kokura
ℹ️ [スキップ/エラーではありません] 平均タイムの該当データなし（サンプル不足）: 東京 ダート 新馬 1400 不
ℹ️ [スキップ/エラーではありません] 平均タイムの該当データなし（サンプル不足）: 中山 ダート 未勝利 1200 不
ℹ️ [スキップ/エラーではありません] 平均タイムの該当データなし（サンプル不足）: 中山 ダート 未勝利 1800 不
ℹ️ [スキップ/エラーではありません] 平均タイムの該当データなし（サンプル不足）: 中山 ダート 未勝利 1800 不
ℹ️ [スキップ/エラーではありません] 平均タイムの該当データなし（サンプル不足）: 東京 ダート 1勝クラス 1600 不
ℹ️ [スキップ/エラーではありません] 平均タイムの該当データなし（サンプル不足）: 京都 ダート 3勝クラス 1800 不
ℹ️ [スキップ/エラーではありません] 平均タイムの該当データなし（サンプル不足）: 東京 ダート オープン 1600 不
ℹ️ [スキップ/エラーではありません] 平均タイムの該当データなし（サンプル不足）: 東京 ダート 1勝クラス 1400 不
ℹ️ [スキップ/エラーではありません] 平均タイムの該当データなし（サンプル不足）: 京都 芝 2勝クラス 1200 不
ℹ️ [スキップ/エラーではありません] 平均タイムの該当データなし（サンプル不足）: 阪神 ダート 未勝利 1200 不
ℹ️ [スキップ/エラーではありません] 平均タイムの該当データなし（サンプル不足）: 京都 ダート 未勝利 1200 不
ℹ️ [スキップ/エラーではありません] 平均タイムの該当データなし（サンプル不足）: 中山 障害 未勝利 2880 重
ℹ️ [スキップ/エラーではありません] 平均タイムの該当データなし（サンプル不足）: 福島 障害 未勝利 2770 良
ℹ️ [スキップ/エラーではありません] 平均タイムの該当データなし（サンプル不足）: 小倉 障害 未勝利 2860 良
ℹ️ [スキップ/エラーではありません] 平均タイムの該当データなし（サンプル不足）: 京都 障害 未勝利 2910 稍重
ℹ️ [スキップ/エラーではありません] 平均タイムの該当データなし（サンプル不足）: 阪神 障害 未勝利 2970 良
ℹ️ [スキップ/エラーではありません] 平均タイムの該当データなし（サンプル不足）: 中山 障害 未勝利 2880 良
ℹ️ [スキップ/エラーではありません] 平均タイムの該当データなし（サンプル不足）: 阪神 障害 未勝利 2970 良
ℹ️ [スキップ/エラーではありません] 平均タイムの該当データなし（サンプル不足）: 京都 障害 未勝利 2910 良
ℹ️ [スキップ/エラーではありません] 平均タイムの該当データなし（サンプル不足）: 中京 障害 未勝利 3000 良
ℹ️ [スキップ/エラーではありません] 平均タイムの該当データなし（サンプル不足）: 中京 障害 未勝利 3000 良
ℹ️ [スキップ/エラーではありません] 平均タイムの該当データなし（サンプル不足）: 小倉 障害 未勝利 2860 良
ℹ️ [スキップ/エラーではありません] 平均タイムの該当データなし（サンプル不足）: 京都 障害 未勝利 2910 良
ℹ️ [スキップ/エラーではありません] 平均タイムの該当データなし（サンプル不足）: 阪神 障害 未勝利 2970 良
ℹ️ [スキップ/エラーではありません] 平均タイムの該当データなし（サンプル不足）: 阪神 障害 未勝利 2970 良
ℹ️ [スキップ/エラーではありません] 平均タイムの該当データなし（サンプル不足）: 福島 障害 未勝利 2750 良
ℹ️ [スキップ/エラーではありません] 平均タイムの該当データなし（サンプル不足）: 東京 障害 未勝利 3000 良
ℹ️ [スキップ/エラーではありません] 平均タイムの該当データなし（サンプル不足）: 京都 障害 未勝利 2910 良
ℹ️ [スキップ/エラーではありません] 平均タイムの該当データなし（サンプル不足）: 福島 障害 未勝利 2750 良
ℹ️ [スキップ/エラーではありません] 平均タイムの該当データなし（サンプル不足）: 小倉 障害 未勝利 2860 良
ℹ️ [スキップ/エラーではありません] 平均タイムの該当データなし（サンプル不足）: 新潟 障害 未勝利 2890 稍重
ℹ️ [スキップ/エラーではありません] 平均タイムの該当データなし（サンプル不足）: 中山 障害 未勝利 2880 重
ℹ️ [スキップ/エラーではありません] 平均タイムの該当データなし（サンプル不足）: 京都 障害 未勝利 2910 良
ℹ️ [スキップ/エラーではありません] 平均タイムの該当データなし（サンプル不足）: 中山 障害 未勝利 2880 良
ℹ️ [スキップ/エラーではありません] 平均タイムの該当データなし（サンプル不足）: 中山 障害 未勝利 2880 稍重
ℹ️ [スキップ/エラーではありません] 平均タイムの該当データなし（サンプル不足）: 新潟 障害 未勝利 2850 良
ℹ️ [スキップ/エラーではありません] 平均タイムの該当データなし（サンプル不足）: 福島 障害 未勝利 2770 良
ℹ️ [スキップ/エラーではありません] 平均タイムの該当データなし（サンプル不足）: 京都 障害 未勝利 2910 良
ℹ️ [スキップ/エラーではありません] 平均タイムの該当データなし（サンプル不足）: 京都 障害 未勝利 2910 良
ℹ️ [スキップ/エラーではありません] 平均タイムの該当データなし（サンプル不足）: 新潟 障害 未勝利 2850 良
ℹ️ [スキップ/エラーではありません] 平均タイムの該当データなし（サンプル不足）: 新潟 障害 未勝利 2850 良
ℹ️ [スキップ/エラーではありません] 平均タイムの該当データなし（サンプル不足）: 東京 障害 未勝利 3000 良
ℹ️ [スキップ/エラーではありません] 平均タイムの該当データなし（サンプル不足）: 京都 ダート 未勝利 1200 不
ℹ️ [スキップ/エラーではありません] 平均タイムの該当データなし（サンプル不足）: 東京 ダート 2勝クラス 1400 不
ℹ️ [スキップ/エラーではありません] 平均タイムの該当データなし（サンプル不足）: 京都 ダート 2勝クラス 1800 不
ℹ️ [スキップ/エラーではありません] 平均タイムの該当データなし（サンプル不足）: 京都 ダート 2勝クラス 1800 不
ℹ️ [スキップ/エラーではありません] 平均タイムの該当データなし（サンプル不足）: 京都 ダート 1勝クラス 1400 不
ℹ️ [スキップ/エラーではありません] 平均タイムの該当データなし（サンプル不足）: 京都 ダート 2勝クラス 1800 不
ℹ️ [スキップ/エラーではありません] 平均タイムの該当データなし（サンプル不足）: 京都 ダート 1勝クラス 1800 不
ℹ️ [スキップ/エラーではありません] 平均タイムの該当データなし（サンプル不足）: 京都 ダート 3勝クラス 1200 不
出馬表再生成: 20260112
ℹ️ [スキップ/エラーではありません] 指定日に開催なし: 20260112 01_sapporo
ℹ️ [スキップ/エラーではありません] 指定日に開催なし: 20260112 02_hakodate
ℹ️ [スキップ/エラーではありません] 指定日に開催なし: 20260112 03_fukushima
ℹ️ [スキップ/エラーではありません] 指定日に開催なし: 20260112 04_nigata
ℹ️ [スキップ/エラーではありません] 指定日に開催なし: 20260112 05_tokyo
ℹ️ [スキップ/エラーではありません] 指定日に開催なし: 20260112 07_chukyo
ℹ️ [スキップ/エラーではありません] 指定日に開催なし: 20260112 09_hanshin
ℹ️ [スキップ/エラーではありません] 指定日に開催なし: 20260112 10_kokura
ℹ️ [スキップ/エラーではありません] 平均タイムの該当データなし（サンプル不足）: 東京 ダート 未勝利 1400 不
ℹ️ [スキップ/エラーではありません] 平均タイムの該当データなし（サンプル不足）: 中山 ダート 未勝利 1200 不
ℹ️ [スキップ/エラーではありません] 平均タイムの該当データなし（サンプル不足）: 中山 ダート 未勝利 1800 不
ℹ️ [スキップ/エラーではありません] 平均タイムの該当データなし（サンプル不足）: 中山 ダート 未勝利 1200 不
ℹ️ [スキップ/エラーではありません] 平均タイムの該当データなし（サンプル不足）: 中山 ダート 未勝利 1800 不
ℹ️ [スキップ/エラーではありません] 平均タイムの該当データなし（サンプル不足）: 東京 ダート 未勝利 1400 不
ℹ️ [スキップ/エラーではありません] 平均タイムの該当データなし（サンプル不足）: 中山 ダート 未勝利 1800 不
ℹ️ [スキップ/エラーではありません] 平均タイムの該当データなし（サンプル不足）: 中山 ダート 未勝利 1200 不
ℹ️ [スキップ/エラーではありません] 平均タイムの該当データなし（サンプル不足）: 中山 ダート 未勝利 1800 不
ℹ️ [スキップ/エラーではありません] 平均タイムの該当データなし（サンプル不足）: 東京 障害 未勝利 3000 稍重
ℹ️ [スキップ/エラーではありません] 平均タイムの該当データなし（サンプル不足）: 東京 障害 未勝利 3000 良
ℹ️ [スキップ/エラーではありません] 平均タイムの該当データなし（サンプル不足）: 新潟 障害 未勝利 2850 良
ℹ️ [スキップ/エラーではありません] 平均タイムの該当データなし（サンプル不足）: 中山 障害 未勝利 2880 良
ℹ️ [スキップ/エラーではありません] 平均タイムの該当データなし（サンプル不足）: 京都 障害 未勝利 2910 良
ℹ️ [スキップ/エラーではありません] 平均タイムの該当データなし（サンプル不足）: 中山 障害 未勝利 2880 良
ℹ️ [スキップ/エラーではありません] 平均タイムの該当データなし（サンプル不足）: 中京 障害 未勝利 3000 良
ℹ️ [スキップ/エラーではありません] 平均タイムの該当データなし（サンプル不足）: 中山 障害 未勝利 2880 良
ℹ️ [スキップ/エラーではありません] 平均タイムの該当データなし（サンプル不足）: 福島 障害 未勝利 2770 良
ℹ️ [スキップ/エラーではありません] 平均タイムの該当データなし（サンプル不足）: 中山 障害 未勝利 2880 重
ℹ️ [スキップ/エラーではありません] 平均タイムの該当データなし（サンプル不足）: 福島 障害 未勝利 2750 良
ℹ️ [スキップ/エラーではありません] 平均タイムの該当データなし（サンプル不足）: 新潟 障害 未勝利 2850 良
ℹ️ [スキップ/エラーではありません] 平均タイムの該当データなし（サンプル不足）: 新潟 障害 未勝利 2850 良
ℹ️ [スキップ/エラーではありません] 平均タイムの該当データなし（サンプル不足）: 小倉 障害 未勝利 2860 良
ℹ️ [スキップ/エラーではありません] 平均タイムの該当データなし（サンプル不足）: 東京 障害 未勝利 3000 稍重
ℹ️ [スキップ/エラーではありません] 平均タイムの該当データなし（サンプル不足）: 中山 障害 未勝利 2880 稍重
ℹ️ [スキップ/エラーではありません] 平均タイムの該当データなし（サンプル不足）: 福島 障害 未勝利 2770 良
ℹ️ [スキップ/エラーではありません] 平均タイムの該当データなし（サンプル不足）: 中山 障害 未勝利 2880 稍重
ℹ️ [スキップ/エラーではありません] 平均タイムの該当データなし（サンプル不足）: 中山 障害 未勝利 2880 重
ℹ️ [スキップ/エラーではありません] 平均タイムの該当データなし（サンプル不足）: 福島 障害 未勝利 2750 良
ℹ️ [スキップ/エラーではありません] 平均タイムの該当データなし（サンプル不足）: 阪神 障害 未勝利 2970 良
ℹ️ [スキップ/エラーではありません] 平均タイムの該当データなし（サンプル不足）: 中山 障害 未勝利 2880 良
ℹ️ [スキップ/エラーではありません] 平均タイムの該当データなし（サンプル不足）: 中山 障害 未勝利 2880 良
ℹ️ [スキップ/エラーではありません] 平均タイムの該当データなし（サンプル不足）: 中山 障害 未勝利 2880 稍重
ℹ️ [スキップ/エラーではありません] 平均タイムの該当データなし（サンプル不足）: 中山 障害 未勝利 2880 稍重
ℹ️ [スキップ/エラーではありません] 平均タイムの該当データなし（サンプル不足）: 新潟 障害 未勝利 2890 稍重
ℹ️ [スキップ/エラーではありません] 平均タイムの該当データなし（サンプル不足）: 東京 ダート 1勝クラス 1600 不
ℹ️ [スキップ/エラーではありません] 平均タイムの該当データなし（サンプル不足）: 東京 ダート 2勝クラス 2100 不
ℹ️ [スキップ/エラーではありません] 平均タイムの該当データなし（サンプル不足）: 京都 障害 未勝利 2910 稍重
ℹ️ [スキップ/エラーではありません] 平均タイムの該当データなし（サンプル不足）: 東京 障害 未勝利 3000 良
ℹ️ [スキップ/エラーではありません] 平均タイムの該当データなし（サンプル不足）: 新潟 障害 未勝利 2850 良
ℹ️ [スキップ/エラーではありません] 平均タイムの該当データなし（サンプル不足）: 小倉 障害 未勝利 2860 良
ℹ️ [スキップ/エラーではありません] 平均タイムの該当データなし（サンプル不足）: 京都 ダート 2勝クラス 1800 不
ℹ️ [スキップ/エラーではありません] 平均タイムの該当データなし（サンプル不足）: 中山 ダート 2勝クラス 2400 不
ℹ️ [スキップ/エラーではありません] 平均タイムの該当データなし（サンプル不足）: 新潟 ダート オープン 1800 不
ℹ️ [スキップ/エラーではありません] 平均タイムの該当データなし（サンプル不足）: 中山 ダート 2勝クラス 2400 不
ℹ️ [スキップ/エラーではありません] 平均タイムの該当データなし（サンプル不足）: 中山 障害 未勝利 2880 良
ℹ️ [スキップ/エラーではありません] 平均タイムの該当データなし（サンプル不足）: 東京 障害 未勝利 3000 良
ℹ️ [スキップ/エラーではありません] 平均タイムの該当データなし（サンプル不足）: 中山 障害 未勝利 2880 稍重
ℹ️ [スキップ/エラーではありません] 平均タイムの該当データなし（サンプル不足）: 福島 障害 未勝利 2750 良
ℹ️ [スキップ/エラーではありません] 平均タイムの該当データなし（サンプル不足）: 京都 ダート 3勝クラス 1200 不
ℹ️ [スキップ/エラーではありません] 平均タイムの該当データなし（サンプル不足）: 京都 ダート 3勝クラス 1200 不
ℹ️ [スキップ/エラーではありません] 平均タイムの該当データなし（サンプル不足）: 中山 ダート 1勝クラス 1200 不
ℹ️ [スキップ/エラーではありません] 平均タイムの該当データなし（サンプル不足）: 京都 ダート 3勝クラス 1200 不
ℹ️ [スキップ/エラーではありません] 平均タイムの該当データなし（サンプル不足）: 京都 ダート 未勝利 1200 不
ℹ️ [スキップ/エラーではありません] 平均タイムの該当データなし（サンプル不足）: 京都 ダート 未勝利 1200 不
ℹ️ [スキップ/エラーではありません] 平均タイムの該当データなし（サンプル不足）: 京都 ダート 未勝利 1900 不
ℹ️ [スキップ/エラーではありません] 平均タイムの該当データなし（サンプル不足）: 京都 ダート 未勝利 1800 不
ℹ️ [スキップ/エラーではありません] 平均タイムの該当データなし（サンプル不足）: 京都 ダート 1勝クラス 1400 不
ℹ️ [スキップ/エラーではありません] 平均タイムの該当データなし（サンプル不足）: 東京 ダート 1勝クラス 1400 不
ℹ️ [スキップ/エラーではありません] 平均タイムの該当データなし（サンプル不足）: 京都 ダート 1勝クラス 1400 不
ℹ️ [スキップ/エラーではありません] 平均タイムの該当データなし（サンプル不足）: 東京 ダート 1勝クラス 1600 不
ℹ️ [スキップ/エラーではありません] 平均タイムの該当データなし（サンプル不足）: 東京 ダート 1勝クラス 1600 不
ℹ️ [スキップ/エラーではありません] 平均タイムの該当データなし（サンプル不足）: 京都 ダート 未勝利 1800 不
ℹ️ [スキップ/エラーではありません] 平均タイムの該当データなし（サンプル不足）: 京都 ダート 2勝クラス 1800 不
ℹ️ [スキップ/エラーではありません] 平均タイムの該当データなし（サンプル不足）: 京都 ダート 3勝クラス 1800 不
ℹ️ [スキップ/エラーではありません] 平均タイムの該当データなし（サンプル不足）: 新潟 ダート オープン 1800 不
ℹ️ [スキップ/エラーではありません] 平均タイムの該当データなし（サンプル不足）: 京都 ダート 2勝クラス 1800 不
ℹ️ [スキップ/エラーではありません] 平均タイムの該当データなし（サンプル不足）: 京都 ダート 3勝クラス 1800 不
出馬表再生成: 20260117
ℹ️ [スキップ/エラーではありません] 指定日に開催なし: 20260117 01_sapporo
ℹ️ [スキップ/エラーではありません] 指定日に開催なし: 20260117 02_hakodate
ℹ️ [スキップ/エラーではありません] 指定日に開催なし: 20260117 03_fukushima
ℹ️ [スキップ/エラーではありません] 指定日に開催なし: 20260117 04_nigata
ℹ️ [スキップ/エラーではありません] 指定日に開催なし: 20260117 05_tokyo
ℹ️ [スキップ/エラーではありません] 指定日に開催なし: 20260117 07_chukyo
ℹ️ [スキップ/エラーではありません] 指定日に開催なし: 20260117 09_hanshin
ℹ️ [スキップ/エラーではありません] 指定日に開催なし: 20260117 10_kokura
ℹ️ [スキップ/エラーではありません] 平均タイムの該当データなし（サンプル不足）: 中山 ダート 未勝利 1200 不
ℹ️ [スキップ/エラーではありません] 平均タイムの該当データなし（サンプル不足）: 東京 ダート 未勝利 1400 不
ℹ️ [スキップ/エラーではありません] 平均タイムの該当データなし（サンプル不足）: 東京 ダート 未勝利 1600 不
ℹ️ [スキップ/エラーではありません] 平均タイムの該当データなし（サンプル不足）: 東京 ダート 新馬 1400 不
ℹ️ [スキップ/エラーではありません] 平均タイムの該当データなし（サンプル不足）: 中山 障害 未勝利 2880 重
ℹ️ [スキップ/エラーではありません] 平均タイムの該当データなし（サンプル不足）: 中山 障害 未勝利 2880 良
ℹ️ [スキップ/エラーではありません] 平均タイムの該当データなし（サンプル不足）: 中山 障害 未勝利 2880 良
ℹ️ [スキップ/エラーではありません] 平均タイムの該当データなし（サンプル不足）: 福島 障害 未勝利 2750 良
ℹ️ [スキップ/エラーではありません] 平均タイムの該当データなし（サンプル不足）: 中山 障害 未勝利 2880 重
ℹ️ [スキップ/エラーではありません] 平均タイムの該当データなし（サンプル不足）: 中山 障害 未勝利 2880 良
ℹ️ [スキップ/エラーではありません] 平均タイムの該当データなし（サンプル不足）: 京都 ダート 1勝クラス 1400 不
ℹ️ [スキップ/エラーではありません] 平均タイムの該当データなし（サンプル不足）: 阪神 障害 未勝利 2970 良
ℹ️ [スキップ/エラーではありません] 平均タイムの該当データなし（サンプル不足）: 福島 障害 未勝利 2750 良
ℹ️ [スキップ/エラーではありません] 平均タイムの該当データなし（サンプル不足）: 中京 障害 未勝利 3000 良
ℹ️ [スキップ/エラーではありません] 平均タイムの該当データなし（サンプル不足）: 福島 障害 未勝利 2750 良
ℹ️ [スキップ/エラーではありません] 平均タイムの該当データなし（サンプル不足）: 中山 障害 未勝利 2880 稍重
ℹ️ [スキップ/エラーではありません] 平均タイムの該当データなし（サンプル不足）: 福島 障害 未勝利 2770 良
ℹ️ [スキップ/エラーではありません] 平均タイムの該当データなし（サンプル不足）: 中山 障害 未勝利 2880 稍重
ℹ️ [スキップ/エラーではありません] 平均タイムの該当データなし（サンプル不足）: 阪神 障害 未勝利 2970 良
ℹ️ [スキップ/エラーではありません] 平均タイムの該当データなし（サンプル不足）: 福島 障害 未勝利 2750 良
ℹ️ [スキップ/エラーではありません] 平均タイムの該当データなし（サンプル不足）: 阪神 障害 未勝利 2970 良
ℹ️ [スキップ/エラーではありません] 平均タイムの該当データなし（サンプル不足）: 福島 障害 未勝利 2770 良
ℹ️ [スキップ/エラーではありません] 平均タイムの該当データなし（サンプル不足）: 福島 障害 未勝利 2750 良
ℹ️ [スキップ/エラーではありません] 平均タイムの該当データなし（サンプル不足）: 京都 障害 未勝利 2910 良
ℹ️ [スキップ/エラーではありません] 平均タイムの該当データなし（サンプル不足）: 中山 障害 未勝利 2880 良
ℹ️ [スキップ/エラーではありません] 平均タイムの該当データなし（サンプル不足）: 阪神 障害 未勝利 2970 良
ℹ️ [スキップ/エラーではありません] 平均タイムの該当データなし（サンプル不足）: 福島 障害 未勝利 2770 良
ℹ️ [スキップ/エラーではありません] 平均タイムの該当データなし（サンプル不足）: 新潟 障害 未勝利 2890 稍重
ℹ️ [スキップ/エラーではありません] 平均タイムの該当データなし（サンプル不足）: 京都 障害 未勝利 2910 良
ℹ️ [スキップ/エラーではありません] 平均タイムの該当データなし（サンプル不足）: 中山 障害 未勝利 2880 良
ℹ️ [スキップ/エラーではありません] 平均タイムの該当データなし（サンプル不足）: 新潟 障害 未勝利 2890 良
ℹ️ [スキップ/エラーではありません] 平均タイムの該当データなし（サンプル不足）: 小倉 障害 未勝利 2860 良
ℹ️ [スキップ/エラーではありません] 平均タイムの該当データなし（サンプル不足）: 小倉 障害 未勝利 2860 良
ℹ️ [スキップ/エラーではありません] 平均タイムの該当データなし（サンプル不足）: 阪神 障害 未勝利 2970 良
ℹ️ [スキップ/エラーではありません] 平均タイムの該当データなし（サンプル不足）: 中京 ダート 1勝クラス 1800 不
ℹ️ [スキップ/エラーではありません] 平均タイムの該当データなし（サンプル不足）: 中山 ダート 未勝利 1800 不
ℹ️ [スキップ/エラーではありません] 平均タイムの該当データなし（サンプル不足）: 東京 ダート 1勝クラス 1400 不
ℹ️ [スキップ/エラーではありません] 平均タイムの該当データなし（サンプル不足）: 中山 ダート 1勝クラス 1200 不
ℹ️ [スキップ/エラーではありません] 平均タイムの該当データなし（サンプル不足）: 中山 ダート 1勝クラス 1200 不
ℹ️ [スキップ/エラーではありません] 平均タイムの該当データなし（サンプル不足）: 東京 ダート 1勝クラス 1400 不
ℹ️ [スキップ/エラーではありません] 平均タイムの該当データなし（サンプル不足）: 東京 ダート 1勝クラス 1600 不
ℹ️ [スキップ/エラーではありません] 平均タイムの該当データなし（サンプル不足）: 中山 ダート 未勝利 1200 不
ℹ️ [スキップ/エラーではありません] 平均タイムの該当データなし（サンプル不足）: 京都 ダート 未勝利 1200 不
ℹ️ [スキップ/エラーではありません] 平均タイムの該当データなし（サンプル不足）: 京都 ダート 1勝クラス 1400 不
ℹ️ [スキップ/エラーではありません] 平均タイムの該当データなし（サンプル不足）: 京都 ダート 1勝クラス 1400 不
ℹ️ [スキップ/エラーではありません] 平均タイムの該当データなし（サンプル不足）: 京都 ダート 3勝クラス 1200 不
ℹ️ [スキップ/エラーではありません] 平均タイムの該当データなし（サンプル不足）: 京都 ダート 3勝クラス 1200 不
ℹ️ [スキップ/エラーではありません] 平均タイムの該当データなし（サンプル不足）: 京都 ダート 3勝クラス 1200 不
ℹ️ [スキップ/エラーではありません] 平均タイムの該当データなし（サンプル不足）: 京都 ダート 3勝クラス 1800 不
ℹ️ [スキップ/エラーではありません] 平均タイムの該当データなし（サンプル不足）: 東京 ダート 2勝クラス 1400 不
ℹ️ [スキップ/エラーではありません] 平均タイムの該当データなし（サンプル不足）: 中京 障害 未勝利 3000 良
ℹ️ [スキップ/エラーではありません] 平均タイムの該当データなし（サンプル不足）: 新潟 障害 未勝利 2890 稍重
出馬表再生成: 20260118
ℹ️ [スキップ/エラーではありません] 指定日に開催なし: 20260118 01_sapporo
ℹ️ [スキップ/エラーではありません] 指定日に開催なし: 20260118 02_hakodate
ℹ️ [スキップ/エラーではありません] 指定日に開催なし: 20260118 03_fukushima
ℹ️ [スキップ/エラーではありません] 指定日に開催なし: 20260118 04_nigata
ℹ️ [スキップ/エラーではありません] 指定日に開催なし: 20260118 05_tokyo
ℹ️ [スキップ/エラーではありません] 指定日に開催なし: 20260118 07_chukyo
ℹ️ [スキップ/エラーではありません] 指定日に開催なし: 20260118 09_hanshin
ℹ️ [スキップ/エラーではありません] 指定日に開催なし: 20260118 10_kokura
ℹ️ [スキップ/エラーではありません] 平均タイムの該当データなし（サンプル不足）: 東京 ダート 未勝利 1400 不
ℹ️ [スキップ/エラーではありません] 平均タイムの該当データなし（サンプル不足）: 京都 障害 未勝利 2910 良
ℹ️ [スキップ/エラーではありません] 平均タイムの該当データなし（サンプル不足）: 福島 障害 未勝利 2770 良
ℹ️ [スキップ/エラーではありません] 平均タイムの該当データなし（サンプル不足）: 新潟 障害 未勝利 2890 稍重
ℹ️ [スキップ/エラーではありません] 平均タイムの該当データなし（サンプル不足）: 京都 障害 未勝利 2910 良
ℹ️ [スキップ/エラーではありません] 平均タイムの該当データなし（サンプル不足）: 中京 ダート 1勝クラス 1400 不
ℹ️ [スキップ/エラーではありません] 平均タイムの該当データなし（サンプル不足）: 中山 障害 未勝利 2880 重
ℹ️ [スキップ/エラーではありません] 平均タイムの該当データなし（サンプル不足）: 京都 障害 未勝利 2910 良
ℹ️ [スキップ/エラーではありません] 平均タイムの該当データなし（サンプル不足）: 京都 障害 未勝利 2910 稍重
ℹ️ [スキップ/エラーではありません] 平均タイムの該当データなし（サンプル不足）: 東京 障害 未勝利 3000 良
ℹ️ [スキップ/エラーではありません] 平均タイムの該当データなし（サンプル不足）: 東京 障害 未勝利 3000 良
ℹ️ [スキップ/エラーではありません] 平均タイムの該当データなし（サンプル不足）: 東京 障害 未勝利 3000 良
ℹ️ [スキップ/エラーではありません] 平均タイムの該当データなし（サンプル不足）: 中山 障害 未勝利 2880 良
ℹ️ [スキップ/エラーではありません] 平均タイムの該当データなし（サンプル不足）: 中山 障害 未勝利 2880 良
ℹ️ [スキップ/エラーではありません] 平均タイムの該当データなし（サンプル不足）: 福島 障害 未勝利 2750 良
ℹ️ [スキップ/エラーではありません] 平均タイムの該当データなし（サンプル不足）: 京都 障害 未勝利 2910 良
ℹ️ [スキップ/エラーではありません] 平均タイムの該当データなし（サンプル不足）: 阪神 障害 未勝利 2970 良
ℹ️ [スキップ/エラーではありません] 平均タイムの該当データなし（サンプル不足）: 中山 障害 未勝利 2880 稍重
ℹ️ [スキップ/エラーではありません] 平均タイムの該当データなし（サンプル不足）: 京都 障害 未勝利 2910 良
ℹ️ [スキップ/エラーではありません] 平均タイムの該当データなし（サンプル不足）: 阪神 障害 未勝利 2970 良
ℹ️ [スキップ/エラーではありません] 平均タイムの該当データなし（サンプル不足）: 中山 障害 未勝利 2880 良
ℹ️ [スキップ/エラーではありません] 平均タイムの該当データなし（サンプル不足）: 中山 障害 未勝利 2880 重
ℹ️ [スキップ/エラーではありません] 平均タイムの該当データなし（サンプル不足）: 福島 障害 未勝利 2770 良
ℹ️ [スキップ/エラーではありません] 平均タイムの該当データなし（サンプル不足）: 中山 障害 未勝利 2880 稍重
ℹ️ [スキップ/エラーではありません] 平均タイムの該当データなし（サンプル不足）: 中山 障害 未勝利 2880 良
ℹ️ [スキップ/エラーではありません] 平均タイムの該当データなし（サンプル不足）: 阪神 障害 未勝利 2970 良
ℹ️ [スキップ/エラーではありません] 平均タイムの該当データなし（サンプル不足）: 京都 障害 未勝利 2910 良
ℹ️ [スキップ/エラーではありません] 平均タイムの該当データなし（サンプル不足）: 京都 障害 未勝利 2910 良
ℹ️ [スキップ/エラーではありません] 平均タイムの該当データなし（サンプル不足）: 新潟 ダート 1勝クラス 1800 不
ℹ️ [スキップ/エラーではありません] 平均タイムの該当データなし（サンプル不足）: 中山 障害 オープン 3350 良
ℹ️ [スキップ/エラーではありません] 平均タイムの該当データなし（サンプル不足）: 小倉 障害 オープン 3390 良
ℹ️ [スキップ/エラーではありません] 平均タイムの該当データなし（サンプル不足）: 東京 障害 オープン 3110 良
ℹ️ [スキップ/エラーではありません] 平均タイムの該当データなし（サンプル不足）: 東京 障害 オープン 3110 稍重
ℹ️ [スキップ/エラーではありません] 平均タイムの該当データなし（サンプル不足）: 東京 ダート 2勝クラス 1600 不
ℹ️ [スキップ/エラーではありません] 平均タイムの該当データなし（サンプル不足）: 東京 ダート 1勝クラス 1600 不
ℹ️ [スキップ/エラーではありません] 平均タイムの該当データなし（サンプル不足）: 中山 ダート 未勝利 1800 不
ℹ️ [スキップ/エラーではありません] 平均タイムの該当データなし（サンプル不足）: 東京 ダート 2勝クラス 1600 不
ℹ️ [スキップ/エラーではありません] 平均タイムの該当データなし（サンプル不足）: 中山 ダート 未勝利 1800 不
ℹ️ [スキップ/エラーではありません] 平均タイムの該当データなし（サンプル不足）: 東京 ダート 2勝クラス 1600 不
ℹ️ [スキップ/エラーではありません] 平均タイムの該当データなし（サンプル不足）: 東京 ダート 2勝クラス 1600 不
ℹ️ [スキップ/エラーではありません] 平均タイムの該当データなし（サンプル不足）: 中山 ダート 2勝クラス 1200 不
ℹ️ [スキップ/エラーではありません] 平均タイムの該当データなし（サンプル不足）: 京都 ダート 未勝利 1200 不
ℹ️ [スキップ/エラーではありません] 平均タイムの該当データなし（サンプル不足）: 東京 ダート オープン 1400 不
ℹ️ [スキップ/エラーではありません] 平均タイムの該当データなし（サンプル不足）: 新潟 ダート オープン 1800 不
ℹ️ [スキップ/エラーではありません] 平均タイムの該当データなし（サンプル不足）: 中京 ダート 1勝クラス 1200 不
ℹ️ [スキップ/エラーではありません] 平均タイムの該当データなし（サンプル不足）: 東京 ダート 新馬 1400 不
ℹ️ [スキップ/エラーではありません] 平均タイムの該当データなし（サンプル不足）: 京都 ダート 未勝利 1200 不
ℹ️ [スキップ/エラーではありません] 平均タイムの該当データなし（サンプル不足）: 京都 芝 未勝利 1800 不
ℹ️ [スキップ/エラーではありません] 平均タイムの該当データなし（サンプル不足）: 京都 ダート 未勝利 1900 不
ℹ️ [スキップ/エラーではありません] 平均タイムの該当データなし（サンプル不足）: 京都 ダート 未勝利 1900 不
ℹ️ [スキップ/エラーではありません] 平均タイムの該当データなし（サンプル不足）: 東京 ダート 1勝クラス 1600 不
ℹ️ [スキップ/エラーではありません] 平均タイムの該当データなし（サンプル不足）: 京都 芝 未勝利 2400 不
ℹ️ [スキップ/エラーではありません] 平均タイムの該当データなし（サンプル不足）: 阪神 ダート 未勝利 1800 不
出馬表再生成: 20260124
ℹ️ [スキップ/エラーではありません] 指定日に開催なし: 20260124 01_sapporo
ℹ️ [スキップ/エラーではありません] 指定日に開催なし: 20260124 02_hakodate
ℹ️ [スキップ/エラーではありません] 指定日に開催なし: 20260124 03_fukushima
ℹ️ [スキップ/エラーではありません] 指定日に開催なし: 20260124 04_nigata
ℹ️ [スキップ/エラーではありません] 指定日に開催なし: 20260124 05_tokyo
ℹ️ [スキップ/エラーではありません] 指定日に開催なし: 20260124 07_chukyo
ℹ️ [スキップ/エラーではありません] 指定日に開催なし: 20260124 09_hanshin
ℹ️ [スキップ/エラーではありません] 平均タイムの該当データなし（サンプル不足）: 東京 ダート 未勝利 1600 不
ℹ️ [スキップ/エラーではありません] 平均タイムの該当データなし（サンプル不足）: 東京 ダート 未勝利 1600 不
ℹ️ [スキップ/エラーではありません] 平均タイムの該当データなし（サンプル不足）: 東京 ダート 1勝クラス 1600 不
ℹ️ [スキップ/エラーではありません] 平均タイムの該当データなし（サンプル不足）: 函館 ダート 未勝利 1000 不
ℹ️ [スキップ/エラーではありません] 平均タイムの該当データなし（サンプル不足）: 東京 ダート 未勝利 1300 不
ℹ️ [スキップ/エラーではありません] 平均タイムの該当データなし（サンプル不足）: 中山 ダート 未勝利 1200 不
ℹ️ [スキップ/エラーではありません] 平均タイムの該当データなし（サンプル不足）: 東京 ダート 未勝利 1300 不
ℹ️ [スキップ/エラーではありません] 平均タイムの該当データなし（サンプル不足）: 中山 ダート 1勝クラス 1200 不
ℹ️ [スキップ/エラーではありません] 平均タイムの該当データなし（サンプル不足）: 東京 ダート 1勝クラス 1600 不
ℹ️ [スキップ/エラーではありません] 平均タイムの該当データなし（サンプル不足）: 新潟 ダート オープン 1800 不
ℹ️ [スキップ/エラーではありません] 平均タイムの該当データなし（サンプル不足）: 東京 ダート 2勝クラス 2100 不
ℹ️ [スキップ/エラーではありません] 平均タイムの該当データなし（サンプル不足）: 京都 ダート 未勝利 1200 不
ℹ️ [スキップ/エラーではありません] 平均タイムの該当データなし（サンプル不足）: 京都 ダート 未勝利 1200 不
ℹ️ [スキップ/エラーではありません] 平均タイムの該当データなし（サンプル不足）: 京都 ダート 未勝利 1800 不
ℹ️ [スキップ/エラーではありません] 平均タイムの該当データなし（サンプル不足）: 京都 ダート 未勝利 1900 不
ℹ️ [スキップ/エラーではありません] 平均タイムの該当データなし（サンプル不足）: 京都 ダート 2勝クラス 1800 不
ℹ️ [スキップ/エラーではありません] 平均タイムの該当データなし（サンプル不足）: 京都 ダート 3勝クラス 1800 不
ℹ️ [スキップ/エラーではありません] 平均タイムの該当データなし（サンプル不足）: 新潟 ダート オープン 1800 不
ℹ️ [スキップ/エラーではありません] 平均タイムの該当データなし（サンプル不足）: 京都 芝 2勝クラス 1200 不
ℹ️ [スキップ/エラーではありません] 平均タイムの該当データなし（サンプル不足）: 中京 障害 未勝利 3000 良
ℹ️ [スキップ/エラーではありません] 平均タイムの該当データなし（サンプル不足）: 京都 ダート 未勝利 1200 不
ℹ️ [スキップ/エラーではありません] 平均タイムの該当データなし（サンプル不足）: 阪神 障害 オープン 3110 良
ℹ️ [スキップ/エラーではありません] 平均タイムの該当データなし（サンプル不足）: 京都 障害 オープン 3170 良
ℹ️ [スキップ/エラーではありません] 平均タイムの該当データなし（サンプル不足）: 阪神 障害 オープン 3140 良
ℹ️ [スキップ/エラーではありません] 平均タイムの該当データなし（サンプル不足）: 小倉 障害 未勝利 2860 良
ℹ️ [スキップ/エラーではありません] 平均タイムの該当データなし（サンプル不足）: 小倉 障害 未勝利 2860 良
ℹ️ [スキップ/エラーではありません] 平均タイムの該当データなし（サンプル不足）: 阪神 障害 オープン 3110 良
ℹ️ [スキップ/エラーではありません] 平均タイムの該当データなし（サンプル不足）: 京都 障害 未勝利 2910 良
ℹ️ [スキップ/エラーではありません] 平均タイムの該当データなし（サンプル不足）: 京都 障害 未勝利 2910 良
ℹ️ [スキップ/エラーではありません] 平均タイムの該当データなし（サンプル不足）: 小倉 障害 未勝利 2860 良
ℹ️ [スキップ/エラーではありません] 平均タイムの該当データなし（サンプル不足）: 東京 障害 未勝利 3000 稍重
ℹ️ [スキップ/エラーではありません] 平均タイムの該当データなし（サンプル不足）: 阪神 障害 未勝利 2970 良
ℹ️ [スキップ/エラーではありません] 平均タイムの該当データなし（サンプル不足）: 中山 障害 未勝利 2880 良
ℹ️ [スキップ/エラーではありません] 平均タイムの該当データなし（サンプル不足）: 中山 ダート 未勝利 1800 不
ℹ️ [スキップ/エラーではありません] 平均タイムの該当データなし（サンプル不足）: 福島 障害 オープン 3380 良
ℹ️ [スキップ/エラーではありません] 平均タイムの該当データなし（サンプル不足）: 京都 障害 未勝利 2910 稍重
ℹ️ [スキップ/エラーではありません] 平均タイムの該当データなし（サンプル不足）: 阪神 障害 未勝利 2970 良
ℹ️ [スキップ/エラーではありません] 平均タイムの該当データなし（サンプル不足）: 阪神 障害 オープン 3110 良
ℹ️ [スキップ/エラーではありません] 平均タイムの該当データなし（サンプル不足）: 京都 障害 オープン 3170 良
ℹ️ [スキップ/エラーではありません] 平均タイムの該当データなし（サンプル不足）: 阪神 障害 オープン 3140 良
ℹ️ [スキップ/エラーではありません] 平均タイムの該当データなし（サンプル不足）: 阪神 障害 未勝利 2970 良
ℹ️ [スキップ/エラーではありません] 平均タイムの該当データなし（サンプル不足）: 阪神 障害 未勝利 2970 良
ℹ️ [スキップ/エラーではありません] 平均タイムの該当データなし（サンプル不足）: 京都 障害 オープン 3170 良
ℹ️ [スキップ/エラーではありません] 平均タイムの該当データなし（サンプル不足）: 阪神 障害 オープン 3140 良
ℹ️ [スキップ/エラーではありません] 平均タイムの該当データなし（サンプル不足）: 福島 障害 オープン 2750 稍重
ℹ️ [スキップ/エラーではありません] 平均タイムの該当データなし（サンプル不足）: 新潟 障害 未勝利 2890 稍重
ℹ️ [スキップ/エラーではありません] 平均タイムの該当データなし（サンプル不足）: 小倉 障害 未勝利 2860 良
ℹ️ [スキップ/エラーではありません] 平均タイムの該当データなし（サンプル不足）: 新潟 障害 未勝利 2890 稍重
ℹ️ [スキップ/エラーではありません] 平均タイムの該当データなし（サンプル不足）: 阪神 障害 未勝利 2970 良
ℹ️ [スキップ/エラーではありません] 平均タイムの該当データなし（サンプル不足）: 小倉 障害 未勝利 2860 稍重
ℹ️ [スキップ/エラーではありません] 平均タイムの該当データなし（サンプル不足）: 小倉 障害 未勝利 2860 良
ℹ️ [スキップ/エラーではありません] 平均タイムの該当データなし（サンプル不足）: 京都 障害 オープン 3170 良
ℹ️ [スキップ/エラーではありません] 平均タイムの該当データなし（サンプル不足）: 中京 障害 オープン 3300 良
ℹ️ [スキップ/エラーではありません] 平均タイムの該当データなし（サンプル不足）: 京都 障害 オープン 3930 不
ℹ️ [スキップ/エラーではありません] 平均タイムの該当データなし（サンプル不足）: 阪神 障害 オープン 3140 良
ℹ️ [スキップ/エラーではありません] 平均タイムの該当データなし（サンプル不足）: 小倉 障害 オープン 2860 良
ℹ️ [スキップ/エラーではありません] 平均タイムの該当データなし（サンプル不足）: 中山 障害 オープン 3570 良
ℹ️ [スキップ/エラーではありません] 平均タイムの該当データなし（サンプル不足）: 東京 障害 オープン 3110 良
ℹ️ [スキップ/エラーではありません] 平均タイムの該当データなし（サンプル不足）: 中京 障害 オープン 3300 良
ℹ️ [スキップ/エラーではありません] 平均タイムの該当データなし（サンプル不足）: 中山 障害 オープン 3200 良
ℹ️ [スキップ/エラーではありません] 平均タイムの該当データなし（サンプル不足）: 阪神 障害 オープン 3140 良
ℹ️ [スキップ/エラーではありません] 平均タイムの該当データなし（サンプル不足）: 京都 障害 オープン 3170 良
ℹ️ [スキップ/エラーではありません] 平均タイムの該当データなし（サンプル不足）: 中山 障害 オープン 3570 良
ℹ️ [スキップ/エラーではありません] 平均タイムの該当データなし（サンプル不足）: 京都 障害 オープン 3170 良
ℹ️ [スキップ/エラーではありません] 平均タイムの該当データなし（サンプル不足）: 阪神 障害 未勝利 2970 良
ℹ️ [スキップ/エラーではありません] 平均タイムの該当データなし（サンプル不足）: 福島 障害 オープン 3380 良
ℹ️ [スキップ/エラーではありません] 平均タイムの該当データなし（サンプル不足）: 新潟 障害 オープン 3250 良
ℹ️ [スキップ/エラーではありません] 平均タイムの該当データなし（サンプル不足）: 新潟 障害 オープン 2850 良
ℹ️ [スキップ/エラーではありません] 平均タイムの該当データなし（サンプル不足）: 新潟 障害 オープン 3290 良
ℹ️ [スキップ/エラーではありません] 平均タイムの該当データなし（サンプル不足）: 新潟 障害 オープン 2890 良
ℹ️ [スキップ/エラーではありません] 平均タイムの該当データなし（サンプル不足）: 東京 障害 オープン 3110 良
ℹ️ [スキップ/エラーではありません] 平均タイムの該当データなし（サンプル不足）: 小倉 障害 未勝利 2860 重
ℹ️ [スキップ/エラーではありません] 平均タイムの該当データなし（サンプル不足）: 京都 障害 未勝利 2910 良
ℹ️ [スキップ/エラーではありません] 平均タイムの該当データなし（サンプル不足）: 中山 障害 未勝利 2880 重
ℹ️ [スキップ/エラーではありません] 平均タイムの該当データなし（サンプル不足）: 京都 障害 未勝利 2910 良
ℹ️ [スキップ/エラーではありません] 平均タイムの該当データなし（サンプル不足）: 中山 障害 未勝利 2880 良
ℹ️ [スキップ/エラーではありません] 平均タイムの該当データなし（サンプル不足）: 中山 障害 未勝利 2880 稍重
ℹ️ [スキップ/エラーではありません] 平均タイムの該当データなし（サンプル不足）: 中山 障害 未勝利 2880 重
ℹ️ [スキップ/エラーではありません] 平均タイムの該当データなし（サンプル不足）: 京都 障害 未勝利 2910 良
ℹ️ [スキップ/エラーではありません] 平均タイムの該当データなし（サンプル不足）: 阪神 障害 未勝利 2970 良
ℹ️ [スキップ/エラーではありません] 平均タイムの該当データなし（サンプル不足）: 新潟 障害 未勝利 2850 良
ℹ️ [スキップ/エラーではありません] 平均タイムの該当データなし（サンプル不足）: 東京 障害 未勝利 3000 良
ℹ️ [スキップ/エラーではありません] 平均タイムの該当データなし（サンプル不足）: 東京 障害 未勝利 3000 良
ℹ️ [スキップ/エラーではありません] 平均タイムの該当データなし（サンプル不足）: 中京 障害 未勝利 3000 良
ℹ️ [スキップ/エラーではありません] 平均タイムの該当データなし（サンプル不足）: 東京 障害 未勝利 3000 良
ℹ️ [スキップ/エラーではありません] 平均タイムの該当データなし（サンプル不足）: 新潟 障害 未勝利 2890 稍重
ℹ️ [スキップ/エラーではありません] 平均タイムの該当データなし（サンプル不足）: 阪神 障害 未勝利 2970 良
ℹ️ [スキップ/エラーではありません] 平均タイムの該当データなし（サンプル不足）: 福島 障害 未勝利 2770 良
ℹ️ [スキップ/エラーではありません] 平均タイムの該当データなし（サンプル不足）: 東京 障害 未勝利 3000 稍重
ℹ️ [スキップ/エラーではありません] 平均タイムの該当データなし（サンプル不足）: 阪神 障害 未勝利 2970 良
ℹ️ [スキップ/エラーではありません] 平均タイムの該当データなし（サンプル不足）: 中京 障害 オープン 3300 良
ℹ️ [スキップ/エラーではありません] 平均タイムの該当データなし（サンプル不足）: 福島 障害 未勝利 2750 良
ℹ️ [スキップ/エラーではありません] 平均タイムの該当データなし（サンプル不足）: 中山 芝 未勝利 2200 不
ℹ️ [スキップ/エラーではありません] 平均タイムの該当データなし（サンプル不足）: 中山 障害 未勝利 2880 良
ℹ️ [スキップ/エラーではありません] 平均タイムの該当データなし（サンプル不足）: 中山 障害 未勝利 2880 良
ℹ️ [スキップ/エラーではありません] 平均タイムの該当データなし（サンプル不足）: 福島 障害 未勝利 2750 良
ℹ️ [スキップ/エラーではありません] 平均タイムの該当データなし（サンプル不足）: 京都 ダート 1勝クラス 1400 不
出馬表再生成: 20260125
ℹ️ [スキップ/エラーではありません] 指定日に開催なし: 20260125 01_sapporo
ℹ️ [スキップ/エラーではありません] 指定日に開催なし: 20260125 02_hakodate
ℹ️ [スキップ/エラーではありません] 指定日に開催なし: 20260125 03_fukushima
ℹ️ [スキップ/エラーではありません] 指定日に開催なし: 20260125 04_nigata
ℹ️ [スキップ/エラーではありません] 指定日に開催なし: 20260125 05_tokyo
ℹ️ [スキップ/エラーではありません] 指定日に開催なし: 20260125 07_chukyo
ℹ️ [スキップ/エラーではありません] 指定日に開催なし: 20260125 09_hanshin
ℹ️ [スキップ/エラーではありません] 平均タイムの該当データなし（サンプル不足）: 東京 ダート 未勝利 1400 不
ℹ️ [スキップ/エラーではありません] 平均タイムの該当データなし（サンプル不足）: 中山 ダート 未勝利 1200 不
ℹ️ [スキップ/エラーではありません] 平均タイムの該当データなし（サンプル不足）: 中山 ダート 未勝利 1800 不
❌ [要確認/エラー] 不明な開催場名: 
ℹ️ [スキップ/エラーではありません] 平均タイムの該当データなし（サンプル不足）: 東京 ダート 1勝クラス 1600 不
ℹ️ [スキップ/エラーではありません] 平均タイムの該当データなし（サンプル不足）: 東京 ダート 1勝クラス 1600 不
ℹ️ [スキップ/エラーではありません] 平均タイムの該当データなし（サンプル不足）: 東京 ダート 1勝クラス 1600 不
ℹ️ [スキップ/エラーではありません] 平均タイムの該当データなし（サンプル不足）: 中山 ダート 2勝クラス 2400 不
ℹ️ [スキップ/エラーではありません] 平均タイムの該当データなし（サンプル不足）: 札幌 ダート 1勝クラス 1000 不
ℹ️ [スキップ/エラーではありません] 平均タイムの該当データなし（サンプル不足）: 中山 ダート 1勝クラス 1200 不
ℹ️ [スキップ/エラーではありません] 平均タイムの該当データなし（サンプル不足）: 京都 ダート 3勝クラス 1200 不
ℹ️ [スキップ/エラーではありません] 平均タイムの該当データなし（サンプル不足）: 京都 ダート 3勝クラス 1200 不
ℹ️ [スキップ/エラーではありません] 平均タイムの該当データなし（サンプル不足）: 中山 ダート 2勝クラス 1200 不
ℹ️ [スキップ/エラーではありません] 平均タイムの該当データなし（サンプル不足）: 東京 ダート 2勝クラス 1400 不
ℹ️ [スキップ/エラーではありません] 平均タイムの該当データなし（サンプル不足）: 京都 ダート 3勝クラス 1200 不
ℹ️ [スキップ/エラーではありません] 平均タイムの該当データなし（サンプル不足）: 京都 ダート 3勝クラス 1200 不
ℹ️ [スキップ/エラーではありません] 平均タイムの該当データなし（サンプル不足）: 京都 ダート オープン 1800 不
ℹ️ [スキップ/エラーではありません] 平均タイムの該当データなし（サンプル不足）: 東京 ダート 未勝利 1600 不
ℹ️ [スキップ/エラーではありません] 平均タイムの該当データなし（サンプル不足）: 東京 ダート 2勝クラス 1600 不
ℹ️ [スキップ/エラーではありません] 平均タイムの該当データなし（サンプル不足）: 阪神 ダート 未勝利 1800 不
ℹ️ [スキップ/エラーではありません] 平均タイムの該当データなし（サンプル不足）: 京都 ダート 2勝クラス 1800 不
ℹ️ [スキップ/エラーではありません] 平均タイムの該当データなし（サンプル不足）: 京都 ダート 3勝クラス 1800 不
ℹ️ [スキップ/エラーではありません] 平均タイムの該当データなし（サンプル不足）: 京都 ダート オープン 1800 不
ℹ️ [スキップ/エラーではありません] 平均タイムの該当データなし（サンプル不足）: 京都 ダート 3勝クラス 1800 不
ℹ️ [スキップ/エラーではありません] 平均タイムの該当データなし（サンプル不足）: 京都 ダート オープン 1800 不
ℹ️ [スキップ/エラーではありません] 平均タイムの該当データなし（サンプル不足）: 京都 ダート オープン 1800 不
ℹ️ [スキップ/エラーではありません] 平均タイムの該当データなし（サンプル不足）: 京都 ダート オープン 1800 不
ℹ️ [スキップ/エラーではありません] 平均タイムの該当データなし（サンプル不足）: 京都 ダート オープン 1800 不
ℹ️ [スキップ/エラーではありません] 平均タイムの該当データなし（サンプル不足）: 福島 障害 未勝利 2770 良
ℹ️ [スキップ/エラーではありません] 平均タイムの該当データなし（サンプル不足）: 福島 障害 未勝利 2750 良
ℹ️ [スキップ/エラーではありません] 平均タイムの該当データなし（サンプル不足）: 阪神 障害 未勝利 2970 良
ℹ️ [スキップ/エラーではありません] 平均タイムの該当データなし（サンプル不足）: 中山 障害 未勝利 2880 良
ℹ️ [スキップ/エラーではありません] 平均タイムの該当データなし（サンプル不足）: 阪神 障害 未勝利 2970 良
ℹ️ [スキップ/エラーではありません] 平均タイムの該当データなし（サンプル不足）: 東京 障害 未勝利 3000 稍重
ℹ️ [スキップ/エラーではありません] 平均タイムの該当データなし（サンプル不足）: 中山 障害 未勝利 2880 良
ℹ️ [スキップ/エラーではありません] 平均タイムの該当データなし（サンプル不足）: 福島 障害 未勝利 2770 良
ℹ️ [スキップ/エラーではありません] 平均タイムの該当データなし（サンプル不足）: 福島 障害 未勝利 2750 良
ℹ️ [スキップ/エラーではありません] 平均タイムの該当データなし（サンプル不足）: 新潟 障害 未勝利 2850 良
ℹ️ [スキップ/エラーではありません] 平均タイムの該当データなし（サンプル不足）: 新潟 障害 未勝利 2890 稍重
ℹ️ [スキップ/エラーではありません] 平均タイムの該当データなし（サンプル不足）: 中山 障害 未勝利 2880 稍重
ℹ️ [スキップ/エラーではありません] 平均タイムの該当データなし（サンプル不足）: 福島 障害 未勝利 2750 良
ℹ️ [スキップ/エラーではありません] 平均タイムの該当データなし（サンプル不足）: 京都 障害 未勝利 2910 良
ℹ️ [スキップ/エラーではありません] 平均タイムの該当データなし（サンプル不足）: 新潟 障害 未勝利 2850 良
ℹ️ [スキップ/エラーではありません] 平均タイムの該当データなし（サンプル不足）: 福島 障害 未勝利 2750 良
ℹ️ [スキップ/エラーではありません] 平均タイムの該当データなし（サンプル不足）: 京都 障害 未勝利 2910 良
ℹ️ [スキップ/エラーではありません] 平均タイムの該当データなし（サンプル不足）: 福島 障害 未勝利 2750 良
ℹ️ [スキップ/エラーではありません] 平均タイムの該当データなし（サンプル不足）: 京都 ダート 1勝クラス 1400 不
ℹ️ [スキップ/エラーではありません] 平均タイムの該当データなし（サンプル不足）: 福島 障害 未勝利 2770 良
ℹ️ [スキップ/エラーではありません] 平均タイムの該当データなし（サンプル不足）: 福島 障害 未勝利 2750 良
ℹ️ [スキップ/エラーではありません] 平均タイムの該当データなし（サンプル不足）: 小倉 障害 未勝利 2860 良
ℹ️ [スキップ/エラーではありません] 平均タイムの該当データなし（サンプル不足）: 新潟 障害 未勝利 2890 良
ℹ️ [スキップ/エラーではありません] 平均タイムの該当データなし（サンプル不足）: 新潟 障害 未勝利 2890 良
ℹ️ [スキップ/エラーではありません] 平均タイムの該当データなし（サンプル不足）: 東京 障害 未勝利 3000 稍重
ℹ️ [スキップ/エラーではありません] 平均タイムの該当データなし（サンプル不足）: 中山 障害 未勝利 2880 稍重
ℹ️ [スキップ/エラーではありません] 平均タイムの該当データなし（サンプル不足）: 中山 障害 未勝利 2880 稍重
ℹ️ [スキップ/エラーではありません] 平均タイムの該当データなし（サンプル不足）: 小倉 障害 未勝利 2860 良
ℹ️ [スキップ/エラーではありません] 平均タイムの該当データなし（サンプル不足）: 東京 ダート 未勝利 1400 不
ℹ️ [スキップ/エラーではありません] 平均タイムの該当データなし（サンプル不足）: 京都 ダート 未勝利 1800 不
ℹ️ [スキップ/エラーではありません] 平均タイムの該当データなし（サンプル不足）: 京都 ダート 未勝利 1800 不
ℹ️ [スキップ/エラーではありません] 平均タイムの該当データなし（サンプル不足）: 京都 芝 オープン 1400 不
ℹ️ [スキップ/エラーではありません] 平均タイムの該当データなし（サンプル不足）: 京都 ダート 2勝クラス 1800 不
ℹ️ [スキップ/エラーではありません] 平均タイムの該当データなし（サンプル不足）: 中山 ダート 2勝クラス 2400 不
ℹ️ [スキップ/エラーではありません] 平均タイムの該当データなし（サンプル不足）: 東京 ダート 1勝クラス 1600 不
出馬表再生成: 20260131
ℹ️ [スキップ/エラーではありません] 指定日に開催なし: 20260131 01_sapporo
ℹ️ [スキップ/エラーではありません] 指定日に開催なし: 20260131 02_hakodate
ℹ️ [スキップ/エラーではありません] 指定日に開催なし: 20260131 03_fukushima
ℹ️ [スキップ/エラーではありません] 指定日に開催なし: 20260131 04_nigata
ℹ️ [スキップ/エラーではありません] 指定日に開催なし: 20260131 06_nakayama
ℹ️ [スキップ/エラーではありません] 指定日に開催なし: 20260131 07_chukyo
ℹ️ [スキップ/エラーではありません] 指定日に開催なし: 20260131 09_hanshin
ℹ️ [スキップ/エラーではありません] 平均タイムの該当データなし（サンプル不足）: 東京 ダート 新馬 1400 不
ℹ️ [スキップ/エラーではありません] 平均タイムの該当データなし（サンプル不足）: 中山 ダート 1勝クラス 2400 不
ℹ️ [スキップ/エラーではありません] 平均タイムの該当データなし（サンプル不足）: 中山 ダート 未勝利 1800 不
ℹ️ [スキップ/エラーではありません] 平均タイムの該当データなし（サンプル不足）: 新潟 ダート 1勝クラス 1800 不
ℹ️ [スキップ/エラーではありません] 平均タイムの該当データなし（サンプル不足）: 東京 ダート 未勝利 1600 不
ℹ️ [スキップ/エラーではありません] 平均タイムの該当データなし（サンプル不足）: 東京 ダート 新馬 1400 不
ℹ️ [スキップ/エラーではありません] 平均タイムの該当データなし（サンプル不足）: 東京 芝 未勝利 1800 不
ℹ️ [スキップ/エラーではありません] 平均タイムの該当データなし（サンプル不足）: 東京 ダート 未勝利 1600 不
ℹ️ [スキップ/エラーではありません] 平均タイムの該当データなし（サンプル不足）: 東京 ダート 未勝利 1400 不
ℹ️ [スキップ/エラーではありません] 平均タイムの該当データなし（サンプル不足）: 東京 ダート 1勝クラス 1600 不
ℹ️ [スキップ/エラーではありません] 平均タイムの該当データなし（サンプル不足）: 東京 ダート 1勝クラス 1600 不
ℹ️ [スキップ/エラーではありません] 平均タイムの該当データなし（サンプル不足）: 東京 ダート 未勝利 1600 不
ℹ️ [スキップ/エラーではありません] 平均タイムの該当データなし（サンプル不足）: 新潟 ダート オープン 1800 不
ℹ️ [スキップ/エラーではありません] 平均タイムの該当データなし（サンプル不足）: 東京 ダート 1勝クラス 1600 不
ℹ️ [スキップ/エラーではありません] 平均タイムの該当データなし（サンプル不足）: 東京 ダート 2勝クラス 1600 不
ℹ️ [スキップ/エラーではありません] 平均タイムの該当データなし（サンプル不足）: 京都 ダート 2勝クラス 1800 不
ℹ️ [スキップ/エラーではありません] 平均タイムの該当データなし（サンプル不足）: 新潟 ダート オープン 1800 不
ℹ️ [スキップ/エラーではありません] 平均タイムの該当データなし（サンプル不足）: 東京 ダート 1勝クラス 1600 不
ℹ️ [スキップ/エラーではありません] 平均タイムの該当データなし（サンプル不足）: 東京 ダート 新馬 1400 不
ℹ️ [スキップ/エラーではありません] 平均タイムの該当データなし（サンプル不足）: 福島 ダート nan 1700 良
ℹ️ [スキップ/エラーではありません] 平均タイムの該当データなし（サンプル不足）: 中京 ダート nan 1900 良
ℹ️ [スキップ/エラーではありません] 平均タイムの該当データなし（サンプル不足）: 京都 ダート 1勝クラス 1400 不
ℹ️ [スキップ/エラーではありません] 平均タイムの該当データなし（サンプル不足）: 福島 障害 未勝利 2750 良
ℹ️ [スキップ/エラーではありません] 平均タイムの該当データなし（サンプル不足）: 阪神 障害 オープン 3110 良
ℹ️ [スキップ/エラーではありません] 平均タイムの該当データなし（サンプル不足）: 新潟 障害 オープン 3250 良
ℹ️ [スキップ/エラーではありません] 平均タイムの該当データなし（サンプル不足）: 新潟 障害 未勝利 2850 良
ℹ️ [スキップ/エラーではありません] 平均タイムの該当データなし（サンプル不足）: 福島 障害 未勝利 2750 良
ℹ️ [スキップ/エラーではありません] 平均タイムの該当データなし（サンプル不足）: 東京 障害 未勝利 3000 良
ℹ️ [スキップ/エラーではありません] 平均タイムの該当データなし（サンプル不足）: 福島 障害 オープン 3380 良
ℹ️ [スキップ/エラーではありません] 平均タイムの該当データなし（サンプル不足）: 京都 障害 オープン 3170 良
ℹ️ [スキップ/エラーではありません] 平均タイムの該当データなし（サンプル不足）: 中山 障害 オープン 3210 稍重
ℹ️ [スキップ/エラーではありません] 平均タイムの該当データなし（サンプル不足）: 新潟 障害 オープン 3250 良
ℹ️ [スキップ/エラーではありません] 平均タイムの該当データなし（サンプル不足）: 新潟 障害 オープン 2850 良
ℹ️ [スキップ/エラーではありません] 平均タイムの該当データなし（サンプル不足）: 中山 障害 未勝利 2880 良
ℹ️ [スキップ/エラーではありません] 平均タイムの該当データなし（サンプル不足）: 中山 障害 未勝利 2880 重
ℹ️ [スキップ/エラーではありません] 平均タイムの該当データなし（サンプル不足）: 福島 障害 未勝利 2750 良
ℹ️ [スキップ/エラーではありません] 平均タイムの該当データなし（サンプル不足）: 東京 障害 オープン 3110 良
ℹ️ [スキップ/エラーではありません] 平均タイムの該当データなし（サンプル不足）: 阪神 障害 オープン 3140 良
ℹ️ [スキップ/エラーではありません] 平均タイムの該当データなし（サンプル不足）: 新潟 障害 オープン 3250 良
ℹ️ [スキップ/エラーではありません] 平均タイムの該当データなし（サンプル不足）: 新潟 障害 オープン 2850 良
ℹ️ [スキップ/エラーではありません] 平均タイムの該当データなし（サンプル不足）: 新潟 障害 未勝利 2890 稍重
ℹ️ [スキップ/エラーではありません] 平均タイムの該当データなし（サンプル不足）: 阪神 障害 未勝利 2970 良
ℹ️ [スキップ/エラーではありません] 平均タイムの該当データなし（サンプル不足）: 福島 障害 オープン 3380 良
ℹ️ [スキップ/エラーではありません] 平均タイムの該当データなし（サンプル不足）: 東京 障害 未勝利 3000 良
ℹ️ [スキップ/エラーではありません] 平均タイムの該当データなし（サンプル不足）: 東京 障害 未勝利 3000 良
ℹ️ [スキップ/エラーではありません] 平均タイムの該当データなし（サンプル不足）: 新潟 障害 未勝利 2890 稍重
ℹ️ [スキップ/エラーではありません] 平均タイムの該当データなし（サンプル不足）: 新潟 障害 未勝利 2890 稍重
ℹ️ [スキップ/エラーではありません] 平均タイムの該当データなし（サンプル不足）: 東京 障害 オープン 3110 良
ℹ️ [スキップ/エラーではありません] 平均タイムの該当データなし（サンプル不足）: 京都 障害 オープン 3170 良
ℹ️ [スキップ/エラーではありません] 平均タイムの該当データなし（サンプル不足）: 福島 障害 未勝利 2770 良
ℹ️ [スキップ/エラーではありません] 平均タイムの該当データなし（サンプル不足）: 小倉 障害 未勝利 2860 良
ℹ️ [スキップ/エラーではありません] 平均タイムの該当データなし（サンプル不足）: 小倉 障害 未勝利 2860 良
ℹ️ [スキップ/エラーではありません] 平均タイムの該当データなし（サンプル不足）: 福島 障害 オープン 3380 良
ℹ️ [スキップ/エラーではありません] 平均タイムの該当データなし（サンプル不足）: 京都 障害 オープン 3170 良
ℹ️ [スキップ/エラーではありません] 平均タイムの該当データなし（サンプル不足）: 中京 障害 オープン 3330 良
ℹ️ [スキップ/エラーではありません] 平均タイムの該当データなし（サンプル不足）: 福島 障害 オープン 2750 稍重
ℹ️ [スキップ/エラーではありません] 平均タイムの該当データなし（サンプル不足）: 新潟 障害 オープン 2890 良
ℹ️ [スキップ/エラーではありません] 平均タイムの該当データなし（サンプル不足）: 新潟 障害 オープン 3250 良
ℹ️ [スキップ/エラーではありません] 平均タイムの該当データなし（サンプル不足）: 新潟 障害 未勝利 2890 稍重
ℹ️ [スキップ/エラーではありません] 平均タイムの該当データなし（サンプル不足）: 小倉 障害 未勝利 2860 良
ℹ️ [スキップ/エラーではありません] 平均タイムの該当データなし（サンプル不足）: 新潟 障害 未勝利 2850 稍重
ℹ️ [スキップ/エラーではありません] 平均タイムの該当データなし（サンプル不足）: 京都 障害 未勝利 2910 良
ℹ️ [スキップ/エラーではありません] 平均タイムの該当データなし（サンプル不足）: 京都 障害 未勝利 2910 良
ℹ️ [スキップ/エラーではありません] 平均タイムの該当データなし（サンプル不足）: 京都 障害 未勝利 2910 良
ℹ️ [スキップ/エラーではありません] 平均タイムの該当データなし（サンプル不足）: 阪神 障害 未勝利 2970 良
ℹ️ [スキップ/エラーではありません] 平均タイムの該当データなし（サンプル不足）: 京都 障害 未勝利 2910 良
ℹ️ [スキップ/エラーではありません] 平均タイムの該当データなし（サンプル不足）: 京都 障害 未勝利 2910 稍重
ℹ️ [スキップ/エラーではありません] 平均タイムの該当データなし（サンプル不足）: 阪神 障害 未勝利 2970 良
ℹ️ [スキップ/エラーではありません] 平均タイムの該当データなし（サンプル不足）: 新潟 障害 未勝利 2850 良
ℹ️ [スキップ/エラーではありません] 平均タイムの該当データなし（サンプル不足）: 福島 障害 未勝利 2750 良
ℹ️ [スキップ/エラーではありません] 平均タイムの該当データなし（サンプル不足）: 福島 障害 未勝利 2770 良
ℹ️ [スキップ/エラーではありません] 平均タイムの該当データなし（サンプル不足）: 京都 障害 未勝利 2910 良
ℹ️ [スキップ/エラーではありません] 平均タイムの該当データなし（サンプル不足）: 京都 障害 未勝利 2910 良
ℹ️ [スキップ/エラーではありません] 平均タイムの該当データなし（サンプル不足）: 福島 障害 未勝利 2750 良
ℹ️ [スキップ/エラーではありません] 平均タイムの該当データなし（サンプル不足）: 京都 障害 未勝利 2910 良
ℹ️ [スキップ/エラーではありません] 平均タイムの該当データなし（サンプル不足）: 京都 障害 未勝利 2910 良
ℹ️ [スキップ/エラーではありません] 平均タイムの該当データなし（サンプル不足）: 福島 障害 未勝利 2750 良
ℹ️ [スキップ/エラーではありません] 平均タイムの該当データなし（サンプル不足）: 小倉 障害 未勝利 2860 良
ℹ️ [スキップ/エラーではありません] 平均タイムの該当データなし（サンプル不足）: 新潟 障害 未勝利 2890 稍重
ℹ️ [スキップ/エラーではありません] 平均タイムの該当データなし（サンプル不足）: 福島 障害 未勝利 2770 良
ℹ️ [スキップ/エラーではありません] 平均タイムの該当データなし（サンプル不足）: 中山 ダート 未勝利 1800 不
⚠️ エスポワールシチー: 該当コース(10:芝1800) のデータがありません。
❌ [要確認/エラー] 不明な開催場名: 
⚠️ アドマイヤジャパン: 該当コース(10:芝1800) のデータがありません。
ℹ️ [スキップ/エラーではありません] 平均タイムの該当データなし（サンプル不足）: 中京 障 未勝利 3000 良
ℹ️ [スキップ/エラーではありません] 平均タイムの該当データなし（サンプル不足）: 福島 障 未勝利 2750 良
ℹ️ [スキップ/エラーではありません] 平均タイムの該当データなし（サンプル不足）: 新潟 障 未勝利 2850 良
ℹ️ [スキップ/エラーではありません] 平均タイムの該当データなし（サンプル不足）: 新潟 障 未勝利 2850 良
ℹ️ [スキップ/エラーではありません] 平均タイムの該当データなし（サンプル不足）: 函館 ダート 未勝利 1000 不
ℹ️ [スキップ/エラーではありません] 平均タイムの該当データなし（サンプル不足）: 東京 ダート 2勝クラス 1600 不
出馬表再生成: 20260201
ℹ️ [スキップ/エラーではありません] 指定日に開催なし: 20260201 01_sapporo
ℹ️ [スキップ/エラーではありません] 指定日に開催なし: 20260201 02_hakodate
ℹ️ [スキップ/エラーではありません] 指定日に開催なし: 20260201 03_fukushima
ℹ️ [スキップ/エラーではありません] 指定日に開催なし: 20260201 04_nigata
ℹ️ [スキップ/エラーではありません] 指定日に開催なし: 20260201 06_nakayama
ℹ️ [スキップ/エラーではありません] 指定日に開催なし: 20260201 07_chukyo
ℹ️ [スキップ/エラーではありません] 指定日に開催なし: 20260201 09_hanshin
ℹ️ [スキップ/エラーではありません] 平均タイムの該当データなし（サンプル不足）: 東京 ダート 未勝利 1400 不
ℹ️ [スキップ/エラーではありません] 平均タイムの該当データなし（サンプル不足）: 東京 ダート 新馬 1400 不
ℹ️ [スキップ/エラーではありません] 平均タイムの該当データなし（サンプル不足）: 中山 ダート 1勝クラス 1200 不
ℹ️ [スキップ/エラーではありません] 平均タイムの該当データなし（サンプル不足）: 東京 ダート 1勝クラス 1600 不
ℹ️ [スキップ/エラーではありません] 平均タイムの該当データなし（サンプル不足）: 東京 ダート 未勝利 1600 不
ℹ️ [スキップ/エラーではありません] 平均タイムの該当データなし（サンプル不足）: 東京 ダート 1勝クラス 1600 不
ℹ️ [スキップ/エラーではありません] 平均タイムの該当データなし（サンプル不足）: 東京 ダート 1勝クラス 1600 不
ℹ️ [スキップ/エラーではありません] 平均タイムの該当データなし（サンプル不足）: 中山 ダート 2勝クラス 2400 不
ℹ️ [スキップ/エラーではありません] 平均タイムの該当データなし（サンプル不足）: 東京 ダート 2勝クラス 2100 不
ℹ️ [スキップ/エラーではありません] 平均タイムの該当データなし（サンプル不足）: 中山 ダート 2勝クラス 2400 不
ℹ️ [スキップ/エラーではありません] 平均タイムの該当データなし（サンプル不足）: 東京 ダート 2勝クラス 2100 不
ℹ️ [スキップ/エラーではありません] 平均タイムの該当データなし（サンプル不足）: 京都 芝 2勝クラス 1200 不
ℹ️ [スキップ/エラーではありません] 平均タイムの該当データなし（サンプル不足）: 東京 ダート オープン 1600 不
ℹ️ [スキップ/エラーではありません] 平均タイムの該当データなし（サンプル不足）: 東京 ダート オープン 1400 不
ℹ️ [スキップ/エラーではありません] 平均タイムの該当データなし（サンプル不足）: 福島 障害 オープン 3380 良
ℹ️ [スキップ/エラーではありません] 平均タイムの該当データなし（サンプル不足）: 新潟 障害 オープン 3250 良
ℹ️ [スキップ/エラーではありません] 平均タイムの該当データなし（サンプル不足）: 中京 障害 オープン 3300 良
ℹ️ [スキップ/エラーではありません] 平均タイムの該当データなし（サンプル不足）: 新潟 障害 オープン 2890 稍重
ℹ️ [スキップ/エラーではありません] 平均タイムの該当データなし（サンプル不足）: 東京 ダート 未勝利 1600 不
ℹ️ [スキップ/エラーではありません] 平均タイムの該当データなし（サンプル不足）: 京都 ダート 1勝クラス 1400 不
ℹ️ [スキップ/エラーではありません] 平均タイムの該当データなし（サンプル不足）: 京都 ダート 1勝クラス 1400 不
ℹ️ [スキップ/エラーではありません] 平均タイムの該当データなし（サンプル不足）: 京都 ダート 2勝クラス 1800 不
ℹ️ [スキップ/エラーではありません] 平均タイムの該当データなし（サンプル不足）: 東京 ダート 1勝クラス 1600 不
ℹ️ [スキップ/エラーではありません] 平均タイムの該当データなし（サンプル不足）: 東京 ダート 1勝クラス 1600 不
ℹ️ [スキップ/エラーではありません] 平均タイムの該当データなし（サンプル不足）: 東京 ダート 未勝利 1400 不
ℹ️ [スキップ/エラーではありません] 平均タイムの該当データなし（サンプル不足）: 中京 ダート 未勝利 1400 不
ℹ️ [スキップ/エラーではありません] 平均タイムの該当データなし（サンプル不足）: 福島 障害 未勝利 2750 良
ℹ️ [スキップ/エラーではありません] 平均タイムの該当データなし（サンプル不足）: 新潟 障害 未勝利 2890 良
ℹ️ [スキップ/エラーではありません] 平均タイムの該当データなし（サンプル不足）: 小倉 障害 未勝利 2860 良
ℹ️ [スキップ/エラーではありません] 平均タイムの該当データなし（サンプル不足）: 小倉 障害 未勝利 2860 稍重
ℹ️ [スキップ/エラーではありません] 平均タイムの該当データなし（サンプル不足）: 新潟 障害 未勝利 2850 良
ℹ️ [スキップ/エラーではありません] 平均タイムの該当データなし（サンプル不足）: 京都 障害 未勝利 2910 良
ℹ️ [スキップ/エラーではありません] 平均タイムの該当データなし（サンプル不足）: 中山 障害 未勝利 2880 重
ℹ️ [スキップ/エラーではありません] 平均タイムの該当データなし（サンプル不足）: 福島 障害 未勝利 2770 良
ℹ️ [スキップ/エラーではありません] 平均タイムの該当データなし（サンプル不足）: 福島 障害 未勝利 2770 良
ℹ️ [スキップ/エラーではありません] 平均タイムの該当データなし（サンプル不足）: 中山 障害 未勝利 2880 良
ℹ️ [スキップ/エラーではありません] 平均タイムの該当データなし（サンプル不足）: 東京 ダート 1勝クラス 1600 不
ℹ️ [スキップ/エラーではありません] 平均タイムの該当データなし（サンプル不足）: 京都 ダート 2勝クラス 1800 不
ℹ️ [スキップ/エラーではありません] 平均タイムの該当データなし（サンプル不足）: 福島 障害 未勝利 2770 良
ℹ️ [スキップ/エラーではありません] 平均タイムの該当データなし（サンプル不足）: 東京 ダート オープン 1600 不
ℹ️ [スキップ/エラーではありません] 平均タイムの該当データなし（サンプル不足）: 東京 ダート 未勝利 1600 不
ℹ️ [スキップ/エラーではありません] 平均タイムの該当データなし（サンプル不足）: 札幌 ダート 未勝利 1700 不
ℹ️ [スキップ/エラーではありません] 平均タイムの該当データなし（サンプル不足）: 東京 ダート 1勝クラス 1600 不
ℹ️ [スキップ/エラーではありません] 平均タイムの該当データなし（サンプル不足）: 東京 ダート 1勝クラス 1600 不
ℹ️ [スキップ/エラーではありません] 平均タイムの該当データなし（サンプル不足）: 京都 ダート オープン 1800 不
ℹ️ [スキップ/エラーではありません] 平均タイムの該当データなし（サンプル不足）: 東京 ダート オープン 1600 不
ℹ️ [スキップ/エラーではありません] 平均タイムの該当データなし（サンプル不足）: 京都 ダート 3勝クラス 1800 不
ℹ️ [スキップ/エラーではありません] 平均タイムの該当データなし（サンプル不足）: 新潟 ダート オープン 1800 不
ℹ️ [スキップ/エラーではありません] 平均タイムの該当データなし（サンプル不足）: 小倉 ダート 未勝利 1000 不
ℹ️ [スキップ/エラーではありません] 平均タイムの該当データなし（サンプル不足）: 小倉 ダート 未勝利 1700 不
出馬表再生成: 20260207
ℹ️ [スキップ/エラーではありません] 指定日に開催なし: 20260207 01_sapporo
ℹ️ [スキップ/エラーではありません] 指定日に開催なし: 20260207 02_hakodate
ℹ️ [スキップ/エラーではありません] 指定日に開催なし: 20260207 03_fukushima
ℹ️ [スキップ/エラーではありません] 指定日に開催なし: 20260207 04_nigata
ℹ️ [スキップ/エラーではありません] 指定日に開催なし: 20260207 06_nakayama
ℹ️ [スキップ/エラーではありません] 指定日に開催なし: 20260207 07_chukyo
ℹ️ [スキップ/エラーではありません] 指定日に開催なし: 20260207 09_hanshin
ℹ️ [スキップ/エラーではありません] 平均タイムの該当データなし（サンプル不足）: 中山 ダート 未勝利 1800 不
ℹ️ [スキップ/エラーではありません] 平均タイムの該当データなし（サンプル不足）: 中山 ダート 未勝利 1800 不
ℹ️ [スキップ/エラーではありません] 平均タイムの該当データなし（サンプル不足）: 東京 ダート 新馬 1400 不
ℹ️ [スキップ/エラーではありません] 平均タイムの該当データなし（サンプル不足）: 東京 ダート 未勝利 1600 不
ℹ️ [スキップ/エラーではありません] 平均タイムの該当データなし（サンプル不足）: 札幌 ダート 1勝クラス 1700 不
ℹ️ [スキップ/エラーではありません] 平均タイムの該当データなし（サンプル不足）: 東京 ダート 1勝クラス 1600 不
ℹ️ [スキップ/エラーではありません] 平均タイムの該当データなし（サンプル不足）: 東京 ダート 1勝クラス 1600 不
ℹ️ [スキップ/エラーではありません] 平均タイムの該当データなし（サンプル不足）: 東京 ダート 1勝クラス 1600 不
ℹ️ [スキップ/エラーではありません] 平均タイムの該当データなし（サンプル不足）: 東京 ダート 1勝クラス 1600 不
ℹ️ [スキップ/エラーではありません] 平均タイムの該当データなし（サンプル不足）: 東京 ダート 未勝利 1400 不
ℹ️ [スキップ/エラーではありません] レース結果データなし（未確定）: 202605010308
ℹ️ [スキップ/エラーではありません] 配当結果データなし（未確定）: 202605010308
ℹ️ [スキップ/エラーではありません] 平均タイムの該当データなし（サンプル不足）: 東京 ダート 1勝クラス 1600 不
ℹ️ [スキップ/エラーではありません] 平均タイムの該当データなし（サンプル不足）: 東京 ダート 2勝クラス 1600 不
ℹ️ [スキップ/エラーではありません] レース結果データなし（未確定）: 202605010309
ℹ️ [スキップ/エラーではありません] 配当結果データなし（未確定）: 202605010309
ℹ️ [スキップ/エラーではありません] レース結果データなし（未確定）: 202605010310
ℹ️ [スキップ/エラーではありません] 配当結果データなし（未確定）: 202605010310
ℹ️ [スキップ/エラーではありません] レース結果データなし（未確定）: 202605010311
ℹ️ [スキップ/エラーではありません] 配当結果データなし（未確定）: 202605010311
ℹ️ [スキップ/エラーではありません] 平均タイムの該当データなし（サンプル不足）: 京都 ダート 3勝クラス 1800 不
ℹ️ [スキップ/エラーではありません] レース結果データなし（未確定）: 202605010312
ℹ️ [スキップ/エラーではありません] 配当結果データなし（未確定）: 202605010312
ℹ️ [スキップ/エラーではありません] 平均タイムの該当データなし（サンプル不足）: 新潟 ダート 1勝クラス 1800 不
⚠️ Unified: 該当コース(5:ダート1600) のデータがありません。
ℹ️ [スキップ/エラーではありません] 平均タイムの該当データなし（サンプル不足）: 京都 ダート 3勝クラス 1200 不
ℹ️ [スキップ/エラーではありません] 平均タイムの該当データなし（サンプル不足）: 京都 ダート 3勝クラス 1200 不
ℹ️ [スキップ/エラーではありません] 平均タイムの該当データなし（サンプル不足）: 京都 ダート 3勝クラス 1200 不
ℹ️ [スキップ/エラーではありません] 平均タイムの該当データなし（サンプル不足）: 京都 ダート 3勝クラス 1200 不
ℹ️ [スキップ/エラーではありません] 平均タイムの該当データなし（サンプル不足）: 京都 ダート 3勝クラス 1200 不
ℹ️ [スキップ/エラーではありません] 平均タイムの該当データなし（サンプル不足）: 新潟 ダート オープン 1800 不
ℹ️ [スキップ/エラーではありません] 平均タイムの該当データなし（サンプル不足）: 阪神 障害 未勝利 2970 良
ℹ️ [スキップ/エラーではありません] 平均タイムの該当データなし（サンプル不足）: 中京 障害 未勝利 3000 良
ℹ️ [スキップ/エラーではありません] 平均タイムの該当データなし（サンプル不足）: 阪神 障害 未勝利 2970 良
ℹ️ [スキップ/エラーではありません] 平均タイムの該当データなし（サンプル不足）: 東京 ダート 1勝クラス 1600 不
ℹ️ [スキップ/エラーではありません] 平均タイムの該当データなし（サンプル不足）: 京都 ダート 1勝クラス 1400 不
ℹ️ [スキップ/エラーではありません] 平均タイムの該当データなし（サンプル不足）: 中山 ダート 未勝利 1200 不
ℹ️ [スキップ/エラーではありません] 平均タイムの該当データなし（サンプル不足）: 中山 障害 未勝利 2880 良
ℹ️ [スキップ/エラーではありません] 平均タイムの該当データなし（サンプル不足）: 福島 障害 未勝利 2750 良
ℹ️ [スキップ/エラーではありません] 平均タイムの該当データなし（サンプル不足）: 東京 障害 未勝利 3000 良
ℹ️ [スキップ/エラーではありません] 平均タイムの該当データなし（サンプル不足）: 中京 障害 未勝利 3000 良
ℹ️ [スキップ/エラーではありません] 平均タイムの該当データなし（サンプル不足）: 小倉 障害 未勝利 2860 稍重
ℹ️ [スキップ/エラーではありません] 平均タイムの該当データなし（サンプル不足）: 中山 障害 未勝利 2880 重
ℹ️ [スキップ/エラーではありません] 平均タイムの該当データなし（サンプル不足）: 新潟 ダート 1勝クラス 1800 不
ℹ️ [スキップ/エラーではありません] 平均タイムの該当データなし（サンプル不足）: 東京 ダート 1勝クラス 1600 不
ℹ️ [スキップ/エラーではありません] 平均タイムの該当データなし（サンプル不足）: 中山 障害 未勝利 2880 良
ℹ️ [スキップ/エラーではありません] 平均タイムの該当データなし（サンプル不足）: 東京 障害 未勝利 3000 稍重
ℹ️ [スキップ/エラーではありません] 平均タイムの該当データなし（サンプル不足）: 東京 障害 未勝利 3000 良
ℹ️ [スキップ/エラーではありません] 平均タイムの該当データなし（サンプル不足）: 新潟 障害 未勝利 2850 良
ℹ️ [スキップ/エラーではありません] 平均タイムの該当データなし（サンプル不足）: 福島 障害 未勝利 2750 良
ℹ️ [スキップ/エラーではありません] 平均タイムの該当データなし（サンプル不足）: 新潟 障害 未勝利 2850 良
ℹ️ [スキップ/エラーではありません] 平均タイムの該当データなし（サンプル不足）: 新潟 障害 未勝利 2850 良
ℹ️ [スキップ/エラーではありません] 平均タイムの該当データなし（サンプル不足）: 新潟 障害 未勝利 2890 稍重
ℹ️ [スキップ/エラーではありません] 平均タイムの該当データなし（サンプル不足）: 中山 障害 未勝利 2880 良
ℹ️ [スキップ/エラーではありません] 平均タイムの該当データなし（サンプル不足）: 京都 障害 未勝利 2910 良
ℹ️ [スキップ/エラーではありません] 平均タイムの該当データなし（サンプル不足）: 小倉 障害 未勝利 2860 良
ℹ️ [スキップ/エラーではありません] 平均タイムの該当データなし（サンプル不足）: 福島 障害 未勝利 2750 良
ℹ️ [スキップ/エラーではありません] 平均タイムの該当データなし（サンプル不足）: 京都 障害 未勝利 2910 良
ℹ️ [スキップ/エラーではありません] 平均タイムの該当データなし（サンプル不足）: 新潟 障害 未勝利 2850 良
ℹ️ [スキップ/エラーではありません] 平均タイムの該当データなし（サンプル不足）: 福島 障害 未勝利 2750 良
ℹ️ [スキップ/エラーではありません] 平均タイムの該当データなし（サンプル不足）: 中山 障害 未勝利 2880 稍重
ℹ️ [スキップ/エラーではありません] 平均タイムの該当データなし（サンプル不足）: 阪神 障害 未勝利 2970 良
ℹ️ [スキップ/エラーではありません] 平均タイムの該当データなし（サンプル不足）: 新潟 障害 未勝利 2890 稍重
ℹ️ [スキップ/エラーではありません] 平均タイムの該当データなし（サンプル不足）: 小倉 障害 未勝利 2860 稍重
ℹ️ [スキップ/エラーではありません] 平均タイムの該当データなし（サンプル不足）: 京都 障害 未勝利 2910 良
ℹ️ [スキップ/エラーではありません] 平均タイムの該当データなし（サンプル不足）: 中山 障害 未勝利 2880 良
ℹ️ [スキップ/エラーではありません] 平均タイムの該当データなし（サンプル不足）: 阪神 障害 未勝利 2970 良
ℹ️ [スキップ/エラーではありません] 平均タイムの該当データなし（サンプル不足）: 福島 障害 未勝利 2770 良
ℹ️ [スキップ/エラーではありません] 平均タイムの該当データなし（サンプル不足）: 新潟 障害 未勝利 2890 稍重
ℹ️ [スキップ/エラーではありません] 平均タイムの該当データなし（サンプル不足）: 中山 障害 未勝利 2880 良
ℹ️ [スキップ/エラーではありません] 平均タイムの該当データなし（サンプル不足）: 中山 障害 未勝利 2880 稍重
ℹ️ [スキップ/エラーではありません] 平均タイムの該当データなし（サンプル不足）: 京都 障害 未勝利 2910 良
ℹ️ [スキップ/エラーではありません] 平均タイムの該当データなし（サンプル不足）: 福島 障害 未勝利 2770 良
ℹ️ [スキップ/エラーではありません] 平均タイムの該当データなし（サンプル不足）: 中山 障害 未勝利 2880 稍重
ℹ️ [スキップ/エラーではありません] 平均タイムの該当データなし（サンプル不足）: 京都 障害 未勝利 2910 良
ℹ️ [スキップ/エラーではありません] 平均タイムの該当データなし（サンプル不足）: 阪神 障害 未勝利 2970 良
ℹ️ [スキップ/エラーではありません] 平均タイムの該当データなし（サンプル不足）: 小倉 障害 未勝利 2860 良
ℹ️ [スキップ/エラーではありません] 平均タイムの該当データなし（サンプル不足）: 小倉 障害 未勝利 2860 良
ℹ️ [スキップ/エラーではありません] 平均タイムの該当データなし（サンプル不足）: 福島 障害 未勝利 2770 良
ℹ️ [スキップ/エラーではありません] 平均タイムの該当データなし（サンプル不足）: 福島 障害 未勝利 2750 良
ℹ️ [スキップ/エラーではありません] 平均タイムの該当データなし（サンプル不足）: 阪神 障害 未勝利 2970 良
ℹ️ [スキップ/エラーではありません] 平均タイムの該当データなし（サンプル不足）: 中山 障害 未勝利 2880 稍重
ℹ️ [スキップ/エラーではありません] 平均タイムの該当データなし（サンプル不足）: 中山 障害 未勝利 2880 良
ℹ️ [スキップ/エラーではありません] 平均タイムの該当データなし（サンプル不足）: 阪神 障害 未勝利 2970 良
ℹ️ [スキップ/エラーではありません] 平均タイムの該当データなし（サンプル不足）: 福島 障害 未勝利 2770 良
ℹ️ [スキップ/エラーではありません] 平均タイムの該当データなし（サンプル不足）: 京都 障害 未勝利 2910 稍重
ℹ️ [スキップ/エラーではありません] 平均タイムの該当データなし（サンプル不足）: 新潟 障害 未勝利 2850 良
ℹ️ [スキップ/エラーではありません] 平均タイムの該当データなし（サンプル不足）: 新潟 障害 未勝利 2890 稍重
ℹ️ [スキップ/エラーではありません] 平均タイムの該当データなし（サンプル不足）: 小倉 障害 未勝利 2860 良
ℹ️ [スキップ/エラーではありません] 平均タイムの該当データなし（サンプル不足）: 阪神 障害 未勝利 2970 良
ℹ️ [スキップ/エラーではありません] 平均タイムの該当データなし（サンプル不足）: 東京 障害 未勝利 3000 稍重
ℹ️ [スキップ/エラーではありません] 平均タイムの該当データなし（サンプル不足）: 中山 障害 未勝利 2880 良
ℹ️ [スキップ/エラーではありません] 平均タイムの該当データなし（サンプル不足）: 中山 障害 未勝利 2880 良
ℹ️ [スキップ/エラーではありません] 平均タイムの該当データなし（サンプル不足）: 福島 障害 未勝利 2770 良
❌ [要確認/エラー] 不明な開催場名: 
ℹ️ [スキップ/エラーではありません] 平均タイムの該当データなし（サンプル不足）: 中山 障害 未勝利 2880 良
ℹ️ [スキップ/エラーではありません] 平均タイムの該当データなし（サンプル不足）: 中山 障害 未勝利 2880 良
ℹ️ [スキップ/エラーではありません] 平均タイムの該当データなし（サンプル不足）: 京都 芝 1勝クラス 2000 不
ℹ️ [スキップ/エラーではありません] 平均タイムの該当データなし（サンプル不足）: 札幌 ダート 1勝クラス 1700 不
ℹ️ [スキップ/エラーではありません] 平均タイムの該当データなし（サンプル不足）: 中京 芝 未勝利 1600 不
ℹ️ [スキップ/エラーではありません] 平均タイムの該当データなし（サンプル不足）: 京都 ダート 1勝クラス 1400 不
出馬表再生成: 20260208
ℹ️ [スキップ/エラーではありません] 指定日に開催なし: 20260208 01_sapporo
ℹ️ [スキップ/エラーではありません] 指定日に開催なし: 20260208 02_hakodate
ℹ️ [スキップ/エラーではありません] 指定日に開催なし: 20260208 03_fukushima
ℹ️ [スキップ/エラーではありません] 指定日に開催なし: 20260208 04_nigata
ℹ️ [スキップ/エラーではありません] 指定日に開催なし: 20260208 05_tokyo
ℹ️ [スキップ/エラーではありません] 指定日に開催なし: 20260208 06_nakayama
ℹ️ [スキップ/エラーではありません] 指定日に開催なし: 20260208 07_chukyo
ℹ️ [スキップ/エラーではありません] 指定日に開催なし: 20260208 08_kyoto
ℹ️ [スキップ/エラーではありません] 指定日に開催なし: 20260208 09_hanshin
ℹ️ [スキップ/エラーではありません] 平均タイムの該当データなし（サンプル不足）: 中山 ダート 未勝利 1800 不
ℹ️ [スキップ/エラーではありません] 平均タイムの該当データなし（サンプル不足）: 東京 ダート 未勝利 1600 不
ℹ️ [スキップ/エラーではありません] 平均タイムの該当データなし（サンプル不足）: 東京 ダート 未勝利 1400 不
ℹ️ [スキップ/エラーではありません] 平均タイムの該当データなし（サンプル不足）: 小倉 ダート 1勝クラス 1000 不
ℹ️ [スキップ/エラーではありません] 平均タイムの該当データなし（サンプル不足）: 東京 ダート 1勝クラス 1400 不
ℹ️ [スキップ/エラーではありません] 平均タイムの該当データなし（サンプル不足）: 札幌 ダート 1勝クラス 1000 不
ℹ️ [スキップ/エラーではありません] レース結果データなし（未確定）: 202610010604
ℹ️ [スキップ/エラーではありません] 配当結果データなし（未確定）: 202610010604
ℹ️ [スキップ/エラーではありません] 平均タイムの該当データなし（サンプル不足）: 中山 障害 未勝利 2880 良
ℹ️ [スキップ/エラーではありません] 平均タイムの該当データなし（サンプル不足）: 中山 障害 未勝利 2880 稍重
ℹ️ [スキップ/エラーではありません] 平均タイムの該当データなし（サンプル不足）: 中山 障害 未勝利 2880 稍重
ℹ️ [スキップ/エラーではありません] 平均タイムの該当データなし（サンプル不足）: 新潟 障害 未勝利 2890 稍重
ℹ️ [スキップ/エラーではありません] 平均タイムの該当データなし（サンプル不足）: 京都 障害 未勝利 2910 良
ℹ️ [スキップ/エラーではありません] 平均タイムの該当データなし（サンプル不足）: 京都 障害 未勝利 2910 稍重
ℹ️ [スキップ/エラーではありません] 平均タイムの該当データなし（サンプル不足）: 中山 障害 未勝利 2880 稍重
ℹ️ [スキップ/エラーではありません] 平均タイムの該当データなし（サンプル不足）: 小倉 障害 未勝利 2860 良
ℹ️ [スキップ/エラーではありません] 平均タイムの該当データなし（サンプル不足）: 福島 障害 未勝利 2770 良
ℹ️ [スキップ/エラーではありません] 平均タイムの該当データなし（サンプル不足）: 福島 障害 未勝利 2750 良
ℹ️ [スキップ/エラーではありません] 平均タイムの該当データなし（サンプル不足）: 小倉 障害 未勝利 2860 良
ℹ️ [スキップ/エラーではありません] 平均タイムの該当データなし（サンプル不足）: 新潟 障害 未勝利 2890 良
ℹ️ [スキップ/エラーではありません] 平均タイムの該当データなし（サンプル不足）: 東京 障害 未勝利 3000 稍重
ℹ️ [スキップ/エラーではありません] 平均タイムの該当データなし（サンプル不足）: 中山 障害 未勝利 2880 良
ℹ️ [スキップ/エラーではありません] 平均タイムの該当データなし（サンプル不足）: 新潟 障害 未勝利 2890 良
ℹ️ [スキップ/エラーではありません] 平均タイムの該当データなし（サンプル不足）: 福島 障害 未勝利 2750 良
ℹ️ [スキップ/エラーではありません] 平均タイムの該当データなし（サンプル不足）: 阪神 障害 未勝利 2970 良
ℹ️ [スキップ/エラーではありません] 平均タイムの該当データなし（サンプル不足）: 京都 障害 未勝利 2910 良
ℹ️ [スキップ/エラーではありません] 平均タイムの該当データなし（サンプル不足）: 東京 障害 未勝利 3000 良
ℹ️ [スキップ/エラーではありません] 平均タイムの該当データなし（サンプル不足）: 阪神 障害 未勝利 2970 良
ℹ️ [スキップ/エラーではありません] 平均タイムの該当データなし（サンプル不足）: 阪神 障害 未勝利 2970 良
ℹ️ [スキップ/エラーではありません] 平均タイムの該当データなし（サンプル不足）: 京都 障害 未勝利 2910 良
ℹ️ [スキップ/エラーではありません] 平均タイムの該当データなし（サンプル不足）: 阪神 障害 未勝利 2970 良
ℹ️ [スキップ/エラーではありません] 平均タイムの該当データなし（サンプル不足）: 中山 障害 未勝利 2880 良
ℹ️ [スキップ/エラーではありません] 平均タイムの該当データなし（サンプル不足）: 中山 障害 未勝利 2880 良
ℹ️ [スキップ/エラーではありません] 平均タイムの該当データなし（サンプル不足）: 中山 ダート 未勝利 1200 不
ℹ️ [スキップ/エラーではありません] 平均タイムの該当データなし（サンプル不足）: 小倉 障害 未勝利 2860 良
ℹ️ [スキップ/エラーではありません] 平均タイムの該当データなし（サンプル不足）: 福島 障害 未勝利 2750 良
ℹ️ [スキップ/エラーではありません] 平均タイムの該当データなし（サンプル不足）: 札幌 ダート 未勝利 1700 不
ℹ️ [スキップ/エラーではありません] 平均タイムの該当データなし（サンプル不足）: 京都 芝 未勝利 1600 不
ℹ️ [スキップ/エラーではありません] 平均タイムの該当データなし（サンプル不足）: 東京 ダート 2勝クラス 1600 不
ℹ️ [スキップ/エラーではありません] 平均タイムの該当データなし（サンプル不足）: 京都 ダート 未勝利 1400 不
ℹ️ [スキップ/エラーではありません] 平均タイムの該当データなし（サンプル不足）: 札幌 ダート 1勝クラス 1700 不
ℹ️ [スキップ/エラーではありません] 平均タイムの該当データなし（サンプル不足）: 東京 ダート 1勝クラス 1600 不
ℹ️ [スキップ/エラーではありません] 平均タイムの該当データなし（サンプル不足）: 新潟 ダート オープン 1800 不
ℹ️ [スキップ/エラーではありません] 平均タイムの該当データなし（サンプル不足）: 中京 障害 未勝利 3000 良
ℹ️ [スキップ/エラーではありません] 平均タイムの該当データなし（サンプル不足）: 新潟 障害 未勝利 2890 良
ℹ️ [スキップ/エラーではありません] 平均タイムの該当データなし（サンプル不足）: 新潟 障害 未勝利 2890 良
ℹ️ [スキップ/エラーではありません] 平均タイムの該当データなし（サンプル不足）: 京都 ダート 1勝クラス 1400 不
出馬表再生成: 20260214
ℹ️ [スキップ/エラーではありません] 指定日に開催なし: 20260214 01_sapporo
ℹ️ [スキップ/エラーではありません] 指定日に開催なし: 20260214 02_hakodate
ℹ️ [スキップ/エラーではありません] 指定日に開催なし: 20260214 03_fukushima
ℹ️ [スキップ/エラーではありません] 指定日に開催なし: 20260214 04_nigata
ℹ️ [スキップ/エラーではありません] 指定日に開催なし: 20260214 06_nakayama
ℹ️ [スキップ/エラーではありません] 指定日に開催なし: 20260214 07_chukyo
ℹ️ [スキップ/エラーではありません] 指定日に開催なし: 20260214 09_hanshin
ℹ️ [スキップ/エラーではありません] 平均タイムの該当データなし（サンプル不足）: 中山 ダート 1勝クラス 2400 不
ℹ️ [スキップ/エラーではありません] 平均タイムの該当データなし（サンプル不足）: 中山 ダート 1勝クラス 2400 不
ℹ️ [スキップ/エラーではありません] 平均タイムの該当データなし（サンプル不足）: 新潟 ダート 1勝クラス 1800 不
ℹ️ [スキップ/エラーではありません] レース結果データなし（未確定）: 202605010308
ℹ️ [スキップ/エラーではありません] レース結果データなし（未確定）: 202605010312
ℹ️ [スキップ/エラーではありません] 平均タイムの該当データなし（サンプル不足）: 東京 ダート 未勝利 1600 不
ℹ️ [スキップ/エラーではありません] 平均タイムの該当データなし（サンプル不足）: 東京 ダート 未勝利 1600 不
ℹ️ [スキップ/エラーではありません] レース結果データなし（未確定）: 202605010309
ℹ️ [スキップ/エラーではありません] レース結果データなし（未確定）: 202605010310
ℹ️ [スキップ/エラーではありません] 平均タイムの該当データなし（サンプル不足）: 東京 ダート 新馬 1400 不
ℹ️ [スキップ/エラーではありません] レース結果データなし（未確定）: 202605010309
ℹ️ [スキップ/エラーではありません] レース結果データなし（未確定）: 202605010310
ℹ️ [スキップ/エラーではありません] レース結果データなし（未確定）: 202605010308
ℹ️ [スキップ/エラーではありません] レース結果データなし（未確定）: 202605010312
ℹ️ [スキップ/エラーではありません] 平均タイムの該当データなし（サンプル不足）: 新潟 ダート 1勝クラス 1800 不
ℹ️ [スキップ/エラーではありません] 平均タイムの該当データなし（サンプル不足）: 東京 ダート 1勝クラス 1600 不
ℹ️ [スキップ/エラーではありません] 平均タイムの該当データなし（サンプル不足）: 東京 ダート 2勝クラス 1600 不
ℹ️ [スキップ/エラーではありません] 平均タイムの該当データなし（サンプル不足）: 東京 ダート 1勝クラス 1600 不
ℹ️ [スキップ/エラーではありません] レース結果データなし（未確定）: 202605010311
ℹ️ [スキップ/エラーではありません] 平均タイムの該当データなし（サンプル不足）: 東京 ダート 1勝クラス 1400 不
ℹ️ [スキップ/エラーではありません] 平均タイムの該当データなし（サンプル不足）: 京都 ダート 3勝クラス 1200 不
ℹ️ [スキップ/エラーではありません] 平均タイムの該当データなし（サンプル不足）: 東京 ダート 1勝クラス 1600 不
ℹ️ [スキップ/エラーではありません] 平均タイムの該当データなし（サンプル不足）: 東京 ダート 1勝クラス 1600 不
ℹ️ [スキップ/エラーではありません] 平均タイムの該当データなし（サンプル不足）: 中山 ダート 未勝利 1800 不
ℹ️ [スキップ/エラーではありません] 平均タイムの該当データなし（サンプル不足）: 京都 ダート 未勝利 1200 不
ℹ️ [スキップ/エラーではありません] 平均タイムの該当データなし（サンプル不足）: 東京 ダート 新馬 1400 不
❌ [要確認/エラー] 不明な開催場名: 
ℹ️ [スキップ/エラーではありません] 平均タイムの該当データなし（サンプル不足）: 東京 ダート 未勝利 1300 不
ℹ️ [スキップ/エラーではありません] 平均タイムの該当データなし（サンプル不足）: 京都 芝 1勝クラス 2000 不
ℹ️ [スキップ/エラーではありません] 平均タイムの該当データなし（サンプル不足）: 京都 ダート 3勝クラス 1800 不
ℹ️ [スキップ/エラーではありません] 平均タイムの該当データなし（サンプル不足）: 中京 ダート 未勝利 1400 不
ℹ️ [スキップ/エラーではありません] 平均タイムの該当データなし（サンプル不足）: 京都 ダート 未勝利 1200 不
ℹ️ [スキップ/エラーではありません] レース結果データなし（未確定）: 202610010604
ℹ️ [スキップ/エラーではありません] 平均タイムの該当データなし（サンプル不足）: 東京 障害 未勝利 3000 稍重
ℹ️ [スキップ/エラーではありません] 平均タイムの該当データなし（サンプル不足）: 中山 障害 未勝利 2880 良
ℹ️ [スキップ/エラーではありません] 平均タイムの該当データなし（サンプル不足）: 新潟 障害 未勝利 2890 良
ℹ️ [スキップ/エラーではありません] 平均タイムの該当データなし（サンプル不足）: 阪神 障害 未勝利 2970 良
ℹ️ [スキップ/エラーではありません] 平均タイムの該当データなし（サンプル不足）: 京都 障害 未勝利 2910 良
ℹ️ [スキップ/エラーではありません] 平均タイムの該当データなし（サンプル不足）: 東京 障害 未勝利 3000 良
ℹ️ [スキップ/エラーではありません] 平均タイムの該当データなし（サンプル不足）: 小倉 障害 未勝利 2860 良
ℹ️ [スキップ/エラーではありません] 平均タイムの該当データなし（サンプル不足）: 京都 障害 未勝利 2910 良
ℹ️ [スキップ/エラーではありません] 平均タイムの該当データなし（サンプル不足）: 阪神 障害 未勝利 2970 良
ℹ️ [スキップ/エラーではありません] 平均タイムの該当データなし（サンプル不足）: 新潟 障害 未勝利 2850 良
ℹ️ [スキップ/エラーではありません] 平均タイムの該当データなし（サンプル不足）: 中山 障害 未勝利 2880 良
ℹ️ [スキップ/エラーではありません] 平均タイムの該当データなし（サンプル不足）: 阪神 障害 未勝利 2970 良
ℹ️ [スキップ/エラーではありません] 平均タイムの該当データなし（サンプル不足）: 京都 障害 未勝利 2910 良
ℹ️ [スキップ/エラーではありません] 平均タイムの該当データなし（サンプル不足）: 阪神 障害 未勝利 2970 良
ℹ️ [スキップ/エラーではありません] 平均タイムの該当データなし（サンプル不足）: 中山 障害 未勝利 2880 良
ℹ️ [スキップ/エラーではありません] 平均タイムの該当データなし（サンプル不足）: 中山 障害 未勝利 2880 稍重
ℹ️ [スキップ/エラーではありません] 平均タイムの該当データなし（サンプル不足）: 小倉 障害 未勝利 2860 良
ℹ️ [スキップ/エラーではありません] 平均タイムの該当データなし（サンプル不足）: 福島 障害 未勝利 2770 良
ℹ️ [スキップ/エラーではありません] 平均タイムの該当データなし（サンプル不足）: 福島 障害 未勝利 2750 良
ℹ️ [スキップ/エラーではありません] 平均タイムの該当データなし（サンプル不足）: 小倉 障害 未勝利 2860 良
ℹ️ [スキップ/エラーではありません] 平均タイムの該当データなし（サンプル不足）: 新潟 障害 未勝利 2890 良
ℹ️ [スキップ/エラーではありません] 平均タイムの該当データなし（サンプル不足）: 小倉 障害 未勝利 2860 良
ℹ️ [スキップ/エラーではありません] 平均タイムの該当データなし（サンプル不足）: 福島 障害 未勝利 2750 良
ℹ️ [スキップ/エラーではありません] 平均タイムの該当データなし（サンプル不足）: 福島 障害 未勝利 2770 良
ℹ️ [スキップ/エラーではありません] 平均タイムの該当データなし（サンプル不足）: 中山 障害 未勝利 2880 良
ℹ️ [スキップ/エラーではありません] 平均タイムの該当データなし（サンプル不足）: 福島 障害 未勝利 2750 良
ℹ️ [スキップ/エラーではありません] 平均タイムの該当データなし（サンプル不足）: 東京 障害 未勝利 3000 良
ℹ️ [スキップ/エラーではありません] 平均タイムの該当データなし（サンプル不足）: 中山 障害 未勝利 2880 良
ℹ️ [スキップ/エラーではありません] 平均タイムの該当データなし（サンプル不足）: 中京 障害 未勝利 3000 良
ℹ️ [スキップ/エラーではありません] 平均タイムの該当データなし（サンプル不足）: 阪神 障害 未勝利 2970 良
ℹ️ [スキップ/エラーではありません] 平均タイムの該当データなし（サンプル不足）: 福島 障害 未勝利 2750 良
ℹ️ [スキップ/エラーではありません] 平均タイムの該当データなし（サンプル不足）: 小倉 障害 未勝利 2860 良
ℹ️ [スキップ/エラーではありません] 平均タイムの該当データなし（サンプル不足）: 中山 障害 未勝利 2880 良
ℹ️ [スキップ/エラーではありません] 平均タイムの該当データなし（サンプル不足）: 阪神 障害 未勝利 2970 稍重
ℹ️ [スキップ/エラーではありません] 平均タイムの該当データなし（サンプル不足）: 札幌 ダート 未勝利 1700 不
ℹ️ [スキップ/エラーではありません] 平均タイムの該当データなし（サンプル不足）: 札幌 ダート 未勝利 1700 不
ℹ️ [スキップ/エラーではありません] 平均タイムの該当データなし（サンプル不足）: 中山 障害 オープン 4100 良
ℹ️ [スキップ/エラーではありません] 平均タイムの該当データなし（サンプル不足）: 東京 障害 オープン 3110 良
ℹ️ [スキップ/エラーではありません] 平均タイムの該当データなし（サンプル不足）: 阪神 障害 オープン 3140 良
ℹ️ [スキップ/エラーではありません] 平均タイムの該当データなし（サンプル不足）: 東京 障害 オープン 3110 良
ℹ️ [スキップ/エラーではありません] 平均タイムの該当データなし（サンプル不足）: 中山 障害 オープン 4260 良
ℹ️ [スキップ/エラーではありません] 平均タイムの該当データなし（サンプル不足）: 京都 障害 オープン 3170 良
ℹ️ [スキップ/エラーではありません] 平均タイムの該当データなし（サンプル不足）: 新潟 障害 オープン 3250 良
ℹ️ [スキップ/エラーではありません] 平均タイムの該当データなし（サンプル不足）: 新潟 障害 オープン 2890 稍重
ℹ️ [スキップ/エラーではありません] 平均タイムの該当データなし（サンプル不足）: 小倉 障害 オープン 3390 良
ℹ️ [スキップ/エラーではありません] 平均タイムの該当データなし（サンプル不足）: 福島 障害 オープン 3380 良
ℹ️ [スキップ/エラーではありません] 平均タイムの該当データなし（サンプル不足）: 小倉 障害 オープン 3390 良
ℹ️ [スキップ/エラーではありません] 平均タイムの該当データなし（サンプル不足）: 阪神 障害 オープン 3110 良
ℹ️ [スキップ/エラーではありません] 平均タイムの該当データなし（サンプル不足）: 京都 障害 オープン 3170 良
ℹ️ [スキップ/エラーではありません] 平均タイムの該当データなし（サンプル不足）: 阪神 障害 オープン 3140 良
ℹ️ [スキップ/エラーではありません] 平均タイムの該当データなし（サンプル不足）: 阪神 障害 未勝利 2970 良
ℹ️ [スキップ/エラーではありません] 平均タイムの該当データなし（サンプル不足）: 中山 障害 オープン 3350 良
ℹ️ [スキップ/エラーではありません] 平均タイムの該当データなし（サンプル不足）: 小倉 障害 オープン 3390 良
ℹ️ [スキップ/エラーではありません] 平均タイムの該当データなし（サンプル不足）: 東京 障害 オープン 3110 良
ℹ️ [スキップ/エラーではありません] 平均タイムの該当データなし（サンプル不足）: 京都 障害 オープン 3170 良
ℹ️ [スキップ/エラーではありません] 平均タイムの該当データなし（サンプル不足）: 中山 障害 未勝利 2880 良
ℹ️ [スキップ/エラーではありません] 平均タイムの該当データなし（サンプル不足）: 中京 障害 未勝利 3000 良
ℹ️ [スキップ/エラーではありません] 平均タイムの該当データなし（サンプル不足）: 新潟 障害 未勝利 2890 稍重
ℹ️ [スキップ/エラーではありません] 平均タイムの該当データなし（サンプル不足）: 新潟 障害 未勝利 2890 稍重
ℹ️ [スキップ/エラーではありません] 平均タイムの該当データなし（サンプル不足）: 京都 障害 未勝利 2910 良
ℹ️ [スキップ/エラーではありません] 平均タイムの該当データなし（サンプル不足）: 阪神 障害 未勝利 2970 良
ℹ️ [スキップ/エラーではありません] 平均タイムの該当データなし（サンプル不足）: 京都 障害 未勝利 2910 良
ℹ️ [スキップ/エラーではありません] 平均タイムの該当データなし（サンプル不足）: 中京 障害 未勝利 3000 良
ℹ️ [スキップ/エラーではありません] 平均タイムの該当データなし（サンプル不足）: 中京 障害 未勝利 3000 良
ℹ️ [スキップ/エラーではありません] 平均タイムの該当データなし（サンプル不足）: 東京 障害 オープン 3110 良
ℹ️ [スキップ/エラーではありません] 平均タイムの該当データなし（サンプル不足）: 小倉 障害 オープン 3390 良
ℹ️ [スキップ/エラーではありません] 平均タイムの該当データなし（サンプル不足）: 京都 障害 オープン 3170 良
ℹ️ [スキップ/エラーではありません] 平均タイムの該当データなし（サンプル不足）: 東京 障害 オープン 3110 良
ℹ️ [スキップ/エラーではありません] 平均タイムの該当データなし（サンプル不足）: 東京 障害 オープン 3110 稍重
ℹ️ [スキップ/エラーではありません] 平均タイムの該当データなし（サンプル不足）: 小倉 障害 オープン 2860 良
ℹ️ [スキップ/エラーではありません] 平均タイムの該当データなし（サンプル不足）: 福島 障害 オープン 3380 良
ℹ️ [スキップ/エラーではありません] 平均タイムの該当データなし（サンプル不足）: 京都 障害 オープン 3170 良
ℹ️ [スキップ/エラーではありません] 平均タイムの該当データなし（サンプル不足）: 中山 障害 オープン 3210 稍重
ℹ️ [スキップ/エラーではありません] 平均タイムの該当データなし（サンプル不足）: 新潟 障害 オープン 3250 良
ℹ️ [スキップ/エラーではありません] 平均タイムの該当データなし（サンプル不足）: 小倉 障害 オープン 3390 良
ℹ️ [スキップ/エラーではありません] 平均タイムの該当データなし（サンプル不足）: 福島 障害 オープン 3380 良
ℹ️ [スキップ/エラーではありません] 平均タイムの該当データなし（サンプル不足）: 新潟 障害 オープン 3250 良
ℹ️ [スキップ/エラーではありません] 平均タイムの該当データなし（サンプル不足）: 新潟 障害 オープン 2850 良
ℹ️ [スキップ/エラーではありません] 平均タイムの該当データなし（サンプル不足）: 新潟 障害 オープン 3290 良
ℹ️ [スキップ/エラーではありません] 平均タイムの該当データなし（サンプル不足）: 京都 障害 オープン 3930 良
ℹ️ [スキップ/エラーではありません] 平均タイムの該当データなし（サンプル不足）: 中山 障害 オープン 3350 良
ℹ️ [スキップ/エラーではありません] 平均タイムの該当データなし（サンプル不足）: 小倉 障害 オープン 3390 良
ℹ️ [スキップ/エラーではありません] 平均タイムの該当データなし（サンプル不足）: 小倉 障害 オープン 2860 稍重
ℹ️ [スキップ/エラーではありません] 平均タイムの該当データなし（サンプル不足）: 小倉 障害 オープン 3390 良
ℹ️ [スキップ/エラーではありません] 平均タイムの該当データなし（サンプル不足）: 京都 障害 オープン 3170 良
ℹ️ [スキップ/エラーではありません] 平均タイムの該当データなし（サンプル不足）: 中京 障害 オープン 3300 良
ℹ️ [スキップ/エラーではありません] 平均タイムの該当データなし（サンプル不足）: 京都 障害 オープン 3930 不
ℹ️ [スキップ/エラーではありません] 平均タイムの該当データなし（サンプル不足）: 阪神 障害 オープン 3140 良
ℹ️ [スキップ/エラーではありません] 平均タイムの該当データなし（サンプル不足）: 中山 障害 オープン 3200 良
ℹ️ [スキップ/エラーではありません] 平均タイムの該当データなし（サンプル不足）: 福島 障害 オープン 3380 良
ℹ️ [スキップ/エラーではありません] 平均タイムの該当データなし（サンプル不足）: 京都 障害 オープン 3170 良
ℹ️ [スキップ/エラーではありません] 平均タイムの該当データなし（サンプル不足）: 福島 障害 オープン 3380 良
ℹ️ [スキップ/エラーではありません] 平均タイムの該当データなし（サンプル不足）: 新潟 障害 オープン 3290 良
ℹ️ [スキップ/エラーではありません] 平均タイムの該当データなし（サンプル不足）: 小倉 障害 オープン 2860 良
ℹ️ [スキップ/エラーではありません] 平均タイムの該当データなし（サンプル不足）: 東京 障害 オープン 3110 良
ℹ️ [スキップ/エラーではありません] 平均タイムの該当データなし（サンプル不足）: 阪神 障害 オープン 3140 良
ℹ️ [スキップ/エラーではありません] 平均タイムの該当データなし（サンプル不足）: 新潟 障害 オープン 3250 良
ℹ️ [スキップ/エラーではありません] 平均タイムの該当データなし（サンプル不足）: 新潟 障害 オープン 2850 良
ℹ️ [スキップ/エラーではありません] 平均タイムの該当データなし（サンプル不足）: 札幌 ダート 1勝クラス 1000 不
ℹ️ [スキップ/エラーではありません] 平均タイムの該当データなし（サンプル不足）: 小倉 障害 未勝利 2860 良
ℹ️ [スキップ/エラーではありません] 平均タイムの該当データなし（サンプル不足）: 東京 ダート 1勝クラス 1600 不
出馬表再生成: 20260215
ℹ️ [スキップ/エラーではありません] 指定日に開催なし: 20260215 01_sapporo
ℹ️ [スキップ/エラーではありません] 指定日に開催なし: 20260215 02_hakodate
ℹ️ [スキップ/エラーではありません] 指定日に開催なし: 20260215 03_fukushima
ℹ️ [スキップ/エラーではありません] 指定日に開催なし: 20260215 04_nigata
ℹ️ [スキップ/エラーではありません] 指定日に開催なし: 20260215 06_nakayama
ℹ️ [スキップ/エラーではありません] 指定日に開催なし: 20260215 07_chukyo
ℹ️ [スキップ/エラーではありません] 指定日に開催なし: 20260215 09_hanshin
ℹ️ [スキップ/エラーではありません] 平均タイムの該当データなし（サンプル不足）: 中山 ダート 未勝利 1200 不
ℹ️ [スキップ/エラーではありません] 平均タイムの該当データなし（サンプル不足）: 東京 ダート 未勝利 1400 不
ℹ️ [スキップ/エラーではありません] 平均タイムの該当データなし（サンプル不足）: 中山 ダート 未勝利 1200 不
ℹ️ [スキップ/エラーではありません] レース結果データなし（未確定）: 202605010308
ℹ️ [スキップ/エラーではありません] レース結果データなし（未確定）: 202605010312
ℹ️ [スキップ/エラーではありません] レース結果データなし（未確定）: 202605010308
ℹ️ [スキップ/エラーではありません] レース結果データなし（未確定）: 202605010312
ℹ️ [スキップ/エラーではありません] レース結果データなし（未確定）: 202605010311
ℹ️ [スキップ/エラーではありません] 平均タイムの該当データなし（サンプル不足）: 中山 ダート 未勝利 1200 不
ℹ️ [スキップ/エラーではありません] 平均タイムの該当データなし（サンプル不足）: 東京 ダート 1勝クラス 1600 不
ℹ️ [スキップ/エラーではありません] 平均タイムの該当データなし（サンプル不足）: 東京 ダート 未勝利 1400 不
ℹ️ [スキップ/エラーではありません] 平均タイムの該当データなし（サンプル不足）: 中山 ダート 未勝利 1200 不
ℹ️ [スキップ/エラーではありません] 平均タイムの該当データなし（サンプル不足）: 東京 ダート 1勝クラス 1400 不
ℹ️ [スキップ/エラーではありません] 平均タイムの該当データなし（サンプル不足）: 東京 ダート 1勝クラス 1600 不
ℹ️ [スキップ/エラーではありません] 平均タイムの該当データなし（サンプル不足）: 東京 ダート オープン 1400 不
ℹ️ [スキップ/エラーではありません] 平均タイムの該当データなし（サンプル不足）: 新潟 ダート オープン 1800 不
ℹ️ [スキップ/エラーではありません] 平均タイムの該当データなし（サンプル不足）: 東京 ダート オープン 1600 不
ℹ️ [スキップ/エラーではありません] 平均タイムの該当データなし（サンプル不足）: 東京 ダート オープン 1600 不
ℹ️ [スキップ/エラーではありません] 平均タイムの該当データなし（サンプル不足）: 東京 ダート オープン 1400 不
ℹ️ [スキップ/エラーではありません] 平均タイムの該当データなし（サンプル不足）: 東京 ダート オープン 1600 不
ℹ️ [スキップ/エラーではありません] 平均タイムの該当データなし（サンプル不足）: 東京 ダート オープン 1600 不
ℹ️ [スキップ/エラーではありません] 平均タイムの該当データなし（サンプル不足）: 東京 ダート 2勝クラス 1600 不
ℹ️ [スキップ/エラーではありません] 平均タイムの該当データなし（サンプル不足）: 東京 ダート 2勝クラス 1600 不
ℹ️ [スキップ/エラーではありません] 平均タイムの該当データなし（サンプル不足）: 東京 ダート 未勝利 1400 不
ℹ️ [スキップ/エラーではありません] 平均タイムの該当データなし（サンプル不足）: 中山 ダート 未勝利 1800 不
ℹ️ [スキップ/エラーではありません] 平均タイムの該当データなし（サンプル不足）: 新潟 障害 未勝利 2890 良
ℹ️ [スキップ/エラーではありません] 平均タイムの該当データなし（サンプル不足）: 京都 ダート 3勝クラス 1800 不
ℹ️ [スキップ/エラーではありません] 平均タイムの該当データなし（サンプル不足）: 東京 ダート 未勝利 1400 不
ℹ️ [スキップ/エラーではありません] 平均タイムの該当データなし（サンプル不足）: 小倉 ダート 1勝クラス 1000 不
ℹ️ [スキップ/エラーではありません] 平均タイムの該当データなし（サンプル不足）: 函館 ダート 未勝利 1000 不
ℹ️ [スキップ/エラーではありません] レース結果データなし（未確定）: 202610010604
ℹ️ [スキップ/エラーではありません] 平均タイムの該当データなし（サンプル不足）: 小倉 障害 未勝利 2860 良
ℹ️ [スキップ/エラーではありません] 平均タイムの該当データなし（サンプル不足）: 福島 障害 未勝利 2770 良
ℹ️ [スキップ/エラーではありません] 平均タイムの該当データなし（サンプル不足）: 東京 障害 未勝利 3000 稍重
ℹ️ [スキップ/エラーではありません] 平均タイムの該当データなし（サンプル不足）: 阪神 障害 未勝利 2970 良
ℹ️ [スキップ/エラーではありません] 平均タイムの該当データなし（サンプル不足）: 中京 障害 オープン 3300 良
ℹ️ [スキップ/エラーではありません] 平均タイムの該当データなし（サンプル不足）: 福島 障害 未勝利 2750 良
ℹ️ [スキップ/エラーではありません] 平均タイムの該当データなし（サンプル不足）: 中山 障害 未勝利 2880 良
ℹ️ [スキップ/エラーではありません] 平均タイムの該当データなし（サンプル不足）: 中山 障害 未勝利 2880 重
ℹ️ [スキップ/エラーではありません] 平均タイムの該当データなし（サンプル不足）: 中山 障害 未勝利 2880 良
ℹ️ [スキップ/エラーではありません] 平均タイムの該当データなし（サンプル不足）: 阪神 障害 未勝利 2970 良
ℹ️ [スキップ/エラーではありません] 平均タイムの該当データなし（サンプル不足）: 福島 障害 未勝利 2770 良
ℹ️ [スキップ/エラーではありません] 平均タイムの該当データなし（サンプル不足）: 福島 障害 未勝利 2750 良
ℹ️ [スキップ/エラーではありません] 平均タイムの該当データなし（サンプル不足）: 京都 障害 未勝利 2910 良
ℹ️ [スキップ/エラーではありません] 平均タイムの該当データなし（サンプル不足）: 京都 ダート 1勝クラス 1400 不
ℹ️ [スキップ/エラーではありません] 平均タイムの該当データなし（サンプル不足）: 小倉 障害 未勝利 2860 良
ℹ️ [スキップ/エラーではありません] 平均タイムの該当データなし（サンプル不足）: 中山 障害 未勝利 2880 良
ℹ️ [スキップ/エラーではありません] 平均タイムの該当データなし（サンプル不足）: 京都 障害 未勝利 2910 良
ℹ️ [スキップ/エラーではありません] 平均タイムの該当データなし（サンプル不足）: 福島 障害 未勝利 2770 良
ℹ️ [スキップ/エラーではありません] 平均タイムの該当データなし（サンプル不足）: 中山 芝 未勝利 2200 不
ℹ️ [スキップ/エラーではありません] 平均タイムの該当データなし（サンプル不足）: 中山 障害 未勝利 2880 良
ℹ️ [スキップ/エラーではありません] 平均タイムの該当データなし（サンプル不足）: 中山 障害 オープン 3570 良
ℹ️ [スキップ/エラーではありません] 平均タイムの該当データなし（サンプル不足）: 東京 障害 オープン 3110 稍重
ℹ️ [スキップ/エラーではありません] 平均タイムの該当データなし（サンプル不足）: 新潟 障害 オープン 3250 稍重
ℹ️ [スキップ/エラーではありません] 平均タイムの該当データなし（サンプル不足）: 東京 障害 オープン 3110 稍重
ℹ️ [スキップ/エラーではありません] 平均タイムの該当データなし（サンプル不足）: 新潟 障害 オープン 2890 良
ℹ️ [スキップ/エラーではありません] 平均タイムの該当データなし（サンプル不足）: 京都 芝 2勝クラス 1200 不
出馬表再生成: 20260221
ℹ️ [スキップ/エラーではありません] 指定日に開催なし: 20260221 01_sapporo
ℹ️ [スキップ/エラーではありません] 指定日に開催なし: 20260221 02_hakodate
ℹ️ [スキップ/エラーではありません] 指定日に開催なし: 20260221 03_fukushima
ℹ️ [スキップ/エラーではありません] 指定日に開催なし: 20260221 04_nigata
ℹ️ [スキップ/エラーではありません] 指定日に開催なし: 20260221 06_nakayama
ℹ️ [スキップ/エラーではありません] 指定日に開催なし: 20260221 07_chukyo
ℹ️ [スキップ/エラーではありません] 指定日に開催なし: 20260221 08_kyoto
ℹ️ [スキップ/エラーではありません] 平均タイムの該当データなし（サンプル不足）: 東京 ダート 新馬 1400 不
ℹ️ [スキップ/エラーではありません] 平均タイムの該当データなし（サンプル不足）: 東京 ダート 未勝利 1400 不
ℹ️ [スキップ/エラーではありません] 平均タイムの該当データなし（サンプル不足）: 東京 ダート 未勝利 1600 不
ℹ️ [スキップ/エラーではありません] 平均タイムの該当データなし（サンプル不足）: 東京 ダート 新馬 1400 不
ℹ️ [スキップ/エラーではありません] 平均タイムの該当データなし（サンプル不足）: 新潟 ダート 1勝クラス 1800 不
ℹ️ [スキップ/エラーではありません] 平均タイムの該当データなし（サンプル不足）: 新潟 ダート 1勝クラス 1800 不
ℹ️ [スキップ/エラーではありません] 平均タイムの該当データなし（サンプル不足）: 新潟 ダート 1勝クラス 1800 不
ℹ️ [スキップ/エラーではありません] 平均タイムの該当データなし（サンプル不足）: 中山 ダート 1勝クラス 2400 不
ℹ️ [スキップ/エラーではありません] 平均タイムの該当データなし（サンプル不足）: 中京 芝 オープン 3000 稍重
ℹ️ [スキップ/エラーではありません] 平均タイムの該当データなし（サンプル不足）: 新潟 ダート 1勝クラス 1800 不
ℹ️ [スキップ/エラーではありません] 平均タイムの該当データなし（サンプル不足）: 東京 ダート 未勝利 1600 不
ℹ️ [スキップ/エラーではありません] 平均タイムの該当データなし（サンプル不足）: 東京 ダート 新馬 1400 不
ℹ️ [スキップ/エラーではありません] 平均タイムの該当データなし（サンプル不足）: 東京 ダート 1勝クラス 1600 不
ℹ️ [スキップ/エラーではありません] 平均タイムの該当データなし（サンプル不足）: 東京 ダート 1勝クラス 1400 不
ℹ️ [スキップ/エラーではありません] 平均タイムの該当データなし（サンプル不足）: 京都 芝 未勝利 1600 不
ℹ️ [スキップ/エラーではありません] 平均タイムの該当データなし（サンプル不足）: 京都 芝 1勝クラス 2000 不
ℹ️ [スキップ/エラーではありません] 平均タイムの該当データなし（サンプル不足）: 京都 ダート 3勝クラス 1200 不
ℹ️ [スキップ/エラーではありません] 平均タイムの該当データなし（サンプル不足）: 京都 ダート 3勝クラス 1200 不
ℹ️ [スキップ/エラーではありません] 平均タイムの該当データなし（サンプル不足）: 小倉 障害 未勝利 2860 良
ℹ️ [スキップ/エラーではありません] 平均タイムの該当データなし（サンプル不足）: 京都 ダート 2勝クラス 1800 不
ℹ️ [スキップ/エラーではありません] 平均タイムの該当データなし（サンプル不足）: 東京 ダート 2勝クラス 2100 不
ℹ️ [スキップ/エラーではありません] 平均タイムの該当データなし（サンプル不足）: 京都 障害 未勝利 2910 良
ℹ️ [スキップ/エラーではありません] 平均タイムの該当データなし（サンプル不足）: 福島 障害 未勝利 2770 良
ℹ️ [スキップ/エラーではありません] 平均タイムの該当データなし（サンプル不足）: 京都 障害 未勝利 2910 良
ℹ️ [スキップ/エラーではありません] 平均タイムの該当データなし（サンプル不足）: 阪神 障害 未勝利 2970 良
ℹ️ [スキップ/エラーではありません] 平均タイムの該当データなし（サンプル不足）: 中山 障害 未勝利 2880 良
ℹ️ [スキップ/エラーではありません] 平均タイムの該当データなし（サンプル不足）: 小倉 障害 未勝利 2860 良
ℹ️ [スキップ/エラーではありません] 平均タイムの該当データなし（サンプル不足）: 福島 障害 未勝利 2770 良
ℹ️ [スキップ/エラーではありません] 平均タイムの該当データなし（サンプル不足）: 福島 障害 未勝利 2750 良
ℹ️ [スキップ/エラーではありません] 平均タイムの該当データなし（サンプル不足）: 新潟 障害 未勝利 2850 良
ℹ️ [スキップ/エラーではありません] 平均タイムの該当データなし（サンプル不足）: 新潟 障害 未勝利 2890 稍重
ℹ️ [スキップ/エラーではありません] 平均タイムの該当データなし（サンプル不足）: 中山 障害 未勝利 2880 良
ℹ️ [スキップ/エラーではありません] 平均タイムの該当データなし（サンプル不足）: 福島 障害 未勝利 2770 良
ℹ️ [スキップ/エラーではありません] 平均タイムの該当データなし（サンプル不足）: 中山 障害 未勝利 2880 稍重
ℹ️ [スキップ/エラーではありません] 平均タイムの該当データなし（サンプル不足）: 中山 障害 未勝利 2880 良
ℹ️ [スキップ/エラーではありません] 平均タイムの該当データなし（サンプル不足）: 中山 障害 未勝利 2880 良
ℹ️ [スキップ/エラーではありません] 平均タイムの該当データなし（サンプル不足）: 京都 障害 未勝利 2910 良
ℹ️ [スキップ/エラーではありません] 平均タイムの該当データなし（サンプル不足）: 中山 障害 未勝利 2880 良
ℹ️ [スキップ/エラーではありません] 平均タイムの該当データなし（サンプル不足）: 中京 障害 未勝利 3000 良
ℹ️ [スキップ/エラーではありません] 平均タイムの該当データなし（サンプル不足）: 小倉 障害 未勝利 2860 良
ℹ️ [スキップ/エラーではありません] 平均タイムの該当データなし（サンプル不足）: 京都 障害 未勝利 2910 良
ℹ️ [スキップ/エラーではありません] 平均タイムの該当データなし（サンプル不足）: 京都 障害 未勝利 2910 良
ℹ️ [スキップ/エラーではありません] 平均タイムの該当データなし（サンプル不足）: 中山 障害 未勝利 2880 良
ℹ️ [スキップ/エラーではありません] 平均タイムの該当データなし（サンプル不足）: 福島 障害 未勝利 2770 良
ℹ️ [スキップ/エラーではありません] 平均タイムの該当データなし（サンプル不足）: 小倉 障害 未勝利 2860 良
ℹ️ [スキップ/エラーではありません] 平均タイムの該当データなし（サンプル不足）: 中山 障害 未勝利 2880 良
ℹ️ [スキップ/エラーではありません] 平均タイムの該当データなし（サンプル不足）: 京都 障害 未勝利 2910 良
ℹ️ [スキップ/エラーではありません] 平均タイムの該当データなし（サンプル不足）: 小倉 障害 未勝利 2860 良
ℹ️ [スキップ/エラーではありません] 平均タイムの該当データなし（サンプル不足）: 福島 障害 未勝利 2770 良
ℹ️ [スキップ/エラーではありません] 平均タイムの該当データなし（サンプル不足）: 東京 ダート オープン 1600 不
ℹ️ [スキップ/エラーではありません] 平均タイムの該当データなし（サンプル不足）: 小倉 障害 オープン 3390 良
ℹ️ [スキップ/エラーではありません] 平均タイムの該当データなし（サンプル不足）: 東京 障害 オープン 3110 良
ℹ️ [スキップ/エラーではありません] 平均タイムの該当データなし（サンプル不足）: 小倉 障害 未勝利 2860 重
ℹ️ [スキップ/エラーではありません] 平均タイムの該当データなし（サンプル不足）: 小倉 障害 オープン 3390 良
ℹ️ [スキップ/エラーではありません] 平均タイムの該当データなし（サンプル不足）: 新潟 障害 未勝利 2890 稍重
ℹ️ [スキップ/エラーではありません] 平均タイムの該当データなし（サンプル不足）: 阪神 障害 未勝利 2970 良
ℹ️ [スキップ/エラーではありません] 平均タイムの該当データなし（サンプル不足）: 小倉 障害 未勝利 2860 稍重
ℹ️ [スキップ/エラーではありません] 平均タイムの該当データなし（サンプル不足）: 小倉 障害 未勝利 2860 良
ℹ️ [スキップ/エラーではありません] 平均タイムの該当データなし（サンプル不足）: 中山 障害 未勝利 2880 良
ℹ️ [スキップ/エラーではありません] 平均タイムの該当データなし（サンプル不足）: 福島 障害 未勝利 2770 良
ℹ️ [スキップ/エラーではありません] 平均タイムの該当データなし（サンプル不足）: 新潟 障害 未勝利 2850 稍重
ℹ️ [スキップ/エラーではありません] 平均タイムの該当データなし（サンプル不足）: 中京 障害 未勝利 3000 良
ℹ️ [スキップ/エラーではありません] 平均タイムの該当データなし（サンプル不足）: 中山 障害 オープン 3200 良
ℹ️ [スキップ/エラーではありません] 平均タイムの該当データなし（サンプル不足）: 京都 障害 オープン 3170 良
ℹ️ [スキップ/エラーではありません] 平均タイムの該当データなし（サンプル不足）: 阪神 障害 未勝利 2970 良
ℹ️ [スキップ/エラーではありません] 平均タイムの該当データなし（サンプル不足）: 新潟 障害 未勝利 2850 良
ℹ️ [スキップ/エラーではありません] 平均タイムの該当データなし（サンプル不足）: 福島 障害 オープン 3380 良
ℹ️ [スキップ/エラーではありません] 平均タイムの該当データなし（サンプル不足）: 東京 障害 オープン 3100 良
ℹ️ [スキップ/エラーではありません] 平均タイムの該当データなし（サンプル不足）: 中京 障害 オープン 3330 良
ℹ️ [スキップ/エラーではありません] 平均タイムの該当データなし（サンプル不足）: 福島 障害 オープン 3380 良
ℹ️ [スキップ/エラーではありません] 平均タイムの該当データなし（サンプル不足）: 新潟 障害 オープン 2890 稍重
ℹ️ [スキップ/エラーではありません] 平均タイムの該当データなし（サンプル不足）: 中山 障害 オープン 3200 良
ℹ️ [スキップ/エラーではありません] 平均タイムの該当データなし（サンプル不足）: 京都 障害 未勝利 2910 良
ℹ️ [スキップ/エラーではありません] 平均タイムの該当データなし（サンプル不足）: 新潟 障害 未勝利 2850 良
ℹ️ [スキップ/エラーではありません] 平均タイムの該当データなし（サンプル不足）: 中山 障害 未勝利 2880 重
ℹ️ [スキップ/エラーではありません] 平均タイムの該当データなし（サンプル不足）: 東京 障害 未勝利 3000 稍重
ℹ️ [スキップ/エラーではありません] 平均タイムの該当データなし（サンプル不足）: 新潟 障害 未勝利 2850 良
ℹ️ [スキップ/エラーではありません] 平均タイムの該当データなし（サンプル不足）: 京都 障害 オープン 3170 良
ℹ️ [スキップ/エラーではありません] 平均タイムの該当データなし（サンプル不足）: 阪神 障害 オープン 3110 良
ℹ️ [スキップ/エラーではありません] 平均タイムの該当データなし（サンプル不足）: 東京 障害 オープン 3100 良
ℹ️ [スキップ/エラーではありません] 平均タイムの該当データなし（サンプル不足）: 中京 障害 オープン 3300 良
ℹ️ [スキップ/エラーではありません] 平均タイムの該当データなし（サンプル不足）: 東京 障害 未勝利 3000 良
ℹ️ [スキップ/エラーではありません] 平均タイムの該当データなし（サンプル不足）: 中山 障害 未勝利 2880 稍重
ℹ️ [スキップ/エラーではありません] 平均タイムの該当データなし（サンプル不足）: 福島 障害 未勝利 2750 良
ℹ️ [スキップ/エラーではありません] 平均タイムの該当データなし（サンプル不足）: 京都 障害 未勝利 2910 良
ℹ️ [スキップ/エラーではありません] 平均タイムの該当データなし（サンプル不足）: 阪神 障害 未勝利 2970 良
ℹ️ [スキップ/エラーではありません] 平均タイムの該当データなし（サンプル不足）: 阪神 障害 未勝利 2970 良
ℹ️ [スキップ/エラーではありません] 平均タイムの該当データなし（サンプル不足）: 阪神 障害 オープン 3110 良
ℹ️ [スキップ/エラーではありません] 平均タイムの該当データなし（サンプル不足）: 中山 障害 オープン 3210 稍重
ℹ️ [スキップ/エラーではありません] 平均タイムの該当データなし（サンプル不足）: 新潟 障害 オープン 3250 良
ℹ️ [スキップ/エラーではありません] 平均タイムの該当データなし（サンプル不足）: 福島 障害 オープン 2750 稍重
ℹ️ [スキップ/エラーではありません] 平均タイムの該当データなし（サンプル不足）: 阪神 障害 オープン 3110 良
ℹ️ [スキップ/エラーではありません] 平均タイムの該当データなし（サンプル不足）: 東京 障害 オープン 3110 良
ℹ️ [スキップ/エラーではありません] 平均タイムの該当データなし（サンプル不足）: 東京 障害 オープン 3100 良
ℹ️ [スキップ/エラーではありません] 平均タイムの該当データなし（サンプル不足）: 新潟 障害 オープン 3250 良
ℹ️ [スキップ/エラーではありません] 平均タイムの該当データなし（サンプル不足）: 小倉 障害 オープン 3390 良
ℹ️ [スキップ/エラーではありません] 平均タイムの該当データなし（サンプル不足）: 東京 障害 未勝利 3000 稍重
ℹ️ [スキップ/エラーではありません] 平均タイムの該当データなし（サンプル不足）: 小倉 障害 オープン 2860 良
ℹ️ [スキップ/エラーではありません] 平均タイムの該当データなし（サンプル不足）: 中山 障害 未勝利 2880 良
ℹ️ [スキップ/エラーではありません] 平均タイムの該当データなし（サンプル不足）: 中山 障害 未勝利 2880 重
ℹ️ [スキップ/エラーではありません] 平均タイムの該当データなし（サンプル不足）: 福島 障害 未勝利 2750 良
ℹ️ [スキップ/エラーではありません] 平均タイムの該当データなし（サンプル不足）: 京都 ダート 1勝クラス 1400 不
ℹ️ [スキップ/エラーではありません] 平均タイムの該当データなし（サンプル不足）: 京都 ダート 1勝クラス 1400 不
ℹ️ [スキップ/エラーではありません] 平均タイムの該当データなし（サンプル不足）: 中山 障害 未勝利 2880 良
ℹ️ [スキップ/エラーではありません] 平均タイムの該当データなし（サンプル不足）: 中山 障害 未勝利 2880 重
ℹ️ [スキップ/エラーではありません] 平均タイムの該当データなし（サンプル不足）: 京都 障害 未勝利 2910 良
ℹ️ [スキップ/エラーではありません] 平均タイムの該当データなし（サンプル不足）: 京都 障害 未勝利 2910 稍重
ℹ️ [スキップ/エラーではありません] 平均タイムの該当データなし（サンプル不足）: 東京 障害 未勝利 3000 良
ℹ️ [スキップ/エラーではありません] 平均タイムの該当データなし（サンプル不足）: 東京 ダート 2勝クラス 1600 不
ℹ️ [スキップ/エラーではありません] 平均タイムの該当データなし（サンプル不足）: 京都 ダート 3勝クラス 1800 不
ℹ️ [スキップ/エラーではありません] 平均タイムの該当データなし（サンプル不足）: 京都 ダート 1勝クラス 1400 不
出馬表再生成: 20260222
ℹ️ [スキップ/エラーではありません] 指定日に開催なし: 20260222 01_sapporo
ℹ️ [スキップ/エラーではありません] 指定日に開催なし: 20260222 02_hakodate
ℹ️ [スキップ/エラーではありません] 指定日に開催なし: 20260222 03_fukushima
ℹ️ [スキップ/エラーではありません] 指定日に開催なし: 20260222 04_nigata
ℹ️ [スキップ/エラーではありません] 指定日に開催なし: 20260222 06_nakayama
ℹ️ [スキップ/エラーではありません] 指定日に開催なし: 20260222 07_chukyo
ℹ️ [スキップ/エラーではありません] 指定日に開催なし: 20260222 08_kyoto
ℹ️ [スキップ/エラーではありません] 平均タイムの該当データなし（サンプル不足）: 中山 ダート 未勝利 1800 不
ℹ️ [スキップ/エラーではありません] 平均タイムの該当データなし（サンプル不足）: 中山 ダート 未勝利 1200 不
ℹ️ [スキップ/エラーではありません] 平均タイムの該当データなし（サンプル不足）: 新潟 ダート オープン 1800 不
ℹ️ [スキップ/エラーではありません] 平均タイムの該当データなし（サンプル不足）: 中山 ダート 2勝クラス 2400 不
ℹ️ [スキップ/エラーではありません] 平均タイムの該当データなし（サンプル不足）: 東京 ダート 2勝クラス 2100 不
ℹ️ [スキップ/エラーではありません] 平均タイムの該当データなし（サンプル不足）: 京都 ダート 1勝クラス 1400 不
ℹ️ [スキップ/エラーではありません] 平均タイムの該当データなし（サンプル不足）: 東京 ダート 2勝クラス 1600 不
ℹ️ [スキップ/エラーではありません] 平均タイムの該当データなし（サンプル不足）: 東京 ダート 未勝利 1600 不
ℹ️ [スキップ/エラーではありません] 平均タイムの該当データなし（サンプル不足）: 京都 ダート オープン 1800 不
ℹ️ [スキップ/エラーではありません] 平均タイムの該当データなし（サンプル不足）: 京都 ダート オープン 1800 不
ℹ️ [スキップ/エラーではありません] 平均タイムの該当データなし（サンプル不足）: 京都 ダート オープン 1800 不
ℹ️ [スキップ/エラーではありません] 平均タイムの該当データなし（サンプル不足）: 京都 ダート オープン 1800 不
ℹ️ [スキップ/エラーではありません] 平均タイムの該当データなし（サンプル不足）: 京都 ダート オープン 1800 不
ℹ️ [スキップ/エラーではありません] 平均タイムの該当データなし（サンプル不足）: 京都 ダート オープン 1800 不
ℹ️ [スキップ/エラーではありません] 平均タイムの該当データなし（サンプル不足）: 京都 ダート 3勝クラス 1800 不
ℹ️ [スキップ/エラーではありません] 平均タイムの該当データなし（サンプル不足）: 東京 ダート 2勝クラス 1400 不
ℹ️ [スキップ/エラーではありません] 平均タイムの該当データなし（サンプル不足）: 東京 ダート 1勝クラス 1600 不
ℹ️ [スキップ/エラーではありません] 平均タイムの該当データなし（サンプル不足）: 中山 障害 未勝利 2880 良
ℹ️ [スキップ/エラーではありません] 平均タイムの該当データなし（サンプル不足）: 阪神 障害 未勝利 2970 良
ℹ️ [スキップ/エラーではありません] 平均タイムの該当データなし（サンプル不足）: 東京 ダート 2勝クラス 1400 不
ℹ️ [スキップ/エラーではありません] 平均タイムの該当データなし（サンプル不足）: 京都 ダート 未勝利 1200 不
ℹ️ [スキップ/エラーではありません] 平均タイムの該当データなし（サンプル不足）: 中山 ダート 未勝利 1200 不
ℹ️ [スキップ/エラーではありません] 平均タイムの該当データなし（サンプル不足）: 東京 ダート 未勝利 1400 不
ℹ️ [スキップ/エラーではありません] 平均タイムの該当データなし（サンプル不足）: 京都 ダート 未勝利 1200 不
ℹ️ [スキップ/エラーではありません] 平均タイムの該当データなし（サンプル不足）: 京都 ダート 未勝利 1900 不
ℹ️ [スキップ/エラーではありません] 平均タイムの該当データなし（サンプル不足）: 京都 芝 未勝利 1800 不
ℹ️ [スキップ/エラーではありません] 平均タイムの該当データなし（サンプル不足）: 京都 ダート 未勝利 1900 不
ℹ️ [スキップ/エラーではありません] 平均タイムの該当データなし（サンプル不足）: 中京 ダート 未勝利 1800 不
ℹ️ [スキップ/エラーではありません] 平均タイムの該当データなし（サンプル不足）: 東京 ダート 2勝クラス 1600 不
ℹ️ [スキップ/エラーではありません] 平均タイムの該当データなし（サンプル不足）: 東京 ダート オープン 1400 不
ℹ️ [スキップ/エラーではありません] 平均タイムの該当データなし（サンプル不足）: 新潟 ダート オープン 1800 不
ℹ️ [スキップ/エラーではありません] 平均タイムの該当データなし（サンプル不足）: 東京 ダート オープン 1600 不
ℹ️ [スキップ/エラーではありません] 平均タイムの該当データなし（サンプル不足）: 小倉 障害 未勝利 2860 良
ℹ️ [スキップ/エラーではありません] 平均タイムの該当データなし（サンプル不足）: 京都 ダート 2勝クラス 1800 不
ℹ️ [スキップ/エラーではありません] 平均タイムの該当データなし（サンプル不足）: 中山 ダート 2勝クラス 2400 不
ℹ️ [スキップ/エラーではありません] 平均タイムの該当データなし（サンプル不足）: 中山 ダート 1勝クラス 1200 不
ℹ️ [スキップ/エラーではありません] 平均タイムの該当データなし（サンプル不足）: 小倉 ダート 1勝クラス 1000 不
ℹ️ [スキップ/エラーではありません] 平均タイムの該当データなし（サンプル不足）: 京都 ダート 1勝クラス 1400 不
ℹ️ [スキップ/エラーではありません] 平均タイムの該当データなし（サンプル不足）: 小倉 障害 未勝利 2860 良
ℹ️ [スキップ/エラーではありません] 平均タイムの該当データなし（サンプル不足）: 京都 障害 未勝利 2910 良
ℹ️ [スキップ/エラーではありません] 平均タイムの該当データなし（サンプル不足）: 中山 障害 未勝利 2880 重
ℹ️ [スキップ/エラーではありません] 平均タイムの該当データなし（サンプル不足）: 福島 障害 未勝利 2770 良
ℹ️ [スキップ/エラーではありません] 平均タイムの該当データなし（サンプル不足）: 京都 障害 未勝利 2910 良
ℹ️ [スキップ/エラーではありません] 平均タイムの該当データなし（サンプル不足）: 京都 障害 未勝利 2910 良
ℹ️ [スキップ/エラーではありません] 平均タイムの該当データなし（サンプル不足）: 中山 ダート 1勝クラス 1200 不
ℹ️ [スキップ/エラーではありません] 平均タイムの該当データなし（サンプル不足）: 中山 障害 未勝利 2880 良
ℹ️ [スキップ/エラーではありません] 平均タイムの該当データなし（サンプル不足）: 中山 障害 未勝利 2880 稍重
ℹ️ [スキップ/エラーではありません] 平均タイムの該当データなし（サンプル不足）: 福島 障害 未勝利 2770 良
ℹ️ [スキップ/エラーではありません] 平均タイムの該当データなし（サンプル不足）: 阪神 障害 未勝利 2970 良
ℹ️ [スキップ/エラーではありません] 平均タイムの該当データなし（サンプル不足）: 中山 障害 未勝利 2880 良
ℹ️ [スキップ/エラーではありません] 平均タイムの該当データなし（サンプル不足）: 中山 障害 未勝利 2880 稍重
ℹ️ [スキップ/エラーではありません] 平均タイムの該当データなし（サンプル不足）: 中山 障害 未勝利 2880 稍重
ℹ️ [スキップ/エラーではありません] 平均タイムの該当データなし（サンプル不足）: 新潟 障害 未勝利 2890 稍重
ℹ️ [スキップ/エラーではありません] 平均タイムの該当データなし（サンプル不足）: 京都 障害 未勝利 2910 良
ℹ️ [スキップ/エラーではありません] 平均タイムの該当データなし（サンプル不足）: 阪神 障害 未勝利 2970 良
ℹ️ [スキップ/エラーではありません] 平均タイムの該当データなし（サンプル不足）: 福島 障害 未勝利 2750 良
ℹ️ [スキップ/エラーではありません] 平均タイムの該当データなし（サンプル不足）: 東京 障害 未勝利 3000 良
ℹ️ [スキップ/エラーではありません] 平均タイムの該当データなし（サンプル不足）: 中山 障害 未勝利 2880 重
ℹ️ [スキップ/エラーではありません] 平均タイムの該当データなし（サンプル不足）: 京都 障害 未勝利 2910 良
ℹ️ [スキップ/エラーではありません] 平均タイムの該当データなし（サンプル不足）: 京都 ダート 1勝クラス 1400 不
ℹ️ [スキップ/エラーではありません] 平均タイムの該当データなし（サンプル不足）: 東京 ダート 1勝クラス 1600 不
ℹ️ [スキップ/エラーではありません] 平均タイムの該当データなし（サンプル不足）: 小倉 障害 未勝利 2860 良
ℹ️ [スキップ/エラーではありません] 平均タイムの該当データなし（サンプル不足）: 福島 障害 未勝利 2750 良
ℹ️ [スキップ/エラーではありません] 平均タイムの該当データなし（サンプル不足）: 小倉 障害 未勝利 2860 良
ℹ️ [スキップ/エラーではありません] 平均タイムの該当データなし（サンプル不足）: 東京 ダート 2勝クラス 1600 不
ℹ️ [スキップ/エラーではありません] 平均タイムの該当データなし（サンプル不足）: 京都 ダート 2勝クラス 1800 不
ℹ️ [スキップ/エラーではありません] 平均タイムの該当データなし（サンプル不足）: 東京 ダート 未勝利 1400 不
ℹ️ [スキップ/エラーではありません] 平均タイムの該当データなし（サンプル不足）: 中京 芝 未勝利 1600 不
出馬表再生成: 20260228
ℹ️ [スキップ/エラーではありません] 指定日に開催なし: 20260228 01_sapporo
ℹ️ [スキップ/エラーではありません] 指定日に開催なし: 20260228 02_hakodate
ℹ️ [スキップ/エラーではありません] 指定日に開催なし: 20260228 03_fukushima
ℹ️ [スキップ/エラーではありません] 指定日に開催なし: 20260228 04_nigata
ℹ️ [スキップ/エラーではありません] 指定日に開催なし: 20260228 05_tokyo
ℹ️ [スキップ/エラーではありません] 指定日に開催なし: 20260228 07_chukyo
ℹ️ [スキップ/エラーではありません] 指定日に開催なし: 20260228 08_kyoto
❌ [要確認/エラー] 不明な開催場名: 
ℹ️ [スキップ/エラーではありません] 平均タイムの該当データなし（サンプル不足）: 中山 ダート 未勝利 1200 不
ℹ️ [スキップ/エラーではありません] 平均タイムの該当データなし（サンプル不足）: 東京 ダート 新馬 1400 不
ℹ️ [スキップ/エラーではありません] 平均タイムの該当データなし（サンプル不足）: 東京 ダート 未勝利 1600 不
ℹ️ [スキップ/エラーではありません] 平均タイムの該当データなし（サンプル不足）: 東京 ダート 1勝クラス 1600 不
ℹ️ [スキップ/エラーではありません] 平均タイムの該当データなし（サンプル不足）: 中山 障害 未勝利 2880 良
ℹ️ [スキップ/エラーではありません] 平均タイムの該当データなし（サンプル不足）: 阪神 障害 未勝利 2970 良
ℹ️ [スキップ/エラーではありません] 平均タイムの該当データなし（サンプル不足）: 中山 ダート 1勝クラス 1200 不
ℹ️ [スキップ/エラーではありません] 平均タイムの該当データなし（サンプル不足）: 東京 ダート 2勝クラス 2100 不
ℹ️ [スキップ/エラーではありません] 平均タイムの該当データなし（サンプル不足）: 東京 ダート 2勝クラス 1600 不
ℹ️ [スキップ/エラーではありません] 平均タイムの該当データなし（サンプル不足）: 京都 芝 未勝利 2400 不
ℹ️ [スキップ/エラーではありません] 平均タイムの該当データなし（サンプル不足）: 中山 ダート 1勝クラス 1200 不
ℹ️ [スキップ/エラーではありません] 平均タイムの該当データなし（サンプル不足）: 京都 ダート 1勝クラス 1400 不
ℹ️ [スキップ/エラーではありません] 平均タイムの該当データなし（サンプル不足）: 東京 ダート 2勝クラス 1600 不
ℹ️ [スキップ/エラーではありません] 平均タイムの該当データなし（サンプル不足）: 札幌 ダート 1勝クラス 1700 不
ℹ️ [スキップ/エラーではありません] 平均タイムの該当データなし（サンプル不足）: 阪神 障害 未勝利 2970 良
ℹ️ [スキップ/エラーではありません] 平均タイムの該当データなし（サンプル不足）: 中京 障害 未勝利 3000 良
ℹ️ [スキップ/エラーではありません] 平均タイムの該当データなし（サンプル不足）: 新潟 ダート オープン 1800 不
ℹ️ [スキップ/エラーではありません] 平均タイムの該当データなし（サンプル不足）: 京都 ダート オープン 1800 不
ℹ️ [スキップ/エラーではありません] 平均タイムの該当データなし（サンプル不足）: 中山 障害 未勝利 2880 良
ℹ️ [スキップ/エラーではありません] 平均タイムの該当データなし（サンプル不足）: 京都 芝 2勝クラス 1200 不
ℹ️ [スキップ/エラーではありません] 平均タイムの該当データなし（サンプル不足）: 中山 障害 未勝利 2880 良
ℹ️ [スキップ/エラーではありません] 平均タイムの該当データなし（サンプル不足）: 中山 障害 未勝利 2880 重
ℹ️ [スキップ/エラーではありません] 平均タイムの該当データなし（サンプル不足）: 中山 障害 未勝利 2880 良
ℹ️ [スキップ/エラーではありません] 平均タイムの該当データなし（サンプル不足）: 中山 障害 未勝利 2880 良
ℹ️ [スキップ/エラーではありません] 平均タイムの該当データなし（サンプル不足）: 福島 障害 未勝利 2750 良
ℹ️ [スキップ/エラーではありません] 平均タイムの該当データなし（サンプル不足）: 小倉 障害 未勝利 2860 良
ℹ️ [スキップ/エラーではありません] 平均タイムの該当データなし（サンプル不足）: 中山 障害 未勝利 2880 良
ℹ️ [スキップ/エラーではありません] 平均タイムの該当データなし（サンプル不足）: 中山 障害 未勝利 2880 重
ℹ️ [スキップ/エラーではありません] 平均タイムの該当データなし（サンプル不足）: 中山 障害 未勝利 2880 良
ℹ️ [スキップ/エラーではありません] 平均タイムの該当データなし（サンプル不足）: 中山 障害 未勝利 2880 良
ℹ️ [スキップ/エラーではありません] 平均タイムの該当データなし（サンプル不足）: 中山 障害 未勝利 2880 稍重
ℹ️ [スキップ/エラーではありません] 平均タイムの該当データなし（サンプル不足）: 京都 障害 未勝利 2910 良
ℹ️ [スキップ/エラーではありません] 平均タイムの該当データなし（サンプル不足）: 阪神 障害 未勝利 2970 良
ℹ️ [スキップ/エラーではありません] 平均タイムの該当データなし（サンプル不足）: 中山 障害 未勝利 2880 良
ℹ️ [スキップ/エラーではありません] 平均タイムの該当データなし（サンプル不足）: 阪神 障害 未勝利 2970 良
ℹ️ [スキップ/エラーではありません] 平均タイムの該当データなし（サンプル不足）: 中山 障害 未勝利 2880 良
ℹ️ [スキップ/エラーではありません] 平均タイムの該当データなし（サンプル不足）: 小倉 障害 未勝利 2860 稍重
ℹ️ [スキップ/エラーではありません] 平均タイムの該当データなし（サンプル不足）: 福島 障害 未勝利 2750 良
ℹ️ [スキップ/エラーではありません] 平均タイムの該当データなし（サンプル不足）: 新潟 障害 未勝利 2850 良
ℹ️ [スキップ/エラーではありません] 平均タイムの該当データなし（サンプル不足）: 新潟 障害 未勝利 2850 良
ℹ️ [スキップ/エラーではありません] 平均タイムの該当データなし（サンプル不足）: 新潟 障害 未勝利 2890 稍重
ℹ️ [スキップ/エラーではありません] 平均タイムの該当データなし（サンプル不足）: 福島 障害 未勝利 2750 良
ℹ️ [スキップ/エラーではありません] 平均タイムの該当データなし（サンプル不足）: 中京 障害 未勝利 3000 良
ℹ️ [スキップ/エラーではありません] 平均タイムの該当データなし（サンプル不足）: 福島 障害 未勝利 2770 良
ℹ️ [スキップ/エラーではありません] 平均タイムの該当データなし（サンプル不足）: 小倉 障害 未勝利 2860 稍重
ℹ️ [スキップ/エラーではありません] 平均タイムの該当データなし（サンプル不足）: 中山 障害 未勝利 2880 良
ℹ️ [スキップ/エラーではありません] 平均タイムの該当データなし（サンプル不足）: 阪神 障害 未勝利 2970 良
ℹ️ [スキップ/エラーではありません] 平均タイムの該当データなし（サンプル不足）: 福島 障害 未勝利 2770 良
ℹ️ [スキップ/エラーではありません] 平均タイムの該当データなし（サンプル不足）: 新潟 障害 未勝利 2890 稍重
ℹ️ [スキップ/エラーではありません] 平均タイムの該当データなし（サンプル不足）: 福島 障害 オープン 3380 良
ℹ️ [スキップ/エラーではありません] 平均タイムの該当データなし（サンプル不足）: 福島 障害 未勝利 2750 良
ℹ️ [スキップ/エラーではありません] 平均タイムの該当データなし（サンプル不足）: 新潟 障害 未勝利 2850 良
ℹ️ [スキップ/エラーではありません] 平均タイムの該当データなし（サンプル不足）: 福島 障害 未勝利 2770 良
ℹ️ [スキップ/エラーではありません] 平均タイムの該当データなし（サンプル不足）: 新潟 障害 未勝利 2890 稍重
ℹ️ [スキップ/エラーではありません] 平均タイムの該当データなし（サンプル不足）: 東京 障害 オープン 3110 良
ℹ️ [スキップ/エラーではありません] 平均タイムの該当データなし（サンプル不足）: 新潟 障害 未勝利 2850 良
ℹ️ [スキップ/エラーではありません] 平均タイムの該当データなし（サンプル不足）: 新潟 障害 未勝利 2890 稍重
ℹ️ [スキップ/エラーではありません] 平均タイムの該当データなし（サンプル不足）: 新潟 障害 未勝利 2890 稍重
ℹ️ [スキップ/エラーではありません] 平均タイムの該当データなし（サンプル不足）: 中山 障害 オープン 3570 良
ℹ️ [スキップ/エラーではありません] 平均タイムの該当データなし（サンプル不足）: 京都 障害 オープン 3170 良
ℹ️ [スキップ/エラーではありません] 平均タイムの該当データなし（サンプル不足）: 中山 障害 オープン 3210 稍重
ℹ️ [スキップ/エラーではありません] 平均タイムの該当データなし（サンプル不足）: 中京 障害 オープン 3300 良
ℹ️ [スキップ/エラーではありません] 平均タイムの該当データなし（サンプル不足）: 阪神 障害 オープン 3110 良
ℹ️ [スキップ/エラーではありません] 平均タイムの該当データなし（サンプル不足）: 福島 障害 オープン 3380 良
ℹ️ [スキップ/エラーではありません] 平均タイムの該当データなし（サンプル不足）: 新潟 障害 オープン 3250 良
ℹ️ [スキップ/エラーではありません] 平均タイムの該当データなし（サンプル不足）: 新潟 障害 未勝利 2890 稍重
ℹ️ [スキップ/エラーではありません] 平均タイムの該当データなし（サンプル不足）: 東京 障害 オープン 3110 良
ℹ️ [スキップ/エラーではありません] 平均タイムの該当データなし（サンプル不足）: 新潟 障害 オープン 2890 良
ℹ️ [スキップ/エラーではありません] 平均タイムの該当データなし（サンプル不足）: 小倉 障害 オープン 2860 良
ℹ️ [スキップ/エラーではありません] 平均タイムの該当データなし（サンプル不足）: 新潟 障害 未勝利 2850 良
ℹ️ [スキップ/エラーではありません] 平均タイムの該当データなし（サンプル不足）: 福島 障害 未勝利 2770 良
ℹ️ [スキップ/エラーではありません] 平均タイムの該当データなし（サンプル不足）: 中山 障害 未勝利 2880 良
ℹ️ [スキップ/エラーではありません] 平均タイムの該当データなし（サンプル不足）: 東京 障害 未勝利 3000 良
ℹ️ [スキップ/エラーではありません] 平均タイムの該当データなし（サンプル不足）: 阪神 障害 未勝利 2970 良
ℹ️ [スキップ/エラーではありません] 平均タイムの該当データなし（サンプル不足）: 阪神 障害 未勝利 2970 良
ℹ️ [スキップ/エラーではありません] 平均タイムの該当データなし（サンプル不足）: 小倉 障害 未勝利 2860 良
ℹ️ [スキップ/エラーではありません] 平均タイムの該当データなし（サンプル不足）: 東京 障害 未勝利 3000 良
ℹ️ [スキップ/エラーではありません] 平均タイムの該当データなし（サンプル不足）: 中京 障害 未勝利 3000 良
ℹ️ [スキップ/エラーではありません] 平均タイムの該当データなし（サンプル不足）: 東京 障害 未勝利 3000 良
ℹ️ [スキップ/エラーではありません] 平均タイムの該当データなし（サンプル不足）: 新潟 障害 未勝利 2890 稍重
ℹ️ [スキップ/エラーではありません] 平均タイムの該当データなし（サンプル不足）: 阪神 障害 オープン 3110 良
ℹ️ [スキップ/エラーではありません] 平均タイムの該当データなし（サンプル不足）: 京都 障害 オープン 3170 良
ℹ️ [スキップ/エラーではありません] 平均タイムの該当データなし（サンプル不足）: 京都 障害 オープン 3930 不
ℹ️ [スキップ/エラーではありません] 平均タイムの該当データなし（サンプル不足）: 中山 障害 未勝利 2880 稍重
ℹ️ [スキップ/エラーではありません] 平均タイムの該当データなし（サンプル不足）: 中山 障害 未勝利 2880 稍重
ℹ️ [スキップ/エラーではありません] 平均タイムの該当データなし（サンプル不足）: 京都 障害 オープン 3170 良
ℹ️ [スキップ/エラーではありません] 平均タイムの該当データなし（サンプル不足）: 中山 障害 オープン 3210 稍重
ℹ️ [スキップ/エラーではありません] 平均タイムの該当データなし（サンプル不足）: 阪神 障害 オープン 3110 良
ℹ️ [スキップ/エラーではありません] 平均タイムの該当データなし（サンプル不足）: 京都 障害 未勝利 2910 良
ℹ️ [スキップ/エラーではありません] 平均タイムの該当データなし（サンプル不足）: 阪神 障害 オープン 3110 良
ℹ️ [スキップ/エラーではありません] 平均タイムの該当データなし（サンプル不足）: 中山 障害 未勝利 2880 良
ℹ️ [スキップ/エラーではありません] 平均タイムの該当データなし（サンプル不足）: 福島 障害 未勝利 2750 良
ℹ️ [スキップ/エラーではありません] 平均タイムの該当データなし（サンプル不足）: 東京 障害 未勝利 3000 良
ℹ️ [スキップ/エラーではありません] 平均タイムの該当データなし（サンプル不足）: 新潟 障害 未勝利 2890 良
ℹ️ [スキップ/エラーではありません] 平均タイムの該当データなし（サンプル不足）: 阪神 障害 オープン 3110 良
ℹ️ [スキップ/エラーではありません] 平均タイムの該当データなし（サンプル不足）: 新潟 障害 オープン 3250 良
ℹ️ [スキップ/エラーではありません] 平均タイムの該当データなし（サンプル不足）: 福島 障害 オープン 2750 稍重
ℹ️ [スキップ/エラーではありません] 平均タイムの該当データなし（サンプル不足）: 新潟 障害 オープン 3290 良
ℹ️ [スキップ/エラーではありません] 平均タイムの該当データなし（サンプル不足）: 中山 障害 オープン 3200 良
ℹ️ [スキップ/エラーではありません] 平均タイムの該当データなし（サンプル不足）: 京都 障害 未勝利 2910 良
ℹ️ [スキップ/エラーではありません] 平均タイムの該当データなし（サンプル不足）: 新潟 障害 未勝利 2890 稍重
ℹ️ [スキップ/エラーではありません] 平均タイムの該当データなし（サンプル不足）: 東京 ダート 1勝クラス 1600 不
ℹ️ [スキップ/エラーではありません] 平均タイムの該当データなし（サンプル不足）: 京都 ダート 未勝利 1900 不
ℹ️ [スキップ/エラーではありません] 平均タイムの該当データなし（サンプル不足）: 京都 ダート 2勝クラス 1800 不
ℹ️ [スキップ/エラーではありません] 平均タイムの該当データなし（サンプル不足）: 京都 ダート 2勝クラス 1800 不
ℹ️ [スキップ/エラーではありません] 平均タイムの該当データなし（サンプル不足）: 阪神 障害 未勝利 2970 良
ℹ️ [スキップ/エラーではありません] 平均タイムの該当データなし（サンプル不足）: 阪神 障害 未勝利 2970 良
ℹ️ [スキップ/エラーではありません] 平均タイムの該当データなし（サンプル不足）: 阪神 障害 未勝利 2970 良
ℹ️ [スキップ/エラーではありません] 平均タイムの該当データなし（サンプル不足）: 中京 障害 未勝利 3000 良
ℹ️ [スキップ/エラーではありません] 平均タイムの該当データなし（サンプル不足）: 中山 障害 未勝利 2880 良
ℹ️ [スキップ/エラーではありません] 平均タイムの該当データなし（サンプル不足）: 京都 ダート 未勝利 1400 不
ℹ️ [スキップ/エラーではありません] 平均タイムの該当データなし（サンプル不足）: 東京 ダート 2勝クラス 1600 不
ℹ️ [スキップ/エラーではありません] 平均タイムの該当データなし（サンプル不足）: 中京 障害 未勝利 3000 良
ℹ️ [スキップ/エラーではありません] 平均タイムの該当データなし（サンプル不足）: 新潟 障害 未勝利 2890 良
ℹ️ [スキップ/エラーではありません] 平均タイムの該当データなし（サンプル不足）: 新潟 障害 未勝利 2890 良
出馬表再生成: 20260301
ℹ️ [スキップ/エラーではありません] 指定日に開催なし: 20260301 01_sapporo
ℹ️ [スキップ/エラーではありません] 指定日に開催なし: 20260301 02_hakodate
ℹ️ [スキップ/エラーではありません] 指定日に開催なし: 20260301 03_fukushima
ℹ️ [スキップ/エラーではありません] 指定日に開催なし: 20260301 04_nigata
ℹ️ [スキップ/エラーではありません] 指定日に開催なし: 20260301 05_tokyo
ℹ️ [スキップ/エラーではありません] 指定日に開催なし: 20260301 07_chukyo
ℹ️ [スキップ/エラーではありません] 指定日に開催なし: 20260301 08_kyoto
ℹ️ [スキップ/エラーではありません] 平均タイムの該当データなし（サンプル不足）: 中山 ダート 未勝利 1800 不
ℹ️ [スキップ/エラーではありません] 平均タイムの該当データなし（サンプル不足）: 中山 ダート 未勝利 1800 不
ℹ️ [スキップ/エラーではありません] 平均タイムの該当データなし（サンプル不足）: 東京 ダート 未勝利 1600 不
ℹ️ [スキップ/エラーではありません] 平均タイムの該当データなし（サンプル不足）: 東京 ダート 未勝利 1600 不
ℹ️ [スキップ/エラーではありません] 平均タイムの該当データなし（サンプル不足）: 東京 ダート 1勝クラス 1600 不
ℹ️ [スキップ/エラーではありません] 平均タイムの該当データなし（サンプル不足）: 東京 ダート 未勝利 1400 不
ℹ️ [スキップ/エラーではありません] 平均タイムの該当データなし（サンプル不足）: 東京 ダート 1勝クラス 1400 不
ℹ️ [スキップ/エラーではありません] 平均タイムの該当データなし（サンプル不足）: 中山 ダート 1勝クラス 1200 不
ℹ️ [スキップ/エラーではありません] 平均タイムの該当データなし（サンプル不足）: 京都 芝 2勝クラス 1200 不
⚠️ プリサイスエンド: 該当コース(9:芝2000) のデータがありません。
ℹ️ [スキップ/エラーではありません] 平均タイムの該当データなし（サンプル不足）: 京都 芝 nan 1600 良
ℹ️ [スキップ/エラーではありません] 平均タイムの該当データなし（サンプル不足）: 中山 ダート 未勝利 1800 不
ℹ️ [スキップ/エラーではありません] 平均タイムの該当データなし（サンプル不足）: 阪神 ダート 未勝利 1200 不
ℹ️ [スキップ/エラーではありません] 平均タイムの該当データなし（サンプル不足）: 東京 ダート 1勝クラス 1400 不
ℹ️ [スキップ/エラーではありません] 平均タイムの該当データなし（サンプル不足）: 小倉 障害 未勝利 2860 良
ℹ️ [スキップ/エラーではありません] 平均タイムの該当データなし（サンプル不足）: 阪神 障害 未勝利 2970 良
ℹ️ [スキップ/エラーではありません] 平均タイムの該当データなし（サンプル不足）: 京都 芝 1勝クラス 2000 不
ℹ️ [スキップ/エラーではありません] 平均タイムの該当データなし（サンプル不足）: 新潟 ダート オープン 1800 不
ℹ️ [スキップ/エラーではありません] 平均タイムの該当データなし（サンプル不足）: 新潟 ダート オープン 1800 不
ℹ️ [スキップ/エラーではありません] 平均タイムの該当データなし（サンプル不足）: 東京 ダート 2勝クラス 2100 不
ℹ️ [スキップ/エラーではありません] 平均タイムの該当データなし（サンプル不足）: 東京 ダート 未勝利 1400 不
ℹ️ [スキップ/エラーではありません] 平均タイムの該当データなし（サンプル不足）: 東京 ダート 未勝利 1400 不
ℹ️ [スキップ/エラーではありません] 平均タイムの該当データなし（サンプル不足）: 小倉 障害 未勝利 2860 稍重
ℹ️ [スキップ/エラーではありません] 平均タイムの該当データなし（サンプル不足）: 中山 障害 未勝利 2880 稍重
ℹ️ [スキップ/エラーではありません] 平均タイムの該当データなし（サンプル不足）: 京都 障害 未勝利 2910 良
ℹ️ [スキップ/エラーではありません] 平均タイムの該当データなし（サンプル不足）: 阪神 障害 未勝利 2970 良
ℹ️ [スキップ/エラーではありません] 平均タイムの該当データなし（サンプル不足）: 小倉 障害 未勝利 2860 良
ℹ️ [スキップ/エラーではありません] 平均タイムの該当データなし（サンプル不足）: 小倉 障害 未勝利 2860 良
ℹ️ [スキップ/エラーではありません] 平均タイムの該当データなし（サンプル不足）: 阪神 障害 未勝利 2970 良
ℹ️ [スキップ/エラーではありません] 平均タイムの該当データなし（サンプル不足）: 京都 障害 未勝利 2910 良
ℹ️ [スキップ/エラーではありません] 平均タイムの該当データなし（サンプル不足）: 京都 障害 未勝利 2910 稍重
ℹ️ [スキップ/エラーではありません] 平均タイムの該当データなし（サンプル不足）: 阪神 障害 未勝利 2970 良
ℹ️ [スキップ/エラーではありません] 平均タイムの該当データなし（サンプル不足）: 小倉 障害 未勝利 2860 稍重
ℹ️ [スキップ/エラーではありません] 平均タイムの該当データなし（サンプル不足）: 阪神 障害 未勝利 2970 良
ℹ️ [スキップ/エラーではありません] 平均タイムの該当データなし（サンプル不足）: 福島 障害 未勝利 2770 良
ℹ️ [スキップ/エラーではありません] 平均タイムの該当データなし（サンプル不足）: 京都 障害 未勝利 2910 稍重
ℹ️ [スキップ/エラーではありません] 平均タイムの該当データなし（サンプル不足）: 小倉 障害 未勝利 2860 良
ℹ️ [スキップ/エラーではありません] 平均タイムの該当データなし（サンプル不足）: 福島 障害 未勝利 2770 良
ℹ️ [スキップ/エラーではありません] 平均タイムの該当データなし（サンプル不足）: 小倉 障害 未勝利 2860 良
ℹ️ [スキップ/エラーではありません] 平均タイムの該当データなし（サンプル不足）: 京都 障害 未勝利 2910 良
ℹ️ [スキップ/エラーではありません] 平均タイムの該当データなし（サンプル不足）: 中山 障害 未勝利 2880 重
ℹ️ [スキップ/エラーではありません] 平均タイムの該当データなし（サンプル不足）: 京都 障害 未勝利 2910 良
ℹ️ [スキップ/エラーではありません] 平均タイムの該当データなし（サンプル不足）: 中山 障害 未勝利 2880 良
ℹ️ [スキップ/エラーではありません] 平均タイムの該当データなし（サンプル不足）: 中山 障害 未勝利 2880 良
ℹ️ [スキップ/エラーではありません] 平均タイムの該当データなし（サンプル不足）: 福島 障害 未勝利 2770 良
ℹ️ [スキップ/エラーではありません] 平均タイムの該当データなし（サンプル不足）: 中山 障害 未勝利 2880 稍重
ℹ️ [スキップ/エラーではありません] 平均タイムの該当データなし（サンプル不足）: 小倉 障害 未勝利 2860 稍重
ℹ️ [スキップ/エラーではありません] 平均タイムの該当データなし（サンプル不足）: 中山 障害 未勝利 2880 良
ℹ️ [スキップ/エラーではありません] 平均タイムの該当データなし（サンプル不足）: 福島 障害 未勝利 2750 良
ℹ️ [スキップ/エラーではありません] 平均タイムの該当データなし（サンプル不足）: 東京 障害 未勝利 3000 良
ℹ️ [スキップ/エラーではありません] 平均タイムの該当データなし（サンプル不足）: 中京 障害 未勝利 3000 良
ℹ️ [スキップ/エラーではありません] 平均タイムの該当データなし（サンプル不足）: 小倉 障害 未勝利 2860 良
ℹ️ [スキップ/エラーではありません] 平均タイムの該当データなし（サンプル不足）: 福島 障害 未勝利 2750 良
ℹ️ [スキップ/エラーではありません] 平均タイムの該当データなし（サンプル不足）: 新潟 障害 未勝利 2890 良
ℹ️ [スキップ/エラーではありません] 平均タイムの該当データなし（サンプル不足）: 小倉 障害 未勝利 2860 良
ℹ️ [スキップ/エラーではありません] 平均タイムの該当データなし（サンプル不足）: 小倉 障害 未勝利 2860 稍重
ℹ️ [スキップ/エラーではありません] 平均タイムの該当データなし（サンプル不足）: 小倉 障害 未勝利 2860 稍重
ℹ️ [スキップ/エラーではありません] 平均タイムの該当データなし（サンプル不足）: 京都 障害 未勝利 2910 良
ℹ️ [スキップ/エラーではありません] 平均タイムの該当データなし（サンプル不足）: 東京 ダート 1勝クラス 1600 不
ℹ️ [スキップ/エラーではありません] 平均タイムの該当データなし（サンプル不足）: 小倉 障害 未勝利 2860 良
ℹ️ [スキップ/エラーではありません] 平均タイムの該当データなし（サンプル不足）: 京都 芝 2勝クラス 1200 不
ℹ️ [スキップ/エラーではありません] 平均タイムの該当データなし（サンプル不足）: 小倉 障害 未勝利 2860 稍重
ℹ️ [スキップ/エラーではありません] 平均タイムの該当データなし（サンプル不足）: 京都 障害 未勝利 2910 良
出馬表再生成: 20260307
ℹ️ [スキップ/エラーではありません] 指定日に開催なし: 20260307 01_sapporo
ℹ️ [スキップ/エラーではありません] 指定日に開催なし: 20260307 02_hakodate
ℹ️ [スキップ/エラーではありません] 指定日に開催なし: 20260307 03_fukushima
ℹ️ [スキップ/エラーではありません] 指定日に開催なし: 20260307 04_nigata
ℹ️ [スキップ/エラーではありません] 指定日に開催なし: 20260307 05_tokyo
ℹ️ [スキップ/エラーではありません] 指定日に開催なし: 20260307 07_chukyo
ℹ️ [スキップ/エラーではありません] 指定日に開催なし: 20260307 08_kyoto
ℹ️ [スキップ/エラーではありません] 指定日に開催なし: 20260307 10_kokura
ℹ️ [スキップ/エラーではありません] 平均タイムの該当データなし（サンプル不足）: 東京 ダート 新馬 1400 不
ℹ️ [スキップ/エラーではありません] 平均タイムの該当データなし（サンプル不足）: 東京 ダート 未勝利 1600 不
ℹ️ [スキップ/エラーではありません] 平均タイムの該当データなし（サンプル不足）: 中山 ダート 未勝利 1200 不
ℹ️ [スキップ/エラーではありません] 平均タイムの該当データなし（サンプル不足）: 中山 障害 未勝利 2880 良
ℹ️ [スキップ/エラーではありません] 平均タイムの該当データなし（サンプル不足）: 阪神 障害 未勝利 2970 良
ℹ️ [スキップ/エラーではありません] 平均タイムの該当データなし（サンプル不足）: 福島 障害 未勝利 2750 良
ℹ️ [スキップ/エラーではありません] 平均タイムの該当データなし（サンプル不足）: 小倉 障害 未勝利 2860 稍重
ℹ️ [スキップ/エラーではありません] 平均タイムの該当データなし（サンプル不足）: 中山 障害 未勝利 2880 良
ℹ️ [スキップ/エラーではありません] 平均タイムの該当データなし（サンプル不足）: 阪神 障害 未勝利 2970 良
ℹ️ [スキップ/エラーではありません] 平均タイムの該当データなし（サンプル不足）: 福島 障害 未勝利 2770 良
ℹ️ [スキップ/エラーではありません] 平均タイムの該当データなし（サンプル不足）: 福島 障害 未勝利 2750 良
ℹ️ [スキップ/エラーではありません] 平均タイムの該当データなし（サンプル不足）: 小倉 障害 未勝利 2860 稍重
ℹ️ [スキップ/エラーではありません] 平均タイムの該当データなし（サンプル不足）: 中山 障害 未勝利 2880 重
ℹ️ [スキップ/エラーではありません] 平均タイムの該当データなし（サンプル不足）: 新潟 ダート 1勝クラス 1800 不
ℹ️ [スキップ/エラーではありません] 平均タイムの該当データなし（サンプル不足）: 東京 ダート 1勝クラス 1600 不
ℹ️ [スキップ/エラーではありません] 平均タイムの該当データなし（サンプル不足）: 中山 障害 オープン 4100 良
ℹ️ [スキップ/エラーではありません] 平均タイムの該当データなし（サンプル不足）: 東京 障害 オープン 3110 良
ℹ️ [スキップ/エラーではありません] 平均タイムの該当データなし（サンプル不足）: 新潟 障害 オープン 3250 良
ℹ️ [スキップ/エラーではありません] 平均タイムの該当データなし（サンプル不足）: 新潟 障害 オープン 2850 良
ℹ️ [スキップ/エラーではありません] 平均タイムの該当データなし（サンプル不足）: 東京 障害 オープン 3110 良
ℹ️ [スキップ/エラーではありません] 平均タイムの該当データなし（サンプル不足）: 阪神 障害 オープン 3110 良
ℹ️ [スキップ/エラーではありません] 平均タイムの該当データなし（サンプル不足）: 東京 障害 未勝利 3000 稍重
ℹ️ [スキップ/エラーではありません] 平均タイムの該当データなし（サンプル不足）: 京都 障害 オープン 3170 良
ℹ️ [スキップ/エラーではありません] 平均タイムの該当データなし（サンプル不足）: 東京 障害 オープン 3110 良
ℹ️ [スキップ/エラーではありません] 平均タイムの該当データなし（サンプル不足）: 東京 障害 オープン 3110 良
ℹ️ [スキップ/エラーではありません] 平均タイムの該当データなし（サンプル不足）: 阪神 障害 オープン 3110 良
ℹ️ [スキップ/エラーではありません] 平均タイムの該当データなし（サンプル不足）: 京都 障害 オープン 3170 良
ℹ️ [スキップ/エラーではありません] 平均タイムの該当データなし（サンプル不足）: 小倉 障害 オープン 2860 良
ℹ️ [スキップ/エラーではありません] 平均タイムの該当データなし（サンプル不足）: 福島 障害 未勝利 2750 良
ℹ️ [スキップ/エラーではありません] 平均タイムの該当データなし（サンプル不足）: 福島 障害 未勝利 2770 良
ℹ️ [スキップ/エラーではありません] 平均タイムの該当データなし（サンプル不足）: 東京 障害 未勝利 3000 稍重
ℹ️ [スキップ/エラーではありません] 平均タイムの該当データなし（サンプル不足）: 福島 障害 未勝利 2770 良
ℹ️ [スキップ/エラーではありません] 平均タイムの該当データなし（サンプル不足）: 新潟 障害 未勝利 2890 稍重
ℹ️ [スキップ/エラーではありません] 平均タイムの該当データなし（サンプル不足）: 中山 障害 未勝利 2880 良
ℹ️ [スキップ/エラーではありません] 平均タイムの該当データなし（サンプル不足）: 京都 障害 オープン 3170 良
ℹ️ [スキップ/エラーではありません] 平均タイムの該当データなし（サンプル不足）: 阪神 障害 オープン 3110 良
ℹ️ [スキップ/エラーではありません] 平均タイムの該当データなし（サンプル不足）: 京都 障害 オープン 3170 良
ℹ️ [スキップ/エラーではありません] 平均タイムの該当データなし（サンプル不足）: 中山 障害 未勝利 2880 良
ℹ️ [スキップ/エラーではありません] 平均タイムの該当データなし（サンプル不足）: 新潟 障害 未勝利 2850 良
ℹ️ [スキップ/エラーではありません] 平均タイムの該当データなし（サンプル不足）: 中山 障害 未勝利 2880 良
ℹ️ [スキップ/エラーではありません] 平均タイムの該当データなし（サンプル不足）: 中山 障害 未勝利 2880 良
ℹ️ [スキップ/エラーではありません] 平均タイムの該当データなし（サンプル不足）: 福島 障害 未勝利 2750 良
ℹ️ [スキップ/エラーではありません] 平均タイムの該当データなし（サンプル不足）: 京都 障害 未勝利 2910 良
ℹ️ [スキップ/エラーではありません] 平均タイムの該当データなし（サンプル不足）: 中山 障害 オープン 3200 良
ℹ️ [スキップ/エラーではありません] 平均タイムの該当データなし（サンプル不足）: 京都 障害 オープン 3170 良
ℹ️ [スキップ/エラーではありません] 平均タイムの該当データなし（サンプル不足）: 中京 障害 オープン 3300 良
ℹ️ [スキップ/エラーではありません] 平均タイムの該当データなし（サンプル不足）: 京都 障害 オープン 3170 良
ℹ️ [スキップ/エラーではありません] 平均タイムの該当データなし（サンプル不足）: 新潟 障害 オープン 2890 良
ℹ️ [スキップ/エラーではありません] 平均タイムの該当データなし（サンプル不足）: 中山 障害 オープン 3200 良
ℹ️ [スキップ/エラーではありません] 平均タイムの該当データなし（サンプル不足）: 中京 障害 オープン 3330 良
ℹ️ [スキップ/エラーではありません] 平均タイムの該当データなし（サンプル不足）: 中京 障害 オープン 3300 良
ℹ️ [スキップ/エラーではありません] 平均タイムの該当データなし（サンプル不足）: 小倉 障害 オープン 3390 良
ℹ️ [スキップ/エラーではありません] 平均タイムの該当データなし（サンプル不足）: 小倉 障害 未勝利 2860 稍重
ℹ️ [スキップ/エラーではありません] 平均タイムの該当データなし（サンプル不足）: 阪神 障害 オープン 3110 良
ℹ️ [スキップ/エラーではありません] 平均タイムの該当データなし（サンプル不足）: 福島 障害 オープン 3380 良
ℹ️ [スキップ/エラーではありません] 平均タイムの該当データなし（サンプル不足）: 中京 障害 未勝利 3000 良
ℹ️ [スキップ/エラーではありません] 平均タイムの該当データなし（サンプル不足）: 新潟 障害 未勝利 2850 良
ℹ️ [スキップ/エラーではありません] 平均タイムの該当データなし（サンプル不足）: 新潟 障害 未勝利 2890 稍重
ℹ️ [スキップ/エラーではありません] 平均タイムの該当データなし（サンプル不足）: 小倉 障害 オープン 2860 良
ℹ️ [スキップ/エラーではありません] 平均タイムの該当データなし（サンプル不足）: 阪神 障害 未勝利 2970 良
ℹ️ [スキップ/エラーではありません] 平均タイムの該当データなし（サンプル不足）: 中山 ダート 未勝利 1800 不
ℹ️ [スキップ/エラーではありません] 平均タイムの該当データなし（サンプル不足）: 東京 ダート 未勝利 1400 不
ℹ️ [スキップ/エラーではありません] 平均タイムの該当データなし（サンプル不足）: 東京 ダート 未勝利 1400 不
ℹ️ [スキップ/エラーではありません] 平均タイムの該当データなし（サンプル不足）: 新潟 ダート オープン 1800 不
ℹ️ [スキップ/エラーではありません] 平均タイムの該当データなし（サンプル不足）: 小倉 ダート 未勝利 1000 不
❌ [要確認/エラー] シャロン のレポート作成に失敗: 'NoneType' object is not subscriptable
ℹ️ [スキップ/エラーではありません] 平均タイムの該当データなし（サンプル不足）: 京都 ダート 未勝利 1900 不
ℹ️ [スキップ/エラーではありません] 平均タイムの該当データなし（サンプル不足）: 東京 ダート 2勝クラス 1600 不
ℹ️ [スキップ/エラーではありません] 平均タイムの該当データなし（サンプル不足）: 京都 ダート 3勝クラス 1200 不
ℹ️ [スキップ/エラーではありません] 平均タイムの該当データなし（サンプル不足）: 京都 ダート 3勝クラス 1200 不
ℹ️ [スキップ/エラーではありません] 平均タイムの該当データなし（サンプル不足）: 京都 ダート 3勝クラス 1200 不
ℹ️ [スキップ/エラーではありません] 平均タイムの該当データなし（サンプル不足）: 京都 ダート 3勝クラス 1200 不
ℹ️ [スキップ/エラーではありません] 平均タイムの該当データなし（サンプル不足）: 京都 ダート 3勝クラス 1200 不
ℹ️ [スキップ/エラーではありません] 平均タイムの該当データなし（サンプル不足）: 東京 ダート 1勝クラス 1400 不
ℹ️ [スキップ/エラーではありません] 平均タイムの該当データなし（サンプル不足）: 東京 ダート 1勝クラス 1600 不
出馬表再生成: 20260308
ℹ️ [スキップ/エラーではありません] 指定日に開催なし: 20260308 01_sapporo
ℹ️ [スキップ/エラーではありません] 指定日に開催なし: 20260308 02_hakodate
ℹ️ [スキップ/エラーではありません] 指定日に開催なし: 20260308 03_fukushima
ℹ️ [スキップ/エラーではありません] 指定日に開催なし: 20260308 04_nigata
ℹ️ [スキップ/エラーではありません] 指定日に開催なし: 20260308 05_tokyo
ℹ️ [スキップ/エラーではありません] 指定日に開催なし: 20260308 07_chukyo
ℹ️ [スキップ/エラーではありません] 指定日に開催なし: 20260308 08_kyoto
ℹ️ [スキップ/エラーではありません] 指定日に開催なし: 20260308 10_kokura
ℹ️ [スキップ/エラーではありません] 平均タイムの該当データなし（サンプル不足）: 中山 ダート 未勝利 1200 不
ℹ️ [スキップ/エラーではありません] 平均タイムの該当データなし（サンプル不足）: 中山 障害 未勝利 2880 良
ℹ️ [スキップ/エラーではありません] 平均タイムの該当データなし（サンプル不足）: 中山 障害 未勝利 2880 重
ℹ️ [スキップ/エラーではありません] 平均タイムの該当データなし（サンプル不足）: 小倉 障害 未勝利 2860 良
ℹ️ [スキップ/エラーではありません] 平均タイムの該当データなし（サンプル不足）: 東京 障害 未勝利 3000 稍重
ℹ️ [スキップ/エラーではありません] 平均タイムの該当データなし（サンプル不足）: 中山 障害 未勝利 2880 良
ℹ️ [スキップ/エラーではありません] 平均タイムの該当データなし（サンプル不足）: 新潟 障害 未勝利 2890 良
ℹ️ [スキップ/エラーではありません] 平均タイムの該当データなし（サンプル不足）: 小倉 障害 未勝利 2860 稍重
ℹ️ [スキップ/エラーではありません] 平均タイムの該当データなし（サンプル不足）: 小倉 障害 未勝利 2860 良
ℹ️ [スキップ/エラーではありません] 平均タイムの該当データなし（サンプル不足）: 福島 障害 未勝利 2770 良
ℹ️ [スキップ/エラーではありません] 平均タイムの該当データなし（サンプル不足）: 福島 障害 未勝利 2750 良
ℹ️ [スキップ/エラーではありません] 平均タイムの該当データなし（サンプル不足）: 小倉 障害 未勝利 2860 稍重
ℹ️ [スキップ/エラーではありません] 平均タイムの該当データなし（サンプル不足）: 小倉 障害 未勝利 2860 良
ℹ️ [スキップ/エラーではありません] 平均タイムの該当データなし（サンプル不足）: 東京 障害 未勝利 3000 稍重
ℹ️ [スキップ/エラーではありません] 平均タイムの該当データなし（サンプル不足）: 中山 障害 未勝利 2880 稍重
ℹ️ [スキップ/エラーではありません] 平均タイムの該当データなし（サンプル不足）: 中山 障害 未勝利 2880 稍重
ℹ️ [スキップ/エラーではありません] 平均タイムの該当データなし（サンプル不足）: 小倉 障害 未勝利 2860 良
ℹ️ [スキップ/エラーではありません] 平均タイムの該当データなし（サンプル不足）: 小倉 障害 未勝利 2860 良
ℹ️ [スキップ/エラーではありません] 平均タイムの該当データなし（サンプル不足）: 福島 障害 未勝利 2770 良
ℹ️ [スキップ/エラーではありません] 平均タイムの該当データなし（サンプル不足）: 小倉 障害 未勝利 2860 良
ℹ️ [スキップ/エラーではありません] 平均タイムの該当データなし（サンプル不足）: 中山 障害 未勝利 2880 良
ℹ️ [スキップ/エラーではありません] 平均タイムの該当データなし（サンプル不足）: 中山 障害 未勝利 2880 重
ℹ️ [スキップ/エラーではありません] 平均タイムの該当データなし（サンプル不足）: 東京 障害 未勝利 3000 稍重
ℹ️ [スキップ/エラーではありません] 平均タイムの該当データなし（サンプル不足）: 新潟 障害 未勝利 2850 良
ℹ️ [スキップ/エラーではありません] 平均タイムの該当データなし（サンプル不足）: 小倉 障害 未勝利 2860 良
ℹ️ [スキップ/エラーではありません] 平均タイムの該当データなし（サンプル不足）: 小倉 障害 未勝利 2860 良
ℹ️ [スキップ/エラーではありません] 平均タイムの該当データなし（サンプル不足）: 小倉 障害 未勝利 2860 良
ℹ️ [スキップ/エラーではありません] 平均タイムの該当データなし（サンプル不足）: 中山 障害 未勝利 2880 良
ℹ️ [スキップ/エラーではありません] 平均タイムの該当データなし（サンプル不足）: 札幌 ダート 1勝クラス 1000 不
ℹ️ [スキップ/エラーではありません] 平均タイムの該当データなし（サンプル不足）: 東京 ダート 未勝利 1400 不
ℹ️ [スキップ/エラーではありません] 平均タイムの該当データなし（サンプル不足）: 新潟 ダート オープン 1800 不
ℹ️ [スキップ/エラーではありません] 平均タイムの該当データなし（サンプル不足）: 京都 芝 1勝クラス 2000 不
ℹ️ [スキップ/エラーではありません] 平均タイムの該当データなし（サンプル不足）: 新潟 ダート オープン 1800 不
ℹ️ [スキップ/エラーではありません] 平均タイムの該当データなし（サンプル不足）: 京都 ダート オープン 1800 不
ℹ️ [スキップ/エラーではありません] 平均タイムの該当データなし（サンプル不足）: 新潟 ダート オープン 1800 不
ℹ️ [スキップ/エラーではありません] 平均タイムの該当データなし（サンプル不足）: 京都 芝 2勝クラス 1200 不
ℹ️ [スキップ/エラーではありません] 平均タイムの該当データなし（サンプル不足）: 東京 ダート 新馬 1400 不
ℹ️ [スキップ/エラーではありません] 平均タイムの該当データなし（サンプル不足）: 京都 ダート 未勝利 1200 不
ℹ️ [スキップ/エラーではありません] 平均タイムの該当データなし（サンプル不足）: 中山 ダート 未勝利 1800 不
ℹ️ [スキップ/エラーではありません] 平均タイムの該当データなし（サンプル不足）: 京都 ダート 未勝利 1900 不
ℹ️ [スキップ/エラーではありません] 平均タイムの該当データなし（サンプル不足）: 京都 芝 未勝利 1800 不
ℹ️ [スキップ/エラーではありません] 平均タイムの該当データなし（サンプル不足）: 東京 ダート 2勝クラス 1600 不
ℹ️ [スキップ/エラーではありません] 平均タイムの該当データなし（サンプル不足）: 札幌 ダート 1勝クラス 1000 不
ℹ️ [スキップ/エラーではありません] 平均タイムの該当データなし（サンプル不足）: 東京 ダート 1勝クラス 1600 不
出馬表再生成: 20260314
ℹ️ [スキップ/エラーではありません] 指定日に開催なし: 20260314 01_sapporo
ℹ️ [スキップ/エラーではありません] 指定日に開催なし: 20260314 02_hakodate
ℹ️ [スキップ/エラーではありません] 指定日に開催なし: 20260314 03_fukushima
ℹ️ [スキップ/エラーではありません] 指定日に開催なし: 20260314 04_nigata
ℹ️ [スキップ/エラーではありません] 指定日に開催なし: 20260314 05_tokyo
ℹ️ [スキップ/エラーではありません] 指定日に開催なし: 20260314 08_kyoto
ℹ️ [スキップ/エラーではありません] 指定日に開催なし: 20260314 10_kokura
ℹ️ [スキップ/エラーではありません] 平均タイムの該当データなし（サンプル不足）: 東京 ダート 未勝利 1400 不
ℹ️ [スキップ/エラーではありません] 平均タイムの該当データなし（サンプル不足）: 中山 ダート 未勝利 1800 不
ℹ️ [スキップ/エラーではありません] 平均タイムの該当データなし（サンプル不足）: 中山 ダート 未勝利 1200 不
ℹ️ [スキップ/エラーではありません] 平均タイムの該当データなし（サンプル不足）: 中山 ダート 未勝利 1200 不
ℹ️ [スキップ/エラーではありません] 平均タイムの該当データなし（サンプル不足）: 東京 ダート 未勝利 1600 不
ℹ️ [スキップ/エラーではありません] 平均タイムの該当データなし（サンプル不足）: 中山 ダート 未勝利 1800 不
ℹ️ [スキップ/エラーではありません] 平均タイムの該当データなし（サンプル不足）: 中山 ダート 未勝利 1800 不
ℹ️ [スキップ/エラーではありません] 平均タイムの該当データなし（サンプル不足）: 中山 ダート 未勝利 1800 不
ℹ️ [スキップ/エラーではありません] 平均タイムの該当データなし（サンプル不足）: 中山 障害 オープン 3570 良
ℹ️ [スキップ/エラーではありません] 平均タイムの該当データなし（サンプル不足）: 東京 障害 オープン 3110 稍重
ℹ️ [スキップ/エラーではありません] 平均タイムの該当データなし（サンプル不足）: 新潟 障害 オープン 3250 稍重
ℹ️ [スキップ/エラーではありません] 平均タイムの該当データなし（サンプル不足）: 東京 障害 オープン 3110 稍重
ℹ️ [スキップ/エラーではありません] 平均タイムの該当データなし（サンプル不足）: 東京 ダート 1勝クラス 1400 不
ℹ️ [スキップ/エラーではありません] 平均タイムの該当データなし（サンプル不足）: 中山 ダート 1勝クラス 1200 不
ℹ️ [スキップ/エラーではありません] 平均タイムの該当データなし（サンプル不足）: 東京 ダート 1勝クラス 1600 不
ℹ️ [スキップ/エラーではありません] 平均タイムの該当データなし（サンプル不足）: 東京 ダート 1勝クラス 1400 不
ℹ️ [スキップ/エラーではありません] 平均タイムの該当データなし（サンプル不足）: 中山 ダート 未勝利 1200 不
ℹ️ [スキップ/エラーではありません] 平均タイムの該当データなし（サンプル不足）: 東京 ダート 未勝利 1300 不
ℹ️ [スキップ/エラーではありません] 平均タイムの該当データなし（サンプル不足）: 東京 ダート 1勝クラス 1600 不
ℹ️ [スキップ/エラーではありません] 平均タイムの該当データなし（サンプル不足）: 京都 ダート 未勝利 1200 不
ℹ️ [スキップ/エラーではありません] 平均タイムの該当データなし（サンプル不足）: 東京 ダート 新馬 1400 不
ℹ️ [スキップ/エラーではありません] 平均タイムの該当データなし（サンプル不足）: 京都 芝 1勝クラス 2000 不
ℹ️ [スキップ/エラーではありません] 平均タイムの該当データなし（サンプル不足）: 中山 ダート 1勝クラス 1200 不
ℹ️ [スキップ/エラーではありません] 平均タイムの該当データなし（サンプル不足）: 小倉 障害 未勝利 2860 良
ℹ️ [スキップ/エラーではありません] 平均タイムの該当データなし（サンプル不足）: 中山 障害 未勝利 2880 稍重
ℹ️ [スキップ/エラーではありません] 平均タイムの該当データなし（サンプル不足）: 小倉 ダート 1勝クラス 1000 不
ℹ️ [スキップ/エラーではありません] 平均タイムの該当データなし（サンプル不足）: 中山 ダート 未勝利 1800 不
ℹ️ [スキップ/エラーではありません] 平均タイムの該当データなし（サンプル不足）: 小倉 障害 未勝利 2860 稍重
ℹ️ [スキップ/エラーではありません] 平均タイムの該当データなし（サンプル不足）: 中山 障害 未勝利 2880 良
ℹ️ [スキップ/エラーではありません] 平均タイムの該当データなし（サンプル不足）: 福島 障害 未勝利 2770 良
ℹ️ [スキップ/エラーではありません] 平均タイムの該当データなし（サンプル不足）: 京都 芝 オープン 1400 不
ℹ️ [スキップ/エラーではありません] 平均タイムの該当データなし（サンプル不足）: 中京 芝 未勝利 1600 不
ℹ️ [スキップ/エラーではありません] 平均タイムの該当データなし（サンプル不足）: 中山 ダート 1勝クラス 1200 不
ℹ️ [スキップ/エラーではありません] 平均タイムの該当データなし（サンプル不足）: 小倉 ダート 未勝利 1700 不
ℹ️ [スキップ/エラーではありません] 平均タイムの該当データなし（サンプル不足）: 阪神 ダート 未勝利 1800 不
ℹ️ [スキップ/エラーではありません] 平均タイムの該当データなし（サンプル不足）: 京都 ダート 未勝利 1400 不
ℹ️ [スキップ/エラーではありません] 平均タイムの該当データなし（サンプル不足）: 京都 ダート 未勝利 1400 不
ℹ️ [スキップ/エラーではありません] 平均タイムの該当データなし（サンプル不足）: 東京 ダート 1勝クラス 1600 不
ℹ️ [スキップ/エラーではありません] 平均タイムの該当データなし（サンプル不足）: 東京 ダート 1勝クラス 1400 不
ℹ️ [スキップ/エラーではありません] 平均タイムの該当データなし（サンプル不足）: 京都 ダート 1勝クラス 1400 不
ℹ️ [スキップ/エラーではありません] 平均タイムの該当データなし（サンプル不足）: 小倉 障害 オープン 3390 良
ℹ️ [スキップ/エラーではありません] 平均タイムの該当データなし（サンプル不足）: 阪神 障害 オープン 3110 良
ℹ️ [スキップ/エラーではありません] 平均タイムの該当データなし（サンプル不足）: 京都 障害 未勝利 2910 良
ℹ️ [スキップ/エラーではありません] 平均タイムの該当データなし（サンプル不足）: 京都 障害 未勝利 2910 良
ℹ️ [スキップ/エラーではありません] 平均タイムの該当データなし（サンプル不足）: 小倉 障害 未勝利 2860 良
ℹ️ [スキップ/エラーではありません] 平均タイムの該当データなし（サンプル不足）: 中山 障害 オープン 4100 良
ℹ️ [スキップ/エラーではありません] 平均タイムの該当データなし（サンプル不足）: 東京 障害 オープン 3110 良
ℹ️ [スキップ/エラーではありません] 平均タイムの該当データなし（サンプル不足）: 中山 障害 オープン 4260 良
ℹ️ [スキップ/エラーではありません] 平均タイムの該当データなし（サンプル不足）: 阪神 障害 オープン 3900 良
ℹ️ [スキップ/エラーではありません] 平均タイムの該当データなし（サンプル不足）: 中山 障害 オープン 4100 良
ℹ️ [スキップ/エラーではありません] 平均タイムの該当データなし（サンプル不足）: 中山 障害 オープン 3200 良
ℹ️ [スキップ/エラーではありません] 平均タイムの該当データなし（サンプル不足）: 中山 障害 オープン 3570 良
ℹ️ [スキップ/エラーではありません] 平均タイムの該当データなし（サンプル不足）: 京都 障害 オープン 3170 良
ℹ️ [スキップ/エラーではありません] 平均タイムの該当データなし（サンプル不足）: 中京 障害 オープン 3330 良
ℹ️ [スキップ/エラーではありません] 平均タイムの該当データなし（サンプル不足）: 中京 障害 未勝利 3000 良
ℹ️ [スキップ/エラーではありません] 平均タイムの該当データなし（サンプル不足）: 小倉 障害 オープン 3390 良
ℹ️ [スキップ/エラーではありません] 平均タイムの該当データなし（サンプル不足）: 京都 障害 未勝利 2910 良
ℹ️ [スキップ/エラーではありません] 平均タイムの該当データなし（サンプル不足）: 阪神 障害 未勝利 2970 良
ℹ️ [スキップ/エラーではありません] 平均タイムの該当データなし（サンプル不足）: 京都 障害 未勝利 2910 良
ℹ️ [スキップ/エラーではありません] 平均タイムの該当データなし（サンプル不足）: 中京 障害 未勝利 3000 良
ℹ️ [スキップ/エラーではありません] 平均タイムの該当データなし（サンプル不足）: 小倉 障害 オープン 3390 良
ℹ️ [スキップ/エラーではありません] 平均タイムの該当データなし（サンプル不足）: 阪神 障害 オープン 3110 良
ℹ️ [スキップ/エラーではありません] 平均タイムの該当データなし（サンプル不足）: 京都 障害 オープン 3170 良
ℹ️ [スキップ/エラーではありません] 平均タイムの該当データなし（サンプル不足）: 阪神 障害 オープン 3140 良
ℹ️ [スキップ/エラーではありません] 平均タイムの該当データなし（サンプル不足）: 小倉 障害 未勝利 2860 良
ℹ️ [スキップ/エラーではありません] 平均タイムの該当データなし（サンプル不足）: 中山 障害 オープン 4100 良
ℹ️ [スキップ/エラーではありません] 平均タイムの該当データなし（サンプル不足）: 京都 障害 オープン 3170 良
ℹ️ [スキップ/エラーではありません] 平均タイムの該当データなし（サンプル不足）: 中山 障害 オープン 3210 稍重
ℹ️ [スキップ/エラーではありません] 平均タイムの該当データなし（サンプル不足）: 京都 障害 オープン 3930 不
ℹ️ [スキップ/エラーではありません] 平均タイムの該当データなし（サンプル不足）: 阪神 障害 オープン 3900 良
ℹ️ [スキップ/エラーではありません] 平均タイムの該当データなし（サンプル不足）: 中山 障害 オープン 3570 良
ℹ️ [スキップ/エラーではありません] 平均タイムの該当データなし（サンプル不足）: 中京 障害 オープン 3300 良
ℹ️ [スキップ/エラーではありません] 平均タイムの該当データなし（サンプル不足）: 阪神 障害 オープン 3110 良
ℹ️ [スキップ/エラーではありません] 平均タイムの該当データなし（サンプル不足）: 中山 障害 オープン 3350 良
ℹ️ [スキップ/エラーではありません] 平均タイムの該当データなし（サンプル不足）: 福島 障害 未勝利 2750 良
ℹ️ [スキップ/エラーではありません] 平均タイムの該当データなし（サンプル不足）: 小倉 障害 オープン 2860 良
ℹ️ [スキップ/エラーではありません] 平均タイムの該当データなし（サンプル不足）: 東京 障害 オープン 3110 良
ℹ️ [スキップ/エラーではありません] 平均タイムの該当データなし（サンプル不足）: 京都 障害 オープン 3170 良
ℹ️ [スキップ/エラーではありません] 平均タイムの該当データなし（サンプル不足）: 福島 障害 未勝利 2770 良
ℹ️ [スキップ/エラーではありません] 平均タイムの該当データなし（サンプル不足）: 小倉 障害 未勝利 2860 良
ℹ️ [スキップ/エラーではありません] 平均タイムの該当データなし（サンプル不足）: 中山 障害 オープン 3200 良
ℹ️ [スキップ/エラーではありません] 平均タイムの該当データなし（サンプル不足）: 京都 障害 オープン 3170 良
ℹ️ [スキップ/エラーではありません] 平均タイムの該当データなし（サンプル不足）: 京都 障害 オープン 3170 良
ℹ️ [スキップ/エラーではありません] 平均タイムの該当データなし（サンプル不足）: 京都 障害 オープン 3170 良
ℹ️ [スキップ/エラーではありません] 平均タイムの該当データなし（サンプル不足）: 中山 障害 オープン 4100 良
ℹ️ [スキップ/エラーではありません] 平均タイムの該当データなし（サンプル不足）: 阪神 障害 オープン 3140 良
ℹ️ [スキップ/エラーではありません] 平均タイムの該当データなし（サンプル不足）: 小倉 障害 オープン 3390 良
ℹ️ [スキップ/エラーではありません] 平均タイムの該当データなし（サンプル不足）: 中山 障害 オープン 4260 良
ℹ️ [スキップ/エラーではありません] 平均タイムの該当データなし（サンプル不足）: 阪神 障害 オープン 3900 良
ℹ️ [スキップ/エラーではありません] 平均タイムの該当データなし（サンプル不足）: 中山 障害 未勝利 2880 稍重
ℹ️ [スキップ/エラーではありません] 平均タイムの該当データなし（サンプル不足）: 福島 障害 未勝利 2750 良
ℹ️ [スキップ/エラーではありません] 平均タイムの該当データなし（サンプル不足）: 東京 ダート オープン 1400 不
ℹ️ [スキップ/エラーではありません] 平均タイムの該当データなし（サンプル不足）: 東京 ダート オープン 1400 不
ℹ️ [スキップ/エラーではありません] 平均タイムの該当データなし（サンプル不足）: 京都 ダート 3勝クラス 1200 不
ℹ️ [スキップ/エラーではありません] 平均タイムの該当データなし（サンプル不足）: 新潟 ダート オープン 1800 不
ℹ️ [スキップ/エラーではありません] 平均タイムの該当データなし（サンプル不足）: 東京 ダート オープン 1400 不
ℹ️ [スキップ/エラーではありません] 平均タイムの該当データなし（サンプル不足）: 京都 ダート 3勝クラス 1200 不
ℹ️ [スキップ/エラーではありません] 平均タイムの該当データなし（サンプル不足）: 小倉 芝 新馬 2000 不
ℹ️ [スキップ/エラーではありません] 平均タイムの該当データなし（サンプル不足）: 阪神 ダート 未勝利 1800 不
ℹ️ [スキップ/エラーではありません] 平均タイムの該当データなし（サンプル不足）: 中京 ダート 未勝利 1800 不
出馬表再生成: 20260315
ℹ️ [スキップ/エラーではありません] 指定日に開催なし: 20260315 01_sapporo
ℹ️ [スキップ/エラーではありません] 指定日に開催なし: 20260315 02_hakodate
ℹ️ [スキップ/エラーではありません] 指定日に開催なし: 20260315 03_fukushima
ℹ️ [スキップ/エラーではありません] 指定日に開催なし: 20260315 04_nigata
ℹ️ [スキップ/エラーではありません] 指定日に開催なし: 20260315 05_tokyo
ℹ️ [スキップ/エラーではありません] 指定日に開催なし: 20260315 08_kyoto
ℹ️ [スキップ/エラーではありません] 指定日に開催なし: 20260315 10_kokura
ℹ️ [スキップ/エラーではありません] 平均タイムの該当データなし（サンプル不足）: 中山 ダート 未勝利 1200 不
ℹ️ [スキップ/エラーではありません] 平均タイムの該当データなし（サンプル不足）: 中山 ダート 未勝利 1200 不
ℹ️ [スキップ/エラーではありません] 平均タイムの該当データなし（サンプル不足）: 中山 ダート 未勝利 1200 不
ℹ️ [スキップ/エラーではありません] 平均タイムの該当データなし（サンプル不足）: 中京 ダート 1勝クラス 1200 不
ℹ️ [スキップ/エラーではありません] 平均タイムの該当データなし（サンプル不足）: 東京 ダート 1勝クラス 1600 不
ℹ️ [スキップ/エラーではありません] 平均タイムの該当データなし（サンプル不足）: 新潟 ダート 1勝クラス 1800 不
ℹ️ [スキップ/エラーではありません] 平均タイムの該当データなし（サンプル不足）: 新潟 ダート 未勝利 1200 不
ℹ️ [スキップ/エラーではありません] 平均タイムの該当データなし（サンプル不足）: 中山 ダート 未勝利 1200 不
ℹ️ [スキップ/エラーではありません] 平均タイムの該当データなし（サンプル不足）: 新潟 障害 未勝利 2890 良
ℹ️ [スキップ/エラーではありません] 平均タイムの該当データなし（サンプル不足）: 新潟 障害 未勝利 2890 稍重
ℹ️ [スキップ/エラーではありません] 平均タイムの該当データなし（サンプル不足）: 阪神 障害 未勝利 2970 良
ℹ️ [スキップ/エラーではありません] 平均タイムの該当データなし（サンプル不足）: 阪神 障害 未勝利 2970 良
ℹ️ [スキップ/エラーではありません] 平均タイムの該当データなし（サンプル不足）: 阪神 障害 未勝利 2970 良
ℹ️ [スキップ/エラーではありません] 平均タイムの該当データなし（サンプル不足）: 中京 障害 未勝利 3000 良
ℹ️ [スキップ/エラーではありません] 平均タイムの該当データなし（サンプル不足）: 中山 ダート 2勝クラス 2400 不
ℹ️ [スキップ/エラーではありません] 平均タイムの該当データなし（サンプル不足）: 中山 ダート 2勝クラス 2400 不
ℹ️ [スキップ/エラーではありません] 平均タイムの該当データなし（サンプル不足）: 京都 ダート 2勝クラス 1800 不
ℹ️ [スキップ/エラーではありません] 平均タイムの該当データなし（サンプル不足）: 東京 ダート オープン 1600 不
ℹ️ [スキップ/エラーではありません] 平均タイムの該当データなし（サンプル不足）: 小倉 ダート 未勝利 1700 不
ℹ️ [スキップ/エラーではありません] 平均タイムの該当データなし（サンプル不足）: 中山 ダート 1勝クラス 1200 不
ℹ️ [スキップ/エラーではありません] 平均タイムの該当データなし（サンプル不足）: 京都 ダート 1勝クラス 1400 不
ℹ️ [スキップ/エラーではありません] 平均タイムの該当データなし（サンプル不足）: 阪神 ダート 未勝利 1200 不
ℹ️ [スキップ/エラーではありません] 平均タイムの該当データなし（サンプル不足）: 東京 ダート 1勝クラス 1600 不
ℹ️ [スキップ/エラーではありません] 平均タイムの該当データなし（サンプル不足）: 函館 ダート 未勝利 1000 不
ℹ️ [スキップ/エラーではありません] 平均タイムの該当データなし（サンプル不足）: 新潟 ダート 未勝利 1200 不
ℹ️ [スキップ/エラーではありません] 平均タイムの該当データなし（サンプル不足）: 京都 ダート 未勝利 1200 不
ℹ️ [スキップ/エラーではありません] 平均タイムの該当データなし（サンプル不足）: 京都 ダート 未勝利 1200 不
ℹ️ [スキップ/エラーではありません] 平均タイムの該当データなし（サンプル不足）: 中山 障害 未勝利 2880 良
ℹ️ [スキップ/エラーではありません] 平均タイムの該当データなし（サンプル不足）: 阪神 障害 未勝利 2970 良
ℹ️ [スキップ/エラーではありません] 平均タイムの該当データなし（サンプル不足）: 阪神 障害 未勝利 2970 良
ℹ️ [スキップ/エラーではありません] 平均タイムの該当データなし（サンプル不足）: 中山 障害 未勝利 2880 良
ℹ️ [スキップ/エラーではありません] 平均タイムの該当データなし（サンプル不足）: 京都 障害 未勝利 2910 良
ℹ️ [スキップ/エラーではありません] 平均タイムの該当データなし（サンプル不足）: 中山 障害 未勝利 2880 良
ℹ️ [スキップ/エラーではありません] 平均タイムの該当データなし（サンプル不足）: 新潟 障害 未勝利 2890 良
ℹ️ [スキップ/エラーではありません] 平均タイムの該当データなし（サンプル不足）: 小倉 障害 未勝利 2860 良
ℹ️ [スキップ/エラーではありません] 平均タイムの該当データなし（サンプル不足）: 小倉 障害 未勝利 2860 良
ℹ️ [スキップ/エラーではありません] 平均タイムの該当データなし（サンプル不足）: 小倉 障害 未勝利 2860 稍重
ℹ️ [スキップ/エラーではありません] 平均タイムの該当データなし（サンプル不足）: 京都 障害 未勝利 2910 良
ℹ️ [スキップ/エラーではありません] 平均タイムの該当データなし（サンプル不足）: 小倉 障害 未勝利 2860 良
ℹ️ [スキップ/エラーではありません] 平均タイムの該当データなし（サンプル不足）: 小倉 障害 未勝利 2860 良
ℹ️ [スキップ/エラーではありません] 平均タイムの該当データなし（サンプル不足）: 小倉 障害 未勝利 2860 良
ℹ️ [スキップ/エラーではありません] 平均タイムの該当データなし（サンプル不足）: 京都 障害 未勝利 2910 良
ℹ️ [スキップ/エラーではありません] 平均タイムの該当データなし（サンプル不足）: 阪神 障害 未勝利 2970 良
ℹ️ [スキップ/エラーではありません] 平均タイムの該当データなし（サンプル不足）: 新潟 障害 未勝利 2850 良
ℹ️ [スキップ/エラーではありません] 平均タイムの該当データなし（サンプル不足）: 小倉 障害 未勝利 2860 稍重
ℹ️ [スキップ/エラーではありません] 平均タイムの該当データなし（サンプル不足）: 小倉 障害 未勝利 2860 良
ℹ️ [スキップ/エラーではありません] 平均タイムの該当データなし（サンプル不足）: 阪神 障害 未勝利 2970 良
ℹ️ [スキップ/エラーではありません] 平均タイムの該当データなし（サンプル不足）: 京都 障害 未勝利 2910 良
ℹ️ [スキップ/エラーではありません] 平均タイムの該当データなし（サンプル不足）: 阪神 障害 未勝利 2970 良
ℹ️ [スキップ/エラーではありません] 平均タイムの該当データなし（サンプル不足）: 中山 障害 未勝利 2880 良
ℹ️ [スキップ/エラーではありません] 平均タイムの該当データなし（サンプル不足）: 小倉 障害 未勝利 2860 良
ℹ️ [スキップ/エラーではありません] 平均タイムの該当データなし（サンプル不足）: 京都 障害 未勝利 2910 良
ℹ️ [スキップ/エラーではありません] 平均タイムの該当データなし（サンプル不足）: 阪神 障害 未勝利 2970 良
ℹ️ [スキップ/エラーではありません] 平均タイムの該当データなし（サンプル不足）: 福島 障害 未勝利 2750 良
ℹ️ [スキップ/エラーではありません] 平均タイムの該当データなし（サンプル不足）: 東京 障害 未勝利 3000 良
ℹ️ [スキップ/エラーではありません] 平均タイムの該当データなし（サンプル不足）: 中山 障害 未勝利 2880 良
ℹ️ [スキップ/エラーではありません] 平均タイムの該当データなし（サンプル不足）: 福島 障害 未勝利 2750 良
ℹ️ [スキップ/エラーではありません] 平均タイムの該当データなし（サンプル不足）: 中山 障害 未勝利 2880 良
ℹ️ [スキップ/エラーではありません] 平均タイムの該当データなし（サンプル不足）: 中山 障害 未勝利 2880 良
ℹ️ [スキップ/エラーではありません] 平均タイムの該当データなし（サンプル不足）: 新潟 障害 未勝利 2850 良
ℹ️ [スキップ/エラーではありません] 平均タイムの該当データなし（サンプル不足）: 小倉 障害 未勝利 2860 良
ℹ️ [スキップ/エラーではありません] 平均タイムの該当データなし（サンプル不足）: 京都 障害 未勝利 2910 良
ℹ️ [スキップ/エラーではありません] 平均タイムの該当データなし（サンプル不足）: 福島 障害 未勝利 2770 良
ℹ️ [スキップ/エラーではありません] 平均タイムの該当データなし（サンプル不足）: 小倉 障害 未勝利 2860 稍重
ℹ️ [スキップ/エラーではありません] 平均タイムの該当データなし（サンプル不足）: 小倉 障害 未勝利 2860 良
ℹ️ [スキップ/エラーではありません] 平均タイムの該当データなし（サンプル不足）: 福島 障害 未勝利 2770 良
ℹ️ [スキップ/エラーではありません] 平均タイムの該当データなし（サンプル不足）: 東京 障害 未勝利 3000 稍重
ℹ️ [スキップ/エラーではありません] 平均タイムの該当データなし（サンプル不足）: 阪神 障害 未勝利 2970 良
ℹ️ [スキップ/エラーではありません] 平均タイムの該当データなし（サンプル不足）: 小倉 障害 未勝利 2860 良
ℹ️ [スキップ/エラーではありません] 平均タイムの該当データなし（サンプル不足）: 京都 ダート 2勝クラス 1800 不
出馬表再生成: 20260321
ℹ️ [スキップ/エラーではありません] 指定日に開催なし: 20260321 01_sapporo
ℹ️ [スキップ/エラーではありません] 指定日に開催なし: 20260321 02_hakodate
ℹ️ [スキップ/エラーではありません] 指定日に開催なし: 20260321 03_fukushima
ℹ️ [スキップ/エラーではありません] 指定日に開催なし: 20260321 04_nigata
ℹ️ [スキップ/エラーではありません] 指定日に開催なし: 20260321 05_tokyo
ℹ️ [スキップ/エラーではありません] 指定日に開催なし: 20260321 08_kyoto
ℹ️ [スキップ/エラーではありません] 指定日に開催なし: 20260321 10_kokura
ℹ️ [スキップ/エラーではありません] 平均タイムの該当データなし（サンプル不足）: 東京 ダート 未勝利 1400 不
ℹ️ [スキップ/エラーではありません] 平均タイムの該当データなし（サンプル不足）: 東京 ダート 未勝利 1600 不
ℹ️ [スキップ/エラーではありません] 平均タイムの該当データなし（サンプル不足）: 中山 ダート 未勝利 1800 不
ℹ️ [スキップ/エラーではありません] 平均タイムの該当データなし（サンプル不足）: 東京 ダート 新馬 1400 不
ℹ️ [スキップ/エラーではありません] 平均タイムの該当データなし（サンプル不足）: 札幌 ダート 未勝利 1700 不
ℹ️ [スキップ/エラーではありません] 平均タイムの該当データなし（サンプル不足）: 阪神 ダート 未勝利 1800 不
ℹ️ [スキップ/エラーではありません] 平均タイムの該当データなし（サンプル不足）: 中山 ダート 未勝利 1800 不
ℹ️ [スキップ/エラーではありません] 平均タイムの該当データなし（サンプル不足）: 東京 ダート 未勝利 2100 不
ℹ️ [スキップ/エラーではありません] 平均タイムの該当データなし（サンプル不足）: 中山 障害 オープン 3350 良
ℹ️ [スキップ/エラーではありません] 平均タイムの該当データなし（サンプル不足）: 中京 障害 オープン 3300 良
ℹ️ [スキップ/エラーではありません] 平均タイムの該当データなし（サンプル不足）: 新潟 障害 オープン 2850 良
ℹ️ [スキップ/エラーではありません] 平均タイムの該当データなし（サンプル不足）: 小倉 障害 オープン 3390 良
ℹ️ [スキップ/エラーではありません] 平均タイムの該当データなし（サンプル不足）: 東京 障害 オープン 3110 良
ℹ️ [スキップ/エラーではありません] 平均タイムの該当データなし（サンプル不足）: 東京 障害 オープン 3100 良
ℹ️ [スキップ/エラーではありません] 平均タイムの該当データなし（サンプル不足）: 新潟 障害 オープン 3250 良
ℹ️ [スキップ/エラーではありません] 平均タイムの該当データなし（サンプル不足）: 小倉 障害 オープン 3390 良
ℹ️ [スキップ/エラーではありません] 平均タイムの該当データなし（サンプル不足）: 小倉 障害 オープン 3390 良
ℹ️ [スキップ/エラーではありません] 平均タイムの該当データなし（サンプル不足）: 中山 障害 未勝利 2880 稍重
ℹ️ [スキップ/エラーではありません] 平均タイムの該当データなし（サンプル不足）: 福島 障害 未勝利 2750 良
ℹ️ [スキップ/エラーではありません] 平均タイムの該当データなし（サンプル不足）: 京都 障害 未勝利 2910 良
ℹ️ [スキップ/エラーではありません] 平均タイムの該当データなし（サンプル不足）: 阪神 障害 未勝利 2970 良
ℹ️ [スキップ/エラーではありません] 平均タイムの該当データなし（サンプル不足）: 中山 障害 オープン 4100 良
ℹ️ [スキップ/エラーではありません] 平均タイムの該当データなし（サンプル不足）: 中山 障害 オープン 3570 良
ℹ️ [スキップ/エラーではありません] 平均タイムの該当データなし（サンプル不足）: 中山 障害 オープン 3210 稍重
ℹ️ [スキップ/エラーではありません] 平均タイムの該当データなし（サンプル不足）: 中京 障害 未勝利 3000 良
ℹ️ [スキップ/エラーではありません] 平均タイムの該当データなし（サンプル不足）: 阪神 障害 未勝利 2970 良
ℹ️ [スキップ/エラーではありません] 平均タイムの該当データなし（サンプル不足）: 小倉 障害 オープン 3390 良
ℹ️ [スキップ/エラーではありません] 平均タイムの該当データなし（サンプル不足）: 小倉 障害 オープン 3390 良
ℹ️ [スキップ/エラーではありません] 平均タイムの該当データなし（サンプル不足）: 新潟 障害 未勝利 2890 稍重
ℹ️ [スキップ/エラーではありません] 平均タイムの該当データなし（サンプル不足）: 阪神 障害 未勝利 2970 良
ℹ️ [スキップ/エラーではありません] 平均タイムの該当データなし（サンプル不足）: 小倉 障害 オープン 2860 良
ℹ️ [スキップ/エラーではありません] 平均タイムの該当データなし（サンプル不足）: 福島 障害 オープン 3380 良
ℹ️ [スキップ/エラーではありません] 平均タイムの該当データなし（サンプル不足）: 東京 障害 未勝利 3000 良
ℹ️ [スキップ/エラーではありません] 平均タイムの該当データなし（サンプル不足）: 東京 障害 未勝利 3000 良
ℹ️ [スキップ/エラーではありません] 平均タイムの該当データなし（サンプル不足）: 新潟 障害 未勝利 2890 稍重
ℹ️ [スキップ/エラーではありません] 平均タイムの該当データなし（サンプル不足）: 京都 障害 オープン 3170 良
ℹ️ [スキップ/エラーではありません] 平均タイムの該当データなし（サンプル不足）: 福島 障害 オープン 3380 良
ℹ️ [スキップ/エラーではありません] 平均タイムの該当データなし（サンプル不足）: 福島 障害 オープン 3380 良
ℹ️ [スキップ/エラーではありません] 平均タイムの該当データなし（サンプル不足）: 阪神 障害 オープン 3110 良
ℹ️ [スキップ/エラーではありません] 平均タイムの該当データなし（サンプル不足）: 中山 障害 未勝利 2880 良
ℹ️ [スキップ/エラーではありません] 平均タイムの該当データなし（サンプル不足）: 中山 障害 オープン 4100 良
ℹ️ [スキップ/エラーではありません] 平均タイムの該当データなし（サンプル不足）: 中山 障害 オープン 3570 良
ℹ️ [スキップ/エラーではありません] 平均タイムの該当データなし（サンプル不足）: 東京 障害 オープン 3100 良
ℹ️ [スキップ/エラーではありません] 平均タイムの該当データなし（サンプル不足）: 中山 障害 オープン 4260 良
ℹ️ [スキップ/エラーではありません] 平均タイムの該当データなし（サンプル不足）: 小倉 障害 オープン 3390 良
ℹ️ [スキップ/エラーではありません] 平均タイムの該当データなし（サンプル不足）: 中山 障害 オープン 3200 良
ℹ️ [スキップ/エラーではありません] 平均タイムの該当データなし（サンプル不足）: 中山 障害 オープン 3570 良
ℹ️ [スキップ/エラーではありません] 平均タイムの該当データなし（サンプル不足）: 中山 障害 オープン 3210 稍重
ℹ️ [スキップ/エラーではありません] 平均タイムの該当データなし（サンプル不足）: 東京 障害 オープン 3110 良
ℹ️ [スキップ/エラーではありません] 平均タイムの該当データなし（サンプル不足）: 中山 障害 オープン 3200 良
ℹ️ [スキップ/エラーではありません] 平均タイムの該当データなし（サンプル不足）: 新潟 ダート 未勝利 1200 不
ℹ️ [スキップ/エラーではありません] 平均タイムの該当データなし（サンプル不足）: 小倉 ダート 1勝クラス 1000 不
ℹ️ [スキップ/エラーではありません] 平均タイムの該当データなし（サンプル不足）: 函館 ダート 未勝利 1000 不
ℹ️ [スキップ/エラーではありません] 平均タイムの該当データなし（サンプル不足）: 東京 ダート 未勝利 1300 不
ℹ️ [スキップ/エラーではありません] 平均タイムの該当データなし（サンプル不足）: 東京 ダート 1勝クラス 1400 不
❌ [要確認/エラー] シャロン のレポート作成に失敗: 'NoneType' object is not subscriptable
ℹ️ [スキップ/エラーではありません] 平均タイムの該当データなし（サンプル不足）: 京都 芝 nan 1600 良
ℹ️ [スキップ/エラーではありません] 平均タイムの該当データなし（サンプル不足）: 中山 ダート 未勝利 1200 不
ℹ️ [スキップ/エラーではありません] 平均タイムの該当データなし（サンプル不足）: 京都 ダート 1勝クラス 1400 不
ℹ️ [スキップ/エラーではありません] 平均タイムの該当データなし（サンプル不足）: 新潟 ダート 1勝クラス 1800 不
ℹ️ [スキップ/エラーではありません] 平均タイムの該当データなし（サンプル不足）: 東京 ダート 1勝クラス 1600 不
ℹ️ [スキップ/エラーではありません] 平均タイムの該当データなし（サンプル不足）: 東京 ダート 2勝クラス 1600 不
ℹ️ [スキップ/エラーではありません] 平均タイムの該当データなし（サンプル不足）: 京都 ダート 3勝クラス 1200 不
ℹ️ [スキップ/エラーではありません] 平均タイムの該当データなし（サンプル不足）: 札幌 ダート 1勝クラス 1000 不
ℹ️ [スキップ/エラーではありません] 平均タイムの該当データなし（サンプル不足）: 京都 ダート 未勝利 1200 不
ℹ️ [スキップ/エラーではありません] 平均タイムの該当データなし（サンプル不足）: 京都 ダート 1勝クラス 1400 不
ℹ️ [スキップ/エラーではありません] 平均タイムの該当データなし（サンプル不足）: 京都 ダート 3勝クラス 1200 不
ℹ️ [スキップ/エラーではありません] 平均タイムの該当データなし（サンプル不足）: 小倉 ダート 1勝クラス 1000 不
ℹ️ [スキップ/エラーではありません] 平均タイムの該当データなし（サンプル不足）: 京都 ダート 1勝クラス 1400 不
出馬表再生成: 20260322
ℹ️ [スキップ/エラーではありません] 指定日に開催なし: 20260322 01_sapporo
ℹ️ [スキップ/エラーではありません] 指定日に開催なし: 20260322 02_hakodate
ℹ️ [スキップ/エラーではありません] 指定日に開催なし: 20260322 03_fukushima
ℹ️ [スキップ/エラーではありません] 指定日に開催なし: 20260322 04_nigata
ℹ️ [スキップ/エラーではありません] 指定日に開催なし: 20260322 05_tokyo
ℹ️ [スキップ/エラーではありません] 指定日に開催なし: 20260322 08_kyoto
ℹ️ [スキップ/エラーではありません] 指定日に開催なし: 20260322 10_kokura
ℹ️ [スキップ/エラーではありません] 平均タイムの該当データなし（サンプル不足）: 東京 ダート 未勝利 1600 不
ℹ️ [スキップ/エラーではありません] 平均タイムの該当データなし（サンプル不足）: 中山 ダート 未勝利 1200 不
ℹ️ [スキップ/エラーではありません] 平均タイムの該当データなし（サンプル不足）: 小倉 障害 未勝利 2860 稍重
ℹ️ [スキップ/エラーではありません] 平均タイムの該当データなし（サンプル不足）: 小倉 障害 未勝利 2860 稍重
ℹ️ [スキップ/エラーではありません] 平均タイムの該当データなし（サンプル不足）: 中山 障害 未勝利 2880 良
ℹ️ [スキップ/エラーではありません] 平均タイムの該当データなし（サンプル不足）: 中山 障害 未勝利 2880 重
ℹ️ [スキップ/エラーではありません] 平均タイムの該当データなし（サンプル不足）: 中山 障害 未勝利 2880 良
ℹ️ [スキップ/エラーではありません] 平均タイムの該当データなし（サンプル不足）: 中山 障害 未勝利 2880 良
ℹ️ [スキップ/エラーではありません] 平均タイムの該当データなし（サンプル不足）: 中山 障害 未勝利 2880 稍重
ℹ️ [スキップ/エラーではありません] 平均タイムの該当データなし（サンプル不足）: 福島 障害 未勝利 2770 良
ℹ️ [スキップ/エラーではありません] 平均タイムの該当データなし（サンプル不足）: 福島 障害 未勝利 2750 良
ℹ️ [スキップ/エラーではありません] 平均タイムの該当データなし（サンプル不足）: 新潟 障害 未勝利 2890 稍重
ℹ️ [スキップ/エラーではありません] 平均タイムの該当データなし（サンプル不足）: 阪神 障害 未勝利 2970 良
ℹ️ [スキップ/エラーではありません] 平均タイムの該当データなし（サンプル不足）: 中山 障害 未勝利 2880 良
ℹ️ [スキップ/エラーではありません] 平均タイムの該当データなし（サンプル不足）: 阪神 障害 未勝利 2970 良
ℹ️ [スキップ/エラーではありません] 平均タイムの該当データなし（サンプル不足）: 京都 障害 未勝利 2910 良
ℹ️ [スキップ/エラーではありません] 平均タイムの該当データなし（サンプル不足）: 京都 障害 未勝利 2910 良
ℹ️ [スキップ/エラーではありません] 平均タイムの該当データなし（サンプル不足）: 京都 障害 未勝利 2910 良
ℹ️ [スキップ/エラーではありません] 平均タイムの該当データなし（サンプル不足）: 京都 障害 未勝利 2910 稍重
ℹ️ [スキップ/エラーではありません] 平均タイムの該当データなし（サンプル不足）: 小倉 障害 未勝利 2860 良
ℹ️ [スキップ/エラーではありません] 平均タイムの該当データなし（サンプル不足）: 中山 障害 未勝利 2880 良
ℹ️ [スキップ/エラーではありません] 平均タイムの該当データなし（サンプル不足）: 中山 障害 未勝利 2880 稍重
ℹ️ [スキップ/エラーではありません] 平均タイムの該当データなし（サンプル不足）: 中山 障害 未勝利 2880 稍重
ℹ️ [スキップ/エラーではありません] 平均タイムの該当データなし（サンプル不足）: 新潟 障害 未勝利 2890 稍重
ℹ️ [スキップ/エラーではありません] 平均タイムの該当データなし（サンプル不足）: 中山 障害 未勝利 2880 稍重
ℹ️ [スキップ/エラーではありません] 平均タイムの該当データなし（サンプル不足）: 中山 障害 未勝利 2880 良
ℹ️ [スキップ/エラーではありません] 平均タイムの該当データなし（サンプル不足）: 中山 障害 未勝利 2880 稍重
ℹ️ [スキップ/エラーではありません] 平均タイムの該当データなし（サンプル不足）: 中山 障害 未勝利 2880 良
ℹ️ [スキップ/エラーではありません] 平均タイムの該当データなし（サンプル不足）: 福島 障害 未勝利 2770 良
ℹ️ [スキップ/エラーではありません] 平均タイムの該当データなし（サンプル不足）: 中山 障害 未勝利 2880 良
ℹ️ [スキップ/エラーではありません] 平均タイムの該当データなし（サンプル不足）: 阪神 障害 未勝利 2970 良
ℹ️ [スキップ/エラーではありません] 平均タイムの該当データなし（サンプル不足）: 福島 障害 未勝利 2750 良
ℹ️ [スキップ/エラーではありません] 平均タイムの該当データなし（サンプル不足）: 中京 障害 未勝利 3000 良
ℹ️ [スキップ/エラーではありません] 平均タイムの該当データなし（サンプル不足）: 福島 障害 未勝利 2750 良
ℹ️ [スキップ/エラーではありません] 平均タイムの該当データなし（サンプル不足）: 新潟 障害 未勝利 2850 良
ℹ️ [スキップ/エラーではありません] 平均タイムの該当データなし（サンプル不足）: 東京 障害 未勝利 3000 良
ℹ️ [スキップ/エラーではありません] 平均タイムの該当データなし（サンプル不足）: 新潟 障害 未勝利 2890 良
ℹ️ [スキップ/エラーではありません] 平均タイムの該当データなし（サンプル不足）: 新潟 障害 未勝利 2890 良
ℹ️ [スキップ/エラーではありません] 平均タイムの該当データなし（サンプル不足）: 中山 障害 未勝利 2880 良
ℹ️ [スキップ/エラーではありません] 平均タイムの該当データなし（サンプル不足）: 小倉 障害 未勝利 2860 良
ℹ️ [スキップ/エラーではありません] 平均タイムの該当データなし（サンプル不足）: 京都 障害 未勝利 2910 良
ℹ️ [スキップ/エラーではありません] 平均タイムの該当データなし（サンプル不足）: 小倉 障害 未勝利 2860 良
ℹ️ [スキップ/エラーではありません] 平均タイムの該当データなし（サンプル不足）: 福島 障害 未勝利 2750 良
ℹ️ [スキップ/エラーではありません] 平均タイムの該当データなし（サンプル不足）: 京都 ダート 1勝クラス 1400 不
ℹ️ [スキップ/エラーではありません] 平均タイムの該当データなし（サンプル不足）: 中山 ダート 未勝利 1800 不
ℹ️ [スキップ/エラーではありません] 平均タイムの該当データなし（サンプル不足）: 中山 ダート 未勝利 1800 不
ℹ️ [スキップ/エラーではありません] 平均タイムの該当データなし（サンプル不足）: 中山 ダート 未勝利 1800 不
ℹ️ [スキップ/エラーではありません] 平均タイムの該当データなし（サンプル不足）: 東京 ダート 未勝利 1600 不
ℹ️ [スキップ/エラーではありません] 平均タイムの該当データなし（サンプル不足）: 東京 ダート 1勝クラス 1600 不
ℹ️ [スキップ/エラーではありません] 平均タイムの該当データなし（サンプル不足）: 東京 ダート 未勝利 1600 不
ℹ️ [スキップ/エラーではありません] 平均タイムの該当データなし（サンプル不足）: 東京 ダート 2勝クラス 1400 不
ℹ️ [スキップ/エラーではありません] 平均タイムの該当データなし（サンプル不足）: 京都 ダート 3勝クラス 1200 不
ℹ️ [スキップ/エラーではありません] 平均タイムの該当データなし（サンプル不足）: 京都 ダート 3勝クラス 1200 不
ℹ️ [スキップ/エラーではありません] 平均タイムの該当データなし（サンプル不足）: 京都 ダート 3勝クラス 1200 不
ℹ️ [スキップ/エラーではありません] 平均タイムの該当データなし（サンプル不足）: 東京 ダート オープン 1400 不
ℹ️ [スキップ/エラーではありません] 平均タイムの該当データなし（サンプル不足）: 京都 ダート 3勝クラス 1200 不
ℹ️ [スキップ/エラーではありません] 平均タイムの該当データなし（サンプル不足）: 京都 ダート 3勝クラス 1200 不
ℹ️ [スキップ/エラーではありません] 平均タイムの該当データなし（サンプル不足）: 東京 ダート 2勝クラス 1600 不
ℹ️ [スキップ/エラーではありません] 平均タイムの該当データなし（サンプル不足）: 東京 ダート 2勝クラス 1600 不
ℹ️ [スキップ/エラーではありません] 平均タイムの該当データなし（サンプル不足）: 札幌 ダート 1勝クラス 1700 不
ℹ️ [スキップ/エラーではありません] 平均タイムの該当データなし（サンプル不足）: 東京 ダート 1勝クラス 1600 不
ℹ️ [スキップ/エラーではありません] 平均タイムの該当データなし（サンプル不足）: 東京 ダート 2勝クラス 2100 不
ℹ️ [スキップ/エラーではありません] 平均タイムの該当データなし（サンプル不足）: 東京 ダート 1勝クラス 1600 不
ℹ️ [スキップ/エラーではありません] 平均タイムの該当データなし（サンプル不足）: 阪神 ダート 未勝利 1400 不
ℹ️ [スキップ/エラーではありません] 平均タイムの該当データなし（サンプル不足）: 小倉 ダート 1勝クラス 1000 不
❌ [要確認/エラー] 不明な開催場名: 
ℹ️ [スキップ/エラーではありません] 平均タイムの該当データなし（サンプル不足）: 京都 ダート 未勝利 1200 不
⚠️ プリサイスエンド: 該当コース(9:芝2400) のデータがありません。
ℹ️ [スキップ/エラーではありません] 平均タイムの該当データなし（サンプル不足）: 京都 芝 未勝利 2400 不
ℹ️ [スキップ/エラーではありません] 平均タイムの該当データなし（サンプル不足）: 京都 ダート 3勝クラス 1800 不
ℹ️ [スキップ/エラーではありません] 平均タイムの該当データなし（サンプル不足）: 京都 ダート 2勝クラス 1800 不
ℹ️ [スキップ/エラーではありません] 平均タイムの該当データなし（サンプル不足）: 東京 ダート 1勝クラス 1600 不
ℹ️ [スキップ/エラーではありません] 平均タイムの該当データなし（サンプル不足）: 新潟 ダート オープン 1800 不
ℹ️ [スキップ/エラーではありません] 平均タイムの該当データなし（サンプル不足）: 京都 ダート 1勝クラス 1400 不
出馬表再生成: 20260328
ℹ️ [スキップ/エラーではありません] 指定日に開催なし: 20260328 01_sapporo
ℹ️ [スキップ/エラーではありません] 指定日に開催なし: 20260328 02_hakodate
ℹ️ [スキップ/エラーではありません] 指定日に開催なし: 20260328 03_fukushima
ℹ️ [スキップ/エラーではありません] 指定日に開催なし: 20260328 04_nigata
ℹ️ [スキップ/エラーではありません] 指定日に開催なし: 20260328 05_tokyo
ℹ️ [スキップ/エラーではありません] 指定日に開催なし: 20260328 08_kyoto
ℹ️ [スキップ/エラーではありません] 指定日に開催なし: 20260328 10_kokura
ℹ️ [スキップ/エラーではありません] 平均タイムの該当データなし（サンプル不足）: 東京 ダート 未勝利 1600 不
ℹ️ [スキップ/エラーではありません] 平均タイムの該当データなし（サンプル不足）: 東京 ダート 1勝クラス 1600 不
ℹ️ [スキップ/エラーではありません] 平均タイムの該当データなし（サンプル不足）: 京都 ダート 3勝クラス 1200 不
ℹ️ [スキップ/エラーではありません] 平均タイムの該当データなし（サンプル不足）: 京都 ダート 3勝クラス 1200 不
ℹ️ [スキップ/エラーではありません] 平均タイムの該当データなし（サンプル不足）: 東京 ダート 1勝クラス 1600 不
ℹ️ [スキップ/エラーではありません] 平均タイムの該当データなし（サンプル不足）: 札幌 ダート 1勝クラス 1700 不
ℹ️ [スキップ/エラーではありません] 平均タイムの該当データなし（サンプル不足）: 東京 ダート 2勝クラス 1600 不
ℹ️ [スキップ/エラーではありません] 平均タイムの該当データなし（サンプル不足）: 東京 ダート 2勝クラス 1600 不
ℹ️ [スキップ/エラーではありません] 平均タイムの該当データなし（サンプル不足）: 東京 ダート 新馬 1400 不
ℹ️ [スキップ/エラーではありません] 平均タイムの該当データなし（サンプル不足）: 東京 ダート 1勝クラス 1600 不
ℹ️ [スキップ/エラーではありません] 平均タイムの該当データなし（サンプル不足）: 東京 ダート 1勝クラス 1600 不
ℹ️ [スキップ/エラーではありません] 平均タイムの該当データなし（サンプル不足）: 新潟 障害 未勝利 2850 良
ℹ️ [スキップ/エラーではありません] 平均タイムの該当データなし（サンプル不足）: 中京 障害 未勝利 3000 良
ℹ️ [スキップ/エラーではありません] 平均タイムの該当データなし（サンプル不足）: 新潟 ダート 1勝クラス 1800 不
ℹ️ [スキップ/エラーではありません] 平均タイムの該当データなし（サンプル不足）: 東京 ダート 1勝クラス 1600 不
ℹ️ [スキップ/エラーではありません] 平均タイムの該当データなし（サンプル不足）: 新潟 障害 未勝利 2890 良
ℹ️ [スキップ/エラーではありません] 平均タイムの該当データなし（サンプル不足）: 新潟 障害 未勝利 2890 稍重
ℹ️ [スキップ/エラーではありません] 平均タイムの該当データなし（サンプル不足）: 京都 芝 2勝クラス 1200 不
ℹ️ [スキップ/エラーではありません] 平均タイムの該当データなし（サンプル不足）: 京都 ダート 未勝利 1200 不
ℹ️ [スキップ/エラーではありません] 平均タイムの該当データなし（サンプル不足）: 札幌 ダート 未勝利 1700 不
ℹ️ [スキップ/エラーではありません] 平均タイムの該当データなし（サンプル不足）: 京都 ダート 1勝クラス 1400 不
ℹ️ [スキップ/エラーではありません] 平均タイムの該当データなし（サンプル不足）: 小倉 障害 オープン 3390 良
ℹ️ [スキップ/エラーではありません] 平均タイムの該当データなし（サンプル不足）: 中山 障害 オープン 3350 良
ℹ️ [スキップ/エラーではありません] 平均タイムの該当データなし（サンプル不足）: 小倉 障害 オープン 3390 良
ℹ️ [スキップ/エラーではありません] 平均タイムの該当データなし（サンプル不足）: 小倉 障害 オープン 2860 稍重
ℹ️ [スキップ/エラーではありません] 平均タイムの該当データなし（サンプル不足）: 中山 障害 オープン 3570 良
ℹ️ [スキップ/エラーではありません] 平均タイムの該当データなし（サンプル不足）: 京都 障害 オープン 3170 良
ℹ️ [スキップ/エラーではありません] 平均タイムの該当データなし（サンプル不足）: 中山 障害 オープン 3210 稍重
ℹ️ [スキップ/エラーではありません] 平均タイムの該当データなし（サンプル不足）: 中京 障害 オープン 3300 良
ℹ️ [スキップ/エラーではありません] 平均タイムの該当データなし（サンプル不足）: 中山 障害 オープン 4260 良
ℹ️ [スキップ/エラーではありません] 平均タイムの該当データなし（サンプル不足）: 小倉 障害 オープン 3390 良
ℹ️ [スキップ/エラーではありません] 平均タイムの該当データなし（サンプル不足）: 京都 障害 オープン 3170 良
ℹ️ [スキップ/エラーではありません] 平均タイムの該当データなし（サンプル不足）: 中山 障害 オープン 3210 良
ℹ️ [スキップ/エラーではありません] 平均タイムの該当データなし（サンプル不足）: 京都 障害 未勝利 2910 稍重
ℹ️ [スキップ/エラーではありません] 平均タイムの該当データなし（サンプル不足）: 小倉 障害 未勝利 2860 稍重
ℹ️ [スキップ/エラーではありません] 平均タイムの該当データなし（サンプル不足）: 中山 障害 オープン 3200 重
ℹ️ [スキップ/エラーではありません] 平均タイムの該当データなし（サンプル不足）: 小倉 障害 未勝利 2860 稍重
ℹ️ [スキップ/エラーではありません] 平均タイムの該当データなし（サンプル不足）: 中山 障害 未勝利 2880 良
ℹ️ [スキップ/エラーではありません] 平均タイムの該当データなし（サンプル不足）: 阪神 障害 未勝利 2970 良
ℹ️ [スキップ/エラーではありません] 平均タイムの該当データなし（サンプル不足）: 福島 障害 未勝利 2770 良
ℹ️ [スキップ/エラーではありません] 平均タイムの該当データなし（サンプル不足）: 小倉 障害 オープン 3390 良
ℹ️ [スキップ/エラーではありません] 平均タイムの該当データなし（サンプル不足）: 東京 障害 オープン 3110 良
ℹ️ [スキップ/エラーではありません] 平均タイムの該当データなし（サンプル不足）: 小倉 障害 オープン 3390 良
ℹ️ [スキップ/エラーではありません] 平均タイムの該当データなし（サンプル不足）: 京都 障害 オープン 3170 良
ℹ️ [スキップ/エラーではありません] 平均タイムの該当データなし（サンプル不足）: 東京 障害 オープン 3110 良
ℹ️ [スキップ/エラーではありません] 平均タイムの該当データなし（サンプル不足）: 京都 障害 オープン 3170 良
ℹ️ [スキップ/エラーではありません] 平均タイムの該当データなし（サンプル不足）: 阪神 障害 オープン 3140 良
ℹ️ [スキップ/エラーではありません] 平均タイムの該当データなし（サンプル不足）: 京都 障害 オープン 3170 良
ℹ️ [スキップ/エラーではありません] 平均タイムの該当データなし（サンプル不足）: 京都 障害 オープン 3170 良
ℹ️ [スキップ/エラーではありません] 平均タイムの該当データなし（サンプル不足）: 小倉 障害 オープン 3390 良
ℹ️ [スキップ/エラーではありません] 平均タイムの該当データなし（サンプル不足）: 小倉 障害 オープン 3390 良
ℹ️ [スキップ/エラーではありません] 平均タイムの該当データなし（サンプル不足）: 小倉 障害 オープン 3390 良
ℹ️ [スキップ/エラーではありません] 平均タイムの該当データなし（サンプル不足）: 福島 障害 オープン 3380 良
ℹ️ [スキップ/エラーではありません] 平均タイムの該当データなし（サンプル不足）: 新潟 障害 オープン 3250 良
ℹ️ [スキップ/エラーではありません] 平均タイムの該当データなし（サンプル不足）: 新潟 障害 オープン 2850 良
ℹ️ [スキップ/エラーではありません] 平均タイムの該当データなし（サンプル不足）: 小倉 障害 オープン 3390 良
ℹ️ [スキップ/エラーではありません] 平均タイムの該当データなし（サンプル不足）: 小倉 障害 オープン 3390 良
ℹ️ [スキップ/エラーではありません] 平均タイムの該当データなし（サンプル不足）: 京都 障害 オープン 3170 良
ℹ️ [スキップ/エラーではありません] 平均タイムの該当データなし（サンプル不足）: 中京 障害 オープン 3300 良
ℹ️ [スキップ/エラーではありません] 平均タイムの該当データなし（サンプル不足）: 京都 障害 オープン 3930 不
ℹ️ [スキップ/エラーではありません] 平均タイムの該当データなし（サンプル不足）: 中山 障害 オープン 3200 良
ℹ️ [スキップ/エラーではありません] 平均タイムの該当データなし（サンプル不足）: 東京 障害 オープン 3110 良
ℹ️ [スキップ/エラーではありません] 平均タイムの該当データなし（サンプル不足）: 東京 障害 オープン 3110 良
ℹ️ [スキップ/エラーではありません] 平均タイムの該当データなし（サンプル不足）: 新潟 障害 オープン 3290 良
ℹ️ [スキップ/エラーではありません] 平均タイムの該当データなし（サンプル不足）: 中山 障害 オープン 3200 重
ℹ️ [スキップ/エラーではありません] 平均タイムの該当データなし（サンプル不足）: 中山 障害 オープン 3200 良
ℹ️ [スキップ/エラーではありません] 平均タイムの該当データなし（サンプル不足）: 中京 障害 オープン 3330 良
ℹ️ [スキップ/エラーではありません] 平均タイムの該当データなし（サンプル不足）: 中京 障害 オープン 3300 良
ℹ️ [スキップ/エラーではありません] 平均タイムの該当データなし（サンプル不足）: 小倉 障害 オープン 3390 良
ℹ️ [スキップ/エラーではありません] 平均タイムの該当データなし（サンプル不足）: 小倉 障害 未勝利 2860 稍重
ℹ️ [スキップ/エラーではありません] 平均タイムの該当データなし（サンプル不足）: 京都 ダート 未勝利 1900 不
出馬表再生成: 20260329
ℹ️ [スキップ/エラーではありません] 指定日に開催なし: 20260329 01_sapporo
ℹ️ [スキップ/エラーではありません] 指定日に開催なし: 20260329 02_hakodate
ℹ️ [スキップ/エラーではありません] 指定日に開催なし: 20260329 03_fukushima
ℹ️ [スキップ/エラーではありません] 指定日に開催なし: 20260329 04_nigata
ℹ️ [スキップ/エラーではありません] 指定日に開催なし: 20260329 05_tokyo
ℹ️ [スキップ/エラーではありません] 指定日に開催なし: 20260329 08_kyoto
ℹ️ [スキップ/エラーではありません] 指定日に開催なし: 20260329 10_kokura
ℹ️ [スキップ/エラーではありません] 平均タイムの該当データなし（サンプル不足）: 中山 ダート 未勝利 1800 不
ℹ️ [スキップ/エラーではありません] 平均タイムの該当データなし（サンプル不足）: 東京 ダート 未勝利 1400 不
ℹ️ [スキップ/エラーではありません] 平均タイムの該当データなし（サンプル不足）: 中山 ダート 未勝利 1800 不
ℹ️ [スキップ/エラーではありません] 平均タイムの該当データなし（サンプル不足）: 東京 ダート 新馬 1400 不
ℹ️ [スキップ/エラーではありません] 平均タイムの該当データなし（サンプル不足）: 東京 ダート 未勝利 1400 不
ℹ️ [スキップ/エラーではありません] 平均タイムの該当データなし（サンプル不足）: 東京 ダート 未勝利 1400 不
ℹ️ [スキップ/エラーではありません] 平均タイムの該当データなし（サンプル不足）: 福島 障害 未勝利 2750 良
ℹ️ [スキップ/エラーではありません] 平均タイムの該当データなし（サンプル不足）: 中山 ダート 1勝クラス 2400 不
ℹ️ [スキップ/エラーではありません] 平均タイムの該当データなし（サンプル不足）: 東京 ダート 1勝クラス 1600 不
ℹ️ [スキップ/エラーではありません] 平均タイムの該当データなし（サンプル不足）: 小倉 ダート 1勝クラス 1000 不
ℹ️ [スキップ/エラーではありません] 平均タイムの該当データなし（サンプル不足）: 東京 ダート 1勝クラス 1400 不
ℹ️ [スキップ/エラーではありません] 平均タイムの該当データなし（サンプル不足）: 京都 ダート オープン 1800 不
ℹ️ [スキップ/エラーではありません] 平均タイムの該当データなし（サンプル不足）: 京都 ダート オープン 1800 不
ℹ️ [スキップ/エラーではありません] 平均タイムの該当データなし（サンプル不足）: 京都 障害 未勝利 2910 良
ℹ️ [スキップ/エラーではありません] 平均タイムの該当データなし（サンプル不足）: 中山 ダート 未勝利 1200 不
ℹ️ [スキップ/エラーではありません] 平均タイムの該当データなし（サンプル不足）: 京都 ダート 未勝利 1200 不
ℹ️ [スキップ/エラーではありません] 平均タイムの該当データなし（サンプル不足）: 東京 障害 未勝利 3000 稍重
ℹ️ [スキップ/エラーではありません] 平均タイムの該当データなし（サンプル不足）: 東京 ダート 1勝クラス 1600 不
ℹ️ [スキップ/エラーではありません] 平均タイムの該当データなし（サンプル不足）: 東京 ダート 1勝クラス 1400 不
ℹ️ [スキップ/エラーではありません] 平均タイムの該当データなし（サンプル不足）: 東京 ダート 1勝クラス 1600 不
ℹ️ [スキップ/エラーではありません] 平均タイムの該当データなし（サンプル不足）: 小倉 障害 未勝利 2860 良
ℹ️ [スキップ/エラーではありません] 平均タイムの該当データなし（サンプル不足）: 福島 障害 未勝利 2750 良
ℹ️ [スキップ/エラーではありません] 平均タイムの該当データなし（サンプル不足）: 東京 ダート 1勝クラス 1600 不
ℹ️ [スキップ/エラーではありません] 平均タイムの該当データなし（サンプル不足）: 小倉 障害 未勝利 2860 良
ℹ️ [スキップ/エラーではありません] 平均タイムの該当データなし（サンプル不足）: 中山 障害 未勝利 2880 良
ℹ️ [スキップ/エラーではありません] 平均タイムの該当データなし（サンプル不足）: 福島 障害 未勝利 2750 良
ℹ️ [スキップ/エラーではありません] 平均タイムの該当データなし（サンプル不足）: 東京 障害 未勝利 3000 良
ℹ️ [スキップ/エラーではありません] 平均タイムの該当データなし（サンプル不足）: 中山 障害 未勝利 2880 良
ℹ️ [スキップ/エラーではありません] 平均タイムの該当データなし（サンプル不足）: 小倉 障害 未勝利 2860 良
ℹ️ [スキップ/エラーではありません] 平均タイムの該当データなし（サンプル不足）: 福島 障害 未勝利 2770 良
ℹ️ [スキップ/エラーではありません] 平均タイムの該当データなし（サンプル不足）: 小倉 障害 未勝利 2860 良
ℹ️ [スキップ/エラーではありません] 平均タイムの該当データなし（サンプル不足）: 小倉 障害 未勝利 2860 良
ℹ️ [スキップ/エラーではありません] 平均タイムの該当データなし（サンプル不足）: 阪神 障害 未勝利 2970 良
ℹ️ [スキップ/エラーではありません] 平均タイムの該当データなし（サンプル不足）: 京都 障害 未勝利 2910 良
ℹ️ [スキップ/エラーではありません] 平均タイムの該当データなし（サンプル不足）: 京都 障害 未勝利 2910 稍重
ℹ️ [スキップ/エラーではありません] 平均タイムの該当データなし（サンプル不足）: 小倉 障害 未勝利 2860 稍重
ℹ️ [スキップ/エラーではありません] 平均タイムの該当データなし（サンプル不足）: 中山 障害 未勝利 2880 良
ℹ️ [スキップ/エラーではありません] 平均タイムの該当データなし（サンプル不足）: 京都 ダート 1勝クラス 1400 不
ℹ️ [スキップ/エラーではありません] 平均タイムの該当データなし（サンプル不足）: 小倉 障害 未勝利 2860 良
ℹ️ [スキップ/エラーではありません] 平均タイムの該当データなし（サンプル不足）: 京都 障害 未勝利 2910 良
ℹ️ [スキップ/エラーではありません] 平均タイムの該当データなし（サンプル不足）: 小倉 障害 未勝利 2860 稍重
ℹ️ [スキップ/エラーではありません] 平均タイムの該当データなし（サンプル不足）: 中山 障害 未勝利 2880 良
ℹ️ [スキップ/エラーではありません] 平均タイムの該当データなし（サンプル不足）: 中山 障害 未勝利 2880 重
ℹ️ [スキップ/エラーではありません] 平均タイムの該当データなし（サンプル不足）: 中山 障害 未勝利 2880 良
ℹ️ [スキップ/エラーではありません] 平均タイムの該当データなし（サンプル不足）: 東京 ダート オープン 1600 不
ℹ️ [スキップ/エラーではありません] 平均タイムの該当データなし（サンプル不足）: 京都 ダート 未勝利 1200 不
ℹ️ [スキップ/エラーではありません] 平均タイムの該当データなし（サンプル不足）: 京都 ダート 1勝クラス 1400 不
ℹ️ [スキップ/エラーではありません] 平均タイムの該当データなし（サンプル不足）: 京都 ダート 1勝クラス 1400 不
ℹ️ [スキップ/エラーではありません] 平均タイムの該当データなし（サンプル不足）: 東京 ダート オープン 1400 不
ℹ️ [スキップ/エラーではありません] 平均タイムの該当データなし（サンプル不足）: 東京 ダート オープン 1600 不
ℹ️ [スキップ/エラーではありません] 平均タイムの該当データなし（サンプル不足）: 小倉 障害 未勝利 2860 良
ℹ️ [スキップ/エラーではありません] 平均タイムの該当データなし（サンプル不足）: 福島 障害 未勝利 2770 良
ℹ️ [スキップ/エラーではありません] 平均タイムの該当データなし（サンプル不足）: 京都 ダート 1勝クラス 1400 不
ℹ️ [スキップ/エラーではありません] 平均タイムの該当データなし（サンプル不足）: 小倉 障害 未勝利 2860 稍重
出馬表再生成: 20260404
ℹ️ [スキップ/エラーではありません] 指定日に開催なし: 20260404 01_sapporo
ℹ️ [スキップ/エラーではありません] 指定日に開催なし: 20260404 02_hakodate
ℹ️ [スキップ/エラーではありません] 指定日に開催なし: 20260404 03_fukushima
ℹ️ [スキップ/エラーではありません] 指定日に開催なし: 20260404 04_nigata
ℹ️ [スキップ/エラーではありません] 指定日に開催なし: 20260404 05_tokyo
ℹ️ [スキップ/エラーではありません] 指定日に開催なし: 20260404 07_chukyo
ℹ️ [スキップ/エラーではありません] 指定日に開催なし: 20260404 08_kyoto
ℹ️ [スキップ/エラーではありません] 指定日に開催なし: 20260404 10_kokura
ℹ️ [スキップ/エラーではありません] 平均タイムの該当データなし（サンプル不足）: 中山 ダート 未勝利 1200 不
ℹ️ [スキップ/エラーではありません] 平均タイムの該当データなし（サンプル不足）: 中山 ダート 未勝利 1800 不
ℹ️ [スキップ/エラーではありません] 平均タイムの該当データなし（サンプル不足）: 小倉 障害 未勝利 2860 良
ℹ️ [スキップ/エラーではありません] 平均タイムの該当データなし（サンプル不足）: 小倉 障害 未勝利 2860 良
ℹ️ [スキップ/エラーではありません] 平均タイムの該当データなし（サンプル不足）: 小倉 障害 未勝利 2860 良
ℹ️ [スキップ/エラーではありません] 平均タイムの該当データなし（サンプル不足）: 福島 障害 未勝利 2770 良
ℹ️ [スキップ/エラーではありません] 平均タイムの該当データなし（サンプル不足）: 福島 障害 未勝利 2750 良
ℹ️ [スキップ/エラーではありません] 平均タイムの該当データなし（サンプル不足）: 小倉 障害 未勝利 2860 良
ℹ️ [スキップ/エラーではありません] 平均タイムの該当データなし（サンプル不足）: 小倉 障害 未勝利 2860 稍重
ℹ️ [スキップ/エラーではありません] 平均タイムの該当データなし（サンプル不足）: 中山 障害 未勝利 2880 良
ℹ️ [スキップ/エラーではありません] 平均タイムの該当データなし（サンプル不足）: 中山 障害 未勝利 2880 稍重
ℹ️ [スキップ/エラーではありません] 平均タイムの該当データなし（サンプル不足）: 小倉 障害 未勝利 2860 良
ℹ️ [スキップ/エラーではありません] 平均タイムの該当データなし（サンプル不足）: 中山 障害 未勝利 2880 良
ℹ️ [スキップ/エラーではありません] 平均タイムの該当データなし（サンプル不足）: 中山 障害 未勝利 2880 稍重
ℹ️ [スキップ/エラーではありません] 平均タイムの該当データなし（サンプル不足）: 福島 障害 未勝利 2770 良
ℹ️ [スキップ/エラーではありません] 平均タイムの該当データなし（サンプル不足）: 中山 障害 未勝利 2880 良
ℹ️ [スキップ/エラーではありません] 平均タイムの該当データなし（サンプル不足）: 小倉 障害 未勝利 2860 良
ℹ️ [スキップ/エラーではありません] 平均タイムの該当データなし（サンプル不足）: 福島 障害 未勝利 2770 良
ℹ️ [スキップ/エラーではありません] 平均タイムの該当データなし（サンプル不足）: 中山 障害 未勝利 2880 良
ℹ️ [スキップ/エラーではありません] 平均タイムの該当データなし（サンプル不足）: 小倉 障害 未勝利 2860 稍重
ℹ️ [スキップ/エラーではありません] 平均タイムの該当データなし（サンプル不足）: 中山 障害 未勝利 2880 良
ℹ️ [スキップ/エラーではありません] 平均タイムの該当データなし（サンプル不足）: 中山 障害 未勝利 2880 稍重
ℹ️ [スキップ/エラーではありません] 平均タイムの該当データなし（サンプル不足）: 中山 障害 未勝利 2880 良
ℹ️ [スキップ/エラーではありません] 平均タイムの該当データなし（サンプル不足）: 小倉 障害 未勝利 2860 良
ℹ️ [スキップ/エラーではありません] 平均タイムの該当データなし（サンプル不足）: 中山 障害 未勝利 2880 良
ℹ️ [スキップ/エラーではありません] 平均タイムの該当データなし（サンプル不足）: 東京 ダート 新馬 1400 不
ℹ️ [スキップ/エラーではありません] 平均タイムの該当データなし（サンプル不足）: 東京 ダート 未勝利 1600 不
ℹ️ [スキップ/エラーではありません] 平均タイムの該当データなし（サンプル不足）: 東京 ダート 1勝クラス 1600 不
ℹ️ [スキップ/エラーではありません] 平均タイムの該当データなし（サンプル不足）: 東京 ダート 1勝クラス 1600 不
ℹ️ [スキップ/エラーではありません] 平均タイムの該当データなし（サンプル不足）: 阪神 障害 未勝利 2970 良
ℹ️ [スキップ/エラーではありません] 平均タイムの該当データなし（サンプル不足）: 新潟 ダート 1勝クラス 1800 不
ℹ️ [スキップ/エラーではありません] 平均タイムの該当データなし（サンプル不足）: 東京 ダート 2勝クラス 1400 不
ℹ️ [スキップ/エラーではありません] 平均タイムの該当データなし（サンプル不足）: 中山 ダート 未勝利 1200 不
ℹ️ [スキップ/エラーではありません] 平均タイムの該当データなし（サンプル不足）: 小倉 障害 未勝利 2860 稍重
ℹ️ [スキップ/エラーではありません] 平均タイムの該当データなし（サンプル不足）: 中山 障害 未勝利 2880 良
ℹ️ [スキップ/エラーではありません] 平均タイムの該当データなし（サンプル不足）: 福島 障害 未勝利 2770 良
ℹ️ [スキップ/エラーではありません] 平均タイムの該当データなし（サンプル不足）: 中山 ダート 未勝利 1800 不
ℹ️ [スキップ/エラーではありません] 平均タイムの該当データなし（サンプル不足）: 東京 ダート オープン 1600 不
ℹ️ [スキップ/エラーではありません] 平均タイムの該当データなし（サンプル不足）: 東京 ダート オープン 1400 不
出馬表再生成: 20260405
ℹ️ [スキップ/エラーではありません] 指定日に開催なし: 20260405 01_sapporo
ℹ️ [スキップ/エラーではありません] 指定日に開催なし: 20260405 02_hakodate
ℹ️ [スキップ/エラーではありません] 指定日に開催なし: 20260405 03_fukushima
ℹ️ [スキップ/エラーではありません] 指定日に開催なし: 20260405 04_nigata
ℹ️ [スキップ/エラーではありません] 指定日に開催なし: 20260405 05_tokyo
ℹ️ [スキップ/エラーではありません] 指定日に開催なし: 20260405 07_chukyo
ℹ️ [スキップ/エラーではありません] 指定日に開催なし: 20260405 08_kyoto
ℹ️ [スキップ/エラーではありません] 指定日に開催なし: 20260405 10_kokura
ℹ️ [スキップ/エラーではありません] 平均タイムの該当データなし（サンプル不足）: 中山 ダート 未勝利 1800 不
ℹ️ [スキップ/エラーではありません] 平均タイムの該当データなし（サンプル不足）: 中山 ダート 未勝利 1200 不
ℹ️ [スキップ/エラーではありません] 平均タイムの該当データなし（サンプル不足）: 東京 ダート 新馬 1400 不
ℹ️ [スキップ/エラーではありません] 平均タイムの該当データなし（サンプル不足）: 中山 ダート 未勝利 1200 不
ℹ️ [スキップ/エラーではありません] 平均タイムの該当データなし（サンプル不足）: 中山 ダート 未勝利 1200 不
ℹ️ [スキップ/エラーではありません] 平均タイムの該当データなし（サンプル不足）: 小倉 障害 未勝利 2860 稍重
ℹ️ [スキップ/エラーではありません] 平均タイムの該当データなし（サンプル不足）: 中山 障害 未勝利 2880 稍重
ℹ️ [スキップ/エラーではありません] 平均タイムの該当データなし（サンプル不足）: 中山 障害 未勝利 2880 良
ℹ️ [スキップ/エラーではありません] 平均タイムの該当データなし（サンプル不足）: 札幌 ダート 未勝利 1700 不
ℹ️ [スキップ/エラーではありません] 平均タイムの該当データなし（サンプル不足）: 阪神 障害 未勝利 2970 良
ℹ️ [スキップ/エラーではありません] 平均タイムの該当データなし（サンプル不足）: 小倉 障害 未勝利 2860 良
ℹ️ [スキップ/エラーではありません] 平均タイムの該当データなし（サンプル不足）: 阪神 障害 未勝利 2970 良
ℹ️ [スキップ/エラーではありません] 平均タイムの該当データなし（サンプル不足）: 京都 障害 未勝利 2910 良
ℹ️ [スキップ/エラーではありません] 平均タイムの該当データなし（サンプル不足）: 阪神 障害 未勝利 2970 良
ℹ️ [スキップ/エラーではありません] 平均タイムの該当データなし（サンプル不足）: 中山 障害 未勝利 2880 良
ℹ️ [スキップ/エラーではありません] 平均タイムの該当データなし（サンプル不足）: 小倉 障害 未勝利 2860 良
ℹ️ [スキップ/エラーではありません] 平均タイムの該当データなし（サンプル不足）: 東京 障害 未勝利 3000 稍重
ℹ️ [スキップ/エラーではありません] 平均タイムの該当データなし（サンプル不足）: 中山 障害 未勝利 2880 稍重
ℹ️ [スキップ/エラーではありません] 平均タイムの該当データなし（サンプル不足）: 中山 障害 未勝利 2880 稍重
ℹ️ [スキップ/エラーではありません] 平均タイムの該当データなし（サンプル不足）: 小倉 障害 未勝利 2860 稍重
ℹ️ [スキップ/エラーではありません] 平均タイムの該当データなし（サンプル不足）: 中山 障害 未勝利 2880 良
ℹ️ [スキップ/エラーではありません] 平均タイムの該当データなし（サンプル不足）: 中山 障害 未勝利 2880 稍重
ℹ️ [スキップ/エラーではありません] 平均タイムの該当データなし（サンプル不足）: 京都 障害 未勝利 2910 良
ℹ️ [スキップ/エラーではありません] 平均タイムの該当データなし（サンプル不足）: 阪神 障害 未勝利 2970 良
ℹ️ [スキップ/エラーではありません] 平均タイムの該当データなし（サンプル不足）: 小倉 障害 未勝利 2860 良
ℹ️ [スキップ/エラーではありません] 平均タイムの該当データなし（サンプル不足）: 小倉 障害 未勝利 2860 良
ℹ️ [スキップ/エラーではありません] 平均タイムの該当データなし（サンプル不足）: 中山 障害 未勝利 2880 稍重
ℹ️ [スキップ/エラーではありません] 平均タイムの該当データなし（サンプル不足）: 小倉 障害 未勝利 2860 良
ℹ️ [スキップ/エラーではありません] 平均タイムの該当データなし（サンプル不足）: 中山 障害 未勝利 2880 良
ℹ️ [スキップ/エラーではありません] 平均タイムの該当データなし（サンプル不足）: 中山 障害 未勝利 2880 良
ℹ️ [スキップ/エラーではありません] 平均タイムの該当データなし（サンプル不足）: 中山 障害 未勝利 2880 良
ℹ️ [スキップ/エラーではありません] 平均タイムの該当データなし（サンプル不足）: 中山 障害 未勝利 2880 重
ℹ️ [スキップ/エラーではありません] 平均タイムの該当データなし（サンプル不足）: 中山 障害 未勝利 2880 良
ℹ️ [スキップ/エラーではありません] 平均タイムの該当データなし（サンプル不足）: 中山 障害 未勝利 2880 稍重
ℹ️ [スキップ/エラーではありません] 平均タイムの該当データなし（サンプル不足）: 福島 障害 未勝利 2770 良
ℹ️ [スキップ/エラーではありません] 平均タイムの該当データなし（サンプル不足）: 福島 障害 未勝利 2750 良
ℹ️ [スキップ/エラーではありません] 平均タイムの該当データなし（サンプル不足）: 新潟 障害 未勝利 2890 稍重
ℹ️ [スキップ/エラーではありません] 平均タイムの該当データなし（サンプル不足）: 中山 障害 未勝利 2880 良
ℹ️ [スキップ/エラーではありません] 平均タイムの該当データなし（サンプル不足）: 小倉 障害 未勝利 2860 良
ℹ️ [スキップ/エラーではありません] 平均タイムの該当データなし（サンプル不足）: 東京 ダート 未勝利 1600 不
ℹ️ [スキップ/エラーではありません] 平均タイムの該当データなし（サンプル不足）: 東京 ダート 未勝利 1400 不
ℹ️ [スキップ/エラーではありません] 平均タイムの該当データなし（サンプル不足）: 東京 芝 未勝利 1800 不
ℹ️ [スキップ/エラーではありません] 平均タイムの該当データなし（サンプル不足）: 東京 ダート 未勝利 1600 不
ℹ️ [スキップ/エラーではありません] 平均タイムの該当データなし（サンプル不足）: 新潟 ダート 未勝利 1200 不
ℹ️ [スキップ/エラーではありません] 平均タイムの該当データなし（サンプル不足）: 中山 ダート 未勝利 1200 不
ℹ️ [スキップ/エラーではありません] 平均タイムの該当データなし（サンプル不足）: 札幌 ダート 1勝クラス 1000 不
ℹ️ [スキップ/エラーではありません] 平均タイムの該当データなし（サンプル不足）: 東京 ダート 未勝利 2100 不
ℹ️ [スキップ/エラーではありません] 平均タイムの該当データなし（サンプル不足）: 京都 ダート 3勝クラス 1200 不
ℹ️ [スキップ/エラーではありません] 平均タイムの該当データなし（サンプル不足）: 京都 ダート 2勝クラス 1800 不
ℹ️ [スキップ/エラーではありません] 平均タイムの該当データなし（サンプル不足）: 小倉 障害 未勝利 2860 良
ℹ️ [スキップ/エラーではありません] 平均タイムの該当データなし（サンプル不足）: 中山 障害 未勝利 2880 重
出馬表再生成: 20260411
ℹ️ [スキップ/エラーではありません] 指定日に開催なし: 20260411 01_sapporo
ℹ️ [スキップ/エラーではありません] 指定日に開催なし: 20260411 02_hakodate
ℹ️ [スキップ/エラーではありません] 指定日に開催なし: 20260411 04_nigata
ℹ️ [スキップ/エラーではありません] 指定日に開催なし: 20260411 05_tokyo
ℹ️ [スキップ/エラーではありません] 指定日に開催なし: 20260411 07_chukyo
ℹ️ [スキップ/エラーではありません] 指定日に開催なし: 20260411 08_kyoto
ℹ️ [スキップ/エラーではありません] 指定日に開催なし: 20260411 10_kokura
ℹ️ [スキップ/エラーではありません] 平均タイムの該当データなし（サンプル不足）: 阪神 障害 未勝利 2970 良
ℹ️ [スキップ/エラーではありません] 平均タイムの該当データなし（サンプル不足）: 中山 障害 未勝利 2880 良
ℹ️ [スキップ/エラーではありません] 平均タイムの該当データなし（サンプル不足）: 福島 障害 未勝利 2750 良
ℹ️ [スキップ/エラーではありません] 平均タイムの該当データなし（サンプル不足）: 中山 障害 未勝利 2880 良
ℹ️ [スキップ/エラーではありません] 平均タイムの該当データなし（サンプル不足）: 中山 障害 未勝利 2880 良
ℹ️ [スキップ/エラーではありません] 平均タイムの該当データなし（サンプル不足）: 小倉 障害 未勝利 2860 良
ℹ️ [スキップ/エラーではありません] 平均タイムの該当データなし（サンプル不足）: 東京 ダート 未勝利 1600 不
ℹ️ [スキップ/エラーではありません] 平均タイムの該当データなし（サンプル不足）: 京都 ダート 1勝クラス 1400 不
ℹ️ [スキップ/エラーではありません] 平均タイムの該当データなし（サンプル不足）: 札幌 ダート 1勝クラス 1000 不
ℹ️ [スキップ/エラーではありません] 平均タイムの該当データなし（サンプル不足）: 中山 ダート 3勝クラス 1800 不
ℹ️ [スキップ/エラーではありません] 平均タイムの該当データなし（サンプル不足）: 京都 ダート オープン 1800 不
ℹ️ [スキップ/エラーではありません] 平均タイムの該当データなし（サンプル不足）: 京都 ダート 1勝クラス 1400 不
❌ [要確認/エラー] 不明な開催場名: 
ℹ️ [スキップ/エラーではありません] 平均タイムの該当データなし（サンプル不足）: 小倉 ダート 未勝利 1700 不
ℹ️ [スキップ/エラーではありません] 平均タイムの該当データなし（サンプル不足）: 中山 ダート 未勝利 1800 不
ℹ️ [スキップ/エラーではありません] 平均タイムの該当データなし（サンプル不足）: 小倉 障害 オープン 3390 良
ℹ️ [スキップ/エラーではありません] 平均タイムの該当データなし（サンプル不足）: 福島 障害 オープン 3380 良
ℹ️ [スキップ/エラーではありません] 平均タイムの該当データなし（サンプル不足）: 東京 障害 オープン 3100 良
ℹ️ [スキップ/エラーではありません] 平均タイムの該当データなし（サンプル不足）: 中京 障害 オープン 3330 良
ℹ️ [スキップ/エラーではありません] 平均タイムの該当データなし（サンプル不足）: 福島 障害 オープン 3380 良
ℹ️ [スキップ/エラーではありません] 平均タイムの該当データなし（サンプル不足）: 中山 障害 オープン 3200 重
ℹ️ [スキップ/エラーではありません] 平均タイムの該当データなし（サンプル不足）: 小倉 障害 未勝利 2860 稍重
ℹ️ [スキップ/エラーではありません] 平均タイムの該当データなし（サンプル不足）: 中山 障害 未勝利 2880 重
ℹ️ [スキップ/エラーではありません] 平均タイムの該当データなし（サンプル不足）: 新潟 ダート 1勝クラス 1800 不
ℹ️ [スキップ/エラーではありません] 平均タイムの該当データなし（サンプル不足）: 小倉 障害 オープン 2860 稍重
ℹ️ [スキップ/エラーではありません] 平均タイムの該当データなし（サンプル不足）: 阪神 障害 オープン 3110 良
ℹ️ [スキップ/エラーではありません] 平均タイムの該当データなし（サンプル不足）: 新潟 障害 オープン 3250 良
ℹ️ [スキップ/エラーではありません] 平均タイムの該当データなし（サンプル不足）: 福島 障害 オープン 2750 稍重
ℹ️ [スキップ/エラーではありません] 平均タイムの該当データなし（サンプル不足）: 新潟 障害 オープン 3290 良
ℹ️ [スキップ/エラーではありません] 平均タイムの該当データなし（サンプル不足）: 小倉 障害 未勝利 2860 良
ℹ️ [スキップ/エラーではありません] 平均タイムの該当データなし（サンプル不足）: 京都 障害 未勝利 2910 良
ℹ️ [スキップ/エラーではありません] 平均タイムの該当データなし（サンプル不足）: 中山 ダート 1勝クラス 1200 不
ℹ️ [スキップ/エラーではありません] 平均タイムの該当データなし（サンプル不足）: 京都 障害 オープン 3170 良
ℹ️ [スキップ/エラーではありません] 平均タイムの該当データなし（サンプル不足）: 東京 障害 オープン 3100 良
ℹ️ [スキップ/エラーではありません] 平均タイムの該当データなし（サンプル不足）: 中山 障害 オープン 3210 稍重
ℹ️ [スキップ/エラーではありません] 平均タイムの該当データなし（サンプル不足）: 小倉 障害 未勝利 2860 稍重
ℹ️ [スキップ/エラーではありません] 平均タイムの該当データなし（サンプル不足）: 京都 障害 未勝利 2910 良
ℹ️ [スキップ/エラーではありません] 平均タイムの該当データなし（サンプル不足）: 中山 障害 オープン 3200 重
ℹ️ [スキップ/エラーではありません] 平均タイムの該当データなし（サンプル不足）: 京都 障害 オープン 3170 良
ℹ️ [スキップ/エラーではありません] 平均タイムの該当データなし（サンプル不足）: 阪神 障害 オープン 3110 良
ℹ️ [スキップ/エラーではありません] 平均タイムの該当データなし（サンプル不足）: 京都 障害 オープン 3170 良
ℹ️ [スキップ/エラーではありません] 平均タイムの該当データなし（サンプル不足）: 中山 障害 未勝利 2880 良
ℹ️ [スキップ/エラーではありません] 平均タイムの該当データなし（サンプル不足）: 小倉 障害 オープン 2860 稍重
ℹ️ [スキップ/エラーではありません] 平均タイムの該当データなし（サンプル不足）: 阪神 障害 オープン 3110 良
ℹ️ [スキップ/エラーではありません] 平均タイムの該当データなし（サンプル不足）: 京都 障害 オープン 3170 良
ℹ️ [スキップ/エラーではありません] 平均タイムの該当データなし（サンプル不足）: 京都 障害 オープン 3930 不
ℹ️ [スキップ/エラーではありません] 平均タイムの該当データなし（サンプル不足）: 中山 障害 未勝利 2880 稍重
ℹ️ [スキップ/エラーではありません] 平均タイムの該当データなし（サンプル不足）: 小倉 障害 オープン 3390 良
ℹ️ [スキップ/エラーではありません] 平均タイムの該当データなし（サンプル不足）: 中山 障害 オープン 3200 良
ℹ️ [スキップ/エラーではありません] 平均タイムの該当データなし（サンプル不足）: 京都 障害 未勝利 2910 良
ℹ️ [スキップ/エラーではありません] 平均タイムの該当データなし（サンプル不足）: 新潟 障害 未勝利 2850 良
ℹ️ [スキップ/エラーではありません] 平均タイムの該当データなし（サンプル不足）: 小倉 障害 オープン 3390 良
ℹ️ [スキップ/エラーではありません] 平均タイムの該当データなし（サンプル不足）: 福島 障害 オープン 3380 良
ℹ️ [スキップ/エラーではありません] 平均タイムの該当データなし（サンプル不足）: 京都 障害 未勝利 2910 稍重
ℹ️ [スキップ/エラーではありません] 平均タイムの該当データなし（サンプル不足）: 阪神 障害 未勝利 2970 良
ℹ️ [スキップ/エラーではありません] 平均タイムの該当データなし（サンプル不足）: 中山 障害 オープン 3200 重
ℹ️ [スキップ/エラーではありません] 平均タイムの該当データなし（サンプル不足）: 中山 障害 未勝利 2880 良
ℹ️ [スキップ/エラーではありません] 平均タイムの該当データなし（サンプル不足）: 阪神 障害 未勝利 2970 良
ℹ️ [スキップ/エラーではありません] 平均タイムの該当データなし（サンプル不足）: 福島 障害 未勝利 2750 良
ℹ️ [スキップ/エラーではありません] 平均タイムの該当データなし（サンプル不足）: 小倉 障害 オープン 2860 稍重
ℹ️ [スキップ/エラーではありません] 平均タイムの該当データなし（サンプル不足）: 阪神 障害 オープン 3110 良
ℹ️ [スキップ/エラーではありません] 平均タイムの該当データなし（サンプル不足）: 中山 障害 未勝利 2880 良
ℹ️ [スキップ/エラーではありません] 平均タイムの該当データなし（サンプル不足）: 福島 障害 未勝利 2750 良
ℹ️ [スキップ/エラーではありません] 平均タイムの該当データなし（サンプル不足）: 東京 障害 未勝利 3000 良
ℹ️ [スキップ/エラーではありません] 平均タイムの該当データなし（サンプル不足）: 小倉 障害 オープン 3390 良
ℹ️ [スキップ/エラーではありません] 平均タイムの該当データなし（サンプル不足）: 小倉 障害 オープン 2860 良
ℹ️ [スキップ/エラーではありません] 平均タイムの該当データなし（サンプル不足）: 東京 障害 オープン 3110 良
ℹ️ [スキップ/エラーではありません] 平均タイムの該当データなし（サンプル不足）: 阪神 障害 オープン 3140 良
ℹ️ [スキップ/エラーではありません] 平均タイムの該当データなし（サンプル不足）: 新潟 障害 オープン 3250 良
ℹ️ [スキップ/エラーではありません] 平均タイムの該当データなし（サンプル不足）: 中山 障害 オープン 3200 重
ℹ️ [スキップ/エラーではありません] 平均タイムの該当データなし（サンプル不足）: 中山 障害 オープン 3200 良
ℹ️ [スキップ/エラーではありません] 平均タイムの該当データなし（サンプル不足）: 京都 障害 オープン 3170 良
ℹ️ [スキップ/エラーではありません] 平均タイムの該当データなし（サンプル不足）: 中京 障害 オープン 3300 良
ℹ️ [スキップ/エラーではありません] 平均タイムの該当データなし（サンプル不足）: 京都 障害 オープン 3170 良
ℹ️ [スキップ/エラーではありません] 平均タイムの該当データなし（サンプル不足）: 小倉 障害 オープン 3390 良
ℹ️ [スキップ/エラーではありません] 平均タイムの該当データなし（サンプル不足）: 小倉 障害 オープン 2860 良
ℹ️ [スキップ/エラーではありません] 平均タイムの該当データなし（サンプル不足）: 中山 障害 未勝利 2880 良
ℹ️ [スキップ/エラーではありません] 平均タイムの該当データなし（サンプル不足）: 中山 障害 未勝利 2880 重
ℹ️ [スキップ/エラーではありません] 平均タイムの該当データなし（サンプル不足）: 福島 障害 未勝利 2750 良
ℹ️ [スキップ/エラーではありません] 平均タイムの該当データなし（サンプル不足）: 東京 ダート 未勝利 1600 不
ℹ️ [スキップ/エラーではありません] 平均タイムの該当データなし（サンプル不足）: 京都 ダート 3勝クラス 1200 不
ℹ️ [スキップ/エラーではありません] 平均タイムの該当データなし（サンプル不足）: 京都 ダート 3勝クラス 1200 不
ℹ️ [スキップ/エラーではありません] 平均タイムの該当データなし（サンプル不足）: 京都 ダート 3勝クラス 1200 不
ℹ️ [スキップ/エラーではありません] 平均タイムの該当データなし（サンプル不足）: 中山 ダート 1勝クラス 1200 不
ℹ️ [スキップ/エラーではありません] 平均タイムの該当データなし（サンプル不足）: 中山 ダート 1勝クラス 1200 不
ℹ️ [スキップ/エラーではありません] 平均タイムの該当データなし（サンプル不足）: 京都 ダート 未勝利 1400 不
ℹ️ [スキップ/エラーではありません] 平均タイムの該当データなし（サンプル不足）: 東京 ダート 未勝利 1300 不
ℹ️ [スキップ/エラーではありません] 平均タイムの該当データなし（サンプル不足）: 京都 ダート 1勝クラス 1400 不
ℹ️ [スキップ/エラーではありません] 平均タイムの該当データなし（サンプル不足）: 京都 ダート 未勝利 1400 不
ℹ️ [スキップ/エラーではありません] 平均タイムの該当データなし（サンプル不足）: 京都 ダート 1勝クラス 1400 不
ℹ️ [スキップ/エラーではありません] 平均タイムの該当データなし（サンプル不足）: 小倉 障害 未勝利 2860 稍重
出馬表再生成: 20260412
ℹ️ [スキップ/エラーではありません] 指定日に開催なし: 20260412 01_sapporo
ℹ️ [スキップ/エラーではありません] 指定日に開催なし: 20260412 02_hakodate
ℹ️ [スキップ/エラーではありません] 指定日に開催なし: 20260412 04_nigata
ℹ️ [スキップ/エラーではありません] 指定日に開催なし: 20260412 05_tokyo
ℹ️ [スキップ/エラーではありません] 指定日に開催なし: 20260412 07_chukyo
ℹ️ [スキップ/エラーではありません] 指定日に開催なし: 20260412 08_kyoto
ℹ️ [スキップ/エラーではありません] 指定日に開催なし: 20260412 10_kokura
ℹ️ [スキップ/エラーではありません] 平均タイムの該当データなし（サンプル不足）: 阪神 障害 未勝利 2970 良
ℹ️ [スキップ/エラーではありません] 平均タイムの該当データなし（サンプル不足）: 小倉 障害 未勝利 2860 良
ℹ️ [スキップ/エラーではありません] 平均タイムの該当データなし（サンプル不足）: 京都 障害 未勝利 2910 良
ℹ️ [スキップ/エラーではありません] 平均タイムの該当データなし（サンプル不足）: 札幌 ダート 未勝利 1700 不
ℹ️ [スキップ/エラーではありません] 平均タイムの該当データなし（サンプル不足）: 京都 ダート 1勝クラス 1400 不
ℹ️ [スキップ/エラーではありません] 平均タイムの該当データなし（サンプル不足）: 東京 障害 未勝利 3000 良
ℹ️ [スキップ/エラーではありません] 平均タイムの該当データなし（サンプル不足）: 新潟 障害 未勝利 2850 良
ℹ️ [スキップ/エラーではありません] 平均タイムの該当データなし（サンプル不足）: 札幌 ダート 未勝利 1700 不
ℹ️ [スキップ/エラーではありません] 平均タイムの該当データなし（サンプル不足）: 小倉 ダート 1勝クラス 1000 不
ℹ️ [スキップ/エラーではありません] 平均タイムの該当データなし（サンプル不足）: 小倉 障害 未勝利 2860 良
ℹ️ [スキップ/エラーではありません] 平均タイムの該当データなし（サンプル不足）: 小倉 障害 未勝利 2860 良
ℹ️ [スキップ/エラーではありません] 平均タイムの該当データなし（サンプル不足）: 京都 障害 未勝利 2910 良
ℹ️ [スキップ/エラーではありません] 平均タイムの該当データなし（サンプル不足）: 京都 障害 未勝利 2910 良
ℹ️ [スキップ/エラーではありません] 平均タイムの該当データなし（サンプル不足）: 京都 ダート 1勝クラス 1400 不
ℹ️ [スキップ/エラーではありません] 平均タイムの該当データなし（サンプル不足）: 中山 ダート 未勝利 1200 不
ℹ️ [スキップ/エラーではありません] 平均タイムの該当データなし（サンプル不足）: 中山 ダート 未勝利 1200 不
ℹ️ [スキップ/エラーではありません] 平均タイムの該当データなし（サンプル不足）: 中山 ダート 未勝利 1800 不
ℹ️ [スキップ/エラーではありません] 平均タイムの該当データなし（サンプル不足）: 東京 ダート 新馬 1400 不
ℹ️ [スキップ/エラーではありません] 平均タイムの該当データなし（サンプル不足）: 小倉 障害 未勝利 2860 良
ℹ️ [スキップ/エラーではありません] 平均タイムの該当データなし（サンプル不足）: 小倉 障害 未勝利 2860 稍重
ℹ️ [スキップ/エラーではありません] 平均タイムの該当データなし（サンプル不足）: 中山 障害 未勝利 2880 稍重
ℹ️ [スキップ/エラーではありません] 平均タイムの該当データなし（サンプル不足）: 京都 障害 未勝利 2910 良
ℹ️ [スキップ/エラーではありません] 平均タイムの該当データなし（サンプル不足）: 阪神 障害 未勝利 2970 良
ℹ️ [スキップ/エラーではありません] 平均タイムの該当データなし（サンプル不足）: 小倉 障害 未勝利 2860 良
ℹ️ [スキップ/エラーではありません] 平均タイムの該当データなし（サンプル不足）: 中山 障害 未勝利 2880 良
ℹ️ [スキップ/エラーではありません] 平均タイムの該当データなし（サンプル不足）: 京都 障害 未勝利 2910 良
ℹ️ [スキップ/エラーではありません] 平均タイムの該当データなし（サンプル不足）: 京都 障害 未勝利 2910 稍重
ℹ️ [スキップ/エラーではありません] 平均タイムの該当データなし（サンプル不足）: 中山 障害 未勝利 2880 重
ℹ️ [スキップ/エラーではありません] 平均タイムの該当データなし（サンプル不足）: 中山 障害 未勝利 2880 良
ℹ️ [スキップ/エラーではありません] 平均タイムの該当データなし（サンプル不足）: 小倉 障害 未勝利 2860 良
ℹ️ [スキップ/エラーではありません] 平均タイムの該当データなし（サンプル不足）: 東京 障害 未勝利 3000 稍重
ℹ️ [スキップ/エラーではありません] 平均タイムの該当データなし（サンプル不足）: 中山 障害 未勝利 2880 稍重
ℹ️ [スキップ/エラーではありません] 平均タイムの該当データなし（サンプル不足）: 小倉 障害 未勝利 2860 良
ℹ️ [スキップ/エラーではありません] 平均タイムの該当データなし（サンプル不足）: 中山 障害 未勝利 2880 良
ℹ️ [スキップ/エラーではありません] 平均タイムの該当データなし（サンプル不足）: 小倉 障害 未勝利 2860 稍重
ℹ️ [スキップ/エラーではありません] 平均タイムの該当データなし（サンプル不足）: 中山 障害 未勝利 2880 良
ℹ️ [スキップ/エラーではありません] 平均タイムの該当データなし（サンプル不足）: 京都 障害 未勝利 2910 良
ℹ️ [スキップ/エラーではありません] 平均タイムの該当データなし（サンプル不足）: 福島 障害 未勝利 2770 良
ℹ️ [スキップ/エラーではありません] 平均タイムの該当データなし（サンプル不足）: 小倉 障害 未勝利 2860 良
ℹ️ [スキップ/エラーではありません] 平均タイムの該当データなし（サンプル不足）: 中山 障害 未勝利 2880 重
ℹ️ [スキップ/エラーではありません] 平均タイムの該当データなし（サンプル不足）: 京都 障害 未勝利 2910 良
ℹ️ [スキップ/エラーではありません] 平均タイムの該当データなし（サンプル不足）: 東京 障害 未勝利 3000 良
ℹ️ [スキップ/エラーではありません] 平均タイムの該当データなし（サンプル不足）: 新潟 障害 未勝利 2890 稍重
ℹ️ [スキップ/エラーではありません] 平均タイムの該当データなし（サンプル不足）: 小倉 障害 未勝利 2860 稍重
ℹ️ [スキップ/エラーではありません] 平均タイムの該当データなし（サンプル不足）: 中山 障害 未勝利 2880 良
ℹ️ [スキップ/エラーではありません] 平均タイムの該当データなし（サンプル不足）: 中山 障害 未勝利 2880 重
ℹ️ [スキップ/エラーではありません] 平均タイムの該当データなし（サンプル不足）: 中山 障害 未勝利 2880 良
ℹ️ [スキップ/エラーではありません] 平均タイムの該当データなし（サンプル不足）: 中山 障害 未勝利 2880 稍重
ℹ️ [スキップ/エラーではありません] 平均タイムの該当データなし（サンプル不足）: 中山 障害 未勝利 2880 良
ℹ️ [スキップ/エラーではありません] 平均タイムの該当データなし（サンプル不足）: 中山 障害 未勝利 2880 稍重
ℹ️ [スキップ/エラーではありません] 平均タイムの該当データなし（サンプル不足）: 中山 障害 未勝利 2880 良
ℹ️ [スキップ/エラーではありません] 平均タイムの該当データなし（サンプル不足）: 中山 ダート 未勝利 1800 不
ℹ️ [スキップ/エラーではありません] 平均タイムの該当データなし（サンプル不足）: 京都 ダート 2勝クラス 1800 不
ℹ️ [スキップ/エラーではありません] 平均タイムの該当データなし（サンプル不足）: 東京 ダート 1勝クラス 1600 不
ℹ️ [スキップ/エラーではありません] 平均タイムの該当データなし（サンプル不足）: 中山 ダート 2勝クラス 2400 不
ℹ️ [スキップ/エラーではありません] 平均タイムの該当データなし（サンプル不足）: 中山 ダート 2勝クラス 2400 不
ℹ️ [スキップ/エラーではありません] 平均タイムの該当データなし（サンプル不足）: 東京 ダート オープン 1400 不
ℹ️ [スキップ/エラーではありません] 平均タイムの該当データなし（サンプル不足）: 京都 ダート 3勝クラス 1200 不
ℹ️ [スキップ/エラーではありません] 平均タイムの該当データなし（サンプル不足）: 中山 ダート 未勝利 1200 不
ℹ️ [スキップ/エラーではありません] 平均タイムの該当データなし（サンプル不足）: 東京 ダート 1勝クラス 1600 不
ℹ️ [スキップ/エラーではありません] 平均タイムの該当データなし（サンプル不足）: 京都 ダート 未勝利 1200 不
ℹ️ [スキップ/エラーではありません] 平均タイムの該当データなし（サンプル不足）: 京都 ダート 未勝利 1200 不
ℹ️ [スキップ/エラーではありません] 平均タイムの該当データなし（サンプル不足）: 京都 ダート 未勝利 1200 不
ℹ️ [スキップ/エラーではありません] 平均タイムの該当データなし（サンプル不足）: 東京 ダート 2勝クラス 2100 不
ℹ️ [スキップ/エラーではありません] 平均タイムの該当データなし（サンプル不足）: 京都 ダート 1勝クラス 1400 不
ℹ️ [スキップ/エラーではありません] 平均タイムの該当データなし（サンプル不足）: 京都 芝 1勝クラス 2000 不
出馬表再生成: 20260418
ℹ️ [スキップ/エラーではありません] 指定日に開催なし: 20260418 01_sapporo
ℹ️ [スキップ/エラーではありません] 指定日に開催なし: 20260418 02_hakodate
ℹ️ [スキップ/エラーではありません] 指定日に開催なし: 20260418 04_nigata
ℹ️ [スキップ/エラーではありません] 指定日に開催なし: 20260418 05_tokyo
ℹ️ [スキップ/エラーではありません] 指定日に開催なし: 20260418 07_chukyo
ℹ️ [スキップ/エラーではありません] 指定日に開催なし: 20260418 08_kyoto
ℹ️ [スキップ/エラーではありません] 指定日に開催なし: 20260418 10_kokura
ℹ️ [スキップ/エラーではありません] 平均タイムの該当データなし（サンプル不足）: 中山 ダート 未勝利 1800 不
ℹ️ [スキップ/エラーではありません] 平均タイムの該当データなし（サンプル不足）: 小倉 ダート 1勝クラス 1000 不
ℹ️ [スキップ/エラーではありません] 平均タイムの該当データなし（サンプル不足）: 小倉 ダート 1勝クラス 1000 不
ℹ️ [スキップ/エラーではありません] 平均タイムの該当データなし（サンプル不足）: 阪神 障害 未勝利 2970 良
ℹ️ [スキップ/エラーではありません] 平均タイムの該当データなし（サンプル不足）: 中山 障害 未勝利 2880 良
ℹ️ [スキップ/エラーではありません] 平均タイムの該当データなし（サンプル不足）: 京都 ダート 1勝クラス 1400 不
ℹ️ [スキップ/エラーではありません] 平均タイムの該当データなし（サンプル不足）: 福島 ダート nan 1700 良
ℹ️ [スキップ/エラーではありません] 平均タイムの該当データなし（サンプル不足）: 中京 ダート nan 1900 良
ℹ️ [スキップ/エラーではありません] 平均タイムの該当データなし（サンプル不足）: 東京 ダート 1勝クラス 1600 不
ℹ️ [スキップ/エラーではありません] 平均タイムの該当データなし（サンプル不足）: 中京 芝 未勝利 1600 不
ℹ️ [スキップ/エラーではありません] 平均タイムの該当データなし（サンプル不足）: 中山 ダート 未勝利 1800 不
ℹ️ [スキップ/エラーではありません] 平均タイムの該当データなし（サンプル不足）: 中山 ダート 未勝利 1200 不
ℹ️ [スキップ/エラーではありません] 平均タイムの該当データなし（サンプル不足）: 東京 ダート 未勝利 1600 不
ℹ️ [スキップ/エラーではありません] 平均タイムの該当データなし（サンプル不足）: 中山 障害 未勝利 2880 良
ℹ️ [スキップ/エラーではありません] 平均タイムの該当データなし（サンプル不足）: 小倉 障害 未勝利 2860 良
ℹ️ [スキップ/エラーではありません] 平均タイムの該当データなし（サンプル不足）: 中山 ダート 1勝クラス 2400 不
ℹ️ [スキップ/エラーではありません] 平均タイムの該当データなし（サンプル不足）: 札幌 ダート 未勝利 1700 不
ℹ️ [スキップ/エラーではありません] 平均タイムの該当データなし（サンプル不足）: 中山 障害 未勝利 2880 良
ℹ️ [スキップ/エラーではありません] 平均タイムの該当データなし（サンプル不足）: 中山 障害 未勝利 2880 重
ℹ️ [スキップ/エラーではありません] 平均タイムの該当データなし（サンプル不足）: 阪神 障害 オープン 3900 良
ℹ️ [スキップ/エラーではありません] 平均タイムの該当データなし（サンプル不足）: 小倉 障害 オープン 3390 良
ℹ️ [スキップ/エラーではありません] 平均タイムの該当データなし（サンプル不足）: 阪神 障害 オープン 3110 良
ℹ️ [スキップ/エラーではありません] 平均タイムの該当データなし（サンプル不足）: 京都 障害 オープン 3170 良
ℹ️ [スキップ/エラーではありません] 平均タイムの該当データなし（サンプル不足）: 阪神 障害 オープン 3140 良
ℹ️ [スキップ/エラーではありません] 平均タイムの該当データなし（サンプル不足）: 中山 障害 オープン 3350 良
ℹ️ [スキップ/エラーではありません] 平均タイムの該当データなし（サンプル不足）: 中山 障害 オープン 3200 良
ℹ️ [スキップ/エラーではありません] 平均タイムの該当データなし（サンプル不足）: 中山 障害 オープン 3570 良
ℹ️ [スキップ/エラーではありません] 平均タイムの該当データなし（サンプル不足）: 中山 障害 オープン 3210 稍重
ℹ️ [スキップ/エラーではありません] 平均タイムの該当データなし（サンプル不足）: 東京 障害 オープン 3110 良
ℹ️ [スキップ/エラーではありません] 平均タイムの該当データなし（サンプル不足）: 阪神 障害 オープン 3140 良
ℹ️ [スキップ/エラーではありません] 平均タイムの該当データなし（サンプル不足）: 小倉 障害 未勝利 2860 稍重
ℹ️ [スキップ/エラーではありません] 平均タイムの該当データなし（サンプル不足）: 小倉 障害 オープン 3390 良
ℹ️ [スキップ/エラーではありません] 平均タイムの該当データなし（サンプル不足）: 京都 障害 オープン 3930 良
ℹ️ [スキップ/エラーではありません] 平均タイムの該当データなし（サンプル不足）: 中山 障害 オープン 3350 良
ℹ️ [スキップ/エラーではありません] 平均タイムの該当データなし（サンプル不足）: 小倉 障害 オープン 3390 良
ℹ️ [スキップ/エラーではありません] 平均タイムの該当データなし（サンプル不足）: 中山 障害 オープン 3200 重
ℹ️ [スキップ/エラーではありません] 平均タイムの該当データなし（サンプル不足）: 中山 障害 オープン 4100 良
ℹ️ [スキップ/エラーではありません] 平均タイムの該当データなし（サンプル不足）: 東京 障害 オープン 3110 良
ℹ️ [スキップ/エラーではありません] 平均タイムの該当データなし（サンプル不足）: 新潟 障害 オープン 3250 良
ℹ️ [スキップ/エラーではありません] 平均タイムの該当データなし（サンプル不足）: 新潟 障害 オープン 2850 良
ℹ️ [スキップ/エラーではありません] 平均タイムの該当データなし（サンプル不足）: 阪神 障害 オープン 3900 良
ℹ️ [スキップ/エラーではありません] 平均タイムの該当データなし（サンプル不足）: 中山 障害 オープン 4100 良
ℹ️ [スキップ/エラーではありません] 平均タイムの該当データなし（サンプル不足）: 東京 障害 オープン 3110 良
ℹ️ [スキップ/エラーではありません] 平均タイムの該当データなし（サンプル不足）: 中山 障害 オープン 4260 良
ℹ️ [スキップ/エラーではありません] 平均タイムの該当データなし（サンプル不足）: 阪神 障害 オープン 3900 良
ℹ️ [スキップ/エラーではありません] 平均タイムの該当データなし（サンプル不足）: 阪神 障害 オープン 3900 良
ℹ️ [スキップ/エラーではありません] 平均タイムの該当データなし（サンプル不足）: 中山 障害 オープン 4100 良
ℹ️ [スキップ/エラーではありません] 平均タイムの該当データなし（サンプル不足）: 阪神 障害 オープン 3140 良
ℹ️ [スキップ/エラーではありません] 平均タイムの該当データなし（サンプル不足）: 小倉 障害 オープン 3390 良
ℹ️ [スキップ/エラーではありません] 平均タイムの該当データなし（サンプル不足）: 中山 障害 オープン 4260 良
ℹ️ [スキップ/エラーではありません] 平均タイムの該当データなし（サンプル不足）: 阪神 障害 オープン 3900 良
ℹ️ [スキップ/エラーではありません] 平均タイムの該当データなし（サンプル不足）: 中山 障害 オープン 3200 良
ℹ️ [スキップ/エラーではありません] 平均タイムの該当データなし（サンプル不足）: 中山 障害 オープン 3570 良
ℹ️ [スキップ/エラーではありません] 平均タイムの該当データなし（サンプル不足）: 京都 障害 オープン 3170 良
ℹ️ [スキップ/エラーではありません] 平均タイムの該当データなし（サンプル不足）: 中京 障害 オープン 3330 良
ℹ️ [スキップ/エラーではありません] 平均タイムの該当データなし（サンプル不足）: 中山 障害 オープン 4100 良
ℹ️ [スキップ/エラーではありません] 平均タイムの該当データなし（サンプル不足）: 京都 障害 オープン 3170 良
ℹ️ [スキップ/エラーではありません] 平均タイムの該当データなし（サンプル不足）: 中山 障害 オープン 3200 良
ℹ️ [スキップ/エラーではありません] 平均タイムの該当データなし（サンプル不足）: 中山 障害 オープン 3200 良
ℹ️ [スキップ/エラーではありません] 平均タイムの該当データなし（サンプル不足）: 中山 障害 オープン 3570 良
ℹ️ [スキップ/エラーではありません] 平均タイムの該当データなし（サンプル不足）: 阪神 障害 オープン 3900 良
ℹ️ [スキップ/エラーではありません] 平均タイムの該当データなし（サンプル不足）: 中山 障害 オープン 3200 良
ℹ️ [スキップ/エラーではありません] 平均タイムの該当データなし（サンプル不足）: 京都 障害 オープン 3170 良
ℹ️ [スキップ/エラーではありません] 平均タイムの該当データなし（サンプル不足）: 京都 障害 オープン 3170 良
ℹ️ [スキップ/エラーではありません] 平均タイムの該当データなし（サンプル不足）: 京都 ダート 未勝利 1200 不
ℹ️ [スキップ/エラーではありません] 平均タイムの該当データなし（サンプル不足）: 中山 ダート 未勝利 1800 不
ℹ️ [スキップ/エラーではありません] 平均タイムの該当データなし（サンプル不足）: 東京 ダート 2勝クラス 1600 不
ℹ️ [スキップ/エラーではありません] 平均タイムの該当データなし（サンプル不足）: 京都 ダート 2勝クラス 1800 不
ℹ️ [スキップ/エラーではありません] 平均タイムの該当データなし（サンプル不足）: 中山 ダート 2勝クラス 2400 不
ℹ️ [スキップ/エラーではありません] 平均タイムの該当データなし（サンプル不足）: 京都 芝 2勝クラス 1200 不
ℹ️ [スキップ/エラーではありません] 平均タイムの該当データなし（サンプル不足）: 京都 ダート オープン 1800 不
ℹ️ [スキップ/エラーではありません] 平均タイムの該当データなし（サンプル不足）: 京都 ダート 2勝クラス 1800 不
ℹ️ [スキップ/エラーではありません] 平均タイムの該当データなし（サンプル不足）: 新潟 ダート オープン 1800 不
ℹ️ [スキップ/エラーではありません] 平均タイムの該当データなし（サンプル不足）: 京都 ダート オープン 1800 不
ℹ️ [スキップ/エラーではありません] 平均タイムの該当データなし（サンプル不足）: 京都 ダート オープン 1800 不
ℹ️ [スキップ/エラーではありません] 平均タイムの該当データなし（サンプル不足）: 新潟 ダート オープン 1800 不
ℹ️ [スキップ/エラーではありません] 平均タイムの該当データなし（サンプル不足）: 東京 ダート 1勝クラス 1600 不
ℹ️ [スキップ/エラーではありません] 平均タイムの該当データなし（サンプル不足）: 小倉 ダート 1勝クラス 1000 不
出馬表再生成: 20260419
ℹ️ [スキップ/エラーではありません] 指定日に開催なし: 20260419 01_sapporo
ℹ️ [スキップ/エラーではありません] 指定日に開催なし: 20260419 02_hakodate
ℹ️ [スキップ/エラーではありません] 指定日に開催なし: 20260419 04_nigata
ℹ️ [スキップ/エラーではありません] 指定日に開催なし: 20260419 05_tokyo
ℹ️ [スキップ/エラーではありません] 指定日に開催なし: 20260419 07_chukyo
ℹ️ [スキップ/エラーではありません] 指定日に開催なし: 20260419 08_kyoto
ℹ️ [スキップ/エラーではありません] 指定日に開催なし: 20260419 10_kokura
ℹ️ [スキップ/エラーではありません] 平均タイムの該当データなし（サンプル不足）: 東京 ダート 未勝利 1600 不
ℹ️ [スキップ/エラーではありません] 平均タイムの該当データなし（サンプル不足）: 東京 ダート 未勝利 1600 不
ℹ️ [スキップ/エラーではありません] 平均タイムの該当データなし（サンプル不足）: 小倉 障害 未勝利 2860 良
ℹ️ [スキップ/エラーではありません] 平均タイムの該当データなし（サンプル不足）: 福島 障害 未勝利 2770 良
ℹ️ [スキップ/エラーではありません] 平均タイムの該当データなし（サンプル不足）: 東京 ダート 1勝クラス 1600 不
ℹ️ [スキップ/エラーではありません] 平均タイムの該当データなし（サンプル不足）: 新潟 障害 未勝利 2850 良
ℹ️ [スキップ/エラーではありません] 平均タイムの該当データなし（サンプル不足）: 中京 障害 未勝利 3000 良
ℹ️ [スキップ/エラーではありません] 平均タイムの該当データなし（サンプル不足）: 東京 ダート 1勝クラス 1600 不
ℹ️ [スキップ/エラーではありません] 平均タイムの該当データなし（サンプル不足）: 中山 障害 未勝利 2880 良
ℹ️ [スキップ/エラーではありません] 平均タイムの該当データなし（サンプル不足）: 小倉 障害 未勝利 2860 良
ℹ️ [スキップ/エラーではありません] 平均タイムの該当データなし（サンプル不足）: 中山 障害 未勝利 2880 良
ℹ️ [スキップ/エラーではありません] 平均タイムの該当データなし（サンプル不足）: 中山 障害 未勝利 2880 稍重
ℹ️ [スキップ/エラーではありません] 平均タイムの該当データなし（サンプル不足）: 福島 障害 未勝利 2770 良
ℹ️ [スキップ/エラーではありません] 平均タイムの該当データなし（サンプル不足）: 小倉 ダート 未勝利 1700 不
ℹ️ [スキップ/エラーではありません] 平均タイムの該当データなし（サンプル不足）: 小倉 ダート 1勝クラス 1000 不
ℹ️ [スキップ/エラーではありません] 平均タイムの該当データなし（サンプル不足）: 東京 ダート 1勝クラス 1600 不
ℹ️ [スキップ/エラーではありません] 平均タイムの該当データなし（サンプル不足）: 中山 ダート 未勝利 1800 不
ℹ️ [スキップ/エラーではありません] 平均タイムの該当データなし（サンプル不足）: 中山 ダート 未勝利 1200 不
ℹ️ [スキップ/エラーではありません] 平均タイムの該当データなし（サンプル不足）: 中山 ダート 未勝利 1200 不
ℹ️ [スキップ/エラーではありません] 平均タイムの該当データなし（サンプル不足）: 中山 ダート 未勝利 1800 不
ℹ️ [スキップ/エラーではありません] 平均タイムの該当データなし（サンプル不足）: 東京 ダート 未勝利 1600 不
ℹ️ [スキップ/エラーではありません] 平均タイムの該当データなし（サンプル不足）: 東京 ダート 未勝利 1600 不
ℹ️ [スキップ/エラーではありません] 平均タイムの該当データなし（サンプル不足）: 東京 ダート 1勝クラス 1600 不
ℹ️ [スキップ/エラーではありません] 平均タイムの該当データなし（サンプル不足）: 東京 ダート 2勝クラス 1600 不
ℹ️ [スキップ/エラーではありません] 平均タイムの該当データなし（サンプル不足）: 中山 ダート 2勝クラス 2400 不
ℹ️ [スキップ/エラーではありません] 平均タイムの該当データなし（サンプル不足）: 東京 ダート 2勝クラス 2100 不
ℹ️ [スキップ/エラーではありません] 平均タイムの該当データなし（サンプル不足）: 東京 ダート オープン 1400 不
ℹ️ [スキップ/エラーではありません] 平均タイムの該当データなし（サンプル不足）: 小倉 障害 オープン 3390 良
ℹ️ [スキップ/エラーではありません] 平均タイムの該当データなし（サンプル不足）: 京都 障害 オープン 3170 良
ℹ️ [スキップ/エラーではありません] 平均タイムの該当データなし（サンプル不足）: 阪神 障害 オープン 3110 良
ℹ️ [スキップ/エラーではありません] 平均タイムの該当データなし（サンプル不足）: 東京 障害 オープン 3100 良
ℹ️ [スキップ/エラーではありません] 平均タイムの該当データなし（サンプル不足）: 中京 障害 オープン 3300 良
ℹ️ [スキップ/エラーではありません] 平均タイムの該当データなし（サンプル不足）: 小倉 ダート 未勝利 1700 不
ℹ️ [スキップ/エラーではありません] 平均タイムの該当データなし（サンプル不足）: 阪神 障害 未勝利 2970 良
ℹ️ [スキップ/エラーではありません] 平均タイムの該当データなし（サンプル不足）: 小倉 障害 未勝利 2860 稍重
ℹ️ [スキップ/エラーではありません] 平均タイムの該当データなし（サンプル不足）: 中山 障害 未勝利 2880 良
ℹ️ [スキップ/エラーではありません] 平均タイムの該当データなし（サンプル不足）: 中山 障害 未勝利 2880 重
ℹ️ [スキップ/エラーではありません] 平均タイムの該当データなし（サンプル不足）: 中山 障害 未勝利 2880 良
ℹ️ [スキップ/エラーではありません] 平均タイムの該当データなし（サンプル不足）: 小倉 障害 未勝利 2860 良
ℹ️ [スキップ/エラーではありません] 平均タイムの該当データなし（サンプル不足）: 福島 障害 未勝利 2770 良
ℹ️ [スキップ/エラーではありません] 平均タイムの該当データなし（サンプル不足）: 小倉 障害 未勝利 2860 稍重
ℹ️ [スキップ/エラーではありません] 平均タイムの該当データなし（サンプル不足）: 福島 障害 未勝利 2750 良
ℹ️ [スキップ/エラーではありません] 平均タイムの該当データなし（サンプル不足）: 中京 障害 未勝利 3000 良
ℹ️ [スキップ/エラーではありません] 平均タイムの該当データなし（サンプル不足）: 福島 障害 未勝利 2770 良
ℹ️ [スキップ/エラーではありません] 平均タイムの該当データなし（サンプル不足）: 中山 障害 未勝利 2880 良
ℹ️ [スキップ/エラーではありません] 平均タイムの該当データなし（サンプル不足）: 中山 障害 未勝利 2880 重
ℹ️ [スキップ/エラーではありません] 平均タイムの該当データなし（サンプル不足）: 京都 障害 未勝利 2910 良
ℹ️ [スキップ/エラーではありません] 平均タイムの該当データなし（サンプル不足）: 京都 障害 未勝利 2910 稍重
ℹ️ [スキップ/エラーではありません] 平均タイムの該当データなし（サンプル不足）: 中山 障害 未勝利 2880 良
ℹ️ [スキップ/エラーではありません] 平均タイムの該当データなし（サンプル不足）: 新潟 障害 未勝利 2890 稍重
ℹ️ [スキップ/エラーではありません] 平均タイムの該当データなし（サンプル不足）: 京都 障害 未勝利 2910 良
ℹ️ [スキップ/エラーではありません] 平均タイムの該当データなし（サンプル不足）: 中山 障害 未勝利 2880 良
ℹ️ [スキップ/エラーではありません] 平均タイムの該当データなし（サンプル不足）: 小倉 障害 未勝利 2860 稍重
ℹ️ [スキップ/エラーではありません] 平均タイムの該当データなし（サンプル不足）: 小倉 障害 未勝利 2860 良
ℹ️ [スキップ/エラーではありません] 平均タイムの該当データなし（サンプル不足）: 福島 障害 未勝利 2770 良
ℹ️ [スキップ/エラーではありません] 平均タイムの該当データなし（サンプル不足）: 福島 障害 未勝利 2750 良
ℹ️ [スキップ/エラーではありません] 平均タイムの該当データなし（サンプル不足）: 中山 障害 未勝利 2880 良
ℹ️ [スキップ/エラーではありません] 平均タイムの該当データなし（サンプル不足）: 阪神 障害 未勝利 2970 良
ℹ️ [スキップ/エラーではありません] 平均タイムの該当データなし（サンプル不足）: 中山 障害 未勝利 2880 良
ℹ️ [スキップ/エラーではありません] 平均タイムの該当データなし（サンプル不足）: 中山 障害 未勝利 2880 良
ℹ️ [スキップ/エラーではありません] 平均タイムの該当データなし（サンプル不足）: 阪神 障害 未勝利 2970 良
ℹ️ [スキップ/エラーではありません] 平均タイムの該当データなし（サンプル不足）: 小倉 障害 未勝利 2860 稍重
ℹ️ [スキップ/エラーではありません] 平均タイムの該当データなし（サンプル不足）: 中山 障害 未勝利 2880 重
ℹ️ [スキップ/エラーではありません] 平均タイムの該当データなし（サンプル不足）: 小倉 障害 未勝利 2860 稍重
ℹ️ [スキップ/エラーではありません] 平均タイムの該当データなし（サンプル不足）: 中山 障害 未勝利 2880 良
ℹ️ [スキップ/エラーではありません] 平均タイムの該当データなし（サンプル不足）: 中山 障害 未勝利 2880 稍重
ℹ️ [スキップ/エラーではありません] 平均タイムの該当データなし（サンプル不足）: 京都 障害 未勝利 2910 良
ℹ️ [スキップ/エラーではありません] 平均タイムの該当データなし（サンプル不足）: 小倉 障害 未勝利 2860 稍重
ℹ️ [スキップ/エラーではありません] 平均タイムの該当データなし（サンプル不足）: 中山 障害 未勝利 2880 良
ℹ️ [スキップ/エラーではありません] 平均タイムの該当データなし（サンプル不足）: 東京 障害 未勝利 3000 稍重
ℹ️ [スキップ/エラーではありません] 平均タイムの該当データなし（サンプル不足）: 東京 障害 未勝利 3000 良
ℹ️ [スキップ/エラーではありません] 平均タイムの該当データなし（サンプル不足）: 新潟 障害 未勝利 2850 良
ℹ️ [スキップ/エラーではありません] 平均タイムの該当データなし（サンプル不足）: 東京 ダート 未勝利 1400 不
ℹ️ [スキップ/エラーではありません] 平均タイムの該当データなし（サンプル不足）: 京都 ダート 未勝利 1200 不
ℹ️ [スキップ/エラーではありません] 平均タイムの該当データなし（サンプル不足）: 東京 ダート 未勝利 1400 不
ℹ️ [スキップ/エラーではありません] 平均タイムの該当データなし（サンプル不足）: 京都 ダート 3勝クラス 1200 不
ℹ️ [スキップ/エラーではありません] 平均タイムの該当データなし（サンプル不足）: 東京 ダート 1勝クラス 1400 不
出馬表再生成: 20260425
ℹ️ [スキップ/エラーではありません] 指定日に開催なし: 20260425 01_sapporo
ℹ️ [スキップ/エラーではありません] 指定日に開催なし: 20260425 02_hakodate
ℹ️ [スキップ/エラーではありません] 指定日に開催なし: 20260425 04_nigata
ℹ️ [スキップ/エラーではありません] 指定日に開催なし: 20260425 06_nakayama
ℹ️ [スキップ/エラーではありません] 指定日に開催なし: 20260425 07_chukyo
ℹ️ [スキップ/エラーではありません] 指定日に開催なし: 20260425 09_hanshin
ℹ️ [スキップ/エラーではありません] 指定日に開催なし: 20260425 10_kokura
❌ [要確認/エラー] 不明な開催場名: 
ℹ️ [スキップ/エラーではありません] 平均タイムの該当データなし（サンプル不足）: 小倉 ダート 未勝利 1700 不
ℹ️ [スキップ/エラーではありません] 平均タイムの該当データなし（サンプル不足）: 中山 ダート 未勝利 1200 不
ℹ️ [スキップ/エラーではありません] 平均タイムの該当データなし（サンプル不足）: 東京 ダート 未勝利 1400 不
ℹ️ [スキップ/エラーではありません] 平均タイムの該当データなし（サンプル不足）: 中京 ダート 1勝クラス 1200 不
ℹ️ [スキップ/エラーではありません] 平均タイムの該当データなし（サンプル不足）: 東京 ダート 新馬 1400 不
ℹ️ [スキップ/エラーではありません] 平均タイムの該当データなし（サンプル不足）: 小倉 ダート 1勝クラス 1000 不
ℹ️ [スキップ/エラーではありません] 平均タイムの該当データなし（サンプル不足）: 京都 ダート 1勝クラス 1400 不
ℹ️ [スキップ/エラーではありません] 平均タイムの該当データなし（サンプル不足）: 京都 ダート 未勝利 1200 不
ℹ️ [スキップ/エラーではありません] 平均タイムの該当データなし（サンプル不足）: 中山 ダート 1勝クラス 1200 不
ℹ️ [スキップ/エラーではありません] 平均タイムの該当データなし（サンプル不足）: 札幌 ダート 1勝クラス 1700 不
ℹ️ [スキップ/エラーではありません] 平均タイムの該当データなし（サンプル不足）: 中山 ダート 未勝利 1800 不
ℹ️ [スキップ/エラーではありません] 平均タイムの該当データなし（サンプル不足）: 中山 ダート 未勝利 1800 不
ℹ️ [スキップ/エラーではありません] 平均タイムの該当データなし（サンプル不足）: 中山 ダート 未勝利 1200 不
ℹ️ [スキップ/エラーではありません] 平均タイムの該当データなし（サンプル不足）: 東京 ダート 新馬 1400 不
ℹ️ [スキップ/エラーではありません] 平均タイムの該当データなし（サンプル不足）: 中山 ダート 未勝利 1200 不
ℹ️ [スキップ/エラーではありません] 平均タイムの該当データなし（サンプル不足）: 中山 ダート 未勝利 1800 不
ℹ️ [スキップ/エラーではありません] 平均タイムの該当データなし（サンプル不足）: 中山 ダート 未勝利 1800 不
ℹ️ [スキップ/エラーではありません] 平均タイムの該当データなし（サンプル不足）: 東京 ダート 未勝利 1600 不
ℹ️ [スキップ/エラーではありません] 平均タイムの該当データなし（サンプル不足）: 東京 ダート 1勝クラス 1600 不
ℹ️ [スキップ/エラーではありません] 平均タイムの該当データなし（サンプル不足）: 東京 ダート 1勝クラス 1600 不
ℹ️ [スキップ/エラーではありません] 平均タイムの該当データなし（サンプル不足）: 中山 障害 未勝利 2880 良
ℹ️ [スキップ/エラーではありません] 平均タイムの該当データなし（サンプル不足）: 小倉 障害 未勝利 2860 良
ℹ️ [スキップ/エラーではありません] 平均タイムの該当データなし（サンプル不足）: 東京 ダート 1勝クラス 1600 不
ℹ️ [スキップ/エラーではありません] 平均タイムの該当データなし（サンプル不足）: 東京 ダート 2勝クラス 1600 不
ℹ️ [スキップ/エラーではありません] 平均タイムの該当データなし（サンプル不足）: 東京 ダート 1勝クラス 1400 不
ℹ️ [スキップ/エラーではありません] 平均タイムの該当データなし（サンプル不足）: 東京 ダート 2勝クラス 1600 不
ℹ️ [スキップ/エラーではありません] 平均タイムの該当データなし（サンプル不足）: 中山 ダート 2勝クラス 1200 不
ℹ️ [スキップ/エラーではありません] 平均タイムの該当データなし（サンプル不足）: 東京 ダート 1勝クラス 1600 不
ℹ️ [スキップ/エラーではありません] 平均タイムの該当データなし（サンプル不足）: 中山 障害 オープン 3350 良
ℹ️ [スキップ/エラーではありません] 平均タイムの該当データなし（サンプル不足）: 小倉 障害 オープン 2860 良
ℹ️ [スキップ/エラーではありません] 平均タイムの該当データなし（サンプル不足）: 福島 障害 オープン 3380 良
ℹ️ [スキップ/エラーではありません] 平均タイムの該当データなし（サンプル不足）: 京都 障害 オープン 3170 良
ℹ️ [スキップ/エラーではありません] 平均タイムの該当データなし（サンプル不足）: 中京 障害 オープン 3330 良
ℹ️ [スキップ/エラーではありません] 平均タイムの該当データなし（サンプル不足）: 福島 障害 オープン 2750 稍重
ℹ️ [スキップ/エラーではありません] 平均タイムの該当データなし（サンプル不足）: 小倉 障害 オープン 3390 良
ℹ️ [スキップ/エラーではありません] 平均タイムの該当データなし（サンプル不足）: 阪神 障害 未勝利 2970 良
ℹ️ [スキップ/エラーではありません] 平均タイムの該当データなし（サンプル不足）: 中山 障害 未勝利 2880 良
ℹ️ [スキップ/エラーではありません] 平均タイムの該当データなし（サンプル不足）: 中山 ダート 未勝利 1800 不
ℹ️ [スキップ/エラーではありません] 平均タイムの該当データなし（サンプル不足）: 京都 障害 オープン 3170 良
ℹ️ [スキップ/エラーではありません] 平均タイムの該当データなし（サンプル不足）: 中山 障害 オープン 3570 良
ℹ️ [スキップ/エラーではありません] 平均タイムの該当データなし（サンプル不足）: 阪神 障害 未勝利 2970 良
ℹ️ [スキップ/エラーではありません] 平均タイムの該当データなし（サンプル不足）: 中山 障害 未勝利 2880 良
ℹ️ [スキップ/エラーではありません] 平均タイムの該当データなし（サンプル不足）: 京都 ダート 3勝クラス 1800 不
ℹ️ [スキップ/エラーではありません] 平均タイムの該当データなし（サンプル不足）: 小倉 障害 オープン 2860 稍重
ℹ️ [スキップ/エラーではありません] 平均タイムの該当データなし（サンプル不足）: 京都 障害 オープン 3170 良
ℹ️ [スキップ/エラーではありません] 平均タイムの該当データなし（サンプル不足）: 中山 障害 オープン 3210 稍重
ℹ️ [スキップ/エラーではありません] 平均タイムの該当データなし（サンプル不足）: 阪神 障害 オープン 3110 良
ℹ️ [スキップ/エラーではありません] 平均タイムの該当データなし（サンプル不足）: 阪神 障害 未勝利 2970 良
ℹ️ [スキップ/エラーではありません] 平均タイムの該当データなし（サンプル不足）: 小倉 障害 未勝利 2860 良
ℹ️ [スキップ/エラーではありません] 平均タイムの該当データなし（サンプル不足）: 中山 障害 オープン 3200 重
ℹ️ [スキップ/エラーではありません] 平均タイムの該当データなし（サンプル不足）: 小倉 障害 オープン 2860 良
ℹ️ [スキップ/エラーではありません] 平均タイムの該当データなし（サンプル不足）: 福島 障害 未勝利 2750 良
ℹ️ [スキップ/エラーではありません] 平均タイムの該当データなし（サンプル不足）: 阪神 障害 オープン 3900 良
ℹ️ [スキップ/エラーではありません] 平均タイムの該当データなし（サンプル不足）: 中山 障害 オープン 3570 良
ℹ️ [スキップ/エラーではありません] 平均タイムの該当データなし（サンプル不足）: 中京 障害 オープン 3300 良
ℹ️ [スキップ/エラーではありません] 平均タイムの該当データなし（サンプル不足）: 阪神 障害 オープン 3110 良
ℹ️ [スキップ/エラーではありません] 平均タイムの該当データなし（サンプル不足）: 中山 障害 オープン 3350 良
ℹ️ [スキップ/エラーではありません] 平均タイムの該当データなし（サンプル不足）: 小倉 障害 オープン 3390 良
ℹ️ [スキップ/エラーではありません] 平均タイムの該当データなし（サンプル不足）: 中山 障害 オープン 3200 良
ℹ️ [スキップ/エラーではありません] 平均タイムの該当データなし（サンプル不足）: 福島 障害 オープン 3380 良
ℹ️ [スキップ/エラーではありません] 平均タイムの該当データなし（サンプル不足）: 京都 障害 オープン 3170 良
ℹ️ [スキップ/エラーではありません] 平均タイムの該当データなし（サンプル不足）: 福島 障害 オープン 3380 良
ℹ️ [スキップ/エラーではありません] 平均タイムの該当データなし（サンプル不足）: 中山 障害 オープン 3570 良
ℹ️ [スキップ/エラーではありません] 平均タイムの該当データなし（サンプル不足）: 東京 障害 オープン 3110 稍重
ℹ️ [スキップ/エラーではありません] 平均タイムの該当データなし（サンプル不足）: 新潟 障害 オープン 3250 稍重
ℹ️ [スキップ/エラーではありません] 平均タイムの該当データなし（サンプル不足）: 京都 障害 オープン 3170 良
ℹ️ [スキップ/エラーではありません] 平均タイムの該当データなし（サンプル不足）: 阪神 障害 オープン 3140 良
ℹ️ [スキップ/エラーではありません] 平均タイムの該当データなし（サンプル不足）: 阪神 障害 オープン 3110 良
ℹ️ [スキップ/エラーではありません] 平均タイムの該当データなし（サンプル不足）: 阪神 障害 オープン 3900 良
ℹ️ [スキップ/エラーではありません] 平均タイムの該当データなし（サンプル不足）: 小倉 障害 未勝利 2860 良
ℹ️ [スキップ/エラーではありません] 平均タイムの該当データなし（サンプル不足）: 京都 芝 オープン 1400 不
ℹ️ [スキップ/エラーではありません] 平均タイムの該当データなし（サンプル不足）: 京都 ダート 3勝クラス 1800 不
ℹ️ [スキップ/エラーではありません] 平均タイムの該当データなし（サンプル不足）: 中山 ダート 2勝クラス 1200 不
ℹ️ [スキップ/エラーではありません] 平均タイムの該当データなし（サンプル不足）: 京都 ダート 3勝クラス 1200 不
ℹ️ [スキップ/エラーではありません] 平均タイムの該当データなし（サンプル不足）: 小倉 障害 未勝利 2860 良
ℹ️ [スキップ/エラーではありません] 平均タイムの該当データなし（サンプル不足）: 東京 ダート 2勝クラス 2100 不
出馬表再生成: 20260426
ℹ️ [スキップ/エラーではありません] 指定日に開催なし: 20260426 01_sapporo
ℹ️ [スキップ/エラーではありません] 指定日に開催なし: 20260426 02_hakodate
ℹ️ [スキップ/エラーではありません] 指定日に開催なし: 20260426 04_nigata
ℹ️ [スキップ/エラーではありません] 指定日に開催なし: 20260426 06_nakayama
ℹ️ [スキップ/エラーではありません] 指定日に開催なし: 20260426 07_chukyo
ℹ️ [スキップ/エラーではありません] 指定日に開催なし: 20260426 09_hanshin
ℹ️ [スキップ/エラーではありません] 指定日に開催なし: 20260426 10_kokura
ℹ️ [スキップ/エラーではありません] 平均タイムの該当データなし（サンプル不足）: 東京 ダート 未勝利 1400 不
ℹ️ [スキップ/エラーではありません] 平均タイムの該当データなし（サンプル不足）: 東京 ダート 未勝利 1400 不
ℹ️ [スキップ/エラーではありません] 平均タイムの該当データなし（サンプル不足）: 中山 ダート 未勝利 1800 不
ℹ️ [スキップ/エラーではありません] 平均タイムの該当データなし（サンプル不足）: 阪神 障害 未勝利 2970 良
ℹ️ [スキップ/エラーではありません] 平均タイムの該当データなし（サンプル不足）: 中山 障害 未勝利 2880 良
ℹ️ [スキップ/エラーではありません] 平均タイムの該当データなし（サンプル不足）: 福島 障害 未勝利 2750 良
ℹ️ [スキップ/エラーではありません] 平均タイムの該当データなし（サンプル不足）: 中山 障害 未勝利 2880 良
ℹ️ [スキップ/エラーではありません] 平均タイムの該当データなし（サンプル不足）: 京都 ダート 未勝利 1400 不
ℹ️ [スキップ/エラーではありません] 平均タイムの該当データなし（サンプル不足）: 京都 ダート 2勝クラス 1800 不
ℹ️ [スキップ/エラーではありません] 平均タイムの該当データなし（サンプル不足）: 京都 ダート 3勝クラス 1200 不
ℹ️ [スキップ/エラーではありません] 平均タイムの該当データなし（サンプル不足）: 小倉 ダート 1勝クラス 1000 不
ℹ️ [スキップ/エラーではありません] 平均タイムの該当データなし（サンプル不足）: 札幌 ダート 1勝クラス 1000 不
ℹ️ [スキップ/エラーではありません] 平均タイムの該当データなし（サンプル不足）: 中山 ダート 未勝利 1200 不
ℹ️ [スキップ/エラーではありません] 平均タイムの該当データなし（サンプル不足）: 中山 ダート 未勝利 1200 不
ℹ️ [スキップ/エラーではありません] 平均タイムの該当データなし（サンプル不足）: 中山 ダート 未勝利 1800 不
ℹ️ [スキップ/エラーではありません] 平均タイムの該当データなし（サンプル不足）: 東京 ダート 新馬 1400 不
ℹ️ [スキップ/エラーではありません] 平均タイムの該当データなし（サンプル不足）: 東京 ダート 新馬 1400 不
ℹ️ [スキップ/エラーではありません] 平均タイムの該当データなし（サンプル不足）: 東京 ダート 新馬 1400 不
ℹ️ [スキップ/エラーではありません] 平均タイムの該当データなし（サンプル不足）: 東京 ダート 1勝クラス 1600 不
ℹ️ [スキップ/エラーではありません] 平均タイムの該当データなし（サンプル不足）: 東京 ダート 1勝クラス 1600 不
ℹ️ [スキップ/エラーではありません] 平均タイムの該当データなし（サンプル不足）: 東京 ダート 1勝クラス 1600 不
ℹ️ [スキップ/エラーではありません] 平均タイムの該当データなし（サンプル不足）: 京都 ダート 1勝クラス 1400 不
ℹ️ [スキップ/エラーではありません] 平均タイムの該当データなし（サンプル不足）: 京都 芝 2勝クラス 1200 不
ℹ️ [スキップ/エラーではありません] 平均タイムの該当データなし（サンプル不足）: 新潟 ダート オープン 1800 不
ℹ️ [スキップ/エラーではありません] 平均タイムの該当データなし（サンプル不足）: 東京 ダート オープン 1600 不
ℹ️ [スキップ/エラーではありません] 平均タイムの該当データなし（サンプル不足）: 京都 ダート オープン 1800 不
ℹ️ [スキップ/エラーではありません] 平均タイムの該当データなし（サンプル不足）: 小倉 障害 未勝利 2860 良
ℹ️ [スキップ/エラーではありません] 平均タイムの該当データなし（サンプル不足）: 小倉 障害 未勝利 2860 良
ℹ️ [スキップ/エラーではありません] 平均タイムの該当データなし（サンプル不足）: 京都 障害 未勝利 2910 良
ℹ️ [スキップ/エラーではありません] 平均タイムの該当データなし（サンプル不足）: 中山 障害 未勝利 2880 重
ℹ️ [スキップ/エラーではありません] 平均タイムの該当データなし（サンプル不足）: 福島 障害 未勝利 2770 良
ℹ️ [スキップ/エラーではありません] 平均タイムの該当データなし（サンプル不足）: 阪神 障害 未勝利 2970 良
ℹ️ [スキップ/エラーではありません] 平均タイムの該当データなし（サンプル不足）: 小倉 障害 未勝利 2860 良
ℹ️ [スキップ/エラーではありません] 平均タイムの該当データなし（サンプル不足）: 小倉 障害 未勝利 2860 良
ℹ️ [スキップ/エラーではありません] 平均タイムの該当データなし（サンプル不足）: 阪神 障害 未勝利 2970 良
ℹ️ [スキップ/エラーではありません] 平均タイムの該当データなし（サンプル不足）: 京都 障害 未勝利 2910 良
ℹ️ [スキップ/エラーではありません] 平均タイムの該当データなし（サンプル不足）: 小倉 障害 未勝利 2860 良
ℹ️ [スキップ/エラーではありません] 平均タイムの該当データなし（サンプル不足）: 小倉 障害 未勝利 2860 稍重
ℹ️ [スキップ/エラーではありません] 平均タイムの該当データなし（サンプル不足）: 京都 障害 未勝利 2910 良
ℹ️ [スキップ/エラーではありません] 平均タイムの該当データなし（サンプル不足）: 札幌 ダート 未勝利 1700 不
ℹ️ [スキップ/エラーではありません] 平均タイムの該当データなし（サンプル不足）: 中山 障害 未勝利 2880 重
ℹ️ [スキップ/エラーではありません] 平均タイムの該当データなし（サンプル不足）: 小倉 障害 未勝利 2860 良
ℹ️ [スキップ/エラーではありません] 平均タイムの該当データなし（サンプル不足）: 中山 障害 未勝利 2880 稍重
ℹ️ [スキップ/エラーではありません] 平均タイムの該当データなし（サンプル不足）: 阪神 障害 未勝利 2970 良
ℹ️ [スキップ/エラーではありません] 平均タイムの該当データなし（サンプル不足）: 小倉 障害 未勝利 2860 良
ℹ️ [スキップ/エラーではありません] 平均タイムの該当データなし（サンプル不足）: 京都 障害 未勝利 2910 良
ℹ️ [スキップ/エラーではありません] 平均タイムの該当データなし（サンプル不足）: 福島 障害 未勝利 2770 良
ℹ️ [スキップ/エラーではありません] 平均タイムの該当データなし（サンプル不足）: 小倉 障害 未勝利 2860 稍重
ℹ️ [スキップ/エラーではありません] 平均タイムの該当データなし（サンプル不足）: 中山 障害 未勝利 2880 良
ℹ️ [スキップ/エラーではありません] 平均タイムの該当データなし（サンプル不足）: 小倉 障害 未勝利 2860 稍重
ℹ️ [スキップ/エラーではありません] 平均タイムの該当データなし（サンプル不足）: 中山 障害 未勝利 2880 良
ℹ️ [スキップ/エラーではありません] 平均タイムの該当データなし（サンプル不足）: 中山 障害 未勝利 2880 稍重
ℹ️ [スキップ/エラーではありません] 平均タイムの該当データなし（サンプル不足）: 阪神 障害 未勝利 2970 良
ℹ️ [スキップ/エラーではありません] 平均タイムの該当データなし（サンプル不足）: 小倉 障害 未勝利 2860 良
ℹ️ [スキップ/エラーではありません] 平均タイムの該当データなし（サンプル不足）: 阪神 ダート 未勝利 1800 不
ℹ️ [スキップ/エラーではありません] 平均タイムの該当データなし（サンプル不足）: 小倉 障害 未勝利 2860 稍重
ℹ️ [スキップ/エラーではありません] 平均タイムの該当データなし（サンプル不足）: 京都 障害 未勝利 2910 良
ℹ️ [スキップ/エラーではありません] 平均タイムの該当データなし（サンプル不足）: 京都 ダート 2勝クラス 1800 不
ℹ️ [スキップ/エラーではありません] 平均タイムの該当データなし（サンプル不足）: 京都 ダート 1勝クラス 1400 不
出馬表再生成: 20260502
ℹ️ [スキップ/エラーではありません] 指定日に開催なし: 20260502 01_sapporo
ℹ️ [スキップ/エラーではありません] 指定日に開催なし: 20260502 02_hakodate
ℹ️ [スキップ/エラーではありません] 指定日に開催なし: 20260502 03_fukushima
ℹ️ [スキップ/エラーではありません] 指定日に開催なし: 20260502 06_nakayama
ℹ️ [スキップ/エラーではありません] 指定日に開催なし: 20260502 07_chukyo
ℹ️ [スキップ/エラーではありません] 指定日に開催なし: 20260502 09_hanshin
ℹ️ [スキップ/エラーではありません] 指定日に開催なし: 20260502 10_kokura
ℹ️ [スキップ/エラーではありません] 平均タイムの該当データなし（サンプル不足）: 小倉 障害 未勝利 2860 良
ℹ️ [スキップ/エラーではありません] 平均タイムの該当データなし（サンプル不足）: 東京 ダート 未勝利 1400 不
ℹ️ [スキップ/エラーではありません] 平均タイムの該当データなし（サンプル不足）: 阪神 障害 未勝利 2970 良
ℹ️ [スキップ/エラーではありません] 平均タイムの該当データなし（サンプル不足）: 阪神 障害 未勝利 2970 良
ℹ️ [スキップ/エラーではありません] 平均タイムの該当データなし（サンプル不足）: 阪神 障害 未勝利 2970 良
ℹ️ [スキップ/エラーではありません] 平均タイムの該当データなし（サンプル不足）: 中山 障害 未勝利 2880 良
ℹ️ [スキップ/エラーではありません] 平均タイムの該当データなし（サンプル不足）: 中山 障害 未勝利 2880 良
ℹ️ [スキップ/エラーではありません] 平均タイムの該当データなし（サンプル不足）: 小倉 障害 未勝利 2860 良
ℹ️ [スキップ/エラーではありません] 平均タイムの該当データなし（サンプル不足）: 阪神 障害 未勝利 2970 良
ℹ️ [スキップ/エラーではありません] 平均タイムの該当データなし（サンプル不足）: 中山 障害 未勝利 2880 良
ℹ️ [スキップ/エラーではありません] 平均タイムの該当データなし（サンプル不足）: 福島 障害 未勝利 2770 良
ℹ️ [スキップ/エラーではありません] 平均タイムの該当データなし（サンプル不足）: 小倉 障害 未勝利 2860 稍重
ℹ️ [スキップ/エラーではありません] 平均タイムの該当データなし（サンプル不足）: 阪神 障害 未勝利 2970 良
ℹ️ [スキップ/エラーではありません] 平均タイムの該当データなし（サンプル不足）: 小倉 障害 未勝利 2860 良
ℹ️ [スキップ/エラーではありません] 平均タイムの該当データなし（サンプル不足）: 京都 障害 未勝利 2910 良
ℹ️ [スキップ/エラーではありません] 平均タイムの該当データなし（サンプル不足）: 阪神 障害 未勝利 2970 良
ℹ️ [スキップ/エラーではありません] 平均タイムの該当データなし（サンプル不足）: 福島 障害 未勝利 2750 良
ℹ️ [スキップ/エラーではありません] 平均タイムの該当データなし（サンプル不足）: 中山 障害 未勝利 2880 良
ℹ️ [スキップ/エラーではありません] 平均タイムの該当データなし（サンプル不足）: 小倉 障害 未勝利 2860 良
ℹ️ [スキップ/エラーではありません] 平均タイムの該当データなし（サンプル不足）: 中山 障害 未勝利 2880 良
ℹ️ [スキップ/エラーではありません] 平均タイムの該当データなし（サンプル不足）: 中山 ダート 未勝利 1800 不
ℹ️ [スキップ/エラーではありません] 平均タイムの該当データなし（サンプル不足）: 小倉 ダート 未勝利 1700 不
ℹ️ [スキップ/エラーではありません] 平均タイムの該当データなし（サンプル不足）: 中山 ダート 未勝利 1200 不
ℹ️ [スキップ/エラーではありません] 平均タイムの該当データなし（サンプル不足）: 小倉 障害 未勝利 2860 良
ℹ️ [スキップ/エラーではありません] 平均タイムの該当データなし（サンプル不足）: 小倉 障害 未勝利 2860 良
ℹ️ [スキップ/エラーではありません] 平均タイムの該当データなし（サンプル不足）: 福島 障害 未勝利 2770 良
ℹ️ [スキップ/エラーではありません] 平均タイムの該当データなし（サンプル不足）: 中山 障害 オープン 3200 稍重
ℹ️ [スキップ/エラーではありません] 平均タイムの該当データなし（サンプル不足）: 小倉 障害 オープン 3390 良
ℹ️ [スキップ/エラーではありません] 平均タイムの該当データなし（サンプル不足）: 福島 障害 オープン 3380 良
ℹ️ [スキップ/エラーではありません] 平均タイムの該当データなし（サンプル不足）: 東京 障害 オープン 3100 良
ℹ️ [スキップ/エラーではありません] 平均タイムの該当データなし（サンプル不足）: 中京 障害 オープン 3330 良
ℹ️ [スキップ/エラーではありません] 平均タイムの該当データなし（サンプル不足）: 小倉 障害 未勝利 2860 良
ℹ️ [スキップ/エラーではありません] 平均タイムの該当データなし（サンプル不足）: 小倉 障害 未勝利 2860 稍重
ℹ️ [スキップ/エラーではありません] 平均タイムの該当データなし（サンプル不足）: 阪神 障害 未勝利 2970 良
ℹ️ [スキップ/エラーではありません] 平均タイムの該当データなし（サンプル不足）: 福島 障害 未勝利 2770 良
ℹ️ [スキップ/エラーではありません] 平均タイムの該当データなし（サンプル不足）: 京都 障害 未勝利 2910 稍重
ℹ️ [スキップ/エラーではありません] 平均タイムの該当データなし（サンプル不足）: 中山 障害 オープン 3200 重
ℹ️ [スキップ/エラーではありません] 平均タイムの該当データなし（サンプル不足）: 阪神 障害 オープン 3110 良
ℹ️ [スキップ/エラーではありません] 平均タイムの該当データなし（サンプル不足）: 福島 障害 オープン 3380 良
ℹ️ [スキップ/エラーではありません] 平均タイムの該当データなし（サンプル不足）: 中京 障害 未勝利 3000 良
ℹ️ [スキップ/エラーではありません] 平均タイムの該当データなし（サンプル不足）: 新潟 障害 未勝利 2850 良
ℹ️ [スキップ/エラーではありません] 平均タイムの該当データなし（サンプル不足）: 小倉 障害 オープン 2860 稍重
ℹ️ [スキップ/エラーではありません] 平均タイムの該当データなし（サンプル不足）: 京都 障害 未勝利 2910 良
ℹ️ [スキップ/エラーではありません] 平均タイムの該当データなし（サンプル不足）: 新潟 障害 未勝利 2890 稍重
ℹ️ [スキップ/エラーではありません] 平均タイムの該当データなし（サンプル不足）: 小倉 障害 未勝利 2860 良
ℹ️ [スキップ/エラーではありません] 平均タイムの該当データなし（サンプル不足）: 小倉 障害 未勝利 2860 良
ℹ️ [スキップ/エラーではありません] 平均タイムの該当データなし（サンプル不足）: 京都 障害 未勝利 2910 良
ℹ️ [スキップ/エラーではありません] 平均タイムの該当データなし（サンプル不足）: 京都 障害 未勝利 2910 良
ℹ️ [スキップ/エラーではありません] 平均タイムの該当データなし（サンプル不足）: 福島 障害 未勝利 2750 良
ℹ️ [スキップ/エラーではありません] 平均タイムの該当データなし（サンプル不足）: 小倉 障害 未勝利 2860 良
ℹ️ [スキップ/エラーではありません] 平均タイムの該当データなし（サンプル不足）: 小倉 障害 未勝利 2860 良
ℹ️ [スキップ/エラーではありません] 平均タイムの該当データなし（サンプル不足）: 小倉 障害 未勝利 2860 良
ℹ️ [スキップ/エラーではありません] 平均タイムの該当データなし（サンプル不足）: 福島 障害 未勝利 2750 良
ℹ️ [スキップ/エラーではありません] 平均タイムの該当データなし（サンプル不足）: 小倉 障害 オープン 3390 良
ℹ️ [スキップ/エラーではありません] 平均タイムの該当データなし（サンプル不足）: 小倉 障害 オープン 2860 良
ℹ️ [スキップ/エラーではありません] 平均タイムの該当データなし（サンプル不足）: 福島 障害 オープン 3380 良
ℹ️ [スキップ/エラーではありません] 平均タイムの該当データなし（サンプル不足）: 京都 障害 オープン 3170 良
ℹ️ [スキップ/エラーではありません] 平均タイムの該当データなし（サンプル不足）: 中山 障害 オープン 3210 稍重
ℹ️ [スキップ/エラーではありません] 平均タイムの該当データなし（サンプル不足）: 小倉 障害 未勝利 2860 良
ℹ️ [スキップ/エラーではありません] 平均タイムの該当データなし（サンプル不足）: 東京 ダート 1勝クラス 1600 不
ℹ️ [スキップ/エラーではありません] 平均タイムの該当データなし（サンプル不足）: 小倉 障害 オープン 2860 良
ℹ️ [スキップ/エラーではありません] 平均タイムの該当データなし（サンプル不足）: 福島 障害 未勝利 2750 良
ℹ️ [スキップ/エラーではありません] 平均タイムの該当データなし（サンプル不足）: 東京 障害 未勝利 3000 良
ℹ️ [スキップ/エラーではありません] 平均タイムの該当データなし（サンプル不足）: 小倉 ダート 未勝利 1700 不
ℹ️ [スキップ/エラーではありません] 平均タイムの該当データなし（サンプル不足）: 福島 障害 未勝利 2770 良
ℹ️ [スキップ/エラーではありません] 平均タイムの該当データなし（サンプル不足）: 中山 ダート 未勝利 1800 不
ℹ️ [スキップ/エラーではありません] 平均タイムの該当データなし（サンプル不足）: 中山 ダート 未勝利 1800 不
ℹ️ [スキップ/エラーではありません] 平均タイムの該当データなし（サンプル不足）: 中山 ダート 未勝利 1800 不
ℹ️ [スキップ/エラーではありません] 平均タイムの該当データなし（サンプル不足）: 中山 ダート 未勝利 1800 不
ℹ️ [スキップ/エラーではありません] 平均タイムの該当データなし（サンプル不足）: 中山 ダート 未勝利 1800 不
ℹ️ [スキップ/エラーではありません] 平均タイムの該当データなし（サンプル不足）: 中山 障害 オープン 3200 稍重
ℹ️ [スキップ/エラーではありません] 平均タイムの該当データなし（サンプル不足）: 小倉 障害 オープン 2860 稍重
ℹ️ [スキップ/エラーではありません] 平均タイムの該当データなし（サンプル不足）: 阪神 障害 オープン 3110 良
ℹ️ [スキップ/エラーではありません] 平均タイムの該当データなし（サンプル不足）: 新潟 障害 オープン 3250 良
ℹ️ [スキップ/エラーではありません] 平均タイムの該当データなし（サンプル不足）: 福島 障害 オープン 2750 稍重
ℹ️ [スキップ/エラーではありません] 平均タイムの該当データなし（サンプル不足）: 中山 障害 未勝利 2880 良
ℹ️ [スキップ/エラーではありません] 平均タイムの該当データなし（サンプル不足）: 小倉 障害 未勝利 2860 良
ℹ️ [スキップ/エラーではありません] 平均タイムの該当データなし（サンプル不足）: 新潟 ダート 1勝クラス 1800 不
ℹ️ [スキップ/エラーではありません] 平均タイムの該当データなし（サンプル不足）: 札幌 ダート 未勝利 1700 不
ℹ️ [スキップ/エラーではありません] 平均タイムの該当データなし（サンプル不足）: 東京 ダート 1勝クラス 1600 不
ℹ️ [スキップ/エラーではありません] 平均タイムの該当データなし（サンプル不足）: 中山 障害 未勝利 2880 良
ℹ️ [スキップ/エラーではありません] 平均タイムの該当データなし（サンプル不足）: 東京 障害 未勝利 3000 良
ℹ️ [スキップ/エラーではありません] 平均タイムの該当データなし（サンプル不足）: 中山 障害 未勝利 2880 稍重
ℹ️ [スキップ/エラーではありません] 平均タイムの該当データなし（サンプル不足）: 福島 障害 未勝利 2750 良
ℹ️ [スキップ/エラーではありません] 平均タイムの該当データなし（サンプル不足）: 中山 障害 オープン 3200 重
ℹ️ [スキップ/エラーではありません] 平均タイムの該当データなし（サンプル不足）: 京都 障害 オープン 3170 良
ℹ️ [スキップ/エラーではありません] 平均タイムの該当データなし（サンプル不足）: 東京 障害 オープン 3110 良
ℹ️ [スキップ/エラーではありません] 平均タイムの該当データなし（サンプル不足）: 東京 障害 オープン 3110 良
ℹ️ [スキップ/エラーではありません] 平均タイムの該当データなし（サンプル不足）: 阪神 障害 オープン 3110 良
ℹ️ [スキップ/エラーではありません] 平均タイムの該当データなし（サンプル不足）: 東京 ダート 1勝クラス 1600 不
ℹ️ [スキップ/エラーではありません] 平均タイムの該当データなし（サンプル不足）: 京都 ダート 1勝クラス 1400 不
ℹ️ [スキップ/エラーではありません] 平均タイムの該当データなし（サンプル不足）: 京都 ダート 未勝利 1200 不
ℹ️ [スキップ/エラーではありません] 平均タイムの該当データなし（サンプル不足）: 小倉 ダート 未勝利 1700 不
ℹ️ [スキップ/エラーではありません] 平均タイムの該当データなし（サンプル不足）: 東京 ダート 1勝クラス 1400 不
ℹ️ [スキップ/エラーではありません] 平均タイムの該当データなし（サンプル不足）: 京都 ダート 1勝クラス 1400 不
ℹ️ [スキップ/エラーではありません] 平均タイムの該当データなし（サンプル不足）: 京都 ダート 1勝クラス 1400 不
ℹ️ [スキップ/エラーではありません] 平均タイムの該当データなし（サンプル不足）: 小倉 障害 未勝利 2860 良
ℹ️ [スキップ/エラーではありません] 平均タイムの該当データなし（サンプル不足）: 中山 ダート 未勝利 1800 不
出馬表再生成: 20260503
ℹ️ [スキップ/エラーではありません] 指定日に開催なし: 20260503 01_sapporo
ℹ️ [スキップ/エラーではありません] 指定日に開催なし: 20260503 02_hakodate
ℹ️ [スキップ/エラーではありません] 指定日に開催なし: 20260503 03_fukushima
ℹ️ [スキップ/エラーではありません] 指定日に開催なし: 20260503 06_nakayama
ℹ️ [スキップ/エラーではありません] 指定日に開催なし: 20260503 07_chukyo
ℹ️ [スキップ/エラーではありません] 指定日に開催なし: 20260503 09_hanshin
ℹ️ [スキップ/エラーではありません] 指定日に開催なし: 20260503 10_kokura
❌ [要確認/エラー] ソフィア のレポート作成に失敗: 'NoneType' object is not subscriptable
ℹ️ [スキップ/エラーではありません] 平均タイムの該当データなし（サンプル不足）: 中山 ダート 未勝利 1200 不
ℹ️ [スキップ/エラーではありません] 平均タイムの該当データなし（サンプル不足）: 中山 ダート 未勝利 1800 不
ℹ️ [スキップ/エラーではありません] 平均タイムの該当データなし（サンプル不足）: 京都 障害 未勝利 2910 良
ℹ️ [スキップ/エラーではありません] 平均タイムの該当データなし（サンプル不足）: 小倉 障害 未勝利 2860 良
ℹ️ [スキップ/エラーではありません] 平均タイムの該当データなし（サンプル不足）: 京都 障害 未勝利 2910 良
ℹ️ [スキップ/エラーではありません] 平均タイムの該当データなし（サンプル不足）: 阪神 障害 未勝利 2970 良
ℹ️ [スキップ/エラーではありません] 平均タイムの該当データなし（サンプル不足）: 中山 障害 未勝利 2880 良
ℹ️ [スキップ/エラーではありません] 平均タイムの該当データなし（サンプル不足）: 阪神 障害 未勝利 2970 良
ℹ️ [スキップ/エラーではありません] 平均タイムの該当データなし（サンプル不足）: 小倉 障害 未勝利 2860 良
ℹ️ [スキップ/エラーではありません] 平均タイムの該当データなし（サンプル不足）: 中山 障害 未勝利 2880 良
ℹ️ [スキップ/エラーではありません] 平均タイムの該当データなし（サンプル不足）: 小倉 障害 未勝利 2860 良
ℹ️ [スキップ/エラーではありません] 平均タイムの該当データなし（サンプル不足）: 小倉 障害 未勝利 2860 良
ℹ️ [スキップ/エラーではありません] 平均タイムの該当データなし（サンプル不足）: 福島 障害 未勝利 2770 良
ℹ️ [スキップ/エラーではありません] 平均タイムの該当データなし（サンプル不足）: 福島 障害 未勝利 2750 良
ℹ️ [スキップ/エラーではありません] 平均タイムの該当データなし（サンプル不足）: 小倉 障害 未勝利 2860 良
ℹ️ [スキップ/エラーではありません] 平均タイムの該当データなし（サンプル不足）: 京都 ダート 1勝クラス 1400 不
ℹ️ [スキップ/エラーではありません] 平均タイムの該当データなし（サンプル不足）: 小倉 障害 未勝利 2860 良
ℹ️ [スキップ/エラーではありません] 平均タイムの該当データなし（サンプル不足）: 東京 ダート オープン 1400 不
ℹ️ [スキップ/エラーではありません] 平均タイムの該当データなし（サンプル不足）: 京都 ダート 3勝クラス 1200 不
ℹ️ [スキップ/エラーではありません] 平均タイムの該当データなし（サンプル不足）: 京都 ダート 3勝クラス 1200 不
ℹ️ [スキップ/エラーではありません] 平均タイムの該当データなし（サンプル不足）: 小倉 ダート 1勝クラス 1000 不
ℹ️ [スキップ/エラーではありません] 平均タイムの該当データなし（サンプル不足）: 中山 ダート 未勝利 1800 不
ℹ️ [スキップ/エラーではありません] 平均タイムの該当データなし（サンプル不足）: 東京 ダート 新馬 1400 不
ℹ️ [スキップ/エラーではありません] 平均タイムの該当データなし（サンプル不足）: 東京 ダート 未勝利 1400 不
ℹ️ [スキップ/エラーではありません] 平均タイムの該当データなし（サンプル不足）: 中山 ダート 未勝利 1800 不
ℹ️ [スキップ/エラーではありません] 平均タイムの該当データなし（サンプル不足）: 中山 障害 未勝利 2880 良
ℹ️ [スキップ/エラーではありません] 平均タイムの該当データなし（サンプル不足）: 小倉 障害 未勝利 2860 良
ℹ️ [スキップ/エラーではありません] 平均タイムの該当データなし（サンプル不足）: 中山 障害 未勝利 2880 良
ℹ️ [スキップ/エラーではありません] 平均タイムの該当データなし（サンプル不足）: 中山 障害 未勝利 2880 稍重
ℹ️ [スキップ/エラーではありません] 平均タイムの該当データなし（サンプル不足）: 東京 ダート 1勝クラス 1600 不
ℹ️ [スキップ/エラーではありません] 平均タイムの該当データなし（サンプル不足）: 阪神 障害 未勝利 2970 良
ℹ️ [スキップ/エラーではありません] 平均タイムの該当データなし（サンプル不足）: 阪神 障害 未勝利 2970 良
ℹ️ [スキップ/エラーではありません] 平均タイムの該当データなし（サンプル不足）: 京都 ダート オープン 1800 不
ℹ️ [スキップ/エラーではありません] 平均タイムの該当データなし（サンプル不足）: 中山 ダート 1勝クラス 1200 不
ℹ️ [スキップ/エラーではありません] 平均タイムの該当データなし（サンプル不足）: 小倉 ダート 未勝利 1700 不
ℹ️ [スキップ/エラーではありません] 平均タイムの該当データなし（サンプル不足）: 小倉 ダート 未勝利 1700 不
ℹ️ [スキップ/エラーではありません] 平均タイムの該当データなし（サンプル不足）: 京都 芝 2勝クラス 1200 不
ℹ️ [スキップ/エラーではありません] 平均タイムの該当データなし（サンプル不足）: 京都 ダート 2勝クラス 1800 不
ℹ️ [スキップ/エラーではありません] 平均タイムの該当データなし（サンプル不足）: 小倉 障害 未勝利 2860 稍重
ℹ️ [スキップ/エラーではありません] 平均タイムの該当データなし（サンプル不足）: 京都 ダート 3勝クラス 1200 不
ℹ️ [スキップ/エラーではありません] 平均タイムの該当データなし（サンプル不足）: 小倉 障害 未勝利 2860 良
ℹ️ [スキップ/エラーではありません] 平均タイムの該当データなし（サンプル不足）: 中山 障害 未勝利 2880 重
出馬表再生成: 20260509
ℹ️ [スキップ/エラーではありません] 指定日に開催なし: 20260509 01_sapporo
ℹ️ [スキップ/エラーではありません] 指定日に開催なし: 20260509 02_hakodate
ℹ️ [スキップ/エラーではありません] 指定日に開催なし: 20260509 03_fukushima
ℹ️ [スキップ/エラーではありません] 指定日に開催なし: 20260509 06_nakayama
ℹ️ [スキップ/エラーではありません] 指定日に開催なし: 20260509 07_chukyo
ℹ️ [スキップ/エラーではありません] 指定日に開催なし: 20260509 09_hanshin
ℹ️ [スキップ/エラーではありません] 指定日に開催なし: 20260509 10_kokura
ℹ️ [スキップ/エラーではありません] 平均タイムの該当データなし（サンプル不足）: 小倉 障害 未勝利 2860 良
ℹ️ [スキップ/エラーではありません] 平均タイムの該当データなし（サンプル不足）: 小倉 障害 未勝利 2860 良
ℹ️ [スキップ/エラーではありません] 平均タイムの該当データなし（サンプル不足）: 福島 障害 未勝利 2770 良
ℹ️ [スキップ/エラーではありません] 平均タイムの該当データなし（サンプル不足）: 福島 障害 未勝利 2750 良
ℹ️ [スキップ/エラーではありません] 平均タイムの該当データなし（サンプル不足）: 新潟 障害 未勝利 2850 良
ℹ️ [スキップ/エラーではありません] 平均タイムの該当データなし（サンプル不足）: 中山 障害 未勝利 2880 良
ℹ️ [スキップ/エラーではありません] 平均タイムの該当データなし（サンプル不足）: 小倉 障害 未勝利 2860 良
ℹ️ [スキップ/エラーではありません] 平均タイムの該当データなし（サンプル不足）: 中山 障害 未勝利 2880 重
ℹ️ [スキップ/エラーではありません] 平均タイムの該当データなし（サンプル不足）: 京都 障害 未勝利 2910 良
ℹ️ [スキップ/エラーではありません] 平均タイムの該当データなし（サンプル不足）: 京都 障害 未勝利 2910 良
ℹ️ [スキップ/エラーではありません] 平均タイムの該当データなし（サンプル不足）: 京都 障害 未勝利 2910 良
ℹ️ [スキップ/エラーではありません] 平均タイムの該当データなし（サンプル不足）: 阪神 障害 未勝利 2970 良
ℹ️ [スキップ/エラーではありません] 平均タイムの該当データなし（サンプル不足）: 中山 障害 未勝利 2880 良
ℹ️ [スキップ/エラーではありません] 平均タイムの該当データなし（サンプル不足）: 小倉 障害 未勝利 2860 稍重
ℹ️ [スキップ/エラーではありません] 平均タイムの該当データなし（サンプル不足）: 中山 障害 未勝利 2880 良
ℹ️ [スキップ/エラーではありません] 平均タイムの該当データなし（サンプル不足）: 中山 障害 未勝利 2880 重
ℹ️ [スキップ/エラーではありません] 平均タイムの該当データなし（サンプル不足）: 中山 障害 未勝利 2880 良
ℹ️ [スキップ/エラーではありません] 平均タイムの該当データなし（サンプル不足）: 中山 障害 未勝利 2880 良
ℹ️ [スキップ/エラーではありません] 平均タイムの該当データなし（サンプル不足）: 阪神 障害 未勝利 2970 良
ℹ️ [スキップ/エラーではありません] 平均タイムの該当データなし（サンプル不足）: 京都 障害 未勝利 2910 良
ℹ️ [スキップ/エラーではありません] 平均タイムの該当データなし（サンプル不足）: 京都 障害 未勝利 2910 良
ℹ️ [スキップ/エラーではありません] 平均タイムの該当データなし（サンプル不足）: 小倉 障害 未勝利 2860 稍重
ℹ️ [スキップ/エラーではありません] 平均タイムの該当データなし（サンプル不足）: 小倉 障害 未勝利 2860 稍重
ℹ️ [スキップ/エラーではありません] 平均タイムの該当データなし（サンプル不足）: 小倉 障害 未勝利 2860 稍重
ℹ️ [スキップ/エラーではありません] 平均タイムの該当データなし（サンプル不足）: 福島 障害 未勝利 2750 良
ℹ️ [スキップ/エラーではありません] 平均タイムの該当データなし（サンプル不足）: 新潟 障害 未勝利 2850 良
ℹ️ [スキップ/エラーではありません] 平均タイムの該当データなし（サンプル不足）: 新潟 障害 未勝利 2850 良
ℹ️ [スキップ/エラーではありません] 平均タイムの該当データなし（サンプル不足）: 新潟 ダート 未勝利 1200 不
ℹ️ [スキップ/エラーではありません] 平均タイムの該当データなし（サンプル不足）: 東京 障害 オープン 3110 良
ℹ️ [スキップ/エラーではありません] 平均タイムの該当データなし（サンプル不足）: 東京 障害 オープン 3100 良
ℹ️ [スキップ/エラーではありません] 平均タイムの該当データなし（サンプル不足）: 京都 障害 オープン 3170 良
ℹ️ [スキップ/エラーではありません] 平均タイムの該当データなし（サンプル不足）: 新潟 障害 オープン 2890 稍重
ℹ️ [スキップ/エラーではありません] 平均タイムの該当データなし（サンプル不足）: 小倉 障害 オープン 2860 稍重
ℹ️ [スキップ/エラーではありません] 平均タイムの該当データなし（サンプル不足）: 福島 障害 オープン 3380 良
ℹ️ [スキップ/エラーではありません] 平均タイムの該当データなし（サンプル不足）: 新潟 障害 オープン 3250 良
ℹ️ [スキップ/エラーではありません] 平均タイムの該当データなし（サンプル不足）: 新潟 障害 未勝利 2890 稍重
ℹ️ [スキップ/エラーではありません] 平均タイムの該当データなし（サンプル不足）: 中山 障害 オープン 3200 重
ℹ️ [スキップ/エラーではありません] 平均タイムの該当データなし（サンプル不足）: 阪神 障害 オープン 3110 良
ℹ️ [スキップ/エラーではありません] 平均タイムの該当データなし（サンプル不足）: 東京 障害 未勝利 3000 稍重
ℹ️ [スキップ/エラーではありません] 平均タイムの該当データなし（サンプル不足）: 小倉 障害 オープン 2860 稍重
ℹ️ [スキップ/エラーではありません] 平均タイムの該当データなし（サンプル不足）: 福島 障害 オープン 3380 良
ℹ️ [スキップ/エラーではありません] 平均タイムの該当データなし（サンプル不足）: 福島 障害 未勝利 2750 良
ℹ️ [スキップ/エラーではありません] 平均タイムの該当データなし（サンプル不足）: 新潟 障害 未勝利 2850 良
ℹ️ [スキップ/エラーではありません] 平均タイムの該当データなし（サンプル不足）: 福島 障害 未勝利 2770 良
ℹ️ [スキップ/エラーではありません] 平均タイムの該当データなし（サンプル不足）: 小倉 障害 オープン 2860 稍重
ℹ️ [スキップ/エラーではありません] 平均タイムの該当データなし（サンプル不足）: 小倉 障害 未勝利 2860 良
ℹ️ [スキップ/エラーではありません] 平均タイムの該当データなし（サンプル不足）: 東京 障害 未勝利 3000 良
ℹ️ [スキップ/エラーではありません] 平均タイムの該当データなし（サンプル不足）: 中京 障害 未勝利 3000 良
ℹ️ [スキップ/エラーではありません] 平均タイムの該当データなし（サンプル不足）: 東京 障害 未勝利 3000 良
ℹ️ [スキップ/エラーではありません] 平均タイムの該当データなし（サンプル不足）: 中山 障害 オープン 3200 重
ℹ️ [スキップ/エラーではありません] 平均タイムの該当データなし（サンプル不足）: 小倉 障害 オープン 2860 良
ℹ️ [スキップ/エラーではありません] 平均タイムの該当データなし（サンプル不足）: 阪神 障害 未勝利 2970 良
ℹ️ [スキップ/エラーではありません] 平均タイムの該当データなし（サンプル不足）: 中山 障害 オープン 3200 稍重
ℹ️ [スキップ/エラーではありません] 平均タイムの該当データなし（サンプル不足）: 中山 障害 オープン 3200 重
ℹ️ [スキップ/エラーではありません] 平均タイムの該当データなし（サンプル不足）: 中山 障害 未勝利 2880 良
ℹ️ [スキップ/エラーではありません] 平均タイムの該当データなし（サンプル不足）: 阪神 障害 未勝利 2970 良
ℹ️ [スキップ/エラーではありません] 平均タイムの該当データなし（サンプル不足）: 福島 障害 未勝利 2750 良
ℹ️ [スキップ/エラーではありません] 平均タイムの該当データなし（サンプル不足）: 中山 障害 オープン 3350 良
ℹ️ [スキップ/エラーではありません] 平均タイムの該当データなし（サンプル不足）: 小倉 障害 オープン 2860 良
ℹ️ [スキップ/エラーではありません] 平均タイムの該当データなし（サンプル不足）: 福島 障害 オープン 3380 良
ℹ️ [スキップ/エラーではありません] 平均タイムの該当データなし（サンプル不足）: 東京 障害 未勝利 3000 良
ℹ️ [スキップ/エラーではありません] 平均タイムの該当データなし（サンプル不足）: 東京 障害 未勝利 3000 良
ℹ️ [スキップ/エラーではありません] 平均タイムの該当データなし（サンプル不足）: 中山 障害 未勝利 2880 良
ℹ️ [スキップ/エラーではありません] 平均タイムの該当データなし（サンプル不足）: 小倉 障害 未勝利 2860 良
ℹ️ [スキップ/エラーではありません] 平均タイムの該当データなし（サンプル不足）: 福島 障害 未勝利 2750 良
ℹ️ [スキップ/エラーではありません] 平均タイムの該当データなし（サンプル不足）: 中山 障害 未勝利 2880 良
ℹ️ [スキップ/エラーではありません] 平均タイムの該当データなし（サンプル不足）: 小倉 障害 未勝利 2860 稍重
ℹ️ [スキップ/エラーではありません] 平均タイムの該当データなし（サンプル不足）: 小倉 障害 オープン 2860 良
ℹ️ [スキップ/エラーではありません] 平均タイムの該当データなし（サンプル不足）: 阪神 障害 オープン 3110 良
ℹ️ [スキップ/エラーではありません] 平均タイムの該当データなし（サンプル不足）: 新潟 障害 オープン 3250 良
ℹ️ [スキップ/エラーではありません] 平均タイムの該当データなし（サンプル不足）: 新潟 障害 未勝利 2850 良
ℹ️ [スキップ/エラーではありません] 平均タイムの該当データなし（サンプル不足）: 東京 ダート 未勝利 1600 不
ℹ️ [スキップ/エラーではありません] 平均タイムの該当データなし（サンプル不足）: 東京 ダート 1勝クラス 1600 不
ℹ️ [スキップ/エラーではありません] 平均タイムの該当データなし（サンプル不足）: 中山 ダート 未勝利 1200 不
ℹ️ [スキップ/エラーではありません] 平均タイムの該当データなし（サンプル不足）: 京都 ダート 未勝利 1900 不
ℹ️ [スキップ/エラーではありません] 平均タイムの該当データなし（サンプル不足）: 京都 芝 未勝利 1800 不
ℹ️ [スキップ/エラーではありません] 平均タイムの該当データなし（サンプル不足）: 中山 ダート 2勝クラス 1200 不
ℹ️ [スキップ/エラーではありません] 平均タイムの該当データなし（サンプル不足）: 東京 ダート 1勝クラス 1600 不
ℹ️ [スキップ/エラーではありません] 平均タイムの該当データなし（サンプル不足）: 中山 ダート 未勝利 1800 不
ℹ️ [スキップ/エラーではありません] 平均タイムの該当データなし（サンプル不足）: 中山 ダート 未勝利 1800 不
ℹ️ [スキップ/エラーではありません] 平均タイムの該当データなし（サンプル不足）: 東京 ダート 未勝利 1600 不
ℹ️ [スキップ/エラーではありません] 平均タイムの該当データなし（サンプル不足）: 東京 ダート 新馬 1400 不
ℹ️ [スキップ/エラーではありません] 平均タイムの該当データなし（サンプル不足）: 東京 ダート 未勝利 1600 不
ℹ️ [スキップ/エラーではありません] 平均タイムの該当データなし（サンプル不足）: 中山 ダート 未勝利 1200 不
ℹ️ [スキップ/エラーではありません] 平均タイムの該当データなし（サンプル不足）: 新潟 ダート 1勝クラス 1800 不
ℹ️ [スキップ/エラーではありません] 平均タイムの該当データなし（サンプル不足）: 中山 ダート 未勝利 1800 不
ℹ️ [スキップ/エラーではありません] 平均タイムの該当データなし（サンプル不足）: 小倉 障害 未勝利 2860 稍重
ℹ️ [スキップ/エラーではありません] 平均タイムの該当データなし（サンプル不足）: 京都 障害 未勝利 2910 良
ℹ️ [スキップ/エラーではありません] 平均タイムの該当データなし（サンプル不足）: 中山 障害 未勝利 2880 良
ℹ️ [スキップ/エラーではありません] 平均タイムの該当データなし（サンプル不足）: 小倉 障害 未勝利 2860 良
ℹ️ [スキップ/エラーではありません] 平均タイムの該当データなし（サンプル不足）: 東京 ダート 未勝利 1400 不
ℹ️ [スキップ/エラーではありません] 平均タイムの該当データなし（サンプル不足）: 東京 ダート 新馬 1400 不
ℹ️ [スキップ/エラーではありません] 平均タイムの該当データなし（サンプル不足）: 京都 ダート 1勝クラス 1400 不
ℹ️ [スキップ/エラーではありません] 平均タイムの該当データなし（サンプル不足）: 京都 ダート 2勝クラス 1800 不
ℹ️ [スキップ/エラーではありません] 平均タイムの該当データなし（サンプル不足）: 中山 ダート 2勝クラス 2400 不
ℹ️ [スキップ/エラーではありません] 平均タイムの該当データなし（サンプル不足）: 阪神 ダート 未勝利 1800 不
ℹ️ [スキップ/エラーではありません] 平均タイムの該当データなし（サンプル不足）: 京都 ダート 2勝クラス 1800 不
出馬表再生成: 20260510
ℹ️ [スキップ/エラーではありません] 指定日に開催なし: 20260510 01_sapporo
ℹ️ [スキップ/エラーではありません] 指定日に開催なし: 20260510 02_hakodate
ℹ️ [スキップ/エラーではありません] 指定日に開催なし: 20260510 03_fukushima
ℹ️ [スキップ/エラーではありません] 指定日に開催なし: 20260510 06_nakayama
ℹ️ [スキップ/エラーではありません] 指定日に開催なし: 20260510 07_chukyo
ℹ️ [スキップ/エラーではありません] 指定日に開催なし: 20260510 09_hanshin
ℹ️ [スキップ/エラーではありません] 指定日に開催なし: 20260510 10_kokura
ℹ️ [スキップ/エラーではありません] 平均タイムの該当データなし（サンプル不足）: 中山 ダート 未勝利 1800 不
❌ [要確認/エラー] 不明な開催場名: 
ℹ️ [スキップ/エラーではありません] 平均タイムの該当データなし（サンプル不足）: 東京 ダート 未勝利 1400 不
ℹ️ [スキップ/エラーではありません] 平均タイムの該当データなし（サンプル不足）: 阪神 障害 未勝利 2970 良
ℹ️ [スキップ/エラーではありません] 平均タイムの該当データなし（サンプル不足）: 中山 障害 未勝利 2880 良
ℹ️ [スキップ/エラーではありません] 平均タイムの該当データなし（サンプル不足）: 中山 障害 未勝利 2880 良
ℹ️ [スキップ/エラーではありません] 平均タイムの該当データなし（サンプル不足）: 中山 障害 未勝利 2880 良
ℹ️ [スキップ/エラーではありません] 平均タイムの該当データなし（サンプル不足）: 中山 障害 未勝利 2880 良
ℹ️ [スキップ/エラーではありません] 平均タイムの該当データなし（サンプル不足）: 小倉 障害 未勝利 2860 良
ℹ️ [スキップ/エラーではありません] 平均タイムの該当データなし（サンプル不足）: 阪神 障害 未勝利 2970 良
ℹ️ [スキップ/エラーではありません] 平均タイムの該当データなし（サンプル不足）: 小倉 障害 未勝利 2860 稍重
ℹ️ [スキップ/エラーではありません] 平均タイムの該当データなし（サンプル不足）: 新潟 障害 未勝利 2850 良
ℹ️ [スキップ/エラーではありません] 平均タイムの該当データなし（サンプル不足）: 新潟 障害 未勝利 2890 稍重
ℹ️ [スキップ/エラーではありません] 平均タイムの該当データなし（サンプル不足）: 中山 ダート 未勝利 1200 不
ℹ️ [スキップ/エラーではありません] 平均タイムの該当データなし（サンプル不足）: 小倉 ダート 1勝クラス 1000 不
ℹ️ [スキップ/エラーではありません] 平均タイムの該当データなし（サンプル不足）: 小倉 ダート 1勝クラス 1000 不
ℹ️ [スキップ/エラーではありません] 平均タイムの該当データなし（サンプル不足）: 中山 ダート 未勝利 1200 不
ℹ️ [スキップ/エラーではありません] 平均タイムの該当データなし（サンプル不足）: 小倉 ダート 1勝クラス 1000 不
ℹ️ [スキップ/エラーではありません] 平均タイムの該当データなし（サンプル不足）: 東京 ダート 1勝クラス 1600 不
ℹ️ [スキップ/エラーではありません] 平均タイムの該当データなし（サンプル不足）: 京都 ダート 1勝クラス 1800 不
ℹ️ [スキップ/エラーではありません] 平均タイムの該当データなし（サンプル不足）: 新潟 障害 未勝利 2890 良
ℹ️ [スキップ/エラーではありません] 平均タイムの該当データなし（サンプル不足）: 東京 ダート オープン 1400 不
ℹ️ [スキップ/エラーではありません] 平均タイムの該当データなし（サンプル不足）: 中山 ダート 未勝利 1800 不
ℹ️ [スキップ/エラーではありません] 平均タイムの該当データなし（サンプル不足）: 中山 ダート 未勝利 1800 不
ℹ️ [スキップ/エラーではありません] 平均タイムの該当データなし（サンプル不足）: 中山 ダート 未勝利 1800 不
ℹ️ [スキップ/エラーではありません] 平均タイムの該当データなし（サンプル不足）: 中山 ダート 未勝利 1800 不
ℹ️ [スキップ/エラーではありません] 平均タイムの該当データなし（サンプル不足）: 東京 ダート 1勝クラス 1600 不
ℹ️ [スキップ/エラーではありません] 平均タイムの該当データなし（サンプル不足）: 中山 ダート 未勝利 1200 不
ℹ️ [スキップ/エラーではありません] 平均タイムの該当データなし（サンプル不足）: 中山 ダート 2勝クラス 2400 不
ℹ️ [スキップ/エラーではありません] 平均タイムの該当データなし（サンプル不足）: 東京 ダート 2勝クラス 2100 不
ℹ️ [スキップ/エラーではありません] 平均タイムの該当データなし（サンプル不足）: 中京 芝 オープン 3000 稍重
ℹ️ [スキップ/エラーではありません] 平均タイムの該当データなし（サンプル不足）: 東京 ダート 2勝クラス 1600 不
ℹ️ [スキップ/エラーではありません] 平均タイムの該当データなし（サンプル不足）: 新潟 ダート 未勝利 1800 不
ℹ️ [スキップ/エラーではありません] 平均タイムの該当データなし（サンプル不足）: 小倉 ダート 未勝利 1700 不
ℹ️ [スキップ/エラーではありません] 平均タイムの該当データなし（サンプル不足）: 福島 障害 未勝利 2770 良
ℹ️ [スキップ/エラーではありません] 平均タイムの該当データなし（サンプル不足）: 中山 障害 オープン 3200 稍重
ℹ️ [スキップ/エラーではありません] 平均タイムの該当データなし（サンプル不足）: 小倉 障害 オープン 2860 稍重
ℹ️ [スキップ/エラーではありません] 平均タイムの該当データなし（サンプル不足）: 阪神 障害 オープン 3110 良
ℹ️ [スキップ/エラーではありません] 平均タイムの該当データなし（サンプル不足）: 中山 障害 未勝利 2880 良
ℹ️ [スキップ/エラーではありません] 平均タイムの該当データなし（サンプル不足）: 福島 障害 未勝利 2750 良
ℹ️ [スキップ/エラーではありません] 平均タイムの該当データなし（サンプル不足）: 新潟 ダート オープン 1800 不
ℹ️ [スキップ/エラーではありません] 平均タイムの該当データなし（サンプル不足）: 東京 ダート 2勝クラス 1600 不
出馬表再生成: 20260516
ℹ️ [スキップ/エラーではありません] 指定日に開催なし: 20260516 01_sapporo
ℹ️ [スキップ/エラーではありません] 指定日に開催なし: 20260516 02_hakodate
ℹ️ [スキップ/エラーではありません] 指定日に開催なし: 20260516 03_fukushima
ℹ️ [スキップ/エラーではありません] 指定日に開催なし: 20260516 06_nakayama
ℹ️ [スキップ/エラーではありません] 指定日に開催なし: 20260516 07_chukyo
ℹ️ [スキップ/エラーではありません] 指定日に開催なし: 20260516 09_hanshin
ℹ️ [スキップ/エラーではありません] 指定日に開催なし: 20260516 10_kokura
ℹ️ [スキップ/エラーではありません] 平均タイムの該当データなし（サンプル不足）: 中山 ダート 未勝利 1800 不
ℹ️ [スキップ/エラーではありません] 平均タイムの該当データなし（サンプル不足）: 中山 ダート 未勝利 1200 不
ℹ️ [スキップ/エラーではありません] 平均タイムの該当データなし（サンプル不足）: 中山 ダート 1勝クラス 1200 不
ℹ️ [スキップ/エラーではありません] 平均タイムの該当データなし（サンプル不足）: 中山 ダート 未勝利 1200 不
ℹ️ [スキップ/エラーではありません] 平均タイムの該当データなし（サンプル不足）: 阪神 ダート 未勝利 1200 不
ℹ️ [スキップ/エラーではありません] 平均タイムの該当データなし（サンプル不足）: 京都 ダート 1勝クラス 1400 不
ℹ️ [スキップ/エラーではありません] 平均タイムの該当データなし（サンプル不足）: 新潟 ダート 1勝クラス 1800 不
ℹ️ [スキップ/エラーではありません] 平均タイムの該当データなし（サンプル不足）: 東京 ダート 1勝クラス 1600 不
ℹ️ [スキップ/エラーではありません] 平均タイムの該当データなし（サンプル不足）: 京都 ダート 未勝利 1400 不
ℹ️ [スキップ/エラーではありません] 平均タイムの該当データなし（サンプル不足）: 中山 ダート 1勝クラス 1200 不
ℹ️ [スキップ/エラーではありません] 平均タイムの該当データなし（サンプル不足）: 東京 ダート 新馬 1400 不
ℹ️ [スキップ/エラーではありません] 平均タイムの該当データなし（サンプル不足）: 東京 ダート 未勝利 1600 不
ℹ️ [スキップ/エラーではありません] 平均タイムの該当データなし（サンプル不足）: 東京 ダート 未勝利 1400 不
ℹ️ [スキップ/エラーではありません] 平均タイムの該当データなし（サンプル不足）: 新潟 ダート 未勝利 1200 不
ℹ️ [スキップ/エラーではありません] 平均タイムの該当データなし（サンプル不足）: 京都 ダート 2勝クラス 1800 不
ℹ️ [スキップ/エラーではありません] 平均タイムの該当データなし（サンプル不足）: 京都 ダート 未勝利 1400 不
ℹ️ [スキップ/エラーではありません] 平均タイムの該当データなし（サンプル不足）: 小倉 ダート 1勝クラス 1000 不
ℹ️ [スキップ/エラーではありません] 平均タイムの該当データなし（サンプル不足）: 小倉 障害 オープン 3390 良
ℹ️ [スキップ/エラーではありません] 平均タイムの該当データなし（サンプル不足）: 中山 障害 未勝利 2880 重
ℹ️ [スキップ/エラーではありません] 平均タイムの該当データなし（サンプル不足）: 東京 障害 未勝利 3000 稍重
ℹ️ [スキップ/エラーではありません] 平均タイムの該当データなし（サンプル不足）: 新潟 障害 未勝利 2850 良
ℹ️ [スキップ/エラーではありません] 平均タイムの該当データなし（サンプル不足）: 中山 障害 オープン 3200 稍重
ℹ️ [スキップ/エラーではありません] 平均タイムの該当データなし（サンプル不足）: 中山 障害 オープン 3200 重
ℹ️ [スキップ/エラーではありません] 平均タイムの該当データなし（サンプル不足）: 京都 障害 オープン 3170 良
ℹ️ [スキップ/エラーではありません] 平均タイムの該当データなし（サンプル不足）: 阪神 障害 オープン 3110 良
ℹ️ [スキップ/エラーではありません] 平均タイムの該当データなし（サンプル不足）: 京都 障害 オープン 3170 良
ℹ️ [スキップ/エラーではありません] 平均タイムの該当データなし（サンプル不足）: 阪神 障害 オープン 3900 良
ℹ️ [スキップ/エラーではありません] 平均タイムの該当データなし（サンプル不足）: 中山 障害 オープン 4100 良
ℹ️ [スキップ/エラーではありません] 平均タイムの該当データなし（サンプル不足）: 京都 障害 オープン 3170 良
ℹ️ [スキップ/エラーではありません] 平均タイムの該当データなし（サンプル不足）: 中山 障害 オープン 3210 稍重
ℹ️ [スキップ/エラーではありません] 平均タイムの該当データなし（サンプル不足）: 京都 障害 オープン 3930 不
ℹ️ [スキップ/エラーではありません] 平均タイムの該当データなし（サンプル不足）: 中山 障害 オープン 4260 良
ℹ️ [スキップ/エラーではありません] 平均タイムの該当データなし（サンプル不足）: 阪神 障害 オープン 3900 良
ℹ️ [スキップ/エラーではありません] 平均タイムの該当データなし（サンプル不足）: 中山 障害 オープン 4100 良
ℹ️ [スキップ/エラーではありません] 平均タイムの該当データなし（サンプル不足）: 阪神 障害 オープン 3140 良
ℹ️ [スキップ/エラーではありません] 平均タイムの該当データなし（サンプル不足）: 小倉 障害 オープン 3390 良
ℹ️ [スキップ/エラーではありません] 平均タイムの該当データなし（サンプル不足）: 中山 障害 オープン 3350 良
ℹ️ [スキップ/エラーではありません] 平均タイムの該当データなし（サンプル不足）: 京都 障害 オープン 3170 良
ℹ️ [スキップ/エラーではありません] 平均タイムの該当データなし（サンプル不足）: 福島 障害 オープン 3380 良
ℹ️ [スキップ/エラーではありません] 平均タイムの該当データなし（サンプル不足）: 福島 障害 オープン 3380 良
ℹ️ [スキップ/エラーではありません] 平均タイムの該当データなし（サンプル不足）: 阪神 障害 オープン 3110 良
ℹ️ [スキップ/エラーではありません] 平均タイムの該当データなし（サンプル不足）: 中山 障害 オープン 3350 良
ℹ️ [スキップ/エラーではありません] 平均タイムの該当データなし（サンプル不足）: 小倉 障害 オープン 3390 良
ℹ️ [スキップ/エラーではありません] 平均タイムの該当データなし（サンプル不足）: 中山 障害 未勝利 2880 稍重
ℹ️ [スキップ/エラーではありません] 平均タイムの該当データなし（サンプル不足）: 福島 障害 未勝利 2750 良
ℹ️ [スキップ/エラーではありません] 平均タイムの該当データなし（サンプル不足）: 京都 障害 未勝利 2910 良
ℹ️ [スキップ/エラーではありません] 平均タイムの該当データなし（サンプル不足）: 京都 ダート 2勝クラス 1800 不
ℹ️ [スキップ/エラーではありません] 平均タイムの該当データなし（サンプル不足）: 新潟 ダート オープン 1800 不
ℹ️ [スキップ/エラーではありません] 平均タイムの該当データなし（サンプル不足）: 小倉 障害 未勝利 2860 良
ℹ️ [スキップ/エラーではありません] 平均タイムの該当データなし（サンプル不足）: 小倉 障害 未勝利 2860 稍重
ℹ️ [スキップ/エラーではありません] 平均タイムの該当データなし（サンプル不足）: 阪神 ダート 未勝利 1200 不
出馬表再生成: 20260517
ℹ️ [スキップ/エラーではありません] 指定日に開催なし: 20260517 01_sapporo
ℹ️ [スキップ/エラーではありません] 指定日に開催なし: 20260517 02_hakodate
ℹ️ [スキップ/エラーではありません] 指定日に開催なし: 20260517 03_fukushima
ℹ️ [スキップ/エラーではありません] 指定日に開催なし: 20260517 06_nakayama
ℹ️ [スキップ/エラーではありません] 指定日に開催なし: 20260517 07_chukyo
ℹ️ [スキップ/エラーではありません] 指定日に開催なし: 20260517 09_hanshin
ℹ️ [スキップ/エラーではありません] 指定日に開催なし: 20260517 10_kokura
ℹ️ [スキップ/エラーではありません] 平均タイムの該当データなし（サンプル不足）: 小倉 障害 未勝利 2860 稍重
ℹ️ [スキップ/エラーではありません] 平均タイムの該当データなし（サンプル不足）: 小倉 障害 未勝利 2860 稍重
ℹ️ [スキップ/エラーではありません] 平均タイムの該当データなし（サンプル不足）: 中山 障害 未勝利 2880 稍重
ℹ️ [スキップ/エラーではありません] 平均タイムの該当データなし（サンプル不足）: 新潟 障害 未勝利 2850 良
ℹ️ [スキップ/エラーではありません] 平均タイムの該当データなし（サンプル不足）: 京都 障害 未勝利 2910 良
ℹ️ [スキップ/エラーではありません] 平均タイムの該当データなし（サンプル不足）: 小倉 障害 未勝利 2860 良
ℹ️ [スキップ/エラーではありません] 平均タイムの該当データなし（サンプル不足）: 阪神 障害 未勝利 2970 良
ℹ️ [スキップ/エラーではありません] 平均タイムの該当データなし（サンプル不足）: 中山 障害 未勝利 2880 良
ℹ️ [スキップ/エラーではありません] 平均タイムの該当データなし（サンプル不足）: 阪神 障害 未勝利 2970 良
ℹ️ [スキップ/エラーではありません] 平均タイムの該当データなし（サンプル不足）: 中山 障害 未勝利 2880 良
ℹ️ [スキップ/エラーではありません] 平均タイムの該当データなし（サンプル不足）: 小倉 障害 未勝利 2860 良
ℹ️ [スキップ/エラーではありません] 平均タイムの該当データなし（サンプル不足）: 小倉 障害 未勝利 2860 稍重
ℹ️ [スキップ/エラーではありません] 平均タイムの該当データなし（サンプル不足）: 中山 障害 未勝利 2880 良
ℹ️ [スキップ/エラーではありません] 平均タイムの該当データなし（サンプル不足）: 福島 障害 未勝利 2750 良
ℹ️ [スキップ/エラーではありません] 平均タイムの該当データなし（サンプル不足）: 東京 障害 未勝利 3000 良
ℹ️ [スキップ/エラーではありません] 平均タイムの該当データなし（サンプル不足）: 阪神 障害 未勝利 2970 良
ℹ️ [スキップ/エラーではありません] 平均タイムの該当データなし（サンプル不足）: 中山 障害 未勝利 2880 良
ℹ️ [スキップ/エラーではありません] 平均タイムの該当データなし（サンプル不足）: 新潟 障害 未勝利 2890 稍重
ℹ️ [スキップ/エラーではありません] 平均タイムの該当データなし（サンプル不足）: 京都 障害 未勝利 2910 良
ℹ️ [スキップ/エラーではありません] 平均タイムの該当データなし（サンプル不足）: 新潟 障害 未勝利 2890 良
ℹ️ [スキップ/エラーではありません] 平均タイムの該当データなし（サンプル不足）: 中山 障害 未勝利 2880 良
ℹ️ [スキップ/エラーではありません] 平均タイムの該当データなし（サンプル不足）: 小倉 障害 未勝利 2860 良
ℹ️ [スキップ/エラーではありません] 平均タイムの該当データなし（サンプル不足）: 小倉 障害 未勝利 2860 良
ℹ️ [スキップ/エラーではありません] 平均タイムの該当データなし（サンプル不足）: 福島 障害 未勝利 2770 良
ℹ️ [スキップ/エラーではありません] 平均タイムの該当データなし（サンプル不足）: 中山 障害 未勝利 2880 重
ℹ️ [スキップ/エラーではありません] 平均タイムの該当データなし（サンプル不足）: 中山 障害 未勝利 2880 良
ℹ️ [スキップ/エラーではありません] 平均タイムの該当データなし（サンプル不足）: 小倉 障害 未勝利 2860 良
ℹ️ [スキップ/エラーではありません] 平均タイムの該当データなし（サンプル不足）: 中山 ダート 未勝利 1800 不
ℹ️ [スキップ/エラーではありません] 平均タイムの該当データなし（サンプル不足）: 東京 ダート 新馬 1400 不
ℹ️ [スキップ/エラーではありません] 平均タイムの該当データなし（サンプル不足）: 阪神 障害 未勝利 2970 良
ℹ️ [スキップ/エラーではありません] 平均タイムの該当データなし（サンプル不足）: 小倉 障害 未勝利 2860 良
ℹ️ [スキップ/エラーではありません] 平均タイムの該当データなし（サンプル不足）: 阪神 障害 未勝利 2970 良
ℹ️ [スキップ/エラーではありません] 平均タイムの該当データなし（サンプル不足）: 阪神 障害 未勝利 2970 良
ℹ️ [スキップ/エラーではありません] 平均タイムの該当データなし（サンプル不足）: 小倉 障害 未勝利 2860 稍重
ℹ️ [スキップ/エラーではありません] 平均タイムの該当データなし（サンプル不足）: 中山 障害 未勝利 2880 良
ℹ️ [スキップ/エラーではありません] 平均タイムの該当データなし（サンプル不足）: 中山 障害 未勝利 2880 重
ℹ️ [スキップ/エラーではありません] 平均タイムの該当データなし（サンプル不足）: 東京 ダート 1勝クラス 1600 不
ℹ️ [スキップ/エラーではありません] 平均タイムの該当データなし（サンプル不足）: 中山 障害 未勝利 2880 重
ℹ️ [スキップ/エラーではありません] 平均タイムの該当データなし（サンプル不足）: 京都 障害 未勝利 2910 稍重
ℹ️ [スキップ/エラーではありません] 平均タイムの該当データなし（サンプル不足）: 京都 障害 未勝利 2910 良
ℹ️ [スキップ/エラーではありません] 平均タイムの該当データなし（サンプル不足）: 東京 障害 未勝利 3000 良
ℹ️ [スキップ/エラーではありません] 平均タイムの該当データなし（サンプル不足）: 小倉 障害 未勝利 2860 稍重
ℹ️ [スキップ/エラーではありません] 平均タイムの該当データなし（サンプル不足）: 小倉 障害 未勝利 2860 良
ℹ️ [スキップ/エラーではありません] 平均タイムの該当データなし（サンプル不足）: 阪神 障害 未勝利 2970 良
ℹ️ [スキップ/エラーではありません] 平均タイムの該当データなし（サンプル不足）: 小倉 障害 未勝利 2860 稍重
ℹ️ [スキップ/エラーではありません] 平均タイムの該当データなし（サンプル不足）: 京都 障害 未勝利 2910 良
ℹ️ [スキップ/エラーではありません] 平均タイムの該当データなし（サンプル不足）: 東京 ダート 未勝利 1600 不
ℹ️ [スキップ/エラーではありません] 平均タイムの該当データなし（サンプル不足）: 中山 ダート 未勝利 1800 不
ℹ️ [スキップ/エラーではありません] 平均タイムの該当データなし（サンプル不足）: 新潟 ダート 未勝利 1800 不
ℹ️ [スキップ/エラーではありません] 平均タイムの該当データなし（サンプル不足）: 中山 ダート 未勝利 1800 不
ℹ️ [スキップ/エラーではありません] 平均タイムの該当データなし（サンプル不足）: 京都 ダート 未勝利 1800 不
ℹ️ [スキップ/エラーではありません] 平均タイムの該当データなし（サンプル不足）: 中山 障害 未勝利 2880 重
ℹ️ [スキップ/エラーではありません] 平均タイムの該当データなし（サンプル不足）: 札幌 ダート 未勝利 1700 不
ℹ️ [スキップ/エラーではありません] 平均タイムの該当データなし（サンプル不足）: 中山 ダート 未勝利 1800 不
ℹ️ [スキップ/エラーではありません] 平均タイムの該当データなし（サンプル不足）: 東京 芝 3勝クラス 2000 不
ℹ️ [スキップ/エラーではありません] 平均タイムの該当データなし（サンプル不足）: 東京 芝 nan 2000 良
ℹ️ [スキップ/エラーではありません] 平均タイムの該当データなし（サンプル不足）: 中山 芝 nan 2000 良
ℹ️ [スキップ/エラーではありません] 平均タイムの該当データなし（サンプル不足）: 阪神 芝 nan 1800 良
ℹ️ [スキップ/エラーではありません] 平均タイムの該当データなし（サンプル不足）: 札幌 ダート 1勝クラス 1700 不
ℹ️ [スキップ/エラーではありません] 平均タイムの該当データなし（サンプル不足）: 阪神 障害 未勝利 2970 良
ℹ️ [スキップ/エラーではありません] 平均タイムの該当データなし（サンプル不足）: 小倉 障害 未勝利 2860 良
ℹ️ [スキップ/エラーではありません] 平均タイムの該当データなし（サンプル不足）: 京都 障害 未勝利 2910 良
ℹ️ [スキップ/エラーではありません] 平均タイムの該当データなし（サンプル不足）: 東京 ダート 2勝クラス 1600 不
ℹ️ [スキップ/エラーではありません] 平均タイムの該当データなし（サンプル不足）: 京都 ダート 1勝クラス 1400 不
ℹ️ [スキップ/エラーではありません] 平均タイムの該当データなし（サンプル不足）: 東京 ダート 1勝クラス 1600 不
ℹ️ [スキップ/エラーではありません] 平均タイムの該当データなし（サンプル不足）: 新潟 ダート 未勝利 1800 不
ℹ️ [スキップ/エラーではありません] 平均タイムの該当データなし（サンプル不足）: 中山 ダート 未勝利 1800 不
ℹ️ [スキップ/エラーではありません] 平均タイムの該当データなし（サンプル不足）: 東京 ダート オープン 1400 不
ℹ️ [スキップ/エラーではありません] 平均タイムの該当データなし（サンプル不足）: 小倉 障害 未勝利 2860 良
ℹ️ [スキップ/エラーではありません] 平均タイムの該当データなし（サンプル不足）: 中山 障害 未勝利 2880 重
ℹ️ [スキップ/エラーではありません] 平均タイムの該当データなし（サンプル不足）: 東京 ダート オープン 1400 不
ℹ️ [スキップ/エラーではありません] 平均タイムの該当データなし（サンプル不足）: 東京 ダート オープン 1400 不
出馬表再生成: 20260523
ℹ️ [スキップ/エラーではありません] 指定日に開催なし: 20260523 01_sapporo
ℹ️ [スキップ/エラーではありません] 指定日に開催なし: 20260523 02_hakodate
ℹ️ [スキップ/エラーではありません] 指定日に開催なし: 20260523 03_fukushima
ℹ️ [スキップ/エラーではありません] 指定日に開催なし: 20260523 06_nakayama
ℹ️ [スキップ/エラーではありません] 指定日に開催なし: 20260523 07_chukyo
ℹ️ [スキップ/エラーではありません] 指定日に開催なし: 20260523 09_hanshin
ℹ️ [スキップ/エラーではありません] 指定日に開催なし: 20260523 10_kokura
ℹ️ [スキップ/エラーではありません] 平均タイムの該当データなし（サンプル不足）: 新潟 障害 未勝利 2890 良
ℹ️ [スキップ/エラーではありません] 平均タイムの該当データなし（サンプル不足）: 阪神 障害 未勝利 2970 良
ℹ️ [スキップ/エラーではありません] 平均タイムの該当データなし（サンプル不足）: 新潟 障害 未勝利 2890 重
ℹ️ [スキップ/エラーではありません] 平均タイムの該当データなし（サンプル不足）: 阪神 障害 未勝利 2970 良
ℹ️ [スキップ/エラーではありません] 平均タイムの該当データなし（サンプル不足）: 阪神 障害 未勝利 2970 良
ℹ️ [スキップ/エラーではありません] 平均タイムの該当データなし（サンプル不足）: 小倉 障害 未勝利 2860 稍重
ℹ️ [スキップ/エラーではありません] 平均タイムの該当データなし（サンプル不足）: 京都 障害 未勝利 2910 良
ℹ️ [スキップ/エラーではありません] 平均タイムの該当データなし（サンプル不足）: 新潟 障害 未勝利 2890 良
ℹ️ [スキップ/エラーではありません] 平均タイムの該当データなし（サンプル不足）: 中山 障害 未勝利 2880 良
ℹ️ [スキップ/エラーではありません] 平均タイムの該当データなし（サンプル不足）: 中山 障害 未勝利 2880 良
ℹ️ [スキップ/エラーではありません] 平均タイムの該当データなし（サンプル不足）: 中山 障害 未勝利 2880 稍重
ℹ️ [スキップ/エラーではありません] 平均タイムの該当データなし（サンプル不足）: 中山 障害 未勝利 2880 良
ℹ️ [スキップ/エラーではありません] 平均タイムの該当データなし（サンプル不足）: 中山 障害 未勝利 2880 良
ℹ️ [スキップ/エラーではありません] 平均タイムの該当データなし（サンプル不足）: 中山 障害 未勝利 2880 良
ℹ️ [スキップ/エラーではありません] 平均タイムの該当データなし（サンプル不足）: 中山 障害 未勝利 2880 重
ℹ️ [スキップ/エラーではありません] 平均タイムの該当データなし（サンプル不足）: 小倉 障害 未勝利 2860 良
ℹ️ [スキップ/エラーではありません] 平均タイムの該当データなし（サンプル不足）: 阪神 障害 未勝利 2970 良
ℹ️ [スキップ/エラーではありません] 平均タイムの該当データなし（サンプル不足）: 新潟 ダート 未勝利 1800 不
ℹ️ [スキップ/エラーではありません] 平均タイムの該当データなし（サンプル不足）: 東京 ダート 新馬 1400 不
ℹ️ [スキップ/エラーではありません] 平均タイムの該当データなし（サンプル不足）: 小倉 ダート 未勝利 1700 不
ℹ️ [スキップ/エラーではありません] 平均タイムの該当データなし（サンプル不足）: 京都 ダート 未勝利 1200 不
ℹ️ [スキップ/エラーではありません] 平均タイムの該当データなし（サンプル不足）: 東京 ダート 未勝利 1400 不
ℹ️ [スキップ/エラーではありません] 平均タイムの該当データなし（サンプル不足）: 新潟 障害 オープン 2890 重
ℹ️ [スキップ/エラーではありません] 平均タイムの該当データなし（サンプル不足）: 小倉 障害 未勝利 2860 良
ℹ️ [スキップ/エラーではありません] 平均タイムの該当データなし（サンプル不足）: 新潟 障害 オープン 2890 重
ℹ️ [スキップ/エラーではありません] 平均タイムの該当データなし（サンプル不足）: 小倉 障害 オープン 3390 良
ℹ️ [スキップ/エラーではありません] 平均タイムの該当データなし（サンプル不足）: 小倉 障害 オープン 2860 良
ℹ️ [スキップ/エラーではありません] 平均タイムの該当データなし（サンプル不足）: 福島 障害 オープン 3380 良
ℹ️ [スキップ/エラーではありません] 平均タイムの該当データなし（サンプル不足）: 京都 障害 オープン 3170 良
ℹ️ [スキップ/エラーではありません] 平均タイムの該当データなし（サンプル不足）: 新潟 障害 未勝利 2890 重
ℹ️ [スキップ/エラーではありません] 平均タイムの該当データなし（サンプル不足）: 中山 障害 未勝利 2880 良
ℹ️ [スキップ/エラーではありません] 平均タイムの該当データなし（サンプル不足）: 新潟 障害 未勝利 2890 良
ℹ️ [スキップ/エラーではありません] 平均タイムの該当データなし（サンプル不足）: 京都 障害 未勝利 2910 良
ℹ️ [スキップ/エラーではありません] 平均タイムの該当データなし（サンプル不足）: 中山 障害 オープン 3200 稍重
ℹ️ [スキップ/エラーではありません] 平均タイムの該当データなし（サンプル不足）: 小倉 障害 オープン 3390 良
ℹ️ [スキップ/エラーではありません] 平均タイムの該当データなし（サンプル不足）: 小倉 障害 オープン 2860 良
ℹ️ [スキップ/エラーではありません] 平均タイムの該当データなし（サンプル不足）: 東京 障害 オープン 3110 良
ℹ️ [スキップ/エラーではありません] 平均タイムの該当データなし（サンプル不足）: 阪神 障害 オープン 3140 良
ℹ️ [スキップ/エラーではありません] 平均タイムの該当データなし（サンプル不足）: 新潟 障害 オープン 2890 重
ℹ️ [スキップ/エラーではありません] 平均タイムの該当データなし（サンプル不足）: 小倉 障害 未勝利 2860 良
ℹ️ [スキップ/エラーではありません] 平均タイムの該当データなし（サンプル不足）: 東京 ダート 1勝クラス 1600 不
ℹ️ [スキップ/エラーではありません] 平均タイムの該当データなし（サンプル不足）: 阪神 障害 オープン 3900 良
ℹ️ [スキップ/エラーではありません] 平均タイムの該当データなし（サンプル不足）: 小倉 障害 オープン 3390 良
ℹ️ [スキップ/エラーではありません] 平均タイムの該当データなし（サンプル不足）: 阪神 障害 オープン 3110 良
ℹ️ [スキップ/エラーではありません] 平均タイムの該当データなし（サンプル不足）: 京都 障害 未勝利 2910 良
ℹ️ [スキップ/エラーではありません] 平均タイムの該当データなし（サンプル不足）: 京都 障害 未勝利 2910 良
ℹ️ [スキップ/エラーではありません] 平均タイムの該当データなし（サンプル不足）: 小倉 障害 オープン 3390 良
ℹ️ [スキップ/エラーではありません] 平均タイムの該当データなし（サンプル不足）: 京都 障害 オープン 3170 良
ℹ️ [スキップ/エラーではありません] 平均タイムの該当データなし（サンプル不足）: 阪神 障害 オープン 3140 良
ℹ️ [スキップ/エラーではありません] 平均タイムの該当データなし（サンプル不足）: 福島 障害 オープン 2750 稍重
ℹ️ [スキップ/エラーではありません] 平均タイムの該当データなし（サンプル不足）: 新潟 障害 未勝利 2890 稍重
ℹ️ [スキップ/エラーではありません] 平均タイムの該当データなし（サンプル不足）: 小倉 障害 オープン 3390 良
ℹ️ [スキップ/エラーではありません] 平均タイムの該当データなし（サンプル不足）: 京都 障害 オープン 3170 良
ℹ️ [スキップ/エラーではありません] 平均タイムの該当データなし（サンプル不足）: 阪神 障害 オープン 3110 良
ℹ️ [スキップ/エラーではありません] 平均タイムの該当データなし（サンプル不足）: 東京 障害 オープン 3100 良
ℹ️ [スキップ/エラーではありません] 平均タイムの該当データなし（サンプル不足）: 京都 障害 オープン 3170 良
ℹ️ [スキップ/エラーではありません] 平均タイムの該当データなし（サンプル不足）: 阪神 障害 未勝利 2970 良
ℹ️ [スキップ/エラーではありません] 平均タイムの該当データなし（サンプル不足）: 小倉 障害 未勝利 2860 良
ℹ️ [スキップ/エラーではありません] 平均タイムの該当データなし（サンプル不足）: 小倉 障害 オープン 3390 良
ℹ️ [スキップ/エラーではありません] 平均タイムの該当データなし（サンプル不足）: 小倉 障害 オープン 3390 良
ℹ️ [スキップ/エラーではありません] 平均タイムの該当データなし（サンプル不足）: 東京 障害 オープン 3110 良
ℹ️ [スキップ/エラーではありません] 平均タイムの該当データなし（サンプル不足）: 小倉 障害 未勝利 2860 重
ℹ️ [スキップ/エラーではありません] 平均タイムの該当データなし（サンプル不足）: 新潟 障害 オープン 2890 重
ℹ️ [スキップ/エラーではありません] 平均タイムの該当データなし（サンプル不足）: 中山 障害 オープン 3200 稍重
ℹ️ [スキップ/エラーではありません] 平均タイムの該当データなし（サンプル不足）: 小倉 障害 オープン 3390 良
ℹ️ [スキップ/エラーではありません] 平均タイムの該当データなし（サンプル不足）: 福島 障害 オープン 3380 良
ℹ️ [スキップ/エラーではありません] 平均タイムの該当データなし（サンプル不足）: 東京 障害 オープン 3100 良
ℹ️ [スキップ/エラーではありません] 平均タイムの該当データなし（サンプル不足）: 中山 障害 オープン 3200 稍重
ℹ️ [スキップ/エラーではありません] 平均タイムの該当データなし（サンプル不足）: 小倉 障害 オープン 2860 稍重
ℹ️ [スキップ/エラーではありません] 平均タイムの該当データなし（サンプル不足）: 阪神 障害 オープン 3110 良
ℹ️ [スキップ/エラーではありません] 平均タイムの該当データなし（サンプル不足）: 京都 障害 オープン 3170 良
ℹ️ [スキップ/エラーではありません] 平均タイムの該当データなし（サンプル不足）: 京都 障害 オープン 3930 不
ℹ️ [スキップ/エラーではありません] 平均タイムの該当データなし（サンプル不足）: 小倉 ダート 未勝利 1700 不
❌ [要確認/エラー] ソフィア のレポート作成に失敗: 'NoneType' object is not subscriptable
ℹ️ [スキップ/エラーではありません] 平均タイムの該当データなし（サンプル不足）: 東京 ダート 未勝利 1600 不
ℹ️ [スキップ/エラーではありません] 平均タイムの該当データなし（サンプル不足）: 新潟 障害 オープン 2890 稍重
ℹ️ [スキップ/エラーではありません] 平均タイムの該当データなし（サンプル不足）: 小倉 障害 オープン 2860 稍重
ℹ️ [スキップ/エラーではありません] 平均タイムの該当データなし（サンプル不足）: 福島 障害 オープン 3380 良
ℹ️ [スキップ/エラーではありません] 平均タイムの該当データなし（サンプル不足）: 福島 障害 未勝利 2750 良
ℹ️ [スキップ/エラーではありません] 平均タイムの該当データなし（サンプル不足）: 新潟 障害 未勝利 2850 良
ℹ️ [スキップ/エラーではありません] 平均タイムの該当データなし（サンプル不足）: 京都 芝 2勝クラス 1200 不
ℹ️ [スキップ/エラーではありません] 平均タイムの該当データなし（サンプル不足）: 中山 ダート 未勝利 1200 不
ℹ️ [スキップ/エラーではありません] 平均タイムの該当データなし（サンプル不足）: 中山 ダート 1勝クラス 1200 不
ℹ️ [スキップ/エラーではありません] 平均タイムの該当データなし（サンプル不足）: 中山 ダート 未勝利 1800 不
ℹ️ [スキップ/エラーではありません] 平均タイムの該当データなし（サンプル不足）: 中山 ダート 未勝利 1800 不
ℹ️ [スキップ/エラーではありません] 平均タイムの該当データなし（サンプル不足）: 中山 ダート 未勝利 1800 不
ℹ️ [スキップ/エラーではありません] 平均タイムの該当データなし（サンプル不足）: 中山 ダート 未勝利 1800 不
ℹ️ [スキップ/エラーではありません] 平均タイムの該当データなし（サンプル不足）: 中山 ダート 未勝利 1800 不
ℹ️ [スキップ/エラーではありません] 平均タイムの該当データなし（サンプル不足）: 東京 ダート 1勝クラス 1600 不
ℹ️ [スキップ/エラーではありません] 平均タイムの該当データなし（サンプル不足）: 東京 ダート 1勝クラス 1600 不
ℹ️ [スキップ/エラーではありません] 平均タイムの該当データなし（サンプル不足）: 新潟 ダート 未勝利 1200 不
ℹ️ [スキップ/エラーではありません] 平均タイムの該当データなし（サンプル不足）: 小倉 ダート 1勝クラス 1000 不
ℹ️ [スキップ/エラーではありません] 平均タイムの該当データなし（サンプル不足）: 京都 ダート 3勝クラス 1200 不
ℹ️ [スキップ/エラーではありません] 平均タイムの該当データなし（サンプル不足）: 新潟 ダート オープン 1800 不
ℹ️ [スキップ/エラーではありません] 平均タイムの該当データなし（サンプル不足）: 東京 ダート オープン 1400 不
ℹ️ [スキップ/エラーではありません] 平均タイムの該当データなし（サンプル不足）: 東京 ダート オープン 1600 不
ℹ️ [スキップ/エラーではありません] 平均タイムの該当データなし（サンプル不足）: 東京 ダート オープン 1400 不
ℹ️ [スキップ/エラーではありません] 平均タイムの該当データなし（サンプル不足）: 東京 ダート オープン 1400 不
ℹ️ [スキップ/エラーではありません] 平均タイムの該当データなし（サンプル不足）: 東京 ダート 2勝クラス 1600 不
ℹ️ [スキップ/エラーではありません] 平均タイムの該当データなし（サンプル不足）: 東京 ダート 1勝クラス 1600 不
ℹ️ [スキップ/エラーではありません] 平均タイムの該当データなし（サンプル不足）: 東京 ダート 1勝クラス 1600 不
⚠️ プリサイスエンド: 該当コース(8:芝2200) のデータがありません。
ℹ️ [スキップ/エラーではありません] 平均タイムの該当データなし（サンプル不足）: 京都 ダート 未勝利 1200 不
ℹ️ [スキップ/エラーではありません] 平均タイムの該当データなし（サンプル不足）: 京都 ダート 未勝利 1200 不
ℹ️ [スキップ/エラーではありません] 平均タイムの該当データなし（サンプル不足）: 中山 障害 未勝利 2880 良
ℹ️ [スキップ/エラーではありません] 平均タイムの該当データなし（サンプル不足）: 京都 芝 1勝クラス 2000 不
ℹ️ [スキップ/エラーではありません] 平均タイムの該当データなし（サンプル不足）: 阪神 ダート 未勝利 1800 不
ℹ️ [スキップ/エラーではありません] 平均タイムの該当データなし（サンプル不足）: 新潟 ダート オープン 1800 不
ℹ️ [スキップ/エラーではありません] 平均タイムの該当データなし（サンプル不足）: 京都 ダート オープン 1800 不
ℹ️ [スキップ/エラーではありません] 平均タイムの該当データなし（サンプル不足）: 京都 ダート オープン 1800 不
ℹ️ [スキップ/エラーではありません] 平均タイムの該当データなし（サンプル不足）: 東京 ダート 2勝クラス 1600 不
出馬表再生成: 20260524
ℹ️ [スキップ/エラーではありません] 指定日に開催なし: 20260524 01_sapporo
ℹ️ [スキップ/エラーではありません] 指定日に開催なし: 20260524 02_hakodate
ℹ️ [スキップ/エラーではありません] 指定日に開催なし: 20260524 03_fukushima
ℹ️ [スキップ/エラーではありません] 指定日に開催なし: 20260524 06_nakayama
ℹ️ [スキップ/エラーではありません] 指定日に開催なし: 20260524 07_chukyo
ℹ️ [スキップ/エラーではありません] 指定日に開催なし: 20260524 09_hanshin
ℹ️ [スキップ/エラーではありません] 指定日に開催なし: 20260524 10_kokura
ℹ️ [スキップ/エラーではありません] 平均タイムの該当データなし（サンプル不足）: 新潟 ダート 未勝利 1200 不
ℹ️ [スキップ/エラーではありません] 平均タイムの該当データなし（サンプル不足）: 新潟 ダート 未勝利 1200 不
ℹ️ [スキップ/エラーではありません] 平均タイムの該当データなし（サンプル不足）: 中山 ダート 未勝利 1800 不
ℹ️ [スキップ/エラーではありません] 平均タイムの該当データなし（サンプル不足）: 新潟 障害 未勝利 2890 重
ℹ️ [スキップ/エラーではありません] 平均タイムの該当データなし（サンプル不足）: 中山 障害 未勝利 2880 良
ℹ️ [スキップ/エラーではありません] 平均タイムの該当データなし（サンプル不足）: 小倉 障害 未勝利 2860 良
ℹ️ [スキップ/エラーではありません] 平均タイムの該当データなし（サンプル不足）: 中山 障害 未勝利 2880 良
ℹ️ [スキップ/エラーではありません] 平均タイムの該当データなし（サンプル不足）: 新潟 障害 未勝利 2890 良
ℹ️ [スキップ/エラーではありません] 平均タイムの該当データなし（サンプル不足）: 小倉 障害 未勝利 2860 良
ℹ️ [スキップ/エラーではありません] 平均タイムの該当データなし（サンプル不足）: 新潟 障害 未勝利 2890 重
ℹ️ [スキップ/エラーではありません] 平均タイムの該当データなし（サンプル不足）: 新潟 障害 未勝利 2890 稍重
ℹ️ [スキップ/エラーではありません] 平均タイムの該当データなし（サンプル不足）: 小倉 障害 未勝利 2860 稍重
ℹ️ [スキップ/エラーではありません] 平均タイムの該当データなし（サンプル不足）: 小倉 障害 未勝利 2860 稍重
ℹ️ [スキップ/エラーではありません] 平均タイムの該当データなし（サンプル不足）: 福島 障害 未勝利 2750 良
ℹ️ [スキップ/エラーではありません] 平均タイムの該当データなし（サンプル不足）: 新潟 障害 未勝利 2850 良
ℹ️ [スキップ/エラーではありません] 平均タイムの該当データなし（サンプル不足）: 阪神 障害 未勝利 2970 良
ℹ️ [スキップ/エラーではありません] 平均タイムの該当データなし（サンプル不足）: 小倉 障害 未勝利 2860 良
ℹ️ [スキップ/エラーではありません] 平均タイムの該当データなし（サンプル不足）: 中山 障害 未勝利 2880 良
ℹ️ [スキップ/エラーではありません] 平均タイムの該当データなし（サンプル不足）: 小倉 障害 未勝利 2860 良
ℹ️ [スキップ/エラーではありません] 平均タイムの該当データなし（サンプル不足）: 東京 障害 未勝利 3000 稍重
ℹ️ [スキップ/エラーではありません] 平均タイムの該当データなし（サンプル不足）: 中山 障害 未勝利 2880 良
ℹ️ [スキップ/エラーではありません] 平均タイムの該当データなし（サンプル不足）: 新潟 障害 未勝利 2890 良
ℹ️ [スキップ/エラーではありません] 平均タイムの該当データなし（サンプル不足）: 中山 障害 未勝利 2880 重
ℹ️ [スキップ/エラーではありません] 平均タイムの該当データなし（サンプル不足）: 中山 障害 未勝利 2880 良
ℹ️ [スキップ/エラーではありません] 平均タイムの該当データなし（サンプル不足）: 中山 障害 未勝利 2880 稍重
ℹ️ [スキップ/エラーではありません] 平均タイムの該当データなし（サンプル不足）: 福島 障害 未勝利 2770 良
ℹ️ [スキップ/エラーではありません] 平均タイムの該当データなし（サンプル不足）: 福島 障害 未勝利 2750 良
ℹ️ [スキップ/エラーではありません] 平均タイムの該当データなし（サンプル不足）: 京都 障害 未勝利 2910 良
ℹ️ [スキップ/エラーではありません] 平均タイムの該当データなし（サンプル不足）: 阪神 障害 未勝利 2970 良
ℹ️ [スキップ/エラーではありません] 平均タイムの該当データなし（サンプル不足）: 東京 ダート 1勝クラス 1600 不
ℹ️ [スキップ/エラーではありません] 平均タイムの該当データなし（サンプル不足）: 小倉 ダート 1勝クラス 1000 不
ℹ️ [スキップ/エラーではありません] 平均タイムの該当データなし（サンプル不足）: 小倉 障害 未勝利 2860 良
ℹ️ [スキップ/エラーではありません] 平均タイムの該当データなし（サンプル不足）: 小倉 障害 未勝利 2860 良
ℹ️ [スキップ/エラーではありません] 平均タイムの該当データなし（サンプル不足）: 中山 障害 未勝利 2880 重
ℹ️ [スキップ/エラーではありません] 平均タイムの該当データなし（サンプル不足）: 小倉 障害 未勝利 2860 稍重
ℹ️ [スキップ/エラーではありません] 平均タイムの該当データなし（サンプル不足）: 中山 障害 未勝利 2880 稍重
ℹ️ [スキップ/エラーではありません] 平均タイムの該当データなし（サンプル不足）: 中山 障害 未勝利 2880 良
ℹ️ [スキップ/エラーではありません] 平均タイムの該当データなし（サンプル不足）: 京都 ダート 未勝利 1200 不
ℹ️ [スキップ/エラーではありません] 平均タイムの該当データなし（サンプル不足）: 中山 障害 未勝利 2880 良
ℹ️ [スキップ/エラーではありません] 平均タイムの該当データなし（サンプル不足）: 小倉 障害 未勝利 2860 良
ℹ️ [スキップ/エラーではありません] 平均タイムの該当データなし（サンプル不足）: 中山 障害 未勝利 2880 良
ℹ️ [スキップ/エラーではありません] 平均タイムの該当データなし（サンプル不足）: 新潟 ダート 1勝クラス 1800 不
❌ [要確認/エラー] 不明な開催場名: 
ℹ️ [スキップ/エラーではありません] 平均タイムの該当データなし（サンプル不足）: 中山 ダート 未勝利 1200 不
ℹ️ [スキップ/エラーではありません] 平均タイムの該当データなし（サンプル不足）: 東京 ダート 未勝利 1600 不
ℹ️ [スキップ/エラーではありません] 平均タイムの該当データなし（サンプル不足）: 東京 ダート 未勝利 1400 不
ℹ️ [スキップ/エラーではありません] 平均タイムの該当データなし（サンプル不足）: 中山 ダート 未勝利 1200 不
ℹ️ [スキップ/エラーではありません] 平均タイムの該当データなし（サンプル不足）: 小倉 ダート 未勝利 1700 不
ℹ️ [スキップ/エラーではありません] 平均タイムの該当データなし（サンプル不足）: 中山 ダート 未勝利 1800 不
ℹ️ [スキップ/エラーではありません] 平均タイムの該当データなし（サンプル不足）: 中山 ダート 未勝利 1200 不
ℹ️ [スキップ/エラーではありません] 平均タイムの該当データなし（サンプル不足）: 東京 ダート 未勝利 1600 不
ℹ️ [スキップ/エラーではありません] 平均タイムの該当データなし（サンプル不足）: 新潟 ダート オープン 1800 不
ℹ️ [スキップ/エラーではありません] 平均タイムの該当データなし（サンプル不足）: 東京 ダート 2勝クラス 1600 不
❌ [要確認/エラー] 不明な開催場名: 
ℹ️ [スキップ/エラーではありません] 平均タイムの該当データなし（サンプル不足）: 新潟 ダート 未勝利 1200 不
ℹ️ [スキップ/エラーではありません] 平均タイムの該当データなし（サンプル不足）: 新潟 ダート 未勝利 1800 不
ℹ️ [スキップ/エラーではありません] 平均タイムの該当データなし（サンプル不足）: 新潟 ダート 未勝利 1800 不
ℹ️ [スキップ/エラーではありません] 平均タイムの該当データなし（サンプル不足）: 京都 芝 オープン 1400 不
ℹ️ [スキップ/エラーではありません] 平均タイムの該当データなし（サンプル不足）: 京都 ダート 未勝利 1900 不
ℹ️ [スキップ/エラーではありません] 平均タイムの該当データなし（サンプル不足）: 京都 ダート 3勝クラス 1200 不
ℹ️ [スキップ/エラーではありません] 平均タイムの該当データなし（サンプル不足）: 京都 ダート 3勝クラス 1200 不
ℹ️ [スキップ/エラーではありません] 平均タイムの該当データなし（サンプル不足）: 京都 ダート 3勝クラス 1200 不
ℹ️ [スキップ/エラーではありません] 平均タイムの該当データなし（サンプル不足）: 中京 ダート 未勝利 1800 不
出馬表再生成: 20260530
ℹ️ [スキップ/エラーではありません] 指定日に開催なし: 20260530 01_sapporo
ℹ️ [スキップ/エラーではありません] 指定日に開催なし: 20260530 02_hakodate
ℹ️ [スキップ/エラーではありません] 指定日に開催なし: 20260530 03_fukushima
ℹ️ [スキップ/エラーではありません] 指定日に開催なし: 20260530 04_nigata
ℹ️ [スキップ/エラーではありません] 指定日に開催なし: 20260530 06_nakayama
ℹ️ [スキップ/エラーではありません] 指定日に開催なし: 20260530 07_chukyo
ℹ️ [スキップ/エラーではありません] 指定日に開催なし: 20260530 09_hanshin
ℹ️ [スキップ/エラーではありません] 指定日に開催なし: 20260530 10_kokura
ℹ️ [スキップ/エラーではありません] 平均タイムの該当データなし（サンプル不足）: 中山 ダート 未勝利 1200 不
ℹ️ [スキップ/エラーではありません] 平均タイムの該当データなし（サンプル不足）: 新潟 障害 未勝利 2890 重
ℹ️ [スキップ/エラーではありません] 平均タイムの該当データなし（サンプル不足）: 中山 障害 未勝利 2880 良
ℹ️ [スキップ/エラーではありません] 平均タイムの該当データなし（サンプル不足）: 中山 障害 未勝利 2880 良
ℹ️ [スキップ/エラーではありません] 平均タイムの該当データなし（サンプル不足）: 小倉 障害 未勝利 2860 良
ℹ️ [スキップ/エラーではありません] 平均タイムの該当データなし（サンプル不足）: 京都 障害 未勝利 2910 良
ℹ️ [スキップ/エラーではありません] 平均タイムの該当データなし（サンプル不足）: 中山 障害 未勝利 2880 良
ℹ️ [スキップ/エラーではありません] 平均タイムの該当データなし（サンプル不足）: 新潟 障害 未勝利 2850 良
ℹ️ [スキップ/エラーではありません] 平均タイムの該当データなし（サンプル不足）: 東京 障害 未勝利 3000 良
ℹ️ [スキップ/エラーではありません] 平均タイムの該当データなし（サンプル不足）: 新潟 障害 未勝利 2890 良
ℹ️ [スキップ/エラーではありません] 平均タイムの該当データなし（サンプル不足）: 新潟 障害 未勝利 2890 良
ℹ️ [スキップ/エラーではありません] 平均タイムの該当データなし（サンプル不足）: 中山 障害 未勝利 2880 重
ℹ️ [スキップ/エラーではありません] 平均タイムの該当データなし（サンプル不足）: 中山 障害 未勝利 2880 良
ℹ️ [スキップ/エラーではありません] 平均タイムの該当データなし（サンプル不足）: 小倉 障害 未勝利 2860 稍重
ℹ️ [スキップ/エラーではありません] 平均タイムの該当データなし（サンプル不足）: 中山 障害 未勝利 2880 良
ℹ️ [スキップ/エラーではありません] 平均タイムの該当データなし（サンプル不足）: 京都 障害 未勝利 2910 良
ℹ️ [スキップ/エラーではありません] 平均タイムの該当データなし（サンプル不足）: 福島 障害 未勝利 2770 良
ℹ️ [スキップ/エラーではありません] 平均タイムの該当データなし（サンプル不足）: 京都 障害 未勝利 2910 良
ℹ️ [スキップ/エラーではありません] 平均タイムの該当データなし（サンプル不足）: 阪神 障害 未勝利 2970 良
ℹ️ [スキップ/エラーではありません] 平均タイムの該当データなし（サンプル不足）: 小倉 障害 未勝利 2860 良
ℹ️ [スキップ/エラーではありません] 平均タイムの該当データなし（サンプル不足）: 京都 障害 未勝利 2910 良
ℹ️ [スキップ/エラーではありません] 平均タイムの該当データなし（サンプル不足）: 福島 障害 未勝利 2770 良
ℹ️ [スキップ/エラーではありません] 平均タイムの該当データなし（サンプル不足）: 中山 障害 未勝利 2880 良
ℹ️ [スキップ/エラーではありません] 平均タイムの該当データなし（サンプル不足）: 阪神 障害 未勝利 2970 良
ℹ️ [スキップ/エラーではありません] 平均タイムの該当データなし（サンプル不足）: 新潟 障害 未勝利 2890 良
ℹ️ [スキップ/エラーではありません] 平均タイムの該当データなし（サンプル不足）: 新潟 障害 未勝利 2890 良
ℹ️ [スキップ/エラーではありません] 平均タイムの該当データなし（サンプル不足）: 中山 障害 未勝利 2880 良
ℹ️ [スキップ/エラーではありません] 平均タイムの該当データなし（サンプル不足）: 中山 障害 未勝利 2880 良
ℹ️ [スキップ/エラーではありません] 平均タイムの該当データなし（サンプル不足）: 小倉 障害 未勝利 2860 良
ℹ️ [スキップ/エラーではありません] 平均タイムの該当データなし（サンプル不足）: 福島 障害 未勝利 2770 良
ℹ️ [スキップ/エラーではありません] 平均タイムの該当データなし（サンプル不足）: 中山 ダート 未勝利 1800 不
ℹ️ [スキップ/エラーではありません] 平均タイムの該当データなし（サンプル不足）: 東京 ダート オープン 1600 不
ℹ️ [スキップ/エラーではありません] 平均タイムの該当データなし（サンプル不足）: 小倉 障害 未勝利 2860 良
ℹ️ [スキップ/エラーではありません] 平均タイムの該当データなし（サンプル不足）: 東京 ダート オープン 1600 不
ℹ️ [スキップ/エラーではありません] 平均タイムの該当データなし（サンプル不足）: 京都 ダート 2勝クラス 1800 不
ℹ️ [スキップ/エラーではありません] 平均タイムの該当データなし（サンプル不足）: 東京 ダート 2勝クラス 2100 不
ℹ️ [スキップ/エラーではありません] 平均タイムの該当データなし（サンプル不足）: 京都 ダート 未勝利 1400 不
ℹ️ [スキップ/エラーではありません] 平均タイムの該当データなし（サンプル不足）: 小倉 障害 未勝利 2860 良
ℹ️ [スキップ/エラーではありません] 平均タイムの該当データなし（サンプル不足）: 札幌 ダート 1勝クラス 1000 不
出馬表再生成: 20260531
ℹ️ [スキップ/エラーではありません] 指定日に開催なし: 20260531 01_sapporo
ℹ️ [スキップ/エラーではありません] 指定日に開催なし: 20260531 02_hakodate
ℹ️ [スキップ/エラーではありません] 指定日に開催なし: 20260531 03_fukushima
ℹ️ [スキップ/エラーではありません] 指定日に開催なし: 20260531 04_nigata
ℹ️ [スキップ/エラーではありません] 指定日に開催なし: 20260531 06_nakayama
ℹ️ [スキップ/エラーではありません] 指定日に開催なし: 20260531 07_chukyo
ℹ️ [スキップ/エラーではありません] 指定日に開催なし: 20260531 09_hanshin
ℹ️ [スキップ/エラーではありません] 指定日に開催なし: 20260531 10_kokura
ℹ️ [スキップ/エラーではありません] 平均タイムの該当データなし（サンプル不足）: 新潟 ダート 未勝利 1800 不
ℹ️ [スキップ/エラーではありません] 平均タイムの該当データなし（サンプル不足）: 中山 ダート 未勝利 1800 不
ℹ️ [スキップ/エラーではありません] 平均タイムの該当データなし（サンプル不足）: 中山 ダート 未勝利 1800 不
ℹ️ [スキップ/エラーではありません] 平均タイムの該当データなし（サンプル不足）: 東京 ダート 未勝利 1600 不
ℹ️ [スキップ/エラーではありません] 平均タイムの該当データなし（サンプル不足）: 中山 ダート 未勝利 1800 不
ℹ️ [スキップ/エラーではありません] 平均タイムの該当データなし（サンプル不足）: 中山 ダート 1勝クラス 1200 不
ℹ️ [スキップ/エラーではありません] 平均タイムの該当データなし（サンプル不足）: 新潟 ダート 1勝クラス 1800 不
ℹ️ [スキップ/エラーではありません] 平均タイムの該当データなし（サンプル不足）: 新潟 ダート 1勝クラス 1800 不
ℹ️ [スキップ/エラーではありません] 平均タイムの該当データなし（サンプル不足）: 新潟 障害 オープン 2890 重
ℹ️ [スキップ/エラーではありません] 平均タイムの該当データなし（サンプル不足）: 小倉 障害 未勝利 2860 良
ℹ️ [スキップ/エラーではありません] 平均タイムの該当データなし（サンプル不足）: 小倉 障害 未勝利 2860 稍重
ℹ️ [スキップ/エラーではありません] 平均タイムの該当データなし（サンプル不足）: 阪神 障害 未勝利 2970 良
ℹ️ [スキップ/エラーではありません] 平均タイムの該当データなし（サンプル不足）: 福島 障害 未勝利 2770 良
ℹ️ [スキップ/エラーではありません] 平均タイムの該当データなし（サンプル不足）: 京都 障害 オープン 3170 良
ℹ️ [スキップ/エラーではありません] 平均タイムの該当データなし（サンプル不足）: 小倉 障害 オープン 2860 稍重
ℹ️ [スキップ/エラーではありません] 平均タイムの該当データなし（サンプル不足）: 京都 障害 オープン 3170 良
ℹ️ [スキップ/エラーではありません] 平均タイムの該当データなし（サンプル不足）: 中山 障害 オープン 3210 稍重
ℹ️ [スキップ/エラーではありません] 平均タイムの該当データなし（サンプル不足）: 中山 障害 オープン 3200 稍重
ℹ️ [スキップ/エラーではありません] 平均タイムの該当データなし（サンプル不足）: 中山 障害 オープン 3200 重
ℹ️ [スキップ/エラーではありません] 平均タイムの該当データなし（サンプル不足）: 中山 障害 オープン 3200 良
ℹ️ [スキップ/エラーではありません] 平均タイムの該当データなし（サンプル不足）: 京都 障害 オープン 3170 良
ℹ️ [スキップ/エラーではありません] 平均タイムの該当データなし（サンプル不足）: 中京 障害 オープン 3300 良
ℹ️ [スキップ/エラーではありません] 平均タイムの該当データなし（サンプル不足）: 東京 障害 未勝利 3000 良
ℹ️ [スキップ/エラーではありません] 平均タイムの該当データなし（サンプル不足）: 新潟 障害 未勝利 2890 稍重
ℹ️ [スキップ/エラーではありません] 平均タイムの該当データなし（サンプル不足）: 京都 障害 オープン 3170 良
ℹ️ [スキップ/エラーではありません] 平均タイムの該当データなし（サンプル不足）: 中山 障害 オープン 3350 良
ℹ️ [スキップ/エラーではありません] 平均タイムの該当データなし（サンプル不足）: 京都 障害 オープン 3170 良
ℹ️ [スキップ/エラーではありません] 平均タイムの該当データなし（サンプル不足）: 京都 障害 オープン 3170 良
ℹ️ [スキップ/エラーではありません] 平均タイムの該当データなし（サンプル不足）: 中山 障害 オープン 3570 良
ℹ️ [スキップ/エラーではありません] 平均タイムの該当データなし（サンプル不足）: 阪神 障害 未勝利 2970 良
ℹ️ [スキップ/エラーではありません] 平均タイムの該当データなし（サンプル不足）: 中山 障害 未勝利 2880 良
ℹ️ [スキップ/エラーではありません] 平均タイムの該当データなし（サンプル不足）: 新潟 障害 オープン 2890 重
ℹ️ [スキップ/エラーではありません] 平均タイムの該当データなし（サンプル不足）: 小倉 障害 未勝利 2860 良
ℹ️ [スキップ/エラーではありません] 平均タイムの該当データなし（サンプル不足）: 小倉 障害 未勝利 2860 良
ℹ️ [スキップ/エラーではありません] 平均タイムの該当データなし（サンプル不足）: 福島 障害 未勝利 2750 良
ℹ️ [スキップ/エラーではありません] 平均タイムの該当データなし（サンプル不足）: 中山 障害 オープン 3200 稍重
ℹ️ [スキップ/エラーではありません] 平均タイムの該当データなし（サンプル不足）: 小倉 障害 オープン 3390 良
ℹ️ [スキップ/エラーではありません] 平均タイムの該当データなし（サンプル不足）: 中山 障害 オープン 3200 良
ℹ️ [スキップ/エラーではありません] 平均タイムの該当データなし（サンプル不足）: 京都 障害 未勝利 2910 良
ℹ️ [スキップ/エラーではありません] 平均タイムの該当データなし（サンプル不足）: 新潟 障害 未勝利 2850 良
ℹ️ [スキップ/エラーではありません] 平均タイムの該当データなし（サンプル不足）: 京都 障害 未勝利 2910 良
ℹ️ [スキップ/エラーではありません] 平均タイムの該当データなし（サンプル不足）: 小倉 障害 未勝利 2860 良
ℹ️ [スキップ/エラーではありません] 平均タイムの該当データなし（サンプル不足）: 小倉 障害 未勝利 2860 稍重
ℹ️ [スキップ/エラーではありません] 平均タイムの該当データなし（サンプル不足）: 京都 障害 未勝利 2910 良
ℹ️ [スキップ/エラーではありません] 平均タイムの該当データなし（サンプル不足）: 阪神 障害 オープン 3140 良
ℹ️ [スキップ/エラーではありません] 平均タイムの該当データなし（サンプル不足）: 小倉 障害 オープン 3390 良
ℹ️ [スキップ/エラーではありません] 平均タイムの該当データなし（サンプル不足）: 小倉 障害 オープン 3390 良
ℹ️ [スキップ/エラーではありません] 平均タイムの該当データなし（サンプル不足）: 福島 障害 オープン 3380 良
ℹ️ [スキップ/エラーではありません] 平均タイムの該当データなし（サンプル不足）: 新潟 障害 オープン 3250 良
出馬表再生成: 20260606
ℹ️ [スキップ/エラーではありません] 指定日に開催なし: 20260606 01_sapporo
ℹ️ [スキップ/エラーではありません] 指定日に開催なし: 20260606 02_hakodate
ℹ️ [スキップ/エラーではありません] 指定日に開催なし: 20260606 03_fukushima
ℹ️ [スキップ/エラーではありません] 指定日に開催なし: 20260606 04_nigata
ℹ️ [スキップ/エラーではありません] 指定日に開催なし: 20260606 06_nakayama
ℹ️ [スキップ/エラーではありません] 指定日に開催なし: 20260606 07_chukyo
ℹ️ [スキップ/エラーではありません] 指定日に開催なし: 20260606 08_kyoto
ℹ️ [スキップ/エラーではありません] 指定日に開催なし: 20260606 10_kokura
ℹ️ [スキップ/エラーではありません] 平均タイムの該当データなし（サンプル不足）: 阪神 障害 未勝利 2970 良
ℹ️ [スキップ/エラーではありません] 平均タイムの該当データなし（サンプル不足）: 東京 ダート オープン 1600 不
ℹ️ [スキップ/エラーではありません] 平均タイムの該当データなし（サンプル不足）: 中山 障害 未勝利 2880 良
ℹ️ [スキップ/エラーではありません] 平均タイムの該当データなし（サンプル不足）: 新潟 障害 未勝利 2890 良
ℹ️ [スキップ/エラーではありません] 平均タイムの該当データなし（サンプル不足）: 阪神 障害 未勝利 2970 良
ℹ️ [スキップ/エラーではありません] 平均タイムの該当データなし（サンプル不足）: 小倉 障害 未勝利 2860 稍重
ℹ️ [スキップ/エラーではありません] 平均タイムの該当データなし（サンプル不足）: 中山 障害 未勝利 2880 良
ℹ️ [スキップ/エラーではありません] 平均タイムの該当データなし（サンプル不足）: 京都 障害 未勝利 2910 良
ℹ️ [スキップ/エラーではありません] 平均タイムの該当データなし（サンプル不足）: 札幌 ダート 未勝利 1700 不
ℹ️ [スキップ/エラーではありません] 平均タイムの該当データなし（サンプル不足）: 新潟 障害 未勝利 2890 良
ℹ️ [スキップ/エラーではありません] 平均タイムの該当データなし（サンプル不足）: 京都 障害 未勝利 2910 良
ℹ️ [スキップ/エラーではありません] 平均タイムの該当データなし（サンプル不足）: 新潟 障害 未勝利 2890 稍重
ℹ️ [スキップ/エラーではありません] 平均タイムの該当データなし（サンプル不足）: 中山 障害 未勝利 2880 良
ℹ️ [スキップ/エラーではありません] 平均タイムの該当データなし（サンプル不足）: 小倉 障害 未勝利 2860 稍重
ℹ️ [スキップ/エラーではありません] 平均タイムの該当データなし（サンプル不足）: 中山 障害 未勝利 2880 良
ℹ️ [スキップ/エラーではありません] 平均タイムの該当データなし（サンプル不足）: 中山 障害 未勝利 2880 重
ℹ️ [スキップ/エラーではありません] 平均タイムの該当データなし（サンプル不足）: 新潟 障害 未勝利 2890 良
ℹ️ [スキップ/エラーではありません] 平均タイムの該当データなし（サンプル不足）: 中山 障害 未勝利 2880 良
ℹ️ [スキップ/エラーではありません] 平均タイムの該当データなし（サンプル不足）: 小倉 障害 未勝利 2860 良
ℹ️ [スキップ/エラーではありません] 平均タイムの該当データなし（サンプル不足）: 中山 障害 未勝利 2880 良
ℹ️ [スキップ/エラーではありません] 平均タイムの該当データなし（サンプル不足）: 中山 障害 未勝利 2880 稍重
ℹ️ [スキップ/エラーではありません] 平均タイムの該当データなし（サンプル不足）: 中山 障害 未勝利 2880 稍重
ℹ️ [スキップ/エラーではありません] 平均タイムの該当データなし（サンプル不足）: 福島 障害 未勝利 2770 良
ℹ️ [スキップ/エラーではありません] 平均タイムの該当データなし（サンプル不足）: 東京 障害 未勝利 3000 良
ℹ️ [スキップ/エラーではありません] 平均タイムの該当データなし（サンプル不足）: 中山 障害 未勝利 2880 良
ℹ️ [スキップ/エラーではありません] 平均タイムの該当データなし（サンプル不足）: 福島 障害 未勝利 2770 良
ℹ️ [スキップ/エラーではありません] 平均タイムの該当データなし（サンプル不足）: 新潟 障害 未勝利 2890 稍重
ℹ️ [スキップ/エラーではありません] 平均タイムの該当データなし（サンプル不足）: 中山 障害 未勝利 2880 良
ℹ️ [スキップ/エラーではありません] 平均タイムの該当データなし（サンプル不足）: 中山 ダート 未勝利 1800 不
ℹ️ [スキップ/エラーではありません] 平均タイムの該当データなし（サンプル不足）: 東京 ダート 2勝クラス 1600 不
ℹ️ [スキップ/エラーではありません] 平均タイムの該当データなし（サンプル不足）: 京都 ダート 2勝クラス 1800 不
ℹ️ [スキップ/エラーではありません] 平均タイムの該当データなし（サンプル不足）: 東京 芝 未勝利 1800 不
ℹ️ [スキップ/エラーではありません] 平均タイムの該当データなし（サンプル不足）: 東京 ダート 未勝利 1600 不
❌ [要確認/エラー] シャロン のレポート作成に失敗: 'NoneType' object is not subscriptable
ℹ️ [スキップ/エラーではありません] 平均タイムの該当データなし（サンプル不足）: 小倉 ダート 未勝利 1700 不
ℹ️ [スキップ/エラーではありません] 平均タイムの該当データなし（サンプル不足）: 京都 芝 1勝クラス 2000 不
出馬表再生成: 20260607
ℹ️ [スキップ/エラーではありません] 指定日に開催なし: 20260607 01_sapporo
ℹ️ [スキップ/エラーではありません] 指定日に開催なし: 20260607 02_hakodate
ℹ️ [スキップ/エラーではありません] 指定日に開催なし: 20260607 03_fukushima
ℹ️ [スキップ/エラーではありません] 指定日に開催なし: 20260607 04_nigata
ℹ️ [スキップ/エラーではありません] 指定日に開催なし: 20260607 06_nakayama
ℹ️ [スキップ/エラーではありません] 指定日に開催なし: 20260607 07_chukyo
ℹ️ [スキップ/エラーではありません] 指定日に開催なし: 20260607 08_kyoto
ℹ️ [スキップ/エラーではありません] 指定日に開催なし: 20260607 10_kokura
❌ [要確認/エラー] 不明な開催場名: 
ℹ️ [スキップ/エラーではありません] 平均タイムの該当データなし（サンプル不足）: 中山 ダート 未勝利 1800 不
ℹ️ [スキップ/エラーではありません] 平均タイムの該当データなし（サンプル不足）: 中山 ダート 未勝利 1800 不
ℹ️ [スキップ/エラーではありません] 平均タイムの該当データなし（サンプル不足）: 中山 ダート 未勝利 1800 不
ℹ️ [スキップ/エラーではありません] 平均タイムの該当データなし（サンプル不足）: 東京 芝 3勝クラス 2000 不
ℹ️ [スキップ/エラーではありません] 平均タイムの該当データなし（サンプル不足）: 東京 芝 nan 2000 良
ℹ️ [スキップ/エラーではありません] 平均タイムの該当データなし（サンプル不足）: 中山 芝 nan 2000 良
ℹ️ [スキップ/エラーではありません] 平均タイムの該当データなし（サンプル不足）: 阪神 芝 nan 1800 良
ℹ️ [スキップ/エラーではありません] 平均タイムの該当データなし（サンプル不足）: 中山 ダート 未勝利 1200 不
ℹ️ [スキップ/エラーではありません] 平均タイムの該当データなし（サンプル不足）: 東京 ダート 新馬 1400 不
ℹ️ [スキップ/エラーではありません] 平均タイムの該当データなし（サンプル不足）: 札幌 ダート 未勝利 1700 不
ℹ️ [スキップ/エラーではありません] 平均タイムの該当データなし（サンプル不足）: 東京 ダート 未勝利 1400 不
ℹ️ [スキップ/エラーではありません] 平均タイムの該当データなし（サンプル不足）: 札幌 ダート 1勝クラス 1000 不
ℹ️ [スキップ/エラーではありません] 平均タイムの該当データなし（サンプル不足）: 中山 ダート 未勝利 1200 不
ℹ️ [スキップ/エラーではありません] 平均タイムの該当データなし（サンプル不足）: 東京 ダート 2勝クラス 1400 不
ℹ️ [スキップ/エラーではありません] 平均タイムの該当データなし（サンプル不足）: 東京 ダート 2勝クラス 1600 不
ℹ️ [スキップ/エラーではありません] 平均タイムの該当データなし（サンプル不足）: 新潟 障害 未勝利 2890 良
ℹ️ [スキップ/エラーではありません] 平均タイムの該当データなし（サンプル不足）: 京都 障害 未勝利 2910 良
ℹ️ [スキップ/エラーではありません] 平均タイムの該当データなし（サンプル不足）: 阪神 障害 未勝利 2970 良
ℹ️ [スキップ/エラーではありません] 平均タイムの該当データなし（サンプル不足）: 小倉 障害 未勝利 2860 良
ℹ️ [スキップ/エラーではありません] 平均タイムの該当データなし（サンプル不足）: 小倉 障害 未勝利 2860 良
ℹ️ [スキップ/エラーではありません] 平均タイムの該当データなし（サンプル不足）: 京都 障害 未勝利 2910 良
ℹ️ [スキップ/エラーではありません] 平均タイムの該当データなし（サンプル不足）: 阪神 障害 未勝利 2970 良
ℹ️ [スキップ/エラーではありません] 平均タイムの該当データなし（サンプル不足）: 中山 障害 未勝利 2880 良
ℹ️ [スキップ/エラーではありません] 平均タイムの該当データなし（サンプル不足）: 新潟 障害 未勝利 2890 稍重
ℹ️ [スキップ/エラーではありません] 平均タイムの該当データなし（サンプル不足）: 新潟 障害 未勝利 2890 重
ℹ️ [スキップ/エラーではありません] 平均タイムの該当データなし（サンプル不足）: 阪神 障害 未勝利 2970 良
ℹ️ [スキップ/エラーではありません] 平均タイムの該当データなし（サンプル不足）: 阪神 障害 未勝利 2970 良
ℹ️ [スキップ/エラーではありません] 平均タイムの該当データなし（サンプル不足）: 阪神 障害 未勝利 2970 良
ℹ️ [スキップ/エラーではありません] 平均タイムの該当データなし（サンプル不足）: 阪神 障害 未勝利 2970 良
ℹ️ [スキップ/エラーではありません] 平均タイムの該当データなし（サンプル不足）: 小倉 障害 未勝利 2860 良
ℹ️ [スキップ/エラーではありません] 平均タイムの該当データなし（サンプル不足）: 中山 障害 未勝利 2880 良
ℹ️ [スキップ/エラーではありません] 平均タイムの該当データなし（サンプル不足）: 福島 障害 未勝利 2750 良
ℹ️ [スキップ/エラーではありません] 平均タイムの該当データなし（サンプル不足）: 東京 障害 未勝利 3000 良
ℹ️ [スキップ/エラーではありません] 平均タイムの該当データなし（サンプル不足）: 新潟 障害 未勝利 2890 稍重
ℹ️ [スキップ/エラーではありません] 平均タイムの該当データなし（サンプル不足）: 阪神 障害 未勝利 2970 良
ℹ️ [スキップ/エラーではありません] 平均タイムの該当データなし（サンプル不足）: 新潟 障害 未勝利 2890 稍重
ℹ️ [スキップ/エラーではありません] 平均タイムの該当データなし（サンプル不足）: 中山 障害 未勝利 2880 良
ℹ️ [スキップ/エラーではありません] 平均タイムの該当データなし（サンプル不足）: 中山 障害 未勝利 2880 良
ℹ️ [スキップ/エラーではありません] 平均タイムの該当データなし（サンプル不足）: 阪神 障害 未勝利 2970 良
ℹ️ [スキップ/エラーではありません] 平均タイムの該当データなし（サンプル不足）: 京都 障害 未勝利 2910 良
ℹ️ [スキップ/エラーではありません] 平均タイムの該当データなし（サンプル不足）: 阪神 障害 未勝利 2970 良
ℹ️ [スキップ/エラーではありません] 平均タイムの該当データなし（サンプル不足）: 中山 障害 未勝利 2880 良
ℹ️ [スキップ/エラーではありません] 平均タイムの該当データなし（サンプル不足）: 京都 障害 未勝利 2910 良
ℹ️ [スキップ/エラーではありません] 平均タイムの該当データなし（サンプル不足）: 中山 障害 未勝利 2880 良
ℹ️ [スキップ/エラーではありません] 平均タイムの該当データなし（サンプル不足）: 新潟 障害 未勝利 2890 良
ℹ️ [スキップ/エラーではありません] 平均タイムの該当データなし（サンプル不足）: 新潟 障害 未勝利 2890 良
ℹ️ [スキップ/エラーではありません] 平均タイムの該当データなし（サンプル不足）: 新潟 障害 未勝利 2890 良
ℹ️ [スキップ/エラーではありません] 平均タイムの該当データなし（サンプル不足）: 新潟 障害 未勝利 2890 良
ℹ️ [スキップ/エラーではありません] 平均タイムの該当データなし（サンプル不足）: 阪神 障害 未勝利 2970 良
⚠️ プリサイスエンド: 該当コース(9:芝1800) のデータがありません。
ℹ️ [スキップ/エラーではありません] 平均タイムの該当データなし（サンプル不足）: 東京 ダート 2勝クラス 1600 不
ℹ️ [スキップ/エラーではありません] 平均タイムの該当データなし（サンプル不足）: 東京 ダート オープン 1400 不
ℹ️ [スキップ/エラーではありません] 平均タイムの該当データなし（サンプル不足）: 東京 ダート オープン 1400 不
ℹ️ [スキップ/エラーではありません] 平均タイムの該当データなし（サンプル不足）: 東京 ダート オープン 1400 不
ℹ️ [スキップ/エラーではありません] 平均タイムの該当データなし（サンプル不足）: 京都 ダート 3勝クラス 1200 不
出馬表再生成: 20260613
ℹ️ [スキップ/エラーではありません] 指定日に開催なし: 20260613 01_sapporo
ℹ️ [スキップ/エラーではありません] 指定日に開催なし: 20260613 03_fukushima
ℹ️ [スキップ/エラーではありません] 指定日に開催なし: 20260613 04_nigata
ℹ️ [スキップ/エラーではありません] 指定日に開催なし: 20260613 06_nakayama
ℹ️ [スキップ/エラーではありません] 指定日に開催なし: 20260613 07_chukyo
ℹ️ [スキップ/エラーではありません] 指定日に開催なし: 20260613 08_kyoto
ℹ️ [スキップ/エラーではありません] 指定日に開催なし: 20260613 10_kokura
ℹ️ [スキップ/エラーではありません] 平均タイムの該当データなし（サンプル不足）: 中山 ダート 未勝利 1800 不
ℹ️ [スキップ/エラーではありません] 平均タイムの該当データなし（サンプル不足）: 新潟 ダート 未勝利 1800 不
ℹ️ [スキップ/エラーではありません] 平均タイムの該当データなし（サンプル不足）: 小倉 ダート 未勝利 1700 不
ℹ️ [スキップ/エラーではありません] 平均タイムの該当データなし（サンプル不足）: 小倉 ダート 未勝利 1700 不
ℹ️ [スキップ/エラーではありません] 平均タイムの該当データなし（サンプル不足）: 京都 ダート 未勝利 1200 不
ℹ️ [スキップ/エラーではありません] 平均タイムの該当データなし（サンプル不足）: 東京 ダート 未勝利 1600 不
ℹ️ [スキップ/エラーではありません] 平均タイムの該当データなし（サンプル不足）: 中山 ダート 未勝利 1800 不
ℹ️ [スキップ/エラーではありません] 平均タイムの該当データなし（サンプル不足）: 中山 ダート 未勝利 1800 不
ℹ️ [スキップ/エラーではありません] 平均タイムの該当データなし（サンプル不足）: 小倉 ダート 1勝クラス 1000 不
ℹ️ [スキップ/エラーではありません] 平均タイムの該当データなし（サンプル不足）: 東京 ダート 1勝クラス 1400 不
ℹ️ [スキップ/エラーではありません] 平均タイムの該当データなし（サンプル不足）: 中山 ダート 未勝利 1800 不
ℹ️ [スキップ/エラーではありません] 平均タイムの該当データなし（サンプル不足）: 中山 ダート 未勝利 1800 不
ℹ️ [スキップ/エラーではありません] 平均タイムの該当データなし（サンプル不足）: 中山 ダート 未勝利 1200 不
ℹ️ [スキップ/エラーではありません] 平均タイムの該当データなし（サンプル不足）: 東京 ダート 未勝利 1400 不
ℹ️ [スキップ/エラーではありません] 平均タイムの該当データなし（サンプル不足）: 東京 ダート 新馬 1400 不
ℹ️ [スキップ/エラーではありません] 平均タイムの該当データなし（サンプル不足）: 東京 ダート 新馬 1400 不
ℹ️ [スキップ/エラーではありません] 平均タイムの該当データなし（サンプル不足）: 中山 障害 オープン 3350 良
ℹ️ [スキップ/エラーではありません] 平均タイムの該当データなし（サンプル不足）: 中山 障害 オープン 4100 良
ℹ️ [スキップ/エラーではありません] 平均タイムの該当データなし（サンプル不足）: 中山 障害 オープン 3570 良
ℹ️ [スキップ/エラーではありません] 平均タイムの該当データなし（サンプル不足）: 東京 障害 オープン 3100 良
ℹ️ [スキップ/エラーではありません] 平均タイムの該当データなし（サンプル不足）: 中山 障害 オープン 4260 良
ℹ️ [スキップ/エラーではありません] 平均タイムの該当データなし（サンプル不足）: 中山 障害 オープン 3350 良
ℹ️ [スキップ/エラーではありません] 平均タイムの該当データなし（サンプル不足）: 小倉 障害 オープン 3390 良
ℹ️ [スキップ/エラーではありません] 平均タイムの該当データなし（サンプル不足）: 東京 障害 オープン 3110 良
ℹ️ [スキップ/エラーではありません] 平均タイムの該当データなし（サンプル不足）: 東京 障害 オープン 3100 良
ℹ️ [スキップ/エラーではありません] 平均タイムの該当データなし（サンプル不足）: 新潟 障害 オープン 3250 良
ℹ️ [スキップ/エラーではありません] 平均タイムの該当データなし（サンプル不足）: 新潟 障害 オープン 3290 稍重
ℹ️ [スキップ/エラーではありません] 平均タイムの該当データなし（サンプル不足）: 阪神 障害 オープン 3900 良
ℹ️ [スキップ/エラーではありません] 平均タイムの該当データなし（サンプル不足）: 小倉 障害 オープン 3390 良
ℹ️ [スキップ/エラーではありません] 平均タイムの該当データなし（サンプル不足）: 阪神 障害 オープン 3110 良
ℹ️ [スキップ/エラーではありません] 平均タイムの該当データなし（サンプル不足）: 京都 障害 未勝利 2910 良
ℹ️ [スキップ/エラーではありません] 平均タイムの該当データなし（サンプル不足）: 小倉 障害 オープン 3390 良
ℹ️ [スキップ/エラーではありません] 平均タイムの該当データなし（サンプル不足）: 京都 障害 オープン 3170 良
ℹ️ [スキップ/エラーではありません] 平均タイムの該当データなし（サンプル不足）: 新潟 障害 オープン 3250 良
ℹ️ [スキップ/エラーではありません] 平均タイムの該当データなし（サンプル不足）: 新潟 障害 オープン 2890 稍重
ℹ️ [スキップ/エラーではありません] 平均タイムの該当データなし（サンプル不足）: 小倉 障害 オープン 3390 良
ℹ️ [スキップ/エラーではありません] 平均タイムの該当データなし（サンプル不足）: 新潟 障害 オープン 2890 稍重
ℹ️ [スキップ/エラーではありません] 平均タイムの該当データなし（サンプル不足）: 中山 障害 オープン 3350 良
ℹ️ [スキップ/エラーではありません] 平均タイムの該当データなし（サンプル不足）: 小倉 障害 オープン 2860 良
ℹ️ [スキップ/エラーではありません] 平均タイムの該当データなし（サンプル不足）: 福島 障害 オープン 3380 良
ℹ️ [スキップ/エラーではありません] 平均タイムの該当データなし（サンプル不足）: 東京 障害 未勝利 3000 良
ℹ️ [スキップ/エラーではありません] 平均タイムの該当データなし（サンプル不足）: 阪神 障害 オープン 3140 良
ℹ️ [スキップ/エラーではありません] 平均タイムの該当データなし（サンプル不足）: 小倉 障害 オープン 3390 良
ℹ️ [スキップ/エラーではありません] 平均タイムの該当データなし（サンプル不足）: 中山 障害 オープン 3350 良
ℹ️ [スキップ/エラーではありません] 平均タイムの該当データなし（サンプル不足）: 中山 障害 未勝利 2880 良
ℹ️ [スキップ/エラーではありません] 平均タイムの該当データなし（サンプル不足）: 東京 障害 未勝利 3000 良
ℹ️ [スキップ/エラーではありません] 平均タイムの該当データなし（サンプル不足）: 新潟 障害 未勝利 2890 稍重
ℹ️ [スキップ/エラーではありません] 平均タイムの該当データなし（サンプル不足）: 新潟 障害 オープン 2890 稍重
ℹ️ [スキップ/エラーではありません] 平均タイムの該当データなし（サンプル不足）: 中山 障害 オープン 3200 稍重
ℹ️ [スキップ/エラーではありません] 平均タイムの該当データなし（サンプル不足）: 中山 障害 オープン 3200 重
ℹ️ [スキップ/エラーではありません] 平均タイムの該当データなし（サンプル不足）: 中山 障害 未勝利 2880 良
ℹ️ [スキップ/エラーではありません] 平均タイムの該当データなし（サンプル不足）: 阪神 障害 未勝利 2970 良
ℹ️ [スキップ/エラーではありません] 平均タイムの該当データなし（サンプル不足）: 小倉 障害 オープン 3390 良
ℹ️ [スキップ/エラーではありません] 平均タイムの該当データなし（サンプル不足）: 中山 障害 オープン 4100 良
ℹ️ [スキップ/エラーではありません] 平均タイムの該当データなし（サンプル不足）: 東京 障害 オープン 3110 良
ℹ️ [スキップ/エラーではありません] 平均タイムの該当データなし（サンプル不足）: 阪神 障害 オープン 3140 良
ℹ️ [スキップ/エラーではありません] 平均タイムの該当データなし（サンプル不足）: 東京 障害 オープン 3110 良
ℹ️ [スキップ/エラーではありません] 平均タイムの該当データなし（サンプル不足）: 中山 障害 オープン 3200 稍重
ℹ️ [スキップ/エラーではありません] 平均タイムの該当データなし（サンプル不足）: 中山 障害 オープン 3200 重
ℹ️ [スキップ/エラーではありません] 平均タイムの該当データなし（サンプル不足）: 小倉 障害 未勝利 2860 稍重
ℹ️ [スキップ/エラーではありません] 平均タイムの該当データなし（サンプル不足）: 中山 障害 未勝利 2880 重
ℹ️ [スキップ/エラーではありません] 平均タイムの該当データなし（サンプル不足）: 新潟 ダート 1勝クラス 1800 不
ℹ️ [スキップ/エラーではありません] 平均タイムの該当データなし（サンプル不足）: 東京 ダート 未勝利 1600 不
ℹ️ [スキップ/エラーではありません] 平均タイムの該当データなし（サンプル不足）: 東京 ダート 2勝クラス 1600 不
ℹ️ [スキップ/エラーではありません] 平均タイムの該当データなし（サンプル不足）: 新潟 ダート オープン 1800 不
ℹ️ [スキップ/エラーではありません] 平均タイムの該当データなし（サンプル不足）: 京都 ダート 3勝クラス 1800 不
ℹ️ [スキップ/エラーではありません] 平均タイムの該当データなし（サンプル不足）: 中山 ダート 未勝利 1200 不
ℹ️ [スキップ/エラーではありません] 平均タイムの該当データなし（サンプル不足）: 中山 ダート 1勝クラス 1200 不
ℹ️ [スキップ/エラーではありません] 平均タイムの該当データなし（サンプル不足）: 新潟 ダート 未勝利 1200 不
ℹ️ [スキップ/エラーではありません] 平均タイムの該当データなし（サンプル不足）: 京都 芝 オープン 1400 不
ℹ️ [スキップ/エラーではありません] 平均タイムの該当データなし（サンプル不足）: 小倉 ダート 1勝クラス 1000 不
ℹ️ [スキップ/エラーではありません] 平均タイムの該当データなし（サンプル不足）: 京都 ダート 2勝クラス 1800 不
ℹ️ [スキップ/エラーではありません] 平均タイムの該当データなし（サンプル不足）: 京都 ダート オープン 1800 不
ℹ️ [スキップ/エラーではありません] 平均タイムの該当データなし（サンプル不足）: 京都 ダート 未勝利 1200 不
出馬表再生成: 20260614
ℹ️ [スキップ/エラーではありません] 指定日に開催なし: 20260614 01_sapporo
ℹ️ [スキップ/エラーではありません] 指定日に開催なし: 20260614 03_fukushima
ℹ️ [スキップ/エラーではありません] 指定日に開催なし: 20260614 04_nigata
ℹ️ [スキップ/エラーではありません] 指定日に開催なし: 20260614 06_nakayama
ℹ️ [スキップ/エラーではありません] 指定日に開催なし: 20260614 07_chukyo
ℹ️ [スキップ/エラーではありません] 指定日に開催なし: 20260614 08_kyoto
ℹ️ [スキップ/エラーではありません] 指定日に開催なし: 20260614 10_kokura
ℹ️ [スキップ/エラーではありません] 平均タイムの該当データなし（サンプル不足）: 京都 ダート 未勝利 1200 不
⚠️ アドマイヤマックス: 該当コース(2:芝1000) のデータがありません。
❌ [要確認/エラー] 不明な開催場名: 
ℹ️ [スキップ/エラーではありません] 平均タイムの該当データなし（サンプル不足）: 小倉 ダート 1勝クラス 1000 不
ℹ️ [スキップ/エラーではありません] 平均タイムの該当データなし（サンプル不足）: 京都 ダート 1勝クラス 1400 不
ℹ️ [スキップ/エラーではありません] 平均タイムの該当データなし（サンプル不足）: 中山 ダート 未勝利 1800 不
ℹ️ [スキップ/エラーではありません] 平均タイムの該当データなし（サンプル不足）: 東京 ダート 未勝利 1400 不
ℹ️ [スキップ/エラーではありません] 平均タイムの該当データなし（サンプル不足）: 小倉 芝 新馬 2000 不
❌ [要確認/エラー] 不明な開催場名: 
ℹ️ [スキップ/エラーではありません] 平均タイムの該当データなし（サンプル不足）: 中山 ダート nan 2400 良
ℹ️ [スキップ/エラーではありません] 平均タイムの該当データなし（サンプル不足）: 函館 ダート nan 2400 稍重
ℹ️ [スキップ/エラーではありません] 平均タイムの該当データなし（サンプル不足）: 中山 ダート nan 2400 良
ℹ️ [スキップ/エラーではありません] 平均タイムの該当データなし（サンプル不足）: 中山 ダート nan 1800 稍重
ℹ️ [スキップ/エラーではありません] 平均タイムの該当データなし（サンプル不足）: 新潟 ダート 未勝利 1800 不
ℹ️ [スキップ/エラーではありません] 平均タイムの該当データなし（サンプル不足）: 中山 ダート 未勝利 1800 不
ℹ️ [スキップ/エラーではありません] 平均タイムの該当データなし（サンプル不足）: 中山 ダート 1勝クラス 2400 不
ℹ️ [スキップ/エラーではありません] 平均タイムの該当データなし（サンプル不足）: 札幌 ダート 未勝利 1700 不
ℹ️ [スキップ/エラーではありません] 平均タイムの該当データなし（サンプル不足）: 中山 ダート 未勝利 1800 不
ℹ️ [スキップ/エラーではありません] 平均タイムの該当データなし（サンプル不足）: 中山 ダート 未勝利 1800 不
ℹ️ [スキップ/エラーではありません] 平均タイムの該当データなし（サンプル不足）: 東京 ダート オープン 1400 不
ℹ️ [スキップ/エラーではありません] 平均タイムの該当データなし（サンプル不足）: 東京 ダート 1勝クラス 1600 不
ℹ️ [スキップ/エラーではありません] 平均タイムの該当データなし（サンプル不足）: 京都 ダート 2勝クラス 1800 不
ℹ️ [スキップ/エラーではありません] 平均タイムの該当データなし（サンプル不足）: 新潟 ダート 未勝利 1800 不
❌ [要確認/エラー] 不明な開催場名: 
ℹ️ [スキップ/エラーではありません] 平均タイムの該当データなし（サンプル不足）: 中山 ダート 未勝利 1800 不
ℹ️ [スキップ/エラーではありません] 平均タイムの該当データなし（サンプル不足）: 福島 ダート nan 1700 良
ℹ️ [スキップ/エラーではありません] 平均タイムの該当データなし（サンプル不足）: 中京 ダート nan 1900 良
ℹ️ [スキップ/エラーではありません] 平均タイムの該当データなし（サンプル不足）: 札幌 ダート 1勝クラス 1000 不
ℹ️ [スキップ/エラーではありません] 平均タイムの該当データなし（サンプル不足）: 京都 ダート 3勝クラス 1200 不
出馬表再生成: 20260620
ℹ️ [スキップ/エラーではありません] 指定日に開催なし: 20260620 01_sapporo
ℹ️ [スキップ/エラーではありません] 指定日に開催なし: 20260620 03_fukushima
ℹ️ [スキップ/エラーではありません] 指定日に開催なし: 20260620 04_nigata
ℹ️ [スキップ/エラーではありません] 指定日に開催なし: 20260620 06_nakayama
ℹ️ [スキップ/エラーではありません] 指定日に開催なし: 20260620 07_chukyo
ℹ️ [スキップ/エラーではありません] 指定日に開催なし: 20260620 08_kyoto
ℹ️ [スキップ/エラーではありません] 指定日に開催なし: 20260620 10_kokura
ℹ️ [スキップ/エラーではありません] 平均タイムの該当データなし（サンプル不足）: 中山 ダート 未勝利 1800 不
ℹ️ [スキップ/エラーではありません] 平均タイムの該当データなし（サンプル不足）: 小倉 ダート 未勝利 1700 不
ℹ️ [スキップ/エラーではありません] 平均タイムの該当データなし（サンプル不足）: 中山 ダート 未勝利 1800 不
ℹ️ [スキップ/エラーではありません] 平均タイムの該当データなし（サンプル不足）: 新潟 ダート 未勝利 1800 不
ℹ️ [スキップ/エラーではありません] 平均タイムの該当データなし（サンプル不足）: 中山 ダート 未勝利 1200 不
ℹ️ [スキップ/エラーではありません] 平均タイムの該当データなし（サンプル不足）: 小倉 ダート 1勝クラス 1000 不
ℹ️ [スキップ/エラーではありません] 平均タイムの該当データなし（サンプル不足）: 新潟 ダート 未勝利 1800 不
ℹ️ [スキップ/エラーではありません] 平均タイムの該当データなし（サンプル不足）: 中山 ダート 未勝利 1800 不
ℹ️ [スキップ/エラーではありません] 平均タイムの該当データなし（サンプル不足）: 新潟 ダート 未勝利 1200 不
ℹ️ [スキップ/エラーではありません] 平均タイムの該当データなし（サンプル不足）: 中山 ダート 未勝利 1200 不
ℹ️ [スキップ/エラーではありません] 平均タイムの該当データなし（サンプル不足）: 新潟 ダート 未勝利 1200 不
ℹ️ [スキップ/エラーではありません] 平均タイムの該当データなし（サンプル不足）: 中山 ダート 未勝利 1800 不
ℹ️ [スキップ/エラーではありません] 平均タイムの該当データなし（サンプル不足）: 東京 ダート 未勝利 1400 不
ℹ️ [スキップ/エラーではありません] 平均タイムの該当データなし（サンプル不足）: 京都 ダート オープン 1800 不
ℹ️ [スキップ/エラーではありません] 平均タイムの該当データなし（サンプル不足）: 新潟 ダート オープン 1800 不
ℹ️ [スキップ/エラーではありません] 平均タイムの該当データなし（サンプル不足）: 小倉 ダート 1勝クラス 1000 不
ℹ️ [スキップ/エラーではありません] 平均タイムの該当データなし（サンプル不足）: 新潟 障害 未勝利 2890 良
ℹ️ [スキップ/エラーではありません] 平均タイムの該当データなし（サンプル不足）: 京都 障害 未勝利 2910 良
ℹ️ [スキップ/エラーではありません] 平均タイムの該当データなし（サンプル不足）: 小倉 障害 未勝利 2860 良
ℹ️ [スキップ/エラーではありません] 平均タイムの該当データなし（サンプル不足）: 中山 障害 オープン 3200 稍重
ℹ️ [スキップ/エラーではありません] 平均タイムの該当データなし（サンプル不足）: 小倉 障害 未勝利 2860 良
ℹ️ [スキップ/エラーではありません] 平均タイムの該当データなし（サンプル不足）: 京都 障害 未勝利 2910 良
ℹ️ [スキップ/エラーではありません] 平均タイムの該当データなし（サンプル不足）: 中山 ダート 1勝クラス 1200 不
ℹ️ [スキップ/エラーではありません] 平均タイムの該当データなし（サンプル不足）: 京都 障害 オープン 3170 良
ℹ️ [スキップ/エラーではありません] 平均タイムの該当データなし（サンプル不足）: 小倉 障害 オープン 2860 良
ℹ️ [スキップ/エラーではありません] 平均タイムの該当データなし（サンプル不足）: 福島 障害 オープン 3380 良
ℹ️ [スキップ/エラーではありません] 平均タイムの該当データなし（サンプル不足）: 京都 障害 オープン 3170 良
ℹ️ [スキップ/エラーではありません] 平均タイムの該当データなし（サンプル不足）: 中京 障害 オープン 3330 良
ℹ️ [スキップ/エラーではありません] 平均タイムの該当データなし（サンプル不足）: 小倉 障害 オープン 3390 良
ℹ️ [スキップ/エラーではありません] 平均タイムの該当データなし（サンプル不足）: 中山 障害 オープン 3200 良
ℹ️ [スキップ/エラーではありません] 平均タイムの該当データなし（サンプル不足）: 京都 障害 オープン 3170 良
ℹ️ [スキップ/エラーではありません] 平均タイムの該当データなし（サンプル不足）: 中山 障害 オープン 3210 良
ℹ️ [スキップ/エラーではありません] 平均タイムの該当データなし（サンプル不足）: 小倉 障害 未勝利 2860 良
ℹ️ [スキップ/エラーではありません] 平均タイムの該当データなし（サンプル不足）: 中山 障害 オープン 3350 良
ℹ️ [スキップ/エラーではありません] 平均タイムの該当データなし（サンプル不足）: 中山 障害 オープン 4100 良
ℹ️ [スキップ/エラーではありません] 平均タイムの該当データなし（サンプル不足）: 中山 障害 オープン 3570 良
ℹ️ [スキップ/エラーではありません] 平均タイムの該当データなし（サンプル不足）: 中山 障害 オープン 3210 稍重
ℹ️ [スキップ/エラーではありません] 平均タイムの該当データなし（サンプル不足）: 中京 障害 未勝利 3000 良
ℹ️ [スキップ/エラーではありません] 平均タイムの該当データなし（サンプル不足）: 中山 障害 未勝利 2880 重
ℹ️ [スキップ/エラーではありません] 平均タイムの該当データなし（サンプル不足）: 中山 障害 未勝利 2880 良
ℹ️ [スキップ/エラーではありません] 平均タイムの該当データなし（サンプル不足）: 中山 障害 未勝利 2880 良
ℹ️ [スキップ/エラーではありません] 平均タイムの該当データなし（サンプル不足）: 中山 障害 未勝利 2880 重
ℹ️ [スキップ/エラーではありません] 平均タイムの該当データなし（サンプル不足）: 阪神 障害 未勝利 2970 良
ℹ️ [スキップ/エラーではありません] 平均タイムの該当データなし（サンプル不足）: 中山 障害 未勝利 2880 良
ℹ️ [スキップ/エラーではありません] 平均タイムの該当データなし（サンプル不足）: 中山 障害 未勝利 2880 重
ℹ️ [スキップ/エラーではありません] 平均タイムの該当データなし（サンプル不足）: 京都 障害 未勝利 2910 良
ℹ️ [スキップ/エラーではありません] 平均タイムの該当データなし（サンプル不足）: 新潟 障害 オープン 2890 稍重
ℹ️ [スキップ/エラーではありません] 平均タイムの該当データなし（サンプル不足）: 中山 障害 オープン 3200 重
ℹ️ [スキップ/エラーではありません] 平均タイムの該当データなし（サンプル不足）: 小倉 障害 オープン 2860 良
ℹ️ [スキップ/エラーではありません] 平均タイムの該当データなし（サンプル不足）: 阪神 障害 未勝利 2970 良
ℹ️ [スキップ/エラーではありません] 平均タイムの該当データなし（サンプル不足）: 新潟 障害 オープン 2890 稍重
ℹ️ [スキップ/エラーではありません] 平均タイムの該当データなし（サンプル不足）: 小倉 障害 オープン 2860 稍重
ℹ️ [スキップ/エラーではありません] 平均タイムの該当データなし（サンプル不足）: 小倉 障害 未勝利 2860 良
ℹ️ [スキップ/エラーではありません] 平均タイムの該当データなし（サンプル不足）: 東京 障害 未勝利 3000 良
ℹ️ [スキップ/エラーではありません] 平均タイムの該当データなし（サンプル不足）: 中京 障害 未勝利 3000 良
ℹ️ [スキップ/エラーではありません] 平均タイムの該当データなし（サンプル不足）: 東京 ダート オープン 1600 不
ℹ️ [スキップ/エラーではありません] 平均タイムの該当データなし（サンプル不足）: 東京 ダート オープン 1400 不
出馬表再生成: 20260621
ℹ️ [スキップ/エラーではありません] 指定日に開催なし: 20260621 01_sapporo
ℹ️ [スキップ/エラーではありません] 指定日に開催なし: 20260621 03_fukushima
ℹ️ [スキップ/エラーではありません] 指定日に開催なし: 20260621 04_nigata
ℹ️ [スキップ/エラーではありません] 指定日に開催なし: 20260621 06_nakayama
ℹ️ [スキップ/エラーではありません] 指定日に開催なし: 20260621 07_chukyo
ℹ️ [スキップ/エラーではありません] 指定日に開催なし: 20260621 08_kyoto
ℹ️ [スキップ/エラーではありません] 指定日に開催なし: 20260621 10_kokura
ℹ️ [スキップ/エラーではありません] 平均タイムの該当データなし（サンプル不足）: 東京 ダート 未勝利 1400 不
⚠️ アドマイヤジャパン: 該当コース(2:芝1800) のデータがありません。
ℹ️ [スキップ/エラーではありません] 平均タイムの該当データなし（サンプル不足）: 中京 障 未勝利 3000 良
ℹ️ [スキップ/エラーではありません] 平均タイムの該当データなし（サンプル不足）: 福島 障 未勝利 2750 良
ℹ️ [スキップ/エラーではありません] 平均タイムの該当データなし（サンプル不足）: 新潟 障 未勝利 2850 良
ℹ️ [スキップ/エラーではありません] 平均タイムの該当データなし（サンプル不足）: 新潟 障 未勝利 2850 良
ℹ️ [スキップ/エラーではありません] 平均タイムの該当データなし（サンプル不足）: 中山 ダート 未勝利 1800 不
ℹ️ [スキップ/エラーではありません] 平均タイムの該当データなし（サンプル不足）: 東京 ダート 未勝利 1600 不
ℹ️ [スキップ/エラーではありません] 平均タイムの該当データなし（サンプル不足）: 東京 ダート 未勝利 1400 不
ℹ️ [スキップ/エラーではありません] 平均タイムの該当データなし（サンプル不足）: 京都 ダート 未勝利 1400 不
ℹ️ [スキップ/エラーではありません] 平均タイムの該当データなし（サンプル不足）: 札幌 ダート 未勝利 1700 不
ℹ️ [スキップ/エラーではありません] 平均タイムの該当データなし（サンプル不足）: 新潟 障害 未勝利 2890 良
ℹ️ [スキップ/エラーではありません] 平均タイムの該当データなし（サンプル不足）: 新潟 障害 未勝利 2890 良
ℹ️ [スキップ/エラーではありません] 平均タイムの該当データなし（サンプル不足）: 小倉 障害 未勝利 2860 良
ℹ️ [スキップ/エラーではありません] 平均タイムの該当データなし（サンプル不足）: 阪神 障害 未勝利 2970 良
ℹ️ [スキップ/エラーではありません] 平均タイムの該当データなし（サンプル不足）: 福島 障害 未勝利 2750 良
ℹ️ [スキップ/エラーではありません] 平均タイムの該当データなし（サンプル不足）: 東京 ダート 1勝クラス 1600 不
ℹ️ [スキップ/エラーではありません] 平均タイムの該当データなし（サンプル不足）: 新潟 障害 未勝利 2890 重
ℹ️ [スキップ/エラーではありません] 平均タイムの該当データなし（サンプル不足）: 中山 障害 未勝利 2880 良
ℹ️ [スキップ/エラーではありません] 平均タイムの該当データなし（サンプル不足）: 新潟 障害 未勝利 2890 稍重
ℹ️ [スキップ/エラーではありません] 平均タイムの該当データなし（サンプル不足）: 中山 障害 未勝利 2880 良
ℹ️ [スキップ/エラーではありません] 平均タイムの該当データなし（サンプル不足）: 小倉 障害 未勝利 2860 良
ℹ️ [スキップ/エラーではありません] 平均タイムの該当データなし（サンプル不足）: 東京 障害 未勝利 3000 稍重
ℹ️ [スキップ/エラーではありません] 平均タイムの該当データなし（サンプル不足）: 中山 障害 未勝利 2880 良
ℹ️ [スキップ/エラーではありません] 平均タイムの該当データなし（サンプル不足）: 新潟 障害 未勝利 2890 稍重
ℹ️ [スキップ/エラーではありません] 平均タイムの該当データなし（サンプル不足）: 中山 障害 未勝利 2880 良
ℹ️ [スキップ/エラーではありません] 平均タイムの該当データなし（サンプル不足）: 中山 障害 未勝利 2880 良
ℹ️ [スキップ/エラーではありません] 平均タイムの該当データなし（サンプル不足）: 新潟 障害 未勝利 2890 稍重
ℹ️ [スキップ/エラーではありません] 平均タイムの該当データなし（サンプル不足）: 中山 障害 未勝利 2880 良
ℹ️ [スキップ/エラーではありません] 平均タイムの該当データなし（サンプル不足）: 中山 障害 未勝利 2880 良
ℹ️ [スキップ/エラーではありません] 平均タイムの該当データなし（サンプル不足）: 中山 障害 未勝利 2880 稍重
ℹ️ [スキップ/エラーではありません] 平均タイムの該当データなし（サンプル不足）: 中山 障害 未勝利 2880 良
ℹ️ [スキップ/エラーではありません] 平均タイムの該当データなし（サンプル不足）: 中山 障害 未勝利 2880 良
ℹ️ [スキップ/エラーではありません] 平均タイムの該当データなし（サンプル不足）: 新潟 障害 未勝利 2890 稍重
ℹ️ [スキップ/エラーではありません] 平均タイムの該当データなし（サンプル不足）: 中山 障害 未勝利 2880 重
ℹ️ [スキップ/エラーではありません] 平均タイムの該当データなし（サンプル不足）: 中山 障害 未勝利 2880 良
ℹ️ [スキップ/エラーではありません] 平均タイムの該当データなし（サンプル不足）: 中山 障害 未勝利 2880 稍重
ℹ️ [スキップ/エラーではありません] 平均タイムの該当データなし（サンプル不足）: 福島 障害 未勝利 2770 良
ℹ️ [スキップ/エラーではありません] 平均タイムの該当データなし（サンプル不足）: 東京 ダート 新馬 1400 不
ℹ️ [スキップ/エラーではありません] 平均タイムの該当データなし（サンプル不足）: 東京 ダート 未勝利 1600 不
ℹ️ [スキップ/エラーではありません] 平均タイムの該当データなし（サンプル不足）: 中山 ダート 未勝利 1800 不
ℹ️ [スキップ/エラーではありません] 平均タイムの該当データなし（サンプル不足）: 中山 ダート 未勝利 1800 不
ℹ️ [スキップ/エラーではありません] 平均タイムの該当データなし（サンプル不足）: 中山 ダート 未勝利 1800 不
ℹ️ [スキップ/エラーではありません] 平均タイムの該当データなし（サンプル不足）: 小倉 障害 オープン 3390 良
ℹ️ [スキップ/エラーではありません] 平均タイムの該当データなし（サンプル不足）: 中山 障害 オープン 3570 良
ℹ️ [スキップ/エラーではありません] 平均タイムの該当データなし（サンプル不足）: 新潟 障害 オープン 3250 稍重
ℹ️ [スキップ/エラーではありません] 平均タイムの該当データなし（サンプル不足）: 小倉 障害 未勝利 2860 稍重
ℹ️ [スキップ/エラーではありません] 平均タイムの該当データなし（サンプル不足）: 小倉 障害 未勝利 2860 稍重
ℹ️ [スキップ/エラーではありません] 平均タイムの該当データなし（サンプル不足）: 京都 ダート 1勝クラス 1400 不
ℹ️ [スキップ/エラーではありません] 平均タイムの該当データなし（サンプル不足）: 中山 ダート 2勝クラス 1200 不
ℹ️ [スキップ/エラーではありません] 平均タイムの該当データなし（サンプル不足）: 京都 ダート 1勝クラス 1400 不
ℹ️ [スキップ/エラーではありません] 平均タイムの該当データなし（サンプル不足）: 京都 ダート 未勝利 1200 不
ℹ️ [スキップ/エラーではありません] 平均タイムの該当データなし（サンプル不足）: 京都 ダート 3勝クラス 1800 不
出馬表再生成: 20260627
ℹ️ [スキップ/エラーではありません] 指定日に開催なし: 20260627 01_sapporo
ℹ️ [スキップ/エラーではありません] 指定日に開催なし: 20260627 04_nigata
ℹ️ [スキップ/エラーではありません] 指定日に開催なし: 20260627 05_tokyo
ℹ️ [スキップ/エラーではありません] 指定日に開催なし: 20260627 06_nakayama
ℹ️ [スキップ/エラーではありません] 指定日に開催なし: 20260627 07_chukyo
ℹ️ [スキップ/エラーではありません] 指定日に開催なし: 20260627 08_kyoto
ℹ️ [スキップ/エラーではありません] 指定日に開催なし: 20260627 09_hanshin
ℹ️ [スキップ/エラーではありません] 平均タイムの該当データなし（サンプル不足）: 新潟 ダート 未勝利 1200 不
ℹ️ [スキップ/エラーではありません] 平均タイムの該当データなし（サンプル不足）: 中山 ダート 1勝クラス 1200 不
ℹ️ [スキップ/エラーではありません] 平均タイムの該当データなし（サンプル不足）: 京都 ダート 未勝利 1200 不
ℹ️ [スキップ/エラーではありません] 平均タイムの該当データなし（サンプル不足）: 東京 ダート 1勝クラス 1600 不
ℹ️ [スキップ/エラーではありません] 平均タイムの該当データなし（サンプル不足）: 京都 ダート 未勝利 1200 不
ℹ️ [スキップ/エラーではありません] 平均タイムの該当データなし（サンプル不足）: 阪神 障害 未勝利 2970 良
ℹ️ [スキップ/エラーではありません] 平均タイムの該当データなし（サンプル不足）: 中山 障害 未勝利 2880 良
ℹ️ [スキップ/エラーではありません] 平均タイムの該当データなし（サンプル不足）: 小倉 障害 未勝利 2860 稍重
ℹ️ [スキップ/エラーではありません] 平均タイムの該当データなし（サンプル不足）: 小倉 障害 未勝利 2860 良
ℹ️ [スキップ/エラーではありません] 平均タイムの該当データなし（サンプル不足）: 福島 障害 未勝利 2770 良
ℹ️ [スキップ/エラーではありません] 平均タイムの該当データなし（サンプル不足）: 新潟 障害 未勝利 2890 稍重
ℹ️ [スキップ/エラーではありません] 平均タイムの該当データなし（サンプル不足）: 中山 障害 未勝利 2880 良
ℹ️ [スキップ/エラーではありません] 平均タイムの該当データなし（サンプル不足）: 中山 障害 未勝利 2880 良
ℹ️ [スキップ/エラーではありません] 平均タイムの該当データなし（サンプル不足）: 京都 障害 未勝利 2910 良
ℹ️ [スキップ/エラーではありません] 平均タイムの該当データなし（サンプル不足）: 京都 障害 未勝利 2910 稍重
ℹ️ [スキップ/エラーではありません] 平均タイムの該当データなし（サンプル不足）: 新潟 障害 未勝利 2890 重
ℹ️ [スキップ/エラーではありません] 平均タイムの該当データなし（サンプル不足）: 中山 障害 未勝利 2880 良
ℹ️ [スキップ/エラーではありません] 平均タイムの該当データなし（サンプル不足）: 小倉 障害 未勝利 2860 良
ℹ️ [スキップ/エラーではありません] 平均タイムの該当データなし（サンプル不足）: 中山 障害 未勝利 2880 良
ℹ️ [スキップ/エラーではありません] 平均タイムの該当データなし（サンプル不足）: 阪神 障害 未勝利 2970 良
ℹ️ [スキップ/エラーではありません] 平均タイムの該当データなし（サンプル不足）: 阪神 障害 未勝利 2970 良
ℹ️ [スキップ/エラーではありません] 平均タイムの該当データなし（サンプル不足）: 小倉 障害 未勝利 2860 稍重
ℹ️ [スキップ/エラーではありません] 平均タイムの該当データなし（サンプル不足）: 新潟 障害 未勝利 2890 良
ℹ️ [スキップ/エラーではありません] 平均タイムの該当データなし（サンプル不足）: 東京 ダート 未勝利 1600 不
ℹ️ [スキップ/エラーではありません] 平均タイムの該当データなし（サンプル不足）: 中山 障害 未勝利 2880 良
ℹ️ [スキップ/エラーではありません] 平均タイムの該当データなし（サンプル不足）: 小倉 障害 未勝利 2860 良
ℹ️ [スキップ/エラーではありません] 平均タイムの該当データなし（サンプル不足）: 東京 障害 未勝利 3000 良
ℹ️ [スキップ/エラーではありません] 平均タイムの該当データなし（サンプル不足）: 中山 障害 未勝利 2880 良
ℹ️ [スキップ/エラーではありません] 平均タイムの該当データなし（サンプル不足）: 阪神 障害 未勝利 2970 良
ℹ️ [スキップ/エラーではありません] 平均タイムの該当データなし（サンプル不足）: 阪神 障害 未勝利 2970 良
ℹ️ [スキップ/エラーではありません] 平均タイムの該当データなし（サンプル不足）: 小倉 障害 未勝利 2860 稍重
ℹ️ [スキップ/エラーではありません] 平均タイムの該当データなし（サンプル不足）: 中山 障害 未勝利 2880 良
ℹ️ [スキップ/エラーではありません] 平均タイムの該当データなし（サンプル不足）: 東京 障害 未勝利 3000 稍重
ℹ️ [スキップ/エラーではありません] 平均タイムの該当データなし（サンプル不足）: 東京 障害 未勝利 3000 良
ℹ️ [スキップ/エラーではありません] 平均タイムの該当データなし（サンプル不足）: 新潟 障害 未勝利 2890 良
ℹ️ [スキップ/エラーではありません] 平均タイムの該当データなし（サンプル不足）: 新潟 障害 未勝利 2890 良
ℹ️ [スキップ/エラーではありません] 平均タイムの該当データなし（サンプル不足）: 新潟 障害 未勝利 2890 良
ℹ️ [スキップ/エラーではありません] 平均タイムの該当データなし（サンプル不足）: 中山 障害 未勝利 2880 良
ℹ️ [スキップ/エラーではありません] 平均タイムの該当データなし（サンプル不足）: 小倉 障害 未勝利 2860 良
ℹ️ [スキップ/エラーではありません] 平均タイムの該当データなし（サンプル不足）: 小倉 障害 未勝利 2860 良
ℹ️ [スキップ/エラーではありません] 平均タイムの該当データなし（サンプル不足）: 中山 ダート 未勝利 1800 不
ℹ️ [スキップ/エラーではありません] 平均タイムの該当データなし（サンプル不足）: 中山 ダート 未勝利 1200 不
ℹ️ [スキップ/エラーではありません] 平均タイムの該当データなし（サンプル不足）: 新潟 障害 オープン 3290 稍重
ℹ️ [スキップ/エラーではありません] 平均タイムの該当データなし（サンプル不足）: 新潟 障害 オープン 2890 重
ℹ️ [スキップ/エラーではありません] 平均タイムの該当データなし（サンプル不足）: 小倉 障害 未勝利 2860 良
ℹ️ [スキップ/エラーではありません] 平均タイムの該当データなし（サンプル不足）: 新潟 障害 未勝利 2890 稍重
ℹ️ [スキップ/エラーではありません] 平均タイムの該当データなし（サンプル不足）: 中山 障害 未勝利 2880 良
ℹ️ [スキップ/エラーではありません] 平均タイムの該当データなし（サンプル不足）: 小倉 障害 未勝利 2860 良
ℹ️ [スキップ/エラーではありません] 平均タイムの該当データなし（サンプル不足）: 中山 障害 未勝利 2880 重
ℹ️ [スキップ/エラーではありません] 平均タイムの該当データなし（サンプル不足）: 京都 障害 未勝利 2910 良
ℹ️ [スキップ/エラーではありません] 平均タイムの該当データなし（サンプル不足）: 中山 障害 未勝利 2880 良
ℹ️ [スキップ/エラーではありません] 平均タイムの該当データなし（サンプル不足）: 中山 障害 未勝利 2880 良
ℹ️ [スキップ/エラーではありません] 平均タイムの該当データなし（サンプル不足）: 小倉 障害 未勝利 2860 稍重
ℹ️ [スキップ/エラーではありません] 平均タイムの該当データなし（サンプル不足）: 京都 障害 オープン 3170 良
ℹ️ [スキップ/エラーではありません] 平均タイムの該当データなし（サンプル不足）: 阪神 障害 オープン 3900 良
ℹ️ [スキップ/エラーではありません] 平均タイムの該当データなし（サンプル不足）: 中山 障害 オープン 3570 良
ℹ️ [スキップ/エラーではありません] 平均タイムの該当データなし（サンプル不足）: 中京 障害 オープン 3300 良
ℹ️ [スキップ/エラーではありません] 平均タイムの該当データなし（サンプル不足）: 阪神 障害 オープン 3110 良
ℹ️ [スキップ/エラーではありません] 平均タイムの該当データなし（サンプル不足）: 中山 障害 オープン 3200 稍重
ℹ️ [スキップ/エラーではありません] 平均タイムの該当データなし（サンプル不足）: 小倉 障害 オープン 2860 稍重
ℹ️ [スキップ/エラーではありません] 平均タイムの該当データなし（サンプル不足）: 阪神 障害 オープン 3110 良
ℹ️ [スキップ/エラーではありません] 平均タイムの該当データなし（サンプル不足）: 新潟 障害 オープン 3250 良
ℹ️ [スキップ/エラーではありません] 平均タイムの該当データなし（サンプル不足）: 新潟 障害 オープン 2890 重
ℹ️ [スキップ/エラーではありません] 平均タイムの該当データなし（サンプル不足）: 小倉 障害 未勝利 2860 良
ℹ️ [スキップ/エラーではありません] 平均タイムの該当データなし（サンプル不足）: 小倉 障害 未勝利 2860 良
ℹ️ [スキップ/エラーではありません] 平均タイムの該当データなし（サンプル不足）: 福島 障害 未勝利 2770 良
ℹ️ [スキップ/エラーではありません] 平均タイムの該当データなし（サンプル不足）: 新潟 障害 オープン 2890 重
ℹ️ [スキップ/エラーではありません] 平均タイムの該当データなし（サンプル不足）: 小倉 障害 オープン 2860 良
ℹ️ [スキップ/エラーではありません] 平均タイムの該当データなし（サンプル不足）: 福島 障害 未勝利 2750 良
ℹ️ [スキップ/エラーではありません] 平均タイムの該当データなし（サンプル不足）: 東京 障害 未勝利 3000 良
ℹ️ [スキップ/エラーではありません] 平均タイムの該当データなし（サンプル不足）: 新潟 障害 未勝利 2890 良
ℹ️ [スキップ/エラーではありません] 平均タイムの該当データなし（サンプル不足）: 小倉 障害 未勝利 2860 稍重
ℹ️ [スキップ/エラーではありません] 平均タイムの該当データなし（サンプル不足）: 小倉 障害 未勝利 2860 良
ℹ️ [スキップ/エラーではありません] 平均タイムの該当データなし（サンプル不足）: 新潟 障害 オープン 2890 重
ℹ️ [スキップ/エラーではありません] 平均タイムの該当データなし（サンプル不足）: 中山 障害 オープン 3200 重
ℹ️ [スキップ/エラーではありません] 平均タイムの該当データなし（サンプル不足）: 阪神 障害 オープン 3110 良
ℹ️ [スキップ/エラーではありません] 平均タイムの該当データなし（サンプル不足）: 福島 障害 オープン 3380 良
ℹ️ [スキップ/エラーではありません] 平均タイムの該当データなし（サンプル不足）: 中京 障害 未勝利 3000 良
ℹ️ [スキップ/エラーではありません] 平均タイムの該当データなし（サンプル不足）: 新潟 障害 オープン 2890 稍重
ℹ️ [スキップ/エラーではありません] 平均タイムの該当データなし（サンプル不足）: 小倉 障害 オープン 2860 稍重
ℹ️ [スキップ/エラーではありません] 平均タイムの該当データなし（サンプル不足）: 福島 障害 オープン 3380 良
ℹ️ [スキップ/エラーではありません] 平均タイムの該当データなし（サンプル不足）: 福島 障害 未勝利 2750 良
ℹ️ [スキップ/エラーではありません] 平均タイムの該当データなし（サンプル不足）: 中山 ダート 未勝利 1200 不
ℹ️ [スキップ/エラーではありません] 平均タイムの該当データなし（サンプル不足）: 小倉 障害 未勝利 2860 良
ℹ️ [スキップ/エラーではありません] 平均タイムの該当データなし（サンプル不足）: 小倉 障害 未勝利 2860 良
ℹ️ [スキップ/エラーではありません] 平均タイムの該当データなし（サンプル不足）: 京都 ダート 未勝利 1200 不
ℹ️ [スキップ/エラーではありません] 平均タイムの該当データなし（サンプル不足）: 東京 ダート 1勝クラス 1600 不
ℹ️ [スキップ/エラーではありません] 平均タイムの該当データなし（サンプル不足）: 京都 芝 1勝クラス 2000 不
ℹ️ [スキップ/エラーではありません] 平均タイムの該当データなし（サンプル不足）: 小倉 ダート 1勝クラス 1000 不
ℹ️ [スキップ/エラーではありません] 平均タイムの該当データなし（サンプル不足）: 新潟 障害 未勝利 2890 重
ℹ️ [スキップ/エラーではありません] 平均タイムの該当データなし（サンプル不足）: 阪神 障害 未勝利 2970 良
ℹ️ [スキップ/エラーではありません] 平均タイムの該当データなし（サンプル不足）: 小倉 障害 未勝利 2860 良
ℹ️ [スキップ/エラーではありません] 平均タイムの該当データなし（サンプル不足）: 京都 障害 未勝利 2910 良
ℹ️ [スキップ/エラーではありません] 平均タイムの該当データなし（サンプル不足）: 阪神 障害 未勝利 2970 良
出馬表再生成: 20260628
ℹ️ [スキップ/エラーではありません] 指定日に開催なし: 20260628 01_sapporo
ℹ️ [スキップ/エラーではありません] 指定日に開催なし: 20260628 04_nigata
ℹ️ [スキップ/エラーではありません] 指定日に開催なし: 20260628 05_tokyo
ℹ️ [スキップ/エラーではありません] 指定日に開催なし: 20260628 06_nakayama
ℹ️ [スキップ/エラーではありません] 指定日に開催なし: 20260628 07_chukyo
ℹ️ [スキップ/エラーではありません] 指定日に開催なし: 20260628 08_kyoto
ℹ️ [スキップ/エラーではありません] 指定日に開催なし: 20260628 09_hanshin
❌ [要確認/エラー] 不明な開催場名: 
ℹ️ [スキップ/エラーではありません] 平均タイムの該当データなし（サンプル不足）: 小倉 ダート 未勝利 1700 不
ℹ️ [スキップ/エラーではありません] 平均タイムの該当データなし（サンプル不足）: 京都 ダート 未勝利 1200 不
ℹ️ [スキップ/エラーではありません] 平均タイムの該当データなし（サンプル不足）: 京都 ダート 未勝利 1200 不
ℹ️ [スキップ/エラーではありません] 平均タイムの該当データなし（サンプル不足）: 中山 ダート 未勝利 1800 不
ℹ️ [スキップ/エラーではありません] 平均タイムの該当データなし（サンプル不足）: 小倉 ダート 未勝利 1700 不
ℹ️ [スキップ/エラーではありません] 平均タイムの該当データなし（サンプル不足）: 京都 ダート 1勝クラス 1400 不
ℹ️ [スキップ/エラーではありません] 平均タイムの該当データなし（サンプル不足）: 阪神 障害 未勝利 2970 良
ℹ️ [スキップ/エラーではありません] 平均タイムの該当データなし（サンプル不足）: 札幌 ダート 1勝クラス 1700 不
ℹ️ [スキップ/エラーではありません] 平均タイムの該当データなし（サンプル不足）: 新潟 障害 未勝利 2890 良
ℹ️ [スキップ/エラーではありません] 平均タイムの該当データなし（サンプル不足）: 東京 障害 未勝利 3000 良
ℹ️ [スキップ/エラーではありません] 平均タイムの該当データなし（サンプル不足）: 京都 障害 未勝利 2910 良
ℹ️ [スキップ/エラーではありません] 平均タイムの該当データなし（サンプル不足）: 小倉 障害 未勝利 2860 良
ℹ️ [スキップ/エラーではありません] 平均タイムの該当データなし（サンプル不足）: 中山 障害 未勝利 2880 良
ℹ️ [スキップ/エラーではありません] 平均タイムの該当データなし（サンプル不足）: 中山 障害 未勝利 2880 良
ℹ️ [スキップ/エラーではありません] 平均タイムの該当データなし（サンプル不足）: 京都 障害 未勝利 2910 良
ℹ️ [スキップ/エラーではありません] 平均タイムの該当データなし（サンプル不足）: 中山 障害 未勝利 2880 良
ℹ️ [スキップ/エラーではありません] 平均タイムの該当データなし（サンプル不足）: 新潟 障害 未勝利 2890 良
ℹ️ [スキップ/エラーではありません] 平均タイムの該当データなし（サンプル不足）: 阪神 障害 未勝利 2970 良
ℹ️ [スキップ/エラーではありません] 平均タイムの該当データなし（サンプル不足）: 中山 障害 未勝利 2880 良
ℹ️ [スキップ/エラーではありません] 平均タイムの該当データなし（サンプル不足）: 新潟 障害 未勝利 2890 良
ℹ️ [スキップ/エラーではありません] 平均タイムの該当データなし（サンプル不足）: 小倉 障害 未勝利 2860 良
ℹ️ [スキップ/エラーではありません] 平均タイムの該当データなし（サンプル不足）: 新潟 障害 未勝利 2890 稍重
ℹ️ [スキップ/エラーではありません] 平均タイムの該当データなし（サンプル不足）: 新潟 障害 未勝利 2890 良
ℹ️ [スキップ/エラーではありません] 平均タイムの該当データなし（サンプル不足）: 小倉 障害 未勝利 2860 稍重
ℹ️ [スキップ/エラーではありません] 平均タイムの該当データなし（サンプル不足）: 新潟 障害 未勝利 2850 良
ℹ️ [スキップ/エラーではありません] 平均タイムの該当データなし（サンプル不足）: 新潟 障害 未勝利 2890 稍重
ℹ️ [スキップ/エラーではありません] 平均タイムの該当データなし（サンプル不足）: 中山 障害 未勝利 2880 重
ℹ️ [スキップ/エラーではありません] 平均タイムの該当データなし（サンプル不足）: 阪神 障害 未勝利 2970 良
ℹ️ [スキップ/エラーではありません] 平均タイムの該当データなし（サンプル不足）: 小倉 障害 未勝利 2860 良
ℹ️ [スキップ/エラーではありません] 平均タイムの該当データなし（サンプル不足）: 阪神 障害 未勝利 2970 良
ℹ️ [スキップ/エラーではありません] 平均タイムの該当データなし（サンプル不足）: 京都 障害 未勝利 2910 良
ℹ️ [スキップ/エラーではありません] 平均タイムの該当データなし（サンプル不足）: 新潟 障害 未勝利 2890 良
ℹ️ [スキップ/エラーではありません] 平均タイムの該当データなし（サンプル不足）: 小倉 障害 未勝利 2860 良
ℹ️ [スキップ/エラーではありません] 平均タイムの該当データなし（サンプル不足）: 小倉 障害 未勝利 2860 稍重
ℹ️ [スキップ/エラーではありません] 平均タイムの該当データなし（サンプル不足）: 中山 障害 未勝利 2880 良
ℹ️ [スキップ/エラーではありません] 平均タイムの該当データなし（サンプル不足）: 福島 障害 未勝利 2750 良
ℹ️ [スキップ/エラーではありません] 平均タイムの該当データなし（サンプル不足）: 京都 障害 未勝利 2910 良
ℹ️ [スキップ/エラーではありません] 平均タイムの該当データなし（サンプル不足）: 阪神 障害 未勝利 2970 良
ℹ️ [スキップ/エラーではありません] 平均タイムの該当データなし（サンプル不足）: 小倉 障害 未勝利 2860 稍重
ℹ️ [スキップ/エラーではありません] 平均タイムの該当データなし（サンプル不足）: 福島 障害 未勝利 2750 良
ℹ️ [スキップ/エラーではありません] 平均タイムの該当データなし（サンプル不足）: 中京 障害 未勝利 3000 良
ℹ️ [スキップ/エラーではありません] 平均タイムの該当データなし（サンプル不足）: 福島 障害 未勝利 2770 良
ℹ️ [スキップ/エラーではありません] 平均タイムの該当データなし（サンプル不足）: 新潟 障害 未勝利 2890 重
ℹ️ [スキップ/エラーではありません] 平均タイムの該当データなし（サンプル不足）: 新潟 障害 未勝利 2890 良
ℹ️ [スキップ/エラーではありません] 平均タイムの該当データなし（サンプル不足）: 阪神 障害 未勝利 2970 良
ℹ️ [スキップ/エラーではありません] 平均タイムの該当データなし（サンプル不足）: 小倉 障害 未勝利 2860 良
ℹ️ [スキップ/エラーではありません] 平均タイムの該当データなし（サンプル不足）: 新潟 障害 未勝利 2890 良
ℹ️ [スキップ/エラーではありません] 平均タイムの該当データなし（サンプル不足）: 小倉 障害 未勝利 2860 稍重
ℹ️ [スキップ/エラーではありません] 平均タイムの該当データなし（サンプル不足）: 中山 ダート 未勝利 1800 不
ℹ️ [スキップ/エラーではありません] 平均タイムの該当データなし（サンプル不足）: 中山 ダート 未勝利 1200 不
ℹ️ [スキップ/エラーではありません] 平均タイムの該当データなし（サンプル不足）: 東京 ダート 新馬 1400 不
❌ [要確認/エラー] 不明な開催場名: 
ℹ️ [スキップ/エラーではありません] 平均タイムの該当データなし（サンプル不足）: 札幌 ダート 未勝利 1700 不
❌ [要確認/エラー] シャロン のレポート作成に失敗: 'NoneType' object is not subscriptable
ℹ️ [スキップ/エラーではありません] 平均タイムの該当データなし（サンプル不足）: 新潟 ダート 未勝利 1200 不
ℹ️ [スキップ/エラーではありません] 平均タイムの該当データなし（サンプル不足）: 小倉 ダート 1勝クラス 1000 不
ℹ️ [スキップ/エラーではありません] 平均タイムの該当データなし（サンプル不足）: 小倉 障害 未勝利 2860 良
ℹ️ [スキップ/エラーではありません] 平均タイムの該当データなし（サンプル不足）: 小倉 障害 未勝利 2860 良
出馬表完了
