Traceback (most recent call last):
  File "c:\keiba_ai\keiba_ai_ver3.0\scripts\train_v5_models.py", line 174, in train_all_courses
    race_data[_NUM_COLS] = race_data[_NUM_COLS].fillna(-1)
    ~~~~~~~~~^^^^^^^^^^^
  File "C:\Users\tai-r\AppData\Local\Packages\PythonSoftwareFoundation.Python.3.11_qbz5n2kfra8p0\LocalCache\local-packages\Python311\site-packages\pandas\core\frame.py", line 4079, in __setitem__
    self._setitem_array(key, value)
  File "C:\Users\tai-r\AppData\Local\Packages\PythonSoftwareFoundation.Python.3.11_qbz5n2kfra8p0\LocalCache\local-packages\Python311\site-packages\pandas\core\frame.py", line 4123, in _setitem_array
    self[k1] = value[k2]
    ~~~~^^^^
  File "C:\Users\tai-r\AppData\Local\Packages\PythonSoftwareFoundation.Python.3.11_qbz5n2kfra8p0\LocalCache\local-packages\Python311\site-packages\pandas\core\frame.py", line 4081, in __setitem__
    self._set_item_frame_value(key, value)
  File "C:\Users\tai-r\AppData\Local\Packages\PythonSoftwareFoundation.Python.3.11_qbz5n2kfra8p0\LocalCache\local-packages\Python311\site-packages\pandas\core\frame.py", line 4209, in _set_item_frame_value
    raise ValueError("Columns must be same length as key")
ValueError: Columns must be same length as key
Traceback (most recent call last):
  File "c:\keiba_ai\keiba_ai_ver3.0\scripts\train_v5_models.py", line 174, in train_all_courses
    race_data[_NUM_COLS] = race_data[_NUM_COLS].fillna(-1)
    ~~~~~~~~~^^^^^^^^^^^
  File "C:\Users\tai-r\AppData\Local\Packages\PythonSoftwareFoundation.Python.3.11_qbz5n2kfra8p0\LocalCache\local-packages\Python311\site-packages\pandas\core\frame.py", line 4079, in __setitem__
    self._setitem_array(key, value)
  File "C:\Users\tai-r\AppData\Local\Packages\PythonSoftwareFoundation.Python.3.11_qbz5n2kfra8p0\LocalCache\local-packages\Python311\site-packages\pandas\core\frame.py", line 4123, in _setitem_array
    self[k1] = value[k2]
    ~~~~^^^^
  File "C:\Users\tai-r\AppData\Local\Packages\PythonSoftwareFoundation.Python.3.11_qbz5n2kfra8p0\LocalCache\local-packages\Python311\site-packages\pandas\core\frame.py", line 4081, in __setitem__
    self._set_item_frame_value(key, value)
  File "C:\Users\tai-r\AppData\Local\Packages\PythonSoftwareFoundation.Python.3.11_qbz5n2kfra8p0\LocalCache\local-packages\Python311\site-packages\pandas\core\frame.py", line 4209, in _set_item_frame_value
    raise ValueError("Columns must be same length as key")
ValueError: Columns must be same length as key
Traceback (most recent call last):
  File "c:\keiba_ai\keiba_ai_ver3.0\scripts\train_v5_models.py", line 174, in train_all_courses
    race_data[_NUM_COLS] = race_data[_NUM_COLS].fillna(-1)
    ~~~~~~~~~^^^^^^^^^^^
  File "C:\Users\tai-r\AppData\Local\Packages\PythonSoftwareFoundation.Python.3.11_qbz5n2kfra8p0\LocalCache\local-packages\Python311\site-packages\pandas\core\frame.py", line 4079, in __setitem__
    self._setitem_array(key, value)
  File "C:\Users\tai-r\AppData\Local\Packages\PythonSoftwareFoundation.Python.3.11_qbz5n2kfra8p0\LocalCache\local-packages\Python311\site-packages\pandas\core\frame.py", line 4123, in _setitem_array
    self[k1] = value[k2]
    ~~~~^^^^
  File "C:\Users\tai-r\AppData\Local\Packages\PythonSoftwareFoundation.Python.3.11_qbz5n2kfra8p0\LocalCache\local-packages\Python311\site-packages\pandas\core\frame.py", line 4081, in __setitem__
    self._set_item_frame_value(key, value)
  File "C:\Users\tai-r\AppData\Local\Packages\PythonSoftwareFoundation.Python.3.11_qbz5n2kfra8p0\LocalCache\local-packages\Python311\site-packages\pandas\core\frame.py", line 4209, in _set_item_frame_value
    raise ValueError("Columns must be same length as key")
ValueError: Columns must be same length as key
Traceback (most recent call last):
  File "c:\keiba_ai\keiba_ai_ver3.0\scripts\train_v5_models.py", line 174, in train_all_courses
    race_data[_NUM_COLS] = race_data[_NUM_COLS].fillna(-1)
    ~~~~~~~~~^^^^^^^^^^^
  File "C:\Users\tai-r\AppData\Local\Packages\PythonSoftwareFoundation.Python.3.11_qbz5n2kfra8p0\LocalCache\local-packages\Python311\site-packages\pandas\core\frame.py", line 4079, in __setitem__
    self._setitem_array(key, value)
  File "C:\Users\tai-r\AppData\Local\Packages\PythonSoftwareFoundation.Python.3.11_qbz5n2kfra8p0\LocalCache\local-packages\Python311\site-packages\pandas\core\frame.py", line 4123, in _setitem_array
    self[k1] = value[k2]
    ~~~~^^^^
  File "C:\Users\tai-r\AppData\Local\Packages\PythonSoftwareFoundation.Python.3.11_qbz5n2kfra8p0\LocalCache\local-packages\Python311\site-packages\pandas\core\frame.py", line 4081, in __setitem__
    self._set_item_frame_value(key, value)
  File "C:\Users\tai-r\AppData\Local\Packages\PythonSoftwareFoundation.Python.3.11_qbz5n2kfra8p0\LocalCache\local-packages\Python311\site-packages\pandas\core\frame.py", line 4209, in _set_item_frame_value
    raise ValueError("Columns must be same length as key")
ValueError: Columns must be same length as key
Traceback (most recent call last):
  File "c:\keiba_ai\keiba_ai_ver3.0\scripts\train_v5_models.py", line 174, in train_all_courses
    race_data[_NUM_COLS] = race_data[_NUM_COLS].fillna(-1)
    ~~~~~~~~~^^^^^^^^^^^
  File "C:\Users\tai-r\AppData\Local\Packages\PythonSoftwareFoundation.Python.3.11_qbz5n2kfra8p0\LocalCache\local-packages\Python311\site-packages\pandas\core\frame.py", line 4079, in __setitem__
    self._setitem_array(key, value)
  File "C:\Users\tai-r\AppData\Local\Packages\PythonSoftwareFoundation.Python.3.11_qbz5n2kfra8p0\LocalCache\local-packages\Python311\site-packages\pandas\core\frame.py", line 4123, in _setitem_array
    self[k1] = value[k2]
    ~~~~^^^^
  File "C:\Users\tai-r\AppData\Local\Packages\PythonSoftwareFoundation.Python.3.11_qbz5n2kfra8p0\LocalCache\local-packages\Python311\site-packages\pandas\core\frame.py", line 4081, in __setitem__
    self._set_item_frame_value(key, value)
  File "C:\Users\tai-r\AppData\Local\Packages\PythonSoftwareFoundation.Python.3.11_qbz5n2kfra8p0\LocalCache\local-packages\Python311\site-packages\pandas\core\frame.py", line 4209, in _set_item_frame_value
    raise ValueError("Columns must be same length as key")
ValueError: Columns must be same length as key
Traceback (most recent call last):
  File "c:\keiba_ai\keiba_ai_ver3.0\scripts\train_v5_models.py", line 174, in train_all_courses
    race_data[_NUM_COLS] = race_data[_NUM_COLS].fillna(-1)
    ~~~~~~~~~^^^^^^^^^^^
  File "C:\Users\tai-r\AppData\Local\Packages\PythonSoftwareFoundation.Python.3.11_qbz5n2kfra8p0\LocalCache\local-packages\Python311\site-packages\pandas\core\frame.py", line 4079, in __setitem__
    self._setitem_array(key, value)
  File "C:\Users\tai-r\AppData\Local\Packages\PythonSoftwareFoundation.Python.3.11_qbz5n2kfra8p0\LocalCache\local-packages\Python311\site-packages\pandas\core\frame.py", line 4123, in _setitem_array
    self[k1] = value[k2]
    ~~~~^^^^
  File "C:\Users\tai-r\AppData\Local\Packages\PythonSoftwareFoundation.Python.3.11_qbz5n2kfra8p0\LocalCache\local-packages\Python311\site-packages\pandas\core\frame.py", line 4081, in __setitem__
    self._set_item_frame_value(key, value)
  File "C:\Users\tai-r\AppData\Local\Packages\PythonSoftwareFoundation.Python.3.11_qbz5n2kfra8p0\LocalCache\local-packages\Python311\site-packages\pandas\core\frame.py", line 4209, in _set_item_frame_value
    raise ValueError("Columns must be same length as key")
ValueError: Columns must be same length as key
Traceback (most recent call last):
  File "c:\keiba_ai\keiba_ai_ver3.0\scripts\train_v5_models.py", line 174, in train_all_courses
    race_data[_NUM_COLS] = race_data[_NUM_COLS].fillna(-1)
    ~~~~~~~~~^^^^^^^^^^^
  File "C:\Users\tai-r\AppData\Local\Packages\PythonSoftwareFoundation.Python.3.11_qbz5n2kfra8p0\LocalCache\local-packages\Python311\site-packages\pandas\core\frame.py", line 4079, in __setitem__
    self._setitem_array(key, value)
  File "C:\Users\tai-r\AppData\Local\Packages\PythonSoftwareFoundation.Python.3.11_qbz5n2kfra8p0\LocalCache\local-packages\Python311\site-packages\pandas\core\frame.py", line 4123, in _setitem_array
    self[k1] = value[k2]
    ~~~~^^^^
  File "C:\Users\tai-r\AppData\Local\Packages\PythonSoftwareFoundation.Python.3.11_qbz5n2kfra8p0\LocalCache\local-packages\Python311\site-packages\pandas\core\frame.py", line 4081, in __setitem__
    self._set_item_frame_value(key, value)
  File "C:\Users\tai-r\AppData\Local\Packages\PythonSoftwareFoundation.Python.3.11_qbz5n2kfra8p0\LocalCache\local-packages\Python311\site-packages\pandas\core\frame.py", line 4209, in _set_item_frame_value
    raise ValueError("Columns must be same length as key")
ValueError: Columns must be same length as key
Traceback (most recent call last):
  File "c:\keiba_ai\keiba_ai_ver3.0\scripts\train_v5_models.py", line 174, in train_all_courses
    race_data[_NUM_COLS] = race_data[_NUM_COLS].fillna(-1)
    ~~~~~~~~~^^^^^^^^^^^
  File "C:\Users\tai-r\AppData\Local\Packages\PythonSoftwareFoundation.Python.3.11_qbz5n2kfra8p0\LocalCache\local-packages\Python311\site-packages\pandas\core\frame.py", line 4079, in __setitem__
    self._setitem_array(key, value)
  File "C:\Users\tai-r\AppData\Local\Packages\PythonSoftwareFoundation.Python.3.11_qbz5n2kfra8p0\LocalCache\local-packages\Python311\site-packages\pandas\core\frame.py", line 4123, in _setitem_array
    self[k1] = value[k2]
    ~~~~^^^^
  File "C:\Users\tai-r\AppData\Local\Packages\PythonSoftwareFoundation.Python.3.11_qbz5n2kfra8p0\LocalCache\local-packages\Python311\site-packages\pandas\core\frame.py", line 4081, in __setitem__
    self._set_item_frame_value(key, value)
  File "C:\Users\tai-r\AppData\Local\Packages\PythonSoftwareFoundation.Python.3.11_qbz5n2kfra8p0\LocalCache\local-packages\Python311\site-packages\pandas\core\frame.py", line 4209, in _set_item_frame_value
    raise ValueError("Columns must be same length as key")
ValueError: Columns must be same length as key
Traceback (most recent call last):
  File "c:\keiba_ai\keiba_ai_ver3.0\scripts\train_v5_models.py", line 174, in train_all_courses
    race_data[_NUM_COLS] = race_data[_NUM_COLS].fillna(-1)
    ~~~~~~~~~^^^^^^^^^^^
  File "C:\Users\tai-r\AppData\Local\Packages\PythonSoftwareFoundation.Python.3.11_qbz5n2kfra8p0\LocalCache\local-packages\Python311\site-packages\pandas\core\frame.py", line 4079, in __setitem__
    self._setitem_array(key, value)
  File "C:\Users\tai-r\AppData\Local\Packages\PythonSoftwareFoundation.Python.3.11_qbz5n2kfra8p0\LocalCache\local-packages\Python311\site-packages\pandas\core\frame.py", line 4123, in _setitem_array
    self[k1] = value[k2]
    ~~~~^^^^
  File "C:\Users\tai-r\AppData\Local\Packages\PythonSoftwareFoundation.Python.3.11_qbz5n2kfra8p0\LocalCache\local-packages\Python311\site-packages\pandas\core\frame.py", line 4081, in __setitem__
    self._set_item_frame_value(key, value)
  File "C:\Users\tai-r\AppData\Local\Packages\PythonSoftwareFoundation.Python.3.11_qbz5n2kfra8p0\LocalCache\local-packages\Python311\site-packages\pandas\core\frame.py", line 4209, in _set_item_frame_value
    raise ValueError("Columns must be same length as key")
ValueError: Columns must be same length as key
Traceback (most recent call last):
  File "c:\keiba_ai\keiba_ai_ver3.0\scripts\train_v5_models.py", line 174, in train_all_courses
    race_data[_NUM_COLS] = race_data[_NUM_COLS].fillna(-1)
    ~~~~~~~~~^^^^^^^^^^^
  File "C:\Users\tai-r\AppData\Local\Packages\PythonSoftwareFoundation.Python.3.11_qbz5n2kfra8p0\LocalCache\local-packages\Python311\site-packages\pandas\core\frame.py", line 4079, in __setitem__
    self._setitem_array(key, value)
  File "C:\Users\tai-r\AppData\Local\Packages\PythonSoftwareFoundation.Python.3.11_qbz5n2kfra8p0\LocalCache\local-packages\Python311\site-packages\pandas\core\frame.py", line 4123, in _setitem_array
    self[k1] = value[k2]
    ~~~~^^^^
  File "C:\Users\tai-r\AppData\Local\Packages\PythonSoftwareFoundation.Python.3.11_qbz5n2kfra8p0\LocalCache\local-packages\Python311\site-packages\pandas\core\frame.py", line 4081, in __setitem__
    self._set_item_frame_value(key, value)
  File "C:\Users\tai-r\AppData\Local\Packages\PythonSoftwareFoundation.Python.3.11_qbz5n2kfra8p0\LocalCache\local-packages\Python311\site-packages\pandas\core\frame.py", line 4209, in _set_item_frame_value
    raise ValueError("Columns must be same length as key")
ValueError: Columns must be same length as key
Traceback (most recent call last):
  File "c:\keiba_ai\keiba_ai_ver3.0\scripts\train_v5_models.py", line 174, in train_all_courses
    race_data[_NUM_COLS] = race_data[_NUM_COLS].fillna(-1)
    ~~~~~~~~~^^^^^^^^^^^
  File "C:\Users\tai-r\AppData\Local\Packages\PythonSoftwareFoundation.Python.3.11_qbz5n2kfra8p0\LocalCache\local-packages\Python311\site-packages\pandas\core\frame.py", line 4079, in __setitem__
    self._setitem_array(key, value)
  File "C:\Users\tai-r\AppData\Local\Packages\PythonSoftwareFoundation.Python.3.11_qbz5n2kfra8p0\LocalCache\local-packages\Python311\site-packages\pandas\core\frame.py", line 4123, in _setitem_array
    self[k1] = value[k2]
    ~~~~^^^^
  File "C:\Users\tai-r\AppData\Local\Packages\PythonSoftwareFoundation.Python.3.11_qbz5n2kfra8p0\LocalCache\local-packages\Python311\site-packages\pandas\core\frame.py", line 4081, in __setitem__
    self._set_item_frame_value(key, value)
  File "C:\Users\tai-r\AppData\Local\Packages\PythonSoftwareFoundation.Python.3.11_qbz5n2kfra8p0\LocalCache\local-packages\Python311\site-packages\pandas\core\frame.py", line 4209, in _set_item_frame_value
    raise ValueError("Columns must be same length as key")
ValueError: Columns must be same length as key
Traceback (most recent call last):
  File "c:\keiba_ai\keiba_ai_ver3.0\scripts\train_v5_models.py", line 174, in train_all_courses
    race_data[_NUM_COLS] = race_data[_NUM_COLS].fillna(-1)
    ~~~~~~~~~^^^^^^^^^^^
  File "C:\Users\tai-r\AppData\Local\Packages\PythonSoftwareFoundation.Python.3.11_qbz5n2kfra8p0\LocalCache\local-packages\Python311\site-packages\pandas\core\frame.py", line 4079, in __setitem__
    self._setitem_array(key, value)
  File "C:\Users\tai-r\AppData\Local\Packages\PythonSoftwareFoundation.Python.3.11_qbz5n2kfra8p0\LocalCache\local-packages\Python311\site-packages\pandas\core\frame.py", line 4123, in _setitem_array
    self[k1] = value[k2]
    ~~~~^^^^
  File "C:\Users\tai-r\AppData\Local\Packages\PythonSoftwareFoundation.Python.3.11_qbz5n2kfra8p0\LocalCache\local-packages\Python311\site-packages\pandas\core\frame.py", line 4081, in __setitem__
    self._set_item_frame_value(key, value)
  File "C:\Users\tai-r\AppData\Local\Packages\PythonSoftwareFoundation.Python.3.11_qbz5n2kfra8p0\LocalCache\local-packages\Python311\site-packages\pandas\core\frame.py", line 4209, in _set_item_frame_value
    raise ValueError("Columns must be same length as key")
ValueError: Columns must be same length as key
Traceback (most recent call last):
  File "c:\keiba_ai\keiba_ai_ver3.0\scripts\train_v5_models.py", line 174, in train_all_courses
    race_data[_NUM_COLS] = race_data[_NUM_COLS].fillna(-1)
    ~~~~~~~~~^^^^^^^^^^^
  File "C:\Users\tai-r\AppData\Local\Packages\PythonSoftwareFoundation.Python.3.11_qbz5n2kfra8p0\LocalCache\local-packages\Python311\site-packages\pandas\core\frame.py", line 4079, in __setitem__
    self._setitem_array(key, value)
  File "C:\Users\tai-r\AppData\Local\Packages\PythonSoftwareFoundation.Python.3.11_qbz5n2kfra8p0\LocalCache\local-packages\Python311\site-packages\pandas\core\frame.py", line 4123, in _setitem_array
    self[k1] = value[k2]
    ~~~~^^^^
  File "C:\Users\tai-r\AppData\Local\Packages\PythonSoftwareFoundation.Python.3.11_qbz5n2kfra8p0\LocalCache\local-packages\Python311\site-packages\pandas\core\frame.py", line 4081, in __setitem__
    self._set_item_frame_value(key, value)
  File "C:\Users\tai-r\AppData\Local\Packages\PythonSoftwareFoundation.Python.3.11_qbz5n2kfra8p0\LocalCache\local-packages\Python311\site-packages\pandas\core\frame.py", line 4209, in _set_item_frame_value
    raise ValueError("Columns must be same length as key")
ValueError: Columns must be same length as key
Traceback (most recent call last):
  File "c:\keiba_ai\keiba_ai_ver3.0\scripts\train_v5_models.py", line 174, in train_all_courses
    race_data[_NUM_COLS] = race_data[_NUM_COLS].fillna(-1)
    ~~~~~~~~~^^^^^^^^^^^
  File "C:\Users\tai-r\AppData\Local\Packages\PythonSoftwareFoundation.Python.3.11_qbz5n2kfra8p0\LocalCache\local-packages\Python311\site-packages\pandas\core\frame.py", line 4079, in __setitem__
    self._setitem_array(key, value)
  File "C:\Users\tai-r\AppData\Local\Packages\PythonSoftwareFoundation.Python.3.11_qbz5n2kfra8p0\LocalCache\local-packages\Python311\site-packages\pandas\core\frame.py", line 4123, in _setitem_array
    self[k1] = value[k2]
    ~~~~^^^^
  File "C:\Users\tai-r\AppData\Local\Packages\PythonSoftwareFoundation.Python.3.11_qbz5n2kfra8p0\LocalCache\local-packages\Python311\site-packages\pandas\core\frame.py", line 4081, in __setitem__
    self._set_item_frame_value(key, value)
  File "C:\Users\tai-r\AppData\Local\Packages\PythonSoftwareFoundation.Python.3.11_qbz5n2kfra8p0\LocalCache\local-packages\Python311\site-packages\pandas\core\frame.py", line 4209, in _set_item_frame_value
    raise ValueError("Columns must be same length as key")
ValueError: Columns must be same length as key
Traceback (most recent call last):
  File "c:\keiba_ai\keiba_ai_ver3.0\scripts\train_v5_models.py", line 174, in train_all_courses
    race_data[_NUM_COLS] = race_data[_NUM_COLS].fillna(-1)
    ~~~~~~~~~^^^^^^^^^^^
  File "C:\Users\tai-r\AppData\Local\Packages\PythonSoftwareFoundation.Python.3.11_qbz5n2kfra8p0\LocalCache\local-packages\Python311\site-packages\pandas\core\frame.py", line 4079, in __setitem__
    self._setitem_array(key, value)
  File "C:\Users\tai-r\AppData\Local\Packages\PythonSoftwareFoundation.Python.3.11_qbz5n2kfra8p0\LocalCache\local-packages\Python311\site-packages\pandas\core\frame.py", line 4123, in _setitem_array
    self[k1] = value[k2]
    ~~~~^^^^
  File "C:\Users\tai-r\AppData\Local\Packages\PythonSoftwareFoundation.Python.3.11_qbz5n2kfra8p0\LocalCache\local-packages\Python311\site-packages\pandas\core\frame.py", line 4081, in __setitem__
    self._set_item_frame_value(key, value)
  File "C:\Users\tai-r\AppData\Local\Packages\PythonSoftwareFoundation.Python.3.11_qbz5n2kfra8p0\LocalCache\local-packages\Python311\site-packages\pandas\core\frame.py", line 4209, in _set_item_frame_value
    raise ValueError("Columns must be same length as key")
ValueError: Columns must be same length as key
Traceback (most recent call last):
  File "c:\keiba_ai\keiba_ai_ver3.0\scripts\train_v5_models.py", line 174, in train_all_courses
    race_data[_NUM_COLS] = race_data[_NUM_COLS].fillna(-1)
    ~~~~~~~~~^^^^^^^^^^^
  File "C:\Users\tai-r\AppData\Local\Packages\PythonSoftwareFoundation.Python.3.11_qbz5n2kfra8p0\LocalCache\local-packages\Python311\site-packages\pandas\core\frame.py", line 4079, in __setitem__
    self._setitem_array(key, value)
  File "C:\Users\tai-r\AppData\Local\Packages\PythonSoftwareFoundation.Python.3.11_qbz5n2kfra8p0\LocalCache\local-packages\Python311\site-packages\pandas\core\frame.py", line 4123, in _setitem_array
    self[k1] = value[k2]
    ~~~~^^^^
  File "C:\Users\tai-r\AppData\Local\Packages\PythonSoftwareFoundation.Python.3.11_qbz5n2kfra8p0\LocalCache\local-packages\Python311\site-packages\pandas\core\frame.py", line 4081, in __setitem__
    self._set_item_frame_value(key, value)
  File "C:\Users\tai-r\AppData\Local\Packages\PythonSoftwareFoundation.Python.3.11_qbz5n2kfra8p0\LocalCache\local-packages\Python311\site-packages\pandas\core\frame.py", line 4209, in _set_item_frame_value
    raise ValueError("Columns must be same length as key")
ValueError: Columns must be same length as key
Traceback (most recent call last):
  File "c:\keiba_ai\keiba_ai_ver3.0\scripts\train_v5_models.py", line 174, in train_all_courses
    race_data[_NUM_COLS] = race_data[_NUM_COLS].fillna(-1)
    ~~~~~~~~~^^^^^^^^^^^
  File "C:\Users\tai-r\AppData\Local\Packages\PythonSoftwareFoundation.Python.3.11_qbz5n2kfra8p0\LocalCache\local-packages\Python311\site-packages\pandas\core\frame.py", line 4079, in __setitem__
    self._setitem_array(key, value)
  File "C:\Users\tai-r\AppData\Local\Packages\PythonSoftwareFoundation.Python.3.11_qbz5n2kfra8p0\LocalCache\local-packages\Python311\site-packages\pandas\core\frame.py", line 4123, in _setitem_array
    self[k1] = value[k2]
    ~~~~^^^^
  File "C:\Users\tai-r\AppData\Local\Packages\PythonSoftwareFoundation.Python.3.11_qbz5n2kfra8p0\LocalCache\local-packages\Python311\site-packages\pandas\core\frame.py", line 4081, in __setitem__
    self._set_item_frame_value(key, value)
  File "C:\Users\tai-r\AppData\Local\Packages\PythonSoftwareFoundation.Python.3.11_qbz5n2kfra8p0\LocalCache\local-packages\Python311\site-packages\pandas\core\frame.py", line 4209, in _set_item_frame_value
    raise ValueError("Columns must be same length as key")
ValueError: Columns must be same length as key
Traceback (most recent call last):
  File "c:\keiba_ai\keiba_ai_ver3.0\scripts\train_v5_models.py", line 174, in train_all_courses
    race_data[_NUM_COLS] = race_data[_NUM_COLS].fillna(-1)
    ~~~~~~~~~^^^^^^^^^^^
  File "C:\Users\tai-r\AppData\Local\Packages\PythonSoftwareFoundation.Python.3.11_qbz5n2kfra8p0\LocalCache\local-packages\Python311\site-packages\pandas\core\frame.py", line 4079, in __setitem__
    self._setitem_array(key, value)
  File "C:\Users\tai-r\AppData\Local\Packages\PythonSoftwareFoundation.Python.3.11_qbz5n2kfra8p0\LocalCache\local-packages\Python311\site-packages\pandas\core\frame.py", line 4123, in _setitem_array
    self[k1] = value[k2]
    ~~~~^^^^
  File "C:\Users\tai-r\AppData\Local\Packages\PythonSoftwareFoundation.Python.3.11_qbz5n2kfra8p0\LocalCache\local-packages\Python311\site-packages\pandas\core\frame.py", line 4081, in __setitem__
    self._set_item_frame_value(key, value)
  File "C:\Users\tai-r\AppData\Local\Packages\PythonSoftwareFoundation.Python.3.11_qbz5n2kfra8p0\LocalCache\local-packages\Python311\site-packages\pandas\core\frame.py", line 4209, in _set_item_frame_value
    raise ValueError("Columns must be same length as key")
ValueError: Columns must be same length as key
Traceback (most recent call last):
  File "c:\keiba_ai\keiba_ai_ver3.0\scripts\train_v5_models.py", line 174, in train_all_courses
    race_data[_NUM_COLS] = race_data[_NUM_COLS].fillna(-1)
    ~~~~~~~~~^^^^^^^^^^^
  File "C:\Users\tai-r\AppData\Local\Packages\PythonSoftwareFoundation.Python.3.11_qbz5n2kfra8p0\LocalCache\local-packages\Python311\site-packages\pandas\core\frame.py", line 4079, in __setitem__
    self._setitem_array(key, value)
  File "C:\Users\tai-r\AppData\Local\Packages\PythonSoftwareFoundation.Python.3.11_qbz5n2kfra8p0\LocalCache\local-packages\Python311\site-packages\pandas\core\frame.py", line 4123, in _setitem_array
    self[k1] = value[k2]
    ~~~~^^^^
  File "C:\Users\tai-r\AppData\Local\Packages\PythonSoftwareFoundation.Python.3.11_qbz5n2kfra8p0\LocalCache\local-packages\Python311\site-packages\pandas\core\frame.py", line 4081, in __setitem__
    self._set_item_frame_value(key, value)
  File "C:\Users\tai-r\AppData\Local\Packages\PythonSoftwareFoundation.Python.3.11_qbz5n2kfra8p0\LocalCache\local-packages\Python311\site-packages\pandas\core\frame.py", line 4209, in _set_item_frame_value
    raise ValueError("Columns must be same length as key")
ValueError: Columns must be same length as key
Traceback (most recent call last):
  File "c:\keiba_ai\keiba_ai_ver3.0\scripts\train_v5_models.py", line 174, in train_all_courses
    race_data[_NUM_COLS] = race_data[_NUM_COLS].fillna(-1)
    ~~~~~~~~~^^^^^^^^^^^
  File "C:\Users\tai-r\AppData\Local\Packages\PythonSoftwareFoundation.Python.3.11_qbz5n2kfra8p0\LocalCache\local-packages\Python311\site-packages\pandas\core\frame.py", line 4079, in __setitem__
    self._setitem_array(key, value)
  File "C:\Users\tai-r\AppData\Local\Packages\PythonSoftwareFoundation.Python.3.11_qbz5n2kfra8p0\LocalCache\local-packages\Python311\site-packages\pandas\core\frame.py", line 4123, in _setitem_array
    self[k1] = value[k2]
    ~~~~^^^^
  File "C:\Users\tai-r\AppData\Local\Packages\PythonSoftwareFoundation.Python.3.11_qbz5n2kfra8p0\LocalCache\local-packages\Python311\site-packages\pandas\core\frame.py", line 4081, in __setitem__
    self._set_item_frame_value(key, value)
  File "C:\Users\tai-r\AppData\Local\Packages\PythonSoftwareFoundation.Python.3.11_qbz5n2kfra8p0\LocalCache\local-packages\Python311\site-packages\pandas\core\frame.py", line 4209, in _set_item_frame_value
    raise ValueError("Columns must be same length as key")
ValueError: Columns must be same length as key
Traceback (most recent call last):
  File "c:\keiba_ai\keiba_ai_ver3.0\scripts\train_v5_models.py", line 174, in train_all_courses
    race_data[_NUM_COLS] = race_data[_NUM_COLS].fillna(-1)
    ~~~~~~~~~^^^^^^^^^^^
  File "C:\Users\tai-r\AppData\Local\Packages\PythonSoftwareFoundation.Python.3.11_qbz5n2kfra8p0\LocalCache\local-packages\Python311\site-packages\pandas\core\frame.py", line 4079, in __setitem__
    self._setitem_array(key, value)
  File "C:\Users\tai-r\AppData\Local\Packages\PythonSoftwareFoundation.Python.3.11_qbz5n2kfra8p0\LocalCache\local-packages\Python311\site-packages\pandas\core\frame.py", line 4123, in _setitem_array
    self[k1] = value[k2]
    ~~~~^^^^
  File "C:\Users\tai-r\AppData\Local\Packages\PythonSoftwareFoundation.Python.3.11_qbz5n2kfra8p0\LocalCache\local-packages\Python311\site-packages\pandas\core\frame.py", line 4081, in __setitem__
    self._set_item_frame_value(key, value)
  File "C:\Users\tai-r\AppData\Local\Packages\PythonSoftwareFoundation.Python.3.11_qbz5n2kfra8p0\LocalCache\local-packages\Python311\site-packages\pandas\core\frame.py", line 4209, in _set_item_frame_value
    raise ValueError("Columns must be same length as key")
ValueError: Columns must be same length as key
Traceback (most recent call last):
  File "c:\keiba_ai\keiba_ai_ver3.0\scripts\train_v5_models.py", line 174, in train_all_courses
    race_data[_NUM_COLS] = race_data[_NUM_COLS].fillna(-1)
    ~~~~~~~~~^^^^^^^^^^^
  File "C:\Users\tai-r\AppData\Local\Packages\PythonSoftwareFoundation.Python.3.11_qbz5n2kfra8p0\LocalCache\local-packages\Python311\site-packages\pandas\core\frame.py", line 4079, in __setitem__
    self._setitem_array(key, value)
  File "C:\Users\tai-r\AppData\Local\Packages\PythonSoftwareFoundation.Python.3.11_qbz5n2kfra8p0\LocalCache\local-packages\Python311\site-packages\pandas\core\frame.py", line 4123, in _setitem_array
    self[k1] = value[k2]
    ~~~~^^^^
  File "C:\Users\tai-r\AppData\Local\Packages\PythonSoftwareFoundation.Python.3.11_qbz5n2kfra8p0\LocalCache\local-packages\Python311\site-packages\pandas\core\frame.py", line 4081, in __setitem__
    self._set_item_frame_value(key, value)
  File "C:\Users\tai-r\AppData\Local\Packages\PythonSoftwareFoundation.Python.3.11_qbz5n2kfra8p0\LocalCache\local-packages\Python311\site-packages\pandas\core\frame.py", line 4209, in _set_item_frame_value
    raise ValueError("Columns must be same length as key")
ValueError: Columns must be same length as key
Traceback (most recent call last):
  File "c:\keiba_ai\keiba_ai_ver3.0\scripts\train_v5_models.py", line 174, in train_all_courses
    race_data[_NUM_COLS] = race_data[_NUM_COLS].fillna(-1)
    ~~~~~~~~~^^^^^^^^^^^
  File "C:\Users\tai-r\AppData\Local\Packages\PythonSoftwareFoundation.Python.3.11_qbz5n2kfra8p0\LocalCache\local-packages\Python311\site-packages\pandas\core\frame.py", line 4079, in __setitem__
    self._setitem_array(key, value)
  File "C:\Users\tai-r\AppData\Local\Packages\PythonSoftwareFoundation.Python.3.11_qbz5n2kfra8p0\LocalCache\local-packages\Python311\site-packages\pandas\core\frame.py", line 4123, in _setitem_array
    self[k1] = value[k2]
    ~~~~^^^^
  File "C:\Users\tai-r\AppData\Local\Packages\PythonSoftwareFoundation.Python.3.11_qbz5n2kfra8p0\LocalCache\local-packages\Python311\site-packages\pandas\core\frame.py", line 4081, in __setitem__
    self._set_item_frame_value(key, value)
  File "C:\Users\tai-r\AppData\Local\Packages\PythonSoftwareFoundation.Python.3.11_qbz5n2kfra8p0\LocalCache\local-packages\Python311\site-packages\pandas\core\frame.py", line 4209, in _set_item_frame_value
    raise ValueError("Columns must be same length as key")
ValueError: Columns must be same length as key
Traceback (most recent call last):
  File "c:\keiba_ai\keiba_ai_ver3.0\scripts\train_v5_models.py", line 174, in train_all_courses
    race_data[_NUM_COLS] = race_data[_NUM_COLS].fillna(-1)
    ~~~~~~~~~^^^^^^^^^^^
  File "C:\Users\tai-r\AppData\Local\Packages\PythonSoftwareFoundation.Python.3.11_qbz5n2kfra8p0\LocalCache\local-packages\Python311\site-packages\pandas\core\frame.py", line 4079, in __setitem__
    self._setitem_array(key, value)
  File "C:\Users\tai-r\AppData\Local\Packages\PythonSoftwareFoundation.Python.3.11_qbz5n2kfra8p0\LocalCache\local-packages\Python311\site-packages\pandas\core\frame.py", line 4123, in _setitem_array
    self[k1] = value[k2]
    ~~~~^^^^
  File "C:\Users\tai-r\AppData\Local\Packages\PythonSoftwareFoundation.Python.3.11_qbz5n2kfra8p0\LocalCache\local-packages\Python311\site-packages\pandas\core\frame.py", line 4081, in __setitem__
    self._set_item_frame_value(key, value)
  File "C:\Users\tai-r\AppData\Local\Packages\PythonSoftwareFoundation.Python.3.11_qbz5n2kfra8p0\LocalCache\local-packages\Python311\site-packages\pandas\core\frame.py", line 4209, in _set_item_frame_value
    raise ValueError("Columns must be same length as key")
ValueError: Columns must be same length as key
Traceback (most recent call last):
  File "c:\keiba_ai\keiba_ai_ver3.0\scripts\train_v5_models.py", line 174, in train_all_courses
    race_data[_NUM_COLS] = race_data[_NUM_COLS].fillna(-1)
    ~~~~~~~~~^^^^^^^^^^^
  File "C:\Users\tai-r\AppData\Local\Packages\PythonSoftwareFoundation.Python.3.11_qbz5n2kfra8p0\LocalCache\local-packages\Python311\site-packages\pandas\core\frame.py", line 4079, in __setitem__
    self._setitem_array(key, value)
  File "C:\Users\tai-r\AppData\Local\Packages\PythonSoftwareFoundation.Python.3.11_qbz5n2kfra8p0\LocalCache\local-packages\Python311\site-packages\pandas\core\frame.py", line 4123, in _setitem_array
    self[k1] = value[k2]
    ~~~~^^^^
  File "C:\Users\tai-r\AppData\Local\Packages\PythonSoftwareFoundation.Python.3.11_qbz5n2kfra8p0\LocalCache\local-packages\Python311\site-packages\pandas\core\frame.py", line 4081, in __setitem__
    self._set_item_frame_value(key, value)
  File "C:\Users\tai-r\AppData\Local\Packages\PythonSoftwareFoundation.Python.3.11_qbz5n2kfra8p0\LocalCache\local-packages\Python311\site-packages\pandas\core\frame.py", line 4209, in _set_item_frame_value
    raise ValueError("Columns must be same length as key")
ValueError: Columns must be same length as key
Traceback (most recent call last):
  File "c:\keiba_ai\keiba_ai_ver3.0\scripts\train_v5_models.py", line 174, in train_all_courses
    race_data[_NUM_COLS] = race_data[_NUM_COLS].fillna(-1)
    ~~~~~~~~~^^^^^^^^^^^
  File "C:\Users\tai-r\AppData\Local\Packages\PythonSoftwareFoundation.Python.3.11_qbz5n2kfra8p0\LocalCache\local-packages\Python311\site-packages\pandas\core\frame.py", line 4079, in __setitem__
    self._setitem_array(key, value)
  File "C:\Users\tai-r\AppData\Local\Packages\PythonSoftwareFoundation.Python.3.11_qbz5n2kfra8p0\LocalCache\local-packages\Python311\site-packages\pandas\core\frame.py", line 4123, in _setitem_array
    self[k1] = value[k2]
    ~~~~^^^^
  File "C:\Users\tai-r\AppData\Local\Packages\PythonSoftwareFoundation.Python.3.11_qbz5n2kfra8p0\LocalCache\local-packages\Python311\site-packages\pandas\core\frame.py", line 4081, in __setitem__
    self._set_item_frame_value(key, value)
  File "C:\Users\tai-r\AppData\Local\Packages\PythonSoftwareFoundation.Python.3.11_qbz5n2kfra8p0\LocalCache\local-packages\Python311\site-packages\pandas\core\frame.py", line 4209, in _set_item_frame_value
    raise ValueError("Columns must be same length as key")
ValueError: Columns must be same length as key
Traceback (most recent call last):
  File "c:\keiba_ai\keiba_ai_ver3.0\scripts\train_v5_models.py", line 174, in train_all_courses
    race_data[_NUM_COLS] = race_data[_NUM_COLS].fillna(-1)
    ~~~~~~~~~^^^^^^^^^^^
  File "C:\Users\tai-r\AppData\Local\Packages\PythonSoftwareFoundation.Python.3.11_qbz5n2kfra8p0\LocalCache\local-packages\Python311\site-packages\pandas\core\frame.py", line 4079, in __setitem__
    self._setitem_array(key, value)
  File "C:\Users\tai-r\AppData\Local\Packages\PythonSoftwareFoundation.Python.3.11_qbz5n2kfra8p0\LocalCache\local-packages\Python311\site-packages\pandas\core\frame.py", line 4123, in _setitem_array
    self[k1] = value[k2]
    ~~~~^^^^
  File "C:\Users\tai-r\AppData\Local\Packages\PythonSoftwareFoundation.Python.3.11_qbz5n2kfra8p0\LocalCache\local-packages\Python311\site-packages\pandas\core\frame.py", line 4081, in __setitem__
    self._set_item_frame_value(key, value)
  File "C:\Users\tai-r\AppData\Local\Packages\PythonSoftwareFoundation.Python.3.11_qbz5n2kfra8p0\LocalCache\local-packages\Python311\site-packages\pandas\core\frame.py", line 4209, in _set_item_frame_value
    raise ValueError("Columns must be same length as key")
ValueError: Columns must be same length as key
Traceback (most recent call last):
  File "c:\keiba_ai\keiba_ai_ver3.0\scripts\train_v5_models.py", line 174, in train_all_courses
    race_data[_NUM_COLS] = race_data[_NUM_COLS].fillna(-1)
    ~~~~~~~~~^^^^^^^^^^^
  File "C:\Users\tai-r\AppData\Local\Packages\PythonSoftwareFoundation.Python.3.11_qbz5n2kfra8p0\LocalCache\local-packages\Python311\site-packages\pandas\core\frame.py", line 4079, in __setitem__
    self._setitem_array(key, value)
  File "C:\Users\tai-r\AppData\Local\Packages\PythonSoftwareFoundation.Python.3.11_qbz5n2kfra8p0\LocalCache\local-packages\Python311\site-packages\pandas\core\frame.py", line 4123, in _setitem_array
    self[k1] = value[k2]
    ~~~~^^^^
  File "C:\Users\tai-r\AppData\Local\Packages\PythonSoftwareFoundation.Python.3.11_qbz5n2kfra8p0\LocalCache\local-packages\Python311\site-packages\pandas\core\frame.py", line 4081, in __setitem__
    self._set_item_frame_value(key, value)
  File "C:\Users\tai-r\AppData\Local\Packages\PythonSoftwareFoundation.Python.3.11_qbz5n2kfra8p0\LocalCache\local-packages\Python311\site-packages\pandas\core\frame.py", line 4209, in _set_item_frame_value
    raise ValueError("Columns must be same length as key")
ValueError: Columns must be same length as key
Traceback (most recent call last):
  File "c:\keiba_ai\keiba_ai_ver3.0\scripts\train_v5_models.py", line 174, in train_all_courses
    race_data[_NUM_COLS] = race_data[_NUM_COLS].fillna(-1)
    ~~~~~~~~~^^^^^^^^^^^
  File "C:\Users\tai-r\AppData\Local\Packages\PythonSoftwareFoundation.Python.3.11_qbz5n2kfra8p0\LocalCache\local-packages\Python311\site-packages\pandas\core\frame.py", line 4079, in __setitem__
    self._setitem_array(key, value)
  File "C:\Users\tai-r\AppData\Local\Packages\PythonSoftwareFoundation.Python.3.11_qbz5n2kfra8p0\LocalCache\local-packages\Python311\site-packages\pandas\core\frame.py", line 4123, in _setitem_array
    self[k1] = value[k2]
    ~~~~^^^^
  File "C:\Users\tai-r\AppData\Local\Packages\PythonSoftwareFoundation.Python.3.11_qbz5n2kfra8p0\LocalCache\local-packages\Python311\site-packages\pandas\core\frame.py", line 4081, in __setitem__
    self._set_item_frame_value(key, value)
  File "C:\Users\tai-r\AppData\Local\Packages\PythonSoftwareFoundation.Python.3.11_qbz5n2kfra8p0\LocalCache\local-packages\Python311\site-packages\pandas\core\frame.py", line 4209, in _set_item_frame_value
    raise ValueError("Columns must be same length as key")
ValueError: Columns must be same length as key
Traceback (most recent call last):
  File "c:\keiba_ai\keiba_ai_ver3.0\scripts\train_v5_models.py", line 174, in train_all_courses
    race_data[_NUM_COLS] = race_data[_NUM_COLS].fillna(-1)
    ~~~~~~~~~^^^^^^^^^^^
  File "C:\Users\tai-r\AppData\Local\Packages\PythonSoftwareFoundation.Python.3.11_qbz5n2kfra8p0\LocalCache\local-packages\Python311\site-packages\pandas\core\frame.py", line 4079, in __setitem__
    self._setitem_array(key, value)
  File "C:\Users\tai-r\AppData\Local\Packages\PythonSoftwareFoundation.Python.3.11_qbz5n2kfra8p0\LocalCache\local-packages\Python311\site-packages\pandas\core\frame.py", line 4123, in _setitem_array
    self[k1] = value[k2]
    ~~~~^^^^
  File "C:\Users\tai-r\AppData\Local\Packages\PythonSoftwareFoundation.Python.3.11_qbz5n2kfra8p0\LocalCache\local-packages\Python311\site-packages\pandas\core\frame.py", line 4081, in __setitem__
    self._set_item_frame_value(key, value)
  File "C:\Users\tai-r\AppData\Local\Packages\PythonSoftwareFoundation.Python.3.11_qbz5n2kfra8p0\LocalCache\local-packages\Python311\site-packages\pandas\core\frame.py", line 4209, in _set_item_frame_value
    raise ValueError("Columns must be same length as key")
ValueError: Columns must be same length as key
Traceback (most recent call last):
  File "c:\keiba_ai\keiba_ai_ver3.0\scripts\train_v5_models.py", line 174, in train_all_courses
    race_data[_NUM_COLS] = race_data[_NUM_COLS].fillna(-1)
    ~~~~~~~~~^^^^^^^^^^^
  File "C:\Users\tai-r\AppData\Local\Packages\PythonSoftwareFoundation.Python.3.11_qbz5n2kfra8p0\LocalCache\local-packages\Python311\site-packages\pandas\core\frame.py", line 4079, in __setitem__
    self._setitem_array(key, value)
  File "C:\Users\tai-r\AppData\Local\Packages\PythonSoftwareFoundation.Python.3.11_qbz5n2kfra8p0\LocalCache\local-packages\Python311\site-packages\pandas\core\frame.py", line 4123, in _setitem_array
    self[k1] = value[k2]
    ~~~~^^^^
  File "C:\Users\tai-r\AppData\Local\Packages\PythonSoftwareFoundation.Python.3.11_qbz5n2kfra8p0\LocalCache\local-packages\Python311\site-packages\pandas\core\frame.py", line 4081, in __setitem__
    self._set_item_frame_value(key, value)
  File "C:\Users\tai-r\AppData\Local\Packages\PythonSoftwareFoundation.Python.3.11_qbz5n2kfra8p0\LocalCache\local-packages\Python311\site-packages\pandas\core\frame.py", line 4209, in _set_item_frame_value
    raise ValueError("Columns must be same length as key")
ValueError: Columns must be same length as key
Traceback (most recent call last):
  File "c:\keiba_ai\keiba_ai_ver3.0\scripts\train_v5_models.py", line 174, in train_all_courses
    race_data[_NUM_COLS] = race_data[_NUM_COLS].fillna(-1)
    ~~~~~~~~~^^^^^^^^^^^
  File "C:\Users\tai-r\AppData\Local\Packages\PythonSoftwareFoundation.Python.3.11_qbz5n2kfra8p0\LocalCache\local-packages\Python311\site-packages\pandas\core\frame.py", line 4079, in __setitem__
    self._setitem_array(key, value)
  File "C:\Users\tai-r\AppData\Local\Packages\PythonSoftwareFoundation.Python.3.11_qbz5n2kfra8p0\LocalCache\local-packages\Python311\site-packages\pandas\core\frame.py", line 4123, in _setitem_array
    self[k1] = value[k2]
    ~~~~^^^^
  File "C:\Users\tai-r\AppData\Local\Packages\PythonSoftwareFoundation.Python.3.11_qbz5n2kfra8p0\LocalCache\local-packages\Python311\site-packages\pandas\core\frame.py", line 4081, in __setitem__
    self._set_item_frame_value(key, value)
  File "C:\Users\tai-r\AppData\Local\Packages\PythonSoftwareFoundation.Python.3.11_qbz5n2kfra8p0\LocalCache\local-packages\Python311\site-packages\pandas\core\frame.py", line 4209, in _set_item_frame_value
    raise ValueError("Columns must be same length as key")
ValueError: Columns must be same length as key
Traceback (most recent call last):
  File "c:\keiba_ai\keiba_ai_ver3.0\scripts\train_v5_models.py", line 174, in train_all_courses
    race_data[_NUM_COLS] = race_data[_NUM_COLS].fillna(-1)
    ~~~~~~~~~^^^^^^^^^^^
  File "C:\Users\tai-r\AppData\Local\Packages\PythonSoftwareFoundation.Python.3.11_qbz5n2kfra8p0\LocalCache\local-packages\Python311\site-packages\pandas\core\frame.py", line 4079, in __setitem__
    self._setitem_array(key, value)
  File "C:\Users\tai-r\AppData\Local\Packages\PythonSoftwareFoundation.Python.3.11_qbz5n2kfra8p0\LocalCache\local-packages\Python311\site-packages\pandas\core\frame.py", line 4123, in _setitem_array
    self[k1] = value[k2]
    ~~~~^^^^
  File "C:\Users\tai-r\AppData\Local\Packages\PythonSoftwareFoundation.Python.3.11_qbz5n2kfra8p0\LocalCache\local-packages\Python311\site-packages\pandas\core\frame.py", line 4081, in __setitem__
    self._set_item_frame_value(key, value)
  File "C:\Users\tai-r\AppData\Local\Packages\PythonSoftwareFoundation.Python.3.11_qbz5n2kfra8p0\LocalCache\local-packages\Python311\site-packages\pandas\core\frame.py", line 4209, in _set_item_frame_value
    raise ValueError("Columns must be same length as key")
ValueError: Columns must be same length as key
Traceback (most recent call last):
  File "c:\keiba_ai\keiba_ai_ver3.0\scripts\train_v5_models.py", line 174, in train_all_courses
    race_data[_NUM_COLS] = race_data[_NUM_COLS].fillna(-1)
    ~~~~~~~~~^^^^^^^^^^^
  File "C:\Users\tai-r\AppData\Local\Packages\PythonSoftwareFoundation.Python.3.11_qbz5n2kfra8p0\LocalCache\local-packages\Python311\site-packages\pandas\core\frame.py", line 4079, in __setitem__
    self._setitem_array(key, value)
  File "C:\Users\tai-r\AppData\Local\Packages\PythonSoftwareFoundation.Python.3.11_qbz5n2kfra8p0\LocalCache\local-packages\Python311\site-packages\pandas\core\frame.py", line 4123, in _setitem_array
    self[k1] = value[k2]
    ~~~~^^^^
  File "C:\Users\tai-r\AppData\Local\Packages\PythonSoftwareFoundation.Python.3.11_qbz5n2kfra8p0\LocalCache\local-packages\Python311\site-packages\pandas\core\frame.py", line 4081, in __setitem__
    self._set_item_frame_value(key, value)
  File "C:\Users\tai-r\AppData\Local\Packages\PythonSoftwareFoundation.Python.3.11_qbz5n2kfra8p0\LocalCache\local-packages\Python311\site-packages\pandas\core\frame.py", line 4209, in _set_item_frame_value
    raise ValueError("Columns must be same length as key")
ValueError: Columns must be same length as key
Traceback (most recent call last):
  File "c:\keiba_ai\keiba_ai_ver3.0\scripts\train_v5_models.py", line 174, in train_all_courses
    race_data[_NUM_COLS] = race_data[_NUM_COLS].fillna(-1)
    ~~~~~~~~~^^^^^^^^^^^
  File "C:\Users\tai-r\AppData\Local\Packages\PythonSoftwareFoundation.Python.3.11_qbz5n2kfra8p0\LocalCache\local-packages\Python311\site-packages\pandas\core\frame.py", line 4079, in __setitem__
    self._setitem_array(key, value)
  File "C:\Users\tai-r\AppData\Local\Packages\PythonSoftwareFoundation.Python.3.11_qbz5n2kfra8p0\LocalCache\local-packages\Python311\site-packages\pandas\core\frame.py", line 4123, in _setitem_array
    self[k1] = value[k2]
    ~~~~^^^^
  File "C:\Users\tai-r\AppData\Local\Packages\PythonSoftwareFoundation.Python.3.11_qbz5n2kfra8p0\LocalCache\local-packages\Python311\site-packages\pandas\core\frame.py", line 4081, in __setitem__
    self._set_item_frame_value(key, value)
  File "C:\Users\tai-r\AppData\Local\Packages\PythonSoftwareFoundation.Python.3.11_qbz5n2kfra8p0\LocalCache\local-packages\Python311\site-packages\pandas\core\frame.py", line 4209, in _set_item_frame_value
    raise ValueError("Columns must be same length as key")
ValueError: Columns must be same length as key
Traceback (most recent call last):
  File "c:\keiba_ai\keiba_ai_ver3.0\scripts\train_v5_models.py", line 174, in train_all_courses
    race_data[_NUM_COLS] = race_data[_NUM_COLS].fillna(-1)
    ~~~~~~~~~^^^^^^^^^^^
  File "C:\Users\tai-r\AppData\Local\Packages\PythonSoftwareFoundation.Python.3.11_qbz5n2kfra8p0\LocalCache\local-packages\Python311\site-packages\pandas\core\frame.py", line 4079, in __setitem__
    self._setitem_array(key, value)
  File "C:\Users\tai-r\AppData\Local\Packages\PythonSoftwareFoundation.Python.3.11_qbz5n2kfra8p0\LocalCache\local-packages\Python311\site-packages\pandas\core\frame.py", line 4123, in _setitem_array
    self[k1] = value[k2]
    ~~~~^^^^
  File "C:\Users\tai-r\AppData\Local\Packages\PythonSoftwareFoundation.Python.3.11_qbz5n2kfra8p0\LocalCache\local-packages\Python311\site-packages\pandas\core\frame.py", line 4081, in __setitem__
    self._set_item_frame_value(key, value)
  File "C:\Users\tai-r\AppData\Local\Packages\PythonSoftwareFoundation.Python.3.11_qbz5n2kfra8p0\LocalCache\local-packages\Python311\site-packages\pandas\core\frame.py", line 4209, in _set_item_frame_value
    raise ValueError("Columns must be same length as key")
ValueError: Columns must be same length as key
Traceback (most recent call last):
  File "c:\keiba_ai\keiba_ai_ver3.0\scripts\train_v5_models.py", line 174, in train_all_courses
    race_data[_NUM_COLS] = race_data[_NUM_COLS].fillna(-1)
    ~~~~~~~~~^^^^^^^^^^^
  File "C:\Users\tai-r\AppData\Local\Packages\PythonSoftwareFoundation.Python.3.11_qbz5n2kfra8p0\LocalCache\local-packages\Python311\site-packages\pandas\core\frame.py", line 4079, in __setitem__
    self._setitem_array(key, value)
  File "C:\Users\tai-r\AppData\Local\Packages\PythonSoftwareFoundation.Python.3.11_qbz5n2kfra8p0\LocalCache\local-packages\Python311\site-packages\pandas\core\frame.py", line 4123, in _setitem_array
    self[k1] = value[k2]
    ~~~~^^^^
  File "C:\Users\tai-r\AppData\Local\Packages\PythonSoftwareFoundation.Python.3.11_qbz5n2kfra8p0\LocalCache\local-packages\Python311\site-packages\pandas\core\frame.py", line 4081, in __setitem__
    self._set_item_frame_value(key, value)
  File "C:\Users\tai-r\AppData\Local\Packages\PythonSoftwareFoundation.Python.3.11_qbz5n2kfra8p0\LocalCache\local-packages\Python311\site-packages\pandas\core\frame.py", line 4209, in _set_item_frame_value
    raise ValueError("Columns must be same length as key")
ValueError: Columns must be same length as key
Traceback (most recent call last):
  File "c:\keiba_ai\keiba_ai_ver3.0\scripts\train_v5_models.py", line 174, in train_all_courses
    race_data[_NUM_COLS] = race_data[_NUM_COLS].fillna(-1)
    ~~~~~~~~~^^^^^^^^^^^
  File "C:\Users\tai-r\AppData\Local\Packages\PythonSoftwareFoundation.Python.3.11_qbz5n2kfra8p0\LocalCache\local-packages\Python311\site-packages\pandas\core\frame.py", line 4079, in __setitem__
    self._setitem_array(key, value)
  File "C:\Users\tai-r\AppData\Local\Packages\PythonSoftwareFoundation.Python.3.11_qbz5n2kfra8p0\LocalCache\local-packages\Python311\site-packages\pandas\core\frame.py", line 4123, in _setitem_array
    self[k1] = value[k2]
    ~~~~^^^^
  File "C:\Users\tai-r\AppData\Local\Packages\PythonSoftwareFoundation.Python.3.11_qbz5n2kfra8p0\LocalCache\local-packages\Python311\site-packages\pandas\core\frame.py", line 4081, in __setitem__
    self._set_item_frame_value(key, value)
  File "C:\Users\tai-r\AppData\Local\Packages\PythonSoftwareFoundation.Python.3.11_qbz5n2kfra8p0\LocalCache\local-packages\Python311\site-packages\pandas\core\frame.py", line 4209, in _set_item_frame_value
    raise ValueError("Columns must be same length as key")
ValueError: Columns must be same length as key
Traceback (most recent call last):
  File "c:\keiba_ai\keiba_ai_ver3.0\scripts\train_v5_models.py", line 174, in train_all_courses
    race_data[_NUM_COLS] = race_data[_NUM_COLS].fillna(-1)
    ~~~~~~~~~^^^^^^^^^^^
  File "C:\Users\tai-r\AppData\Local\Packages\PythonSoftwareFoundation.Python.3.11_qbz5n2kfra8p0\LocalCache\local-packages\Python311\site-packages\pandas\core\frame.py", line 4079, in __setitem__
    self._setitem_array(key, value)
  File "C:\Users\tai-r\AppData\Local\Packages\PythonSoftwareFoundation.Python.3.11_qbz5n2kfra8p0\LocalCache\local-packages\Python311\site-packages\pandas\core\frame.py", line 4123, in _setitem_array
    self[k1] = value[k2]
    ~~~~^^^^
  File "C:\Users\tai-r\AppData\Local\Packages\PythonSoftwareFoundation.Python.3.11_qbz5n2kfra8p0\LocalCache\local-packages\Python311\site-packages\pandas\core\frame.py", line 4081, in __setitem__
    self._set_item_frame_value(key, value)
  File "C:\Users\tai-r\AppData\Local\Packages\PythonSoftwareFoundation.Python.3.11_qbz5n2kfra8p0\LocalCache\local-packages\Python311\site-packages\pandas\core\frame.py", line 4209, in _set_item_frame_value
    raise ValueError("Columns must be same length as key")
ValueError: Columns must be same length as key
Traceback (most recent call last):
  File "c:\keiba_ai\keiba_ai_ver3.0\scripts\train_v5_models.py", line 174, in train_all_courses
    race_data[_NUM_COLS] = race_data[_NUM_COLS].fillna(-1)
    ~~~~~~~~~^^^^^^^^^^^
  File "C:\Users\tai-r\AppData\Local\Packages\PythonSoftwareFoundation.Python.3.11_qbz5n2kfra8p0\LocalCache\local-packages\Python311\site-packages\pandas\core\frame.py", line 4079, in __setitem__
    self._setitem_array(key, value)
  File "C:\Users\tai-r\AppData\Local\Packages\PythonSoftwareFoundation.Python.3.11_qbz5n2kfra8p0\LocalCache\local-packages\Python311\site-packages\pandas\core\frame.py", line 4123, in _setitem_array
    self[k1] = value[k2]
    ~~~~^^^^
  File "C:\Users\tai-r\AppData\Local\Packages\PythonSoftwareFoundation.Python.3.11_qbz5n2kfra8p0\LocalCache\local-packages\Python311\site-packages\pandas\core\frame.py", line 4081, in __setitem__
    self._set_item_frame_value(key, value)
  File "C:\Users\tai-r\AppData\Local\Packages\PythonSoftwareFoundation.Python.3.11_qbz5n2kfra8p0\LocalCache\local-packages\Python311\site-packages\pandas\core\frame.py", line 4209, in _set_item_frame_value
    raise ValueError("Columns must be same length as key")
ValueError: Columns must be same length as key
Traceback (most recent call last):
  File "c:\keiba_ai\keiba_ai_ver3.0\scripts\train_v5_models.py", line 174, in train_all_courses
    race_data[_NUM_COLS] = race_data[_NUM_COLS].fillna(-1)
    ~~~~~~~~~^^^^^^^^^^^
  File "C:\Users\tai-r\AppData\Local\Packages\PythonSoftwareFoundation.Python.3.11_qbz5n2kfra8p0\LocalCache\local-packages\Python311\site-packages\pandas\core\frame.py", line 4079, in __setitem__
    self._setitem_array(key, value)
  File "C:\Users\tai-r\AppData\Local\Packages\PythonSoftwareFoundation.Python.3.11_qbz5n2kfra8p0\LocalCache\local-packages\Python311\site-packages\pandas\core\frame.py", line 4123, in _setitem_array
    self[k1] = value[k2]
    ~~~~^^^^
  File "C:\Users\tai-r\AppData\Local\Packages\PythonSoftwareFoundation.Python.3.11_qbz5n2kfra8p0\LocalCache\local-packages\Python311\site-packages\pandas\core\frame.py", line 4081, in __setitem__
    self._set_item_frame_value(key, value)
  File "C:\Users\tai-r\AppData\Local\Packages\PythonSoftwareFoundation.Python.3.11_qbz5n2kfra8p0\LocalCache\local-packages\Python311\site-packages\pandas\core\frame.py", line 4209, in _set_item_frame_value
    raise ValueError("Columns must be same length as key")
ValueError: Columns must be same length as key
Traceback (most recent call last):
  File "c:\keiba_ai\keiba_ai_ver3.0\scripts\train_v5_models.py", line 174, in train_all_courses
    race_data[_NUM_COLS] = race_data[_NUM_COLS].fillna(-1)
    ~~~~~~~~~^^^^^^^^^^^
  File "C:\Users\tai-r\AppData\Local\Packages\PythonSoftwareFoundation.Python.3.11_qbz5n2kfra8p0\LocalCache\local-packages\Python311\site-packages\pandas\core\frame.py", line 4079, in __setitem__
    self._setitem_array(key, value)
  File "C:\Users\tai-r\AppData\Local\Packages\PythonSoftwareFoundation.Python.3.11_qbz5n2kfra8p0\LocalCache\local-packages\Python311\site-packages\pandas\core\frame.py", line 4123, in _setitem_array
    self[k1] = value[k2]
    ~~~~^^^^
  File "C:\Users\tai-r\AppData\Local\Packages\PythonSoftwareFoundation.Python.3.11_qbz5n2kfra8p0\LocalCache\local-packages\Python311\site-packages\pandas\core\frame.py", line 4081, in __setitem__
    self._set_item_frame_value(key, value)
  File "C:\Users\tai-r\AppData\Local\Packages\PythonSoftwareFoundation.Python.3.11_qbz5n2kfra8p0\LocalCache\local-packages\Python311\site-packages\pandas\core\frame.py", line 4209, in _set_item_frame_value
    raise ValueError("Columns must be same length as key")
ValueError: Columns must be same length as key
Traceback (most recent call last):
  File "c:\keiba_ai\keiba_ai_ver3.0\scripts\train_v5_models.py", line 174, in train_all_courses
    race_data[_NUM_COLS] = race_data[_NUM_COLS].fillna(-1)
    ~~~~~~~~~^^^^^^^^^^^
  File "C:\Users\tai-r\AppData\Local\Packages\PythonSoftwareFoundation.Python.3.11_qbz5n2kfra8p0\LocalCache\local-packages\Python311\site-packages\pandas\core\frame.py", line 4079, in __setitem__
    self._setitem_array(key, value)
  File "C:\Users\tai-r\AppData\Local\Packages\PythonSoftwareFoundation.Python.3.11_qbz5n2kfra8p0\LocalCache\local-packages\Python311\site-packages\pandas\core\frame.py", line 4123, in _setitem_array
    self[k1] = value[k2]
    ~~~~^^^^
  File "C:\Users\tai-r\AppData\Local\Packages\PythonSoftwareFoundation.Python.3.11_qbz5n2kfra8p0\LocalCache\local-packages\Python311\site-packages\pandas\core\frame.py", line 4081, in __setitem__
    self._set_item_frame_value(key, value)
  File "C:\Users\tai-r\AppData\Local\Packages\PythonSoftwareFoundation.Python.3.11_qbz5n2kfra8p0\LocalCache\local-packages\Python311\site-packages\pandas\core\frame.py", line 4209, in _set_item_frame_value
    raise ValueError("Columns must be same length as key")
ValueError: Columns must be same length as key
Traceback (most recent call last):
  File "c:\keiba_ai\keiba_ai_ver3.0\scripts\train_v5_models.py", line 174, in train_all_courses
    race_data[_NUM_COLS] = race_data[_NUM_COLS].fillna(-1)
    ~~~~~~~~~^^^^^^^^^^^
  File "C:\Users\tai-r\AppData\Local\Packages\PythonSoftwareFoundation.Python.3.11_qbz5n2kfra8p0\LocalCache\local-packages\Python311\site-packages\pandas\core\frame.py", line 4079, in __setitem__
    self._setitem_array(key, value)
  File "C:\Users\tai-r\AppData\Local\Packages\PythonSoftwareFoundation.Python.3.11_qbz5n2kfra8p0\LocalCache\local-packages\Python311\site-packages\pandas\core\frame.py", line 4123, in _setitem_array
    self[k1] = value[k2]
    ~~~~^^^^
  File "C:\Users\tai-r\AppData\Local\Packages\PythonSoftwareFoundation.Python.3.11_qbz5n2kfra8p0\LocalCache\local-packages\Python311\site-packages\pandas\core\frame.py", line 4081, in __setitem__
    self._set_item_frame_value(key, value)
  File "C:\Users\tai-r\AppData\Local\Packages\PythonSoftwareFoundation.Python.3.11_qbz5n2kfra8p0\LocalCache\local-packages\Python311\site-packages\pandas\core\frame.py", line 4209, in _set_item_frame_value
    raise ValueError("Columns must be same length as key")
ValueError: Columns must be same length as key
Traceback (most recent call last):
  File "c:\keiba_ai\keiba_ai_ver3.0\scripts\train_v5_models.py", line 174, in train_all_courses
    race_data[_NUM_COLS] = race_data[_NUM_COLS].fillna(-1)
    ~~~~~~~~~^^^^^^^^^^^
  File "C:\Users\tai-r\AppData\Local\Packages\PythonSoftwareFoundation.Python.3.11_qbz5n2kfra8p0\LocalCache\local-packages\Python311\site-packages\pandas\core\frame.py", line 4079, in __setitem__
    self._setitem_array(key, value)
  File "C:\Users\tai-r\AppData\Local\Packages\PythonSoftwareFoundation.Python.3.11_qbz5n2kfra8p0\LocalCache\local-packages\Python311\site-packages\pandas\core\frame.py", line 4123, in _setitem_array
    self[k1] = value[k2]
    ~~~~^^^^
  File "C:\Users\tai-r\AppData\Local\Packages\PythonSoftwareFoundation.Python.3.11_qbz5n2kfra8p0\LocalCache\local-packages\Python311\site-packages\pandas\core\frame.py", line 4081, in __setitem__
    self._set_item_frame_value(key, value)
  File "C:\Users\tai-r\AppData\Local\Packages\PythonSoftwareFoundation.Python.3.11_qbz5n2kfra8p0\LocalCache\local-packages\Python311\site-packages\pandas\core\frame.py", line 4209, in _set_item_frame_value
    raise ValueError("Columns must be same length as key")
ValueError: Columns must be same length as key
Traceback (most recent call last):
  File "c:\keiba_ai\keiba_ai_ver3.0\scripts\train_v5_models.py", line 174, in train_all_courses
    race_data[_NUM_COLS] = race_data[_NUM_COLS].fillna(-1)
    ~~~~~~~~~^^^^^^^^^^^
  File "C:\Users\tai-r\AppData\Local\Packages\PythonSoftwareFoundation.Python.3.11_qbz5n2kfra8p0\LocalCache\local-packages\Python311\site-packages\pandas\core\frame.py", line 4079, in __setitem__
    self._setitem_array(key, value)
  File "C:\Users\tai-r\AppData\Local\Packages\PythonSoftwareFoundation.Python.3.11_qbz5n2kfra8p0\LocalCache\local-packages\Python311\site-packages\pandas\core\frame.py", line 4123, in _setitem_array
    self[k1] = value[k2]
    ~~~~^^^^
  File "C:\Users\tai-r\AppData\Local\Packages\PythonSoftwareFoundation.Python.3.11_qbz5n2kfra8p0\LocalCache\local-packages\Python311\site-packages\pandas\core\frame.py", line 4081, in __setitem__
    self._set_item_frame_value(key, value)
  File "C:\Users\tai-r\AppData\Local\Packages\PythonSoftwareFoundation.Python.3.11_qbz5n2kfra8p0\LocalCache\local-packages\Python311\site-packages\pandas\core\frame.py", line 4209, in _set_item_frame_value
    raise ValueError("Columns must be same length as key")
ValueError: Columns must be same length as key
Traceback (most recent call last):
  File "c:\keiba_ai\keiba_ai_ver3.0\scripts\train_v5_models.py", line 174, in train_all_courses
    race_data[_NUM_COLS] = race_data[_NUM_COLS].fillna(-1)
    ~~~~~~~~~^^^^^^^^^^^
  File "C:\Users\tai-r\AppData\Local\Packages\PythonSoftwareFoundation.Python.3.11_qbz5n2kfra8p0\LocalCache\local-packages\Python311\site-packages\pandas\core\frame.py", line 4079, in __setitem__
    self._setitem_array(key, value)
  File "C:\Users\tai-r\AppData\Local\Packages\PythonSoftwareFoundation.Python.3.11_qbz5n2kfra8p0\LocalCache\local-packages\Python311\site-packages\pandas\core\frame.py", line 4123, in _setitem_array
    self[k1] = value[k2]
    ~~~~^^^^
  File "C:\Users\tai-r\AppData\Local\Packages\PythonSoftwareFoundation.Python.3.11_qbz5n2kfra8p0\LocalCache\local-packages\Python311\site-packages\pandas\core\frame.py", line 4081, in __setitem__
    self._set_item_frame_value(key, value)
  File "C:\Users\tai-r\AppData\Local\Packages\PythonSoftwareFoundation.Python.3.11_qbz5n2kfra8p0\LocalCache\local-packages\Python311\site-packages\pandas\core\frame.py", line 4209, in _set_item_frame_value
    raise ValueError("Columns must be same length as key")
ValueError: Columns must be same length as key
Traceback (most recent call last):
  File "c:\keiba_ai\keiba_ai_ver3.0\scripts\train_v5_models.py", line 174, in train_all_courses
    race_data[_NUM_COLS] = race_data[_NUM_COLS].fillna(-1)
    ~~~~~~~~~^^^^^^^^^^^
  File "C:\Users\tai-r\AppData\Local\Packages\PythonSoftwareFoundation.Python.3.11_qbz5n2kfra8p0\LocalCache\local-packages\Python311\site-packages\pandas\core\frame.py", line 4079, in __setitem__
    self._setitem_array(key, value)
  File "C:\Users\tai-r\AppData\Local\Packages\PythonSoftwareFoundation.Python.3.11_qbz5n2kfra8p0\LocalCache\local-packages\Python311\site-packages\pandas\core\frame.py", line 4123, in _setitem_array
    self[k1] = value[k2]
    ~~~~^^^^
  File "C:\Users\tai-r\AppData\Local\Packages\PythonSoftwareFoundation.Python.3.11_qbz5n2kfra8p0\LocalCache\local-packages\Python311\site-packages\pandas\core\frame.py", line 4081, in __setitem__
    self._set_item_frame_value(key, value)
  File "C:\Users\tai-r\AppData\Local\Packages\PythonSoftwareFoundation.Python.3.11_qbz5n2kfra8p0\LocalCache\local-packages\Python311\site-packages\pandas\core\frame.py", line 4209, in _set_item_frame_value
    raise ValueError("Columns must be same length as key")
ValueError: Columns must be same length as key
Traceback (most recent call last):
  File "c:\keiba_ai\keiba_ai_ver3.0\scripts\train_v5_models.py", line 174, in train_all_courses
    race_data[_NUM_COLS] = race_data[_NUM_COLS].fillna(-1)
    ~~~~~~~~~^^^^^^^^^^^
  File "C:\Users\tai-r\AppData\Local\Packages\PythonSoftwareFoundation.Python.3.11_qbz5n2kfra8p0\LocalCache\local-packages\Python311\site-packages\pandas\core\frame.py", line 4079, in __setitem__
    self._setitem_array(key, value)
  File "C:\Users\tai-r\AppData\Local\Packages\PythonSoftwareFoundation.Python.3.11_qbz5n2kfra8p0\LocalCache\local-packages\Python311\site-packages\pandas\core\frame.py", line 4123, in _setitem_array
    self[k1] = value[k2]
    ~~~~^^^^
  File "C:\Users\tai-r\AppData\Local\Packages\PythonSoftwareFoundation.Python.3.11_qbz5n2kfra8p0\LocalCache\local-packages\Python311\site-packages\pandas\core\frame.py", line 4081, in __setitem__
    self._set_item_frame_value(key, value)
  File "C:\Users\tai-r\AppData\Local\Packages\PythonSoftwareFoundation.Python.3.11_qbz5n2kfra8p0\LocalCache\local-packages\Python311\site-packages\pandas\core\frame.py", line 4209, in _set_item_frame_value
    raise ValueError("Columns must be same length as key")
ValueError: Columns must be same length as key
Traceback (most recent call last):
  File "c:\keiba_ai\keiba_ai_ver3.0\scripts\train_v5_models.py", line 174, in train_all_courses
    race_data[_NUM_COLS] = race_data[_NUM_COLS].fillna(-1)
    ~~~~~~~~~^^^^^^^^^^^
  File "C:\Users\tai-r\AppData\Local\Packages\PythonSoftwareFoundation.Python.3.11_qbz5n2kfra8p0\LocalCache\local-packages\Python311\site-packages\pandas\core\frame.py", line 4079, in __setitem__
    self._setitem_array(key, value)
  File "C:\Users\tai-r\AppData\Local\Packages\PythonSoftwareFoundation.Python.3.11_qbz5n2kfra8p0\LocalCache\local-packages\Python311\site-packages\pandas\core\frame.py", line 4123, in _setitem_array
    self[k1] = value[k2]
    ~~~~^^^^
  File "C:\Users\tai-r\AppData\Local\Packages\PythonSoftwareFoundation.Python.3.11_qbz5n2kfra8p0\LocalCache\local-packages\Python311\site-packages\pandas\core\frame.py", line 4081, in __setitem__
    self._set_item_frame_value(key, value)
  File "C:\Users\tai-r\AppData\Local\Packages\PythonSoftwareFoundation.Python.3.11_qbz5n2kfra8p0\LocalCache\local-packages\Python311\site-packages\pandas\core\frame.py", line 4209, in _set_item_frame_value
    raise ValueError("Columns must be same length as key")
ValueError: Columns must be same length as key
Traceback (most recent call last):
  File "c:\keiba_ai\keiba_ai_ver3.0\scripts\train_v5_models.py", line 174, in train_all_courses
    race_data[_NUM_COLS] = race_data[_NUM_COLS].fillna(-1)
    ~~~~~~~~~^^^^^^^^^^^
  File "C:\Users\tai-r\AppData\Local\Packages\PythonSoftwareFoundation.Python.3.11_qbz5n2kfra8p0\LocalCache\local-packages\Python311\site-packages\pandas\core\frame.py", line 4079, in __setitem__
    self._setitem_array(key, value)
  File "C:\Users\tai-r\AppData\Local\Packages\PythonSoftwareFoundation.Python.3.11_qbz5n2kfra8p0\LocalCache\local-packages\Python311\site-packages\pandas\core\frame.py", line 4123, in _setitem_array
    self[k1] = value[k2]
    ~~~~^^^^
  File "C:\Users\tai-r\AppData\Local\Packages\PythonSoftwareFoundation.Python.3.11_qbz5n2kfra8p0\LocalCache\local-packages\Python311\site-packages\pandas\core\frame.py", line 4081, in __setitem__
    self._set_item_frame_value(key, value)
  File "C:\Users\tai-r\AppData\Local\Packages\PythonSoftwareFoundation.Python.3.11_qbz5n2kfra8p0\LocalCache\local-packages\Python311\site-packages\pandas\core\frame.py", line 4209, in _set_item_frame_value
    raise ValueError("Columns must be same length as key")
ValueError: Columns must be same length as key
Traceback (most recent call last):
  File "c:\keiba_ai\keiba_ai_ver3.0\scripts\train_v5_models.py", line 174, in train_all_courses
    race_data[_NUM_COLS] = race_data[_NUM_COLS].fillna(-1)
    ~~~~~~~~~^^^^^^^^^^^
  File "C:\Users\tai-r\AppData\Local\Packages\PythonSoftwareFoundation.Python.3.11_qbz5n2kfra8p0\LocalCache\local-packages\Python311\site-packages\pandas\core\frame.py", line 4079, in __setitem__
    self._setitem_array(key, value)
  File "C:\Users\tai-r\AppData\Local\Packages\PythonSoftwareFoundation.Python.3.11_qbz5n2kfra8p0\LocalCache\local-packages\Python311\site-packages\pandas\core\frame.py", line 4123, in _setitem_array
    self[k1] = value[k2]
    ~~~~^^^^
  File "C:\Users\tai-r\AppData\Local\Packages\PythonSoftwareFoundation.Python.3.11_qbz5n2kfra8p0\LocalCache\local-packages\Python311\site-packages\pandas\core\frame.py", line 4081, in __setitem__
    self._set_item_frame_value(key, value)
  File "C:\Users\tai-r\AppData\Local\Packages\PythonSoftwareFoundation.Python.3.11_qbz5n2kfra8p0\LocalCache\local-packages\Python311\site-packages\pandas\core\frame.py", line 4209, in _set_item_frame_value
    raise ValueError("Columns must be same length as key")
ValueError: Columns must be same length as key
Traceback (most recent call last):
  File "c:\keiba_ai\keiba_ai_ver3.0\scripts\train_v5_models.py", line 174, in train_all_courses
    race_data[_NUM_COLS] = race_data[_NUM_COLS].fillna(-1)
    ~~~~~~~~~^^^^^^^^^^^
  File "C:\Users\tai-r\AppData\Local\Packages\PythonSoftwareFoundation.Python.3.11_qbz5n2kfra8p0\LocalCache\local-packages\Python311\site-packages\pandas\core\frame.py", line 4079, in __setitem__
    self._setitem_array(key, value)
  File "C:\Users\tai-r\AppData\Local\Packages\PythonSoftwareFoundation.Python.3.11_qbz5n2kfra8p0\LocalCache\local-packages\Python311\site-packages\pandas\core\frame.py", line 4123, in _setitem_array
    self[k1] = value[k2]
    ~~~~^^^^
  File "C:\Users\tai-r\AppData\Local\Packages\PythonSoftwareFoundation.Python.3.11_qbz5n2kfra8p0\LocalCache\local-packages\Python311\site-packages\pandas\core\frame.py", line 4081, in __setitem__
    self._set_item_frame_value(key, value)
  File "C:\Users\tai-r\AppData\Local\Packages\PythonSoftwareFoundation.Python.3.11_qbz5n2kfra8p0\LocalCache\local-packages\Python311\site-packages\pandas\core\frame.py", line 4209, in _set_item_frame_value
    raise ValueError("Columns must be same length as key")
ValueError: Columns must be same length as key
Traceback (most recent call last):
  File "c:\keiba_ai\keiba_ai_ver3.0\scripts\train_v5_models.py", line 174, in train_all_courses
    race_data[_NUM_COLS] = race_data[_NUM_COLS].fillna(-1)
    ~~~~~~~~~^^^^^^^^^^^
  File "C:\Users\tai-r\AppData\Local\Packages\PythonSoftwareFoundation.Python.3.11_qbz5n2kfra8p0\LocalCache\local-packages\Python311\site-packages\pandas\core\frame.py", line 4079, in __setitem__
    self._setitem_array(key, value)
  File "C:\Users\tai-r\AppData\Local\Packages\PythonSoftwareFoundation.Python.3.11_qbz5n2kfra8p0\LocalCache\local-packages\Python311\site-packages\pandas\core\frame.py", line 4123, in _setitem_array
    self[k1] = value[k2]
    ~~~~^^^^
  File "C:\Users\tai-r\AppData\Local\Packages\PythonSoftwareFoundation.Python.3.11_qbz5n2kfra8p0\LocalCache\local-packages\Python311\site-packages\pandas\core\frame.py", line 4081, in __setitem__
    self._set_item_frame_value(key, value)
  File "C:\Users\tai-r\AppData\Local\Packages\PythonSoftwareFoundation.Python.3.11_qbz5n2kfra8p0\LocalCache\local-packages\Python311\site-packages\pandas\core\frame.py", line 4209, in _set_item_frame_value
    raise ValueError("Columns must be same length as key")
ValueError: Columns must be same length as key
Traceback (most recent call last):
  File "c:\keiba_ai\keiba_ai_ver3.0\scripts\train_v5_models.py", line 174, in train_all_courses
    race_data[_NUM_COLS] = race_data[_NUM_COLS].fillna(-1)
    ~~~~~~~~~^^^^^^^^^^^
  File "C:\Users\tai-r\AppData\Local\Packages\PythonSoftwareFoundation.Python.3.11_qbz5n2kfra8p0\LocalCache\local-packages\Python311\site-packages\pandas\core\frame.py", line 4079, in __setitem__
    self._setitem_array(key, value)
  File "C:\Users\tai-r\AppData\Local\Packages\PythonSoftwareFoundation.Python.3.11_qbz5n2kfra8p0\LocalCache\local-packages\Python311\site-packages\pandas\core\frame.py", line 4123, in _setitem_array
    self[k1] = value[k2]
    ~~~~^^^^
  File "C:\Users\tai-r\AppData\Local\Packages\PythonSoftwareFoundation.Python.3.11_qbz5n2kfra8p0\LocalCache\local-packages\Python311\site-packages\pandas\core\frame.py", line 4081, in __setitem__
    self._set_item_frame_value(key, value)
  File "C:\Users\tai-r\AppData\Local\Packages\PythonSoftwareFoundation.Python.3.11_qbz5n2kfra8p0\LocalCache\local-packages\Python311\site-packages\pandas\core\frame.py", line 4209, in _set_item_frame_value
    raise ValueError("Columns must be same length as key")
ValueError: Columns must be same length as key
Traceback (most recent call last):
  File "c:\keiba_ai\keiba_ai_ver3.0\scripts\train_v5_models.py", line 174, in train_all_courses
    race_data[_NUM_COLS] = race_data[_NUM_COLS].fillna(-1)
    ~~~~~~~~~^^^^^^^^^^^
  File "C:\Users\tai-r\AppData\Local\Packages\PythonSoftwareFoundation.Python.3.11_qbz5n2kfra8p0\LocalCache\local-packages\Python311\site-packages\pandas\core\frame.py", line 4079, in __setitem__
    self._setitem_array(key, value)
  File "C:\Users\tai-r\AppData\Local\Packages\PythonSoftwareFoundation.Python.3.11_qbz5n2kfra8p0\LocalCache\local-packages\Python311\site-packages\pandas\core\frame.py", line 4123, in _setitem_array
    self[k1] = value[k2]
    ~~~~^^^^
  File "C:\Users\tai-r\AppData\Local\Packages\PythonSoftwareFoundation.Python.3.11_qbz5n2kfra8p0\LocalCache\local-packages\Python311\site-packages\pandas\core\frame.py", line 4081, in __setitem__
    self._set_item_frame_value(key, value)
  File "C:\Users\tai-r\AppData\Local\Packages\PythonSoftwareFoundation.Python.3.11_qbz5n2kfra8p0\LocalCache\local-packages\Python311\site-packages\pandas\core\frame.py", line 4209, in _set_item_frame_value
    raise ValueError("Columns must be same length as key")
ValueError: Columns must be same length as key
Traceback (most recent call last):
  File "c:\keiba_ai\keiba_ai_ver3.0\scripts\train_v5_models.py", line 174, in train_all_courses
    race_data[_NUM_COLS] = race_data[_NUM_COLS].fillna(-1)
    ~~~~~~~~~^^^^^^^^^^^
  File "C:\Users\tai-r\AppData\Local\Packages\PythonSoftwareFoundation.Python.3.11_qbz5n2kfra8p0\LocalCache\local-packages\Python311\site-packages\pandas\core\frame.py", line 4079, in __setitem__
    self._setitem_array(key, value)
  File "C:\Users\tai-r\AppData\Local\Packages\PythonSoftwareFoundation.Python.3.11_qbz5n2kfra8p0\LocalCache\local-packages\Python311\site-packages\pandas\core\frame.py", line 4123, in _setitem_array
    self[k1] = value[k2]
    ~~~~^^^^
  File "C:\Users\tai-r\AppData\Local\Packages\PythonSoftwareFoundation.Python.3.11_qbz5n2kfra8p0\LocalCache\local-packages\Python311\site-packages\pandas\core\frame.py", line 4081, in __setitem__
    self._set_item_frame_value(key, value)
  File "C:\Users\tai-r\AppData\Local\Packages\PythonSoftwareFoundation.Python.3.11_qbz5n2kfra8p0\LocalCache\local-packages\Python311\site-packages\pandas\core\frame.py", line 4209, in _set_item_frame_value
    raise ValueError("Columns must be same length as key")
ValueError: Columns must be same length as key
Traceback (most recent call last):
  File "c:\keiba_ai\keiba_ai_ver3.0\scripts\train_v5_models.py", line 174, in train_all_courses
    race_data[_NUM_COLS] = race_data[_NUM_COLS].fillna(-1)
    ~~~~~~~~~^^^^^^^^^^^
  File "C:\Users\tai-r\AppData\Local\Packages\PythonSoftwareFoundation.Python.3.11_qbz5n2kfra8p0\LocalCache\local-packages\Python311\site-packages\pandas\core\frame.py", line 4079, in __setitem__
    self._setitem_array(key, value)
  File "C:\Users\tai-r\AppData\Local\Packages\PythonSoftwareFoundation.Python.3.11_qbz5n2kfra8p0\LocalCache\local-packages\Python311\site-packages\pandas\core\frame.py", line 4123, in _setitem_array
    self[k1] = value[k2]
    ~~~~^^^^
  File "C:\Users\tai-r\AppData\Local\Packages\PythonSoftwareFoundation.Python.3.11_qbz5n2kfra8p0\LocalCache\local-packages\Python311\site-packages\pandas\core\frame.py", line 4081, in __setitem__
    self._set_item_frame_value(key, value)
  File "C:\Users\tai-r\AppData\Local\Packages\PythonSoftwareFoundation.Python.3.11_qbz5n2kfra8p0\LocalCache\local-packages\Python311\site-packages\pandas\core\frame.py", line 4209, in _set_item_frame_value
    raise ValueError("Columns must be same length as key")
ValueError: Columns must be same length as key
Traceback (most recent call last):
  File "c:\keiba_ai\keiba_ai_ver3.0\scripts\train_v5_models.py", line 174, in train_all_courses
    race_data[_NUM_COLS] = race_data[_NUM_COLS].fillna(-1)
    ~~~~~~~~~^^^^^^^^^^^
  File "C:\Users\tai-r\AppData\Local\Packages\PythonSoftwareFoundation.Python.3.11_qbz5n2kfra8p0\LocalCache\local-packages\Python311\site-packages\pandas\core\frame.py", line 4079, in __setitem__
    self._setitem_array(key, value)
  File "C:\Users\tai-r\AppData\Local\Packages\PythonSoftwareFoundation.Python.3.11_qbz5n2kfra8p0\LocalCache\local-packages\Python311\site-packages\pandas\core\frame.py", line 4123, in _setitem_array
    self[k1] = value[k2]
    ~~~~^^^^
  File "C:\Users\tai-r\AppData\Local\Packages\PythonSoftwareFoundation.Python.3.11_qbz5n2kfra8p0\LocalCache\local-packages\Python311\site-packages\pandas\core\frame.py", line 4081, in __setitem__
    self._set_item_frame_value(key, value)
  File "C:\Users\tai-r\AppData\Local\Packages\PythonSoftwareFoundation.Python.3.11_qbz5n2kfra8p0\LocalCache\local-packages\Python311\site-packages\pandas\core\frame.py", line 4209, in _set_item_frame_value
    raise ValueError("Columns must be same length as key")
ValueError: Columns must be same length as key
Traceback (most recent call last):
  File "c:\keiba_ai\keiba_ai_ver3.0\scripts\train_v5_models.py", line 174, in train_all_courses
    race_data[_NUM_COLS] = race_data[_NUM_COLS].fillna(-1)
    ~~~~~~~~~^^^^^^^^^^^
  File "C:\Users\tai-r\AppData\Local\Packages\PythonSoftwareFoundation.Python.3.11_qbz5n2kfra8p0\LocalCache\local-packages\Python311\site-packages\pandas\core\frame.py", line 4079, in __setitem__
    self._setitem_array(key, value)
  File "C:\Users\tai-r\AppData\Local\Packages\PythonSoftwareFoundation.Python.3.11_qbz5n2kfra8p0\LocalCache\local-packages\Python311\site-packages\pandas\core\frame.py", line 4123, in _setitem_array
    self[k1] = value[k2]
    ~~~~^^^^
  File "C:\Users\tai-r\AppData\Local\Packages\PythonSoftwareFoundation.Python.3.11_qbz5n2kfra8p0\LocalCache\local-packages\Python311\site-packages\pandas\core\frame.py", line 4081, in __setitem__
    self._set_item_frame_value(key, value)
  File "C:\Users\tai-r\AppData\Local\Packages\PythonSoftwareFoundation.Python.3.11_qbz5n2kfra8p0\LocalCache\local-packages\Python311\site-packages\pandas\core\frame.py", line 4209, in _set_item_frame_value
    raise ValueError("Columns must be same length as key")
ValueError: Columns must be same length as key
Traceback (most recent call last):
  File "c:\keiba_ai\keiba_ai_ver3.0\scripts\train_v5_models.py", line 174, in train_all_courses
    race_data[_NUM_COLS] = race_data[_NUM_COLS].fillna(-1)
    ~~~~~~~~~^^^^^^^^^^^
  File "C:\Users\tai-r\AppData\Local\Packages\PythonSoftwareFoundation.Python.3.11_qbz5n2kfra8p0\LocalCache\local-packages\Python311\site-packages\pandas\core\frame.py", line 4079, in __setitem__
    self._setitem_array(key, value)
  File "C:\Users\tai-r\AppData\Local\Packages\PythonSoftwareFoundation.Python.3.11_qbz5n2kfra8p0\LocalCache\local-packages\Python311\site-packages\pandas\core\frame.py", line 4123, in _setitem_array
    self[k1] = value[k2]
    ~~~~^^^^
  File "C:\Users\tai-r\AppData\Local\Packages\PythonSoftwareFoundation.Python.3.11_qbz5n2kfra8p0\LocalCache\local-packages\Python311\site-packages\pandas\core\frame.py", line 4081, in __setitem__
    self._set_item_frame_value(key, value)
  File "C:\Users\tai-r\AppData\Local\Packages\PythonSoftwareFoundation.Python.3.11_qbz5n2kfra8p0\LocalCache\local-packages\Python311\site-packages\pandas\core\frame.py", line 4209, in _set_item_frame_value
    raise ValueError("Columns must be same length as key")
ValueError: Columns must be same length as key
Traceback (most recent call last):
  File "c:\keiba_ai\keiba_ai_ver3.0\scripts\train_v5_models.py", line 174, in train_all_courses
    race_data[_NUM_COLS] = race_data[_NUM_COLS].fillna(-1)
    ~~~~~~~~~^^^^^^^^^^^
  File "C:\Users\tai-r\AppData\Local\Packages\PythonSoftwareFoundation.Python.3.11_qbz5n2kfra8p0\LocalCache\local-packages\Python311\site-packages\pandas\core\frame.py", line 4079, in __setitem__
    self._setitem_array(key, value)
  File "C:\Users\tai-r\AppData\Local\Packages\PythonSoftwareFoundation.Python.3.11_qbz5n2kfra8p0\LocalCache\local-packages\Python311\site-packages\pandas\core\frame.py", line 4123, in _setitem_array
    self[k1] = value[k2]
    ~~~~^^^^
  File "C:\Users\tai-r\AppData\Local\Packages\PythonSoftwareFoundation.Python.3.11_qbz5n2kfra8p0\LocalCache\local-packages\Python311\site-packages\pandas\core\frame.py", line 4081, in __setitem__
    self._set_item_frame_value(key, value)
  File "C:\Users\tai-r\AppData\Local\Packages\PythonSoftwareFoundation.Python.3.11_qbz5n2kfra8p0\LocalCache\local-packages\Python311\site-packages\pandas\core\frame.py", line 4209, in _set_item_frame_value
    raise ValueError("Columns must be same length as key")
ValueError: Columns must be same length as key
Traceback (most recent call last):
  File "c:\keiba_ai\keiba_ai_ver3.0\scripts\train_v5_models.py", line 174, in train_all_courses
    race_data[_NUM_COLS] = race_data[_NUM_COLS].fillna(-1)
    ~~~~~~~~~^^^^^^^^^^^
  File "C:\Users\tai-r\AppData\Local\Packages\PythonSoftwareFoundation.Python.3.11_qbz5n2kfra8p0\LocalCache\local-packages\Python311\site-packages\pandas\core\frame.py", line 4079, in __setitem__
    self._setitem_array(key, value)
  File "C:\Users\tai-r\AppData\Local\Packages\PythonSoftwareFoundation.Python.3.11_qbz5n2kfra8p0\LocalCache\local-packages\Python311\site-packages\pandas\core\frame.py", line 4123, in _setitem_array
    self[k1] = value[k2]
    ~~~~^^^^
  File "C:\Users\tai-r\AppData\Local\Packages\PythonSoftwareFoundation.Python.3.11_qbz5n2kfra8p0\LocalCache\local-packages\Python311\site-packages\pandas\core\frame.py", line 4081, in __setitem__
    self._set_item_frame_value(key, value)
  File "C:\Users\tai-r\AppData\Local\Packages\PythonSoftwareFoundation.Python.3.11_qbz5n2kfra8p0\LocalCache\local-packages\Python311\site-packages\pandas\core\frame.py", line 4209, in _set_item_frame_value
    raise ValueError("Columns must be same length as key")
ValueError: Columns must be same length as key
Traceback (most recent call last):
  File "c:\keiba_ai\keiba_ai_ver3.0\scripts\train_v5_models.py", line 174, in train_all_courses
    race_data[_NUM_COLS] = race_data[_NUM_COLS].fillna(-1)
    ~~~~~~~~~^^^^^^^^^^^
  File "C:\Users\tai-r\AppData\Local\Packages\PythonSoftwareFoundation.Python.3.11_qbz5n2kfra8p0\LocalCache\local-packages\Python311\site-packages\pandas\core\frame.py", line 4079, in __setitem__
    self._setitem_array(key, value)
  File "C:\Users\tai-r\AppData\Local\Packages\PythonSoftwareFoundation.Python.3.11_qbz5n2kfra8p0\LocalCache\local-packages\Python311\site-packages\pandas\core\frame.py", line 4123, in _setitem_array
    self[k1] = value[k2]
    ~~~~^^^^
  File "C:\Users\tai-r\AppData\Local\Packages\PythonSoftwareFoundation.Python.3.11_qbz5n2kfra8p0\LocalCache\local-packages\Python311\site-packages\pandas\core\frame.py", line 4081, in __setitem__
    self._set_item_frame_value(key, value)
  File "C:\Users\tai-r\AppData\Local\Packages\PythonSoftwareFoundation.Python.3.11_qbz5n2kfra8p0\LocalCache\local-packages\Python311\site-packages\pandas\core\frame.py", line 4209, in _set_item_frame_value
    raise ValueError("Columns must be same length as key")
ValueError: Columns must be same length as key
Traceback (most recent call last):
  File "c:\keiba_ai\keiba_ai_ver3.0\scripts\train_v5_models.py", line 174, in train_all_courses
    race_data[_NUM_COLS] = race_data[_NUM_COLS].fillna(-1)
    ~~~~~~~~~^^^^^^^^^^^
  File "C:\Users\tai-r\AppData\Local\Packages\PythonSoftwareFoundation.Python.3.11_qbz5n2kfra8p0\LocalCache\local-packages\Python311\site-packages\pandas\core\frame.py", line 4079, in __setitem__
    self._setitem_array(key, value)
  File "C:\Users\tai-r\AppData\Local\Packages\PythonSoftwareFoundation.Python.3.11_qbz5n2kfra8p0\LocalCache\local-packages\Python311\site-packages\pandas\core\frame.py", line 4123, in _setitem_array
    self[k1] = value[k2]
    ~~~~^^^^
  File "C:\Users\tai-r\AppData\Local\Packages\PythonSoftwareFoundation.Python.3.11_qbz5n2kfra8p0\LocalCache\local-packages\Python311\site-packages\pandas\core\frame.py", line 4081, in __setitem__
    self._set_item_frame_value(key, value)
  File "C:\Users\tai-r\AppData\Local\Packages\PythonSoftwareFoundation.Python.3.11_qbz5n2kfra8p0\LocalCache\local-packages\Python311\site-packages\pandas\core\frame.py", line 4209, in _set_item_frame_value
    raise ValueError("Columns must be same length as key")
ValueError: Columns must be same length as key
Traceback (most recent call last):
  File "c:\keiba_ai\keiba_ai_ver3.0\scripts\train_v5_models.py", line 174, in train_all_courses
    race_data[_NUM_COLS] = race_data[_NUM_COLS].fillna(-1)
    ~~~~~~~~~^^^^^^^^^^^
  File "C:\Users\tai-r\AppData\Local\Packages\PythonSoftwareFoundation.Python.3.11_qbz5n2kfra8p0\LocalCache\local-packages\Python311\site-packages\pandas\core\frame.py", line 4079, in __setitem__
    self._setitem_array(key, value)
  File "C:\Users\tai-r\AppData\Local\Packages\PythonSoftwareFoundation.Python.3.11_qbz5n2kfra8p0\LocalCache\local-packages\Python311\site-packages\pandas\core\frame.py", line 4123, in _setitem_array
    self[k1] = value[k2]
    ~~~~^^^^
  File "C:\Users\tai-r\AppData\Local\Packages\PythonSoftwareFoundation.Python.3.11_qbz5n2kfra8p0\LocalCache\local-packages\Python311\site-packages\pandas\core\frame.py", line 4081, in __setitem__
    self._set_item_frame_value(key, value)
  File "C:\Users\tai-r\AppData\Local\Packages\PythonSoftwareFoundation.Python.3.11_qbz5n2kfra8p0\LocalCache\local-packages\Python311\site-packages\pandas\core\frame.py", line 4209, in _set_item_frame_value
    raise ValueError("Columns must be same length as key")
ValueError: Columns must be same length as key
Traceback (most recent call last):
  File "c:\keiba_ai\keiba_ai_ver3.0\scripts\train_v5_models.py", line 174, in train_all_courses
    race_data[_NUM_COLS] = race_data[_NUM_COLS].fillna(-1)
    ~~~~~~~~~^^^^^^^^^^^
  File "C:\Users\tai-r\AppData\Local\Packages\PythonSoftwareFoundation.Python.3.11_qbz5n2kfra8p0\LocalCache\local-packages\Python311\site-packages\pandas\core\frame.py", line 4079, in __setitem__
    self._setitem_array(key, value)
  File "C:\Users\tai-r\AppData\Local\Packages\PythonSoftwareFoundation.Python.3.11_qbz5n2kfra8p0\LocalCache\local-packages\Python311\site-packages\pandas\core\frame.py", line 4123, in _setitem_array
    self[k1] = value[k2]
    ~~~~^^^^
  File "C:\Users\tai-r\AppData\Local\Packages\PythonSoftwareFoundation.Python.3.11_qbz5n2kfra8p0\LocalCache\local-packages\Python311\site-packages\pandas\core\frame.py", line 4081, in __setitem__
    self._set_item_frame_value(key, value)
  File "C:\Users\tai-r\AppData\Local\Packages\PythonSoftwareFoundation.Python.3.11_qbz5n2kfra8p0\LocalCache\local-packages\Python311\site-packages\pandas\core\frame.py", line 4209, in _set_item_frame_value
    raise ValueError("Columns must be same length as key")
ValueError: Columns must be same length as key
Traceback (most recent call last):
  File "c:\keiba_ai\keiba_ai_ver3.0\scripts\train_v5_models.py", line 174, in train_all_courses
    race_data[_NUM_COLS] = race_data[_NUM_COLS].fillna(-1)
    ~~~~~~~~~^^^^^^^^^^^
  File "C:\Users\tai-r\AppData\Local\Packages\PythonSoftwareFoundation.Python.3.11_qbz5n2kfra8p0\LocalCache\local-packages\Python311\site-packages\pandas\core\frame.py", line 4079, in __setitem__
    self._setitem_array(key, value)
  File "C:\Users\tai-r\AppData\Local\Packages\PythonSoftwareFoundation.Python.3.11_qbz5n2kfra8p0\LocalCache\local-packages\Python311\site-packages\pandas\core\frame.py", line 4123, in _setitem_array
    self[k1] = value[k2]
    ~~~~^^^^
  File "C:\Users\tai-r\AppData\Local\Packages\PythonSoftwareFoundation.Python.3.11_qbz5n2kfra8p0\LocalCache\local-packages\Python311\site-packages\pandas\core\frame.py", line 4081, in __setitem__
    self._set_item_frame_value(key, value)
  File "C:\Users\tai-r\AppData\Local\Packages\PythonSoftwareFoundation.Python.3.11_qbz5n2kfra8p0\LocalCache\local-packages\Python311\site-packages\pandas\core\frame.py", line 4209, in _set_item_frame_value
    raise ValueError("Columns must be same length as key")
ValueError: Columns must be same length as key
Traceback (most recent call last):
  File "c:\keiba_ai\keiba_ai_ver3.0\scripts\train_v5_models.py", line 174, in train_all_courses
    race_data[_NUM_COLS] = race_data[_NUM_COLS].fillna(-1)
    ~~~~~~~~~^^^^^^^^^^^
  File "C:\Users\tai-r\AppData\Local\Packages\PythonSoftwareFoundation.Python.3.11_qbz5n2kfra8p0\LocalCache\local-packages\Python311\site-packages\pandas\core\frame.py", line 4079, in __setitem__
    self._setitem_array(key, value)
  File "C:\Users\tai-r\AppData\Local\Packages\PythonSoftwareFoundation.Python.3.11_qbz5n2kfra8p0\LocalCache\local-packages\Python311\site-packages\pandas\core\frame.py", line 4123, in _setitem_array
    self[k1] = value[k2]
    ~~~~^^^^
  File "C:\Users\tai-r\AppData\Local\Packages\PythonSoftwareFoundation.Python.3.11_qbz5n2kfra8p0\LocalCache\local-packages\Python311\site-packages\pandas\core\frame.py", line 4081, in __setitem__
    self._set_item_frame_value(key, value)
  File "C:\Users\tai-r\AppData\Local\Packages\PythonSoftwareFoundation.Python.3.11_qbz5n2kfra8p0\LocalCache\local-packages\Python311\site-packages\pandas\core\frame.py", line 4209, in _set_item_frame_value
    raise ValueError("Columns must be same length as key")
ValueError: Columns must be same length as key
Traceback (most recent call last):
  File "c:\keiba_ai\keiba_ai_ver3.0\scripts\train_v5_models.py", line 174, in train_all_courses
    race_data[_NUM_COLS] = race_data[_NUM_COLS].fillna(-1)
    ~~~~~~~~~^^^^^^^^^^^
  File "C:\Users\tai-r\AppData\Local\Packages\PythonSoftwareFoundation.Python.3.11_qbz5n2kfra8p0\LocalCache\local-packages\Python311\site-packages\pandas\core\frame.py", line 4079, in __setitem__
    self._setitem_array(key, value)
  File "C:\Users\tai-r\AppData\Local\Packages\PythonSoftwareFoundation.Python.3.11_qbz5n2kfra8p0\LocalCache\local-packages\Python311\site-packages\pandas\core\frame.py", line 4123, in _setitem_array
    self[k1] = value[k2]
    ~~~~^^^^
  File "C:\Users\tai-r\AppData\Local\Packages\PythonSoftwareFoundation.Python.3.11_qbz5n2kfra8p0\LocalCache\local-packages\Python311\site-packages\pandas\core\frame.py", line 4081, in __setitem__
    self._set_item_frame_value(key, value)
  File "C:\Users\tai-r\AppData\Local\Packages\PythonSoftwareFoundation.Python.3.11_qbz5n2kfra8p0\LocalCache\local-packages\Python311\site-packages\pandas\core\frame.py", line 4209, in _set_item_frame_value
    raise ValueError("Columns must be same length as key")
ValueError: Columns must be same length as key
Traceback (most recent call last):
  File "c:\keiba_ai\keiba_ai_ver3.0\scripts\train_v5_models.py", line 174, in train_all_courses
    race_data[_NUM_COLS] = race_data[_NUM_COLS].fillna(-1)
    ~~~~~~~~~^^^^^^^^^^^
  File "C:\Users\tai-r\AppData\Local\Packages\PythonSoftwareFoundation.Python.3.11_qbz5n2kfra8p0\LocalCache\local-packages\Python311\site-packages\pandas\core\frame.py", line 4079, in __setitem__
    self._setitem_array(key, value)
  File "C:\Users\tai-r\AppData\Local\Packages\PythonSoftwareFoundation.Python.3.11_qbz5n2kfra8p0\LocalCache\local-packages\Python311\site-packages\pandas\core\frame.py", line 4123, in _setitem_array
    self[k1] = value[k2]
    ~~~~^^^^
  File "C:\Users\tai-r\AppData\Local\Packages\PythonSoftwareFoundation.Python.3.11_qbz5n2kfra8p0\LocalCache\local-packages\Python311\site-packages\pandas\core\frame.py", line 4081, in __setitem__
    self._set_item_frame_value(key, value)
  File "C:\Users\tai-r\AppData\Local\Packages\PythonSoftwareFoundation.Python.3.11_qbz5n2kfra8p0\LocalCache\local-packages\Python311\site-packages\pandas\core\frame.py", line 4209, in _set_item_frame_value
    raise ValueError("Columns must be same length as key")
ValueError: Columns must be same length as key
Traceback (most recent call last):
  File "c:\keiba_ai\keiba_ai_ver3.0\scripts\train_v5_models.py", line 174, in train_all_courses
    race_data[_NUM_COLS] = race_data[_NUM_COLS].fillna(-1)
    ~~~~~~~~~^^^^^^^^^^^
  File "C:\Users\tai-r\AppData\Local\Packages\PythonSoftwareFoundation.Python.3.11_qbz5n2kfra8p0\LocalCache\local-packages\Python311\site-packages\pandas\core\frame.py", line 4079, in __setitem__
    self._setitem_array(key, value)
  File "C:\Users\tai-r\AppData\Local\Packages\PythonSoftwareFoundation.Python.3.11_qbz5n2kfra8p0\LocalCache\local-packages\Python311\site-packages\pandas\core\frame.py", line 4123, in _setitem_array
    self[k1] = value[k2]
    ~~~~^^^^
  File "C:\Users\tai-r\AppData\Local\Packages\PythonSoftwareFoundation.Python.3.11_qbz5n2kfra8p0\LocalCache\local-packages\Python311\site-packages\pandas\core\frame.py", line 4081, in __setitem__
    self._set_item_frame_value(key, value)
  File "C:\Users\tai-r\AppData\Local\Packages\PythonSoftwareFoundation.Python.3.11_qbz5n2kfra8p0\LocalCache\local-packages\Python311\site-packages\pandas\core\frame.py", line 4209, in _set_item_frame_value
    raise ValueError("Columns must be same length as key")
ValueError: Columns must be same length as key
Traceback (most recent call last):
  File "c:\keiba_ai\keiba_ai_ver3.0\scripts\train_v5_models.py", line 174, in train_all_courses
    race_data[_NUM_COLS] = race_data[_NUM_COLS].fillna(-1)
    ~~~~~~~~~^^^^^^^^^^^
  File "C:\Users\tai-r\AppData\Local\Packages\PythonSoftwareFoundation.Python.3.11_qbz5n2kfra8p0\LocalCache\local-packages\Python311\site-packages\pandas\core\frame.py", line 4079, in __setitem__
    self._setitem_array(key, value)
  File "C:\Users\tai-r\AppData\Local\Packages\PythonSoftwareFoundation.Python.3.11_qbz5n2kfra8p0\LocalCache\local-packages\Python311\site-packages\pandas\core\frame.py", line 4123, in _setitem_array
    self[k1] = value[k2]
    ~~~~^^^^
  File "C:\Users\tai-r\AppData\Local\Packages\PythonSoftwareFoundation.Python.3.11_qbz5n2kfra8p0\LocalCache\local-packages\Python311\site-packages\pandas\core\frame.py", line 4081, in __setitem__
    self._set_item_frame_value(key, value)
  File "C:\Users\tai-r\AppData\Local\Packages\PythonSoftwareFoundation.Python.3.11_qbz5n2kfra8p0\LocalCache\local-packages\Python311\site-packages\pandas\core\frame.py", line 4209, in _set_item_frame_value
    raise ValueError("Columns must be same length as key")
ValueError: Columns must be same length as key
Traceback (most recent call last):
  File "c:\keiba_ai\keiba_ai_ver3.0\scripts\train_v5_models.py", line 174, in train_all_courses
    race_data[_NUM_COLS] = race_data[_NUM_COLS].fillna(-1)
    ~~~~~~~~~^^^^^^^^^^^
  File "C:\Users\tai-r\AppData\Local\Packages\PythonSoftwareFoundation.Python.3.11_qbz5n2kfra8p0\LocalCache\local-packages\Python311\site-packages\pandas\core\frame.py", line 4079, in __setitem__
    self._setitem_array(key, value)
  File "C:\Users\tai-r\AppData\Local\Packages\PythonSoftwareFoundation.Python.3.11_qbz5n2kfra8p0\LocalCache\local-packages\Python311\site-packages\pandas\core\frame.py", line 4123, in _setitem_array
    self[k1] = value[k2]
    ~~~~^^^^
  File "C:\Users\tai-r\AppData\Local\Packages\PythonSoftwareFoundation.Python.3.11_qbz5n2kfra8p0\LocalCache\local-packages\Python311\site-packages\pandas\core\frame.py", line 4081, in __setitem__
    self._set_item_frame_value(key, value)
  File "C:\Users\tai-r\AppData\Local\Packages\PythonSoftwareFoundation.Python.3.11_qbz5n2kfra8p0\LocalCache\local-packages\Python311\site-packages\pandas\core\frame.py", line 4209, in _set_item_frame_value
    raise ValueError("Columns must be same length as key")
ValueError: Columns must be same length as key
Traceback (most recent call last):
  File "c:\keiba_ai\keiba_ai_ver3.0\scripts\train_v5_models.py", line 174, in train_all_courses
    race_data[_NUM_COLS] = race_data[_NUM_COLS].fillna(-1)
    ~~~~~~~~~^^^^^^^^^^^
  File "C:\Users\tai-r\AppData\Local\Packages\PythonSoftwareFoundation.Python.3.11_qbz5n2kfra8p0\LocalCache\local-packages\Python311\site-packages\pandas\core\frame.py", line 4079, in __setitem__
    self._setitem_array(key, value)
  File "C:\Users\tai-r\AppData\Local\Packages\PythonSoftwareFoundation.Python.3.11_qbz5n2kfra8p0\LocalCache\local-packages\Python311\site-packages\pandas\core\frame.py", line 4123, in _setitem_array
    self[k1] = value[k2]
    ~~~~^^^^
  File "C:\Users\tai-r\AppData\Local\Packages\PythonSoftwareFoundation.Python.3.11_qbz5n2kfra8p0\LocalCache\local-packages\Python311\site-packages\pandas\core\frame.py", line 4081, in __setitem__
    self._set_item_frame_value(key, value)
  File "C:\Users\tai-r\AppData\Local\Packages\PythonSoftwareFoundation.Python.3.11_qbz5n2kfra8p0\LocalCache\local-packages\Python311\site-packages\pandas\core\frame.py", line 4209, in _set_item_frame_value
    raise ValueError("Columns must be same length as key")
ValueError: Columns must be same length as key
Traceback (most recent call last):
  File "c:\keiba_ai\keiba_ai_ver3.0\scripts\train_v5_models.py", line 174, in train_all_courses
    race_data[_NUM_COLS] = race_data[_NUM_COLS].fillna(-1)
    ~~~~~~~~~^^^^^^^^^^^
  File "C:\Users\tai-r\AppData\Local\Packages\PythonSoftwareFoundation.Python.3.11_qbz5n2kfra8p0\LocalCache\local-packages\Python311\site-packages\pandas\core\frame.py", line 4079, in __setitem__
    self._setitem_array(key, value)
  File "C:\Users\tai-r\AppData\Local\Packages\PythonSoftwareFoundation.Python.3.11_qbz5n2kfra8p0\LocalCache\local-packages\Python311\site-packages\pandas\core\frame.py", line 4123, in _setitem_array
    self[k1] = value[k2]
    ~~~~^^^^
  File "C:\Users\tai-r\AppData\Local\Packages\PythonSoftwareFoundation.Python.3.11_qbz5n2kfra8p0\LocalCache\local-packages\Python311\site-packages\pandas\core\frame.py", line 4081, in __setitem__
    self._set_item_frame_value(key, value)
  File "C:\Users\tai-r\AppData\Local\Packages\PythonSoftwareFoundation.Python.3.11_qbz5n2kfra8p0\LocalCache\local-packages\Python311\site-packages\pandas\core\frame.py", line 4209, in _set_item_frame_value
    raise ValueError("Columns must be same length as key")
ValueError: Columns must be same length as key
Traceback (most recent call last):
  File "c:\keiba_ai\keiba_ai_ver3.0\scripts\train_v5_models.py", line 174, in train_all_courses
    race_data[_NUM_COLS] = race_data[_NUM_COLS].fillna(-1)
    ~~~~~~~~~^^^^^^^^^^^
  File "C:\Users\tai-r\AppData\Local\Packages\PythonSoftwareFoundation.Python.3.11_qbz5n2kfra8p0\LocalCache\local-packages\Python311\site-packages\pandas\core\frame.py", line 4079, in __setitem__
    self._setitem_array(key, value)
  File "C:\Users\tai-r\AppData\Local\Packages\PythonSoftwareFoundation.Python.3.11_qbz5n2kfra8p0\LocalCache\local-packages\Python311\site-packages\pandas\core\frame.py", line 4123, in _setitem_array
    self[k1] = value[k2]
    ~~~~^^^^
  File "C:\Users\tai-r\AppData\Local\Packages\PythonSoftwareFoundation.Python.3.11_qbz5n2kfra8p0\LocalCache\local-packages\Python311\site-packages\pandas\core\frame.py", line 4081, in __setitem__
    self._set_item_frame_value(key, value)
  File "C:\Users\tai-r\AppData\Local\Packages\PythonSoftwareFoundation.Python.3.11_qbz5n2kfra8p0\LocalCache\local-packages\Python311\site-packages\pandas\core\frame.py", line 4209, in _set_item_frame_value
    raise ValueError("Columns must be same length as key")
ValueError: Columns must be same length as key
Traceback (most recent call last):
  File "c:\keiba_ai\keiba_ai_ver3.0\scripts\train_v5_models.py", line 174, in train_all_courses
    race_data[_NUM_COLS] = race_data[_NUM_COLS].fillna(-1)
    ~~~~~~~~~^^^^^^^^^^^
  File "C:\Users\tai-r\AppData\Local\Packages\PythonSoftwareFoundation.Python.3.11_qbz5n2kfra8p0\LocalCache\local-packages\Python311\site-packages\pandas\core\frame.py", line 4079, in __setitem__
    self._setitem_array(key, value)
  File "C:\Users\tai-r\AppData\Local\Packages\PythonSoftwareFoundation.Python.3.11_qbz5n2kfra8p0\LocalCache\local-packages\Python311\site-packages\pandas\core\frame.py", line 4123, in _setitem_array
    self[k1] = value[k2]
    ~~~~^^^^
  File "C:\Users\tai-r\AppData\Local\Packages\PythonSoftwareFoundation.Python.3.11_qbz5n2kfra8p0\LocalCache\local-packages\Python311\site-packages\pandas\core\frame.py", line 4081, in __setitem__
    self._set_item_frame_value(key, value)
  File "C:\Users\tai-r\AppData\Local\Packages\PythonSoftwareFoundation.Python.3.11_qbz5n2kfra8p0\LocalCache\local-packages\Python311\site-packages\pandas\core\frame.py", line 4209, in _set_item_frame_value
    raise ValueError("Columns must be same length as key")
ValueError: Columns must be same length as key
Traceback (most recent call last):
  File "c:\keiba_ai\keiba_ai_ver3.0\scripts\train_v5_models.py", line 174, in train_all_courses
    race_data[_NUM_COLS] = race_data[_NUM_COLS].fillna(-1)
    ~~~~~~~~~^^^^^^^^^^^
  File "C:\Users\tai-r\AppData\Local\Packages\PythonSoftwareFoundation.Python.3.11_qbz5n2kfra8p0\LocalCache\local-packages\Python311\site-packages\pandas\core\frame.py", line 4079, in __setitem__
    self._setitem_array(key, value)
  File "C:\Users\tai-r\AppData\Local\Packages\PythonSoftwareFoundation.Python.3.11_qbz5n2kfra8p0\LocalCache\local-packages\Python311\site-packages\pandas\core\frame.py", line 4123, in _setitem_array
    self[k1] = value[k2]
    ~~~~^^^^
  File "C:\Users\tai-r\AppData\Local\Packages\PythonSoftwareFoundation.Python.3.11_qbz5n2kfra8p0\LocalCache\local-packages\Python311\site-packages\pandas\core\frame.py", line 4081, in __setitem__
    self._set_item_frame_value(key, value)
  File "C:\Users\tai-r\AppData\Local\Packages\PythonSoftwareFoundation.Python.3.11_qbz5n2kfra8p0\LocalCache\local-packages\Python311\site-packages\pandas\core\frame.py", line 4209, in _set_item_frame_value
    raise ValueError("Columns must be same length as key")
ValueError: Columns must be same length as key
Traceback (most recent call last):
  File "c:\keiba_ai\keiba_ai_ver3.0\scripts\train_v5_models.py", line 174, in train_all_courses
    race_data[_NUM_COLS] = race_data[_NUM_COLS].fillna(-1)
    ~~~~~~~~~^^^^^^^^^^^
  File "C:\Users\tai-r\AppData\Local\Packages\PythonSoftwareFoundation.Python.3.11_qbz5n2kfra8p0\LocalCache\local-packages\Python311\site-packages\pandas\core\frame.py", line 4079, in __setitem__
    self._setitem_array(key, value)
  File "C:\Users\tai-r\AppData\Local\Packages\PythonSoftwareFoundation.Python.3.11_qbz5n2kfra8p0\LocalCache\local-packages\Python311\site-packages\pandas\core\frame.py", line 4123, in _setitem_array
    self[k1] = value[k2]
    ~~~~^^^^
  File "C:\Users\tai-r\AppData\Local\Packages\PythonSoftwareFoundation.Python.3.11_qbz5n2kfra8p0\LocalCache\local-packages\Python311\site-packages\pandas\core\frame.py", line 4081, in __setitem__
    self._set_item_frame_value(key, value)
  File "C:\Users\tai-r\AppData\Local\Packages\PythonSoftwareFoundation.Python.3.11_qbz5n2kfra8p0\LocalCache\local-packages\Python311\site-packages\pandas\core\frame.py", line 4209, in _set_item_frame_value
    raise ValueError("Columns must be same length as key")
ValueError: Columns must be same length as key
Traceback (most recent call last):
  File "c:\keiba_ai\keiba_ai_ver3.0\scripts\train_v5_models.py", line 174, in train_all_courses
    race_data[_NUM_COLS] = race_data[_NUM_COLS].fillna(-1)
    ~~~~~~~~~^^^^^^^^^^^
  File "C:\Users\tai-r\AppData\Local\Packages\PythonSoftwareFoundation.Python.3.11_qbz5n2kfra8p0\LocalCache\local-packages\Python311\site-packages\pandas\core\frame.py", line 4079, in __setitem__
    self._setitem_array(key, value)
  File "C:\Users\tai-r\AppData\Local\Packages\PythonSoftwareFoundation.Python.3.11_qbz5n2kfra8p0\LocalCache\local-packages\Python311\site-packages\pandas\core\frame.py", line 4123, in _setitem_array
    self[k1] = value[k2]
    ~~~~^^^^
  File "C:\Users\tai-r\AppData\Local\Packages\PythonSoftwareFoundation.Python.3.11_qbz5n2kfra8p0\LocalCache\local-packages\Python311\site-packages\pandas\core\frame.py", line 4081, in __setitem__
    self._set_item_frame_value(key, value)
  File "C:\Users\tai-r\AppData\Local\Packages\PythonSoftwareFoundation.Python.3.11_qbz5n2kfra8p0\LocalCache\local-packages\Python311\site-packages\pandas\core\frame.py", line 4209, in _set_item_frame_value
    raise ValueError("Columns must be same length as key")
ValueError: Columns must be same length as key
Traceback (most recent call last):
  File "c:\keiba_ai\keiba_ai_ver3.0\scripts\train_v5_models.py", line 174, in train_all_courses
    race_data[_NUM_COLS] = race_data[_NUM_COLS].fillna(-1)
    ~~~~~~~~~^^^^^^^^^^^
  File "C:\Users\tai-r\AppData\Local\Packages\PythonSoftwareFoundation.Python.3.11_qbz5n2kfra8p0\LocalCache\local-packages\Python311\site-packages\pandas\core\frame.py", line 4079, in __setitem__
    self._setitem_array(key, value)
  File "C:\Users\tai-r\AppData\Local\Packages\PythonSoftwareFoundation.Python.3.11_qbz5n2kfra8p0\LocalCache\local-packages\Python311\site-packages\pandas\core\frame.py", line 4123, in _setitem_array
    self[k1] = value[k2]
    ~~~~^^^^
  File "C:\Users\tai-r\AppData\Local\Packages\PythonSoftwareFoundation.Python.3.11_qbz5n2kfra8p0\LocalCache\local-packages\Python311\site-packages\pandas\core\frame.py", line 4081, in __setitem__
    self._set_item_frame_value(key, value)
  File "C:\Users\tai-r\AppData\Local\Packages\PythonSoftwareFoundation.Python.3.11_qbz5n2kfra8p0\LocalCache\local-packages\Python311\site-packages\pandas\core\frame.py", line 4209, in _set_item_frame_value
    raise ValueError("Columns must be same length as key")
ValueError: Columns must be same length as key
Traceback (most recent call last):
  File "c:\keiba_ai\keiba_ai_ver3.0\scripts\train_v5_models.py", line 174, in train_all_courses
    race_data[_NUM_COLS] = race_data[_NUM_COLS].fillna(-1)
    ~~~~~~~~~^^^^^^^^^^^
  File "C:\Users\tai-r\AppData\Local\Packages\PythonSoftwareFoundation.Python.3.11_qbz5n2kfra8p0\LocalCache\local-packages\Python311\site-packages\pandas\core\frame.py", line 4079, in __setitem__
    self._setitem_array(key, value)
  File "C:\Users\tai-r\AppData\Local\Packages\PythonSoftwareFoundation.Python.3.11_qbz5n2kfra8p0\LocalCache\local-packages\Python311\site-packages\pandas\core\frame.py", line 4123, in _setitem_array
    self[k1] = value[k2]
    ~~~~^^^^
  File "C:\Users\tai-r\AppData\Local\Packages\PythonSoftwareFoundation.Python.3.11_qbz5n2kfra8p0\LocalCache\local-packages\Python311\site-packages\pandas\core\frame.py", line 4081, in __setitem__
    self._set_item_frame_value(key, value)
  File "C:\Users\tai-r\AppData\Local\Packages\PythonSoftwareFoundation.Python.3.11_qbz5n2kfra8p0\LocalCache\local-packages\Python311\site-packages\pandas\core\frame.py", line 4209, in _set_item_frame_value
    raise ValueError("Columns must be same length as key")
ValueError: Columns must be same length as key
Traceback (most recent call last):
  File "c:\keiba_ai\keiba_ai_ver3.0\scripts\train_v5_models.py", line 174, in train_all_courses
    race_data[_NUM_COLS] = race_data[_NUM_COLS].fillna(-1)
    ~~~~~~~~~^^^^^^^^^^^
  File "C:\Users\tai-r\AppData\Local\Packages\PythonSoftwareFoundation.Python.3.11_qbz5n2kfra8p0\LocalCache\local-packages\Python311\site-packages\pandas\core\frame.py", line 4079, in __setitem__
    self._setitem_array(key, value)
  File "C:\Users\tai-r\AppData\Local\Packages\PythonSoftwareFoundation.Python.3.11_qbz5n2kfra8p0\LocalCache\local-packages\Python311\site-packages\pandas\core\frame.py", line 4123, in _setitem_array
    self[k1] = value[k2]
    ~~~~^^^^
  File "C:\Users\tai-r\AppData\Local\Packages\PythonSoftwareFoundation.Python.3.11_qbz5n2kfra8p0\LocalCache\local-packages\Python311\site-packages\pandas\core\frame.py", line 4081, in __setitem__
    self._set_item_frame_value(key, value)
  File "C:\Users\tai-r\AppData\Local\Packages\PythonSoftwareFoundation.Python.3.11_qbz5n2kfra8p0\LocalCache\local-packages\Python311\site-packages\pandas\core\frame.py", line 4209, in _set_item_frame_value
    raise ValueError("Columns must be same length as key")
ValueError: Columns must be same length as key
Traceback (most recent call last):
  File "c:\keiba_ai\keiba_ai_ver3.0\scripts\train_v5_models.py", line 174, in train_all_courses
    race_data[_NUM_COLS] = race_data[_NUM_COLS].fillna(-1)
    ~~~~~~~~~^^^^^^^^^^^
  File "C:\Users\tai-r\AppData\Local\Packages\PythonSoftwareFoundation.Python.3.11_qbz5n2kfra8p0\LocalCache\local-packages\Python311\site-packages\pandas\core\frame.py", line 4079, in __setitem__
    self._setitem_array(key, value)
  File "C:\Users\tai-r\AppData\Local\Packages\PythonSoftwareFoundation.Python.3.11_qbz5n2kfra8p0\LocalCache\local-packages\Python311\site-packages\pandas\core\frame.py", line 4123, in _setitem_array
    self[k1] = value[k2]
    ~~~~^^^^
  File "C:\Users\tai-r\AppData\Local\Packages\PythonSoftwareFoundation.Python.3.11_qbz5n2kfra8p0\LocalCache\local-packages\Python311\site-packages\pandas\core\frame.py", line 4081, in __setitem__
    self._set_item_frame_value(key, value)
  File "C:\Users\tai-r\AppData\Local\Packages\PythonSoftwareFoundation.Python.3.11_qbz5n2kfra8p0\LocalCache\local-packages\Python311\site-packages\pandas\core\frame.py", line 4209, in _set_item_frame_value
    raise ValueError("Columns must be same length as key")
ValueError: Columns must be same length as key
Traceback (most recent call last):
  File "c:\keiba_ai\keiba_ai_ver3.0\scripts\train_v5_models.py", line 174, in train_all_courses
    race_data[_NUM_COLS] = race_data[_NUM_COLS].fillna(-1)
    ~~~~~~~~~^^^^^^^^^^^
  File "C:\Users\tai-r\AppData\Local\Packages\PythonSoftwareFoundation.Python.3.11_qbz5n2kfra8p0\LocalCache\local-packages\Python311\site-packages\pandas\core\frame.py", line 4079, in __setitem__
    self._setitem_array(key, value)
  File "C:\Users\tai-r\AppData\Local\Packages\PythonSoftwareFoundation.Python.3.11_qbz5n2kfra8p0\LocalCache\local-packages\Python311\site-packages\pandas\core\frame.py", line 4123, in _setitem_array
    self[k1] = value[k2]
    ~~~~^^^^
  File "C:\Users\tai-r\AppData\Local\Packages\PythonSoftwareFoundation.Python.3.11_qbz5n2kfra8p0\LocalCache\local-packages\Python311\site-packages\pandas\core\frame.py", line 4081, in __setitem__
    self._set_item_frame_value(key, value)
  File "C:\Users\tai-r\AppData\Local\Packages\PythonSoftwareFoundation.Python.3.11_qbz5n2kfra8p0\LocalCache\local-packages\Python311\site-packages\pandas\core\frame.py", line 4209, in _set_item_frame_value
    raise ValueError("Columns must be same length as key")
ValueError: Columns must be same length as key
Traceback (most recent call last):
  File "c:\keiba_ai\keiba_ai_ver3.0\scripts\train_v5_models.py", line 174, in train_all_courses
    race_data[_NUM_COLS] = race_data[_NUM_COLS].fillna(-1)
    ~~~~~~~~~^^^^^^^^^^^
  File "C:\Users\tai-r\AppData\Local\Packages\PythonSoftwareFoundation.Python.3.11_qbz5n2kfra8p0\LocalCache\local-packages\Python311\site-packages\pandas\core\frame.py", line 4079, in __setitem__
    self._setitem_array(key, value)
  File "C:\Users\tai-r\AppData\Local\Packages\PythonSoftwareFoundation.Python.3.11_qbz5n2kfra8p0\LocalCache\local-packages\Python311\site-packages\pandas\core\frame.py", line 4123, in _setitem_array
    self[k1] = value[k2]
    ~~~~^^^^
  File "C:\Users\tai-r\AppData\Local\Packages\PythonSoftwareFoundation.Python.3.11_qbz5n2kfra8p0\LocalCache\local-packages\Python311\site-packages\pandas\core\frame.py", line 4081, in __setitem__
    self._set_item_frame_value(key, value)
  File "C:\Users\tai-r\AppData\Local\Packages\PythonSoftwareFoundation.Python.3.11_qbz5n2kfra8p0\LocalCache\local-packages\Python311\site-packages\pandas\core\frame.py", line 4209, in _set_item_frame_value
    raise ValueError("Columns must be same length as key")
ValueError: Columns must be same length as key
Traceback (most recent call last):
  File "c:\keiba_ai\keiba_ai_ver3.0\scripts\train_v5_models.py", line 174, in train_all_courses
    race_data[_NUM_COLS] = race_data[_NUM_COLS].fillna(-1)
    ~~~~~~~~~^^^^^^^^^^^
  File "C:\Users\tai-r\AppData\Local\Packages\PythonSoftwareFoundation.Python.3.11_qbz5n2kfra8p0\LocalCache\local-packages\Python311\site-packages\pandas\core\frame.py", line 4079, in __setitem__
    self._setitem_array(key, value)
  File "C:\Users\tai-r\AppData\Local\Packages\PythonSoftwareFoundation.Python.3.11_qbz5n2kfra8p0\LocalCache\local-packages\Python311\site-packages\pandas\core\frame.py", line 4123, in _setitem_array
    self[k1] = value[k2]
    ~~~~^^^^
  File "C:\Users\tai-r\AppData\Local\Packages\PythonSoftwareFoundation.Python.3.11_qbz5n2kfra8p0\LocalCache\local-packages\Python311\site-packages\pandas\core\frame.py", line 4081, in __setitem__
    self._set_item_frame_value(key, value)
  File "C:\Users\tai-r\AppData\Local\Packages\PythonSoftwareFoundation.Python.3.11_qbz5n2kfra8p0\LocalCache\local-packages\Python311\site-packages\pandas\core\frame.py", line 4209, in _set_item_frame_value
    raise ValueError("Columns must be same length as key")
ValueError: Columns must be same length as key
Traceback (most recent call last):
  File "c:\keiba_ai\keiba_ai_ver3.0\scripts\train_v5_models.py", line 174, in train_all_courses
    race_data[_NUM_COLS] = race_data[_NUM_COLS].fillna(-1)
    ~~~~~~~~~^^^^^^^^^^^
  File "C:\Users\tai-r\AppData\Local\Packages\PythonSoftwareFoundation.Python.3.11_qbz5n2kfra8p0\LocalCache\local-packages\Python311\site-packages\pandas\core\frame.py", line 4079, in __setitem__
    self._setitem_array(key, value)
  File "C:\Users\tai-r\AppData\Local\Packages\PythonSoftwareFoundation.Python.3.11_qbz5n2kfra8p0\LocalCache\local-packages\Python311\site-packages\pandas\core\frame.py", line 4123, in _setitem_array
    self[k1] = value[k2]
    ~~~~^^^^
  File "C:\Users\tai-r\AppData\Local\Packages\PythonSoftwareFoundation.Python.3.11_qbz5n2kfra8p0\LocalCache\local-packages\Python311\site-packages\pandas\core\frame.py", line 4081, in __setitem__
    self._set_item_frame_value(key, value)
  File "C:\Users\tai-r\AppData\Local\Packages\PythonSoftwareFoundation.Python.3.11_qbz5n2kfra8p0\LocalCache\local-packages\Python311\site-packages\pandas\core\frame.py", line 4209, in _set_item_frame_value
    raise ValueError("Columns must be same length as key")
ValueError: Columns must be same length as key
Traceback (most recent call last):
  File "c:\keiba_ai\keiba_ai_ver3.0\scripts\train_v5_models.py", line 174, in train_all_courses
    race_data[_NUM_COLS] = race_data[_NUM_COLS].fillna(-1)
    ~~~~~~~~~^^^^^^^^^^^
  File "C:\Users\tai-r\AppData\Local\Packages\PythonSoftwareFoundation.Python.3.11_qbz5n2kfra8p0\LocalCache\local-packages\Python311\site-packages\pandas\core\frame.py", line 4079, in __setitem__
    self._setitem_array(key, value)
  File "C:\Users\tai-r\AppData\Local\Packages\PythonSoftwareFoundation.Python.3.11_qbz5n2kfra8p0\LocalCache\local-packages\Python311\site-packages\pandas\core\frame.py", line 4123, in _setitem_array
    self[k1] = value[k2]
    ~~~~^^^^
  File "C:\Users\tai-r\AppData\Local\Packages\PythonSoftwareFoundation.Python.3.11_qbz5n2kfra8p0\LocalCache\local-packages\Python311\site-packages\pandas\core\frame.py", line 4081, in __setitem__
    self._set_item_frame_value(key, value)
  File "C:\Users\tai-r\AppData\Local\Packages\PythonSoftwareFoundation.Python.3.11_qbz5n2kfra8p0\LocalCache\local-packages\Python311\site-packages\pandas\core\frame.py", line 4209, in _set_item_frame_value
    raise ValueError("Columns must be same length as key")
ValueError: Columns must be same length as key
Traceback (most recent call last):
  File "c:\keiba_ai\keiba_ai_ver3.0\scripts\train_v5_models.py", line 174, in train_all_courses
    race_data[_NUM_COLS] = race_data[_NUM_COLS].fillna(-1)
    ~~~~~~~~~^^^^^^^^^^^
  File "C:\Users\tai-r\AppData\Local\Packages\PythonSoftwareFoundation.Python.3.11_qbz5n2kfra8p0\LocalCache\local-packages\Python311\site-packages\pandas\core\frame.py", line 4079, in __setitem__
    self._setitem_array(key, value)
  File "C:\Users\tai-r\AppData\Local\Packages\PythonSoftwareFoundation.Python.3.11_qbz5n2kfra8p0\LocalCache\local-packages\Python311\site-packages\pandas\core\frame.py", line 4123, in _setitem_array
    self[k1] = value[k2]
    ~~~~^^^^
  File "C:\Users\tai-r\AppData\Local\Packages\PythonSoftwareFoundation.Python.3.11_qbz5n2kfra8p0\LocalCache\local-packages\Python311\site-packages\pandas\core\frame.py", line 4081, in __setitem__
    self._set_item_frame_value(key, value)
  File "C:\Users\tai-r\AppData\Local\Packages\PythonSoftwareFoundation.Python.3.11_qbz5n2kfra8p0\LocalCache\local-packages\Python311\site-packages\pandas\core\frame.py", line 4209, in _set_item_frame_value
    raise ValueError("Columns must be same length as key")
ValueError: Columns must be same length as key
Traceback (most recent call last):
  File "c:\keiba_ai\keiba_ai_ver3.0\scripts\train_v5_models.py", line 174, in train_all_courses
    race_data[_NUM_COLS] = race_data[_NUM_COLS].fillna(-1)
    ~~~~~~~~~^^^^^^^^^^^
  File "C:\Users\tai-r\AppData\Local\Packages\PythonSoftwareFoundation.Python.3.11_qbz5n2kfra8p0\LocalCache\local-packages\Python311\site-packages\pandas\core\frame.py", line 4079, in __setitem__
    self._setitem_array(key, value)
  File "C:\Users\tai-r\AppData\Local\Packages\PythonSoftwareFoundation.Python.3.11_qbz5n2kfra8p0\LocalCache\local-packages\Python311\site-packages\pandas\core\frame.py", line 4123, in _setitem_array
    self[k1] = value[k2]
    ~~~~^^^^
  File "C:\Users\tai-r\AppData\Local\Packages\PythonSoftwareFoundation.Python.3.11_qbz5n2kfra8p0\LocalCache\local-packages\Python311\site-packages\pandas\core\frame.py", line 4081, in __setitem__
    self._set_item_frame_value(key, value)
  File "C:\Users\tai-r\AppData\Local\Packages\PythonSoftwareFoundation.Python.3.11_qbz5n2kfra8p0\LocalCache\local-packages\Python311\site-packages\pandas\core\frame.py", line 4209, in _set_item_frame_value
    raise ValueError("Columns must be same length as key")
ValueError: Columns must be same length as key
Traceback (most recent call last):
  File "c:\keiba_ai\keiba_ai_ver3.0\scripts\train_v5_models.py", line 174, in train_all_courses
    race_data[_NUM_COLS] = race_data[_NUM_COLS].fillna(-1)
    ~~~~~~~~~^^^^^^^^^^^
  File "C:\Users\tai-r\AppData\Local\Packages\PythonSoftwareFoundation.Python.3.11_qbz5n2kfra8p0\LocalCache\local-packages\Python311\site-packages\pandas\core\frame.py", line 4079, in __setitem__
    self._setitem_array(key, value)
  File "C:\Users\tai-r\AppData\Local\Packages\PythonSoftwareFoundation.Python.3.11_qbz5n2kfra8p0\LocalCache\local-packages\Python311\site-packages\pandas\core\frame.py", line 4123, in _setitem_array
    self[k1] = value[k2]
    ~~~~^^^^
  File "C:\Users\tai-r\AppData\Local\Packages\PythonSoftwareFoundation.Python.3.11_qbz5n2kfra8p0\LocalCache\local-packages\Python311\site-packages\pandas\core\frame.py", line 4081, in __setitem__
    self._set_item_frame_value(key, value)
  File "C:\Users\tai-r\AppData\Local\Packages\PythonSoftwareFoundation.Python.3.11_qbz5n2kfra8p0\LocalCache\local-packages\Python311\site-packages\pandas\core\frame.py", line 4209, in _set_item_frame_value
    raise ValueError("Columns must be same length as key")
ValueError: Columns must be same length as key
Traceback (most recent call last):
  File "c:\keiba_ai\keiba_ai_ver3.0\scripts\train_v5_models.py", line 174, in train_all_courses
    race_data[_NUM_COLS] = race_data[_NUM_COLS].fillna(-1)
    ~~~~~~~~~^^^^^^^^^^^
  File "C:\Users\tai-r\AppData\Local\Packages\PythonSoftwareFoundation.Python.3.11_qbz5n2kfra8p0\LocalCache\local-packages\Python311\site-packages\pandas\core\frame.py", line 4079, in __setitem__
    self._setitem_array(key, value)
  File "C:\Users\tai-r\AppData\Local\Packages\PythonSoftwareFoundation.Python.3.11_qbz5n2kfra8p0\LocalCache\local-packages\Python311\site-packages\pandas\core\frame.py", line 4123, in _setitem_array
    self[k1] = value[k2]
    ~~~~^^^^
  File "C:\Users\tai-r\AppData\Local\Packages\PythonSoftwareFoundation.Python.3.11_qbz5n2kfra8p0\LocalCache\local-packages\Python311\site-packages\pandas\core\frame.py", line 4081, in __setitem__
    self._set_item_frame_value(key, value)
  File "C:\Users\tai-r\AppData\Local\Packages\PythonSoftwareFoundation.Python.3.11_qbz5n2kfra8p0\LocalCache\local-packages\Python311\site-packages\pandas\core\frame.py", line 4209, in _set_item_frame_value
    raise ValueError("Columns must be same length as key")
ValueError: Columns must be same length as key
Traceback (most recent call last):
  File "c:\keiba_ai\keiba_ai_ver3.0\scripts\train_v5_models.py", line 174, in train_all_courses
    race_data[_NUM_COLS] = race_data[_NUM_COLS].fillna(-1)
    ~~~~~~~~~^^^^^^^^^^^
  File "C:\Users\tai-r\AppData\Local\Packages\PythonSoftwareFoundation.Python.3.11_qbz5n2kfra8p0\LocalCache\local-packages\Python311\site-packages\pandas\core\frame.py", line 4079, in __setitem__
    self._setitem_array(key, value)
  File "C:\Users\tai-r\AppData\Local\Packages\PythonSoftwareFoundation.Python.3.11_qbz5n2kfra8p0\LocalCache\local-packages\Python311\site-packages\pandas\core\frame.py", line 4123, in _setitem_array
    self[k1] = value[k2]
    ~~~~^^^^
  File "C:\Users\tai-r\AppData\Local\Packages\PythonSoftwareFoundation.Python.3.11_qbz5n2kfra8p0\LocalCache\local-packages\Python311\site-packages\pandas\core\frame.py", line 4081, in __setitem__
    self._set_item_frame_value(key, value)
  File "C:\Users\tai-r\AppData\Local\Packages\PythonSoftwareFoundation.Python.3.11_qbz5n2kfra8p0\LocalCache\local-packages\Python311\site-packages\pandas\core\frame.py", line 4209, in _set_item_frame_value
    raise ValueError("Columns must be same length as key")
ValueError: Columns must be same length as key
Traceback (most recent call last):
  File "c:\keiba_ai\keiba_ai_ver3.0\scripts\train_v5_models.py", line 174, in train_all_courses
    race_data[_NUM_COLS] = race_data[_NUM_COLS].fillna(-1)
    ~~~~~~~~~^^^^^^^^^^^
  File "C:\Users\tai-r\AppData\Local\Packages\PythonSoftwareFoundation.Python.3.11_qbz5n2kfra8p0\LocalCache\local-packages\Python311\site-packages\pandas\core\frame.py", line 4079, in __setitem__
    self._setitem_array(key, value)
  File "C:\Users\tai-r\AppData\Local\Packages\PythonSoftwareFoundation.Python.3.11_qbz5n2kfra8p0\LocalCache\local-packages\Python311\site-packages\pandas\core\frame.py", line 4123, in _setitem_array
    self[k1] = value[k2]
    ~~~~^^^^
  File "C:\Users\tai-r\AppData\Local\Packages\PythonSoftwareFoundation.Python.3.11_qbz5n2kfra8p0\LocalCache\local-packages\Python311\site-packages\pandas\core\frame.py", line 4081, in __setitem__
    self._set_item_frame_value(key, value)
  File "C:\Users\tai-r\AppData\Local\Packages\PythonSoftwareFoundation.Python.3.11_qbz5n2kfra8p0\LocalCache\local-packages\Python311\site-packages\pandas\core\frame.py", line 4209, in _set_item_frame_value
    raise ValueError("Columns must be same length as key")
ValueError: Columns must be same length as key
Traceback (most recent call last):
  File "c:\keiba_ai\keiba_ai_ver3.0\scripts\train_v5_models.py", line 174, in train_all_courses
    race_data[_NUM_COLS] = race_data[_NUM_COLS].fillna(-1)
    ~~~~~~~~~^^^^^^^^^^^
  File "C:\Users\tai-r\AppData\Local\Packages\PythonSoftwareFoundation.Python.3.11_qbz5n2kfra8p0\LocalCache\local-packages\Python311\site-packages\pandas\core\frame.py", line 4079, in __setitem__
    self._setitem_array(key, value)
  File "C:\Users\tai-r\AppData\Local\Packages\PythonSoftwareFoundation.Python.3.11_qbz5n2kfra8p0\LocalCache\local-packages\Python311\site-packages\pandas\core\frame.py", line 4123, in _setitem_array
    self[k1] = value[k2]
    ~~~~^^^^
  File "C:\Users\tai-r\AppData\Local\Packages\PythonSoftwareFoundation.Python.3.11_qbz5n2kfra8p0\LocalCache\local-packages\Python311\site-packages\pandas\core\frame.py", line 4081, in __setitem__
    self._set_item_frame_value(key, value)
  File "C:\Users\tai-r\AppData\Local\Packages\PythonSoftwareFoundation.Python.3.11_qbz5n2kfra8p0\LocalCache\local-packages\Python311\site-packages\pandas\core\frame.py", line 4209, in _set_item_frame_value
    raise ValueError("Columns must be same length as key")
ValueError: Columns must be same length as key
Traceback (most recent call last):
  File "c:\keiba_ai\keiba_ai_ver3.0\scripts\train_v5_models.py", line 174, in train_all_courses
    race_data[_NUM_COLS] = race_data[_NUM_COLS].fillna(-1)
    ~~~~~~~~~^^^^^^^^^^^
  File "C:\Users\tai-r\AppData\Local\Packages\PythonSoftwareFoundation.Python.3.11_qbz5n2kfra8p0\LocalCache\local-packages\Python311\site-packages\pandas\core\frame.py", line 4079, in __setitem__
    self._setitem_array(key, value)
  File "C:\Users\tai-r\AppData\Local\Packages\PythonSoftwareFoundation.Python.3.11_qbz5n2kfra8p0\LocalCache\local-packages\Python311\site-packages\pandas\core\frame.py", line 4123, in _setitem_array
    self[k1] = value[k2]
    ~~~~^^^^
  File "C:\Users\tai-r\AppData\Local\Packages\PythonSoftwareFoundation.Python.3.11_qbz5n2kfra8p0\LocalCache\local-packages\Python311\site-packages\pandas\core\frame.py", line 4081, in __setitem__
    self._set_item_frame_value(key, value)
  File "C:\Users\tai-r\AppData\Local\Packages\PythonSoftwareFoundation.Python.3.11_qbz5n2kfra8p0\LocalCache\local-packages\Python311\site-packages\pandas\core\frame.py", line 4209, in _set_item_frame_value
    raise ValueError("Columns must be same length as key")
ValueError: Columns must be same length as key
Traceback (most recent call last):
  File "c:\keiba_ai\keiba_ai_ver3.0\scripts\train_v5_models.py", line 174, in train_all_courses
    race_data[_NUM_COLS] = race_data[_NUM_COLS].fillna(-1)
    ~~~~~~~~~^^^^^^^^^^^
  File "C:\Users\tai-r\AppData\Local\Packages\PythonSoftwareFoundation.Python.3.11_qbz5n2kfra8p0\LocalCache\local-packages\Python311\site-packages\pandas\core\frame.py", line 4079, in __setitem__
    self._setitem_array(key, value)
  File "C:\Users\tai-r\AppData\Local\Packages\PythonSoftwareFoundation.Python.3.11_qbz5n2kfra8p0\LocalCache\local-packages\Python311\site-packages\pandas\core\frame.py", line 4123, in _setitem_array
    self[k1] = value[k2]
    ~~~~^^^^
  File "C:\Users\tai-r\AppData\Local\Packages\PythonSoftwareFoundation.Python.3.11_qbz5n2kfra8p0\LocalCache\local-packages\Python311\site-packages\pandas\core\frame.py", line 4081, in __setitem__
    self._set_item_frame_value(key, value)
  File "C:\Users\tai-r\AppData\Local\Packages\PythonSoftwareFoundation.Python.3.11_qbz5n2kfra8p0\LocalCache\local-packages\Python311\site-packages\pandas\core\frame.py", line 4209, in _set_item_frame_value
    raise ValueError("Columns must be same length as key")
ValueError: Columns must be same length as key
Traceback (most recent call last):
  File "c:\keiba_ai\keiba_ai_ver3.0\scripts\train_v5_models.py", line 174, in train_all_courses
    race_data[_NUM_COLS] = race_data[_NUM_COLS].fillna(-1)
    ~~~~~~~~~^^^^^^^^^^^
  File "C:\Users\tai-r\AppData\Local\Packages\PythonSoftwareFoundation.Python.3.11_qbz5n2kfra8p0\LocalCache\local-packages\Python311\site-packages\pandas\core\frame.py", line 4079, in __setitem__
    self._setitem_array(key, value)
  File "C:\Users\tai-r\AppData\Local\Packages\PythonSoftwareFoundation.Python.3.11_qbz5n2kfra8p0\LocalCache\local-packages\Python311\site-packages\pandas\core\frame.py", line 4123, in _setitem_array
    self[k1] = value[k2]
    ~~~~^^^^
  File "C:\Users\tai-r\AppData\Local\Packages\PythonSoftwareFoundation.Python.3.11_qbz5n2kfra8p0\LocalCache\local-packages\Python311\site-packages\pandas\core\frame.py", line 4081, in __setitem__
    self._set_item_frame_value(key, value)
  File "C:\Users\tai-r\AppData\Local\Packages\PythonSoftwareFoundation.Python.3.11_qbz5n2kfra8p0\LocalCache\local-packages\Python311\site-packages\pandas\core\frame.py", line 4209, in _set_item_frame_value
    raise ValueError("Columns must be same length as key")
ValueError: Columns must be same length as key
Traceback (most recent call last):
  File "c:\keiba_ai\keiba_ai_ver3.0\scripts\train_v5_models.py", line 174, in train_all_courses
    race_data[_NUM_COLS] = race_data[_NUM_COLS].fillna(-1)
    ~~~~~~~~~^^^^^^^^^^^
  File "C:\Users\tai-r\AppData\Local\Packages\PythonSoftwareFoundation.Python.3.11_qbz5n2kfra8p0\LocalCache\local-packages\Python311\site-packages\pandas\core\frame.py", line 4079, in __setitem__
    self._setitem_array(key, value)
  File "C:\Users\tai-r\AppData\Local\Packages\PythonSoftwareFoundation.Python.3.11_qbz5n2kfra8p0\LocalCache\local-packages\Python311\site-packages\pandas\core\frame.py", line 4123, in _setitem_array
    self[k1] = value[k2]
    ~~~~^^^^
  File "C:\Users\tai-r\AppData\Local\Packages\PythonSoftwareFoundation.Python.3.11_qbz5n2kfra8p0\LocalCache\local-packages\Python311\site-packages\pandas\core\frame.py", line 4081, in __setitem__
    self._set_item_frame_value(key, value)
  File "C:\Users\tai-r\AppData\Local\Packages\PythonSoftwareFoundation.Python.3.11_qbz5n2kfra8p0\LocalCache\local-packages\Python311\site-packages\pandas\core\frame.py", line 4209, in _set_item_frame_value
    raise ValueError("Columns must be same length as key")
ValueError: Columns must be same length as key
=======================================================
v5 モデル学習（血統カテゴリカル特徴量追加）
対象場: 全10場  訓練年: 2020〜2026
=======================================================

[Step 0] 血統 vocab を構築 / 読み込み...
vocab読み込み済み: 1738種類 (c:\keiba_ai\keiba_ai_ver3.0\data\prediction\models\pedigree_vocab_v5.json)

[Step 1] 欠損データセットを生成...

[データ生成] 01_sapporo 2020年 (1コース欠損)
  騎手×コース成績テーブル構築中...
  ルックアップエントリ数: 3810

[データ生成] 01_sapporo 2022年 (1コース欠損)
  騎手×コース成績テーブル構築中...
  ルックアップエントリ数: 8069

[データ生成] 01_sapporo 2023年 (1コース欠損)
  騎手×コース成績テーブル構築中...
  ルックアップエントリ数: 10223

[データ生成] 01_sapporo 2024年 (1コース欠損)
  騎手×コース成績テーブル構築中...
  ルックアップエントリ数: 12338

[データ生成] 01_sapporo 2025年 (1コース欠損)
  騎手×コース成績テーブル構築中...
  ルックアップエントリ数: 12607

[データ生成] 01_sapporo 2026年 (9コース欠損)
  データなし: 2026 01_sapporo

[データ生成] 02_hakodate 2021年 (1コース欠損)
  騎手×コース成績テーブル構築中...
  ルックアップエントリ数: 5293

[データ生成] 02_hakodate 2026年 (1コース欠損)
  騎手×コース成績テーブル構築中...
  ルックアップエントリ数: 9213

[データ生成] 03_fukushima 2026年 (1コース欠損)
  騎手×コース成績テーブル構築中...
  ルックアップエントリ数: 16516

[データ生成] 04_nigata 2026年 (1コース欠損)
  騎手×コース成績テーブル構築中...
  ルックアップエントリ数: 24991

[データ生成] 05_tokyo 2020年 (1コース欠損)
  騎手×コース成績テーブル構築中...
  ルックアップエントリ数: 15145

[データ生成] 05_tokyo 2021年 (1コース欠損)
  騎手×コース成績テーブル構築中...
  ルックアップエントリ数: 22679

[データ生成] 05_tokyo 2022年 (1コース欠損)
  騎手×コース成績テーブル構築中...
  ルックアップエントリ数: 30239

[データ生成] 05_tokyo 2023年 (1コース欠損)
  騎手×コース成績テーブル構築中...
  ルックアップエントリ数: 37831

[データ生成] 05_tokyo 2024年 (1コース欠損)
  騎手×コース成績テーブル構築中...
  ルックアップエントリ数: 45102

[データ生成] 05_tokyo 2025年 (2コース欠損)
  騎手×コース成績テーブル構築中...
  ルックアップエントリ数: 45369

[データ生成] 05_tokyo 2026年 (2コース欠損)
  騎手×コース成績テーブル構築中...
  ルックアップエントリ数: 41710

[データ生成] 06_nakayama 2026年 (2コース欠損)
  騎手×コース成績テーブル構築中...
  ルックアップエントリ数: 40428

[データ生成] 08_kyoto 2021年 (13コース欠損)
  データなし: 2021 08_kyoto

[データ生成] 08_kyoto 2022年 (13コース欠損)
  データなし: 2022 08_kyoto

[データ生成] 10_kokura 2020年 (1コース欠損)
  騎手×コース成績テーブル構築中...
  ルックアップエントリ数: 6780

[データ生成] 10_kokura 2021年 (1コース欠損)
  騎手×コース成績テーブル構築中...
  ルックアップエントリ数: 11689

[データ生成] 10_kokura 2022年 (1コース欠損)
  騎手×コース成績テーブル構築中...
  ルックアップエントリ数: 16539

[データ生成] 10_kokura 2023年 (1コース欠損)
  騎手×コース成績テーブル構築中...
  ルックアップエントリ数: 20300

[データ生成] 10_kokura 2024年 (1コース欠損)
  騎手×コース成績テーブル構築中...
  ルックアップエントリ数: 24196

[データ生成] 10_kokura 2025年 (1コース欠損)
  騎手×コース成績テーブル構築中...
  ルックアップエントリ数: 23943

[データ生成] 10_kokura 2026年 (1コース欠損)
  騎手×コース成績テーブル構築中...
  ルックアップエントリ数: 22700

[Step 2] モデル学習...

=======================================================
[学習] 01_sapporo (place_id=1)
=======================================================

  芝1000m ...
    ERROR: 芝1000m

  芝1200m ...
    ERROR: 芝1200m

  芝1500m ...
    ERROR: 芝1500m

  芝1800m ...
    ERROR: 芝1800m

  芝2000m ...
    ERROR: 芝2000m

  芝2600m ...
    ERROR: 芝2600m

  ダート1000m ...
    ERROR: ダート1000m

  ダート1700m ...
    ERROR: ダート1700m

  ダート2400m ...
    ERROR: ダート2400m

=======================================================
[学習] 02_hakodate (place_id=2)
=======================================================

  芝1000m ...
    ERROR: 芝1000m

  芝1200m ...
    ERROR: 芝1200m

  芝1800m ...
    ERROR: 芝1800m

  芝2000m ...
    ERROR: 芝2000m

  芝2600m ...
    ERROR: 芝2600m

  ダート1000m ...
    ERROR: ダート1000m

  ダート1700m ...
    ERROR: ダート1700m

  ダート2400m ...
    ERROR: ダート2400m

=======================================================
[学習] 03_fukushima (place_id=3)
=======================================================

  芝1200m ...
    ERROR: 芝1200m

  芝1800m ...
    ERROR: 芝1800m

  芝2000m ...
    ERROR: 芝2000m

  芝2600m ...
    ERROR: 芝2600m

  ダート1150m ...
    ERROR: ダート1150m

  ダート1700m ...
    ERROR: ダート1700m

  ダート2400m ...
    ERROR: ダート2400m

=======================================================
[学習] 04_nigata (place_id=4)
=======================================================

  芝1000m ...
    ERROR: 芝1000m

  芝1200m ...
    ERROR: 芝1200m

  芝1400m ...
    ERROR: 芝1400m

  芝1600m ...
    ERROR: 芝1600m

  芝1800m ...
    ERROR: 芝1800m

  芝2000m ...
    ERROR: 芝2000m

  芝2200m ...
    ERROR: 芝2200m

  芝2400m ...
    ERROR: 芝2400m

  ダート1200m ...
    ERROR: ダート1200m

  ダート1800m ...
    ERROR: ダート1800m

  ダート2500m ...
    ERROR: ダート2500m

=======================================================
[学習] 05_tokyo (place_id=5)
=======================================================

  芝1400m ...
    ERROR: 芝1400m

  芝1600m ...
    ERROR: 芝1600m

  芝1800m ...
    ERROR: 芝1800m

  芝2000m ...
    ERROR: 芝2000m

  芝2300m ...
    ERROR: 芝2300m

  芝2400m ...
    ERROR: 芝2400m

  芝2500m ...
    ERROR: 芝2500m

  芝3400m ...
    ERROR: 芝3400m

  ダート1300m ...
    ERROR: ダート1300m

  ダート1400m ...
    ERROR: ダート1400m

  ダート1600m ...
    ERROR: ダート1600m

  ダート2100m ...
    ERROR: ダート2100m

  ダート2400m ...
    データなし: スキップ

=======================================================
[学習] 06_nakayama (place_id=6)
=======================================================

  芝1200m ...
    ERROR: 芝1200m

  芝1600m ...
    ERROR: 芝1600m

  芝1800m ...
    ERROR: 芝1800m

  芝2000m ...
    ERROR: 芝2000m

  芝2200m ...
    ERROR: 芝2200m

  芝2500m ...
    ERROR: 芝2500m

  芝3600m ...
    ERROR: 芝3600m

  ダート1200m ...
    ERROR: ダート1200m

  ダート1800m ...
    ERROR: ダート1800m

  ダート2400m ...
    ERROR: ダート2400m

  ダート2500m ...
    ERROR: ダート2500m

=======================================================
[学習] 07_chukyo (place_id=7)
=======================================================

  芝1200m ...
    ERROR: 芝1200m

  芝1400m ...
    ERROR: 芝1400m

  芝1600m ...
    ERROR: 芝1600m

  芝2000m ...
    ERROR: 芝2000m

  芝2200m ...
    ERROR: 芝2200m

  ダート1200m ...
    ERROR: ダート1200m

  ダート1400m ...
    ERROR: ダート1400m

  ダート1800m ...
    ERROR: ダート1800m

  ダート1900m ...
    ERROR: ダート1900m

=======================================================
[学習] 08_kyoto (place_id=8)
=======================================================

  芝1200m ...
    ERROR: 芝1200m

  芝1400m ...
    ERROR: 芝1400m

  芝1600m ...
    ERROR: 芝1600m

  芝1800m ...
    ERROR: 芝1800m

  芝2000m ...
    ERROR: 芝2000m

  芝2200m ...
    ERROR: 芝2200m

  芝2400m ...
    ERROR: 芝2400m

  芝3000m ...
    ERROR: 芝3000m

  芝3200m ...
    ERROR: 芝3200m

  ダート1200m ...
    ERROR: ダート1200m

  ダート1400m ...
    ERROR: ダート1400m

  ダート1800m ...
    ERROR: ダート1800m

  ダート1900m ...
    ERROR: ダート1900m

=======================================================
[学習] 09_hanshin (place_id=9)
=======================================================

  芝1200m ...
    ERROR: 芝1200m

  芝1400m ...
    ERROR: 芝1400m

  芝1600m ...
    ERROR: 芝1600m

  芝1800m ...
    ERROR: 芝1800m

  芝2000m ...
    ERROR: 芝2000m

  芝2200m ...
    ERROR: 芝2200m

  芝2400m ...
    ERROR: 芝2400m

  芝2600m ...
    ERROR: 芝2600m

  芝3000m ...
    ERROR: 芝3000m

  ダート1200m ...
    ERROR: ダート1200m

  ダート1400m ...
    ERROR: ダート1400m

  ダート1800m ...
    ERROR: ダート1800m

  ダート2000m ...
    ERROR: ダート2000m

=======================================================
[学習] 10_kokura (place_id=10)
=======================================================

  芝1200m ...
    ERROR: 芝1200m

  芝1700m ...
    ERROR: 芝1700m

  芝1800m ...
    ERROR: 芝1800m

  芝2000m ...
    ERROR: 芝2000m

  芝2600m ...
    ERROR: 芝2600m

  ダート1000m ...
    ERROR: ダート1000m

  ダート1700m ...
    ERROR: ダート1700m

  ダート2400m ...
    ERROR: ダート2400m

=======================================================
完了
=======================================================
