,race_id,f_course1,f_course2,f_course3,f_courseout,mf_course1,mf_course2,mf_course3,mf_courseout,f_mf_course1,f_mf_course2,f_mf_course3,f_mf_courseout,f_len1,f_len2,f_len3,f_lenout,mf_len1,mf_len2,mf_len3,mf_classout,f_mf_len1,f_mf_len2,f_mf_len3,f_mf_classout,f_class1,f_class2,f_class3,f_classout,mf_class1,mf_class2,mf_class3,mf_classout,f_mf_class1,f_mf_class2,f_mf_class3,f_mf_classout,time_df_course1,time_df_class1,ninki_1,result_1,agari_1,margin_1,corner_ratio_1,time_df_course2,time_df_class2,ninki_2,result_2,agari_2,margin_2,corner_ratio_2,time_df_course3,time_df_class3,ninki_3,result_3,agari_3,margin_3,corner_ratio_3,rank_trend,weight_change,dist_change,jockey_win_rate,jockey_place_rate,waku,umaban,current_odds,current_popularity,father_cat,mother_father_cat,paternal_gf_cat,time_df_course4,time_df_class4,ninki_4,result_4,agari_4,margin_4,corner_ratio_4,time_df_course5,time_df_class5,ninki_5,result_5,agari_5,margin_5,corner_ratio_5,rank_trend_5,win_rate_recent5,kinryo,days_since_last_race,n_horses_today,n_horses_1,horse_weight_abs_1,corner_chase_1,corner_chase_2,corner_chase_3,corner_chase_4,corner_chase_5,agari_trend_5,time_diff_trend_5
0,202203010103,0,1,1,3,0,0,0,0,0,0,0,0,0,0,0,0,0,0,0,0,0,0,0,0,0,0,0,0,0,0,0,0,0,0,0,0,0.0,0.0,8.0,1.0,36.3,0.0,0.38461538461538464,0.0,0.0,8.0,14.0,37.7,2.3,0.9375,0.0,0.0,11.0,8.0,37.7,1.1,0.5333333333333333,3.5,-8.0,0.0,0.0,0.6,6,11,6.2,3.0,1503,803,1263,0.0,0.0,10.0,10.0,37.4,2.1,0.38461538461538464,0.0,0.0,8.0,13.0,36.8,1.0,0.875,2.0,0.2,53.0,-371.0,16.0,13.0,440.0,0.0,0.0625,0.06666666666666667,0.0,0.0,-0.06999999999999958,0.0
1,202203010103,0,0,0,0,0,1,0,0,0,0,0,0,0,0,0,0,0,0,0,0,0,0,0,0,0,0,0,0,0,0,0,0,0,0,0,0,0.0,0.0,1.0,2.0,37.8,0.2,0.125,0.0,0.0,3.0,7.0,37.6,1.0,0.5,0.0,0.0,4.0,2.0,36.1,0.3,0.375,0.0,8.0,0.0,0.25,0.25,2,4,8.8,4.0,1233,1186,1235,0.0,0.0,10.0,3.0,38.8,0.3,0.0625,0.0,0.0,8.0,5.0,38.9,1.6,0.375,0.2,0.6,52.0,-78.0,16.0,16.0,472.0,0.0,0.0625,0.0,0.0,0.0,-0.33999999999999986,0.0
2,202203010103,0,0,0,3,0,0,0,0,0,0,0,0,0,0,0,2,0,0,0,0,0,0,0,0,0,0,0,2,0,0,0,0,0,0,0,0,0.0,0.0,5.0,4.0,36.7,0.6,0.8888888888888888,0.0,0.0,1.0,8.0,37.1,0.8,0.3333333333333333,0.0,0.0,3.0,2.0,36.8,0.4,0.25,-1.0,14.0,330.0,0.2,0.35,5,10,4.0,2.0,1426,1189,306,0.0,0.0,1.0,4.0,35.8,0.6,0.4166666666666667,0.0,0.0,1.0,3.0,39.5,0.7,0.13333333333333333,-0.6,0.4,55.0,-353.0,16.0,9.0,466.0,0.0,0.0,0.0,0.0,-0.06666666666666667,-0.429999999999999,0.0
3,202203010103,0,1,0,5,0,0,0,0,0,0,0,0,0,0,0,1,0,0,0,0,0,0,0,0,0,0,0,1,0,0,0,0,0,0,0,0,0.0,0.0,7.0,11.0,42.5,2.7,0.36363636363636365,0.0,0.0,8.0,12.0,39.3,2.1,0.21428571428571427,0.0,0.0,7.0,14.0,39.6,2.6,0.125,1.5,1.0,-80.0,0.02631578947368421,0.15789473684210525,4,8,2.0,1.0,1036,1734,1108,0.0,0.0,2.0,9.0,37.5,1.3,0.08333333333333333,0.0,0.0,1.0,3.0,37.2,0.7,0.16666666666666666,-1.9,0.2,56.0,-797.0,16.0,11.0,505.0,0.6363636363636364,-0.07142857142857142,0.125,0.08333333333333333,0.0,1.239999999999999,0.0
4,202203010103,0,0,0,0,2,0,0,4,0,0,0,0,0,0,0,0,1,0,0,3,0,0,0,0,0,0,0,0,1,0,0,1,0,0,0,0,0.0,0.0,4.0,9.0,41.2,1.3,0.9,0.0,0.0,6.0,12.0,37.7,2.1,0.35714285714285715,0.0,0.0,7.0,16.0,41.8,3.5,0.1875,3.5,4.0,-250.0,0.08695652173913043,0.17391304347826086,5,9,110.5,10.0,1534,1221,1235,0.0,0.0,6.0,8.0,36.2,1.0,0.1875,0.0,0.0,10.0,5.0,36.7,0.5,0.1875,-1.2,0.0,53.0,-573.0,16.0,10.0,488.0,-0.4,0.0,0.0,0.0,0.0,1.05,0.0
5,202203010103,1,0,0,6,0,1,1,10,0,0,0,0,0,0,0,3,0,0,0,3,0,0,0,0,0,0,0,0,0,0,0,1,0,0,0,0,0.0,0.0,6.0,6.0,39.6,0.8,0.14285714285714285,0.0,0.0,14.0,14.0,36.6,2.1,0.14285714285714285,0.0,0.0,16.0,14.0,40.0,2.3,0.5,4.0,27.0,-50.0,,,8,15,52.5,9.0,1393,1294,1263,0.0,0.0,16.0,10.0,38.8,1.3,0.4375,0.0,0.0,14.0,9.0,38.1,1.2,0.2,0.2,0.0,51.0,-737.0,16.0,14.0,475.0,-0.07142857142857142,0.5,0.25,0.0625,0.0,0.08000000000000043,0.0
6,202203010103,2,1,1,6,2,0,0,4,0,0,0,0,0,1,0,4,1,0,0,3,0,0,0,0,0,0,0,2,1,0,0,1,0,0,0,0,0.0,0.0,4.0,4.0,36.4,0.9,0.3,0.0,0.0,14.0,12.0,38.5,1.9,0.2,0.0,0.0,15.0,14.0,38.6,1.4,0.375,5.0,10.0,300.0,0.0,0.14285714285714285,7,14,37.5,7.0,1278,1221,625,0.0,0.0,14.0,11.0,36.5,0.7,0.7142857142857143,0.0,0.0,16.0,14.0,37.6,2.0,0.75,1.9,0.0,51.0,-892.0,16.0,10.0,480.0,0.2,0.06666666666666667,0.125,-0.07142857142857142,-0.0625,-0.04000000000000057,0.0
7,202203010103,1,3,0,12,0,1,0,10,0,0,0,1,1,2,0,7,0,0,0,1,0,0,0,0,1,1,0,3,0,0,0,0,0,0,0,0,0.0,0.0,4.0,11.0,38.6,1.9,0.6666666666666666,0.0,0.0,15.0,17.0,37.3,3.2,0.1111111111111111,0.0,0.0,9.0,10.0,38.4,2.1,0.3333333333333333,-0.5,2.0,-250.0,0.1111111111111111,0.1111111111111111,7,13,29.9,6.0,1576,1428,1577,0.0,0.0,6.0,11.0,37.7,2.5,0.4166666666666667,0.0,0.0,5.0,6.0,40.1,1.8,0.06666666666666667,-1.6,0.0,52.0,-824.0,16.0,12.0,450.0,0.0,,0.0,0.0,0.0,-0.3400000000000006,0.0
8,202203010103,0,0,0,0,4,0,0,9,0,0,0,0,0,0,0,0,2,0,0,7,0,0,0,0,0,0,0,0,0,0,0,3,0,0,0,0,0.0,0.0,13.0,13.0,40.0,2.9,0.5333333333333333,0.0,0.0,14.0,10.0,37.5,1.1,0.25,0.0,0.0,2.0,1.0,40.5,0.0,0.1,-6.0,-4.0,-250.0,0.3333333333333333,1.0,3,5,9.0,5.0,1045,1558,969,0.0,0.0,2.0,15.0,41.2,3.7,0.06666666666666667,0.0,0.0,5.0,5.0,38.4,0.5,0.13333333333333333,-1.1,0.2,53.0,-238.0,16.0,15.0,480.0,0.13333333333333333,0.1875,0.0,0.06666666666666667,0.13333333333333333,-0.05,0.0
9,202203010103,1,3,0,12,0,0,0,2,0,0,0,0,1,2,0,7,0,0,0,1,0,0,0,0,1,1,0,3,0,0,0,1,0,0,0,0,0.0,0.0,10.0,10.0,40.2,0.0,0.09090909090909091,0.0,0.0,10.0,70.0,36.0,1.0,0.3333333333333333,0.0,0.0,20.0,80.0,41.3,1.7,0.14285714285714285,35.0,11.0,-250.0,0.14285714285714285,0.4,4,7,44.5,8.0,1576,1542,1577,0.0,0.0,50.0,30.0,38.0,0.8,0.25,0.0,0.0,80.0,20.0,37.2,0.5,0.1875,-2.0,0.0,54.0,-391.0,16.0,11.0,451.0,0.0,-0.08333333333333333,0.0,0.125,0.0625,0.4,0.0
10,202203010103,0,0,0,0,0,2,1,5,0,0,0,0,0,0,0,0,0,1,1,3,0,0,0,0,0,0,0,0,0,0,0,1,0,0,0,0,0.0,0.0,,,,,,0.0,0.0,140.0,9.0,39.8,1.5,0.35714285714285715,0.0,0.0,90.0,10.0,40.3,3.1,0.9230769230769231,1.0,12.0,-150.0,0.0,0.0,6,12,339.3,15.0,1310,1559,1618,0.0,0.0,150.0,11.0,35.3,1.7,0.9375,,,,,,,,1.0,0.0,56.0,-365.0,16.0,9.0,476.0,,0.14285714285714285,-0.15384615384615385,0.0,,2.25,0.0
11,202203010103,1,1,0,4,0,0,0,4,0,0,0,0,1,1,0,3,0,0,0,1,0,0,0,0,0,0,0,0,0,0,0,0,0,0,0,0,0.0,0.0,50.0,110.0,46.5,4.5,0.09090909090909091,0.0,0.0,130.0,160.0,35.2,2.3,0.7222222222222222,0.0,0.0,150.0,150.0,39.1,3.6,0.8,20.0,31.0,-250.0,0.0,0.5,3,6,196.5,13.0,1665,1328,1577,0.0,0.0,130.0,120.0,36.6,1.9,0.75,0.0,0.0,100.0,80.0,37.1,2.9,0.75,-10.0,0.0,53.0,-731.0,16.0,11.0,437.0,0.36363636363636365,0.0,0.06666666666666667,-0.0625,0.0,1.7399999999999998,0.0
12,202203010103,1,1,1,4,2,1,1,2,0,0,0,0,0,1,0,1,1,1,0,1,0,0,0,0,0,1,0,0,1,0,0,0,0,0,0,0,0.0,0.0,2.0,4.0,40.4,0.5,0.18181818181818182,0.0,0.0,15.0,12.0,39.9,2.6,0.26666666666666666,0.0,0.0,14.0,16.0,39.6,4.0,0.625,6.0,28.0,-250.0,0.0,0.037037037037037035,1,1,243.3,14.0,1348,1170,1221,0.0,0.0,14.0,13.0,36.1,1.9,0.875,,,,,,,,3.1,0.0,54.0,-540.0,16.0,11.0,518.0,0.18181818181818182,0.2,0.0,0.0,,1.319999999999999,0.0
13,202203010103,0,0,0,8,0,1,0,1,0,0,0,0,0,0,0,2,0,1,0,0,0,0,0,0,0,0,0,1,0,0,0,0,0,0,0,0,0.0,0.0,30.0,100.0,43.4,3.2,0.2,0.0,0.0,120.0,110.0,35.9,1.4,0.75,0.0,0.0,110.0,140.0,36.9,2.0,0.6875,20.0,14.0,-250.0,0.09090909090909091,0.09090909090909091,2,3,187.4,11.0,1431,1,1428,0.0,0.0,130.0,140.0,38.3,2.9,0.1875,0.0,0.0,80.0,120.0,44.0,4.4,0.21428571428571427,7.0,0.0,54.0,-742.0,16.0,10.0,434.0,0.8,0.0625,0.0,0.0625,-0.07142857142857142,-0.36000000000000015,0.0
14,202203010103,0,0,0,0,0,0,0,2,0,0,0,0,0,0,0,0,0,0,0,2,0,0,0,0,0,0,0,0,0,0,0,0,0,0,0,0,0.0,0.0,70.0,11.0,45.6,4.2,0.09090909090909091,0.0,0.0,160.0,18.0,36.9,3.4,0.4444444444444444,0.0,0.0,130.0,14.0,40.0,2.7,0.3125,1.5,1.0,-250.0,0.05,0.1,8,16,193.4,12.0,1688,1712,982,0.0,0.0,120.0,15.0,37.7,2.3,0.5,0.0,0.0,,,,,,0.8,0.0,53.0,-355.0,16.0,11.0,459.0,0.45454545454545453,,0.125,0.0,,2.0599999999999996,0.0
15,202203010103,0,0,0,3,0,0,0,2,0,0,0,0,0,0,0,2,0,0,0,0,0,0,0,0,0,0,0,2,0,0,0,0,0,0,0,0,0.0,0.0,16.0,16.0,38.1,4.8,1.0,,,,,,,,,,,,,,,,,0.0,0.02,0.12,1,2,343.5,16.0,1426,1110,306,,,,,,,,,,,,,,,,0.0,56.0,0.0,16.0,16.0,488.0,0.0,,,,,,
16,202203010107,0,1,1,3,0,0,0,1,0,0,0,0,0,0,0,0,0,0,0,0,0,0,0,0,0,0,0,0,0,0,0,0,0,0,0,0,0.0,0.0,6.0,15.0,37.9,1.8,0.1875,0.0,0.0,5.0,2.0,36.7,0.2,0.1875,0.0,0.0,7.0,3.0,36.7,0.5,0.4666666666666667,-6.0,-2.0,-50.0,0.0,1.0,2,3,5.4,2.0,1503,715,1263,0.0,0.0,5.0,4.0,36.8,0.4,0.26666666666666666,0.0,0.0,8.0,2.0,37.2,0.4,0.25,-2.4,0.6,52.0,-679.0,16.0,16.0,462.0,0.1875,0.0,0.0,0.0,0.0,0.12999999999999973,0.0
17,202203010107,0,0,0,0,0,0,0,0,0,0,0,0,0,0,0,0,0,0,0,0,0,0,0,0,0,0,0,0,0,0,0,0,0,0,0,0,0.0,0.0,5.0,6.0,37.4,1.2,0.5,0.0,0.0,12.0,11.0,34.7,0.9,0.8461538461538461,0.0,0.0,16.0,16.0,38.1,1.7,0.5625,5.0,-3.0,250.0,0.0,0.5,3,5,1.9,1.0,92,549,464,0.0,0.0,3.0,6.0,37.5,0.7,0.3076923076923077,0.0,0.0,6.0,1.0,34.7,0.0,0.35714285714285715,-1.5,0.2,54.0,-832.0,16.0,8.0,481.0,0.0,0.0,0.0,0.0,-0.14285714285714285,0.25999999999999945,0.0
18,202203010107,1,0,0,4,0,0,0,0,0,0,0,0,1,0,0,1,0,0,0,0,0,0,0,0,0,0,0,0,0,0,0,0,0,0,0,0,0.0,0.0,7.0,7.0,39.4,1.1,0.3,0.0,0.0,5.0,5.0,35.6,1.1,0.6666666666666666,0.0,0.0,4.0,3.0,35.9,0.6,0.21428571428571427,-2.0,24.0,-150.0,0.05,0.2,1,1,17.5,6.0,1095,361,1221,0.0,0.0,5.0,11.0,39.3,0.9,0.06666666666666667,0.0,0.0,2.0,4.0,37.6,1.0,0.1111111111111111,0.0,0.2,57.0,-611.0,16.0,10.0,488.0,0.3,0.0,0.0,0.0,0.0,-0.010000000000000142,0.0
19,202203010107,0,0,0,0,1,0,0,2,0,0,0,0,0,0,0,0,1,0,0,0,0,0,0,0,0,0,0,0,0,0,0,0,0,0,0,0,0.0,0.0,4.0,6.0,40.5,1.2,0.18181818181818182,0.0,0.0,15.0,15.0,43.0,6.6,0.6,0.0,0.0,15.0,11.0,37.3,1.3,0.875,2.5,10.0,-150.0,,,4,8,74.6,12.0,1629,322,1428,0.0,0.0,8.0,12.0,36.4,2.1,0.8125,0.0,0.0,13.0,8.0,36.7,0.9,0.8125,0.1,0.0,54.0,-820.0,16.0,11.0,520.0,0.09090909090909091,0.26666666666666666,-0.0625,-0.0625,-0.0625,1.4199999999999995,0.0
20,202203010107,0,0,0,0,0,0,0,0,0,0,0,0,0,0,0,0,0,0,0,0,0,0,0,0,0,0,0,0,0,0,0,0,0,0,0,0,0.0,0.0,11.0,7.0,36.8,1.0,0.625,0.0,0.0,10.0,15.0,38.3,3.2,0.6666666666666666,0.0,0.0,3.0,1.0,36.7,0.0,0.4166666666666667,-3.0,-4.0,-50.0,0.14705882352941177,0.35294117647058826,4,7,55.8,10.0,288,676,334,0.0,0.0,2.0,7.0,37.8,1.3,0.7333333333333333,0.0,0.0,1.0,6.0,37.6,1.8,0.38461538461538464,-1.0,0.2,55.0,-596.0,16.0,16.0,490.0,0.0625,0.0,0.0,0.0,0.0,-0.11000000000000085,0.0
21,202203010107,0,0,0,3,0,0,0,0,0,0,0,0,0,0,0,2,0,0,0,0,0,0,0,0,0,0,0,0,0,0,0,0,0,0,0,0,0.0,0.0,4.0,6.0,37.7,1.0,0.6,0.0,0.0,11.0,7.0,37.7,0.7,0.4,0.0,0.0,9.0,7.0,35.8,0.8,0.8181818181818182,0.5,25.0,-50.0,,,5,10,17.1,5.0,1426,1412,306,0.0,0.0,5.0,6.0,37.0,1.0,0.5625,0.0,0.0,11.0,7.0,37.7,0.9,0.38461538461538464,0.1,0.0,57.0,-124.0,16.0,15.0,449.0,-0.06666666666666667,0.0,-0.2727272727272727,0.0,-0.15384615384615385,0.07000000000000028,0.0
22,202203010107,0,0,0,1,0,0,0,7,0,0,0,0,0,0,0,1,0,0,0,4,0,0,0,0,0,0,0,1,0,0,0,0,0,0,0,0,0.0,0.0,110.0,10.0,43.4,4.0,0.4166666666666667,0.0,0.0,100.0,9.0,37.5,1.1,0.6666666666666666,0.0,0.0,90.0,7.0,36.9,1.0,0.625,-1.5,5.0,-600.0,0.0,0.2222222222222222,3,6,27.6,9.0,1558,1482,212,0.0,0.0,140.0,6.0,38.0,0.9,0.13333333333333333,0.0,0.0,140.0,16.0,39.5,4.2,0.9375,0.9,0.0,55.0,-833.0,16.0,12.0,467.0,0.3333333333333333,0.08333333333333333,-0.0625,0.0,0.0,0.7299999999999998,0.0
23,202203010107,0,1,1,12,0,0,0,4,0,0,0,0,0,0,0,3,0,0,0,1,0,0,0,0,0,0,0,1,0,0,0,1,0,0,0,0,0.0,0.0,9.0,13.0,38.2,2.0,0.625,0.0,0.0,13.0,11.0,35.2,1.5,1.0,0.0,0.0,11.0,10.0,37.5,1.3,0.9375,-1.5,-4.0,0.0,0.0,0.14814814814814814,7,14,18.4,7.0,1167,1620,460,0.0,0.0,11.0,7.0,35.7,0.7,0.625,0.0,0.0,7.0,5.0,36.6,1.0,0.9090909090909091,-2.0,0.0,54.0,-721.0,16.0,16.0,470.0,0.0,0.0,-0.125,-0.125,0.09090909090909091,0.2700000000000003,0.0
24,202203010107,0,0,0,0,0,1,0,10,0,0,0,0,0,0,0,0,0,0,0,1,0,0,0,0,0,0,0,0,0,0,0,0,0,0,0,0,0.0,0.0,5.0,4.0,39.6,1.9,1.0,0.0,0.0,12.0,9.0,36.3,1.1,1.0,0.0,0.0,9.0,11.0,34.9,1.0,1.0,3.5,-7.0,-250.0,0.1111111111111111,0.16666666666666666,1,2,78.8,13.0,1293,1428,1124,0.0,0.0,13.0,9.0,36.1,1.1,1.0,0.0,0.0,14.0,8.0,37.2,1.5,0.6875,0.8,0.0,57.0,-821.0,16.0,7.0,479.0,-0.42857142857142855,-0.06666666666666667,0.0,-0.0625,0.0,0.4999999999999993,0.0
25,202203010107,0,0,0,0,0,0,0,0,0,0,0,0,0,0,0,0,0,0,0,0,0,0,0,0,0,0,0,0,0,0,0,0,0,0,0,0,0.0,0.0,170.0,15.0,34.9,0.9,0.6666666666666666,0.0,0.0,150.0,14.0,35.6,1.3,0.4375,0.0,0.0,120.0,9.0,34.8,0.9,0.4666666666666667,-3.0,0.0,-50.0,0.06666666666666667,0.06666666666666667,5,9,60.7,11.0,1310,1360,1618,0.0,0.0,160.0,7.0,35.6,0.3,0.125,0.0,0.0,110.0,13.0,35.5,1.2,0.9444444444444444,-1.1,0.0,55.0,20.0,16.0,18.0,456.0,-0.05555555555555555,0.0,0.0,0.0,-0.05555555555555555,-0.12000000000000029,0.0
26,202203010107,0,0,2,9,4,0,0,9,0,0,0,0,0,0,1,2,2,0,0,7,0,0,0,0,0,0,0,0,0,0,0,2,0,0,0,0,0.0,0.0,15.0,8.0,38.5,2.2,1.0,0.0,0.0,11.0,14.0,38.3,2.6,0.9285714285714286,0.0,0.0,14.0,12.0,37.9,1.5,0.7857142857142857,2.0,-6.0,-650.0,0.0,0.1111111111111111,2,4,87.9,14.0,1520,1558,695,0.0,0.0,14.0,11.0,36.8,1.3,0.8125,0.0,0.0,14.0,12.0,36.9,1.5,0.8666666666666667,0.5,0.0,55.0,-119.0,16.0,15.0,490.0,-0.3333333333333333,0.0,0.07142857142857142,-0.0625,0.13333333333333333,0.4700000000000003,0.0
27,202203010107,1,0,0,2,0,0,0,2,0,0,0,0,1,0,0,2,0,0,0,1,0,0,0,0,0,0,0,0,0,0,0,0,0,0,0,0,0.0,0.0,60.0,20.0,41.0,0.3,0.14285714285714285,0.0,0.0,150.0,100.0,37.6,1.9,0.8666666666666667,0.0,0.0,120.0,140.0,38.7,2.1,0.125,60.0,28.0,-350.0,0.08333333333333333,0.25,6,12,7.9,3.0,1020,1378,1576,0.0,0.0,80.0,50.0,36.4,0.7,0.9375,0.0,0.0,50.0,100.0,36.8,2.3,1.0,11.0,0.0,57.0,-825.0,16.0,7.0,526.0,0.0,0.0,0.0,-0.0625,0.0,0.9600000000000009,0.0
28,202203010107,1,0,0,4,0,0,0,2,0,0,0,0,0,0,0,2,0,0,0,2,0,0,0,0,0,0,0,0,0,0,0,1,0,0,0,0,0.0,0.0,5.0,7.0,38.6,1.4,0.5,0.0,0.0,7.0,11.0,45.6,8.0,0.09090909090909091,0.0,0.0,10.0,7.0,38.8,1.8,0.2,0.0,-9.0,-450.0,0.15151515151515152,0.42424242424242425,7,13,19.6,8.0,1447,1306,1721,0.0,0.0,10.0,9.0,39.1,1.8,0.3076923076923077,0.0,0.0,14.0,3.0,38.6,1.5,0.07142857142857142,-1.0,0.2,57.0,-780.0,16.0,10.0,455.0,0.0,0.8181818181818182,0.06666666666666667,-0.07692307692307693,0.0,0.65,0.0
29,202203010107,0,0,0,0,0,0,0,4,0,0,0,0,0,0,0,0,0,0,0,1,0,0,0,0,0,0,0,0,0,0,0,0,0,0,0,0,0.0,0.0,2.0,4.0,40.1,0.7,0.16666666666666666,0.0,0.0,9.0,11.0,13.6,8.3,0.9090909090909091,0.0,0.0,17.0,16.0,36.3,2.2,0.5882352941176471,6.0,28.0,-350.0,0.14285714285714285,0.14285714285714285,8,15,12.7,4.0,1672,1362,1167,0.0,0.0,12.0,11.0,38.9,3.1,1.0,0.0,0.0,4.0,14.0,37.4,1.8,0.75,2.0,0.0,55.0,-793.0,16.0,12.0,496.0,0.0,0.09090909090909091,0.0,0.0,0.0,-1.989999999999999,0.0
30,202203010107,0,0,0,2,0,0,0,1,0,0,0,0,0,0,0,1,0,0,0,0,0,0,0,0,0,0,0,0,0,0,0,0,0,0,0,0,0.0,0.0,14.0,13.0,38.6,2.3,0.5333333333333333,0.0,0.0,16.0,15.0,38.1,2.0,0.375,0.0,0.0,14.0,13.0,36.8,1.2,0.14285714285714285,0.0,6.0,-50.0,0.027777777777777776,0.16666666666666666,6,11,179.7,16.0,1042,1442,488,0.0,0.0,12.0,12.0,36.7,1.2,0.7692307692307693,0.0,0.0,13.0,12.0,37.3,1.3,0.6153846153846154,-0.5,0.0,55.0,-29.0,16.0,15.0,452.0,0.13333333333333333,0.0,0.0,0.0,0.07692307692307693,0.4000000000000007,0.0
31,202203010107,0,0,2,9,0,0,1,0,0,0,0,0,0,0,1,2,0,0,1,0,0,0,0,0,0,0,0,0,0,0,0,0,0,0,0,0,0.0,0.0,30.0,50.0,40.9,1.5,0.125,0.0,0.0,80.0,80.0,45.1,9.2,1.0,0.0,0.0,150.0,160.0,39.3,3.6,0.6875,55.0,3.0,-350.0,0.0,0.0,8,16,120.3,15.0,1520,199,695,0.0,0.0,160.0,150.0,38.2,3.6,0.4375,0.0,0.0,130.0,70.0,38.5,0.9,0.375,11.0,0.0,55.0,-828.0,16.0,8.0,457.0,0.125,0.0,0.25,0.3125,-0.0625,1.1699999999999995,0.0
32,202203010111,0,4,1,7,2,0,0,4,0,0,0,0,0,4,1,6,1,0,0,3,0,0,0,0,0,0,0,0,0,0,0,0,0,0,0,0,0.0,0.0,8.0,2.0,35.6,0.5,0.1875,0.0,0.0,9.0,10.0,37.9,1.6,0.26666666666666666,0.0,0.0,7.0,12.0,38.2,1.4,0.375,5.0,-2.0,-50.0,0.15789473684210525,0.3157894736842105,1,1,10.0,7.0,1228,1221,1108,0.0,0.0,7.0,1.0,36.4,0.0,0.125,0.0,0.0,3.0,1.0,37.2,0.0,0.1875,-1.1,0.6,52.0,-161.0,16.0,16.0,484.0,0.0,0.0,0.0,-0.0625,0.0,-0.1700000000000003,0.0
33,202203010111,0,0,0,0,0,0,0,0,0,0,0,0,0,0,0,0,0,0,0,0,0,0,0,0,0,0,0,0,0,0,0,0,0,0,0,0,0.0,0.0,110.0,8.0,38.5,1.7,0.8571428571428571,0.0,0.0,90.0,15.0,38.9,2.7,0.13333333333333333,0.0,0.0,100.0,10.0,38.3,1.6,1.0,1.0,-16.0,-50.0,0.02040816326530612,0.10204081632653061,4,8,92.5,15.0,556,420,1,0.0,0.0,150.0,2.0,35.7,0.3,0.6875,0.0,0.0,60.0,11.0,36.8,1.1,0.42857142857142855,-0.7,0.2,54.0,-704.0,16.0,14.0,508.0,-0.07142857142857142,0.0,-0.0625,-0.125,0.0,0.6600000000000001,0.0
34,202203010111,0,0,1,7,0,0,0,0,0,0,0,0,0,0,1,3,0,0,0,0,0,0,0,0,0,0,0,0,0,0,0,0,0,0,0,0,0.0,0.0,8.0,9.0,37.1,0.5,0.125,0.0,0.0,6.0,6.0,36.3,0.9,0.26666666666666666,0.0,0.0,4.0,3.0,36.4,0.3,0.25,-3.0,24.0,-50.0,0.07692307692307693,0.23076923076923078,3,6,7.0,4.0,1172,1374,1556,0.0,0.0,6.0,3.0,36.8,0.1,0.375,0.0,0.0,6.0,5.0,37.2,0.4,0.4166666666666667,-1.0999999999999999,0.4,53.0,-238.0,16.0,16.0,518.0,0.0,0.0,0.0,-0.0625,0.0,-0.07000000000000028,0.0
35,202203010111,0,1,0,1,0,0,0,1,0,0,0,0,0,0,0,0,0,0,0,1,0,0,0,0,0,0,0,0,0,0,0,0,0,0,0,0,0.0,0.0,10.0,12.0,40.3,2.9,0.13333333333333333,0.0,0.0,4.0,8.0,38.4,1.1,0.15384615384615385,0.0,0.0,6.0,12.0,38.2,2.7,0.08333333333333333,0.0,6.0,-250.0,0.02702702702702703,0.16216216216216217,7,14,4.5,1.0,1722,1418,1559,0.0,0.0,8.0,2.0,37.6,0.3,0.125,0.0,0.0,7.0,9.0,38.2,1.6,0.125,-1.2,0.2,54.0,-631.0,16.0,15.0,488.0,0.13333333333333333,0.0,0.08333333333333333,0.0,0.0,0.49999999999999856,0.0
36,202203010111,0,0,0,0,0,0,1,0,0,0,0,0,0,0,0,0,0,0,0,0,0,0,0,0,0,0,0,0,0,0,0,0,0,0,0,0,0.0,0.0,10.0,9.0,13.7,5.8,0.16666666666666666,0.0,0.0,13.0,16.0,39.8,3.0,0.125,0.0,0.0,8.0,9.0,37.3,1.3,0.7692307692307693,0.0,2.0,-1710.0,0.0,0.10526315789473684,3,5,5.6,2.0,429,226,377,0.0,0.0,8.0,12.0,38.4,1.9,0.5714285714285714,0.0,0.0,5.0,8.0,36.2,0.9,0.625,-0.6,0.0,56.0,-665.0,16.0,12.0,468.0,0.4166666666666667,0.0625,-0.07692307692307693,-0.07142857142857142,0.125,-4.360000000000001,0.0
37,202203010111,2,1,0,6,0,0,0,7,0,0,0,0,1,1,0,2,0,0,0,4,0,0,0,0,0,0,0,0,0,0,0,0,0,0,0,0,0.0,0.0,3.0,6.0,36.5,0.6,0.4375,0.0,0.0,7.0,12.0,38.3,1.7,0.0625,0.0,0.0,7.0,7.0,38.0,0.8,0.125,0.5,-6.0,0.0,0.0,0.5,5,9,5.9,3.0,1317,1482,1186,0.0,0.0,1.0,1.0,36.7,0.0,0.07142857142857142,0.0,0.0,5.0,2.0,36.9,0.1,0.125,-1.9,0.4,53.0,0.0,16.0,16.0,494.0,0.0625,0.0,0.0,0.0,0.0,0.07999999999999971,0.0
38,202203010111,0,0,1,7,0,1,1,10,0,0,0,2,0,0,1,3,0,0,0,3,0,0,0,0,0,0,0,0,0,0,0,0,0,0,0,0,0.0,0.0,4.0,6.0,38.3,0.5,0.3333333333333333,0.0,0.0,11.0,8.0,35.8,1.5,1.0,0.0,0.0,15.0,14.0,35.2,1.3,0.625,4.0,-12.0,-350.0,0.14705882352941177,0.4117647058823529,4,7,17.9,8.0,1172,1294,1556,0.0,0.0,9.0,13.0,35.9,1.5,0.75,0.0,0.0,6.0,6.0,36.5,0.7,0.45454545454545453,0.5,0.0,55.0,-656.0,16.0,12.0,474.0,0.16666666666666666,0.0,0.0625,0.125,0.0,0.3499999999999993,0.0
39,202203010111,0,0,1,7,0,3,0,2,0,0,0,0,0,0,1,3,0,2,0,1,0,0,0,0,0,0,0,0,0,0,0,0,0,0,0,0,0.0,0.0,12.0,11.0,37.4,1.7,0.75,0.0,0.0,5.0,10.0,35.1,0.7,0.7857142857142857,0.0,0.0,5.0,5.0,34.3,0.3,0.7272727272727273,-3.0,0.0,-50.0,0.125,0.125,6,11,8.5,6.0,1172,1592,1556,0.0,0.0,6.0,8.0,36.0,0.7,0.6875,0.0,0.0,3.0,7.0,36.6,0.4,0.6875,-1.0,0.0,56.0,-154.0,16.0,16.0,492.0,0.0,0.0,-0.18181818181818182,-0.125,-0.125,0.06999999999999958,0.0
40,202203010111,0,0,0,0,0,0,0,0,0,0,0,0,0,0,0,0,0,0,0,0,0,0,0,0,0,0,0,0,0,0,0,0,0,0,0,0,0.0,0.0,20.0,13.0,38.1,1.8,0.1875,0.0,0.0,40.0,3.0,37.8,0.6,0.125,0.0,0.0,80.0,4.0,37.7,0.3,0.0625,-4.5,6.0,-50.0,0.14285714285714285,0.34285714285714286,2,4,7.7,5.0,225,173,1551,0.0,0.0,20.0,1.0,36.4,0.0,0.15384615384615385,0.0,0.0,,,,,,-3.5,0.5,55.0,42.0,16.0,16.0,496.0,0.0625,0.0,0.0,0.0,,0.5200000000000002,0.0
41,202203010111,0,1,0,7,1,1,2,11,0,0,0,0,0,0,0,0,1,0,1,4,0,0,0,0,0,0,0,0,0,0,0,0,0,0,0,0,0.0,0.0,12.0,13.0,37.8,2.5,0.6153846153846154,0.0,0.0,16.0,12.0,35.1,1.8,1.0,0.0,0.0,13.0,10.0,35.2,1.1,1.0,-1.5,4.0,-550.0,0.1346153846153846,0.28846153846153844,8,15,70.7,13.0,1137,1556,556,0.0,0.0,16.0,10.0,35.8,1.2,1.0,0.0,0.0,13.0,11.0,36.5,1.0,0.9375,-0.6,0.0,53.0,-85.0,16.0,13.0,494.0,0.38461538461538464,0.0,0.0,0.0,0.0,0.18999999999999986,0.0
42,202203010111,1,0,0,6,0,0,0,1,0,0,0,1,0,0,0,3,0,0,0,1,0,0,0,1,0,0,0,0,0,0,0,0,0,0,0,0,0.0,0.0,14.0,12.0,36.7,1.2,1.0,0.0,0.0,14.0,7.0,36.2,1.0,1.0,0.0,0.0,15.0,14.0,37.0,1.4,0.9375,1.0,0.0,-50.0,0.09090909090909091,0.18181818181818182,5,10,54.8,12.0,1393,580,1263,0.0,0.0,14.0,12.0,37.1,1.1,0.6875,0.0,0.0,16.0,10.0,36.0,1.3,0.75,0.1,0.0,54.0,-322.0,16.0,16.0,544.0,-0.0625,0.0,0.0,0.0,0.0625,0.05000000000000071,0.0
43,202203010111,1,1,0,4,0,1,1,10,0,0,0,0,1,1,0,3,0,0,0,3,0,0,0,0,0,0,0,0,0,0,0,0,0,0,0,0,0.0,0.0,12.0,13.0,37.1,1.6,1.0,0.0,0.0,16.0,12.0,35.8,1.1,0.875,0.0,0.0,13.0,12.0,36.4,1.3,0.8125,-0.5,2.0,-50.0,0.0,0.23076923076923078,1,2,99.7,16.0,1665,1294,1577,0.0,0.0,12.0,12.0,35.9,1.4,0.9375,0.0,0.0,14.0,8.0,36.1,0.9,1.0,-1.0,0.0,53.0,-281.0,16.0,16.0,526.0,-0.0625,0.0,0.1875,0.0625,0.0,0.18999999999999986,0.0
44,202203010111,0,0,0,2,0,0,0,0,0,0,0,0,0,0,0,0,0,0,0,0,0,0,0,0,0,0,0,0,0,0,0,0,0,0,0,0,0.0,0.0,11.0,13.0,36.1,1.6,0.9375,0.0,0.0,5.0,10.0,34.5,1.1,0.6666666666666666,0.0,0.0,8.0,12.0,33.8,0.5,1.0,-0.5,0.0,0.0,0.047619047619047616,0.23809523809523808,2,3,54.5,11.0,1441,705,1167,0.0,0.0,7.0,10.0,33.0,0.5,1.0,0.0,0.0,7.0,14.0,34.5,0.9,0.6875,0.2,0.0,52.0,0.0,16.0,16.0,428.0,-0.0625,0.05555555555555555,0.0,0.0,0.0625,0.4700000000000003,0.0
45,202203010111,0,4,1,7,0,0,0,1,0,0,0,0,0,4,1,6,0,0,0,0,0,0,0,0,0,0,0,0,0,0,0,0,0,0,0,0,0.0,0.0,13.0,8.0,37.9,0.9,0.125,0.0,0.0,12.0,11.0,38.3,1.2,0.13333333333333333,0.0,0.0,14.0,14.0,37.9,1.7,0.25,3.0,8.0,-50.0,0.0,0.6666666666666666,6,12,83.9,14.0,1228,260,1108,0.0,0.0,11.0,12.0,37.6,1.2,0.5,0.0,0.0,12.0,13.0,38.0,1.9,0.125,1.1,0.0,52.0,-322.0,16.0,16.0,476.0,0.0,0.0,0.3125,-0.0625,0.0625,0.04999999999999929,0.0
46,202203010111,1,1,2,16,1,1,2,11,1,0,0,0,1,0,1,7,1,0,1,4,1,0,0,0,0,0,0,0,0,0,0,0,0,0,0,0,0.0,0.0,9.0,16.0,36.5,1.0,0.1111111111111111,0.0,0.0,10.0,6.0,36.0,0.1,0.13333333333333333,0.0,0.0,11.0,8.0,34.5,1.1,0.47058823529411764,-4.0,2.0,-50.0,0.2,0.4,7,13,34.3,10.0,1716,1556,1167,0.0,0.0,10.0,15.0,37.5,1.7,0.5625,0.0,0.0,6.0,16.0,36.2,1.9,0.2222222222222222,0.9,0.0,53.0,-288.0,16.0,18.0,472.0,0.05555555555555555,0.0,-0.23529411764705882,0.1875,-0.1111111111111111,-0.09000000000000057,0.0
47,202203010111,0,4,1,7,6,4,1,13,0,1,1,0,0,4,1,6,2,2,1,5,0,1,1,0,0,0,0,0,0,0,0,0,0,0,0,0,0.0,0.0,4.0,6.0,45.3,6.7,0.16666666666666666,0.0,0.0,14.0,14.0,38.4,2.6,0.5,0.0,0.0,13.0,13.0,37.5,2.4,0.4666666666666667,3.5,21.0,-250.0,0.022727272727272728,0.18181818181818182,8,16,28.7,9.0,1228,1013,1108,0.0,0.0,9.0,16.0,38.4,2.0,0.125,0.0,0.0,2.0,1.0,36.0,0.0,0.14285714285714285,-0.8,0.2,54.0,-434.0,16.0,6.0,563.0,0.8333333333333334,0.0,0.0,0.0,-0.07142857142857142,1.8599999999999994,0.0
48,202203010201,0,1,0,0,0,0,4,15,0,0,0,0,0,1,0,0,0,0,2,9,0,0,0,0,0,0,0,0,0,0,0,5,0,0,0,0,0.0,0.0,16.0,12.0,33.8,1.4,0.625,0.0,0.0,14.0,15.0,39.9,3.1,0.1875,0.0,0.0,11.0,16.0,34.9,2.2,1.0,2.0,12.0,150.0,0.09090909090909091,0.09090909090909091,4,8,2.0,1.0,1467,1167,336,0.0,0.0,11.0,16.0,38.8,2.5,0.125,0.0,0.0,11.0,13.0,38.5,2.9,0.23076923076923078,0.3,0.0,52.0,-742.0,16.0,16.0,476.0,,0.0625,0.0,0.0,0.6923076923076923,-0.8300000000000004,0.0
49,202203010201,0,0,0,1,0,0,0,5,0,0,0,0,0,0,0,1,0,0,0,1,0,0,0,0,0,0,0,0,0,0,0,0,0,0,0,0,0.0,0.0,11.0,13.0,38.6,1.9,0.5714285714285714,0.0,0.0,7.0,4.0,37.1,0.4,0.5,0.0,0.0,7.0,1.0,35.6,0.0,0.6923076923076923,-6.0,6.0,-250.0,0.0,0.0,3,6,8.0,4.0,1534,1110,1235,0.0,0.0,4.0,1.0,35.6,0.0,0.625,0.0,0.0,1.0,13.0,39.3,1.1,0.13333333333333333,-0.3,0.4,54.0,-524.0,16.0,14.0,456.0,-0.07142857142857142,0.0,-0.15384615384615385,-0.0625,0.0,0.010000000000000852,0.0
50,202203010201,1,1,3,16,0,2,1,26,0,0,0,1,0,1,2,8,0,2,1,7,0,0,0,1,0,0,0,3,0,0,1,3,0,0,0,0,0.0,0.0,60.0,5.0,38.1,0.9,0.625,0.0,0.0,90.0,8.0,36.0,1.0,0.7142857142857143,,,,,,,,3.0,-4.0,-50.0,0.1388888888888889,0.3888888888888889,8,16,31.2,8.0,1278,1556,625,,,,,,,,,,,,,,,3.0,0.0,54.0,27.0,16.0,16.0,448.0,-0.0625,-0.07142857142857142,,,,2.1000000000000014,0.0
51,202203010201,0,0,0,6,0,1,0,0,0,0,0,0,0,0,0,2,0,1,0,0,0,0,0,0,0,0,0,0,0,1,0,0,0,0,0,0,0.0,0.0,6.0,9.0,38.5,2.1,0.6666666666666666,0.0,0.0,9.0,10.0,40.5,1.8,0.2857142857142857,0.0,0.0,3.0,8.0,37.2,1.6,0.6666666666666666,-0.5,22.0,-450.0,0.0,0.2,7,14,40.0,9.0,1557,1145,1559,0.0,0.0,4.0,8.0,37.6,1.2,0.125,0.0,0.0,5.0,3.0,36.1,0.1,0.125,-1.4,0.2,54.0,-820.0,16.0,12.0,438.0,0.16666666666666666,0.14285714285714285,-0.06666666666666667,0.0625,0.0,0.7699999999999996,0.0
52,202203010201,0,1,0,11,1,0,0,3,0,0,0,0,0,1,0,4,0,0,0,1,0,0,0,0,0,1,0,0,0,0,0,1,0,0,0,0,0.0,0.0,8.0,13.0,37.2,2.6,0.5714285714285714,0.0,0.0,11.0,12.0,39.2,2.2,0.25,0.0,0.0,1.0,10.0,36.6,0.7,0.2857142857142857,-1.5,6.0,150.0,0.1,0.15,5,9,4.2,2.0,1172,548,1556,0.0,0.0,5.0,15.0,38.8,1.4,0.0625,0.0,0.0,2.0,1.0,35.7,0.0,0.1,-2.1,0.2,54.0,-489.0,16.0,14.0,454.0,0.21428571428571427,0.5,0.0,0.0,0.0,0.3400000000000006,0.0
53,202203010201,0,0,1,5,0,0,0,1,0,0,0,0,0,0,0,2,0,0,0,1,0,0,0,0,0,0,0,2,0,0,0,1,0,0,0,0,0.0,0.0,160.0,15.0,39.3,1.9,0.4375,0.0,0.0,110.0,12.0,35.1,1.5,0.625,0.0,0.0,140.0,14.0,39.6,2.3,0.25,-0.5,2.0,-50.0,0.0,0.1,1,2,360.3,16.0,1169,1438,460,0.0,0.0,130.0,13.0,37.2,2.2,0.8333333333333334,,,,,,,,-0.4,0.0,54.0,126.0,16.0,16.0,460.0,0.125,0.125,0.1875,0.0,,0.1799999999999983,0.0
54,202203010201,0,0,0,0,1,1,1,13,0,0,0,0,0,0,0,0,0,0,0,6,0,0,0,0,0,0,0,0,0,0,0,3,0,0,0,0,0.0,0.0,6.0,16.0,35.4,2.6,0.3125,0.0,0.0,7.0,14.0,39.7,3.3,0.21428571428571427,0.0,0.0,1.0,4.0,34.0,0.7,0.05555555555555555,-6.0,0.0,150.0,0.13513513513513514,0.35135135135135137,5,10,14.4,5.0,1289,1183,1428,0.0,0.0,6.0,2.0,32.9,0.4,0.17647058823529413,0.0,0.0,2.0,1.0,33.2,0.0,0.0625,-4.2,0.4,54.0,-742.0,16.0,16.0,444.0,,0.0,,,,1.1199999999999997,0.0
55,202203010201,0,2,0,7,0,0,0,5,0,0,0,0,0,0,0,1,0,0,0,1,0,0,0,0,0,0,0,1,0,0,0,0,0,0,0,0,0.0,0.0,40.0,40.0,39.6,1.2,0.36363636363636365,0.0,0.0,90.0,80.0,40.4,2.2,0.5333333333333333,0.0,0.0,110.0,40.0,38.5,1.2,0.2,0.0,34.0,-350.0,0.1320754716981132,0.2830188679245283,8,15,248.2,13.0,1090,1110,1169,0.0,0.0,80.0,50.0,38.2,1.6,0.6428571428571429,0.0,0.0,120.0,130.0,38.3,1.5,0.75,15.0,0.0,52.0,-820.0,16.0,11.0,472.0,0.0,-0.13333333333333333,0.0,0.07142857142857142,0.0,0.4800000000000004,0.0
56,202203010201,0,1,0,11,0,0,4,15,0,0,0,0,0,1,0,4,0,0,2,9,0,0,0,0,0,1,0,0,0,0,0,5,0,0,0,0,0.0,0.0,11.0,5.0,36.1,0.3,0.4166666666666667,0.0,0.0,6.0,9.0,35.7,1.2,0.875,0.0,0.0,13.0,4.0,34.4,0.1,0.4375,-0.5,14.0,-550.0,0.25,0.75,7,13,201.3,11.0,1172,1167,1556,0.0,0.0,15.0,2.0,36.1,0.6,0.625,0.0,0.0,11.0,9.0,37.1,1.2,0.6875,0.1,0.2,51.0,-820.0,16.0,12.0,434.0,0.25,-0.3125,-0.0625,-0.125,0.0,-0.23999999999999985,0.0
57,202203010201,0,0,0,2,0,2,1,26,0,0,0,0,0,0,0,2,0,2,1,7,0,0,0,0,0,0,0,1,0,0,1,3,0,0,0,0,0.0,0.0,8.0,11.0,39.9,1.6,0.4166666666666667,0.0,0.0,7.0,8.0,38.8,1.8,0.6875,0.0,0.0,7.0,10.0,37.7,1.2,0.5,-0.5,12.0,-50.0,0.0,0.13793103448275862,2,3,31.0,7.0,1147,1556,1082,0.0,0.0,6.0,5.0,37.4,0.7,0.25,0.0,0.0,9.0,5.0,37.9,1.2,0.875,-1.5,0.0,51.0,-458.0,16.0,12.0,460.0,0.0,-0.125,0.0625,0.0,0.0,0.5399999999999998,0.0
58,202203010201,0,0,0,7,1,2,2,11,0,0,0,0,0,0,0,6,0,0,1,3,0,0,0,0,0,0,0,2,0,0,1,2,0,0,0,0,0.0,0.0,3.0,5.0,40.8,1.3,0.1111111111111111,0.0,0.0,9.0,16.0,44.4,6.8,0.0625,0.0,0.0,8.0,10.0,37.2,2.2,0.16666666666666666,2.5,32.0,-250.0,0.043478260869565216,0.21739130434782608,2,4,28.4,6.0,1645,1618,1366,0.0,0.0,6.0,11.0,38.1,1.3,0.375,0.0,0.0,6.0,4.0,39.3,0.2,0.125,-0.7,0.0,54.0,-825.0,16.0,9.0,466.0,0.1111111111111111,0.9375,0.05555555555555555,0.0,0.0,0.9299999999999997,0.0
59,202203010201,0,0,0,1,0,1,0,6,0,0,0,0,0,0,0,0,0,1,0,3,0,0,0,0,0,0,0,0,0,0,0,1,0,0,0,0,0.0,0.0,8.0,9.0,39.2,3.1,0.9090909090909091,0.0,0.0,13.0,13.0,38.9,2.7,0.8666666666666667,0.0,0.0,12.0,12.0,37.7,2.4,0.875,1.5,-2.0,-50.0,0.0,0.0,6,11,222.4,12.0,1204,1376,1221,0.0,0.0,9.0,10.0,38.9,3.4,0.625,,,,,,,,0.2,0.0,54.0,-107.0,16.0,11.0,424.0,0.0,0.0,-0.0625,0.125,,0.21000000000000085,0.0
60,202203010201,0,0,0,1,1,1,2,7,0,0,0,0,0,0,0,1,0,1,1,5,0,0,0,0,0,0,0,1,0,1,1,4,0,0,0,0,0.0,0.0,90.0,90.0,40.8,2.0,0.2727272727272727,0.0,0.0,140.0,130.0,37.8,2.6,0.875,0.0,0.0,140.0,140.0,35.7,2.5,0.4,25.0,25.0,-350.0,0.0,0.0,3,5,260.8,14.0,1089,1366,1428,,,,,,,,,,,,,,,25.0,0.0,51.0,-825.0,16.0,11.0,435.0,0.18181818181818182,0.0625,0.0,,,2.549999999999997,0.0
61,202203010201,0,0,0,3,0,0,0,0,0,0,0,0,0,0,0,2,0,0,0,0,0,0,0,0,0,0,0,0,0,0,0,0,0,0,0,0,0.0,0.0,6.0,2.0,40.6,0.1,0.1111111111111111,0.0,0.0,15.0,14.0,40.7,3.4,0.6666666666666666,0.0,0.0,15.0,14.0,38.3,2.7,0.75,6.0,16.0,-350.0,0.19047619047619047,0.38095238095238093,4,7,350.9,15.0,1629,1477,1428,0.0,0.0,12.0,13.0,37.3,3.6,1.0,0.0,0.0,8.0,16.0,37.8,3.8,0.75,2.7,0.2,53.0,-406.0,16.0,9.0,478.0,0.0,0.3333333333333333,0.0625,0.0,0.0,0.9000000000000015,0.0
62,202203010201,1,0,1,2,0,0,1,8,0,0,0,0,1,0,0,2,0,0,0,5,0,0,0,0,1,0,0,0,0,0,0,4,0,0,0,0,0.0,0.0,2.0,1.0,41.6,0.0,0.08333333333333333,0.0,0.0,8.0,7.0,39.1,1.4,0.13333333333333333,0.0,0.0,4.0,6.0,38.3,0.7,0.0625,2.5,24.0,-250.0,0.16666666666666666,0.6666666666666666,1,1,5.5,3.0,1020,1393,1576,0.0,0.0,3.0,15.0,39.6,3.0,0.4375,0.0,0.0,2.0,5.0,38.6,0.8,0.0625,1.5999999999999999,0.2,51.0,-785.0,16.0,12.0,490.0,0.0,0.0,0.0,-0.0625,0.0,0.55,0.0
63,202203010201,1,0,1,2,1,1,0,7,0,0,0,0,1,0,0,2,1,1,0,2,0,0,0,0,1,0,0,0,0,0,0,1,0,0,0,0,0.0,0.0,7.0,7.0,40.7,1.7,0.25,0.0,0.0,14.0,16.0,40.2,4.2,0.375,0.0,0.0,10.0,16.0,39.0,3.8,0.875,4.5,12.0,-150.0,0.043478260869565216,0.1956521739130435,6,12,104.9,10.0,1020,1235,1576,0.0,0.0,18.0,13.0,36.9,1.7,0.4444444444444444,0.0,0.0,3.0,5.0,38.4,1.5,0.16666666666666666,-0.7,0.0,54.0,-559.0,16.0,8.0,464.0,0.5,0.25,0.125,0.0,0.0,0.7900000000000013,0.0
64,202203010210,0,0,0,5,0,0,0,8,0,0,0,0,0,0,0,3,0,0,0,4,0,0,0,0,0,0,0,0,0,0,0,0,0,0,0,0,0.0,0.0,40.0,6.0,35.9,0.5,0.35714285714285715,0.0,0.0,20.0,1.0,36.7,0.0,0.07142857142857142,0.0,0.0,30.0,5.0,38.7,0.8,0.0625,-0.5,-6.0,150.0,0.022222222222222223,0.17777777777777778,5,9,11.9,5.0,1611,1014,1263,0.0,0.0,80.0,16.0,37.5,1.9,0.1875,0.0,0.0,30.0,15.0,35.6,1.1,0.1111111111111111,3.3,0.2,57.0,56.0,16.0,14.0,488.0,0.14285714285714285,0.0,0.0,0.0,0.0,-0.020000000000000285,0.0
65,202203010210,0,0,0,0,0,0,0,0,0,0,0,0,0,0,0,0,0,0,0,0,0,0,0,0,0,0,0,0,0,0,0,0,0,0,0,0,0.0,0.0,3.0,4.0,37.0,0.5,0.25,0.0,0.0,12.0,2.0,36.8,0.5,0.25,0.0,0.0,9.0,11.0,36.7,1.3,0.5833333333333334,3.5,0.0,-50.0,0.02564102564102564,0.15384615384615385,4,7,15.8,6.0,551,799,709,0.0,0.0,6.0,7.0,37.3,1.3,0.5625,0.0,0.0,6.0,2.0,37.0,0.0,0.25,0.1,0.4,55.0,-255.0,16.0,16.0,522.0,0.0,0.0,0.16666666666666666,-0.125,0.0,-0.05,0.0
66,202203010210,0,0,0,2,0,0,0,0,0,0,0,0,0,0,0,1,0,0,0,0,0,0,0,0,0,0,0,0,0,0,0,0,0,0,0,0,0.0,0.0,15.0,9.0,37.5,1.4,0.25,0.0,0.0,15.0,,,,,0.0,0.0,15.0,6.0,37.3,0.7,0.625,-3.0,-2.0,-50.0,0.1388888888888889,0.3333333333333333,5,10,56.9,15.0,1060,97,1186,0.0,0.0,6.0,11.0,37.2,1.5,0.3125,0.0,0.0,15.0,15.0,37.6,2.1,0.625,2.3,0.0,57.0,-315.0,16.0,16.0,452.0,0.0,,-0.0625,0.0625,0.0,-0.020000000000000996,0.0
67,202203010210,0,1,1,6,0,0,4,15,0,0,0,1,0,1,0,4,0,0,2,9,0,0,0,1,0,0,0,0,0,0,0,0,0,0,0,0,0.0,0.0,3.0,7.0,41.1,1.2,0.5714285714285714,0.0,0.0,13.0,14.0,37.5,1.9,0.9333333333333333,0.0,0.0,9.0,8.0,37.1,0.8,0.4375,0.5,-15.0,-450.0,0.0,0.21428571428571427,1,2,3.9,1.0,1333,1167,1294,0.0,0.0,8.0,13.0,37.4,1.4,0.4375,0.0,0.0,2.0,13.0,36.7,1.9,0.4375,1.1,0.0,57.0,-312.0,16.0,7.0,483.0,0.14285714285714285,0.0,-0.0625,0.125,-0.125,0.8899999999999999,0.0
68,202203010210,1,0,0,3,1,0,0,0,1,0,0,0,1,0,0,1,1,0,0,0,1,0,0,0,0,0,0,0,0,0,0,0,0,0,0,0,0.0,0.0,10.0,10.0,39.2,4.3,0.9,0.0,0.0,14.0,10.0,35.5,1.2,1.0,0.0,0.0,16.0,15.0,36.6,2.1,1.0,2.5,-12.0,-50.0,0.10526315789473684,0.15789473684210525,2,4,16.8,7.0,1191,441,1235,0.0,0.0,10.0,8.0,35.6,1.1,0.8181818181818182,0.0,0.0,16.0,13.0,35.4,1.0,0.75,0.4,0.0,57.0,-906.0,16.0,10.0,498.0,0.1,-0.21428571428571427,0.0,0.0,-0.125,0.7500000000000007,0.0
69,202203010210,0,0,0,0,2,1,1,15,0,0,0,0,0,0,0,0,1,1,0,3,0,0,0,0,0,0,0,0,0,0,0,0,0,0,0,0,0.0,0.0,60.0,30.0,37.2,0.8,0.16666666666666666,0.0,0.0,50.0,110.0,36.5,2.5,0.75,0.0,0.0,90.0,120.0,35.7,1.4,0.25,45.0,4.0,250.0,0.0,0.0,8,16,56.7,14.0,429,1558,377,0.0,0.0,140.0,60.0,37.7,0.4,0.125,0.0,0.0,80.0,130.0,40.3,1.9,0.125,15.0,0.0,57.0,-787.0,16.0,12.0,484.0,0.08333333333333333,0.0,0.0,0.0,0.0,-0.7399999999999991,0.0
70,202203010210,0,2,0,7,2,1,1,15,0,0,0,0,0,0,0,1,1,1,0,3,0,0,0,0,0,0,0,0,0,0,0,0,0,0,0,0,0.0,0.0,1.0,6.0,41.8,1.2,0.5,0.0,0.0,14.0,16.0,38.7,2.8,0.4375,0.0,0.0,16.0,9.0,36.5,1.0,0.6875,1.5,-16.0,-450.0,0.0196078431372549,0.11764705882352941,7,13,7.0,4.0,1090,1558,1169,0.0,0.0,9.0,11.0,14.0,8.7,0.7272727272727273,0.0,0.0,12.0,8.0,36.4,1.0,0.8,-0.1,0.0,57.0,-824.0,16.0,8.0,486.0,0.0,0.0625,0.0,0.18181818181818182,-0.06666666666666667,3.55,0.0
71,202203010210,0,0,0,0,0,0,0,0,0,0,0,0,0,0,0,0,0,0,0,0,0,0,0,0,0,0,0,0,0,0,0,0,0,0,0,0,0.0,0.0,10.0,1.0,39.0,0.0,0.375,0.0,0.0,150.0,9.0,37.0,1.0,0.5625,0.0,0.0,100.0,9.0,36.5,0.8,0.8125,4.0,0.0,-250.0,0.1,0.1,4,8,6.0,3.0,350,124,429,0.0,0.0,80.0,11.0,37.9,1.5,0.7142857142857143,0.0,0.0,100.0,6.0,37.8,0.5,0.375,1.2000000000000002,0.2,57.0,-919.0,16.0,8.0,534.0,-0.25,0.0,0.0,0.14285714285714285,0.0,0.15000000000000072,0.0
72,202203010210,1,0,5,10,0,0,0,0,0,0,0,0,0,0,4,8,0,0,0,0,0,0,0,0,0,0,1,1,0,0,0,0,0,0,0,0,0.0,0.0,14.0,13.0,37.4,1.5,0.8125,0.0,0.0,14.0,9.0,37.7,0.5,0.4,0.0,0.0,13.0,8.0,37.9,0.7,0.7333333333333333,-2.5,-2.0,-50.0,0.08333333333333333,0.16666666666666666,3,6,21.1,9.0,1228,960,1108,0.0,0.0,13.0,11.0,35.6,1.1,0.9285714285714286,0.0,0.0,9.0,9.0,36.9,0.7,0.875,-0.6,0.0,55.0,-245.0,16.0,16.0,482.0,0.0625,-0.13333333333333333,-0.06666666666666667,-0.07142857142857142,-0.0625,0.31000000000000016,0.0
73,202203010210,0,1,1,12,1,0,0,1,0,0,0,0,0,1,1,9,1,0,0,1,0,0,0,0,0,0,0,2,0,0,0,0,0,0,0,0,0.0,0.0,3.0,5.0,41.3,2.3,0.2857142857142857,0.0,0.0,13.0,14.0,39.2,1.6,0.0625,0.0,0.0,12.0,10.0,37.3,0.9,0.625,2.5,6.0,-250.0,,,3,5,34.2,12.0,1313,1380,1108,0.0,0.0,10.0,14.0,38.5,1.8,0.1875,0.0,0.0,9.0,4.0,37.6,0.2,0.125,-0.2,0.0,57.0,-742.0,16.0,7.0,518.0,0.0,0.0,0.0625,0.0,0.0,0.8099999999999994,0.0
74,202203010210,0,0,0,3,0,1,1,4,0,0,0,0,0,0,0,1,0,1,0,3,0,0,0,0,0,0,0,0,0,0,0,1,0,0,0,0,0.0,0.0,8.0,5.0,40.9,0.5,0.25,0.0,0.0,10.0,11.0,38.2,0.9,0.125,0.0,0.0,4.0,1.0,37.5,0.0,0.125,-2.0,34.0,-250.0,0.0,0.16666666666666666,6,11,24.6,10.0,1657,1228,1317,0.0,0.0,5.0,9.0,37.8,1.0,0.07142857142857142,0.0,0.0,13.0,5.0,37.7,0.9,0.125,-0.2,0.2,55.0,-767.0,16.0,12.0,498.0,0.0,-0.0625,0.0,0.0,0.0,0.6799999999999997,0.0
75,202203010210,0,1,0,5,0,0,0,3,0,0,0,1,0,1,0,3,0,0,0,1,0,0,0,1,0,0,0,0,0,0,0,0,0,0,0,0,0.0,0.0,16.0,12.0,37.3,1.0,0.625,0.0,0.0,18.0,17.0,34.5,1.2,0.7777777777777778,0.0,0.0,11.0,8.0,35.6,1.2,0.8333333333333334,-2.0,6.0,0.0,0.0,0.1,1,1,162.1,16.0,1571,1306,1108,0.0,0.0,16.0,16.0,34.1,1.7,0.5555555555555556,0.0,0.0,15.0,11.0,32.3,0.9,0.8888888888888888,-0.3,0.0,55.0,0.0,16.0,16.0,468.0,0.1875,0.1111111111111111,0.0,,,1.0399999999999998,0.0
76,202203010210,0,0,0,2,0,0,0,1,0,0,0,0,0,0,0,1,0,0,0,1,0,0,0,0,0,0,0,0,0,0,0,0,0,0,0,0,0.0,0.0,60.0,7.0,35.0,0.4,0.05555555555555555,0.0,0.0,30.0,2.0,35.6,0.2,0.08333333333333333,0.0,0.0,40.0,4.0,35.2,0.5,0.07692307692307693,-1.5,-6.0,-50.0,0.0,0.0,8,15,4.6,2.0,1674,1507,1428,0.0,0.0,120.0,6.0,36.4,0.6,0.0625,0.0,0.0,20.0,10.0,37.4,1.8,0.16666666666666666,1.0,0.2,55.0,64.0,16.0,18.0,442.0,0.0,0.0,0.0,0.0,0.0,-0.5599999999999994,0.0
77,202203010210,1,0,1,8,2,1,1,15,0,0,0,0,1,0,0,4,1,1,0,3,0,0,0,0,0,0,0,0,0,0,0,0,0,0,0,0,0.0,0.0,7.0,5.0,37.9,0.8,0.2222222222222222,0.0,0.0,13.0,14.0,38.5,1.2,0.0625,0.0,0.0,6.0,9.0,37.4,1.3,0.07142857142857142,2.0,18.0,150.0,0.0,0.4,2,3,40.8,13.0,1716,1558,1167,0.0,0.0,8.0,11.0,39.2,2.5,0.125,0.0,0.0,3.0,4.0,38.6,1.1,0.125,-0.5,0.0,55.0,-192.0,16.0,9.0,462.0,0.0,0.0625,0.07142857142857142,0.0,0.0,-0.21000000000000085,0.0
78,202203010210,1,0,0,3,0,0,4,15,0,0,0,0,0,0,0,0,0,0,2,9,0,0,0,0,0,0,0,0,0,0,0,0,0,0,0,0,0.0,0.0,110.0,90.0,36.9,1.7,0.9090909090909091,0.0,0.0,150.0,110.0,37.9,2.1,0.625,0.0,0.0,110.0,150.0,38.6,1.5,0.25,30.0,18.0,230.0,0.045454545454545456,0.22727272727272727,6,12,30.3,11.0,1098,1167,1294,0.0,0.0,130.0,140.0,34.7,1.1,0.8125,0.0,0.0,70.0,100.0,36.6,1.4,0.7142857142857143,5.0,0.0,57.0,-761.0,16.0,11.0,506.0,,0.0,0.0,0.0,0.14285714285714285,0.379999999999999,0.0
79,202203010210,1,0,1,2,2,1,1,15,0,0,0,0,1,0,0,2,1,1,0,3,0,0,0,0,0,0,0,0,0,0,0,0,0,0,0,0,0.0,0.0,16.0,6.0,33.2,0.2,0.05555555555555555,0.0,0.0,8.0,11.0,37.0,2.9,0.18181818181818182,0.0,0.0,10.0,3.0,34.9,0.2,0.08333333333333333,-1.5,18.0,150.0,0.0625,0.0625,7,14,20.1,8.0,1020,1558,1576,0.0,0.0,8.0,16.0,40.4,3.3,0.25,0.0,0.0,5.0,15.0,38.7,1.5,0.0625,2.3,0.2,55.0,-181.0,16.0,18.0,468.0,,0.09090909090909091,0.0,0.0,0.0,-1.44,0.0
80,202203010301,5,4,1,43,1,3,1,25,1,0,0,3,1,2,0,27,0,0,0,6,0,0,0,2,0,0,0,9,0,0,0,4,0,0,0,1,0.0,0.0,13.0,11.0,37.4,1.4,0.6153846153846154,0.0,0.0,10.0,8.0,36.5,1.3,0.6363636363636364,0.0,0.0,9.0,13.0,37.4,1.8,0.5625,1.0,14.0,-50.0,0.2,0.6,6,11,10.7,5.0,1716,1428,1167,0.0,0.0,8.0,14.0,38.6,1.7,0.125,0.0,0.0,11.0,4.0,37.6,0.6,0.4375,-0.8,0.0,51.0,-533.0,16.0,13.0,452.0,0.07692307692307693,0.18181818181818182,0.0,0.0,0.0625,-0.2500000000000007,0.0
81,202203010301,0,0,1,16,2,0,2,17,0,0,0,0,0,0,0,6,1,0,1,8,0,0,0,0,0,0,0,4,0,0,0,3,0,0,0,0,0.0,0.0,1.0,10.0,41.3,3.0,0.6666666666666666,0.0,0.0,2.0,7.0,36.4,0.5,0.6,0.0,0.0,2.0,4.0,36.2,0.5,0.4,-3.0,29.0,-350.0,0.0,0.13333333333333333,5,10,9.6,4.0,1036,1170,1108,0.0,0.0,1.0,3.0,37.1,0.9,0.625,0.0,0.0,2.0,2.0,36.3,0.1,0.5,-2.0,0.4,53.0,-814.0,16.0,12.0,515.0,0.16666666666666666,0.0,0.0,-0.0625,-0.07142857142857142,0.9299999999999997,0.0
82,202203010301,5,15,5,50,0,0,1,7,0,0,0,0,1,7,2,22,0,0,0,3,0,0,0,0,0,3,0,9,0,0,0,0,0,0,0,0,0.0,0.0,50.0,3.0,37.1,0.3,0.1875,0.0,0.0,40.0,4.0,39.3,1.3,0.06666666666666667,,,,,,,,1.0,-8.0,-50.0,0.08,0.16,1,1,6.6,3.0,1576,1511,1577,,,,,,,,,,,,,,,1.0,0.5,53.0,27.0,16.0,16.0,446.0,0.125,0.0,,,,-2.1999999999999957,0.0
83,202203010301,0,0,1,6,0,0,1,7,0,0,0,0,0,0,1,4,0,0,0,0,0,0,0,0,0,0,0,2,0,0,0,0,0,0,0,0,0.0,0.0,6.0,10.0,45.2,6.4,0.4,0.0,0.0,13.0,14.0,41.7,5.7,0.8571428571428571,0.0,0.0,12.0,9.0,36.5,1.3,0.75,-0.5,-3.0,-250.0,0.18181818181818182,0.36363636363636365,4,7,235.1,13.0,1310,1160,1618,0.0,0.0,10.0,6.0,36.3,1.4,0.5,0.0,0.0,5.0,10.0,36.4,1.7,1.0,-0.8,0.0,55.0,-215.0,16.0,10.0,461.0,0.5,0.14285714285714285,0.0,-0.08333333333333333,-0.2,2.3000000000000016,0.0
84,202203010301,0,2,2,20,5,6,7,49,0,0,0,0,0,0,1,7,1,2,1,18,0,0,0,0,0,0,0,1,0,0,1,10,0,0,0,0,0.0,0.0,70.0,70.0,43.4,2.3,0.09090909090909091,0.0,0.0,170.0,160.0,36.5,2.3,0.6666666666666666,0.0,0.0,130.0,130.0,35.5,1.4,0.38461538461538464,30.0,-5.0,-1050.0,0.0,0.0,7,13,3.8,2.0,1393,1167,1263,0.0,0.0,100.0,70.0,40.2,2.6,0.08333333333333333,0.0,0.0,100.0,100.0,39.1,2.5,0.08333333333333333,-3.0,0.0,56.0,-766.0,16.0,11.0,481.0,0.0,0.0,0.0,0.0,0.5,0.48999999999999916,0.0
85,202203010301,0,1,0,2,1,1,3,28,0,0,0,0,0,1,0,2,0,0,3,14,0,0,0,0,0,1,0,1,0,0,1,7,0,0,0,0,0.0,0.0,,,,,,0.0,0.0,110.0,8.0,38.0,0.9,0.06666666666666667,0.0,0.0,120.0,12.0,38.8,1.4,0.0625,4.0,1.0,-450.0,0.0,0.0,2,4,137.8,9.0,1270,1221,969,0.0,0.0,60.0,8.0,39.3,1.4,0.06666666666666667,0.0,0.0,90.0,6.0,38.3,0.9,0.4375,-1.0,0.0,51.0,-818.0,16.0,7.0,455.0,,0.0,0.0,0.0,0.0,-0.13999999999999915,0.0
86,202203010301,0,0,0,1,2,1,1,8,0,0,0,1,0,0,0,1,1,0,0,2,0,0,0,1,0,0,0,1,1,0,0,1,0,0,0,1,0.0,0.0,140.0,5.0,38.9,1.3,0.0625,0.0,0.0,110.0,10.0,37.5,2.0,0.7142857142857143,0.0,0.0,90.0,9.0,37.0,1.0,0.7692307692307693,2.0,-4.0,-50.0,0.14285714285714285,0.5714285714285714,1,2,59.9,7.0,1055,1331,1618,0.0,0.0,40.0,14.0,42.3,3.6,0.14285714285714285,,,,,,,,2.6,0.0,53.0,20.0,16.0,16.0,452.0,0.0,-0.07142857142857142,0.0,0.0,,-0.9699999999999995,0.0
87,202203010301,4,6,2,23,0,0,0,3,0,0,0,0,2,2,1,10,0,0,0,1,0,0,0,0,1,1,0,7,0,0,0,0,0,0,0,0,0.0,0.0,110.0,14.0,39.6,2.2,0.125,0.0,0.0,60.0,10.0,38.5,2.1,0.25,0.0,0.0,8.0,8.0,38.1,1.6,0.14285714285714285,-3.0,10.0,-250.0,0.0425531914893617,0.19148936170212766,5,9,1.9,1.0,1095,1103,1221,0.0,0.0,4.0,11.0,38.2,1.1,0.0625,0.0,0.0,6.0,3.0,37.7,1.1,0.0625,-2.1,0.2,56.0,-946.0,16.0,16.0,536.0,0.0,-0.08333333333333333,0.0,0.0,0.0,0.4099999999999994,0.0
88,202203010301,1,0,0,4,5,6,7,49,0,0,0,0,0,0,0,2,1,2,1,18,0,0,0,0,0,0,0,2,0,0,1,10,0,0,0,0,0.0,0.0,1.0,8.0,41.3,0.9,0.1,0.0,0.0,11.0,10.0,35.8,1.2,0.7142857142857143,0.0,0.0,6.0,9.0,38.9,1.4,0.4375,0.5,0.0,-250.0,0.0,0.0,4,8,14.4,6.0,1629,1167,1428,,,,,,,,,,,,,,,0.5,0.0,53.0,-184.0,16.0,10.0,526.0,0.0,-0.14285714285714285,0.0,,,1.1999999999999993,0.0
89,202203010301,0,1,0,6,0,0,0,2,0,0,0,0,0,0,0,2,0,0,0,0,0,0,0,0,0,0,0,1,0,0,0,0,0,0,0,0,0.0,0.0,8.0,10.0,39.6,1.6,0.25,0.0,0.0,11.0,8.0,39.1,2.0,0.2,,,,,,,,-2.0,22.0,0.0,0.019230769230769232,0.11538461538461539,2,3,136.8,8.0,1657,1574,1317,,,,,,,,,,,,,,,-2.0,0.0,54.0,0.0,16.0,16.0,460.0,0.0,0.06666666666666667,,,,0.5,0.0
90,202203010301,0,1,0,1,2,0,0,9,0,0,0,1,0,1,0,0,1,0,0,6,0,0,0,0,0,0,0,0,1,0,0,5,0,0,0,0,0.0,0.0,16.0,16.0,36.7,2.0,0.8125,0.0,0.0,16.0,11.0,38.6,2.2,0.6875,0.0,0.0,14.0,12.0,41.7,3.1,0.21428571428571427,-2.0,8.0,-50.0,0.0,0.0,6,12,342.4,16.0,1401,1036,517,0.0,0.0,18.0,18.0,36.6,1.9,0.6666666666666666,0.0,0.0,11.0,11.0,37.7,4.2,1.0,-0.3,0.0,54.0,-56.0,16.0,16.0,432.0,0.1875,0.0,0.5,0.16666666666666666,0.0,0.0,0.0
91,202203010301,0,0,0,0,0,0,0,1,0,0,0,0,0,0,0,0,0,0,0,0,0,0,0,0,0,0,0,0,0,0,0,0,0,0,0,0,0.0,0.0,4.0,7.0,42.5,1.4,0.4166666666666667,0.0,0.0,14.0,10.0,38.8,1.7,0.8,0.0,0.0,14.0,5.0,38.6,1.3,0.6,-1.0,-10.0,-50.0,0.0,0.09523809523809523,8,15,192.1,10.0,579,901,548,0.0,0.0,17.0,16.0,36.4,3.1,0.5294117647058824,0.0,0.0,15.0,13.0,36.7,2.1,0.9375,1.8,0.0,54.0,-328.0,16.0,12.0,422.0,-0.16666666666666666,-0.26666666666666666,-0.13333333333333333,0.17647058823529413,-0.0625,1.3999999999999992,0.0
92,202203010301,0,1,2,25,3,5,2,27,0,0,0,0,0,0,1,14,0,1,0,5,0,0,0,0,0,0,0,8,0,0,0,3,0,0,0,0,0.0,0.0,6.0,10.0,41.2,3.5,0.7,0.0,0.0,15.0,13.0,35.5,1.8,0.6666666666666666,0.0,0.0,9.0,10.0,45.7,8.9,0.3,0.0,5.0,-250.0,0.0,0.3333333333333333,3,5,195.1,11.0,1645,1618,1366,0.0,0.0,11.0,13.0,39.3,3.1,0.75,,,,,,,,0.6,0.0,53.0,-299.0,16.0,10.0,429.0,0.3,0.05555555555555555,0.6,0.0,,-0.44999999999999857,0.0
93,202203010301,0,0,1,6,0,0,0,0,0,0,0,0,0,0,1,4,0,0,0,0,0,0,0,0,0,0,0,2,0,0,0,0,0,0,0,0,0.0,0.0,20.0,2.0,40.7,0.4,0.1111111111111111,0.0,0.0,110.0,12.0,38.7,2.2,0.16666666666666666,0.0,0.0,110.0,8.0,36.9,1.5,0.75,3.0,7.0,-350.0,0.0,0.21052631578947367,3,6,225.8,12.0,1310,1661,1618,0.0,0.0,120.0,8.0,38.2,1.4,0.5,0.0,0.0,120.0,9.0,38.3,1.9,0.8,1.0,0.2,54.0,-806.0,16.0,9.0,473.0,0.0,0.4166666666666667,0.0,0.0625,-0.06666666666666667,0.5300000000000011,0.0
94,202203010301,1,0,3,6,0,0,0,1,0,0,0,0,0,0,3,2,0,0,0,0,0,0,0,0,0,0,2,1,0,0,0,0,0,0,0,0,0.0,0.0,10.0,70.0,39.5,2.3,0.7272727272727273,0.0,0.0,140.0,150.0,38.9,3.3,0.9333333333333333,0.0,0.0,150.0,150.0,38.7,3.5,1.0,40.0,-1.0,-250.0,0.06060606060606061,0.18181818181818182,7,14,303.8,15.0,1426,1084,306,0.0,0.0,100.0,140.0,40.2,6.1,1.0,,,,,,,,21.0,0.0,54.0,-812.0,16.0,11.0,451.0,0.09090909090909091,0.0,0.0,0.0,,-0.19000000000000128,0.0
95,202203010301,0,0,0,2,1,5,4,43,0,0,0,0,0,0,0,2,0,3,2,13,0,0,0,0,0,0,0,1,0,0,1,8,0,0,0,0,0.0,0.0,,,,,,0.0,0.0,140.0,16.0,39.2,3.7,0.9375,,,,,,,,,,-150.0,0.16666666666666666,0.3333333333333333,8,16,302.7,14.0,1318,1482,535,,,,,,,,,,,,,,,,0.0,56.0,-183.0,16.0,10.0,,,-0.125,,,,,0.0
96,202203010407,1,0,1,2,0,0,1,14,0,0,0,0,1,0,0,1,0,0,0,4,0,0,0,0,0,0,0,1,0,0,0,4,0,0,0,0,0.0,0.0,13.0,12.0,35.0,0.8,0.38461538461538464,0.0,0.0,16.0,12.0,36.2,1.7,0.11764705882352941,0.0,0.0,11.0,5.0,35.0,0.5,0.7272727272727273,-3.5,-2.0,-250.0,0.2,0.4,8,12,6.0,4.0,1733,1108,1428,0.0,0.0,15.0,12.0,36.0,1.4,1.0,0.0,0.0,12.0,8.0,34.4,0.8,0.6153846153846154,-0.8,0.0,51.0,-734.0,12.0,13.0,460.0,0.23076923076923078,0.058823529411764705,-0.18181818181818182,0.0,0.07692307692307693,0.14000000000000057,0.0
97,202203010407,1,0,0,9,4,4,1,48,0,0,0,1,0,0,0,3,1,0,0,12,0,0,0,0,0,0,0,2,0,0,0,3,0,0,0,0,0.0,0.0,11.0,9.0,37.8,1.4,0.8181818181818182,0.0,0.0,14.0,9.0,37.1,1.1,0.625,0.0,0.0,14.0,9.0,36.1,1.1,0.75,0.0,-2.0,-50.0,0.041666666666666664,0.20833333333333334,5,6,9.0,5.0,1548,1183,1328,0.0,0.0,11.0,13.0,36.9,1.7,0.9333333333333333,0.0,0.0,9.0,12.0,37.5,1.5,0.4375,1.0,0.0,55.0,-602.0,12.0,11.0,426.0,0.0,-0.0625,0.0,0.0,0.1875,0.07999999999999971,0.0
98,202203010407,4,6,4,41,4,4,1,48,0,0,0,0,1,1,0,23,1,0,0,12,0,0,0,0,0,0,0,11,0,0,0,3,0,0,0,0,0.0,0.0,14.0,7.0,35.0,0.4,0.5714285714285714,0.0,0.0,9.0,5.0,36.0,1.2,1.0,0.0,0.0,11.0,5.0,35.1,0.6,0.9166666666666666,-1.0,-4.0,-50.0,0.0,0.16129032258064516,7,9,9.1,6.0,1172,1183,1556,0.0,0.0,11.0,8.0,37.0,1.0,0.5714285714285714,0.0,0.0,10.0,10.0,37.6,1.2,0.5333333333333333,0.9,0.0,52.0,-853.0,12.0,14.0,444.0,-0.07142857142857142,0.0,-0.08333333333333333,0.07142857142857142,-0.06666666666666667,-0.6200000000000003,0.0
99,202203010407,0,1,0,1,5,6,7,49,0,1,0,0,0,1,0,0,1,2,1,18,0,1,0,0,0,1,0,0,1,2,0,6,0,1,0,0,0.0,0.0,13.0,14.0,37.8,2.1,0.875,0.0,0.0,11.0,7.0,35.4,0.7,0.35714285714285715,0.0,0.0,7.0,11.0,40.1,2.5,0.125,-1.5,-6.0,0.0,0.07692307692307693,0.19230769230769232,1,1,5.3,3.0,1401,1167,517,0.0,0.0,4.0,1.0,37.1,0.0,0.125,0.0,0.0,3.0,8.0,37.5,2.1,0.5454545454545454,-1.8,0.2,54.0,-356.0,12.0,16.0,438.0,-0.0625,0.07142857142857142,-0.0625,0.0,0.0,-0.11000000000000085,0.0
100,202203010407,5,4,2,30,1,1,0,14,0,0,0,0,0,0,0,11,0,1,0,5,0,0,0,0,0,0,0,2,0,0,0,2,0,0,0,0,0.0,0.0,14.0,12.0,42.0,4.0,0.14285714285714285,0.0,0.0,9.0,13.0,37.4,1.9,0.7142857142857143,0.0,0.0,8.0,6.0,36.2,0.7,0.2,-3.0,18.0,-250.0,0.13513513513513514,0.40540540540540543,3,3,67.7,10.0,1520,1393,695,0.0,0.0,10.0,5.0,36.8,1.6,0.15384615384615385,0.0,0.0,5.0,10.0,38.6,1.1,0.2,-1.2,0.0,55.0,-266.0,12.0,14.0,514.0,0.0,0.0,0.1,0.0,0.0,0.7399999999999999,0.0
101,202203010407,6,2,6,44,3,5,5,16,0,0,0,3,5,1,3,31,1,2,2,6,0,0,0,3,4,0,1,16,0,0,0,3,0,0,0,2,0.0,0.0,10.0,7.0,36.5,0.5,0.9230769230769231,0.0,0.0,10.0,12.0,40.7,3.0,0.26666666666666666,0.0,0.0,8.0,7.0,38.9,2.2,0.4,0.0,4.0,-50.0,0.0,0.0,4,4,100.6,11.0,1228,1014,1108,0.0,0.0,9.0,7.0,37.6,0.5,1.0,0.0,0.0,10.0,7.0,37.6,0.6,0.8461538461538461,-0.5,0.0,52.0,-139.0,12.0,13.0,484.0,0.0,0.3333333333333333,0.0,-0.08333333333333333,0.0,0.08999999999999986,0.0
102,202203010407,0,0,2,10,0,0,1,5,0,0,0,0,0,0,1,5,0,0,0,0,0,0,0,0,0,0,0,3,0,0,0,0,0,0,0,0,0.0,0.0,40.0,5.0,41.5,1.8,0.5,0.0,0.0,140.0,15.0,37.4,1.7,0.8125,0.0,0.0,130.0,13.0,38.5,2.6,0.4,4.0,7.0,-250.0,0.3333333333333333,0.6666666666666666,6,8,15.5,7.0,1557,1260,1559,0.0,0.0,100.0,8.0,37.3,1.0,0.8,0.0,0.0,70.0,7.0,37.6,0.9,0.5833333333333334,-0.3,0.0,52.0,-695.0,12.0,8.0,477.0,0.0,0.1875,0.06666666666666667,-0.06666666666666667,0.08333333333333333,0.7899999999999998,0.0
103,202203010407,1,1,1,8,0,0,1,7,0,0,0,0,1,1,0,5,0,0,0,3,0,0,0,0,0,0,0,1,0,0,0,1,0,0,0,0,0.0,0.0,40.0,2.0,38.4,0.1,0.42857142857142855,0.0,0.0,160.0,13.0,37.6,1.8,0.6875,0.0,0.0,160.0,15.0,38.9,2.8,0.3125,6.5,-6.0,-350.0,0.16666666666666666,0.16666666666666666,5,5,66.2,9.0,1020,1511,1576,0.0,0.0,150.0,11.0,38.4,1.8,0.2,0.0,0.0,130.0,12.0,38.2,1.7,0.6923076923076923,1.8,0.2,53.0,-820.0,12.0,7.0,472.0,-0.2857142857142857,0.0,0.0,0.0,0.07692307692307693,-0.04000000000000057,0.0
104,202203010407,1,1,1,8,3,5,4,53,0,0,0,0,1,1,0,5,1,1,2,20,0,0,0,0,0,0,0,1,0,0,2,5,0,0,0,0,0.0,0.0,13.0,11.0,36.7,1.2,0.75,0.0,0.0,16.0,17.0,33.2,1.4,0.7058823529411765,0.0,0.0,10.0,12.0,32.5,1.6,1.0,0.5,-2.0,-50.0,0.12962962962962962,0.2777777777777778,7,10,4.4,2.0,1020,1556,1576,0.0,0.0,17.0,14.0,35.4,0.9,0.6111111111111112,0.0,0.0,1.0,16.0,35.3,1.7,0.6111111111111112,0.7,0.0,53.0,-874.0,12.0,16.0,472.0,-0.0625,,,0.05555555555555555,,0.060000000000001566,0.0
105,202203010407,0,1,1,5,1,5,4,43,0,0,1,0,0,1,0,4,0,3,2,13,0,0,0,0,0,0,0,0,0,2,1,4,0,0,0,0,0.0,0.0,5.0,8.0,41.9,2.9,0.625,0.0,0.0,15.0,15.0,41.7,6.0,0.6,0.0,0.0,13.0,14.0,38.7,2.3,0.8666666666666667,3.0,2.0,-450.0,,,6,7,288.4,12.0,1376,1482,1559,0.0,0.0,14.0,13.0,36.3,1.2,0.6,0.0,0.0,13.0,14.0,41.0,3.2,0.26666666666666666,1.0,0.0,52.0,-815.0,12.0,8.0,464.0,0.125,0.26666666666666666,0.06666666666666667,0.0,0.4,0.7200000000000003,0.0
106,202203010407,5,4,1,43,0,1,0,1,0,0,0,0,1,2,0,27,0,0,0,0,0,0,0,0,1,1,0,10,0,0,0,0,0,0,0,0,0.0,0.0,1.0,11.0,38.9,1.3,0.08333333333333333,0.0,0.0,4.0,5.0,38.0,0.6,0.125,0.0,0.0,1.0,1.0,37.1,0.0,0.06666666666666667,-5.0,-8.0,0.0,0.125,0.5,2,2,3.0,1.0,1716,764,1167,0.0,0.0,3.0,8.0,37.4,1.4,0.07142857142857142,0.0,0.0,3.0,7.0,36.2,0.7,0.375,-0.5,0.2,52.0,0.0,12.0,12.0,474.0,0.0,-0.0625,0.0,0.0,-0.0625,0.5999999999999993,0.0
107,202203010407,6,3,7,31,0,1,1,8,0,0,0,0,2,1,1,1,0,0,1,2,0,0,0,0,0,1,0,0,0,0,0,1,0,0,0,0,0.0,0.0,9.0,10.0,40.6,3.4,0.5,0.0,0.0,10.0,12.0,34.9,1.8,0.07692307692307693,0.0,0.0,16.0,5.0,35.3,0.7,0.25,-2.5,4.0,-650.0,0.0,0.0,8,11,41.3,8.0,1503,1589,1263,0.0,0.0,10.0,7.0,39.6,2.9,0.7272727272727273,0.0,0.0,9.0,7.0,36.3,1.1,0.2222222222222222,-1.1,0.0,55.0,-189.0,12.0,10.0,440.0,0.5,0.0,-0.0625,-0.09090909090909091,0.1111111111111111,0.39000000000000057,0.0
108,202203010412,0,0,0,0,0,0,0,2,0,0,0,0,0,0,0,0,0,0,0,0,0,0,0,0,0,0,0,0,0,0,0,0,0,0,0,0,0.0,0.0,80.0,8.0,43.4,5.7,0.75,0.0,0.0,130.0,13.0,37.3,1.3,0.5,0.0,0.0,50.0,1.0,37.1,0.0,0.16666666666666666,-3.5,11.0,-550.0,0.3333333333333333,0.5,5,6,8.8,5.0,1498,1438,1036,0.0,0.0,80.0,8.0,37.7,1.1,0.1875,0.0,0.0,110.0,16.0,41.3,3.4,0.0625,1.1,0.2,53.0,-526.0,12.0,8.0,483.0,0.25,0.0,0.0,-0.0625,0.0,0.3799999999999997,0.0
109,202203010412,5,4,1,43,4,7,6,72,1,1,1,7,1,2,0,27,2,1,1,19,0,1,0,7,1,1,0,10,1,0,0,9,0,0,0,4,0.0,0.0,6.0,5.0,35.7,0.5,0.4166666666666667,0.0,0.0,4.0,4.0,35.3,0.2,0.5,0.0,0.0,8.0,3.0,35.8,0.6,0.6363636363636364,-1.0,4.0,150.0,0.15384615384615385,0.15384615384615385,6,8,4.3,1.0,1716,1263,1167,0.0,0.0,10.0,9.0,36.2,1.3,0.5384615384615384,0.0,0.0,9.0,8.0,34.5,0.5,0.7272727272727273,1.1,0.2,53.0,-132.0,12.0,12.0,438.0,0.0,0.0,0.0,0.07692307692307693,0.0,0.15,0.0
110,202203010412,6,2,6,44,6,1,1,22,0,0,1,2,5,1,3,31,3,1,1,6,0,0,1,2,4,0,1,16,2,1,1,4,0,0,1,2,0.0,0.0,5.0,7.0,38.7,2.2,0.14285714285714285,0.0,0.0,11.0,10.0,36.5,1.2,0.6666666666666666,0.0,0.0,5.0,10.0,38.0,0.9,0.2,1.5,16.0,-50.0,0.025,0.175,8,11,12.4,7.0,1228,1376,1108,0.0,0.0,7.0,3.0,37.8,0.5,0.08333333333333333,0.0,0.0,12.0,10.0,38.2,1.5,0.5,-0.1,0.2,55.0,-115.0,12.0,7.0,448.0,0.0,-0.16666666666666666,0.0,0.0,-0.0625,-0.029999999999999714,0.0
111,202203010412,2,0,5,8,0,1,0,1,0,0,0,0,2,0,2,3,0,1,0,0,0,0,0,0,0,0,1,2,0,0,0,0,0,0,0,0,0.0,0.0,6.0,4.0,39.2,1.6,0.8888888888888888,0.0,0.0,7.0,8.0,39.4,1.3,0.3333333333333333,0.0,0.0,4.0,4.0,35.8,0.6,0.9166666666666666,0.0,4.0,-250.0,0.17391304347826086,0.34782608695652173,5,5,6.6,4.0,1148,1172,1393,0.0,0.0,10.0,5.0,37.0,0.5,0.5384615384615384,0.0,0.0,9.0,4.0,38.9,0.6,0.3333333333333333,-0.3,0.0,56.0,-497.0,12.0,9.0,436.0,-0.3333333333333333,-0.08333333333333333,0.0,0.07692307692307693,0.2,0.3000000000000007,0.0
112,202203010412,5,4,1,43,7,4,2,54,0,0,0,5,1,2,0,27,3,1,1,28,0,0,0,3,1,1,0,10,2,0,1,17,0,0,0,1,0.0,0.0,160.0,10.0,36.6,0.7,0.4375,0.0,0.0,160.0,12.0,33.7,1.5,0.875,0.0,0.0,110.0,11.0,34.8,0.7,0.3076923076923077,0.5,2.0,-50.0,0.09523809523809523,0.14285714285714285,7,10,5.5,3.0,1716,1013,1167,0.0,0.0,70.0,1.0,33.7,0.0,0.18181818181818182,0.0,0.0,170.0,15.0,36.2,1.3,0.3333333333333333,-0.1,0.2,57.0,-573.0,12.0,16.0,472.0,0.0,,0.07692307692307693,0.0,0.3333333333333333,0.07999999999999971,0.0
113,202203010412,2,0,5,8,5,6,7,49,0,0,0,0,2,0,2,3,1,2,1,18,0,0,0,0,0,0,1,2,1,2,0,6,0,0,0,0,0.0,0.0,13.0,10.0,36.7,1.1,1.0,0.0,0.0,9.0,9.0,34.0,2.0,0.8888888888888888,0.0,0.0,9.0,8.0,33.7,0.7,0.8181818181818182,-1.0,-4.0,-50.0,0.1111111111111111,0.4444444444444444,7,9,16.1,9.0,1148,1167,1393,0.0,0.0,11.0,10.0,37.2,0.9,0.9333333333333333,0.0,0.0,13.0,8.0,36.7,0.8,1.0,-0.3,0.0,52.0,-307.0,12.0,14.0,410.0,0.0,0.1111111111111111,0.0,-0.06666666666666667,0.0,-0.3200000000000003,0.0
114,202203010412,0,2,3,14,3,5,2,27,0,0,0,0,0,2,0,3,0,1,0,5,0,0,0,0,0,0,0,2,0,0,0,1,0,0,0,0,0.0,0.0,13.0,10.0,37.5,1.6,0.5,0.0,0.0,10.0,7.0,36.2,1.2,0.42857142857142855,0.0,0.0,4.0,8.0,36.6,1.0,0.14285714285714285,-1.0,6.0,0.0,0.0,0.09090909090909091,3,3,4.6,2.0,1440,1618,1167,0.0,0.0,2.0,7.0,37.3,0.7,0.5,0.0,0.0,7.0,7.0,36.0,0.8,0.5714285714285714,-0.6,0.0,55.0,-202.0,12.0,16.0,476.0,-0.0625,0.0,0.07142857142857142,0.08333333333333333,0.0,0.19000000000000056,0.0
115,202203010412,5,4,1,43,0,0,0,4,0,0,0,0,1,2,0,27,0,0,0,2,0,0,0,0,1,1,0,10,0,0,0,1,0,0,0,0,0.0,0.0,80.0,9.0,42.8,4.0,0.8,0.0,0.0,120.0,10.0,37.0,1.9,0.5,0.0,0.0,110.0,8.0,37.1,1.0,0.8333333333333334,-0.5,37.0,-250.0,0.03333333333333333,0.2,6,7,86.6,11.0,1716,1522,1167,0.0,0.0,150.0,17.0,37.4,3.0,0.1111111111111111,0.0,0.0,150.0,15.0,38.8,2.3,0.5625,1.9,0.0,57.0,-678.0,12.0,10.0,519.0,0.1,0.0625,0.0,0.2222222222222222,-0.0625,0.7600000000000001,0.0
116,202203010412,0,2,1,4,1,5,4,43,0,2,0,0,0,2,1,4,0,3,2,13,0,2,0,0,0,2,0,2,0,2,1,4,0,2,0,0,0.0,0.0,110.0,10.0,43.4,4.0,0.4166666666666667,0.0,0.0,100.0,9.0,37.5,1.1,0.6666666666666666,0.0,0.0,90.0,7.0,36.9,1.0,0.625,-1.5,5.0,-600.0,0.0,0.2,8,12,22.0,10.0,1558,1482,212,0.0,0.0,140.0,6.0,38.0,0.9,0.13333333333333333,0.0,0.0,140.0,16.0,39.5,4.2,0.9375,0.9,0.0,55.0,-825.0,12.0,12.0,467.0,0.3333333333333333,0.08333333333333333,-0.0625,0.0,0.0,0.7299999999999998,0.0
117,202203010412,6,3,7,31,0,0,1,1,0,0,0,0,2,1,1,1,0,0,1,0,0,0,0,0,0,1,0,0,0,0,0,0,0,0,0,0,0.0,0.0,9.0,8.0,40.8,2.4,0.7,0.0,0.0,11.0,11.0,39.0,3.8,0.5833333333333334,0.0,0.0,12.0,10.0,36.5,1.4,0.9166666666666666,1.0,38.0,-350.0,0.018867924528301886,0.11320754716981132,1,1,118.5,12.0,1503,1614,1263,0.0,0.0,14.0,13.0,35.6,2.1,0.875,0.0,0.0,12.0,12.0,36.6,5.2,0.9166666666666666,1.0,0.0,57.0,-284.0,12.0,10.0,494.0,0.0,0.4166666666666667,0.0,0.125,0.08333333333333333,1.179999999999999,0.0
118,202203010412,0,2,1,6,5,6,7,49,0,0,0,0,0,1,0,3,1,2,1,18,0,0,0,0,0,1,0,2,1,2,0,6,0,0,0,0,0.0,0.0,40.0,70.0,39.2,1.1,0.8181818181818182,0.0,0.0,60.0,110.0,38.4,1.4,0.16666666666666666,0.0,0.0,70.0,160.0,37.0,1.4,0.1875,45.0,5.0,-150.0,0.0,0.0,4,4,11.2,6.0,1583,1167,118,0.0,0.0,70.0,60.0,34.9,1.0,0.1875,0.0,0.0,90.0,150.0,39.0,2.2,0.3333333333333333,11.0,0.0,54.0,-826.0,12.0,11.0,439.0,-0.09090909090909091,0.16666666666666666,0.0625,0.0,0.0,0.39000000000000057,0.0
119,202203010412,4,6,4,41,0,0,0,5,0,0,0,1,1,1,0,23,0,0,0,5,0,0,0,1,0,0,0,11,0,0,0,2,0,0,0,1,0.0,0.0,4.0,6.0,40.6,1.0,1.0,0.0,0.0,14.0,12.0,37.3,1.4,0.9333333333333333,0.0,0.0,8.0,12.0,37.9,1.5,0.6666666666666666,3.0,12.0,-80.0,0.07142857142857142,0.2857142857142857,2,2,15.3,8.0,1172,987,1556,0.0,0.0,9.0,12.0,37.0,0.7,0.6875,0.0,0.0,11.0,4.0,35.7,1.0,0.8333333333333334,-0.4,0.0,57.0,-817.0,12.0,8.0,470.0,-0.25,0.0,-0.08333333333333333,0.0,0.0,1.0099999999999993,0.0
120,202203010506,0,0,0,0,1,0,4,5,0,0,0,0,0,0,0,0,0,0,3,1,0,0,0,0,0,0,0,0,0,0,2,0,0,0,0,0,0.0,0.0,50.0,5.0,39.4,1.5,0.8,0.0,0.0,140.0,15.0,37.3,2.3,0.8666666666666667,0.0,0.0,160.0,16.0,39.1,2.2,0.6875,5.5,0.0,-80.0,0.16666666666666666,0.3333333333333333,3,5,3.8,2.0,1586,1235,1167,0.0,0.0,150.0,11.0,40.2,2.4,0.26666666666666666,0.0,0.0,110.0,16.0,38.2,2.3,0.5,1.8,0.0,55.0,-900.0,16.0,5.0,496.0,0.0,-0.06666666666666667,0.0625,-0.06666666666666667,0.0625,-0.05000000000000142,0.0
121,202203010506,0,0,0,0,0,0,0,2,0,0,0,0,0,0,0,0,0,0,0,1,0,0,0,0,0,0,0,0,0,0,0,1,0,0,0,0,0.0,0.0,6.0,5.0,37.6,0.4,0.5,0.0,0.0,7.0,16.0,38.6,3.4,0.9375,0.0,0.0,10.0,14.0,37.7,2.2,0.6875,4.5,22.0,-50.0,0.2857142857142857,0.5714285714285714,7,14,26.3,6.0,1586,1014,1167,0.0,0.0,2.0,1.0,37.3,0.0,0.23076923076923078,0.0,0.0,4.0,3.0,35.7,0.2,0.3333333333333333,-1.9,0.4,54.0,-808.0,16.0,10.0,508.0,-0.2,0.0,0.1875,0.0,-0.13333333333333333,0.5100000000000001,0.0
122,202203010506,0,1,0,5,0,0,0,2,0,0,0,0,0,0,0,1,0,0,0,1,0,0,0,0,0,0,0,1,0,0,0,0,0,0,0,0,0.0,0.0,10.0,10.0,36.8,1.5,0.7,0.0,0.0,7.0,8.0,36.9,1.3,0.16666666666666666,0.0,0.0,2.0,7.0,37.6,1.5,0.25,-1.5,5.0,300.0,0.041666666666666664,0.1875,4,7,14.2,4.0,1036,1721,1108,0.0,0.0,3.0,2.0,35.9,0.3,0.16666666666666666,0.0,0.0,1.0,8.0,37.4,1.1,0.25,-1.0,0.2,54.0,-771.0,16.0,10.0,451.0,0.0,0.0,0.08333333333333333,0.0,0.08333333333333333,-0.020000000000000285,0.0
123,202203010506,0,0,1,1,0,0,0,4,0,0,0,1,0,0,1,0,0,0,0,2,0,0,0,0,0,0,1,0,0,0,0,2,0,0,0,0,0.0,0.0,5.0,5.0,39.9,0.3,0.1,0.0,0.0,6.0,6.0,36.2,0.9,0.5714285714285714,0.0,0.0,7.0,11.0,35.4,1.1,0.5555555555555556,3.0,2.0,-250.0,0.12727272727272726,0.2727272727272727,3,6,72.8,11.0,1098,1503,1294,0.0,0.0,11.0,4.0,37.0,0.4,0.5,0.0,0.0,7.0,6.0,38.1,1.3,0.2857142857142857,0.0,0.0,54.0,-311.0,16.0,10.0,494.0,0.0,-0.14285714285714285,-0.05555555555555555,-0.1875,0.0,0.2799999999999997,0.0
124,202203010506,1,0,0,2,1,0,0,4,0,0,0,0,1,0,0,2,0,0,0,1,0,0,0,0,0,0,0,0,0,0,0,0,0,0,0,0,0.0,0.0,10.0,2.0,37.8,0.3,0.125,0.0,0.0,50.0,3.0,37.2,0.5,0.5625,,,,,,,,1.0,0.0,-50.0,0.1,0.4,2,4,2.0,1.0,1020,1313,1576,,,,,,,,,,,,,,,1.0,1.0,53.0,27.0,16.0,16.0,476.0,0.0,0.0,,,,0.5999999999999943,0.0
125,202203010506,0,0,2,9,0,0,0,0,0,0,0,0,0,0,1,2,0,0,0,0,0,0,0,0,0,0,1,1,0,0,0,0,0,0,0,0,0.0,0.0,80.0,9.0,44.3,3.0,0.08333333333333333,0.0,0.0,50.0,9.0,38.4,1.3,0.1875,0.0,0.0,80.0,5.0,38.2,1.4,0.06666666666666667,-2.0,-8.0,-250.0,0.0,0.1875,6,12,49.9,8.0,1520,1568,695,0.0,0.0,70.0,9.0,40.2,1.4,0.06666666666666667,0.0,0.0,80.0,6.0,37.2,0.4,0.3125,-0.6,0.0,51.0,-529.0,16.0,12.0,464.0,0.25,0.0,0.0,0.06666666666666667,0.0,1.2399999999999984,0.0
126,202203010506,0,0,0,0,0,1,0,0,0,0,0,0,0,0,0,0,0,0,0,0,0,0,0,0,0,0,0,0,0,0,0,0,0,0,0,0,0.0,0.0,1.0,2.0,37.8,0.2,0.125,0.0,0.0,3.0,7.0,37.6,1.0,0.5,0.0,0.0,4.0,2.0,36.1,0.3,0.375,0.0,8.0,0.0,0.42857142857142855,0.5714285714285714,7,13,4.6,3.0,1233,1186,1235,0.0,0.0,10.0,3.0,38.8,0.3,0.0625,0.0,0.0,8.0,5.0,38.9,1.6,0.375,0.2,0.6,52.0,-64.0,16.0,16.0,472.0,0.0,0.0625,0.0,0.0,0.0,-0.33999999999999986,0.0
127,202203010506,0,0,0,1,0,0,0,1,0,0,0,0,0,0,0,0,0,0,0,0,0,0,0,0,0,0,0,0,0,0,0,0,0,0,0,0,0.0,0.0,60.0,50.0,39.6,1.8,0.4,0.0,0.0,90.0,100.0,38.0,1.9,0.3333333333333333,0.0,0.0,110.0,70.0,36.7,1.2,0.5333333333333333,10.0,2.0,-250.0,0.0,0.1875,5,10,45.4,7.0,1463,1642,1167,0.0,0.0,60.0,60.0,38.4,1.0,0.4666666666666667,0.0,0.0,70.0,40.0,38.5,2.2,0.42857142857142855,-6.0,0.0,56.0,-804.0,16.0,10.0,426.0,0.1,0.06666666666666667,0.06666666666666667,0.0,0.07142857142857142,0.18000000000000044,0.0
128,202203010506,0,0,0,0,1,0,1,15,0,0,0,0,0,0,0,0,0,0,0,4,0,0,0,0,0,0,0,0,0,0,0,2,0,0,0,0,0.0,0.0,12.0,14.0,38.3,2.7,0.6666666666666666,0.0,0.0,12.0,9.0,36.9,1.2,0.875,0.0,0.0,9.0,16.0,38.5,1.4,0.3125,1.0,-6.0,-50.0,,,5,9,136.3,12.0,1698,1167,1366,0.0,0.0,11.0,4.0,37.9,0.9,0.25,,,,,,,,-2.3,0.0,50.0,-43.0,16.0,15.0,410.0,0.06666666666666667,0.0,0.0,0.0,,-0.04000000000000057,0.0
129,202203010506,0,0,0,0,0,0,0,0,0,0,0,0,0,0,0,0,0,0,0,0,0,0,0,0,0,0,0,0,0,0,0,0,0,0,0,0,0.0,0.0,7.0,5.0,37.6,1.1,0.36363636363636365,0.0,0.0,15.0,14.0,38.2,2.3,0.9375,0.0,0.0,14.0,14.0,41.3,5.1,0.21428571428571427,4.5,-6.0,330.0,0.09090909090909091,0.13636363636363635,8,15,59.0,10.0,1432,219,1428,0.0,0.0,14.0,10.0,38.8,1.2,0.1875,0.0,0.0,10.0,10.0,37.6,1.3,0.75,0.6,0.0,56.0,-852.0,16.0,11.0,454.0,0.18181818181818182,-0.1875,0.5,0.0,0.0,-0.05999999999999943,0.0
130,202203010506,0,1,0,2,0,0,0,0,0,0,0,0,0,0,0,2,0,0,0,0,0,0,0,0,0,0,0,0,0,0,0,0,0,0,0,0,0.0,0.0,4.0,1.0,39.3,0.0,0.375,0.0,0.0,12.0,11.0,37.7,1.5,0.4,0.0,0.0,8.0,7.0,37.2,0.8,0.625,3.0,16.0,-50.0,0.0,0.0,8,16,16.9,5.0,1319,1026,334,0.0,0.0,5.0,11.0,37.8,1.4,0.625,0.0,0.0,3.0,3.0,37.8,0.6,0.5,0.4,0.4,53.0,-790.0,16.0,8.0,482.0,-0.125,-0.06666666666666667,0.0,0.125,-0.0625,0.2900000000000006,0.0
131,202203010506,0,0,0,1,0,1,0,0,0,0,0,0,0,0,0,1,0,0,0,0,0,0,0,0,0,0,0,0,0,0,0,0,0,0,0,0,0.0,0.0,7.0,5.0,41.9,2.3,0.42857142857142855,0.0,0.0,14.0,12.0,39.1,2.1,0.1875,0.0,0.0,14.0,13.0,38.5,2.9,1.0,4.0,9.0,-250.0,0.14285714285714285,0.21428571428571427,4,8,322.0,14.0,1583,1186,118,0.0,0.0,16.0,14.0,36.8,1.6,0.1875,0.0,0.0,16.0,16.0,36.2,2.8,0.75,2.4,0.0,52.0,-687.0,16.0,7.0,449.0,0.2857142857142857,0.0,-0.06666666666666667,0.125,0.0,1.3699999999999997,0.0
132,202203010506,0,0,1,7,0,0,0,0,0,0,0,0,0,0,1,3,0,0,0,0,0,0,0,0,0,0,0,0,0,0,0,0,0,0,0,0,0.0,0.0,50.0,90.0,43.4,1.6,0.4,0.0,0.0,180.0,170.0,35.0,2.8,1.0,0.0,0.0,140.0,150.0,38.2,2.9,0.9375,30.0,1.0,-250.0,0.0,0.0,1,2,477.1,16.0,1172,1666,1556,0.0,0.0,160.0,130.0,37.0,2.2,1.0,0.0,0.0,120.0,130.0,39.1,2.5,0.75,4.0,0.0,53.0,-375.0,16.0,10.0,443.0,0.2,0.0,0.0625,0.0,0.0,0.6599999999999995,0.0
133,202203010506,0,1,0,5,1,0,1,15,0,0,0,1,0,0,0,1,0,0,0,4,0,0,0,0,0,0,0,1,0,0,0,2,0,0,0,0,0.0,0.0,4.0,10.0,39.9,1.4,0.08333333333333333,0.0,0.0,13.0,14.0,39.2,2.4,0.3125,0.0,0.0,5.0,9.0,37.9,1.9,0.2857142857142857,-0.5,42.0,150.0,0.07407407407407407,0.18518518518518517,6,11,162.9,13.0,1036,1167,1108,0.0,0.0,6.0,11.0,36.4,1.2,0.1875,0.0,0.0,5.0,10.0,38.3,2.8,0.46153846153846156,-0.3,0.0,53.0,-774.0,16.0,12.0,458.0,0.0,0.125,0.07142857142857142,0.0,0.07692307692307693,0.6000000000000008,0.0
134,202203010506,0,1,0,3,0,0,1,2,0,0,0,0,0,0,0,1,0,0,0,0,0,0,0,0,0,0,0,1,0,0,0,0,0,0,0,0,0.0,0.0,3.0,3.0,39.6,1.6,0.8,0.0,0.0,14.0,15.0,37.5,2.4,0.9375,0.0,0.0,14.0,14.0,38.8,3.1,0.9375,5.5,10.0,-250.0,0.03225806451612903,0.1935483870967742,2,3,322.0,14.0,1548,1039,1328,,,,,,,,,,,,,,,5.5,0.3333333333333333,56.0,-161.0,16.0,10.0,430.0,-0.3,0.0,0.0,,,0.40000000000000213,0.0
135,202203010506,0,0,0,1,0,0,0,0,0,0,0,0,0,0,0,0,0,0,0,0,0,0,0,0,0,0,0,0,0,0,0,0,0,0,0,0,0.0,0.0,,,,,,0.0,0.0,80.0,14.0,40.1,4.2,0.7142857142857143,0.0,0.0,90.0,16.0,39.4,2.6,0.3125,2.0,,-550.0,0.13157894736842105,0.34210526315789475,1,1,50.3,9.0,1463,1508,1167,0.0,0.0,100.0,16.0,40.7,5.0,0.25,0.0,0.0,30.0,6.0,38.4,1.4,0.3125,-2.4,0.0,54.0,-398.0,16.0,,,,0.0,0.125,0.0,0.0,0.38000000000000045,0.0
136,202203010601,0,0,0,0,0,0,1,0,0,0,0,0,0,0,0,0,0,0,0,0,0,0,0,0,0,0,0,0,0,0,0,0,0,0,0,0,0.0,0.0,10.0,3.0,37.2,0.1,0.25,0.0,0.0,30.0,3.0,37.7,0.3,0.25,0.0,0.0,30.0,2.0,37.9,0.0,0.3333333333333333,-0.5,4.0,-50.0,0.023809523809523808,0.19047619047619047,5,9,4.0,3.0,1534,1614,1235,0.0,0.0,30.0,5.0,38.7,0.8,0.1875,0.0,0.0,120.0,3.0,37.9,0.1,0.125,0.2,0.8,54.0,22.0,16.0,16.0,454.0,0.0,0.0625,0.0,0.0,0.0,-0.23999999999999916,0.0
137,202203010601,0,0,0,3,0,0,0,0,0,0,0,0,0,0,0,2,0,0,0,0,0,0,0,0,0,0,0,2,0,0,0,0,0,0,0,0,0.0,0.0,5.0,4.0,36.7,0.6,0.8888888888888888,0.0,0.0,1.0,8.0,37.1,0.8,0.3333333333333333,0.0,0.0,3.0,2.0,36.8,0.4,0.25,-1.0,14.0,330.0,0.2,0.36,7,13,2.6,1.0,1426,1189,306,0.0,0.0,1.0,4.0,35.8,0.6,0.4166666666666667,0.0,0.0,1.0,3.0,39.5,0.7,0.13333333333333333,-0.6,0.4,55.0,-338.0,16.0,9.0,466.0,0.0,0.0,0.0,0.0,-0.06666666666666667,-0.429999999999999,0.0
138,202203010601,0,1,0,5,0,0,0,0,0,0,0,0,0,0,0,1,0,0,0,0,0,0,0,0,0,0,0,1,0,0,0,0,0,0,0,0,0.0,0.0,7.0,11.0,42.5,2.7,0.36363636363636365,0.0,0.0,8.0,12.0,39.3,2.1,0.21428571428571427,0.0,0.0,7.0,14.0,39.6,2.6,0.125,1.5,1.0,-80.0,0.0,0.20588235294117646,8,16,3.9,2.0,1036,1734,1108,0.0,0.0,2.0,9.0,37.5,1.3,0.08333333333333333,0.0,0.0,1.0,3.0,37.2,0.7,0.16666666666666666,-1.9,0.2,53.0,-782.0,16.0,11.0,505.0,0.6363636363636364,-0.07142857142857142,0.125,0.08333333333333333,0.0,1.239999999999999,0.0
139,202203010601,0,1,2,9,0,1,0,0,0,0,0,0,0,0,0,2,0,0,0,0,0,0,0,0,0,0,0,0,0,0,0,0,0,0,0,0,0.0,0.0,10.0,7.0,40.4,1.4,1.0,0.0,0.0,7.0,6.0,39.1,1.3,0.06666666666666667,0.0,0.0,7.0,4.0,36.7,0.6,0.5,-1.5,13.0,-250.0,0.3333333333333333,0.6666666666666666,3,6,142.5,14.0,1304,1541,1503,0.0,0.0,13.0,2.0,36.4,0.3,0.26666666666666666,0.0,0.0,11.0,8.0,38.7,0.8,0.2,-0.2,0.2,52.0,-796.0,16.0,12.0,485.0,-0.3333333333333333,0.0,-0.0625,0.0,0.06666666666666667,0.6099999999999994,0.0
140,202203010601,0,0,0,4,0,1,0,10,0,0,0,0,0,0,0,4,0,0,0,1,0,0,0,0,0,0,0,3,0,0,0,0,0,0,0,0,0.0,0.0,1.0,4.0,36.8,0.3,0.8,0.0,0.0,2.0,2.0,37.2,0.0,0.7333333333333333,0.0,0.0,6.0,2.0,36.5,0.4,0.4,-1.0,-2.0,-50.0,0.058823529411764705,0.058823529411764705,6,11,185.6,15.0,1333,1428,1294,0.0,0.0,11.0,4.0,36.3,0.2,0.5625,0.0,0.0,7.0,5.0,37.4,0.7,0.625,0.4,0.4,54.0,-384.0,16.0,15.0,452.0,-0.06666666666666667,-0.2,0.0,-0.125,-0.0625,-0.029999999999999714,0.0
141,202203010601,0,0,0,2,6,4,1,13,0,0,0,1,0,0,0,2,2,2,1,5,0,0,0,1,0,0,0,2,1,1,0,2,0,0,0,1,0.0,0.0,90.0,7.0,38.7,0.9,0.375,0.0,0.0,70.0,10.0,38.8,2.2,0.5333333333333333,0.0,0.0,70.0,4.0,38.0,0.8,0.3333333333333333,-1.5,6.0,-50.0,0.07142857142857142,0.17857142857142858,2,4,60.2,10.0,1601,1013,239,0.0,0.0,90.0,9.0,38.6,1.7,0.26666666666666666,0.0,0.0,50.0,5.0,38.1,1.1,0.3333333333333333,-0.5,0.0,55.0,98.0,16.0,16.0,468.0,0.0,0.06666666666666667,0.0,0.0,0.0,0.13999999999999985,0.0
142,202203010601,0,0,0,0,0,1,0,0,0,0,0,0,0,0,0,0,0,0,0,0,0,0,0,0,0,0,0,0,0,0,0,0,0,0,0,0,0.0,0.0,8.0,5.0,40.7,1.2,0.2222222222222222,0.0,0.0,3.0,10.0,36.9,1.7,0.8125,0.0,0.0,8.0,3.0,35.0,0.1,0.3125,-1.0,7.0,-350.0,0.0,0.0,7,14,13.4,5.0,1064,1186,1556,0.0,0.0,3.0,6.0,39.1,1.2,0.4,0.0,0.0,5.0,7.0,37.7,1.5,0.6875,0.0,0.2,51.0,-814.0,16.0,9.0,427.0,0.0,-0.0625,0.0,0.0,-0.0625,0.3799999999999997,0.0
143,202203010601,0,0,0,0,0,0,0,4,0,0,0,0,0,0,0,0,0,0,0,1,0,0,0,0,0,0,0,0,0,0,0,0,0,0,0,0,0.0,0.0,8.0,11.0,40.6,2.0,0.36363636363636365,0.0,0.0,5.0,13.0,38.8,2.9,0.21428571428571427,0.0,0.0,11.0,8.0,39.2,1.7,0.0625,-1.5,-1.0,250.0,,,8,15,70.0,11.0,1243,1362,1428,0.0,0.0,6.0,13.0,38.8,1.3,0.0625,0.0,0.0,9.0,2.0,37.3,1.0,0.14285714285714285,-1.8,0.2,51.0,-337.0,16.0,11.0,433.0,0.36363636363636365,0.07142857142857142,0.125,0.0,0.07142857142857142,0.6600000000000008,0.0
144,202203010601,2,1,1,6,2,0,0,4,0,0,0,0,0,1,0,4,1,0,0,3,0,0,0,0,0,0,0,2,1,0,0,1,0,0,0,0,0.0,0.0,20.0,10.0,35.5,0.0,0.08333333333333333,0.0,0.0,80.0,80.0,35.8,1.2,1.0,0.0,0.0,80.0,90.0,38.8,2.1,0.375,40.0,3.0,350.0,0.0,0.17647058823529413,3,5,48.9,8.0,1278,1221,625,0.0,0.0,50.0,80.0,39.8,1.4,0.3125,0.0,0.0,80.0,40.0,37.0,1.3,0.4375,6.0,0.0,54.0,-807.0,16.0,12.0,453.0,0.0,-0.08333333333333333,-0.0625,-0.0625,0.0,-0.7,0.0
145,202203010601,0,0,0,6,0,0,0,0,0,0,0,0,0,0,0,4,0,0,0,0,0,0,0,0,0,0,0,3,0,0,0,0,0,0,0,0,0.0,0.0,7.0,12.0,45.0,7.0,0.8333333333333334,0.0,0.0,10.0,9.0,36.4,1.4,0.3333333333333333,0.0,0.0,9.0,8.0,38.2,1.2,0.25,-2.0,22.0,-250.0,0.1282051282051282,0.3333333333333333,2,3,16.5,6.0,1191,1507,1235,0.0,0.0,9.0,10.0,38.5,1.1,0.6666666666666666,0.0,0.0,6.0,10.0,38.3,2.2,0.8125,-0.3,0.0,54.0,-389.0,16.0,12.0,486.0,0.16666666666666666,-0.08333333333333333,0.125,0.06666666666666667,0.0,1.1300000000000003,0.0
146,202203010601,0,0,0,0,0,0,0,2,0,0,0,0,0,0,0,0,0,0,0,0,0,0,0,0,0,0,0,0,0,0,0,0,0,0,0,0,0.0,0.0,1.0,1.0,37.9,0.0,0.2,0.0,0.0,4.0,11.0,39.4,2.6,0.375,0.0,0.0,5.0,10.0,39.3,2.0,0.375,4.5,7.0,-350.0,0.1282051282051282,0.38461538461538464,4,8,9.8,4.0,1719,1110,1170,0.0,0.0,5.0,5.0,38.0,0.7,0.25,0.0,0.0,2.0,5.0,38.7,1.5,0.3125,0.2,0.2,56.0,-813.0,16.0,10.0,489.0,0.0,0.0625,-0.0625,0.0625,0.0,-0.020000000000000996,0.0
147,202203010601,0,0,0,2,2,0,0,4,0,0,0,0,0,0,0,2,1,0,0,3,0,0,0,0,0,0,0,0,1,0,0,1,0,0,0,0,0.0,0.0,8.0,7.0,41.0,0.8,0.2,0.0,0.0,9.0,12.0,40.5,3.1,0.21428571428571427,0.0,0.0,4.0,6.0,36.1,1.2,0.75,-0.5,-2.0,-250.0,0.08823529411764706,0.23529411764705882,4,7,33.0,7.0,1645,1221,1366,0.0,0.0,4.0,3.0,36.2,0.3,0.5,0.0,0.0,5.0,4.0,35.8,0.8,0.9166666666666666,-1.5,0.2,54.0,-816.0,16.0,10.0,482.0,0.0,0.2857142857142857,-0.08333333333333333,0.0,0.0,1.4700000000000002,0.0
148,202203010601,0,0,0,4,0,0,0,2,0,0,0,0,0,0,0,4,0,0,0,0,0,0,0,0,0,0,0,3,0,0,0,0,0,0,0,0,0.0,0.0,2.0,1.0,39.4,0.0,0.2,0.0,0.0,15.0,10.0,37.3,0.9,0.9333333333333333,0.0,0.0,13.0,13.0,39.0,3.4,0.9375,6.0,16.0,-250.0,0.0,0.0,1,2,139.2,13.0,1333,1511,1294,0.0,0.0,9.0,10.0,36.8,1.6,0.5333333333333333,0.0,0.0,14.0,5.0,37.7,1.3,0.9375,0.7999999999999998,0.2,54.0,-793.0,16.0,10.0,434.0,-0.1,-0.06666666666666667,0.0,-0.06666666666666667,-0.0625,0.3899999999999991,0.0
149,202203010601,0,0,0,3,1,1,3,13,0,0,0,0,0,0,0,2,1,0,1,4,0,0,0,0,0,0,0,2,0,0,1,2,0,0,0,0,0.0,0.0,11.0,,,,0.8181818181818182,0.0,0.0,8.0,9.0,36.4,1.6,0.9,0.0,0.0,16.0,14.0,39.8,3.5,0.6875,5.0,-14.0,-150.0,0.018518518518518517,0.1111111111111111,6,12,193.7,16.0,1426,1183,306,0.0,0.0,11.0,14.0,40.6,2.7,0.3125,0.0,0.0,8.0,12.0,39.4,2.1,0.5625,0.9,0.0,54.0,-505.0,16.0,11.0,458.0,0.0,-0.1,0.0,-0.0625,-0.0625,-0.9800000000000004,0.0
150,202203010601,0,0,0,0,0,0,0,2,0,0,0,0,0,0,0,0,0,0,0,0,0,0,0,0,0,0,0,0,0,0,0,0,0,0,0,0,0.0,0.0,10.0,16.0,42.4,4.3,0.375,0.0,0.0,17.0,10.0,36.6,1.2,0.1111111111111111,0.0,0.0,9.0,12.0,37.4,3.0,1.0,-2.0,14.0,-50.0,0.125,0.26785714285714285,1,1,51.9,9.0,1310,1327,1618,0.0,0.0,9.0,11.0,39.4,1.4,0.06666666666666667,0.0,0.0,9.0,15.0,39.9,3.5,0.625,-0.1,0.0,52.0,-159.0,16.0,16.0,486.0,0.0625,0.0,0.0,0.0,0.0625,0.22000000000000028,0.0
151,202203010601,0,0,0,3,0,0,0,0,0,0,0,0,0,0,0,1,0,0,0,0,0,0,0,0,0,0,0,1,0,0,0,0,0,0,0,0,0.0,0.0,12.0,16.0,39.3,3.7,0.9375,0.0,0.0,8.0,7.0,38.0,1.9,0.7272727272727273,0.0,0.0,8.0,10.0,36.5,1.5,0.4375,-3.0,10.0,0.0,0.375,0.5,5,10,98.3,12.0,1200,816,324,,,,,,,,,,,,,,,-3.0,0.0,50.0,0.0,16.0,16.0,436.0,0.0625,0.0,0.0625,,,1.3999999999999986,0.0
152,202203010608,0,0,0,0,0,0,0,0,0,0,0,0,0,0,0,0,0,0,0,0,0,0,0,0,0,0,0,0,0,0,0,0,0,0,0,0,0.0,0.0,5.0,6.0,37.4,1.2,0.5,0.0,0.0,12.0,11.0,34.7,0.9,0.8461538461538461,0.0,0.0,16.0,16.0,38.1,1.7,0.5625,5.0,-3.0,250.0,0.25,0.625,4,4,2.0,1.0,92,549,464,0.0,0.0,3.0,6.0,37.5,0.7,0.3076923076923077,0.0,0.0,6.0,1.0,34.7,0.0,0.35714285714285715,-1.5,0.2,55.0,-817.0,9.0,8.0,481.0,0.0,0.0,0.0,0.0,-0.14285714285714285,0.25999999999999945,0.0
153,202203010608,2,1,0,6,0,0,0,2,0,0,0,0,1,1,0,2,0,0,0,1,0,0,0,0,1,0,0,0,0,0,0,1,0,0,0,0,0.0,0.0,70.0,10.0,55.0,16.0,0.3,0.0,0.0,100.0,16.0,40.0,3.7,0.9375,0.0,0.0,160.0,14.0,39.8,3.2,0.1875,2.0,0.0,-450.0,,,5,5,11.2,5.0,1317,1309,1186,0.0,0.0,130.0,15.0,39.5,3.5,0.3125,0.0,0.0,90.0,1.0,37.8,0.0,0.25,-1.9,0.2,54.0,-819.0,9.0,10.0,484.0,0.7,0.0,0.0,0.0,-0.0625,3.4900000000000007,0.0
154,202203010608,0,4,1,7,0,0,0,4,0,0,0,0,0,4,1,6,0,0,0,1,0,0,0,0,0,0,0,1,0,0,0,0,0,0,0,0,0.0,0.0,50.0,5.0,37.5,1.1,0.2,0.0,0.0,10.0,9.0,37.7,1.1,0.38461538461538464,0.0,0.0,20.0,3.0,35.5,0.4,0.5,-1.0,2.0,-50.0,0.0,0.18181818181818182,8,8,5.6,3.0,1228,1328,1108,0.0,0.0,10.0,7.0,36.2,0.6,0.25,0.0,0.0,10.0,3.0,36.2,0.1,0.4166666666666667,-0.6,0.4,54.0,14.0,9.0,15.0,470.0,-0.06666666666666667,0.07692307692307693,0.0,0.0,-0.08333333333333333,0.4099999999999994,0.0
155,202203010608,1,0,0,4,0,0,0,0,0,0,0,0,1,0,0,1,0,0,0,0,0,0,0,0,0,0,0,0,0,0,0,0,0,0,0,0,0.0,0.0,7.0,7.0,39.4,1.1,0.3,0.0,0.0,5.0,5.0,35.6,1.1,0.6666666666666666,0.0,0.0,4.0,3.0,35.9,0.6,0.21428571428571427,-2.0,24.0,-150.0,0.0,0.0,1,1,4.1,2.0,1095,361,1221,0.0,0.0,5.0,11.0,39.3,0.9,0.06666666666666667,0.0,0.0,2.0,4.0,37.6,1.0,0.1111111111111111,0.0,0.2,57.0,-596.0,9.0,10.0,488.0,0.3,0.0,0.0,0.0,0.0,-0.010000000000000142,0.0
156,202203010608,1,0,0,2,0,0,0,0,0,0,0,0,1,0,0,2,0,0,0,0,0,0,0,0,0,0,0,0,0,0,0,0,0,0,0,0,0.0,0.0,5.0,2.0,35.3,0.2,0.4444444444444444,0.0,0.0,12.0,16.0,38.4,2.0,0.75,0.0,0.0,7.0,8.0,37.3,1.5,0.125,3.0,9.0,300.0,0.024390243902439025,0.1951219512195122,6,6,9.5,4.0,1020,1380,1576,0.0,0.0,6.0,14.0,37.9,2.8,0.75,0.0,0.0,3.0,10.0,37.9,1.1,0.13333333333333333,1.4,0.2,57.0,-765.0,9.0,9.0,517.0,0.1111111111111111,0.125,0.0,0.0,0.0,-0.4700000000000003,0.0
157,202203010608,0,0,0,0,1,0,0,2,0,0,0,0,0,0,0,0,1,0,0,0,0,0,0,0,0,0,0,0,0,0,0,0,0,0,0,0,0.0,0.0,4.0,6.0,40.5,1.2,0.18181818181818182,0.0,0.0,15.0,15.0,43.0,6.6,0.6,0.0,0.0,15.0,11.0,37.3,1.3,0.875,2.5,10.0,-150.0,0.08695652173913043,0.13043478260869565,3,3,39.2,8.0,1629,322,1428,0.0,0.0,8.0,12.0,36.4,2.1,0.8125,0.0,0.0,13.0,8.0,36.7,0.9,0.8125,0.1,0.0,57.0,-805.0,9.0,11.0,520.0,0.09090909090909091,0.26666666666666666,-0.0625,-0.0625,-0.0625,1.4199999999999995,0.0
158,202203010608,0,0,0,2,0,1,0,0,0,0,0,0,0,0,0,2,0,0,0,0,0,0,0,0,0,0,0,0,0,0,0,0,0,0,0,0,0.0,0.0,2.0,5.0,41.0,0.6,0.4166666666666667,0.0,0.0,13.0,10.0,37.5,2.1,0.8125,0.0,0.0,15.0,11.0,37.3,0.9,0.75,3.0,5.0,-250.0,0.13157894736842105,0.39473684210526316,7,7,15.9,6.0,1601,1206,239,0.0,0.0,12.0,9.0,36.4,1.0,0.875,0.0,0.0,13.0,9.0,37.3,0.9,0.5333333333333333,0.7,0.0,57.0,-903.0,9.0,12.0,459.0,-0.16666666666666666,-0.0625,0.0,-0.0625,0.0,0.8500000000000008,0.0
159,202203010608,1,0,0,0,1,0,1,15,0,0,0,0,0,0,0,0,0,0,0,4,0,0,0,0,0,0,0,0,0,0,0,1,0,0,0,0,0.0,0.0,90.0,10.0,36.5,0.4,0.4,0.0,0.0,60.0,10.0,36.3,1.0,0.08333333333333333,0.0,0.0,50.0,15.0,34.9,1.2,0.7333333333333333,2.5,-2.0,-50.0,0.09090909090909091,0.24242424242424243,8,9,19.5,7.0,1657,1167,1317,0.0,0.0,40.0,1.0,35.0,0.0,0.16666666666666666,0.0,0.0,40.0,11.0,40.8,2.9,0.2,-0.7,0.2,57.0,14.0,9.0,15.0,434.0,-0.13333333333333333,0.0,-0.06666666666666667,0.0,0.06666666666666667,-0.7299999999999998,0.0
160,202203010608,0,1,0,3,2,0,0,4,0,0,0,0,0,0,0,1,1,0,0,3,0,0,0,0,0,0,0,1,0,0,0,1,0,0,0,0,0.0,0.0,14.0,12.0,38.2,1.8,0.6428571428571429,0.0,0.0,9.0,9.0,38.2,2.2,0.6666666666666666,0.0,0.0,14.0,10.0,38.5,1.9,0.5,-1.0,8.0,-50.0,0.0,0.0,2,2,138.7,9.0,1110,1221,938,0.0,0.0,15.0,13.0,38.8,1.5,0.13333333333333333,0.0,0.0,12.0,13.0,38.4,1.7,0.35714285714285715,0.6,0.0,55.0,-98.0,9.0,14.0,484.0,0.0,0.0,0.0625,0.0,0.14285714285714285,-0.09999999999999858,0.0
161,202203020106,2,0,0,18,1,3,1,25,0,0,0,1,0,0,0,3,0,0,0,6,0,0,0,0,0,0,0,0,0,0,0,0,0,0,0,0,,,,,,,,,,,,,,,,,,,,,,,,,0.2,0.36,7,9,2.3,1.0,1605,1428,1,,,,,,,,,,,,,,,,,54.0,,12.0,,,,,,,,,
162,202203020106,5,15,5,50,2,2,2,28,0,0,0,1,1,7,2,22,1,1,0,8,0,0,0,1,1,1,0,0,0,0,0,0,0,0,0,0,,,,,,,,,,,,,,,,,,,,,,,,,0.04,0.32,4,4,7.5,4.0,1576,1345,1577,,,,,,,,,,,,,,,,,54.0,,12.0,,,,,,,,,
163,202203020106,5,15,5,50,1,5,4,43,0,0,0,0,1,7,2,22,0,3,2,13,0,0,0,0,1,1,0,0,0,0,0,0,0,0,0,0,,,,,,,,,,,,,,,,,,,,,,,,,0.0,0.22857142857142856,7,10,17.9,5.0,1576,1482,1577,,,,,,,,,,,,,,,,,51.0,,12.0,,,,,,,,,
164,202203020106,0,0,0,0,0,0,0,1,0,0,0,0,0,0,0,0,0,0,0,0,0,0,0,0,0,0,0,0,0,0,0,0,0,0,0,0,0.0,0.0,17.0,18.0,33.9,2.4,0.8888888888888888,0.0,0.0,15.0,16.0,32.7,1.1,0.9444444444444444,0.0,0.0,12.0,9.0,33.9,0.7,0.4166666666666667,-4.5,10.0,150.0,0.06896551724137931,0.3103448275862069,8,11,7.5,3.0,1485,1520,1665,0.0,0.0,13.0,8.0,32.3,0.4,0.9375,0.0,0.0,14.0,12.0,35.8,1.3,0.4,-2.0,0.0,54.0,-833.0,12.0,18.0,476.0,,,-0.08333333333333333,,0.0,-0.33999999999999914,0.0
165,202203020106,4,6,2,23,0,0,0,2,0,0,0,0,2,2,1,10,0,0,0,0,0,0,0,0,0,0,0,0,0,0,0,0,0,0,0,0,,,,,,,,,,,,,,,,,,,,,,,,,0.0,0.043478260869565216,8,12,51.1,8.0,1095,1574,1221,,,,,,,,,,,,,,,,,54.0,,12.0,,,,,,,,,
166,202203020106,4,6,2,23,0,0,0,0,0,0,0,0,2,2,1,10,0,0,0,0,0,0,0,0,0,0,0,0,0,0,0,0,0,0,0,0,,,,,,,,,,,,,,,,,,,,,,,,,0.05263157894736842,0.15789473684210525,6,8,30.4,7.0,1095,1031,1221,,,,,,,,,,,,,,,,,54.0,,12.0,,,,,,,,,
167,202203020106,1,0,3,6,2,2,2,11,0,0,0,0,0,0,3,2,2,0,1,5,0,0,0,0,0,0,0,0,0,0,0,0,0,0,0,0,,,,,,,,,,,,,,,,,,,,,,,,,0.05555555555555555,0.05555555555555555,5,6,3.2,2.0,1426,1228,306,,,,,,,,,,,,,,,,,54.0,,12.0,,,,,,,,,
168,202203020106,1,0,1,4,3,5,2,27,0,0,0,0,1,0,1,4,0,1,0,5,0,0,0,0,0,0,0,0,0,0,0,0,0,0,0,0,0.0,0.0,15.0,11.0,34.7,1.1,0.2222222222222222,0.0,0.0,13.0,11.0,38.5,3.2,0.9230769230769231,0.0,0.0,8.0,9.0,37.4,2.2,0.9,-1.0,-6.0,150.0,0.0,0.0,1,1,22.2,6.0,1521,1618,1313,0.0,0.0,6.0,8.0,39.8,2.8,0.3333333333333333,,,,,,,,-1.1,0.0,51.0,-57.0,12.0,18.0,484.0,,0.0,0.0,0.0,,-1.4199999999999982,0.0
169,202203020106,1,0,1,7,1,0,0,2,0,0,0,0,1,0,0,4,1,0,0,0,0,0,0,0,0,0,0,0,0,0,0,0,0,0,0,0,0.0,0.0,4.0,6.0,40.1,2.8,1.0,0.0,0.0,15.0,8.0,38.8,1.1,0.5625,0.0,0.0,11.0,11.0,42.0,4.3,0.8181818181818182,2.5,14.0,-250.0,0.0,0.14285714285714285,3,3,101.0,10.0,1446,1225,75,0.0,0.0,15.0,16.0,40.9,3.2,0.6875,0.0,0.0,15.0,10.0,40.1,1.6,0.6666666666666666,1.6,0.0,52.0,-354.0,12.0,8.0,476.0,0.0,0.0625,-0.09090909090909091,-0.125,0.06666666666666667,-0.21000000000000013,0.0
170,202203020106,0,0,0,0,3,5,4,53,0,0,0,0,0,0,0,0,1,1,2,20,0,0,0,0,0,0,0,0,0,0,0,0,0,0,0,0,0.0,0.0,7.0,6.0,42.5,3.1,0.8571428571428571,0.0,0.0,10.0,10.0,39.5,4.3,0.9,0.0,0.0,9.0,10.0,39.1,3.5,0.8333333333333334,2.0,22.0,-250.0,0.2,0.3,5,5,72.2,9.0,1658,1556,1167,,,,,,,,,,,,,,,2.0,0.0,54.0,-223.0,12.0,7.0,440.0,-0.14285714285714285,0.0,-0.08333333333333333,,,1.6999999999999993,0.0
171,202203020106,0,0,1,16,2,2,2,28,0,0,0,0,0,0,0,6,1,1,0,8,0,0,0,0,0,0,0,0,0,0,0,0,0,0,0,0,0.0,0.0,7.0,5.0,40.1,3.4,0.6666666666666666,0.0,0.0,14.0,14.0,43.9,5.9,0.5,0.0,0.0,13.0,11.0,37.6,2.9,0.7857142857142857,3.0,21.0,-250.0,0.047619047619047616,0.09523809523809523,6,7,168.7,12.0,1036,1345,1108,0.0,0.0,12.0,11.0,38.5,4.4,0.9166666666666666,,,,,,,,1.5,0.0,51.0,-423.0,12.0,9.0,389.0,0.0,0.2857142857142857,0.14285714285714285,0.0,,1.11,0.0
172,202203020106,0,0,0,0,1,2,0,10,0,0,0,0,0,0,0,0,0,0,0,3,0,0,0,0,0,0,0,0,0,0,0,0,0,0,0,0,0.0,0.0,10.0,10.0,39.2,3.4,1.0,0.0,0.0,14.0,13.0,37.5,2.3,0.875,0.0,0.0,10.0,11.0,37.7,2.8,1.0,0.5,4.0,-50.0,0.0,0.0,2,2,116.6,11.0,1537,1328,488,0.0,0.0,10.0,9.0,35.3,1.8,0.9090909090909091,0.0,0.0,9.0,8.0,34.7,1.7,0.8888888888888888,-0.8,0.0,54.0,-730.0,12.0,10.0,462.0,0.0,0.0,0.0,-0.09090909090909091,0.0,1.1200000000000003,0.0
173,202203020203,0,1,0,2,1,1,3,28,0,0,0,0,0,1,0,2,0,0,3,14,0,0,0,0,0,1,0,1,0,0,1,7,0,0,0,0,0.0,0.0,20.0,2.0,37.9,1.1,0.2222222222222222,0.0,0.0,160.0,14.0,38.0,1.2,0.25,0.0,0.0,,,,,,12.0,2.0,-50.0,0.05,0.15,5,10,5.3,2.0,1270,1221,969,0.0,0.0,120.0,12.0,36.3,1.5,0.9285714285714286,0.0,0.0,130.0,15.0,38.4,2.2,0.0625,3.7,0.25,54.0,-757.0,16.0,9.0,498.0,0.0,0.0,,0.0,0.0,0.020000000000000285,0.0
174,202203020203,0,0,0,0,2,1,3,15,0,0,0,0,0,0,0,0,1,0,1,9,0,0,0,0,0,0,0,0,1,0,1,2,0,0,0,0,0.0,0.0,1.0,2.0,37.8,0.2,0.125,0.0,0.0,3.0,7.0,37.6,1.0,0.5,0.0,0.0,4.0,2.0,36.1,0.3,0.375,0.0,8.0,0.0,0.0,0.125,2,4,3.3,1.0,1233,1186,1235,0.0,0.0,10.0,3.0,38.8,0.3,0.0625,0.0,0.0,8.0,5.0,38.9,1.6,0.375,0.2,0.6,54.0,0.0,16.0,16.0,472.0,0.0,0.0625,0.0,0.0,0.0,-0.33999999999999986,0.0
175,202203020203,3,1,2,30,0,0,0,1,0,0,0,0,0,0,0,2,0,0,0,1,0,0,0,0,0,0,0,1,0,0,0,0,0,0,0,0,0.0,0.0,9.0,11.0,41.7,4.0,1.0,0.0,0.0,6.0,10.0,38.0,1.2,0.26666666666666666,0.0,0.0,4.0,4.0,36.7,0.9,0.25,-3.5,15.0,-150.0,0.075,0.225,8,16,7.2,5.0,1561,1278,1263,0.0,0.0,5.0,3.0,37.6,0.3,0.3125,0.0,0.0,4.0,8.0,38.6,1.7,0.4375,-1.2999999999999998,0.2,54.0,-574.0,16.0,11.0,463.0,0.0,-0.06666666666666667,0.0625,-0.0625,0.0625,0.6600000000000001,0.0
176,202203020203,5,15,5,50,3,5,4,53,0,0,0,3,1,7,2,22,1,1,2,20,0,0,0,0,0,3,0,9,0,1,0,10,0,0,0,0,0.0,0.0,11.0,11.0,36.7,1.0,0.6875,0.0,0.0,7.0,7.0,37.2,1.1,0.6666666666666666,0.0,0.0,14.0,3.0,36.8,0.7,0.5625,-4.0,6.0,0.0,0.05263157894736842,0.05263157894736842,1,1,55.6,9.0,1576,1556,1577,0.0,0.0,12.0,9.0,37.6,0.8,0.38461538461538464,0.0,0.0,14.0,16.0,36.9,2.2,1.0,1.2,0.2,54.0,-363.0,16.0,16.0,442.0,-0.0625,0.06666666666666667,-0.0625,-0.07692307692307693,0.0,-0.079999999999999,0.0
177,202203020203,0,0,0,7,3,5,4,53,0,0,0,0,0,0,0,2,1,1,2,20,0,0,0,0,0,0,0,1,0,1,0,10,0,0,0,0,0.0,0.0,8.0,5.0,36.7,0.6,0.75,0.0,0.0,3.0,11.0,37.1,1.3,1.0,0.0,0.0,11.0,3.0,36.7,0.2,1.0,-1.0,4.0,0.0,0.05454545454545454,0.23636363636363636,6,12,16.7,8.0,1677,1556,1167,0.0,0.0,8.0,9.0,37.6,2.3,1.0,0.0,0.0,6.0,13.0,35.9,1.5,0.4117647058823529,1.4,0.2,56.0,0.0,16.0,16.0,514.0,-0.125,0.0,-0.0625,-0.15384615384615385,-0.058823529411764705,0.11000000000000085,0.0
178,202203020203,1,1,1,8,1,1,0,14,0,0,0,1,1,1,0,5,0,1,0,5,0,0,0,1,1,1,0,2,0,1,0,3,0,0,0,0,0.0,0.0,2.0,1.0,41.6,0.0,0.08333333333333333,0.0,0.0,8.0,7.0,39.1,1.4,0.13333333333333333,0.0,0.0,4.0,6.0,38.3,0.7,0.0625,2.5,24.0,-250.0,0.0,0.14285714285714285,1,2,6.1,4.0,1020,1393,1576,0.0,0.0,3.0,15.0,39.6,3.0,0.4375,0.0,0.0,2.0,5.0,38.6,0.8,0.0625,1.5999999999999999,0.2,54.0,-708.0,16.0,12.0,490.0,0.0,0.0,0.0,-0.0625,0.0,0.55,0.0
179,202203020203,4,6,2,23,0,0,0,9,0,0,0,0,2,2,1,10,0,0,0,2,0,0,0,0,1,1,0,7,0,0,0,1,0,0,0,0,0.0,0.0,20.0,7.0,38.9,1.3,0.09090909090909091,0.0,0.0,60.0,7.0,37.5,1.1,0.6875,0.0,0.0,20.0,6.0,37.9,1.2,0.125,-0.5,29.0,-150.0,0.0,0.21052631578947367,3,6,8.3,6.0,1095,848,1221,0.0,0.0,10.0,5.0,38.3,0.5,0.125,0.0,0.0,30.0,3.0,38.8,1.4,0.375,-1.0,0.2,56.0,-723.0,16.0,11.0,535.0,0.0,-0.0625,0.0,0.0,0.0,-0.05999999999999943,0.0
180,202203020203,0,0,1,6,0,0,0,0,0,0,0,0,0,0,1,4,0,0,0,0,0,0,0,0,0,0,0,2,0,0,0,0,0,0,0,0,0.0,0.0,20.0,2.0,40.7,0.4,0.1111111111111111,0.0,0.0,110.0,12.0,38.7,2.2,0.16666666666666666,0.0,0.0,110.0,8.0,36.9,1.5,0.75,3.0,7.0,-350.0,0.043478260869565216,0.08695652173913043,8,15,181.7,12.0,1310,1661,1618,0.0,0.0,120.0,8.0,38.2,1.4,0.5,0.0,0.0,120.0,9.0,38.3,1.9,0.8,1.0,0.2,51.0,-735.0,16.0,9.0,473.0,0.0,0.4166666666666667,0.0,0.0625,-0.06666666666666667,0.5300000000000011,0.0
181,202203020203,0,0,2,3,0,0,0,0,0,0,0,0,0,0,1,0,0,0,0,0,0,0,0,0,0,0,1,0,0,0,0,0,0,0,0,0,0.0,0.0,2.0,2.0,40.9,2.1,0.25,0.0,0.0,18.0,8.0,34.4,1.1,0.7222222222222222,0.0,0.0,10.0,9.0,37.7,1.8,0.8125,3.5,20.0,-250.0,0.0,0.0,4,8,134.6,10.0,1601,1169,239,0.0,0.0,8.0,10.0,36.7,1.6,0.375,0.0,0.0,5.0,9.0,36.3,0.9,0.46153846153846156,1.6,0.2,54.0,-437.0,16.0,12.0,470.0,-0.08333333333333333,,0.0,0.0625,-0.07692307692307693,0.6899999999999998,0.0
182,202203020203,0,1,0,6,4,7,6,72,0,0,0,0,0,0,0,2,2,1,1,19,0,0,0,0,0,0,0,1,1,0,1,5,0,0,0,0,0.0,0.0,3.0,9.0,42.7,3.5,0.4444444444444444,0.0,0.0,10.0,6.0,36.2,0.9,0.8333333333333334,0.0,0.0,9.0,5.0,36.6,1.0,0.6666666666666666,-2.0,-8.0,-350.0,0.2222222222222222,0.37037037037037035,3,5,14.6,7.0,1657,1263,1317,0.0,0.0,7.0,10.0,39.2,1.9,0.3125,0.0,0.0,7.0,6.0,38.3,1.5,0.4375,-0.2,0.0,56.0,-379.0,16.0,9.0,446.0,0.5555555555555556,-0.08333333333333333,-0.08333333333333333,-0.0625,0.0,0.5800000000000012,0.0
183,202203020203,0,0,1,1,0,0,0,0,0,0,0,0,0,0,1,1,0,0,0,0,0,0,0,0,0,0,1,1,0,0,0,0,0,0,0,0,0.0,0.0,20.0,30.0,39.6,0.7,0.18181818181818182,0.0,0.0,110.0,100.0,35.1,1.4,0.5555555555555556,0.0,0.0,110.0,110.0,38.7,1.9,0.5,40.0,30.0,-250.0,0.0,0.0,7,14,173.4,11.0,1534,1465,1235,0.0,0.0,70.0,140.0,41.4,4.0,0.1875,,,,,,,,34.0,0.0,53.0,-703.0,16.0,11.0,486.0,0.0,0.0,0.125,0.0,,-0.8999999999999992,0.0
184,202203020203,1,0,0,9,0,0,0,1,0,0,0,1,0,0,0,3,0,0,0,0,0,0,0,0,0,0,0,1,0,0,0,0,0,0,0,0,0.0,0.0,7.0,6.0,41.5,1.8,0.5833333333333334,0.0,0.0,16.0,12.0,37.5,2.2,0.9375,0.0,0.0,16.0,14.0,42.2,4.6,1.0,4.0,18.0,-350.0,0.0,0.0,2,3,262.0,16.0,1548,901,1328,0.0,0.0,12.0,13.0,39.8,3.4,0.8666666666666667,0.0,0.0,7.0,11.0,39.1,3.8,0.36363636363636365,1.1,0.0,56.0,-459.0,16.0,12.0,468.0,0.0,-0.0625,-0.0625,0.06666666666666667,0.6363636363636364,0.25,0.0
185,202203020203,0,0,0,0,0,0,1,7,0,0,0,0,0,0,0,0,0,0,0,3,0,0,0,0,0,0,0,0,0,0,0,2,0,0,0,0,,,,,,,,,,,,,,,,,,,,,,,,,0.08333333333333333,0.25,5,9,6.1,3.0,332,548,57,,,,,,,,,,,,,,,,,56.0,,16.0,,,,,,,,,
186,202203020203,0,0,0,0,0,0,0,0,0,0,0,0,0,0,0,0,0,0,0,0,0,0,0,0,0,0,0,0,0,0,0,0,0,0,0,0,0.0,0.0,70.0,11.0,45.6,4.2,0.09090909090909091,0.0,0.0,160.0,18.0,36.9,3.4,0.4444444444444444,0.0,0.0,130.0,14.0,40.0,2.7,0.3125,1.5,1.0,-250.0,0.0,0.0,7,13,200.9,13.0,1688,1712,982,0.0,0.0,120.0,15.0,37.7,2.3,0.5,0.0,0.0,,,,,,0.8,0.0,56.0,-277.0,16.0,11.0,459.0,0.45454545454545453,,0.125,0.0,,2.0599999999999996,0.0
187,202203020203,4,6,4,41,0,0,0,3,0,0,0,1,1,1,0,23,0,0,0,1,0,0,0,1,1,1,0,9,0,0,0,1,0,0,0,1,0.0,0.0,50.0,90.0,43.4,1.6,0.4,0.0,0.0,180.0,170.0,35.0,2.8,1.0,0.0,0.0,140.0,150.0,38.2,2.9,0.9375,30.0,1.0,-250.0,0.12280701754385964,0.2631578947368421,6,11,221.7,14.0,1172,1666,1556,0.0,0.0,160.0,130.0,37.0,2.2,1.0,0.0,0.0,120.0,130.0,39.1,2.5,0.75,4.0,0.0,54.0,-311.0,16.0,10.0,443.0,0.2,0.0,0.0625,0.0,0.0,0.6599999999999995,0.0
188,202203020203,0,0,0,1,2,0,0,9,0,0,0,0,0,0,0,0,1,0,0,6,0,0,0,0,0,0,0,0,1,0,0,5,0,0,0,0,0.0,0.0,15.0,16.0,39.1,3.3,0.875,0.0,0.0,13.0,16.0,40.9,5.7,1.0,,,,,,,,0.0,4.0,0.0,0.017857142857142856,0.10714285714285714,4,7,253.2,15.0,1204,1036,1221,,,,,,,,,,,,,,,0.0,0.0,54.0,0.0,16.0,16.0,418.0,0.0,0.0,,,,-1.7999999999999972,0.0
189,202203020212,0,0,0,1,2,2,2,11,0,0,0,0,0,0,0,0,2,0,1,5,0,0,0,0,0,0,0,0,0,0,1,1,0,0,0,0,0.0,0.0,10.0,13.0,38.1,1.5,0.125,0.0,0.0,2.0,9.0,38.2,1.2,0.3125,0.0,0.0,3.0,3.0,37.0,0.1,0.0625,-5.0,0.0,-150.0,0.05128205128205128,0.20512820512820512,5,9,5.9,4.0,1204,1228,1221,0.0,0.0,4.0,1.0,36.6,0.0,0.13333333333333333,0.0,0.0,2.0,16.0,39.5,2.8,0.1875,-0.2,0.4,52.0,-217.0,16.0,16.0,450.0,0.0,0.0,0.0,0.0,0.0,-0.11999999999999958,0.0
190,202203020212,1,1,1,8,3,0,2,21,0,0,0,0,1,1,0,5,1,0,1,14,0,0,0,0,0,0,0,1,0,0,0,8,0,0,0,0,0.0,0.0,80.0,5.0,38.6,1.1,0.25,0.0,0.0,140.0,14.0,36.6,2.8,0.5714285714285714,0.0,0.0,30.0,1.0,38.6,0.0,0.125,-2.0,-2.0,-50.0,0.0,0.16666666666666666,5,10,17.7,6.0,1020,1306,1576,0.0,0.0,60.0,5.0,35.9,0.4,0.11764705882352941,0.0,0.0,70.0,4.0,35.1,0.4,0.47058823529411764,-1.1,0.2,52.0,84.0,16.0,16.0,420.0,0.0,0.2857142857142857,0.0,0.0,0.0,0.7700000000000002,0.0
191,202203020212,2,0,5,36,0,0,0,2,0,0,0,0,1,0,0,2,0,0,0,0,0,0,0,0,0,0,0,0,0,0,0,0,0,0,0,0,0.0,0.0,8.0,7.0,38.1,1.1,0.375,0.0,0.0,11.0,8.0,37.5,1.1,0.75,0.0,0.0,10.0,5.0,37.3,2.4,0.6,-1.0,0.0,-50.0,0.038461538461538464,0.34615384615384615,1,1,105.2,12.0,1691,1438,1167,0.0,0.0,13.0,5.0,36.9,0.3,0.625,0.0,0.0,5.0,13.0,37.8,1.1,0.3125,0.9,0.0,55.0,-602.0,16.0,16.0,450.0,-0.0625,0.0,-0.06666666666666667,0.0,0.0,0.120000000000001,0.0
192,202203020212,2,0,5,8,1,0,2,8,0,0,0,0,2,0,2,3,1,0,1,5,0,0,0,0,0,0,1,2,0,0,0,1,0,0,0,0,0.0,0.0,110.0,6.0,36.4,0.6,0.0625,0.0,0.0,90.0,8.0,39.0,1.6,0.06666666666666667,0.0,0.0,130.0,4.0,38.9,0.9,0.0625,-1.0,2.0,-50.0,0.0,0.041666666666666664,8,15,7.0,5.0,1148,1592,1393,0.0,0.0,20.0,1.0,38.6,0.0,0.0625,0.0,0.0,150.0,12.0,36.5,1.0,0.05555555555555555,0.5,0.2,52.0,78.0,16.0,16.0,446.0,0.0,0.0,0.0,0.0,0.0,0.019999999999999574,0.0
193,202203020212,0,0,0,7,7,4,2,54,0,0,0,0,0,0,0,2,3,1,1,28,0,0,0,0,0,0,0,1,2,0,1,17,0,0,0,0,0.0,0.0,13.0,13.0,13.8,11.4,0.7857142857142857,0.0,0.0,6.0,,,,,0.0,0.0,15.0,13.0,37.1,1.8,0.9333333333333333,0.0,8.0,-1700.0,0.045454545454545456,0.09090909090909091,3,5,20.1,7.0,1677,1013,1167,0.0,0.0,11.0,11.0,35.5,1.9,0.2727272727272727,0.0,0.0,13.0,13.0,35.9,1.7,0.6923076923076923,-0.2,0.0,49.0,-468.0,16.0,14.0,462.0,0.21428571428571427,,0.0,0.0,0.0,-6.469999999999999,0.0
194,202203020212,2,2,0,7,3,4,3,31,0,0,0,1,0,0,0,1,2,2,1,17,0,0,0,1,0,0,0,0,1,0,1,4,0,0,0,0,0.0,0.0,50.0,5.0,39.4,1.5,0.8,0.0,0.0,140.0,15.0,37.3,2.3,0.8666666666666667,0.0,0.0,160.0,16.0,39.1,2.2,0.6875,5.5,0.0,-80.0,0.0,0.0,6,11,4.8,3.0,1586,1235,1167,0.0,0.0,150.0,11.0,40.2,2.4,0.26666666666666666,0.0,0.0,110.0,16.0,38.2,2.3,0.5,1.8,0.0,54.0,-836.0,16.0,5.0,496.0,0.0,-0.06666666666666667,0.0625,-0.06666666666666667,0.0625,-0.05000000000000142,0.0
195,202203020212,4,7,1,37,0,0,0,1,0,0,0,1,2,3,0,12,0,0,0,0,0,0,0,0,2,0,0,6,0,0,0,0,0,0,0,0,0.0,0.0,6.0,5.0,36.8,1.1,0.7777777777777778,0.0,0.0,14.0,7.0,36.6,1.1,0.3333333333333333,0.0,0.0,7.0,14.0,36.4,1.7,0.9375,4.5,12.0,-50.0,0.0,0.25,4,7,75.3,10.0,1221,1552,1263,0.0,0.0,3.0,1.0,36.7,0.0,0.5,0.0,0.0,10.0,9.0,35.5,1.4,1.0,0.2,0.2,54.0,-745.0,16.0,9.0,516.0,0.0,0.06666666666666667,0.0625,0.0,0.0,0.24999999999999928,0.0
196,202203020212,3,1,2,30,0,4,6,49,0,0,0,4,0,0,0,2,0,1,3,17,0,0,0,0,0,0,0,0,0,0,3,8,0,0,0,0,0.0,0.0,110.0,9.0,43.3,3.6,0.8181818181818182,0.0,0.0,110.0,8.0,36.7,1.4,0.5333333333333333,0.0,0.0,120.0,8.0,37.5,1.0,0.4666666666666667,-0.5,7.0,-450.0,0.06666666666666667,0.3,2,4,96.7,11.0,1561,1559,1263,0.0,0.0,140.0,11.0,35.5,1.9,0.6666666666666666,0.0,0.0,100.0,13.0,36.0,1.0,0.5555555555555556,1.1,0.0,55.0,-755.0,16.0,11.0,455.0,-0.09090909090909091,-0.06666666666666667,0.0,-0.16666666666666666,0.0,1.5799999999999996,0.0
197,202203020212,0,0,1,2,4,4,8,47,0,0,0,0,0,0,1,1,1,2,3,22,0,0,0,0,0,0,0,0,1,2,2,12,0,0,0,0,0.0,0.0,10.0,40.0,39.8,0.7,0.45454545454545453,0.0,0.0,130.0,90.0,36.6,1.8,0.6666666666666666,0.0,0.0,80.0,80.0,36.1,1.4,0.6666666666666666,20.0,7.0,-250.0,0.01818181818181818,0.10909090909090909,3,6,54.9,8.0,1343,1558,1428,0.0,0.0,100.0,120.0,36.4,1.5,1.0,0.0,0.0,90.0,120.0,36.7,1.2,0.875,19.0,0.0,57.0,-696.0,16.0,11.0,521.0,0.09090909090909091,0.0,0.0,0.0,0.0,0.6399999999999991,0.0
198,202203020212,5,15,5,50,1,0,0,2,0,0,0,0,1,7,2,22,0,0,0,0,0,0,0,0,0,2,1,10,0,0,0,0,0,0,0,0,0.0,0.0,40.0,9.0,43.7,2.6,0.18181818181818182,0.0,0.0,140.0,12.0,38.2,1.1,0.3125,0.0,0.0,140.0,15.0,39.6,2.8,0.25,3.0,-3.0,-150.0,0.05555555555555555,0.24074074074074073,7,14,3.9,2.0,1576,212,1577,0.0,0.0,140.0,14.0,37.7,3.4,0.5625,0.0,0.0,130.0,16.0,40.3,3.7,0.125,1.6,0.0,52.0,-755.0,16.0,11.0,469.0,0.0,-0.0625,0.25,0.1875,0.0,0.7300000000000011,0.0
199,202203020212,4,3,4,20,7,4,2,54,0,0,0,2,1,1,1,4,3,1,1,28,0,0,0,0,1,1,1,1,2,0,1,17,0,0,0,0,0.0,0.0,80.0,11.0,41.0,4.3,1.0,0.0,0.0,90.0,11.0,36.6,1.6,0.6,0.0,0.0,60.0,11.0,36.1,1.3,0.7142857142857143,0.0,-1.0,-250.0,0.0,0.09090909090909091,4,8,56.9,9.0,1167,1013,460,0.0,0.0,50.0,11.0,41.4,3.1,0.26666666666666666,0.0,0.0,80.0,9.0,37.2,0.9,0.625,-0.4,0.0,57.0,-497.0,16.0,12.0,467.0,-0.08333333333333333,0.0,0.0,0.2,0.0,0.2799999999999997,0.0
200,202203020212,0,2,2,20,3,0,3,13,0,0,0,0,0,0,1,7,0,0,0,4,0,0,0,0,0,0,0,1,0,0,0,2,0,0,0,0,0.0,0.0,6.0,9.0,36.9,1.1,0.5,0.0,0.0,5.0,9.0,37.6,1.1,0.4375,0.0,0.0,1.0,12.0,36.1,1.7,1.0,1.5,0.0,-50.0,0.23076923076923078,0.38461538461538464,7,13,3.4,1.0,1393,1721,1263,0.0,0.0,6.0,3.0,36.1,0.3,0.9230769230769231,0.0,0.0,4.0,5.0,36.9,1.3,1.0,-1.4,0.2,54.0,-259.0,16.0,16.0,516.0,0.0625,0.0625,-0.06666666666666667,0.0,-0.0625,0.15,0.0
201,202203020212,4,2,1,13,3,1,3,27,0,0,0,0,2,0,1,7,1,1,3,13,0,0,0,0,1,0,1,2,0,1,2,6,0,0,0,0,0.0,0.0,2.0,1.0,38.7,0.0,0.5555555555555556,0.0,0.0,12.0,10.0,39.3,3.1,0.9166666666666666,0.0,0.0,9.0,8.0,40.1,4.2,1.0,3.5,-8.0,-250.0,0.0,0.16666666666666666,8,16,142.7,13.0,1571,1362,1108,0.0,0.0,14.0,12.0,37.1,1.3,1.0,0.0,0.0,10.0,10.0,35.8,2.3,0.6363636363636364,2.0,0.2,55.0,-743.0,16.0,9.0,450.0,-0.4444444444444444,-0.16666666666666666,0.0,-0.06666666666666667,-0.09090909090909091,0.8000000000000007,0.0
202,202203020212,2,0,0,18,1,5,4,43,0,0,0,1,0,0,0,3,0,3,2,13,0,0,0,0,0,0,0,0,0,2,1,4,0,0,0,0,0.0,0.0,4.0,11.0,46.4,4.0,0.08333333333333333,0.0,0.0,14.0,14.0,37.1,2.6,0.8666666666666667,0.0,0.0,11.0,13.0,40.8,4.1,0.5333333333333333,1.0,1.0,-850.0,0.0,0.0,1,2,171.0,14.0,1605,1482,1,0.0,0.0,10.0,16.0,38.5,2.8,0.1875,0.0,0.0,5.0,14.0,42.7,4.4,0.13333333333333333,0.8,0.0,54.0,-738.0,16.0,12.0,479.0,0.0,0.06666666666666667,0.4666666666666667,-0.0625,0.2,0.5999999999999993,0.0
203,202203020212,1,1,1,8,0,0,1,7,0,0,0,0,1,1,0,5,0,0,0,3,0,0,0,0,0,0,0,1,0,0,0,1,0,0,0,0,0.0,0.0,40.0,2.0,38.4,0.1,0.42857142857142855,0.0,0.0,160.0,13.0,37.6,1.8,0.6875,0.0,0.0,160.0,15.0,38.9,2.8,0.3125,6.5,-6.0,-350.0,0.0,0.13333333333333333,6,12,177.5,15.0,1020,1511,1576,0.0,0.0,150.0,11.0,38.4,1.8,0.2,0.0,0.0,130.0,12.0,38.2,1.7,0.6923076923076923,1.8,0.2,53.0,-750.0,16.0,7.0,472.0,-0.2857142857142857,0.0,0.0,0.0,0.07692307692307693,-0.04000000000000057,0.0
204,202203020212,5,4,2,30,2,2,2,28,0,0,0,0,0,0,0,11,1,1,0,8,0,0,0,0,0,0,0,2,1,0,0,1,0,0,0,0,0.0,0.0,70.0,9.0,41.7,3.3,0.2,0.0,0.0,50.0,15.0,36.9,3.3,0.9375,0.0,0.0,,,,,,6.0,10.0,-250.0,,,2,3,,,1520,1345,695,0.0,0.0,60.0,16.0,40.1,4.5,0.75,0.0,0.0,20.0,1.0,35.8,0.0,0.125,-2.3,0.25,54.0,-488.0,16.0,10.0,516.0,0.7,0.0,,0.1875,0.0,1.4500000000000015,0.0
205,202203020303,0,0,0,0,0,0,0,3,0,0,0,0,0,0,0,0,0,0,0,1,0,0,0,0,0,0,0,0,0,0,0,0,0,0,0,0,0.0,0.0,5.0,5.0,41.0,0.8,0.08333333333333333,0.0,0.0,12.0,8.0,38.7,1.8,0.25,0.0,0.0,14.0,14.0,39.9,2.4,0.3125,4.5,16.0,-50.0,0.05263157894736842,0.22807017543859648,1,1,4.9,2.0,1498,1306,1036,0.0,0.0,10.0,10.0,37.6,1.3,0.125,0.0,0.0,2.0,11.0,38.2,1.1,0.13333333333333333,1.4,0.0,54.0,-740.0,16.0,12.0,438.0,0.0,0.0,-0.0625,0.0625,0.0,0.6699999999999996,0.0
206,202203020303,0,1,0,0,1,1,3,24,0,0,0,0,0,1,0,0,1,0,1,17,0,0,0,0,0,0,0,0,1,0,0,4,0,0,0,0,0.0,0.0,10.0,15.0,41.8,4.0,0.75,0.0,0.0,2.0,6.0,38.1,0.6,0.0625,0.0,0.0,6.0,2.0,37.6,0.6,0.25,-6.5,11.0,-50.0,0.04,0.08,2,3,9.8,6.0,1467,1013,336,0.0,0.0,6.0,9.0,38.7,1.4,0.25,0.0,0.0,4.0,4.0,38.1,0.4,0.4375,-1.9,0.2,51.0,-563.0,16.0,16.0,461.0,0.0625,0.0,-0.0625,0.0625,0.0,0.679999999999999,0.0
207,202203020303,0,0,0,1,1,2,2,11,0,0,0,0,0,0,0,1,0,0,1,3,0,0,0,0,0,0,0,1,0,0,1,2,0,0,0,0,0.0,0.0,8.0,8.0,37.2,1.1,0.25,0.0,0.0,7.0,13.0,39.6,2.3,0.15384615384615385,0.0,0.0,11.0,3.0,38.0,0.7,0.125,-2.5,-7.0,350.0,0.0,0.16666666666666666,4,8,52.8,11.0,1089,1618,1428,0.0,0.0,5.0,13.0,39.1,2.5,0.0625,0.0,0.0,6.0,16.0,36.9,2.6,0.0625,1.6,0.2,54.0,-592.0,16.0,12.0,479.0,0.0,0.0,0.0,0.0,0.0625,0.11000000000000085,0.0
208,202203020303,0,1,0,25,0,0,0,5,0,0,0,0,0,0,0,12,0,0,0,2,0,0,0,0,0,0,0,6,0,0,0,2,0,0,0,0,0.0,0.0,7.0,7.0,43.7,4.6,0.3333333333333333,0.0,0.0,7.0,10.0,39.1,2.3,0.1,0.0,0.0,9.0,11.0,38.6,1.8,0.38461538461538464,2.0,1.0,-250.0,0.0,0.07692307692307693,1,2,70.6,13.0,1576,1221,1577,0.0,0.0,5.0,9.0,37.7,1.7,0.4,0.0,0.0,7.0,2.0,37.2,0.1,0.3125,-1.1,0.2,54.0,-740.0,16.0,9.0,431.0,0.3333333333333333,0.5,0.07692307692307693,0.13333333333333333,0.0,1.44,0.0
209,202203020303,0,1,1,6,1,1,2,14,0,0,0,0,0,1,0,4,0,0,0,5,0,0,0,0,0,1,0,3,0,0,0,1,0,0,0,0,0.0,0.0,1.0,4.0,36.8,0.3,0.8,0.0,0.0,2.0,2.0,37.2,0.0,0.7333333333333333,0.0,0.0,6.0,2.0,36.5,0.4,0.4,-1.0,-2.0,-50.0,0.05,0.05,8,15,7.3,4.0,1333,1428,1294,0.0,0.0,11.0,4.0,36.3,0.2,0.5625,0.0,0.0,7.0,5.0,37.4,0.7,0.625,0.4,0.4,54.0,-315.0,16.0,15.0,452.0,-0.06666666666666667,-0.2,0.0,-0.125,-0.0625,-0.029999999999999714,0.0
210,202203020303,0,0,0,0,0,1,0,0,0,0,0,0,0,0,0,0,0,1,0,0,0,0,0,0,0,0,0,0,0,1,0,0,0,0,0,0,0.0,0.0,7.0,7.0,38.4,0.6,0.3333333333333333,0.0,0.0,3.0,6.0,37.5,1.1,0.5625,0.0,0.0,4.0,4.0,37.5,0.4,0.1875,-1.5,16.0,-250.0,0.0,0.15384615384615385,7,14,5.9,3.0,1289,81,1428,0.0,0.0,2.0,4.0,37.6,0.4,0.3333333333333333,0.0,0.0,6.0,4.0,37.2,0.6,0.625,-0.8,0.0,54.0,-198.0,16.0,15.0,484.0,0.06666666666666667,0.0,0.0,0.0,-0.1875,0.229999999999999,0.0
211,202203020303,0,1,0,11,0,0,4,15,0,0,0,0,0,1,0,4,0,0,2,9,0,0,0,0,0,1,0,0,0,0,0,5,0,0,0,0,0.0,0.0,8.0,3.0,39.9,0.4,0.16666666666666666,0.0,0.0,6.0,6.0,36.0,1.0,0.3333333333333333,0.0,0.0,6.0,4.0,36.0,0.5,0.5833333333333334,0.5,14.0,-350.0,0.0,0.2,2,4,13.4,7.0,1172,1167,1556,0.0,0.0,7.0,7.0,38.1,1.1,0.25,0.0,0.0,4.0,9.0,36.8,1.7,0.375,1.3,0.2,54.0,-293.0,16.0,12.0,454.0,0.08333333333333333,-0.08333333333333333,-0.08333333333333333,-0.0625,-0.0625,0.41000000000000014,0.0
212,202203020303,1,0,0,3,0,0,0,1,0,0,0,0,1,0,0,1,0,0,0,1,0,0,0,0,1,0,0,1,0,0,0,1,0,0,0,0,0.0,0.0,7.0,12.0,45.0,7.0,0.8333333333333334,0.0,0.0,10.0,9.0,36.4,1.4,0.3333333333333333,0.0,0.0,9.0,8.0,38.2,1.2,0.25,-2.0,22.0,-250.0,0.09523809523809523,0.2619047619047619,5,9,19.2,9.0,1191,1507,1235,0.0,0.0,9.0,10.0,38.5,1.1,0.6666666666666666,0.0,0.0,6.0,10.0,38.3,2.2,0.8125,-0.3,0.0,54.0,-320.0,16.0,12.0,486.0,0.16666666666666666,-0.08333333333333333,0.125,0.06666666666666667,0.0,1.1300000000000003,0.0
213,202203020303,4,0,0,18,0,0,0,0,0,0,0,0,2,0,0,10,0,0,0,0,0,0,0,0,1,0,0,6,0,0,0,0,0,0,0,0,0.0,0.0,80.0,9.0,44.3,3.0,0.08333333333333333,0.0,0.0,50.0,9.0,38.4,1.3,0.1875,0.0,0.0,80.0,5.0,38.2,1.4,0.06666666666666667,-2.0,-8.0,-250.0,0.11864406779661017,0.2542372881355932,6,12,7.4,5.0,1520,1568,695,0.0,0.0,70.0,9.0,40.2,1.4,0.06666666666666667,0.0,0.0,80.0,6.0,37.2,0.4,0.3125,-0.6,0.0,52.0,-459.0,16.0,12.0,464.0,0.25,0.0,0.0,0.06666666666666667,0.0,1.2399999999999984,0.0
214,202203020303,0,0,0,0,0,0,0,0,0,0,0,0,0,0,0,0,0,0,0,0,0,0,0,0,0,0,0,0,0,0,0,0,0,0,0,0,0.0,0.0,,,,,,0.0,0.0,120.0,14.0,43.7,4.3,0.14285714285714285,0.0,0.0,100.0,10.0,37.8,1.6,0.8125,-4.0,,-350.0,0.0,0.0,3,5,52.7,10.0,1064,577,1556,0.0,0.0,80.0,16.0,42.7,3.7,0.125,0.0,0.0,10.0,5.0,39.6,1.0,0.21428571428571427,-2.1,0.0,54.0,-272.0,16.0,11.0,,,0.42857142857142855,0.0,0.0,-0.07142857142857142,0.7399999999999999,0.0
215,202203020303,1,0,1,2,0,0,0,6,0,0,0,0,1,0,0,2,0,0,0,4,0,0,0,0,1,0,0,0,0,0,0,4,0,0,0,0,0.0,0.0,3.0,,,,0.1,0.0,0.0,11.0,10.0,38.2,2.2,0.4,0.0,0.0,8.0,11.0,37.5,1.6,0.9375,1.0,1.0,-250.0,0.03571428571428571,0.39285714285714285,5,10,16.2,8.0,1020,1036,1576,0.0,0.0,7.0,6.0,39.0,1.6,0.2,,,,,,,,-2.0,0.0,54.0,-70.0,16.0,10.0,439.0,0.0,0.0,0.0,0.0,,-0.3999999999999986,0.0
216,202203020303,0,2,0,7,0,2,1,26,0,0,0,0,0,0,0,1,0,2,1,7,0,0,0,0,0,0,0,1,0,0,1,3,0,0,0,0,0.0,0.0,9.0,9.0,42.4,3.1,0.8,0.0,0.0,13.0,14.0,43.3,5.2,0.21428571428571427,0.0,0.0,15.0,12.0,38.7,2.1,0.4375,1.5,8.0,-150.0,0.0,0.16666666666666666,3,6,163.8,15.0,1090,1556,1169,0.0,0.0,15.0,13.0,36.1,1.5,0.2777777777777778,0.0,0.0,9.0,11.0,39.7,3.2,0.6875,0.3,0.0,52.0,-288.0,16.0,10.0,418.0,0.1,0.5714285714285714,0.0625,0.1111111111111111,0.125,1.2599999999999987,0.0
217,202203020303,0,0,0,3,0,0,4,15,0,0,0,0,0,0,0,2,0,0,2,9,0,0,0,0,0,0,0,0,0,0,0,5,0,0,0,0,0.0,0.0,140.0,130.0,35.7,1.3,0.5,0.0,0.0,120.0,130.0,35.5,1.5,1.0,0.0,0.0,10.0,10.0,40.1,0.0,0.16666666666666666,-60.0,0.0,-50.0,0.09090909090909091,0.18181818181818182,8,16,60.4,12.0,1426,1167,306,0.0,0.0,150.0,180.0,44.5,12.4,0.4444444444444444,0.0,0.0,120.0,130.0,38.0,2.3,1.0,5.0,0.0,54.0,-413.0,16.0,14.0,432.0,0.0,0.0,-0.08333333333333333,0.16666666666666666,0.0,-1.3599999999999994,0.0
218,202203020303,0,0,0,0,2,1,1,15,0,0,0,0,0,0,0,0,1,1,0,3,0,0,0,0,0,0,0,0,0,1,0,1,0,0,0,0,0.0,0.0,70.0,6.0,42.3,1.5,0.4,0.0,0.0,140.0,13.0,36.5,1.8,0.16666666666666666,0.0,0.0,160.0,14.0,39.1,2.7,0.5625,4.0,-3.0,-250.0,0.05714285714285714,0.17142857142857143,7,13,306.3,16.0,1154,1558,1561,0.0,0.0,130.0,12.0,40.3,3.8,0.375,0.0,0.0,110.0,14.0,40.6,4.3,1.0,1.5,0.0,54.0,-483.0,16.0,10.0,487.0,0.0,0.0,0.0625,-0.0625,-0.13333333333333333,-0.04000000000000057,0.0
219,202203020303,0,0,0,0,2,2,0,9,0,0,0,0,0,0,0,0,1,1,0,6,0,0,0,0,0,0,0,0,1,1,0,3,0,0,0,0,0.0,0.0,10.0,12.0,42.0,3.9,0.08333333333333333,0.0,0.0,9.0,11.0,35.1,1.5,0.6111111111111112,0.0,0.0,1.0,15.0,39.4,3.0,0.5625,1.5,23.0,-50.0,0.0,0.0,6,11,4.3,1.0,1498,1482,1036,0.0,0.0,13.0,2.0,37.0,0.0,0.125,0.0,0.0,10.0,10.0,38.6,2.0,0.1875,-1.3,0.2,51.0,-742.0,16.0,12.0,453.0,0.0,0.1111111111111111,0.25,0.0,0.0,0.4899999999999999,0.0
220,202203020303,0,0,0,1,0,0,0,6,0,0,0,0,0,0,0,1,0,0,0,4,0,0,0,0,0,0,0,0,0,0,0,4,0,0,0,0,0.0,0.0,1.0,8.0,42.3,2.3,0.5454545454545454,0.0,0.0,15.0,14.0,39.0,3.4,0.6666666666666666,0.0,0.0,14.0,16.0,40.2,3.6,0.4375,4.0,-12.0,-150.0,0.0,0.23684210526315788,4,7,117.0,14.0,1534,1036,1235,0.0,0.0,7.0,7.0,39.3,2.1,0.4,,,,,,,,-0.1,0.0,51.0,-169.0,16.0,11.0,490.0,0.09090909090909091,-0.06666666666666667,0.1875,-0.06666666666666667,,0.7799999999999997,0.0
221,202203020312,0,0,0,0,2,2,4,17,0,0,0,0,0,0,0,0,1,0,1,5,0,0,0,0,0,0,0,0,0,0,0,2,0,0,0,0,0.0,0.0,14.0,13.0,39.2,2.5,0.14285714285714285,0.0,0.0,11.0,13.0,39.2,1.9,0.14285714285714285,0.0,0.0,6.0,13.0,38.0,2.4,0.07692307692307693,0.0,8.0,-50.0,0.07317073170731707,0.24390243902439024,6,12,11.7,4.0,1270,1263,969,0.0,0.0,13.0,7.0,37.9,0.8,0.06666666666666667,0.0,0.0,11.0,1.0,37.0,0.0,0.0625,-3.0,0.2,52.0,-805.0,16.0,14.0,472.0,0.0,0.07142857142857142,0.07692307692307693,0.0,0.0,0.570000000000001,0.0
222,202203020312,1,2,1,9,0,0,1,0,0,0,1,0,0,2,1,4,0,0,1,0,0,0,1,0,0,0,0,2,0,0,0,0,0,0,0,0,0.0,0.0,30.0,6.0,36.8,1.5,0.3,0.0,0.0,4.0,10.0,38.1,2.0,0.2727272727272727,0.0,0.0,5.0,9.0,37.4,1.3,0.1875,1.5,-2.0,0.0,0.037037037037037035,0.37037037037037035,8,16,9.0,2.0,1095,737,1221,0.0,0.0,8.0,2.0,36.6,0.0,0.13333333333333333,0.0,0.0,13.0,6.0,37.2,0.8,0.5,-0.8,0.2,52.0,-848.0,16.0,10.0,482.0,0.0,0.09090909090909091,0.0,0.0,-0.0625,0.06999999999999887,0.0
223,202203020312,0,1,0,25,0,0,0,2,0,0,0,0,0,0,0,12,0,0,0,2,0,0,0,0,0,0,0,2,0,0,0,1,0,0,0,0,0.0,0.0,2.0,4.0,36.4,0.6,0.42857142857142855,0.0,0.0,2.0,3.0,35.0,0.7,0.46153846153846156,0.0,0.0,2.0,11.0,37.0,1.0,0.4666666666666667,3.5,-2.0,-50.0,0.21428571428571427,0.35714285714285715,3,5,1.4,1.0,1576,1505,1577,0.0,0.0,4.0,3.0,36.8,0.2,0.1875,0.0,0.0,2.0,13.0,37.4,1.9,0.625,1.8,0.4,52.0,-805.0,16.0,14.0,468.0,-0.07142857142857142,0.0,0.0,-0.0625,0.0625,-0.3799999999999997,0.0
224,202203020312,0,0,0,3,0,0,0,1,0,0,0,0,0,0,0,2,0,0,0,0,0,0,0,0,0,0,0,0,0,0,0,0,0,0,0,0,0.0,0.0,13.0,18.0,35.4,3.6,0.2777777777777778,0.0,0.0,3.0,4.0,33.0,0.5,0.5625,0.0,0.0,2.0,2.0,34.3,0.9,0.625,-8.0,0.0,150.0,0.0,0.0,3,6,42.8,8.0,1426,1650,306,0.0,0.0,6.0,9.0,39.7,3.3,0.45454545454545453,0.0,0.0,11.0,6.0,36.3,1.1,0.07142857142857142,-1.9,0.2,52.0,-385.0,16.0,18.0,492.0,,,,0.18181818181818182,0.0,-0.85,0.0
225,202203020312,0,0,0,0,0,0,0,0,0,0,0,0,0,0,0,0,0,0,0,0,0,0,0,0,0,0,0,0,0,0,0,0,0,0,0,0,0.0,0.0,8.0,11.0,44.2,2.9,0.36363636363636365,0.0,0.0,14.0,14.0,37.9,2.7,0.8666666666666667,0.0,0.0,10.0,5.0,36.9,0.5,0.4375,-3.0,-12.0,-350.0,0.09523809523809523,0.19047619047619047,8,15,75.5,10.0,293,464,334,0.0,0.0,10.0,9.0,37.5,1.5,0.9166666666666666,0.0,0.0,6.0,8.0,36.5,0.6,0.625,-1.1,0.0,57.0,-747.0,16.0,11.0,492.0,0.0,-0.06666666666666667,-0.0625,-0.08333333333333333,0.0625,1.5800000000000005,0.0
226,202203020312,1,1,0,1,0,1,0,2,0,0,0,0,1,0,0,0,0,1,0,1,0,0,0,0,0,0,0,0,0,0,0,0,0,0,0,0,0.0,0.0,70.0,60.0,40.4,2.1,0.6,0.0,0.0,120.0,100.0,38.1,1.1,0.3333333333333333,0.0,0.0,90.0,50.0,36.9,0.7,0.6666666666666666,-5.0,-4.0,-150.0,0.0,0.16666666666666666,2,3,124.7,12.0,1317,460,1186,0.0,0.0,110.0,40.0,36.9,0.9,0.625,0.0,0.0,120.0,120.0,36.8,1.1,0.875,6.0,0.0,55.0,-563.0,16.0,10.0,486.0,-0.1,0.13333333333333333,-0.06666666666666667,0.0,0.0,0.8400000000000005,0.0
227,202203020312,0,0,0,0,0,0,0,0,0,0,0,0,0,0,0,0,0,0,0,0,0,0,0,0,0,0,0,0,0,0,0,0,0,0,0,0,0.0,0.0,12.0,9.0,40.1,1.8,0.4166666666666667,0.0,0.0,9.0,15.0,38.5,2.3,0.26666666666666666,0.0,0.0,9.0,7.0,37.2,0.8,0.1875,-1.0,2.0,-250.0,0.05357142857142857,0.23214285714285715,4,8,9.9,3.0,641,118,272,0.0,0.0,2.0,12.0,37.8,1.5,0.6666666666666666,0.0,0.0,5.0,4.0,37.7,0.4,0.375,-1.3,0.0,54.0,-731.0,16.0,12.0,432.0,0.25,-0.06666666666666667,0.0,0.0,0.0,0.55,0.0
228,202203020312,2,1,1,2,2,2,0,9,1,0,0,1,1,0,1,1,1,1,0,6,1,0,0,1,0,0,0,0,0,0,0,1,0,0,0,0,0.0,0.0,80.0,16.0,38.6,3.4,0.8125,0.0,0.0,80.0,6.0,37.3,1.5,0.8333333333333334,0.0,0.0,100.0,3.0,37.8,0.3,0.18181818181818182,-6.5,0.0,-50.0,0.0,0.17647058823529413,6,11,24.5,7.0,1586,1482,1167,0.0,0.0,130.0,11.0,39.7,2.1,0.125,0.0,0.0,60.0,1.0,37.3,0.0,0.06666666666666667,-2.5,0.4,52.0,55.0,16.0,16.0,434.0,0.0,-0.08333333333333333,0.0,0.125,0.0,0.020000000000000285,0.0
229,202203020312,0,0,0,0,0,0,4,15,0,0,0,0,0,0,0,0,0,0,2,9,0,0,0,0,0,0,0,0,0,0,0,3,0,0,0,0,0.0,0.0,15.0,11.0,38.2,1.9,0.875,0.0,0.0,14.0,13.0,38.7,2.3,0.5333333333333333,0.0,0.0,14.0,12.0,36.5,1.4,0.4375,0.5,-6.0,-50.0,0.1206896551724138,0.25862068965517243,2,4,224.4,14.0,1451,1167,1482,0.0,0.0,14.0,9.0,37.3,2.0,0.625,0.0,0.0,15.0,13.0,40.0,1.8,0.375,0.0,0.0,53.0,-731.0,16.0,16.0,472.0,0.0625,0.06666666666666667,-0.0625,0.0,0.0625,-0.21999999999999886,0.0
230,202203020312,0,0,0,3,1,1,2,7,0,0,0,0,0,0,0,1,0,1,1,5,0,0,0,0,0,0,0,0,0,0,0,0,0,0,0,0,0.0,0.0,10.0,3.0,42.9,1.8,0.08333333333333333,0.0,0.0,18.0,15.0,35.5,2.2,0.1111111111111111,0.0,0.0,15.0,16.0,39.9,2.1,0.125,6.5,-1.0,-250.0,0.0,0.08333333333333333,7,14,103.4,11.0,1310,1366,1618,0.0,0.0,13.0,14.0,36.0,1.6,0.6666666666666666,0.0,0.0,11.0,13.0,38.3,1.4,0.0625,1.9,0.2,55.0,-749.0,16.0,12.0,501.0,0.08333333333333333,,0.0,0.0,0.0,0.8700000000000003,0.0
231,202203020312,0,0,0,0,0,0,0,0,0,0,0,0,0,0,0,0,0,0,0,0,0,0,0,0,0,0,0,0,0,0,0,0,0,0,0,0,0.0,0.0,2.0,10.0,39.3,1.6,0.16666666666666666,0.0,0.0,9.0,7.0,38.4,0.3,0.07142857142857142,0.0,0.0,11.0,8.0,37.8,0.9,0.1875,-1.0,-6.0,-50.0,0.3125,0.5,1,1,14.3,5.0,969,324,201,0.0,0.0,9.0,14.0,36.5,1.6,0.13333333333333333,0.0,0.0,5.0,11.0,37.8,1.6,0.7272727272727273,0.9,0.0,57.0,-831.0,16.0,12.0,556.0,0.16666666666666666,0.0,0.0625,0.0,-0.09090909090909091,0.4899999999999999,0.0
232,202203020312,0,1,1,6,0,0,0,2,0,0,0,0,0,1,0,4,0,0,0,1,0,0,0,0,0,0,0,1,0,0,0,0,0,0,0,0,0.0,0.0,8.0,7.0,36.8,0.6,0.75,0.0,0.0,9.0,12.0,36.9,2.4,0.9375,0.0,0.0,10.0,6.0,36.9,0.5,0.6666666666666666,-0.5,26.0,300.0,0.058823529411764705,0.17647058823529413,5,10,72.0,9.0,1333,1186,1294,0.0,0.0,9.0,8.0,37.7,0.9,0.5,0.0,0.0,13.0,4.0,37.2,0.6,0.625,-1.0,0.0,57.0,-245.0,16.0,8.0,488.0,0.25,-0.0625,0.0,-0.125,0.0,-0.16000000000000156,0.0
233,202203020312,1,0,0,5,0,0,0,2,0,0,0,0,0,0,0,3,0,0,0,1,0,0,0,0,0,0,0,0,0,0,0,0,0,0,0,0,0.0,0.0,9.0,11.0,43.9,2.1,0.25,0.0,0.0,9.0,8.0,13.9,5.0,0.2727272727272727,0.0,0.0,13.0,13.0,38.3,2.7,0.5625,1.0,-17.0,-150.0,0.0,0.24324324324324326,1,2,184.6,13.0,1482,1292,1263,0.0,0.0,10.0,12.0,38.4,1.6,0.2,0.0,0.0,10.0,15.0,37.2,2.3,0.0625,1.2,0.0,54.0,-750.0,16.0,12.0,467.0,0.08333333333333333,0.18181818181818182,0.0,0.13333333333333333,0.0,-1.1100000000000008,0.0
234,202203020312,1,0,1,2,1,0,0,1,1,0,0,0,1,0,0,2,1,0,0,1,1,0,0,0,0,0,0,1,0,0,0,0,0,0,0,0,0.0,0.0,5.0,2.0,35.3,0.2,0.4444444444444444,0.0,0.0,12.0,16.0,38.4,2.0,0.75,0.0,0.0,7.0,8.0,37.3,1.5,0.125,3.0,9.0,300.0,0.0,0.2,5,9,21.3,6.0,1020,1380,1576,0.0,0.0,6.0,14.0,37.9,2.8,0.75,0.0,0.0,3.0,10.0,37.9,1.1,0.13333333333333333,1.4,0.2,57.0,-696.0,16.0,9.0,517.0,0.1111111111111111,0.125,0.0,0.0,0.0,-0.4700000000000003,0.0
235,202203020312,0,1,0,3,0,0,0,1,0,0,0,0,0,0,0,1,0,0,0,1,0,0,0,0,0,0,0,1,0,0,0,1,0,0,0,0,0.0,0.0,12.0,11.0,47.1,5.0,0.5,0.0,0.0,11.0,10.0,13.9,5.9,0.45454545454545453,0.0,0.0,12.0,12.0,14.0,6.6,0.9166666666666666,0.5,6.0,-250.0,0.041666666666666664,0.08333333333333333,4,7,318.9,15.0,1447,1225,1721,0.0,0.0,8.0,8.0,13.8,6.0,0.875,0.0,0.0,13.0,13.0,14.1,12.5,1.0,0.2,0.0,54.0,-455.0,16.0,12.0,486.0,0.25,0.36363636363636365,0.08333333333333333,0.125,0.0,6.610000000000001,0.0
236,202203020312,1,0,0,2,0,0,0,0,0,0,0,0,0,0,0,1,0,0,0,0,0,0,0,0,0,0,0,0,0,0,0,0,0,0,0,0,0.0,0.0,100.0,9.0,43.7,4.5,0.7,0.0,0.0,160.0,16.0,38.9,3.6,0.625,0.0,0.0,120.0,11.0,39.9,2.5,0.16666666666666666,1.0,-2.0,-250.0,0.0,0.0,7,13,320.3,16.0,1059,733,1482,0.0,0.0,80.0,11.0,39.2,2.7,0.3076923076923077,0.0,0.0,70.0,8.0,35.6,0.7,0.16666666666666666,-0.7,0.0,55.0,-420.0,16.0,10.0,476.0,0.2,0.0,0.0,0.0,0.16666666666666666,1.5899999999999999,0.0
237,202203020403,0,0,0,2,5,6,7,49,0,0,0,1,0,0,0,0,1,2,1,18,0,0,0,0,0,0,0,0,0,0,1,10,0,0,0,0,0.0,0.0,6.0,11.0,39.1,1.8,0.26666666666666666,0.0,0.0,11.0,7.0,38.2,0.5,0.26666666666666666,0.0,0.0,7.0,9.0,36.9,1.3,0.8125,-1.0,-12.0,-50.0,0.0,0.2,1,1,28.5,7.0,1467,1167,336,0.0,0.0,10.0,13.0,38.7,2.1,0.2,0.0,0.0,4.0,10.0,37.6,2.5,0.8666666666666667,0.4,0.0,52.0,-307.0,16.0,15.0,456.0,0.0,0.0,-0.0625,0.13333333333333333,0.06666666666666667,0.25,0.0
238,202203020403,5,15,5,50,1,1,0,14,0,0,0,0,1,7,2,22,0,1,0,5,0,0,0,0,0,3,0,9,0,1,0,3,0,0,0,0,0.0,0.0,40.0,110.0,42.0,3.2,0.36363636363636365,0.0,0.0,20.0,150.0,45.2,10.6,0.9333333333333333,0.0,0.0,10.0,50.0,37.4,0.4,0.3125,-30.0,14.0,-350.0,0.2,0.36666666666666664,8,15,1.4,1.0,1576,1393,1577,0.0,0.0,10.0,20.0,36.7,0.4,0.13333333333333333,0.0,0.0,10.0,20.0,37.6,0.9,0.2857142857142857,-31.0,0.0,54.0,-508.0,16.0,11.0,478.0,0.2727272727272727,0.0,0.0,0.0,-0.14285714285714285,1.7299999999999998,0.0
239,202203020403,2,0,2,11,0,0,0,0,0,0,0,0,0,0,1,3,0,0,0,0,0,0,0,0,0,0,0,3,0,0,0,0,0,0,0,0,0.0,0.0,2.0,2.0,38.1,0.3,0.2727272727272727,0.0,0.0,2.0,7.0,38.1,1.3,0.3333333333333333,0.0,0.0,2.0,3.0,37.0,0.7,0.13333333333333333,0.5,8.0,-50.0,0.3333333333333333,0.5,2,3,5.8,2.0,1463,472,1167,0.0,0.0,4.0,5.0,36.4,1.1,0.7333333333333333,0.0,0.0,2.0,2.0,36.1,0.1,0.375,-0.2,0.6,56.0,-122.0,16.0,11.0,518.0,0.0,0.13333333333333333,0.0,-0.06666666666666667,-0.125,0.5700000000000003,0.0
240,202203020403,0,0,0,0,0,1,0,7,0,0,0,0,0,0,0,0,0,0,0,2,0,0,0,0,0,0,0,0,0,0,0,1,0,0,0,0,0.0,0.0,5.0,4.0,40.8,1.1,0.8571428571428571,0.0,0.0,5.0,6.0,38.0,1.2,0.3333333333333333,0.0,0.0,3.0,4.0,37.1,1.0,0.3333333333333333,0.0,-5.0,-450.0,0.05405405405405406,0.16216216216216217,3,6,10.2,3.0,1064,1208,1556,0.0,0.0,10.0,4.0,37.3,0.2,0.75,0.0,0.0,10.0,9.0,35.8,0.8,0.38461538461538464,0.8,0.0,56.0,-739.0,16.0,7.0,453.0,0.14285714285714285,-0.06666666666666667,-0.06666666666666667,0.0,0.0,1.0700000000000003,0.0
241,202203020403,0,1,1,14,0,0,0,0,0,0,0,0,0,1,1,4,0,0,0,0,0,0,0,0,0,0,0,2,0,0,0,0,0,0,0,0,0.0,0.0,9.0,9.0,43.3,3.5,0.4166666666666667,0.0,0.0,10.0,12.0,35.4,1.2,0.6666666666666666,0.0,0.0,5.0,5.0,37.2,1.0,0.26666666666666666,-2.0,9.0,-350.0,0.0,0.225,3,5,19.4,5.0,1333,1027,1294,0.0,0.0,10.0,6.0,37.1,1.3,0.125,0.0,0.0,10.0,4.0,39.0,1.5,0.4666666666666667,-1.5999999999999999,0.0,51.0,-184.0,16.0,12.0,451.0,0.3333333333333333,-0.1111111111111111,0.0,0.0,-0.13333333333333333,0.6899999999999992,0.0
242,202203020403,0,0,1,16,3,4,3,31,0,0,0,2,0,0,0,6,2,2,1,17,0,0,0,2,0,0,0,4,1,2,0,9,0,0,0,2,0.0,0.0,7.0,8.0,46.1,6.7,0.125,0.0,0.0,8.0,6.0,37.2,1.3,0.4666666666666667,0.0,0.0,13.0,8.0,37.8,0.8,0.1875,0.0,-6.0,-350.0,0.07142857142857142,0.2857142857142857,4,7,35.2,8.0,1036,1235,1108,0.0,0.0,10.0,10.0,37.6,2.8,0.875,,,,,,,,0.8,0.0,56.0,-736.0,16.0,8.0,434.0,0.875,0.0,0.0,-0.125,,2.4900000000000007,0.0
243,202203020403,0,0,0,5,0,0,0,0,0,0,0,0,0,0,0,2,0,0,0,0,0,0,0,0,0,0,0,1,0,0,0,0,0,0,0,0,0.0,0.0,10.0,3.0,37.5,1.0,0.9166666666666666,0.0,0.0,11.0,3.0,36.2,0.5,0.8,0.0,0.0,8.0,3.0,36.8,0.9,0.4,0.0,21.0,-150.0,0.0,0.0,6,12,15.2,4.0,1507,1557,593,0.0,0.0,4.0,7.0,37.2,1.5,0.6,0.0,0.0,4.0,10.0,35.3,1.6,1.0,1.8,0.6,56.0,-742.0,16.0,12.0,457.0,0.0,-0.06666666666666667,0.0,0.0,0.0,0.3400000000000006,0.0
244,202203020403,1,0,1,2,0,0,0,1,0,0,0,0,1,0,0,1,0,0,0,0,0,0,0,0,1,0,0,0,0,0,0,0,0,0,0,0,0.0,0.0,7.0,6.0,39.3,1.5,0.9166666666666666,0.0,0.0,17.0,7.0,33.2,1.0,1.0,0.0,0.0,14.0,8.0,37.0,1.7,0.8,1.0,-3.0,-350.0,0.0,0.07142857142857142,5,9,308.5,14.0,1733,1335,1428,0.0,0.0,9.0,10.0,35.9,1.9,1.0,0.0,0.0,6.0,14.0,53.5,16.4,0.7857142857142857,1.9,0.0,56.0,-148.0,16.0,12.0,473.0,-0.16666666666666666,,0.0,0.0,0.21428571428571427,-3.1100000000000003,0.0
245,202203020403,0,0,1,16,0,0,0,0,0,0,0,0,0,0,0,6,0,0,0,0,0,0,0,0,0,0,0,4,0,0,0,0,0,0,0,0,0.0,0.0,90.0,6.0,40.8,2.1,0.8181818181818182,0.0,0.0,120.0,9.0,37.1,1.8,0.8,0.0,0.0,120.0,7.0,37.4,1.2,0.5625,0.5,4.0,-450.0,0.0,0.16666666666666666,2,4,180.1,12.0,1036,1536,1108,0.0,0.0,140.0,11.0,36.8,1.2,0.9375,0.0,0.0,100.0,9.0,39.5,2.8,0.6923076923076923,0.8,0.0,53.0,-749.0,16.0,11.0,492.0,-0.09090909090909091,0.0,0.0,0.0,0.15384615384615385,0.28999999999999987,0.0
246,202203020403,2,0,2,11,1,0,0,1,0,0,0,0,0,0,1,3,0,0,0,0,0,0,0,0,0,0,0,3,0,0,0,0,0,0,0,0,0.0,0.0,60.0,50.0,39.6,1.8,0.4,0.0,0.0,90.0,100.0,38.0,1.9,0.3333333333333333,0.0,0.0,110.0,70.0,36.7,1.2,0.5333333333333333,10.0,2.0,-250.0,0.0,0.18181818181818182,6,11,51.3,9.0,1463,1642,1167,0.0,0.0,60.0,60.0,38.4,1.0,0.4666666666666667,0.0,0.0,70.0,40.0,38.5,2.2,0.42857142857142855,-6.0,0.0,56.0,-733.0,16.0,10.0,426.0,0.1,0.06666666666666667,0.06666666666666667,0.0,0.07142857142857142,0.18000000000000044,0.0
247,202203020403,5,15,5,50,0,1,0,16,0,0,0,2,1,7,2,22,0,0,0,5,0,0,0,1,0,3,0,9,0,0,0,1,0,0,0,1,0.0,0.0,30.0,,,,0.125,0.0,0.0,110.0,11.0,37.2,2.3,1.0,0.0,0.0,120.0,11.0,39.0,2.6,0.3125,0.0,18.0,-550.0,0.0,0.03571428571428571,5,10,102.7,11.0,1576,1110,1577,0.0,0.0,100.0,6.0,39.1,1.8,0.3076923076923077,0.0,0.0,150.0,14.0,42.2,4.5,0.8,0.4,0.0,56.0,-364.0,16.0,8.0,528.0,0.5,-0.06666666666666667,-0.125,0.15384615384615385,0.06666666666666667,-1.5100000000000002,0.0
248,202203020403,0,1,0,2,2,2,2,28,0,0,0,0,0,1,0,2,1,1,0,8,0,0,0,0,0,1,0,1,0,1,0,5,0,0,0,0,0.0,0.0,70.0,110.0,41.0,2.8,0.4166666666666667,0.0,0.0,60.0,120.0,38.3,2.3,0.4666666666666667,0.0,0.0,40.0,110.0,38.2,1.7,0.25,0.0,6.0,-150.0,0.0,0.038461538461538464,8,16,23.7,6.0,1270,1345,969,0.0,0.0,110.0,20.0,37.4,0.1,0.5,0.0,0.0,70.0,60.0,37.4,1.2,0.8125,-20.0,0.0,56.0,-742.0,16.0,12.0,486.0,0.3333333333333333,0.06666666666666667,0.0625,0.0,0.0,0.8100000000000002,0.0
249,202203020403,0,0,0,1,0,0,0,2,0,0,0,0,0,0,0,1,0,0,0,0,0,0,0,0,0,0,0,1,0,0,0,0,0,0,0,0,0.0,0.0,5.0,9.0,40.2,2.6,0.6363636363636364,0.0,0.0,12.0,10.0,39.8,2.9,1.0,0.0,0.0,10.0,13.0,38.0,2.4,0.6,2.0,13.0,-150.0,0.03333333333333333,0.36666666666666664,1,2,54.2,10.0,1289,1574,1428,0.0,0.0,6.0,8.0,36.3,1.2,0.8571428571428571,0.0,0.0,11.0,11.0,35.0,1.0,0.1111111111111111,0.2,0.0,56.0,-252.0,16.0,11.0,459.0,0.09090909090909091,-0.21428571428571427,0.06666666666666667,0.07142857142857142,0.0,1.3900000000000006,0.0
250,202203020403,0,0,3,11,0,0,0,6,0,0,0,1,0,0,3,7,0,0,0,3,0,0,0,1,0,0,2,4,0,0,0,2,0,0,0,1,0.0,0.0,,,,,,0.0,0.0,130.0,14.0,38.5,2.8,0.6,0.0,0.0,110.0,13.0,36.5,1.7,0.4375,-1.0,,-250.0,0.11475409836065574,0.2459016393442623,7,14,181.2,13.0,1370,1327,1559,0.0,0.0,150.0,16.0,39.9,3.0,0.875,0.0,0.0,110.0,13.0,38.5,2.5,0.6875,0.0,0.0,52.0,-234.0,16.0,10.0,,,0.06666666666666667,0.125,0.0625,0.125,-0.33999999999999986,0.0
251,202203020403,3,0,0,12,5,6,7,49,0,0,0,1,3,0,0,7,1,2,1,18,0,0,0,1,0,0,0,3,0,0,1,10,0,0,0,1,0.0,0.0,15.0,15.0,39.1,3.9,0.8,0.0,0.0,16.0,16.0,37.0,3.4,1.0,0.0,0.0,17.0,18.0,38.5,3.8,0.8333333333333334,1.5,-8.0,0.0,0.0,0.0,7,13,501.6,15.0,1191,1167,1235,0.0,0.0,16.0,16.0,39.4,2.8,0.9375,0.0,0.0,10.0,15.0,36.0,2.4,0.9375,0.0,0.0,54.0,0.0,16.0,15.0,354.0,0.13333333333333333,0.0,0.0,0.0625,0.0625,0.38000000000000045,0.0
252,202203020403,0,1,0,1,1,1,3,28,0,0,0,0,0,1,0,0,0,0,3,14,0,0,0,0,0,0,0,0,0,0,1,7,0,0,0,0,0.0,0.0,10.0,1.0,38.8,0.0,0.2857142857142857,0.0,0.0,,,,,,0.0,0.0,120.0,14.0,39.4,2.0,0.625,13.0,-4.0,-250.0,,,4,8,,,1401,1221,517,,,,,,,,,,,,,,,13.0,0.5,53.0,-705.0,16.0,7.0,500.0,-0.14285714285714285,,0.0625,,,-0.6000000000000014,0.0
253,202203020412,6,2,6,44,0,1,0,8,0,0,0,0,5,1,3,31,0,1,0,1,0,0,0,0,0,1,1,5,0,0,0,0,0,0,0,0,0.0,0.0,1.0,8.0,39.7,2.6,0.7777777777777778,0.0,0.0,14.0,16.0,38.0,1.8,0.25,0.0,0.0,7.0,10.0,37.0,1.0,0.5714285714285714,1.0,0.0,-50.0,0.29411764705882354,0.47058823529411764,3,6,4.4,2.0,1228,1708,1108,0.0,0.0,12.0,10.0,35.3,1.3,0.9375,0.0,0.0,16.0,7.0,36.4,0.3,0.75,-0.8,0.0,57.0,-781.0,16.0,9.0,510.0,0.0,-0.0625,-0.14285714285714285,-0.0625,0.0,0.9300000000000012,0.0
254,202203020412,2,0,2,11,0,0,0,4,0,0,0,0,0,0,1,3,0,0,0,1,0,0,0,0,0,0,0,0,0,0,0,0,0,0,0,0,0.0,0.0,3.0,3.0,38.4,1.6,0.1,0.0,0.0,15.0,13.0,38.5,1.2,0.375,0.0,0.0,15.0,9.0,37.0,0.9,0.4375,3.0,12.0,-50.0,0.0,0.0,5,9,8.3,4.0,1463,666,1167,0.0,0.0,5.0,13.0,38.0,1.9,0.2,0.0,0.0,7.0,7.0,36.8,1.4,0.3333333333333333,0.8,0.2,57.0,-737.0,16.0,10.0,508.0,0.0,0.125,0.0,0.06666666666666667,0.0,0.3700000000000003,0.0
255,202203020412,1,0,0,4,4,4,8,47,0,0,0,0,0,0,0,2,1,2,3,22,0,0,0,0,0,0,0,0,0,0,0,3,0,0,0,0,0.0,0.0,7.0,7.0,39.3,1.4,0.2,0.0,0.0,12.0,7.0,37.3,0.7,0.25,0.0,0.0,7.0,11.0,37.6,1.8,0.6875,2.0,18.0,-50.0,0.0,0.15789473684210525,6,12,2.8,1.0,1629,1558,1428,0.0,0.0,5.0,4.0,37.2,0.3,0.0625,0.0,0.0,10.0,5.0,37.2,0.3,0.13333333333333333,-0.7,0.0,57.0,-737.0,16.0,10.0,506.0,0.2,-0.0625,-0.0625,0.0,0.0,0.4299999999999983,0.0
256,202203020412,4,6,2,23,0,2,0,6,0,1,0,0,2,2,1,10,0,1,0,0,0,1,0,0,0,0,0,1,0,0,0,0,0,0,0,0,0.0,0.0,40.0,5.0,41.9,1.5,0.36363636363636365,0.0,0.0,160.0,15.0,37.9,2.5,0.3125,0.0,0.0,120.0,11.0,36.6,2.2,0.9166666666666666,3.0,8.0,-450.0,0.034482758620689655,0.3793103448275862,3,5,110.5,15.0,1095,1104,1221,0.0,0.0,80.0,8.0,36.4,1.3,0.9375,0.0,0.0,150.0,7.0,36.1,0.6,0.9375,-0.3,0.0,57.0,-749.0,16.0,11.0,500.0,0.0,0.0,0.0,0.0,-0.0625,1.3099999999999994,0.0
257,202203020412,1,4,3,40,3,5,2,27,0,0,0,2,0,0,0,9,0,1,0,5,0,0,0,0,0,0,0,2,0,1,0,1,0,0,0,0,0.0,0.0,16.0,14.0,38.2,1.9,0.4375,0.0,0.0,16.0,8.0,37.0,1.2,0.625,0.0,0.0,12.0,15.0,38.1,1.8,0.4666666666666667,0.5,2.0,-50.0,0.0,0.04,7,13,50.7,9.0,1183,1618,1558,0.0,0.0,9.0,5.0,36.8,1.1,0.3125,0.0,0.0,16.0,9.0,36.1,0.9,1.0,-1.3,0.0,55.0,-196.0,16.0,16.0,470.0,0.0625,-0.0625,-0.06666666666666667,-0.0625,0.0,0.44000000000000056,0.0
258,202203020412,1,0,1,19,7,4,2,54,0,0,0,2,0,0,0,3,3,1,1,28,0,0,0,0,0,0,0,1,0,1,0,3,0,0,0,0,0.0,0.0,1.0,1.0,39.6,0.0,0.36363636363636365,0.0,0.0,16.0,15.0,37.8,2.6,0.6875,0.0,0.0,16.0,15.0,38.9,3.5,0.5625,7.0,13.0,-150.0,0.20689655172413793,0.3793103448275862,8,15,5.4,3.0,1713,1013,215,0.0,0.0,14.0,9.0,37.2,0.9,0.5,0.0,0.0,12.0,13.0,37.8,1.4,0.3333333333333333,1.8,0.2,57.0,-833.0,16.0,11.0,525.0,-0.18181818181818182,0.125,-0.125,-0.125,0.0,0.42000000000000026,0.0
259,202203020412,0,2,2,20,0,2,0,6,0,0,0,0,0,0,1,7,0,1,0,0,0,0,0,0,0,0,0,3,0,0,0,0,0,0,0,0,0.0,0.0,90.0,10.0,43.6,4.2,0.7,0.0,0.0,90.0,15.0,36.5,1.6,1.0,0.0,0.0,70.0,15.0,37.1,1.2,0.8,2.5,4.0,-450.0,0.11666666666666667,0.25,4,8,22.0,7.0,1393,1104,1263,0.0,0.0,70.0,7.0,35.1,1.4,1.0,0.0,0.0,30.0,5.0,35.7,0.3,0.9230769230769231,-1.8,0.0,57.0,-749.0,16.0,10.0,506.0,-0.1,-0.125,0.13333333333333333,0.0,0.0,1.7199999999999995,0.0
260,202203020412,0,0,1,21,2,1,1,8,0,0,0,1,0,0,1,8,1,0,0,2,0,0,0,1,0,0,0,0,0,0,0,0,0,0,0,0,0.0,0.0,13.0,12.0,37.6,2.3,0.75,0.0,0.0,13.0,8.0,37.0,1.5,0.5,0.0,0.0,14.0,8.0,36.2,1.3,0.4375,-2.0,8.0,-50.0,0.08695652173913043,0.17391304347826086,1,1,73.5,13.0,1489,1331,565,0.0,0.0,15.0,4.0,37.2,0.8,0.6666666666666666,0.0,0.0,12.0,10.0,37.9,1.0,0.375,-0.8,0.0,55.0,-77.0,16.0,16.0,456.0,-0.0625,-0.125,-0.125,0.0,0.0,-0.07999999999999971,0.0
261,202203020412,4,7,1,37,3,0,2,21,0,0,1,0,2,3,0,12,1,0,1,14,0,0,0,0,0,0,0,0,0,0,1,0,0,0,0,0,0.0,0.0,16.0,15.0,39.4,3.7,0.375,0.0,0.0,15.0,12.0,38.1,2.4,0.9333333333333333,0.0,0.0,13.0,16.0,37.8,1.8,0.4375,0.5,-14.0,-250.0,0.017543859649122806,0.10526315789473684,4,7,104.0,14.0,1221,1306,1263,0.0,0.0,6.0,13.0,38.6,1.3,0.7333333333333333,0.0,0.0,15.0,5.0,36.7,0.7,0.5,-1.9,0.0,57.0,-349.0,16.0,16.0,498.0,0.125,-0.06666666666666667,-0.0625,-0.06666666666666667,-0.0625,0.48999999999999916,0.0
262,202203020412,0,0,0,1,0,0,0,0,0,0,0,0,0,0,0,0,0,0,0,0,0,0,0,0,0,0,0,0,0,0,0,0,0,0,0,0,0.0,0.0,12.0,15.0,42.2,5.5,0.2,0.0,0.0,13.0,13.0,38.4,1.5,0.3125,0.0,0.0,12.0,10.0,36.4,1.5,0.75,-2.5,6.0,-550.0,0.0,0.19047619047619047,2,4,62.7,12.0,32,840,664,0.0,0.0,13.0,15.0,40.0,3.1,0.26666666666666666,0.0,0.0,15.0,1.0,37.4,0.0,0.125,-2.6,0.2,55.0,-202.0,16.0,15.0,434.0,0.8,0.125,0.0,0.13333333333333333,0.0,0.8000000000000007,0.0
263,202203020412,3,0,2,10,1,0,0,2,1,0,0,1,1,0,0,5,1,0,0,2,1,0,0,1,0,0,0,0,0,0,0,0,0,0,0,0,0.0,0.0,15.0,9.0,37.5,1.4,0.25,0.0,0.0,15.0,,,,,0.0,0.0,15.0,6.0,37.3,0.7,0.625,-3.0,-2.0,-50.0,0.06896551724137931,0.2413793103448276,7,14,10.9,6.0,1060,97,1186,0.0,0.0,6.0,11.0,37.2,1.5,0.3125,0.0,0.0,15.0,15.0,37.6,2.1,0.625,2.3,0.0,57.0,-231.0,16.0,16.0,452.0,0.0,,-0.0625,0.0625,0.0,-0.020000000000000996,0.0
264,202203020412,3,1,2,30,0,0,0,0,0,0,0,0,0,0,0,2,0,0,0,0,0,0,0,0,0,0,0,1,0,0,0,0,0,0,0,0,0.0,0.0,10.0,11.0,41.4,1.5,0.3333333333333333,0.0,0.0,15.0,9.0,38.0,1.4,0.75,0.0,0.0,12.0,11.0,38.2,2.0,1.0,0.0,-9.0,-150.0,0.05555555555555555,0.16666666666666666,8,16,53.5,10.0,1561,200,1263,0.0,0.0,12.0,6.0,37.0,0.9,0.7857142857142857,0.0,0.0,14.0,8.0,37.6,1.0,0.8666666666666667,-0.9,0.0,57.0,-476.0,16.0,12.0,501.0,0.08333333333333333,-0.0625,-0.1875,-0.07142857142857142,0.0,0.8599999999999994,0.0
265,202203020412,6,2,6,44,7,4,2,54,3,1,0,7,5,1,3,31,3,1,1,28,3,1,0,6,0,1,1,5,0,1,0,3,0,1,0,2,0.0,0.0,,,,,,0.0,0.0,110.0,13.0,37.0,1.8,0.625,0.0,0.0,90.0,13.0,38.5,2.8,0.25,0.0,,-250.0,0.0,0.14285714285714285,5,10,57.8,11.0,1228,1013,1108,0.0,0.0,20.0,11.0,37.4,1.1,0.46153846153846156,0.0,0.0,40.0,13.0,37.5,1.1,0.4375,-0.2,0.0,57.0,-743.0,16.0,9.0,,,0.0,0.0,0.0,0.0,-0.039999999999999855,0.0
266,202203020412,1,1,1,6,0,0,1,6,0,0,0,0,1,0,0,2,0,0,1,1,0,0,0,0,0,0,0,0,0,0,1,0,0,0,0,0,0.0,0.0,50.0,1.0,38.9,0.0,0.9,0.0,0.0,150.0,15.0,40.6,3.5,0.8,0.0,0.0,150.0,15.0,38.0,3.0,0.9375,7.0,4.0,-250.0,0.0,0.23076923076923078,6,11,179.0,16.0,1729,1599,1428,0.0,0.0,160.0,13.0,36.4,2.0,0.9375,0.0,0.0,140.0,9.0,39.7,1.5,0.7857142857142857,1.4,0.2,57.0,-316.0,16.0,10.0,478.0,-0.4,0.13333333333333333,0.0,-0.0625,0.14285714285714285,0.25999999999999945,0.0
267,202203020412,0,3,1,18,4,7,6,72,0,1,0,3,0,1,0,6,2,1,1,19,0,0,0,0,0,0,0,0,0,0,0,5,0,0,0,0,0.0,0.0,,,,,,0.0,0.0,150.0,12.0,36.3,0.9,0.875,0.0,0.0,80.0,15.0,38.0,2.2,0.25,3.0,,-250.0,0.06451612903225806,0.2903225806451613,2,3,45.4,8.0,1383,1263,246,0.0,0.0,130.0,15.0,40.6,3.0,0.0625,0.0,0.0,,,,,,1.5,0.0,57.0,-556.0,16.0,7.0,,,0.0625,0.125,0.0,,-2.150000000000002,0.0
268,202203020412,3,7,4,38,0,0,0,1,0,0,0,0,0,1,0,11,0,0,0,0,0,0,0,0,0,0,0,0,0,0,0,0,0,0,0,0,0.0,0.0,5.0,6.0,38.9,1.6,0.6666666666666666,0.0,0.0,8.0,11.0,41.0,3.6,0.45454545454545453,0.0,0.0,5.0,13.0,37.8,2.1,0.625,3.5,2.0,-250.0,0.3333333333333333,0.5555555555555556,1,2,9.0,5.0,1278,1552,625,0.0,0.0,5.0,16.0,37.4,2.2,0.625,0.0,0.0,1.0,1.0,36.2,0.0,0.25,-0.5,0.2,57.0,-349.0,16.0,9.0,484.0,0.1111111111111111,0.2727272727272727,0.1875,0.0,0.0,0.8999999999999992,0.0
269,202203020506,0,0,2,9,0,0,0,0,0,0,0,0,0,0,1,2,0,0,0,0,0,0,0,0,0,0,0,1,0,0,0,0,0,0,0,0,0.0,0.0,140.0,20.0,40.3,0.6,0.7142857142857143,0.0,0.0,90.0,110.0,39.1,2.3,0.6923076923076923,0.0,0.0,150.0,80.0,38.5,1.3,0.3125,30.0,0.0,-250.0,0.1875,0.40625,8,12,1.9,1.0,1520,1505,695,0.0,0.0,20.0,70.0,39.2,2.1,0.6666666666666666,0.0,0.0,10.0,10.0,36.5,0.0,0.3333333333333333,-6.0,0.0,54.0,-739.0,13.0,14.0,466.0,-0.14285714285714285,0.07692307692307693,0.0625,0.1111111111111111,0.0,0.7499999999999993,0.0
270,202203020506,0,0,0,2,0,0,1,0,0,0,0,0,0,0,0,2,0,0,0,0,0,0,0,0,0,0,0,0,0,0,0,0,0,0,0,0,0.0,0.0,8.0,6.0,38.4,0.9,0.5555555555555556,0.0,0.0,13.0,14.0,38.7,1.6,0.375,0.0,0.0,12.0,13.0,39.3,2.2,0.1875,3.5,24.0,-150.0,0.045454545454545456,0.22727272727272727,7,11,16.2,6.0,1645,1599,1366,0.0,0.0,9.0,10.0,38.1,0.6,0.15384615384615385,0.0,0.0,6.0,10.0,36.2,1.5,0.7272727272727273,0.4,0.0,52.0,-736.0,13.0,9.0,466.0,-0.1111111111111111,0.0625,0.0,-0.07692307692307693,0.0,0.4999999999999993,0.0
271,202203020506,0,1,0,4,0,0,0,2,0,0,0,0,0,0,0,1,0,0,0,1,0,0,0,0,0,0,0,0,0,0,0,0,0,0,0,0,0.0,0.0,4.0,1.0,39.0,0.0,0.5833333333333334,0.0,0.0,11.0,8.0,38.8,2.1,0.5625,0.0,0.0,10.0,10.0,38.8,1.3,0.375,4.5,11.0,-350.0,0.03225806451612903,0.3548387096774194,4,5,13.1,5.0,1403,1721,939,0.0,0.0,4.0,5.0,38.9,1.9,0.4166666666666667,0.0,0.0,3.0,8.0,33.8,0.5,0.5,1.1,0.2,54.0,-739.0,13.0,12.0,439.0,-0.5,0.0625,0.125,0.0,,1.0300000000000005,0.0
272,202203020506,0,0,0,0,2,1,1,2,0,0,0,0,0,0,0,0,1,1,0,1,0,0,0,0,0,0,0,0,0,1,0,0,0,0,0,0,0.0,0.0,1.0,7.0,40.5,1.0,0.4,0.0,0.0,9.0,16.0,40.3,3.6,0.3125,0.0,0.0,5.0,9.0,38.7,2.0,0.375,1.0,-1.0,-50.0,0.07407407407407407,0.14814814814814814,5,7,6.0,2.0,1579,1170,1605,0.0,0.0,10.0,9.0,39.4,2.1,0.1875,0.0,0.0,4.0,8.0,38.6,0.8,0.3333333333333333,-0.5,0.0,51.0,-734.0,13.0,10.0,471.0,-0.2,0.375,0.0,0.0,0.0,0.4699999999999996,0.0
273,202203020506,1,3,0,12,0,0,0,0,0,0,0,0,1,2,0,7,0,0,0,0,0,0,0,0,0,0,0,1,0,0,0,0,0,0,0,0,0.0,0.0,7.0,6.0,36.8,0.6,0.4,0.0,0.0,5.0,7.0,36.5,0.5,0.26666666666666666,0.0,0.0,4.0,9.0,36.1,0.6,0.4375,1.5,-10.0,-50.0,0.07692307692307693,0.23076923076923078,3,3,10.3,4.0,1576,712,1577,0.0,0.0,6.0,3.0,37.7,0.1,0.4375,0.0,0.0,1.0,1.0,35.6,0.0,0.45454545454545453,-1.4,0.4,54.0,-770.0,13.0,15.0,502.0,0.0,-0.06666666666666667,0.0625,0.0,-0.09090909090909091,0.11999999999999886,0.0
274,202203020506,0,0,0,1,0,0,0,0,0,0,0,0,0,0,0,0,0,0,0,0,0,0,0,0,0,0,0,0,0,0,0,0,0,0,0,0,0.0,0.0,9.0,11.0,42.9,5.7,0.45454545454545453,0.0,0.0,12.0,17.0,37.5,2.6,0.3333333333333333,0.0,0.0,11.0,11.0,41.6,3.5,0.06666666666666667,0.0,5.0,-450.0,0.0,0.034482758620689655,6,9,8.3,3.0,1074,1520,1503,0.0,0.0,6.0,8.0,41.0,1.7,0.0625,0.0,0.0,6.0,13.0,37.9,2.3,0.375,-0.5,0.0,54.0,-738.0,13.0,11.0,449.0,0.5454545454545454,0.5555555555555556,0.6666666666666666,0.0,0.25,0.65,0.0
275,202203020506,0,0,0,0,1,0,0,6,0,0,0,0,0,0,0,0,0,0,0,4,0,0,0,0,0,0,0,0,0,0,0,1,0,0,0,0,,,,,,,,,,,,,,,,,,,,,,,,,0.0,0.25,1,1,165.0,11.0,1289,1228,1428,,,,,,,,,,,,,,,,,54.0,,13.0,,,,,,,,,
276,202203020506,0,0,1,1,1,0,1,15,0,0,0,0,0,0,0,0,0,0,0,4,0,0,0,0,0,0,0,0,0,0,0,0,0,0,0,0,0.0,0.0,11.0,5.0,36.3,0.6,0.6875,0.0,0.0,9.0,5.0,37.4,0.6,0.8461538461538461,0.0,0.0,4.0,1.0,37.9,0.0,0.6,-2.0,0.0,-950.0,0.06666666666666667,0.23333333333333334,8,13,23.2,8.0,1094,1167,334,0.0,0.0,6.0,3.0,36.1,0.3,0.4,0.0,0.0,11.0,8.0,37.7,1.0,0.5,0.4,0.4,54.0,-673.0,13.0,16.0,462.0,0.0,0.0,0.2,-0.1,0.35714285714285715,-0.1500000000000014,0.0
277,202203020506,0,0,0,3,4,0,0,9,0,0,0,0,0,0,0,2,2,0,0,7,0,0,0,0,0,0,0,0,1,0,0,0,0,0,0,0,0.0,0.0,10.0,8.0,37.5,1.3,0.4666666666666667,0.0,0.0,12.0,9.0,37.9,0.6,0.1875,0.0,0.0,8.0,6.0,38.2,1.3,0.3076923076923077,-1.0,-6.0,-250.0,0.0,0.06666666666666667,6,8,70.7,10.0,1426,1558,306,0.0,0.0,4.0,1.0,38.1,0.0,0.375,0.0,0.0,5.0,3.0,36.3,1.0,0.5,-1.8,0.4,54.0,-680.0,13.0,15.0,520.0,0.0,0.125,0.15384615384615385,0.0,-0.0625,0.22000000000000028,0.0
278,202203020506,0,0,2,9,0,0,0,0,0,0,0,0,0,0,1,2,0,0,0,0,0,0,0,0,0,0,0,1,0,0,0,0,0,0,0,0,0.0,0.0,9.0,13.0,38.5,1.6,0.6,0.0,0.0,1.0,1.0,38.2,0.0,0.6,0.0,0.0,3.0,2.0,38.2,0.0,0.13333333333333333,-5.5,8.0,-550.0,0.0,0.17391304347826086,7,10,24.2,9.0,1520,1506,695,0.0,0.0,1.0,3.0,38.2,1.0,0.4375,0.0,0.0,1.0,2.0,37.8,0.3,0.7333333333333333,-2.0,0.8,54.0,-714.0,13.0,15.0,464.0,-0.2,-0.26666666666666666,0.0,0.0,-0.2,0.14000000000000057,0.0
279,202203020506,0,0,0,1,0,0,0,0,0,0,0,0,0,0,0,0,0,0,0,0,0,0,0,0,0,0,0,0,0,0,0,0,0,0,0,0,0.0,0.0,9.0,10.0,40.9,3.9,0.3,0.0,0.0,12.0,15.0,33.8,0.9,0.5,0.0,0.0,11.0,7.0,33.6,1.1,0.5625,-1.5,24.0,150.0,0.0,0.0,5,6,168.5,12.0,1343,336,1428,0.0,0.0,14.0,15.0,41.3,5.3,0.125,0.0,0.0,16.0,13.0,35.1,2.4,0.2777777777777778,0.6,0.0,54.0,-717.0,13.0,10.0,450.0,0.2,,,0.0625,,0.4099999999999994,0.0
280,202203020506,0,0,0,2,4,0,0,9,0,0,0,0,0,0,0,2,2,0,0,7,0,0,0,0,0,0,0,0,1,0,0,0,0,0,0,0,0.0,0.0,,,,,,0.0,0.0,150.0,15.0,41.2,6.6,0.8,0.0,0.0,60.0,8.0,39.6,1.7,0.3,-7.0,-2.0,-50.0,0.05128205128205128,0.15384615384615385,4,4,22.3,7.0,1601,1558,239,0.0,0.0,80.0,8.0,37.9,1.5,0.8181818181818182,0.0,0.0,70.0,12.0,37.0,2.1,0.9166666666666666,-0.9,0.0,54.0,-281.0,13.0,15.0,484.0,,0.13333333333333333,0.0,0.0,0.08333333333333333,1.430000000000001,0.0
281,202203020506,0,0,1,0,1,1,3,13,0,0,0,0,0,0,1,0,1,0,1,4,0,0,0,0,0,0,0,0,0,0,0,0,0,0,0,0,0.0,0.0,130.0,15.0,38.5,2.8,0.6,0.0,0.0,90.0,14.0,37.2,1.8,0.625,0.0,0.0,50.0,4.0,37.4,0.7,0.9375,-5.5,-2.0,-250.0,,,2,2,,,1148,1183,1393,0.0,0.0,120.0,7.0,36.3,1.4,0.4375,0.0,0.0,90.0,4.0,35.1,0.7,0.75,-2.9,0.0,54.0,-644.0,13.0,15.0,464.0,0.0,0.0,0.0,0.0,-0.08333333333333333,0.7700000000000002,0.0
282,202203020512,0,0,1,7,0,0,0,0,0,0,0,0,0,0,1,3,0,0,0,0,0,0,0,0,0,0,0,0,0,0,0,0,0,0,0,0,0.0,0.0,140.0,14.0,36.4,1.5,0.1875,0.0,0.0,70.0,6.0,37.7,1.0,0.4,0.0,0.0,10.0,5.0,38.3,0.2,0.3125,-4.5,-16.0,-50.0,0.038461538461538464,0.11538461538461539,3,6,3.4,1.0,1172,836,1556,0.0,0.0,70.0,3.0,38.1,0.8,0.25,0.0,0.0,10.0,1.0,37.6,0.0,0.0625,-2.9,0.4,49.0,49.0,16.0,16.0,420.0,0.0625,-0.13333333333333333,0.0625,-0.125,0.0,-0.2800000000000004,0.0
283,202203020512,0,0,0,4,0,0,1,0,0,0,0,0,0,0,0,1,0,0,0,0,0,0,0,0,0,0,0,1,0,0,0,0,0,0,0,0,0.0,0.0,20.0,1.0,37.4,0.0,0.125,0.0,0.0,10.0,4.0,36.2,0.5,0.2,0.0,0.0,10.0,3.0,38.4,0.1,0.1875,1.0,0.0,-50.0,0.09302325581395349,0.2558139534883721,1,1,3.6,2.0,1009,1561,298,0.0,0.0,10.0,2.0,38.6,0.0,0.25,0.0,0.0,30.0,2.0,37.5,0.8,0.0625,0.0,0.8,52.0,104.0,16.0,16.0,466.0,0.0,-0.06666666666666667,0.0,0.0,0.0,-0.2600000000000001,0.0
284,202203020512,1,1,2,16,0,0,0,1,0,0,0,0,1,0,1,7,0,0,0,0,0,0,0,0,1,0,0,1,0,0,0,0,0,0,0,0,0.0,0.0,2.0,14.0,33.0,0.6,0.4444444444444444,0.0,0.0,2.0,1.0,32.3,0.0,0.6666666666666666,0.0,0.0,4.0,3.0,35.8,0.6,0.4375,-5.5,8.0,150.0,0.1935483870967742,0.3870967741935484,3,5,8.2,4.0,1716,239,1167,0.0,0.0,3.0,8.0,34.5,0.7,0.5625,0.0,0.0,1.0,8.0,36.7,0.3,0.06666666666666667,-0.5000000000000001,0.4,55.0,-91.0,16.0,18.0,448.0,,,-0.0625,0.0,0.0,-0.9600000000000009,0.0
285,202203020512,1,1,2,16,1,1,2,11,1,0,0,0,1,0,1,7,1,0,1,4,1,0,0,0,1,0,0,1,1,0,1,0,1,0,0,0,0.0,0.0,7.0,4.0,37.3,1.1,0.9375,0.0,0.0,16.0,13.0,37.5,2.0,0.875,0.0,0.0,13.0,13.0,38.4,3.1,0.7333333333333333,4.5,18.0,-50.0,0.0,0.21951219512195122,2,4,140.8,13.0,1716,1556,1167,0.0,0.0,13.0,4.0,35.8,0.7,0.5,0.0,0.0,14.0,15.0,36.2,1.5,0.875,1.3,0.0,52.0,-724.0,16.0,16.0,432.0,-0.125,0.125,0.06666666666666667,-0.125,0.0,0.3899999999999991,0.0
286,202203020512,1,1,1,4,0,1,0,1,0,1,0,1,0,1,0,1,0,1,0,0,0,1,0,0,0,0,0,0,0,0,0,0,0,0,0,0,0.0,0.0,12.0,11.0,38.3,1.5,0.1875,0.0,0.0,7.0,6.0,36.4,0.8,0.23076923076923078,0.0,0.0,10.0,6.0,37.4,1.3,0.7142857142857143,-2.5,6.0,-50.0,0.08333333333333333,0.16666666666666666,7,13,48.2,9.0,1348,1083,1221,0.0,0.0,9.0,5.0,36.5,0.8,0.125,0.0,0.0,10.0,15.0,38.9,2.3,0.3125,0.7,0.0,57.0,-246.0,16.0,16.0,498.0,-0.0625,0.0,0.07142857142857142,0.0,0.125,-0.13000000000000042,0.0
287,202203020512,1,1,2,16,1,0,4,5,0,0,0,0,1,0,1,7,0,0,3,1,0,0,0,0,1,0,0,1,0,0,0,0,0,0,0,0,0.0,0.0,4.0,14.0,36.1,1.9,0.9285714285714286,0.0,0.0,5.0,11.0,38.8,1.1,0.125,0.0,0.0,3.0,6.0,36.7,1.2,0.25,-4.0,-8.0,150.0,0.017241379310344827,0.10344827586206896,5,10,4.1,3.0,1716,1235,1167,0.0,0.0,1.0,5.0,37.8,0.4,0.0625,0.0,0.0,4.0,1.0,38.1,0.0,0.06666666666666667,-3.1999999999999997,0.2,55.0,-218.0,16.0,14.0,470.0,0.0,0.0,0.0,0.0,0.0,-0.3,0.0
288,202203020512,0,0,0,8,0,1,0,0,0,0,0,0,0,0,0,2,0,0,0,0,0,0,0,0,0,0,0,0,0,0,0,0,0,0,0,0,0.0,0.0,14.0,13.0,37.6,1.6,0.75,0.0,0.0,11.0,10.0,37.2,1.8,0.25,0.0,0.0,8.0,5.0,37.5,0.6,0.5625,-4.0,-2.0,-450.0,0.0,0.14285714285714285,4,7,66.8,10.0,1431,1541,1428,0.0,0.0,15.0,4.0,36.5,0.4,0.75,0.0,0.0,15.0,10.0,37.9,0.9,0.9333333333333333,-1.2,0.0,55.0,-315.0,16.0,16.0,438.0,0.0625,-0.0625,0.0,-0.25,0.0,0.010000000000000852,0.0
289,202203020512,1,0,0,2,0,0,0,0,0,0,0,0,1,0,0,2,0,0,0,0,0,0,0,0,0,0,0,0,0,0,0,0,0,0,0,0,0.0,0.0,5.0,2.0,35.3,0.2,0.4444444444444444,0.0,0.0,12.0,16.0,38.4,2.0,0.75,0.0,0.0,7.0,8.0,37.3,1.5,0.125,3.0,9.0,300.0,0.0,0.2857142857142857,6,12,21.3,7.0,1020,1380,1576,0.0,0.0,6.0,14.0,37.9,2.8,0.75,0.0,0.0,3.0,10.0,37.9,1.1,0.13333333333333333,1.4,0.2,57.0,-689.0,16.0,9.0,517.0,0.1111111111111111,0.125,0.0,0.0,0.0,-0.4700000000000003,0.0
290,202203020512,1,0,0,2,0,0,0,2,0,0,0,0,1,0,0,2,0,0,0,0,0,0,0,0,0,0,0,0,0,0,0,0,0,0,0,0,0.0,0.0,40.0,2.0,38.4,0.1,0.42857142857142855,0.0,0.0,160.0,13.0,37.6,1.8,0.6875,0.0,0.0,160.0,15.0,38.9,2.8,0.3125,6.5,-6.0,-350.0,0.0,0.037037037037037035,1,2,163.7,14.0,1020,1511,1576,0.0,0.0,150.0,11.0,38.4,1.8,0.2,0.0,0.0,130.0,12.0,38.2,1.7,0.6923076923076923,1.8,0.2,55.0,-737.0,16.0,7.0,472.0,-0.2857142857142857,0.0,0.0,0.0,0.07692307692307693,-0.04000000000000057,0.0
291,202203020512,1,1,2,16,0,0,0,1,0,0,0,0,1,0,1,7,0,0,0,0,0,0,0,0,1,0,0,1,0,0,0,0,0,0,0,0,0.0,0.0,80.0,9.0,42.8,4.0,0.8,0.0,0.0,120.0,10.0,37.0,1.9,0.5,0.0,0.0,110.0,8.0,37.1,1.0,0.8333333333333334,-0.5,37.0,-250.0,0.03125,0.1875,8,15,114.8,12.0,1716,1522,1167,0.0,0.0,150.0,17.0,37.4,3.0,0.1111111111111111,0.0,0.0,150.0,15.0,38.8,2.3,0.5625,1.9,0.0,57.0,-595.0,16.0,10.0,519.0,0.1,0.0625,0.0,0.2222222222222222,-0.0625,0.7600000000000001,0.0
292,202203020512,0,0,0,5,0,0,0,0,0,0,0,0,0,0,0,4,0,0,0,0,0,0,0,0,0,0,0,2,0,0,0,0,0,0,0,0,0.0,0.0,6.0,,,,0.3333333333333333,0.0,0.0,15.0,11.0,36.5,2.0,0.8125,0.0,0.0,12.0,11.0,37.3,1.0,0.6875,0.0,16.0,-450.0,0.0,0.0,6,11,172.0,15.0,1571,1033,1108,0.0,0.0,13.0,17.0,35.3,1.6,0.8333333333333334,0.0,0.0,11.0,11.0,34.8,1.2,0.6428571428571429,0.6,0.0,57.0,-168.0,16.0,9.0,492.0,0.0,0.0,-0.0625,-0.1111111111111111,0.07142857142857142,0.7100000000000009,0.0
293,202203020512,0,0,0,2,0,0,0,2,0,0,0,0,0,0,0,0,0,0,0,1,0,0,0,0,0,0,0,0,0,0,0,0,0,0,0,0,0.0,0.0,40.0,3.0,39.2,1.3,0.45454545454545453,0.0,0.0,60.0,12.0,36.9,2.1,0.6875,0.0,0.0,110.0,11.0,36.1,0.6,0.7857142857142857,4.0,13.0,-350.0,0.125,0.125,5,9,20.9,6.0,1441,1014,1167,0.0,0.0,50.0,8.0,37.3,0.9,0.5384615384615384,0.0,0.0,20.0,4.0,36.5,0.3,0.42857142857142855,-0.2,0.2,57.0,-728.0,16.0,11.0,465.0,-0.2727272727272727,0.0,0.0,-0.07692307692307693,-0.14285714285714285,0.5000000000000007,0.0
294,202203020512,0,0,0,2,0,1,0,6,0,0,0,0,0,0,0,2,0,1,0,2,0,0,0,0,0,0,0,0,0,0,0,0,0,0,0,0,0.0,0.0,50.0,9.0,41.8,2.2,0.09090909090909091,0.0,0.0,160.0,13.0,37.2,2.4,0.6875,0.0,0.0,100.0,11.0,39.4,1.8,0.3076923076923077,1.0,23.0,-150.0,0.0,0.0,4,8,225.5,16.0,1715,1345,770,0.0,0.0,110.0,11.0,37.4,1.2,0.8125,0.0,0.0,120.0,10.0,35.7,0.9,0.7857142857142857,0.0,0.0,54.0,-210.0,16.0,11.0,533.0,0.2727272727272727,0.0,0.07692307692307693,0.0,0.07142857142857142,1.1999999999999993,0.0
295,202203020512,1,0,0,4,0,0,0,2,0,0,0,0,1,0,0,1,0,0,0,1,0,0,0,0,0,0,0,0,0,0,0,0,0,0,0,0,0.0,0.0,20.0,1.0,38.7,0.0,0.4,0.0,0.0,80.0,14.0,35.7,2.7,1.0,0.0,0.0,70.0,12.0,36.2,1.6,1.0,5.5,-9.0,-150.0,0.06779661016949153,0.23728813559322035,2,3,26.9,8.0,1095,1014,1221,0.0,0.0,20.0,8.0,37.2,0.9,0.7333333333333333,0.0,0.0,40.0,4.0,37.7,0.2,0.8125,0.0,0.2,57.0,-498.0,16.0,10.0,487.0,-0.2,0.0,0.0,0.0,0.0,0.05,0.0
296,202203020512,0,0,2,9,0,1,0,6,0,0,0,0,0,0,1,2,0,1,0,2,0,0,0,0,0,0,0,0,0,0,0,0,0,0,0,0,0.0,0.0,70.0,9.0,41.7,3.3,0.2,0.0,0.0,50.0,15.0,36.9,3.3,0.9375,0.0,0.0,,,,,,6.0,10.0,-250.0,0.047619047619047616,0.23809523809523808,8,16,8.7,5.0,1520,1345,695,0.0,0.0,60.0,16.0,40.1,4.5,0.75,0.0,0.0,20.0,1.0,35.8,0.0,0.125,-2.3,0.25,52.0,-475.0,16.0,10.0,516.0,0.7,0.0,,0.1875,0.0,1.4500000000000015,0.0
297,202203020512,0,1,1,3,0,0,0,0,0,0,0,0,0,0,0,0,0,0,0,0,0,0,0,0,0,0,0,0,0,0,0,0,0,0,0,0,0.0,0.0,6.0,5.0,38.1,1.7,0.7777777777777778,0.0,0.0,15.0,16.0,36.0,3.3,1.0,0.0,0.0,11.0,16.0,40.1,4.7,0.3125,5.5,12.0,150.0,0.05263157894736842,0.15789473684210525,7,14,81.7,11.0,1503,516,1263,0.0,0.0,12.0,12.0,35.6,2.0,0.875,0.0,0.0,9.0,12.0,39.7,2.6,0.5714285714285714,1.0,0.0,55.0,-738.0,16.0,9.0,438.0,0.0,0.0,0.1875,0.0625,0.07142857142857142,-0.2800000000000004,0.0
298,202203020601,0,0,0,0,0,0,0,2,0,0,0,0,0,0,0,0,0,0,0,2,0,0,0,0,0,0,0,0,0,0,0,1,0,0,0,0,0.0,0.0,10.0,2.0,37.7,0.5,0.3125,,,,,,,,,,,,,,,,,-250.0,0.0,0.2222222222222222,8,10,4.7,4.0,32,910,664,,,,,,,,,,,,,,,,1.0,54.0,28.0,10.0,16.0,464.0,0.0,,,,,,
299,202203020601,0,0,0,3,0,1,0,6,0,0,0,0,0,0,0,2,0,1,0,2,0,0,0,0,0,0,0,2,0,0,0,0,0,0,0,0,0.0,0.0,150.0,14.0,38.0,2.1,0.875,0.0,0.0,14.0,14.0,38.0,3.1,1.0,0.0,0.0,9.0,8.0,39.4,1.7,0.6666666666666666,-3.0,0.0,-450.0,0.21212121212121213,0.42424242424242425,8,9,3.4,2.0,1426,1345,306,0.0,0.0,10.0,16.0,40.7,6.8,0.9375,0.0,0.0,9.0,12.0,35.3,1.8,0.625,-0.2,0.0,54.0,-853.0,10.0,16.0,442.0,0.0,0.0,0.0,0.0625,0.0,0.2700000000000003,0.0
300,202203020601,1,0,0,4,0,0,0,1,0,0,0,0,1,0,0,1,0,0,0,1,0,0,0,0,1,0,0,1,0,0,0,0,0,0,0,0,0.0,0.0,80.0,5.0,37.4,1.2,0.5833333333333334,,,,,,,,,,,,,,,,,0.0,0.0,0.03571428571428571,4,4,72.3,7.0,1095,1574,1221,,,,,,,,,,,,,,,,0.0,54.0,15.0,10.0,12.0,422.0,-0.08333333333333333,,,,,,
301,202203020601,0,0,0,0,0,0,0,0,0,0,0,0,0,0,0,0,0,0,0,0,0,0,0,0,0,0,0,0,0,0,0,0,0,0,0,0,0.0,0.0,17.0,18.0,33.9,2.4,0.8888888888888888,0.0,0.0,15.0,16.0,32.7,1.1,0.9444444444444444,0.0,0.0,12.0,9.0,33.9,0.7,0.4166666666666667,-4.5,10.0,150.0,0.0625,0.28125,2,2,28.7,6.0,1485,1520,1665,0.0,0.0,13.0,8.0,32.3,0.4,0.9375,0.0,0.0,14.0,12.0,35.8,1.3,0.4,-2.0,0.0,54.0,-818.0,10.0,18.0,476.0,,,-0.08333333333333333,,0.0,-0.33999999999999914,0.0
302,202203020601,0,0,0,0,0,0,0,0,0,0,0,0,0,0,0,0,0,0,0,0,0,0,0,0,0,0,0,0,0,0,0,0,0,0,0,0,0.0,0.0,8.0,7.0,37.4,0.7,0.3125,0.0,0.0,6.0,6.0,35.8,1.7,0.7857142857142857,0.0,0.0,10.0,15.0,39.8,2.7,0.5,4.0,-2.0,0.0,0.06557377049180328,0.22950819672131148,6,6,3.9,3.0,599,1520,324,0.0,0.0,5.0,1.0,35.8,0.0,0.16666666666666666,0.0,0.0,5.0,4.0,36.5,1.2,0.4166666666666667,-1.1,0.2,54.0,-629.0,10.0,16.0,452.0,0.0,0.0,-0.0625,0.0,-0.08333333333333333,0.17999999999999972,0.0
303,202203020601,0,0,0,0,0,0,0,0,0,0,0,0,0,0,0,0,0,0,0,0,0,0,0,0,0,0,0,0,0,0,0,0,0,0,0,0,0.0,0.0,4.0,4.0,36.5,0.8,0.5,0.0,0.0,15.0,10.0,37.6,1.7,0.8,0.0,0.0,15.0,14.0,39.9,4.2,0.6875,5.0,32.0,150.0,0.0,0.21428571428571427,3,3,130.4,9.0,1672,1734,1167,0.0,0.0,9.0,6.0,36.6,1.2,0.8,0.0,0.0,6.0,5.0,35.1,1.1,0.8571428571428571,-0.2,0.0,51.0,-723.0,10.0,8.0,494.0,0.0,0.0,0.0625,0.0,0.0,0.3799999999999997,0.0
304,202203020601,0,0,0,0,0,0,0,2,0,0,0,0,0,0,0,0,0,0,0,0,0,0,0,0,0,0,0,0,0,0,0,0,0,0,0,0,0.0,0.0,15.0,15.0,38.1,2.7,0.8125,0.0,0.0,7.0,11.0,36.8,2.4,0.75,0.0,0.0,16.0,17.0,34.8,3.0,0.2777777777777778,1.0,-20.0,-50.0,0.043478260869565216,0.2608695652173913,7,8,3.1,1.0,1579,1553,1605,0.0,0.0,15.0,15.0,36.8,1.6,0.75,0.0,0.0,13.0,13.0,38.2,3.0,0.875,0.0,0.0,52.0,-637.0,10.0,16.0,468.0,0.1875,-0.08333333333333333,,0.0625,0.0,-0.020000000000000285,0.0
305,202203020601,0,0,1,7,0,0,0,2,0,0,0,0,0,0,1,3,0,0,0,1,0,0,0,0,0,0,0,0,0,0,0,0,0,0,0,0,0.0,0.0,40.0,5.0,40.2,1.1,0.45454545454545453,0.0,0.0,160.0,10.0,38.5,1.5,0.3125,0.0,0.0,140.0,10.0,36.3,1.2,0.8,2.5,1.0,-80.0,0.0,0.0,5,5,17.1,5.0,1172,1108,1556,0.0,0.0,150.0,12.0,37.2,1.5,0.6875,0.0,0.0,110.0,12.0,37.9,1.9,0.4375,1.6,0.0,51.0,-829.0,10.0,11.0,455.0,-0.09090909090909091,-0.0625,0.0,0.0,0.125,0.5900000000000005,0.0
306,202203020601,0,0,0,1,2,0,0,6,0,0,0,0,0,0,0,1,0,0,0,1,0,0,0,0,0,0,0,1,0,0,0,0,0,0,0,0,0.0,0.0,15.0,11.0,34.7,1.1,0.2222222222222222,0.0,0.0,13.0,11.0,38.5,3.2,0.9230769230769231,0.0,0.0,8.0,9.0,37.4,2.2,0.9,-1.0,-6.0,150.0,0.09090909090909091,0.2727272727272727,7,7,93.1,8.0,1521,1618,1313,0.0,0.0,6.0,8.0,39.8,2.8,0.3333333333333333,,,,,,,,-1.1,0.0,54.0,-42.0,10.0,18.0,484.0,,0.0,0.0,0.0,,-1.4199999999999982,0.0
307,202203020601,0,0,0,0,1,1,2,11,0,0,0,0,0,0,0,0,1,0,1,4,0,0,0,0,0,0,0,0,0,0,0,0,0,0,0,0,0.0,0.0,7.0,6.0,42.5,3.1,0.8571428571428571,0.0,0.0,10.0,10.0,39.5,4.3,0.9,0.0,0.0,9.0,10.0,39.1,3.5,0.8333333333333334,2.0,22.0,-250.0,0.01694915254237288,0.1016949152542373,1,1,281.4,10.0,1658,1556,1167,,,,,,,,,,,,,,,2.0,0.0,54.0,-208.0,10.0,7.0,440.0,-0.14285714285714285,0.0,-0.08333333333333333,,,1.6999999999999993,0.0
308,202203020604,0,0,0,4,1,0,1,15,0,0,0,0,0,0,0,4,0,0,0,4,0,0,0,0,0,0,0,3,0,0,0,2,0,0,0,0,0.0,0.0,11.0,15.0,38.6,1.7,0.0625,0.0,0.0,6.0,11.0,35.3,0.6,0.125,0.0,0.0,13.0,16.0,35.6,2.2,0.125,0.5,-4.0,-50.0,0.3157894736842105,0.5263157894736842,5,9,3.3,1.0,1333,1167,1294,0.0,0.0,2.0,12.0,33.3,1.0,0.35294117647058826,0.0,0.0,4.0,1.0,35.0,0.0,0.07692307692307693,-2.7,0.2,54.0,-529.0,16.0,16.0,490.0,0.0625,0.0,0.1875,,0.0,0.9200000000000003,0.0
309,202203020604,0,0,0,3,0,0,1,2,0,0,0,0,0,0,0,2,0,0,0,1,0,0,0,0,0,0,0,2,0,0,0,0,0,0,0,0,0.0,0.0,5.0,7.0,38.9,1.5,0.18181818181818182,0.0,0.0,7.0,13.0,41.0,2.9,0.3125,0.0,0.0,2.0,13.0,39.8,2.4,0.125,3.0,-6.0,-50.0,0.030303030303030304,0.18181818181818182,1,1,3.7,2.0,1426,1551,306,0.0,0.0,3.0,2.0,37.1,0.0,0.23076923076923078,0.0,0.0,12.0,4.0,37.0,0.4,0.125,-1.7,0.2,54.0,-651.0,16.0,11.0,518.0,0.0,0.0,0.125,0.0,0.0,0.7699999999999996,0.0
310,202203020604,0,0,0,0,1,1,2,11,0,0,0,0,0,0,0,0,1,0,1,4,0,0,0,0,0,0,0,0,0,0,0,0,0,0,0,0,0.0,0.0,40.0,3.0,38.5,0.2,0.0625,0.0,0.0,30.0,4.0,38.4,1.1,0.1875,0.0,0.0,50.0,2.0,39.0,1.5,0.0625,-0.5,2.0,-250.0,0.06451612903225806,0.22580645161290322,5,10,6.5,3.0,1534,1556,1235,0.0,0.0,60.0,7.0,42.7,4.1,0.36363636363636365,,,,,,,,1.0,0.5,54.0,70.0,16.0,16.0,474.0,0.0,0.0,0.0,0.0,,-1.320000000000001,0.0
311,202203020604,1,0,1,3,0,0,0,0,0,0,0,0,0,0,0,1,0,0,0,0,0,0,0,0,0,0,0,0,0,0,0,0,0,0,0,0,0.0,0.0,9.0,11.0,41.7,4.0,1.0,0.0,0.0,6.0,10.0,38.0,1.2,0.26666666666666666,0.0,0.0,4.0,4.0,36.7,0.9,0.25,-3.5,15.0,-150.0,0.08888888888888889,0.26666666666666666,8,15,7.3,4.0,1561,1278,1263,0.0,0.0,5.0,3.0,37.6,0.3,0.3125,0.0,0.0,4.0,8.0,38.6,1.7,0.4375,-1.2999999999999998,0.2,54.0,-560.0,16.0,11.0,463.0,0.0,-0.06666666666666667,0.0625,-0.0625,0.0625,0.6600000000000001,0.0
312,202203020604,0,0,0,2,0,1,0,10,0,0,0,0,0,0,0,2,0,0,0,1,0,0,0,0,0,0,0,1,0,0,0,0,0,0,0,0,0.0,0.0,10.0,3.0,40.9,0.6,0.08333333333333333,0.0,0.0,80.0,9.0,37.6,1.4,0.6666666666666666,0.0,0.0,90.0,5.0,36.5,1.0,0.4375,1.0,-6.0,-600.0,0.016666666666666666,0.1,4,7,119.5,9.0,1401,1428,517,0.0,0.0,90.0,7.0,36.3,1.4,0.8125,0.0,0.0,60.0,15.0,38.1,1.4,0.375,2.2,0.2,56.0,-741.0,16.0,12.0,458.0,0.0,0.06666666666666667,0.0625,-0.0625,0.125,0.6899999999999998,0.0
313,202203020604,0,0,0,0,0,0,1,2,0,0,0,0,0,0,0,0,0,0,0,0,0,0,0,0,0,0,0,0,0,0,0,0,0,0,0,0,0.0,0.0,6.0,9.0,39.8,1.5,1.0,0.0,0.0,14.0,11.0,37.4,1.0,1.0,0.0,0.0,9.0,14.0,37.8,1.6,0.8666666666666667,2.5,11.0,-250.0,0.0,0.0,6,12,347.7,15.0,1204,1039,1221,0.0,0.0,9.0,4.0,36.7,0.6,0.7142857142857143,0.0,0.0,16.0,9.0,37.1,1.2,0.5625,-0.7,0.0,51.0,-526.0,16.0,11.0,463.0,0.0,0.0,0.0,0.0,0.125,0.6099999999999988,0.0
314,202203020604,0,0,0,3,0,0,0,0,0,0,0,0,0,0,0,2,0,0,0,0,0,0,0,0,0,0,0,2,0,0,0,0,0,0,0,0,0.0,0.0,5.0,6.0,37.7,0.8,0.75,0.0,0.0,5.0,7.0,35.7,1.0,0.8125,0.0,0.0,1.0,6.0,38.2,0.6,0.6875,0.0,7.0,-50.0,0.06060606060606061,0.2727272727272727,4,8,7.8,5.0,1426,1027,306,0.0,0.0,4.0,2.0,35.8,0.4,0.4375,0.0,0.0,5.0,3.0,36.7,0.9,0.625,-1.1,0.4,54.0,-724.0,16.0,16.0,475.0,0.0,-0.0625,-0.1875,-0.0625,0.0625,0.19000000000000056,0.0
315,202203020604,1,1,2,16,0,0,0,1,0,0,0,0,1,0,1,7,0,0,0,1,0,0,0,0,0,0,0,1,0,0,0,0,0,0,0,0,0.0,0.0,1.0,1.0,38.7,0.0,0.5454545454545454,0.0,0.0,14.0,8.0,36.9,1.1,0.25,0.0,0.0,10.0,11.0,38.3,0.9,0.6875,5.0,12.0,-50.0,0.0,0.0625,2,4,186.7,14.0,1716,548,1167,0.0,0.0,8.0,7.0,38.4,1.7,0.3333333333333333,0.0,0.0,5.0,4.0,37.3,0.8,0.5333333333333333,0.5000000000000002,0.2,54.0,-464.0,16.0,11.0,466.0,-0.2727272727272727,0.0,0.0625,0.0,0.0,0.13000000000000114,0.0
316,202203020604,0,0,0,0,0,0,0,0,0,0,0,0,0,0,0,0,0,0,0,0,0,0,0,0,0,0,0,0,0,0,0,0,0,0,0,0,0.0,0.0,,,,,,0.0,0.0,160.0,18.0,38.6,3.8,0.2777777777777778,0.0,0.0,80.0,9.0,36.5,1.3,0.625,-9.0,,-150.0,0.03125,0.375,7,14,34.1,8.0,1243,1487,1428,0.0,0.0,80.0,9.0,36.8,1.5,0.5,0.0,0.0,120.0,8.0,38.5,0.9,0.6,-3.0,0.0,56.0,-356.0,16.0,9.0,,,0.05555555555555555,0.0,0.0625,-0.06666666666666667,7.105427357601002e-16,0.0
317,202203020604,2,1,1,6,1,0,0,6,1,0,0,1,0,1,0,4,0,0,0,4,0,0,0,1,0,0,0,2,0,0,0,1,0,0,0,0,0.0,0.0,20.0,2.0,38.8,0.0,0.7,0.0,0.0,110.0,9.0,39.7,1.6,0.7857142857142857,0.0,0.0,130.0,10.0,35.7,1.3,0.875,4.0,10.0,-250.0,0.041666666666666664,0.25,1,2,183.7,13.0,1278,1228,625,0.0,0.0,100.0,8.0,41.2,1.5,0.6428571428571429,0.0,0.0,120.0,10.0,37.3,1.6,0.9375,1.4999999999999998,0.2,54.0,-735.0,16.0,10.0,490.0,-0.1,0.07142857142857142,-0.125,-0.07142857142857142,-0.0625,0.15,0.0
318,202203020604,0,0,0,0,0,0,0,4,0,0,0,0,0,0,0,0,0,0,0,1,0,0,0,0,0,0,0,0,0,0,0,0,0,0,0,0,0.0,0.0,6.0,12.0,44.1,3.1,0.5714285714285714,0.0,0.0,10.0,14.0,37.0,1.7,0.05555555555555555,0.0,0.0,6.0,11.0,37.1,1.4,0.25,-0.5,16.0,-450.0,0.3157894736842105,0.5263157894736842,3,6,9.9,6.0,1586,1328,1167,0.0,0.0,2.0,10.0,39.7,1.9,0.125,0.0,0.0,5.0,6.0,36.5,0.6,0.3125,-1.6,0.0,56.0,-197.0,16.0,14.0,486.0,0.14285714285714285,0.0,0.0625,0.0,-0.0625,1.25,0.0
319,202203020604,0,0,1,7,0,0,1,2,0,0,0,0,0,0,1,3,0,0,0,0,0,0,0,0,0,0,0,0,0,0,0,0,0,0,0,0,0.0,0.0,2.0,2.0,41.1,0.1,0.38461538461538464,0.0,0.0,7.0,12.0,37.1,1.6,0.4375,0.0,0.0,3.0,5.0,38.3,0.6,0.125,1.5,13.0,-450.0,0.07142857142857142,0.14285714285714285,2,3,10.7,7.0,1172,1039,1556,0.0,0.0,8.0,5.0,37.5,0.6,0.4375,0.0,0.0,2.0,8.0,38.4,1.2,0.4375,0.5,0.2,53.0,-529.0,16.0,13.0,479.0,-0.15384615384615385,0.0,0.0,0.0,0.0,0.5000000000000007,0.0
320,202203020604,1,1,2,16,0,1,0,10,0,0,0,1,1,0,1,7,0,0,0,1,0,0,0,1,0,0,0,1,0,0,0,0,0,0,0,0,0.0,0.0,10.0,13.0,36.9,2.0,0.75,0.0,0.0,11.0,12.0,37.2,1.7,0.6875,0.0,0.0,9.0,10.0,38.9,2.3,0.625,-1.5,0.0,0.0,0.0,0.16666666666666666,6,11,130.3,10.0,1716,1428,1167,0.0,0.0,7.0,9.0,35.1,1.5,0.6111111111111112,0.0,0.0,3.0,7.0,34.6,1.0,0.2,-1.5,0.0,54.0,0.0,16.0,16.0,430.0,0.125,0.0625,0.125,0.0,0.0,0.6699999999999996,0.0
321,202203020604,0,0,0,0,0,0,0,0,0,0,0,0,0,0,0,0,0,0,0,0,0,0,0,0,0,0,0,0,0,0,0,0,0,0,0,0,0.0,0.0,14.0,9.0,39.4,1.2,0.9375,0.0,0.0,11.0,14.0,37.4,2.1,0.625,0.0,0.0,9.0,9.0,35.9,1.7,0.9166666666666666,0.0,19.0,-50.0,0.0,0.20930232558139536,8,16,158.9,11.0,1446,1317,75,0.0,0.0,5.0,7.0,38.0,1.1,0.8666666666666667,0.0,0.0,11.0,4.0,38.1,0.7,0.6666666666666666,-1.7,0.0,53.0,-725.0,16.0,16.0,465.0,0.0,0.0,-0.08333333333333333,-0.06666666666666667,-0.13333333333333333,0.1999999999999993,0.0
322,202203020604,0,0,0,1,0,0,0,1,0,0,0,0,0,0,0,0,0,0,0,0,0,0,0,0,0,0,0,0,0,0,0,0,0,0,0,0,0.0,0.0,80.0,70.0,38.9,2.2,0.9,0.0,0.0,140.0,100.0,38.9,1.5,0.4666666666666667,0.0,0.0,120.0,150.0,36.1,2.3,0.9375,40.0,18.0,-250.0,0.0,0.03333333333333333,7,13,177.8,12.0,1343,257,1428,0.0,0.0,120.0,100.0,38.0,1.0,0.6875,0.0,0.0,90.0,90.0,37.6,3.3,0.8125,4.0,0.0,56.0,-726.0,16.0,10.0,492.0,0.0,0.13333333333333333,0.0,-0.0625,0.125,0.3499999999999993,0.0
323,202203020604,0,0,0,0,0,0,0,7,0,0,0,0,0,0,0,0,0,0,0,4,0,0,0,0,0,0,0,0,0,0,0,2,0,0,0,0,0.0,0.0,16.0,16.0,37.5,4.2,1.0,0.0,0.0,14.0,14.0,39.7,4.2,1.0,0.0,0.0,15.0,14.0,37.0,2.3,1.0,-1.0,-2.0,0.0,0.07142857142857142,0.21428571428571427,3,5,434.7,16.0,1586,1482,1167,0.0,0.0,12.0,16.0,39.7,6.4,1.0,0.0,0.0,10.0,10.0,35.1,1.9,0.6363636363636364,-1.0,0.0,56.0,0.0,16.0,16.0,450.0,0.0,-0.07142857142857142,0.0,0.0,-0.09090909090909091,0.4799999999999997,0.0
324,202203020708,0,0,1,1,0,0,0,0,0,0,0,0,0,0,0,0,0,0,0,0,0,0,0,0,0,0,0,0,0,0,0,0,0,0,0,0,0.0,0.0,8.0,11.0,36.7,1.4,0.36363636363636365,0.0,0.0,12.0,13.0,38.1,1.3,0.23076923076923078,0.0,0.0,11.0,15.0,34.7,1.4,0.5625,2.0,4.0,150.0,0.06349206349206349,0.23809523809523808,3,6,15.7,6.0,1094,306,334,0.0,0.0,9.0,13.0,38.5,1.8,0.7142857142857143,0.0,0.0,8.0,15.0,40.4,3.0,0.1875,0.8,0.0,52.0,-371.0,16.0,11.0,508.0,0.0,0.23076923076923078,0.0,-0.07142857142857142,0.1875,-0.779999999999999,0.0
325,202203020708,1,0,0,2,0,0,0,2,0,0,0,0,1,0,0,2,0,0,0,2,0,0,0,0,0,0,0,0,0,0,0,1,0,0,0,0,0.0,0.0,60.0,2.0,36.7,0.3,0.2,0.0,0.0,80.0,5.0,38.6,1.1,0.25,0.0,0.0,140.0,14.0,36.6,2.8,0.5714285714285714,6.0,0.0,0.0,0.1111111111111111,0.1111111111111111,5,10,4.0,2.0,1020,1306,1576,0.0,0.0,30.0,1.0,38.6,0.0,0.125,0.0,0.0,60.0,5.0,35.9,0.4,0.11764705882352941,0.2,0.4,52.0,20.0,16.0,15.0,420.0,0.0,0.0,0.2857142857142857,0.0,0.0,0.16000000000000086,0.0
326,202203020708,0,0,0,0,2,0,0,4,0,0,0,0,0,0,0,0,1,0,0,3,0,0,0,0,0,0,0,0,0,0,0,1,0,0,0,0,0.0,0.0,20.0,2.0,37.9,1.1,0.2222222222222222,0.0,0.0,160.0,14.0,38.0,1.2,0.25,0.0,0.0,,,,,,12.0,2.0,-50.0,0.08,0.16,1,2,14.2,5.0,1270,1221,969,0.0,0.0,120.0,12.0,36.3,1.5,0.9285714285714286,0.0,0.0,130.0,15.0,38.4,2.2,0.0625,3.7,0.25,52.0,-737.0,16.0,9.0,498.0,0.0,0.0,,0.0,0.0,0.020000000000000285,0.0
327,202203020708,0,0,1,0,0,3,0,2,0,0,0,0,0,0,1,0,0,2,0,1,0,0,0,0,0,0,0,0,0,0,0,0,0,0,0,0,0.0,0.0,50.0,4.0,38.0,1.1,0.06666666666666667,0.0,0.0,110.0,6.0,36.4,0.6,0.0625,0.0,0.0,90.0,8.0,39.0,1.6,0.06666666666666667,2.0,-6.0,0.0,0.0,0.06896551724137931,2,4,8.0,4.0,1148,1592,1393,0.0,0.0,130.0,4.0,38.9,0.9,0.0625,0.0,0.0,20.0,1.0,38.6,0.0,0.0625,-0.8,0.2,52.0,20.0,16.0,15.0,440.0,0.0,0.0,0.0,0.0,0.0,-0.3700000000000003,0.0
328,202203020708,0,0,0,3,2,0,0,6,0,0,0,0,0,0,0,2,0,0,0,1,0,0,0,0,0,0,0,0,0,0,0,1,0,0,0,0,0.0,0.0,100.0,13.0,38.4,2.4,0.125,0.0,0.0,10.0,1.0,37.8,0.0,0.125,0.0,0.0,10.0,7.0,37.9,0.8,0.25,-3.0,-10.0,-250.0,0.35,0.55,3,5,27.7,8.0,1426,1618,306,0.0,0.0,20.0,2.0,38.4,0.2,0.125,0.0,0.0,20.0,3.0,37.6,0.7,0.3125,-1.9,0.6,54.0,62.0,16.0,16.0,456.0,0.0,-0.0625,0.0,0.0,0.0,0.09999999999999928,0.0
329,202203020708,0,0,0,3,0,0,0,1,0,0,0,0,0,0,0,2,0,0,0,0,0,0,0,0,0,0,0,0,0,0,0,0,0,0,0,0,0.0,0.0,13.0,18.0,35.4,3.6,0.2777777777777778,0.0,0.0,3.0,4.0,33.0,0.5,0.5625,0.0,0.0,2.0,2.0,34.3,0.9,0.625,-8.0,0.0,150.0,0.0,0.0,2,3,36.8,9.0,1426,1650,306,0.0,0.0,6.0,9.0,39.7,3.3,0.45454545454545453,0.0,0.0,11.0,6.0,36.3,1.1,0.07142857142857142,-1.9,0.2,52.0,-371.0,16.0,18.0,492.0,,,,0.18181818181818182,0.0,-0.85,0.0
330,202203020708,0,0,0,8,0,0,0,0,0,0,0,0,0,0,0,2,0,0,0,0,0,0,0,0,0,0,0,0,0,0,0,0,0,0,0,0,0.0,0.0,1.0,2.0,39.6,0.3,0.125,0.0,0.0,9.0,7.0,38.0,1.1,0.25,0.0,0.0,10.0,6.0,36.5,0.4,0.5833333333333334,2.0,1.0,-80.0,0.06666666666666667,0.26666666666666666,1,1,39.6,10.0,1431,39,1428,0.0,0.0,12.0,7.0,36.9,0.9,0.5,0.0,0.0,9.0,5.0,37.6,0.6,0.375,0.6,0.2,57.0,-648.0,16.0,8.0,523.0,0.0,-0.0625,0.16666666666666666,-0.0625,-0.125,0.5100000000000001,0.0
331,202203020708,0,0,0,0,0,0,0,0,0,0,0,0,0,0,0,0,0,0,0,0,0,0,0,0,0,0,0,0,0,0,0,0,0,0,0,0,0.0,0.0,12.0,13.0,35.9,1.4,0.4375,0.0,0.0,13.0,13.0,36.3,1.0,0.0625,0.0,0.0,5.0,9.0,37.6,1.0,0.15384615384615385,-2.0,-4.0,-450.0,0.20588235294117646,0.4411764705882353,4,7,5.4,3.0,832,783,351,0.0,0.0,3.0,8.0,37.0,1.6,0.4375,0.0,0.0,1.0,1.0,36.4,0.0,0.07692307692307693,-2.9,0.2,52.0,-253.0,16.0,16.0,430.0,0.0,0.0,0.0,0.0,0.0,-0.1700000000000003,0.0
332,202203020708,1,0,0,4,0,0,0,0,0,0,0,0,1,0,0,1,0,0,0,0,0,0,0,0,0,0,0,0,0,0,0,0,0,0,0,0,0.0,0.0,30.0,6.0,36.8,1.5,0.3,0.0,0.0,4.0,10.0,38.1,2.0,0.2727272727272727,0.0,0.0,5.0,9.0,37.4,1.3,0.1875,1.5,-2.0,0.0,0.18181818181818182,0.2727272727272727,8,16,2.8,1.0,1095,737,1221,0.0,0.0,8.0,2.0,36.6,0.0,0.13333333333333333,0.0,0.0,13.0,6.0,37.2,0.8,0.5,-0.8,0.2,52.0,-834.0,16.0,10.0,482.0,0.0,0.09090909090909091,0.0,0.0,-0.0625,0.06999999999999887,0.0
333,202203020708,0,0,1,1,6,4,1,13,0,0,0,0,0,0,1,0,2,2,1,5,0,0,0,0,0,0,1,0,0,1,0,1,0,0,0,0,0.0,0.0,3.0,3.0,43.2,2.2,0.5,0.0,0.0,14.0,10.0,36.8,1.6,0.625,0.0,0.0,9.0,9.0,38.4,0.9,0.3076923076923077,3.0,19.0,-450.0,0.0,0.20454545454545456,7,13,148.0,14.0,1489,1013,565,0.0,0.0,11.0,11.0,37.5,1.2,0.5,0.0,0.0,9.0,4.0,37.3,0.4,0.4375,0.3,0.2,52.0,-112.0,16.0,10.0,485.0,-0.2,-0.0625,0.07692307692307693,0.0625,0.0,1.1100000000000008,0.0
334,202203020708,0,0,1,0,1,0,1,15,0,0,0,0,0,0,1,0,0,0,0,4,0,0,0,0,0,0,0,0,0,0,0,1,0,0,0,0,0.0,0.0,3.0,4.0,39.9,1.2,0.6,0.0,0.0,9.0,3.0,38.1,0.2,0.6153846153846154,0.0,0.0,13.0,11.0,37.1,2.0,0.625,3.5,7.0,-450.0,0.058823529411764705,0.2647058823529412,5,9,190.0,15.0,1148,1167,1393,0.0,0.0,10.0,7.0,37.7,0.8,0.5625,0.0,0.0,15.0,6.0,35.3,1.0,1.0,0.8,0.2,52.0,-458.0,16.0,10.0,429.0,-0.1,-0.07692307692307693,0.125,0.0,0.0,0.9600000000000002,0.0
335,202203020708,2,1,0,6,0,0,0,0,0,0,0,0,0,0,0,0,0,0,0,0,0,0,0,0,0,0,0,0,0,0,0,0,0,0,0,0,0.0,0.0,8.0,7.0,38.1,1.1,0.375,0.0,0.0,11.0,8.0,37.5,1.1,0.75,0.0,0.0,10.0,5.0,37.3,2.4,0.6,-1.0,0.0,-50.0,0.07142857142857142,0.21428571428571427,7,14,48.3,11.0,1691,1438,1167,0.0,0.0,13.0,5.0,36.9,0.3,0.625,0.0,0.0,5.0,13.0,37.8,1.1,0.3125,0.9,0.0,55.0,-582.0,16.0,16.0,450.0,-0.0625,0.0,-0.06666666666666667,0.0,0.0,0.120000000000001,0.0
336,202203020708,0,0,0,1,6,4,1,13,0,0,0,0,0,0,0,0,2,2,1,5,0,0,0,0,0,0,0,0,0,1,0,1,0,0,0,0,0.0,0.0,13.0,13.0,13.8,11.4,0.7857142857142857,0.0,0.0,6.0,,,,,0.0,0.0,15.0,13.0,37.1,1.8,0.9333333333333333,0.0,8.0,-1700.0,0.06896551724137931,0.13793103448275862,4,8,51.5,12.0,1677,1013,1167,0.0,0.0,11.0,11.0,35.5,1.9,0.2727272727272727,0.0,0.0,13.0,13.0,35.9,1.7,0.6923076923076923,-0.2,0.0,50.0,-448.0,16.0,14.0,462.0,0.21428571428571427,,0.0,0.0,0.0,-6.469999999999999,0.0
337,202203020708,0,0,1,1,0,0,0,4,0,0,0,0,0,0,1,0,0,0,0,3,0,0,0,0,0,0,0,0,0,0,0,0,0,0,0,0,0.0,0.0,,,,,,0.0,0.0,110.0,10.0,39.7,1.2,0.25,0.0,0.0,30.0,1.0,38.0,0.0,0.2727272727272727,-9.0,8.0,-850.0,0.01639344262295082,0.09836065573770492,6,12,21.1,7.0,1098,1393,1294,0.0,0.0,50.0,4.0,37.6,0.3,0.375,0.0,0.0,70.0,14.0,37.0,2.1,0.75,1.5,0.25,55.0,-267.0,16.0,15.0,522.0,,-0.0625,-0.09090909090909091,0.125,0.0625,0.8500000000000008,0.0
338,202203020708,0,0,1,0,0,0,0,0,0,0,0,0,0,0,1,0,0,0,0,0,0,0,0,0,0,0,0,0,0,0,0,0,0,0,0,0,0.0,0.0,7.0,7.0,13.7,3.9,0.6666666666666666,0.0,0.0,11.0,11.0,13.5,6.7,0.3333333333333333,0.0,0.0,9.0,5.0,13.5,3.5,0.8888888888888888,-1.0,8.0,-1850.0,0.1,0.3,8,15,78.9,13.0,1148,1728,1393,0.0,0.0,13.0,12.0,35.2,1.5,0.4666666666666667,0.0,0.0,16.0,8.0,36.2,0.8,0.625,0.3,0.0,54.0,-778.0,16.0,9.0,426.0,0.0,0.3333333333333333,0.0,0.0,-0.0625,-6.670000000000002,0.0
339,202203020708,0,0,0,0,0,0,0,0,0,0,0,0,0,0,0,0,0,0,0,0,0,0,0,0,0,0,0,0,0,0,0,0,0,0,0,0,0.0,0.0,6.0,6.0,39.7,2.5,0.8571428571428571,0.0,0.0,16.0,16.0,37.4,3.3,1.0,0.0,0.0,13.0,15.0,38.7,2.2,0.75,4.5,20.0,-450.0,0.0,0.0,6,11,463.6,16.0,1368,1192,1167,0.0,0.0,10.0,13.0,15.2,23.1,0.8571428571428571,0.0,0.0,16.0,16.0,36.8,4.0,0.8125,1.7,0.0,57.0,-727.0,16.0,7.0,516.0,0.0,0.0,0.0625,0.07142857142857142,0.1875,2.800000000000001,0.0
340,202203020711,0,0,2,9,0,0,0,1,0,0,0,0,0,0,1,2,0,0,0,0,0,0,0,0,0,0,0,0,0,0,0,0,0,0,0,0,0.0,0.0,30.0,4.0,36.8,0.7,0.75,0.0,0.0,10.0,3.0,36.9,0.2,0.25,0.0,0.0,20.0,1.0,35.9,0.0,0.2,-1.5,2.0,-50.0,0.0,0.3333333333333333,3,4,3.7,2.0,1520,12,695,0.0,0.0,20.0,5.0,39.0,0.9,0.1875,0.0,0.0,90.0,5.0,39.3,1.1,0.125,0.4,0.4,53.0,175.0,15.0,16.0,468.0,0.0625,0.0,-0.06666666666666667,-0.0625,0.0,-0.7100000000000002,0.0
341,202203020711,0,0,0,4,1,1,2,11,0,0,0,0,0,0,0,1,1,0,1,4,0,0,0,0,0,0,0,0,0,0,0,0,0,0,0,0,0.0,0.0,50.0,100.0,39.9,1.2,0.45454545454545453,0.0,0.0,140.0,110.0,37.5,0.8,0.375,0.0,0.0,50.0,90.0,37.7,1.1,0.38461538461538464,-5.0,-9.0,-250.0,0.016129032258064516,0.0967741935483871,1,1,10.4,5.0,1605,1556,1,0.0,0.0,50.0,120.0,37.9,1.1,0.25,0.0,0.0,50.0,40.0,37.2,0.5,0.3076923076923077,-11.0,0.0,52.0,-480.0,15.0,11.0,489.0,0.09090909090909091,0.0625,0.07692307692307693,0.0625,0.0,0.4999999999999993,0.0
342,202203020711,0,4,1,7,0,0,0,2,0,0,0,0,0,4,1,6,0,0,0,0,0,0,0,0,0,0,0,0,0,0,0,0,0,0,0,0,0.0,0.0,1.0,8.0,39.7,2.6,0.7777777777777778,0.0,0.0,14.0,16.0,38.0,1.8,0.25,0.0,0.0,7.0,10.0,37.0,1.0,0.5714285714285714,1.0,0.0,-50.0,0.3,0.5,3,5,3.5,1.0,1228,1708,1108,0.0,0.0,12.0,10.0,35.3,1.3,0.9375,0.0,0.0,16.0,7.0,36.4,0.3,0.75,-0.8,0.0,56.0,-768.0,15.0,9.0,510.0,0.0,-0.0625,-0.14285714285714285,-0.0625,0.0,0.9300000000000012,0.0
343,202203020711,0,0,0,0,0,0,0,0,0,0,0,0,0,0,0,0,0,0,0,0,0,0,0,0,0,0,0,0,0,0,0,0,0,0,0,0,0.0,0.0,2.0,1.0,35.7,0.0,0.08333333333333333,0.0,0.0,14.0,14.0,39.9,2.4,0.06666666666666667,0.0,0.0,14.0,9.0,37.5,0.9,0.0625,4.0,10.0,230.0,0.09090909090909091,0.2727272727272727,4,6,23.5,8.0,664,305,1110,0.0,0.0,9.0,15.0,38.6,2.6,0.25,0.0,0.0,3.0,7.0,35.2,0.7,0.6428571428571429,1.3,0.2,54.0,-734.0,15.0,12.0,514.0,,0.0,0.0,-0.0625,0.0,0.2299999999999997,0.0
344,202203020711,0,0,0,1,0,0,0,0,0,0,0,0,0,0,0,0,0,0,0,0,0,0,0,0,0,0,0,0,0,0,0,0,0,0,0,0,0.0,0.0,10.0,1.0,36.9,0.0,0.1875,0.0,0.0,10.0,1.0,36.4,0.0,0.8125,0.0,0.0,20.0,2.0,36.1,0.1,0.6875,0.5,4.0,-250.0,0.2,0.42857142857142855,4,7,5.4,3.0,1677,1071,1167,0.0,0.0,10.0,1.0,36.3,0.0,0.2,0.0,0.0,10.0,2.0,36.8,0.0,0.1111111111111111,0.2,1.0,53.0,160.0,15.0,16.0,470.0,0.0,-0.125,0.0,0.0,0.0,0.030000000000000426,0.0
345,202203020711,0,0,1,7,0,0,0,0,0,0,0,0,0,0,1,3,0,0,0,0,0,0,0,0,0,0,0,0,0,0,0,0,0,0,0,0,0.0,0.0,8.0,9.0,37.1,0.5,0.125,0.0,0.0,6.0,6.0,36.3,0.9,0.26666666666666666,0.0,0.0,4.0,3.0,36.4,0.3,0.25,-3.0,24.0,-50.0,0.0625,0.25,8,15,13.2,6.0,1172,1374,1556,0.0,0.0,6.0,3.0,36.8,0.1,0.375,0.0,0.0,6.0,5.0,37.2,0.4,0.4166666666666667,-1.0999999999999999,0.4,53.0,-140.0,15.0,16.0,518.0,0.0,0.0,0.0,-0.0625,0.0,-0.07000000000000028,0.0
346,202203020711,0,0,0,0,0,0,0,0,0,0,0,0,0,0,0,0,0,0,0,0,0,0,0,0,0,0,0,0,0,0,0,0,0,0,0,0,0.0,0.0,14.0,9.0,36.8,0.6,0.5,0.0,0.0,7.0,11.0,36.4,1.1,0.8,0.0,0.0,11.0,3.0,35.2,0.6,0.6428571428571429,-3.0,4.0,-250.0,0.0,0.06666666666666667,5,8,59.3,12.0,123,962,334,0.0,0.0,13.0,11.0,36.5,1.6,0.8666666666666667,0.0,0.0,2.0,10.0,37.8,1.1,0.6875,0.2,0.2,54.0,-553.0,15.0,16.0,478.0,0.0,-0.06666666666666667,0.0,0.0,0.0625,-0.21000000000000013,0.0
347,202203020711,0,1,0,3,0,0,0,3,0,0,0,0,0,0,0,1,0,0,0,1,0,0,0,0,0,0,0,0,0,0,0,0,0,0,0,0,0.0,0.0,,,,,,0.0,0.0,20.0,9.0,13.9,12.3,0.1,0.0,0.0,30.0,,,,0.5,,,-550.0,0.078125,0.25,7,12,14.4,7.0,1548,1036,1328,0.0,0.0,140.0,11.0,36.5,1.3,0.9333333333333333,0.0,0.0,160.0,12.0,37.2,1.1,0.9375,1.5,0.0,54.0,-736.0,15.0,10.0,,,0.4,-0.16666666666666666,0.0,-0.0625,-11.650000000000002,0.0
348,202203020711,0,1,2,9,1,1,3,13,0,0,0,1,0,0,0,2,1,0,1,4,0,0,0,0,0,0,0,0,0,0,0,0,0,0,0,0,0.0,0.0,140.0,9.0,33.8,0.3,0.8,0.0,0.0,180.0,11.0,33.6,0.9,0.7777777777777778,0.0,0.0,170.0,7.0,35.5,0.5,0.6111111111111112,-1.0,-14.0,-50.0,0.0,0.1,2,3,47.4,10.0,1304,1183,1503,0.0,0.0,160.0,10.0,32.1,0.7,1.0,0.0,0.0,150.0,8.0,34.2,0.9,0.6875,-0.3,0.0,52.0,-498.0,15.0,15.0,468.0,0.0,0.0,0.0,-0.125,0.0625,0.06999999999999887,0.0
349,202203020711,0,0,0,0,1,1,2,11,0,0,0,0,0,0,0,0,1,0,1,4,0,0,0,0,0,0,0,0,0,0,0,0,0,0,0,0,0.0,0.0,15.0,10.0,35.8,1.2,0.6666666666666666,0.0,0.0,15.0,8.0,36.6,0.7,0.6,0.0,0.0,15.0,8.0,37.4,0.7,0.8125,-1.0,8.0,0.0,0.07692307692307693,0.19230769230769232,6,11,130.5,15.0,1554,1556,322,0.0,0.0,15.0,13.0,37.1,1.7,0.75,0.0,0.0,15.0,8.0,37.1,0.9,0.4375,0.1,0.0,52.0,0.0,15.0,15.0,466.0,0.0,0.06666666666666667,-0.0625,0.0,0.0,-0.31000000000000083,0.0
350,202203020711,0,0,0,4,0,0,2,12,0,0,0,0,0,0,0,1,0,0,1,3,0,0,0,0,0,0,0,0,0,0,0,0,0,0,0,0,0.0,0.0,9.0,7.0,35.6,1.2,0.9166666666666666,0.0,0.0,10.0,9.0,37.1,1.0,0.5714285714285714,0.0,0.0,10.0,12.0,36.8,1.5,0.625,2.5,6.0,-50.0,0.1,0.2,7,13,8.6,4.0,1009,1263,298,0.0,0.0,10.0,6.0,35.1,0.3,0.625,0.0,0.0,7.0,7.0,37.0,0.9,0.2727272727272727,-0.3,0.0,53.0,-427.0,15.0,12.0,464.0,0.0,0.07142857142857142,0.0,0.0,0.09090909090909091,-0.07999999999999971,0.0
351,202203020711,0,0,1,0,0,0,0,1,0,0,0,0,0,0,0,0,0,0,0,0,0,0,0,0,0,0,0,0,0,0,0,0,0,0,0,0,0.0,0.0,15.0,11.0,35.5,1.2,0.75,0.0,0.0,14.0,11.0,37.2,1.2,1.0,0.0,0.0,14.0,4.0,36.3,0.9,0.5,-3.5,0.0,-250.0,0.06666666666666667,0.13333333333333333,5,9,25.7,9.0,1733,257,1428,0.0,0.0,11.0,11.0,38.1,2.5,0.08333333333333333,0.0,0.0,13.0,11.0,36.5,1.5,1.0,0.0,0.0,52.0,-295.0,15.0,16.0,474.0,0.125,0.0,0.1875,0.08333333333333333,0.0,-0.28999999999999987,0.0
352,202203020711,0,4,1,7,6,4,1,13,0,1,1,0,0,4,1,6,2,2,1,5,0,1,1,0,0,0,0,0,0,0,0,0,0,0,0,0,0.0,0.0,4.0,6.0,45.3,6.7,0.16666666666666666,0.0,0.0,14.0,14.0,38.4,2.6,0.5,0.0,0.0,13.0,13.0,37.5,2.4,0.4666666666666667,3.5,21.0,-250.0,0.0,0.13333333333333333,6,10,97.7,13.0,1228,1013,1108,0.0,0.0,9.0,16.0,38.4,2.0,0.125,0.0,0.0,2.0,1.0,36.0,0.0,0.14285714285714285,-0.8,0.2,54.0,-336.0,15.0,6.0,563.0,0.8333333333333334,0.0,0.0,0.0,-0.07142857142857142,1.8599999999999994,0.0
353,202203020711,0,4,1,7,0,0,0,2,0,0,0,0,0,4,1,6,0,0,0,1,0,0,0,0,0,0,0,0,0,0,0,0,0,0,0,0,0.0,0.0,10.0,2.0,41.6,0.3,0.3333333333333333,0.0,0.0,130.0,11.0,36.7,1.5,0.8571428571428571,0.0,0.0,140.0,10.0,37.1,1.1,0.75,4.0,8.0,-250.0,0.16666666666666666,0.25,2,2,124.3,14.0,1228,1721,1108,0.0,0.0,160.0,6.0,36.2,0.9,0.75,0.0,0.0,140.0,14.0,36.9,2.7,0.8,1.9,0.2,54.0,-727.0,15.0,9.0,498.0,0.0,0.07142857142857142,0.0,0.0625,0.0,0.9900000000000005,0.0
354,202203020711,0,0,0,8,0,1,0,0,0,0,0,0,0,0,0,2,0,0,0,0,0,0,0,0,0,0,0,0,0,0,0,0,0,0,0,0,0.0,0.0,20.0,3.0,41.4,0.7,0.5555555555555556,0.0,0.0,130.0,16.0,39.6,3.1,0.5,0.0,0.0,150.0,16.0,38.6,2.4,0.125,6.5,3.0,-450.0,0.06666666666666667,0.2,8,14,51.1,11.0,1431,1186,1428,0.0,0.0,130.0,16.0,39.5,3.5,0.25,0.0,0.0,110.0,11.0,37.7,1.1,0.375,1.6,0.2,54.0,-728.0,15.0,9.0,507.0,-0.3333333333333333,0.1875,0.0,0.0625,0.125,0.7499999999999993,0.0
355,202203020804,0,1,0,25,0,2,1,26,0,0,0,3,0,0,0,12,0,2,1,7,0,0,0,0,0,0,0,6,0,0,1,3,0,0,0,0,0.0,0.0,11.0,11.0,36.7,1.0,0.6875,0.0,0.0,7.0,7.0,37.2,1.1,0.6666666666666666,0.0,0.0,14.0,3.0,36.8,0.7,0.5625,-4.0,6.0,0.0,0.2727272727272727,0.5,4,8,8.1,4.0,1576,1556,1577,0.0,0.0,12.0,9.0,37.6,0.8,0.38461538461538464,0.0,0.0,14.0,16.0,36.9,2.2,1.0,1.2,0.2,54.0,-342.0,16.0,16.0,442.0,-0.0625,0.06666666666666667,-0.0625,-0.07692307692307693,0.0,-0.079999999999999,0.0
356,202203020804,0,1,0,25,0,0,0,5,0,0,0,0,0,0,0,12,0,0,0,2,0,0,0,0,0,0,0,6,0,0,0,2,0,0,0,0,0.0,0.0,7.0,7.0,43.7,4.6,0.3333333333333333,0.0,0.0,7.0,10.0,39.1,2.3,0.1,0.0,0.0,9.0,11.0,38.6,1.8,0.38461538461538464,2.0,1.0,-250.0,0.3181818181818182,0.5,1,2,38.1,7.0,1576,1221,1577,0.0,0.0,5.0,9.0,37.7,1.7,0.4,0.0,0.0,7.0,2.0,37.2,0.1,0.3125,-1.1,0.2,54.0,-725.0,16.0,9.0,431.0,0.3333333333333333,0.5,0.07692307692307693,0.13333333333333333,0.0,1.44,0.0
357,202203020804,0,1,1,6,0,1,0,6,0,0,0,0,0,1,0,4,0,1,0,3,0,0,0,0,0,1,0,3,0,0,0,1,0,0,0,0,0.0,0.0,8.0,10.0,42.0,3.0,0.3333333333333333,0.0,0.0,10.0,9.0,42.4,1.9,0.2,0.0,0.0,7.0,5.0,37.3,1.0,0.26666666666666666,-2.5,14.0,-50.0,0.11764705882352941,0.23529411764705882,5,10,31.0,6.0,1333,1376,1294,0.0,0.0,7.0,5.0,37.4,1.3,0.35714285714285715,0.0,0.0,6.0,3.0,37.6,0.3,0.25,-1.8,0.2,54.0,-647.0,16.0,12.0,478.0,0.16666666666666666,-0.06666666666666667,-0.06666666666666667,0.0,-0.0625,1.3799999999999997,0.0
358,202203020804,0,0,0,3,0,0,0,5,0,0,0,0,0,0,0,2,0,0,0,2,0,0,0,0,0,0,0,0,0,0,0,2,0,0,0,0,0.0,0.0,20.0,4.0,37.2,0.6,0.875,0.0,0.0,20.0,2.0,35.8,0.5,0.9375,0.0,0.0,30.0,11.0,40.5,1.5,0.6,3.5,8.0,-450.0,0.0,0.11764705882352941,3,5,6.3,3.0,1426,1221,306,0.0,0.0,40.0,3.0,38.5,0.3,0.3125,0.0,0.0,80.0,3.0,36.8,0.6,0.5,-0.1,0.6,56.0,29.0,16.0,16.0,478.0,-0.1875,-0.0625,0.0,0.0,0.0,-0.18999999999999914,0.0
359,202203020804,0,1,0,25,0,0,1,8,0,0,0,1,0,0,0,12,0,0,0,5,0,0,0,1,0,0,0,6,0,0,0,4,0,0,0,1,0.0,0.0,40.0,110.0,42.0,3.2,0.36363636363636365,0.0,0.0,20.0,150.0,45.2,10.6,0.9333333333333333,0.0,0.0,10.0,50.0,37.4,0.4,0.3125,-30.0,14.0,-350.0,0.1891891891891892,0.40540540540540543,7,14,1.6,1.0,1576,1393,1577,0.0,0.0,10.0,20.0,36.7,0.4,0.13333333333333333,0.0,0.0,10.0,20.0,37.6,0.9,0.2857142857142857,-31.0,0.0,54.0,-494.0,16.0,11.0,478.0,0.2727272727272727,0.0,0.0,0.0,-0.14285714285714285,1.7299999999999998,0.0
360,202203020804,0,1,0,0,1,1,3,24,0,0,0,0,0,1,0,0,1,0,1,17,0,0,0,0,0,0,0,0,1,0,0,4,0,0,0,0,0.0,0.0,10.0,15.0,41.8,4.0,0.75,0.0,0.0,2.0,6.0,38.1,0.6,0.0625,0.0,0.0,6.0,2.0,37.6,0.6,0.25,-6.5,11.0,-50.0,0.07575757575757576,0.24242424242424243,1,1,6.2,2.0,1467,1013,336,0.0,0.0,6.0,9.0,38.7,1.4,0.25,0.0,0.0,4.0,4.0,38.1,0.4,0.4375,-1.9,0.2,54.0,-548.0,16.0,16.0,461.0,0.0625,0.0,-0.0625,0.0625,0.0,0.679999999999999,0.0
361,202203020804,0,1,0,2,0,1,0,0,0,0,0,0,0,0,0,0,0,1,0,0,0,0,0,0,0,0,0,0,0,1,0,0,0,0,0,0,0.0,0.0,10.0,5.0,40.2,0.4,0.8,0.0,0.0,10.0,7.0,37.4,0.7,0.5625,0.0,0.0,13.0,12.0,38.0,1.8,0.2,3.5,14.0,-250.0,0.08333333333333333,0.25,8,15,99.0,10.0,1440,1145,1167,0.0,0.0,12.0,12.0,37.7,1.6,0.625,0.0,0.0,12.0,4.0,38.1,1.0,0.7692307692307693,0.3,0.0,54.0,-234.0,16.0,10.0,448.0,-0.1,-0.125,0.0,0.0625,0.07692307692307693,0.38999999999999985,0.0
362,202203020804,0,1,0,0,1,1,3,24,0,0,0,0,0,1,0,0,1,0,1,17,0,0,0,0,0,0,0,0,1,0,0,4,0,0,0,0,0.0,0.0,3.0,3.0,40.5,0.5,0.14285714285714285,0.0,0.0,11.0,8.0,37.5,1.0,0.625,0.0,0.0,8.0,13.0,41.8,5.3,0.6428571428571429,5.0,14.0,-450.0,0.06451612903225806,0.12903225806451613,2,3,113.4,11.0,1467,1013,336,0.0,0.0,3.0,11.0,42.4,2.2,0.8571428571428571,0.0,0.0,5.0,8.0,39.9,0.8,0.9333333333333333,1.3,0.2,54.0,-719.0,16.0,7.0,472.0,0.0,-0.125,0.35714285714285715,0.0,-0.26666666666666666,-0.36999999999999955,0.0
363,202203020804,0,0,0,0,2,2,0,9,0,0,0,0,0,0,0,0,1,1,0,6,0,0,0,0,0,0,0,0,1,1,0,3,0,0,0,0,0.0,0.0,80.0,60.0,39.9,2.3,0.7,0.0,0.0,160.0,160.0,38.3,4.7,0.9375,0.0,0.0,50.0,90.0,36.9,1.1,0.875,15.0,42.0,-550.0,0.0,0.09375,2,4,13.2,5.0,1499,1482,1167,0.0,0.0,130.0,40.0,37.8,0.7,0.7333333333333333,0.0,0.0,150.0,110.0,35.1,1.9,0.5,-2.0,0.0,54.0,-597.0,16.0,10.0,460.0,0.0,0.0625,0.0,0.06666666666666667,0.1875,1.0099999999999993,0.0
364,202203020804,1,0,0,1,0,0,0,0,0,0,0,0,0,0,0,1,0,0,0,0,0,0,0,0,0,0,0,0,0,0,0,0,0,0,0,0,0.0,0.0,9.0,12.0,44.2,4.9,0.5,0.0,0.0,15.0,10.0,36.7,1.2,0.9375,0.0,0.0,13.0,15.0,38.4,4.6,1.0,1.5,27.0,-350.0,0.0,0.0,3,6,301.6,15.0,1463,314,1167,0.0,0.0,10.0,13.0,39.8,4.0,0.4375,0.0,0.0,5.0,6.0,41.5,2.4,0.3076923076923077,-0.9,0.0,56.0,-557.0,16.0,12.0,511.0,0.3333333333333333,0.0,0.0,0.25,0.07692307692307693,0.23000000000000115,0.0
365,202203020804,2,0,0,5,2,2,0,9,0,0,0,0,1,0,0,3,1,1,0,6,0,0,0,0,0,0,0,0,1,1,0,3,0,0,0,0,0.0,0.0,20.0,20.0,39.8,0.0,0.125,0.0,0.0,90.0,110.0,37.9,1.4,0.625,0.0,0.0,150.0,160.0,43.8,7.4,0.125,70.0,15.0,-350.0,0.0,0.0,7,13,64.4,9.0,1605,1482,1,0.0,0.0,120.0,90.0,37.6,1.9,0.8125,,,,,,,,26.0,0.0,56.0,-735.0,16.0,8.0,489.0,0.0,-0.125,0.0,0.0,,0.06999999999999887,0.0
366,202203020804,0,0,0,7,2,2,4,17,0,0,0,1,0,0,0,3,1,0,1,5,0,0,0,0,0,0,0,2,1,0,0,3,0,0,0,0,0.0,0.0,40.0,11.0,39.9,1.8,0.16666666666666666,0.0,0.0,80.0,12.0,39.3,1.9,0.125,0.0,0.0,130.0,6.0,37.8,0.7,0.375,-2.5,26.0,150.0,0.0,0.05555555555555555,4,7,39.5,8.0,1446,1263,75,,,,,,,,,,,,,,,-2.5,0.0,56.0,-669.0,16.0,12.0,482.0,0.08333333333333333,0.0625,-0.0625,,,1.0500000000000007,0.0
367,202203020804,0,0,0,2,0,0,0,6,0,0,0,0,0,0,0,0,0,0,0,3,0,0,0,0,0,0,0,0,0,0,0,2,0,0,0,0,0.0,0.0,9.0,10.0,41.4,2.5,0.09090909090909091,0.0,0.0,16.0,13.0,38.8,2.3,0.625,0.0,0.0,8.0,13.0,42.2,6.0,0.875,1.5,24.0,-250.0,0.0,0.1956521739130435,6,12,368.5,16.0,1507,1328,593,0.0,0.0,6.0,13.0,38.2,3.0,0.9230769230769231,0.0,0.0,10.0,8.0,35.1,1.4,0.2857142857142857,-0.4,0.0,53.0,-597.0,16.0,11.0,450.0,0.5454545454545454,0.1875,0.0,0.0,0.07142857142857142,1.319999999999999,0.0
368,202203020804,0,0,0,3,0,0,0,3,0,0,0,0,0,0,0,1,0,0,0,1,0,0,0,0,0,0,0,1,0,0,0,1,0,0,0,0,0.0,0.0,14.0,14.0,39.6,2.5,0.3125,0.0,0.0,12.0,16.0,38.4,3.9,0.8125,0.0,0.0,10.0,12.0,39.6,2.4,0.25,-1.0,0.0,0.0,0.0,0.0,8,16,250.9,14.0,1200,1445,324,0.0,0.0,9.0,14.0,45.0,5.7,0.07142857142857142,,,,,,,,-0.4,0.0,51.0,0.0,16.0,16.0,486.0,0.1875,0.0625,0.125,0.5714285714285714,,-1.7399999999999998,0.0
369,202203020804,1,0,0,1,0,0,0,0,0,0,0,0,0,0,0,1,0,0,0,0,0,0,0,0,0,0,0,0,0,0,0,0,0,0,0,0,0.0,0.0,6.0,8.0,42.4,1.9,0.36363636363636365,0.0,0.0,13.0,15.0,40.4,3.3,0.3125,0.0,0.0,13.0,15.0,37.1,2.4,0.1111111111111111,3.5,3.0,-250.0,0.015625,0.109375,6,11,197.5,13.0,1463,91,1167,0.0,0.0,5.0,10.0,38.8,3.3,0.5833333333333334,0.0,0.0,5.0,9.0,34.4,1.7,0.7333333333333333,-0.3,0.0,54.0,-634.0,16.0,11.0,409.0,0.2727272727272727,0.375,0.05555555555555555,0.0,0.0,1.7600000000000002,0.0
370,202203020804,0,0,0,1,0,0,0,1,0,0,0,0,0,0,0,0,0,0,0,1,0,0,0,0,0,0,0,0,0,0,0,1,0,0,0,0,0.0,0.0,12.0,,,,1.0,,,,,,,,,,,,,,,,,0.0,,,5,9,149.5,12.0,1204,1438,1221,,,,,,,,,,,,,,,,,54.0,0.0,16.0,16.0,518.0,0.0,,,,,,
371,202203020809,0,0,0,3,0,0,1,4,0,0,0,0,0,0,0,1,0,0,1,2,0,0,0,0,0,0,0,0,0,0,1,0,0,0,0,0,0.0,0.0,13.0,12.0,37.0,1.4,0.7333333333333333,0.0,0.0,13.0,15.0,37.9,1.6,0.4375,0.0,0.0,7.0,6.0,36.6,0.9,0.4,-3.0,2.0,-50.0,0.0625,0.1875,3,6,40.8,8.0,1255,1592,1263,0.0,0.0,8.0,1.0,35.5,0.0,0.625,0.0,0.0,9.0,3.0,37.7,0.2,0.125,-3.1999999999999997,0.4,55.0,-167.0,16.0,15.0,480.0,0.0,0.0,0.06666666666666667,-0.0625,0.0,0.09999999999999928,0.0
372,202203020809,0,1,0,5,2,1,1,15,0,1,0,0,0,1,0,3,1,1,0,3,0,1,0,0,0,0,0,0,0,0,0,0,0,0,0,0,0.0,0.0,8.0,15.0,39.2,1.8,0.25,0.0,0.0,6.0,9.0,38.5,1.0,0.125,0.0,0.0,6.0,16.0,41.5,5.1,0.1875,0.5,4.0,-50.0,0.0,0.06451612903225806,8,16,2.5,1.0,1571,1558,1108,0.0,0.0,2.0,12.0,38.1,1.9,0.4375,0.0,0.0,1.0,8.0,38.6,0.9,0.06666666666666667,-1.1,0.0,54.0,-510.0,16.0,16.0,494.0,0.125,0.0,0.0625,0.0,0.0,0.16000000000000014,0.0
373,202203020809,0,0,0,1,0,1,1,4,0,0,0,0,0,0,0,0,0,1,0,3,0,0,0,0,0,0,0,0,0,0,0,1,0,0,0,0,0.0,0.0,10.0,13.0,38.1,1.5,0.125,0.0,0.0,2.0,9.0,38.2,1.2,0.3125,0.0,0.0,3.0,3.0,37.0,0.1,0.0625,-5.0,0.0,-150.0,0.15384615384615385,0.23076923076923078,4,7,6.4,3.0,1204,1228,1221,0.0,0.0,4.0,1.0,36.6,0.0,0.13333333333333333,0.0,0.0,2.0,16.0,39.5,2.8,0.1875,-0.2,0.4,52.0,-196.0,16.0,16.0,450.0,0.0,0.0,0.0,0.0,0.0,-0.11999999999999958,0.0
374,202203020809,0,0,0,0,1,1,2,7,0,0,0,0,0,0,0,0,0,1,1,5,0,0,0,0,0,0,0,0,0,0,0,1,0,0,0,0,0.0,0.0,7.0,8.0,40.2,2.4,0.7,0.0,0.0,11.0,10.0,36.4,1.4,0.7333333333333333,0.0,0.0,15.0,13.0,39.0,1.6,0.0625,2.5,8.0,-350.0,0.3333333333333333,0.5238095238095238,5,10,20.4,7.0,1291,1366,1589,0.0,0.0,12.0,8.0,36.6,1.0,0.6875,0.0,0.0,6.0,10.0,38.3,1.8,0.5333333333333333,0.2,0.0,55.0,-479.0,16.0,10.0,512.0,-0.1,-0.06666666666666667,0.0,0.0,0.0,0.3600000000000009,0.0
375,202203020809,0,0,0,0,1,0,0,1,0,0,0,0,0,0,0,0,0,0,0,0,0,0,0,0,0,0,0,0,0,0,0,0,0,0,0,0,0.0,0.0,60.0,3.0,36.5,0.9,0.13333333333333333,0.0,0.0,60.0,1.0,36.7,0.0,0.0625,0.0,0.0,70.0,7.0,37.3,1.7,0.5,2.0,-4.0,-250.0,0.19444444444444445,0.4166666666666667,5,9,5.1,2.0,1270,1199,969,0.0,0.0,10.0,1.0,37.3,0.0,0.125,0.0,0.0,50.0,4.0,37.7,0.5,0.5625,0.2,0.6,54.0,29.0,16.0,15.0,462.0,0.0,0.0,-0.0625,0.0,0.0,-0.3,0.0
376,202203020809,0,1,0,5,0,0,0,0,0,0,0,0,0,1,0,3,0,0,0,0,0,0,0,0,0,0,0,0,0,0,0,0,0,0,0,0,0.0,0.0,2.0,4.0,39.8,1.7,0.25,0.0,0.0,14.0,14.0,37.6,1.8,0.5625,0.0,0.0,13.0,9.0,34.8,0.9,0.7692307692307693,2.5,-1.0,-350.0,0.0,0.058823529411764705,6,11,158.2,13.0,1571,1335,1108,0.0,0.0,16.0,9.0,36.9,0.8,0.4375,0.0,0.0,15.0,10.0,35.4,1.1,0.8125,0.7,0.0,57.0,-820.0,16.0,8.0,517.0,0.125,0.0,0.0,0.0625,-0.0625,0.95,0.0
377,202203020809,1,0,0,1,0,0,0,2,0,0,0,0,0,0,0,1,0,0,0,0,0,0,0,0,0,0,0,0,0,0,0,0,0,0,0,0,0.0,0.0,3.0,3.0,38.4,1.6,0.1,0.0,0.0,15.0,13.0,38.5,1.2,0.375,0.0,0.0,15.0,9.0,37.0,0.9,0.4375,3.0,12.0,-50.0,0.0,0.047619047619047616,8,15,8.9,5.0,1463,666,1167,0.0,0.0,5.0,13.0,38.0,1.9,0.2,0.0,0.0,7.0,7.0,36.8,1.4,0.3333333333333333,0.8,0.2,57.0,-723.0,16.0,10.0,508.0,0.0,0.125,0.0,0.06666666666666667,0.0,0.3700000000000003,0.0
378,202203020809,0,0,0,0,0,0,0,0,0,0,0,0,0,0,0,0,0,0,0,0,0,0,0,0,0,0,0,0,0,0,0,0,0,0,0,0,0.0,0.0,2.0,9.0,39.0,2.0,0.6666666666666666,0.0,0.0,12.0,13.0,38.5,2.3,0.6,0.0,0.0,14.0,10.0,35.9,1.2,0.8125,0.5,26.0,-50.0,0.2857142857142857,0.5238095238095238,2,3,10.3,6.0,556,624,1,0.0,0.0,9.0,15.0,38.1,1.8,0.375,0.0,0.0,10.0,6.0,35.8,0.6,0.3125,-0.4,0.0,57.0,-728.0,16.0,9.0,504.0,0.1111111111111111,0.2,0.0,0.0,0.0,0.6800000000000004,0.0
379,202203020809,0,0,0,0,2,2,4,17,0,0,0,0,0,0,0,0,1,0,1,5,0,0,0,0,0,0,0,0,0,0,0,0,0,0,0,0,0.0,0.0,14.0,13.0,39.2,2.5,0.14285714285714285,0.0,0.0,11.0,13.0,39.2,1.9,0.14285714285714285,0.0,0.0,6.0,13.0,38.0,2.4,0.07692307692307693,0.0,8.0,-50.0,0.07407407407407407,0.18518518518518517,1,1,6.8,4.0,1270,1263,969,0.0,0.0,13.0,7.0,37.9,0.8,0.06666666666666667,0.0,0.0,11.0,1.0,37.0,0.0,0.0625,-3.0,0.2,52.0,-790.0,16.0,14.0,472.0,0.0,0.07142857142857142,0.07692307692307693,0.0,0.0,0.570000000000001,0.0
380,202203020809,0,1,1,12,0,0,0,5,0,0,0,0,0,1,1,9,0,0,0,1,0,0,0,0,0,0,0,2,0,0,0,0,0,0,0,0,0.0,0.0,15.0,16.0,42.2,5.6,0.0625,0.0,0.0,15.0,10.0,36.1,1.3,1.0,0.0,0.0,14.0,16.0,37.0,2.6,1.0,0.0,10.0,-50.0,0.0,0.0,2,4,288.0,15.0,1313,1110,1108,0.0,0.0,11.0,16.0,37.4,1.5,0.4375,0.0,0.0,10.0,14.0,39.5,3.5,0.6428571428571429,0.2,0.0,57.0,-77.0,16.0,16.0,502.0,0.0,0.0,0.0,-0.25,0.0,0.41000000000000086,0.0
381,202203020809,1,1,3,16,0,0,0,1,0,0,0,0,0,1,2,8,0,0,0,0,0,0,0,0,0,0,0,1,0,0,0,0,0,0,0,0,0.0,0.0,8.0,8.0,13.6,4.9,1.0,0.0,0.0,12.0,10.0,13.7,8.3,0.6923076923076923,0.0,0.0,7.0,6.0,14.0,5.3,0.8888888888888888,-1.0,10.0,-1620.0,0.015873015873015872,0.1111111111111111,7,14,115.9,12.0,1278,1170,625,0.0,0.0,15.0,15.0,38.9,2.4,0.1875,0.0,0.0,10.0,8.0,40.5,3.1,0.1,0.5,0.0,57.0,-720.0,16.0,8.0,488.0,0.0,0.15384615384615385,-0.1111111111111111,0.0,0.3,-7.9,0.0
382,202203020809,1,0,5,10,0,0,0,12,0,0,0,0,0,0,4,8,0,0,0,8,0,0,0,0,0,0,1,1,0,0,0,0,0,0,0,0,0.0,0.0,13.0,13.0,39.5,3.8,0.6428571428571429,0.0,0.0,10.0,,,,0.1,0.0,0.0,9.0,11.0,13.9,12.6,0.75,-2.0,-2.0,-50.0,0.0,0.125,4,8,46.8,10.0,1228,1362,1108,0.0,0.0,8.0,11.0,13.7,9.2,0.9230769230769231,0.0,0.0,15.0,15.0,38.5,2.0,0.25,0.6,0.0,57.0,-818.0,16.0,14.0,504.0,0.21428571428571427,0.7,0.08333333333333333,0.0,0.0,0.3200000000000003,0.0
383,202203020809,0,0,0,2,0,0,0,0,0,0,0,0,0,0,0,1,0,0,0,0,0,0,0,0,0,0,0,0,0,0,0,0,0,0,0,0,0.0,0.0,90.0,,,,1.0,0.0,0.0,,,,,,0.0,0.0,140.0,13.0,37.1,1.6,0.625,,14.0,-250.0,0.05714285714285714,0.2571428571428571,7,13,208.8,14.0,1060,1543,1186,0.0,0.0,130.0,9.0,37.8,1.0,0.7333333333333333,0.0,0.0,,,,,,-4.0,0.0,57.0,-210.0,16.0,10.0,508.0,,,0.0625,-0.13333333333333333,,-0.6999999999999957,0.0
384,202203020809,1,0,1,2,0,0,0,5,0,0,0,0,1,0,0,2,0,0,0,2,0,0,0,0,0,0,0,0,0,0,0,0,0,0,0,0,0.0,0.0,2.0,6.0,40.1,0.7,0.8181818181818182,0.0,0.0,16.0,14.0,37.3,1.6,0.5625,0.0,0.0,11.0,11.0,38.5,1.3,0.13333333333333333,2.5,-2.0,-80.0,0.0,0.2,6,12,352.7,16.0,1020,1221,1576,0.0,0.0,12.0,15.0,40.9,3.5,0.2,0.0,0.0,8.0,10.0,36.7,1.7,0.6428571428571429,0.9,0.0,57.0,-698.0,16.0,11.0,524.0,-0.18181818181818182,0.0,0.0,0.06666666666666667,0.07142857142857142,0.31999999999999956,0.0
385,202203020809,0,0,0,11,0,0,0,0,0,0,0,0,0,0,0,4,0,0,0,0,0,0,0,0,0,0,0,0,0,0,0,0,0,0,0,0,0.0,0.0,90.0,80.0,38.5,1.0,1.0,0.0,0.0,140.0,130.0,36.8,0.8,0.8,0.0,0.0,110.0,150.0,36.7,1.7,0.8125,35.0,15.0,-50.0,0.07692307692307693,0.24615384615384617,1,2,57.9,11.0,1183,1128,1558,0.0,0.0,110.0,70.0,37.5,0.9,0.8666666666666667,0.0,0.0,60.0,80.0,38.7,1.0,0.4375,-6.0,0.0,57.0,-716.0,16.0,13.0,487.0,-0.15384615384615385,0.0,0.0,-0.06666666666666667,0.0,-0.11000000000000085,0.0
386,202203020809,0,0,0,1,0,0,0,5,0,0,0,0,0,0,0,1,0,0,0,2,0,0,0,0,0,0,0,0,0,0,0,0,0,0,0,0,0.0,0.0,1.0,1.0,39.9,0.0,0.1111111111111111,0.0,0.0,15.0,12.0,37.2,2.0,0.625,0.0,0.0,12.0,11.0,38.0,1.5,0.75,5.0,-10.0,-250.0,0.0,0.125,3,5,46.7,9.0,1521,1221,1313,0.0,0.0,15.0,12.0,40.0,2.9,0.375,0.0,0.0,15.0,11.0,37.1,1.6,0.875,2.0,0.2,57.0,-813.0,16.0,9.0,454.0,0.0,0.0,-0.08333333333333333,0.125,0.0,0.2799999999999997,0.0
387,202203030101,1,0,0,4,0,0,0,1,0,0,0,0,0,0,0,2,0,0,0,0,0,0,0,0,0,0,0,2,0,0,0,0,0,0,0,0,0.0,0.0,60.0,4.0,37.7,1.1,0.6,0.0,0.0,110.0,17.0,37.7,5.5,1.0,0.0,0.0,60.0,6.0,35.6,1.1,0.7272727272727273,1.0,8.0,-50.0,0.0,0.045454545454545456,4,8,5.5,3.0,1629,1332,1428,0.0,0.0,90.0,6.0,35.3,0.9,0.5333333333333333,,,,,,,,-0.5,0.0,55.0,28.0,16.0,10.0,470.0,-0.3,0.0,-0.09090909090909091,0.0,,0.9300000000000018,0.0
388,202203030101,0,0,0,0,0,0,0,0,0,0,0,0,0,0,0,0,0,0,0,0,0,0,0,0,0,0,0,0,0,0,0,0,0,0,0,0,0.0,0.0,40.0,5.0,39.2,0.9,0.06666666666666667,,,,,,,,,,,,,,,,,-50.0,0.015151515151515152,0.10606060606060606,5,10,5.5,4.0,1045,1127,969,,,,,,,,,,,,,,,,0.0,54.0,20.0,16.0,15.0,474.0,0.0,,,,,,
389,202203030101,0,2,2,20,1,0,0,5,0,0,0,0,0,0,1,7,0,0,0,3,0,0,0,0,0,0,0,1,0,0,0,2,0,0,0,0,0.0,0.0,30.0,5.0,35.9,1.6,0.375,,,,,,,,,,,,,,,,,-50.0,0.3,0.4,3,6,11.1,6.0,1393,1665,1263,,,,,,,,,,,,,,,,0.0,51.0,76.0,16.0,8.0,464.0,0.125,,,,,,
390,202203030101,0,0,2,10,2,2,2,11,0,0,0,0,0,0,1,5,2,0,1,5,0,0,0,0,0,0,0,2,1,0,0,2,0,0,0,0,0.0,0.0,30.0,7.0,38.6,1.0,0.4,,,,,,,,,,,,,,,,,-50.0,0.02564102564102564,0.05128205128205128,2,4,17.9,8.0,1557,1228,1559,,,,,,,,,,,,,,,,0.0,52.0,69.0,16.0,15.0,444.0,-0.13333333333333333,,,,,,
391,202203030101,1,0,3,6,4,4,8,47,0,0,0,0,0,0,3,2,1,2,3,22,0,0,0,0,0,0,2,1,0,0,0,2,0,0,0,0,0.0,0.0,20.0,7.0,33.8,1.5,0.6111111111111112,0.0,0.0,90.0,8.0,36.2,1.3,0.5,0.0,0.0,20.0,11.0,40.0,3.0,0.4166666666666667,2.0,-2.0,150.0,0.047619047619047616,0.047619047619047616,6,12,60.1,10.0,1426,1558,306,0.0,0.0,40.0,2.0,33.9,0.1,0.05555555555555555,0.0,0.0,40.0,5.0,36.2,0.8,0.875,-1.0,0.2,55.0,14.0,16.0,18.0,474.0,,0.2,0.08333333333333333,,0.0,-0.2500000000000007,0.0
392,202203030101,5,15,5,50,0,1,0,1,0,1,0,0,1,7,2,22,0,1,0,0,0,1,0,0,0,3,0,9,0,0,0,0,0,0,0,0,0.0,0.0,4.0,10.0,43.5,3.0,0.2,0.0,0.0,2.0,7.0,37.7,1.0,0.6,0.0,0.0,1.0,5.0,38.4,1.7,0.2,-2.5,3.0,-250.0,0.18518518518518517,0.37037037037037035,6,11,5.3,2.0,1576,1172,1577,0.0,0.0,3.0,3.0,38.2,0.5,0.06666666666666667,0.0,0.0,6.0,2.0,37.4,0.2,0.1875,-2.0,0.4,53.0,-620.0,16.0,10.0,455.0,0.2,-0.06666666666666667,0.13333333333333333,0.0,0.0,1.1700000000000004,0.0
393,202203030101,1,0,3,6,0,0,0,0,0,0,0,0,0,0,3,2,0,0,0,0,0,0,0,0,0,0,2,1,0,0,0,0,0,0,0,0,0.0,0.0,,,,,,0.0,0.0,40.0,5.0,37.7,0.7,0.3333333333333333,0.0,0.0,10.0,4.0,35.6,0.8,0.36363636363636365,-1.0,11.0,-350.0,0.04081632653061224,0.20408163265306123,2,3,5.2,1.0,1426,1396,306,0.0,0.0,20.0,3.0,35.1,0.9,0.5,0.0,0.0,10.0,7.0,36.9,1.0,0.375,0.5,0.25,54.0,-606.0,16.0,7.0,461.0,,0.0,0.0,0.08333333333333333,0.0,0.29000000000000126,0.0
394,202203030101,0,0,2,10,0,0,0,2,0,0,0,0,0,0,1,5,0,0,0,1,0,0,0,0,0,0,0,2,0,0,0,0,0,0,0,0,0.0,0.0,14.0,15.0,43.2,8.5,1.0,0.0,0.0,18.0,17.0,36.3,2.0,0.7222222222222222,0.0,0.0,16.0,16.0,38.3,2.3,0.1875,0.5,10.0,-50.0,0.11290322580645161,0.24193548387096775,8,15,195.7,16.0,1557,1034,1559,0.0,0.0,16.0,8.0,38.6,1.6,0.5,0.0,0.0,13.0,13.0,37.9,2.8,0.7333333333333333,-1.3,0.0,52.0,-443.0,16.0,15.0,468.0,0.0,-0.05555555555555555,0.0,0.0,0.0,0.8300000000000004,0.0
395,202203030101,0,0,1,1,1,3,1,25,0,0,0,0,0,0,1,1,0,0,0,6,0,0,0,0,0,0,1,1,0,0,0,4,0,0,0,0,0.0,0.0,30.0,90.0,41.3,2.5,0.2222222222222222,0.0,0.0,120.0,110.0,39.4,3.3,0.7692307692307693,0.0,0.0,120.0,90.0,38.2,1.9,0.75,0.0,19.0,-250.0,0.0,0.5,3,5,95.3,12.0,1534,1428,1235,0.0,0.0,160.0,80.0,39.0,1.0,0.6875,0.0,0.0,150.0,120.0,36.2,2.4,1.0,3.0,0.0,51.0,-630.0,16.0,9.0,445.0,0.3333333333333333,0.0,-0.0625,0.0,0.0,1.0599999999999987,0.0
396,202203030101,1,0,0,4,5,6,7,49,0,0,0,0,0,0,0,2,1,2,1,18,0,0,0,0,0,0,0,2,0,0,1,10,0,0,0,0,0.0,0.0,1.0,1.0,37.4,0.0,0.1,0.0,0.0,5.0,8.0,35.6,1.0,0.6666666666666666,0.0,0.0,5.0,5.0,33.9,0.6,0.625,2.0,11.0,330.0,0.05,0.15,4,7,8.3,5.0,1629,1167,1428,0.0,0.0,2.0,3.0,34.3,0.9,0.7222222222222222,0.0,0.0,8.0,6.0,33.9,0.7,0.875,0.5,0.4,55.0,-615.0,16.0,10.0,473.0,0.0,-0.05555555555555555,-0.0625,-0.05555555555555555,-0.0625,0.8300000000000004,0.0
397,202203030101,2,0,0,18,1,1,3,28,0,0,0,0,0,0,0,3,0,0,3,14,0,0,0,0,0,0,0,3,0,0,1,7,0,0,0,0,0.0,0.0,9.0,11.0,42.4,3.4,0.09090909090909091,0.0,0.0,13.0,8.0,39.2,2.1,0.6153846153846154,0.0,0.0,13.0,12.0,41.4,3.0,0.2857142857142857,0.5,-28.0,-250.0,0.0,0.0,1,1,11.3,7.0,1605,1221,1,0.0,0.0,11.0,8.0,39.5,2.2,0.7272727272727273,0.0,0.0,10.0,10.0,35.7,1.1,1.0,-0.2,0.0,51.0,-629.0,16.0,11.0,420.0,0.5454545454545454,0.07692307692307693,0.42857142857142855,-0.18181818181818182,-0.08333333333333333,1.3099999999999994,0.0
398,202203030101,0,0,0,2,5,6,7,49,0,0,0,1,0,0,0,0,1,2,1,18,0,0,0,0,0,0,0,0,0,0,1,10,0,0,0,0,0.0,0.0,14.0,14.0,38.3,2.9,0.6875,0.0,0.0,8.0,6.0,42.2,2.7,0.16666666666666666,0.0,0.0,14.0,9.0,38.4,1.6,0.75,-2.5,-4.0,0.0,0.0625,0.125,7,13,34.9,9.0,1467,1167,336,0.0,0.0,12.0,12.0,41.8,2.2,0.2,0.0,0.0,9.0,12.0,37.4,2.3,1.0,0.2,0.0,52.0,-169.0,16.0,16.0,410.0,0.0,0.25,-0.0625,-0.06666666666666667,0.0,0.22000000000000028,0.0
399,202203030101,0,0,0,4,4,0,0,43,0,0,0,0,0,0,0,0,0,0,0,10,0,0,0,0,0,0,0,0,0,0,0,5,0,0,0,0,0.0,0.0,7.0,4.0,41.6,0.7,0.45454545454545453,0.0,0.0,16.0,16.0,37.3,1.7,0.5625,0.0,0.0,16.0,14.0,39.1,2.9,0.8125,5.0,-5.0,-450.0,0.0,0.19148936170212766,5,9,182.8,15.0,1670,1294,882,0.0,0.0,15.0,13.0,38.7,2.4,0.75,0.0,0.0,7.0,8.0,36.6,3.8,0.875,0.5,0.0,53.0,-630.0,16.0,11.0,451.0,-0.2727272727272727,0.0625,0.0,0.125,0.125,0.8599999999999994,0.0
400,202203030101,0,0,1,11,5,3,5,38,0,0,0,0,0,0,1,5,3,2,0,15,0,0,0,0,0,0,1,2,2,0,0,5,0,0,0,0,0.0,0.0,7.0,5.0,39.3,1.4,0.2727272727272727,0.0,0.0,11.0,10.0,39.7,1.9,0.125,0.0,0.0,13.0,14.0,39.1,2.4,0.6875,4.5,8.0,-250.0,0.13333333333333333,0.2,1,2,140.7,13.0,1306,1405,1445,0.0,0.0,13.0,13.0,42.4,4.7,0.6153846153846154,0.0,0.0,13.0,14.0,39.5,3.6,0.07142857142857142,2.1,0.0,54.0,-626.0,16.0,11.0,494.0,-0.09090909090909091,0.0,0.0,0.07692307692307693,0.07142857142857142,-0.31000000000000016,0.0
401,202203030101,0,0,0,0,0,0,0,9,0,0,0,0,0,0,0,0,0,0,0,2,0,0,0,0,0,0,0,0,0,0,0,1,0,0,0,0,0.0,0.0,8.0,7.0,40.3,2.0,0.4166666666666667,0.0,0.0,10.0,10.0,35.4,1.9,0.75,0.0,0.0,14.0,15.0,38.8,2.5,0.75,4.0,21.0,-550.0,0.0,0.19047619047619047,8,16,165.4,14.0,1699,1503,1313,0.0,0.0,15.0,9.0,35.4,1.1,0.7333333333333333,0.0,0.0,9.0,10.0,36.2,2.0,0.9090909090909091,0.5,0.0,55.0,-614.0,16.0,12.0,439.0,0.0,-0.08333333333333333,0.1875,0.0,0.0,0.8199999999999988,0.0
402,202203030101,1,0,0,18,0,0,1,14,0,0,0,0,0,0,0,5,0,0,0,4,0,0,0,0,0,0,0,2,0,0,0,0,0,0,0,0,0.0,0.0,2.0,5.0,40.7,2.0,0.25,0.0,0.0,17.0,17.0,36.5,2.0,0.2222222222222222,0.0,0.0,16.0,16.0,35.8,2.1,0.75,5.5,9.0,-50.0,0.0,0.3333333333333333,7,14,91.8,11.0,1403,1108,939,0.0,0.0,17.0,15.0,36.1,0.9,0.3888888888888889,0.0,0.0,15.0,12.0,35.6,2.1,0.4375,1.2,0.0,53.0,-358.0,16.0,8.0,449.0,0.0,0.1111111111111111,0.0,0.1111111111111111,-0.125,1.06,0.0
403,202203030107,5,4,2,30,0,1,0,7,0,0,0,0,0,0,0,11,0,0,0,2,0,0,0,0,0,0,0,2,0,0,0,0,0,0,0,0,0.0,0.0,40.0,10.0,37.5,0.9,0.4666666666666667,0.0,0.0,30.0,8.0,36.8,1.0,0.375,0.0,0.0,10.0,1.0,36.7,0.0,0.5333333333333333,-4.5,6.0,-50.0,0.125,0.1875,8,15,7.8,4.0,1520,1208,695,,,,,,,,,,,,,,,-4.5,0.3333333333333333,53.0,20.0,16.0,15.0,466.0,0.0,-0.0625,-0.06666666666666667,,,0.3999999999999986,0.0
404,202203030107,5,15,5,50,0,0,0,0,0,0,0,0,1,7,2,22,0,0,0,0,0,0,0,0,0,2,1,10,0,0,0,0,0,0,0,0,0.0,0.0,50.0,6.0,40.2,0.9,0.06666666666666667,0.0,0.0,30.0,7.0,36.9,1.5,0.38461538461538464,0.0,0.0,10.0,4.0,36.5,0.3,0.625,-1.0,-4.0,-250.0,0.0,0.0,8,16,3.4,1.0,1576,1598,1577,0.0,0.0,10.0,2.0,36.7,0.4,0.125,0.0,0.0,90.0,2.0,38.0,0.2,0.06666666666666667,-1.3,0.4,53.0,-42.0,16.0,15.0,498.0,0.0,0.0,0.0,0.0625,0.0,0.46000000000000013,0.0
405,202203030107,3,7,4,38,4,7,6,72,0,1,0,4,0,1,0,11,2,1,1,19,0,0,0,1,0,1,0,5,1,0,0,9,0,0,0,0,0.0,0.0,5.0,3.0,39.9,0.6,0.09090909090909091,0.0,0.0,1.0,13.0,38.4,1.4,0.375,0.0,0.0,2.0,3.0,37.0,0.9,0.25,0.0,-5.0,-250.0,0.04,0.2,3,5,3.9,2.0,1278,1263,625,0.0,0.0,6.0,8.0,35.5,1.4,0.5555555555555556,0.0,0.0,1.0,1.0,36.8,0.0,0.16666666666666666,-0.9,0.6,56.0,-615.0,16.0,11.0,459.0,0.0,0.125,-0.0625,0.0,0.0,0.9100000000000001,0.0
406,202203030107,0,0,0,2,0,1,0,1,0,0,0,0,0,0,0,0,0,1,0,0,0,0,0,0,0,0,0,0,0,0,0,0,0,0,0,0,0.0,0.0,30.0,6.0,40.8,0.5,0.3333333333333333,0.0,0.0,90.0,13.0,38.8,1.8,0.1875,0.0,0.0,100.0,11.0,39.8,1.8,0.125,2.5,-21.0,-250.0,0.07692307692307693,0.15384615384615385,7,13,10.7,5.0,1467,1172,336,0.0,0.0,70.0,13.0,38.2,2.6,0.23076923076923078,0.0,0.0,50.0,14.0,38.6,1.4,0.0625,1.6,0.0,56.0,-620.0,16.0,9.0,459.0,-0.1111111111111111,0.0625,0.0,0.15384615384615385,0.0,0.49999999999999856,0.0
407,202203030107,1,0,3,6,3,5,2,27,0,0,0,0,0,0,3,2,0,1,0,5,0,0,0,0,0,0,1,1,0,0,0,1,0,0,0,0,0.0,0.0,60.0,6.0,37.5,0.8,0.26666666666666666,0.0,0.0,80.0,5.0,36.4,1.1,0.4375,0.0,0.0,100.0,13.0,38.4,2.4,0.125,3.5,-4.0,-50.0,0.125,0.375,7,14,18.2,7.0,1426,1618,306,0.0,0.0,10.0,1.0,37.8,0.0,0.125,0.0,0.0,10.0,7.0,37.9,0.8,0.25,-0.2,0.2,56.0,77.0,16.0,15.0,456.0,0.06666666666666667,0.0,0.0,-0.0625,0.0,-0.21999999999999958,0.0
408,202203030107,0,1,0,2,2,0,0,9,0,0,0,0,0,1,0,2,1,0,0,6,0,0,0,0,0,0,0,0,0,0,0,1,0,0,0,0,0.0,0.0,6.0,7.0,42.0,3.2,0.7142857142857143,0.0,0.0,13.0,13.0,38.0,1.9,0.5625,0.0,0.0,5.0,9.0,37.7,1.5,0.5454545454545454,1.0,-7.0,-80.0,0.0,0.09090909090909091,4,7,41.0,12.0,1270,1036,969,0.0,0.0,9.0,8.0,38.4,2.1,0.38461538461538464,0.0,0.0,7.0,10.0,39.6,1.8,0.1875,0.1,0.0,56.0,-697.0,16.0,7.0,507.0,0.0,0.0625,0.0,-0.07692307692307693,0.25,0.43999999999999984,0.0
409,202203030107,0,2,3,14,3,0,3,13,0,0,2,2,0,2,0,3,0,0,0,4,0,0,0,0,0,0,0,2,0,0,0,2,0,0,0,0,0.0,0.0,,,,,,0.0,0.0,140.0,12.0,36.9,2.2,0.8666666666666667,0.0,0.0,150.0,11.0,36.7,1.2,0.9375,-1.0,,-250.0,0.09090909090909091,0.36363636363636365,4,8,62.7,13.0,1440,1721,1167,0.0,0.0,130.0,7.0,36.3,1.3,0.6875,0.0,0.0,60.0,10.0,36.8,1.7,0.625,-1.0,0.0,53.0,-618.0,16.0,11.0,,,0.0,0.0,0.0625,0.0,0.07000000000000099,0.0
410,202203030107,0,0,1,21,3,1,3,27,0,0,1,2,0,0,1,8,1,1,3,13,0,0,1,2,0,0,1,6,0,1,2,6,0,0,1,2,0.0,0.0,8.0,10.0,14.1,7.2,0.75,0.0,0.0,9.0,4.0,13.4,3.4,0.4166666666666667,0.0,0.0,12.0,10.0,13.8,6.1,0.5,0.0,2.0,-1710.0,0.0,0.0,3,6,6.5,3.0,1489,1362,565,0.0,0.0,11.0,11.0,40.8,3.8,0.5,0.0,0.0,5.0,5.0,38.7,2.0,0.2727272727272727,-0.3,0.0,54.0,-455.0,16.0,12.0,492.0,0.08333333333333333,0.0,0.14285714285714285,0.4166666666666667,0.18181818181818182,-7.659999999999999,0.0
411,202203030107,4,7,1,37,3,0,2,21,0,0,1,0,2,3,0,12,1,0,1,14,0,0,0,0,2,0,0,6,0,0,0,8,0,0,0,0,0.0,0.0,9.0,8.0,36.3,1.2,0.875,0.0,0.0,11.0,8.0,38.6,0.6,0.7333333333333333,0.0,0.0,8.0,9.0,36.6,1.5,0.6875,0.5,-14.0,-50.0,0.015384615384615385,0.1076923076923077,2,4,29.1,8.0,1221,1306,1263,0.0,0.0,11.0,9.0,34.0,1.1,0.6666666666666666,0.0,0.0,11.0,12.0,38.3,2.2,0.3125,0.9,0.0,55.0,-42.0,16.0,16.0,494.0,-0.0625,0.0,-0.125,,0.0,0.060000000000000143,0.0
412,202203030107,0,0,2,3,1,0,0,3,0,0,0,1,0,0,1,0,0,0,0,1,0,0,0,0,0,0,0,0,0,0,0,0,0,0,0,0,0.0,0.0,2.0,5.0,41.0,0.6,0.4166666666666667,0.0,0.0,13.0,10.0,37.5,2.1,0.8125,0.0,0.0,15.0,11.0,37.3,0.9,0.75,3.0,5.0,-250.0,0.02631578947368421,0.05263157894736842,5,9,39.1,11.0,1601,1206,239,0.0,0.0,12.0,9.0,36.4,1.0,0.875,0.0,0.0,13.0,9.0,37.3,0.9,0.5333333333333333,0.7,0.0,55.0,-715.0,16.0,12.0,459.0,-0.16666666666666666,-0.0625,0.0,-0.0625,0.0,0.8500000000000008,0.0
413,202203030107,0,3,1,18,1,5,4,43,0,0,0,2,0,1,0,6,0,3,2,13,0,0,0,2,0,0,0,3,0,2,1,4,0,0,0,2,0.0,0.0,8.0,5.0,40.8,1.1,0.45454545454545453,0.0,0.0,16.0,10.0,36.8,1.8,0.875,0.0,0.0,14.0,12.0,38.6,1.6,0.5333333333333333,3.5,33.0,-250.0,0.0,1.0,1,2,128.6,16.0,1383,1482,246,0.0,0.0,16.0,11.0,36.6,1.8,0.875,0.0,0.0,12.0,14.0,37.7,2.3,0.8125,1.9,0.0,54.0,-588.0,16.0,11.0,489.0,0.09090909090909091,0.0,0.0,0.0,0.0,0.6399999999999985,0.0
414,202203030107,0,2,2,20,0,0,0,9,0,0,0,1,0,0,1,7,0,0,0,2,0,0,0,0,0,0,0,1,0,0,0,1,0,0,0,0,0.0,0.0,1.0,1.0,38.7,0.0,0.09090909090909091,0.0,0.0,16.0,15.0,37.8,1.7,0.75,0.0,0.0,13.0,11.0,37.4,1.0,0.5333333333333333,5.0,15.0,-50.0,0.19230769230769232,0.38461538461538464,5,10,88.7,15.0,1393,848,1263,0.0,0.0,16.0,13.0,37.5,1.9,0.75,0.0,0.0,9.0,8.0,14.0,7.7,0.8888888888888888,1.2,0.2,56.0,-709.0,16.0,11.0,507.0,0.0,0.0,0.0,0.125,0.0,4.970000000000001,0.0
415,202203030107,2,0,2,11,0,0,0,0,0,0,0,0,0,0,1,3,0,0,0,0,0,0,0,0,0,0,1,0,0,0,0,0,0,0,0,0,0.0,0.0,10.0,30.0,40.2,1.5,0.2857142857142857,0.0,0.0,140.0,130.0,36.9,1.9,0.6875,0.0,0.0,80.0,130.0,37.0,1.6,0.8,50.0,7.0,-350.0,0.0,0.0,6,11,74.8,14.0,1463,527,1167,0.0,0.0,140.0,160.0,38.4,2.7,0.8125,0.0,0.0,60.0,90.0,36.4,1.3,0.5384615384615384,15.0,0.0,54.0,-610.0,16.0,7.0,463.0,0.0,0.0625,0.0,0.0,0.07692307692307693,0.6100000000000009,0.0
416,202203030107,0,0,0,2,3,4,3,31,0,0,0,0,0,0,0,0,2,2,1,17,0,0,0,0,0,0,0,0,1,0,1,4,0,0,0,0,0.0,0.0,2.0,1.0,39.5,0.0,0.1,0.0,0.0,16.0,16.0,37.5,1.5,0.1111111111111111,0.0,0.0,15.0,12.0,38.3,1.5,0.25,5.5,18.0,-250.0,0.3333333333333333,0.4444444444444444,1,1,11.5,6.0,1467,1235,336,0.0,0.0,10.0,9.0,36.5,1.8,0.7692307692307693,0.0,0.0,12.0,7.0,34.8,1.1,0.8571428571428571,0.5,0.2,50.0,-622.0,16.0,10.0,456.0,0.0,0.0,0.0625,0.07692307692307693,0.0,1.0400000000000005,0.0
417,202203030107,0,0,1,6,0,0,1,6,0,0,1,1,0,0,1,4,0,0,1,1,0,0,1,0,0,0,0,2,0,0,0,1,0,0,0,0,0.0,0.0,5.0,10.0,40.5,3.8,0.9,0.0,0.0,13.0,15.0,39.2,3.7,0.5333333333333333,0.0,0.0,4.0,15.0,37.3,1.6,0.25,2.5,-2.0,-350.0,0.3,0.6,6,12,38.2,10.0,1310,1599,1618,0.0,0.0,7.0,5.0,37.0,0.0,0.13333333333333333,0.0,0.0,10.0,15.0,37.8,2.6,0.5625,0.0,0.0,55.0,-409.0,16.0,10.0,516.0,0.0,0.06666666666666667,0.0625,0.0,0.0,0.7600000000000009,0.0
418,202203030107,0,2,2,20,0,0,0,0,0,0,0,0,0,0,1,7,0,0,0,0,0,0,0,0,0,0,0,1,0,0,0,0,0,0,0,0,0.0,0.0,11.0,13.0,44.2,6.0,0.07692307692307693,0.0,0.0,9.0,16.0,37.9,2.7,0.5625,0.0,0.0,12.0,11.0,35.9,1.0,0.25,-1.0,12.0,-650.0,0.0,0.16,2,3,31.9,9.0,1393,596,1263,0.0,0.0,3.0,8.0,35.1,0.9,0.3,0.0,0.0,7.0,14.0,36.1,1.2,0.25,-0.6,0.0,54.0,-78.0,16.0,13.0,454.0,0.3076923076923077,0.0,0.125,0.0,0.125,1.9,0.0
419,202203030207,5,4,1,43,3,5,2,27,0,0,0,1,1,2,0,27,0,1,0,5,0,0,0,0,1,1,0,10,0,0,0,1,0,0,0,0,0.0,0.0,5.0,1.0,38.1,0.0,0.13333333333333333,0.0,0.0,15.0,13.0,38.8,2.2,0.13333333333333333,0.0,0.0,16.0,12.0,37.9,2.0,0.625,5.5,5.0,-50.0,0.06666666666666667,0.2,3,4,5.8,3.0,1716,1618,1167,0.0,0.0,18.0,16.0,34.6,1.8,0.8333333333333334,0.0,0.0,12.0,10.0,39.1,1.6,0.8461538461538461,2.1000000000000005,0.2,54.0,-710.0,15.0,15.0,487.0,0.0,0.0,0.0625,0.16666666666666666,-0.15384615384615385,0.21999999999999958,0.0
420,202203030207,1,0,0,4,0,1,0,0,0,0,0,0,0,0,0,2,0,1,0,0,0,0,0,0,0,0,0,0,0,0,0,0,0,0,0,0,0.0,0.0,14.0,16.0,38.9,2.0,0.125,0.0,0.0,16.0,15.0,39.8,2.7,0.125,0.0,0.0,11.0,14.0,38.8,1.9,0.06666666666666667,-1.0,-4.0,-50.0,0.25,0.5,1,1,6.9,5.0,1629,1048,1428,0.0,0.0,5.0,6.0,38.6,1.4,0.125,0.0,0.0,7.0,10.0,36.9,1.5,0.36363636363636365,-2.1,0.0,53.0,-462.0,15.0,16.0,482.0,0.0,0.125,0.0,0.0,0.09090909090909091,0.5199999999999996,0.0
421,202203030207,1,1,3,26,3,5,2,27,0,0,0,0,1,0,3,14,0,1,0,5,0,0,0,0,0,0,2,11,0,0,0,1,0,0,0,0,0.0,0.0,,,,,,0.0,0.0,70.0,9.0,35.7,1.2,0.8571428571428571,0.0,0.0,100.0,5.0,35.1,1.0,0.7857142857142857,-4.0,,-50.0,0.17647058823529413,0.23529411764705882,6,10,66.6,10.0,1313,1618,1108,0.0,0.0,80.0,8.0,37.6,0.6,0.375,0.0,0.0,100.0,3.0,36.6,0.4,0.7333333333333333,-1.5,0.25,54.0,-548.0,15.0,9.0,,,-0.07142857142857142,0.0,-0.0625,-0.2,-0.5199999999999996,0.0
422,202203030207,2,3,1,23,1,0,1,10,0,0,0,1,1,2,1,11,0,0,0,4,0,0,0,1,1,0,0,3,0,0,0,1,0,0,0,1,0.0,0.0,70.0,60.0,40.4,2.1,0.6,0.0,0.0,120.0,100.0,38.1,1.1,0.3333333333333333,0.0,0.0,90.0,50.0,36.9,0.7,0.6666666666666666,-5.0,-4.0,-150.0,0.0,0.08695652173913043,4,7,47.4,8.0,1317,460,1186,0.0,0.0,110.0,40.0,36.9,0.9,0.625,0.0,0.0,120.0,120.0,36.8,1.1,0.875,6.0,0.0,55.0,-443.0,15.0,10.0,486.0,-0.1,0.13333333333333333,-0.06666666666666667,0.0,0.0,0.8400000000000005,0.0
423,202203030207,0,0,0,2,2,5,5,34,0,0,0,0,0,0,0,1,0,2,3,11,0,0,0,0,0,0,0,0,0,1,0,4,0,0,0,0,0.0,0.0,9.0,13.0,34.9,1.4,1.0,0.0,0.0,11.0,6.0,37.7,0.7,0.25,0.0,0.0,5.0,5.0,35.5,1.1,0.21428571428571427,-4.0,-6.0,150.0,0.0,0.0,7,12,85.4,12.0,1432,1366,1428,0.0,0.0,3.0,5.0,35.4,0.4,0.2857142857142857,0.0,0.0,4.0,9.0,34.4,1.4,1.0,-0.9,0.0,51.0,-441.0,15.0,14.0,470.0,0.0,0.125,0.0,0.0,0.0,0.3300000000000004,0.0
424,202203030207,8,2,6,36,0,0,0,2,0,0,0,0,1,0,3,9,0,0,0,1,0,0,0,0,0,0,1,1,0,0,0,1,0,0,0,0,0.0,0.0,10.0,4.0,37.4,1.1,0.26666666666666666,0.0,0.0,20.0,2.0,37.0,0.3,0.4375,0.0,0.0,10.0,4.0,36.6,0.6,0.3333333333333333,0.0,2.0,-50.0,0.0,0.15384615384615385,6,11,3.5,1.0,1009,1561,298,0.0,0.0,20.0,2.0,36.0,0.6,0.3125,0.0,0.0,20.0,1.0,37.4,0.0,0.125,-0.6,0.6,54.0,15.0,15.0,15.0,468.0,0.0,0.0,0.0,-0.0625,0.0,0.1,0.0
425,202203030207,2,3,1,23,1,0,0,0,0,0,0,0,1,2,1,11,0,0,0,0,0,0,0,0,1,0,0,3,0,0,0,0,0,0,0,0,0.0,0.0,70.0,10.0,55.0,16.0,0.3,0.0,0.0,100.0,16.0,40.0,3.7,0.9375,0.0,0.0,160.0,14.0,39.8,3.2,0.1875,2.0,0.0,-450.0,0.0,0.3333333333333333,2,2,16.6,7.0,1317,1309,1186,0.0,0.0,130.0,15.0,39.5,3.5,0.3125,0.0,0.0,90.0,1.0,37.8,0.0,0.25,-1.9,0.2,54.0,-630.0,15.0,10.0,484.0,0.7,0.0,0.0,0.0,-0.0625,3.4900000000000007,0.0
426,202203030207,4,2,1,13,3,1,3,27,0,0,0,0,2,0,1,7,1,1,3,13,0,0,0,0,1,0,1,2,0,1,2,6,0,0,0,0,0.0,0.0,2.0,1.0,38.7,0.0,0.5555555555555556,0.0,0.0,12.0,10.0,39.3,3.1,0.9166666666666666,0.0,0.0,9.0,8.0,40.1,4.2,1.0,3.5,-8.0,-250.0,0.025,0.05,4,6,72.3,11.0,1571,1362,1108,0.0,0.0,14.0,12.0,37.1,1.3,1.0,0.0,0.0,10.0,10.0,35.8,2.3,0.6363636363636364,2.0,0.2,53.0,-617.0,15.0,9.0,450.0,-0.4444444444444444,-0.16666666666666666,0.0,-0.06666666666666667,-0.09090909090909091,0.8000000000000007,0.0
427,202203030207,5,4,1,43,1,3,1,25,1,0,0,3,1,2,0,27,0,0,0,6,0,0,0,2,1,1,0,10,0,0,0,0,0,0,0,0,0.0,0.0,130.0,10.0,37.3,1.9,0.9230769230769231,0.0,0.0,150.0,10.0,36.0,0.9,0.8,0.0,0.0,130.0,12.0,37.4,2.5,0.3076923076923077,1.0,-2.0,-50.0,0.0,0.09090909090909091,5,9,166.0,15.0,1716,1428,1167,0.0,0.0,120.0,13.0,37.4,2.3,0.35714285714285715,0.0,0.0,120.0,12.0,36.7,1.4,0.35714285714285715,0.7,0.0,57.0,22.0,15.0,13.0,456.0,0.07692307692307693,0.13333333333333333,0.0,0.14285714285714285,0.0,-0.020000000000000996,0.0
428,202203030207,0,0,1,6,0,2,0,2,0,0,0,1,0,0,1,4,0,0,0,2,0,0,0,1,0,0,0,2,0,0,0,1,0,0,0,1,0.0,0.0,110.0,3.0,37.2,0.9,0.5,0.0,0.0,150.0,15.0,35.9,2.0,0.5625,0.0,0.0,100.0,11.0,37.0,1.6,0.3076923076923077,4.0,-4.0,-50.0,0.06060606060606061,0.12121212121212122,2,3,55.1,9.0,1310,1070,1618,0.0,0.0,140.0,12.0,37.4,1.9,0.75,0.0,0.0,110.0,7.0,37.6,0.5,0.6923076923076923,0.5,0.2,55.0,21.0,15.0,12.0,478.0,0.0,0.125,0.0,0.0625,0.0,-0.2299999999999997,0.0
429,202203030207,0,0,0,0,3,0,2,21,0,0,0,0,0,0,0,0,1,0,1,14,0,0,0,0,0,0,0,0,0,0,0,8,0,0,0,0,0.0,0.0,5.0,5.0,41.0,0.8,0.08333333333333333,0.0,0.0,12.0,8.0,38.7,1.8,0.25,0.0,0.0,14.0,14.0,39.9,2.4,0.3125,4.5,16.0,-50.0,0.2727272727272727,0.45454545454545453,3,5,3.9,2.0,1498,1306,1036,0.0,0.0,10.0,10.0,37.6,1.3,0.125,0.0,0.0,2.0,11.0,38.2,1.1,0.13333333333333333,1.4,0.0,50.0,-620.0,15.0,12.0,438.0,0.0,0.0,-0.0625,0.0625,0.0,0.6699999999999996,0.0
430,202203030207,1,1,1,23,0,0,0,0,0,0,0,0,0,0,0,2,0,0,0,0,0,0,0,0,0,0,0,1,0,0,0,0,0,0,0,0,0.0,0.0,8.0,3.0,40.3,2.1,0.5555555555555556,0.0,0.0,10.0,14.0,44.3,6.9,0.14285714285714285,0.0,0.0,5.0,12.0,34.9,0.9,0.2222222222222222,4.5,10.0,-250.0,0.0392156862745098,0.21568627450980393,7,13,5.8,4.0,1428,693,1263,0.0,0.0,8.0,4.0,37.9,0.6,0.6875,0.0,0.0,10.0,10.0,35.6,0.7,0.16666666666666666,0.4,0.2,55.0,-332.0,15.0,9.0,470.0,-0.2222222222222222,0.07142857142857142,0.0,-0.125,0.0,1.579999999999999,0.0
431,202203030207,2,1,3,34,1,0,0,2,0,0,0,0,0,1,1,16,1,0,0,0,0,0,0,0,0,0,0,2,0,0,0,0,0,0,0,0,0.0,0.0,6.0,,,,0.7142857142857143,0.0,0.0,5.0,4.0,37.1,0.3,0.13333333333333333,0.0,0.0,10.0,5.0,37.8,0.6,0.125,1.0,-4.0,-550.0,0.17857142857142858,0.35714285714285715,8,15,147.8,14.0,1348,1225,1221,0.0,0.0,7.0,10.0,40.3,1.0,0.4375,0.0,0.0,6.0,4.0,37.9,0.6,0.6363636363636364,0.5,0.0,56.0,-98.0,15.0,14.0,472.0,,0.0,-0.0625,-0.25,-0.09090909090909091,-0.48999999999999916,0.0
432,202203030207,0,0,0,8,7,4,2,54,0,0,0,0,0,0,0,1,3,1,1,28,0,0,0,0,0,0,0,0,2,0,1,17,0,0,0,0,0.0,0.0,140.0,8.0,35.2,0.6,0.5625,0.0,0.0,12.0,15.0,38.1,1.6,0.1111111111111111,0.0,0.0,7.0,7.0,37.5,1.6,0.1111111111111111,-0.5,16.0,-650.0,0.125,0.325,5,8,13.6,6.0,1447,1013,1721,0.0,0.0,5.0,7.0,35.0,0.7,0.3,0.0,0.0,11.0,2.0,35.7,0.2,0.15384615384615385,-2.0,0.2,54.0,-742.0,15.0,16.0,442.0,-0.0625,0.6111111111111112,0.1111111111111111,0.0,-0.07692307692307693,0.21000000000000013,0.0
433,202203030207,0,0,1,4,2,5,5,34,0,0,0,0,0,0,0,2,0,2,3,11,0,0,0,0,0,0,0,2,0,1,0,4,0,0,0,0,0.0,0.0,1.0,3.0,41.7,1.4,0.2,0.0,0.0,13.0,11.0,38.8,2.0,0.8666666666666667,0.0,0.0,12.0,8.0,36.9,0.9,1.0,2.5,19.0,-250.0,0.25,0.5,8,14,141.6,13.0,1023,1366,1327,0.0,0.0,15.0,10.0,37.1,1.2,0.8125,0.0,0.0,7.0,13.0,35.9,1.2,0.7142857142857143,1.9,0.2,55.0,-713.0,15.0,10.0,513.0,0.0,0.0,-0.07142857142857142,0.0625,0.07142857142857142,1.3300000000000005,0.0
434,202203030211,0,0,0,7,0,4,6,49,0,0,0,0,0,0,0,2,0,1,3,17,0,0,0,0,0,0,0,0,0,0,0,1,0,0,0,0,0.0,0.0,60.0,10.0,39.2,3.5,0.3,0.0,0.0,150.0,17.0,35.2,2.3,0.2222222222222222,0.0,0.0,,,,,,7.0,7.0,150.0,0.058823529411764705,0.11764705882352941,2,2,4.6,2.0,1677,1559,1167,0.0,0.0,100.0,15.0,40.2,3.7,0.1875,0.0,0.0,70.0,18.0,36.2,1.4,0.2222222222222222,2.2,0.0,54.0,-389.0,13.0,10.0,471.0,0.2,,,-0.0625,-0.05555555555555555,0.4,0.0
435,202203030211,0,0,1,0,0,0,1,3,0,0,1,0,0,0,1,0,0,0,1,1,0,0,1,0,0,0,1,0,0,0,1,0,0,0,1,0,0.0,0.0,10.0,12.0,40.2,4.5,0.75,0.0,0.0,16.0,15.0,38.4,2.5,0.625,0.0,0.0,13.0,10.0,36.9,1.4,0.3076923076923077,-1.0,7.0,-250.0,0.06896551724137931,0.1724137931034483,6,9,36.4,9.0,666,432,674,0.0,0.0,11.0,12.0,39.2,2.4,0.15384615384615385,0.0,0.0,10.0,15.0,39.7,2.7,0.06666666666666667,0.3,0.0,57.0,-540.0,13.0,12.0,485.0,0.25,0.1875,0.0,0.07692307692307693,0.0,0.019999999999999574,0.0
436,202203030211,0,0,0,3,0,0,0,1,0,0,0,0,0,0,0,2,0,0,0,0,0,0,0,0,0,0,0,0,0,0,0,0,0,0,0,0,0.0,0.0,10.0,9.0,13.7,5.8,0.16666666666666666,0.0,0.0,13.0,16.0,39.8,3.0,0.125,0.0,0.0,8.0,9.0,37.3,1.3,0.7692307692307693,0.0,2.0,-1710.0,0.12195121951219512,0.3170731707317073,8,12,2.7,1.0,429,226,377,0.0,0.0,8.0,12.0,38.4,1.9,0.5714285714285714,0.0,0.0,5.0,8.0,36.2,0.9,0.625,-0.6,0.0,57.0,-461.0,13.0,12.0,468.0,0.4166666666666667,0.0625,-0.07692307692307693,-0.07142857142857142,0.125,-4.360000000000001,0.0
437,202203030211,2,0,0,18,3,5,4,53,0,0,0,1,0,0,0,3,1,1,2,20,0,0,0,1,0,0,0,0,0,0,0,1,0,0,0,0,0.0,0.0,50.0,100.0,39.9,1.2,0.45454545454545453,0.0,0.0,140.0,110.0,37.5,0.8,0.375,0.0,0.0,50.0,90.0,37.7,1.1,0.38461538461538464,-5.0,-9.0,-250.0,0.014925373134328358,0.11940298507462686,7,11,9.3,5.0,1605,1556,1,0.0,0.0,50.0,120.0,37.9,1.1,0.25,0.0,0.0,50.0,40.0,37.2,0.5,0.3076923076923077,-11.0,0.0,55.0,-374.0,13.0,11.0,489.0,0.09090909090909091,0.0625,0.07692307692307693,0.0625,0.0,0.4999999999999993,0.0
438,202203030211,0,1,0,0,1,1,0,3,0,1,0,0,0,1,0,0,0,1,0,2,0,1,0,0,0,1,0,0,0,1,0,0,0,1,0,0,0.0,0.0,10.0,12.0,40.3,2.9,0.13333333333333333,0.0,0.0,4.0,8.0,38.4,1.1,0.15384615384615385,0.0,0.0,6.0,12.0,38.2,2.7,0.08333333333333333,0.0,6.0,-250.0,0.024390243902439025,0.04878048780487805,6,8,4.7,3.0,1722,1418,1559,0.0,0.0,8.0,2.0,37.6,0.3,0.125,0.0,0.0,7.0,9.0,38.2,1.6,0.125,-1.2,0.2,55.0,-427.0,13.0,15.0,488.0,0.13333333333333333,0.0,0.08333333333333333,0.0,0.0,0.49999999999999856,0.0
439,202203030211,6,2,6,44,7,4,2,54,3,1,0,7,5,1,3,31,3,1,1,28,3,1,0,6,0,0,0,1,0,0,0,1,0,0,0,0,0.0,0.0,20.0,6.0,39.5,1.3,0.1,0.0,0.0,130.0,15.0,38.7,1.5,0.0625,0.0,0.0,100.0,6.0,37.7,0.8,0.07692307692307693,0.0,-4.0,-50.0,0.1111111111111111,0.23809523809523808,5,6,45.5,10.0,1228,1013,1108,0.0,0.0,50.0,7.0,34.6,0.6,0.05555555555555555,0.0,0.0,130.0,13.0,37.6,1.1,0.0625,0.6,0.0,55.0,-599.0,13.0,10.0,482.0,0.0,0.0,0.0,,0.0,0.7899999999999998,0.0
440,202203030211,5,15,5,50,0,4,6,49,0,0,0,2,1,7,2,22,0,1,3,17,0,0,0,1,0,0,1,1,0,0,0,1,0,0,0,0,0.0,0.0,13.0,7.0,37.2,1.2,0.7692307692307693,0.0,0.0,10.0,15.0,38.6,2.0,0.0625,0.0,0.0,9.0,9.0,37.2,0.9,0.375,1.0,-2.0,0.0,0.0,0.14285714285714285,1,1,99.0,13.0,1576,1559,1577,0.0,0.0,6.0,16.0,39.8,3.0,0.125,0.0,0.0,1.0,1.0,36.1,0.0,0.06666666666666667,-1.1,0.2,55.0,0.0,13.0,13.0,460.0,-0.3076923076923077,0.0,0.0,0.0625,0.0,0.10000000000000071,0.0
441,202203030211,8,2,6,36,4,4,8,47,0,0,0,2,1,0,3,9,1,2,3,22,0,0,0,1,0,0,0,1,0,0,0,2,0,0,0,0,0.0,0.0,11.0,12.0,38.5,3.1,0.9166666666666666,0.0,0.0,15.0,16.0,39.2,2.2,0.125,0.0,0.0,8.0,8.0,38.3,1.8,0.46153846153846156,-2.0,3.0,250.0,0.2727272727272727,0.5454545454545454,4,5,28.6,8.0,1009,1558,298,0.0,0.0,1.0,1.0,36.4,0.0,0.16666666666666666,0.0,0.0,4.0,2.0,35.8,0.1,0.16666666666666666,-3.5,0.4,55.0,-219.0,13.0,12.0,495.0,0.08333333333333333,0.0,0.0,-0.08333333333333333,-0.08333333333333333,0.820000000000001,0.0
442,202203030211,0,0,1,1,3,0,3,13,0,0,0,0,0,0,1,1,0,0,0,4,0,0,0,0,0,0,0,0,0,0,0,1,0,0,0,0,0.0,0.0,14.0,10.0,33.9,1.5,0.5,0.0,0.0,3.0,16.0,36.2,1.9,0.1875,0.0,0.0,6.0,9.0,38.8,2.0,0.15384615384615385,-0.5,2.0,150.0,0.12195121951219512,0.36585365853658536,5,7,14.3,6.0,1534,1721,1235,0.0,0.0,5.0,1.0,33.0,0.0,0.05555555555555555,0.0,0.0,5.0,12.0,35.3,0.5,0.0625,-1.1,0.2,54.0,-279.0,13.0,16.0,442.0,,,0.23076923076923078,,0.0,0.04000000000000057,0.0
443,202203030211,4,7,1,37,0,0,0,2,0,0,0,1,2,3,0,12,0,0,0,2,0,0,0,1,0,2,0,2,0,0,0,1,0,0,0,1,0.0,0.0,90.0,,,,0.7272727272727273,0.0,0.0,80.0,9.0,14.2,12.2,1.0,0.0,0.0,140.0,16.0,38.5,2.4,0.75,7.0,2.0,-1600.0,0.038461538461538464,0.21153846153846154,8,13,25.8,7.0,1221,818,1263,0.0,0.0,70.0,10.0,38.5,2.1,0.46153846153846156,0.0,0.0,90.0,2.0,37.3,0.1,0.08333333333333333,-2.7,0.25,57.0,-153.0,13.0,11.0,498.0,0.18181818181818182,0.0,0.0625,0.38461538461538464,0.0,-6.93,0.0
444,202203030211,5,4,1,43,5,3,5,38,1,1,0,2,1,2,0,27,3,2,0,15,1,1,0,2,0,0,0,3,0,0,0,0,0,0,0,0,0.0,0.0,14.0,9.0,35.3,1.1,0.3125,0.0,0.0,10.0,10.0,37.1,2.4,0.2,0.0,0.0,15.0,15.0,39.3,1.8,0.25,3.0,4.0,150.0,0.06896551724137931,0.27586206896551724,7,10,49.4,11.0,1716,1405,1167,0.0,0.0,11.0,11.0,38.9,2.5,0.46153846153846156,0.0,0.0,15.0,15.0,35.5,1.5,0.11764705882352941,1.3,0.0,57.0,-182.0,13.0,16.0,472.0,,0.0,0.0625,0.23076923076923078,0.0,-0.22000000000000028,0.0
445,202203030211,1,1,1,8,1,5,4,43,0,0,0,1,1,1,0,5,0,3,2,13,0,0,0,1,0,0,0,0,0,0,0,0,0,0,0,0,0.0,0.0,4.0,4.0,13.1,0.8,0.14285714285714285,0.0,0.0,5.0,2.0,13.3,0.7,0.25,0.0,0.0,5.0,3.0,13.6,1.5,0.3,-0.5,0.0,-1620.0,,,3,3,53.0,12.0,1020,1482,1576,0.0,0.0,7.0,5.0,13.5,2.5,0.4166666666666667,0.0,0.0,8.0,6.0,13.6,3.2,0.7272727272727273,0.7,0.4,57.0,-532.0,13.0,14.0,482.0,0.21428571428571427,-0.08333333333333333,0.0,0.0,0.09090909090909091,-0.11999999999999993,0.0
446,202203030211,4,2,1,13,0,0,2,1,0,0,1,0,2,0,1,7,0,0,1,0,0,0,1,0,0,0,0,0,0,0,0,0,0,0,0,0,0.0,0.0,16.0,12.0,37.2,1.2,0.625,0.0,0.0,16.0,11.0,36.2,1.6,0.625,0.0,0.0,9.0,9.0,34.5,0.4,0.7692307692307693,-1.5,-8.0,-50.0,,,4,4,8.7,4.0,1571,808,1108,0.0,0.0,13.0,11.0,36.3,0.6,0.25,0.0,0.0,13.0,13.0,38.0,1.9,0.625,0.2,0.0,55.0,-413.0,13.0,16.0,478.0,-0.0625,0.0625,0.0,0.0,0.0,-0.16999999999999887,0.0
447,202203030301,2,0,5,8,0,0,0,3,0,0,0,0,2,0,2,3,0,0,0,1,0,0,0,0,0,0,1,1,0,0,0,0,0,0,0,0,0.0,0.0,10.0,4.0,38.4,0.8,0.3333333333333333,,,,,,,,,,,,,,,,,-50.0,0.23076923076923078,0.5384615384615384,8,16,9.2,3.0,1148,1103,1393,,,,,,,,,,,,,,,,0.0,53.0,27.0,16.0,15.0,412.0,0.0,,,,,,
448,202203030301,1,1,1,8,1,1,0,14,0,0,0,1,1,1,0,5,0,1,0,5,0,0,0,1,1,1,0,2,0,1,0,3,0,0,0,0,0.0,0.0,13.0,12.0,35.7,1.5,0.7142857142857143,0.0,0.0,14.0,8.0,36.8,2.2,0.5,0.0,0.0,16.0,16.0,40.6,3.4,0.25,2.0,-2.0,150.0,0.0,0.0,6,11,39.7,9.0,1020,1393,1576,0.0,0.0,14.0,14.0,37.7,1.7,0.5,0.0,0.0,12.0,14.0,37.2,1.2,0.5333333333333333,1.0,0.0,54.0,-470.0,16.0,14.0,488.0,0.0,0.0,0.125,0.0,0.0,-0.39000000000000057,0.0
449,202203030301,0,0,0,2,1,1,0,14,0,0,0,0,0,0,0,0,0,1,0,5,0,0,0,0,0,0,0,0,0,1,0,3,0,0,0,0,0.0,0.0,150.0,14.0,35.4,1.6,0.5333333333333333,0.0,0.0,17.0,16.0,36.4,2.0,0.11764705882352941,0.0,0.0,18.0,18.0,33.7,1.4,0.5,2.0,2.0,-50.0,0.06666666666666667,0.26666666666666666,7,13,11.1,4.0,1467,1393,336,0.0,0.0,15.0,15.0,36.5,1.5,0.25,0.0,0.0,13.0,16.0,41.5,3.7,0.0625,0.3,0.0,54.0,-749.0,16.0,15.0,454.0,0.0,0.0,,0.0,0.0,-1.2300000000000004,0.0
450,202203030301,1,0,0,18,0,0,1,1,0,0,0,0,0,0,0,5,0,0,0,0,0,0,0,0,0,0,0,2,0,0,0,0,0,0,0,0,0.0,0.0,3.0,1.0,38.5,0.0,0.2,0.0,0.0,7.0,15.0,39.1,1.5,0.125,0.0,0.0,4.0,14.0,39.8,2.1,0.25,6.5,7.0,-80.0,0.0,0.125,1,1,11.6,5.0,1403,1506,939,0.0,0.0,1.0,9.0,37.6,1.2,0.18181818181818182,0.0,0.0,2.0,2.0,37.1,0.0,0.13333333333333333,-0.4,0.4,54.0,-704.0,16.0,5.0,477.0,0.0,0.0,0.0,0.0,0.0,0.4299999999999997,0.0
451,202203030301,2,0,5,8,1,0,0,7,0,0,0,0,2,0,2,3,0,0,0,3,0,0,0,0,0,0,1,1,0,0,0,2,0,0,0,0,0.0,0.0,30.0,4.0,40.0,0.6,0.25,0.0,0.0,130.0,15.0,38.5,4.1,0.8666666666666667,0.0,0.0,70.0,6.0,38.0,1.5,0.6153846153846154,1.0,33.0,-80.0,0.25,0.4166666666666667,8,15,35.2,8.0,1148,1543,1393,0.0,0.0,80.0,5.0,38.3,1.4,0.4375,0.0,0.0,40.0,5.0,38.0,2.4,0.2727272727272727,-0.8,0.0,50.0,-622.0,16.0,8.0,425.0,0.0,0.06666666666666667,0.0,0.0625,0.0,0.42000000000000026,0.0
452,202203030301,0,0,1,8,0,0,0,16,0,0,0,0,0,0,0,2,0,0,0,6,0,0,0,0,0,0,0,2,0,0,0,1,0,0,0,0,0.0,0.0,80.0,7.0,40.6,2.4,0.06666666666666667,0.0,0.0,100.0,10.0,40.1,3.0,0.07692307692307693,0.0,0.0,110.0,4.0,38.9,0.9,0.15384615384615385,-1.5,36.0,-50.0,0.0,0.25,5,10,241.9,15.0,1674,1551,1428,0.0,0.0,40.0,7.0,35.5,1.5,0.4166666666666667,0.0,0.0,60.0,9.0,39.3,1.8,0.0625,0.1,0.0,51.0,-550.0,16.0,15.0,472.0,0.06666666666666667,0.5384615384615384,-0.07692307692307693,0.0,0.0,0.720000000000001,0.0
453,202203030301,0,0,0,0,0,0,0,0,0,0,0,0,0,0,0,0,0,0,0,0,0,0,0,0,0,0,0,0,0,0,0,0,0,0,0,0,0.0,0.0,6.0,3.0,38.8,1.1,0.6,0.0,0.0,12.0,7.0,36.7,1.7,0.6875,0.0,0.0,17.0,10.0,35.4,0.7,0.6111111111111112,3.5,16.0,-250.0,0.0,0.18181818181818182,1,2,154.7,12.0,1064,549,1556,0.0,0.0,14.0,13.0,40.7,2.4,0.4375,0.0,0.0,12.0,7.0,38.6,1.7,0.4375,1.4,0.2,54.0,-616.0,16.0,10.0,470.0,-0.1,0.0,-0.1111111111111111,0.0,0.0,-0.3600000000000009,0.0
454,202203030301,0,0,0,6,4,4,1,48,0,0,0,2,0,0,0,6,1,0,0,12,0,0,0,2,0,0,0,1,1,0,0,6,0,0,0,1,0.0,0.0,5.0,12.0,43.3,5.8,1.0,0.0,0.0,18.0,9.0,35.2,0.7,0.7777777777777778,0.0,0.0,15.0,14.0,34.6,1.4,0.8888888888888888,1.0,-24.0,-150.0,0.16666666666666666,0.2777777777777778,2,3,29.6,6.0,1287,1183,1235,0.0,0.0,10.0,8.0,35.8,1.3,0.375,0.0,0.0,10.0,13.0,36.7,1.3,0.7222222222222222,0.1,0.0,53.0,-439.0,16.0,12.0,416.0,0.0,0.0,-0.05555555555555555,0.0,-0.05555555555555555,1.2599999999999993,0.0
455,202203030301,0,1,2,25,0,0,1,6,0,0,0,0,0,0,1,14,0,0,1,1,0,0,0,0,0,0,0,8,0,0,0,0,0,0,0,0,0.0,0.0,8.0,6.0,38.4,0.9,0.5555555555555556,0.0,0.0,13.0,14.0,38.7,1.6,0.375,0.0,0.0,12.0,13.0,39.3,2.2,0.1875,3.5,24.0,-150.0,0.0,0.0,2,4,7.9,2.0,1645,1599,1366,0.0,0.0,9.0,10.0,38.1,0.6,0.15384615384615385,0.0,0.0,6.0,10.0,36.2,1.5,0.7272727272727273,0.4,0.0,51.0,-617.0,16.0,9.0,466.0,-0.1111111111111111,0.0625,0.0,-0.07692307692307693,0.0,0.4999999999999993,0.0
456,202203030301,5,15,5,50,1,5,4,43,0,0,0,0,1,7,2,22,0,3,2,13,0,0,0,0,0,3,0,9,0,0,1,8,0,0,0,0,0.0,0.0,10.0,3.0,39.2,0.0,0.0625,0.0,0.0,30.0,2.0,37.4,0.5,0.14285714285714285,0.0,0.0,90.0,3.0,37.8,0.3,0.5333333333333333,0.0,6.0,-50.0,0.0,0.1875,5,9,1.5,1.0,1576,1482,1577,0.0,0.0,50.0,3.0,37.9,0.6,0.16666666666666666,,,,,,,,0.1,1.0,52.0,41.0,16.0,16.0,418.0,0.0,-0.07142857142857142,0.06666666666666667,0.0,,0.3500000000000014,0.0
457,202203030301,0,0,0,0,0,0,0,2,0,0,0,0,0,0,0,0,0,0,0,2,0,0,0,0,0,0,0,0,0,0,0,0,0,0,0,0,0.0,0.0,9.0,8.0,38.5,1.6,0.6666666666666666,0.0,0.0,11.0,11.0,38.3,2.2,0.8125,0.0,0.0,8.0,13.0,40.8,3.6,0.42857142857142855,2.5,35.0,250.0,0.014705882352941176,0.11764705882352941,4,8,149.6,11.0,1579,1408,1605,0.0,0.0,13.0,5.0,37.7,0.8,0.9375,0.0,0.0,10.0,10.0,39.3,3.0,0.38461538461538464,-0.2,0.0,54.0,-508.0,16.0,9.0,479.0,0.2222222222222222,0.0,0.0,0.0,0.0,-0.1,0.0
458,202203030301,1,1,1,8,1,5,4,43,0,0,0,1,1,1,0,5,0,3,2,13,0,0,0,1,1,1,0,2,0,0,1,8,0,0,0,1,0.0,0.0,10.0,12.0,46.1,4.8,0.16666666666666666,0.0,0.0,130.0,9.0,37.3,1.7,0.5625,0.0,0.0,130.0,8.0,39.1,1.9,0.5,-2.0,18.0,-250.0,0.0,0.0,3,6,99.0,10.0,1020,1482,1576,0.0,0.0,160.0,10.0,40.1,2.1,0.625,0.0,0.0,100.0,12.0,39.9,2.3,0.1875,0.1,0.0,54.0,-623.0,16.0,12.0,450.0,0.16666666666666666,-0.0625,0.0625,-0.0625,0.125,0.9600000000000002,0.0
459,202203030301,0,1,0,6,0,1,0,8,0,0,0,0,0,0,0,1,0,1,0,1,0,0,0,0,0,0,0,0,0,1,0,1,0,0,0,0,0.0,0.0,3.0,3.0,41.2,0.5,0.5,0.0,0.0,11.0,11.0,37.1,2.7,1.0,0.0,0.0,16.0,13.0,37.9,2.3,1.0,5.0,3.0,-250.0,0.0,0.14814814814814814,7,14,354.2,16.0,1042,1708,488,0.0,0.0,8.0,7.0,38.1,2.6,0.6153846153846154,,,,,,,,1.4,0.25,54.0,-615.0,16.0,8.0,409.0,-0.125,0.0,0.0,-0.07692307692307693,,0.8500000000000008,0.0
460,202203030301,4,6,4,41,0,0,0,2,0,0,0,0,1,1,0,23,0,0,0,2,0,0,0,0,1,1,0,9,0,0,0,0,0,0,0,0,0.0,0.0,7.0,11.0,38.0,1.9,0.6666666666666666,0.0,0.0,7.0,14.0,38.8,2.5,0.6875,0.0,0.0,2.0,13.0,40.0,3.5,0.3076923076923077,1.0,-5.0,150.0,0.08333333333333333,0.125,3,5,30.7,7.0,1172,1576,1556,0.0,0.0,3.0,3.0,37.0,0.4,0.06666666666666667,,,,,,,,-2.5,0.25,54.0,-604.0,16.0,12.0,447.0,0.08333333333333333,0.0625,0.0,0.0,,0.17999999999999972,0.0
461,202203030301,0,0,0,0,4,0,0,43,0,0,0,0,0,0,0,0,0,0,0,10,0,0,0,0,0,0,0,0,0,0,0,5,0,0,0,0,0.0,0.0,30.0,4.0,43.1,3.2,0.1,0.0,0.0,100.0,12.0,36.9,2.7,0.6666666666666666,0.0,0.0,60.0,7.0,36.5,0.9,0.8333333333333334,1.5,21.0,-350.0,0.0,0.0,4,7,173.5,13.0,1699,1294,1313,0.0,0.0,110.0,8.0,38.4,1.4,0.7333333333333333,0.0,0.0,110.0,5.0,38.5,1.2,0.1875,-0.2,0.0,54.0,-586.0,16.0,10.0,487.0,0.1,0.08333333333333333,0.0,0.06666666666666667,0.0,0.7700000000000002,0.0
462,202203030301,0,0,0,7,3,1,3,27,0,0,0,1,0,0,0,2,1,1,3,13,0,0,0,0,0,0,0,1,1,0,1,4,0,0,0,0,0.0,0.0,15.0,16.0,42.2,5.3,0.75,0.0,0.0,14.0,16.0,39.4,2.7,0.625,0.0,0.0,13.0,13.0,36.9,2.5,0.9333333333333333,-1.5,8.0,-250.0,0.0,0.25,6,12,208.6,14.0,1677,1362,1167,0.0,0.0,7.0,9.0,36.8,2.7,0.8,,,,,,,,-2.4,0.0,53.0,-99.0,16.0,16.0,406.0,0.1875,0.0,0.0,0.0,,1.8700000000000017,0.0
463,202203030304,5,4,1,43,5,3,5,38,1,1,0,2,1,2,0,27,3,2,0,15,1,1,0,2,1,1,0,10,1,2,0,9,1,1,0,0,0.0,0.0,10.0,2.0,37.1,0.6,0.14285714285714285,0.0,0.0,10.0,2.0,35.8,0.2,0.2,0.0,0.0,40.0,2.0,35.6,0.1,0.14285714285714285,0.0,8.0,-50.0,0.04,0.24,4,7,4.0,2.0,1716,1405,1167,0.0,0.0,20.0,10.0,35.7,0.8,0.0625,0.0,0.0,20.0,1.0,37.0,0.0,0.0625,0.5999999999999999,0.8,54.0,56.0,16.0,14.0,442.0,0.0,0.0,0.0,0.0,0.0,0.029999999999999714,0.0
464,202203030304,0,0,1,6,2,1,0,4,0,0,0,0,0,0,1,4,2,1,0,2,0,0,0,0,0,0,0,2,0,0,0,1,0,0,0,0,0.0,0.0,50.0,12.0,38.7,3.5,0.9166666666666666,0.0,0.0,150.0,18.0,36.4,1.7,0.05555555555555555,0.0,0.0,110.0,15.0,39.3,2.8,0.3333333333333333,1.5,4.0,330.0,0.0,0.125,4,8,8.1,5.0,1310,1199,1618,0.0,0.0,90.0,8.0,39.1,1.8,0.21428571428571427,0.0,0.0,50.0,15.0,38.8,1.3,0.25,-0.4,0.0,54.0,-292.0,16.0,12.0,478.0,0.08333333333333333,0.0,0.06666666666666667,0.0,0.0625,-0.28999999999999915,0.0
465,202203030304,1,1,1,8,3,5,4,53,0,0,0,0,1,1,0,5,1,1,2,20,0,0,0,0,0,0,0,1,0,0,2,5,0,0,0,0,0.0,0.0,13.0,11.0,36.7,1.2,0.75,0.0,0.0,16.0,17.0,33.2,1.4,0.7058823529411765,0.0,0.0,10.0,12.0,32.5,1.6,1.0,0.5,-2.0,-50.0,0.15789473684210525,0.2631578947368421,6,12,48.5,9.0,1020,1556,1576,0.0,0.0,17.0,14.0,35.4,0.9,0.6111111111111112,0.0,0.0,1.0,16.0,35.3,1.7,0.6111111111111112,0.7,0.0,54.0,-672.0,16.0,16.0,472.0,-0.0625,,,0.05555555555555555,,0.060000000000001566,0.0
466,202203030304,1,0,3,6,0,0,0,16,0,0,0,1,0,0,3,2,0,0,0,6,0,0,0,0,0,0,1,1,0,0,0,4,0,0,0,0,0.0,0.0,5.0,7.0,38.9,1.5,0.18181818181818182,0.0,0.0,7.0,13.0,41.0,2.9,0.3125,0.0,0.0,2.0,13.0,39.8,2.4,0.125,3.0,-6.0,-50.0,0.109375,0.234375,2,4,6.1,3.0,1426,1551,306,0.0,0.0,3.0,2.0,37.1,0.0,0.23076923076923078,0.0,0.0,12.0,4.0,37.0,0.4,0.125,-1.7,0.2,52.0,-533.0,16.0,11.0,518.0,0.0,0.0,0.125,0.0,0.0,0.7699999999999996,0.0
467,202203030304,1,0,0,4,0,4,6,49,0,0,0,0,0,0,0,2,0,1,3,17,0,0,0,0,0,0,0,0,0,0,3,8,0,0,0,0,0.0,0.0,16.0,14.0,33.9,1.3,0.6111111111111112,0.0,0.0,10.0,14.0,33.4,1.2,0.8235294117647058,0.0,0.0,6.0,8.0,36.8,1.7,0.25,-3.0,-2.0,150.0,0.0,0.08333333333333333,3,6,35.0,8.0,1629,1559,1428,0.0,0.0,1.0,4.0,36.2,0.9,0.2222222222222222,0.0,0.0,3.0,6.0,34.1,0.5,0.5,-2.6,0.0,54.0,-708.0,16.0,18.0,440.0,,,0.25,0.0,,-0.320000000000001,0.0
468,202203030304,0,0,0,2,3,5,4,53,0,0,0,0,0,0,0,0,1,1,2,20,0,0,0,0,0,0,0,0,0,0,2,5,0,0,0,0,0.0,0.0,3.0,11.0,36.0,0.9,0.9375,0.0,0.0,3.0,2.0,35.5,0.3,0.9333333333333333,0.0,0.0,7.0,3.0,36.8,0.5,0.75,-4.0,2.0,-50.0,0.014492753623188406,0.11594202898550725,8,15,7.5,4.0,1467,1556,336,0.0,0.0,10.0,7.0,36.5,1.2,0.9375,0.0,0.0,9.0,10.0,36.4,1.0,0.8666666666666667,0.3,0.4,54.0,-511.0,16.0,16.0,474.0,0.0,0.0,-0.0625,0.0,0.0,-0.17999999999999972,0.0
469,202203030304,0,0,0,1,1,0,0,0,0,0,0,0,0,0,0,0,0,0,0,0,0,0,0,0,0,0,0,0,0,0,0,0,0,0,0,0,0.0,0.0,11.0,11.0,40.8,2.8,0.5833333333333334,0.0,0.0,13.0,11.0,40.3,2.1,0.23076923076923078,0.0,0.0,13.0,8.0,38.1,1.9,0.5384615384615384,-1.5,1.0,-250.0,0.0,0.5,3,5,101.3,15.0,1204,1015,1221,0.0,0.0,11.0,11.0,36.9,1.4,0.3333333333333333,0.0,0.0,16.0,8.0,38.3,1.2,0.3125,-0.6,0.0,51.0,-565.0,16.0,12.0,455.0,0.16666666666666666,0.07692307692307693,-0.15384615384615385,0.25,0.0,0.8399999999999999,0.0
470,202203030304,2,0,5,8,1,0,2,8,0,0,0,0,2,0,2,3,1,0,1,5,0,0,0,0,0,0,1,2,0,0,0,1,0,0,0,0,0.0,0.0,70.0,16.0,34.4,1.6,0.16666666666666666,0.0,0.0,40.0,4.0,36.8,0.8,0.0625,0.0,0.0,50.0,4.0,38.0,1.1,0.06666666666666667,-6.0,0.0,150.0,0.08571428571428572,0.14285714285714285,6,11,10.7,7.0,1148,1592,1393,0.0,0.0,110.0,6.0,36.4,0.6,0.0625,0.0,0.0,90.0,8.0,39.0,1.6,0.06666666666666667,-1.4,0.0,52.0,83.0,16.0,18.0,436.0,,0.0,0.0,0.0,0.0,-0.8800000000000004,0.0
471,202203030304,0,0,0,1,0,0,0,3,0,0,0,0,0,0,0,0,0,0,0,0,0,0,0,0,0,0,0,0,0,0,0,0,0,0,0,0,0.0,0.0,9.0,12.0,50.5,10.6,0.5,0.0,0.0,17.0,18.0,38.0,2.4,0.1111111111111111,0.0,0.0,9.0,14.0,40.4,2.3,0.125,1.0,-2.0,-250.0,0.2857142857142857,0.5714285714285714,5,9,60.5,11.0,1154,962,1561,0.0,0.0,11.0,9.0,37.2,1.5,0.6875,0.0,0.0,2.0,9.0,38.1,2.5,0.36363636363636365,-1.5,0.0,53.0,-187.0,16.0,12.0,470.0,0.5,0.16666666666666666,0.0625,-0.125,0.09090909090909091,2.5599999999999996,0.0
472,202203030304,0,2,3,14,3,5,2,27,0,0,0,0,0,2,0,3,0,1,0,5,0,0,0,0,0,0,0,2,0,0,0,1,0,0,0,0,0.0,0.0,13.0,10.0,37.5,1.6,0.5,0.0,0.0,10.0,7.0,36.2,1.2,0.42857142857142855,0.0,0.0,4.0,8.0,36.6,1.0,0.14285714285714285,-1.0,6.0,0.0,0.0,0.2,1,2,87.1,13.0,1440,1618,1167,0.0,0.0,2.0,7.0,37.3,0.7,0.5,0.0,0.0,7.0,7.0,36.0,0.8,0.5714285714285714,-0.6,0.0,54.0,0.0,16.0,16.0,476.0,-0.0625,0.0,0.07142857142857142,0.08333333333333333,0.0,0.19000000000000056,0.0
473,202203030304,5,4,2,30,4,4,8,47,0,0,0,0,0,0,0,11,1,2,3,22,0,0,0,0,0,0,0,2,1,2,2,12,0,0,0,0,0.0,0.0,4.0,8.0,41.6,3.4,0.4444444444444444,0.0,0.0,16.0,15.0,35.0,0.7,1.0,0.0,0.0,9.0,9.0,36.2,0.7,0.7272727272727273,0.5,10.0,-50.0,0.0,0.03571428571428571,2,3,82.6,12.0,1520,1558,695,0.0,0.0,14.0,7.0,35.5,0.9,0.5714285714285714,0.0,0.0,12.0,8.0,35.6,1.4,0.9230769230769231,-0.8,0.0,52.0,-318.0,16.0,9.0,488.0,-0.2222222222222222,0.0,0.0,-0.07142857142857142,0.0,1.15,0.0
474,202203030304,5,15,5,50,0,0,1,7,0,0,0,0,1,7,2,22,0,0,0,3,0,0,0,0,0,2,1,10,0,0,0,1,0,0,0,0,0.0,0.0,20.0,3.0,36.6,0.6,0.4666666666666667,0.0,0.0,10.0,1.0,36.4,0.0,0.08333333333333333,0.0,0.0,10.0,2.0,36.6,0.0,0.16666666666666666,-0.5,-2.0,-50.0,0.08,0.12,7,13,9.9,6.0,1576,1511,1577,0.0,0.0,20.0,4.0,38.3,0.2,0.06666666666666667,0.0,0.0,30.0,3.0,38.7,0.4,0.0625,0.3,0.8,54.0,21.0,16.0,15.0,444.0,0.0,0.0,0.0,0.0,0.0,-0.6100000000000001,0.0
475,202203030304,5,4,1,43,3,5,4,53,0,0,0,3,1,2,0,27,1,1,2,20,0,0,0,2,1,1,0,10,0,0,2,5,0,0,0,0,0.0,0.0,7.0,4.0,37.3,1.1,0.9375,0.0,0.0,16.0,13.0,37.5,2.0,0.875,0.0,0.0,13.0,13.0,38.4,3.1,0.7333333333333333,4.5,18.0,-50.0,0.0,0.1836734693877551,8,16,105.6,16.0,1716,1556,1167,0.0,0.0,13.0,4.0,35.8,0.7,0.5,0.0,0.0,14.0,15.0,36.2,1.5,0.875,1.3,0.0,53.0,-605.0,16.0,16.0,432.0,-0.125,0.125,0.06666666666666667,-0.125,0.0,0.3899999999999991,0.0
476,202203030304,0,1,1,14,1,1,0,14,0,0,0,0,0,1,1,4,0,1,0,5,0,0,0,0,0,1,1,0,0,0,0,2,0,0,0,0,0.0,0.0,3.0,9.0,37.1,1.4,0.5,0.0,0.0,7.0,2.0,36.1,0.2,0.18181818181818182,0.0,0.0,4.0,4.0,36.6,0.6,0.25,-2.5,0.0,150.0,0.0,0.1111111111111111,7,14,49.6,10.0,1333,1393,1294,0.0,0.0,8.0,2.0,35.5,0.0,0.16666666666666666,0.0,0.0,9.0,7.0,35.9,0.9,0.45454545454545453,-0.4,0.4,54.0,-273.0,16.0,12.0,536.0,0.25,0.0,0.0,0.0,0.18181818181818182,0.3000000000000007,0.0
477,202203030304,6,3,7,31,0,1,0,8,0,0,0,0,2,1,1,1,0,1,0,1,0,0,0,0,0,1,0,0,0,0,0,0,0,0,0,0,0.0,0.0,14.0,15.0,38.6,2.9,0.6875,0.0,0.0,13.0,12.0,34.8,0.9,0.6,0.0,0.0,12.0,9.0,35.8,2.0,0.38461538461538464,-3.0,14.0,0.0,,,1,1,87.4,14.0,1503,1708,1263,0.0,0.0,10.0,11.0,34.0,2.1,0.875,0.0,0.0,12.0,12.0,34.9,1.1,0.7222222222222222,-0.7,0.0,55.0,0.0,16.0,16.0,396.0,0.0,0.26666666666666666,-0.07692307692307693,,0.2222222222222222,0.8200000000000003,0.0
478,202203030304,0,1,0,2,1,1,3,28,0,0,0,0,0,1,0,2,0,0,3,14,0,0,0,0,0,0,0,0,0,0,1,5,0,0,0,0,0.0,0.0,20.0,2.0,37.9,1.1,0.2222222222222222,0.0,0.0,160.0,14.0,38.0,1.2,0.25,0.0,0.0,,,,,,12.0,2.0,-50.0,0.08333333333333333,0.3333333333333333,5,10,4.0,1.0,1270,1221,969,0.0,0.0,120.0,12.0,36.3,1.5,0.9285714285714286,0.0,0.0,130.0,15.0,38.4,2.2,0.0625,3.7,0.25,52.0,-625.0,16.0,9.0,498.0,0.0,0.0,,0.0,0.0,0.020000000000000285,0.0
479,202203030412,0,0,0,1,7,4,2,54,0,0,0,0,0,0,0,0,3,1,1,28,0,0,0,0,0,0,0,0,2,0,1,17,0,0,0,0,0.0,0.0,,,,,,0.0,0.0,60.0,12.0,37.7,1.2,0.375,0.0,0.0,60.0,1.0,34.9,0.0,0.21428571428571427,-11.0,-4.0,150.0,0.03773584905660377,0.20754716981132076,3,5,3.0,1.0,1204,1013,1221,0.0,0.0,80.0,6.0,37.0,0.8,0.5,0.0,0.0,90.0,13.0,38.1,2.5,0.42857142857142855,0.8,0.25,54.0,-601.0,16.0,11.0,502.0,,0.1875,0.0,0.0625,0.07142857142857142,-0.32999999999999974,0.0
480,202203030412,2,0,2,11,3,4,3,31,0,0,0,2,0,0,1,3,2,2,1,17,0,0,0,0,0,0,1,0,1,0,1,4,0,0,0,0,0.0,0.0,12.0,6.0,35.1,0.4,0.14285714285714285,0.0,0.0,12.0,10.0,38.4,2.1,0.3333333333333333,0.0,0.0,8.0,14.0,38.4,1.6,0.25,4.0,2.0,-50.0,0.15,0.3,1,1,7.5,4.0,1463,1235,1167,0.0,0.0,9.0,12.0,38.6,1.3,0.0625,0.0,0.0,2.0,1.0,37.5,0.0,0.0625,-0.8,0.2,55.0,-685.0,16.0,14.0,504.0,0.0,0.0,0.0,0.0,0.0,-0.5,0.0
481,202203030412,2,0,5,36,0,0,0,2,0,0,0,0,1,0,0,2,0,0,0,0,0,0,0,0,0,0,0,0,0,0,0,0,0,0,0,0,0.0,0.0,8.0,7.0,38.1,1.1,0.375,0.0,0.0,11.0,8.0,37.5,1.1,0.75,0.0,0.0,10.0,5.0,37.3,2.4,0.6,-1.0,0.0,-50.0,0.11904761904761904,0.3333333333333333,4,8,14.3,6.0,1691,1438,1167,0.0,0.0,13.0,5.0,36.9,0.3,0.625,0.0,0.0,5.0,13.0,37.8,1.1,0.3125,0.9,0.0,55.0,-469.0,16.0,16.0,450.0,-0.0625,0.0,-0.06666666666666667,0.0,0.0,0.120000000000001,0.0
482,202203030412,4,7,1,37,0,0,0,1,0,0,0,1,2,3,0,12,0,0,0,0,0,0,0,0,2,0,0,6,0,0,0,0,0,0,0,0,0.0,0.0,6.0,5.0,36.8,1.1,0.7777777777777778,0.0,0.0,14.0,7.0,36.6,1.1,0.3333333333333333,0.0,0.0,7.0,14.0,36.4,1.7,0.9375,4.5,12.0,-50.0,0.0,0.18,6,12,28.4,10.0,1221,1552,1263,0.0,0.0,3.0,1.0,36.7,0.0,0.5,0.0,0.0,10.0,9.0,35.5,1.4,1.0,0.2,0.2,55.0,-612.0,16.0,9.0,516.0,0.0,0.06666666666666667,0.0625,0.0,0.0,0.24999999999999928,0.0
483,202203030412,5,4,1,43,3,0,2,21,0,0,0,0,1,2,0,27,1,0,1,14,0,0,0,0,1,1,0,10,0,0,0,8,0,0,0,0,0.0,0.0,5.0,7.0,41.3,1.9,1.0,0.0,0.0,14.0,12.0,36.4,1.1,1.0,0.0,0.0,11.0,9.0,36.8,1.0,0.8461538461538461,1.0,8.0,-450.0,0.23076923076923078,0.38461538461538464,8,16,18.5,7.0,1716,1306,1167,0.0,0.0,15.0,12.0,38.5,1.1,0.125,0.0,0.0,14.0,12.0,34.9,1.2,0.8666666666666667,1.0,0.0,52.0,-615.0,16.0,9.0,512.0,0.0,0.0,-0.15384615384615385,0.0,0.0,1.0699999999999996,0.0
484,202203030412,0,0,2,10,0,0,0,2,0,0,0,0,0,0,1,5,0,0,0,2,0,0,0,0,0,0,0,3,0,0,0,0,0,0,0,0,0.0,0.0,10.0,16.0,38.9,3.6,0.6875,0.0,0.0,10.0,7.0,38.3,0.6,0.2,0.0,0.0,9.0,6.0,37.0,1.2,0.625,-5.0,2.0,-50.0,0.0,0.16666666666666666,2,3,27.8,9.0,1557,1571,1559,0.0,0.0,2.0,1.0,39.6,0.0,0.1,0.0,0.0,11.0,9.0,39.9,1.8,0.3125,-2.0,0.2,54.0,-126.0,16.0,16.0,458.0,0.125,0.06666666666666667,0.0,0.0,-0.0625,-0.3300000000000004,0.0
485,202203030412,0,1,0,2,4,7,6,72,0,0,0,0,0,1,0,2,2,1,1,19,0,0,0,0,0,0,0,0,1,0,0,9,0,0,0,0,0.0,0.0,100.0,90.0,38.1,1.0,0.6363636363636364,0.0,0.0,140.0,120.0,39.0,1.9,0.1875,0.0,0.0,130.0,90.0,37.7,0.6,0.5625,0.0,7.0,250.0,0.0,0.0,3,6,8.3,5.0,1270,1263,969,0.0,0.0,130.0,80.0,37.3,0.5,0.1875,0.0,0.0,100.0,110.0,36.8,1.1,0.2857142857142857,0.0,0.0,56.0,-632.0,16.0,11.0,473.0,0.0,0.0,-0.0625,0.0,0.0,0.43000000000000116,0.0
486,202203030412,0,1,1,14,0,0,0,4,0,0,0,1,0,1,1,4,0,0,0,2,0,0,0,0,0,1,1,0,0,0,0,2,0,0,0,0,0.0,0.0,13.0,9.0,35.3,1.2,0.9375,0.0,0.0,9.0,4.0,36.4,0.9,1.0,0.0,0.0,6.0,9.0,36.4,1.4,0.8666666666666667,0.0,6.0,-50.0,0.0,0.2222222222222222,2,4,23.4,8.0,1333,1686,1294,0.0,0.0,12.0,5.0,35.8,0.8,1.0,0.0,0.0,16.0,4.0,37.2,0.2,0.9375,-0.9,0.0,57.0,-727.0,16.0,16.0,484.0,0.0,0.0,0.0,0.0,0.0,-0.320000000000001,0.0
487,202203030412,0,0,0,5,1,0,2,8,0,0,0,0,0,0,0,2,1,0,1,5,0,0,0,0,0,0,0,0,0,0,0,1,0,0,0,0,0.0,0.0,9.0,9.0,37.8,1.5,0.2727272727272727,0.0,0.0,6.0,14.0,37.7,1.7,0.5,0.0,0.0,5.0,7.0,36.6,0.4,0.2,-1.0,4.0,-250.0,0.09090909090909091,0.2727272727272727,4,7,81.9,13.0,1507,1592,593,0.0,0.0,4.0,1.0,35.6,0.0,0.125,0.0,0.0,1.0,3.0,37.2,0.0,0.7333333333333333,-2.5,0.4,56.0,-349.0,16.0,11.0,502.0,-0.09090909090909091,-0.0625,0.0,0.0,-0.2,0.329999999999999,0.0
488,202203030412,1,0,1,21,0,0,0,0,0,0,0,0,0,0,0,5,0,0,0,0,0,0,0,0,0,0,0,3,0,0,0,0,0,0,0,0,0.0,0.0,12.0,12.0,33.6,1.1,0.9375,0.0,0.0,9.0,3.0,35.3,0.7,0.75,0.0,0.0,13.0,5.0,35.7,0.3,0.875,-3.5,-6.0,-50.0,0.11904761904761904,0.35714285714285715,5,10,4.4,2.0,1152,187,1428,0.0,0.0,8.0,6.0,35.5,0.7,1.0,0.0,0.0,10.0,6.0,33.3,0.4,0.8571428571428571,-0.9,0.2,55.0,-308.0,16.0,16.0,480.0,-0.125,0.125,0.0625,0.0,0.0,0.04000000000000057,0.0
489,202203030412,1,4,3,40,3,1,3,27,0,0,0,1,0,0,0,9,1,1,3,13,0,0,0,1,0,0,0,6,0,1,2,6,0,0,0,0,0.0,0.0,1.0,8.0,38.2,0.8,0.2,0.0,0.0,15.0,11.0,37.4,1.6,0.625,0.0,0.0,8.0,7.0,38.0,1.9,0.2,-0.5,36.0,150.0,0.045454545454545456,0.045454545454545456,5,9,104.1,15.0,1183,1362,1558,0.0,0.0,13.0,12.0,41.6,4.4,0.2857142857142857,0.0,0.0,14.0,12.0,38.1,1.3,0.3333333333333333,0.9,0.0,57.0,-562.0,16.0,10.0,530.0,0.0,0.0,0.0,0.0,0.0,-0.4,0.0
490,202203030412,1,1,0,7,3,4,3,31,0,0,0,0,1,0,0,3,2,2,1,17,0,0,0,0,1,0,0,0,1,0,1,4,0,0,0,0,0.0,0.0,10.0,8.0,42.1,4.9,0.8,0.0,0.0,10.0,11.0,14.0,10.5,0.9090909090909091,0.0,0.0,15.0,16.0,38.5,2.4,0.5,4.0,-33.0,-250.0,0.26666666666666666,0.5333333333333333,8,15,7.1,3.0,1441,1235,1167,0.0,0.0,15.0,8.0,38.6,1.5,0.5,0.0,0.0,15.0,9.0,36.7,0.8,0.125,-0.1,0.0,55.0,-700.0,16.0,10.0,439.0,0.0,0.09090909090909091,0.125,-0.0625,0.0,-1.3800000000000003,0.0
491,202203030412,0,0,0,1,0,0,0,1,0,0,0,0,0,0,0,0,0,0,0,0,0,0,0,0,0,0,0,0,0,0,0,0,0,0,0,0,0.0,0.0,3.0,4.0,36.9,0.4,0.625,0.0,0.0,14.0,13.0,37.5,2.0,0.8125,0.0,0.0,15.0,16.0,38.3,2.4,0.6875,6.0,1.0,350.0,0.0,0.0,7,14,97.6,14.0,32,891,664,0.0,0.0,9.0,11.0,36.7,2.0,0.38461538461538464,0.0,0.0,9.0,7.0,36.0,1.0,0.35714285714285715,0.4,0.0,52.0,-467.0,16.0,8.0,405.0,0.0,-0.0625,0.125,-0.07692307692307693,0.0,0.25999999999999945,0.0
492,202203030412,4,6,4,41,2,0,2,17,0,0,0,2,1,1,0,23,1,0,1,8,0,0,0,2,0,0,0,11,0,0,1,5,0,0,0,2,0.0,0.0,11.0,14.0,38.7,2.3,0.1875,0.0,0.0,13.0,9.0,33.6,0.5,0.2222222222222222,0.0,0.0,5.0,11.0,33.8,1.1,0.3888888888888889,-1.5,4.0,0.0,0.1076923076923077,0.23076923076923078,7,13,53.3,11.0,1172,1170,1556,0.0,0.0,14.0,6.0,33.1,0.4,0.3888888888888889,0.0,0.0,4.0,1.0,39.0,0.0,0.1111111111111111,-2.9,0.2,52.0,0.0,16.0,16.0,448.0,0.0,,,,0.0,-0.009999999999999431,0.0
493,202203030412,6,2,6,44,1,0,0,7,0,0,0,1,5,1,3,31,0,0,0,2,0,0,0,1,4,0,1,16,0,0,0,1,0,0,0,1,0.0,0.0,,,,,,0.0,0.0,160.0,15.0,37.7,2.4,0.9375,0.0,0.0,140.0,16.0,39.5,3.3,0.75,1.0,,-250.0,0.0,0.17391304347826086,6,11,191.7,16.0,1228,322,1108,0.0,0.0,70.0,10.0,37.8,2.2,0.8,0.0,0.0,100.0,8.0,35.9,1.0,0.6666666666666666,-2.7,0.0,55.0,-108.0,16.0,9.0,,,-0.0625,0.0625,0.0,0.0,0.7100000000000015,0.0
494,202203030412,0,0,1,16,0,1,0,1,0,0,0,0,0,0,0,6,0,1,0,0,0,0,0,0,0,0,0,1,0,0,0,0,0,0,0,0,0.0,0.0,12.0,11.0,40.9,1.8,0.5,0.0,0.0,12.0,16.0,41.9,6.0,0.625,0.0,0.0,9.0,14.0,44.8,6.2,0.06666666666666667,1.5,11.0,-250.0,0.07692307692307693,0.3076923076923077,1,2,80.6,12.0,1036,1172,1108,0.0,0.0,4.0,15.0,40.3,3.6,0.375,0.0,0.0,7.0,6.0,39.0,1.8,0.2,-1.1,0.0,54.0,-622.0,16.0,12.0,453.0,0.5,0.3125,0.06666666666666667,0.0,0.0,0.5399999999999998,0.0
495,202203030508,0,1,1,14,3,5,2,27,0,0,0,0,0,1,1,4,0,1,0,5,0,0,0,0,0,1,1,0,0,0,0,1,0,0,0,0,0.0,0.0,30.0,4.0,38.5,0.8,0.13333333333333333,0.0,0.0,20.0,3.0,37.0,0.8,0.125,0.0,0.0,20.0,3.0,38.0,0.2,0.16666666666666666,-0.5,6.0,-50.0,0.21428571428571427,0.35714285714285715,6,11,4.2,2.0,1333,1618,1294,0.0,0.0,60.0,5.0,36.3,0.9,0.4166666666666667,0.0,0.0,80.0,4.0,35.6,0.3,0.07142857142857142,0.2,0.4,52.0,27.0,16.0,15.0,514.0,0.0,0.0,0.0,0.08333333333333333,0.07142857142857142,0.65,0.0
496,202203030508,0,0,0,1,0,0,0,0,0,0,0,0,0,0,0,0,0,0,0,0,0,0,0,0,0,0,0,0,0,0,0,0,0,0,0,0,0.0,0.0,40.0,4.0,33.9,1.0,0.4,0.0,0.0,60.0,4.0,34.6,0.4,0.2777777777777778,0.0,0.0,70.0,1.0,37.2,0.0,0.125,-1.5,2.0,-50.0,0.014285714285714285,0.11428571428571428,7,13,13.1,6.0,1089,879,1428,0.0,0.0,50.0,4.0,38.3,1.2,0.5333333333333333,0.0,0.0,50.0,2.0,38.3,0.1,0.3333333333333333,-0.4,0.4,54.0,56.0,16.0,15.0,448.0,-0.06666666666666667,0.0,0.0,0.0,0.0,-1.2499999999999993,0.0
497,202203030508,0,2,0,12,0,0,0,2,0,0,0,0,0,0,0,3,0,0,0,0,0,0,0,0,0,0,0,1,0,0,0,0,0,0,0,0,0.0,0.0,30.0,3.0,36.6,0.4,0.8571428571428571,0.0,0.0,90.0,18.0,40.4,4.9,0.16666666666666666,0.0,0.0,100.0,10.0,36.1,1.2,0.9333333333333333,3.5,8.0,-50.0,0.0,0.16666666666666666,5,9,7.8,4.0,1449,1236,1306,,,,,,,,,,,,,,,3.5,0.3333333333333333,55.0,21.0,16.0,14.0,520.0,-0.07142857142857142,0.2777777777777778,-0.2,,,0.25,0.0
498,202203030508,0,0,0,2,0,0,0,0,0,0,0,0,0,0,0,0,0,0,0,0,0,0,0,0,0,0,0,0,0,0,0,0,0,0,0,0,0.0,0.0,120.0,9.0,34.8,0.9,0.5384615384615384,0.0,0.0,6.0,14.0,34.3,0.7,0.35714285714285715,0.0,0.0,5.0,8.0,34.8,0.5,0.2857142857142857,-0.5,-4.0,-250.0,0.07142857142857142,0.14285714285714285,8,16,7.4,3.0,1243,89,1428,0.0,0.0,2.0,5.0,35.2,0.6,0.2777777777777778,0.0,0.0,4.0,2.0,33.9,0.1,0.375,-2.3,0.2,54.0,-742.0,16.0,13.0,448.0,0.0,0.0,0.0,0.0,0.0625,0.08999999999999915,0.0
499,202203030508,4,6,4,41,4,4,1,48,0,0,0,0,1,1,0,23,1,0,0,12,0,0,0,0,0,0,0,11,0,0,0,3,0,0,0,0,0.0,0.0,14.0,7.0,35.0,0.4,0.5714285714285714,0.0,0.0,9.0,5.0,36.0,1.2,1.0,0.0,0.0,11.0,5.0,35.1,0.6,0.9166666666666666,-1.0,-4.0,-50.0,0.0,0.17647058823529413,2,4,14.1,7.0,1172,1183,1556,0.0,0.0,11.0,8.0,37.0,1.0,0.5714285714285714,0.0,0.0,10.0,10.0,37.6,1.2,0.5333333333333333,0.9,0.0,53.0,-644.0,16.0,14.0,444.0,-0.07142857142857142,0.0,-0.08333333333333333,0.07142857142857142,-0.06666666666666667,-0.6200000000000003,0.0
500,202203030508,1,0,0,4,0,1,0,0,0,0,0,0,0,0,0,2,0,1,0,0,0,0,0,0,0,0,0,0,0,0,0,0,0,0,0,0,0.0,0.0,14.0,16.0,38.9,2.0,0.125,0.0,0.0,16.0,15.0,39.8,2.7,0.125,0.0,0.0,11.0,14.0,38.8,1.9,0.06666666666666667,-1.0,-4.0,-50.0,0.25,0.5,4,8,8.3,5.0,1629,1048,1428,0.0,0.0,5.0,6.0,38.6,1.4,0.125,0.0,0.0,7.0,10.0,36.9,1.5,0.36363636363636365,-2.1,0.0,53.0,-449.0,16.0,16.0,482.0,0.0,0.125,0.0,0.0,0.09090909090909091,0.5199999999999996,0.0
501,202203030508,2,3,1,23,1,0,1,10,0,0,0,1,1,2,1,11,0,0,0,4,0,0,0,1,1,0,0,3,0,0,0,1,0,0,0,1,0.0,0.0,70.0,60.0,40.4,2.1,0.6,0.0,0.0,120.0,100.0,38.1,1.1,0.3333333333333333,0.0,0.0,90.0,50.0,36.9,0.7,0.6666666666666666,-5.0,-4.0,-150.0,0.0,0.08,6,12,40.9,10.0,1317,460,1186,0.0,0.0,110.0,40.0,36.9,0.9,0.625,0.0,0.0,120.0,120.0,36.8,1.1,0.875,6.0,0.0,55.0,-430.0,16.0,10.0,486.0,-0.1,0.13333333333333333,-0.06666666666666667,0.0,0.0,0.8400000000000005,0.0
502,202203030508,1,1,3,26,3,5,2,27,0,0,0,0,1,0,3,14,0,1,0,5,0,0,0,0,0,0,2,11,0,0,0,1,0,0,0,0,0.0,0.0,,,,,,0.0,0.0,70.0,9.0,35.7,1.2,0.8571428571428571,0.0,0.0,100.0,5.0,35.1,1.0,0.7857142857142857,-4.0,,-50.0,0.07142857142857142,0.2857142857142857,5,10,22.6,8.0,1313,1618,1108,0.0,0.0,80.0,8.0,37.6,0.6,0.375,0.0,0.0,100.0,3.0,36.6,0.4,0.7333333333333333,-1.5,0.25,53.0,-535.0,16.0,9.0,,,-0.07142857142857142,0.0,-0.0625,-0.2,-0.5199999999999996,0.0
503,202203030508,0,0,1,8,0,0,0,2,0,0,0,1,0,0,0,2,0,0,0,0,0,0,0,0,0,0,0,0,0,0,0,0,0,0,0,0,0.0,0.0,12.0,16.0,35.4,1.7,0.625,0.0,0.0,8.0,11.0,34.9,0.7,0.29411764705882354,0.0,0.0,7.0,12.0,35.1,0.9,0.5,-2.0,2.0,-50.0,0.1111111111111111,0.2222222222222222,1,1,44.5,12.0,1674,1337,1428,0.0,0.0,6.0,7.0,35.6,0.4,0.6,0.0,0.0,9.0,15.0,35.0,0.7,0.625,-0.6,0.0,57.0,-504.0,16.0,16.0,502.0,0.0625,0.058823529411764705,0.16666666666666666,0.0,0.1875,0.009999999999999431,0.0
504,202203030508,0,0,0,1,0,0,1,1,0,0,0,0,0,0,0,0,0,0,0,0,0,0,0,0,0,0,0,0,0,0,0,0,0,0,0,0,0.0,0.0,140.0,16.0,39.7,8.1,1.0,0.0,0.0,10.0,1.0,37.0,0.0,0.7333333333333333,0.0,0.0,20.0,5.0,36.6,0.8,0.9375,-5.5,-14.0,-50.0,0.0,0.1,8,15,37.7,9.0,1089,1641,1428,0.0,0.0,20.0,2.0,37.3,0.0,0.625,0.0,0.0,90.0,4.0,37.2,0.3,0.625,-2.3000000000000003,0.4,54.0,217.0,16.0,16.0,470.0,0.0,-0.26666666666666666,-0.0625,-0.1875,-0.1875,0.4700000000000003,0.0
505,202203030508,0,0,0,0,4,4,8,47,0,0,0,0,0,0,0,0,1,2,3,22,0,0,0,0,0,0,0,0,1,2,2,12,0,0,0,0,0.0,0.0,110.0,15.0,35.5,1.2,0.2222222222222222,0.0,0.0,120.0,3.0,34.3,0.9,0.13333333333333333,0.0,0.0,140.0,14.0,34.9,0.9,0.8666666666666667,-0.5,-8.0,-250.0,0.043478260869565216,0.043478260869565216,3,6,59.9,13.0,1130,1558,1328,0.0,0.0,100.0,10.0,35.3,1.0,0.5714285714285714,0.0,0.0,150.0,3.0,34.1,0.1,0.5555555555555556,-1.7,0.4,57.0,40.0,16.0,18.0,432.0,0.0,0.0,-0.06666666666666667,0.07142857142857142,0.05555555555555555,0.17999999999999972,0.0
506,202203030508,0,1,0,6,3,1,3,27,0,0,0,0,0,0,0,2,1,1,3,13,0,0,0,0,0,0,0,1,0,1,2,6,0,0,0,0,0.0,0.0,2.0,2.0,38.9,0.1,0.08333333333333333,0.0,0.0,16.0,12.0,35.5,1.7,0.1875,0.0,0.0,11.0,11.0,39.1,2.0,0.2857142857142857,4.5,4.0,-250.0,0.0,0.14285714285714285,2,3,84.7,14.0,1657,1362,1317,0.0,0.0,6.0,8.0,35.7,1.1,0.5714285714285714,0.0,0.0,14.0,12.0,37.9,1.3,0.625,1.6,0.2,53.0,-607.0,16.0,12.0,464.0,0.0,,0.0,0.2857142857142857,0.1875,0.17999999999999972,0.0
507,202203030508,3,7,4,38,4,7,6,72,0,1,0,4,0,1,0,11,2,1,1,19,0,0,0,1,0,1,0,5,1,0,0,9,0,0,0,0,0.0,0.0,5.0,3.0,39.9,0.6,0.09090909090909091,0.0,0.0,1.0,13.0,38.4,1.4,0.375,0.0,0.0,2.0,3.0,37.0,0.9,0.25,0.0,-5.0,-250.0,0.05555555555555555,0.2222222222222222,4,7,3.2,1.0,1278,1263,625,0.0,0.0,6.0,8.0,35.5,1.4,0.5555555555555556,0.0,0.0,1.0,1.0,36.8,0.0,0.16666666666666666,-0.9,0.6,56.0,-601.0,16.0,11.0,459.0,0.0,0.125,-0.0625,0.0,0.0,0.9100000000000001,0.0
508,202203030508,0,0,1,16,0,0,1,3,0,0,0,0,0,0,0,6,0,0,0,0,0,0,0,0,0,0,0,1,0,0,0,0,0,0,0,0,0.0,0.0,9.0,17.0,33.3,2.6,0.8888888888888888,0.0,0.0,8.0,13.0,47.1,7.7,0.38461538461538464,0.0,0.0,14.0,14.0,37.4,1.6,0.6666666666666666,-1.5,-7.0,150.0,0.07692307692307693,0.2692307692307692,3,5,117.2,15.0,1036,1436,1108,0.0,0.0,13.0,12.0,38.5,1.7,0.625,0.0,0.0,15.0,14.0,38.0,1.9,0.875,-0.7,0.0,56.0,-274.0,16.0,18.0,464.0,,0.6153846153846154,0.0,0.0,0.125,-0.08000000000000043,0.0
509,202203030508,0,0,1,17,3,5,5,16,0,0,0,0,0,0,0,13,1,2,2,6,0,0,0,0,0,0,0,3,0,0,0,3,0,0,0,0,0.0,0.0,8.0,9.0,41.8,1.5,0.18181818181818182,0.0,0.0,12.0,12.0,13.9,10.0,1.0,0.0,0.0,13.0,10.0,14.0,8.5,0.46153846153846156,0.5,13.0,-250.0,0.0,0.0,7,14,243.1,16.0,1611,1014,1263,0.0,0.0,10.0,8.0,13.7,2.6,1.0,0.0,0.0,13.0,13.0,13.6,5.8,0.9285714285714286,0.4,0.0,52.0,-701.0,16.0,11.0,471.0,0.18181818181818182,0.0,0.3076923076923077,0.0,0.0,5.659999999999999,0.0
510,202203030508,0,0,1,8,0,1,3,1,0,0,0,0,0,0,0,2,0,0,2,0,0,0,0,0,0,0,0,0,0,0,1,0,0,0,0,0,0.0,0.0,11.0,16.0,39.2,2.4,0.5625,0.0,0.0,14.0,15.0,41.3,4.9,0.3125,0.0,0.0,6.0,11.0,39.9,1.7,0.13333333333333333,-2.5,8.0,0.0,0.0,0.0,1,2,43.5,11.0,1674,577,1428,0.0,0.0,10.0,15.0,39.1,2.3,0.0625,0.0,0.0,6.0,2.0,36.7,0.6,0.09090909090909091,-2.8,0.2,55.0,0.0,16.0,16.0,488.0,0.0625,0.0,0.0,0.0,0.0,0.7199999999999995,0.0
511,202203030510,2,3,1,23,5,3,5,38,0,0,0,0,1,2,1,11,3,2,0,15,0,0,0,0,0,1,0,1,0,0,0,0,0,0,0,0,0.0,0.0,9.0,11.0,32.7,0.9,0.75,0.0,0.0,13.0,6.0,36.4,1.5,0.5625,0.0,0.0,12.0,8.0,36.9,0.8,0.625,-1.5,4.0,150.0,0.07407407407407407,0.25925925925925924,8,15,4.9,1.0,1317,1405,1186,0.0,0.0,13.0,7.0,35.3,0.5,0.9375,0.0,0.0,9.0,8.0,36.3,0.6,0.9375,-0.5,0.0,56.0,-533.0,16.0,16.0,498.0,,0.0,-0.25,0.0,0.0,-0.6099999999999988,0.0
512,202203030510,0,1,0,2,4,7,6,72,0,0,0,0,0,1,0,2,2,1,1,19,0,0,0,0,0,0,0,0,0,0,0,5,0,0,0,0,0.0,0.0,14.0,13.0,39.2,2.5,0.14285714285714285,0.0,0.0,11.0,13.0,39.2,1.9,0.14285714285714285,0.0,0.0,6.0,13.0,38.0,2.4,0.07692307692307693,0.0,8.0,-50.0,0.0,0.07692307692307693,3,6,10.2,6.0,1270,1263,969,0.0,0.0,13.0,7.0,37.9,0.8,0.06666666666666667,0.0,0.0,11.0,1.0,37.0,0.0,0.0625,-3.0,0.2,52.0,-672.0,16.0,14.0,472.0,0.0,0.07142857142857142,0.07692307692307693,0.0,0.0,0.570000000000001,0.0
513,202203030510,0,2,3,14,3,5,2,27,0,0,0,0,0,2,0,3,0,1,0,5,0,0,0,0,0,0,0,0,0,1,0,1,0,0,0,0,0.0,0.0,30.0,11.0,37.5,0.9,0.0625,0.0,0.0,50.0,2.0,36.5,0.6,0.3076923076923077,0.0,0.0,80.0,9.0,13.7,8.1,0.09090909090909091,-1.0,-8.0,-50.0,0.0,0.125,8,16,13.5,8.0,1440,1618,1167,0.0,0.0,110.0,7.0,37.3,0.8,0.46153846153846156,0.0,0.0,100.0,10.0,13.8,5.0,0.9,0.3,0.2,53.0,161.0,16.0,16.0,478.0,0.0,0.0,0.6363636363636364,0.07692307692307693,-0.2,4.66,0.0
514,202203030510,5,4,1,43,1,3,1,25,1,0,0,3,1,2,0,27,0,0,0,6,0,0,0,2,0,0,0,4,0,0,0,1,0,0,0,1,0.0,0.0,13.0,11.0,37.4,1.4,0.6153846153846154,0.0,0.0,10.0,8.0,36.5,1.3,0.6363636363636364,0.0,0.0,9.0,13.0,37.4,1.8,0.5625,1.0,14.0,-50.0,0.23529411764705882,0.47058823529411764,7,14,33.9,11.0,1716,1428,1167,0.0,0.0,8.0,14.0,38.6,1.7,0.125,0.0,0.0,11.0,4.0,37.6,0.6,0.4375,-0.8,0.0,52.0,-323.0,16.0,13.0,452.0,0.07692307692307693,0.18181818181818182,0.0,0.0,0.0625,-0.2500000000000007,0.0
515,202203030510,2,3,1,23,0,0,0,0,0,0,0,0,1,2,1,11,0,0,0,0,0,0,0,0,0,1,0,1,0,0,0,0,0,0,0,0,0.0,0.0,13.0,5.0,36.8,0.7,0.9375,0.0,0.0,9.0,9.0,34.5,0.8,0.3333333333333333,0.0,0.0,12.0,8.0,34.4,0.5,0.8125,1.5,-12.0,0.0,0.26666666666666666,0.4,5,10,50.6,13.0,1317,122,1186,0.0,0.0,10.0,13.0,33.6,1.1,0.8571428571428571,0.0,0.0,9.0,7.0,34.8,0.6,1.0,0.8,0.0,51.0,0.0,16.0,16.0,472.0,-0.1875,0.08333333333333333,0.0,-0.07142857142857142,0.0,0.4899999999999999,0.0
516,202203030510,3,0,2,10,1,0,0,2,1,0,0,1,1,0,0,5,1,0,0,2,1,0,0,1,0,0,0,0,0,0,0,0,0,0,0,0,0.0,0.0,15.0,9.0,37.5,1.4,0.25,0.0,0.0,15.0,,,,,0.0,0.0,15.0,6.0,37.3,0.7,0.625,-3.0,-2.0,-50.0,0.11627906976744186,0.3488372093023256,6,12,63.3,15.0,1060,97,1186,0.0,0.0,6.0,11.0,37.2,1.5,0.3125,0.0,0.0,15.0,15.0,37.6,2.1,0.625,2.3,0.0,54.0,-99.0,16.0,16.0,452.0,0.0,,-0.0625,0.0625,0.0,-0.020000000000000996,0.0
517,202203030510,0,0,0,8,5,3,5,38,0,0,0,0,0,0,0,1,3,2,0,15,0,0,0,0,0,0,0,0,0,0,0,0,0,0,0,0,0.0,0.0,11.0,10.0,37.5,1.5,0.7333333333333333,0.0,0.0,9.0,6.0,36.6,0.7,0.0625,0.0,0.0,7.0,9.0,37.9,1.1,0.1875,-0.5,0.0,-50.0,0.08333333333333333,0.1388888888888889,6,11,8.1,5.0,1447,1405,1721,0.0,0.0,5.0,7.0,37.2,0.8,0.875,0.0,0.0,4.0,,,,0.46153846153846156,-0.6,0.0,54.0,-253.0,16.0,15.0,500.0,-0.06666666666666667,0.0,0.0,-0.125,0.07692307692307693,-0.04000000000000057,0.0
518,202203030510,5,4,1,43,0,1,0,1,0,0,0,0,1,2,0,27,0,1,0,0,0,0,0,0,0,0,0,4,0,0,0,0,0,0,0,0,0.0,0.0,50.0,1.0,36.8,0.0,0.06666666666666667,0.0,0.0,100.0,7.0,38.0,1.2,0.25,0.0,0.0,160.0,17.0,36.2,1.4,0.05555555555555555,8.0,-4.0,-50.0,0.0967741935483871,0.22580645161290322,2,4,11.1,7.0,1716,1172,1167,0.0,0.0,80.0,11.0,34.8,1.1,0.6666666666666666,0.0,0.0,110.0,13.0,34.0,0.9,0.8125,2.8,0.2,52.0,28.0,16.0,15.0,418.0,0.0,0.0,0.05555555555555555,-0.08333333333333333,0.0625,0.8799999999999997,0.0
519,202203030510,0,0,0,1,0,0,1,3,0,0,0,0,0,0,0,0,0,0,0,2,0,0,0,0,0,0,0,0,0,0,0,0,0,0,0,0,0.0,0.0,90.0,13.0,38.0,2.3,0.8125,0.0,0.0,70.0,7.0,37.4,0.8,0.7272727272727273,0.0,0.0,120.0,9.0,37.7,1.0,0.13333333333333333,-2.0,-8.0,-50.0,0.014084507042253521,0.1267605633802817,1,2,24.0,10.0,664,882,1110,0.0,0.0,100.0,16.0,36.9,1.3,1.0,0.0,0.0,70.0,3.0,36.3,0.5,0.8125,-1.1,0.2,53.0,-414.0,16.0,16.0,492.0,0.0,0.0,0.0,0.0,0.0,0.39000000000000057,0.0
520,202203030510,5,4,1,43,3,5,2,27,0,0,0,1,1,2,0,27,0,1,0,5,0,0,0,0,0,0,0,4,0,1,0,1,0,0,0,0,0.0,0.0,5.0,1.0,38.1,0.0,0.13333333333333333,0.0,0.0,15.0,13.0,38.8,2.2,0.13333333333333333,0.0,0.0,16.0,12.0,37.9,2.0,0.625,5.5,5.0,-50.0,0.07692307692307693,0.11538461538461539,2,3,7.7,4.0,1716,1618,1167,0.0,0.0,18.0,16.0,34.6,1.8,0.8333333333333334,0.0,0.0,12.0,10.0,39.1,1.6,0.8461538461538461,2.1000000000000005,0.2,52.0,-697.0,16.0,15.0,487.0,0.0,0.0,0.0625,0.16666666666666666,-0.15384615384615385,0.21999999999999958,0.0
521,202203030510,1,0,0,4,4,4,8,47,0,0,0,0,0,0,0,2,1,2,3,22,0,0,0,0,0,0,0,0,0,0,0,3,0,0,0,0,0.0,0.0,7.0,7.0,39.3,1.4,0.2,0.0,0.0,12.0,7.0,37.3,0.7,0.25,0.0,0.0,7.0,11.0,37.6,1.8,0.6875,2.0,18.0,-50.0,0.023809523809523808,0.047619047619047616,7,13,7.1,3.0,1629,1558,1428,0.0,0.0,5.0,4.0,37.2,0.3,0.0625,0.0,0.0,10.0,5.0,37.2,0.3,0.13333333333333333,-0.7,0.0,56.0,-605.0,16.0,10.0,506.0,0.2,-0.0625,-0.0625,0.0,0.0,0.4299999999999983,0.0
522,202203030510,5,4,1,43,0,0,0,2,0,0,0,0,1,2,0,27,0,0,0,0,0,0,0,0,0,0,0,4,0,0,0,0,0,0,0,0,0.0,0.0,3.0,5.0,39.8,1.3,0.4444444444444444,0.0,0.0,16.0,12.0,37.9,1.3,0.625,0.0,0.0,11.0,14.0,40.0,3.4,0.2,4.5,11.0,-150.0,0.0,0.17307692307692307,3,5,180.2,16.0,1716,275,1167,0.0,0.0,12.0,11.0,36.3,1.2,1.0,0.0,0.0,15.0,14.0,37.0,1.2,0.125,1.7,0.0,53.0,-266.0,16.0,9.0,487.0,0.0,0.0625,0.13333333333333333,0.0,0.0,0.7199999999999995,0.0
523,202203030510,0,0,0,1,1,1,1,4,0,0,0,0,0,0,0,0,0,0,0,0,0,0,0,0,0,0,0,0,0,0,0,0,0,0,0,0,0.0,0.0,20.0,10.0,37.9,0.0,0.1,0.0,0.0,120.0,160.0,38.1,1.8,0.3125,0.0,0.0,140.0,80.0,36.7,0.8,0.07142857142857142,35.0,22.0,150.0,0.10606060606060606,0.22727272727272727,5,9,46.2,12.0,1204,1,1221,0.0,0.0,140.0,120.0,37.7,1.4,0.25,0.0,0.0,120.0,130.0,37.4,2.1,0.75,20.0,0.0,52.0,-607.0,16.0,10.0,486.0,0.0,0.0,0.0,0.0625,0.0,0.13999999999999985,0.0
524,202203030510,0,2,2,20,4,0,0,43,0,0,0,0,0,0,1,7,0,0,0,10,0,0,0,0,0,0,0,3,0,0,0,0,0,0,0,0,0.0,0.0,4.0,3.0,39.8,1.4,0.5555555555555556,0.0,0.0,12.0,16.0,40.2,3.4,0.375,0.0,0.0,11.0,10.0,37.5,0.7,0.0625,3.5,1.0,-250.0,0.06666666666666667,0.26666666666666666,1,1,58.7,14.0,1393,1294,1263,0.0,0.0,14.0,14.0,38.9,1.5,0.1875,0.0,0.0,12.0,5.0,38.3,0.4,0.2,0.2,0.2,54.0,-342.0,16.0,9.0,473.0,-0.3333333333333333,0.25,0.0,0.0,-0.06666666666666667,0.43000000000000044,0.0
525,202203030510,0,0,1,8,0,1,0,4,0,0,0,0,0,0,0,2,0,0,0,2,0,0,0,0,0,0,0,0,0,0,0,0,0,0,0,0,0.0,0.0,50.0,3.0,36.6,0.2,0.0625,0.0,0.0,10.0,9.0,37.4,1.5,0.1111111111111111,0.0,0.0,30.0,4.0,36.0,0.2,0.0625,0.5,4.0,-50.0,0.06666666666666667,0.13333333333333333,4,8,5.0,2.0,1674,1507,1428,0.0,0.0,20.0,2.0,34.7,0.1,0.08333333333333333,0.0,0.0,20.0,4.0,35.4,0.2,0.0625,-0.5,0.4,54.0,90.0,16.0,16.0,456.0,0.0,0.0,0.0,0.0,0.0,0.5100000000000001,0.0
526,202203030510,5,15,5,50,7,4,2,54,0,0,0,5,1,7,2,22,3,1,1,28,0,0,0,4,0,1,0,1,0,1,0,3,0,0,0,0,0.0,0.0,2.0,3.0,39.1,0.6,0.08333333333333333,0.0,0.0,11.0,15.0,38.0,2.2,0.3125,0.0,0.0,13.0,16.0,39.4,1.9,0.125,6.5,19.0,-350.0,0.05454545454545454,0.21818181818181817,4,7,20.8,9.0,1576,1013,1577,0.0,0.0,9.0,16.0,38.7,2.2,0.75,0.0,0.0,9.0,12.0,37.2,1.6,0.5625,1.9000000000000004,0.2,54.0,-613.0,16.0,12.0,517.0,0.0,0.1875,0.0,-0.1875,0.1875,0.30999999999999944,0.0
527,202203030601,0,0,0,0,0,0,0,0,0,0,0,0,0,0,0,0,0,0,0,0,0,0,0,0,0,0,0,0,0,0,0,0,0,0,0,0,0.0,0.0,40.0,2.0,37.9,0.1,0.0625,0.0,0.0,40.0,5.0,39.2,0.9,0.06666666666666667,,,,,,,,3.0,2.0,0.0,0.0,0.0,5,9,3.0,1.0,1045,1127,969,,,,,,,,,,,,,,,3.0,0.5,51.0,15.0,16.0,16.0,476.0,0.0,0.0,,,,-1.3000000000000043,0.0
528,202203030601,0,0,0,1,0,0,0,0,0,0,0,0,0,0,0,0,0,0,0,0,0,0,0,0,0,0,0,0,0,0,0,0,0,0,0,0,0.0,0.0,1.0,9.0,40.6,1.7,0.1,0.0,0.0,11.0,9.0,38.2,1.1,0.4375,0.0,0.0,12.0,11.0,37.9,1.6,0.125,1.0,22.0,-50.0,0.0625,0.25,4,8,41.3,9.0,1204,305,1221,0.0,0.0,6.0,6.0,38.6,0.9,0.16666666666666666,0.0,0.0,13.0,12.0,38.9,1.3,0.26666666666666666,0.3,0.0,52.0,-673.0,16.0,10.0,500.0,0.0,-0.0625,0.0625,0.0,0.0,0.3000000000000007,0.0
529,202203030601,0,0,0,2,0,0,0,0,0,0,0,0,0,0,0,2,0,0,0,0,0,0,0,0,0,0,0,0,0,0,0,0,0,0,0,0,0.0,0.0,3.0,9.0,38.0,2.4,0.3333333333333333,0.0,0.0,9.0,11.0,37.5,2.0,0.6666666666666666,0.0,0.0,10.0,6.0,36.0,1.0,0.5,-1.5,44.0,150.0,0.21052631578947367,0.42105263157894735,8,16,45.9,10.0,1357,1431,1208,0.0,0.0,3.0,11.0,38.4,2.1,0.09090909090909091,0.0,0.0,3.0,11.0,37.6,2.2,0.3333333333333333,0.4,0.0,53.0,-602.0,16.0,9.0,508.0,0.2222222222222222,-0.16666666666666666,-0.16666666666666666,0.0,0.08333333333333333,-0.010000000000000142,0.0
530,202203030601,2,0,5,8,0,0,0,0,0,0,0,0,2,0,2,3,0,0,0,0,0,0,0,0,0,0,1,1,0,0,0,0,0,0,0,0,0.0,0.0,,,,,,0.0,0.0,50.0,6.0,38.2,1.0,0.1875,0.0,0.0,40.0,5.0,35.7,0.9,0.6666666666666666,-1.0,8.0,150.0,0.0,0.0,5,10,7.1,3.0,1148,1071,1393,0.0,0.0,30.0,9.0,36.3,0.9,0.125,0.0,0.0,30.0,4.0,39.1,0.8,0.0625,-0.2,0.0,51.0,-273.0,16.0,11.0,446.0,,0.0,0.0,0.0,0.0,-0.329999999999999,0.0
531,202203030601,4,6,2,23,4,0,0,43,0,0,0,0,2,2,1,10,0,0,0,10,0,0,0,0,1,1,0,7,0,0,0,5,0,0,0,0,0.0,0.0,5.0,1.0,39.2,0.0,0.25,0.0,0.0,14.0,14.0,38.6,2.1,0.5625,0.0,0.0,11.0,11.0,39.6,2.1,0.3125,5.0,-2.0,-80.0,,,3,6,3.0,2.0,1095,1294,1221,0.0,0.0,7.0,6.0,39.1,1.5,0.875,0.0,0.0,7.0,10.0,36.6,1.3,0.5,1.0,0.2,55.0,-528.0,16.0,8.0,482.0,0.0,-0.125,0.0625,-0.25,0.0,0.4700000000000003,0.0
532,202203030601,2,0,5,36,3,2,0,12,0,0,0,0,1,0,0,2,1,2,0,6,0,0,0,0,1,0,0,1,0,1,0,1,0,0,0,0,0.0,0.0,10.0,12.0,40.7,4.2,0.75,0.0,0.0,12.0,9.0,35.1,0.9,0.3125,0.0,0.0,9.0,8.0,35.3,1.6,1.0,-2.0,10.0,-550.0,0.029411764705882353,0.35294117647058826,1,1,29.2,8.0,1691,1542,1167,0.0,0.0,6.0,15.0,36.3,1.2,1.0,0.0,0.0,10.0,8.0,38.1,1.1,0.5833333333333334,-0.2,0.0,55.0,-567.0,16.0,12.0,508.0,0.25,-0.0625,0.0,-0.13333333333333333,-0.08333333333333333,0.4000000000000007,0.0
533,202203030601,0,0,1,0,0,0,0,0,0,0,0,0,0,0,0,0,0,0,0,0,0,0,0,0,0,0,0,0,0,0,0,0,0,0,0,0,0.0,0.0,4.0,5.0,38.6,1.5,0.375,0.0,0.0,4.0,9.0,39.7,2.3,0.35714285714285715,0.0,0.0,6.0,6.0,37.7,0.5,0.07142857142857142,0.5,16.0,-50.0,0.23529411764705882,0.4117647058823529,2,4,11.3,5.0,1434,1723,969,0.0,0.0,4.0,6.0,37.9,0.9,0.18181818181818182,0.0,0.0,6.0,6.0,36.3,0.9,0.5,-0.1,0.0,50.0,-523.0,16.0,16.0,480.0,-0.125,0.42857142857142855,0.0,0.45454545454545453,0.0,0.6400000000000012,0.0
534,202203030601,0,1,1,14,0,0,1,1,0,0,0,0,0,1,1,4,0,0,1,1,0,0,0,0,0,0,0,2,0,0,1,1,0,0,0,0,0.0,0.0,5.0,4.0,40.0,0.7,0.16666666666666666,0.0,0.0,15.0,6.0,38.0,1.4,0.4666666666666667,0.0,0.0,12.0,9.0,35.8,1.5,0.9166666666666666,2.5,8.0,-250.0,0.07894736842105263,0.13157894736842105,1,2,93.5,11.0,1333,1255,1294,0.0,0.0,15.0,8.0,38.6,1.4,0.3333333333333333,0.0,0.0,13.0,12.0,38.0,2.0,0.6875,1.8,0.0,53.0,-595.0,16.0,12.0,460.0,0.08333333333333333,0.0,0.0,0.06666666666666667,0.125,0.33999999999999986,0.0
535,202203030601,0,0,0,2,0,1,0,1,0,0,0,0,0,0,0,0,0,1,0,0,0,0,0,0,0,0,0,0,0,0,0,0,0,0,0,0,0.0,0.0,7.0,9.0,38.2,2.1,0.8,0.0,0.0,16.0,15.0,35.5,1.1,0.875,0.0,0.0,14.0,14.0,34.4,2.6,0.8125,2.5,-12.0,350.0,0.0136986301369863,0.1232876712328767,3,5,137.2,12.0,1243,1172,1428,0.0,0.0,12.0,9.0,37.9,1.3,0.625,0.0,0.0,8.0,7.0,38.6,1.8,0.45454545454545453,-1.0,0.0,55.0,-605.0,16.0,10.0,428.0,,0.0,,0.0,0.0,-0.31999999999999956,0.0
536,202203030601,0,0,2,10,2,2,2,11,0,0,0,0,0,0,1,5,2,0,1,5,0,0,0,0,0,0,0,2,1,0,0,2,0,0,0,0,0.0,0.0,80.0,4.0,38.4,0.8,0.1875,0.0,0.0,30.0,7.0,38.6,1.0,0.4,,,,,,,,3.0,10.0,0.0,0.022727272727272728,0.06818181818181818,7,13,21.2,6.0,1557,1228,1559,,,,,,,,,,,,,,,3.0,0.0,52.0,15.0,16.0,16.0,454.0,0.0,-0.13333333333333333,,,,-0.20000000000000284,0.0
537,202203030601,0,0,0,0,0,0,0,2,0,0,0,0,0,0,0,0,0,0,0,2,0,0,0,0,0,0,0,0,0,0,0,0,0,0,0,0,0.0,0.0,9.0,6.0,39.7,1.0,0.3333333333333333,0.0,0.0,13.0,15.0,39.3,3.1,0.9375,0.0,0.0,14.0,11.0,36.7,1.5,1.0,2.5,0.0,-250.0,0.0,0.16666666666666666,6,11,156.0,14.0,1282,1576,377,0.0,0.0,13.0,11.0,36.5,2.6,0.625,,,,,,,,1.1,0.0,52.0,-610.0,16.0,9.0,424.0,-0.1111111111111111,0.0625,-0.0625,0.125,,1.2200000000000002,0.0
538,202203030601,2,0,0,18,2,0,0,9,0,0,0,1,0,0,0,3,1,0,0,6,0,0,0,0,0,0,0,3,1,0,0,5,0,0,0,0,0.0,0.0,9.0,,,,0.5454545454545454,0.0,0.0,10.0,9.0,34.8,1.3,1.0,0.0,0.0,12.0,13.0,38.6,2.8,0.42857142857142855,4.0,6.0,-950.0,0.10294117647058823,0.22058823529411764,2,3,9.4,4.0,1605,1036,1,0.0,0.0,10.0,8.0,35.9,1.2,0.18181818181818182,0.0,0.0,14.0,11.0,38.2,1.3,0.1875,0.1,0.0,53.0,-560.0,16.0,11.0,500.0,0.45454545454545453,-0.1,0.07142857142857142,0.0,0.125,-0.7500000000000014,0.0
539,202203030601,0,0,0,0,0,4,6,49,0,0,0,0,0,0,0,0,0,1,3,17,0,0,0,0,0,0,0,0,0,1,0,7,0,0,0,0,0.0,0.0,10.0,9.0,39.6,2.0,0.7272727272727273,0.0,0.0,14.0,14.0,40.3,3.2,0.6666666666666666,0.0,0.0,11.0,10.0,39.4,3.2,0.6923076923076923,0.5,-2.0,-150.0,0.16666666666666666,0.3333333333333333,4,7,213.9,15.0,1579,1559,1605,0.0,0.0,16.0,9.0,38.9,2.3,0.5625,0.0,0.0,16.0,12.0,39.1,2.1,0.625,0.1,0.0,53.0,-272.0,16.0,11.0,420.0,-0.09090909090909091,0.0,0.07692307692307693,0.0,-0.0625,0.23999999999999985,0.0
540,202203030601,2,1,0,2,1,2,0,10,0,0,0,0,1,1,0,1,0,0,0,3,0,0,0,0,1,1,0,0,0,0,0,3,0,0,0,0,0.0,0.0,1.0,1.0,37.9,0.0,0.3333333333333333,0.0,0.0,13.0,14.0,40.5,2.8,0.06666666666666667,0.0,0.0,10.0,4.0,37.8,0.9,0.1875,1.5,-21.0,250.0,0.0,0.2222222222222222,8,15,336.4,16.0,1051,1328,578,0.0,0.0,10.0,10.0,37.6,1.5,0.625,0.0,0.0,9.0,6.0,37.8,1.0,0.125,0.6,0.2,54.0,-612.0,16.0,12.0,469.0,0.0,0.0,0.0,-0.0625,0.0,0.31000000000000016,0.0
541,202203030601,0,0,0,11,1,5,4,43,0,0,0,0,0,0,0,4,0,3,2,13,0,0,0,0,0,0,0,1,0,0,1,8,0,0,0,0,0.0,0.0,8.0,3.0,40.1,1.2,0.1,0.0,0.0,13.0,11.0,39.4,1.9,0.75,0.0,0.0,12.0,8.0,36.9,1.9,0.9285714285714286,2.5,-28.0,-450.0,0.05357142857142857,0.21428571428571427,6,12,143.3,13.0,1509,1482,1110,0.0,0.0,13.0,15.0,38.1,2.6,0.9375,0.0,0.0,5.0,10.0,41.6,3.8,0.6,1.8,0.2,55.0,-606.0,16.0,10.0,466.0,0.0,0.125,0.0,0.0625,0.0,-0.1700000000000003,0.0
542,202203030601,0,0,1,8,0,0,0,0,0,0,0,0,0,0,0,2,0,0,0,0,0,0,0,0,0,0,0,2,0,0,0,0,0,0,0,0,0.0,0.0,40.0,5.0,36.1,0.5,0.1875,0.0,0.0,110.0,8.0,36.1,1.0,0.2727272727272727,0.0,0.0,60.0,9.0,38.2,2.0,0.13333333333333333,2.0,8.0,-50.0,0.07692307692307693,0.23076923076923078,7,14,27.4,7.0,1674,702,1428,0.0,0.0,30.0,7.0,35.2,1.2,1.0,0.0,0.0,100.0,7.0,35.2,0.6,0.125,0.3,0.0,54.0,15.0,16.0,16.0,474.0,0.0625,0.0,0.0,-0.1,0.0,0.2699999999999996,0.0
543,202203030608,0,1,0,1,5,6,7,49,0,1,0,0,0,1,0,0,1,2,1,18,0,1,0,0,0,1,0,0,1,2,0,6,0,1,0,0,0.0,0.0,13.0,14.0,37.8,2.1,0.875,0.0,0.0,11.0,7.0,35.4,0.7,0.35714285714285715,0.0,0.0,7.0,11.0,40.1,2.5,0.125,-1.5,-6.0,0.0,0.11363636363636363,0.3409090909090909,8,16,9.8,4.0,1401,1167,517,0.0,0.0,4.0,1.0,37.1,0.0,0.125,0.0,0.0,3.0,8.0,37.5,2.1,0.5454545454545454,-1.8,0.2,55.0,-146.0,16.0,16.0,438.0,-0.0625,0.07142857142857142,-0.0625,0.0,0.0,-0.11000000000000085,0.0
544,202203030608,0,0,0,1,0,0,0,0,0,0,0,0,0,0,0,1,0,0,0,0,0,0,0,0,0,0,0,0,0,0,0,0,0,0,0,0,0.0,0.0,13.0,11.0,37.1,0.9,0.4,0.0,0.0,10.0,7.0,35.5,1.0,0.42857142857142855,0.0,0.0,14.0,15.0,39.8,2.6,0.125,2.0,-2.0,-50.0,0.25,0.375,1,1,4.8,2.0,518,908,225,0.0,0.0,13.0,7.0,36.8,1.0,0.14285714285714285,0.0,0.0,9.0,11.0,39.5,3.4,0.2727272727272727,0.0,0.0,50.0,-643.0,16.0,15.0,480.0,0.0,-0.07142857142857142,0.0,0.0,0.5454545454545454,-0.6099999999999994,0.0
545,202203030608,0,0,0,2,1,3,1,25,0,0,0,0,0,0,0,0,0,0,0,6,0,0,0,0,0,0,0,0,0,0,0,0,0,0,0,0,0.0,0.0,17.0,14.0,32.4,1.4,0.8823529411764706,0.0,0.0,2.0,5.0,32.3,0.3,0.4444444444444444,0.0,0.0,5.0,2.0,32.7,0.0,0.2222222222222222,-6.0,2.0,150.0,0.023255813953488372,0.046511627906976744,3,6,8.6,3.0,1467,1428,336,0.0,0.0,15.0,6.0,31.9,0.3,1.0,0.0,0.0,11.0,15.0,39.3,2.9,0.1875,0.3,0.2,52.0,-707.0,16.0,17.0,446.0,,,,,0.0,-1.3399999999999999,0.0
546,202203030608,5,15,5,50,0,0,0,0,0,0,0,0,1,7,2,22,0,0,0,0,0,0,0,0,0,2,1,10,0,0,0,0,0,0,0,0,0.0,0.0,50.0,6.0,40.2,0.9,0.06666666666666667,0.0,0.0,30.0,7.0,36.9,1.5,0.38461538461538464,0.0,0.0,10.0,4.0,36.5,0.3,0.625,-1.0,-4.0,-250.0,0.0,0.3333333333333333,2,4,2.0,1.0,1576,1598,1577,0.0,0.0,10.0,2.0,36.7,0.4,0.125,0.0,0.0,90.0,2.0,38.0,0.2,0.06666666666666667,-1.3,0.4,53.0,-27.0,16.0,15.0,498.0,0.0,0.0,0.0,0.0625,0.0,0.46000000000000013,0.0
547,202203030608,5,4,1,43,0,1,0,1,0,0,0,0,1,2,0,27,0,0,0,1,0,0,0,0,1,1,0,10,0,0,0,0,0,0,0,0,0.0,0.0,7.0,13.0,39.2,1.5,0.5333333333333333,0.0,0.0,6.0,5.0,36.6,0.3,0.5,0.0,0.0,3.0,7.0,37.8,2.1,0.2857142857142857,-3.0,0.0,-50.0,0.013888888888888888,0.125,6,12,12.5,6.0,1716,79,1167,0.0,0.0,6.0,3.0,35.9,0.6,0.3125,0.0,0.0,6.0,8.0,37.3,1.1,0.4375,-1.1999999999999997,0.2,54.0,-21.0,16.0,15.0,442.0,0.2,0.0,0.0,0.0,-0.0625,0.4500000000000014,0.0
548,202203030608,2,3,1,23,4,0,0,43,0,0,0,0,1,2,1,11,0,0,0,10,0,0,0,0,1,0,0,3,0,0,0,4,0,0,0,0,0.0,0.0,12.0,11.0,38.0,1.7,0.9166666666666666,0.0,0.0,8.0,6.0,37.8,0.3,0.3125,0.0,0.0,6.0,3.0,37.3,0.2,0.1875,-4.0,-19.0,330.0,0.030303030303030304,0.36363636363636365,1,2,57.4,9.0,1317,1294,1186,0.0,0.0,9.0,6.0,37.1,0.3,0.3125,0.0,0.0,13.0,10.0,34.6,0.6,0.6111111111111112,-0.2,0.2,57.0,-607.0,16.0,12.0,483.0,0.0,0.25,0.0,0.0,-0.1111111111111111,0.7499999999999993,0.0
549,202203030608,2,0,2,11,0,2,1,10,0,0,0,1,0,0,1,3,0,0,0,5,0,0,0,1,0,0,1,0,0,0,0,1,0,0,0,0,0.0,0.0,7.0,7.0,37.4,0.4,0.1875,0.0,0.0,1.0,7.0,33.8,0.7,0.3333333333333333,0.0,0.0,3.0,11.0,37.7,1.6,0.14285714285714285,2.0,0.0,0.0,0.2222222222222222,0.4444444444444444,4,7,19.9,7.0,1463,1620,1167,0.0,0.0,5.0,7.0,36.2,0.5,0.26666666666666666,0.0,0.0,4.0,5.0,35.0,0.3,0.36363636363636365,-0.4,0.0,55.0,0.0,16.0,16.0,496.0,-0.0625,,0.0,0.0,-0.09090909090909091,0.23999999999999916,0.0
550,202203030608,4,2,1,13,3,1,3,27,0,0,0,0,2,0,1,7,1,1,3,13,0,0,0,0,1,0,1,2,0,1,2,6,0,0,0,0,0.0,0.0,2.0,1.0,38.7,0.0,0.5555555555555556,0.0,0.0,12.0,10.0,39.3,3.1,0.9166666666666666,0.0,0.0,9.0,8.0,40.1,4.2,1.0,3.5,-8.0,-250.0,0.1724137931034483,0.3448275862068966,7,14,94.0,12.0,1571,1362,1108,0.0,0.0,14.0,12.0,37.1,1.3,1.0,0.0,0.0,10.0,10.0,35.8,2.3,0.6363636363636364,2.0,0.2,54.0,-603.0,16.0,9.0,450.0,-0.4444444444444444,-0.16666666666666666,0.0,-0.06666666666666667,-0.09090909090909091,0.8000000000000007,0.0
551,202203030608,0,0,1,17,0,0,1,11,0,0,0,0,0,0,0,13,0,0,0,5,0,0,0,0,0,0,0,3,0,0,0,1,0,0,0,0,0.0,0.0,2.0,4.0,41.5,0.9,0.45454545454545453,0.0,0.0,7.0,8.0,14.6,9.2,0.8888888888888888,0.0,0.0,10.0,13.0,38.6,1.6,0.3333333333333333,4.5,0.0,-450.0,0.0,0.16981132075471697,2,3,77.3,11.0,1611,1553,1263,0.0,0.0,10.0,15.0,36.9,1.7,0.625,0.0,0.0,13.0,12.0,39.8,2.0,0.6875,2.3,0.0,55.0,-616.0,16.0,11.0,504.0,-0.18181818181818182,0.1111111111111111,0.26666666666666666,0.0625,0.0625,-1.8899999999999992,0.0
552,202203030608,0,2,2,20,0,0,0,9,0,0,0,1,0,0,1,7,0,0,0,2,0,0,0,0,0,0,0,1,0,0,0,1,0,0,0,0,0.0,0.0,1.0,1.0,38.7,0.0,0.09090909090909091,0.0,0.0,16.0,15.0,37.8,1.7,0.75,0.0,0.0,13.0,11.0,37.4,1.0,0.5333333333333333,5.0,15.0,-50.0,0.10714285714285714,0.2857142857142857,4,8,139.2,15.0,1393,848,1263,0.0,0.0,16.0,13.0,37.5,1.9,0.75,0.0,0.0,9.0,8.0,14.0,7.7,0.8888888888888888,1.2,0.2,57.0,-694.0,16.0,11.0,507.0,0.0,0.0,0.0,0.125,0.0,4.970000000000001,0.0
553,202203030608,5,4,1,43,1,3,1,25,1,0,0,3,1,2,0,27,0,0,0,6,0,0,0,2,1,1,0,10,0,0,0,0,0,0,0,0,0.0,0.0,180.0,8.0,32.4,0.6,0.8888888888888888,0.0,0.0,80.0,10.0,34.1,1.1,0.9375,0.0,0.0,50.0,6.0,36.3,0.8,0.9,-1.0,-4.0,150.0,0.0,0.0,8,15,72.1,10.0,1716,1428,1167,0.0,0.0,70.0,10.0,35.6,0.9,1.0,0.0,0.0,20.0,12.0,34.2,0.6,0.625,0.8,0.0,54.0,91.0,16.0,18.0,468.0,,-0.0625,-0.1,-0.1875,0.0,-0.5100000000000009,0.0
554,202203030608,3,1,2,30,0,4,6,49,0,0,0,4,0,0,0,2,0,1,3,17,0,0,0,0,0,0,0,0,0,0,3,8,0,0,0,0,0.0,0.0,14.0,12.0,37.0,0.8,0.625,0.0,0.0,16.0,10.0,37.1,1.2,0.875,0.0,0.0,13.0,15.0,40.0,2.0,0.26666666666666666,1.5,12.0,0.0,0.10714285714285714,0.21428571428571427,6,11,128.9,14.0,1561,1559,1263,0.0,0.0,16.0,15.0,38.8,1.6,0.375,0.0,0.0,9.0,6.0,36.4,0.4,0.46153846153846156,-0.7,0.0,55.0,0.0,16.0,16.0,446.0,0.0,-0.125,0.0,0.0,0.0,-0.04999999999999929,0.0
555,202203030608,6,3,7,31,0,0,0,1,0,0,0,0,2,1,1,1,0,0,0,0,0,0,0,0,0,1,0,0,0,0,0,0,0,0,0,0,0.0,0.0,8.0,1.0,36.3,0.0,0.38461538461538464,0.0,0.0,8.0,14.0,37.7,2.3,0.9375,0.0,0.0,11.0,8.0,37.7,1.1,0.5333333333333333,3.5,-8.0,0.0,0.1044776119402985,0.22388059701492538,5,10,27.8,8.0,1503,803,1263,0.0,0.0,10.0,10.0,37.4,2.1,0.38461538461538464,0.0,0.0,8.0,13.0,36.8,1.0,0.875,2.0,0.2,54.0,-153.0,16.0,13.0,440.0,0.0,0.0625,0.06666666666666667,0.0,0.0,-0.06999999999999958,0.0
556,202203030608,0,0,0,2,0,1,0,1,0,0,0,0,0,0,0,0,0,1,0,0,0,0,0,0,0,0,0,0,0,0,0,0,0,0,0,0,0.0,0.0,30.0,6.0,40.8,0.5,0.3333333333333333,0.0,0.0,90.0,13.0,38.8,1.8,0.1875,0.0,0.0,100.0,11.0,39.8,1.8,0.125,2.5,-21.0,-250.0,0.0625,0.125,5,9,11.3,5.0,1467,1172,336,0.0,0.0,70.0,13.0,38.2,2.6,0.23076923076923078,0.0,0.0,50.0,14.0,38.6,1.4,0.0625,1.6,0.0,56.0,-605.0,16.0,9.0,459.0,-0.1111111111111111,0.0625,0.0,0.15384615384615385,0.0,0.49999999999999856,0.0
557,202203030608,0,1,0,1,1,5,4,43,0,0,0,0,0,1,0,0,0,3,2,13,0,0,0,0,0,1,0,0,0,2,1,4,0,0,0,0,0.0,0.0,150.0,15.0,37.4,1.4,0.125,0.0,0.0,160.0,15.0,35.9,1.7,0.875,0.0,0.0,100.0,14.0,34.2,1.8,0.5,-0.5,14.0,-50.0,0.08108108108108109,0.13513513513513514,7,13,115.2,13.0,1401,1482,517,0.0,0.0,90.0,9.0,34.9,2.1,0.5555555555555556,0.0,0.0,120.0,8.0,36.1,1.0,0.3333333333333333,-2.0,0.0,52.0,63.0,16.0,16.0,440.0,0.0,-0.0625,,0.0,0.08333333333333333,0.35999999999999943,0.0
558,202203030608,2,1,1,9,0,0,0,0,0,0,0,0,1,0,0,3,0,0,0,0,0,0,0,0,1,0,0,1,0,0,0,0,0,0,0,0,0.0,0.0,4.0,9.0,43.6,2.9,0.1111111111111111,0.0,0.0,17.0,14.0,35.9,1.2,0.9444444444444444,0.0,0.0,16.0,16.0,38.3,1.9,0.5,3.5,13.0,-250.0,0.0,0.0,3,5,217.2,16.0,1098,1324,1294,0.0,0.0,15.0,11.0,34.2,1.5,0.6111111111111112,0.0,0.0,12.0,6.0,34.7,0.8,0.23076923076923078,-0.9,0.0,52.0,-562.0,16.0,9.0,463.0,0.1111111111111111,0.0,0.0625,,0.0,1.9499999999999993,0.0
