tree
version=v4
num_class=1
num_tree_per_iteration=1
label_index=0
max_feature_idx=65
objective=binary sigmoid:1
feature_names=f_course1 f_course2 f_course3 f_courseout mf_course1 mf_course2 mf_course3 mf_courseout f_mf_course1 f_mf_course2 f_mf_course3 f_mf_courseout f_len1 f_len2 f_len3 f_lenout mf_len1 mf_len2 mf_len3 mf_classout f_mf_len1 f_mf_len2 f_mf_len3 f_mf_classout f_class1 f_class2 f_class3 f_classout mf_class1 mf_class2 mf_class3 mf_classout.1 f_mf_class1 f_mf_class2 f_mf_class3 f_mf_classout.1 time_df_course1 time_df_class1 ninki_1 result_1 agari_1 margin_1 corner_ratio_1 time_df_course2 time_df_class2 ninki_2 result_2 agari_2 margin_2 corner_ratio_2 time_df_course3 time_df_class3 ninki_3 result_3 agari_3 margin_3 corner_ratio_3 rank_trend weight_change dist_change jockey_win_rate jockey_place_rate waku umaban current_odds current_popularity
feature_infos=[0:21] [0:20] [0:25] [0:177] [0:33] [0:28] [0:27] [0:267] [0:4] [0:3] [0:3] [0:9] [0:5] [0:5] [0:4] [0:19] [0:3] [0:5] [0:5] [0:35] [0:1] none [0:1] [0:2] [0:2] [0:3] [0:1] [0:11] [0:2] [0:3] [0:2] [0:11] none none [0:1] [0:2] none none [-1:160] [-1:100] [-1:58.600000000000001] [-1:22.5] [-1:1] [-1:0] [-1:0] [-1:160] [-1:160] [-1:47.299999999999997] [-1:15.199999999999999] [-1:1] [-1:0] [-1:0] [-1:160] [-1:150] [-1:45] [-1:9.5] [-1:1] [-15:65] [-35:43] [-2000:1000] [-1:1] [-1:1] [1:8] [1:16] [-1:700] [-1:16]
tree_sizes=656 658 666 658 658 665 661 657 656 658 970 662 971 973 661 664 662 971 666 977 664 662 970 667 966 667 665 969 665 664 969 660 662 978 876 664 968 868 871 969 662 970 968 969 875 870 970 868 972 658 765 976 871 967 869 869 974 874 979 977 762 868 869 980 974 767 972 977 973 872 876 560 969 975 971 977 970 977 868 975 980 974 869 666 871 973 981 868 664 866 865 971 868 872 882 976 870 873 864 774 988 881 971 869 989 974 981 872 975 976 983 975 972 772 979 872 975 873 774 979 985 868 977 984 868 974 973 873 778 959 979 976 764 973 977 968 768 974 878 970 886 976 872 971 963 974 868 769 973 878 868 779 975 874 765 974 871 867 973 976 873 974 870 976 774 868 981 978 875 971 872 974 870 958 870 876 975 868 974 983 875 871 969 870 973 566 971 878 973 974 872 975 976 972 773 978 978 784 871 970 877 981 774 977 982 565 878 876 870 884 967 982 968 870 981 563 876 867 974 975 869 876 876 562 965 870 981 978 960 870 880 876 973 962 869 985 979 879 972 877 869 773 565 780 973 673 977 871 969 975 862 977 872 775 975 875 867 979 983 865 974 973 780 973 677 873 875 877 870 973 966 675 968 874 876 975 875 979 958 871 883 977 979 879 876 772 865 985 875 874 875 571 769 964 873 857 978 564 878 573 671 872 980 970 879 872 876 973 979 974 864 875 857 773 878 979 977 564 870 671 969 877 987 570 870 983 874 879 973 867 872 568 881 978 965 572 882 768 674 986 879 564 877 875 884 983 980 973 575 969 879 973 985 967 877 980 873 976 874 874 879 875 984 886 971 858 970 987 769 879 874 877 875 974 572 774 674 874 879 972 878 975 885 979 880 872 873 574 878 874 972 981 979 880 985 571 674 971 979 881 876 980 876 872 977 874 869 984 673 969 876 876 982 779 873 880 976 973 970 875 882 575 981 884 989 981 877 981 976 973 983 888 969 883 966 779 780 977 885 870 879 986 977 979 978 883 983 773 991 577 973 984 980 779 980 987 985 873 981 982 983 986 972 777 976 969 887 877 982 985 887 967 977 991 876 984 879 881 977 987 876 881 881 877 962 891 874 984 883 983 876 980 980 782 993 882 776 964

Tree=0
num_leaves=5
num_cat=0
split_feature=64 49 40 52
split_gain=219.04 121.932 149.181 44.7436
threshold=83.65000000000002 0.064583333333333312 39.050000000000004 85.000000000000014
decision_type=2 2 2 2
left_child=1 3 -3 -1
right_child=-2 2 -4 -5
leaf_value=-0.37513646079644491 -0.47945816769177724 -0.37137752581499778 -0.45206259230668794 -0.27731066722606917
leaf_weight=17.133175402879715 64.668077379465103 208.40607190132141 76.026148498058319 33.871598303318024
leaf_count=43 269 475 282 4
internal_value=-0.397016 -0.380356 -0.392946 -0.310158
internal_weight=0 335.437 284.432 51.0048
internal_count=1073 804 757 47
is_linear=0
shrinkage=1


Tree=1
num_leaves=5
num_cat=0
split_feature=64 48 65 64
split_gain=200.912 109.177 103.956 69.159
threshold=83.65000000000002 1.9500000000000002 9.5000000000000018 12.450000000000001
decision_type=2 2 2 2
left_child=1 2 -1 -3
right_child=-2 3 -4 -5
leaf_value=0.010351035503126042 -0.079818710196244883 0.016660773251028591 0.078030489034177752 -0.081750914613976794
leaf_weight=187.63465984165668 63.528533846139908 30.820992574095726 78.167299449443817 39.715692043304443
leaf_count=491 269 78 69 166
internal_value=0 0.0157847 0.030257 -0.0387412
internal_weight=0 336.339 265.802 70.5367
internal_count=1073 804 560 244
is_linear=0
shrinkage=0.0493048


Tree=2
num_leaves=5
num_cat=0
split_feature=64 49 40 60
split_gain=184.729 101.349 130.698 47.7788
threshold=83.65000000000002 0.064583333333333312 39.050000000000004 1.0000000180025095e-35
decision_type=2 2 2 2
left_child=1 3 -3 -1
right_child=-2 2 -4 -5
leaf_value=-0.060068212619061409 -0.077476708816500206 0.023349909024464505 -0.052511024140636312 0.094324116861968996
leaf_weight=5.4347679167985907 62.253686353564262 209.99196508526802 74.898929208517075 46.655687049031258
leaf_count=21 269 475 282 26
internal_value=0 0.0149679 0.00340337 0.0782025
internal_weight=0 336.981 284.891 52.0905
internal_count=1073 804 757 47
is_linear=0
shrinkage=0.0493048


Tree=3
num_leaves=5
num_cat=0
split_feature=64 48 65 64
split_gain=170.231 93.7518 86.4033 62.8207
threshold=83.65000000000002 1.9500000000000002 9.5000000000000018 12.450000000000001
decision_type=2 2 2 2
left_child=1 2 -1 -3
right_child=-2 3 -4 -5
leaf_value=0.0092734966652443206 -0.07537534167574661 0.015650296832784835 0.070611403119284294 -0.078591784211853935
leaf_weight=188.2204155921936 60.868803933262825 30.909884542226791 79.387832805514336 38.721738219261169
leaf_count=491 269 78 69 166
internal_value=0 0.0142105 0.0274725 -0.0367483
internal_weight=0 337.24 267.608 69.6316
internal_count=1073 804 560 244
is_linear=0
shrinkage=0.0493048


Tree=4
num_leaves=5
num_cat=0
split_feature=64 48 65 64
split_gain=157.18 85.5987 76.0974 39.9976
threshold=83.65000000000002 2.1500000000000008 9.5000000000000018 10.550000000000002
decision_type=2 2 2 2
left_child=1 2 -1 -3
right_child=-2 3 -4 -5
leaf_value=0.0083378853736885035 -0.073481362832550148 0.00730543476902325 0.065049462352801735 -0.076629786525935717
leaf_weight=199.72221529483795 59.395996987819672 23.617665946483612 80.801661372184753 33.15981613099575
leaf_count=522 269 64 73 145
internal_value=0 0.0134998 0.0246755 -0.0417045
internal_weight=0 337.301 280.524 56.7775
internal_count=1073 804 595 209
is_linear=0
shrinkage=0.0493048


Tree=5
num_leaves=5
num_cat=0
split_feature=64 49 40 60
split_gain=145.393 81.1891 111.424 39.2592
threshold=83.65000000000002 0.064583333333333312 39.050000000000004 1.0000000180025095e-35
decision_type=2 2 2 2
left_child=1 3 -3 -1
right_child=-2 2 -4 -5
leaf_value=-0.057504502402255755 -0.071767370164501187 0.020603052806151989 -0.049954299427541426 0.083490202020872886
leaf_weight=5.3380588740110388 57.854602098464966 211.3471003472805 73.269993171095848 47.196137472987175
leaf_count=21 269 475 282 26
internal_value=0 0.0128341 0.00243682 0.0691503
internal_weight=0 337.151 284.617 52.5342
internal_count=1073 804 757 47
is_linear=0
shrinkage=0.0493048


Tree=6
num_leaves=5
num_cat=0
split_feature=64 48 65 64
split_gain=134.719 74.2021 64.3553 36.8277
threshold=83.65000000000002 2.1500000000000008 9.5000000000000018 10.550000000000002
decision_type=2 2 2 2
left_child=1 2 -1 -3
right_child=-2 3 -4 -5
leaf_value=0.0075007169801405166 -0.070210579332942988 0.0069414794736961773 0.059599260813187685 -0.074151609762349066
leaf_weight=200.01667828857899 56.261494681239128 23.617693364620209 80.992212623357773 32.095866650342941
leaf_count=522 269 64 73 145
internal_value=0 0.0122117 0.022519 -0.0397641
internal_weight=0 336.722 281.009 55.7136
internal_count=1073 804 595 209
is_linear=0
shrinkage=0.0493048


Tree=7
num_leaves=5
num_cat=0
split_feature=64 49 40 52
split_gain=125.012 70.0026 98.6802 25.5484
threshold=83.65000000000002 0.064583333333333312 39.050000000000004 85.000000000000014
decision_type=2 2 2 2
left_child=1 3 -3 -1
right_child=-2 2 -4 -5
leaf_value=0.015099097220957154 -0.068791883959684857 0.018892878433234239 -0.047952483654807518 0.088328700458655443
leaf_weight=17.358077391982079 54.631377592682838 212.01018196344376 71.88918399810791 34.944905444979668
leaf_count=43 269 475 282 4
internal_value=0 0.011623 0.00196384 0.0640388
internal_weight=0 336.202 283.899 52.303
internal_count=1073 804 757 47
is_linear=0
shrinkage=0.0493048


Tree=8
num_leaves=5
num_cat=0
split_feature=64 48 65 64
split_gain=116.18 64.8322 54.164 34.0728
threshold=83.65000000000002 2.1500000000000008 9.5000000000000018 10.550000000000002
decision_type=2 2 2 2
left_child=1 2 -1 -3
right_child=-2 3 -4 -5
leaf_value=0.0068844376638672019 -0.0674951296251151 0.0065130859941718942 0.054747189053808168 -0.07207549650274786
leaf_weight=200.14590884745121 52.977021634578705 23.616219907999039 80.65471650660038 30.991312816739082
leaf_count=522 269 64 73 145
internal_value=0 0.0110738 0.0206346 -0.0380768
internal_weight=0 335.408 280.801 54.6075
internal_count=1073 804 595 209
is_linear=0
shrinkage=0.0493048


Tree=9
num_leaves=5
num_cat=0
split_feature=64 49 40 61
split_gain=108.1 60.9457 87.594 23.3674
threshold=83.65000000000002 0.064583333333333312 39.050000000000004 0.1939964157706093
decision_type=2 2 2 2
left_child=1 3 -3 -1
right_child=-2 2 -4 -5
leaf_value=-0.022101794618385445 -0.066306580805704521 0.017351234616308688 -0.046090391638732887 0.073164927018305376
leaf_weight=7.2725845426321021 51.30949804186821 212.42812171578407 70.450124993920326 44.453102707862854
leaf_count=23 269 475 282 24
internal_value=0 0.0105493 0.00154884 0.0597578
internal_weight=0 334.604 282.878 51.7257
internal_count=1073 804 757 47
is_linear=0
shrinkage=0.0493048


Tree=10
num_leaves=8
num_cat=0
split_feature=48 64 49 64 4 45 64
split_gain=101.369 59.5959 50.9653 84.5564 41.4068 20.4791 0.22704
threshold=1.9500000000000002 12.450000000000001 0.064583333333333312 51.20000000000001 1.0000000180025095e-35 95.000000000000014 83.65000000000002
decision_type=2 2 2 2 2 2 2
left_child=2 4 5 -4 -2 -1 -3
right_child=1 6 3 -5 -6 -7 -8
leaf_value=0.01588708545833133 0.05419144875806451 -0.071361116563982932 0.016245743115689711 -0.077017981010752676 -0.067225024180743734 0.082663620063279167 -0.065207502413578922
leaf_weight=16.801539078354836 20.721440106630329 34.654532417654991 207.17482483386993 26.672466307878494 10.179578632116316 33.436108589172363 33.584330707788467
leaf_count=41 36 166 475 129 42 2 182
internal_value=0 -0.0426176 0.0152877 0.00560505 0.0141718 0.0603446 -0.0683432
internal_weight=0 99.1399 284.085 233.847 30.901 50.2376 68.2389
internal_count=1073 426 647 604 78 43 348
is_linear=0
shrinkage=0.0493048


Tree=11
num_leaves=5
num_cat=0
split_feature=64 53 65 64
split_gain=93.7232 54.2929 53.1879 27.4722
threshold=83.65000000000002 11.500000000000002 9.5000000000000018 3.6500000000000008
decision_type=2 2 2 2
left_child=1 2 -1 -3
right_child=-2 3 -4 -5
leaf_value=0.0033020213204357986 -0.064180057067845811 0.053376674523703538 0.050175332140559102 -0.079079244145894581
leaf_weight=225.36512942612171 47.917983621358871 4.5628280192613628 79.662976980209351 22.791039288043976
leaf_count=612 269 11 78 103
internal_value=0 0.00957692 0.015546 -0.0569596
internal_weight=0 332.382 305.028 27.3539
internal_count=1073 804 690 114
is_linear=0
shrinkage=0.0493048


Tree=12
num_leaves=8
num_cat=0
split_feature=48 64 49 64 4 45 64
split_gain=88.696 55.0214 44.7476 75.9516 37.4741 18.3293 0.234895
threshold=1.9500000000000002 12.450000000000001 0.064583333333333312 51.20000000000001 1.0000000180025095e-35 95.000000000000014 83.65000000000002
decision_type=2 2 2 2 2 2 2
left_child=2 4 5 -4 -2 -1 -3
right_child=1 6 3 -5 -6 -7 -8
leaf_value=0.015016699108096894 0.051007753847467176 -0.069672244195392821 0.015003075787369098 -0.075203830924958151 -0.064942281162446505 0.078510697040249502 -0.063273367679424916
leaf_weight=16.8028604388237 20.872019454836849 33.439826890826225 207.55541564524174 25.472857743501663 10.028891712427138 32.454690933227539 31.337814420461655
leaf_count=41 36 166 475 129 42 2 182
internal_value=0 -0.0407626 0.0141677 0.00513925 0.0133542 0.0568655 -0.0665878
internal_weight=0 95.6786 282.286 233.028 30.9009 49.2576 64.7776
internal_count=1073 426 647 604 78 43 348
is_linear=0
shrinkage=0.0493048


Tree=13
num_leaves=8
num_cat=0
split_feature=48 64 15 64 58 4 64
split_gain=81.7318 52.0147 42.1394 51.4239 37.9167 34.0327 0.188354
threshold=1.9500000000000002 12.450000000000001 2.5000000000000004 17.950000000000003 5.5000000000000009 1.0000000180025095e-35 83.65000000000002
decision_type=2 2 2 2 2 2 2
left_child=2 5 4 -4 -1 -2 -3
right_child=1 6 3 -5 -6 -7 -8
leaf_value=0.0070550102483946204 0.048226060730773554 -0.068330663279971601 0.010314625819957735 -0.083525548472654379 0.049029091336992937 -0.062795554426090083 -0.062414690383526768
leaf_weight=131.6211007386446 20.984493121504787 32.440270155668259 41.098943337798119 21.678007706999779 86.879428893327713 9.8645215034484846 30.230272382497787
leaf_count=315 36 166 102 96 134 42 182
internal_value=0 -0.039689 0.0135172 -0.0220806 0.0237477 0.0127029 -0.0654885
internal_weight=0 93.5196 281.277 62.777 218.501 30.849 62.6705
internal_count=1073 426 647 198 449 78 348
is_linear=0
shrinkage=0.0493048


Tree=14
num_leaves=5
num_cat=0
split_feature=64 53 65 64
split_gain=77.9106 45.8206 46.5666 24.212
threshold=83.65000000000002 11.500000000000002 9.5000000000000018 3.6500000000000008
decision_type=2 2 2 2
left_child=1 2 -1 -3
right_child=-2 3 -4 -5
leaf_value=0.0024379814197495559 -0.061833818360162038 0.048468583445082626 0.046659548013021697 -0.07602839099177934
leaf_weight=224.91700704395771 43.450804963707924 4.6001041084527996 77.965221092104912 21.596470579504967
leaf_count=612 269 11 78 103
internal_value=0 0.00841089 0.0138234 -0.0541409
internal_weight=0 329.079 302.882 26.1966
internal_count=1073 804 690 114
is_linear=0
shrinkage=0.0493048


Tree=15
num_leaves=5
num_cat=0
split_feature=64 49 40 61
split_gain=72.9118 43.1353 69.6688 18.0177
threshold=83.65000000000002 0.064583333333333312 39.050000000000004 0.1939964157706093
decision_type=2 2 2 2
left_child=1 3 -3 -1
right_child=-2 2 -4 -5
leaf_value=-0.021450525113210786 -0.061081371465616555 0.014407929822880637 -0.043183267419456897 0.063198215356450399
leaf_weight=7.150818094611167 41.857158362865448 212.13189315795898 67.249349936842918 41.655658662319183
leaf_count=23 269 475 282 24
internal_value=0 0.00801634 0.000542817 0.0507825
internal_weight=0 328.188 279.381 48.8065
internal_count=1073 804 757 47
is_linear=0
shrinkage=0.0493048


Tree=16
num_leaves=5
num_cat=0
split_feature=64 53 52 64
split_gain=68.3033 41.1432 44.6557 22.5061
threshold=83.65000000000002 11.500000000000002 8.5000000000000018 3.6500000000000008
decision_type=2 2 2 2
left_child=1 2 -1 -3
right_child=-2 3 -4 -5
leaf_value=-0.021880802560655228 -0.060382267847086286 0.046035537351024107 0.023153200457795939 -0.07422410709387281
leaf_weight=69.597516357898712 40.293192937970161 4.6112325489521053 231.65114857256413 20.899949952960014
leaf_count=227 269 11 463 103
internal_value=0 0.00765372 0.0127468 -0.0524603
internal_weight=0 326.76 301.249 25.5112
internal_count=1073 804 690 114
is_linear=0
shrinkage=0.0493048


Tree=17
num_leaves=8
num_cat=0
split_feature=48 64 49 58 4 45 64
split_gain=65.2358 46.1164 36.4328 62.4326 30.2419 15.2348 0.262982
threshold=1.9500000000000002 12.450000000000001 0.064583333333333312 7.5000000000000009 1.0000000180025095e-35 95.000000000000014 83.65000000000002
decision_type=2 2 2 2 2 2 2
left_child=2 4 5 -4 -2 -1 -3
right_child=1 6 3 -5 -6 -7 -8
leaf_value=0.013646303405100872 0.044784430361009306 -0.066741609454046391 -0.013522969863906255 0.04174347077926361 -0.060695912197530968 0.072391619596118589 -0.059549709565264307
leaf_weight=16.702382922172546 21.030058056116108 30.557331785559654 158.5270916223526 72.370953172445297 9.6306585669517499 30.174899101257324 25.970122933387756
leaf_count=41 36 166 472 132 42 2 182
internal_value=0 -0.03704 0.0118454 0.00379664 0.0116304 0.0514753 -0.0634502
internal_weight=0 87.1882 277.775 230.898 30.6607 46.8773 56.5275
internal_count=1073 426 647 604 78 43 348
is_linear=0
shrinkage=0.0493048


Tree=18
num_leaves=5
num_cat=0
split_feature=64 31 52 64
split_gain=61.5195 37.858 51.0818 49.7448
threshold=83.65000000000002 1.0000000180025095e-35 8.5000000000000018 9.4500000000000011
decision_type=2 2 2 2
left_child=1 2 -1 -3
right_child=-2 3 -4 -5
leaf_value=-0.028003450409194497 -0.059370853826649278 0.013029195592139033 0.025653843353719685 -0.079901691854022655
leaf_weight=54.02130152285099 37.799612566828728 30.487437769770622 213.76473358273506 25.879674702882767
leaf_count=189 269 77 419 119
internal_value=0 0.00709469 0.0148269 -0.0296271
internal_weight=0 324.153 267.786 56.3671
internal_count=1073 804 608 196
is_linear=0
shrinkage=0.0493048


Tree=19
num_leaves=8
num_cat=0
split_feature=48 64 15 64 58 4 64
split_gain=57.8997 42.4534 34.1468 45.2978 32.3953 27.1295 0.236362
threshold=1.9500000000000002 12.450000000000001 2.5000000000000004 17.950000000000003 7.5000000000000009 1.0000000180025095e-35 83.65000000000002
decision_type=2 2 2 2 2 2 2
left_child=2 5 4 -4 -1 -2 -3
right_child=1 6 3 -5 -6 -7 -8
leaf_value=0.0076300281716101233 0.041747432586089435 -0.065467514857746475 0.0086340722917304519 -0.080851564496621897 0.049263592213925671 -0.058815463578450584 -0.058395707277202433
leaf_weight=148.76370099186897 21.070721253752712 29.332037687301636 41.159037426114082 20.64212529361248 65.440353125333786 9.4404123574495298 23.976385086774826
leaf_count=345 36 166 102 96 104 42 182
internal_value=0 -0.0357527 0.0110358 -0.0212453 0.0203525 0.0106101 -0.0623003
internal_weight=0 83.8196 276.005 61.8012 214.204 30.5111 53.3084
internal_count=1073 426 647 198 449 78 348
is_linear=0
shrinkage=0.0493048


Tree=20
num_leaves=5
num_cat=0
split_feature=64 49 40 61
split_gain=55.4103 36.6204 58.1263 14.9417
threshold=83.65000000000002 0.064583333333333312 39.050000000000004 0.1939964157706093
decision_type=2 2 2 2
left_child=1 3 -3 -1
right_child=-2 2 -4 -5
leaf_value=-0.019184472331598063 -0.058477212831583421 0.012248678927004384 -0.041199931777472013 0.058785364179867176
leaf_weight=7.0246528536081305 35.350631013512611 210.9702033996582 64.609621793031693 39.514565259218216
leaf_count=23 269 475 282 24
internal_value=0 0.00654933 -0.000280094 0.0470024
internal_weight=0 322.119 275.58 46.5392
internal_count=1073 804 757 47
is_linear=0
shrinkage=0.0493048


Tree=21
num_leaves=5
num_cat=0
split_feature=64 53 45 64
split_gain=52.0638 34.1861 36.6045 19.8997
threshold=83.65000000000002 11.500000000000002 9.5000000000000018 3.6500000000000008
decision_type=2 2 2 2
left_child=1 2 -1 -3
right_child=-2 3 -4 -5
leaf_value=-0.02514694584560747 -0.057955889435630022 0.041871902625682592 0.019180224069896862 -0.07212810458003753
leaf_weight=55.766571164131165 33.945065036416054 4.5956404358148601 240.76821702718735 19.434509307146072
leaf_count=191 269 11 499 103
internal_value=0 0.00625641 0.0108418 -0.0502983
internal_weight=0 320.565 296.535 24.0301
internal_count=1073 804 690 114
is_linear=0
shrinkage=0.0493048


Tree=22
num_leaves=8
num_cat=0
split_feature=48 49 64 64 54 45 64
split_gain=49.0628 32.9438 61.3618 24.6493 24.77 13.3148 0.173864
threshold=2.1500000000000008 0.064583333333333312 51.20000000000001 10.550000000000002 36.45000000000001 95.000000000000014 83.65000000000002
decision_type=2 2 2 2 2 2 2
left_child=1 5 -3 4 -2 -1 -5
right_child=3 2 -4 6 -6 -7 -8
leaf_value=0.012815498541708891 0.053300977312241947 0.010245518553180991 -0.070269920624158752 -0.063898234527818357 -0.048865925011071634 0.068513314181925619 -0.056924031619035573
leaf_weight=16.670225083827972 11.602099865674974 216.69162829220295 25.742214031517506 23.741604529321194 11.470286607742308 28.033960342407227 18.501558870077133
leaf_count=42 18 503 158 145 46 2 159
internal_value=0 0.00886756 0.00169323 -0.0384758 0.00248132 0.0477589 -0.0608606
internal_weight=0 287.138 242.434 65.3155 23.0724 44.7042 42.2432
internal_count=1073 705 661 368 64 44 304
is_linear=0
shrinkage=0.0493048


Tree=23
num_leaves=5
num_cat=0
split_feature=64 49 40 42
split_gain=45.8791 31.7516 50.9916 15.3317
threshold=83.65000000000002 0.064583333333333312 39.050000000000004 0.13809523809523808
decision_type=2 2 2 2
left_child=1 3 -3 -1
right_child=-2 2 -4 -5
leaf_value=0.062152204193680755 -0.056987743108331559 0.011025594849708227 -0.039561243322733405 -0.0023275379290499235
leaf_weight=32.239880129694939 31.183968134224415 210.4920072555542 62.917350992560387 12.390206530690191
leaf_count=12 269 475 282 35
internal_value=0 0.00567864 -0.000613259 0.0442372
internal_weight=0 318.039 273.409 44.6301
internal_count=1073 804 757 47
is_linear=0
shrinkage=0.0493048


Tree=24
num_leaves=8
num_cat=0
split_feature=48 40 0 64 54 62 64
split_gain=43.5859 32.5493 31.4641 23.265 22.3637 2.2181 0.155327
threshold=2.1500000000000008 34.95000000000001 7.5000000000000009 10.550000000000002 36.45000000000001 7.5000000000000009 83.65000000000002
decision_type=2 2 2 2 2 2 2
left_child=1 5 -3 4 -2 -1 -5
right_child=3 2 -4 6 -6 -7 -8
leaf_value=-0.086521631669999113 0.050545061896579091 0.017368280828273019 -0.037188848532694531 -0.062976128467403719 -0.046909056273731722 -0.030739936784936764 -0.056096219861189789
leaf_weight=8.685261093080042 11.581047013401987 244.16815014183521 28.712795183062553 22.638797909021378 11.31567397713661 2.2160507440567008 16.998109169304371
leaf_count=39 18 549 109 145 46 8 159
internal_value=0 0.00828555 0.0116252 -0.0371866 0.00235446 -0.075246 -0.0600437
internal_weight=0 283.782 272.881 62.5336 22.8967 10.9013 39.6369
internal_count=1073 705 658 368 64 47 304
is_linear=0
shrinkage=0.0493048


Tree=25
num_leaves=5
num_cat=0
split_feature=64 31 64 52
split_gain=41.8739 30.5768 42.7882 40.7634
threshold=83.65000000000002 1.0000000180025095e-35 9.4500000000000011 8.5000000000000018
decision_type=2 2 2 2
left_child=1 3 -3 -1
right_child=-2 2 -4 -5
leaf_value=-0.026526211634324438 -0.05638585207243009 0.010634417102495944 -0.077270013856747505 0.022113012609668168
leaf_weight=52.425206311047077 29.233336195349693 30.396210134029388 24.144091099500656 208.18631561100483
leaf_count=189 269 77 119 419
internal_value=0 0.00529866 -0.0282683 0.0123261
internal_weight=0 315.152 54.5403 260.612
internal_count=1073 804 196 608
is_linear=0
shrinkage=0.0493048


Tree=26
num_leaves=5
num_cat=0
split_feature=64 49 58 42
split_gain=39.431 28.8803 48.7263 13.8287
threshold=83.65000000000002 0.064583333333333312 7.5000000000000009 0.13809523809523808
decision_type=2 2 2 2
left_child=1 3 -3 -1
right_child=-2 2 -4 -5
leaf_value=0.060079182253100376 -0.055996844459654492 -0.015039071811553308 0.030037461623987259 -0.0016212842373138229
leaf_weight=30.908350735902786 28.015436135232449 186.15293700993061 84.87386018037796 12.333681479096411
leaf_count=12 269 576 181 35
internal_value=0 0.00504729 -0.000920592 0.0424661
internal_weight=0 314.269 271.027 43.242
internal_count=1073 804 757 47
is_linear=0
shrinkage=0.0493048


Tree=27
num_leaves=8
num_cat=0
split_feature=48 40 0 64 54 64 64
split_gain=38.0399 28.8982 27.5656 21.3923 20.1761 2.87755 0.14555
threshold=2.1500000000000008 34.95000000000001 7.5000000000000009 10.550000000000002 36.45000000000001 7.0500000000000007 83.65000000000002
decision_type=2 2 2 2 2 2 2
left_child=1 5 -3 4 -2 -1 -5
right_child=3 2 -4 6 -6 -7 -8
leaf_value=-0.010315672221237146 0.047532719794924523 0.01615107644729372 -0.035305987327136946 -0.062046620297402655 -0.045366853431455856 -0.082810709041286665 -0.055030962331034258
leaf_weight=1.5853335112333287 11.520863413810732 241.86032739281654 28.257867395877838 21.626003988087177 11.212572574615477 9.0531481429934484 14.920414768159388
leaf_count=5 18 549 109 145 46 42 159
internal_value=0 0.00762404 0.0107655 -0.0358419 0.00168431 -0.0720708 -0.0592019
internal_weight=0 280.757 270.118 59.2799 22.7334 10.6385 36.5464
internal_count=1073 705 658 368 64 47 304
is_linear=0
shrinkage=0.0493048


Tree=28
num_leaves=5
num_cat=0
split_feature=64 5 64 52
split_gain=36.0848 27.2259 53.8612 47.8667
threshold=83.65000000000002 1.5000000000000002 17.950000000000003 8.5000000000000018
decision_type=2 2 2 2
left_child=1 3 -3 -1
right_child=-2 2 -4 -5
leaf_value=-0.036490375729317709 -0.055498966499429224 0.0044423277227283037 -0.075744910968092521 0.026740980479027447
leaf_weight=35.330414161086082 26.234690502285957 84.791286408901215 26.792713768780231 164.94621648639441
leaf_count=139 269 220 140 305
internal_value=0 0.00470761 -0.0148064 0.0155831
internal_weight=0 311.861 111.584 200.277
internal_count=1073 804 360 444
is_linear=0
shrinkage=0.0493048


Tree=29
num_leaves=5
num_cat=0
split_feature=64 49 40 42
split_gain=34.0208 26.2948 43.1002 12.376
threshold=83.65000000000002 0.064583333333333312 39.050000000000004 0.13809523809523808
decision_type=2 2 2 2
left_child=1 3 -3 -1
right_child=-2 2 -4 -5
leaf_value=0.058173502439958023 -0.055163756788618033 0.0094674931204364095 -0.037808661648213962 -0.00067822564376281093
leaf_weight=29.516988575458527 25.120529904961586 208.38393743336201 60.483032509684563 12.277660995721815
leaf_count=12 269 475 282 35
internal_value=0 0.004488 -0.00116522 0.04087
internal_weight=0 310.662 268.867 41.7946
internal_count=1073 804 757 47
is_linear=0
shrinkage=0.0493048


Tree=30
num_leaves=8
num_cat=0
split_feature=48 53 46 64 54 60 64
split_gain=32.6673 26.4719 33.6087 19.6594 18.225 11.4595 0.126421
threshold=2.1500000000000008 11.500000000000002 11.500000000000002 10.550000000000002 36.45000000000001 0.27149877149877155 83.65000000000002
decision_type=2 2 2 2 2 2 2
left_child=1 2 -1 4 -2 -3 -5
right_child=3 5 -4 6 -6 -7 -8
leaf_value=0.0036768364059250615 0.044935381787939342 -0.072933266408236996 0.05556387812537826 -0.061121265809833236 -0.043876746898732236 0.054547128184749133 -0.054142612218326384
leaf_weight=227.07122742384672 11.418963477015497 13.199784085154532 35.033859334886074 20.292396560311317 11.051784500479696 1.9632234647870053 13.056799449026583
leaf_count=582 18 73 45 145 46 5 159
internal_value=0 0.00694848 0.0106149 -0.0343921 0.00122602 -0.0563822 -0.0584104
internal_weight=0 277.268 262.105 55.8199 22.4707 15.163 33.3492
internal_count=1073 705 627 368 64 78 304
is_linear=0
shrinkage=0.0493048


Tree=31
num_leaves=5
num_cat=0
split_feature=64 58 49 40
split_gain=31.0988 25.0615 51.924 38.2428
threshold=83.65000000000002 7.5000000000000009 0.36931818181818182 38.650000000000013
decision_type=2 2 2 2
left_child=1 2 -1 -3
right_child=-2 3 -4 -5
leaf_value=0.017656849032721581 -0.05471917249305195 0.051301891606645347 -0.029972142305620463 -0.018699065918683755
leaf_weight=119.9457848444581 23.449580818414688 54.999392494559288 103.77873193472624 28.945516705513
leaf_count=252 269 66 369 117
internal_value=0 0.00418332 -0.00443387 0.0271568
internal_weight=0 307.669 223.725 83.9449
internal_count=1073 804 621 183
is_linear=0
shrinkage=0.0493048


Tree=32
num_leaves=5
num_cat=0
split_feature=64 49 64 42
split_gain=29.355 23.6614 40.192 11.8084
threshold=83.65000000000002 0.064583333333333312 51.20000000000001 0.13809523809523808
decision_type=2 2 2 2
left_child=1 3 -3 -1
right_child=-2 2 -4 -5
leaf_value=0.056441534108967059 -0.054429775187126529 0.0037612734148739159 -0.073026604088608449 -0.0013813184319055509
leaf_weight=28.436196520924568 22.437168173491955 248.01167562603951 17.75531429797411 12.267629146575926
leaf_count=12 269 659 98 35
internal_value=0 0.00399254 -0.0013666 0.0389989
internal_weight=0 306.471 265.767 40.7038
internal_count=1073 804 757 47
is_linear=0
shrinkage=0.0493048


Tree=33
num_leaves=8
num_cat=0
split_feature=47 31 64 58 62 40 65
split_gain=28.3613 29.6424 33.4801 26.9328 11.4319 16.2128 0.789104
threshold=39.650000000000013 1.0000000180025095e-35 9.4500000000000011 8.5000000000000018 5.5000000000000009 38.95000000000001 7.5000000000000009
decision_type=2 2 2 2 2 2 2
left_child=1 3 -3 -1 6 -6 -2
right_child=4 2 -4 -5 5 -7 -8
leaf_value=0.0026252208055872828 -0.076812871933627389 0.0084374741949861491 -0.073047926510757102 0.040280425774860087 0.027655148216217517 -0.062657625532851452 -0.056145444682508518
leaf_weight=176.56734090298414 10.022298559546472 26.283790171146393 22.947932690382004 62.547035157680511 10.648551337420942 8.837660998106001 8.8725229501724225
leaf_count=489 52 67 137 120 32 78 98
internal_value=0 0.00530279 -0.0295322 0.0124778 -0.0398125 -0.0132727 -0.0671462
internal_weight=0 288.346 49.2317 239.114 38.381 19.4862 18.8948
internal_count=1073 813 204 609 260 110 150
is_linear=0
shrinkage=0.0493048


Tree=34
num_leaves=7
num_cat=0
split_feature=53 47 58 64 38 48
split_gain=27.2781 26.0255 26.5771 17.5531 10.7658 0.420063
threshold=11.500000000000002 39.650000000000013 7.5000000000000009 3.6500000000000008 105.00000000000001 1.9500000000000002
decision_type=2 2 2 2 2 2
left_child=1 2 -1 -2 -3 -5
right_child=3 4 -4 5 -6 -7
leaf_value=-0.00025642445630499026 0.042006830774493548 -0.052573776323610613 0.034714452255036971 -0.071785802591793138 0.029552929396974171 -0.057877748205989184
leaf_weight=195.69084081053734 4.5146351158618954 24.770842306315902 72.345453262329102 10.449268974363806 4.5893793404102317 12.701953850686548
leaf_count=547 11 169 139 58 15 134
internal_value=0 0.00435091 0.00918022 -0.0468328 -0.0397136 -0.0641863
internal_weight=0 297.397 268.036 27.6659 29.3602 23.1512
internal_count=1073 870 686 203 184 192
is_linear=0
shrinkage=0.0493048


Tree=35
num_leaves=5
num_cat=0
split_feature=64 40 40 48
split_gain=26.2219 22.4331 24.6877 0.0595693
threshold=83.65000000000002 13.350000000000003 38.650000000000013 1.4500000000000002
decision_type=2 2 2 2
left_child=1 3 -3 -1
right_child=-2 2 -4 -5
leaf_value=-0.084929729263685888 -0.053958764249732158 0.016082986186319106 -0.013953637698159159 -0.073264144033176104
leaf_weight=4.2617745846509925 20.513105936348438 194.2680040076375 101.13863798975945 3.3559212535619736
leaf_count=18 269 401 368 17
internal_value=0 0.00364067 0.00579711 -0.0798872
internal_weight=0 303.024 295.407 7.6177
internal_count=1073 804 769 35
is_linear=0
shrinkage=0.0493048


Tree=36
num_leaves=8
num_cat=0
split_feature=48 40 52 64 52 64 64
split_gain=25.2524 23.6689 23.113 17.1091 15.9 4.24832 0.0941344
threshold=2.1500000000000008 34.95000000000001 115.00000000000001 10.550000000000002 10.500000000000002 5.6500000000000012 83.65000000000002
decision_type=2 2 2 2 2 2 2
left_child=1 5 -3 4 -2 -1 -5
right_child=3 2 -4 6 -6 -7 -8
leaf_value=0.024049932496043792 -0.056872783020028995 0.011202255137729029 -0.080118871103095096 -0.059741279946233655 0.031305000988265996 -0.079275597379449711 -0.052891407415439642
leaf_weight=1.0728443413972844 7.618645220994952 254.74213075637817 6.9178719073534003 18.248933821916584 14.299425736069677 9.0044343024492246 10.193177279084919
leaf_count=3 32 621 37 145 32 44 159
internal_value=0 0.00592709 0.00878506 -0.0320841 0.000623758 -0.0682095 -0.0573114
internal_weight=0 271.737 261.66 50.3602 21.9181 10.0773 28.4421
internal_count=1073 705 658 368 64 47 304
is_linear=0
shrinkage=0.0493048


Tree=37
num_leaves=7
num_cat=0
split_feature=49 64 40 61 52 64
split_gain=24.9457 52.8828 32.9903 18.0709 5.26451 1.0888
threshold=0.064583333333333312 51.20000000000001 39.050000000000004 1.0000000180025095e-35 85.000000000000014 83.65000000000002
decision_type=2 2 2 2 2 2
left_child=3 2 -2 -1 -5 -3
right_child=1 5 -4 4 -6 -7
leaf_value=-0.077152870198421541 0.012178379526346334 -0.071281626243345872 -0.032205557347738792 0.022459641121218954 0.06062625641897601 -0.053578027080321881
leaf_weight=3.145196981728076 193.6279369816184 16.534148648381233 51.545403465628624 14.41950625926256 22.762031644582748 18.428005818277597
leaf_count=16 421 98 238 36 3 261
internal_value=0 -0.00524281 0.00284432 0.0362325 0.0458433 -0.0619709
internal_weight=0 280.135 245.173 40.3267 37.1815 34.9622
internal_count=1073 1018 659 55 39 359
is_linear=0
shrinkage=0.0493048


Tree=38
num_leaves=7
num_cat=0
split_feature=53 45 48 31 64 48
split_gain=23.1745 22.055 48.0467 32.295 16.0272 0.303268
threshold=11.500000000000002 9.5000000000000018 0.35000000000000003 1.0000000180025095e-35 3.6500000000000008 1.9500000000000002
decision_type=2 2 2 2 2 2
left_child=1 2 -1 -3 -2 -6
right_child=4 3 -4 -5 5 -7
leaf_value=0.025122928842462065 0.0393499411036866 0.018068469972765504 -0.067132560817094622 -0.033035260484978353 -0.069791157445909774 -0.057248440541303236
leaf_weight=25.669132679700851 4.4919796437025097 201.61190379038453 29.469167362898588 35.320846069604158 9.8608299084007758 11.159852091223
leaf_count=62 11 481 161 166 58 134
internal_value=0 0.00390936 -0.0241724 0.0104473 -0.0450902 -0.0631665
internal_weight=0 292.071 55.1383 236.933 25.5127 21.0207
internal_count=1073 870 223 647 203 192
is_linear=0
shrinkage=0.0493048


Tree=39
num_leaves=8
num_cat=0
split_feature=64 3 48 46 13 38 48
split_gain=22.9555 63.489 55.2051 17.4061 24.1755 12.7461 1.07933
threshold=9.3500000000000032 33.000000000000007 0.35000000000000003 3.5000000000000004 1.5000000000000002 35.000000000000007 1.9500000000000002
decision_type=2 2 2 2 2 2 2
left_child=3 2 -2 5 -5 -1 -3
right_child=1 6 -4 4 -6 -7 -8
leaf_value=0.017514076766125621 -0.090119768080540272 -0.079437093973905026 0.011241660907029216 -0.015305127225599858 0.072022531512660928 0.063224788548309388 -0.05898772261493896
leaf_weight=40.130869910120964 14.361988648772238 23.296217743307352 144.17007439211011 52.097190797328949 9.042515426874159 23.574661031365395 9.0484616607427579
leaf_count=97 65 120 489 163 13 30 96
internal_value=0 -0.010786 0.0020543 0.0164047 -0.00237774 0.0344406 -0.0737387
internal_weight=0 190.877 158.532 124.845 61.1397 63.7055 32.3447
internal_count=1073 770 554 303 176 127 216
is_linear=0
shrinkage=0.0493048


Tree=40
num_leaves=5
num_cat=0
split_feature=64 58 58 42
split_gain=22.0136 20.8459 29.0266 10.4043
threshold=83.65000000000002 -9.4999999999999982 7.5000000000000009 0.38194444444444448
decision_type=2 2 2 2
left_child=1 3 -3 -1
right_child=-2 2 -4 -5
leaf_value=0.064034902860340345 -0.05331491901395314 -0.011610578097023722 0.023730565199476139 -0.0018967531921731135
leaf_weight=19.170465052127842 17.786433547735214 188.55093099176884 80.661668226122856 8.3264870420098287
leaf_count=15 269 578 183 28
internal_value=0 0.0031552 -0.00101917 0.0440469
internal_weight=0 296.71 269.213 27.497
internal_count=1073 804 761 43
is_linear=0
shrinkage=0.0493048


Tree=41
num_leaves=8
num_cat=0
split_feature=49 64 58 61 52 40 64
split_gain=22.2977 46.7079 28.5467 16.3343 4.0759 1.80327 0.824547
threshold=0.064583333333333312 51.20000000000001 6.5000000000000009 0.14550264550264549 85.000000000000014 38.45000000000001 83.65000000000002
decision_type=2 2 2 2 2 2 2
left_child=3 2 -2 5 -5 -1 -3
right_child=1 6 -4 4 -6 -7 -8
leaf_value=-0.011418499283540169 -0.0095256058890724575 -0.06920779353460714 0.026416841799141128 0.024231028466936158 0.059564913512941076 -0.075359486308877607 -0.053052041715922101
leaf_weight=1.7340359389781941 161.96880092844367 15.656787186861036 80.367957014590502 12.628095429390667 21.72550830245018 2.9256726056337357 16.351134818047285
leaf_count=6 490 98 169 30 3 16 261
internal_value=0 -0.00499947 0.00239165 0.0348369 0.0465966 -0.0517126 -0.0609771
internal_weight=0 274.345 242.337 39.0133 34.3536 4.65971 32.0079
internal_count=1073 1018 659 55 33 22 359
is_linear=0
shrinkage=0.0493048


Tree=42
num_leaves=8
num_cat=0
split_feature=49 64 40 61 52 40 64
split_gain=20.6077 44.0677 28.4251 15.124 4.1109 1.71785 0.697257
threshold=0.064583333333333312 51.20000000000001 39.050000000000004 0.14550264550264549 85.000000000000014 38.45000000000001 83.65000000000002
decision_type=2 2 2 2 2 2 2
left_child=3 2 -2 5 -5 -1 -3
right_child=1 6 -4 4 -6 -7 -8
leaf_value=-0.010882147556307072 0.010941514159717215 -0.068058003340555437 -0.030676611454177438 0.023062697927569022 0.058799266509493409 -0.073661795443456843 -0.052856057658180425
leaf_weight=1.729951575398444 191.66417226940393 15.149024657905104 50.377711858600378 12.614060308784245 20.942870527505875 2.8475085869431496 15.620774220675228
leaf_count=6 421 98 238 30 3 16 261
internal_value=0 -0.0047864 0.00227649 0.0339083 0.0453864 -0.0500858 -0.0603638
internal_weight=0 272.812 242.042 38.1344 33.5569 4.57746 30.7698
internal_count=1073 1018 659 55 33 22 359
is_linear=0
shrinkage=0.0493048


Tree=43
num_leaves=8
num_cat=0
split_feature=64 3 48 46 27 38 48
split_gain=20.192 56.8845 49.6316 15.5182 21.7673 11.7275 0.82538
threshold=9.3500000000000032 33.000000000000007 0.35000000000000003 3.5000000000000004 3.5000000000000004 35.000000000000007 1.9500000000000002
decision_type=2 2 2 2 2 2 2
left_child=3 2 -2 5 -5 -1 -3
right_child=1 6 -4 4 -6 -7 -8
leaf_value=0.016143887080334457 -0.086783271767858675 -0.077086115316067169 0.010639239796080176 -0.012366425839823145 0.085792700611024689 0.060113854136932994 -0.058281892858856953
leaf_weight=40.019407629966736 13.983043532818554 22.23176842182875 139.72194276377559 54.604408323764801 6.1044495850801459 23.404189437627792 8.1331622339785081
leaf_count=97 65 120 489 171 5 30 96
internal_value=0 -0.010407 0.00177161 0.0153243 -0.00248416 0.0323804 -0.0720732
internal_weight=0 184.07 153.705 124.132 60.7089 63.4236 30.3649
internal_count=1073 770 554 303 176 127 216
is_linear=0
shrinkage=0.0493048


Tree=44
num_leaves=7
num_cat=0
split_feature=53 45 48 31 64 64
split_gain=19.649 19.3156 42.1906 26.915 14.9531 0.251093
threshold=11.500000000000002 9.5000000000000018 0.35000000000000003 1.0000000180025095e-35 3.6500000000000008 48.400000000000006
decision_type=2 2 2 2 2 2
left_child=1 2 -1 -3 -2 -6
right_child=4 3 -4 -5 5 -7
leaf_value=0.02317535448558377 0.037767825385892816 0.016753762213192056 -0.064724181640982842 -0.030843314223553134 -0.067463551577810366 -0.055238898325408757
leaf_weight=25.142382636666298 4.4687588065862682 196.19467585906386 28.103095918893814 33.857602894306183 11.030446007847788 8.0520337820053083
leaf_count=62 11 481 161 166 71 121
internal_value=0 0.00355011 -0.0232064 0.0097458 -0.0433187 -0.0623428
internal_weight=0 283.298 53.2455 230.052 23.5512 19.0825
internal_count=1073 870 223 647 203 192
is_linear=0
shrinkage=0.0493048


Tree=45
num_leaves=7
num_cat=0
split_feature=46 46 55 19 54 64
split_gain=19.0225 20.4348 38.0008 33.2654 2.24428 0.250075
threshold=13.500000000000002 11.500000000000002 1.2500000000000002 1.5000000000000002 42.350000000000001 46.95000000000001
decision_type=2 2 2 2 2 2
left_child=1 2 -1 -3 5 -2
right_child=4 3 -4 -5 -6 -7
leaf_value=0.0092236116370625881 -0.069984226087601367 0.051142963718965519 -0.033644188836218732 -0.067598110167442813 0.0075814516071826075 -0.054594129286514213
leaf_weight=176.62471372261643 7.2732326798140985 38.02387235686183 70.264372333884239 6.7490054033696643 1.1547751314938057 4.9206213504076004
leaf_count=433 46 81 366 65 8 74
internal_value=0 0.0025813 -0.00297399 0.0332284 -0.0576059 -0.0638326
internal_weight=0 291.662 246.889 44.7729 13.3486 12.1939
internal_count=1073 945 799 146 128 120
is_linear=0
shrinkage=0.0493048


Tree=46
num_leaves=8
num_cat=0
split_feature=58 49 64 42 56 55 48
split_gain=18.3923 23.626 39.9816 16.3402 15.8656 12.4119 5.76066
threshold=-9.4999999999999982 0.064583333333333312 19.550000000000004 0.19375000000000003 0.45804195804195807 0.25000000000000006 1.0500000000000003
decision_type=2 2 2 2 2 2 2
left_child=4 3 -3 -2 6 -6 -1
right_child=1 2 -4 -5 5 -7 -8
leaf_value=0.014126459736062998 0.05244698541653163 0.0044693004203983158 -0.038525581307768876 -0.023430981366379357 0.094342349146994617 -0.0741022600060606 0.071806802703715908
leaf_weight=5.6913914680481019 27.076890699565411 161.0944877192378 78.037176541984081 9.2440290153026563 1.3908634185791005 4.4769840613007545 16.501242507249117
leaf_count=13 19 429 526 35 1 30 20
internal_value=0 -0.00392915 -0.00955886 0.0331173 0.0379711 -0.0340547 0.0570451
internal_weight=0 275.453 239.132 36.3209 28.0605 5.86785 22.1926
internal_count=1073 1009 955 54 64 31 33
is_linear=0
shrinkage=0.0493048


Tree=47
num_leaves=7
num_cat=0
split_feature=46 46 55 19 53 64
split_gain=17.4208 18.8957 33.4256 30.1978 2.48599 0.207014
threshold=13.500000000000002 11.500000000000002 1.2500000000000002 1.5000000000000002 115.00000000000001 46.95000000000001
decision_type=2 2 2 2 2 2
left_child=1 2 -1 -3 5 -2
right_child=4 3 -4 -5 -6 -7
leaf_value=0.008517930572311247 -0.068545675349070218 0.048958032046952205 -0.031941484056190746 -0.066737778347510004 0.018991093432932038 -0.054132435001133364
leaf_weight=175.58382834121585 6.9923914298415148 37.718826144933701 69.196638755500317 6.4120438098907462 0.96612694486975748 4.7684649564325809
leaf_count=433 46 81 366 65 5 77
internal_value=0 0.0024346 -0.00291692 0.0321319 -0.0565045 -0.0627627
internal_weight=0 288.911 244.78 44.1309 12.727 11.7609
internal_count=1073 945 799 146 128 123
is_linear=0
shrinkage=0.0493048


Tree=48
num_leaves=8
num_cat=0
split_feature=64 3 48 46 13 38 48
split_gain=17.5006 50.4774 45.2934 12.6614 20.2347 10.8498 0.619585
threshold=9.3500000000000032 33.000000000000007 0.35000000000000003 3.5000000000000004 1.5000000000000002 35.000000000000007 1.9500000000000002
decision_type=2 2 2 2 2 2 2
left_child=3 2 -2 5 -5 -1 -3
right_child=1 6 -4 4 -6 -7 -8
leaf_value=0.014070636961539491 -0.083949116368197185 -0.074510877470250023 0.010197432974360852 -0.013950220442894455 0.06641205355712583 0.056543941859142965 -0.057186508132733106
leaf_weight=39.936175778508186 13.680654011666773 21.2892702780664 134.92615965008736 51.124091595411301 8.9485410153865796 23.117664024233818 7.1271481066942206
leaf_count=97 65 120 489 163 13 30 96
internal_value=0 -0.00998346 0.00152543 0.0142208 -0.00196748 0.0296538 -0.070191
internal_weight=0 177.023 148.607 123.126 60.0726 63.0538 28.4164
internal_count=1073 770 554 303 176 127 216
is_linear=0
shrinkage=0.0493048


Tree=49
num_leaves=5
num_cat=0
split_feature=64 65 64 6
split_gain=16.5832 17.0327 74.6582 38.3993
threshold=83.65000000000002 9.5000000000000018 19.550000000000004 1.5000000000000002
decision_type=2 2 2 2
left_child=1 2 -1 -3
right_child=-2 3 -4 -5
leaf_value=0.00826607754448405 -0.052444561982370151 0.041334182806036533 -0.071128533654126275 -0.073245525620251023
leaf_weight=190.3079723007977 13.99984974041581 52.256142526865005 33.922488108277321 8.225636921823023
leaf_count=487 269 55 213 49
internal_value=0 0.00251819 -0.00374246 0.0257393
internal_weight=0 284.712 224.23 60.4818
internal_count=1073 804 700 104
is_linear=0
shrinkage=0.0493048


Tree=50
num_leaves=6
num_cat=0
split_feature=63 64 60 56 40
split_gain=16.059 16.5515 16.3729 9.78229 0.351905
threshold=14.500000000000002 83.65000000000002 0.059411764705882351 0.96875000000000011 38.95000000000001
decision_type=2 2 2 2 2
left_child=1 2 -1 4 -2
right_child=3 -3 -4 -5 -6
leaf_value=0.015102228686575549 -0.086225063668015078 -0.052285755450105394 -0.0094281040636876104 0.043375210329753514 -0.065602208573237064
leaf_weight=157.9531638585031 5.7082752175629103 12.918836897239087 113.76795351877809 1.9334418214857585 3.755473792552948
leaf_count=387 28 260 366 5 27
internal_value=0 0.00223442 0.00482914 -0.057449 -0.0781186
internal_weight=0 284.64 271.721 11.3972 9.46375
internal_count=1073 1013 753 60 55
is_linear=0
shrinkage=0.0493048


Tree=51
num_leaves=8
num_cat=0
split_feature=58 58 49 16 56 55 48
split_gain=15.6358 21.4936 37.0219 30.7345 13.5139 10.8659 5.40465
threshold=-9.4999999999999982 6.5000000000000009 0.064583333333333312 1.0000000180025095e-35 0.45804195804195807 0.25000000000000006 1.0500000000000003
decision_type=2 2 2 2 2 2 2
left_child=4 2 -2 -3 6 -6 -1
right_child=1 3 -4 -5 5 -7 -8
leaf_value=0.011760345264456499 0.033392323247466792 0.025605375336477117 -0.023813590239953893 -0.081645550677057907 0.087269815270175424 -0.072461364153550895 0.068070939873046063
leaf_weight=5.6464565619826379 33.731177926063538 78.440242551267147 148.73185495473444 7.0784391257911912 1.3719563484191883 4.1806454882025719 15.883837480098007
leaf_count=13 50 233 676 50 1 30 20
internal_value=0 -0.00367304 -0.0132345 0.0167196 0.0356366 -0.0328679 0.0533347
internal_weight=0 267.982 182.463 85.5187 27.0829 5.5526 21.5303
internal_count=1073 1009 726 283 64 31 33
is_linear=0
shrinkage=0.0493048


Tree=52
num_leaves=7
num_cat=0
split_feature=40 59 64 58 62 40
split_gain=15.4768 28.1173 37.4642 26.7298 38.7156 18.8281
threshold=38.650000000000013 -399.99999999999994 12.450000000000001 6.5000000000000009 4.5000000000000009 37.650000000000013
decision_type=2 2 2 2 2 2
left_child=3 -2 -3 4 -1 -5
right_child=1 2 -4 5 -6 -7
leaf_value=0.018780394062878809 0.047156232972576019 0.0032922706862689175 -0.062621918011164041 -0.0028747244303853085 -0.033742028770842328 0.058267543604484051
leaf_weight=80.8629280179739 14.632107850164173 45.788587294518948 38.633164260536432 18.579122167080641 59.011462923139334 35.789823617786169
leaf_count=190 17 133 406 48 235 44
internal_value=0 -0.015923 -0.0268642 0.00802516 -0.00337369 0.0373622
internal_weight=0 99.0539 84.4218 194.243 139.874 54.3689
internal_count=1073 556 539 517 425 92
is_linear=0
shrinkage=0.0493048


Tree=53
num_leaves=8
num_cat=0
split_feature=64 3 45 46 27 65 48
split_gain=15.19 43.71 40.5757 11.649 17.7942 9.89876 0.418727
threshold=9.3500000000000032 33.000000000000007 9.5000000000000018 3.5000000000000004 3.5000000000000004 2.5000000000000004 1.9500000000000002
decision_type=2 2 2 2 2 2 2
left_child=3 2 -2 5 -5 -1 -3
right_child=1 6 -4 4 -6 -7 -8
leaf_value=0.0084081082030932289 -0.069779197859235129 -0.071856124833536317 0.010889611250752962 -0.011497005499959845 0.07750113109473758 0.047634998980942769 -0.056550115549136637
leaf_weight=31.362757995724678 17.248929593712091 19.935535525903109 124.9486813172698 53.607970848679543 6.0791362375020972 31.285355120897293 6.2263664063066235
leaf_count=83 126 120 428 171 5 44 96
internal_value=0 -0.00967224 0.00109925 0.013157 -0.00242039 0.0280082 -0.0682408
internal_weight=0 168.36 142.198 122.335 59.6871 62.6481 26.1619
internal_count=1073 770 554 303 176 127 216
is_linear=0
shrinkage=0.0493048


Tree=54
num_leaves=7
num_cat=0
split_feature=46 46 55 55 57 64
split_gain=14.5695 15.788 27.3671 24.5213 2.66903 0.140135
threshold=13.500000000000002 11.500000000000002 1.2500000000000002 1.3500000000000003 50.000000000000007 46.95000000000001
decision_type=2 2 2 2 2 2
left_child=1 2 -1 -3 5 -2
right_child=4 3 -4 -5 -6 -7
leaf_value=0.0076972498728086931 -0.066542949241925359 -0.072257583872776879 -0.029733680276726512 0.044344536515479267 0.026097661554059452 -0.053542241464428895
leaf_weight=170.25664433464408 6.4326581731438601 4.9805189967155448 65.842525545507669 36.374186018481851 0.90694383159279901 4.1223778650164604
leaf_count=433 46 33 366 113 4 78
internal_value=0 0.00218118 -0.0027387 0.0302844 -0.0545407 -0.0615331
internal_weight=0 277.454 236.099 41.3547 11.462 10.555
internal_count=1073 945 799 146 128 124
is_linear=0
shrinkage=0.0493048


Tree=55
num_leaves=7
num_cat=0
split_feature=30 5 52 45 59 52
split_gain=14.4399 31.6918 29.7945 21.6228 11.6108 19.3697
threshold=1.0000000180025095e-35 1.5000000000000002 8.5000000000000018 1.5000000000000002 175.00000000000003 4.5000000000000009
decision_type=2 2 2 2 2 2
left_child=1 2 -1 -3 5 -2
right_child=4 3 -4 -5 -6 -7
leaf_value=-0.034310103838879426 0.066412579262220314 0.055590985836451584 0.017582495009820641 -0.036143492018417142 0.077510645974199488 -0.052277395434154626
leaf_weight=32.834913389757276 6.6888521239161509 6.7987369000911704 148.58766157738864 76.087320819497108 9.9348290115594846 6.6763603612780571
leaf_count=165 10 12 422 411 17 36
internal_value=0 -0.00335019 0.00818694 -0.0286105 0.037138 0.00707507
internal_weight=0 264.309 181.423 82.8861 23.3 13.3652
internal_count=1073 1010 587 423 63 46
is_linear=0
shrinkage=0.0493048


Tree=56
num_leaves=8
num_cat=0
split_feature=64 3 48 46 13 38 48
split_gain=14.3928 39.7984 38.966 10.0602 16.363 9.15581 0.334093
threshold=9.3500000000000032 33.000000000000007 0.35000000000000003 3.5000000000000004 1.5000000000000002 35.000000000000007 1.9500000000000002
decision_type=2 2 2 2 2 2 2
left_child=3 2 -2 5 -5 -1 -3
right_child=1 6 -4 4 -6 -7 -8
leaf_value=0.012383000749721257 -0.080196017811242901 -0.070178501484559411 0.0090603873173803872 -0.012610786046850444 0.060165963536162805 0.051741370535226948 -0.055920586295965614
leaf_weight=39.799755662679672 13.121110614389179 19.179843418300155 126.61675078235567 50.358603611588478 8.8248787820339185 22.540230333805084 5.7879165560007086
leaf_count=97 65 120 489 163 13 30 96
internal_value=0 -0.00956615 0.000674168 0.0128021 -0.00174711 0.0266249 -0.0669019
internal_weight=0 164.706 139.738 121.523 59.1835 62.34 24.9678
internal_count=1073 770 554 303 176 127 216
is_linear=0
shrinkage=0.0493048


Tree=57
num_leaves=7
num_cat=0
split_feature=40 40 59 48 64 7
split_gain=13.9065 16.5285 24.0172 23.2666 0.0547658 0.0124446
threshold=13.350000000000003 38.650000000000013 -399.99999999999994 0.95000000000000007 18.150000000000002 9.5000000000000018
decision_type=2 2 2 2 2 2
left_child=4 3 -3 -2 -1 -6
right_child=1 2 -4 -5 5 -7
leaf_value=-0.076371667636446289 -0.0088289094814022768 0.044462258208769138 -0.025432846834657075 0.026429087297826195 -0.069331271721031054 -0.05734476246770856
leaf_weight=3.2523697242140761 83.978684291243553 14.018861491233109 80.804985227063298 99.241329930722713 2.0083454791456465 1.400917140766978
leaf_count=15 241 17 539 234 13 14
internal_value=0 0.00161491 -0.0150922 0.0102651 -0.0704649 -0.0646165
internal_weight=0 278.044 94.8238 183.22 6.66163 3.40926
internal_count=1073 1031 556 475 42 27
is_linear=0
shrinkage=0.0493048


Tree=58
num_leaves=8
num_cat=0
split_feature=64 65 6 38 30 5 48
split_gain=13.9075 55.4523 32.687 15.4583 15.3163 9.67862 0.682281
threshold=19.550000000000004 9.5000000000000018 1.5000000000000002 85.000000000000014 1.0000000180025095e-35 1.0000000180025095e-35 1.9500000000000002
decision_type=2 2 2 2 2 2 2
left_child=3 6 -3 4 -1 -5 -2
right_child=1 2 -4 5 -6 -7 -8
leaf_value=-0.0030787739743528119 -0.072721005491611326 0.027674152588255174 -0.06361337817205312 0.069377087290407924 0.045428540499718423 0.0063046252062270176 -0.056763789015700568
leaf_weight=143.83382925763726 22.476460672914982 52.867924267426133 11.629672916606067 14.80293917655945 17.77751712501049 9.8897988572716695 9.9132291059941036
leaf_count=418 124 181 156 14 29 26 125
internal_value=0 -0.0152215 0.0112031 0.00780918 0.00225337 0.0441434 -0.0678593
internal_weight=0 96.8873 64.4976 186.304 161.611 24.6927 32.3897
internal_count=1073 586 337 487 447 40 249
is_linear=0
shrinkage=0.0493048


Tree=59
num_leaves=8
num_cat=0
split_feature=64 3 48 46 27 57 48
split_gain=13.353 36.0618 34.4462 9.57058 14.9656 8.51415 0.252653
threshold=9.3500000000000032 33.000000000000007 0.35000000000000003 3.5000000000000004 3.5000000000000004 2.2500000000000004 1.9500000000000002
decision_type=2 2 2 2 2 2 2
left_child=3 2 -2 5 -5 -1 -3
right_child=1 6 -4 4 -6 -7 -8
leaf_value=0.031832345928140979 -0.077192717797306534 -0.068623590911705362 0.0082290269375418848 -0.010347378720915902 0.071652569003181565 -0.029395942631046133 -0.055601148401813606
leaf_weight=55.981016591191292 12.646413203328846 18.225322116166357 123.86206310987473 52.852356508374214 6.0260844379663459 6.1131529361009589 5.3772649597376576
leaf_count=109 65 120 489 171 5 18 96
internal_value=0 -0.00941515 0.000310068 0.0122888 -0.00194263 0.0257936 -0.065687
internal_weight=0 160.111 136.508 120.973 58.8784 62.0942 23.6026
internal_count=1073 770 554 303 176 127 216
is_linear=0
shrinkage=0.0493048


Tree=60
num_leaves=6
num_cat=0
split_feature=63 64 40 60 55
split_gain=13.123 13.7173 12.9307 8.5285 0.261312
threshold=14.500000000000002 83.65000000000002 13.350000000000003 0.30384615384615393 1.2500000000000002
decision_type=2 2 2 2 2
left_child=1 2 -1 4 -2
right_child=3 -3 -4 -5 -6
leaf_value=-0.070134854898316154 -0.081411493567693574 -0.051926428177141992 0.0059762715113389981 0.044874178243267789 -0.0628288662470812
leaf_weight=5.5433683320879927 5.1667038500308973 10.979751469567416 252.50743068195879 1.7590654417872418 3.635629428550601
leaf_count=32 26 260 721 4 30
internal_value=0 0.00203955 0.00433846 -0.0539858 -0.073819
internal_weight=0 269.031 258.051 10.5614 8.80233
internal_count=1073 1013 753 60 56
is_linear=0
shrinkage=0.0493048


Tree=61
num_leaves=7
num_cat=0
split_feature=46 46 54 57 57 64
split_gain=12.8302 14.0296 24.1857 21.8945 2.4285 0.0964203
threshold=13.500000000000002 11.500000000000002 38.750000000000007 2.2500000000000004 50.000000000000007 46.95000000000001
decision_type=2 2 2 2 2 2
left_child=1 2 -1 -3 5 -2
right_child=4 3 -4 -5 -6 -7
leaf_value=0.0058382928689443151 -0.065008302622964378 -0.026600018332436123 -0.032918783322171824 0.05339629938248365 0.023058689489119214 -0.053240306362939499
leaf_weight=178.53475206531584 5.9651515856385195 11.911479907110332 50.127190494909883 27.4920903891325 0.91240565478801805 3.7141870800405741
leaf_count=528 46 84 271 62 4 78
internal_value=0 0.00202447 -0.0026553 0.0291973 -0.0532997 -0.0605664
internal_weight=0 268.066 228.662 39.4036 10.5917 9.67934
internal_count=1073 945 799 146 128 124
is_linear=0
shrinkage=0.0493048


Tree=62
num_leaves=7
num_cat=0
split_feature=52 47 45 17 64 64
split_gain=12.5246 13.5954 14.4104 12.1869 4.08884 0.257068
threshold=115.00000000000001 39.650000000000013 95.000000000000014 2.5000000000000004 2.9500000000000006 21.750000000000004
decision_type=2 2 2 2 2 2
left_child=1 2 -1 -3 -2 -6
right_child=4 3 -4 -5 5 -7
leaf_value=0.00049778399441037958 0.045189786441508041 -0.040295192689902413 0.034680037746679104 0.10567780767965043 -0.080763388888358253 -0.061309906145134818
leaf_weight=207.61595081537962 0.82693567872047236 24.595953151583675 35.049100399017334 1.4704081043601025 3.2954211123287678 4.5077660251408815
leaf_count=706 2 239 56 2 16 52
internal_value=0 0.00180069 0.00543768 -0.0320318 -0.0585384 -0.069619
internal_weight=0 268.731 242.665 26.0664 8.63012 7.80319
internal_count=1073 1003 762 241 70 68
is_linear=0
shrinkage=0.0493048


Tree=63
num_leaves=8
num_cat=0
split_feature=64 65 63 38 30 5 48
split_gain=12.5088 49.9053 30.0591 14.2372 13.7893 8.53485 0.527223
threshold=19.550000000000004 9.5000000000000018 6.5000000000000009 85.000000000000014 1.0000000180025095e-35 1.0000000180025095e-35 1.9500000000000002
decision_type=2 2 2 2 2 2 2
left_child=3 6 -3 4 -1 -5 -2
right_child=1 2 -4 5 -6 -7 -8
leaf_value=-0.0031070168008455047 -0.070868035462187756 -0.065281269676006573 0.026442912791670482 0.066320424882454335 0.043078509457942477 0.0066468878778062927 -0.056196290876848895
leaf_weight=142.6503701210022 21.38615297339857 10.4787514898926 50.664138512685895 14.590825632214548 17.657730355858803 9.7429821044206601 9.0872452110052091
leaf_count=418 124 143 194 14 29 26 125
internal_value=0 -0.0149694 0.0107116 0.00731496 0.00197647 0.0424559 -0.0665164
internal_weight=0 91.6163 61.1429 184.642 160.308 24.3338 30.4734
internal_count=1073 586 337 487 447 40 249
is_linear=0
shrinkage=0.0493048


Tree=64
num_leaves=8
num_cat=0
split_feature=64 3 45 46 45 64 48
split_gain=11.9617 32.5348 31.8801 8.70914 14.0827 8.44669 0.189046
threshold=9.3500000000000032 33.000000000000007 9.5000000000000018 3.5000000000000004 7.5000000000000009 8.3500000000000032 1.9500000000000002
decision_type=2 2 2 2 2 2 2
left_child=3 2 -2 5 -5 -1 -3
right_child=1 6 -4 4 -6 -7 -8
leaf_value=0.017351249999214575 -0.066615813984004749 -0.067110706788405597 0.008907498302571688 -0.058145635908283581 0.0083828103210918901 0.071223591224466157 -0.05506541477218118
leaf_weight=53.657227411866188 15.37905200012028 17.286272561177615 116.56307402439415 9.1771068423986417 49.15832395106554 8.1634093821048719 4.8311286363750687
leaf_count=122 126 120 428 43 133 5 96
internal_value=0 -0.00917284 9.91626e-05 0.0115816 -0.00207297 0.0244767 -0.0645119
internal_weight=0 154.06 131.942 120.156 58.3354 61.8206 22.1174
internal_count=1073 770 554 303 176 127 216
is_linear=0
shrinkage=0.0493048


Tree=65
num_leaves=6
num_cat=0
split_feature=63 64 58 60 55
split_gain=11.6963 12.1706 12.4456 7.8093 0.226018
threshold=14.500000000000002 83.65000000000002 6.5000000000000009 0.30384615384615393 1.2500000000000002
decision_type=2 2 2 2 2
left_child=1 2 -1 4 -2
right_child=3 -3 -4 -5 -6
leaf_value=-0.0029761051750434499 -0.079220140260408273 -0.051699643360078859 0.021135396464722345 0.042550028036732523 -0.061274409703704458
leaf_weight=179.0950985904783 4.9555963054299337 9.8991194404661638 73.338150048628449 1.7411656118929375 3.3917644340544939
leaf_count=573 26 260 180 4 30
internal_value=0 0.00192087 0.00402638 -0.0521757 -0.0720152
internal_weight=0 262.332 252.433 10.0885 8.34736
internal_count=1073 1013 753 60 56
is_linear=0
shrinkage=0.0493048


Tree=66
num_leaves=8
num_cat=0
split_feature=58 63 58 56 55 48 55
split_gain=11.7603 15.6297 14.7185 9.66316 8.59265 4.62254 0.19398
threshold=-9.4999999999999982 14.500000000000002 6.5000000000000009 0.45804195804195807 0.25000000000000006 1.0500000000000003 1.3500000000000003
decision_type=2 2 2 2 2 2 2
left_child=3 2 -2 5 -5 -1 -3
right_child=1 6 -4 4 -6 -7 -8
leaf_value=0.0090672256424665868 -0.0094898521378270501 -0.07825120762500648 0.016706477762531716 0.078233119094334932 -0.06947894872097711 0.062553493414340258 -0.060659219069212608
leaf_weight=5.4615243971347871 162.24968220666051 4.907891619950532 76.821085164323449 1.3049464225769032 3.5605271328240633 14.271387828513978 2.9497834555804729
leaf_count=13 690 25 267 1 30 20 27
internal_value=0 -0.00332116 -0.00106938 0.0324272 -0.0297195 0.0477842 -0.0717393
internal_weight=0 246.928 239.071 24.5984 4.86547 19.7329 7.85768
internal_count=1073 1009 957 64 31 33 52
is_linear=0
shrinkage=0.0493048


Tree=67
num_leaves=8
num_cat=0
split_feature=10 5 30 52 45 64 11
split_gain=11.5182 19.3721 22.3927 20.8051 14.5502 9.28798 8.12443
threshold=1.0000000180025095e-35 1.5000000000000002 1.0000000180025095e-35 8.5000000000000018 17.500000000000004 6.9500000000000011 1.0000000180025095e-35
decision_type=2 2 2 2 2 2 2
left_child=1 3 -3 -1 6 -6 -2
right_child=4 2 -4 -5 5 -7 -8
leaf_value=-0.03068984734544979 0.075288905606037751 -0.035975515998718052 0.029960435172613039 0.014593377804154331 0.035581035939163411 -0.073433082887260956 -0.0021298256036982859
leaf_weight=30.178055888041854 13.324551606550818 64.738191640004516 15.511786995455621 134.85745092108846 3.4067936688661566 4.2788333157077432 4.3561635240912429
leaf_count=161 15 379 44 412 7 27 28
internal_value=0 -0.0033502 -0.0232222 0.00630889 0.0315488 -0.025028 0.0561789
internal_weight=0 245.285 80.25 165.036 25.3663 7.68563 17.6807
internal_count=1073 996 423 573 77 34 43
is_linear=0
shrinkage=0.0493048


Tree=68
num_leaves=8
num_cat=0
split_feature=64 3 48 46 13 38 48
split_gain=11.3826 29.4139 29.5624 7.83684 13.8608 8.07409 0.13889
threshold=9.3500000000000032 33.000000000000007 0.35000000000000003 3.5000000000000004 1.5000000000000002 35.000000000000007 1.9500000000000002
decision_type=2 2 2 2 2 2 2
left_child=3 2 -2 5 -5 -1 -3
right_child=1 6 -4 4 -6 -7 -8
leaf_value=0.01023264930557174 -0.074118441876913049 -0.06572970171693468 0.0071895131925418599 -0.01187833683226199 0.055971821171372539 0.047575211587620542 -0.054772644794151872
leaf_weight=39.540056079626083 11.978427050635217 16.374467109330002 117.41964306309819 49.040287308394909 8.6014557182788831 21.908241271972656 4.5071651507168999
leaf_count=97 65 120 489 163 13 30 96
internal_value=0 -0.00910062 -0.000332749 0.0113071 -0.00174141 0.0235576 -0.0633988
internal_weight=0 150.28 129.398 119.09 57.6417 61.4483 20.8816
internal_count=1073 770 554 303 176 127 216
is_linear=0
shrinkage=0.0493048


Tree=69
num_leaves=7
num_cat=0
split_feature=46 46 55 55 57 64
split_gain=11.0588 12.1129 21.1119 19.3303 2.43497 0.0671855
threshold=13.500000000000002 11.500000000000002 1.2500000000000002 1.3500000000000003 50.000000000000007 46.95000000000001
decision_type=2 2 2 2 2 2
left_child=1 2 -1 -3 5 -2
right_child=4 3 -4 -5 -6 -7
leaf_value=0.0068329335518726927 -0.063684537505214078 -0.068654602842712131 -0.02735215340722864 0.040972115715956207 0.024916135849790196 -0.052766008633556113
leaf_weight=160.46972397714853 5.5267280042171443 4.4348183544352642 60.458468971773982 32.774611305445433 0.9002430588006981 3.2653440982103348
leaf_count=433 46 33 366 113 4 78
internal_value=0 0.00186133 -0.00251919 0.0278871 -0.0517812 -0.0597105
internal_weight=0 258.138 220.928 37.2094 9.69232 8.79207
internal_count=1073 945 799 146 128 124
is_linear=0
shrinkage=0.0493048


Tree=70
num_leaves=7
num_cat=0
split_feature=52 10 5 11 64 64
split_gain=10.9357 11.7445 16.7506 10.297 3.50464 0.188542
threshold=115.00000000000001 1.0000000180025095e-35 1.5000000000000002 1.0000000180025095e-35 2.9500000000000006 21.750000000000004
decision_type=2 2 2 2 2 2
left_child=1 2 -1 -3 -2 -6
right_child=4 3 -4 -5 5 -7
leaf_value=0.0074595030243107064 0.040337132411724465 0.061072624075375163 -0.020665294924691564 -0.0047207845623080539 -0.077548080681579867 -0.059919644129192241
leaf_weight=158.35873932205141 0.80286771059036066 14.32438316754997 76.266280485317111 9.6674819942563754 3.1575133726000786 4.046656864695251
leaf_count=536 2 23 398 46 16 52
internal_value=0 0.00167738 -0.00167992 0.0345352 -0.0568241 -0.0677469
internal_weight=0 258.617 234.625 23.9919 8.00704 7.20417
internal_count=1073 1003 934 69 70 68
is_linear=0
shrinkage=0.0493048


Tree=71
num_leaves=4
num_cat=0
split_feature=64 40 59
split_gain=10.7652 11.0073 11.3688
threshold=83.65000000000002 13.350000000000003 -149.99999999999997
decision_type=2 2 2
left_child=1 -1 -3
right_child=-2 2 -4
leaf_value=-0.0672784812049501 -0.051569336475130075 0.026980111179825815 -0.0013113302103206078
leaf_weight=5.4804187901318064 9.5159186115488392 41.329074110835791 209.62895551323891
leaf_count=35 269 81 688
internal_value=0 0.00183322 0.00334536
internal_weight=0 256.438 250.958
internal_count=1073 804 769
is_linear=0
shrinkage=0.0493048


Tree=72
num_leaves=8
num_cat=0
split_feature=58 63 64 56 60 38 64
split_gain=10.7088 14.1337 13.1981 8.46631 6.65997 4.39821 0.176409
threshold=-9.4999999999999982 14.500000000000002 12.450000000000001 0.45804195804195807 0.324561403508772 35.000000000000007 6.4500000000000011
decision_type=2 2 2 2 2 2 2
left_child=3 2 -2 5 -5 -1 -3
right_child=1 6 -4 4 -6 -7 -8
leaf_value=0.02364300471551567 0.0093938299547685379 -0.083340445572017571 -0.014177187841416869 -0.068275343507550434 0.060945199630251599 0.071174641655308318 -0.064684284872653958
leaf_weight=10.140703538432723 130.30635542422533 2.101171411573886 103.69751334097236 3.1686307638883582 1.3912414163351057 8.9687196584418398 5.3452863097190857
leaf_count=22 333 10 624 29 2 11 42
internal_value=0 -0.00317973 -0.00104878 0.031571 -0.0287019 0.0459881 -0.0700473
internal_weight=0 241.45 234.004 23.6693 4.55987 19.1094 7.44646
internal_count=1073 1009 957 64 31 33 52
is_linear=0
shrinkage=0.0493048


Tree=73
num_leaves=8
num_cat=0
split_feature=49 64 58 42 61 64 59
split_gain=10.2098 25.8217 16.3012 10.7663 9.27916 0.235374 0.141055
threshold=0.064583333333333312 51.20000000000001 6.5000000000000009 0.19375000000000003 0.35805860805860806 82.450000000000003 -249.99999999999997
decision_type=2 2 2 2 2 2 2
left_child=3 2 -2 6 -5 -3 -1
right_child=1 5 -4 4 -6 -7 -8
leaf_value=0.050747825657417429 -0.008073601703069741 -0.063236356303354058 0.020858589234471914 0.012310148524012011 -0.10238844676771854 -0.051636848439355891 0.041948843514598801
leaf_weight=9.0778671056032199 144.71048982813954 10.466518733650448 70.351635973900557 6.0747772939503175 2.3838668465614319 8.9983061868697387 12.310179680585863
leaf_count=4 490 95 169 24 11 264 16
internal_value=0 -0.00353122 0.00138781 0.0270852 -0.0199474 -0.0579107 0.0457163
internal_weight=0 234.527 215.062 29.8467 8.45864 19.4648 21.388
internal_count=1073 1018 659 55 35 359 20
is_linear=0
shrinkage=0.0493048


Tree=74
num_leaves=8
num_cat=0
split_feature=58 63 49 56 60 48 64
split_gain=10.1646 13.1587 12.1388 7.66279 6.21229 4.30923 0.136479
threshold=-9.4999999999999982 14.500000000000002 0.064583333333333312 0.45804195804195807 0.324561403508772 1.0500000000000003 6.4500000000000011
decision_type=2 2 2 2 2 2 2
left_child=3 2 -2 5 -5 -1 -3
right_child=1 6 -4 4 -6 -7 -8
leaf_value=0.0072222844758042361 0.029012722854087229 -0.080806462070944801 -0.0052899822817708206 -0.067191087059695773 0.059064587466788061 0.059514523467034626 -0.063793280637770136
leaf_weight=5.386903375387198 28.598840557038784 2.065130040049552 203.58857021760195 3.0195278935134402 1.3745357543230055 13.522337924689053 5.1261164024472237
leaf_count=13 50 10 907 29 2 20 42
internal_value=0 -0.00309935 -0.00106196 0.0310111 -0.0275435 0.044653 -0.068781
internal_weight=0 239.379 232.187 23.3033 4.39406 18.9092 7.19125
internal_count=1073 1009 957 64 31 33 52
is_linear=0
shrinkage=0.0493048


Tree=75
num_leaves=8
num_cat=0
split_feature=64 65 6 38 30 41 48
split_gain=10.103 43.1796 25.0104 12.8912 10.7477 7.71258 0.371032
threshold=19.550000000000004 9.5000000000000018 1.5000000000000002 85.000000000000014 1.0000000180025095e-35 1.1500000000000001 1.9500000000000002
decision_type=2 2 2 2 2 2 2
left_child=3 6 -3 4 -1 -5 -2
right_child=1 2 -4 5 -6 -7 -8
leaf_value=-0.0031621251694703401 -0.06867642249840844 0.026021576935495241 -0.062668282725253183 -0.0053699781568179597 0.038273034359167929 0.058047780060972248 -0.055408358911485517
leaf_weight=139.03694594465196 19.524023519828919 45.394208087585866 9.3119775550439936 6.403356276452544 17.085945501923561 16.961983673274517 7.9073632517829529
leaf_count=418 124 181 156 18 29 22 125
internal_value=0 -0.014392 0.0109121 0.00648477 0.00136858 0.0406407 -0.0648778
internal_weight=0 82.1376 54.7062 179.488 156.123 23.3653 27.4314
internal_count=1073 586 337 487 447 40 249
is_linear=0
shrinkage=0.0493048


Tree=76
num_leaves=8
num_cat=0
split_feature=10 7 58 52 45 64 39
split_gain=9.87378 16.1875 22.5192 19.6549 11.9584 8.01143 7.68083
threshold=1.0000000180025095e-35 18.500000000000004 -9.4999999999999982 8.5000000000000018 17.500000000000004 6.9500000000000011 8.5000000000000018
decision_type=2 2 2 2 2 2 2
left_child=1 3 -3 -1 6 -6 -2
right_child=4 2 -4 -5 5 -7 -8
leaf_value=-0.029994343823210253 0.076364617946625538 0.043504771134454001 -0.033645728169092705 0.01387648626177744 0.032146165234424942 -0.071271772755824622 0.0075050845691148164
leaf_weight=30.632384236901999 11.16248578857631 10.766689235344527 62.826681417413056 130.8321919888258 3.393638774752616 3.9139044107869267 6.1183263370767227
leaf_count=170 19 26 377 423 7 27 24
internal_value=0 -0.00318266 -0.0223493 0.00554933 0.0296541 -0.0231578 0.0520243
internal_weight=0 235.058 73.5934 161.465 24.5884 7.30754 17.2808
internal_count=1073 996 403 593 77 34 43
is_linear=0
shrinkage=0.0493048


Tree=77
num_leaves=8
num_cat=0
split_feature=64 3 48 48 55 61 48
split_gain=9.89873 25.3454 25.9474 7.58689 14.642 12.8889 0.0912406
threshold=9.3500000000000032 33.000000000000007 0.35000000000000003 1.1500000000000001 1.8500000000000003 0.30602006688963218 1.9500000000000002
decision_type=2 2 2 2 2 2 2
left_child=3 2 -2 4 -1 -5 -3
right_child=1 6 -4 5 -6 -7 -8
leaf_value=0.023846886521701111 -0.071720894785028758 -0.064202407892654606 0.006582298739496637 0.010410413224786677 -0.065830192379123895 -0.055273412660230954 -0.054232690935331999
leaf_weight=77.457101598381996 11.33791944850236 14.904341740533711 110.92407688498497 25.042863637208939 4.6898377835750571 10.222164176404474 3.8919178070500484
leaf_count=165 65 120 489 70 20 48 96
internal_value=0 -0.00887462 -0.000674394 0.0105041 0.0187184 -0.00861189 -0.062176
internal_weight=0 141.058 122.262 117.412 82.1469 35.265 18.7963
internal_count=1073 770 554 303 185 118 216
is_linear=0
shrinkage=0.0493048


Tree=78
num_leaves=7
num_cat=0
split_feature=46 46 54 55 57 64
split_gain=9.48762 10.9698 18.3417 16.8774 2.41212 0.0444417
threshold=13.500000000000002 11.500000000000002 38.750000000000007 1.3500000000000003 50.000000000000007 46.95000000000001
decision_type=2 2 2 2 2 2
left_child=1 2 -1 -3 5 -2
right_child=4 3 -4 -5 -6 -7
leaf_value=0.005086272326973426 -0.062469150712873581 -0.066690338915120426 -0.030081351704644529 0.039642532569454651 0.026243045436897327 -0.052259403989591564
leaf_weight=167.05122780427337 5.1476783212274295 4.103408037684857 45.968631778843701 31.073412200435996 0.8871660605072974 2.7844226201996207
leaf_count=528 46 33 271 113 4 78
internal_value=0 0.00170966 -0.0024998 0.0272185 -0.0503266 -0.0589749
internal_weight=0 248.197 213.02 35.1768 8.81927 7.9321
internal_count=1073 945 799 146 128 124
is_linear=0
shrinkage=0.0493048


Tree=79
num_leaves=8
num_cat=0
split_feature=59 63 64 52 41 54 64
split_gain=9.41312 21.947 18.5259 14.0681 13.213 0.204847 0.18687
threshold=-149.99999999999997 5.5000000000000009 54.70000000000001 9.5000000000000018 2.0500000000000003 38.150000000000013 82.450000000000003
decision_type=2 2 2 2 2 2 2
left_child=1 5 4 -3 -2 -1 -4
right_child=2 3 6 -5 -6 -7 -8
leaf_value=-0.082759718808422394 0.0043041574172855996 -0.049261473943511519 -0.063346897961756216 0.04585285847725256 -0.035509508686395796 -0.060640513817043391 -0.051416184878538475
leaf_weight=3.0971993850544086 176.30968894250691 4.2732541002333155 7.0841430611908418 32.342562111094594 22.893478292971849 2.0301156006753445 7.9094035793095827
leaf_count=20 511 28 71 46 128 15 254
internal_value=0 0.0213431 -0.00424987 0.0347336 -0.000268353 -0.0741435 -0.0571008
internal_weight=0 41.7431 214.197 36.6158 199.203 5.12731 14.9935
internal_count=1073 109 964 74 639 35 325
is_linear=0
shrinkage=0.0493048


Tree=80
num_leaves=8
num_cat=0
split_feature=64 3 45 48 55 38 48
split_gain=9.2583 23.2098 24.6035 6.72116 12.9775 12.0037 0.0696194
threshold=9.3500000000000032 33.000000000000007 9.5000000000000018 1.1500000000000001 1.8500000000000003 1.5000000000000002 1.9500000000000002
decision_type=2 2 2 2 2 2 2
left_child=3 2 -2 4 -1 -5 -3
right_child=1 6 -4 5 -6 -7 -8
leaf_value=0.022652481311856383 -0.063864147844048758 -0.063221007170450955 0.0069812248416368204 0.051665537536410892 -0.062623364457076891 -0.022041846631950666 -0.053806195767562383
leaf_weight=77.268442988395691 13.417149837128816 14.170754112303259 106.46030547562987 6.631069988012313 4.5917059630155554 28.197078995406628 3.5745683535933486
leaf_count=165 126 120 428 12 20 106 96
internal_value=0 -0.00873916 -0.000943167 0.0101397 0.0178605 -0.00798856 -0.0613646
internal_weight=0 137.623 119.877 116.688 81.8601 34.8281 17.7453
internal_count=1073 770 554 303 185 118 216
is_linear=0
shrinkage=0.0493048


Tree=81
num_leaves=8
num_cat=0
split_feature=10 7 58 52 45 56 39
split_gain=9.24972 14.2238 20.0147 16.5139 10.8207 7.34334 6.49668
threshold=1.0000000180025095e-35 18.500000000000004 -9.4999999999999982 8.5000000000000018 17.500000000000004 0.56696428571428581 8.5000000000000018
decision_type=2 2 2 2 2 2 2
left_child=1 3 -3 -1 6 -6 -2
right_child=4 2 -4 -5 5 -7 -8
leaf_value=-0.028055055146222987 0.072686419999462126 0.041463061983139773 -0.032235319459607649 0.012834154088624834 -0.07513839544391257 0.025771979544934969 0.0087497989051638723
leaf_weight=29.56403542868793 11.040186036378151 10.494913730770348 60.897860296536237 127.69931472185999 3.3577484376728526 3.6535363029688597 5.9811996873468152
leaf_count=170 19 26 377 423 22 12 24
internal_value=0 -0.00313909 -0.0213919 0.00514309 0.0290156 -0.0224663 0.0502597
internal_weight=0 228.656 71.3928 157.263 24.0327 7.01128 17.0214
internal_count=1073 996 403 593 77 34 43
is_linear=0
shrinkage=0.0493048


Tree=82
num_leaves=7
num_cat=0
split_feature=52 38 41 64 64 64
split_gain=9.10373 10.9381 20.7261 13.0593 3.01994 0.110139
threshold=115.00000000000001 85.000000000000014 1.8500000000000003 9.3500000000000032 2.9500000000000006 26.400000000000002
decision_type=2 2 2 2 2 2
left_child=1 3 -3 -1 -2 -6
right_child=4 2 -4 -5 5 -7
leaf_value=0.0088473285833320665 0.035840894262535949 0.038993602631824456 -0.065765272409088041 -0.016100521673469408 -0.073473908344292072 -0.05852797377075699
leaf_weight=106.65867714583874 0.78744657337665458 34.685668251477182 5.2864687750115982 97.732195389457047 3.1291078813374043 3.285089960321784
leaf_count=279 2 71 55 598 17 51
internal_value=0 0.00153161 0.0251212 -0.00307866 -0.0547098 -0.0659319
internal_weight=0 244.363 39.9721 204.391 7.20164 6.4142
internal_count=1073 1003 126 877 70 68
is_linear=0
shrinkage=0.0493048


Tree=83
num_leaves=5
num_cat=0
split_feature=40 59 64 63
split_gain=8.83648 10.1477 17.0515 17.0117
threshold=13.350000000000003 -149.99999999999997 54.70000000000001 5.5000000000000009
decision_type=2 2 2 2
left_child=-1 3 -3 -2
right_child=1 2 -4 -5
leaf_value=-0.064807674589922051 -0.073350088682115011 0.00063775423478418529 -0.056745785607895199 0.035243421212567877
leaf_weight=5.0227384371682993 3.8930155513808122 193.19961088523269 13.463143642991779 34.997200442478061
leaf_count=42 28 619 317 67
internal_value=0 0.00124759 -0.00309767 0.0243544
internal_weight=0 245.553 206.663 38.8902
internal_count=1073 1031 936 95
is_linear=0
shrinkage=0.0493048


Tree=84
num_leaves=7
num_cat=0
split_feature=30 5 52 45 59 60
split_gain=8.668 16.3099 16.2851 16.1329 8.97522 14.8671
threshold=1.0000000180025095e-35 1.5000000000000002 8.5000000000000018 1.5000000000000002 175.00000000000003 0.059411764705882351
decision_type=2 2 2 2 2 2
left_child=1 2 -1 -3 5 -2
right_child=4 3 -4 -5 -6 -7
leaf_value=-0.02770241418338501 0.035947562104632444 0.053150253202926698 0.013467401381300346 -0.029710265230027323 0.068181525996655723 -0.088667299491554857
leaf_weight=28.512947789393365 8.6605701260268706 6.256625819951295 128.99114682432264 64.964254244230688 8.8136943578720075 3.1810028338804832
leaf_count=165 24 12 422 411 17 22
internal_value=0 -0.00284011 0.00601017 -0.0224213 0.0305099 0.00241225
internal_weight=0 228.725 157.504 71.2209 20.6553 11.8416
internal_count=1073 1010 587 423 63 46
is_linear=0
shrinkage=0.0493048


Tree=85
num_leaves=8
num_cat=0
split_feature=10 7 58 58 45 15 1
split_gain=8.51477 12.2468 17.6677 15.8047 9.45215 7.03729 6.35807
threshold=1.0000000180025095e-35 18.500000000000004 -9.4999999999999982 7.5000000000000009 17.500000000000004 1.5000000000000002 3.5000000000000004
decision_type=2 2 2 2 2 2 2
left_child=1 3 -3 -1 6 -6 -2
right_child=4 2 -4 -5 5 -7 -8
leaf_value=-0.0066604166884654857 0.065015082371272084 0.039596428023527086 -0.030540167259961067 0.026553099894277038 0.026441187764475654 -0.073740130494962114 -0.0054560685231869917
leaf_weight=101.99479630123824 12.766800276935106 10.228189040906726 59.369335842318833 52.874565620906651 3.5976176597177973 3.2277829376980662 4.0934064835309973
leaf_count=438 19 26 377 155 11 23 24
internal_value=0 -0.00304191 -0.020223 0.00467506 0.0280399 -0.0208445 0.047868
internal_weight=0 224.467 69.5975 154.869 23.6856 6.8254 16.8602
internal_count=1073 996 403 593 77 34 43
is_linear=0
shrinkage=0.0493048


Tree=86
num_leaves=8
num_cat=0
split_feature=64 48 3 48 55 61 31
split_gain=8.49082 21.8426 21.1547 6.23137 11.4255 11.2566 0.0671167
threshold=9.3500000000000032 0.35000000000000003 33.000000000000007 1.1500000000000001 1.8500000000000003 0.30602006688963218 1.0000000180025095e-35
decision_type=2 2 2 2 2 2 2
left_child=3 6 -3 4 -1 -5 -2
right_child=1 2 -4 5 -6 -7 -8
leaf_value=0.021611492467903518 -0.069481559467252485 0.0056238428995129854 -0.060429656877950544 0.010030352494715771 -0.059652519634037782 -0.052626233327462017 -0.057992391281621522
leaf_weight=76.64631748944521 11.349375835619865 105.09341785591096 13.273837792687116 24.19660197943449 4.445222094655036 9.7842112779617292 2.3373156115412703
leaf_count=165 68 489 189 70 20 48 24
internal_value=0 -0.00860304 -0.00177848 0.00971838 0.0171481 -0.0079926 -0.0675718
internal_weight=0 132.054 118.367 115.072 81.0915 33.9808 13.6867
internal_count=1073 770 678 303 185 118 92
is_linear=0
shrinkage=0.0493048


Tree=87
num_leaves=7
num_cat=0
split_feature=52 38 41 56 64 55
split_gain=8.21581 9.97787 18.5449 12.5954 2.859 0.0919975
threshold=115.00000000000001 85.000000000000014 1.8500000000000003 0.46410256410256417 2.9500000000000006 1.1500000000000001
decision_type=2 2 2 2 2 2
left_child=1 3 -3 -1 -2 -6
right_child=4 2 -4 -5 5 -7
leaf_value=0.007171760462139189 0.035360560812068662 0.037570576099536755 -0.064764679514726003 -0.018032034777848423 -0.073065828633812557 -0.05854259143850972
leaf_weight=119.75928720738739 0.77033095061778922 33.561470687389374 4.933160717599093 80.650846208445728 2.6156286876648664 3.4167790822684765
leaf_count=419 2 71 55 458 18 50
internal_value=0 0.00144544 0.0244378 -0.00296778 -0.0535003 -0.0649597
internal_weight=0 238.905 38.4946 200.41 6.80274 6.03241
internal_count=1073 1003 126 877 70 68
is_linear=0
shrinkage=0.0493048


Tree=88
num_leaves=5
num_cat=0
split_feature=40 59 64 62
split_gain=7.99724 9.16297 15.6502 12.1551
threshold=13.350000000000003 -149.99999999999997 54.70000000000001 5.5000000000000009
decision_type=2 2 2 2
left_child=-1 3 -3 -2
right_child=1 2 -4 -5
leaf_value=-0.063643553753476204 -0.019106940997635574 0.0005356727387652592 -0.056429333740678191 0.041896359565772694
leaf_weight=4.7169779418036333 11.35118227265775 189.76903376355767 12.493765097577123 26.327171581797302
leaf_count=42 53 619 317 42
internal_value=0 0.00117561 -0.00298013 0.0235009
internal_weight=0 239.941 202.263 37.6784
internal_count=1073 1031 936 95
is_linear=0
shrinkage=0.0493048


Tree=89
num_leaves=7
num_cat=0
split_feature=63 64 65 38 60 64
split_gain=7.9766 8.21902 37.1947 10.3341 4.96217 0.123568
threshold=14.500000000000002 19.550000000000004 9.5000000000000018 85.000000000000014 0.3550420168067227 6.4500000000000011
decision_type=2 2 2 2 2 2
left_child=1 3 -3 -1 5 -2
right_child=4 2 -4 -5 -6 -7
leaf_value=0.0027686719059832098 -0.078328774152962993 -0.063730073317836158 0.012750843394132226 0.039359152165720689 0.038901057228247285 -0.061221039294315049
leaf_weight=144.37158088758588 1.8579960539937008 23.142982276156545 46.520349343772978 21.574934706091881 1.3009266816079614 4.7492449907585979
leaf_count=415 10 239 321 38 3 47
internal_value=0 0.00156104 -0.0126483 0.00753 -0.0487772 -0.0661425
internal_weight=0 235.61 69.6633 165.947 7.90817 6.60724
internal_count=1073 1013 560 453 60 57
is_linear=0
shrinkage=0.0493048


Tree=90
num_leaves=7
num_cat=0
split_feature=46 46 59 57 57 64
split_gain=7.77222 10.544 16.097 14.7354 2.30205 0.0230288
threshold=13.500000000000002 11.500000000000002 350.00000000000006 2.2500000000000004 50.000000000000007 46.95000000000001
decision_type=2 2 2 2 2 2
left_child=1 2 -1 -3 5 -2
right_child=4 3 -4 -5 -6 -7
leaf_value=0.00077886585712494297 -0.061072262258626747 -0.02288297522020917 -0.058652685757189252 0.049046734477093533 0.025755659893440138 -0.05163186478606982
leaf_weight=189.6569967395626 4.6697740685194722 9.8869635201990587 11.763806472532449 23.0166693078354 0.88702692463994015 2.243803387042135
leaf_count=681 46 84 118 62 4 78
internal_value=0 0.00153506 -0.00268926 0.0274133 -0.0484888 -0.0581111
internal_weight=0 234.324 201.421 32.9036 7.8006 6.91358
internal_count=1073 945 799 146 128 124
is_linear=0
shrinkage=0.0493048


Tree=91
num_leaves=8
num_cat=0
split_feature=10 7 58 58 45 59 39
split_gain=7.7403 10.6237 15.6089 13.9296 8.23826 7.10705 6.11417
threshold=1.0000000180025095e-35 18.500000000000004 -9.4999999999999982 6.5000000000000009 17.500000000000004 -149.99999999999997 8.5000000000000018
decision_type=2 2 2 2 2 2 2
left_child=1 3 -3 -1 6 -6 -2
right_child=4 2 -4 -5 5 -7 -8
leaf_value=-0.00688202781267551 0.067448022201054308 0.037796488163775864 -0.029014506412093032 0.024396717603173128 0.07174492185084462 -0.048459903112117703 0.0041409171912096879
leaf_weight=96.320862401276827 10.813878261484211 9.9602722562849504 57.715696590021253 54.008229731582105 1.5686329230666158 4.9865014702081671 5.6785987121984354
leaf_count=426 19 26 377 167 2 32 24
internal_value=0 -0.00294813 -0.0191715 0.00435116 0.0270965 -0.0195888 0.0456916
internal_weight=0 218.005 67.676 150.329 23.0476 6.55513 16.4925
internal_count=1073 996 403 593 77 34 43
is_linear=0
shrinkage=0.0493048


Tree=92
num_leaves=7
num_cat=0
split_feature=64 53 0 4 40 60
split_gain=7.89009 12.7295 11.0198 8.48761 4.85948 3.63857
threshold=2.8500000000000001 11.500000000000002 7.5000000000000009 6.5000000000000009 37.150000000000013 0.40833333333333338
decision_type=2 2 2 2 2 2
left_child=3 2 -2 4 -1 -3
right_child=1 5 -4 -5 -6 -7
leaf_value=0.072831028102195078 0.003777134300337005 -0.059372565947144594 -0.03416212433211728 -0.037323304709773596 0.021385102564164878 0.042884599174964864
leaf_weight=7.3056694418191972 184.17065730271861 11.359553388319906 20.702230628579855 4.0443610250949851 11.608235277235506 0.90567419491708356
leaf_count=15 690 191 121 15 37 4
internal_value=0 -0.00297783 -5.35911e-05 0.0274153 0.041294 -0.0517657
internal_weight=0 217.138 204.873 22.9583 18.9139 12.2652
internal_count=1073 1006 811 67 52 195
is_linear=0
shrinkage=0.0493048


Tree=93
num_leaves=7
num_cat=0
split_feature=30 5 5 52 59 60
split_gain=7.78352 12.9376 15.0381 14.0332 8.3163 12.8287
threshold=1.0000000180025095e-35 1.5000000000000002 8.5000000000000018 8.5000000000000018 175.00000000000003 0.059411764705882351
decision_type=2 2 2 2 2 2
left_child=1 3 -3 -1 5 -2
right_child=4 2 -4 -5 -6 -7
leaf_value=-0.026473797813241193 0.033583837703198401 -0.038766928441460874 0.0089600652256901572 0.012369539334451334 0.066300073080250738 -0.085167800289744022
leaf_weight=27.650744601152837 8.24684727471322 42.158167213667184 25.882107735611498 123.86835945025086 8.5204731905832869 3.0202283002436152
leaf_count=165 24 307 116 422 17 22
internal_value=0 -0.0027403 -0.0206025 0.00527659 0.0295451 0.00168864
internal_weight=0 219.559 68.0403 151.519 19.7875 11.2671
internal_count=1073 1010 423 587 63 46
is_linear=0
shrinkage=0.0493048


Tree=94
num_leaves=7
num_cat=0
split_feature=64 48 3 43 42 31
split_gain=7.87056 19.4815 18.5405 5.79636 10.0042 0.0479774
threshold=9.3500000000000032 0.35000000000000003 33.000000000000007 -1.0000000180025095e-35 0.19375000000000003 1.0000000180025095e-35
decision_type=2 2 2 2 2 2
left_child=3 5 -3 -1 -5 -2
right_child=1 2 -4 4 -6 -7
leaf_value=0.046880419014763815 -0.067826900163076603 0.004953527058232877 -0.059736024253874191 -0.024868020053098332 0.013593746770145056 -0.056958533757434461
leaf_weight=9.1938658505678159 10.750835364684461 100.04622987657785 12.067854811437426 20.457486346364021 83.557240545749664 2.0961808031424871
leaf_count=14 68 489 189 66 223 24
internal_value=0 -0.00860055 -0.00200433 0.009347 0.00602271 -0.0661092
internal_weight=0 124.961 112.114 113.209 104.015 12.847
internal_count=1073 770 678 303 289 92
is_linear=0
shrinkage=0.0493048


Tree=95
num_leaves=8
num_cat=0
split_feature=49 64 58 42 4 62 64
split_gain=7.41569 17.9615 11.9739 7.9012 8.60623 0.302247 0.0975227
threshold=0.064583333333333312 51.20000000000001 6.5000000000000009 0.19375000000000003 1.0000000180025095e-35 4.5000000000000009 82.450000000000003
decision_type=2 2 2 2 2 2 2
left_child=3 2 -2 5 -5 -1 -3
right_child=1 6 -4 4 -6 -7 -8
leaf_value=0.049585281960412959 -0.0076422856550270521 -0.060576386483955615 0.018330749846484147 -0.10080886905582742 0.015334913363969747 0.036282811508378456 -0.051204198635259039
leaf_weight=8.9455089364200866 133.20406551286578 7.7640845235437137 63.818474384956062 2.1357811242341986 5.6343220230191946 8.9679533913731575 6.6113164164125919
leaf_count=9 490 95 169 13 22 11 264
internal_value=0 -0.00311142 0.00076752 0.0249446 -0.016516 0.0429646 -0.0563155
internal_weight=0 211.398 197.023 25.6836 7.7701 17.9135 14.3754
internal_count=1073 1018 659 55 35 20 359
is_linear=0
shrinkage=0.0493048


Tree=96
num_leaves=7
num_cat=0
split_feature=52 38 41 64 64 55
split_gain=7.26103 8.83433 12.4511 12.4408 2.37508 0.0609697
threshold=115.00000000000001 95.000000000000014 1.8500000000000003 9.3500000000000032 2.9500000000000006 1.1500000000000001
decision_type=2 2 2 2 2 2
left_child=1 3 -3 -1 -2 -6
right_child=4 2 -4 -5 5 -7
leaf_value=0.00922434449025652 0.031294910692202214 0.038594490755930501 -0.063396901990348059 -0.015367215034119296 -0.070967057600770406 -0.057782761040652636
leaf_weight=106.63180217146873 0.71260449290275474 25.449342056643221 3.2800939078442743 94.159448061604053 2.4384946702048182 3.0446683643385768
leaf_count=281 2 53 40 629 18 50
internal_value=0 0.00135156 0.0269253 -0.00230446 -0.0527345 -0.0637777
internal_weight=0 229.521 28.7294 200.791 6.19577 5.48316
internal_count=1073 1003 93 910 70 68
is_linear=0
shrinkage=0.0493048


Tree=97
num_leaves=7
num_cat=0
split_feature=10 39 52 24 47 0
split_gain=7.19279 9.61426 22.0156 15.6872 7.59789 8.31756
threshold=1.0000000180025095e-35 4.5000000000000009 11.500000000000002 1.0000000180025095e-35 36.550000000000004 4.5000000000000009
decision_type=2 2 2 2 2 2
left_child=1 2 -1 -3 -2 -6
right_child=4 3 -4 -5 5 -7
leaf_value=0.0057953254364897589 -0.045656809223561946 7.099621175601739e-06 -0.044481837916644763 0.057938353626423807 0.05597509455930097 -0.019823307424415831
leaf_weight=49.927764462307096 3.0554976649582413 113.1532889357768 36.73570166202262 12.633310931269078 14.757817704230549 4.6058163251727811
leaf_count=187 16 591 195 23 27 34
internal_value=0 -0.00287124 -0.0155094 0.00583102 0.0264919 0.0379121
internal_weight=0 212.45 86.6635 125.787 22.4191 19.3636
internal_count=1073 996 382 614 77 61
is_linear=0
shrinkage=0.0493048


Tree=98
num_leaves=7
num_cat=0
split_feature=64 53 64 4 40 60
split_gain=7.27975 11.5174 10.45 7.66827 4.57956 3.34953
threshold=2.8500000000000001 11.500000000000002 4.1500000000000012 6.5000000000000009 37.150000000000013 0.40833333333333338
decision_type=2 2 2 2 2 2
left_child=3 2 -2 4 -1 -3
right_child=1 5 -4 -5 -6 -7
leaf_value=0.07043852150270731 -0.03610731546592074 -0.05884478609345422 0.0033624643732066643 -0.03535956089157076 0.020297163702161093 0.041142228477885845
leaf_weight=7.231514245271689 17.909215822815895 10.527102240128439 182.09285954199731 4.0149093419313422 11.559787504374979 0.87419106811285097
leaf_count=15 61 191 750 15 37 4
internal_value=0 -0.00291989 -0.000168798 0.0263996 0.0396308 -0.0511181
internal_weight=0 211.403 200.002 22.8062 18.7913 11.4013
internal_count=1073 1006 811 67 52 195
is_linear=0
shrinkage=0.0493048


Tree=99
num_leaves=6
num_cat=0
split_feature=59 3 59 9 58
split_gain=7.14458 13.8247 13.2405 13.8824 9.66471
threshold=550.00000000000011 1.0000000180025095e-35 350.00000000000006 1.0000000180025095e-35 -8.4999999999999982
decision_type=2 2 2 2 2
left_child=2 -2 4 -4 -1
right_child=1 -3 3 -5 -6
leaf_value=0.035106288599255402 0.063569760633611236 -0.058865592462698603 -0.064224386651452678 0.054992020997865536 -0.0020732640285440547
leaf_weight=18.710773958824575 9.8814653363078815 2.8936100304126731 14.049800674431028 2.8506488692946723 185.25013109412976
leaf_count=39 8 43 197 11 775
internal_value=0 0.0357841 -0.00213756 -0.0440751 0.00133447
internal_weight=0 12.7751 220.861 16.9004 203.961
internal_count=1073 51 1022 208 814
is_linear=0
shrinkage=0.0493048


Tree=100
num_leaves=8
num_cat=0
split_feature=59 62 64 60 11 56 64
split_gain=7.08684 16.8435 12.6113 11.2161 6.03938 0.0872885 0.0708683
threshold=-149.99999999999997 3.5000000000000004 54.70000000000001 -1.0000000180025095e-35 1.0000000180025095e-35 0.71825396825396837 82.450000000000003
decision_type=2 2 2 2 2 2 2
left_child=1 5 3 -2 -3 -1 -4
right_child=2 4 6 -5 -6 -7 -8
leaf_value=-0.062219886331667931 -0.07464284639822516 0.0091696853825086865 -0.060504691295948154 0.0012100387015430542 0.051466710319649382 -0.079386831146219347 -0.050919257960444927
leaf_weight=1.8662130194716144 4.8661396391689768 15.544434574432669 5.2022867030464095 179.44016357604414 17.487226117402315 2.4344282038509846 5.6012382458429784
leaf_count=17 35 50 71 604 27 15 254
internal_value=0 0.0196186 -0.00382819 -0.00078958 0.0315827 -0.0721064 -0.0556008
internal_weight=0 37.3323 195.11 184.306 33.0317 4.30064 10.8035
internal_count=1073 109 964 639 77 32 325
is_linear=0
shrinkage=0.0493048


Tree=101
num_leaves=7
num_cat=0
split_feature=30 5 58 52 59 60
split_gain=7.00472 11.2582 13.2653 12.6315 7.76957 11.3517
threshold=1.0000000180025095e-35 1.5000000000000002 -1.0000000180025095e-35 8.5000000000000018 175.00000000000003 0.059411764705882351
decision_type=2 2 2 2 2 2
left_child=1 3 -3 -1 5 -2
right_child=4 2 -4 -5 -6 -7
leaf_value=-0.025575132637048161 0.031535614380792373 0.006616472646097128 -0.038264994692511718 0.011838902205855321 0.064593522976346865 -0.082348969823360305
leaf_weight=26.856759838759899 7.9692624537274259 27.400420478545129 38.431392005411908 119.57134813209996 8.2501243920996767 2.9012070074677467
leaf_count=165 24 153 270 422 17 22
internal_value=0 -0.00263805 -0.0195748 0.00497212 0.0285186 0.00107605
internal_weight=0 212.26 65.8318 146.428 19.1206 10.8705
internal_count=1073 1010 423 587 63 46
is_linear=0
shrinkage=0.0493048


Tree=102
num_leaves=8
num_cat=0
split_feature=64 53 64 61 46 52 60
split_gain=6.88041 10.4758 12.9656 8.31489 6.86071 5.9462 3.02677
threshold=2.9500000000000006 11.500000000000002 3.4500000000000006 0.22967032967032963 3.5000000000000004 4.5000000000000009 0.40833333333333338
decision_type=2 2 2 2 2 2 2
left_child=3 2 -2 4 -1 -5 -3
right_child=1 6 -4 5 -6 -7 -8
leaf_value=-0.074783036094143801 -0.067031593374723822 -0.05843021551927844 0.0020086662971702542 -0.0075579235445380338 0.03104839174143138 0.056620836148293115 0.03844367823649613
leaf_weight=3.2322970330715206 6.8521995991468421 9.7861164037603849 188.10191564681008 4.6493668407201794 2.7490057945251465 14.098392367362974 0.84329404123127538
leaf_count=12 28 191 778 16 10 34 4
internal_value=0 -0.0030173 -0.000414982 0.024509 -0.0260377 0.0406706 -0.0506803
internal_weight=0 205.584 194.954 24.7291 5.9813 18.7478 10.6294
internal_count=1073 1001 806 72 22 50 195
is_linear=0
shrinkage=0.0493048


Tree=103
num_leaves=7
num_cat=0
split_feature=63 59 59 60 63 64
split_gain=6.74863 7.09205 12.0801 4.26914 2.2257 0.0827338
threshold=14.500000000000002 550.00000000000011 350.00000000000006 0.3550420168067227 1.5000000000000002 6.3500000000000005
decision_type=2 2 2 2 2 2
left_child=1 2 -1 5 -3 -2
right_child=3 4 -4 -5 -6 -7
leaf_value=0.0027052825803078611 -0.076016334717588452 0.074598458627909939 -0.042441804426999991 0.036055998730155921 0.025738269638562405 -0.060188929818258997
leaf_weight=195.25907897343859 1.5691217854619015 3.1051938943564883 15.553718987386672 1.2313287500292061 8.6855986602604371 4.3708338290452957
leaf_count=767 9 4 200 3 42 48
internal_value=0 0.00145556 -0.000622786 -0.0471348 0.0386669 -0.0644927
internal_weight=0 222.604 210.813 7.17128 11.7908 5.93996
internal_count=1073 1013 967 60 46 57
is_linear=0
shrinkage=0.0493048


Tree=104
num_leaves=8
num_cat=0
split_feature=64 48 31 46 42 64 31
split_gain=6.81703 17.5188 16.5794 5.49467 11.206 8.36186 0.0283417
threshold=9.3500000000000032 0.35000000000000003 1.0000000180025095e-35 2.5000000000000004 0.31009615384615391 6.6500000000000012 1.0000000180025095e-35
decision_type=2 2 2 2 2 2 2
left_child=3 6 -3 5 -5 -1 -2
right_child=1 2 -4 4 -6 -7 -8
leaf_value=0.0083363504146769674 -0.066137215258791057 0.0044833510934086532 -0.061532003893394728 -0.038690287781180333 0.010592873582841387 0.053749263458092188 -0.056276008040196022
leaf_weight=35.315715864300728 10.135379704646764 95.568712640088052 10.237189442152156 14.676270604133604 47.546252939850092 13.697099000215529 1.9253119425848115
leaf_count=90 68 496 182 60 138 15 24
internal_value=0 -0.00832264 -0.00189837 0.0086943 -0.00102147 0.0210416 -0.0646222
internal_weight=0 117.867 105.806 111.235 62.2225 49.0128 12.0607
internal_count=1073 770 678 303 198 105 92
is_linear=0
shrinkage=0.0493048


Tree=105
num_leaves=8
num_cat=0
split_feature=49 64 58 42 61 62 64
split_gain=6.66107 15.0278 10.9922 6.6813 8.37407 0.2609 0.0543093
threshold=0.064583333333333312 51.20000000000001 6.5000000000000009 0.19375000000000003 0.35805860805860806 4.5000000000000009 82.450000000000003
decision_type=2 2 2 2 2 2 2
left_child=3 2 -2 5 -5 -1 -3
right_child=1 6 -4 4 -6 -7 -8
leaf_value=0.048147623430391126 -0.0077051875449840913 -0.059191673265902259 0.017599110708395788 0.018306305400479405 -0.097106209674419353 0.035303736409605539 -0.050965463770050443
leaf_weight=8.306554008275274 129.67790439445525 6.8487822520546597 61.532150451093912 5.4220824632793656 2.1242327578365803 8.4306883998215199 5.5537740776780993
leaf_count=9 490 95 169 24 11 11 264
internal_value=0 -0.00297369 0.000434495 0.0243451 -0.014105 0.0417196 -0.0555653
internal_weight=0 203.613 191.21 24.2836 7.54632 16.7372 12.4026
internal_count=1073 1018 659 55 35 20 359
is_linear=0
shrinkage=0.0493048


Tree=106
num_leaves=8
num_cat=0
split_feature=10 39 52 24 52 7 46
split_gain=6.62877 8.38209 19.6786 14.1519 6.94462 7.98961 6.46368
threshold=1.0000000180025095e-35 4.5000000000000009 11.500000000000002 1.0000000180025095e-35 25.000000000000004 9.5000000000000018 6.5000000000000009
decision_type=2 2 2 2 2 2 2
left_child=1 2 -1 -3 6 -6 -2
right_child=4 3 -4 -5 5 -7 -8
leaf_value=0.0056532382046884187 0.064054947210290036 -0.00014852083806849486 -0.042640426131639472 0.055894887503988723 0.048506113922074608 -0.072789571716320445 -0.00093936284182826835
leaf_weight=48.434694202616811 10.801988769322639 108.61607061745599 35.551717556081712 12.177763615734873 2.2465630620717993 3.1863872779067606 5.6431834273971608
leaf_count=187 14 591 195 23 5 26 32
internal_value=0 -0.00281722 -0.0147822 0.00549655 0.0257344 -0.0225138 0.041714
internal_weight=0 204.78 83.9864 120.794 21.8781 5.43295 16.4452
internal_count=1073 996 382 614 77 31 46
is_linear=0
shrinkage=0.0493048


Tree=107
num_leaves=7
num_cat=0
split_feature=30 7 5 52 59 60
split_gain=6.50574 9.78208 13.2657 12.5604 6.75663 10.1753
threshold=1.0000000180025095e-35 18.500000000000004 8.5000000000000018 8.5000000000000018 175.00000000000003 0.059411764705882351
decision_type=2 2 2 2 2 2
left_child=1 3 -3 -1 5 -2
right_child=4 2 -4 -5 -6 -7
leaf_value=-0.025544866784210685 0.0308283386338336 -0.038199570609849944 0.0087247685014550918 0.011299811364292953 0.06215494972627876 -0.079206340894376684
leaf_weight=27.732001103460789 7.812918306328358 36.163626764900982 24.581104172859341 118.90522225294262 7.9813541034236541 2.7647298434749246
leaf_count=174 24 285 116 435 17 22
internal_value=0 -0.00256132 -0.0192006 0.00432718 0.0279078 0.00200137
internal_weight=0 207.382 60.7447 146.637 18.559 10.5776
internal_count=1073 1010 401 609 63 46
is_linear=0
shrinkage=0.0493048


Tree=108
num_leaves=8
num_cat=0
split_feature=64 53 64 61 46 52 60
split_gain=6.56261 9.38245 11.4603 7.70606 6.47014 5.63144 2.93019
threshold=2.9500000000000006 11.500000000000002 3.4500000000000006 0.22967032967032963 3.5000000000000004 35.000000000000007 0.40833333333333338
decision_type=2 2 2 2 2 2 2
left_child=3 2 -2 4 -1 -5 -3
right_child=1 6 -4 5 -6 -7 -8
leaf_value=-0.072026303581321491 -0.063679488219266958 -0.05803591803211771 0.0017409593557480248 0.019103220297139893 0.030944771028910387 0.075637962382388735 0.038465114324059503
leaf_weight=3.2284486293792751 6.7473895028233519 9.0409915230702573 183.66409984091297 11.856257848441603 2.7323615252971649 6.7450914531946173 0.82653903774917203
leaf_count=12 28 191 778 36 10 14 4
internal_value=0 -0.00300713 -0.000574217 0.0239954 -0.0247198 0.0396417 -0.0498834
internal_weight=0 200.279 190.411 24.5622 5.96081 18.6013 9.86753
internal_count=1073 1001 806 72 22 50 195
is_linear=0
shrinkage=0.0493048


Tree=109
num_leaves=8
num_cat=0
split_feature=64 45 3 48 55 41 48
split_gain=6.33786 16.4337 16.7043 5.2561 10.1917 10.1065 0.0423213
threshold=9.3500000000000032 9.5000000000000018 33.000000000000007 1.1500000000000001 1.4500000000000002 0.55000000000000016 1.8500000000000003
decision_type=2 2 2 2 2 2 2
left_child=3 6 -3 5 -5 -1 -2
right_child=1 2 -4 4 -6 -7 -8
leaf_value=-0.0044272711123715504 -0.062286588851368084 0.005435173615618575 -0.059323863646288909 -0.034549211445011413 0.021426327674198466 0.031242562121362873 -0.053223088764896273
leaf_weight=34.889221392571926 10.118896330706773 90.643715091980994 10.839281625812871 16.988756362348798 14.778162490576504 43.162784054875374 2.9000240182504049
leaf_count=99 89 428 179 70 48 86 74
internal_value=0 -0.0081729 -0.00147584 0.00840567 -0.00848878 0.01529 -0.0603222
internal_weight=0 114.502 101.483 109.819 31.7669 78.052 13.0189
internal_count=1073 770 607 303 118 185 163
is_linear=0
shrinkage=0.0493048


Tree=110
num_leaves=8
num_cat=0
split_feature=59 62 64 38 11 56 64
split_gain=6.26069 14.7771 10.7218 9.68598 5.24954 0.0692467 0.0430723
threshold=-149.99999999999997 3.5000000000000004 54.70000000000001 85.000000000000014 1.0000000180025095e-35 0.71825396825396837 82.450000000000003
decision_type=2 2 2 2 2 2 2
left_child=1 5 3 -2 -3 -1 -4
right_child=2 4 6 -5 -6 -7 -8
leaf_value=-0.060535750717659202 -0.0058788184212205221 0.0089945499900848467 -0.05948474572629843 0.025922731871235317 0.049256499425625405 -0.076970037806009695 -0.050728750006704001
leaf_weight=1.6996564264409233 150.48588349018246 15.023919322527947 4.5602923366241139 27.540780974552035 16.645878633484244 2.3144321013242006 4.8109712549485266
leaf_count=17 568 50 71 71 27 15 254
internal_value=0 0.0188674 -0.00366501 -0.00095533 0.030178 -0.0701918 -0.0550655
internal_weight=0 35.6839 187.398 178.027 31.6698 4.01409 9.37126
internal_count=1073 109 964 639 77 32 325
is_linear=0
shrinkage=0.0493048


Tree=111
num_leaves=8
num_cat=0
split_feature=58 58 16 46 48 42 41
split_gain=6.37998 8.6334 18.3375 14.8088 7.0883 10.4785 2.90828
threshold=-9.4999999999999982 6.5000000000000009 1.0000000180025095e-35 6.5000000000000009 0.95000000000000007 0.78174603174603186 0.55000000000000016
decision_type=2 2 2 2 2 2 2
left_child=4 3 -3 -2 5 -1 -6
right_child=1 2 -4 -5 6 -7 -8
leaf_value=-0.091174334025324794 0.0011135231799223437 0.019865369647071335 -0.078514666016873791 -0.033902691700599959 0.060434883947993553 0.049642723745102785 0.012884896300434502
leaf_weight=2.6404724912717965 95.874917343258858 59.507758621126413 4.9891471485607317 42.297960096970201 9.5753292981535179 2.4940243354067206 4.7009293253067872
leaf_count=14 345 233 50 381 9 6 35
internal_value=0 -0.00264609 0.0122439 -0.00960125 0.0269426 -0.0226517 0.0448252
internal_weight=0 202.67 64.4969 138.173 19.4108 5.1345 14.2763
internal_count=1073 1009 283 726 64 20 44
is_linear=0
shrinkage=0.0493048


Tree=112
num_leaves=8
num_cat=0
split_feature=10 64 39 47 54 58 63
split_gain=6.09637 8.00444 9.78339 6.30886 8.55439 5.3876 0.989437
threshold=1.0000000180025095e-35 2.1500000000000008 4.5000000000000009 38.750000000000007 37.750000000000007 1.5000000000000002 1.5000000000000002
decision_type=2 2 2 2 2 2 2
left_child=1 5 -3 4 -2 -1 -5
right_child=3 2 -4 6 -6 -7 -8
leaf_value=-0.0034182031909719716 0.025372653183550038 -0.01900291413343334 0.0039501983953557189 0.074372472177276328 -0.070781766511763197 0.068822024312358426 0.041197281747978834
leaf_weight=4.2066248804330808 9.1461949199438113 74.212501774542034 115.15858591836877 4.0513898930512351 2.9810482431203118 6.1597563549876213 5.080933429999277
leaf_count=16 32 357 606 2 24 17 19
internal_value=0 -0.00272907 -0.00504151 0.0250424 0.00167868 0.0394475 0.0559932
internal_weight=0 199.737 189.371 21.2596 12.1272 10.3664 9.13232
internal_count=1073 996 963 77 56 33 21
is_linear=0
shrinkage=0.0493048


Tree=113
num_leaves=6
num_cat=0
split_feature=59 3 59 9 58
split_gain=6.16318 11.5015 10.3306 12.7401 8.54749
threshold=550.00000000000011 1.0000000180025095e-35 350.00000000000006 1.0000000180025095e-35 -8.4999999999999982
decision_type=2 2 2 2 2
left_child=2 -2 4 -4 -1
right_child=1 -3 3 -5 -6
leaf_value=0.033746094651284121 0.061175934896734195 -0.05787787943571681 -0.063084777797371164 0.054174880183633783 -0.0022186375862344792
leaf_weight=17.670925839804113 8.9955049008131009 2.5204186881892374 12.212553301127626 2.7549791464116415 176.45447911031079
leaf_count=39 8 43 197 11 775
internal_value=0 0.0350599 -0.00198793 -0.0414557 0.001052
internal_weight=0 11.5159 209.093 14.9675 194.125
internal_count=1073 51 1022 208 814
is_linear=0
shrinkage=0.0493048


Tree=114
num_leaves=8
num_cat=0
split_feature=49 64 65 42 42 4 11
split_gain=6.06516 13.2195 18.0365 11.0637 5.86575 7.92446 0.208555
threshold=0.064583333333333312 19.550000000000004 9.5000000000000018 0.19375000000000003 0.19375000000000003 1.0000000180025095e-35 1.0000000180025095e-35
decision_type=2 2 2 2 2 2 2
left_child=4 3 -3 -2 6 -6 -1
right_child=1 2 -4 -5 5 -7 -8
leaf_value=0.034201737054767464 -0.027421712839857625 -0.062507571312868146 -0.0006059622972795478 0.010063807344142521 -0.096352927443671868 0.018534125278562311 0.046183690276573
leaf_weight=7.1652618683874616 22.558688286691904 19.129585298011079 28.526989167788997 126.10391510650516 1.9951408989727486 5.4103874582797289 8.6180978734046221
leaf_count=12 86 240 325 367 13 22 8
internal_value=0 -0.0028692 -0.0254681 0.00437107 0.0237935 -0.01234 0.0407881
internal_weight=0 196.319 47.6566 148.663 23.1889 7.40553 15.7834
internal_count=1073 1018 565 453 55 35 20
is_linear=0
shrinkage=0.0493048


Tree=115
num_leaves=7
num_cat=0
split_feature=30 42 5 45 52 55
split_gain=5.89986 10.193 8.90912 11.6318 9.39163 2.74204
threshold=1.0000000180025095e-35 0.36931818181818182 1.5000000000000002 1.5000000000000002 8.5000000000000018 0.45000000000000007
decision_type=2 2 2 2 2 2
left_child=2 -2 4 -4 -1 -3
right_child=1 5 3 -5 -6 -7
leaf_value=-0.022666360804478907 -0.073497819949219848 0.0082208582635374984 0.050393807827866184 -0.024677055016089335 0.010558532703987203 0.054009799019301453
leaf_weight=25.299892209004611 2.1470207376405623 4.490596240386366 5.5003847796469918 56.501191126531921 113.12877827743068 11.193535193102433
leaf_count=165 18 15 12 411 422 30
internal_value=0 0.0271229 -0.00247175 -0.018006 0.00448137 0.0409427
internal_weight=0 17.8312 200.43 62.0016 138.429 15.6841
internal_count=1073 63 1010 423 587 45
is_linear=0
shrinkage=0.0493048


Tree=116
num_leaves=8
num_cat=0
split_feature=64 53 64 61 46 52 60
split_gain=5.84265 8.35698 10.0257 7.01305 5.72347 5.03168 2.56405
threshold=2.9500000000000006 11.500000000000002 3.4500000000000006 0.22967032967032963 3.5000000000000004 35.000000000000007 0.40833333333333338
decision_type=2 2 2 2 2 2 2
left_child=3 2 -2 4 -1 -5 -3
right_child=1 6 -4 5 -6 -7 -8
leaf_value=-0.068314345491402667 -0.060351031771312229 -0.057529895309991932 0.0015601616749032936 0.018232386224562198 0.028763815779395838 0.071972833425306151 0.036462844806859747
leaf_weight=3.2207634001970318 6.5935802012681952 8.1877225745702127 177.35851477016695 11.723117828369142 2.7130250185728073 6.672582432627677 0.76260630041360933
leaf_count=12 28 191 778 36 10 14 4
internal_value=0 -0.00292319 -0.000655806 0.0227164 -0.0238222 0.0377639 -0.0494452
internal_weight=0 192.902 183.952 24.3295 5.93379 18.3957 8.95033
internal_count=1073 1001 806 72 22 50 195
is_linear=0
shrinkage=0.0493048


Tree=117
num_leaves=7
num_cat=0
split_feature=52 38 41 64 53 55
split_gain=5.81995 7.17868 10.4813 10.2404 1.78473 0.0168548
threshold=115.00000000000001 95.000000000000014 1.8500000000000003 9.3500000000000032 14.500000000000002 1.1500000000000001
decision_type=2 2 2 2 2 2
left_child=1 3 -3 -1 5 -2
right_child=4 2 -4 -5 -6 -7
leaf_value=0.0082825199745693301 -0.068008858916662793 0.036571702276603814 -0.062530183850852711 -0.015013146946126786 0.019635851163179018 -0.057442763139388356
leaf_weight=102.10484845936298 2.2150213327258816 23.146823654649783 2.9165418813936403 83.271731992717832 0.73001160309649993 2.3260837921407074
leaf_count=281 18 53 40 629 15 37
internal_value=0 0.00122481 0.0254549 -0.00217849 -0.0512195 -0.0627549
internal_weight=0 211.44 26.0634 185.377 5.27112 4.54111
internal_count=1073 1003 93 910 70 55
is_linear=0
shrinkage=0.0493048


Tree=118
num_leaves=6
num_cat=0
split_feature=59 3 59 9 58
split_gain=5.94582 10.5676 9.16325 11.8009 7.81059
threshold=550.00000000000011 1.0000000180025095e-35 350.00000000000006 1.0000000180025095e-35 -8.4999999999999982
decision_type=2 2 2 2 2
left_child=2 -2 4 -4 -1
right_child=1 -3 3 -5 -6
leaf_value=0.032481458204420707 0.060334255577951808 -0.057291355548665386 -0.062420990721266487 0.051892873545659919 -0.0022655833861893308
leaf_weight=17.291125944815576 8.6884776866063458 2.3549803278874597 11.364040669985114 2.7138215345330527 173.54518966237083
leaf_count=39 8 43 197 11 775
internal_value=0 0.035189 -0.00194908 -0.040336 0.000879514
internal_weight=0 11.0435 204.914 14.0779 190.836
internal_count=1073 51 1022 208 814
is_linear=0
shrinkage=0.0493048


Tree=119
num_leaves=8
num_cat=0
split_feature=10 55 61 52 47 22 63
split_gain=5.71811 7.20312 20.1815 16.7042 6.06143 7.89487 0.970858
threshold=1.0000000180025095e-35 0.95000000000000007 0.21807065217391303 8.5000000000000018 38.750000000000007 1.0000000180025095e-35 1.5000000000000002
decision_type=2 2 2 2 2 2 2
left_child=1 2 -1 -3 5 -2 -6
right_child=4 3 -4 -5 6 -7 -8
leaf_value=-0.041185686105143379 -0.038019262869101907 -0.043728848993815614 0.006108087440450073 0.014189909099816385 0.073316436467039822 0.042877960110294974 0.040220950929431502
leaf_weight=36.467415306717157 6.0455424496904033 14.013929488137363 54.989441584330052 88.690186784602702 3.9964440204203111 5.69240627810359 5.0064762670081109
leaf_count=196 40 140 184 476 2 16 19
internal_value=0 -0.00267707 -0.012743 0.00628021 0.0245581 0.00115749 0.0549916
internal_weight=0 194.161 91.4569 102.704 20.7409 11.7379 9.00292
internal_count=1073 996 380 616 77 56 21
is_linear=0
shrinkage=0.0493048


Tree=120
num_leaves=8
num_cat=0
split_feature=59 62 64 52 60 56 64
split_gain=5.76324 13.2654 9.3436 9.10774 8.90365 0.0552443 0.0219421
threshold=-149.99999999999997 3.5000000000000004 54.70000000000001 9.5000000000000018 -1.0000000180025095e-35 0.71825396825396837 82.450000000000003
decision_type=2 2 2 2 2 2 2
left_child=1 5 4 -3 -2 -1 -4
right_child=2 3 6 -5 -6 -7 -8
leaf_value=-0.059193087288711713 -0.071348705803644483 -0.044555716586791125 -0.058418323207871679 0.039058268985516308 0.00069593414893990592 -0.075027858205107961 -0.050602427655267623
leaf_weight=1.5429351073689752 4.2755057532340279 3.5800897181034115 4.1100887034554017 26.980931054335088 166.92804615572095 2.2268240954726934 4.2321506382431835
leaf_count=17 35 28 71 49 604 15 254
internal_value=0 0.0184612 -0.00358676 0.0292407 -0.00109991 -0.0687384 -0.0545383
internal_weight=0 34.3308 179.546 30.561 171.204 3.76976 8.34224
internal_count=1073 109 964 77 639 32 325
is_linear=0
shrinkage=0.0493048


Tree=121
num_leaves=7
num_cat=0
split_feature=63 59 64 60 63 64
split_gain=5.59948 5.74401 9.22639 3.7081 1.59773 0.0726074
threshold=14.500000000000002 550.00000000000011 9.3500000000000032 0.3550420168067227 1.5000000000000002 6.3500000000000005
decision_type=2 2 2 2 2 2
left_child=1 2 -1 5 -3 -2
right_child=3 4 -4 -5 -6 -7
leaf_value=0.0096438792375197046 -0.074273937077821928 0.068777751122510833 -0.011766847139492232 0.034335886935918151 0.025089494489227732 -0.058597114597025129
leaf_weight=103.03101121261716 1.5002523250877846 2.8587567573413235 93.164551846683025 1.146322092041373 7.3790170841384679 3.7234372142702341
leaf_count=281 9 4 686 3 42 48
internal_value=0 0.00135574 -0.000519823 -0.0455747 0.0373584 -0.0632387
internal_weight=0 206.433 196.196 6.37001 10.2378 5.22369
internal_count=1073 1013 967 60 46 57
is_linear=0
shrinkage=0.0493048


Tree=122
num_leaves=8
num_cat=0
split_feature=49 64 58 61 61 63 64
split_gain=5.55121 11.587 9.34007 6.33849 4.49842 2.09373 0.0167206
threshold=0.064583333333333312 51.20000000000001 6.5000000000000009 0.14550264550264549 0.22967032967032963 4.5000000000000009 82.450000000000003
decision_type=2 2 2 2 2 2 2
left_child=3 2 -2 5 -5 -1 -3
right_child=1 6 -4 4 -6 -7 -8
leaf_value=0.0068239733665162901 -0.0075912840277097505 -0.057539418354430195 0.016486243290512244 0.054194630297283775 0.0051083673645412825 -0.073345839994317055 -0.050684313954388063
leaf_weight=1.3275985606014757 122.77144620474428 5.5901180112268758 57.511108816601336 11.20800560154021 7.6792382467538109 1.911514665931463 4.3397980510490015
leaf_count=7 490 95 169 8 25 15 264
internal_value=0 -0.00276648 8.60302e-05 0.0233258 0.0342728 -0.0402956 -0.0546148
internal_weight=0 190.212 180.283 22.1264 18.8872 3.23911 9.92992
internal_count=1073 1018 659 55 33 22 359
is_linear=0
shrinkage=0.0493048


Tree=123
num_leaves=8
num_cat=0
split_feature=38 58 56 64 48 50 19
split_gain=5.49236 10.6465 9.96881 15.6605 12.6041 6.6189 6.04155
threshold=85.000000000000014 1.5000000000000002 0.57738095238095244 12.450000000000001 1.8500000000000003 -1.0000000180025095e-35 1.0000000180025095e-35
decision_type=2 2 2 2 2 2 2
left_child=2 5 4 -4 -1 -2 -3
right_child=1 6 3 -5 -6 -7 -8
leaf_value=0.0095565355386286049 0.043413889111527743 0.047397584999930645 -0.0046652680247646367 -0.063773805245785131 -0.042693447481902243 -0.054410021034621496 -0.0099299233389137653
leaf_weight=110.3872173007112 2.266907958313821 19.532075270777572 39.184124186635017 15.107818048796615 12.489830037578939 6.4429724621586502 5.7714076200500122
leaf_count=335 11 29 122 261 193 77 45
internal_value=0 0.018101 -0.00352974 -0.0211263 0.00423997 -0.0288727 0.0342964
internal_weight=0 34.0134 177.169 54.2919 122.877 8.70988 25.3035
internal_count=1073 162 911 383 528 88 74
is_linear=0
shrinkage=0.0493048


Tree=124
num_leaves=7
num_cat=0
split_feature=10 64 39 47 0 58
split_gain=5.36015 6.93725 8.8392 5.64511 5.82054 4.53797
threshold=1.0000000180025095e-35 2.1500000000000008 4.5000000000000009 36.550000000000004 4.5000000000000009 1.5000000000000002
decision_type=2 2 2 2 2 2
left_child=1 5 -3 -2 -5 -1
right_child=3 2 -4 4 -6 -7
leaf_value=-0.0026718389728072967 -0.040074360639150701 -0.018372034659214477 0.0040063226498401501 0.050201394479058775 -0.017095635576532535 0.064326965710525222
leaf_weight=4.1224306225776655 2.86109555885196 71.174191633122973 107.95656375144608 13.414417803753169 4.0553330848924807 6.018560066819191
leaf_count=16 16 357 606 27 34 17
internal_value=0 -0.00263251 -0.00488173 0.0240081 0.0345422 0.0370299
internal_weight=0 189.272 179.131 20.3308 17.4698 10.141
internal_count=1073 996 963 77 61 33
is_linear=0
shrinkage=0.0493048


Tree=125
num_leaves=8
num_cat=0
split_feature=58 63 48 42 58 41 64
split_gain=5.54034 7.42197 6.91564 9.11109 6.73935 2.47145 0.0602318
threshold=-9.4999999999999982 14.500000000000002 0.95000000000000007 0.78174603174603186 6.5000000000000009 0.55000000000000016 6.3500000000000005
decision_type=2 2 2 2 2 2 2
left_child=2 4 3 -1 -2 -4 -3
right_child=1 6 5 -5 -6 -7 -8
leaf_value=-0.087649327568941227 -0.0073817756490229779 -0.073305668995827022 0.05909310312674295 0.046392930355521063 0.012746110047550559 0.013351125621234094 -0.058314928320405843
leaf_weight=2.5897705955430892 126.89013099321164 1.519983548671006 9.0214348752051574 2.3443325110711157 59.346972145605832 4.2726349483709773 3.2506938423030078
leaf_count=14 690 9 9 6 267 35 43
internal_value=0 -0.00252349 0.0259254 -0.0238344 -0.000964229 0.0444431 -0.0632432
internal_weight=0 191.008 18.2282 4.9341 186.237 13.2941 4.77068
internal_count=1073 1009 64 20 957 44 52
is_linear=0
shrinkage=0.0493048


Tree=126
num_leaves=8
num_cat=0
split_feature=59 63 41 64 3 52 54
split_gain=5.35605 11.99 8.70396 9.84391 9.25407 8.20521 0.05188
threshold=-149.99999999999997 5.5000000000000009 2.0500000000000003 7.3500000000000005 1.5000000000000002 9.5000000000000018 38.150000000000013
decision_type=2 2 2 2 2 2 2
left_child=1 6 4 -4 -2 -3 -1
right_child=2 5 3 -5 -6 -7 -8
leaf_value=-0.071258199216149898 0.021861979095724293 -0.043157844843116314 0.0055652055226251005 -0.063135990300302702 -0.0062693162813861249 0.038193439693916212 -0.055098749977396416
leaf_weight=2.3956232054624702 37.505607380531728 3.4027877547778216 8.8836413621902484 11.759253763593732 117.41160124505404 25.896238446701318 1.2650269195437429
leaf_count=20 125 28 30 217 592 46 15
internal_value=0 0.0181945 -0.00346622 -0.0335404 0.000537215 0.0287219 -0.0658697
internal_weight=0 32.9597 175.56 20.6429 154.917 29.299 3.66065
internal_count=1073 109 964 247 717 74 35
is_linear=0
shrinkage=0.0493048


Tree=127
num_leaves=7
num_cat=0
split_feature=30 64 39 59 60 61
split_gain=5.1962 7.44437 9.94897 5.78544 8.77809 5.31525
threshold=1.0000000180025095e-35 2.9500000000000006 3.5000000000000004 175.00000000000003 0.059411764705882351 0.22967032967032963
decision_type=2 2 2 2 2 2
left_child=1 5 -3 4 -2 -1
right_child=3 2 -4 -5 -6 -7
leaf_value=-0.017871666224899545 0.029204366659545327 -0.024378518558305768 0.0018610840273064662 0.059119172461284029 -0.077278635295349243 0.036836244846438451
leaf_weight=5.677930116653445 7.1121518518775719 50.253903340664692 116.56588631693739 7.3270866121165446 2.5577286367770284 17.828832671046257
leaf_count=21 24 263 677 17 22 49
internal_value=0 -0.00237621 -0.00603973 0.0260754 0.000966328 0.023594
internal_weight=0 190.327 166.82 16.997 9.66988 23.5068
internal_count=1073 1010 940 63 46 70
is_linear=0
shrinkage=0.0493048


Tree=128
num_leaves=6
num_cat=0
split_feature=61 64 48 61 55
split_gain=5.28502 5.75579 14.5841 6.81751 2.19356
threshold=0.57738095238095244 9.3500000000000032 0.35000000000000003 -1.0000000180025095e-35 1.4500000000000002
decision_type=2 2 2 2 2
left_child=1 3 -3 -1 -2
right_child=4 2 -4 -5 -6
leaf_value=-0.082659082355813249 -0.085055935213115885 -0.062392450041453988 -0.00089737108691037766 0.011038364712346892 -0.010061056942290378
leaf_weight=1.9212893620133389 2.4576211273670188 10.471806657034902 89.667716110590845 100.7426494024694 1.5781858188565818
leaf_count=10 13 92 663 278 17
internal_value=0 0.00107146 -0.00733515 0.00927768 -0.0559012
internal_weight=0 202.803 100.14 102.664 4.03581
internal_count=1073 1043 755 288 30
is_linear=0
shrinkage=0.0493048


Tree=129
num_leaves=8
num_cat=0
split_feature=58 63 49 48 42 40 64
split_gain=5.12575 6.87346 6.58853 6.33528 8.25974 3.34339 0.0425187
threshold=-9.4999999999999982 14.500000000000002 0.064583333333333312 0.95000000000000007 0.78174603174603186 38.350000000000001 6.3500000000000005
decision_type=2 2 2 2 2 2 2
left_child=3 2 -2 4 -1 -5 -3
right_child=1 6 -4 5 -6 -7 -8
leaf_value=-0.084260428235717721 0.025405407957301972 -0.071567177247083391 -0.0042518225466265267 0.057785229314286764 0.044900065645826943 0 -0.057778762773904591
leaf_weight=2.5329595739021924 20.489078822545707 1.4639913588762272 163.50946594041307 9.6892149467021209 2.2850017943419516 3.2366138258948913 3.0706531652249396
leaf_count=14 50 9 907 12 6 32 43
internal_value=0 -0.00242737 -0.000945692 0.0252907 -0.0228729 0.0432938 -0.0623899
internal_weight=0 188.533 183.999 17.7438 4.81796 12.9258 4.53464
internal_count=1073 1009 957 64 20 44 52
is_linear=0
shrinkage=0.0493048


Tree=130
num_leaves=8
num_cat=0
split_feature=10 55 61 52 47 54 63
split_gain=5.12307 6.76175 16.8348 14.5917 5.56593 7.29348 0.961014
threshold=1.0000000180025095e-35 0.95000000000000007 0.21807065217391303 8.5000000000000018 38.750000000000007 37.750000000000007 1.5000000000000002
decision_type=2 2 2 2 2 2 2
left_child=1 2 -1 -3 5 -2 -6
right_child=4 3 -4 -5 6 -7 -8
leaf_value=-0.039153202830739427 0.023230431012464667 -0.042097110397333999 0.0049798580831274548 0.013815013652321066 0.071661594304672976 -0.069469696001480452 0.038237649087109755
leaf_weight=34.828742249403149 8.5061849094927329 13.097630507545544 52.907177774701267 84.685990406665951 3.8961394848301989 2.7225624560378483 4.8237194131361321
leaf_count=196 32 140 184 476 2 24 19
internal_value=0 -0.00259292 -0.0125326 0.00631883 0.0237015 0.000691552 0.0532536
internal_weight=0 185.52 87.7359 97.7836 19.9486 11.2287 8.71986
internal_count=1073 996 380 616 77 56 21
is_linear=0
shrinkage=0.0493048


Tree=131
num_leaves=8
num_cat=0
split_feature=59 63 64 53 38 41 54
split_gain=5.21008 11.152 8.16497 19.6389 11.8209 5.77621 0.0368654
threshold=-149.99999999999997 5.5000000000000009 19.200000000000006 8.5000000000000018 85.000000000000014 1.5500000000000003 38.150000000000013
decision_type=2 2 2 2 2 2 2
left_child=1 6 4 -4 -2 -3 -1
right_child=2 5 3 -5 -6 -7 -8
leaf_value=-0.069715004905105363 -0.0033531509653889412 -0.012654747960765893 -0.062461456203142904 0.0080183575727701215 0.040045203487823422 0.040342896757972979 -0.054667336247542164
leaf_weight=2.3070222157984968 115.96471428498626 6.4338943511247662 17.299671252025291 21.591592451790348 17.56566946208477 22.150993012357503 1.1937558054924009
leaf_count=20 396 30 250 284 34 44 15
internal_value=0 0.0182027 -0.00343476 -0.0233168 0.00235124 0.0283914 -0.0647882
internal_weight=0 32.0857 172.422 38.8913 133.53 28.5849 3.50078
internal_count=1073 109 964 534 430 74 35
is_linear=0
shrinkage=0.0493048


Tree=132
num_leaves=6
num_cat=0
split_feature=52 59 64 53 63
split_gain=4.90835 5.42184 7.29748 1.66773 1.41992
threshold=115.00000000000001 550.00000000000011 9.3500000000000032 14.500000000000002 1.5000000000000002
decision_type=2 2 2 2 2
left_child=1 2 -1 -2 -3
right_child=3 4 -4 -5 -6
leaf_value=0.0082049493420524797 -0.061172297863233201 0.067814723024211321 -0.011253249803602965 0.019640249085490537 0.02529302669795707
leaf_weight=102.75659318640828 4.1262314824853084 2.7201975099742395 86.11418355233036 0.7166493359254672 6.7188322390429676
leaf_count=290 55 3 671 15 39
internal_value=0 0.00115579 -0.000663444 -0.0490779 0.0376225
internal_weight=0 198.31 188.871 4.84288 9.43903
internal_count=1073 1003 961 70 42
is_linear=0
shrinkage=0.0493048


Tree=133
num_leaves=8
num_cat=0
split_feature=59 63 41 64 3 52 54
split_gain=4.91404 10.3845 7.77005 8.90624 8.13691 7.22213 0.0261376
threshold=-149.99999999999997 5.5000000000000009 2.0500000000000003 7.3500000000000005 1.5000000000000002 9.5000000000000018 38.150000000000013
decision_type=2 2 2 2 2 2 2
left_child=1 6 4 -4 -2 -3 -1
right_child=2 5 3 -5 -6 -7 -8
leaf_value=-0.068474351422447982 0.02076316078941046 -0.040876260534647338 0.004270687244929277 -0.062255554110617131 -0.0059834471994346184 0.036618864446131778 -0.054341474172130068
leaf_weight=2.232484263367954 36.40953988628462 3.3018563240766552 8.8413200788199919 10.902617916697634 114.90832564397715 25.007403608877212 1.1407033801078794
leaf_count=20 125 28 30 217 592 46 15
internal_value=0 0.0177957 -0.00334356 -0.0324337 0.000448036 0.027556 -0.063907
internal_weight=0 31.6824 171.062 19.7439 151.318 28.3093 3.37319
internal_count=1073 109 964 247 717 74 35
is_linear=0
shrinkage=0.0493048


Tree=134
num_leaves=8
num_cat=0
split_feature=58 63 64 48 42 40 40
split_gain=4.87917 6.33407 6.05051 5.67638 7.5315 3.03266 0.0319034
threshold=-9.4999999999999982 14.500000000000002 19.550000000000004 0.95000000000000007 0.78174603174603186 38.350000000000001 37.050000000000004
decision_type=2 2 2 2 2 2 2
left_child=3 2 -2 4 -1 -5 -3
right_child=1 6 -4 5 -6 -7 -8
leaf_value=-0.080697874356708027 0.0040298554001427286 -0.071766263288599724 -0.017296738537974209 0.056671844355256414 0.044143378462204383 0.00071643569445339927 -0.057751356991917593
leaf_weight=2.4580874023959067 137.88462273031473 1.1067378344014276 42.241807052865624 9.3108401997014862 2.2417267458513379 3.1831342088989905 3.1915950267575681
leaf_count=14 430 8 527 12 6 32 44
internal_value=0 -0.00238331 -0.000967958 0.0250778 -0.0210164 0.0424692 -0.0615286
internal_weight=0 184.425 180.126 17.1938 4.69981 12.494 4.29833
internal_count=1073 1009 957 64 20 44 52
is_linear=0
shrinkage=0.0493048


Tree=135
num_leaves=8
num_cat=0
split_feature=10 54 58 15 47 59 63
split_gain=4.80759 6.3305 13.5494 10.3862 5.12604 7.08694 0.961448
threshold=1.0000000180025095e-35 35.45000000000001 6.5000000000000009 3.5000000000000004 38.750000000000007 65.000000000000014 1.5000000000000002
decision_type=2 2 2 2 2 2 2
left_child=1 3 -3 -1 5 -2 -6
right_child=4 2 -4 -5 6 -7 -8
leaf_value=0.024419403700656699 -0.068514355640321434 -0.018192405864645513 0.013211868130939395 -0.070311001927370803 0.070441961373721954 0.023520469928980686 0.036686049958943173
leaf_weight=32.31673598731868 2.6951487781479981 94.373131078085862 51.667872339719906 3.07796945888549 3.815108579117803 8.2762606733012927 4.7323949204292148
leaf_count=109 22 609 243 35 2 34 19
internal_value=0 -0.00254035 -0.00707742 0.0161612 0.023211 0.000848102 0.0518359
internal_weight=0 181.436 146.041 35.3947 19.5189 10.9714 8.5475
internal_count=1073 996 852 144 77 56 21
is_linear=0
shrinkage=0.0493048


Tree=136
num_leaves=6
num_cat=0
split_feature=61 59 62 0 55
split_gain=4.68486 5.31807 10.3583 7.5883 2.12877
threshold=0.57738095238095244 -149.99999999999997 3.5000000000000004 11.500000000000002 1.4500000000000002
decision_type=2 2 2 2 2
left_child=1 2 -1 -3 -2
right_child=4 3 -4 -5 -6
leaf_value=-0.064203649356727649 -0.08260762151084837 -0.00091171989595283532 0.029828965417456745 -0.07509554800685761 -0.0072156635354468594
leaf_weight=3.1757510676980045 2.3844752907752986 162.3856740356423 27.226891865953803 3.4221446944866321 1.5050055140163747
leaf_count=32 13 909 73 29 17
internal_value=0 0.00102515 0.0199833 -0.00244723 -0.0536126
internal_weight=0 196.21 30.4026 165.808 3.88948
internal_count=1073 1043 105 938 30
is_linear=0
shrinkage=0.0493048


Tree=137
num_leaves=8
num_cat=0
split_feature=58 64 41 48 42 52 40
split_gain=4.68434 6.12919 11.5642 5.26661 6.20571 5.09797 2.94081
threshold=-9.4999999999999982 2.9500000000000006 0.55000000000000016 0.95000000000000007 0.57738095238095244 35.000000000000007 38.350000000000001
decision_type=2 2 2 2 2 2 2
left_child=3 5 -3 4 -1 -2 -5
right_child=1 2 -4 6 -6 -7 -8
leaf_value=-0.079237696885689199 0.0044458243920631442 -0.027573752388619983 0.0023015658454021491 0.05596727425519215 0.035562628857798685 0.052977541789586496 0.00049230719509194237
leaf_weight=2.2258275449275997 15.215156011283399 43.175376300816424 116.32213875104208 9.0921225417405349 2.3459733403287828 8.0696780830621702 3.1519439946860066
leaf_count=12 50 247 692 12 8 20 32
internal_value=0 -0.00232868 -0.00578164 0.0248639 -0.0201928 0.0212948 0.0417409
internal_weight=0 182.782 159.498 16.8159 4.5718 23.2848 12.2441
internal_count=1073 1009 939 64 20 70 44
is_linear=0
shrinkage=0.0493048


Tree=138
num_leaves=7
num_cat=0
split_feature=30 7 58 58 59 60
split_gain=4.63409 6.59456 11.5746 7.57064 5.00526 8.12651
threshold=1.0000000180025095e-35 18.500000000000004 -1.0000000180025095e-35 6.5000000000000009 175.00000000000003 0.059411764705882351
decision_type=2 2 2 2 2 2
left_child=1 3 -3 -1 5 -2
right_child=4 2 -4 -5 -6 -7
leaf_value=-0.0049718364441568375 0.02916409010272715 0.0083453679998978618 -0.037574355622474374 0.020075414180975203 0.057096408632367021 -0.075763437179011725
leaf_weight=83.949533469043672 6.8288274691440183 24.365227550268173 29.447639138903469 45.072572904173285 6.8912961152382186 2.4322573717217892
leaf_count=438 24 151 250 171 17 22
internal_value=0 -0.00227 -0.0167712 0.00377323 0.02528 0.00153087
internal_weight=0 182.835 53.8129 129.022 16.1524 9.26108
internal_count=1073 1010 401 609 63 46
is_linear=0
shrinkage=0.0493048


Tree=139
num_leaves=8
num_cat=0
split_feature=10 55 61 52 46 55 47
split_gain=4.59394 6.0984 14.9005 12.6992 4.88756 9.2636 4.1606
threshold=1.0000000180025095e-35 0.95000000000000007 0.21807065217391303 8.5000000000000018 6.5000000000000009 3.2500000000000004 38.750000000000007
decision_type=2 2 2 2 2 2 2
left_child=1 2 -1 -3 6 -6 -2
right_child=4 3 -4 -5 5 -7 -8
leaf_value=-0.037720839757021042 0.007640440734946647 -0.04025529720327644 0.0045977578823956514 0.013176676380842687 -0.065598557737513441 0.061683563925388457 0.063282853015287632
leaf_weight=33.407917249249294 5.7803924977779406 12.451975144911556 51.202686082571745 81.951580703025684 3.4890285576693705 2.305694695096463 7.60009990260005
leaf_count=196 27 140 184 476 40 4 6
internal_value=0 -0.00248908 -0.0121041 0.00612165 0.0229029 -0.0148394 0.0392964
internal_weight=0 179.014 84.6106 94.4036 19.1752 5.79472 13.3805
internal_count=1073 996 380 616 77 44 33
is_linear=0
shrinkage=0.0493048


Tree=140
num_leaves=7
num_cat=0
split_feature=64 48 49 60 46 65
split_gain=4.56788 11.9818 11.9088 5.57135 4.38277 0.00131178
threshold=9.3500000000000032 0.35000000000000003 0.32291666666666669 -1.0000000180025095e-35 2.5000000000000004 5.5000000000000009
decision_type=2 2 2 2 2 2
left_child=3 5 -3 -1 -5 -2
right_child=1 2 -4 4 -6 -7
leaf_value=-0.078074919399810414 -0.065246590242569028 0.020874252165676951 -0.016935430008514173 0.020067273911431593 -0.00055868752629599494 -0.058675414581179815
leaf_weight=1.8290595188736904 2.8781509995460492 33.424326327978633 51.365081408875994 45.39936551451683 55.721459582448006 6.4972646301612258
leaf_count=10 17 159 519 102 191 75
internal_value=0 -0.00787954 -0.00202297 0.00714654 0.00869528 -0.0607694
internal_weight=0 94.1648 84.7894 102.95 101.121 9.37542
internal_count=1073 770 678 303 293 92
is_linear=0
shrinkage=0.0493048


Tree=141
num_leaves=8
num_cat=0
split_feature=38 41 56 64 48 57 53
split_gain=4.55441 8.80034 8.66664 12.8127 10.0964 7.27771 1.89543
threshold=85.000000000000014 1.8500000000000003 0.57738095238095244 12.450000000000001 1.8500000000000003 1.7500000000000002 12.500000000000002
decision_type=2 2 2 2 2 2 2
left_child=2 5 4 -4 -1 -2 -3
right_child=1 6 3 -5 -6 -7 -8
leaf_value=0.009046552246939555 0.037645014196034998 -0.060446404119880261 -0.0054773362307460431 -0.06190549934943855 -0.040136152534442894 -0.039952466349257351 0.036758849469160908
leaf_weight=103.33325724932365 23.352341127581902 3.7716107985470435 37.349703319370747 13.267235704930497 11.247450331924481 3.352246518013998 0.55060025840066362
leaf_count=335 64 65 122 261 193 23 10
internal_value=0 0.0172989 -0.00328859 -0.0202816 0.00421268 0.0278786 -0.0479071
internal_weight=0 31.0268 165.198 50.6169 114.581 26.7046 4.32221
internal_count=1073 162 911 383 528 87 75
is_linear=0
shrinkage=0.0493048


Tree=142
num_leaves=7
num_cat=0
split_feature=59 63 64 0 52 54
split_gain=4.46026 8.83364 6.96171 7.1835 5.95686 0.00612388
threshold=-149.99999999999997 5.5000000000000009 54.70000000000001 11.500000000000002 9.5000000000000018 38.150000000000013
decision_type=2 2 2 2 2 2
left_child=1 5 3 -2 -3 -1
right_child=2 4 -4 -5 -6 -7
leaf_value=-0.065759950873523473 0.00031870375702389332 -0.037497862026881323 -0.053511494859803069 -0.074710459810117771 0.034815905697260785 -0.053621167538724077
leaf_weight=2.0465473972726644 155.20627876813523 3.1229718853719559 6.4303245040355241 3.1639575231820336 23.88787623308599 1.0063037378713486
leaf_count=20 619 28 325 20 46 15
internal_value=0 0.0174273 -0.00322299 -0.00117666 0.0264298 -0.0619923
internal_weight=0 30.0637 164.801 158.37 27.0108 3.05285
internal_count=1073 109 964 639 74 35
is_linear=0
shrinkage=0.0493048


Tree=143
num_leaves=8
num_cat=0
split_feature=38 58 56 58 5 7 48
split_gain=4.53991 8.15964 10.2523 8.30497 7.73533 6.63363 0.182477
threshold=2.5000000000000004 12.500000000000002 0.06904761904761901 11.500000000000002 3.5000000000000004 2.5000000000000004 0.15000000000000005
decision_type=2 2 2 2 2 2 2
left_child=4 3 -3 -2 5 -1 -6
right_child=1 2 -4 -5 6 -7 -8
leaf_value=-0.023520065037216719 -0.0033186936636822443 0.062463593661607981 -0.071342003469571369 0.04087700631769562 -0.084691899549584365 0.042718356990785501 -0.053085295754136154
leaf_weight=4.6477257816586706 149.26805953716394 1.6896935850381831 7.7721676784567535 11.103751070797442 1.0691318735480302 17.364887285744771 1.0845983901526777
leaf_count=37 815 2 96 21 5 62 35
internal_value=0 -0.00288365 -0.0473739 -0.000254381 0.0199558 0.0287029 -0.069112
internal_weight=0 169.834 9.46186 160.372 24.1663 22.0126 2.15373
internal_count=1073 934 98 836 139 99 40
is_linear=0
shrinkage=0.0493048


Tree=144
num_leaves=8
num_cat=0
split_feature=47 7 40 40 1 38 52
split_gain=4.36203 10.4985 9.01353 10.1643 2.83516 2.3341 2.31855
threshold=13.750000000000002 6.5000000000000009 35.45000000000001 36.550000000000004 1.5000000000000002 25.000000000000004 5.5000000000000009
decision_type=2 2 2 2 2 2 2
left_child=1 4 6 -4 -1 -3 -2
right_child=2 5 3 -5 -6 -7 -8
leaf_value=-0.087958274269804473 0.0064798453166331768 0.069826771283036632 0.028857954606793516 -0.0048917095780174709 0.0015412388457703642 0.022101791117135842 -0.070657668602388132
leaf_weight=1.918901267461478 1.1189636844210316 6.3562881862744671 25.44530797470361 147.05935492413118 1.5336421509273348 4.177848108112812 5.6663541183806956
leaf_count=14 15 17 63 884 8 17 55
internal_value=0 0.0264812 -0.00210601 8.29264e-05 -0.0480263 0.050965 -0.0578423
internal_weight=0 13.9867 179.29 172.505 3.45254 10.5341 6.78532
internal_count=1073 56 1017 947 22 34 70
is_linear=0
shrinkage=0.0493048


Tree=145
num_leaves=8
num_cat=0
split_feature=38 58 42 1 45 19 50
split_gain=4.29172 8.26832 7.87463 12.557 7.96382 5.43973 5.28583
threshold=85.000000000000014 1.5000000000000002 0.75961538461538469 5.5000000000000009 14.500000000000002 1.0000000180025095e-35 -1.0000000180025095e-35
decision_type=2 2 2 2 2 2 2
left_child=2 6 4 -4 -1 -3 -2
right_child=1 5 3 -5 -6 -7 -8
leaf_value=0.012660425327993831 0.042428631620223346 0.04524597950578 -0.046599590954154696 0.030810232746061456 -0.01135078801785985 -0.012071438506628842 -0.051943964635915281
leaf_weight=73.351075042737648 1.9350825864821697 17.37821582751349 20.50892663886771 6.7661711901891968 61.915616632206365 5.2164664019364855 5.6002859161235392
leaf_count=384 11 29 186 29 312 45 77
internal_value=0 0.0170555 -0.00320372 -0.0273722 0.00166497 0.0319843 -0.0276202
internal_weight=0 30.1301 162.542 27.2751 135.267 22.5947 7.53537
internal_count=1073 162 911 215 696 74 88
is_linear=0
shrinkage=0.0493048


Tree=146
num_leaves=7
num_cat=0
split_feature=10 64 39 47 0 58
split_gain=4.3004 5.88045 7.53091 4.56836 4.32297 3.70635
threshold=1.0000000180025095e-35 2.1500000000000008 4.5000000000000009 36.550000000000004 4.5000000000000009 1.5000000000000002
decision_type=2 2 2 2 2 2
left_child=1 5 -3 -2 -5 -1
right_child=3 2 -4 4 -6 -7
leaf_value=-0.0017354824774711336 -0.036921938157261268 -0.017591358211913346 0.003991733435209901 0.046540328760060749 -0.015267169788112366 0.05996313102859873
leaf_weight=3.9760492071509344 2.6711676977574852 65.622965946793556 97.893941117683426 12.264863362535833 3.5271915397606781 5.7749473005533218
leaf_count=16 16 357 606 27 34 17
internal_value=0 -0.00244445 -0.00466613 0.0225858 0.0326943 0.0347411
internal_weight=0 173.268 163.517 18.4632 15.7921 9.751
internal_count=1073 996 963 77 61 33
is_linear=0
shrinkage=0.0493048


Tree=147
num_leaves=6
num_cat=0
split_feature=64 48 3 3 46
split_gain=4.3005 10.9784 10.9562 3.89126 5.01307
threshold=9.3500000000000032 0.35000000000000003 33.000000000000007 122.50000000000001 2.5000000000000004
decision_type=2 2 2 2 2
left_child=3 -2 -3 4 -1
right_child=1 2 -4 -5 -6
leaf_value=0.017085426915191576 -0.05995363179130811 0.0037579558769498277 -0.057578184980718636 0.058395006018334132 -0.0052573748736054202
leaf_weight=45.514725759625435 8.873115234076975 73.090741767082363 7.8367610673885784 3.4499797895550719 52.589066538959742
leaf_count=105 92 489 189 4 194
internal_value=0 -0.00789135 -0.00217433 0.00691939 0.00510191
internal_weight=0 89.8006 80.9275 101.554 98.1038
internal_count=1073 770 678 303 299
is_linear=0
shrinkage=0.0493048


Tree=148
num_leaves=8
num_cat=0
split_feature=38 58 56 58 5 7 48
split_gain=4.26565 7.48318 9.39935 7.59212 7.16015 5.86737 0.155177
threshold=2.5000000000000004 12.500000000000002 0.06904761904761901 11.500000000000002 3.5000000000000004 2.5000000000000004 0.15000000000000005
decision_type=2 2 2 2 2 2 2
left_child=4 3 -3 -2 5 -1 -6
right_child=1 2 -4 -5 6 -7 -8
leaf_value=-0.021506647019810983 -0.0032331428533524552 0.061313716244611675 -0.069702432332136799 0.039692054398401053 -0.082942275004692284 0.041268843999182243 -0.052601945105528819
leaf_weight=4.5809002642054173 146.93499148165574 1.6138656139373759 7.4652931508608162 10.747924453113226 1.0468959063291543 17.026403978699818 0.99912288179621089
leaf_count=37 815 2 96 21 5 62 35
internal_value=0 -0.0028134 -0.0463375 -0.000302914 0.0195598 0.0279295 -0.0684801
internal_weight=0 166.762 9.07916 157.683 23.6533 21.6073 2.04602
internal_count=1073 934 98 836 139 99 40
is_linear=0
shrinkage=0.0493048


Tree=149
num_leaves=7
num_cat=0
split_feature=30 5 45 52 59 60
split_gain=4.2576 5.76787 13.1397 7.75459 4.40652 7.26243
threshold=1.0000000180025095e-35 1.0000000180025095e-35 15.500000000000002 6.5000000000000009 175.00000000000003 0.059411764705882351
decision_type=2 2 2 2 2 2
left_child=1 3 -3 -1 5 -2
right_child=4 2 -4 -5 -6 -7
leaf_value=-0.026839197489257831 0.028484233391261608 0.0062406547688133888 -0.032330469227336428 0.013088264773907773 0.0554422273548522 -0.073664999308038506
leaf_weight=14.076526847202329 6.5424667103216034 47.280792021658272 39.295738378306851 73.679827127140015 6.5582115340512237 2.2804432304110378
leaf_count=99 24 305 281 325 17 22
internal_value=0 -0.00222701 -0.0112589 0.00667606 0.0248326 0.00200235
internal_weight=0 174.333 86.5765 87.7564 15.3811 8.82291
internal_count=1073 1010 586 424 63 46
is_linear=0
shrinkage=0.0493048


Tree=150
num_leaves=7
num_cat=0
split_feature=59 62 64 53 38 3
split_gain=4.23652 7.86854 6.75359 15.1903 10.135 5.99238
threshold=-149.99999999999997 3.5000000000000004 19.200000000000006 8.5000000000000018 85.000000000000014 3.5000000000000004
decision_type=2 2 2 2 2 2
left_child=1 -1 4 -4 -2 -3
right_child=2 5 3 -5 -6 -7
leaf_value=-0.06171638175940259 -0.003336055539349814 -0.034436364634271105 -0.060588633737129978 0.0064898636811463808 0.03842023653846538 0.034785368966024806
leaf_weight=2.7694469501730081 110.1982715302147 3.4960970599204328 14.618345723487435 18.675417295482475 16.205897092819214 22.868621406145394
leaf_count=32 396 19 250 284 34 58
internal_value=0 0.0172579 -0.00318643 -0.0229439 0.00201255 0.0255805
internal_weight=0 29.1342 159.698 33.2938 126.404 26.3647
internal_count=1073 109 964 534 430 77
is_linear=0
shrinkage=0.0493048


Tree=151
num_leaves=6
num_cat=0
split_feature=64 45 61 43 55
split_gain=4.09699 10.3878 10.8047 3.67238 5.13466
threshold=9.3500000000000032 9.5000000000000018 1.0000000180025095e-35 -1.0000000180025095e-35 0.95000000000000007
decision_type=2 2 2 2 2
left_child=3 -2 -3 -1 -5
right_child=1 2 -4 4 -6
leaf_value=0.038834629853516447 -0.057613264584932884 0.02535228493651252 -0.014327769608818283 -0.0066848009829999448 0.016624265847498893
leaf_weight=7.986149236559867 9.1316038183867914 24.167499623028561 53.83394331036834 50.194707237184048 42.330338325351477
leaf_count=14 163 149 458 155 134
internal_value=0 -0.00785883 -0.00202503 0.00674905 0.00397218
internal_weight=0 87.133 78.0014 100.511 92.525
internal_count=1073 770 607 303 289
is_linear=0
shrinkage=0.0493048


Tree=152
num_leaves=8
num_cat=0
split_feature=10 39 52 24 47 54 63
split_gain=4.06406 5.28152 13.7267 10.2305 4.25571 6.01257 0.784318
threshold=1.0000000180025095e-35 4.5000000000000009 11.500000000000002 1.0000000180025095e-35 38.750000000000007 37.750000000000007 1.5000000000000002
decision_type=2 2 2 2 2 2 2
left_child=1 2 -1 -3 5 -2 -6
right_child=4 3 -4 -5 6 -7 -8
leaf_value=0.0061356811542023354 0.022360758005771347 -0.000380932564284428 -0.03756148298095352 0.051944473796560184 0.0668268528359139 -0.067124825316961498 0.035067422315178204
leaf_weight=40.70015159365721 7.6177770514041203 87.581274660420604 30.598318178730551 10.130456553073598 3.524153569713234 2.3989916467107832 4.3946920253802091
leaf_count=187 32 591 195 23 2 24 19
internal_value=0 -0.00240259 -0.0126085 0.00503789 0.0222805 0.000859293 0.0492908
internal_weight=0 169.01 71.2985 97.7117 17.9356 10.0168 7.91885
internal_count=1073 996 382 614 77 56 21
is_linear=0
shrinkage=0.0493048


Tree=153
num_leaves=7
num_cat=0
split_feature=30 64 39 40 59 60
split_gain=4.05845 5.83827 7.51805 5.37313 4.02013 6.6835
threshold=1.0000000180025095e-35 2.8500000000000001 3.5000000000000004 36.650000000000013 175.00000000000003 0.059411764705882351
decision_type=2 2 2 2 2 2
left_child=1 3 -3 -1 5 -2
right_child=4 2 -4 -5 -6 -7
leaf_value=0.069718094069314229 0.027932654973373921 -0.021979690571532342 0.001826237324553147 0.0089719425315031454 0.054224318406456196 -0.071857002577931872
leaf_weight=4.5506484806537655 6.4176556863822025 46.743931287201121 103.85755549266469 16.082784228026867 6.3818233904894432 2.1859716865001246
leaf_count=10 24 268 677 55 17 22
internal_value=0 -0.00218517 -0.00555848 0.0224038 0.0245718 0.00249707
internal_weight=0 171.235 150.601 20.6334 14.9855 8.60363
internal_count=1073 1010 945 65 63 46
is_linear=0
shrinkage=0.0493048


Tree=154
num_leaves=6
num_cat=0
split_feature=52 38 41 42 53
split_gain=3.99283 4.41726 8.85059 7.16979 1.387
threshold=115.00000000000001 85.000000000000014 1.8500000000000003 0.75961538461538469 14.500000000000002
decision_type=2 2 2 2 2
left_child=1 3 -3 -1 -2
right_child=4 2 -4 -5 -6
leaf_value=0.0026038846417683736 -0.059469441541406987 0.02986033816917652 -0.059708949375087299 -0.025934168410478978 0.020193829266847711
leaf_weight=129.38537846738473 3.5677846657345063 23.543866456486288 3.021475337445735 25.636528160772286 0.61021756764966983
leaf_count=671 55 71 55 206 15
internal_value=0 0.00106809 0.0196464 -0.00211152 -0.0476766
internal_weight=0 181.587 26.5653 155.022 4.178
internal_count=1073 1003 126 877 70
is_linear=0
shrinkage=0.0493048


Tree=155
num_leaves=8
num_cat=0
split_feature=58 58 16 46 48 42 40
split_gain=4.02894 5.36323 12.7438 10.2326 3.87369 6.54811 2.43628
threshold=-9.4999999999999982 6.5000000000000009 1.0000000180025095e-35 6.5000000000000009 0.95000000000000007 0.78174603174603186 38.350000000000001
decision_type=2 2 2 2 2 2 2
left_child=4 3 -3 -2 5 -1 -6
right_child=1 2 -4 -5 6 -7 -8
leaf_value=-0.07387719939965777 0.00113590501217745 0.017615634507332591 -0.072740350570647788 -0.031159408582705574 0.054425482425220557 0.045507594996583717 0.001916386161882753
leaf_weight=2.2438130606897166 82.680674684466794 49.499870993895456 4.1065025322604916 33.49721229088027 7.8862665910273773 2.2163335937075317 2.9877612388227135
leaf_count=14 345 233 50 381 12 6 32
internal_value=0 -0.00221467 0.0106805 -0.00817032 0.0241739 -0.0144105 0.0400594
internal_weight=0 169.784 53.6064 116.178 15.3342 4.46015 10.874
internal_count=1073 1009 283 726 64 20 44
is_linear=0
shrinkage=0.0493048


Tree=156
num_leaves=7
num_cat=0
split_feature=59 63 64 48 0 52
split_gain=3.9447 7.28001 6.36854 23.3296 7.28261 5.4469
threshold=-149.99999999999997 5.5000000000000009 9.3500000000000032 0.95000000000000007 11.500000000000002 9.5000000000000018
decision_type=2 2 2 2 2 2
left_child=1 -1 4 -4 -2 -3
right_child=2 5 3 -5 -6 -7
leaf_value=-0.060351115416998051 0.0079250700194881778 -0.037092239300290528 -0.063702880582367546 0.0027210533342399167 -0.076155183580283781 0.033220493163493535
leaf_weight=2.682562658214013 86.657128948718309 3.0267714783549335 17.408854324836284 49.055648551206104 2.5765909478068343 22.724748277571052
leaf_count=35 256 28 175 519 14 46
internal_value=0 0.0168591 -0.00311153 -0.0146682 0.00548909 0.0249296
internal_weight=0 28.4341 155.698 66.4645 89.2337 25.7515
internal_count=1073 109 964 694 270 74
is_linear=0
shrinkage=0.0493048


Tree=157
num_leaves=7
num_cat=0
split_feature=61 59 3 64 64 39
split_gain=3.9499 4.17418 7.3769 6.15926 2.32387 0.179636
threshold=0.57738095238095244 -149.99999999999997 1.5000000000000002 9.3500000000000032 2.0500000000000003 5.5000000000000009
decision_type=2 2 2 2 2 2
left_child=1 2 -1 -3 -2 -6
right_child=4 3 -4 -5 5 -7
leaf_value=-0.058026312583159496 0.024846196601473202 0.0064020137323623667 0.027302915425354065 -0.013653333082899562 -0.087261655216783779 -0.059548941780806559
leaf_weight=2.7319978699088123 0.76020845770835821 86.83189258351922 24.583583595347591 65.138452802493703 1.2097563799470665 1.6401660011615602
leaf_count=18 3 258 87 680 6 21
internal_value=0 0.000995756 0.0187428 -0.00219 -0.0510857 -0.0715698
internal_weight=0 179.286 27.3156 151.97 3.61013 2.84992
internal_count=1073 1043 105 938 30 27
is_linear=0
shrinkage=0.0493048


Tree=158
num_leaves=8
num_cat=0
split_feature=38 58 56 58 46 64 61
split_gain=3.82888 6.73385 8.62177 6.73193 6.36785 8.76807 3.5944
threshold=2.5000000000000004 12.500000000000002 0.06904761904761901 11.500000000000002 10.500000000000002 3.1500000000000008 0.17902930402930403
decision_type=2 2 2 2 2 2 2
left_child=4 3 -3 -2 5 -1 -6
right_child=1 2 -4 -5 6 -7 -8
leaf_value=0.046606205615076127 -0.0031025610023984237 0.060390209694838333 -0.068073593188137771 0.038372235928140458 0.054531324293452504 -0.046916519402377392 -0.015742444093939698
leaf_weight=4.0230626463890093 140.92757889442146 1.5407836437225322 7.093460580566898 10.201058223377911 10.360293792560695 6.1680525620467961 2.1169592066435134
leaf_count=13 815 2 96 21 36 67 23
internal_value=0 -0.00272244 -0.0450692 -0.000298488 0.0189305 -0.00993256 0.0425559
internal_weight=0 159.763 8.63424 151.129 22.6684 10.1911 12.4773
internal_count=1073 934 98 836 139 80 59
is_linear=0
shrinkage=0.0493048


Tree=159
num_leaves=8
num_cat=0
split_feature=10 55 61 52 46 55 47
split_gain=3.90032 5.04264 12.2239 10.6487 4.06866 7.37197 3.25737
threshold=1.0000000180025095e-35 0.95000000000000007 0.21807065217391303 8.5000000000000018 6.5000000000000009 3.2500000000000004 38.750000000000007
decision_type=2 2 2 2 2 2 2
left_child=1 2 -1 -3 6 -6 -2
right_child=4 3 -4 -5 5 -7 -8
leaf_value=-0.035810786324168606 0.0082259486859297248 -0.038925033307837864 0.0041437042370970215 0.012571138698490697 -0.063684768146754889 0.058635574152461872 0.059458904285223393
leaf_weight=30.520730032585561 5.3448797306045908 11.221007202169856 47.653961172094569 74.843312095734291 3.0273081418126813 1.9766936075175179 7.0243945214897394
leaf_count=196 27 140 184 476 40 4 6
internal_value=0 -0.00237966 -0.0114472 0.00584914 0.0221855 -0.0152335 0.0373759
internal_weight=0 164.239 78.1747 86.0643 17.3733 5.004 12.3693
internal_count=1073 996 380 616 77 44 33
is_linear=0
shrinkage=0.0493048


Tree=160
num_leaves=7
num_cat=0
split_feature=30 42 49 58 40 57
split_gain=3.81523 7.00315 5.35897 8.38425 3.7461 1.83872
threshold=1.0000000180025095e-35 0.36931818181818182 0.064583333333333312 6.5000000000000009 37.45000000000001 0.75000000000000011
decision_type=2 2 2 2 2 2
left_child=2 -2 4 -4 -1 -3
right_child=1 5 3 -5 -6 -7
leaf_value=-0.0086234784116848567 -0.069480666651148534 0.01615641951511915 -0.013444363791963163 0.011422927818600158 0.039593128541866612 0.054049777420606973
leaf_weight=5.8398676216602352 1.7006165541242797 5.7539832913316769 99.304737878032029 49.308523872517981 11.77320481603965 6.9448674694867805
leaf_count=15 18 24 700 261 34 21
internal_value=0 0.0243166 -0.00213792 -0.00518923 0.0235698 0.0369339
internal_weight=0 14.3995 166.226 148.613 17.6131 12.6989
internal_count=1073 63 1010 961 49 45
is_linear=0
shrinkage=0.0493048


Tree=161
num_leaves=8
num_cat=0
split_feature=58 63 18 56 60 48 40
split_gain=3.80816 4.98715 4.56087 3.33316 2.89818 1.89247 0.0266842
threshold=-9.4999999999999982 14.500000000000002 1.5000000000000002 0.45804195804195807 0.324561403508772 1.0500000000000003 36.550000000000004
decision_type=2 2 2 2 2 2 2
left_child=3 2 -2 5 -5 -1 -3
right_child=1 6 -4 4 -6 -7 -8
leaf_value=0.0078686780031236199 0.00051162407594544548 -0.071294166850605772 -0.049792704925280512 -0.061951771168868408 0.04928090609079433 0.049225828001768161 -0.056132774114155952
leaf_weight=4.1421788334846479 157.2619805582799 0.8297214768826956 4.5053969193249932 1.778777482453733 0.83034238964319218 7.8924060396384448 2.7315444264095277
leaf_count=13 895 6 62 29 2 20 46
internal_value=0 -0.00216057 -0.000885725 0.0240716 -0.0262977 0.0350471 -0.0598686
internal_weight=0 165.329 161.767 14.6437 2.60912 12.0346 3.56127
internal_count=1073 1009 957 64 31 33 52
is_linear=0
shrinkage=0.0493048


Tree=162
num_leaves=7
num_cat=0
split_feature=10 64 39 47 54 0
split_gain=3.68149 5.01586 6.41569 3.862 3.41019 3.38801
threshold=1.0000000180025095e-35 2.1500000000000008 4.5000000000000009 36.550000000000004 38.250000000000007 4.5000000000000009
decision_type=2 2 2 2 2 2
left_child=1 4 -3 -2 -1 -5
right_child=3 2 -4 5 -6 -7
leaf_value=0.0057930918956133146 -0.034595420484895681 -0.016801312716379014 0.0037932712616036311 0.044212626624232199 0.065431922906118031 -0.013681049193052564
leaf_weight=5.2473648115992528 2.5000716960057643 61.390516586601734 91.608406152576208 11.321430938784031 4.2311167567968369 3.1178750392282373
leaf_count=21 16 357 606 27 12 34
internal_value=0 -0.00230606 -0.00446608 0.0218471 0.0324884 0.0316666
internal_weight=0 162.477 152.999 16.9394 9.47848 14.4393
internal_count=1073 996 963 77 33 61
is_linear=0
shrinkage=0.0493048


Tree=163
num_leaves=8
num_cat=0
split_feature=58 63 64 48 42 40 40
split_gain=3.63569 4.68022 4.4569 3.17472 5.91621 2.31449 0.0150554
threshold=-9.4999999999999982 14.500000000000002 19.550000000000004 0.95000000000000007 0.78174603174603186 38.350000000000001 37.050000000000004
decision_type=2 2 2 2 2 2 2
left_child=3 2 -2 4 -1 -5 -3
right_child=1 6 -4 5 -6 -7 -8
leaf_value=-0.070824678279562708 0.0034130724799939453 -0.068325224213967597 -0.01649717056966107 0.053389731390214176 0.045694723732529495 0.00081445441562527036 -0.055340150221930111
leaf_weight=2.1015423587523392 126.41093946201727 0.97213759412988965 34.86454138456611 7.310379493981598 2.1290891272947192 2.8558463132940233 2.4380418146029115
leaf_count=14 430 8 527 12 6 32 44
internal_value=0 -0.00210011 -0.000887183 0.0237363 -0.0120356 0.0386861 -0.0592532
internal_weight=0 164.686 161.275 14.3969 4.23063 10.1662 3.41018
internal_count=1073 1009 957 64 20 44 52
is_linear=0
shrinkage=0.0493048


Tree=164
num_leaves=6
num_cat=0
split_feature=61 59 63 0 55
split_gain=3.59128 4.08048 7.12705 5.87991 1.52661
threshold=0.57738095238095244 -149.99999999999997 5.5000000000000009 11.500000000000002 1.4500000000000002
decision_type=2 2 2 2 2
left_child=1 2 -1 -3 -2
right_child=4 3 -4 -5 -6
leaf_value=-0.059829598511134542 -0.075124433101198262 -0.00083269681791027863 0.026926350543450883 -0.071207704882148962 -0.0066873340419862145
leaf_weight=2.5384592423215535 2.1645974647253747 145.33506426948588 24.239669421222061 2.9440785022452465 1.2845371611183507
leaf_count=35 13 909 70 29 17
internal_value=0 0.000960166 0.0186758 -0.00223489 -0.0498354
internal_weight=0 175.057 26.7781 148.279 3.44913
internal_count=1073 1043 105 938 30
is_linear=0
shrinkage=0.0493048


Tree=165
num_leaves=7
num_cat=0
split_feature=59 64 62 38 63 65
split_gain=3.55138 5.96028 14.763 3.5281 1.18428 5.46498
threshold=550.00000000000011 9.3500000000000032 6.5000000000000009 1.5000000000000002 1.5000000000000002 12.500000000000002
decision_type=2 2 2 2 2 2
left_child=1 3 -3 -1 -2 -6
right_child=4 2 -4 -5 5 -7
leaf_value=0.036564612478424394 0.061116653156852843 -0.0020706985866244718 -0.060763788424839753 0.0035275950992042838 -0.056184061093415644 0.049763815802327374
leaf_weight=8.6373176015913469 2.3796704998239857 60.703686521563213 12.581713469699023 87.950743075460196 1.6498061672318725 4.1518265623599291
leaf_count=22 4 511 212 277 31 16
internal_value=0 -0.00155122 -0.0121568 0.00648902 0.0317041 0.0195186
internal_weight=0 169.873 73.2854 96.5881 8.1813 5.80163
internal_count=1073 1022 723 299 51 47
is_linear=0
shrinkage=0.0493048


Tree=166
num_leaves=8
num_cat=0
split_feature=38 56 56 48 58 19 50
split_gain=3.67718 6.80677 10.8074 8.0534 6.73008 5.04871 4.315
threshold=85.000000000000014 0.60769230769230786 0.85164835164835173 1.8500000000000003 1.5000000000000002 1.0000000180025095e-35 -1.0000000180025095e-35
decision_type=2 2 2 2 2 2 2
left_child=1 3 -3 -1 6 -6 -2
right_child=4 2 -4 -5 5 -7 -8
leaf_value=0.007933048914890389 0.041615462388513463 -0.044533492447251494 0.0049064843976230899 -0.038677413109256903 0.043462426563266737 -0.015168234219448993 -0.050007013447147447
leaf_weight=97.029601737856865 1.6665908498689557 21.333240673528053 21.619072731118649 9.9302301959833112 16.104113217210401 4.5676764673553398 4.918743985123001
leaf_count=347 11 201 163 200 29 45 77
internal_value=0 -0.00305333 -0.0196344 0.00359927 0.0166334 0.0304758 -0.0267179
internal_weight=0 149.912 42.9523 106.96 27.2571 20.6718 6.58533
internal_count=1073 911 364 547 162 74 88
is_linear=0
shrinkage=0.0493048


Tree=167
num_leaves=8
num_cat=0
split_feature=10 39 52 24 47 54 63
split_gain=3.4444 4.76344 10.7277 9.0778 3.57043 5.19797 0.75151
threshold=1.0000000180025095e-35 4.5000000000000009 11.500000000000002 1.0000000180025095e-35 38.750000000000007 37.750000000000007 1.5000000000000002
decision_type=2 2 2 2 2 2 2
left_child=1 2 -1 -3 5 -2 -6
right_child=4 3 -4 -5 6 -7 -8
leaf_value=0.0049166674698299237 0.021498694238068747 -0.00023975256021518818 -0.034826897250445479 0.050442027010175437 0.06458747573480994 -0.065479066318632637 0.032419117462209331
leaf_weight=38.217778113204986 7.0483166035264748 82.633307223906741 29.034614167583641 9.5838104462018219 3.2987756284419438 2.1875959035241976 4.0899812133284286
leaf_count=187 32 591 195 23 2 24 19
internal_value=0 -0.00225116 -0.0122323 0.00502094 0.0213313 0.000821656 0.0468764
internal_weight=0 159.47 67.2524 92.2171 16.6247 9.23591 7.38876
internal_count=1073 996 382 614 77 56 21
is_linear=0
shrinkage=0.0493048


Tree=168
num_leaves=7
num_cat=0
split_feature=30 64 39 40 59 60
split_gain=3.45792 5.25865 6.98431 4.89447 3.31601 5.86388
threshold=1.0000000180025095e-35 2.8500000000000001 3.5000000000000004 36.650000000000013 175.00000000000003 0.059411764705882351
decision_type=2 2 2 2 2 2
left_child=1 3 -3 -1 5 -2
right_child=4 2 -4 -5 -6 -7
leaf_value=0.067467607234641055 0.027572511826696112 -0.021779864549712698 0.0019194597227249728 0.0086208930061403947 0.052146613020160146 -0.070061515293458124
leaf_weight=4.4039288312196758 5.953556156717239 43.738806581881363 97.735737459501252 15.786880329251288 5.7812894538510591 1.9950570475775746
leaf_count=10 24 268 677 55 17 22
internal_value=0 -0.00203998 -0.00540304 0.0214914 0.0237319 0.00297887
internal_weight=0 161.665 141.475 20.1908 13.7299 7.94861
internal_count=1073 1010 945 65 63 46
is_linear=0
shrinkage=0.0493048


Tree=169
num_leaves=8
num_cat=0
split_feature=58 49 64 42 56 60 42
split_gain=3.3741 4.31415 10.0223 4.44208 2.88857 2.65885 1.7403
threshold=-9.4999999999999982 0.064583333333333312 19.550000000000004 0.19375000000000003 0.45804195804195807 0.324561403508772 0.34523809523809529
decision_type=2 2 2 2 2 2 2
left_child=4 3 -3 -2 6 -6 -1
right_child=1 2 -4 -5 5 -7 -8
leaf_value=0.010966026411882508 0.040070382348608942 0.0014201440557247748 -0.031897997095059791 -0.011483439271053664 -0.060564438107765663 0.048379796111253918 0.050193813599493826
leaf_weight=4.78579392749816 11.043441368732603 116.60429896460846 27.026664347620681 6.4009850202128282 1.6659573144279414 0.80178033560514439 6.6216531868558377
leaf_count=14 19 429 526 35 29 2 19
internal_value=0 -0.00202913 -0.00484492 0.0211167 0.023309 -0.0248991 0.0337961
internal_weight=0 161.075 143.631 17.4444 13.8752 2.46774 11.4074
internal_count=1073 1009 955 54 64 31 33
is_linear=0
shrinkage=0.0493048


Tree=170
num_leaves=7
num_cat=0
split_feature=59 59 9 38 63 65
split_gain=3.50803 5.61274 8.4031 4.57616 1.01713 5.08982
threshold=550.00000000000011 350.00000000000006 1.0000000180025095e-35 85.000000000000014 1.5000000000000002 12.500000000000002
decision_type=2 2 2 2 2 2
left_child=1 3 -3 -1 -2 -6
right_child=4 2 -4 -5 5 -7
leaf_value=-0.0028586121227649752 0.059945808604991907 -0.059713540564073145 0.044265218465472995 0.020185024380292002 -0.055709893762089506 0.049587094933888493
leaf_weight=130.54176916106371 2.2893500952050081 8.2940695729339478 2.4385708214249453 24.950398221146315 1.533159618033096 4.0601813094690442
leaf_count=674 4 197 11 140 31 16
internal_value=0 -0.00154138 -0.0360258 0.000834931 0.0321187 0.0206033
internal_weight=0 166.225 10.7326 155.492 7.88269 5.59334
internal_count=1073 1022 208 814 51 47
is_linear=0
shrinkage=0.0493048


Tree=171
num_leaves=8
num_cat=0
split_feature=38 58 56 5 58 7 48
split_gain=3.37768 5.79882 7.94588 5.75347 5.70909 4.52128 0.0855375
threshold=2.5000000000000004 12.500000000000002 0.06904761904761901 3.5000000000000004 11.500000000000002 2.5000000000000004 0.15000000000000005
decision_type=2 2 2 2 2 2 2
left_child=3 4 -3 5 -2 -1 -5
right_child=1 2 -4 6 -6 -7 -8
leaf_value=-0.019272125309004295 -0.0029327417711206218 0.059628660109640928 -0.066522544656334059 -0.077804320472828467 0.036437363081957379 0.038596387141675605 -0.051804944957115101
leaf_weight=4.1615014405688333 134.43616202403791 1.4817623049020747 6.5853149148169905 0.96716614812612423 9.5913893163669837 15.296075282851232 0.8116904110647738
leaf_count=37 815 2 96 5 21 62 35
internal_value=0 -0.00258928 -0.0432656 0.0184015 -0.000306155 0.026186 -0.0663454
internal_weight=0 152.095 8.06708 21.2364 144.028 19.4576 1.77886
internal_count=1073 934 98 139 836 99 40
is_linear=0
shrinkage=0.0493048


Tree=172
num_leaves=7
num_cat=0
split_feature=59 3 52 41 64 3
split_gain=3.36453 6.34644 6.28527 5.56457 6.46193 6.2994
threshold=-149.99999999999997 1.5000000000000002 9.5000000000000018 2.0500000000000003 7.3500000000000005 1.5000000000000002
decision_type=2 2 2 2 2 2
left_child=1 -1 -3 5 -5 -2
right_child=3 2 -4 4 -6 -7
leaf_value=-0.056338343305363484 0.019941276278544407 -0.038358546723707386 0.034339442234769223 0.00099555219152971789 -0.060850907255600668 -0.0055948912644593757
leaf_weight=2.6407255632802871 30.791097158100456 3.3541022799909141 20.597700468963012 8.1569043807685393 8.2289285865845141 98.923386217444204
leaf_count=18 125 36 55 30 217 592
internal_value=0 0.0161134 0.0241307 -0.00295322 -0.030026 0.000461894
internal_weight=0 26.5925 23.9518 146.1 16.3858 129.714
internal_count=1073 109 91 964 247 717
is_linear=0
shrinkage=0.0493048


Tree=173
num_leaves=8
num_cat=0
split_feature=47 7 40 40 61 65 38
split_gain=3.36724 8.76584 6.85423 7.86159 3.24787 2.22133 1.98153
threshold=13.750000000000002 6.5000000000000009 35.45000000000001 36.550000000000004 0.31530214424951269 1.5000000000000002 25.000000000000004
decision_type=2 2 2 2 2 2 2
left_child=1 4 5 -4 -1 -2 -3
right_child=2 6 3 -5 -6 -7 -8
leaf_value=0.0037765681971627879 0.027968651490142882 0.065444660642336755 0.027050644763071414 -0.0046078385775029278 -0.094825289013290875 -0.066155333691223298 0.018975825979406939
leaf_weight=1.5909583698958152 0.68196922540664573 5.9681244450621289 22.31722627277486 130.93619895289885 1.6320878658443687 5.0601751900976524 3.6378173534758389
leaf_count=13 3 17 63 884 9 67 17
internal_value=0 0.0242788 -0.00197922 0 -0.0459676 -0.0548603 0.0479185
internal_weight=0 12.829 158.996 153.253 3.22305 5.74214 9.60594
internal_count=1073 56 1017 947 22 70 34
is_linear=0
shrinkage=0.0493048


Tree=174
num_leaves=7
num_cat=0
split_feature=64 48 49 38 48 46
split_gain=3.2462 8.37643 8.51984 3.13095 6.39353 1.8798
threshold=9.3500000000000032 0.35000000000000003 0.32291666666666669 1.5000000000000002 1.1500000000000001 10.500000000000002
decision_type=2 2 2 2 2 2
left_child=3 -2 -3 5 -5 -1
right_child=1 2 -4 4 -6 -7
leaf_value=0.0081302506312719482 -0.057885311951101678 0.019009213709669386 -0.016397243399062397 0.010828768718448347 -0.020443308534570537 0.055238549017568944
leaf_weight=3.6965737938880903 7.2830767822451881 27.465974343940616 41.442357849096879 65.67580883949995 20.958054468035698 4.7537259832024574
leaf_count=16 92 159 519 174 106 7
internal_value=0 -0.0076002 -0.00227518 0.00605865 0.00325592 0.0347117
internal_weight=0 76.1914 68.9083 95.0842 86.6339 8.4503
internal_count=1073 770 678 303 280 23
is_linear=0
shrinkage=0.0493048


Tree=175
num_leaves=7
num_cat=0
split_feature=10 55 60 52 61 45
split_gain=3.238 4.53466 10.6186 8.98331 3.56366 2.98581
threshold=1.0000000180025095e-35 0.95000000000000007 0.097619047619047619 8.5000000000000018 0.37321428571428578 12.500000000000002
decision_type=2 2 2 2 2 2
left_child=1 2 -1 -3 5 -2
right_child=4 3 -4 -5 -6 -7
leaf_value=-0.027825606684966284 0.045176020486046096 -0.037032600068645283 0.0097139370170363972 0.01223831482345944 -0.032662933633694026 -0.006449711792830326
leaf_weight=40.911662163678557 9.8888902915641683 10.317956994287668 33.133090117247775 69.951429074280895 2.5257749445736399 3.7292128975968799
leaf_count=264 26 140 116 476 16 35
internal_value=0 -0.00221592 -0.011019 0.00589644 0.0209909 0.0309917
internal_weight=0 154.314 74.0448 80.2694 16.1439 13.6181
internal_count=1073 996 380 616 77 61
is_linear=0
shrinkage=0.0493048


Tree=176
num_leaves=8
num_cat=0
split_feature=58 64 57 52 48 42 41
split_gain=3.19627 4.31246 8.50086 5.17033 2.87077 4.8434 1.86932
threshold=-9.4999999999999982 2.9500000000000006 -1.0000000180025095e-35 35.000000000000007 0.95000000000000007 0.57738095238095244 0.55000000000000016
decision_type=2 2 2 2 2 2 2
left_child=4 3 -3 -2 5 -1 -6
right_child=1 2 -4 -5 6 -7 -8
leaf_value=-0.069847436797718446 0.00064633285231720542 0.005921395997184155 -0.018990007951710769 0.05082963877000099 0.052915288434591964 0.038578015964846384 0.0046992432193229076
leaf_weight=1.8634991305880237 14.276850670576097 73.83354464569129 60.61901936418144 7.6944924816489211 6.4542440436780435 2.1567177916876972 2.8480645434465259
leaf_count=12 50 392 547 20 9 8 35
internal_value=0 -0.00199221 -0.00530535 0.0182521 0.0231642 -0.0115246 0.0382252
internal_weight=0 156.424 134.453 21.9713 13.3225 4.02022 9.30231
internal_count=1073 1009 939 70 64 20 44
is_linear=0
shrinkage=0.0493048


Tree=177
num_leaves=7
num_cat=0
split_feature=59 64 62 38 63 65
split_gain=3.28682 5.18246 12.7766 3.10432 0.877258 4.58572
threshold=550.00000000000011 9.3500000000000032 6.5000000000000009 1.5000000000000002 1.5000000000000002 12.500000000000002
decision_type=2 2 2 2 2 2
left_child=1 3 -3 -1 -2 -6
right_child=4 2 -4 -5 5 -7
leaf_value=0.034986787822527933 0.058572275683942999 -0.0022869471610945306 -0.059680209266975946 0.0032366944099949352 -0.054991067473144591 0.04912008565776714
leaf_weight=8.2118281535804254 2.1788714574649921 56.649819065758493 11.317600258393211 85.593417691066861 1.4032256633508948 3.80722467135638
leaf_count=22 4 511 212 277 31 16
internal_value=0 -0.0014837 -0.0118542 0.00602344 0.0321397 0.0209516
internal_weight=0 161.773 67.9674 93.8052 7.38932 5.21045
internal_count=1073 1022 723 299 51 47
is_linear=0
shrinkage=0.0493048


Tree=178
num_leaves=8
num_cat=0
split_feature=59 41 64 0 64 46 49
split_gain=3.20411 6.04226 5.65314 5.24582 5.57272 3.49304 0.0941473
threshold=-149.99999999999997 1.5500000000000003 6.5500000000000007 11.500000000000002 19.200000000000006 7.5000000000000009 0.24038461538461539
decision_type=2 2 2 2 2 2 2
left_child=1 2 -1 4 -2 -3 -5
right_child=3 5 -4 6 -6 -7 -8
leaf_value=0.021195729683020775 0.003209345884053201 0.042387536297273376 -0.067451654282857085 -0.083291375872641835 -0.021823854546228746 -0.0076006409484937329 -0.061112746760182225
leaf_weight=3.482023365795615 113.10178928915411 14.34500419162214 3.4959108959883451 1.0842666260432445 26.720070358598605 4.4253164803376412 1.6888827539514748
leaf_count=10 412 28 37 7 523 34 22
internal_value=0 0.0159907 -0.0231268 -0.00290685 -0.00157001 0.0305679 -0.0700483
internal_weight=0 25.7483 6.97793 142.595 139.822 18.7703 2.77315
internal_count=1073 109 47 964 935 62 29
is_linear=0
shrinkage=0.0493048


Tree=179
num_leaves=8
num_cat=0
split_feature=38 56 57 48 19 22 58
split_gain=3.21705 5.79153 10.1323 6.44816 5.76373 5.23837 4.38769
threshold=85.000000000000014 0.60769230769230786 0.75000000000000011 1.8500000000000003 1.0000000180025095e-35 1.0000000180025095e-35 1.5000000000000002
decision_type=2 2 2 2 2 2 2
left_child=1 3 -3 -1 6 -6 -2
right_child=4 2 -4 -5 5 -7 -8
leaf_value=0.0072546523933610793 -0.026298817117734435 -0.045156232445613793 0.0042116996778227347 -0.036408776988440611 -0.042004791401298036 0.054456905396838041 0.042152653261307904
leaf_weight=92.792819662601687 2.6724709981354016 18.807342930347659 21.796948328323197 9.0174745563417655 5.8707636608742169 1.7788039223523808 14.942536037880926
leaf_count=347 34 171 193 200 93 6 29
internal_value=0 -0.00289316 -0.0186395 0.00338059 0.0161973 -0.0194844 0.0317296
internal_weight=0 142.415 40.6043 101.81 25.2646 7.64957 17.615
internal_count=1073 911 364 547 162 99 63
is_linear=0
shrinkage=0.0493048


Tree=180
num_leaves=7
num_cat=0
split_feature=30 64 39 40 59 60
split_gain=3.17512 4.34994 6.62332 4.34046 3.11784 5.31733
threshold=1.0000000180025095e-35 2.8500000000000001 3.5000000000000004 36.650000000000013 175.00000000000003 0.059411764705882351
decision_type=2 2 2 2 2 2
left_child=1 3 -3 -1 5 -2
right_child=4 2 -4 -5 -6 -7
leaf_value=0.064096150595840992 0.026619459031180501 -0.021504732609171146 0.0021751921171977184 0.0075406236627851859 0.051565791723177268 -0.069122729065175748
leaf_weight=4.1972277313470867 5.6467117983847839 41.668489471892826 92.229183000396006 15.573950082063673 5.501816242467612 1.8776130552869288
leaf_count=10 24 268 677 55 17 22
internal_value=0 -0.00199768 -0.00518919 0.0195826 0.0233543 0.00263508
internal_weight=0 153.669 133.898 19.7712 13.0261 7.52432
internal_count=1073 1010 945 65 63 46
is_linear=0
shrinkage=0.0493048


Tree=181
num_leaves=7
num_cat=0
split_feature=59 59 9 58 63 63
split_gain=3.17213 4.7802 7.18216 4.22463 0.831864 4.16107
threshold=550.00000000000011 350.00000000000006 1.0000000180025095e-35 -8.4999999999999982 13.500000000000002 1.5000000000000002
decision_type=2 2 2 2 2 2
left_child=1 3 -3 -1 5 -2
right_child=4 2 -4 -5 -6 -7
leaf_value=0.028683098614017136 0.057448394583691713 -0.058721173288789945 0.040081357436755449 -0.0017282324414353049 0.048425891804030841 -0.054527017981507782
leaf_weight=12.079137623775749 2.0986869912594552 7.4123898159014043 2.348292491864413 137.31000790483085 3.7084460549522191 1.3050916222855447
leaf_count=39 4 197 11 775 9 38
internal_value=0 -0.00145346 -0.0348822 0.000726582 0.0321994 0.0143198
internal_weight=0 159.15 9.76068 149.389 7.11222 3.40378
internal_count=1073 1022 208 814 51 42
is_linear=0
shrinkage=0.0493048


Tree=182
num_leaves=8
num_cat=0
split_feature=47 7 40 40 61 64 38
split_gain=3.12805 7.92104 6.04433 6.64581 3.08864 2.1547 1.85044
threshold=13.750000000000002 6.5000000000000009 35.45000000000001 36.550000000000004 0.31530214424951269 3.4500000000000006 25.000000000000004
decision_type=2 2 2 2 2 2 2
left_child=1 4 5 -4 -1 -2 -3
right_child=2 6 3 -5 -6 -7 -8
leaf_value=0.0048285436783444382 0.035936667765584747 0.063552143182757648 0.025472182602986428 -0.0043760642827930735 -0.092191555353803648 -0.064623504503079549 0.018144981760700094
leaf_weight=1.575857762480154 0.57220752537250419 5.8305280141066742 21.166675462620333 126.50945831340505 1.5893918443471191 4.7340360813541338 3.5629547727294266
leaf_count=13 2 17 63 884 9 68 17
internal_value=0 0.0236401 -0.00195562 -9.33072e-05 -0.0436992 -0.0536518 0.0464025
internal_weight=0 12.5587 152.982 147.676 3.16525 5.30624 9.39348
internal_count=1073 56 1017 947 22 70 34
is_linear=0
shrinkage=0.0493048


Tree=183
num_leaves=7
num_cat=0
split_feature=59 64 42 64 63 63
split_gain=3.03076 4.64013 13.5412 5.50631 0.760715 3.89128
threshold=550.00000000000011 19.550000000000004 0.17914438502673799 17.450000000000003 13.500000000000002 1.5000000000000002
decision_type=2 2 2 2 2 2
left_child=1 3 -3 -1 5 -2
right_child=4 2 -4 -5 -6 -7
leaf_value=-0.00058595952607558386 0.056614752692806219 0.025005381963097074 -0.044023253435486291 0.03471018171242108 0.047834203982790376 -0.054148965287523276
leaf_weight=116.48331055371091 2.0362108657136555 10.842324865283446 18.997039097477682 11.831759182736276 3.5864779739640653 1.2354435606393961
leaf_count=451 4 64 481 26 9 38
internal_value=0 -0.00140432 -0.0189195 0.00266386 0.0320726 0.0145855
internal_weight=0 158.154 29.8394 128.315 6.85813 3.27165
internal_count=1073 1022 545 477 51 42
is_linear=0
shrinkage=0.0493048


Tree=184
num_leaves=8
num_cat=0
split_feature=38 41 57 56 64 40 52
split_gain=3.13609 5.43347 5.27871 5.10434 8.57963 6.53274 1.50183
threshold=85.000000000000014 1.8500000000000003 1.7500000000000002 0.57738095238095244 12.450000000000001 36.050000000000004 155.00000000000003
decision_type=2 2 2 2 2 2 2
left_child=3 2 -2 5 -5 -1 -3
right_child=1 6 -4 4 -6 -7 -8
leaf_value=-0.049180033927295926 0.035144578962007442 -0.05720183770152644 -0.0363417056380596 -0.0052609902237100749 -0.058729972027631652 0.0064379533100857901 0.043805357255254078
leaf_weight=5.4341923252213737 18.283267357852317 2.7438217715825881 2.9012658820720381 32.762122487649322 9.3970384311396611 92.112112496048212 0.4032435743138193
leaf_count=50 64 71 23 122 261 478 4
internal_value=0 0.0163224 0.0253223 -0.00285783 -0.0171956 0.00333236 -0.0440423
internal_weight=0 24.3316 21.1845 139.705 42.1592 97.5463 3.14707
internal_count=1073 162 87 911 383 528 75
is_linear=0
shrinkage=0.0493048


Tree=185
num_leaves=4
num_cat=0
split_feature=27 27 0
split_gain=2.99812 6.08124 5.72058
threshold=4.5000000000000009 3.5000000000000004 11.500000000000002
decision_type=2 2 2
left_child=1 2 -1
right_child=-2 -3 -4
leaf_value=0.00046201491228510668 -0.071234350173337679 0.062015053756029302 -0.066621503068455115
leaf_weight=154.70227580034407 1.4232942101079959 3.8272011931985608 3.1518086445284998
leaf_count=1019 14 5 35
internal_value=0 0.000611297 -0.000873762
internal_weight=0 161.681 157.854
internal_count=1073 1059 1054
is_linear=0
shrinkage=0.0493048


Tree=186
num_leaves=8
num_cat=0
split_feature=47 7 47 56 1 38 58
split_gain=2.96875 7.15672 5.38687 4.35319 2.79531 1.75856 0.0846661
threshold=13.750000000000002 6.5000000000000009 34.550000000000004 0.087121212121212113 1.5000000000000002 25.000000000000004 11.500000000000002
decision_type=2 2 2 2 2 2 2
left_child=1 4 6 -4 -1 -3 -2
right_child=2 5 3 -5 -6 -7 -8
leaf_value=-0.082401344874019941 -0.060461503695049219 0.062119808357676491 -0.029318883283639352 0.0019019506986717092 0.011242301206717049 0.017430588899311643 -0.081920537169248589
leaf_weight=1.7527689093258225 2.0263187249656762 5.695337034063412 11.798600432579404 135.71834425395355 1.3683844991028307 3.5069382283836603 0.95157844014465798
leaf_count=14 34 17 87 890 8 17 6
internal_value=0 0.023249 -0.00192097 -0.000590934 -0.0411485 0.0451637 -0.0675647
internal_weight=0 12.3234 150.495 147.517 3.12115 9.20228 2.9779
internal_count=1073 56 1017 977 22 34 40
is_linear=0
shrinkage=0.0493048


Tree=187
num_leaves=7
num_cat=0
split_feature=30 58 54 16 59 60
split_gain=2.94024 4.14053 8.22991 8.2021 2.87959 4.8185
threshold=1.0000000180025095e-35 6.5000000000000009 35.45000000000001 1.0000000180025095e-35 175.00000000000003 0.059411764705882351
decision_type=2 2 2 2 2 2
left_child=1 2 -1 -3 5 -2
right_child=4 3 -4 -5 -6 -7
leaf_value=0.016830394492078942 0.025573177507926398 0.016167253040691318 -0.015185481339105137 -0.069645491460475148 0.050588225663710226 -0.067282078199183332
leaf_weight=25.883318971726112 5.5499421395361406 41.879945517983288 79.208547255897429 2.8916213129414237 5.2845415107440203 1.7969344210578126
leaf_count=120 24 227 625 38 17 22
internal_value=0 -0.00194113 -0.00729394 0.0106088 0.0228279 0.00276708
internal_weight=0 149.863 105.092 44.7716 12.6314 7.34688
internal_count=1073 1010 745 265 63 46
is_linear=0
shrinkage=0.0493048


Tree=188
num_leaves=8
num_cat=0
split_feature=10 64 39 47 59 54 62
split_gain=2.94859 4.11896 5.12197 3.59432 4.52377 3.00713 0.667487
threshold=1.0000000180025095e-35 2.1500000000000008 4.5000000000000009 38.750000000000007 65.000000000000014 38.250000000000007 1.5000000000000002
decision_type=2 2 2 2 2 2 2
left_child=1 5 -3 4 -2 -1 -5
right_child=3 2 -4 6 -6 -7 -8
leaf_value=0.0041661079175112376 -0.065073017418264392 -0.015849315542239156 0.0035497809584875066 0.063347650900687377 0.019135061229207381 0.06139282005489561 0.032369397152068401
leaf_weight=4.9865989014506322 2.0498484242707473 55.642636707983911 81.526562272687443 3.1569340922869733 6.354817254061345 4.0794505029916763 3.9532387006329373
leaf_count=21 22 357 606 2 34 12 19
internal_value=0 -0.00218322 -0.00431479 0.0204218 -0.00133145 0.0299924 0.0462229
internal_weight=0 146.235 137.169 15.5148 8.40467 9.06605 7.11017
internal_count=1073 996 963 77 56 33 21
is_linear=0
shrinkage=0.0493048


Tree=189
num_leaves=8
num_cat=0
split_feature=38 5 58 56 58 7 48
split_gain=3.01224 4.91822 4.68384 7.35475 4.90239 3.68567 0.049133
threshold=2.5000000000000004 3.5000000000000004 12.500000000000002 0.06904761904761901 11.500000000000002 2.5000000000000004 0.15000000000000005
decision_type=2 2 2 2 2 2 2
left_child=1 5 4 -4 -2 -1 -3
right_child=2 6 3 -5 -6 -7 -8
leaf_value=-0.017198923255758652 -0.0028853931684685637 -0.074300056668020434 0.059108370563773244 -0.064828156032180825 0.035370023097293257 0.03719197358491836 -0.051132035978408201
leaf_weight=3.8376139879692408 125.74010093236575 0.91434982046484836 1.4394486695528019 5.9725567059358582 8.7056821675505471 14.106894242810084 0.67158237309195101
leaf_count=37 815 5 2 96 21 62 35
internal_value=0 0.0181409 -0.00251177 -0.0406662 -0.000403163 0.0255234 -0.0649411
internal_weight=0 19.5304 141.858 7.41201 134.446 17.9445 1.58593
internal_count=1073 139 934 98 836 99 40
is_linear=0
shrinkage=0.0493048


Tree=190
num_leaves=7
num_cat=0
split_feature=59 62 60 41 3 64
split_gain=2.93232 5.58821 4.94054 4.85805 4.31268 0.16056
threshold=-149.99999999999997 3.5000000000000004 -1.0000000180025095e-35 2.0500000000000003 3.5000000000000004 7.0500000000000007
decision_type=2 2 2 2 2 2
left_child=1 -1 5 -4 -3 -2
right_child=2 4 3 -5 -6 -7
leaf_value=-0.059473214930923453 -0.079065171925489106 -0.030465477690638242 0.0018956596746549446 -0.0282079907543509 0.031948597433850479 -0.053758507970406939
leaf_weight=2.1812267404748154 1.3094712570309632 3.1215238701552179 118.71513950207736 14.634993934188968 19.092180945910513 1.7414687646087257
leaf_count=32 7 19 673 234 58 50
internal_value=0 0.0157313 -0.0028281 -0.00140351 0.0231477 -0.0648578
internal_weight=0 24.3949 136.401 133.35 22.2137 3.05094
internal_count=1073 109 964 907 77 57
is_linear=0
shrinkage=0.0493048


Tree=191
num_leaves=8
num_cat=0
split_feature=58 18 10 48 42 59 41
split_gain=2.91165 3.76753 4.72851 2.5862 4.97596 2.37787 1.6834
threshold=-9.4999999999999982 1.5000000000000002 1.0000000180025095e-35 0.95000000000000007 0.78174603174603186 -149.99999999999997 0.55000000000000016
decision_type=2 2 2 2 2 2 2
left_child=3 2 -2 4 -1 -3 -5
right_child=1 5 -4 6 -6 -7 -8
leaf_value=-0.067193920807355798 -0.0035644122006203514 0.037581146669242435 0.026415154377087607 0.052271167689633927 0.044061563715017502 -0.064241767171246078 0.0040966305995736186
leaf_weight=1.9114533388055852 129.40895268885652 0.65324249211698759 14.189855098025872 6.0182554554194194 1.99277847353369 3.5177014730870715 2.5369234569370747
leaf_count=14 880 5 63 9 6 61 35
internal_value=0 -0.00194374 -0.000597249 0.0228744 -0.0102448 -0.0481331 0.0380639
internal_weight=0 147.77 143.599 12.4594 3.90423 4.17094 8.55518
internal_count=1073 1009 943 64 20 66 44
is_linear=0
shrinkage=0.0493048


Tree=192
num_leaves=8
num_cat=0
split_feature=38 19 42 1 3 22 56
split_gain=2.91348 5.19426 5.08527 9.04934 5.0054 4.38619 3.42079
threshold=85.000000000000014 1.0000000180025095e-35 0.75961538461538469 5.5000000000000009 23.500000000000004 1.0000000180025095e-35 0.4330357142857143
decision_type=2 2 2 2 2 2 2
left_child=2 6 4 -4 -1 -3 -2
right_child=1 5 3 -5 -6 -7 -8
leaf_value=0.008412824976621899 -0.024416893842089577 -0.040417843488862806 -0.04264492839647973 0.029094975442377186 -0.013897419525084579 0.052698392710649709 0.040337311412012522
leaf_weight=78.329154120176099 2.2934394365875113 5.4472682933555907 16.668295068084266 5.7364468202576964 35.527529803104699 1.5823448279406873 14.118041250272652
leaf_count=438 24 93 186 29 258 6 39
internal_value=0 0.0160432 -0.0027745 -0.0242473 0.00144543 -0.0193603 0.0312476
internal_weight=0 23.4411 136.261 22.4047 113.857 7.02961 16.4115
internal_count=1073 162 911 215 696 99 63
is_linear=0
shrinkage=0.0493048


Tree=193
num_leaves=8
num_cat=0
split_feature=64 56 49 18 62 40 40
split_gain=2.99362 7.34848 10.0372 5.27154 2.85855 8.4219 4.55325
threshold=9.3500000000000032 0.24038461538461539 0.25833333333333336 1.5000000000000002 7.5000000000000009 37.750000000000007 39.150000000000013
decision_type=2 2 2 2 2 2 2
left_child=4 3 -3 -2 6 -6 -1
right_child=1 2 -4 -5 5 -7 -8
leaf_value=0.0065489973741038217 -0.060238425459300506 0.031992372779576242 -0.013869061101429065 0.035689722453349233 -0.042366530479917293 0.045925977184360027 -0.02968308334565354
leaf_weight=66.725444700568914 9.021945621352641 16.200948860612698 40.84338440943975 1.6370157479541365 3.4015482626855365 11.429255917668341 9.6475396696478111
leaf_count=198 165 72 516 17 17 33 55
internal_value=0 -0.00786586 -0.000832374 -0.0454426 0.00581913 0.02563 0.00196324
internal_weight=0 67.7033 57.0443 10.659 91.2038 14.8308 76.373
internal_count=1073 770 588 182 303 50 253
is_linear=0
shrinkage=0.0493048


Tree=194
num_leaves=6
num_cat=0
split_feature=59 3 64 62 62
split_gain=2.78942 4.81249 4.69446 10.5676 2.84118
threshold=550.00000000000011 1.0000000180025095e-35 9.3500000000000032 6.5000000000000009 6.5000000000000009
decision_type=2 2 2 2 2
left_child=2 -2 4 -4 -1
right_child=1 -3 3 -5 -6
leaf_value=-5.1806482855835324e-05 0.053682405611417093 -0.053257902659481993 -0.0028884787454617773 -0.058573762726979943 0.018848502479817071
leaf_weight=62.710394095629454 5.0587930432520798 1.2755270374473182 51.136321078578476 9.8924227544339356 27.908354638144374
leaf_count=212 8 43 511 212 87
internal_value=0 0.03204 -0.00135219 -0.0119263 0.00576202
internal_weight=0 6.33432 151.647 61.0287 90.6187
internal_count=1073 51 1022 723 299
is_linear=0
shrinkage=0.0493048


Tree=195
num_leaves=8
num_cat=0
split_feature=38 19 38 57 64 1 56
split_gain=2.86631 4.75488 4.70905 8.81514 4.89971 4.08275 3.02217
threshold=85.000000000000014 1.0000000180025095e-35 55.000000000000007 -0.74999999999999989 9.3500000000000032 2.5000000000000004 0.4330357142857143
decision_type=2 2 2 2 2 2 2
left_child=2 6 4 -4 -1 -3 -2
right_child=1 5 3 -5 -6 -7 -8
leaf_value=0.0078788372960592792 -0.022278225170451089 -0.060452836446682555 0.0018156816862262325 -0.068397352355015109 -0.013748202229997449 0.016176355442935886 0.039462095679035615
leaf_weight=78.709059262648225 2.2257399633526864 3.0718057034537187 10.880985174328091 7.2182641706895074 37.638828657451086 3.7355546320322901 13.781675570644436
leaf_count=255 24 59 55 71 530 40 39
internal_value=0 0.016143 -0.00275731 -0.026153 0.000876792 -0.0183113 0.0308359
internal_weight=0 22.8148 134.447 18.0992 116.348 6.80736 16.0074
internal_count=1073 162 911 126 785 99 63
is_linear=0
shrinkage=0.0493048


Tree=196
num_leaves=8
num_cat=0
split_feature=58 63 62 48 42 40 40
split_gain=2.87528 3.56089 3.90682 2.34133 6.19828 1.64524 0.00678863
threshold=-9.4999999999999982 14.500000000000002 5.5000000000000009 0.95000000000000007 0.80625000000000013 38.350000000000001 36.550000000000004
decision_type=2 2 2 2 2 2 2
left_child=3 2 -2 4 -1 -5 -3
right_child=1 6 -4 5 -6 -7 -8
leaf_value=-0.067058851931551144 -0.0081694287100834428 -0.067695678418950425 0.0083132308730894614 0.051796236124836102 0.059938576901369209 0.0031388291643272654 -0.054225957034992722
leaf_weight=2.0474782874807707 79.036875458084978 0.7151337969116861 62.667431984911673 5.8892436167225224 1.7139217981602999 2.4096838244004175 1.981634398223832
leaf_count=15 581 6 376 12 5 32 46
internal_value=0 -0.00194851 -0.000875534 0.0231096 -0.00901795 0.0377486 -0.058065
internal_weight=0 144.401 141.704 12.0603 3.7614 8.29893 2.69677
internal_count=1073 1009 957 64 20 44 52
is_linear=0
shrinkage=0.0493048


Tree=197
num_leaves=6
num_cat=0
split_feature=61 59 11 60 55
split_gain=2.75251 3.04731 5.77224 4.52888 1.20063
threshold=0.57738095238095244 -149.99999999999997 1.0000000180025095e-35 -1.0000000180025095e-35 1.4500000000000002
decision_type=2 2 2 2 2
left_child=1 2 -1 -3 -2
right_child=4 3 -4 -5 -6
leaf_value=-0.0071329427331395124 -0.069750912501028231 -0.063966830550996084 0.042403270033479351 -0.00063748584578818387 -0.0038391381981885296
leaf_weight=11.459121744148435 1.9453042987734073 2.8051667036488643 11.376164161483755 127.31444210326299 1.0590274631977079
leaf_count=71 13 57 34 881 17
internal_value=0 0.000902678 0.0175176 -0.00200829 -0.0467431
internal_weight=0 152.955 22.8353 130.12 3.00433
internal_count=1073 1043 105 938 30
is_linear=0
shrinkage=0.0493048


Tree=198
num_leaves=7
num_cat=0
split_feature=59 64 62 38 63 65
split_gain=2.74265 4.15202 9.92705 2.81845 0.596125 3.44396
threshold=550.00000000000011 9.3500000000000032 6.5000000000000009 1.5000000000000002 1.5000000000000002 12.500000000000002
decision_type=2 2 2 2 2 2
left_child=1 3 -3 -1 -2 -6
right_child=4 2 -4 -5 5 -7
leaf_value=0.033663400475708143 0.055636467539551281 -0.0027321577304176233 -0.058057432278267776 0.0026426995955860671 -0.053212753908318214 0.048341344049329618
leaf_weight=7.8030170798301688 1.8885410781949747 50.170420793467201 9.3597843708703277 82.182957109063864 1.0920043044025076 3.1126701009925455
leaf_count=22 4 511 212 277 31 16
internal_value=0 -0.00133761 -0.0114426 0.00534022 0.0324056 0.0218051
internal_weight=0 149.516 59.5302 89.986 6.09322 4.20467
internal_count=1073 1022 723 299 51 47
is_linear=0
shrinkage=0.0493048


Tree=199
num_leaves=8
num_cat=0
split_feature=38 42 1 3 41 57 53
split_gain=2.78876 4.39754 8.43693 4.75313 4.37057 4.15627 1.60804
threshold=85.000000000000014 0.75961538461538469 5.5000000000000009 23.500000000000004 1.8500000000000003 1.7500000000000002 15.500000000000002
decision_type=2 2 2 2 2 2 2
left_child=1 3 -3 -1 5 -2 -6
right_child=4 2 -4 -5 6 -7 -8
leaf_value=0.0081224010862281492 0.033559766777816823 -0.041374993244137827 0.02858592079820628 -0.013889099344372142 -0.055990295302458609 -0.032005886841804498 0.055301973346327589
leaf_weight=76.235073190764524 16.796138106030419 15.998958191485146 5.6650915408972642 34.696669984434266 2.4323583327932279 2.7218397408723822 0.35597745602717612
leaf_count=438 64 186 29 258 72 23 3
internal_value=0 -0.00273068 -0.0230499 0.00123183 0.0161116 0.0243819 -0.0415328
internal_weight=0 132.596 21.664 110.932 22.3063 19.518 2.78834
internal_count=1073 911 215 696 162 87 75
is_linear=0
shrinkage=0.0493048


Tree=200
num_leaves=7
num_cat=0
split_feature=58 18 10 53 14 48
split_gain=2.86915 3.34899 4.37283 2.23006 6.48102 2.12531
threshold=-9.4999999999999982 1.5000000000000002 1.0000000180025095e-35 3.5000000000000004 1.0000000180025095e-35 0.15000000000000005
decision_type=2 2 2 2 2 2
left_child=3 2 -2 -1 -5 -3
right_child=1 5 -4 4 -6 -7
leaf_value=0.046558188027613016 -0.0035824724811140025 0.034172851519047365 0.025722813234128759 -0.058650027050010316 0.043786814658164024 -0.063166614845210134
leaf_weight=5.4366625614929927 124.81072111800313 0.64456928521394674 13.738283413928 2.4762754550902173 3.8075659745372832 3.2647995579172857
leaf_count=13 880 7 63 42 9 59
internal_value=0 -0.00194653 -0.000671741 0.0234306 0.00331295 -0.0469463
internal_weight=0 142.458 138.549 11.7205 6.28384 3.90937
internal_count=1073 1009 943 64 51 66
is_linear=0
shrinkage=0.0493048


Tree=201
num_leaves=8
num_cat=0
split_feature=58 39 45 24 48 42 41
split_gain=2.66829 3.37047 8.6226 6.31032 2.12503 5.70998 1.50831
threshold=-9.4999999999999982 4.5000000000000009 45.000000000000007 1.0000000180025095e-35 0.95000000000000007 0.80625000000000013 0.55000000000000016
decision_type=2 2 2 2 2 2 2
left_child=4 2 -2 -3 5 -1 -6
right_child=1 3 -4 -5 6 -7 -8
leaf_value=-0.065630958136811121 -0.00060988522572064834 -7.3847515869324742e-05 -0.045180137398881492 0.044191430747966547 0.051391894740643797 0.058865783542000359 0.003277711028820129
leaf_weight=1.9450623469892871 46.687328366097063 73.148600459389854 13.643564741185399 8.762312198057769 5.5128590697422624 1.6554849529638886 2.2639762443723157
leaf_count=15 275 598 110 26 9 5 35
internal_value=0 -0.00185405 -0.0107007 0.00465398 0.0229586 -0.0082082 0.0374709
internal_weight=0 142.242 60.3309 81.9109 11.3774 3.60055 7.77684
internal_count=1073 1009 385 624 64 20 44
is_linear=0
shrinkage=0.0493048


Tree=202
num_leaves=6
num_cat=0
split_feature=59 3 59 9 38
split_gain=2.60362 4.23711 4.02625 5.86336 3.56251
threshold=550.00000000000011 1.0000000180025095e-35 350.00000000000006 1.0000000180025095e-35 1.5000000000000002
decision_type=2 2 2 2 2
left_child=2 -2 4 -4 -1
right_child=1 -3 3 -5 -6
leaf_value=0.030965439467756404 0.053125471235623251 -0.052555586878834264 -0.057816758568487239 0.035038672308660312 -0.0013255553912970303
leaf_weight=8.8720098948106152 4.6855315011925986 1.1414349176920948 6.4280538609600608 2.2152429318521172 129.63214167242404
leaf_count=37 8 43 197 11 777
internal_value=0 0.0323063 -0.00129449 -0.0339417 0.000738418
internal_weight=0 5.82697 147.147 8.6433 138.504
internal_count=1073 51 1022 208 814
is_linear=0
shrinkage=0.0493048


Tree=203
num_leaves=8
num_cat=0
split_feature=47 7 47 62 61 38 64
split_gain=2.58816 6.63287 4.71108 3.71049 2.73568 1.57537 0.0367204
threshold=13.750000000000002 6.5000000000000009 34.550000000000004 5.5000000000000009 0.31530214424951269 25.000000000000004 10.450000000000001
decision_type=2 2 2 2 2 2 2
left_child=1 4 6 -4 -1 -3 -2
right_child=2 5 3 -5 -6 -7 -8
leaf_value=0.0068918177522214316 -0.071427701056791817 0.060001364253476609 -0.0080376983264423135 0.0082035577829847536 -0.08700899650895727 0.016832058957147181 -0.054452871929320967
leaf_weight=1.4543321407400065 1.7951617762446397 5.4745611904654634 74.710539637424517 63.045547919115052 1.5393246207386253 3.3699195377994329 0.95136023906525213
leaf_count=13 11 17 554 423 9 17 29
internal_value=0 0.0221245 -0.00187981 -0.000599994 -0.0411891 0.0436306 -0.0658086
internal_weight=0 11.8381 140.503 137.756 2.99366 8.84448 2.74652
internal_count=1073 56 1017 977 22 34 40
is_linear=0
shrinkage=0.0493048


Tree=204
num_leaves=8
num_cat=0
split_feature=38 19 38 57 64 22 56
split_gain=2.61584 4.27901 4.22849 7.78888 4.63207 3.73704 2.73867
threshold=85.000000000000014 1.0000000180025095e-35 55.000000000000007 -0.74999999999999989 9.3500000000000032 1.0000000180025095e-35 0.4330357142857143
decision_type=2 2 2 2 2 2 2
left_child=2 6 4 -4 -1 -3 -2
right_child=1 5 3 -5 -6 -7 -8
leaf_value=0.0076009464845903521 -0.022030733122099438 -0.03851403971918687 0.0012154007266421518 -0.066700543322940412 -0.013832004311213186 0.051342287319464254 0.038406553203025127
leaf_weight=77.348318109288812 2.1004034080542651 4.9321222386206491 10.423820981290193 6.751069751684553 35.878724067646544 1.4516853007953612 13.165235110558568
leaf_count=255 24 93 55 71 530 6 39
internal_value=0 0.0158572 -0.00264883 -0.0254456 0.000803595 -0.0179735 0.0300474
internal_weight=0 21.6494 130.402 17.1749 113.227 6.38381 15.2656
internal_count=1073 162 911 126 785 99 63
is_linear=0
shrinkage=0.0493048


Tree=205
num_leaves=4
num_cat=0
split_feature=27 27 0
split_gain=2.60563 4.82395 5.1604
threshold=4.5000000000000009 3.5000000000000004 11.500000000000002
decision_type=2 2 2
left_child=1 2 -1
right_child=-2 -3 -4
leaf_value=0.00057329722438204795 -0.068483465709956032 0.058930634285681772 -0.065722779439715412
leaf_weight=143.66604251600802 1.3380687301978458 3.3679663166403762 2.9107240497251032
leaf_count=1019 14 5 35
internal_value=0 0.000597095 -0.000739271
internal_weight=0 149.945 146.577
internal_count=1073 1059 1054
is_linear=0
shrinkage=0.0493048


Tree=206
num_leaves=7
num_cat=0
split_feature=30 42 64 39 40 17
split_gain=2.57017 5.20738 3.87187 5.47597 3.92759 1.82278
threshold=1.0000000180025095e-35 0.36931818181818182 2.8500000000000001 3.5000000000000004 36.650000000000013 1.0000000180025095e-35
decision_type=2 2 2 2 2 2
left_child=2 -2 4 -4 -1 -3
right_child=1 5 3 -5 -6 -7
leaf_value=0.062111301326646752 -0.066962831417285817 0.04551545971548502 -0.020600124371824454 0.0020051448624550014 0.007142651811178161 -0.0047457086143689996
leaf_weight=4.0193591415882137 1.3924624805804331 7.9885959724197146 38.068819298176095 82.382411022321321 14.942809630185364 2.2181531396345235
leaf_count=10 18 29 268 677 55 16
internal_value=0 0.0222845 -0.00186961 -0.00513402 0.0188314 0.0345297
internal_weight=0 11.5992 139.413 120.451 18.9622 10.2067
internal_count=1073 63 1010 945 65 45
is_linear=0
shrinkage=0.0493048


Tree=207
num_leaves=7
num_cat=0
split_feature=58 58 16 46 53 14
split_gain=2.54426 3.22881 7.95341 6.49019 1.96794 5.71801
threshold=-9.4999999999999982 6.5000000000000009 1.0000000180025095e-35 6.5000000000000009 3.5000000000000004 1.0000000180025095e-35
decision_type=2 2 2 2 2 2
left_child=4 3 -3 -2 -1 -6
right_child=1 2 -4 -5 5 -7
leaf_value=0.045097497813632433 0.00091002339395622456 0.015379912023187992 -0.06626032259398279 -0.027926705304041 -0.057552532074083514 0.042566745141672066
leaf_weight=5.1410816849675012 70.7802821805235 39.868834138964303 3.1252231665421268 25.900983177765738 2.2836161996237934 3.5243660961277783
leaf_count=13 345 233 50 381 42 9
internal_value=0 -0.00180599 0.00942885 -0.00680887 0.0228742 0.00308602
internal_weight=0 139.675 42.9941 96.6813 10.9491 5.80798
internal_count=1073 1009 283 726 64 51
is_linear=0
shrinkage=0.0493048


Tree=208
num_leaves=7
num_cat=0
split_feature=59 64 42 38 63 65
split_gain=2.51101 3.74893 10.6784 4.62814 0.503279 2.95731
threshold=550.00000000000011 19.550000000000004 0.17914438502673799 85.000000000000014 1.5000000000000002 12.500000000000002
decision_type=2 2 2 2 2 2
left_child=1 3 -3 -1 -2 -6
right_child=4 2 -4 -5 5 -7
leaf_value=-0.00098803266955960548 0.05466760916335222 0.023667893869371067 -0.043095086270520902 0.030366687439735664 -0.052345501566493251 0.047759205711293669
leaf_weight=106.4223617776297 1.7554107224568714 9.1840183305321279 15.873781653906915 12.817860559560357 0.95699861727189306 2.8102416708134115
leaf_count=439 4 64 481 38 31 16
internal_value=0 -0.00126105 -0.0185997 0.00237728 0.0326119 0.0221492
internal_weight=0 144.298 25.0578 119.24 5.52265 3.76724
internal_count=1073 1022 545 477 51 47
is_linear=0
shrinkage=0.0493048


Tree=209
num_leaves=7
num_cat=0
split_feature=61 59 62 60 38 46
split_gain=2.49279 2.86528 5.25378 4.12958 1.17783 0.00742714
threshold=0.57738095238095244 -149.99999999999997 3.5000000000000004 -1.0000000180025095e-35 1.5000000000000002 4.5000000000000009
decision_type=2 2 2 2 2 2
left_child=1 2 -1 -3 -2 -6
right_child=4 3 -4 -5 5 -7
leaf_value=-0.058896145179121014 0.010389233533768593 -0.063942038819798583 0.024927258455580123 -0.00071241449885056901 -0.071886303017484318 -0.057631642904986284
leaf_weight=1.9946266863262305 0.67170286178588812 2.5634955948917186 19.984059483511373 121.60598651648615 0.84758835332468185 1.3147724417503921
leaf_count=32 3 57 73 881 5 22
internal_value=0 0.000876265 0.0172879 -0.00202359 -0.0458019 -0.0635533
internal_weight=0 146.148 21.9787 124.169 2.83406 2.16236
internal_count=1073 1043 105 938 30 27
is_linear=0
shrinkage=0.0493048


Tree=210
num_leaves=8
num_cat=0
split_feature=10 64 39 46 55 47 54
split_gain=2.42059 3.6849 4.406 3.30061 4.57044 2.85994 2.78453
threshold=1.0000000180025095e-35 2.1500000000000008 4.5000000000000009 6.5000000000000009 3.2500000000000004 38.95000000000001 38.250000000000007
decision_type=2 2 2 2 2 2 2
left_child=1 6 -3 5 -5 -2 -1
right_child=3 2 -4 4 -6 -7 -8
leaf_value=0.0032597464021786233 0.009506694297811976 -0.015338241773307674 0.0034446095525025662 -0.061368957429541245 0.054099301147398603 0.060991915384289601 0.059489987429858768
leaf_weight=4.7170710377395135 5.7478443398140353 51.277445336454548 74.327725858194754 2.3860021603177297 1.2743729348294435 4.8791010957211256 3.9591388776898384
leaf_count=21 29 357 606 40 4 4 12
internal_value=0 -0.00206703 -0.00421826 0.0192789 -0.0209867 0.0332099 0.028998
internal_weight=0 134.281 125.605 14.2873 3.66038 10.6269 8.67621
internal_count=1073 996 963 77 44 33 33
is_linear=0
shrinkage=0.0493048


Tree=211
num_leaves=8
num_cat=0
split_feature=58 63 62 48 42 41 40
split_gain=2.44545 3.13829 3.26028 1.95803 5.10848 1.29926 0.00124003
threshold=-9.4999999999999982 14.500000000000002 5.5000000000000009 0.95000000000000007 0.80625000000000013 0.55000000000000016 36.550000000000004
decision_type=2 2 2 2 2 2 2
left_child=3 2 -2 4 -1 -5 -3
right_child=1 6 -4 5 -6 -7 -8
leaf_value=-0.064134366287739483 -0.0075710026411179038 -0.066500819411031933 0.0078533560759939912 0.050680040010445494 0.057412849276164253 0.0040706743308165415 -0.053553381159161598
leaf_weight=1.8230630701873436 75.556321525975363 0.66599585744552259 59.569764673011377 5.1316934367641807 1.5554095681291071 2.0724158781813458 1.7536245395895091
leaf_count=15 581 6 376 9 5 35 46
internal_value=0 -0.00176812 -0.000766426 0.0228269 -0.00798285 0.0373647 -0.0574143
internal_weight=0 137.546 135.126 10.5826 3.37847 7.20411 2.41962
internal_count=1073 1009 957 64 20 44 52
is_linear=0
shrinkage=0.0493048


Tree=212
num_leaves=8
num_cat=0
split_feature=47 7 47 52 39 38 64
split_gain=2.41946 6.05717 4.29361 3.5464 2.77187 1.47899 0.0232034
threshold=13.750000000000002 6.5000000000000009 34.550000000000004 8.5000000000000018 2.5000000000000004 25.000000000000004 10.450000000000001
decision_type=2 2 2 2 2 2 2
left_child=1 4 6 -4 -1 -3 -2
right_child=2 5 3 -5 -6 -7 -8
leaf_value=0.024947869212810239 -0.06988437123452973 0.058462772662540193 -0.017580016446516581 0.0031744581691825497 -0.07442628129673752 0.016299344514129302 -0.054035516994714893
leaf_weight=1.0453255167230957 1.711869049817323 5.351910113822667 24.514915546984412 108.94099805795122 1.9193473686464129 3.3329436928033829 0.87003295880276699
leaf_count=4 11 17 237 740 18 17 29
internal_value=0 0.021554 -0.00185677 -0.000633243 -0.0391724 0.0423608 -0.0648207
internal_weight=0 11.6495 136.038 133.456 2.96467 8.68485 2.5819
internal_count=1073 56 1017 977 22 34 40
is_linear=0
shrinkage=0.0493048


Tree=213
num_leaves=7
num_cat=0
split_feature=59 64 62 38 63 65
split_gain=2.4108 3.82437 8.73923 2.60883 0.474114 2.72936
threshold=550.00000000000011 9.3500000000000032 6.5000000000000009 1.5000000000000002 1.5000000000000002 12.500000000000002
decision_type=2 2 2 2 2 2
left_child=1 3 -3 -1 -2 -6
right_child=4 2 -4 -5 5 -7
leaf_value=0.03300963454976602 0.054245072257388206 -0.0030014848496714716 -0.057411733184347065 0.0025822557988492648 -0.052060219792240389 0.04721122243930774
leaf_weight=7.5055138580501071 1.7166170487180341 46.725413701613434 8.4840980540029687 79.291789079084992 0.89390016475226763 2.6702535017393529
leaf_count=22 4 511 212 277 31 16
internal_value=0 -0.00122673 -0.0113755 0.00522123 0.0326971 0.0221231
internal_weight=0 142.007 55.2095 86.7973 5.28077 3.56415
internal_count=1073 1022 723 299 51 47
is_linear=0
shrinkage=0.0493048


Tree=214
num_leaves=8
num_cat=0
split_feature=38 0 40 56 57 58 63
split_gain=2.44488 4.01175 4.01298 3.93271 8.29689 4.87314 0.0376868
threshold=85.000000000000014 7.5000000000000009 38.95000000000001 0.60769230769230786 0.75000000000000011 -1.0000000180025095e-35 2.5000000000000004
decision_type=2 2 2 2 2 2 2
left_child=3 2 -2 5 -5 -1 -3
right_child=1 6 -4 4 -6 -7 -8
leaf_value=0.015492234233845451 0.028535131833723349 -0.077770079976025655 -0.052442693552568462 -0.042229645218863208 0.0055076898219684851 -0.00750257749317271 -0.054705503077504644
leaf_weight=40.824916059151292 17.58124296966708 0.5436841754708428 1.6190663535380725 16.398447988205589 19.18296269068378 49.615525238972623 0.87840297387447208
leaf_count=208 75 6 60 171 193 339 21
internal_value=0 0.0157256 0.0216702 -0.00258687 -0.0164755 0.00287019 -0.0640335
internal_weight=0 20.6224 19.2003 126.022 35.5814 90.4404 1.42209
internal_count=1073 162 135 911 364 547 27
is_linear=0
shrinkage=0.0493048


Tree=215
num_leaves=4
num_cat=0
split_feature=27 27 0
split_gain=2.38225 4.28963 4.77489
threshold=4.5000000000000009 3.5000000000000004 11.500000000000002
decision_type=2 2 2
left_child=1 2 -1
right_child=-2 -3 -4
leaf_value=0.00059083275775815528 -0.0672000524709538 0.057683104464630867 -0.064959618013867543
leaf_weight=138.87148567524855 1.270610212930477 3.1277439277619115 2.7536763956304631
leaf_count=1019 14 5 35
internal_value=0 0.000577411 -0.000679608
internal_weight=0 144.753 141.625
internal_count=1073 1059 1054
is_linear=0
shrinkage=0.0493048


Tree=216
num_leaves=7
num_cat=0
split_feature=30 42 64 57 40 57
split_gain=2.3953 4.71864 3.38883 5.2893 3.74118 1.79591
threshold=1.0000000180025095e-35 0.36931818181818182 2.8500000000000001 -1.0000000180025095e-35 36.650000000000013 0.75000000000000011
decision_type=2 2 2 2 2 2
left_child=2 -2 4 -4 -1 -3
right_child=1 5 3 -5 -6 -7
leaf_value=0.060788018205621755 -0.065836321708436618 0.0079805100716522411 0.0045685316717051869 -0.01657872817574832 0.0062982990108474716 0.05119653297285108
leaf_weight=3.8796343505382564 1.3060056972317386 3.9670915538445097 63.720766062324401 52.343000400811434 14.715097825974224 5.8328340593143366
leaf_count=10 18 24 388 557 55 21
internal_value=0 0.0219942 -0.00182791 -0.00496304 0.017705 0.0337715
internal_weight=0 11.1059 134.658 116.064 18.5947 9.79993
internal_count=1073 63 1010 945 65 45
is_linear=0
shrinkage=0.0493048


Tree=217
num_leaves=7
num_cat=0
split_feature=59 64 42 64 63 63
split_gain=2.37597 3.42813 9.56346 4.37833 0.422979 2.5594
threshold=550.00000000000011 19.550000000000004 0.17914438502673799 17.450000000000003 13.500000000000002 1.5000000000000002
decision_type=2 2 2 2 2 2
left_child=1 3 -3 -1 5 -2
right_child=4 2 -4 -5 -6 -7
leaf_value=-0.00073717200444384538 0.053563933732645216 0.022577841413050088 -0.042280036995601317 0.03271106289670199 0.046970566665941044 -0.051639012915104081
leaf_weight=106.0482570072636 1.6699499627575272 8.7511554914526659 14.954314796545075 10.446779035031794 2.617790836840868 0.8412792634917422
leaf_count=451 4 64 481 26 9 38
internal_value=0 -0.00121592 -0.0183097 0.00225703 0.0329465 0.0180545
internal_weight=0 140.201 23.7055 116.495 5.12902 2.51123
internal_count=1073 1022 545 477 51 42
is_linear=0
shrinkage=0.0493048


Tree=218
num_leaves=8
num_cat=0
split_feature=38 19 38 64 64 1 56
split_gain=2.34025 3.98679 3.96534 6.82686 3.96987 3.22389 2.36926
threshold=85.000000000000014 1.0000000180025095e-35 55.000000000000007 82.450000000000003 9.3500000000000032 2.5000000000000004 0.4330357142857143
decision_type=2 2 2 2 2 2 2
left_child=2 6 4 -4 -1 -3 -2
right_child=1 5 3 -5 -6 -7 -8
leaf_value=0.0071168464618511038 -0.020543939108843324 -0.059240144193343683 -0.039936550191951761 0.04687487196819539 -0.013316250121947489 0.014520104646701087 0.037643318794555874
leaf_weight=75.224044727161527 1.9574828964541691 2.6265343742561518 13.271399927325545 2.6329036338720462 33.360977532807738 3.1656897912616841 12.324474370456299
leaf_count=255 24 59 110 16 530 40 39
internal_value=0 0.0156117 -0.00252897 -0.0255221 0.000833059 -0.01882 0.0296217
internal_weight=0 20.0742 124.489 15.9043 108.585 5.79222 14.282
internal_count=1073 162 911 126 785 99 63
is_linear=0
shrinkage=0.0493048


Tree=219
num_leaves=8
num_cat=0
split_feature=10 39 24 58 47 64 3
split_gain=2.31962 3.36832 6.01737 5.8565 3.02842 3.80087 0.496714
threshold=1.0000000180025095e-35 4.5000000000000009 1.0000000180025095e-35 -9.4999999999999982 38.750000000000007 5.3500000000000005 16.500000000000004
decision_type=2 2 2 2 2 2 2
left_child=1 3 -3 -1 5 -2 -6
right_child=4 2 -4 -5 6 -7 -8
leaf_value=0.033298662530613782 0.031133833413587959 7.8399162895369224e-05 0.046303571355649192 -0.016855167824458745 0.059091212841724576 -0.040061206630931823 0.030973896789205538
leaf_weight=6.3772568285930893 3.8546587377786619 66.25340756366495 7.6373163501848458 49.799783742375439 2.9284651130437851 3.4541285933810286 3.533709445851855
leaf_count=20 10 591 23 362 3 46 18
internal_value=0 -0.00204647 0.00486563 -0.0111496 0.0192326 -0.00242506 0.0438243
internal_weight=0 130.068 73.8907 56.177 13.771 7.30879 6.46217
internal_count=1073 996 614 382 77 56 21
is_linear=0
shrinkage=0.0493048


Tree=220
num_leaves=7
num_cat=0
split_feature=59 64 62 38 63 65
split_gain=2.34177 3.41793 7.9188 2.53878 0.393263 2.43761
threshold=550.00000000000011 9.3500000000000032 6.5000000000000009 1.5000000000000002 1.5000000000000002 12.500000000000002
decision_type=2 2 2 2 2 2
left_child=1 3 -3 -1 -2 -6
right_child=4 2 -4 -5 5 -7
leaf_value=0.032298505654448348 0.053230734010462848 -0.003089137670368581 -0.056874090430966508 0.0022345696425171203 -0.051520708425109522 0.046875767116648939
leaf_weight=7.4896724708378306 1.6448325952514995 44.842302583594574 7.8198947937344192 78.1128612998873 0.79977215453982387 2.5406342373462394
leaf_count=22 4 511 212 277 31 16
internal_value=0 -0.00120202 -0.0110891 0.00487294 0.0331904 0.0231137
internal_weight=0 138.265 52.6622 85.6025 4.98524 3.34041
internal_count=1073 1022 723 299 51 47
is_linear=0
shrinkage=0.0493048


Tree=221
num_leaves=7
num_cat=0
split_feature=30 58 54 16 59 60
split_gain=2.26619 3.37045 6.25909 6.05474 2.35845 3.60072
threshold=1.0000000180025095e-35 6.5000000000000009 35.45000000000001 1.0000000180025095e-35 175.00000000000003 0.059411764705882351
decision_type=2 2 2 2 2 2
left_child=1 2 -1 -3 5 -2
right_child=4 3 -4 -5 -6 -7
leaf_value=0.015356511587958092 0.023420532494390533 0.015194802790102725 -0.014323881230352017 -0.065885655000474289 0.048538320504269074 -0.063307159344153555
leaf_weight=22.971065669029485 4.6998019986785931 37.023080238606781 69.446310062630801 2.3796496575814663 4.5828751870431006 1.5449012164026497
leaf_count=120 24 227 625 38 17 22
internal_value=0 -0.0017874 -0.00693946 0.0102799 0.021676 0.00185323
internal_weight=0 131.82 92.4174 39.4027 10.8276 6.2447
internal_count=1073 1010 745 265 63 46
is_linear=0
shrinkage=0.0493048


Tree=222
num_leaves=7
num_cat=0
split_feature=61 59 3 0 38 46
split_gain=2.25201 2.58359 5.3013 3.79812 0.980279 0.000986293
threshold=0.57738095238095244 -149.99999999999997 1.5000000000000002 11.500000000000002 1.5000000000000002 1.5000000000000002
decision_type=2 2 2 2 2 2
left_child=1 2 -1 -3 -2 -6
right_child=4 3 -4 -5 5 -7
leaf_value=-0.05416752342007957 0.0067875428742106107 -0.00072855063887589805 0.025617442315288612 -0.06555699528834949 -0.071551264572497664 -0.057385705877788296
leaf_weight=2.2675153105519739 0.64379323273897116 116.33681480630185 18.523258063767571 2.2387305599986567 0.64265812933444966 1.3454242715961298
leaf_count=18 3 909 87 29 3 24
internal_value=0 0.000847528 0.0168822 -0.0019586 -0.0451796 -0.0623287
internal_weight=0 139.366 20.7908 118.576 2.63188 1.98808
internal_count=1073 1043 105 938 30 27
is_linear=0
shrinkage=0.0493048


Tree=223
num_leaves=4
num_cat=0
split_feature=27 27 0
split_gain=2.17638 3.85286 4.18175
threshold=4.5000000000000009 3.5000000000000004 11.500000000000002
decision_type=2 2 2
left_child=1 2 -1
right_child=-2 -3 -4
leaf_value=0.00054452210499584121 -0.065776663492490089 0.056389669104876423 -0.06332941274907293
leaf_weight=134.9745514363749 1.2115482684457664 2.9411120228469363 2.537200231163296
leaf_count=1019 14 5 35
internal_value=0 0.00056003 -0.000629784
internal_weight=0 140.453 137.512
internal_count=1073 1059 1054
is_linear=0
shrinkage=0.0493048


Tree=224
num_leaves=8
num_cat=0
split_feature=10 64 39 46 55 47 54
split_gain=2.19858 3.40788 3.89989 2.90864 4.13902 2.61044 2.49914
threshold=1.0000000180025095e-35 2.1500000000000008 4.5000000000000009 6.5000000000000009 3.2500000000000004 38.95000000000001 38.250000000000007
decision_type=2 2 2 2 2 2 2
left_child=1 6 -3 5 -5 -2 -1
right_child=3 2 -4 4 -6 -7 -8
leaf_value=0.0034668568697751347 0.009172883317874591 -0.014807388162363209 0.0032885704756938448 -0.060885912832963823 0.053451301212726246 0.05975219893612449 0.057370892923933325
leaf_weight=4.5984943397343141 5.4872128749266249 49.1417321471381 70.364271066151559 2.1864087863359591 1.181556183495559 4.5814308747649193 3.8758933767676353
leaf_count=21 29 357 606 40 4 4 12
internal_value=0 -0.00199993 -0.00414725 0.0189642 -0.0205768 0.032256 0.0282016
internal_weight=0 127.98 119.506 13.4366 3.36796 10.0686 8.47439
internal_count=1073 996 963 77 44 33 33
is_linear=0
shrinkage=0.0493048


Tree=225
num_leaves=7
num_cat=0
split_feature=59 64 62 62 63 63
split_gain=2.17924 3.25388 7.39794 2.49143 0.367637 2.26994
threshold=550.00000000000011 9.3500000000000032 6.5000000000000009 7.5000000000000009 1.5000000000000002 13.500000000000002
decision_type=2 2 2 2 2 2
left_child=1 3 -3 -1 -2 -6
right_child=4 2 -4 -5 5 -7
leaf_value=0.0011063289896205144 0.052487708347642027 -0.0032461988393076473 -0.056469937564887294 0.024244110239751506 -0.05113544415167378 0.046335427745917257
leaf_weight=71.148025816306472 1.588066211901604 44.209630580793601 7.4188828417100003 13.467517316341398 0.75936910347081754 2.4035781407728791
leaf_count=251 4 511 212 48 38 9
internal_value=0 -0.00114958 -0.0109079 0.00479691 0.0328163 0.0227194
internal_weight=0 136.244 51.6285 84.6155 4.75101 3.16295
internal_count=1073 1022 723 299 51 47
is_linear=0
shrinkage=0.0493048


Tree=226
num_leaves=8
num_cat=0
split_feature=58 58 16 57 48 42 40
split_gain=2.18835 2.73456 6.46636 5.5762 1.81805 3.43406 1.20339
threshold=-9.4999999999999982 6.5000000000000009 1.0000000180025095e-35 -3.2499999999999996 0.95000000000000007 0.78174603174603186 38.350000000000001
decision_type=2 2 2 2 2 2 2
left_child=4 3 -3 -2 5 -1 -6
right_child=1 2 -4 -5 6 -7 -8
leaf_value=-0.062120582178897127 -0.048463817558404274 0.014356190935343599 -0.064181758875158465 -0.0028849309382961855 0.050196472560979172 0.040042646405216001 0.0038700567956767647
leaf_weight=1.5155517470557227 7.0834136155317529 37.42044290038757 2.7314275770331724 83.293094957334688 4.7795310248620808 1.6866131949936969 1.9509384861448777
leaf_count=14 86 233 50 640 12 6 32
internal_value=0 -0.00170413 0.00899566 -0.00646499 0.0223018 -0.00811225 0.0368673
internal_weight=0 130.528 40.1519 90.3765 9.93263 3.20216 6.73047
internal_count=1073 1009 283 726 64 20 44
is_linear=0
shrinkage=0.0493048


Tree=227
num_leaves=8
num_cat=0
split_feature=30 64 57 40 57 54 46
split_gain=2.15976 3.11764 4.92093 3.56408 2.21928 3.42791 1.44778
threshold=1.0000000180025095e-35 2.8500000000000001 -1.0000000180025095e-35 36.650000000000013 0.75000000000000011 37.050000000000004 2.5000000000000004
decision_type=2 2 2 2 2 2 2
left_child=1 3 -3 -1 5 -2 -6
right_child=4 2 -4 -5 6 -7 -8
leaf_value=0.059856166838660484 0.0251740674604468 0.0044823333262820828 -0.01637918826625949 0.0059675991487338816 0.063305151952458311 -0.066781960083688072 0.014266646486719135
leaf_weight=3.7663692533969906 3.0279506512451899 61.303884130786173 49.780860145459883 14.518196657299994 3.2727112770080566 1.4580358188832176 2.7217604576144367
leaf_count=10 13 388 557 55 3 23 24
internal_value=0 -0.00175078 -0.00486065 0.0171064 0.0215192 -0.00457794 0.0411545
internal_weight=0 129.369 111.085 18.2846 10.4805 4.48599 5.99447
internal_count=1073 1010 945 65 63 36 27
is_linear=0
shrinkage=0.0493048


Tree=228
num_leaves=8
num_cat=0
split_feature=38 42 1 3 19 64 58
split_gain=2.13721 3.76373 6.9678 4.08769 3.62165 2.8588 2.60379
threshold=85.000000000000014 0.75961538461538469 5.5000000000000009 23.500000000000004 1.0000000180025095e-35 10.15 1.5000000000000002
decision_type=2 2 2 2 2 2 2
left_child=1 3 -3 -1 6 -6 -2
right_child=4 2 -4 -5 5 -7 -8
leaf_value=0.0080681627271709782 -0.02099240047218023 -0.040160169439563853 0.026993864906996665 -0.013315595094491836 0.014590565321579131 -0.057225227035165797 0.038141301599416588
leaf_weight=69.436361931497231 2.1314832178177339 14.195904888503721 5.0944302466232321 31.621355138544459 2.8773386627435675 2.5158902685507201 11.527629004791377
leaf_count=438 34 186 29 258 14 85 29
internal_value=0 -0.00243289 -0.0223911 0.0013706 0.0153393 -0.0187954 0.0288651
internal_weight=0 120.348 19.2903 101.058 19.0523 5.39323 13.6591
internal_count=1073 911 215 696 162 99 63
is_linear=0
shrinkage=0.0493048


Tree=229
num_leaves=7
num_cat=0
split_feature=58 63 62 56 55 42
split_gain=2.16866 2.69784 3.39083 1.64783 1.91616 1.20215
threshold=-9.4999999999999982 14.500000000000002 5.5000000000000009 0.45804195804195807 0.25000000000000006 0.34523809523809529
decision_type=2 2 2 2 2 2
left_child=3 2 -2 5 -5 -1
right_child=1 -3 -4 4 -6 -7
leaf_value=0.0084443008606717943 -0.0079018581504021815 -0.056835387059969149 0.008336262291454186 0.054138922697346707 -0.057285288388402987 0.047727095374922757
leaf_weight=3.2229187517659721 71.183231090428308 2.1206395102199158 55.728207924286835 0.54795157909393299 1.1620511232176793 4.7541819551261142
leaf_count=14 581 52 376 1 30 19
internal_value=0 -0.0016934 -0.000766395 0.0224937 -0.0211892 0.0319408
internal_weight=0 129.032 126.911 9.6871 1.71 7.9771
internal_count=1073 1009 957 64 31 33
is_linear=0
shrinkage=0.0493048


Tree=230
num_leaves=7
num_cat=0
split_feature=10 55 61 52 56 15
split_gain=2.17244 3.10132 8.47439 6.26948 2.70944 6.64613
threshold=1.0000000180025095e-35 0.95000000000000007 0.21807065217391303 8.5000000000000018 0.25833333333333336 3.5000000000000004
decision_type=2 2 2 2 2 2
left_child=1 2 -1 -3 -2 -6
right_child=4 3 -4 -5 5 -7
leaf_value=-0.033053984394781341 0.047654672153056785 -0.034216667592878801 0.0044079879693222071 0.011767573402597521 0.024827985609297276 -0.084567998069128042
leaf_weight=23.644204225682188 4.9988943324424318 8.2944298911024799 38.648892083438113 54.755739748652559 6.3028571832692233 1.7165896382066419
leaf_count=196 18 140 184 476 32 27
internal_value=0 -0.00199486 -0.00980113 0.00570742 0.0191656 0.00132197
internal_weight=0 125.343 62.2931 63.0502 13.0183 8.01945
internal_count=1073 996 380 616 77 59
is_linear=0
shrinkage=0.0493048


Tree=231
num_leaves=7
num_cat=0
split_feature=59 3 52 60 64 64
split_gain=2.09453 4.58759 4.21579 3.49482 3.51247 0.0763232
threshold=-149.99999999999997 1.5000000000000002 9.5000000000000018 -1.0000000180025095e-35 9.3500000000000032 7.0500000000000007
decision_type=2 2 2 2 2 2
left_child=1 -1 -3 5 -5 -2
right_child=3 2 -4 4 -6 -7
leaf_value=-0.052864892950290121 -0.073597808400998666 -0.032687756479253892 0.032525263874188678 0.0050159472978497568 -0.013017352716528053 -0.051613980550459487
leaf_weight=2.1928011628333506 1.1715967953205102 2.8378105394076583 15.652747322223147 74.166570592671633 40.632127280114219 1.08149687142577
leaf_count=18 7 36 55 261 646 50
internal_value=0 0.0144586 0.0224803 -0.00256082 -0.00136121 -0.0633642
internal_weight=0 20.6834 18.4906 117.052 114.799 2.25309
internal_count=1073 109 91 964 907 57
is_linear=0
shrinkage=0.0493048


Tree=232
num_leaves=8
num_cat=0
split_feature=38 61 38 48 48 7 41
split_gain=2.0924 4.14927 3.59067 8.14761 3.45947 3.24571 1.67342
threshold=2.5000000000000004 0.35388994307400384 8.5000000000000018 0.35000000000000003 0.65000000000000002 2.5000000000000004 0.15000000000000005
decision_type=2 2 2 2 2 2 2
left_child=1 5 3 -2 -4 -1 -3
right_child=2 6 4 -5 -6 -7 -8
leaf_value=-0.016848780896703303 0.035220469768158215 0.003422355267523648 -0.009624519683786005 -0.058931562406967716 0.0080071979152454131 0.039738635782852083 -0.075618642864574606
leaf_weight=3.163820653047881 3.2215180657803995 1.1459091571159654 47.804016823647544 7.2394659513956867 62.305459140829043 10.910773224779403 1.4620237173512576
leaf_count=33 13 9 238 180 503 84 13
internal_value=0 0.0163594 -0.00227041 -0.0298742 0.000346473 0.0269719 -0.040653
internal_weight=0 16.6825 120.57 10.461 110.109 14.0746 2.60793
internal_count=1073 139 934 193 741 117 22
is_linear=0
shrinkage=0.0493048


Tree=233
num_leaves=8
num_cat=0
split_feature=47 7 40 40 39 64 38
split_gain=2.08164 5.5353 3.73521 5.50759 2.5049 1.54786 1.37168
threshold=13.750000000000002 6.5000000000000009 35.45000000000001 36.550000000000004 2.5000000000000004 3.4500000000000006 25.000000000000004
decision_type=2 2 2 2 2 2 2
left_child=1 4 5 -4 -1 -2 -3
right_child=2 6 3 -5 -6 -7 -8
leaf_value=0.022582573276983667 0.034144587213823227 0.056664131175591784 0.025731309111874739 -0.0045094397832475775 -0.073543628546595921 -0.05996628975141019 0.015021725077014715
leaf_weight=1.0184066919609898 0.47301127016544242 5.1183230441529286 17.022418652661145 104.56392878113547 1.8207887544995172 3.5296909830067307 3.1604758980683982
leaf_count=4 2 17 63 884 18 68 17
internal_value=0 0.0204391 -0.00181848 -0.000270116 -0.0388397 -0.0486764 0.0408495
internal_weight=0 11.118 125.589 121.586 2.8392 4.0027 8.2788
internal_count=1073 56 1017 947 22 70 34
is_linear=0
shrinkage=0.0493048


Tree=234
num_leaves=7
num_cat=0
split_feature=59 64 42 64 63 63
split_gain=2.05161 3.10173 8.11957 3.63544 0.321743 2.05061
threshold=550.00000000000011 19.550000000000004 0.17914438502673799 17.450000000000003 13.500000000000002 1.5000000000000002
decision_type=2 2 2 2 2 2
left_child=1 3 -3 -1 5 -2
right_child=4 2 -4 -5 -6 -7
leaf_value=-0.00059299507949865334 0.051495716123892886 0.021126141057246389 -0.04219231101244407 0.031004377319234205 0.046063406435005678 -0.050786613753149905
leaf_weight=101.05185361672193 1.4980838298797601 7.8514453532407087 13.154191493144024 9.697158352006225 2.2725916202180088 0.69241928902920324
leaf_count=451 4 64 481 26 9 38
internal_value=0 -0.00112135 -0.0184945 0.00216808 0.0328647 0.0188586
internal_weight=0 131.755 21.0056 110.749 4.46309 2.1905
internal_count=1073 1022 545 477 51 42
is_linear=0
shrinkage=0.0493048


Tree=235
num_leaves=8
num_cat=0
split_feature=38 38 57 0 64 19 62
split_gain=2.00373 3.74561 5.94801 3.48828 3.48353 3.31318 0.0419505
threshold=85.000000000000014 55.000000000000007 -0.74999999999999989 7.5000000000000009 9.3500000000000032 1.0000000180025095e-35 1.5000000000000002
decision_type=2 2 2 2 2 2 2
left_child=1 4 -3 5 -1 -2 -5
right_child=3 2 -4 6 -6 -7 -8
leaf_value=0.006818266656906889 0.034524201452803424 -3.9496380373002426e-05 -0.064443707260392349 -0.079406447637926175 -0.013091746819474252 -0.014215836615377463 -0.053913204773399163
leaf_weight=72.428305923938751 12.321073317551059 8.7624567681923491 5.8101191570749497 0.44465357763692626 30.291949161532102 4.6546937389066434 0.82747064856812358
leaf_count=255 55 55 71 4 530 80 23
internal_value=0 -0.00237215 -0.0257651 0.0151905 0.000940454 0.0211216 -0.0633956
internal_weight=0 117.293 14.5726 18.2479 102.72 16.9758 1.27212
internal_count=1073 911 126 162 785 135 27
is_linear=0
shrinkage=0.0493048


Tree=236
num_leaves=8
num_cat=0
split_feature=58 58 16 57 48 42 40
split_gain=2.01385 2.56128 5.80328 4.90248 1.53179 3.25327 1.04826
threshold=-9.4999999999999982 6.5000000000000009 1.0000000180025095e-35 -3.2499999999999996 0.95000000000000007 0.78174603174603186 38.350000000000001
decision_type=2 2 2 2 2 2 2
left_child=4 3 -3 -2 5 -1 -6
right_child=1 2 -4 -5 6 -7 -8
leaf_value=-0.061012994340366354 -0.046549559771019197 0.01401511753522103 -0.062874853651497781 -0.0029207389978913624 0.049542846022583437 0.041033134737574813 0.0046154632493370009
leaf_weight=1.4165005065733551 6.7943835163605391 36.082759556302335 2.5518657820648505 80.315693239303073 4.3473435272462666 1.6310992072103543 1.8260453339898957
leaf_count=14 86 233 50 640 12 6 32
internal_value=0 -0.00164108 0.00891797 -0.00633169 0.0222291 -0.0061891 0.036362
internal_weight=0 125.745 38.6346 87.1101 9.22099 3.0476 6.17339
internal_count=1073 1009 283 726 64 20 44
is_linear=0
shrinkage=0.0493048


Tree=237
num_leaves=7
num_cat=0
split_feature=10 39 24 46 61 47
split_gain=2.00859 3.14878 5.39609 4.93805 2.65824 2.45615
threshold=1.0000000180025095e-35 4.5000000000000009 1.0000000180025095e-35 10.500000000000002 0.37321428571428578 38.750000000000007
decision_type=2 2 2 2 2 2
left_child=1 3 -3 -1 5 -2
right_child=4 2 -4 -5 -6 -7
leaf_value=-0.018352904772050767 0.0022451402145526808 0.00030188573255250845 0.045755427382649011 0.020002707862565781 -0.033498182067876914 0.049944657238875909
leaf_weight=42.706166492425837 4.8122741651604866 61.887467277701944 7.0778708872385314 10.071132198878329 1.9875320626888413 5.8500193657819182
leaf_count=285 41 591 23 97 16 20
internal_value=0 -0.00195326 0.00497683 -0.0110212 0.0186882 0.0284795
internal_weight=0 121.743 68.9653 52.7773 12.6498 10.6623
internal_count=1073 996 614 382 77 61
is_linear=0
shrinkage=0.0493048


Tree=238
num_leaves=8
num_cat=0
split_feature=47 7 47 62 1 38 64
split_gain=1.97704 5.1099 3.5942 3.29693 2.43704 1.30747 0.00715362
threshold=13.750000000000002 6.5000000000000009 34.550000000000004 5.5000000000000009 1.5000000000000002 25.000000000000004 10.450000000000001
decision_type=2 2 2 2 2 2 2
left_child=1 4 6 -4 -1 -3 -2
right_child=2 5 3 -5 -6 -7 -8
leaf_value=-0.077985441124711216 -0.067435630306652367 0.055535438362590304 -0.0081089408457192778 0.0082448775680533902 0.014623881767667777 0.014570847600780186 -0.052888452408131045
leaf_weight=1.571647142642177 1.5614330656826489 5.0073388300370407 65.558302906370955 55.187841226055752 1.2132753932382909 3.1281040094327182 0.71242896129842836
leaf_count=14 11 17 554 423 8 17 29
internal_value=0 0.0200978 -0.00179116 -0.000628933 -0.0374166 0.0398684 -0.0631913
internal_weight=0 10.9204 123.02 120.746 2.78492 8.13544 2.27386
internal_count=1073 56 1017 977 22 34 40
is_linear=0
shrinkage=0.0493048


Tree=239
num_leaves=7
num_cat=0
split_feature=30 64 57 40 59 60
split_gain=1.99391 3.01979 4.52998 3.20681 2.07534 3.07103
threshold=1.0000000180025095e-35 2.8500000000000001 -1.0000000180025095e-35 36.650000000000013 175.00000000000003 0.059411764705882351
decision_type=2 2 2 2 2 2
left_child=1 3 -3 -1 5 -2
right_child=4 2 -4 -5 -6 -7
leaf_value=0.058769339721611712 0.022205648815168441 0.0042450703589063691 -0.016276703397696983 0.006515230533092985 0.047919789344291218 -0.061782133244695461
leaf_weight=3.5793151408433941 4.4546681432984752 58.677521465637255 47.116920385422418 14.292931370437143 4.1361999150831252 1.3862336004967799
leaf_count=10 24 388 557 55 17 22
internal_value=0 -0.00171698 -0.0048885 0.0170196 0.0211951 0.00215354
internal_weight=0 123.667 105.794 17.8722 9.9771 5.8409
internal_count=1073 1010 945 65 63 46
is_linear=0
shrinkage=0.0493048


Tree=240
num_leaves=7
num_cat=0
split_feature=59 64 62 38 63 63
split_gain=1.98043 2.94394 6.54105 2.15975 0.290974 1.92147
threshold=550.00000000000011 9.3500000000000032 6.5000000000000009 1.5000000000000002 13.500000000000002 1.5000000000000002
decision_type=2 2 2 2 2 2
left_child=1 3 -3 -1 5 -2
right_child=4 2 -4 -5 -6 -7
leaf_value=0.030636010271765834 0.051097998687911768 -0.0034252862981556942 -0.05600932461936628 0.0020921941072914482 0.04567178651871677 -0.050573632165645997
leaf_weight=7.0620501153171054 1.4462629780173295 40.682758390525123 6.7032156774075693 74.475220935419202 2.1992486668750644 0.65081495302729298
leaf_count=22 4 511 212 277 9 38
internal_value=0 -0.00110145 -0.0108787 0.00457276 0.0329224 0.0192253
internal_weight=0 128.923 47.386 81.5373 4.29633 2.09708
internal_count=1073 1022 723 299 51 42
is_linear=0
shrinkage=0.0493048


Tree=241
num_leaves=6
num_cat=0
split_feature=58 63 62 53 14
split_gain=1.9625 2.46757 2.86713 1.46622 4.17066
threshold=-9.4999999999999982 14.500000000000002 5.5000000000000009 3.5000000000000004 1.0000000180025095e-35
decision_type=2 2 2 2 2
left_child=3 2 -2 -1 -5
right_child=1 -3 -4 4 -6
leaf_value=0.042886043999636601 -0.0074322381068943075 -0.056627792238439542 0.0078084675681139972 -0.05544570447214392 0.040582634609705313
leaf_weight=4.3353914623148722 68.283821711171186 1.9501764094457019 53.514397994324099 1.8071205272572113 2.8013184902956709
leaf_count=13 581 52 376 42 9
internal_value=0 -0.00161724 -0.000730599 0.0222972 0.00278162
internal_weight=0 123.748 121.798 8.94383 4.60844
internal_count=1073 1009 957 64 51
is_linear=0
shrinkage=0.0493048


Tree=242
num_leaves=4
num_cat=0
split_feature=27 27 0
split_gain=1.94177 3.3981 3.79345
threshold=4.5000000000000009 3.5000000000000004 11.500000000000002
decision_type=2 2 2
left_child=1 2 -1
right_child=-2 -3 -4
leaf_value=0.00056519198149896635 -0.064346087614211442 0.055603142290694553 -0.062467145144979454
leaf_weight=126.13344445161056 1.1293946448131453 2.6691221185028544 2.3632543363200957
leaf_count=1019 14 5 35
internal_value=0 0.000549441 -0.000589549
internal_weight=0 131.166 128.497
internal_count=1073 1059 1054
is_linear=0
shrinkage=0.0493048


Tree=243
num_leaves=6
num_cat=0
split_feature=61 61 59 41 46
split_gain=1.9239 2.50584 2.4708 0.960824 0.00551127
threshold=0.57738095238095244 0.56696428571428581 -149.99999999999997 1.0000000180025095e-35 1.5000000000000002
decision_type=2 2 2 2 2
left_child=1 2 -1 -2 -5
right_child=3 -3 -4 4 -6
leaf_value=0.016347367003658742 0.0090059077703161343 0.056905645277854265 -0.0029048040326600461 -0.071824528579468166 -0.056278000101341104
leaf_weight=19.042257678083843 0.60237129498273079 1.9057321613654483 108.73048227542313 0.62269155681133259 1.1594321576994842
leaf_count=104 4 5 934 3 23
internal_value=0 0.000801786 -3.04111e-05 -0.0438809 -0.0621156
internal_weight=0 129.678 127.773 2.3845 1.78212
internal_count=1073 1043 1038 30 26
is_linear=0
shrinkage=0.0493048


Tree=244
num_leaves=8
num_cat=0
split_feature=38 38 64 7 0 40 62
split_gain=1.90223 3.5187 5.70649 3.32454 3.16823 3.10126 0.0269334
threshold=85.000000000000014 55.000000000000007 82.450000000000003 2.5000000000000004 7.5000000000000009 38.95000000000001 1.5000000000000002
decision_type=2 2 2 2 2 2 2
left_child=1 3 -3 -1 5 -2 -6
right_child=4 2 -4 -5 6 -7 -8
leaf_value=-0.01547186799809421 0.02707072170829148 -0.039435512836284964 0.046354484666224098 0.0058111750519172908 -0.07674129023999271 -0.051741495910164179 -0.053364256422207948
leaf_weight=23.203009323216975 15.121367861516779 11.670960344839839 2.2404320650966829 77.160438495251583 0.42931719165062421 1.3135204278514709 0.76204722095280886
leaf_count=196 75 110 16 589 4 60 23
internal_value=0 -0.00233077 -0.0255697 0.000884166 0.0150703 0.0207293 -0.0623966
internal_weight=0 114.275 13.9114 100.363 17.6263 16.4349 1.19136
internal_count=1073 911 126 785 162 135 27
is_linear=0
shrinkage=0.0493048


Tree=245
num_leaves=5
num_cat=0
split_feature=57 60 39 64
split_gain=1.91525 4.3195 3.05456 0.0316805
threshold=-6.7499999999999991 -1.0000000180025095e-35 13.500000000000002 7.0500000000000007
decision_type=2 2 2 2
left_child=-1 3 -3 -2
right_child=1 2 -4 -5
leaf_value=0.03982183073078522 -0.071029748284237831 0.0017008453376706305 -0.045599987833604902 -0.055352707850642301
leaf_weight=2.8698802043218157 1.2622782774269574 122.4246620752383 3.4099713194009373 1.3974547592224551
leaf_count=12 8 921 80 52
internal_value=0 -0.000895909 0.000413497 -0.0630634
internal_weight=0 128.494 125.835 2.65973
internal_count=1073 1061 1001 60
is_linear=0
shrinkage=0.0493048


Tree=246
num_leaves=8
num_cat=0
split_feature=10 64 39 56 15 58 11
split_gain=1.90154 2.88373 3.38519 2.59027 5.09122 2.28976 0.816581
threshold=1.0000000180025095e-35 2.1500000000000008 4.5000000000000009 0.40833333333333338 3.5000000000000004 1.5000000000000002 1.0000000180025095e-35
decision_type=2 2 2 2 2 2 2
left_child=1 5 -3 6 -5 -1 -2
right_child=3 2 -4 4 -6 -7 -8
leaf_value=-0.0043930268946413484 0.05594207043599847 -0.014279358480085057 0.0032261796514506209 0.019101676708710096 -0.088899551023592524 0.048526170421259882 0.016641527802840353
leaf_weight=3.3845237083733064 3.7859897902235371 45.771026748727309 64.873403089703061 5.2057803225470707 1.3310192711651323 4.7429329790174961 2.0300122398766689
leaf_count=16 7 357 606 28 22 17 20
internal_value=0 -0.00192227 -0.00400966 0.0184025 -0.00280155 0.0264115 0.0423421
internal_weight=0 118.772 110.644 12.3528 6.5368 8.12746 5.816
internal_count=1073 996 963 77 50 33 27
is_linear=0
shrinkage=0.0493048


Tree=247
num_leaves=7
num_cat=0
split_feature=59 64 49 62 63 65
split_gain=1.89078 2.93089 6.20429 2.16139 0.265297 1.83941
threshold=550.00000000000011 9.3500000000000032 0.32291666666666669 7.5000000000000009 1.5000000000000002 12.500000000000002
decision_type=2 2 2 2 2 2
left_child=1 3 -3 -1 -2 -6
right_child=4 2 -4 -5 5 -7
leaf_value=0.0010911019389484692 0.050634043322161294 0.0085377563664806016 -0.027730664404425107 0.023263827251175082 -0.050485789909692005 0.045849371046159722
leaf_weight=67.903833093121648 1.4122070772573341 21.256807963451138 24.840714897232829 12.69971952959895 0.62116242741467464 2.0718120421515778
leaf_count=251 4 202 521 48 31 16
internal_value=0 -0.00107241 -0.0109924 0.00459292 0.0329222 0.023376
internal_weight=0 126.701 46.0975 80.6036 4.10518 2.69297
internal_count=1073 1022 723 299 51 47
is_linear=0
shrinkage=0.0493048


Tree=248
num_leaves=8
num_cat=0
split_feature=38 38 64 64 19 1 58
split_gain=1.88709 3.19547 5.20302 3.14981 2.99964 2.65781 2.15957
threshold=85.000000000000014 55.000000000000007 82.450000000000003 9.3500000000000032 1.0000000180025095e-35 2.5000000000000004 1.5000000000000002
decision_type=2 2 2 2 2 2 2
left_child=1 3 -3 -1 6 -6 -2
right_child=4 2 -4 -5 5 -7 -8
leaf_value=0.0063235941509223997 -0.020109679591916532 -0.037966887776889079 0.04593781120099049 -0.013033010292898 -0.057854749294044695 0.015304043329380892 0.036748728239895154
leaf_weight=70.782115755602717 1.9030657405382978 11.438470937544478 2.1239730548113576 28.725670373940375 2.19370333245024 2.6607589870691299 10.542912662494926
leaf_count=255 34 110 16 530 59 40 29
internal_value=0 -0.00232461 -0.0247763 0.000729168 0.0151602 -0.017628 0.0280015
internal_weight=0 113.07 13.5624 99.5078 17.3004 4.85446 12.446
internal_count=1073 911 126 785 162 99 63
is_linear=0
shrinkage=0.0493048


Tree=249
num_leaves=8
num_cat=0
split_feature=58 58 16 57 48 42 40
split_gain=1.90503 2.31064 5.15094 4.77989 1.46298 2.871 0.904865
threshold=-9.4999999999999982 6.5000000000000009 1.0000000180025095e-35 -3.2499999999999996 0.95000000000000007 0.78174603174603186 38.350000000000001
decision_type=2 2 2 2 2 2 2
left_child=4 3 -3 -2 5 -1 -6
right_child=1 2 -4 -5 6 -7 -8
leaf_value=-0.060074995050582856 -0.046995319479894403 0.013405307607148554 -0.061832343363656603 -0.002742333186591 0.049161380214862882 0.038958763955359528 0.0059770302654201688
leaf_weight=1.3143088042270377 6.4295766964787608 34.848423104151152 2.3586194328963748 77.434081309795147 4.0953461690805852 1.545152061502449 1.7075688981567507
leaf_count=14 86 233 50 640 12 6 32
internal_value=0 -0.00160197 0.00861671 -0.0061434 0.0223312 -0.00633933 0.0365694
internal_weight=0 121.071 37.207 83.8637 8.66238 2.85946 5.80292
internal_count=1073 1009 283 726 64 20 44
is_linear=0
shrinkage=0.0493048


Tree=250
num_leaves=7
num_cat=0
split_feature=47 7 47 52 1 38
split_gain=1.90078 4.73304 3.28868 2.85458 2.29928 1.16828
threshold=13.750000000000002 6.5000000000000009 34.550000000000004 8.5000000000000018 1.5000000000000002 25.000000000000004
decision_type=2 2 2 2 2 2
left_child=1 4 -2 -4 -1 -3
right_child=2 5 3 -5 -6 -7
leaf_value=-0.07604942336500517 -0.062393499296721666 0.054110708823995483 -0.016899782187163176 0.002989664346709687 0.01472995216794484 0.01507871077203899
leaf_weight=1.533826819271779 2.1375238219043231 4.8924557690043002 21.519608691043686 94.811916087259306 1.1965398141182957 3.1008453207323328
leaf_count=14 40 17 237 740 8 17
internal_value=0 0.0198724 -0.00180361 -0.000684134 -0.0360393 0.0390544
internal_weight=0 10.7237 118.469 116.332 2.73037 7.9933
internal_count=1073 56 1017 977 22 34
is_linear=0
shrinkage=0.0493048


Tree=251
num_leaves=8
num_cat=0
split_feature=30 64 57 52 57 57 46
split_gain=1.89207 2.72537 5.52062 4.19949 1.98183 2.89685 1.35196
threshold=1.0000000180025095e-35 2.9500000000000006 -1.0000000180025095e-35 65.000000000000014 0.75000000000000011 -3.2499999999999996 2.5000000000000004
decision_type=2 2 2 2 2 2 2
left_child=1 3 -3 -1 5 -2 -6
right_child=4 2 -4 -5 6 -7 -8
leaf_value=0.0052768437088620036 0.049513741485752959 0.005242856795530733 -0.018103321886272433 0.068540463695345957 0.062135914122142269 -0.037448361101829697 0.013126857084375443
leaf_weight=16.230275001376871 1.4697793317027392 56.183820133504923 43.792892402649159 3.0322741791605941 3.0568007826805115 2.5299808478448522 2.5494383621844463
leaf_count=62 5 386 554 8 3 31 24
internal_value=0 -0.00170026 -0.00497709 0.0152728 0.0210449 -0.00532551 0.0399719
internal_weight=0 119.239 99.9767 19.2625 9.606 3.99976 5.60624
internal_count=1073 1010 940 70 63 36 27
is_linear=0
shrinkage=0.0493048


Tree=252
num_leaves=7
num_cat=0
split_feature=59 59 9 38 63 65
split_gain=1.87602 2.74481 4.41615 2.87338 0.236088 1.69526
threshold=550.00000000000011 350.00000000000006 1.0000000180025095e-35 1.5000000000000002 1.5000000000000002 12.500000000000002
decision_type=2 2 2 2 2 2
left_child=1 3 -3 -1 -2 -6
right_child=4 2 -4 -5 5 -7
leaf_value=0.030208151403277022 0.050335981595230395 -0.056569731635982695 0.030112852633906211 -0.0013043902992265803 -0.050200384440538433 0.045503765492301979
leaf_weight=7.5121453051688141 1.3749863393604749 4.8959055895684278 2.0057358509511687 110.05395128362579 0.57219529611757058 2.0191015619784594
leaf_count=37 4 197 11 777 31 16
internal_value=0 -0.0010648 -0.0312834 0.000703917 0.0333756 0.024108
internal_weight=0 124.468 6.90164 117.566 3.96628 2.5913
internal_count=1073 1022 208 814 51 47
is_linear=0
shrinkage=0.0493048


Tree=253
num_leaves=6
num_cat=0
split_feature=41 59 41 1 31
split_gain=1.85138 2.4698 4.74213 3.03128 0.735463
threshold=4.9500000000000011 -149.99999999999997 1.5500000000000003 11.500000000000002 1.0000000180025095e-35
decision_type=2 2 2 2 2
left_child=1 2 -1 -3 -2
right_child=4 3 -4 -5 -6
leaf_value=-0.020521636268587384 -0.059683699373006334 -0.00086001869575355074 0.035347922042878441 -0.063583000795978853 0.0085749672738758519
leaf_weight=5.3262557612033588 1.7327949316822917 106.57080741957179 11.960083226236746 1.9061260598245997 0.47199822106631462
leaf_count=47 44 907 44 21 10
internal_value=0 0.000784065 0.0180957 -0.0019688 -0.0447797
internal_weight=0 125.763 17.2863 108.477 2.20479
internal_count=1073 1019 91 928 54
is_linear=0
shrinkage=0.0493048


Tree=254
num_leaves=8
num_cat=0
split_feature=10 55 61 52 46 55 47
split_gain=1.88642 2.61749 7.63537 4.96396 2.38845 3.34664 2.32345
threshold=1.0000000180025095e-35 0.95000000000000007 0.21807065217391303 8.5000000000000018 6.5000000000000009 3.2500000000000004 38.95000000000001
decision_type=2 2 2 2 2 2 2
left_child=1 2 -1 -3 6 -6 -2
right_child=4 3 -4 -5 5 -7 -8
leaf_value=-0.032460281468126274 0.0082922455966347279 -0.03185152184293924 0.0044679738426522363 0.011148012890124612 -0.058963332677233249 0.052445929122475143 0.05827548419588751
leaf_weight=21.718549885379616 5.0639713599812222 7.5020101646659887 36.394058260601014 49.9120706525282 1.8976903414004476 0.99497574975248415 4.1362675381824374
leaf_count=196 29 140 184 476 40 4 4
internal_value=0 -0.00194168 -0.00932249 0.00551766 0.0185248 -0.0204127 0.0308387
internal_weight=0 115.527 58.1126 57.4141 12.0929 2.89267 9.20024
internal_count=1073 996 380 616 77 44 33
is_linear=0
shrinkage=0.0493048


Tree=255
num_leaves=7
num_cat=0
split_feature=58 64 65 64 53 14
split_gain=1.84636 2.24467 7.23231 3.20726 1.35017 3.60998
threshold=-9.4999999999999982 19.550000000000004 9.5000000000000018 17.450000000000003 3.5000000000000004 1.0000000180025095e-35
decision_type=2 2 2 2 2 2
left_child=4 3 -3 -2 -1 -6
right_child=1 2 -4 -5 5 -7
leaf_value=0.042440869286781771 -0.0014403646721286351 -0.056369457960979183 0.0072037353456314715 0.029477488732259402 -0.054684651868958052 0.039129242673002773
leaf_weight=4.1338290220592153 91.391386431176215 7.1052238375705228 11.178472308791241 8.952273663133381 1.6278915115981361 2.5669069982832298
leaf_count=13 436 235 312 26 42 9
internal_value=0 -0.00157729 -0.0174679 0.00131183 0.0224369 0.00256294
internal_weight=0 118.627 18.2837 100.344 8.32863 4.1948
internal_count=1073 1009 547 462 64 51
is_linear=0
shrinkage=0.0493048


Tree=256
num_leaves=7
num_cat=0
split_feature=47 7 47 62 61 40
split_gain=1.81996 4.27559 3.00654 2.84925 2.26959 1.15111
threshold=13.750000000000002 6.5000000000000009 34.550000000000004 5.5000000000000009 0.31530214424951269 37.45000000000001
decision_type=2 2 2 2 2 2
left_child=1 4 -2 -4 -1 -3
right_child=2 5 3 -5 -6 -7
leaf_value=0.013670630051329749 -0.06153370647640298 0.014479081145786539 -0.0078480728340623567 0.0078170585257544244 -0.077358168741918601 0.053504015972825475
leaf_weight=1.2465883212862521 2.0107340932008801 3.1031942777335644 62.073667122924235 51.747353832819499 1.4028038331307469 4.707873102510348
leaf_count=13 40 14 554 423 9 20
internal_value=0 0.019691 -0.00178225 -0.000720399 -0.0342947 0.0380875
internal_weight=0 10.4605 115.832 113.821 2.64939 7.81107
internal_count=1073 56 1017 977 22 34
is_linear=0
shrinkage=0.0493048


Tree=257
num_leaves=8
num_cat=0
split_feature=38 61 57 30 31 7 7
split_gain=1.76534 3.70732 3.08874 4.04259 3.88836 2.57934 1.49166
threshold=2.5000000000000004 0.35388994307400384 2.7500000000000004 1.0000000180025095e-35 3.5000000000000004 2.5000000000000004 12.500000000000002
decision_type=2 2 2 2 2 2 2
left_child=1 5 4 -4 -2 -1 -3
right_child=2 6 3 -5 -6 -7 -8
leaf_value=-0.013850441376819622 -0.0010764823610414347 -0.0019089780828873552 -0.039411110671906037 0.034910053851794846 0.054433731898625028 0.038601900299137785 -0.080763950254947273
leaf_weight=2.9502240227302527 95.836836497706827 1.2105720788240426 9.7612298364692816 2.1656540059484533 3.1676087427767916 9.7736095156578795 1.1561814919114111
leaf_count=33 744 10 158 9 23 84 12
internal_value=0 0.0158178 -0.00215569 -0.0258596 0.000693579 0.0263888 -0.0407244
internal_weight=0 15.0906 110.931 11.9269 99.0044 12.7238 2.36675
internal_count=1073 139 934 167 767 117 22
is_linear=0
shrinkage=0.0493048


Tree=258
num_leaves=8
num_cat=0
split_feature=38 38 57 64 0 19 62
split_gain=1.78243 3.03774 4.75322 3.08207 2.93489 2.82674 0.0121546
threshold=85.000000000000014 55.000000000000007 -0.74999999999999989 9.3500000000000032 7.5000000000000009 1.0000000180025095e-35 1.5000000000000002
decision_type=2 2 2 2 2 2 2
left_child=1 3 -3 -1 5 -2 -6
right_child=4 2 -4 -5 6 -7 -8
leaf_value=0.006270801665679308 0.03372322477366798 -0.00069259631752537597 -0.062219106019003503 -0.01328564493466159 -0.073902983285168478 -0.013958426946533316 -0.053146473449078455
leaf_weight=69.034672019071877 11.176300692372026 7.8298927552532405 5.0244007906876487 27.346102590527153 0.40997297404101007 4.1196191795752375 0.72142342728329822
leaf_count=255 55 55 71 530 4 80 23
internal_value=0 -0.00228104 -0.0247955 0.000715228 0.0151378 0.0208387 -0.0613063
internal_weight=0 109.235 12.8543 96.3808 16.4273 15.2959 1.1314
internal_count=1073 911 126 785 162 135 27
is_linear=0
shrinkage=0.0493048


Tree=259
num_leaves=7
num_cat=0
split_feature=59 64 52 38 47 63
split_gain=1.7355 2.59679 6.39754 3.02198 0.226232 1.71094
threshold=550.00000000000011 19.550000000000004 85.000000000000014 85.000000000000014 36.150000000000013 1.5000000000000002
decision_type=2 2 2 2 2 2
left_child=1 3 -3 -1 -2 -6
right_child=4 2 -4 -5 5 -7
leaf_value=-0.00082385711838286948 0.045077924870178865 -0.040945784055574766 0.020565483212650046 0.027466320204685573 0.052221809288628414 -0.049938914408626869
leaf_weight=93.493825878016651 1.9215562155004584 11.253202227526346 6.4587517721811301 10.173359073698519 1.2661592485383151 0.5749877820489927
leaf_count=439 8 451 94 38 3 40
internal_value=0 -0.0010289 -0.0184789 0.0019464 0.0329664 0.0199538
internal_weight=0 121.379 17.712 103.667 3.7627 1.84115
internal_count=1073 1022 545 477 51 43
is_linear=0
shrinkage=0.0493048


Tree=260
num_leaves=8
num_cat=0
split_feature=58 7 43 5 48 41 39
split_gain=1.77814 2.3472 4.76591 3.21816 1.34428 0.779906 0.593638
threshold=-9.4999999999999982 107.50000000000001 -1.0000000180025095e-35 8.5000000000000018 0.95000000000000007 0.55000000000000016 5.5000000000000009
decision_type=2 2 2 2 2 2 2
left_child=4 3 -3 -2 6 -6 -1
right_child=1 2 -4 -5 5 -7 -8
leaf_value=-0.027143407325914658 -0.0028053484353539136 0.049818820523659331 -0.065706334373286671 0.026076270595111129 0.048536622711113017 0.0057511859604131785 0.018930405026573928
leaf_weight=1.4594356758752822 101.65325205249246 1.158072280231863 3.402329562639351 10.330569979589198 3.8499696375802159 1.4664328340440986 1.2585831868927924
leaf_count=9 885 4 66 54 9 35 11
internal_value=0 -0.00155299 -0.0362224 -0.000134973 0.0224267 0.0368608 -0.00557106
internal_weight=0 116.544 4.5604 111.984 8.03442 5.3164 2.71802
internal_count=1073 1009 70 939 64 44 20
is_linear=0
shrinkage=0.0493048


Tree=261
num_leaves=8
num_cat=0
split_feature=10 64 39 56 49 58 47
split_gain=1.71493 2.62075 3.09726 2.29236 4.43019 2.04692 0.726655
threshold=1.0000000180025095e-35 2.1500000000000008 4.5000000000000009 0.40833333333333338 0.54195804195804198 1.5000000000000002 38.750000000000007
decision_type=2 2 2 2 2 2 2
left_child=1 5 -3 6 -5 -1 -2
right_child=3 2 -4 4 -6 -7 -8
leaf_value=-0.0039743413359727003 0.016634665780604456 -0.014006279302396646 0.0031950401796052574 -0.084845430697252158 0.018621033529314608 0.046893607790616666 0.054690534504762842
leaf_weight=3.2774336561560622 1.9557230691425482 43.44593967331457 61.319052747334354 1.2644651088630778 4.8964657635369804 4.5772650539875031 3.52097099085222
leaf_count=16 18 357 606 14 36 17 9
internal_value=0 -0.00186729 -0.00393221 0.0180127 -0.00252047 0.0255884 0.0412255
internal_weight=0 112.62 104.765 11.6376 6.16093 7.8547 5.47669
internal_count=1073 996 963 77 50 33 27
is_linear=0
shrinkage=0.0493048


Tree=262
num_leaves=6
num_cat=0
split_feature=61 61 46 64 46
split_gain=1.72772 2.26419 2.25969 0.805067 0.00963911
threshold=0.57738095238095244 0.56696428571428581 2.5000000000000004 2.5500000000000003 1.5000000000000002
decision_type=2 2 2 2 2
left_child=1 2 -1 -2 -5
right_child=3 -3 -4 4 -6
leaf_value=0.0091631755209826016 0.0019906713265895265 0.054850447914558689 -0.0050257554749688332 -0.071960514166946057 -0.055011374045887414
leaf_weight=41.990546082495712 0.64667425304651205 1.8528836164623488 77.904043373389868 0.64531515538692452 0.90976235223934054
leaf_count=181 4 5 857 3 23
internal_value=0 0.000779781 -5.09281e-05 -0.0432783 -0.0625085
internal_weight=0 121.747 119.895 2.20175 1.55508
internal_count=1073 1043 1038 30 26
is_linear=0
shrinkage=0.0493048


Tree=263
num_leaves=8
num_cat=0
split_feature=38 61 38 5 48 7 41
split_gain=1.72785 3.48685 2.77247 7.22918 3.04002 2.29061 1.38776
threshold=2.5000000000000004 0.35388994307400384 8.5000000000000018 4.5000000000000009 0.65000000000000002 2.5000000000000004 0.15000000000000005
decision_type=2 2 2 2 2 2 2
left_child=1 5 3 -2 -4 -1 -3
right_child=2 6 4 -5 -6 -7 -8
leaf_value=-0.01201423030526777 -0.055038181407384458 0.0033226531392853984 -0.0093600488960443248 0.042622198988454749 0.0079563163854367291 0.037660170096052686 -0.073404190056394883
leaf_weight=2.9238618536619461 6.6677162123960425 0.99398944294080083 44.470681515871547 2.5378494400065392 55.276363637967734 9.623579405131748 1.303538948530331
leaf_count=33 153 9 238 40 503 84 13
internal_value=0 0.0157763 -0.00215346 -0.0280421 0.000229555 0.026033 -0.0399415
internal_weight=0 14.845 108.953 9.20557 99.747 12.5474 2.29753
internal_count=1073 139 934 193 741 117 22
is_linear=0
shrinkage=0.0493048


Tree=264
num_leaves=5
num_cat=0
split_feature=57 60 39 57
split_gain=1.70878 3.75601 2.66599 0.0209756
threshold=-6.7499999999999991 -1.0000000180025095e-35 13.500000000000002 2.7500000000000004
decision_type=2 2 2 2
left_child=-1 3 -3 -2
right_child=1 2 -4 -5
leaf_value=0.038642655232652139 -0.057801236003546197 0.0015878196317414103 -0.044208169959145463 -0.075851883896970063
leaf_weight=2.7186795664019874 1.8428463328746141 115.08623532287311 3.1740791860502204 0.53751750336959947
leaf_count=12 48 921 80 12
internal_value=0 -0.000876313 0.000352771 -0.0621835
internal_weight=0 120.641 118.26 2.38036
internal_count=1073 1061 1001 60
is_linear=0
shrinkage=0.0493048


Tree=265
num_leaves=7
num_cat=0
split_feature=58 63 62 48 56 39
split_gain=1.6648 2.18496 2.21323 1.24324 0.787229 0.532504
threshold=-9.4999999999999982 14.500000000000002 5.5000000000000009 0.95000000000000007 0.24038461538461539 5.5000000000000009
decision_type=2 2 2 2 2 2
left_child=3 2 -2 5 -5 -1
right_child=1 -3 -4 4 -6 -7
leaf_value=-0.025332875460204445 -0.0067403482758130054 -0.056422863552929553 0.0071318802350132616 0.053650546533514275 0.014410214537618224 0.018445983928678935
leaf_weight=1.4565518951276311 63.812469873955706 1.7336533279158164 49.744162910676096 2.8399970366153866 2.3093849965371192 1.2457475210539994
leaf_count=9 581 52 376 9 35 11
internal_value=0 -0.00150253 -0.000657808 0.0219596 0.0361851 -0.00491157
internal_weight=0 115.29 113.557 7.85168 5.14938 2.7023
internal_count=1073 1009 957 64 44 20
is_linear=0
shrinkage=0.0493048


Tree=266
num_leaves=7
num_cat=0
split_feature=46 48 45 10 48 60
split_gain=1.64956 5.80918 8.31637 5.16088 4.2889 4.70871
threshold=2.5000000000000004 0.65000000000000002 7.5000000000000009 1.0000000180025095e-35 0.8500000000000002 0.097619047619047619
decision_type=2 2 2 2 2 2
left_child=4 3 -3 -2 5 -1
right_child=1 2 -4 -5 -6 -7
leaf_value=-0.012316498045302956 -0.054695277504716068 -0.054113396935979531 0.0067689211109886877 0.019025112838395426 0.072096025398251495 0.021301375574990969
leaf_weight=20.84119580721017 8.9635459678247553 5.9790272845420978 61.950051504012663 3.0929964045062652 2.3816274479031554 19.684775339381304
leaf_count=118 88 105 682 10 6 64
internal_value=0 -0.0041891 0.00139978 -0.0357291 0.00779372 0.00399691
internal_weight=0 79.9856 67.9291 12.0565 42.9076 40.526
internal_count=1073 885 787 98 188 182
is_linear=0
shrinkage=0.0493048


Tree=267
num_leaves=7
num_cat=0
split_feature=64 56 49 58 64 62
split_gain=1.62766 4.88828 6.46734 2.88811 2.23383 3.09119
threshold=9.3500000000000032 0.24038461538461539 0.25833333333333336 -10.499999999999998 8.3500000000000032 7.5000000000000009
decision_type=2 2 2 2 2 2
left_child=4 3 -3 -2 5 -1
right_child=1 2 -4 -5 -6 -7
leaf_value=-0.0027836919803679834 0.037442092712725694 0.030499320131559409 -0.013776848906177272 -0.057402842616012792 0.032484905002309918 0.024786360228470524
leaf_weight=58.899136886931956 0.88528369762934733 11.455262457951902 26.730724952707533 6.1148953633964984 6.2999234572052947 11.874603607691823
leaf_count=242 5 72 516 177 15 46
internal_value=0 -0.0074381 -0.000477113 -0.0453114 0.00434752 0.00183323
internal_weight=0 45.1862 38.186 7.00018 77.0737 70.7737
internal_count=1073 770 588 182 303 288
is_linear=0
shrinkage=0.0493048


Tree=268
num_leaves=7
num_cat=0
split_feature=59 64 62 64 63 63
split_gain=1.66367 2.51174 5.36447 2.03629 0.21929 1.46283
threshold=550.00000000000011 9.3500000000000032 6.5000000000000009 8.3500000000000032 13.500000000000002 1.5000000000000002
decision_type=2 2 2 2 2 2
left_child=1 3 -3 -1 5 -2
right_child=4 2 -4 -5 -6 -7
leaf_value=0.0018599790317802524 0.048947522070002768 -0.0037098681870633659 -0.055349419962089544 0.031309616596340704 0.04531961787861806 -0.049771319545575614
leaf_weight=70.573173700831831 1.2473244778811925 35.604320663551334 5.6750166565470854 6.2163167744874945 1.8280534676741806 0.50924416905036185
leaf_count=284 4 511 212 15 9 38
internal_value=0 -0.00101364 -0.0108262 0.00425288 0.0330766 0.0199453
internal_weight=0 118.069 41.2793 76.7895 3.58462 1.75657
internal_count=1073 1022 723 299 51 42
is_linear=0
shrinkage=0.0493048


Tree=269
num_leaves=8
num_cat=0
split_feature=38 61 58 56 58 47 7
split_gain=1.63519 3.21595 2.72381 5.96721 2.70261 2.14463 1.31938
threshold=2.5000000000000004 0.35388994307400384 12.500000000000002 0.06904761904761901 11.500000000000002 36.45000000000001 12.500000000000002
decision_type=2 2 2 2 2 2 2
left_child=1 5 4 -4 -2 -1 -3
right_child=2 6 3 -5 -6 -7 -8
leaf_value=-0.037988599859094759 -0.0022844400631693725 -0.0011038456178764601 0.057479766272687985 -0.062739877939166411 0.031664833508222613 0.032191532727334556 -0.077854239236838915
leaf_weight=1.1612140082288522 94.984224939369597 1.1281016264110797 1.2939933538436879 4.3992455623811111 6.062846274347975 11.076865825511048 1.0839152350090442
leaf_count=19 815 10 2 96 21 98 12
internal_value=0 0.0155554 -0.00211689 -0.0352957 -0.000240725 0.0254766 -0.0390261
internal_weight=0 14.4501 106.74 5.69324 101.047 12.2381 2.21202
internal_count=1073 139 934 98 836 117 22
is_linear=0
shrinkage=0.0493048


Tree=270
num_leaves=8
num_cat=0
split_feature=47 7 40 40 61 64 38
split_gain=1.66308 3.87837 2.70453 4.77146 2.19628 1.6497 1.24683
threshold=13.750000000000002 6.5000000000000009 35.45000000000001 36.550000000000004 0.31530214424951269 3.0500000000000003 25.000000000000004
decision_type=2 2 2 2 2 2 2
left_child=1 4 5 -4 -1 -2 -3
right_child=2 6 3 -5 -6 -7 -8
leaf_value=0.01503840302518745 0.056445483101945582 0.052953110295220741 0.025455557598503192 -0.0045828081849972587 -0.075715279468080238 -0.057708254360957167 0.011192633963821584
leaf_weight=1.212380151089745 0.33699029684066717 4.6430631063412875 14.929033648571929 92.464871645643143 1.3674911602865902 2.9511352011468261 2.8498650927795097
leaf_count=13 1 17 63 884 9 69 17
internal_value=0 0.0191691 -0.00175577 -0.000400851 -0.032827 -0.0457964 0.0371606
internal_weight=0 10.0728 110.682 107.394 2.57987 3.28813 7.49293
internal_count=1073 56 1017 947 22 70 34
is_linear=0
shrinkage=0.0493048


Tree=271
num_leaves=5
num_cat=0
split_feature=57 60 39 57
split_gain=1.61484 3.44493 2.37915 0.0131036
threshold=-6.7499999999999991 -1.0000000180025095e-35 13.500000000000002 2.7500000000000004
decision_type=2 2 2 2
left_child=-1 3 -3 -2
right_child=1 2 -4 -5
leaf_value=0.03829960733294388 -0.05727896557860853 0.0014765127403258056 -0.04266019162003603 -0.074325170721206132
leaf_weight=2.6156476323958477 1.7096447964431711 112.44276870766771 3.0481181262002783 0.51840989990159858
leaf_count=12 48 921 80 12
internal_value=0 -0.000860595 0.000305604 -0.0615716
internal_weight=0 117.719 115.491 2.22805
internal_count=1073 1061 1001 60
is_linear=0
shrinkage=0.0493048


Tree=272
num_leaves=8
num_cat=0
split_feature=64 64 40 53 52 1 5
split_gain=1.57687 3.17584 7.09563 3.86766 2.88599 2.33395 1.51082
threshold=2.8500000000000001 4.1500000000000012 37.550000000000004 11.500000000000002 35.000000000000007 3.5000000000000004 1.5000000000000002
decision_type=2 2 2 2 2 2 2
left_child=4 2 -2 -3 5 -1 -6
right_child=1 3 -4 -5 6 -7 -8
leaf_value=-0.015901975500086915 -0.077594355058854536 0.0029792569562629829 -0.0006513416064985861 -0.054025922094735168 0.064733854841185295 0.03320347653909634 0.015562232118433147
leaf_weight=7.8470262084156293 4.2217477150261393 86.089315553545021 9.4535722602158767 2.9923819005780379 3.1532055065035811 3.3580381274223328 3.014350887387991
leaf_count=36 27 750 38 191 9 11 11
internal_value=0 -0.00233284 -0.0244565 0.00105643 0.0137278 -0.00112582 0.040814
internal_weight=0 102.757 13.6753 89.0817 17.3726 11.2051 6.16756
internal_count=1073 1006 65 941 67 47 20
is_linear=0
shrinkage=0.0493048


Tree=273
num_leaves=7
num_cat=0
split_feature=59 3 41 41 60 0
split_gain=1.56651 3.74399 3.33893 2.9205 3.75198 3.55716
threshold=-149.99999999999997 1.5000000000000002 0.75000000000000011 2.0500000000000003 0.30384615384615393 1.5000000000000002
decision_type=2 2 2 2 2 2
left_child=1 -1 -3 4 -2 -5
right_child=3 2 -4 5 -6 -7
leaf_value=-0.051828317037059285 0.0022517287549372392 -0.035943614817367783 0.030605691812367351 -0.056609860441616214 -0.058042891064688525 -0.00023137038074795945
leaf_weight=1.8890260086627702 88.674353768699802 2.1108688893727949 13.512283473071873 5.0798037114145682 2.5806219407822928 5.9062972016108688
leaf_count=18 693 26 65 151 24 96
internal_value=0 0.0136133 0.0215706 -0.00234565 0.000538841 -0.0263621
internal_weight=0 17.5122 15.6232 102.241 91.255 10.9861
internal_count=1073 109 91 964 717 247
is_linear=0
shrinkage=0.0493048


Tree=274
num_leaves=7
num_cat=0
split_feature=58 7 43 64 53 14
split_gain=1.56811 2.16418 4.30035 2.83733 1.2365 3.07956
threshold=-9.4999999999999982 107.50000000000001 -1.0000000180025095e-35 2.9500000000000006 3.5000000000000004 1.0000000180025095e-35
decision_type=2 2 2 2 2 2
left_child=4 3 -3 -2 -1 -6
right_child=1 2 -4 -5 5 -7
leaf_value=0.041619447131290226 0.017822363096361715 0.049114543065023095 -0.064574032974499554 -0.0036882518480052485 -0.054032189043310482 0.037523483842966873
leaf_weight=3.7886329714674494 17.877393944188952 1.0744536016136406 3.2039410584256975 89.668207164300838 1.4667778137372809 2.2780416634632275
leaf_count=13 65 4 66 874 42 9
internal_value=0 -0.00148065 -0.0358658 -0.00010634 0.0217578 0.00148406
internal_weight=0 111.824 4.27839 107.546 7.53345 3.74482
internal_count=1073 1009 70 939 64 51
is_linear=0
shrinkage=0.0493048


Tree=275
num_leaves=8
num_cat=0
split_feature=55 61 41 39 60 64 45
split_gain=1.59607 6.27875 12.3078 7.24412 4.30239 7.29002 5.58681
threshold=0.95000000000000007 0.25760368663594474 1.7500000000000002 5.5000000000000009 0.059411764705882351 3.2500000000000004 9.5000000000000018
decision_type=2 2 2 2 2 2 2
left_child=1 2 -1 -3 6 -6 -2
right_child=4 3 -4 -5 5 -7 -8
leaf_value=-0.048484357661685615 -0.047004106511794021 0.022893196519228522 0.017956077093901134 -0.027870415308419032 0.028385052952497124 -0.032329690450588588 0.022726675551271808
leaf_weight=17.354462700430307 3.0538706299266769 24.66397577081807 11.102393171575384 9.4431773998076078 7.3142963927239206 13.98805999336764 32.000741605472285
leaf_count=168 81 83 81 82 29 230 319
internal_value=0 -0.00543438 -0.0225402 0.00881889 0.00600504 -0.011452 0.0166321
internal_weight=0 62.564 28.4569 34.1072 56.357 21.3024 35.0546
internal_count=1073 414 249 165 659 259 400
is_linear=0
shrinkage=0.0493048


Tree=276
num_leaves=7
num_cat=0
split_feature=38 38 57 64 0 19
split_gain=1.56008 2.80385 4.18736 2.74078 2.60384 2.56864
threshold=85.000000000000014 55.000000000000007 -0.74999999999999989 9.3500000000000032 7.5000000000000009 1.0000000180025095e-35
decision_type=2 2 2 2 2 2
left_child=1 3 -3 -1 5 -2
right_child=4 2 -4 -5 -6 -7
leaf_value=0.0059988488955802803 0.03312593228066698 -0.0012981038747150384 -0.06146140963033743 -0.013234237400437835 -0.059998238388369735 -0.01384722634748109
leaf_weight=65.933005331084132 10.331461899913846 7.2587326749926433 4.6135411421419104 24.775369648443302 1.0509398286812928 3.8741041714092708
leaf_count=255 55 55 71 530 27 80
internal_value=0 -0.00220376 -0.0247357 0.00073842 0.014694 0.0202698
internal_weight=0 102.581 11.8723 90.7084 15.2565 14.2056
internal_count=1073 911 126 785 162 135
is_linear=0
shrinkage=0.0493048


Tree=277
num_leaves=8
num_cat=0
split_feature=10 55 60 17 56 15 47
split_gain=1.56812 2.49206 6.18309 4.17799 2.06767 4.34415 0.669548
threshold=1.0000000180025095e-35 0.95000000000000007 0.084219858156028365 1.5000000000000002 0.40833333333333338 3.5000000000000004 38.750000000000007
decision_type=2 2 2 2 2 2 2
left_child=1 2 -1 -3 6 -6 -2
right_child=4 3 -4 -5 5 -7 -8
leaf_value=-0.025852245634273782 0.016420735072031362 0.0024313752676863466 0.0075996590104314213 0.063994391404096587 0.018803542771301366 -0.086796714485967638 0.053806368734888969
leaf_weight=27.201176397909876 1.8920106386067326 49.724055321450578 26.49115619121585 2.8335746963275588 4.7281391584256198 1.1825932240753898 3.3005200971092563
leaf_count=251 18 597 129 19 28 22 9
internal_value=0 -0.00186027 -0.00933557 0.0057641 0.0176119 -0.00222703 0.0403156
internal_weight=0 106.25 53.6923 52.5576 11.1033 5.91073 5.19253
internal_count=1073 996 380 616 77 50 27
is_linear=0
shrinkage=0.0493048


Tree=278
num_leaves=8
num_cat=0
split_feature=38 61 57 41 31 7 41
split_gain=1.51866 2.96765 2.60777 3.57792 3.29447 1.96478 1.25416
threshold=2.5000000000000004 0.35388994307400384 2.7500000000000004 0.25000000000000006 3.5000000000000004 2.5000000000000004 0.15000000000000005
decision_type=2 2 2 2 2 2 2
left_child=1 5 4 -4 -2 -1 -3
right_child=2 6 3 -5 -6 -7 -8
leaf_value=-0.010709888708235573 -0.0010730698831074345 0.004127148563091273 0 -0.056926277842555287 0.052222225389610855 0.036335655328500374 -0.070846976514260696
leaf_weight=2.8159323229338034 89.296679607592523 0.95052194828167502 6.0920130368613155 4.7666840000019874 2.9101118588878299 8.9661178358364833 1.2153519587591288
leaf_count=33 744 9 45 122 23 84 13
internal_value=0 0.0152523 -0.00208209 -0.0249361 0.000602536 0.0250366 -0.0376588
internal_weight=0 13.9479 103.065 10.8587 92.2068 11.7821 2.16587
internal_count=1073 139 934 167 767 117 22
is_linear=0
shrinkage=0.0493048


Tree=279
num_leaves=7
num_cat=0
split_feature=59 3 41 41 3 64
split_gain=1.52967 3.45517 3.04773 2.6902 3.57499 3.4769
threshold=-149.99999999999997 1.5000000000000002 0.75000000000000011 2.0500000000000003 1.5000000000000002 7.3500000000000005
decision_type=2 2 2 2 2 2
left_child=1 -1 -3 4 -2 -5
right_child=3 2 -4 5 -6 -7
leaf_value=-0.050298796700806093 0.01899636121991042 -0.035111694043522809 0.030031180862504486 -0.0023176780100473619 -0.0048090321640036201 -0.059691399703538345
leaf_weight=1.8261201705317969 19.690484520746395 2.0029140521073705 13.175771813432219 6.3337589427828771 69.304855072376085 4.3461202824837528
leaf_count=18 125 26 65 30 592 217
internal_value=0 0.0136509 0.0213905 -0.0023481 0.000450858 -0.0257302
internal_weight=0 17.0048 15.1787 99.6752 88.9953 10.6799
internal_count=1073 109 91 964 717 247
is_linear=0
shrinkage=0.0493048


Tree=280
num_leaves=7
num_cat=0
split_feature=30 64 5 4 24 65
split_gain=1.51702 2.94634 2.42976 5.6055 3.04456 2.0503
threshold=1.0000000180025095e-35 3.6500000000000008 1.0000000180025095e-35 1.0000000180025095e-35 1.0000000180025095e-35 4.5000000000000009
decision_type=2 2 2 2 2 2
left_child=2 -2 4 -4 -1 -3
right_child=1 5 3 -5 -6 -7
leaf_value=0.0014509962866518578 -0.071886431175451015 0.046620224097648856 -0.045385015859609731 -0.0020598880821753839 0.037386973572122534 -0.006661663657570518
leaf_weight=46.34178781445371 0.76998820155858805 5.2686942832078785 8.6258668763330189 46.04926425308804 6.5466255424544206 2.6026994053681847
leaf_count=407 4 13 98 488 17 46
internal_value=0 0.0198558 -0.00161486 -0.00890777 0.00591219 0.0289215
internal_weight=0 8.64138 107.564 54.6751 52.8884 7.87139
internal_count=1073 63 1010 586 424 59
is_linear=0
shrinkage=0.0493048


Tree=281
num_leaves=8
num_cat=0
split_feature=40 40 62 48 46 45 45
split_gain=1.4859 4.34887 3.55234 3.22307 5.41683 5.20865 2.90406
threshold=39.050000000000004 39.850000000000001 7.5000000000000009 0.8500000000000002 2.5000000000000004 7.5000000000000009 1.5000000000000002
decision_type=2 2 2 2 2 2 2
left_child=3 6 -3 4 -1 -5 -2
right_child=1 2 -4 5 -6 -7 -8
leaf_value=0.0042230631338839369 0.050374356334836473 -0.012218544009099649 0.039255303750753555 -0.049689108966590671 -0.032551668515386732 0.016656535051278988 -0.056593237740492949
leaf_weight=34.332176082010847 0.68251199088990944 11.417966263950801 4.5576476827263823 3.0810834504372897 13.578957273100967 42.338511217210907 5.8442944078706205
leaf_count=138 3 261 46 48 117 302 158
internal_value=0 -0.011389 0.00242739 0.00272542 -0.00618658 0.0121405 -0.0453014
internal_weight=0 22.5024 15.9756 93.3307 47.9111 45.4196 6.52681
internal_count=1073 468 307 605 255 350 161
is_linear=0
shrinkage=0.0493048


Tree=282
num_leaves=8
num_cat=0
split_feature=64 65 63 49 40 7 49
split_gain=1.4978 6.74868 3.78915 2.45191 4.77978 4.27853 0.0139625
threshold=19.550000000000004 9.5000000000000018 6.5000000000000009 0.82575757575757591 37.45000000000001 21.500000000000004 0.89444444444444449
decision_type=2 2 2 2 2 2 2
left_child=3 6 -3 4 -1 -5 -2
right_child=1 2 -4 5 -6 -7 -8
leaf_value=-0.02156625877019936 -0.052638411031783704 -0.054685705786148703 0.021972290466522239 0.029902172772222357 0.0058503228903057395 -0.030201543263944232 -0.062079833713036797
leaf_weight=21.056759388186038 4.3381524898868546 1.8779300293535914 9.3802543899510038 15.098156011197718 58.095433023292571 3.5464893118478349 1.7067804537073241
leaf_count=119 203 143 194 52 286 30 46
internal_value=0 -0.0133906 0.00912349 0.00234619 -0.00143527 0.0184336 -0.0554225
internal_weight=0 17.3031 11.2582 97.7968 79.1522 18.6446 6.04493
internal_count=1073 586 337 487 405 82 249
is_linear=0
shrinkage=0.0493048


Tree=283
num_leaves=7
num_cat=0
split_feature=10 39 24 63 61 47
split_gain=1.46825 2.30851 4.13054 3.94801 1.93918 1.83804
threshold=1.0000000180025095e-35 4.5000000000000009 1.0000000180025095e-35 2.5000000000000004 0.37321428571428578 38.750000000000007
decision_type=2 2 2 2 2 2
left_child=1 3 -3 -1 5 -2
right_child=4 2 -4 -5 -6 -7
leaf_value=0.023513525447607611 0.0024213184835792947 0.00027518486449653413 0.044015181975386133 -0.016407269377502649 -0.030570113684673945 0.047082459713940289
leaf_weight=7.1296410799550349 4.2145440930034948 52.235452994849766 5.8374600561801335 38.401838599238545 1.7173885824158777 4.8599078181141522
leaf_count=59 41 591 23 323 16 20
internal_value=0 -0.00182529 0.00468385 -0.0101415 0.0172836 0.0264144
internal_weight=0 103.604 58.0729 45.5315 10.7918 9.07445
internal_count=1073 996 614 382 77 61
is_linear=0
shrinkage=0.0493048


Tree=284
num_leaves=7
num_cat=0
split_feature=30 64 58 40 59 60
split_gain=1.46633 2.33976 3.43187 2.99875 1.86726 2.37249
threshold=1.0000000180025095e-35 2.8500000000000001 6.5000000000000009 36.650000000000013 175.00000000000003 0.059411764705882351
decision_type=2 2 2 2 2 2
left_child=1 3 -3 -1 5 -2
right_child=4 2 -4 -5 -6 -7
leaf_value=0.057873071633454468 0.019562838231811062 -0.011293739778915022 0.0096044448143942657 0.0049904758794371857 0.047370975285746117 -0.060002723550695698
leaf_weight=3.2491732388734844 3.7632207938004267 61.264237916155253 27.726361145178089 13.350109899416564 3.4897122930269688 1.2007125763630027
leaf_count=10 24 696 249 55 17 22
internal_value=0 -0.00159983 -0.00477526 0.0153841 0.0197394 0.000177035
internal_weight=0 105.59 88.9906 16.5993 8.45365 4.96393
internal_count=1073 1010 945 65 63 46
is_linear=0
shrinkage=0.0493048


Tree=285
num_leaves=6
num_cat=0
split_feature=58 63 62 53 14
split_gain=1.47959 1.89739 1.86353 1.09698 2.75742
threshold=-9.4999999999999982 14.500000000000002 5.5000000000000009 3.5000000000000004 1.0000000180025095e-35
decision_type=2 2 2 2 2
left_child=3 2 -2 -1 -5
right_child=1 -3 -4 4 -6
leaf_value=0.040990012703243796 -0.0064756813969685714 -0.055715334376194463 0.0067523614508890432 -0.053438955907233618 0.036940691230566966
leaf_weight=3.5843236092478028 58.902963080559857 1.5434216873254616 46.174942995741731 1.3349872581602542 2.123789737583138
leaf_count=13 581 52 376 42 9
internal_value=0 -0.0014603 -0.000656623 0.0218708 0.00186315
internal_weight=0 106.621 105.078 7.0431 3.45878
internal_count=1073 1009 957 64 51
is_linear=0
shrinkage=0.0493048


Tree=286
num_leaves=7
num_cat=0
split_feature=47 7 47 56 61 38
split_gain=1.45287 3.27556 2.37739 2.29914 2.15918 1.09266
threshold=13.750000000000002 6.5000000000000009 34.550000000000004 0.087121212121212113 0.31530214424951269 25.000000000000004
decision_type=2 2 2 2 2 2
left_child=1 4 -2 -4 -1 -3
right_child=2 5 3 -5 -6 -7
leaf_value=0.018003914341596761 -0.059624293667124677 0.050888646839527756 -0.026113827614441726 0.0014098866695632316 -0.073787132120244847 0.010852763751046253
leaf_weight=1.168584883329457 1.6941027991997533 4.3425641627982259 8.0029999542748538 94.083344109414611 1.3109882415737955 2.7563222855096683
leaf_count=13 40 17 87 890 9 17
internal_value=0 0.018358 -0.0017098 -0.00074172 -0.030277 0.0354393
internal_weight=0 9.57846 103.78 102.086 2.47957 7.09889
internal_count=1073 56 1017 977 22 34
is_linear=0
shrinkage=0.0493048


Tree=287
num_leaves=8
num_cat=0
split_feature=40 40 11 47 19 58 43
split_gain=1.43955 4.01207 3.23169 2.93546 4.72555 4.36289 2.60667
threshold=39.050000000000004 39.850000000000001 1.0000000180025095e-35 38.95000000000001 8.5000000000000018 6.5000000000000009 -1.0000000180025095e-35
decision_type=2 2 2 2 2 2 2
left_child=3 6 -3 5 -5 -1 -2
right_child=1 2 -4 4 -6 -7 -8
leaf_value=-0.0088584318888896858 0.048540329166419476 -0.022611369006662562 0.022313083356702436 0.0058266499548601022 0.065608696086197169 0.017842652833981284 -0.056168923417967982
leaf_weight=53.931772439129418 0.6382376942783593 7.1486402445007107 8.5379676304582954 12.465074246865699 4.3442545293073627 20.536245573835913 5.5024852150236283
leaf_count=372 3 198 109 126 17 90 158
internal_value=0 -0.0113879 0.00179875 0.00270666 0.0213188 -0.00148613 -0.0451734
internal_weight=0 21.8273 15.6866 91.2773 16.8093 74.468 6.14072
internal_count=1073 468 307 605 143 462 161
is_linear=0
shrinkage=0.0493048


Tree=288
num_leaves=7
num_cat=0
split_feature=58 64 52 57 53 14
split_gain=1.44874 1.79155 4.05624 3.9922 1.01788 2.54887
threshold=-9.4999999999999982 2.9500000000000006 65.000000000000014 -1.0000000180025095e-35 3.5000000000000004 1.0000000180025095e-35
decision_type=2 2 2 2 2 2
left_child=4 2 -2 -3 -1 -6
right_child=1 3 -4 -5 5 -7
leaf_value=0.040396159740963555 0.002727774872723519 0.0047853456479068886 0.067470320467707345 -0.016496530859081333 -0.053062606942854411 0.036007828331362866
leaf_weight=3.5302594295935696 15.581432245671751 49.646798922971357 2.7750887125730506 37.657213803729974 1.2539321863150692 2.0641471003764309
leaf_count=13 63 392 7 547 42 9
internal_value=0 -0.00143746 0.0125542 -0.00438691 0.0219614 0.00214519
internal_weight=0 105.661 18.3565 87.304 6.84834 3.31808
internal_count=1073 1009 70 939 64 51
is_linear=0
shrinkage=0.0493048


Tree=289
num_leaves=7
num_cat=0
split_feature=59 64 62 60 47 63
split_gain=1.44412 2.25568 4.5328 2.2947 0.173056 1.38018
threshold=550.00000000000011 9.3500000000000032 6.5000000000000009 -1.0000000180025095e-35 36.150000000000013 1.5000000000000002
decision_type=2 2 2 2 2 2
left_child=1 3 -3 -1 -2 -6
right_child=4 2 -4 -5 5 -7
leaf_value=-0.065599488879470508 0.044883420267717584 -0.0040452115596530955 -0.054733485038910352 0.0052259041143199519 0.051241099275049599 -0.049442769280433237
leaf_weight=1.1275469493120898 1.574129511136561 31.933812638482777 4.9603458420315283 70.971943094395101 1.0898562539368866 0.46864033269230265
leaf_count=10 8 511 212 289 3 40
internal_value=0 -0.000959054 -0.0108792 0.00410828 0.032989 0.0205355
internal_weight=0 108.994 36.8942 72.0995 3.13263 1.5585
internal_count=1073 1022 723 299 51 43
is_linear=0
shrinkage=0.0493048


Tree=290
num_leaves=7
num_cat=0
split_feature=38 38 64 64 0 19
split_gain=1.40081 2.52062 3.80957 2.39247 2.32611 2.24711
threshold=85.000000000000014 55.000000000000007 82.450000000000003 9.3500000000000032 7.5000000000000009 1.0000000180025095e-35
decision_type=2 2 2 2 2 2
left_child=1 3 -3 -1 5 -2
right_child=4 2 -4 -5 -6 -7
leaf_value=0.0056429597452232255 0.032446997492384097 -0.036339295705044843 0.045317045731319817 -0.0129361638676677 -0.058943278611796109 -0.012727848215409137
leaf_weight=63.474060200154781 9.5925484684994391 9.4293663490097952 1.6213092131074507 22.931557764328318 0.97321935134823512 3.6876457360340291
leaf_count=255 55 110 16 530 27 80
internal_value=0 -0.00212398 -0.0242969 0.000704549 0.014424 0.0198539
internal_weight=0 97.4563 11.0507 86.4056 14.2534 13.2802
internal_count=1073 911 126 785 162 135
is_linear=0
shrinkage=0.0493048


Tree=291
num_leaves=4
num_cat=0
split_feature=57 60 39
split_gain=1.42002 2.94055 2.11405
threshold=-6.7499999999999991 -1.0000000180025095e-35 13.500000000000002
decision_type=2 2 2
left_child=-1 -2 -3
right_child=1 2 -4
leaf_value=0.037385678722913575 -0.060607109195577519 0.0013822262943372322 -0.042484973456810099
leaf_weight=2.4135479015531009 1.9641068039054506 104.14336369902594 2.739624487789114
leaf_count=12 60 921 80
internal_value=0 -0.000841495 0.000251317
internal_weight=0 108.847 106.883
internal_count=1073 1061 1001
is_linear=0
shrinkage=0.0493048


Tree=292
num_leaves=6
num_cat=0
split_feature=58 63 7 49 39
split_gain=1.4008 1.75334 1.75686 0.997369 0.618301
threshold=-9.4999999999999982 14.500000000000002 107.50000000000001 0.19375000000000003 4.5000000000000009
decision_type=2 2 2 2 2
left_child=3 2 -2 -1 -5
right_child=1 -3 -4 4 -6
leaf_value=-0.010936530227396169 0.00060395330976308124 -0.055516850582633968 -0.033639433601281223 0.049105634032329037 0.013712899953716249
leaf_weight=1.6504979724995781 99.23860962910112 1.4349201646400604 3.779056455474346 2.6944643683964387 2.2783019758644514
leaf_count=14 893 52 64 10 40
internal_value=0 -0.00140685 -0.000646264 0.0219738 0.0330275
internal_weight=0 104.453 103.018 6.62326 4.97277
internal_count=1073 1009 957 64 50
is_linear=0
shrinkage=0.0493048


Tree=293
num_leaves=8
num_cat=0
split_feature=47 7 40 40 1 64 40
split_gain=1.39706 3.09037 2.20908 4.08253 2.08813 1.40021 0.98592
threshold=13.750000000000002 6.5000000000000009 35.45000000000001 36.550000000000004 1.5000000000000002 3.0500000000000003 37.45000000000001
decision_type=2 2 2 2 2 2 2
left_child=1 4 5 -4 -1 -2 -3
right_child=2 6 3 -5 -6 -7 -8
leaf_value=-0.070203961343738394 0.054832399117309173 0.012319235620238383 0.024825563527385231 -0.0044433626410413348 0.021194394099295397 -0.056485222466335673 0.050309074428173735
leaf_weight=1.3606412872322819 0.30109822750091497 2.8673598051536828 13.406706744164692 85.172597720084013 1.0816652697976676 2.5495728682726622 4.1297428716206923
leaf_count=14 1 14 63 884 8 69 20
internal_value=0 0.0181298 -0.00170024 -0.000455991 -0.0294679 -0.044483 0.0348383
internal_weight=0 9.43941 101.43 98.5793 2.44231 2.85067 6.9971
internal_count=1073 56 1017 947 22 70 34
is_linear=0
shrinkage=0.0493048


Tree=294
num_leaves=7
num_cat=0
split_feature=59 64 49 38 63 63
split_gain=1.41294 2.19372 5.21814 2.57943 0.159503 1.20118
threshold=550.00000000000011 19.550000000000004 0.064583333333333312 85.000000000000014 13.500000000000002 1.5000000000000002
decision_type=2 2 2 2 2 2
left_child=1 3 -3 -1 5 -2
right_child=4 2 -4 -5 -6 -7
leaf_value=-0.00088048452186686218 0.048537201063357238 0.040160879448257455 -0.034183752375576824 0.026894945118591577 0.044733619999923611 -0.049253783718070203
leaf_weight=84.311125130625442 1.0852550677955144 2.8733254983089855 11.277771865454268 8.9902928676456195 1.5327888249885289 0.4181840523960999
leaf_count=439 4 21 524 38 9 38
internal_value=0 -0.000948108 -0.0190405 0.00178922 0.0331521 0.0208886
internal_weight=0 107.453 14.1511 93.3014 3.03623 1.50344
internal_count=1073 1022 545 477 51 42
is_linear=0
shrinkage=0.0493048


Tree=295
num_leaves=7
num_cat=0
split_feature=30 42 5 4 52 55
split_gain=1.3689 3.3445 2.07416 4.87471 2.56738 1.2283
threshold=1.0000000180025095e-35 0.36931818181818182 1.0000000180025095e-35 1.0000000180025095e-35 6.5000000000000009 0.45000000000000007
decision_type=2 2 2 2 2 2
left_child=2 -2 4 -4 -1 -3
right_child=1 5 3 -5 -6 -7
leaf_value=-0.01977675893105859 -0.062898691189788317 0 -0.043635118780769817 -0.0019671357577696891 0.01056139493813292 0.044885485086473081
leaf_weight=8.0857444921275583 1.0414849633234533 2.145210565184243 8.0874523182865214 43.963182330102427 41.689099059469299 4.996550225187093
leaf_count=99 18 15 98 488 325 30
internal_value=0 0.0193906 -0.00156839 -0.00845463 0.0056197 0.0314897
internal_weight=0 8.18325 101.825 52.0506 49.7748 7.14176
internal_count=1073 63 1010 586 424 45
is_linear=0
shrinkage=0.0493048


Tree=296
num_leaves=8
num_cat=0
split_feature=38 61 57 30 31 7 41
split_gain=1.38631 2.68083 2.25722 3.15875 3.00326 1.62624 1.1916
threshold=2.5000000000000004 0.35388994307400384 2.7500000000000004 1.0000000180025095e-35 3.5000000000000004 2.5000000000000004 0.15000000000000005
decision_type=2 2 2 2 2 2 2
left_child=1 5 4 -4 -2 -1 -3
right_child=2 6 3 -5 -6 -7 -8
leaf_value=-0.0087383810709810231 -0.0011554858654703078 0.0048689440490769639 -0.037234534231827043 0.034523827365018397 0.050749829330577118 0.035555712888237112 -0.070311564211504612
leaf_weight=2.6313352215802288 83.817548259714385 0.90630714897997622 8.2103444336680678 1.8121224758215237 2.7990254769683807 8.3040455830632691 1.1341810583835465
leaf_count=33 744 9 158 9 23 84 13
internal_value=0 0.0151219 -0.00204103 -0.024193 0.000514976 0.0248382 -0.0366168
internal_weight=0 12.9759 96.639 10.0225 86.6166 10.9354 2.04049
internal_count=1073 139 934 167 767 117 22
is_linear=0
shrinkage=0.0493048


Tree=297
num_leaves=4
num_cat=0
split_feature=64 41 59
split_gain=1.3467 2.0191 2.41856
threshold=1.8500000000000003 4.7500000000000009 -149.99999999999997
decision_type=2 2 2
left_child=-1 2 -2
right_child=1 -3 -4
leaf_value=0.028163050470897531 0.018701633653755604 -0.056447011393939296 -0.0032236475245687657
leaf_weight=3.9737684093415728 14.162316981412003 1.5757185979455233 89.584252684930107
leaf_count=19 90 57 907
internal_value=0 -0.00107212 -0.000224228
internal_weight=0 105.322 103.747
internal_count=1073 1054 997
is_linear=0
shrinkage=0.0493048


Tree=298
num_leaves=7
num_cat=0
split_feature=10 55 61 52 61 47
split_gain=1.35118 2.15327 5.51557 3.85762 1.91116 1.78862
threshold=1.0000000180025095e-35 0.95000000000000007 0.24231127679403544 6.5000000000000009 0.37321428571428578 38.750000000000007
decision_type=2 2 2 2 2 2
left_child=1 2 -1 -3 5 -2
right_child=4 3 -4 -5 -6 -7
leaf_value=-0.027899847014746799 0.0019019922281965451 -0.037709283647873633 0.0050710653606639211 0.010126372321857332 -0.031372876977267705 0.046803318378549237
leaf_weight=21.421900576446205 4.0384941902593692 4.5162708070420186 29.012217380804941 43.797798375977436 1.662780648912302 4.7054936668719165
leaf_count=215 41 90 165 526 16 20
internal_value=0 -0.00178983 -0.00892077 0.00564062 0.0168879 0.0261423
internal_weight=0 98.7482 50.4341 48.3141 10.4068 8.74399
internal_count=1073 996 380 616 77 61
is_linear=0
shrinkage=0.0493048


Tree=299
num_leaves=4
num_cat=0
split_feature=57 60 64
split_gain=1.35684 2.71148 1.91916
threshold=-6.7499999999999991 -1.0000000180025095e-35 9.3500000000000032
decision_type=2 2 2
left_child=-1 -2 -3
right_child=1 2 -4
leaf_value=0.036964617908619726 -0.059962375598017953 0.0049295792980682991 -0.0092569061002903824
leaf_weight=2.3593954263487822 1.8511633353191417 69.810736024752259 34.70135211298475
leaf_count=12 60 293 708
internal_value=0 -0.000828861 0.000212952
internal_weight=0 106.363 104.512
internal_count=1073 1061 1001
is_linear=0
shrinkage=0.0493048


Tree=300
num_leaves=5
num_cat=0
split_feature=61 61 59 58
split_gain=1.3322 2.10134 1.67294 0.642932
threshold=0.57738095238095244 0.56696428571428581 -149.99999999999997 15.500000000000002
decision_type=2 2 2 2
left_child=1 2 -1 -2
right_child=3 -3 -4 -5
leaf_value=0.015052651731662502 -0.060574253574706909 0.053776700622834177 -0.0027283425900464339 5.8994122655373622e-05
leaf_weight=15.009849063673753 1.2924111569882359 1.7832278860732902 89.860217521490995 0.60153015493415285
leaf_count=104 23 5 934 7
internal_value=0 0.000719504 -0.00017706 -0.0409853
internal_weight=0 106.653 104.87 1.89394
internal_count=1073 1043 1038 30
is_linear=0
shrinkage=0.0493048


Tree=301
num_leaves=7
num_cat=0
split_feature=59 64 49 38 47 63
split_gain=1.31742 2.05534 4.74567 2.36626 0.161021 1.21518
threshold=550.00000000000011 19.550000000000004 0.064583333333333312 85.000000000000014 36.150000000000013 1.5000000000000002
decision_type=2 2 2 2 2 2
left_child=1 3 -3 -1 -2 -6
right_child=4 2 -4 -5 5 -7
leaf_value=-0.00083870557538926512 0.044537629490167326 0.039446233114175167 -0.03334139095266081 0.025988367379019335 0.050285881153296332 -0.049142024261427351
leaf_weight=83.078198081813753 1.4827352510765188 2.7127111681038505 10.902335512568241 8.8385750248562527 0.98587106354534604 0.42210176936350763
leaf_count=439 8 21 524 38 3 40
internal_value=0 -0.000907648 -0.0187892 0.00173416 0.0328239 0.020002
internal_weight=0 105.532 13.615 91.9168 2.89071 1.40797
internal_count=1073 1022 545 477 51 43
is_linear=0
shrinkage=0.0493048


Tree=302
num_leaves=8
num_cat=0
split_feature=58 58 57 16 56 55 46
split_gain=1.35444 1.76953 3.9599 3.9024 0.990191 1.23805 0.972799
threshold=-9.4999999999999982 6.5000000000000009 -3.2499999999999996 1.0000000180025095e-35 0.45804195804195807 0.25000000000000006 6.5000000000000009
decision_type=2 2 2 2 2 2 2
left_child=4 2 -2 -3 6 -6 -1
right_child=1 3 -4 -5 5 -7 -8
leaf_value=-0.0014336734135510852 -0.046104585959240926 0.013005483359048326 -0.0023187844736227694 -0.059160491012079569 0.051513945500469671 -0.056039644244353676 0.04474249826655971
leaf_weight=1.5421621641144145 5.4431013155553947 28.928766791650563 65.248589728376828 1.940474390197777 0.38889145851135232 0.761458706430858 3.7173359283187892
leaf_count=13 86 233 640 50 1 30 20
internal_value=0 -0.00139393 -0.00570005 0.00844605 0.0219729 -0.0191012 0.0310821
internal_weight=0 101.561 70.6917 30.8692 6.40985 1.15035 5.2595
internal_count=1073 1009 726 283 64 31 33
is_linear=0
shrinkage=0.0493048


Tree=303
num_leaves=8
num_cat=0
split_feature=47 40 64 56 58 19 39
split_gain=1.29594 2.80537 3.92959 2.14965 3.93882 2.94252 0.749557
threshold=13.750000000000002 37.45000000000001 8.7000000000000011 0.087121212121212113 23.500000000000004 13.000000000000002 3.5000000000000004
decision_type=2 2 2 2 2 2 2
left_child=1 2 -1 4 -2 -5 -3
right_child=3 6 -4 5 -6 -7 -8
leaf_value=-0.062558722069462155 -0.041558646294754288 0.062754775425751586 0.035071748051431532 0.0016771318605807296 0.056311317683024317 -0.064818781134250186 0.024452557984831223
leaf_weight=1.9832091182470306 6.5581679175666059 2.3128306332509965 2.0165014085359871 88.984887882703333 1.173359766602516 1.6464362633996632 2.8645119077991694
leaf_count=11 89 7 14 893 2 33 24
internal_value=0 0.0177112 -0.0131788 -0.00166077 -0.0266157 0.000461202 0.0416982
internal_weight=0 9.17705 3.99971 98.3629 7.73153 90.6313 5.17734
internal_count=1073 56 25 1017 91 926 31
is_linear=0
shrinkage=0.0493048


Tree=304
num_leaves=7
num_cat=0
split_feature=58 63 62 56 55 46
split_gain=1.30814 1.62374 1.66101 0.93652 1.17076 0.918494
threshold=-9.4999999999999982 14.500000000000002 5.5000000000000009 0.45804195804195807 0.25000000000000006 6.5000000000000009
decision_type=2 2 2 2 2 2
left_child=3 2 -2 5 -5 -1
right_child=1 -3 -4 4 -6 -7
leaf_value=-0.00088774613230182056 -0.0062708585315529699 -0.055472745566780675 0.0065584153799875273 0.051221959097677731 -0.055672871886929959 0.044247171054690372
leaf_weight=1.5305606391630124 55.882935703804833 1.3295545540167939 43.712979912554147 0.37164747714996316 0.73030088059022091 3.6263452414132189
leaf_count=13 581 52 376 1 30 20
internal_value=0 -0.00136299 -0.000633518 0.0218642 -0.0190172 0.030728
internal_weight=0 100.925 99.5959 6.25885 1.10195 5.15691
internal_count=1073 1009 957 64 31 33
is_linear=0
shrinkage=0.0493048


Tree=305
num_leaves=7
num_cat=0
split_feature=40 40 62 0 47 45
split_gain=1.28636 3.55506 3.37599 2.75708 2.44049 2.23293
threshold=39.050000000000004 39.850000000000001 7.5000000000000009 11.500000000000002 38.95000000000001 1.5000000000000002
decision_type=2 2 2 2 2 2
left_child=3 5 -3 4 -1 -2
right_child=1 2 -4 -5 -6 -7
leaf_value=-0.00013628877267197643 0.045740060058182652 -0.01351422805682401 0.038831639188831084 -0.059911805169382111 0.021323808948063263 -0.055653094981483832
leaf_weight=69.278249662573216 0.58299664966762321 10.424291148636255 4.199937939469236 1.6795307068969112 15.807395541429285 4.9570127118786331
leaf_count=444 3 261 46 21 140 158
internal_value=0 -0.0112235 0.00147642 0.00260086 0.00384321 -0.0448589
internal_weight=0 20.1642 14.6242 86.7652 85.0856 5.54001
internal_count=1073 468 307 605 584 161
is_linear=0
shrinkage=0.0493048


Tree=306
num_leaves=7
num_cat=0
split_feature=30 42 64 39 40 57
split_gain=1.24639 3.06385 1.99072 3.5046 2.83675 1.19738
threshold=1.0000000180025095e-35 0.36931818181818182 2.8500000000000001 3.5000000000000004 37.150000000000013 0.75000000000000011
decision_type=2 2 2 2 2 2
left_child=2 -2 4 -4 -1 -3
right_child=1 5 3 -5 -6 -7
leaf_value=0.044224775722223358 -0.061856747008005239 0.0037471407697034814 -0.019202362786965129 0.0024482410218063925 -2.3619458638311857e-05 0.046584608194469919
leaf_weight=5.2214514687657347 0.99177896353648876 2.5691952742054127 26.935989516030531 55.754886742244707 10.727639205753801 4.2969888661173172
leaf_count=18 18 24 268 677 47 21
internal_value=0 0.0188877 -0.00151447 -0.00459661 0.0144239 0.0306534
internal_weight=0 7.85796 98.64 82.6909 15.9491 6.86618
internal_count=1073 63 1010 945 65 45
is_linear=0
shrinkage=0.0493048


Tree=307
num_leaves=8
num_cat=0
split_feature=38 61 58 56 58 47 7
split_gain=1.26775 2.4426 2.22048 5.00228 2.30305 1.63118 1.17286
threshold=2.5000000000000004 0.35388994307400384 12.500000000000002 0.06904761904761901 11.500000000000002 36.45000000000001 12.500000000000002
decision_type=2 2 2 2 2 2 2
left_child=1 5 4 -4 -2 -1 -3
right_child=2 6 3 -5 -6 -7 -8
leaf_value=-0.034484292154119842 -0.0021773942585389702 0.001248099162213262 0.05603395206340564 -0.061257236471312038 0.031428982972335068 0.030545264292453349 -0.074401394569092838
leaf_weight=1.0299110676278349 83.458651348759304 0.99483834765851387 1.1438189893960942 3.8168384331511334 5.2689176134299478 9.5339376536139735 0.96470293262973428
leaf_count=19 815 10 2 96 21 98 12
internal_value=0 0.0147257 -0.00197638 -0.0340751 -0.000174057 0.0241409 -0.0356849
internal_weight=0 12.5234 93.6882 4.96066 88.7276 10.5638 1.95954
internal_count=1073 139 934 98 836 117 22
is_linear=0
shrinkage=0.0493048


Tree=308
num_leaves=8
num_cat=0
split_feature=10 39 24 63 56 40 47
split_gain=1.24786 2.19761 3.75243 3.37511 1.87421 3.99874 0.502295
threshold=1.0000000180025095e-35 4.5000000000000009 1.0000000180025095e-35 2.5000000000000004 0.40833333333333338 38.650000000000013 38.750000000000007
decision_type=2 2 2 2 2 2 2
left_child=1 3 -3 -1 6 -6 -2
right_child=4 2 -4 -5 5 -7 -8
leaf_value=0.022392993059720021 0.017728608632826388 0.00046989192523514317 0.043697664113075754 -0.016182927409214447 0.01886886838757245 -0.084448920221487242 0.051820059151296623
leaf_weight=6.5128259887278537 1.7434478696668501 48.273920930165332 5.4338837609102475 35.530719621106982 4.2322753419575747 1.1584680615633258 2.9463701739150565
leaf_count=59 18 591 23 323 31 19 9
internal_value=0 -0.00174423 0.00485636 -0.0101914 0.0164924 -0.0032265 0.0392921
internal_weight=0 95.7514 53.7078 42.0435 10.0806 5.39074 4.68982
internal_count=1073 996 614 382 77 50 27
is_linear=0
shrinkage=0.0493048


Tree=309
num_leaves=8
num_cat=0
split_feature=64 56 49 58 38 48 54
split_gain=1.27867 3.66723 5.16296 2.18365 1.59285 3.54273 1.12561
threshold=9.3500000000000032 0.24038461538461539 0.25833333333333336 -10.499999999999998 1.5000000000000002 1.1500000000000001 37.250000000000007
decision_type=2 2 2 2 2 2 2
left_child=4 3 -3 -2 6 -6 -1
right_child=1 2 -4 -5 5 -7 -8
leaf_value=0.056090821884633491 0.037228670804753353 0.029672441439488675 -0.014153769617201087 -0.056000786804608592 0.0078281159374123891 -0.020456218357452118 0.011117466795537137
leaf_weight=2.2458376437425605 0.68881118949502695 9.3846630074112927 21.502440578915412 4.8720360368315587 49.504809090867639 13.75115322973579 3.5206556729972363
leaf_count=6 5 72 516 177 174 106 17
internal_value=0 -0.00747409 -0.00081611 -0.0443308 0.00394147 0.0016689 0.028753
internal_weight=0 36.448 30.8871 5.56085 69.0225 63.256 5.76649
internal_count=1073 770 588 182 303 280 23
is_linear=0
shrinkage=0.0493048


Tree=310
num_leaves=7
num_cat=0
split_feature=47 7 47 58 1 38
split_gain=1.27176 2.66781 2.025 1.97107 1.97096 1.0425
threshold=13.750000000000002 6.5000000000000009 34.550000000000004 6.5000000000000009 1.5000000000000002 25.000000000000004
decision_type=2 2 2 2 2 2
left_child=1 4 -2 -4 -1 -3
right_child=2 5 3 -5 -6 -7
leaf_value=-0.068263762850263116 -0.058505177855824084 0.049520764149089534 -0.0054495067750210046 0.010062560673734516 0.022456608677361177 0.0091321369383091221
leaf_weight=1.2902534304885178 1.4989586837764353 4.0256327413953841 65.859303924633423 28.533958251471631 1.044959806022234 2.6024248935864307
leaf_count=14 40 17 712 265 8 17
internal_value=0 0.0177559 -0.00166365 -0.000753452 -0.027399 0.0337648
internal_weight=0 8.96327 95.8922 94.3933 2.33521 6.62806
internal_count=1073 56 1017 977 22 34
is_linear=0
shrinkage=0.0493048


Tree=311
num_leaves=7
num_cat=0
split_feature=58 7 43 64 49 39
split_gain=1.25789 1.5972 3.28766 2.28195 0.898113 0.504638
threshold=-9.4999999999999982 107.50000000000001 -1.0000000180025095e-35 2.8500000000000001 0.19375000000000003 4.5000000000000009
decision_type=2 2 2 2 2 2
left_child=4 3 -3 -2 -1 -6
right_child=1 2 -4 -5 5 -7
leaf_value=-0.01028406301970646 0.017295543474535137 0.047312668448140215 -0.061408714835992036 -0.0034844402053245548 0.048319722872789676 0.014749899051543574
leaf_weight=1.5527208852872707 15.317234717309473 0.89877584576606784 2.6607079170644274 79.606201067232178 2.4259756918763742 2.104374551854562
leaf_count=14 61 4 66 878 10 40
internal_value=0 -0.00134724 -0.0337678 -0.000124294 0.0217535 0.0328771
internal_weight=0 98.4829 3.55948 94.9234 6.08307 4.53035
internal_count=1073 1009 70 939 64 50
is_linear=0
shrinkage=0.0493048


Tree=312
num_leaves=7
num_cat=0
split_feature=30 42 64 39 40 55
split_gain=1.20337 2.84111 1.85567 3.33447 2.63847 1.14299
threshold=1.0000000180025095e-35 0.36931818181818182 2.8500000000000001 3.5000000000000004 37.150000000000013 0.45000000000000007
decision_type=2 2 2 2 2 2
left_child=2 -2 4 -4 -1 -3
right_child=1 5 3 -5 -6 -7
leaf_value=0.043175103954591974 -0.060977888456595748 -0.00038599583517238609 -0.018968203714038366 0.0024090545415533402 0 0.043687853529234891
leaf_weight=5.0929999519139519 0.94296323199523513 2.0228939359076321 26.214136595925083 54.729270281866775 10.626954199746249 4.6542606898001395
leaf_count=18 18 15 268 677 47 30
internal_value=0 0.0188599 -0.00148964 -0.00450628 0.0140012 0.0302403
internal_weight=0 7.62012 96.6634 80.9434 15.72 6.67715
internal_count=1073 63 1010 945 65 45
is_linear=0
shrinkage=0.0493048


Tree=313
num_leaves=6
num_cat=0
split_feature=52 38 58 42 47
split_gain=1.21945 1.35675 2.12079 1.96348 0.539169
threshold=115.00000000000001 85.000000000000014 1.5000000000000002 0.75961538461538469 39.850000000000001
decision_type=2 2 2 2 2
left_child=1 3 -3 -1 -2
right_child=4 2 -4 -5 -6
leaf_value=0.0017103890043425119 -0.053688081448549412 -0.024257196804033355 0.026318982260426466 -0.018321010116355008 0.024728852692235851
leaf_weight=75.861253721726825 1.4150370884017309 2.5190234275069079 9.8675944992573914 14.100039088021729 0.23799021058948699
leaf_count=671 53 71 55 206 17
internal_value=0 0.000677685 0.0159798 -0.00142219 -0.0419967
internal_weight=0 102.348 12.3866 89.9613 1.65303
internal_count=1073 1003 126 877 70
is_linear=0
shrinkage=0.0493048


Tree=314
num_leaves=7
num_cat=0
split_feature=58 58 57 16 53 49
split_gain=1.20587 1.54216 3.70575 3.4832 0.889163 2.11576
threshold=-9.4999999999999982 6.5000000000000009 -3.2499999999999996 1.0000000180025095e-35 3.5000000000000004 0.31009615384615391
decision_type=2 2 2 2 2 2
left_child=4 2 -2 -3 -1 -6
right_child=1 3 -4 -5 5 -7
leaf_value=0.039389108559413695 -0.045440583424158347 0.012377659783471023 -0.0020930969949950243 -0.058361122207711807 -0.055375564868007654 0.033444885951615932
leaf_weight=3.1699567642062894 5.1930383639119091 27.839761575538436 62.920695646273089 1.7981955590075802 1.0198871919710657 1.8010917015781158
leaf_count=13 86 233 640 50 21 30
internal_value=0 -0.00131741 -0.00540816 0.00806186 0.0214687 0.0010938
internal_weight=0 97.7517 68.1137 29.638 5.99094 2.82098
internal_count=1073 1009 726 283 64 51
is_linear=0
shrinkage=0.0493048


Tree=315
num_leaves=8
num_cat=0
split_feature=10 39 24 63 56 40 47
split_gain=1.19216 2.06959 3.54614 3.10936 1.77003 3.77077 0.468555
threshold=1.0000000180025095e-35 4.5000000000000009 1.0000000180025095e-35 2.5000000000000004 0.40833333333333338 38.650000000000013 38.750000000000007
decision_type=2 2 2 2 2 2 2
left_child=1 3 -3 -1 6 -6 -2
right_child=4 2 -4 -5 5 -7 -8
leaf_value=0.02169418336853567 0.017816523572903167 0.00045478556527732867 0.042973187990386803 -0.015805285071722755 0.018621557112886142 -0.083626268948773286 0.051333070445487634
leaf_weight=6.344422969443257 1.6916726982453818 47.175778196702595 5.3078042590059331 34.764444704400375 4.1120775838789996 1.1126061826944349 2.8374682043213397
leaf_count=59 18 591 23 323 31 19 9
internal_value=0 -0.00171245 0.00476798 -0.0100017 0.0163999 -0.00304124 0.0389651
internal_weight=0 93.5925 52.4836 41.1089 9.75382 5.22468 4.52914
internal_count=1073 996 614 382 77 50 27
is_linear=0
shrinkage=0.0493048


Tree=316
num_leaves=8
num_cat=0
split_feature=64 56 49 58 62 40 40
split_gain=1.26935 3.47034 4.84015 1.88894 1.56925 4.8035 2.72332
threshold=9.3500000000000032 0.24038461538461539 0.25833333333333336 -10.499999999999998 7.5000000000000009 37.750000000000007 39.150000000000013
decision_type=2 2 2 2 2 2 2
left_child=4 3 -3 -2 6 -6 -1
right_child=1 2 -4 -5 5 -7 -8
leaf_value=0.0047150238538513555 0.03550835244623643 0.028868144980714276 -0.014192083142872567 -0.05558482124425352 -0.038772702581784738 0.039781007538537916 -0.028274490140062444
leaf_weight=50.269969111308455 0.61910918680950988 9.1061411512637296 20.918533708958421 4.6073400509048943 2.4605756495147935 8.0989354653283936 6.9183077225461593
leaf_count=198 5 72 516 177 17 33 55
internal_value=0 -0.00758736 -0.0011102 -0.0446647 0.00394868 0.0214128 0.000712317
internal_weight=0 35.2511 30.0247 5.22645 67.7478 10.5595 57.1883
internal_count=1073 770 588 182 303 50 253
is_linear=0
shrinkage=0.0493048


Tree=317
num_leaves=4
num_cat=0
split_feature=64 41 59
split_gain=1.2489 1.77123 2.06053
threshold=1.8500000000000003 4.7500000000000009 -149.99999999999997
decision_type=2 2 2
left_child=-1 2 -2
right_child=1 -3 -4
leaf_value=0.027608353981285454 0.017829604082953397 -0.05604899961659033 -0.0031263172740105057
leaf_weight=3.8326450157910577 13.196865790538139 1.4034400513337448 83.974344086891506
leaf_count=19 90 57 907
internal_value=0 -0.00107474 -0.000273431
internal_weight=0 98.5746 97.1712
internal_count=1073 1054 997
is_linear=0
shrinkage=0.0493048


Tree=318
num_leaves=7
num_cat=0
split_feature=59 64 62 38 63 63
split_gain=1.21265 1.93774 3.66966 1.52432 0.14599 0.959709
threshold=550.00000000000011 9.3500000000000032 6.5000000000000009 1.5000000000000002 13.500000000000002 1.5000000000000002
decision_type=2 2 2 2 2 2
left_child=1 3 -3 -1 5 -2
right_child=4 2 -4 -5 -6 -7
leaf_value=0.028533815753089713 0.046740650742161889 -0.0043868870950632402 -0.0540133378084202 0.0016364218628310994 0.044743665838108536 -0.048656985258031256
leaf_weight=5.5921563059091559 0.92344861850142412 28.117862919214531 4.1643167753354637 61.780180334113538 1.3540857947664333 0.348157552361954
leaf_count=22 4 511 212 277 9 38
internal_value=0 -0.000872973 -0.0108103 0.00387908 0.0330655 0.0200915
internal_weight=0 99.6545 32.2822 67.3723 2.62569 1.27161
internal_count=1073 1022 723 299 51 42
is_linear=0
shrinkage=0.0493048


Tree=319
num_leaves=5
num_cat=0
split_feature=61 61 62 64
split_gain=1.18296 1.99429 1.56314 0.579344
threshold=0.57738095238095244 0.56696428571428581 5.5000000000000009 2.5500000000000003
decision_type=2 2 2 2
left_child=1 2 -1 -2
right_child=3 -3 -4 -5
leaf_value=-0.0057802270288499812 0.00025986126856255963 0.053279764735315732 0.0067206870097955423 -0.059562726057786564
leaf_weight=54.672199989698129 0.55503396689891715 1.7223838241770852 43.78588067277451 1.1926225276256444
leaf_count=595 4 5 443 26
internal_value=0 0.00069955 -0.000214264 -0.0402045
internal_weight=0 100.18 98.4581 1.74766
internal_count=1073 1043 1038 30
is_linear=0
shrinkage=0.0493048


Tree=320
num_leaves=8
num_cat=0
split_feature=47 40 56 52 48 48 39
split_gain=1.19231 2.5977 3.69458 1.85609 4.68519 3.25793 0.629062
threshold=13.750000000000002 37.45000000000001 0.87083333333333346 8.5000000000000018 0.35000000000000003 0.65000000000000002 3.5000000000000004
decision_type=2 2 2 2 2 2 2
left_child=1 2 -1 4 -2 -5 -3
right_child=3 6 -4 5 -6 -7 -8
leaf_value=-0.057883297023305157 0.014736098979763433 0.061372371867049032 0.039497438085973585 -0.010941256923985133 -0.037492134563679405 0.0099531783025061799 0.025114515206246534
leaf_weight=2.055516832508145 7.0218465533107546 2.1588675612583756 1.7483907975256445 29.99800225396757 10.250273873549302 45.859965532159549 2.7263025102729443
leaf_count=20 36 7 5 189 217 575 24
internal_value=0 0.0174641 -0.0129551 -0.00163179 -0.016222 0.00168188 0.0412809
internal_weight=0 8.68908 3.80391 93.1301 17.2721 75.858 4.88517
internal_count=1073 56 25 1017 253 764 31
is_linear=0
shrinkage=0.0493048


Tree=321
num_leaves=7
num_cat=0
split_feature=30 42 64 39 40 17
split_gain=1.20516 2.6098 1.71196 3.02428 2.52142 1.17907
threshold=1.0000000180025095e-35 0.36931818181818182 2.8500000000000001 3.5000000000000004 36.650000000000013 1.0000000180025095e-35
decision_type=2 2 2 2 2 2
left_child=2 -2 4 -4 -1 -3
right_child=1 5 3 -5 -6 -7
leaf_value=0.054880974164870776 -0.0601161399034707 0.041316227445153002 -0.018435822623118103 0.0022231113215674309 0.0038498612884236248 -0.0086498267827537934
leaf_weight=2.9037937074899665 0.88232644420349871 5.0511788489529863 25.474806116733816 53.063948456765502 12.59391228109598 1.4591470234736332
leaf_count=10 18 29 268 677 55 16
internal_value=0 0.0191652 -0.00150832 -0.00446971 0.0134567 0.0300182
internal_weight=0 7.39265 94.0365 78.5388 15.4977 6.51033
internal_count=1073 63 1010 945 65 45
is_linear=0
shrinkage=0.0493048


Tree=322
num_leaves=8
num_cat=0
split_feature=58 60 60 7 59 30 1
split_gain=1.22471 1.48107 9.22466 4.58036 0.855149 1.34976 0.608155
threshold=-9.4999999999999982 0.097619047619047619 0.059411764705882351 4.5000000000000009 175.00000000000003 1.0000000180025095e-35 1.0000000180025095e-35
decision_type=2 2 2 2 2 2 2
left_child=4 2 -2 -3 6 -6 -1
right_child=1 3 -4 -5 5 -7 -8
leaf_value=0.0039415307280273705 0.0025986759638324032 -0.023607520580545778 -0.050465976311657328 0.015555369058496216 -0.053976235662031607 0.049441280003695846 0.043659267796421146
leaf_weight=1.3774595670402039 46.349170084053185 9.5964276705635694 9.6104777727159654 29.72019523801282 0.78530997110647127 0.49755066633224487 3.2051739019807428
leaf_count=11 569 71 162 207 33 1 19
internal_value=0 -0.00134563 -0.00650384 0.00597955 0.021865 -0.0133525 0.0318663
internal_weight=0 95.2763 55.9596 39.3166 5.86549 1.28286 4.58263
internal_count=1073 1009 731 278 64 34 30
is_linear=0
shrinkage=0.0493048


Tree=323
num_leaves=4
num_cat=0
split_feature=57 60 39
split_gain=1.14393 2.36134 1.62773
threshold=-6.7499999999999991 -1.0000000180025095e-35 13.500000000000002
decision_type=2 2 2
left_child=-1 -2 -3
right_child=1 2 -4
leaf_value=0.036333837964435518 -0.059078582253248309 0.0012755632887079653 -0.03907416517968177
leaf_weight=2.0621488488977766 1.658412057935492 94.473819240796729 2.4932776211644514
leaf_count=12 60 921 80
internal_value=0 -0.000760442 0.000230934
internal_weight=0 98.6255 96.9671
internal_count=1073 1061 1001
is_linear=0
shrinkage=0.0493048


Tree=324
num_leaves=7
num_cat=0
split_feature=38 38 64 16 64 64
split_gain=1.14891 2.39732 2.99776 2.08176 2.04644 1.79669
threshold=85.000000000000014 55.000000000000007 82.450000000000003 1.0000000180025095e-35 9.3500000000000032 32.300000000000004
decision_type=2 2 2 2 2 2
left_child=1 4 -3 5 -1 -2
right_child=3 2 -4 -5 -6 -7
leaf_value=0.0054735002302269279 0.030047352828882927 -0.036256715612479805 0.04457836516036312 -0.057007990324311773 -0.012863137756063004 -0.016074819201636645
leaf_weight=58.58413197286427 9.053380849305535 8.2621971984626708 1.2815675095189352 0.92644921597093421 19.788122469268274 2.634544760279824
leaf_count=255 44 110 16 33 530 85
internal_value=0 -0.00199798 -0.02533 0.013913 0.000835302 0.019595
internal_weight=0 87.916 9.54376 12.6144 78.3723 11.6879
internal_count=1073 911 126 162 785 129
is_linear=0
shrinkage=0.0493048


Tree=325
num_leaves=8
num_cat=0
split_feature=58 7 43 5 52 19 6
split_gain=1.16195 1.45724 3.08051 2.16211 0.822668 1.69613 0.473457
threshold=-9.4999999999999982 107.50000000000001 -1.0000000180025095e-35 8.5000000000000018 10.500000000000002 2.5000000000000004 1.0000000180025095e-35
decision_type=2 2 2 2 2 2 2
left_child=4 3 -3 -2 6 -6 -1
right_child=1 2 -4 -5 5 -7 -8
leaf_value=0.049140047959950237 -0.0026092203001827786 0.047299192193289867 -0.060624624247062976 0.023130015877592676 -0.056881337926501491 0.039326942726525205 0.013843087938464503
leaf_weight=2.248198158369632 82.270019151648739 0.85514301853254471 2.5225946049613404 8.7787608199287188 0.84342012275010325 0.93782553437631577 1.6750750700011847
leaf_count=10 885 4 66 54 21 12 21
internal_value=0 -0.00130718 -0.0331028 -0.000120106 0.0216052 -0.00587049 0.0342434
internal_weight=0 94.4265 3.37774 91.0488 5.70452 1.78125 3.92327
internal_count=1073 1009 70 939 64 33 31
is_linear=0
shrinkage=0.0493048


Tree=326
num_leaves=7
num_cat=0
split_feature=59 64 49 49 63 63
split_gain=1.14724 1.73966 4.12435 2.19976 0.132679 0.900321
threshold=550.00000000000011 19.550000000000004 0.064583333333333312 0.82575757575757591 13.500000000000002 1.5000000000000002
decision_type=2 2 2 2 2 2
left_child=1 3 -3 -1 5 -2
right_child=4 2 -4 -5 -6 -7
leaf_value=-0.0022294051352972082 0.046198341194895777 0.039528923855746689 -0.032832934842071101 0.017888186134989065 0.044309777493232429 -0.048480605295153169
leaf_weight=68.976685826899484 0.89463408757001095 2.3819320259499355 9.6274328404688259 16.334707669098862 1.2934789821738375 0.32905818073777482
leaf_count=398 4 21 524 79 9 38
internal_value=0 -0.00085126 -0.0184243 0.00161511 0.032855 0.0201876
internal_weight=0 97.3208 12.0094 85.3114 2.51717 1.22369
internal_count=1073 1022 545 477 51 42
is_linear=0
shrinkage=0.0493048


Tree=327
num_leaves=7
num_cat=0
split_feature=58 63 62 48 42 41
split_gain=1.11377 1.40299 1.43603 0.819596 2.68127 0.477073
threshold=-9.4999999999999982 14.500000000000002 5.5000000000000009 0.95000000000000007 0.80625000000000013 0.55000000000000016
decision_type=2 2 2 2 2 2
left_child=3 2 -2 4 -1 -5
right_child=1 -3 -4 5 -6 -7
leaf_value=-0.057544515801387072 -0.0060099599589143052 -0.054826307090287116 0.0063555931899398534 0.046630357600224451 0.054145688975570268 0.0036210828649317949
leaf_weight=1.0686793836066493 52.098726486292435 1.1733948623586901 40.621333914561546 2.6116753746755426 1.0190933786507228 0.86945730686420564
leaf_count=15 581 52 376 9 5 35
internal_value=0 -0.00127092 -0.000585507 0.0214211 -0.00271515 0.0360793
internal_weight=0 93.8935 92.7201 5.56891 2.08777 3.48113
internal_count=1073 1009 957 64 20 44
is_linear=0
shrinkage=0.0493048


Tree=328
num_leaves=8
num_cat=0
split_feature=40 40 62 47 19 58 45
split_gain=1.10133 2.97464 2.78161 2.51315 3.8751 3.44742 1.91041
threshold=39.050000000000004 39.850000000000001 7.5000000000000009 38.95000000000001 8.5000000000000018 1.5000000000000002 1.5000000000000002
decision_type=2 2 2 2 2 2 2
left_child=3 6 -3 5 -5 -1 -2
right_child=1 2 -4 4 -6 -7 -8
leaf_value=-0.014338343108104896 0.04425498769050306 -0.013225884067236907 0.036621551650318322 0.005528233144495619 0.062461567094239376 0.0083282700833720302 -0.054887393836124253
leaf_weight=29.161613433810999 0.52228754013777035 9.4852309863053943 3.8139312803978092 10.932915433542801 3.9729032357863607 36.993311035766965 4.3219620588934049
leaf_count=241 3 261 46 126 17 221 158
internal_value=0 -0.0109798 0.00102241 0.00245828 0.02075 -0.00165361 -0.0440566
internal_weight=0 18.1434 13.2992 81.0607 14.9058 66.1549 4.84425
internal_count=1073 468 307 605 143 462 161
is_linear=0
shrinkage=0.0493048


Tree=329
num_leaves=7
num_cat=0
split_feature=47 7 1 47 40 38
split_gain=1.16193 2.39887 1.82897 1.80729 1.8175 0.960139
threshold=13.750000000000002 6.5000000000000009 1.5000000000000002 34.550000000000004 36.550000000000004 25.000000000000004
decision_type=2 2 2 2 2 2
left_child=1 2 -1 -2 -5 -3
right_child=3 5 -4 4 -6 -7
leaf_value=-0.066527973081941638 -0.057839731333899788 0.04890368605488242 0.022833675541048065 0.015675964168710012 -0.0037936089204146494 0.0090397627609928345
leaf_weight=1.2332605049305114 1.369058136930106 3.7646678038872778 0.99933724070433516 13.792406646563903 75.094951617051265 2.4825256972108036
leaf_count=14 40 17 8 115 862 17
internal_value=0 0.0174492 -0.0262465 -0.00163874 -0.000765106 0.0331708
internal_weight=0 8.47979 2.2326 90.2564 88.8874 6.24719
internal_count=1073 56 22 1017 977 34
is_linear=0
shrinkage=0.0493048


Tree=330
num_leaves=7
num_cat=0
split_feature=59 64 62 64 47 63
split_gain=1.09788 1.69808 3.37286 1.49899 0.123548 0.96533
threshold=550.00000000000011 9.3500000000000032 6.5000000000000009 8.3500000000000032 36.150000000000013 1.5000000000000002
decision_type=2 2 2 2 2 2
left_child=1 3 -3 -1 -2 -6
right_child=4 2 -4 -5 5 -7
leaf_value=0.0014655889153941902 0.044255921720123721 -0.0041973131545356718 -0.053683214172453926 0.029286785649806277 0.048875838086961977 -0.048464564815057544
leaf_weight=60.356044171378016 1.2266056581865989 26.765647260413974 3.8330848675541338 5.1122546903789035 0.85256119165569522 0.34227006344008259
leaf_count=284 8 511 212 15 3 40
internal_value=0 -0.000825647 -0.0104193 0.00364845 0.032782 0.0204298
internal_weight=0 96.067 30.5987 65.4683 2.42144 1.19483
internal_count=1073 1022 723 299 51 43
is_linear=0
shrinkage=0.0493048


Tree=331
num_leaves=4
num_cat=0
split_feature=57 60 39
split_gain=1.10966 2.20399 1.43465
threshold=-6.7499999999999991 -1.0000000180025095e-35 13.500000000000002
decision_type=2 2 2
left_child=-1 -2 -3
right_child=1 2 -4
leaf_value=0.03613336003838525 -0.058851906322182741 0.001178234672494418 -0.037457838060723732
leaf_weight=2.0224204110563724 1.560844877763883 92.177237866810174 2.3958122319163513
leaf_count=12 60 921 80
internal_value=0 -0.00076039 0.000192175
internal_weight=0 96.1339 94.5731
internal_count=1073 1061 1001
is_linear=0
shrinkage=0.0493048


Tree=332
num_leaves=7
num_cat=0
split_feature=38 38 57 60 0 19
split_gain=1.10463 2.17843 2.84348 2.03519 1.99005 2.01632
threshold=85.000000000000014 55.000000000000007 -0.74999999999999989 0.15192307692307691 7.5000000000000009 1.0000000180025095e-35
decision_type=2 2 2 2 2 2
left_child=1 3 -3 -1 5 -2
right_child=4 2 -4 -5 -6 -7
leaf_value=-0.0049621409492172251 0.03239437193556919 -0.0027450382041194097 -0.059066818759529197 0.012043861632520615 -0.057810094172293484 -0.014104902880962689
leaf_weight=50.865380105373333 8.1641302364296227 5.6598021609243006 3.5689918715797813 25.767319292906905 0.86752983323822341 3.1150964333355669
leaf_count=618 55 55 71 167 27 80
internal_value=0 -0.00196964 -0.0246008 0.000747652 0.0139151 0.0194945
internal_weight=0 85.8615 9.22879 76.6327 12.1468 11.2792
internal_count=1073 911 126 785 162 135
is_linear=0
shrinkage=0.0493048


Tree=333
num_leaves=8
num_cat=0
split_feature=55 46 58 60 61 64 64
split_gain=1.12113 4.23551 4.09434 3.8804 2.88979 4.54172 3.1612
threshold=0.95000000000000007 7.5000000000000009 -8.4999999999999982 0.10818713450292396 0.39791666666666675 3.2500000000000004 12.450000000000001
decision_type=2 2 2 2 2 2 2
left_child=1 3 -3 -1 6 -6 -2
right_child=4 2 -4 -5 5 -7 -8
leaf_value=-0.013541700373501716 0.020668685431017981 0.044917399875596759 -0.059339486322147493 0.015282318563658069 0.018538089707447331 -0.062636354557024099 -0.0092006354599905166
leaf_weight=23.469736577360891 26.074956285767257 1.0911358221783301 5.4839024003886143 21.98941021237988 3.1634585037827483 3.5388406793354079 12.826308597141177
leaf_count=197 117 10 119 88 17 71 454
internal_value=0 -0.00494927 -0.0419345 0.000386749 0.00564029 -0.0242288 0.0108037
internal_weight=0 52.0342 6.57504 45.4591 45.6036 6.7023 38.9013
internal_count=1073 414 129 285 659 88 571
is_linear=0
shrinkage=0.0493048


Tree=334
num_leaves=8
num_cat=0
split_feature=58 58 57 16 56 55 46
split_gain=1.10218 1.33721 3.29183 3.03353 0.785552 0.932009 0.719753
threshold=-9.4999999999999982 6.5000000000000009 -3.2499999999999996 1.0000000180025095e-35 0.45804195804195807 0.25000000000000006 6.5000000000000009
decision_type=2 2 2 2 2 2 2
left_child=4 2 -2 -3 6 -6 -1
right_child=1 3 -4 -5 5 -7 -8
leaf_value=0 -0.044634296237915205 0.011885761011291587 -0.0020110165748916191 -0.057662873056391215 0.050066291127868104 -0.054291574775502137 0.043738838862444659
leaf_weight=1.3454608847387124 4.7614129043067797 25.985867654992038 59.299723970339983 1.616133685078238 0.3066333234310149 0.61985602838103659 3.0586784774059197
leaf_count=13 86 233 640 50 1 30 20
internal_value=0 -0.00127483 -0.00518989 0.00778791 0.0217851 -0.0190345 0.0305222
internal_weight=0 91.6631 64.0611 27.602 5.33063 0.926489 4.40414
internal_count=1073 1009 726 283 64 31 33
is_linear=0
shrinkage=0.0493048


Tree=335
num_leaves=4
num_cat=0
split_feature=57 60 64
split_gain=1.07086 2.05797 1.34683
threshold=-6.7499999999999991 -1.0000000180025095e-35 9.3500000000000032
decision_type=2 2 2
left_child=-1 -2 -3
right_child=1 2 -4
leaf_value=0.035895471446830529 -0.058451170284672019 0.0041750363335831412 -0.0085886782870261483
leaf_weight=1.977066287130582 1.4784795901796304 63.85471820877865 29.323596285626991
leaf_count=12 60 293 708
internal_value=0 -0.000757929 0.000151221
internal_weight=0 94.6568 93.1783
internal_count=1073 1061 1001
is_linear=0
shrinkage=0.0493048


Tree=336
num_leaves=7
num_cat=0
split_feature=38 38 57 56 0 19
split_gain=1.07913 1.91427 2.74465 1.91048 1.83881 1.85261
threshold=85.000000000000014 55.000000000000007 -0.74999999999999989 0.25833333333333336 7.5000000000000009 1.0000000180025095e-35
decision_type=2 2 2 2 2 2
left_child=1 3 -3 -1 5 -2
right_child=4 2 -4 -5 -6 -7
leaf_value=0.010571447684694943 0.031884006704073112 -0.0021771450163248656 -0.058515404697282364 -0.0055508973639543787 -0.057233828503703857 -0.013215915656960061
leaf_weight=28.888125063560437 7.9346289903041871 5.6098383226199076 3.3854432644147874 46.811145859232056 0.81520273424394041 3.0466048866073834
leaf_count=234 55 55 71 551 27 80
internal_value=0 -0.00195382 -0.0234573 0.000593151 0.0139627 0.0193124
internal_weight=0 84.6946 8.99528 75.6993 11.7964 10.9812
internal_count=1073 911 126 785 162 135
is_linear=0
shrinkage=0.0493048


Tree=337
num_leaves=6
num_cat=0
split_feature=41 59 3 1 64
split_gain=1.07491 1.61084 3.09055 2.16475 0.465812
threshold=4.9500000000000011 -149.99999999999997 3.5000000000000004 11.500000000000002 2.5500000000000003
decision_type=2 2 2 2 2
left_child=1 2 -1 -3 -2
right_child=4 3 -4 -5 -6
leaf_value=-0.04629678113281728 0.00670565592080036 -0.00073671886201482348 0.026724411040117364 -0.060090392629334709 -0.056255756187127894
leaf_weight=1.6133615884464223 0.35467441380023856 80.657837738384842 10.820883258726097 1.5215727486211097 1.1646593588811809
leaf_count=16 2 907 75 21 52
internal_value=0 0.000651029 0.0171943 -0.00184437 -0.0411368
internal_weight=0 94.6137 12.4342 82.1794 1.51933
internal_count=1073 1019 91 928 54
is_linear=0
shrinkage=0.0493048


Tree=338
num_leaves=5
num_cat=0
split_feature=61 61 60 64
split_gain=1.07298 1.70004 1.49164 0.555225
threshold=0.57738095238095244 0.56696428571428581 0.36931818181818182 2.5500000000000003
decision_type=2 2 2 2
left_child=1 2 -1 -2
right_child=3 -3 -4 -5
leaf_value=0.00040595938652385259 0.0008730507531939291 0.050548835944033775 -0.064248225235876422 -0.059569561843294525
leaf_weight=91.778268207111978 0.52396714687347312 1.6316077923402179 0.87456201616441731 1.1021352135285267
leaf_count=1027 4 5 11 26
internal_value=0 0.000673807 -0.000198077 -0.0397073
internal_weight=0 94.2844 92.6528 1.6261
internal_count=1073 1043 1038 30
is_linear=0
shrinkage=0.0493048


Tree=339
num_leaves=8
num_cat=0
split_feature=55 56 42 61 14 45 9
split_gain=1.0792 3.97712 6.22027 4.32419 2.73654 4.09481 1.77956
threshold=0.95000000000000007 0.25833333333333336 0.4494949494949495 0.24231127679403544 1.0000000180025095e-35 10.500000000000002 1.0000000180025095e-35
decision_type=2 2 2 2 2 2 2
left_child=1 3 -3 -1 5 -2 -6
right_child=4 2 -4 -5 6 -7 -8
leaf_value=-0.017730475640218353 -0.036115371154683197 -0.057641734955235321 -0.0031838898232020925 0.023651206687664149 0.04104897162914934 0.0074105197030892014 -0.026532823414270667
leaf_weight=9.706131597573405 6.3484880583273471 7.2193374746711951 17.45011895566131 16.649881633347832 6.8861257880053008 30.457576053886442 1.0852911638794465
leaf_count=112 160 83 142 77 90 395 14
internal_value=0 -0.00491331 -0.0191488 0.00838683 0.00557489 -8.02618e-05 0.031764
internal_weight=0 51.0255 24.6695 26.356 44.7775 36.8061 7.97142
internal_count=1073 414 225 189 659 555 104
is_linear=0
shrinkage=0.0493048


Tree=340
num_leaves=7
num_cat=0
split_feature=10 39 24 63 59 45
split_gain=1.06782 1.90342 3.08277 2.77319 1.66397 2.08254
threshold=1.0000000180025095e-35 4.5000000000000009 1.0000000180025095e-35 2.5000000000000004 -1.0000000180025095e-35 17.500000000000004
decision_type=2 2 2 2 2 2
left_child=1 3 -3 -1 -2 -6
right_child=4 2 -4 -5 5 -7
leaf_value=0.021327909224767551 -0.028284938339308011 0.00063100602482766687 0.042215682603868016 -0.015595516455646418 0.038100790422274287 -0.03198579317220137
leaf_weight=5.8249055928899898 1.6562295595649628 43.23926969213062 4.8197100507095447 32.287166874753893 6.1090758605278079 1.22880030485976
leaf_count=59 16 591 23 323 34 27
internal_value=0 -0.00170065 0.00481582 -0.00993479 0.0161516 0.0262726
internal_weight=0 86.1711 48.059 38.1121 8.99411 7.33788
internal_count=1073 996 614 382 77 61
is_linear=0
shrinkage=0.0493048


Tree=341
num_leaves=4
num_cat=0
split_feature=64 41 59
split_gain=1.05025 1.47053 1.88487
threshold=1.8500000000000003 4.7500000000000009 -149.99999999999997
decision_type=2 2 2
left_child=-1 2 -2
right_child=1 -3 -4
leaf_value=0.025808521391850022 0.017748829166118051 -0.055293087414710063 -0.0031464028152136032
leaf_weight=3.680318681523203 12.127599760788142 1.1981246645300405 77.838365199393593
leaf_count=19 90 57 907
internal_value=0 -0.00105252 -0.000322281
internal_weight=0 91.1641 89.966
internal_count=1073 1054 997
is_linear=0
shrinkage=0.0493048


Tree=342
num_leaves=7
num_cat=0
split_feature=58 7 43 5 53 49
split_gain=1.05199 1.28747 2.75095 1.91888 0.682573 1.69809
threshold=-9.4999999999999982 107.50000000000001 -1.0000000180025095e-35 8.5000000000000018 3.5000000000000004 0.31009615384615391
decision_type=2 2 2 2 2 2
left_child=4 3 -3 -2 -1 -6
right_child=1 2 -4 -5 5 -7
leaf_value=0.038605676511690279 -0.0025345361439227669 0.046181361066088014 -0.059834056213028099 0.022297752430024253 -0.054038442479023362 0.033130678199324338
leaf_weight=2.7267450401559463 78.153033424852765 0.79403831390664015 2.3061050554679232 8.3739560880057962 0.83694562714663367 1.5401914920948909
leaf_count=13 885 4 66 54 21 30
internal_value=0 -0.00124982 -0.0324642 -0.000123544 0.0217606 0.00215613
internal_weight=0 89.6271 3.10014 86.527 5.10388 2.37714
internal_count=1073 1009 70 939 64 51
is_linear=0
shrinkage=0.0493048


Tree=343
num_leaves=7
num_cat=0
split_feature=59 64 49 62 63 63
split_gain=1.04317 1.60249 3.12326 1.37184 0.117412 0.778117
threshold=550.00000000000011 9.3500000000000032 0.32291666666666669 7.5000000000000009 13.500000000000002 1.5000000000000002
decision_type=2 2 2 2 2 2
left_child=1 3 -3 -1 5 -2
right_child=4 2 -4 -5 -6 -7
leaf_value=0.00043952665545577476 0.045034979342263026 0.0074481029577299646 -0.025186743733913417 0.020566136839456128 0.043966423645220923 -0.048057026151169767
leaf_weight=53.667914284393191 0.82013592403381996 12.930102749538493 15.823819938304949 9.7390900356695038 1.1939645666861904 0.29064161103451625
leaf_count=251 4 202 521 48 9 38
internal_value=0 -0.000829087 -0.0104892 0.00354145 0.0327459 0.0200692
internal_weight=0 92.1609 28.7539 63.407 2.30474 1.11078
internal_count=1073 1022 723 299 51 42
is_linear=0
shrinkage=0.0493048


Tree=344
num_leaves=7
num_cat=0
split_feature=30 42 5 58 60 55
split_gain=1.04649 2.2778 1.61579 4.46331 2.30743 1.10665
threshold=1.0000000180025095e-35 0.36931818181818182 1.5000000000000002 -1.0000000180025095e-35 0.27149877149877155 0.45000000000000007
decision_type=2 2 2 2 2 2
left_child=2 -2 4 -4 -1 -3
right_child=1 5 3 -5 -6 -7
leaf_value=-1.1742546444886646e-05 -0.058717509164253889 -0.0026975846012383545 0.012906638133234782 -0.026342633109520112 0.032303823749146941 0.043164844959050534
leaf_weight=51.963230504523381 0.80852934854919922 1.8061250541359184 11.603584761804088 17.858771556275315 5.9843263543152707 4.175258448231034
leaf_count=553 18 15 153 270 34 30
internal_value=0 0.0186361 -0.00145642 -0.0108626 0.00331488 0.0292099
internal_weight=0 6.78991 87.4099 29.4624 57.9476 5.98138
internal_count=1073 63 1010 423 587 45
is_linear=0
shrinkage=0.0493048


Tree=345
num_leaves=8
num_cat=0
split_feature=55 46 58 60 61 64 64
split_gain=1.03232 3.92478 3.51448 3.20203 2.58296 4.13621 2.81991
threshold=0.95000000000000007 7.5000000000000009 -8.4999999999999982 0.10818713450292396 0.39791666666666675 3.2500000000000004 12.450000000000001
decision_type=2 2 2 2 2 2 2
left_child=1 3 -3 -1 6 -6 -2
right_child=4 2 -4 -5 5 -7 -8
leaf_value=-0.012613967519924956 0.019836895755290178 0.043463852383172956 -0.058624566824058394 0.014040830385876805 0.017900696697031704 -0.061746057722819943 -0.0089224545559700823
leaf_weight=22.661801690352149 25.313758065691218 0.96954175346763793 5.0693794175458597 21.206372514250688 3.0249358168803147 3.3066190307727084 12.285528926426194
leaf_count=197 117 10 119 88 17 71 454
internal_value=0 -0.00485925 -0.0421219 0.000256493 0.00550445 -0.0235954 0.0104226
internal_weight=0 49.9071 6.03892 43.8682 43.9308 6.33155 37.5993
internal_count=1073 414 129 285 659 88 571
is_linear=0
shrinkage=0.0493048


Tree=346
num_leaves=8
num_cat=0
split_feature=60 60 42 7 60 3 49
split_gain=1.00381 7.58298 4.20478 4.09186 3.62552 3.99855 2.9095
threshold=0.059411764705882351 0.097619047619047619 0.93933823529411764 4.5000000000000009 0.039230769230769208 60.000000000000007 0.62019230769230782
decision_type=2 2 2 2 2 2 2
left_child=4 2 -2 -3 5 -1 -6
right_child=1 3 -4 -5 6 -7 -8
leaf_value=-0.0099598263952575105 -0.057872509511652827 -0.024053159893177897 0.045385351274602533 0.013946856211621807 0.046103782683437504 0.035161153927559655 -0.0073989818642380958
leaf_weight=29.700956232511089 8.0134540414292097 9.1016599391587061 1.0809545495139907 28.248351670583361 7.8293682261719351 5.6853692772419882 3.5812340323464014
leaf_count=476 166 74 7 215 38 52 45
internal_value=0 -0.00514631 -0.0455239 0.00466898 0.00508516 -0.00269121 0.0292559
internal_weight=0 46.4444 9.09441 37.35 46.7969 35.3863 11.4106
internal_count=1073 462 173 289 611 528 83
is_linear=0
shrinkage=0.0493048


Tree=347
num_leaves=8
num_cat=0
split_feature=38 61 58 56 57 47 41
split_gain=1.05613 2.29384 1.86042 3.98333 1.78288 1.49525 0.843844
threshold=2.5000000000000004 0.35388994307400384 12.500000000000002 0.06904761904761901 2.7500000000000004 36.45000000000001 0.15000000000000005
decision_type=2 2 2 2 2 2 2
left_child=1 5 4 -4 -2 -1 -3
right_child=2 6 3 -5 -6 -7 -8
leaf_value=-0.034715733872859471 0.0023348896107147402 0.0021351771615410642 0.054346421619570442 -0.060062493224104459 -0.0221687276124603 0.030737398724421595 -0.066212685969569182
leaf_weight=0.93420833896379818 69.319181227037916 0.7383220613701259 0.95183171331882377 3.2416557277902029 8.0557107903878187 8.3681964430725184 1.0211714399047194
leaf_count=19 694 9 2 96 142 98 13
internal_value=0 0.0142838 -0.0019503 -0.0339318 -0.00020814 0.024091 -0.0371804
internal_weight=0 11.0619 81.5684 4.19349 77.3749 9.3024 1.75949
internal_count=1073 139 934 98 836 117 22
is_linear=0
shrinkage=0.0493048


Tree=348
num_leaves=4
num_cat=0
split_feature=57 60 55
split_gain=1.00695 1.88085 1.27548
threshold=-6.7499999999999991 -1.0000000180025095e-35 0.95000000000000007
decision_type=2 2 2
left_child=-1 -2 -3
right_child=1 2 -4
leaf_value=0.035617746730000281 -0.057932590224681613 -0.0055129434521668822 0.0063008319317706856
leaf_weight=1.8876350841019292 1.3762694934266608 46.525158219214063 42.514467096087174
leaf_count=12 60 383 618
internal_value=0 -0.000756589 0.000120591
internal_weight=0 90.4159 89.0396
internal_count=1073 1061 1001
is_linear=0
shrinkage=0.0493048


Tree=349
num_leaves=8
num_cat=0
split_feature=47 40 60 56 58 19 39
split_gain=1.0094 2.22751 3.60737 1.80054 2.90456 2.04843 0.582794
threshold=13.750000000000002 37.45000000000001 0.035098522167487656 0.087121212121212113 23.500000000000004 13.000000000000002 3.5000000000000004
decision_type=2 2 2 2 2 2 2
left_child=1 2 -1 4 -2 -5 -3
right_child=3 6 -4 5 -6 -7 -8
leaf_value=0.02692615526866849 -0.040602536075501051 0.059985464597712139 -0.07512884695886346 0.0015025208196970301 0.054041516333533386 -0.060522142019231312 0.02361941849925954
leaf_weight=2.1644304865039872 5.4356922775768899 1.9702976027037946 1.3723314168164504 76.473144074785523 0.91561165452003468 1.3154217861592759 2.5467484125692863
leaf_count=14 89 7 11 893 2 33 24
internal_value=0 0.0166617 -0.0125008 -0.00160841 -0.0268493 0.000444473 0.0396366
internal_weight=0 8.05381 3.53676 84.1399 6.3513 77.7886 4.51705
internal_count=1073 56 25 1017 91 926 31
is_linear=0
shrinkage=0.0493048


Tree=350
num_leaves=7
num_cat=0
split_feature=38 38 64 16 62 64
split_gain=0.978182 1.85465 2.48176 1.77167 1.72661 1.46415
threshold=85.000000000000014 55.000000000000007 82.450000000000003 1.0000000180025095e-35 6.5000000000000009 32.300000000000004
decision_type=2 2 2 2 2 2
left_child=1 4 -3 5 -1 -2
right_child=3 2 -4 -5 -6 -7
leaf_value=-0.0040469398585982388 0.029156433893272049 -0.034496459066183545 0.044499109907158566 -0.056396785412973577 0.013013173774125919 -0.015397925537493713
leaf_weight=52.526534245727817 8.0431741924257896 7.2324889679439348 1.1083273694384841 0.80746565209119658 19.87278552132193 2.2856970888824444
leaf_count=562 44 110 16 33 223 85
internal_value=0 -0.00190075 -0.0239172 0.0136863 0.000627027 0.0192335
internal_weight=0 80.7401 8.34082 11.1363 72.3993 10.3289
internal_count=1073 911 126 162 785 129
is_linear=0
shrinkage=0.0493048


Tree=351
num_leaves=8
num_cat=0
split_feature=47 7 56 58 19 39 38
split_gain=0.965344 2.17518 1.66106 2.70887 1.92724 1.61335 0.950183
threshold=13.750000000000002 6.5000000000000009 0.087121212121212113 23.500000000000004 13.000000000000002 2.5000000000000004 25.000000000000004
decision_type=2 2 2 2 2 2 2
left_child=1 5 3 -2 -4 -1 -3
right_child=2 6 4 -5 -6 -7 -8
leaf_value=0.025488016527598245 -0.039349906547441631 0.048279471460460757 0.001405897880091165 0.053741409274519397 -0.059869820930003509 -0.062291427635914574 0.0072146158894111712
leaf_weight=0.84647513995878343 5.3418719810724715 3.4955535946646705 76.162193649754045 0.87956495583057392 1.2673055729101168 1.2459678680170325 2.3199492159183137
leaf_count=4 89 17 893 2 33 18 17
internal_value=0 0.0164537 -0.00156756 -0.0260774 0.000393754 -0.0264764 0.0320138
internal_weight=0 7.90795 83.6509 6.22144 77.4295 2.09244 5.8155
internal_count=1073 56 1017 91 926 22 34
is_linear=0
shrinkage=0.0493048


Tree=352
num_leaves=8
num_cat=0
split_feature=58 58 57 40 56 55 42
split_gain=0.996066 1.28429 3.00896 2.59016 0.703696 0.814567 0.599867
threshold=-9.4999999999999982 6.5000000000000009 -3.2499999999999996 36.350000000000001 0.45804195804195807 0.25000000000000006 0.34523809523809529
decision_type=2 2 2 2 2 2 2
left_child=4 2 -2 -3 6 -6 -1
right_child=1 3 -4 -5 5 -7 -8
leaf_value=0.0048197131518201352 -0.044119258211381934 -0.053590692848431147 -0.0020562736769589589 0.011943159251109109 0.049394049870387265 -0.053735022507672529 0.044537810115642611
leaf_weight=1.5024026575847518 4.4666564839135381 1.5566764136310691 56.068189843164873 24.244184899420361 0.27215939760208119 0.56055042901425622 2.5772727169678546
leaf_count=14 86 20 640 263 1 30 19
internal_value=0 -0.00123905 -0.00517143 0.00796192 0.0215831 -0.0192291 0.0300754
internal_weight=0 86.3357 60.5348 25.8009 4.91239 0.83271 4.07968
internal_count=1073 1009 726 283 64 31 33
is_linear=0
shrinkage=0.0493048


Tree=353
num_leaves=8
num_cat=0
split_feature=64 52 64 40 64 1 15
split_gain=0.981708 2.35325 2.2336 4.63052 2.7271 1.92665 0.606841
threshold=2.8500000000000001 35.000000000000007 4.1500000000000012 37.550000000000004 4.4500000000000011 3.5000000000000004 1.5000000000000002
decision_type=2 2 2 2 2 2 2
left_child=1 5 3 -2 -4 -1 -3
right_child=2 6 4 -5 -6 -7 -8
leaf_value=-0.017302764592130183 -0.070407026582569934 0.021839031180719254 0.036476714451313286 -0.0015024698630390955 -0.0016694118632021786 0.031149772000747245 0.05567492053048647
leaf_weight=6.7842559255659562 3.4218111746013147 2.8584523014724246 4.9287466593086711 7.7799680358730257 59.87626803216699 2.8214209452271461 2.4946320354938507
leaf_count=36 27 12 16 38 925 11 8
internal_value=0 0.0115352 -0.0022823 -0.0226136 0.00122235 -0.00300153 0.0377367
internal_weight=0 14.9588 76.0068 11.2018 64.805 9.60568 5.35308
internal_count=1073 67 1006 65 941 47 20
is_linear=0
shrinkage=0.0493048


Tree=354
num_leaves=7
num_cat=0
split_feature=30 42 5 61 39 57
split_gain=0.955309 2.1022 1.4717 4.19821 2.14451 1.03775
threshold=1.0000000180025095e-35 0.36931818181818182 1.5000000000000002 0.30901856763925734 3.5000000000000004 0.75000000000000011
decision_type=2 2 2 2 2 2
left_child=2 -2 4 -4 -1 -3
right_child=1 5 3 -5 -6 -7
leaf_value=-0.010169384314560272 -0.058086724069390534 0.00027689542073240268 0.0011968390878384393 -0.041021348045813068 0.010200212740721293 0.044450971821877676
leaf_weight=19.065008689562092 0.76596865826286276 2.0499289972067345 20.5232581555174 7.9256253245112012 36.756828070749179 3.6424740139773348
leaf_count=172 18 24 312 111 415 21
internal_value=0 0.0182633 -0.00141095 -0.0105431 0.00323162 0.0286604
internal_weight=0 6.45837 84.2707 28.4489 55.8218 5.6924
internal_count=1073 63 1010 423 587 45
is_linear=0
shrinkage=0.0493048


Tree=355
num_leaves=8
num_cat=0
split_feature=38 61 58 56 58 47 41
split_gain=0.970066 1.99694 1.86129 3.45545 1.65624 1.39651 0.814422
threshold=2.5000000000000004 0.35388994307400384 12.500000000000002 0.06904761904761901 11.500000000000002 36.45000000000001 0.15000000000000005
decision_type=2 2 2 2 2 2 2
left_child=1 5 4 -4 -2 -1 -3
right_child=2 6 3 -5 -6 -7 -8
leaf_value=-0.034452335800300368 -0.0020019708105391805 0.0031476709724541463 0.053443774374925083 -0.058601460954181339 0.028773458434949689 0.029494118920005037 -0.064975885045399376
leaf_weight=0.91360201852512446 71.087685774167767 0.73446245200466254 0.84327400475740377 3.1427797564247157 4.5200293324305667 8.2105243937985488 0.96190715051488951
leaf_count=19 815 9 2 96 21 98 13
internal_value=0 0.0138403 -0.0018932 -0.0347265 -0.000153151 0.0230166 -0.0351158
internal_weight=0 10.8205 79.5938 3.98605 75.6077 9.12413 1.69637
internal_count=1073 139 934 98 836 117 22
is_linear=0
shrinkage=0.0493048


Tree=356
num_leaves=7
num_cat=0
split_feature=64 52 64 2 55 63
split_gain=0.983319 3.32066 2.46819 2.6444 2.50055 2.06673
threshold=2.9500000000000006 65.000000000000014 3.4500000000000006 1.0000000180025095e-35 0.15000000000000005 8.5000000000000018
decision_type=2 2 2 2 2 2
left_child=1 5 3 -2 -4 -1
right_child=2 -3 4 -5 -6 -7
leaf_value=0.014861083958537764 0.016168011422059817 0.062838849007253728 0.016006824589149968 -0.064549360503363795 -0.0055859850963928129 -0.025513618082536917
leaf_weight=9.2602319996804017 1.4536287896335114 2.5306533351540557 17.419050640164642 2.9955205963924527 51.814076929149451 4.6157087422907344
leaf_count=39 8 8 142 23 828 25
internal_value=0 0.0109056 -0.00244097 -0.038034 -0.000143688 0.00138304
internal_weight=0 16.4066 73.6823 4.44915 69.2331 13.8759
internal_count=1073 72 1001 31 970 64
is_linear=0
shrinkage=0.0493048


Tree=357
num_leaves=8
num_cat=0
split_feature=40 62 47 54 48 2 52
split_gain=0.932327 5.8728 3.49321 3.37541 2.92754 4.34584 3.09717
threshold=38.650000000000013 5.5000000000000009 13.750000000000002 37.750000000000007 0.8500000000000002 1.5000000000000002 8.5000000000000018
decision_type=2 2 2 2 2 2 2
left_child=4 2 -2 -3 5 -1 -6
right_child=1 3 -4 -5 6 -7 -8
leaf_value=0.0082977407741168362 0.045984039251456464 -0.036738382694502046 -0.043248054272002866 0.025973281500783093 -0.027051869912630862 -0.026876956218609114 0.02050388573271034
leaf_weight=20.156539961259114 1.1817150060087467 2.5723306853906243 10.310620666845351 10.898369950213235 3.8037786470231394 14.791978918598032 26.111396008534939
leaf_count=116 13 80 299 164 62 117 222
internal_value=0 -0.00810646 -0.0340126 0.0139478 0.00310644 -0.00657177 0.0144346
internal_weight=0 24.963 11.4923 13.4707 64.8637 34.9485 29.9152
internal_count=1073 556 312 244 517 233 284
is_linear=0
shrinkage=0.0493048


Tree=358
num_leaves=7
num_cat=0
split_feature=64 48 3 38 48 54
split_gain=0.972884 2.85357 2.49804 1.23166 2.63582 0.988935
threshold=9.3500000000000032 0.35000000000000003 33.000000000000007 1.5000000000000002 1.1500000000000001 37.250000000000007
decision_type=2 2 2 2 2 2
left_child=3 -2 -3 5 -5 -1
right_child=1 2 -4 4 -6 -7
leaf_value=0.054832769338095493 -0.053610042413334343 0.0024263750964097983 -0.051879466061169124 0.0070668775136153369 -0.019220012599365753 0.0094196241093046831
leaf_weight=1.92072233557701 2.9237902414752197 23.906918352091456 2.2509085961792143 43.340963994152844 11.791309647262095 3.0763896033167839
leaf_count=6 92 489 189 174 106 17
internal_value=0 -0.0074143 -0.00222389 0.00356991 0.00143277 0.0270131
internal_weight=0 29.0816 26.1578 60.1294 55.1323 4.99711
internal_count=1073 770 678 303 280 23
is_linear=0
shrinkage=0.0493048


Tree=359
num_leaves=7
num_cat=0
split_feature=10 64 47 47 47 59
split_gain=0.981359 1.63609 2.012 1.6532 1.50646 2.90098
threshold=1.0000000180025095e-35 2.1500000000000008 37.250000000000007 36.45000000000001 38.95000000000001 -1.0000000180025095e-35
decision_type=2 2 2 2 2 2
left_child=1 3 -3 -1 5 -2
right_child=4 2 -4 -5 -6 -7
leaf_value=-0.013275478237992171 -0.077675153113078391 0.0060640145705267885 -0.010519512304105489 0.039065871080283553 0.043481016460621795 0.017120141220880285
leaf_weight=2.166962929069995 0.95447140606120218 29.83273638720857 43.925754760144628 4.4393268814310431 3.0763112752028974 4.3889808050589618
leaf_count=12 13 266 697 21 19 45
internal_value=0 -0.00169027 -0.00380326 0.0217995 0.0160011 5.32516e-05
internal_weight=0 80.3648 73.7585 6.60629 8.41976 5.34345
internal_count=1073 996 963 33 77 58
is_linear=0
shrinkage=0.0493048


Tree=360
num_leaves=7
num_cat=0
split_feature=58 63 62 52 19 6
split_gain=0.985934 1.20351 1.19853 0.630681 1.24963 0.394277
threshold=-9.4999999999999982 14.500000000000002 5.5000000000000009 10.500000000000002 2.5000000000000004 1.0000000180025095e-35
decision_type=2 2 2 2 2 2
left_child=3 2 -2 5 -5 -1
right_child=1 -3 -4 4 -6 -7
leaf_value=0.048197913646142843 -0.0058420495291970432 -0.054723435169551811 0.0061087920048391994 -0.05475740214315078 0.037670177985082515 0.01289323212480812
leaf_weight=1.9319506995961995 46.441835362144047 1.0098748201708065 36.36157500607078 0.66637089767027624 0.75617548286390956 1.3783232367422895
leaf_count=10 581 52 376 21 12 21
internal_value=0 -0.00124698 -0.000586208 0.0218807 -0.00517906 0.0337032
internal_weight=0 83.8133 82.8034 4.73282 1.42255 3.31027
internal_count=1073 1009 957 64 33 31
is_linear=0
shrinkage=0.0493048


Tree=361
num_leaves=7
num_cat=0
split_feature=59 64 49 49 47 63
split_gain=0.929363 1.48167 3.47487 1.70177 0.0928195 0.797123
threshold=550.00000000000011 19.550000000000004 0.064583333333333312 0.82575757575757591 36.150000000000013 1.5000000000000002
decision_type=2 2 2 2 2 2
left_child=1 3 -3 -1 -2 -6
right_child=4 2 -4 -5 5 -7
leaf_value=-0.0020125962287622741 0.043321094393105601 0.038841674336070803 -0.0332286879825517 0.016775340075027494 0.048101839858032562 -0.047914105414498739
leaf_weight=61.759115586522967 1.0606214405270287 2.0316353735252042 8.0193929598026426 14.454950237879528 0.73994679655879714 0.28669028691365384
leaf_count=398 8 21 524 79 3 40
internal_value=0 -0.000796364 -0.0185937 0.00154244 0.0324904 0.0206346
internal_weight=0 86.2651 10.051 76.2141 2.08726 1.02664
internal_count=1073 1022 545 477 51 43
is_linear=0
shrinkage=0.0493048


Tree=362
num_leaves=8
num_cat=0
split_feature=58 58 40 16 52 19 6
split_gain=0.945702 1.15905 2.74161 2.42434 0.585837 1.17393 0.381693
threshold=-9.4999999999999982 6.5000000000000009 36.45000000000001 1.0000000180025095e-35 10.500000000000002 2.5000000000000004 1.0000000180025095e-35
decision_type=2 2 2 2 2 2 2
left_child=4 2 -2 -3 6 -6 -1
right_child=1 3 -4 -5 5 -7 -8
leaf_value=0.04761352337461508 0.017316186303207706 0.011474362044508742 -0.010089541197755418 -0.056100675909884878 -0.054397195114258015 0.03707174334689161 0.012625332105348646
leaf_weight=1.8850607632193708 10.883632085839052 23.387791478933654 47.775055347476155 1.3624414320802305 0.63492464239243396 0.73070531839039177 1.3699673169176092
leaf_count=10 117 233 609 50 21 12 21
internal_value=0 -0.00121126 -0.00499334 0.00772593 0.0217012 -0.00498968 0.0330965
internal_weight=0 83.4089 58.6587 24.7502 4.62066 1.36563 3.25503
internal_count=1073 1009 726 283 64 33 31
is_linear=0
shrinkage=0.0493048


Tree=363
num_leaves=7
num_cat=0
split_feature=10 39 24 63 47 59
split_gain=0.925168 1.62136 2.85717 2.26376 1.43249 2.69103
threshold=1.0000000180025095e-35 4.5000000000000009 1.0000000180025095e-35 3.5000000000000004 38.95000000000001 -1.0000000180025095e-35
decision_type=2 2 2 2 2 2
left_child=1 3 -3 -1 5 -2
right_child=4 2 -4 -5 -6 -7
leaf_value=0.014291299646876544 -0.076336458362470716 0.00042031917236010682 0.042091891701546015 -0.016117886968732471 0.042747382313348702 0.016372244526874451
leaf_weight=7.5652409623726262 0.92136572732124467 39.818219143373426 4.4495736230019238 27.586639145360095 3.0179991543991491 4.3498556262638868
leaf_count=89 13 591 23 293 19 45
internal_value=0 -0.00164316 0.00462455 -0.00955463 0.0156659 3.16955e-05
internal_weight=0 79.4197 44.2678 35.1519 8.28922 5.27122
internal_count=1073 996 614 382 77 58
is_linear=0
shrinkage=0.0493048


Tree=364
num_leaves=8
num_cat=0
split_feature=64 31 40 61 47 42 1
split_gain=0.938899 2.13921 2.69114 2.07454 2.36899 1.78424 1.25374
threshold=2.8500000000000001 3.5000000000000004 37.550000000000004 0.22967032967032963 36.45000000000001 0.32291666666666669 1.0000000180025095e-35
decision_type=2 2 2 2 2 2 2
left_child=3 2 -2 5 -5 -1 -3
right_child=1 6 -4 4 -6 -7 -8
leaf_value=-0.047917313697869154 -0.01850837760864912 0.06477350837838014 0.0024718832542284658 -0.018706314677112177 0.035735810989207716 0.018158120844069228 -0.014805403966124103
leaf_weight=2.2511602751910678 21.305717286857544 1.771061303908936 49.014755369207705 2.5339876748621455 8.1413944177329522 1.7588214166462419 0.64353576532448631
leaf_count=12 247 10 726 14 32 9 23
internal_value=0 -0.00230007 -0.00387568 0.011367 0.0227516 -0.018777 0.0432984
internal_weight=0 72.7351 70.3205 14.6854 10.6754 4.00998 2.4146
internal_count=1073 1006 973 67 46 21 33
is_linear=0
shrinkage=0.0493048


Tree=365
num_leaves=7
num_cat=0
split_feature=30 42 64 57 52 57
split_gain=0.957924 1.90572 1.42748 3.16462 2.85776 1.00611
threshold=1.0000000180025095e-35 0.36931818181818182 2.9500000000000006 -1.0000000180025095e-35 65.000000000000014 0.75000000000000011
decision_type=2 2 2 2 2 2
left_child=2 -2 4 -4 -1 -3
right_child=1 5 3 -5 -6 -7
leaf_value=0.002860094031320265 -0.056962758994001599 0 0.0044753850620965875 -0.017548497862677585 0.061104575114784059 0.044093404326161628
leaf_weight=13.287397237494586 0.70977899039280501 1.9144377701741175 38.20804089831654 27.07856212957995 2.4262175392359486 3.5656636942294426
leaf_count=62 18 24 386 554 8 21
internal_value=0 0.0186906 -0.00143123 -0.00464954 0.0118982 0.0286172
internal_weight=0 6.18988 81.0002 65.2866 15.7136 5.4801
internal_count=1073 63 1010 940 70 45
is_linear=0
shrinkage=0.0493048


Tree=366
num_leaves=8
num_cat=0
split_feature=47 40 60 56 58 19 39
split_gain=0.932349 1.99977 3.14383 1.49876 2.33694 1.71019 0.563057
threshold=13.750000000000002 37.45000000000001 0.035098522167487656 0.087121212121212113 23.500000000000004 13.000000000000002 3.5000000000000004
decision_type=2 2 2 2 2 2 2
left_child=1 2 -1 4 -2 -5 -3
right_child=3 6 -4 5 -6 -7 -8
leaf_value=0.026275142744133579 -0.038249046093513338 0.059356395025126359 -0.071625405277230353 0.0012759261320277489 0.052975197537481103 -0.058816791462632093 0.022572278724401915
leaf_weight=2.0275578219443555 4.9965259798045727 1.8741723888088015 1.3082817111862821 72.35253007740539 0.78427468240261067 1.1686585840798205 2.3853925484290812
leaf_count=14 89 7 11 893 2 33 24
internal_value=0 0.0165005 -0.011937 -0.00158107 -0.0257526 0.000311014 0.0389206
internal_weight=0 7.5954 3.33584 79.302 5.7808 73.5212 4.25956
internal_count=1073 56 25 1017 91 926 31
is_linear=0
shrinkage=0.0493048


Tree=367
num_leaves=8
num_cat=0
split_feature=58 58 57 16 48 42 41
split_gain=0.966329 1.12661 2.74501 2.24114 0.570905 2.05604 0.341132
threshold=-9.4999999999999982 6.5000000000000009 -3.2499999999999996 1.0000000180025095e-35 0.95000000000000007 0.80625000000000013 0.55000000000000016
decision_type=2 2 2 2 2 2 2
left_child=4 2 -2 -3 5 -1 -6
right_child=1 3 -4 -5 6 -7 -8
leaf_value=-0.054812908208019269 -0.043077629258299291 0.011168878754038674 -0.0019427388911251295 -0.055602475437209184 0.045242502372732585 0.053446057658973319 0.0042713124196635645
leaf_weight=0.84859027390484587 4.2619656603637841 23.171150708512872 53.330812697808142 1.2864429364562955 2.163205924443901 0.85493197315372527 0.6873154261993476
leaf_count=15 86 233 640 50 9 5 35
internal_value=0 -0.0012271 -0.00499884 0.00762786 0.0221038 -0.000101612 0.0355968
internal_weight=0 82.0504 57.5928 24.4576 4.55404 1.70352 2.85052
internal_count=1073 1009 726 283 64 20 44
is_linear=0
shrinkage=0.0493048


Tree=368
num_leaves=6
num_cat=0
split_feature=52 38 58 59 53
split_gain=0.925912 1.0341 1.54754 1.54139 0.358927
threshold=115.00000000000001 85.000000000000014 1.5000000000000002 -149.99999999999997 14.500000000000002
decision_type=2 2 2 2 2
left_child=1 3 -3 -1 -2
right_child=4 2 -4 -5 -6
leaf_value=0.016307070647436452 -0.052766288456541806 -0.023423634151979157 0.02524583043239249 -0.0041855590607698416 0.021782924872861591
leaf_weight=10.342639583788694 1.0798841465148132 1.9681744066474474 7.9858279149775626 64.724042214467772 0.16964248604199372
leaf_count=85 55 71 55 792 15
internal_value=0 0.000618961 0.0155558 -0.00135325 -0.0421156
internal_weight=0 85.0207 9.954 75.0667 1.24953
internal_count=1073 1003 126 877 70
is_linear=0
shrinkage=0.0493048


Tree=369
num_leaves=7
num_cat=0
split_feature=58 63 62 48 42 53
split_gain=0.922287 1.10118 1.14959 0.531496 1.93603 0.352841
threshold=-9.4999999999999982 14.500000000000002 7.5000000000000009 0.95000000000000007 0.80625000000000013 6.5000000000000009
decision_type=2 2 2 2 2 2
left_child=3 2 -2 4 -1 -5
right_child=1 -3 -4 5 -6 -7
leaf_value=-0.054428860859610573 -0.0026704590958995613 -0.054288202021460764 0.015906774465660561 0.05064440369320914 0.052971941647310859 0.014329012203078978
leaf_weight=0.81023365492001065 71.592955573578365 0.93759950672392633 9.1265220513887453 1.5688349732954523 0.81955123573425226 1.2166015332622917
leaf_count=15 861 52 96 10 5 34
internal_value=0 -0.00118737 -0.000561796 0.0219455 -2.40537e-05 0.0350279
internal_weight=0 81.6571 80.7195 4.41522 1.62978 2.78544
internal_count=1073 1009 957 64 20 44
is_linear=0
shrinkage=0.0493048


Tree=370
num_leaves=7
num_cat=0
split_feature=30 64 42 64 39 40
split_gain=0.889002 1.65373 1.55101 1.32992 2.49294 2.13594
threshold=1.0000000180025095e-35 3.6500000000000008 0.36931818181818182 2.8500000000000001 3.5000000000000004 37.150000000000013
decision_type=2 2 2 2 2 2
left_child=3 -2 -3 5 -5 -1
right_child=1 2 -4 4 -6 -7
leaf_value=0.040650109761027745 -0.06072810615719916 -0.054441786999159691 0.03534814008260076 -0.018256783805930193 0.0022748179370099225 -0.00060844651508387682
leaf_weight=4.4417456220835438 0.57612922042608161 0.5104570677212904 4.9252520544396248 21.183209982977132 44.60382957951515 9.6359215863049013
leaf_count=18 4 17 42 268 677 47
internal_value=0 0.0182828 0.0267873 -0.00137607 -0.00432662 0.0123654
internal_weight=0 6.01184 5.43571 79.8647 65.787 14.0777
internal_count=1073 63 59 1010 945 65
is_linear=0
shrinkage=0.0493048


Tree=371
num_leaves=7
num_cat=0
split_feature=13 60 15 40 61 49
split_gain=0.905263 4.23727 1.86174 1.58701 1.39003 0.0372001
threshold=1.5000000000000002 0.059411764705882351 9.5000000000000018 38.650000000000013 0.16904761904761903 0.26969696969696971
decision_type=2 2 2 2 2 2
left_child=2 4 3 -1 -2 -3
right_child=1 5 -4 -5 -6 -7
leaf_value=0.0038541632067975082 0.0066509116440841018 -0.064229772234841137 -0.059487596807042659 -0.011936949335435282 0.0593417394113109 -0.042864142689594632
leaf_weight=56.320405530772405 2.0427290345978681 0.8587275920435784 1.3211495926079795 21.325322270829929 3.1244345636805519 0.62801115086767823
leaf_count=465 16 10 32 525 9 16
internal_value=0 0.0174643 -0.00147096 -0.000474597 0.0386431 -0.0556799
internal_weight=0 6.6539 78.9669 77.6457 5.16716 1.48674
internal_count=1073 51 1022 990 25 26
is_linear=0
shrinkage=0.0493048


Tree=372
num_leaves=7
num_cat=0
split_feature=59 64 49 38 63 65
split_gain=0.896694 1.38506 2.79584 1.19003 0.0854117 0.645207
threshold=550.00000000000011 9.3500000000000032 0.32291666666666669 1.5000000000000002 13.500000000000002 3.5000000000000004
decision_type=2 2 2 2 2 2
left_child=1 3 -3 -1 5 -2
right_child=4 2 -4 -5 -6 -7
leaf_value=0.026996502885532909 0.044604345052645336 0.0077493476029276446 -0.02491180041951423 0.0013131314062552178 0.043525840694137771 -0.047286860328376264
leaf_weight=4.7893955614417782 0.72920780163258214 11.49150644503243 14.234073916144551 52.863354607485235 1.0061755906790493 0.24224196637806017
leaf_count=22 3 202 521 277 9 39
internal_value=0 -0.000778022 -0.0102973 0.00345847 0.0328043 0.0209948
internal_weight=0 83.3783 25.7256 57.6528 1.97763 0.97145
internal_count=1073 1022 723 299 51 42
is_linear=0
shrinkage=0.0493048


Tree=373
num_leaves=8
num_cat=0
split_feature=38 19 7 38 49 7 56
split_gain=0.88676 1.68947 1.78987 1.56166 2.16332 1.55682 1.07511
threshold=85.000000000000014 1.0000000180025095e-35 75.000000000000014 55.000000000000007 0.074175824175824162 2.5000000000000004 0.4330357142857143
decision_type=2 2 2 2 2 2 2
left_child=3 6 -3 5 -5 -1 -2
right_child=1 2 -4 4 -6 -7 -8
leaf_value=-0.013146080817762373 -0.020693430886237943 -0.048427069030975031 0.031620919740060198 0.015080722270980375 -0.040960897717454231 0.0046573260699173452 0.033560518292468991
leaf_weight=15.528502163942902 1.0145971223391805 1.8075976418767825 1.0767200619447974 2.4463628954254082 5.2082349110569339 51.616872167956899 6.4026012670365162
leaf_count=196 24 72 27 14 112 589 39
internal_value=0 0.0135631 -0.0183194 -0.00186591 -0.0229659 0.000530168 0.0260496
internal_weight=0 10.3015 2.88432 74.8 7.6546 67.1454 7.4172
internal_count=1073 162 99 911 126 785 63
is_linear=0
shrinkage=0.0493048


Tree=374
num_leaves=4
num_cat=0
split_feature=57 60 39
split_gain=0.875256 1.64852 1.25474
threshold=-6.7499999999999991 -1.0000000180025095e-35 13.500000000000002
decision_type=2 2 2
left_child=-1 -2 -3
right_child=1 2 -4
leaf_value=0.034844727656591211 -0.057417184186843752 0.0011203896214831523 -0.037583235349660911
leaf_weight=1.7159274023142632 1.2271324036337308 79.723990396276349 2.0883778130228157
leaf_count=12 60 921 80
internal_value=0 -0.000719275 0.00012399
internal_weight=0 83.0395 81.8124
internal_count=1073 1061 1001
is_linear=0
shrinkage=0.0493048


Tree=375
num_leaves=6
num_cat=0
split_feature=41 47 47 7 31
split_gain=0.871888 1.28044 3.30707 2.32666 0.434122
threshold=4.9500000000000011 35.150000000000013 36.050000000000004 6.5000000000000009 1.0000000180025095e-35
decision_type=2 2 2 2 2
left_child=1 3 -3 -1 -2
right_child=4 2 -4 -5 -6
leaf_value=-0.027529918057335945 -0.05671187514894438 -0.053915839355262195 0.00045046184614602215 0.029509810592678137 0.0065502250540706323
leaf_weight=2.2125778634508588 0.97129977066651807 2.8274786347465115 70.33288678523968 7.9527027184522012 0.33743218988820445
leaf_count=34 44 47 876 62 10
internal_value=0 0.000627656 -0.00164258 0.017029 -0.0399135
internal_weight=0 83.3256 73.1604 10.1653 1.30873
internal_count=1073 1019 923 96 54
is_linear=0
shrinkage=0.0493048


Tree=376
num_leaves=5
num_cat=0
split_feature=61 61 59 64
split_gain=0.864848 1.38693 1.17363 0.456509
threshold=0.57738095238095244 0.56696428571428581 -149.99999999999997 2.5500000000000003
decision_type=2 2 2 2
left_child=1 2 -1 -2
right_child=3 -3 -4 -5
leaf_value=0.014422645233498772 0.00020574874496340001 0.048173367094575953 -0.0025952018715380719 -0.05787029714383627
leaf_weight=11.460433235028175 0.46989476308226474 1.4655819474719454 70.080339861029643 0.94750979106174782
leaf_count=104 4 5 934 26
internal_value=0 0.000651579 -0.000195242 -0.0381743
internal_weight=0 83.0064 81.5408 1.4174
internal_count=1073 1043 1038 30
is_linear=0
shrinkage=0.0493048


Tree=377
num_leaves=7
num_cat=0
split_feature=10 60 47 60 47 9
split_gain=0.855252 1.41011 4.27372 2.29767 1.39702 1.57094
threshold=1.0000000180025095e-35 0.23721227621483379 37.550000000000004 0.22792207792207789 38.95000000000001 1.0000000180025095e-35
decision_type=2 2 2 2 2 2
left_child=1 3 -3 -1 5 -2
right_child=4 2 -4 -5 -6 -7
leaf_value=-0.002650200272429762 0.012775879536629991 0.040877568161577824 -0.039426715653838415 -0.070081323964492126 0.04238637814096996 -0.057856660976606925
leaf_weight=67.167062324428116 4.1075032793160053 5.6792385687585911 2.2407560007704888 1.2513424127828319 2.9365993066166993 0.93949925070046436
leaf_count=917 40 31 38 10 19 18
internal_value=0 -0.00160628 0.0180733 -0.0038941 0.015353 -0.000253604
internal_weight=0 76.3384 7.91999 68.4184 7.9836 5.047
internal_count=1073 996 69 927 77 58
is_linear=0
shrinkage=0.0493048


Tree=378
num_leaves=7
num_cat=0
split_feature=13 60 15 41 61 49
split_gain=0.856849 3.8632 1.73071 1.46387 1.34009 0.0379406
threshold=1.5000000000000002 0.059411764705882351 9.5000000000000018 3.5500000000000003 0.16904761904761903 0.26969696969696971
decision_type=2 2 2 2 2 2
left_child=2 4 3 -1 -2 -3
right_child=1 5 -4 -5 -6 -7
leaf_value=0.00078443234583740911 0.0061767826779821414 -0.063094779057972825 -0.058782220751517601 -0.037082709796397224 0.058497040085060306 -0.041180769710692865
leaf_weight=73.754545864539978 2.018489237612811 0.82381935231387593 1.2576494119275583 2.5665612201119066 3.0077282298589125 0.59289652947336435
leaf_count=891 16 10 32 99 9 16
internal_value=0 0.0172753 -0.00143533 -0.000480996 0.0376208 -0.0544212
internal_weight=0 6.44293 77.5788 76.3211 5.02622 1.41672
internal_count=1073 51 1022 990 25 26
is_linear=0
shrinkage=0.0493048


Tree=379
num_leaves=8
num_cat=0
split_feature=38 19 7 64 3 38 64
split_gain=0.85226 1.57109 1.64457 1.54764 4.44228 1.4894 0.903384
threshold=85.000000000000014 1.0000000180025095e-35 75.000000000000014 9.3500000000000032 12.500000000000002 55.000000000000007 13.350000000000003
decision_type=2 2 2 2 2 2 2
left_child=3 6 -3 5 -5 -1 -2
right_child=1 2 -4 4 -6 -7 -8
leaf_value=0.0047127022963855568 0.047153535745736705 -0.047446866963409724 0.030677941739655618 0.00019966270660880481 -0.053442914351808223 -0.026788316424697228 0.011279341950995284
leaf_weight=50.43027635011822 2.8754446413367969 1.733798203073093 1.0415099416859446 14.330171574052658 5.0718806847144142 3.9284831723198286 4.356941398276831
leaf_count=255 10 72 27 324 302 30 53
internal_value=0 0.0134996 -0.017894 -0.00183298 -0.0137918 0.00242369 0.025637
internal_weight=0 10.0077 2.77531 73.7608 19.4021 54.3588 7.23239
internal_count=1073 162 99 911 626 285 63
is_linear=0
shrinkage=0.0493048


Tree=380
num_leaves=7
num_cat=0
split_feature=59 64 49 62 63 65
split_gain=0.855676 1.27161 2.58501 1.15472 0.0748124 0.582251
threshold=550.00000000000011 9.3500000000000032 0.32291666666666669 7.5000000000000009 13.500000000000002 3.5000000000000004
decision_type=2 2 2 2 2 2
left_child=1 3 -3 -1 5 -2
right_child=4 2 -4 -5 -6 -7
leaf_value=0.00027898119317091999 0.043612349888605829 0.0075174959118064428 -0.024488646814792809 0.019783573888706184 0.04305589124393909 -0.046928684721586372
leaf_weight=47.940478465519845 0.70569038111716398 11.105836611612178 13.63790247547149 8.7356440471485239 0.96716812846716493 0.22152273157553282
leaf_count=251 3 202 521 48 9 39
internal_value=0 -0.000765622 -0.0100973 0.00329706 0.0327448 0.0212513
internal_weight=0 81.4199 24.7437 56.6761 1.89438 0.927213
internal_count=1073 1022 723 299 51 42
is_linear=0
shrinkage=0.0493048


Tree=381
num_leaves=8
num_cat=0
split_feature=47 40 60 52 48 48 39
split_gain=0.854478 1.87789 2.93102 1.39585 3.83845 2.57035 0.52722
threshold=13.750000000000002 37.45000000000001 0.035098522167487656 8.5000000000000018 0.35000000000000003 0.65000000000000002 3.5000000000000004
decision_type=2 2 2 2 2 2 2
left_child=1 2 -1 4 -2 -5 -3
right_child=3 6 -4 5 -6 -7 -8
leaf_value=0.025769973532556244 0.014257936191606159 0.058604082587245997 -0.070448515254243019 -0.010629198584213217 -0.037679157335593863 0.0098981303880415327 0.022213799476498527
leaf_weight=1.9484103054273867 6.0060385463584671 1.7890806391369549 1.265972767898347 24.782025257445639 8.1136035912786593 36.886587651999434 2.2982675011298852
leaf_count=14 36 7 11 189 217 575 24
internal_value=0 0.0161053 -0.0119347 -0.00155381 -0.0155414 0.00163849 0.0383127
internal_weight=0 7.30173 3.21438 75.7883 14.1196 61.6686 4.08735
internal_count=1073 56 25 1017 253 764 31
is_linear=0
shrinkage=0.0493048


Tree=382
num_leaves=7
num_cat=0
split_feature=30 64 65 5 4 24
split_gain=0.868656 1.53491 1.35263 1.31549 3.10376 1.81283
threshold=1.0000000180025095e-35 3.6500000000000008 4.5000000000000009 1.0000000180025095e-35 1.0000000180025095e-35 1.0000000180025095e-35
decision_type=2 2 2 2 2 2
left_child=3 -2 -3 5 -5 -1
right_child=1 2 -4 4 -6 -7
leaf_value=0.0011570580686814855 -0.059650048613184903 0.043030746028144669 -0.011248448380628859 -0.039587728416441162 -0.0016721303752730177 0.034249999600947628
leaf_weight=32.527944836139795 0.54873142391443153 3.6856270028220024 1.5759447896562049 6.2296534033448543 33.570182986171858 4.5992004141444331
leaf_count=407 4 13 46 98 488 17
internal_value=0 0.0183788 0.0266507 -0.00139025 -0.00762411 0.0052749
internal_weight=0 5.8103 5.26157 76.927 39.7998 37.1271
internal_count=1073 63 59 1010 586 424
is_linear=0
shrinkage=0.0493048


Tree=383
num_leaves=8
num_cat=0
split_feature=40 62 47 54 48 2 52
split_gain=0.858246 5.11072 2.94387 2.91662 2.46987 3.62705 2.40383
threshold=38.650000000000013 5.5000000000000009 13.750000000000002 37.750000000000007 0.8500000000000002 1.5000000000000002 8.5000000000000018
decision_type=2 2 2 2 2 2 2
left_child=4 2 -2 -3 5 -1 -6
right_child=1 3 -4 -5 6 -7 -8
leaf_value=0.0079426298634663415 0.044629168758729458 -0.036347959589282067 -0.042249204217019838 0.024867955766342677 -0.024741651736996818 -0.025513612557832188 0.019535389827234819
leaf_weight=18.711214871553238 1.0462033168296354 2.3236323976452686 9.4201754152818449 10.033602283510843 3.3912072120147085 13.582099263694543 23.956590412562946
leaf_count=116 13 80 299 164 62 117 222
internal_value=0 -0.00813191 -0.0334991 0.0133023 0.00311039 -0.00610887 0.0140204
internal_weight=0 22.8236 10.4664 12.3572 59.6411 32.2933 27.3478
internal_count=1073 556 312 244 517 233 284
is_linear=0
shrinkage=0.0493048


Tree=384
num_leaves=7
num_cat=0
split_feature=58 42 49 42 53 14
split_gain=0.869013 1.0554 3.25542 2.16063 0.518651 1.32928
threshold=-9.4999999999999982 0.074175824175824162 0.10555555555555557 0.10555555555555557 3.5000000000000004 1.0000000180025095e-35
decision_type=2 2 2 2 2 2
left_child=4 2 -2 -3 -1 -6
right_child=1 3 -4 -5 5 -7
leaf_value=0.038062231868650764 0.050572396467737327 -0.064824176438857628 -0.040925243015507477 -0.0014320890072124454 -0.050730371342902841 0.034579688165689342
leaf_weight=2.2439295875956295 3.0538104050210668 1.3309498414746475 1.3606452760141108 72.026967712059559 0.70298932399600733 1.1972056235535999
leaf_count=13 13 23 37 936 42 9
internal_value=0 -0.00117502 0.0222203 -0.00259204 0.0219938 0.00266598
internal_weight=0 77.7724 4.41446 73.3579 4.14412 1.90019
internal_count=1073 1009 50 959 64 51
is_linear=0
shrinkage=0.0493048


Tree=385
num_leaves=7
num_cat=0
split_feature=10 64 31 58 61 47
split_gain=0.872309 1.37058 1.68674 1.58104 1.24667 1.12714
threshold=1.0000000180025095e-35 2.1500000000000008 3.5000000000000004 1.5000000000000002 0.37321428571428578 38.750000000000007
decision_type=2 2 2 2 2 2
left_child=1 3 -3 -1 5 -2
right_child=4 2 -4 -5 -6 -7
leaf_value=-0.0090759954580090368 0.0024288512235718868 -0.0051817780109869368 0.037467490963562666 0.041105846593615478 -0.026744616600407747 0.044276604285456655
leaf_weight=2.5709403166547409 2.9515485942538353 65.312679779133759 2.3308929210470515 3.6905707586556673 1.3657552929944357 3.4137934569153003
leaf_count=16 41 931 32 17 16 20
internal_value=0 -0.0016509 -0.00370196 0.0203998 0.0157543 0.024978
internal_weight=0 73.9051 67.6436 6.26151 7.7311 6.36534
internal_count=1073 996 963 33 77 61
is_linear=0
shrinkage=0.0493048


Tree=386
num_leaves=7
num_cat=0
split_feature=30 64 65 58 54 60
split_gain=0.83272 1.41566 1.28562 1.21629 2.63914 2.38098
threshold=1.0000000180025095e-35 3.6500000000000008 4.5000000000000009 6.5000000000000009 35.45000000000001 0.097619047619047619
decision_type=2 2 2 2 2 2
left_child=3 -2 -3 4 -1 -5
right_child=1 2 -4 5 -6 -7
leaf_value=0.01388935027807554 -0.058688595266109166 0.04235377103691091 -0.010952096110065481 -0.0066577891330115262 -0.011671330916874426 0.025454455506400013
leaf_weight=12.965271646986364 0.52223217859864135 3.6002682854013983 1.5582218625058883 12.061594283528395 40.279556316134403 10.46063098387094
leaf_count=120 4 13 46 195 625 70
internal_value=0 0.0182056 0.026127 -0.00136466 -0.00543488 0.0082287
internal_weight=0 5.68072 5.15849 75.7671 53.2448 22.5222
internal_count=1073 63 59 1010 745 265
is_linear=0
shrinkage=0.0493048


Tree=387
num_leaves=4
num_cat=0
split_feature=57 60 64
split_gain=0.842467 1.52256 1.12696
threshold=-6.7499999999999991 -1.0000000180025095e-35 7.3500000000000005
decision_type=2 2 2
left_child=-1 -2 -3
right_child=1 2 -4
leaf_value=0.034789582860743365 -0.056976582771940058 0.0048186544086166608 -0.007314788703218447
leaf_weight=1.6566048784879956 1.1516393373458402 47.887997988145798 30.431902376833023
leaf_count=12 60 253 748
internal_value=0 -0.000723895 9.57691e-05
internal_weight=0 79.4715 78.3199
internal_count=1073 1061 1001
is_linear=0
shrinkage=0.0493048


Tree=388
num_leaves=7
num_cat=0
split_feature=58 63 42 52 19 6
split_gain=0.853121 1.00251 1.01376 0.4834 0.938812 0.344224
threshold=-9.4999999999999982 14.500000000000002 0.074175824175824162 10.500000000000002 2.5000000000000004 1.0000000180025095e-35
decision_type=2 2 2 2 2 2
left_child=3 2 -2 5 -5 -1
right_child=1 -3 -4 4 -6 -7
leaf_value=0.04706562461770622 0.022907279271835331 -0.0540564645690189 -0.0019363126306232892 -0.05308924453496059 0.036035569844857146 0.011371339870241188
leaf_weight=1.7195593341602937 4.2251995295737279 0.86024867062223975 71.909128381899791 0.52917667967267312 0.62236074109387118 1.1541717504296682
leaf_count=10 47 52 910 21 12 21
internal_value=0 -0.00115577 -0.000548734 0.0221254 -0.00436922 0.0329656
internal_weight=0 76.9946 76.1343 4.02527 1.15154 2.87373
internal_count=1073 1009 957 64 33 31
is_linear=0
shrinkage=0.0493048


Tree=389
num_leaves=7
num_cat=0
split_feature=59 64 52 38 47 63
split_gain=0.850941 1.2519 2.95492 1.50099 0.0647067 0.682156
threshold=550.00000000000011 19.550000000000004 85.000000000000014 85.000000000000014 36.150000000000013 1.5000000000000002
decision_type=2 2 2 2 2 2
left_child=1 3 -3 -1 -2 -6
right_child=4 2 -4 -5 5 -7
leaf_value=-0.00086254705558852919 0.043183525269566363 -0.040139512106924222 0.01896907878656473 0.024108049679154593 0.04803020670647426 -0.047348987282747619
leaf_weight=63.772284797712928 0.92101512243971118 5.5631617962499131 3.2429473415686516 6.4384438312845296 0.68075022101402283 0.24182149706757627
leaf_count=439 8 451 94 38 3 40
internal_value=0 -0.000771009 -0.0182988 0.0014184 0.0331046 0.0222999
internal_weight=0 79.0168 8.80611 70.2107 1.84359 0.922572
internal_count=1073 1022 545 477 51 43
is_linear=0
shrinkage=0.0493048


Tree=390
num_leaves=8
num_cat=0
split_feature=58 58 57 40 48 42 53
split_gain=0.822318 0.983521 2.42741 2.02528 0.477127 1.68975 0.266945
threshold=-9.4999999999999982 6.5000000000000009 -3.2499999999999996 36.350000000000001 0.95000000000000007 0.80625000000000013 6.5000000000000009
decision_type=2 2 2 2 2 2 2
left_child=4 2 -2 -3 5 -1 -6
right_child=1 3 -4 -5 6 -7 -8
leaf_value=-0.053630705032683725 -0.042141679821503526 -0.050238271954061754 -0.0018257262081569829 0.011179227097602587 0.049996779083925705 0.052324432904201114 0.01629817965930273
leaf_weight=0.72669982499792174 3.9190414677650542 1.3856477870140249 49.845584351765865 21.479618349127122 1.365216093225172 0.73463329157675616 1.1097097506572025
leaf_count=15 86 20 640 263 10 5 34
internal_value=0 -0.00112733 -0.00477735 0.00742663 0.0219766 0 0.0351633
internal_weight=0 76.6299 53.7646 22.8653 3.93626 1.46133 2.47493
internal_count=1073 1009 726 283 64 20 44
is_linear=0
shrinkage=0.0493048


Tree=391
num_leaves=8
num_cat=0
split_feature=10 39 24 63 56 40 4
split_gain=0.819081 1.41867 2.48851 1.99481 1.25209 2.72685 0.306188
threshold=1.0000000180025095e-35 4.5000000000000009 1.0000000180025095e-35 2.5000000000000004 0.40833333333333338 38.650000000000013 12.500000000000002
decision_type=2 2 2 2 2 2 2
left_child=1 3 -3 -1 6 -6 -2
right_child=4 2 -4 -5 5 -7 -8
leaf_value=0.020390087178038033 0.020663782509855552 0.00046937903092395406 0.041534537099975913 -0.014401131942967835 0.019020347439284435 -0.075724672023589859 0.051164637934264692
leaf_weight=4.6732685741881133 1.571546193910762 36.494915068702539 3.9815495008515418 27.548516098526306 3.2034561948094051 0.95780860677768931 1.8670527623908126
leaf_count=59 21 591 23 323 31 19 6
internal_value=0 -0.00160852 0.00452591 -0.00933453 0.0154018 -0.00264578 0.0374248
internal_weight=0 72.6982 40.4765 32.2218 7.59986 4.16126 3.4386
internal_count=1073 996 614 382 77 50 27
is_linear=0
shrinkage=0.0493048


Tree=392
num_leaves=8
num_cat=0
split_feature=64 45 49 49 47 48 6
split_gain=0.79239 4.47936 2.68176 2.00068 3.72183 2.26951 0.778076
threshold=7.3500000000000005 9.5000000000000018 0.32291666666666669 0.34523809523809529 38.550000000000004 1.1500000000000001 11.500000000000002
decision_type=2 2 2 2 2 2 2
left_child=3 6 -3 4 -1 -5 -2
right_child=1 2 -4 5 -6 -7 -8
leaf_value=0.0015705516260260048 -0.058778083169456083 0.017744017061512254 -0.013071101060249234 0.024261765166381365 -0.055099895014732919 -0.0049811675537013581 0.033337270632063071
leaf_weight=17.812424764037136 3.9501714678845046 12.753557552321583 14.860564360555143 16.551436168141667 3.3411892959848037 10.519395274575798 0.2263427234138361
leaf_count=80 170 161 472 68 34 80 8
internal_value=0 -0.00603793 0.00113746 0.00398869 -0.00735222 0.0128746 -0.053623
internal_weight=0 31.7906 27.6141 48.2244 21.1536 27.0708 4.17651
internal_count=1073 811 633 262 114 148 178
is_linear=0
shrinkage=0.0493048


Tree=393
num_leaves=7
num_cat=0
split_feature=59 64 62 62 63 65
split_gain=0.800345 1.15649 2.38058 1.04672 0.0625199 0.531134
threshold=550.00000000000011 9.3500000000000032 6.5000000000000009 7.5000000000000009 13.500000000000002 3.5000000000000004
decision_type=2 2 2 2 2 2
left_child=1 3 -3 -1 5 -2
right_child=4 2 -4 -5 -6 -7
leaf_value=0.00024582220205387583 0.043460296535073467 -0.0040912739704084961 -0.052665477935135638 0.01918982399455715 0.042947465279773021 -0.046570757856357718
leaf_weight=46.158124258276075 0.67074684891849645 20.445493016712138 2.7930739397197604 8.3920307545922679 0.88637519301846623 0.20172472941339947
leaf_count=251 3 511 212 48 9 39
internal_value=0 -0.000742393 -0.00995965 0.00317241 0.0328805 0.0218681
internal_weight=0 77.7887 23.2386 54.5502 1.75885 0.872472
internal_count=1073 1022 723 299 51 42
is_linear=0
shrinkage=0.0493048


Tree=394
num_leaves=8
num_cat=0
split_feature=58 7 45 5 52 19 6
split_gain=0.794521 0.986914 1.82052 1.45818 0.461217 0.831839 0.317465
threshold=-9.4999999999999982 107.50000000000001 -1.0000000180025095e-35 8.5000000000000018 10.500000000000002 2.5000000000000004 1.0000000180025095e-35
decision_type=2 2 2 2 2 2 2
left_child=4 3 -3 -2 6 -6 -1
right_child=1 2 -4 -5 5 -7 -8
leaf_value=0.046698524696353362 -0.0023893626725113924 0.043677595994823175 -0.056758820115892228 0.020971660147756876 -0.052583488466793303 0.034751028939508183 0.011474571939688297
leaf_weight=1.631532947940286 65.949395614909008 0.57110397471115026 1.8069845076242916 7.2036568785842965 0.49049124086741336 0.57011495623737574 1.0986853673530275
leaf_count=10 885 4 66 54 21 12 21
internal_value=0 -0.00110505 -0.0323567 -7.97553e-05 0.0220235 -0.00503922 0.032772
internal_weight=0 75.5311 2.37809 73.1531 3.79082 1.06061 2.73022
internal_count=1073 1009 70 939 64 33 31
is_linear=0
shrinkage=0.0493048


Tree=395
num_leaves=4
num_cat=0
split_feature=57 60 55
split_gain=0.788622 1.4024 0.997428
threshold=-6.7499999999999991 -1.0000000180025095e-35 0.95000000000000007
decision_type=2 2 2
left_child=-1 -2 -3
right_child=1 2 -4
leaf_value=0.034426642010913069 -0.056477068858828569 -0.005283096148929846 0.0059927997686964598
leaf_weight=1.5841329256654706 1.0795695113338286 40.0500826362113 36.399872567781131
leaf_count=12 60 383 618
internal_value=0 -0.000702745 7.71766e-05
internal_weight=0 77.5295 76.45
internal_count=1073 1061 1001
is_linear=0
shrinkage=0.0493048


Tree=396
num_leaves=5
num_cat=0
split_feature=61 61 62 64
split_gain=0.76316 1.20336 1.04369 0.442661
threshold=0.57738095238095244 0.56696428571428581 5.5000000000000009 2.5500000000000003
decision_type=2 2 2 2
left_child=1 2 -1 -2
right_child=3 -3 -4 -5
leaf_value=-0.0053611943308482226 0.0014774046035576605 0.046895538171892841 0.0062326730772109835 -0.057409034004444366
leaf_weight=42.233384203937021 0.44682921096682438 1.3422329141758371 34.120801574179495 0.87853011081460863
leaf_count=595 4 5 443 26
internal_value=0 0.000633744 -0.000171663 -0.0370821
internal_weight=0 77.6964 76.3542 1.32536
internal_count=1073 1043 1038 30
is_linear=0
shrinkage=0.0493048


Tree=397
num_leaves=8
num_cat=0
split_feature=47 7 42 56 58 56 38
split_gain=0.769583 1.71359 1.85759 1.29385 1.99553 1.40378 0.867752
threshold=13.750000000000002 6.5000000000000009 0.20714285714285713 0.087121212121212113 23.500000000000004 0.12916666666666668 25.000000000000004
decision_type=2 2 2 2 2 2 2
left_child=1 2 -1 4 -2 -5 -3
right_child=3 6 -4 5 -6 -7 -8
leaf_value=0.040137251169943905 -0.03791527801168762 0.047114035679066343 -0.061469672655727566 0.024645818337474645 0.052187294639918856 -0.0017903105232028756 0.005054603638241088
leaf_weight=0.67958961054682632 4.370783913662307 3.0682594903628342 1.1992842282634226 5.3014527367049586 0.68564744293689717 61.613595392358548 2.0112355020246468
leaf_count=3 89 17 19 48 2 878 17
internal_value=0 0.015657 -0.024371 -0.00151302 -0.0255603 0.000294807 0.0305931
internal_weight=0 6.95837 1.87887 71.9715 5.05643 66.915 5.07949
internal_count=1073 56 22 1017 91 926 34
is_linear=0
shrinkage=0.0493048


Tree=398
num_leaves=8
num_cat=0
split_feature=58 64 52 39 52 19 6
split_gain=0.78193 0.979877 2.84297 2.16775 0.434829 0.770207 0.294235
threshold=-9.4999999999999982 2.9500000000000006 65.000000000000014 3.5000000000000004 10.500000000000002 2.5000000000000004 1.0000000180025095e-35
decision_type=2 2 2 2 2 2 2
left_child=4 2 -2 -3 6 -6 -1
right_child=1 3 -4 -5 5 -7 -8
leaf_value=0.046259873300054613 0.0010348314034461174 -0.018164054598528181 0.060762870284446824 0.0022433272046696621 -0.052142802303941124 0.033780254633005442 0.012112224858910437
leaf_weight=1.5871889231202656 12.83108370285481 18.138576577075582 2.2857996150851241 41.704060523894441 0.46377647118060827 0.55259713967097923 1.1005864891048984
leaf_count=10 63 259 7 680 21 12 21
internal_value=0 -0.00109051 0.010113 -0.00393162 0.0221123 -0.00480291 0.0325294
internal_weight=0 74.9595 15.1169 59.8426 3.70415 1.01637 2.68778
internal_count=1073 1009 70 939 64 33 31
is_linear=0
shrinkage=0.0493048


Tree=399
num_leaves=7
num_cat=0
split_feature=30 64 65 5 4 45
split_gain=0.781304 1.25833 1.20915 1.1954 2.69591 1.59645
threshold=1.0000000180025095e-35 3.6500000000000008 4.5000000000000009 1.0000000180025095e-35 1.0000000180025095e-35 7.5000000000000009
decision_type=2 2 2 2 2 2
left_child=3 -2 -3 5 -5 -1
right_child=1 2 -4 4 -6 -7
leaf_value=-0.02035141520112926 -0.057353198167571354 0.041465624948609371 -0.011783980023510511 -0.038053488050927772 -0.0017480743675494903 0.009534313619849558
leaf_weight=5.0675391669064984 0.48310608789324661 3.4728151326125953 1.4531642503425244 5.896002605535613 31.998355638381327 30.073808611108689
leaf_count=73 4 13 46 98 488 351
internal_value=0 0.0180846 0.0256261 -0.00133362 -0.00741494 0.00520567
internal_weight=0 5.40909 4.92598 73.0357 37.8944 35.1413
internal_count=1073 63 59 1010 586 424
is_linear=0
shrinkage=0.0493048


Tree=400
num_leaves=7
num_cat=0
split_feature=10 64 47 47 47 59
split_gain=0.778685 1.34864 1.57547 1.38437 1.19011 2.21256
threshold=1.0000000180025095e-35 2.1500000000000008 37.250000000000007 36.45000000000001 38.95000000000001 -1.0000000180025095e-35
decision_type=2 2 2 2 2 2
left_child=1 3 -3 -1 5 -2
right_child=4 2 -4 -5 -6 -7
leaf_value=-0.013064679123315034 -0.072381465693183669 0.0055684639044487694 -0.010073005096115107 0.036947624000860685 0.04139899990439487 0.016036884820109905
leaf_weight=1.9764755405485619 0.83638412982691068 26.415615449586767 38.305839658125478 4.106897889636457 2.6877052489871858 3.8522238467412526
leaf_count=12 13 266 697 21 19 45
internal_value=0 -0.00158421 -0.00367903 0.0205926 0.015248 0.000112372
internal_weight=0 70.8048 64.7215 6.08337 7.37631 4.68861
internal_count=1073 996 963 33 77 58
is_linear=0
shrinkage=0.0493048


Tree=401
num_leaves=8
num_cat=0
split_feature=38 61 58 56 57 47 41
split_gain=0.782063 1.81752 1.63558 2.63557 1.31479 1.23117 0.629046
threshold=2.5000000000000004 0.35388994307400384 12.500000000000002 0.06904761904761901 2.7500000000000004 36.45000000000001 0.15000000000000005
decision_type=2 2 2 2 2 2 2
left_child=1 5 4 -4 -2 -1 -3
right_child=2 6 3 -5 -6 -7 -8
leaf_value=-0.033283470025331593 0.0022880617199600769 0.00045795384753060417 0.052057376391335654 -0.056493616517612096 -0.020841767006513749 0.029676552312700034 -0.063867685676086194
leaf_weight=0.8357624670607019 58.579497988321236 0.61288556584622689 0.67057862877845709 2.7525826926430454 6.6515398057963457 7.0131945367029402 0.85959597764303908
leaf_count=19 694 9 2 96 142 98 13
internal_value=0 0.0134048 -0.00181439 -0.0350295 -6.08245e-05 0.022886 -0.0366729
internal_weight=0 9.32144 68.6542 3.42316 65.231 7.84896 1.47248
internal_count=1073 139 934 98 836 117 22
is_linear=0
shrinkage=0.0493048


Tree=402
num_leaves=7
num_cat=0
split_feature=13 60 15 40 61 49
split_gain=0.753269 3.35484 1.53624 1.30634 1.19027 0.031353
threshold=1.5000000000000002 0.059411764705882351 9.5000000000000018 38.650000000000013 0.16904761904761903 0.31009615384615391
decision_type=2 2 2 2 2 2
left_child=2 4 3 -1 -2 -3
right_child=1 5 -4 -5 -6 -7
leaf_value=0.0036119824427266341 0.0059148453214011758 -0.06086798864611756 -0.058112671446994758 -0.011474454453596296 0.057165986546152861 -0.038484189045349212
leaf_weight=51.506845522075309 1.8854191638238251 0.82391924527473726 1.141366332740289 19.130560634715948 2.756264063064009 0.46059074706863612
leaf_count=465 16 11 32 525 9 15
internal_value=0 0.0168966 -0.00139137 -0.000464766 0.0364944 -0.053387
internal_weight=0 5.92619 71.7788 70.6374 4.64168 1.28451
internal_count=1073 51 1022 990 25 26
is_linear=0
shrinkage=0.0493048


Tree=403
num_leaves=7
num_cat=0
split_feature=38 0 2 42 1 2
split_gain=0.750719 1.4569 1.48601 1.36958 3.86701 2.17625
threshold=85.000000000000014 7.5000000000000009 1.5000000000000002 0.75961538461538469 5.5000000000000009 1.0000000180025095e-35
decision_type=2 2 2 2 2 2
left_child=3 2 -2 5 -5 -1
right_child=1 -3 -4 4 -6 -7
leaf_value=0.013241120122888873 -0.0028318962337937682 -0.056327451539820564 0.038033271466243974 -0.037070657564654448 0.027624238824251416 -0.0064369876527422716
leaf_weight=22.39144406253763 4.069662552850783 0.67473188383883176 4.5504051573443576 7.5932376999116951 3.1770670156693086 35.013863246451365
leaf_count=238 85 27 50 186 29 458
internal_value=0 0.0131471 0.018667 -0.00178906 -0.0179255 0.00122743
internal_weight=0 9.2948 8.62007 68.1756 10.7703 57.4053
internal_count=1073 162 135 911 215 696
is_linear=0
shrinkage=0.0493048


Tree=404
num_leaves=8
num_cat=0
split_feature=64 45 49 49 47 54 31
split_gain=0.753276 4.08586 2.35607 1.74462 3.34175 2.09276 0.621288
threshold=7.3500000000000005 9.5000000000000018 0.32291666666666669 0.34523809523809529 38.550000000000004 39.050000000000004 3.5000000000000004
decision_type=2 2 2 2 2 2 2
left_child=3 6 -3 4 -1 -5 -2
right_child=1 2 -4 5 -6 -7 -8
leaf_value=0.0016381377568873772 -0.058133977289222746 0.016805841735567539 -0.012694449315285541 0.018823441496624016 -0.053424366462901204 -0.01755887830917565 0.024374873329841406
leaf_weight=17.340830182656649 3.6675816992792565 12.195137957540284 14.28815068953554 21.61316479602829 3.1638628449290982 4.6558080068789414 0.2240643159020691
leaf_count=80 172 161 472 118 34 30 6
internal_value=0 -0.00604305 0.000865591 0.00392855 -0.00682875 0.01235 -0.0532111
internal_weight=0 30.3749 26.4833 46.7737 20.5047 26.269 3.89165
internal_count=1073 811 633 262 114 148 178
is_linear=0
shrinkage=0.0493048


Tree=405
num_leaves=7
num_cat=0
split_feature=59 64 65 38 63 58
split_gain=0.749836 1.14206 2.72363 1.28784 0.0547985 0.474889
threshold=550.00000000000011 19.550000000000004 9.5000000000000018 85.000000000000014 13.500000000000002 12.500000000000002
decision_type=2 2 2 2 2 2
left_child=1 3 -3 -1 5 -2
right_child=4 2 -4 -5 -6 -7
leaf_value=-0.00076064856971097246 -0.04650923736554561 -0.053653370907273318 0.0044864514778180367 0.023010049143778338 0.04259470432663532 0.042423383102973125
leaf_weight=60.778137573070126 0.18175395276921225 3.19684030429198 5.0083526404923759 6.0913424164755261 0.83583159209229052 0.64168698195135221
leaf_count=439 29 239 306 38 9 13
internal_value=0 -0.000725946 -0.0180906 0.00139533 0.032772 0.02197
internal_weight=0 75.0747 8.20519 66.8695 1.65927 0.823441
internal_count=1073 1022 545 477 51 42
is_linear=0
shrinkage=0.0493048


Tree=406
num_leaves=7
num_cat=0
split_feature=47 40 60 47 40 39
split_gain=0.754143 1.6748 2.56803 1.22681 1.39132 0.483625
threshold=13.750000000000002 37.45000000000001 0.035098522167487656 34.550000000000004 36.550000000000004 3.5000000000000004
decision_type=2 2 2 2 2 2
left_child=1 2 -1 -2 -5 -3
right_child=3 5 -4 4 -6 -7
leaf_value=0.02521010505255717 -0.0553723869145663 0.057572822896423077 -0.068487073578337207 0.015773647064817164 -0.0037111225756387024 0.021328207445340808
leaf_weight=1.7806916709523641 1.0127803060458962 1.6702354000881316 1.1773829729645511 10.513956318056442 58.208422375202645 2.1115586000814801
leaf_count=14 40 7 11 115 862 24
internal_value=0 0.0157456 -0.0118759 -0.00152436 -0.000720459 0.0375196
internal_weight=0 6.73987 2.95807 69.7352 68.7224 3.78179
internal_count=1073 56 25 1017 977 31
is_linear=0
shrinkage=0.0493048


Tree=407
num_leaves=8
num_cat=0
split_feature=58 60 60 60 40 40 49
split_gain=0.761484 2.3593 3.9329 2.57066 1.92196 2.47898 0.458665
threshold=6.5000000000000009 0.057417582417582359 0.12771739130434781 0.039230769230769208 36.350000000000001 38.650000000000013 0.44097222222222227
decision_type=2 2 2 2 2 2 2
left_child=1 3 -3 -1 6 -6 -2
right_child=4 2 -4 -5 5 -7 -8
leaf_value=-0.0018467581999981617 -0.077948189748865832 -0.038361591440165037 0.00041245787409546124 0.032687976772719181 0.025771174406415149 -0.0093063821235639822 -0.018280859359185136
leaf_weight=19.593485047946164 0.68353638797998673 9.76682537989109 18.130473850935232 7.1364084806409656 12.127518999695896 8.1798503999743826 0.64314783143345267
leaf_count=375 9 191 174 50 72 191 11
internal_value=0 -0.00310208 -0.01314 0.00735009 0.00782713 0.0116102 -0.0495513
internal_weight=0 54.6272 27.8973 26.7299 21.6341 20.3074 1.32668
internal_count=1073 790 365 425 283 263 20
is_linear=0
shrinkage=0.0493048


Tree=408
num_leaves=5
num_cat=0
split_feature=61 61 62 60
split_gain=0.727336 1.03511 0.978112 0.426894
threshold=0.57738095238095244 0.56696428571428581 5.5000000000000009 0.25543478260869573
decision_type=2 2 2 2
left_child=1 2 -1 -2
right_child=3 -3 -4 -5
leaf_value=-0.0052672052682199754 0.001617315949111091 0.04469579220290585 0.0061840809220699133 -0.057226458118115872
leaf_weight=40.46310185832408 0.43110934116702881 1.272686096606775 32.85009515521233 0.84631100643309765
leaf_count=595 13 5 443 17
internal_value=0 0.000629529 -0.000127254 -0.0368757
internal_weight=0 74.5859 73.3132 1.27742
internal_count=1073 1043 1038 30
is_linear=0
shrinkage=0.0493048


Tree=409
num_leaves=8
num_cat=0
split_feature=47 7 39 56 57 19 38
split_gain=0.726667 1.57596 1.25785 1.19465 1.77312 1.33912 0.794754
threshold=13.750000000000002 6.5000000000000009 2.5000000000000004 0.087121212121212113 3.2500000000000004 13.000000000000002 25.000000000000004
decision_type=2 2 2 2 2 2 2
left_child=1 2 -1 4 -2 -5 -3
right_child=3 6 -4 5 -6 -7 -8
leaf_value=0.025441573976383046 -0.04232093700032271 0.046285061912936173 -0.059122649280168631 0.0011571269414305896 0.027279464286252313 -0.056869840415882 0.0051971491943929062
leaf_weight=0.71318415203131635 3.6259269515576298 2.9335630129789934 1.037590764390188 63.379099535086425 1.166313622088637 0.98056228228961018 1.9393154099234378
leaf_count=4 74 17 18 893 17 33 17
internal_value=0 0.0155972 -0.0243102 -0.00149657 -0.0252441 0.000261992 0.030071
internal_weight=0 6.62365 1.75077 69.1519 4.79224 64.3597 4.87288
internal_count=1073 56 22 1017 91 926 34
is_linear=0
shrinkage=0.0493048


Tree=410
num_leaves=7
num_cat=0
split_feature=64 65 63 48 55 61
split_gain=0.719626 3.15893 1.90058 1.29478 3.95225 2.32137
threshold=19.550000000000004 9.5000000000000018 6.5000000000000009 1.7500000000000002 2.0500000000000003 0.37321428571428578
decision_type=2 2 2 2 2 2
left_child=3 -2 -3 4 -1 -5
right_child=1 2 -4 5 -6 -7
leaf_value=0.0014552567240992194 -0.053490537558044414 -0.052634787695555206 0.021529181470183279 0.02171316215774766 -0.059274982304003347 -0.054791589558607939
leaf_weight=50.782936153642368 3.0851073340381827 1.0173384595836976 4.7298881400347454 12.125404468621126 2.7441223141504443 1.0422851045150299
leaf_count=322 249 143 194 105 38 22
internal_value=0 -0.0132264 0.00828054 0.00174923 -0.00164718 0.015604
internal_weight=0 8.83233 5.74723 66.6947 53.5271 13.1677
internal_count=1073 586 337 487 360 127
is_linear=0
shrinkage=0.0493048


Tree=411
num_leaves=7
num_cat=0
split_feature=30 64 63 64 39 40
split_gain=0.709027 1.14029 1.09639 1.06999 2.18404 1.93409
threshold=1.0000000180025095e-35 3.6500000000000008 8.5000000000000018 2.8500000000000001 3.5000000000000004 37.150000000000013
decision_type=2 2 2 2 2 2
left_child=3 -2 -3 5 -5 -1
right_child=1 2 -4 4 -6 -7
leaf_value=0.039787903794574579 -0.056435019043809626 0.036653090977040545 -0.023744668838518019 -0.018205754200782156 0.0024327896868208956 -0.0012152109929251503
leaf_weight=4.0342417778447262 0.45358883589506049 3.7881238521513296 0.89069056749576692 18.409255523285537 38.471273489260057 9.0162840653210861
leaf_count=18 4 36 23 268 677 47
internal_value=0 0.0176783 0.0250137 -0.00130598 -0.00423564 0.0114124
internal_weight=0 5.1324 4.67881 69.9311 56.8805 13.0505
internal_count=1073 63 59 1010 945 65
is_linear=0
shrinkage=0.0493048


Tree=412
num_leaves=8
num_cat=0
split_feature=58 60 60 60 60 46 46
split_gain=0.733739 2.10802 3.63531 2.34351 1.88414 3.11564 2.03537
threshold=6.5000000000000009 0.057417582417582359 0.12771739130434781 0.04880952380952381 0.057417582417582359 11.500000000000002 2.5000000000000004
decision_type=2 2 2 2 2 2 2
left_child=1 3 -3 -1 5 -2 -6
right_child=4 2 -4 -5 6 -7 -8
leaf_value=-0.00037549338491738547 -0.028099685094257042 -0.03732292644837025 0.00039348932075089791 0.036646686597825655 0.048869516881459331 0.033224391795385 0.0058677804517763268
leaf_weight=21.067057634849338 6.4054556832852558 9.4898618889201334 17.887213059948408 5.1667637781356452 4.1087793809419946 2.929934855652391 7.7901781931432197
leaf_count=397 98 191 174 28 17 72 96
internal_value=0 -0.00307894 -0.0126576 0.00689254 0.00775001 -0.00878177 0.0207743
internal_weight=0 53.6109 27.3771 26.2338 21.2343 9.33539 11.899
internal_count=1073 790 365 425 283 170 113
is_linear=0
shrinkage=0.0493048


Tree=413
num_leaves=6
num_cat=0
split_feature=41 59 3 60 31
split_gain=0.718568 1.00593 2.70522 1.51877 0.323936
threshold=4.9500000000000011 -149.99999999999997 3.5000000000000004 0.30384615384615393 1.0000000180025095e-35
decision_type=2 2 2 2 2
left_child=1 2 -1 -3 -2
right_child=4 3 -4 -5 -6
leaf_value=-0.050395499028518247 -0.055300209206189645 -0.00015320928507656095 0.026068768508138201 -0.041346112095998755 0.0012610892627420928
leaf_weight=1.297514522622804 0.81879039362684014 61.522912804517546 8.2132726943455037 2.2558174289297304 0.32012158360157628
leaf_count=16 44 894 75 34 10
internal_value=0 0.000600415 0.0155642 -0.00162105 -0.0388469
internal_weight=0 73.2895 9.51079 63.7787 1.13891
internal_count=1073 1019 91 928 54
is_linear=0
shrinkage=0.0493048


Tree=414
num_leaves=7
num_cat=0
split_feature=10 64 54 31 61 47
split_gain=0.709374 1.16728 1.3963 1.34845 1.1162 0.964907
threshold=1.0000000180025095e-35 2.1500000000000008 38.250000000000007 3.5000000000000004 0.37321428571428578 38.750000000000007
decision_type=2 2 2 2 2 2
left_child=1 2 -1 -3 5 -2
right_child=4 3 -4 -5 -6 -7
leaf_value=-0.0030993975184006772 0.0020885556749977215 -0.0049597384945737916 0.044902622012505548 0.035058423457948885 -0.02637606239089179 0.043127331812157478
leaf_weight=3.0984731037169686 2.6097634410834862 59.324280323337007 2.7672575712203979 2.1158522773039286 1.2792092145828062 3.0734974736260483
leaf_count=21 41 931 12 32 16 20
internal_value=0 -0.00155514 0.0194399 -0.00357043 0.0149755 0.0244006
internal_weight=0 67.3059 5.86573 61.4401 6.96247 5.68326
internal_count=1073 996 33 963 77 61
is_linear=0
shrinkage=0.0493048


Tree=415
num_leaves=7
num_cat=0
split_feature=58 63 62 59 30 64
split_gain=0.722618 0.937348 1.02836 0.405421 0.640987 0.376442
threshold=-9.4999999999999982 14.500000000000002 7.5000000000000009 175.00000000000003 1.0000000180025095e-35 8.1500000000000004
decision_type=2 2 2 2 2 2
left_child=3 2 -2 5 -5 -1
right_child=1 -3 -4 4 -6 -7
leaf_value=0.048714855414871118 -0.0026308560594291864 -0.054373791047429877 0.01609759858440352 -0.050336881385373781 0.047428725468286553 0.011564528780317737
leaf_weight=1.390410244464874 61.817759118130198 0.79229188920726201 8.0526777468039636 0.41460141222341906 0.26278454065322876 1.3768669463461263
leaf_count=6 861 52 96 33 1 24
internal_value=0 -0.00107736 -0.000462858 0.0220454 -0.0114373 0.0304772
internal_weight=0 70.6627 69.8704 3.44466 0.677386 2.76728
internal_count=1073 1009 957 64 34 30
is_linear=0
shrinkage=0.0493048


Tree=416
num_leaves=8
num_cat=0
split_feature=38 61 58 56 58 47 7
split_gain=0.706202 1.62307 1.43567 2.37702 1.2474 1.18072 0.545211
threshold=2.5000000000000004 0.35388994307400384 12.500000000000002 0.06904761904761901 11.500000000000002 36.45000000000001 12.500000000000002
decision_type=2 2 2 2 2 2 2
left_child=1 5 4 -4 -2 -1 -3
right_child=2 6 3 -5 -6 -7 -8
leaf_value=-0.034118013777484975 -0.0018654577953258619 -0.0028959652148871358 0.051677017695883384 -0.055121274097978942 0.027768197733358833 0.029204437308784643 -0.065727445310870394
leaf_weight=0.7926338580728024 58.312756330495176 0.67737837322056271 0.62417751550674383 2.5669084296387155 3.6692145467968649 6.614885257120477 0.71208474310697056
leaf_count=19 815 10 2 96 21 98 12
internal_value=0 0.0131103 -0.00177147 -0.0340174 -0.00010026 0.0223369 -0.0355902
internal_weight=0 8.79698 65.1731 3.19109 61.982 7.40752 1.38946
internal_count=1073 139 934 98 836 117 22
is_linear=0
shrinkage=0.0493048


Tree=417
num_leaves=8
num_cat=0
split_feature=38 19 7 64 38 38 41
split_gain=0.710778 1.43525 1.3612 1.35222 3.53594 1.1951 0.812795
threshold=85.000000000000014 1.0000000180025095e-35 75.000000000000014 9.3500000000000032 13.500000000000002 55.000000000000007 0.45000000000000007
decision_type=2 2 2 2 2 2 2
left_child=3 6 -3 5 -5 -1 -2
right_child=1 2 -4 4 -6 -7 -8
leaf_value=0.0044733927026520152 -0.020325219622115146 -0.04662984464710801 0.029378512535702579 0.0060357805670845296 -0.040431023010956905 -0.02524700526009465 0.032357452387528116
leaf_weight=45.219961841125041 0.80043383780866673 1.5606945153122072 0.89301259772037145 9.1259096819558199 7.0333344392638528 3.5420125536620608 5.5350616390351206
leaf_count=255 8 72 27 385 241 30 55
internal_value=0 0.013155 -0.0187018 -0.00178419 -0.0141502 0.0023007 0.0255966
internal_weight=0 8.7892 2.45371 64.9212 16.1592 48.762 6.3355
internal_count=1073 162 99 911 626 285 63
is_linear=0
shrinkage=0.0493048


Tree=418
num_leaves=8
num_cat=0
split_feature=47 40 60 40 40 64 39
split_gain=0.69533 1.59421 2.24307 1.18686 2.2704 0.784852 0.42955
threshold=13.750000000000002 37.45000000000001 0.035098522167487656 35.45000000000001 36.550000000000004 3.0500000000000003 3.5000000000000004
decision_type=2 2 2 2 2 2 2
left_child=1 2 -1 5 -5 -2 -3
right_child=3 6 -4 4 -6 -7 -8
leaf_value=0.023608877105216936 0.050112622869319855 0.056769648431960043 -0.066610028257286277 0.023082597258300513 -0.0040195851324183792 -0.053666397876928111 0.021735907440120578
leaf_weight=1.6603483690414571 0.19282324612140556 1.5683667222037914 1.1158908557845277 8.6635441976832208 56.540797114088491 1.5418201623760976 2.0607268706589821
leaf_count=14 1 7 11 63 884 69 24
internal_value=0 0.0155134 -0.0124324 -0.00148951 -0.000408294 -0.0417315 0.0370679
internal_weight=0 6.40533 2.77624 66.939 65.2043 1.73464 3.62909
internal_count=1073 56 25 1017 947 70 31
is_linear=0
shrinkage=0.0493048


Tree=419
num_leaves=7
num_cat=0
split_feature=13 60 15 41 61 53
split_gain=0.687381 2.87717 1.35833 1.2496 1.09963 0.0261306
threshold=1.5000000000000002 0.059411764705882351 9.5000000000000018 3.5500000000000003 0.16904761904761903 4.5000000000000009
decision_type=2 2 2 2 2 2
left_child=2 4 3 -1 -2 -3
right_child=1 5 -4 -5 -6 -7
leaf_value=0.00076227152469962123 0.0051677152504156316 -0.059897017238602177 -0.05713236646161083 -0.036802638691011851 0.055847919354057127 -0.038114773105411268
leaf_weight=64.260721046390245 1.7983262675188587 0.70089899958111324 1.04469372089079 2.2257157724889103 2.5726078846491873 0.46741078415652737
leaf_count=891 16 11 32 99 9 15
internal_value=0 0.0166922 -0.00137294 -0.00048609 0.0351518 -0.0517823
internal_weight=0 5.53924 67.5311 66.4864 4.37093 1.16831
internal_count=1073 51 1022 990 25 26
is_linear=0
shrinkage=0.0493048


Tree=420
num_leaves=7
num_cat=0
split_feature=42 49 42 64 55 64
split_gain=0.683731 2.91228 1.857 1.68795 0.332412 0.0130448
threshold=0.074175824175824162 0.095454545454545472 0.10555555555555557 54.70000000000001 1.4500000000000002 2.8500000000000001
decision_type=2 2 2 2 2 2
left_child=1 -1 5 -4 -3 -2
right_child=2 4 3 -5 -6 -7
leaf_value=0.049509201950791157 -0.074163282416345705 -0.055589854511420525 0.0011314027474164151 -0.050557891448204779 0.00091797717688628367 -0.053818858712965829
leaf_weight=2.6526780020794827 0.44877386093139537 0.9550018837326204 66.164007353494526 1.5711622967282881 0.31372590560204117 0.74511056579649448
leaf_count=13 2 20 661 336 19 22
internal_value=0 0.0200192 -0.00114328 -5.87905e-05 -0.041117 -0.0620715
internal_weight=0 3.92141 68.9291 67.7352 1.26873 1.19388
internal_count=1073 52 1021 997 39 24
is_linear=0
shrinkage=0.0493048


Tree=421
num_leaves=4
num_cat=0
split_feature=57 60 64
split_gain=0.671992 1.22881 0.927488
threshold=-6.7499999999999991 -1.0000000180025095e-35 7.3500000000000005
decision_type=2 2 2
left_child=-1 -2 -3
right_child=1 2 -4
leaf_value=0.032974661873853506 -0.05568335438409306 0.0044596660341817071 -0.007253918295365579
leaf_weight=1.4703164937673125 0.97305847680763591 43.903673098422587 26.259076755217393
leaf_count=12 60 253 748
internal_value=0 -0.000687881 6.64465e-05
internal_weight=0 71.1358 70.1627
internal_count=1073 1061 1001
is_linear=0
shrinkage=0.0493048


Tree=422
num_leaves=8
num_cat=0
split_feature=38 19 7 56 56 0 63
split_gain=0.696422 1.35111 1.28019 1.20416 2.99231 2.32086 0.755328
threshold=85.000000000000014 1.0000000180025095e-35 75.000000000000014 0.25833333333333336 0.32291666666666669 1.5000000000000002 2.5000000000000004
decision_type=2 2 2 2 2 2 2
left_child=3 6 -3 5 -5 -1 -2
right_child=1 2 -4 4 -6 -7 -8
leaf_value=0.017511162530871826 -0.016158489456940373 -0.045999422591938531 0.028708868653391218 -0.062995196136534565 -0.0037914171606454111 -0.01473241744907094 0.032479226748345788
leaf_weight=16.362026649010662 0.88961768434091748 1.5022202783147807 0.8746409453160594 2.1994903785234774 37.287657676752133 8.0995104003304714 5.2971351270098239
leaf_count=154 14 72 27 48 587 122 49
internal_value=0 0.0131972 -0.0182346 -0.00177418 -0.00710728 0.0068082 0.0253788
internal_weight=0 8.56361 2.37686 63.9487 39.4871 24.4615 6.18675
internal_count=1073 162 99 911 635 276 63
is_linear=0
shrinkage=0.0493048


Tree=423
num_leaves=7
num_cat=0
split_feature=58 63 62 52 19 6
split_gain=0.681115 0.891933 0.912495 0.358276 0.662711 0.269041
threshold=-9.4999999999999982 14.500000000000002 7.5000000000000009 10.500000000000002 2.5000000000000004 1.0000000180025095e-35
decision_type=2 2 2 2 2 2
left_child=3 2 -2 5 -5 -1
right_child=1 -3 -4 4 -6 -7
leaf_value=0.04561803721828106 -0.0025193976888503323 -0.054325097261865428 0.015368385902629735 -0.051393470600513379 0.033155514161744358 0.010751815003977047
leaf_weight=1.4310367455909725 60.306645647942787 0.75479047761837037 7.8295405903772908 0.40431370996520843 0.50248094658309128 0.95380532211856905
leaf_count=10 861 52 96 21 12 21
internal_value=0 -0.00105468 -0.000454163 0.0218993 -0.00384411 0.0319571
internal_weight=0 68.891 68.1362 3.29164 0.906795 2.38484
internal_count=1073 1009 957 64 33 31
is_linear=0
shrinkage=0.0493048


Tree=424
num_leaves=8
num_cat=0
split_feature=55 56 42 57 14 45 9
split_gain=0.677931 2.71657 3.86566 2.46891 1.91799 2.53068 1.04225
threshold=0.95000000000000007 0.25833333333333336 0.4494949494949495 -4.7499999999999991 1.0000000180025095e-35 10.500000000000002 1.0000000180025095e-35
decision_type=2 2 2 2 2 2 2
left_child=1 3 -3 -1 5 -2 -6
right_child=4 2 -4 -5 6 -7 -8
leaf_value=-0.06487943272548094 -0.033337543526526466 -0.052474030689716782 -0.0034241609757137341 0.012467424338596935 0.040114060461023192 0.0065037235036910163 -0.019455815736411575
leaf_weight=1.056882271310317 4.6575320541232967 5.535918914392826 13.37145824402978 18.731167642981745 4.8255593475660126 23.054680809262209 0.82148699203389686
leaf_count=19 160 83 142 170 90 395 14
internal_value=0 -0.00444712 -0.0178221 0.00830009 0.00514396 -0.000169954 0.0313312
internal_weight=0 38.6954 18.9074 19.788 33.3593 27.7122 5.64705
internal_count=1073 414 225 189 659 555 104
is_linear=0
shrinkage=0.0493048


Tree=425
num_leaves=8
num_cat=0
split_feature=59 11 55 3 42 55 4
split_gain=0.700083 2.17177 4.04362 1.39599 3.3305 1.82917 0.627824
threshold=-149.99999999999997 1.0000000180025095e-35 0.25000000000000006 1.5000000000000002 0.83974358974358987 0.95000000000000007 1.0000000180025095e-35
decision_type=2 2 2 2 2 2 2
left_child=1 2 -1 4 -2 -5 -3
right_child=3 6 -4 5 -6 -7 -8
leaf_value=0.033547632013902651 0.021185937307738708 0.048297790474922553 -0.058568147384909189 -0.014268978872238465 -0.061306868517162931 0.0049008873153533064 0.013453291490279443
leaf_weight=2.3081675429275474 11.415243171803011 3.0626925905235112 2.3158738895872375 27.251967104806681 1.3240908709194616 21.696331071718305 2.2391752363619162
leaf_count=19 140 9 54 320 34 470 27
internal_value=0 0.0121419 -0.0124496 -0.00196576 0.0125563 -0.00575875 0.03371
internal_weight=0 9.92591 4.62404 61.6876 12.7393 48.9483 5.30187
internal_count=1073 109 73 964 174 790 36
is_linear=0
shrinkage=0.0493048


Tree=426
num_leaves=7
num_cat=0
split_feature=64 65 63 48 55 61
split_gain=0.708276 2.7238 1.63739 1.14564 3.53162 1.99589
threshold=19.550000000000004 9.5000000000000018 6.5000000000000009 1.7500000000000002 2.0500000000000003 0.37321428571428578
decision_type=2 2 2 2 2 2
left_child=3 -2 -3 4 -1 -5
right_child=1 2 -4 5 -6 -7
leaf_value=0.0014135709289752501 -0.053130200675470654 -0.052186457279174842 0.02030975639671229 0.020852037178199726 -0.058439469798029359 -0.052896022964895449
leaf_weight=48.252002732624533 2.7911237567168419 0.91848251565534145 4.2345727666979656 11.525833666324612 2.5200226041488341 0.96163014625199217
leaf_count=322 249 143 194 105 38 22
internal_value=0 -0.0138845 0.00725356 0.00173348 -0.00154561 0.0151167
internal_weight=0 7.94418 5.15306 63.2595 50.772 12.4875
internal_count=1073 586 337 487 360 127
is_linear=0
shrinkage=0.0493048


Tree=427
num_leaves=8
num_cat=0
split_feature=10 39 24 63 56 40 4
split_gain=0.679827 1.25333 2.07989 1.76903 1.03826 2.19072 0.267238
threshold=1.0000000180025095e-35 4.5000000000000009 1.0000000180025095e-35 3.5000000000000004 0.40833333333333338 38.650000000000013 12.500000000000002
decision_type=2 2 2 2 2 2 2
left_child=1 3 -3 -1 6 -6 -2
right_child=4 2 -4 -5 5 -7 -8
leaf_value=0.014439133057321868 0.019728152274108103 0.00067346806510694608 0.041157457645336903 -0.015675670268767785 0.019254141611349612 -0.069146327293596127 0.050001286000365734
leaf_weight=5.9904707411114968 1.4248611379298375 32.267636628046603 3.4144095443843971 22.433270109122532 2.7137180592108057 0.90793733499594953 1.6328734333801547
leaf_count=89 21 591 23 293 31 19 6
internal_value=0 -0.00157404 0.00456673 -0.00930564 0.0149535 -0.00274278 0.036119
internal_weight=0 64.1058 35.682 28.4237 6.67939 3.62166 3.05773
internal_count=1073 996 614 382 77 50 27
is_linear=0
shrinkage=0.0493048


Tree=428
num_leaves=8
num_cat=0
split_feature=64 45 49 41 54 49 7
split_gain=0.705079 3.5883 2.01619 1.58455 3.49742 3.24572 0.483472
threshold=7.3500000000000005 9.5000000000000018 0.32291666666666669 0.8500000000000002 37.45000000000001 0.32291666666666669 143.50000000000003
decision_type=2 2 2 2 2 2 2
left_child=3 6 -3 5 -5 -1 -2
right_child=1 2 -4 4 -6 -7 -8
leaf_value=-0.026114275378791765 -0.057573163157766505 0.01620648503009629 -0.012765960497100506 -0.013204327553412495 0.02926559511599601 0.011104765017115117 0.02147434720027815
leaf_weight=10.009368145838382 3.2769821178662855 10.858873455628784 12.623783315430044 7.3604388528037843 13.027814710512756 13.189240304287521 0.18659364013001312
leaf_count=72 174 161 472 51 61 78 4
internal_value=0 -0.00627954 0.000603992 0.00386586 0.0139016 -0.00492641 -0.0531217
internal_weight=0 26.9462 23.4827 43.5869 20.3883 23.1986 3.46358
internal_count=1073 811 633 262 112 150 178
is_linear=0
shrinkage=0.0493048


Tree=429
num_leaves=8
num_cat=0
split_feature=64 61 47 31 40 42 40
split_gain=0.700825 1.63886 1.75556 1.45823 2.28917 1.27173 0.796734
threshold=2.8500000000000001 0.22967032967032963 36.45000000000001 3.5000000000000004 37.550000000000004 0.32291666666666669 37.050000000000004
decision_type=2 2 2 2 2 2 2
left_child=1 5 -3 4 -2 -1 -5
right_child=3 2 -4 6 -6 -7 -8
leaf_value=-0.044456030536568956 -0.018946736277233436 -0.017992602177942775 0.033027173963275633 0.063049114041040036 0.0028077703259194423 0.015379311174540847 -0.0027588701558015063
leaf_weight=1.9702099459245794 16.893492023591534 2.1088249050080758 7.1466098576784134 1.2529890365549352 38.566325532719929 1.5147984996438024 0.66640886820823642
leaf_count=12 247 14 32 5 726 9 28
internal_value=0 0.0104487 0.0213316 -0.0023341 -0.00380736 -0.0182651 0.0398744
internal_weight=0 12.7404 9.25543 57.3792 55.4598 3.48501 1.9194
internal_count=1073 67 46 1006 973 21 33
is_linear=0
shrinkage=0.0493048


Tree=430
num_leaves=8
num_cat=0
split_feature=47 47 7 27 13 61 61
split_gain=0.720411 2.40313 2.35298 1.53285 1.27773 0.943773 0.773396
threshold=35.150000000000013 36.050000000000004 6.5000000000000009 1.0000000180025095e-35 1.0000000180025095e-35 0.14550264550264549 0.43614130434782611
decision_type=2 2 2 2 2 2 2
left_child=2 6 3 -1 -3 -4 -2
right_child=1 4 5 -5 -6 -7 -8
leaf_value=-0.057451634022187045 -0.065904376001423418 -0.0037630595685978594 -0.015586387992382128 0.034230882358296161 0.014045594332625099 0.034992971465814503 0.0017498422149177806
leaf_weight=1.5677085584102299 1.8290053796954446 46.107995049293095 1.0404220548734882 0.60759055902599346 12.433964613774149 5.8126367078948533 0.50569834391353641
leaf_count=38 40 766 26 5 147 44 7
internal_value=0 -0.00193716 0.0129866 -0.0315407 8.49745e-06 0.0272181 -0.0509786
internal_weight=0 60.8767 9.02836 2.1753 58.542 6.85306 2.3347
internal_count=1073 960 113 43 913 70 47
is_linear=0
shrinkage=0.0493048


Tree=431
num_leaves=7
num_cat=0
split_feature=58 60 60 60 16 60
split_gain=0.681819 1.70922 3.11159 1.97013 1.66904 1.91277
threshold=6.5000000000000009 0.057417582417582359 0.12771739130434781 0.04880952380952381 1.0000000180025095e-35 0.057417582417582359
decision_type=2 2 2 2 2 2
left_child=1 3 -3 -1 5 -2
right_child=4 2 -4 -5 -6 -7
leaf_value=-0.00060170317003825451 -0.0064198318993493901 -0.03569632500258809 0.00042129541481986549 0.034783878171452932 -0.05405882960668746 0.025275003532562797
leaf_weight=19.545055558632161 8.3215821421472409 8.8109183966953442 16.854998770955717 4.7443225649985825 1.0028209403608332 10.355689326432183
leaf_count=397 144 191 174 28 50 89
internal_value=0 -0.00307274 -0.0119533 0.00628453 0.00776212 0.0111192
internal_weight=0 49.9553 25.6659 24.2894 19.6801 18.6773
internal_count=1073 790 365 425 283 233
is_linear=0
shrinkage=0.0493048


Tree=432
num_leaves=8
num_cat=0
split_feature=47 40 56 56 58 19 39
split_gain=0.687423 1.40344 2.01144 1.10248 1.54153 1.147 0.400909
threshold=13.750000000000002 37.45000000000001 0.87083333333333346 0.087121212121212113 23.500000000000004 13.000000000000002 3.5000000000000004
decision_type=2 2 2 2 2 2 2
left_child=1 2 -1 4 -2 -5 -3
right_child=3 6 -4 5 -6 -7 -8
leaf_value=-0.052470974492450487 -0.036894104110125656 0.056192972129802746 0.035120433007645051 0.0010851960452303087 0.051075910641668769 -0.055604813528316761 0.021382741187110112
leaf_weight=1.3680840512970456 3.7723856405646066 1.4771271407371389 1.1843719892203806 58.102036593991215 0.5488867014646529 0.87955849012359877 1.9688306969546827
leaf_count=20 89 7 5 893 2 33 24
internal_value=0 0.0159397 -0.0115756 -0.00152273 -0.0255597 0.00022777 0.036506
internal_weight=0 5.99841 2.55246 63.3029 4.32127 58.9816 3.44596
internal_count=1073 56 25 1017 91 926 31
is_linear=0
shrinkage=0.0493048


Tree=433
num_leaves=7
num_cat=0
split_feature=28 58 48 45 45 45
split_gain=0.675618 1.00918 0.916527 3.79182 2.87391 0.877359
threshold=1.0000000180025095e-35 1.5000000000000002 0.65000000000000002 7.5000000000000009 35.000000000000007 8.5000000000000018
decision_type=2 2 2 2 2 2
left_child=2 5 4 -4 -1 -2
right_child=1 -3 3 -5 -6 -7
leaf_value=0.0010440926064269088 0.035124337565810175 0.04693660977467802 -0.048478251448119555 0.0088023081153365337 -0.035422954814240404 -0.056250042524071807
leaf_weight=22.099598555309061 0.45963541697710686 1.7306474723809513 3.0571959210792548 34.273652912350371 6.8779496483839457 0.56088994319725316
leaf_count=168 5 18 100 666 100 16
internal_value=0 0.0239269 -0.00100312 0.00409264 -0.00759015 -0.0144669
internal_weight=0 2.75117 66.3084 37.3308 28.9775 1.02053
internal_count=1073 39 1034 766 268 21
is_linear=0
shrinkage=0.0493048


Tree=434
num_leaves=8
num_cat=0
split_feature=64 52 63 64 62 64 60
split_gain=0.668225 2.317 2.05346 1.55731 2.42233 2.06234 1.01718
threshold=2.9500000000000006 35.000000000000007 8.5000000000000018 4.1500000000000012 7.5000000000000009 4.4500000000000011 0.15192307692307691
decision_type=2 2 2 2 2 2 2
left_child=1 2 -1 4 -2 -5 -3
right_child=3 6 -4 5 -6 -7 -8
leaf_value=0.012374352704307876 -0.039893754602998641 0.015910083005285611 -0.037133620480740773 0.034954954860172652 0.024749527063657222 -0.0022543889971023516 0.061331664348212224
leaf_weight=5.6611215807497484 5.541355575900524 2.671720906160771 3.172687191516161 3.946912355720996 1.8756560375913975 43.607282761051465 2.2515130192041397
leaf_count=30 51 14 21 16 9 925 7
internal_value=0 0.00970649 -0.00533552 -0.00244339 -0.0234576 0.000821012 0.0368235
internal_weight=0 13.757 8.83381 54.9712 7.41701 47.5542 4.92323
internal_count=1073 72 51 1001 60 941 21
is_linear=0
shrinkage=0.0493048


Tree=435
num_leaves=6
num_cat=0
split_feature=42 49 42 64 55
split_gain=0.648613 2.53721 1.63021 1.52505 0.299279
threshold=0.074175824175824162 0.095454545454545472 0.10555555555555557 54.70000000000001 1.4500000000000002
decision_type=2 2 2 2 2
left_child=1 -1 -2 -4 -3
right_child=2 4 3 -5 -6
leaf_value=0.049155778209956737 -0.060576261698460941 -0.054346780162194873 0.0010488901826035128 -0.050380366857938425 0.0012895012189603305
leaf_weight=2.4237613976583812 1.1014739222300693 0.85511853068601318 62.354023564992531 1.4327269144487207 0.29294849624420749
leaf_count=13 24 20 661 336 19
internal_value=0 0.0204432 -0.00113461 -9.69528e-05 -0.0395978
internal_weight=0 3.57183 64.8882 63.7868 1.14807
internal_count=1073 52 1021 997 39
is_linear=0
shrinkage=0.0493048


Tree=436
num_leaves=6
num_cat=0
split_feature=58 63 42 53 14
split_gain=0.656405 0.816724 0.802107 0.352762 0.910195
threshold=-9.4999999999999982 14.500000000000002 0.074175824175824162 3.5000000000000004 1.0000000180025095e-35
decision_type=2 2 2 2 2
left_child=3 2 -2 -1 -5
right_child=1 -3 -4 4 -6
leaf_value=0.037209629368384456 0.023098455297631465 -0.054049268002719926 -0.0017671957370474318 -0.0496382339177662 0.033898075904459715
leaf_weight=1.7087516126921394 3.3229189315097747 0.69861481353655008 61.137209885433549 0.49630597636860307 0.86883028323063627
leaf_count=13 47 52 910 42 9
internal_value=0 -0.00106021 -0.000474923 0.022251 0.00303688
internal_weight=0 65.1587 64.4601 3.07389 1.36514
internal_count=1073 1009 957 64 51
is_linear=0
shrinkage=0.0493048


Tree=437
num_leaves=8
num_cat=0
split_feature=47 7 62 40 40 39 38
split_gain=0.652304 1.29757 1.09493 4.44507 2.76523 0.961244 0.670155
threshold=13.750000000000002 6.5000000000000009 5.5000000000000009 38.650000000000013 37.850000000000001 2.5000000000000004 25.000000000000004
decision_type=2 2 2 2 2 2 2
left_child=1 5 3 -2 -4 -1 -3
right_child=2 6 4 -5 -6 -7 -8
leaf_value=0.023056789563081301 0.0023121713547591739 0.045475685423456959 -0.017293185494303264 -0.039882782755173041 0.016058640815860361 -0.057395243964961068 0.0056902526862541471
leaf_weight=0.60230830509681144 26.179718242827221 2.5736165690177586 8.7514048199627741 7.8905825516121686 19.453117940014636 0.86869473065598868 1.7829082428652325
leaf_count=4 278 17 131 299 309 18 17
internal_value=0 0.0157633 -0.00148547 -0.00744198 0.00568682 -0.0240203 0.0293481
internal_weight=0 5.82753 62.2748 34.0703 28.2045 1.471 4.35652
internal_count=1073 56 1017 577 440 22 34
is_linear=0
shrinkage=0.0493048


Tree=438
num_leaves=7
num_cat=0
split_feature=30 42 5 38 24 57
split_gain=0.658563 1.42905 0.986377 2.0299 1.32367 0.893096
threshold=1.0000000180025095e-35 0.36931818181818182 1.0000000180025095e-35 45.000000000000007 1.0000000180025095e-35 0.75000000000000011
decision_type=2 2 2 2 2 2
left_child=2 -2 4 -4 -1 -3
right_child=1 5 3 -5 -6 -7
leaf_value=0.0011933978333790885 -0.054134932528498859 -0.0032567259780626398 -0.0014258451280357892 -0.033141444106062547 0.03262442556017417 0.04490165292900751
leaf_weight=26.472893591610049 0.57959555881097813 1.3993773460097143 26.8677491557537 6.0145109013719766 3.721749481977894 2.6859368498408003
leaf_count=407 18 24 417 169 17 21
internal_value=0 0.0178646 -0.00133133 -0.00724763 0.0050901 0.0282503
internal_weight=0 4.66491 63.0769 32.8823 30.1946 4.08531
internal_count=1073 63 1010 586 424 45
is_linear=0
shrinkage=0.0493048


Tree=439
num_leaves=7
num_cat=0
split_feature=38 0 64 38 2 7
split_gain=0.658059 1.24276 1.15383 3.18942 1.14503 0.947141
threshold=85.000000000000014 7.5000000000000009 9.3500000000000032 13.500000000000002 1.5000000000000002 2.5000000000000004
decision_type=2 2 2 2 2 2
left_child=2 4 5 -4 -2 -1
right_child=1 -3 3 -5 -6 -7
leaf_value=-0.011058217269574915 -0.0016026366478936811 -0.055281821855995616 0.006043392446678517 -0.040547959469076966 0.03721709455903887 0.0059964951473603879
leaf_weight=10.232460075756533 3.4491274334141044 0.5883265421798568 8.3225839246879314 6.2301441103118114 3.9004471164116694 34.769863412715495
leaf_count=78 85 27 385 241 50 207
internal_value=0 0.0133255 -0.0017861 -0.0138597 0.0189133 0.00210405
internal_weight=0 7.9379 59.5551 14.5527 7.34957 45.0023
internal_count=1073 162 911 626 135 285
is_linear=0
shrinkage=0.0493048


Tree=440
num_leaves=7
num_cat=0
split_feature=59 64 49 41 63 47
split_gain=0.639976 0.918404 3.05521 1.43544 0.0433582 0.525931
threshold=550.00000000000011 7.3500000000000005 0.32291666666666669 0.8500000000000002 1.5000000000000002 36.150000000000013
decision_type=2 2 2 2 2 2
left_child=1 3 -3 -1 -2 -6
right_child=4 2 -4 -5 5 -7
leaf_value=-0.0048519305862064488 0.044805028904310019 0.010123061527933814 -0.024933325103105329 0.013497454790542001 0.044935528148086788 -0.046474933729815933
leaf_weight=22.121487779542804 0.5630266866646696 11.428321506875365 12.784063198017973 19.446407845243812 0.6717942738905549 0.19077805620327126
leaf_count=149 4 216 548 109 7 40
internal_value=0 -0.000718624 -0.00836008 0.00371684 0.0326594 0.0239324
internal_weight=0 65.7803 24.2124 41.5679 1.4256 0.862572
internal_count=1073 1022 764 258 51 47
is_linear=0
shrinkage=0.0493048


Tree=441
num_leaves=8
num_cat=0
split_feature=38 19 22 64 3 38 56
split_gain=0.643911 1.21692 1.08764 1.02855 3.15865 0.931677 0.779273
threshold=85.000000000000014 1.0000000180025095e-35 1.0000000180025095e-35 9.3500000000000032 12.500000000000002 1.5000000000000002 0.4330357142857143
decision_type=2 2 2 2 2 2 2
left_child=3 6 -3 5 -5 -1 -2
right_child=1 2 -4 4 -6 -7 -8
leaf_value=0.025117121277629925 -0.01888312802792801 -0.038038716517604508 0.045356632230748165 0.00041092715553328206 -0.052407571141648693 -0.00027301995614289169 0.032670693287589189
leaf_weight=3.8361976426094762 0.81677845834201335 1.628165167738189 0.48896325769601379 10.531938081487167 3.7136621712415936 41.079072135966271 4.8893779764184728
leaf_count=23 24 93 6 324 302 262 39
internal_value=0 0.0132834 -0.0184578 -0.00176698 -0.0133157 0.00188166 0.0251753
internal_weight=0 7.82328 2.11713 59.1609 14.2456 44.9153 5.70616
internal_count=1073 162 99 911 626 285 63
is_linear=0
shrinkage=0.0493048


Tree=442
num_leaves=8
num_cat=0
split_feature=47 40 60 56 45 19 39
split_gain=0.633125 1.26217 1.8748 0.980754 1.48699 1.04277 0.379818
threshold=13.750000000000002 37.45000000000001 0.035098522167487656 0.087121212121212113 75.000000000000014 13.000000000000002 3.5000000000000004
decision_type=2 2 2 2 2 2 2
left_child=1 2 -1 4 -2 -5 -3
right_child=3 6 -4 5 -6 -7 -8
leaf_value=0.024488958138354076 -0.041786933488657182 0.055635026023274109 -0.063398330376173123 0.00099894990240734097 0.027455481933062818 -0.055212332177849932 0.020705631608421024
leaf_weight=1.4495705652516329 3.0839160067625917 1.3920595567906278 0.9882468668220098 56.057509081278113 0.98514520154276386 0.81272660064860147 1.8561063278393701
leaf_count=14 75 7 11 893 16 33 24
internal_value=0 0.0157225 -0.0108854 -0.00147883 -0.0248605 0.000183159 0.035889
internal_weight=0 5.68598 2.43782 60.9393 4.06906 56.8702 3.24817
internal_count=1073 56 25 1017 91 926 31
is_linear=0
shrinkage=0.0493048


Tree=443
num_leaves=8
num_cat=0
split_feature=40 62 54 47 48 2 19
split_gain=0.631375 3.63497 2.17639 1.89486 1.76464 2.68186 1.76383
threshold=38.650000000000013 5.5000000000000009 37.750000000000007 13.750000000000002 0.8500000000000002 1.5000000000000002 8.5000000000000018
decision_type=2 2 2 2 2 2 2
left_child=4 3 -3 -2 5 -1 -6
right_child=1 2 -4 -5 6 -7 -8
leaf_value=0.0078039680635543559 0.042673391087464638 -0.037204750904863866 0.023302167447338505 -0.039131240450534656 0.0075304369084062094 -0.02399019193074893 0.047509349922450803
leaf_weight=15.237690870068038 0.74831486461335028 1.7522845769999538 8.0788628393784148 7.6210505024573649 18.659322195864664 11.159122943940018 3.1469566682644645
leaf_count=116 13 80 164 299 258 117 26
internal_value=0 -0.00783384 0.0124485 -0.0317347 0.00294414 -0.00561271 0.0133319
internal_weight=0 18.2005 9.83115 8.36937 48.2031 26.3968 21.8063
internal_count=1073 556 244 312 517 233 284
is_linear=0
shrinkage=0.0493048


Tree=444
num_leaves=8
num_cat=0
split_feature=10 60 47 60 56 40 4
split_gain=0.632151 1.09456 2.87111 1.79395 0.942359 1.98294 0.223768
threshold=1.0000000180025095e-35 0.23721227621483379 37.550000000000004 0.22792207792207789 0.40833333333333338 38.650000000000013 12.500000000000002
decision_type=2 2 2 2 2 2 2
left_child=1 3 -3 -1 6 -6 -2
right_child=4 2 -4 -5 5 -7 -8
leaf_value=-0.0025250116289528327 0.020622378402444314 0.039209198042804684 -0.03527483052475703 -0.066329748362626145 0.019398639458391116 -0.067235379745599483 0.049605556720960356
leaf_weight=52.506215970483026 1.3475421142356929 4.4359374291816485 1.7467027388993299 1.0937039619020641 2.5284778641362213 0.85893746250076208 1.4749939962493952
leaf_count=917 21 31 38 10 31 19 6
internal_value=0 -0.00156448 0.0180586 -0.00384041 0.014962 -0.00239217 0.0360119
internal_weight=0 59.7826 6.18264 53.5999 6.20995 3.38742 2.82254
internal_count=1073 996 69 927 77 50 27
is_linear=0
shrinkage=0.0493048


Tree=445
num_leaves=7
num_cat=0
split_feature=59 59 9 60 63 47
split_gain=0.629037 0.923518 1.64675 0.935789 0.0419189 0.490458
threshold=550.00000000000011 350.00000000000006 1.0000000180025095e-35 0.36931818181818182 1.5000000000000002 36.150000000000013
decision_type=2 2 2 2 2 2
left_child=1 3 -3 -1 -2 -6
right_child=4 2 -4 -5 5 -7
leaf_value=0.0013123840580577782 0.044816959650638276 -0.052555256820917322 0.020713849081573837 -0.054939864674741261 0.044612801640273925 -0.046212364691589701
leaf_weight=60.407488618653588 0.56053267838433274 2.0862234496671581 1.143959133201861 0.72619124317861761 0.64059989829547703 0.17924218886037124
leaf_count=797 4 197 11 17 7 40
internal_value=0 -0.000714847 -0.0264081 0.00063257 0.0329103 0.0239291
internal_weight=0 64.3639 3.23018 61.1337 1.38037 0.819842
internal_count=1073 1022 208 814 51 47
is_linear=0
shrinkage=0.0493048


Tree=446
num_leaves=8
num_cat=0
split_feature=30 42 58 64 39 61 49
split_gain=0.624398 1.01893 1.54823 0.979025 2.28724 2.06543 0.65011
threshold=1.0000000180025095e-35 0.44097222222222227 -8.4999999999999982 2.9500000000000006 3.5000000000000004 0.22967032967032963 0.74166666666666681
decision_type=2 2 2 2 2 2 2
left_child=3 2 -2 5 -5 -1 -3
right_child=1 6 -4 4 -6 -7 -8
leaf_value=-0.022014261034718367 0.049573808972133412 0.048767857108997642 -0.055233103471120613 -0.020778829777433696 0.0025586205282662196 0.022332044089511671 -0.0010655715087733685
leaf_weight=3.4552026456221929 0.54176361858844757 2.1459312685619811 0.91424527135677525 14.708891234011388 33.247180539165129 9.6682042973116022 0.86860613226599515
leaf_count=21 2 19 26 263 677 49 16
internal_value=0 0.0177753 -0.015782 -0.00131122 -0.00458612 0.010606 0.0341985
internal_weight=0 4.47055 1.45601 61.0795 47.9561 13.1234 3.01454
internal_count=1073 63 28 1010 940 70 35
is_linear=0
shrinkage=0.0493048


Tree=447
num_leaves=6
num_cat=0
split_feature=42 49 42 64 11
split_gain=0.618126 2.28774 1.47777 1.35914 0.273279
threshold=0.074175824175824162 0.095454545454545472 0.10555555555555557 54.70000000000001 1.5000000000000002
decision_type=2 2 2 2 2
left_child=1 -1 -2 -4 -3
right_child=2 4 3 -5 -6
leaf_value=0.04836381809675129 -0.05991092602928811 -0.053177856397731635 0.00094377178458437277 -0.050206121111311952 0.00199948623106003
leaf_weight=2.3007078246446322 1.0213818970951241 0.79967567796120398 59.59435488418967 1.2890148090446008 0.26928030705312267
leaf_count=13 24 31 661 336 8
internal_value=0 0.0205535 -0.0011273 -0.000129401 -0.0386838
internal_weight=0 3.36966 61.9048 60.8834 1.06896
internal_count=1073 52 1021 997 39
is_linear=0
shrinkage=0.0493048


Tree=448
num_leaves=8
num_cat=0
split_feature=58 58 57 16 52 61 4
split_gain=0.627173 0.822221 1.99557 1.52728 0.317727 0.559339 0.229454
threshold=-9.4999999999999982 6.5000000000000009 -3.2499999999999996 1.0000000180025095e-35 10.500000000000002 0.39791666666666675 1.0000000180025095e-35
decision_type=2 2 2 2 2 2 2
left_child=4 2 -2 -3 6 -6 -1
right_child=1 3 -4 -5 5 -7 -8
leaf_value=0.045297862238169354 -0.042448945895092426 0.010909212297428007 -0.0017900057856705513 -0.053848371776674071 -0.050715332856806766 0.033335943788092931 0.010575668213350969
leaf_weight=1.3072107840562237 3.1671867969162113 17.621965477337657 40.462779027937358 0.92846072662359702 0.34897304578043975 0.42254768336715642 0.80381406714150205
leaf_count=9 86 233 640 50 25 8 22
internal_value=0 -0.00105132 -0.00475741 0.00763002 0.0224696 -0.00385996 0.0323966
internal_weight=0 62.1804 43.63 18.5504 2.88255 0.771521 2.11102
internal_count=1073 1009 726 283 64 33 31
is_linear=0
shrinkage=0.0493048


Tree=449
num_leaves=4
num_cat=0
split_feature=57 57 60
split_gain=0.614434 1.14179 1.06236
threshold=-6.7499999999999991 -5.7499999999999991 -1.0000000180025095e-35
decision_type=2 2 2
left_child=-1 -2 -3
right_child=1 2 -4
leaf_value=0.03340265268540283 -0.074957912262637927 -0.054865180380475394 0.00063770312394816682
leaf_weight=1.3098080251947966 0.49829893129935854 0.84863830086032876 62.188805457139097
leaf_count=12 13 59 989
internal_value=0 -0.000698774 -0.000100157
internal_weight=0 63.5357 63.0374
internal_count=1073 1061 1048
is_linear=0
shrinkage=0.0493048


Tree=450
num_leaves=8
num_cat=0
split_feature=38 7 3 64 38 55 64
split_gain=0.601214 1.15684 1.25689 1.02144 2.87223 0.919225 0.875283
threshold=85.000000000000014 13.500000000000002 31.500000000000004 9.3500000000000032 13.500000000000002 2.0500000000000003 12.900000000000002
decision_type=2 2 2 2 2 2 2
left_child=3 6 -3 5 -5 -1 -2
right_child=1 2 -4 4 -6 -7 -8
leaf_value=0.0040613121904436019 0.047133399180557631 -0.053688243573585204 0.030116568988522337 0.0058894640878157135 -0.039880313772008152 -0.022231808834057024 0.007577944887500878
leaf_weight=40.160684801638126 2.358762862160801 1.1141223054291911 0.70194439645274531 7.8146947272944072 5.7849153134593507 3.5098346134182057 3.3241398590034805
leaf_count=250 9 47 36 385 241 35 70
internal_value=0 0.0131166 -0.0209402 -0.00172885 -0.0135337 0.00193273 0.0241162
internal_weight=0 7.49897 1.81607 57.2701 13.5996 43.6705 5.6829
internal_count=1073 162 83 911 626 285 79
is_linear=0
shrinkage=0.0493048


Tree=451
num_leaves=8
num_cat=0
split_feature=59 3 39 3 42 55 6
split_gain=0.617741 1.84492 2.06455 1.30732 2.78322 1.46429 0.508163
threshold=-149.99999999999997 3.5000000000000004 3.5000000000000004 1.5000000000000002 0.83974358974358987 0.95000000000000007 1.0000000180025095e-35
decision_type=2 2 2 2 2 2 2
left_child=1 6 -3 4 -2 -5 -1
right_child=3 2 -4 5 -6 -7 -8
leaf_value=-0.0029410749686909245 0.02113022284461194 -0.054486501389211031 0.031468437604393155 -0.013758099400106022 -0.059225447953628607 0.0042877977738556821 -0.062209813743316952
leaf_weight=0.63433987415919346 10.283992020100412 0.75239786743259163 6.5161826222974923 24.710691373253212 1.1623962058038149 19.525769806248718 0.86144012765726075
leaf_count=14 140 24 60 320 34 470 11
internal_value=0 0.0121564 0.0224746 -0.00192504 0.0129083 -0.00577814 -0.0375294
internal_weight=0 8.76436 7.26858 55.6828 11.4464 44.2365 1.49578
internal_count=1073 109 84 964 174 790 25
is_linear=0
shrinkage=0.0493048


Tree=452
num_leaves=8
num_cat=0
split_feature=10 60 47 61 46 55 47
split_gain=0.608699 0.986295 2.59109 1.73226 0.92246 1.24673 0.948362
threshold=1.0000000180025095e-35 0.23721227621483379 37.550000000000004 0.39791666666666675 6.5000000000000009 3.2500000000000004 38.95000000000001
decision_type=2 2 2 2 2 2 2
left_child=1 3 -3 -1 6 -6 -2
right_child=4 2 -4 -5 5 -7 -8
leaf_value=-0.00036651984440422481 0.0067286068034991559 0.038096890304812447 -0.034487339640240061 -0.027815799245472075 -0.052680691006382036 0.049171699455365404 0.052150825057421461
leaf_weight=45.822526669569925 2.8019561299224724 4.2289981730573336 1.6572126916798877 6.3725293613097156 0.93561090422008397 0.41803586581954733 1.9022292746230958
leaf_count=843 29 31 38 84 40 4 4
internal_value=0 -0.00156277 0.0175485 -0.00373078 0.0148597 -0.0207326 0.0252419
internal_weight=0 58.0813 5.88621 52.1951 6.05783 1.35365 4.70419
internal_count=1073 996 69 927 77 44 33
is_linear=0
shrinkage=0.0493048


Tree=453
num_leaves=6
num_cat=0
split_feature=42 49 42 64 11
split_gain=0.626737 2.09943 1.38183 1.29114 0.276871
threshold=0.074175824175824162 0.095454545454545472 0.10555555555555557 54.70000000000001 1.5000000000000002
decision_type=2 2 2 2 2
left_child=1 -1 -2 -4 -3
right_child=2 4 3 -5 -6
leaf_value=0.047703003924857303 -0.059345255660092466 -0.052777138010280548 0.00086298706194534291 -0.050158466112868942 0.0037882506322927186
leaf_weight=2.2497538946336131 0.97463400183187232 0.75111636261499348 58.386790294236562 1.2299372237648629 0.2630773356067948
leaf_count=13 24 31 661 336 8
internal_value=0 0.0210328 -0.00114314 -0.000179649 -0.0374768
internal_weight=0 3.26395 60.5914 59.6167 1.01419
internal_count=1073 52 1021 997 39
is_linear=0
shrinkage=0.0493048


Tree=454
num_leaves=8
num_cat=0
split_feature=30 57 5 61 39 42 46
split_gain=0.615217 0.982516 0.901502 2.7629 1.42597 0.72959 0.434771
threshold=1.0000000180025095e-35 0.75000000000000011 1.5000000000000002 0.39009661835748799 3.5000000000000004 0.93933823529411764 2.5000000000000004
decision_type=2 2 2 2 2 2 2
left_child=2 5 4 -4 -1 -2 -3
right_child=1 6 3 -5 -6 -7 -8
leaf_value=-0.009794115195004012 -0.034253702196141371 0.05385547499117628 -0.0016296722728016166 -0.050616333580384115 0.0099904831210045637 0.038997360364144577 0.01288111905234266
leaf_weight=13.57664657411078 1.1187456812622247 1.5165989696979525 17.083979014401852 3.3537087731092461 25.379937019904901 0.46179229766130436 1.1617582346225388
leaf_count=172 33 3 361 62 415 3 24
internal_value=0 0.0180887 -0.00130842 -0.00970219 0.00307866 -0.0124288 0.0363376
internal_weight=0 4.2589 59.3943 20.4377 38.9566 1.58054 2.67836
internal_count=1073 63 1010 423 587 36 27
is_linear=0
shrinkage=0.0493048


Tree=455
num_leaves=8
num_cat=0
split_feature=13 60 60 60 7 61 41
split_gain=0.614401 2.21772 1.08885 2.9698 2.15585 0.917526 0.0289407
threshold=1.5000000000000002 0.059411764705882351 0.097619047619047619 0.059411764705882351 4.5000000000000009 0.16904761904761903 0.25000000000000006
decision_type=2 2 2 2 2 2 2
left_child=2 5 3 -1 -4 -2 -3
right_child=1 6 4 -5 -6 -7 -8
leaf_value=-0.00063554839227087376 0.0045560708597936162 -0.030668173336330113 -0.018659278996161807 -0.040150948123745589 0.014438350678273192 0.054558727506704451 -0.056186514076131615
leaf_weight=27.463763778523571 1.5380624845201958 0.30224875232670445 6.3472127341083278 5.5671416499899342 19.294874651437567 2.2273867108742706 0.67092709222924896
leaf_count=586 16 7 69 158 209 9 19
internal_value=0 0.0170651 -0.00138951 -0.00731639 0.00621989 0.034314 -0.0489715
internal_weight=0 4.73863 58.673 33.0309 25.6421 3.76545 0.973176
internal_count=1073 51 1022 744 278 25 26
is_linear=0
shrinkage=0.0493048


Tree=456
num_leaves=8
num_cat=0
split_feature=58 42 49 42 38 6 57
split_gain=0.614946 0.760535 1.74236 1.20357 0.301192 0.805654 0.00737197
threshold=-9.4999999999999982 0.074175824175824162 0.10555555555555557 0.10555555555555557 35.000000000000007 1.0000000180025095e-35 5.7500000000000009
decision_type=2 2 2 2 2 2 2
left_child=4 2 -2 -3 5 -1 -6
right_child=1 3 -4 -5 6 -7 -8
leaf_value=0.028567245724820799 0.046840444704703325 -0.058842944143179789 -0.034935345874169466 -0.0014291611075957849 0.0338180954823388 -0.049843363969966067 0.05102257993631993
leaf_weight=1.3360381640668486 2.1662383706425312 0.90163288309122336 0.88508471779641684 56.387033170856739 0.47541312810062641 0.41351872364612052 0.56346631050109863
leaf_count=17 13 23 37 936 21 24 2
internal_value=0 -0.00105728 0.0229033 -0.00234522 0.0226212 0.00964364 0.0438184
internal_weight=0 60.34 3.05132 57.2887 2.78844 1.74956 1.03888
internal_count=1073 1009 50 959 64 41 23
is_linear=0
shrinkage=0.0493048


Tree=457
num_leaves=7
num_cat=0
split_feature=64 52 63 31 40 39
split_gain=0.58474 1.99505 1.36836 1.31993 1.39384 0.560532
threshold=2.9500000000000006 65.000000000000014 8.5000000000000018 3.5000000000000004 37.550000000000004 6.5000000000000009
decision_type=2 2 2 2 2 2
left_child=1 2 -1 4 -2 -5
right_child=3 -3 -4 5 -6 -7
leaf_value=0.013960740601444931 -0.016681508775645316 0.055417730144539767 -0.022485111358733541 -0.00079322766171895055 0.0015462743490455698 0.058991619475820392
leaf_weight=7.1458792649209482 14.59107045168639 1.9403785336762656 3.8512553405016661 0.53144005895592172 33.697421595210471 1.1807208659884052
leaf_count=39 244 8 25 20 724 13
internal_value=0 0.00933248 0.00113719 -0.00242726 -0.00394833 0.0400675
internal_weight=0 12.9375 10.9971 50.0007 48.2885 1.71216
internal_count=1073 72 64 1001 968 33
is_linear=0
shrinkage=0.0493048


Tree=458
num_leaves=8
num_cat=0
split_feature=47 40 60 60 27 60 39
split_gain=0.583573 1.19529 1.67497 0.911957 3.33701 2.36732 0.364183
threshold=13.750000000000002 37.45000000000001 0.035098522167487656 0.15192307692307691 1.0000000180025095e-35 0.059411764705882351 3.5000000000000004
decision_type=2 2 2 2 2 2 2
left_child=1 2 -1 5 -5 -2 -3
right_child=3 6 -4 4 -6 -7 -8
leaf_value=0.022901048919087199 0.0016252575018107323 0.055278152498058029 -0.06191796319668609 0.015287788701156487 -0.048725216340991861 -0.025763808749186368 0.020190014929964098
leaf_weight=1.4045445575611659 28.267150988518551 1.3404319987166675 0.94085512032324903 16.323147310526114 2.2487458739342392 10.50897478686238 1.7401327900297472
leaf_count=14 580 7 11 151 46 240 24
internal_value=0 0.0154465 -0.0108606 -0.00146908 0.00749947 -0.00578142 0.0356829
internal_weight=0 5.42596 2.3454 57.348 18.5719 38.7761 3.08056
internal_count=1073 56 25 1017 197 820 31
is_linear=0
shrinkage=0.0493048


Tree=459
num_leaves=8
num_cat=0
split_feature=38 19 64 3 38 7 64
split_gain=0.585321 1.1275 0.968256 2.72074 0.92003 0.901526 0.642432
threshold=85.000000000000014 1.0000000180025095e-35 9.3500000000000032 12.500000000000002 1.5000000000000002 75.000000000000014 13.350000000000003
decision_type=2 2 2 2 2 2 2
left_child=2 6 4 -4 -1 -3 -2
right_child=1 5 3 -5 -6 -7 -8
leaf_value=0.025586618138807634 0.045123506270224337 -0.044355217860050672 -0.00023502612787175414 -0.052024091401354187 -0.00033782653224929585 0.026191613619000985 0.010013391417334348
leaf_weight=3.6360676167532793 2.2360580824315539 1.2327543019055154 9.6922080061885918 3.3181453659271929 38.629424069775268 0.67171386972768221 3.0663539316956303
leaf_count=23 10 72 324 302 262 27 53
internal_value=0 0.0132087 -0.0017294 -0.0134965 0.00187769 -0.0191316 0.0249483
internal_weight=0 7.20688 55.2758 13.0104 42.2655 1.90447 5.30241
internal_count=1073 162 911 626 285 99 63
is_linear=0
shrinkage=0.0493048


Tree=460
num_leaves=8
num_cat=0
split_feature=30 57 5 61 39 57 46
split_gain=0.591616 0.906582 0.857672 2.57003 1.35559 0.835013 0.437856
threshold=1.0000000180025095e-35 0.75000000000000011 1.5000000000000002 0.39009661835748799 3.5000000000000004 -3.2499999999999996 2.5000000000000004
decision_type=2 2 2 2 2 2 2
left_child=2 5 4 -4 -1 -2 -3
right_child=1 6 3 -5 -6 -7 -8
leaf_value=-0.0096854297269628516 0.047767890138516809 0.053664589172628521 -0.0017513085022822397 -0.049851903647960591 0.0098164864394838722 -0.034438807396044178 0.011917670059566206
leaf_weight=13.260226410457106 0.40651144148432639 1.4692898690700533 16.654552345880806 3.2294369109004029 24.910633896804939 1.1078383245912835 1.1263343652535693
leaf_count=172 5 3 361 62 415 31 24
internal_value=0 0.0180669 -0.00128778 -0.00959852 0.0030246 -0.011924 0.035812
internal_weight=0 4.10997 58.0548 19.884 38.1709 1.51435 2.59562
internal_count=1073 63 1010 423 587 36 27
is_linear=0
shrinkage=0.0493048


Tree=461
num_leaves=8
num_cat=0
split_feature=58 60 60 47 48 42 53
split_gain=0.576066 0.739012 3.85548 2.16558 0.298825 1.12349 0.152914
threshold=-9.4999999999999982 0.097619047619047619 0.059411764705882351 37.650000000000013 0.95000000000000007 0.80625000000000013 6.5000000000000009
decision_type=2 2 2 2 2 2 2
left_child=4 2 -2 -3 5 -1 -6
right_child=1 3 -4 -5 6 -7 -8
leaf_value=-0.051396169963157615 0.0014077724595505975 0.017259038020316739 -0.044061242898341221 -0.012114040548436605 0.049020462794744264 0.050688136031545074 0.016897721910161544
leaf_weight=0.50282720243558221 28.558633705430111 15.054054719119451 5.3825832786133097 10.236251886388343 0.92671053457888752 0.54421552843996324 0.72030119690316496
leaf_count=15 569 130 162 148 10 5 34
internal_value=0 -0.001022 -0.00578503 0.0053446 0.0222854 0.00104166 0.0353868
internal_weight=0 59.2315 33.9412 25.2903 2.69405 1.04704 1.64701
internal_count=1073 1009 731 278 64 20 44
is_linear=0
shrinkage=0.0493048


Tree=462
num_leaves=8
num_cat=0
split_feature=40 62 62 47 52 41 42
split_gain=0.586245 1.73526 1.79356 1.38657 2.16244 1.8825 1.07
threshold=39.050000000000004 7.5000000000000009 3.5000000000000004 38.95000000000001 10.500000000000002 1.7500000000000002 0.72077922077922085
decision_type=2 2 2 2 2 2 2
left_child=3 2 -2 5 -5 -1 -3
right_child=1 6 -4 4 -6 -7 -8
leaf_value=-0.0071498371889514977 0.0031108617836682535 0.034755675143583971 -0.043631718650482355 -0.022789672375433098 0.032402181693369198 0.018572137932351435 -0.053647666919962179
leaf_weight=32.569550113348669 3.6463926276592229 2.4474266685574553 4.3424177914275788 2.2518509357105341 7.228073155216407 8.7752973824390192 0.3791211372881661
leaf_count=375 149 63 238 49 94 87 18
internal_value=0 -0.0104302 -0.0222179 0.00221087 0.0192224 -0.00167438 0.0226522
internal_weight=0 10.8154 7.98881 50.8248 9.47992 41.3448 2.82655
internal_count=1073 468 387 605 143 462 81
is_linear=0
shrinkage=0.0493048


Tree=463
num_leaves=6
num_cat=0
split_feature=42 49 42 64 64
split_gain=0.58016 1.76841 1.18496 1.18796 0.279558
threshold=0.074175824175824162 0.095454545454545472 0.10555555555555557 54.70000000000001 3.1500000000000008
decision_type=2 2 2 2 2
left_child=1 -1 -2 -4 -3
right_child=2 4 3 -5 -6
leaf_value=0.046162787867170776 -0.057922280983935238 0.0082209701212366849 0.00078184505540596896 -0.05002845993877518 -0.05187027156212641
leaf_weight=2.0976858926587734 0.87760885281022538 0.23568475991487492 56.287748800954432 1.1400572874626949 0.6791000683006132
leaf_count=13 24 2 661 336 37
internal_value=0 0.0210879 -0.00109729 -0.000216486 -0.0356883
internal_weight=0 3.01247 58.3054 57.4278 0.914785
internal_count=1073 52 1021 997 39
is_linear=0
shrinkage=0.0493048


Tree=464
num_leaves=8
num_cat=0
split_feature=38 61 58 56 58 47 41
split_gain=0.569602 1.29436 1.12203 1.6459 1.04864 0.892697 0.486622
threshold=2.5000000000000004 0.35388994307400384 12.500000000000002 0.06904761904761901 11.500000000000002 36.45000000000001 0.15000000000000005
decision_type=2 2 2 2 2 2 2
left_child=1 5 4 -4 -2 -1 -3
right_child=2 6 3 -5 -6 -7 -8
leaf_value=-0.030938579039425602 -0.0019689683287087141 0.0023765032007619278 0.050467793216329396 -0.051021509721022387 0.027369652149058125 0.028479738639529309 -0.05981968612602763
leaf_weight=0.6799889450048785 47.86885415035249 0.50147535800351739 0.46494811773300115 2.1927234767281334 3.1555429833533699 5.5570870323426789 0.71176311539602466
leaf_count=19 815 9 2 96 21 98 13
internal_value=0 0.012766 -0.0017812 -0.0330085 -0.000141275 0.0218933 -0.0335985
internal_weight=0 7.45031 53.6821 2.65767 51.0244 6.23708 1.21324
internal_count=1073 139 934 98 836 117 22
is_linear=0
shrinkage=0.0493048


Tree=465
num_leaves=8
num_cat=0
split_feature=64 52 1 31 40 65 62
split_gain=0.562348 1.30737 1.2575 1.1938 1.81466 0.509268 0.2542
threshold=2.8500000000000001 35.000000000000007 3.5000000000000004 3.5000000000000004 37.550000000000004 2.5000000000000004 5.5000000000000009
decision_type=2 2 2 2 2 2 2
left_child=1 2 -1 4 -2 -5 -3
right_child=3 6 -4 5 -6 -7 -8
leaf_value=-0.014609534499142022 -0.018203691043669624 0.019463226128363126 0.031528681017377748 0.061932441213940766 0.0026313166039362628 0.0050335490364555729 0.045192120265394306
leaf_weight=5.4316973304375988 14.604497416199591 1.9805880486965182 1.9482046104967592 0.96903246641158947 33.28265021099287 0.67509154644358205 2.0137179447337985
leaf_count=36 247 11 11 1 726 32 9
internal_value=0 0.00987775 -0.00233872 -0.00227853 -0.00370961 0.0389831 0.0326059
internal_weight=0 11.3742 7.3799 49.5313 47.8871 1.64412 3.99431
internal_count=1073 67 47 1006 973 33 20
is_linear=0
shrinkage=0.0493048


Tree=466
num_leaves=7
num_cat=0
split_feature=28 58 16 58 31 45
split_gain=0.575011 0.828412 0.790051 3.12634 1.35532 0.73642
threshold=1.0000000180025095e-35 1.5000000000000002 1.0000000180025095e-35 1.0000000180025095e-35 1.5000000000000002 8.5000000000000018
decision_type=2 2 2 2 2 2
left_child=2 5 4 -4 -1 -2
right_child=1 -3 3 -5 -6 -7
leaf_value=0.0025953279909948688 0.035172838154053275 0.047008920804088319 0.0091159825660079262 -0.05555178522537977 -0.047468808907584113 -0.054635665206502565
leaf_weight=49.406262602522474 0.40231770463287775 1.4500375825373337 4.6986912385145834 2.949228233876056 1.3486486985639192 0.48189587712840876
leaf_count=812 5 18 77 94 51 16
internal_value=0 0.0239865 -0.000963074 -0.0157411 0.00125123 -0.0130465
internal_weight=0 2.33425 58.4028 7.64792 50.7549 0.884214
internal_count=1073 39 1034 171 863 21
is_linear=0
shrinkage=0.0493048


Tree=467
num_leaves=7
num_cat=0
split_feature=38 0 41 56 56 0
split_gain=0.566911 1.08625 0.993102 0.952818 2.217 1.82494
threshold=85.000000000000014 7.5000000000000009 0.15000000000000005 0.25833333333333336 0.32291666666666669 1.5000000000000002
decision_type=2 2 2 2 2 2
left_child=3 2 -2 5 -5 -1
right_child=1 -3 -4 4 -6 -7
leaf_value=0.017015900713468056 -0.057027958317683224 -0.054730047513617971 0.023770158365064208 -0.06025114931659916 -0.0038310029464226417 -0.014298176475304547
leaf_weight=13.658176494860529 0.38846492758238937 0.52341127340696392 6.0772969891186222 1.7919199218158599 31.305082983715693 6.7443268079186955
leaf_count=154 8 27 127 48 587 122
internal_value=0 0.0131986 0.0188064 -0.00173153 -0.00690721 0.00663257
internal_weight=0 6.98917 6.46576 53.4995 33.097 20.4025
internal_count=1073 162 135 911 635 276
is_linear=0
shrinkage=0.0493048


Tree=468
num_leaves=8
num_cat=0
split_feature=59 3 41 3 52 64 6
split_gain=0.559124 1.70416 1.12615 1.16056 1.08654 0.732058 0.460021
threshold=-149.99999999999997 3.5000000000000004 3.1500000000000008 1.5000000000000002 9.5000000000000018 2.2500000000000004 1.0000000180025095e-35
decision_type=2 2 2 2 2 2 2
left_child=1 6 3 -2 -3 -4 -1
right_child=2 4 5 -5 -6 -7 -8
leaf_value=-0.0032288737503480746 0.014026802129961548 -0.016726444329579624 0.050768417033435813 -0.0044336922302418442 0.032485655766718843 -0.056301635095093852 -0.061170285696179869
leaf_weight=0.6063570654951016 10.420672867461688 1.349956420031958 0.16834850609302421 40.199852379055301 5.3521465453486599 1.3383830815182589 0.81208464218070731
leaf_count=14 152 34 1 701 50 110 11
internal_value=0 0.0120238 -0.00188415 -0.000620389 0.0224752 -0.0438794 -0.0368807
internal_weight=0 8.12054 52.1273 50.6205 6.7021 1.50673 1.41844
internal_count=1073 109 964 853 84 111 25
is_linear=0
shrinkage=0.0493048


Tree=469
num_leaves=8
num_cat=0
split_feature=58 64 52 39 52 61 4
split_gain=0.555445 0.707493 1.77386 1.61011 0.277824 0.480127 0.217663
threshold=-9.4999999999999982 2.9500000000000006 35.000000000000007 3.5000000000000004 10.500000000000002 0.39791666666666675 1.0000000180025095e-35
decision_type=2 2 2 2 2 2 2
left_child=4 2 -2 -3 6 -6 -1
right_child=1 3 -4 -5 5 -7 -8
leaf_value=0.045278122239434219 -0.0042149478221670698 -0.018013421534141063 0.034924802075189436 0.0022395671320165817 -0.050027813890026904 0.033084700237644947 0.0096471193128713512
leaf_weight=1.1778771613899146 8.0195759935304505 13.677284809204137 4.3170181494206181 31.422905095078022 0.30864075240242517 0.36664166410628241 0.72731542739347776
leaf_count=9 50 259 20 680 25 8 22
internal_value=0 -0.00101616 0.00943075 -0.00388834 0.0223621 -0.00396215 0.03203
internal_weight=0 57.4368 12.3366 45.1002 2.58048 0.675282 1.90519
internal_count=1073 1009 70 939 64 33 31
is_linear=0
shrinkage=0.0493048


Tree=470
num_leaves=7
num_cat=0
split_feature=13 60 15 41 61 11
split_gain=0.562346 1.8753 0.968147 0.949353 0.846546 0.0266401
threshold=1.5000000000000002 0.059411764705882351 9.5000000000000018 3.5500000000000003 0.16904761904761903 1.0000000180025095e-35
decision_type=2 2 2 2 2 2
left_child=2 4 3 -1 -2 -3
right_child=1 5 -4 -5 -6 -7
leaf_value=0.00064515926099684552 0.0037245628376851849 -0.030600289066129452 -0.055024689108736452 -0.035494333019783574 0.053284414610495531 -0.055756457839498744
leaf_weight=52.808768074284671 1.4543124341944342 0.31753378425491963 0.80433665551390632 1.8264879153393838 2.0759521785075776 0.55566467769676819
leaf_count=891 16 13 32 99 9 13
internal_value=0 0.0169488 -0.00135493 -0.00055182 0.0330594 -0.0474017
internal_weight=0 4.40346 55.4396 54.6353 3.53026 0.873198
internal_count=1073 51 1022 990 25 26
is_linear=0
shrinkage=0.0493048


Tree=471
num_leaves=8
num_cat=0
split_feature=30 42 58 42 2 2 57
split_gain=0.561414 0.876974 1.26311 0.8106 2.29819 1.34857 0.526793
threshold=1.0000000180025095e-35 0.44097222222222227 -8.4999999999999982 0.75961538461538469 1.5000000000000002 1.0000000180025095e-35 0.75000000000000011
decision_type=2 2 2 2 2 2 2
left_child=3 2 -2 5 -5 -1 -3
right_child=1 6 -4 4 -6 -7 -8
leaf_value=0.011766231529616622 0.04908134720139859 0 -0.053860951844863295 -0.035504482092753163 0.012323906745061331 -0.0054560852105398133 0.048054227619202222
leaf_weight=18.496748417896015 0.45197755098342896 0.76486849821230896 0.7879108334454934 5.4579759028092649 4.3923960296342557 27.420104917944627 1.8943609489506341
leaf_count=262 2 20 26 162 108 478 15
internal_value=0 0.0180763 -0.0158018 -0.00127295 -0.0141124 0.00146758 0.0341163
internal_weight=0 3.89912 1.23989 55.7672 9.85037 45.9169 2.65923
internal_count=1073 63 28 1010 270 740 35
is_linear=0
shrinkage=0.0493048


Tree=472
num_leaves=8
num_cat=0
split_feature=64 45 24 41 54 40 19
split_gain=0.567136 2.90964 1.73582 1.12268 2.64017 2.51394 0.406963
threshold=7.3500000000000005 9.5000000000000018 1.0000000180025095e-35 0.8500000000000002 37.45000000000001 36.45000000000001 8.5000000000000018
decision_type=2 2 2 2 2 2 2
left_child=3 6 -3 5 -5 -1 -2
right_child=1 2 -4 4 -6 -7 -8
leaf_value=0.0303768875841533 -0.056927947898559157 -0.0045116422566394551 0.042964611622946423 -0.01257943794556983 0.027177436518684435 -0.013248698607217594 0.019322018646371932
leaf_weight=4.0273539586924043 2.732655140793216 17.082580196190978 2.1009065314574391 6.3386558396741775 11.213453595060853 15.752863270696251 0.16768648632569227
leaf_count=24 165 607 26 51 61 126 13
internal_value=0 -0.00627034 0.000656134 0.00369738 0.012783 -0.00433227 -0.05229
internal_weight=0 22.0838 19.1835 37.3323 17.5521 19.7802 2.90034
internal_count=1073 811 633 262 112 150 178
is_linear=0
shrinkage=0.0493048


Tree=473
num_leaves=8
num_cat=0
split_feature=47 7 42 60 27 60 31
split_gain=0.571677 1.10476 1.14085 0.851549 2.85057 1.90325 0.523178
threshold=13.750000000000002 6.5000000000000009 0.20714285714285713 0.15192307692307691 1.0000000180025095e-35 0.059411764705882351 1.0000000180025095e-35
decision_type=2 2 2 2 2 2 2
left_child=1 2 -1 5 -5 -2 -3
right_child=3 6 -4 4 -6 -7 -8
leaf_value=0.035890594750550328 0.00097111580923002461 0.041037173104215875 -0.057231911308161056 0.014692637559595143 -0.046779004460532417 -0.024500102701165309 0.00022582991617027962
leaf_weight=0.50150565616786369 26.59561950780153 2.7010181523801298 0.85365667507358012 15.486642104406203 2.0757717161395695 9.7212676968374563 1.1092331162653861
leaf_count=3 580 23 19 151 46 240 11
internal_value=0 0.0156598 -0.0222901 -0.00150927 0.00738759 -0.00582966 0.0293301
internal_weight=0 5.16541 1.35516 53.8793 17.5624 36.3169 3.81025
internal_count=1073 56 22 1017 197 820 34
is_linear=0
shrinkage=0.0493048


Tree=474
num_leaves=7
num_cat=0
split_feature=28 10 5 46 58 45
split_gain=0.56622 0.770513 1.33787 0.8279 0.726236 0.75777
threshold=1.0000000180025095e-35 1.0000000180025095e-35 1.5000000000000002 6.5000000000000009 1.5000000000000002 7.5000000000000009
decision_type=2 2 2 2 2 2
left_child=1 2 -1 -3 5 -2
right_child=4 3 -4 -5 -6 -7
leaf_value=0.0026696520310212717 0.040281926347861603 0.027003116925119496 -0.014343909456691707 -0.01976526359874264 0.046429686277074979 -0.05363787855835031
leaf_weight=34.572442990091076 0.37124090082943384 4.2115288240674991 16.61596872746486 1.1600855392534866 1.3830753119327708 0.46575996138562914
leaf_count=571 4 31 391 41 18 17
internal_value=0 -0.000965366 -0.00284053 0.0167799 0.0244124 -0.0112081
internal_weight=0 56.56 51.1884 5.37161 2.22008 0.837001
internal_count=1073 1034 962 72 39 21
is_linear=0
shrinkage=0.0493048


Tree=475
num_leaves=8
num_cat=0
split_feature=38 61 57 59 60 64 41
split_gain=0.556609 1.14943 1.05965 1.99407 1.35797 0.848604 0.487045
threshold=2.5000000000000004 0.35388994307400384 2.2500000000000004 225.00000000000003 0.097619047619047619 7.0500000000000007 0.15000000000000005
decision_type=2 2 2 2 2 2 2
left_child=1 5 4 -4 -2 -1 -3
right_child=2 6 3 -5 -6 -7 -8
leaf_value=0.034539878076758047 -0.0067149412081559919 0.0041667226350719727 -0.037754205672774759 0.022684108280458398 0.010544594191605422 -0.0047296611111100539 -0.059136078772868778
leaf_weight=4.0457621766254297 25.14512545002799 0.49535435161669716 4.6334023851268276 1.8444117996696148 19.800238153868122 1.9574730786189318 0.67013910907553509
leaf_count=21 528 9 112 95 199 96 13
internal_value=0 0.0128649 -0.0017991 -0.0204446 0.000874205 0.0216286 -0.0316965
internal_weight=0 7.16873 51.4232 6.47781 44.9454 6.00324 1.16549
internal_count=1073 139 934 207 727 117 22
is_linear=0
shrinkage=0.0493048


Tree=476
num_leaves=7
num_cat=0
split_feature=38 0 19 42 1 2
split_gain=0.560398 1.01345 0.936231 0.934142 2.43089 1.10196
threshold=85.000000000000014 7.5000000000000009 1.0000000180025095e-35 0.75961538461538469 5.5000000000000009 1.0000000180025095e-35
decision_type=2 2 2 2 2 2
left_child=3 2 -2 5 -5 -1
right_child=1 -3 -4 4 -6 -7
leaf_value=0.010964900069900923 0.029735643606308395 -0.054411129771824926 -0.01386939002542477 -0.03460487656675109 0.023725738462961419 -0.0051504360489314227
leaf_weight=16.897601612839935 4.723234938515815 0.49236146733528574 1.5795323963193366 5.7549729724305489 2.4730849634652259 26.437421893166174
leaf_count=238 55 27 80 186 29 458
internal_value=0 0.0133029 0.0187043 -0.00175925 -0.0169929 0.00111855
internal_weight=0 6.79513 6.30277 51.5631 8.22806 43.335
internal_count=1073 162 135 911 215 696
is_linear=0
shrinkage=0.0493048


Tree=477
num_leaves=7
num_cat=0
split_feature=13 27 0 60 46 64
split_gain=0.563059 1.2115 0.882321 1.05063 0.786978 0.336984
threshold=1.5000000000000002 1.0000000180025095e-35 11.500000000000002 0.097619047619047619 7.5000000000000009 6.6500000000000012
decision_type=2 2 2 2 2 2
left_child=2 4 3 -1 -2 -3
right_child=1 5 -4 -5 -6 -7
leaf_value=-0.0066485187135206071 -0.059273519141823959 0.010810302646608988 -0.052945028581244863 0.0073455664141058351 0.019658038927270464 0.04645395613334867
leaf_weight=30.125627399102086 0.6794920286774857 1.0427920334041121 0.79345457373710715 22.984061338454921 0.54235578670704854 1.9556779344129607
leaf_count=730 10 10 29 263 11 20
internal_value=0 0.0173345 -0.00136404 -0.000580104 -0.0237203 0.0342831
internal_weight=0 4.22032 53.9031 53.1097 1.22185 2.99847
internal_count=1073 51 1022 993 21 30
is_linear=0
shrinkage=0.0493048


Tree=478
num_leaves=8
num_cat=0
split_feature=40 62 54 47 48 2 48
split_gain=0.557652 3.26746 1.82878 1.61647 1.33913 1.90297 1.43213
threshold=38.650000000000013 5.5000000000000009 37.750000000000007 13.750000000000002 0.8500000000000002 1.5000000000000002 1.1500000000000001
decision_type=2 2 2 2 2 2 2
left_child=4 3 -3 -2 5 -1 -6
right_child=1 2 -4 -5 6 -7 -8
leaf_value=0.0070647326253035648 0.042224183866205342 -0.035905720526602222 0.023300926883754174 -0.039163819658444399 0.031408090312884794 -0.021651339627281638 0.0028255714263803336
leaf_weight=13.296870522506653 0.64216102458886126 1.5360346023662694 7.0985555455517897 6.7258004212235392 6.5219609365158275 9.6789767310856387 12.460908123339321
leaf_count=116 13 80 164 299 54 117 230
internal_value=0 -0.00783597 0.01269 -0.031977 0.00298139 -0.00500462 0.0126812
internal_weight=0 16.0026 8.63459 7.36796 41.9587 22.9758 18.9829
internal_count=1073 556 244 312 517 233 284
is_linear=0
shrinkage=0.0493048


Tree=479
num_leaves=8
num_cat=0
split_feature=58 64 65 64 48 48 56
split_gain=0.564049 0.669429 1.76746 0.901137 0.270636 0.335643 0.129749
threshold=-9.4999999999999982 19.550000000000004 9.5000000000000018 18.850000000000005 0.95000000000000007 1.0000000180025095e-35 0.24038461538461539
decision_type=2 2 2 2 2 2 2
left_child=4 3 -3 -2 5 -1 -6
right_child=1 2 -4 -5 6 -7 -8
leaf_value=0.032285787840400093 -0.00067292364927008959 -0.05269740068107389 0.004958887934628454 0.031818931109990317 0.048953436715576934 -0.025547568923387283 0.018013322269390335
leaf_weight=0.47001370678481125 47.535775946395006 2.1152110988768973 3.2749334399668442 2.167615942656993 0.85898452677065484 0.50129604155517882 0.67697583288827445
leaf_count=7 454 235 312 8 9 13 35
internal_value=0 -0.00104569 -0.0175525 0.000731698 0.0228609 0.00177505 0.0357619
internal_weight=0 55.0935 5.39014 49.7034 2.50727 0.97131 1.53596
internal_count=1073 1009 547 462 64 20 44
is_linear=0
shrinkage=0.0493048


Tree=480
num_leaves=7
num_cat=0
split_feature=10 64 39 64 58 54
split_gain=0.567334 1.07304 0.950973 0.852283 1.0431 0.978334
threshold=1.0000000180025095e-35 2.4500000000000006 8.5000000000000018 2.1500000000000008 5.5000000000000009 38.250000000000007
decision_type=2 2 2 2 2 2
left_child=3 -2 -3 5 -5 -1
right_child=1 2 -4 4 -6 -7
leaf_value=-0.0021396043987530087 -0.0741958909341697 0.031945634722685953 -0.019091985169437487 -0.0093243188809736966 0.0058361476840293313 0.041660458368907173
leaf_weight=2.6695607537403694 0.30403857678174873 3.9957616002357099 1.1230164461012462 29.463580203635502 17.582763506772608 2.2712923251092434
leaf_count=21 2 41 34 658 305 12
internal_value=0 0.0151701 0.0206199 -0.00158712 -0.00364455 0.0178686
internal_weight=0 5.42282 5.11878 51.9872 47.0463 4.94085
internal_count=1073 77 75 996 963 33
is_linear=0
shrinkage=0.0493048


Tree=481
num_leaves=7
num_cat=0
split_feature=58 63 42 59 30 64
split_gain=0.542009 0.663624 0.677439 0.27069 0.381888 0.28096
threshold=-9.4999999999999982 14.500000000000002 0.074175824175824162 175.00000000000003 1.0000000180025095e-35 8.1500000000000004
decision_type=2 2 2 2 2 2
left_child=3 2 -2 5 -5 -1
right_child=1 -3 -4 4 -6 -7
leaf_value=0.048301124561959438 0.023848079687881871 -0.052785490715017161 -0.0017012777731671785 -0.048506514303050106 0.045548575983992166 0.010519593414229972
leaf_weight=1.0424829851835964 2.650571908314304 0.59459381193118943 51.544787860861106 0.27183973412320472 0.16473747789859772 0.98339458876580454
leaf_count=6 47 52 910 33 1 24
internal_value=0 -0.00102026 -0.000439273 0.0226204 -0.0115069 0.0302975
internal_weight=0 54.79 54.1954 2.46245 0.436577 2.02588
internal_count=1073 1009 957 64 34 30
is_linear=0
shrinkage=0.0493048


Tree=482
num_leaves=7
num_cat=0
split_feature=59 64 49 57 63 47
split_gain=0.527645 0.804282 2.46758 1.03017 0.0389058 0.380258
threshold=550.00000000000011 7.3500000000000005 0.32291666666666669 -1.2499999999999998 1.5000000000000002 36.150000000000013
decision_type=2 2 2 2 2 2
left_child=1 3 -3 -1 -2 -6
right_child=4 2 -4 -5 5 -7
leaf_value=0.016977437512338839 0.045068397424640451 0.0098021560734492842 -0.024801514622599947 -0.0015168231570601674 0.043368516239238625 -0.045204062456567044
leaf_weight=10.210216400679199 0.49174179229885229 9.3887875103318965 10.695424308099971 25.6971827193629 0.51773354230681434 0.14503705684182933
leaf_count=54 4 216 548 204 7 40
internal_value=0 -0.000682541 -0.00859333 0.00372427 0.0329754 0.0229645
internal_weight=0 55.9916 20.0842 35.9074 1.15451 0.662771
internal_count=1073 1022 764 258 51 47
is_linear=0
shrinkage=0.0493048


Tree=483
num_leaves=7
num_cat=0
split_feature=38 0 41 56 56 0
split_gain=0.556883 0.932173 0.904949 0.849386 2.00158 1.4879
threshold=85.000000000000014 7.5000000000000009 0.15000000000000005 0.25833333333333336 0.32291666666666669 1.5000000000000002
decision_type=2 2 2 2 2 2
left_child=3 2 -2 5 -5 -1
right_child=1 -3 -4 4 -6 -7
leaf_value=0.01593315197720074 -0.056207886351438065 -0.053782733401152139 0.023448398341785099 -0.059581743794392447 -0.0038265223796647083 -0.013217778975398197
leaf_weight=12.959336919308045 0.36347571818805491 0.46010386470152287 5.776497508668399 1.6552349936391717 29.429743351793149 6.3154059348089495
leaf_count=154 8 27 127 48 587 122
internal_value=0 0.0134641 0.0186178 -0.00176615 -0.00681833 0.0063479
internal_weight=0 6.60008 6.13997 50.3597 31.085 19.2747
internal_count=1073 162 135 911 635 276
is_linear=0
shrinkage=0.0493048


Tree=484
num_leaves=8
num_cat=0
split_feature=13 60 41 54 64 47 7
split_gain=0.556004 1.61462 0.875357 0.912482 0.822918 0.755111 0.0241901
threshold=1.5000000000000002 0.059411764705882351 3.5500000000000003 35.45000000000001 2.5500000000000003 37.850000000000001 12.500000000000002
decision_type=2 2 2 2 2 2 2
left_child=2 5 3 -1 -4 -2 -3
right_child=1 6 4 -5 -6 -7 -8
leaf_value=0.013458955425057395 0 -0.028812739756767382 0.023878029569545205 -0.0033662235991846418 -0.054183197702285121 0.05025429293885883 -0.054322710456813597
leaf_weight=9.6711975637226697 1.1334866754186799 0.29369076427246898 0.41923873871564765 41.246748346229651 1.3561211635533252 2.1309307867013558 0.4885151756752748
leaf_count=127 12 13 3 794 98 13 13
internal_value=0 0.017605 -0.00135732 -0.000157526 -0.0353807 0.0329659 -0.045628
internal_weight=0 4.04662 52.6933 50.9179 1.77536 3.26442 0.782206
internal_count=1073 51 1022 921 101 25 26
is_linear=0
shrinkage=0.0493048


Tree=485
num_leaves=7
num_cat=0
split_feature=30 42 64 57 57 57
split_gain=0.532339 0.988288 0.766677 1.83297 1.70839 0.615675
threshold=1.0000000180025095e-35 0.36931818181818182 2.9500000000000006 -1.0000000180025095e-35 -1.0000000180025095e-35 0.75000000000000011
decision_type=2 2 2 2 2 2
left_child=2 -2 4 -4 -1 -3
right_child=1 5 3 -5 -6 -7
leaf_value=-0.022888372927130043 -0.05188544173433695 -0.001706055964680086 0.0041585320797378244 -0.016988400679904651 0.020724882454087521 0.043359745362687774
leaf_weight=2.8915808349847785 0.42341202781244591 1.0912500033882682 24.468585303306096 16.771122042446226 8.7925735600292665 2.1071664610572043
leaf_count=15 18 24 386 554 55 21
internal_value=0 0.0182795 -0.00125625 -0.00442586 0.00987481 0.0277858
internal_weight=0 3.62183 52.9239 41.2397 11.6842 3.19842
internal_count=1073 63 1010 940 70 45
is_linear=0
shrinkage=0.0493048


Tree=486
num_leaves=7
num_cat=0
split_feature=10 64 39 60 47 60
split_gain=0.538068 0.974667 0.901169 0.82623 1.99107 1.4845
threshold=1.0000000180025095e-35 2.4500000000000006 8.5000000000000018 0.23721227621483379 38.050000000000004 0.22792207792207789
decision_type=2 2 2 2 2 2
left_child=3 -2 -3 5 -5 -1
right_child=1 2 -4 4 -6 -7
leaf_value=-0.0023440912177175172 -0.071520986098254441 0.031342074358260121 -0.01863585539503107 0.031392415516745716 -0.049115225494495318 -0.063615970320369766
leaf_weight=44.897841135529234 0.29509226977825065 3.910110833516228 1.1123739611575727 4.2404367255585376 0.90023669732181577 0.98249438597122107
leaf_count=917 2 41 34 39 30 10
internal_value=0 0.0149194 0.0201421 -0.00155986 0.01716 -0.00367185
internal_weight=0 5.31758 5.02248 51.021 5.14067 45.8803
internal_count=1073 77 75 996 69 927
is_linear=0
shrinkage=0.0493048


Tree=487
num_leaves=8
num_cat=0
split_feature=13 27 41 0 64 58 64
split_gain=0.534534 1.03819 0.826879 0.846173 0.76443 0.723324 0.312914
threshold=1.5000000000000002 1.0000000180025095e-35 3.5500000000000003 11.500000000000002 2.5500000000000003 1.5000000000000002 6.6500000000000012
decision_type=2 2 2 2 2 2 2
left_child=2 5 3 -1 -4 -2 -3
right_child=1 6 4 -5 -6 -7 -8
leaf_value=0.00059041665379168363 -0.057337777178198254 0.010432680262123907 0.022134172812190902 -0.052513885758606431 -0.053900901739791549 0.020740560718332936 0.045975393464104175
leaf_weight=49.763930217368397 0.63043040652701099 0.98083484359085593 0.41317934542894263 0.7390721258634575 1.2917012017696832 0.51444722766973427 1.8180518533772554
leaf_count=893 11 10 3 28 98 10 20
internal_value=0 0.0174941 -0.00132836 -0.000175008 -0.0350907 -0.0217009 0.0337609
internal_weight=0 3.94376 52.2079 50.503 1.70488 1.14488 2.79889
internal_count=1073 51 1022 921 101 21 30
is_linear=0
shrinkage=0.0493048


Tree=488
num_leaves=7
num_cat=0
split_feature=59 59 9 38 63 65
split_gain=0.528731 0.722723 1.42402 0.817059 0.0336352 0.361721
threshold=550.00000000000011 350.00000000000006 1.0000000180025095e-35 1.5000000000000002 1.5000000000000002 12.500000000000002
decision_type=2 2 2 2 2 2
left_child=1 3 -3 -1 -2 -6
right_child=4 2 -4 -5 5 -7
leaf_value=0.024951260252100007 0.044961609325703485 -0.05215106664705936 0.021232072200197981 -0.00095797199081735541 -0.044945173174878596 0.043440463058794891
leaf_weight=3.1468144601676604 0.48336857603862771 1.7550001976705965 0.99807187621627225 48.93983904894958 0.13695292935153702 0.50851618642627727
leaf_count=37 4 197 11 777 31 16
internal_value=0 -0.00069398 -0.0253139 0.000595369 0.0333786 0.0236379
internal_weight=0 54.8397 2.75307 52.0867 1.12884 0.645469
internal_count=1073 1022 208 814 51 47
is_linear=0
shrinkage=0.0493048


Tree=489
num_leaves=8
num_cat=0
split_feature=38 19 7 45 61 61 56
split_gain=0.523336 0.902323 0.897955 0.850451 2.11908 1.49831 0.614588
threshold=85.000000000000014 1.0000000180025095e-35 75.000000000000014 45.000000000000007 0.3647450110864745 0.37321428571428578 0.4330357142857143
decision_type=2 2 2 2 2 2 2
left_child=3 6 -3 5 -5 -1 -2
right_child=1 2 -4 4 -6 -7 -8
leaf_value=0.0072676826041343503 -0.018546169017931463 -0.044097479255988087 0.02890712493318303 -0.028552626905867906 0.019661537162450851 -0.015042676067091504 0.031846094041580363
leaf_weight=29.029521700806072 0.67107791445232479 1.1008973187981608 0.6404130219016223 7.4174911041918659 3.1429603594006039 9.7749141758868046 4.0264036660664715
leaf_count=558 24 72 27 183 35 135 39
internal_value=0 0.0132135 -0.0168742 -0.00173047 -0.0141413 0.00163066 0.0245062
internal_weight=0 6.43879 1.74131 49.3649 10.5605 38.8044 4.69748
internal_count=1073 162 99 911 218 693 63
is_linear=0
shrinkage=0.0493048


Tree=490
num_leaves=7
num_cat=0
split_feature=59 11 55 57 41 4
split_gain=0.53016 1.58968 2.77858 1.00604 0.963549 0.33065
threshold=-149.99999999999997 1.0000000180025095e-35 0.25000000000000006 -5.7499999999999991 3.1500000000000008 1.0000000180025095e-35
decision_type=2 2 2 2 2 2
left_child=1 2 -1 -2 -5 -3
right_child=3 5 -4 4 -6 -7
leaf_value=0.032336254053658448 -0.065483277511128091 0.045712797595115873 -0.056403066343597028 5.7078618468060508e-05 -0.043446203722770187 0.016703046759881834
leaf_weight=1.686987154578673 0.5968140495242541 2.2697714827954769 1.7343113099923355 46.18912431048193 1.269847236753775 1.8093920378050823
leaf_count=19 21 9 54 836 107 27
internal_value=0 0.0121844 -0.0124611 -0.00190891 -0.00109424 0.0330121
internal_weight=0 7.50046 3.4213 48.0558 47.459 4.07916
internal_count=1073 109 73 964 943 36
is_linear=0
shrinkage=0.0493048


Tree=491
num_leaves=8
num_cat=0
split_feature=10 28 5 56 40 47 4
split_gain=0.515172 0.794085 1.0673 0.733199 1.45056 0.617518 0.171508
threshold=1.0000000180025095e-35 1.0000000180025095e-35 1.5000000000000002 0.40833333333333338 38.650000000000013 36.45000000000001 12.500000000000002
decision_type=2 2 2 2 2 2 2
left_child=1 2 -1 6 -5 -3 -2
right_child=3 5 -4 4 -6 -7 -8
leaf_value=0.0023099266131015078 0.020071135430342682 -0.0064999273156197473 -0.013318590718802569 0.018532628184819225 -0.061968471954039046 0.051111502082185019 0.0484236115846901
leaf_weight=32.480909883479399 1.0859302202152314 0.69421788872568768 15.750929373332836 2.1436824818156315 0.72737137068543223 1.2037963971051793 1.2303091828071044
leaf_count=571 21 9 391 31 19 25 6
internal_value=0 -0.00153696 -0.00278056 0.0147835 -0.00165209 0.0297062 0.0354272
internal_weight=0 50.1299 48.2318 5.18729 2.87105 1.89801 2.31624
internal_count=1073 996 962 77 50 34 27
is_linear=0
shrinkage=0.0493048


Tree=492
num_leaves=8
num_cat=0
split_feature=64 45 24 41 47 47 7
split_gain=0.511796 2.5059 1.49222 0.986566 2.35279 2.08361 0.41652
threshold=7.3500000000000005 9.5000000000000018 1.0000000180025095e-35 0.8500000000000002 36.95000000000001 35.150000000000013 143.50000000000003
decision_type=2 2 2 2 2 2 2
left_child=3 6 -3 5 -5 -1 -2
right_child=1 2 -4 4 -6 -7 -8
leaf_value=0.041730314713643114 -0.056189646659232477 -0.0044886677043207233 0.042071106148034609 -0.014278676333890822 0.025499576894683247 -0.010139112322384384 0.024102433106964527
leaf_weight=2.1232249464374062 2.4688689092399758 15.754004617876491 1.8707737995173364 5.3569222465157535 11.013333992566912 16.393369365017861 0.15539758186787356
leaf_count=12 174 607 26 42 70 138 4
internal_value=0 -0.00623862 0.000418906 0.00361536 0.012443 -0.00415424 -0.0511796
internal_weight=0 20.249 17.6248 34.8869 16.3703 18.5166 2.62427
internal_count=1073 811 633 262 112 150 178
is_linear=0
shrinkage=0.0493048


Tree=493
num_leaves=6
num_cat=0
split_feature=42 49 42 64 6
split_gain=0.511846 1.52798 1.03005 1.0442 0.292233
threshold=0.074175824175824162 0.095454545454545472 0.10555555555555557 54.70000000000001 1.0000000180025095e-35
decision_type=2 2 2 2 2
left_child=1 -1 -2 -4 -3
right_child=2 4 3 -5 -6
leaf_value=0.045784787596219498 -0.057001256019964974 -0.051845171484662909 0.0007674818775681595 -0.049883497268046126 0.012501874568376217
leaf_weight=1.8696452516305719 0.78780035840463725 0.61341137338604301 50.316080129658076 1.0080455095412606 0.21711455230251886
leaf_count=13 24 18 661 336 21
internal_value=0 0.0209235 -0.00108786 -0.000215752 -0.0342488
internal_weight=0 2.70017 52.1119 51.3241 0.830526
internal_count=1073 52 1021 997 39
is_linear=0
shrinkage=0.0493048


Tree=494
num_leaves=8
num_cat=0
split_feature=58 58 57 60 48 48 56
split_gain=0.517815 0.628335 1.56019 1.24796 0.272609 0.293632 0.107561
threshold=-9.4999999999999982 6.5000000000000009 -3.2499999999999996 0.057417582417582359 0.95000000000000007 1.0000000180025095e-35 0.24038461538461539
decision_type=2 2 2 2 2 2 2
left_child=4 2 -2 -3 5 -1 -6
right_child=1 3 -4 -5 6 -7 -8
leaf_value=0.031003953200260333 -0.041523470544670066 -0.0083093355869721924 -0.0017437774130827628 0.019626540980384591 0.048774201825812609 -0.025124802542104696 0.019148221566675221
leaf_weight=0.42922940416610744 2.5816574423060947 6.9539987303214721 34.02708938752221 8.7508921370863373 0.79599811020307221 0.47527711454313248 0.63140616012606188
leaf_count=7 86 170 640 113 9 13 35
internal_value=0 -0.00101794 -0.00456796 0.00721571 0.0227226 0.000799277 0.0361489
internal_weight=0 52.3136 36.6087 15.7049 2.33191 0.904507 1.4274
internal_count=1073 1009 726 283 64 20 44
is_linear=0
shrinkage=0.0493048


Tree=495
num_leaves=7
num_cat=0
split_feature=59 64 49 57 63 65
split_gain=0.510578 0.702176 2.24921 0.916163 0.0295079 0.338315
threshold=550.00000000000011 7.3500000000000005 0.32291666666666669 -1.2499999999999998 1.5000000000000002 12.500000000000002
decision_type=2 2 2 2 2 2
left_child=1 3 -3 -1 -2 -6
right_child=4 2 -4 -5 5 -7
leaf_value=0.01634381362336354 0.044790083649801575 0.0097751458199245422 -0.024302111281152883 -0.001510138019943448 -0.044574254244720155 0.043282119289339005
leaf_weight=9.6928298820275796 0.46488166041672119 8.8221320723932894 10.052562197211953 24.83764555468224 0.12855079075961839 0.48888524041831261
leaf_count=54 4 216 548 204 31 16
internal_value=0 -0.000683472 -0.00834019 0.00348309 0.0335051 0.0238934
internal_weight=0 53.4052 18.8747 34.5305 1.08232 0.617436
internal_count=1073 1022 764 258 51 47
is_linear=0
shrinkage=0.0493048


Tree=496
num_leaves=6
num_cat=0
split_feature=59 63 3 57 41
split_gain=0.512413 1.48361 1.19614 0.923354 0.886854
threshold=-149.99999999999997 5.5000000000000009 1.5000000000000002 -5.7499999999999991 3.1500000000000008
decision_type=2 2 2 2 2
left_child=1 -1 -3 -2 -5
right_child=3 2 -4 4 -6
leaf_value=-0.052791188299023198 -0.06454796112965526 -0.037196250457074378 0.027877541892053825 5.1366501759430328e-06 -0.042435517092404881
leaf_weight=0.75662557268151331 0.56387063542933802 0.77222735434770573 5.6767230785626452 45.318958590682087 1.2274376208388265
leaf_count=35 21 11 63 836 107
internal_value=0 0.0122412 0.0199796 -0.00187577 -0.00110107
internal_weight=0 7.20558 6.44895 47.1103 46.5464
internal_count=1073 109 74 964 943
is_linear=0
shrinkage=0.0493048


Tree=497
num_leaves=8
num_cat=0
split_feature=47 7 42 56 45 13 31
split_gain=0.509006 1.01176 1.01532 0.763275 1.15456 0.816979 0.507745
threshold=13.750000000000002 6.5000000000000009 0.20714285714285713 0.087121212121212113 75.000000000000014 1.0000000180025095e-35 1.0000000180025095e-35
decision_type=2 2 2 2 2 2 2
left_child=1 2 -1 4 -2 -5 -3
right_child=3 6 -4 5 -6 -7 -8
leaf_value=0.03447784251790368 -0.041061706452462328 0.040821188020711635 -0.056596257509014834 -0.0032275821721094392 0.02688146921882956 0.012957334795925268 0
leaf_weight=0.46557180117815622 2.4898819848858689 2.5111425680806865 0.79409509365723352 36.472309503124052 0.79140784348419391 9.5691934716887754 1.058958896086551
leaf_count=3 75 23 19 772 16 154 11
internal_value=0 0.0152685 -0.0224197 -0.00150123 -0.0244733 0.000122396 0.028751
internal_weight=0 4.82977 1.25967 49.3228 3.28129 46.0415 3.5701
internal_count=1073 56 22 1017 91 926 34
is_linear=0
shrinkage=0.0493048


end of trees

feature_importances:
current_odds=378
weight_change=182
ninki_1=141
agari_1=131
dist_change=124
agari_2=121
margin_2=117
jockey_win_rate=117
umaban=112
jockey_place_rate=99
corner_ratio_1=97
ninki_3=91
corner_ratio_3=84
rank_trend=84
corner_ratio_2=78
result_1=74
waku=70
mf_courseout=68
margin_1=68
margin_3=66
result_2=63
f_mf_course3=52
f_courseout=50
ninki_2=50
mf_class3=49
mf_classout=44
current_popularity=42
f_course1=38
result_3=38
agari_3=37
mf_course2=34
mf_classout.1=25
f_course2=24
mf_course1=21
mf_len1=19
f_class1=19
f_classout=18
mf_course3=15
f_len2=15
f_mf_courseout=13
f_lenout=13
f_mf_course2=12
f_course3=11
f_len3=11
time_df_course2=8
f_mf_len3=5
mf_len2=4
mf_len3=4
mf_class1=4
time_df_course3=3

parameters:
[boosting: gbdt]
[objective: binary]
[metric: binary_logloss]
[tree_learner: serial]
[device_type: cpu]
[data_sample_strategy: bagging]
[data: ]
[valid: ]
[num_iterations: 498]
[learning_rate: 0.0493048]
[num_leaves: 8]
[num_threads: 16]
[seed: 0]
[deterministic: 0]
[force_col_wise: 1]
[force_row_wise: 0]
[histogram_pool_size: -1]
[max_depth: 3]
[min_data_in_leaf: 10]
[min_sum_hessian_in_leaf: 0.001]
[bagging_fraction: 1]
[pos_bagging_fraction: 1]
[neg_bagging_fraction: 1]
[bagging_freq: 0]
[bagging_seed: 7719]
[feature_fraction: 1]
[feature_fraction_bynode: 1]
[feature_fraction_seed: 2437]
[extra_trees: 0]
[extra_seed: 11797]
[early_stopping_round: 0]
[first_metric_only: 0]
[max_delta_step: 0]
[lambda_l1: 0.0131684]
[lambda_l2: 0.00111279]
[linear_lambda: 0]
[min_gain_to_split: 0]
[drop_rate: 0.1]
[max_drop: 50]
[skip_drop: 0.5]
[xgboost_dart_mode: 0]
[uniform_drop: 0]
[drop_seed: 21238]
[top_rate: 0.2]
[other_rate: 0.1]
[min_data_per_group: 100]
[max_cat_threshold: 32]
[cat_l2: 10]
[cat_smooth: 10]
[max_cat_to_onehot: 4]
[top_k: 20]
[monotone_constraints: ]
[monotone_constraints_method: basic]
[monotone_penalty: 0]
[feature_contri: ]
[forcedsplits_filename: ]
[refit_decay_rate: 0.9]
[cegb_tradeoff: 1]
[cegb_penalty_split: 0]
[cegb_penalty_feature_lazy: ]
[cegb_penalty_feature_coupled: ]
[path_smooth: 0]
[interaction_constraints: ]
[verbosity: -1]
[saved_feature_importance_type: 0]
[use_quantized_grad: 0]
[num_grad_quant_bins: 4]
[quant_train_renew_leaf: 0]
[stochastic_rounding: 1]
[linear_tree: 0]
[max_bin: 255]
[max_bin_by_feature: ]
[min_data_in_bin: 3]
[bin_construct_sample_cnt: 200000]
[data_random_seed: 38]
[is_enable_sparse: 1]
[enable_bundle: 1]
[use_missing: 1]
[zero_as_missing: 0]
[feature_pre_filter: 1]
[pre_partition: 0]
[two_round: 0]
[header: 0]
[label_column: ]
[weight_column: ]
[group_column: ]
[ignore_column: ]
[categorical_feature: ]
[forcedbins_filename: ]
[precise_float_parser: 0]
[parser_config_file: ]
[objective_seed: 8855]
[num_class: 1]
[is_unbalance: 0]
[scale_pos_weight: 1.0131]
[sigmoid: 1]
[boost_from_average: 1]
[reg_sqrt: 0]
[alpha: 0.9]
[fair_c: 1]
[poisson_max_delta_step: 0.7]
[tweedie_variance_power: 1.5]
[lambdarank_truncation_level: 30]
[lambdarank_norm: 1]
[label_gain: ]
[lambdarank_position_bias_regularization: 0]
[eval_at: ]
[multi_error_top_k: 1]
[auc_mu_weights: ]
[num_machines: 1]
[local_listen_port: 12400]
[time_out: 120]
[machine_list_filename: ]
[machines: ]
[gpu_platform_id: -1]
[gpu_device_id: -1]
[gpu_use_dp: 0]
[num_gpu: 1]

end of parameters

pandas_categorical:[]
