,race_id,f_course1,f_course2,f_course3,f_courseout,mf_course1,mf_course2,mf_course3,mf_courseout,f_mf_course1,f_mf_course2,f_mf_course3,f_mf_courseout,f_len1,f_len2,f_len3,f_lenout,mf_len1,mf_len2,mf_len3,mf_classout,f_mf_len1,f_mf_len2,f_mf_len3,f_mf_classout,f_class1,f_class2,f_class3,f_classout,mf_class1,mf_class2,mf_class3,mf_classout,f_mf_class1,f_mf_class2,f_mf_class3,f_mf_classout,time_df_course1,time_df_class1,ninki_1,result_1,agari_1,margin_1,corner_ratio_1,time_df_course2,time_df_class2,ninki_2,result_2,agari_2,margin_2,corner_ratio_2,time_df_course3,time_df_class3,ninki_3,result_3,agari_3,margin_3,corner_ratio_3,rank_trend,weight_change,dist_change,jockey_win_rate,jockey_place_rate,waku,umaban,current_odds,current_popularity,father_cat,mother_father_cat,paternal_gf_cat,time_df_course4,time_df_class4,ninki_4,result_4,agari_4,margin_4,corner_ratio_4,time_df_course5,time_df_class5,ninki_5,result_5,agari_5,margin_5,corner_ratio_5,rank_trend_5,win_rate_recent5,kinryo,days_since_last_race,n_horses_today,n_horses_1,horse_weight_abs_1,corner_chase_1,corner_chase_2,corner_chase_3,corner_chase_4,corner_chase_5,agari_trend_5,time_diff_trend_5
0,202107010109,10,6,4,39,5,7,5,56,0,0,1,1,5,3,2,15,2,1,3,19,0,0,1,1,0,0,0,2,1,0,0,0,0,0,0,0,0.0,0.0,1.0,1.0,38.7,0.0,0.2222222222222222,0.0,0.0,13.0,8.0,37.5,0.9,0.13333333333333333,0.0,0.0,8.0,13.0,38.7,1.4,0.06666666666666667,6.0,-1.0,0.0,0.030303030303030304,0.24242424242424243,3,6,5.2,2.0,1716,1556,1167,0.0,0.0,12.0,12.0,37.1,1.2,0.46153846153846156,0.0,0.0,7.0,12.0,39.4,2.0,0.07692307692307693,2.6,0.2,57.0,-1370.0,16.0,9.0,497.0,-0.1111111111111111,0.0,0.0,0.07692307692307693,0.0,-0.09999999999999928,0.0
1,202107010109,8,7,10,65,5,6,1,67,0,1,0,7,4,3,4,32,1,0,0,18,0,0,0,2,0,1,0,0,0,0,0,1,0,0,0,0,0.0,0.0,10.0,12.0,37.4,1.9,0.8571428571428571,0.0,0.0,5.0,10.0,36.4,1.0,0.5714285714285714,0.0,0.0,9.0,1.0,35.2,0.0,0.875,-5.5,6.0,-300.0,0.0,0.07692307692307693,4,7,8.9,6.0,1576,1013,1577,0.0,0.0,11.0,3.0,37.9,0.4,0.6875,0.0,0.0,6.0,10.0,36.9,1.4,0.375,-1.0999999999999999,0.4,54.0,-740.0,16.0,14.0,482.0,0.07142857142857142,0.14285714285714285,0.0,-0.375,0.0,-0.05,0.0
2,202107010109,5,4,6,48,1,1,2,6,0,0,1,0,1,0,1,12,0,0,1,2,0,0,1,0,0,0,1,2,0,0,1,0,0,0,1,0,0.0,0.0,,,,,,0.0,0.0,60.0,10.0,13.7,2.3,0.5,0.0,0.0,20.0,6.0,13.6,2.7,0.36363636363636365,-4.0,,0.0,0.07692307692307693,0.38461538461538464,6,11,3.5,1.0,1183,1620,1558,0.0,0.0,30.0,1.0,13.5,0.0,0.25,0.0,0.0,10.0,4.0,13.3,0.9,0.18181818181818182,-2.3,0.25,56.0,-782.0,16.0,15.0,,,0.07142857142857142,0.09090909090909091,-0.125,0.0,0.12999999999999953,0.0
3,202107010109,8,7,10,65,2,2,1,34,0,1,0,0,4,3,4,32,0,1,0,9,0,1,0,0,0,1,0,0,0,1,0,1,0,1,0,0,0.0,0.0,6.0,11.0,36.6,1.4,0.4375,0.0,0.0,5.0,4.0,36.5,0.2,0.4,0.0,0.0,7.0,2.0,37.3,0.2,0.5625,-4.5,-2.0,0.0,0.0,0.03571428571428571,2,4,8.4,5.0,1576,1482,1577,0.0,0.0,9.0,3.0,36.3,0.2,0.4375,0.0,0.0,9.0,11.0,36.2,1.5,1.0,-0.1,0.4,55.0,-25.0,16.0,16.0,498.0,0.0,-0.06666666666666667,-0.0625,-0.0625,0.0,0.1,0.0
4,202107010109,0,0,1,21,2,5,8,43,0,0,1,0,0,0,0,9,0,1,2,12,0,0,0,0,0,0,0,0,0,0,0,0,0,0,0,0,0.0,0.0,9.0,7.0,38.5,1.1,0.5625,0.0,0.0,12.0,13.0,41.2,3.1,0.375,0.0,0.0,14.0,11.0,36.5,1.3,0.75,2.0,-2.0,-400.0,0.23809523809523808,0.42857142857142855,5,10,8.1,4.0,1489,1167,565,0.0,0.0,11.0,3.0,36.5,0.8,0.625,0.0,0.0,11.0,8.0,36.9,1.2,0.6875,-0.8,0.2,57.0,-986.0,16.0,16.0,448.0,-0.125,-0.0625,0.0,-0.1875,0.0625,0.7900000000000006,0.0
5,202107010109,2,4,2,28,4,2,1,43,0,0,0,1,1,1,1,8,1,2,1,13,0,0,0,0,0,0,0,0,0,0,0,0,0,0,0,0,0.0,0.0,9.0,8.0,37.8,1.6,1.0,0.0,0.0,16.0,9.0,37.7,1.6,0.75,0.0,0.0,13.0,10.0,38.9,1.5,0.4666666666666667,1.0,11.0,200.0,0.11363636363636363,0.25,1,2,6.4,3.0,1009,1405,298,0.0,0.0,16.0,11.0,37.9,1.7,0.1875,0.0,0.0,14.0,10.0,38.4,1.3,0.25,0.6,0.0,57.0,-1269.0,16.0,9.0,515.0,0.0,0.0,0.0,0.0,0.0625,-0.13999999999999985,0.0
6,202107010109,1,1,1,9,2,1,1,7,0,0,0,0,1,1,0,5,1,1,1,2,0,0,0,0,1,0,0,0,0,0,0,0,0,0,0,0,0.0,0.0,3.0,8.0,39.6,1.4,0.7,0.0,0.0,6.0,14.0,37.6,1.7,0.7333333333333333,0.0,0.0,6.0,6.0,37.0,1.0,1.0,-1.0,20.0,0.0,0.0,0.09090909090909091,6,12,22.4,8.0,1505,1208,201,0.0,0.0,6.0,2.0,35.8,0.2,1.0,0.0,0.0,8.0,5.0,35.2,0.4,0.8125,-1.8,0.2,57.0,-1062.0,16.0,10.0,524.0,-0.2,0.0,0.0,0.0,-0.0625,1.06,0.0
7,202107010109,12,4,5,37,0,0,1,0,0,0,0,0,6,3,0,8,0,0,0,0,0,0,0,0,0,0,0,0,0,0,0,0,0,0,0,0,0.0,0.0,10.0,5.0,37.9,1.0,0.5625,0.0,0.0,6.0,6.0,36.5,1.2,0.75,0.0,0.0,7.0,8.0,36.9,0.5,0.3333333333333333,1.5,-2.0,0.0,0.1,0.2,5,9,10.0,7.0,1520,1169,695,0.0,0.0,3.0,4.0,37.2,0.8,0.5,0.0,0.0,3.0,7.0,35.4,1.0,0.4375,0.2,0.0,55.0,-67.0,16.0,16.0,508.0,-0.125,0.0,0.0,-0.1875,0.0,0.4299999999999997,0.0
8,202107010109,2,1,1,10,1,0,0,1,0,0,0,0,0,0,0,2,0,0,0,0,0,0,0,0,0,0,0,0,0,0,0,0,0,0,0,0,0.0,0.0,110.0,110.0,43.7,4.7,1.0,0.0,0.0,160.0,60.0,36.8,1.3,0.9375,0.0,0.0,160.0,100.0,37.0,1.5,0.875,-5.0,1.0,0.0,0.034482758620689655,0.27586206896551724,2,3,128.0,14.0,1170,1423,1404,0.0,0.0,100.0,110.0,37.0,1.6,0.46153846153846156,0.0,0.0,80.0,50.0,36.2,0.6,0.8125,-7.0,0.0,57.0,-1282.0,16.0,11.0,475.0,0.0,-0.0625,0.0,0.15384615384615385,0.0,1.4799999999999998,0.0
9,202107010109,1,0,0,5,5,6,1,67,0,0,0,1,0,0,0,1,1,0,0,18,0,0,0,1,0,0,0,1,0,0,0,1,0,0,0,1,0.0,0.0,13.0,14.0,38.2,2.0,0.4375,0.0,0.0,11.0,13.0,37.7,1.8,0.4375,0.0,0.0,11.0,7.0,36.4,0.7,0.9375,-3.5,-4.0,0.0,0.047619047619047616,0.16666666666666666,7,13,61.1,11.0,1507,1013,593,0.0,0.0,11.0,6.0,37.2,0.6,0.5625,0.0,0.0,11.0,10.0,36.2,0.7,0.7333333333333333,-1.5,0.0,57.0,-326.0,16.0,16.0,464.0,0.0625,0.0625,-0.0625,0.0625,0.0,0.45,0.0
10,202107010109,0,1,2,10,0,0,0,1,0,0,0,0,0,1,1,7,0,0,0,0,0,0,0,0,0,0,0,0,0,0,0,0,0,0,0,0,0.0,0.0,11.0,10.0,13.9,5.4,0.75,0.0,0.0,10.0,8.0,13.8,9.4,0.75,0.0,0.0,12.0,6.0,13.3,1.3,0.6923076923076923,-2.0,-6.0,-1460.0,0.0,0.11538461538461539,8,16,27.9,9.0,1611,388,1263,0.0,0.0,9.0,11.0,13.7,5.7,1.0,0.0,0.0,15.0,14.0,35.0,1.4,0.8,1.1,0.0,55.0,-767.0,16.0,12.0,492.0,0.08333333333333333,-0.08333333333333333,-0.07692307692307693,-0.08333333333333333,0.0,-4.209999999999999,0.0
11,202107010109,0,2,0,27,0,0,0,0,0,0,0,0,0,1,0,10,0,0,0,0,0,0,0,0,0,0,0,0,0,0,0,0,0,0,0,0,0.0,0.0,13.0,12.0,35.6,1.3,0.9285714285714286,0.0,0.0,9.0,9.0,35.4,1.2,0.5,0.0,0.0,11.0,6.0,34.1,0.3,0.6428571428571429,-3.0,-6.0,-600.0,0.0,0.0,7,14,28.7,10.0,1431,287,1428,0.0,0.0,10.0,12.0,36.3,1.1,0.8666666666666667,0.0,0.0,18.0,11.0,33.3,0.7,0.8888888888888888,0.1,0.0,57.0,-152.0,16.0,14.0,492.0,0.0,0.07142857142857142,0.14285714285714285,0.0,0.05555555555555555,0.370000000000001,0.0
12,202107010109,0,0,1,2,1,2,2,11,0,0,1,1,0,0,1,1,0,1,1,6,0,0,1,0,0,0,0,0,0,0,0,0,0,0,0,0,0.0,0.0,14.0,12.0,37.9,2.6,1.0,0.0,0.0,16.0,14.0,37.1,1.7,0.875,0.0,0.0,13.0,13.0,37.0,2.2,0.8,0.5,2.0,0.0,0.0,0.13043478260869565,3,5,111.5,13.0,1364,770,1104,0.0,0.0,14.0,4.0,36.8,0.8,0.8125,0.0,0.0,16.0,13.0,36.5,1.2,0.8125,-0.8,0.0,57.0,-677.0,16.0,14.0,478.0,-0.07142857142857142,0.0,0.0,0.0,-0.1875,0.31000000000000016,0.0
13,202107010109,0,0,0,4,1,2,0,15,0,0,0,0,0,0,0,1,0,2,0,4,0,0,0,0,0,0,0,0,0,0,0,0,0,0,0,0,0.0,0.0,2.0,11.0,41.3,2.2,0.5454545454545454,0.0,0.0,16.0,16.0,36.1,1.7,0.875,0.0,0.0,16.0,12.0,37.3,1.2,0.8125,0.5,1.0,-100.0,0.16666666666666666,0.25,8,15,74.2,12.0,1254,460,86,0.0,0.0,14.0,10.0,35.5,0.8,0.9333333333333333,0.0,0.0,16.0,9.0,36.5,1.2,0.8125,-1.0,0.0,57.0,-677.0,16.0,11.0,487.0,0.2727272727272727,-0.0625,0.125,0.06666666666666667,0.0,1.0199999999999996,0.0
14,202107010109,2,2,1,26,2,1,0,32,0,0,0,1,0,2,1,11,2,1,0,15,0,0,0,0,0,0,0,1,0,0,0,2,0,0,0,0,0.0,0.0,15.0,16.0,36.4,2.4,0.5,0.0,0.0,9.0,13.0,38.3,1.8,0.8,0.0,0.0,15.0,15.0,37.6,1.5,0.5333333333333333,-0.5,-2.0,200.0,0.0,0.2222222222222222,4,8,154.9,15.0,1665,1366,1577,0.0,0.0,10.0,10.0,37.6,0.6,0.3125,0.0,0.0,9.0,14.0,38.0,2.3,0.75,-0.7,0.0,55.0,-95.0,16.0,16.0,450.0,0.25,0.0,0.06666666666666667,0.0625,0.0,-0.2500000000000007,0.0
15,202107010109,5,4,6,48,1,0,1,23,0,0,0,4,1,0,1,12,1,0,0,7,0,0,0,2,0,0,1,2,0,0,0,0,0,0,0,0,0.0,0.0,30.0,5.0,40.3,1.5,0.8181818181818182,0.0,0.0,120.0,15.0,38.3,2.0,0.5,0.0,0.0,120.0,9.0,37.3,1.5,0.9285714285714286,2.0,10.0,0.0,,,1,1,,,1183,1221,1558,0.0,0.0,30.0,10.0,38.7,1.1,0.3125,0.0,0.0,100.0,6.0,36.6,0.9,0.625,-0.3,0.0,57.0,-1292.0,16.0,11.0,496.0,-0.18181818181818182,-0.125,-0.2857142857142857,-0.0625,-0.0625,0.6999999999999986,0.0
16,202107010202,1,0,1,5,0,0,0,0,0,0,0,0,0,0,0,2,0,0,0,0,0,0,0,0,0,0,0,2,0,0,0,0,0,0,0,0,0.0,0.0,80.0,8.0,37.5,0.7,0.5333333333333333,0.0,0.0,60.0,3.0,38.0,0.8,0.4375,0.0,0.0,10.0,7.0,37.5,1.2,0.16666666666666666,-0.5,0.0,200.0,0.0625,0.21875,8,16,5.9,3.0,1426,1255,306,0.0,0.0,30.0,2.0,36.0,1.1,0.625,,,,,,,,-1.4,0.5,55.0,48.0,16.0,15.0,450.0,0.0,-0.0625,0.0,0.0,,0.5,0.0
17,202107010202,5,9,7,47,1,0,0,1,0,0,0,0,3,3,3,19,0,0,0,0,0,0,0,0,1,1,1,5,0,0,0,0,0,0,0,0,0.0,0.0,9.0,8.0,13.7,5.3,1.0,0.0,0.0,13.0,11.0,13.9,2.5,0.3076923076923077,0.0,0.0,7.0,12.0,13.7,4.4,0.75,2.0,-12.0,-1460.0,0.14285714285714285,0.19047619047619047,5,9,3.2,1.0,1172,580,1556,0.0,0.0,7.0,1.0,13.5,0.0,0.14285714285714285,0.0,0.0,3.0,3.0,13.5,0.6,0.14285714285714285,-2.0,0.4,56.0,-1288.0,16.0,10.0,458.0,-0.1,0.5384615384615384,0.16666666666666666,0.07142857142857142,0.0,0.07999999999999989,0.0
18,202107010202,1,0,1,2,2,5,3,26,0,0,0,0,1,0,1,0,0,2,2,9,0,0,0,0,1,0,1,0,0,1,1,5,0,0,0,0,0.0,0.0,1.0,4.0,38.5,0.7,0.4,0.0,0.0,11.0,12.0,40.0,2.6,0.5,0.0,0.0,8.0,11.0,37.8,1.4,0.5333333333333333,3.5,19.0,0.0,0.0,0.03333333333333333,4,7,11.7,7.0,1657,1428,1317,0.0,0.0,8.0,8.0,36.7,0.8,0.5,0.0,0.0,4.0,9.0,36.8,1.5,0.4,0.6,0.0,55.0,-1195.0,16.0,10.0,477.0,-0.1,0.0,0.13333333333333333,0.0,0.06666666666666667,0.6700000000000003,0.0
19,202107010202,4,3,6,43,9,2,7,87,1,0,0,5,1,0,1,8,0,0,2,23,0,0,0,1,0,0,1,3,0,0,0,9,0,0,0,1,0.0,0.0,13.0,7.0,36.8,0.6,0.8,0.0,0.0,14.0,14.0,39.3,1.9,0.8125,0.0,0.0,11.0,10.0,39.4,1.0,0.6153846153846154,1.5,-6.0,-300.0,0.0,0.07692307692307693,6,12,6.7,5.0,1691,1263,1167,0.0,0.0,13.0,6.0,38.1,1.3,0.6875,0.0,0.0,7.0,5.0,38.4,1.1,0.5384615384615384,-1.2,0.0,54.0,-749.0,16.0,15.0,446.0,0.0,0.0,-0.07692307692307693,-0.25,-0.15384615384615385,-0.2000000000000007,0.0
20,202107010202,1,2,2,10,2,5,8,43,0,0,1,1,0,1,1,6,0,1,2,12,0,0,1,1,0,0,1,1,0,0,2,5,0,0,1,1,0.0,0.0,,,,,,0.0,0.0,110.0,12.0,40.9,3.6,0.3076923076923077,0.0,0.0,110.0,11.0,38.9,3.2,1.0,-1.0,,0.0,0.0,0.21428571428571427,7,14,6.4,4.0,1148,1167,1393,0.0,0.0,120.0,12.0,39.1,3.2,0.7857142857142857,0.0,0.0,140.0,14.0,38.3,2.1,0.7142857142857143,0.7,0.0,56.0,-882.0,16.0,10.0,,,0.6153846153846154,-0.07692307692307693,0.14285714285714285,0.2857142857142857,0.7600000000000001,0.0
21,202107010202,0,0,0,0,0,5,2,41,0,0,0,0,0,0,0,0,0,1,0,9,0,0,0,0,0,0,0,0,0,0,0,3,0,0,0,0,0.0,0.0,90.0,30.0,41.9,1.6,0.8,0.0,0.0,80.0,90.0,36.2,0.8,0.6428571428571429,0.0,0.0,60.0,60.0,37.2,1.6,0.1875,15.0,16.0,0.0,0.0625,0.0625,2,3,125.2,14.0,1130,1235,1328,0.0,0.0,60.0,70.0,37.8,0.6,0.5625,0.0,0.0,10.0,50.0,37.0,1.0,0.4375,2.0,0.0,56.0,-1269.0,16.0,10.0,432.0,-0.1,0.0,0.0,-0.0625,-0.0625,0.8200000000000003,0.0
22,202107010202,0,2,0,5,2,5,8,43,0,1,0,0,0,1,0,2,0,1,2,12,0,1,0,0,0,0,0,2,0,0,2,5,0,0,0,0,0.0,0.0,13.0,8.0,37.9,1.4,0.5333333333333333,0.0,0.0,8.0,8.0,40.7,2.2,0.6428571428571429,0.0,0.0,12.0,7.0,39.3,1.6,0.875,-0.5,16.0,0.0,0.07547169811320754,0.24528301886792453,1,1,85.0,12.0,1098,1167,1294,0.0,0.0,9.0,8.0,36.7,2.3,0.6,,,,,,,,-0.1,0.0,54.0,-92.0,16.0,15.0,452.0,0.0,-0.07142857142857142,0.0,0.2,,0.4999999999999993,0.0
23,202107010202,0,0,0,2,9,2,7,87,0,0,0,0,0,0,0,1,0,0,2,23,0,0,0,0,0,0,0,1,0,0,0,9,0,0,0,0,0.0,0.0,5.0,9.0,42.4,3.1,0.1111111111111111,0.0,0.0,13.0,13.0,39.3,2.6,0.5333333333333333,0.0,0.0,12.0,11.0,36.3,1.0,0.3888888888888889,1.0,7.0,200.0,0.16129032258064516,0.25806451612903225,8,15,91.4,13.0,1401,1263,517,0.0,0.0,13.0,8.0,40.6,1.7,0.125,0.0,0.0,7.0,12.0,39.8,3.2,0.6,0.1,0.0,54.0,-864.0,16.0,9.0,441.0,0.0,0.0,-0.1111111111111111,0.0,0.0,0.38999999999999985,0.0
24,202107010202,0,2,1,6,1,2,2,15,0,0,0,0,0,1,1,4,1,0,1,8,0,0,0,0,0,1,0,4,0,0,1,6,0,0,0,0,0.0,0.0,1.0,2.0,41.3,0.6,0.1,0.0,0.0,9.0,6.0,39.7,0.8,0.2222222222222222,0.0,0.0,14.0,10.0,38.9,1.5,0.7333333333333333,4.0,31.0,-200.0,0.05714285714285714,0.2857142857142857,4,8,65.4,10.0,1020,1228,1576,0.0,0.0,8.0,7.0,36.9,2.9,0.6666666666666666,0.0,0.0,11.0,12.0,38.1,2.5,1.0,2.1,0.2,55.0,-1285.0,16.0,10.0,503.0,0.1,0.2222222222222222,0.13333333333333333,0.3333333333333333,-0.0625,0.9199999999999996,0.0
25,202107010202,3,3,4,34,0,0,0,0,0,0,0,0,2,0,1,11,0,0,0,0,0,0,0,0,0,0,0,4,0,0,0,0,0,0,0,0,0.0,0.0,90.0,7.0,41.4,3.1,0.18181818181818182,0.0,0.0,100.0,15.0,43.2,5.4,0.5625,0.0,0.0,,,,,,8.0,-17.0,-100.0,0.09375,0.1875,3,6,41.6,8.0,1393,737,1263,0.0,0.0,110.0,5.0,37.7,1.9,0.25,0.0,0.0,70.0,11.0,40.1,2.7,0.9333333333333333,0.2,0.0,56.0,-1280.0,16.0,11.0,473.0,0.5454545454545454,0.375,,-0.0625,-0.06666666666666667,0.9399999999999992,0.0
26,202107010202,0,2,0,27,0,1,0,14,0,0,0,0,0,1,0,10,0,0,0,6,0,0,0,0,0,0,0,4,0,0,0,3,0,0,0,0,0.0,0.0,9.0,7.0,40.1,1.6,0.9285714285714286,0.0,0.0,14.0,12.0,37.0,1.1,0.7142857142857143,0.0,0.0,11.0,13.0,39.8,2.8,0.6666666666666666,3.0,6.0,0.0,0.125,0.375,6,11,84.4,11.0,1431,1589,1428,0.0,0.0,13.0,14.0,41.0,4.6,0.4375,0.0,0.0,16.0,5.0,38.2,1.0,0.5,-0.2,0.0,56.0,-1294.0,16.0,14.0,478.0,-0.07142857142857142,-0.21428571428571427,0.06666666666666667,0.0,0.0,-0.020000000000000285,0.0
27,202107010202,1,0,1,2,2,1,1,7,0,0,0,0,1,0,1,0,1,1,1,2,0,0,0,0,1,0,1,0,1,1,0,0,0,0,0,0,0.0,0.0,1.0,9.0,45.6,7.5,0.1111111111111111,0.0,0.0,3.0,1.0,36.8,0.0,0.09090909090909091,0.0,0.0,2.0,12.0,41.0,2.4,0.25,1.5,20.0,200.0,0.0,0.14285714285714285,1,2,5.4,2.0,1657,1208,1317,0.0,0.0,6.0,4.0,36.7,0.8,0.9375,0.0,0.0,5.0,10.0,37.8,1.9,0.16666666666666666,0.5,0.2,55.0,-535.0,16.0,9.0,502.0,0.1111111111111111,0.0,0.0,-0.125,0.0,1.5700000000000003,0.0
28,202107010202,0,2,1,6,0,0,0,3,0,0,0,0,0,1,1,4,0,0,0,1,0,0,0,0,0,1,0,4,0,0,0,0,0,0,0,0,0.0,0.0,110.0,11.0,41.6,2.1,0.42857142857142855,0.0,0.0,90.0,11.0,40.5,2.1,0.4,0.0,0.0,100.0,3.0,40.3,0.4,0.4166666666666667,-4.0,29.0,0.0,0.0,0.0,7,13,10.2,6.0,1020,1685,1576,0.0,0.0,90.0,11.0,40.4,3.8,0.7333333333333333,0.0,0.0,60.0,13.0,42.1,3.6,0.375,0.4,0.2,56.0,-1294.0,16.0,14.0,475.0,-0.07142857142857142,0.06666666666666667,-0.08333333333333333,0.06666666666666667,0.25,-0.08999999999999986,0.0
29,202107010202,0,2,1,28,0,0,1,11,0,0,0,0,0,1,1,7,0,0,0,2,0,0,0,0,0,0,1,5,0,0,0,1,0,0,0,0,0.0,0.0,10.0,60.0,39.3,0.5,0.125,0.0,0.0,80.0,100.0,37.3,2.4,0.6666666666666666,0.0,0.0,40.0,90.0,36.9,2.3,0.25,15.0,22.0,0.0,0.20689655172413793,0.3793103448275862,5,10,61.0,9.0,1090,1721,1169,0.0,0.0,60.0,50.0,37.4,0.4,0.1875,0.0,0.0,30.0,40.0,37.7,0.6,0.26666666666666666,-9.0,0.0,56.0,-1285.0,16.0,8.0,496.0,0.0,0.0,0.0,0.0625,0.0,0.3099999999999987,0.0
30,202107010202,1,0,1,5,1,1,1,18,0,0,0,0,0,0,0,1,1,1,0,3,0,0,0,0,0,0,0,1,0,1,0,2,0,0,0,0,0.0,0.0,13.0,11.0,38.5,1.5,0.5,0.0,0.0,15.0,15.0,42.6,4.4,0.5,0.0,0.0,9.0,7.0,35.7,1.6,0.4166666666666667,-2.0,-8.0,200.0,0.04,0.28,2,4,135.6,15.0,1441,1362,1167,,,,,,,,,,,,,,,-2.0,0.0,56.0,-78.0,16.0,16.0,458.0,0.0625,-0.125,0.0,,,1.3999999999999986,0.0
31,202107010202,0,2,0,2,5,7,5,56,0,0,0,0,0,1,0,0,2,1,3,19,0,0,0,0,0,0,0,0,1,0,2,6,0,0,0,0,0.0,0.0,9.0,9.0,46.1,7.3,0.8888888888888888,0.0,0.0,16.0,16.0,41.7,4.8,1.0,0.0,0.0,12.0,12.0,50.0,12.1,0.9166666666666666,1.5,10.0,0.0,0.0,0.0,3,5,359.1,16.0,1715,1556,770,,,,,,,,,,,,,,,1.5,0.0,56.0,-106.0,16.0,9.0,442.0,0.1111111111111111,0.0,0.08333333333333333,,,-1.9499999999999993,0.0
32,202107010212,12,4,5,37,3,4,3,30,1,1,0,1,6,3,0,8,1,1,1,10,0,1,0,1,1,0,0,2,0,0,1,4,0,0,0,0,0.0,0.0,1.0,1.0,13.8,0.0,0.16666666666666666,0.0,0.0,4.0,6.0,13.4,1.1,0.5833333333333334,0.0,0.0,13.0,12.0,38.2,2.2,0.6153846153846154,5.5,8.0,-1600.0,0.0,0.15789473684210525,6,11,3.8,2.0,1520,1618,695,0.0,0.0,13.0,11.0,37.0,0.9,0.625,0.0,0.0,10.0,9.0,35.4,1.0,1.0,2.1,0.2,56.0,-1003.0,16.0,12.0,520.0,-0.08333333333333333,-0.4166666666666667,0.15384615384615385,0.0,0.0,-6.68,0.0
33,202107010212,3,3,4,31,0,0,0,3,0,0,0,1,0,0,1,5,0,0,0,2,0,0,0,0,0,0,0,2,0,0,0,0,0,0,0,0,0.0,0.0,4.0,7.0,42.1,2.2,0.3333333333333333,0.0,0.0,9.0,9.0,39.4,2.2,0.25,0.0,0.0,15.0,15.0,39.5,3.6,0.25,4.0,11.0,0.0,0.058823529411764705,0.2647058823529412,8,15,3.6,1.0,1428,75,1263,0.0,0.0,7.0,7.0,35.7,1.3,0.3,0.0,0.0,2.0,9.0,41.7,1.6,0.2,0.2,0.0,55.0,-1275.0,16.0,9.0,535.0,0.2222222222222222,0.08333333333333333,0.5,0.0,0.0,0.4499999999999993,0.0
34,202107010212,2,0,3,19,2,0,1,7,1,0,1,1,0,0,1,4,0,0,1,3,0,0,1,1,0,0,1,3,0,0,1,3,0,0,1,1,0.0,0.0,9.0,2.0,39.0,0.8,0.8333333333333334,0.0,0.0,9.0,15.0,37.6,1.2,0.625,0.0,0.0,1.0,1.0,36.4,0.0,0.15384615384615385,-0.5,-1.0,100.0,0.03333333333333333,0.26666666666666666,3,5,6.6,3.0,1440,1199,1167,0.0,0.0,1.0,4.0,35.8,0.4,0.5454545454545454,0.0,0.0,1.0,2.0,36.4,0.0,0.14285714285714285,-1.1,0.6,56.0,-1289.0,16.0,12.0,487.0,-0.5,0.0625,0.0,-0.18181818181818182,0.0,0.7000000000000007,0.0
35,202107010212,8,7,10,65,6,4,8,59,2,0,1,6,4,3,4,32,1,1,4,18,0,0,1,5,1,1,2,11,1,0,2,7,0,0,1,3,0.0,0.0,6.0,8.0,39.9,2.7,0.5555555555555556,0.0,0.0,11.0,11.0,40.8,2.2,0.23076923076923078,0.0,0.0,14.0,13.0,37.1,2.0,0.875,2.5,-3.0,100.0,0.07692307692307693,0.25,5,10,8.3,5.0,1576,1559,1577,0.0,0.0,11.0,6.0,38.0,0.8,0.35714285714285715,0.0,0.0,5.0,5.0,37.4,1.7,0.6666666666666666,-1.1,0.0,55.0,-891.0,16.0,9.0,467.0,0.3333333333333333,0.0,0.0,0.14285714285714285,0.16666666666666666,0.7799999999999997,0.0
36,202107010212,0,0,0,0,1,0,0,1,0,0,0,0,0,0,0,0,1,0,0,0,0,0,0,0,0,0,0,0,1,0,0,0,0,0,0,0,0.0,0.0,13.0,11.0,39.2,1.3,0.6153846153846154,0.0,0.0,3.0,10.0,13.5,4.0,0.15384615384615385,0.0,0.0,4.0,8.0,14.0,6.3,0.09090909090909091,-1.5,16.0,200.0,0.21428571428571427,0.39285714285714285,6,12,16.9,6.0,525,275,1,0.0,0.0,5.0,6.0,13.4,2.4,0.15384615384615385,0.0,0.0,9.0,8.0,35.6,0.9,0.7857142857142857,-1.0,0.0,56.0,-1277.0,16.0,13.0,530.0,-0.07692307692307693,0.6923076923076923,0.09090909090909091,-0.07692307692307693,0.0,0.7300000000000004,0.0
37,202107010212,1,1,1,9,1,0,0,3,0,0,0,0,1,1,0,5,0,0,0,1,0,0,0,0,0,1,0,0,0,0,0,0,0,0,0,0,0.0,0.0,40.0,4.0,40.9,1.9,0.5714285714285714,0.0,0.0,160.0,14.0,40.3,2.5,0.4375,0.0,0.0,110.0,15.0,39.5,2.8,0.125,5.5,-8.0,-100.0,0.0,0.2,2,3,19.6,7.0,1505,351,201,0.0,0.0,60.0,9.0,37.0,1.3,0.8333333333333334,0.0,0.0,90.0,5.0,36.1,1.0,0.6,-0.3,0.0,57.0,-974.0,16.0,7.0,486.0,-0.2857142857142857,-0.125,0.0,-0.08333333333333333,-0.1,1.2899999999999991,0.0
38,202107010212,1,0,0,6,9,5,5,48,1,0,0,1,1,0,0,2,2,1,1,17,1,0,0,1,0,0,0,1,0,0,0,2,0,0,0,1,0.0,0.0,11.0,9.0,37.8,1.4,0.8181818181818182,0.0,0.0,14.0,9.0,37.1,1.1,0.625,0.0,0.0,14.0,9.0,36.1,1.1,0.75,0.0,-2.0,200.0,0.08,0.16,7,13,36.0,11.0,1548,1183,1328,0.0,0.0,11.0,13.0,36.9,1.7,0.9333333333333333,0.0,0.0,9.0,12.0,37.5,1.5,0.4375,1.0,0.0,54.0,-1072.0,16.0,11.0,426.0,0.0,-0.0625,0.0,0.0,0.1875,0.07999999999999971,0.0
39,202107010212,0,2,0,27,6,4,8,59,0,0,0,2,0,0,0,7,1,1,4,18,0,0,0,2,0,0,0,4,1,0,2,7,0,0,0,2,0.0,0.0,14.0,8.0,37.5,1.0,1.0,0.0,0.0,9.0,14.0,37.1,2.0,0.9375,0.0,0.0,5.0,10.0,37.7,1.5,0.9375,1.0,-18.0,0.0,0.0,0.0,7,14,34.1,10.0,1645,1559,1366,0.0,0.0,8.0,3.0,37.1,0.5,1.0,0.0,0.0,12.0,2.0,37.5,0.1,0.8571428571428571,-2.3,0.4,57.0,-469.0,16.0,15.0,476.0,0.0,0.0,0.0625,0.0,-0.07142857142857142,0.0,0.0
40,202107010212,6,11,8,58,0,1,1,8,0,0,0,0,1,2,3,24,0,0,0,2,0,0,0,0,0,1,1,12,0,0,0,1,0,0,0,0,0.0,0.0,5.0,7.0,41.7,0.6,0.4166666666666667,0.0,0.0,6.0,6.0,36.2,1.0,0.125,0.0,0.0,6.0,6.0,38.5,1.3,0.3333333333333333,-0.5,-11.0,100.0,0.02857142857142857,0.08571428571428572,2,4,22.5,8.0,1221,1,1263,0.0,0.0,6.0,12.0,38.2,1.3,0.6875,0.0,0.0,8.0,9.0,38.7,1.4,0.8125,1.0,0.0,56.0,-1296.0,16.0,12.0,477.0,0.08333333333333333,0.0,0.0,-0.1875,0.0,0.4,0.0
41,202107010212,4,3,6,43,0,0,2,3,0,0,0,0,1,0,1,8,0,0,1,0,0,0,0,0,0,0,0,3,0,0,0,0,0,0,0,0,0.0,0.0,7.0,6.0,40.9,1.7,0.7777777777777778,0.0,0.0,13.0,12.0,41.1,3.5,0.46153846153846156,0.0,0.0,8.0,10.0,39.8,2.3,0.5714285714285714,2.0,2.0,-100.0,0.0,0.0,8,16,101.3,15.0,1691,1673,1167,0.0,0.0,13.0,9.0,37.9,1.3,0.3333333333333333,0.0,0.0,15.0,10.0,39.3,1.5,0.375,0.5,0.0,57.0,-572.0,16.0,9.0,500.0,-0.1111111111111111,0.07692307692307693,-0.07142857142857142,-0.06666666666666667,0.0,0.6400000000000006,0.0
42,202107010212,3,3,4,31,2,1,0,32,0,0,0,0,0,0,1,5,2,1,0,15,0,0,0,0,0,0,0,2,1,1,0,3,0,0,0,0,0.0,0.0,130.0,13.0,40.3,3.1,0.5,0.0,0.0,140.0,11.0,38.8,1.3,0.1875,0.0,0.0,70.0,6.0,37.9,1.4,0.25,-3.5,10.0,200.0,0.1111111111111111,0.24444444444444444,1,2,84.1,14.0,1428,1366,1263,0.0,0.0,120.0,14.0,41.5,2.9,0.0625,0.0,0.0,120.0,10.0,38.6,0.8,0.25,-0.3,0.0,57.0,-1165.0,16.0,16.0,506.0,0.0625,0.0,0.08333333333333333,0.0,0.125,0.06999999999999887,0.0
43,202107010212,2,4,2,28,5,6,1,67,0,0,0,0,1,1,1,8,1,0,0,18,0,0,0,0,1,1,0,3,0,0,0,2,0,0,0,0,0.0,0.0,70.0,80.0,37.5,0.9,0.6875,0.0,0.0,100.0,50.0,36.2,0.7,0.8461538461538461,0.0,0.0,60.0,80.0,38.0,1.3,0.5833333333333334,0.0,6.0,200.0,0.06451612903225806,0.22580645161290322,4,8,7.2,4.0,1009,1013,298,0.0,0.0,70.0,80.0,35.6,0.5,0.5833333333333334,0.0,0.0,20.0,20.0,35.2,0.0,0.75,-9.0,0.0,54.0,-350.0,16.0,16.0,472.0,0.125,0.0,0.08333333333333333,0.0,0.0,0.5199999999999996,0.0
44,202107010212,2,2,7,36,0,0,0,0,0,0,0,0,1,0,2,9,0,0,0,0,0,0,0,0,0,0,1,6,0,0,0,0,0,0,0,0,0.0,0.0,3.0,6.0,39.8,1.8,0.2727272727272727,0.0,0.0,9.0,8.0,34.1,0.5,1.0,0.0,0.0,5.0,6.0,35.0,1.2,0.875,0.0,-2.0,100.0,0.0,0.034482758620689655,1,1,33.3,9.0,1127,355,1328,0.0,0.0,7.0,2.0,33.6,0.1,0.9285714285714286,0.0,0.0,5.0,7.0,35.2,1.4,0.6428571428571429,-0.4,0.2,55.0,-1282.0,16.0,11.0,502.0,0.0,-0.07142857142857142,0.0,-0.07142857142857142,0.07142857142857142,0.9699999999999989,0.0
45,202107010212,0,0,0,1,1,2,2,11,0,0,0,1,0,0,0,1,0,1,1,6,0,0,0,1,0,0,0,1,0,0,0,2,0,0,0,1,0.0,0.0,6.0,10.0,41.8,2.6,0.6666666666666666,0.0,0.0,13.0,14.0,38.8,1.9,0.9375,0.0,0.0,10.0,9.0,37.3,1.2,0.6875,-0.5,0.0,100.0,0.0,0.2,4,7,71.0,13.0,1729,770,1428,0.0,0.0,15.0,15.0,35.6,0.9,0.8333333333333334,0.0,0.0,3.0,8.0,34.5,0.5,0.8333333333333334,-0.3,0.0,53.0,-1254.0,16.0,12.0,454.0,-0.08333333333333333,-0.125,0.125,0.05555555555555555,0.08333333333333333,1.779999999999999,0.0
46,202107010212,0,1,1,1,0,1,0,3,0,1,0,1,0,1,1,0,0,1,0,0,0,1,0,0,0,0,1,0,0,0,0,0,0,0,0,0,0.0,0.0,90.0,10.0,35.7,1.1,0.5833333333333334,0.0,0.0,130.0,11.0,34.5,1.3,0.8,0.0,0.0,120.0,10.0,35.2,0.8,0.6923076923076923,0.0,-4.0,400.0,0.0,0.08333333333333333,5,9,45.4,12.0,123,556,334,0.0,0.0,90.0,10.0,35.4,1.5,0.9285714285714286,0.0,0.0,,,,,,-0.1,0.0,54.0,-183.0,16.0,12.0,510.0,0.25,-0.06666666666666667,0.0,0.0,,0.020000000000000996,0.0
47,202107010212,0,2,1,12,0,0,0,13,0,0,0,1,0,0,0,5,0,0,0,2,0,0,0,0,0,0,0,0,0,0,0,0,0,0,0,0,0.0,0.0,16.0,16.0,40.2,2.4,0.375,0.0,0.0,13.0,12.0,41.1,2.9,0.23076923076923078,0.0,0.0,7.0,9.0,41.1,3.5,0.45454545454545453,-3.5,18.0,0.0,0.0967741935483871,0.1935483870967742,3,6,151.5,16.0,1453,1206,1428,0.0,0.0,16.0,11.0,39.2,2.5,0.875,0.0,0.0,11.0,14.0,42.9,5.6,0.3125,-0.5,0.0,57.0,0.0,16.0,16.0,488.0,0.0,0.38461538461538464,0.36363636363636365,0.125,0.125,-0.3499999999999993,0.0
48,202107010303,2,2,2,30,0,0,0,0,0,0,0,0,0,0,0,3,0,0,0,0,0,0,0,0,0,0,0,0,0,0,0,0,0,0,0,0,0.0,0.0,10.0,13.0,36.2,1.0,0.15384615384615385,0.0,0.0,11.0,17.0,38.0,2.3,0.1111111111111111,0.0,0.0,11.0,6.0,34.0,0.3,0.1111111111111111,-3.5,-2.0,200.0,0.3,0.6,4,7,3.8,2.0,1503,772,1263,0.0,0.0,11.0,3.0,35.8,0.3,0.125,0.0,0.0,5.0,15.0,34.3,1.0,0.8888888888888888,-1.0,0.2,54.0,-832.0,16.0,13.0,480.0,0.07692307692307693,0.0,0.05555555555555555,0.0,-0.16666666666666666,0.6000000000000014,0.0
49,202107010303,3,5,4,21,4,5,7,53,0,0,1,0,1,1,1,8,1,2,2,9,0,0,0,0,0,0,1,2,0,2,2,3,0,0,0,0,0.0,0.0,2.0,4.0,40.4,0.6,0.14285714285714285,0.0,0.0,2.0,6.0,39.2,1.5,0.13333333333333333,0.0,0.0,1.0,2.0,39.3,0.4,0.125,-1.0,17.0,0.0,0.13636363636363635,0.22727272727272727,3,5,2.7,1.0,1605,1294,1,0.0,0.0,3.0,2.0,38.1,0.4,0.1875,0.0,0.0,5.0,6.0,38.3,1.3,0.2,0.0,0.4,56.0,-333.0,16.0,7.0,493.0,0.0,0.0,0.0,0.0,-0.06666666666666667,0.5300000000000005,0.0
50,202107010303,0,0,1,21,9,5,5,48,0,0,0,0,0,0,0,9,2,1,1,17,0,0,0,0,0,0,0,5,1,0,0,8,0,0,0,0,0.0,0.0,10.0,10.0,42.3,3.7,0.9090909090909091,0.0,0.0,10.0,9.0,38.6,2.1,0.9333333333333333,0.0,0.0,12.0,3.0,38.0,0.7,0.875,-3.5,-3.0,100.0,0.07692307692307693,0.15384615384615385,1,2,124.5,12.0,1489,1183,565,0.0,0.0,12.0,13.0,35.3,1.3,0.8125,0.0,0.0,3.0,8.0,35.6,2.3,0.8333333333333334,0.0,0.2,56.0,-1212.0,16.0,11.0,449.0,0.0,0.0,-0.125,-0.0625,0.0,1.6699999999999995,0.0
51,202107010303,0,0,0,4,1,0,0,2,0,0,0,0,0,0,0,1,0,0,0,0,0,0,0,0,0,0,0,1,0,0,0,0,0,0,0,0,0.0,0.0,4.0,,,,1.0,0.0,0.0,5.0,11.0,36.9,1.3,0.8125,0.0,0.0,3.0,4.0,37.6,1.7,0.5625,-7.0,10.0,-100.0,0.058823529411764705,0.058823529411764705,7,14,14.6,6.0,1175,1266,882,0.0,0.0,3.0,3.0,37.3,0.6,0.9285714285714286,0.0,0.0,6.0,4.0,38.6,0.9,0.6875,-2.2,0.25,56.0,-694.0,16.0,7.0,500.0,0.0,0.0,-0.125,-0.07142857142857142,-0.0625,-0.4800000000000004,0.0
52,202107010303,1,0,1,5,3,3,4,20,0,0,0,1,0,0,0,2,1,1,0,8,0,0,0,0,0,0,0,2,1,0,0,5,0,0,0,0,0.0,0.0,90.0,9.0,43.3,5.4,1.0,0.0,0.0,70.0,12.0,40.7,2.1,0.13333333333333333,0.0,0.0,120.0,10.0,40.3,2.4,0.1875,0.5,-6.0,0.0,0.0,0.2,6,12,100.4,10.0,1426,1036,306,0.0,0.0,100.0,6.0,38.1,0.7,0.07692307692307693,0.0,0.0,80.0,4.0,38.4,0.8,0.375,-1.6,0.0,54.0,-1270.0,16.0,10.0,464.0,-0.1,0.6666666666666666,0.0625,0.07692307692307693,-0.0625,1.2399999999999998,0.0
53,202107010303,3,5,4,21,0,2,0,6,0,0,0,0,1,1,1,8,0,1,0,2,0,0,0,0,0,0,1,2,0,0,0,1,0,0,0,0,0.0,0.0,12.0,6.0,36.4,0.6,0.4666666666666667,0.0,0.0,6.0,6.0,34.5,0.6,0.5384615384615384,0.0,0.0,10.0,5.0,35.5,0.6,0.375,-0.5,4.0,-400.0,0.0,0.0,6,11,8.0,4.0,1605,1511,1,0.0,0.0,11.0,12.0,34.6,1.0,0.23529411764705882,0.0,0.0,2.0,1.0,34.2,0.0,0.25,-0.4,0.2,56.0,-616.0,16.0,15.0,536.0,-0.06666666666666667,0.0,0.1875,0.0,0.0,0.429999999999999,0.0
54,202107010303,0,0,0,6,9,5,5,48,0,0,0,0,0,0,0,2,2,1,1,17,0,0,0,0,0,0,0,1,1,0,0,8,0,0,0,0,0.0,0.0,90.0,11.0,39.8,1.8,0.8181818181818182,0.0,0.0,160.0,14.0,40.5,3.5,0.125,0.0,0.0,150.0,10.0,36.6,2.7,0.6,-0.5,-10.0,-100.0,0.0,0.1875,4,8,118.5,11.0,1222,1183,1328,0.0,0.0,120.0,10.0,37.6,1.7,0.38461538461538464,0.0,0.0,60.0,9.0,36.3,4.3,1.0,-0.8,0.0,51.0,-1101.0,16.0,11.0,440.0,0.18181818181818182,0.4375,0.13333333333333333,0.3076923076923077,0.0,0.9899999999999999,0.0
55,202107010303,5,4,6,48,2,5,8,43,0,0,0,3,1,0,1,12,0,1,2,12,0,0,0,0,0,0,0,2,0,0,2,5,0,0,0,0,0.0,0.0,1.0,7.0,42.9,3.3,0.125,0.0,0.0,6.0,3.0,13.5,0.3,0.2857142857142857,0.0,0.0,2.0,1.0,13.4,0.0,0.2727272727272727,-3.0,1.0,0.0,0.09090909090909091,0.24242424242424243,5,9,36.9,7.0,1183,1167,1558,0.0,0.0,8.0,3.0,13.6,1.4,0.14285714285714285,0.0,0.0,3.0,7.0,14.1,5.2,1.0,0.0,0.6,55.0,-1269.0,16.0,8.0,509.0,0.5,0.07142857142857142,0.0,0.07142857142857142,-0.1,5.75,0.0
56,202107010303,10,6,4,39,3,4,3,30,0,1,0,1,5,3,2,15,1,1,1,10,0,0,0,1,2,0,0,3,0,0,0,5,0,0,0,1,0.0,0.0,6.0,5.0,42.8,1.9,0.5,0.0,0.0,5.0,9.0,40.6,2.0,0.25,0.0,0.0,3.0,6.0,39.1,0.7,0.3125,0.5,20.0,0.0,0.10869565217391304,0.2391304347826087,2,3,9.2,5.0,1716,1618,1167,0.0,0.0,1.0,4.0,41.0,0.9,0.14285714285714285,,,,,,,,-0.6,0.0,56.0,-1284.0,16.0,10.0,528.0,0.0,-0.0625,0.0625,0.0,,0.6899999999999992,0.0
57,202107010303,10,6,4,39,4,5,7,53,0,1,0,3,5,3,2,15,1,2,2,9,0,0,0,0,2,0,0,3,0,2,2,3,0,0,0,0,0.0,0.0,30.0,7.0,37.1,1.4,0.2222222222222222,0.0,0.0,30.0,5.0,35.9,0.5,0.1875,,,,,,,,-2.0,-4.0,-600.0,0.22727272727272727,0.4090909090909091,7,13,4.5,3.0,1716,1294,1167,,,,,,,,,,,,,,,-2.0,0.0,56.0,78.0,16.0,9.0,460.0,0.0,0.0,,,,1.2000000000000028,0.0
58,202107010303,0,0,0,6,0,0,1,0,0,0,0,0,0,0,0,2,0,0,0,0,0,0,0,0,0,0,0,1,0,0,0,0,0,0,0,0,0.0,0.0,12.0,11.0,37.3,2.8,1.0,0.0,0.0,14.0,11.0,38.5,1.7,0.8,0.0,0.0,11.0,13.0,40.9,4.4,0.9285714285714286,1.0,8.0,400.0,0.03125,0.28125,5,10,157.5,13.0,1222,257,1328,0.0,0.0,13.0,11.0,40.4,2.5,0.5,0.0,0.0,10.0,7.0,38.9,2.1,0.7333333333333333,-0.8,0.0,54.0,-168.0,16.0,12.0,476.0,0.0,-0.06666666666666667,0.07142857142857142,0.125,0.0,-0.5100000000000001,0.0
59,202107010303,3,3,4,34,2,5,8,43,0,0,0,1,2,0,1,11,0,1,2,12,0,0,0,0,0,0,0,4,0,0,2,5,0,0,0,0,0.0,0.0,4.0,7.0,40.0,1.8,0.6,0.0,0.0,12.0,14.0,42.3,5.1,1.0,0.0,0.0,12.0,6.0,38.7,1.4,0.625,-0.5,0.0,0.0,0.0,0.0,8,15,316.4,15.0,1393,1167,1263,0.0,0.0,9.0,4.0,38.9,1.8,0.7272727272727273,0.0,0.0,11.0,7.0,39.9,2.4,0.6363636363636364,-1.0,0.0,56.0,-565.0,16.0,10.0,500.0,0.0,0.0,0.0,-0.09090909090909091,0.09090909090909091,0.36000000000000015,0.0
60,202107010303,10,6,4,39,1,1,0,1,0,0,0,0,5,3,2,15,1,1,0,0,0,0,0,0,2,0,0,3,0,0,0,0,0,0,0,0,0.0,0.0,9.0,,,,,0.0,0.0,18.0,18.0,35.8,2.5,0.9444444444444444,0.0,0.0,14.0,13.0,40.4,3.3,0.9375,-5.0,3.0,200.0,0.07407407407407407,0.25925925925925924,8,16,185.4,14.0,1716,109,1167,0.0,0.0,12.0,11.0,36.5,2.4,1.0,,,,,,,,-3.5,0.0,56.0,-176.0,16.0,9.0,417.0,,0.0,0.0,0.0,,-0.3500000000000014,0.0
61,202107010303,0,1,2,18,9,2,7,87,0,0,0,0,0,0,0,5,0,0,2,23,0,0,0,0,0,0,0,0,0,0,0,9,0,0,0,0,0.0,0.0,9.0,,,,1.0,0.0,0.0,16.0,14.0,41.8,4.2,0.6875,0.0,0.0,16.0,16.0,36.9,3.2,0.8235294117647058,2.0,-13.0,0.0,0.16666666666666666,0.2777777777777778,2,4,444.2,16.0,1557,1263,1559,0.0,0.0,10.0,10.0,37.8,4.0,1.0,0.0,0.0,9.0,11.0,40.2,4.1,0.8333333333333334,-1.5,0.0,54.0,-862.0,16.0,10.0,427.0,0.0,0.1875,0.058823529411764705,0.0,-0.08333333333333333,0.38999999999999846,0.0
62,202107010303,1,0,1,5,5,6,1,67,0,0,0,0,0,0,0,2,1,0,0,18,0,0,0,0,0,0,0,2,0,0,0,5,0,0,0,0,0.0,0.0,14.0,11.0,35.2,0.9,0.625,0.0,0.0,10.0,14.0,36.8,1.4,0.0625,0.0,0.0,9.0,7.0,36.0,1.0,0.4444444444444444,-2.0,-6.0,200.0,0.0,0.125,1,1,63.9,9.0,1426,1013,306,0.0,0.0,9.0,15.0,43.4,4.5,0.0625,0.0,0.0,9.0,10.0,36.7,1.4,0.6923076923076923,-0.1,0.0,53.0,-216.0,16.0,16.0,438.0,0.0,0.0,-0.05555555555555555,0.0,0.0,-0.9600000000000002,0.0
63,202107010303,0,2,1,28,0,5,2,41,0,0,0,0,0,1,1,7,0,1,0,9,0,0,0,0,0,0,1,5,0,0,0,3,0,0,0,0,0.0,0.0,6.0,7.0,13.6,1.9,0.3333333333333333,0.0,0.0,1.0,7.0,13.7,2.8,0.5833333333333334,0.0,0.0,6.0,3.0,13.4,2.5,0.25,-2.0,-6.0,-1460.0,0.027777777777777776,0.08333333333333333,3,6,63.4,8.0,1090,1235,1169,0.0,0.0,1.0,4.0,13.4,2.2,0.25,0.0,0.0,6.0,4.0,13.1,0.7,0.21428571428571427,-0.9,0.2,56.0,-776.0,16.0,12.0,456.0,0.08333333333333333,0.08333333333333333,0.0,0.08333333333333333,-0.07142857142857142,0.1299999999999999,0.0
64,202107010306,0,0,0,4,5,6,1,67,0,0,0,0,0,0,0,1,1,0,0,18,0,0,0,0,0,0,0,0,0,0,0,0,0,0,0,0,0.0,0.0,3.0,1.0,39.8,0.0,0.4444444444444444,0.0,0.0,15.0,14.0,37.0,1.3,0.6666666666666666,0.0,0.0,15.0,15.0,39.0,2.7,0.8125,7.0,-6.0,0.0,0.05555555555555555,0.05555555555555555,6,11,22.8,9.0,1175,1013,882,0.0,0.0,16.0,8.0,37.4,1.1,0.9375,0.0,0.0,11.0,10.0,40.3,1.9,0.6875,1.2,0.2,56.0,-1373.0,16.0,9.0,480.0,-0.1111111111111111,0.06666666666666667,0.0,-0.1875,-0.375,-0.13999999999999985,0.0
65,202107010306,8,7,10,65,5,6,1,67,0,1,0,7,4,3,4,32,1,0,0,18,0,0,0,2,0,0,0,0,0,0,0,0,0,0,0,0,0.0,0.0,14.0,,,,0.9285714285714286,0.0,0.0,8.0,14.0,40.7,3.3,0.14285714285714285,0.0,0.0,6.0,7.0,38.0,1.7,0.38461538461538464,-7.0,0.0,-400.0,0.13043478260869565,0.2608695652173913,5,10,2.3,1.0,1576,1013,1577,0.0,0.0,7.0,4.0,37.1,0.5,0.2,0.0,0.0,6.0,4.0,38.0,0.4,0.3,-3.3,0.0,56.0,-595.0,16.0,14.0,462.0,0.07142857142857142,0.0,0.46153846153846156,0.0,-0.1,0.9000000000000007,0.0
66,202107010306,0,0,0,1,9,5,5,48,0,0,0,0,0,0,0,0,2,1,1,17,0,0,0,0,0,0,0,0,0,0,0,0,0,0,0,0,0.0,0.0,3.0,5.0,46.2,5.5,0.125,0.0,0.0,11.0,14.0,40.1,1.9,0.4,0.0,0.0,5.0,10.0,38.4,1.3,0.36363636363636365,2.5,-11.0,0.0,0.0,0.0,6,12,20.8,8.0,1368,1183,1167,0.0,0.0,4.0,11.0,37.3,2.4,0.18181818181818182,0.0,0.0,11.0,12.0,42.1,3.4,0.07692307692307693,1.1,0.0,56.0,-1287.0,16.0,8.0,497.0,0.375,0.13333333333333333,0.0,0.18181818181818182,0.07692307692307693,1.1000000000000008,0.0
67,202107010306,6,2,1,34,1,0,0,3,1,0,0,0,1,2,0,9,0,0,0,0,0,0,0,0,0,0,0,0,0,0,0,0,0,0,0,0,0.0,0.0,8.0,10.0,43.6,2.7,0.5,0.0,0.0,7.0,16.0,41.2,4.4,0.6875,0.0,0.0,5.0,11.0,38.3,1.5,0.6,0.5,26.0,0.0,0.2,0.36666666666666664,2,4,5.5,2.0,1228,1562,1108,0.0,0.0,10.0,16.0,39.5,4.1,0.4375,0.0,0.0,2.0,4.0,39.0,1.1,0.0625,-1.2,0.0,56.0,-675.0,16.0,10.0,546.0,0.2,0.0625,0.13333333333333333,0.5625,0.0,1.0900000000000005,0.0
68,202107010306,2,1,0,4,0,0,1,9,0,0,0,0,0,0,0,0,0,0,0,2,0,0,0,0,0,0,0,0,0,0,0,0,0,0,0,0,0.0,0.0,5.0,6.0,38.2,1.3,0.8333333333333334,0.0,0.0,11.0,8.0,36.3,1.0,0.8125,0.0,0.0,10.0,11.0,37.5,0.9,0.26666666666666666,2.5,-5.0,200.0,0.08823529411764706,0.23529411764705882,4,8,12.2,6.0,1601,1433,239,0.0,0.0,7.0,5.0,36.8,0.8,0.75,0.0,0.0,10.0,6.0,36.9,0.8,0.7692307692307693,-0.3,0.0,55.0,-1279.0,16.0,6.0,495.0,0.0,-0.1875,-0.06666666666666667,-0.125,0.0,0.21000000000000085,0.0
69,202107010306,0,0,1,7,1,3,6,20,0,0,0,0,0,0,1,4,0,1,2,8,0,0,0,0,0,0,0,0,0,0,0,0,0,0,0,0,0.0,0.0,8.0,5.0,40.4,1.2,1.0,0.0,0.0,12.0,12.0,39.0,2.8,0.8125,0.0,0.0,10.0,14.0,39.0,3.1,0.875,4.5,-9.0,100.0,0.15789473684210525,0.2631578947368421,8,15,223.1,14.0,1674,1376,1428,0.0,0.0,14.0,6.0,38.3,1.6,0.875,,,,,,,,0.5,0.0,56.0,-408.0,16.0,12.0,469.0,-0.4166666666666667,-0.0625,-0.0625,0.0,,0.6300000000000004,0.0
70,202107010306,2,2,2,30,0,0,0,2,0,0,0,0,0,0,0,3,0,0,0,1,0,0,0,0,0,0,0,0,0,0,0,0,0,0,0,0,0.0,0.0,6.0,15.0,37.9,1.8,0.1875,0.0,0.0,5.0,2.0,36.7,0.2,0.1875,0.0,0.0,7.0,3.0,36.7,0.5,0.4666666666666667,-6.0,-2.0,200.0,0.15384615384615385,0.23076923076923078,1,2,17.4,7.0,1503,715,1263,0.0,0.0,5.0,4.0,36.8,0.4,0.26666666666666666,0.0,0.0,8.0,2.0,37.2,0.4,0.25,-2.4,0.6,54.0,-1140.0,16.0,16.0,462.0,0.1875,0.0,0.0,0.0,0.0,0.12999999999999973,0.0
71,202107010306,2,4,2,21,2,2,0,22,0,0,0,0,0,0,0,3,0,0,0,5,0,0,0,0,0,0,0,0,0,0,0,0,0,0,0,0,0.0,0.0,5.0,1.0,40.1,0.0,0.3,0.0,0.0,7.0,10.0,40.7,2.0,0.13333333333333333,0.0,0.0,10.0,9.0,39.3,1.3,0.7142857142857143,4.0,19.0,0.0,0.0,0.06451612903225806,2,3,7.5,3.0,1152,1014,1428,0.0,0.0,6.0,1.0,37.7,0.0,0.0625,0.0,0.0,3.0,8.0,38.9,1.6,0.5,0.5,0.4,55.0,-634.0,16.0,10.0,543.0,-0.2,0.0,-0.21428571428571427,0.0,0.0,0.5400000000000006,0.0
72,202107010306,2,2,7,36,0,0,0,0,0,0,0,0,1,0,2,9,0,0,0,0,0,0,0,0,0,0,0,0,0,0,0,0,0,0,0,0,0.0,0.0,8.0,10.0,48.1,7.0,0.1,0.0,0.0,5.0,8.0,37.4,1.6,0.4166666666666667,0.0,0.0,3.0,3.0,36.7,0.3,0.16666666666666666,-3.5,-3.0,0.0,0.0,0.16,3,6,52.4,10.0,1127,289,1328,0.0,0.0,7.0,7.0,39.4,0.9,0.06666666666666667,0.0,0.0,10.0,9.0,39.4,1.7,0.25,-0.3,0.2,54.0,-973.0,16.0,10.0,469.0,0.5,0.08333333333333333,0.0,0.0,0.0,1.5400000000000005,0.0
73,202107010306,0,0,1,19,0,5,2,41,0,0,0,0,0,0,0,9,0,1,0,9,0,0,0,0,0,0,0,0,0,0,0,0,0,0,0,0,0.0,0.0,100.0,,,,0.5833333333333334,0.0,0.0,110.0,13.0,39.6,2.7,0.9375,0.0,0.0,120.0,11.0,38.5,2.8,0.875,-2.0,14.0,0.0,0.046511627906976744,0.16279069767441862,7,13,141.6,12.0,1571,1235,1108,0.0,0.0,90.0,6.0,35.5,0.9,0.8333333333333334,0.0,0.0,120.0,10.0,39.6,2.0,0.375,-1.4,0.0,56.0,-496.0,16.0,12.0,490.0,0.08333333333333333,-0.125,-0.125,0.0,0.0,0.3,0.0
74,202107010306,0,0,0,0,0,0,0,0,0,0,0,0,0,0,0,0,0,0,0,0,0,0,0,0,0,0,0,0,0,0,0,0,0,0,0,0,0.0,0.0,10.0,11.0,36.6,2.2,0.5,0.0,0.0,12.0,13.0,40.0,3.1,0.13333333333333333,0.0,0.0,8.0,10.0,39.3,2.2,0.5333333333333333,-0.5,-6.0,400.0,0.36363636363636365,0.6363636363636364,7,14,9.5,5.0,491,832,939,0.0,0.0,12.0,16.0,45.4,7.0,0.0625,0.0,0.0,5.0,11.0,39.8,2.2,0.375,0.3,0.0,54.0,-237.0,16.0,14.0,474.0,0.0,0.06666666666666667,0.06666666666666667,0.3125,0.0,-1.179999999999999,0.0
75,202107010306,0,0,0,1,1,1,0,2,0,0,0,0,0,0,0,1,0,0,0,0,0,0,0,0,0,0,0,0,0,0,0,0,0,0,0,0,0.0,0.0,11.0,,,,0.25,0.0,0.0,4.0,12.0,39.4,2.4,0.75,,,,,,,,,2.0,-400.0,0.03225806451612903,0.2903225806451613,4,7,7.9,4.0,1122,332,1,,,,,,,,,,,,,,,,0.0,54.0,-13.0,16.0,12.0,474.0,0.75,0.0625,,,,,0.0
76,202107010306,0,0,0,3,0,0,1,11,0,0,0,0,0,0,0,2,0,0,0,2,0,0,0,0,0,0,0,0,0,0,0,0,0,0,0,0,0.0,0.0,3.0,4.0,41.3,1.5,0.1111111111111111,0.0,0.0,16.0,16.0,39.9,4.8,0.8125,0.0,0.0,14.0,14.0,37.7,2.3,1.0,5.0,-2.0,0.0,0.0,0.0,8,16,174.2,13.0,1629,1721,1428,0.0,0.0,13.0,13.0,39.8,2.5,0.5,,,,,,,,2.5,0.0,56.0,-391.0,16.0,9.0,418.0,0.3333333333333333,0.0,-0.06666666666666667,0.125,,0.6699999999999996,0.0
77,202107010306,0,0,0,4,4,2,1,43,0,0,0,0,0,0,0,2,1,2,1,13,0,0,0,0,0,0,0,0,0,0,0,0,0,0,0,0,0.0,0.0,15.0,15.0,41.6,6.0,1.0,0.0,0.0,14.0,15.0,39.5,3.3,0.6875,0.0,0.0,16.0,14.0,39.6,2.6,0.75,-0.5,-4.0,0.0,0.0,0.13333333333333333,5,9,258.4,16.0,1230,1405,1576,,,,,,,,,,,,,,,-0.5,0.0,55.0,-20.0,16.0,15.0,452.0,0.0,0.0625,-0.125,,,1.0,0.0
78,202107010306,0,0,0,1,2,2,1,34,0,0,0,0,0,0,0,0,0,1,0,9,0,0,0,0,0,0,0,0,0,0,0,0,0,0,0,0,0.0,0.0,80.0,8.0,41.2,3.4,0.4,0.0,0.0,110.0,15.0,38.5,2.6,1.0,,,,,,,,7.0,17.0,0.0,0.15789473684210525,0.6842105263157895,1,1,97.2,11.0,1672,1482,1167,,,,,,,,,,,,,,,7.0,0.0,56.0,-646.0,16.0,10.0,473.0,0.3,0.0,,,,2.700000000000003,0.0
79,202107010306,0,3,0,1,2,2,1,10,0,0,0,0,0,0,0,0,2,2,1,1,0,0,0,0,0,0,0,0,0,0,0,0,0,0,0,0,0.0,0.0,15.0,16.0,42.0,5.5,0.9375,,,,,,,,,,,,,,,,,0.0,0.0,0.1111111111111111,3,5,227.2,15.0,1465,1124,1328,,,,,,,,,,,,,,,,0.0,54.0,0.0,16.0,16.0,412.0,-0.0625,,,,,,
80,202107010409,2,1,0,13,1,0,1,23,0,0,0,0,1,1,0,5,1,0,0,7,0,0,0,0,0,0,0,0,0,0,0,0,0,0,0,0,0.0,0.0,40.0,20.0,36.1,0.3,0.6666666666666666,0.0,0.0,140.0,140.0,39.7,5.9,1.0,0.0,0.0,130.0,160.0,37.4,3.3,0.9375,70.0,16.0,200.0,0.1935483870967742,0.3548387096774194,7,13,8.1,4.0,1200,1221,324,0.0,0.0,160.0,150.0,35.4,1.8,1.0,0.0,0.0,110.0,80.0,35.9,1.1,1.0,13.0,0.0,57.0,-1283.0,16.0,9.0,514.0,-0.1111111111111111,0.0,0.0625,0.0,0.0,0.470000000000001,0.0
81,202107010409,10,6,4,39,2,0,1,15,1,0,0,0,5,3,2,15,0,0,0,5,0,0,0,0,0,0,0,2,0,0,0,0,0,0,0,0,0.0,0.0,14.0,14.0,35.3,1.9,0.8571428571428571,0.0,0.0,8.0,5.0,34.4,1.0,1.0,0.0,0.0,11.0,12.0,37.3,2.3,0.8125,-1.0,-2.0,-200.0,0.125,0.5,1,1,4.6,2.0,1716,1503,1167,0.0,0.0,14.0,11.0,37.2,1.0,0.75,0.0,0.0,10.0,4.0,36.3,0.8,0.8571428571428571,-1.4,0.0,57.0,-769.0,16.0,14.0,504.0,-0.14285714285714285,0.0,0.0,-0.125,0.0,-0.4800000000000004,0.0
82,202107010409,0,0,0,1,6,4,8,59,0,0,0,1,0,0,0,1,1,1,4,18,0,0,0,1,0,0,0,0,0,0,0,1,0,0,0,0,0.0,0.0,15.0,12.0,35.9,1.1,1.0,0.0,0.0,16.0,7.0,36.2,1.8,0.9375,0.0,0.0,15.0,15.0,37.6,1.8,0.875,1.5,-6.0,0.0,0.07142857142857142,0.42857142857142855,8,15,10.9,7.0,1384,1559,1014,0.0,0.0,16.0,15.0,37.3,1.3,0.875,0.0,0.0,4.0,15.0,40.1,2.9,0.8125,1.4,0.0,56.0,-789.0,16.0,16.0,524.0,0.0,-0.0625,0.0,-0.0625,-0.0625,-0.95,0.0
83,202107010409,5,9,7,47,4,6,9,67,0,0,1,5,3,3,3,19,1,1,2,15,0,0,1,2,0,1,1,2,0,0,1,3,0,0,1,1,0.0,0.0,,,,,,0.0,0.0,160.0,14.0,36.7,1.5,0.875,0.0,0.0,130.0,13.0,38.1,2.7,1.0,-1.0,-11.0,0.0,0.02702702702702703,0.08108108108108109,1,2,4.2,1.0,1172,1558,1556,0.0,0.0,100.0,11.0,38.8,3.0,0.8181818181818182,0.0,0.0,150.0,15.0,37.8,1.8,0.75,0.1,0.0,56.0,-1211.0,16.0,7.0,451.0,,0.0,0.0,0.0,-0.0625,-0.39999999999999786,0.0
84,202107010409,8,7,10,65,4,2,1,43,0,1,0,4,4,3,4,32,1,2,1,13,0,1,0,4,0,0,0,3,0,0,1,2,0,0,0,1,0.0,0.0,,,,,,0.0,0.0,90.0,7.0,37.8,0.9,0.7857142857142857,0.0,0.0,70.0,7.0,36.5,0.9,0.16666666666666666,0.0,,-100.0,0.07407407407407407,0.24074074074074073,2,4,24.1,9.0,1576,1405,1577,0.0,0.0,130.0,6.0,38.3,0.7,0.75,0.0,0.0,100.0,8.0,37.4,0.8,0.75,0.2,0.0,55.0,-599.0,16.0,11.0,,,-0.21428571428571427,0.0,-0.25,-0.125,-0.060000000000000143,0.0
85,202107010409,2,4,2,28,0,0,0,2,0,0,0,1,1,1,1,8,0,0,0,2,0,0,0,1,0,0,0,2,0,0,0,0,0,0,0,0,0.0,0.0,30.0,1.0,37.1,0.0,0.15384615384615385,0.0,0.0,30.0,6.0,37.6,0.8,0.4375,0.0,0.0,20.0,3.0,37.9,0.8,0.4375,1.0,-2.0,0.0,0.0,0.11764705882352941,4,8,79.7,14.0,1009,1645,298,0.0,0.0,10.0,3.0,37.8,0.4,0.125,0.0,0.0,20.0,3.0,37.7,0.1,0.5,0.1,0.8,56.0,30.0,16.0,13.0,494.0,0.0,-0.0625,-0.125,0.0,-0.0625,-0.13999999999999985,0.0
86,202107010409,0,0,0,0,0,0,0,0,0,0,0,0,0,0,0,0,0,0,0,0,0,0,0,0,0,0,0,0,0,0,0,0,0,0,0,0,0.0,0.0,5.0,4.0,38.9,1.3,0.4444444444444444,0.0,0.0,13.0,11.0,38.8,0.9,0.7333333333333333,0.0,0.0,6.0,15.0,38.5,2.4,0.4375,5.5,-15.0,200.0,0.15,0.65,5,9,10.6,5.0,434,7,482,0.0,0.0,8.0,14.0,35.1,1.5,0.875,0.0,0.0,3.0,10.0,36.3,0.4,0.875,1.5,0.0,57.0,-1287.0,16.0,9.0,521.0,-0.1111111111111111,0.06666666666666667,0.0,0.125,-0.0625,0.8899999999999999,0.0
87,202107010409,2,4,2,21,1,0,0,3,0,0,0,0,0,0,0,3,0,0,0,1,0,0,0,0,0,0,0,0,0,0,0,0,0,0,0,0,0.0,0.0,10.0,8.0,38.7,1.6,0.8,0.0,0.0,7.0,6.0,35.9,0.9,0.07142857142857142,0.0,0.0,6.0,7.0,34.8,0.7,0.8888888888888888,-0.5,2.0,0.0,0.045454545454545456,0.1590909090909091,4,7,29.3,10.0,1152,351,1428,0.0,0.0,7.0,5.0,34.6,0.3,0.3,0.0,0.0,3.0,13.0,36.1,1.2,0.25,0.9,0.0,54.0,0.0,16.0,15.0,512.0,-0.06666666666666667,0.0,-0.1111111111111111,0.0,-0.0625,0.65,0.0
88,202107010409,3,3,4,34,2,0,1,1,1,0,1,0,2,0,1,11,2,0,1,0,1,0,1,0,1,0,0,1,0,0,0,0,0,0,0,0,0.0,0.0,8.0,13.0,38.5,2.4,0.25,0.0,0.0,12.0,2.0,37.9,0.4,0.25,0.0,0.0,7.0,13.0,40.3,2.5,0.5384615384615384,0.0,10.0,0.0,0.09090909090909091,0.18181818181818182,5,10,70.0,12.0,1393,402,1263,0.0,0.0,11.0,8.0,37.3,1.3,0.2,0.0,0.0,9.0,14.0,38.7,2.8,0.2,0.8,0.2,57.0,-447.0,16.0,16.0,564.0,0.0,0.0625,0.07692307692307693,0.06666666666666667,0.06666666666666667,0.019999999999999574,0.0
89,202107010409,2,1,4,28,2,0,1,1,1,0,0,0,1,0,0,8,2,0,1,0,1,0,0,0,0,0,0,1,0,0,0,0,0,0,0,0,0.0,0.0,10.0,1.0,40.5,0.0,0.2222222222222222,0.0,0.0,130.0,12.0,36.8,1.3,0.5625,0.0,0.0,150.0,10.0,36.7,2.0,0.5625,4.5,4.0,0.0,0.10638297872340426,0.23404255319148937,8,16,12.8,8.0,1348,402,1221,0.0,0.0,80.0,13.0,38.3,1.6,0.5333333333333333,0.0,0.0,110.0,6.0,36.8,0.5,0.1875,1.1,0.2,56.0,-1377.0,16.0,9.0,530.0,0.0,0.0625,0.0,0.06666666666666667,-0.0625,0.5900000000000005,0.0
90,202107010409,1,0,0,1,1,0,0,1,1,0,0,1,1,0,0,1,1,0,0,1,1,0,0,1,0,0,0,0,0,0,0,0,0,0,0,0,0.0,0.0,5.0,7.0,38.3,1.0,0.36363636363636365,0.0,0.0,8.0,15.0,41.6,3.7,0.26666666666666666,0.0,0.0,11.0,16.0,40.2,3.5,0.625,4.5,24.0,200.0,0.030303030303030304,0.2727272727272727,2,3,35.6,11.0,225,489,1551,0.0,0.0,11.0,11.0,40.5,2.8,0.4,0.0,0.0,5.0,5.0,37.2,0.7,0.2,-0.8,0.0,56.0,-283.0,16.0,11.0,498.0,0.0,0.13333333333333333,0.0625,0.13333333333333333,-0.06666666666666667,0.329999999999999,0.0
91,202107010409,3,1,2,29,1,0,1,23,0,0,0,1,0,0,1,8,1,0,0,7,0,0,0,0,0,0,0,3,0,0,0,0,0,0,0,0,0.0,0.0,4.0,5.0,43.1,2.6,0.16666666666666666,0.0,0.0,8.0,13.0,38.5,3.5,0.75,0.0,0.0,14.0,8.0,36.1,1.4,0.9333333333333333,1.5,7.0,0.0,0.0,0.10714285714285714,3,5,177.2,15.0,1403,1221,939,0.0,0.0,8.0,10.0,37.3,1.3,0.8,0.0,0.0,9.0,6.0,36.9,0.5,0.625,-0.1,0.0,57.0,-1293.0,16.0,12.0,439.0,0.08333333333333333,-0.0625,-0.2,0.0,-0.25,1.3600000000000008,0.0
92,202107010409,3,3,4,34,1,0,0,1,1,0,0,1,2,0,1,11,0,0,0,0,0,0,0,0,1,0,0,1,0,0,0,0,0,0,0,0,0.0,0.0,60.0,11.0,39.3,1.4,0.3125,0.0,0.0,80.0,8.0,37.5,0.6,0.1875,0.0,0.0,130.0,7.0,37.5,0.5,0.0625,-2.0,-4.0,0.0,0.05,0.2,3,6,74.4,13.0,1393,580,1263,0.0,0.0,100.0,11.0,37.0,0.9,0.5714285714285714,0.0,0.0,100.0,15.0,37.8,2.0,0.4375,1.1,0.0,57.0,-474.0,16.0,16.0,456.0,0.125,0.0625,0.0,-0.07142857142857142,0.125,0.35,0.0
93,202107010409,1,0,0,2,0,0,0,0,0,0,0,0,0,0,0,0,0,0,0,0,0,0,0,0,0,0,0,0,0,0,0,0,0,0,0,0,0.0,0.0,12.0,6.0,38.0,0.6,1.0,0.0,0.0,14.0,13.0,33.7,0.6,0.7777777777777778,0.0,0.0,9.0,5.0,34.7,0.1,0.4444444444444444,-0.5,1.0,0.0,0.0,0.07142857142857142,6,11,10.9,6.0,941,499,420,0.0,0.0,6.0,16.0,35.3,1.7,0.6875,0.0,0.0,1.0,1.0,33.6,0.0,0.25,-0.7,0.2,56.0,-1242.0,16.0,16.0,495.0,-0.125,-0.05555555555555555,0.0,0.0625,-0.08333333333333333,0.7200000000000003,0.0
94,202107010409,0,2,0,27,0,0,0,1,0,0,0,0,0,0,0,7,0,0,0,1,0,0,0,0,0,0,0,0,0,0,0,0,0,0,0,0,0.0,0.0,8.0,12.0,36.1,2.1,0.8,0.0,0.0,9.0,6.0,35.9,0.8,0.5625,0.0,0.0,10.0,9.0,34.0,0.6,0.7058823529411765,-1.5,0.0,0.0,0.125,0.2916666666666667,6,12,5.7,3.0,1645,1205,1366,0.0,0.0,7.0,11.0,38.9,1.1,0.0625,0.0,0.0,3.0,15.0,42.0,4.3,0.4,1.1,0.0,56.0,-530.0,16.0,15.0,512.0,0.0,0.0,-0.058823529411764705,0.0,0.13333333333333333,-1.4799999999999998,0.0
95,202107010409,12,4,5,37,3,4,3,30,1,1,0,1,6,3,0,8,1,1,1,10,0,1,0,1,0,1,0,1,0,1,0,1,0,1,0,0,0.0,0.0,90.0,9.0,38.3,2.7,1.0,0.0,0.0,20.0,14.0,38.5,1.9,0.4,0.0,0.0,30.0,9.0,36.2,1.0,0.7333333333333333,0.0,4.0,100.0,,,7,14,,,1520,1618,695,0.0,0.0,20.0,7.0,36.8,0.6,0.75,0.0,0.0,,,,,,-1.1,0.0,54.0,-286.0,16.0,10.0,528.0,-0.1,0.0,-0.06666666666666667,0.0,,0.6799999999999997,0.0
96,202107010411,6,2,1,34,0,0,0,0,0,0,0,0,1,2,0,9,0,0,0,0,0,0,0,0,0,0,0,0,0,0,0,0,0,0,0,0,0.0,0.0,1.0,2.0,40.7,1.4,0.5714285714285714,0.0,0.0,8.0,14.0,38.5,2.5,0.5,0.0,0.0,3.0,14.0,38.0,2.4,0.25,6.0,-1.0,0.0,0.14285714285714285,0.21428571428571427,4,7,7.9,5.0,1228,477,1108,0.0,0.0,5.0,2.0,35.0,0.4,0.0625,0.0,0.0,6.0,1.0,35.8,0.0,0.5,-1.4,0.6,56.0,-1238.0,16.0,7.0,543.0,-0.2857142857142857,0.0,-0.0625,0.0,-0.0625,1.3300000000000012,0.0
97,202107010411,3,3,4,34,1,0,0,3,0,0,0,0,2,0,1,11,0,0,0,1,0,0,0,0,0,0,0,0,0,0,0,0,0,0,0,0,0.0,0.0,10.0,,,,,0.0,0.0,60.0,6.0,35.7,1.0,0.125,0.0,0.0,50.0,11.0,38.0,1.0,0.25,5.0,17.0,-200.0,0.029411764705882353,0.2647058823529412,7,13,10.9,7.0,1393,351,1263,0.0,0.0,50.0,4.0,37.3,0.2,0.6875,0.0,0.0,40.0,3.0,36.8,0.4,0.125,-1.6,0.25,56.0,-1244.0,16.0,8.0,477.0,,0.0,0.0,-0.1875,0.0,-0.259999999999998,0.0
98,202107010411,3,4,3,30,2,1,0,32,1,0,0,3,2,1,1,12,2,1,0,15,1,0,0,3,0,0,0,0,0,0,0,0,0,0,0,0,0.0,0.0,14.0,4.0,36.3,0.1,0.9375,0.0,0.0,14.0,4.0,35.9,1.1,0.8,0.0,0.0,15.0,10.0,38.7,1.7,0.5333333333333333,3.0,22.0,0.0,0.0,0.0,6,12,25.4,9.0,1110,1366,938,0.0,0.0,18.0,14.0,34.4,1.1,0.6666666666666666,0.0,0.0,15.0,7.0,36.6,0.8,0.875,1.5999999999999999,0.0,56.0,-328.0,16.0,16.0,514.0,0.0,-0.06666666666666667,-0.13333333333333333,0.0,0.0,0.08999999999999915,0.0
99,202107010411,5,9,7,47,0,0,0,0,0,0,0,0,3,3,3,19,0,0,0,0,0,0,0,0,0,0,0,0,0,0,0,0,0,0,0,0,0.0,0.0,40.0,13.0,45.1,4.2,0.14285714285714285,0.0,0.0,90.0,2.0,36.6,0.3,0.46153846153846156,0.0,0.0,80.0,11.0,38.7,1.9,0.4,-1.0,8.0,-200.0,0.2727272727272727,0.36363636363636365,2,4,6.8,4.0,1172,1335,1556,0.0,0.0,20.0,11.0,39.2,2.4,0.4375,0.0,0.0,30.0,5.0,38.1,0.4,0.2,-0.7,0.2,57.0,-1270.0,16.0,14.0,506.0,0.2857142857142857,-0.15384615384615385,0.0,0.0,0.0,1.14,0.0
100,202107010411,3,3,3,35,6,4,8,59,0,0,0,2,0,0,2,15,1,1,4,18,0,0,0,1,0,0,0,0,0,0,0,0,0,0,0,0,0.0,0.0,4.0,10.0,39.9,2.0,0.5833333333333334,0.0,0.0,12.0,13.0,36.6,1.6,0.6923076923076923,0.0,0.0,15.0,11.0,37.3,1.0,0.75,0.5,11.0,100.0,0.15625,0.25,7,14,5.7,2.0,1278,1559,625,0.0,0.0,9.0,14.0,37.8,1.8,0.42857142857142855,0.0,0.0,8.0,14.0,37.5,2.0,0.75,0.9,0.0,55.0,-1287.0,16.0,12.0,493.0,0.25,0.15384615384615385,0.125,0.5,0.125,0.36000000000000015,0.0
101,202107010411,3,3,4,34,1,0,0,6,0,0,0,0,2,0,1,11,1,0,0,2,0,0,0,0,0,0,0,0,0,0,0,0,0,0,0,0,0.0,0.0,1.0,3.0,35.0,0.5,0.75,0.0,0.0,1.0,3.0,34.9,0.7,0.6875,0.0,0.0,4.0,7.0,35.4,0.6,0.75,2.0,8.0,200.0,0.11764705882352941,0.5294117647058824,6,11,4.0,1.0,1393,225,1263,0.0,0.0,2.0,1.0,35.6,0.0,0.75,0.0,0.0,4.0,4.0,36.1,0.1,0.6875,0.0,0.6,56.0,-635.0,16.0,16.0,514.0,0.0,-0.0625,0.0,-0.1875,0.0,-0.2900000000000006,0.0
102,202107010411,0,0,0,1,0,0,0,2,0,0,0,1,0,0,0,0,0,0,0,0,0,0,0,0,0,0,0,0,0,0,0,0,0,0,0,0,0.0,0.0,1.0,1.0,38.4,0.0,0.5,0.0,0.0,16.0,13.0,36.1,1.2,0.875,0.0,0.0,13.0,12.0,36.2,0.8,0.8666666666666667,5.5,-7.0,0.0,0.0,0.0,3,5,192.2,16.0,322,14,578,0.0,0.0,16.0,7.0,36.5,1.2,0.9375,0.0,0.0,13.0,8.0,36.0,1.4,0.7692307692307693,0.8,0.2,58.0,-160.0,16.0,10.0,517.0,-0.2,0.0625,0.0,0.0,0.23076923076923078,0.43999999999999984,0.0
103,202107010411,6,11,8,58,0,0,0,4,0,0,0,0,1,2,3,24,0,0,0,1,0,0,0,0,0,0,0,0,0,0,0,0,0,0,0,0,0.0,0.0,12.0,14.0,38.3,2.7,0.42857142857142855,0.0,0.0,5.0,13.0,37.2,1.0,0.8125,0.0,0.0,15.0,16.0,38.5,2.1,0.125,1.0,-8.0,-300.0,0.0,0.1875,8,15,91.0,14.0,1221,178,1263,0.0,0.0,16.0,12.0,38.0,1.5,0.0625,0.0,0.0,11.0,15.0,41.5,3.4,0.0625,0.1,0.0,58.0,-544.0,16.0,14.0,482.0,0.5714285714285714,0.0,0.0,0.0,0.0,-0.7200000000000003,0.0
104,202107010411,6,4,3,42,9,2,7,87,0,0,0,3,1,2,0,9,0,0,2,23,0,0,0,0,0,0,0,0,0,0,0,0,0,0,0,0,0.0,0.0,14.0,10.0,37.2,1.2,0.7857142857142857,0.0,0.0,10.0,11.0,36.3,0.9,1.0,0.0,0.0,3.0,5.0,36.2,0.4,1.0,-2.5,-2.0,-300.0,0.044444444444444446,0.15555555555555556,1,1,66.3,13.0,1167,1263,460,0.0,0.0,7.0,1.0,36.5,0.0,0.75,0.0,0.0,5.0,1.0,36.0,0.0,1.0,-2.8,0.4,56.0,-573.0,16.0,14.0,496.0,-0.2857142857142857,-0.07142857142857142,-0.0625,-0.125,0.0,0.22000000000000028,0.0
105,202107010411,0,1,2,10,0,1,1,6,0,0,0,0,0,1,1,7,0,0,0,3,0,0,0,0,0,0,0,0,0,0,0,0,0,0,0,0,0.0,0.0,80.0,9.0,38.5,2.2,0.9,0.0,0.0,150.0,14.0,37.1,1.9,0.4,0.0,0.0,130.0,8.0,38.5,1.5,0.3333333333333333,-0.5,28.0,200.0,0.07142857142857142,0.25,1,2,28.5,10.0,1611,1592,1263,0.0,0.0,130.0,8.0,37.1,1.4,0.4375,0.0,0.0,140.0,3.0,37.5,0.5,0.75,-1.8,0.2,56.0,-1282.0,16.0,10.0,496.0,-0.1,0.0,0.13333333333333333,0.0,0.0,0.2,0.0
106,202107010411,6,2,1,34,2,0,0,4,0,0,0,0,1,2,0,9,0,0,0,0,0,0,0,0,0,0,0,0,0,0,0,0,0,0,0,0,0.0,0.0,6.0,6.0,37.2,0.7,0.8571428571428571,0.0,0.0,11.0,11.0,37.0,1.3,0.75,0.0,0.0,11.0,7.0,35.9,1.0,1.0,0.5,-10.0,200.0,0.0,0.0625,4,8,48.7,11.0,1228,1315,1108,0.0,0.0,6.0,10.0,35.3,1.1,0.8125,0.0,0.0,11.0,11.0,35.5,1.2,0.875,0.9,0.0,58.0,-905.0,16.0,7.0,502.0,-0.14285714285714285,0.0,0.0,0.0625,-0.125,0.5100000000000009,0.0
107,202107010411,8,7,10,65,5,7,5,56,0,1,0,3,4,3,4,32,2,1,3,19,0,0,0,0,0,0,0,0,0,0,0,0,0,0,0,0,0.0,0.0,5.0,4.0,38.8,1.1,0.08333333333333333,0.0,0.0,15.0,12.0,36.9,1.3,0.875,0.0,0.0,8.0,15.0,37.3,2.0,0.75,5.5,5.0,0.0,0.07272727272727272,0.23636363636363636,3,6,134.8,15.0,1576,1556,1577,0.0,0.0,15.0,5.0,35.9,1.0,0.625,0.0,0.0,5.0,8.0,36.6,1.1,1.0,0.1,0.0,57.0,-283.0,16.0,12.0,519.0,0.08333333333333333,-0.125,0.0,0.0,0.0,0.5399999999999991,0.0
108,202107010411,10,6,4,39,2,0,6,35,0,0,0,1,5,3,2,15,0,0,2,12,0,0,0,0,0,0,0,0,0,0,0,0,0,0,0,0,0.0,0.0,18.0,16.0,33.4,1.1,0.6666666666666666,0.0,0.0,11.0,10.0,36.2,0.8,0.4375,0.0,0.0,13.0,17.0,35.2,2.0,0.1111111111111111,0.5,0.0,200.0,0.10416666666666667,0.22916666666666666,5,9,5.9,3.0,1716,1345,1167,0.0,0.0,11.0,13.0,35.7,0.8,0.2222222222222222,0.0,0.0,8.0,15.0,34.3,2.0,0.9333333333333333,0.1,0.0,57.0,-1049.0,16.0,18.0,500.0,0.0,0.0625,0.0,-0.05555555555555555,0.0,-0.12999999999999973,0.0
109,202107010411,3,3,3,35,0,2,0,6,0,0,0,1,0,0,2,15,0,1,0,2,0,0,0,1,0,0,0,0,0,0,0,0,0,0,0,0,0.0,0.0,1.0,1.0,39.1,0.0,0.1111111111111111,0.0,0.0,14.0,14.0,35.9,1.6,0.9375,0.0,0.0,15.0,11.0,36.4,1.6,0.75,5.0,-11.0,0.0,0.14285714285714285,0.6190476190476191,2,3,20.9,8.0,1278,1511,625,0.0,0.0,12.0,15.0,39.5,2.5,0.3333333333333333,0.0,0.0,11.0,8.0,36.1,1.0,0.8125,1.5,0.2,57.0,-1238.0,16.0,9.0,481.0,0.0,0.0,0.125,0.13333333333333333,0.125,0.23999999999999985,0.0
110,202107010411,0,0,0,2,1,0,1,25,0,0,0,0,0,0,0,2,1,0,0,7,0,0,0,0,0,0,0,0,0,0,0,0,0,0,0,0,0.0,0.0,4.0,1.0,34.9,0.0,0.07142857142857142,0.0,0.0,12.0,15.0,38.4,1.7,0.125,0.0,0.0,11.0,14.0,35.5,1.6,0.3125,6.5,7.0,400.0,0.0,0.09090909090909091,8,16,54.6,12.0,1698,1170,1366,0.0,0.0,11.0,8.0,34.9,0.3,0.058823529411764705,0.0,0.0,2.0,1.0,34.2,0.0,0.07142857142857142,-0.7,0.4,56.0,-288.0,16.0,14.0,481.0,0.0,0.0,0.125,0.0,0.0,0.48999999999999916,0.0
111,202107010411,1,0,0,5,1,1,0,0,1,0,0,0,0,0,0,1,0,0,0,0,0,0,0,0,0,0,0,0,0,0,0,0,0,0,0,0,0.0,0.0,100.0,10.0,42.3,1.5,0.23076923076923078,0.0,0.0,10.0,2.0,13.3,0.3,0.08333333333333333,0.0,0.0,30.0,3.0,13.0,0.3,0.3,-3.5,3.0,-200.0,0.12,0.28,5,10,9.8,6.0,1507,1418,593,0.0,0.0,150.0,15.0,40.7,2.9,0.125,0.0,0.0,130.0,12.0,41.3,3.5,0.13333333333333333,1.7,0.4,57.0,-1240.0,16.0,13.0,481.0,-0.07692307692307693,0.0,-0.1,0.0625,-0.06666666666666667,-2.5400000000000005,0.0
112,202107010502,4,3,6,43,6,4,8,59,0,0,0,0,1,0,1,8,1,1,4,18,0,0,0,0,0,0,1,3,0,0,0,5,0,0,0,0,0.0,0.0,3.0,7.0,39.3,1.9,0.625,0.0,0.0,13.0,13.0,37.6,1.6,0.875,0.0,0.0,11.0,12.0,35.9,2.3,0.9166666666666666,2.5,-8.0,-350.0,0.21212121212121213,0.3939393939393939,3,6,5.8,3.0,1691,1559,1167,0.0,0.0,13.0,12.0,34.5,0.7,1.0,0.0,0.0,11.0,11.0,34.5,1.3,0.16666666666666666,0.7,0.0,56.0,-1288.0,16.0,8.0,462.0,0.25,0.125,-0.08333333333333333,-0.07692307692307693,0.16666666666666666,1.2699999999999996,0.0
113,202107010502,0,3,0,13,0,0,0,0,0,0,0,0,0,1,0,3,0,0,0,0,0,0,0,0,0,0,0,0,0,0,0,0,0,0,0,0,0.0,0.0,6.0,11.0,42.0,3.0,0.36363636363636365,0.0,0.0,14.0,13.0,38.4,3.1,0.7333333333333333,0.0,0.0,10.0,6.0,37.2,1.1,0.8,-2.5,17.0,0.0,0.14285714285714285,0.23809523809523808,4,8,2.6,1.0,1317,1365,1186,0.0,0.0,11.0,6.0,37.7,0.9,0.42857142857142855,0.0,0.0,6.0,8.0,37.1,1.8,0.42857142857142855,-1.3,0.0,56.0,-1066.0,16.0,11.0,527.0,-0.09090909090909091,-0.13333333333333333,0.0,0.0,0.07142857142857142,1.0499999999999994,0.0
114,202107010502,12,4,5,37,5,6,1,67,1,0,0,1,6,3,0,8,1,0,0,18,0,0,0,0,4,1,0,3,0,0,0,5,0,0,0,0,0.0,0.0,10.0,10.0,39.3,1.2,0.6875,0.0,0.0,10.0,5.0,38.6,1.2,0.75,0.0,0.0,5.0,14.0,40.2,2.2,0.5625,2.0,6.0,-400.0,0.0,0.16666666666666666,4,7,11.9,6.0,1520,1013,695,0.0,0.0,3.0,4.0,37.0,0.8,0.3,0.0,0.0,6.0,6.0,36.8,1.3,0.42857142857142855,-0.9,0.0,56.0,-973.0,16.0,16.0,488.0,-0.0625,-0.1875,0.375,0.0,0.07142857142857142,0.6600000000000001,0.0
115,202107010502,0,2,1,6,0,0,0,2,0,0,0,1,0,1,1,4,0,0,0,1,0,0,0,0,0,1,0,4,0,0,0,0,0,0,0,0,0.0,0.0,3.0,9.0,36.9,1.2,0.8333333333333334,0.0,0.0,4.0,2.0,35.8,0.2,0.5,0.0,0.0,4.0,10.0,40.7,2.0,0.125,0.5,-4.0,400.0,0.0,0.1111111111111111,2,3,63.9,9.0,1020,91,1576,0.0,0.0,6.0,14.0,40.9,1.9,0.125,0.0,0.0,2.0,6.0,38.6,1.8,0.25,0.6,0.2,56.0,-162.0,16.0,12.0,446.0,-0.08333333333333333,0.0,0.0,0.0,0.0,-0.8500000000000008,0.0
116,202107010502,2,1,0,4,9,2,7,87,0,0,0,0,0,0,0,0,0,0,2,23,0,0,0,0,0,0,0,0,0,0,0,9,0,0,0,0,0.0,0.0,7.0,6.0,36.7,0.7,0.4375,0.0,0.0,2.0,10.0,37.2,0.8,0.5625,0.0,0.0,1.0,4.0,38.0,0.8,0.25,-1.0,-4.0,200.0,0.08823529411764706,0.17647058823529413,6,11,7.5,4.0,1601,1263,239,0.0,0.0,1.0,1.0,37.4,0.0,0.13333333333333333,0.0,0.0,2.0,4.0,39.2,0.7,0.1875,-1.3,0.2,54.0,-357.0,16.0,16.0,446.0,-0.0625,0.0,0.0,0.0,0.125,-0.5199999999999996,0.0
117,202107010502,0,0,1,21,9,2,7,87,0,0,0,4,0,0,0,9,0,0,2,23,0,0,0,4,0,0,0,5,0,0,0,9,0,0,0,2,0.0,0.0,100.0,4.0,38.8,0.3,0.5454545454545454,0.0,0.0,40.0,6.0,40.6,0.6,0.5714285714285714,0.0,0.0,60.0,7.0,38.7,0.9,0.6666666666666666,1.5,15.0,0.0,0.1111111111111111,0.25925925925925924,5,9,23.5,8.0,1489,1263,565,0.0,0.0,70.0,8.0,39.6,1.7,0.4375,0.0,0.0,80.0,6.0,39.4,1.0,0.3125,0.6,0.0,56.0,-1025.0,16.0,11.0,453.0,-0.18181818181818182,-0.14285714285714285,-0.16666666666666666,0.0,-0.0625,-0.020000000000000285,0.0
118,202107010502,0,2,0,5,6,4,8,59,0,0,0,1,0,1,0,2,1,1,4,18,0,0,0,1,0,0,0,2,0,0,0,5,0,0,0,1,0.0,0.0,100.0,7.0,39.1,2.7,0.9,0.0,0.0,110.0,12.0,42.1,5.9,0.5714285714285714,0.0,0.0,110.0,17.0,37.3,2.2,0.3333333333333333,5.0,31.0,0.0,0.07142857142857142,0.21428571428571427,3,5,193.7,15.0,1098,1559,1294,0.0,0.0,90.0,7.0,38.4,1.0,0.42857142857142855,0.0,0.0,150.0,7.0,39.0,1.1,0.4375,-0.5,0.0,56.0,-1284.0,16.0,10.0,479.0,-0.1,0.42857142857142855,0.05555555555555555,0.0,0.0625,0.39000000000000057,0.0
119,202107010502,0,2,0,27,0,0,0,0,0,0,0,0,0,0,0,7,0,0,0,0,0,0,0,0,0,0,0,1,0,0,0,0,0,0,0,0,0.0,0.0,7.0,6.0,38.1,1.2,0.8125,0.0,0.0,11.0,4.0,37.5,0.8,0.8571428571428571,0.0,0.0,11.0,8.0,39.7,1.3,0.3125,1.0,0.0,0.0,0.0,0.0,7,13,76.1,11.0,1645,1468,1366,0.0,0.0,17.0,8.0,34.5,0.7,1.0,0.0,0.0,10.0,10.0,35.0,1.2,1.0,1.2,0.0,54.0,-36.0,16.0,16.0,416.0,-0.125,-0.21428571428571427,0.0625,0.0,0.0,0.9200000000000003,0.0
120,202107010502,2,2,7,36,0,0,0,0,0,0,0,0,1,0,2,9,0,0,0,0,0,0,0,0,0,0,1,3,0,0,0,0,0,0,0,0,0.0,0.0,13.0,15.0,39.4,3.3,0.4375,0.0,0.0,13.0,8.0,35.4,1.0,0.8125,0.0,0.0,5.0,7.0,40.3,1.4,0.42857142857142855,-4.0,6.0,-600.0,0.0,0.15384615384615385,6,12,118.5,13.0,1127,613,1328,0.0,0.0,13.0,9.0,39.2,1.5,0.5625,0.0,0.0,12.0,15.0,36.8,2.2,1.0,0.1,0.0,54.0,-203.0,16.0,16.0,400.0,0.0625,0.0625,-0.07142857142857142,-0.0625,-0.375,0.13999999999999985,0.0
121,202107010502,5,4,6,48,2,5,8,43,0,0,0,3,1,0,1,12,0,1,2,12,0,0,0,0,0,0,0,2,0,0,2,5,0,0,0,0,0.0,0.0,1.0,7.0,42.9,3.3,0.125,0.0,0.0,6.0,3.0,13.5,0.3,0.2857142857142857,0.0,0.0,2.0,1.0,13.4,0.0,0.2727272727272727,-3.0,1.0,0.0,0.0,0.5,1,1,70.0,10.0,1183,1167,1558,0.0,0.0,8.0,3.0,13.6,1.4,0.14285714285714285,0.0,0.0,3.0,7.0,14.1,5.2,1.0,0.0,0.6,56.0,-1263.0,16.0,8.0,509.0,0.5,0.07142857142857142,0.0,0.07142857142857142,-0.1,5.75,0.0
122,202107010502,1,0,1,2,0,0,0,1,0,0,0,0,1,0,1,0,0,0,0,0,0,0,0,0,1,0,1,0,0,0,0,0,0,0,0,0,0.0,0.0,5.0,4.0,41.3,0.6,0.375,0.0,0.0,8.0,9.0,36.8,1.5,0.4,0.0,0.0,12.0,13.0,38.4,1.4,0.13333333333333333,4.5,9.0,170.0,0.3333333333333333,0.5833333333333334,2,4,4.2,2.0,1657,565,1317,0.0,0.0,8.0,5.0,35.8,0.6,0.42857142857142855,0.0,0.0,14.0,3.0,36.2,0.2,0.5,-0.6,0.2,54.0,-1280.0,16.0,8.0,465.0,0.0,0.1,0.2,0.0,0.16666666666666666,1.1199999999999988,0.0
123,202107010502,0,0,0,0,4,1,1,14,0,0,0,0,0,0,0,0,2,1,0,3,0,0,0,0,0,0,0,0,1,0,0,1,0,0,0,0,0.0,0.0,8.0,14.0,37.5,2.5,0.75,0.0,0.0,15.0,4.0,37.7,2.1,0.3125,0.0,0.0,15.0,12.0,36.8,2.1,0.8125,-1.0,2.0,250.0,0.0,0.0,1,2,265.6,16.0,1633,1393,1167,0.0,0.0,16.0,12.0,40.1,2.2,0.4375,0.0,0.0,10.0,10.0,39.2,2.1,0.5,0.0,0.0,56.0,-176.0,16.0,16.0,438.0,-0.0625,0.0625,-0.0625,0.0,0.0,-0.5800000000000004,0.0
124,202107010502,6,4,3,42,5,6,1,67,2,0,0,8,1,2,0,9,1,0,0,18,0,0,0,0,0,0,0,3,0,0,0,5,0,0,0,0,0.0,0.0,5.0,7.0,40.2,1.0,0.6,0.0,0.0,16.0,13.0,39.8,2.2,0.5,0.0,0.0,16.0,15.0,39.1,2.6,0.875,4.0,-4.0,-200.0,0.13043478260869565,0.5652173913043478,8,16,20.2,7.0,1167,1013,460,0.0,0.0,11.0,11.0,39.7,1.7,0.42857142857142855,0.0,0.0,11.0,8.0,38.6,1.1,0.125,0.0,0.0,56.0,-1181.0,16.0,10.0,456.0,0.0,-0.0625,0.125,0.07142857142857142,0.0625,0.32999999999999974,0.0
125,202107010502,0,1,2,18,4,2,1,43,0,0,0,0,0,0,0,5,1,2,1,13,0,0,0,0,0,0,0,0,0,2,0,5,0,0,0,0,0.0,0.0,11.0,4.0,39.3,0.6,0.09090909090909091,0.0,0.0,12.0,14.0,40.4,3.5,0.9375,0.0,0.0,12.0,12.0,36.6,3.0,0.7647058823529411,4.0,29.0,0.0,0.0,0.0,5,10,80.4,12.0,1557,1405,1559,,,,,,,,,,,,,,,4.0,0.0,56.0,-1281.0,16.0,11.0,505.0,0.0,0.0625,0.0,,,1.3499999999999979,0.0
126,202107010502,0,0,0,2,0,0,0,9,0,0,0,0,0,0,0,1,0,0,0,3,0,0,0,0,0,0,0,1,0,0,0,1,0,0,0,0,0.0,0.0,9.0,6.0,38.1,1.2,0.5333333333333333,0.0,0.0,5.0,15.0,41.6,3.9,0.5625,0.0,0.0,2.0,7.0,40.2,1.6,0.3125,0.5,2.0,200.0,0.0625,0.4375,7,14,11.8,5.0,1401,1145,517,0.0,0.0,1.0,4.0,38.4,1.0,0.375,0.0,0.0,4.0,3.0,38.1,0.5,0.25,-1.7,0.2,56.0,-84.0,16.0,15.0,458.0,-0.06666666666666667,0.125,0.0,0.0,-0.0625,0.3200000000000003,0.0
127,202107010502,0,2,0,8,4,5,7,53,0,1,0,0,0,1,0,1,1,2,2,9,0,0,0,0,0,0,0,1,0,2,2,3,0,0,0,0,0.0,0.0,9.0,9.0,43.0,4.9,0.6,0.0,0.0,14.0,16.0,42.8,5.4,0.75,0.0,0.0,4.0,12.0,45.5,5.3,0.06666666666666667,1.5,-10.0,0.0,0.10526315789473684,0.10526315789473684,8,15,157.0,14.0,1677,1294,1167,,,,,,,,,,,,,,,1.5,0.0,56.0,-229.0,16.0,10.0,460.0,0.1,0.125,0.4,,,-1.25,0.0
128,202107010504,2,1,0,4,0,0,0,5,0,0,0,0,0,0,0,0,0,0,0,2,0,0,0,0,0,0,0,0,0,0,0,0,0,0,0,0,0.0,0.0,1.0,1.0,39.5,0.0,0.2727272727272727,0.0,0.0,18.0,16.0,34.7,1.3,0.5555555555555556,0.0,0.0,3.0,11.0,13.6,5.5,0.14285714285714285,5.0,9.0,100.0,0.15151515151515152,0.24242424242424243,6,7,4.0,2.0,1601,1029,239,0.0,0.0,4.0,4.0,13.3,5.4,0.3,0.0,0.0,6.0,13.0,39.0,1.3,0.125,1.2,0.2,56.0,-1282.0,12.0,11.0,477.0,0.0,0.05555555555555555,0.5,-0.1,0.0,2.24,0.0
129,202107010504,1,0,0,6,0,0,0,0,0,0,0,0,1,0,0,2,0,0,0,0,0,0,0,0,0,0,0,1,0,0,0,0,0,0,0,0,0.0,0.0,150.0,12.0,38.9,1.3,0.5625,0.0,0.0,13.0,12.0,37.6,1.2,0.75,0.0,0.0,7.0,8.0,38.7,1.6,0.75,-2.0,10.0,-500.0,0.027777777777777776,0.2777777777777778,7,10,3.7,1.0,1548,1611,1328,0.0,0.0,13.0,3.0,37.7,0.9,0.6875,0.0,0.0,12.0,3.0,37.0,0.3,0.9375,-2.7,0.4,56.0,-1408.0,12.0,16.0,494.0,-0.3125,-0.3125,-0.3125,-0.125,-0.125,0.36999999999999955,0.0
130,202107010504,4,3,0,30,2,0,1,7,1,0,0,1,0,1,0,8,0,0,1,3,0,0,0,1,0,0,0,4,0,0,1,3,0,0,0,1,0.0,0.0,4.0,8.0,37.3,0.9,0.8125,0.0,0.0,3.0,1.0,36.7,0.0,0.6,0.0,0.0,15.0,11.0,36.3,1.1,0.75,1.5,0.0,-300.0,0.15789473684210525,0.2631578947368421,4,4,4.6,3.0,1561,1199,1263,0.0,0.0,8.0,10.0,38.4,0.9,0.375,0.0,0.0,4.0,2.0,37.1,0.0,0.5333333333333333,-0.3,0.4,56.0,-1268.0,12.0,16.0,504.0,-0.0625,-0.13333333333333333,-0.1875,0.0,-0.06666666666666667,-0.13000000000000042,0.0
131,202107010504,0,2,0,8,2,2,1,10,0,0,0,0,0,1,0,1,2,2,1,1,0,0,0,0,0,1,0,0,0,0,0,1,0,0,0,0,0.0,0.0,10.0,,,,1.0,0.0,0.0,10.0,8.0,36.7,0.9,0.875,0.0,0.0,6.0,7.0,35.9,1.0,0.8125,-1.0,-8.0,-300.0,0.0,0.3333333333333333,1,1,19.2,8.0,1677,1124,1167,0.0,0.0,8.0,13.0,37.9,1.4,0.5,0.0,0.0,6.0,7.0,36.0,0.6,0.625,0.3,0.0,56.0,-813.0,12.0,15.0,462.0,0.0,0.0625,-0.125,0.0,0.0,0.010000000000000852,0.0
132,202107010504,0,1,1,18,0,0,0,0,0,0,0,0,0,1,1,7,0,0,0,0,0,0,0,0,0,0,0,1,0,0,0,0,0,0,0,0,0.0,0.0,12.0,5.0,39.7,2.2,0.9166666666666666,0.0,0.0,10.0,11.0,38.0,1.5,0.9333333333333333,0.0,0.0,12.0,11.0,37.3,1.6,0.6875,3.0,-1.0,170.0,0.0,0.0,3,3,24.1,9.0,1095,1335,1221,0.0,0.0,13.0,6.0,37.5,0.6,0.7333333333333333,0.0,0.0,15.0,10.0,37.1,1.1,0.875,0.5,0.0,56.0,-1286.0,12.0,12.0,457.0,-0.16666666666666666,-0.06666666666666667,0.0,-0.13333333333333333,0.0,0.5700000000000003,0.0
133,202107010504,0,0,1,7,0,0,0,5,0,0,0,0,0,0,0,3,0,0,0,2,0,0,0,0,0,0,0,1,0,0,0,0,0,0,0,0,0.0,0.0,110.0,1.0,37.7,0.0,0.125,0.0,0.0,160.0,15.0,34.4,2.1,0.8333333333333334,,,,,,,,14.0,16.0,0.0,0.0,0.2857142857142857,5,6,10.4,5.0,1586,1029,1167,,,,,,,,,,,,,,,14.0,0.5,54.0,21.0,12.0,16.0,476.0,0.0,0.0,,,,3.3000000000000043,0.0
134,202107010504,12,4,5,37,2,5,8,43,0,0,0,0,6,3,0,8,0,1,2,12,0,0,0,0,1,0,0,2,0,1,0,4,0,0,0,0,0.0,0.0,2.0,2.0,42.0,0.1,0.6,0.0,0.0,13.0,11.0,41.5,3.1,0.06666666666666667,0.0,0.0,8.0,,,,0.09090909090909091,9.0,15.0,-200.0,0.0,0.0,8,11,49.0,12.0,1520,1167,695,0.0,0.0,9.0,14.0,14.5,10.6,0.7142857142857143,0.0,0.0,12.0,16.0,39.6,3.2,0.5625,4.5,0.25,56.0,-1284.0,12.0,10.0,501.0,-0.3,0.13333333333333333,0.6363636363636364,0.2857142857142857,0.0,3.4199999999999995,0.0
135,202107010504,10,6,4,39,4,6,9,67,0,1,1,4,5,3,2,15,1,1,2,15,0,1,0,1,3,1,1,3,1,0,0,3,0,0,0,0,0.0,0.0,7.0,5.0,37.9,0.8,0.2222222222222222,0.0,0.0,13.0,14.0,38.5,1.2,0.0625,0.0,0.0,6.0,9.0,37.4,1.3,0.07142857142857142,2.0,18.0,400.0,0.0,0.0,6,8,13.7,6.0,1716,1558,1167,0.0,0.0,8.0,11.0,39.2,2.5,0.125,0.0,0.0,3.0,4.0,38.6,1.1,0.125,-0.5,0.0,54.0,-648.0,12.0,9.0,462.0,0.0,0.0625,0.07142857142857142,0.0,0.0,-0.21000000000000085,0.0
136,202107010504,0,0,0,8,1,0,1,25,0,0,0,0,0,0,0,5,1,0,0,7,0,0,0,0,0,0,0,3,0,0,0,5,0,0,0,0,0.0,0.0,10.0,14.0,37.1,1.9,0.9375,0.0,0.0,11.0,12.0,38.9,1.4,0.6,0.0,0.0,6.0,9.0,37.8,2.2,0.6666666666666666,-2.5,-16.0,250.0,0.125,0.5416666666666666,7,9,32.9,11.0,1059,1170,1482,0.0,0.0,7.0,8.0,38.0,1.1,0.5333333333333333,0.0,0.0,8.0,8.0,37.2,2.0,0.7333333333333333,-1.6,0.0,54.0,-819.0,12.0,16.0,476.0,0.0,-0.06666666666666667,0.0,0.0,0.0,0.06999999999999958,0.0
137,202107010504,8,7,10,65,3,3,4,20,1,0,1,3,4,3,4,32,1,1,0,8,1,0,0,2,1,1,2,11,0,1,0,1,0,0,0,0,0.0,0.0,14.0,15.0,37.8,2.1,0.8125,0.0,0.0,14.0,14.0,39.0,3.9,0.6428571428571429,0.0,0.0,9.0,9.0,40.7,1.8,0.2222222222222222,-3.0,4.0,200.0,0.23529411764705882,0.4117647058823529,5,5,8.5,4.0,1576,1036,1577,0.0,0.0,16.0,15.0,39.7,2.7,0.375,0.0,0.0,9.0,11.0,38.1,1.4,0.75,-0.7,0.0,54.0,-729.0,12.0,16.0,492.0,0.0,0.0,0.3333333333333333,0.1875,0.0625,-0.13000000000000114,0.0
138,202107010504,8,7,10,65,4,2,1,43,0,1,0,4,4,3,4,32,1,2,1,13,0,1,0,4,1,1,2,11,1,0,0,5,0,0,0,1,0.0,0.0,15.0,7.0,36.7,0.6,0.4666666666666667,0.0,0.0,16.0,12.0,36.4,1.6,0.8125,0.0,0.0,15.0,12.0,37.1,1.9,0.75,2.5,-14.0,-300.0,0.0,0.1,2,2,16.7,7.0,1576,1405,1577,0.0,0.0,15.0,11.0,38.6,2.5,0.5625,0.0,0.0,14.0,13.0,37.3,2.2,1.0,1.1,0.0,56.0,-1274.0,12.0,15.0,472.0,-0.06666666666666667,0.0,0.1875,0.125,0.0,-0.33999999999999914,0.0
139,202107010504,12,4,5,37,4,1,1,14,1,0,0,0,6,3,0,8,2,1,0,3,1,0,0,0,1,0,0,2,1,1,0,2,0,0,0,0,0.0,0.0,100.0,13.0,34.9,1.1,0.7857142857142857,0.0,0.0,70.0,5.0,34.5,0.6,0.9,0.0,0.0,120.0,9.0,35.1,1.2,0.8333333333333334,-2.0,0.0,200.0,0.0,0.0,8,12,32.5,10.0,1520,1393,695,0.0,0.0,40.0,8.0,36.9,1.8,0.5,0.0,0.0,30.0,2.0,34.6,0.2,0.5,-1.9,0.2,54.0,28.0,12.0,14.0,432.0,0.07142857142857142,0.1,0.0,-0.1,0.1,-0.18000000000000044,0.0
140,202107010512,0,1,2,10,0,1,1,2,0,1,1,2,0,1,1,7,0,1,0,1,0,1,0,1,0,0,0,0,0,0,0,0,0,0,0,0,0.0,0.0,13.0,10.0,37.7,2.9,0.7142857142857143,0.0,0.0,16.0,15.0,36.5,1.5,0.875,0.0,0.0,14.0,15.0,41.1,4.7,0.5333333333333333,2.5,-19.0,400.0,0.038461538461538464,0.2692307692307692,5,10,299.5,16.0,1611,1047,1263,0.0,0.0,14.0,16.0,39.0,2.0,0.25,0.0,0.0,5.0,12.0,38.3,1.5,0.125,0.5,0.0,57.0,-1279.0,16.0,14.0,511.0,0.07142857142857142,0.0625,0.06666666666666667,0.1875,-0.0625,-0.3699999999999989,0.0
141,202107010512,2,1,0,13,1,0,1,23,0,0,0,0,1,1,0,5,1,0,0,7,0,0,0,0,0,0,0,0,0,0,0,0,0,0,0,0,0.0,0.0,40.0,20.0,36.1,0.3,0.6666666666666666,0.0,0.0,140.0,140.0,39.7,5.9,1.0,0.0,0.0,130.0,160.0,37.4,3.3,0.9375,70.0,16.0,200.0,0.21875,0.375,2,4,4.2,2.0,1200,1221,324,0.0,0.0,160.0,150.0,35.4,1.8,1.0,0.0,0.0,110.0,80.0,35.9,1.1,1.0,13.0,0.0,57.0,-1278.0,16.0,9.0,514.0,-0.1111111111111111,0.0,0.0625,0.0,0.0,0.470000000000001,0.0
142,202107010512,2,2,1,26,1,3,6,20,0,0,0,0,0,2,1,11,0,1,2,8,0,0,0,0,0,0,0,1,0,0,0,0,0,0,0,0,0.0,0.0,50.0,50.0,38.9,1.2,0.7142857142857143,0.0,0.0,150.0,80.0,37.4,0.6,0.4375,0.0,0.0,120.0,80.0,36.9,1.0,0.3125,15.0,-6.0,170.0,0.07407407407407407,0.18518518518518517,4,7,11.6,5.0,1665,1376,1577,0.0,0.0,130.0,60.0,36.7,1.1,0.5625,0.0,0.0,150.0,90.0,37.1,0.8,0.75,6.0,0.0,57.0,-1159.0,16.0,7.0,470.0,0.0,-0.0625,-0.0625,0.0625,0.0,0.429999999999999,0.0
143,202107010512,6,2,1,34,3,4,3,30,0,0,0,1,1,2,0,9,1,1,1,10,0,0,0,1,0,0,0,1,0,0,0,0,0,0,0,0,0.0,0.0,4.0,9.0,42.4,2.8,0.1,0.0,0.0,13.0,12.0,38.5,1.7,0.14285714285714285,0.0,0.0,13.0,13.0,38.6,2.1,0.6153846153846154,2.0,1.0,0.0,0.11538461538461539,0.2692307692307692,8,16,4.3,3.0,1228,1618,1108,0.0,0.0,16.0,8.0,35.2,0.8,0.8125,0.0,0.0,12.0,11.0,37.2,1.6,0.8461538461538461,0.0,0.0,56.0,-1193.0,16.0,10.0,505.0,0.0,0.0,0.07692307692307693,0.0,0.07692307692307693,1.3699999999999988,0.0
144,202107010512,0,0,0,5,2,2,1,10,0,0,0,0,0,0,0,1,2,2,1,1,0,0,0,0,0,0,0,0,0,0,0,0,0,0,0,0,0.0,0.0,11.0,7.0,36.2,0.4,0.25,0.0,0.0,5.0,15.0,38.7,2.1,0.5625,0.0,0.0,11.0,11.0,36.5,1.5,0.5,2.0,-8.0,0.0,,,2,3,21.2,7.0,1719,1124,1170,0.0,0.0,3.0,5.0,37.5,0.4,0.23076923076923078,0.0,0.0,12.0,10.0,38.3,1.3,0.125,-0.4,0.0,56.0,-1212.0,16.0,16.0,484.0,-0.0625,0.0625,-0.125,-0.07692307692307693,0.0,-0.2999999999999986,0.0
145,202107010512,6,11,8,58,6,4,8,59,0,0,1,1,1,2,3,24,1,1,4,18,0,0,0,1,0,0,0,0,0,0,0,1,0,0,0,0,0.0,0.0,,,,,,0.0,0.0,70.0,10.0,38.3,1.7,0.06666666666666667,0.0,0.0,40.0,12.0,39.0,1.1,0.0625,2.0,,0.0,0.1111111111111111,0.5,7,14,3.1,1.0,1221,1559,1263,0.0,0.0,20.0,7.0,37.5,1.3,0.125,0.0,0.0,10.0,6.0,37.8,0.6,0.1875,-1.7,0.0,56.0,-1193.0,16.0,10.0,,,0.0,0.0625,0.0625,0.0,0.3,0.0
146,202107010512,5,4,6,48,0,0,0,2,0,0,0,1,1,0,1,12,0,0,0,2,0,0,0,1,0,0,1,2,0,0,0,1,0,0,0,1,0.0,0.0,13.0,12.0,36.5,1.6,0.875,0.0,0.0,14.0,11.0,38.0,0.9,0.625,0.0,0.0,14.0,9.0,36.3,1.0,1.0,-1.5,0.0,200.0,0.02857142857142857,0.2857142857142857,6,12,17.5,6.0,1183,1645,1558,0.0,0.0,10.0,8.0,36.7,1.2,0.625,0.0,0.0,9.0,9.0,37.3,1.4,0.3125,-0.9,0.0,55.0,-470.0,16.0,16.0,446.0,0.0625,-0.0625,0.0,0.0625,0.0,-0.029999999999999714,0.0
147,202107010512,6,2,1,34,9,2,7,87,1,0,0,1,1,2,0,9,0,0,2,23,0,0,0,1,0,0,0,1,0,0,0,1,0,0,0,1,0.0,0.0,7.0,4.0,39.3,0.7,0.7,0.0,0.0,15.0,12.0,36.7,0.9,0.4,0.0,0.0,9.0,13.0,37.4,2.2,0.6875,4.5,3.0,-200.0,0.15,0.25,3,5,151.4,13.0,1228,1263,1108,0.0,0.0,11.0,14.0,36.8,1.2,0.25,0.0,0.0,11.0,12.0,37.2,1.6,0.5,1.8,0.0,55.0,-536.0,16.0,10.0,507.0,-0.2,0.13333333333333333,-0.0625,0.0625,0.0,0.4099999999999994,0.0
148,202107010512,1,2,2,10,0,1,0,1,0,1,0,0,0,1,1,6,0,1,0,0,0,1,0,0,0,0,0,0,0,0,0,0,0,0,0,0,0.0,0.0,1.0,1.0,38.6,0.0,0.2727272727272727,0.0,0.0,13.0,8.0,37.8,1.4,0.13333333333333333,0.0,0.0,11.0,15.0,33.3,1.4,0.8888888888888888,7.0,17.0,0.0,0.13636363636363635,0.5909090909090909,4,8,6.7,4.0,1148,1189,1393,0.0,0.0,6.0,11.0,36.4,0.8,0.25,0.0,0.0,3.0,7.0,32.7,0.4,0.5,1.5,0.2,56.0,-1246.0,16.0,11.0,489.0,-0.18181818181818182,0.0,,-0.0625,,1.3199999999999996,0.0
149,202107010512,6,11,8,58,0,0,0,7,0,0,0,2,1,2,3,24,0,0,0,2,0,0,0,1,0,0,0,0,0,0,0,0,0,0,0,0,0.0,0.0,120.0,4.0,36.4,0.3,0.75,0.0,0.0,100.0,11.0,36.3,1.4,0.875,0.0,0.0,100.0,10.0,36.7,0.9,0.8125,3.0,8.0,0.0,0.0,0.125,3,6,80.1,10.0,1221,1079,1263,0.0,0.0,130.0,11.0,39.0,1.6,0.6875,0.0,0.0,90.0,12.0,38.0,2.4,0.7857142857142857,1.6,0.0,57.0,-78.0,16.0,16.0,522.0,0.0,0.0625,0.0,0.125,0.0,-0.5900000000000005,0.0
150,202107010512,5,4,6,48,4,2,1,43,0,0,0,1,1,0,1,12,1,2,1,13,0,0,0,0,0,0,1,2,0,0,0,0,0,0,0,0,0.0,0.0,120.0,10.0,38.4,2.6,1.0,0.0,0.0,120.0,11.0,38.3,1.4,0.4,0.0,0.0,120.0,11.0,37.2,0.9,0.625,0.5,-17.0,0.0,0.06666666666666667,0.4666666666666667,7,13,118.5,12.0,1183,1405,1558,0.0,0.0,130.0,15.0,39.5,2.0,0.5625,0.0,0.0,150.0,16.0,38.9,2.2,0.375,1.6,0.0,57.0,-278.0,16.0,12.0,521.0,-0.08333333333333333,0.0,-0.0625,0.1875,0.0,-0.22000000000000028,0.0
151,202107010512,1,1,1,9,0,0,0,8,0,0,0,0,0,1,1,2,0,0,0,4,0,0,0,0,0,0,0,0,0,0,0,0,0,0,0,0,0.0,0.0,8.0,10.0,39.5,2.9,0.9,0.0,0.0,15.0,10.0,36.5,1.3,0.8125,0.0,0.0,15.0,9.0,37.2,1.0,0.5,-0.5,7.0,-300.0,0.0,0.0,8,15,89.0,11.0,1642,260,1124,0.0,0.0,14.0,11.0,36.6,1.1,0.8125,0.0,0.0,11.0,13.0,40.0,2.5,0.1875,0.7,0.0,57.0,-879.0,16.0,10.0,503.0,0.1,0.0625,0.125,0.0,0.5,-0.11000000000000014,0.0
152,202107010512,10,6,4,39,5,7,5,56,0,0,1,1,5,3,2,15,2,1,3,19,0,0,1,1,0,0,0,2,1,0,0,0,0,0,0,0,0.0,0.0,10.0,10.0,37.1,1.5,0.7272727272727273,0.0,0.0,14.0,13.0,36.9,1.8,0.75,0.0,0.0,14.0,9.0,36.9,0.9,0.1875,-0.5,4.0,200.0,0.0,0.0,6,11,28.2,9.0,1716,1556,1167,0.0,0.0,14.0,15.0,39.7,2.5,0.4375,0.0,0.0,6.0,1.0,36.8,0.0,0.0625,-1.6,0.2,57.0,-729.0,16.0,11.0,544.0,0.0,0.0625,0.0,0.1875,0.0,-0.21999999999999958,0.0
153,202107010512,0,0,1,2,1,2,2,11,0,0,1,1,0,0,1,1,0,1,1,6,0,0,1,0,0,0,0,0,0,0,0,0,0,0,0,0,0.0,0.0,14.0,12.0,37.9,2.6,1.0,0.0,0.0,16.0,14.0,37.1,1.7,0.875,0.0,0.0,13.0,13.0,37.0,2.2,0.8,0.5,2.0,0.0,0.0,0.0,5,9,190.8,14.0,1364,770,1104,0.0,0.0,14.0,4.0,36.8,0.8,0.8125,0.0,0.0,16.0,13.0,36.5,1.2,0.8125,-0.8,0.0,57.0,-666.0,16.0,14.0,478.0,-0.07142857142857142,0.0,0.0,0.0,-0.1875,0.31000000000000016,0.0
154,202107010512,0,1,0,4,4,5,7,53,0,0,0,0,0,0,0,2,1,2,2,9,0,0,0,0,0,0,0,0,0,0,0,0,0,0,0,0,0.0,0.0,14.0,12.0,36.1,1.5,1.0,0.0,0.0,9.0,8.0,36.2,1.2,0.6875,0.0,0.0,11.0,8.0,34.7,1.1,0.9375,-2.0,-2.0,0.0,0.0,0.0,1,1,26.2,8.0,1319,1294,334,0.0,0.0,13.0,9.0,35.9,0.6,1.0,0.0,0.0,12.0,3.0,37.3,0.3,0.625,-1.7,0.2,55.0,-617.0,16.0,16.0,488.0,0.0,-0.0625,0.0,0.0,0.125,-0.20999999999999872,0.0
155,202107010512,6,2,1,34,0,0,0,1,0,0,0,0,1,2,0,9,0,0,0,0,0,0,0,0,0,0,0,1,0,0,0,0,0,0,0,0,0.0,0.0,15.0,16.0,38.4,1.7,0.4375,0.0,0.0,15.0,15.0,37.7,2.1,0.6875,0.0,0.0,6.0,14.0,36.7,1.4,0.875,-1.0,-4.0,0.0,,,1,2,195.0,15.0,1228,1577,1108,0.0,0.0,9.0,6.0,35.8,0.4,0.75,0.0,0.0,6.0,15.0,40.5,2.8,0.125,-1.1,0.0,55.0,0.0,16.0,16.0,448.0,0.0,0.0625,0.0,0.0,0.0,-0.2299999999999997,0.0
156,202107010603,1,1,1,9,0,0,0,1,0,0,0,1,0,1,1,2,0,0,0,0,0,0,0,0,0,0,0,2,0,0,0,0,0,0,0,0,0.0,0.0,5.0,6.0,34.9,1.0,0.8125,0.0,0.0,4.0,1.0,36.3,0.0,1.0,0.0,0.0,1.0,1.0,36.9,0.0,0.6875,-2.5,-6.0,0.0,0.06666666666666667,0.2,5,10,174.8,16.0,1642,672,1124,0.0,0.0,3.0,2.0,37.0,0.1,0.9375,0.0,0.0,2.0,2.0,37.1,0.1,0.6875,-0.7000000000000001,0.8,54.0,-483.0,16.0,16.0,512.0,0.0625,0.0,-0.1875,0.0,0.0,-0.5100000000000009,0.0
157,202107010603,0,0,0,0,0,5,2,41,0,0,0,0,0,0,0,0,0,1,0,9,0,0,0,0,0,0,0,0,0,0,0,3,0,0,0,0,0.0,0.0,10.0,6.0,14.2,6.5,0.4,0.0,0.0,16.0,14.0,37.6,2.8,1.0,0.0,0.0,8.0,7.0,14.2,12.4,0.7777777777777778,0.5,10.0,-1510.0,0.07692307692307693,0.23076923076923078,7,14,18.6,5.0,1181,1235,1376,0.0,0.0,10.0,10.0,34.8,0.9,0.3,0.0,0.0,7.0,12.0,43.6,3.1,0.16666666666666666,0.8,0.0,53.0,-993.0,16.0,10.0,466.0,0.2,0.0,-0.1111111111111111,0.0,0.5833333333333334,-5.6,0.0
158,202107010603,3,3,0,10,2,0,1,15,0,0,0,1,0,0,0,4,0,0,0,5,0,0,0,0,0,0,0,0,0,0,0,3,0,0,0,0,0.0,0.0,6.0,7.0,41.0,1.3,1.0,0.0,0.0,17.0,7.0,34.1,0.6,0.8333333333333334,0.0,0.0,10.0,7.0,39.8,2.7,0.6428571428571429,0.0,-7.0,0.0,0.0,0.08333333333333333,8,15,35.4,8.0,1333,1503,1294,0.0,0.0,11.0,12.0,39.3,1.8,0.3125,0.0,0.0,8.0,12.0,38.2,2.1,0.8666666666666667,1.5,0.0,54.0,-1283.0,16.0,12.0,417.0,-0.25,-0.05555555555555555,0.14285714285714285,0.125,0.0,0.039999999999999855,0.0
159,202107010603,0,0,0,3,0,0,0,0,0,0,0,0,0,0,0,0,0,0,0,0,0,0,0,0,0,0,0,0,0,0,0,0,0,0,0,0,0.0,0.0,3.0,8.0,37.5,1.2,0.9375,0.0,0.0,1.0,4.0,38.1,0.5,0.3,0.0,0.0,1.0,2.0,37.2,0.3,0.25,-3.0,12.0,-400.0,0.1,0.45,4,7,5.3,3.0,314,812,324,0.0,0.0,1.0,3.0,38.1,0.7,0.3,0.0,0.0,3.0,3.0,38.0,0.1,0.5,-1.1,0.6,54.0,-672.0,16.0,16.0,534.0,-0.5,-0.1,0.0,-0.1,-0.07142857142857142,-0.1,0.0
160,202107010603,4,3,0,30,6,4,8,59,0,0,0,1,0,1,0,8,1,1,4,18,0,0,0,0,0,1,0,2,0,0,0,5,0,0,0,0,0.0,0.0,5.0,2.0,37.3,0.3,0.25,0.0,0.0,1.0,5.0,37.1,0.8,0.4375,0.0,0.0,11.0,10.0,34.8,0.9,0.16666666666666666,4.0,-2.0,200.0,0.21739130434782608,0.391304347826087,4,8,4.2,2.0,1561,1559,1263,0.0,0.0,12.0,5.0,36.5,1.0,0.6875,0.0,0.0,1.0,1.0,37.0,0.0,0.25,-0.2,0.4,54.0,-454.0,16.0,12.0,428.0,0.0,0.0,0.0,-0.125,-0.0625,0.11999999999999958,0.0
161,202107010603,10,6,4,39,0,1,0,14,0,0,0,0,5,3,2,15,0,0,0,6,0,0,0,0,2,0,0,3,0,0,0,3,0,0,0,0,0.0,0.0,1.0,6.0,40.2,1.1,0.0625,0.0,0.0,3.0,2.0,36.0,0.6,0.14285714285714285,,,,,,,,-4.0,-4.0,0.0,0.15,0.3,3,5,2.5,1.0,1716,1589,1167,,,,,,,,,,,,,,,-4.0,0.5,54.0,0.0,16.0,16.0,478.0,0.0,0.0,,,,4.200000000000003,0.0
162,202107010603,6,2,1,34,0,0,0,1,0,0,0,0,1,2,0,9,0,0,0,1,0,0,0,0,1,2,0,1,0,0,0,1,0,0,0,0,0.0,0.0,13.0,14.0,39.4,1.9,0.06666666666666667,0.0,0.0,5.0,15.0,39.8,2.2,0.0625,0.0,0.0,14.0,16.0,40.8,3.2,0.0625,1.0,-4.0,200.0,0.0,0.0,5,9,150.7,15.0,1228,1561,1108,0.0,0.0,6.0,1.0,37.2,0.0,0.08333333333333333,0.0,0.0,9.0,7.0,38.9,1.3,0.21428571428571427,-2.8,0.2,54.0,-741.0,16.0,15.0,486.0,0.0,0.0,0.0,0.0,-0.07142857142857142,0.35999999999999943,0.0
163,202107010603,2,1,0,4,0,0,2,7,0,0,0,0,0,0,0,0,0,0,0,3,0,0,0,0,0,0,0,0,0,0,0,2,0,0,0,0,0.0,0.0,8.0,6.0,42.5,0.8,0.1,0.0,0.0,18.0,8.0,33.7,0.9,0.9444444444444444,0.0,0.0,10.0,15.0,34.8,1.5,0.8888888888888888,4.5,7.0,0.0,0.0,0.08823529411764706,6,11,39.1,11.0,1601,1507,239,0.0,0.0,11.0,8.0,40.1,2.2,0.3125,0.0,0.0,11.0,8.0,39.1,1.2,0.625,0.4,0.0,53.0,-1250.0,16.0,10.0,443.0,0.0,-0.2222222222222222,0.05555555555555555,-0.0625,0.125,0.039999999999999855,0.0
164,202107010603,0,0,1,12,0,0,0,0,0,0,0,0,0,0,0,2,0,0,0,0,0,0,0,0,0,0,0,1,0,0,0,0,0,0,0,0,0.0,0.0,10.0,11.0,42.9,2.4,0.25,0.0,0.0,16.0,11.0,39.2,2.2,0.3125,0.0,0.0,10.0,8.0,35.2,1.3,0.3,-1.5,22.0,0.0,0.047619047619047616,0.19047619047619047,2,4,21.1,6.0,1713,1277,215,0.0,0.0,10.0,6.0,37.0,1.4,0.6,0.0,0.0,10.0,8.0,37.8,1.3,0.7272727272727273,-1.1,0.0,54.0,-1279.0,16.0,12.0,450.0,0.3333333333333333,0.125,0.1,0.1,0.2727272727272727,1.2400000000000007,0.0
165,202107010603,0,1,2,18,2,5,8,43,0,0,0,0,0,0,0,5,0,1,2,12,0,0,0,0,0,0,0,0,0,0,2,5,0,0,0,0,0.0,0.0,110.0,6.0,38.1,1.3,1.0,0.0,0.0,140.0,14.0,39.7,2.6,0.4375,0.0,0.0,100.0,11.0,39.2,2.3,0.4375,2.5,4.0,200.0,0.058823529411764705,0.4117647058823529,2,3,25.2,7.0,1557,1167,1559,0.0,0.0,60.0,3.0,39.4,0.9,0.3125,0.0,0.0,70.0,10.0,38.2,1.4,1.0,-0.3,0.2,54.0,-394.0,16.0,12.0,458.0,0.0,0.0,0.0625,0.0,0.0,0.010000000000000142,0.0
166,202107010603,2,4,2,21,4,6,3,23,0,0,0,0,0,0,0,3,0,1,2,6,0,0,0,0,0,0,0,0,0,1,1,1,0,0,0,0,0.0,0.0,7.0,7.0,36.1,0.7,0.2857142857142857,0.0,0.0,15.0,12.0,35.7,0.7,0.13333333333333333,0.0,0.0,8.0,3.0,35.5,0.3,0.23076923076923078,-2.0,4.0,-600.0,0.13793103448275862,0.27586206896551724,8,16,35.9,9.0,1152,1039,1428,0.0,0.0,14.0,10.0,35.6,0.7,0.14285714285714285,0.0,0.0,15.0,13.0,36.9,1.0,0.3125,1.0,0.2,54.0,-1091.0,16.0,14.0,460.0,0.14285714285714285,0.0,0.07692307692307693,0.0,0.1875,-0.1499999999999993,0.0
167,202107010603,2,4,2,21,1,0,0,3,0,0,0,0,0,0,0,3,0,0,0,0,0,0,0,0,0,0,0,0,0,0,0,0,0,0,0,0,0.0,0.0,8.0,7.0,40.7,1.7,0.3333333333333333,0.0,0.0,12.0,15.0,38.4,2.3,0.4,0.0,0.0,11.0,14.0,39.5,2.5,0.25,3.5,5.0,0.0,0.0,0.2222222222222222,7,13,7.1,4.0,1152,377,1428,0.0,0.0,10.0,6.0,35.5,1.2,0.9166666666666666,0.0,0.0,7.0,16.0,37.9,1.6,0.0625,0.9,0.0,54.0,-1220.0,16.0,9.0,499.0,-0.2222222222222222,0.2,0.0625,0.0,0.0,0.8500000000000008,0.0
168,202107010603,4,3,6,43,9,2,7,87,1,0,0,5,1,0,1,8,0,0,2,23,0,0,0,1,0,0,1,3,0,0,0,9,0,0,0,1,0.0,0.0,15.0,9.0,34.2,1.4,0.6470588235294118,0.0,0.0,12.0,13.0,39.9,2.4,0.8125,0.0,0.0,8.0,12.0,37.0,2.2,0.5,1.5,2.0,-200.0,0.0,0.14285714285714285,1,2,72.4,12.0,1691,1263,1167,0.0,0.0,16.0,5.0,35.9,0.7,0.75,0.0,0.0,16.0,13.0,35.8,1.3,0.9444444444444444,0.0,0.0,54.0,-69.0,16.0,17.0,406.0,-0.058823529411764705,0.0,-0.125,0.0,0.0,0.08000000000000114,0.0
169,202107010603,1,0,1,10,2,5,8,43,0,0,0,0,0,0,0,1,0,1,2,12,0,0,0,0,0,0,0,0,0,0,2,5,0,0,0,0,0.0,0.0,90.0,9.0,36.7,1.4,0.8181818181818182,0.0,0.0,160.0,12.0,35.4,1.6,0.875,0.0,0.0,120.0,12.0,37.2,2.1,1.0,1.5,-12.0,500.0,0.17142857142857143,0.2571428571428571,3,6,92.4,14.0,1712,1167,1292,0.0,0.0,140.0,12.0,35.1,1.2,0.7857142857142857,0.0,0.0,90.0,12.0,40.1,3.4,0.7857142857142857,0.6,0.0,54.0,-1288.0,16.0,11.0,444.0,0.09090909090909091,0.0625,0.0,0.21428571428571427,0.07142857142857142,-0.65,0.0
170,202107010603,1,2,2,10,3,3,4,20,0,0,0,0,0,1,1,6,1,1,0,8,0,0,0,0,0,0,1,1,1,0,0,5,0,0,0,0,0.0,0.0,13.0,4.0,36.8,1.3,0.5,0.0,0.0,13.0,9.0,36.5,0.7,0.4375,0.0,0.0,10.0,8.0,36.0,1.1,0.9,2.0,-4.0,-600.0,0.07017543859649122,0.22807017543859648,6,12,37.0,10.0,1148,1036,1393,0.0,0.0,10.0,15.0,41.5,3.2,0.5,0.0,0.0,13.0,8.0,35.9,0.8,0.9375,1.4,0.0,54.0,-83.0,16.0,18.0,400.0,-0.05555555555555555,0.1875,-0.2,0.0,-0.25,-0.3200000000000003,0.0
171,202107010603,0,2,1,6,0,0,0,0,0,0,0,0,0,1,1,4,0,0,0,0,0,0,0,0,0,1,0,4,0,0,0,0,0,0,0,0,0.0,0.0,60.0,8.0,42.7,5.6,0.875,0.0,0.0,150.0,13.0,38.0,2.0,0.5625,0.0,0.0,,,,,,5.0,-15.0,-100.0,0.0,0.0,1,1,91.5,13.0,1020,1420,1576,0.0,0.0,140.0,10.0,38.3,2.6,0.75,0.0,0.0,130.0,16.0,42.0,3.6,0.375,2.1,0.0,54.0,-604.0,16.0,8.0,467.0,0.0,0.125,,-0.125,-0.0625,0.18000000000000113,0.0
172,202107010607,8,7,10,65,2,5,3,26,0,1,0,4,4,3,4,32,0,2,2,9,0,1,0,4,1,1,2,11,0,1,1,2,0,1,0,2,0.0,0.0,60.0,70.0,36.1,1.4,1.0,0.0,0.0,40.0,160.0,38.6,2.1,0.8125,0.0,0.0,120.0,120.0,37.1,1.7,0.875,25.0,21.0,200.0,0.10714285714285714,0.25,5,10,4.7,2.0,1576,1428,1577,0.0,0.0,60.0,50.0,36.4,0.5,0.6875,0.0,0.0,40.0,50.0,36.3,0.4,0.375,-15.0,0.0,56.0,-1269.0,16.0,9.0,533.0,0.0,-0.0625,0.0,0.0,-0.0625,0.18000000000000113,0.0
173,202107010607,5,9,7,47,0,5,2,41,0,2,0,4,3,3,3,19,0,1,0,9,0,1,0,1,1,1,1,9,0,1,0,4,0,1,0,1,0.0,0.0,1.0,10.0,37.4,1.0,0.0625,0.0,0.0,1.0,2.0,38.0,0.1,0.13333333333333333,0.0,0.0,1.0,1.0,36.8,0.0,0.13333333333333333,-4.5,-2.0,0.0,0.20833333333333334,0.375,1,1,2.4,1.0,1172,1235,1556,0.0,0.0,2.0,2.0,36.8,0.0,0.13333333333333333,0.0,0.0,1.0,2.0,37.9,0.1,0.25,-1.6,0.8,57.0,-245.0,16.0,16.0,508.0,0.0,0.0,0.0,0.0,0.0,0.020000000000000285,0.0
174,202107010607,2,2,7,36,1,2,2,11,0,0,0,0,1,0,2,9,0,1,1,6,0,0,0,0,0,0,1,6,0,0,0,2,0,0,0,0,0.0,0.0,8.0,9.0,36.5,1.2,0.8333333333333334,0.0,0.0,7.0,12.0,40.3,2.8,0.25,0.0,0.0,12.0,8.0,35.0,0.6,0.7142857142857143,-0.5,-10.0,-300.0,0.0,0.06060606060606061,5,9,18.8,6.0,1127,770,1328,0.0,0.0,12.0,13.0,36.5,0.9,0.6666666666666666,0.0,0.0,10.0,4.0,35.5,0.4,0.9,-0.9,0.0,56.0,-1275.0,16.0,12.0,448.0,0.0,0.0,0.07142857142857142,0.13333333333333333,-0.1,0.5799999999999997,0.0
175,202107010607,6,11,8,58,1,0,0,6,1,0,0,2,1,2,3,24,1,0,0,2,1,0,0,1,0,1,1,12,0,0,0,2,0,0,0,1,0.0,0.0,12.0,9.0,38.3,0.8,0.9166666666666666,0.0,0.0,15.0,10.0,38.0,1.5,0.8666666666666667,0.0,0.0,13.0,13.0,39.6,3.5,0.6875,2.0,11.0,0.0,0.07142857142857142,0.23214285714285715,6,11,21.1,7.0,1221,225,1263,0.0,0.0,12.0,7.0,37.6,1.0,0.9375,0.0,0.0,10.0,4.0,38.1,0.7,0.6923076923076923,-1.3,0.0,56.0,-1272.0,16.0,12.0,481.0,-0.08333333333333333,-0.13333333333333333,0.25,-0.25,-0.15384615384615385,0.079999999999999,0.0
176,202107010607,0,0,1,6,5,7,5,56,0,0,0,0,0,0,0,2,2,1,3,19,0,0,0,0,0,0,0,1,0,0,0,12,0,0,0,0,0.0,0.0,14.0,14.0,37.5,1.7,0.875,0.0,0.0,14.0,10.0,36.1,0.7,0.875,0.0,0.0,16.0,10.0,37.4,1.6,0.6875,-2.0,2.0,200.0,0.0,0.25,3,5,13.1,5.0,1094,1556,334,0.0,0.0,11.0,12.0,35.9,1.6,0.4166666666666667,0.0,0.0,7.0,11.0,36.9,1.0,0.6,-0.4,0.0,54.0,-735.0,16.0,16.0,490.0,0.0625,0.0625,-0.125,0.08333333333333333,0.13333333333333333,0.14000000000000057,0.0
177,202107010607,6,11,8,58,0,0,0,1,0,0,0,1,1,2,3,24,0,0,0,1,0,0,0,1,0,1,1,12,0,0,0,1,0,0,0,1,0.0,0.0,10.0,8.0,37.0,0.8,0.25,0.0,0.0,10.0,5.0,38.0,0.3,0.0625,0.0,0.0,20.0,2.0,38.1,0.6,0.2,-3.0,4.0,0.0,0.0,0.09090909090909091,2,4,7.0,4.0,1221,881,1263,0.0,0.0,10.0,1.0,37.2,0.0,0.0625,0.0,0.0,20.0,2.0,37.7,0.7,0.3125,-1.6,0.6,56.0,92.0,16.0,16.0,448.0,-0.0625,0.0,-0.06666666666666667,0.0,-0.125,-0.06000000000000085,0.0
178,202107010607,0,1,2,10,2,2,1,10,0,0,0,0,0,1,1,7,2,2,1,1,0,0,0,0,0,1,0,3,0,0,0,1,0,0,0,0,0.0,0.0,14.0,12.0,37.1,2.1,0.8571428571428571,0.0,0.0,14.0,12.0,36.4,1.8,0.875,0.0,0.0,9.0,6.0,36.8,1.0,0.9090909090909091,-3.0,-2.0,-200.0,0.0,0.0,6,12,103.7,13.0,1611,1124,1263,0.0,0.0,8.0,7.0,35.9,1.2,0.6,0.0,0.0,10.0,12.0,39.4,2.6,1.0,-0.5,0.0,56.0,-630.0,16.0,14.0,520.0,0.0,0.0625,-0.36363636363636365,0.0,-0.07142857142857142,-0.4099999999999994,0.0
179,202107010607,2,4,2,21,4,1,0,6,0,0,0,0,0,0,0,3,0,0,0,1,0,0,0,0,0,0,0,3,0,0,0,0,0,0,0,0,0.0,0.0,2.0,3.0,40.1,0.4,0.45454545454545453,0.0,0.0,15.0,15.0,41.1,3.3,0.2,0.0,0.0,6.0,13.0,35.1,1.8,0.5714285714285714,5.0,-6.0,0.0,0.0,0.0,4,8,38.2,10.0,1152,1436,1428,0.0,0.0,6.0,16.0,38.8,2.3,0.25,0.0,0.0,11.0,9.0,36.6,0.8,0.2857142857142857,1.3,0.2,56.0,-1270.0,16.0,11.0,500.0,0.0,0.8,0.07142857142857142,0.0,0.35714285714285715,0.9300000000000004,0.0
180,202107010607,3,3,3,35,0,0,0,2,0,0,0,1,0,0,2,15,0,0,0,1,0,0,0,1,0,0,2,9,0,0,0,1,0,0,0,1,0.0,0.0,60.0,60.0,38.8,0.7,0.9,0.0,0.0,150.0,110.0,37.0,0.9,1.0,0.0,0.0,130.0,150.0,37.8,1.9,0.8666666666666667,45.0,-25.0,170.0,0.06896551724137931,0.20689655172413793,4,7,125.9,16.0,1278,1238,625,0.0,0.0,160.0,120.0,36.4,1.5,0.9375,0.0,0.0,90.0,160.0,37.3,2.4,1.0,21.0,0.0,57.0,-1270.0,16.0,10.0,461.0,0.1,-0.125,0.0,0.0,0.0,0.36000000000000015,0.0
181,202107010607,0,2,0,27,1,0,1,20,0,0,0,2,0,0,0,7,1,0,1,6,0,0,0,2,0,0,0,4,0,0,0,3,0,0,0,1,0.0,0.0,9.0,12.0,47.8,9.8,0.5833333333333334,0.0,0.0,14.0,12.0,37.9,0.7,0.4375,0.0,0.0,9.0,9.0,38.4,1.2,0.4375,-1.5,3.0,0.0,0.0,0.0,3,6,120.8,15.0,1645,1108,1366,0.0,0.0,9.0,5.0,37.1,0.7,0.625,0.0,0.0,15.0,10.0,37.4,0.7,0.9375,-1.1,0.0,57.0,-936.0,16.0,12.0,497.0,0.4166666666666667,0.0,0.0,-0.1875,0.0,2.1599999999999993,0.0
182,202107010607,0,1,1,17,2,0,6,35,0,0,0,2,0,0,0,7,0,0,2,12,0,0,0,1,0,0,0,2,0,0,1,7,0,0,0,0,0.0,0.0,11.0,9.0,14.2,5.5,0.15384615384615385,0.0,0.0,5.0,8.0,38.4,1.0,0.25,0.0,0.0,8.0,11.0,37.9,0.9,0.75,1.0,-2.0,-1480.0,0.0,0.14814814814814814,2,3,33.0,8.0,1313,1345,1108,0.0,0.0,13.0,7.0,36.9,0.9,0.75,0.0,0.0,13.0,4.0,36.9,0.5,0.7692307692307693,-1.1,0.0,57.0,-56.0,16.0,13.0,484.0,0.46153846153846156,0.0625,0.0,0.0625,0.23076923076923078,-4.39,0.0
183,202107010607,10,6,4,39,0,0,0,3,0,0,0,0,5,3,2,15,0,0,0,2,0,0,0,0,3,1,1,3,0,0,0,1,0,0,0,0,0.0,0.0,10.0,10.0,39.4,1.6,0.5,0.0,0.0,9.0,10.0,37.6,1.9,0.18181818181818182,0.0,0.0,11.0,14.0,36.0,1.7,0.2857142857142857,2.0,-17.0,200.0,0.10526315789473684,0.47368421052631576,7,13,6.6,3.0,1716,987,1167,0.0,0.0,9.0,14.0,38.9,2.6,0.8125,0.0,0.0,9.0,14.0,36.3,1.4,0.2857142857142857,1.2,0.0,56.0,-1045.0,16.0,10.0,459.0,0.1,0.0,0.0,0.125,0.2857142857142857,0.49000000000000055,0.0
184,202107010607,0,0,2,29,0,1,0,11,0,0,0,1,0,0,0,8,0,1,0,5,0,0,0,1,0,0,0,0,0,1,0,0,0,0,0,0,0.0,0.0,11.0,11.0,41.9,4.0,1.0,0.0,0.0,9.0,13.0,39.6,1.6,0.1875,0.0,0.0,4.0,9.0,37.2,1.8,0.0625,-1.0,-25.0,0.0,0.17647058823529413,0.2647058823529412,7,14,33.5,9.0,1736,322,1482,0.0,0.0,13.0,4.0,35.6,0.4,0.125,0.0,0.0,6.0,5.0,37.2,1.2,0.1111111111111111,-2.1,0.0,57.0,-276.0,16.0,11.0,477.0,0.0,-0.0625,0.0,0.0625,0.0,1.3399999999999992,0.0
185,202107010607,1,2,2,10,1,0,0,0,0,0,0,0,0,1,1,6,1,0,0,0,0,0,0,0,0,1,0,5,0,0,0,0,0,0,0,0,0.0,0.0,12.0,12.0,42.3,3.6,1.0,0.0,0.0,15.0,18.0,37.5,3.3,0.7777777777777778,0.0,0.0,12.0,15.0,36.5,1.0,0.2222222222222222,1.5,7.0,0.0,0.06896551724137931,0.2413793103448276,8,15,64.3,12.0,1148,1337,1393,0.0,0.0,12.0,14.0,40.2,2.4,0.25,0.0,0.0,12.0,14.0,36.4,1.2,0.25,0.0,0.0,54.0,-305.0,16.0,12.0,429.0,0.0,0.1111111111111111,0.0,0.0,-0.125,0.9099999999999995,0.0
186,202107010607,3,3,0,10,0,0,2,4,0,0,0,2,0,0,0,4,0,0,0,1,0,0,0,1,0,0,0,3,0,0,0,1,0,0,0,1,0.0,0.0,13.0,9.0,35.3,1.2,0.9375,0.0,0.0,9.0,4.0,36.4,0.9,1.0,0.0,0.0,6.0,9.0,36.4,1.4,0.8666666666666667,0.0,6.0,200.0,0.0,0.0,8,16,49.1,11.0,1333,1686,1294,0.0,0.0,12.0,5.0,35.8,0.8,1.0,0.0,0.0,16.0,4.0,37.2,0.2,0.9375,-0.9,0.0,56.0,-1392.0,16.0,16.0,484.0,0.0,0.0,0.0,0.0,0.0,-0.320000000000001,0.0
187,202107010607,0,1,1,11,2,1,0,32,0,0,0,0,0,1,0,2,2,1,0,15,0,0,0,0,0,0,0,0,1,1,0,3,0,0,0,0,0.0,0.0,14.0,16.0,42.2,4.5,0.375,0.0,0.0,14.0,15.0,42.8,5.0,0.06666666666666667,0.0,0.0,1.0,1.0,38.9,0.0,0.1,-7.5,2.0,0.0,0.0,0.0,1,2,119.2,14.0,1191,1366,1235,0.0,0.0,12.0,15.0,39.1,3.1,0.4375,0.0,0.0,11.0,15.0,39.1,3.5,0.875,-0.2,0.2,57.0,0.0,16.0,16.0,486.0,0.0,0.13333333333333333,0.0,0.0,0.0,0.9899999999999999,0.0
188,202107010712,0,0,0,0,0,0,0,0,0,0,0,0,0,0,0,0,0,0,0,0,0,0,0,0,0,0,0,0,0,0,0,0,0,0,0,0,0.0,0.0,10.0,1.0,40.8,0.0,0.09090909090909091,0.0,0.0,130.0,10.0,38.0,0.9,0.2857142857142857,0.0,0.0,150.0,12.0,37.7,1.4,0.125,5.5,3.0,0.0,0.22857142857142856,0.4,4,8,8.1,4.0,832,939,351,0.0,0.0,150.0,15.0,37.6,2.5,0.375,0.0,0.0,140.0,11.0,37.4,1.1,0.0625,2.5,0.2,56.0,-1359.0,16.0,11.0,483.0,0.0,0.0,0.0625,0.0,0.0,0.7199999999999995,0.0
189,202107010712,0,1,0,2,0,0,0,10,0,0,0,0,0,1,0,0,0,0,0,1,0,0,0,0,0,0,0,0,0,0,0,0,0,0,0,0,0.0,0.0,1.0,1.0,13.8,0.0,0.16666666666666666,0.0,0.0,4.0,6.0,13.4,1.1,0.5833333333333334,0.0,0.0,13.0,12.0,38.2,2.2,0.6153846153846154,5.5,8.0,-1600.0,0.045454545454545456,0.18181818181818182,4,7,5.5,3.0,1520,1618,695,0.0,0.0,13.0,11.0,37.0,0.9,0.625,0.0,0.0,10.0,9.0,35.4,1.0,1.0,2.1,0.2,56.0,-989.0,16.0,12.0,520.0,-0.08333333333333333,-0.4166666666666667,0.15384615384615385,0.0,0.0,-6.68,0.0
190,202107010712,1,0,0,9,1,0,1,5,0,0,0,1,1,0,0,4,1,0,0,2,0,0,0,0,0,0,0,0,0,0,0,0,0,0,0,0,0.0,0.0,,,,,,0.0,0.0,160.0,14.0,36.7,1.5,0.875,0.0,0.0,130.0,13.0,38.1,2.7,1.0,-1.0,-11.0,0.0,0.14285714285714285,0.2857142857142857,8,15,2.2,1.0,1172,1558,1556,0.0,0.0,100.0,11.0,38.8,3.0,0.8181818181818182,0.0,0.0,150.0,15.0,37.8,1.8,0.75,0.1,0.0,56.0,-1199.0,16.0,7.0,451.0,,0.0,0.0,0.0,-0.0625,-0.39999999999999786,0.0
191,202107010712,0,0,1,2,0,0,4,14,0,0,0,0,0,0,0,0,0,0,0,5,0,0,0,0,0,0,0,0,0,0,0,0,0,0,0,0,0.0,0.0,7.0,7.0,39.3,3.0,0.36363636363636365,0.0,0.0,11.0,9.0,37.0,1.4,0.8,0.0,0.0,9.0,10.0,36.9,0.9,0.5625,1.5,22.0,-400.0,0.08571428571428572,0.17142857142857143,2,3,13.7,5.0,1428,1183,1263,0.0,0.0,6.0,8.0,36.6,0.6,0.75,0.0,0.0,5.0,4.0,37.5,0.5,0.3125,-0.7,0.0,57.0,-276.0,16.0,11.0,502.0,-0.09090909090909091,0.06666666666666667,0.125,-0.25,-0.0625,0.3999999999999993,0.0
192,202107010712,3,1,0,8,1,0,0,2,0,0,0,0,1,1,0,1,1,0,0,0,0,0,0,0,0,0,0,0,0,0,0,0,0,0,0,0,0.0,0.0,100.0,8.0,37.0,1.3,0.8125,0.0,0.0,80.0,5.0,37.0,0.9,0.8125,0.0,0.0,100.0,10.0,36.6,1.3,0.8125,1.0,6.0,0.0,0.0,0.0,6,11,45.2,8.0,1503,460,1263,0.0,0.0,80.0,5.0,38.0,0.6,0.5,0.0,0.0,110.0,8.0,35.6,0.7,0.9375,0.0,0.0,55.0,-8.0,16.0,16.0,486.0,0.0,-0.0625,-0.125,0.0,-0.125,0.17999999999999972,0.0
193,202107010712,1,0,1,6,0,0,0,0,0,0,0,0,0,0,0,3,0,0,0,0,0,0,0,0,0,0,0,0,0,0,0,0,0,0,0,0,0.0,0.0,15.0,12.0,38.3,2.9,1.0,0.0,0.0,13.0,11.0,37.9,1.8,1.0,0.0,0.0,13.0,14.0,38.0,1.4,0.875,1.0,-16.0,0.0,0.0,0.17647058823529413,6,12,81.8,12.0,1482,705,1263,0.0,0.0,15.0,4.0,36.8,0.6,0.875,0.0,0.0,13.0,8.0,37.4,1.3,0.9333333333333333,-1.5,0.0,57.0,-449.0,16.0,15.0,452.0,0.0,0.0,0.0,0.0,0.0,0.28999999999999987,0.0
194,202107010712,1,0,2,10,0,0,0,5,0,0,0,0,1,0,1,4,0,0,0,1,0,0,0,0,0,0,0,0,0,0,0,0,0,0,0,0,0.0,0.0,7.0,4.0,41.6,1.8,0.5,0.0,0.0,13.0,10.0,37.1,1.2,0.8125,0.0,0.0,16.0,10.0,36.2,1.2,0.9375,3.0,5.0,0.0,0.2,0.4,8,16,5.1,2.0,1576,1170,1577,0.0,0.0,7.0,11.0,35.8,1.4,0.9375,0.0,0.0,3.0,5.0,35.5,0.4,0.8125,0.3,0.0,57.0,-1281.0,16.0,12.0,481.0,-0.08333333333333333,-0.0625,0.0,0.0,0.0,1.3500000000000008,0.0
195,202107010712,0,0,0,0,0,0,0,1,0,0,0,0,0,0,0,0,0,0,0,0,0,0,0,0,0,0,0,0,0,0,0,0,0,0,0,0,0.0,0.0,8.0,8.0,40.2,1.5,0.7777777777777778,0.0,0.0,13.0,12.0,36.6,1.3,0.9333333333333333,0.0,0.0,14.0,8.0,36.8,0.8,0.6875,0.0,0.0,100.0,0.13636363636363635,0.2727272727272727,3,6,104.2,13.0,1611,1599,1263,0.0,0.0,12.0,8.0,37.1,1.1,0.9166666666666666,0.0,0.0,10.0,9.0,38.3,2.0,0.4375,-0.2,0.0,57.0,-1366.0,16.0,9.0,490.0,0.0,0.0,0.0,-0.08333333333333333,0.0625,0.3300000000000011,0.0
196,202107010712,1,0,0,9,0,0,0,1,0,0,0,0,1,0,0,4,0,0,0,0,0,0,0,0,0,0,0,0,0,0,0,0,0,0,0,0,0.0,0.0,15.0,13.0,36.8,1.3,0.8125,0.0,0.0,16.0,7.0,34.3,1.3,0.7222222222222222,0.0,0.0,15.0,6.0,36.9,0.7,0.625,-3.5,-10.0,0.0,0.0,0.15384615384615385,7,13,17.5,7.0,1172,324,1556,0.0,0.0,15.0,15.0,35.7,1.6,0.4,0.0,0.0,7.0,7.0,38.2,1.2,0.42857142857142855,-0.4,0.0,56.0,-1345.0,16.0,16.0,482.0,-0.125,0.0,-0.0625,0.0,0.0,-0.4200000000000017,0.0
197,202107010712,0,0,0,3,1,0,1,5,0,0,0,0,0,0,0,0,1,0,0,2,0,0,0,0,0,0,0,0,0,0,0,0,0,0,0,0,0.0,0.0,12.0,14.0,41.3,4.7,0.9285714285714286,0.0,0.0,8.0,8.0,40.1,2.2,0.8888888888888888,0.0,0.0,9.0,8.0,35.5,2.3,1.0,-3.0,-8.0,-400.0,0.1,0.1,3,5,74.7,10.0,1453,1558,1428,0.0,0.0,7.0,7.0,36.3,2.5,0.7142857142857143,0.0,0.0,9.0,9.0,35.5,3.0,1.0,-1.1,0.0,57.0,-841.0,16.0,14.0,496.0,-0.07142857142857142,-0.1111111111111111,0.0,0.2857142857142857,0.0,1.5399999999999998,0.0
198,202107010712,0,1,0,1,0,0,0,0,0,0,0,0,0,0,0,1,0,0,0,0,0,0,0,0,0,0,0,0,0,0,0,0,0,0,0,0,0.0,0.0,2.0,4.0,39.8,1.7,0.25,0.0,0.0,14.0,14.0,37.6,1.8,0.5625,0.0,0.0,13.0,9.0,34.8,0.9,0.7692307692307693,2.5,-1.0,-100.0,0.0,0.0,7,14,56.4,9.0,1571,1335,1108,0.0,0.0,16.0,9.0,36.9,0.8,0.4375,0.0,0.0,15.0,10.0,35.4,1.1,0.8125,0.7,0.0,57.0,-1367.0,16.0,8.0,517.0,0.125,0.0,0.0,0.0625,-0.0625,0.95,0.0
199,202107010712,1,0,0,4,0,0,0,1,0,0,0,0,0,0,0,2,0,0,0,1,0,0,0,0,0,0,0,0,0,0,0,0,0,0,0,0,0.0,0.0,4.0,5.0,43.1,2.6,0.16666666666666666,0.0,0.0,8.0,13.0,38.5,3.5,0.75,0.0,0.0,14.0,8.0,36.1,1.4,0.9333333333333333,1.5,7.0,0.0,0.13333333333333333,0.26666666666666666,1,2,77.7,11.0,1403,1221,939,0.0,0.0,8.0,10.0,37.3,1.3,0.8,0.0,0.0,9.0,6.0,36.9,0.5,0.625,-0.1,0.0,57.0,-1281.0,16.0,12.0,439.0,0.08333333333333333,-0.0625,-0.2,0.0,-0.25,1.3600000000000008,0.0
200,202107010712,0,0,0,0,0,0,0,1,0,0,0,0,0,0,0,0,0,0,0,0,0,0,0,0,0,0,0,0,0,0,0,0,0,0,0,0,0.0,0.0,50.0,50.0,41.4,1.2,0.7,0.0,0.0,140.0,110.0,37.5,1.2,0.6875,0.0,0.0,160.0,80.0,37.5,0.9,0.25,15.0,10.0,100.0,0.07407407407407407,0.2962962962962963,1,1,135.3,14.0,1715,1145,770,0.0,0.0,140.0,130.0,39.1,1.9,0.125,0.0,0.0,160.0,90.0,37.5,0.6,0.25,10.0,0.0,57.0,-1282.0,16.0,10.0,480.0,-0.2,-0.1875,0.0,0.0,-0.125,0.6199999999999996,0.0
201,202107010712,1,0,0,3,0,0,0,0,0,0,0,0,0,0,0,2,0,0,0,0,0,0,0,0,0,0,0,0,0,0,0,0,0,0,0,0,0.0,0.0,20.0,80.0,40.5,2.1,1.0,0.0,0.0,160.0,160.0,40.0,3.3,0.8125,0.0,0.0,160.0,100.0,35.4,1.6,0.9375,10.0,-3.0,0.0,0.0,0.2,2,4,141.5,15.0,1583,1323,118,0.0,0.0,140.0,110.0,35.7,0.9,0.9333333333333333,0.0,0.0,130.0,130.0,36.8,1.9,1.0,5.0,0.0,57.0,-706.0,16.0,8.0,489.0,-0.375,-0.0625,-0.0625,-0.06666666666666667,-0.1875,1.1700000000000004,0.0
202,202107010712,0,0,0,2,0,0,0,1,0,0,0,0,0,0,0,0,0,0,0,0,0,0,0,0,0,0,0,0,0,0,0,0,0,0,0,0,0.0,0.0,10.0,,,,0.09090909090909091,0.0,0.0,160.0,15.0,39.6,3.3,0.6875,0.0,0.0,140.0,16.0,40.1,1.8,0.3125,1.0,-8.0,0.0,0.0,0.0,5,9,292.0,16.0,1161,1404,1013,0.0,0.0,150.0,15.0,36.8,2.3,0.8,0.0,0.0,140.0,15.0,41.5,4.6,0.06666666666666667,-0.1,0.0,57.0,-403.0,16.0,11.0,496.0,0.0,0.0625,0.0,0.13333333333333333,0.9333333333333333,-0.23999999999999916,0.0
203,202107010712,0,0,0,0,0,0,0,0,0,0,0,0,0,0,0,0,0,0,0,0,0,0,0,0,0,0,0,0,0,0,0,0,0,0,0,0,0.0,0.0,9.0,15.0,36.7,1.7,0.9375,0.0,0.0,6.0,16.0,40.7,3.6,0.25,0.0,0.0,7.0,15.0,40.0,3.0,0.0625,0.0,-8.0,200.0,0.02702702702702703,0.2972972972972973,5,10,15.5,6.0,760,832,1665,0.0,0.0,5.0,1.0,37.8,0.0,0.06666666666666667,0.0,0.0,7.0,14.0,36.5,0.8,0.11764705882352941,-1.7,0.2,55.0,-70.0,16.0,16.0,526.0,0.0625,0.0625,0.0,0.0,0.0,0.3300000000000011,0.0
204,202107010802,0,0,0,1,1,1,0,2,0,0,0,0,0,0,0,0,1,0,0,1,0,0,0,0,0,0,0,0,0,0,0,1,0,0,0,0,0.0,0.0,5.0,1.0,40.1,0.0,0.3,0.0,0.0,7.0,10.0,40.7,2.0,0.13333333333333333,0.0,0.0,10.0,9.0,39.3,1.3,0.7142857142857143,4.0,19.0,0.0,0.16666666666666666,0.6666666666666666,6,12,14.4,6.0,1152,1014,1428,0.0,0.0,6.0,1.0,37.7,0.0,0.0625,0.0,0.0,3.0,8.0,38.9,1.6,0.5,0.5,0.4,56.0,-620.0,16.0,10.0,543.0,-0.2,0.0,-0.21428571428571427,0.0,0.0,0.5400000000000006,0.0
205,202107010802,0,0,0,5,0,0,0,0,0,0,0,0,0,0,0,0,0,0,0,0,0,0,0,0,0,0,0,0,0,0,0,0,0,0,0,0,0.0,0.0,20.0,80.0,39.8,1.8,0.2857142857142857,0.0,0.0,30.0,60.0,37.3,0.6,0.6428571428571429,0.0,0.0,20.0,90.0,39.2,2.1,0.125,5.0,17.0,200.0,0.16666666666666666,0.25,7,13,29.9,8.0,1736,548,1482,0.0,0.0,30.0,50.0,39.3,0.8,0.3125,0.0,0.0,30.0,20.0,38.2,0.4,0.7333333333333333,-13.0,0.0,54.0,-1250.0,16.0,14.0,479.0,0.0,-0.21428571428571427,0.0,0.0,-0.13333333333333333,0.11999999999999886,0.0
206,202107010802,0,0,0,0,1,1,0,11,0,0,0,0,0,0,0,0,1,0,0,3,0,0,0,0,0,0,0,0,1,0,0,1,0,0,0,0,0.0,0.0,3.0,5.0,46.2,5.5,0.125,0.0,0.0,11.0,14.0,40.1,1.9,0.4,0.0,0.0,5.0,10.0,38.4,1.3,0.36363636363636365,2.5,-11.0,0.0,0.0,0.14285714285714285,8,15,21.4,7.0,1368,1183,1167,0.0,0.0,4.0,11.0,37.3,2.4,0.18181818181818182,0.0,0.0,11.0,12.0,42.1,3.4,0.07692307692307693,1.1,0.0,56.0,-1273.0,16.0,8.0,497.0,0.375,0.13333333333333333,0.0,0.18181818181818182,0.07692307692307693,1.1000000000000008,0.0
207,202107010802,0,0,0,0,0,0,0,1,0,0,0,0,0,0,0,0,0,0,0,0,0,0,0,0,0,0,0,0,0,0,0,0,0,0,0,0,0.0,0.0,160.0,12.0,38.1,1.6,0.25,0.0,0.0,150.0,12.0,36.6,1.3,0.8125,0.0,0.0,70.0,16.0,41.8,4.8,0.1875,2.0,-8.0,200.0,0.02631578947368421,0.2894736842105263,6,11,39.9,9.0,1095,1299,1221,0.0,0.0,60.0,5.0,35.4,0.9,0.6428571428571429,0.0,0.0,160.0,7.0,37.8,0.4,0.125,-1.7,0.0,54.0,-1113.0,16.0,16.0,490.0,0.0,0.0625,0.125,-0.21428571428571427,0.0,0.18000000000000113,0.0
208,202107010802,0,0,0,0,0,2,0,2,0,0,0,0,0,0,0,0,0,0,0,1,0,0,0,0,0,0,0,0,0,0,0,0,0,0,0,0,0.0,0.0,1.0,4.0,38.5,0.7,0.4,0.0,0.0,11.0,12.0,40.0,2.6,0.5,0.0,0.0,8.0,11.0,37.8,1.4,0.5333333333333333,3.5,19.0,0.0,0.12,0.52,2,3,8.9,4.0,1657,1428,1317,0.0,0.0,8.0,8.0,36.7,0.8,0.5,0.0,0.0,4.0,9.0,36.8,1.5,0.4,0.6,0.0,56.0,-1180.0,16.0,10.0,477.0,-0.1,0.0,0.13333333333333333,0.0,0.06666666666666667,0.6700000000000003,0.0
209,202107010802,0,1,1,3,0,0,0,0,0,0,0,0,0,1,1,3,0,0,0,0,0,0,0,0,0,1,0,1,0,0,0,0,0,0,0,0,0.0,0.0,9.0,8.0,13.7,5.3,1.0,0.0,0.0,13.0,11.0,13.9,2.5,0.3076923076923077,0.0,0.0,7.0,12.0,13.7,4.4,0.75,2.0,-12.0,-1460.0,0.13636363636363635,0.3181818181818182,4,7,2.5,1.0,1172,580,1556,0.0,0.0,7.0,1.0,13.5,0.0,0.14285714285714285,0.0,0.0,3.0,3.0,13.5,0.6,0.14285714285714285,-2.0,0.4,56.0,-1273.0,16.0,10.0,458.0,-0.1,0.5384615384615384,0.16666666666666666,0.07142857142857142,0.0,0.07999999999999989,0.0
210,202107010802,0,0,1,1,0,0,0,0,0,0,0,0,0,0,0,0,0,0,0,0,0,0,0,0,0,0,0,0,0,0,0,0,0,0,0,0,0.0,0.0,4.0,2.0,39.6,0.6,0.3333333333333333,0.0,0.0,11.0,9.0,36.5,0.9,0.8333333333333334,0.0,0.0,14.0,11.0,38.1,1.7,0.2857142857142857,4.5,22.0,100.0,0.043478260869565216,0.21739130434782608,2,4,201.8,13.0,1581,1149,1167,0.0,0.0,11.0,11.0,37.9,1.7,1.0,0.0,0.0,7.0,14.0,42.4,3.9,0.26666666666666666,2.6,0.2,54.0,-709.0,16.0,12.0,454.0,0.0,-0.08333333333333333,0.07142857142857142,0.0,-0.06666666666666667,-0.6999999999999993,0.0
211,202107010802,0,0,0,1,0,1,1,2,0,0,0,0,0,0,0,0,0,1,0,1,0,0,0,0,0,0,0,0,0,1,0,1,0,0,0,0,0.0,0.0,4.0,4.0,40.1,1.8,0.2,0.0,0.0,7.0,8.0,37.8,2.1,0.6666666666666666,0.0,0.0,5.0,8.0,38.4,1.4,0.375,2.0,-2.0,-400.0,0.08333333333333333,0.16666666666666666,4,8,12.1,5.0,1319,1039,334,0.0,0.0,6.0,6.0,38.3,1.1,0.23076923076923078,,,,,,,,0.6,0.0,56.0,-91.0,16.0,15.0,432.0,0.06666666666666667,0.0,0.0,0.0,,0.48000000000000115,0.0
212,202107010802,1,0,2,11,0,0,2,10,0,0,0,2,1,0,1,7,0,0,0,2,0,0,0,1,0,0,0,1,0,0,0,0,0,0,0,0,0.0,0.0,14.0,,,,0.9285714285714286,0.0,0.0,8.0,14.0,40.7,3.3,0.14285714285714285,0.0,0.0,6.0,7.0,38.0,1.7,0.38461538461538464,-7.0,0.0,-400.0,0.12903225806451613,0.25806451612903225,5,9,3.2,2.0,1576,1013,1577,0.0,0.0,7.0,4.0,37.1,0.5,0.2,0.0,0.0,6.0,4.0,38.0,0.4,0.3,-3.3,0.0,56.0,-581.0,16.0,14.0,462.0,0.07142857142857142,0.0,0.46153846153846156,0.0,-0.1,0.9000000000000007,0.0
213,202107010802,0,0,0,0,0,0,0,2,0,0,0,0,0,0,0,0,0,0,0,0,0,0,0,0,0,0,0,0,0,0,0,0,0,0,0,0,0.0,0.0,11.0,14.0,38.0,2.5,0.1111111111111111,0.0,0.0,2.0,6.0,37.3,0.9,0.875,0.0,0.0,1.0,1.0,34.9,0.0,0.14285714285714285,-6.5,-8.0,-800.0,0.25,0.4166666666666667,1,2,6.9,3.0,1089,1553,1428,0.0,0.0,4.0,1.0,37.3,0.0,0.2727272727272727,0.0,0.0,7.0,2.0,36.5,0.3,0.09090909090909091,-2.9,0.6,56.0,-938.0,16.0,18.0,514.0,0.05555555555555555,-0.375,0.0,0.0,0.0,0.3,0.0
214,202107010802,0,0,1,1,0,0,0,1,0,0,0,0,0,0,0,0,0,0,0,0,0,0,0,0,0,0,0,0,0,0,0,0,0,0,0,0,0.0,0.0,7.0,8.0,40.5,1.7,0.7,0.0,0.0,15.0,11.0,39.7,3.5,0.9375,0.0,0.0,14.0,12.0,41.2,3.7,0.75,2.0,-1.0,0.0,0.0,0.0,3,6,197.7,12.0,1581,1160,1167,0.0,0.0,12.0,7.0,39.8,1.3,0.8571428571428571,0.0,0.0,12.0,8.0,38.9,2.7,0.8571428571428571,-0.4,0.0,56.0,-228.0,16.0,10.0,485.0,0.0,-0.0625,-0.125,-0.14285714285714285,-0.14285714285714285,0.31000000000000083,0.0
215,202107010802,0,0,0,0,0,0,0,2,0,0,0,0,0,0,0,0,0,0,0,1,0,0,0,0,0,0,0,0,0,0,0,1,0,0,0,0,0.0,0.0,1.0,2.0,41.3,0.6,0.1,0.0,0.0,9.0,6.0,39.7,0.8,0.2222222222222222,0.0,0.0,14.0,10.0,38.9,1.5,0.7333333333333333,4.0,31.0,-200.0,0.09523809523809523,0.09523809523809523,5,10,130.3,11.0,1020,1228,1576,0.0,0.0,8.0,7.0,36.9,2.9,0.6666666666666666,0.0,0.0,11.0,12.0,38.1,2.5,1.0,2.1,0.2,56.0,-1270.0,16.0,10.0,503.0,0.1,0.2222222222222222,0.13333333333333333,0.3333333333333333,-0.0625,0.9199999999999996,0.0
216,202107010802,0,0,0,0,0,0,0,0,0,0,0,0,0,0,0,0,0,0,0,0,0,0,0,0,0,0,0,0,0,0,0,0,0,0,0,0,0.0,0.0,8.0,3.0,37.5,0.3,0.6666666666666666,0.0,0.0,15.0,13.0,39.6,2.7,0.4375,0.0,0.0,12.0,14.0,44.4,6.5,0.6666666666666666,5.5,36.0,580.0,0.0,0.14285714285714285,7,14,301.2,15.0,1343,1287,1428,0.0,0.0,14.0,10.0,44.1,7.7,0.7333333333333333,,,,,,,,2.2,0.25,56.0,-1270.0,16.0,12.0,532.0,0.0,0.0,0.26666666666666666,-0.06666666666666667,,-2.46,0.0
217,202107010802,0,0,0,1,1,0,0,2,0,0,0,0,0,0,0,1,0,0,0,1,0,0,0,0,0,0,0,0,0,0,0,0,0,0,0,0,0.0,0.0,8.0,5.0,40.4,1.2,1.0,0.0,0.0,12.0,12.0,39.0,2.8,0.8125,0.0,0.0,10.0,14.0,39.0,3.1,0.875,4.5,-9.0,100.0,0.13043478260869565,0.2608695652173913,3,5,111.2,10.0,1674,1376,1428,0.0,0.0,14.0,6.0,38.3,1.6,0.875,,,,,,,,0.5,0.0,56.0,-394.0,16.0,12.0,469.0,-0.4166666666666667,-0.0625,-0.0625,0.0,,0.6300000000000004,0.0
218,202107010802,0,0,0,0,1,0,0,6,0,0,0,0,0,0,0,0,0,0,0,2,0,0,0,0,0,0,0,0,0,0,0,0,0,0,0,0,0.0,0.0,15.0,15.0,41.6,6.0,1.0,0.0,0.0,14.0,15.0,39.5,3.3,0.6875,0.0,0.0,16.0,14.0,39.6,2.6,0.75,-0.5,-4.0,0.0,0.0,0.0,8,16,236.5,14.0,1230,1405,1576,,,,,,,,,,,,,,,-0.5,0.0,56.0,-6.0,16.0,15.0,452.0,0.0,0.0625,-0.125,,,1.0,0.0
219,202107010802,0,2,0,1,0,0,0,3,0,0,0,0,0,1,0,1,0,0,0,3,0,0,0,0,0,0,0,1,0,0,0,1,0,0,0,0,0.0,0.0,5.0,,,,1.0,0.0,0.0,16.0,12.0,42.5,5.3,0.125,0.0,0.0,16.0,16.0,39.8,4.0,0.875,4.0,22.0,0.0,0.0,0.3,1,1,319.6,16.0,1009,1482,298,0.0,0.0,16.0,15.0,38.6,2.7,0.9375,0.0,0.0,15.0,13.0,39.9,3.4,0.5,0.2,0.0,54.0,-608.0,16.0,9.0,448.0,,0.3125,0.0625,0.0625,0.0625,0.9,0.0
220,202107010903,0,0,0,0,1,0,1,10,0,0,0,0,0,0,0,0,0,0,0,2,0,0,0,0,0,0,0,0,0,0,0,2,0,0,0,0,0.0,0.0,2.0,3.0,13.1,0.6,0.21428571428571427,0.0,0.0,1.0,2.0,13.8,0.8,0.15384615384615385,0.0,0.0,1.0,2.0,13.7,0.1,0.1,-0.5,-10.0,-1450.0,0.0,0.1875,3,4,3.6,1.0,1605,1167,1,0.0,0.0,3.0,4.0,13.1,0.6,0.35714285714285715,0.0,0.0,2.0,3.0,13.3,0.4,0.3333333333333333,0.2,0.8,56.0,-1365.0,15.0,14.0,488.0,0.14285714285714285,0.15384615384615385,0.1,0.14285714285714285,-0.08333333333333333,0.029999999999999895,0.0
221,202107010903,0,0,0,0,1,0,1,2,0,0,0,0,0,0,0,0,0,0,0,1,0,0,0,0,0,0,0,0,0,0,0,1,0,0,0,0,0.0,0.0,1.0,2.0,40.0,0.3,0.07142857142857142,0.0,0.0,6.0,2.0,39.0,1.2,0.06666666666666667,0.0,0.0,3.0,8.0,38.6,1.4,0.9333333333333333,3.0,-3.0,-200.0,0.16216216216216217,0.2702702702702703,2,3,15.7,6.0,884,848,882,0.0,0.0,2.0,7.0,38.5,1.6,0.125,,,,,,,,2.1,0.5,56.0,-334.0,15.0,14.0,519.0,0.0,0.0,-0.13333333333333333,0.0,,0.4899999999999999,0.0
222,202107010903,0,0,0,0,0,0,0,1,0,0,0,0,0,0,0,0,0,0,0,1,0,0,0,0,0,0,0,0,0,0,0,0,0,0,0,0,0.0,0.0,7.0,16.0,40.1,2.3,0.5,0.0,0.0,8.0,16.0,42.5,4.1,0.625,0.0,0.0,1.0,8.0,39.6,1.1,0.42857142857142855,-4.0,36.0,-400.0,0.02564102564102564,0.28205128205128205,6,10,8.2,4.0,1460,1228,1345,0.0,0.0,1.0,3.0,38.1,0.4,0.25,0.0,0.0,1.0,2.0,39.6,0.3,0.25,-4.1,0.4,56.0,-830.0,15.0,16.0,520.0,-0.125,-0.1875,-0.21428571428571427,0.0,-0.08333333333333333,0.5399999999999998,0.0
223,202107010903,1,1,0,0,0,0,0,1,0,0,0,0,1,1,0,0,0,0,0,1,0,0,0,0,0,0,0,0,0,0,0,1,0,0,0,0,0.0,0.0,11.0,16.0,44.9,7.4,0.0625,0.0,0.0,8.0,13.0,37.2,1.3,0.2,0.0,0.0,5.0,11.0,41.0,2.7,0.14285714285714285,-2.5,-6.0,0.0,0.23684210526315788,0.39473684210526316,6,11,27.0,9.0,1426,1430,306,0.0,0.0,10.0,3.0,36.2,0.5,0.0625,0.0,0.0,8.0,15.0,40.5,3.0,0.125,-1.2,0.2,54.0,-1051.0,15.0,16.0,482.0,0.125,0.0,0.0,0.0,0.0,0.9799999999999998,0.0
224,202107010903,0,0,0,0,0,0,0,0,0,0,0,0,0,0,0,0,0,0,0,0,0,0,0,0,0,0,0,0,0,0,0,0,0,0,0,0,0.0,0.0,7.0,4.0,38.4,0.8,0.6363636363636364,0.0,0.0,5.0,10.0,37.1,1.9,0.3125,0.0,0.0,14.0,4.0,35.9,0.1,0.8125,0.0,-11.0,0.0,0.11538461538461539,0.5,4,6,9.1,5.0,1090,1086,1169,0.0,0.0,7.0,10.0,37.3,1.0,0.75,0.0,0.0,3.0,6.0,36.0,0.4,0.5714285714285714,0.4,0.0,56.0,-1251.0,15.0,11.0,501.0,-0.18181818181818182,-0.0625,0.0,0.0,0.0,0.46000000000000013,0.0
225,202107010903,0,0,0,0,0,0,1,7,0,0,0,0,0,0,0,0,0,0,0,2,0,0,0,0,0,0,0,0,0,0,0,1,0,0,0,0,0.0,0.0,2.0,4.0,40.4,0.6,0.14285714285714285,0.0,0.0,2.0,6.0,39.2,1.5,0.13333333333333333,0.0,0.0,1.0,2.0,39.3,0.4,0.125,-1.0,17.0,0.0,0.12121212121212122,0.24242424242424243,5,8,3.6,2.0,1605,1294,1,0.0,0.0,3.0,2.0,38.1,0.4,0.1875,0.0,0.0,5.0,6.0,38.3,1.3,0.2,0.0,0.4,56.0,-313.0,15.0,7.0,493.0,0.0,0.0,0.0,0.0,-0.06666666666666667,0.5300000000000005,0.0
226,202107010903,0,0,0,0,0,0,0,0,0,0,0,0,0,0,0,0,0,0,0,0,0,0,0,0,0,0,0,0,0,0,0,0,0,0,0,0,0.0,0.0,11.0,13.0,38.6,1.9,0.13333333333333333,0.0,0.0,7.0,4.0,38.0,0.5,0.18181818181818182,0.0,0.0,8.0,4.0,35.7,0.6,0.25,-4.5,-6.0,-400.0,0.10526315789473684,0.42105263157894735,1,1,5.1,3.0,429,872,377,0.0,0.0,15.0,14.0,36.7,2.4,1.0,0.0,0.0,11.0,13.0,39.4,2.7,0.1875,1.0,0.0,56.0,-1338.0,15.0,15.0,496.0,0.0,0.0,0.0625,0.0,0.0,-0.029999999999999714,0.0
227,202107010903,0,1,0,0,1,0,0,1,0,0,0,0,0,0,0,0,0,0,0,1,0,0,0,0,0,0,0,0,0,0,0,1,0,0,0,0,0.0,0.0,100.0,9.0,38.8,1.7,0.8333333333333334,0.0,0.0,80.0,6.0,39.1,2.7,1.0,0.0,0.0,40.0,8.0,37.3,0.6,0.6875,-0.5,20.0,-100.0,0.0,0.0,8,14,37.4,11.0,1657,1036,1317,0.0,0.0,110.0,8.0,38.9,2.1,0.8,0.0,0.0,80.0,9.0,36.3,1.6,0.9375,0.2,0.0,56.0,-1271.0,15.0,12.0,452.0,0.08333333333333333,-0.4666666666666667,-0.125,0.0,-0.1875,0.5200000000000002,0.0
228,202107010903,0,0,0,4,0,0,4,14,0,0,0,0,0,0,0,2,0,0,0,5,0,0,0,0,0,0,0,2,0,0,0,1,0,0,0,0,0.0,0.0,10.0,10.0,42.3,3.7,0.9090909090909091,0.0,0.0,10.0,9.0,38.6,2.1,0.9333333333333333,0.0,0.0,12.0,3.0,38.0,0.7,0.875,-3.5,-3.0,100.0,0.09375,0.25,3,5,29.8,10.0,1489,1183,565,0.0,0.0,12.0,13.0,35.3,1.3,0.8125,0.0,0.0,3.0,8.0,35.6,2.3,0.8333333333333334,0.0,0.2,56.0,-1192.0,15.0,11.0,449.0,0.0,0.0,-0.125,-0.0625,0.0,1.6699999999999995,0.0
229,202107010903,0,0,0,0,1,0,0,1,0,0,0,0,0,0,0,0,0,0,0,1,0,0,0,0,0,0,0,0,0,0,0,1,0,0,0,0,0.0,0.0,3.0,1.0,39.9,0.0,0.5,0.0,0.0,15.0,11.0,39.8,2.2,0.5,0.0,0.0,12.0,10.0,39.0,1.8,0.5625,4.5,33.0,0.0,0.0,0.16666666666666666,7,12,191.0,13.0,1090,1036,1169,0.0,0.0,13.0,10.0,38.9,2.1,0.8,0.0,0.0,13.0,14.0,38.3,3.2,0.2,2.5,0.2,56.0,-448.0,15.0,10.0,463.0,-0.2,0.0,-0.125,0.06666666666666667,0.0,0.41000000000000014,0.0
230,202107010903,0,0,0,0,0,0,0,0,0,0,0,0,0,0,0,0,0,0,0,0,0,0,0,0,0,0,0,0,0,0,0,0,0,0,0,0,0.0,0.0,6.0,5.0,40.0,1.5,0.2,0.0,0.0,9.0,10.0,40.2,2.8,0.09090909090909091,0.0,0.0,11.0,13.0,38.2,1.5,0.25,4.0,12.0,0.0,0.08108108108108109,0.16216216216216217,4,7,24.6,8.0,1463,1508,1167,0.0,0.0,14.0,13.0,37.4,1.8,0.8,0.0,0.0,8.0,11.0,38.5,1.4,0.1875,1.5,0.0,54.0,-1264.0,15.0,10.0,532.0,0.0,0.09090909090909091,0.0,0.06666666666666667,-0.0625,0.5800000000000004,0.0
231,202107010903,0,0,0,0,0,1,0,5,0,0,0,0,0,0,0,0,0,0,0,3,0,0,0,0,0,0,0,0,0,0,0,1,0,0,0,0,0.0,0.0,40.0,2.0,38.2,0.6,0.5,0.0,0.0,160.0,13.0,39.2,2.4,1.0,0.0,0.0,120.0,11.0,39.6,3.3,0.5833333333333334,4.5,33.0,400.0,0.04,0.2,5,9,113.8,12.0,1498,1482,1036,0.0,0.0,120.0,12.0,41.1,3.7,0.4666666666666667,0.0,0.0,80.0,6.0,39.4,1.4,0.35714285714285715,0.7,0.2,56.0,-1265.0,15.0,10.0,491.0,-0.1,0.0,0.08333333333333333,0.0,0.07142857142857142,-0.429999999999999,0.0
232,202107010903,0,1,0,2,0,0,1,5,0,0,0,0,0,1,0,0,0,0,0,0,0,0,0,0,0,0,0,0,0,0,0,0,0,0,0,0,0.0,0.0,9.0,13.0,41.2,3.9,0.42857142857142855,0.0,0.0,7.0,13.0,41.4,4.3,0.6,0.0,0.0,1.0,5.0,39.3,1.4,0.2727272727272727,-4.0,-4.0,-300.0,0.0,0.2,7,13,20.2,7.0,1520,1345,695,,,,,,,,,,,,,,,-4.0,0.0,56.0,-133.0,15.0,14.0,482.0,0.5,0.0,0.09090909090909091,,,0.9500000000000028,0.0
233,202107010903,0,0,0,0,0,1,0,5,0,0,0,0,0,0,0,0,0,0,0,3,0,0,0,0,0,0,0,0,0,0,0,1,0,0,0,0,0.0,0.0,80.0,7.0,38.7,2.4,0.5454545454545454,,,,,,,,,,,,,,,,,200.0,0.06896551724137931,0.27586206896551724,8,15,244.9,14.0,1737,1482,548,,,,,,,,,,,,,,,,0.0,56.0,83.0,15.0,11.0,458.0,0.2727272727272727,,,,,,
234,202107010903,0,0,0,2,0,0,1,4,0,0,0,0,0,0,0,1,0,0,1,2,0,0,0,0,0,0,0,1,0,0,1,0,0,0,0,0,0.0,0.0,15.0,15.0,41.6,6.0,1.0,0.0,0.0,14.0,15.0,39.5,3.3,0.6875,0.0,0.0,16.0,14.0,39.6,2.6,0.75,-0.5,-4.0,0.0,0.0,0.0,2,2,357.0,15.0,1230,1405,1576,,,,,,,,,,,,,,,-0.5,0.0,56.0,0.0,15.0,15.0,452.0,0.0,0.0625,-0.125,,,1.0,0.0
235,202107010912,1,1,1,10,0,0,0,1,0,0,0,0,0,0,1,4,0,0,0,1,0,0,0,0,0,0,1,1,0,0,0,1,0,0,0,0,0.0,0.0,4.0,7.0,42.1,2.2,0.3333333333333333,0.0,0.0,9.0,9.0,39.4,2.2,0.25,0.0,0.0,15.0,15.0,39.5,3.6,0.25,4.0,11.0,0.0,0.05555555555555555,0.3888888888888889,7,13,2.6,1.0,1428,75,1263,0.0,0.0,7.0,7.0,35.7,1.3,0.3,0.0,0.0,2.0,9.0,41.7,1.6,0.2,0.2,0.0,56.0,-1254.0,15.0,9.0,535.0,0.2222222222222222,0.08333333333333333,0.5,0.0,0.0,0.4499999999999993,0.0
236,202107010912,1,2,1,21,1,2,1,17,0,0,0,1,1,1,1,12,1,0,0,5,0,0,0,1,0,0,0,2,0,0,0,2,0,0,0,0,0.0,0.0,1.0,10.0,37.4,1.0,0.0625,0.0,0.0,1.0,2.0,38.0,0.1,0.13333333333333333,0.0,0.0,1.0,1.0,36.8,0.0,0.13333333333333333,-4.5,-2.0,0.0,0.19230769230769232,0.38461538461538464,6,11,2.9,2.0,1172,1235,1556,0.0,0.0,2.0,2.0,36.8,0.0,0.13333333333333333,0.0,0.0,1.0,2.0,37.9,0.1,0.25,-1.6,0.8,57.0,-232.0,15.0,16.0,508.0,0.0,0.0,0.0,0.0,0.0,0.020000000000000285,0.0
237,202107010912,3,4,3,27,0,0,0,2,0,0,0,0,0,2,2,12,0,0,0,0,0,0,0,0,0,1,0,3,0,0,0,0,0,0,0,0,0.0,0.0,11.0,16.0,40.6,4.3,0.25,0.0,0.0,8.0,9.0,35.7,0.8,0.5714285714285714,0.0,0.0,8.0,9.0,36.1,0.9,0.875,-3.5,4.0,-200.0,0.0967741935483871,0.22580645161290322,5,8,14.7,6.0,1221,1079,1263,0.0,0.0,10.0,6.0,35.8,0.9,0.9375,0.0,0.0,10.0,6.0,35.7,0.7,1.0,-2.3,0.0,56.0,-1030.0,15.0,16.0,502.0,-0.0625,0.0,0.0,0.0,0.0,0.9700000000000003,0.0
238,202107010912,1,0,0,2,0,1,0,13,0,0,0,0,0,0,0,0,0,1,0,6,0,0,0,0,0,0,0,0,0,0,0,2,0,0,0,0,0.0,0.0,9.0,4.0,36.4,0.3,0.4375,0.0,0.0,6.0,7.0,38.0,1.3,0.3333333333333333,0.0,0.0,4.0,9.0,38.8,1.0,0.07142857142857142,2.5,-4.0,-300.0,0.125,0.25,4,6,53.3,8.0,1554,1618,322,0.0,0.0,5.0,2.0,37.5,0.0,0.3125,0.0,0.0,10.0,2.0,36.3,0.0,0.42857142857142855,-0.9,0.4,54.0,-722.0,15.0,16.0,444.0,0.0625,0.06666666666666667,0.0,-0.125,0.0,0.07000000000000028,0.0
239,202107010912,3,4,3,27,0,1,0,5,0,0,0,1,0,2,2,12,0,1,0,2,0,0,0,0,0,1,0,3,0,0,0,0,0,0,0,0,0.0,0.0,12.0,9.0,38.3,0.8,0.9166666666666666,0.0,0.0,15.0,10.0,38.0,1.5,0.8666666666666667,0.0,0.0,13.0,13.0,39.6,3.5,0.6875,2.0,11.0,0.0,0.13043478260869565,0.30434782608695654,8,15,15.1,7.0,1221,225,1263,0.0,0.0,12.0,7.0,37.6,1.0,0.9375,0.0,0.0,10.0,4.0,38.1,0.7,0.6923076923076923,-1.3,0.0,56.0,-1259.0,15.0,12.0,481.0,-0.08333333333333333,-0.13333333333333333,0.25,-0.25,-0.15384615384615385,0.079999999999999,0.0
240,202107010912,0,2,1,2,0,0,0,6,0,0,0,0,0,2,1,0,0,0,0,1,0,0,0,0,0,1,0,0,0,0,0,0,0,0,0,0,0.0,0.0,40.0,4.0,40.9,1.9,0.5714285714285714,0.0,0.0,160.0,14.0,40.3,2.5,0.4375,0.0,0.0,110.0,15.0,39.5,2.8,0.125,5.5,-8.0,-100.0,0.0,0.18181818181818182,3,5,11.8,5.0,1505,351,201,0.0,0.0,60.0,9.0,37.0,1.3,0.8333333333333334,0.0,0.0,90.0,5.0,36.1,1.0,0.6,-0.3,0.0,57.0,-953.0,15.0,7.0,486.0,-0.2857142857142857,-0.125,0.0,-0.08333333333333333,-0.1,1.2899999999999991,0.0
241,202107010912,0,0,2,0,0,0,1,0,0,0,1,0,0,0,1,0,0,0,0,0,0,0,0,0,0,0,0,0,0,0,0,0,0,0,0,0,0.0,0.0,13.0,11.0,39.2,1.3,0.6153846153846154,0.0,0.0,3.0,10.0,13.5,4.0,0.15384615384615385,0.0,0.0,4.0,8.0,14.0,6.3,0.09090909090909091,-1.5,16.0,200.0,0.24324324324324326,0.40540540540540543,3,4,8.4,3.0,525,275,1,0.0,0.0,5.0,6.0,13.4,2.4,0.15384615384615385,0.0,0.0,9.0,8.0,35.6,0.9,0.7857142857142857,-1.0,0.0,56.0,-1256.0,15.0,13.0,530.0,-0.07692307692307693,0.6923076923076923,0.09090909090909091,-0.07692307692307693,0.0,0.7300000000000004,0.0
242,202107010912,0,0,1,7,0,0,0,0,0,0,0,0,0,0,1,5,0,0,0,0,0,0,0,0,0,0,0,3,0,0,0,0,0,0,0,0,0.0,0.0,90.0,6.0,41.0,1.5,1.0,0.0,0.0,90.0,11.0,36.5,1.8,0.8666666666666667,0.0,0.0,110.0,15.0,40.0,3.1,1.0,4.5,13.0,0.0,0.125,0.25,6,10,9.3,4.0,1313,1415,1108,0.0,0.0,10.0,8.0,38.2,1.2,0.07692307692307693,0.0,0.0,40.0,6.0,37.5,1.1,0.6666666666666666,-0.3,0.0,54.0,-1204.0,15.0,10.0,477.0,0.0,0.0,0.0,0.07692307692307693,-0.13333333333333333,0.5299999999999997,0.0
243,202107010912,3,0,2,19,1,0,0,1,0,0,0,0,1,0,0,6,1,0,0,0,0,0,0,0,0,0,0,3,0,0,0,0,0,0,0,0,0.0,0.0,7.0,6.0,40.9,1.7,0.7777777777777778,0.0,0.0,13.0,12.0,41.1,3.5,0.46153846153846156,0.0,0.0,8.0,10.0,39.8,2.3,0.5714285714285714,2.0,2.0,-100.0,0.0,0.2,5,9,176.9,13.0,1691,1673,1167,0.0,0.0,13.0,9.0,37.9,1.3,0.3333333333333333,0.0,0.0,15.0,10.0,39.3,1.5,0.375,0.5,0.0,57.0,-551.0,15.0,9.0,500.0,-0.1111111111111111,0.07692307692307693,-0.07142857142857142,-0.06666666666666667,0.0,0.6400000000000006,0.0
244,202107010912,2,1,0,16,1,2,2,6,0,0,0,0,1,0,0,6,0,1,2,4,0,0,0,0,0,0,0,3,0,0,2,0,0,0,0,0,0.0,0.0,110.0,10.0,38.3,1.8,0.9166666666666666,0.0,0.0,140.0,15.0,38.7,2.1,0.625,0.0,0.0,100.0,8.0,36.5,0.8,1.0,-1.0,-2.0,200.0,0.0,0.2727272727272727,1,1,65.8,11.0,1645,1362,1366,0.0,0.0,130.0,8.0,38.2,1.3,0.3333333333333333,0.0,0.0,70.0,6.0,36.4,1.2,0.6428571428571429,-1.5,0.0,54.0,-1044.0,15.0,12.0,468.0,0.0,-0.0625,0.0,0.0,0.07142857142857142,0.4299999999999997,0.0
245,202107010912,1,2,0,13,0,0,0,0,0,0,0,0,0,1,0,6,0,0,0,0,0,0,0,0,0,1,0,3,0,0,0,0,0,0,0,0,0.0,0.0,14.0,12.0,37.5,1.6,0.8666666666666667,0.0,0.0,11.0,6.0,36.8,0.6,0.8125,0.0,0.0,12.0,11.0,37.5,1.5,0.8,-0.5,8.0,0.0,0.07142857142857142,0.2857142857142857,7,12,170.2,12.0,1110,1686,938,0.0,0.0,11.0,10.0,36.6,1.7,0.5,0.0,0.0,14.0,12.0,38.6,2.9,0.5333333333333333,0.4,0.0,57.0,-246.0,15.0,15.0,534.0,0.06666666666666667,0.0,0.0,0.08333333333333333,0.2,-0.2000000000000007,0.0
246,202107010912,3,4,3,27,1,0,1,5,0,0,0,0,0,2,2,12,0,0,0,2,0,0,0,0,0,1,0,3,0,0,0,0,0,0,0,0,0.0,0.0,50.0,90.0,40.9,2.8,0.5,0.0,0.0,160.0,110.0,38.7,1.6,0.5,0.0,0.0,140.0,120.0,38.0,1.8,0.6666666666666666,15.0,23.0,100.0,0.0,0.0,2,3,279.4,14.0,1221,1170,1263,0.0,0.0,140.0,140.0,37.4,2.0,0.75,0.0,0.0,140.0,120.0,38.2,1.9,0.8125,9.0,0.0,54.0,-499.0,15.0,10.0,499.0,0.2,0.1875,0.0,0.125,0.0,0.6699999999999996,0.0
247,202107010912,0,0,1,7,0,0,0,0,0,0,0,0,0,0,1,5,0,0,0,0,0,0,0,0,0,0,0,3,0,0,0,0,0,0,0,0,0.0,0.0,5.0,9.0,42.9,3.1,1.0,0.0,0.0,16.0,15.0,38.1,1.7,0.8125,0.0,0.0,14.0,15.0,41.1,5.0,0.9333333333333333,3.0,-5.0,-200.0,0.0,0.0,8,14,57.6,9.0,1313,1106,1108,0.0,0.0,8.0,5.0,38.6,1.2,0.8888888888888888,0.0,0.0,9.0,13.0,38.2,2.6,1.0,-0.2,0.0,57.0,-711.0,15.0,9.0,461.0,-0.1111111111111111,0.0,-0.06666666666666667,-0.2222222222222222,-0.06666666666666667,0.8899999999999991,0.0
248,202107010912,1,0,2,21,3,0,4,30,0,0,0,0,1,0,1,7,0,0,2,8,0,0,0,0,1,0,1,2,0,0,1,1,0,0,0,0,0.0,0.0,15.0,8.0,38.5,2.2,1.0,0.0,0.0,11.0,14.0,38.3,2.6,0.9285714285714286,0.0,0.0,14.0,12.0,37.9,1.5,0.7857142857142857,2.0,-6.0,-400.0,0.0,0.0,4,7,300.4,15.0,1520,1558,695,0.0,0.0,14.0,11.0,36.8,1.3,0.8125,0.0,0.0,14.0,12.0,36.9,1.5,0.8666666666666667,0.5,0.0,54.0,-560.0,15.0,15.0,490.0,-0.3333333333333333,0.0,0.07142857142857142,-0.0625,0.13333333333333333,0.4700000000000003,0.0
249,202107010912,1,0,0,12,1,0,0,5,0,0,0,0,0,0,0,2,1,0,0,3,0,0,0,0,0,0,0,2,1,0,0,1,0,0,0,0,0.0,0.0,100.0,9.0,39.4,1.4,0.1875,0.0,0.0,70.0,7.0,39.2,2.1,0.625,0.0,0.0,60.0,9.0,39.0,2.8,0.8,0.0,8.0,-400.0,0.041666666666666664,0.20833333333333334,2,2,63.2,10.0,1152,1108,1428,0.0,0.0,40.0,7.0,37.9,1.0,0.8333333333333334,0.0,0.0,110.0,6.0,34.5,1.3,0.6666666666666666,-0.6,0.0,56.0,41.0,15.0,16.0,478.0,0.0625,0.25,0.1,-0.08333333333333333,-0.08333333333333333,1.11,0.0
250,202107011004,0,0,0,11,0,0,0,4,0,0,0,0,0,0,0,5,0,0,0,2,0,0,0,0,0,0,0,2,0,0,0,1,0,0,0,0,0.0,0.0,4.0,8.0,37.3,0.9,0.8125,0.0,0.0,3.0,1.0,36.7,0.0,0.6,0.0,0.0,15.0,11.0,36.3,1.1,0.75,1.5,0.0,-300.0,0.07692307692307693,0.15384615384615385,8,10,3.6,2.0,1561,1199,1263,0.0,0.0,8.0,10.0,38.4,0.9,0.375,0.0,0.0,4.0,2.0,37.1,0.0,0.5333333333333333,-0.3,0.4,56.0,-1253.0,10.0,16.0,504.0,-0.0625,-0.13333333333333333,-0.1875,0.0,-0.06666666666666667,-0.13000000000000042,0.0
251,202107011004,2,3,0,19,0,0,0,2,0,0,0,0,2,1,0,10,0,0,0,1,0,0,0,0,1,0,0,1,0,0,0,0,0,0,0,0,0.0,0.0,90.0,6.0,36.5,1.2,0.7,0.0,0.0,70.0,15.0,36.5,1.0,0.5333333333333333,0.0,0.0,20.0,1.0,37.5,0.0,0.3333333333333333,-2.5,6.0,0.0,0.0425531914893617,0.14893617021276595,7,8,10.4,5.0,1393,568,1263,,,,,,,,,,,,,,,-2.5,0.3333333333333333,56.0,98.0,10.0,10.0,502.0,0.0,0.0,-0.16666666666666666,,,-0.5,0.0
252,202107011004,0,2,0,4,4,3,1,19,0,1,0,0,0,1,0,1,1,2,0,5,0,1,0,0,0,1,0,1,0,1,0,1,0,1,0,0,0.0,0.0,3.0,4.0,39.3,0.8,0.1,0.0,0.0,8.0,16.0,40.6,6.6,0.25,0.0,0.0,15.0,16.0,39.6,2.7,0.0625,6.0,13.0,-400.0,0.17857142857142858,0.42857142857142855,7,7,3.7,3.0,1605,1167,1,0.0,0.0,5.0,5.0,36.9,0.9,0.2,0.0,0.0,5.0,8.0,39.2,1.3,0.2,-0.3,0.0,56.0,-1254.0,10.0,10.0,513.0,0.0,0.6875,0.0,-0.06666666666666667,-0.06666666666666667,0.3899999999999991,0.0
253,202107011004,0,0,0,13,0,0,0,1,0,0,0,1,0,0,0,4,0,0,0,1,0,0,0,1,0,0,0,0,0,0,0,0,0,0,0,0,0.0,0.0,5.0,6.0,34.9,1.0,0.8125,0.0,0.0,4.0,1.0,36.3,0.0,1.0,0.0,0.0,1.0,1.0,36.9,0.0,0.6875,-2.5,-6.0,0.0,0.08823529411764706,0.23529411764705882,3,3,43.0,10.0,1642,672,1124,0.0,0.0,3.0,2.0,37.0,0.1,0.9375,0.0,0.0,2.0,2.0,37.1,0.1,0.6875,-0.7000000000000001,0.8,54.0,-469.0,10.0,16.0,512.0,0.0625,0.0,-0.1875,0.0,0.0,-0.5100000000000009,0.0
254,202107011004,0,0,0,2,0,0,0,0,0,0,0,0,0,0,0,1,0,0,0,0,0,0,0,0,0,0,0,0,0,0,0,0,0,0,0,0,0.0,0.0,150.0,12.0,38.9,1.3,0.5625,0.0,0.0,13.0,12.0,37.6,1.2,0.75,0.0,0.0,7.0,8.0,38.7,1.6,0.75,-2.0,10.0,-500.0,0.024390243902439025,0.2926829268292683,2,2,2.9,1.0,1548,1611,1328,0.0,0.0,13.0,3.0,37.7,0.9,0.6875,0.0,0.0,12.0,3.0,37.0,0.3,0.9375,-2.7,0.4,56.0,-1393.0,10.0,16.0,494.0,-0.3125,-0.3125,-0.3125,-0.125,-0.125,0.36999999999999955,0.0
255,202107011004,2,1,1,10,0,0,0,1,0,0,0,0,0,0,1,5,0,0,0,1,0,0,0,0,0,0,0,1,0,0,0,0,0,0,0,0,0.0,0.0,60.0,7.0,36.6,1.2,0.375,0.0,0.0,140.0,10.0,37.9,1.5,0.8571428571428571,0.0,0.0,80.0,5.0,35.8,1.0,0.6428571428571429,-1.0,20.0,-600.0,0.0,0.14285714285714285,8,9,23.3,7.0,1482,1374,1263,0.0,0.0,120.0,9.0,36.1,0.6,0.5333333333333333,0.0,0.0,20.0,1.0,36.1,0.0,0.1,-1.3,0.2,56.0,26.0,10.0,8.0,504.0,0.0,0.07142857142857142,0.0,-0.13333333333333333,0.0,0.2799999999999997,0.0
256,202107011004,0,0,0,0,3,1,3,19,0,0,0,0,0,0,0,0,0,0,2,8,0,0,0,0,0,0,0,0,0,0,0,4,0,0,0,0,0.0,0.0,3.0,1.0,39.8,0.0,0.4444444444444444,0.0,0.0,15.0,14.0,37.0,1.3,0.6666666666666666,0.0,0.0,15.0,15.0,39.0,2.7,0.8125,7.0,-6.0,0.0,0.11428571428571428,0.22857142857142856,1,1,9.4,4.0,1175,1013,882,0.0,0.0,16.0,8.0,37.4,1.1,0.9375,0.0,0.0,11.0,10.0,40.3,1.9,0.6875,1.2,0.2,56.0,-1352.0,10.0,9.0,480.0,-0.1111111111111111,0.06666666666666667,0.0,-0.1875,-0.375,-0.13999999999999985,0.0
257,202107011004,0,2,0,4,1,2,2,22,0,0,0,1,0,1,0,1,0,1,2,7,0,0,0,0,0,1,0,1,0,1,0,1,0,0,0,0,0.0,0.0,50.0,100.0,39.9,1.2,0.45454545454545453,0.0,0.0,140.0,110.0,37.5,0.8,0.375,0.0,0.0,50.0,90.0,37.7,1.1,0.38461538461538464,-5.0,-9.0,0.0,0.0,0.06666666666666667,4,4,20.9,6.0,1605,1556,1,0.0,0.0,50.0,120.0,37.9,1.1,0.25,0.0,0.0,50.0,40.0,37.2,0.5,0.3076923076923077,-11.0,0.0,54.0,-1018.0,10.0,11.0,489.0,0.09090909090909091,0.0625,0.07692307692307693,0.0625,0.0,0.4999999999999993,0.0
258,202107011004,0,0,0,1,0,0,0,0,0,0,0,0,0,0,0,0,0,0,0,0,0,0,0,0,0,0,0,0,0,0,0,0,0,0,0,0,0.0,0.0,4.0,12.0,43.9,3.5,0.16666666666666666,0.0,0.0,15.0,15.0,40.5,2.3,0.13333333333333333,0.0,0.0,9.0,9.0,40.4,3.0,0.2,-1.5,10.0,0.0,0.0,0.1111111111111111,5,5,37.2,9.0,1672,1172,1167,0.0,0.0,9.0,7.0,37.6,1.4,0.9090909090909091,0.0,0.0,8.0,9.0,37.8,1.4,0.7333333333333333,-1.4,0.0,55.0,-1207.0,10.0,12.0,472.0,0.5,0.13333333333333333,0.0,0.0,0.0,1.5100000000000002,0.0
259,202107011004,0,0,0,1,1,0,1,5,0,0,0,0,0,0,0,0,0,0,0,2,0,0,0,0,0,0,0,0,0,0,0,0,0,0,0,0,0.0,0.0,9.0,11.0,39.1,3.3,0.8333333333333334,0.0,0.0,12.0,15.0,36.2,1.9,0.625,0.0,0.0,8.0,10.0,41.1,4.3,0.9,-0.5,17.0,0.0,0.225,0.4,6,6,26.6,8.0,1094,1170,334,0.0,0.0,9.0,10.0,37.1,2.5,0.9,0.0,0.0,3.0,4.0,35.7,0.7,0.11764705882352941,-1.9,0.0,56.0,-980.0,10.0,12.0,513.0,0.16666666666666666,0.25,0.1,0.1,0.11764705882352941,0.5899999999999999,0.0
260,202107011012,0,1,0,6,0,0,0,0,0,0,0,0,0,1,0,3,0,0,0,0,0,0,0,0,0,0,0,1,0,0,0,0,0,0,0,0,0.0,0.0,13.0,15.0,39.3,1.8,0.375,0.0,0.0,4.0,9.0,38.1,1.5,0.25,0.0,0.0,2.0,12.0,36.9,1.1,0.5333333333333333,-1.5,-12.0,0.0,0.0,0.08571428571428572,2,4,11.6,5.0,1734,990,1104,0.0,0.0,5.0,7.0,38.3,1.0,0.5333333333333333,0.0,0.0,5.0,2.0,37.4,0.2,0.4375,-2.8,0.2,53.0,-405.0,16.0,16.0,464.0,0.0625,0.125,0.0,0.2,-0.0625,0.36000000000000015,0.0
261,202107011012,1,0,2,21,4,3,2,16,1,0,1,0,1,0,1,7,4,1,2,6,1,0,1,0,0,0,0,1,1,0,0,1,0,0,0,0,0.0,0.0,7.0,1.0,36.6,0.0,0.0625,0.0,0.0,8.0,11.0,37.3,1.7,0.375,0.0,0.0,11.0,13.0,38.3,1.4,0.25,6.0,14.0,-200.0,0.23076923076923078,0.38461538461538464,5,9,4.2,2.0,1520,1405,695,0.0,0.0,8.0,12.0,39.1,1.0,0.25,0.0,0.0,4.0,15.0,39.1,1.8,0.0625,2.9000000000000004,0.2,54.0,-511.0,16.0,16.0,506.0,0.0,0.0,0.0,0.0,0.0,-0.6800000000000004,0.0
262,202107011012,0,0,0,0,0,0,0,0,0,0,0,0,0,0,0,0,0,0,0,0,0,0,0,0,0,0,0,0,0,0,0,0,0,0,0,0,0.0,0.0,4.0,4.0,36.8,0.6,0.5555555555555556,0.0,0.0,12.0,15.0,36.1,1.9,1.0,0.0,0.0,8.0,14.0,36.8,1.9,0.9375,5.0,6.0,200.0,0.18518518518518517,0.4074074074074074,3,6,6.1,3.0,1122,551,1,0.0,0.0,7.0,12.0,37.1,1.5,0.5,0.0,0.0,2.0,12.0,35.9,0.8,0.8125,1.3,0.0,54.0,-550.0,16.0,9.0,502.0,0.0,0.0,0.0,0.1875,-0.0625,0.07999999999999971,0.0
263,202107011012,2,4,3,12,4,3,2,16,0,0,1,0,1,1,3,5,4,1,2,6,0,0,1,0,0,0,0,2,1,0,0,1,0,0,0,0,0.0,0.0,10.0,7.0,34.8,0.4,0.75,0.0,0.0,7.0,6.0,36.4,1.1,0.75,0.0,0.0,8.0,4.0,35.7,0.4,0.9375,-1.5,6.0,0.0,0.0,0.12,7,13,71.2,9.0,1716,1405,1167,0.0,0.0,7.0,14.0,38.0,1.6,0.375,0.0,0.0,8.0,5.0,36.5,0.6,0.75,0.4,0.0,55.0,-385.0,16.0,16.0,460.0,0.125,0.0,0.0,0.0,-0.0625,-0.5000000000000007,0.0
264,202107011012,5,5,3,26,2,1,0,2,1,0,0,0,3,3,1,9,1,1,0,0,1,0,0,0,0,0,0,2,0,0,0,0,0,0,0,0,0.0,0.0,12.0,11.0,36.6,1.7,0.9375,0.0,0.0,11.0,12.0,37.1,1.9,0.46153846153846156,0.0,0.0,10.0,7.0,34.0,1.1,0.7692307692307693,-2.0,10.0,0.0,0.058823529411764705,0.23529411764705882,4,7,14.5,6.0,1576,1301,1577,0.0,0.0,13.0,9.0,37.2,0.9,0.5,0.0,0.0,6.0,10.0,38.6,1.1,0.625,-0.5,0.0,55.0,-644.0,16.0,16.0,468.0,0.0,0.07692307692307693,0.0,0.0,0.0,-0.41000000000000014,0.0
265,202107011012,0,0,1,7,0,0,0,2,0,0,0,1,0,0,1,5,0,0,0,0,0,0,0,0,0,0,0,1,0,0,0,0,0,0,0,0,0.0,0.0,14.0,13.0,36.6,1.2,0.9375,0.0,0.0,15.0,12.0,42.5,3.3,0.26666666666666666,0.0,0.0,9.0,10.0,35.1,1.5,0.3,-1.5,-8.0,200.0,0.025,0.3,4,8,2.1,1.0,1313,1665,1108,0.0,0.0,8.0,12.0,37.8,2.7,0.5,0.0,0.0,9.0,6.0,37.3,0.4,0.5625,-1.4,0.0,54.0,-696.0,16.0,16.0,494.0,-0.0625,0.06666666666666667,0.2,0.0,-0.0625,0.3300000000000011,0.0
266,202107011012,2,4,3,12,3,1,3,20,1,0,1,0,1,1,3,5,0,0,1,6,0,0,1,0,0,0,0,2,0,0,0,2,0,0,0,0,0.0,0.0,7.0,7.0,37.4,1.1,0.625,0.0,0.0,9.0,12.0,34.6,1.1,0.6923076923076923,0.0,0.0,7.0,14.0,35.0,1.3,0.4,3.5,4.0,0.0,0.07894736842105263,0.15789473684210525,1,1,25.6,7.0,1716,1183,1167,0.0,0.0,4.0,4.0,35.2,0.8,0.8,0.0,0.0,3.0,6.0,36.2,0.8,0.4375,-1.0,0.0,55.0,0.0,16.0,16.0,476.0,-0.0625,0.15384615384615385,0.0,-0.1,0.0,0.179999999999999,0.0
267,202107011012,1,1,0,11,1,0,0,1,1,0,0,0,1,0,0,3,1,0,0,0,1,0,0,0,0,0,0,1,0,0,0,0,0,0,0,0,0.0,0.0,100.0,8.0,37.0,1.3,0.8125,0.0,0.0,80.0,5.0,37.0,0.9,0.8125,0.0,0.0,100.0,10.0,36.6,1.3,0.8125,1.0,6.0,0.0,0.0,0.5,2,3,78.8,10.0,1503,460,1263,0.0,0.0,80.0,5.0,38.0,0.6,0.5,0.0,0.0,110.0,8.0,35.6,0.7,0.9375,0.0,0.0,55.0,0.0,16.0,16.0,486.0,0.0,-0.0625,-0.125,0.0,-0.125,0.17999999999999972,0.0
268,202107011012,1,0,2,21,4,3,2,16,1,0,1,0,1,0,1,7,4,1,2,6,1,0,1,0,0,0,0,1,1,0,0,1,0,0,0,0,0.0,0.0,70.0,4.0,38.5,0.7,0.7272727272727273,0.0,0.0,150.0,11.0,38.1,1.4,0.8,0.0,0.0,160.0,13.0,36.8,1.3,1.0,4.5,16.0,200.0,0.09090909090909091,0.24242424242424243,6,12,107.7,12.0,1520,1405,695,0.0,0.0,140.0,9.0,37.3,0.9,0.875,0.0,0.0,120.0,9.0,36.8,1.4,0.875,0.8,0.0,55.0,-646.0,16.0,11.0,500.0,-0.18181818181818182,0.13333333333333333,-0.0625,0.0,0.0,0.420000000000001,0.0
269,202107011012,0,0,0,5,0,0,0,1,0,0,0,0,0,0,0,1,0,0,0,1,0,0,0,0,0,0,0,1,0,0,0,0,0,0,0,0,0.0,0.0,6.0,4.0,36.3,0.2,0.16666666666666666,0.0,0.0,8.0,10.0,37.8,1.4,0.5,0.0,0.0,10.0,2.0,37.2,0.1,0.6363636363636364,-1.0,0.0,-400.0,0.0,0.16666666666666666,5,10,27.8,8.0,1571,1160,1108,0.0,0.0,11.0,6.0,38.4,0.8,0.9285714285714286,0.0,0.0,7.0,13.0,39.3,3.4,0.7142857142857143,1.4,0.2,55.0,-27.0,16.0,12.0,480.0,0.0,-0.0625,-0.2727272727272727,-0.42857142857142855,0.21428571428571427,-0.6600000000000001,0.0
270,202107011012,0,0,0,0,0,0,0,2,0,0,0,0,0,0,0,0,0,0,0,0,0,0,0,0,0,0,0,0,0,0,0,0,0,0,0,0,0.0,0.0,5.0,9.0,41.0,1.4,0.09090909090909091,0.0,0.0,12.0,14.0,38.4,1.7,0.7857142857142857,0.0,0.0,13.0,11.0,38.5,1.5,0.1875,1.0,16.0,0.0,0.043478260869565216,0.15217391304347827,7,14,190.6,13.0,1674,1448,1428,0.0,0.0,14.0,12.0,39.6,2.6,0.5333333333333333,0.0,0.0,8.0,14.0,37.2,2.8,0.9333333333333333,0.8,0.0,54.0,-171.0,16.0,11.0,478.0,0.0,-0.21428571428571427,0.0625,0.26666666666666666,0.0,0.6399999999999991,0.0
271,202107011012,5,5,3,26,4,3,2,16,0,0,0,1,3,3,1,9,4,1,2,6,0,0,0,0,0,0,0,2,1,0,0,1,0,0,0,0,0.0,0.0,,,,,,0.0,0.0,90.0,7.0,37.8,0.9,0.7857142857142857,0.0,0.0,70.0,7.0,36.5,0.9,0.16666666666666666,0.0,,-100.0,0.11764705882352941,0.23529411764705882,8,15,10.9,4.0,1576,1405,1577,0.0,0.0,130.0,6.0,38.3,0.7,0.75,0.0,0.0,100.0,8.0,37.4,0.8,0.75,0.2,0.0,55.0,-579.0,16.0,11.0,,,-0.21428571428571427,0.0,-0.25,-0.125,-0.060000000000000143,0.0
272,202107011012,1,2,1,21,0,0,1,5,0,0,0,1,1,1,1,12,0,0,1,1,0,0,0,0,1,1,0,0,0,0,0,0,0,0,0,0,0.0,0.0,10.0,10.0,38.0,0.0,0.3333333333333333,0.0,0.0,120.0,140.0,37.6,1.9,0.8125,0.0,0.0,100.0,150.0,36.7,0.6,1.0,70.0,24.0,0.0,0.15789473684210525,0.2894736842105263,3,5,102.2,11.0,1172,334,1556,0.0,0.0,110.0,50.0,37.0,0.6,0.9285714285714286,0.0,0.0,110.0,130.0,37.1,2.0,0.9375,15.0,0.0,55.0,-1273.0,16.0,9.0,512.0,-0.2222222222222222,-0.125,0.0,-0.14285714285714285,0.0,0.23999999999999985,0.0
273,202107011012,1,1,1,10,4,3,1,19,0,0,0,0,0,0,1,4,1,2,0,5,0,0,0,0,0,0,0,0,1,1,0,0,0,0,0,0,0.0,0.0,14.0,13.0,39.9,4.3,0.9285714285714286,0.0,0.0,14.0,14.0,38.6,2.4,0.625,0.0,0.0,14.0,11.0,39.5,1.9,0.5714285714285714,-1.0,8.0,-300.0,0.1111111111111111,0.48148148148148145,6,11,209.0,14.0,1428,1167,1263,0.0,0.0,16.0,15.0,37.8,2.2,0.875,0.0,0.0,14.0,14.0,39.6,2.5,0.625,0.3,0.0,55.0,-174.0,16.0,14.0,484.0,0.07142857142857142,0.0625,0.2857142857142857,0.0625,0.1875,0.13999999999999985,0.0
274,202107011012,1,0,2,6,1,0,0,1,0,0,0,1,0,0,1,1,0,0,0,0,0,0,0,0,0,0,0,0,0,0,0,0,0,0,0,0,0.0,0.0,2.0,2.0,38.0,0.3,0.3,0.0,0.0,15.0,15.0,39.2,2.8,0.5,0.0,0.0,15.0,10.0,38.7,1.4,0.3333333333333333,4.0,-3.0,-300.0,0.0,0.13793103448275862,1,2,257.7,15.0,1139,980,1556,0.0,0.0,11.0,12.0,37.7,2.6,0.3125,0.0,0.0,13.0,11.0,36.7,1.8,0.23076923076923078,1.5,0.2,55.0,-701.0,16.0,10.0,467.0,0.0,0.1875,0.26666666666666666,0.4375,0.6923076923076923,0.4099999999999994,0.0
275,202107011012,0,0,0,11,0,1,0,5,0,0,0,1,0,0,0,5,0,0,0,0,0,0,0,0,0,0,0,0,0,0,0,0,0,0,0,0,0.0,0.0,8.0,,,,0.7,0.0,0.0,16.0,16.0,38.1,3.0,0.9375,0.0,0.0,16.0,12.0,36.6,1.3,0.8125,-4.0,18.0,0.0,0.0,0.15384615384615385,8,16,260.0,16.0,1561,1708,1263,0.0,0.0,14.0,15.0,39.8,3.8,0.8125,0.0,0.0,15.0,16.0,39.2,3.4,0.5,0.3,0.0,55.0,-516.0,16.0,10.0,460.0,0.2,0.0,0.0,-0.1875,0.125,-0.65,0.0
276,202107011102,1,0,2,21,3,1,3,19,0,0,0,0,1,0,1,7,0,0,2,8,0,0,0,0,0,0,0,2,0,0,2,0,0,0,0,0,0.0,0.0,10.0,10.0,39.3,1.2,0.6875,0.0,0.0,10.0,5.0,38.6,1.2,0.75,0.0,0.0,5.0,14.0,40.2,2.2,0.5625,2.0,6.0,-400.0,0.0,0.13333333333333333,3,5,4.8,2.0,1520,1013,695,0.0,0.0,3.0,4.0,37.0,0.8,0.3,0.0,0.0,6.0,6.0,36.8,1.3,0.42857142857142855,-0.9,0.0,56.0,-952.0,16.0,16.0,488.0,-0.0625,-0.1875,0.375,0.0,0.07142857142857142,0.6600000000000001,0.0
277,202107011102,0,0,0,1,2,2,3,20,0,0,0,0,0,0,0,0,1,0,2,5,0,0,0,0,0,0,0,0,1,0,1,0,0,0,0,0,0.0,0.0,40.0,8.0,39.7,1.7,0.18181818181818182,0.0,0.0,20.0,3.0,38.0,0.7,0.35714285714285715,,,,,,,,-5.0,-8.0,-300.0,0.02702702702702703,0.13513513513513514,4,8,17.7,5.0,1672,1345,1167,,,,,,,,,,,,,,,-5.0,0.5,53.0,14.0,16.0,11.0,442.0,-0.09090909090909091,-0.07142857142857142,,,,1.7000000000000028,0.0
278,202107011102,1,0,2,21,0,1,1,1,0,0,0,0,1,0,1,7,0,0,0,0,0,0,0,0,0,0,0,2,0,0,0,0,0,0,0,0,0.0,0.0,3.0,7.0,41.6,2.5,0.5555555555555556,0.0,0.0,4.0,14.0,40.1,3.6,0.625,0.0,0.0,8.0,6.0,36.5,0.9,0.3333333333333333,-0.5,21.0,-600.0,0.21428571428571427,0.38095238095238093,7,13,5.6,3.0,1520,239,695,0.0,0.0,12.0,6.0,37.3,0.4,0.9375,0.0,0.0,8.0,9.0,38.8,1.9,0.36363636363636365,-0.4,0.0,56.0,-1351.0,16.0,9.0,547.0,0.2222222222222222,-0.1875,0.0,0.0,0.18181818181818182,0.8400000000000013,0.0
279,202107011102,0,0,0,6,0,0,0,0,0,0,0,0,0,0,0,2,0,0,0,0,0,0,0,0,0,0,0,0,0,0,0,0,0,0,0,0,0.0,0.0,6.0,11.0,42.0,3.0,0.36363636363636365,0.0,0.0,14.0,13.0,38.4,3.1,0.7333333333333333,0.0,0.0,10.0,6.0,37.2,1.1,0.8,-2.5,17.0,0.0,0.125,0.25,2,4,2.0,1.0,1317,1365,1186,0.0,0.0,11.0,6.0,37.7,0.9,0.42857142857142855,0.0,0.0,6.0,8.0,37.1,1.8,0.42857142857142855,-1.3,0.0,56.0,-1045.0,16.0,11.0,527.0,-0.09090909090909091,-0.13333333333333333,0.0,0.0,0.07142857142857142,1.0499999999999994,0.0
280,202107011102,0,0,0,1,3,1,3,20,0,0,0,0,0,0,0,0,0,0,1,6,0,0,0,0,0,0,0,0,0,0,0,1,0,0,0,0,0.0,0.0,3.0,5.0,46.2,5.5,0.125,0.0,0.0,11.0,14.0,40.1,1.9,0.4,0.0,0.0,5.0,10.0,38.4,1.3,0.36363636363636365,2.5,-11.0,0.0,0.05555555555555555,0.2222222222222222,5,10,6.9,4.0,1368,1183,1167,0.0,0.0,4.0,11.0,37.3,2.4,0.18181818181818182,0.0,0.0,11.0,12.0,42.1,3.4,0.07692307692307693,1.1,0.0,56.0,-1260.0,16.0,8.0,497.0,0.375,0.13333333333333333,0.0,0.18181818181818182,0.07692307692307693,1.1000000000000008,0.0
281,202107011102,0,2,0,0,0,0,0,4,0,0,0,0,0,0,0,0,0,0,0,2,0,0,0,0,0,0,0,0,0,0,0,1,0,0,0,0,0.0,0.0,6.0,6.0,39.2,0.9,0.2857142857142857,0.0,0.0,8.0,4.0,37.2,1.6,0.5625,0.0,0.0,10.0,9.0,36.3,0.9,0.7857142857142857,1.5,13.0,0.0,0.0,0.0,5,9,227.8,14.0,1726,1199,1145,0.0,0.0,11.0,6.0,36.0,0.6,0.5,0.0,0.0,4.0,15.0,36.3,2.3,1.0,2.0,0.0,56.0,-1196.0,16.0,7.0,501.0,0.42857142857142855,0.125,-0.14285714285714285,0.0,0.0,0.7000000000000014,0.0
282,202107011102,0,0,0,0,0,0,0,0,0,0,0,0,0,0,0,0,0,0,0,0,0,0,0,0,0,0,0,0,0,0,0,0,0,0,0,0,0.0,0.0,3.0,6.0,39.7,1.9,0.875,0.0,0.0,10.0,,,,,0.0,0.0,16.0,9.0,35.0,1.0,0.125,3.0,-2.0,0.0,0.0,0.125,6,12,128.3,12.0,1601,1645,239,0.0,0.0,16.0,13.0,37.8,1.5,0.8125,0.0,0.0,7.0,10.0,38.4,1.2,0.625,1.6,0.0,56.0,-1168.0,16.0,8.0,466.0,-0.125,,0.0625,0.0,0.0625,0.11000000000000157,0.0
283,202107011102,0,1,0,8,0,0,1,27,0,0,0,1,0,0,0,3,0,0,0,15,0,0,0,1,0,0,0,1,0,0,0,2,0,0,0,1,0.0,0.0,100.0,4.0,38.8,0.3,0.5454545454545454,0.0,0.0,40.0,6.0,40.6,0.6,0.5714285714285714,0.0,0.0,60.0,7.0,38.7,0.9,0.6666666666666666,1.5,15.0,0.0,0.10810810810810811,0.21621621621621623,3,6,29.1,7.0,1489,1263,565,0.0,0.0,70.0,8.0,39.6,1.7,0.4375,0.0,0.0,80.0,6.0,39.4,1.0,0.3125,0.6,0.0,56.0,-1004.0,16.0,11.0,453.0,-0.18181818181818182,-0.14285714285714285,-0.16666666666666666,0.0,-0.0625,-0.020000000000000285,0.0
284,202107011102,0,0,0,0,1,0,1,2,0,0,0,0,0,0,0,0,1,0,0,0,0,0,0,0,0,0,0,0,0,0,0,0,0,0,0,0,0.0,0.0,5.0,6.0,38.2,1.3,0.8333333333333334,0.0,0.0,11.0,8.0,36.3,1.0,0.8125,0.0,0.0,10.0,11.0,37.5,0.9,0.26666666666666666,2.5,-5.0,200.0,0.07142857142857142,0.2857142857142857,4,7,117.5,11.0,1601,1433,239,0.0,0.0,7.0,5.0,36.8,0.8,0.75,0.0,0.0,10.0,6.0,36.9,0.8,0.7692307692307693,-0.3,0.0,55.0,-1252.0,16.0,6.0,495.0,0.0,-0.1875,-0.06666666666666667,-0.125,0.0,0.21000000000000085,0.0
285,202107011102,0,0,0,6,0,0,0,2,0,0,0,0,0,0,0,0,0,0,0,1,0,0,0,0,0,0,0,0,0,0,0,0,0,0,0,0,0.0,0.0,90.0,60.0,39.1,0.6,1.0,0.0,0.0,70.0,120.0,38.2,1.3,0.625,0.0,0.0,70.0,50.0,38.1,1.3,0.3333333333333333,-5.0,7.0,0.0,0.0,0.0,6,11,49.7,10.0,1581,1145,1167,0.0,0.0,110.0,60.0,37.9,0.8,0.6,0.0,0.0,100.0,100.0,39.7,2.5,0.8125,2.0,0.0,56.0,-319.0,16.0,12.0,457.0,-0.16666666666666666,0.0,0.0,0.0,0.0,-0.08999999999999986,0.0
286,202107011102,0,0,0,2,0,2,1,11,0,0,0,0,0,0,0,2,0,0,1,3,0,0,0,0,0,0,0,0,0,0,0,2,0,0,0,0,0.0,0.0,12.0,,,,,0.0,0.0,12.0,14.0,40.2,4.8,0.8125,0.0,0.0,13.0,11.0,39.6,2.6,0.875,-3.0,3.0,100.0,0.0,0.25,2,3,226.3,13.0,1401,1428,517,0.0,0.0,10.0,13.0,38.0,2.1,0.75,0.0,0.0,10.0,6.0,36.9,1.8,0.9285714285714286,-2.2,0.0,56.0,-1120.0,16.0,12.0,471.0,,-0.0625,-0.0625,-0.0625,0.07142857142857142,1.1500000000000015,0.0
287,202107011102,0,0,0,6,0,0,0,6,0,0,0,0,0,0,0,2,0,0,0,0,0,0,0,0,0,0,0,0,0,0,0,0,0,0,0,0,0.0,0.0,3.0,11.0,40.5,2.1,0.8333333333333334,0.0,0.0,11.0,14.0,41.0,4.2,0.5,0.0,0.0,8.0,5.0,38.6,1.9,0.6363636363636364,-3.0,-3.0,0.0,0.0,0.0,1,1,27.9,6.0,1317,1206,1186,0.0,0.0,8.0,6.0,40.1,2.2,0.2222222222222222,0.0,0.0,6.0,12.0,41.0,2.9,0.25,-0.6,0.0,56.0,-869.0,16.0,12.0,499.0,0.0,0.25,0.2727272727272727,0.0,0.125,-0.010000000000000142,0.0
288,202107011102,0,0,0,0,4,3,1,19,0,0,0,0,0,0,0,0,1,2,0,5,0,0,0,0,0,0,0,0,0,0,0,0,0,0,0,0,0.0,0.0,1.0,4.0,42.8,1.6,0.7777777777777778,0.0,0.0,6.0,12.0,42.9,4.8,0.5625,0.0,0.0,5.0,6.0,40.5,2.3,0.09090909090909091,1.0,23.0,0.0,0.09523809523809523,0.38095238095238093,8,16,36.6,9.0,1601,1167,239,0.0,0.0,11.0,2.0,39.0,0.5,0.0625,0.0,0.0,13.0,11.0,43.3,4.4,0.9285714285714286,0.4,0.2,56.0,-819.0,16.0,9.0,523.0,-0.4444444444444444,0.1875,0.09090909090909091,0.0,-0.14285714285714285,0.28999999999999987,0.0
289,202107011102,0,0,0,2,1,1,0,7,0,0,0,1,0,0,0,1,0,0,0,3,0,0,0,0,0,0,0,0,0,0,0,0,0,0,0,0,0.0,0.0,13.0,14.0,41.4,3.4,0.4375,0.0,0.0,15.0,14.0,39.9,3.2,0.9375,0.0,0.0,11.0,12.0,44.3,5.2,0.5,-1.0,6.0,0.0,0.08695652173913043,0.08695652173913043,8,15,242.4,15.0,1020,1503,1576,0.0,0.0,13.0,12.0,36.2,3.3,0.8461538461538461,,,,,,,,-0.8,0.0,56.0,-42.0,16.0,16.0,492.0,0.1875,0.0,0.4166666666666667,0.15384615384615385,,1.1199999999999988,0.0
290,202107011102,0,0,0,7,0,2,1,11,0,0,0,1,0,0,0,1,0,0,1,3,0,0,0,1,0,0,0,1,0,0,0,2,0,0,0,1,0.0,0.0,10.0,10.0,42.6,4.0,0.8,0.0,0.0,13.0,11.0,35.0,0.7,0.6470588235294118,0.0,0.0,6.0,5.0,34.9,0.3,0.16666666666666666,-2.5,12.0,0.0,0.0,0.12903225806451613,1,2,29.9,8.0,1098,1428,1294,0.0,0.0,12.0,13.0,35.6,0.6,0.1111111111111111,0.0,0.0,6.0,7.0,34.0,0.9,0.375,-0.4,0.0,56.0,-318.0,16.0,10.0,470.0,0.1,0.23529411764705882,-0.05555555555555555,0.0,,1.6600000000000001,0.0
291,202107011102,0,0,1,6,0,0,0,2,0,0,0,0,0,0,0,4,0,0,0,0,0,0,0,0,0,0,0,1,0,0,0,0,0,0,0,0,0.0,0.0,6.0,2.0,42.5,0.4,0.3333333333333333,0.0,0.0,16.0,16.0,39.4,3.9,1.0,0.0,0.0,9.0,12.0,38.5,2.5,0.8125,5.0,8.0,0.0,0.037037037037037035,0.18518518518518517,7,14,360.1,16.0,1557,1438,1559,,,,,,,,,,,,,,,5.0,0.3333333333333333,56.0,-327.0,16.0,9.0,466.0,0.0,0.0,0.0625,,,2.0,0.0
292,202107011104,0,0,0,6,0,0,0,1,0,0,0,0,0,0,0,2,0,0,0,1,0,0,0,0,0,0,0,0,0,0,0,0,0,0,0,0,0.0,0.0,1.0,2.0,38.7,0.1,0.06666666666666667,0.0,0.0,11.0,14.0,42.8,6.2,0.14285714285714285,0.0,0.0,10.0,12.0,39.1,1.8,0.25,5.0,-3.0,200.0,0.13636363636363635,0.45454545454545453,7,14,2.6,1.0,1317,920,1186,0.0,0.0,1.0,15.0,42.4,4.4,0.5,0.0,0.0,1.0,1.0,37.7,0.0,0.125,-0.1,0.4,56.0,-1248.0,16.0,15.0,437.0,0.0,0.5714285714285714,-0.0625,0.25,0.0,0.23999999999999985,0.0
293,202107011104,1,0,0,1,0,2,1,11,0,0,0,0,0,0,0,0,0,0,1,3,0,0,0,0,0,0,0,0,0,0,0,1,0,0,0,0,0.0,0.0,6.0,5.0,40.8,2.6,1.0,0.0,0.0,11.0,8.0,38.5,1.0,0.35714285714285715,0.0,0.0,5.0,5.0,39.7,0.8,0.8571428571428571,0.0,12.0,0.0,0.023255813953488372,0.27906976744186046,8,16,26.1,9.0,1586,1428,1167,0.0,0.0,4.0,5.0,39.3,0.7,0.7142857142857143,0.0,0.0,1.0,5.0,39.3,1.2,0.21428571428571427,-0.3,0.0,56.0,-1151.0,16.0,9.0,432.0,0.0,0.42857142857142855,0.0,-0.07142857142857142,0.07142857142857142,0.22000000000000028,0.0
294,202107011104,1,0,0,0,0,0,2,1,0,0,0,0,1,0,0,0,0,0,0,0,0,0,0,0,0,0,0,0,0,0,0,0,0,0,0,0,0.0,0.0,8.0,9.0,39.0,1.8,0.7857142857142857,0.0,0.0,4.0,1.0,36.9,0.0,0.125,0.0,0.0,5.0,8.0,37.4,1.1,0.25,-0.5,4.0,0.0,0.125,0.2916666666666667,6,11,3.7,2.0,1629,1506,1428,0.0,0.0,4.0,2.0,37.2,0.1,0.26666666666666666,0.0,0.0,6.0,10.0,40.7,2.5,0.15384615384615385,0.3,0.4,56.0,-742.0,16.0,14.0,510.0,-0.14285714285714285,0.0,0.0,-0.06666666666666667,0.07692307692307693,-0.370000000000001,0.0
295,202107011104,2,4,3,12,1,0,0,4,0,0,0,0,1,1,3,5,0,0,0,1,0,0,0,0,1,0,0,0,0,0,0,0,0,0,0,0,0.0,0.0,11.0,12.0,35.4,1.1,0.9285714285714286,0.0,0.0,8.0,7.0,35.3,0.9,1.0,0.0,0.0,6.0,9.0,35.7,1.1,0.6923076923076923,-1.5,4.0,400.0,0.02631578947368421,0.15789473684210525,1,2,22.4,7.0,1716,1436,1167,0.0,0.0,6.0,4.0,35.3,0.5,0.7142857142857143,0.0,0.0,14.0,6.0,34.7,0.7,0.7142857142857143,-1.5,0.0,53.0,-1093.0,16.0,14.0,464.0,0.0,0.0,0.23076923076923078,0.0,0.14285714285714285,0.13999999999999915,0.0
296,202107011104,1,0,0,12,0,0,0,2,0,0,0,0,0,0,0,2,0,0,0,1,0,0,0,0,0,0,0,0,0,0,0,0,0,0,0,0,0.0,0.0,2.0,5.0,13.4,2.4,0.5,0.0,0.0,1.0,1.0,13.5,0.0,0.2,0.0,0.0,5.0,4.0,13.4,0.4,0.25,-0.5,4.0,-1980.0,0.08333333333333333,0.08333333333333333,5,9,11.1,6.0,1152,705,1428,0.0,0.0,9.0,12.0,38.9,1.7,0.2857142857142857,0.0,0.0,4.0,7.0,37.3,0.8,0.3076923076923077,1.5,0.2,56.0,-1253.0,16.0,8.0,484.0,-0.125,0.0,0.0,0.14285714285714285,0.0,-7.3199999999999985,0.0
297,202107011104,0,0,0,2,4,3,1,19,0,0,0,0,0,0,0,1,1,2,0,5,0,0,0,0,0,0,0,1,0,0,0,0,0,0,0,0,0.0,0.0,11.0,15.0,35.8,1.9,0.6111111111111112,0.0,0.0,15.0,15.0,37.9,2.1,0.1111111111111111,0.0,0.0,6.0,10.0,39.8,2.0,0.26666666666666666,-2.5,6.0,200.0,0.0,0.23076923076923078,3,6,8.1,3.0,1657,1167,1317,0.0,0.0,3.0,6.0,38.4,0.9,0.1875,,,,,,,,-3.2,0.0,54.0,-148.0,16.0,18.0,444.0,0.2222222222222222,-0.05555555555555555,0.13333333333333333,0.0,,-0.9700000000000003,0.0
298,202107011104,0,0,0,1,3,0,4,30,0,0,0,0,0,0,0,0,0,0,2,8,0,0,0,0,0,0,0,0,0,0,0,1,0,0,0,0,0.0,0.0,8.0,5.0,39.4,1.5,1.0,0.0,0.0,12.0,12.0,40.7,3.8,0.25,0.0,0.0,9.0,9.0,39.1,2.2,0.625,2.0,17.0,0.0,0.0,0.15,2,3,82.7,14.0,1672,1558,1167,0.0,0.0,14.0,7.0,38.0,1.2,0.625,,,,,,,,0.3,0.0,56.0,-779.0,16.0,8.0,473.0,-0.25,0.1875,0.0,-0.0625,,0.5799999999999997,0.0
299,202107011104,0,0,1,3,0,0,0,0,0,0,0,0,0,0,0,0,0,0,0,0,0,0,0,0,0,0,0,0,0,0,0,0,0,0,0,0,,,,,,,,,,,,,,,,,,,,,,,,,0.0,0.11538461538461539,7,13,23.5,8.0,1170,1509,1404,,,,,,,,,,,,,,,,,56.0,,16.0,,,,,,,,,
300,202107011104,1,0,0,1,1,0,0,2,0,0,0,0,0,0,0,0,0,0,0,1,0,0,0,0,0,0,0,0,0,0,0,0,0,0,0,0,0.0,0.0,12.0,10.0,40.4,2.2,0.5,0.0,0.0,8.0,10.0,13.5,3.6,0.9230769230769231,0.0,0.0,9.0,6.0,13.6,2.1,0.5714285714285714,-2.0,-8.0,-600.0,0.08571428571428572,0.22857142857142856,6,12,10.2,4.0,1586,1376,1167,0.0,0.0,10.0,9.0,13.2,1.9,0.7857142857142857,0.0,0.0,6.0,7.0,13.8,2.5,0.38461538461538464,-0.7,0.0,56.0,-1308.0,16.0,12.0,468.0,0.08333333333333333,-0.07692307692307693,0.07142857142857142,0.0,0.15384615384615385,5.35,0.0
301,202107011104,1,0,0,1,1,1,0,7,0,0,0,0,0,0,0,0,0,0,0,3,0,0,0,0,0,0,0,0,0,0,0,1,0,0,0,0,0.0,0.0,,,,,,0.0,0.0,140.0,15.0,40.6,5.9,0.5333333333333333,0.0,0.0,110.0,9.0,40.7,2.4,0.8461538461538461,-6.0,24.0,-100.0,0.06666666666666667,0.26666666666666666,3,5,57.7,10.0,1586,1503,1167,0.0,0.0,110.0,7.0,39.1,2.1,0.75,0.0,0.0,100.0,10.0,38.6,1.9,0.625,-1.7,0.0,55.0,-699.0,16.0,8.0,548.0,,0.4666666666666667,-0.23076923076923078,0.08333333333333333,-0.0625,0.7600000000000001,0.0
302,202107011104,0,0,0,0,3,0,4,30,0,0,0,0,0,0,0,0,0,0,2,8,0,0,0,0,0,0,0,0,0,0,0,1,0,0,0,0,0.0,0.0,11.0,10.0,39.8,1.5,0.13333333333333333,0.0,0.0,14.0,12.0,38.6,1.9,0.375,0.0,0.0,8.0,11.0,37.5,1.5,0.8666666666666667,0.5,2.0,-300.0,0.0,0.0,1,1,81.4,13.0,1601,1558,239,0.0,0.0,8.0,13.0,39.3,2.2,0.07142857142857142,0.0,0.0,6.0,6.0,36.6,0.5,0.3076923076923077,-0.7,0.0,54.0,-1169.0,16.0,15.0,506.0,0.06666666666666667,0.0,-0.13333333333333333,0.0,-0.07692307692307693,0.5699999999999996,0.0
303,202107011104,0,2,0,4,4,3,1,19,0,1,0,0,0,1,0,1,1,2,0,5,0,1,0,0,0,0,0,0,0,0,0,0,0,0,0,0,0.0,0.0,50.0,100.0,45.1,5.5,0.5454545454545454,0.0,0.0,120.0,90.0,39.0,1.9,0.875,0.0,0.0,60.0,70.0,39.2,2.4,0.46153846153846156,-15.0,32.0,0.0,0.05263157894736842,0.21052631578947367,2,4,66.0,11.0,1605,1167,1,0.0,0.0,160.0,70.0,38.2,1.4,1.0,0.0,0.0,110.0,120.0,39.2,2.9,0.9375,2.0,0.0,54.0,-616.0,16.0,11.0,434.0,0.36363636363636365,-0.3125,0.07692307692307693,-0.375,-0.125,1.2599999999999993,0.0
304,202107011104,0,1,0,0,1,0,1,1,0,0,0,0,0,0,0,0,0,0,0,1,0,0,0,0,0,0,0,0,0,0,0,0,0,0,0,0,0.0,0.0,13.0,16.0,40.6,3.6,0.9375,0.0,0.0,16.0,12.0,40.5,4.1,0.9375,0.0,0.0,16.0,13.0,40.5,3.9,0.8125,-1.5,12.0,0.0,0.03571428571428571,0.17857142857142858,4,7,240.5,16.0,1521,1242,1313,,,,,,,,,,,,,,,-1.5,0.0,56.0,-98.0,16.0,16.0,490.0,0.0625,0.0,0.125,,,0.05000000000000071,0.0
305,202107011104,0,2,0,0,2,1,0,2,0,0,0,0,0,0,0,0,1,1,0,0,0,0,0,0,0,0,0,0,0,0,0,0,0,0,0,0,0.0,0.0,13.0,11.0,40.2,2.7,0.8666666666666667,0.0,0.0,16.0,9.0,38.0,1.8,0.9375,0.0,0.0,15.0,14.0,40.3,4.2,1.0,1.5,14.0,-400.0,0.0,0.0,5,10,232.6,15.0,1726,1301,1145,,,,,,,,,,,,,,,1.5,0.0,56.0,-182.0,16.0,15.0,496.0,-0.06666666666666667,0.0,0.0,,,-0.04999999999999716,0.0
306,202107011104,1,0,2,21,4,3,1,19,0,0,0,0,1,0,1,7,1,2,0,5,0,0,0,0,0,0,0,0,0,0,0,0,0,0,0,0,0.0,0.0,120.0,12.0,39.7,3.3,0.9166666666666666,0.0,0.0,140.0,15.0,38.8,3.5,0.9333333333333333,0.0,0.0,120.0,15.0,41.5,4.4,0.4375,1.5,26.0,500.0,0.0,0.0,8,15,78.1,12.0,1520,1167,695,,,,,,,,,,,,,,,1.5,0.0,54.0,-742.0,16.0,12.0,422.0,0.08333333333333333,0.0,-0.0625,,,-0.8999999999999986,0.0
307,202107011104,0,2,0,4,0,1,0,3,0,0,0,0,0,1,0,1,0,0,0,0,0,0,0,0,0,0,0,0,0,0,0,0,0,0,0,0,0.0,0.0,,,,,,0.0,0.0,120.0,15.0,41.8,3.9,1.0,0.0,0.0,90.0,12.0,38.7,2.8,0.9375,-3.0,,-200.0,0.11764705882352941,0.23529411764705882,4,8,10.7,5.0,1605,1393,1,0.0,0.0,80.0,7.0,43.0,5.0,0.1111111111111111,0.0,0.0,60.0,10.0,39.8,2.6,0.7,-2.0,0.0,56.0,-461.0,16.0,9.0,,,-0.1875,-0.0625,0.4444444444444444,0.3,0.1700000000000003,0.0
308,202107011109,0,0,0,1,1,2,1,8,0,0,0,0,0,0,0,1,0,1,0,3,0,0,0,0,0,0,0,0,0,0,0,0,0,0,0,0,0.0,0.0,12.0,4.0,37.0,1.2,0.5625,0.0,0.0,10.0,10.0,36.0,1.6,0.9333333333333333,0.0,0.0,14.0,8.0,36.2,1.1,0.8666666666666667,2.0,2.0,200.0,0.09523809523809523,0.42857142857142855,4,7,2.9,1.0,1319,1039,334,0.0,0.0,13.0,9.0,37.1,1.2,0.5,0.0,0.0,14.0,12.0,38.5,1.3,0.5,1.5,0.0,57.0,-287.0,16.0,16.0,484.0,0.0,0.0,0.0,0.125,0.0,-0.41000000000000014,0.0
309,202107011109,2,0,3,11,0,1,0,5,0,0,0,0,1,0,0,1,0,1,0,3,0,0,0,0,0,0,0,0,0,0,0,0,0,0,0,0,0.0,0.0,8.0,9.0,36.5,1.2,0.8333333333333334,0.0,0.0,7.0,12.0,40.3,2.8,0.25,0.0,0.0,12.0,8.0,35.0,0.6,0.7142857142857143,-0.5,-10.0,-300.0,0.027777777777777776,0.1111111111111111,3,6,2.9,2.0,1127,770,1328,0.0,0.0,12.0,13.0,36.5,0.9,0.6666666666666666,0.0,0.0,10.0,4.0,35.5,0.4,0.9,-0.9,0.0,56.0,-1255.0,16.0,12.0,448.0,0.0,0.0,0.07142857142857142,0.13333333333333333,-0.1,0.5799999999999997,0.0
310,202107011109,5,5,3,26,0,3,0,22,0,1,0,1,3,3,1,9,0,2,0,8,0,1,0,1,2,1,1,4,0,1,0,3,0,1,0,1,0.0,0.0,6.0,8.0,39.9,2.7,0.5555555555555556,0.0,0.0,11.0,11.0,40.8,2.2,0.23076923076923078,0.0,0.0,14.0,13.0,37.1,2.0,0.875,2.5,-3.0,100.0,0.1,0.175,1,2,4.9,3.0,1576,1559,1577,0.0,0.0,11.0,6.0,38.0,0.8,0.35714285714285715,0.0,0.0,5.0,5.0,37.4,1.7,0.6666666666666666,-1.1,0.0,55.0,-863.0,16.0,9.0,467.0,0.3333333333333333,0.0,0.0,0.14285714285714285,0.16666666666666666,0.7799999999999997,0.0
311,202107011109,0,0,1,6,0,0,1,27,0,0,0,1,0,0,0,1,0,0,0,15,0,0,0,0,0,0,0,0,0,0,0,4,0,0,0,0,0.0,0.0,8.0,8.0,41.6,2.8,0.875,0.0,0.0,16.0,9.0,39.8,1.8,0.75,0.0,0.0,15.0,13.0,37.2,2.2,0.5333333333333333,2.5,-10.0,-100.0,0.10714285714285714,0.4642857142857143,6,12,23.7,7.0,1200,1263,324,0.0,0.0,9.0,13.0,38.1,1.3,0.875,0.0,0.0,7.0,4.0,37.3,0.4,0.625,-0.4,0.0,57.0,-1264.0,16.0,8.0,472.0,0.125,0.0,0.06666666666666667,-0.25,-0.0625,1.0300000000000005,0.0
312,202107011109,2,0,3,11,0,0,1,8,0,0,0,1,1,0,0,1,0,0,0,3,0,0,0,0,0,0,0,0,0,0,0,1,0,0,0,0,0.0,0.0,110.0,12.0,39.3,3.1,1.0,0.0,0.0,90.0,9.0,42.2,3.4,0.09090909090909091,0.0,0.0,80.0,7.0,36.7,1.1,0.875,-2.5,-13.0,-100.0,0.0,0.15789473684210525,7,14,23.2,6.0,1127,848,1328,0.0,0.0,30.0,7.0,36.9,1.5,1.0,0.0,0.0,80.0,3.0,35.4,0.7,0.7333333333333333,-2.0,0.2,55.0,-513.0,16.0,12.0,487.0,-0.25,0.0,-0.1875,-0.07692307692307693,-0.13333333333333333,1.31,0.0
313,202107011109,1,2,0,13,0,0,0,0,0,0,0,0,0,1,0,6,0,0,0,0,0,0,0,0,0,1,0,3,0,0,0,0,0,0,0,0,0.0,0.0,14.0,12.0,37.5,1.6,0.8666666666666667,0.0,0.0,11.0,6.0,36.8,0.6,0.8125,0.0,0.0,12.0,11.0,37.5,1.5,0.8,-0.5,8.0,0.0,0.06666666666666667,0.26666666666666666,4,8,46.2,11.0,1110,1686,938,0.0,0.0,11.0,10.0,36.6,1.7,0.5,0.0,0.0,14.0,12.0,38.6,2.9,0.5333333333333333,0.4,0.0,57.0,-239.0,16.0,15.0,534.0,0.06666666666666667,0.0,0.0,0.08333333333333333,0.2,-0.2000000000000007,0.0
314,202107011109,0,0,0,6,0,0,1,6,0,0,0,0,0,0,0,0,0,0,1,3,0,0,0,0,0,0,0,0,0,0,0,1,0,0,0,0,0.0,0.0,20.0,60.0,41.5,1.6,0.5,0.0,0.0,150.0,130.0,39.3,1.5,0.6,0.0,0.0,110.0,90.0,39.1,1.8,0.6666666666666666,15.0,9.0,0.0,0.1,0.4,5,10,37.5,10.0,1199,1221,351,0.0,0.0,100.0,70.0,38.6,1.0,0.125,0.0,0.0,160.0,160.0,42.3,4.0,0.0625,14.0,0.0,57.0,-306.0,16.0,12.0,517.0,-0.25,0.13333333333333333,0.0,0.0,0.0,-0.08999999999999986,0.0
315,202107011109,0,0,1,7,2,2,3,20,0,0,0,0,0,0,1,5,1,0,2,5,0,0,0,0,0,0,0,3,0,0,0,3,0,0,0,0,0.0,0.0,11.0,9.0,14.2,5.5,0.15384615384615385,0.0,0.0,5.0,8.0,38.4,1.0,0.25,0.0,0.0,8.0,11.0,37.9,0.9,0.75,1.0,-2.0,-1480.0,0.0,0.13333333333333333,1,1,20.1,5.0,1313,1345,1108,0.0,0.0,13.0,7.0,36.9,0.9,0.75,0.0,0.0,13.0,4.0,36.9,0.5,0.7692307692307693,-1.1,0.0,57.0,-36.0,16.0,13.0,484.0,0.46153846153846156,0.0625,0.0,0.0625,0.23076923076923078,-4.39,0.0
316,202107011109,2,1,0,16,1,0,0,5,0,0,0,1,1,0,0,6,1,0,0,3,0,0,0,1,0,0,0,3,1,0,0,1,0,0,0,1,0.0,0.0,9.0,12.0,47.8,9.8,0.5833333333333334,0.0,0.0,14.0,12.0,37.9,0.7,0.4375,0.0,0.0,9.0,9.0,38.4,1.2,0.4375,-1.5,3.0,0.0,0.1111111111111111,0.2222222222222222,8,16,27.8,9.0,1645,1108,1366,0.0,0.0,9.0,5.0,37.1,0.7,0.625,0.0,0.0,15.0,10.0,37.4,0.7,0.9375,-1.1,0.0,57.0,-916.0,16.0,12.0,497.0,0.4166666666666667,0.0,0.0,-0.1875,0.0,2.1599999999999993,0.0
317,202107011109,1,2,0,13,0,0,1,6,0,0,0,1,0,1,0,6,0,0,1,3,0,0,0,1,0,1,0,3,0,0,0,1,0,0,0,1,0.0,0.0,14.0,12.0,38.2,1.8,0.6428571428571429,0.0,0.0,9.0,9.0,38.2,2.2,0.6666666666666666,0.0,0.0,14.0,10.0,38.5,1.9,0.5,-1.0,8.0,200.0,0.0,0.0,6,11,25.4,8.0,1110,1221,938,0.0,0.0,15.0,13.0,38.8,1.5,0.13333333333333333,0.0,0.0,12.0,13.0,38.4,1.7,0.35714285714285715,0.6,0.0,55.0,-547.0,16.0,14.0,484.0,0.0,0.0,0.0625,0.0,0.14285714285714285,-0.09999999999999858,0.0
318,202107011109,3,4,3,27,1,0,1,5,0,0,0,0,0,2,2,12,0,0,0,2,0,0,0,0,0,1,0,3,0,0,0,0,0,0,0,0,0.0,0.0,50.0,90.0,40.9,2.8,0.5,0.0,0.0,160.0,110.0,38.7,1.6,0.5,0.0,0.0,140.0,120.0,38.0,1.8,0.6666666666666666,15.0,23.0,100.0,0.038461538461538464,0.19230769230769232,7,13,301.7,16.0,1221,1170,1263,0.0,0.0,140.0,140.0,37.4,2.0,0.75,0.0,0.0,140.0,120.0,38.2,1.9,0.8125,9.0,0.0,55.0,-492.0,16.0,10.0,499.0,0.2,0.1875,0.0,0.125,0.0,0.6699999999999996,0.0
319,202107011109,0,0,3,2,0,0,0,3,0,0,0,0,0,0,0,1,0,0,0,1,0,0,0,0,0,0,0,1,0,0,0,0,0,0,0,0,0.0,0.0,4.0,5.0,38.6,0.3,0.3333333333333333,0.0,0.0,13.0,12.0,39.0,1.9,0.5,0.0,0.0,14.0,12.0,38.1,2.4,0.625,3.5,19.0,0.0,0.023809523809523808,0.2857142857142857,2,3,118.3,13.0,1017,1553,1589,0.0,0.0,14.0,14.0,38.1,2.2,0.75,0.0,0.0,12.0,6.0,36.4,0.5,0.8666666666666667,0.4,0.0,55.0,-1252.0,16.0,9.0,469.0,0.2222222222222222,0.0,0.0,-0.0625,-0.06666666666666667,0.5300000000000005,0.0
320,202107011109,2,0,3,11,0,1,0,0,0,0,0,0,1,0,0,1,0,0,0,0,0,0,0,0,0,0,0,0,0,0,0,0,0,0,0,0,0.0,0.0,150.0,14.0,38.8,2.0,0.8125,0.0,0.0,140.0,13.0,38.9,1.9,0.625,0.0,0.0,160.0,16.0,41.1,4.4,0.4375,1.0,-6.0,0.0,0.0,0.0,5,9,154.8,14.0,1127,118,1328,0.0,0.0,70.0,6.0,36.8,1.6,0.9090909090909091,0.0,0.0,120.0,11.0,39.3,3.3,0.35714285714285715,-1.3,0.0,55.0,-35.0,16.0,16.0,446.0,-0.125,-0.0625,0.3125,-0.2727272727272727,0.2857142857142857,0.11000000000000014,0.0
321,202107011109,2,4,3,12,0,0,0,1,0,0,0,1,1,1,3,5,0,0,0,0,0,0,0,0,0,0,2,0,0,0,0,0,0,0,0,0,0.0,0.0,3.0,13.0,38.0,1.3,0.2,0.0,0.0,4.0,4.0,36.6,0.5,0.1875,0.0,0.0,9.0,2.0,37.0,0.3,0.15384615384615385,-5.5,-10.0,200.0,0.21951219512195122,0.3902439024390244,3,5,13.4,4.0,1716,634,1167,0.0,0.0,4.0,14.0,39.6,2.0,0.0625,0.0,0.0,3.0,11.0,38.4,1.4,0.2727272727272727,0.6,0.2,55.0,-245.0,16.0,15.0,464.0,0.0,0.0,0.0,0.0625,0.09090909090909091,-0.3799999999999997,0.0
322,202107011109,1,0,0,4,3,1,3,19,0,0,0,0,0,0,0,0,0,0,2,8,0,0,0,0,0,0,0,0,0,0,0,4,0,0,0,0,0.0,0.0,12.0,11.0,36.4,0.9,0.9333333333333333,0.0,0.0,12.0,15.0,38.3,2.3,0.9375,0.0,0.0,15.0,6.0,37.8,0.6,0.625,-2.5,-2.0,200.0,0.0,0.18181818181818182,8,15,50.8,12.0,1095,1013,1221,0.0,0.0,11.0,12.0,38.1,2.4,0.375,0.0,0.0,10.0,11.0,36.2,1.3,0.8333333333333334,-0.3,0.0,57.0,-49.0,16.0,15.0,496.0,0.0,0.0,0.0,0.0625,-0.08333333333333333,0.05999999999999872,0.0
323,202107011109,0,0,0,2,0,0,0,0,0,0,0,0,0,0,0,0,0,0,0,0,0,0,0,0,0,0,0,0,0,0,0,0,0,0,0,0,0.0,0.0,80.0,80.0,40.7,2.8,1.0,0.0,0.0,110.0,110.0,39.4,4.5,0.18181818181818182,0.0,0.0,140.0,110.0,13.6,3.3,0.6428571428571429,15.0,40.0,0.0,0.09090909090909091,0.09090909090909091,2,4,289.3,15.0,1042,1104,488,0.0,0.0,130.0,120.0,37.6,2.5,0.6153846153846154,0.0,0.0,120.0,100.0,13.8,5.3,0.8333333333333334,5.0,0.0,55.0,-413.0,16.0,9.0,482.0,0.0,0.45454545454545453,0.07142857142857142,0.23076923076923078,0.0,5.5600000000000005,0.0
324,202107011203,0,0,0,2,0,0,0,11,0,0,0,0,0,0,0,1,0,0,0,2,0,0,0,0,0,0,0,0,0,0,0,0,0,0,0,0,0.0,0.0,8.0,16.0,40.5,2.2,0.1875,0.0,0.0,2.0,1.0,37.8,0.0,0.07142857142857142,0.0,0.0,3.0,12.0,42.1,5.2,0.16666666666666666,-2.0,-2.0,0.0,0.11538461538461539,0.3076923076923077,4,6,4.8,2.0,1657,1551,1317,0.0,0.0,4.0,2.0,36.4,0.0,0.3888888888888889,,,,,,,,-3.1,0.5,54.0,-21.0,14.0,16.0,472.0,0.0625,0.0,0.25,-0.05555555555555555,,0.8,0.0
325,202107011203,0,0,0,0,1,2,1,17,0,0,0,0,0,0,0,0,1,0,0,5,0,0,0,0,0,0,0,0,0,0,0,1,0,0,0,0,0.0,0.0,10.0,6.0,14.2,6.5,0.4,0.0,0.0,16.0,14.0,37.6,2.8,1.0,0.0,0.0,8.0,7.0,14.2,12.4,0.7777777777777778,0.5,10.0,-1510.0,0.06451612903225806,0.25806451612903225,2,2,6.1,3.0,1181,1235,1376,0.0,0.0,10.0,10.0,34.8,0.9,0.3,0.0,0.0,7.0,12.0,43.6,3.1,0.16666666666666666,0.8,0.0,54.0,-972.0,14.0,10.0,466.0,0.2,0.0,-0.1111111111111111,0.0,0.5833333333333334,-5.6,0.0
326,202107011203,1,0,0,4,0,0,0,1,0,0,0,0,0,0,0,0,0,0,0,0,0,0,0,0,0,0,0,0,0,0,0,0,0,0,0,0,0.0,0.0,160.0,12.0,38.1,1.6,0.25,0.0,0.0,150.0,12.0,36.6,1.3,0.8125,0.0,0.0,70.0,16.0,41.8,4.8,0.1875,2.0,-8.0,200.0,0.022727272727272728,0.29545454545454547,7,11,10.3,5.0,1095,1299,1221,0.0,0.0,60.0,5.0,35.4,0.9,0.6428571428571429,0.0,0.0,160.0,7.0,37.8,0.4,0.125,-1.7,0.0,54.0,-1099.0,14.0,16.0,490.0,0.0,0.0625,0.125,-0.21428571428571427,0.0,0.18000000000000113,0.0
327,202107011203,2,1,0,16,0,0,0,0,0,0,0,0,1,0,0,6,0,0,0,0,0,0,0,0,1,0,0,1,0,0,0,0,0,0,0,0,0.0,0.0,7.0,6.0,38.1,1.2,0.8125,0.0,0.0,11.0,4.0,37.5,0.8,0.8571428571428571,0.0,0.0,11.0,8.0,39.7,1.3,0.3125,1.0,0.0,0.0,0.0,0.15384615384615385,3,3,35.5,11.0,1645,1468,1366,0.0,0.0,17.0,8.0,34.5,0.7,1.0,0.0,0.0,10.0,10.0,35.0,1.2,1.0,1.2,0.0,54.0,-14.0,14.0,16.0,416.0,-0.125,-0.21428571428571427,0.0625,0.0,0.0,0.9200000000000003,0.0
328,202107011203,0,1,0,13,1,2,2,22,0,0,0,3,0,0,0,3,0,1,2,7,0,0,0,0,0,0,0,2,0,0,0,1,0,0,0,0,0.0,0.0,15.0,12.0,35.0,1.2,0.25,0.0,0.0,13.0,12.0,34.0,1.2,0.9375,0.0,0.0,9.0,12.0,33.7,1.3,0.9285714285714286,0.0,-6.0,200.0,0.0975609756097561,0.1951219512195122,1,1,12.1,7.0,1090,1556,1169,0.0,0.0,5.0,1.0,34.7,0.0,0.6923076923076923,0.0,0.0,7.0,10.0,35.3,0.7,0.3888888888888889,-1.5,0.2,54.0,-1358.0,14.0,16.0,486.0,0.0,-0.125,-0.07142857142857142,0.07692307692307693,0.0,-0.12999999999999973,0.0
329,202107011203,0,0,0,2,4,3,1,19,0,0,0,0,0,0,0,1,1,2,0,5,0,0,0,0,0,0,0,1,0,0,0,0,0,0,0,0,0.0,0.0,6.0,3.0,39.5,0.8,0.7692307692307693,0.0,0.0,11.0,4.0,38.1,1.3,0.42857142857142855,0.0,0.0,13.0,5.0,40.1,0.7,0.14285714285714285,1.0,12.0,-200.0,0.16666666666666666,0.3333333333333333,5,7,20.3,9.0,1548,1167,1328,0.0,0.0,6.0,16.0,44.1,8.0,0.9375,0.0,0.0,9.0,8.0,38.5,1.7,0.1875,2.2,0.2,54.0,-754.0,14.0,13.0,496.0,-0.07692307692307693,-0.07142857142857142,0.0,0.0,-0.0625,-0.4,0.0
330,202107011203,1,0,0,12,0,0,0,3,0,0,0,0,0,0,0,2,0,0,0,2,0,0,0,0,0,0,0,0,0,0,0,0,0,0,0,0,0.0,0.0,5.0,14.0,38.8,2.1,0.6,0.0,0.0,7.0,8.0,38.7,1.5,0.2,0.0,0.0,7.0,7.0,38.6,2.0,0.125,-3.5,-8.0,200.0,0.0,0.0,6,10,10.3,4.0,1152,1541,1428,0.0,0.0,4.0,7.0,38.8,1.1,0.14285714285714285,0.0,0.0,9.0,9.0,36.7,1.6,0.1,-1.1,0.0,54.0,-83.0,14.0,15.0,470.0,0.0,0.0,0.0,0.0,0.0,0.4099999999999994,0.0
331,202107011203,1,0,1,5,0,0,0,0,0,0,0,0,0,0,0,2,0,0,0,0,0,0,0,0,0,0,0,1,0,0,0,0,0,0,0,0,0.0,0.0,10.0,11.0,42.9,2.4,0.25,0.0,0.0,16.0,11.0,39.2,2.2,0.3125,0.0,0.0,10.0,8.0,35.2,1.3,0.3,-1.5,22.0,0.0,0.03333333333333333,0.16666666666666666,3,4,71.4,12.0,1713,1277,215,0.0,0.0,10.0,6.0,37.0,1.4,0.6,0.0,0.0,10.0,8.0,37.8,1.3,0.7272727272727273,-1.1,0.0,54.0,-1258.0,14.0,12.0,450.0,0.3333333333333333,0.125,0.1,0.1,0.2727272727272727,1.2400000000000007,0.0
332,202107011203,0,1,0,9,0,0,0,11,0,0,0,0,0,0,0,2,0,0,0,2,0,0,0,0,0,0,0,1,0,0,0,0,0,0,0,0,0.0,0.0,12.0,13.0,42.2,5.2,0.5,0.0,0.0,5.0,8.0,41.1,2.9,0.875,0.0,0.0,11.0,5.0,39.7,1.4,0.7272727272727273,-4.0,8.0,-400.0,0.0,0.21428571428571427,8,13,328.3,13.0,1655,1551,239,0.0,0.0,11.0,11.0,41.9,2.5,0.8,0.0,0.0,13.0,9.0,37.9,1.4,0.9285714285714286,-0.5,0.0,54.0,-56.0,14.0,14.0,410.0,-0.07142857142857142,-0.25,-0.18181818181818182,0.06666666666666667,0.0,0.7800000000000011,0.0
333,202107011203,3,0,0,17,0,0,0,0,0,0,0,0,0,0,0,7,0,0,0,0,0,0,0,0,0,0,0,2,0,0,0,0,0,0,0,0,0.0,0.0,5.0,8.0,38.9,1.0,0.6153846153846154,0.0,0.0,11.0,3.0,35.3,0.8,0.35714285714285715,0.0,0.0,11.0,12.0,37.6,1.5,0.5625,2.0,21.0,200.0,0.0,0.0,7,12,22.8,10.0,1348,1084,1221,0.0,0.0,12.0,16.0,44.1,5.6,0.0625,0.0,0.0,10.0,10.0,38.8,1.5,0.42857142857142855,1.7,0.2,54.0,-534.0,14.0,13.0,511.0,0.0,-0.07142857142857142,0.0625,0.0625,0.0,-0.8600000000000001,0.0
334,202107011203,2,0,3,11,0,0,0,0,0,0,0,0,1,0,0,1,0,0,0,0,0,0,0,0,0,0,0,1,0,0,0,0,0,0,0,0,0.0,0.0,70.0,9.0,40.5,2.2,0.9090909090909091,0.0,0.0,80.0,8.0,40.0,1.3,0.0625,0.0,0.0,60.0,11.0,38.9,1.5,0.35714285714285715,1.0,38.0,0.0,0.1,0.43333333333333335,5,8,11.2,6.0,1127,357,1328,0.0,0.0,40.0,12.0,40.0,2.6,0.38461538461538464,0.0,0.0,30.0,4.0,38.7,0.9,0.2,-0.6,0.0,54.0,-594.0,14.0,11.0,508.0,0.0,0.0,-0.07142857142857142,0.07692307692307693,-0.06666666666666667,0.35999999999999943,0.0
335,202107011203,0,0,0,2,0,0,0,3,0,0,0,0,0,0,0,2,0,0,0,1,0,0,0,0,0,0,0,0,0,0,0,1,0,0,0,0,0.0,0.0,8.0,12.0,39.0,2.1,0.6428571428571429,0.0,0.0,5.0,9.0,36.1,0.7,0.6875,0.0,0.0,2.0,2.0,35.6,0.1,0.16666666666666666,-5.0,6.0,0.0,0.058823529411764705,0.17647058823529413,6,9,13.6,8.0,1401,1589,517,,,,,,,,,,,,,,,-5.0,0.3333333333333333,54.0,0.0,14.0,14.0,448.0,0.0,0.0625,0.0,,,1.6999999999999993,0.0
336,202107011203,2,0,0,9,1,0,1,11,0,0,0,0,0,0,0,2,1,0,1,5,0,0,0,0,0,0,0,1,0,0,0,1,0,0,0,0,0.0,0.0,5.0,6.0,41.7,1.3,0.4,0.0,0.0,14.0,15.0,36.1,1.1,0.25,0.0,0.0,8.0,12.0,36.1,1.4,0.75,3.0,-1.0,0.0,0.20454545454545456,0.4090909090909091,4,5,3.3,1.0,1304,1366,1503,0.0,0.0,8.0,11.0,38.9,2.3,0.8,0.0,0.0,1.0,13.0,40.6,3.1,0.2857142857142857,1.0,0.0,54.0,-501.0,14.0,10.0,459.0,-0.1,0.125,-0.0625,0.0,0.0,-0.05999999999999943,0.0
337,202107011203,0,0,1,3,3,1,3,20,0,0,0,0,0,0,0,0,0,0,1,6,0,0,0,0,0,0,0,0,0,0,0,1,0,0,0,0,0.0,0.0,9.0,7.0,42.5,3.3,0.5454545454545454,0.0,0.0,14.0,11.0,40.8,4.3,0.8125,0.0,0.0,14.0,14.0,38.2,3.9,1.0,3.5,17.0,-350.0,0.06451612903225806,0.22580645161290322,8,14,377.2,14.0,1170,1183,1404,0.0,0.0,14.0,11.0,42.5,5.7,0.5,,,,,,,,1.5,0.0,54.0,-958.0,14.0,11.0,445.0,0.36363636363636365,0.1875,0.0,0.1875,,0.25999999999999945,0.0
338,202107011209,0,0,0,5,2,2,1,10,0,0,0,0,0,0,0,1,2,2,1,1,0,0,0,0,0,0,0,0,0,0,0,0,0,0,0,0,0.0,0.0,11.0,7.0,36.2,0.4,0.25,0.0,0.0,5.0,15.0,38.7,2.1,0.5625,0.0,0.0,11.0,11.0,36.5,1.5,0.5,2.0,-8.0,0.0,0.17391304347826086,0.4782608695652174,6,11,5.1,2.0,1719,1124,1170,0.0,0.0,3.0,5.0,37.5,0.4,0.23076923076923078,0.0,0.0,12.0,10.0,38.3,1.3,0.125,-0.4,0.0,55.0,-1190.0,15.0,16.0,484.0,-0.0625,0.0625,-0.125,-0.07692307692307693,0.0,-0.2999999999999986,0.0
339,202107011209,2,1,0,13,1,0,1,23,0,0,0,0,1,1,0,5,1,0,0,7,0,0,0,0,0,0,0,0,0,0,0,0,0,0,0,0,0.0,0.0,40.0,20.0,36.1,0.3,0.6666666666666666,0.0,0.0,140.0,140.0,39.7,5.9,1.0,0.0,0.0,130.0,160.0,37.4,3.3,0.9375,70.0,16.0,200.0,0.20930232558139536,0.3953488372093023,5,8,2.2,1.0,1200,1221,324,0.0,0.0,160.0,150.0,35.4,1.8,1.0,0.0,0.0,110.0,80.0,35.9,1.1,1.0,13.0,0.0,56.0,-1256.0,15.0,9.0,514.0,-0.1111111111111111,0.0,0.0625,0.0,0.0,0.470000000000001,0.0
340,202107011209,3,1,0,9,1,0,0,6,0,0,0,0,0,0,0,0,1,0,0,2,0,0,0,0,0,0,0,0,0,0,0,0,0,0,0,0,0.0,0.0,7.0,9.0,37.2,0.7,0.6666666666666666,0.0,0.0,11.0,15.0,39.2,2.5,0.3125,0.0,0.0,8.0,14.0,36.1,1.1,0.8125,2.5,0.0,200.0,0.0,0.1111111111111111,3,5,23.3,8.0,1328,225,1263,0.0,0.0,10.0,10.0,35.2,0.6,0.875,0.0,0.0,5.0,7.0,35.9,0.6,0.5333333333333333,-0.9,0.0,56.0,-350.0,15.0,12.0,454.0,0.0,0.0,-0.0625,-0.0625,-0.06666666666666667,0.6600000000000008,0.0
341,202107011209,5,9,7,47,2,1,0,32,0,0,0,1,3,3,3,19,2,1,0,15,0,0,0,1,0,0,0,2,0,0,0,2,0,0,0,1,0.0,0.0,13.0,13.0,37.0,1.9,0.5,0.0,0.0,9.0,11.0,38.9,2.0,0.375,0.0,0.0,10.0,4.0,37.5,0.6,0.4,-4.5,-10.0,0.0,0.034482758620689655,0.1724137931034483,5,9,51.8,10.0,1172,1366,1556,0.0,0.0,11.0,11.0,37.7,0.9,0.6875,0.0,0.0,12.0,2.0,36.3,0.2,0.25,-2.2,0.2,54.0,-77.0,15.0,16.0,486.0,0.25,0.125,0.13333333333333333,-0.0625,0.0,0.2600000000000001,0.0
342,202107011209,1,1,2,12,1,0,0,0,0,0,0,0,1,0,1,5,0,0,0,0,0,0,0,0,0,0,0,0,0,0,0,0,0,0,0,0,0.0,0.0,5.0,2.0,36.1,0.6,0.5,0.0,0.0,1.0,11.0,38.0,1.2,0.21428571428571427,0.0,0.0,3.0,5.0,36.5,0.3,0.13333333333333333,1.5,10.0,100.0,0.12,0.32,7,13,9.9,4.0,1734,12,1104,0.0,0.0,5.0,4.0,36.6,0.5,0.125,0.0,0.0,7.0,2.0,36.0,0.0,0.13333333333333333,-0.7,0.4,53.0,-266.0,15.0,16.0,470.0,0.0625,0.0,0.0,0.0,0.0,0.16000000000000014,0.0
343,202107011209,2,2,1,26,1,3,6,20,0,0,0,0,0,2,1,11,0,1,2,8,0,0,0,0,0,0,0,1,0,0,0,0,0,0,0,0,0.0,0.0,50.0,50.0,38.9,1.2,0.7142857142857143,0.0,0.0,150.0,80.0,37.4,0.6,0.4375,0.0,0.0,120.0,80.0,36.9,1.0,0.3125,15.0,-6.0,170.0,0.08333333333333333,0.2222222222222222,1,1,7.4,3.0,1665,1376,1577,0.0,0.0,130.0,60.0,36.7,1.1,0.5625,0.0,0.0,150.0,90.0,37.1,0.8,0.75,6.0,0.0,56.0,-1137.0,15.0,7.0,470.0,0.0,-0.0625,-0.0625,0.0625,0.0,0.429999999999999,0.0
344,202107011209,6,11,8,58,0,0,0,1,0,0,0,0,1,2,3,24,0,0,0,1,0,0,0,0,0,0,0,0,0,0,0,1,0,0,0,0,0.0,0.0,90.0,,,,0.7272727272727273,0.0,0.0,80.0,9.0,14.2,12.2,1.0,0.0,0.0,140.0,16.0,38.5,2.4,0.75,7.0,2.0,-1350.0,0.0,0.16666666666666666,8,15,12.6,5.0,1221,818,1263,0.0,0.0,70.0,10.0,38.5,2.1,0.46153846153846156,0.0,0.0,90.0,2.0,37.3,0.1,0.08333333333333333,-2.7,0.25,55.0,-790.0,15.0,11.0,498.0,0.18181818181818182,0.0,0.0625,0.38461538461538464,0.0,-6.93,0.0
345,202107011209,8,7,10,65,6,4,8,59,2,0,1,6,4,3,4,32,1,1,4,18,0,0,1,5,0,1,0,0,0,0,0,1,0,0,0,0,0.0,0.0,7.0,7.0,37.6,1.9,1.0,0.0,0.0,12.0,13.0,36.3,1.3,0.9285714285714286,0.0,0.0,12.0,7.0,36.7,1.2,0.8125,0.0,4.0,200.0,0.0625,0.1875,3,4,39.4,9.0,1576,1559,1577,0.0,0.0,3.0,7.0,35.8,0.5,1.0,0.0,0.0,11.0,7.0,35.5,0.3,0.9375,-0.6,0.0,55.0,-1229.0,15.0,8.0,478.0,0.0,-0.07142857142857142,0.0,-0.0625,0.0,0.4700000000000003,0.0
346,202107011209,6,4,3,42,4,6,9,67,0,0,0,0,1,2,0,9,1,1,2,15,0,0,0,0,0,0,0,1,0,0,0,0,0,0,0,0,0.0,0.0,6.0,5.0,36.1,0.5,0.1875,0.0,0.0,6.0,9.0,38.8,1.2,0.06666666666666667,0.0,0.0,5.0,6.0,37.7,0.4,0.125,0.5,-4.0,200.0,0.2,0.4,4,7,13.0,6.0,1167,1558,460,0.0,0.0,7.0,3.0,37.5,0.8,0.125,0.0,0.0,8.0,3.0,36.0,0.5,0.5333333333333333,-1.0,0.4,53.0,-42.0,15.0,16.0,470.0,0.0,0.0,0.0,0.0,-0.06666666666666667,0.15,0.0
347,202107011209,3,2,0,17,0,0,0,1,0,0,0,0,1,0,0,4,0,0,0,0,0,0,0,0,0,0,0,0,0,0,0,0,0,0,0,0,0.0,0.0,80.0,14.0,13.9,10.7,0.7142857142857143,0.0,0.0,150.0,9.0,36.5,0.8,0.75,0.0,0.0,160.0,8.0,36.6,0.7,0.75,-3.0,10.0,-1600.0,0.12,0.24,7,12,91.7,13.0,1294,180,471,0.0,0.0,150.0,13.0,36.2,1.8,1.0,0.0,0.0,130.0,10.0,37.6,1.4,0.9333333333333333,-0.4,0.0,54.0,-126.0,15.0,14.0,504.0,0.21428571428571427,0.125,0.0,0.0,-0.06666666666666667,-4.710000000000001,0.0
348,202107011209,6,11,8,58,0,0,0,9,0,0,0,1,1,2,3,24,0,0,0,1,0,0,0,0,0,0,0,0,0,0,0,0,0,0,0,0,0.0,0.0,15.0,11.0,37.4,1.4,1.0,0.0,0.0,16.0,7.0,35.2,0.7,1.0,0.0,0.0,13.0,12.0,36.0,1.1,1.0,0.5,6.0,0.0,0.0,0.0,2,3,125.5,15.0,1221,1021,1263,0.0,0.0,12.0,7.0,36.8,0.5,0.75,0.0,0.0,13.0,14.0,36.1,1.1,0.75,0.6,0.0,54.0,0.0,15.0,15.0,514.0,0.0,0.0,-0.26666666666666666,0.1875,0.0625,0.1,0.0
349,202107011209,5,4,6,48,4,2,1,43,0,0,0,1,1,0,1,12,1,2,1,13,0,0,0,0,0,0,1,2,0,0,0,0,0,0,0,0,0.0,0.0,120.0,10.0,38.4,2.6,1.0,0.0,0.0,120.0,11.0,38.3,1.4,0.4,0.0,0.0,120.0,11.0,37.2,0.9,0.625,0.5,-17.0,0.0,0.0,0.0,8,14,65.0,12.0,1183,1405,1558,0.0,0.0,130.0,15.0,39.5,2.0,0.5625,0.0,0.0,150.0,16.0,38.9,2.2,0.375,1.6,0.0,53.0,-256.0,15.0,12.0,521.0,-0.08333333333333333,0.0,-0.0625,0.1875,0.0,-0.22000000000000028,0.0
350,202107011209,0,1,1,18,0,0,0,3,0,0,0,0,0,1,1,7,0,0,0,0,0,0,0,0,0,0,0,0,0,0,0,0,0,0,0,0,0.0,0.0,13.0,15.0,39.0,2.5,0.875,0.0,0.0,14.0,11.0,35.6,0.8,0.9375,0.0,0.0,8.0,12.0,37.8,1.8,0.5625,-1.5,4.0,-400.0,0.15384615384615385,0.28205128205128205,6,10,14.0,7.0,1095,1168,1221,0.0,0.0,12.0,10.0,35.8,1.1,0.875,0.0,0.0,12.0,5.0,37.1,1.2,0.3125,-2.1,0.0,52.0,-258.0,15.0,16.0,504.0,0.0625,0.0625,0.0,0.0,0.0,0.36000000000000015,0.0
351,202107011209,6,11,8,58,0,0,0,1,0,0,0,0,1,2,3,24,0,0,0,0,0,0,0,0,0,0,0,0,0,0,0,0,0,0,0,0,0.0,0.0,12.0,12.0,35.8,2.0,0.8333333333333334,0.0,0.0,14.0,14.0,38.7,2.1,0.7333333333333333,0.0,0.0,12.0,17.0,34.5,1.5,1.0,2.5,0.0,0.0,0.06666666666666667,0.23333333333333334,4,6,99.7,14.0,1221,1273,1263,0.0,0.0,13.0,14.0,37.5,2.6,0.07142857142857142,0.0,0.0,7.0,11.0,34.8,0.8,0.7692307692307693,-0.2,0.0,52.0,-14.0,15.0,12.0,502.0,0.08333333333333333,0.13333333333333333,0.0,0.07142857142857142,0.0,0.3200000000000003,0.0
352,202107011209,2,1,1,10,0,1,1,7,0,0,0,0,0,0,0,2,0,1,0,1,0,0,0,0,0,0,0,0,0,0,0,0,0,0,0,0,0.0,0.0,1.0,1.0,13.2,0.0,0.08333333333333333,0.0,0.0,1.0,1.0,13.4,0.0,0.07692307692307693,0.0,0.0,3.0,4.0,13.3,0.9,0.5,1.5,10.0,-1990.0,0.10344827586206896,0.4482758620689655,2,2,53.9,11.0,1170,1542,1404,0.0,0.0,5.0,1.0,13.6,0.0,0.07142857142857142,0.0,0.0,10.0,16.0,37.4,1.7,0.25,3.0,0.6,54.0,-370.0,15.0,12.0,504.0,0.0,0.0,-0.125,0.0,0.0,-4.86,0.0
353,202107020101,0,0,0,0,0,0,0,0,0,0,0,0,0,0,0,0,0,0,0,0,0,0,0,0,0,0,0,0,0,0,0,0,0,0,0,0,0.0,0.0,7.0,10.0,42.3,4.5,1.0,0.0,0.0,15.0,16.0,41.7,7.1,1.0,0.0,0.0,11.0,16.0,38.4,3.3,0.1875,3.0,6.0,0.0,0.0,0.0,8,15,74.9,11.0,1463,760,1167,0.0,0.0,12.0,14.0,38.8,4.1,0.42857142857142855,0.0,0.0,11.0,9.0,37.8,1.2,0.375,-0.4,0.0,53.0,-1176.0,16.0,10.0,534.0,0.0,0.0,0.25,0.14285714285714285,-0.0625,1.1900000000000006,0.0
354,202107020101,1,0,0,1,0,0,0,1,0,0,0,0,0,0,0,0,0,0,0,0,0,0,0,0,0,0,0,0,0,0,0,0,0,0,0,0,0.0,0.0,7.0,4.0,38.4,0.8,0.6363636363636364,0.0,0.0,5.0,10.0,37.1,1.9,0.3125,0.0,0.0,14.0,4.0,35.9,0.1,0.8125,0.0,-11.0,0.0,0.09803921568627451,0.21568627450980393,2,4,1.8,1.0,1090,1086,1169,0.0,0.0,7.0,10.0,37.3,1.0,0.75,0.0,0.0,3.0,6.0,36.0,0.4,0.5714285714285714,0.4,0.0,56.0,-1209.0,16.0,11.0,501.0,-0.18181818181818182,-0.0625,0.0,0.0,0.0,0.46000000000000013,0.0
355,202107020101,0,0,0,0,0,0,0,0,0,0,0,0,0,0,0,0,0,0,0,0,0,0,0,0,0,0,0,0,0,0,0,0,0,0,0,0,0.0,0.0,1.0,2.0,40.3,0.1,0.1,0.0,0.0,3.0,13.0,37.6,2.0,0.4666666666666667,0.0,0.0,2.0,2.0,38.3,0.2,0.13333333333333333,0.0,-7.0,170.0,0.09090909090909091,0.18181818181818182,1,1,7.2,2.0,1677,1322,1167,0.0,0.0,4.0,2.0,36.9,0.7,0.26666666666666666,0.0,0.0,2.0,4.0,38.5,0.7,0.25,-0.7,0.6,56.0,-523.0,16.0,10.0,485.0,0.0,0.06666666666666667,0.0,-0.06666666666666667,-0.0625,0.4299999999999997,0.0
356,202107020101,0,0,0,1,0,0,0,3,0,0,0,0,0,0,0,0,0,0,0,1,0,0,0,0,0,0,0,0,0,0,0,0,0,0,0,0,0.0,0.0,1.0,1.0,39.4,0.0,0.42857142857142855,0.0,0.0,1.0,2.0,39.8,0.4,0.36363636363636365,0.0,0.0,3.0,2.0,38.3,1.2,0.8,0.5,2.0,-300.0,0.1111111111111111,0.2222222222222222,4,7,15.2,7.0,1605,1221,1,0.0,0.0,4.0,5.0,38.7,0.4,0.1875,0.0,0.0,6.0,2.0,38.3,0.1,0.125,0.5,0.8,56.0,-141.0,16.0,14.0,498.0,-0.21428571428571427,-0.18181818181818182,-0.06666666666666667,-0.0625,0.0,0.32999999999999974,0.0
357,202107020101,0,0,0,2,0,0,0,1,0,0,0,0,0,0,0,0,0,0,0,0,0,0,0,0,0,0,0,0,0,0,0,0,0,0,0,0,0.0,0.0,9.0,7.0,40.1,1.6,0.9285714285714286,0.0,0.0,14.0,12.0,37.0,1.1,0.7142857142857143,0.0,0.0,11.0,13.0,39.8,2.8,0.6666666666666666,3.0,6.0,0.0,,,4,8,175.2,16.0,1431,1589,1428,0.0,0.0,13.0,14.0,41.0,4.6,0.4375,0.0,0.0,16.0,5.0,38.2,1.0,0.5,-0.2,0.0,52.0,-1231.0,16.0,14.0,478.0,-0.07142857142857142,-0.21428571428571427,0.06666666666666667,0.0,0.0,-0.020000000000000285,0.0
358,202107020101,0,0,0,3,0,0,0,1,0,0,0,1,0,0,0,0,0,0,0,0,0,0,0,0,0,0,0,0,0,0,0,0,0,0,0,0,0.0,0.0,3.0,9.0,41.6,2.5,0.6363636363636364,0.0,0.0,12.0,10.0,39.7,2.5,0.9230769230769231,0.0,0.0,8.0,13.0,40.1,3.5,0.4666666666666667,2.0,16.0,0.0,0.17647058823529413,0.23529411764705882,3,6,11.3,5.0,1042,1620,488,0.0,0.0,2.0,9.0,37.5,1.7,0.7333333333333333,0.0,0.0,4.0,2.0,38.1,0.2,0.4666666666666667,-1.5,0.2,56.0,-1142.0,16.0,11.0,494.0,0.09090909090909091,-0.07692307692307693,0.3333333333333333,-0.06666666666666667,0.0,0.9200000000000003,0.0
359,202107020101,0,0,0,0,0,0,0,0,0,0,0,0,0,0,0,0,0,0,0,0,0,0,0,0,0,0,0,0,0,0,0,0,0,0,0,0,0.0,0.0,7.0,10.0,40.7,3.0,1.0,0.0,0.0,7.0,7.0,38.7,3.2,0.6153846153846154,0.0,0.0,5.0,6.0,40.7,1.5,0.35714285714285715,-2.0,16.0,-400.0,0.1,0.1,6,11,9.9,4.0,1575,1029,1576,0.0,0.0,5.0,7.0,39.2,1.1,0.3,0.0,0.0,4.0,7.0,38.3,1.1,0.5,-0.6,0.0,56.0,-749.0,16.0,11.0,528.0,-0.09090909090909091,0.15384615384615385,0.0,-0.1,0.125,0.43000000000000116,0.0
360,202107020101,0,0,0,0,0,0,0,0,0,0,0,0,0,0,0,0,0,0,0,0,0,0,0,0,0,0,0,0,0,0,0,0,0,0,0,0,0.0,0.0,110.0,110.0,42.9,5.1,0.6363636363636364,0.0,0.0,140.0,150.0,40.8,4.3,0.3125,0.0,0.0,150.0,80.0,37.7,1.2,0.875,-15.0,3.0,0.0,0.0,0.0,2,3,151.0,15.0,1548,1412,1328,0.0,0.0,30.0,130.0,39.3,1.7,0.5625,0.0,0.0,70.0,70.0,35.7,0.5,0.5625,-10.0,0.0,56.0,-1225.0,16.0,11.0,427.0,0.0,0.125,-0.0625,0.0625,0.0,1.5899999999999992,0.0
361,202107020101,0,0,0,0,0,0,0,0,0,0,0,0,0,0,0,0,0,0,0,0,0,0,0,0,0,0,0,0,0,0,0,0,0,0,0,0,0.0,0.0,,,,,,0.0,0.0,130.0,11.0,38.7,2.1,0.6875,0.0,0.0,90.0,8.0,38.5,0.9,0.4,-3.0,18.0,0.0,0.0,0.0,7,13,97.3,14.0,1020,1239,1576,0.0,0.0,140.0,9.0,39.2,1.2,0.1875,0.0,0.0,140.0,14.0,40.1,2.4,0.0625,1.0,0.0,56.0,-1047.0,16.0,11.0,514.0,,0.1875,0.0,0.0,0.0,-0.4899999999999999,0.0
362,202107020101,1,0,0,0,0,0,0,1,0,0,0,0,0,0,0,0,0,0,0,0,0,0,0,0,0,0,0,0,0,0,0,0,0,0,0,0,0.0,0.0,4.0,9.0,38.0,1.3,0.8,0.0,0.0,11.0,14.0,40.7,4.0,0.1875,0.0,0.0,12.0,10.0,39.0,1.4,0.375,0.5,26.0,580.0,0.0,0.16666666666666666,1,2,84.4,12.0,1611,857,1263,0.0,0.0,11.0,10.0,40.0,3.1,1.0,0.0,0.0,12.0,7.0,39.4,1.1,0.9375,-0.8,0.0,53.0,-1217.0,16.0,10.0,468.0,0.0,0.0,0.0,-0.125,-0.375,-0.20999999999999944,0.0
363,202107020101,0,0,0,0,0,0,0,0,0,0,0,0,0,0,0,0,0,0,0,0,0,0,0,0,0,0,0,0,0,0,0,0,0,0,0,0,0.0,0.0,10.0,30.0,40.2,1.5,0.2857142857142857,0.0,0.0,140.0,130.0,36.9,1.9,0.6875,0.0,0.0,80.0,130.0,37.0,1.6,0.8,50.0,7.0,-100.0,0.07692307692307693,0.20512820512820512,5,10,14.3,6.0,1463,527,1167,0.0,0.0,140.0,160.0,38.4,2.7,0.8125,0.0,0.0,60.0,90.0,36.4,1.3,0.5384615384615384,15.0,0.0,56.0,-1212.0,16.0,7.0,463.0,0.0,0.0625,0.0,0.0,0.07692307692307693,0.6100000000000009,0.0
364,202107020101,0,0,2,8,0,0,0,0,0,0,0,0,0,0,0,3,0,0,0,0,0,0,0,0,0,0,0,2,0,0,0,0,0,0,0,0,0.0,0.0,5.0,10.0,39.8,2.7,0.75,0.0,0.0,6.0,11.0,36.8,2.2,0.5,0.0,0.0,14.0,9.0,36.1,0.6,0.16666666666666666,-0.5,20.0,0.0,0.1875,0.3958333333333333,3,5,8.9,3.0,1503,428,1263,0.0,0.0,3.0,10.0,41.2,2.5,0.3076923076923077,0.0,0.0,3.0,12.0,37.6,1.7,1.0,0.3,0.0,56.0,-315.0,16.0,12.0,474.0,-0.08333333333333333,0.0,0.0,0.07692307692307693,0.0,-1.4210854715202005e-15,0.0
365,202107020101,0,0,0,5,0,0,0,1,0,0,0,0,0,0,0,3,0,0,0,0,0,0,0,0,0,0,0,0,0,0,0,0,0,0,0,0,0.0,0.0,16.0,13.0,38.5,1.9,0.875,0.0,0.0,14.0,13.0,37.7,2.2,0.75,0.0,0.0,16.0,12.0,38.1,1.6,0.8125,-0.5,-4.0,-300.0,0.0,0.15384615384615385,8,16,35.4,8.0,1482,796,1263,0.0,0.0,16.0,14.0,38.6,2.1,0.8125,0.0,0.0,11.0,9.0,37.3,2.3,0.7272727272727273,-0.7,0.0,54.0,-701.0,16.0,16.0,472.0,0.0625,-0.0625,-0.0625,0.0625,0.0,0.15000000000000072,0.0
366,202107020101,0,0,0,3,0,0,0,0,0,0,0,0,0,0,0,1,0,0,0,0,0,0,0,0,0,0,0,1,0,0,0,0,0,0,0,0,0.0,0.0,10.0,10.0,41.6,2.3,0.5,0.0,0.0,11.0,13.0,37.7,2.7,0.9230769230769231,0.0,0.0,11.0,11.0,40.2,2.4,0.9375,0.5,14.0,0.0,0.05263157894736842,0.2631578947368421,7,14,86.6,13.0,1304,351,1503,0.0,0.0,13.0,14.0,38.7,2.2,0.875,0.0,0.0,11.0,11.0,35.9,1.1,0.6875,0.3,0.0,55.0,-605.0,16.0,10.0,448.0,0.4,0.07692307692307693,0.0,-0.0625,0.25,1.0400000000000005,0.0
367,202107020101,0,0,0,4,0,0,0,0,0,0,0,0,0,0,0,1,0,0,0,0,0,0,0,0,0,0,0,1,0,0,0,0,0,0,0,0,0.0,0.0,7.0,8.0,46.8,6.1,0.125,0.0,0.0,16.0,15.0,36.5,1.7,0.11764705882352941,0.0,0.0,8.0,13.0,44.0,4.6,0.06666666666666667,2.5,23.0,0.0,0.047619047619047616,0.14285714285714285,5,9,46.8,10.0,1317,412,1186,0.0,0.0,10.0,15.0,40.0,2.4,0.375,,,,,,,,1.9,0.0,55.0,-630.0,16.0,8.0,487.0,0.75,0.29411764705882354,0.13333333333333333,0.0,,1.2899999999999991,0.0
368,202107020101,0,0,0,5,0,0,0,0,0,0,0,0,0,0,0,0,0,0,0,0,0,0,0,0,0,0,0,0,0,0,0,0,0,0,0,0,0.0,0.0,1.0,5.0,40.4,0.9,0.8888888888888888,0.0,0.0,9.0,8.0,35.1,0.7,0.3888888888888889,0.0,0.0,16.0,6.0,35.0,0.7,0.8333333333333334,0.5,11.0,170.0,0.09090909090909091,0.45454545454545453,6,12,35.5,9.0,1736,1645,1482,0.0,0.0,17.0,6.0,35.4,1.0,0.6666666666666666,0.0,0.0,9.0,16.0,41.1,4.3,0.6875,2.0,0.0,56.0,-1195.0,16.0,9.0,455.0,-0.3333333333333333,0.0,-0.05555555555555555,-0.05555555555555555,0.25,-0.1700000000000003,0.0
369,202107020106,0,0,0,1,0,0,0,0,0,0,0,0,0,0,0,0,0,0,0,0,0,0,0,0,0,0,0,0,0,0,0,0,0,0,0,0,0.0,0.0,2.0,8.0,37.9,1.3,0.1875,0.0,0.0,2.0,1.0,36.8,0.0,0.1875,0.0,0.0,2.0,4.0,35.3,0.4,1.0,-2.0,-2.0,0.0,,,5,9,4.1,2.0,882,969,695,0.0,0.0,2.0,2.0,36.2,0.0,0.5,0.0,0.0,1.0,6.0,37.4,0.6,0.8125,-0.3,0.4,52.0,-701.0,16.0,16.0,478.0,0.0,0.0625,-0.07142857142857142,0.0,-0.0625,0.15999999999999942,0.0
370,202107020106,2,2,0,1,0,0,1,6,0,0,0,1,0,1,0,0,0,0,0,1,0,0,0,0,0,0,0,0,0,0,0,0,0,0,0,0,0.0,0.0,7.0,2.0,37.7,0.4,0.25,0.0,0.0,7.0,7.0,38.9,1.8,0.8181818181818182,0.0,0.0,10.0,5.0,37.1,0.6,0.7692307692307693,1.5,0.0,0.0,0.14285714285714285,0.14285714285714285,2,3,19.3,7.0,1428,1558,1263,0.0,0.0,4.0,10.0,37.9,1.8,0.8571428571428571,0.0,0.0,7.0,3.0,37.0,0.9,0.7692307692307693,0.5,0.4,52.0,0.0,16.0,16.0,476.0,0.0,-0.7272727272727273,-0.3076923076923077,0.0,-0.07692307692307693,0.24000000000000057,0.0
371,202107020106,0,0,2,8,0,0,0,0,0,0,0,0,0,0,0,3,0,0,0,0,0,0,0,0,0,0,0,1,0,0,0,0,0,0,0,0,0.0,0.0,5.0,2.0,38.7,1.5,0.2222222222222222,0.0,0.0,5.0,3.0,38.0,0.5,0.35714285714285715,0.0,0.0,2.0,2.0,37.9,0.1,0.125,0.0,-4.0,-400.0,0.0,0.0,4,7,6.7,3.0,1503,1050,1263,0.0,0.0,3.0,5.0,38.9,2.0,0.7272727272727273,0.0,0.0,2.0,5.0,37.2,0.3,0.3125,0.8,0.6,52.0,-287.0,16.0,9.0,458.0,0.0,0.0,0.0625,-0.18181818181818182,-0.0625,0.21000000000000013,0.0
372,202107020106,1,0,2,11,0,1,2,7,0,0,0,0,1,0,1,7,0,0,1,4,0,0,0,0,0,0,0,1,0,0,0,1,0,0,0,0,0.0,0.0,6.0,8.0,39.9,2.7,0.5555555555555556,0.0,0.0,11.0,11.0,40.8,2.2,0.23076923076923078,0.0,0.0,14.0,13.0,37.1,2.0,0.875,2.5,-3.0,100.0,0.08888888888888889,0.2,3,6,3.5,1.0,1576,1559,1577,0.0,0.0,11.0,6.0,38.0,0.8,0.35714285714285715,0.0,0.0,5.0,5.0,37.4,1.7,0.6666666666666666,-1.1,0.0,55.0,-828.0,16.0,9.0,467.0,0.3333333333333333,0.0,0.0,0.14285714285714285,0.16666666666666666,0.7799999999999997,0.0
373,202107020106,0,0,1,1,0,0,0,0,0,0,0,0,0,0,0,0,0,0,0,0,0,0,0,0,0,0,0,0,0,0,0,0,0,0,0,0,0.0,0.0,13.0,11.0,36.9,1.5,0.8125,0.0,0.0,10.0,10.0,35.8,2.0,0.8333333333333334,0.0,0.0,5.0,6.0,37.4,1.1,0.7,-2.5,-6.0,200.0,0.0,0.0,2,4,7.6,4.0,1581,1278,1167,0.0,0.0,10.0,7.0,38.1,0.6,0.6428571428571429,0.0,0.0,10.0,9.0,37.8,1.2,0.375,-0.7,0.0,55.0,-723.0,16.0,16.0,456.0,0.0,0.0,-0.1,0.07142857142857142,0.0,-0.41000000000000014,0.0
374,202107020106,0,0,0,0,0,0,0,1,0,0,0,0,0,0,0,0,0,0,0,1,0,0,0,0,0,0,0,0,0,0,0,0,0,0,0,0,0.0,0.0,11.0,9.0,39.1,2.8,0.6666666666666666,0.0,0.0,9.0,6.0,38.4,1.3,0.6,0.0,0.0,14.0,13.0,40.5,2.5,0.7333333333333333,2.0,-4.0,-400.0,0.08823529411764706,0.4411764705882353,3,5,20.2,8.0,1655,1131,239,0.0,0.0,9.0,10.0,35.3,1.5,0.2,0.0,0.0,5.0,2.0,39.1,0.1,0.1,-1.0,0.2,55.0,-918.0,16.0,12.0,494.0,0.08333333333333333,0.1,-0.06666666666666667,0.0,0.0,0.31000000000000016,0.0
375,202107020106,1,0,1,3,0,0,2,10,0,0,0,1,1,0,0,1,0,0,0,2,0,0,0,0,1,0,0,1,0,0,0,1,0,0,0,0,0.0,0.0,14.0,12.0,36.9,1.7,0.6875,0.0,0.0,12.0,6.0,36.1,0.8,0.5625,0.0,0.0,11.0,9.0,35.9,1.5,1.0,-1.5,12.0,-200.0,0.045454545454545456,0.13636363636363635,7,14,8.7,5.0,1167,1013,460,0.0,0.0,12.0,10.0,35.8,1.6,0.9375,0.0,0.0,12.0,11.0,36.9,2.3,0.875,0.2,0.0,54.0,-603.0,16.0,16.0,474.0,0.0,-0.0625,0.0,-0.0625,-0.0625,0.030000000000000426,0.0
376,202107020106,0,1,1,7,0,0,0,1,0,0,0,0,0,0,0,2,0,0,0,1,0,0,0,0,0,0,0,2,0,0,0,0,0,0,0,0,0.0,0.0,30.0,110.0,43.5,3.9,0.18181818181818182,0.0,0.0,80.0,150.0,37.0,2.2,0.3333333333333333,0.0,0.0,50.0,130.0,41.0,3.0,0.2,10.0,-21.0,-100.0,0.05128205128205128,0.2564102564102564,8,15,12.3,6.0,1716,568,1167,0.0,0.0,60.0,80.0,38.8,1.2,0.0625,0.0,0.0,30.0,100.0,41.4,2.6,0.25,-9.0,0.0,54.0,-310.0,16.0,11.0,487.0,0.8181818181818182,0.6,0.2,0.0,0.08333333333333333,0.24000000000000057,0.0
377,202107020106,1,0,1,3,0,2,2,9,0,0,1,1,1,0,0,1,0,1,0,2,0,0,0,0,1,0,0,1,0,0,0,1,0,0,0,0,0.0,0.0,13.0,15.0,37.3,2.2,0.8666666666666667,0.0,0.0,9.0,9.0,39.0,1.4,0.125,0.0,0.0,5.0,11.0,38.1,2.2,0.5625,-2.0,18.0,200.0,0.09615384615384616,0.23076923076923078,6,12,21.7,9.0,1167,1556,460,0.0,0.0,1.0,1.0,37.1,0.0,0.75,0.0,0.0,2.0,2.0,37.2,0.9,0.4375,-3.4,0.4,55.0,-175.0,16.0,15.0,484.0,0.13333333333333333,0.0,0.0625,0.0625,0.0,0.20999999999999872,0.0
378,202107020106,0,0,0,2,0,0,1,0,0,0,0,0,0,0,0,1,0,0,0,0,0,0,0,0,0,0,0,0,0,0,0,0,0,0,0,0,0.0,0.0,8.0,8.0,42.8,3.9,0.5,0.0,0.0,11.0,10.0,36.8,1.2,1.0,0.0,0.0,14.0,12.0,38.3,2.3,0.8666666666666667,2.0,26.0,0.0,0.0,0.0,8,16,40.3,12.0,1712,1618,1292,0.0,0.0,10.0,8.0,36.4,1.4,0.4166666666666667,0.0,0.0,9.0,15.0,41.1,3.6,0.0625,1.2,0.0,55.0,-900.0,16.0,8.0,528.0,0.375,0.0,0.13333333333333333,0.0,0.375,0.379999999999999,0.0
379,202107020106,1,1,0,4,0,0,1,0,0,0,0,0,0,0,0,1,0,0,0,0,0,0,0,0,0,0,0,0,0,0,0,0,0,0,0,0,0.0,0.0,6.0,10.0,39.9,1.7,0.7,0.0,0.0,15.0,13.0,37.1,1.9,0.9333333333333333,0.0,0.0,11.0,12.0,41.0,5.8,0.8571428571428571,1.0,27.0,100.0,0.0,0.16666666666666666,1,2,222.0,14.0,1557,1618,1559,0.0,0.0,16.0,11.0,37.3,1.2,0.9375,0.0,0.0,13.0,8.0,37.1,1.6,0.9285714285714286,-0.6,0.0,53.0,-792.0,16.0,10.0,469.0,0.3,0.0,0.07142857142857142,0.0,0.07142857142857142,0.5399999999999998,0.0
380,202107020106,0,0,0,3,0,0,0,2,0,0,0,0,0,0,0,1,0,0,0,1,0,0,0,0,0,0,0,0,0,0,0,0,0,0,0,0,0.0,0.0,13.0,12.0,38.8,1.7,0.4375,0.0,0.0,13.0,14.0,38.7,2.0,0.875,0.0,0.0,12.0,11.0,38.1,1.5,0.75,-0.5,-4.0,0.0,0.0,0.17647058823529413,5,10,152.6,13.0,1304,1436,1503,0.0,0.0,1.0,1.0,38.0,0.0,0.45454545454545453,0.0,0.0,5.0,16.0,35.2,0.7,0.5,-0.5,0.2,52.0,0.0,16.0,16.0,508.0,0.0,0.0625,0.125,-0.2727272727272727,-0.05555555555555555,0.7899999999999991,0.0
381,202107020106,1,0,1,3,0,0,0,2,0,0,0,0,1,0,0,1,0,0,0,1,0,0,0,0,1,0,0,1,0,0,0,0,0,0,0,0,0.0,0.0,7.0,7.0,36.9,0.8,0.875,0.0,0.0,1.0,9.0,36.1,1.2,0.5833333333333334,0.0,0.0,1.0,3.0,35.9,0.1,0.8,-2.0,4.0,200.0,0.08333333333333333,0.2222222222222222,1,1,36.2,11.0,1167,1503,460,0.0,0.0,7.0,2.0,35.7,0.1,0.6666666666666666,0.0,0.0,10.0,3.0,36.8,0.6,0.6,-1.5000000000000002,0.6,54.0,-280.0,16.0,16.0,498.0,-0.125,0.16666666666666666,0.0,-0.06666666666666667,0.0,0.060000000000000143,0.0
382,202107020106,0,0,0,3,0,0,0,2,0,0,0,0,0,0,0,2,0,0,0,0,0,0,0,0,0,0,0,1,0,0,0,0,0,0,0,0,0.0,0.0,150.0,14.0,38.8,2.0,0.8125,0.0,0.0,140.0,13.0,38.9,1.9,0.625,0.0,0.0,160.0,16.0,41.1,4.4,0.4375,1.0,-6.0,0.0,0.0,0.0,4,8,231.5,15.0,1127,118,1328,0.0,0.0,70.0,6.0,36.8,1.6,0.9090909090909091,0.0,0.0,120.0,11.0,39.3,3.3,0.35714285714285715,-1.3,0.0,55.0,0.0,16.0,16.0,446.0,-0.125,-0.0625,0.3125,-0.2727272727272727,0.2857142857142857,0.11000000000000014,0.0
383,202107020106,0,0,0,3,0,0,0,0,0,0,0,0,0,0,0,1,0,0,0,0,0,0,0,0,0,0,0,0,0,0,0,0,0,0,0,0,0.0,0.0,3.0,7.0,41.5,3.8,1.0,0.0,0.0,6.0,10.0,42.1,3.9,0.5,0.0,0.0,5.0,9.0,36.4,1.1,0.0625,1.0,-27.0,-100.0,0.2,0.4,6,11,32.0,10.0,1304,115,1503,0.0,0.0,5.0,9.0,36.6,0.6,0.125,0.0,0.0,5.0,7.0,34.4,0.9,0.6153846153846154,-0.1,0.0,55.0,-750.0,16.0,7.0,445.0,0.0,0.3333333333333333,0.0,0.0,0.0,1.9700000000000002,0.0
384,202107020106,0,0,0,0,0,0,0,0,0,0,0,0,0,0,0,0,0,0,0,0,0,0,0,0,0,0,0,0,0,0,0,0,0,0,0,0,0.0,0.0,70.0,110.0,44.4,4.5,0.18181818181818182,0.0,0.0,160.0,160.0,40.4,3.4,0.4375,0.0,0.0,140.0,110.0,36.5,1.9,0.5,0.0,9.0,0.0,,,7,13,350.0,16.0,1680,1641,1235,0.0,0.0,130.0,140.0,39.3,4.0,0.21428571428571427,0.0,0.0,120.0,90.0,36.0,0.9,0.3333333333333333,-6.0,0.0,52.0,-1092.0,16.0,11.0,427.0,0.7272727272727273,0.125,-0.14285714285714285,0.07142857142857142,0.0,1.7899999999999998,0.0
385,202107020110,0,0,0,0,0,0,0,0,0,0,0,0,0,0,0,0,0,0,0,0,0,0,0,0,0,0,0,0,0,0,0,0,0,0,0,0,0.0,0.0,1.0,1.0,39.5,0.0,0.2727272727272727,0.0,0.0,18.0,16.0,34.7,1.3,0.5555555555555556,0.0,0.0,3.0,11.0,13.6,5.5,0.14285714285714285,5.0,9.0,100.0,0.15,0.275,3,3,7.5,3.0,1601,1029,239,0.0,0.0,4.0,4.0,13.3,5.4,0.3,0.0,0.0,6.0,13.0,39.0,1.3,0.125,1.2,0.2,56.0,-1226.0,13.0,11.0,477.0,0.0,0.05555555555555555,0.5,-0.1,0.0,2.24,0.0
386,202107020110,0,0,0,0,1,1,0,2,0,0,0,0,0,0,0,0,1,1,0,0,0,0,0,0,0,0,0,0,0,0,0,0,0,0,0,0,0.0,0.0,10.0,8.0,37.8,0.7,0.2857142857142857,0.0,0.0,10.0,14.0,33.7,1.0,0.5555555555555556,0.0,0.0,8.0,8.0,36.7,0.6,0.375,0.0,-2.0,200.0,0.0967741935483871,0.41935483870967744,7,11,2.4,1.0,1629,1108,1428,0.0,0.0,6.0,10.0,36.7,0.9,0.1875,0.0,0.0,5.0,8.0,36.6,1.2,0.1875,-0.4,0.0,57.0,-1254.0,13.0,14.0,512.0,0.0,,0.0,0.125,0.0,-0.06000000000000085,0.0
387,202107020110,0,0,0,0,0,0,0,0,0,0,0,0,0,0,0,0,0,0,0,0,0,0,0,0,0,0,0,0,0,0,0,0,0,0,0,0,0.0,0.0,20.0,3.0,38.2,0.2,0.5,0.0,0.0,20.0,4.0,37.4,0.7,0.625,0.0,0.0,10.0,8.0,36.8,0.8,0.3125,2.5,19.0,0.0,0.19148936170212766,0.3829787234042553,5,6,31.1,9.0,699,1292,260,0.0,0.0,10.0,2.0,36.2,0.6,0.4,0.0,0.0,20.0,2.0,36.3,0.1,0.25,-0.4,0.6,56.0,-1218.0,13.0,8.0,501.0,0.0,0.0,-0.0625,0.0,0.0,0.5000000000000007,0.0
388,202107020110,0,0,0,0,1,1,0,11,0,0,0,0,0,0,0,0,1,0,0,3,0,0,0,0,0,0,0,0,0,0,0,0,0,0,0,0,0.0,0.0,1.0,1.0,37.5,0.0,0.625,0.0,0.0,4.0,4.0,35.9,0.3,0.5625,0.0,0.0,2.0,4.0,36.2,0.7,0.3125,1.5,2.0,0.0,0.06060606060606061,0.2727272727272727,7,10,20.7,7.0,1601,1183,239,0.0,0.0,7.0,1.0,37.4,0.0,0.5,0.0,0.0,7.0,4.0,37.5,0.2,0.6153846153846154,0.3,0.4,56.0,-1143.0,13.0,8.0,508.0,-0.375,-0.1875,0.125,-0.0625,0.0,-0.15,0.0
389,202107020110,0,2,0,1,0,1,2,7,0,0,0,0,0,1,0,1,0,0,1,4,0,0,0,0,0,0,0,0,0,0,0,1,0,0,0,0,0.0,0.0,13.0,11.0,36.3,1.1,0.8666666666666667,0.0,0.0,6.0,12.0,37.6,1.8,0.5,0.0,0.0,7.0,1.0,37.9,0.0,0.2857142857142857,-5.0,-10.0,-200.0,0.1,0.22,5,7,4.9,2.0,1009,1559,298,0.0,0.0,8.0,9.0,35.3,0.6,0.8125,0.0,0.0,10.0,5.0,37.2,1.1,0.5625,-1.5,0.2,56.0,-1337.0,13.0,15.0,520.0,0.0,0.42857142857142855,0.14285714285714285,0.125,0.125,0.04999999999999929,0.0
390,202107020110,1,0,2,11,0,0,0,0,0,0,0,0,1,0,1,7,0,0,0,0,0,0,0,0,0,0,1,2,0,0,0,0,0,0,0,0,0.0,0.0,10.0,80.0,42.2,2.2,0.2,0.0,0.0,140.0,150.0,36.5,1.7,0.75,0.0,0.0,80.0,110.0,36.9,1.5,0.8181818181818182,15.0,0.0,-100.0,0.0,0.10526315789473684,4,4,34.3,10.0,1576,1685,1577,0.0,0.0,150.0,120.0,35.9,1.4,0.3125,0.0,0.0,110.0,110.0,37.6,1.1,0.5625,3.0,0.0,56.0,-1228.0,13.0,10.0,504.0,0.3,0.125,-0.09090909090909091,-0.0625,0.0,0.9800000000000004,0.0
391,202107020110,1,0,0,3,0,0,0,1,0,0,0,0,0,0,0,0,0,0,0,0,0,0,0,0,0,0,0,0,0,0,0,0,0,0,0,0,0.0,0.0,4.0,8.0,37.3,0.9,0.8125,0.0,0.0,3.0,1.0,36.7,0.0,0.6,0.0,0.0,15.0,11.0,36.3,1.1,0.75,1.5,0.0,-300.0,0.09302325581395349,0.18604651162790697,2,2,23.7,8.0,1561,1199,1263,0.0,0.0,8.0,10.0,38.4,0.9,0.375,0.0,0.0,4.0,2.0,37.1,0.0,0.5333333333333333,-0.3,0.4,56.0,-1212.0,13.0,16.0,504.0,-0.0625,-0.13333333333333333,-0.1875,0.0,-0.06666666666666667,-0.13000000000000042,0.0
392,202107020110,1,0,2,11,1,0,0,7,0,0,0,1,1,0,1,7,0,0,0,2,0,0,0,1,0,0,1,2,0,0,0,0,0,0,0,0,0.0,0.0,8.0,10.0,37.4,1.9,0.9375,0.0,0.0,13.0,8.0,37.1,1.4,0.8,0.0,0.0,11.0,14.0,37.4,1.5,0.5625,2.0,-10.0,200.0,0.05555555555555555,0.2777777777777778,1,1,7.9,4.0,1576,1263,1577,0.0,0.0,12.0,8.0,37.0,1.1,0.9375,0.0,0.0,10.0,4.0,37.9,1.0,1.0,-1.2,0.0,56.0,-910.0,13.0,16.0,504.0,0.0,0.0,0.0,0.0,-0.07142857142857142,-0.08999999999999986,0.0
393,202107020110,0,0,0,0,0,0,0,0,0,0,0,0,0,0,0,0,0,0,0,0,0,0,0,0,0,0,0,0,0,0,0,0,0,0,0,0,0.0,0.0,2.0,9.0,39.0,2.0,0.6666666666666666,0.0,0.0,12.0,13.0,38.5,2.3,0.6,0.0,0.0,14.0,10.0,35.9,1.2,0.8125,0.5,26.0,200.0,0.02631578947368421,0.07894736842105263,6,8,9.7,5.0,556,624,1,0.0,0.0,9.0,15.0,38.1,1.8,0.375,0.0,0.0,10.0,6.0,35.8,0.6,0.3125,-0.4,0.0,56.0,-1226.0,13.0,9.0,504.0,0.1111111111111111,0.2,0.0,0.0,0.0,0.6800000000000004,0.0
394,202107020110,0,0,0,4,0,0,0,0,0,0,0,0,0,0,0,1,0,0,0,0,0,0,0,0,0,0,0,0,0,0,0,0,0,0,0,0,0.0,0.0,6.0,10.0,13.8,4.2,0.5833333333333334,0.0,0.0,8.0,4.0,13.5,1.7,0.7,0.0,0.0,8.0,7.0,13.5,1.6,0.5454545454545454,-1.5,2.0,-1460.0,0.0,0.0,8,12,175.2,13.0,1520,715,695,0.0,0.0,8.0,8.0,13.7,3.5,0.875,0.0,0.0,9.0,7.0,13.5,2.5,0.8181818181818182,-0.2,0.0,54.0,-350.0,13.0,12.0,486.0,0.3333333333333333,-0.1,0.09090909090909091,0.0,-0.09090909090909091,0.040000000000000216,0.0
395,202107020110,0,0,0,1,0,0,0,0,0,0,0,0,0,0,0,0,0,0,0,0,0,0,0,0,0,0,0,0,0,0,0,0,0,0,0,0,0.0,0.0,15.0,16.0,42.2,5.6,0.0625,0.0,0.0,15.0,10.0,36.1,1.3,1.0,0.0,0.0,14.0,16.0,37.0,2.6,1.0,0.0,10.0,200.0,0.1875,0.25,4,5,67.1,12.0,1313,1110,1108,0.0,0.0,11.0,16.0,37.4,1.5,0.4375,0.0,0.0,10.0,14.0,39.5,3.5,0.6428571428571429,0.2,0.0,56.0,-575.0,13.0,16.0,502.0,0.0,0.0,0.0,-0.25,0.0,0.41000000000000086,0.0
396,202107020110,1,0,2,11,0,0,0,0,0,0,0,0,1,0,1,7,0,0,0,0,0,0,0,0,0,0,1,2,0,0,0,0,0,0,0,0,0.0,0.0,3.0,5.0,36.6,0.4,0.7272727272727273,0.0,0.0,8.0,5.0,35.0,0.6,0.6875,0.0,0.0,11.0,4.0,37.2,0.4,0.5,-0.5,0.0,200.0,0.07894736842105263,0.21052631578947367,8,13,12.2,6.0,1576,81,1577,0.0,0.0,8.0,6.0,37.2,1.1,0.375,0.0,0.0,14.0,9.0,37.1,0.8,0.6875,0.9,0.0,54.0,-694.0,13.0,11.0,498.0,-0.18181818181818182,0.0625,0.0,-0.125,0.0625,-0.3200000000000003,0.0
397,202107020110,0,0,0,0,0,0,0,0,0,0,0,0,0,0,0,0,0,0,0,0,0,0,0,0,0,0,0,0,0,0,0,0,0,0,0,0,0.0,0.0,3.0,2.0,35.7,0.0,0.08333333333333333,0.0,0.0,15.0,17.0,35.9,1.5,0.11764705882352941,0.0,0.0,11.0,13.0,41.7,3.9,0.15384615384615385,5.5,10.0,400.0,0.1111111111111111,0.1111111111111111,6,9,36.2,11.0,1148,1208,1393,0.0,0.0,7.0,7.0,36.0,0.5,0.09090909090909091,0.0,0.0,1.0,1.0,37.8,0.0,0.125,-1.2,0.4,56.0,-133.0,13.0,12.0,474.0,0.0,0.0,0.0,0.0,0.0,-0.429999999999999,0.0
398,202107020111,0,0,0,0,0,0,0,0,0,0,0,0,0,0,0,0,0,0,0,0,0,0,0,0,0,0,0,0,0,0,0,0,0,0,0,0,0.0,0.0,8.0,9.0,38.9,2.0,0.1111111111111111,0.0,0.0,15.0,14.0,38.0,1.7,0.4375,0.0,0.0,15.0,15.0,41.0,3.2,0.125,3.0,6.0,200.0,0.0,0.1,4,7,8.6,3.0,1051,1110,578,0.0,0.0,13.0,,,,,0.0,0.0,11.0,14.0,38.8,1.5,0.125,1.6,0.0,57.0,-1222.0,16.0,9.0,490.0,0.0,0.4375,0.0,,0.0,-0.2699999999999996,0.0
399,202107020111,0,0,0,1,0,0,0,0,0,0,0,0,0,0,0,0,0,0,0,0,0,0,0,0,0,0,0,0,0,0,0,0,0,0,0,0,0.0,0.0,13.0,15.0,39.3,1.8,0.375,0.0,0.0,4.0,9.0,38.1,1.5,0.25,0.0,0.0,2.0,12.0,36.9,1.1,0.5333333333333333,-1.5,-12.0,0.0,0.09375,0.4375,8,15,10.2,5.0,1734,990,1104,0.0,0.0,5.0,7.0,38.3,1.0,0.5333333333333333,0.0,0.0,5.0,2.0,37.4,0.2,0.4375,-2.8,0.2,55.0,-364.0,16.0,16.0,464.0,0.0625,0.125,0.0,0.2,-0.0625,0.36000000000000015,0.0
400,202107020111,1,0,0,5,0,1,0,1,0,0,0,0,0,0,0,0,0,0,0,0,0,0,0,0,0,0,0,0,0,0,0,0,0,0,0,0,0.0,0.0,1.0,2.0,39.6,0.3,0.4,0.0,0.0,16.0,13.0,37.1,2.0,0.6875,0.0,0.0,13.0,13.0,36.6,1.6,0.8571428571428571,5.5,-1.0,0.0,0.17073170731707318,0.2926829268292683,3,6,19.8,7.0,1183,1345,1558,0.0,0.0,16.0,10.0,36.9,0.8,1.0,0.0,0.0,10.0,14.0,38.0,1.8,0.6875,2.1,0.2,57.0,-1061.0,16.0,10.0,499.0,0.0,0.1875,0.0,-0.0625,-0.125,0.3400000000000006,0.0
401,202107020111,0,0,0,3,1,0,0,6,0,0,0,0,0,0,0,2,0,0,0,2,0,0,0,0,0,0,0,0,0,0,0,0,0,0,0,0,0.0,0.0,7.0,3.0,38.7,0.8,0.8181818181818182,0.0,0.0,13.0,9.0,14.2,8.7,0.7857142857142857,0.0,0.0,11.0,10.0,14.3,8.7,1.0,3.5,-2.0,-300.0,0.05405405405405406,0.2702702702702703,2,4,25.1,9.0,1014,1405,180,0.0,0.0,8.0,11.0,13.9,11.3,1.0,0.0,0.0,11.0,12.0,38.6,2.4,0.9285714285714286,2.0,0.2,57.0,-1208.0,16.0,11.0,528.0,-0.2727272727272727,-0.07142857142857142,-0.16666666666666666,0.0,-0.5,0.05,0.0
402,202107020111,0,0,0,4,0,0,0,0,0,0,0,0,0,0,0,1,0,0,0,0,0,0,0,0,0,0,0,0,0,0,0,0,0,0,0,0,0.0,0.0,10.0,5.0,37.9,1.0,0.5625,0.0,0.0,6.0,6.0,36.5,1.2,0.75,0.0,0.0,7.0,8.0,36.9,0.5,0.3333333333333333,1.5,-2.0,0.0,0.09523809523809523,0.19047619047619047,1,1,30.9,10.0,1520,1169,695,0.0,0.0,3.0,4.0,37.2,0.8,0.5,0.0,0.0,3.0,7.0,35.4,1.0,0.4375,0.2,0.0,55.0,0.0,16.0,16.0,508.0,-0.125,0.0,0.0,-0.1875,0.0,0.4299999999999997,0.0
403,202107020111,0,0,1,0,0,0,0,0,0,0,0,0,0,0,1,0,0,0,0,0,0,0,0,0,0,0,0,0,0,0,0,0,0,0,0,0,0.0,0.0,3.0,8.0,39.6,1.4,0.7,0.0,0.0,6.0,14.0,37.6,1.7,0.7333333333333333,0.0,0.0,6.0,6.0,37.0,1.0,1.0,-1.0,20.0,0.0,0.08108108108108109,0.21621621621621623,2,3,10.7,6.0,1505,1208,201,0.0,0.0,6.0,2.0,35.8,0.2,1.0,0.0,0.0,8.0,5.0,35.2,0.4,0.8125,-1.8,0.2,57.0,-995.0,16.0,10.0,524.0,-0.2,0.0,0.0,0.0,-0.0625,1.06,0.0
404,202107020111,0,0,0,0,0,0,0,0,0,0,0,0,0,0,0,0,0,0,0,0,0,0,0,0,0,0,0,0,0,0,0,0,0,0,0,0,0.0,0.0,40.0,2.0,37.1,0.0,0.2857142857142857,0.0,0.0,150.0,13.0,36.3,2.1,0.875,0.0,0.0,120.0,12.0,37.2,1.0,0.75,5.0,7.0,-300.0,0.0625,0.28125,1,2,121.3,15.0,779,232,334,0.0,0.0,80.0,7.0,36.6,0.4,0.35714285714285715,0.0,0.0,100.0,9.0,36.7,1.9,0.4375,0.8,0.2,57.0,-1220.0,16.0,7.0,489.0,-0.14285714285714285,-0.0625,0.0625,-0.07142857142857142,0.0,0.04999999999999929,0.0
405,202107020111,0,0,0,2,0,0,0,3,0,0,0,0,0,0,0,0,0,0,0,1,0,0,0,0,0,0,0,0,0,0,0,0,0,0,0,0,0.0,0.0,40.0,20.0,36.1,0.3,0.6666666666666666,0.0,0.0,140.0,140.0,39.7,5.9,1.0,0.0,0.0,130.0,160.0,37.4,3.3,0.9375,70.0,16.0,200.0,0.1956521739130435,0.391304347826087,6,12,2.7,1.0,1200,1221,324,0.0,0.0,160.0,150.0,35.4,1.8,1.0,0.0,0.0,110.0,80.0,35.9,1.1,1.0,13.0,0.0,57.0,-1222.0,16.0,9.0,514.0,-0.1111111111111111,0.0,0.0625,0.0,0.0,0.470000000000001,0.0
406,202107020111,0,0,0,1,0,0,0,1,0,0,0,1,0,0,0,0,0,0,0,0,0,0,0,0,0,0,0,0,0,0,0,0,0,0,0,0,0.0,0.0,5.0,2.0,36.1,0.6,0.5,0.0,0.0,1.0,11.0,38.0,1.2,0.21428571428571427,0.0,0.0,3.0,5.0,36.5,0.3,0.13333333333333333,1.5,10.0,100.0,0.2,0.26666666666666666,7,14,25.0,8.0,1734,12,1104,0.0,0.0,5.0,4.0,36.6,0.5,0.125,0.0,0.0,7.0,2.0,36.0,0.0,0.13333333333333333,-0.7,0.4,55.0,-232.0,16.0,16.0,470.0,0.0625,0.0,0.0,0.0,0.0,0.16000000000000014,0.0
407,202107020111,0,0,0,0,0,0,0,0,0,0,0,0,0,0,0,0,0,0,0,0,0,0,0,0,0,0,0,0,0,0,0,0,0,0,0,0,0.0,0.0,13.0,15.0,39.0,2.5,0.875,0.0,0.0,14.0,11.0,35.6,0.8,0.9375,0.0,0.0,8.0,12.0,37.8,1.8,0.5625,-1.5,4.0,-400.0,0.08571428571428572,0.22857142857142856,7,13,40.1,13.0,1095,1168,1221,0.0,0.0,12.0,10.0,35.8,1.1,0.875,0.0,0.0,12.0,5.0,37.1,1.2,0.3125,-2.1,0.0,55.0,-224.0,16.0,16.0,504.0,0.0625,0.0625,0.0,0.0,0.0,0.36000000000000015,0.0
408,202107020111,0,0,0,1,0,0,1,0,0,0,0,0,0,0,0,0,0,0,0,0,0,0,0,0,0,0,0,0,0,0,0,0,0,0,0,0,0.0,0.0,,,,,,0.0,0.0,150.0,8.0,40.5,1.4,0.25,0.0,0.0,140.0,11.0,38.6,1.9,0.75,3.0,,-200.0,0.0,0.0,6,11,60.3,14.0,1169,1618,460,0.0,0.0,90.0,16.0,38.9,2.7,0.4375,0.0,0.0,20.0,9.0,38.7,1.5,0.3125,0.8,0.0,57.0,-187.0,16.0,8.0,,,-0.125,0.0,0.0,0.0,0.5099999999999995,0.0
409,202107020111,1,2,0,4,1,0,0,2,0,0,0,0,0,1,0,1,0,0,0,0,0,0,0,0,0,0,0,0,0,0,0,0,0,0,0,0,0.0,0.0,17.0,18.0,35.7,2.5,0.8333333333333334,0.0,0.0,17.0,12.0,34.4,1.1,0.6111111111111112,0.0,0.0,14.0,14.0,35.3,2.0,0.5882352941176471,-2.0,0.0,200.0,0.125,0.125,5,9,9.9,4.0,1393,1294,1263,0.0,0.0,13.0,16.0,38.7,3.6,0.5,0.0,0.0,6.0,7.0,14.1,7.8,0.7777777777777778,-1.8,0.0,55.0,-539.0,16.0,18.0,498.0,0.05555555555555555,,0.058823529411764705,0.1875,0.1111111111111111,3.8900000000000006,0.0
410,202107020111,0,0,0,1,0,1,1,2,0,0,0,0,0,0,0,1,0,0,1,2,0,0,0,0,0,0,0,0,0,0,0,0,0,0,0,0,0.0,0.0,3.0,,,,,0.0,0.0,9.0,12.0,38.1,1.6,0.125,0.0,0.0,12.0,13.0,39.4,2.0,0.3125,1.0,-2.0,200.0,0.0,0.0,5,10,38.3,12.0,1287,1362,1235,0.0,0.0,11.0,1.0,36.3,0.0,0.07142857142857142,0.0,0.0,16.0,11.0,38.0,1.3,0.0625,-1.5,0.25,57.0,-193.0,16.0,11.0,500.0,,0.0,-0.0625,0.0,0.0,0.3400000000000006,0.0
411,202107020111,0,0,0,2,0,0,0,1,0,0,0,0,0,0,0,0,0,0,0,0,0,0,0,0,0,0,0,0,0,0,0,0,0,0,0,0,0.0,0.0,20.0,3.0,41.4,0.7,0.5555555555555556,0.0,0.0,130.0,16.0,39.6,3.1,0.5,0.0,0.0,150.0,16.0,38.6,2.4,0.125,6.5,3.0,-200.0,0.10204081632653061,0.22448979591836735,3,5,4.8,2.0,1431,1186,1428,0.0,0.0,130.0,16.0,39.5,3.5,0.25,0.0,0.0,110.0,11.0,37.7,1.1,0.375,1.6,0.2,57.0,-1225.0,16.0,9.0,507.0,-0.3333333333333333,0.1875,0.0,0.0625,0.125,0.7499999999999993,0.0
412,202107020111,1,0,0,5,0,0,0,1,0,0,0,0,0,0,0,0,0,0,0,1,0,0,0,0,0,0,0,0,0,0,0,0,0,0,0,0,0.0,0.0,160.0,13.0,36.6,2.1,0.875,0.0,0.0,150.0,15.0,38.3,2.6,0.9375,0.0,0.0,160.0,7.0,36.1,0.7,0.9375,-3.0,-8.0,0.0,,,4,8,35.8,11.0,1183,1328,1558,0.0,0.0,90.0,9.0,34.2,1.6,0.4444444444444444,0.0,0.0,140.0,4.0,36.4,0.8,1.0,-2.4,0.0,57.0,-1268.0,16.0,16.0,500.0,-0.1875,0.0625,-0.0625,0.0,0.0,0.45,0.0
413,202107020111,0,0,0,0,0,0,0,1,0,0,0,0,0,0,0,0,0,0,0,1,0,0,0,0,0,0,0,0,0,0,0,0,0,0,0,0,0.0,0.0,20.0,4.0,41.1,0.5,0.2222222222222222,0.0,0.0,130.0,11.0,13.7,5.0,0.07142857142857142,0.0,0.0,80.0,8.0,13.7,9.2,0.18181818181818182,2.0,18.0,0.0,0.0,0.10344827586206896,8,16,244.2,16.0,225,248,1551,0.0,0.0,160.0,13.0,37.5,1.6,0.75,0.0,0.0,160.0,16.0,40.1,2.7,0.3125,2.6,0.0,57.0,-690.0,16.0,9.0,528.0,0.1111111111111111,0.07142857142857142,0.6363636363636364,0.1875,0.125,-2.1799999999999997,0.0
414,202107020201,0,0,0,1,0,0,0,0,0,0,0,0,0,0,0,0,0,0,0,0,0,0,0,0,0,0,0,0,0,0,0,0,0,0,0,0,0.0,0.0,7.0,,,,0.9333333333333333,0.0,0.0,3.0,13.0,38.4,1.3,0.1875,0.0,0.0,4.0,4.0,37.8,0.5,0.8,-9.0,8.0,200.0,0.3076923076923077,0.5384615384615384,3,5,1.2,1.0,1137,1660,556,0.0,0.0,1.0,4.0,37.6,0.6,0.7142857142857143,0.0,0.0,3.0,1.0,37.8,0.0,0.13333333333333333,-3.6,0.25,54.0,-518.0,16.0,15.0,484.0,0.06666666666666667,0.0,-0.2,-0.14285714285714285,-0.06666666666666667,0.2,0.0
415,202107020201,0,0,0,0,1,0,0,6,0,0,0,0,0,0,0,0,0,0,0,2,0,0,0,0,0,0,0,0,0,0,0,0,0,0,0,0,0.0,0.0,,,,,,0.0,0.0,110.0,15.0,37.4,2.5,0.875,0.0,0.0,60.0,16.0,39.3,2.3,0.0625,1.0,6.0,400.0,0.1724137931034483,0.4482758620689655,1,1,10.1,3.0,1426,1405,306,0.0,0.0,60.0,9.0,38.1,0.9,0.375,0.0,0.0,70.0,4.0,37.7,0.7,0.13333333333333333,-4.0,0.0,54.0,-1199.0,16.0,10.0,470.0,,0.125,0.0,0.0625,-0.06666666666666667,0.029999999999998295,0.0
416,202107020201,0,0,2,8,0,0,0,0,0,0,0,0,0,0,0,3,0,0,0,0,0,0,0,0,0,0,0,2,0,0,0,0,0,0,0,0,0.0,0.0,6.0,15.0,37.9,1.8,0.1875,0.0,0.0,5.0,2.0,36.7,0.2,0.1875,0.0,0.0,7.0,3.0,36.7,0.5,0.4666666666666667,-6.0,-2.0,200.0,0.0,0.5,8,16,29.5,6.0,1503,715,1263,0.0,0.0,5.0,4.0,36.8,0.4,0.26666666666666666,0.0,0.0,8.0,2.0,37.2,0.4,0.25,-2.4,0.6,51.0,-1077.0,16.0,16.0,462.0,0.1875,0.0,0.0,0.0,0.0,0.12999999999999973,0.0
417,202107020201,0,0,0,0,0,0,0,0,0,0,0,0,0,0,0,0,0,0,0,0,0,0,0,0,0,0,0,0,0,0,0,0,0,0,0,0,0.0,0.0,15.0,12.0,39.0,1.5,0.1875,0.0,0.0,9.0,11.0,38.8,2.1,0.06666666666666667,0.0,0.0,8.0,10.0,39.6,1.0,0.4375,-1.0,-8.0,200.0,0.0,0.0,6,11,158.7,12.0,1713,1561,215,0.0,0.0,11.0,4.0,37.3,0.1,0.125,0.0,0.0,9.0,4.0,37.8,1.0,0.6875,-2.3,0.0,54.0,-1288.0,16.0,16.0,486.0,0.125,0.0,0.0,0.0,0.0625,0.39000000000000057,0.0
418,202107020201,0,0,1,0,1,0,0,2,0,0,0,0,0,0,0,0,0,0,0,0,0,0,0,0,0,0,0,0,0,0,0,0,0,0,0,0,0.0,0.0,8.0,9.0,41.3,3.9,0.6666666666666666,0.0,0.0,12.0,14.0,42.8,4.9,0.07142857142857142,0.0,0.0,13.0,11.0,41.3,2.7,0.38461538461538464,1.0,18.0,170.0,0.06779661016949153,0.23728813559322035,1,2,54.3,9.0,1691,1294,1167,0.0,0.0,9.0,11.0,38.7,2.1,1.0,0.0,0.0,14.0,7.0,38.1,0.8,0.35714285714285715,-0.7,0.0,54.0,-530.0,16.0,9.0,454.0,0.3333333333333333,0.5714285714285714,0.5384615384615384,0.0,0.6428571428571429,1.0499999999999985,0.0
419,202107020201,0,0,0,1,0,0,0,0,0,0,0,0,0,0,0,1,0,0,0,0,0,0,0,0,0,0,0,0,0,0,0,0,0,0,0,0,0.0,0.0,9.0,5.0,42.4,1.0,0.08333333333333333,0.0,0.0,14.0,13.0,40.1,3.1,0.8571428571428571,0.0,0.0,13.0,13.0,37.7,2.8,0.9230769230769231,4.0,31.0,0.0,0.08333333333333333,0.4166666666666667,6,12,273.8,15.0,1687,696,1345,0.0,0.0,11.0,10.0,35.5,2.0,1.0,0.0,0.0,12.0,10.0,36.2,1.8,1.0,0.7,0.0,54.0,-1231.0,16.0,12.0,457.0,0.0,0.14285714285714285,0.07692307692307693,0.0,0.0,1.6999999999999993,0.0
420,202107020201,0,1,0,1,0,0,0,1,0,0,0,0,0,0,0,0,0,0,0,0,0,0,0,0,0,0,0,0,0,0,0,0,0,0,0,0,0.0,0.0,8.0,12.0,43.7,4.3,0.16666666666666666,0.0,0.0,9.0,6.0,37.5,0.7,0.625,0.0,0.0,7.0,3.0,37.5,0.1,0.1875,-4.5,11.0,100.0,0.0,0.0,7,13,261.0,14.0,1441,357,1167,0.0,0.0,14.0,7.0,38.7,2.2,0.5625,0.0,0.0,14.0,11.0,39.5,1.4,0.625,-0.1,0.2,54.0,-979.0,16.0,12.0,469.0,0.75,-0.0625,-0.0625,0.0625,0.0,0.7200000000000003,0.0
421,202107020201,0,0,0,0,1,0,0,2,0,0,0,0,0,0,0,0,0,0,0,1,0,0,0,0,0,0,0,0,0,0,0,0,0,0,0,0,0.0,0.0,20.0,4.0,40.4,0.7,0.6666666666666666,0.0,0.0,130.0,11.0,34.4,1.0,0.9444444444444444,0.0,0.0,140.0,10.0,37.3,2.2,0.1111111111111111,3.0,10.0,170.0,0.0,0.2,5,9,19.6,5.0,1729,1376,1428,0.0,0.0,50.0,8.0,38.9,2.6,0.6875,0.0,0.0,110.0,6.0,37.5,0.7,0.7142857142857143,0.1,0.0,51.0,-1194.0,16.0,9.0,410.0,-0.2222222222222222,-0.05555555555555555,0.0,0.0625,-0.14285714285714285,0.12999999999999973,0.0
422,202107020201,0,0,0,0,1,0,0,1,0,0,0,0,0,0,0,0,1,0,0,0,0,0,0,0,0,0,0,0,0,0,0,0,0,0,0,0,0.0,0.0,3.0,1.0,36.4,0.0,0.3,0.0,0.0,4.0,6.0,34.8,0.4,0.3888888888888889,0.0,0.0,11.0,7.0,34.4,0.2,0.4444444444444444,3.0,1.0,580.0,0.07894736842105263,0.21052631578947367,4,8,43.1,7.0,1426,1036,306,0.0,0.0,10.0,14.0,39.7,2.6,0.26666666666666666,0.0,0.0,7.0,9.0,38.8,2.6,0.8125,2.4,0.2,53.0,-395.0,16.0,10.0,445.0,-0.1,0.0,0.0,0.0,0.0,-0.9700000000000003,0.0
423,202107020201,0,1,1,3,0,0,0,0,0,0,0,0,0,0,0,1,0,0,0,0,0,0,0,0,0,0,0,0,0,0,0,0,0,0,0,0,0.0,0.0,3.0,5.0,44.2,1.1,0.08333333333333333,0.0,0.0,13.0,16.0,35.9,2.5,0.6666666666666666,0.0,0.0,16.0,10.0,39.0,2.9,0.875,2.5,13.0,0.0,0.0,0.14285714285714285,2,4,335.5,16.0,1403,351,939,0.0,0.0,9.0,13.0,41.2,6.3,0.875,,,,,,,,1.8,0.0,52.0,-1216.0,16.0,12.0,459.0,0.0,0.16666666666666666,-0.0625,-0.0625,,0.5899999999999999,0.0
424,202107020201,0,0,0,1,1,0,0,6,0,0,0,0,0,0,0,0,0,0,0,2,0,0,0,0,0,0,0,0,0,0,0,0,0,0,0,0,0.0,0.0,10.0,13.0,42.2,3.4,0.125,0.0,0.0,4.0,2.0,39.0,1.5,0.06666666666666667,0.0,0.0,9.0,8.0,40.2,1.2,0.5,-2.5,6.0,-300.0,0.20833333333333334,0.5,7,14,16.4,4.0,1571,1405,1108,0.0,0.0,4.0,3.0,39.7,0.9,0.375,0.0,0.0,8.0,7.0,39.5,1.0,0.25,-1.1,0.4,54.0,-167.0,16.0,16.0,464.0,0.5625,0.06666666666666667,0.25,-0.0625,0.0,0.4700000000000003,0.0
425,202107020201,1,0,2,11,1,0,0,7,0,0,0,1,1,0,1,7,0,0,0,2,0,0,0,1,0,0,0,1,0,0,0,0,0,0,0,0,0.0,0.0,4.0,7.0,42.4,2.9,0.125,0.0,0.0,8.0,14.0,40.8,2.3,0.06666666666666667,0.0,0.0,9.0,5.0,36.9,0.8,0.3333333333333333,-1.0,7.0,0.0,0.1111111111111111,0.2222222222222222,5,10,44.1,8.0,1576,1263,1577,0.0,0.0,10.0,8.0,37.8,0.8,0.6,0.0,0.0,8.0,12.0,40.5,3.1,0.125,0.4,0.0,51.0,-997.0,16.0,8.0,465.0,0.0,0.0,0.0,-0.06666666666666667,0.0,0.6799999999999997,0.0
426,202107020201,0,0,0,0,1,1,0,11,0,0,0,0,0,0,0,0,1,0,0,3,0,0,0,0,0,0,0,0,1,0,0,1,0,0,0,0,0.0,0.0,70.0,50.0,39.1,0.8,0.8,0.0,0.0,140.0,100.0,39.5,2.8,0.6666666666666666,0.0,0.0,90.0,110.0,39.6,1.3,0.4666666666666667,30.0,5.0,-200.0,0.0,0.12121212121212122,3,6,78.2,10.0,1426,1183,306,0.0,0.0,100.0,130.0,39.7,4.0,0.9375,0.0,0.0,40.0,60.0,38.1,2.0,0.625,5.0,0.0,54.0,-567.0,16.0,10.0,481.0,-0.2,0.0,0.26666666666666666,0.0,0.0,0.17999999999999972,0.0
427,202107020201,0,0,0,1,0,0,0,0,0,0,0,0,0,0,0,1,0,0,0,0,0,0,0,0,0,0,0,0,0,0,0,0,0,0,0,0,0.0,0.0,90.0,6.0,39.7,0.8,0.18181818181818182,0.0,0.0,80.0,2.0,37.4,0.8,0.13333333333333333,0.0,0.0,20.0,3.0,36.2,0.2,0.05555555555555555,-1.5,7.0,100.0,0.125,0.2916666666666667,2,3,173.8,13.0,1362,1522,1263,0.0,0.0,10.0,2.0,33.4,0.7,0.16666666666666666,0.0,0.0,70.0,2.0,35.7,0.7,0.125,-0.8,0.8,54.0,-664.0,16.0,11.0,489.0,0.09090909090909091,0.0,0.0,,0.0,1.2,0.0
428,202107020201,0,0,0,0,0,0,0,1,0,0,0,0,0,0,0,0,0,0,0,1,0,0,0,0,0,0,0,0,0,0,0,1,0,0,0,0,0.0,0.0,30.0,60.0,40.9,0.5,0.2,0.0,0.0,160.0,110.0,37.6,2.0,0.625,0.0,0.0,160.0,120.0,36.9,2.1,0.875,30.0,8.0,-200.0,0.0,0.0,8,15,86.7,11.0,1714,1313,1167,0.0,0.0,160.0,90.0,37.4,1.8,0.875,0.0,0.0,90.0,80.0,41.6,5.2,0.6666666666666666,2.0,0.0,50.0,-957.0,16.0,10.0,472.0,0.0,0.0,0.0,0.0,0.2222222222222222,-0.12000000000000029,0.0
429,202107020201,0,1,1,7,0,0,0,0,0,0,0,0,0,0,0,2,0,0,0,0,0,0,0,0,0,0,0,0,0,0,0,0,0,0,0,0,0.0,0.0,2.0,2.0,38.3,0.2,0.06666666666666667,0.0,0.0,5.0,5.0,37.4,1.4,0.14285714285714285,0.0,0.0,1.0,7.0,37.9,0.9,0.25,2.5,10.0,-300.0,0.1836734693877551,0.3877551020408163,4,7,8.7,2.0,1716,565,1167,0.0,0.0,1.0,2.0,37.4,0.6,0.0625,0.0,0.0,1.0,3.0,37.4,0.6,0.0625,-0.1,0.6,54.0,-609.0,16.0,15.0,468.0,0.0,0.14285714285714285,0.0,0.0,0.0,0.17999999999999972,0.0
430,202107020207,0,1,1,7,0,1,0,1,0,0,0,0,0,0,0,2,0,0,0,0,0,0,0,0,0,0,0,2,0,0,0,0,0,0,0,0,0.0,0.0,5.0,14.0,38.7,1.8,0.3333333333333333,0.0,0.0,8.0,6.0,38.3,1.3,0.4375,0.0,0.0,10.0,3.0,36.4,0.5,0.6428571428571429,-5.5,-8.0,-300.0,0.08695652173913043,0.2608695652173913,1,1,19.3,7.0,1716,1345,1167,0.0,0.0,8.0,6.0,37.4,1.8,0.35714285714285715,0.0,0.0,5.0,12.0,39.1,1.5,0.4,-0.4,0.2,57.0,-1119.0,14.0,15.0,502.0,0.13333333333333333,0.0625,-0.2857142857142857,0.0,0.06666666666666667,0.010000000000000142,0.0
431,202107020207,0,2,0,11,1,0,0,3,0,0,0,1,0,1,0,5,0,0,0,0,0,0,0,0,0,0,0,0,0,0,0,0,0,0,0,0,0.0,0.0,12.0,9.0,38.3,0.8,0.9166666666666666,0.0,0.0,15.0,10.0,38.0,1.5,0.8666666666666667,0.0,0.0,13.0,13.0,39.6,3.5,0.6875,2.0,11.0,0.0,0.06896551724137931,0.22413793103448276,2,2,4.3,2.0,1221,225,1263,0.0,0.0,12.0,7.0,37.6,1.0,0.9375,0.0,0.0,10.0,4.0,38.1,0.7,0.6923076923076923,-1.3,0.0,57.0,-1216.0,14.0,12.0,481.0,-0.08333333333333333,-0.13333333333333333,0.25,-0.25,-0.15384615384615385,0.079999999999999,0.0
432,202107020207,0,0,0,1,0,1,0,1,0,0,0,0,0,0,0,0,0,0,0,0,0,0,0,0,0,0,0,0,0,0,0,0,0,0,0,0,0.0,0.0,10.0,5.0,41.0,1.7,0.42857142857142855,0.0,0.0,110.0,10.0,36.1,1.3,0.75,0.0,0.0,80.0,9.0,36.6,1.0,0.375,2.0,13.0,-300.0,0.0,0.15789473684210525,3,3,19.5,8.0,1313,1345,1108,0.0,0.0,20.0,1.0,36.5,0.0,0.6,0.0,0.0,70.0,2.0,36.8,0.1,0.4375,-1.5,0.4,54.0,-875.0,14.0,7.0,521.0,-0.14285714285714285,-0.0625,0.0625,0.06666666666666667,0.0,0.8000000000000007,0.0
433,202107020207,0,0,0,0,1,0,0,0,0,0,0,0,0,0,0,0,0,0,0,0,0,0,0,0,0,0,0,0,0,0,0,0,0,0,0,0,0.0,0.0,2.0,1.0,40.2,0.0,0.5,0.0,0.0,15.0,11.0,39.0,2.0,0.125,0.0,0.0,14.0,11.0,37.0,1.5,0.5,5.0,4.0,-200.0,0.0,0.0,4,6,26.6,9.0,1345,1686,1263,0.0,0.0,10.0,12.0,38.6,1.5,0.3125,0.0,0.0,15.0,8.0,37.1,0.9,0.6875,1.5,0.2,57.0,-1208.0,14.0,6.0,508.0,-0.3333333333333333,0.0,-0.0625,0.1875,-0.0625,0.6600000000000001,0.0
434,202107020207,0,1,1,3,0,0,0,1,0,0,0,0,0,1,1,3,0,0,0,0,0,0,0,0,0,0,1,0,0,0,0,0,0,0,0,0,0.0,0.0,130.0,8.0,38.4,0.9,0.25,0.0,0.0,60.0,8.0,37.7,1.6,0.5714285714285714,0.0,0.0,50.0,6.0,38.0,1.0,0.3125,-1.0,8.0,0.0,0.0625,0.21875,5,8,14.9,5.0,1172,460,1556,0.0,0.0,130.0,14.0,36.9,1.5,0.6111111111111112,0.0,0.0,90.0,4.0,38.5,1.3,0.5,-0.2,0.0,57.0,21.0,14.0,16.0,454.0,-0.0625,-0.21428571428571427,0.0,0.05555555555555555,-0.0625,0.060000000000000143,0.0
435,202107020207,0,0,0,3,0,0,0,0,0,0,0,0,0,0,0,2,0,0,0,0,0,0,0,0,0,0,0,0,0,0,0,0,0,0,0,0,0.0,0.0,30.0,14.0,39.5,1.2,0.125,0.0,0.0,30.0,2.0,36.4,0.0,0.125,0.0,0.0,30.0,3.0,37.8,0.4,0.25,-5.5,6.0,0.0,0.08571428571428572,0.42857142857142855,7,11,2.5,1.0,1278,1322,625,0.0,0.0,30.0,7.0,38.4,1.5,0.5714285714285714,0.0,0.0,30.0,5.0,37.4,0.8,0.625,-1.2999999999999998,0.4,57.0,120.0,14.0,16.0,456.0,0.0,0.0,-0.0625,0.07142857142857142,-0.0625,0.22000000000000028,0.0
436,202107020207,0,0,0,3,0,2,2,9,0,0,0,1,0,0,0,1,0,1,0,2,0,0,0,1,0,0,0,0,0,0,0,1,0,0,0,0,0.0,0.0,60.0,9.0,40.5,2.4,1.0,0.0,0.0,130.0,11.0,36.2,1.1,0.75,0.0,0.0,140.0,11.0,37.5,1.1,0.625,1.0,-17.0,-350.0,0.125,0.25,8,13,77.6,13.0,1558,1556,212,0.0,0.0,50.0,9.0,37.5,1.5,0.6153846153846154,0.0,0.0,130.0,8.0,36.5,1.2,0.875,-0.4,0.0,54.0,-749.0,14.0,10.0,449.0,-0.1,0.0,0.0,0.07692307692307693,-0.0625,0.6700000000000003,0.0
437,202107020207,0,0,0,2,0,0,0,1,0,0,0,0,0,0,0,0,0,0,0,0,0,0,0,0,0,0,0,0,0,0,0,0,0,0,0,0,0.0,0.0,110.0,11.0,39.8,2.9,1.0,0.0,0.0,130.0,12.0,37.3,1.7,0.8461538461538461,0.0,0.0,150.0,14.0,39.3,3.1,0.4,1.5,-8.0,100.0,,,8,14,15.2,6.0,1431,1445,1428,0.0,0.0,150.0,15.0,37.4,1.6,0.8,0.0,0.0,140.0,12.0,37.5,1.7,0.5625,0.5,0.0,53.0,-958.0,14.0,11.0,466.0,0.0,0.0,0.0,0.0,0.0,0.4499999999999993,0.0
438,202107020207,0,0,0,3,1,0,0,3,0,0,0,0,0,0,0,2,0,0,0,0,0,0,0,0,0,0,0,1,0,0,0,0,0,0,0,0,0.0,0.0,5.0,8.0,41.2,1.5,0.6666666666666666,0.0,0.0,13.0,11.0,37.7,1.5,0.8666666666666667,0.0,0.0,13.0,12.0,37.4,1.2,0.5625,2.0,0.0,0.0,0.0,0.0,4,5,10.7,4.0,1127,225,1328,0.0,0.0,4.0,9.0,37.4,1.0,0.8571428571428571,0.0,0.0,14.0,5.0,36.8,1.1,0.5,-0.8,0.0,57.0,-1230.0,14.0,9.0,454.0,0.2222222222222222,0.0,-0.125,-0.07142857142857142,0.1875,0.9100000000000016,0.0
439,202107020207,0,1,1,3,0,2,2,9,0,1,1,0,0,0,0,1,0,1,0,2,0,0,0,0,0,0,0,0,0,0,0,1,0,0,0,0,0.0,0.0,50.0,,,,1.0,0.0,0.0,130.0,13.0,38.1,1.6,0.5,0.0,0.0,90.0,12.0,39.1,2.7,0.8333333333333334,-1.0,9.0,0.0,0.25,0.3333333333333333,6,10,5.9,3.0,1403,1556,939,0.0,0.0,30.0,10.0,38.9,1.3,0.07142857142857142,0.0,0.0,50.0,8.0,37.6,1.7,0.8125,-1.7,0.0,57.0,-1043.0,14.0,11.0,465.0,,-0.0625,-0.16666666666666666,0.07142857142857142,-0.25,0.1700000000000003,0.0
440,202107020207,0,0,0,3,0,0,0,1,0,0,0,0,0,0,0,1,0,0,0,0,0,0,0,0,0,0,0,0,0,0,0,0,0,0,0,0,0.0,0.0,110.0,110.0,43.8,5.6,0.5833333333333334,0.0,0.0,130.0,110.0,34.7,1.0,0.6923076923076923,0.0,0.0,110.0,110.0,35.9,2.2,0.38461538461538464,0.0,29.0,-300.0,0.0,0.125,6,9,57.0,12.0,1304,962,1503,0.0,0.0,90.0,110.0,39.0,2.6,0.7272727272727273,0.0,0.0,120.0,110.0,38.6,1.3,0.2857142857142857,0.0,0.0,55.0,-1111.0,14.0,12.0,461.0,0.3333333333333333,0.07692307692307693,0.07692307692307693,0.0,0.07142857142857142,0.6099999999999994,0.0
441,202107020207,0,0,0,0,0,1,0,1,0,0,0,0,0,0,0,0,0,0,0,0,0,0,0,0,0,0,0,0,0,0,0,0,0,0,0,0,0.0,0.0,7.0,11.0,38.9,1.8,0.6875,0.0,0.0,11.0,12.0,38.4,1.3,0.5714285714285714,0.0,0.0,15.0,12.0,39.3,2.0,0.4375,0.5,5.0,0.0,0.0,0.0,7,12,54.2,11.0,1059,1551,1482,0.0,0.0,12.0,15.0,39.4,3.3,0.3125,0.0,0.0,8.0,1.0,38.2,0.0,0.6,-1.7,0.2,57.0,-522.0,14.0,16.0,473.0,-0.1875,0.07142857142857142,0.1875,0.0625,-0.26666666666666666,0.03999999999999915,0.0
442,202107020207,0,0,0,0,1,1,0,11,0,0,0,0,0,0,0,0,1,0,0,3,0,0,0,0,0,0,0,0,0,0,0,0,0,0,0,0,0.0,0.0,5.0,10.0,39.0,1.1,1.0,0.0,0.0,15.0,14.0,36.5,1.8,1.0,0.0,0.0,16.0,12.0,38.4,1.9,0.6875,1.0,31.0,-100.0,0.0,0.0,5,7,34.3,10.0,1059,1183,1482,0.0,0.0,13.0,13.0,37.6,7.3,1.0,0.0,0.0,7.0,8.0,40.3,3.1,0.5,-0.5,0.0,57.0,-1160.0,14.0,11.0,479.0,-0.09090909090909091,0.0,0.0,0.0,0.5,-0.36999999999999955,0.0
443,202107020207,0,0,0,0,1,0,0,7,0,0,0,0,0,0,0,0,0,0,0,2,0,0,0,0,0,0,0,0,0,0,0,1,0,0,0,0,0.0,0.0,2.0,5.0,41.4,1.9,0.4,0.0,0.0,16.0,15.0,38.3,2.5,0.6875,0.0,0.0,14.0,14.0,38.4,2.8,1.0,4.5,-3.0,100.0,0.08108108108108109,0.21621621621621623,3,4,112.9,14.0,1507,1263,593,0.0,0.0,15.0,10.0,38.2,1.0,0.9375,0.0,0.0,14.0,8.0,36.6,1.3,0.8666666666666667,0.1,0.0,56.0,-210.0,14.0,10.0,473.0,0.0,0.0,0.0,-0.0625,0.13333333333333333,0.9699999999999989,0.0
444,202107020304,1,0,1,2,9,5,5,48,0,0,0,0,1,0,1,0,2,1,1,17,0,0,0,0,1,0,1,0,1,0,0,8,0,0,0,0,0.0,0.0,7.0,10.0,14.1,14.9,0.3,0.0,0.0,11.0,8.0,38.1,1.9,0.6,0.0,0.0,3.0,4.0,38.6,0.8,0.4,-3.0,-2.0,-1490.0,0.12,0.28,3,6,7.0,4.0,1657,1183,1317,0.0,0.0,5.0,15.0,44.4,7.0,0.06666666666666667,0.0,0.0,14.0,2.0,39.2,0.4,0.26666666666666666,-0.9,0.2,56.0,-770.0,16.0,10.0,458.0,0.5,0.2,0.1,0.4666666666666667,-0.13333333333333333,-5.65,0.0
445,202107020304,2,2,7,36,4,6,9,67,0,0,0,3,1,0,2,9,1,1,2,15,0,0,0,0,0,0,1,3,0,0,0,3,0,0,0,0,0.0,0.0,7.0,10.0,36.0,1.5,1.0,0.0,0.0,7.0,5.0,34.0,0.3,0.9375,0.0,0.0,3.0,7.0,37.4,2.3,0.6875,-1.5,12.0,-100.0,0.02564102564102564,0.07692307692307693,5,9,2.7,1.0,1127,1558,1328,0.0,0.0,1.0,2.0,37.8,0.5,0.2,0.0,0.0,2.0,9.0,39.8,1.8,0.3125,-0.5,0.2,56.0,-161.0,16.0,14.0,514.0,-0.21428571428571427,-0.0625,0.0,0.0,-0.0625,-1.1399999999999992,0.0
446,202107020304,3,3,4,34,1,0,0,6,0,0,0,0,2,0,1,11,1,0,0,2,0,0,0,0,0,0,0,4,1,0,0,0,0,0,0,0,0.0,0.0,5.0,8.0,40.3,2.7,0.8333333333333334,0.0,0.0,12.0,14.0,37.0,1.7,0.9333333333333333,0.0,0.0,8.0,7.0,36.4,0.9,0.6666666666666666,-0.5,-3.0,0.0,0.16666666666666666,0.4666666666666667,4,7,6.7,3.0,1393,225,1263,0.0,0.0,13.0,9.0,37.7,1.3,0.5,0.0,0.0,6.0,5.0,36.8,0.3,0.5,-1.1,0.0,56.0,-1225.0,16.0,12.0,473.0,-0.25,0.06666666666666667,0.06666666666666667,-0.0625,-0.0625,0.6299999999999997,0.0
447,202107020304,0,0,0,0,0,0,0,0,0,0,0,0,0,0,0,0,0,0,0,0,0,0,0,0,0,0,0,0,0,0,0,0,0,0,0,0,0.0,0.0,9.0,8.0,36.1,0.6,0.3125,0.0,0.0,9.0,6.0,36.1,0.4,0.0625,0.0,0.0,5.0,8.0,35.5,1.1,0.4375,0.0,-6.0,-200.0,0.041666666666666664,0.16666666666666666,1,1,11.7,5.0,594,716,324,0.0,0.0,7.0,7.0,36.9,0.6,0.0625,0.0,0.0,8.0,4.0,35.2,0.1,0.0625,-0.7,0.0,56.0,-554.0,16.0,16.0,474.0,0.0,0.0,0.0,0.0,0.0,0.1,0.0
448,202107020304,4,3,6,43,0,1,1,7,0,0,0,0,1,0,1,8,0,1,0,1,0,0,0,0,0,0,1,3,0,0,0,0,0,0,0,0,0.0,0.0,4.0,8.0,42.3,2.3,1.0,0.0,0.0,9.0,9.0,36.7,1.3,0.8666666666666667,0.0,0.0,7.0,7.0,38.5,1.2,0.3125,-0.5,-8.0,0.0,0.022222222222222223,0.3111111111111111,5,10,41.7,9.0,1691,1542,1167,0.0,0.0,9.0,5.0,38.5,0.9,0.625,0.0,0.0,12.0,7.0,39.1,1.6,0.375,-0.6,0.0,56.0,-234.0,16.0,8.0,474.0,-0.125,0.0,-0.0625,-0.125,0.0,0.4599999999999994,0.0
449,202107020304,5,9,7,47,4,6,3,23,0,0,0,1,3,3,3,19,0,1,2,6,0,0,0,0,1,1,1,5,0,1,1,1,0,0,0,0,0.0,0.0,5.0,6.0,37.3,1.3,0.875,0.0,0.0,13.0,12.0,38.5,2.4,0.5714285714285714,0.0,0.0,11.0,10.0,36.2,1.3,1.0,2.0,2.0,-400.0,0.06666666666666667,0.23333333333333334,1,2,31.5,7.0,1172,1039,1556,0.0,0.0,12.0,14.0,38.7,2.6,0.6428571428571429,0.0,0.0,7.0,11.0,39.2,1.7,0.6666666666666666,1.2,0.0,56.0,-920.0,16.0,8.0,490.0,-0.25,0.0,0.0,0.2857142857142857,-0.16666666666666666,-0.4000000000000014,0.0
450,202107020304,0,0,1,6,9,2,7,87,0,0,1,2,0,0,0,2,0,0,2,23,0,0,0,0,0,0,0,1,0,0,0,9,0,0,0,0,0.0,0.0,6.0,,,,0.9166666666666666,0.0,0.0,9.0,11.0,37.2,1.5,0.9333333333333333,0.0,0.0,10.0,12.0,37.1,1.5,0.5,1.0,1.0,0.0,0.1,0.2,2,3,32.6,8.0,1094,1263,334,0.0,0.0,10.0,6.0,37.5,1.0,0.6666666666666666,0.0,0.0,8.0,6.0,37.5,0.9,0.625,-2.1,0.0,53.0,-544.0,16.0,12.0,485.0,0.08333333333333333,-0.06666666666666667,0.0625,0.0,-0.0625,-0.129999999999999,0.0
451,202107020304,1,0,1,5,4,5,7,53,0,0,0,0,0,0,0,1,1,2,2,9,0,0,0,0,0,0,0,1,0,2,2,3,0,0,0,0,0.0,0.0,1.0,,,,1.0,0.0,0.0,9.0,6.0,38.6,1.3,0.75,0.0,0.0,5.0,5.0,38.4,1.0,0.625,-1.0,25.0,0.0,0.35714285714285715,0.5714285714285714,7,14,2.8,2.0,1441,1294,1167,0.0,0.0,1.0,7.0,39.4,1.6,0.4375,0.0,0.0,3.0,4.0,36.7,0.6,0.1875,-0.4,0.0,54.0,-794.0,16.0,6.0,475.0,,-0.375,0.0,0.0,0.0625,0.4699999999999996,0.0
452,202107020304,0,1,2,8,5,6,1,67,0,0,0,0,0,1,2,4,1,0,0,18,0,0,0,0,0,0,0,1,0,0,0,5,0,0,0,0,0.0,0.0,4.0,4.0,39.3,1.0,0.8,0.0,0.0,4.0,11.0,34.8,1.5,0.1875,0.0,0.0,4.0,5.0,38.1,0.4,0.3125,0.5,31.0,200.0,,,7,13,30.8,6.0,1396,1013,1556,0.0,0.0,6.0,9.0,39.5,1.3,0.25,0.0,0.0,8.0,9.0,40.7,1.8,0.4666666666666667,0.8,0.0,54.0,-948.0,16.0,10.0,497.0,-0.4,,0.0,0.0625,-0.06666666666666667,-0.7500000000000014,0.0
453,202107020304,0,0,0,5,2,5,8,43,0,0,0,1,0,0,0,1,0,1,2,12,0,0,0,0,0,0,0,1,0,0,2,5,0,0,0,0,0.0,0.0,2.0,1.0,37.0,0.0,0.16666666666666666,0.0,0.0,8.0,10.0,41.5,4.1,0.8571428571428571,0.0,0.0,11.0,6.0,39.2,1.7,0.2857142857142857,2.5,34.0,580.0,0.07692307692307693,0.20512820512820512,3,5,132.9,11.0,1558,1167,212,0.0,0.0,11.0,10.0,39.1,1.5,0.625,0.0,0.0,15.0,11.0,42.1,3.8,0.3125,2.0,0.2,55.0,-1203.0,16.0,12.0,514.0,-0.08333333333333333,-0.14285714285714285,0.07142857142857142,0.0,0.125,-0.7800000000000005,0.0
454,202107020304,0,2,0,27,6,4,8,59,0,0,0,1,0,1,0,10,1,1,4,18,0,0,0,0,0,0,0,4,0,0,0,5,0,0,0,0,0.0,0.0,5.0,2.0,37.9,0.2,0.25,0.0,0.0,16.0,14.0,37.7,2.0,0.25,0.0,0.0,14.0,11.0,39.0,1.7,0.8125,4.5,16.0,400.0,0.0,0.2,6,11,241.9,14.0,1431,1559,1428,0.0,0.0,10.0,9.0,38.0,2.5,0.5,0.0,0.0,12.0,11.0,38.3,1.4,0.9375,1.3,0.2,56.0,-598.0,16.0,12.0,496.0,0.0,0.0625,0.0,0.0625,-0.0625,-0.10999999999999943,0.0
455,202107020304,0,2,1,28,0,0,0,3,0,0,0,0,0,1,1,7,0,0,0,1,0,0,0,0,0,0,1,5,0,0,0,0,0,0,0,0,0.0,0.0,15.0,15.0,41.0,4.2,0.26666666666666666,0.0,0.0,15.0,15.0,37.8,2.1,0.125,0.0,0.0,14.0,14.0,39.4,3.1,0.25,-0.5,4.0,200.0,0.0,0.0,4,8,143.0,12.0,1090,1685,1169,0.0,0.0,1.0,1.0,40.9,0.0,0.14285714285714285,0.0,0.0,14.0,16.0,35.5,1.5,0.8125,-1.2,0.2,56.0,-518.0,16.0,15.0,480.0,0.06666666666666667,0.0,0.0,0.0,0.0,0.7899999999999998,0.0
456,202107020304,0,2,0,5,4,2,1,43,0,0,0,0,0,1,0,2,1,2,1,13,0,0,0,0,0,0,0,2,0,2,0,5,0,0,0,0,0.0,0.0,14.0,9.0,35.9,0.7,0.6875,0.0,0.0,13.0,14.0,37.3,1.6,1.0,0.0,0.0,8.0,9.0,36.9,1.7,0.8571428571428571,0.0,-2.0,-400.0,0.06060606060606061,0.21212121212121213,8,15,65.3,10.0,1098,1405,1294,0.0,0.0,8.0,6.0,35.0,0.8,0.8181818181818182,0.0,0.0,6.0,3.0,39.0,1.6,0.6666666666666666,-2.0,0.2,56.0,-609.0,16.0,16.0,446.0,-0.1875,-0.1875,0.0,0.0,0.0,-0.39000000000000057,0.0
457,202107020304,0,2,1,6,2,0,1,15,0,0,0,0,0,1,1,4,0,0,0,5,0,0,0,0,0,1,0,4,0,0,0,3,0,0,0,0,0.0,0.0,13.0,14.0,41.4,3.4,0.4375,0.0,0.0,15.0,14.0,39.9,3.2,0.9375,0.0,0.0,11.0,12.0,44.3,5.2,0.5,-1.0,6.0,0.0,0.08,0.08,8,16,198.4,13.0,1020,1503,1576,0.0,0.0,13.0,12.0,36.2,3.3,0.8461538461538461,,,,,,,,-0.8,0.0,56.0,0.0,16.0,16.0,492.0,0.1875,0.0,0.4166666666666667,0.15384615384615385,,1.1199999999999988,0.0
458,202107020304,2,4,2,28,1,0,0,1,0,0,0,0,1,1,1,8,0,0,0,0,0,0,0,0,0,0,1,2,0,0,0,0,0,0,0,0,0.0,0.0,40.0,10.0,42.4,5.6,1.0,0.0,0.0,150.0,12.0,40.3,4.1,0.5333333333333333,0.0,0.0,160.0,13.0,40.1,3.8,1.0,1.5,16.0,100.0,0.0,0.0,2,4,394.3,15.0,1009,1576,298,0.0,0.0,150.0,15.0,39.3,3.5,1.0,0.0,0.0,130.0,16.0,38.9,4.7,1.0,1.5,0.0,53.0,-715.0,16.0,10.0,504.0,0.0,0.4,-0.125,0.0,0.0,0.8,0.0
459,202107020304,3,2,0,17,2,0,6,35,0,0,0,0,1,0,0,4,0,0,2,12,0,0,0,0,0,0,0,1,0,0,1,3,0,0,0,0,0.0,0.0,9.0,9.0,43.2,4.1,0.5,0.0,0.0,18.0,17.0,37.1,3.4,0.9444444444444444,0.0,0.0,16.0,16.0,43.2,6.0,0.875,3.5,30.0,0.0,0.10526315789473684,0.21052631578947367,6,12,406.6,16.0,1294,1345,471,0.0,0.0,14.0,14.0,45.6,8.3,0.6428571428571429,,,,,,,,1.4,0.0,56.0,-683.0,16.0,10.0,540.0,0.2,0.05555555555555555,0.0625,0.35714285714285715,,-1.3299999999999996,0.0
460,202107020404,0,0,0,1,1,1,0,2,0,0,0,0,0,0,0,0,1,1,0,0,0,0,0,0,0,0,0,0,0,0,0,0,0,0,0,0,0.0,0.0,16.0,16.0,34.7,1.3,1.0,0.0,0.0,10.0,15.0,43.4,6.2,0.06666666666666667,0.0,0.0,14.0,14.0,37.2,1.9,0.6875,-1.0,4.0,200.0,0.058823529411764705,0.20588235294117646,6,11,5.4,3.0,1152,1108,1428,0.0,0.0,11.0,12.0,34.3,0.9,1.0,0.0,0.0,6.0,13.0,38.6,2.5,0.875,-0.9,0.0,56.0,-1183.0,15.0,16.0,534.0,0.0,0.0,0.0,0.0,0.0,0.13000000000000042,0.0
461,202107020404,1,0,1,3,0,0,0,0,0,0,0,0,1,0,0,1,0,0,0,0,0,0,0,0,0,0,0,0,0,0,0,0,0,0,0,0,0.0,0.0,1.0,1.0,39.4,0.0,0.6,0.0,0.0,1.0,2.0,37.8,0.0,0.3333333333333333,0.0,0.0,2.0,5.0,36.6,0.7,0.7,2.0,0.0,0.0,0.08695652173913043,0.1956521739130435,7,12,3.3,1.0,1167,1425,460,0.0,0.0,1.0,3.0,35.8,0.2,0.1,0.0,0.0,1.0,4.0,34.0,0.6,0.23076923076923078,0.7,0.6,56.0,-352.0,15.0,10.0,540.0,-0.3,0.0,0.0,0.0,0.0,1.2799999999999998,0.0
462,202107020404,0,0,0,1,0,0,0,3,0,0,0,0,0,0,0,0,0,0,0,3,0,0,0,0,0,0,0,0,0,0,0,1,0,0,0,0,0.0,0.0,4.0,11.0,46.4,4.0,0.08333333333333333,0.0,0.0,14.0,14.0,37.1,2.6,0.8666666666666667,0.0,0.0,11.0,13.0,40.8,4.1,0.5333333333333333,1.0,1.0,-600.0,0.06451612903225806,0.22580645161290322,8,15,27.4,8.0,1605,1482,1,0.0,0.0,10.0,16.0,38.5,2.8,0.1875,0.0,0.0,5.0,14.0,42.7,4.4,0.13333333333333333,0.8,0.0,56.0,-1207.0,15.0,12.0,479.0,0.0,0.06666666666666667,0.4666666666666667,-0.0625,0.2,0.5999999999999993,0.0
463,202107020404,0,0,1,0,1,0,0,7,0,0,0,0,0,0,0,0,0,0,0,2,0,0,0,0,0,0,0,0,0,0,0,0,0,0,0,0,0.0,0.0,13.0,12.0,40.1,2.5,0.8125,0.0,0.0,11.0,14.0,37.2,2.2,0.75,0.0,0.0,10.0,8.0,41.1,3.5,0.07142857142857142,-2.0,0.0,-400.0,0.0,0.6666666666666666,4,6,6.7,5.0,1691,1263,1167,0.0,0.0,5.0,7.0,38.2,0.5,1.0,0.0,0.0,8.0,7.0,36.8,1.1,1.0,-1.7,0.0,51.0,-608.0,15.0,16.0,484.0,0.0,0.0625,0.42857142857142855,-0.3333333333333333,-0.1,0.5600000000000008,0.0
464,202107020404,0,0,0,1,0,1,1,2,0,0,0,0,0,0,0,1,0,1,0,1,0,0,0,0,0,0,0,0,0,1,0,1,0,0,0,0,0.0,0.0,1.0,5.0,41.6,1.4,0.125,0.0,0.0,8.0,10.0,42.7,4.0,0.07142857142857142,0.0,0.0,4.0,7.0,42.1,2.9,0.07692307692307693,1.0,-5.0,-100.0,0.3333333333333333,0.3333333333333333,8,14,189.5,13.0,1687,1039,1345,0.0,0.0,13.0,5.0,38.4,1.4,0.5333333333333333,0.0,0.0,16.0,16.0,38.3,4.4,1.0,1.7,0.0,52.0,-385.0,15.0,8.0,471.0,0.0,0.07142857142857142,0.0,0.0,0.0,1.0900000000000012,0.0
465,202107020404,0,0,0,3,0,2,0,2,0,0,0,0,0,0,0,2,0,0,0,1,0,0,0,0,0,0,0,1,0,0,0,0,0,0,0,0,0.0,0.0,5.0,9.0,40.0,1.6,0.5454545454545454,0.0,0.0,14.0,10.0,37.8,2.4,0.6875,0.0,0.0,15.0,14.0,38.4,1.7,0.375,2.5,10.0,-100.0,0.0,0.18181818181818182,4,7,10.5,6.0,1278,1428,625,0.0,0.0,13.0,13.0,40.0,2.4,0.0625,0.0,0.0,14.0,16.0,39.5,2.0,0.25,1.7,0.0,54.0,-898.0,15.0,11.0,438.0,0.09090909090909091,0.1875,0.125,0.6875,0.3125,-0.12000000000000029,0.0
466,202107020404,0,0,0,3,0,0,0,0,0,0,0,0,0,0,0,2,0,0,0,0,0,0,0,0,0,0,0,1,0,0,0,0,0,0,0,0,0.0,0.0,13.0,16.0,40.4,3.2,0.0625,0.0,0.0,4.0,15.0,44.4,6.1,0.06666666666666667,0.0,0.0,7.0,9.0,40.2,1.4,0.07142857142857142,-3.5,0.0,-300.0,0.041666666666666664,0.125,3,5,6.2,4.0,1127,1110,1328,0.0,0.0,9.0,12.0,43.6,5.1,0.16666666666666666,0.0,0.0,1.0,1.0,40.9,0.0,0.06666666666666667,-3.3,0.2,53.0,-336.0,15.0,16.0,468.0,0.0625,0.26666666666666666,0.0,0.25,0.0,-0.020000000000000285,0.0
467,202107020404,0,0,0,1,0,1,1,2,0,0,0,0,0,0,0,0,0,1,0,1,0,0,0,0,0,0,0,0,0,1,0,1,0,0,0,0,0.0,0.0,4.0,4.0,40.1,1.8,0.2,0.0,0.0,7.0,8.0,37.8,2.1,0.6666666666666666,0.0,0.0,5.0,8.0,38.4,1.4,0.375,2.0,-2.0,-400.0,0.0,0.0,6,10,21.6,7.0,1319,1039,334,0.0,0.0,6.0,6.0,38.3,1.1,0.23076923076923078,,,,,,,,0.6,0.0,52.0,-35.0,15.0,15.0,432.0,0.06666666666666667,0.0,0.0,0.0,,0.48000000000000115,0.0
468,202107020404,0,1,1,7,0,0,0,0,0,0,0,0,0,0,0,2,0,0,0,0,0,0,0,0,0,0,0,0,0,0,0,0,0,0,0,0,0.0,0.0,9.0,9.0,38.4,2.4,0.6,0.0,0.0,13.0,9.0,37.9,1.4,0.625,,,,,,,,0.0,6.0,0.0,0.0,0.0,7,13,36.6,9.0,1716,1542,1167,,,,,,,,,,,,,,,0.0,0.0,56.0,0.0,15.0,15.0,524.0,0.0,0.0,,,,0.5,0.0
469,202107020404,0,0,0,0,0,0,2,10,0,0,0,0,0,0,0,0,0,0,0,2,0,0,0,0,0,0,0,0,0,0,0,0,0,0,0,0,0.0,0.0,12.0,9.0,41.4,3.0,0.6666666666666666,0.0,0.0,10.0,11.0,14.1,7.1,0.23076923076923078,0.0,0.0,7.0,10.0,14.0,9.2,0.6,0.5,21.0,-100.0,0.0,0.0,2,3,55.1,10.0,1677,1013,1167,0.0,0.0,7.0,10.0,14.2,7.8,0.09090909090909091,0.0,0.0,3.0,6.0,38.6,1.8,0.7142857142857143,-0.7,0.0,53.0,-642.0,15.0,12.0,491.0,0.08333333333333333,0.38461538461538464,0.4,0.5454545454545454,-0.21428571428571427,0.5499999999999993,0.0
470,202107020404,0,0,0,3,0,0,0,0,0,0,0,0,0,0,0,1,0,0,0,0,0,0,0,0,0,0,0,1,0,0,0,0,0,0,0,0,0.0,0.0,8.0,11.0,43.4,2.6,0.08333333333333333,0.0,0.0,13.0,16.0,35.5,1.7,0.375,0.0,0.0,4.0,8.0,40.7,2.4,0.125,-1.5,3.0,-200.0,0.07317073170731707,0.21951219512195122,5,8,4.7,2.0,1304,420,1503,0.0,0.0,12.0,15.0,39.0,3.3,0.875,0.0,0.0,11.0,16.0,39.8,3.5,0.25,0.9,0.0,53.0,-550.0,15.0,12.0,493.0,0.08333333333333333,0.0,0.0,-0.0625,-0.0625,0.3700000000000003,0.0
471,202107020404,0,0,0,0,0,0,0,0,0,0,0,0,0,0,0,0,0,0,0,0,0,0,0,0,0,0,0,0,0,0,0,0,0,0,0,0,0.0,0.0,90.0,10.0,40.9,2.1,0.5833333333333334,0.0,0.0,130.0,14.0,37.5,2.1,0.6875,0.0,0.0,110.0,12.0,38.4,2.8,0.7333333333333333,1.0,-4.0,-300.0,0.09090909090909091,0.18181818181818182,5,9,129.6,11.0,1729,1541,1428,0.0,0.0,70.0,10.0,35.9,2.5,0.7692307692307693,,,,,,,,-0.2,0.0,53.0,-1213.0,15.0,12.0,456.0,-0.08333333333333333,-0.0625,-0.06666666666666667,0.15384615384615385,,1.4100000000000001,0.0
472,202107020404,0,0,0,0,0,0,0,0,0,0,0,0,0,0,0,0,0,0,0,0,0,0,0,0,0,0,0,0,0,0,0,0,0,0,0,0,0.0,0.0,80.0,100.0,42.3,3.1,0.3333333333333333,0.0,0.0,150.0,150.0,40.4,2.9,0.4,0.0,0.0,170.0,150.0,36.0,1.8,0.8333333333333334,25.0,-3.0,-100.0,0.0,0.13333333333333333,3,4,140.2,12.0,1548,1240,1328,0.0,0.0,140.0,120.0,40.0,4.0,0.7857142857142857,0.0,0.0,150.0,80.0,41.5,2.9,0.6,-7.0,0.0,54.0,-1223.0,15.0,12.0,507.0,0.3333333333333333,0.26666666666666666,0.05555555555555555,-0.07142857142857142,0.0,0.1999999999999993,0.0
473,202107020404,0,0,0,0,0,0,0,3,0,0,0,0,0,0,0,0,0,0,0,1,0,0,0,0,0,0,0,0,0,0,0,0,0,0,0,0,0.0,0.0,9.0,12.0,41.4,7.3,1.0,0.0,0.0,14.0,14.0,38.8,3.2,0.7333333333333333,0.0,0.0,16.0,13.0,38.8,1.8,0.8125,0.5,5.0,600.0,0.0,0.0,1,1,195.5,14.0,1085,1221,334,0.0,0.0,14.0,14.0,39.5,3.1,0.6875,,,,,,,,0.5,0.0,53.0,-132.0,15.0,12.0,431.0,0.0,-0.06666666666666667,-0.0625,0.0,,0.5699999999999996,0.0
474,202107020404,1,1,0,4,0,0,0,3,0,0,0,0,0,0,0,1,0,0,0,1,0,0,0,0,0,0,0,0,0,0,0,0,0,0,0,0,0.0,0.0,1.0,6.0,41.0,2.2,0.25,0.0,0.0,15.0,15.0,40.7,5.4,0.8666666666666667,0.0,0.0,16.0,13.0,39.8,3.4,0.75,3.5,0.0,100.0,0.0,0.0967741935483871,2,2,290.2,15.0,1557,1221,1559,,,,,,,,,,,,,,,3.5,0.0,56.0,-63.0,15.0,12.0,478.0,0.16666666666666666,0.06666666666666667,0.0,,,0.6000000000000014,0.0
475,202107020407,0,0,0,4,0,0,1,3,0,0,0,0,0,0,0,1,0,0,0,2,0,0,0,0,0,0,0,0,0,0,0,0,0,0,0,0,0.0,0.0,7.0,10.0,13.7,7.5,0.5714285714285714,0.0,0.0,14.0,12.0,39.5,2.2,0.625,0.0,0.0,11.0,9.0,40.4,2.5,0.4,-0.5,-4.0,-1450.0,0.0,0.0,2,3,7.0,3.0,1317,1366,1186,0.0,0.0,13.0,8.0,38.9,1.6,0.7857142857142857,0.0,0.0,7.0,9.0,34.5,1.1,0.6363636363636364,-0.6,0.0,53.0,-951.0,15.0,14.0,502.0,0.14285714285714285,0.0625,0.2,-0.21428571428571427,0.0,-4.1,0.0
476,202107020407,2,2,0,1,1,0,0,0,0,0,0,0,0,1,0,0,0,0,0,0,0,0,0,0,0,0,0,0,0,0,0,0,0,0,0,0,0.0,0.0,70.0,8.0,38.5,1.5,0.7857142857142857,0.0,0.0,80.0,8.0,36.8,0.4,0.9333333333333333,0.0,0.0,80.0,10.0,38.5,1.3,0.375,1.0,14.0,0.0,0.0851063829787234,0.2127659574468085,2,2,8.0,5.0,1428,1708,1263,0.0,0.0,20.0,9.0,36.2,1.5,0.7,0.0,0.0,50.0,3.0,37.0,0.0,0.25,-0.9,0.2,55.0,-699.0,15.0,14.0,480.0,-0.07142857142857142,-0.06666666666666667,0.0625,0.0,-0.0625,0.35999999999999943,0.0
477,202107020407,0,0,0,0,0,0,0,0,0,0,0,0,0,0,0,0,0,0,0,0,0,0,0,0,0,0,0,0,0,0,0,0,0,0,0,0,0.0,0.0,5.0,4.0,37.8,0.3,0.06666666666666667,0.0,0.0,8.0,14.0,39.3,2.9,0.0625,0.0,0.0,1.0,1.0,37.9,0.0,0.14285714285714285,-1.5,2.0,-400.0,0.075,0.2,5,9,24.1,9.0,1069,828,939,0.0,0.0,2.0,2.0,36.8,0.1,0.3333333333333333,0.0,0.0,9.0,3.0,37.5,1.4,0.6666666666666666,-1.4,0.6,56.0,-168.0,15.0,15.0,510.0,0.0,0.0,0.0,0.0,0.0,0.30999999999999944,0.0
478,202107020407,0,0,0,1,0,0,0,3,0,0,0,0,0,0,0,0,0,0,0,1,0,0,0,0,0,0,0,0,0,0,0,0,0,0,0,0,0.0,0.0,70.0,12.0,37.5,1.7,0.5,0.0,0.0,90.0,4.0,35.7,0.2,0.9375,0.0,0.0,90.0,9.0,36.7,0.8,0.6666666666666666,-1.5,0.0,0.0,0.0,0.0,1,1,56.0,11.0,1571,1221,1108,0.0,0.0,30.0,10.0,36.8,0.6,0.8125,0.0,0.0,110.0,6.0,35.9,0.7,0.8125,-0.6,0.0,57.0,28.0,15.0,16.0,482.0,0.0625,-0.0625,-0.08333333333333333,0.0,0.0,0.21000000000000085,0.0
479,202107020407,0,0,0,1,1,0,0,7,0,0,0,0,0,0,0,1,0,0,0,2,0,0,0,0,0,0,0,1,0,0,0,1,0,0,0,0,0.0,0.0,13.0,14.0,39.1,3.2,0.4375,0.0,0.0,11.0,6.0,37.1,1.0,0.2,0.0,0.0,9.0,3.0,36.3,0.6,0.2,-5.5,-8.0,-200.0,0.0,0.1,3,5,95.1,12.0,1333,1263,1294,0.0,0.0,11.0,15.0,38.9,1.9,0.25,0.0,0.0,11.0,12.0,37.5,3.4,0.5833333333333334,0.5,0.2,55.0,-601.0,15.0,16.0,436.0,0.0625,0.0,0.0,-0.0625,0.25,0.14000000000000057,0.0
480,202107020407,0,0,0,0,0,0,0,0,0,0,0,0,0,0,0,0,0,0,0,0,0,0,0,0,0,0,0,0,0,0,0,0,0,0,0,0,0.0,0.0,20.0,9.0,38.6,1.3,0.3125,0.0,0.0,20.0,4.0,37.0,0.2,0.8125,0.0,0.0,10.0,5.0,37.7,0.3,0.4375,-2.0,2.0,200.0,0.0,0.19047619047619047,6,10,18.9,7.0,152,67,124,0.0,0.0,20.0,3.0,38.4,0.5,0.4375,0.0,0.0,30.0,1.0,36.0,0.0,0.13333333333333333,-1.7,0.4,55.0,15.0,15.0,16.0,470.0,0.0,0.0,0.0,0.0625,0.0,0.38000000000000045,0.0
481,202107020407,1,1,0,0,1,0,0,0,1,0,0,0,1,0,0,0,1,0,0,0,1,0,0,0,0,0,0,0,0,0,0,0,0,0,0,0,0.0,0.0,70.0,2.0,36.6,0.3,0.9333333333333333,0.0,0.0,60.0,5.0,37.7,0.5,0.625,0.0,0.0,130.0,10.0,36.3,0.7,0.1111111111111111,4.0,-8.0,0.0,0.18,0.38,5,8,2.6,1.0,123,880,334,0.0,0.0,10.0,7.0,37.7,1.9,0.8666666666666667,0.0,0.0,20.0,6.0,40.0,1.9,0.4666666666666667,1.0,0.2,55.0,-295.0,15.0,15.0,454.0,-0.06666666666666667,0.0,0.0,-0.06666666666666667,0.0,-0.6799999999999997,0.0
482,202107020407,0,0,0,3,0,0,0,3,0,0,0,0,0,0,0,0,0,0,0,3,0,0,0,0,0,0,0,0,0,0,0,0,0,0,0,0,0.0,0.0,8.0,5.0,40.8,1.1,0.45454545454545453,0.0,0.0,16.0,10.0,36.8,1.8,0.875,0.0,0.0,14.0,12.0,38.6,1.6,0.5333333333333333,3.5,33.0,0.0,0.0,0.0,4,6,156.3,13.0,1383,1482,246,0.0,0.0,16.0,11.0,36.6,1.8,0.875,0.0,0.0,12.0,14.0,37.7,2.3,0.8125,1.9,0.0,54.0,-1182.0,15.0,11.0,489.0,0.09090909090909091,0.0,0.0,0.0,0.0,0.6399999999999985,0.0
483,202107020407,1,0,2,11,0,0,0,2,0,0,0,0,1,0,1,7,0,0,0,1,0,0,0,0,0,0,0,1,0,0,0,0,0,0,0,0,0.0,0.0,40.0,6.0,37.2,0.7,0.6,0.0,0.0,150.0,8.0,37.4,1.0,0.875,0.0,0.0,150.0,10.0,36.9,1.3,0.8125,2.0,0.0,-200.0,0.043478260869565216,0.13043478260869565,6,11,14.1,6.0,1576,1503,1577,0.0,0.0,130.0,12.0,38.1,2.2,0.6923076923076923,0.0,0.0,140.0,12.0,38.5,2.3,0.9333333333333333,1.6,0.0,56.0,-1219.0,15.0,10.0,518.0,0.1,0.0,0.0,0.07692307692307693,0.06666666666666667,-0.32999999999999974,0.0
484,202107020407,0,0,0,0,1,0,0,0,0,0,0,0,0,0,0,0,0,0,0,0,0,0,0,0,0,0,0,0,0,0,0,0,0,0,0,0,0.0,0.0,8.0,4.0,34.9,0.3,0.5833333333333334,0.0,0.0,6.0,7.0,36.4,1.4,0.5833333333333334,0.0,0.0,11.0,10.0,38.1,1.0,0.125,3.0,-2.0,-200.0,0.11538461538461539,0.23076923076923078,8,15,7.1,4.0,769,324,568,0.0,0.0,5.0,15.0,40.8,3.1,0.4375,0.0,0.0,2.0,3.0,38.0,0.3,0.21428571428571427,0.5999999999999999,0.2,56.0,-454.0,15.0,12.0,490.0,0.0,-0.08333333333333333,0.0,0.5,0.0,-1.06,0.0
485,202107020407,1,2,0,4,0,1,0,1,0,0,0,0,0,1,0,1,0,0,0,0,0,0,0,0,0,0,0,1,0,0,0,0,0,0,0,0,0.0,0.0,14.0,8.0,35.6,1.2,0.125,0.0,0.0,7.0,7.0,34.2,0.8,0.5,0.0,0.0,8.0,11.0,39.2,2.8,0.5333333333333333,1.5,6.0,-200.0,0.025,0.1,4,7,20.4,8.0,1393,1551,1263,0.0,0.0,1.0,7.0,38.1,0.8,0.3125,0.0,0.0,6.0,4.0,35.3,0.2,0.1111111111111111,-0.8,0.0,55.0,-258.0,15.0,16.0,492.0,0.0625,-0.1111111111111111,0.0,0.0,0.0,-0.329999999999999,0.0
486,202107020407,0,0,0,5,0,0,0,0,0,0,0,0,0,0,0,0,0,0,0,0,0,0,0,0,0,0,0,0,0,0,0,0,0,0,0,0,0.0,0.0,9.0,9.0,35.7,0.6,0.3333333333333333,0.0,0.0,10.0,8.0,34.6,0.7,0.875,0.0,0.0,10.0,10.0,34.4,0.6,1.0,0.5,8.0,200.0,0.09433962264150944,0.22641509433962265,8,14,5.8,2.0,1736,816,1482,0.0,0.0,12.0,10.0,35.4,0.8,0.3888888888888889,0.0,0.0,7.0,11.0,33.4,0.9,1.0,0.6,0.0,57.0,-678.0,15.0,18.0,528.0,0.0,0.0,0.0,0.0,0.0,0.3800000000000011,0.0
487,202107020407,0,0,1,3,0,1,0,2,0,0,0,0,0,0,0,0,0,0,0,1,0,0,0,0,0,0,0,0,0,0,0,0,0,0,0,0,0.0,0.0,,,,,,0.0,0.0,140.0,12.0,36.9,2.2,0.8666666666666667,0.0,0.0,150.0,11.0,36.7,1.2,0.9375,-1.0,,0.0,0.07692307692307693,0.07692307692307693,3,4,309.0,15.0,1440,1721,1167,0.0,0.0,130.0,7.0,36.3,1.3,0.6875,0.0,0.0,60.0,10.0,36.8,1.7,0.625,-1.0,0.0,55.0,-1212.0,15.0,11.0,,,0.0,0.0,0.0625,0.0,0.07000000000000099,0.0
488,202107020407,0,1,1,7,1,0,0,7,0,0,0,0,0,0,0,2,0,0,0,2,0,0,0,0,0,0,0,2,0,0,0,1,0,0,0,0,0.0,0.0,9.0,9.0,34.3,0.4,0.375,0.0,0.0,7.0,3.0,33.3,0.4,0.8,0.0,0.0,15.0,9.0,34.9,1.1,0.2,0.0,-2.0,200.0,0.06557377049180328,0.22950819672131148,7,13,29.8,10.0,1716,1263,1167,0.0,0.0,17.0,14.0,34.7,0.9,0.7222222222222222,0.0,0.0,11.0,16.0,35.7,1.4,0.8888888888888888,2.5,0.2,55.0,-763.0,15.0,16.0,474.0,-0.0625,0.1,0.0,0.1111111111111111,0.1111111111111111,-0.4200000000000017,0.0
489,202107020407,1,0,0,2,0,0,0,1,0,0,0,0,0,0,0,0,0,0,0,0,0,0,0,0,0,0,0,0,0,0,0,0,0,0,0,0,0.0,0.0,3.0,8.0,42.1,2.4,0.125,0.0,0.0,13.0,14.0,38.2,1.9,0.6875,0.0,0.0,9.0,11.0,36.5,1.5,0.4166666666666667,1.5,4.0,-100.0,0.0,0.0,7,12,263.9,14.0,1348,1051,1221,0.0,0.0,10.0,7.0,37.2,0.9,0.2,0.0,0.0,13.0,4.0,36.7,0.7,0.4,-1.5,0.0,55.0,-497.0,15.0,8.0,460.0,0.5,-0.0625,0.0,0.0,0.0,1.1799999999999997,0.0
490,202107020501,2,4,2,21,2,0,1,7,0,0,0,1,0,0,0,3,0,0,1,3,0,0,0,1,0,0,0,0,0,0,0,0,0,0,0,0,0.0,0.0,15.0,15.0,38.1,2.7,0.25,0.0,0.0,8.0,11.0,37.4,3.2,0.09090909090909091,0.0,0.0,10.0,12.0,40.3,3.0,0.42857142857142855,-1.5,2.0,-400.0,0.08163265306122448,0.24489795918367346,4,8,2.8,1.0,1152,1199,1428,0.0,0.0,4.0,13.0,42.5,2.9,0.3333333333333333,0.0,0.0,13.0,4.0,39.5,0.3,0.06666666666666667,-2.0,0.0,54.0,-834.0,16.0,16.0,482.0,0.625,0.0,0.42857142857142855,0.3333333333333333,0.0,-0.7899999999999998,0.0
491,202107020501,3,3,4,31,2,1,0,32,0,0,0,0,0,0,1,5,2,1,0,15,0,0,0,0,0,0,1,1,0,0,0,4,0,0,0,0,0.0,0.0,3.0,10.0,39.6,3.1,1.0,0.0,0.0,1.0,5.0,38.9,0.7,0.375,0.0,0.0,1.0,3.0,38.3,0.4,0.125,-3.5,10.0,-100.0,0.25,0.25,1,2,25.3,8.0,1428,1366,1263,0.0,0.0,3.0,5.0,38.1,1.2,0.5333333333333333,0.0,0.0,6.0,4.0,37.6,0.7,0.125,-1.2,0.2,50.0,-457.0,16.0,11.0,452.0,-0.09090909090909091,-0.125,0.0,0.0,0.0,0.4799999999999997,0.0
492,202107020501,2,2,2,30,0,0,0,2,0,0,0,0,0,0,0,3,0,0,0,1,0,0,0,0,0,0,0,0,0,0,0,0,0,0,0,0,0.0,0.0,6.0,15.0,37.9,1.8,0.1875,0.0,0.0,5.0,2.0,36.7,0.2,0.1875,0.0,0.0,7.0,3.0,36.7,0.5,0.4666666666666667,-6.0,-2.0,200.0,0.0,0.4,6,11,5.1,2.0,1503,715,1263,0.0,0.0,5.0,4.0,36.8,0.4,0.26666666666666666,0.0,0.0,8.0,2.0,37.2,0.4,0.25,-2.4,0.6,51.0,-1064.0,16.0,16.0,462.0,0.1875,0.0,0.0,0.0,0.0,0.12999999999999973,0.0
493,202107020501,0,0,1,19,5,6,1,67,0,0,0,0,0,0,0,9,1,0,0,18,0,0,0,0,0,0,0,1,0,0,0,5,0,0,0,0,0.0,0.0,5.0,2.0,38.1,0.1,0.5625,0.0,0.0,6.0,5.0,37.7,1.0,0.5625,0.0,0.0,3.0,4.0,37.4,0.6,0.875,1.0,6.0,0.0,0.0625,0.25,8,16,5.3,3.0,1571,1013,1108,0.0,0.0,5.0,3.0,37.3,0.5,0.75,0.0,0.0,9.0,2.0,37.5,1.6,0.375,-0.2,0.6,54.0,-49.0,16.0,16.0,494.0,0.125,0.125,0.0,-0.0625,0.0625,0.16000000000000086,0.0
494,202107020501,1,0,0,6,2,5,8,43,0,0,0,0,1,0,0,2,0,1,2,12,0,0,0,0,1,0,0,1,0,0,2,5,0,0,0,0,0.0,0.0,6.0,3.0,39.5,0.8,0.7692307692307693,0.0,0.0,11.0,4.0,38.1,1.3,0.42857142857142855,0.0,0.0,13.0,5.0,40.1,0.7,0.14285714285714285,1.0,12.0,-200.0,0.14814814814814814,0.2962962962962963,2,3,14.5,6.0,1548,1167,1328,0.0,0.0,6.0,16.0,44.1,8.0,0.9375,0.0,0.0,9.0,8.0,38.5,1.7,0.1875,2.2,0.2,54.0,-706.0,16.0,13.0,496.0,-0.07692307692307693,-0.07142857142857142,0.0,0.0,-0.0625,-0.4,0.0
495,202107020501,10,6,4,39,2,0,1,15,1,0,0,0,5,3,2,15,0,0,0,5,0,0,0,0,2,0,0,3,0,0,0,3,0,0,0,0,0.0,0.0,4.0,5.0,39.2,1.6,0.36363636363636365,0.0,0.0,6.0,6.0,39.3,1.5,0.4666666666666667,0.0,0.0,8.0,4.0,37.7,0.7,0.1875,-0.5,6.0,0.0,0.0,0.13793103448275862,6,12,186.5,14.0,1716,1503,1167,0.0,0.0,12.0,3.0,37.8,1.2,0.5625,0.0,0.0,7.0,11.0,37.6,1.9,0.8571428571428571,0.9,0.2,54.0,-150.0,16.0,11.0,426.0,0.09090909090909091,-0.13333333333333333,0.0,-0.0625,0.0,0.4700000000000003,0.0
496,202107020501,8,7,10,65,4,2,1,43,0,1,0,4,4,3,4,32,1,2,1,13,0,1,0,4,3,1,1,9,0,2,0,5,0,1,0,2,0.0,0.0,40.0,5.0,38.7,0.8,0.8181818181818182,0.0,0.0,80.0,7.0,37.0,1.1,0.8125,0.0,0.0,140.0,9.0,38.2,0.8,0.8666666666666667,2.0,7.0,0.0,0.0,0.0,7,13,220.9,15.0,1576,1405,1577,0.0,0.0,150.0,7.0,39.3,1.9,0.6875,0.0,0.0,130.0,10.0,39.2,1.3,0.75,1.0,0.0,54.0,-597.0,16.0,11.0,449.0,-0.09090909090909091,0.0,-0.06666666666666667,-0.125,-0.0625,-0.32999999999999974,0.0
497,202107020501,2,1,0,4,0,0,2,7,0,0,0,0,0,0,0,0,0,0,0,3,0,0,0,0,0,0,0,0,0,0,0,2,0,0,0,0,0.0,0.0,8.0,6.0,42.5,0.8,0.1,0.0,0.0,18.0,8.0,33.7,0.9,0.9444444444444444,0.0,0.0,10.0,15.0,34.8,1.5,0.8888888888888888,4.5,7.0,0.0,0.047619047619047616,0.23809523809523808,1,1,67.3,11.0,1601,1507,239,0.0,0.0,11.0,8.0,40.1,2.2,0.3125,0.0,0.0,11.0,8.0,39.1,1.2,0.625,0.4,0.0,53.0,-1181.0,16.0,10.0,443.0,0.0,-0.2222222222222222,0.05555555555555555,-0.0625,0.125,0.039999999999999855,0.0
498,202107020501,2,1,0,4,0,0,0,9,0,0,0,0,0,0,0,0,0,0,0,3,0,0,0,0,0,0,0,0,0,0,0,2,0,0,0,0,0.0,0.0,5.0,5.0,40.1,0.5,0.125,0.0,0.0,12.0,13.0,36.9,2.6,0.5,0.0,0.0,8.0,5.0,36.4,0.4,0.21428571428571427,0.0,-10.0,0.0,0.0,0.125,4,7,181.2,13.0,1601,1331,239,0.0,0.0,15.0,14.0,36.3,1.1,0.1111111111111111,0.0,0.0,14.0,11.0,41.4,3.9,0.06666666666666667,1.3,0.0,52.0,-964.0,16.0,8.0,498.0,0.0,0.21428571428571427,0.0,0.0,0.2,-0.1999999999999993,0.0
499,202107020501,0,0,0,3,1,0,1,9,0,0,0,0,0,0,0,2,0,0,0,0,0,0,0,0,0,0,0,1,0,0,0,0,0,0,0,0,0.0,0.0,10.0,12.0,39.5,2.2,0.75,0.0,0.0,11.0,12.0,38.0,1.8,0.1875,0.0,0.0,3.0,16.0,36.8,2.2,0.125,2.0,-17.0,0.0,0.09090909090909091,0.21818181818181817,5,9,6.9,4.0,1629,1301,1428,0.0,0.0,4.0,10.0,41.2,3.1,0.1875,0.0,0.0,3.0,4.0,36.3,0.7,0.3125,-1.8,0.0,54.0,-644.0,16.0,12.0,437.0,0.25,0.375,0.1875,0.0625,-0.0625,0.3200000000000003,0.0
500,202107020501,1,0,0,1,0,1,1,7,0,0,0,0,0,0,0,0,0,0,0,2,0,0,0,0,0,0,0,0,0,0,0,0,0,0,0,0,0.0,0.0,11.0,8.0,36.3,0.5,0.05555555555555555,0.0,0.0,6.0,4.0,38.6,1.1,0.13333333333333333,0.0,0.0,5.0,11.0,41.0,3.2,0.4375,1.5,-4.0,0.0,0.020833333333333332,0.2916666666666667,8,15,8.9,5.0,1463,334,1167,,,,,,,,,,,,,,,1.5,0.0,54.0,-63.0,16.0,18.0,452.0,0.0,0.0,0.0625,,,-2.3500000000000014,0.0
501,202107020501,8,7,10,65,1,1,1,18,0,0,1,1,4,3,4,32,1,1,0,3,0,0,0,0,3,1,1,9,0,1,0,2,0,0,0,0,0.0,0.0,4.0,7.0,40.6,2.2,0.75,0.0,0.0,11.0,15.0,41.0,5.0,0.6,0.0,0.0,11.0,11.0,42.0,3.5,0.1875,2.0,7.0,0.0,0.038461538461538464,0.11538461538461539,2,4,18.1,7.0,1576,1362,1577,0.0,0.0,12.0,15.0,40.1,3.2,0.9333333333333333,0.0,0.0,7.0,12.0,40.9,3.4,0.5625,1.0,0.0,53.0,-369.0,16.0,8.0,489.0,0.0,0.06666666666666667,-0.0625,0.06666666666666667,0.0,0.030000000000000426,0.0
502,202107020501,0,0,1,21,5,7,5,56,0,0,0,1,0,0,0,9,2,1,3,19,0,0,0,0,0,0,0,5,1,0,2,6,0,0,0,0,0.0,0.0,,,,,,0.0,0.0,160.0,14.0,35.6,2.5,0.5,0.0,0.0,150.0,13.0,39.8,3.0,0.8,-1.0,,200.0,0.0,0.16,3,6,272.2,16.0,1489,1556,565,0.0,0.0,160.0,13.0,40.5,3.6,0.875,0.0,0.0,150.0,15.0,40.8,3.8,0.75,0.3,0.0,52.0,-73.0,16.0,8.0,,,0.2222222222222222,0.06666666666666667,0.0,0.25,-1.629999999999999,0.0
503,202107020501,0,0,0,1,0,0,1,7,0,0,0,0,0,0,0,1,0,0,1,3,0,0,0,0,0,0,0,1,0,0,1,2,0,0,0,0,0.0,0.0,,,,,,0.0,0.0,120.0,14.0,41.9,3.8,0.1875,0.0,0.0,110.0,13.0,37.9,2.8,0.07692307692307693,-1.0,3.0,0.0,0.08333333333333333,0.16666666666666666,3,5,73.8,12.0,1089,1110,1428,0.0,0.0,100.0,12.0,37.9,2.6,0.16666666666666666,0.0,0.0,70.0,14.0,39.5,3.5,0.25,-0.1,0.0,51.0,-22.0,16.0,11.0,451.0,,0.0,0.0,0.08333333333333333,0.125,0.7199999999999995,0.0
504,202107020501,0,2,0,27,1,2,2,15,0,0,0,0,0,1,0,10,1,0,1,8,0,0,0,0,0,0,0,4,0,0,1,6,0,0,0,0,0.0,0.0,14.0,13.0,44.4,3.9,0.5,0.0,0.0,10.0,15.0,42.5,5.0,0.5625,,,,,,,,2.0,6.0,-400.0,0.04,0.16,5,10,46.7,10.0,1431,1228,1428,,,,,,,,,,,,,,,2.0,0.0,54.0,-49.0,16.0,16.0,486.0,0.0625,0.0,,,,1.8999999999999986,0.0
505,202107020501,0,0,0,1,0,0,0,0,0,0,0,0,0,0,0,0,0,0,0,0,0,0,0,0,0,0,0,0,0,0,0,0,0,0,0,0,0.0,0.0,90.0,8.0,39.1,1.9,0.1,0.0,0.0,120.0,14.0,40.6,2.8,0.26666666666666666,0.0,0.0,90.0,16.0,43.7,5.3,0.0625,4.0,27.0,400.0,0.06976744186046512,0.20930232558139536,7,14,26.1,9.0,1672,1172,1167,0.0,0.0,80.0,8.0,36.7,0.9,0.0625,,,,,,,,0.2,0.0,53.0,-941.0,16.0,10.0,433.0,0.0,0.2,0.0,0.0,,0.4099999999999994,0.0
506,202107020506,0,1,1,11,2,2,0,22,0,0,0,1,0,1,0,2,0,0,0,5,0,0,0,0,0,0,0,0,0,0,0,2,0,0,0,0,0.0,0.0,9.0,,,,0.1111111111111111,0.0,0.0,11.0,15.0,38.0,3.2,0.9333333333333333,0.0,0.0,12.0,11.0,37.4,1.0,0.25,-4.0,24.0,-100.0,0.2,0.4,7,14,2.2,1.0,1191,1014,1235,0.0,0.0,9.0,14.0,38.4,1.7,0.3125,0.0,0.0,6.0,13.0,40.3,3.6,0.35714285714285715,-0.3,0.0,53.0,-1000.0,16.0,9.0,552.0,0.8888888888888888,-0.06666666666666667,0.0625,-0.0625,0.0,-0.7899999999999991,0.0
507,202107020506,8,7,10,65,6,4,8,59,2,0,1,6,4,3,4,32,1,1,4,18,0,0,1,5,1,1,2,11,1,0,2,7,0,0,1,3,0.0,0.0,6.0,8.0,39.9,2.7,0.5555555555555556,0.0,0.0,11.0,11.0,40.8,2.2,0.23076923076923078,0.0,0.0,14.0,13.0,37.1,2.0,0.875,2.5,-3.0,100.0,0.1,0.26,3,5,10.1,4.0,1576,1559,1577,0.0,0.0,11.0,6.0,38.0,0.8,0.35714285714285715,0.0,0.0,5.0,5.0,37.4,1.7,0.6666666666666666,-1.1,0.0,55.0,-814.0,16.0,9.0,467.0,0.3333333333333333,0.0,0.0,0.14285714285714285,0.16666666666666666,0.7799999999999997,0.0
508,202107020506,0,1,1,17,2,0,6,35,0,0,0,2,0,0,0,7,0,0,2,12,0,0,0,1,0,0,0,2,0,0,1,7,0,0,0,0,0.0,0.0,10.0,5.0,41.0,1.7,0.42857142857142855,0.0,0.0,110.0,10.0,36.1,1.3,0.75,0.0,0.0,80.0,9.0,36.6,1.0,0.375,2.0,13.0,-300.0,0.07692307692307693,0.15384615384615385,5,9,25.4,7.0,1313,1345,1108,0.0,0.0,20.0,1.0,36.5,0.0,0.6,0.0,0.0,70.0,2.0,36.8,0.1,0.4375,-1.5,0.4,54.0,-862.0,16.0,7.0,521.0,-0.14285714285714285,-0.0625,0.0625,0.06666666666666667,0.0,0.8000000000000007,0.0
509,202107020506,2,2,7,36,1,2,2,11,0,0,0,0,1,0,2,9,0,1,1,6,0,0,0,0,0,0,1,6,0,0,0,2,0,0,0,0,0.0,0.0,8.0,9.0,36.5,1.2,0.8333333333333334,0.0,0.0,7.0,12.0,40.3,2.8,0.25,0.0,0.0,12.0,8.0,35.0,0.6,0.7142857142857143,-0.5,-10.0,-300.0,0.0,0.0,6,12,4.5,2.0,1127,770,1328,0.0,0.0,12.0,13.0,36.5,0.9,0.6666666666666666,0.0,0.0,10.0,4.0,35.5,0.4,0.9,-0.9,0.0,57.0,-1206.0,16.0,12.0,448.0,0.0,0.0,0.07142857142857142,0.13333333333333333,-0.1,0.5799999999999997,0.0
510,202107020506,6,11,8,58,0,5,2,41,0,0,0,1,1,2,3,24,0,1,0,9,0,0,0,1,0,1,1,12,0,1,0,4,0,0,0,1,0.0,0.0,5.0,9.0,41.1,1.3,0.5833333333333334,0.0,0.0,11.0,11.0,42.8,5.8,0.5833333333333334,0.0,0.0,14.0,15.0,37.7,1.9,0.75,3.0,-16.0,0.0,0.08928571428571429,0.21428571428571427,7,13,78.1,13.0,1221,1235,1263,0.0,0.0,13.0,14.0,36.9,2.1,1.0,0.0,0.0,12.0,13.0,39.0,1.9,0.5,1.1,0.0,57.0,-1086.0,16.0,12.0,474.0,-0.08333333333333333,0.3333333333333333,-0.0625,-0.0625,0.07142857142857142,1.0100000000000002,0.0
511,202107020506,3,3,3,35,0,0,0,1,0,0,0,1,0,0,2,15,0,0,0,1,0,0,0,1,0,0,2,9,0,0,0,1,0,0,0,1,0.0,0.0,5.0,6.0,38.9,1.6,0.6666666666666666,0.0,0.0,8.0,11.0,41.0,3.6,0.45454545454545453,0.0,0.0,5.0,13.0,37.8,2.1,0.625,3.5,2.0,0.0,0.0,0.0,6,11,39.8,9.0,1278,1552,625,0.0,0.0,5.0,16.0,37.4,2.2,0.625,0.0,0.0,1.0,1.0,36.2,0.0,0.25,-0.5,0.2,57.0,-819.0,16.0,9.0,484.0,0.1111111111111111,0.2727272727272727,0.1875,0.0,0.0,0.8999999999999992,0.0
512,202107020506,0,0,0,4,0,0,0,3,0,0,0,0,0,0,0,1,0,0,0,0,0,0,0,0,0,0,0,1,0,0,0,0,0,0,0,0,0.0,0.0,120.0,11.0,37.4,1.1,0.3125,0.0,0.0,130.0,12.0,35.8,0.8,0.375,0.0,0.0,90.0,8.0,38.8,0.9,0.4375,-1.5,0.0,-200.0,0.0,0.0,1,2,69.9,12.0,1310,1070,1618,0.0,0.0,90.0,4.0,37.2,1.0,0.4375,0.0,0.0,90.0,7.0,36.0,0.3,0.2857142857142857,-1.6,0.0,57.0,55.0,16.0,16.0,480.0,-0.0625,-0.0625,0.0625,-0.125,0.0,0.13999999999999915,0.0
513,202107020506,6,11,8,58,1,0,0,6,1,0,0,2,1,2,3,24,1,0,0,2,1,0,0,1,0,1,1,12,0,0,0,2,0,0,0,1,0.0,0.0,12.0,9.0,38.3,0.8,0.9166666666666666,0.0,0.0,15.0,10.0,38.0,1.5,0.8666666666666667,0.0,0.0,13.0,13.0,39.6,3.5,0.6875,2.0,11.0,0.0,0.0625,0.234375,8,16,6.1,3.0,1221,225,1263,0.0,0.0,12.0,7.0,37.6,1.0,0.9375,0.0,0.0,10.0,4.0,38.1,0.7,0.6923076923076923,-1.3,0.0,57.0,-1203.0,16.0,12.0,481.0,-0.08333333333333333,-0.13333333333333333,0.25,-0.25,-0.15384615384615385,0.079999999999999,0.0
514,202107020506,0,0,0,1,0,2,0,1,0,0,0,0,0,0,0,1,0,0,0,1,0,0,0,0,0,0,0,1,0,0,0,1,0,0,0,0,0.0,0.0,13.0,16.0,41.9,3.4,0.125,0.0,0.0,9.0,8.0,40.0,2.2,0.14285714285714285,0.0,0.0,10.0,12.0,40.6,3.6,0.125,-2.0,2.0,-600.0,0.0392156862745098,0.1568627450980392,3,6,10.5,5.0,1729,764,1428,0.0,0.0,7.0,10.0,36.2,1.5,0.38461538461538464,0.0,0.0,6.0,4.0,37.1,1.1,0.2,-2.2,0.0,57.0,-1079.0,16.0,16.0,478.0,0.0625,-0.07142857142857142,0.375,0.15384615384615385,-0.06666666666666667,1.3399999999999992,0.0
515,202107020506,3,3,4,31,2,1,0,32,0,0,0,0,0,0,1,5,2,1,0,15,0,0,0,0,0,0,0,2,1,1,0,3,0,0,0,0,0.0,0.0,130.0,13.0,40.3,3.1,0.5,0.0,0.0,140.0,11.0,38.8,1.3,0.1875,0.0,0.0,70.0,6.0,37.9,1.4,0.25,-3.5,10.0,200.0,0.0,0.5,5,10,28.9,8.0,1428,1366,1263,0.0,0.0,120.0,14.0,41.5,2.9,0.0625,0.0,0.0,120.0,10.0,38.6,0.8,0.25,-0.3,0.0,54.0,-1088.0,16.0,16.0,506.0,0.0625,0.0,0.08333333333333333,0.0,0.125,0.06999999999999887,0.0
516,202107020506,5,9,7,47,0,0,0,3,0,0,0,1,3,3,3,19,0,0,0,1,0,0,0,1,1,1,1,9,0,0,0,1,0,0,0,1,0.0,0.0,70.0,5.0,40.6,2.3,0.375,0.0,0.0,140.0,10.0,37.5,1.5,0.8,0.0,0.0,120.0,12.0,37.3,1.0,0.4375,3.5,-20.0,-400.0,0.02127659574468085,0.2978723404255319,4,7,52.2,11.0,1172,992,1556,0.0,0.0,130.0,10.0,37.0,1.9,0.7142857142857143,0.0,0.0,120.0,10.0,37.2,1.2,0.6666666666666666,1.0,0.0,57.0,-1203.0,16.0,8.0,470.0,0.125,0.0,0.0625,0.0,0.0,0.7299999999999998,0.0
517,202107020506,12,4,5,37,0,1,0,14,0,0,0,2,6,3,0,8,0,0,0,6,0,0,0,1,1,0,0,2,0,0,0,3,0,0,0,1,0.0,0.0,130.0,14.0,39.3,3.8,1.0,0.0,0.0,13.0,12.0,37.8,2.9,0.9230769230769231,0.0,0.0,10.0,9.0,37.2,0.9,1.0,-2.5,0.0,-300.0,0.0,0.0,2,4,165.0,14.0,1520,1589,695,0.0,0.0,14.0,3.0,37.2,2.1,0.9285714285714286,0.0,0.0,8.0,8.0,39.1,4.5,0.625,-2.1,0.2,57.0,-1317.0,16.0,15.0,532.0,0.0,0.0,-0.18181818181818182,-0.07142857142857142,0.375,0.09999999999999858,0.0
518,202107020506,6,2,1,34,2,0,6,35,0,0,1,4,1,2,0,9,0,0,2,12,0,0,0,1,0,0,0,4,0,0,1,7,0,0,0,1,0.0,0.0,3.0,10.0,42.4,4.2,0.2727272727272727,0.0,0.0,8.0,12.0,40.1,3.3,0.16666666666666666,0.0,0.0,15.0,13.0,40.1,2.0,0.1875,1.5,26.0,0.0,0.0,0.14285714285714285,8,15,230.0,15.0,1228,1345,1108,0.0,0.0,12.0,10.0,38.1,1.7,0.25,0.0,0.0,11.0,13.0,38.0,1.6,0.625,0.4,0.0,57.0,-413.0,16.0,11.0,500.0,0.36363636363636365,0.0,-0.0625,0.0,0.0,1.0799999999999996,0.0
519,202107020506,1,1,2,12,0,0,0,0,0,0,0,0,1,0,1,5,0,0,0,0,0,0,0,0,1,0,0,1,0,0,0,0,0,0,0,0,0.0,0.0,11.0,12.0,40.2,4.1,0.9166666666666666,0.0,0.0,14.0,12.0,38.0,0.7,1.0,0.0,0.0,14.0,7.0,38.9,1.2,0.8,-2.5,-4.0,-300.0,0.05,0.25,4,8,41.3,10.0,1734,395,1104,0.0,0.0,15.0,12.0,36.1,1.6,1.0,0.0,0.0,11.0,6.0,38.5,2.3,0.75,-1.2,0.0,56.0,-806.0,16.0,12.0,526.0,0.08333333333333333,-0.21428571428571427,-0.4666666666666667,0.0,-0.16666666666666666,0.5300000000000005,0.0
520,202107020506,0,1,0,4,2,0,1,15,0,0,0,1,0,0,0,2,0,0,0,5,0,0,0,1,0,0,0,0,0,0,0,1,0,0,0,0,0.0,0.0,7.0,3.0,41.2,0.9,0.5714285714285714,0.0,0.0,16.0,16.0,39.8,3.8,0.125,0.0,0.0,10.0,15.0,40.2,3.5,0.2,6.0,-7.0,0.0,0.0,0.17391304347826086,2,3,19.0,6.0,1319,1503,334,0.0,0.0,4.0,10.0,38.3,1.6,0.26666666666666666,0.0,0.0,5.0,1.0,37.8,0.0,0.16666666666666666,-1.0,0.4,55.0,-1215.0,16.0,14.0,477.0,-0.21428571428571427,0.0625,0.0,0.06666666666666667,0.0,0.8300000000000012,0.0
521,202107020506,0,1,1,17,9,2,7,87,0,0,0,3,0,0,0,7,0,0,2,23,0,0,0,1,0,0,0,2,0,0,1,8,0,0,0,1,0.0,0.0,10.0,10.0,39.4,0.0,0.125,0.0,0.0,120.0,60.0,38.6,0.6,0.07142857142857142,0.0,0.0,160.0,160.0,41.0,2.7,0.125,75.0,10.0,0.0,0.15384615384615385,0.3076923076923077,1,1,236.1,16.0,1313,1263,1108,0.0,0.0,70.0,40.0,38.5,0.6,0.13333333333333333,0.0,0.0,50.0,30.0,40.4,0.7,0.07142857142857142,2.0,0.0,57.0,-983.0,16.0,8.0,482.0,0.0,0.0,0.0,-0.06666666666666667,0.0,-0.18999999999999986,0.0
522,202107020511,10,6,4,39,0,5,2,41,0,0,0,1,5,3,2,15,0,1,0,9,0,0,0,0,0,0,0,0,0,0,0,0,0,0,0,0,0.0,0.0,14.0,10.0,36.9,0.9,0.6428571428571429,0.0,0.0,15.0,14.0,34.5,1.5,1.0,0.0,0.0,16.0,14.0,33.4,0.9,1.0,2.0,-6.0,-300.0,0.09090909090909091,0.09090909090909091,1,2,23.5,10.0,1716,1235,1167,0.0,0.0,14.0,10.0,35.8,1.0,1.0,0.0,0.0,8.0,15.0,36.9,2.0,0.6,0.6,0.0,57.0,-469.0,16.0,14.0,492.0,0.0,-0.0625,0.0,-0.0625,-0.06666666666666667,-0.12999999999999973,0.0
523,202107020511,10,6,4,39,1,0,0,0,1,0,0,0,5,3,2,15,1,0,0,0,1,0,0,0,0,0,0,0,0,0,0,0,0,0,0,0,0.0,0.0,110.0,12.0,42.0,5.2,0.25,0.0,0.0,80.0,13.0,36.8,1.8,1.0,0.0,0.0,120.0,14.0,39.8,3.1,0.06666666666666667,1.0,-12.0,200.0,0.08333333333333333,0.22916666666666666,7,14,21.8,8.0,1716,612,1167,0.0,0.0,,,,,,0.0,0.0,110.0,15.0,39.5,3.6,0.25,1.0,0.0,57.0,-850.0,16.0,12.0,512.0,0.6666666666666666,0.0,0.3333333333333333,,0.0625,0.45,0.0
524,202107020511,0,1,2,10,0,1,1,6,0,0,0,0,0,1,1,7,0,0,0,3,0,0,0,0,0,0,0,0,0,0,0,0,0,0,0,0,0.0,0.0,80.0,9.0,38.5,2.2,0.9,0.0,0.0,150.0,14.0,37.1,1.9,0.4,0.0,0.0,130.0,8.0,38.5,1.5,0.3333333333333333,-0.5,28.0,200.0,0.08571428571428572,0.22857142857142856,1,1,50.5,14.0,1611,1592,1263,0.0,0.0,130.0,8.0,37.1,1.4,0.4375,0.0,0.0,140.0,3.0,37.5,0.5,0.75,-1.8,0.2,57.0,-1207.0,16.0,10.0,496.0,-0.1,0.0,0.13333333333333333,0.0,0.0,0.2,0.0
525,202107020511,2,0,2,11,2,5,8,43,0,0,0,0,0,0,0,0,0,1,2,12,0,0,0,0,0,0,0,0,0,0,0,0,0,0,0,0,0.0,0.0,160.0,2.0,37.6,0.1,0.25,0.0,0.0,120.0,10.0,37.1,0.9,0.625,0.0,0.0,140.0,5.0,37.6,1.1,0.1875,1.5,2.0,0.0,0.075,0.2,2,3,40.6,12.0,1618,1167,1263,0.0,0.0,140.0,14.0,36.5,1.4,0.8125,0.0,0.0,120.0,8.0,36.4,0.3,0.8125,1.5999999999999999,0.2,57.0,-371.0,16.0,16.0,506.0,0.0625,0.0,0.0,0.0625,-0.125,0.3000000000000007,0.0
526,202107020511,0,0,0,2,2,0,6,35,0,0,0,0,0,0,0,0,0,0,2,12,0,0,0,0,0,0,0,0,0,0,0,0,0,0,0,0,0.0,0.0,70.0,11.0,38.8,2.5,0.13333333333333333,0.0,0.0,110.0,8.0,36.0,0.7,0.625,0.0,0.0,160.0,6.0,37.8,0.6,0.25,-2.5,-24.0,-600.0,0.0,0.0,8,16,35.8,11.0,1332,1345,857,0.0,0.0,120.0,16.0,36.7,1.5,0.4375,0.0,0.0,90.0,6.0,37.0,0.9,0.375,-0.2,0.0,57.0,-586.0,16.0,15.0,536.0,0.2,0.0,0.0,0.1875,-0.125,0.28999999999999915,0.0
527,202107020511,3,3,4,34,1,0,0,3,0,0,0,0,2,0,1,11,0,0,0,1,0,0,0,0,0,0,0,0,0,0,0,0,0,0,0,0,0.0,0.0,10.0,,,,,0.0,0.0,60.0,6.0,35.7,1.0,0.125,0.0,0.0,50.0,11.0,38.0,1.0,0.25,5.0,17.0,-200.0,0.09259259259259259,0.2222222222222222,5,9,4.2,1.0,1393,351,1263,0.0,0.0,50.0,4.0,37.3,0.2,0.6875,0.0,0.0,40.0,3.0,36.8,0.4,0.125,-1.6,0.25,57.0,-1169.0,16.0,8.0,477.0,,0.0,0.0,-0.1875,0.0,-0.259999999999998,0.0
528,202107020511,10,6,4,39,5,7,5,56,0,0,1,1,5,3,2,15,2,1,3,19,0,0,1,1,0,0,0,0,0,0,0,0,0,0,0,0,0.0,0.0,1.0,1.0,38.7,0.0,0.2222222222222222,0.0,0.0,13.0,8.0,37.5,0.9,0.13333333333333333,0.0,0.0,8.0,13.0,38.7,1.4,0.06666666666666667,6.0,-1.0,0.0,0.04878048780487805,0.24390243902439024,6,11,19.5,7.0,1716,1556,1167,0.0,0.0,12.0,12.0,37.1,1.2,0.46153846153846156,0.0,0.0,7.0,12.0,39.4,2.0,0.07692307692307693,2.6,0.2,57.0,-1289.0,16.0,9.0,497.0,-0.1111111111111111,0.0,0.0,0.07692307692307693,0.0,-0.09999999999999928,0.0
529,202107020511,2,2,7,36,1,0,0,3,0,0,0,0,1,0,2,9,0,0,0,1,0,0,0,0,0,0,0,0,0,0,0,0,0,0,0,0,0.0,0.0,6.0,6.0,33.7,0.7,0.4666666666666667,0.0,0.0,2.0,2.0,34.1,0.1,0.375,0.0,0.0,3.0,13.0,34.7,0.6,0.5555555555555556,3.5,0.0,200.0,0.04081632653061224,0.16326530612244897,4,8,5.6,3.0,1127,351,1328,0.0,0.0,3.0,7.0,33.9,0.3,0.4166666666666667,0.0,0.0,9.0,7.0,34.5,0.3,0.5555555555555556,0.7,0.2,56.0,-673.0,16.0,15.0,480.0,-0.06666666666666667,0.0,0.1111111111111111,0.0,0.0,-0.13999999999999915,0.0
530,202107020511,0,0,0,4,0,0,1,7,0,0,0,1,0,0,0,2,0,0,1,3,0,0,0,1,0,0,0,0,0,0,0,0,0,0,0,0,0.0,0.0,8.0,9.0,38.9,2.0,0.1111111111111111,0.0,0.0,15.0,14.0,38.0,1.7,0.4375,0.0,0.0,15.0,15.0,41.0,3.2,0.125,3.0,6.0,200.0,0.04,0.12,5,10,9.0,5.0,1051,1110,578,0.0,0.0,13.0,,,,,0.0,0.0,11.0,14.0,38.8,1.5,0.125,1.6,0.0,56.0,-1208.0,16.0,9.0,490.0,0.0,0.4375,0.0,,0.0,-0.2699999999999996,0.0
531,202107020511,6,11,8,58,1,0,1,20,0,0,0,1,1,2,3,24,1,0,1,6,0,0,0,0,0,0,0,0,0,0,0,0,0,0,0,0,0.0,0.0,13.0,16.0,45.6,9.4,0.375,0.0,0.0,14.0,9.0,36.9,0.8,0.875,0.0,0.0,10.0,7.0,36.3,1.1,0.625,-4.5,-14.0,200.0,0.06349206349206349,0.23809523809523808,3,5,10.0,6.0,1221,1108,1263,0.0,0.0,16.0,7.0,35.8,0.9,0.875,0.0,0.0,15.0,15.0,38.9,2.8,0.1875,-0.4,0.0,57.0,-787.0,16.0,16.0,466.0,0.0625,0.0,0.0,0.0625,0.0625,1.4500000000000006,0.0
532,202107020511,0,0,2,15,1,0,1,23,0,0,0,0,0,0,1,4,1,0,0,7,0,0,0,0,0,0,0,0,0,0,0,0,0,0,0,0,0.0,0.0,7.0,9.0,40.3,1.7,1.0,0.0,0.0,15.0,15.0,36.3,1.3,0.9375,0.0,0.0,11.0,8.0,38.4,1.4,0.9285714285714286,-0.5,9.0,-100.0,0.0,0.0,2,4,23.1,9.0,1370,1221,1559,0.0,0.0,12.0,13.0,38.7,1.1,0.5625,0.0,0.0,14.0,4.0,36.1,0.4,0.8666666666666667,-1.2,0.0,57.0,-1219.0,16.0,9.0,471.0,-0.1111111111111111,0.0,-0.21428571428571427,0.25,-0.13333333333333333,0.5999999999999985,0.0
533,202107020511,0,0,2,29,0,0,2,3,0,0,0,1,0,0,0,8,0,0,1,0,0,0,0,0,0,0,0,0,0,0,0,0,0,0,0,0,0.0,0.0,30.0,4.0,41.2,1.5,0.375,0.0,0.0,160.0,12.0,38.6,1.7,0.8125,0.0,0.0,160.0,6.0,36.2,0.6,0.625,1.0,10.0,0.0,0.07142857142857142,0.21428571428571427,4,7,158.7,16.0,1736,1673,1482,0.0,0.0,160.0,11.0,37.6,1.4,0.5625,0.0,0.0,160.0,8.0,36.9,1.5,0.3125,0.7,0.0,57.0,-653.0,16.0,8.0,532.0,-0.125,0.0625,0.0625,-0.0625,-0.0625,0.9600000000000009,0.0
534,202107020511,3,4,3,30,2,1,0,32,1,0,0,3,2,1,1,12,2,1,0,15,1,0,0,3,0,0,0,0,0,0,0,0,0,0,0,0,0.0,0.0,14.0,4.0,36.3,0.1,0.9375,0.0,0.0,14.0,4.0,35.9,1.1,0.8,0.0,0.0,15.0,10.0,38.7,1.7,0.5333333333333333,3.0,22.0,0.0,0.024390243902439025,0.0975609756097561,6,12,8.5,4.0,1110,1366,938,0.0,0.0,18.0,14.0,34.4,1.1,0.6666666666666666,0.0,0.0,15.0,7.0,36.6,0.8,0.875,1.5999999999999999,0.0,57.0,-253.0,16.0,16.0,514.0,0.0,-0.06666666666666667,-0.13333333333333333,0.0,0.0,0.08999999999999915,0.0
535,202107020511,2,2,1,26,4,6,3,23,0,0,0,0,0,2,1,11,0,1,2,6,0,0,0,0,0,0,0,0,0,0,0,0,0,0,0,0,0.0,0.0,11.0,6.0,37.9,1.6,0.8333333333333334,0.0,0.0,15.0,9.0,37.3,0.6,0.6875,0.0,0.0,18.0,13.0,35.9,1.7,1.0,3.5,-7.0,0.0,0.0,0.16666666666666666,7,13,52.8,15.0,1665,1039,1577,0.0,0.0,14.0,7.0,37.8,0.3,0.6428571428571429,0.0,0.0,7.0,8.0,39.3,1.6,0.5,0.2,0.0,57.0,-1129.0,16.0,12.0,435.0,-0.08333333333333333,0.125,0.0,0.0,0.2,-0.32999999999999974,0.0
536,202107020511,0,3,0,13,1,0,0,1,0,0,0,0,0,1,0,3,0,0,0,0,0,0,0,0,0,0,0,0,0,0,0,0,0,0,0,0,0.0,0.0,14.0,15.0,36.9,3.5,0.13333333333333333,0.0,0.0,12.0,14.0,37.6,3.3,0.7857142857142857,0.0,0.0,12.0,16.0,35.0,0.9,0.5555555555555556,0.5,-4.0,0.0,0.021739130434782608,0.30434782608695654,8,15,4.8,2.0,1317,1423,1186,0.0,0.0,8.0,14.0,36.3,2.2,0.35714285714285715,0.0,0.0,14.0,14.0,34.4,1.3,0.125,-0.2,0.0,57.0,-1141.0,16.0,15.0,506.0,0.0,0.14285714285714285,0.05555555555555555,0.0,0.125,0.6300000000000004,0.0
537,202107020511,10,6,4,39,0,1,0,11,0,0,0,1,5,3,2,15,0,1,0,5,0,0,0,1,0,0,0,0,0,0,0,0,0,0,0,0,0.0,0.0,90.0,9.0,37.5,2.2,0.6666666666666666,0.0,0.0,160.0,17.0,34.3,2.0,0.8823529411764706,0.0,0.0,130.0,,,,0.0625,8.0,0.0,200.0,,,3,6,46.6,13.0,1716,322,1167,0.0,0.0,100.0,14.0,39.2,3.3,0.35714285714285715,0.0,0.0,90.0,13.0,38.3,2.2,0.0625,0.9,0.0,57.0,-1200.0,16.0,9.0,522.0,0.1111111111111111,0.058823529411764705,0.0625,0.21428571428571427,0.0,-0.7299999999999998,0.0
538,202107020602,0,2,1,6,4,6,3,23,0,0,0,0,0,1,1,4,0,1,2,6,0,0,0,0,0,1,0,4,0,1,1,1,0,0,0,0,0.0,0.0,7.0,16.0,40.1,2.6,0.125,0.0,0.0,4.0,9.0,37.5,1.1,0.3333333333333333,0.0,0.0,1.0,1.0,35.3,0.0,0.1875,-7.5,-4.0,0.0,0.2857142857142857,0.7142857142857143,6,11,3.3,2.0,1020,1039,1576,0.0,0.0,3.0,2.0,35.7,0.5,0.125,0.0,0.0,1.0,2.0,37.9,0.5,0.125,-3.5,0.6,56.0,-692.0,16.0,16.0,534.0,0.0625,0.13333333333333333,-0.0625,0.0,0.0,0.6200000000000003,0.0
539,202107020602,0,2,0,27,0,0,0,7,0,0,0,1,0,1,0,10,0,0,0,2,0,0,0,1,0,0,0,4,0,0,0,0,0,0,0,0,0.0,0.0,100.0,10.0,37.2,0.6,0.26666666666666666,0.0,0.0,15.0,8.0,36.7,0.8,0.1875,0.0,0.0,12.0,8.0,37.1,1.5,0.6875,-1.0,0.0,0.0,0.16129032258064516,0.4838709677419355,3,6,5.7,4.0,1431,1079,1428,0.0,0.0,15.0,4.0,36.8,0.8,0.625,0.0,0.0,10.0,9.0,38.2,1.1,0.25,-0.6,0.0,54.0,-1316.0,16.0,15.0,476.0,0.0,0.0625,-0.0625,-0.1875,-0.0625,-0.20999999999999944,0.0
540,202107020602,0,2,1,28,0,0,0,2,0,0,0,0,0,1,1,7,0,0,0,2,0,0,0,0,0,0,1,5,0,0,0,0,0,0,0,0,0.0,0.0,7.0,4.0,38.4,0.8,0.6363636363636364,0.0,0.0,5.0,10.0,37.1,1.9,0.3125,0.0,0.0,14.0,4.0,35.9,0.1,0.8125,0.0,-11.0,0.0,0.08620689655172414,0.22413793103448276,4,8,4.1,3.0,1090,1086,1169,0.0,0.0,7.0,10.0,37.3,1.0,0.75,0.0,0.0,3.0,6.0,36.0,0.4,0.5714285714285714,0.4,0.0,56.0,-1194.0,16.0,11.0,501.0,-0.18181818181818182,-0.0625,0.0,0.0,0.0,0.46000000000000013,0.0
541,202107020602,0,0,1,12,5,6,1,67,0,0,0,1,0,0,0,2,1,0,0,18,0,0,0,0,0,0,0,1,0,0,0,5,0,0,0,0,0.0,0.0,1.0,1.0,39.6,0.0,0.36363636363636365,0.0,0.0,16.0,15.0,37.8,2.6,0.6875,0.0,0.0,16.0,15.0,38.9,3.5,0.5625,7.0,13.0,100.0,0.19230769230769232,0.46153846153846156,2,4,2.8,1.0,1713,1013,215,0.0,0.0,14.0,9.0,37.2,0.9,0.5,0.0,0.0,12.0,13.0,37.8,1.4,0.3333333333333333,1.8,0.2,56.0,-1302.0,16.0,11.0,525.0,-0.18181818181818182,0.125,-0.125,-0.125,0.0,0.42000000000000026,0.0
542,202107020602,1,2,2,10,0,0,0,14,0,0,0,0,0,1,1,6,0,0,0,1,0,0,0,0,0,0,1,1,0,0,0,1,0,0,0,0,0.0,0.0,120.0,12.0,39.1,1.6,0.8461538461538461,0.0,0.0,70.0,10.0,37.5,1.6,0.375,0.0,0.0,120.0,12.0,36.9,0.9,0.75,0.0,21.0,200.0,0.07142857142857142,0.21428571428571427,5,10,39.6,7.0,1148,1551,1393,0.0,0.0,140.0,7.0,37.2,0.7,0.5333333333333333,0.0,0.0,50.0,12.0,37.6,1.3,0.8,-0.3,0.0,53.0,-1199.0,16.0,13.0,483.0,0.07692307692307693,0.0,0.0625,-0.06666666666666667,0.0,0.32999999999999974,0.0
543,202107020602,0,1,2,18,1,1,1,2,0,0,0,0,0,0,0,5,0,1,1,0,0,0,0,0,0,0,0,0,0,0,0,0,0,0,0,0,0.0,0.0,60.0,60.0,41.1,5.0,0.8571428571428571,0.0,0.0,130.0,110.0,36.6,1.6,1.0,0.0,0.0,120.0,120.0,36.8,2.3,0.75,30.0,21.0,0.0,0.0,0.0,2,3,130.7,10.0,1557,1128,1559,0.0,0.0,150.0,130.0,37.3,2.8,0.6875,0.0,0.0,110.0,110.0,42.4,4.8,0.2727272727272727,12.0,0.0,56.0,-1199.0,16.0,7.0,505.0,0.14285714285714285,0.0,0.0,0.0625,0.6363636363636364,-0.329999999999999,0.0
544,202107020602,10,6,4,39,2,0,6,35,0,0,0,1,5,3,2,15,0,0,2,12,0,0,0,0,2,0,0,3,0,0,1,3,0,0,0,0,0.0,0.0,14.0,14.0,43.5,7.3,0.35714285714285715,0.0,0.0,9.0,14.0,41.3,5.0,0.7857142857142857,0.0,0.0,1.0,1.0,40.2,0.0,0.45454545454545453,-6.5,-8.0,-300.0,0.16279069767441862,0.3023255813953488,8,15,71.0,8.0,1716,1345,1167,0.0,0.0,8.0,7.0,37.0,2.2,0.875,0.0,0.0,10.0,18.0,38.1,5.5,1.0,0.1,0.2,56.0,-160.0,16.0,14.0,450.0,0.6428571428571429,0.07142857142857142,-0.2727272727272727,-0.0625,0.0,1.5099999999999993,0.0
545,202107020602,1,2,2,10,2,1,0,32,0,0,0,0,0,1,1,6,2,1,0,15,0,0,0,0,0,0,1,1,0,0,0,4,0,0,0,0,0.0,0.0,10.0,9.0,41.9,2.0,0.16666666666666666,0.0,0.0,6.0,9.0,40.7,2.8,0.5714285714285714,0.0,0.0,3.0,4.0,38.6,0.5,0.21428571428571427,-2.5,11.0,-100.0,0.13793103448275862,0.27586206896551724,7,14,362.2,14.0,1148,1366,1393,0.0,0.0,7.0,3.0,38.1,0.4,0.14285714285714285,0.0,0.0,6.0,10.0,37.2,1.3,0.5625,-0.4,0.2,54.0,-715.0,16.0,12.0,455.0,0.08333333333333333,-0.35714285714285715,-0.07142857142857142,-0.07142857142857142,0.1875,1.1999999999999993,0.0
546,202107020602,3,3,4,34,0,0,0,3,0,0,0,0,2,0,1,11,0,0,0,2,0,0,0,0,0,0,0,4,0,0,0,0,0,0,0,0,0.0,0.0,4.0,10.0,43.3,3.7,0.5,0.0,0.0,15.0,10.0,36.9,1.3,0.875,0.0,0.0,9.0,,,,,0.0,12.0,-100.0,0.0,0.14285714285714285,5,9,162.2,11.0,1393,247,1263,0.0,0.0,9.0,6.0,35.2,0.4,0.42857142857142855,0.0,0.0,11.0,9.0,38.5,2.9,0.625,-0.7,0.0,56.0,-390.0,16.0,12.0,470.0,0.3333333333333333,-0.125,,0.21428571428571427,0.0625,1.6099999999999988,0.0
547,202107020602,1,0,0,1,1,0,1,25,0,0,0,0,0,0,0,0,1,0,0,7,0,0,0,0,0,0,0,0,1,0,0,1,0,0,0,0,0.0,0.0,8.0,12.0,40.8,4.8,1.0,0.0,0.0,16.0,15.0,38.9,2.7,0.625,0.0,0.0,14.0,11.0,40.5,3.8,0.2857142857142857,-0.5,7.0,0.0,0.02,0.28,3,5,122.1,9.0,1463,1170,1167,0.0,0.0,13.0,11.0,39.1,2.4,0.8666666666666667,0.0,0.0,7.0,7.0,36.7,1.9,0.9090909090909091,-1.4,0.0,56.0,-945.0,16.0,12.0,463.0,0.0,0.0,0.5714285714285714,0.13333333333333333,0.0,0.7999999999999986,0.0
548,202107020602,0,1,1,17,4,1,1,14,0,0,0,0,0,0,0,7,2,1,0,3,0,0,0,0,0,0,0,4,1,0,0,1,0,0,0,0,0.0,0.0,8.0,11.0,50.1,12.6,0.6363636363636364,0.0,0.0,10.0,9.0,39.8,2.5,0.8,0.0,0.0,5.0,6.0,40.5,0.6,0.42857142857142855,-2.5,4.0,-100.0,0.10256410256410256,0.20512820512820512,1,1,26.8,6.0,1313,1393,1108,0.0,0.0,5.0,5.0,38.5,1.1,0.5,0.0,0.0,6.0,11.0,39.4,3.2,0.5,-0.4,0.0,56.0,-590.0,16.0,11.0,508.0,0.36363636363636365,-0.2,-0.07142857142857142,-0.21428571428571427,-0.0625,2.2700000000000005,0.0
549,202107020602,2,0,3,19,0,0,0,5,0,0,0,0,0,0,1,4,0,0,0,2,0,0,0,0,0,0,0,1,0,0,0,0,0,0,0,0,0.0,0.0,70.0,70.0,41.1,2.5,0.7777777777777778,0.0,0.0,120.0,120.0,38.8,3.7,0.8125,0.0,0.0,160.0,160.0,37.8,3.8,0.875,45.0,14.0,100.0,,,7,13,195.8,12.0,1440,548,1167,0.0,0.0,110.0,140.0,43.1,6.2,0.8125,0.0,0.0,100.0,90.0,36.7,2.0,0.14285714285714285,6.0,0.0,53.0,-278.0,16.0,9.0,540.0,0.0,0.0,0.0,0.125,0.2857142857142857,0.4499999999999993,0.0
550,202107020602,0,0,2,29,0,0,3,14,0,0,0,0,0,0,0,8,0,0,1,5,0,0,0,0,0,0,0,6,0,0,1,1,0,0,0,0,0.0,0.0,80.0,70.0,42.2,2.6,0.4,0.0,0.0,80.0,100.0,35.7,0.7,0.4375,0.0,0.0,50.0,30.0,35.1,0.7,0.625,-20.0,-7.0,0.0,0.03773584905660377,0.1509433962264151,8,16,14.2,5.0,1736,848,1482,0.0,0.0,20.0,40.0,36.4,0.3,0.375,0.0,0.0,50.0,130.0,40.9,4.2,0.3125,6.0,0.0,56.0,-1066.0,16.0,10.0,481.0,0.1,0.125,-0.0625,-0.125,0.0,0.19000000000000128,0.0
551,202107020602,0,2,0,27,0,1,0,14,0,0,0,0,0,1,0,10,0,0,0,6,0,0,0,0,0,0,0,4,0,0,0,3,0,0,0,0,0.0,0.0,9.0,7.0,40.1,1.6,0.9285714285714286,0.0,0.0,14.0,12.0,37.0,1.1,0.7142857142857143,0.0,0.0,11.0,13.0,39.8,2.8,0.6666666666666666,3.0,6.0,0.0,0.0,0.0,4,7,223.3,13.0,1431,1589,1428,0.0,0.0,13.0,14.0,41.0,4.6,0.4375,0.0,0.0,16.0,5.0,38.2,1.0,0.5,-0.2,0.0,52.0,-1216.0,16.0,14.0,478.0,-0.07142857142857142,-0.21428571428571427,0.06666666666666667,0.0,0.0,-0.020000000000000285,0.0
552,202107020602,0,0,0,1,2,0,6,35,0,0,0,0,0,0,0,0,0,0,2,12,0,0,0,0,0,0,0,0,0,0,1,3,0,0,0,0,0.0,0.0,4.0,1.0,40.1,0.0,0.3333333333333333,0.0,0.0,16.0,15.0,40.8,6.1,0.9375,0.0,0.0,14.0,12.0,39.3,2.6,0.8125,5.5,3.0,0.0,0.0,0.0,1,2,489.2,16.0,1207,1345,1561,0.0,0.0,16.0,11.0,36.1,1.9,0.625,,,,,,,,2.7,0.25,54.0,-36.0,16.0,9.0,477.0,-0.2222222222222222,0.0,0.0,0.125,,1.35,0.0
553,202107020602,0,1,2,18,3,3,4,20,0,0,1,1,0,0,0,5,1,1,0,8,0,0,0,0,0,0,0,0,1,0,0,5,0,0,0,0,0.0,0.0,16.0,15.0,38.4,6.4,1.0,0.0,0.0,15.0,16.0,41.7,8.5,1.0,0.0,0.0,11.0,,,,,1.0,-4.0,0.0,0.0,0.0,6,12,396.9,15.0,1557,1036,1559,,,,,,,,,,,,,,,1.0,0.0,56.0,-41.0,16.0,16.0,482.0,0.0,0.0,,,,-3.3000000000000043,0.0
554,202107020612,0,1,1,5,0,0,0,0,0,0,0,0,0,0,0,0,0,0,0,0,0,0,0,0,0,0,0,0,0,0,0,0,0,0,0,0,0.0,0.0,6.0,7.0,37.1,1.1,1.0,0.0,0.0,12.0,11.0,36.6,1.2,0.9375,0.0,0.0,13.0,10.0,36.2,0.9,0.9375,1.5,10.0,400.0,0.17647058823529413,0.37254901960784315,5,10,3.6,2.0,1167,239,460,0.0,0.0,14.0,8.0,35.4,0.9,0.75,0.0,0.0,15.0,8.0,39.0,1.6,0.26666666666666666,-0.1,0.0,57.0,-1201.0,16.0,7.0,450.0,0.0,0.0,0.0,0.0625,-0.13333333333333333,-0.25999999999999945,0.0
555,202107020612,0,0,0,0,0,0,0,0,0,0,0,0,0,0,0,0,0,0,0,0,0,0,0,0,0,0,0,0,0,0,0,0,0,0,0,0,0.0,0.0,5.0,4.0,38.9,1.3,0.4444444444444444,0.0,0.0,13.0,11.0,38.8,0.9,0.7333333333333333,0.0,0.0,6.0,15.0,38.5,2.4,0.4375,5.5,-15.0,200.0,0.08771929824561403,0.21052631578947367,1,1,4.7,3.0,434,7,482,0.0,0.0,8.0,14.0,35.1,1.5,0.875,0.0,0.0,3.0,10.0,36.3,0.4,0.875,1.5,0.0,57.0,-1211.0,16.0,9.0,521.0,-0.1111111111111111,0.06666666666666667,0.0,0.125,-0.0625,0.8899999999999999,0.0
556,202107020612,0,0,1,3,0,2,0,13,0,0,0,0,0,0,1,1,0,1,0,3,0,0,0,0,0,0,0,0,0,0,0,0,0,0,0,0,0.0,0.0,9.0,7.0,35.6,1.2,0.9166666666666666,0.0,0.0,10.0,9.0,37.1,1.0,0.5714285714285714,0.0,0.0,10.0,12.0,36.8,1.5,0.625,2.5,6.0,200.0,0.0,0.0,5,9,45.8,11.0,1009,1263,298,0.0,0.0,10.0,6.0,35.1,0.3,0.625,0.0,0.0,7.0,7.0,37.0,0.9,0.2727272727272727,-0.3,0.0,55.0,-909.0,16.0,12.0,464.0,0.0,0.07142857142857142,0.0,0.0,0.09090909090909091,-0.07999999999999971,0.0
557,202107020612,0,0,0,10,0,0,0,2,0,0,0,0,0,0,0,5,0,0,0,1,0,0,0,0,0,0,0,0,0,0,0,0,0,0,0,0,0.0,0.0,14.0,14.0,35.3,1.9,0.8571428571428571,0.0,0.0,8.0,5.0,34.4,1.0,1.0,0.0,0.0,11.0,12.0,37.3,2.3,0.8125,-1.0,-2.0,-200.0,0.2,0.48,7,14,2.9,1.0,1716,1503,1167,0.0,0.0,14.0,11.0,37.2,1.0,0.75,0.0,0.0,10.0,4.0,36.3,0.8,0.8571428571428571,-1.4,0.0,57.0,-693.0,16.0,14.0,504.0,-0.14285714285714285,0.0,0.0,-0.125,0.0,-0.4800000000000004,0.0
558,202107020612,1,0,2,10,0,1,1,4,0,0,0,0,1,0,1,4,0,0,0,1,0,0,0,0,0,0,0,0,0,0,0,0,0,0,0,0,0.0,0.0,60.0,70.0,36.1,1.4,1.0,0.0,0.0,40.0,160.0,38.6,2.1,0.8125,0.0,0.0,120.0,120.0,37.1,1.7,0.875,25.0,21.0,200.0,0.02040816326530612,0.2857142857142857,4,8,8.0,4.0,1576,1428,1577,0.0,0.0,60.0,50.0,36.4,0.5,0.6875,0.0,0.0,40.0,50.0,36.3,0.4,0.375,-15.0,0.0,57.0,-1199.0,16.0,9.0,533.0,0.0,-0.0625,0.0,0.0,-0.0625,0.18000000000000113,0.0
559,202107020612,0,0,1,1,0,0,0,3,0,0,0,0,0,0,0,1,0,0,0,1,0,0,0,0,0,0,0,0,0,0,0,0,0,0,0,0,0.0,0.0,9.0,7.0,38.2,1.2,0.9333333333333333,0.0,0.0,9.0,7.0,38.2,1.0,0.9230769230769231,0.0,0.0,11.0,2.0,36.7,0.1,0.6666666666666666,-2.5,-2.0,-400.0,0.16666666666666666,0.30952380952380953,3,5,29.8,8.0,1734,1032,1104,0.0,0.0,12.0,10.0,38.4,1.3,0.6923076923076923,0.0,0.0,9.0,8.0,37.8,0.7,0.9,0.5,0.2,57.0,-622.0,16.0,15.0,472.0,0.0,-0.07692307692307693,-0.06666666666666667,0.15384615384615385,0.0,0.060000000000001566,0.0
560,202107020612,0,1,0,2,0,0,0,1,0,0,0,0,0,1,0,0,0,0,0,1,0,0,0,0,0,0,0,0,0,0,0,0,0,0,0,0,0.0,0.0,6.0,,,,0.2857142857142857,0.0,0.0,10.0,16.0,37.4,1.1,0.5,0.0,0.0,7.0,7.0,36.6,0.4,0.125,-9.0,4.0,-100.0,0.14285714285714285,0.2857142857142857,4,7,28.6,7.0,1520,1430,695,0.0,0.0,16.0,7.0,36.4,0.6,0.1875,0.0,0.0,12.0,11.0,38.0,2.1,0.3125,-1.5,0.0,57.0,-442.0,16.0,14.0,448.0,0.07142857142857142,0.0625,0.0,0.0625,0.0625,-0.16000000000000014,0.0
561,202107020612,0,0,0,1,1,0,1,2,0,0,0,0,0,0,0,0,0,0,0,1,0,0,0,0,0,0,0,0,0,0,0,0,0,0,0,0,0.0,0.0,8.0,16.0,41.5,4.1,0.3125,0.0,0.0,13.0,15.0,39.2,1.6,0.0625,0.0,0.0,5.0,8.0,36.8,0.5,0.0625,-4.0,16.0,-300.0,0.0,0.0625,2,4,17.3,5.0,187,848,815,0.0,0.0,2.0,13.0,38.9,1.7,0.1875,0.0,0.0,1.0,12.0,40.3,2.2,0.125,-1.0,0.0,55.0,-154.0,16.0,16.0,522.0,0.375,0.0,0.0,0.0,0.0,0.270000000000001,0.0
562,202107020612,0,1,0,3,0,2,0,13,0,1,0,1,0,1,0,0,0,1,0,3,0,1,0,0,0,0,0,0,0,0,0,0,0,0,0,0,0.0,0.0,,,,,,0.0,0.0,150.0,12.0,36.3,0.9,0.875,0.0,0.0,80.0,15.0,38.0,2.2,0.25,3.0,,0.0,0.058823529411764705,0.2647058823529412,8,15,35.0,9.0,1383,1263,246,0.0,0.0,130.0,15.0,40.6,3.0,0.0625,0.0,0.0,,,,,,1.5,0.0,57.0,-1025.0,16.0,7.0,,,0.0625,0.125,0.0,,-2.150000000000002,0.0
563,202107020612,0,0,0,1,1,0,1,4,0,0,0,0,0,0,0,0,0,0,0,1,0,0,0,0,0,0,0,0,0,0,0,0,0,0,0,0,0.0,0.0,,,,,,0.0,0.0,150.0,11.0,37.5,1.2,0.875,0.0,0.0,150.0,10.0,37.1,1.1,0.5,-1.0,3.0,-100.0,0.0,0.0,6,12,186.9,16.0,1306,1376,1445,0.0,0.0,160.0,7.0,36.8,0.8,0.875,0.0,0.0,150.0,8.0,37.9,1.6,0.6875,-1.2,0.0,57.0,-318.0,16.0,7.0,473.0,,-0.0625,0.0,0.0625,0.0625,-0.08999999999999915,0.0
564,202107020612,0,0,0,2,1,0,1,5,0,0,0,0,0,0,0,1,1,0,0,2,0,0,0,0,0,0,0,0,0,0,0,0,0,0,0,0,0.0,0.0,16.0,15.0,37.3,2.4,0.5625,0.0,0.0,16.0,16.0,32.5,1.9,1.0,0.0,0.0,14.0,15.0,38.3,2.4,0.9375,0.0,-16.0,-200.0,,,1,2,56.2,12.0,1255,1558,1263,0.0,0.0,12.0,11.0,36.7,0.9,0.375,0.0,0.0,16.0,5.0,37.9,0.6,0.375,-2.5,0.0,57.0,-223.0,16.0,16.0,484.0,0.0625,,0.0,0.125,0.0625,-0.5400000000000006,0.0
565,202107020612,0,0,0,5,0,0,0,1,0,0,0,1,0,0,0,0,0,0,0,0,0,0,0,0,0,0,0,0,0,0,0,0,0,0,0,0,0.0,0.0,30.0,,,,0.8181818181818182,0.0,0.0,140.0,9.0,36.6,1.2,0.6875,0.0,0.0,140.0,12.0,36.6,0.9,0.5625,3.0,-3.0,0.0,0.05555555555555555,0.16666666666666666,3,6,108.4,14.0,1736,351,1482,0.0,0.0,110.0,11.0,37.0,1.0,0.5,0.0,0.0,100.0,5.0,36.7,1.0,0.5,-1.3,0.0,57.0,-399.0,16.0,11.0,503.0,0.18181818181818182,0.0,0.0,0.0,-0.0625,-0.07000000000000028,0.0
566,202107020612,0,1,0,1,0,0,0,3,0,0,0,0,0,0,0,0,0,0,0,1,0,0,0,0,0,0,0,0,0,0,0,0,0,0,0,0,0.0,0.0,8.0,9.0,13.9,7.0,1.0,0.0,0.0,8.0,10.0,13.8,7.7,0.9,0.0,0.0,15.0,11.0,38.8,1.3,1.0,1.0,16.0,-1480.0,0.06818181818181818,0.20454545454545456,8,16,108.9,15.0,1191,770,1235,0.0,0.0,16.0,16.0,39.4,2.6,0.5,0.0,0.0,11.0,8.0,39.7,1.8,0.38461538461538464,0.4,0.0,57.0,-342.0,16.0,9.0,524.0,0.0,0.1,-0.13333333333333333,0.0,0.07692307692307693,-7.720000000000001,0.0
567,202107020612,1,0,0,3,0,1,1,0,0,0,0,0,0,0,0,0,0,1,0,0,0,0,0,0,0,0,0,0,0,0,0,0,0,0,0,0,0.0,0.0,9.0,4.0,38.7,1.1,0.45454545454545453,0.0,0.0,8.0,7.0,38.6,1.9,0.4,0.0,0.0,6.0,14.0,36.7,1.2,0.625,5.0,-6.0,-300.0,0.16666666666666666,0.2222222222222222,6,11,24.0,6.0,1095,1553,1221,0.0,0.0,10.0,5.0,36.2,0.6,0.5,0.0,0.0,16.0,13.0,38.4,2.0,0.5625,1.6,0.0,57.0,-98.0,16.0,11.0,498.0,0.2727272727272727,0.0,-0.0625,-0.1875,0.125,0.3000000000000007,0.0
568,202107020612,1,1,0,2,0,0,0,3,0,0,0,0,0,0,0,0,0,0,0,2,0,0,0,0,0,0,0,0,0,0,0,0,0,0,0,0,0.0,0.0,120.0,110.0,38.0,2.8,1.0,0.0,0.0,130.0,150.0,37.1,1.6,0.625,0.0,0.0,90.0,100.0,37.0,1.1,0.8,-5.0,15.0,-200.0,0.10526315789473684,0.21052631578947367,7,13,96.1,13.0,1362,1108,1263,0.0,0.0,110.0,70.0,37.1,0.5,0.4375,0.0,0.0,50.0,100.0,40.9,1.7,0.8571428571428571,-10.0,0.0,57.0,-254.0,16.0,12.0,483.0,-0.16666666666666666,0.0625,-0.06666666666666667,-0.1875,-0.7857142857142857,-0.5799999999999997,0.0
569,202107020612,0,0,0,1,3,0,2,9,0,0,0,1,0,0,0,1,1,0,0,4,0,0,0,1,0,0,0,0,0,0,0,0,0,0,0,0,0.0,0.0,,,,,,0.0,0.0,150.0,12.0,38.6,1.5,0.3333333333333333,0.0,0.0,140.0,12.0,36.7,1.6,0.6875,0.0,,0.0,0.038461538461538464,0.15384615384615385,2,3,36.8,10.0,1554,1556,322,0.0,0.0,160.0,9.0,38.5,1.4,0.5,0.0,0.0,50.0,1.0,39.7,0.0,0.25,-3.6,0.25,57.0,-1080.0,16.0,7.0,,,-0.06666666666666667,-0.0625,0.0,0.0,-0.5100000000000001,0.0
570,202107030102,0,1,0,13,0,0,0,1,0,0,0,0,0,0,0,3,0,0,0,0,0,0,0,0,0,0,0,2,0,0,0,0,0,0,0,0,0.0,0.0,7.0,4.0,38.4,0.8,0.6363636363636364,0.0,0.0,5.0,10.0,37.1,1.9,0.3125,0.0,0.0,14.0,4.0,35.9,0.1,0.8125,0.0,-11.0,0.0,0.18518518518518517,0.4444444444444444,8,16,1.5,1.0,1090,1086,1169,0.0,0.0,7.0,10.0,37.3,1.0,0.75,0.0,0.0,3.0,6.0,36.0,0.4,0.5714285714285714,0.4,0.0,56.0,-1153.0,16.0,11.0,501.0,-0.18181818181818182,-0.0625,0.0,0.0,0.0,0.46000000000000013,0.0
571,202107030102,3,0,2,19,0,0,0,0,0,0,0,0,1,0,0,6,0,0,0,0,0,0,0,0,1,0,0,1,0,0,0,0,0,0,0,0,0.0,0.0,3.0,1.0,37.7,0.0,0.15384615384615385,0.0,0.0,10.0,10.0,38.3,0.8,0.25,0.0,0.0,9.0,5.0,37.2,0.4,0.5625,2.0,0.0,0.0,0.037037037037037035,0.1111111111111111,8,15,110.0,10.0,1691,1266,1167,0.0,0.0,6.0,8.0,35.7,1.8,0.3076923076923077,0.0,0.0,4.0,5.0,37.6,0.6,0.16666666666666666,0.6,0.2,53.0,-679.0,16.0,13.0,440.0,0.0,0.0,0.0,0.0,0.0,0.2799999999999997,0.0
572,202107030102,0,0,0,0,0,0,1,27,0,0,0,0,0,0,0,0,0,0,0,15,0,0,0,0,0,0,0,0,0,0,0,2,0,0,0,0,0.0,0.0,7.0,6.0,36.7,0.7,0.4375,0.0,0.0,2.0,10.0,37.2,0.8,0.5625,0.0,0.0,1.0,4.0,38.0,0.8,0.25,-1.0,-4.0,200.0,0.09615384615384616,0.2692307692307692,4,7,26.1,7.0,1601,1263,239,0.0,0.0,1.0,1.0,37.4,0.0,0.13333333333333333,0.0,0.0,2.0,4.0,39.2,0.7,0.1875,-1.3,0.2,54.0,-245.0,16.0,16.0,446.0,-0.0625,0.0,0.0,0.0,0.125,-0.5199999999999996,0.0
573,202107030102,1,0,0,12,1,2,1,8,0,0,0,0,0,0,0,2,0,1,0,3,0,0,0,0,0,0,0,0,0,0,0,1,0,0,0,0,0.0,0.0,30.0,3.0,37.7,0.7,0.26666666666666666,0.0,0.0,50.0,4.0,38.4,0.4,0.3125,0.0,0.0,60.0,13.0,34.3,1.2,0.875,5.0,-6.0,0.0,0.0,0.0,7,14,9.0,3.0,1152,1039,1428,,,,,,,,,,,,,,,5.0,0.3333333333333333,56.0,27.0,16.0,15.0,458.0,0.0,-0.0625,0.0,,,1.7000000000000028,0.0
574,202107030102,0,0,1,8,0,1,0,13,0,0,0,0,0,0,0,2,0,1,0,6,0,0,0,0,0,0,0,0,0,1,0,1,0,0,0,0,0.0,0.0,,,,,,0.0,0.0,50.0,5.0,38.4,1.0,0.25,0.0,0.0,50.0,5.0,38.1,1.1,0.125,0.0,,0.0,0.15789473684210525,0.21052631578947367,1,1,17.8,5.0,1431,1618,1428,0.0,0.0,120.0,5.0,37.4,0.9,0.625,0.0,0.0,20.0,8.0,40.5,3.1,0.8,0.9,0.0,54.0,-943.0,16.0,8.0,,,-0.0625,0.0,0.0,-0.2,-0.5600000000000002,0.0
575,202107030102,3,0,2,19,3,1,3,20,0,0,0,3,1,0,0,6,0,0,1,6,0,0,0,0,1,0,0,1,0,0,0,1,0,0,0,0,0.0,0.0,,,,,,0.0,0.0,130.0,12.0,34.8,1.4,1.0,0.0,0.0,160.0,7.0,37.1,1.0,0.75,-5.0,32.0,200.0,0.0,0.13333333333333333,1,2,61.5,9.0,1691,1183,1167,0.0,0.0,100.0,15.0,37.2,1.6,1.0,0.0,0.0,90.0,6.0,35.1,0.5,0.8333333333333334,-1.0,0.0,56.0,-902.0,16.0,11.0,548.0,,0.0,0.0,0.0,0.0,-0.10000000000000142,0.0
576,202107030102,0,0,0,2,1,0,0,3,0,0,0,0,0,0,0,1,0,0,0,1,0,0,0,0,0,0,0,0,0,0,0,1,0,0,0,0,0.0,0.0,1.0,1.0,38.0,0.0,0.3333333333333333,0.0,0.0,15.0,8.0,40.0,1.8,0.4375,0.0,0.0,11.0,5.0,38.7,2.1,0.6428571428571429,2.0,19.0,-200.0,0.16666666666666666,0.16666666666666666,3,5,10.6,4.0,1020,1034,1576,0.0,0.0,9.0,8.0,38.8,1.5,0.5384615384615384,0.0,0.0,12.0,9.0,38.3,1.0,0.4666666666666667,1.6,0.2,56.0,-1170.0,16.0,6.0,527.0,0.0,0.125,-0.2857142857142857,0.3076923076923077,-0.06666666666666667,0.06000000000000085,0.0
577,202107030102,0,0,0,2,4,3,2,16,0,0,0,0,0,0,0,2,4,1,2,6,0,0,0,0,0,0,0,0,1,0,0,3,0,0,0,0,0.0,0.0,1.0,4.0,39.0,1.0,0.21428571428571427,0.0,0.0,4.0,9.0,35.9,1.1,0.6666666666666666,0.0,0.0,2.0,8.0,39.2,1.5,0.0625,2.0,1.0,200.0,0.14814814814814814,0.3333333333333333,3,6,6.0,2.0,1401,1405,517,0.0,0.0,5.0,6.0,38.3,0.8,0.06666666666666667,0.0,0.0,3.0,4.0,38.8,0.9,0.3125,-0.3,0.0,56.0,-467.0,16.0,14.0,505.0,-0.14285714285714285,0.0,0.0,0.06666666666666667,-0.0625,-0.1999999999999993,0.0
578,202107030102,5,5,3,26,2,0,0,8,0,0,0,0,3,3,1,9,1,0,0,3,0,0,0,0,0,0,0,0,1,0,0,1,0,0,0,0,0.0,0.0,7.0,9.0,36.7,1.3,0.7692307692307693,0.0,0.0,3.0,16.0,43.6,3.9,0.1875,0.0,0.0,5.0,2.0,37.2,0.2,0.07142857142857142,-3.5,-4.0,400.0,0.019230769230769232,0.28846153846153844,5,10,35.4,8.0,1576,1014,1577,0.0,0.0,8.0,9.0,38.3,1.9,0.75,,,,,,,,-1.4,0.25,54.0,-112.0,16.0,13.0,426.0,-0.15384615384615385,0.1875,0.0,0.0,,0.16000000000000156,0.0
579,202107030102,0,1,0,3,4,3,2,16,0,0,0,0,0,1,0,1,4,1,2,6,0,0,0,0,0,1,0,0,1,0,0,3,0,0,0,0,0.0,0.0,110.0,9.0,41.3,1.6,0.5833333333333334,0.0,0.0,150.0,13.0,39.3,2.6,0.375,0.0,0.0,120.0,13.0,36.7,1.9,0.6428571428571429,2.0,11.0,0.0,0.0,0.42857142857142855,7,13,233.4,12.0,1036,1405,1108,0.0,0.0,100.0,8.0,38.3,1.8,0.9285714285714286,0.0,0.0,90.0,10.0,38.4,2.7,0.6923076923076923,-0.3,0.0,53.0,-1176.0,16.0,12.0,453.0,0.25,0.0625,0.2857142857142857,-0.35714285714285715,-0.07692307692307693,0.6799999999999997,0.0
580,202107030102,0,0,0,2,0,0,0,2,0,0,0,0,0,0,0,0,0,0,0,1,0,0,0,0,0,0,0,0,0,0,0,1,0,0,0,0,0.0,0.0,9.0,4.0,39.7,1.8,1.0,0.0,0.0,15.0,11.0,39.5,3.3,0.9375,0.0,0.0,12.0,10.0,39.5,2.4,1.0,3.0,31.0,0.0,0.0,0.0,2,4,246.5,13.0,1729,1189,1428,0.0,0.0,13.0,11.0,38.2,2.2,0.8125,0.0,0.0,10.0,8.0,38.2,2.9,0.75,0.8,0.0,53.0,-693.0,16.0,11.0,501.0,-0.09090909090909091,0.0625,-0.125,0.0625,0.0,0.4299999999999997,0.0
581,202107030102,1,0,0,12,0,0,0,1,0,0,0,0,0,0,0,2,0,0,0,0,0,0,0,0,0,0,0,0,0,0,0,0,0,0,0,0,0.0,0.0,9.0,11.0,39.9,2.8,0.6666666666666666,0.0,0.0,10.0,9.0,35.2,0.8,0.3888888888888889,0.0,0.0,5.0,14.0,34.7,0.7,0.5555555555555556,1.5,12.0,200.0,0.06060606060606061,0.22727272727272727,4,8,20.4,6.0,1152,494,1428,0.0,0.0,6.0,12.0,39.6,2.2,0.25,0.0,0.0,6.0,12.0,36.1,0.7,0.2777777777777778,0.5,0.0,54.0,-487.0,16.0,12.0,428.0,0.0,0.2222222222222222,0.05555555555555555,0.125,-0.1111111111111111,0.31999999999999956,0.0
582,202107030102,1,0,0,0,1,2,2,22,0,0,0,0,0,0,0,0,0,1,2,7,0,0,0,0,0,0,0,0,0,0,0,1,0,0,0,0,0.0,0.0,8.0,4.0,42.0,1.1,0.2,0.0,0.0,16.0,16.0,45.8,9.7,1.0,0.0,0.0,15.0,13.0,39.0,2.4,0.625,4.5,2.0,0.0,0.037037037037037035,0.18518518518518517,5,9,391.6,15.0,1051,1556,578,0.0,0.0,13.0,9.0,37.4,1.7,0.5625,0.0,0.0,6.0,13.0,42.9,3.5,0.25,1.1,0.0,54.0,-68.0,16.0,10.0,520.0,0.0,0.0,0.0,0.0625,0.0,0.6600000000000001,0.0
583,202107030102,0,0,1,6,4,3,1,19,0,0,0,0,0,0,0,4,1,2,0,5,0,0,0,0,0,0,0,1,0,0,0,0,0,0,0,0,0.0,0.0,110.0,6.0,38.1,1.3,1.0,0.0,0.0,140.0,14.0,39.7,2.6,0.4375,0.0,0.0,100.0,11.0,39.2,2.3,0.4375,2.5,4.0,200.0,0.0,0.13636363636363635,2,3,258.2,14.0,1557,1167,1559,0.0,0.0,60.0,3.0,39.4,0.9,0.3125,0.0,0.0,70.0,10.0,38.2,1.4,1.0,-0.3,0.2,54.0,-283.0,16.0,12.0,458.0,0.0,0.0,0.0625,0.0,0.0,0.010000000000000142,0.0
584,202107030102,0,0,0,1,0,0,0,9,0,0,0,0,0,0,0,0,0,0,0,5,0,0,0,0,0,0,0,0,0,0,0,2,0,0,0,0,0.0,0.0,5.0,8.0,41.9,2.9,0.625,0.0,0.0,15.0,15.0,41.7,6.0,0.6,0.0,0.0,13.0,14.0,38.7,2.3,0.8666666666666667,3.0,2.0,-200.0,0.0,0.0,6,11,623.7,16.0,1376,1482,1559,0.0,0.0,14.0,13.0,36.3,1.2,0.6,0.0,0.0,13.0,14.0,41.0,3.2,0.26666666666666666,1.0,0.0,54.0,-1166.0,16.0,8.0,464.0,0.125,0.26666666666666666,0.06666666666666667,0.0,0.4,0.7200000000000003,0.0
585,202107030102,0,0,0,0,0,0,1,0,0,0,0,0,0,0,0,0,0,0,0,0,0,0,0,0,0,0,0,0,0,0,0,0,0,0,0,0,0.0,0.0,9.0,1.0,38.2,0.0,0.09090909090909091,0.0,0.0,13.0,16.0,41.2,4.2,0.0625,0.0,0.0,15.0,16.0,34.1,1.5,1.0,7.5,-7.0,0.0,0.07142857142857142,0.21428571428571427,6,12,133.7,11.0,1621,1423,1186,0.0,0.0,16.0,11.0,35.8,1.0,0.0625,0.0,0.0,10.0,10.0,33.7,0.8,1.0,1.3,0.2,56.0,-1262.0,16.0,11.0,521.0,0.0,0.0,0.0,0.0,0.0,1.4400000000000006,0.0
586,202107030108,0,0,0,1,1,1,0,7,0,0,0,0,0,0,0,1,0,0,0,3,0,0,0,0,0,0,0,0,0,0,0,2,0,0,0,0,0.0,0.0,7.0,3.0,41.2,0.9,0.5714285714285714,0.0,0.0,16.0,16.0,39.8,3.8,0.125,0.0,0.0,10.0,15.0,40.2,3.5,0.2,6.0,-7.0,0.0,0.0,0.15384615384615385,6,7,14.8,5.0,1319,1503,334,0.0,0.0,4.0,10.0,38.3,1.6,0.26666666666666666,0.0,0.0,5.0,1.0,37.8,0.0,0.16666666666666666,-1.0,0.4,55.0,-1173.0,12.0,14.0,477.0,-0.21428571428571427,0.0625,0.0,0.06666666666666667,0.0,0.8300000000000012,0.0
587,202107030108,0,0,0,1,0,0,0,9,0,0,0,0,0,0,0,0,0,0,0,5,0,0,0,0,0,0,0,0,0,0,0,0,0,0,0,0,0.0,0.0,20.0,1.0,39.1,0.0,0.8181818181818182,0.0,0.0,160.0,14.0,37.0,1.9,1.0,0.0,0.0,110.0,11.0,38.8,2.4,1.0,5.0,27.0,0.0,0.07317073170731707,0.1951219512195122,3,3,59.7,9.0,1094,1482,334,0.0,0.0,110.0,11.0,37.4,1.2,0.6666666666666666,0.0,0.0,90.0,6.0,36.5,1.3,1.0,0.7,0.2,57.0,-1022.0,12.0,11.0,529.0,-0.7272727272727273,0.0,-0.07142857142857142,0.0,-0.09090909090909091,0.4800000000000004,0.0
588,202107030108,1,2,1,4,0,0,0,4,0,0,0,0,0,2,0,2,0,0,0,2,0,0,0,0,0,1,0,1,0,0,0,1,0,0,0,0,0.0,0.0,9.0,2.0,39.0,0.8,0.8333333333333334,0.0,0.0,9.0,15.0,37.6,1.2,0.625,0.0,0.0,1.0,1.0,36.4,0.0,0.15384615384615385,-0.5,-1.0,100.0,0.0196078431372549,0.27450980392156865,8,11,2.4,1.0,1440,1199,1167,0.0,0.0,1.0,4.0,35.8,0.4,0.5454545454545454,0.0,0.0,1.0,2.0,36.4,0.0,0.14285714285714285,-1.1,0.6,57.0,-1170.0,12.0,12.0,487.0,-0.5,0.0625,0.0,-0.18181818181818182,0.0,0.7000000000000007,0.0
589,202107030108,2,4,3,12,3,1,3,19,0,0,1,0,1,1,3,5,0,0,2,8,0,0,1,0,0,0,2,0,0,0,0,4,0,0,0,0,0.0,0.0,10.0,6.0,35.5,0.8,0.75,0.0,0.0,40.0,2.0,36.2,0.6,0.4166666666666667,0.0,0.0,30.0,4.0,37.0,0.7,0.2727272727272727,-1.0,-4.0,400.0,0.0,0.11764705882352941,7,10,59.9,10.0,1716,1013,1167,0.0,0.0,20.0,3.0,36.3,0.0,0.5,0.0,0.0,110.0,4.0,35.8,0.3,0.5833333333333334,-0.3,0.4,57.0,280.0,12.0,12.0,450.0,-0.25,0.08333333333333333,0.09090909090909091,-0.08333333333333333,-0.08333333333333333,-0.06999999999999887,0.0
590,202107030108,5,5,3,26,0,3,0,22,0,1,0,1,3,3,1,9,0,2,0,8,0,1,0,1,2,1,1,4,0,1,0,3,0,1,0,1,0.0,0.0,6.0,8.0,39.9,2.7,0.5555555555555556,0.0,0.0,11.0,11.0,40.8,2.2,0.23076923076923078,0.0,0.0,14.0,13.0,37.1,2.0,0.875,2.5,-3.0,100.0,0.09803921568627451,0.27450980392156865,6,8,3.6,2.0,1576,1559,1577,0.0,0.0,11.0,6.0,38.0,0.8,0.35714285714285715,0.0,0.0,5.0,5.0,37.4,1.7,0.6666666666666666,-1.1,0.0,55.0,-772.0,12.0,9.0,467.0,0.3333333333333333,0.0,0.0,0.14285714285714285,0.16666666666666666,0.7799999999999997,0.0
591,202107030108,0,0,1,14,4,3,1,19,0,0,0,0,0,0,1,4,1,2,0,5,0,0,0,0,0,0,1,2,0,1,0,1,0,0,0,0,0.0,0.0,10.0,9.0,41.7,3.5,0.1111111111111111,0.0,0.0,60.0,2.0,37.8,0.4,0.0625,0.0,0.0,40.0,7.0,37.7,1.0,0.3333333333333333,-1.0,4.0,0.0,0.1111111111111111,0.2222222222222222,5,6,6.1,3.0,1228,1167,1108,0.0,0.0,40.0,6.0,38.6,1.4,0.0625,0.0,0.0,50.0,10.0,37.4,1.5,0.8125,0.6,0.2,57.0,6.0,12.0,9.0,494.0,0.0,0.0,-0.06666666666666667,0.0,-0.125,0.7800000000000005,0.0
592,202107030108,0,0,0,0,0,0,0,0,0,0,0,0,0,0,0,0,0,0,0,0,0,0,0,0,0,0,0,0,0,0,0,0,0,0,0,0,0.0,0.0,9.0,10.0,41.4,3.3,0.9,0.0,0.0,11.0,11.0,36.8,1.4,0.08333333333333333,0.0,0.0,12.0,11.0,40.0,2.5,0.3333333333333333,0.5,11.0,0.0,0.0,0.5,7,9,19.5,7.0,762,430,764,0.0,0.0,14.0,12.0,36.1,1.5,0.2857142857142857,0.0,0.0,15.0,17.0,35.7,2.1,0.1111111111111111,1.5,0.0,54.0,-1153.0,12.0,10.0,493.0,0.1,0.0,0.16666666666666666,-0.07142857142857142,0.0,1.2099999999999986,0.0
593,202107030108,0,0,0,1,0,1,0,0,0,0,0,0,0,0,0,0,0,0,0,0,0,0,0,0,0,0,0,0,0,0,0,0,0,0,0,0,0.0,0.0,10.0,10.0,41.5,4.1,0.5,0.0,0.0,11.0,11.0,36.7,1.0,0.375,0.0,0.0,9.0,12.0,34.6,0.6,0.375,1.0,-4.0,-300.0,0.0,0.027777777777777776,4,4,26.2,8.0,548,969,257,0.0,0.0,12.0,10.0,35.2,0.9,0.26666666666666666,0.0,0.0,13.0,11.0,34.6,0.6,0.9375,0.1,0.0,55.0,-442.0,12.0,10.0,516.0,0.5,0.1875,0.0625,0.13333333333333333,0.0,1.5299999999999998,0.0
594,202107030108,0,0,0,6,0,0,1,6,0,0,0,0,0,0,0,0,0,0,1,3,0,0,0,0,0,0,0,0,0,0,0,1,0,0,0,0,0.0,0.0,20.0,60.0,41.5,1.6,0.5,0.0,0.0,150.0,130.0,39.3,1.5,0.6,0.0,0.0,110.0,90.0,39.1,1.8,0.6666666666666666,15.0,9.0,0.0,0.03225806451612903,0.16129032258064516,8,12,81.2,11.0,1199,1221,351,0.0,0.0,100.0,70.0,38.6,1.0,0.125,0.0,0.0,160.0,160.0,42.3,4.0,0.0625,14.0,0.0,57.0,-215.0,12.0,12.0,517.0,-0.25,0.13333333333333333,0.0,0.0,0.0,-0.08999999999999986,0.0
595,202107030108,0,0,1,8,0,0,1,5,0,0,0,1,0,0,0,2,0,0,1,1,0,0,0,0,0,0,0,2,0,0,1,0,0,0,0,0,0.0,0.0,110.0,7.0,37.5,2.4,0.6875,0.0,0.0,100.0,5.0,40.2,1.9,0.6,0.0,0.0,110.0,12.0,38.6,3.0,0.6666666666666666,2.5,-8.0,-300.0,0.06153846153846154,0.23076923076923078,5,5,19.3,6.0,1431,334,1428,0.0,0.0,110.0,12.0,34.6,1.7,0.7857142857142857,0.0,0.0,90.0,1.0,38.0,0.0,0.4375,-0.5,0.2,57.0,63.0,12.0,16.0,454.0,-0.1875,-0.13333333333333333,0.06666666666666667,-0.07142857142857142,-0.125,0.46000000000000013,0.0
596,202107030108,1,0,0,12,2,2,3,20,0,0,0,0,0,0,0,2,1,0,2,5,0,0,0,0,0,0,0,2,0,0,0,3,0,0,0,0,0.0,0.0,10.0,12.0,13.7,9.0,0.6923076923076923,0.0,0.0,11.0,10.0,13.8,7.6,0.75,0.0,0.0,13.0,15.0,38.7,2.3,0.6875,1.5,-4.0,-1450.0,0.0,0.0,1,1,6.9,4.0,1152,1345,1428,0.0,0.0,4.0,11.0,38.7,2.0,0.9166666666666666,0.0,0.0,9.0,4.0,37.9,0.7,0.125,-1.5,0.0,54.0,-105.0,12.0,13.0,480.0,0.15384615384615385,0.08333333333333333,0.125,0.0,0.0,-7.330000000000001,0.0
597,202107030108,3,0,2,19,0,0,0,3,0,0,0,0,1,0,0,6,0,0,0,2,0,0,0,0,0,0,0,3,0,0,0,1,0,0,0,0,0.0,0.0,6.0,5.0,37.5,2.2,0.7142857142857143,0.0,0.0,12.0,11.0,39.4,3.2,0.9166666666666666,0.0,0.0,15.0,16.0,41.2,3.5,0.75,5.5,8.0,-100.0,0.0,0.0,2,2,197.5,12.0,1691,1103,1167,0.0,0.0,12.0,12.0,39.2,2.4,0.8333333333333334,0.0,0.0,7.0,12.0,39.0,2.9,0.875,1.5,0.0,57.0,-185.0,12.0,7.0,480.0,0.0,0.0,0.25,0.0,0.0625,-0.2800000000000004,0.0
598,202107030206,0,0,1,3,0,0,0,2,0,0,0,0,0,0,1,2,0,0,0,1,0,0,0,0,0,0,0,1,0,0,0,1,0,0,0,0,0.0,0.0,11.0,16.0,44.9,7.4,0.0625,0.0,0.0,8.0,13.0,37.2,1.3,0.2,0.0,0.0,5.0,11.0,41.0,2.7,0.14285714285714285,-2.5,-6.0,0.0,0.10714285714285714,0.21428571428571427,7,14,4.0,2.0,1426,1430,306,0.0,0.0,10.0,3.0,36.2,0.5,0.0625,0.0,0.0,8.0,15.0,40.5,3.0,0.125,-1.2,0.2,54.0,-952.0,16.0,16.0,482.0,0.125,0.0,0.0,0.0,0.0,0.9799999999999998,0.0
599,202107030206,0,0,0,1,1,0,0,2,0,0,0,0,0,0,0,0,0,0,0,1,0,0,0,0,0,0,0,0,0,0,0,1,0,0,0,0,0.0,0.0,110.0,9.0,33.8,0.5,0.4117647058823529,0.0,0.0,160.0,9.0,33.3,0.5,0.5,0.0,0.0,70.0,9.0,37.7,0.6,0.21428571428571427,0.0,2.0,0.0,1.0,1.0,6,12,29.6,12.0,1397,1376,1428,0.0,0.0,60.0,1.0,35.9,0.0,0.5454545454545454,0.0,0.0,20.0,7.0,35.2,0.4,0.3076923076923077,-1.2,0.2,53.0,-1140.0,16.0,17.0,464.0,0.0,0.05555555555555555,0.0,-0.09090909090909091,0.0,-0.5400000000000013,0.0
600,202107030206,0,0,1,6,1,0,1,2,0,0,0,0,0,0,0,1,1,0,0,1,0,0,0,0,0,0,0,0,0,0,0,1,0,0,0,0,0.0,0.0,130.0,9.0,34.0,0.5,0.7647058823529411,0.0,0.0,90.0,7.0,33.8,0.8,1.0,0.0,0.0,130.0,6.0,34.3,1.2,0.5,-1.5,10.0,200.0,0.08333333333333333,0.25,6,11,5.7,3.0,1200,1208,324,0.0,0.0,90.0,9.0,34.6,1.1,0.3,0.0,0.0,100.0,10.0,34.8,1.3,0.35714285714285715,0.4,0.0,56.0,-1252.0,16.0,17.0,498.0,-0.058823529411764705,0.0,-0.0625,0.0,0.21428571428571427,-0.23999999999999985,0.0
601,202107030206,0,0,0,2,0,0,0,2,0,0,0,0,0,0,0,1,0,0,0,2,0,0,0,0,0,0,0,1,0,0,0,0,0,0,0,0,0.0,0.0,12.0,13.0,40.8,2.4,0.4375,0.0,0.0,13.0,10.0,36.0,0.8,0.9230769230769231,0.0,0.0,11.0,8.0,35.7,0.5,0.75,-2.5,22.0,-200.0,0.0,0.09375,8,16,11.7,5.0,1020,1641,1576,0.0,0.0,2.0,5.0,13.5,0.9,0.5,0.0,0.0,5.0,2.0,13.5,0.3,0.21428571428571427,-2.7,0.2,56.0,-1256.0,16.0,16.0,518.0,0.0,-0.15384615384615385,-0.0625,-0.07142857142857142,0.07142857142857142,7.709999999999999,0.0
602,202107030206,1,0,0,12,0,0,0,11,0,0,0,0,0,0,0,2,0,0,0,2,0,0,0,0,0,0,0,2,0,0,0,2,0,0,0,0,0.0,0.0,13.0,10.0,38.8,1.3,0.8666666666666667,0.0,0.0,12.0,10.0,35.9,1.3,0.5,0.0,0.0,10.0,16.0,42.6,4.7,0.25,3.0,1.0,-400.0,0.02564102564102564,0.15384615384615385,4,8,3.7,1.0,1152,1551,1428,0.0,0.0,5.0,11.0,40.7,2.8,0.25,0.0,0.0,12.0,8.0,37.9,1.2,0.4,-0.3,0.0,56.0,-877.0,16.0,15.0,515.0,-0.06666666666666667,0.0625,0.125,0.16666666666666666,0.4,-0.3000000000000007,0.0
603,202107030206,3,0,2,19,0,3,0,22,0,0,0,1,1,0,0,6,0,2,0,8,0,0,0,0,0,0,0,3,0,1,0,3,0,0,0,0,0.0,0.0,3.0,7.0,39.3,1.9,0.625,0.0,0.0,13.0,13.0,37.6,1.6,0.875,0.0,0.0,11.0,12.0,35.9,2.3,0.9166666666666666,2.5,-8.0,-350.0,0.1590909090909091,0.29545454545454547,7,13,23.7,10.0,1691,1559,1167,0.0,0.0,13.0,12.0,34.5,0.7,1.0,0.0,0.0,11.0,11.0,34.5,1.3,0.16666666666666666,0.7,0.0,56.0,-1175.0,16.0,8.0,462.0,0.25,0.125,-0.08333333333333333,-0.07692307692307693,0.16666666666666666,1.2699999999999996,0.0
604,202107030206,2,0,3,11,1,0,0,2,0,0,0,0,1,0,0,1,0,0,0,1,0,0,0,0,0,0,0,0,0,0,0,1,0,0,0,0,0.0,0.0,7.0,4.0,37.0,1.0,0.36363636363636365,0.0,0.0,3.0,8.0,35.4,0.9,0.5,0.0,0.0,3.0,10.0,35.2,0.7,0.6923076923076923,3.0,-2.0,0.0,0.0,0.375,3,6,21.2,7.0,1127,1376,1328,0.0,0.0,11.0,2.0,34.9,0.0,0.16666666666666666,0.0,0.0,9.0,4.0,36.7,0.3,0.6875,-0.6,0.2,51.0,-1043.0,16.0,11.0,504.0,0.0,0.14285714285714285,0.0,0.0,-0.125,0.10999999999999943,0.0
605,202107030206,0,0,0,0,0,0,0,0,0,0,0,0,0,0,0,0,0,0,0,0,0,0,0,0,0,0,0,0,0,0,0,0,0,0,0,0,0.0,0.0,9.0,8.0,37.0,1.0,0.2857142857142857,0.0,0.0,12.0,11.0,37.9,1.4,0.5,0.0,0.0,11.0,4.0,35.4,0.7,0.38461538461538464,-2.0,4.0,200.0,0.0,0.13043478260869565,1,2,39.5,14.0,1476,1255,1589,0.0,0.0,15.0,9.0,37.1,0.9,0.25,0.0,0.0,6.0,8.0,39.6,1.5,0.1111111111111111,-0.2,0.0,56.0,-1231.0,16.0,14.0,480.0,0.07142857142857142,-0.07142857142857142,0.0,-0.0625,0.0,-0.44000000000000056,0.0
606,202107030206,2,0,3,11,0,1,0,3,0,0,0,0,1,0,0,1,0,0,0,0,0,0,0,0,0,0,0,0,0,0,0,0,0,0,0,0,0.0,0.0,11.0,,,,0.5714285714285714,0.0,0.0,4.0,9.0,38.0,1.2,0.375,0.0,0.0,5.0,8.0,36.7,0.9,0.4375,-1.0,6.0,-300.0,0.03571428571428571,0.17857142857142858,5,10,22.3,9.0,1127,1,1328,0.0,0.0,3.0,2.0,36.6,0.0,0.4666666666666667,0.0,0.0,13.0,4.0,35.9,0.2,0.5625,-2.1,0.25,52.0,-846.0,16.0,14.0,480.0,0.42857142857142855,0.0,-0.0625,-0.2,0.0625,0.6400000000000006,0.0
607,202107030206,0,0,1,6,0,0,0,0,0,0,0,0,0,0,0,2,0,0,0,0,0,0,0,0,0,0,0,2,0,0,0,0,0,0,0,0,0.0,0.0,4.0,6.0,40.3,2.0,0.25,0.0,0.0,13.0,13.0,38.3,1.9,0.5,0.0,0.0,11.0,7.0,37.3,0.4,0.1875,0.5,-12.0,-100.0,0.03571428571428571,0.14285714285714285,4,7,86.5,15.0,1447,1458,1721,0.0,0.0,8.0,8.0,37.9,1.3,0.6,0.0,0.0,5.0,7.0,37.7,1.0,0.25,-0.3,0.0,55.0,-970.0,16.0,12.0,508.0,0.08333333333333333,0.0,0.0,0.06666666666666667,0.0,0.5599999999999987,0.0
608,202107030206,0,0,1,3,1,2,2,22,0,0,0,0,0,0,1,2,0,1,2,7,0,0,0,0,0,0,0,1,0,1,0,1,0,0,0,0,0.0,0.0,7.0,5.0,41.3,2.4,0.42857142857142855,0.0,0.0,12.0,13.0,41.9,4.0,0.35714285714285715,0.0,0.0,6.0,10.0,37.4,1.1,0.4375,2.5,-2.0,0.0,0.1,0.2,3,5,29.9,13.0,1426,1556,306,0.0,0.0,9.0,12.0,41.6,2.5,0.21428571428571427,0.0,0.0,3.0,11.0,38.1,1.4,0.0625,1.1,0.0,56.0,-857.0,16.0,7.0,492.0,0.42857142857142855,0.2857142857142857,0.25,0.07142857142857142,0.0,0.6699999999999988,0.0
609,202107030206,0,0,0,6,3,0,4,30,0,0,0,0,0,0,0,2,0,0,2,8,0,0,0,0,0,0,0,1,0,0,1,1,0,0,0,0,0.0,0.0,10.0,14.0,34.0,1.4,0.375,0.0,0.0,16.0,17.0,35.5,4.1,0.05555555555555555,0.0,0.0,9.0,11.0,37.7,4.3,1.0,-1.5,8.0,400.0,0.0,0.0,8,15,28.8,11.0,1317,1558,1186,0.0,0.0,4.0,5.0,32.6,0.3,0.6666666666666666,0.0,0.0,16.0,18.0,38.1,3.8,0.2777777777777778,-0.4,0.0,51.0,-741.0,16.0,16.0,476.0,,,0.0,,0.3888888888888889,-0.5300000000000005,0.0
610,202107030206,2,3,0,19,4,0,4,9,1,0,0,0,2,1,0,10,2,0,0,4,1,0,0,0,1,0,0,1,1,0,0,1,1,0,0,0,0.0,0.0,4.0,3.0,39.8,1.4,0.5555555555555556,0.0,0.0,12.0,16.0,40.2,3.4,0.375,0.0,0.0,11.0,10.0,37.5,0.7,0.0625,3.5,1.0,0.0,0.0,0.11428571428571428,5,9,101.8,16.0,1393,1294,1263,0.0,0.0,14.0,14.0,38.9,1.5,0.1875,0.0,0.0,12.0,5.0,38.3,0.4,0.2,0.2,0.2,56.0,-901.0,16.0,9.0,473.0,-0.3333333333333333,0.25,0.0,0.0,-0.06666666666666667,0.43000000000000044,0.0
611,202107030206,0,2,0,4,4,3,1,19,0,1,0,0,0,1,0,1,1,2,0,5,0,1,0,0,0,1,0,1,0,1,0,1,0,1,0,0,0.0,0.0,3.0,4.0,39.3,0.8,0.1,0.0,0.0,8.0,16.0,40.6,6.6,0.25,0.0,0.0,15.0,16.0,39.6,2.7,0.0625,6.0,13.0,-400.0,0.023809523809523808,0.09523809523809523,2,3,15.5,6.0,1605,1167,1,0.0,0.0,5.0,5.0,36.9,0.9,0.2,0.0,0.0,5.0,8.0,39.2,1.3,0.2,-0.3,0.0,56.0,-1156.0,16.0,10.0,513.0,0.0,0.6875,0.0,-0.06666666666666667,-0.06666666666666667,0.3899999999999991,0.0
612,202107030206,0,0,0,2,0,1,0,13,0,0,0,1,0,0,0,0,0,1,0,6,0,0,0,0,0,0,0,0,0,0,0,2,0,0,0,0,0.0,0.0,7.0,10.0,34.5,0.9,1.0,0.0,0.0,4.0,16.0,38.5,2.3,0.1875,0.0,0.0,8.0,1.0,36.6,0.0,0.0625,-4.5,-10.0,400.0,0.15384615384615385,0.15384615384615385,2,4,11.5,4.0,1042,1618,488,0.0,0.0,11.0,3.0,37.5,0.2,0.125,0.0,0.0,10.0,11.0,38.0,1.4,0.07692307692307693,-1.1,0.4,54.0,-426.0,16.0,11.0,490.0,-0.09090909090909091,0.0,0.0,0.0,0.0,-0.6,0.0
613,202107030206,0,0,0,6,1,2,1,8,0,0,0,0,0,0,0,2,0,1,0,3,0,0,0,0,0,0,0,1,0,0,0,0,0,0,0,0,0.0,0.0,13.0,12.0,40.7,2.8,0.13333333333333333,0.0,0.0,5.0,7.0,40.4,2.6,0.45454545454545453,0.0,0.0,7.0,9.0,40.3,1.7,0.5384615384615384,-1.5,4.0,-400.0,0.09090909090909091,0.36363636363636365,1,1,22.1,8.0,1317,1039,1186,0.0,0.0,14.0,16.0,40.9,3.9,0.0625,0.0,0.0,8.0,16.0,40.3,3.0,0.9375,1.7,0.0,56.0,-447.0,16.0,15.0,494.0,0.2,0.2727272727272727,-0.15384615384615385,0.0625,0.0,0.030000000000001137,0.0
614,202107030302,2,1,0,3,0,0,0,4,0,0,0,0,0,1,0,0,0,0,0,2,0,0,0,0,0,1,0,0,0,0,0,2,0,0,0,0,0.0,0.0,6.0,4.0,38.8,1.1,0.5,0.0,0.0,13.0,13.0,45.6,8.3,0.15384615384615385,0.0,0.0,14.0,12.0,36.4,1.1,0.125,4.0,12.0,200.0,0.0,0.05555555555555555,3,5,40.5,9.0,1074,197,1503,0.0,0.0,9.0,11.0,41.2,2.9,0.07692307692307693,0.0,0.0,9.0,1.0,38.8,0.0,0.0625,-0.8,0.2,56.0,-740.0,16.0,12.0,500.0,-0.08333333333333333,0.8461538461538461,0.0,0.07692307692307693,0.0,0.43999999999999984,0.0
615,202107030302,0,0,1,19,5,6,1,67,0,0,0,0,0,0,0,9,1,0,0,18,0,0,0,0,0,0,0,1,0,0,0,5,0,0,0,0,0.0,0.0,5.0,2.0,38.1,0.1,0.5625,0.0,0.0,6.0,5.0,37.7,1.0,0.5625,0.0,0.0,3.0,4.0,37.4,0.6,0.875,1.0,6.0,0.0,0.0,0.02702702702702703,1,2,11.8,5.0,1571,1013,1108,0.0,0.0,5.0,3.0,37.3,0.5,0.75,0.0,0.0,9.0,2.0,37.5,1.6,0.375,-0.2,0.6,54.0,0.0,16.0,16.0,494.0,0.125,0.125,0.0,-0.0625,0.0625,0.16000000000000086,0.0
616,202107030302,4,3,6,43,1,1,1,18,0,0,0,2,1,0,1,8,1,1,0,3,0,0,0,1,0,0,1,3,0,1,0,2,0,0,0,1,0.0,0.0,30.0,6.0,38.2,1.4,0.3333333333333333,0.0,0.0,50.0,3.0,37.5,0.4,0.3125,0.0,0.0,80.0,8.0,39.2,0.8,0.25,1.0,2.0,200.0,0.024390243902439025,0.14634146341463414,5,10,36.9,8.0,1691,1362,1167,0.0,0.0,110.0,4.0,38.9,1.4,0.125,0.0,0.0,80.0,8.0,40.5,1.5,0.3333333333333333,0.5,0.2,56.0,21.0,16.0,15.0,478.0,0.0,0.0,0.0625,0.0,0.06666666666666667,-0.5999999999999993,0.0
617,202107030302,0,3,0,13,0,0,0,0,0,0,0,0,0,1,0,3,0,0,0,0,0,0,0,0,0,0,0,0,0,0,0,0,0,0,0,0,0.0,0.0,6.0,11.0,42.0,3.0,0.36363636363636365,0.0,0.0,14.0,13.0,38.4,3.1,0.7333333333333333,0.0,0.0,10.0,6.0,37.2,1.1,0.8,-2.5,17.0,0.0,0.13793103448275862,0.2413793103448276,6,11,3.4,2.0,1317,1365,1186,0.0,0.0,11.0,6.0,37.7,0.9,0.42857142857142855,0.0,0.0,6.0,8.0,37.1,1.8,0.42857142857142855,-1.3,0.0,56.0,-947.0,16.0,11.0,527.0,-0.09090909090909091,-0.13333333333333333,0.0,0.0,0.07142857142857142,1.0499999999999994,0.0
618,202107030302,0,0,2,29,0,0,0,5,0,0,0,0,0,0,0,8,0,0,0,2,0,0,0,0,0,0,0,6,0,0,0,0,0,0,0,0,0.0,0.0,20.0,80.0,39.8,1.8,0.2857142857142857,0.0,0.0,30.0,60.0,37.3,0.6,0.6428571428571429,0.0,0.0,20.0,90.0,39.2,2.1,0.125,5.0,17.0,200.0,0.13793103448275862,0.3103448275862069,2,4,3.8,3.0,1736,548,1482,0.0,0.0,30.0,50.0,39.3,0.8,0.3125,0.0,0.0,30.0,20.0,38.2,0.4,0.7333333333333333,-13.0,0.0,54.0,-1139.0,16.0,14.0,479.0,0.0,-0.21428571428571427,0.0,0.0,-0.13333333333333333,0.11999999999999886,0.0
619,202107030302,0,0,1,7,0,0,0,9,0,0,0,0,0,0,0,3,0,0,0,1,0,0,0,0,0,0,0,2,0,0,0,0,0,0,0,0,0.0,0.0,2.0,10.0,37.7,1.2,0.9166666666666666,0.0,0.0,6.0,6.0,39.1,1.0,0.5625,0.0,0.0,13.0,7.0,37.6,0.6,1.0,-1.5,9.0,480.0,0.0,0.0,2,3,20.9,6.0,1586,1021,1167,,,,,,,,,,,,,,,-1.5,0.0,56.0,-474.0,16.0,12.0,489.0,,-0.0625,0.0,,,0.05000000000000071,0.0
620,202107030302,12,4,5,37,9,5,5,48,0,0,0,2,6,3,0,8,2,1,1,17,0,0,0,1,4,1,0,3,1,0,0,8,0,0,0,1,0.0,0.0,110.0,140.0,41.5,3.7,0.6,0.0,0.0,100.0,50.0,37.4,0.6,1.0,0.0,0.0,140.0,90.0,37.8,0.8,0.8666666666666667,-25.0,4.0,-500.0,0.18181818181818182,0.5151515151515151,8,15,3.0,1.0,1520,1183,695,0.0,0.0,150.0,120.0,36.8,1.3,0.8125,0.0,0.0,130.0,100.0,37.6,1.7,0.7857142857142857,-1.0,0.0,56.0,-1197.0,16.0,15.0,508.0,0.06666666666666667,-0.4,-0.06666666666666667,0.0625,0.0,0.8399999999999999,0.0
621,202107030302,0,0,0,0,0,0,0,0,0,0,0,0,0,0,0,0,0,0,0,0,0,0,0,0,0,0,0,0,0,0,0,0,0,0,0,0,0.0,0.0,7.0,6.0,41.4,1.6,0.5833333333333334,0.0,0.0,11.0,8.0,40.4,1.7,0.125,0.0,0.0,6.0,16.0,36.6,2.4,0.9444444444444444,5.0,-8.0,0.0,0.15555555555555556,0.28888888888888886,3,6,48.1,11.0,204,617,4,,,,,,,,,,,,,,,5.0,0.0,54.0,-207.0,16.0,12.0,432.0,-0.08333333333333333,0.0,0.0,,,2.3999999999999986,0.0
622,202107030302,0,1,1,11,2,5,8,43,0,0,0,0,0,1,0,2,0,1,2,12,0,0,0,0,0,1,0,2,0,0,2,5,0,0,0,0,0.0,0.0,40.0,70.0,42.0,2.5,0.5714285714285714,0.0,0.0,160.0,100.0,38.8,1.6,0.5,0.0,0.0,150.0,90.0,39.9,1.9,0.5625,10.0,5.0,0.0,0.5,1.0,4,8,593.2,15.0,1191,1167,1235,0.0,0.0,120.0,100.0,36.8,2.3,0.9375,0.0,0.0,160.0,80.0,39.0,2.9,0.4375,2.0,0.0,53.0,-841.0,16.0,7.0,459.0,0.2857142857142857,-0.0625,0.0625,0.0,0.0,0.8,0.0
623,202107030302,0,2,1,6,0,0,0,2,0,0,0,1,0,1,1,4,0,0,0,1,0,0,0,0,0,1,0,4,0,0,0,0,0,0,0,0,0.0,0.0,3.0,9.0,36.9,1.2,0.8333333333333334,0.0,0.0,4.0,2.0,35.8,0.2,0.5,0.0,0.0,4.0,10.0,40.7,2.0,0.125,0.5,-4.0,400.0,0.03333333333333333,0.16666666666666666,7,13,10.7,4.0,1020,91,1576,0.0,0.0,6.0,14.0,40.9,1.9,0.125,0.0,0.0,2.0,6.0,38.6,1.8,0.25,0.6,0.2,54.0,-43.0,16.0,12.0,446.0,-0.08333333333333333,0.0,0.0,0.0,0.0,-0.8500000000000008,0.0
624,202107030302,2,4,2,21,0,0,0,0,0,0,0,0,0,0,0,3,0,0,0,0,0,0,0,0,0,0,0,0,0,0,0,0,0,0,0,0,0.0,0.0,2.0,7.0,42.2,1.3,0.5,0.0,0.0,16.0,13.0,37.1,0.8,0.1875,0.0,0.0,16.0,14.0,39.1,2.5,0.3125,3.5,7.0,0.0,0.022727272727272728,0.09090909090909091,6,12,373.9,12.0,1152,1335,1428,0.0,0.0,10.0,7.0,36.8,1.2,0.1,0.0,0.0,12.0,11.0,40.1,2.7,0.875,0.2,0.0,54.0,-373.0,16.0,8.0,405.0,0.125,0.0625,0.6875,0.0,-0.0625,0.45000000000000073,0.0
625,202107030302,0,2,0,5,5,6,1,67,0,0,0,0,0,1,0,2,1,0,0,18,0,0,0,0,0,0,0,2,0,0,0,5,0,0,0,0,0.0,0.0,7.0,3.0,40.4,0.7,0.25,0.0,0.0,12.0,11.0,40.6,3.1,0.5,0.0,0.0,10.0,9.0,35.0,0.6,0.8125,3.0,0.0,-100.0,0.0,0.13333333333333333,4,7,27.8,7.0,1098,1013,1294,0.0,0.0,7.0,12.0,40.4,2.7,0.8125,0.0,0.0,5.0,11.0,35.5,1.4,0.2777777777777778,1.7,0.2,54.0,-586.0,16.0,12.0,442.0,0.0,0.35714285714285715,-0.0625,-0.0625,-0.1111111111111111,1.0,0.0
626,202107030302,2,1,4,28,2,1,0,32,0,0,0,3,1,0,0,8,2,1,0,15,0,0,0,2,0,0,0,2,0,0,0,4,0,0,0,1,0.0,0.0,8.0,8.0,45.5,5.3,0.125,0.0,0.0,15.0,16.0,43.9,5.8,0.8125,0.0,0.0,16.0,13.0,39.7,2.7,0.9375,2.5,27.0,0.0,0.0,0.125,5,9,597.7,16.0,1348,1366,1221,0.0,0.0,14.0,14.0,41.8,4.7,0.4666666666666667,0.0,0.0,12.0,14.0,41.8,4.2,0.625,1.0,0.0,56.0,-482.0,16.0,8.0,525.0,0.875,0.125,0.0,0.26666666666666666,0.0,0.9500000000000007,0.0
627,202107030302,3,1,2,29,2,1,0,32,0,0,0,1,0,0,1,8,2,1,0,15,0,0,0,0,0,0,1,1,0,0,0,4,0,0,0,0,0.0,0.0,11.0,11.0,39.1,3.3,1.0,0.0,0.0,14.0,14.0,40.8,2.9,0.75,0.0,0.0,13.0,9.0,40.2,3.1,0.4,-1.0,20.0,-200.0,0.0,0.3333333333333333,7,14,545.4,14.0,1403,1366,939,0.0,0.0,14.0,12.0,40.3,4.0,0.9333333333333333,0.0,0.0,14.0,16.0,38.8,4.0,1.0,0.8,0.0,53.0,-1156.0,16.0,11.0,466.0,0.0,0.0625,-0.06666666666666667,0.0,0.0,0.11000000000000085,0.0
628,202107030302,6,4,3,42,1,1,2,6,0,0,0,0,1,2,0,9,0,0,1,2,0,0,0,0,0,0,0,3,0,0,0,0,0,0,0,0,0.0,0.0,9.0,13.0,38.2,2.0,0.625,0.0,0.0,13.0,11.0,35.2,1.5,1.0,0.0,0.0,11.0,10.0,37.5,1.3,0.9375,-1.5,-4.0,250.0,0.09259259259259259,0.2777777777777778,1,1,40.7,10.0,1167,1620,460,0.0,0.0,11.0,7.0,35.7,0.7,0.625,0.0,0.0,7.0,5.0,36.6,1.0,0.9090909090909091,-2.0,0.0,56.0,-1057.0,16.0,16.0,470.0,0.0,0.0,-0.125,-0.125,0.09090909090909091,0.2700000000000003,0.0
629,202107030302,0,0,1,2,0,0,1,5,0,0,0,0,0,0,0,0,0,0,0,2,0,0,0,0,0,0,0,0,0,0,0,0,0,0,0,0,0.0,0.0,13.0,16.0,40.6,3.6,0.9375,0.0,0.0,16.0,12.0,40.5,4.1,0.9375,0.0,0.0,16.0,13.0,40.5,3.9,0.8125,-1.5,12.0,0.0,0.14285714285714285,0.14285714285714285,8,16,471.5,13.0,1521,1242,1313,,,,,,,,,,,,,,,-1.5,0.0,56.0,0.0,16.0,16.0,490.0,0.0625,0.0,0.125,,,0.05000000000000071,0.0
630,202107030312,0,0,0,0,0,0,0,0,0,0,0,0,0,0,0,0,0,0,0,0,0,0,0,0,0,0,0,0,0,0,0,0,0,0,0,0,0.0,0.0,50.0,5.0,38.9,1.1,1.0,0.0,0.0,80.0,9.0,36.8,1.8,0.4375,0.0,0.0,90.0,6.0,37.6,0.7,0.6,0.5,-11.0,0.0,0.15625,0.5,8,15,2.3,1.0,171,187,882,0.0,0.0,80.0,10.0,37.5,0.9,0.7142857142857143,0.0,0.0,60.0,9.0,36.2,1.0,0.7857142857142857,0.9,0.0,57.0,-1168.0,16.0,9.0,505.0,0.0,-0.0625,0.3333333333333333,0.0,0.07142857142857142,0.46999999999999886,0.0
631,202107030312,3,3,4,34,1,0,0,1,1,0,0,1,2,0,1,11,0,0,0,0,0,0,0,0,1,0,0,1,0,0,0,0,0,0,0,0,0.0,0.0,60.0,11.0,39.3,1.4,0.3125,0.0,0.0,80.0,8.0,37.5,0.6,0.1875,0.0,0.0,130.0,7.0,37.5,0.5,0.0625,-2.0,-4.0,0.0,0.03125,0.15625,4,7,51.3,11.0,1393,580,1263,0.0,0.0,100.0,11.0,37.0,0.9,0.5714285714285714,0.0,0.0,100.0,15.0,37.8,2.0,0.4375,1.1,0.0,57.0,-350.0,16.0,16.0,456.0,0.125,0.0625,0.0,-0.07142857142857142,0.125,0.35,0.0
632,202107030312,2,0,3,19,5,7,5,56,0,0,0,0,0,0,1,4,2,1,3,19,0,0,0,0,0,0,0,0,0,0,0,0,0,0,0,0,0.0,0.0,16.0,12.0,34.7,0.9,0.5882352941176471,0.0,0.0,16.0,14.0,34.1,1.4,0.625,0.0,0.0,14.0,13.0,34.3,0.9,0.8571428571428571,0.5,0.0,0.0,0.0,0.0,3,6,42.3,9.0,1440,1556,1167,0.0,0.0,11.0,7.0,33.7,0.9,0.9166666666666666,0.0,0.0,10.0,9.0,35.5,1.2,0.7142857142857143,-1.3,0.0,55.0,-1051.0,16.0,17.0,484.0,0.0,0.0,0.07142857142857142,0.08333333333333333,0.07142857142857142,-0.11999999999999958,0.0
633,202107030312,3,5,4,21,0,0,0,1,0,0,0,1,1,1,1,8,0,0,0,1,0,0,0,1,0,0,0,2,0,0,0,1,0,0,0,1,0.0,0.0,4.0,5.0,13.9,1.1,0.7777777777777778,0.0,0.0,4.0,7.0,13.4,4.9,0.7777777777777778,0.0,0.0,5.0,6.0,13.7,4.5,0.6666666666666666,0.5,2.0,-1350.0,0.0,0.0,8,16,37.1,8.0,1605,1508,1,0.0,0.0,4.0,6.0,13.6,2.8,0.3333333333333333,0.0,0.0,3.0,4.0,13.6,1.5,0.36363636363636365,-0.3,0.0,57.0,-1275.0,16.0,9.0,498.0,-0.3333333333333333,0.0,0.0,0.0,0.09090909090909091,0.040000000000000216,0.0
634,202107030312,10,6,4,39,2,0,1,15,1,0,0,0,5,3,2,15,0,0,0,5,0,0,0,0,0,0,0,2,0,0,0,0,0,0,0,0,0.0,0.0,14.0,14.0,35.3,1.9,0.8571428571428571,0.0,0.0,8.0,5.0,34.4,1.0,1.0,0.0,0.0,11.0,12.0,37.3,2.3,0.8125,-1.0,-2.0,-200.0,0.21428571428571427,0.4642857142857143,1,2,3.4,2.0,1716,1503,1167,0.0,0.0,14.0,11.0,37.2,1.0,0.75,0.0,0.0,10.0,4.0,36.3,0.8,0.8571428571428571,-1.4,0.0,57.0,-645.0,16.0,14.0,504.0,-0.14285714285714285,0.0,0.0,-0.125,0.0,-0.4800000000000004,0.0
635,202107030312,5,9,7,47,4,6,9,67,0,0,1,5,3,3,3,19,1,1,2,15,0,0,1,2,0,1,1,2,0,0,1,3,0,0,1,1,0.0,0.0,,,,,,0.0,0.0,160.0,14.0,36.7,1.5,0.875,0.0,0.0,130.0,13.0,38.1,2.7,1.0,-1.0,-11.0,0.0,0.14285714285714285,0.32142857142857145,7,13,11.6,5.0,1172,1558,1556,0.0,0.0,100.0,11.0,38.8,3.0,0.8181818181818182,0.0,0.0,150.0,15.0,37.8,1.8,0.75,0.1,0.0,57.0,-1087.0,16.0,7.0,451.0,,0.0,0.0,0.0,-0.0625,-0.39999999999999786,0.0
636,202107030312,6,11,8,58,0,0,0,1,0,0,0,1,1,2,3,24,0,0,0,1,0,0,0,1,0,0,0,0,0,0,0,0,0,0,0,0,0.0,0.0,10.0,1.0,37.2,0.0,0.2,0.0,0.0,10.0,4.0,38.5,0.4,0.3333333333333333,0.0,0.0,50.0,2.0,37.4,0.3,0.23076923076923078,0.5,-8.0,0.0,0.0,0.058823529411764705,2,4,7.4,3.0,1221,881,1263,0.0,0.0,40.0,6.0,38.6,0.5,0.0625,0.0,0.0,10.0,8.0,37.0,0.8,0.25,1.6,0.4,57.0,48.0,16.0,15.0,452.0,-0.06666666666666667,-0.2,0.07692307692307693,0.0,-0.0625,0.030000000000000426,0.0
637,202107030312,2,4,2,21,2,5,8,43,0,0,0,0,0,0,0,3,0,1,2,12,0,0,0,0,0,0,0,0,0,0,0,1,0,0,0,0,0.0,0.0,,,,,,0.0,0.0,80.0,12.0,38.9,1.5,0.625,0.0,0.0,50.0,14.0,37.9,2.0,0.4375,2.0,,-400.0,0.09433962264150944,0.2830188679245283,2,3,46.9,10.0,1152,1167,1428,0.0,0.0,90.0,6.0,37.4,1.0,0.15384615384615385,0.0,0.0,110.0,6.0,37.6,0.9,0.13333333333333333,-2.6,0.0,55.0,-381.0,16.0,6.0,,,-0.0625,0.0625,0.0,-0.06666666666666667,0.43999999999999917,0.0
638,202107030312,0,1,0,4,4,6,3,23,0,0,0,0,0,0,0,2,0,1,2,6,0,0,0,0,0,0,0,0,0,0,0,0,0,0,0,0,0.0,0.0,12.0,4.0,37.0,1.2,0.5625,0.0,0.0,10.0,10.0,36.0,1.6,0.9333333333333333,0.0,0.0,14.0,8.0,36.2,1.1,0.8666666666666667,2.0,2.0,200.0,0.034482758620689655,0.1724137931034483,6,11,100.4,13.0,1319,1039,334,0.0,0.0,13.0,9.0,37.1,1.2,0.5,0.0,0.0,14.0,12.0,38.5,1.3,0.5,1.5,0.0,55.0,-189.0,16.0,16.0,484.0,0.0,0.0,0.0,0.125,0.0,-0.41000000000000014,0.0
639,202107030312,3,3,4,31,4,6,3,23,0,0,0,2,0,0,1,5,0,1,2,6,0,0,0,0,0,0,0,0,0,0,0,0,0,0,0,0,0.0,0.0,6.0,10.0,13.6,4.6,0.36363636363636365,0.0,0.0,5.0,7.0,13.3,3.0,0.09090909090909091,0.0,0.0,8.0,6.0,13.5,1.6,0.2,-2.0,2.0,-1350.0,0.05263157894736842,0.15789473684210525,6,12,71.6,12.0,1428,1039,1263,0.0,0.0,7.0,6.0,14.2,4.6,0.875,0.0,0.0,12.0,10.0,37.8,1.4,0.1875,-0.1,0.0,57.0,-183.0,16.0,11.0,486.0,0.6363636363636364,0.09090909090909091,0.1,-0.125,0.125,-4.929999999999998,0.0
640,202107030312,1,1,2,12,3,1,0,12,0,0,0,0,1,0,1,5,1,0,0,7,0,0,0,0,0,0,1,0,0,0,0,0,0,0,0,0,0.0,0.0,9.0,7.0,38.2,1.2,0.9333333333333333,0.0,0.0,9.0,7.0,38.2,1.0,0.9230769230769231,0.0,0.0,11.0,2.0,36.7,0.1,0.6666666666666666,-2.5,-2.0,-400.0,0.025,0.15,4,8,21.3,6.0,1734,1032,1104,0.0,0.0,12.0,10.0,38.4,1.3,0.6923076923076923,0.0,0.0,9.0,8.0,37.8,0.7,0.9,0.5,0.2,57.0,-574.0,16.0,15.0,472.0,0.0,-0.07692307692307693,-0.06666666666666667,0.15384615384615385,0.0,0.060000000000001566,0.0
641,202107030312,0,0,0,2,1,1,1,18,0,0,0,1,0,0,0,0,1,1,0,3,0,0,0,0,0,0,0,0,0,0,0,0,0,0,0,0,0.0,0.0,120.0,12.0,40.3,3.0,0.8461538461538461,0.0,0.0,90.0,6.0,40.3,2.5,0.7,0.0,0.0,11.0,9.0,38.0,2.5,0.6153846153846154,-1.5,0.0,-400.0,0.0,0.0,5,10,35.2,7.0,1452,1362,1559,0.0,0.0,11.0,7.0,39.3,1.4,0.9375,0.0,0.0,13.0,3.0,37.7,0.1,0.8125,-1.7,0.2,57.0,-1288.0,16.0,13.0,478.0,-0.23076923076923078,-0.4,0.15384615384615385,-0.3125,-0.75,0.6199999999999989,0.0
642,202107030312,0,2,1,12,4,6,9,67,0,0,0,2,0,0,0,5,1,1,2,15,0,0,0,1,0,0,0,0,0,0,1,3,0,0,0,0,0.0,0.0,12.0,14.0,41.3,4.7,0.9285714285714286,0.0,0.0,8.0,8.0,40.1,2.2,0.8888888888888888,0.0,0.0,9.0,8.0,35.5,2.3,1.0,-3.0,-8.0,-400.0,0.023255813953488372,0.09302325581395349,7,14,193.4,14.0,1453,1558,1428,0.0,0.0,7.0,7.0,36.3,2.5,0.7142857142857143,0.0,0.0,9.0,9.0,35.5,3.0,1.0,-1.1,0.0,57.0,-729.0,16.0,14.0,496.0,-0.07142857142857142,-0.1111111111111111,0.0,0.2857142857142857,0.0,1.5399999999999998,0.0
643,202107030312,0,0,2,29,1,0,1,25,0,0,0,3,0,0,0,8,1,0,0,7,0,0,0,1,0,0,0,1,0,0,0,1,0,0,0,1,0.0,0.0,100.0,8.0,41.6,3.1,0.8,0.0,0.0,40.0,12.0,13.7,5.9,0.07142857142857142,0.0,0.0,10.0,5.0,13.4,0.8,0.6153846153846154,-1.5,6.0,-200.0,0.0,0.0,5,9,317.2,16.0,1736,1170,1482,0.0,0.0,20.0,5.0,13.7,1.4,0.16666666666666666,0.0,0.0,20.0,4.0,13.3,2.8,0.3,-1.5,0.0,57.0,-1170.0,16.0,10.0,526.0,0.0,0.2857142857142857,-0.15384615384615385,0.25,0.1,5.66,0.0
644,202107030312,0,2,3,24,9,5,5,48,0,0,0,1,0,0,2,6,2,1,1,17,0,0,0,0,0,0,0,1,0,1,1,1,0,0,0,0,0.0,0.0,16.0,14.0,36.7,2.4,0.6875,0.0,0.0,15.0,13.0,36.9,1.4,0.9333333333333333,0.0,0.0,15.0,15.0,37.7,2.3,0.875,0.5,4.0,200.0,0.0,0.14285714285714285,1,1,305.8,15.0,1482,1183,1263,0.0,0.0,8.0,12.0,41.8,1.6,0.3333333333333333,0.0,0.0,12.0,14.0,37.6,1.9,0.4375,-0.1,0.0,57.0,-483.0,16.0,16.0,492.0,-0.0625,0.06666666666666667,0.0625,0.3333333333333333,0.0625,-0.6699999999999996,0.0
645,202107030312,1,0,0,2,0,0,0,0,0,0,0,0,0,0,0,0,0,0,0,0,0,0,0,0,0,0,0,0,0,0,0,0,0,0,0,0,0.0,0.0,12.0,6.0,38.0,0.6,1.0,0.0,0.0,14.0,13.0,33.7,0.6,0.7777777777777778,0.0,0.0,9.0,5.0,34.7,0.1,0.4444444444444444,-0.5,1.0,0.0,0.05714285714285714,0.2571428571428571,3,5,9.2,4.0,941,499,420,0.0,0.0,6.0,16.0,35.3,1.7,0.6875,0.0,0.0,1.0,1.0,33.6,0.0,0.25,-0.7,0.2,57.0,-1118.0,16.0,16.0,495.0,-0.125,-0.05555555555555555,0.0,0.0625,-0.08333333333333333,0.7200000000000003,0.0
646,202107030401,0,2,0,27,0,0,0,7,0,0,0,1,0,1,0,10,0,0,0,2,0,0,0,1,0,0,0,4,0,0,0,0,0,0,0,0,0.0,0.0,100.0,10.0,37.2,0.6,0.26666666666666666,0.0,0.0,15.0,8.0,36.7,0.8,0.1875,0.0,0.0,12.0,8.0,37.1,1.5,0.6875,-1.0,0.0,0.0,0.08928571428571429,0.2857142857142857,6,11,1.2,1.0,1431,1079,1428,0.0,0.0,15.0,4.0,36.8,0.8,0.625,0.0,0.0,10.0,9.0,38.2,1.1,0.25,-0.6,0.0,54.0,-1267.0,15.0,15.0,476.0,0.0,0.0625,-0.0625,-0.1875,-0.0625,-0.20999999999999944,0.0
647,202107030401,10,6,4,39,9,2,7,87,0,0,1,5,5,3,2,15,0,0,2,23,0,0,1,3,2,0,0,3,0,0,0,9,0,0,0,1,0.0,0.0,10.0,10.0,37.4,1.1,0.3076923076923077,0.0,0.0,11.0,11.0,36.4,1.7,0.35714285714285715,0.0,0.0,11.0,5.0,37.9,1.9,0.125,-2.5,2.0,200.0,0.0,0.3,5,8,31.8,7.0,1716,1263,1167,0.0,0.0,10.0,15.0,37.3,2.3,0.7333333333333333,0.0,0.0,8.0,12.0,35.9,1.2,0.75,0.8,0.0,51.0,-875.0,15.0,13.0,450.0,0.07692307692307693,0.21428571428571427,0.0,0.0,0.0625,0.21000000000000013,0.0
648,202107030401,0,0,0,2,5,6,1,67,0,0,0,0,0,0,0,1,1,0,0,18,0,0,0,0,0,0,0,1,0,0,0,5,0,0,0,0,0.0,0.0,3.0,2.0,36.5,0.0,1.0,0.0,0.0,2.0,2.0,38.1,0.1,0.9230769230769231,0.0,0.0,11.0,2.0,36.1,0.3,0.875,0.0,2.0,-400.0,0.021739130434782608,0.08695652173913043,2,2,14.4,4.0,1401,1013,517,0.0,0.0,5.0,6.0,37.6,0.7,0.5625,0.0,0.0,8.0,4.0,37.8,0.5,0.9333333333333333,0.8,0.6,54.0,-601.0,15.0,15.0,426.0,-0.26666666666666666,-0.15384615384615385,-0.125,-0.0625,-0.13333333333333333,-0.20999999999999944,0.0
649,202107030401,1,0,0,1,0,1,1,7,0,0,0,0,0,0,0,0,0,0,0,2,0,0,0,0,0,0,0,0,0,0,0,0,0,0,0,0,0.0,0.0,11.0,8.0,36.3,0.5,0.05555555555555555,0.0,0.0,6.0,4.0,38.6,1.1,0.13333333333333333,0.0,0.0,5.0,11.0,41.0,3.2,0.4375,1.5,-4.0,0.0,0.14893617021276595,0.2765957446808511,5,9,28.7,6.0,1463,334,1167,,,,,,,,,,,,,,,1.5,0.0,54.0,-13.0,15.0,18.0,452.0,0.0,0.0,0.0625,,,-2.3500000000000014,0.0
650,202107030401,3,3,4,31,2,1,0,32,0,0,0,0,0,0,1,5,2,1,0,15,0,0,0,0,0,0,1,1,0,0,0,4,0,0,0,0,0.0,0.0,3.0,10.0,39.6,3.1,1.0,0.0,0.0,1.0,5.0,38.9,0.7,0.375,0.0,0.0,1.0,3.0,38.3,0.4,0.125,-3.5,10.0,-100.0,0.03333333333333333,0.13333333333333333,7,13,11.1,3.0,1428,1366,1263,0.0,0.0,3.0,5.0,38.1,1.2,0.5333333333333333,0.0,0.0,6.0,4.0,37.6,0.7,0.125,-1.2,0.2,53.0,-407.0,15.0,11.0,452.0,-0.09090909090909091,-0.125,0.0,0.0,0.0,0.4799999999999997,0.0
651,202107030401,0,1,2,8,2,5,8,43,0,0,0,0,0,1,2,4,0,1,2,12,0,0,0,0,0,0,0,1,0,0,2,5,0,0,0,0,0.0,0.0,3.0,8.0,42.3,2.7,0.16666666666666666,0.0,0.0,2.0,10.0,41.0,2.5,0.26666666666666666,0.0,0.0,2.0,6.0,38.7,1.3,0.13333333333333333,-1.0,2.0,0.0,0.037037037037037035,0.2962962962962963,8,15,9.4,2.0,1396,1167,1556,0.0,0.0,4.0,3.0,37.4,0.7,0.25,0.0,0.0,2.0,5.0,39.2,1.0,0.1875,-1.3,0.2,54.0,-158.0,15.0,12.0,494.0,0.4166666666666667,-0.06666666666666667,0.06666666666666667,0.0625,0.0625,0.979999999999999,0.0
652,202107030401,0,0,0,0,0,5,2,41,0,0,0,0,0,0,0,0,0,1,0,9,0,0,0,0,0,0,0,0,0,0,0,3,0,0,0,0,0.0,0.0,10.0,6.0,14.2,6.5,0.4,0.0,0.0,16.0,14.0,37.6,2.8,1.0,0.0,0.0,8.0,7.0,14.2,12.4,0.7777777777777778,0.5,10.0,-1510.0,0.058823529411764705,0.23529411764705882,2,3,20.5,5.0,1181,1235,1376,0.0,0.0,10.0,10.0,34.8,0.9,0.3,0.0,0.0,7.0,12.0,43.6,3.1,0.16666666666666666,0.8,0.0,54.0,-874.0,15.0,10.0,466.0,0.2,0.0,-0.1111111111111111,0.0,0.5833333333333334,-5.6,0.0
653,202107030401,0,0,0,2,2,5,8,43,0,0,0,2,0,0,0,1,0,1,2,12,0,0,0,1,0,0,0,1,0,0,2,5,0,0,0,1,0.0,0.0,110.0,50.0,38.3,0.4,0.7857142857142857,0.0,0.0,30.0,60.0,37.8,0.9,0.4,0.0,0.0,90.0,50.0,36.5,0.5,0.7142857142857143,0.0,12.0,200.0,0.08108108108108109,0.2702702702702703,7,12,106.5,9.0,1401,1167,517,0.0,0.0,90.0,80.0,39.1,1.7,0.13333333333333333,0.0,0.0,70.0,70.0,38.3,1.6,0.5625,6.0,0.0,54.0,-871.0,15.0,14.0,438.0,-0.21428571428571427,0.06666666666666667,0.0,0.13333333333333333,-0.0625,-0.13000000000000042,0.0
654,202107030401,0,2,0,27,2,1,0,32,0,0,0,0,0,1,0,10,2,1,0,15,0,0,0,0,0,0,0,4,0,0,0,4,0,0,0,0,0.0,0.0,1.0,1.0,38.3,0.0,0.14285714285714285,0.0,0.0,8.0,9.0,39.3,2.2,0.4666666666666667,0.0,0.0,6.0,14.0,42.5,3.4,0.125,6.5,-6.0,600.0,0.0,0.0,4,7,47.9,8.0,1431,1366,1428,0.0,0.0,6.0,6.0,39.1,1.9,0.38461538461538464,0.0,0.0,7.0,12.0,40.2,2.1,0.0625,1.9,0.2,51.0,-409.0,15.0,7.0,496.0,,0.0,0.0,0.07692307692307693,0.0,-0.36000000000000154,0.0
655,202107030401,1,0,1,5,9,5,5,48,0,0,0,0,0,0,0,2,2,1,1,17,0,0,0,0,0,0,0,2,1,0,0,8,0,0,0,0,0.0,0.0,70.0,50.0,39.1,0.8,0.8,0.0,0.0,140.0,100.0,39.5,2.8,0.6666666666666666,0.0,0.0,90.0,110.0,39.6,1.3,0.4666666666666667,30.0,5.0,-200.0,0.3333333333333333,0.6666666666666666,4,6,198.9,14.0,1426,1183,306,0.0,0.0,100.0,130.0,39.7,4.0,0.9375,0.0,0.0,40.0,60.0,38.1,2.0,0.625,5.0,0.0,51.0,-504.0,15.0,10.0,481.0,-0.2,0.0,0.26666666666666666,0.0,0.0,0.17999999999999972,0.0
656,202107030401,0,0,0,2,3,4,3,30,0,0,0,0,0,0,0,1,1,1,1,10,0,0,0,0,0,0,0,1,0,0,0,5,0,0,0,0,0.0,0.0,1.0,6.0,37.9,1.3,0.2,0.0,0.0,9.0,9.0,34.7,1.1,0.2222222222222222,0.0,0.0,18.0,5.0,35.1,0.3,0.16666666666666666,-0.5,13.0,480.0,0.0,0.0,3,5,134.5,11.0,1401,1618,517,0.0,0.0,15.0,14.0,43.8,5.0,0.125,0.0,0.0,11.0,11.0,39.1,2.9,0.8666666666666667,1.5,0.0,51.0,-584.0,15.0,10.0,463.0,,0.05555555555555555,0.1111111111111111,0.5625,0.0,-1.15,0.0
657,202107030401,0,2,0,8,4,1,1,14,0,0,0,0,0,1,0,1,2,1,0,3,0,0,0,0,0,0,0,1,1,0,0,1,0,0,0,0,0.0,0.0,120.0,10.0,39.5,2.5,1.0,0.0,0.0,110.0,11.0,36.3,1.2,0.1111111111111111,0.0,0.0,120.0,12.0,40.2,3.2,0.5333333333333333,1.0,25.0,100.0,0.07142857142857142,0.07142857142857142,8,14,154.0,12.0,1677,1393,1167,0.0,0.0,90.0,10.0,40.6,3.1,0.15384615384615385,,,,,,,,0.1,0.0,54.0,-924.0,15.0,12.0,493.0,0.0,0.0,0.0,0.0,,-0.720000000000001,0.0
658,202107030401,0,2,1,6,0,0,0,4,0,0,0,0,0,1,1,4,0,0,0,2,0,0,0,0,0,1,0,4,0,0,0,2,0,0,0,0,0.0,0.0,12.0,9.0,39.3,1.9,0.9166666666666666,0.0,0.0,14.0,16.0,39.0,3.1,0.5,0.0,0.0,10.0,15.0,40.2,4.0,0.7333333333333333,3.0,-16.0,-100.0,0.05555555555555555,0.25,1,1,126.4,10.0,1020,1642,1576,0.0,0.0,8.0,8.0,35.5,1.6,0.7142857142857143,0.0,0.0,6.0,4.0,36.5,0.7,0.6923076923076923,-1.8,0.0,54.0,-1167.0,15.0,12.0,474.0,-0.16666666666666666,0.125,-0.06666666666666667,0.0,-0.07692307692307693,0.9099999999999995,0.0
659,202107030401,10,6,4,39,5,7,5,56,0,0,1,1,5,3,2,15,2,1,3,19,0,0,1,1,2,0,0,3,1,0,2,6,0,0,0,0,0.0,0.0,7.0,8.0,40.0,4.3,1.0,0.0,0.0,15.0,14.0,40.4,3.7,0.6666666666666666,0.0,0.0,12.0,12.0,37.9,1.9,0.75,2.0,10.0,-100.0,0.2,0.36,3,4,324.4,15.0,1716,1556,1167,0.0,0.0,5.0,15.0,36.5,3.2,0.9375,,,,,,,,1.9,0.0,54.0,-420.0,15.0,8.0,420.0,0.0,0.13333333333333333,-0.125,0.0,,1.3,0.0
660,202107030401,2,1,0,13,0,0,0,0,0,0,0,0,1,1,0,5,0,0,0,0,0,0,0,0,1,1,0,3,0,0,0,0,0,0,0,0,0.0,0.0,13.0,15.0,40.0,3.8,0.8666666666666667,0.0,0.0,13.0,13.0,37.6,2.5,0.8125,0.0,0.0,8.0,7.0,44.1,4.6,0.875,-4.0,-8.0,0.0,0.13333333333333333,0.23333333333333334,6,10,193.3,13.0,1200,1478,324,0.0,0.0,15.0,16.0,35.9,1.9,0.5625,0.0,0.0,15.0,10.0,35.5,1.5,0.625,-0.7,0.0,54.0,0.0,15.0,15.0,436.0,0.0,0.0,-0.125,-0.1875,0.0625,1.0700000000000003,0.0
661,202107030411,2,1,0,16,0,1,0,13,0,0,0,0,1,0,0,6,0,1,0,6,0,0,0,0,0,0,0,0,0,0,0,1,0,0,0,0,0.0,0.0,2.0,4.0,40.1,1.5,0.6,0.0,0.0,16.0,13.0,37.5,1.7,0.9375,0.0,0.0,16.0,13.0,35.2,1.1,1.0,4.5,-4.0,-200.0,0.018867924528301886,0.2830188679245283,4,8,16.6,7.0,1645,1618,1366,0.0,0.0,17.0,14.0,33.7,1.2,1.0,0.0,0.0,13.0,10.0,35.0,1.1,0.8461538461538461,1.3,0.0,54.0,-1219.0,16.0,10.0,506.0,0.1,0.0625,0.0,0.0,0.0,1.4,0.0
662,202107030411,0,5,0,16,0,3,0,22,0,1,0,0,0,2,0,8,0,2,0,8,0,1,0,0,0,0,0,3,0,0,0,0,0,0,0,0,0.0,0.0,4.0,10.0,39.9,2.0,0.5833333333333334,0.0,0.0,12.0,13.0,36.6,1.6,0.6923076923076923,0.0,0.0,15.0,11.0,37.3,1.0,0.75,0.5,11.0,100.0,0.09090909090909091,0.2727272727272727,2,4,2.9,1.0,1278,1559,625,0.0,0.0,9.0,14.0,37.8,1.8,0.42857142857142855,0.0,0.0,8.0,14.0,37.5,2.0,0.75,0.9,0.0,56.0,-1162.0,16.0,12.0,493.0,0.25,0.15384615384615385,0.125,0.5,0.125,0.36000000000000015,0.0
663,202107030411,2,4,3,12,1,2,2,22,0,0,0,2,1,1,3,5,0,1,2,7,0,0,0,1,0,1,0,1,0,0,1,1,0,0,0,0,0.0,0.0,1.0,1.0,38.7,0.0,0.2222222222222222,0.0,0.0,13.0,8.0,37.5,0.9,0.13333333333333333,0.0,0.0,8.0,13.0,38.7,1.4,0.06666666666666667,6.0,-1.0,0.0,0.0,0.0,1,2,8.8,3.0,1716,1556,1167,0.0,0.0,12.0,12.0,37.1,1.2,0.46153846153846156,0.0,0.0,7.0,12.0,39.4,2.0,0.07692307692307693,2.6,0.2,54.0,-1239.0,16.0,9.0,497.0,-0.1111111111111111,0.0,0.0,0.07692307692307693,0.0,-0.09999999999999928,0.0
664,202107030411,0,0,0,3,0,0,0,0,0,0,0,0,0,0,0,1,0,0,0,0,0,0,0,0,0,0,0,1,0,0,0,0,0,0,0,0,0.0,0.0,13.0,10.0,37.7,2.9,0.7142857142857143,0.0,0.0,16.0,15.0,36.5,1.5,0.875,0.0,0.0,14.0,15.0,41.1,4.7,0.5333333333333333,2.5,-19.0,400.0,0.05,0.15,5,10,37.8,11.0,1611,1047,1263,0.0,0.0,14.0,16.0,39.0,2.0,0.25,0.0,0.0,5.0,12.0,38.3,1.5,0.125,0.5,0.0,53.0,-1159.0,16.0,14.0,511.0,0.07142857142857142,0.0625,0.06666666666666667,0.1875,-0.0625,-0.3699999999999989,0.0
665,202107030411,2,4,3,12,1,1,0,4,0,1,0,0,1,1,3,5,0,1,0,2,0,1,0,0,0,1,0,1,0,1,0,0,0,1,0,0,0.0,0.0,3.0,,,,1.0,0.0,0.0,16.0,14.0,34.0,1.1,0.8333333333333334,0.0,0.0,12.0,11.0,36.4,1.3,0.875,-3.0,29.0,-200.0,0.0,0.125,6,11,44.7,13.0,1716,1542,1167,0.0,0.0,15.0,3.0,35.7,0.4,0.6875,0.0,0.0,7.0,11.0,38.3,3.0,0.75,-1.7,0.25,57.0,-697.0,16.0,9.0,539.0,0.0,0.1111111111111111,-0.125,-0.25,0.0,-1.2199999999999995,0.0
666,202107030411,1,2,0,13,0,0,0,3,0,0,0,0,0,1,0,6,0,0,0,1,0,0,0,0,0,0,0,0,0,0,0,0,0,0,0,0,0.0,0.0,90.0,7.0,37.3,1.4,0.5555555555555556,0.0,0.0,110.0,15.0,39.6,3.1,0.625,0.0,0.0,40.0,4.0,36.8,0.4,0.14285714285714285,-1.5,0.0,200.0,0.0,0.0625,6,12,4.5,2.0,1110,577,938,0.0,0.0,40.0,1.0,37.3,0.0,0.375,0.0,0.0,30.0,1.0,35.9,0.0,0.375,-2.6,0.4,57.0,-1158.0,16.0,9.0,506.0,0.1111111111111111,0.0,-0.07142857142857142,0.0,-0.1875,0.5100000000000001,0.0
667,202107030411,1,2,0,13,1,0,1,11,0,0,0,0,0,1,0,6,1,0,1,5,0,0,0,0,0,0,0,0,0,0,1,1,0,0,0,0,0.0,0.0,14.0,4.0,36.3,0.1,0.9375,0.0,0.0,14.0,4.0,35.9,1.1,0.8,0.0,0.0,15.0,10.0,38.7,1.7,0.5333333333333333,3.0,22.0,0.0,0.15217391304347827,0.2826086956521739,4,7,53.8,15.0,1110,1366,938,0.0,0.0,18.0,14.0,34.4,1.1,0.6666666666666666,0.0,0.0,15.0,7.0,36.6,0.8,0.875,1.5999999999999999,0.0,55.0,-203.0,16.0,16.0,514.0,0.0,-0.06666666666666667,-0.13333333333333333,0.0,0.0,0.08999999999999915,0.0
668,202107030411,0,5,0,16,1,0,0,4,0,0,0,2,0,2,0,8,1,0,0,3,0,0,0,2,0,0,0,3,0,0,0,2,0,0,0,2,0.0,0.0,1.0,1.0,39.1,0.0,0.1111111111111111,0.0,0.0,14.0,14.0,35.9,1.6,0.9375,0.0,0.0,15.0,11.0,36.4,1.6,0.75,5.0,-11.0,0.0,0.03225806451612903,0.16129032258064516,8,16,51.9,14.0,1278,1511,625,0.0,0.0,12.0,15.0,39.5,2.5,0.3333333333333333,0.0,0.0,11.0,8.0,36.1,1.0,0.8125,1.5,0.2,56.0,-1113.0,16.0,9.0,481.0,0.0,0.0,0.125,0.13333333333333333,0.125,0.23999999999999985,0.0
669,202107030411,1,2,0,1,1,1,0,1,0,1,0,0,1,0,0,0,0,0,0,0,0,0,0,0,0,0,0,0,0,0,0,0,0,0,0,0,0.0,0.0,8.0,5.0,36.0,0.1,0.9375,0.0,0.0,12.0,6.0,35.7,0.5,0.8666666666666667,0.0,0.0,5.0,9.0,36.6,0.8,0.875,2.0,-2.0,200.0,0.022222222222222223,0.08888888888888889,8,15,11.9,5.0,1335,779,516,0.0,0.0,3.0,6.0,35.4,1.0,0.7333333333333333,0.0,0.0,8.0,7.0,35.5,0.6,0.8125,0.4,0.0,56.0,-132.0,16.0,16.0,462.0,-0.0625,0.0,0.0,-0.13333333333333333,-0.0625,0.13000000000000042,0.0
670,202107030411,0,0,1,8,0,0,0,4,0,0,0,0,0,0,0,3,0,0,0,2,0,0,0,0,0,0,0,0,0,0,0,0,0,0,0,0,0.0,0.0,16.0,9.0,36.1,1.1,1.0,0.0,0.0,13.0,11.0,36.5,0.9,0.875,0.0,0.0,16.0,13.0,36.2,1.3,0.9375,2.0,-8.0,200.0,0.08695652173913043,0.34782608695652173,3,5,42.1,12.0,1665,1199,1577,0.0,0.0,12.0,10.0,36.7,0.9,0.875,0.0,0.0,13.0,4.0,35.8,0.4,0.8666666666666667,-1.1,0.0,56.0,-336.0,16.0,16.0,492.0,0.0,0.0,0.0625,0.0,-0.06666666666666667,0.04000000000000057,0.0
671,202107030411,1,2,2,14,0,0,0,3,0,0,0,1,0,1,0,7,0,0,0,2,0,0,0,1,0,0,0,0,0,0,0,0,0,0,0,0,0.0,0.0,,,,,,0.0,0.0,60.0,10.0,13.7,2.3,0.5,0.0,0.0,20.0,6.0,13.6,2.7,0.36363636363636365,-4.0,,0.0,0.0,0.0,5,9,24.5,10.0,1183,1620,1558,0.0,0.0,30.0,1.0,13.5,0.0,0.25,0.0,0.0,10.0,4.0,13.3,0.9,0.18181818181818182,-2.3,0.25,54.0,-651.0,16.0,15.0,,,0.07142857142857142,0.09090909090909091,-0.125,0.0,0.12999999999999953,0.0
672,202107030411,2,3,0,19,0,1,0,5,0,1,0,0,2,1,0,10,0,1,0,2,0,1,0,0,1,1,0,3,0,1,0,1,0,1,0,0,0.0,0.0,1.0,3.0,35.0,0.5,0.75,0.0,0.0,1.0,3.0,34.9,0.7,0.6875,0.0,0.0,4.0,7.0,35.4,0.6,0.75,2.0,8.0,200.0,0.034482758620689655,0.13793103448275862,7,13,18.3,8.0,1393,225,1263,0.0,0.0,2.0,1.0,35.6,0.0,0.75,0.0,0.0,4.0,4.0,36.1,0.1,0.6875,0.0,0.6,55.0,-510.0,16.0,16.0,514.0,0.0,-0.0625,0.0,-0.1875,0.0,-0.2900000000000006,0.0
673,202107030411,3,4,3,27,1,0,0,5,0,0,0,0,0,2,2,12,1,0,0,3,0,0,0,0,0,1,0,2,0,0,0,0,0,0,0,0,0.0,0.0,13.0,16.0,45.6,9.4,0.375,0.0,0.0,14.0,9.0,36.9,0.8,0.875,0.0,0.0,10.0,7.0,36.3,1.1,0.625,-4.5,-14.0,200.0,0.07407407407407407,0.07407407407407407,2,3,20.0,9.0,1221,1108,1263,0.0,0.0,16.0,7.0,35.8,0.9,0.875,0.0,0.0,15.0,15.0,38.9,2.8,0.1875,-0.4,0.0,54.0,-737.0,16.0,16.0,466.0,0.0625,0.0,0.0,0.0625,0.0625,1.4500000000000006,0.0
674,202107030411,2,1,1,10,1,2,1,17,0,0,0,0,0,0,1,5,1,0,0,5,0,0,0,0,0,0,0,0,0,0,0,1,0,0,0,0,0.0,0.0,90.0,100.0,41.9,1.9,0.5,0.0,0.0,130.0,120.0,36.1,1.2,0.25,0.0,0.0,110.0,80.0,37.5,1.2,0.2727272727272727,-10.0,10.0,170.0,0.20833333333333334,0.375,1,1,69.6,16.0,1482,1235,1263,0.0,0.0,170.0,150.0,34.5,2.1,1.0,0.0,0.0,160.0,130.0,37.5,1.7,0.625,9.0,0.0,54.0,-1153.0,16.0,10.0,480.0,0.2,0.0625,0.18181818181818182,0.0,-0.1875,1.0399999999999998,0.0
675,202107030411,2,4,3,12,0,0,0,0,0,0,0,0,1,1,3,5,0,0,0,0,0,0,0,0,0,1,0,1,0,0,0,0,0,0,0,0,0.0,0.0,110.0,12.0,42.0,5.2,0.25,0.0,0.0,80.0,13.0,36.8,1.8,1.0,0.0,0.0,120.0,14.0,39.8,3.1,0.06666666666666667,1.0,-12.0,200.0,0.13333333333333333,0.13333333333333333,3,6,13.1,6.0,1716,612,1167,0.0,0.0,,,,,,0.0,0.0,110.0,15.0,39.5,3.6,0.25,1.0,0.0,55.0,-800.0,16.0,12.0,512.0,0.6666666666666666,0.0,0.3333333333333333,,0.0625,0.45,0.0
676,202107030411,0,5,0,16,0,1,0,0,0,0,0,0,0,2,0,8,0,0,0,0,0,0,0,0,0,0,0,3,0,0,0,0,0,0,0,0,0.0,0.0,2.0,1.0,36.6,0.0,0.45454545454545453,0.0,0.0,6.0,5.0,37.9,1.2,1.0,0.0,0.0,8.0,13.0,39.8,1.8,0.1875,6.0,7.0,0.0,,,7,14,11.4,4.0,1278,1577,625,0.0,0.0,15.0,5.0,38.2,0.8,0.4375,0.0,0.0,15.0,16.0,39.0,3.5,0.375,3.0,0.2,54.0,-1103.0,16.0,11.0,463.0,0.09090909090909091,-0.07142857142857142,-0.0625,0.0,0.125,-0.5100000000000001,0.0
677,202107030508,0,1,0,1,0,0,0,3,0,0,0,0,0,0,0,1,0,0,0,1,0,0,0,0,0,0,0,0,0,0,0,0,0,0,0,0,0.0,0.0,10.0,10.0,38.5,1.2,0.25,0.0,0.0,30.0,1.0,37.3,0.0,0.1875,0.0,0.0,40.0,3.0,35.4,0.2,0.2,-3.5,-6.0,0.0,0.1,0.2,8,16,3.5,2.0,1571,1104,1108,,,,,,,,,,,,,,,-3.5,0.6666666666666666,57.0,307.0,16.0,16.0,456.0,0.0,0.0,0.0,,,1.5500000000000007,0.0
678,202107030508,0,0,0,0,1,0,1,10,0,0,0,0,0,0,0,0,0,0,0,2,0,0,0,0,0,0,0,0,0,0,0,0,0,0,0,0,0.0,0.0,40.0,3.0,39.1,0.5,0.2727272727272727,0.0,0.0,160.0,16.0,38.4,1.5,0.375,0.0,0.0,70.0,12.0,38.7,1.6,0.5333333333333333,4.5,4.0,0.0,0.17647058823529413,0.5,7,14,2.8,1.0,1098,1167,1294,0.0,0.0,60.0,12.0,39.0,3.2,0.3076923076923077,0.0,0.0,70.0,10.0,38.6,1.2,0.625,1.0,0.2,57.0,-1139.0,16.0,11.0,498.0,0.0,0.0,0.0,0.23076923076923078,-0.0625,0.039999999999999855,0.0
679,202107030508,0,0,1,6,1,2,1,11,0,0,0,0,0,0,1,2,0,1,1,2,0,0,0,0,0,0,0,1,0,0,1,0,0,0,0,0,0.0,0.0,14.0,8.0,37.5,1.0,1.0,0.0,0.0,9.0,14.0,37.1,2.0,0.9375,0.0,0.0,5.0,10.0,37.7,1.5,0.9375,1.0,-18.0,0.0,0.0,0.05263157894736842,6,12,31.5,10.0,1645,1559,1366,0.0,0.0,8.0,3.0,37.1,0.5,1.0,0.0,0.0,12.0,2.0,37.5,0.1,0.8571428571428571,-2.3,0.4,57.0,-336.0,16.0,15.0,476.0,0.0,0.0,0.0625,0.0,-0.07142857142857142,0.0,0.0
680,202107030508,1,0,2,10,1,2,1,11,0,0,0,0,1,0,1,4,0,1,1,2,0,0,0,0,0,0,0,1,0,0,1,0,0,0,0,0,0.0,0.0,6.0,8.0,39.9,2.7,0.5555555555555556,0.0,0.0,11.0,11.0,40.8,2.2,0.23076923076923078,0.0,0.0,14.0,13.0,37.1,2.0,0.875,2.5,-3.0,100.0,0.03225806451612903,0.12903225806451613,5,10,21.1,8.0,1576,1559,1577,0.0,0.0,11.0,6.0,38.0,0.8,0.35714285714285715,0.0,0.0,5.0,5.0,37.4,1.7,0.6666666666666666,-1.1,0.0,54.0,-758.0,16.0,9.0,467.0,0.3333333333333333,0.0,0.0,0.14285714285714285,0.16666666666666666,0.7799999999999997,0.0
681,202107030508,0,0,0,10,0,0,0,0,0,0,0,0,0,0,0,5,0,0,0,0,0,0,0,0,0,0,0,1,0,0,0,0,0,0,0,0,0.0,0.0,10.0,10.0,39.4,1.6,0.5,0.0,0.0,9.0,10.0,37.6,1.9,0.18181818181818182,0.0,0.0,11.0,14.0,36.0,1.7,0.2857142857142857,2.0,-17.0,200.0,0.023809523809523808,0.16666666666666666,2,3,10.4,4.0,1716,987,1167,0.0,0.0,9.0,14.0,38.9,2.6,0.8125,0.0,0.0,9.0,14.0,36.3,1.4,0.2857142857142857,1.2,0.0,57.0,-920.0,16.0,10.0,459.0,0.1,0.0,0.0,0.125,0.2857142857142857,0.49000000000000055,0.0
682,202107030508,0,0,1,6,0,0,0,3,0,0,0,0,0,0,0,3,0,0,0,1,0,0,0,0,0,0,0,0,0,0,0,1,0,0,0,0,0.0,0.0,8.0,9.0,36.5,1.2,0.8333333333333334,0.0,0.0,7.0,12.0,40.3,2.8,0.25,0.0,0.0,12.0,8.0,35.0,0.6,0.7142857142857143,-0.5,-10.0,-300.0,0.10526315789473684,0.2982456140350877,6,11,7.4,3.0,1127,770,1328,0.0,0.0,12.0,13.0,36.5,0.9,0.6666666666666666,0.0,0.0,10.0,4.0,35.5,0.4,0.9,-0.9,0.0,57.0,-1150.0,16.0,12.0,448.0,0.0,0.0,0.07142857142857142,0.13333333333333333,-0.1,0.5799999999999997,0.0
683,202107030508,1,0,0,9,1,0,1,10,0,0,0,0,1,0,0,4,0,0,0,2,0,0,0,0,1,0,0,2,0,0,0,0,0,0,0,0,0.0,0.0,2.0,3.0,41.3,0.7,0.6666666666666666,0.0,0.0,10.0,12.0,39.4,1.6,0.13333333333333333,0.0,0.0,10.0,8.0,39.4,1.6,0.125,2.5,17.0,-200.0,0.02127659574468085,0.10638297872340426,3,5,49.9,11.0,1172,1167,1556,0.0,0.0,8.0,11.0,38.9,2.2,0.15384615384615385,0.0,0.0,12.0,11.0,38.4,1.8,0.1875,1.5,0.2,57.0,-1058.0,16.0,9.0,461.0,-0.4444444444444444,0.06666666666666667,0.0625,0.15384615384615385,0.0,0.6299999999999997,0.0
684,202107030508,0,0,0,1,0,0,0,10,0,0,0,0,0,0,0,0,0,0,0,1,0,0,0,0,0,0,0,0,0,0,0,0,0,0,0,0,0.0,0.0,90.0,30.0,36.9,0.5,0.5384615384615384,0.0,0.0,70.0,110.0,37.3,1.0,0.6666666666666666,0.0,0.0,20.0,90.0,37.5,1.0,0.3076923076923077,30.0,-2.0,200.0,0.0,0.12,4,8,50.5,12.0,1447,1618,1721,0.0,0.0,60.0,20.0,37.3,0.7,0.5333333333333333,0.0,0.0,70.0,70.0,36.3,1.0,0.7692307692307693,-1.0,0.0,57.0,-246.0,16.0,13.0,500.0,0.0,0.0,0.0,0.0,0.15384615384615385,0.12000000000000029,0.0
685,202107030508,0,0,0,0,0,0,0,0,0,0,0,0,0,0,0,0,0,0,0,0,0,0,0,0,0,0,0,0,0,0,0,0,0,0,0,0,0.0,0.0,9.0,5.0,42.2,2.1,0.8,0.0,0.0,8.0,7.0,38.4,3.1,1.0,0.0,0.0,11.0,9.0,39.0,2.3,0.5833333333333334,2.0,12.0,-200.0,0.0,0.1875,7,13,146.4,14.0,1729,276,1428,0.0,0.0,15.0,10.0,38.5,2.2,0.8,0.0,0.0,14.0,11.0,34.6,1.1,0.8666666666666667,1.5,0.0,57.0,-1163.0,16.0,10.0,476.0,-0.2,0.0,0.16666666666666666,0.0,0.0,1.5100000000000002,0.0
686,202107030508,0,0,0,10,2,0,0,7,0,0,0,1,0,0,0,5,2,0,0,3,0,0,0,1,0,0,0,1,0,0,0,1,0,0,0,1,0.0,0.0,100.0,4.0,37.9,0.5,0.5,0.0,0.0,10.0,6.0,35.5,0.8,0.75,0.0,0.0,40.0,2.0,36.2,0.6,0.4166666666666667,-1.0,-8.0,0.0,0.0,0.1111111111111111,3,6,14.1,5.0,1716,1013,1167,0.0,0.0,30.0,4.0,37.0,0.7,0.2727272727272727,0.0,0.0,20.0,3.0,36.3,0.0,0.5,-0.4,0.4,57.0,14.0,16.0,12.0,442.0,0.0,-0.25,0.08333333333333333,0.09090909090909091,-0.08333333333333333,0.1700000000000003,0.0
687,202107030508,0,0,0,0,0,0,1,7,0,0,0,0,0,0,0,0,0,0,0,2,0,0,0,0,0,0,0,0,0,0,0,1,0,0,0,0,0.0,0.0,10.0,3.0,39.1,0.5,0.9166666666666666,0.0,0.0,9.0,11.0,37.5,1.7,0.3333333333333333,0.0,0.0,13.0,6.0,34.9,0.9,0.7142857142857143,1.5,-19.0,0.0,0.03636363636363636,0.2909090909090909,8,15,161.5,15.0,1090,1294,1169,0.0,0.0,15.0,11.0,37.6,1.2,0.6875,0.0,0.0,15.0,7.0,38.0,1.4,0.3333333333333333,0.8,0.2,57.0,-1162.0,16.0,12.0,487.0,-0.25,0.0,0.0,0.0,0.06666666666666667,0.21000000000000013,0.0
688,202107030508,1,0,2,10,0,0,0,2,0,0,0,0,1,0,1,4,0,0,0,1,0,0,0,0,0,0,0,1,0,0,0,0,0,0,0,0,0.0,0.0,40.0,6.0,37.2,0.7,0.6,0.0,0.0,150.0,8.0,37.4,1.0,0.875,0.0,0.0,150.0,10.0,36.9,1.3,0.8125,2.0,0.0,-200.0,0.14583333333333334,0.2708333333333333,1,1,19.2,7.0,1576,1503,1577,0.0,0.0,130.0,12.0,38.1,2.2,0.6923076923076923,0.0,0.0,140.0,12.0,38.5,2.3,0.9333333333333333,1.6,0.0,57.0,-1157.0,16.0,10.0,518.0,0.1,0.0,0.0,0.07692307692307693,0.06666666666666667,-0.32999999999999974,0.0
689,202107030508,0,0,0,1,0,0,0,1,0,0,0,0,0,0,0,0,0,0,0,0,0,0,0,0,0,0,0,0,0,0,0,0,0,0,0,0,0.0,0.0,16.0,15.0,39.0,3.1,0.6875,0.0,0.0,16.0,18.0,35.7,3.0,0.9444444444444444,0.0,0.0,12.0,14.0,45.6,8.1,0.07142857142857142,-0.5,8.0,0.0,0.19230769230769232,0.38461538461538464,5,9,15.1,6.0,1687,1313,1345,0.0,0.0,10.0,13.0,39.0,3.0,0.6153846153846154,0.0,0.0,12.0,12.0,37.6,1.7,0.5,-1.1,0.0,57.0,-547.0,16.0,16.0,510.0,0.0625,0.0,0.6428571428571429,0.23076923076923078,0.0,-0.05,0.0
690,202107030508,1,0,0,9,1,0,0,2,0,0,0,1,1,0,0,4,1,0,0,0,0,0,0,0,1,0,0,2,0,0,0,0,0,0,0,0,0.0,0.0,80.0,9.0,37.8,1.4,0.25,0.0,0.0,50.0,5.0,37.7,0.5,0.5,0.0,0.0,130.0,8.0,38.4,0.9,0.25,-0.5,-6.0,0.0,0.07894736842105263,0.2631578947368421,2,4,23.5,9.0,1172,460,1556,0.0,0.0,60.0,8.0,37.7,1.6,0.5714285714285714,0.0,0.0,50.0,6.0,38.0,1.0,0.3125,-0.3,0.0,57.0,42.0,16.0,16.0,458.0,0.0625,-0.07142857142857142,-0.0625,-0.21428571428571427,0.0,-0.04000000000000057,0.0
691,202107030508,0,0,0,0,0,0,1,5,0,0,0,0,0,0,0,0,0,0,0,0,0,0,0,0,0,0,0,0,0,0,0,0,0,0,0,0,0.0,0.0,10.0,12.0,13.7,9.0,0.6923076923076923,0.0,0.0,11.0,10.0,13.8,7.6,0.75,0.0,0.0,13.0,15.0,38.7,2.3,0.6875,1.5,-4.0,-1450.0,0.0,0.0,4,7,54.2,13.0,1152,1345,1428,0.0,0.0,4.0,11.0,38.7,2.0,0.9166666666666666,0.0,0.0,9.0,4.0,37.9,0.7,0.125,-1.5,0.0,54.0,-91.0,16.0,13.0,480.0,0.15384615384615385,0.08333333333333333,0.125,0.0,0.0,-7.330000000000001,0.0
692,202107030508,0,1,1,5,0,0,1,0,0,0,0,0,0,0,0,0,0,0,0,0,0,0,0,0,0,0,0,0,0,0,0,0,0,0,0,0,0.0,0.0,20.0,40.0,40.0,1.6,0.4,0.0,0.0,160.0,160.0,38.6,3.0,1.0,0.0,0.0,100.0,50.0,37.4,1.8,0.9,5.0,31.0,0.0,0.0,0.0,1,2,306.5,16.0,1167,1,460,0.0,0.0,140.0,150.0,40.0,2.9,0.8125,0.0,0.0,60.0,60.0,38.8,0.3,0.6666666666666666,3.0,0.0,55.0,-1150.0,16.0,10.0,497.0,0.0,0.0,0.0,0.125,-0.13333333333333333,0.10000000000000071,0.0
693,202107030603,0,0,0,2,0,0,0,1,0,0,0,0,0,0,0,2,0,0,0,0,0,0,0,0,0,0,0,2,0,0,0,0,0,0,0,0,0.0,0.0,12.0,6.0,36.4,0.7,0.26666666666666666,0.0,0.0,10.0,7.0,37.2,1.2,0.21428571428571427,0.0,0.0,10.0,10.0,37.1,1.2,0.8125,2.0,-2.0,200.0,0.15,0.2,5,9,2.8,1.0,1629,1313,1428,0.0,0.0,7.0,5.0,36.2,0.5,0.5625,0.0,0.0,7.0,10.0,37.1,0.6,0.5,0.6,0.0,56.0,-1036.0,16.0,15.0,472.0,-0.06666666666666667,0.07142857142857142,-0.0625,0.0,-0.0625,-0.04000000000000057,0.0
694,202107030603,1,2,0,8,1,0,0,1,0,0,0,0,0,0,0,3,0,0,0,1,0,0,0,0,0,0,0,2,0,0,0,1,0,0,0,0,0.0,0.0,10.0,20.0,42.7,0.3,0.08333333333333333,0.0,0.0,40.0,150.0,44.5,8.6,0.3125,0.0,0.0,10.0,80.0,39.5,1.4,0.1875,30.0,13.0,0.0,0.03571428571428571,0.2857142857142857,8,15,31.2,7.0,1691,1036,1167,0.0,0.0,70.0,20.0,37.8,0.3,0.5625,0.0,0.0,70.0,140.0,38.0,5.9,0.8571428571428571,11.0,0.0,56.0,-1160.0,16.0,12.0,513.0,0.0,0.5625,0.0,-0.125,0.07142857142857142,1.6100000000000008,0.0
695,202107030603,0,0,0,0,0,0,0,1,0,0,0,0,0,0,0,0,0,0,0,1,0,0,0,0,0,0,0,0,0,0,0,1,0,0,0,0,0.0,0.0,9.0,7.0,37.7,0.8,0.5,0.0,0.0,6.0,11.0,37.6,1.5,0.75,0.0,0.0,8.0,9.0,38.1,1.3,0.125,1.0,8.0,200.0,,,8,16,156.1,13.0,1715,1028,770,0.0,0.0,1.0,1.0,38.0,0.0,0.125,0.0,0.0,4.0,2.0,36.7,0.0,0.125,-2.0,0.4,56.0,-216.0,16.0,16.0,482.0,0.125,0.0625,0.1875,0.0,0.0,0.16000000000000014,0.0
696,202107030603,0,0,0,0,0,0,0,0,0,0,0,0,0,0,0,0,0,0,0,0,0,0,0,0,0,0,0,0,0,0,0,0,0,0,0,0,0.0,0.0,1.0,12.0,44.9,4.7,0.75,0.0,0.0,3.0,3.0,38.2,1.2,0.35714285714285715,0.0,0.0,1.0,2.0,38.1,0.0,0.16666666666666666,-5.0,29.0,0.0,0.0,0.0,6,11,25.9,6.0,1605,1642,1,0.0,0.0,2.0,4.0,40.2,0.6,0.21428571428571427,0.0,0.0,3.0,2.0,38.8,0.3,0.7142857142857143,-1.9,0.6,56.0,-1032.0,16.0,12.0,527.0,0.08333333333333333,0.0,-0.08333333333333333,0.07142857142857142,-0.5714285714285714,1.0200000000000002,0.0
697,202107030603,1,0,2,10,2,0,0,7,1,0,0,0,1,0,1,4,2,0,0,3,1,0,0,0,0,0,1,2,1,0,0,2,0,0,0,0,0.0,0.0,14.0,,,,0.9285714285714286,0.0,0.0,8.0,14.0,40.7,3.3,0.14285714285714285,0.0,0.0,6.0,7.0,38.0,1.7,0.38461538461538464,-7.0,0.0,-400.0,0.03125,0.125,7,14,3.9,2.0,1576,1013,1577,0.0,0.0,7.0,4.0,37.1,0.5,0.2,0.0,0.0,6.0,4.0,38.0,0.4,0.3,-3.3,0.0,55.0,-462.0,16.0,14.0,462.0,0.07142857142857142,0.0,0.46153846153846156,0.0,-0.1,0.9000000000000007,0.0
698,202107030603,0,0,0,0,0,0,0,1,0,0,0,0,0,0,0,0,0,0,0,0,0,0,0,0,0,0,0,0,0,0,0,0,0,0,0,0,0.0,0.0,8.0,5.0,38.8,0.8,0.2727272727272727,0.0,0.0,7.0,8.0,35.3,0.8,0.7142857142857143,0.0,0.0,4.0,9.0,40.5,2.1,0.6,2.0,9.0,100.0,0.0,0.36363636363636365,2,4,73.5,11.0,412,565,998,0.0,0.0,5.0,2.0,39.0,0.8,0.7333333333333333,0.0,0.0,7.0,2.0,36.8,0.2,0.21428571428571427,-1.2,0.4,53.0,-1156.0,16.0,11.0,481.0,0.09090909090909091,-0.21428571428571427,-0.26666666666666666,-0.26666666666666666,0.0,0.029999999999999714,0.0
699,202107030603,1,0,0,1,0,1,0,5,0,0,0,0,1,0,0,1,0,0,0,3,0,0,0,0,1,0,0,0,0,0,0,1,0,0,0,0,0.0,0.0,5.0,6.0,40.5,1.9,0.9166666666666666,0.0,0.0,11.0,10.0,41.1,4.8,0.9285714285714286,0.0,0.0,8.0,9.0,38.4,0.7,0.2,1.5,16.0,-200.0,0.047619047619047616,0.14285714285714285,2,3,33.3,8.0,1601,1482,239,0.0,0.0,8.0,13.0,38.0,2.0,0.6875,0.0,0.0,2.0,9.0,39.4,1.5,0.5714285714285714,0.9,0.0,54.0,-1096.0,16.0,12.0,446.0,-0.5,0.0,0.0,0.0,0.07142857142857142,0.5300000000000005,0.0
700,202107030603,1,0,0,9,0,0,0,2,0,0,0,0,1,0,0,4,0,0,0,1,0,0,0,0,0,0,0,2,0,0,0,1,0,0,0,0,0.0,0.0,4.0,4.0,38.6,0.8,0.42857142857142855,0.0,0.0,16.0,15.0,38.8,2.8,1.0,0.0,0.0,11.0,7.0,40.4,2.3,0.35714285714285715,1.5,18.0,200.0,0.05970149253731343,0.22388059701492538,6,12,11.0,5.0,1172,1721,1556,0.0,0.0,7.0,5.0,39.1,2.5,0.7142857142857143,0.0,0.0,11.0,7.0,37.8,0.8,0.125,-0.4,0.0,56.0,-1081.0,16.0,7.0,518.0,0.14285714285714285,-0.1875,-0.07142857142857142,0.0,0.0,0.13000000000000042,0.0
701,202107030603,0,0,0,1,0,0,0,2,0,0,0,0,0,0,0,1,0,0,0,0,0,0,0,0,0,0,0,1,0,0,0,0,0,0,0,0,0.0,0.0,8.0,4.0,41.3,0.4,0.5,0.0,0.0,8.0,6.0,40.5,1.3,0.125,0.0,0.0,5.0,4.0,38.1,0.4,0.1875,0.0,23.0,0.0,0.023255813953488372,0.16279069767441862,5,10,4.7,3.0,207,1050,599,0.0,0.0,3.0,9.0,39.2,1.2,0.375,0.0,0.0,5.0,3.0,39.3,0.6,0.26666666666666666,0.1,0.2,56.0,-1145.0,16.0,12.0,509.0,-0.16666666666666666,0.0,0.0,0.0625,-0.06666666666666667,0.5299999999999997,0.0
702,202107030603,0,0,0,1,0,0,1,7,0,0,0,0,0,0,0,1,0,0,0,2,0,0,0,0,0,0,0,0,0,0,0,1,0,0,0,0,0.0,0.0,2.0,1.0,38.1,0.0,0.3333333333333333,0.0,0.0,10.0,10.0,37.9,1.8,1.0,0.0,0.0,13.0,8.0,38.2,1.4,0.5625,3.5,28.0,200.0,0.05263157894736842,0.10526315789473684,4,7,56.0,10.0,1401,1294,517,0.0,0.0,8.0,14.0,40.2,3.0,0.3125,0.0,0.0,4.0,6.0,39.1,1.1,0.14285714285714285,1.4,0.2,54.0,-382.0,16.0,15.0,508.0,0.06666666666666667,0.0,-0.0625,0.0625,-0.07142857142857142,-0.43000000000000044,0.0
703,202107030603,0,1,0,0,0,0,0,0,0,0,0,0,0,0,0,0,0,0,0,0,0,0,0,0,0,0,0,0,0,0,0,0,0,0,0,0,0.0,0.0,6.0,4.0,41.4,0.6,0.5,0.0,0.0,8.0,12.0,35.9,0.9,0.058823529411764705,0.0,0.0,4.0,3.0,35.6,0.2,0.05555555555555555,-0.5,9.0,0.0,0.0,0.0,1,1,5.8,4.0,1657,975,1317,0.0,0.0,2.0,6.0,35.3,0.2,0.05555555555555555,0.0,0.0,4.0,11.0,41.0,2.1,0.0625,0.8,0.2,53.0,-571.0,16.0,10.0,473.0,0.0,0.0,0.0,0.0,0.0,0.13999999999999985,0.0
704,202107030603,0,0,0,0,0,1,0,4,0,0,0,0,0,0,0,0,0,0,0,1,0,0,0,0,0,0,0,0,0,0,0,0,0,0,0,0,0.0,0.0,15.0,16.0,39.2,3.6,1.0,0.0,0.0,14.0,10.0,36.3,1.5,0.8125,0.0,0.0,2.0,1.0,37.7,0.0,0.2222222222222222,-7.5,-10.0,0.0,0.14285714285714285,0.2653061224489796,4,8,86.0,12.0,747,1110,872,0.0,0.0,10.0,12.0,39.6,2.9,0.8125,0.0,0.0,16.0,18.0,35.8,3.0,0.9444444444444444,0.6,0.2,54.0,-302.0,16.0,16.0,454.0,0.0,0.0,-0.1111111111111111,-0.125,-0.16666666666666666,0.3500000000000007,0.0
705,202107030603,1,0,0,1,2,0,0,7,0,0,0,0,1,0,0,1,2,0,0,3,0,0,0,0,1,0,0,0,1,0,0,2,0,0,0,0,0.0,0.0,3.0,3.0,41.7,1.1,0.2,0.0,0.0,15.0,15.0,41.1,5.8,0.5333333333333333,0.0,0.0,11.0,10.0,41.7,3.5,0.2,3.5,32.0,0.0,0.25,0.5,7,13,240.9,14.0,1601,1013,239,0.0,0.0,14.0,13.0,39.4,2.5,0.8125,0.0,0.0,10.0,9.0,38.4,2.5,0.75,1.0,0.2,53.0,-254.0,16.0,10.0,512.0,0.1,0.4666666666666667,0.06666666666666667,0.0,-0.0625,0.8300000000000012,0.0
706,202107030603,0,0,0,0,0,0,4,14,0,0,0,0,0,0,0,0,0,0,0,5,0,0,0,0,0,0,0,0,0,0,0,1,0,0,0,0,0.0,0.0,10.0,1.0,39.8,0.0,0.1111111111111111,0.0,0.0,100.0,6.0,39.0,2.1,0.13333333333333333,0.0,0.0,90.0,11.0,42.6,4.4,0.2,5.0,43.0,0.0,0.0,0.11538461538461539,3,5,50.4,9.0,1463,1183,1167,0.0,0.0,90.0,14.0,42.1,3.3,0.125,0.0,0.0,30.0,8.0,40.3,2.8,0.3076923076923077,2.2,0.2,56.0,-413.0,16.0,9.0,549.0,0.0,0.2,0.2,0.0625,0.07692307692307693,-0.41000000000000014,0.0
707,202107030603,0,0,0,0,1,0,1,5,0,0,0,0,0,0,0,0,1,0,0,2,0,0,0,0,0,0,0,0,1,0,0,2,0,0,0,0,0.0,0.0,6.0,5.0,13.7,2.4,0.8333333333333334,0.0,0.0,16.0,15.0,40.8,3.6,0.6875,0.0,0.0,11.0,12.0,39.4,3.8,0.75,3.5,4.0,-1460.0,0.0,0.058823529411764705,1,2,526.2,16.0,1090,1558,1169,0.0,0.0,14.0,12.0,36.4,1.6,0.9375,,,,,,,,1.8,0.0,56.0,-42.0,16.0,6.0,474.0,0.0,0.0,0.0,-0.3125,,-6.669999999999999,0.0
708,202107030603,0,0,0,4,0,2,0,13,0,0,0,1,0,0,0,2,0,1,0,3,0,0,0,0,0,0,0,2,0,0,0,1,0,0,0,0,0.0,0.0,9.0,9.0,42.9,2.6,0.7,0.0,0.0,15.0,16.0,40.9,3.8,0.6875,0.0,0.0,9.0,13.0,41.8,3.7,0.7333333333333333,2.0,22.0,0.0,0.0,0.07692307692307693,3,6,304.8,15.0,1489,1263,565,0.0,0.0,6.0,16.0,34.8,2.4,0.5294117647058824,0.0,0.0,7.0,16.0,36.0,1.9,0.9444444444444444,1.4,0.0,56.0,-685.0,16.0,10.0,460.0,0.1,0.0,0.06666666666666667,0.23529411764705882,0.05555555555555555,1.9899999999999998,0.0
709,202107030702,0,0,0,2,4,0,4,9,0,0,0,0,0,0,0,1,2,0,0,4,0,0,0,0,0,0,0,0,0,0,0,2,0,0,0,0,0.0,0.0,4.0,15.0,42.4,4.0,0.26666666666666666,0.0,0.0,1.0,1.0,37.9,0.0,0.0625,0.0,0.0,1.0,3.0,38.4,0.3,0.1875,-6.0,6.0,0.0,0.18867924528301888,0.37735849056603776,2,3,3.0,1.0,1657,1294,1317,0.0,0.0,2.0,4.0,40.7,1.0,0.5625,,,,,,,,-3.1,0.5,56.0,-329.0,16.0,15.0,546.0,0.06666666666666667,0.0,0.125,-0.5,,0.45999999999999874,0.0
710,202107030702,3,0,2,19,0,0,0,0,0,0,0,0,1,0,0,6,0,0,0,0,0,0,0,0,1,0,0,1,0,0,0,0,0,0,0,0,0.0,0.0,3.0,1.0,37.7,0.0,0.15384615384615385,0.0,0.0,10.0,10.0,38.3,0.8,0.25,0.0,0.0,9.0,5.0,37.2,0.4,0.5625,2.0,0.0,0.0,0.030303030303030304,0.12121212121212122,8,16,10.7,4.0,1691,1266,1167,0.0,0.0,6.0,8.0,35.7,1.8,0.3076923076923077,0.0,0.0,4.0,5.0,37.6,0.6,0.16666666666666666,0.6,0.2,53.0,-658.0,16.0,13.0,440.0,0.0,0.0,0.0,0.0,0.0,0.2799999999999997,0.0
711,202107030702,0,0,0,0,0,0,1,27,0,0,0,0,0,0,0,0,0,0,0,15,0,0,0,0,0,0,0,0,0,0,0,2,0,0,0,0,0.0,0.0,7.0,6.0,36.7,0.7,0.4375,0.0,0.0,2.0,10.0,37.2,0.8,0.5625,0.0,0.0,1.0,4.0,38.0,0.8,0.25,-1.0,-4.0,200.0,0.10344827586206896,0.29310344827586204,7,14,16.7,7.0,1601,1263,239,0.0,0.0,1.0,1.0,37.4,0.0,0.13333333333333333,0.0,0.0,2.0,4.0,39.2,0.7,0.1875,-1.3,0.2,54.0,-224.0,16.0,16.0,446.0,-0.0625,0.0,0.0,0.0,0.125,-0.5199999999999996,0.0
712,202107030702,0,0,1,3,4,3,2,16,0,0,0,0,0,0,1,2,4,1,2,6,0,0,0,0,0,0,0,0,1,0,0,3,0,0,0,0,0.0,0.0,,,,,,0.0,0.0,110.0,15.0,37.4,2.5,0.875,0.0,0.0,60.0,16.0,39.3,2.3,0.0625,1.0,6.0,400.0,0.13333333333333333,0.26666666666666666,5,9,5.9,3.0,1426,1405,306,0.0,0.0,60.0,9.0,38.1,0.9,0.375,0.0,0.0,70.0,4.0,37.7,0.7,0.13333333333333333,-4.0,0.0,54.0,-1123.0,16.0,10.0,470.0,,0.125,0.0,0.0625,-0.06666666666666667,0.029999999999998295,0.0
713,202107030702,2,1,0,16,4,3,2,16,0,0,0,0,1,0,0,6,4,1,2,6,0,0,0,0,1,0,0,1,1,0,0,3,0,0,0,0,0.0,0.0,6.0,7.0,42.7,2.0,0.6,0.0,0.0,11.0,,,,,0.0,0.0,10.0,14.0,41.1,3.0,0.0625,7.0,22.0,0.0,0.0,0.09090909090909091,5,10,30.7,8.0,1645,1405,1366,0.0,0.0,8.0,5.0,39.4,1.9,0.3125,0.0,0.0,6.0,4.0,38.2,0.8,0.5625,-1.8,0.0,56.0,-544.0,16.0,10.0,498.0,0.2,,0.0,0.0,0.0625,1.5200000000000002,0.0
714,202107030702,0,0,0,3,0,0,0,0,0,0,0,0,0,0,0,1,0,0,0,0,0,0,0,0,0,0,0,0,0,0,0,0,0,0,0,0,0.0,0.0,1.0,5.0,42.3,1.5,0.5,0.0,0.0,12.0,6.0,34.7,0.4,0.6470588235294118,0.0,0.0,9.0,11.0,39.0,1.0,0.5384615384615384,3.0,9.0,0.0,0.3333333333333333,0.5333333333333333,7,13,11.0,5.0,1310,1705,1618,0.0,0.0,6.0,7.0,36.1,1.5,0.7857142857142857,0.0,0.0,5.0,6.0,39.2,2.0,0.4375,0.3,0.0,56.0,-537.0,16.0,10.0,479.0,-0.1,0.0,0.15384615384615385,0.0,0.0,0.479999999999999,0.0
715,202107030702,1,0,0,1,0,0,0,2,0,0,0,0,0,0,0,0,0,0,0,0,0,0,0,0,0,0,0,0,0,0,0,0,0,0,0,0,0.0,0.0,7.0,8.0,42.1,2.0,0.5555555555555556,0.0,0.0,15.0,15.0,40.0,3.4,1.0,0.0,0.0,9.0,12.0,40.4,3.8,1.0,2.0,-3.0,0.0,0.20689655172413793,0.4482758620689655,1,1,3.0,2.0,1586,1079,1167,0.0,0.0,13.0,9.0,36.8,1.9,0.8125,0.0,0.0,12.0,11.0,40.1,3.6,0.9166666666666666,0.0,0.0,56.0,-1126.0,16.0,9.0,529.0,-0.1111111111111111,-0.0625,-0.2857142857142857,0.0,-0.16666666666666666,0.7200000000000003,0.0
716,202107030702,0,0,0,1,0,0,0,0,0,0,0,0,0,0,0,0,0,0,0,0,0,0,0,0,0,0,0,0,0,0,0,0,0,0,0,0,0.0,0.0,1.0,9.0,44.6,2.7,0.08333333333333333,0.0,0.0,11.0,9.0,38.2,1.6,0.5,0.0,0.0,13.0,10.0,36.6,0.7,0.875,0.5,-8.0,0.0,0.05405405405405406,0.24324324324324326,8,15,13.2,6.0,314,193,324,0.0,0.0,8.0,11.0,40.2,3.3,0.08333333333333333,0.0,0.0,8.0,13.0,39.5,2.2,0.23076923076923078,1.0,0.0,56.0,-1149.0,16.0,12.0,466.0,0.25,0.0,0.0,0.08333333333333333,0.0,0.8200000000000003,0.0
717,202107030702,0,0,0,1,3,0,4,30,0,0,0,0,0,0,0,0,0,0,2,8,0,0,0,0,0,0,0,0,0,0,0,2,0,0,0,0,0.0,0.0,8.0,5.0,39.4,1.5,1.0,0.0,0.0,12.0,12.0,40.7,3.8,0.25,0.0,0.0,9.0,9.0,39.1,2.2,0.625,2.0,17.0,0.0,0.0,0.1111111111111111,4,8,56.0,9.0,1672,1558,1167,0.0,0.0,14.0,7.0,38.0,1.2,0.625,,,,,,,,0.3,0.0,56.0,-667.0,16.0,8.0,473.0,-0.25,0.1875,0.0,-0.0625,,0.5799999999999997,0.0
718,202107030702,1,0,0,2,0,0,0,4,0,0,0,0,0,0,0,1,0,0,0,2,0,0,0,0,0,0,0,0,0,0,0,0,0,0,0,0,0.0,0.0,7.0,11.0,46.6,7.5,0.5454545454545454,0.0,0.0,16.0,9.0,36.8,0.7,0.8125,0.0,0.0,6.0,11.0,40.7,3.7,1.0,0.0,4.0,-300.0,0.0,0.1111111111111111,6,12,97.2,12.0,1279,1316,1079,0.0,0.0,12.0,10.0,39.5,2.3,0.4375,0.0,0.0,6.0,9.0,40.3,2.5,0.5555555555555556,-0.3,0.0,56.0,-601.0,16.0,11.0,488.0,0.36363636363636365,0.125,-0.36363636363636365,0.0,0.1111111111111111,0.9900000000000005,0.0
719,202107030702,0,5,0,16,0,0,0,0,0,0,0,0,0,2,0,8,0,0,0,0,0,0,0,0,0,0,0,1,0,0,0,0,0,0,0,0,0.0,0.0,7.0,9.0,45.5,8.3,0.7,0.0,0.0,15.0,11.0,40.1,2.9,0.4375,0.0,0.0,6.0,14.0,38.8,3.8,0.9375,2.5,-23.0,0.0,0.0,0.0,3,6,243.7,15.0,1278,1619,625,0.0,0.0,14.0,8.0,40.3,1.6,0.0625,0.0,0.0,11.0,12.0,41.0,5.4,0.5833333333333334,0.3,0.0,56.0,-145.0,16.0,10.0,509.0,0.1,0.25,0.0,0.0,0.3333333333333333,0.8800000000000004,0.0
720,202107030702,2,3,0,19,1,0,1,5,0,0,0,0,2,1,0,10,0,0,0,2,0,0,0,0,0,0,0,3,0,0,0,0,0,0,0,0,0.0,0.0,10.0,8.0,38.4,2.0,0.7,0.0,0.0,12.0,14.0,37.7,2.6,0.375,0.0,0.0,11.0,12.0,39.5,3.1,0.75,2.0,7.0,200.0,0.022727272727272728,0.1590909090909091,1,2,73.4,11.0,1393,1170,1263,0.0,0.0,5.0,16.0,42.6,6.2,0.1875,0.0,0.0,9.0,11.0,34.9,1.0,0.8888888888888888,0.8,0.0,56.0,-456.0,16.0,10.0,471.0,0.0,0.1875,0.0,0.25,-0.1111111111111111,0.21000000000000013,0.0
721,202107030702,1,2,1,21,1,0,0,1,0,0,0,0,1,1,1,12,1,0,0,0,0,0,0,0,0,0,0,3,0,0,0,0,0,0,0,0,0.0,0.0,3.0,1.0,39.3,0.0,0.1111111111111111,0.0,0.0,15.0,7.0,39.1,1.3,0.13333333333333333,0.0,0.0,10.0,13.0,39.8,3.4,0.75,6.0,25.0,0.0,0.03125,0.15625,6,11,67.7,10.0,1172,460,1556,0.0,0.0,2.0,12.0,36.4,1.7,0.6111111111111112,,,,,,,,3.9,0.25,52.0,-171.0,16.0,9.0,489.0,0.0,0.0,0.0,-0.05555555555555555,,0.8,0.0
722,202107030702,0,0,1,8,4,3,2,16,0,0,0,0,0,0,0,3,4,1,2,6,0,0,0,0,0,0,0,1,1,0,0,3,0,0,0,0,0.0,0.0,1.0,,,,0.14285714285714285,0.0,0.0,17.0,15.0,40.6,5.1,0.4117647058823529,0.0,0.0,13.0,14.0,39.3,3.5,0.875,-1.0,9.0,-100.0,0.0,0.0,3,5,195.2,13.0,1665,1405,1577,0.0,0.0,14.0,14.0,38.6,3.4,1.0,0.0,0.0,10.0,10.0,36.8,1.8,0.6153846153846154,-1.5,0.0,52.0,-170.0,16.0,7.0,447.0,0.0,0.0,0.0,0.0,0.0,1.2100000000000009,0.0
723,202107030702,0,0,0,0,0,2,1,11,0,0,0,0,0,0,0,0,0,0,1,3,0,0,0,0,0,0,0,0,0,0,0,2,0,0,0,0,0.0,0.0,17.0,18.0,40.8,7.1,0.5555555555555556,0.0,0.0,14.0,15.0,39.9,4.1,0.875,0.0,0.0,14.0,12.0,38.6,1.7,0.6875,-3.0,-4.0,-600.0,0.0,0.10810810810810811,4,7,231.7,14.0,1601,1428,239,0.0,0.0,5.0,5.0,40.8,2.4,0.5714285714285714,0.0,0.0,5.0,11.0,40.3,4.5,0.9230769230769231,-2.4,0.0,56.0,-49.0,16.0,18.0,438.0,0.4444444444444444,0.0,0.0625,0.0,0.0,0.010000000000000142,0.0
724,202107030702,0,0,1,0,0,0,0,3,0,0,0,0,0,0,0,0,0,0,0,1,0,0,0,0,0,0,0,0,0,0,0,1,0,0,0,0,0.0,0.0,7.0,3.0,37.7,0.3,0.75,0.0,0.0,14.0,9.0,41.1,3.8,0.2857142857142857,0.0,0.0,16.0,16.0,38.7,4.1,1.0,6.5,-1.0,-100.0,0.06976744186046512,0.20930232558139536,2,4,265.2,16.0,1463,1553,1167,,,,,,,,,,,,,,,6.5,0.3333333333333333,56.0,-94.0,16.0,8.0,495.0,-0.375,0.5,0.0,,,-0.5,0.0
725,202107030805,0,0,0,2,1,3,6,20,0,0,0,0,0,0,0,2,0,1,2,8,0,0,0,0,0,0,0,0,0,0,2,1,0,0,0,0,0.0,0.0,110.0,9.0,33.8,0.5,0.4117647058823529,0.0,0.0,160.0,9.0,33.3,0.5,0.5,0.0,0.0,70.0,9.0,37.7,0.6,0.21428571428571427,0.0,2.0,0.0,0.2,0.4,2,3,17.3,7.0,1397,1376,1428,0.0,0.0,60.0,1.0,35.9,0.0,0.5454545454545454,0.0,0.0,20.0,7.0,35.2,0.4,0.3076923076923077,-1.2,0.2,53.0,-1119.0,16.0,17.0,464.0,0.0,0.05555555555555555,0.0,-0.09090909090909091,0.0,-0.5400000000000013,0.0
726,202107030805,2,2,7,36,1,3,6,20,0,0,0,1,1,0,2,9,0,1,2,8,0,0,0,0,0,0,1,6,0,0,2,1,0,0,0,0,0.0,0.0,7.0,4.0,37.0,1.0,0.36363636363636365,0.0,0.0,3.0,8.0,35.4,0.9,0.5,0.0,0.0,3.0,10.0,35.2,0.7,0.6923076923076923,3.0,-2.0,0.0,0.0,0.3333333333333333,5,10,10.8,4.0,1127,1376,1328,0.0,0.0,11.0,2.0,34.9,0.0,0.16666666666666666,0.0,0.0,9.0,4.0,36.7,0.3,0.6875,-0.6,0.2,51.0,-1022.0,16.0,11.0,504.0,0.0,0.14285714285714285,0.0,0.0,-0.125,0.10999999999999943,0.0
727,202107030805,0,3,0,13,0,0,0,0,0,0,0,0,0,1,0,3,0,0,0,0,0,0,0,0,0,1,0,1,0,0,0,0,0,0,0,0,0.0,0.0,3.0,7.0,13.5,2.4,0.25,0.0,0.0,4.0,4.0,13.5,1.0,0.5833333333333334,0.0,0.0,11.0,10.0,37.9,1.7,0.6666666666666666,1.5,2.0,-1460.0,0.14,0.26,6,12,4.3,2.0,1317,1210,1186,0.0,0.0,10.0,15.0,37.5,2.2,0.8,0.0,0.0,7.0,15.0,39.4,2.1,0.0625,2.7,0.0,56.0,-1008.0,16.0,12.0,506.0,0.08333333333333333,-0.16666666666666666,-0.08333333333333333,-0.06666666666666667,0.0,-7.58,0.0
728,202107030805,0,2,1,6,2,5,3,26,0,2,1,0,0,1,1,4,0,2,2,9,0,1,1,0,0,0,1,0,0,1,1,2,0,0,1,0,0.0,0.0,5.0,8.0,14.1,8.1,1.0,0.0,0.0,13.0,5.0,33.3,0.2,0.2222222222222222,0.0,0.0,18.0,15.0,35.9,1.4,0.6111111111111112,3.5,-10.0,-1480.0,0.03508771929824561,0.2982456140350877,3,5,2.8,1.0,1020,1428,1576,0.0,0.0,12.0,4.0,32.8,0.2,0.25,0.0,0.0,14.0,11.0,36.3,1.3,0.2857142857142857,0.5,0.0,56.0,-1196.0,16.0,8.0,462.0,0.0,,0.3333333333333333,,0.0,-4.39,0.0
729,202107030805,3,3,4,34,1,0,1,4,0,0,0,0,2,0,1,11,0,0,1,2,0,0,0,0,1,0,1,4,0,0,1,2,0,0,0,0,0.0,0.0,40.0,7.0,37.4,1.3,0.8333333333333334,0.0,0.0,50.0,5.0,37.8,1.2,0.6875,0.0,0.0,50.0,5.0,38.8,0.4,0.06666666666666667,-1.0,-2.0,0.0,0.08333333333333333,0.3333333333333333,4,8,18.2,8.0,1393,568,1263,0.0,0.0,40.0,6.0,38.6,1.1,0.2857142857142857,0.0,0.0,50.0,2.0,37.7,0.3,0.2,-0.9,0.2,56.0,35.0,16.0,12.0,500.0,-0.16666666666666666,0.0625,0.0,0.0,0.0,-0.1400000000000013,0.0
730,202107030805,4,3,6,43,6,4,8,59,0,0,0,0,1,0,1,8,1,1,4,18,0,0,0,0,0,0,0,3,1,0,2,7,0,0,0,0,0.0,0.0,3.0,7.0,39.3,1.9,0.625,0.0,0.0,13.0,13.0,37.6,1.6,0.875,0.0,0.0,11.0,12.0,35.9,2.3,0.9166666666666666,2.5,-8.0,-350.0,0.037037037037037035,0.14814814814814814,3,6,12.5,5.0,1691,1559,1167,0.0,0.0,13.0,12.0,34.5,0.7,1.0,0.0,0.0,11.0,11.0,34.5,1.3,0.16666666666666666,0.7,0.0,56.0,-1154.0,16.0,8.0,462.0,0.25,0.125,-0.08333333333333333,-0.07692307692307693,0.16666666666666666,1.2699999999999996,0.0
731,202107030805,2,4,2,21,2,0,1,7,0,0,0,1,0,0,0,3,0,0,1,3,0,0,0,1,0,0,0,3,0,0,1,3,0,0,0,1,0.0,0.0,15.0,15.0,38.1,2.7,0.25,0.0,0.0,8.0,11.0,37.4,3.2,0.09090909090909091,0.0,0.0,10.0,12.0,40.3,3.0,0.42857142857142855,-1.5,2.0,-400.0,0.05,0.2,6,11,22.0,9.0,1152,1199,1428,0.0,0.0,4.0,13.0,42.5,2.9,0.3333333333333333,0.0,0.0,13.0,4.0,39.5,0.3,0.06666666666666667,-2.0,0.0,54.0,-770.0,16.0,16.0,482.0,0.625,0.0,0.42857142857142855,0.3333333333333333,0.0,-0.7899999999999998,0.0
732,202107030805,2,1,0,13,2,1,1,7,1,1,0,0,1,1,0,5,1,1,1,2,1,1,0,0,0,0,0,2,0,0,1,1,0,0,0,0,0.0,0.0,130.0,9.0,34.0,0.5,0.7647058823529411,0.0,0.0,90.0,7.0,33.8,0.8,1.0,0.0,0.0,130.0,6.0,34.3,1.2,0.5,-1.5,10.0,200.0,0.07692307692307693,0.2564102564102564,5,9,4.9,3.0,1200,1208,324,0.0,0.0,90.0,9.0,34.6,1.1,0.3,0.0,0.0,100.0,10.0,34.8,1.3,0.35714285714285715,0.4,0.0,56.0,-1231.0,16.0,17.0,498.0,-0.058823529411764705,0.0,-0.0625,0.0,0.21428571428571427,-0.23999999999999985,0.0
733,202107030805,1,0,1,5,5,7,5,56,0,0,0,0,0,0,0,2,2,1,3,19,0,0,0,0,0,0,0,0,0,0,0,12,0,0,0,0,0.0,0.0,7.0,5.0,41.3,2.4,0.42857142857142855,0.0,0.0,12.0,13.0,41.9,4.0,0.35714285714285715,0.0,0.0,6.0,10.0,37.4,1.1,0.4375,2.5,-2.0,0.0,0.09523809523809523,0.19047619047619047,8,16,54.1,12.0,1426,1556,306,0.0,0.0,9.0,12.0,41.6,2.5,0.21428571428571427,0.0,0.0,3.0,11.0,38.1,1.4,0.0625,1.1,0.0,56.0,-836.0,16.0,7.0,492.0,0.42857142857142855,0.2857142857142857,0.25,0.07142857142857142,0.0,0.6699999999999988,0.0
734,202107030805,2,4,2,21,1,0,1,20,0,0,0,2,0,0,0,3,1,0,1,6,0,0,0,0,0,0,0,3,0,0,0,3,0,0,0,0,0.0,0.0,16.0,16.0,34.7,1.3,1.0,0.0,0.0,10.0,15.0,43.4,6.2,0.06666666666666667,0.0,0.0,14.0,14.0,37.2,1.9,0.6875,-1.0,4.0,200.0,0.058823529411764705,0.22058823529411764,1,1,17.0,6.0,1152,1108,1428,0.0,0.0,11.0,12.0,34.3,0.9,1.0,0.0,0.0,6.0,13.0,38.6,2.5,0.875,-0.9,0.0,56.0,-1113.0,16.0,16.0,534.0,0.0,0.0,0.0,0.0,0.0,0.13000000000000042,0.0
735,202107030805,8,7,10,65,0,1,0,11,0,0,0,0,4,3,4,32,0,0,0,4,0,0,0,0,1,1,2,11,0,0,0,1,0,0,0,0,0.0,0.0,10.0,10.0,41.9,2.8,0.7,0.0,0.0,9.0,10.0,37.9,0.6,0.6153846153846154,0.0,0.0,6.0,15.0,40.0,2.0,0.5,2.5,-17.0,0.0,0.030303030303030304,0.15151515151515152,7,13,48.7,11.0,1576,1613,1577,0.0,0.0,11.0,11.0,39.6,1.7,0.375,0.0,0.0,2.0,1.0,37.9,0.0,0.125,-1.7,0.2,54.0,-724.0,16.0,10.0,485.0,0.3,0.0,-0.0625,0.0625,0.0,0.6299999999999997,0.0
736,202107030805,3,3,4,34,4,5,7,53,1,0,1,2,2,0,1,11,1,2,2,9,1,0,0,1,1,0,1,4,0,0,0,2,0,0,0,1,0.0,0.0,4.0,3.0,39.8,1.4,0.5555555555555556,0.0,0.0,12.0,16.0,40.2,3.4,0.375,0.0,0.0,11.0,10.0,37.5,0.7,0.0625,3.5,1.0,0.0,0.0,0.0,7,14,92.7,13.0,1393,1294,1263,0.0,0.0,14.0,14.0,38.9,1.5,0.1875,0.0,0.0,12.0,5.0,38.3,0.4,0.2,0.2,0.2,56.0,-880.0,16.0,9.0,473.0,-0.3333333333333333,0.25,0.0,0.0,-0.06666666666666667,0.43000000000000044,0.0
737,202107030805,0,0,0,0,2,2,1,34,0,0,0,0,0,0,0,0,0,1,0,9,0,0,0,0,0,0,0,0,0,0,0,1,0,0,0,0,0.0,0.0,40.0,2.0,38.2,0.6,0.5,0.0,0.0,160.0,13.0,39.2,2.4,1.0,0.0,0.0,120.0,11.0,39.6,3.3,0.5833333333333334,4.5,33.0,400.0,0.030303030303030304,0.18181818181818182,4,7,444.1,16.0,1498,1482,1036,0.0,0.0,120.0,12.0,41.1,3.7,0.4666666666666667,0.0,0.0,80.0,6.0,39.4,1.4,0.35714285714285715,0.7,0.2,56.0,-1145.0,16.0,10.0,491.0,-0.1,0.0,0.08333333333333333,0.0,0.07142857142857142,-0.429999999999999,0.0
738,202107030805,0,2,1,6,0,2,0,6,0,0,0,0,0,1,1,4,0,1,0,2,0,0,0,0,0,0,1,0,0,1,0,1,0,0,0,0,0.0,0.0,40.0,2.0,38.4,0.1,0.42857142857142855,0.0,0.0,160.0,13.0,37.6,1.8,0.6875,0.0,0.0,160.0,15.0,38.9,2.8,0.3125,6.5,-6.0,-100.0,0.0,0.0,8,15,335.5,15.0,1020,1511,1576,0.0,0.0,150.0,11.0,38.4,1.8,0.2,0.0,0.0,130.0,12.0,38.2,1.7,0.6923076923076923,1.8,0.2,54.0,-1149.0,16.0,7.0,472.0,-0.2857142857142857,0.0,0.0,0.0,0.07692307692307693,-0.04000000000000057,0.0
739,202107030805,2,4,2,28,4,2,1,43,0,0,0,1,1,1,1,8,1,2,1,13,0,0,0,0,1,1,0,3,1,0,0,5,0,0,0,0,0.0,0.0,14.0,9.0,35.1,0.5,0.0625,0.0,0.0,13.0,12.0,34.9,0.8,0.3076923076923077,0.0,0.0,9.0,1.0,37.1,0.0,0.15384615384615385,-4.0,-2.0,200.0,0.022222222222222223,0.15555555555555556,1,2,158.8,14.0,1009,1405,298,0.0,0.0,14.0,9.0,35.3,0.8,0.5,0.0,0.0,14.0,12.0,37.6,1.5,0.75,0.3,0.2,56.0,-749.0,16.0,16.0,482.0,0.0,-0.07692307692307693,0.0,0.1875,0.125,-0.5399999999999998,0.0
740,202107030805,2,4,2,21,0,0,0,0,0,0,0,0,0,0,0,3,0,0,0,0,0,0,0,0,0,0,0,3,0,0,0,0,0,0,0,0,0.0,0.0,50.0,70.0,41.6,2.6,0.1111111111111111,0.0,0.0,120.0,120.0,36.8,2.2,0.7692307692307693,0.0,0.0,100.0,120.0,35.7,1.7,1.0,25.0,2.0,0.0,0.1016949152542373,0.3050847457627119,2,4,46.0,10.0,1152,549,1428,0.0,0.0,50.0,120.0,34.8,0.8,0.7142857142857143,0.0,0.0,80.0,120.0,13.8,6.9,0.3076923076923077,10.0,0.0,56.0,-849.0,16.0,9.0,490.0,0.1111111111111111,0.15384615384615385,0.0,0.0,0.5384615384615384,5.76,0.0
741,202107040101,0,0,0,10,0,0,0,1,0,0,0,0,0,0,0,5,0,0,0,0,0,0,0,0,0,0,0,3,0,0,0,0,0,0,0,0,0.0,0.0,2.0,2.0,38.3,0.2,0.06666666666666667,0.0,0.0,5.0,5.0,37.4,1.4,0.14285714285714285,0.0,0.0,1.0,7.0,37.9,0.9,0.25,2.5,10.0,-300.0,0.2,0.43333333333333335,4,7,8.6,6.0,1716,565,1167,0.0,0.0,1.0,2.0,37.4,0.6,0.0625,0.0,0.0,1.0,3.0,37.4,0.6,0.0625,-0.1,0.6,54.0,-526.0,16.0,15.0,468.0,0.0,0.14285714285714285,0.0,0.0,0.0,0.17999999999999972,0.0
742,202107040101,1,2,1,4,0,0,0,0,0,0,0,0,0,1,1,1,0,0,0,0,0,0,0,0,0,1,0,0,0,0,0,0,0,0,0,0,0.0,0.0,5.0,6.0,38.7,0.8,0.09090909090909091,0.0,0.0,13.0,9.0,37.6,1.8,0.4375,0.0,0.0,11.0,7.0,38.5,1.5,0.1875,0.5,-10.0,200.0,0.0,0.0,3,5,3.4,1.0,1228,1374,1108,0.0,0.0,13.0,6.0,37.6,1.9,0.375,0.0,0.0,13.0,13.0,37.3,1.8,0.3333333333333333,1.1,0.0,54.0,-925.0,16.0,11.0,468.0,0.0,0.0625,0.0,0.0625,0.06666666666666667,0.28000000000000114,0.0
743,202107040101,0,0,0,0,0,0,4,14,0,0,0,0,0,0,0,0,0,0,0,5,0,0,0,0,0,0,0,0,0,0,0,1,0,0,0,0,0.0,0.0,12.0,12.0,36.4,1.5,0.625,0.0,0.0,7.0,6.0,37.4,1.5,0.7692307692307693,0.0,0.0,9.0,7.0,37.5,0.9,0.6,-2.5,-2.0,200.0,0.06521739130434782,0.1956521739130435,3,6,141.5,13.0,1089,1183,1428,0.0,0.0,11.0,16.0,35.9,1.8,0.6111111111111112,0.0,0.0,9.0,8.0,36.7,1.4,0.7333333333333333,0.2,0.0,53.0,-924.0,16.0,16.0,502.0,0.0625,-0.15384615384615385,-0.13333333333333333,-0.05555555555555555,0.13333333333333333,0.08999999999999915,0.0
744,202107040101,0,0,0,10,3,0,2,9,0,0,0,0,0,0,0,5,1,0,0,4,0,0,0,0,0,0,0,3,0,0,0,2,0,0,0,0,0.0,0.0,1.0,5.0,41.7,0.9,0.3333333333333333,0.0,0.0,4.0,11.0,36.5,1.3,0.75,0.0,0.0,5.0,4.0,37.2,0.6,0.4375,-0.5,20.0,0.0,0.0,0.10526315789473684,2,4,7.9,5.0,1716,1556,1167,0.0,0.0,5.0,2.0,37.6,0.2,0.13333333333333333,0.0,0.0,8.0,7.0,34.4,0.7,0.4444444444444444,-0.5,0.2,54.0,-1020.0,16.0,12.0,484.0,0.0,0.0625,-0.0625,0.0,0.05555555555555555,1.3500000000000008,0.0
745,202107040101,1,0,0,9,1,0,1,5,0,0,0,1,1,0,0,4,1,0,0,2,0,0,0,0,0,0,0,2,1,0,0,2,0,0,0,0,0.0,0.0,4.0,4.0,39.6,1.6,1.0,0.0,0.0,12.0,8.0,39.2,2.4,0.9333333333333333,0.0,0.0,10.0,12.0,38.0,3.2,0.9375,4.0,20.0,-200.0,0.05555555555555555,0.2222222222222222,1,1,90.8,11.0,1172,1558,1556,0.0,0.0,11.0,5.0,37.2,1.5,0.8125,0.0,0.0,14.0,8.0,40.5,1.8,0.3125,0.5,0.0,54.0,-1143.0,16.0,9.0,480.0,-0.1111111111111111,-0.2,-0.0625,-0.0625,0.0,0.020000000000000285,0.0
746,202107040101,1,0,0,5,0,0,0,4,0,0,0,0,1,0,0,1,0,0,0,2,0,0,0,0,0,0,0,0,0,0,0,1,0,0,0,0,0.0,0.0,5.0,8.0,40.2,1.3,0.1,0.0,0.0,6.0,9.0,40.3,3.4,0.2,0.0,0.0,11.0,13.0,37.6,2.7,0.3333333333333333,2.5,12.0,-300.0,0.0,0.08823529411764706,8,15,98.5,12.0,1393,1366,1263,0.0,0.0,12.0,6.0,37.7,1.6,0.6875,,,,,,,,-0.2,0.0,54.0,-370.0,16.0,10.0,456.0,0.3,0.13333333333333333,0.2777777777777778,0.0,,1.0199999999999996,0.0
747,202107040101,1,0,0,4,0,0,0,0,0,0,0,0,0,0,0,0,0,0,0,0,0,0,0,0,0,0,0,0,0,0,0,0,0,0,0,0,0.0,0.0,5.0,6.0,39.7,1.7,0.6,0.0,0.0,14.0,14.0,39.9,2.4,0.75,0.0,0.0,12.0,16.0,37.0,2.2,0.75,5.0,25.0,-100.0,0.06896551724137931,0.06896551724137931,7,14,5.8,4.0,1304,1520,1503,0.0,0.0,9.0,14.0,36.3,1.9,0.2222222222222222,0.0,0.0,6.0,1.0,35.0,0.0,0.07142857142857142,-1.0,0.2,54.0,-1108.0,16.0,10.0,473.0,0.0,0.1875,0.125,0.0,0.0,1.3000000000000007,0.0
748,202107040101,0,0,0,2,3,0,2,9,0,0,0,0,0,0,0,2,1,0,0,4,0,0,0,0,0,0,0,2,0,0,0,2,0,0,0,0,0.0,0.0,4.0,4.0,37.9,0.6,0.2857142857142857,0.0,0.0,3.0,8.0,38.4,2.0,0.5,0.0,0.0,1.0,5.0,38.0,0.4,0.13333333333333333,0.5,-10.0,200.0,0.08333333333333333,0.25,1,2,5.2,3.0,1629,1556,1428,0.0,0.0,2.0,2.0,38.0,0.2,0.4666666666666667,0.0,0.0,3.0,2.0,38.2,0.9,0.375,-1.0,0.4,54.0,-63.0,16.0,14.0,488.0,-0.07142857142857142,0.0,0.0,0.0,-0.125,-0.020000000000000996,0.0
749,202107040101,0,0,0,5,0,1,0,2,0,0,0,0,0,0,0,0,0,0,0,0,0,0,0,0,0,0,0,0,0,0,0,0,0,0,0,0,0.0,0.0,20.0,80.0,39.8,1.8,0.2857142857142857,0.0,0.0,30.0,60.0,37.3,0.6,0.6428571428571429,0.0,0.0,20.0,90.0,39.2,2.1,0.125,5.0,17.0,200.0,0.13333333333333333,0.3,6,11,4.3,2.0,1736,548,1482,0.0,0.0,30.0,50.0,39.3,0.8,0.3125,0.0,0.0,30.0,20.0,38.2,0.4,0.7333333333333333,-13.0,0.0,54.0,-1118.0,16.0,14.0,479.0,0.0,-0.21428571428571427,0.0,0.0,-0.13333333333333333,0.11999999999999886,0.0
750,202107040101,1,0,0,5,0,0,0,2,0,0,0,0,1,0,0,1,0,0,0,0,0,0,0,0,0,0,0,0,0,0,0,0,0,0,0,0,0.0,0.0,1.0,6.0,39.9,2.8,0.5555555555555556,0.0,0.0,16.0,10.0,38.6,2.2,0.5,0.0,0.0,16.0,9.0,38.5,1.6,0.375,1.5,2.0,200.0,0.029411764705882353,0.14705882352941177,6,12,295.5,16.0,1393,1589,1263,0.0,0.0,15.0,13.0,43.9,3.8,0.13333333333333333,0.0,0.0,15.0,11.0,37.2,1.9,0.8,1.3,0.0,53.0,-30.0,16.0,9.0,508.0,0.1111111111111111,0.0,0.125,0.3333333333333333,0.13333333333333333,0.009999999999999431,0.0
751,202107040101,1,1,0,10,1,0,1,4,0,0,0,0,0,0,0,5,0,0,0,1,0,0,0,0,0,0,0,2,0,0,0,1,0,0,0,0,0.0,0.0,11.0,10.0,35.5,0.6,0.8571428571428571,0.0,0.0,10.0,8.0,35.8,1.6,0.9285714285714286,0.0,0.0,7.0,11.0,39.4,2.3,0.125,0.5,4.0,400.0,0.03571428571428571,0.14285714285714285,4,8,35.3,7.0,1278,1376,625,0.0,0.0,10.0,10.0,38.2,1.5,0.4375,0.0,0.0,10.0,9.0,38.1,1.9,0.875,0.0,0.0,54.0,-78.0,16.0,14.0,432.0,0.0,0.0,0.0,-0.0625,-0.0625,-0.7600000000000009,0.0
752,202107040101,0,0,0,10,1,0,0,3,0,0,0,0,0,0,0,5,0,0,0,2,0,0,0,0,0,0,0,3,0,0,0,2,0,0,0,0,0.0,0.0,11.0,12.0,35.4,1.1,0.9285714285714286,0.0,0.0,8.0,7.0,35.3,0.9,1.0,0.0,0.0,6.0,9.0,35.7,1.1,0.6923076923076923,-1.5,4.0,400.0,0.02127659574468085,0.14893617021276595,2,3,52.9,9.0,1716,1436,1167,0.0,0.0,6.0,4.0,35.3,0.5,0.7142857142857143,0.0,0.0,14.0,6.0,34.7,0.7,0.7142857142857143,-1.5,0.0,54.0,-974.0,16.0,14.0,464.0,0.0,0.0,0.23076923076923078,0.0,0.14285714285714285,0.13999999999999915,0.0
753,202107040101,1,1,0,10,0,0,0,0,0,0,0,0,0,0,0,5,0,0,0,0,0,0,0,0,0,0,0,2,0,0,0,0,0,0,0,0,0.0,0.0,4.0,10.0,36.6,1.0,0.5625,0.0,0.0,6.0,5.0,36.7,0.5,0.4375,0.0,0.0,10.0,4.0,36.3,0.2,0.2727272727272727,-3.0,10.0,200.0,0.02857142857142857,0.14285714285714285,7,13,145.7,14.0,1278,1360,625,0.0,0.0,7.0,7.0,36.3,0.3,0.125,0.0,0.0,8.0,9.0,37.7,1.5,0.4375,0.0,0.0,52.0,-960.0,16.0,16.0,502.0,-0.0625,-0.0625,0.0,0.0,-0.0625,-0.17999999999999972,0.0
754,202107040101,0,0,0,0,0,0,0,1,0,0,0,0,0,0,0,0,0,0,0,0,0,0,0,0,0,0,0,0,0,0,0,0,0,0,0,0,0.0,0.0,1.0,7.0,42.7,3.0,0.125,0.0,0.0,9.0,8.0,36.4,0.5,0.2857142857142857,0.0,0.0,11.0,8.0,37.1,0.7,0.5,0.5,-11.0,0.0,0.2037037037037037,0.3888888888888889,8,16,39.4,8.0,884,377,882,0.0,0.0,8.0,14.0,39.7,3.7,0.75,,,,,,,,2.1,0.0,54.0,-302.0,16.0,8.0,451.0,0.375,0.07142857142857142,0.0,0.125,,0.8299999999999997,0.0
755,202107040101,1,0,0,5,1,0,1,5,0,0,0,0,1,0,0,1,1,0,0,2,0,0,0,0,0,0,0,0,1,0,0,2,0,0,0,0,0.0,0.0,7.0,7.0,44.1,3.5,0.5,0.0,0.0,10.0,15.0,41.1,4.0,0.125,0.0,0.0,8.0,10.0,39.2,2.8,0.5833333333333334,1.5,-4.0,100.0,0.047619047619047616,0.19047619047619047,5,9,76.2,10.0,1393,1558,1263,0.0,0.0,14.0,6.0,36.5,0.6,0.7222222222222222,,,,,,,,-0.8,0.0,54.0,-449.0,16.0,8.0,418.0,0.375,0.1875,0.16666666666666666,-0.05555555555555555,,2.47,0.0
756,202107040101,1,0,2,10,0,0,0,2,0,0,0,0,1,0,1,4,0,0,0,1,0,0,0,0,0,0,1,2,0,0,0,1,0,0,0,0,0.0,0.0,12.0,11.0,43.3,5.2,1.0,0.0,0.0,15.0,16.0,41.2,6.7,1.0,0.0,0.0,11.0,13.0,38.6,5.5,1.0,1.0,6.0,0.0,0.2,0.2,5,10,281.5,15.0,1576,1503,1577,,,,,,,,,,,,,,,1.0,0.0,50.0,-65.0,16.0,12.0,386.0,-0.08333333333333333,0.0,0.0,,,2.349999999999998,0.0
757,202107040112,0,0,0,10,0,0,0,1,0,0,0,0,0,0,0,5,0,0,0,0,0,0,0,0,0,0,0,0,0,0,0,0,0,0,0,0,0.0,0.0,6.0,2.0,37.4,0.1,0.0625,0.0,0.0,3.0,7.0,39.0,0.7,0.0625,0.0,0.0,4.0,9.0,36.5,1.2,0.16666666666666666,3.5,-10.0,0.0,0.0,0.0,4,8,9.1,5.0,1716,1341,1167,0.0,0.0,7.0,2.0,36.2,0.1,0.0625,0.0,0.0,5.0,1.0,37.3,0.0,0.06666666666666667,-0.7,0.6,51.0,-315.0,16.0,16.0,482.0,0.0,0.0,0.25,0.0,0.0,0.3,0.0
758,202107040112,1,0,1,6,0,0,1,0,0,0,0,0,0,0,0,3,0,0,1,0,0,0,0,0,0,0,0,0,0,0,0,0,0,0,0,0,0.0,0.0,4.0,7.0,42.8,2.0,0.5555555555555556,0.0,0.0,15.0,9.0,37.7,0.9,0.9333333333333333,0.0,0.0,14.0,14.0,38.9,2.4,0.9375,3.5,4.0,-300.0,0.0,0.0,2,4,13.8,7.0,1482,14,1263,0.0,0.0,5.0,7.0,37.1,0.9,0.7857142857142857,0.0,0.0,9.0,5.0,37.0,0.3,0.8,-0.6,0.0,57.0,-1083.0,16.0,9.0,482.0,0.1111111111111111,-0.06666666666666667,0.0,0.07142857142857142,-0.13333333333333333,1.2199999999999995,0.0
759,202107040112,0,0,0,1,1,0,1,5,0,0,0,0,0,0,0,0,1,0,0,2,0,0,0,0,0,0,0,0,0,0,0,0,0,0,0,0,0.0,0.0,1.0,4.0,37.7,1.5,0.9166666666666666,0.0,0.0,7.0,10.0,36.6,1.6,0.875,0.0,0.0,3.0,3.0,36.3,0.8,0.9333333333333333,-0.5,1.0,-100.0,0.0847457627118644,0.23728813559322035,2,3,6.8,3.0,1581,1558,1167,0.0,0.0,2.0,8.0,36.3,1.0,1.0,0.0,0.0,8.0,7.0,38.2,1.5,0.9375,0.4,0.2,57.0,-1136.0,16.0,12.0,513.0,-0.4166666666666667,-0.125,0.0,-0.0625,-0.125,-0.06999999999999958,0.0
760,202107040112,0,0,1,3,0,0,0,2,0,0,0,0,0,0,1,1,0,0,0,2,0,0,0,0,0,0,0,0,0,0,0,0,0,0,0,0,0.0,0.0,140.0,6.0,39.1,1.3,0.4,0.0,0.0,30.0,1.0,37.1,0.0,0.15384615384615385,0.0,0.0,30.0,6.0,37.6,0.8,0.4375,0.0,-4.0,0.0,0.0,0.38461538461538464,8,16,19.3,9.0,1009,1645,298,0.0,0.0,20.0,3.0,37.9,0.8,0.4375,0.0,0.0,10.0,3.0,37.8,0.4,0.125,-0.4,0.6,54.0,145.0,16.0,15.0,490.0,-0.13333333333333333,0.0,-0.0625,-0.125,0.0,0.18000000000000113,0.0
761,202107040112,0,1,2,16,0,1,0,1,0,0,0,0,0,0,1,4,0,1,0,0,0,0,0,0,0,0,0,0,0,0,0,0,0,0,0,0,0.0,0.0,16.0,15.0,39.4,3.7,0.375,0.0,0.0,15.0,12.0,38.1,2.4,0.9333333333333333,0.0,0.0,13.0,16.0,37.8,1.8,0.4375,0.5,-14.0,0.0,0.06666666666666667,0.2,1,1,25.2,12.0,1221,1306,1263,0.0,0.0,6.0,13.0,38.6,1.3,0.7333333333333333,0.0,0.0,15.0,5.0,36.7,0.7,0.5,-1.9,0.0,56.0,-749.0,16.0,16.0,498.0,0.125,-0.06666666666666667,-0.0625,-0.06666666666666667,-0.0625,0.48999999999999916,0.0
762,202107040112,1,0,0,5,0,0,0,0,0,0,0,0,1,0,0,1,0,0,0,0,0,0,0,0,0,0,0,0,0,0,0,0,0,0,0,0,0.0,0.0,60.0,11.0,39.3,1.4,0.3125,0.0,0.0,80.0,8.0,37.5,0.6,0.1875,0.0,0.0,130.0,7.0,37.5,0.5,0.0625,-2.0,-4.0,0.0,0.029411764705882353,0.17647058823529413,5,9,10.3,6.0,1393,580,1263,0.0,0.0,100.0,11.0,37.0,0.9,0.5714285714285714,0.0,0.0,100.0,15.0,37.8,2.0,0.4375,1.1,0.0,57.0,-329.0,16.0,16.0,456.0,0.125,0.0625,0.0,-0.07142857142857142,0.125,0.35,0.0
763,202107040112,0,1,1,4,0,0,4,14,0,0,0,0,0,0,0,3,0,0,0,5,0,0,0,0,0,0,0,0,0,0,0,0,0,0,0,0,0.0,0.0,5.0,5.0,42.7,4.0,0.8,0.0,0.0,12.0,12.0,13.8,7.8,0.5,0.0,0.0,9.0,11.0,14.0,8.9,0.2857142857142857,3.0,-6.0,0.0,0.12903225806451613,0.25806451612903225,6,12,19.9,10.0,1348,1183,1221,0.0,0.0,6.0,10.0,37.8,1.4,1.0,0.0,0.0,15.0,7.0,37.6,0.4,1.0,0.2,0.0,57.0,-963.0,16.0,5.0,500.0,0.2,0.21428571428571427,0.35714285714285715,-0.0625,-0.375,-1.3799999999999997,0.0
764,202107040112,0,0,0,0,0,0,0,0,0,0,0,0,0,0,0,0,0,0,0,0,0,0,0,0,0,0,0,0,0,0,0,0,0,0,0,0,0.0,0.0,4.0,5.0,13.9,1.1,0.7777777777777778,0.0,0.0,4.0,7.0,13.4,4.9,0.7777777777777778,0.0,0.0,5.0,6.0,13.7,4.5,0.6666666666666666,0.5,2.0,-1350.0,0.0,0.0,3,6,4.0,1.0,1605,1508,1,0.0,0.0,4.0,6.0,13.6,2.8,0.3333333333333333,0.0,0.0,3.0,4.0,13.6,1.5,0.36363636363636365,-0.3,0.0,57.0,-1254.0,16.0,9.0,498.0,-0.3333333333333333,0.0,0.0,0.0,0.09090909090909091,0.040000000000000216,0.0
765,202107040112,0,0,1,2,0,0,4,14,0,0,0,0,0,0,0,0,0,0,0,5,0,0,0,0,0,0,0,0,0,0,0,0,0,0,0,0,0.0,0.0,7.0,7.0,39.3,3.0,0.36363636363636365,0.0,0.0,11.0,9.0,37.0,1.4,0.8,0.0,0.0,9.0,10.0,36.9,0.9,0.5625,1.5,22.0,-400.0,0.03636363636363636,0.14545454545454545,3,5,22.2,11.0,1428,1183,1263,0.0,0.0,6.0,8.0,36.6,0.6,0.75,0.0,0.0,5.0,4.0,37.5,0.5,0.3125,-0.7,0.0,57.0,-143.0,16.0,11.0,502.0,-0.09090909090909091,0.06666666666666667,0.125,-0.25,-0.0625,0.3999999999999993,0.0
766,202107040112,0,0,0,0,0,0,0,2,0,0,0,0,0,0,0,0,0,0,0,1,0,0,0,0,0,0,0,0,0,0,0,0,0,0,0,0,0.0,0.0,7.0,3.0,41.2,0.9,0.5714285714285714,0.0,0.0,16.0,16.0,39.8,3.8,0.125,0.0,0.0,10.0,15.0,40.2,3.5,0.2,6.0,-7.0,0.0,0.029411764705882353,0.14705882352941177,1,2,7.5,4.0,1319,1503,334,0.0,0.0,4.0,10.0,38.3,1.6,0.26666666666666666,0.0,0.0,5.0,1.0,37.8,0.0,0.16666666666666666,-1.0,0.4,55.0,-1145.0,16.0,14.0,477.0,-0.21428571428571427,0.0625,0.0,0.06666666666666667,0.0,0.8300000000000012,0.0
767,202107040112,1,0,1,6,0,0,0,3,0,0,0,0,0,0,0,3,0,0,0,1,0,0,0,0,0,0,0,0,0,0,0,0,0,0,0,0,0.0,0.0,15.0,11.0,37.2,1.7,0.9333333333333333,0.0,0.0,16.0,14.0,36.5,1.8,0.75,0.0,0.0,11.0,16.0,39.0,2.3,0.75,2.5,8.0,0.0,0.034482758620689655,0.29310344827586204,8,15,180.5,15.0,1482,770,1263,0.0,0.0,15.0,7.0,35.0,0.4,0.8125,0.0,0.0,14.0,9.0,37.3,1.2,0.8125,-1.1,0.0,57.0,0.0,16.0,15.0,482.0,0.0,0.0625,-0.0625,0.0625,-0.0625,0.13000000000000114,0.0
768,202107040112,0,0,1,2,0,0,1,4,0,0,0,0,0,0,0,0,0,0,1,2,0,0,0,0,0,0,0,0,0,0,0,0,0,0,0,0,0.0,0.0,9.0,4.0,37.5,0.6,0.7,0.0,0.0,14.0,11.0,35.8,2.1,0.9333333333333333,0.0,0.0,13.0,13.0,38.7,2.4,0.4666666666666667,4.5,2.0,200.0,0.12195121951219512,0.21951219512195122,7,14,30.6,13.0,1713,1405,215,0.0,0.0,16.0,9.0,35.6,0.5,0.875,0.0,0.0,13.0,13.0,37.4,2.0,0.625,1.6,0.0,57.0,-718.0,16.0,10.0,482.0,-0.1,0.0,0.3333333333333333,-0.0625,0.0625,0.039999999999999855,0.0
769,202107040112,0,0,0,2,0,1,0,5,0,0,0,0,0,0,0,2,0,0,0,3,0,0,0,0,0,0,0,0,0,0,0,0,0,0,0,0,0.0,0.0,140.0,13.0,37.5,1.8,0.8,0.0,0.0,110.0,9.0,37.7,2.0,0.9090909090909091,0.0,0.0,130.0,7.0,36.8,0.6,0.8666666666666667,-3.0,-8.0,0.0,0.3333333333333333,0.5,4,7,171.8,14.0,1370,1482,1559,0.0,0.0,140.0,15.0,38.5,2.5,0.25,0.0,0.0,90.0,6.0,37.1,0.4,0.5,-0.8,0.0,54.0,0.0,16.0,15.0,450.0,0.0,0.0,0.06666666666666667,0.0625,-0.0625,0.0,0.0
770,202107040112,0,1,0,2,0,0,0,10,0,0,0,0,0,1,0,0,0,0,0,1,0,0,0,0,0,0,0,0,0,0,0,0,0,0,0,0,0.0,0.0,90.0,9.0,38.3,2.7,1.0,0.0,0.0,20.0,14.0,38.5,1.9,0.4,0.0,0.0,30.0,9.0,36.2,1.0,0.7333333333333333,0.0,4.0,100.0,0.021739130434782608,0.15217391304347827,7,13,6.5,2.0,1520,1618,695,0.0,0.0,20.0,7.0,36.8,0.6,0.75,0.0,0.0,,,,,,-1.1,0.0,55.0,-141.0,16.0,10.0,528.0,-0.1,0.0,-0.06666666666666667,0.0,,0.6799999999999997,0.0
771,202107040112,1,0,0,3,1,0,1,5,0,0,0,0,0,0,0,0,1,0,0,2,0,0,0,0,0,0,0,0,0,0,0,0,0,0,0,0,0.0,0.0,6.0,10.0,43.2,2.6,0.08333333333333333,0.0,0.0,11.0,11.0,37.0,1.7,0.875,0.0,0.0,9.0,3.0,37.1,0.5,0.5625,-3.5,7.0,170.0,0.057971014492753624,0.21739130434782608,5,10,16.0,8.0,1095,1558,1221,0.0,0.0,9.0,6.0,36.8,0.9,0.7333333333333333,0.0,0.0,5.0,14.0,37.4,1.1,0.6428571428571429,0.3,0.2,57.0,-1091.0,16.0,12.0,535.0,0.08333333333333333,-0.125,0.0,-0.06666666666666667,-0.07142857142857142,1.180000000000001,0.0
772,202107040112,0,0,1,2,0,0,0,2,0,0,0,0,0,0,0,0,0,0,0,2,0,0,0,0,0,0,0,0,0,0,0,0,0,0,0,0,0.0,0.0,70.0,8.0,38.5,1.5,0.7857142857142857,0.0,0.0,80.0,8.0,36.8,0.4,0.9333333333333333,0.0,0.0,80.0,10.0,38.5,1.3,0.375,1.0,14.0,0.0,,,6,11,,,1428,1708,1263,0.0,0.0,20.0,9.0,36.2,1.5,0.7,0.0,0.0,50.0,3.0,37.0,0.0,0.25,-0.9,0.2,55.0,-623.0,16.0,14.0,480.0,-0.07142857142857142,-0.06666666666666667,0.0625,0.0,-0.0625,0.35999999999999943,0.0
773,202107040204,5,5,3,26,1,2,2,22,0,0,0,1,3,3,1,9,0,1,2,7,0,0,0,1,0,0,0,0,0,0,0,1,0,0,0,0,0.0,0.0,5.0,13.0,38.2,1.3,0.4,0.0,0.0,8.0,12.0,39.0,2.2,0.6875,0.0,0.0,8.0,3.0,37.8,0.4,0.5625,-5.0,-2.0,200.0,0.0,0.0,7,14,5.3,3.0,1576,1556,1577,0.0,0.0,6.0,11.0,37.3,1.8,0.875,0.0,0.0,3.0,3.0,37.1,1.6,0.46153846153846156,-2.1,0.4,51.0,-496.0,16.0,15.0,464.0,-0.06666666666666667,0.0,-0.5,0.0,0.0,0.39000000000000057,0.0
774,202107040204,0,0,0,0,0,0,0,1,0,0,0,0,0,0,0,0,0,0,0,1,0,0,0,0,0,0,0,0,0,0,0,0,0,0,0,0,0.0,0.0,9.0,7.0,37.7,0.8,0.5,0.0,0.0,6.0,11.0,37.6,1.5,0.75,0.0,0.0,8.0,9.0,38.1,1.3,0.125,1.0,8.0,200.0,0.0,1.0,8,15,13.1,7.0,1715,1028,770,0.0,0.0,1.0,1.0,38.0,0.0,0.125,0.0,0.0,4.0,2.0,36.7,0.0,0.125,-2.0,0.4,56.0,-202.0,16.0,16.0,482.0,0.125,0.0625,0.1875,0.0,0.0,0.16000000000000014,0.0
775,202107040204,1,1,1,10,1,0,1,11,0,0,0,0,0,0,1,4,1,0,1,5,0,0,0,0,0,0,0,0,0,0,0,1,0,0,0,0,0.0,0.0,3.0,10.0,39.6,3.1,1.0,0.0,0.0,1.0,5.0,38.9,0.7,0.375,0.0,0.0,1.0,3.0,38.3,0.4,0.125,-3.5,10.0,-100.0,0.02857142857142857,0.14285714285714285,7,13,3.5,1.0,1428,1366,1263,0.0,0.0,3.0,5.0,38.1,1.2,0.5333333333333333,0.0,0.0,6.0,4.0,37.6,0.7,0.125,-1.2,0.2,53.0,-386.0,16.0,11.0,452.0,-0.09090909090909091,-0.125,0.0,0.0,0.0,0.4799999999999997,0.0
776,202107040204,0,0,0,2,0,0,0,2,0,0,0,0,0,0,0,1,0,0,0,1,0,0,0,0,0,0,0,0,0,0,0,0,0,0,0,0,0.0,0.0,160.0,120.0,38.5,1.5,0.9375,0.0,0.0,40.0,110.0,40.6,2.6,0.5333333333333333,0.0,0.0,40.0,50.0,38.7,2.0,0.3333333333333333,-35.0,-3.0,200.0,0.02040816326530612,0.16326530612244897,2,3,4.2,2.0,1657,1306,1317,0.0,0.0,20.0,40.0,37.4,0.5,0.6875,0.0,0.0,20.0,90.0,38.8,1.0,0.5,-13.0,0.0,56.0,-1128.0,16.0,16.0,449.0,-0.1875,0.06666666666666667,0.13333333333333333,-0.0625,0.0,0.26000000000000084,0.0
777,202107040204,2,0,0,4,1,0,1,11,0,0,0,0,0,0,0,2,1,0,1,5,0,0,0,0,0,0,0,0,0,0,0,1,0,0,0,0,0.0,0.0,10.0,9.0,41.9,2.0,0.16666666666666666,0.0,0.0,6.0,9.0,40.7,2.8,0.5714285714285714,0.0,0.0,3.0,4.0,38.6,0.5,0.21428571428571427,-2.5,11.0,-100.0,0.125,0.25,1,2,23.5,9.0,1148,1366,1393,0.0,0.0,7.0,3.0,38.1,0.4,0.14285714285714285,0.0,0.0,6.0,10.0,37.2,1.3,0.5625,-0.4,0.2,54.0,-645.0,16.0,12.0,455.0,0.08333333333333333,-0.35714285714285715,-0.07142857142857142,-0.07142857142857142,0.1875,1.1999999999999993,0.0
778,202107040204,0,1,0,8,3,0,4,30,0,0,0,0,0,0,0,3,0,0,2,8,0,0,0,0,0,0,0,1,0,0,0,2,0,0,0,0,0.0,0.0,60.0,6.0,38.3,1.6,0.6363636363636364,0.0,0.0,160.0,13.0,34.1,1.2,0.8333333333333334,0.0,0.0,40.0,6.0,40.4,2.7,0.2857142857142857,0.0,22.0,-200.0,0.03333333333333333,0.2833333333333333,5,10,12.1,6.0,1489,1558,565,0.0,0.0,60.0,6.0,38.3,0.8,0.3125,0.0,0.0,50.0,6.0,41.5,1.4,0.3333333333333333,-0.7,0.0,56.0,-1134.0,16.0,11.0,462.0,-0.18181818181818182,0.05555555555555555,0.21428571428571427,0.0625,-0.08333333333333333,-1.06,0.0
779,202107040204,0,0,0,2,1,0,0,3,0,0,0,0,0,0,0,1,0,0,0,1,0,0,0,0,0,0,0,0,0,0,0,1,0,0,0,0,0.0,0.0,1.0,1.0,38.0,0.0,0.3333333333333333,0.0,0.0,15.0,8.0,40.0,1.8,0.4375,0.0,0.0,11.0,5.0,38.7,2.1,0.6428571428571429,2.0,19.0,-200.0,0.125,0.125,6,11,12.0,4.0,1020,1034,1576,0.0,0.0,9.0,8.0,38.8,1.5,0.5384615384615384,0.0,0.0,12.0,9.0,38.3,1.0,0.4666666666666667,1.6,0.2,56.0,-1141.0,16.0,6.0,527.0,0.0,0.125,-0.2857142857142857,0.3076923076923077,-0.06666666666666667,0.06000000000000085,0.0
780,202107040204,0,0,0,0,0,0,0,2,0,0,0,0,0,0,0,0,0,0,0,0,0,0,0,0,0,0,0,0,0,0,0,0,0,0,0,0,0.0,0.0,40.0,11.0,42.9,3.9,0.8333333333333334,0.0,0.0,130.0,14.0,35.7,2.7,1.0,0.0,0.0,80.0,8.0,37.9,1.1,0.75,-1.5,1.0,-600.0,0.0,0.17647058823529413,2,4,15.5,8.0,1175,1313,882,0.0,0.0,50.0,6.0,39.6,0.9,0.25,0.0,0.0,70.0,5.0,39.6,1.6,0.4666666666666667,-2.0,0.0,56.0,-688.0,16.0,12.0,449.0,-0.08333333333333333,-0.0625,0.0,0.0625,0.06666666666666667,0.2699999999999996,0.0
781,202107040204,3,0,2,19,0,1,0,5,0,0,0,0,1,0,0,6,0,0,0,0,0,0,0,0,1,0,0,1,0,0,0,0,0,0,0,0,0.0,0.0,150.0,15.0,41.2,3.9,0.375,0.0,0.0,16.0,13.0,36.9,1.7,0.8125,0.0,0.0,13.0,12.0,33.1,1.1,0.7222222222222222,-1.5,0.0,-400.0,0.03508771929824561,0.14035087719298245,4,8,12.1,5.0,1691,1708,1167,0.0,0.0,14.0,11.0,13.3,4.1,0.6428571428571429,0.0,0.0,12.0,12.0,13.8,7.1,0.8333333333333334,-0.8,0.0,54.0,-1287.0,16.0,16.0,454.0,0.0625,0.125,,0.21428571428571427,0.16666666666666666,7.840000000000001,0.0
782,202107040204,0,2,2,5,4,3,1,19,0,0,0,0,0,0,2,2,1,2,0,5,0,0,0,0,0,0,0,1,0,0,0,0,0,0,0,0,0.0,0.0,40.0,70.0,42.0,2.5,0.5714285714285714,0.0,0.0,160.0,100.0,38.8,1.6,0.5,0.0,0.0,150.0,90.0,39.9,1.9,0.5625,10.0,5.0,0.0,0.0,0.0,8,16,389.3,16.0,1191,1167,1235,0.0,0.0,120.0,100.0,36.8,2.3,0.9375,0.0,0.0,160.0,80.0,39.0,2.9,0.4375,2.0,0.0,53.0,-819.0,16.0,7.0,459.0,0.2857142857142857,-0.0625,0.0625,0.0,0.0,0.8,0.0
783,202107040204,2,1,0,16,0,1,0,13,0,0,0,0,1,0,0,6,0,1,0,6,0,0,0,0,1,0,0,1,0,1,0,1,0,0,0,0,0.0,0.0,20.0,10.0,40.8,0.0,0.14285714285714285,0.0,0.0,130.0,140.0,38.8,3.7,0.25,0.0,0.0,130.0,80.0,39.3,1.0,0.13333333333333333,35.0,19.0,-470.0,0.0,0.0,1,1,182.7,15.0,1645,1618,1366,0.0,0.0,150.0,110.0,38.3,1.8,0.875,0.0,0.0,150.0,180.0,36.7,2.9,1.0,31.0,0.0,56.0,-1109.0,16.0,7.0,489.0,0.0,0.5625,0.13333333333333333,0.0,0.0,0.8699999999999989,0.0
784,202107040204,0,0,0,4,1,1,0,7,0,0,0,0,0,0,0,1,0,0,0,3,0,0,0,0,0,0,0,1,0,0,0,0,0,0,0,0,0.0,0.0,6.0,7.0,41.0,1.3,1.0,0.0,0.0,17.0,7.0,34.1,0.6,0.8333333333333334,0.0,0.0,10.0,7.0,39.8,2.7,0.6428571428571429,0.0,-7.0,0.0,0.0,0.3333333333333333,3,6,47.1,11.0,1333,1503,1294,0.0,0.0,11.0,12.0,39.3,1.8,0.3125,0.0,0.0,8.0,12.0,38.2,2.1,0.8666666666666667,1.5,0.0,51.0,-1143.0,16.0,12.0,417.0,-0.25,-0.05555555555555555,0.14285714285714285,0.125,0.0,0.039999999999999855,0.0
785,202107040204,1,1,1,10,0,0,0,0,0,0,0,0,0,0,1,4,0,0,0,0,0,0,0,0,0,0,0,0,0,0,0,0,0,0,0,0,0.0,0.0,8.0,8.0,43.8,3.9,0.125,0.0,0.0,14.0,13.0,39.1,2.1,0.625,0.0,0.0,8.0,16.0,41.4,2.9,0.125,4.0,-8.0,0.0,0.02857142857142857,0.17142857142857143,4,7,84.8,14.0,1428,377,1263,0.0,0.0,4.0,12.0,39.7,1.7,0.625,0.0,0.0,6.0,9.0,35.7,0.7,0.16666666666666666,0.1,0.0,56.0,-656.0,16.0,8.0,456.0,0.875,0.0,0.0,0.0625,0.0,1.5599999999999987,0.0
786,202107040204,2,1,0,16,4,3,2,16,0,0,0,0,1,0,0,6,4,1,2,6,0,0,0,0,1,0,0,1,1,0,0,3,0,0,0,0,0.0,0.0,6.0,7.0,42.7,2.0,0.6,0.0,0.0,11.0,,,,,0.0,0.0,10.0,14.0,41.1,3.0,0.0625,7.0,22.0,0.0,0.0,0.08571428571428572,6,12,24.0,10.0,1645,1405,1366,0.0,0.0,8.0,5.0,39.4,1.9,0.3125,0.0,0.0,6.0,4.0,38.2,0.8,0.5625,-1.8,0.0,56.0,-536.0,16.0,10.0,498.0,0.2,,0.0,0.0,0.0625,1.5200000000000002,0.0
787,202107040204,2,4,3,12,1,0,1,3,0,0,0,0,1,1,3,5,0,0,0,0,0,0,0,0,0,0,1,2,0,0,0,0,0,0,0,0,0.0,0.0,90.0,12.0,44.7,5.7,0.5,0.0,0.0,150.0,12.0,42.2,3.9,0.2,0.0,0.0,120.0,15.0,39.3,3.0,0.9375,1.5,-4.0,0.0,0.06382978723404255,0.2127659574468085,3,5,53.9,12.0,1716,1417,1167,,,,,,,,,,,,,,,1.5,0.0,55.0,-1147.0,16.0,12.0,504.0,0.08333333333333333,0.4,-0.0625,,,2.700000000000003,0.0
788,202107040204,1,0,2,21,1,2,2,22,0,0,0,2,1,0,1,7,0,1,2,7,0,0,0,1,0,0,0,2,0,0,0,1,0,0,0,0,0.0,0.0,,,,,,0.0,0.0,140.0,15.0,44.2,7.0,0.2,0.0,0.0,130.0,16.0,41.7,6.8,1.0,1.0,,100.0,0.375,0.5,5,9,78.3,13.0,1520,1556,695,0.0,0.0,160.0,7.0,37.9,1.1,0.5625,0.0,0.0,110.0,15.0,41.5,4.4,0.6875,-0.9,0.0,51.0,-377.0,16.0,8.0,,,0.6,0.0,-0.0625,0.25,1.1900000000000013,0.0
789,202107040212,0,0,1,0,0,0,0,0,0,0,0,0,0,0,0,0,0,0,0,0,0,0,0,0,0,0,0,0,0,0,0,0,0,0,0,0,0.0,0.0,5.0,5.0,39.5,1.9,0.75,0.0,0.0,12.0,13.0,13.7,8.2,0.2857142857142857,0.0,0.0,11.0,12.0,14.6,17.3,1.0,3.5,12.0,-200.0,0.2857142857142857,0.42857142857142855,7,12,5.5,2.0,1463,527,1167,0.0,0.0,15.0,13.0,38.2,2.1,0.06666666666666667,0.0,0.0,12.0,16.0,38.6,2.9,0.0625,2.2,0.0,51.0,-1148.0,15.0,8.0,520.0,0.125,0.6428571428571429,0.0,0.0,0.0,-2.270000000000001,0.0
790,202107040212,2,4,3,12,0,0,1,2,0,0,0,0,1,1,3,5,0,0,1,1,0,0,0,0,0,0,2,0,0,0,0,0,0,0,0,0,0.0,0.0,10.0,10.0,39.4,1.6,0.5,0.0,0.0,9.0,10.0,37.6,1.9,0.18181818181818182,0.0,0.0,11.0,14.0,36.0,1.7,0.2857142857142857,2.0,-17.0,200.0,0.020833333333333332,0.14583333333333334,2,2,6.6,3.0,1716,987,1167,0.0,0.0,9.0,14.0,38.9,2.6,0.8125,0.0,0.0,9.0,14.0,36.3,1.4,0.2857142857142857,1.2,0.0,57.0,-905.0,15.0,10.0,459.0,0.1,0.0,0.0,0.125,0.2857142857142857,0.49000000000000055,0.0
791,202107040212,2,0,3,11,0,0,1,8,0,0,0,1,1,0,0,1,0,0,0,3,0,0,0,0,0,0,0,0,0,0,0,1,0,0,0,0,0.0,0.0,110.0,12.0,39.3,3.1,1.0,0.0,0.0,90.0,9.0,42.2,3.4,0.09090909090909091,0.0,0.0,80.0,7.0,36.7,1.1,0.875,-2.5,-13.0,-100.0,0.0,0.10714285714285714,7,13,22.0,8.0,1127,848,1328,0.0,0.0,30.0,7.0,36.9,1.5,1.0,0.0,0.0,80.0,3.0,35.4,0.7,0.7333333333333333,-2.0,0.2,55.0,-393.0,15.0,12.0,487.0,-0.25,0.0,-0.1875,-0.07692307692307693,-0.13333333333333333,1.31,0.0
792,202107040212,3,0,2,19,0,0,0,0,0,0,0,0,1,0,0,6,0,0,0,0,0,0,0,0,0,0,0,3,0,0,0,0,0,0,0,0,0.0,0.0,15.0,12.0,36.1,1.5,0.875,0.0,0.0,12.0,9.0,35.3,0.8,0.8125,0.0,0.0,4.0,6.0,37.4,1.1,0.13333333333333333,-3.0,0.0,0.0,0.11904761904761904,0.21428571428571427,4,7,3.0,1.0,1691,1648,1167,0.0,0.0,9.0,13.0,37.6,1.3,0.375,0.0,0.0,7.0,4.0,35.1,0.2,0.625,-1.2,0.0,54.0,-1225.0,15.0,16.0,526.0,0.0625,0.0,0.0,0.25,0.0,-0.030000000000000426,0.0
793,202107040212,3,0,0,17,0,1,0,9,0,0,0,1,0,0,0,7,0,1,0,3,0,0,0,1,0,0,0,2,0,0,0,1,0,0,0,0,0.0,0.0,9.0,8.0,40.2,1.0,0.5,0.0,0.0,12.0,13.0,37.3,1.9,0.625,0.0,0.0,11.0,9.0,37.9,1.5,0.625,0.5,-19.0,100.0,0.03389830508474576,0.288135593220339,8,14,53.7,12.0,1348,1036,1221,0.0,0.0,11.0,4.0,37.8,1.0,0.6428571428571429,0.0,0.0,16.0,8.0,36.3,1.0,0.75,-0.9,0.0,57.0,-1224.0,15.0,12.0,483.0,-0.08333333333333333,0.125,0.0625,0.0,0.0625,0.7300000000000011,0.0
794,202107040212,3,4,3,27,0,0,0,2,0,0,0,0,0,2,2,12,0,0,0,0,0,0,0,0,0,1,0,3,0,0,0,0,0,0,0,0,0.0,0.0,11.0,16.0,40.6,4.3,0.25,0.0,0.0,8.0,9.0,35.7,0.8,0.5714285714285714,0.0,0.0,8.0,9.0,36.1,0.9,0.875,-3.5,4.0,-200.0,0.06818181818181818,0.20454545454545456,5,8,23.4,9.0,1221,1079,1263,0.0,0.0,10.0,6.0,35.8,0.9,0.9375,0.0,0.0,10.0,6.0,35.7,0.7,1.0,-2.3,0.0,57.0,-903.0,15.0,16.0,502.0,-0.0625,0.0,0.0,0.0,0.0,0.9700000000000003,0.0
795,202107040212,3,4,3,27,0,1,0,5,0,0,0,1,0,2,2,12,0,1,0,2,0,0,0,0,0,1,0,3,0,0,0,0,0,0,0,0,0.0,0.0,12.0,9.0,38.3,0.8,0.9166666666666666,0.0,0.0,15.0,10.0,38.0,1.5,0.8666666666666667,0.0,0.0,13.0,13.0,39.6,3.5,0.6875,2.0,11.0,0.0,0.19047619047619047,0.23809523809523808,6,10,9.8,5.0,1221,225,1263,0.0,0.0,12.0,7.0,37.6,1.0,0.9375,0.0,0.0,10.0,4.0,38.1,0.7,0.6923076923076923,-1.3,0.0,57.0,-1132.0,15.0,12.0,481.0,-0.08333333333333333,-0.13333333333333333,0.25,-0.25,-0.15384615384615385,0.079999999999999,0.0
796,202107040212,0,0,1,6,3,0,4,30,0,0,0,0,0,0,0,2,0,0,2,8,0,0,0,0,0,0,0,2,0,0,1,1,0,0,0,0,0.0,0.0,2.0,1.0,37.4,0.0,0.5,0.0,0.0,9.0,8.0,37.6,1.5,0.75,0.0,0.0,12.0,6.0,38.2,0.6,0.625,2.5,-4.0,0.0,0.0,0.0,4,6,13.0,7.0,1447,1558,1721,0.0,0.0,13.0,12.0,38.3,1.6,0.75,0.0,0.0,7.0,8.0,36.9,1.3,0.13333333333333333,1.8,0.2,54.0,-424.0,15.0,12.0,492.0,-0.3333333333333333,0.0,-0.0625,0.125,0.0,0.030000000000000426,0.0
797,202107040212,0,0,0,2,0,2,1,11,0,0,0,1,0,0,0,1,0,0,1,3,0,0,0,0,0,0,0,0,0,0,1,0,0,0,0,0,0.0,0.0,1.0,4.0,38.5,0.7,0.4,0.0,0.0,11.0,12.0,40.0,2.6,0.5,0.0,0.0,8.0,11.0,37.8,1.4,0.5333333333333333,3.5,19.0,0.0,0.0,0.35714285714285715,2,3,8.5,4.0,1657,1428,1317,0.0,0.0,8.0,8.0,36.7,0.8,0.5,0.0,0.0,4.0,9.0,36.8,1.5,0.4,0.6,0.0,51.0,-1047.0,15.0,10.0,477.0,-0.1,0.0,0.13333333333333333,0.0,0.06666666666666667,0.6700000000000003,0.0
798,202107040212,0,0,1,8,0,0,1,5,0,0,0,1,0,0,0,2,0,0,1,1,0,0,0,0,0,0,0,2,0,0,1,0,0,0,0,0,0.0,0.0,60.0,10.0,39.4,1.8,0.3333333333333333,0.0,0.0,110.0,7.0,37.5,2.4,0.6875,0.0,0.0,100.0,5.0,40.2,1.9,0.6,-2.5,4.0,0.0,0.0,0.0,8,15,93.6,14.0,1431,334,1428,0.0,0.0,110.0,12.0,38.6,3.0,0.6666666666666666,0.0,0.0,110.0,12.0,34.6,1.7,0.7857142857142857,0.9,0.0,57.0,29.0,15.0,12.0,458.0,0.0,-0.1875,-0.13333333333333333,0.06666666666666667,-0.07142857142857142,0.8499999999999993,0.0
799,202107040212,2,1,0,16,0,3,0,22,0,0,0,1,1,0,0,6,0,2,0,8,0,0,0,1,0,0,0,3,0,1,0,3,0,0,0,1,0.0,0.0,14.0,8.0,37.5,1.0,1.0,0.0,0.0,9.0,14.0,37.1,2.0,0.9375,0.0,0.0,5.0,10.0,37.7,1.5,0.9375,1.0,-18.0,0.0,0.0,0.075,5,9,9.9,6.0,1645,1559,1366,0.0,0.0,8.0,3.0,37.1,0.5,1.0,0.0,0.0,12.0,2.0,37.5,0.1,0.8571428571428571,-2.3,0.4,57.0,-321.0,15.0,15.0,476.0,0.0,0.0,0.0625,0.0,-0.07142857142857142,0.0,0.0
800,202107040212,2,4,3,12,0,0,0,4,0,0,0,0,1,1,3,5,0,0,0,1,0,0,0,0,0,0,2,0,0,0,0,0,0,0,0,0,0.0,0.0,10.0,12.0,37.4,2.0,0.3333333333333333,0.0,0.0,5.0,5.0,40.3,2.0,0.6666666666666666,0.0,0.0,3.0,1.0,39.2,0.0,0.8461538461538461,-5.5,-6.0,0.0,0.020833333333333332,0.10416666666666667,3,5,36.2,10.0,1716,1328,1167,0.0,0.0,8.0,6.0,38.1,1.4,0.875,0.0,0.0,9.0,10.0,36.1,1.9,0.3125,-0.30000000000000016,0.2,55.0,0.0,15.0,15.0,446.0,0.0,0.0,-0.6923076923076923,-0.1875,-0.125,0.479999999999999,0.0
801,202107040212,0,0,1,6,0,0,1,27,0,0,0,1,0,0,0,1,0,0,0,15,0,0,0,0,0,0,0,0,0,0,0,4,0,0,0,0,0.0,0.0,8.0,8.0,41.6,2.8,0.875,0.0,0.0,16.0,9.0,39.8,1.8,0.75,0.0,0.0,15.0,13.0,37.2,2.2,0.5333333333333333,2.5,-10.0,-100.0,0.0,0.0,6,11,164.3,15.0,1200,1263,324,0.0,0.0,9.0,13.0,38.1,1.3,0.875,0.0,0.0,7.0,4.0,37.3,0.4,0.625,-0.4,0.0,57.0,-1144.0,15.0,8.0,472.0,0.125,0.0,0.06666666666666667,-0.25,-0.0625,1.0300000000000005,0.0
802,202107040212,0,2,0,4,4,3,1,19,0,1,0,0,0,1,0,1,1,2,0,5,0,1,0,0,0,1,0,1,0,1,0,1,0,1,0,0,0.0,0.0,50.0,90.0,38.6,2.2,0.8,0.0,0.0,100.0,100.0,38.6,4.1,1.0,0.0,0.0,110.0,140.0,38.0,3.0,0.5333333333333333,25.0,15.0,100.0,0.0,0.0,3,4,36.5,11.0,1605,1167,1,0.0,0.0,60.0,40.0,37.4,1.3,0.875,0.0,0.0,20.0,70.0,36.4,1.0,0.25,-10.0,0.0,54.0,-90.0,15.0,10.0,487.0,0.1,0.0,0.2,-0.25,0.0,0.5600000000000008,0.0
803,202107040212,5,5,3,26,2,2,3,20,0,1,0,2,3,3,1,9,1,0,2,5,0,0,0,0,2,1,1,4,0,0,0,3,0,0,0,0,0.0,0.0,120.0,8.0,38.2,1.8,1.0,0.0,0.0,110.0,8.0,37.3,1.4,0.6923076923076923,0.0,0.0,110.0,5.0,37.4,1.0,0.5625,-1.5,17.0,100.0,0.05263157894736842,0.23684210526315788,1,1,68.5,13.0,1576,1345,1577,0.0,0.0,120.0,9.0,38.2,1.0,0.375,0.0,0.0,110.0,6.0,38.0,0.7,0.9285714285714286,-0.3,0.0,57.0,-1141.0,15.0,12.0,491.0,0.0,0.0,0.0,0.125,-0.14285714285714285,-0.05,0.0
804,202107040310,5,9,7,47,2,5,8,43,0,0,1,1,3,3,3,19,0,1,2,12,0,0,0,0,0,0,0,2,0,0,0,0,0,0,0,0,0.0,0.0,2.0,1.0,13.8,0.0,0.4,0.0,0.0,3.0,4.0,13.7,4.3,0.5555555555555556,0.0,0.0,4.0,4.0,13.4,1.9,0.45454545454545453,1.5,-2.0,-1570.0,0.18181818181818182,0.22727272727272727,3,5,3.9,1.0,1172,1167,1556,0.0,0.0,7.0,4.0,13.7,1.8,0.6666666666666666,0.0,0.0,5.0,8.0,13.6,4.0,0.5833333333333334,1.4,0.2,57.0,-735.0,16.0,5.0,484.0,0.0,-0.1111111111111111,-0.18181818181818182,0.1111111111111111,0.08333333333333333,0.040000000000000216,0.0
805,202107040310,0,0,0,0,0,0,0,0,0,0,0,0,0,0,0,0,0,0,0,0,0,0,0,0,0,0,0,0,0,0,0,0,0,0,0,0,0.0,0.0,12.0,12.0,35.5,2.0,0.16666666666666666,0.0,0.0,15.0,14.0,33.6,1.4,0.5555555555555556,0.0,0.0,13.0,13.0,38.7,1.5,0.25,0.5,-6.0,-200.0,0.046511627906976744,0.23255813953488372,4,8,15.4,7.0,432,913,361,0.0,0.0,11.0,15.0,36.9,1.4,0.875,0.0,0.0,5.0,16.0,37.7,1.1,0.4375,0.9,0.0,57.0,-477.0,16.0,12.0,504.0,0.16666666666666666,,0.0,-0.0625,-0.0625,-0.7700000000000002,0.0
806,202107040310,5,4,6,48,9,2,7,87,0,0,1,6,1,0,1,12,0,0,2,23,0,0,0,1,0,0,1,2,0,0,0,1,0,0,0,0,0.0,0.0,90.0,4.0,37.0,0.8,0.8181818181818182,0.0,0.0,160.0,16.0,39.5,4.9,0.875,0.0,0.0,120.0,10.0,35.9,0.6,0.375,3.0,1.0,100.0,0.045454545454545456,0.13636363636363635,2,4,23.2,10.0,1183,1263,1558,0.0,0.0,130.0,8.0,37.5,0.7,0.5,0.0,0.0,90.0,8.0,35.8,1.1,0.75,0.0,0.0,57.0,-1109.0,16.0,11.0,461.0,-0.18181818181818182,0.0,0.0,0.0,-0.0625,0.44000000000000056,0.0
807,202107040310,0,0,0,1,0,0,0,1,0,0,0,1,0,0,0,1,0,0,0,1,0,0,0,1,0,0,0,0,0,0,0,0,0,0,0,0,0.0,0.0,4.0,4.0,36.8,0.6,0.5555555555555556,0.0,0.0,12.0,15.0,36.1,1.9,1.0,0.0,0.0,8.0,14.0,36.8,1.9,0.9375,5.0,6.0,200.0,0.17142857142857143,0.5142857142857142,1,1,7.2,4.0,1122,551,1,0.0,0.0,7.0,12.0,37.1,1.5,0.5,0.0,0.0,2.0,12.0,35.9,0.8,0.8125,1.3,0.0,55.0,-418.0,16.0,9.0,502.0,0.0,0.0,0.0,0.1875,-0.0625,0.07999999999999971,0.0
808,202107040310,0,1,1,18,0,0,0,3,0,0,0,0,0,1,1,7,0,0,0,0,0,0,0,0,0,0,0,0,0,0,0,0,0,0,0,0,0.0,0.0,13.0,15.0,39.0,2.5,0.875,0.0,0.0,14.0,11.0,35.6,0.8,0.9375,0.0,0.0,8.0,12.0,37.8,1.8,0.5625,-1.5,4.0,-400.0,0.0,0.0,7,14,45.1,12.0,1095,1168,1221,0.0,0.0,12.0,10.0,35.8,1.1,0.875,0.0,0.0,12.0,5.0,37.1,1.2,0.3125,-2.1,0.0,55.0,-133.0,16.0,16.0,504.0,0.0625,0.0625,0.0,0.0,0.0,0.36000000000000015,0.0
809,202107040310,1,1,2,12,9,5,5,48,0,0,1,0,1,0,1,5,2,1,1,17,0,0,1,0,0,0,0,0,0,0,0,1,0,0,0,0,0.0,0.0,5.0,6.0,37.4,1.2,0.125,0.0,0.0,4.0,2.0,36.3,0.2,0.1875,0.0,0.0,1.0,1.0,36.2,0.0,0.1875,-2.5,0.0,0.0,0.05714285714285714,0.21428571428571427,5,10,8.1,5.0,1734,1183,1104,0.0,0.0,11.0,3.0,36.4,0.5,0.25,0.0,0.0,5.0,12.0,38.8,2.0,0.125,1.3,0.6,55.0,0.0,16.0,16.0,504.0,0.0,0.0,0.0,0.0,0.0,-0.28999999999999987,0.0
810,202107040310,6,11,8,58,6,4,8,59,0,0,1,1,1,2,3,24,1,1,4,18,0,0,0,1,0,0,0,0,0,0,0,1,0,0,0,0,0.0,0.0,,,,,,0.0,0.0,70.0,10.0,38.3,1.7,0.06666666666666667,0.0,0.0,40.0,12.0,39.0,1.1,0.0625,2.0,,0.0,0.22580645161290322,0.45161290322580644,7,13,4.3,2.0,1221,1559,1263,0.0,0.0,20.0,7.0,37.5,1.3,0.125,0.0,0.0,10.0,6.0,37.8,0.6,0.1875,-1.7,0.0,57.0,-1046.0,16.0,10.0,,,0.0,0.0625,0.0625,0.0,0.3,0.0
811,202107040310,6,4,3,42,9,2,7,87,0,0,0,3,1,2,0,9,0,0,2,23,0,0,0,0,0,0,0,1,0,0,0,1,0,0,0,0,0.0,0.0,14.0,12.0,37.2,1.0,0.8125,0.0,0.0,15.0,8.0,36.2,1.3,1.0,0.0,0.0,12.0,8.0,36.1,0.6,0.7333333333333333,-2.0,-8.0,-300.0,0.13725490196078433,0.27450980392156865,3,6,98.5,15.0,1167,1263,460,0.0,0.0,16.0,18.0,35.2,1.8,0.5555555555555556,0.0,0.0,8.0,7.0,36.0,0.9,0.6,0.0,0.0,57.0,-71.0,16.0,16.0,450.0,0.0,0.0,0.0,-0.1111111111111111,-0.2,0.3400000000000006,0.0
812,202107040310,5,4,6,48,0,0,0,2,0,0,0,1,1,0,1,12,0,0,0,2,0,0,0,1,0,0,1,2,0,0,0,1,0,0,0,1,0.0,0.0,13.0,12.0,36.5,1.6,0.875,0.0,0.0,14.0,11.0,38.0,0.9,0.625,0.0,0.0,14.0,9.0,36.3,1.0,1.0,-1.5,0.0,200.0,0.03278688524590164,0.2786885245901639,6,12,23.0,9.0,1183,1645,1558,0.0,0.0,10.0,8.0,36.7,1.2,0.625,0.0,0.0,9.0,9.0,37.3,1.4,0.3125,-0.9,0.0,55.0,-323.0,16.0,16.0,446.0,0.0625,-0.0625,0.0,0.0625,0.0,-0.029999999999999714,0.0
813,202107040310,0,0,0,5,5,7,5,56,0,0,0,0,0,0,0,1,2,1,3,19,0,0,0,0,0,0,0,0,1,0,0,0,0,0,0,0,0.0,0.0,15.0,12.0,36.2,2.5,0.9375,0.0,0.0,16.0,10.0,36.6,1.7,0.6875,0.0,0.0,8.0,8.0,37.1,1.1,0.5,-2.0,0.0,0.0,0.0,0.0,2,3,66.4,14.0,1558,1556,212,0.0,0.0,14.0,7.0,35.9,0.5,0.5714285714285714,0.0,0.0,15.0,12.0,37.1,1.3,0.5625,-0.3,0.0,57.0,-316.0,16.0,16.0,484.0,-0.0625,0.25,0.0625,0.0,0.0625,-0.10999999999999943,0.0
814,202107040310,8,7,10,65,5,6,1,67,0,1,0,7,4,3,4,32,1,0,0,18,0,0,0,2,0,1,0,0,0,0,0,1,0,0,0,0,0.0,0.0,10.0,12.0,37.4,1.9,0.8571428571428571,0.0,0.0,5.0,10.0,36.4,1.0,0.5714285714285714,0.0,0.0,9.0,1.0,35.2,0.0,0.875,-5.5,6.0,-300.0,0.11627906976744186,0.20930232558139536,1,2,7.0,3.0,1576,1013,1577,0.0,0.0,11.0,3.0,37.9,0.4,0.6875,0.0,0.0,6.0,10.0,36.9,1.4,0.375,-1.0999999999999999,0.4,55.0,-582.0,16.0,14.0,482.0,0.07142857142857142,0.14285714285714285,0.0,-0.375,0.0,-0.05,0.0
815,202107040310,6,2,1,34,9,2,7,87,1,0,0,1,1,2,0,9,0,0,2,23,0,0,0,1,0,0,0,1,0,0,0,1,0,0,0,1,0.0,0.0,7.0,4.0,39.3,0.7,0.7,0.0,0.0,15.0,12.0,36.7,0.9,0.4,0.0,0.0,9.0,13.0,37.4,2.2,0.6875,4.5,3.0,-200.0,0.0,0.10256410256410256,8,16,40.4,11.0,1228,1263,1108,0.0,0.0,11.0,14.0,36.8,1.2,0.25,0.0,0.0,11.0,12.0,37.2,1.6,0.5,1.8,0.0,55.0,-389.0,16.0,10.0,507.0,-0.2,0.13333333333333333,-0.0625,0.0625,0.0,0.4099999999999994,0.0
816,202107040310,1,1,1,18,0,0,0,6,0,0,0,2,0,0,1,5,0,0,0,5,0,0,0,2,0,0,0,1,0,0,0,1,0,0,0,1,0.0,0.0,8.0,13.0,37.0,1.8,0.8125,0.0,0.0,4.0,7.0,35.5,0.5,0.625,0.0,0.0,2.0,6.0,36.9,0.5,0.9375,-3.5,-10.0,0.0,0.02040816326530612,0.10204081632653061,6,11,17.7,8.0,1137,1541,556,0.0,0.0,2.0,1.0,36.8,0.0,0.3125,0.0,0.0,4.0,7.0,36.0,1.2,0.75,-1.8,0.2,57.0,0.0,16.0,16.0,478.0,0.0625,0.0,0.0,0.0,0.0625,0.07000000000000028,0.0
817,202107040310,3,4,3,30,1,1,2,4,0,0,0,0,2,1,1,12,0,0,0,0,0,0,0,0,0,0,0,2,0,0,0,0,0,0,0,0,0.0,0.0,15.0,13.0,37.8,1.9,0.5333333333333333,0.0,0.0,16.0,14.0,38.5,1.8,0.6875,0.0,0.0,15.0,12.0,36.6,2.0,0.9333333333333333,-0.5,-14.0,0.0,0.06666666666666667,0.06666666666666667,5,9,259.4,16.0,1110,1404,938,0.0,0.0,16.0,14.0,36.8,2.6,0.75,0.0,0.0,16.0,14.0,39.3,2.9,0.5,0.2,0.0,57.0,-680.0,16.0,15.0,498.0,0.0,0.0625,0.0,0.0,-0.0625,-0.12999999999999973,0.0
818,202107040310,3,3,0,10,1,0,1,23,0,0,0,0,0,0,0,4,1,0,0,7,0,0,0,0,0,0,0,0,0,0,0,0,0,0,0,0,0.0,0.0,10.0,5.0,38.9,1.1,0.09090909090909091,0.0,0.0,110.0,14.0,39.0,1.7,0.125,0.0,0.0,130.0,8.0,39.0,1.6,0.3333333333333333,1.5,7.0,-200.0,0.0,0.0,4,7,51.0,13.0,1333,1221,1294,0.0,0.0,150.0,10.0,37.6,0.8,0.4,0.0,0.0,130.0,15.0,37.9,2.3,0.5,1.6,0.0,57.0,-863.0,16.0,11.0,493.0,0.0,0.3125,0.13333333333333333,-0.06666666666666667,0.0,0.33999999999999986,0.0
819,202107040310,0,0,0,1,6,4,8,59,0,0,0,1,0,0,0,1,1,1,4,18,0,0,0,1,0,0,0,0,0,0,0,1,0,0,0,0,0.0,0.0,15.0,12.0,35.9,1.1,1.0,0.0,0.0,16.0,7.0,36.2,1.8,0.9375,0.0,0.0,15.0,15.0,37.6,1.8,0.875,1.5,-6.0,0.0,0.1,0.3,8,15,14.9,6.0,1384,1559,1014,0.0,0.0,16.0,15.0,37.3,1.3,0.875,0.0,0.0,4.0,15.0,40.1,2.9,0.8125,1.4,0.0,57.0,-637.0,16.0,16.0,524.0,0.0,-0.0625,0.0,-0.0625,-0.0625,-0.95,0.0
820,202107040403,1,0,1,2,1,0,0,6,0,0,0,0,1,0,1,0,1,0,0,2,0,0,0,0,1,0,1,0,1,0,0,0,0,0,0,0,0.0,0.0,50.0,11.0,44.1,3.8,0.5454545454545454,0.0,0.0,80.0,10.0,41.1,1.9,0.46153846153846156,0.0,0.0,70.0,9.0,35.4,0.8,0.25,-1.0,-7.0,100.0,0.05555555555555555,0.20833333333333334,3,6,5.1,2.0,1657,225,1317,0.0,0.0,30.0,8.0,38.0,2.0,0.2,0.0,0.0,20.0,9.0,38.9,1.2,0.5714285714285714,-0.6,0.0,56.0,-1140.0,16.0,11.0,485.0,0.09090909090909091,-0.15384615384615385,-0.08333333333333333,0.06666666666666667,-0.07142857142857142,1.3500000000000008,0.0
821,202107040403,2,1,0,4,2,5,8,43,0,1,0,0,0,0,0,0,0,1,2,12,0,0,0,0,0,0,0,0,0,0,2,5,0,0,0,0,0.0,0.0,1.0,4.0,42.8,1.6,0.7777777777777778,0.0,0.0,6.0,12.0,42.9,4.8,0.5625,0.0,0.0,5.0,6.0,40.5,2.3,0.09090909090909091,1.0,23.0,0.0,0.0,0.0,6,11,82.7,11.0,1601,1167,239,0.0,0.0,11.0,2.0,39.0,0.5,0.0625,0.0,0.0,13.0,11.0,43.3,4.4,0.9285714285714286,0.4,0.2,56.0,-692.0,16.0,9.0,523.0,-0.4444444444444444,0.1875,0.09090909090909091,0.0,-0.14285714285714285,0.28999999999999987,0.0
822,202107040403,3,5,4,21,4,6,3,23,0,0,0,0,1,1,1,8,0,1,2,6,0,0,0,0,0,0,1,2,0,1,1,1,0,0,0,0,0.0,0.0,10.0,4.0,38.2,0.9,0.8571428571428571,0.0,0.0,80.0,10.0,36.9,1.2,0.75,0.0,0.0,100.0,8.0,37.1,1.3,0.9375,2.0,-4.0,200.0,0.0,0.1,4,8,21.0,8.0,1605,1039,1,0.0,0.0,50.0,8.0,37.1,0.6,0.6923076923076923,0.0,0.0,50.0,6.0,36.6,0.1,0.5333333333333333,0.2,0.0,56.0,-1138.0,16.0,7.0,492.0,-0.14285714285714285,-0.0625,-0.0625,0.15384615384615385,-0.06666666666666667,0.3,0.0
823,202107040403,2,1,0,4,0,0,1,9,0,0,0,0,0,0,0,0,0,0,0,2,0,0,0,0,0,0,0,0,0,0,0,0,0,0,0,0,0.0,0.0,5.0,6.0,38.2,1.3,0.8333333333333334,0.0,0.0,11.0,8.0,36.3,1.0,0.8125,0.0,0.0,10.0,11.0,37.5,0.9,0.26666666666666666,2.5,-5.0,200.0,0.02702702702702703,0.16216216216216217,2,3,7.0,4.0,1601,1433,239,0.0,0.0,7.0,5.0,36.8,0.8,0.75,0.0,0.0,10.0,6.0,36.9,0.8,0.7692307692307693,-0.3,0.0,55.0,-1125.0,16.0,6.0,495.0,0.0,-0.1875,-0.06666666666666667,-0.125,0.0,0.21000000000000085,0.0
824,202107040403,0,2,0,5,9,5,5,48,0,0,0,0,0,1,0,2,2,1,1,17,0,0,0,0,0,0,0,2,1,0,0,8,0,0,0,0,0.0,0.0,120.0,12.0,43.1,6.3,1.0,0.0,0.0,140.0,15.0,37.4,3.1,0.9375,0.0,0.0,50.0,6.0,39.9,2.8,0.5,-3.0,5.0,-100.0,0.09090909090909091,0.18181818181818182,6,12,15.8,6.0,1098,1183,1294,0.0,0.0,100.0,7.0,38.6,0.5,0.9285714285714286,0.0,0.0,40.0,11.0,37.7,2.9,0.8125,-1.0,0.0,56.0,-915.0,16.0,12.0,523.0,0.0,0.0,0.08333333333333333,-0.07142857142857142,0.0,0.9599999999999994,0.0
825,202107040403,3,5,4,21,1,0,1,23,0,0,0,1,1,1,1,8,1,0,0,7,0,0,0,0,0,0,1,2,1,0,0,1,0,0,0,0,0.0,0.0,7.0,8.0,38.8,0.8,0.9230769230769231,0.0,0.0,6.0,3.0,39.9,0.4,0.42857142857142855,0.0,0.0,8.0,8.0,39.6,1.9,0.25,0.0,-2.0,-300.0,0.0,0.11764705882352941,2,4,5.5,3.0,1605,1221,1,0.0,0.0,3.0,6.0,38.5,1.1,0.5,0.0,0.0,5.0,5.0,40.3,2.8,0.14285714285714285,-0.3,0.2,56.0,-62.0,16.0,13.0,506.0,-0.5384615384615384,0.35714285714285715,0.125,0.0625,0.07142857142857142,-0.16000000000000014,0.0
826,202107040403,0,2,0,5,4,6,9,67,0,0,0,0,0,1,0,2,1,1,2,15,0,0,0,0,0,0,0,2,0,0,0,3,0,0,0,0,0.0,0.0,40.0,1.0,39.1,0.0,0.4,0.0,0.0,80.0,10.0,39.1,1.9,0.3125,0.0,0.0,130.0,7.0,38.9,1.3,0.4375,3.0,7.0,0.0,0.1346153846153846,0.2692307692307692,5,10,87.6,13.0,1098,1558,1294,0.0,0.0,60.0,8.0,45.4,5.6,0.25,0.0,0.0,40.0,12.0,42.0,4.0,0.25,2.0,0.2,56.0,-215.0,16.0,10.0,527.0,-0.1,0.0625,0.0,0.5,0.0625,-1.2099999999999995,0.0
827,202107040403,4,3,6,43,3,3,4,20,0,0,0,1,1,0,1,8,1,1,0,8,0,0,0,1,0,0,1,3,1,0,0,5,0,0,0,0,0.0,0.0,10.0,20.0,42.7,0.3,0.08333333333333333,0.0,0.0,40.0,150.0,44.5,8.6,0.3125,0.0,0.0,10.0,80.0,39.5,1.4,0.1875,30.0,13.0,0.0,0.047619047619047616,0.2857142857142857,4,7,2.5,1.0,1691,1036,1167,0.0,0.0,70.0,20.0,37.8,0.3,0.5625,0.0,0.0,70.0,140.0,38.0,5.9,0.8571428571428571,11.0,0.0,56.0,-1139.0,16.0,12.0,513.0,0.0,0.5625,0.0,-0.125,0.07142857142857142,1.6100000000000008,0.0
828,202107040403,1,0,2,2,1,0,1,9,0,0,0,0,0,0,0,0,0,0,0,0,0,0,0,0,0,0,0,0,0,0,0,0,0,0,0,0,0.0,0.0,13.0,11.0,40.2,2.7,0.8666666666666667,0.0,0.0,16.0,9.0,38.0,1.8,0.9375,0.0,0.0,15.0,14.0,40.3,4.2,1.0,1.5,14.0,-400.0,0.0,0.0,3,5,356.0,16.0,1726,1301,1145,,,,,,,,,,,,,,,1.5,0.0,56.0,-55.0,16.0,15.0,496.0,-0.06666666666666667,0.0,0.0,,,-0.04999999999999716,0.0
829,202107040403,3,5,4,21,4,2,1,43,1,0,0,1,1,1,1,8,1,2,1,13,0,0,0,0,0,0,1,2,0,2,0,5,0,0,0,0,0.0,0.0,40.0,50.0,40.1,1.4,0.3333333333333333,0.0,0.0,70.0,150.0,42.3,5.6,0.625,0.0,0.0,50.0,100.0,40.2,2.2,0.3125,25.0,9.0,0.0,0.0,0.29411764705882354,8,16,13.5,5.0,1605,1405,1,0.0,0.0,40.0,100.0,41.2,4.1,0.14285714285714285,0.0,0.0,100.0,50.0,39.1,0.9,0.125,-5.0,0.0,51.0,-1141.0,16.0,9.0,477.0,0.1111111111111111,0.375,0.0625,0.5714285714285714,0.0,0.30999999999999944,0.0
830,202107040403,3,6,5,28,0,2,1,16,0,0,0,0,0,1,1,8,0,1,1,6,0,0,0,0,0,1,1,4,0,0,1,2,0,0,0,0,0.0,0.0,60.0,100.0,38.1,1.3,1.0,0.0,0.0,120.0,110.0,38.4,2.6,1.0,0.0,0.0,60.0,70.0,38.4,2.4,0.5333333333333333,-15.0,15.0,0.0,0.0,0.07317073170731707,1,1,85.8,12.0,1304,1186,1503,0.0,0.0,90.0,40.0,38.7,2.2,0.7857142857142857,0.0,0.0,110.0,80.0,38.6,1.9,1.0,-11.0,0.0,54.0,-1120.0,16.0,12.0,437.0,-0.16666666666666666,0.0,-0.06666666666666667,-0.21428571428571427,-0.0625,-0.13000000000000042,0.0
831,202107040403,0,1,2,10,1,2,0,15,0,0,0,1,0,1,1,7,0,2,0,4,0,0,0,0,0,0,0,3,0,0,0,0,0,0,0,0,0.0,0.0,11.0,12.0,42.1,5.2,1.0,0.0,0.0,14.0,12.0,40.1,2.9,0.625,0.0,0.0,12.0,13.0,35.7,2.7,0.9333333333333333,0.5,19.0,-100.0,0.12903225806451613,0.22580645161290322,7,13,112.2,14.0,1611,460,1263,0.0,0.0,9.0,9.0,35.3,1.2,0.5625,0.0,0.0,11.0,15.0,36.4,2.3,0.625,0.3,0.0,56.0,-857.0,16.0,12.0,449.0,0.0,0.0,-0.06666666666666667,0.0,-0.1875,1.620000000000001,0.0
832,202107040403,10,6,4,39,0,0,0,2,0,0,0,0,5,3,2,15,0,0,0,1,0,0,0,0,2,0,0,3,0,0,0,0,0,0,0,0,0.0,0.0,4.0,7.0,40.6,4.1,1.0,0.0,0.0,14.0,18.0,38.8,4.3,0.5555555555555556,0.0,0.0,9.0,13.0,39.5,3.0,0.875,3.0,21.0,0.0,0.0196078431372549,0.09803921568627451,1,2,26.6,9.0,1716,1490,1167,0.0,0.0,10.0,12.0,38.2,1.8,0.75,0.0,0.0,5.0,15.0,35.5,1.6,0.3888888888888889,1.0,0.0,56.0,-792.0,16.0,7.0,525.0,0.0,0.0,-0.0625,-0.0625,0.05555555555555555,1.0799999999999996,0.0
833,202107040403,12,4,5,37,2,5,8,43,0,0,0,0,6,3,0,8,0,1,2,12,0,0,0,0,4,1,0,3,0,0,2,5,0,0,0,0,0.0,0.0,4.0,6.0,41.6,3.1,0.4,0.0,0.0,10.0,14.0,41.4,3.3,0.1875,0.0,0.0,5.0,8.0,41.5,3.1,0.5384615384615384,1.0,32.0,100.0,0.0,0.14285714285714285,7,14,63.2,10.0,1520,1167,695,0.0,0.0,5.0,4.0,39.3,1.2,0.25,0.0,0.0,11.0,9.0,38.7,1.1,0.06666666666666667,-0.4,0.0,56.0,-765.0,16.0,10.0,468.0,0.2,0.0625,0.0,0.0,0.06666666666666667,0.7899999999999998,0.0
834,202107040403,2,1,0,13,2,5,8,43,0,0,0,0,1,1,0,5,0,1,2,12,0,0,0,0,1,1,0,3,0,0,2,5,0,0,0,0,0.0,0.0,9.0,10.0,43.6,5.1,1.0,0.0,0.0,15.0,15.0,39.9,3.3,0.8125,0.0,0.0,9.0,16.0,41.8,4.5,0.5,3.0,3.0,0.0,0.044444444444444446,0.24444444444444444,8,15,219.6,15.0,1200,1167,324,0.0,0.0,11.0,4.0,39.2,1.8,0.5454545454545454,,,,,,,,-1.7,0.0,55.0,-164.0,16.0,10.0,469.0,0.0,0.0,0.25,-0.09090909090909091,,1.1299999999999997,0.0
835,202107040403,6,2,1,34,1,0,0,3,1,0,0,0,1,2,0,9,0,0,0,0,0,0,0,0,1,2,0,1,0,0,0,0,0,0,0,0,0.0,0.0,8.0,10.0,43.6,2.7,0.5,0.0,0.0,7.0,16.0,41.2,4.4,0.6875,0.0,0.0,5.0,11.0,38.3,1.5,0.6,0.5,26.0,0.0,0.2,0.38181818181818183,5,9,17.5,7.0,1228,1562,1108,0.0,0.0,10.0,16.0,39.5,4.1,0.4375,0.0,0.0,2.0,4.0,39.0,1.1,0.0625,-1.2,0.0,56.0,-521.0,16.0,10.0,546.0,0.2,0.0625,0.13333333333333333,0.5625,0.0,1.0900000000000005,0.0
836,202107040407,2,2,7,36,1,3,6,20,0,0,0,1,1,0,2,9,0,1,2,8,0,0,0,0,0,0,1,6,0,0,2,1,0,0,0,0,0.0,0.0,7.0,4.0,37.0,1.0,0.36363636363636365,0.0,0.0,3.0,8.0,35.4,0.9,0.5,0.0,0.0,3.0,10.0,35.2,0.7,0.6923076923076923,3.0,-2.0,0.0,0.03225806451612903,0.27419354838709675,8,12,2.5,1.0,1127,1376,1328,0.0,0.0,11.0,2.0,34.9,0.0,0.16666666666666666,0.0,0.0,9.0,4.0,36.7,0.3,0.6875,-0.6,0.2,52.0,-1008.0,12.0,11.0,504.0,0.0,0.14285714285714285,0.0,0.0,-0.125,0.10999999999999943,0.0
837,202107040407,8,7,10,65,2,5,8,43,0,0,0,2,4,3,4,32,0,1,2,12,0,0,0,0,1,1,2,11,0,1,0,4,0,0,0,0,0.0,0.0,2.0,2.0,37.2,0.5,0.5454545454545454,0.0,0.0,1.0,1.0,37.9,0.0,0.1875,,,,,,,,-1.0,22.0,0.0,0.16666666666666666,0.5,5,6,3.6,2.0,1576,1167,1577,,,,,,,,,,,,,,,-1.0,1.0,55.0,0.0,12.0,11.0,484.0,0.0,0.0,,,,-0.6999999999999957,0.0
838,202107040407,0,1,1,17,1,0,1,25,0,0,0,1,0,0,0,7,1,0,0,7,0,0,0,1,0,0,0,2,0,0,0,5,0,0,0,1,0.0,0.0,5.0,6.0,40.1,2.8,0.6666666666666666,0.0,0.0,5.0,7.0,38.1,0.7,0.25,0.0,0.0,9.0,5.0,38.1,0.5,0.125,-0.5,-7.0,-200.0,0.06666666666666667,0.2,6,8,7.0,3.0,1313,1170,1108,0.0,0.0,3.0,7.0,38.3,1.1,0.09090909090909091,0.0,0.0,4.0,3.0,37.7,0.6,0.3333333333333333,-0.6,0.2,55.0,-453.0,12.0,6.0,491.0,0.3333333333333333,0.0625,0.0,0.0,0.0,0.46000000000000013,0.0
839,202107040407,2,4,2,21,2,0,1,7,0,0,0,1,0,0,0,3,0,0,1,3,0,0,0,1,0,0,0,3,0,0,1,3,0,0,0,1,0.0,0.0,15.0,15.0,38.1,2.7,0.25,0.0,0.0,8.0,11.0,37.4,3.2,0.09090909090909091,0.0,0.0,10.0,12.0,40.3,3.0,0.42857142857142855,-1.5,2.0,-400.0,0.045454545454545456,0.25,7,10,7.3,4.0,1152,1199,1428,0.0,0.0,4.0,13.0,42.5,2.9,0.3333333333333333,0.0,0.0,13.0,4.0,39.5,0.3,0.06666666666666667,-2.0,0.0,51.0,-756.0,12.0,16.0,482.0,0.625,0.0,0.42857142857142855,0.3333333333333333,0.0,-0.7899999999999998,0.0
840,202107040407,8,7,10,65,4,2,1,43,0,1,0,4,4,3,4,32,1,2,1,13,0,1,0,4,1,1,2,11,1,0,0,5,0,0,0,1,0.0,0.0,2.0,3.0,37.1,0.5,0.8888888888888888,0.0,0.0,8.0,11.0,39.2,2.3,0.13333333333333333,0.0,0.0,5.0,11.0,37.7,1.2,0.4,4.0,17.0,-200.0,0.0,0.3125,2,2,9.8,6.0,1576,1405,1577,0.0,0.0,5.0,1.0,36.9,0.0,0.15384615384615385,0.0,0.0,6.0,5.0,37.9,1.1,0.36363636363636365,-0.6,0.4,49.0,-526.0,12.0,9.0,481.0,-0.3333333333333333,0.0,-0.2,0.0,-0.09090909090909091,0.07000000000000099,0.0
841,202107040407,0,1,1,11,0,0,0,1,0,0,0,0,0,1,0,2,0,0,0,1,0,0,0,0,0,0,0,0,0,0,0,1,0,0,0,0,0.0,0.0,13.0,13.0,39.1,4.1,0.38461538461538464,0.0,0.0,18.0,18.0,47.3,12.5,0.1111111111111111,0.0,0.0,11.0,11.0,36.1,1.8,0.09090909090909091,-1.0,10.0,-600.0,0.08333333333333333,0.16666666666666666,7,9,9.5,5.0,1191,1552,1235,0.0,0.0,7.0,8.0,34.4,1.0,0.25,0.0,0.0,10.0,8.0,34.1,0.7,0.08333333333333333,-2.0,0.0,55.0,-910.0,12.0,13.0,488.0,0.6153846153846154,0.7222222222222222,0.09090909090909091,0.0,0.25,2.29,0.0
842,202107040407,4,3,6,43,2,2,0,22,0,0,0,0,1,0,1,8,0,0,0,5,0,0,0,0,0,0,0,3,0,0,0,2,0,0,0,0,0.0,0.0,12.0,12.0,38.1,1.8,0.75,0.0,0.0,5.0,4.0,38.1,0.7,0.5833333333333334,0.0,0.0,9.0,9.0,39.5,2.1,0.46153846153846156,-1.5,-6.0,-300.0,0.0,0.0,6,7,114.3,10.0,1691,1014,1167,0.0,0.0,12.0,3.0,38.5,0.6,0.6428571428571429,0.0,0.0,12.0,11.0,40.3,3.2,1.0,-0.3,0.2,55.0,-252.0,12.0,16.0,494.0,-0.125,-0.08333333333333333,0.3076923076923077,0.0,-0.15384615384615385,-0.479999999999999,0.0
843,202107040407,1,2,0,27,0,0,1,11,0,0,0,2,1,0,0,5,0,0,0,2,0,0,0,1,1,0,0,0,0,0,0,1,0,0,0,0,0.0,0.0,10.0,7.0,42.7,0.8,0.2,0.0,0.0,140.0,13.0,37.9,1.8,0.5714285714285714,0.0,0.0,120.0,13.0,39.3,1.8,0.3333333333333333,3.0,1.0,0.0,0.027777777777777776,0.16666666666666666,3,3,183.2,11.0,1581,1721,1167,0.0,0.0,110.0,8.0,37.7,1.4,0.7272727272727273,0.0,0.0,80.0,14.0,39.5,2.3,0.4666666666666667,0.9,0.0,54.0,-623.0,12.0,10.0,465.0,0.0,0.14285714285714285,0.26666666666666666,0.0,0.26666666666666666,0.6600000000000001,0.0
844,202107040407,2,0,0,3,1,0,2,0,0,0,0,0,0,0,0,0,0,0,0,0,0,0,0,0,0,0,0,0,0,0,0,0,0,0,0,0,0.0,0.0,7.0,9.0,40.6,2.6,0.38461538461538464,0.0,0.0,11.0,12.0,40.0,2.6,0.21428571428571427,0.0,0.0,8.0,9.0,39.2,2.2,0.5714285714285714,0.0,-16.0,-200.0,0.02,0.1,5,5,17.2,7.0,32,604,664,0.0,0.0,7.0,9.0,38.4,1.7,0.5454545454545454,0.0,0.0,4.0,14.0,43.5,4.8,0.13333333333333333,0.7,0.0,52.0,-263.0,12.0,13.0,470.0,0.15384615384615385,0.5,0.14285714285714285,0.09090909090909091,0.26666666666666666,-0.4199999999999996,0.0
845,202107040407,4,3,6,43,9,2,7,87,1,0,0,5,1,0,1,8,0,0,2,23,0,0,0,1,0,0,0,3,0,0,1,8,0,0,0,0,0.0,0.0,30.0,7.0,40.2,2.2,1.0,0.0,0.0,120.0,8.0,35.0,1.2,0.75,0.0,0.0,80.0,10.0,38.7,2.4,0.7272727272727273,1.5,9.0,0.0,0.0,0.0,8,11,79.2,8.0,1691,1263,1167,0.0,0.0,170.0,16.0,34.9,1.0,1.0,0.0,0.0,100.0,13.0,35.1,1.4,0.7222222222222222,2.0,0.0,55.0,-682.0,12.0,9.0,437.0,0.0,-0.08333333333333333,0.18181818181818182,0.0,0.0,1.0300000000000005,0.0
846,202107040407,3,6,5,28,1,0,0,2,0,0,0,1,0,1,1,8,0,0,0,1,0,0,0,1,0,0,0,4,0,0,0,1,0,0,0,1,0.0,0.0,110.0,110.0,43.8,5.6,0.5833333333333334,0.0,0.0,130.0,110.0,34.7,1.0,0.6923076923076923,0.0,0.0,110.0,110.0,35.9,2.2,0.38461538461538464,0.0,29.0,-300.0,0.056338028169014086,0.2112676056338028,4,4,87.9,9.0,1304,962,1503,0.0,0.0,90.0,110.0,39.0,2.6,0.7272727272727273,0.0,0.0,120.0,110.0,38.6,1.3,0.2857142857142857,0.0,0.0,55.0,-1020.0,12.0,12.0,461.0,0.3333333333333333,0.07692307692307693,0.07692307692307693,0.0,0.07142857142857142,0.6099999999999994,0.0
847,202107040407,0,1,1,18,0,0,0,6,0,0,0,2,0,1,1,7,0,0,0,2,0,0,0,1,0,0,0,1,0,0,0,0,0,0,0,0,0.0,0.0,160.0,12.0,38.1,1.6,0.25,0.0,0.0,150.0,12.0,36.6,1.3,0.8125,0.0,0.0,70.0,16.0,41.8,4.8,0.1875,2.0,-8.0,200.0,,,1,1,,,1095,1299,1221,0.0,0.0,60.0,5.0,35.4,0.9,0.6428571428571429,0.0,0.0,160.0,7.0,37.8,0.4,0.125,-1.7,0.0,52.0,-973.0,12.0,16.0,490.0,0.0,0.0625,0.125,-0.21428571428571427,0.0,0.18000000000000113,0.0
848,202107050107,0,5,0,16,0,0,0,0,0,0,0,0,0,2,0,8,0,0,0,0,0,0,0,0,0,0,0,3,0,0,0,0,0,0,0,0,0.0,0.0,20.0,7.0,37.8,0.9,0.3333333333333333,0.0,0.0,30.0,3.0,38.1,0.4,0.21428571428571427,0.0,0.0,20.0,4.0,37.4,1.0,0.5714285714285714,-1.5,2.0,200.0,0.0,0.10526315789473684,7,10,16.2,6.0,1278,1322,625,0.0,0.0,10.0,6.0,38.3,0.8,0.21428571428571427,0.0,0.0,30.0,14.0,39.5,1.2,0.125,1.7,0.2,57.0,126.0,12.0,15.0,460.0,-0.06666666666666667,0.0,0.0,0.0,0.0,-0.36000000000000015,0.0
849,202107050107,0,0,0,2,0,2,1,11,0,0,0,0,0,0,0,1,0,0,1,3,0,0,0,0,0,0,0,1,0,0,1,0,0,0,0,0,0.0,0.0,5.0,8.0,14.1,8.1,1.0,0.0,0.0,13.0,5.0,33.3,0.2,0.2222222222222222,0.0,0.0,18.0,15.0,35.9,1.4,0.6111111111111112,3.5,-10.0,-1480.0,0.046153846153846156,0.27692307692307694,5,5,2.8,1.0,1020,1428,1576,0.0,0.0,12.0,4.0,32.8,0.2,0.25,0.0,0.0,14.0,11.0,36.3,1.3,0.2857142857142857,0.5,0.0,55.0,-1092.0,12.0,8.0,462.0,0.0,,0.3333333333333333,,0.0,-4.39,0.0
850,202107050107,3,0,0,17,0,1,0,9,0,0,0,1,0,0,0,7,0,1,0,3,0,0,0,1,0,0,0,2,0,0,0,1,0,0,0,0,0.0,0.0,9.0,8.0,40.2,1.0,0.5,0.0,0.0,12.0,13.0,37.3,1.9,0.625,0.0,0.0,11.0,9.0,37.9,1.5,0.625,0.5,-19.0,100.0,0.0,0.06976744186046512,6,7,16.7,7.0,1348,1036,1221,0.0,0.0,11.0,4.0,37.8,1.0,0.6428571428571429,0.0,0.0,16.0,8.0,36.3,1.0,0.75,-0.9,0.0,57.0,-1127.0,12.0,12.0,483.0,-0.08333333333333333,0.125,0.0625,0.0,0.0625,0.7300000000000011,0.0
851,202107050107,0,0,1,6,1,0,1,2,0,0,0,0,0,0,0,1,1,0,0,1,0,0,0,0,0,0,0,0,0,0,0,1,0,0,0,0,0.0,0.0,130.0,9.0,34.0,0.5,0.7647058823529411,0.0,0.0,90.0,7.0,33.8,0.8,1.0,0.0,0.0,130.0,6.0,34.3,1.2,0.5,-1.5,10.0,200.0,0.0625,0.20833333333333334,5,6,4.5,3.0,1200,1208,324,0.0,0.0,90.0,9.0,34.6,1.1,0.3,0.0,0.0,100.0,10.0,34.8,1.3,0.35714285714285715,0.4,0.0,54.0,-1127.0,12.0,17.0,498.0,-0.058823529411764705,0.0,-0.0625,0.0,0.21428571428571427,-0.23999999999999985,0.0
852,202107050107,0,2,0,0,0,0,0,4,0,0,0,0,0,0,0,0,0,0,0,2,0,0,0,0,0,0,0,0,0,0,0,1,0,0,0,0,0.0,0.0,6.0,6.0,39.2,0.9,0.2857142857142857,0.0,0.0,8.0,4.0,37.2,1.6,0.5625,0.0,0.0,10.0,9.0,36.3,0.9,0.7857142857142857,1.5,13.0,0.0,0.0,0.0,7,9,3.6,2.0,1726,1199,1145,0.0,0.0,11.0,6.0,36.0,0.6,0.5,0.0,0.0,4.0,15.0,36.3,2.3,1.0,2.0,0.0,55.0,-979.0,12.0,7.0,501.0,0.42857142857142855,0.125,-0.14285714285714285,0.0,0.0,0.7000000000000014,0.0
853,202107050107,3,4,3,27,0,0,0,2,0,0,0,0,0,2,2,12,0,0,0,0,0,0,0,0,0,1,0,3,0,0,0,0,0,0,0,0,0.0,0.0,11.0,16.0,40.6,4.3,0.25,0.0,0.0,8.0,9.0,35.7,0.8,0.5714285714285714,0.0,0.0,8.0,9.0,36.1,0.9,0.875,-3.5,4.0,-200.0,0.06521739130434782,0.21739130434782608,3,3,15.7,5.0,1221,1079,1263,0.0,0.0,10.0,6.0,35.8,0.9,0.9375,0.0,0.0,10.0,6.0,35.7,0.7,1.0,-2.3,0.0,57.0,-806.0,12.0,16.0,502.0,-0.0625,0.0,0.0,0.0,0.0,0.9700000000000003,0.0
854,202107050107,1,1,1,5,3,1,3,19,0,0,0,0,1,0,0,4,0,0,2,8,0,0,0,0,0,0,0,2,0,0,0,4,0,0,0,0,0.0,0.0,10.0,9.0,37.7,1.7,0.1875,0.0,0.0,4.0,6.0,40.0,2.4,0.5454545454545454,0.0,0.0,12.0,10.0,37.6,1.3,0.0625,0.5,-6.0,200.0,0.05,0.225,8,12,11.1,4.0,1009,1013,298,0.0,0.0,11.0,6.0,37.5,0.7,0.125,0.0,0.0,6.0,4.0,37.6,0.8,0.25,-1.0,0.0,55.0,-379.0,12.0,16.0,468.0,0.0,0.2727272727272727,0.0,0.0,0.0,0.2700000000000003,0.0
855,202107050107,0,0,0,2,0,2,1,11,0,0,0,1,0,0,0,1,0,0,1,3,0,0,0,0,0,0,0,0,0,0,1,0,0,0,0,0,0.0,0.0,1.0,4.0,38.5,0.7,0.4,0.0,0.0,11.0,12.0,40.0,2.6,0.5,0.0,0.0,8.0,11.0,37.8,1.4,0.5333333333333333,3.5,19.0,0.0,0.0,0.2777777777777778,1,1,17.8,8.0,1657,1428,1317,0.0,0.0,8.0,8.0,36.7,0.8,0.5,0.0,0.0,4.0,9.0,36.8,1.5,0.4,0.6,0.0,52.0,-950.0,12.0,10.0,477.0,-0.1,0.0,0.13333333333333333,0.0,0.06666666666666667,0.6700000000000003,0.0
856,202107050107,0,0,0,6,0,0,0,0,0,0,0,0,0,0,0,0,0,0,0,0,0,0,0,0,0,0,0,0,0,0,0,0,0,0,0,0,0.0,0.0,4.0,2.0,39.6,0.6,0.3333333333333333,0.0,0.0,11.0,9.0,36.5,0.9,0.8333333333333334,0.0,0.0,14.0,11.0,38.1,1.7,0.2857142857142857,4.5,22.0,100.0,0.0,0.16666666666666666,4,4,153.9,11.0,1581,1149,1167,0.0,0.0,11.0,11.0,37.9,1.7,1.0,0.0,0.0,7.0,14.0,42.4,3.9,0.26666666666666666,2.6,0.2,53.0,-479.0,12.0,12.0,454.0,0.0,-0.08333333333333333,0.07142857142857142,0.0,-0.06666666666666667,-0.6999999999999993,0.0
857,202107050107,0,0,0,0,0,0,1,27,0,0,0,0,0,0,0,0,0,0,0,15,0,0,0,0,0,0,0,0,0,0,0,4,0,0,0,0,0.0,0.0,30.0,5.0,41.7,2.4,0.4444444444444444,0.0,0.0,140.0,10.0,34.0,1.4,0.9333333333333333,0.0,0.0,160.0,14.0,33.5,1.2,0.6666666666666666,4.5,17.0,0.0,0.16666666666666666,0.16666666666666666,2,2,21.3,9.0,1523,1263,187,0.0,0.0,130.0,14.0,38.3,1.4,0.625,0.0,0.0,130.0,6.0,37.5,0.7,0.26666666666666666,0.6,0.0,49.0,-1041.0,12.0,9.0,489.0,-0.1111111111111111,-0.06666666666666667,,0.0,0.0,0.41000000000000086,0.0
858,202107050107,0,0,2,5,0,0,1,27,0,0,0,0,0,0,0,1,0,0,0,15,0,0,0,0,0,0,0,0,0,0,0,4,0,0,0,0,0.0,0.0,40.0,1.0,39.0,0.0,0.2727272727272727,0.0,0.0,160.0,14.0,38.7,2.4,0.9375,0.0,0.0,120.0,11.0,36.6,1.6,1.0,5.0,11.0,0.0,0.06451612903225806,0.06451612903225806,8,11,189.8,12.0,1449,1263,1306,0.0,0.0,90.0,15.0,42.0,3.5,0.3125,0.0,0.0,,,,,,3.9,0.25,55.0,-595.0,12.0,11.0,491.0,-0.18181818181818182,0.0,0.0,0.4375,,-0.6899999999999998,0.0
859,202107050107,0,0,1,0,0,0,0,0,0,0,0,0,0,0,0,0,0,0,0,0,0,0,0,0,0,0,0,0,0,0,0,0,0,0,0,0,0.0,0.0,10.0,30.0,40.2,1.5,0.2857142857142857,0.0,0.0,140.0,130.0,36.9,1.9,0.6875,0.0,0.0,80.0,130.0,37.0,1.6,0.8,50.0,7.0,-100.0,0.0,0.0,6,8,94.7,10.0,1463,527,1167,0.0,0.0,140.0,160.0,38.4,2.7,0.8125,0.0,0.0,60.0,90.0,36.4,1.3,0.5384615384615384,15.0,0.0,55.0,-1030.0,12.0,7.0,463.0,0.0,0.0625,0.0,0.0,0.07692307692307693,0.6100000000000009,0.0
860,202107050111,2,0,0,0,2,0,0,1,1,0,0,0,2,0,0,0,1,0,0,1,1,0,0,0,1,0,0,0,1,0,0,0,1,0,0,0,0.0,0.0,1.0,2.0,41.4,0.3,0.18181818181818182,0.0,0.0,16.0,15.0,37.7,2.2,0.4375,0.0,0.0,13.0,13.0,37.9,2.3,0.23076923076923078,5.5,-6.0,-200.0,0.19642857142857142,0.375,6,11,9.3,4.0,964,79,548,0.0,0.0,9.0,13.0,14.8,18.6,0.7857142857142857,0.0,0.0,12.0,16.0,40.4,3.1,0.0625,2.6,0.2,57.0,-1030.0,16.0,11.0,504.0,0.0,0.0,0.0,0.07142857142857142,0.0,2.49,0.0
861,202107050111,2,4,3,12,1,2,2,22,0,0,0,2,1,1,3,5,0,1,2,7,0,0,0,1,0,1,0,1,0,0,1,1,0,0,0,0,0.0,0.0,1.0,1.0,38.7,0.0,0.2222222222222222,0.0,0.0,13.0,8.0,37.5,0.9,0.13333333333333333,0.0,0.0,8.0,13.0,38.7,1.4,0.06666666666666667,6.0,-1.0,0.0,0.12903225806451613,0.2903225806451613,1,2,3.4,1.0,1716,1556,1167,0.0,0.0,12.0,12.0,37.1,1.2,0.46153846153846156,0.0,0.0,7.0,12.0,39.4,2.0,0.07692307692307693,2.6,0.2,56.0,-1121.0,16.0,9.0,497.0,-0.1111111111111111,0.0,0.0,0.07692307692307693,0.0,-0.09999999999999928,0.0
862,202107050111,1,2,0,13,0,0,0,3,0,0,0,0,0,1,0,6,0,0,0,1,0,0,0,0,0,0,0,0,0,0,0,0,0,0,0,0,0.0,0.0,90.0,7.0,37.3,1.4,0.5555555555555556,0.0,0.0,110.0,15.0,39.6,3.1,0.625,0.0,0.0,40.0,4.0,36.8,0.4,0.14285714285714285,-1.5,0.0,200.0,0.0,0.05555555555555555,6,12,17.9,10.0,1110,577,938,0.0,0.0,40.0,1.0,37.3,0.0,0.375,0.0,0.0,30.0,1.0,35.9,0.0,0.375,-2.6,0.4,59.0,-1040.0,16.0,9.0,506.0,0.1111111111111111,0.0,-0.07142857142857142,0.0,-0.1875,0.5100000000000001,0.0
863,202107050111,1,2,2,14,0,0,0,3,0,0,0,1,0,1,0,7,0,0,0,2,0,0,0,1,0,0,0,0,0,0,0,0,0,0,0,0,0.0,0.0,,,,,,0.0,0.0,60.0,10.0,13.7,2.3,0.5,0.0,0.0,20.0,6.0,13.6,2.7,0.36363636363636365,-4.0,,0.0,0.1320754716981132,0.2641509433962264,5,10,50.6,13.0,1183,1620,1558,0.0,0.0,30.0,1.0,13.5,0.0,0.25,0.0,0.0,10.0,4.0,13.3,0.9,0.18181818181818182,-2.3,0.25,56.0,-533.0,16.0,15.0,,,0.07142857142857142,0.09090909090909091,-0.125,0.0,0.12999999999999953,0.0
864,202107050111,5,5,3,26,0,0,0,6,0,0,0,0,3,3,1,9,0,0,0,1,0,0,0,0,0,1,0,2,0,0,0,0,0,0,0,0,0.0,0.0,9.0,2.0,38.1,0.4,0.5,0.0,0.0,8.0,15.0,37.8,1.5,0.26666666666666666,0.0,0.0,5.0,9.0,37.2,0.9,0.5454545454545454,3.5,-6.0,0.0,0.0,0.12195121951219512,7,14,6.7,3.0,1576,1613,1577,0.0,0.0,6.0,11.0,37.7,1.5,0.3125,0.0,0.0,7.0,3.0,35.7,0.2,0.4375,-0.2,0.4,54.0,-950.0,16.0,12.0,470.0,-0.16666666666666666,0.0,0.0,0.125,0.0,0.48999999999999916,0.0
865,202107050111,0,0,1,6,0,0,1,6,0,0,0,0,0,0,0,1,0,0,1,3,0,0,0,0,0,0,0,0,0,0,0,1,0,0,0,0,0.0,0.0,40.0,20.0,36.1,0.3,0.6666666666666666,0.0,0.0,140.0,140.0,39.7,5.9,1.0,0.0,0.0,130.0,160.0,37.4,3.3,0.9375,70.0,16.0,200.0,0.11363636363636363,0.20454545454545456,4,7,16.2,8.0,1200,1221,324,0.0,0.0,160.0,150.0,35.4,1.8,1.0,0.0,0.0,110.0,80.0,35.9,1.1,1.0,13.0,0.0,56.0,-1040.0,16.0,9.0,514.0,-0.1111111111111111,0.0,0.0625,0.0,0.0,0.470000000000001,0.0
866,202107050111,0,0,0,3,0,0,0,0,0,0,0,0,0,0,0,1,0,0,0,0,0,0,0,0,0,0,0,1,0,0,0,0,0,0,0,0,0.0,0.0,13.0,10.0,37.7,2.9,0.7142857142857143,0.0,0.0,16.0,15.0,36.5,1.5,0.875,0.0,0.0,14.0,15.0,41.1,4.7,0.5333333333333333,2.5,-19.0,400.0,0.05128205128205128,0.23076923076923078,3,5,33.2,11.0,1611,1047,1263,0.0,0.0,14.0,16.0,39.0,2.0,0.25,0.0,0.0,5.0,12.0,38.3,1.5,0.125,0.5,0.0,56.0,-1041.0,16.0,14.0,511.0,0.07142857142857142,0.0625,0.06666666666666667,0.1875,-0.0625,-0.3699999999999989,0.0
867,202107050111,0,0,0,1,1,0,2,1,0,0,0,0,0,0,0,0,0,0,0,1,0,0,0,0,0,0,0,0,0,0,0,0,0,0,0,0,0.0,0.0,11.0,7.0,36.2,0.4,0.25,0.0,0.0,5.0,15.0,38.7,2.1,0.5625,0.0,0.0,11.0,11.0,36.5,1.5,0.5,2.0,-8.0,0.0,0.21875,0.4375,8,16,5.2,2.0,1719,1124,1170,0.0,0.0,3.0,5.0,37.5,0.4,0.23076923076923078,0.0,0.0,12.0,10.0,38.3,1.3,0.125,-0.4,0.0,56.0,-974.0,16.0,16.0,484.0,-0.0625,0.0625,-0.125,-0.07692307692307693,0.0,-0.2999999999999986,0.0
868,202107050111,3,4,3,27,0,0,0,0,0,0,0,0,0,2,2,12,0,0,0,0,0,0,0,0,0,1,0,2,0,0,0,0,0,0,0,0,0.0,0.0,2.0,11.0,39.5,3.2,0.75,0.0,0.0,15.0,11.0,36.5,1.3,0.875,0.0,0.0,12.0,9.0,36.8,1.5,0.9375,-1.0,1.0,0.0,0.019230769230769232,0.09615384615384616,5,9,38.2,12.0,1221,765,1263,0.0,0.0,16.0,10.0,36.6,1.9,0.875,0.0,0.0,8.0,16.0,35.9,1.9,0.9375,0.9,0.0,56.0,-129.0,16.0,12.0,531.0,-0.25,-0.125,-0.1875,0.0,-0.0625,0.7100000000000002,0.0
869,202107050111,2,1,0,16,0,1,0,13,0,0,0,0,1,0,0,6,0,1,0,6,0,0,0,0,0,0,0,0,0,0,0,1,0,0,0,0,0.0,0.0,2.0,4.0,40.1,1.5,0.6,0.0,0.0,16.0,13.0,37.5,1.7,0.9375,0.0,0.0,16.0,13.0,35.2,1.1,1.0,4.5,-4.0,-200.0,0.046875,0.28125,8,15,16.6,9.0,1645,1618,1366,0.0,0.0,17.0,14.0,33.7,1.2,1.0,0.0,0.0,13.0,10.0,35.0,1.1,0.8461538461538461,1.3,0.0,57.0,-1101.0,16.0,10.0,506.0,0.1,0.0625,0.0,0.0,0.0,1.4,0.0
870,202107050111,0,0,2,0,0,0,1,0,0,0,1,0,0,0,1,0,0,0,1,0,0,0,1,0,0,0,0,0,0,0,0,0,0,0,0,0,0.0,0.0,12.0,9.0,37.1,0.6,0.1875,0.0,0.0,10.0,12.0,38.6,1.4,0.1875,0.0,0.0,9.0,14.0,37.1,2.0,0.375,2.5,4.0,200.0,0.043478260869565216,0.17391304347826086,7,13,13.7,6.0,525,609,1,0.0,0.0,3.0,3.0,38.1,0.8,0.5,0.0,0.0,5.0,1.0,35.6,0.0,0.5,-2.5,0.4,56.0,-918.0,16.0,16.0,510.0,0.0625,-0.0625,0.0625,-0.1,-0.1875,0.35,0.0
871,202107050111,0,2,0,5,1,2,2,6,0,0,0,0,0,0,0,3,0,1,2,4,0,0,0,0,0,0,0,1,0,0,0,0,0,0,0,0,0.0,0.0,40.0,5.0,36.9,0.5,0.125,0.0,0.0,50.0,12.0,39.2,3.0,0.1875,0.0,0.0,70.0,5.0,36.9,0.5,0.1875,0.0,6.0,0.0,0.0,0.07142857142857142,4,8,12.2,5.0,1403,1362,939,0.0,0.0,60.0,9.0,36.7,0.8,0.3125,0.0,0.0,90.0,15.0,38.4,2.5,0.125,1.7,0.0,57.0,77.0,16.0,16.0,524.0,0.0,0.0625,0.0,0.0,0.0,-0.05,0.0
872,202107050111,0,1,0,3,0,0,0,0,0,0,0,0,0,1,0,1,0,0,0,0,0,0,0,0,0,0,0,0,0,0,0,0,0,0,0,0,0.0,0.0,30.0,40.0,39.2,1.5,0.9,0.0,0.0,140.0,130.0,37.7,2.3,0.8125,0.0,0.0,170.0,150.0,34.3,1.0,0.9444444444444444,55.0,4.0,-100.0,0.12121212121212122,0.24242424242424243,3,6,53.4,14.0,1036,527,1108,0.0,0.0,170.0,100.0,33.5,0.7,0.8333333333333334,0.0,0.0,130.0,100.0,33.9,1.4,0.8666666666666667,9.0,0.0,56.0,-1045.0,16.0,10.0,464.0,-0.3,0.125,-0.16666666666666666,0.0,0.0,1.480000000000001,0.0
873,202107050111,2,3,0,19,0,0,1,0,0,0,0,0,2,1,0,10,0,0,0,0,0,0,0,0,1,1,0,3,0,0,0,0,0,0,0,0,0.0,0.0,11.0,12.0,34.6,0.8,0.375,0.0,0.0,7.0,13.0,35.6,1.0,0.125,0.0,0.0,5.0,1.0,34.1,0.0,0.14285714285714285,-5.5,-6.0,200.0,0.09836065573770492,0.29508196721311475,2,3,16.1,7.0,1393,1239,1263,0.0,0.0,10.0,3.0,35.5,0.1,0.0625,0.0,0.0,14.0,15.0,36.3,1.8,0.11764705882352941,-0.4,0.4,57.0,-274.0,16.0,16.0,486.0,0.3125,0.125,0.0,0.0,0.0,-0.329999999999999,0.0
874,202107050111,3,4,3,27,1,0,0,5,0,0,0,0,0,2,2,12,1,0,0,3,0,0,0,0,0,1,0,2,0,0,0,0,0,0,0,0,0.0,0.0,13.0,16.0,45.6,9.4,0.375,0.0,0.0,14.0,9.0,36.9,0.8,0.875,0.0,0.0,10.0,7.0,36.3,1.1,0.625,-4.5,-14.0,200.0,0.08,0.32,2,4,54.2,15.0,1221,1108,1263,0.0,0.0,16.0,7.0,35.8,0.9,0.875,0.0,0.0,15.0,15.0,38.9,2.8,0.1875,-0.4,0.0,56.0,-619.0,16.0,16.0,466.0,0.0625,0.0,0.0,0.0625,0.0625,1.4500000000000006,0.0
875,202107050111,1,1,0,11,0,1,0,3,0,0,0,0,1,0,0,3,0,0,0,0,0,0,0,0,0,0,0,0,0,0,0,0,0,0,0,0,0.0,0.0,160.0,16.0,39.3,3.5,0.5,0.0,0.0,180.0,18.0,35.1,1.1,0.5555555555555556,0.0,0.0,,,,,0.0625,2.0,-8.0,0.0,0.11764705882352941,0.11764705882352941,1,1,194.7,16.0,1503,516,1263,0.0,0.0,150.0,14.0,39.6,3.3,0.1875,0.0,0.0,100.0,5.0,37.3,0.9,0.1875,-3.7,0.0,59.0,0.0,16.0,16.0,524.0,0.0625,0.0,,0.0,-0.0625,0.15,0.0
876,202107050201,0,2,0,27,0,0,0,2,0,0,0,0,0,1,0,10,0,0,0,0,0,0,0,0,0,0,0,4,0,0,0,0,0,0,0,0,0.0,0.0,80.0,16.0,34.2,1.9,0.7222222222222222,,,,,,,,,,,,,,,,,-200.0,0.21052631578947367,0.38596491228070173,7,10,7.1,5.0,1431,1654,1428,,,,,,,,,,,,,,,,0.0,54.0,50.0,12.0,18.0,508.0,0.0,,,,,,
877,202107050201,0,2,0,27,3,4,3,30,0,0,0,0,0,0,0,7,1,1,1,10,0,0,0,0,0,0,0,1,0,0,0,5,0,0,0,0,0.0,0.0,5.0,1.0,38.8,0.0,0.14285714285714285,0.0,0.0,7.0,5.0,39.8,0.6,0.0625,0.0,0.0,2.0,7.0,40.4,0.9,0.08333333333333333,3.0,-8.0,-300.0,0.027777777777777776,0.1388888888888889,5,5,7.1,6.0,1645,1618,1366,0.0,0.0,4.0,3.0,37.8,0.7,0.08333333333333333,0.0,0.0,4.0,11.0,39.9,1.8,0.375,1.8,0.4,53.0,-336.0,12.0,14.0,520.0,-0.07142857142857142,0.0,0.0,0.0,0.0625,-0.020000000000000285,0.0
878,202107050201,3,3,0,10,4,6,9,67,0,0,0,0,0,0,0,4,1,1,2,15,0,0,0,0,0,0,0,0,0,0,0,3,0,0,0,0,0.0,0.0,1.0,1.0,39.6,0.0,0.5714285714285714,0.0,0.0,15.0,11.0,37.9,1.6,0.9375,0.0,0.0,12.0,11.0,40.8,2.7,0.1875,5.0,-14.0,0.0,0.034482758620689655,0.13793103448275862,8,12,5.7,3.0,1333,1558,1294,0.0,0.0,10.0,7.0,38.8,1.7,0.4,0.0,0.0,3.0,10.0,40.4,2.1,0.5,1.4,0.2,54.0,-1054.0,12.0,7.0,512.0,-0.14285714285714285,-0.0625,0.0625,-0.06666666666666667,0.35714285714285715,-0.24999999999999928,0.0
879,202107050201,0,1,1,18,0,1,1,2,0,0,0,0,0,1,1,7,0,0,0,0,0,0,0,0,0,1,1,5,0,0,0,0,0,0,0,0,0.0,0.0,110.0,14.0,39.6,2.2,0.125,0.0,0.0,60.0,10.0,38.5,2.1,0.25,0.0,0.0,8.0,8.0,38.1,1.6,0.14285714285714285,-3.0,10.0,0.0,0.12962962962962962,0.25925925925925924,7,9,6.9,4.0,1095,1103,1221,0.0,0.0,4.0,11.0,38.2,1.1,0.0625,0.0,0.0,6.0,3.0,37.7,1.1,0.0625,-2.1,0.2,54.0,-1169.0,12.0,16.0,536.0,0.0,-0.08333333333333333,0.0,0.0,0.0,0.4099999999999994,0.0
880,202107050201,0,1,1,18,0,0,0,6,0,0,0,0,0,1,1,7,0,0,0,5,0,0,0,0,0,1,1,5,0,0,0,3,0,0,0,0,0.0,0.0,7.0,5.0,38.1,0.7,0.3333333333333333,0.0,0.0,13.0,12.0,36.8,1.0,0.13333333333333333,0.0,0.0,12.0,13.0,38.2,0.8,0.625,4.0,13.0,0.0,0.0967741935483871,0.2903225806451613,1,1,22.5,7.0,1095,1541,1221,0.0,0.0,11.0,9.0,35.8,1.1,0.9285714285714286,0.0,0.0,7.0,1.0,36.8,0.0,0.3333333333333333,-1.1,0.2,54.0,-1118.0,12.0,9.0,493.0,0.0,0.13333333333333333,0.0,-0.07142857142857142,0.13333333333333333,0.3600000000000009,0.0
881,202107050201,0,0,0,4,1,0,0,7,0,0,0,0,0,0,0,1,0,0,0,4,0,0,0,0,0,0,0,0,0,0,0,0,0,0,0,0,0.0,0.0,5.0,10.0,40.5,3.8,0.9,0.0,0.0,13.0,15.0,39.2,3.7,0.5333333333333333,0.0,0.0,4.0,15.0,37.3,1.6,0.25,2.5,-2.0,-100.0,0.1111111111111111,0.2,4,4,31.7,10.0,1310,1599,1618,0.0,0.0,7.0,5.0,37.0,0.0,0.13333333333333333,0.0,0.0,10.0,15.0,37.8,2.6,0.5625,0.0,0.0,54.0,-828.0,12.0,10.0,516.0,0.0,0.06666666666666667,0.0625,0.0,0.0,0.7600000000000009,0.0
882,202107050201,0,0,0,0,0,0,0,0,0,0,0,0,0,0,0,0,0,0,0,0,0,0,0,0,0,0,0,0,0,0,0,0,0,0,0,0,0.0,0.0,30.0,2.0,41.9,1.5,0.4444444444444444,0.0,0.0,160.0,9.0,39.1,1.7,1.0,0.0,0.0,80.0,8.0,38.0,1.4,0.4666666666666667,3.0,24.0,-250.0,0.3333333333333333,0.4444444444444444,5,6,108.4,12.0,1432,1728,1428,0.0,0.0,120.0,8.0,38.5,1.4,0.6875,0.0,0.0,120.0,7.0,38.0,1.4,0.6666666666666666,0.9,0.2,51.0,-1016.0,12.0,9.0,482.0,-0.1111111111111111,-0.125,0.13333333333333333,0.0,-0.08333333333333333,0.8399999999999999,0.0
883,202107050201,5,9,7,47,1,1,0,8,0,0,0,0,3,3,3,19,1,0,0,4,0,0,0,0,1,1,1,5,0,0,0,2,0,0,0,0,0.0,0.0,8.0,8.0,39.2,0.7,0.5454545454545454,0.0,0.0,6.0,9.0,40.3,2.0,0.5833333333333334,0.0,0.0,9.0,5.0,40.6,1.1,0.18181818181818182,-1.5,23.0,0.0,0.0,0.11904761904761904,6,7,31.1,9.0,1172,1708,1556,0.0,0.0,10.0,10.0,39.5,0.8,0.8461538461538461,0.0,0.0,5.0,7.0,39.4,1.3,0.5,-0.1,0.0,54.0,-1043.0,12.0,11.0,495.0,0.0,0.0,0.0,-0.3076923076923077,-0.08333333333333333,0.04000000000000057,0.0
884,202107050201,2,0,3,19,0,5,2,41,0,0,0,2,0,0,1,4,0,1,0,9,0,0,0,0,0,0,0,1,0,0,0,3,0,0,0,0,0.0,0.0,50.0,10.0,36.7,1.6,0.21428571428571427,,,,,,,,,,,,,,,,,200.0,0.0,0.2631578947368421,8,11,28.7,8.0,1440,1235,1167,,,,,,,,,,,,,,,,0.0,51.0,21.0,12.0,14.0,508.0,0.0,,,,,,
885,202107050201,2,3,0,0,4,1,0,6,0,0,0,0,0,0,0,0,0,0,0,1,0,0,0,0,0,0,0,0,0,0,0,1,0,0,0,0,0.0,0.0,13.0,8.0,37.9,1.1,0.25,0.0,0.0,5.0,6.0,41.0,1.1,0.15384615384615385,0.0,0.0,8.0,12.0,38.2,1.8,0.21428571428571427,2.0,-7.0,-700.0,0.23076923076923078,0.3076923076923077,2,2,4.9,2.0,882,1436,695,0.0,0.0,1.0,10.0,41.7,3.3,0.4166666666666667,0.0,0.0,4.0,2.0,38.5,0.1,0.45454545454545453,-0.8,0.2,54.0,-757.0,12.0,16.0,478.0,0.0,0.15384615384615385,0.07142857142857142,0.25,-0.18181818181818182,-0.19000000000000056,0.0
886,202107050201,2,2,7,36,0,5,2,41,0,0,0,1,1,0,2,9,0,1,0,9,0,0,0,0,0,0,1,3,0,0,0,3,0,0,0,0,0.0,0.0,3.0,4.0,40.2,0.5,0.14285714285714285,0.0,0.0,16.0,16.0,36.7,1.3,0.5,0.0,0.0,16.0,15.0,35.6,1.3,0.3125,5.5,11.0,170.0,0.1,0.1,6,8,67.8,11.0,1127,1235,1328,0.0,0.0,11.0,11.0,39.7,3.2,0.6666666666666666,0.0,0.0,9.0,7.0,35.6,1.1,1.0,0.1,0.0,51.0,-1027.0,12.0,7.0,423.0,0.0,0.2777777777777778,0.0625,0.25,0.0,0.6200000000000003,0.0
887,202107050201,0,0,0,0,4,5,7,53,0,0,0,0,0,0,0,0,1,2,2,9,0,0,0,0,0,0,0,0,0,2,2,3,0,0,0,0,0.0,0.0,4.0,8.0,41.5,2.8,0.8181818181818182,0.0,0.0,11.0,10.0,37.2,1.7,0.25,0.0,0.0,12.0,8.0,34.7,1.0,0.3888888888888889,0.0,-10.0,-100.0,0.045454545454545456,0.2878787878787879,3,3,4.5,1.0,1045,1294,969,0.0,0.0,7.0,10.0,37.7,2.4,0.5,0.0,0.0,8.0,7.0,36.2,0.9,0.1875,-0.2,0.0,54.0,-585.0,12.0,11.0,440.0,0.0,0.0625,0.1111111111111111,0.16666666666666666,0.0,1.0099999999999993,0.0
888,202107050206,2,1,0,4,5,6,1,67,0,0,0,0,0,0,0,0,1,0,0,18,0,0,0,0,0,0,0,0,0,0,0,2,0,0,0,0,0.0,0.0,12.0,5.0,38.9,1.0,0.21428571428571427,0.0,0.0,16.0,15.0,35.0,1.4,0.875,0.0,0.0,17.0,14.0,34.9,1.1,0.4444444444444444,4.5,4.0,-300.0,0.0,0.09090909090909091,5,9,11.9,6.0,1601,1013,239,0.0,0.0,14.0,9.0,34.5,0.7,0.4375,0.0,0.0,7.0,7.0,36.0,1.4,0.3333333333333333,-0.2,0.0,53.0,-699.0,16.0,14.0,462.0,0.0,0.0,0.0,0.0625,0.0,0.6299999999999997,0.0
889,202107050206,2,2,2,30,0,0,0,2,0,0,0,0,0,0,0,3,0,0,0,1,0,0,0,0,0,0,0,0,0,0,0,0,0,0,0,0,0.0,0.0,5.0,2.0,38.7,1.5,0.2222222222222222,0.0,0.0,5.0,3.0,38.0,0.5,0.35714285714285715,0.0,0.0,2.0,2.0,37.9,0.1,0.125,0.0,-4.0,-400.0,0.0,0.25,5,10,5.4,2.0,1503,1050,1263,0.0,0.0,3.0,5.0,38.9,2.0,0.7272727272727273,0.0,0.0,2.0,5.0,37.2,0.3,0.3125,0.8,0.6,52.0,-104.0,16.0,9.0,458.0,0.0,0.0,0.0625,-0.18181818181818182,-0.0625,0.21000000000000013,0.0
890,202107050206,8,7,10,65,6,4,8,59,2,0,1,6,4,3,4,32,1,1,4,18,0,0,1,5,1,1,2,11,1,0,2,7,0,0,1,3,0.0,0.0,6.0,8.0,39.9,2.7,0.5555555555555556,0.0,0.0,11.0,11.0,40.8,2.2,0.23076923076923078,0.0,0.0,14.0,13.0,37.1,2.0,0.875,2.5,-3.0,100.0,0.09523809523809523,0.2857142857142857,2,3,12.1,7.0,1576,1559,1577,0.0,0.0,11.0,6.0,38.0,0.8,0.35714285714285715,0.0,0.0,5.0,5.0,37.4,1.7,0.6666666666666666,-1.1,0.0,55.0,-645.0,16.0,9.0,467.0,0.3333333333333333,0.0,0.0,0.14285714285714285,0.16666666666666666,0.7799999999999997,0.0
891,202107050206,8,7,10,65,5,7,5,56,0,1,0,3,4,3,4,32,2,1,3,19,0,0,0,0,1,1,2,11,0,0,0,12,0,0,0,0,0.0,0.0,5.0,13.0,38.2,1.3,0.4,0.0,0.0,8.0,12.0,39.0,2.2,0.6875,0.0,0.0,8.0,3.0,37.8,0.4,0.5625,-5.0,-2.0,200.0,0.3,0.4,1,1,4.3,1.0,1576,1556,1577,0.0,0.0,6.0,11.0,37.3,1.8,0.875,0.0,0.0,3.0,3.0,37.1,1.6,0.46153846153846156,-2.1,0.4,50.0,-398.0,16.0,15.0,464.0,-0.06666666666666667,0.0,-0.5,0.0,0.0,0.39000000000000057,0.0
892,202107050206,3,3,3,35,2,5,8,43,0,0,0,0,0,0,2,15,0,1,2,12,0,0,0,0,0,0,2,9,0,1,0,4,0,0,0,0,0.0,0.0,10.0,8.0,38.9,1.8,0.9230769230769231,0.0,0.0,11.0,9.0,38.8,1.6,0.9333333333333333,0.0,0.0,15.0,10.0,38.7,1.6,0.6666666666666666,1.0,22.0,0.0,0.09090909090909091,0.09090909090909091,3,5,15.8,9.0,1278,1167,625,0.0,0.0,16.0,12.0,38.8,2.5,0.625,0.0,0.0,14.0,10.0,38.1,1.1,0.7333333333333333,0.7,0.0,50.0,-1018.0,16.0,13.0,484.0,-0.07692307692307693,-0.06666666666666667,0.06666666666666667,0.3125,0.0,0.15999999999999942,0.0
893,202107050206,5,9,7,47,4,6,3,23,0,0,0,1,3,3,3,19,0,1,2,6,0,0,0,0,1,1,1,9,0,0,0,2,0,0,0,0,0.0,0.0,11.0,11.0,37.8,1.0,0.9333333333333333,0.0,0.0,12.0,9.0,36.6,0.7,0.9285714285714286,0.0,0.0,13.0,10.0,36.8,1.0,0.8125,-0.5,-4.0,0.0,0.04477611940298507,0.2835820895522388,2,4,32.3,11.0,1172,1039,1556,0.0,0.0,6.0,5.0,36.9,0.6,0.75,0.0,0.0,8.0,7.0,38.8,1.5,0.7857142857142857,-1.2,0.0,55.0,-777.0,16.0,15.0,476.0,-0.06666666666666667,0.0,0.0,0.0,0.07142857142857142,-0.2299999999999997,0.0
894,202107050206,0,1,1,17,1,0,1,25,0,0,0,1,0,0,0,7,1,0,0,7,0,0,0,1,0,0,0,2,0,0,0,5,0,0,0,1,0.0,0.0,5.0,6.0,40.1,2.8,0.6666666666666666,0.0,0.0,5.0,7.0,38.1,0.7,0.25,0.0,0.0,9.0,5.0,38.1,0.5,0.125,-0.5,-7.0,-200.0,0.06382978723404255,0.2127659574468085,4,8,8.5,4.0,1313,1170,1108,0.0,0.0,3.0,7.0,38.3,1.1,0.09090909090909091,0.0,0.0,4.0,3.0,37.7,0.6,0.3333333333333333,-0.6,0.2,55.0,-362.0,16.0,6.0,491.0,0.3333333333333333,0.0625,0.0,0.0,0.0,0.46000000000000013,0.0
895,202107050206,3,3,0,10,0,0,1,11,0,0,0,0,0,0,0,4,0,0,0,2,0,0,0,0,0,0,0,3,0,0,0,1,0,0,0,0,0.0,0.0,4.0,10.0,37.0,0.9,0.5,0.0,0.0,10.0,5.0,36.4,0.5,0.5,0.0,0.0,3.0,14.0,38.7,1.0,0.0625,2.0,0.0,200.0,0.12727272727272726,0.2545454545454545,6,11,12.9,8.0,1333,1721,1294,0.0,0.0,2.0,1.0,37.0,0.0,0.13333333333333333,0.0,0.0,3.0,3.0,36.1,0.1,0.9166666666666666,-1.8,0.4,53.0,-378.0,16.0,16.0,470.0,-0.0625,-0.0625,0.0,0.0,-0.08333333333333333,0.11999999999999958,0.0
896,202107050206,5,9,7,47,1,3,6,20,0,0,1,0,3,3,3,19,0,1,2,8,0,0,1,0,1,1,1,9,0,0,2,1,0,0,1,0,0.0,0.0,9.0,10.0,35.9,1.7,0.8333333333333334,0.0,0.0,11.0,13.0,35.3,1.4,0.8125,0.0,0.0,9.0,9.0,39.1,2.0,0.8,-0.5,-38.0,400.0,0.02702702702702703,0.16216216216216217,8,15,42.6,14.0,1172,1376,1556,0.0,0.0,13.0,11.0,36.4,2.4,0.7857142857142857,0.0,0.0,13.0,8.0,34.4,0.5,0.6875,-0.6,0.0,54.0,-315.0,16.0,12.0,438.0,0.08333333333333333,0.0,0.0,0.0,0.0625,0.18999999999999986,0.0
897,202107050206,4,3,6,43,2,0,6,35,0,0,0,0,1,0,1,8,0,0,2,12,0,0,0,0,0,0,0,3,0,0,1,7,0,0,0,0,0.0,0.0,3.0,4.0,38.1,0.7,0.6666666666666666,0.0,0.0,13.0,14.0,39.3,2.4,0.6875,0.0,0.0,13.0,10.0,39.0,1.3,0.25,3.0,8.0,0.0,0.02631578947368421,0.15789473684210525,1,2,33.3,13.0,1691,1345,1167,0.0,0.0,13.0,16.0,38.1,1.9,0.625,0.0,0.0,9.0,5.0,38.2,0.9,0.8333333333333334,0.4,0.0,52.0,-1134.0,16.0,9.0,470.0,-0.2222222222222222,0.0625,0.3125,0.125,-0.08333333333333333,0.09999999999999928,0.0
898,202107050206,2,4,2,21,1,2,0,15,0,0,0,0,0,0,0,3,0,2,0,4,0,0,0,0,0,0,0,3,0,2,0,2,0,0,0,0,0.0,0.0,14.0,,,,,0.0,0.0,10.0,11.0,37.5,0.8,0.6,0.0,0.0,10.0,9.0,37.6,1.4,0.7142857142857143,-2.0,0.0,200.0,0.0,0.0,4,7,21.5,10.0,1152,460,1428,0.0,0.0,10.0,9.0,36.9,1.2,0.8,0.0,0.0,8.0,14.0,36.2,1.4,1.0,0.9,0.0,53.0,-546.0,16.0,16.0,524.0,,0.26666666666666666,0.14285714285714285,0.0,-0.0625,0.4599999999999994,0.0
899,202107050206,0,0,0,4,2,1,0,3,0,0,0,0,0,0,0,2,1,0,0,1,0,0,0,0,0,0,0,0,0,0,0,0,0,0,0,0,0.0,0.0,15.0,8.0,37.3,1.4,0.9333333333333333,0.0,0.0,6.0,4.0,39.9,1.5,0.4444444444444444,0.0,0.0,14.0,11.0,39.2,1.8,0.9285714285714286,1.5,3.0,200.0,0.0,0.0,3,6,140.0,16.0,1051,1034,578,0.0,0.0,16.0,12.0,37.1,1.4,1.0,0.0,0.0,15.0,12.0,39.3,2.2,0.5,1.6,0.0,52.0,-62.0,16.0,15.0,496.0,0.0,-0.2222222222222222,-0.14285714285714285,-0.0625,0.0625,-0.12000000000000029,0.0
900,202107050206,6,2,1,34,0,1,0,1,0,0,0,0,1,2,0,9,0,0,0,0,0,0,0,0,0,0,0,4,0,0,0,0,0,0,0,0,0.0,0.0,14.0,13.0,37.4,1.5,0.8125,0.0,0.0,14.0,9.0,37.7,0.5,0.4,0.0,0.0,13.0,8.0,37.9,0.7,0.7333333333333333,-2.5,-2.0,200.0,0.061224489795918366,0.20408163265306123,8,16,32.9,12.0,1228,960,1108,0.0,0.0,13.0,11.0,35.6,1.1,0.9285714285714286,0.0,0.0,9.0,9.0,36.9,0.7,0.875,-0.6,0.0,52.0,-462.0,16.0,16.0,482.0,0.0625,-0.13333333333333333,-0.06666666666666667,-0.07142857142857142,-0.0625,0.31000000000000016,0.0
901,202107050206,6,2,1,34,0,0,0,1,0,0,0,0,1,2,0,9,0,0,0,1,0,0,0,0,0,0,0,4,0,0,0,0,0,0,0,0,0.0,0.0,13.0,14.0,39.4,1.9,0.06666666666666667,0.0,0.0,5.0,15.0,39.8,2.2,0.0625,0.0,0.0,14.0,16.0,40.8,3.2,0.0625,1.0,-4.0,200.0,0.04878048780487805,0.21951219512195122,7,13,8.6,5.0,1228,1561,1108,0.0,0.0,6.0,1.0,37.2,0.0,0.08333333333333333,0.0,0.0,9.0,7.0,38.9,1.3,0.21428571428571427,-2.8,0.2,53.0,-503.0,16.0,15.0,486.0,0.0,0.0,0.0,0.0,-0.07142857142857142,0.35999999999999943,0.0
902,202107050206,0,0,0,5,0,0,0,1,0,0,0,0,0,0,0,1,0,0,0,0,0,0,0,0,0,0,0,1,0,0,0,0,0,0,0,0,0.0,0.0,16.0,13.0,35.5,1.2,0.875,0.0,0.0,11.0,10.0,36.3,1.7,0.5,0.0,0.0,15.0,12.0,35.0,1.5,0.6666666666666666,-0.5,8.0,-400.0,0.0,0.07142857142857142,6,12,109.9,15.0,1719,388,1170,0.0,0.0,11.0,9.0,36.1,1.3,0.6666666666666666,0.0,0.0,17.0,11.0,34.2,1.2,1.0,-0.5,0.0,55.0,-706.0,16.0,16.0,460.0,0.0625,0.25,0.26666666666666666,0.3333333333333333,0.0,0.279999999999999,0.0
903,202107050206,1,0,1,14,2,2,1,34,0,0,0,0,1,0,0,4,0,1,0,9,0,0,0,0,1,0,0,1,0,0,0,1,0,0,0,0,0.0,0.0,15.0,16.0,36.3,1.2,0.1111111111111111,0.0,0.0,9.0,15.0,36.8,1.3,0.75,0.0,0.0,5.0,1.0,34.9,0.0,0.15384615384615385,-7.5,2.0,200.0,0.10869565217391304,0.1956521739130435,7,14,8.1,3.0,1506,1482,199,0.0,0.0,2.0,1.0,35.1,0.0,0.2727272727272727,0.0,0.0,1.0,3.0,34.7,0.1,0.4666666666666667,-4.0,0.6,53.0,-868.0,16.0,18.0,516.0,-0.05555555555555555,-0.125,-0.07692307692307693,0.0,0.0,0.48999999999999844,0.0
904,202107050301,0,1,1,7,0,0,0,0,0,0,0,0,0,0,0,2,0,0,0,0,0,0,0,0,0,0,0,0,0,0,0,0,0,0,0,0,0.0,0.0,10.0,5.0,37.0,0.3,0.11764705882352941,,,,,,,,,,,,,,,,,0.0,0.21212121212121213,0.42424242424242425,3,3,1.5,1.0,1716,1322,1167,,,,,,,,,,,,,,,,0.0,54.0,55.0,11.0,17.0,480.0,0.0,,,,,,
905,202107050301,0,0,0,0,0,0,0,0,0,0,0,0,0,0,0,0,0,0,0,0,0,0,0,0,0,0,0,0,0,0,0,0,0,0,0,0,0.0,0.0,20.0,7.0,41.0,2.0,0.125,0.0,0.0,30.0,2.0,39.7,0.6,0.26666666666666666,,,,,,,,-5.0,-2.0,-300.0,0.20833333333333334,0.25,5,5,3.6,2.0,1467,1208,336,,,,,,,,,,,,,,,-5.0,0.5,54.0,14.0,11.0,16.0,466.0,0.0625,-0.06666666666666667,,,,1.2999999999999972,0.0
906,202107050301,0,0,0,3,1,0,0,0,0,0,0,0,0,0,0,2,0,0,0,0,0,0,0,0,0,0,0,1,0,0,0,0,0,0,0,0,0.0,0.0,15.0,12.0,38.6,1.5,0.125,0.0,0.0,11.0,13.0,39.2,1.9,0.0625,0.0,0.0,12.0,14.0,38.9,1.2,0.0625,1.0,-4.0,200.0,0.08695652173913043,0.17391304347826086,6,7,119.7,11.0,1278,1393,625,0.0,0.0,9.0,15.0,41.8,3.8,0.125,0.0,0.0,6.0,8.0,37.8,0.9,0.0625,-0.6,0.0,54.0,-889.0,11.0,16.0,488.0,0.0,0.0,0.0,0.0,0.0,-0.09999999999999858,0.0
907,202107050301,0,0,0,1,0,0,0,0,0,0,0,0,0,0,0,0,0,0,0,0,0,0,0,0,0,0,0,0,0,0,0,0,0,0,0,0,0.0,0.0,70.0,8.0,36.6,1.9,0.6666666666666666,0.0,0.0,60.0,8.0,35.3,1.5,0.6923076923076923,0.0,0.0,110.0,11.0,34.3,1.9,0.9230769230769231,1.5,-2.0,-600.0,0.0,0.0,7,9,35.0,7.0,1152,1031,1428,,,,,,,,,,,,,,,1.5,0.0,54.0,7.0,11.0,9.0,494.0,0.1111111111111111,-0.07692307692307693,0.0,,,1.1500000000000021,0.0
908,202107050301,0,0,0,0,0,0,0,1,0,0,0,0,0,0,0,0,0,0,0,0,0,0,0,0,0,0,0,0,0,0,0,0,0,0,0,0,0.0,0.0,5.0,,,,1.0,0.0,0.0,7.0,7.0,39.3,1.7,0.8888888888888888,0.0,0.0,7.0,8.0,37.9,1.9,0.8125,1.0,-3.0,0.0,0.07692307692307693,0.3076923076923077,8,11,16.6,5.0,1534,1620,1235,0.0,0.0,4.0,4.0,37.1,1.2,0.6,0.0,0.0,5.0,,,,,-1.5,0.0,54.0,-507.0,11.0,11.0,491.0,0.0,-0.1111111111111111,-0.0625,0.0,,1.0999999999999979,0.0
909,202107050301,0,0,0,0,1,0,0,0,0,0,0,0,0,0,0,0,0,0,0,0,0,0,0,0,0,0,0,0,0,0,0,0,0,0,0,0,0.0,0.0,6.0,10.0,41.3,2.7,0.6363636363636364,0.0,0.0,14.0,14.0,41.0,4.1,0.6875,0.0,0.0,12.0,11.0,39.9,3.0,0.875,0.5,-1.0,-100.0,0.05,0.16666666666666666,6,6,62.2,9.0,1534,1032,1235,0.0,0.0,5.0,13.0,42.0,3.1,0.06666666666666667,0.0,0.0,9.0,6.0,37.7,1.4,0.6363636363636364,-0.9,0.0,54.0,-886.0,11.0,11.0,505.0,0.2727272727272727,0.0625,-0.0625,0.0,0.0,0.6199999999999989,0.0
910,202107050301,0,0,0,2,0,0,0,0,0,0,0,0,0,0,0,0,0,0,0,0,0,0,0,0,0,0,0,0,0,0,0,0,0,0,0,0,0.0,0.0,12.0,16.0,39.3,3.7,0.9375,0.0,0.0,8.0,7.0,38.0,1.9,0.7272727272727273,0.0,0.0,8.0,10.0,36.5,1.5,0.4375,-3.0,10.0,250.0,0.14285714285714285,0.14285714285714285,7,8,45.3,8.0,1200,816,324,,,,,,,,,,,,,,,-3.0,0.0,50.0,-225.0,11.0,16.0,436.0,0.0625,0.0,0.0625,,,1.3999999999999986,0.0
911,202107050301,1,2,0,4,0,0,0,0,0,0,0,0,0,1,0,1,0,0,0,0,0,0,0,0,0,1,0,0,0,0,0,0,0,0,0,0,0.0,0.0,3.0,4.0,37.1,0.6,0.8,0.0,0.0,8.0,10.0,36.9,1.8,0.5714285714285714,0.0,0.0,10.0,14.0,40.8,3.8,0.25,5.0,-2.0,200.0,0.04,0.2,1,1,15.4,3.0,1393,1665,1263,0.0,0.0,3.0,8.0,38.3,2.6,0.9090909090909091,0.0,0.0,5.0,16.0,36.3,2.3,0.47058823529411764,2.2,0.0,54.0,-345.0,11.0,10.0,456.0,-0.2,0.0,0.0,0.0,0.0,0.020000000000000996,0.0
912,202107050301,0,0,0,0,0,0,0,0,0,0,0,0,0,0,0,0,0,0,0,0,0,0,0,0,0,0,0,0,0,0,0,0,0,0,0,0,0.0,0.0,80.0,7.0,37.7,1.3,0.7,0.0,0.0,150.0,14.0,37.2,1.8,0.16666666666666666,0.0,0.0,180.0,15.0,37.6,1.9,0.05555555555555555,4.0,5.0,550.0,0.047619047619047616,0.21428571428571427,8,10,72.2,10.0,1698,1542,1366,0.0,0.0,140.0,12.0,41.2,2.9,0.8571428571428571,0.0,0.0,100.0,9.0,39.4,2.6,0.2727272727272727,0.2,0.0,54.0,-468.0,11.0,10.0,447.0,0.0,0.05555555555555555,0.05555555555555555,0.0,0.18181818181818182,-0.7399999999999991,0.0
913,202107050301,0,0,0,0,0,0,0,0,0,0,0,0,0,0,0,0,0,0,0,0,0,0,0,0,0,0,0,0,0,0,0,0,0,0,0,0,0.0,0.0,40.0,80.0,43.4,2.9,0.25,0.0,0.0,130.0,110.0,35.2,1.2,1.0,0.0,0.0,140.0,120.0,34.8,1.6,0.7333333333333333,20.0,18.0,0.0,0.125,0.25,2,2,16.2,4.0,1098,707,1294,0.0,0.0,130.0,130.0,37.4,2.3,0.7857142857142857,0.0,0.0,140.0,110.0,34.4,0.7,0.8125,8.0,0.0,54.0,-1127.0,11.0,12.0,506.0,0.0,0.0,-0.13333333333333333,-0.14285714285714285,-0.1875,1.5800000000000005,0.0
914,202107050301,1,0,2,11,1,0,0,7,0,0,0,1,1,0,1,7,0,0,0,2,0,0,0,1,0,0,0,1,0,0,0,0,0,0,0,0,0.0,0.0,12.0,12.0,44.2,6.6,0.9166666666666666,0.0,0.0,14.0,16.0,40.3,3.9,0.625,0.0,0.0,6.0,11.0,41.7,6.2,1.0,-0.5,27.0,100.0,0.058823529411764705,0.21568627450980393,4,4,28.6,6.0,1576,1263,1577,0.0,0.0,2.0,7.0,38.3,2.2,0.42857142857142855,,,,,,,,-2.0,0.0,53.0,-883.0,11.0,12.0,495.0,0.08333333333333333,0.0625,0.0,0.0,,1.6300000000000012,0.0
915,202107050312,0,0,0,1,1,1,0,11,0,0,0,0,0,0,0,0,1,0,0,3,0,0,0,0,0,0,0,0,0,0,0,0,0,0,0,0,0.0,0.0,14.0,16.0,37.5,3.2,0.6875,0.0,0.0,8.0,12.0,38.5,1.3,0.125,0.0,0.0,11.0,2.0,37.2,0.1,0.125,-7.0,8.0,200.0,0.03389830508474576,0.15254237288135594,6,11,21.5,6.0,1152,1183,1428,0.0,0.0,11.0,11.0,36.1,2.0,0.3333333333333333,0.0,0.0,9.0,13.0,38.6,1.2,0.125,-0.7,0.2,57.0,-357.0,15.0,16.0,474.0,0.125,0.0,0.0,0.16666666666666666,0.0,0.019999999999999574,0.0
916,202107050312,0,0,0,2,0,0,0,0,0,0,0,0,0,0,0,0,0,0,0,0,0,0,0,0,0,0,0,0,0,0,0,0,0,0,0,0,0.0,0.0,130.0,9.0,34.0,0.5,0.7647058823529411,0.0,0.0,90.0,7.0,33.8,0.8,1.0,0.0,0.0,130.0,6.0,34.3,1.2,0.5,-1.5,10.0,200.0,0.06,0.2,8,15,7.0,3.0,1200,1208,324,0.0,0.0,90.0,9.0,34.6,1.1,0.3,0.0,0.0,100.0,10.0,34.8,1.3,0.35714285714285715,0.4,0.0,54.0,-1120.0,15.0,17.0,498.0,-0.058823529411764705,0.0,-0.0625,0.0,0.21428571428571427,-0.23999999999999985,0.0
917,202107050312,0,1,1,7,0,0,0,2,0,0,0,0,0,0,0,2,0,0,0,1,0,0,0,0,0,0,0,2,0,0,0,0,0,0,0,0,0.0,0.0,2.0,1.0,36.8,0.0,0.0625,0.0,0.0,1.0,3.0,36.8,0.4,0.6666666666666666,0.0,0.0,2.0,1.0,36.2,0.0,0.125,0.0,20.0,0.0,0.041666666666666664,0.16666666666666666,5,8,1.9,1.0,1716,1436,1167,0.0,0.0,3.0,14.0,37.6,2.1,0.4375,0.0,0.0,1.0,6.0,35.8,0.7,0.16666666666666666,2.1,0.6,55.0,-386.0,15.0,16.0,488.0,0.0,0.13333333333333333,-0.0625,-0.25,0.0,0.11999999999999958,0.0
918,202107050312,1,0,0,3,0,0,1,2,0,0,0,0,0,0,0,0,0,0,0,0,0,0,0,0,0,0,0,0,0,0,0,0,0,0,0,0,0.0,0.0,11.0,12.0,35.4,2.2,0.9166666666666666,0.0,0.0,7.0,11.0,36.9,2.4,0.8181818181818182,0.0,0.0,14.0,13.0,37.0,2.1,0.8666666666666667,0.5,0.0,-200.0,0.10638297872340426,0.19148936170212766,4,6,12.9,5.0,1561,1167,1263,0.0,0.0,11.0,13.0,40.2,2.9,0.5,0.0,0.0,15.0,16.0,39.2,3.8,0.875,1.0,0.0,55.0,-994.0,15.0,12.0,482.0,0.0,0.09090909090909091,0.06666666666666667,-0.25,0.0625,-1.0900000000000012,0.0
919,202107050312,0,0,0,0,0,0,1,2,0,0,0,0,0,0,0,0,0,0,0,0,0,0,0,0,0,0,0,0,0,0,0,0,0,0,0,0,0.0,0.0,40.0,3.0,39.1,0.5,0.2727272727272727,0.0,0.0,160.0,16.0,38.4,1.5,0.375,0.0,0.0,70.0,12.0,38.7,1.6,0.5333333333333333,4.5,4.0,0.0,0.16216216216216217,0.5135135135135135,3,4,4.4,2.0,1098,1167,1294,0.0,0.0,60.0,12.0,39.0,3.2,0.3076923076923077,0.0,0.0,70.0,10.0,38.6,1.2,0.625,1.0,0.2,57.0,-1020.0,15.0,11.0,498.0,0.0,0.0,0.0,0.23076923076923078,-0.0625,0.039999999999999855,0.0
920,202107050312,0,1,1,3,0,0,0,1,0,0,0,0,0,1,1,3,0,0,0,0,0,0,0,0,0,0,1,0,0,0,0,0,0,0,0,0,0.0,0.0,120.0,9.0,36.8,1.5,0.75,0.0,0.0,140.0,13.0,36.7,1.4,0.9375,0.0,0.0,130.0,8.0,36.8,0.7,0.8,-0.5,10.0,200.0,,,3,5,282.2,15.0,1172,275,1556,0.0,0.0,70.0,11.0,14.1,8.8,1.0,0.0,0.0,110.0,14.0,37.5,2.1,1.0,0.8,0.0,57.0,6.0,15.0,12.0,490.0,0.0,-0.0625,0.0,-0.08333333333333333,0.0,2.1199999999999997,0.0
921,202107050312,1,0,2,11,1,0,0,1,1,0,0,0,1,0,1,7,1,0,0,0,1,0,0,0,0,0,0,1,0,0,0,0,0,0,0,0,0.0,0.0,14.0,15.0,37.8,2.1,0.8125,0.0,0.0,14.0,14.0,39.0,3.9,0.6428571428571429,0.0,0.0,9.0,9.0,40.7,1.8,0.2222222222222222,-3.0,4.0,200.0,0.022222222222222223,0.1111111111111111,2,3,66.8,11.0,1576,1036,1577,0.0,0.0,16.0,15.0,39.7,2.7,0.375,0.0,0.0,9.0,11.0,38.1,1.4,0.75,-0.7,0.0,53.0,-484.0,15.0,16.0,492.0,0.0,0.0,0.3333333333333333,0.1875,0.0625,-0.13000000000000114,0.0
922,202107050312,0,0,0,0,0,0,0,0,0,0,0,0,0,0,0,0,0,0,0,0,0,0,0,0,0,0,0,0,0,0,0,0,0,0,0,0,0.0,0.0,10.0,11.0,40.7,4.9,0.6666666666666666,0.0,0.0,16.0,16.0,37.7,1.6,0.875,0.0,0.0,11.0,9.0,36.9,1.4,0.9333333333333333,-1.0,-8.0,-300.0,0.21739130434782608,0.2608695652173913,1,1,30.2,8.0,1721,164,980,0.0,0.0,9.0,7.0,36.3,1.0,1.0,0.0,0.0,10.0,5.0,36.2,1.0,0.9090909090909091,-2.1,0.0,57.0,-717.0,15.0,12.0,502.0,0.16666666666666666,0.0,-0.2,0.0,0.09090909090909091,1.0400000000000005,0.0
923,202107050312,0,0,0,0,0,0,0,0,0,0,0,0,0,0,0,0,0,0,0,0,0,0,0,0,0,0,0,0,0,0,0,0,0,0,0,0,0.0,0.0,1.0,5.0,40.5,1.0,0.18181818181818182,0.0,0.0,10.0,10.0,36.5,1.0,0.7692307692307693,0.0,0.0,13.0,7.0,37.6,1.4,0.46153846153846156,1.0,5.0,-200.0,0.08333333333333333,0.08333333333333333,5,9,140.6,13.0,1714,1189,1167,0.0,0.0,13.0,9.0,37.9,1.1,0.4666666666666667,0.0,0.0,15.0,15.0,41.9,4.3,0.25,1.9,0.0,52.0,-227.0,15.0,11.0,503.0,-0.09090909090909091,0.0,0.07692307692307693,-0.06666666666666667,0.375,-0.4199999999999996,0.0
924,202107050312,0,0,0,4,0,0,0,0,0,0,0,0,0,0,0,1,0,0,0,0,0,0,0,0,0,0,0,0,0,0,0,0,0,0,0,0,0.0,0.0,6.0,11.0,42.0,3.0,0.36363636363636365,0.0,0.0,14.0,13.0,38.4,3.1,0.7333333333333333,0.0,0.0,10.0,6.0,37.2,1.1,0.8,-2.5,17.0,0.0,0.125,0.21875,8,14,32.4,9.0,1317,1365,1186,0.0,0.0,11.0,6.0,37.7,0.9,0.42857142857142855,0.0,0.0,6.0,8.0,37.1,1.8,0.42857142857142855,-1.3,0.0,55.0,-821.0,15.0,11.0,527.0,-0.09090909090909091,-0.13333333333333333,0.0,0.0,0.07142857142857142,1.0499999999999994,0.0
925,202107050312,0,0,1,0,0,1,2,7,0,0,0,0,0,0,0,0,0,0,1,4,0,0,0,0,0,0,0,0,0,0,0,1,0,0,0,0,0.0,0.0,3.0,7.0,39.3,1.9,0.625,0.0,0.0,13.0,13.0,37.6,1.6,0.875,0.0,0.0,11.0,12.0,35.9,2.3,0.9166666666666666,2.5,-8.0,-350.0,0.22413793103448276,0.39655172413793105,6,10,12.8,4.0,1691,1559,1167,0.0,0.0,13.0,12.0,34.5,0.7,1.0,0.0,0.0,11.0,11.0,34.5,1.3,0.16666666666666666,0.7,0.0,55.0,-1043.0,15.0,8.0,462.0,0.25,0.125,-0.08333333333333333,-0.07692307692307693,0.16666666666666666,1.2699999999999996,0.0
926,202107050312,0,1,1,7,0,0,1,6,0,0,0,0,0,0,0,2,0,0,0,1,0,0,0,0,0,0,0,2,0,0,0,0,0,0,0,0,0.0,0.0,10.0,9.0,40.6,4.0,1.0,0.0,0.0,5.0,16.0,38.3,2.8,1.0,0.0,0.0,12.0,7.0,36.4,0.4,0.6,-1.0,13.0,-350.0,0.0,0.12903225806451613,7,12,24.3,7.0,1716,1558,1167,0.0,0.0,7.0,12.0,38.9,2.0,0.4,0.0,0.0,10.0,10.0,40.3,2.7,0.26666666666666666,-0.2,0.0,57.0,-918.0,15.0,11.0,509.0,-0.09090909090909091,0.0,0.0,0.06666666666666667,0.2,7.105427357601002e-16,0.0
927,202107050312,0,0,0,3,0,0,1,6,0,0,0,0,0,0,0,2,0,0,0,1,0,0,0,0,0,0,0,0,0,0,0,0,0,0,0,0,0.0,0.0,9.0,10.0,39.0,1.8,0.16666666666666666,0.0,0.0,11.0,13.0,39.9,2.6,0.06666666666666667,0.0,0.0,12.0,16.0,40.3,3.5,0.875,3.0,6.0,200.0,0.05263157894736842,0.21052631578947367,4,7,66.8,11.0,1278,1558,625,0.0,0.0,5.0,1.0,38.0,0.0,0.15384615384615385,0.0,0.0,7.0,4.0,38.9,0.7,0.125,-2.4,0.2,53.0,-14.0,15.0,12.0,430.0,0.0,0.0,0.0625,0.0,0.0,0.21000000000000013,0.0
928,202107050312,0,0,0,1,1,0,0,1,0,0,0,0,0,0,0,0,1,0,0,0,0,0,0,0,0,0,0,0,0,0,0,0,0,0,0,0,0.0,0.0,10.0,14.0,40.2,3.9,0.6666666666666666,0.0,0.0,13.0,15.0,35.7,1.7,0.6,0.0,0.0,15.0,16.0,38.5,2.7,0.6875,1.0,-6.0,0.0,0.2727272727272727,0.36363636363636365,7,13,54.5,10.0,1605,1036,1,0.0,0.0,8.0,15.0,38.6,2.1,0.25,0.0,0.0,10.0,3.0,37.7,0.9,0.2,-2.2,0.2,52.0,0.0,15.0,15.0,482.0,0.3333333333333333,0.06666666666666667,0.1875,0.0,0.0,0.21000000000000013,0.0
929,202107050312,0,0,0,1,0,0,0,0,0,0,0,0,0,0,0,0,0,0,0,0,0,0,0,0,0,0,0,0,0,0,0,0,0,0,0,0,0.0,0.0,5.0,9.0,42.9,3.1,1.0,0.0,0.0,16.0,15.0,38.1,1.7,0.8125,0.0,0.0,14.0,15.0,41.1,5.0,0.9333333333333333,3.0,-5.0,-200.0,0.0,0.0,2,2,237.9,14.0,1313,1106,1108,0.0,0.0,8.0,5.0,38.6,1.2,0.8888888888888888,0.0,0.0,9.0,13.0,38.2,2.6,1.0,-0.2,0.0,57.0,-480.0,15.0,9.0,461.0,-0.1111111111111111,0.0,-0.06666666666666667,-0.2222222222222222,-0.06666666666666667,0.8899999999999991,0.0
930,202107050401,0,0,0,2,0,0,0,1,0,0,0,0,0,0,0,0,0,0,0,1,0,0,0,0,0,0,0,0,0,0,0,1,0,0,0,0,0.0,0.0,90.0,4.0,34.9,0.5,0.46153846153846156,,,,,,,,,,,,,,,,,-100.0,0.038461538461538464,0.19230769230769232,2,2,5.7,3.0,1677,815,1167,,,,,,,,,,,,,,,,0.0,54.0,29.0,10.0,13.0,456.0,-0.15384615384615385,,,,,,
931,202107050401,0,0,1,6,1,0,0,0,0,0,0,0,0,0,1,2,1,0,0,0,0,0,0,0,0,0,0,1,1,0,0,0,0,0,0,0,0.0,0.0,5.0,16.0,44.1,4.7,0.125,0.0,0.0,5.0,12.0,45.6,7.2,0.3333333333333333,0.0,0.0,2.0,7.0,38.5,2.2,0.5333333333333333,-4.5,-2.0,0.0,0.3125,0.5,7,8,2.8,2.0,1645,1029,1366,0.0,0.0,2.0,5.0,38.2,1.0,0.06666666666666667,0.0,0.0,2.0,2.0,37.3,0.0,0.2,-3.5,0.2,54.0,-183.0,10.0,16.0,456.0,0.0625,0.0,0.0,0.0,0.0,2.1000000000000005,0.0
932,202107050401,0,0,0,0,0,0,1,7,0,0,0,0,0,0,0,0,0,0,0,2,0,0,0,0,0,0,0,0,0,0,0,1,0,0,0,0,0.0,0.0,40.0,2.0,41.0,0.2,0.375,0.0,0.0,120.0,5.0,35.8,0.6,0.8333333333333334,0.0,0.0,150.0,15.0,38.3,2.6,0.6875,6.5,8.0,0.0,0.23333333333333334,0.4,3,3,10.8,4.0,1090,1294,1169,0.0,0.0,60.0,11.0,37.4,2.5,0.75,0.0,0.0,80.0,7.0,38.4,1.3,0.25,1.6,0.2,54.0,-1034.0,10.0,8.0,468.0,-0.125,-0.25,0.0,-0.0625,0.0,0.36000000000000015,0.0
933,202107050401,1,0,2,10,0,0,0,0,0,0,0,0,1,0,1,4,0,0,0,0,0,0,0,0,0,0,1,2,0,0,0,0,0,0,0,0,0.0,0.0,50.0,10.0,42.9,3.6,0.2,0.0,0.0,150.0,13.0,38.7,1.7,0.625,0.0,0.0,130.0,10.0,37.7,0.9,0.9375,0.0,-8.0,100.0,0.08064516129032258,0.25806451612903225,8,10,2.2,1.0,1576,1172,1577,0.0,0.0,120.0,11.0,37.3,2.1,1.0,0.0,0.0,70.0,8.0,37.3,0.7,0.8125,-0.6,0.0,54.0,-944.0,10.0,10.0,482.0,0.1,0.0625,0.0,-0.06666666666666667,0.0625,1.260000000000001,0.0
934,202107050401,0,0,0,2,0,0,1,5,0,0,0,0,0,0,0,2,0,0,0,0,0,0,0,0,0,0,0,1,0,0,0,0,0,0,0,0,0.0,0.0,7.0,4.0,41.4,1.1,0.7,0.0,0.0,10.0,11.0,71.6,36.0,0.8181818181818182,0.0,0.0,9.0,15.0,45.3,9.8,0.4666666666666667,5.5,-18.0,-100.0,0.1206896551724138,0.2413793103448276,8,9,15.7,5.0,1020,1345,1576,0.0,0.0,4.0,1.0,37.3,0.0,0.25,0.0,0.0,5.0,5.0,38.9,2.3,0.8181818181818182,-0.8,0.2,54.0,-529.0,10.0,10.0,482.0,-0.2,0.18181818181818182,0.5333333333333333,0.0,-0.18181818181818182,3.9299999999999997,0.0
935,202107050401,0,0,0,0,0,1,1,4,0,0,0,0,0,0,0,0,0,0,0,1,0,0,0,0,0,0,0,0,0,0,0,0,0,0,0,0,0.0,0.0,10.0,6.0,38.4,1.3,0.9090909090909091,0.0,0.0,9.0,13.0,38.9,2.1,0.3333333333333333,0.0,0.0,10.0,7.0,38.3,0.9,0.9166666666666666,0.5,-6.0,-400.0,0.09230769230769231,0.2923076923076923,6,6,72.0,7.0,1090,1428,1169,0.0,0.0,9.0,6.0,39.8,2.1,0.6363636363636364,0.0,0.0,3.0,3.0,40.2,2.7,0.375,-1.3,0.2,54.0,-174.0,10.0,11.0,464.0,0.0,0.2,-0.16666666666666666,-0.09090909090909091,0.0,-0.45000000000000073,0.0
936,202107050401,0,0,0,0,1,0,1,5,0,0,0,0,0,0,0,0,1,0,0,2,0,0,0,0,0,0,0,0,1,0,0,2,0,0,0,0,0.0,0.0,70.0,6.0,40.2,3.3,0.5714285714285714,0.0,0.0,130.0,13.0,40.2,4.8,0.42857142857142855,0.0,0.0,90.0,7.0,38.4,2.0,0.8,0.5,30.0,-100.0,0.0,0.0,1,1,122.8,9.0,1584,1558,1362,0.0,0.0,100.0,14.0,46.0,8.1,0.5714285714285714,0.0,0.0,90.0,12.0,38.4,3.0,0.25,1.3,0.0,54.0,-1016.0,10.0,7.0,516.0,0.2857142857142857,0.2857142857142857,0.0,0.42857142857142855,0.16666666666666666,-0.21999999999999886,0.0
937,202107050401,0,0,0,0,0,0,0,5,0,0,0,0,0,0,0,0,0,0,0,1,0,0,0,0,0,0,0,0,0,0,0,0,0,0,0,0,0.0,0.0,11.0,11.0,44.6,3.7,0.2727272727272727,0.0,0.0,5.0,10.0,38.7,1.9,0.1875,0.0,0.0,10.0,2.0,37.4,0.0,0.2727272727272727,-4.5,15.0,0.0,0.018867924528301886,0.09433962264150944,4,4,47.3,6.0,1463,1170,1167,0.0,0.0,1.0,9.0,37.1,0.8,0.6875,0.0,0.0,5.0,7.0,35.1,0.4,0.5625,-0.9,0.2,54.0,-955.0,10.0,11.0,487.0,0.7272727272727273,0.25,0.0,-0.125,0.0625,2.06,0.0
938,202107050401,1,0,0,5,0,0,0,0,0,0,0,0,1,0,0,1,0,0,0,0,0,0,0,0,0,0,0,0,0,0,0,0,0,0,0,0,0.0,0.0,8.0,10.0,42.6,5.7,0.9,0.0,0.0,8.0,9.0,40.3,3.9,0.6666666666666666,0.0,0.0,8.0,9.0,39.7,2.7,0.4,-0.5,-15.0,0.0,0.10204081632653061,0.1836734693877551,5,5,72.5,8.0,1393,783,1263,0.0,0.0,10.0,13.0,36.8,3.0,1.0,,,,,,,,0.9,0.0,54.0,-541.0,10.0,10.0,505.0,0.0,0.3333333333333333,0.2,-0.07142857142857142,,1.8000000000000007,0.0
939,202107050401,0,0,0,0,0,0,0,0,0,0,0,0,0,0,0,0,0,0,0,0,0,0,0,0,0,0,0,0,0,0,0,0,0,0,0,0,0.0,0.0,10.0,9.0,13.6,5.8,0.75,0.0,0.0,10.0,7.0,13.4,1.9,0.45454545454545453,0.0,0.0,13.0,13.0,13.4,4.7,0.9230769230769231,2.0,-8.0,-1490.0,0.0625,0.0625,7,7,195.0,10.0,1008,1192,1364,0.0,0.0,13.0,,,,0.7692307692307693,0.0,0.0,13.0,10.0,13.5,3.4,0.8571428571428571,0.9,0.0,54.0,-958.0,10.0,12.0,488.0,0.08333333333333333,0.18181818181818182,0.07692307692307693,-0.15384615384615385,-0.14285714285714285,0.029999999999999895,0.0
940,202107050404,0,1,0,0,0,0,0,0,0,0,0,0,0,0,0,0,0,0,0,0,0,0,0,0,0,0,0,0,0,0,0,0,0,0,0,0,0.0,0.0,50.0,11.0,44.1,3.8,0.5454545454545454,0.0,0.0,80.0,10.0,41.1,1.9,0.46153846153846156,0.0,0.0,70.0,9.0,35.4,0.8,0.25,-1.0,-7.0,100.0,0.15384615384615385,0.48717948717948717,3,6,9.4,3.0,1657,225,1317,0.0,0.0,30.0,8.0,38.0,2.0,0.2,0.0,0.0,20.0,9.0,38.9,1.2,0.5714285714285714,-0.6,0.0,55.0,-1042.0,16.0,11.0,485.0,0.09090909090909091,-0.15384615384615385,-0.08333333333333333,0.06666666666666667,-0.07142857142857142,1.3500000000000008,0.0
941,202107050404,1,0,2,10,3,0,2,9,0,0,0,0,1,0,1,4,1,0,0,4,0,0,0,0,0,0,0,1,0,0,0,1,0,0,0,0,0.0,0.0,5.0,13.0,38.2,1.3,0.4,0.0,0.0,8.0,12.0,39.0,2.2,0.6875,0.0,0.0,8.0,3.0,37.8,0.4,0.5625,-5.0,-2.0,200.0,0.07142857142857142,0.07142857142857142,1,1,5.0,2.0,1576,1556,1577,0.0,0.0,6.0,11.0,37.3,1.8,0.875,0.0,0.0,3.0,3.0,37.1,1.6,0.46153846153846156,-2.1,0.4,50.0,-391.0,16.0,15.0,464.0,-0.06666666666666667,0.0,-0.5,0.0,0.0,0.39000000000000057,0.0
942,202107050404,0,1,2,16,0,0,0,1,0,0,0,1,0,0,1,4,0,0,0,0,0,0,0,0,0,0,0,1,0,0,0,0,0,0,0,0,0.0,0.0,11.0,16.0,40.6,4.3,0.25,0.0,0.0,8.0,9.0,35.7,0.8,0.5714285714285714,0.0,0.0,8.0,9.0,36.1,0.9,0.875,-3.5,4.0,-200.0,0.0625,0.20833333333333334,6,11,24.9,9.0,1221,1079,1263,0.0,0.0,10.0,6.0,35.8,0.9,0.9375,0.0,0.0,10.0,6.0,35.7,0.7,1.0,-2.3,0.0,57.0,-798.0,16.0,16.0,502.0,-0.0625,0.0,0.0,0.0,0.0,0.9700000000000003,0.0
943,202107050404,0,0,0,5,3,0,2,9,0,0,0,0,0,0,0,1,1,0,0,4,0,0,0,0,0,0,0,0,0,0,0,1,0,0,0,0,0.0,0.0,40.0,9.0,41.0,0.8,0.08333333333333333,0.0,0.0,120.0,10.0,38.9,1.4,0.9333333333333333,0.0,0.0,50.0,8.0,37.9,0.8,0.6666666666666666,-0.5,0.0,-100.0,0.043478260869565216,0.2753623188405797,4,7,14.3,5.0,1506,1556,199,0.0,0.0,80.0,9.0,37.4,1.0,0.6875,0.0,0.0,100.0,8.0,35.0,0.8,0.75,-0.3,0.0,57.0,-773.0,16.0,12.0,500.0,0.0,0.0,0.0,-0.0625,0.0,1.35,0.0
944,202107050404,0,0,1,4,0,0,0,0,0,0,0,0,0,0,0,0,0,0,0,0,0,0,0,0,0,0,0,0,0,0,0,0,0,0,0,0,0.0,0.0,3.0,7.0,13.5,2.4,0.25,0.0,0.0,4.0,4.0,13.5,1.0,0.5833333333333334,0.0,0.0,11.0,10.0,37.9,1.7,0.6666666666666666,1.5,2.0,-1460.0,0.22950819672131148,0.4098360655737705,7,14,1.8,1.0,1317,1210,1186,0.0,0.0,10.0,15.0,37.5,2.2,0.8,0.0,0.0,7.0,15.0,39.4,2.1,0.0625,2.7,0.0,55.0,-896.0,16.0,12.0,506.0,0.08333333333333333,-0.16666666666666666,-0.08333333333333333,-0.06666666666666667,0.0,-7.58,0.0
945,202107050404,0,1,0,1,0,0,0,0,0,0,0,0,0,0,0,0,0,0,0,0,0,0,0,0,0,0,0,0,0,0,0,0,0,0,0,0,0.0,0.0,14.0,9.0,37.9,1.0,0.3125,0.0,0.0,5.0,4.0,39.9,0.6,0.18181818181818182,0.0,0.0,13.0,9.0,39.1,1.0,0.1875,0.0,-4.0,0.0,0.2,0.28,8,15,24.7,8.0,1191,958,1235,0.0,0.0,13.0,12.0,41.5,3.4,0.38461538461538464,0.0,0.0,8.0,10.0,39.0,1.8,0.3333333333333333,1.0,0.0,55.0,-841.0,16.0,16.0,472.0,0.0,-0.09090909090909091,-0.0625,0.23076923076923078,0.4166666666666667,-0.38000000000000045,0.0
946,202107050404,0,0,1,6,1,2,1,11,0,0,0,0,0,0,1,2,0,1,1,2,0,0,0,0,0,0,0,1,0,0,1,0,0,0,0,0,0.0,0.0,14.0,8.0,37.5,1.0,1.0,0.0,0.0,9.0,14.0,37.1,2.0,0.9375,0.0,0.0,5.0,10.0,37.7,1.5,0.9375,1.0,-18.0,0.0,0.021739130434782608,0.10869565217391304,6,12,69.0,11.0,1645,1559,1366,0.0,0.0,8.0,3.0,37.1,0.5,1.0,0.0,0.0,12.0,2.0,37.5,0.1,0.8571428571428571,-2.3,0.4,57.0,-216.0,16.0,15.0,476.0,0.0,0.0,0.0625,0.0,-0.07142857142857142,0.0,0.0
947,202107050404,0,0,1,0,0,0,0,0,0,0,0,0,0,0,0,0,0,0,0,0,0,0,0,0,0,0,0,0,0,0,0,0,0,0,0,0,0.0,0.0,13.0,9.0,35.3,1.2,0.9375,0.0,0.0,9.0,4.0,36.4,0.9,1.0,0.0,0.0,6.0,9.0,36.4,1.4,0.8666666666666667,0.0,6.0,200.0,0.1,0.18,2,4,103.9,13.0,1333,1686,1294,0.0,0.0,12.0,5.0,35.8,0.8,1.0,0.0,0.0,16.0,4.0,37.2,0.2,0.9375,-0.9,0.0,57.0,-1147.0,16.0,16.0,484.0,0.0,0.0,0.0,0.0,0.0,-0.320000000000001,0.0
948,202107050404,1,2,0,8,3,0,2,9,0,0,0,0,0,0,0,3,1,0,0,4,0,0,0,0,0,0,0,0,0,0,0,1,0,0,0,0,0.0,0.0,15.0,,,,0.3125,0.0,0.0,11.0,13.0,36.2,1.4,0.5,0.0,0.0,14.0,9.0,37.3,1.0,0.625,-4.0,-2.0,-400.0,0.02631578947368421,0.15789473684210525,3,5,110.7,14.0,1691,1556,1167,0.0,0.0,7.0,9.0,35.9,1.9,0.5454545454545454,0.0,0.0,10.0,12.0,37.1,2.4,0.125,-0.3,0.0,54.0,-118.0,16.0,16.0,466.0,0.6875,0.3125,-0.0625,0.45454545454545453,0.0,-0.12999999999999973,0.0
949,202107050404,0,1,0,3,0,1,0,2,0,0,0,0,0,1,0,0,0,0,0,0,0,0,0,0,0,0,0,0,0,0,0,0,0,0,0,0,0.0,0.0,16.0,10.0,38.5,1.2,0.0625,0.0,0.0,13.0,13.0,42.1,3.7,0.125,0.0,0.0,6.0,12.0,39.0,3.4,0.1875,1.0,2.0,0.0,0.125,0.125,2,3,266.7,16.0,1383,548,246,0.0,0.0,5.0,8.0,39.2,1.8,0.18181818181818182,0.0,0.0,12.0,2.0,37.7,0.4,0.2,-2.1,0.2,53.0,0.0,16.0,16.0,520.0,0.0,0.25,0.3125,0.18181818181818182,-0.06666666666666667,0.4499999999999993,0.0
950,202107050404,0,0,0,0,0,0,0,1,0,0,0,0,0,0,0,0,0,0,0,1,0,0,0,0,0,0,0,0,0,0,0,0,0,0,0,0,0.0,0.0,9.0,7.0,37.7,0.8,0.5,0.0,0.0,6.0,11.0,37.6,1.5,0.75,0.0,0.0,8.0,9.0,38.1,1.3,0.125,1.0,8.0,200.0,0.1111111111111111,0.1111111111111111,5,10,19.5,6.0,1715,1028,770,0.0,0.0,1.0,1.0,38.0,0.0,0.125,0.0,0.0,4.0,2.0,36.7,0.0,0.125,-2.0,0.4,55.0,-97.0,16.0,16.0,482.0,0.125,0.0625,0.1875,0.0,0.0,0.16000000000000014,0.0
951,202107050404,1,1,0,10,0,0,1,1,0,0,0,0,0,0,0,5,0,0,0,0,0,0,0,0,0,0,0,0,0,0,0,0,0,0,0,0,0.0,0.0,6.0,7.0,40.7,1.8,1.0,0.0,0.0,7.0,8.0,36.6,0.6,0.75,0.0,0.0,7.0,12.0,38.8,1.7,0.1875,2.5,20.0,0.0,0.04838709677419355,0.16129032258064516,4,8,23.3,7.0,1278,1124,625,0.0,0.0,7.0,9.0,39.0,1.9,0.875,0.0,0.0,4.0,7.0,35.1,1.3,0.6428571428571429,0.1,0.0,53.0,-479.0,16.0,10.0,428.0,-0.1,0.0,-0.0625,-0.25,0.0,0.8800000000000004,0.0
952,202107050404,0,1,1,5,0,0,0,1,0,0,0,0,0,0,0,0,0,0,0,0,0,0,0,0,0,0,0,0,0,0,0,0,0,0,0,0,0.0,0.0,5.0,6.0,39.2,1.6,1.0,0.0,0.0,7.0,11.0,38.9,4.3,0.16666666666666666,0.0,0.0,12.0,13.0,38.1,2.0,0.75,3.5,4.0,0.0,0.25,0.3333333333333333,8,16,74.4,12.0,1167,1079,460,0.0,0.0,9.0,12.0,40.8,3.5,0.5,0.0,0.0,2.0,10.0,43.5,6.2,0.5,0.9,0.0,54.0,-768.0,16.0,8.0,510.0,-0.125,0.0,0.0625,0.4375,0.1,-1.0499999999999994,0.0
953,202107050404,1,0,0,9,1,0,1,4,0,0,0,0,1,0,0,4,0,0,0,1,0,0,0,0,1,0,0,2,0,0,0,0,0,0,0,0,0.0,0.0,2.0,1.0,38.5,0.0,0.4,0.0,0.0,11.0,8.0,37.8,1.2,0.6666666666666666,0.0,0.0,13.0,11.0,37.9,1.5,0.6923076923076923,5.0,-11.0,0.0,0.0,0.3333333333333333,7,13,132.5,15.0,1172,1376,1556,0.0,0.0,15.0,14.0,39.5,2.5,0.25,0.0,0.0,9.0,15.0,43.2,3.8,0.125,3.4,0.2,55.0,-1032.0,16.0,10.0,449.0,-0.3,-0.08333333333333333,0.0,-0.0625,0.375,-1.1100000000000008,0.0
954,202107050404,0,0,0,0,1,0,0,1,0,0,0,0,0,0,0,0,0,0,0,1,0,0,0,0,0,0,0,0,0,0,0,0,0,0,0,0,0.0,0.0,6.0,7.0,13.8,9.5,0.5,0.0,0.0,11.0,15.0,34.6,1.4,0.625,0.0,0.0,3.0,8.0,35.2,0.5,0.8235294117647058,0.5,2.0,-1460.0,0.09090909090909091,0.2878787878787879,5,9,11.6,4.0,1465,1036,1328,0.0,0.0,6.0,4.0,34.1,0.3,0.6111111111111112,0.0,0.0,10.0,6.0,34.5,0.3,0.8333333333333334,-1.3,0.0,57.0,-293.0,16.0,10.0,498.0,0.1,0.125,-0.11764705882352941,0.0,0.05555555555555555,-4.09,0.0
955,202107050404,0,0,0,0,0,0,0,2,0,0,0,0,0,0,0,0,0,0,0,1,0,0,0,0,0,0,0,0,0,0,0,0,0,0,0,0,0.0,0.0,13.0,10.0,35.8,0.7,0.25,0.0,0.0,10.0,16.0,41.1,3.8,0.125,0.0,0.0,13.0,6.0,34.6,0.7,0.875,-2.0,-2.0,-200.0,0.0,0.2857142857142857,1,2,64.8,10.0,1098,199,1294,0.0,0.0,7.0,6.0,39.1,0.8,1.0,0.0,0.0,2.0,9.0,43.0,5.0,0.2,-1.2,0.0,50.0,-35.0,16.0,16.0,510.0,0.0,0.0625,0.0,-0.42857142857142855,0.5,-1.2400000000000007,0.0
956,202107050412,0,1,0,2,0,0,1,4,0,0,0,0,0,1,0,0,0,0,1,2,0,0,0,0,0,0,0,0,0,0,0,0,0,0,0,0,0.0,0.0,7.0,1.0,36.6,0.0,0.0625,0.0,0.0,8.0,11.0,37.3,1.7,0.375,0.0,0.0,11.0,13.0,38.3,1.4,0.25,6.0,14.0,-200.0,0.22033898305084745,0.3898305084745763,8,16,7.4,5.0,1520,1405,695,0.0,0.0,8.0,12.0,39.1,1.0,0.25,0.0,0.0,4.0,15.0,39.1,1.8,0.0625,2.9000000000000004,0.2,55.0,-280.0,16.0,16.0,506.0,0.0,0.0,0.0,0.0,0.0,-0.6800000000000004,0.0
957,202107050412,0,0,0,10,0,0,0,2,0,0,0,0,0,0,0,5,0,0,0,1,0,0,0,0,0,0,0,0,0,0,0,0,0,0,0,0,0.0,0.0,14.0,14.0,35.3,1.9,0.8571428571428571,0.0,0.0,8.0,5.0,34.4,1.0,1.0,0.0,0.0,11.0,12.0,37.3,2.3,0.8125,-1.0,-2.0,-200.0,0.05,0.1,8,15,26.7,8.0,1716,1503,1167,0.0,0.0,14.0,11.0,37.2,1.0,0.75,0.0,0.0,10.0,4.0,36.3,0.8,0.8571428571428571,-1.4,0.0,57.0,-518.0,16.0,14.0,504.0,-0.14285714285714285,0.0,0.0,-0.125,0.0,-0.4800000000000004,0.0
958,202107050412,0,0,1,2,1,0,1,10,0,0,0,0,0,0,0,0,0,0,0,2,0,0,0,0,0,0,0,0,0,0,0,0,0,0,0,0,0.0,0.0,3.0,8.0,13.4,1.3,0.75,0.0,0.0,8.0,15.0,41.4,3.5,0.5625,0.0,0.0,6.0,7.0,38.3,1.0,0.4166666666666667,-0.5,0.0,-1460.0,0.08196721311475409,0.2459016393442623,2,4,53.4,11.0,1428,1167,1263,0.0,0.0,9.0,4.0,36.2,0.8,0.4375,0.0,0.0,7.0,6.0,36.9,1.2,0.8666666666666667,-1.5,0.0,57.0,-692.0,16.0,12.0,482.0,-0.08333333333333333,0.125,0.0,0.0625,-0.2,-4.180000000000001,0.0
959,202107050412,0,1,0,1,0,0,0,0,0,0,0,0,0,1,0,0,0,0,0,0,0,0,0,0,0,0,0,0,0,0,0,0,0,0,0,0,0.0,0.0,14.0,13.0,36.6,1.2,0.9375,0.0,0.0,15.0,12.0,42.5,3.3,0.26666666666666666,0.0,0.0,9.0,10.0,35.1,1.5,0.3,-1.5,-8.0,200.0,0.12280701754385964,0.24561403508771928,5,9,6.3,4.0,1313,1665,1108,0.0,0.0,8.0,12.0,37.8,2.7,0.5,0.0,0.0,9.0,6.0,37.3,0.4,0.5625,-1.4,0.0,55.0,-465.0,16.0,16.0,494.0,-0.0625,0.06666666666666667,0.2,0.0,-0.0625,0.3300000000000011,0.0
960,202107050412,0,0,0,3,3,0,2,9,0,0,0,0,0,0,0,1,1,0,0,4,0,0,0,0,0,0,0,0,0,0,0,0,0,0,0,0,0.0,0.0,16.0,12.0,34.7,0.9,0.5882352941176471,0.0,0.0,16.0,14.0,34.1,1.4,0.625,0.0,0.0,14.0,13.0,34.3,0.9,0.8571428571428571,0.5,0.0,0.0,0.125,0.3125,6,12,28.7,9.0,1440,1556,1167,0.0,0.0,11.0,7.0,33.7,0.9,0.9166666666666666,0.0,0.0,10.0,9.0,35.5,1.2,0.7142857142857143,-1.3,0.0,55.0,-924.0,16.0,17.0,484.0,0.0,0.0,0.07142857142857142,0.08333333333333333,0.07142857142857142,-0.11999999999999958,0.0
961,202107050412,1,0,1,6,0,0,1,0,0,0,0,0,0,0,0,3,0,0,1,0,0,0,0,0,0,0,0,0,0,0,0,0,0,0,0,0,0.0,0.0,4.0,7.0,42.8,2.0,0.5555555555555556,0.0,0.0,15.0,9.0,37.7,0.9,0.9333333333333333,0.0,0.0,14.0,14.0,38.9,2.4,0.9375,3.5,4.0,-300.0,0.0,0.125,7,14,17.8,7.0,1482,14,1263,0.0,0.0,5.0,7.0,37.1,0.9,0.7857142857142857,0.0,0.0,9.0,5.0,37.0,0.3,0.8,-0.6,0.0,57.0,-977.0,16.0,9.0,482.0,0.1111111111111111,-0.06666666666666667,0.0,0.07142857142857142,-0.13333333333333333,1.2199999999999995,0.0
962,202107050412,0,1,0,1,0,0,0,0,0,0,0,0,0,0,0,0,0,0,0,0,0,0,0,0,0,0,0,0,0,0,0,0,0,0,0,0,0.0,0.0,9.0,,,,0.1111111111111111,0.0,0.0,11.0,15.0,38.0,3.2,0.9333333333333333,0.0,0.0,12.0,11.0,37.4,1.0,0.25,-4.0,24.0,-100.0,0.04918032786885246,0.16393442622950818,1,2,7.4,6.0,1191,1014,1235,0.0,0.0,9.0,14.0,38.4,1.7,0.3125,0.0,0.0,6.0,13.0,40.3,3.6,0.35714285714285715,-0.3,0.0,57.0,-824.0,16.0,9.0,552.0,0.8888888888888888,-0.06666666666666667,0.0625,-0.0625,0.0,-0.7899999999999991,0.0
963,202107050412,0,0,1,2,0,0,0,2,0,0,0,0,0,0,0,0,0,0,0,2,0,0,0,0,0,0,0,0,0,0,0,0,0,0,0,0,0.0,0.0,70.0,8.0,38.5,1.5,0.7857142857142857,0.0,0.0,80.0,8.0,36.8,0.4,0.9333333333333333,0.0,0.0,80.0,10.0,38.5,1.3,0.375,1.0,14.0,0.0,0.23529411764705882,0.4411764705882353,2,3,5.1,2.0,1428,1708,1263,0.0,0.0,20.0,9.0,36.2,1.5,0.7,0.0,0.0,50.0,3.0,37.0,0.0,0.25,-0.9,0.2,55.0,-517.0,16.0,14.0,480.0,-0.07142857142857142,-0.06666666666666667,0.0625,0.0,-0.0625,0.35999999999999943,0.0
964,202107050412,0,0,0,0,0,0,0,0,0,0,0,0,0,0,0,0,0,0,0,0,0,0,0,0,0,0,0,0,0,0,0,0,0,0,0,0,0.0,0.0,12.0,10.0,37.1,1.2,0.4166666666666667,0.0,0.0,14.0,13.0,38.0,2.3,0.21428571428571427,0.0,0.0,10.0,10.0,36.1,1.1,0.7857142857142857,0.0,-10.0,400.0,0.0,0.0,1,1,108.4,14.0,1152,1442,1428,0.0,0.0,15.0,4.0,38.0,0.3,0.125,0.0,0.0,14.0,9.0,37.1,1.0,0.1875,-1.1,0.0,52.0,-329.0,16.0,12.0,452.0,0.08333333333333333,0.0,0.0,0.0,0.0,0.0,0.0
965,202107050412,1,0,0,9,0,3,0,5,0,0,0,1,1,0,0,4,0,1,0,3,0,0,0,1,0,0,0,0,0,0,0,0,0,0,0,0,0.0,0.0,1.0,10.0,37.4,1.0,0.0625,0.0,0.0,1.0,2.0,38.0,0.1,0.13333333333333333,0.0,0.0,1.0,1.0,36.8,0.0,0.13333333333333333,-4.5,-2.0,0.0,0.15789473684210525,0.5,6,11,4.0,1.0,1172,1235,1556,0.0,0.0,2.0,2.0,36.8,0.0,0.13333333333333333,0.0,0.0,1.0,2.0,37.9,0.1,0.25,-1.6,0.8,57.0,0.0,16.0,16.0,508.0,0.0,0.0,0.0,0.0,0.0,0.020000000000000285,0.0
966,202107050412,0,1,0,2,0,0,0,10,0,0,0,0,0,1,0,0,0,0,0,1,0,0,0,0,0,0,0,0,0,0,0,0,0,0,0,0,0.0,0.0,1.0,1.0,13.8,0.0,0.16666666666666666,0.0,0.0,4.0,6.0,13.4,1.1,0.5833333333333334,0.0,0.0,13.0,12.0,38.2,2.2,0.6153846153846154,5.5,8.0,-1600.0,0.027777777777777776,0.16666666666666666,3,6,6.0,3.0,1520,1618,695,0.0,0.0,13.0,11.0,37.0,0.9,0.625,0.0,0.0,10.0,9.0,35.4,1.0,1.0,2.1,0.2,57.0,-750.0,16.0,12.0,520.0,-0.08333333333333333,-0.4166666666666667,0.15384615384615385,0.0,0.0,-6.68,0.0
967,202107050412,1,0,2,10,0,1,1,4,0,0,0,0,1,0,1,4,0,0,0,1,0,0,0,0,0,0,0,0,0,0,0,0,0,0,0,0,0.0,0.0,60.0,70.0,36.1,1.4,1.0,0.0,0.0,40.0,160.0,38.6,2.1,0.8125,0.0,0.0,120.0,120.0,37.1,1.7,0.875,25.0,21.0,200.0,0.07692307692307693,0.07692307692307693,4,7,61.3,12.0,1576,1428,1577,0.0,0.0,60.0,50.0,36.4,0.5,0.6875,0.0,0.0,40.0,50.0,36.3,0.4,0.375,-15.0,0.0,54.0,-1024.0,16.0,9.0,533.0,0.0,-0.0625,0.0,0.0,-0.0625,0.18000000000000113,0.0
968,202107050412,0,1,2,16,0,1,0,1,0,0,0,0,0,0,1,4,0,1,0,0,0,0,0,0,0,0,0,0,0,0,0,0,0,0,0,0,0.0,0.0,16.0,15.0,39.4,3.7,0.375,0.0,0.0,15.0,12.0,38.1,2.4,0.9333333333333333,0.0,0.0,13.0,16.0,37.8,1.8,0.4375,0.5,-14.0,0.0,0.057692307692307696,0.21153846153846154,5,10,66.0,13.0,1221,1306,1263,0.0,0.0,6.0,13.0,38.6,1.3,0.7333333333333333,0.0,0.0,15.0,5.0,36.7,0.7,0.5,-1.9,0.0,56.0,-643.0,16.0,16.0,498.0,0.125,-0.06666666666666667,-0.0625,-0.06666666666666667,-0.0625,0.48999999999999916,0.0
969,202107050412,0,1,1,5,0,0,1,5,0,0,1,0,0,0,0,0,0,0,0,0,0,0,0,0,0,0,0,0,0,0,0,0,0,0,0,0,0.0,0.0,12.0,11.0,33.5,1.5,1.0,0.0,0.0,11.0,14.0,34.0,0.7,0.8888888888888888,0.0,0.0,13.0,5.0,33.7,0.5,1.0,-3.0,10.0,0.0,0.10416666666666667,0.1875,3,5,178.7,16.0,1167,1345,460,0.0,0.0,16.0,14.0,37.3,1.8,0.75,0.0,0.0,8.0,15.0,36.9,1.4,0.4375,0.8,0.0,55.0,-139.0,16.0,16.0,422.0,0.0,0.0,-0.15384615384615385,0.0,0.1875,-1.0099999999999993,0.0
970,202107050412,1,0,0,5,0,0,0,0,0,0,0,0,1,0,0,1,0,0,0,0,0,0,0,0,0,0,0,0,0,0,0,0,0,0,0,0,0.0,0.0,60.0,11.0,39.3,1.4,0.3125,0.0,0.0,80.0,8.0,37.5,0.6,0.1875,0.0,0.0,130.0,7.0,37.5,0.5,0.0625,-2.0,-4.0,0.0,0.09375,0.296875,7,13,48.1,10.0,1393,580,1263,0.0,0.0,100.0,11.0,37.0,0.9,0.5714285714285714,0.0,0.0,100.0,15.0,37.8,2.0,0.4375,1.1,0.0,57.0,-223.0,16.0,16.0,456.0,0.125,0.0625,0.0,-0.07142857142857142,0.125,0.35,0.0
971,202107050412,0,0,2,8,0,0,0,0,0,0,0,0,0,0,0,2,0,0,0,0,0,0,0,0,0,0,0,0,0,0,0,0,0,0,0,0,0.0,0.0,11.0,,,,1.0,0.0,0.0,12.0,10.0,13.9,8.1,1.0,0.0,0.0,16.0,13.0,38.4,2.1,0.9375,3.0,-6.0,-1490.0,0.04411764705882353,0.27941176470588236,4,8,177.8,15.0,1183,715,1558,0.0,0.0,15.0,16.0,37.3,2.1,0.9375,0.0,0.0,12.0,13.0,36.2,1.1,0.875,1.2,0.0,57.0,-238.0,16.0,12.0,552.0,0.0,-0.2857142857142857,-0.0625,0.0,0.0,-6.580000000000001,0.0
972,202107050504,0,0,0,1,0,0,0,4,0,0,0,0,0,0,0,0,0,0,0,1,0,0,0,0,0,0,0,0,0,0,0,0,0,0,0,0,0.0,0.0,15.0,16.0,41.6,4.7,0.4375,0.0,0.0,4.0,8.0,41.6,4.5,0.2727272727272727,0.0,0.0,15.0,11.0,34.6,1.0,0.9375,-2.5,-6.0,0.0,0.078125,0.25,6,8,18.8,6.0,1672,1328,1167,0.0,0.0,11.0,10.0,38.0,1.3,1.0,0.0,0.0,6.0,1.0,38.0,0.0,0.3076923076923077,-2.8,0.2,54.0,-383.0,13.0,16.0,456.0,0.4375,0.18181818181818182,0.0625,-0.2,0.0,1.0800000000000005,0.0
973,202107050504,5,5,3,26,1,0,0,4,0,0,0,0,3,3,1,9,1,0,0,3,0,0,0,0,0,1,0,0,1,0,0,0,0,0,0,0,0.0,0.0,120.0,10.0,39.4,1.8,0.125,0.0,0.0,30.0,16.0,42.1,4.9,0.1875,0.0,0.0,40.0,2.0,38.2,0.5,0.5384615384615384,-4.0,4.0,200.0,0.25,0.375,7,11,13.9,4.0,1576,1511,1577,,,,,,,,,,,,,,,-4.0,0.3333333333333333,54.0,-576.0,13.0,16.0,516.0,0.0,0.0,-0.07692307692307693,,,0.5999999999999979,0.0
974,202107050504,0,0,0,0,1,0,1,11,0,0,0,0,0,0,0,0,1,0,1,5,0,0,0,0,0,0,0,0,0,0,0,0,0,0,0,0,,,,,,,,,,,,,,,,,,,,,,,,,0.0,0.13793103448275862,4,4,37.7,8.0,1684,1366,1328,,,,,,,,,,,,,,,,,54.0,,13.0,,,,,,,,,
975,202107050504,0,0,0,0,1,0,2,1,0,0,0,0,0,0,0,0,0,0,0,1,0,0,0,0,0,0,0,0,0,0,0,0,0,0,0,0,0.0,0.0,12.0,11.0,38.5,2.3,0.5,0.0,0.0,17.0,18.0,37.9,3.5,0.8888888888888888,0.0,0.0,11.0,11.0,37.2,1.9,0.18181818181818182,0.0,-6.0,200.0,0.0,0.06666666666666667,5,6,40.3,9.0,1089,1124,1428,0.0,0.0,6.0,6.0,36.7,2.3,0.6666666666666666,0.0,0.0,15.0,14.0,35.8,2.3,1.0,-0.6,0.0,54.0,-251.0,13.0,16.0,454.0,0.0,0.0,0.0,-0.16666666666666666,0.0,0.6600000000000001,0.0
976,202107050504,2,3,0,19,0,0,0,3,0,0,0,0,2,1,0,10,0,0,0,1,0,0,0,0,0,0,0,0,0,0,0,0,0,0,0,0,0.0,0.0,20.0,10.0,41.4,3.3,1.0,0.0,0.0,120.0,10.0,37.7,2.1,0.6428571428571429,0.0,0.0,70.0,12.0,42.2,3.9,0.26666666666666666,1.0,-1.0,100.0,0.04285714285714286,0.2714285714285714,8,13,6.5,2.0,1393,577,1263,0.0,0.0,40.0,14.0,36.0,2.0,0.4375,0.0,0.0,60.0,8.0,41.6,5.0,0.6363636363636364,0.0,0.0,54.0,-440.0,13.0,12.0,485.0,0.0,0.0,0.06666666666666667,0.1875,0.18181818181818182,0.12999999999999973,0.0
977,202107050504,1,0,0,0,0,0,0,0,0,0,0,0,1,0,0,0,0,0,0,0,0,0,0,0,0,0,0,0,0,0,0,0,0,0,0,0,0.0,0.0,7.0,12.0,38.5,2.9,0.5833333333333334,0.0,0.0,6.0,9.0,38.6,2.4,0.6923076923076923,0.0,0.0,10.0,14.0,34.5,1.1,0.23529411764705882,1.0,0.0,580.0,0.08823529411764706,0.29411764705882354,4,5,1.5,1.0,1629,199,1428,0.0,0.0,8.0,10.0,34.4,0.5,0.2727272727272727,0.0,0.0,3.0,6.0,37.0,0.8,0.6875,-1.1,0.0,54.0,-969.0,13.0,12.0,512.0,0.25,-0.07692307692307693,0.17647058823529413,0.0,-0.125,0.7200000000000003,0.0
978,202107050504,0,0,0,0,4,3,1,19,0,0,0,0,0,0,0,0,1,2,0,5,0,0,0,0,0,0,0,0,0,0,0,0,0,0,0,0,0.0,0.0,1.0,2.0,39.3,0.6,0.1111111111111111,0.0,0.0,9.0,11.0,40.6,2.6,0.375,0.0,0.0,3.0,7.0,35.8,0.8,0.35714285714285715,2.5,18.0,0.0,0.0,0.0,1,1,14.8,5.0,1270,1167,969,0.0,0.0,7.0,4.0,37.2,0.8,0.3125,0.0,0.0,4.0,7.0,39.3,1.8,0.25,0.3,0.2,54.0,-613.0,13.0,9.0,482.0,0.0,-0.125,0.0,0.0,0.0,0.33999999999999986,0.0
979,202107050504,1,2,1,21,1,0,0,1,0,0,0,0,1,1,1,12,1,0,0,0,0,0,0,0,0,0,0,0,0,0,0,0,0,0,0,0,0.0,0.0,11.0,12.0,37.0,2.6,0.9166666666666666,0.0,0.0,15.0,14.0,38.9,1.6,0.625,0.0,0.0,9.0,11.0,40.3,2.7,0.5714285714285714,-0.5,-2.0,400.0,0.047619047619047616,0.15873015873015872,3,3,10.2,3.0,1172,460,1556,0.0,0.0,5.0,7.0,41.0,2.3,0.6666666666666666,0.0,0.0,7.0,4.0,40.7,1.1,0.3333333333333333,-2.3,0.0,54.0,-335.0,13.0,12.0,450.0,0.08333333333333333,-0.0625,0.0,-0.2,0.0,-0.9500000000000007,0.0
980,202107050504,2,0,0,9,0,0,0,0,0,0,0,0,0,0,0,2,0,0,0,0,0,0,0,0,0,0,0,0,0,0,0,0,0,0,0,0,0.0,0.0,8.0,7.0,40.5,1.9,0.5,0.0,0.0,16.0,16.0,41.8,4.6,1.0,0.0,0.0,11.0,10.0,41.8,5.8,0.8181818181818182,1.5,2.0,-100.0,0.11428571428571428,0.22857142857142856,6,9,62.9,11.0,1304,941,1503,0.0,0.0,11.0,9.0,39.7,2.2,0.6923076923076923,,,,,,,,0.0,0.0,54.0,-389.0,13.0,12.0,444.0,0.16666666666666666,0.0,0.18181818181818182,-0.07692307692307693,,0.23999999999999916,0.0
981,202107050504,0,0,1,6,0,0,1,0,0,0,0,0,0,0,0,2,0,0,0,0,0,0,0,0,0,0,0,0,0,0,0,0,0,0,0,0,0.0,0.0,10.0,9.0,37.8,2.1,0.6,0.0,0.0,12.0,11.0,38.1,1.5,0.46153846153846156,0.0,0.0,9.0,11.0,37.0,1.6,0.6923076923076923,1.0,-4.0,200.0,0.02564102564102564,0.15384615384615385,5,7,60.6,10.0,1447,1423,1721,0.0,0.0,13.0,4.0,37.0,0.5,0.375,0.0,0.0,13.0,5.0,36.7,0.7,0.38461538461538464,-1.5,0.0,53.0,-1098.0,13.0,10.0,496.0,0.0,0.0,0.15384615384615385,0.0625,-0.07692307692307693,0.329999999999999,0.0
982,202107050504,2,1,1,10,1,0,1,3,0,0,0,0,0,0,1,5,0,0,0,0,0,0,0,0,0,0,0,0,0,0,0,0,0,0,0,0,0.0,0.0,4.0,,,,0.125,0.0,0.0,7.0,9.0,13.7,6.6,0.16666666666666666,0.0,0.0,4.0,8.0,13.3,3.1,0.5454545454545454,-1.0,6.0,-1570.0,0.23076923076923078,0.3076923076923077,2,2,142.5,12.0,1482,1417,1263,0.0,0.0,3.0,2.0,42.2,0.1,0.2,0.0,0.0,6.0,8.0,38.6,1.6,0.9333333333333333,-0.9,0.25,51.0,-440.0,13.0,8.0,520.0,0.0,0.5,0.09090909090909091,0.0,-0.2,-10.360000000000001,0.0
983,202107050504,0,0,0,0,0,0,0,9,0,0,0,0,0,0,0,0,0,0,0,5,0,0,0,0,0,0,0,0,0,0,0,0,0,0,0,0,0.0,0.0,9.0,12.0,42.4,3.1,0.75,0.0,0.0,12.0,12.0,43.0,5.2,0.07142857142857142,0.0,0.0,7.0,12.0,42.8,7.7,1.0,0.0,0.0,0.0,0.09803921568627451,0.17647058823529413,7,10,27.2,7.0,1270,1482,969,,,,,,,,,,,,,,,0.0,0.0,54.0,-555.0,13.0,12.0,512.0,0.25,0.8571428571428571,0.0,,,-0.1999999999999993,0.0
984,202107050504,0,1,0,13,2,2,3,20,0,0,0,1,0,0,0,3,1,0,2,5,0,0,0,0,0,0,0,0,0,0,0,0,0,0,0,0,0.0,0.0,13.0,13.0,46.6,8.8,0.46153846153846156,,,,,,,,,,,,,,,,,0.0,0.0425531914893617,0.23404255319148937,8,12,177.4,13.0,1090,1345,1169,,,,,,,,,,,,,,,,0.0,53.0,0.0,13.0,13.0,490.0,0.23076923076923078,,,,,,
985,202107050509,1,0,1,5,0,0,0,0,0,0,0,0,0,0,0,2,0,0,0,0,0,0,0,0,0,0,0,0,0,0,0,0,0,0,0,0,0.0,0.0,10.0,1.0,36.3,0.0,0.3333333333333333,,,,,,,,,,,,,,,,,0.0,0.14285714285714285,0.2857142857142857,3,3,1.7,1.0,1426,1520,306,,,,,,,,,,,,,,,,1.0,54.0,85.0,8.0,15.0,484.0,-0.06666666666666667,,,,,,
986,202107050509,0,0,0,0,0,0,0,3,0,0,0,0,0,0,0,0,0,0,0,0,0,0,0,0,0,0,0,0,0,0,0,0,0,0,0,0,0.0,0.0,6.0,1.0,39.9,0.0,0.1,0.0,0.0,14.0,13.0,38.3,2.0,0.125,0.0,0.0,10.0,11.0,13.7,6.6,0.9285714285714286,5.0,17.0,-600.0,0.12121212121212122,0.30303030303030304,6,6,7.9,3.0,562,815,882,0.0,0.0,9.0,7.0,37.3,1.0,0.375,0.0,0.0,10.0,16.0,41.3,4.3,0.1875,2.4,0.2,54.0,-1109.0,8.0,10.0,483.0,0.0,0.0,-0.21428571428571427,-0.0625,0.1875,-0.17999999999999972,0.0
987,202107050509,8,7,10,65,0,1,0,11,0,0,0,0,4,3,4,32,0,0,0,4,0,0,0,0,1,1,2,11,0,0,0,1,0,0,0,0,0.0,0.0,8.0,4.0,36.9,0.6,0.9230769230769231,0.0,0.0,14.0,15.0,36.6,3.0,0.875,0.0,0.0,4.0,9.0,37.1,1.6,0.7333333333333333,2.5,11.0,200.0,0.08955223880597014,0.2835820895522388,1,1,12.8,5.0,1576,1613,1577,0.0,0.0,4.0,5.0,37.4,0.5,0.75,0.0,0.0,2.0,2.0,36.5,0.0,0.6153846153846154,-1.4,0.2,54.0,-1087.0,8.0,13.0,485.0,-0.15384615384615385,0.0,0.0,0.0,-0.07692307692307693,0.0,0.0
988,202107050509,0,2,0,8,0,2,0,1,0,0,0,0,0,1,0,1,0,0,0,0,0,0,0,0,0,1,0,0,0,0,0,0,0,0,0,0,0.0,0.0,5.0,9.0,33.3,0.5,0.9,0.0,0.0,7.0,3.0,34.5,0.1,0.0625,0.0,0.0,7.0,6.0,35.3,0.8,0.14285714285714285,-1.5,0.0,200.0,0.07936507936507936,0.25396825396825395,4,4,4.3,2.0,1677,1505,1167,0.0,0.0,9.0,10.0,34.8,0.5,0.4375,0.0,0.0,14.0,13.0,35.5,0.9,0.4666666666666667,1.5,0.2,54.0,-1084.0,8.0,10.0,466.0,-0.1,0.0,0.0,0.0,0.0,-0.4700000000000003,0.0
989,202107050509,0,0,0,0,9,2,7,87,0,0,0,0,0,0,0,0,0,0,2,23,0,0,0,0,0,0,0,0,0,0,1,8,0,0,0,0,0.0,0.0,14.0,13.0,39.2,2.5,0.14285714285714285,0.0,0.0,11.0,13.0,39.2,1.9,0.14285714285714285,0.0,0.0,6.0,13.0,38.0,2.4,0.07692307692307693,0.0,8.0,200.0,0.043478260869565216,0.2391304347826087,7,7,56.4,8.0,1270,1263,969,0.0,0.0,13.0,7.0,37.9,0.8,0.06666666666666667,0.0,0.0,11.0,1.0,37.0,0.0,0.0625,-3.0,0.2,54.0,-1097.0,8.0,14.0,472.0,0.0,0.07142857142857142,0.07692307692307693,0.0,0.0,0.570000000000001,0.0
990,202107050509,0,2,1,6,2,5,8,43,0,0,0,0,0,1,1,4,0,1,2,12,0,0,0,0,0,0,1,0,0,1,0,4,0,0,0,0,0.0,0.0,5.0,2.0,36.1,0.3,0.625,0.0,0.0,12.0,11.0,36.7,1.2,0.6875,0.0,0.0,5.0,9.0,36.8,1.3,0.75,3.5,-6.0,0.0,0.19230769230769232,0.2692307692307692,2,2,30.8,7.0,1020,1167,1576,0.0,0.0,4.0,6.0,36.8,1.0,0.2857142857142857,0.0,0.0,2.0,11.0,37.4,0.6,0.4666666666666667,1.3,0.2,54.0,-544.0,8.0,16.0,534.0,-0.0625,0.0,0.125,0.14285714285714285,-0.06666666666666667,-0.26999999999999885,0.0
991,202107050509,3,5,4,21,0,0,1,2,0,0,0,0,1,1,1,8,0,0,1,2,0,0,0,0,1,1,0,4,0,0,1,2,0,0,0,0,0.0,0.0,12.0,,,,1.0,0.0,0.0,15.0,12.0,38.3,2.2,0.8,0.0,0.0,15.0,13.0,38.2,1.6,0.5,1.0,23.0,-200.0,0.11764705882352941,0.23529411764705882,8,8,24.1,6.0,1605,1322,1,0.0,0.0,11.0,9.0,37.2,1.8,1.0,0.0,0.0,10.0,8.0,38.2,1.3,0.5,-1.6,0.0,54.0,-961.0,8.0,13.0,477.0,0.0,0.06666666666666667,0.0625,0.0,0.0,0.12999999999999828,0.0
992,202107050509,8,7,10,65,0,0,0,0,0,0,0,0,4,3,4,32,0,0,0,0,0,0,0,0,1,1,2,11,0,0,0,0,0,0,0,0,0.0,0.0,50.0,6.0,40.2,0.9,0.06666666666666667,0.0,0.0,30.0,7.0,36.9,1.5,0.38461538461538464,0.0,0.0,10.0,4.0,36.5,0.3,0.625,-1.0,-4.0,0.0,0.02702702702702703,0.16216216216216217,5,5,9.8,4.0,1576,1598,1577,0.0,0.0,10.0,2.0,36.7,0.4,0.125,0.0,0.0,90.0,2.0,38.0,0.2,0.06666666666666667,-1.3,0.4,54.0,-453.0,8.0,15.0,498.0,0.0,0.0,0.0,0.0625,0.0,0.46000000000000013,0.0
993,202107050601,0,0,0,0,2,5,8,43,0,0,0,0,0,0,0,0,0,1,2,12,0,0,0,0,0,0,0,0,0,0,2,5,0,0,0,0,0.0,0.0,100.0,3.0,34.8,0.6,0.5384615384615384,,,,,,,,,,,,,,,,,200.0,0.12121212121212122,0.21212121212121213,8,8,8.5,3.0,1467,1167,336,,,,,,,,,,,,,,,,1.0,54.0,21.0,8.0,13.0,480.0,-0.15384615384615385,,,,,,
994,202107050601,0,1,1,18,0,0,0,2,0,0,0,2,0,1,1,7,0,0,0,1,0,0,0,1,0,1,1,5,0,0,0,0,0,0,0,0,0.0,0.0,100.0,2.0,37.4,0.6,0.07142857142857142,,,,,,,,,,,,,,,,,200.0,0.09859154929577464,0.29577464788732394,6,6,8.8,4.0,1095,1665,1221,,,,,,,,,,,,,,,,1.0,54.0,63.0,8.0,14.0,482.0,0.0,,,,,,
995,202107050601,0,2,0,27,0,0,0,1,0,0,0,0,0,0,0,7,0,0,0,0,0,0,0,0,0,0,0,1,0,0,0,0,0,0,0,0,0.0,0.0,5.0,9.0,41.7,2.5,0.2222222222222222,0.0,0.0,14.0,14.0,41.3,4.1,0.14285714285714285,0.0,0.0,15.0,11.0,37.9,1.4,0.4375,1.0,1.0,100.0,0.09259259259259259,0.18518518518518517,3,3,36.1,6.0,1645,1641,1366,0.0,0.0,14.0,14.0,39.1,2.4,0.5333333333333333,0.0,0.0,9.0,10.0,39.0,1.8,0.16666666666666666,0.2,0.0,54.0,-1023.0,8.0,9.0,485.0,0.0,0.0,-0.125,0.06666666666666667,0.0,0.7600000000000001,0.0
996,202107050601,3,3,0,10,4,6,9,67,0,0,0,0,0,0,0,4,1,1,2,15,0,0,0,0,0,0,0,0,0,0,0,3,0,0,0,0,0.0,0.0,1.0,1.0,39.6,0.0,0.5714285714285714,0.0,0.0,15.0,11.0,37.9,1.6,0.9375,0.0,0.0,12.0,11.0,40.8,2.7,0.1875,5.0,-14.0,0.0,0.046153846153846156,0.15384615384615385,5,5,4.5,2.0,1333,1558,1294,0.0,0.0,10.0,7.0,38.8,1.7,0.4,0.0,0.0,3.0,10.0,40.4,2.1,0.5,1.4,0.2,54.0,-1041.0,8.0,7.0,512.0,-0.14285714285714285,-0.0625,0.0625,-0.06666666666666667,0.35714285714285715,-0.24999999999999928,0.0
997,202107050601,0,0,0,0,0,0,0,0,0,0,0,0,0,0,0,0,0,0,0,0,0,0,0,0,0,0,0,0,0,0,0,0,0,0,0,0,0.0,0.0,50.0,4.0,34.9,0.7,0.2,0.0,0.0,40.0,3.0,36.6,0.5,0.6,,,,,,,,-1.0,12.0,200.0,0.11428571428571428,0.3142857142857143,4,4,1.5,1.0,684,114,429,,,,,,,,,,,,,,,-1.0,0.5,54.0,20.0,8.0,10.0,484.0,0.1,0.0,,,,-1.7000000000000028,0.0
998,202107050601,12,4,5,37,0,0,0,0,0,0,0,0,6,3,0,8,0,0,0,0,0,0,0,0,4,1,0,3,0,0,0,0,0,0,0,0,0.0,0.0,5.0,7.0,40.5,1.5,0.8888888888888888,0.0,0.0,9.0,11.0,37.2,1.6,0.5625,0.0,0.0,8.0,9.0,36.0,0.8,0.75,1.0,4.0,100.0,0.041666666666666664,0.2638888888888889,7,7,14.0,5.0,1520,102,695,0.0,0.0,13.0,15.0,37.7,2.8,0.9375,0.0,0.0,6.0,8.0,37.1,1.1,0.6875,0.6,0.0,54.0,-1121.0,8.0,9.0,508.0,0.0,-0.0625,0.0,0.0,0.0,0.6299999999999997,0.0
999,202107050601,3,3,4,34,1,0,1,3,0,0,0,0,2,0,1,11,0,0,0,0,0,0,0,0,0,0,0,4,0,0,0,0,0,0,0,0,0.0,0.0,9.0,7.0,40.0,2.0,1.0,0.0,0.0,15.0,16.0,37.9,2.8,0.1875,0.0,0.0,10.0,12.0,37.7,3.5,0.23076923076923078,2.5,11.0,0.0,0.0625,0.125,1,1,128.8,8.0,1393,1442,1263,0.0,0.0,14.0,11.0,41.5,3.3,0.5714285714285714,0.0,0.0,11.0,12.0,40.7,3.1,0.5,0.5,0.0,51.0,-858.0,8.0,9.0,461.0,0.0,0.5625,0.15384615384615385,0.14285714285714285,0.4166666666666667,-0.5000000000000007,0.0
1000,202107050601,0,0,0,0,0,0,0,1,0,0,0,0,0,0,0,0,0,0,0,1,0,0,0,0,0,0,0,0,0,0,0,0,0,0,0,0,0.0,0.0,2.0,1.0,39.6,0.0,0.2727272727272727,0.0,0.0,14.0,12.0,38.6,1.8,0.6428571428571429,0.0,0.0,14.0,13.0,39.0,2.5,0.7142857142857143,6.0,1.0,0.0,0.024390243902439025,0.17073170731707318,2,2,102.0,7.0,1204,818,1221,0.0,0.0,14.0,9.0,35.6,1.7,1.0,0.0,0.0,11.0,9.0,13.8,4.6,0.14285714285714285,1.3,0.2,53.0,-1115.0,8.0,11.0,489.0,-0.09090909090909091,0.0,0.0,0.0,0.5,5.46,0.0
1001,202107050604,8,7,10,65,2,5,8,43,0,0,0,2,4,3,4,32,0,1,2,12,0,0,0,0,0,0,0,0,0,0,0,0,0,0,0,0,0.0,0.0,10.0,5.0,40.3,1.3,0.8181818181818182,0.0,0.0,120.0,14.0,38.3,3.5,0.875,0.0,0.0,80.0,14.0,37.3,2.2,1.0,4.5,12.0,0.0,0.08571428571428572,0.2857142857142857,8,13,21.0,7.0,1576,1167,1577,0.0,0.0,50.0,8.0,37.6,1.0,0.6875,0.0,0.0,80.0,2.0,35.1,0.1,1.0,-1.2,0.2,54.0,-1120.0,13.0,11.0,514.0,0.09090909090909091,0.0,-0.4,0.0625,0.0,1.1099999999999988,0.0
1002,202107050604,0,0,0,0,1,0,1,23,0,0,0,0,0,0,0,0,1,0,0,7,0,0,0,0,0,0,0,0,0,0,0,0,0,0,0,0,0.0,0.0,4.0,9.0,41.2,1.3,0.9,0.0,0.0,6.0,12.0,37.7,2.1,0.35714285714285715,0.0,0.0,7.0,16.0,41.8,3.5,0.1875,3.5,4.0,0.0,0.09433962264150944,0.16981132075471697,6,8,19.2,5.0,1534,1221,1235,0.0,0.0,6.0,8.0,36.2,1.0,0.1875,0.0,0.0,10.0,5.0,36.7,0.5,0.1875,-1.2,0.0,54.0,-776.0,13.0,10.0,488.0,-0.4,0.0,0.0,0.0,0.0,1.05,0.0
1003,202107050604,0,0,0,0,0,0,0,5,0,0,0,0,0,0,0,0,0,0,0,1,0,0,0,0,0,0,0,0,0,0,0,0,0,0,0,0,0.0,0.0,6.0,6.0,38.9,2.8,0.5714285714285714,0.0,0.0,13.0,11.0,38.9,2.1,0.7692307692307693,0.0,0.0,13.0,11.0,37.3,1.9,0.75,2.5,24.0,0.0,0.025,0.15,3,3,11.4,3.0,1204,1239,1221,0.0,0.0,13.0,10.0,38.9,1.9,0.3333333333333333,0.0,0.0,3.0,1.0,37.4,0.0,0.38461538461538464,-1.1,0.2,53.0,-1010.0,13.0,7.0,484.0,0.14285714285714285,0.0,-0.0625,0.0,-0.07692307692307693,0.3,0.0
1004,202107050604,0,0,0,0,0,0,0,0,0,0,0,0,0,0,0,0,0,0,0,0,0,0,0,0,0,0,0,0,0,0,0,0,0,0,0,0,0.0,0.0,9.0,4.0,37.0,0.3,0.7333333333333333,0.0,0.0,7.0,10.0,39.6,1.6,0.42857142857142855,0.0,0.0,9.0,2.0,36.5,0.0,0.2,-1.0,-18.0,-300.0,0.11764705882352941,0.3235294117647059,1,1,11.5,4.0,1670,578,882,0.0,0.0,15.0,11.0,36.5,1.5,0.3125,0.0,0.0,12.0,11.0,38.7,1.6,0.5384615384615384,1.5,0.2,54.0,-1141.0,13.0,15.0,494.0,0.13333333333333333,0.07142857142857142,0.0,0.0,0.07692307692307693,-0.030000000000000426,0.0
1005,202107050604,0,0,0,0,0,0,2,24,0,0,0,0,0,0,0,0,0,0,0,5,0,0,0,0,0,0,0,0,0,0,0,0,0,0,0,0,0.0,0.0,4.0,8.0,43.1,2.8,0.3333333333333333,0.0,0.0,11.0,8.0,36.3,1.3,0.7857142857142857,0.0,0.0,11.0,7.0,35.9,1.8,0.9166666666666666,-0.5,30.0,-100.0,0.0,0.0,4,4,46.3,9.0,1575,1306,1576,0.0,0.0,12.0,13.0,39.3,2.0,0.875,0.0,0.0,9.0,5.0,36.9,0.6,0.8125,-0.1,0.0,54.0,-1025.0,13.0,9.0,442.0,0.0,-0.07142857142857142,0.0,0.0,0.0,0.9400000000000006,0.0
1006,202107050604,0,0,1,12,1,0,1,23,0,0,0,0,0,0,0,2,1,0,0,7,0,0,0,0,0,0,0,0,0,0,0,0,0,0,0,0,0.0,0.0,,,,,,0.0,0.0,90.0,11.0,41.9,5.5,0.6363636363636364,0.0,0.0,100.0,6.0,38.7,1.0,0.38461538461538464,-5.0,,0.0,0.0,0.0,8,12,47.6,10.0,1713,1221,215,,,,,,,,,,,,,,,-5.0,0.0,51.0,-997.0,13.0,7.0,,,0.09090909090909091,0.0,,,3.1999999999999957,0.0
1007,202107050604,3,3,3,35,4,1,1,14,0,0,0,0,0,0,2,15,2,1,0,3,0,0,0,0,0,0,0,0,0,0,0,0,0,0,0,0,0.0,0.0,7.0,4.0,39.0,1.3,0.3076923076923077,0.0,0.0,6.0,1.0,38.4,0.0,0.3125,0.0,0.0,10.0,3.0,38.6,0.3,0.75,-0.5,4.0,-600.0,0.058823529411764705,0.11764705882352941,4,5,91.8,11.0,1278,1393,625,0.0,0.0,3.0,1.0,39.4,0.0,0.7777777777777778,0.0,0.0,6.0,3.0,39.0,1.7,0.5333333333333333,-0.2,0.8,51.0,-1005.0,13.0,13.0,442.0,0.23076923076923078,0.0625,0.0,-0.3333333333333333,0.0,-0.1,0.0
1008,202107050604,0,2,1,6,0,5,2,41,0,0,0,0,0,1,1,4,0,1,0,9,0,0,0,0,0,0,0,0,0,0,0,0,0,0,0,0,0.0,0.0,7.0,7.0,40.7,1.7,0.25,0.0,0.0,14.0,16.0,40.2,4.2,0.375,0.0,0.0,10.0,16.0,39.0,3.8,0.875,4.5,12.0,100.0,0.23809523809523808,0.4126984126984127,5,6,20.9,6.0,1020,1235,1576,0.0,0.0,18.0,13.0,36.9,1.7,0.4444444444444444,0.0,0.0,3.0,5.0,38.4,1.5,0.16666666666666666,-0.7,0.0,54.0,-763.0,13.0,8.0,464.0,0.5,0.25,0.125,0.0,0.0,0.7900000000000013,0.0
1009,202107050604,8,7,10,65,1,0,0,3,0,0,0,0,4,3,4,32,0,0,0,0,0,0,0,0,0,0,0,0,0,0,0,0,0,0,0,0,0.0,0.0,50.0,9.0,40.7,2.1,0.16666666666666666,0.0,0.0,140.0,11.0,39.3,2.6,1.0,0.0,0.0,110.0,13.0,39.8,2.1,0.9285714285714286,2.0,6.0,200.0,0.0410958904109589,0.2602739726027397,6,9,5.1,2.0,1576,377,1577,0.0,0.0,,,,,,0.0,0.0,60.0,6.0,40.7,1.5,1.0,-0.7,0.0,54.0,-411.0,13.0,12.0,446.0,0.08333333333333333,-0.14285714285714285,0.07142857142857142,,-0.18181818181818182,-0.05,0.0
1010,202107050604,0,2,1,6,5,6,1,67,0,0,0,0,0,1,1,4,1,0,0,18,0,0,0,0,0,0,0,0,0,0,0,0,0,0,0,0,,,,,,,,,,,,,,,,,,,,,,,,,0.175,0.5,7,10,1.7,1.0,1020,1013,1576,,,,,,,,,,,,,,,,,54.0,,13.0,,,,,,,,,
1011,202107050604,0,1,2,15,2,5,8,43,0,0,0,3,0,0,0,6,0,1,2,12,0,0,0,2,0,0,0,0,0,0,0,0,0,0,0,0,0.0,0.0,90.0,8.0,38.5,1.0,0.1111111111111111,0.0,0.0,130.0,11.0,38.2,1.8,0.6,0.0,0.0,150.0,10.0,38.6,1.7,0.5,1.0,0.0,-300.0,0.045454545454545456,0.15151515151515152,2,2,199.8,13.0,1655,1167,239,0.0,0.0,140.0,6.0,39.9,1.6,0.4666666666666667,0.0,0.0,100.0,9.0,40.8,2.7,0.9,-0.3,0.0,54.0,-939.0,13.0,9.0,462.0,0.0,0.13333333333333333,0.125,0.06666666666666667,0.1,-0.629999999999999,0.0
1012,202107050604,2,2,7,36,4,1,1,14,0,0,0,0,1,0,2,9,2,1,0,3,0,0,0,0,0,0,0,0,0,0,0,0,0,0,0,0,0.0,0.0,8.0,12.0,39.4,1.9,0.46153846153846156,,,,,,,,,,,,,,,,,0.0,0.09230769230769231,0.26153846153846155,7,11,33.4,8.0,1127,1393,1328,,,,,,,,,,,,,,,,0.0,54.0,0.0,13.0,13.0,394.0,-0.07692307692307693,,,,,,
1013,202107050604,0,2,0,8,0,0,1,2,0,0,0,0,0,1,0,1,0,0,1,2,0,0,0,0,0,0,0,0,0,0,0,0,0,0,0,0,0.0,0.0,6.0,10.0,46.9,9.5,0.9,0.0,0.0,14.0,16.0,42.3,6.9,1.0,0.0,0.0,12.0,,,,1.0,6.0,2.0,0.0,,,5,7,93.7,12.0,1677,1322,1167,,,,,,,,,,,,,,,6.0,0.0,54.0,-132.0,13.0,10.0,440.0,0.1,0.0,0.0,,,4.600000000000001,0.0
1014,202107050608,2,3,0,0,1,1,0,2,1,1,0,0,0,0,0,0,0,0,0,0,0,0,0,0,0,0,0,0,0,0,0,0,0,0,0,0,0.0,0.0,7.0,2.0,38.6,0.1,0.8181818181818182,0.0,0.0,10.0,15.0,43.1,5.4,0.3125,0.0,0.0,9.0,13.0,14.2,13.4,0.9285714285714286,5.5,-3.0,-200.0,0.22580645161290322,0.4032258064516129,6,12,5.9,3.0,882,332,695,0.0,0.0,6.0,12.0,14.6,19.6,0.9166666666666666,0.0,0.0,15.0,8.0,37.9,1.4,0.3125,0.9,0.2,57.0,-1024.0,16.0,11.0,499.0,0.09090909090909091,0.125,0.0,0.08333333333333333,-0.0625,2.9900000000000007,0.0
1015,202107050608,1,1,1,9,0,0,0,1,0,0,0,1,0,1,1,2,0,0,0,0,0,0,0,0,0,1,1,0,0,0,0,0,0,0,0,0,0.0,0.0,5.0,6.0,34.9,1.0,0.8125,0.0,0.0,4.0,1.0,36.3,0.0,1.0,0.0,0.0,1.0,1.0,36.9,0.0,0.6875,-2.5,-6.0,0.0,0.0,0.0,1,2,17.2,7.0,1642,672,1124,0.0,0.0,3.0,2.0,37.0,0.1,0.9375,0.0,0.0,2.0,2.0,37.1,0.1,0.6875,-0.7000000000000001,0.8,53.0,-232.0,16.0,16.0,512.0,0.0625,0.0,-0.1875,0.0,0.0,-0.5100000000000009,0.0
1016,202107050608,4,3,6,43,2,0,6,35,0,0,0,0,1,0,1,8,0,0,2,12,0,0,0,0,0,0,0,3,0,0,1,7,0,0,0,0,0.0,0.0,3.0,4.0,38.1,0.7,0.6666666666666666,0.0,0.0,13.0,14.0,39.3,2.4,0.6875,0.0,0.0,13.0,10.0,39.0,1.3,0.25,3.0,8.0,0.0,0.025,0.15,3,5,85.0,12.0,1691,1345,1167,0.0,0.0,13.0,16.0,38.1,1.9,0.625,0.0,0.0,9.0,5.0,38.2,0.9,0.8333333333333334,0.4,0.0,52.0,-1121.0,16.0,9.0,470.0,-0.2222222222222222,0.0625,0.3125,0.125,-0.08333333333333333,0.09999999999999928,0.0
1017,202107050608,0,2,1,6,2,5,3,26,0,2,1,0,0,1,1,4,0,2,2,9,0,1,1,0,0,0,1,0,0,1,1,2,0,0,1,0,0.0,0.0,5.0,8.0,14.1,8.1,1.0,0.0,0.0,13.0,5.0,33.3,0.2,0.2222222222222222,0.0,0.0,18.0,15.0,35.9,1.4,0.6111111111111112,3.5,-10.0,-1480.0,0.04225352112676056,0.2676056338028169,7,13,2.6,1.0,1020,1428,1576,0.0,0.0,12.0,4.0,32.8,0.2,0.25,0.0,0.0,14.0,11.0,36.3,1.3,0.2857142857142857,0.5,0.0,55.0,-1078.0,16.0,8.0,462.0,0.0,,0.3333333333333333,,0.0,-4.39,0.0
1018,202107050608,2,2,2,30,0,0,0,2,0,0,0,0,0,0,0,3,0,0,0,1,0,0,0,0,0,0,0,0,0,0,0,0,0,0,0,0,0.0,0.0,5.0,2.0,38.7,1.5,0.2222222222222222,0.0,0.0,5.0,3.0,38.0,0.5,0.35714285714285715,0.0,0.0,2.0,2.0,37.9,0.1,0.125,0.0,-4.0,-400.0,0.0,0.2727272727272727,3,6,4.8,2.0,1503,1050,1263,0.0,0.0,3.0,5.0,38.9,2.0,0.7272727272727273,0.0,0.0,2.0,5.0,37.2,0.3,0.3125,0.8,0.6,52.0,-91.0,16.0,9.0,458.0,0.0,0.0,0.0625,-0.18181818181818182,-0.0625,0.21000000000000013,0.0
1019,202107050608,10,6,4,39,1,1,0,10,0,0,0,0,5,3,2,15,0,0,0,3,0,0,0,0,3,1,1,3,0,0,0,1,0,0,0,0,0.0,0.0,2.0,4.0,41.5,1.3,0.8571428571428571,0.0,0.0,6.0,9.0,35.9,1.1,0.75,0.0,0.0,16.0,4.0,36.9,0.4,0.5625,0.0,17.0,-100.0,0.07407407407407407,0.2962962962962963,8,16,25.0,8.0,1716,1438,1167,0.0,0.0,12.0,13.0,37.5,1.9,0.75,0.0,0.0,13.0,11.0,36.7,1.3,0.8125,1.8,0.0,57.0,-1010.0,16.0,7.0,513.0,-0.42857142857142855,0.0,0.0,0.0,-0.0625,0.7999999999999993,0.0
1020,202107050608,2,2,7,36,0,0,0,0,0,0,0,0,1,0,2,9,0,0,0,0,0,0,0,0,0,0,1,6,0,0,0,0,0,0,0,0,0.0,0.0,3.0,6.0,39.8,1.8,0.2727272727272727,0.0,0.0,9.0,8.0,34.1,0.5,1.0,0.0,0.0,5.0,6.0,35.0,1.2,0.875,0.0,-2.0,100.0,0.02564102564102564,0.15384615384615385,5,10,119.5,13.0,1127,355,1328,0.0,0.0,7.0,2.0,33.6,0.1,0.9285714285714286,0.0,0.0,5.0,7.0,35.2,1.4,0.6428571428571429,-0.4,0.2,56.0,-1023.0,16.0,11.0,502.0,0.0,-0.07142857142857142,0.0,-0.07142857142857142,0.07142857142857142,0.9699999999999989,0.0
1021,202107050608,8,7,10,65,6,4,8,59,2,0,1,6,4,3,4,32,1,1,4,18,0,0,1,5,1,1,2,11,1,0,2,7,0,0,1,3,0.0,0.0,6.0,8.0,39.9,2.7,0.5555555555555556,0.0,0.0,11.0,11.0,40.8,2.2,0.23076923076923078,0.0,0.0,14.0,13.0,37.1,2.0,0.875,2.5,-3.0,100.0,0.08695652173913043,0.2898550724637681,1,1,17.1,6.0,1576,1559,1577,0.0,0.0,11.0,6.0,38.0,0.8,0.35714285714285715,0.0,0.0,5.0,5.0,37.4,1.7,0.6666666666666666,-1.1,0.0,55.0,-632.0,16.0,9.0,467.0,0.3333333333333333,0.0,0.0,0.14285714285714285,0.16666666666666666,0.7799999999999997,0.0
1022,202107050608,0,0,0,1,9,2,7,87,0,0,0,1,0,0,0,0,0,0,2,23,0,0,0,0,0,0,0,0,0,0,1,8,0,0,0,0,0.0,0.0,30.0,5.0,41.7,2.4,0.4444444444444444,0.0,0.0,140.0,10.0,34.0,1.4,0.9333333333333333,0.0,0.0,160.0,14.0,33.5,1.2,0.6666666666666666,4.5,17.0,0.0,0.1111111111111111,0.1111111111111111,2,4,197.3,15.0,1523,1263,187,0.0,0.0,130.0,14.0,38.3,1.4,0.625,0.0,0.0,130.0,6.0,37.5,0.7,0.26666666666666666,0.6,0.0,49.0,-1027.0,16.0,9.0,489.0,-0.1111111111111111,-0.06666666666666667,,0.0,0.0,0.41000000000000086,0.0
1023,202107050608,5,9,7,47,4,6,3,23,0,0,0,1,3,3,3,19,0,1,2,6,0,0,0,0,1,1,1,9,0,0,0,2,0,0,0,0,0.0,0.0,11.0,11.0,37.8,1.0,0.9333333333333333,0.0,0.0,12.0,9.0,36.6,0.7,0.9285714285714286,0.0,0.0,13.0,10.0,36.8,1.0,0.8125,-0.5,-4.0,0.0,0.09615384615384616,0.17307692307692307,7,14,76.8,11.0,1172,1039,1556,0.0,0.0,6.0,5.0,36.9,0.6,0.75,0.0,0.0,8.0,7.0,38.8,1.5,0.7857142857142857,-1.2,0.0,55.0,-764.0,16.0,15.0,476.0,-0.06666666666666667,0.0,0.0,0.0,0.07142857142857142,-0.2299999999999997,0.0
1024,202107050608,0,0,0,0,0,0,0,0,0,0,0,0,0,0,0,0,0,0,0,0,0,0,0,0,0,0,0,0,0,0,0,0,0,0,0,0,0.0,0.0,4.0,2.0,13.5,0.4,0.1111111111111111,0.0,0.0,6.0,5.0,13.2,2.1,0.5833333333333334,0.0,0.0,3.0,8.0,13.3,2.9,0.6428571428571429,3.0,-10.0,-1600.0,0.046875,0.15625,6,11,27.1,9.0,409,6,432,0.0,0.0,8.0,6.0,13.4,2.2,0.5714285714285714,0.0,0.0,13.0,12.0,38.4,1.6,0.5,2.1,0.2,53.0,-1079.0,16.0,9.0,514.0,0.0,-0.16666666666666666,-0.21428571428571427,-0.35714285714285715,0.1875,-5.0,0.0
1025,202107050608,3,3,4,34,0,0,0,3,0,0,0,0,2,0,1,11,0,0,0,1,0,0,0,0,1,0,1,4,0,0,0,1,0,0,0,0,0.0,0.0,30.0,4.0,35.9,0.8,0.1,0.0,0.0,30.0,15.0,36.6,1.6,0.3333333333333333,0.0,0.0,120.0,3.0,36.8,0.3,0.05555555555555555,-0.5,-4.0,0.0,0.018518518518518517,0.09259259259259259,8,15,6.7,4.0,1393,471,1263,0.0,0.0,90.0,14.0,34.5,1.5,0.75,0.0,0.0,110.0,16.0,36.5,2.1,0.8888888888888888,2.3,0.2,57.0,104.0,16.0,10.0,506.0,0.0,0.0,0.0,0.0,-0.05555555555555555,0.08999999999999986,0.0
1026,202107050608,0,0,0,3,0,0,0,1,0,0,0,1,0,0,0,0,0,0,0,0,0,0,0,0,0,0,0,0,0,0,0,0,0,0,0,0,0.0,0.0,10.0,13.0,38.8,1.7,0.1875,0.0,0.0,8.0,13.0,36.6,1.8,0.07142857142857142,0.0,0.0,5.0,8.0,34.8,0.7,0.35714285714285715,-2.5,4.0,0.0,0.06666666666666667,0.13333333333333333,4,7,30.6,10.0,314,34,324,0.0,0.0,3.0,5.0,38.8,0.8,0.2,0.0,0.0,8.0,4.0,36.8,0.7,0.38461538461538464,-2.6,0.0,52.0,0.0,16.0,16.0,494.0,0.0625,0.0,0.0,0.0,-0.07692307692307693,0.18000000000000044,0.0
1027,202107050608,6,4,3,42,5,6,1,67,2,0,0,8,1,2,0,9,1,0,0,18,0,0,0,0,1,1,0,3,0,0,0,2,0,0,0,0,0.0,0.0,5.0,7.0,40.2,1.0,0.6,0.0,0.0,16.0,13.0,39.8,2.2,0.5,0.0,0.0,16.0,15.0,39.1,2.6,0.875,4.0,-4.0,-200.0,0.0,0.1111111111111111,5,9,146.4,14.0,1167,1013,460,0.0,0.0,11.0,11.0,39.7,1.7,0.42857142857142855,0.0,0.0,11.0,8.0,38.6,1.1,0.125,0.0,0.0,55.0,-929.0,16.0,10.0,456.0,0.0,-0.0625,0.125,0.07142857142857142,0.0625,0.32999999999999974,0.0
1028,202107050608,2,4,2,21,2,0,1,7,0,0,0,1,0,0,0,3,0,0,1,3,0,0,0,1,0,0,0,3,0,0,1,3,0,0,0,1,0.0,0.0,15.0,15.0,38.1,2.7,0.25,0.0,0.0,8.0,11.0,37.4,3.2,0.09090909090909091,0.0,0.0,10.0,12.0,40.3,3.0,0.42857142857142855,-1.5,2.0,-400.0,0.041666666666666664,0.22916666666666666,2,3,14.2,5.0,1152,1199,1428,0.0,0.0,4.0,13.0,42.5,2.9,0.3333333333333333,0.0,0.0,13.0,4.0,39.5,0.3,0.06666666666666667,-2.0,0.0,53.0,-652.0,16.0,16.0,482.0,0.625,0.0,0.42857142857142855,0.3333333333333333,0.0,-0.7899999999999998,0.0
1029,202107050608,1,2,2,10,0,0,0,3,0,0,0,0,0,1,1,6,0,0,0,0,0,0,0,0,0,1,0,5,0,0,0,0,0,0,0,0,0.0,0.0,5.0,11.0,40.2,1.8,0.8333333333333334,0.0,0.0,16.0,16.0,38.5,2.5,0.875,0.0,0.0,15.0,12.0,35.8,0.9,0.8888888888888888,0.5,17.0,-200.0,0.0,0.0,4,8,205.6,16.0,1148,1168,1393,0.0,0.0,12.0,5.0,39.3,2.5,0.7777777777777778,0.0,0.0,10.0,7.0,35.7,1.2,0.6470588235294118,-1.9,0.0,54.0,-654.0,16.0,12.0,491.0,0.08333333333333333,0.125,-0.05555555555555555,0.0,0.0,0.8200000000000003,0.0
1030,202107050710,0,0,0,0,1,0,0,6,0,0,0,0,0,0,0,0,0,0,0,2,0,0,0,0,0,0,0,0,0,0,0,0,0,0,0,0,0.0,0.0,9.0,1.0,36.3,0.0,0.8125,0.0,0.0,8.0,7.0,40.4,2.5,0.3333333333333333,0.0,0.0,8.0,4.0,36.6,1.3,1.0,1.5,2.0,0.0,0.234375,0.40625,3,5,1.9,1.0,1586,1405,1167,0.0,0.0,11.0,6.0,36.9,0.4,0.625,0.0,0.0,15.0,10.0,36.0,1.4,0.8125,1.7,0.2,53.0,-895.0,16.0,16.0,464.0,-0.0625,0.16666666666666666,0.0,0.0,0.0,0.4099999999999994,0.0
1031,202107050710,0,0,0,0,0,0,0,0,0,0,0,0,0,0,0,0,0,0,0,0,0,0,0,0,0,0,0,0,0,0,0,0,0,0,0,0,0.0,0.0,50.0,5.0,38.9,1.1,1.0,0.0,0.0,80.0,9.0,36.8,1.8,0.4375,0.0,0.0,90.0,6.0,37.6,0.7,0.6,0.5,-11.0,0.0,0.17073170731707318,0.4878048780487805,3,6,4.6,2.0,171,187,882,0.0,0.0,80.0,10.0,37.5,0.9,0.7142857142857143,0.0,0.0,60.0,9.0,36.2,1.0,0.7857142857142857,0.9,0.0,54.0,-1034.0,16.0,9.0,505.0,0.0,-0.0625,0.3333333333333333,0.0,0.07142857142857142,0.46999999999999886,0.0
1032,202107050710,1,0,0,3,0,0,0,0,0,0,0,0,0,0,0,0,0,0,0,0,0,0,0,0,0,0,0,0,0,0,0,0,0,0,0,0,0.0,0.0,8.0,7.0,14.3,3.9,0.8888888888888888,0.0,0.0,16.0,11.0,36.0,1.9,0.875,0.0,0.0,12.0,12.0,36.3,1.3,0.8571428571428571,2.5,6.0,-1600.0,0.01818181818181818,0.09090909090909091,5,10,22.3,7.0,1561,223,1263,0.0,0.0,13.0,9.0,35.1,1.1,0.8125,0.0,0.0,11.0,6.0,35.6,1.8,0.9375,-0.4,0.0,55.0,-615.0,16.0,9.0,476.0,-0.1111111111111111,-0.0625,0.0,0.0,-0.0625,-4.17,0.0
1033,202107050710,2,1,1,1,0,0,0,1,0,0,0,0,0,0,0,0,0,0,0,0,0,0,0,0,0,0,0,0,0,0,0,0,0,0,0,0,0.0,0.0,140.0,9.0,39.5,1.8,0.26666666666666666,0.0,0.0,150.0,10.0,36.0,1.0,0.5625,0.0,0.0,110.0,4.0,36.0,0.7,0.8125,-2.5,-6.0,-400.0,0.1111111111111111,0.2222222222222222,7,14,36.1,9.0,1110,1404,938,0.0,0.0,140.0,6.0,39.4,1.1,0.6875,0.0,0.0,120.0,5.0,35.3,1.1,0.75,-1.2,0.0,54.0,22.0,16.0,15.0,510.0,0.0,-0.0625,0.0,-0.0625,-0.0625,0.5000000000000007,0.0
1034,202107050710,0,0,0,2,0,0,0,1,0,0,0,0,0,0,0,0,0,0,0,0,0,0,0,0,0,0,0,0,0,0,0,0,0,0,0,0,0.0,0.0,20.0,3.0,41.4,0.7,0.5555555555555556,0.0,0.0,130.0,16.0,39.6,3.1,0.5,0.0,0.0,150.0,16.0,38.6,2.4,0.125,6.5,3.0,-200.0,0.04054054054054054,0.25675675675675674,6,12,48.1,12.0,1431,1186,1428,0.0,0.0,130.0,16.0,39.5,3.5,0.25,0.0,0.0,110.0,11.0,37.7,1.1,0.375,1.6,0.2,55.0,-1028.0,16.0,9.0,507.0,-0.3333333333333333,0.1875,0.0,0.0625,0.125,0.7499999999999993,0.0
1035,202107050710,0,0,0,2,0,0,0,0,0,0,0,0,0,0,0,2,0,0,0,0,0,0,0,0,0,0,0,0,0,0,0,0,0,0,0,0,0.0,0.0,13.0,13.0,37.3,1.9,0.14285714285714285,0.0,0.0,12.0,12.0,39.1,1.9,0.125,0.0,0.0,15.0,2.0,36.2,0.1,0.6875,-5.5,2.0,0.0,0.02631578947368421,0.15789473684210525,5,9,62.9,13.0,832,700,351,0.0,0.0,15.0,11.0,39.5,2.3,0.25,0.0,0.0,12.0,7.0,36.7,1.1,0.4375,-1.3,0.2,55.0,-749.0,16.0,14.0,510.0,0.0,0.0,-0.0625,0.0,0.0,0.079999999999999,0.0
1036,202107050710,0,0,0,3,1,0,0,2,0,0,0,0,0,0,0,2,0,0,0,1,0,0,0,0,0,0,0,0,0,0,0,0,0,0,0,0,0.0,0.0,50.0,50.0,38.9,1.2,0.7142857142857143,0.0,0.0,150.0,80.0,37.4,0.6,0.4375,0.0,0.0,120.0,80.0,36.9,1.0,0.3125,15.0,-6.0,170.0,0.061224489795918366,0.22448979591836735,8,15,37.1,10.0,1665,1376,1577,0.0,0.0,130.0,60.0,36.7,1.1,0.5625,0.0,0.0,150.0,90.0,37.1,0.8,0.75,6.0,0.0,56.0,-906.0,16.0,7.0,470.0,0.0,-0.0625,-0.0625,0.0625,0.0,0.429999999999999,0.0
1037,202107050710,1,0,2,11,1,0,0,2,0,0,0,0,1,0,1,7,0,0,0,1,0,0,0,0,0,0,0,0,0,0,0,0,0,0,0,0,0.0,0.0,,,,,,0.0,0.0,120.0,11.0,34.1,1.2,0.7058823529411765,0.0,0.0,100.0,12.0,35.6,0.8,0.4,1.0,,-300.0,0.0,0.2608695652173913,1,1,40.8,11.0,1576,1376,1577,0.0,0.0,80.0,12.0,34.5,0.5,0.6875,0.0,0.0,140.0,4.0,34.1,0.1,0.375,-2.1,0.0,55.0,-975.0,16.0,5.0,,,0.0,0.26666666666666666,0.0625,0.0625,0.11000000000000014,0.0
1038,202107050710,0,0,0,1,0,0,0,0,0,0,0,0,0,0,0,0,0,0,0,0,0,0,0,0,0,0,0,0,0,0,0,0,0,0,0,0,0.0,0.0,13.0,15.0,39.3,1.8,0.375,0.0,0.0,4.0,9.0,38.1,1.5,0.25,0.0,0.0,2.0,12.0,36.9,1.1,0.5333333333333333,-1.5,-12.0,0.0,0.09090909090909091,0.25757575757575757,6,11,12.3,4.0,1734,990,1104,0.0,0.0,5.0,7.0,38.3,1.0,0.5333333333333333,0.0,0.0,5.0,2.0,37.4,0.2,0.4375,-2.8,0.2,53.0,-167.0,16.0,16.0,464.0,0.0625,0.125,0.0,0.2,-0.0625,0.36000000000000015,0.0
1039,202107050710,0,0,0,0,0,0,0,9,0,0,0,0,0,0,0,0,0,0,0,0,0,0,0,0,0,0,0,0,0,0,0,0,0,0,0,0,0.0,0.0,3.0,9.0,41.4,2.6,0.4,0.0,0.0,16.0,15.0,38.2,1.3,0.1875,0.0,0.0,14.0,9.0,35.6,1.2,0.5714285714285714,0.0,-3.0,0.0,0.0,0.125,2,4,16.2,5.0,1148,1235,1393,0.0,0.0,14.0,14.0,37.5,2.0,0.42857142857142855,0.0,0.0,11.0,10.0,34.1,0.7,0.5,0.1,0.0,54.0,-974.0,16.0,10.0,461.0,0.3,0.0,0.14285714285714285,0.14285714285714285,0.16666666666666666,1.5299999999999998,0.0
1040,202107050710,1,1,0,4,0,0,0,0,0,0,0,0,0,0,0,1,0,0,0,0,0,0,0,0,0,0,0,0,0,0,0,0,0,0,0,0,0.0,0.0,16.0,14.0,36.5,1.8,1.0,0.0,0.0,16.0,11.0,36.6,1.6,0.9375,0.0,0.0,16.0,15.0,38.6,1.8,0.3125,0.5,-10.0,0.0,0.0,0.0,4,8,171.8,16.0,1557,1050,1559,0.0,0.0,9.0,9.0,35.5,1.6,0.4444444444444444,0.0,0.0,13.0,11.0,37.6,2.0,0.23076923076923078,-0.8,0.0,51.0,-28.0,16.0,16.0,480.0,0.0,0.0,0.125,0.1111111111111111,0.5384615384615384,-0.11000000000000014,0.0
1041,202107050710,0,0,0,0,0,0,0,0,0,0,0,0,0,0,0,0,0,0,0,0,0,0,0,0,0,0,0,0,0,0,0,0,0,0,0,0,0.0,0.0,13.0,15.0,39.0,2.5,0.875,0.0,0.0,14.0,11.0,35.6,0.8,0.9375,0.0,0.0,8.0,12.0,37.8,1.8,0.5625,-1.5,4.0,-400.0,0.05660377358490566,0.20754716981132076,8,16,24.6,8.0,1095,1168,1221,0.0,0.0,12.0,10.0,35.8,1.1,0.875,0.0,0.0,12.0,5.0,37.1,1.2,0.3125,-2.1,0.0,51.0,-27.0,16.0,16.0,504.0,0.0625,0.0625,0.0,0.0,0.0,0.36000000000000015,0.0
1042,202107050710,0,0,0,2,0,0,0,1,0,0,0,0,0,0,0,1,0,0,0,0,0,0,0,0,0,0,0,0,0,0,0,0,0,0,0,0,0.0,0.0,15.0,13.0,38.0,2.3,0.75,0.0,0.0,15.0,10.0,37.5,1.1,0.625,0.0,0.0,11.0,14.0,38.5,1.6,0.5,0.5,10.0,0.0,0.0,0.0,4,7,98.8,15.0,1618,460,1263,0.0,0.0,14.0,12.0,37.6,1.6,0.1875,0.0,0.0,14.0,4.0,36.8,0.6,0.4375,-1.6,0.0,54.0,0.0,16.0,16.0,456.0,0.0,0.0,0.25,0.125,0.0,0.23000000000000043,0.0
1043,202107050710,0,0,0,0,0,0,0,0,0,0,0,0,0,0,0,0,0,0,0,0,0,0,0,0,0,0,0,0,0,0,0,0,0,0,0,0,0.0,0.0,11.0,16.0,44.9,7.4,0.0625,0.0,0.0,8.0,13.0,37.2,1.3,0.2,0.0,0.0,5.0,11.0,41.0,2.7,0.14285714285714285,-2.5,-6.0,0.0,0.0,0.16666666666666666,1,2,9.0,3.0,1426,1430,306,0.0,0.0,10.0,3.0,36.2,0.5,0.0625,0.0,0.0,8.0,15.0,40.5,3.0,0.125,-1.2,0.2,52.0,-812.0,16.0,16.0,482.0,0.125,0.0,0.0,0.0,0.0,0.9799999999999998,0.0
1044,202107050710,0,0,0,3,0,1,0,2,0,0,0,1,0,0,0,2,0,0,0,1,0,0,0,1,0,0,0,0,0,0,0,0,0,0,0,0,0.0,0.0,1.0,1.0,38.1,0.0,0.1111111111111111,0.0,0.0,14.0,15.0,38.6,2.7,0.5625,0.0,0.0,14.0,16.0,34.6,3.2,0.8125,7.5,27.0,-200.0,0.14705882352941177,0.23529411764705882,7,13,75.7,14.0,1278,1721,625,0.0,0.0,13.0,13.0,38.4,1.6,0.3333333333333333,0.0,0.0,8.0,11.0,36.8,1.0,0.6,1.8,0.2,54.0,-422.0,16.0,9.0,505.0,0.0,0.1875,,0.0,-0.06666666666666667,0.28000000000000114,0.0
1045,202107050710,1,0,2,11,0,1,2,7,0,0,0,0,1,0,1,7,0,0,1,4,0,0,0,0,0,0,0,0,0,0,0,0,0,0,0,0,0.0,0.0,13.0,7.0,37.2,1.2,0.7692307692307693,0.0,0.0,10.0,15.0,38.6,2.0,0.0625,0.0,0.0,9.0,9.0,37.2,0.9,0.375,1.0,-2.0,250.0,0.05555555555555555,0.1111111111111111,2,3,21.2,6.0,1576,1559,1577,0.0,0.0,6.0,16.0,39.8,3.0,0.125,0.0,0.0,1.0,1.0,36.1,0.0,0.06666666666666667,-1.1,0.2,52.0,-406.0,16.0,13.0,460.0,-0.3076923076923077,0.0,0.0,0.0625,0.0,0.10000000000000071,0.0
1046,202107050801,0,1,1,18,0,0,0,6,0,0,0,0,0,1,1,7,0,0,0,5,0,0,0,0,0,1,1,5,0,0,0,3,0,0,0,0,0.0,0.0,7.0,5.0,38.1,0.7,0.3333333333333333,0.0,0.0,13.0,12.0,36.8,1.0,0.13333333333333333,0.0,0.0,12.0,13.0,38.2,0.8,0.625,4.0,13.0,0.0,0.0958904109589041,0.3150684931506849,5,8,9.7,5.0,1095,1541,1221,0.0,0.0,11.0,9.0,35.8,1.1,0.9285714285714286,0.0,0.0,7.0,1.0,36.8,0.0,0.3333333333333333,-1.1,0.2,54.0,-1098.0,14.0,9.0,493.0,0.0,0.13333333333333333,0.0,-0.07142857142857142,0.13333333333333333,0.3600000000000009,0.0
1047,202107050801,0,0,0,0,1,0,0,1,0,0,0,0,0,0,0,0,0,0,0,0,0,0,0,0,0,0,0,0,0,0,0,0,0,0,0,0,0.0,0.0,12.0,12.0,40.3,2.2,1.0,0.0,0.0,2.0,10.0,36.2,1.5,0.6923076923076923,0.0,0.0,1.0,6.0,36.2,0.4,0.6428571428571429,-3.0,11.0,-200.0,0.0,0.0,7,12,7.0,4.0,1204,57,1221,0.0,0.0,3.0,3.0,36.9,0.5,0.7272727272727273,0.0,0.0,4.0,2.0,39.1,0.2,0.42857142857142855,-2.7,0.4,51.0,-482.0,14.0,14.0,457.0,0.0,-0.07692307692307693,-0.14285714285714285,-0.09090909090909091,-0.07142857142857142,0.16999999999999957,0.0
1048,202107050801,0,0,0,0,1,0,0,4,0,0,0,0,0,0,0,0,0,0,0,0,0,0,0,0,0,0,0,0,0,0,0,0,0,0,0,0,0.0,0.0,70.0,20.0,40.9,0.7,0.5384615384615384,0.0,0.0,100.0,90.0,37.7,0.7,0.125,0.0,0.0,140.0,100.0,38.4,2.4,0.21428571428571427,40.0,18.0,-200.0,0.24242424242424243,0.4090909090909091,4,5,5.4,3.0,1045,857,969,0.0,0.0,100.0,90.0,36.4,1.6,0.6428571428571429,0.0,0.0,130.0,140.0,41.3,2.7,0.125,24.0,0.0,54.0,-878.0,14.0,13.0,532.0,0.07692307692307693,0.0,0.2857142857142857,0.21428571428571427,0.0,0.05000000000000071,0.0
1049,202107050801,0,0,0,0,0,1,1,7,0,0,0,0,0,0,0,0,0,1,0,1,0,0,0,0,0,0,0,0,0,0,0,0,0,0,0,0,0.0,0.0,11.0,8.0,40.0,1.3,0.3125,0.0,0.0,4.0,7.0,41.6,2.7,0.0625,0.0,0.0,5.0,7.0,38.4,1.5,0.375,-0.5,-2.0,-300.0,0.05555555555555555,0.2037037037037037,8,13,98.1,11.0,1516,1542,1039,0.0,0.0,11.0,6.0,39.9,1.3,0.0625,0.0,0.0,3.0,10.0,38.1,1.7,0.75,0.3,0.0,53.0,-323.0,14.0,16.0,464.0,0.125,0.0625,0.0625,0.0625,-0.0625,0.55,0.0
1050,202107050801,0,0,0,0,1,0,0,6,0,0,0,0,0,0,0,0,1,0,0,2,0,0,0,0,0,0,0,0,1,0,0,0,0,0,0,0,0.0,0.0,2.0,5.0,44.0,5.4,0.2,0.0,0.0,6.0,11.0,37.5,2.3,0.3333333333333333,0.0,0.0,6.0,7.0,39.4,2.4,0.09090909090909091,1.0,17.0,-100.0,0.16666666666666666,0.5,1,1,3.4,1.0,1243,225,1428,0.0,0.0,1.0,5.0,40.5,1.0,0.21428571428571427,0.0,0.0,3.0,5.0,36.1,0.8,0.2857142857142857,-0.6,0.0,54.0,-402.0,14.0,5.0,475.0,0.8,0.3333333333333333,0.0,0.0,-0.07142857142857142,1.2799999999999998,0.0
1051,202107050801,0,2,0,5,4,2,1,43,0,0,0,0,0,1,0,2,1,2,1,13,0,0,0,0,0,0,0,2,0,2,0,5,0,0,0,0,0.0,0.0,70.0,6.0,40.9,1.9,0.75,0.0,0.0,60.0,8.0,40.0,1.8,0.25,0.0,0.0,70.0,8.0,41.8,1.3,0.2,1.0,32.0,-100.0,0.058823529411764705,0.16176470588235295,8,14,95.2,10.0,1098,1405,1294,0.0,0.0,120.0,6.0,40.2,0.9,0.13333333333333333,0.0,0.0,100.0,6.0,39.2,1.9,0.3333333333333333,-0.2,0.0,54.0,-1028.0,14.0,12.0,494.0,-0.3333333333333333,-0.0625,0.0,0.0,-0.08333333333333333,0.31999999999999884,0.0
1052,202107050801,0,2,1,28,4,5,7,53,0,0,0,2,0,1,1,7,1,2,2,9,0,0,0,1,0,0,1,5,0,2,2,3,0,0,0,1,0.0,0.0,40.0,2.0,41.0,0.2,0.375,0.0,0.0,120.0,5.0,35.8,0.6,0.8333333333333334,0.0,0.0,150.0,15.0,38.3,2.6,0.6875,6.5,8.0,0.0,0.21428571428571427,0.2857142857142857,4,6,10.5,6.0,1090,1294,1169,0.0,0.0,60.0,11.0,37.4,2.5,0.75,0.0,0.0,80.0,7.0,38.4,1.3,0.25,1.6,0.2,51.0,-1021.0,14.0,8.0,468.0,-0.125,-0.25,0.0,-0.0625,0.0,0.36000000000000015,0.0
1053,202107050801,1,0,0,1,0,0,0,0,0,0,0,0,0,0,0,0,0,0,0,0,0,0,0,0,0,0,0,0,0,0,0,0,0,0,0,0,0.0,0.0,2.0,1.0,38.0,0.0,0.25,0.0,0.0,9.0,12.0,43.2,6.0,0.25,0.0,0.0,12.0,15.0,40.7,3.4,0.4666666666666667,7.0,-6.0,-100.0,0.0,0.25,3,3,12.0,7.0,1463,1003,1167,0.0,0.0,9.0,8.0,36.5,0.9,0.9333333333333333,0.0,0.0,2.0,7.0,39.3,1.7,0.2222222222222222,0.8,0.2,51.0,-1017.0,14.0,12.0,454.0,-0.16666666666666666,0.4166666666666667,0.06666666666666667,0.06666666666666667,-0.1111111111111111,0.41000000000000086,0.0
1054,202107050801,3,1,2,29,2,2,1,34,0,0,0,1,0,0,1,8,0,1,0,9,0,0,0,0,0,0,1,1,0,0,0,4,0,0,0,0,0.0,0.0,3.0,1.0,38.3,0.0,0.25,0.0,0.0,13.0,13.0,35.3,2.4,0.38461538461538464,0.0,0.0,15.0,16.0,37.5,2.6,0.25,7.5,19.0,-100.0,0.023809523809523808,0.16666666666666666,2,2,68.1,9.0,1403,1482,939,0.0,0.0,12.0,13.0,35.7,2.0,0.625,0.0,0.0,9.0,9.0,40.1,1.6,0.7142857142857143,1.6000000000000003,0.2,53.0,-1026.0,14.0,12.0,443.0,-0.08333333333333333,-0.07692307692307693,0.125,0.0,0.0,-0.4000000000000014,0.0
1055,202107050801,3,3,4,34,0,0,0,0,0,0,0,0,2,0,1,11,0,0,0,0,0,0,0,0,0,0,0,4,0,0,0,0,0,0,0,0,0.0,0.0,13.0,14.0,35.6,1.3,0.2777777777777778,0.0,0.0,12.0,17.0,36.9,1.5,0.2777777777777778,0.0,0.0,8.0,8.0,34.6,0.6,0.15384615384615385,-3.0,-6.0,200.0,0.023255813953488372,0.16279069767441862,6,9,5.1,2.0,1393,572,1263,0.0,0.0,3.0,11.0,37.1,0.7,0.125,0.0,0.0,6.0,6.0,36.1,0.3,0.25,-2.2,0.0,53.0,-504.0,14.0,18.0,460.0,0.16666666666666666,0.1111111111111111,0.0,0.0,-0.0625,-0.12000000000000029,0.0
1056,202107050801,0,0,0,1,2,2,1,10,0,0,0,0,0,0,0,1,2,2,1,1,0,0,0,0,0,0,0,1,2,2,0,0,0,0,0,0,0.0,0.0,12.0,11.0,38.5,2.3,0.5,0.0,0.0,17.0,18.0,37.9,3.5,0.8888888888888888,0.0,0.0,11.0,11.0,37.2,1.9,0.18181818181818182,0.0,-6.0,200.0,0.0,0.0625,6,10,28.7,8.0,1089,1124,1428,0.0,0.0,6.0,6.0,36.7,2.3,0.6666666666666666,0.0,0.0,15.0,14.0,35.8,2.3,1.0,-0.6,0.0,54.0,-239.0,14.0,16.0,454.0,0.0,0.0,0.0,-0.16666666666666666,0.0,0.6600000000000001,0.0
1057,202107050801,0,0,0,2,0,1,1,7,0,0,0,0,0,0,0,2,0,1,0,1,0,0,0,0,0,0,0,1,0,0,0,0,0,0,0,0,0.0,0.0,80.0,7.0,37.7,1.3,0.7,0.0,0.0,150.0,14.0,37.2,1.8,0.16666666666666666,0.0,0.0,180.0,15.0,37.6,1.9,0.05555555555555555,4.0,5.0,550.0,0.046511627906976744,0.20930232558139536,7,11,196.8,14.0,1698,1542,1366,0.0,0.0,140.0,12.0,41.2,2.9,0.8571428571428571,0.0,0.0,100.0,9.0,39.4,2.6,0.2727272727272727,0.2,0.0,54.0,-454.0,14.0,10.0,447.0,0.0,0.05555555555555555,0.05555555555555555,0.0,0.18181818181818182,-0.7399999999999991,0.0
1058,202107050801,0,0,0,0,9,2,7,87,0,0,0,0,0,0,0,0,0,0,2,23,0,0,0,0,0,0,0,0,0,0,0,9,0,0,0,0,0.0,0.0,70.0,70.0,41.4,1.2,0.5,0.0,0.0,130.0,140.0,42.3,5.2,0.2857142857142857,0.0,0.0,120.0,80.0,40.2,2.2,0.7333333333333333,5.0,-20.0,-100.0,0.05263157894736842,0.10526315789473684,5,7,128.0,12.0,1467,1263,336,0.0,0.0,90.0,60.0,38.6,2.3,0.5555555555555556,0.0,0.0,120.0,130.0,39.7,3.0,1.0,4.0,0.0,51.0,-1012.0,14.0,12.0,460.0,-0.08333333333333333,0.07142857142857142,-0.06666666666666667,0.2222222222222222,0.0,0.7099999999999987,0.0
1059,202107050801,2,2,7,36,4,1,1,14,0,0,0,0,1,0,2,9,2,1,0,3,0,0,0,0,0,0,1,3,1,0,0,1,0,0,0,0,0.0,0.0,150.0,15.0,37.3,1.9,1.0,0.0,0.0,13.0,12.0,13.5,3.5,0.6428571428571429,0.0,0.0,12.0,10.0,13.6,4.7,0.16666666666666666,-2.5,-4.0,250.0,0.02564102564102564,0.15384615384615385,3,4,155.1,13.0,1127,1393,1328,0.0,0.0,12.0,9.0,13.6,3.5,0.5833333333333334,0.0,0.0,11.0,10.0,13.9,7.0,0.25,-1.3,0.0,54.0,-1127.0,14.0,15.0,464.0,0.0,0.07142857142857142,0.3333333333333333,0.16666666666666666,0.5833333333333334,4.67,0.0
1060,202107050803,0,0,0,0,2,5,8,43,0,0,0,0,0,0,0,0,0,1,2,12,0,0,0,0,0,0,0,0,0,0,0,0,0,0,0,0,0.0,0.0,20.0,4.0,,,,0.0,0.0,10.0,2.0,37.0,0.1,0.26666666666666666,0.0,0.0,20.0,1.0,35.1,0.0,0.6875,-1.5,,200.0,0.04477611940298507,0.14925373134328357,5,5,11.2,6.0,1670,1167,882,0.0,0.0,10.0,6.0,36.4,0.2,0.5333333333333333,0.0,0.0,10.0,1.0,35.3,0.0,0.45454545454545453,-0.2,0.6,55.0,-910.0,11.0,14.0,,,0.06666666666666667,-0.0625,-0.06666666666666667,0.0,0.3800000000000011,0.0
1061,202107050803,8,7,10,65,5,7,5,56,0,1,0,3,4,3,4,32,2,1,3,19,0,0,0,0,0,0,0,0,0,0,0,0,0,0,0,0,0.0,0.0,6.0,10.0,37.6,1.1,0.9285714285714286,0.0,0.0,2.0,1.0,37.4,0.0,0.23076923076923078,0.0,0.0,2.0,2.0,38.6,0.1,0.25,-4.0,0.0,-300.0,0.09722222222222222,0.3055555555555556,3,3,4.0,2.0,1576,1556,1577,0.0,0.0,9.0,6.0,37.2,0.9,0.07692307692307693,0.0,0.0,5.0,6.0,38.1,0.8,0.2,-0.3,0.4,55.0,-323.0,11.0,14.0,510.0,-0.21428571428571427,-0.07692307692307693,0.0,0.0,-0.06666666666666667,-0.08000000000000043,0.0
1062,202107050803,0,0,1,7,0,0,0,2,0,0,0,0,0,0,0,3,0,0,0,1,0,0,0,0,0,0,0,0,0,0,0,0,0,0,0,0,0.0,0.0,9.0,9.0,40.4,1.4,0.9090909090909091,0.0,0.0,7.0,7.0,38.9,2.3,0.875,0.0,0.0,7.0,14.0,42.1,5.3,0.875,2.5,15.0,0.0,0.07142857142857142,0.2857142857142857,8,11,3.7,1.0,1586,1665,1167,0.0,0.0,4.0,4.0,39.3,0.5,0.2,0.0,0.0,6.0,4.0,38.3,0.6,1.0,-1.3,0.0,55.0,-1012.0,11.0,11.0,473.0,-0.09090909090909091,0.0,-0.375,0.0,-0.2727272727272727,0.38000000000000045,0.0
1063,202107050803,0,0,0,0,2,5,3,26,0,0,0,0,0,0,0,0,0,2,2,9,0,0,0,0,0,0,0,0,0,0,0,0,0,0,0,0,0.0,0.0,5.0,12.0,37.4,2.9,0.9375,0.0,0.0,4.0,1.0,36.1,0.0,0.21428571428571427,0.0,0.0,7.0,2.0,36.8,0.0,0.13333333333333333,-5.0,-2.0,200.0,0.0,0.10526315789473684,7,9,7.9,5.0,1467,1428,336,0.0,0.0,3.0,7.0,35.6,0.7,0.7,0.0,0.0,11.0,7.0,36.6,1.1,0.3333333333333333,-0.4,0.4,55.0,-658.0,11.0,16.0,510.0,0.0625,-0.07142857142857142,0.0,0.0,-0.08333333333333333,0.20999999999999944,0.0
1064,202107050803,2,1,0,4,0,0,0,4,0,0,0,0,0,0,0,0,0,0,0,2,0,0,0,0,0,0,0,0,0,0,0,0,0,0,0,0,0.0,0.0,,,,,,0.0,0.0,20.0,12.0,36.4,1.2,0.14285714285714285,0.0,0.0,20.0,1.0,35.8,0.0,0.08333333333333333,-11.0,4.0,400.0,0.24615384615384617,0.4153846153846154,2,2,4.9,3.0,1601,197,239,0.0,0.0,20.0,3.0,36.8,0.5,0.25,0.0,0.0,60.0,8.0,38.8,2.4,0.375,-1.0,0.5,54.0,-665.0,11.0,11.0,488.0,,0.0,0.0,0.0,0.0,-0.8199999999999996,0.0
1065,202107050803,8,7,10,65,5,6,1,67,0,1,0,7,4,3,4,32,1,0,0,18,0,0,0,2,0,0,0,0,0,0,0,0,0,0,0,0,0.0,0.0,5.0,7.0,36.6,1.8,0.6363636363636364,0.0,0.0,12.0,13.0,40.4,3.2,0.38461538461538464,0.0,0.0,6.0,9.0,40.6,1.7,0.42857142857142855,1.0,19.0,600.0,0.10810810810810811,0.21621621621621623,6,7,22.7,7.0,1576,1013,1577,0.0,0.0,9.0,8.0,43.6,5.1,0.2,0.0,0.0,7.0,6.0,38.7,2.8,0.7272727272727273,-0.7,0.0,55.0,-571.0,11.0,11.0,487.0,-0.18181818181818182,0.23076923076923078,0.0,0.0,0.0,-0.7400000000000005,0.0
1066,202107050803,0,0,0,2,4,5,7,53,0,0,0,0,0,0,0,1,1,2,2,9,0,0,0,0,0,0,0,0,0,0,0,0,0,0,0,0,0.0,0.0,4.0,6.0,39.6,1.3,0.08333333333333333,0.0,0.0,15.0,15.0,38.4,2.8,0.9333333333333333,0.0,0.0,15.0,16.0,39.6,3.4,0.5625,5.0,2.0,-100.0,0.06,0.22,4,4,50.2,9.0,1279,1294,1079,0.0,0.0,12.0,12.0,39.9,2.6,0.6923076923076923,0.0,0.0,16.0,14.0,37.6,1.9,0.0625,1.3,0.0,55.0,-1026.0,11.0,12.0,474.0,0.08333333333333333,0.0,0.125,0.3076923076923077,0.0625,0.25,0.0
1067,202107050803,0,0,0,4,4,6,3,23,0,0,0,0,0,0,0,1,0,1,2,6,0,0,0,0,0,0,0,0,0,0,0,0,0,0,0,0,0.0,0.0,6.0,5.0,37.9,0.4,0.9090909090909091,0.0,0.0,9.0,10.0,38.2,2.3,0.8125,0.0,0.0,11.0,8.0,40.1,3.7,0.36363636363636365,1.5,22.0,200.0,0.0,0.11627906976744186,8,10,131.3,11.0,1310,1039,1618,,,,,,,,,,,,,,,1.5,0.0,55.0,-1024.0,11.0,11.0,496.0,0.0,-0.0625,0.0,,,-1.1000000000000014,0.0
1068,202107050803,0,2,1,6,2,5,3,26,0,2,1,0,0,1,1,4,0,2,2,9,0,1,1,0,0,0,0,0,0,0,0,0,0,0,0,0,,,,,,,,,,,,,,,,,,,,,,,,,0.09090909090909091,0.2,1,1,6.6,4.0,1020,1428,1576,,,,,,,,,,,,,,,,,55.0,,11.0,,,,,,,,,
1069,202107050803,0,0,0,0,5,6,1,67,0,0,0,0,0,0,0,0,1,0,0,18,0,0,0,0,0,0,0,0,0,0,0,0,0,0,0,0,0.0,0.0,9.0,,,,0.5833333333333334,0.0,0.0,15.0,12.0,40.9,5.2,0.4,0.0,0.0,11.0,11.0,43.4,5.5,0.9090909090909091,-1.0,28.0,0.0,0.024390243902439025,0.17073170731707318,7,8,89.0,10.0,1670,1013,882,0.0,0.0,10.0,10.0,40.6,4.8,0.8181818181818182,,,,,,,,-1.0,0.0,54.0,-158.0,11.0,12.0,490.0,-0.08333333333333333,0.3333333333333333,0.0,0.09090909090909091,,0.14999999999999858,0.0
1070,202107050803,1,0,1,14,9,5,5,48,0,0,0,0,0,0,0,2,2,1,1,17,0,0,0,0,0,0,0,0,0,0,0,0,0,0,0,0,0.0,0.0,13.0,12.0,36.4,1.5,0.15384615384615385,0.0,0.0,8.0,11.0,41.2,5.5,0.8181818181818182,,,,,,,,-1.0,-12.0,-200.0,0.023809523809523808,0.16666666666666666,6,6,46.2,8.0,1036,1183,1108,,,,,,,,,,,,,,,-1.0,0.0,53.0,-63.0,11.0,13.0,444.0,0.0,0.09090909090909091,,,,-4.800000000000004,0.0
1071,202107050908,3,3,4,34,1,0,1,4,0,0,0,0,2,0,1,11,0,0,1,2,0,0,0,0,1,0,1,4,0,0,1,2,0,0,0,0,0.0,0.0,60.0,13.0,37.9,1.7,0.375,0.0,0.0,80.0,5.0,37.6,0.7,0.875,0.0,0.0,40.0,7.0,37.4,1.3,0.8333333333333334,-3.0,-2.0,0.0,0.0,0.11363636363636363,3,6,19.4,6.0,1393,568,1263,0.0,0.0,50.0,5.0,37.8,1.2,0.6875,0.0,0.0,50.0,5.0,38.8,0.4,0.06666666666666667,-1.6,0.0,55.0,106.0,16.0,16.0,500.0,0.0,-0.0625,-0.16666666666666666,0.0625,0.0,-0.1999999999999993,0.0
1072,202107050908,0,2,0,5,2,5,8,43,0,1,0,0,0,1,0,2,0,1,2,12,0,1,0,0,0,1,0,0,0,1,0,4,0,1,0,0,0.0,0.0,40.0,3.0,39.1,0.5,0.2727272727272727,0.0,0.0,160.0,16.0,38.4,1.5,0.375,0.0,0.0,70.0,12.0,38.7,1.6,0.5333333333333333,4.5,4.0,0.0,,,5,9,7.1,4.0,1098,1167,1294,0.0,0.0,60.0,12.0,39.0,3.2,0.3076923076923077,0.0,0.0,70.0,10.0,38.6,1.2,0.625,1.0,0.2,57.0,-1005.0,16.0,11.0,498.0,0.0,0.0,0.0,0.23076923076923078,-0.0625,0.039999999999999855,0.0
1073,202107050908,2,1,4,28,3,3,4,20,0,0,0,1,1,0,0,8,1,1,0,8,0,0,0,0,1,0,0,4,0,1,0,1,0,0,0,0,0.0,0.0,9.0,8.0,40.2,1.0,0.5,0.0,0.0,12.0,13.0,37.3,1.9,0.625,0.0,0.0,11.0,9.0,37.9,1.5,0.625,0.5,-19.0,100.0,0.02127659574468085,0.10638297872340426,8,16,3.3,2.0,1348,1036,1221,0.0,0.0,11.0,4.0,37.8,1.0,0.6428571428571429,0.0,0.0,16.0,8.0,36.3,1.0,0.75,-0.9,0.0,57.0,-1105.0,16.0,12.0,483.0,-0.08333333333333333,0.125,0.0625,0.0,0.0625,0.7300000000000011,0.0
1074,202107050908,1,0,1,5,4,2,1,43,0,0,0,0,0,0,0,2,1,2,1,13,0,0,0,0,0,0,0,0,1,0,0,5,0,0,0,0,0.0,0.0,,,,,,0.0,0.0,110.0,15.0,37.4,2.5,0.875,0.0,0.0,60.0,16.0,39.3,2.3,0.0625,1.0,6.0,400.0,0.08333333333333333,0.20833333333333334,4,8,24.9,7.0,1426,1405,306,0.0,0.0,60.0,9.0,38.1,0.9,0.375,0.0,0.0,70.0,4.0,37.7,0.7,0.13333333333333333,-4.0,0.0,53.0,-996.0,16.0,10.0,470.0,,0.125,0.0,0.0625,-0.06666666666666667,0.029999999999998295,0.0
1075,202107050908,1,0,1,5,5,7,5,56,0,0,0,0,0,0,0,2,2,1,3,19,0,0,0,0,0,0,0,0,0,0,0,12,0,0,0,0,0.0,0.0,7.0,5.0,41.3,2.4,0.42857142857142855,0.0,0.0,12.0,13.0,41.9,4.0,0.35714285714285715,0.0,0.0,6.0,10.0,37.4,1.1,0.4375,2.5,-2.0,0.0,0.04,0.25333333333333335,2,4,16.1,5.0,1426,1556,306,0.0,0.0,9.0,12.0,41.6,2.5,0.21428571428571427,0.0,0.0,3.0,11.0,38.1,1.4,0.0625,1.1,0.0,55.0,-710.0,16.0,7.0,492.0,0.42857142857142855,0.2857142857142857,0.25,0.07142857142857142,0.0,0.6699999999999988,0.0
1076,202107050908,0,2,0,27,0,1,1,7,0,0,0,0,0,1,0,10,0,0,0,2,0,0,0,0,0,0,0,4,0,0,0,1,0,0,0,0,0.0,0.0,140.0,10.0,36.8,1.5,0.4,0.0,0.0,60.0,10.0,39.4,1.8,0.3333333333333333,0.0,0.0,110.0,7.0,37.5,2.4,0.6875,-1.5,-4.0,0.0,0.0,0.058823529411764705,1,2,105.2,12.0,1431,334,1428,0.0,0.0,100.0,5.0,40.2,1.9,0.6,0.0,0.0,110.0,12.0,38.6,3.0,0.6666666666666666,-0.1,0.0,57.0,119.0,16.0,15.0,454.0,-0.06666666666666667,0.0,-0.1875,-0.13333333333333333,0.06666666666666667,-0.4400000000000013,0.0
1077,202107050908,0,2,1,6,2,5,3,26,0,2,1,0,0,1,1,4,0,2,2,9,0,1,1,0,0,0,1,0,0,1,1,2,0,0,1,0,0.0,0.0,10.0,1.0,36.9,0.0,0.0625,0.0,0.0,10.0,3.0,40.0,0.4,0.125,,,,,,,,2.0,-2.0,0.0,0.23880597014925373,0.417910447761194,7,14,2.9,1.0,1020,1428,1576,,,,,,,,,,,,,,,2.0,1.0,55.0,105.0,16.0,16.0,518.0,0.0,0.0,,,,-3.1000000000000014,0.0
1078,202107050908,6,11,8,58,2,2,0,22,0,0,0,1,1,2,3,24,0,0,0,5,0,0,0,1,0,1,1,12,0,0,0,2,0,0,0,0,0.0,0.0,4.0,6.0,40.2,0.4,0.1,0.0,0.0,16.0,15.0,36.1,1.4,0.875,0.0,0.0,16.0,13.0,38.3,2.0,0.5,3.5,13.0,100.0,0.10526315789473684,0.10526315789473684,2,3,73.1,10.0,1221,1014,1263,0.0,0.0,12.0,13.0,37.1,1.1,0.875,0.0,0.0,8.0,11.0,38.0,1.9,0.8,0.8,0.0,57.0,-994.0,16.0,10.0,477.0,0.0,0.0,-0.0625,0.0,0.0,0.3400000000000006,0.0
1079,202107050908,0,0,0,1,1,2,2,15,0,0,0,1,0,0,0,1,1,0,1,8,0,0,0,1,0,0,0,0,0,0,0,0,0,0,0,0,0.0,0.0,7.0,16.0,40.1,2.3,0.5,0.0,0.0,8.0,16.0,42.5,4.1,0.625,0.0,0.0,1.0,8.0,39.6,1.1,0.42857142857142855,-4.0,36.0,-400.0,0.0,0.1111111111111111,7,13,4.7,3.0,1460,1228,1345,0.0,0.0,1.0,3.0,38.1,0.4,0.25,0.0,0.0,1.0,2.0,39.6,0.3,0.25,-4.1,0.4,52.0,-584.0,16.0,16.0,520.0,-0.125,-0.1875,-0.21428571428571427,0.0,-0.08333333333333333,0.5399999999999998,0.0
1080,202107050908,2,2,1,26,5,6,1,67,0,0,0,0,0,2,1,11,1,0,0,18,0,0,0,0,0,1,0,3,0,0,0,2,0,0,0,0,0.0,0.0,7.0,5.0,41.2,1.8,0.2222222222222222,0.0,0.0,13.0,10.0,37.6,1.4,0.7333333333333333,0.0,0.0,11.0,13.0,39.4,2.9,0.5,4.0,-2.0,0.0,0.2,0.26666666666666666,6,11,160.5,13.0,1665,1013,1577,0.0,0.0,6.0,11.0,39.1,1.5,0.35714285714285715,0.0,0.0,6.0,11.0,37.6,1.0,0.46153846153846156,1.3,0.0,54.0,-343.0,16.0,9.0,466.0,0.1111111111111111,0.0,0.2857142857142857,0.07142857142857142,0.3076923076923077,0.5700000000000003,0.0
1081,202107050908,1,0,1,2,2,5,3,26,0,0,0,0,1,0,1,0,0,2,2,9,0,0,0,0,0,0,0,0,0,1,1,2,0,0,0,0,0.0,0.0,1.0,4.0,38.5,0.7,0.4,0.0,0.0,11.0,12.0,40.0,2.6,0.5,0.0,0.0,8.0,11.0,37.8,1.4,0.5333333333333333,3.5,19.0,0.0,0.0,0.24,4,7,29.6,8.0,1657,1428,1317,0.0,0.0,8.0,8.0,36.7,0.8,0.5,0.0,0.0,4.0,9.0,36.8,1.5,0.4,0.6,0.0,52.0,-928.0,16.0,10.0,477.0,-0.1,0.0,0.13333333333333333,0.0,0.06666666666666667,0.6700000000000003,0.0
1082,202107050908,3,4,3,30,0,0,2,4,0,0,0,1,2,1,1,12,0,0,0,1,0,0,0,0,0,0,0,1,0,0,0,1,0,0,0,0,0.0,0.0,14.0,12.0,37.5,1.6,0.8666666666666667,0.0,0.0,11.0,6.0,36.8,0.6,0.8125,0.0,0.0,12.0,11.0,37.5,1.5,0.8,-0.5,8.0,0.0,0.045454545454545456,0.20454545454545456,1,1,186.7,14.0,1110,1686,938,0.0,0.0,11.0,10.0,36.6,1.7,0.5,0.0,0.0,14.0,12.0,38.6,2.9,0.5333333333333333,0.4,0.0,57.0,0.0,16.0,15.0,534.0,0.06666666666666667,0.0,0.0,0.08333333333333333,0.2,-0.2000000000000007,0.0
1083,202107050908,3,3,4,34,0,0,0,4,0,0,0,0,2,0,1,11,0,0,0,1,0,0,0,0,1,0,1,4,0,0,0,0,0,0,0,0,0.0,0.0,70.0,8.0,41.3,2.6,0.4,0.0,0.0,110.0,11.0,39.3,2.2,0.36363636363636365,0.0,0.0,110.0,13.0,38.7,1.7,0.13333333333333333,2.5,6.0,0.0,0.10526315789473684,0.21052631578947367,6,12,89.1,11.0,1393,178,1263,0.0,0.0,80.0,8.0,36.5,1.0,0.5,0.0,0.0,70.0,8.0,38.9,1.8,0.8,-0.3,0.0,55.0,-1013.0,16.0,10.0,494.0,0.4,0.0,0.0,0.0,0.06666666666666667,0.7599999999999995,0.0
1084,202107050908,1,2,0,27,1,0,0,2,0,0,0,0,1,0,0,5,0,0,0,1,0,0,0,0,1,0,0,0,0,0,0,1,0,0,0,0,0.0,0.0,15.0,16.0,36.6,2.6,0.8125,0.0,0.0,16.0,15.0,41.6,5.1,0.4375,0.0,0.0,12.0,12.0,42.0,4.0,0.25,-2.0,4.0,-400.0,0.0,0.125,3,5,378.1,15.0,1581,962,1167,0.0,0.0,15.0,14.0,37.5,1.9,1.0,0.0,0.0,16.0,16.0,42.2,5.1,0.875,-0.1,0.0,57.0,-280.0,16.0,16.0,442.0,0.1875,0.25,0.6666666666666666,0.0,0.125,-0.7100000000000002,0.0
1085,202107050908,1,1,3,10,0,0,0,0,0,0,0,0,0,0,0,3,0,0,0,0,0,0,0,0,0,0,0,2,0,0,0,0,0,0,0,0,0.0,0.0,9.0,15.0,39.2,2.5,0.3333333333333333,0.0,0.0,7.0,13.0,41.4,4.5,0.35714285714285715,0.0,0.0,3.0,6.0,39.2,1.0,0.09090909090909091,-4.5,-6.0,0.0,0.05,0.1,5,10,52.5,9.0,1199,406,351,0.0,0.0,3.0,,,,0.18181818181818182,0.0,0.0,3.0,4.0,38.0,0.3,0.2,-4.0,0.0,52.0,0.0,16.0,15.0,470.0,-0.06666666666666667,0.5714285714285714,0.0,0.09090909090909091,-0.06666666666666667,0.5800000000000004,0.0
1086,202107050908,6,2,1,34,0,0,3,14,0,0,0,0,1,2,0,9,0,0,1,5,0,0,0,0,0,0,0,4,0,0,0,3,0,0,0,0,0.0,0.0,50.0,5.0,39.2,0.5,0.375,0.0,0.0,150.0,14.0,40.4,3.4,0.4,0.0,0.0,150.0,16.0,40.0,3.6,0.625,5.5,34.0,0.0,,,8,15,,,1228,848,1108,0.0,0.0,,,,,,0.0,0.0,120.0,14.0,39.8,2.5,0.125,2.9,0.0,54.0,-1018.0,16.0,8.0,544.0,0.125,0.2,0.0625,,0.0,-0.13999999999999843,0.0
1087,202107050912,8,7,10,65,4,6,9,67,0,0,1,0,4,3,4,32,1,1,2,15,0,0,0,0,0,0,0,3,0,0,1,3,0,0,0,0,0.0,0.0,5.0,4.0,36.3,0.7,0.3076923076923077,0.0,0.0,8.0,5.0,37.8,0.3,0.5,0.0,0.0,3.0,4.0,38.0,1.0,0.8125,0.0,-6.0,-400.0,0.0,1.0,7,14,2.4,1.0,1576,1558,1577,0.0,0.0,9.0,4.0,37.2,0.8,0.8571428571428571,0.0,0.0,1.0,1.0,37.4,0.0,0.8125,-0.7,0.2,55.0,-896.0,16.0,13.0,500.0,-0.07692307692307693,-0.0625,-0.4375,-0.14285714285714285,-0.6875,-0.16000000000000086,0.0
1088,202107050912,5,9,7,47,1,1,0,0,0,1,0,0,3,3,3,19,0,0,0,0,0,0,0,0,0,1,1,2,0,0,0,0,0,0,0,0,0.0,0.0,8.0,7.0,40.7,3.9,0.75,0.0,0.0,11.0,5.0,36.4,0.9,0.625,0.0,0.0,8.0,14.0,36.7,1.4,0.75,3.5,5.0,-400.0,0.025,0.15,6,11,11.6,4.0,1172,1418,1556,0.0,0.0,5.0,12.0,37.2,1.1,0.875,0.0,0.0,6.0,2.0,35.6,0.2,0.625,-0.3,0.2,57.0,-1023.0,16.0,8.0,503.0,0.25,-0.0625,-0.1875,-0.0625,-0.0625,0.9399999999999998,0.0
1089,202107050912,0,3,0,13,2,1,0,32,0,1,0,1,0,1,0,3,2,1,0,15,0,1,0,1,0,0,0,0,0,0,0,0,0,0,0,0,0.0,0.0,7.0,10.0,13.7,7.5,0.5714285714285714,0.0,0.0,14.0,12.0,39.5,2.2,0.625,0.0,0.0,11.0,9.0,40.4,2.5,0.4,-0.5,-4.0,-1450.0,0.10256410256410256,0.20512820512820512,5,9,22.3,11.0,1317,1366,1186,0.0,0.0,13.0,8.0,38.9,1.6,0.7857142857142857,0.0,0.0,7.0,9.0,34.5,1.1,0.6363636363636364,-0.6,0.0,57.0,-755.0,16.0,14.0,502.0,0.14285714285714285,0.0625,0.2,-0.21428571428571427,0.0,-4.1,0.0
1090,202107050912,0,0,0,2,1,3,6,20,0,0,0,0,0,0,0,2,0,1,2,8,0,0,0,0,0,0,0,0,0,0,0,2,0,0,0,0,0.0,0.0,110.0,9.0,33.8,0.5,0.4117647058823529,0.0,0.0,160.0,9.0,33.3,0.5,0.5,0.0,0.0,70.0,9.0,37.7,0.6,0.21428571428571427,0.0,2.0,0.0,0.047619047619047616,0.09523809523809523,4,7,11.9,5.0,1397,1376,1428,0.0,0.0,60.0,1.0,35.9,0.0,0.5454545454545454,0.0,0.0,20.0,7.0,35.2,0.4,0.3076923076923077,-1.2,0.2,52.0,-993.0,16.0,17.0,464.0,0.0,0.05555555555555555,0.0,-0.09090909090909091,0.0,-0.5400000000000013,0.0
1091,202107050912,2,3,0,0,0,0,0,3,0,0,0,0,0,0,0,0,0,0,0,1,0,0,0,0,0,0,0,0,0,0,0,0,0,0,0,0,0.0,0.0,,,,,,0.0,0.0,70.0,14.0,38.6,2.7,0.14285714285714285,0.0,0.0,80.0,8.0,37.4,0.9,0.26666666666666666,-6.0,,0.0,0.017857142857142856,0.10714285714285714,1,2,23.4,12.0,882,419,695,0.0,0.0,110.0,10.0,38.2,1.6,0.25,0.0,0.0,50.0,1.0,38.4,0.0,0.125,-3.7,0.25,57.0,-864.0,16.0,10.0,,,0.0,-0.06666666666666667,0.0,0.0,-0.019999999999999574,0.0
1092,202107050912,6,11,8,58,0,0,0,1,0,0,0,1,1,2,3,24,0,0,0,1,0,0,0,1,0,0,0,0,0,0,0,0,0,0,0,0,0.0,0.0,30.0,12.0,39.8,1.5,0.21428571428571427,0.0,0.0,90.0,3.0,36.7,0.4,0.125,0.0,0.0,30.0,7.0,36.9,1.0,0.5,-2.5,-4.0,-300.0,0.05454545454545454,0.2,3,6,11.2,3.0,1221,881,1263,0.0,0.0,10.0,1.0,37.2,0.0,0.2,0.0,0.0,10.0,4.0,38.5,0.4,0.3333333333333333,-1.8,0.4,56.0,78.0,16.0,14.0,450.0,0.0,0.0,0.0,-0.06666666666666667,-0.2,0.20999999999999944,0.0
1093,202107050912,2,0,3,19,5,7,5,56,0,0,0,0,0,0,1,4,2,1,3,19,0,0,0,0,0,0,0,0,0,0,0,0,0,0,0,0,0.0,0.0,16.0,12.0,34.7,0.9,0.5882352941176471,0.0,0.0,16.0,14.0,34.1,1.4,0.625,0.0,0.0,14.0,13.0,34.3,0.9,0.8571428571428571,0.5,0.0,0.0,0.022727272727272728,0.1590909090909091,7,13,21.4,10.0,1440,1556,1167,0.0,0.0,11.0,7.0,33.7,0.9,0.9166666666666666,0.0,0.0,10.0,9.0,35.5,1.2,0.7142857142857143,-1.3,0.0,54.0,-910.0,16.0,17.0,484.0,0.0,0.0,0.07142857142857142,0.08333333333333333,0.07142857142857142,-0.11999999999999958,0.0
1094,202107050912,2,4,2,21,2,5,8,43,0,0,0,0,0,0,0,3,0,1,2,12,0,0,0,0,0,0,0,0,0,0,0,1,0,0,0,0,0.0,0.0,3.0,3.0,37.2,0.3,0.6428571428571429,0.0,0.0,10.0,11.0,37.2,2.4,0.8333333333333334,0.0,0.0,6.0,7.0,37.7,1.5,0.375,2.0,-1.0,-600.0,0.0,0.23076923076923078,1,1,19.8,9.0,1152,1167,1428,0.0,0.0,10.0,3.0,38.2,0.4,0.35714285714285715,0.0,0.0,10.0,13.0,37.9,1.6,1.0,1.2,0.4,52.0,-1008.0,16.0,14.0,487.0,-0.35714285714285715,0.08333333333333333,-0.125,0.0,-0.125,-0.23999999999999916,0.0
1095,202107050912,2,3,0,0,0,0,0,0,0,0,0,0,0,0,0,0,0,0,0,0,0,0,0,0,0,0,0,0,0,0,0,0,0,0,0,0,0.0,0.0,2.0,8.0,37.9,1.3,0.1875,0.0,0.0,2.0,1.0,36.8,0.0,0.1875,0.0,0.0,2.0,4.0,35.3,0.4,1.0,-2.0,-2.0,0.0,0.1875,0.25,3,5,5.9,2.0,882,969,695,0.0,0.0,2.0,2.0,36.2,0.0,0.5,0.0,0.0,1.0,6.0,37.4,0.6,0.8125,-0.3,0.4,52.0,-497.0,16.0,16.0,478.0,0.0,0.0625,-0.07142857142857142,0.0,-0.0625,0.15999999999999942,0.0
1096,202107050912,0,2,3,24,0,0,0,2,0,0,0,1,0,0,2,6,0,0,0,0,0,0,0,0,0,0,0,1,0,0,0,0,0,0,0,0,0.0,0.0,4.0,7.0,42.8,2.0,0.5555555555555556,0.0,0.0,15.0,9.0,37.7,0.9,0.9333333333333333,0.0,0.0,14.0,14.0,38.9,2.4,0.9375,3.5,4.0,-300.0,0.0,0.1111111111111111,8,15,25.5,13.0,1482,14,1263,0.0,0.0,5.0,7.0,37.1,0.9,0.7857142857142857,0.0,0.0,9.0,5.0,37.0,0.3,0.8,-0.6,0.0,57.0,-963.0,16.0,9.0,482.0,0.1111111111111111,-0.06666666666666667,0.0,0.07142857142857142,-0.13333333333333333,1.2199999999999995,0.0
1097,202107050912,3,3,3,35,0,0,1,2,0,0,1,2,0,0,2,15,0,0,1,2,0,0,1,2,0,0,0,0,0,0,0,0,0,0,0,0,0.0,0.0,60.0,1.0,36.4,0.0,0.16666666666666666,0.0,0.0,20.0,7.0,37.8,0.9,0.3333333333333333,0.0,0.0,30.0,3.0,38.1,0.4,0.21428571428571427,1.0,0.0,0.0,0.05,0.15,2,4,19.3,8.0,1278,1322,625,0.0,0.0,20.0,4.0,37.4,1.0,0.5714285714285714,0.0,0.0,10.0,6.0,38.3,0.8,0.21428571428571427,0.7,0.4,57.0,22.0,16.0,12.0,460.0,0.0,-0.06666666666666667,0.0,0.0,0.0,-0.33999999999999986,0.0
1098,202107050912,6,2,1,34,3,4,3,30,0,0,0,1,1,2,0,9,1,1,1,10,0,0,0,1,0,0,0,2,0,1,0,1,0,0,0,1,0.0,0.0,9.0,6.0,37.0,1.6,1.0,0.0,0.0,7.0,7.0,36.1,0.8,0.8181818181818182,0.0,0.0,14.0,10.0,36.6,1.2,0.9333333333333333,2.0,0.0,200.0,0.04081632653061224,0.22448979591836735,8,16,95.6,15.0,1228,1618,1108,0.0,0.0,7.0,7.0,36.6,0.9,0.8571428571428571,0.0,0.0,15.0,3.0,36.0,0.4,0.1875,-0.6,0.2,53.0,-1085.0,16.0,10.0,484.0,-0.1,0.0,-0.06666666666666667,0.07142857142857142,0.0,0.15,0.0
1099,202107050912,0,0,1,7,0,0,0,5,0,0,0,0,0,0,0,3,0,0,0,2,0,0,0,0,0,0,0,0,0,0,0,0,0,0,0,0,0.0,0.0,60.0,7.0,36.7,1.3,0.6,0.0,0.0,70.0,3.0,35.9,0.5,0.8,0.0,0.0,120.0,10.0,36.5,1.4,0.6666666666666666,1.5,4.0,200.0,0.039473684210526314,0.25,2,3,17.8,6.0,1586,1029,1167,0.0,0.0,60.0,1.0,37.8,0.0,0.6666666666666666,0.0,0.0,50.0,6.0,37.8,0.7,0.25,-0.4,0.4,53.0,36.0,16.0,15.0,476.0,-0.06666666666666667,-0.06666666666666667,0.08333333333333333,0.0,0.0,-0.4099999999999987,0.0
1100,202107050912,10,6,4,39,4,2,1,43,0,0,0,1,5,3,2,15,1,2,1,13,0,0,0,1,0,0,0,2,0,0,1,2,0,0,0,0,0.0,0.0,10.0,7.0,34.8,0.4,0.75,0.0,0.0,7.0,6.0,36.4,1.1,0.75,0.0,0.0,8.0,4.0,35.7,0.4,0.9375,-1.5,6.0,0.0,0.23529411764705882,0.4117647058823529,6,12,18.7,7.0,1716,1405,1167,0.0,0.0,7.0,14.0,38.0,1.6,0.375,0.0,0.0,8.0,5.0,36.5,0.6,0.75,0.4,0.0,55.0,-140.0,16.0,16.0,460.0,0.125,0.0,0.0,0.0,-0.0625,-0.5000000000000007,0.0
1101,202107050912,2,1,4,28,9,5,5,48,0,0,0,1,1,0,0,8,2,1,1,17,0,0,0,1,0,0,0,1,0,1,1,1,0,0,0,1,0.0,0.0,5.0,5.0,42.7,4.0,0.8,0.0,0.0,12.0,12.0,13.8,7.8,0.5,0.0,0.0,9.0,11.0,14.0,8.9,0.2857142857142857,3.0,-6.0,0.0,0.023255813953488372,0.16279069767441862,5,10,94.1,14.0,1348,1183,1221,0.0,0.0,6.0,10.0,37.8,1.4,1.0,0.0,0.0,15.0,7.0,37.6,0.4,1.0,0.2,0.0,56.0,-843.0,16.0,5.0,500.0,0.2,0.21428571428571427,0.35714285714285715,-0.0625,-0.375,-1.3799999999999997,0.0
1102,202107050912,0,2,3,24,0,0,0,0,0,0,0,0,0,0,2,6,0,0,0,0,0,0,0,0,0,0,0,1,0,0,0,0,0,0,0,0,0.0,0.0,15.0,12.0,38.3,2.9,1.0,0.0,0.0,13.0,11.0,37.9,1.8,1.0,0.0,0.0,13.0,14.0,38.0,1.4,0.875,1.0,-16.0,0.0,0.0,0.16129032258064516,4,8,206.3,16.0,1482,705,1263,0.0,0.0,15.0,4.0,36.8,0.6,0.875,0.0,0.0,13.0,8.0,37.4,1.3,0.9333333333333333,-1.5,0.0,57.0,-196.0,16.0,15.0,452.0,0.0,0.0,0.0,0.0,0.0,0.28999999999999987,0.0
1103,202107060103,0,0,0,3,2,1,0,32,0,0,0,2,0,0,0,0,2,1,0,15,0,0,0,0,0,0,0,0,1,1,0,3,0,0,0,0,0.0,0.0,7.0,8.0,40.2,2.4,0.7,0.0,0.0,11.0,10.0,36.4,1.4,0.7333333333333333,0.0,0.0,15.0,13.0,39.0,1.6,0.0625,2.5,8.0,-100.0,0.0684931506849315,0.2191780821917808,2,3,53.2,9.0,1291,1366,1589,0.0,0.0,12.0,8.0,36.6,1.0,0.6875,0.0,0.0,6.0,10.0,38.3,1.8,0.5333333333333333,0.2,0.0,55.0,-711.0,16.0,10.0,512.0,-0.1,-0.06666666666666667,0.0,0.0,0.0,0.3600000000000009,0.0
1104,202107060103,2,2,2,30,0,0,0,2,0,0,0,0,0,0,0,3,0,0,0,1,0,0,0,0,0,0,0,0,0,0,0,0,0,0,0,0,0.0,0.0,5.0,2.0,38.7,1.5,0.2222222222222222,0.0,0.0,5.0,3.0,38.0,0.5,0.35714285714285715,0.0,0.0,2.0,2.0,37.9,0.1,0.125,0.0,-4.0,-400.0,0.0,0.2222222222222222,3,5,4.9,2.0,1503,1050,1263,0.0,0.0,3.0,5.0,38.9,2.0,0.7272727272727273,0.0,0.0,2.0,5.0,37.2,0.3,0.3125,0.8,0.6,52.0,-21.0,16.0,9.0,458.0,0.0,0.0,0.0625,-0.18181818181818182,-0.0625,0.21000000000000013,0.0
1105,202107060103,10,6,4,39,0,0,0,1,0,0,0,0,5,3,2,15,0,0,0,0,0,0,0,0,3,1,1,3,0,0,0,0,0,0,0,0,0.0,0.0,2.0,2.0,38.3,0.2,0.06666666666666667,0.0,0.0,5.0,5.0,37.4,1.4,0.14285714285714285,0.0,0.0,1.0,7.0,37.9,0.9,0.25,2.5,10.0,-300.0,0.044444444444444446,0.2,1,2,5.0,3.0,1716,565,1167,0.0,0.0,1.0,2.0,37.4,0.6,0.0625,0.0,0.0,1.0,3.0,37.4,0.6,0.0625,-0.1,0.6,54.0,-344.0,16.0,15.0,468.0,0.0,0.14285714285714285,0.0,0.0,0.0,0.17999999999999972,0.0
1106,202107060103,8,7,10,65,5,7,5,56,0,1,0,3,4,3,4,32,2,1,3,19,0,0,0,0,1,1,2,11,0,0,0,12,0,0,0,0,0.0,0.0,5.0,13.0,38.2,1.3,0.4,0.0,0.0,8.0,12.0,39.0,2.2,0.6875,0.0,0.0,8.0,3.0,37.8,0.4,0.5625,-5.0,-2.0,200.0,0.045454545454545456,0.09090909090909091,6,11,2.1,1.0,1576,1556,1577,0.0,0.0,6.0,11.0,37.3,1.8,0.875,0.0,0.0,3.0,3.0,37.1,1.6,0.46153846153846156,-2.1,0.4,51.0,-315.0,16.0,15.0,464.0,-0.06666666666666667,0.0,-0.5,0.0,0.0,0.39000000000000057,0.0
1107,202107060103,0,2,1,6,1,0,1,23,0,0,0,0,0,1,1,4,1,0,0,7,0,0,0,0,0,0,1,0,0,0,0,3,0,0,0,0,0.0,0.0,160.0,7.0,35.8,1.0,0.875,0.0,0.0,120.0,5.0,36.1,0.8,1.0,0.0,0.0,140.0,11.0,36.2,1.7,0.9285714285714286,2.0,-6.0,0.0,,,7,13,30.3,8.0,1020,1221,1576,0.0,0.0,110.0,7.0,35.5,0.8,0.8181818181818182,0.0,0.0,150.0,12.0,37.3,2.2,0.9333333333333333,1.2,0.0,51.0,-1086.0,16.0,16.0,468.0,0.0625,0.0,0.0,0.0,-0.06666666666666667,-0.23999999999999985,0.0
1108,202107060103,3,3,3,35,2,5,8,43,0,0,0,0,0,0,2,15,0,1,2,12,0,0,0,0,0,0,2,9,0,1,0,4,0,0,0,0,0.0,0.0,10.0,8.0,38.9,1.8,0.9230769230769231,0.0,0.0,11.0,9.0,38.8,1.6,0.9333333333333333,0.0,0.0,15.0,10.0,38.7,1.6,0.6666666666666666,1.0,22.0,0.0,0.11864406779661017,0.23728813559322035,3,6,9.3,4.0,1278,1167,625,0.0,0.0,16.0,12.0,38.8,2.5,0.625,0.0,0.0,14.0,10.0,38.1,1.1,0.7333333333333333,0.7,0.0,54.0,-935.0,16.0,13.0,484.0,-0.07692307692307693,-0.06666666666666667,0.06666666666666667,0.3125,0.0,0.15999999999999942,0.0
1109,202107060103,12,4,5,37,4,6,9,67,0,0,0,1,6,3,0,8,1,1,2,15,0,0,0,0,1,0,0,2,1,0,0,3,0,0,0,0,0.0,0.0,15.0,8.0,38.5,2.2,1.0,0.0,0.0,11.0,14.0,38.3,2.6,0.9285714285714286,0.0,0.0,14.0,12.0,37.9,1.5,0.7857142857142857,2.0,-6.0,-400.0,0.0,0.0,7,14,269.1,15.0,1520,1558,695,0.0,0.0,14.0,11.0,36.8,1.3,0.8125,0.0,0.0,14.0,12.0,36.9,1.5,0.8666666666666667,0.5,0.0,55.0,-252.0,16.0,15.0,490.0,-0.3333333333333333,0.0,0.07142857142857142,-0.0625,0.13333333333333333,0.4700000000000003,0.0
1110,202107060103,1,0,1,7,0,0,2,24,0,0,0,0,1,0,1,5,0,0,0,5,0,0,0,0,0,0,0,4,0,0,0,2,0,0,0,0,0.0,0.0,100.0,10.0,35.4,1.1,0.625,0.0,0.0,170.0,15.0,36.9,2.0,0.05555555555555555,0.0,0.0,130.0,7.0,39.8,2.6,0.23076923076923078,-1.5,0.0,200.0,0.05357142857142857,0.19642857142857142,4,8,17.5,6.0,1225,1306,1263,0.0,0.0,150.0,15.0,41.3,3.0,0.2,0.0,0.0,100.0,12.0,38.0,1.5,0.5,0.4,0.0,54.0,27.0,16.0,16.0,466.0,0.0,0.0,0.15384615384615385,0.0,0.0,-0.9600000000000002,0.0
1111,202107060103,0,0,0,1,9,5,5,48,0,0,0,0,0,0,0,1,2,1,1,17,0,0,0,0,0,0,0,0,0,0,0,2,0,0,0,0,0.0,0.0,12.0,12.0,36.4,1.5,0.625,0.0,0.0,7.0,6.0,37.4,1.5,0.7692307692307693,0.0,0.0,9.0,7.0,37.5,0.9,0.6,-2.5,-2.0,200.0,0.08955223880597014,0.2537313432835821,2,4,13.0,5.0,1089,1183,1428,0.0,0.0,11.0,16.0,35.9,1.8,0.6111111111111112,0.0,0.0,9.0,8.0,36.7,1.4,0.7333333333333333,0.2,0.0,54.0,-742.0,16.0,16.0,502.0,0.0625,-0.15384615384615385,-0.13333333333333333,-0.05555555555555555,0.13333333333333333,0.08999999999999915,0.0
1112,202107060103,2,4,2,21,1,3,6,20,0,0,0,0,0,0,0,3,0,1,2,8,0,0,0,0,0,0,0,3,0,0,2,1,0,0,0,0,0.0,0.0,,,,,,0.0,0.0,150.0,15.0,38.4,3.9,0.5,0.0,0.0,140.0,7.0,36.8,1.7,0.625,-8.0,,-200.0,0.04,0.16,4,7,67.8,11.0,1152,1376,1428,0.0,0.0,90.0,8.0,37.9,0.8,0.4375,0.0,0.0,140.0,5.0,36.3,0.6,0.875,-2.9,0.0,52.0,-965.0,16.0,7.0,,,0.1875,0.125,0.0,-0.125,0.5200000000000002,0.0
1113,202107060103,0,1,2,18,3,4,3,30,0,0,0,0,0,0,0,5,1,1,1,10,0,0,0,0,0,0,0,4,0,0,1,4,0,0,0,0,0.0,0.0,6.0,10.0,39.9,1.7,0.7,0.0,0.0,15.0,13.0,37.1,1.9,0.9333333333333333,0.0,0.0,11.0,12.0,41.0,5.8,0.8571428571428571,1.0,27.0,100.0,0.04,0.22,6,12,269.4,16.0,1557,1618,1559,0.0,0.0,16.0,11.0,37.3,1.2,0.9375,0.0,0.0,13.0,8.0,37.1,1.6,0.9285714285714286,-0.6,0.0,55.0,-526.0,16.0,10.0,469.0,0.3,0.0,0.07142857142857142,0.0,0.07142857142857142,0.5399999999999998,0.0
1114,202107060103,10,6,4,39,0,0,1,7,0,0,0,0,5,3,2,15,0,0,1,3,0,0,0,0,3,1,1,3,0,0,0,0,0,0,0,0,0.0,0.0,5.0,11.0,42.9,2.4,0.09090909090909091,0.0,0.0,11.0,11.0,39.4,3.0,0.8333333333333334,0.0,0.0,9.0,11.0,39.8,2.1,0.9230769230769231,0.0,12.0,-400.0,0.0,0.0,8,16,65.4,10.0,1716,1110,1167,0.0,0.0,10.0,12.0,37.4,1.2,0.875,0.0,0.0,13.0,6.0,36.8,0.8,0.9285714285714286,-0.9,0.0,52.0,-334.0,16.0,11.0,468.0,0.18181818181818182,0.0,0.0,0.0,0.0,1.4200000000000004,0.0
1115,202107060103,12,4,5,37,2,0,1,15,0,0,0,2,6,3,0,8,0,0,0,5,0,0,0,0,1,0,0,2,0,0,0,1,0,0,0,0,0.0,0.0,4.0,4.0,39.0,0.5,0.21428571428571427,0.0,0.0,2.0,6.0,37.3,0.7,0.3125,0.0,0.0,6.0,2.0,36.5,0.0,0.5333333333333333,-1.0,2.0,-300.0,0.1,0.225,5,9,24.0,7.0,1520,1503,695,0.0,0.0,11.0,8.0,39.9,1.3,0.26666666666666666,0.0,0.0,7.0,6.0,38.0,1.8,0.42857142857142855,0.6,0.2,55.0,-498.0,16.0,14.0,470.0,-0.07142857142857142,0.0,-0.2,-0.06666666666666667,-0.21428571428571427,-0.060000000000000143,0.0
1116,202107060103,0,1,2,18,0,0,0,1,0,0,0,0,0,0,0,5,0,0,0,1,0,0,0,0,0,0,0,4,0,0,0,0,0,0,0,0,0.0,0.0,14.0,14.0,38.6,1.8,0.5625,0.0,0.0,5.0,2.0,38.5,1.0,0.8571428571428571,0.0,0.0,11.0,12.0,40.6,2.0,0.25,-1.0,-14.0,0.0,0.022727272727272728,0.1590909090909091,5,10,230.6,14.0,1557,1561,1559,0.0,0.0,12.0,11.0,38.3,1.5,1.0,0.0,0.0,9.0,6.0,39.3,1.1,0.125,-0.7,0.2,54.0,0.0,16.0,16.0,440.0,0.0,-0.5714285714285714,-0.0625,-0.125,0.0,-0.11999999999999886,0.0
1117,202107060103,3,6,5,28,0,0,0,5,0,0,0,0,0,1,1,8,0,0,0,2,0,0,0,0,0,0,0,4,0,0,0,2,0,0,0,0,0.0,0.0,13.0,10.0,41.7,2.6,1.0,0.0,0.0,12.0,12.0,39.4,1.5,1.0,0.0,0.0,9.0,9.0,40.6,4.6,0.9090909090909091,-0.5,-6.0,-400.0,0.075,0.25,8,15,137.6,12.0,1304,548,1503,0.0,0.0,6.0,10.0,40.4,3.7,0.8333333333333334,0.0,0.0,14.0,7.0,39.6,1.6,0.9333333333333333,-0.8,0.0,55.0,-379.0,16.0,13.0,476.0,0.0,0.0,0.0,-0.08333333333333333,0.06666666666666667,0.3200000000000003,0.0
1118,202107060103,0,0,0,1,1,1,1,2,0,0,0,0,0,0,0,0,0,0,0,0,0,0,0,0,0,0,0,0,0,0,0,0,0,0,0,0,0.0,0.0,12.0,8.0,40.9,2.4,0.9166666666666666,0.0,0.0,16.0,16.0,41.0,2.7,0.125,0.0,0.0,13.0,16.0,38.5,3.3,1.0,4.0,25.0,-300.0,0.06666666666666667,0.2,1,1,218.7,13.0,1672,1240,1167,0.0,0.0,4.0,15.0,39.6,3.1,0.6875,0.0,0.0,5.0,14.0,37.3,1.4,0.21428571428571427,1.1,0.0,53.0,-965.0,16.0,12.0,499.0,-0.08333333333333333,0.0,0.0,0.0625,-0.07142857142857142,0.8600000000000001,0.0
1119,202107060206,5,9,7,47,0,0,0,9,0,0,0,0,3,3,3,19,0,0,0,3,0,0,0,0,1,1,1,9,0,0,0,0,0,0,0,0,0.0,0.0,3.0,4.0,37.7,0.6,0.4,0.0,0.0,7.0,12.0,37.6,1.6,0.8571428571428571,0.0,0.0,13.0,10.0,38.2,1.2,0.42857142857142855,3.0,0.0,0.0,0.21428571428571427,0.2857142857142857,2,4,7.8,4.0,1172,1145,1556,0.0,0.0,9.0,8.0,36.6,1.2,0.5333333333333333,0.0,0.0,14.0,9.0,35.4,0.8,0.8125,0.6,0.0,56.0,-856.0,16.0,10.0,520.0,0.1,0.14285714285714285,0.07142857142857142,0.0,0.0,0.5600000000000008,0.0
1120,202107060206,0,3,0,13,0,1,0,3,0,0,0,0,0,1,0,3,0,0,0,0,0,0,0,0,0,1,0,1,0,0,0,0,0,0,0,0,0.0,0.0,70.0,10.0,55.0,16.0,0.3,0.0,0.0,100.0,16.0,40.0,3.7,0.9375,0.0,0.0,160.0,14.0,39.8,3.2,0.1875,2.0,0.0,-200.0,0.0,0.0,3,6,79.6,15.0,1317,1309,1186,0.0,0.0,130.0,15.0,39.5,3.5,0.3125,0.0,0.0,90.0,1.0,37.8,0.0,0.25,-1.9,0.2,53.0,-966.0,16.0,10.0,484.0,0.7,0.0,0.0,0.0,-0.0625,3.4900000000000007,0.0
1121,202107060206,0,0,0,4,0,2,0,6,0,0,0,0,0,0,0,1,0,1,0,2,0,0,0,0,0,0,0,0,0,1,0,1,0,0,0,0,0.0,0.0,12.0,11.0,13.8,6.6,0.9166666666666666,0.0,0.0,15.0,13.0,37.8,1.9,0.75,0.0,0.0,14.0,11.0,36.7,1.6,0.9375,0.0,-6.0,-1460.0,0.041666666666666664,0.08333333333333333,1,2,3.1,1.0,1175,1511,882,0.0,0.0,15.0,12.0,37.8,1.3,0.9375,0.0,0.0,13.0,5.0,37.3,1.0,0.9285714285714286,-1.3,0.0,53.0,-615.0,16.0,12.0,458.0,0.0,0.0625,0.0,0.0625,0.0,-4.699999999999999,0.0
1122,202107060206,1,0,0,1,0,0,0,0,0,0,0,0,0,0,0,0,0,0,0,0,0,0,0,0,0,0,0,0,0,0,0,0,0,0,0,0,0.0,0.0,7.0,10.0,42.3,4.5,1.0,0.0,0.0,15.0,16.0,41.7,7.1,1.0,0.0,0.0,11.0,16.0,38.4,3.3,0.1875,3.0,6.0,0.0,0.0,0.0,5,9,66.3,13.0,1463,760,1167,0.0,0.0,12.0,14.0,38.8,4.1,0.42857142857142855,0.0,0.0,11.0,9.0,37.8,1.2,0.375,-0.4,0.0,53.0,-909.0,16.0,10.0,534.0,0.0,0.0,0.25,0.14285714285714285,-0.0625,1.1900000000000006,0.0
1123,202107060206,0,1,1,17,2,0,6,35,0,0,0,2,0,0,0,7,0,0,2,12,0,0,0,1,0,0,0,2,0,0,1,7,0,0,0,0,0.0,0.0,10.0,5.0,41.0,1.7,0.42857142857142855,0.0,0.0,110.0,10.0,36.1,1.3,0.75,0.0,0.0,80.0,9.0,36.6,1.0,0.375,2.0,13.0,-300.0,0.08695652173913043,0.2463768115942029,7,13,29.3,10.0,1313,1345,1108,0.0,0.0,20.0,1.0,36.5,0.0,0.6,0.0,0.0,70.0,2.0,36.8,0.1,0.4375,-1.5,0.4,57.0,-609.0,16.0,7.0,521.0,-0.14285714285714285,-0.0625,0.0625,0.06666666666666667,0.0,0.8000000000000007,0.0
1124,202107060206,0,1,1,13,2,0,6,35,0,0,0,2,0,0,0,3,0,0,2,12,0,0,0,1,0,0,0,1,0,0,1,7,0,0,0,1,0.0,0.0,80.0,60.0,39.6,2.3,0.8,0.0,0.0,110.0,130.0,38.2,2.0,0.25,0.0,0.0,50.0,130.0,41.0,2.7,0.3333333333333333,35.0,3.0,0.0,0.0,0.0,8,15,32.3,11.0,1449,1345,1306,0.0,0.0,80.0,70.0,36.7,0.9,0.4166666666666667,0.0,0.0,90.0,120.0,36.9,2.4,0.3888888888888889,6.0,0.0,57.0,-957.0,16.0,10.0,451.0,-0.1,0.0,0.5333333333333333,0.08333333333333333,0.0,0.6900000000000006,0.0
1125,202107060206,8,7,10,65,1,1,0,8,0,0,0,0,4,3,4,32,1,0,0,4,0,0,0,0,1,1,2,11,1,0,0,1,0,0,0,0,0.0,0.0,6.0,10.0,36.8,0.6,0.6875,0.0,0.0,5.0,3.0,37.2,0.6,0.2,0.0,0.0,13.0,2.0,36.8,0.6,0.25,-4.0,0.0,200.0,0.09090909090909091,0.2727272727272727,2,3,14.7,7.0,1576,1708,1577,0.0,0.0,14.0,10.0,36.3,0.7,0.1875,0.0,0.0,12.0,10.0,37.5,1.0,0.4375,0.7,0.4,56.0,-1007.0,16.0,16.0,500.0,0.0625,0.0,-0.0625,0.0,0.125,-0.05,0.0
1126,202107060206,4,0,1,20,3,1,0,12,0,0,0,0,0,0,0,4,1,0,0,7,0,0,0,0,0,0,0,2,0,0,0,2,0,0,0,0,0.0,0.0,5.0,6.0,38.3,0.7,0.6,0.0,0.0,12.0,4.0,38.8,0.8,0.6,0.0,0.0,6.0,10.0,39.7,1.9,0.8,2.0,-12.0,-300.0,0.0,1.0,3,5,14.9,8.0,1383,1032,246,0.0,0.0,3.0,4.0,39.6,2.0,0.625,0.0,0.0,8.0,8.0,37.2,0.5,0.9375,0.4,0.0,57.0,-146.0,16.0,10.0,530.0,-0.2,-0.13333333333333333,-0.06666666666666667,-0.1875,-0.0625,0.13999999999999843,0.0
1127,202107060206,6,11,8,58,0,0,0,7,0,0,0,2,1,2,3,24,0,0,0,2,0,0,0,1,0,1,1,12,0,0,0,2,0,0,0,1,0.0,0.0,11.0,16.0,40.6,4.3,0.25,0.0,0.0,8.0,9.0,35.7,0.8,0.5714285714285714,0.0,0.0,8.0,9.0,36.1,0.9,0.875,-3.5,4.0,-200.0,0.11475409836065574,0.22950819672131148,8,16,6.0,2.0,1221,1079,1263,0.0,0.0,10.0,6.0,35.8,0.9,0.9375,0.0,0.0,10.0,6.0,35.7,0.7,1.0,-2.3,0.0,57.0,-721.0,16.0,16.0,502.0,-0.0625,0.0,0.0,0.0,0.0,0.9700000000000003,0.0
1128,202107060206,0,0,0,0,0,0,0,0,0,0,0,0,0,0,0,0,0,0,0,0,0,0,0,0,0,0,0,0,0,0,0,0,0,0,0,0,0.0,0.0,7.0,15.0,34.5,0.9,0.625,0.0,0.0,6.0,10.0,39.0,1.3,0.25,0.0,0.0,1.0,1.0,37.7,0.0,0.38461538461538464,-7.0,2.0,200.0,0.043478260869565216,0.17391304347826086,4,8,14.0,6.0,239,779,238,0.0,0.0,2.0,6.0,37.1,1.0,0.1111111111111111,0.0,0.0,5.0,3.0,33.7,0.3,0.2777777777777778,-2.8,0.4,55.0,-55.0,16.0,16.0,476.0,0.0,0.1875,0.0,0.0,0.0,0.3499999999999993,0.0
1129,202107060206,0,0,0,0,0,0,0,1,0,0,0,0,0,0,0,0,0,0,0,0,0,0,0,0,0,0,0,0,0,0,0,0,0,0,0,0,0.0,0.0,12.0,11.0,39.5,1.8,0.25,0.0,0.0,11.0,11.0,36.2,1.2,0.9333333333333333,0.0,0.0,10.0,4.0,36.5,0.9,0.5,-3.5,6.0,0.0,0.0,0.3333333333333333,7,14,54.3,12.0,204,388,4,0.0,0.0,11.0,10.0,36.3,1.1,0.875,0.0,0.0,5.0,1.0,35.5,0.0,0.6875,-2.1,0.2,57.0,0.0,16.0,16.0,510.0,-0.0625,0.06666666666666667,-0.21428571428571427,0.0,0.0,0.7900000000000006,0.0
1130,202107060206,0,1,0,11,5,6,1,67,0,0,0,0,0,0,0,2,1,0,0,18,0,0,0,0,0,0,0,0,0,0,0,2,0,0,0,0,0.0,0.0,14.0,,,,0.8125,0.0,0.0,9.0,6.0,36.9,1.3,0.375,0.0,0.0,11.0,5.0,36.7,1.0,0.3333333333333333,-1.0,2.0,0.0,0.038461538461538464,0.24358974358974358,1,1,15.9,9.0,1042,1013,488,0.0,0.0,3.0,5.0,39.3,1.6,1.0,0.0,0.0,7.0,8.0,38.1,0.9,0.1875,0.6,0.0,56.0,-531.0,16.0,16.0,498.0,-0.0625,0.0,0.0,-0.3333333333333333,0.0,-0.6200000000000003,0.0
1131,202107060206,0,2,1,28,0,0,0,5,0,0,0,1,0,1,1,7,0,0,0,2,0,0,0,0,0,1,0,1,0,0,0,2,0,0,0,0,0.0,0.0,4.0,7.0,13.7,2.5,0.5,0.0,0.0,2.0,9.0,13.7,2.5,0.3333333333333333,0.0,0.0,9.0,8.0,40.6,1.7,0.2222222222222222,0.5,-4.0,-1460.0,0.0,0.08108108108108109,4,7,66.8,14.0,1090,548,1169,0.0,0.0,10.0,9.0,40.1,2.1,0.5833333333333334,0.0,0.0,12.0,10.0,39.5,1.4,0.21428571428571427,0.6,0.0,56.0,-433.0,16.0,12.0,508.0,0.0,0.16666666666666666,0.1111111111111111,0.08333333333333333,0.0,-7.8,0.0
1132,202107060206,0,2,0,27,0,1,1,3,0,0,0,0,0,1,0,10,0,0,0,0,0,0,0,0,0,0,0,4,0,0,0,0,0,0,0,0,0.0,0.0,90.0,14.0,36.2,1.3,0.11764705882352941,0.0,0.0,40.0,5.0,36.9,1.1,0.2727272727272727,0.0,0.0,70.0,2.0,33.7,0.1,0.1,-6.0,-4.0,-200.0,0.24285714285714285,0.4142857142857143,6,12,8.5,5.0,1431,1430,1428,0.0,0.0,40.0,10.0,36.5,2.1,0.9090909090909091,0.0,0.0,40.0,1.0,36.8,0.0,0.125,-2.1,0.4,56.0,35.0,16.0,17.0,488.0,0.0,0.18181818181818182,0.0,0.0,0.0,-0.079999999999999,0.0
1133,202107060206,0,0,0,1,0,1,1,7,0,0,0,0,0,0,0,0,0,0,0,2,0,0,0,0,0,0,0,0,0,0,0,1,0,0,0,0,0.0,0.0,10.0,10.0,45.0,4.8,0.45454545454545453,0.0,0.0,16.0,11.0,37.4,1.3,0.875,0.0,0.0,16.0,15.0,39.2,2.2,0.8125,2.5,5.0,0.0,0.0,0.11764705882352941,6,11,274.5,16.0,1672,334,1167,0.0,0.0,15.0,8.0,38.3,1.7,0.4375,0.0,0.0,15.0,15.0,37.8,1.4,0.6666666666666666,0.7,0.0,56.0,-699.0,16.0,11.0,497.0,0.36363636363636365,0.0,-0.125,-0.0625,0.0,1.3500000000000008,0.0
1134,202107060206,0,0,0,0,0,0,0,0,0,0,0,0,0,0,0,0,0,0,0,0,0,0,0,0,0,0,0,0,0,0,0,0,0,0,0,0,0.0,0.0,9.0,8.0,36.1,0.6,0.3125,0.0,0.0,9.0,6.0,36.1,0.4,0.0625,0.0,0.0,5.0,8.0,35.5,1.1,0.4375,0.0,-6.0,-200.0,0.16279069767441862,0.4883720930232558,5,10,7.7,3.0,594,716,324,0.0,0.0,7.0,7.0,36.9,0.6,0.0625,0.0,0.0,8.0,4.0,35.2,0.1,0.0625,-0.7,0.0,56.0,-294.0,16.0,16.0,474.0,0.0,0.0,0.0,0.0,0.0,0.1,0.0
1135,202107060212,1,0,0,2,0,0,0,0,0,0,0,0,0,0,0,0,0,0,0,0,0,0,0,0,0,0,0,0,0,0,0,0,0,0,0,0,0.0,0.0,12.0,6.0,38.0,0.6,1.0,0.0,0.0,14.0,13.0,33.7,0.6,0.7777777777777778,0.0,0.0,9.0,5.0,34.7,0.1,0.4444444444444444,-0.5,1.0,0.0,0.2318840579710145,0.4057971014492754,8,16,2.9,1.0,941,499,420,0.0,0.0,6.0,16.0,35.3,1.7,0.6875,0.0,0.0,1.0,1.0,33.6,0.0,0.25,-0.7,0.2,57.0,-914.0,16.0,16.0,495.0,-0.125,-0.05555555555555555,0.0,0.0625,-0.08333333333333333,0.7200000000000003,0.0
1136,202107060212,12,4,5,37,2,1,0,1,0,0,0,0,6,3,0,8,2,0,0,0,0,0,0,0,0,1,0,1,0,0,0,0,0,0,0,0,0.0,0.0,10.0,10.0,36.5,1.3,0.35714285714285715,0.0,0.0,8.0,9.0,38.6,1.4,0.21428571428571427,0.0,0.0,11.0,3.0,36.9,0.0,0.21428571428571427,-3.5,0.0,0.0,0.0,0.0,1,2,3.7,2.0,1520,1341,695,0.0,0.0,10.0,12.0,38.1,1.4,0.13333333333333333,0.0,0.0,13.0,6.0,38.8,1.0,0.4375,-0.5,0.2,57.0,-356.0,16.0,14.0,468.0,-0.07142857142857142,0.0,-0.07142857142857142,0.0,0.0625,-0.4099999999999994,0.0
1137,202107060212,6,11,8,58,0,1,2,1,0,0,0,0,1,2,3,24,0,0,0,0,0,0,0,0,0,0,0,0,0,0,0,0,0,0,0,0,0.0,0.0,50.0,8.0,36.5,1.1,1.0,0.0,0.0,80.0,3.0,36.0,0.4,0.875,0.0,0.0,70.0,4.0,38.0,0.5,0.6,-2.0,14.0,0.0,0.0,0.25,8,15,10.7,5.0,1221,910,1263,0.0,0.0,90.0,13.0,38.4,1.3,0.5,0.0,0.0,100.0,5.0,37.2,0.9,0.5625,0.4,0.2,57.0,43.0,16.0,16.0,488.0,-0.0625,0.0,0.0,0.0,-0.125,-0.38000000000000045,0.0
1138,202107060212,0,2,3,24,0,0,0,0,0,0,0,0,0,0,2,6,0,0,0,0,0,0,0,0,0,0,0,1,0,0,0,0,0,0,0,0,0.0,0.0,15.0,12.0,38.3,2.9,1.0,0.0,0.0,13.0,11.0,37.9,1.8,1.0,0.0,0.0,13.0,14.0,38.0,1.4,0.875,1.0,-16.0,0.0,0.017543859649122806,0.10526315789473684,4,7,260.9,15.0,1482,705,1263,0.0,0.0,15.0,4.0,36.8,0.6,0.875,0.0,0.0,13.0,8.0,37.4,1.3,0.9333333333333333,-1.5,0.0,57.0,-133.0,16.0,15.0,452.0,0.0,0.0,0.0,0.0,0.0,0.28999999999999987,0.0
1139,202107060212,0,2,0,5,2,5,8,43,0,1,0,0,0,1,0,2,0,1,2,12,0,1,0,0,0,0,0,0,0,0,0,1,0,0,0,0,0.0,0.0,40.0,3.0,39.1,0.5,0.2727272727272727,0.0,0.0,160.0,16.0,38.4,1.5,0.375,0.0,0.0,70.0,12.0,38.7,1.6,0.5333333333333333,4.5,4.0,0.0,0.1111111111111111,0.3055555555555556,5,10,4.3,3.0,1098,1167,1294,0.0,0.0,60.0,12.0,39.0,3.2,0.3076923076923077,0.0,0.0,70.0,10.0,38.6,1.2,0.625,1.0,0.2,57.0,-942.0,16.0,11.0,498.0,0.0,0.0,0.0,0.23076923076923078,-0.0625,0.039999999999999855,0.0
1140,202107060212,1,0,1,3,9,2,7,87,0,0,0,0,0,0,0,0,0,0,2,23,0,0,0,0,0,0,0,0,0,0,0,2,0,0,0,0,0.0,0.0,110.0,12.0,37.2,2.3,0.8,0.0,0.0,100.0,14.0,37.8,1.6,0.25,0.0,0.0,30.0,1.0,38.0,0.0,0.125,-5.5,-4.0,200.0,0.038461538461538464,0.15384615384615385,3,6,86.1,10.0,1583,1263,118,0.0,0.0,70.0,5.0,35.9,1.2,0.15384615384615385,0.0,0.0,90.0,5.0,37.9,0.3,0.375,-2.3,0.2,57.0,99.0,16.0,15.0,458.0,0.0,0.0625,0.0,0.0,-0.125,0.05000000000000071,0.0
1141,202107060212,2,1,4,28,2,0,1,1,1,0,0,0,1,0,0,8,2,0,1,0,1,0,0,0,0,0,0,1,0,0,0,0,0,0,0,0,0.0,0.0,10.0,1.0,40.5,0.0,0.2222222222222222,0.0,0.0,130.0,12.0,36.8,1.3,0.5625,0.0,0.0,150.0,10.0,36.7,2.0,0.5625,4.5,4.0,0.0,0.07317073170731707,0.24390243902439024,6,11,50.0,9.0,1348,402,1221,0.0,0.0,80.0,13.0,38.3,1.6,0.5333333333333333,0.0,0.0,110.0,6.0,36.8,0.5,0.1875,1.1,0.2,57.0,-1049.0,16.0,9.0,530.0,0.0,0.0625,0.0,0.06666666666666667,-0.0625,0.5900000000000005,0.0
1142,202107060212,0,1,1,3,9,2,7,87,0,0,0,1,0,0,0,2,0,0,2,23,0,0,0,1,0,0,0,0,0,0,0,2,0,0,0,0,0.0,0.0,2.0,8.0,41.7,3.1,0.5555555555555556,0.0,0.0,12.0,10.0,38.1,1.1,0.15384615384615385,0.0,0.0,14.0,8.0,39.0,1.1,0.125,0.0,4.0,0.0,0.0,0.08333333333333333,2,4,258.2,14.0,1589,1263,1404,0.0,0.0,16.0,14.0,38.2,2.3,1.0,0.0,0.0,16.0,11.0,36.2,1.8,0.875,1.0,0.0,57.0,-860.0,16.0,9.0,502.0,0.4444444444444444,0.0,0.0,0.0,-0.0625,1.0899999999999999,0.0
1143,202107060212,0,0,2,15,2,2,1,34,0,0,0,2,0,0,1,4,0,1,0,9,0,0,0,2,0,0,1,1,0,0,0,1,0,0,0,1,0.0,0.0,110.0,10.0,35.5,1.1,0.9375,0.0,0.0,100.0,9.0,37.0,1.1,0.625,0.0,0.0,50.0,6.0,36.7,0.5,0.625,-2.0,6.0,0.0,0.08823529411764706,0.25,4,8,14.2,6.0,1370,1482,1559,0.0,0.0,50.0,3.0,36.6,0.3,0.8125,0.0,0.0,90.0,6.0,36.5,0.8,0.75,-1.4000000000000001,0.2,57.0,35.0,16.0,16.0,456.0,-0.125,0.0,-0.1875,-0.0625,-0.125,-0.16000000000000014,0.0
1144,202107060212,0,2,1,12,4,6,9,67,0,0,0,2,0,0,0,5,1,1,2,15,0,0,0,1,0,0,0,0,0,0,1,3,0,0,0,0,0.0,0.0,12.0,14.0,41.3,4.7,0.9285714285714286,0.0,0.0,8.0,8.0,40.1,2.2,0.8888888888888888,0.0,0.0,9.0,8.0,35.5,2.3,1.0,-3.0,-8.0,-400.0,0.045454545454545456,0.18181818181818182,7,14,120.5,11.0,1453,1558,1428,0.0,0.0,7.0,7.0,36.3,2.5,0.7142857142857143,0.0,0.0,9.0,9.0,35.5,3.0,1.0,-1.1,0.0,57.0,-525.0,16.0,14.0,496.0,-0.07142857142857142,-0.1111111111111111,0.0,0.2857142857142857,0.0,1.5399999999999998,0.0
1145,202107060212,1,1,1,11,0,1,1,6,0,1,0,0,0,0,0,3,0,0,0,3,0,0,0,0,0,0,0,2,0,0,0,0,0,0,0,0,0.0,0.0,13.0,12.0,37.0,1.4,0.7333333333333333,0.0,0.0,13.0,15.0,37.9,1.6,0.4375,0.0,0.0,7.0,6.0,36.6,0.9,0.4,-3.0,2.0,200.0,0.0,0.12121212121212122,5,9,18.9,7.0,1255,1592,1263,0.0,0.0,8.0,1.0,35.5,0.0,0.625,0.0,0.0,9.0,3.0,37.7,0.2,0.125,-3.1999999999999997,0.4,55.0,-398.0,16.0,15.0,480.0,0.0,0.0,0.06666666666666667,-0.0625,0.0,0.09999999999999928,0.0
1146,202107060212,0,2,1,28,5,7,5,56,0,0,0,1,0,1,1,7,2,1,3,19,0,0,0,1,0,0,0,0,0,0,0,0,0,0,0,0,0.0,0.0,9.0,,,,0.5,0.0,0.0,13.0,11.0,13.3,3.3,0.9285714285714286,0.0,0.0,6.0,3.0,13.0,0.9,0.2,-8.0,-6.0,-1990.0,0.11666666666666667,0.23333333333333334,6,12,42.7,8.0,1090,1556,1169,0.0,0.0,10.0,7.0,13.2,1.5,0.7692307692307693,0.0,0.0,7.0,7.0,13.7,1.7,0.46153846153846156,-0.8,0.25,55.0,-811.0,16.0,10.0,450.0,0.2,0.0,0.2,-0.07692307692307693,0.23076923076923078,-0.1399999999999995,0.0
1147,202107060212,0,0,0,0,0,0,0,4,0,0,0,0,0,0,0,0,0,0,0,1,0,0,0,0,0,0,0,0,0,0,0,0,0,0,0,0,0.0,0.0,4.0,12.0,43.3,3.5,0.5,0.0,0.0,15.0,13.0,39.0,1.7,0.9333333333333333,0.0,0.0,13.0,13.0,39.3,1.7,0.25,0.5,-27.0,0.0,0.043478260869565216,0.08695652173913043,3,5,236.0,13.0,1212,1543,80,0.0,0.0,16.0,13.0,37.0,1.4,0.75,0.0,0.0,11.0,13.0,40.2,4.8,0.7692307692307693,0.2,0.0,57.0,-819.0,16.0,12.0,505.0,0.4166666666666667,0.06666666666666667,0.0,0.0,0.0,0.8199999999999988,0.0
1148,202107060212,2,4,2,28,1,1,1,18,0,0,0,0,1,1,1,8,1,1,0,3,0,0,0,0,0,0,0,2,0,0,0,0,0,0,0,0,0.0,0.0,90.0,80.0,40.8,1.9,0.45454545454545453,0.0,0.0,160.0,160.0,38.1,1.8,0.6875,0.0,0.0,120.0,140.0,39.3,1.8,0.375,30.0,2.0,-100.0,0.0,0.0,7,13,155.6,12.0,1009,1362,298,0.0,0.0,110.0,150.0,37.3,1.9,0.7333333333333333,0.0,0.0,160.0,160.0,43.1,5.5,0.1875,15.0,0.0,56.0,-961.0,16.0,11.0,488.0,0.36363636363636365,0.1875,0.125,0.06666666666666667,0.0625,-0.38000000000000045,0.0
1149,202107060212,0,0,0,4,2,1,1,7,0,0,0,0,0,0,0,3,1,1,1,2,0,0,0,0,0,0,0,0,0,0,0,0,0,0,0,0,0.0,0.0,16.0,13.0,37.9,1.0,0.1875,0.0,0.0,16.0,13.0,37.1,1.1,0.875,0.0,0.0,16.0,15.0,39.6,3.3,0.875,1.0,-8.0,200.0,0.0,0.15789473684210525,2,3,367.5,16.0,1541,1208,614,0.0,0.0,14.0,11.0,36.0,1.4,1.0,0.0,0.0,16.0,16.0,37.5,2.0,0.8125,0.4,0.0,55.0,-125.0,16.0,16.0,474.0,0.0625,0.0,0.0625,0.0,0.125,0.18999999999999986,0.0
1150,202107060212,8,7,10,65,2,5,3,26,0,1,0,4,4,3,4,32,0,2,2,9,0,1,0,4,0,0,0,3,0,0,0,1,0,0,0,0,0.0,0.0,60.0,70.0,36.1,1.4,1.0,0.0,0.0,40.0,160.0,38.6,2.1,0.8125,0.0,0.0,120.0,120.0,37.1,1.7,0.875,25.0,21.0,200.0,0.03896103896103896,0.24675324675324675,1,1,9.1,4.0,1576,1428,1577,0.0,0.0,60.0,50.0,36.4,0.5,0.6875,0.0,0.0,40.0,50.0,36.3,0.4,0.375,-15.0,0.0,57.0,-947.0,16.0,9.0,533.0,0.0,-0.0625,0.0,0.0,-0.0625,0.18000000000000113,0.0
1151,202107060305,3,3,3,35,2,5,8,43,0,0,0,0,0,0,2,15,0,1,2,12,0,0,0,0,0,0,0,0,0,0,0,0,0,0,0,0,,,,,,,,,,,,,,,,,,,,,,,,,0.05172413793103448,0.1896551724137931,7,10,13.6,5.0,1278,1167,625,,,,,,,,,,,,,,,,,54.0,,13.0,,,,,,,,,
1152,202107060305,0,0,0,0,9,5,5,48,0,0,0,0,0,0,0,0,2,1,1,17,0,0,0,0,0,0,0,0,0,0,0,0,0,0,0,0,,,,,,,,,,,,,,,,,,,,,,,,,0.021739130434782608,0.13043478260869565,8,12,47.3,9.0,1204,1183,1221,,,,,,,,,,,,,,,,,55.0,,13.0,,,,,,,,,
1153,202107060305,0,0,1,7,2,5,3,26,0,0,0,0,0,0,0,3,0,2,2,9,0,0,0,0,0,0,0,0,0,0,0,0,0,0,0,0,0.0,0.0,160.0,14.0,39.6,2.4,0.625,0.0,0.0,10.0,10.0,37.5,4.4,1.0,0.0,0.0,7.0,7.0,13.9,4.2,0.4444444444444444,-3.5,0.0,-500.0,0.08450704225352113,0.23943661971830985,7,11,11.4,4.0,1586,1428,1167,0.0,0.0,9.0,8.0,13.6,4.8,0.7,0.0,0.0,4.0,10.0,13.8,7.2,0.9090909090909091,-1.0,0.0,55.0,-1071.0,13.0,16.0,448.0,0.125,0.0,0.3333333333333333,-0.2,0.0,7.55,0.0
1154,202107060305,0,0,1,7,1,0,1,25,0,0,0,1,0,0,0,3,1,0,0,7,0,0,0,0,0,0,0,0,0,0,0,0,0,0,0,0,0.0,0.0,10.0,6.0,37.5,0.6,0.2,0.0,0.0,15.0,16.0,37.7,2.2,0.875,0.0,0.0,9.0,11.0,38.5,1.9,0.3333333333333333,2.5,-8.0,200.0,0.25,0.3125,2,2,6.6,3.0,1586,1170,1167,0.0,0.0,9.0,8.0,37.6,0.7,0.13333333333333333,0.0,0.0,3.0,1.0,36.5,0.0,0.26666666666666666,-1.8,0.2,54.0,-980.0,13.0,15.0,478.0,-0.06666666666666667,0.125,0.08333333333333333,0.0,0.0,0.21000000000000013,0.0
1155,202107060305,0,0,1,5,0,0,2,4,0,0,0,0,0,0,0,0,0,0,0,1,0,0,0,0,0,0,0,0,0,0,0,0,0,0,0,0,0.0,0.0,3.0,6.0,38.7,2.2,1.0,0.0,0.0,6.0,8.0,39.7,2.0,1.0,0.0,0.0,7.0,3.0,38.6,0.8,0.5714285714285714,-1.5,8.0,-500.0,0.0,0.125,3,3,113.5,11.0,1430,1686,1013,0.0,0.0,6.0,8.0,39.4,1.9,0.9230769230769231,0.0,0.0,6.0,10.0,40.5,3.3,0.8666666666666667,0.8,0.2,55.0,-881.0,13.0,9.0,494.0,-0.2222222222222222,-0.23076923076923078,0.0,-0.15384615384615385,0.06666666666666667,-0.329999999999999,0.0
1156,202107060305,1,0,1,5,2,5,8,43,0,0,0,0,0,0,0,2,0,1,2,12,0,0,0,0,0,0,0,0,0,0,0,0,0,0,0,0,0.0,0.0,140.0,130.0,35.7,1.3,0.5,0.0,0.0,120.0,130.0,35.5,1.5,1.0,0.0,0.0,10.0,10.0,40.1,0.0,0.16666666666666666,-60.0,0.0,200.0,0.0,0.0,5,7,209.7,13.0,1426,1167,306,0.0,0.0,150.0,180.0,44.5,12.4,0.4444444444444444,0.0,0.0,120.0,130.0,38.0,2.3,1.0,5.0,0.0,54.0,-623.0,13.0,14.0,432.0,0.0,0.0,-0.08333333333333333,0.16666666666666666,0.0,-1.3599999999999994,0.0
1157,202107060305,0,0,0,0,0,0,1,9,0,0,0,0,0,0,0,0,0,0,0,2,0,0,0,0,0,0,0,0,0,0,0,0,0,0,0,0,0.0,0.0,9.0,9.0,39.4,2.6,1.0,0.0,0.0,9.0,13.0,43.4,6.9,0.8461538461538461,0.0,0.0,8.0,3.0,40.3,1.3,0.9,-3.0,-24.0,-400.0,0.2,0.4,6,8,20.6,6.0,1670,1433,882,0.0,0.0,11.0,8.0,38.6,1.7,1.0,0.0,0.0,6.0,7.0,39.3,2.6,0.6923076923076923,-0.9,0.2,55.0,-155.0,13.0,13.0,430.0,-0.07692307692307693,0.15384615384615385,-0.2,0.0,0.0,0.5,0.0
1158,202107060305,0,0,0,0,2,2,0,22,0,0,0,0,0,0,0,0,0,0,0,5,0,0,0,0,0,0,0,0,0,0,0,0,0,0,0,0,0.0,0.0,9.0,10.0,39.9,2.5,0.8181818181818182,0.0,0.0,11.0,8.0,39.7,2.5,0.42857142857142855,0.0,0.0,12.0,10.0,36.4,2.5,0.16666666666666666,0.0,13.0,-200.0,0.01694915254237288,0.11864406779661017,8,13,33.5,7.0,1064,1014,1556,0.0,0.0,9.0,11.0,39.6,2.2,0.375,0.0,0.0,10.0,8.0,39.6,2.2,0.4,-0.1,0.0,55.0,-688.0,13.0,11.0,483.0,-0.09090909090909091,0.21428571428571427,0.1111111111111111,0.0,0.0,0.06999999999999958,0.0
1159,202107060305,1,0,1,14,0,0,0,2,0,0,0,0,0,0,0,2,0,0,0,2,0,0,0,0,0,0,0,0,0,0,0,0,0,0,0,0,0.0,0.0,90.0,6.0,40.8,2.1,0.8181818181818182,0.0,0.0,120.0,9.0,37.1,1.8,0.8,0.0,0.0,120.0,7.0,37.4,1.2,0.5625,0.5,4.0,-200.0,0.06060606060606061,0.06060606060606061,4,4,87.9,10.0,1036,1536,1108,0.0,0.0,140.0,11.0,36.8,1.2,0.9375,0.0,0.0,100.0,9.0,39.5,2.8,0.6923076923076923,0.8,0.0,55.0,-960.0,13.0,11.0,492.0,-0.09090909090909091,0.0,0.0,0.0,0.15384615384615385,0.28999999999999987,0.0
1160,202107060305,0,0,0,2,0,0,0,0,0,0,0,0,0,0,0,0,0,0,0,0,0,0,0,0,0,0,0,0,0,0,0,0,0,0,0,0,0.0,0.0,7.0,6.0,38.8,1.0,0.07142857142857142,0.0,0.0,12.0,15.0,41.2,3.1,0.3333333333333333,0.0,0.0,12.0,11.0,40.4,2.3,0.0625,2.5,-6.0,0.0,0.038461538461538464,0.11538461538461539,4,5,2.1,1.0,1332,293,857,0.0,0.0,4.0,4.0,39.3,1.1,0.25,0.0,0.0,8.0,6.0,38.1,0.6,0.16666666666666666,-1.1,0.0,51.0,-813.0,13.0,14.0,482.0,0.0,0.13333333333333333,0.0,-0.125,0.0,0.32999999999999974,0.0
1161,202107060305,0,0,0,0,0,0,0,0,0,0,0,0,0,0,0,0,0,0,0,0,0,0,0,0,0,0,0,0,0,0,0,0,0,0,0,0,0.0,0.0,5.0,5.0,40.4,1.6,0.14285714285714285,0.0,0.0,10.0,12.0,36.5,1.2,0.75,0.0,0.0,9.0,11.0,36.1,1.0,0.1875,3.0,-3.0,200.0,0.2777777777777778,0.5,5,6,3.8,2.0,707,671,260,0.0,0.0,8.0,18.0,39.0,3.9,0.2222222222222222,0.0,0.0,9.0,4.0,35.9,0.5,0.5,0.4,0.0,55.0,-885.0,13.0,14.0,469.0,0.0,-0.125,0.0625,-0.05555555555555555,0.0,0.65,0.0
1162,202107060305,0,0,0,0,2,2,1,10,0,0,0,0,0,0,0,0,2,2,1,1,0,0,0,0,0,0,0,0,0,0,0,0,0,0,0,0,0.0,0.0,4.0,9.0,38.1,4.9,1.0,0.0,0.0,16.0,16.0,35.9,2.1,0.9375,0.0,0.0,16.0,14.0,36.0,2.3,1.0,2.5,10.0,400.0,0.0,0.0,1,1,203.0,12.0,1204,1124,1221,0.0,0.0,12.0,12.0,40.8,3.7,0.5384615384615384,,,,,,,,0.7,0.0,51.0,-626.0,13.0,9.0,430.0,0.0,0.0,-0.0625,0.0,,-0.8199999999999988,0.0
1163,202107060305,0,0,0,0,0,0,1,11,0,0,0,0,0,0,0,0,0,0,0,2,0,0,0,0,0,0,0,0,0,0,0,0,0,0,0,0,0.0,0.0,6.0,8.0,42.1,1.3,0.16666666666666666,0.0,0.0,13.0,14.0,14.4,19.0,0.9285714285714286,0.0,0.0,13.0,12.0,38.2,3.1,0.7692307692307693,2.0,2.0,0.0,0.08928571428571429,0.19642857142857142,6,9,39.7,8.0,1204,1721,1221,0.0,0.0,13.0,11.0,37.9,1.1,0.6666666666666666,0.0,0.0,11.0,13.0,42.3,4.7,0.07692307692307693,0.7,0.0,55.0,-942.0,13.0,12.0,512.0,0.0,0.07142857142857142,0.23076923076923078,0.06666666666666667,0.15384615384615385,-2.3899999999999992,0.0
1164,202107060307,8,7,10,65,5,6,1,67,0,1,0,7,4,3,4,32,1,0,0,18,0,0,0,2,1,1,2,11,0,0,0,2,0,0,0,0,0.0,0.0,14.0,,,,0.9285714285714286,0.0,0.0,8.0,14.0,40.7,3.3,0.14285714285714285,0.0,0.0,6.0,7.0,38.0,1.7,0.38461538461538464,-7.0,0.0,-400.0,0.10810810810810811,0.2972972972972973,8,15,24.9,7.0,1576,1013,1577,0.0,0.0,7.0,4.0,37.1,0.5,0.2,0.0,0.0,6.0,4.0,38.0,0.4,0.3,-3.3,0.0,56.0,-260.0,16.0,14.0,462.0,0.07142857142857142,0.0,0.46153846153846156,0.0,-0.1,0.9000000000000007,0.0
1165,202107060307,1,0,0,6,9,5,5,48,1,0,0,1,1,0,0,2,2,1,1,17,1,0,0,1,0,0,0,1,0,0,0,2,0,0,0,1,0.0,0.0,11.0,9.0,37.8,1.4,0.8181818181818182,0.0,0.0,14.0,9.0,37.1,1.1,0.625,0.0,0.0,14.0,9.0,36.1,1.1,0.75,0.0,-2.0,200.0,0.0,0.1,6,12,118.9,14.0,1548,1183,1328,0.0,0.0,11.0,13.0,36.9,1.7,0.9333333333333333,0.0,0.0,9.0,12.0,37.5,1.5,0.4375,1.0,0.0,52.0,-736.0,16.0,11.0,426.0,0.0,-0.0625,0.0,0.0,0.1875,0.07999999999999971,0.0
1166,202107060307,4,3,0,30,0,0,0,0,0,0,0,0,0,1,0,8,0,0,0,0,0,0,0,0,0,0,0,4,0,0,0,0,0,0,0,0,0.0,0.0,50.0,2.0,35.4,0.0,0.9375,0.0,0.0,90.0,13.0,41.2,2.9,0.375,0.0,0.0,60.0,11.0,37.4,1.0,0.4375,4.5,4.0,0.0,0.017241379310344827,0.10344827586206896,5,9,8.9,5.0,1561,223,1263,0.0,0.0,60.0,5.0,37.3,1.3,0.75,0.0,0.0,50.0,5.0,40.9,2.5,0.5,-0.2,0.2,56.0,13.0,16.0,16.0,470.0,0.0625,0.1875,0.0625,-0.0625,-0.1,-0.7099999999999994,0.0
1167,202107060307,1,0,0,1,0,0,0,0,0,0,0,0,0,0,0,0,0,0,0,0,0,0,0,0,0,0,0,0,0,0,0,0,0,0,0,0,0.0,0.0,4.0,9.0,42.0,1.8,0.5,0.0,0.0,8.0,16.0,44.8,8.5,0.625,0.0,0.0,4.0,13.0,37.2,0.9,0.13333333333333333,2.0,-3.0,0.0,0.26666666666666666,0.3333333333333333,8,16,2.1,1.0,1463,258,1167,0.0,0.0,7.0,5.0,37.0,0.4,0.6428571428571429,0.0,0.0,8.0,13.0,35.4,1.1,0.3333333333333333,-0.3,0.0,56.0,-959.0,16.0,12.0,521.0,0.3333333333333333,0.25,0.0,0.0,0.13333333333333333,2.1,0.0
1168,202107060307,0,1,1,1,0,1,1,1,0,0,1,0,0,1,1,0,0,0,1,0,0,0,1,0,0,0,1,0,0,0,1,0,0,0,1,0,0.0,0.0,70.0,2.0,36.6,0.3,0.9333333333333333,0.0,0.0,60.0,5.0,37.7,0.5,0.625,0.0,0.0,130.0,10.0,36.3,0.7,0.1111111111111111,4.0,-8.0,0.0,0.08571428571428572,0.24285714285714285,4,8,15.2,6.0,123,880,334,0.0,0.0,10.0,7.0,37.7,1.9,0.8666666666666667,0.0,0.0,20.0,6.0,40.0,1.9,0.4666666666666667,1.0,0.2,55.0,-30.0,16.0,15.0,454.0,-0.06666666666666667,0.0,0.0,-0.06666666666666667,0.0,-0.6799999999999997,0.0
1169,202107060307,0,0,0,0,0,0,0,0,0,0,0,0,0,0,0,0,0,0,0,0,0,0,0,0,0,0,0,0,0,0,0,0,0,0,0,0,0.0,0.0,20.0,14.0,40.9,5.0,0.6666666666666666,0.0,0.0,30.0,1.0,38.4,0.0,0.13333333333333333,0.0,0.0,60.0,3.0,38.4,0.2,0.06666666666666667,-5.5,8.0,-400.0,0.0625,0.1875,5,10,32.2,9.0,217,945,556,0.0,0.0,120.0,5.0,38.3,2.0,0.4375,,,,,,,,-2.5,0.5,55.0,97.0,16.0,15.0,566.0,0.2,0.0,0.0,0.0625,,0.7800000000000005,0.0
1170,202107060307,1,1,1,9,0,0,0,1,0,0,0,1,0,1,1,2,0,0,0,0,0,0,0,0,0,1,1,0,0,0,0,0,0,0,0,0,0.0,0.0,5.0,6.0,34.9,1.0,0.8125,0.0,0.0,4.0,1.0,36.3,0.0,1.0,0.0,0.0,1.0,1.0,36.9,0.0,0.6875,-2.5,-6.0,0.0,0.0,0.3333333333333333,6,11,5.3,2.0,1642,672,1124,0.0,0.0,3.0,2.0,37.0,0.1,0.9375,0.0,0.0,2.0,2.0,37.1,0.1,0.6875,-0.7000000000000001,0.8,54.0,-155.0,16.0,16.0,512.0,0.0625,0.0,-0.1875,0.0,0.0,-0.5100000000000009,0.0
1171,202107060307,3,1,2,29,0,5,2,41,0,0,0,0,0,0,1,8,0,1,0,9,0,0,0,0,0,0,0,4,0,1,0,4,0,0,0,0,0.0,0.0,13.0,15.0,39.5,2.7,0.25,0.0,0.0,3.0,4.0,37.4,0.5,0.1,0.0,0.0,3.0,1.0,35.6,0.0,0.09090909090909091,-7.0,0.0,0.0,0.29411764705882354,0.5294117647058824,1,1,7.9,3.0,1403,1235,939,0.0,0.0,3.0,3.0,38.0,0.3,0.09090909090909091,0.0,0.0,5.0,8.0,38.0,1.0,0.2,-1.5000000000000002,0.4,54.0,-302.0,16.0,16.0,534.0,0.0,0.0,0.0,0.0,0.0,0.23999999999999985,0.0
1172,202107060307,1,0,0,1,0,0,0,0,0,0,0,0,0,0,0,0,0,0,0,0,0,0,0,0,0,0,0,0,0,0,0,0,0,0,0,0,0.0,0.0,9.0,9.0,39.1,1.4,0.4166666666666667,0.0,0.0,13.0,11.0,36.2,1.3,0.6428571428571429,0.0,0.0,13.0,8.0,34.3,0.6,0.8461538461538461,-0.5,24.0,200.0,0.05263157894736842,0.19298245614035087,3,5,101.9,13.0,1463,1390,1167,0.0,0.0,11.0,9.0,38.1,1.9,0.75,0.0,0.0,15.0,7.0,38.6,1.2,0.5,-0.6,0.0,55.0,-952.0,16.0,12.0,520.0,-0.08333333333333333,0.07142857142857142,0.0,-0.08333333333333333,0.125,-0.08999999999999986,0.0
1173,202107060307,0,1,0,11,2,0,6,35,0,0,0,1,0,0,0,2,0,0,2,12,0,0,0,0,0,0,0,0,0,0,1,7,0,0,0,0,0.0,0.0,10.0,8.0,41.1,4.5,0.9,0.0,0.0,6.0,6.0,37.8,1.8,0.2,0.0,0.0,10.0,7.0,34.8,0.8,0.9090909090909091,-0.5,1.0,0.0,0.0,0.14285714285714285,7,14,58.2,11.0,1042,1345,488,0.0,0.0,9.0,6.0,37.1,1.0,0.75,0.0,0.0,11.0,7.0,36.1,1.0,0.9375,-0.2,0.0,57.0,-837.0,16.0,10.0,477.0,-0.1,0.0,-0.18181818181818182,-0.125,-0.125,1.0699999999999996,0.0
1174,202107060307,10,6,4,39,1,1,0,10,0,0,0,0,5,3,2,15,0,0,0,3,0,0,0,0,3,1,1,3,0,0,0,1,0,0,0,0,0.0,0.0,2.0,4.0,41.5,1.3,0.8571428571428571,0.0,0.0,6.0,9.0,35.9,1.1,0.75,0.0,0.0,16.0,4.0,36.9,0.4,0.5625,0.0,17.0,-100.0,0.06896551724137931,0.3103448275862069,1,2,8.7,4.0,1716,1438,1167,0.0,0.0,12.0,13.0,37.5,1.9,0.75,0.0,0.0,13.0,11.0,36.7,1.3,0.8125,1.8,0.0,57.0,-933.0,16.0,7.0,513.0,-0.42857142857142855,0.0,0.0,0.0,-0.0625,0.7999999999999993,0.0
1175,202107060307,1,2,0,27,6,4,8,59,0,1,0,4,1,0,0,5,1,1,4,18,0,0,0,0,1,0,0,0,1,0,2,7,0,0,0,0,0.0,0.0,70.0,5.0,37.5,1.0,0.875,0.0,0.0,150.0,12.0,38.3,1.4,0.75,0.0,0.0,130.0,6.0,37.8,1.6,0.8125,0.5,22.0,0.0,0.0,0.16666666666666666,3,6,184.0,15.0,1581,1559,1167,0.0,0.0,150.0,15.0,43.2,10.3,1.0,0.0,0.0,120.0,12.0,44.1,8.4,1.0,1.7,0.0,54.0,-936.0,16.0,8.0,490.0,-0.25,0.0,-0.3125,0.0,0.0,-1.810000000000001,0.0
1176,202107060307,0,0,0,0,0,0,0,4,0,0,0,0,0,0,0,0,0,0,0,1,0,0,0,0,0,0,0,0,0,0,0,0,0,0,0,0,0.0,0.0,7.0,7.0,37.3,2.7,1.0,0.0,0.0,11.0,10.0,38.9,2.0,0.45454545454545453,0.0,0.0,12.0,15.0,37.7,2.5,0.9375,4.0,0.0,-600.0,0.022222222222222223,0.13333333333333333,2,4,91.4,12.0,1241,1543,1556,0.0,0.0,10.0,8.0,33.9,1.4,0.36363636363636365,0.0,0.0,11.0,8.0,37.4,1.5,0.6153846153846154,0.0,0.0,57.0,-785.0,16.0,7.0,512.0,0.0,0.0,0.0,0.09090909090909091,0.07692307692307693,0.4799999999999997,0.0
1177,202107060307,0,0,0,1,4,6,9,67,0,0,0,0,0,0,0,0,1,1,2,15,0,0,0,0,0,0,0,0,1,0,0,3,0,0,0,0,0.0,0.0,70.0,70.0,37.6,2.3,1.0,0.0,0.0,160.0,140.0,38.4,2.3,0.5625,0.0,0.0,130.0,110.0,37.4,1.1,0.8,20.0,16.0,0.0,0.04,0.12,4,7,53.1,10.0,1672,1558,1167,0.0,0.0,120.0,100.0,37.4,1.2,0.7333333333333333,0.0,0.0,140.0,60.0,38.2,0.9,0.8125,-6.0,0.0,53.0,-954.0,16.0,7.0,460.0,0.0,0.0625,0.0,0.06666666666666667,0.0,-0.020000000000000285,0.0
1178,202107060307,0,2,0,5,5,6,1,67,0,0,0,0,0,1,0,2,1,0,0,18,0,0,0,0,0,1,0,0,0,0,0,2,0,0,0,0,0.0,0.0,14.0,16.0,41.7,4.7,0.125,0.0,0.0,10.0,15.0,36.3,1.6,0.375,0.0,0.0,8.0,15.0,39.1,2.2,0.75,-0.5,-4.0,-400.0,0.2222222222222222,0.4444444444444444,2,3,25.8,8.0,1098,1013,1294,0.0,0.0,11.0,8.0,34.4,0.3,0.7333333333333333,0.0,0.0,6.0,10.0,35.1,1.3,0.38461538461538464,-1.9,0.0,57.0,-490.0,16.0,16.0,482.0,0.4375,-0.125,0.0,-0.2,0.0,1.5100000000000002,0.0
1179,202107060307,0,0,0,1,1,1,1,2,0,0,0,0,0,0,0,0,0,0,0,0,0,0,0,0,0,0,0,0,0,0,0,0,0,0,0,0,0.0,0.0,12.0,8.0,40.9,2.4,0.9166666666666666,0.0,0.0,16.0,16.0,41.0,2.7,0.125,0.0,0.0,13.0,16.0,38.5,3.3,1.0,4.0,25.0,-300.0,,,7,13,582.1,16.0,1672,1240,1167,0.0,0.0,4.0,15.0,39.6,3.1,0.6875,0.0,0.0,5.0,14.0,37.3,1.4,0.21428571428571427,1.1,0.0,54.0,-958.0,16.0,12.0,499.0,-0.08333333333333333,0.0,0.0,0.0625,-0.07142857142857142,0.8600000000000001,0.0
1180,202107060402,0,0,0,0,0,0,0,5,0,0,0,0,0,0,0,0,0,0,0,2,0,0,0,0,0,0,0,0,0,0,0,0,0,0,0,0,0.0,0.0,40.0,30.0,39.1,0.5,0.5833333333333334,0.0,0.0,120.0,60.0,37.0,2.4,0.6666666666666666,0.0,0.0,140.0,60.0,38.1,1.3,0.875,15.0,-3.0,200.0,0.0,0.18181818181818182,6,11,59.0,12.0,321,548,882,0.0,0.0,140.0,140.0,38.2,2.8,0.875,0.0,0.0,90.0,110.0,37.5,1.0,0.6666666666666666,24.0,0.0,52.0,-949.0,16.0,12.0,495.0,0.16666666666666666,0.0,0.0625,0.0625,0.13333333333333333,0.2,0.0
1181,202107060402,0,0,0,0,0,0,0,0,0,0,0,0,0,0,0,0,0,0,0,0,0,0,0,0,0,0,0,0,0,0,0,0,0,0,0,0,0.0,0.0,7.0,13.0,40.3,2.6,0.0625,0.0,0.0,1.0,1.0,37.3,0.0,0.13333333333333333,0.0,0.0,3.0,3.0,36.7,0.6,0.1875,-5.0,-8.0,200.0,0.057971014492753624,0.15942028985507245,6,12,2.4,1.0,321,950,882,0.0,0.0,2.0,2.0,36.7,0.1,0.1875,0.0,0.0,1.0,2.0,36.5,0.7,0.125,-2.1,0.8,54.0,-910.0,16.0,16.0,498.0,0.0625,0.0,0.0,0.0,0.0,0.8199999999999988,0.0
1182,202107060402,10,6,4,39,4,2,1,43,0,0,0,1,5,3,2,15,1,2,1,13,0,0,0,1,2,0,0,3,0,2,0,5,0,0,0,0,0.0,0.0,12.0,9.0,39.1,2.2,0.5384615384615384,0.0,0.0,10.0,9.0,36.3,1.8,0.3,0.0,0.0,15.0,15.0,34.5,1.3,0.625,3.0,-6.0,-400.0,0.0,0.25,3,6,15.0,4.0,1716,1405,1167,0.0,0.0,11.0,8.0,37.4,1.0,0.5,0.0,0.0,11.0,6.0,37.6,1.1,0.4666666666666667,-0.7,0.0,52.0,-1022.0,16.0,13.0,512.0,0.0,0.1,0.0,-0.07142857142857142,-0.2,0.18999999999999986,0.0
1183,202107060402,0,0,0,0,0,0,0,6,0,0,0,0,0,0,0,0,0,0,0,5,0,0,0,0,0,0,0,0,0,0,0,3,0,0,0,0,0.0,0.0,1.0,7.0,36.8,1.2,0.5333333333333333,0.0,0.0,3.0,2.0,37.3,0.7,0.6363636363636364,0.0,0.0,9.0,5.0,36.4,0.7,0.5625,-1.0,-2.0,200.0,0.0,0.0,7,13,160.3,13.0,1064,1541,1556,0.0,0.0,3.0,6.0,36.7,0.7,0.6875,0.0,0.0,6.0,6.0,35.3,0.6,0.14285714285714285,0.2,0.2,55.0,-889.0,16.0,15.0,500.0,0.0,-0.18181818181818182,0.0,-0.0625,0.07142857142857142,0.35999999999999943,0.0
1184,202107060402,2,2,2,30,0,0,0,0,0,0,0,0,0,0,0,3,0,0,0,0,0,0,0,0,0,0,0,0,0,0,0,0,0,0,0,0,0.0,0.0,8.0,1.0,36.3,0.0,0.38461538461538464,0.0,0.0,8.0,14.0,37.7,2.3,0.9375,0.0,0.0,11.0,8.0,37.7,1.1,0.5333333333333333,3.5,-8.0,250.0,0.08108108108108109,0.22972972972972974,5,9,46.8,10.0,1503,803,1263,0.0,0.0,10.0,10.0,37.4,2.1,0.38461538461538464,0.0,0.0,8.0,13.0,36.8,1.0,0.875,2.0,0.2,55.0,-496.0,16.0,13.0,440.0,0.0,0.0625,0.06666666666666667,0.0,0.0,-0.06999999999999958,0.0
1185,202107060402,0,0,0,0,9,2,7,87,0,0,0,0,0,0,0,0,0,0,2,23,0,0,0,0,0,0,0,0,0,0,0,9,0,0,0,0,0.0,0.0,3.0,5.0,41.0,1.3,0.25,0.0,0.0,13.0,11.0,39.4,3.1,0.375,0.0,0.0,3.0,13.0,38.6,2.0,0.6428571428571429,4.0,7.0,-300.0,0.08333333333333333,0.25,3,5,19.0,6.0,1270,1263,969,0.0,0.0,3.0,8.0,39.1,2.2,0.36363636363636365,0.0,0.0,1.0,5.0,37.9,0.4,0.375,-0.3,0.0,55.0,-1012.0,16.0,12.0,465.0,0.08333333333333333,0.3125,0.14285714285714285,0.18181818181818182,0.125,0.65,0.0
1186,202107060402,2,2,7,36,9,5,5,48,0,0,0,1,1,0,2,9,2,1,1,17,0,0,0,0,0,0,1,3,1,0,0,8,0,0,0,0,0.0,0.0,2.0,5.0,38.0,1.5,0.3125,0.0,0.0,2.0,2.0,37.9,0.1,0.25,0.0,0.0,7.0,7.0,39.8,1.0,0.125,1.0,2.0,200.0,0.022222222222222223,0.15555555555555556,4,8,19.8,7.0,1127,1183,1328,0.0,0.0,7.0,4.0,37.1,1.8,0.8181818181818182,,,,,,,,0.2,0.25,53.0,-132.0,16.0,16.0,444.0,-0.0625,-0.0625,-0.0625,0.0,,0.07999999999999971,0.0
1187,202107060402,8,7,10,65,4,1,1,14,0,0,0,0,4,3,4,32,2,1,0,3,0,0,0,0,3,1,1,9,1,0,0,1,0,0,0,0,0.0,0.0,40.0,110.0,42.0,3.2,0.36363636363636365,0.0,0.0,20.0,150.0,45.2,10.6,0.9333333333333333,0.0,0.0,10.0,50.0,37.4,0.4,0.3125,-30.0,14.0,-100.0,0.0975609756097561,0.21951219512195122,7,14,30.9,8.0,1576,1393,1577,0.0,0.0,10.0,20.0,36.7,0.4,0.13333333333333333,0.0,0.0,10.0,20.0,37.6,0.9,0.2857142857142857,-31.0,0.0,54.0,-718.0,16.0,11.0,478.0,0.2727272727272727,0.0,0.0,0.0,-0.14285714285714285,1.7299999999999998,0.0
1188,202107060402,0,2,0,8,0,5,2,41,0,0,0,0,0,1,0,1,0,1,0,9,0,0,0,0,0,0,0,1,0,0,0,3,0,0,0,0,0.0,0.0,90.0,15.0,38.4,1.4,0.625,0.0,0.0,10.0,11.0,38.5,2.4,0.5384615384615384,0.0,0.0,2.0,5.0,36.7,0.9,0.3333333333333333,-5.0,2.0,200.0,0.058823529411764705,0.17647058823529413,1,1,9.8,3.0,1677,1235,1167,0.0,0.0,3.0,4.0,35.5,0.3,0.6666666666666666,0.0,0.0,7.0,4.0,36.9,0.3,0.5384615384615384,-2.9,0.0,54.0,-1112.0,16.0,16.0,532.0,-0.0625,0.0,0.0,0.08333333333333333,0.0,0.6,0.0
1189,202107060402,1,0,1,10,1,2,2,15,0,0,0,0,0,0,0,3,1,0,1,8,0,0,0,0,0,0,0,2,0,0,1,6,0,0,0,0,0.0,0.0,10.0,2.0,37.5,0.4,0.25,0.0,0.0,20.0,5.0,38.3,0.5,0.08333333333333333,0.0,0.0,10.0,3.0,39.3,0.5,0.125,0.5,2.0,0.0,0.041666666666666664,0.16666666666666666,5,10,3.1,2.0,1169,1228,460,0.0,0.0,10.0,2.0,40.2,0.1,0.125,0.0,0.0,50.0,3.0,40.6,2.7,0.06666666666666667,-0.1,0.8,55.0,29.0,16.0,16.0,498.0,-0.125,0.0,-0.0625,-0.0625,0.0,-0.8100000000000008,0.0
1190,202107060402,0,0,0,4,0,0,0,7,0,0,0,0,0,0,0,1,0,0,0,2,0,0,0,0,0,0,0,1,0,0,0,0,0,0,0,0,0.0,0.0,9.0,10.0,40.7,1.4,0.4166666666666667,0.0,0.0,9.0,12.0,38.0,1.7,0.6875,0.0,0.0,11.0,6.0,38.0,0.9,0.5,-2.0,33.0,-100.0,0.043478260869565216,0.21739130434782608,8,16,295.4,15.0,1175,1313,882,0.0,0.0,15.0,11.0,39.5,1.9,0.6875,0.0,0.0,15.0,9.0,39.0,1.5,0.5,-0.3,0.0,54.0,-899.0,16.0,12.0,439.0,0.16666666666666666,0.0,0.0625,0.125,0.0,0.19000000000000056,0.0
1191,202107060402,8,7,10,65,5,7,5,56,0,1,0,3,4,3,4,32,2,1,3,19,0,0,0,0,3,1,1,9,1,0,2,6,0,0,0,0,0.0,0.0,4.0,7.0,40.5,2.9,0.8,0.0,0.0,3.0,5.0,38.3,1.0,0.3333333333333333,0.0,0.0,1.0,5.0,38.5,0.4,0.21428571428571427,-1.0,19.0,0.0,0.06779661016949153,0.2033898305084746,2,4,43.9,9.0,1576,1556,1577,0.0,0.0,6.0,2.0,36.7,0.0,0.13333333333333333,0.0,0.0,4.0,7.0,39.2,2.0,0.1875,-0.3,0.2,54.0,-877.0,16.0,10.0,517.0,0.1,-0.06666666666666667,0.0,0.0,0.0,0.4199999999999989,0.0
1192,202107060402,0,0,0,1,2,0,6,35,0,0,0,0,0,0,0,1,0,0,2,12,0,0,0,0,0,0,0,0,0,0,1,3,0,0,0,0,0.0,0.0,80.0,70.0,40.0,1.1,0.75,0.0,0.0,60.0,80.0,39.6,1.4,0.3076923076923077,0.0,0.0,30.0,40.0,39.5,1.7,0.5714285714285714,-15.0,4.0,-300.0,0.1,0.1,8,15,50.4,11.0,1729,1345,1428,0.0,0.0,60.0,30.0,37.7,1.0,0.5,0.0,0.0,10.0,60.0,39.2,0.9,0.5,-7.0,0.0,55.0,-955.0,16.0,8.0,452.0,0.125,0.3076923076923077,-0.21428571428571427,-0.07142857142857142,-0.07142857142857142,0.3499999999999993,0.0
1193,202107060402,1,0,0,6,0,0,0,0,0,0,0,0,1,0,0,2,0,0,0,0,0,0,0,0,1,0,0,1,0,0,0,0,0,0,0,0,0.0,0.0,90.0,80.0,41.3,1.7,0.2,0.0,0.0,160.0,120.0,41.6,3.8,0.375,0.0,0.0,110.0,100.0,38.6,2.8,0.8333333333333334,10.0,18.0,-200.0,0.0,0.0,1,2,193.2,14.0,1548,1480,1328,0.0,0.0,140.0,140.0,40.0,2.3,0.6875,0.0,0.0,140.0,110.0,35.9,1.6,0.1875,8.0,0.0,54.0,-950.0,16.0,10.0,434.0,0.2,0.1875,0.08333333333333333,0.0,0.0,1.2399999999999998,0.0
1194,202107060402,0,0,0,0,0,0,0,0,0,0,0,0,0,0,0,0,0,0,0,0,0,0,0,0,0,0,0,0,0,0,0,0,0,0,0,0,0.0,0.0,3.0,5.0,39.9,2.2,0.2,0.0,0.0,12.0,9.0,36.3,1.3,0.5833333333333334,0.0,0.0,11.0,6.0,35.2,0.6,0.7272727272727273,0.5,2.0,170.0,0.037037037037037035,0.1111111111111111,4,7,16.1,5.0,562,404,882,0.0,0.0,12.0,13.0,35.3,1.2,0.6923076923076923,0.0,0.0,12.0,10.0,37.8,1.5,0.3125,1.4,0.0,51.0,-1018.0,16.0,5.0,428.0,0.4,-0.16666666666666666,0.0,0.0,0.1875,0.5200000000000002,0.0
1195,202107060402,3,6,5,28,0,0,0,0,0,0,0,0,0,1,1,8,0,0,0,0,0,0,0,0,0,1,1,4,0,0,0,0,0,0,0,0,0.0,0.0,8.0,7.0,40.5,1.9,0.5,0.0,0.0,16.0,16.0,41.8,4.6,1.0,0.0,0.0,11.0,10.0,41.8,5.8,0.8181818181818182,1.5,2.0,-100.0,0.02127659574468085,0.14893617021276595,2,3,423.4,16.0,1304,941,1503,0.0,0.0,11.0,9.0,39.7,2.2,0.6923076923076923,,,,,,,,0.0,0.0,54.0,-306.0,16.0,12.0,444.0,0.16666666666666666,0.0,0.18181818181818182,-0.07692307692307693,,0.23999999999999916,0.0
1196,202107060405,10,6,4,39,5,6,1,67,0,1,0,3,5,3,2,15,1,0,0,18,0,0,0,2,3,1,1,3,0,0,0,2,0,0,0,0,0.0,0.0,70.0,10.0,38.1,2.4,0.3333333333333333,0.0,0.0,120.0,11.0,35.3,1.5,0.3076923076923077,0.0,0.0,70.0,2.0,36.0,0.2,0.23076923076923078,-4.0,7.0,-200.0,0.04,0.16,3,6,6.2,4.0,1716,1013,1167,0.0,0.0,,,,,,0.0,0.0,110.0,11.0,35.6,1.2,0.5714285714285714,-0.6,0.25,56.0,-952.0,16.0,12.0,481.0,0.3333333333333333,0.0,0.0,,0.07142857142857142,0.6799999999999997,0.0
1197,202107060405,3,3,3,35,0,0,0,0,0,0,0,0,0,0,2,15,0,0,0,0,0,0,0,0,0,0,2,9,0,0,0,0,0,0,0,0,0.0,0.0,9.0,9.0,43.5,3.1,0.6666666666666666,0.0,0.0,2.0,6.0,37.3,0.9,0.25,0.0,0.0,2.0,3.0,36.4,0.5,0.26666666666666666,-3.0,19.0,-100.0,0.05714285714285714,0.17142857142857143,1,1,7.9,5.0,1278,779,625,0.0,0.0,3.0,4.0,36.0,0.1,0.26666666666666666,0.0,0.0,6.0,5.0,36.5,0.5,0.6875,-1.0,0.2,56.0,-876.0,16.0,12.0,543.0,0.3333333333333333,-0.0625,-0.06666666666666667,0.13333333333333333,0.0,1.5299999999999998,0.0
1198,202107060405,5,9,7,47,0,0,2,4,0,0,0,0,3,3,3,19,0,0,0,1,0,0,0,0,1,1,1,9,0,0,0,1,0,0,0,0,0.0,0.0,150.0,11.0,37.3,1.4,0.75,0.0,0.0,16.0,14.0,36.9,1.8,0.5625,0.0,0.0,15.0,14.0,38.3,1.5,0.1875,1.5,0.0,200.0,0.021739130434782608,0.15217391304347827,8,16,5.1,3.0,1172,1686,1556,0.0,0.0,8.0,10.0,38.2,1.4,0.2857142857142857,0.0,0.0,4.0,6.0,36.9,0.4,0.4375,-1.4,0.0,56.0,-1077.0,16.0,16.0,496.0,0.0625,0.0625,0.0,0.0,0.0625,-0.05000000000000071,0.0
1199,202107060405,0,0,0,2,1,0,1,23,0,0,0,0,0,0,0,1,1,0,0,7,0,0,0,0,0,0,0,0,0,0,0,3,0,0,0,0,0.0,0.0,120.0,11.0,40.4,9.7,1.0,0.0,0.0,150.0,11.0,39.4,2.5,0.9333333333333333,0.0,0.0,100.0,10.0,39.8,2.0,0.7692307692307693,-0.5,1.0,0.0,0.0,0.0,7,13,36.7,10.0,1279,1221,1079,0.0,0.0,130.0,13.0,36.5,1.8,0.875,0.0,0.0,50.0,12.0,37.8,1.6,0.75,0.4,0.0,57.0,-692.0,16.0,12.0,523.0,-0.08333333333333333,-0.2,-0.07692307692307693,-0.0625,-0.1875,0.8100000000000002,0.0
1200,202107060405,8,7,10,65,9,5,5,48,0,0,0,2,4,3,4,32,2,1,1,17,0,0,0,2,1,1,2,11,0,0,0,2,0,0,0,0,0.0,0.0,2.0,2.0,39.6,0.7,0.6,0.0,0.0,13.0,16.0,39.2,3.4,0.8125,0.0,0.0,12.0,4.0,38.1,0.5,0.125,1.0,3.0,-200.0,0.0,0.27586206896551724,6,12,36.6,9.0,1576,1183,1577,0.0,0.0,8.0,11.0,38.2,1.1,0.375,0.0,0.0,7.0,8.0,37.3,0.9,0.375,0.7,0.2,52.0,-401.0,16.0,10.0,455.0,-0.4,0.0,0.0,0.0,-0.0625,0.5600000000000008,0.0
1201,202107060405,1,0,1,10,1,0,1,23,0,0,0,0,0,0,0,4,1,0,0,7,0,0,0,0,0,0,0,2,0,0,0,3,0,0,0,0,0.0,0.0,90.0,4.0,36.2,0.5,0.8125,0.0,0.0,140.0,13.0,38.0,1.6,0.625,0.0,0.0,70.0,6.0,37.4,1.2,0.5625,1.0,-6.0,0.0,0.0,0.0,4,8,24.5,7.0,1447,1221,1721,0.0,0.0,100.0,7.0,37.2,1.4,0.7857142857142857,0.0,0.0,90.0,5.0,37.5,1.3,0.4,-0.4,0.0,57.0,-104.0,16.0,16.0,520.0,0.0625,0.0,0.0,0.0,0.0,-0.17999999999999972,0.0
1202,202107060405,0,0,0,4,0,0,1,1,0,0,0,0,0,0,0,1,0,0,0,0,0,0,0,0,0,0,0,1,0,0,0,0,0,0,0,0,0.0,0.0,15.0,11.0,37.1,2.3,0.9375,0.0,0.0,9.0,11.0,36.3,0.6,0.3125,0.0,0.0,8.0,3.0,35.6,0.7,0.25,-4.0,-4.0,200.0,0.1,0.1,3,5,40.2,11.0,1310,1251,1618,0.0,0.0,10.0,10.0,38.6,2.0,0.35714285714285715,0.0,0.0,4.0,10.0,37.4,0.7,0.6875,-0.3,0.2,50.0,-342.0,16.0,16.0,480.0,0.0,0.0,-0.08333333333333333,0.07142857142857142,0.0625,-0.28999999999999987,0.0
1203,202107060405,0,0,2,29,0,1,1,3,0,0,0,0,0,0,0,8,0,0,0,0,0,0,0,0,0,0,0,0,0,0,0,0,0,0,0,0,0.0,0.0,7.0,,,,0.9166666666666666,0.0,0.0,5.0,7.0,36.8,1.1,0.46153846153846156,0.0,0.0,1.0,1.0,37.2,0.0,0.3076923076923077,-6.0,-9.0,0.0,0.08,0.22666666666666666,4,7,5.0,2.0,1736,1430,1482,0.0,0.0,8.0,3.0,39.4,0.4,0.13333333333333333,0.0,0.0,9.0,11.0,37.7,1.1,0.4375,1.4,0.5,56.0,-637.0,16.0,12.0,501.0,0.08333333333333333,0.0,-0.07692307692307693,-0.06666666666666667,0.0,-0.49000000000000127,0.0
1204,202107060405,4,3,6,43,9,5,5,48,0,1,1,5,1,0,1,8,2,1,1,17,0,0,0,0,0,0,0,3,0,0,0,2,0,0,0,0,0.0,0.0,7.0,7.0,39.7,1.9,0.6363636363636364,0.0,0.0,8.0,9.0,41.9,2.1,0.7333333333333333,0.0,0.0,11.0,4.0,39.5,1.0,0.46153846153846156,-1.5,3.0,100.0,0.09523809523809523,0.21428571428571427,5,10,35.6,8.0,1691,1183,1167,0.0,0.0,10.0,9.0,39.4,1.8,0.9230769230769231,0.0,0.0,9.0,12.0,40.7,2.8,0.6,1.0,0.0,54.0,-945.0,16.0,11.0,475.0,0.0,-0.4666666666666667,-0.38461538461538464,0.07692307692307693,0.06666666666666667,0.05,0.0
1205,202107060405,0,0,0,4,4,6,9,67,0,0,0,1,0,0,0,0,1,1,2,15,0,0,0,0,0,0,0,0,1,0,0,3,0,0,0,0,0.0,0.0,14.0,10.0,37.4,1.6,0.875,0.0,0.0,16.0,9.0,36.5,0.9,0.8125,0.0,0.0,12.0,5.0,37.1,1.3,0.8461538461538461,-2.5,-2.0,0.0,0.037037037037037035,0.14814814814814814,8,15,77.4,14.0,1554,1558,322,0.0,0.0,13.0,16.0,38.8,1.9,0.3125,0.0,0.0,6.0,11.0,37.4,0.9,0.42857142857142855,0.9,0.0,53.0,0.0,16.0,16.0,474.0,0.0,0.0,-0.07692307692307693,-0.0625,0.07142857142857142,-0.2299999999999997,0.0
1206,202107060405,0,0,1,2,2,5,3,26,0,0,0,0,0,0,0,2,0,2,2,9,0,0,0,0,0,0,0,0,0,1,1,2,0,0,0,0,0.0,0.0,7.0,3.0,39.5,0.9,0.5833333333333334,0.0,0.0,12.0,11.0,37.4,1.6,0.875,0.0,0.0,13.0,11.0,38.2,2.1,0.9375,4.0,-9.0,0.0,0.06666666666666667,0.2,5,9,64.5,12.0,1721,1428,980,0.0,0.0,12.0,11.0,39.7,1.8,0.75,0.0,0.0,13.0,11.0,37.5,1.3,0.7333333333333333,1.6,0.2,56.0,-831.0,16.0,12.0,491.0,-0.16666666666666666,0.0,0.0,-0.125,0.06666666666666667,0.16999999999999957,0.0
1207,202107060405,2,4,2,21,0,0,0,0,0,0,0,0,0,0,0,3,0,0,0,0,0,0,0,0,0,0,0,3,0,0,0,0,0,0,0,0,0.0,0.0,9.0,11.0,41.8,2.6,0.08333333333333333,0.0,0.0,14.0,14.0,38.8,1.5,0.125,0.0,0.0,10.0,12.0,52.0,14.2,0.08333333333333333,0.5,26.0,-400.0,0.0821917808219178,0.2465753424657534,2,4,3.7,1.0,1152,272,1428,0.0,0.0,14.0,15.0,39.6,2.3,0.1875,0.0,0.0,1.0,1.0,39.2,0.0,0.1,-1.9,0.2,54.0,-332.0,16.0,12.0,498.0,0.25,0.0,0.8333333333333334,0.0625,0.0,0.43999999999999845,0.0
1208,202107060405,2,4,2,21,0,0,0,1,0,0,0,1,0,0,0,3,0,0,0,0,0,0,0,0,0,0,0,3,0,0,0,0,0,0,0,0,0.0,0.0,14.0,10.0,35.3,1.2,0.29411764705882354,0.0,0.0,9.0,12.0,36.5,0.5,0.2777777777777778,0.0,0.0,10.0,6.0,35.7,0.6,0.35714285714285715,-2.0,6.0,-200.0,0.0,0.07894736842105263,6,11,9.3,6.0,1152,484,1428,0.0,0.0,10.0,7.0,39.1,2.5,0.45454545454545453,0.0,0.0,15.0,13.0,35.8,0.7,0.6111111111111112,0.1,0.0,55.0,-448.0,16.0,17.0,460.0,0.058823529411764705,0.0,0.0,0.0,-0.05555555555555555,-0.36000000000000015,0.0
1209,202107060405,3,6,5,28,2,5,8,43,0,0,0,0,0,1,1,8,0,1,2,12,0,0,0,0,0,0,0,4,0,1,0,4,0,0,0,0,0.0,0.0,10.0,10.0,37.5,2.6,1.0,0.0,0.0,15.0,14.0,38.2,2.2,0.6875,0.0,0.0,12.0,16.0,34.8,1.5,0.6666666666666666,3.0,1.0,200.0,0.09523809523809523,0.09523809523809523,1,2,230.4,15.0,1304,1167,1503,0.0,0.0,12.0,9.0,35.5,0.9,0.2857142857142857,0.0,0.0,12.0,9.0,37.4,0.5,0.8666666666666667,-0.7,0.0,55.0,-659.0,16.0,10.0,469.0,-0.1,0.0,0.1111111111111111,-0.07142857142857142,0.0,0.2900000000000006,0.0
1210,202107060405,0,1,1,18,0,0,2,4,0,0,0,0,0,1,1,7,0,0,0,1,0,0,0,0,0,0,0,1,0,0,0,1,0,0,0,0,0.0,0.0,20.0,7.0,39.1,1.7,0.5454545454545454,0.0,0.0,160.0,14.0,37.7,2.4,0.875,0.0,0.0,110.0,11.0,38.3,4.0,1.0,2.0,9.0,-100.0,0.08333333333333333,0.25,2,3,256.3,16.0,1095,1686,1221,0.0,0.0,110.0,,,,1.0,0.0,0.0,160.0,15.0,39.0,2.9,0.5,2.1,0.0,52.0,-1039.0,16.0,11.0,477.0,0.09090909090909091,-0.0625,0.0,,0.0,-0.029999999999999007,0.0
1211,202107060405,1,0,1,5,0,0,0,0,0,0,0,0,0,0,0,2,0,0,0,0,0,0,0,0,0,0,0,0,0,0,0,0,0,0,0,0,0.0,0.0,10.0,90.0,49.5,9.1,0.2222222222222222,0.0,0.0,150.0,140.0,38.1,2.5,0.9333333333333333,0.0,0.0,160.0,140.0,37.8,2.0,1.0,25.0,10.0,0.0,0.0,0.0,7,14,74.2,13.0,1426,1520,306,0.0,0.0,160.0,140.0,37.1,1.9,0.5,0.0,0.0,130.0,160.0,39.6,3.6,0.6875,14.0,0.0,53.0,-929.0,16.0,9.0,472.0,0.7777777777777778,0.06666666666666667,0.0,0.0625,0.1875,2.0799999999999996,0.0
1212,202107060501,0,0,0,0,0,0,0,1,0,0,0,0,0,0,0,0,0,0,0,1,0,0,0,0,0,0,0,0,0,0,0,1,0,0,0,0,0.0,0.0,50.0,4.0,36.9,0.5,0.3333333333333333,0.0,0.0,70.0,4.0,37.4,0.8,0.45454545454545453,0.0,0.0,70.0,8.0,36.6,1.9,0.6666666666666666,2.0,6.0,0.0,0.0,0.0,3,5,7.3,4.0,1152,1031,1428,0.0,0.0,60.0,8.0,35.3,1.5,0.6923076923076923,0.0,0.0,110.0,11.0,34.3,1.9,0.9230769230769231,1.8,0.0,55.0,6.0,16.0,12.0,500.0,0.0,-0.09090909090909091,0.1111111111111111,-0.07692307692307693,0.0,0.7300000000000004,0.0
1213,202107060501,1,0,2,10,0,0,0,0,0,0,0,0,1,0,1,4,0,0,0,0,0,0,0,0,0,0,1,2,0,0,0,0,0,0,0,0,0.0,0.0,50.0,10.0,42.9,3.6,0.2,0.0,0.0,150.0,13.0,38.7,1.7,0.625,0.0,0.0,130.0,10.0,37.7,0.9,0.9375,0.0,-8.0,100.0,0.03571428571428571,0.10714285714285714,3,6,17.6,6.0,1576,1172,1577,0.0,0.0,120.0,11.0,37.3,2.1,1.0,0.0,0.0,70.0,8.0,37.3,0.7,0.8125,-0.6,0.0,52.0,-854.0,16.0,10.0,482.0,0.1,0.0625,0.0,-0.06666666666666667,0.0625,1.260000000000001,0.0
1214,202107060501,1,0,0,2,1,2,1,11,0,0,0,0,0,0,0,0,0,1,1,2,0,0,0,0,0,0,0,0,0,1,0,2,0,0,0,0,0.0,0.0,150.0,16.0,43.6,4.9,0.0625,0.0,0.0,10.0,17.0,33.7,1.8,0.5,0.0,0.0,12.0,8.0,32.6,0.3,0.5,-4.0,2.0,-400.0,0.13157894736842105,0.3157894736842105,4,7,4.5,3.0,1507,1559,593,0.0,0.0,10.0,3.0,32.9,0.2,0.375,0.0,0.0,7.0,10.0,37.9,1.3,0.6428571428571429,-2.6,0.2,55.0,-1085.0,16.0,16.0,480.0,0.3125,,,,0.07142857142857142,1.220000000000001,0.0
1215,202107060501,0,0,0,0,0,2,0,13,0,0,0,0,0,0,0,0,0,1,0,3,0,0,0,0,0,0,0,0,0,0,0,1,0,0,0,0,0.0,0.0,9.0,8.0,37.7,0.6,0.9285714285714286,0.0,0.0,13.0,10.0,36.7,1.0,1.0,0.0,0.0,6.0,12.0,37.8,1.6,0.7857142857142857,2.0,10.0,-400.0,0.0,0.0,2,4,27.0,8.0,1467,1263,336,0.0,0.0,13.0,9.0,37.1,0.7,0.5,0.0,0.0,6.0,5.0,38.1,0.4,0.375,-0.7,0.0,54.0,-1009.0,16.0,14.0,490.0,-0.07142857142857142,-0.2,0.07142857142857142,0.0625,0.0,-0.11999999999999958,0.0
1216,202107060501,0,0,0,0,1,0,0,1,0,0,0,0,0,0,0,0,0,0,0,1,0,0,0,0,0,0,0,0,0,0,0,1,0,0,0,0,0.0,0.0,20.0,3.0,38.3,0.3,0.6363636363636364,0.0,0.0,50.0,6.0,41.6,3.4,0.08333333333333333,0.0,0.0,60.0,10.0,41.2,1.5,0.07692307692307693,3.5,22.0,-100.0,0.034482758620689655,0.13793103448275862,7,14,27.4,9.0,1094,1036,334,0.0,0.0,30.0,8.0,42.3,2.3,0.08333333333333333,0.0,0.0,50.0,3.0,42.7,0.2,0.07142857142857142,0.2,0.4,53.0,-923.0,16.0,11.0,512.0,-0.36363636363636365,0.16666666666666666,0.0,0.08333333333333333,0.0,-0.9500000000000007,0.0
1217,202107060501,0,0,0,0,0,0,0,1,0,0,0,0,0,0,0,0,0,0,0,1,0,0,0,0,0,0,0,0,0,0,0,1,0,0,0,0,0.0,0.0,80.0,5.0,40.1,0.8,0.25,0.0,0.0,70.0,13.0,37.9,1.3,0.6875,0.0,0.0,70.0,5.0,36.4,0.4,0.7272727272727273,0.0,13.0,-300.0,0.016129032258064516,0.11290322580645161,5,9,17.7,7.0,1152,1393,1428,0.0,0.0,70.0,7.0,37.1,0.7,0.42857142857142855,0.0,0.0,50.0,5.0,40.4,1.8,0.5555555555555556,-0.6,0.0,55.0,-790.0,16.0,12.0,445.0,0.0,-0.4375,0.0,-0.21428571428571427,-0.2222222222222222,0.020000000000000285,0.0
1218,202107060501,1,1,0,0,0,0,0,2,0,0,0,0,1,1,0,0,0,0,0,0,0,0,0,0,0,0,0,0,0,0,0,0,0,0,0,0,0.0,0.0,5.0,4.0,36.7,0.6,0.8888888888888888,0.0,0.0,1.0,8.0,37.1,0.8,0.3333333333333333,0.0,0.0,3.0,2.0,36.8,0.4,0.25,-1.0,14.0,580.0,0.03773584905660377,0.22641509433962265,4,8,4.3,1.0,1426,1189,306,0.0,0.0,1.0,4.0,35.8,0.6,0.4166666666666667,0.0,0.0,1.0,3.0,39.5,0.7,0.13333333333333333,-0.6,0.4,55.0,-472.0,16.0,9.0,466.0,0.0,0.0,0.0,0.0,-0.06666666666666667,-0.429999999999999,0.0
1219,202107060501,0,0,0,0,0,0,0,0,0,0,0,0,0,0,0,0,0,0,0,0,0,0,0,0,0,0,0,0,0,0,0,0,0,0,0,0,0.0,0.0,15.0,15.0,40.7,3.3,0.875,0.0,0.0,9.0,8.0,37.5,1.2,0.75,0.0,0.0,14.0,5.0,38.9,1.4,0.7142857142857143,-5.0,-8.0,-400.0,0.0,0.0,2,3,75.8,10.0,1476,1206,1589,0.0,0.0,11.0,11.0,39.5,1.7,0.3333333333333333,0.0,0.0,14.0,7.0,38.5,1.4,0.7142857142857143,-1.3,0.0,55.0,-561.0,16.0,16.0,492.0,0.0625,0.08333333333333333,-0.14285714285714285,0.3333333333333333,0.0,0.24000000000000057,0.0
1220,202107060501,1,0,0,9,0,0,0,0,0,0,0,0,1,0,0,4,0,0,0,0,0,0,0,0,0,0,0,2,0,0,0,0,0,0,0,0,0.0,0.0,2.0,1.0,38.7,0.0,0.6666666666666666,0.0,0.0,9.0,14.0,37.9,2.0,0.6,0.0,0.0,4.0,8.0,39.7,3.6,0.25,3.5,-2.0,-100.0,0.05714285714285714,0.05714285714285714,6,11,4.4,2.0,1172,102,1556,0.0,0.0,2.0,9.0,37.9,1.5,0.3125,0.0,0.0,3.0,3.0,38.6,1.8,0.26666666666666666,-0.1,0.4,55.0,-619.0,16.0,9.0,484.0,-0.4444444444444444,0.0,0.0625,0.0,0.0,0.020000000000000285,0.0
1221,202107060501,0,0,0,2,0,0,1,7,0,0,0,0,0,0,0,2,0,0,0,2,0,0,0,0,0,0,0,2,0,0,0,1,0,0,0,0,0.0,0.0,10.0,7.0,39.5,1.5,0.6666666666666666,0.0,0.0,7.0,9.0,38.1,1.0,0.7333333333333333,0.0,0.0,2.0,3.0,39.6,0.8,0.35714285714285715,-2.0,41.0,0.0,0.07407407407407407,0.18518518518518517,5,10,7.5,5.0,1629,1294,1428,0.0,0.0,1.0,3.0,38.5,0.4,0.7857142857142857,0.0,0.0,5.0,2.0,38.3,0.6,0.7857142857142857,-1.6,0.6,55.0,-934.0,16.0,12.0,491.0,0.08333333333333333,0.0,-0.14285714285714285,-0.35714285714285715,-0.7142857142857143,0.2000000000000007,0.0
1222,202107060501,0,0,0,0,0,0,0,0,0,0,0,0,0,0,0,0,0,0,0,0,0,0,0,0,0,0,0,0,0,0,0,0,0,0,0,0,0.0,0.0,6.0,9.0,38.2,3.1,0.8333333333333334,0.0,0.0,14.0,12.0,37.2,1.7,0.7142857142857143,0.0,0.0,14.0,9.0,39.8,2.4,1.0,0.0,5.0,0.0,0.0,0.2222222222222222,1,2,104.5,13.0,1534,1255,1235,0.0,0.0,6.0,9.0,37.7,1.0,1.0,0.0,0.0,12.0,5.0,36.8,1.0,0.9375,-1.1,0.0,52.0,-686.0,16.0,12.0,491.0,-0.25,0.0,-0.13333333333333333,-0.06666666666666667,-0.1875,0.23000000000000115,0.0
1223,202107060501,1,0,0,9,0,0,0,0,0,0,0,0,1,0,0,4,0,0,0,0,0,0,0,0,0,0,0,2,0,0,0,0,0,0,0,0,0.0,0.0,10.0,10.0,39.6,2.6,0.6666666666666666,0.0,0.0,14.0,13.0,40.4,2.4,0.6666666666666666,0.0,0.0,6.0,8.0,40.1,3.4,0.5,-1.0,7.0,-100.0,0.07792207792207792,0.22077922077922077,1,1,94.7,11.0,1172,1506,1556,0.0,0.0,11.0,12.0,38.1,2.6,0.9375,0.0,0.0,9.0,8.0,37.6,1.1,0.6666666666666666,-0.5,0.0,55.0,-587.0,16.0,12.0,455.0,0.0,0.2,-0.1,-0.0625,0.0,0.6299999999999997,0.0
1224,202107060501,1,2,0,8,0,0,0,10,0,0,0,1,0,0,0,3,0,0,0,1,0,0,0,1,0,0,0,2,0,0,0,1,0,0,0,1,0.0,0.0,80.0,30.0,41.6,0.4,0.36363636363636365,0.0,0.0,140.0,70.0,37.9,2.8,1.0,0.0,0.0,180.0,150.0,36.1,2.1,0.8888888888888888,60.0,-11.0,0.0,0.0,0.26666666666666666,8,15,168.7,15.0,1691,1618,1167,0.0,0.0,150.0,130.0,38.4,3.0,1.0,0.0,0.0,130.0,150.0,34.3,1.8,0.7058823529411765,30.0,0.0,52.0,-665.0,16.0,11.0,477.0,-0.2727272727272727,0.0,-0.16666666666666666,0.0,,1.4100000000000008,0.0
1225,202107060501,0,0,1,6,0,0,0,2,0,0,0,0,0,0,1,2,0,0,0,1,0,0,0,0,0,0,0,1,0,0,0,1,0,0,0,0,0.0,0.0,60.0,10.0,45.6,6.0,0.1,0.0,0.0,50.0,8.0,38.3,1.6,1.0,0.0,0.0,140.0,3.0,37.6,0.6,0.8571428571428571,-3.5,11.0,-300.0,0.08888888888888889,0.2,8,16,166.4,14.0,1645,1503,1366,0.0,0.0,80.0,10.0,35.2,1.7,0.8571428571428571,0.0,0.0,110.0,13.0,36.9,2.2,1.0,0.8,0.2,54.0,-804.0,16.0,10.0,451.0,0.6,-0.14285714285714285,-0.07142857142857142,0.0,-0.0625,2.05,0.0
1226,202107060501,0,0,0,1,0,0,0,0,0,0,0,0,0,0,0,0,0,0,0,0,0,0,0,0,0,0,0,0,0,0,0,0,0,0,0,0,0.0,0.0,3.0,4.0,38.4,1.0,0.6,0.0,0.0,11.0,7.0,36.9,1.2,0.9375,0.0,0.0,16.0,8.0,37.9,1.8,0.75,2.0,0.0,0.0,0.05263157894736842,0.15789473684210525,7,13,206.1,16.0,1509,1137,1110,0.0,0.0,16.0,15.0,39.7,3.3,0.3125,0.0,0.0,13.0,5.0,39.3,3.0,0.1875,0.9999999999999998,0.0,54.0,-248.0,16.0,10.0,466.0,-0.1,-0.0625,0.0,0.125,0.0,-0.46000000000000013,0.0
1227,202107060501,0,0,0,2,0,0,1,4,0,0,0,0,0,0,0,0,0,0,1,2,0,0,0,0,0,0,0,0,0,0,1,0,0,0,0,0,0.0,0.0,10.0,11.0,39.4,1.4,0.8181818181818182,0.0,0.0,12.0,11.0,41.0,1.9,0.2857142857142857,0.0,0.0,13.0,14.0,43.3,5.6,0.8571428571428571,1.5,-1.0,0.0,0.0625,0.22916666666666666,6,12,96.5,12.0,1677,1405,1167,0.0,0.0,12.0,16.0,39.4,3.7,0.6875,0.0,0.0,9.0,7.0,37.0,2.2,0.8,-0.3,0.0,55.0,-806.0,16.0,11.0,489.0,0.09090909090909091,0.0,0.07142857142857142,0.125,-0.1,0.6399999999999999,0.0
1228,202107060503,0,1,0,0,1,0,0,0,0,0,0,0,0,1,0,0,0,0,0,0,0,0,0,0,0,0,0,0,0,0,0,0,0,0,0,0,0.0,0.0,11.0,9.0,42.1,2.5,0.6363636363636364,0.0,0.0,15.0,15.0,38.7,2.0,0.125,0.0,0.0,8.0,5.0,36.1,0.6,0.6666666666666666,-2.0,2.0,-300.0,0.0425531914893617,0.2127659574468085,3,6,5.3,2.0,1291,796,1589,0.0,0.0,12.0,6.0,37.7,1.7,0.4375,0.0,0.0,7.0,14.0,37.7,2.4,0.5625,0.1,0.0,56.0,-895.0,16.0,11.0,494.0,0.0,0.0625,0.0,0.0,0.0,0.9799999999999998,0.0
1229,202107060503,1,1,0,2,1,0,1,5,0,0,0,0,0,0,0,0,1,0,0,2,0,0,0,0,0,0,0,0,0,0,0,0,0,0,0,0,0.0,0.0,8.0,14.0,37.6,2.1,0.5,0.0,0.0,5.0,4.0,37.5,0.9,0.1875,0.0,0.0,1.0,6.0,38.6,0.8,0.0625,-4.0,2.0,100.0,0.038461538461538464,0.21153846153846154,6,11,30.9,11.0,1362,1558,1263,0.0,0.0,6.0,8.0,37.8,0.9,0.25,0.0,0.0,11.0,2.0,37.5,0.1,0.0625,-2.0,0.2,57.0,-141.0,16.0,16.0,520.0,-0.0625,0.0,0.0,0.0,0.0,-0.009999999999999431,0.0
1230,202107060503,0,0,1,4,0,0,0,0,0,0,0,0,0,0,0,0,0,0,0,0,0,0,0,0,0,0,0,0,0,0,0,0,0,0,0,0,0.0,0.0,70.0,10.0,55.0,16.0,0.3,0.0,0.0,100.0,16.0,40.0,3.7,0.9375,0.0,0.0,160.0,14.0,39.8,3.2,0.1875,2.0,0.0,-200.0,0.0,0.125,3,5,7.1,4.0,1317,1309,1186,0.0,0.0,130.0,15.0,39.5,3.5,0.3125,0.0,0.0,90.0,1.0,37.8,0.0,0.25,-1.9,0.2,53.0,-953.0,16.0,10.0,484.0,0.7,0.0,0.0,0.0,-0.0625,3.4900000000000007,0.0
1231,202107060503,1,0,2,10,0,0,0,1,0,0,0,0,1,0,1,4,0,0,0,1,0,0,0,0,0,0,0,1,0,0,0,0,0,0,0,0,0.0,0.0,1.0,2.0,38.9,0.1,0.4444444444444444,0.0,0.0,13.0,2.0,36.3,0.4,0.5333333333333333,0.0,0.0,13.0,12.0,37.3,1.1,0.625,5.0,-4.0,0.0,0.01639344262295082,0.11475409836065574,2,4,2.7,1.0,1576,910,1577,0.0,0.0,7.0,13.0,37.0,1.1,0.875,0.0,0.0,8.0,8.0,35.9,0.7,0.6875,2.3000000000000003,0.4,56.0,-951.0,16.0,9.0,528.0,-0.1111111111111111,0.0,0.0,0.125,0.0,0.5299999999999997,0.0
1232,202107060503,0,0,0,0,0,0,0,0,0,0,0,0,0,0,0,0,0,0,0,0,0,0,0,0,0,0,0,0,0,0,0,0,0,0,0,0,0.0,0.0,30.0,80.0,41.1,2.2,0.9090909090909091,0.0,0.0,150.0,150.0,40.4,5.2,0.9375,0.0,0.0,160.0,60.0,36.9,0.5,0.6875,-10.0,-23.0,0.0,0.09090909090909091,0.20454545454545456,4,8,64.6,13.0,1396,1014,1556,0.0,0.0,120.0,70.0,37.6,1.0,0.8571428571428571,0.0,0.0,130.0,140.0,36.3,1.9,0.9333333333333333,4.0,0.0,57.0,-999.0,16.0,11.0,479.0,-0.18181818181818182,0.0625,0.0,0.07142857142857142,0.06666666666666667,1.2400000000000007,0.0
1233,202107060503,0,1,0,1,0,0,1,5,0,0,0,0,0,1,0,0,0,0,0,0,0,0,0,0,0,0,0,0,0,0,0,0,0,0,0,0,0.0,0.0,10.0,5.0,41.0,1.7,0.42857142857142855,0.0,0.0,110.0,10.0,36.1,1.3,0.75,0.0,0.0,80.0,9.0,36.6,1.0,0.375,2.0,13.0,-300.0,0.08,0.25333333333333335,2,3,15.6,6.0,1313,1345,1108,0.0,0.0,20.0,1.0,36.5,0.0,0.6,0.0,0.0,70.0,2.0,36.8,0.1,0.4375,-1.5,0.4,57.0,-596.0,16.0,7.0,521.0,-0.14285714285714285,-0.0625,0.0625,0.06666666666666667,0.0,0.8000000000000007,0.0
1234,202107060503,0,0,0,0,0,0,1,4,0,0,0,0,0,0,0,0,0,0,1,2,0,0,0,0,0,0,0,0,0,0,0,0,0,0,0,0,0.0,0.0,13.0,13.0,37.3,1.6,0.25,0.0,0.0,10.0,9.0,35.3,0.7,0.38461538461538464,0.0,0.0,8.0,12.0,34.4,0.6,0.75,-0.5,6.0,-400.0,0.09090909090909091,0.09090909090909091,4,7,29.1,10.0,1090,1405,1169,0.0,0.0,6.0,5.0,35.2,0.7,0.3333333333333333,0.0,0.0,5.0,4.0,34.3,0.3,0.9,-2.2,0.0,52.0,-939.0,16.0,16.0,480.0,-0.0625,0.07692307692307693,-0.0625,0.0,0.0,0.6099999999999994,0.0
1235,202107060503,0,0,0,0,0,0,0,2,0,0,0,0,0,0,0,0,0,0,0,0,0,0,0,0,0,0,0,0,0,0,0,0,0,0,0,0,0.0,0.0,15.0,14.0,38.6,2.2,0.9333333333333333,0.0,0.0,13.0,9.0,38.5,1.6,0.8571428571428571,0.0,0.0,14.0,13.0,39.2,3.0,0.4666666666666667,-0.5,-4.0,-400.0,0.05555555555555555,0.16666666666666666,1,2,78.7,14.0,1023,1380,1327,0.0,0.0,16.0,9.0,37.2,0.6,0.3125,0.0,0.0,13.0,11.0,38.3,1.4,0.7142857142857143,-0.6,0.0,55.0,-679.0,16.0,15.0,486.0,0.06666666666666667,-0.07142857142857142,-0.13333333333333333,0.0,0.07142857142857142,0.19000000000000056,0.0
1236,202107060503,0,0,0,2,0,0,1,5,0,0,0,0,0,0,0,2,0,0,0,0,0,0,0,0,0,0,0,0,0,0,0,0,0,0,0,0,0.0,0.0,80.0,60.0,39.6,2.3,0.8,0.0,0.0,110.0,130.0,38.2,2.0,0.25,0.0,0.0,50.0,130.0,41.0,2.7,0.3333333333333333,35.0,3.0,0.0,0.0,0.0,7,14,22.7,8.0,1449,1345,1306,0.0,0.0,80.0,70.0,36.7,0.9,0.4166666666666667,0.0,0.0,90.0,120.0,36.9,2.4,0.3888888888888889,6.0,0.0,57.0,-944.0,16.0,10.0,451.0,-0.1,0.0,0.5333333333333333,0.08333333333333333,0.0,0.6900000000000006,0.0
1237,202107060503,0,1,0,1,0,0,0,1,0,0,0,0,0,1,0,0,0,0,0,0,0,0,0,0,0,0,0,0,0,0,0,0,0,0,0,0,0.0,0.0,20.0,1.0,39.5,0.0,0.7777777777777778,0.0,0.0,120.0,10.0,37.1,1.5,0.9375,0.0,0.0,40.0,9.0,38.1,1.2,0.375,4.0,17.0,-100.0,0.07692307692307693,0.23076923076923078,1,1,59.7,12.0,1313,1145,1108,0.0,0.0,60.0,3.0,36.1,0.6,0.9375,0.0,0.0,60.0,6.0,37.5,0.5,0.6666666666666666,0.3,0.4,53.0,-363.0,16.0,9.0,495.0,-0.2222222222222222,0.0,0.0,-0.125,-0.13333333333333333,0.5,0.0
1238,202107060503,0,0,0,1,3,0,2,9,0,0,0,1,0,0,0,1,1,0,0,4,0,0,0,1,0,0,0,0,0,0,0,1,0,0,0,0,0.0,0.0,1.0,,,,0.2,0.0,0.0,16.0,11.0,38.1,1.6,0.5625,0.0,0.0,15.0,16.0,41.6,4.7,0.1875,5.0,16.0,0.0,0.03571428571428571,0.14285714285714285,8,15,186.5,16.0,1554,1556,322,0.0,0.0,12.0,12.0,37.9,2.9,1.0,,,,,,,,0.5,0.0,55.0,-281.0,16.0,10.0,480.0,0.0,0.125,0.3125,0.0,,0.10000000000000142,0.0
1239,202107060503,0,0,0,0,0,0,0,1,0,0,0,0,0,0,0,0,0,0,0,1,0,0,0,0,0,0,0,0,0,0,0,0,0,0,0,0,0.0,0.0,120.0,11.0,40.4,9.7,1.0,0.0,0.0,150.0,11.0,39.4,2.5,0.9333333333333333,0.0,0.0,100.0,10.0,39.8,2.0,0.7692307692307693,-0.5,1.0,0.0,0.07142857142857142,0.17857142857142858,7,13,13.0,5.0,1279,1221,1079,0.0,0.0,130.0,13.0,36.5,1.8,0.875,0.0,0.0,50.0,12.0,37.8,1.6,0.75,0.4,0.0,57.0,-686.0,16.0,12.0,523.0,-0.08333333333333333,-0.2,-0.07692307692307693,-0.0625,-0.1875,0.8100000000000002,0.0
1240,202107060503,0,0,0,0,0,0,0,1,0,0,0,0,0,0,0,0,0,0,0,1,0,0,0,0,0,0,0,0,0,0,0,0,0,0,0,0,0.0,0.0,,,,,,0.0,0.0,140.0,10.0,33.5,0.7,0.875,0.0,0.0,100.0,8.0,33.8,0.2,0.7142857142857143,-2.0,,200.0,0.0,0.1,5,9,17.4,7.0,1222,1438,1328,0.0,0.0,110.0,13.0,34.0,0.6,0.8,0.0,0.0,90.0,8.0,35.5,0.5,0.6111111111111112,-0.1,0.0,54.0,-819.0,16.0,15.0,,,0.0,-0.21428571428571427,0.0,-0.1111111111111111,-0.6200000000000003,0.0
1241,202107060503,0,0,0,0,1,0,0,1,0,0,0,0,0,0,0,0,0,0,0,0,0,0,0,0,0,0,0,0,0,0,0,0,0,0,0,0,0.0,0.0,15.0,15.0,38.1,2.7,0.25,0.0,0.0,8.0,11.0,37.4,3.2,0.09090909090909091,0.0,0.0,10.0,12.0,40.3,3.0,0.42857142857142855,-1.5,2.0,-400.0,0.020833333333333332,0.16666666666666666,6,12,28.2,9.0,1152,1199,1428,0.0,0.0,4.0,13.0,42.5,2.9,0.3333333333333333,0.0,0.0,13.0,4.0,39.5,0.3,0.06666666666666667,-2.0,0.0,53.0,-568.0,16.0,16.0,482.0,0.625,0.0,0.42857142857142855,0.3333333333333333,0.0,-0.7899999999999998,0.0
1242,202107060503,0,0,0,0,0,0,0,0,0,0,0,0,0,0,0,0,0,0,0,0,0,0,0,0,0,0,0,0,0,0,0,0,0,0,0,0,0.0,0.0,7.0,10.0,42.3,4.5,1.0,0.0,0.0,15.0,16.0,41.7,7.1,1.0,0.0,0.0,11.0,16.0,38.4,3.3,0.1875,3.0,6.0,0.0,0.0,0.0,5,10,6.3,3.0,1463,760,1167,0.0,0.0,12.0,14.0,38.8,4.1,0.42857142857142855,0.0,0.0,11.0,9.0,37.8,1.2,0.375,-0.4,0.0,53.0,-896.0,16.0,10.0,534.0,0.0,0.0,0.25,0.14285714285714285,-0.0625,1.1900000000000006,0.0
1243,202107060503,1,2,1,4,1,0,1,2,1,0,0,0,0,1,1,1,0,0,0,1,0,0,0,0,0,0,0,0,0,0,0,0,0,0,0,0,0.0,0.0,50.0,5.0,39.2,0.5,0.375,0.0,0.0,150.0,14.0,40.4,3.4,0.4,0.0,0.0,150.0,16.0,40.0,3.6,0.625,5.5,34.0,0.0,0.0,0.25806451612903225,8,16,87.7,15.0,1228,848,1108,0.0,0.0,,,,,,0.0,0.0,120.0,14.0,39.8,2.5,0.125,2.9,0.0,53.0,-942.0,16.0,8.0,544.0,0.125,0.2,0.0625,,0.0,-0.13999999999999843,0.0
1244,202107060512,0,1,0,2,0,0,0,1,0,0,0,0,0,1,0,0,0,0,0,0,0,0,0,0,0,0,0,0,0,0,0,0,0,0,0,0,0.0,0.0,10.0,10.0,36.5,1.3,0.35714285714285715,0.0,0.0,8.0,9.0,38.6,1.4,0.21428571428571427,0.0,0.0,11.0,3.0,36.9,0.0,0.21428571428571427,-3.5,0.0,0.0,0.06557377049180328,0.19672131147540983,1,2,3.7,2.0,1520,1341,695,0.0,0.0,10.0,12.0,38.1,1.4,0.13333333333333333,0.0,0.0,13.0,6.0,38.8,1.0,0.4375,-0.5,0.2,57.0,-343.0,16.0,14.0,468.0,-0.07142857142857142,0.0,-0.07142857142857142,0.0,0.0625,-0.4099999999999994,0.0
1245,202107060512,1,1,0,0,0,0,1,7,0,0,0,0,1,1,0,0,0,0,0,2,0,0,0,0,0,0,0,0,0,0,0,0,0,0,0,0,0.0,0.0,8.0,11.0,34.1,0.7,0.4444444444444444,0.0,0.0,7.0,6.0,34.9,0.2,0.7777777777777778,0.0,0.0,2.0,1.0,33.3,0.0,0.5,-5.0,-2.0,0.0,0.08108108108108109,0.24324324324324326,1,1,8.3,4.0,1426,1294,306,0.0,0.0,4.0,2.0,34.4,0.2,0.5555555555555556,0.0,0.0,7.0,3.0,33.9,0.1,0.7333333333333333,-2.0,0.6,54.0,-427.0,16.0,18.0,488.0,0.05555555555555555,-0.16666666666666666,0.0,0.1111111111111111,0.0,0.09000000000000057,0.0
1246,202107060512,0,1,1,4,0,0,0,0,0,0,0,0,0,0,0,3,0,0,0,0,0,0,0,0,0,0,0,0,0,0,0,0,0,0,0,0,0.0,0.0,10.0,1.0,40.5,0.0,0.2222222222222222,0.0,0.0,130.0,12.0,36.8,1.3,0.5625,0.0,0.0,150.0,10.0,36.7,2.0,0.5625,4.5,4.0,0.0,0.0,0.0,5,10,50.2,9.0,1348,402,1221,0.0,0.0,80.0,13.0,38.3,1.6,0.5333333333333333,0.0,0.0,110.0,6.0,36.8,0.5,0.1875,1.1,0.2,57.0,-1036.0,16.0,9.0,530.0,0.0,0.0625,0.0,0.06666666666666667,-0.0625,0.5900000000000005,0.0
1247,202107060512,0,1,0,2,0,0,0,10,0,0,0,0,0,1,0,0,0,0,0,1,0,0,0,0,0,0,0,0,0,0,0,0,0,0,0,0,0.0,0.0,1.0,1.0,13.8,0.0,0.16666666666666666,0.0,0.0,4.0,6.0,13.4,1.1,0.5833333333333334,0.0,0.0,13.0,12.0,38.2,2.2,0.6153846153846154,5.5,8.0,-1600.0,0.016666666666666666,0.11666666666666667,8,16,2.6,1.0,1520,1618,695,0.0,0.0,13.0,11.0,37.0,0.9,0.625,0.0,0.0,10.0,9.0,35.4,1.0,1.0,2.1,0.2,57.0,-660.0,16.0,12.0,520.0,-0.08333333333333333,-0.4166666666666667,0.15384615384615385,0.0,0.0,-6.68,0.0
1248,202107060512,1,0,0,3,0,2,0,13,0,0,0,0,0,0,0,2,0,1,0,3,0,0,0,0,0,0,0,0,0,0,0,0,0,0,0,0,0.0,0.0,100.0,6.0,38.4,0.8,0.25,0.0,0.0,110.0,12.0,37.2,2.3,0.8,0.0,0.0,100.0,14.0,37.8,1.6,0.25,4.0,8.0,0.0,0.0,0.0,5,9,42.8,8.0,1583,1263,118,0.0,0.0,30.0,1.0,38.0,0.0,0.125,0.0,0.0,70.0,5.0,35.9,1.2,0.15384615384615385,-1.3,0.2,57.0,13.0,16.0,16.0,466.0,0.0625,0.0,0.0625,0.0,0.0,0.42000000000000026,0.0
1249,202107060512,0,0,0,10,0,0,1,5,0,0,0,1,0,0,0,5,0,0,0,0,0,0,0,0,0,0,0,0,0,0,0,0,0,0,0,0,0.0,0.0,11.0,8.0,38.6,1.0,0.25,0.0,0.0,10.0,11.0,37.5,0.6,0.21428571428571427,0.0,0.0,9.0,12.0,37.5,1.5,0.46153846153846156,2.0,-1.0,200.0,0.09302325581395349,0.20930232558139536,7,14,9.9,5.0,1716,1345,1167,0.0,0.0,12.0,6.0,38.9,1.1,0.6428571428571429,0.0,0.0,8.0,16.0,40.1,3.2,0.3125,1.1,0.0,57.0,-696.0,16.0,16.0,509.0,0.0,-0.14285714285714285,-0.07692307692307693,0.07142857142857142,0.1875,-0.43999999999999984,0.0
1250,202107060512,0,1,2,16,0,0,0,1,0,0,0,0,0,0,1,4,0,0,0,1,0,0,0,0,0,0,0,0,0,0,0,0,0,0,0,0,0.0,0.0,50.0,3.0,37.1,0.5,0.6875,0.0,0.0,50.0,8.0,36.5,1.1,1.0,0.0,0.0,80.0,3.0,36.0,0.4,0.875,0.0,4.0,0.0,0.0392156862745098,0.21568627450980393,3,6,18.6,6.0,1221,910,1263,0.0,0.0,70.0,4.0,38.0,0.5,0.6,0.0,0.0,90.0,13.0,38.4,1.3,0.5,1.6,0.4,57.0,13.0,16.0,16.0,492.0,-0.0625,-0.0625,0.0,0.0,0.0,-0.4099999999999994,0.0
1251,202107060512,0,1,0,0,0,0,0,0,0,0,0,0,0,0,0,0,0,0,0,0,0,0,0,0,0,0,0,0,0,0,0,0,0,0,0,0,0.0,0.0,50.0,11.0,44.1,3.8,0.5454545454545454,0.0,0.0,80.0,10.0,41.1,1.9,0.46153846153846156,0.0,0.0,70.0,9.0,35.4,0.8,0.25,-1.0,-7.0,100.0,0.07894736842105263,0.2236842105263158,4,8,5.1,3.0,1657,225,1317,0.0,0.0,30.0,8.0,38.0,2.0,0.2,0.0,0.0,20.0,9.0,38.9,1.2,0.5714285714285714,-0.6,0.0,56.0,-952.0,16.0,11.0,485.0,0.09090909090909091,-0.15384615384615385,-0.08333333333333333,0.06666666666666667,-0.07142857142857142,1.3500000000000008,0.0
1252,202107060512,0,1,2,16,0,1,0,0,0,0,0,0,0,0,1,4,0,0,0,0,0,0,0,0,0,0,0,0,0,0,0,0,0,0,0,0,0.0,0.0,11.0,6.0,34.0,0.6,0.36363636363636365,0.0,0.0,8.0,8.0,36.2,1.7,0.5,0.0,0.0,13.0,13.0,38.3,2.2,0.23076923076923078,3.5,0.0,200.0,0.0,0.15,6,12,255.0,15.0,1221,1423,1263,0.0,0.0,16.0,16.0,35.1,1.9,0.9375,0.0,0.0,15.0,13.0,38.1,1.3,0.6,2.2,0.0,55.0,-414.0,16.0,11.0,486.0,0.0,0.0,0.07692307692307693,0.0,-0.06666666666666667,-0.7100000000000002,0.0
1253,202107060512,0,0,0,3,1,0,1,5,0,0,0,0,0,0,0,0,1,0,0,2,0,0,0,0,0,0,0,0,0,0,0,0,0,0,0,0,0.0,0.0,12.0,14.0,41.3,4.7,0.9285714285714286,0.0,0.0,8.0,8.0,40.1,2.2,0.8888888888888888,0.0,0.0,9.0,8.0,35.5,2.3,1.0,-3.0,-8.0,-400.0,0.07692307692307693,0.19230769230769232,4,7,143.3,12.0,1453,1558,1428,0.0,0.0,7.0,7.0,36.3,2.5,0.7142857142857143,0.0,0.0,9.0,9.0,35.5,3.0,1.0,-1.1,0.0,57.0,-512.0,16.0,14.0,496.0,-0.07142857142857142,-0.1111111111111111,0.0,0.2857142857142857,0.0,1.5399999999999998,0.0
1254,202107060512,0,1,0,2,1,1,1,7,0,0,0,0,0,1,0,0,0,0,1,1,0,0,0,0,0,0,0,0,0,0,0,0,0,0,0,0,0.0,0.0,12.0,13.0,37.8,2.9,0.7333333333333333,0.0,0.0,15.0,10.0,36.4,1.7,0.75,0.0,0.0,13.0,15.0,37.8,2.5,0.4375,1.0,2.0,-200.0,0.058823529411764705,0.058823529411764705,2,3,226.6,14.0,1520,1039,695,0.0,0.0,13.0,15.0,37.0,2.8,0.8125,0.0,0.0,9.0,16.0,38.2,2.0,0.9375,1.1,0.0,55.0,-406.0,16.0,15.0,472.0,0.13333333333333333,-0.0625,0.0625,0.0625,0.0625,-0.1400000000000013,0.0
1255,202107060512,0,1,0,3,0,2,0,13,0,1,0,1,0,1,0,0,0,1,0,3,0,1,0,0,0,0,0,0,0,0,0,0,0,0,0,0,0.0,0.0,1.0,1.0,38.1,0.0,0.25,0.0,0.0,8.0,11.0,38.6,1.6,0.21428571428571427,0.0,0.0,12.0,11.0,40.7,2.3,0.6428571428571429,5.0,15.0,0.0,0.02127659574468085,0.1702127659574468,3,5,21.4,7.0,1383,1263,246,0.0,0.0,8.0,14.0,40.8,3.5,0.21428571428571427,0.0,0.0,5.0,6.0,39.2,1.0,0.3,1.3,0.2,57.0,-947.0,16.0,8.0,481.0,-0.125,0.0,0.2857142857142857,0.14285714285714285,0.0,-0.43999999999999984,0.0
1256,202107060512,1,0,0,2,0,0,0,1,0,0,0,0,0,0,0,0,0,0,0,0,0,0,0,0,0,0,0,0,0,0,0,0,0,0,0,0,0.0,0.0,4.0,3.0,40.6,0.7,0.6666666666666666,0.0,0.0,11.0,13.0,38.0,2.6,0.5333333333333333,0.0,0.0,9.0,11.0,38.2,1.8,0.6428571428571429,4.0,19.0,-200.0,0.0,0.1,2,4,86.9,11.0,1431,1301,1428,0.0,0.0,9.0,5.0,37.9,0.5,0.75,0.0,0.0,4.0,6.0,39.0,1.8,0.8,-0.2,0.2,55.0,-82.0,16.0,12.0,495.0,-0.25,0.0,0.0,0.0,-0.1,0.3300000000000004,0.0
1257,202107060512,1,0,2,10,0,0,0,0,0,0,0,0,1,0,1,4,0,0,0,0,0,0,0,0,0,0,0,0,0,0,0,0,0,0,0,0,0.0,0.0,60.0,3.0,41.2,0.6,0.18181818181818182,0.0,0.0,140.0,16.0,39.1,3.4,0.875,0.0,0.0,160.0,16.0,37.1,2.7,0.6875,6.5,24.0,-500.0,0.0,0.14285714285714285,7,13,213.0,13.0,1576,1309,1577,0.0,0.0,130.0,14.0,38.1,4.0,0.8666666666666667,0.0,0.0,110.0,14.0,37.8,2.2,0.5625,2.0,0.2,55.0,-799.0,16.0,11.0,494.0,0.18181818181818182,0.0625,0.0,0.0,0.0,0.7800000000000011,0.0
1258,202107060512,0,0,0,1,1,0,1,5,0,0,0,0,0,0,0,0,1,0,0,2,0,0,0,0,0,0,0,0,0,0,0,0,0,0,0,0,0.0,0.0,8.0,10.0,44.4,4.6,0.2,0.0,0.0,10.0,15.0,37.4,4.6,1.0,0.0,0.0,6.0,5.0,37.9,0.8,0.3,-2.5,14.0,-100.0,,,8,15,50.5,10.0,1655,1558,239,0.0,0.0,14.0,15.0,43.0,8.1,1.0,0.0,0.0,5.0,15.0,41.0,7.8,1.0,1.0,0.0,55.0,-885.0,16.0,10.0,506.0,0.8,0.0,0.0,-0.0625,0.0,0.11999999999999958,0.0
1259,202107060512,0,0,0,0,1,0,1,4,0,0,0,0,0,0,0,0,0,0,0,1,0,0,0,0,0,0,0,0,0,0,0,0,0,0,0,0,0.0,0.0,110.0,9.0,33.8,0.5,0.4117647058823529,0.0,0.0,160.0,9.0,33.3,0.5,0.5,0.0,0.0,70.0,9.0,37.7,0.6,0.21428571428571427,0.0,2.0,0.0,,,6,11,,,1397,1376,1428,0.0,0.0,60.0,1.0,35.9,0.0,0.5454545454545454,0.0,0.0,20.0,7.0,35.2,0.4,0.3076923076923077,-1.2,0.2,56.0,-917.0,16.0,17.0,464.0,0.0,0.05555555555555555,0.0,-0.09090909090909091,0.0,-0.5400000000000013,0.0
1260,202107060602,1,2,1,4,0,0,0,1,0,0,0,0,0,1,1,1,0,0,0,1,0,0,0,0,0,0,0,0,0,0,0,0,0,0,0,0,0.0,0.0,8.0,2.0,35.6,0.5,0.1875,0.0,0.0,9.0,10.0,37.9,1.6,0.26666666666666666,0.0,0.0,7.0,12.0,38.2,1.4,0.375,5.0,-2.0,200.0,0.015625,0.109375,6,12,2.9,2.0,1228,1221,1108,0.0,0.0,7.0,1.0,36.4,0.0,0.125,0.0,0.0,3.0,1.0,37.2,0.0,0.1875,-1.1,0.6,54.0,-279.0,16.0,16.0,484.0,0.0,0.0,0.0,-0.0625,0.0,-0.1700000000000003,0.0
1261,202107060602,0,0,0,0,1,0,0,2,0,0,0,0,0,0,0,0,1,0,0,0,0,0,0,0,0,0,0,0,0,0,0,0,0,0,0,0,0.0,0.0,14.0,,,,,0.0,0.0,10.0,11.0,37.5,0.8,0.6,0.0,0.0,10.0,9.0,37.6,1.4,0.7142857142857143,-2.0,0.0,200.0,0.0759493670886076,0.21518987341772153,4,8,15.9,4.0,1152,460,1428,0.0,0.0,10.0,9.0,36.9,1.2,0.8,0.0,0.0,8.0,14.0,36.2,1.4,1.0,0.9,0.0,54.0,-448.0,16.0,16.0,524.0,,0.26666666666666666,0.14285714285714285,0.0,-0.0625,0.4599999999999994,0.0
1262,202107060602,0,0,0,10,0,0,0,1,0,0,0,0,0,0,0,5,0,0,0,0,0,0,0,0,0,0,0,1,0,0,0,0,0,0,0,0,0.0,0.0,2.0,2.0,38.3,0.2,0.06666666666666667,0.0,0.0,5.0,5.0,37.4,1.4,0.14285714285714285,0.0,0.0,1.0,7.0,37.9,0.9,0.25,2.5,10.0,-300.0,0.061224489795918366,0.22448979591836735,2,4,2.5,1.0,1716,565,1167,0.0,0.0,1.0,2.0,37.4,0.6,0.0625,0.0,0.0,1.0,3.0,37.4,0.6,0.0625,-0.1,0.6,54.0,-329.0,16.0,15.0,468.0,0.0,0.14285714285714285,0.0,0.0,0.0,0.17999999999999972,0.0
1263,202107060602,1,0,0,9,1,0,1,4,0,0,0,0,1,0,0,4,0,0,0,1,0,0,0,0,1,0,0,2,0,0,0,0,0,0,0,0,0.0,0.0,9.0,10.0,35.9,1.7,0.8333333333333334,0.0,0.0,11.0,13.0,35.3,1.4,0.8125,0.0,0.0,9.0,9.0,39.1,2.0,0.8,-0.5,-38.0,400.0,0.034482758620689655,0.13793103448275862,2,3,27.2,8.0,1172,1376,1556,0.0,0.0,13.0,11.0,36.4,2.4,0.7857142857142857,0.0,0.0,13.0,8.0,34.4,0.5,0.6875,-0.6,0.0,52.0,-217.0,16.0,12.0,438.0,0.08333333333333333,0.0,0.0,0.0,0.0625,0.18999999999999986,0.0
1264,202107060602,0,0,0,0,0,0,1,4,0,0,0,0,0,0,0,0,0,0,1,2,0,0,0,0,0,0,0,0,0,0,0,0,0,0,0,0,0.0,0.0,4.0,5.0,41.1,1.5,0.5454545454545454,0.0,0.0,7.0,2.0,36.1,0.1,0.8125,0.0,0.0,12.0,6.0,38.1,0.6,0.75,0.5,5.0,170.0,0.07142857142857142,0.23809523809523808,3,5,61.6,13.0,1729,1405,1428,0.0,0.0,11.0,11.0,37.3,0.8,0.75,0.0,0.0,12.0,3.0,36.8,0.2,0.75,0.5,0.4,55.0,-864.0,16.0,11.0,471.0,0.0,-0.1875,0.0,0.0,-0.1875,0.7400000000000013,0.0
1265,202107060602,0,1,0,0,0,0,1,0,0,0,0,0,0,0,0,0,0,0,1,0,0,0,0,0,0,0,0,0,0,0,0,0,0,0,0,0,0.0,0.0,14.0,16.0,35.5,1.6,0.6470588235294118,0.0,0.0,9.0,6.0,34.9,0.8,0.9285714285714286,0.0,0.0,11.0,12.0,34.7,0.8,0.625,-2.0,-6.0,200.0,0.0,0.09090909090909091,3,6,30.9,10.0,1657,14,1317,0.0,0.0,9.0,1.0,34.5,0.0,0.6666666666666666,0.0,0.0,11.0,10.0,34.2,0.8,0.6923076923076923,-1.7,0.2,54.0,-798.0,16.0,17.0,476.0,0.058823529411764705,0.07142857142857142,-0.0625,0.0,0.0,0.29999999999999927,0.0
1266,202107060602,1,0,0,3,0,0,0,0,0,0,0,0,0,0,0,0,0,0,0,0,0,0,0,0,0,0,0,0,0,0,0,0,0,0,0,0,0.0,0.0,14.0,9.0,36.5,1.1,0.9333333333333333,0.0,0.0,10.0,10.0,38.3,1.3,0.375,0.0,0.0,5.0,10.0,36.7,1.0,0.26666666666666666,0.5,-6.0,0.0,0.07936507936507936,0.20634920634920634,5,9,7.2,3.0,1095,1205,1221,0.0,0.0,2.0,2.0,36.6,0.2,0.5,0.0,0.0,12.0,7.0,37.1,0.5,0.5625,-1.2,0.2,53.0,-658.0,16.0,15.0,502.0,-0.06666666666666667,0.0,0.0,0.0,0.0625,0.04999999999999929,0.0
1267,202107060602,1,0,2,10,0,0,4,14,0,0,0,1,1,0,1,4,0,0,0,5,0,0,0,1,0,0,0,1,0,0,0,1,0,0,0,1,0.0,0.0,2.0,2.0,39.6,0.7,0.6,0.0,0.0,13.0,16.0,39.2,3.4,0.8125,0.0,0.0,12.0,4.0,38.1,0.5,0.125,1.0,3.0,-200.0,0.0,0.2727272727272727,8,16,27.1,7.0,1576,1183,1577,0.0,0.0,8.0,11.0,38.2,1.1,0.375,0.0,0.0,7.0,8.0,37.3,0.9,0.375,0.7,0.2,52.0,-394.0,16.0,10.0,455.0,-0.4,0.0,0.0,0.0,-0.0625,0.5600000000000008,0.0
1268,202107060602,1,2,0,8,0,1,1,4,0,0,0,0,0,0,0,3,0,0,0,1,0,0,0,0,0,0,0,0,0,0,0,0,0,0,0,0,0.0,0.0,13.0,17.0,34.3,1.3,1.0,0.0,0.0,13.0,12.0,38.8,2.3,0.06666666666666667,0.0,0.0,3.0,11.0,35.9,1.2,0.1875,-3.0,-2.0,0.0,0.03636363636363636,0.23636363636363636,7,13,41.7,12.0,1691,1428,1167,0.0,0.0,6.0,6.0,35.7,0.6,0.9375,0.0,0.0,9.0,2.0,35.2,0.1,0.0625,-3.6,0.2,55.0,-307.0,16.0,18.0,458.0,0.0,0.0,0.0,-0.25,0.0,0.12999999999999828,0.0
1269,202107060602,0,0,0,1,1,0,1,4,0,0,0,0,0,0,0,1,0,0,0,1,0,0,0,0,0,0,0,0,0,0,0,0,0,0,0,0,0.0,0.0,4.0,7.0,40.2,3.3,0.8888888888888888,0.0,0.0,12.0,12.0,41.2,3.2,0.8333333333333334,0.0,0.0,14.0,13.0,40.8,2.7,0.7857142857142857,3.0,-6.0,0.0,0.0,0.0,1,2,159.4,15.0,1401,1376,517,0.0,0.0,14.0,16.0,39.4,3.4,0.25,0.0,0.0,14.0,13.0,40.5,2.6,0.75,1.6,0.0,51.0,-939.0,16.0,9.0,446.0,-0.1111111111111111,-0.3333333333333333,0.14285714285714285,0.125,0.125,0.120000000000001,0.0
1270,202107060602,0,0,1,1,0,0,0,0,0,0,0,0,0,0,0,1,0,0,0,0,0,0,0,0,0,0,0,0,0,0,0,0,0,0,0,0,0.0,0.0,8.0,8.0,44.8,4.0,0.75,0.0,0.0,9.0,,,,0.7,0.0,0.0,9.0,8.0,38.7,1.3,0.6875,0.0,5.0,-200.0,0.06666666666666667,0.16666666666666666,5,10,29.9,9.0,1734,223,1104,0.0,0.0,9.0,11.0,37.5,1.2,0.5,0.0,0.0,13.0,9.0,37.4,1.2,0.375,0.6,0.0,55.0,-252.0,16.0,8.0,475.0,0.125,0.3,0.0,0.0,0.0,2.34,0.0
1271,202107060602,1,0,0,4,0,3,0,5,0,0,0,0,0,0,0,2,0,1,0,3,0,0,0,0,0,0,0,0,0,1,0,0,0,0,0,0,0.0,0.0,13.0,15.0,39.5,2.7,0.25,0.0,0.0,3.0,4.0,37.4,0.5,0.1,0.0,0.0,3.0,1.0,35.6,0.0,0.09090909090909091,-7.0,0.0,0.0,0.0,0.1111111111111111,6,11,23.1,6.0,1403,1235,939,0.0,0.0,3.0,3.0,38.0,0.3,0.09090909090909091,0.0,0.0,5.0,8.0,38.0,1.0,0.2,-1.5000000000000002,0.4,54.0,-294.0,16.0,16.0,534.0,0.0,0.0,0.0,0.0,0.0,0.23999999999999985,0.0
1272,202107060602,0,0,0,0,0,0,0,0,0,0,0,0,0,0,0,0,0,0,0,0,0,0,0,0,0,0,0,0,0,0,0,0,0,0,0,0,0.0,0.0,110.0,12.0,36.2,0.9,0.25,0.0,0.0,180.0,16.0,34.7,1.6,0.7222222222222222,0.0,0.0,90.0,12.0,36.8,2.4,0.6923076923076923,0.0,-8.0,-400.0,0.03333333333333333,0.13333333333333333,1,1,153.0,14.0,1098,1673,1294,0.0,0.0,40.0,13.0,37.1,1.3,0.8333333333333334,,,,,,,,-0.1,0.0,52.0,28.0,16.0,16.0,468.0,0.25,0.1111111111111111,-0.3076923076923077,0.0,,-0.479999999999999,0.0
1273,202107060602,0,1,0,2,1,0,1,5,0,0,0,0,0,1,0,0,1,0,0,2,0,0,0,0,0,0,0,0,0,0,0,0,0,0,0,0,0.0,0.0,15.0,8.0,38.5,2.2,1.0,0.0,0.0,11.0,14.0,38.3,2.6,0.9285714285714286,0.0,0.0,14.0,12.0,37.9,1.5,0.7857142857142857,2.0,-6.0,-400.0,0.0,0.0,4,7,317.9,16.0,1520,1558,695,0.0,0.0,14.0,11.0,36.8,1.3,0.8125,0.0,0.0,14.0,12.0,36.9,1.5,0.8666666666666667,0.5,0.0,55.0,-237.0,16.0,15.0,490.0,-0.3333333333333333,0.0,0.07142857142857142,-0.0625,0.13333333333333333,0.4700000000000003,0.0
1274,202107060602,1,0,0,4,0,0,0,1,0,0,0,0,0,0,0,0,0,0,0,0,0,0,0,0,0,0,0,0,0,0,0,0,0,0,0,0,0.0,0.0,5.0,1.0,37.2,0.0,0.9,0.0,0.0,13.0,14.0,37.0,2.0,1.0,0.0,0.0,5.0,15.0,38.1,2.0,0.625,7.0,10.0,0.0,0.0,0.0,8,15,22.6,5.0,1304,249,1503,0.0,0.0,9.0,14.0,38.1,2.5,0.6875,0.0,0.0,7.0,3.0,37.1,0.2,0.1875,0.4,0.4,51.0,-338.0,16.0,10.0,502.0,-0.7,-0.0625,0.0625,0.1875,0.0,-0.08999999999999986,0.0
1275,202107060602,1,0,2,10,0,0,0,0,0,0,0,0,1,0,1,4,0,0,0,0,0,0,0,0,0,0,0,1,0,0,0,0,0,0,0,0,0.0,0.0,11.0,16.0,38.6,2.1,0.25,0.0,0.0,9.0,13.0,42.1,3.4,0.13333333333333333,0.0,0.0,6.0,8.0,37.9,1.0,0.5625,-4.0,0.0,0.0,0.08695652173913043,0.1956521739130435,7,14,37.9,11.0,1576,1505,1577,0.0,0.0,1.0,1.0,37.7,0.0,0.125,,,,,,,,-5.0,0.25,54.0,0.0,16.0,16.0,480.0,0.0625,0.2,0.0625,0.0,,0.6899999999999998,0.0
1276,202107060610,0,0,0,0,0,2,0,13,0,0,0,0,0,0,0,0,0,1,0,3,0,0,0,0,0,0,0,0,0,0,0,0,0,0,0,0,0.0,0.0,12.0,10.0,35.6,0.6,0.6666666666666666,0.0,0.0,13.0,13.0,34.0,0.5,0.625,0.0,0.0,10.0,11.0,37.6,1.0,0.5625,0.5,2.0,100.0,0.18518518518518517,0.25925925925925924,5,10,8.5,3.0,1534,1263,1235,0.0,0.0,4.0,11.0,36.2,1.1,0.9375,0.0,0.0,4.0,6.0,35.9,0.3,0.6666666666666666,-1.0,0.0,55.0,-1043.0,16.0,15.0,496.0,-0.06666666666666667,0.0,0.1875,0.0,-0.13333333333333333,-0.2799999999999997,0.0
1277,202107060610,0,0,0,0,0,2,0,13,0,0,0,0,0,0,0,0,0,1,0,3,0,0,0,0,0,0,0,0,0,0,0,0,0,0,0,0,0.0,0.0,40.0,1.0,37.4,0.0,0.3333333333333333,,,,,,,,,,,,,,,,,200.0,0.037037037037037035,0.2222222222222222,2,3,49.9,11.0,1575,1263,1576,,,,,,,,,,,,,,,,1.0,55.0,99.0,16.0,15.0,472.0,0.06666666666666667,,,,,,
1278,202107060610,0,0,0,5,0,0,1,5,0,0,0,0,0,0,0,2,0,0,0,0,0,0,0,0,0,0,0,0,0,0,0,0,0,0,0,0,0.0,0.0,120.0,5.0,37.0,1.4,0.4375,0.0,0.0,30.0,1.0,37.9,0.0,0.21428571428571427,0.0,0.0,30.0,4.0,38.1,0.7,0.3076923076923077,-0.5,8.0,0.0,0.0,0.25,5,9,12.3,5.0,1557,1345,1559,0.0,0.0,60.0,3.0,35.4,0.3,0.8571428571428571,0.0,0.0,70.0,8.0,35.7,1.1,0.375,0.8,0.4,55.0,36.0,16.0,16.0,436.0,-0.0625,-0.07142857142857142,0.07692307692307693,0.14285714285714285,0.125,0.5099999999999995,0.0
1279,202107060610,0,0,0,2,0,0,0,0,0,0,0,0,0,0,0,0,0,0,0,0,0,0,0,0,0,0,0,0,0,0,0,0,0,0,0,0,0.0,0.0,5.0,9.0,33.3,0.5,0.9,0.0,0.0,7.0,3.0,34.5,0.1,0.0625,0.0,0.0,7.0,6.0,35.3,0.8,0.14285714285714285,-1.5,0.0,200.0,0.02040816326530612,0.16326530612244897,3,5,23.4,7.0,1677,1505,1167,0.0,0.0,9.0,10.0,34.8,0.5,0.4375,0.0,0.0,14.0,13.0,35.5,0.9,0.4666666666666667,1.5,0.2,54.0,-994.0,16.0,10.0,466.0,-0.1,0.0,0.0,0.0,0.0,-0.4700000000000003,0.0
1280,202107060610,0,0,0,0,0,0,0,0,0,0,0,0,0,0,0,0,0,0,0,0,0,0,0,0,0,0,0,0,0,0,0,0,0,0,0,0,0.0,0.0,1.0,2.0,38.2,0.9,0.14285714285714285,0.0,0.0,14.0,12.0,38.3,1.6,0.3333333333333333,0.0,0.0,10.0,15.0,37.9,2.3,0.75,6.5,11.0,0.0,0.0,0.11428571428571428,8,15,9.7,4.0,169,939,187,0.0,0.0,6.0,5.0,35.8,0.8,0.8125,0.0,0.0,10.0,11.0,35.2,1.4,0.35714285714285715,1.1,0.2,55.0,-994.0,16.0,14.0,565.0,0.14285714285714285,0.0,0.0,0.0,0.07142857142857142,0.85,0.0
1281,202107060610,1,0,0,5,0,0,0,0,0,0,0,0,0,0,0,3,0,0,0,0,0,0,0,0,0,0,0,0,0,0,0,0,0,0,0,0,0.0,0.0,5.0,3.0,40.7,0.5,0.1,0.0,0.0,13.0,12.0,41.5,4.0,0.3076923076923077,0.0,0.0,11.0,14.0,39.6,2.2,0.375,5.5,-14.0,0.0,0.0,0.07692307692307693,4,8,141.8,16.0,1561,1331,1263,0.0,0.0,6.0,16.0,38.1,2.2,0.5625,0.0,0.0,2.0,6.0,37.8,0.3,0.23076923076923078,1.0,0.2,54.0,-765.0,16.0,10.0,500.0,0.1,0.0,0.0625,0.0625,0.0,0.920000000000001,0.0
1282,202107060610,0,0,0,5,0,0,0,0,0,0,0,0,0,0,0,2,0,0,0,0,0,0,0,0,0,0,0,0,0,0,0,0,0,0,0,0,0.0,0.0,20.0,1.0,36.9,0.0,0.3125,0.0,0.0,50.0,3.0,37.7,0.8,0.3125,,,,,,,,2.0,2.0,0.0,0.015873015873015872,0.1111111111111111,1,1,29.7,8.0,1557,1541,1559,,,,,,,,,,,,,,,2.0,1.0,55.0,36.0,16.0,16.0,502.0,0.0,-0.0625,,,,-0.8000000000000043,0.0
1283,202107060610,0,0,0,0,0,0,0,1,0,0,0,0,0,0,0,0,0,0,0,1,0,0,0,0,0,0,0,0,0,0,0,0,0,0,0,0,0.0,0.0,50.0,1.0,37.9,0.0,0.2,0.0,0.0,50.0,10.0,37.2,4.3,0.7,,,,,,,,9.0,4.0,0.0,0.024390243902439025,0.17073170731707318,2,4,103.4,15.0,1467,1393,336,,,,,,,,,,,,,,,9.0,0.5,55.0,49.0,16.0,15.0,492.0,0.06666666666666667,0.0,,,,0.6999999999999957,0.0
1284,202107060610,0,0,0,0,0,0,0,0,0,0,0,0,0,0,0,0,0,0,0,0,0,0,0,0,0,0,0,0,0,0,0,0,0,0,0,0,0.0,0.0,2.0,4.0,40.5,0.6,1.0,0.0,0.0,11.0,13.0,35.3,2.5,0.9230769230769231,0.0,0.0,10.0,10.0,34.1,1.1,1.0,3.0,-8.0,-200.0,0.0,0.0,4,7,34.3,10.0,1463,760,1167,0.0,0.0,11.0,9.0,33.8,1.6,1.0,0.0,0.0,8.0,10.0,13.5,5.3,0.9166666666666666,0.8,0.0,55.0,-919.0,16.0,10.0,514.0,-0.5,0.07692307692307693,0.0,0.0,-0.08333333333333333,5.55,0.0
1285,202107060610,0,1,0,0,0,0,0,0,0,0,0,0,0,0,0,0,0,0,0,0,0,0,0,0,0,0,0,0,0,0,0,0,0,0,0,0,0.0,0.0,8.0,3.0,39.2,1.3,0.09090909090909091,0.0,0.0,6.0,8.0,38.0,0.9,0.1875,0.0,0.0,2.0,11.0,37.2,1.3,0.1875,4.0,-16.0,500.0,0.06896551724137931,0.1724137931034483,3,6,2.2,1.0,1657,617,1317,0.0,0.0,3.0,5.0,38.7,0.6,0.06666666666666667,0.0,0.0,2.0,5.0,38.6,0.9,0.25,0.1,0.2,55.0,-925.0,16.0,11.0,492.0,0.18181818181818182,0.0,0.0,0.0,0.0,0.05,0.0
1286,202107060610,0,0,0,0,0,0,0,2,0,0,0,0,0,0,0,0,0,0,0,1,0,0,0,0,0,0,0,0,0,0,0,0,0,0,0,0,0.0,0.0,80.0,1.0,36.8,0.0,0.4666666666666667,,,,,,,,,,,,,,,,,100.0,0.08064516129032258,0.20967741935483872,6,11,54.4,13.0,1670,1721,882,,,,,,,,,,,,,,,,1.0,55.0,63.0,16.0,15.0,454.0,-0.06666666666666667,,,,,,
1287,202107060610,1,1,0,0,0,0,0,10,0,0,0,0,1,1,0,0,0,0,0,1,0,0,0,0,0,0,0,0,0,0,0,0,0,0,0,0,0.0,0.0,3.0,7.0,13.7,5.8,0.7,0.0,0.0,4.0,8.0,13.3,4.2,0.75,0.0,0.0,12.0,16.0,35.0,1.0,0.2777777777777778,4.5,-2.0,-1600.0,0.0,0.09523809523809523,6,12,51.5,12.0,1426,1618,306,0.0,0.0,4.0,1.0,34.5,0.0,0.14285714285714285,0.0,0.0,6.0,6.0,34.8,0.6,0.2,-0.9,0.2,55.0,-1001.0,16.0,10.0,444.0,0.0,0.08333333333333333,0.0,0.0,0.0,-6.34,0.0
1288,202107060610,1,1,0,10,0,0,0,0,0,0,0,0,0,0,0,5,0,0,0,0,0,0,0,0,0,0,0,0,0,0,0,0,0,0,0,0,0.0,0.0,11.0,9.0,39.5,2.0,0.9166666666666666,0.0,0.0,4.0,13.0,38.2,3.0,0.8125,0.0,0.0,4.0,11.0,38.0,1.4,0.125,1.0,61.0,0.0,,,1,2,5.6,2.0,1278,1019,625,0.0,0.0,6.0,5.0,38.5,0.4,0.75,0.0,0.0,2.0,13.0,38.4,1.3,0.625,0.0,0.0,54.0,-873.0,16.0,12.0,503.0,0.0,0.0,0.0,0.0,0.0625,0.19000000000000056,0.0
1289,202107060610,1,0,2,10,3,0,2,9,0,0,0,0,1,0,1,4,1,0,0,4,0,0,0,0,0,0,0,1,0,0,0,1,0,0,0,0,0.0,0.0,6.0,10.0,37.6,1.1,0.9285714285714286,0.0,0.0,2.0,1.0,37.4,0.0,0.23076923076923078,0.0,0.0,2.0,2.0,38.6,0.1,0.25,-4.0,0.0,-300.0,0.07692307692307693,0.21794871794871795,8,16,23.4,6.0,1576,1556,1577,0.0,0.0,9.0,6.0,37.2,0.9,0.07692307692307693,0.0,0.0,5.0,6.0,38.1,0.8,0.2,-0.3,0.4,55.0,-245.0,16.0,14.0,510.0,-0.21428571428571427,-0.07692307692307693,0.0,0.0,-0.06666666666666667,-0.08000000000000043,0.0
1290,202107060610,1,0,0,9,0,0,0,0,0,0,0,0,1,0,0,4,0,0,0,0,0,0,0,0,1,0,0,2,0,0,0,0,0,0,0,0,0.0,0.0,10.0,7.0,41.3,2.6,0.3333333333333333,0.0,0.0,8.0,15.0,40.3,2.7,0.3125,0.0,0.0,11.0,7.0,38.3,1.0,0.21428571428571427,0.0,-18.0,170.0,0.0,0.0,7,13,30.2,9.0,1172,1348,1556,0.0,0.0,11.0,7.0,37.8,1.6,0.6153846153846154,0.0,0.0,15.0,14.0,39.8,3.6,0.75,0.6,0.0,54.0,-949.0,16.0,12.0,460.0,0.0,-0.0625,0.0,-0.07692307692307693,0.125,0.55,0.0
1291,202107060610,0,0,0,0,0,0,0,0,0,0,0,0,0,0,0,0,0,0,0,0,0,0,0,0,0,0,0,0,0,0,0,0,0,0,0,0,0.0,0.0,1.0,2.0,38.0,0.1,0.1875,0.0,0.0,13.0,14.0,39.6,3.2,0.4375,0.0,0.0,10.0,15.0,38.1,2.6,0.1875,6.5,-3.0,200.0,0.11290322580645161,0.22580645161290322,7,14,54.5,14.0,1467,994,336,0.0,0.0,6.0,13.0,39.5,2.0,0.26666666666666666,0.0,0.0,11.0,7.0,36.1,0.8,0.625,0.9,0.2,55.0,-879.0,16.0,16.0,525.0,0.0,0.0625,0.0625,0.13333333333333333,0.125,0.38999999999999985,0.0
