,race_id,f_course1,f_course2,f_course3,f_courseout,mf_course1,mf_course2,mf_course3,mf_courseout,f_mf_course1,f_mf_course2,f_mf_course3,f_mf_courseout,f_len1,f_len2,f_len3,f_lenout,mf_len1,mf_len2,mf_len3,mf_classout,f_mf_len1,f_mf_len2,f_mf_len3,f_mf_classout,f_class1,f_class2,f_class3,f_classout,mf_class1,mf_class2,mf_class3,mf_classout,f_mf_class1,f_mf_class2,f_mf_class3,f_mf_classout,time_df_course1,time_df_class1,ninki_1,result_1,agari_1,margin_1,corner_ratio_1,time_df_course2,time_df_class2,ninki_2,result_2,agari_2,margin_2,corner_ratio_2,time_df_course3,time_df_class3,ninki_3,result_3,agari_3,margin_3,corner_ratio_3,rank_trend,weight_change,dist_change,jockey_win_rate,jockey_place_rate,waku,umaban,current_odds,current_popularity,father_cat,mother_father_cat,paternal_gf_cat,time_df_course4,time_df_class4,ninki_4,result_4,agari_4,margin_4,corner_ratio_4,time_df_course5,time_df_class5,ninki_5,result_5,agari_5,margin_5,corner_ratio_5,rank_trend_5,win_rate_recent5,kinryo,days_since_last_race,n_horses_today,n_horses_1,horse_weight_abs_1,corner_chase_1,corner_chase_2,corner_chase_3,corner_chase_4,corner_chase_5,agari_trend_5,time_diff_trend_5,agari_df_course_1,agari_df_course_2,agari_df_course_3,agari_df_course_4,agari_df_course_5,corner_ratio_std5,agari_std5,kinryo_diff_1,same_course_cnt5,same_course_pr5,trainer_win_rate,trainer_place_rate,same_cond_cnt5,same_cond_pr5,f_ground_delta,mf_ground_delta
0,202301010101,0,2,0,9,18,17,20,111,0,0,0,1,0,1,0,6,3,3,1,21,0,0,0,0,0,0,0,1,0,2,0,8,0,0,0,0,0.0,0.0,10.0,2.0,34.3,0.2,0.07692307692307693,,,,,,,,,,,,,,,,,0.0,0.1388888888888889,0.3611111111111111,5,5,1.2,1.0,1534,1428,1235,,,,,,,,,,,,,,,,1.0,55.0,14.0,8.0,13.0,456.0,0.0,,,,,,,-0.8531000000000049,,,,,,,0.0,1.0,1.0,0.0,0.0,1.0,1.0,,-0.02899971980947047
1,202301010101,19,14,15,111,1,1,0,1,0,0,0,0,9,5,6,52,1,0,0,0,0,0,0,0,2,3,0,7,0,0,0,0,0,0,0,0,0.0,0.0,1.0,,,,0.5333333333333333,0.0,0.0,3.0,2.0,34.0,0.0,0.2,0.0,0.0,3.0,5.0,36.2,0.1,0.06666666666666667,3.0,4.0,0.0,0.15384615384615385,0.3076923076923077,8,8,4.1,2.0,1716,286,1167,0.0,0.0,1.0,1.0,34.6,0.0,0.125,0.0,0.0,3.0,3.0,33.8,0.3,0.125,-0.1,0.75,55.0,-427.0,8.0,15.0,496.0,0.4666666666666667,0.0,0.0,0.0,,0.220000000000001,0.0,,-1.153100000000002,0.8346000000000018,-0.5531000000000006,0.25659999999999883,0.16711606080140168,0.9420721840708404,1.0,4.0,0.5,0.08695652173913043,0.21739130434782608,3.0,0.6666666666666666,0.015186378278877144,
2,202301010101,2,3,1,30,0,1,4,12,0,0,0,0,1,2,0,7,0,0,1,6,0,0,0,0,1,2,0,3,0,0,0,5,0,0,0,0,0.0,0.0,50.0,6.0,36.4,1.9,0.25,,,,,,,,,,,,,,,,,-400.0,0.14285714285714285,0.40816326530612246,6,6,59.9,6.0,1677,1506,1167,,,,,,,,,,,,,,,,0.0,55.0,20.0,8.0,8.0,444.0,0.0,,,,,,,1.3252999999999986,,,,,,,0.0,0.0,,0.0,0.0,0.0,,0.11904761904761904,
3,202301010101,0,0,0,0,3,8,4,40,0,0,0,0,0,0,0,0,2,3,2,13,0,0,0,0,0,0,0,0,1,1,1,4,0,0,0,0,0.0,0.0,11.0,5.0,37.7,1.2,0.125,0.0,0.0,8.0,5.0,38.4,0.5,0.125,0.0,0.0,5.0,10.0,38.2,0.8,0.6,2.5,0.0,0.0,0.3,0.525,4,4,16.6,3.0,1579,1362,1605,0.0,0.0,7.0,4.0,37.6,1.2,0.125,0.0,0.0,6.0,5.0,38.9,1.1,0.25,-0.1,0.0,55.0,-406.0,8.0,16.0,472.0,0.0,0.0,0.0,0.0,0.0,-0.15999999999999942,0.0,-0.12109999999999843,0.488900000000001,0.28890000000000526,0.1659000000000006,1.0788999999999973,0.183983694929741,0.4758150901348114,0.0,0.0,,0.05,0.15,0.0,,,-0.05844155844155843
4,202301010101,1,2,2,21,5,8,3,30,0,0,0,0,0,0,2,8,4,2,1,8,0,0,0,0,0,0,2,3,3,1,1,2,0,0,0,0,0.0,0.0,3.0,3.0,39.8,0.8,0.7142857142857143,0.0,0.0,8.0,7.0,39.0,1.6,0.9285714285714286,0.0,0.0,9.0,7.0,35.4,0.7,0.75,2.0,8.0,-200.0,0.07462686567164178,0.2835820895522388,1,1,23.9,5.0,1729,1036,1428,0.0,0.0,9.0,3.0,35.3,0.6,0.6666666666666666,0.0,0.0,6.0,6.0,36.9,0.9,0.75,0.2,0.4,55.0,-452.0,8.0,7.0,458.0,-0.14285714285714285,-0.6428571428571429,0.0,0.0,0.16666666666666666,0.95,0.0,1.5204999999999984,-0.3926000000000016,-0.8742000000000019,-1.1411000000000016,0.45889999999999986,0.0887683422967012,1.838912722235615,1.0,0.0,,0.0,0.0,0.0,,-0.04945054945054947,-0.19397993311036787
5,202301010101,19,14,15,111,18,17,20,111,3,0,1,16,9,5,6,52,3,3,1,21,2,0,0,5,2,3,0,7,0,2,0,8,0,0,0,2,0.0,0.0,4.0,7.0,42.0,3.9,0.4166666666666667,0.0,0.0,15.0,17.0,38.8,3.4,0.1111111111111111,0.0,0.0,10.0,15.0,39.7,3.9,0.75,4.0,8.0,-300.0,0.10526315789473684,0.3157894736842105,2,2,61.8,7.0,1716,1428,1167,0.0,0.0,9.0,10.0,39.9,2.1,0.8666666666666667,0.0,0.0,7.0,6.0,35.1,1.2,0.625,-0.9,0.0,55.0,-452.0,8.0,12.0,478.0,0.0,0.1111111111111111,0.0625,-0.06666666666666667,0.125,1.2699999999999996,0.0,,3.725299999999997,1.546200000000006,2.2357000000000014,-0.05310000000000059,0.2669188622266056,2.258317958127243,-1.0,1.0,0.0,0.0,0.0,1.0,0.0,0.015186378278877144,-0.02899971980947047
6,202301010101,2,4,3,10,5,3,3,45,0,0,1,2,1,0,2,3,1,1,2,18,0,0,0,0,1,0,1,2,0,0,1,9,0,0,0,0,0.0,0.0,9.0,7.0,38.3,0.8,0.45454545454545453,0.0,0.0,14.0,13.0,36.4,1.1,0.2222222222222222,0.0,0.0,8.0,14.0,39.6,3.2,0.1875,3.5,24.0,200.0,0.0,0.0,3,3,18.8,4.0,1289,1366,1428,0.0,0.0,12.0,9.0,35.5,0.6,0.6875,0.0,0.0,6.0,8.0,35.8,1.1,0.18181818181818182,-0.2,0.0,53.0,-453.0,8.0,11.0,438.0,0.0,0.0,0.1875,0.125,0.0,0.5899999999999999,0.0,2.0257999999999967,0.48339999999999606,3.683399999999999,0.39350000000000307,-0.5748999999999995,0.1978891870311323,1.5765785740013094,1.0,0.0,,,,0.0,,-0.07368421052631574,0.16720779220779222
7,202301010101,0,0,0,0,0,0,0,0,0,0,0,0,0,0,0,0,0,0,0,0,0,0,0,0,0,0,0,0,0,0,0,0,0,0,0,0,0.0,0.0,3.0,5.0,43.0,2.0,0.3333333333333333,0.0,0.0,8.0,8.0,36.6,2.4,0.375,0.0,0.0,9.0,11.0,35.5,1.8,0.45454545454545453,3.0,6.0,-300.0,,,7,7,251.3,8.0,1564,1431,334,,,,,,,,,,,,,,,3.0,0.0,52.0,-103.0,8.0,12.0,400.0,0.0,0.125,0.0,,,3.75,0.0,,1.4468999999999994,1.7128000000000014,,,0.05028360543368656,3.306895153396242,-2.0,1.0,0.0,0.0,0.2857142857142857,1.0,0.0,,
8,202301010107,8,5,7,77,8,4,5,58,1,0,0,2,0,0,0,13,5,4,5,26,0,0,0,0,0,0,0,4,1,1,1,7,0,0,0,0,0.0,0.0,9.0,8.0,33.1,0.9,0.8888888888888888,0.0,0.0,13.0,13.0,34.3,1.1,1.0,0.0,0.0,12.0,11.0,33.8,1.6,1.0,1.5,2.0,-600.0,0.2926829268292683,0.5121951219512195,6,12,5.6,4.0,1127,1235,1328,0.0,0.0,7.0,10.0,13.7,7.6,0.9166666666666666,0.0,0.0,9.0,13.0,13.6,4.2,0.7857142857142857,0.7,0.0,58.0,-414.0,16.0,9.0,460.0,-0.2222222222222222,0.0,0.0,0.0,0.0,5.96,0.0,-2.3592000000000013,-0.8064999999999998,-1.3531000000000049,,,0.07974512182273315,9.846217547870857,0.0,1.0,0.0,0.0,0.0,1.0,0.0,0.05307369224894998,-0.026666666666666644
9,202301010107,20,31,19,153,0,2,2,14,0,0,2,3,0,1,3,33,0,2,2,5,0,0,2,2,0,0,0,4,0,2,0,1,0,0,0,0,0.0,0.0,20.0,2.0,34.3,0.2,0.8333333333333334,0.0,0.0,50.0,2.0,33.9,0.2,0.8333333333333334,0.0,0.0,60.0,3.0,35.0,0.2,0.7777777777777778,0.5,-4.0,0.0,0.0,0.0,2,3,4.2,1.0,1428,460,1263,0.0,0.0,50.0,1.0,34.6,0.0,0.7142857142857143,0.0,0.0,40.0,5.0,35.7,1.0,0.125,0.5,0.8,56.0,21.0,16.0,12.0,436.0,0.0,-0.1111111111111111,-0.05555555555555555,0.0,0.0,-0.3500000000000014,0.0,-0.8531000000000049,-1.2064999999999984,-0.153100000000002,-1.494799999999998,0.5469000000000008,0.2694733719890266,0.6164414002968993,0.0,4.0,0.75,0.13636363636363635,0.4090909090909091,3.0,0.6666666666666666,0.011098654708520173,-0.2222222222222222
10,202301010107,1,2,0,3,1,3,0,12,0,1,0,2,0,1,0,2,0,1,0,5,0,1,0,2,0,0,0,1,0,0,0,1,0,0,0,1,0.0,0.0,30.0,11.0,35.2,0.9,0.3333333333333333,0.0,0.0,100.0,7.0,34.8,0.7,0.2857142857142857,0.0,0.0,30.0,6.0,35.7,0.4,0.36363636363636365,-2.5,0.0,0.0,0.13095238095238096,0.2619047619047619,3,5,21.7,7.0,204,779,4,0.0,0.0,40.0,3.0,36.5,0.2,0.1875,0.0,0.0,80.0,3.0,36.1,0.5,0.3125,-2.0,0.4,56.0,-175.0,16.0,18.0,482.0,0.2777777777777778,-0.07142857142857142,0.0,0.0,-0.0625,-0.35,0.0,0.04690000000000083,-0.35310000000000485,0.5469000000000008,0.40520000000000067,0.005200000000002092,0.06019520018985892,0.6086049621881181,0.0,5.0,0.4,0.0,0.13333333333333333,3.0,0.0,,
11,202301010107,1,1,1,18,4,5,2,8,0,0,0,0,1,1,0,13,2,0,1,3,0,0,0,0,0,0,0,3,0,0,0,1,0,0,0,0,0.0,0.0,9.0,3.0,38.5,1.2,0.5833333333333334,0.0,0.0,7.0,6.0,34.9,0.6,0.4375,0.0,0.0,9.0,4.0,34.1,0.6,0.8125,0.5,3.0,-500.0,0.1111111111111111,0.3333333333333333,7,13,34.1,9.0,1064,1438,1556,0.0,0.0,9.0,8.0,36.9,0.6,0.625,0.0,0.0,13.0,5.0,35.3,0.3,0.25,0.6,0.2,53.0,-289.0,16.0,12.0,413.0,-0.3333333333333333,0.0625,-0.0625,0.0,0.0,0.44000000000000056,0.0,-0.8926000000000016,-0.25310000000000343,-1.0531000000000006,0.8051999999999992,0.14689999999999515,0.1886538570445295,1.57175061635108,1.0,4.0,0.0,0.09090909090909091,0.2727272727272727,3.0,0.0,,
12,202301010107,1,1,1,27,0,0,0,1,0,0,0,0,1,1,1,13,0,0,0,0,0,0,0,0,1,0,0,4,0,0,0,0,0,0,0,0,0.0,0.0,12.0,16.0,35.4,1.7,0.625,0.0,0.0,8.0,11.0,34.9,0.7,0.29411764705882354,0.0,0.0,7.0,12.0,35.1,0.9,0.5,-2.0,2.0,0.0,0.17647058823529413,0.3235294117647059,8,15,14.2,6.0,1674,1337,1428,0.0,0.0,6.0,7.0,35.6,0.4,0.6,0.0,0.0,9.0,15.0,35.0,0.7,0.625,-0.6,0.0,58.0,-259.0,16.0,16.0,502.0,0.0625,0.058823529411764705,0.16666666666666666,0.0,0.1875,0.009999999999999431,0.0,0.24689999999999657,-0.25310000000000343,-0.05310000000000059,0.4468999999999994,-0.153100000000002,0.12608216687052998,0.2607680962081064,1.0,5.0,0.0,0.0,0.3333333333333333,5.0,0.0,0.1857142857142857,
13,202301010107,3,4,6,40,4,5,6,61,0,1,1,1,2,1,2,17,2,1,1,7,0,0,0,0,0,0,1,8,1,0,0,3,0,0,0,0,0.0,0.0,60.0,7.0,35.6,0.4,1.0,0.0,0.0,60.0,6.0,35.7,0.9,0.5,0.0,0.0,30.0,9.0,36.1,1.0,0.9090909090909091,1.0,-2.0,-1400.0,0.0,0.125,6,11,121.7,15.0,1431,1306,1428,0.0,0.0,10.0,6.0,37.9,0.7,0.25,0.0,0.0,40.0,2.0,36.4,0.0,0.1875,-1.0,0.2,58.0,42.0,16.0,8.0,458.0,-0.25,0.07142857142857142,-0.45454545454545453,0.08333333333333333,-0.0625,-0.379999999999999,0.0,-1.3412999999999968,-1.2412999999999954,0.07000000000000028,-0.05910000000000082,-1.9605999999999995,0.3327120587679184,0.8309031231136382,0.0,0.0,,0.0,0.16666666666666666,0.0,,-0.18278301886792453,0.15977443609022557
14,202301010107,0,2,0,9,1,0,0,4,0,0,0,0,0,1,0,6,0,0,0,3,0,0,0,0,0,0,0,1,0,0,0,0,0,0,0,0,0.0,0.0,13.0,10.0,35.5,0.9,0.5384615384615384,0.0,0.0,9.0,11.0,37.2,2.2,0.18181818181818182,0.0,0.0,9.0,14.0,35.9,1.0,0.14285714285714285,2.0,-8.0,-300.0,0.14893617021276595,0.425531914893617,1,1,44.2,10.0,1534,1561,1235,0.0,0.0,8.0,13.0,39.0,3.0,0.35714285714285715,0.0,0.0,16.0,9.0,34.6,0.5,0.4444444444444444,0.0,0.0,55.0,-392.0,16.0,13.0,498.0,0.07692307692307693,0.09090909090909091,0.0,0.21428571428571427,0.05555555555555555,0.0,0.0,-0.42249999999999943,2.046900000000001,0.7468999999999966,1.3357000000000028,-0.6912999999999982,0.15114722530680008,1.5291827882892222,-3.0,2.0,0.0,0.15384615384615385,0.38461538461538464,2.0,0.0,,
15,202301010107,0,2,0,9,0,0,0,1,0,0,0,1,0,1,0,6,0,0,0,1,0,0,0,1,0,0,0,1,0,0,0,1,0,0,0,1,0.0,0.0,30.0,6.0,37.6,0.8,0.13333333333333333,0.0,0.0,130.0,2.0,37.4,0.4,0.125,0.0,0.0,60.0,10.0,37.8,1.1,0.5384615384615384,2.0,6.0,0.0,,,2,4,5.1,3.0,1534,1614,1235,0.0,0.0,80.0,4.0,35.2,0.5,0.25,0.0,0.0,90.0,11.0,37.9,1.8,0.08333333333333333,1.2,0.2,54.0,76.0,16.0,15.0,456.0,0.0,0.0,-0.07692307692307693,0.0,0.0,0.16000000000000014,0.0,0.18390000000000128,-0.4233000000000047,-0.11110000000000042,0.04690000000000083,1.4588999999999999,0.1657408209339687,1.004788534966436,1.0,1.0,0.0,0.0,0.058823529411764705,1.0,0.0,,
16,202301010107,2,3,1,30,8,11,4,52,1,1,0,2,1,2,0,7,2,2,0,12,1,1,0,1,0,0,0,0,1,1,0,4,0,0,0,0,0.0,0.0,7.0,9.0,41.3,2.8,0.7777777777777778,0.0,0.0,10.0,9.0,36.4,1.8,1.0,0.0,0.0,16.0,16.0,35.9,2.0,0.625,3.5,-1.0,-30.0,0.0,0.0,5,9,150.2,16.0,1677,1294,1167,0.0,0.0,8.0,10.0,37.4,1.2,0.875,0.0,0.0,13.0,11.0,37.4,1.0,0.8125,0.5,0.0,54.0,-418.0,16.0,9.0,481.0,0.2222222222222222,-0.2,0.0,-0.0625,-0.0625,0.6799999999999997,0.0,,-0.041100000000000136,0.7935000000000016,-0.4211000000000027,-0.511099999999999,0.12269479347420986,1.900947132352712,-2.0,0.0,,0.2,0.3,0.0,,0.11904761904761904,-0.05666666666666664
17,202301010107,16,6,5,53,8,4,5,58,1,1,0,0,4,2,0,5,5,4,5,26,1,1,0,0,1,1,0,4,1,1,1,7,0,0,0,0,0.0,0.0,8.0,10.0,35.4,0.9,0.1875,0.0,0.0,6.0,10.0,36.8,1.0,0.1,0.0,0.0,5.0,12.0,36.3,2.1,0.9285714285714286,1.0,8.0,0.0,0.0,0.0,8,16,22.1,8.0,1167,1235,460,0.0,0.0,11.0,8.0,35.8,0.6,0.05555555555555555,0.0,0.0,6.0,12.0,37.0,0.9,0.125,0.2,0.0,53.0,0.0,16.0,16.0,416.0,-0.0625,0.0,0.0,0.0,0.0,-0.22000000000000028,0.0,0.24689999999999657,1.6468999999999951,0.025799999999996714,-0.29480000000000217,1.846899999999998,0.32741386077988305,0.5986651818838309,0.0,4.0,0.0,0.14285714285714285,0.35714285714285715,3.0,0.0,-0.10673076923076924,-0.026666666666666644
18,202301010107,12,7,11,89,1,0,3,12,0,0,0,0,1,0,2,13,0,0,1,3,0,0,0,0,0,0,0,6,0,0,1,2,0,0,0,0,0.0,0.0,150.0,15.0,41.2,3.9,0.375,0.0,0.0,16.0,13.0,36.9,1.7,0.8125,0.0,0.0,13.0,12.0,33.1,1.1,0.7222222222222222,-1.5,0.0,-600.0,0.0,0.14285714285714285,3,6,62.6,12.0,1691,1708,1167,0.0,0.0,14.0,11.0,13.3,4.1,0.6428571428571429,0.0,0.0,12.0,12.0,13.8,7.1,0.8333333333333334,-0.8,0.0,56.0,-511.0,16.0,16.0,454.0,0.0625,0.125,,0.21428571428571427,0.16666666666666666,7.840000000000001,0.0,1.5741000000000014,1.4407999999999959,-0.4433999999999969,,,0.16565927597573654,11.803491009019323,1.0,0.0,,0.0,0.0,0.0,,-0.09420610349402919,-0.08333333333333334
19,202301010107,0,0,0,4,4,5,6,61,0,0,0,0,0,0,0,3,2,1,1,7,0,0,0,0,0,0,0,0,1,0,0,3,0,0,0,0,0.0,0.0,110.0,5.0,33.8,0.6,1.0,0.0,0.0,100.0,7.0,35.2,0.6,0.5,0.0,0.0,70.0,15.0,33.2,1.4,1.0,5.0,-4.0,0.0,0.058823529411764705,0.21568627450980393,4,7,49.5,11.0,1204,1306,1221,0.0,0.0,120.0,4.0,34.0,0.2,0.7692307692307693,0.0,0.0,70.0,11.0,39.4,1.7,0.07142857142857142,0.9,0.0,58.0,14.0,16.0,11.0,474.0,0.0,0.0,,0.0,0.0,-1.0,0.0,-1.3531000000000049,0.04690000000000083,-0.3433999999999955,-1.816200000000002,1.488900000000001,0.3506613896854877,2.2364257197590978,0.0,3.0,0.0,0.1111111111111111,0.4444444444444444,2.0,0.0,,0.15977443609022557
20,202301010107,0,0,0,2,0,0,0,1,0,0,0,0,0,0,0,1,0,0,0,0,0,0,0,0,0,0,0,0,0,0,0,0,0,0,0,0,0.0,0.0,10.0,2.0,36.9,0.0,0.125,0.0,0.0,30.0,3.0,37.1,0.9,0.16666666666666666,0.0,0.0,70.0,2.0,35.0,0.0,0.05555555555555555,0.0,2.0,0.0,0.0,0.0,5,10,4.9,2.0,1684,1337,1328,0.0,0.0,20.0,10.0,34.6,0.7,0.3333333333333333,0.0,0.0,60.0,7.0,34.8,0.8,0.875,1.7,0.6,56.0,97.0,16.0,16.0,446.0,0.0,0.0,0.0,0.05555555555555555,-0.0625,0.6700000000000003,0.0,1.0837999999999965,0.1676000000000002,-0.816200000000002,-0.5531000000000006,-0.35310000000000485,0.2964033371465391,1.0870142593360956,2.0,5.0,0.6,0.16666666666666666,0.25,2.0,0.0,,
21,202301010107,0,1,0,3,4,5,6,61,0,0,0,0,0,1,0,3,2,1,1,7,0,0,0,0,0,0,0,0,1,0,0,3,0,0,0,0,0.0,0.0,15.0,7.0,35.7,0.4,1.0,0.0,0.0,14.0,14.0,35.2,1.3,0.625,0.0,0.0,10.0,9.0,34.5,0.9,0.6363636363636364,1.0,-6.0,0.0,0.0,0.047619047619047616,7,14,115.5,14.0,1699,1306,1313,0.0,0.0,10.0,10.0,37.2,3.9,1.0,0.0,0.0,10.0,11.0,35.9,1.2,0.36363636363636365,0.4,0.0,52.0,-36.0,16.0,16.0,424.0,-0.0625,0.125,0.0,0.0,0.0,-0.23999999999999916,0.0,-0.3947999999999965,0.04690000000000083,-0.653100000000002,1.9087000000000032,0.6086999999999989,0.24482241835445873,0.892188320927819,-2.0,3.0,0.0,0.0,0.0,2.0,0.0,,0.15977443609022557
22,202301010107,19,14,15,111,2,7,5,70,1,1,2,1,9,5,6,52,2,2,3,25,1,1,2,0,0,0,2,17,0,0,1,9,0,0,1,0,0.0,0.0,11.0,9.0,34.0,0.7,0.6923076923076923,0.0,0.0,7.0,11.0,34.5,1.0,0.4666666666666667,0.0,0.0,6.0,1.0,34.0,0.0,0.26666666666666666,-4.0,-2.0,0.0,0.14084507042253522,0.36619718309859156,4,8,6.7,5.0,1716,1556,1167,0.0,0.0,14.0,5.0,34.6,0.2,0.4375,0.0,0.0,5.0,15.0,36.1,1.5,0.125,0.6,0.2,56.0,-246.0,16.0,13.0,506.0,-0.07692307692307693,0.13333333333333333,0.0,-0.0625,0.0,-0.43000000000000044,0.0,-1.153100000000002,-0.6064999999999969,-1.153100000000002,-1.7616000000000014,0.9468999999999994,0.19218175363436632,0.7709734106958559,3.0,3.0,0.3333333333333333,0.0,0.3333333333333333,3.0,0.3333333333333333,0.015186378278877144,0.12745098039215688
23,202301010107,1,2,0,4,3,5,2,20,1,2,0,2,0,0,0,1,1,1,0,5,0,0,0,1,0,0,0,0,0,0,0,1,0,0,0,0,0.0,0.0,12.0,6.0,39.1,1.0,0.7142857142857143,0.0,0.0,14.0,16.0,36.2,1.4,0.4444444444444444,0.0,0.0,13.0,16.0,35.6,1.5,0.5,5.0,9.0,0.0,0.0,0.0,1,2,63.4,13.0,1151,1014,1618,0.0,0.0,13.0,7.0,37.4,0.5,0.1875,0.0,0.0,3.0,6.0,36.0,0.6,0.0625,-0.9,0.0,52.0,-352.0,16.0,14.0,439.0,-0.07142857142857142,0.05555555555555555,0.0,0.0,0.0,0.5000000000000007,0.0,1.2789000000000001,1.0469000000000008,0.4468999999999994,1.3051999999999992,0.846899999999998,0.23158034547904643,1.270590413941487,1.0,4.0,0.0,0.0,0.14285714285714285,3.0,0.0,,-0.1111111111111111
24,202301010111,0,1,0,1,1,2,1,11,0,0,0,1,0,1,0,0,0,1,0,1,0,0,0,0,0,0,0,0,0,0,0,0,0,0,0,0,0.0,0.0,3.0,8.0,34.5,0.8,0.4117647058823529,0.0,0.0,10.0,7.0,32.5,0.6,0.7777777777777778,0.0,0.0,5.0,11.0,34.8,0.8,0.4444444444444444,1.5,-6.0,0.0,0.28205128205128205,0.5128205128205128,7,13,2.3,1.0,272,1543,1433,0.0,0.0,1.0,4.0,33.8,0.5,0.4666666666666667,0.0,0.0,1.0,1.0,33.4,0.0,0.5333333333333333,-1.7,0.2,58.0,-175.0,15.0,17.0,520.0,-0.058823529411764705,0.05555555555555555,-0.1111111111111111,0.0,0.0,0.09000000000000057,0.0,-0.653100000000002,-2.653100000000002,-0.3064999999999998,-1.3531000000000049,-1.7531000000000034,0.13165417087955605,0.8173126696681015,1.0,4.0,0.25,0.09090909090909091,0.2727272727272727,4.0,0.25,,
25,202301010111,0,0,0,1,1,1,1,15,0,0,0,0,0,0,0,1,0,0,0,2,0,0,0,0,0,0,0,0,0,0,0,0,0,0,0,0,0.0,0.0,70.0,7.0,34.8,0.4,0.75,0.0,0.0,40.0,2.0,34.4,0.1,0.3125,0.0,0.0,30.0,7.0,34.5,0.4,0.25,0.0,0.0,0.0,0.13253012048192772,0.25301204819277107,2,3,10.0,4.0,432,324,361,0.0,0.0,40.0,4.0,34.0,0.8,0.375,0.0,0.0,50.0,5.0,35.7,0.1,0.26666666666666666,-0.2,0.2,58.0,21.0,15.0,16.0,490.0,0.0625,-0.0625,-0.0625,0.0,-0.06666666666666667,-0.1400000000000013,0.0,-0.35310000000000485,-0.7531000000000034,-0.653100000000002,-1.153100000000002,0.5469000000000008,0.18473705036558793,0.5706137047074853,0.0,5.0,0.2,0.0,0.125,5.0,0.2,,-0.16666666666666666
26,202301010111,0,0,0,10,0,0,0,1,0,0,0,0,0,0,0,1,0,0,0,0,0,0,0,0,0,0,0,0,0,0,0,0,0,0,0,0,0.0,0.0,10.0,3.0,34.2,0.3,0.2,0.0,0.0,17.0,11.0,34.8,0.8,0.058823529411764705,0.0,0.0,10.0,13.0,35.2,1.1,0.16666666666666666,5.0,4.0,0.0,0.0,0.14285714285714285,3,4,23.3,10.0,1154,557,1561,0.0,0.0,10.0,4.0,35.2,0.1,0.08333333333333333,0.0,0.0,4.0,8.0,36.3,1.5,0.1111111111111111,0.3,0.2,56.0,0.0,15.0,15.0,446.0,0.0,0.0,0.05555555555555555,0.0,0.0,-0.4599999999999994,0.0,-0.9530999999999992,-0.6592000000000056,0.09350000000000591,-1.1748999999999938,1.1935000000000002,0.052276796273259124,0.6858571279792884,0.0,1.0,1.0,0.04,0.16,1.0,1.0,0.5555555555555556,
27,202301010111,6,8,6,63,4,5,2,8,1,1,0,1,1,1,0,3,2,0,1,3,1,0,0,0,0,0,0,0,0,0,0,0,0,0,0,0,0.0,0.0,,,,,,0.0,0.0,140.0,10.0,33.5,0.7,0.875,0.0,0.0,100.0,8.0,33.8,0.2,0.7142857142857143,-2.0,,0.0,0.07407407407407407,0.2037037037037037,2,2,81.7,13.0,1222,1438,1328,0.0,0.0,110.0,13.0,34.0,0.6,0.8,0.0,0.0,90.0,8.0,35.5,0.5,0.6111111111111112,-0.1,0.0,56.0,-238.0,15.0,15.0,,,0.0,-0.21428571428571427,0.0,-0.1111111111111111,-0.6200000000000003,0.0,,-1.606499999999997,-1.3531000000000049,-1.153100000000002,-0.5947999999999993,0.09834962416460072,0.771362431027076,0.0,4.0,0.0,0.09523809523809523,0.2857142857142857,3.0,0.0,0.07482561826252376,
28,202301010111,0,3,3,19,3,3,4,71,0,1,0,3,0,2,1,9,2,2,1,24,0,1,0,2,0,0,0,0,0,0,0,1,0,0,0,0,0.0,0.0,50.0,2.0,34.8,0.1,0.5,0.0,0.0,50.0,4.0,34.5,0.2,0.3125,0.0,0.0,70.0,11.0,33.2,0.5,0.6111111111111112,4.5,0.0,0.0,0.0,0.045454545454545456,3,5,8.3,3.0,1455,1558,1428,0.0,0.0,80.0,3.0,34.6,0.1,0.5833333333333334,0.0,0.0,80.0,6.0,34.8,0.6,0.6,0.7,0.4,56.0,21.0,15.0,16.0,430.0,-0.1875,-0.0625,0.0,0.0,0.2,-0.010000000000000142,0.0,-0.35310000000000485,-0.653100000000002,-1.9530999999999992,-1.7748999999999953,-0.3064999999999998,0.11149793775427774,0.6013318551349145,2.0,3.0,0.3333333333333333,0.0,0.0,3.0,0.3333333333333333,0.18857142857142856,0.05836139169472504
29,202301010111,17,4,7,73,0,0,0,1,0,0,0,0,3,0,0,19,0,0,0,0,0,0,0,0,0,0,0,1,0,0,0,0,0,0,0,0,0.0,0.0,60.0,3.0,35.2,0.2,0.1875,0.0,0.0,80.0,3.0,34.7,0.2,0.125,0.0,0.0,30.0,14.0,35.5,0.8,0.5,5.5,0.0,0.0,0.0,0.0,6,11,7.2,2.0,1152,193,1428,0.0,0.0,70.0,8.0,34.8,1.0,0.375,0.0,0.0,10.0,1.0,34.1,0.0,0.07692307692307693,0.09999999999999983,0.6,56.0,21.0,15.0,16.0,460.0,0.0,0.0,0.05555555555555555,-0.125,0.0,0.21000000000000085,0.0,0.04690000000000083,-0.45309999999999917,-0.5947999999999993,-0.35310000000000485,-1.0531000000000006,0.1597311906123468,0.4758150901348126,1.0,5.0,0.6,0.15384615384615385,0.23076923076923078,4.0,0.75,-0.04995499549954999,
30,202301010111,4,7,7,50,12,13,12,118,0,1,0,3,2,4,5,36,0,1,2,20,0,1,0,3,0,0,0,0,0,0,0,1,0,0,0,0,0.0,0.0,20.0,1.0,34.1,0.0,0.5555555555555556,0.0,0.0,30.0,11.0,34.3,1.0,0.8571428571428571,0.0,0.0,50.0,7.0,35.2,0.6,0.16666666666666666,3.0,16.0,0.0,,,6,10,19.5,8.0,1172,1167,1556,0.0,0.0,10.0,4.0,34.7,0.2,0.4375,0.0,0.0,30.0,4.0,35.2,1.4,0.16666666666666666,-0.1,0.2,56.0,14.0,15.0,9.0,426.0,0.0,-0.07142857142857142,0.0,0.0,0.0,-0.26000000000000084,0.0,-1.0531000000000006,-0.8064999999999998,-0.6161999999999992,-0.45309999999999917,0.04690000000000083,0.2595131908899927,0.45166359162544994,0.0,4.0,0.25,0.08333333333333333,0.4166666666666667,3.0,0.3333333333333333,-0.09803921568627452,0.08629032258064517
31,202301010111,2,6,4,21,2,2,1,0,2,2,1,0,2,3,4,5,2,2,1,0,2,2,1,0,0,1,1,0,0,0,0,0,0,0,0,0,0.0,0.0,10.0,9.0,36.1,0.7,0.8125,0.0,0.0,9.0,11.0,38.1,1.1,0.21428571428571427,0.0,0.0,6.0,8.0,33.5,0.4,0.6666666666666666,-0.5,-6.0,0.0,0.175,0.475,1,1,14.1,6.0,314,168,324,0.0,0.0,15.0,8.0,34.9,0.5,0.7222222222222222,0.0,0.0,9.0,12.0,34.6,1.2,0.75,0.3,0.0,56.0,-119.0,15.0,16.0,460.0,0.0625,0.0,-0.13333333333333333,0.0,-0.0625,0.6200000000000003,0.0,0.7346000000000004,1.911200000000001,-1.653100000000002,-1.1948000000000008,-0.5531000000000006,0.21462751986921524,1.5666524822052916,3.0,4.0,0.0,0.2777777777777778,0.6111111111111112,2.0,0.0,,
32,202301010111,0,0,0,1,5,4,4,32,0,0,0,0,0,0,0,0,0,1,1,7,0,0,0,0,0,0,0,0,0,0,0,0,0,0,0,0,0.0,0.0,40.0,1.0,35.2,0.0,0.23076923076923078,0.0,0.0,160.0,9.0,35.8,0.7,0.75,,,,,,,,8.0,2.0,0.0,0.0,0.0,5,9,15.0,7.0,1113,1503,880,,,,,,,,,,,,,,,8.0,0.5,53.0,27.0,15.0,13.0,484.0,-0.07692307692307693,-0.25,,,,-0.5999999999999943,0.0,0.04690000000000083,0.1500999999999948,,,,0.25961538461538464,0.29999999999999716,0.0,1.0,1.0,0.125,0.25,1.0,1.0,,0.09572649572649577
33,202301010111,17,4,7,73,2,2,3,28,0,0,0,3,3,0,0,19,0,0,0,8,0,0,0,1,0,0,0,1,0,0,0,0,0,0,0,0,0.0,0.0,12.0,4.0,34.8,0.6,0.8571428571428571,0.0,0.0,11.0,13.0,36.2,1.2,0.38461538461538464,0.0,0.0,13.0,12.0,33.6,0.7,0.9375,4.0,8.0,-200.0,0.06666666666666667,0.23333333333333334,4,6,146.4,15.0,1152,1542,1428,0.0,0.0,12.0,8.0,34.6,0.5,0.7692307692307693,0.0,0.0,15.0,10.0,34.1,0.7,0.5333333333333333,0.7,0.0,58.0,-197.0,15.0,14.0,518.0,-0.07142857142857142,0.0,0.0,0.07692307692307693,0.0,0.29999999999999927,0.0,-0.3064999999999998,1.093500000000006,-1.5531000000000006,-0.7653999999999996,-1.0531000000000006,0.20643264030922864,0.8754427451295719,3.0,3.0,0.0,0.07142857142857142,0.2857142857142857,2.0,0.0,-0.04995499549954999,0.2
34,202301010111,2,3,1,30,3,8,4,40,0,0,0,1,1,2,0,7,2,3,2,13,0,0,0,1,0,0,0,0,0,0,0,0,0,0,0,0,0.0,0.0,50.0,,,,0.5,0.0,0.0,60.0,1.0,13.4,0.0,0.45454545454545453,0.0,0.0,110.0,13.0,33.3,0.8,0.5625,12.0,14.0,-1910.0,0.037037037037037035,0.18518518518518517,4,7,109.6,14.0,1677,1362,1167,0.0,0.0,140.0,11.0,32.9,0.8,1.0,0.0,0.0,120.0,8.0,34.3,0.4,1.0,1.9,0.25,58.0,-147.0,15.0,14.0,484.0,0.0,-0.18181818181818182,0.0,0.0,-0.0625,-6.2299999999999995,0.0,,,-1.8531000000000049,-2.2531000000000034,-0.8531000000000049,0.24457966979295942,8.718478938438745,-2.0,3.0,0.0,0.0,0.0,3.0,0.0,0.11904761904761904,-0.05844155844155843
35,202301010111,12,7,11,89,6,5,2,29,1,1,0,1,1,0,2,13,3,3,1,8,0,0,0,0,0,0,0,1,0,0,0,0,0,0,0,0,0.0,0.0,80.0,6.0,35.0,0.4,0.5625,0.0,0.0,120.0,7.0,34.2,0.3,0.625,0.0,0.0,50.0,1.0,35.2,0.0,0.625,-2.5,4.0,0.0,0.0,0.13333333333333333,8,14,35.4,12.0,1691,1393,1167,0.0,0.0,100.0,3.0,34.1,0.2,0.5,0.0,0.0,100.0,7.0,35.7,0.7,0.5,-0.2,0.4,56.0,21.0,15.0,16.0,472.0,-0.25,0.125,0.125,0.0,-0.05555555555555555,-0.13000000000000042,0.0,-0.153100000000002,-0.9530999999999992,0.04690000000000083,-1.4620999999999995,-0.11619999999999919,0.05590169943749474,0.6086049621881178,3.0,4.0,0.25,0.1111111111111111,0.2222222222222222,3.0,0.3333333333333333,-0.09420610349402919,-0.30952380952380953
36,202301010111,1,1,1,27,0,1,2,11,0,0,1,1,1,1,1,13,0,1,1,7,0,0,1,1,0,0,0,0,0,0,0,0,0,0,0,0,0.0,0.0,90.0,1.0,35.5,0.0,0.07692307692307693,0.0,0.0,90.0,9.0,36.2,0.7,0.07692307692307693,0.0,0.0,120.0,16.0,37.4,2.9,0.1875,7.5,4.0,0.0,0.14583333333333334,0.4166666666666667,5,8,20.1,9.0,1674,1507,1428,0.0,0.0,90.0,7.0,36.0,0.5,0.05555555555555555,0.0,0.0,60.0,14.0,36.4,1.2,0.125,2.4,0.2,56.0,27.0,15.0,13.0,458.0,0.0,0.0,0.0,0.0,0.0,-0.15999999999999942,0.0,0.346899999999998,1.0469000000000008,2.2468999999999966,-0.09479999999999933,1.2468999999999966,0.04738293031130172,0.6260990336999405,0.0,5.0,0.2,0.0,0.3333333333333333,4.0,0.25,0.1857142857142857,
37,202301010111,6,10,5,53,0,1,0,0,0,0,0,0,3,1,1,19,0,0,0,0,0,0,0,0,0,0,0,1,0,0,0,0,0,0,0,0,0.0,0.0,16.0,18.0,37.2,1.1,0.05555555555555555,0.0,0.0,11.0,14.0,35.1,1.1,0.2,0.0,0.0,2.0,5.0,35.7,0.4,0.0625,-6.5,0.0,0.0,0.07575757575757576,0.2878787878787879,7,12,23.4,11.0,1317,484,1186,0.0,0.0,7.0,1.0,34.7,0.0,0.06666666666666667,0.0,0.0,9.0,14.0,36.9,1.4,0.125,-2.0999999999999996,0.2,56.0,-91.0,15.0,18.0,496.0,0.0,0.0,0.0,0.0,0.0,0.10000000000000071,0.0,1.1052000000000035,-0.05310000000000059,0.5469000000000008,-0.45309999999999917,0.8051999999999992,0.05495228008390329,0.9806120537705004,0.0,5.0,0.2,0.0,0.2222222222222222,3.0,0.3333333333333333,0.0019305019305019266,
38,202301010111,19,14,15,111,4,5,5,69,1,0,0,4,9,5,6,52,3,0,1,16,0,0,0,2,1,0,0,3,0,0,0,0,0,0,0,0,0.0,0.0,20.0,6.0,34.2,0.3,0.625,0.0,0.0,10.0,7.0,34.3,0.9,0.2,0.0,0.0,40.0,1.0,33.8,0.0,0.2,-2.5,8.0,0.0,0.11764705882352941,0.35294117647058826,8,15,12.4,5.0,1716,1405,1167,0.0,0.0,20.0,3.0,34.4,0.4,0.3,0.0,0.0,40.0,1.0,33.1,0.0,0.16666666666666666,-1.4,0.6,58.0,34.0,15.0,16.0,506.0,-0.0625,0.0,0.0,-0.1,0.0,0.21000000000000013,0.0,-0.9530999999999992,-1.3499000000000052,-1.2747000000000028,-0.6747000000000014,-1.9746999999999986,0.16934514394507383,0.47581509013481205,0.0,1.0,0.0,0.0,0.5,1.0,0.0,0.015186378278877144,0.005238344683080154
39,202301010203,0,0,0,3,1,3,0,12,0,0,0,0,0,0,0,1,0,1,0,5,0,0,0,0,0,0,0,1,0,1,0,2,0,0,0,0,0.0,0.0,30.0,3.0,36.3,0.2,0.125,0.0,0.0,10.0,3.0,38.6,0.2,0.1875,0.0,0.0,20.0,2.0,38.5,0.6,0.1875,-0.5,-10.0,0.0,0.14666666666666667,0.38666666666666666,7,14,3.2,2.0,1676,779,1428,0.0,0.0,30.0,3.0,37.7,0.4,0.25,0.0,0.0,80.0,8.0,37.0,1.4,0.125,1.0,0.8,54.0,7.0,16.0,16.0,506.0,0.0,0.0,0.0,0.0625,0.1875,-0.05000000000000071,0.0,0.4837999999999951,0.32050000000000267,0.6317000000000021,0.2839000000000027,1.9253,0.046770717334674264,0.879545337091842,0.0,1.0,1.0,0.25,0.25,0.0,,,
40,202301010203,8,6,6,68,9,8,9,77,0,0,0,1,0,1,0,13,1,4,3,26,0,0,0,0,0,1,0,8,1,2,2,12,0,0,0,0,0.0,0.0,100.0,3.0,40.5,0.3,0.09090909090909091,0.0,0.0,100.0,9.0,35.1,0.5,0.625,0.0,0.0,160.0,2.0,34.1,0.1,0.3125,-0.5,21.0,-30.0,0.0,0.0,5,10,529.2,16.0,1098,1183,1294,0.0,0.0,80.0,14.0,36.0,1.3,0.4444444444444444,0.0,0.0,90.0,10.0,38.4,2.3,0.6875,1.9,0.4,51.0,-334.0,16.0,11.0,455.0,0.09090909090909091,-0.0625,-0.0625,0.1111111111111111,0.0,0.3300000000000004,0.0,,-0.26539999999999964,-1.0531000000000006,0.9253,0.488900000000001,0.21601266049217782,2.32671442166846,-1.0,2.0,0.5,0.0,0.14285714285714285,1.0,1.0,0.22727272727272727,-0.2124271844660194
41,202301010203,7,9,10,47,3,8,4,40,0,2,1,1,2,2,2,12,2,3,2,13,0,1,0,0,0,1,0,1,1,1,1,4,0,1,0,0,0.0,0.0,5.0,,,,0.36363636363636365,0.0,0.0,4.0,7.0,35.3,0.7,0.3125,0.0,0.0,8.0,4.0,35.1,0.3,0.4375,-3.0,10.0,-30.0,0.0,0.0,7,13,26.7,6.0,1657,1362,1317,0.0,0.0,6.0,3.0,34.6,0.3,0.1875,0.0,0.0,9.0,8.0,36.4,1.4,0.5833333333333334,0.2,0.25,54.0,-123.0,16.0,11.0,432.0,0.6363636363636364,0.0625,-0.1875,0.0,-0.08333333333333333,-0.2800000000000004,0.0,,0.14689999999999515,-0.26539999999999964,-0.5531000000000006,-0.041100000000000136,0.13151632976710015,0.6576473218982942,0.0,3.0,0.3333333333333333,0.07894736842105263,0.23684210526315788,2.0,0.5,-0.16866438356164382,-0.05844155844155843
42,202301010203,1,0,2,6,2,7,5,70,0,0,0,1,0,0,0,1,2,2,3,25,0,0,0,1,0,0,0,0,2,0,0,3,0,0,0,0,0.0,0.0,5.0,7.0,39.8,2.9,0.7142857142857143,0.0,0.0,9.0,8.0,36.2,0.9,0.125,0.0,0.0,3.0,4.0,34.9,0.4,0.0625,-1.5,-2.0,0.0,0.0,0.0,2,3,9.1,3.0,1605,1556,1,0.0,0.0,9.0,2.0,35.4,0.1,0.0625,0.0,0.0,11.0,13.0,42.1,3.0,0.5333333333333333,0.6,0.2,51.0,-366.0,16.0,7.0,460.0,0.14285714285714285,0.0,0.0,0.0,0.13333333333333333,-0.38000000000000045,0.0,1.8888999999999996,1.0469000000000008,-0.25310000000000343,0.24689999999999657,2.5533,0.27185049704527703,2.7981422408448076,-4.0,3.0,0.3333333333333333,0.0,0.0,3.0,0.3333333333333333,-0.3333333333333333,0.12745098039215688
43,202301010203,0,0,0,1,1,0,3,12,0,0,0,0,0,0,0,0,0,0,1,3,0,0,0,0,0,0,0,0,0,0,0,0,0,0,0,0,0.0,0.0,1.0,12.0,45.2,5.5,0.08333333333333333,0.0,0.0,5.0,5.0,34.5,0.5,0.3125,0.0,0.0,15.0,8.0,35.0,0.4,0.3333333333333333,-2.0,32.0,-300.0,0.07272727272727272,0.2,2,4,26.0,5.0,1498,1708,1036,0.0,0.0,8.0,14.0,39.8,2.9,0.6,0.0,0.0,12.0,8.0,34.6,1.1,0.8125,0.1,0.0,54.0,-114.0,16.0,12.0,488.0,0.4166666666666667,0.0625,-0.13333333333333333,0.13333333333333333,-0.1875,1.5900000000000005,0.0,,-0.653100000000002,-0.153100000000002,1.8888999999999996,-0.5531000000000006,0.2523968436147066,4.1887468293034855,0.0,3.0,0.0,0.0,0.0,3.0,0.0,,-0.08333333333333334
44,202301010203,2,2,3,33,18,17,20,111,0,0,0,0,2,2,2,19,3,3,1,21,0,0,0,0,1,0,1,10,0,2,0,8,0,0,0,0,0.0,0.0,2.0,4.0,39.8,0.9,0.9166666666666666,0.0,0.0,3.0,8.0,40.5,1.7,0.42857142857142855,0.0,0.0,1.0,6.0,34.2,0.6,0.625,1.0,-8.0,-200.0,0.3023255813953488,0.5116279069767442,4,7,1.8,1.0,1036,1428,1108,0.0,0.0,1.0,2.0,35.4,0.1,0.5,0.0,0.0,1.0,3.0,34.3,0.1,0.4444444444444444,-0.8,0.4,56.0,-333.0,16.0,12.0,430.0,-0.4166666666666667,-0.21428571428571427,-0.0625,0.0625,-0.05555555555555555,1.61,0.0,1.6462000000000003,1.1073999999999984,-0.9530999999999992,0.24689999999999657,-0.8064999999999998,0.18057256155740375,2.744157429886266,3.0,2.0,0.5,0.045454545454545456,0.13636363636363635,2.0,0.5,0.006818181818181834,-0.02899971980947047
45,202301010203,15,11,20,145,8,4,5,58,0,0,0,2,0,0,1,15,5,4,5,26,0,0,0,0,0,0,1,2,2,0,1,8,0,0,0,0,0.0,0.0,6.0,3.0,40.4,0.0,0.7,0.0,0.0,6.0,14.0,43.2,4.3,0.07142857142857142,0.0,0.0,8.0,7.0,34.9,0.6,0.1875,2.0,10.0,-200.0,0.14285714285714285,0.35714285714285715,6,11,29.1,8.0,1506,1235,199,0.0,0.0,15.0,10.0,35.0,1.1,0.05555555555555555,0.0,0.0,10.0,8.0,39.6,2.8,0.25,0.6,0.2,56.0,-368.0,16.0,10.0,438.0,-0.4,0.14285714285714285,0.0625,0.0,0.0625,0.9799999999999998,0.0,2.1205,3.8074000000000012,-0.25310000000000343,-0.07469999999999999,1.4462000000000046,0.23497263206188543,3.2263911728121264,-1.0,1.0,0.0,0.07692307692307693,0.38461538461538464,1.0,0.0,0.009162303664921462,-0.026666666666666644
46,202301010203,0,0,0,3,0,5,0,18,0,0,0,0,0,0,0,1,0,0,0,0,0,0,0,0,0,0,0,1,0,0,0,0,0,0,0,0,0.0,0.0,8.0,5.0,35.8,0.7,0.8125,0.0,0.0,10.0,8.0,34.4,0.7,0.5,0.0,0.0,2.0,7.0,34.2,1.5,0.6875,1.0,6.0,0.0,0.14,0.42,4,8,32.6,10.0,1676,749,1428,0.0,0.0,9.0,8.0,36.4,1.3,0.2777777777777778,0.0,0.0,4.0,4.0,35.9,1.0,0.1111111111111111,-0.2,0.0,54.0,-42.0,16.0,16.0,448.0,0.125,0.0,0.0,0.0,0.0,-0.22000000000000028,0.0,0.6468999999999951,-0.7531000000000034,-0.9530999999999992,1.1366000000000014,-0.19480000000000075,0.2572783116192067,0.8754427451295703,0.0,4.0,0.0,0.14285714285714285,0.35714285714285715,3.0,0.0,,0.11594202898550723
47,202301010203,7,9,10,47,0,1,1,4,0,0,0,0,2,2,2,12,0,0,0,0,0,0,0,0,0,1,0,1,0,0,0,0,0,0,0,0,0.0,0.0,8.0,,,,1.0,0.0,0.0,7.0,9.0,34.8,1.1,0.5,0.0,0.0,12.0,6.0,35.9,0.8,0.4375,-3.0,-11.0,-200.0,0.0,0.0,3,5,28.7,7.0,1657,61,1317,0.0,0.0,6.0,9.0,36.2,1.2,0.125,0.0,0.0,10.0,14.0,44.0,5.3,0.9333333333333333,1.8,0.0,52.0,-258.0,16.0,10.0,427.0,0.0,0.0625,0.0,0.0,-0.5333333333333333,-2.7900000000000014,0.0,,-0.35310000000000485,0.5345999999999975,0.7408000000000001,4.3740999999999985,0.3265390907345976,3.6601741761834234,-2.0,2.0,0.0,0.0,0.7142857142857143,1.0,0.0,-0.16866438356164382,
48,202301010203,9,6,7,81,1,0,3,12,0,0,0,0,7,2,3,40,0,0,1,3,0,0,0,0,3,0,0,7,0,0,0,0,0,0,0,0,0.0,0.0,10.0,9.0,40.0,2.7,0.5,0.0,0.0,12.0,10.0,35.0,1.2,0.4375,0.0,0.0,11.0,11.0,34.3,1.4,0.75,1.0,-6.0,-500.0,0.09523809523809523,0.2857142857142857,8,16,101.4,12.0,1393,1708,1263,0.0,0.0,10.0,11.0,38.3,1.5,0.5333333333333333,0.0,0.0,6.0,13.0,39.6,2.7,0.6875,0.9,0.0,56.0,-27.0,16.0,14.0,506.0,-0.07142857142857142,-0.0625,0.0,0.0,0.0625,-0.25,0.0,0.6073999999999984,-0.153100000000002,-0.7747000000000028,3.0366,1.3205000000000027,0.11775091412714289,2.356777460856244,0.0,1.0,0.0,0.0625,0.25,1.0,0.0,-0.08859223300970873,-0.08333333333333334
49,202301010203,17,4,7,73,2,4,2,36,0,0,0,0,3,0,0,19,1,1,1,9,0,0,0,0,1,0,0,10,0,1,1,3,0,0,0,0,0.0,0.0,7.0,11.0,42.8,2.1,0.2727272727272727,0.0,0.0,13.0,11.0,34.6,1.3,0.875,0.0,0.0,16.0,10.0,34.1,0.6,0.8333333333333334,-0.5,29.0,-200.0,0.0,0.041666666666666664,6,12,221.4,13.0,1152,1618,1428,0.0,0.0,7.0,7.0,38.9,1.7,0.5625,0.0,0.0,14.0,7.0,37.3,1.5,0.9375,-1.2,0.0,55.0,-151.0,16.0,11.0,467.0,0.2727272727272727,-0.125,-0.1111111111111111,-0.0625,-0.0625,0.6700000000000003,0.0,4.520499999999998,-0.5531000000000006,-1.2653999999999996,0.7462000000000018,-0.6111000000000004,0.24746940058128153,3.1639216172339015,-1.0,2.0,0.0,0.0,0.16666666666666666,1.0,0.0,-0.04995499549954999,0.2027972027972028
50,202301010203,1,0,2,6,0,0,0,3,0,0,0,0,0,0,0,1,0,0,0,1,0,0,0,0,0,0,0,0,0,0,0,0,0,0,0,0,0.0,0.0,40.0,70.0,40.1,1.3,0.9090909090909091,0.0,0.0,140.0,120.0,34.6,1.3,0.875,0.0,0.0,100.0,100.0,35.7,1.3,0.9090909090909091,15.0,22.0,-100.0,0.0,0.0,3,6,296.6,14.0,1605,1520,1,0.0,0.0,140.0,120.0,36.3,2.0,0.0625,0.0,0.0,140.0,80.0,35.5,1.9,0.9375,2.0,0.0,51.0,-267.0,16.0,11.0,426.0,-0.36363636363636365,0.0,0.0,0.0,0.0,0.7500000000000007,0.0,2.5086000000000013,-0.5531000000000006,-0.7410999999999959,1.2252999999999972,0.39350000000000307,0.3386478033455168,1.9095549219648016,-3.0,1.0,0.0,0.0,0.0,1.0,0.0,-0.3333333333333333,
51,202301010203,0,4,2,17,12,13,12,118,0,0,0,0,0,1,1,6,0,1,2,20,0,0,0,0,0,0,1,2,0,0,1,8,0,0,0,0,0.0,0.0,9.0,13.0,35.0,1.4,0.625,0.0,0.0,15.0,5.0,34.4,0.3,0.9375,0.0,0.0,5.0,9.0,34.8,0.6,0.5,-2.0,4.0,0.0,0.043478260869565216,0.13043478260869565,8,15,31.9,9.0,1601,1167,239,0.0,0.0,9.0,5.0,35.1,0.4,0.5625,0.0,0.0,9.0,7.0,37.3,1.8,0.6875,-1.2,0.0,52.0,0.0,16.0,16.0,404.0,-0.0625,0.0,0.0,-0.125,0.0,-0.5299999999999997,0.0,-0.153100000000002,-0.7531000000000034,-0.35310000000000485,-0.05310000000000059,-0.5211000000000041,0.15103807466993216,1.018626526259747,0.0,4.0,0.0,0.0,0.0,4.0,0.0,0.0248447204968944,0.08629032258064517
52,202301010203,0,2,0,9,3,0,2,10,0,0,0,0,0,1,0,6,1,0,0,5,0,0,0,0,0,0,0,1,0,0,0,3,0,0,0,0,0.0,0.0,16.0,12.0,36.6,1.8,1.0,0.0,0.0,11.0,14.0,34.8,1.5,0.875,0.0,0.0,10.0,12.0,38.2,1.4,0.4375,0.0,-2.0,0.0,0.0,0.0,1,1,79.3,11.0,1534,1110,1235,0.0,0.0,9.0,7.0,37.8,1.4,0.6428571428571429,0.0,0.0,9.0,5.0,36.6,1.1,0.1875,-2.1,0.0,52.0,-42.0,16.0,16.0,484.0,-0.25,0.0,-0.0625,-0.14285714285714285,0.0625,-0.3,0.0,1.4468999999999994,-0.35310000000000485,0.37890000000000157,-0.11110000000000042,-1.2210999999999999,0.29323799277747636,1.1865917579353071,-1.0,2.0,0.0,0.0,0.0,2.0,0.0,,
53,202301010203,0,0,0,6,8,11,4,52,0,0,0,0,0,0,0,1,2,2,0,12,0,0,0,0,0,0,0,1,1,1,0,2,0,0,0,0,0.0,0.0,10.0,1.0,39.7,0.0,0.6,0.0,0.0,60.0,6.0,35.4,1.2,0.6666666666666666,0.0,0.0,40.0,15.0,35.4,1.9,0.75,7.0,0.0,-200.0,,,5,9,23.9,4.0,1089,1294,1428,0.0,0.0,100.0,8.0,38.9,2.2,0.125,0.0,0.0,,,,,,3.0,0.25,53.0,-368.0,16.0,10.0,478.0,-0.3,-0.16666666666666666,0.125,0.0,,0.24000000000000127,0.0,1.420500000000004,-1.0411000000000001,0.24689999999999657,0.6204999999999998,,0.24284018235594096,1.9704060495238043,-3.0,1.0,0.0,0.0,0.0,1.0,0.0,,-0.05666666666666664
54,202301010203,0,0,0,4,0,0,0,8,0,0,0,0,0,0,0,1,0,0,0,2,0,0,0,0,0,0,0,1,0,0,0,0,0,0,0,0,0.0,0.0,10.0,10.0,38.5,2.7,1.0,0.0,0.0,15.0,16.0,35.5,2.1,0.75,0.0,0.0,16.0,13.0,38.8,2.9,0.5,1.5,-10.0,200.0,0.0,0.125,1,2,459.0,15.0,1195,1104,1428,0.0,0.0,10.0,11.0,34.3,1.7,1.0,,,,,,,,0.0,0.0,54.0,-360.0,16.0,11.0,370.0,-0.09090909090909091,0.0,0.0,-0.058823529411764705,,0.9300000000000012,0.0,2.0589000000000013,0.346899999999998,2.4383999999999943,-0.8064999999999998,,0.2072890493972125,1.9253246479490156,2.0,1.0,0.0,,,1.0,0.0,,
55,202301010209,0,0,0,1,0,0,0,2,0,0,0,0,0,0,0,0,0,0,0,0,0,0,0,0,0,0,0,0,0,0,0,0,0,0,0,0,0.0,0.0,60.0,3.0,34.7,0.5,0.4444444444444444,0.0,0.0,20.0,1.0,35.1,0.0,0.13333333333333333,0.0,0.0,60.0,5.0,36.3,0.9,0.8125,1.0,0.0,0.0,0.0,0.1111111111111111,8,9,3.5,1.0,1540,1086,1036,0.0,0.0,90.0,5.0,36.9,0.8,0.5,0.0,0.0,10.0,1.0,37.8,0.0,0.125,0.0,0.6,53.0,21.0,10.0,9.0,484.0,-0.1111111111111111,0.0,0.0,-0.125,-0.0625,-0.7999999999999986,0.0,-0.45309999999999917,-0.05310000000000059,-1.116100000000003,-0.9682999999999993,-0.11110000000000042,0.2564453109941069,1.1412274094149666,0.0,2.0,1.0,0.16666666666666666,0.3333333333333333,2.0,1.0,,
56,202301010209,1,4,3,19,1,0,2,3,1,0,0,1,1,2,2,14,1,0,1,3,1,0,0,1,0,2,0,1,0,0,0,1,0,0,0,1,0.0,0.0,10.0,11.0,34.8,1.2,0.5,0.0,0.0,4.0,11.0,35.2,0.6,0.3125,0.0,0.0,2.0,3.0,35.1,0.1,0.125,-4.0,-12.0,0.0,0.1506849315068493,0.3698630136986301,3,3,5.7,4.0,1629,1199,1428,0.0,0.0,4.0,4.0,34.5,0.1,0.3333333333333333,0.0,0.0,6.0,2.0,34.1,0.2,0.25,-2.5,0.4,56.0,-462.0,10.0,16.0,424.0,0.0,0.0,0.0,-0.16666666666666666,0.0,0.20999999999999944,0.0,-0.35310000000000485,0.04690000000000083,-0.26539999999999964,-0.653100000000002,-1.0531000000000006,0.12190615698606493,0.40298883359219806,0.0,5.0,0.4,0.07692307692307693,0.3076923076923077,4.0,0.25,,
57,202301010209,17,4,7,73,2,2,3,28,0,0,0,3,3,0,0,19,0,0,0,8,0,0,0,1,0,0,0,2,0,0,0,1,0,0,0,1,0.0,0.0,20.0,1.0,35.2,0.0,0.07692307692307693,0.0,0.0,70.0,6.0,35.9,0.4,0.15384615384615385,0.0,0.0,90.0,12.0,39.2,3.0,0.07692307692307693,5.5,12.0,0.0,0.12941176470588237,0.27058823529411763,6,6,5.2,3.0,1152,1542,1428,0.0,0.0,50.0,10.0,40.9,2.7,0.08333333333333333,0.0,0.0,80.0,14.0,38.9,2.9,0.4666666666666667,2.9999999999999996,0.2,56.0,28.0,10.0,13.0,522.0,0.0,-0.07692307692307693,0.38461538461538464,0.0,0.0,-1.239999999999999,0.0,0.04690000000000083,0.08379999999999654,3.2834000000000003,1.2740999999999971,0.988900000000001,0.15039811293177363,2.1404672387121453,2.0,2.0,0.5,,,1.0,1.0,-0.04995499549954999,0.2
58,202301010209,9,6,7,81,0,0,0,4,0,0,0,1,7,2,3,40,0,0,0,0,0,0,0,0,2,0,2,12,0,0,0,0,0,0,0,0,0.0,0.0,90.0,3.0,33.9,0.7,1.0,0.0,0.0,12.0,11.0,34.1,1.7,0.5294117647058824,0.0,0.0,8.0,7.0,35.1,0.3,0.3125,2.0,-2.0,0.0,0.0,0.5,7,8,4.3,2.0,1393,1,1263,0.0,0.0,10.0,1.0,34.8,0.0,0.4375,0.0,0.0,4.0,7.0,32.7,0.3,0.625,-0.2,0.4,56.0,-469.0,10.0,10.0,494.0,-0.1,0.0,0.0,0.0625,,0.16999999999999957,0.0,-1.9162000000000035,-1.2653999999999996,-0.05310000000000059,-0.35310000000000485,-0.8433999999999955,0.23359913390961407,0.835224520712843,0.0,4.0,0.5,0.0,0.2857142857142857,2.0,0.5,-0.08859223300970873,
59,202301010209,1,1,1,18,6,4,5,31,0,0,0,0,1,1,0,13,2,4,4,14,0,0,0,0,0,0,0,2,0,1,1,4,0,0,0,0,0.0,0.0,70.0,8.0,35.0,0.8,0.4444444444444444,0.0,0.0,60.0,9.0,34.8,0.6,0.5333333333333333,0.0,0.0,50.0,12.0,32.9,0.7,0.875,2.0,-4.0,0.0,0.06818181818181818,0.2727272727272727,2,2,21.4,8.0,1064,1170,1556,0.0,0.0,130.0,15.0,37.9,2.4,0.4,0.0,0.0,80.0,10.0,37.1,0.8,0.07692307692307693,1.0,0.0,56.0,21.0,10.0,9.0,508.0,-0.1111111111111111,0.06666666666666667,0.0,0.13333333333333333,0.0,-0.7300000000000004,0.0,-0.153100000000002,-0.35310000000000485,-2.2531000000000034,-0.37950000000000017,-0.3177000000000021,0.25613131551081775,1.7783138080777539,0.0,3.0,0.0,0.1,0.2,3.0,0.0,,-0.15942028985507248
60,202301010209,3,1,3,21,1,0,0,0,1,0,0,0,1,0,2,13,0,0,0,0,0,0,0,0,0,0,0,1,0,0,0,0,0,0,0,0,0.0,0.0,12.0,9.0,34.5,0.6,0.8125,0.0,0.0,6.0,8.0,34.4,0.4,0.6666666666666666,0.0,0.0,11.0,2.0,34.7,0.1,0.13333333333333333,-3.5,-6.0,0.0,0.0,0.043478260869565216,1,1,6.5,5.0,1148,1391,1393,0.0,0.0,11.0,6.0,34.8,0.2,0.25,0.0,0.0,15.0,14.0,35.2,0.9,0.875,0.8,0.2,53.0,-392.0,10.0,16.0,442.0,0.0,0.0,0.0,0.08333333333333333,-0.0625,-0.18000000000000044,0.0,-0.653100000000002,-0.7531000000000034,-0.45309999999999917,-0.35310000000000485,0.04690000000000083,0.30057352585423164,0.2785677655436835,-3.0,5.0,0.2,0.14285714285714285,0.21428571428571427,5.0,0.2,,
61,202301010209,2,3,3,31,0,0,0,4,0,0,0,0,2,2,2,15,0,0,0,3,0,0,0,0,0,0,0,1,0,0,0,0,0,0,0,0,0.0,0.0,7.0,15.0,37.5,1.7,0.0625,0.0,0.0,9.0,10.0,35.5,0.4,0.0625,0.0,0.0,7.0,5.0,34.9,0.3,0.16666666666666666,-5.0,2.0,0.0,0.07352941176470588,0.27941176470588236,8,10,13.4,7.0,1310,1169,1618,0.0,0.0,6.0,4.0,35.1,0.4,0.06666666666666667,0.0,0.0,2.0,10.0,35.3,0.7,0.07692307692307693,-1.6,0.0,56.0,-405.0,10.0,16.0,480.0,0.0,0.0,0.0,0.0,0.0,0.4800000000000004,0.0,1.4052000000000007,0.13459999999999894,-0.25310000000000343,-0.05310000000000059,0.14689999999999515,0.04015533202870206,0.9414881836751858,0.0,5.0,0.0,0.0,0.0,3.0,0.0,,
62,202301010209,9,6,7,81,9,8,9,77,1,0,0,3,7,2,3,40,1,4,3,26,0,0,0,1,2,0,2,12,0,1,0,4,0,0,0,0,0.0,0.0,80.0,8.0,35.8,0.9,0.46153846153846156,0.0,0.0,20.0,1.0,35.2,0.0,0.06666666666666667,0.0,0.0,20.0,3.0,36.6,0.1,0.25,-2.5,-8.0,0.0,0.17142857142857143,0.3142857142857143,5,5,12.7,6.0,1393,1183,1263,0.0,0.0,10.0,7.0,34.6,0.5,0.16666666666666666,0.0,0.0,10.0,11.0,39.3,1.2,0.13333333333333333,1.2,0.4,56.0,28.0,10.0,13.0,490.0,-0.15384615384615385,0.0,-0.0625,0.0,0.0,-0.6399999999999999,0.0,0.6468999999999951,0.04690000000000083,0.7837999999999994,-0.5531000000000006,1.3888999999999996,0.13639097608106085,1.6395121225535343,0.0,4.0,0.5,0.1,0.1,3.0,0.3333333333333333,-0.08859223300970873,-0.2124271844660194
63,202301010209,8,5,7,77,12,13,12,118,1,0,0,4,0,0,0,13,0,1,2,20,0,0,0,0,0,0,0,2,0,1,0,3,0,0,0,0,0.0,0.0,12.0,10.0,35.2,0.8,1.0,0.0,0.0,9.0,9.0,34.6,0.8,0.5555555555555556,0.0,0.0,12.0,8.0,34.8,0.6,0.5333333333333333,-1.0,14.0,0.0,0.0,0.0,4,4,46.7,9.0,1127,1167,1328,0.0,0.0,12.0,11.0,33.4,0.7,0.5,0.0,0.0,9.0,9.0,34.3,0.9,0.5,0.0,0.0,56.0,-34.0,10.0,14.0,418.0,-0.07142857142857142,0.0,-0.06666666666666667,0.0,0.0,0.30000000000000143,0.0,0.04690000000000083,-0.5531000000000006,-0.35310000000000485,-1.7531000000000034,-0.8531000000000049,0.19227038574509572,0.6053098380168633,0.0,5.0,0.0,0.0,0.0,5.0,0.0,0.05307369224894998,0.08629032258064517
64,202301010209,19,14,15,111,6,5,2,29,2,0,1,5,9,5,6,52,3,3,1,8,2,0,0,4,2,1,3,11,1,0,0,0,1,0,0,0,0.0,0.0,130.0,12.0,35.3,0.8,0.5714285714285714,0.0,0.0,120.0,9.0,34.6,0.5,0.6666666666666666,0.0,0.0,120.0,8.0,34.6,0.7,0.5333333333333333,-2.0,10.0,0.0,,,7,7,,,1716,1393,1167,0.0,0.0,120.0,9.0,35.0,0.5,0.625,0.0,0.0,100.0,12.0,34.9,0.7,0.25,0.0,0.0,56.0,-398.0,10.0,14.0,452.0,0.14285714285714285,-0.08333333333333333,0.0,0.0625,0.0,0.039999999999999855,0.0,0.14689999999999515,-0.5531000000000006,-0.5531000000000006,-0.153100000000002,-0.25310000000000343,0.14685207822778196,0.26381811916545683,0.0,5.0,0.0,,,5.0,0.0,0.015186378278877144,-0.30952380952380953
65,202301010211,1,2,0,3,1,1,0,1,1,1,0,1,0,1,0,2,0,0,0,0,0,0,0,0,0,0,0,0,0,0,0,0,0,0,0,0,0.0,0.0,30.0,1.0,34.1,0.0,0.5,0.0,0.0,90.0,6.0,33.2,0.3,0.5,0.0,0.0,120.0,2.0,34.4,0.2,0.23076923076923078,0.5,-6.0,0.0,0.06666666666666667,0.26666666666666666,2,4,5.5,2.0,204,593,4,0.0,0.0,50.0,13.0,38.1,2.5,0.14285714285714285,0.0,0.0,90.0,15.0,37.1,1.8,0.25,3.5,0.4,55.0,35.0,16.0,16.0,498.0,-0.0625,0.0,0.0,0.0,0.0625,-1.0899999999999999,0.0,-1.0531000000000006,-1.9530999999999992,-1.4162000000000035,-0.033799999999999386,2.0253000000000014,0.14760086782136675,1.881913919391639,-3.0,3.0,0.6666666666666666,0.14285714285714285,0.14285714285714285,2.0,0.5,,
66,202301010211,8,5,7,77,0,0,1,5,0,0,0,0,0,0,0,13,0,0,1,3,0,0,0,0,0,0,0,2,0,0,0,0,0,0,0,0,0.0,0.0,20.0,1.0,34.0,0.0,0.0625,0.0,0.0,20.0,1.0,34.5,0.0,0.05555555555555555,0.0,0.0,100.0,3.0,34.6,0.3,0.07142857142857142,1.0,10.0,0.0,0.14864864864864866,0.3783783783783784,3,6,3.0,1.0,1127,1522,1328,,,,,,,,,,,,,,,1.0,1.0,56.0,231.0,16.0,16.0,496.0,0.0,0.0,0.0,,,-0.3000000000000007,0.0,-1.153100000000002,-0.653100000000002,-0.5531000000000006,,,0.006496985021292493,0.26246692913372743,1.0,3.0,1.0,0.0,0.0,3.0,1.0,0.05307369224894998,
67,202301010211,20,31,19,153,3,4,1,8,0,1,0,1,0,1,3,33,0,0,0,1,0,0,0,0,0,0,0,6,0,0,0,0,0,0,0,0,0.0,0.0,170.0,13.0,33.8,1.2,1.0,0.0,0.0,9.0,7.0,34.2,0.3,0.4,0.0,0.0,13.0,10.0,33.9,0.8,0.8125,-1.5,4.0,0.0,0.06451612903225806,0.22580645161290322,1,1,33.2,11.0,1428,939,1263,0.0,0.0,12.0,15.0,38.7,3.5,0.8666666666666667,0.0,0.0,15.0,18.0,37.6,2.4,0.1111111111111111,1.8,0.0,57.0,-490.0,16.0,18.0,488.0,-0.05555555555555555,0.0,0.0,0.06666666666666667,0.0,-1.2100000000000009,0.0,-1.3531000000000049,-0.9530999999999992,-1.2531000000000034,0.546200000000006,2.5253000000000014,0.3310705605295987,2.082882617912014,0.0,3.0,0.0,0.14285714285714285,0.2857142857142857,3.0,0.0,0.011098654708520173,
68,202301010211,0,0,0,0,0,0,0,8,0,0,0,0,0,0,0,0,0,0,0,2,0,0,0,0,0,0,0,0,0,0,0,0,0,0,0,0,0.0,0.0,140.0,16.0,35.7,1.1,0.5555555555555556,0.0,0.0,60.0,11.0,34.7,0.8,0.625,0.0,0.0,30.0,3.0,34.1,0.1,0.375,-6.5,-14.0,0.0,0.30952380952380953,0.5238095238095238,3,5,16.7,7.0,199,549,1433,0.0,0.0,140.0,6.0,34.1,0.5,0.3888888888888889,0.0,0.0,90.0,16.0,38.9,4.4,0.1875,-0.5,0.2,55.0,77.0,16.0,18.0,494.0,0.05555555555555555,-0.0625,0.0,0.05555555555555555,0.0625,-0.579999999999999,0.0,-1.2323999999999984,-1.1161999999999992,-1.0531000000000006,-1.0531000000000006,0.7661999999999978,0.15313090502597468,1.7977764043395374,-2.0,4.0,0.25,0.0,0.0,2.0,0.5,,
69,202301010211,0,0,0,1,2,7,5,70,0,0,0,0,0,0,0,0,2,2,3,25,0,0,0,0,0,0,0,0,0,1,1,3,0,0,0,0,0.0,0.0,100.0,8.0,36.0,0.5,0.0625,0.0,0.0,3.0,5.0,33.4,0.3,0.5,0.0,0.0,5.0,2.0,35.0,0.1,0.2222222222222222,-3.0,4.0,0.0,0.03571428571428571,0.17857142857142858,6,12,5.9,3.0,1028,1556,178,0.0,0.0,4.0,12.0,33.5,0.7,0.7333333333333333,0.0,0.0,1.0,9.0,34.1,0.4,0.6875,0.9,0.2,54.0,-469.0,16.0,16.0,460.0,0.0,0.0,-0.05555555555555555,0.0,0.0625,0.36999999999999955,0.0,0.18379999999999797,-1.7531000000000034,-0.36540000000000106,-1.653100000000002,-1.0531000000000006,0.2610854006254526,0.9818350166906864,-1.0,5.0,0.2,,,3.0,0.0,,0.12745098039215688
70,202301010211,20,31,19,153,0,0,1,11,0,0,0,6,0,1,3,33,0,0,0,2,0,0,0,2,0,0,0,6,0,0,0,1,0,0,0,1,0.0,0.0,17.0,15.0,34.4,0.8,0.3333333333333333,0.0,0.0,18.0,11.0,33.2,0.3,0.2222222222222222,0.0,0.0,15.0,12.0,33.7,1.3,0.8,-1.5,6.0,0.0,0.1,0.3,8,15,14.2,6.0,1428,239,1263,0.0,0.0,13.0,14.0,34.8,1.0,0.625,0.0,0.0,3.0,9.0,33.7,0.8,0.6666666666666666,-0.9,0.0,57.0,-440.0,16.0,18.0,446.0,0.0,0.0,0.0,0.125,0.0,-0.020000000000000285,0.0,-0.7531000000000034,-1.906499999999994,-1.406499999999994,-0.35310000000000485,-1.4530999999999992,0.21633592990509284,0.5678027826631332,2.0,3.0,0.0,0.0,0.0,3.0,0.0,0.011098654708520173,
71,202301010211,1,1,0,1,0,1,0,0,0,1,0,0,1,1,0,1,0,1,0,0,0,1,0,0,0,0,0,0,0,0,0,0,0,0,0,0,0.0,0.0,160.0,15.0,34.7,1.5,0.1875,0.0,0.0,12.0,16.0,35.4,1.1,0.1875,0.0,0.0,8.0,11.0,34.0,0.9,0.6,-2.0,4.0,0.0,0.06896551724137931,0.20689655172413793,7,13,45.3,14.0,803,205,666,0.0,0.0,14.0,7.0,33.3,0.5,0.625,0.0,0.0,11.0,14.0,35.7,1.2,0.5,-1.1,0.0,56.0,-497.0,16.0,16.0,494.0,0.125,0.0,-0.13333333333333333,0.0,0.1875,0.010000000000000142,0.0,-0.45309999999999917,0.24689999999999657,-1.153100000000002,-1.8531000000000049,0.5469000000000008,0.19439007176293752,0.8840814442120151,-2.0,5.0,0.0,0.4,0.5,5.0,0.0,,
72,202301010211,2,4,3,10,6,4,5,31,1,0,0,1,1,0,2,3,2,4,4,14,0,0,0,0,0,0,1,0,1,0,0,2,0,0,0,0,0.0,0.0,11.0,11.0,36.4,1.4,0.5,0.0,0.0,5.0,8.0,33.2,0.5,0.6875,0.0,0.0,7.0,10.0,35.1,0.7,0.75,-0.5,-2.0,0.0,0.17073170731707318,0.4634146341463415,1,2,13.0,5.0,1289,1170,1428,0.0,0.0,14.0,16.0,37.1,1.7,0.2777777777777778,0.0,0.0,4.0,14.0,34.8,1.1,0.16666666666666666,1.4,0.0,55.5,-35.0,16.0,16.0,484.0,0.0,-0.0625,-0.0625,0.0,-0.05555555555555555,-0.06999999999999958,0.0,0.30519999999999925,-1.9530999999999992,-0.05310000000000059,1.7346000000000004,-0.3064999999999998,0.22599232479046172,1.3526270735128727,0.5,4.0,0.0,0.047619047619047616,0.14285714285714285,2.0,0.0,-0.07368421052631574,-0.15942028985507248
73,202301010211,4,1,5,41,1,0,1,2,1,0,1,2,2,0,2,26,1,0,1,2,1,0,1,2,0,0,0,3,0,0,0,0,0,0,0,0,0.0,0.0,14.0,8.0,34.3,0.8,0.2,0.0,0.0,8.0,9.0,34.1,0.6,0.1875,0.0,0.0,10.0,5.0,33.7,0.1,0.8125,-1.5,2.0,0.0,0.0,0.0,2,3,20.7,8.0,1611,1047,1263,0.0,0.0,11.0,6.0,34.5,0.5,0.75,0.0,0.0,7.0,4.0,34.4,0.3,0.4375,-1.1,0.0,53.0,-21.0,16.0,15.0,478.0,0.0,0.125,,0.0625,0.0,-0.060000000000000143,0.0,-0.8531000000000049,-1.0531000000000006,0.1566000000000045,-1.5947999999999993,-0.9654000000000025,0.2642678565395345,0.2828427124746175,-2.0,4.0,0.0,0.18181818181818182,0.2727272727272727,2.0,0.0,0.15686274509803924,
74,202301010211,3,3,3,8,3,8,4,40,1,1,1,2,1,3,2,3,2,3,2,13,1,1,1,2,0,0,0,0,0,0,1,3,0,0,0,0,0.0,0.0,10.0,7.0,36.9,0.7,0.21428571428571427,0.0,0.0,12.0,13.0,35.3,0.8,0.125,0.0,0.0,4.0,10.0,34.8,0.8,0.2,1.5,8.0,0.0,0.0,0.2,7,14,9.1,4.0,1467,1362,336,0.0,0.0,8.0,16.0,36.9,2.2,0.1875,0.0,0.0,4.0,4.0,33.7,0.1,0.125,-0.3,0.0,54.0,-441.0,16.0,14.0,470.0,-0.07142857142857142,0.0,0.1,0.0,0.0,0.479999999999999,0.0,-1.011099999999999,0.14689999999999515,-0.35310000000000485,1.7468999999999966,-1.4530999999999992,0.03799167470563486,1.2399999999999989,-2.0,4.0,0.0,0.06666666666666667,0.26666666666666666,4.0,0.0,-0.32941176470588235,-0.05844155844155843
75,202301010211,6,10,5,53,2,5,2,27,0,2,0,6,3,1,1,19,0,0,0,13,0,0,0,5,0,0,0,4,0,0,0,1,0,0,0,1,0.0,0.0,60.0,3.0,34.7,0.3,0.125,0.0,0.0,110.0,16.0,37.7,2.0,0.25,0.0,0.0,90.0,14.0,35.3,1.2,0.4375,5.5,-4.0,0.0,0.12790697674418605,0.27906976744186046,5,10,22.5,9.0,1317,1713,1186,0.0,0.0,100.0,17.0,36.3,1.2,0.1111111111111111,0.0,0.0,120.0,9.0,35.1,0.8,0.4,1.3,0.2,56.0,29.0,16.0,16.0,472.0,0.0,-0.125,0.125,0.0,-0.06666666666666667,0.06000000000000085,0.0,-1.1161999999999992,0.28229999999999933,-0.5162000000000049,1.1935000000000002,-0.05310000000000059,0.13526836608829698,1.0777754868245986,-1.0,3.0,0.3333333333333333,0.0,0.125,1.0,0.0,0.0019305019305019266,0.022727272727272707
76,202301010211,0,0,1,2,0,0,1,2,0,0,1,1,0,0,1,1,0,0,1,2,0,0,1,1,0,0,1,1,0,0,1,1,0,0,1,1,0.0,0.0,30.0,9.0,41.9,3.8,0.2222222222222222,0.0,0.0,160.0,15.0,36.1,1.1,0.0625,0.0,0.0,160.0,15.0,33.9,1.3,0.25,3.0,4.0,0.0,0.0,0.0,6,11,38.1,13.0,1231,1236,1104,0.0,0.0,160.0,16.0,33.7,1.1,0.8125,0.0,0.0,160.0,10.0,34.3,0.8,0.875,0.3,0.0,55.0,-457.0,16.0,9.0,494.0,0.1111111111111111,0.0,,0.0,0.0,1.7600000000000002,0.0,4.078899999999997,0.9468999999999994,0.35660000000000025,-1.4530999999999992,-1.065400000000004,0.33284107170291605,3.079220680626836,-2.0,3.0,0.0,0.08108108108108109,0.24324324324324326,2.0,0.0,,
77,202301010211,9,6,7,81,2,1,1,8,0,0,0,0,7,2,3,40,0,0,0,1,0,0,0,0,1,0,0,6,0,0,0,0,0,0,0,0,0.0,0.0,10.0,13.0,35.4,1.0,0.3333333333333333,0.0,0.0,11.0,13.0,34.1,1.2,0.6666666666666666,0.0,0.0,10.0,13.0,33.4,0.9,0.75,0.0,0.0,-200.0,0.07246376811594203,0.2753623188405797,8,16,28.0,10.0,1393,548,1263,0.0,0.0,6.0,15.0,36.3,1.6,0.375,0.0,0.0,6.0,13.0,34.2,1.0,0.6666666666666666,0.2,0.0,54.0,-84.0,16.0,15.0,464.0,0.0,0.06666666666666667,0.0625,0.125,0.0,0.019999999999999574,0.0,0.10869999999999891,-1.0531000000000006,-1.7531000000000034,0.20519999999999783,-0.9064999999999941,0.1699673171197595,1.0342146779078305,1.0,3.0,0.0,0.0,0.0,2.0,0.0,-0.08859223300970873,
78,202301010211,0,0,2,1,1,1,0,1,0,0,0,0,0,0,0,0,1,0,0,0,0,0,0,0,0,0,0,0,0,0,0,0,0,0,0,0,0.0,0.0,12.0,14.0,33.2,1.0,1.0,0.0,0.0,12.0,4.0,34.2,0.5,0.875,0.0,0.0,12.0,6.0,34.4,0.4,0.875,-4.0,-2.0,0.0,,,4,7,33.7,12.0,338,286,324,0.0,0.0,15.0,8.0,33.9,0.5,0.75,0.0,0.0,17.0,12.0,33.2,1.1,0.6111111111111112,0.0,0.0,55.0,0.0,16.0,16.0,508.0,0.0,-0.1875,0.0625,0.0,,0.030000000000000426,0.0,-1.9530999999999992,-1.1653999999999982,-0.7531000000000034,-1.4654000000000025,-0.5871999999999957,0.1318786385607691,0.49959983987187057,0.0,4.0,0.0,0.0,0.0,2.0,0.0,,
79,202301010211,1,1,0,2,2,1,3,5,1,0,0,1,1,1,0,0,1,0,0,0,1,0,0,0,0,0,0,0,0,0,0,0,0,0,0,0,0.0,0.0,16.0,16.0,35.2,1.4,0.1875,0.0,0.0,18.0,16.0,33.5,0.8,1.0,0.0,0.0,16.0,14.0,38.6,2.4,0.9375,-1.0,-14.0,0.0,0.057692307692307696,0.21153846153846154,5,9,223.7,16.0,1321,1417,1263,0.0,0.0,13.0,13.0,35.9,1.7,0.9230769230769231,0.0,0.0,15.0,14.0,34.2,1.3,1.0,-0.7,0.0,53.0,-335.0,16.0,16.0,476.0,0.125,0.0,0.0625,-0.07692307692307693,0.0,-0.039999999999999855,0.0,0.04690000000000083,-1.653100000000002,0.32050000000000267,-2.3795,-1.0912999999999968,0.3126493725845533,1.7634057956125697,-4.0,2.0,0.0,0.08333333333333333,0.25,2.0,0.0,,
80,202301010211,2,2,3,33,1,2,0,2,1,1,0,2,2,2,2,19,1,2,0,2,1,1,0,2,0,0,1,4,0,0,0,2,0,0,0,2,0.0,0.0,50.0,15.0,36.1,1.4,0.0625,0.0,0.0,70.0,9.0,34.5,0.4,0.1875,0.0,0.0,100.0,16.0,36.0,0.9,0.05555555555555555,0.5,-6.0,0.0,0.045454545454545456,0.13636363636363635,4,8,72.9,15.0,1036,1335,1108,0.0,0.0,130.0,2.0,32.9,0.0,0.05555555555555555,0.0,0.0,140.0,11.0,35.1,1.1,0.6666666666666666,-1.5,0.2,53.0,29.0,16.0,16.0,458.0,0.0,,0.0,,0.13333333333333333,0.36000000000000015,0.0,0.2837999999999994,0.9566000000000017,0.18379999999999797,-1.2816000000000045,-0.05310000000000059,0.2359721813485021,1.1702991070662243,-2.0,3.0,0.0,0.08571428571428572,0.2571428571428571,1.0,0.0,0.006818181818181834,
81,202301010408,7,6,6,57,0,2,2,14,0,0,0,0,2,0,1,11,0,2,2,5,0,0,0,0,1,0,0,0,0,2,0,1,0,0,0,0,0.0,0.0,60.0,2.0,34.5,0.2,0.2727272727272727,0.0,0.0,80.0,3.0,35.6,0.6,0.23076923076923078,0.0,0.0,40.0,9.0,36.5,0.2,0.125,3.5,-4.0,0.0,0.09090909090909091,0.2727272727272727,8,11,4.4,2.0,1304,460,1503,0.0,0.0,90.0,5.0,35.9,0.3,0.2,0.0,0.0,90.0,8.0,35.8,0.8,0.2727272727272727,1.4,0.4,53.0,22.0,12.0,11.0,452.0,-0.09090909090909091,0.0,0.0,0.0,0.0,-0.28999999999999915,0.0,-0.653100000000002,0.4468999999999994,1.346899999999998,0.7468999999999966,-0.016200000000004877,0.05495635974884829,0.6529931086925801,0.0,5.0,0.4,0.09090909090909091,0.18181818181818182,4.0,0.5,0.08333333333333331,-0.2222222222222222
82,202301010408,2,2,3,33,2,1,7,40,0,0,0,1,2,2,2,19,0,0,0,16,0,0,0,1,0,1,0,2,0,0,0,4,0,0,0,1,0.0,0.0,80.0,4.0,34.2,0.4,0.5714285714285714,0.0,0.0,50.0,10.0,35.4,0.7,0.8,0.0,0.0,40.0,3.0,35.6,0.4,0.75,-0.5,-4.0,0.0,0.08695652173913043,0.2826086956521739,5,6,14.3,6.0,1036,1482,1108,0.0,0.0,60.0,12.0,35.7,1.1,0.1111111111111111,0.0,0.0,50.0,7.0,34.5,0.8,0.875,0.8,0.2,58.0,14.0,12.0,14.0,444.0,0.0,0.0,-0.125,0.0,-0.0625,-0.08999999999999986,0.0,-0.9530999999999992,-0.6948000000000008,-0.21620000000000061,0.5469000000000008,-0.653100000000002,0.27409513514306577,0.6112282715974449,0.0,5.0,0.2,0.0,0.1,3.0,0.0,0.006818181818181834,0.07777777777777778
83,202301010408,11,6,10,50,3,0,2,10,0,0,0,0,0,1,1,10,0,0,2,1,0,0,0,0,0,0,0,2,0,0,0,0,0,0,0,0,0.0,0.0,3.0,6.0,37.2,0.7,0.07142857142857142,0.0,0.0,3.0,2.0,35.3,0.4,0.25,0.0,0.0,10.0,3.0,34.8,0.2,0.16666666666666666,-1.5,-4.0,-300.0,0.07142857142857142,0.07142857142857142,5,5,23.7,10.0,1463,197,1167,0.0,0.0,4.0,6.0,35.3,0.5,0.8125,0.0,0.0,3.0,16.0,38.6,4.5,0.4375,2.4,0.4,55.0,-27.0,12.0,14.0,486.0,0.07142857142857142,0.0,0.08333333333333333,-0.4375,0.25,-0.2799999999999997,0.0,1.2775000000000034,0.14689999999999515,-0.35310000000000485,-1.0748999999999995,3.5253000000000014,0.26181952076047954,1.4374978260853148,-1.0,2.0,1.0,0.16666666666666666,0.3333333333333333,2.0,1.0,-0.06493506493506496,-0.1333333333333333
84,202301010408,2,4,3,10,0,0,0,0,0,0,0,0,1,0,2,3,0,0,0,0,0,0,0,0,0,0,0,0,0,0,0,0,0,0,0,0,0.0,0.0,8.0,,,,0.08333333333333333,0.0,0.0,7.0,10.0,35.8,0.6,0.0625,0.0,0.0,7.0,4.0,35.1,0.3,0.08333333333333333,-6.0,14.0,0.0,0.3333333333333333,0.6666666666666666,6,8,14.5,7.0,1289,478,1428,0.0,0.0,8.0,5.0,36.1,0.8,0.2222222222222222,0.0,0.0,9.0,11.0,33.9,0.9,0.9166666666666666,0.4,0.0,53.0,-133.0,12.0,12.0,472.0,0.0,0.0,0.0,0.0,-0.08333333333333333,0.4699999999999996,0.0,,0.6468999999999951,-0.05310000000000059,0.9468999999999994,-1.2531000000000034,0.32653956333000916,0.8466847110938053,-2.0,4.0,0.0,0.0,0.2,4.0,0.0,-0.07368421052631574,
85,202301010408,0,2,0,9,0,0,0,2,0,0,0,0,0,1,0,6,0,0,0,0,0,0,0,0,0,0,0,1,0,0,0,0,0,0,0,0,0.0,0.0,10.0,7.0,34.7,0.6,0.45454545454545453,0.0,0.0,20.0,1.0,35.0,0.0,0.25,0.0,0.0,30.0,4.0,34.6,0.2,0.16666666666666666,-1.5,8.0,0.0,0.0625,0.25,2,2,7.3,3.0,1534,12,1235,0.0,0.0,30.0,2.0,35.1,0.2,0.05555555555555555,0.0,0.0,20.0,3.0,35.5,0.0,0.1111111111111111,-0.7000000000000001,0.6,55.0,22.0,12.0,11.0,496.0,-0.09090909090909091,0.0,0.0,0.0,0.0,-0.16999999999999957,0.0,-0.45309999999999917,-0.153100000000002,-0.5064999999999955,-0.006499999999995509,-0.31620000000000203,0.1391998355784915,0.3187475490101838,0.0,3.0,0.6666666666666666,0.0,0.0,2.0,0.5,,
86,202301010408,7,6,6,57,1,1,1,0,0,0,0,0,2,0,1,11,0,0,1,0,0,0,0,0,1,0,0,0,0,0,1,0,0,0,0,0,0.0,0.0,70.0,7.0,34.9,0.5,0.1875,0.0,0.0,40.0,7.0,36.1,1.4,0.875,0.0,0.0,10.0,2.0,35.0,0.1,0.5454545454545454,-2.5,-4.0,-200.0,0.29545454545454547,0.5,7,9,2.6,1.0,1304,715,1503,0.0,0.0,20.0,1.0,34.9,0.0,0.25,,,,,,,,-2.3,0.5,55.0,85.0,12.0,16.0,438.0,0.0625,-0.125,0.0,0.0,,0.11000000000000014,0.0,-0.20649999999999835,0.6407999999999987,-0.10649999999999693,-0.9162000000000035,,0.27285671052460075,0.5068283733178334,-1.0,1.0,1.0,0.0,0.2857142857142857,0.0,,0.08333333333333331,
87,202301010408,1,1,1,27,0,0,0,1,0,0,0,0,1,1,1,13,0,0,0,0,0,0,0,0,1,0,0,4,0,0,0,0,0,0,0,0,0.0,0.0,12.0,16.0,35.4,1.7,0.625,0.0,0.0,8.0,11.0,34.9,0.7,0.29411764705882354,0.0,0.0,7.0,12.0,35.1,0.9,0.5,-2.0,2.0,0.0,0.16666666666666666,0.3055555555555556,8,12,18.5,9.0,1674,1337,1428,0.0,0.0,6.0,7.0,35.6,0.4,0.6,0.0,0.0,9.0,15.0,35.0,0.7,0.625,-0.6,0.0,58.0,-251.0,12.0,16.0,502.0,0.0625,0.058823529411764705,0.16666666666666666,0.0,0.1875,0.009999999999999431,0.0,0.24689999999999657,-0.25310000000000343,-0.05310000000000059,0.4468999999999994,-0.153100000000002,0.12608216687052998,0.2607680962081064,1.0,5.0,0.0,0.0,0.25,5.0,0.0,0.1857142857142857,
88,202301010408,2,3,1,30,18,17,20,111,0,0,0,0,1,2,0,7,3,3,1,21,0,0,0,0,0,0,0,0,0,0,0,5,0,0,0,0,0.0,0.0,6.0,7.0,39.7,1.2,0.7272727272727273,0.0,0.0,6.0,8.0,37.8,1.6,0.4375,0.0,0.0,11.0,4.0,38.1,0.3,0.375,-1.5,7.0,-200.0,0.2,0.4,7,10,18.5,8.0,1677,1428,1167,0.0,0.0,12.0,5.0,38.2,0.8,0.5625,0.0,0.0,12.0,14.0,36.0,1.4,0.875,1.1,0.0,58.0,-448.0,12.0,11.0,495.0,0.09090909090909091,-0.0625,-0.0625,0.0,0.0625,0.7,0.0,1.546200000000006,-1.5926000000000045,-1.2926000000000002,-0.07949999999999591,-1.6916999999999973,0.18447630813864097,1.180847153530042,5.0,0.0,,0.0,0.14285714285714285,0.0,,0.11904761904761904,-0.02899971980947047
89,202301010408,4,7,7,50,0,0,0,1,0,0,0,0,2,4,5,36,0,0,0,1,0,0,0,0,0,0,3,14,0,0,0,0,0,0,0,0,0.0,0.0,150.0,11.0,37.3,1.4,0.75,0.0,0.0,16.0,14.0,36.9,1.8,0.5625,0.0,0.0,15.0,14.0,38.3,1.5,0.1875,1.5,0.0,0.0,0.0,0.0,6,7,136.3,11.0,1172,1686,1556,0.0,0.0,8.0,10.0,38.2,1.4,0.2857142857142857,0.0,0.0,4.0,6.0,36.9,0.4,0.4375,-1.4,0.0,58.0,-482.0,12.0,16.0,496.0,0.0625,0.0625,0.0,0.0,0.0625,-0.05000000000000071,0.0,-0.6111000000000004,-1.011099999999999,0.3888999999999996,0.28890000000000526,-0.9233000000000047,0.19928123394861252,0.6144916598294894,4.0,0.0,,,,0.0,,-0.09803921568627452,
90,202301010408,2,3,1,30,0,1,4,12,0,0,0,0,1,2,0,7,0,0,1,6,0,0,0,0,0,0,0,0,0,0,0,0,0,0,0,0,0.0,0.0,4.0,9.0,34.6,0.5,0.3333333333333333,0.0,0.0,3.0,7.0,35.0,0.2,0.5,0.0,0.0,2.0,6.0,33.9,0.4,0.8888888888888888,-1.5,-12.0,0.0,0.0,0.3333333333333333,3,3,8.2,4.0,1677,1506,1167,0.0,0.0,3.0,3.0,35.2,0.5,0.8125,0.0,0.0,3.0,3.0,34.8,0.4,0.46153846153846156,-1.6,0.4,56.0,-202.0,12.0,18.0,460.0,0.05555555555555555,-0.1111111111111111,-0.05555555555555555,-0.125,-0.15384615384615385,-0.05999999999999943,0.0,-0.5531000000000006,-0.10649999999999693,-1.391300000000001,-0.16539999999999822,-0.35310000000000485,0.21395931967106108,0.44721359549995887,1.0,3.0,0.6666666666666666,0.0,0.26666666666666666,2.0,0.5,0.11904761904761904,
91,202301010408,0,0,0,4,7,3,8,59,0,0,0,0,0,0,0,3,3,0,4,25,0,0,0,0,0,0,0,0,1,0,0,8,0,0,0,0,,,,,,,,,,,,,,,,,,,,,,,,,,,4,4,185.2,12.0,1204,1345,1221,,,,,,,,,,,,,,,,,53.0,,12.0,,,,,,,,,,,,,,,,,,0.0,,,,0.0,,,-0.18614718614718614
92,202301010408,0,0,1,3,1,0,2,5,0,0,0,0,0,0,1,1,1,0,1,3,0,0,0,0,0,0,0,0,0,0,0,1,0,0,0,0,0.0,0.0,10.0,8.0,35.6,0.9,0.3333333333333333,0.0,0.0,40.0,4.0,37.6,0.5,0.0625,0.0,0.0,20.0,2.0,37.5,0.1,0.1875,-3.0,4.0,0.0,0.16666666666666666,0.4523809523809524,1,1,11.7,5.0,1045,1208,969,0.0,0.0,10.0,1.0,35.6,0.0,0.3333333333333333,0.0,0.0,50.0,2.0,34.8,0.0,0.11764705882352941,-1.5,0.6,58.0,29.0,12.0,12.0,530.0,0.0,0.0,0.0,-0.05555555555555555,0.0,0.3600000000000009,0.0,0.4468999999999994,-0.5337999999999994,-0.7794999999999987,0.4935000000000045,-0.27470000000000283,0.11060251002989713,1.1249888888340194,0.0,1.0,0.0,0.0,0.0,1.0,0.0,,
93,202301010503,0,0,0,1,0,1,0,0,0,0,0,0,0,0,0,0,0,0,0,0,0,0,0,0,0,0,0,0,0,0,0,0,0,0,0,0,0.0,0.0,10.0,5.0,36.5,0.3,0.125,0.0,0.0,20.0,2.0,36.0,0.4,0.375,0.0,0.0,20.0,3.0,34.7,0.1,0.1875,-1.0,2.0,0.0,0.0,0.0,5,10,8.9,3.0,1248,1665,1428,0.0,0.0,30.0,2.0,35.4,0.1,0.125,0.0,0.0,50.0,8.0,35.4,0.7,0.0625,0.6,0.6,51.0,20.0,16.0,16.0,432.0,0.0,0.0625,0.0,0.0,0.0,0.2800000000000004,0.0,0.683799999999998,0.846899999999998,-0.45309999999999917,0.24689999999999657,0.3252999999999986,0.10752906583803283,0.6099180272790755,-3.0,4.0,0.75,0.1111111111111111,0.2222222222222222,1.0,0.0,,
94,202301010503,1,0,0,4,1,0,0,0,0,0,0,0,0,0,0,0,0,0,0,0,0,0,0,0,0,0,0,0,0,0,0,0,0,0,0,0,0.0,0.0,20.0,3.0,36.8,0.3,0.4375,0.0,0.0,30.0,3.0,35.5,0.4,0.1875,0.0,0.0,80.0,4.0,34.4,0.3,0.2222222222222222,0.5,6.0,0.0,0.13725490196078433,0.4117647058823529,1,2,13.0,6.0,1467,1648,336,0.0,0.0,10.0,3.0,34.6,0.3,0.25,0.0,0.0,70.0,4.0,34.4,0.4,0.3333333333333333,0.2,0.6,54.0,21.0,16.0,16.0,470.0,-0.0625,-0.0625,0.0,-0.0625,0.0,0.5699999999999996,0.0,0.7051999999999978,-0.31620000000000203,-1.1621000000000024,-0.5064999999999955,-0.6747000000000014,0.0897312516956283,0.9243376006633067,1.0,2.0,1.0,0.0,0.16666666666666666,1.0,1.0,-0.32941176470588235,
95,202301010503,0,0,0,2,2,0,1,5,0,0,0,0,0,0,0,2,1,0,1,4,0,0,0,0,0,0,0,1,0,0,1,1,0,0,0,0,0.0,0.0,100.0,4.0,35.6,0.3,0.625,0.0,0.0,70.0,10.0,36.1,0.6,0.3125,0.0,0.0,100.0,5.0,34.9,0.4,0.1875,0.5,-2.0,0.0,0.044444444444444446,0.13333333333333333,7,13,54.1,12.0,1401,1366,517,0.0,0.0,110.0,13.0,35.6,0.9,0.6111111111111112,0.0,0.0,100.0,5.0,34.9,0.4,0.6111111111111112,0.5,0.0,54.0,20.0,16.0,16.0,420.0,0.0,0.0,0.0,-0.1111111111111111,-0.1111111111111111,0.19000000000000056,0.0,-0.21620000000000061,0.9468999999999994,-0.25310000000000343,-0.21620000000000061,-0.25310000000000343,0.1835541599355069,0.46216880033165497,0.0,5.0,0.0,0.0,0.3333333333333333,2.0,0.0,,0.16720779220779222
96,202301010503,2,1,0,12,0,1,2,9,0,0,0,0,1,0,0,4,0,1,0,4,0,0,0,0,1,0,0,2,0,1,0,2,0,0,0,0,0.0,0.0,5.0,,,,0.36363636363636365,0.0,0.0,4.0,7.0,35.3,0.7,0.3125,0.0,0.0,8.0,4.0,35.1,0.3,0.4375,-3.0,10.0,-30.0,0.16279069767441862,0.4418604651162791,8,15,27.4,8.0,1657,1362,1317,0.0,0.0,6.0,3.0,34.6,0.3,0.1875,0.0,0.0,9.0,8.0,36.4,1.4,0.5833333333333334,0.2,0.25,54.0,-110.0,16.0,11.0,432.0,0.6363636363636364,0.0625,-0.1875,0.0,-0.08333333333333333,-0.2800000000000004,0.0,,0.14689999999999515,-0.26539999999999964,-0.5531000000000006,-0.041100000000000136,0.13151632976710015,0.6576473218982942,0.0,3.0,0.3333333333333333,0.07692307692307693,0.2564102564102564,0.0,,-0.16866438356164382,-0.05844155844155843
97,202301010503,1,1,2,14,1,0,2,8,0,0,1,1,1,0,1,5,0,0,0,3,0,0,0,1,1,0,0,1,0,0,0,0,0,0,0,0,0.0,0.0,4.0,7.0,36.5,1.1,0.4375,0.0,0.0,5.0,5.0,35.0,0.6,0.4375,0.0,0.0,7.0,5.0,35.1,0.3,0.4375,-1.0,-2.0,0.0,0.15789473684210525,0.39473684210526316,4,8,14.1,7.0,1317,1713,1186,0.0,0.0,4.0,2.0,35.7,0.1,0.4375,0.0,0.0,1.0,7.0,36.6,0.8,0.25,-0.3,0.2,54.0,-29.0,16.0,16.0,438.0,-0.125,0.0,0.0,0.0,0.0,-0.09000000000000057,0.0,1.346899999999998,-0.153100000000002,-0.26539999999999964,0.3346000000000018,1.4468999999999994,0.075,0.6734983296193094,0.0,5.0,0.2,0.0,0.0,0.0,,0.0019305019305019266,0.022727272727272707
98,202301010503,0,0,0,4,0,2,2,15,0,0,0,0,0,0,0,3,0,1,0,8,0,0,0,0,0,0,0,2,0,1,0,2,0,0,0,0,0.0,0.0,1.0,3.0,42.6,1.0,0.08333333333333333,0.0,0.0,16.0,6.0,35.5,0.4,0.125,0.0,0.0,8.0,12.0,34.8,2.0,0.1875,4.5,16.0,-300.0,0.0,0.1875,4,7,420.3,16.0,1534,1405,1235,0.0,0.0,11.0,17.0,39.1,2.6,0.05555555555555555,,,,,,,,4.8,0.25,53.0,-340.0,16.0,12.0,470.0,0.0,0.0,,0.05555555555555555,,1.1200000000000003,0.0,,0.13459999999999894,1.2565999999999988,3.005200000000002,,0.04968433340713258,3.1168894751017415,2.0,2.0,0.0,0.13333333333333333,0.3333333333333333,0.0,,,0.005238344683080154
99,202301010503,3,2,5,24,0,0,0,6,0,0,0,3,1,0,1,2,0,0,0,2,0,0,0,0,1,0,0,0,0,0,0,1,0,0,0,0,0.0,0.0,2.0,7.0,34.7,0.4,0.875,0.0,0.0,4.0,5.0,36.3,0.3,0.6875,0.0,0.0,5.0,7.0,38.5,1.4,0.125,0.0,-4.0,0.0,0.0,0.25,6,12,7.7,2.0,1503,324,1263,0.0,0.0,2.0,14.0,43.6,5.1,0.07142857142857142,0.0,0.0,2.0,7.0,39.7,1.4,0.0625,0.9,0.0,54.0,0.0,16.0,16.0,476.0,-0.3125,0.0,0.0,0.35714285714285715,0.0,-1.7300000000000004,0.0,-0.6653999999999982,0.20519999999999783,2.762599999999999,4.271100000000004,3.7834000000000003,0.34623521850125566,3.0565339847611708,0.0,2.0,0.0,0.13043478260869565,0.43478260869565216,0.0,,-0.047619047619047616,-0.16666666666666666
100,202301010503,0,0,0,4,7,3,3,27,0,0,0,0,0,0,0,3,1,0,2,9,0,0,0,0,0,0,0,2,1,0,2,5,0,0,0,0,0.0,0.0,1.0,12.0,42.9,2.2,0.08333333333333333,0.0,0.0,4.0,8.0,35.1,0.5,0.625,0.0,0.0,4.0,4.0,35.0,0.1,0.06666666666666667,-4.0,-1.0,-300.0,0.0,0.0,7,14,11.4,4.0,1534,1428,1235,0.0,0.0,2.0,5.0,35.3,0.4,0.4375,0.0,0.0,2.0,5.0,37.5,1.2,0.6,-1.7,0.0,54.0,-254.0,16.0,12.0,439.0,0.4166666666666667,-0.0625,0.0,-0.125,0.0,1.06,0.0,,-0.26539999999999964,-0.153100000000002,-0.0654000000000039,-0.4110999999999976,0.24347028109766863,3.0143656048993126,-2.0,3.0,0.0,0.0,0.0,0.0,,,-0.02899971980947047
101,202301010503,4,4,2,10,0,1,0,22,0,0,0,0,0,0,0,3,0,1,0,10,0,0,0,0,0,0,0,1,0,1,0,6,0,0,0,0,0.0,0.0,100.0,3.0,40.5,0.3,0.09090909090909091,0.0,0.0,100.0,9.0,35.1,0.5,0.625,0.0,0.0,160.0,2.0,34.1,0.1,0.3125,-0.5,21.0,-30.0,0.0,0.3333333333333333,8,16,30.2,10.0,1098,1183,1294,0.0,0.0,80.0,14.0,36.0,1.3,0.4444444444444444,0.0,0.0,90.0,10.0,38.4,2.3,0.6875,1.9,0.4,51.0,-321.0,16.0,11.0,455.0,0.09090909090909091,-0.0625,-0.0625,0.1111111111111111,0.0,0.3300000000000004,0.0,,-0.26539999999999964,-1.0531000000000006,0.9253,0.488900000000001,0.21601266049217782,2.32671442166846,-1.0,2.0,0.5,0.0,0.25,0.0,,0.22727272727272727,-0.2124271844660194
102,202301010503,2,1,2,7,3,1,0,15,1,0,0,0,1,0,2,3,1,1,0,5,1,0,0,0,0,0,2,2,0,1,0,3,0,0,0,0,0.0,0.0,6.0,4.0,38.5,0.7,0.375,0.0,0.0,11.0,12.0,38.6,2.7,0.5384615384615384,0.0,0.0,14.0,10.0,34.9,0.6,0.875,3.0,15.0,0.0,0.0,0.0,6,11,101.0,14.0,1455,1235,1428,0.0,0.0,4.0,3.0,35.3,0.3,0.375,0.0,0.0,7.0,9.0,35.3,0.6,0.5625,0.1,0.2,56.0,-349.0,16.0,8.0,477.0,0.125,0.38461538461538464,0.0,0.0625,0.125,0.970000000000001,0.0,0.6788999999999987,-0.6094000000000008,-0.4654000000000025,0.14689999999999515,0.14689999999999515,0.18278337811083772,1.6642115250171792,0.0,3.0,0.3333333333333333,0.07142857142857142,0.35714285714285715,0.0,,0.18857142857142856,-0.026666666666666644
103,202301010503,0,0,0,4,1,3,0,8,0,0,0,0,0,0,0,3,0,1,0,1,0,0,0,0,0,0,0,2,0,0,0,1,0,0,0,0,0.0,0.0,2.0,4.0,38.8,2.2,0.9,0.0,0.0,15.0,11.0,35.5,0.6,0.3125,0.0,0.0,10.0,4.0,35.2,0.3,0.5,0.0,-11.0,-200.0,0.0,0.0,3,5,207.1,15.0,1534,1503,1235,0.0,0.0,7.0,7.0,38.7,2.8,0.4375,0.0,0.0,8.0,9.0,35.1,1.3,0.8125,0.6,0.0,56.0,-337.0,16.0,10.0,465.0,0.0,0.125,-0.0625,0.0,0.0,0.4199999999999989,0.0,0.5204999999999984,0.13459999999999894,0.04690000000000083,0.4205000000000041,-0.26539999999999964,0.22536082179473876,1.7118411141224519,0.0,3.0,0.0,0.0,0.2222222222222222,0.0,,,0.09572649572649577
104,202301010503,0,1,1,5,5,2,4,25,0,0,0,0,0,0,0,1,0,1,1,10,0,0,0,0,0,0,0,0,0,1,1,7,0,0,0,0,0.0,0.0,3.0,7.0,38.2,1.0,0.36363636363636365,0.0,0.0,5.0,12.0,35.3,0.7,0.625,0.0,0.0,1.0,6.0,35.7,0.6,0.2777777777777778,-0.5,23.0,-200.0,0.12643678160919541,0.27586206896551724,2,4,12.1,5.0,1687,1167,1345,0.0,0.0,2.0,2.0,34.9,0.1,0.16666666666666666,0.0,0.0,9.0,2.0,34.8,0.2,0.6666666666666666,-2.0,0.4,54.0,-282.0,16.0,11.0,471.0,-0.09090909090909091,-0.0625,0.1111111111111111,0.1111111111111111,0.05555555555555555,0.720000000000001,0.0,0.5357000000000056,-0.0654000000000039,0.3346000000000018,-0.4654000000000025,-0.35310000000000485,0.19516722545877468,1.251239385569366,0.0,4.0,0.5,0.1875,0.3125,0.0,,0.1,0.08629032258064517
105,202301010503,0,1,0,3,0,1,2,9,0,0,0,0,0,0,0,3,0,1,0,4,0,0,0,0,0,0,0,3,0,1,0,2,0,0,0,0,0.0,0.0,120.0,2.0,37.1,0.1,0.125,0.0,0.0,80.0,14.0,38.4,2.3,0.125,0.0,0.0,130.0,4.0,35.0,0.3,0.125,1.0,-2.0,0.0,0.125,0.2916666666666667,5,9,65.4,13.0,1629,1362,1428,0.0,0.0,150.0,8.0,36.5,0.8,0.0625,0.0,0.0,150.0,16.0,40.0,4.4,0.0625,2.2,0.2,54.0,21.0,16.0,16.0,448.0,0.0,-0.0625,0.0,0.0,0.1875,-0.38999999999999985,0.0,1.005200000000002,3.2468999999999966,-0.153100000000002,1.346899999999998,4.9253,0.030618621784789725,1.6982343772283022,2.0,4.0,0.25,0.0,0.0,0.0,,,-0.05844155844155843
106,202301010503,0,1,0,0,0,1,0,1,0,0,0,0,0,0,0,0,0,0,0,1,0,0,0,0,0,0,0,0,0,0,0,0,0,0,0,0,0.0,0.0,9.0,14.0,35.2,0.7,0.8125,,,,,,,,,,,,,,,,,0.0,0.0,0.0,2,3,29.2,9.0,461,1110,432,,,,,,,,,,,,,,,,0.0,53.0,0.0,16.0,16.0,494.0,0.0625,,,,,,,-0.16539999999999822,,,,,,,0.0,1.0,0.0,0.09090909090909091,0.5454545454545454,0.0,,,
107,202301010503,0,0,1,2,0,0,0,1,0,0,0,0,0,0,0,0,0,0,0,0,0,0,0,0,0,0,0,0,0,0,0,0,0,0,0,0,0.0,0.0,70.0,4.0,36.0,0.3,0.8125,0.0,0.0,80.0,13.0,36.5,1.4,0.1875,0.0,0.0,10.0,7.0,35.7,0.9,0.6875,1.5,-6.0,0.0,0.125,0.3125,3,6,36.4,11.0,1672,1313,1167,0.0,0.0,40.0,2.0,34.2,0.1,0.5,0.0,0.0,10.0,11.0,35.8,1.1,0.5,0.3,0.2,56.0,21.0,16.0,16.0,456.0,-0.0625,0.125,-0.125,-0.1111111111111111,0.0,0.2700000000000003,0.0,-0.09479999999999933,0.683799999999998,-0.11619999999999919,-1.6161999999999992,-0.016200000000004877,0.21139418156609704,0.7709734106958542,0.0,5.0,0.2,0.0,0.0,4.0,0.25,,
108,202301010503,4,4,2,10,2,3,2,16,0,0,0,1,0,0,0,3,0,0,0,3,0,0,0,0,0,0,0,1,0,0,0,0,0,0,0,0,0.0,0.0,4.0,11.0,44.9,4.8,0.45454545454545453,0.0,0.0,1.0,16.0,35.6,0.8,0.4375,0.0,0.0,1.0,2.0,33.8,0.0,0.9333333333333333,-4.5,9.0,-100.0,0.28888888888888886,0.4888888888888889,1,1,1.9,1.0,1098,1013,1294,0.0,0.0,5.0,2.0,35.4,0.2,0.125,0.0,0.0,5.0,6.0,35.0,0.6,0.3333333333333333,-2.4,0.4,54.0,-357.0,16.0,11.0,481.0,0.36363636363636365,0.125,0.0,0.0,-0.05555555555555555,2.0,0.0,7.308599999999998,0.23460000000000036,-1.3531000000000049,0.24689999999999657,-0.10649999999999693,0.26563013080444126,4.028697059844535,1.0,3.0,0.6666666666666666,0.08333333333333333,0.25,0.0,,0.22727272727272727,0.15769230769230771
109,202301010505,1,1,3,15,0,1,1,3,0,0,1,0,0,0,1,7,0,0,0,1,0,0,0,0,0,0,0,1,0,0,0,0,0,0,0,0,,,,,,,,,,,,,,,,,,,,,,,,,0.0,0.0,6,6,8.2,4.0,1152,1039,1428,,,,,,,,,,,,,,,,,51.0,,10.0,,,,,,,,,,,,,,,,,,0.0,,0.058823529411764705,0.23529411764705882,0.0,,-0.04995499549954999,0.10256410256410253
110,202301010505,0,0,0,0,0,0,0,1,0,0,0,0,0,0,0,0,0,0,0,0,0,0,0,0,0,0,0,0,0,0,0,0,0,0,0,0,0.0,0.0,4.0,3.0,39.0,1.4,0.5,0.0,0.0,5.0,13.0,38.6,3.5,0.8,0.0,0.0,10.0,4.0,37.1,0.3,0.0625,0.5,19.0,0.0,0.0,0.0,4,4,9.2,5.0,1699,1736,1313,0.0,0.0,9.0,12.0,38.3,2.3,0.8125,0.0,0.0,9.0,5.0,36.5,1.7,0.5625,0.3,0.2,53.0,-417.0,10.0,12.0,441.0,0.16666666666666666,-0.06666666666666667,0.0,0.125,0.0625,0.5300000000000005,0.0,1.0889000000000024,0.6889000000000038,-1.1794999999999973,0.3888999999999996,-0.9177000000000035,0.272649041810163,0.9444575162494073,-1.0,0.0,,0.2,0.4,0.0,,,
111,202301010505,0,0,0,1,1,1,2,11,0,0,0,0,0,0,0,0,0,0,0,2,0,0,0,0,0,0,0,0,0,0,0,2,0,0,0,0,,,,,,,,,,,,,,,,,,,,,,,,,0.06666666666666667,0.13333333333333333,7,7,2.7,1.0,1676,1482,1428,,,,,,,,,,,,,,,,,55.0,,10.0,,,,,,,,,,,,,,,,,,0.0,,0.125,0.2916666666666667,0.0,,,0.07777777777777778
112,202301010505,1,0,1,5,0,0,0,0,0,0,0,0,0,0,0,2,0,0,0,0,0,0,0,0,0,0,0,0,0,0,0,0,0,0,0,0,0.0,0.0,3.0,5.0,37.0,0.6,0.6363636363636364,0.0,0.0,6.0,8.0,40.1,1.9,0.14285714285714285,0.0,0.0,2.0,2.0,37.4,1.1,0.13333333333333333,-1.5,-15.0,380.0,0.0851063829787234,0.2978723404255319,3,3,6.1,3.0,1677,1465,1167,0.0,0.0,4.0,7.0,38.3,1.1,0.4,0.0,0.0,8.0,12.0,36.0,1.3,1.0,1.3,0.2,55.0,-445.0,10.0,11.0,489.0,-0.09090909090909091,0.07142857142857142,0.0,0.0,-0.05555555555555555,0.38000000000000045,0.0,,0.7073999999999998,-0.4211000000000027,0.3888999999999996,0.8935000000000031,0.32666904170148925,1.3836184445142385,0.0,0.0,,0.0,0.0,0.0,,0.11904761904761904,
113,202301010505,1,1,1,13,0,0,1,2,0,0,0,1,1,0,1,10,0,0,1,1,0,0,0,0,0,0,0,1,0,0,0,0,0,0,0,0,,,,,,,,,,,,,,,,,,,,,,,,,0.13333333333333333,0.3333333333333333,8,10,3.5,2.0,1172,1337,1556,,,,,,,,,,,,,,,,,55.0,,10.0,,,,,,,,,,,,,,,,,,0.0,,0.0,0.125,0.0,,-0.09803921568627452,
114,202301010505,0,0,0,3,0,0,0,1,0,0,0,0,0,0,0,1,0,0,0,0,0,0,0,0,0,0,0,0,0,0,0,0,0,0,0,0,0.0,0.0,7.0,6.0,40.8,1.6,0.18181818181818182,0.0,0.0,12.0,11.0,39.8,2.5,1.0,0.0,0.0,9.0,8.0,36.7,2.0,0.8181818181818182,1.0,-8.0,-200.0,0.1,0.1,2,2,68.2,9.0,1600,1313,680,0.0,0.0,9.0,6.0,35.9,0.6,0.4,,,,,,,,-0.3,0.0,52.0,-353.0,10.0,11.0,408.0,0.18181818181818182,-0.125,-0.09090909090909091,-0.1,,1.779999999999999,0.0,2.5204999999999984,1.5204999999999984,1.5469000000000008,0.5345999999999975,,0.3249920533039905,2.0506096654409864,-2.0,2.0,0.0,0.13333333333333333,0.3333333333333333,0.0,,,
115,202301010505,0,0,0,4,7,3,3,27,0,0,0,0,0,0,0,3,1,0,2,9,0,0,0,0,0,0,0,1,0,0,0,1,0,0,0,0,0.0,0.0,2.0,5.0,38.5,1.6,0.5,0.0,0.0,4.0,5.0,37.0,2.1,0.25,0.0,0.0,7.0,5.0,36.0,0.4,0.2727272727272727,0.0,1.0,300.0,0.0,0.0,7,8,23.6,7.0,1534,1428,1235,0.0,0.0,7.0,7.0,35.9,0.9,0.6,,,,,,,,0.6,0.0,52.0,-356.0,10.0,10.0,455.0,-0.1,0.0,0.0,0.1,,0.8800000000000004,0.0,,1.634599999999999,0.846899999999998,0.5345999999999975,,0.14880290225331044,1.045227248018344,2.0,3.0,0.0,0.0,0.3333333333333333,0.0,,,-0.02899971980947047
116,202301010505,0,0,0,4,0,0,0,2,0,0,0,0,0,0,0,3,0,0,0,0,0,0,0,0,0,0,0,1,0,0,0,0,0,0,0,0,0.0,0.0,9.0,11.0,41.7,4.6,0.8181818181818182,0.0,0.0,14.0,15.0,38.9,2.4,0.875,0.0,0.0,15.0,12.0,39.2,2.1,0.4375,0.5,10.0,-200.0,0.13043478260869565,0.30434782608695654,8,9,29.6,8.0,1534,1541,1235,0.0,0.0,11.0,12.0,38.8,3.5,0.6,0.0,0.0,9.0,15.0,39.2,3.3,0.9333333333333333,0.5,0.0,55.0,-437.0,10.0,11.0,454.0,0.18181818181818182,0.0625,0.0625,0.06666666666666667,0.0,0.5100000000000001,0.0,3.420500000000004,0.988900000000001,1.3789000000000016,0.9788999999999959,1.2889000000000053,0.18577537113831702,1.081850266903883,1.0,0.0,,0.0,0.0,0.0,,,
117,202301010505,0,0,0,0,7,3,3,27,0,0,0,0,0,0,0,0,1,0,2,9,0,0,0,0,0,0,0,0,0,0,0,1,0,0,0,0,0.0,0.0,11.0,9.0,42.0,2.7,0.8181818181818182,0.0,0.0,16.0,16.0,39.2,3.5,0.9375,0.0,0.0,12.0,16.0,38.0,4.6,0.7647058823529411,3.5,7.0,-100.0,0.0,0.0,5,5,83.4,10.0,1693,1428,1167,0.0,0.0,10.0,9.0,36.4,1.9,0.9,,,,,,,,0.0,0.0,54.0,-428.0,10.0,11.0,377.0,0.0,0.0,0.17647058823529413,0.0,,1.8000000000000007,0.0,4.4086,1.2889000000000053,2.0833999999999975,1.0345999999999975,,0.06771229322680528,2.0469489490458725,0.0,1.0,0.0,0.0,0.2857142857142857,0.0,,,-0.02899971980947047
118,202301010505,0,0,0,0,0,0,0,7,0,0,0,0,0,0,0,0,0,0,0,3,0,0,0,0,0,0,0,0,0,0,0,0,0,0,0,0,0.0,0.0,1.0,2.0,40.0,0.4,0.3333333333333333,0.0,0.0,15.0,13.0,35.9,1.5,0.875,0.0,0.0,14.0,15.0,36.3,1.7,0.6875,6.5,-1.0,-300.0,0.0,0.0,1,1,18.4,6.0,1564,1393,334,0.0,0.0,11.0,9.0,35.8,1.5,0.5625,0.0,0.0,6.0,10.0,37.1,2.7,0.9,1.2,0.2,55.0,-438.0,10.0,12.0,457.0,-0.25,0.0625,0.1875,0.0,0.1,0.5899999999999999,0.0,,0.5345999999999975,1.1468999999999951,0.6468999999999951,1.7346000000000004,0.20981804286359912,1.558717421471898,1.0,4.0,0.0,0.2631578947368421,0.5789473684210527,0.0,,,-0.30952380952380953
119,202301010610,0,0,0,0,0,0,0,0,0,0,0,0,0,0,0,0,0,0,0,0,0,0,0,0,0,0,0,0,0,0,0,0,0,0,0,0,0.0,0.0,110.0,9.0,33.8,0.5,0.4117647058823529,0.0,0.0,160.0,9.0,33.3,0.5,0.5,0.0,0.0,70.0,9.0,37.7,0.6,0.21428571428571427,0.0,2.0,-200.0,0.12,0.28,7,8,8.2,6.0,1397,1376,1428,0.0,0.0,60.0,1.0,35.9,0.0,0.5454545454545454,0.0,0.0,20.0,7.0,35.2,0.4,0.3076923076923077,-1.2,0.2,58.0,-321.0,11.0,17.0,464.0,0.0,0.05555555555555555,0.0,-0.09090909090909091,0.0,-0.5400000000000013,0.0,-1.3064999999999998,-1.8531000000000049,1.5112000000000023,-0.19480000000000075,-0.16539999999999822,0.12183545328673326,1.5689486925964171,3.0,3.0,0.3333333333333333,0.09090909090909091,0.09090909090909091,1.0,1.0,,-0.25
120,202301010610,0,0,0,1,0,0,0,0,0,0,0,0,0,0,0,1,0,0,0,0,0,0,0,0,0,0,0,0,0,0,0,0,0,0,0,0,0.0,0.0,100.0,8.0,35.1,0.5,0.38461538461538464,0.0,0.0,40.0,7.0,34.8,0.8,0.7777777777777778,0.0,0.0,60.0,3.0,33.2,0.3,0.3125,-2.5,-4.0,0.0,0.0,0.0,2,2,19.5,7.0,1691,1556,1167,0.0,0.0,30.0,1.0,34.8,0.0,0.7692307692307693,0.0,0.0,80.0,7.0,35.2,0.4,0.16666666666666666,-0.8,0.4,58.0,21.0,11.0,13.0,498.0,0.07692307692307693,0.0,0.0,-0.07692307692307693,0.05555555555555555,-0.020000000000000285,0.0,-0.7162000000000006,-0.35310000000000485,-1.9530999999999992,-0.35310000000000485,-0.6161999999999992,0.24804636987291273,0.7277362159464092,0.0,5.0,0.4,0.038461538461538464,0.19230769230769232,0.0,,-0.09420610349402919,0.12745098039215688
121,202301010610,0,0,0,0,0,0,0,0,0,0,0,0,0,0,0,0,0,0,0,0,0,0,0,0,0,0,0,0,0,0,0,0,0,0,0,0,0.0,0.0,120.0,17.0,34.8,1.8,0.1111111111111111,0.0,0.0,50.0,1.0,36.8,0.0,0.09090909090909091,0.0,0.0,70.0,14.0,39.5,2.1,0.25,-1.5,-4.0,0.0,0.1111111111111111,0.2222222222222222,4,4,5.0,2.0,1426,1034,306,0.0,0.0,30.0,1.0,37.9,0.0,0.0625,0.0,0.0,30.0,12.0,40.7,2.6,0.1875,-1.0,0.4,56.0,71.0,11.0,18.0,454.0,0.0,0.0,0.125,0.0,0.3125,-1.2900000000000014,0.0,-0.35310000000000485,-0.13240000000000407,1.5889000000000024,-0.011099999999999,2.7889000000000053,0.06871123490866102,2.0597087172704804,0.0,2.0,0.5,0.1,0.2,0.0,,,
122,202301010610,0,0,0,1,0,0,0,1,0,0,0,0,0,0,0,0,0,0,0,1,0,0,0,0,0,0,0,0,0,0,0,0,0,0,0,0,0.0,0.0,60.0,1.0,35.7,0.0,0.07692307692307693,0.0,0.0,110.0,5.0,33.6,0.5,0.3125,0.0,0.0,110.0,9.0,35.3,0.8,0.6875,4.0,2.0,0.0,0.125,0.2727272727272727,8,11,6.3,5.0,1304,1199,1503,0.0,0.0,100.0,6.0,34.8,0.9,0.21428571428571427,0.0,0.0,70.0,8.0,34.1,0.9,0.6,1.4999999999999998,0.2,56.0,21.0,11.0,13.0,474.0,0.0,,-0.0625,0.0,-0.1,0.2000000000000007,0.0,-0.11619999999999919,0.05660000000000309,0.14689999999999515,-0.7621000000000038,-1.0064999999999955,0.23100384789919365,0.7668115805072322,1.0,2.0,0.5,0.0,0.23076923076923078,0.0,,0.08333333333333331,
123,202301010610,1,0,0,1,0,0,0,0,0,0,0,0,0,0,0,0,0,0,0,0,0,0,0,0,0,0,0,0,0,0,0,0,0,0,0,0,0.0,0.0,130.0,11.0,35.1,1.1,0.9375,0.0,0.0,130.0,8.0,36.3,0.5,1.0,0.0,0.0,140.0,13.0,33.5,0.9,0.875,1.0,6.0,0.0,0.16216216216216217,0.2972972972972973,6,7,120.7,10.0,1455,1558,1428,0.0,0.0,140.0,16.0,42.1,5.8,0.125,0.0,0.0,140.0,9.0,35.8,1.1,0.5714285714285714,0.4,0.0,58.0,113.0,11.0,16.0,426.0,0.0,0.0,0.0,0.0,0.0,-0.7199999999999995,0.0,-0.9947999999999979,-0.6324000000000041,-1.653100000000002,3.8205000000000027,0.6468999999999951,0.3237810736801479,2.9268413007882756,1.0,4.0,0.0,0.0,0.2222222222222222,1.0,0.0,0.18857142857142856,0.05836139169472504
124,202301010610,0,0,0,1,1,0,0,2,0,0,0,0,0,0,0,0,0,0,0,1,0,0,0,0,0,0,0,0,0,0,0,0,0,0,0,0,0.0,0.0,10.0,4.0,34.8,0.2,0.38461538461538464,0.0,0.0,40.0,1.0,34.8,0.0,0.3333333333333333,0.0,0.0,30.0,4.0,34.9,0.6,0.9090909090909091,0.0,6.0,0.0,0.1346153846153846,0.4230769230769231,3,3,3.5,1.0,1503,1366,1263,0.0,0.0,10.0,1.0,36.0,0.0,0.125,0.0,0.0,40.0,3.0,34.1,0.4,0.26666666666666666,-0.2,0.6,56.0,21.0,11.0,13.0,470.0,-0.07692307692307693,0.0,0.0,0.0,-0.06666666666666667,0.019999999999998862,0.0,-1.0162000000000049,-0.35310000000000485,-0.9162000000000035,-1.4177000000000035,-0.9746999999999986,0.26727793670519,0.6112282715974449,1.0,3.0,0.3333333333333333,0.13333333333333333,0.3333333333333333,0.0,,-0.047619047619047616,0.16720779220779222
125,202301010610,0,0,0,0,0,0,0,1,0,0,0,0,0,0,0,0,0,0,0,0,0,0,0,0,0,0,0,0,0,0,0,0,0,0,0,0,0.0,0.0,40.0,6.0,34.2,0.6,0.5384615384615384,0.0,0.0,30.0,2.0,34.7,0.1,0.375,0.0,0.0,80.0,4.0,32.9,0.5,1.0,-1.0,-2.0,0.0,0.05660377358490566,0.20754716981132076,7,9,25.1,8.0,1736,1235,1482,0.0,0.0,30.0,10.0,33.8,0.5,0.8333333333333334,0.0,0.0,70.0,4.0,33.7,0.1,0.4444444444444444,0.4,0.2,58.0,210.0,11.0,13.0,518.0,0.0,0.0,-0.0625,-0.1111111111111111,0.0,0.19000000000000056,0.0,-0.9530999999999992,-0.45309999999999917,-2.2531000000000034,-1.3531000000000049,-1.4530999999999992,0.23905625377388748,0.5953150426454902,0.0,5.0,0.2,0.0,0.25,0.0,,-0.12077922077922076,-0.026666666666666644
126,202301010610,0,0,0,1,0,0,0,1,0,0,0,0,0,0,0,1,0,0,0,0,0,0,0,0,0,0,0,0,0,0,0,0,0,0,0,0,0.0,0.0,90.0,5.0,34.9,0.4,0.6153846153846154,0.0,0.0,80.0,5.0,34.2,0.3,0.8,0.0,0.0,70.0,6.0,35.1,0.4,0.5384615384615384,0.5,-6.0,0.0,0.08163265306122448,0.2857142857142857,1,1,5.9,4.0,1451,1110,1482,0.0,0.0,40.0,7.0,35.9,0.9,0.375,0.0,0.0,50.0,8.0,34.6,0.6,0.1875,0.8,0.0,58.0,21.0,11.0,13.0,466.0,0.0,-0.06666666666666667,-0.07692307692307693,0.0625,0.0,-0.11000000000000014,0.0,-0.9162000000000035,-0.9530999999999992,-0.05310000000000059,-0.19480000000000075,-0.5531000000000006,0.20881604826218297,0.5678027826631343,0.0,5.0,0.0,0.08333333333333333,0.25,1.0,0.0,,
127,202301010610,0,0,0,8,0,0,0,3,0,0,0,1,0,0,0,5,0,0,0,1,0,0,0,1,0,0,0,0,0,0,0,0,0,0,0,0,0.0,0.0,30.0,3.0,35.0,0.1,0.15384615384615385,0.0,0.0,50.0,2.0,34.7,0.3,0.26666666666666666,0.0,0.0,70.0,2.0,33.8,0.0,0.3333333333333333,-0.5,2.0,0.0,0.09433962264150944,0.32075471698113206,8,10,5.2,3.0,1716,1428,1167,0.0,0.0,90.0,14.0,44.6,7.2,0.42857142857142855,0.0,0.0,70.0,9.0,35.5,1.3,0.36363636363636365,2.4,0.6,58.0,21.0,11.0,13.0,448.0,0.0,-0.13333333333333333,0.0,0.5714285714285714,0.0,-1.0899999999999999,0.0,-0.816200000000002,-0.45309999999999917,-1.3064999999999998,6.320500000000003,0.39350000000000307,0.0935298613279351,3.978642984737385,0.0,2.0,1.0,0.12,0.44,0.0,,0.015186378278877144,-0.02899971980947047
128,202301010610,0,0,0,2,0,0,0,1,0,0,0,0,0,0,0,1,0,0,0,0,0,0,0,0,0,0,0,0,0,0,0,0,0,0,0,0,0.0,0.0,5.0,6.0,37.3,1.3,0.875,0.0,0.0,13.0,12.0,38.5,2.4,0.5714285714285714,0.0,0.0,11.0,10.0,36.2,1.3,1.0,2.0,2.0,-600.0,0.043478260869565216,0.15217391304347827,6,6,149.2,11.0,1172,1039,1556,0.0,0.0,12.0,14.0,38.7,2.6,0.6428571428571429,0.0,0.0,7.0,11.0,39.2,1.7,0.6666666666666666,1.2,0.0,58.0,-51.0,11.0,8.0,490.0,-0.25,0.0,0.0,0.2857142857142857,-0.16666666666666666,-0.4000000000000014,0.0,-2.3259000000000043,-0.07759999999999678,0.10520000000000351,-0.6925999999999988,-0.009399999999999409,0.1602683407385373,1.0870142593360959,3.0,1.0,0.0,0.09090909090909091,0.2727272727272727,1.0,0.0,-0.09803921568627452,0.10256410256410253
129,202301010610,0,0,0,0,0,0,0,0,0,0,0,0,0,0,0,0,0,0,0,0,0,0,0,0,0,0,0,0,0,0,0,0,0,0,0,0,0.0,0.0,13.0,11.0,37.1,0.9,0.4,0.0,0.0,10.0,7.0,35.5,1.0,0.42857142857142855,0.0,0.0,14.0,15.0,39.8,2.6,0.125,2.0,-2.0,0.0,0.0,0.0,5,5,41.4,9.0,518,908,225,0.0,0.0,13.0,7.0,36.8,1.0,0.14285714285714285,0.0,0.0,9.0,11.0,39.5,3.4,0.2727272727272727,0.0,0.0,56.0,-384.0,11.0,15.0,480.0,0.0,-0.07142857142857142,0.0,0.0,0.5454545454545454,-0.6099999999999994,0.0,-0.8110999999999962,-0.9410999999999987,1.9788999999999959,0.35889999999999844,3.4052000000000007,0.12583262917470728,1.6523922052587874,0.0,1.0,0.0,0.5,0.5,1.0,0.0,,
130,202301010612,0,0,0,0,0,0,0,0,0,0,0,0,0,0,0,0,0,0,0,0,0,0,0,0,0,0,0,0,0,0,0,0,0,0,0,0,0.0,0.0,15.0,16.0,37.1,1.3,0.11764705882352941,0.0,0.0,10.0,7.0,33.7,0.4,0.3,0.0,0.0,11.0,7.0,32.7,0.5,0.35294117647058826,-4.5,-2.0,0.0,0.0,0.125,1,2,17.3,6.0,1537,1611,488,0.0,0.0,14.0,11.0,35.4,0.6,0.3125,0.0,0.0,7.0,6.0,33.2,0.6,0.25,-1.6,0.0,52.0,-440.0,16.0,17.0,436.0,0.058823529411764705,0.0,,0.0,,0.6100000000000001,0.0,1.7346000000000004,-1.4530999999999992,-0.8433999999999955,0.24689999999999657,-0.3433999999999955,0.08141216847910754,1.6191355718407265,-1.0,3.0,0.0,0.0,0.21428571428571427,0.0,,,
131,202301010612,0,1,1,2,0,0,0,0,0,0,0,0,0,0,1,0,0,0,0,0,0,0,0,0,0,0,0,0,0,0,0,0,0,0,0,0,0.0,0.0,10.0,2.0,34.0,0.2,0.75,0.0,0.0,20.0,2.0,34.3,0.2,0.8333333333333334,0.0,0.0,50.0,2.0,33.9,0.2,0.8333333333333334,0.0,4.0,0.0,0.2826086956521739,0.4782608695652174,7,14,2.0,1.0,1428,460,1263,0.0,0.0,60.0,3.0,35.0,0.2,0.7777777777777778,0.0,0.0,50.0,1.0,34.6,0.0,0.7142857142857143,-0.1,1.0,56.0,15.0,16.0,16.0,440.0,-0.125,0.0,-0.1111111111111111,-0.05555555555555555,0.0,-0.19000000000000056,0.0,-1.153100000000002,-0.8531000000000049,-1.2064999999999984,-0.153100000000002,-1.494799999999998,0.046683940221754754,0.4029888335921983,0.0,4.0,1.0,0.125,0.4166666666666667,1.0,1.0,0.011098654708520173,-0.2222222222222222
132,202301010612,0,0,0,0,0,0,0,0,0,0,0,0,0,0,0,0,0,0,0,0,0,0,0,0,0,0,0,0,0,0,0,0,0,0,0,0,0.0,0.0,30.0,11.0,35.2,0.9,0.3333333333333333,0.0,0.0,100.0,7.0,34.8,0.7,0.2857142857142857,0.0,0.0,30.0,6.0,35.7,0.4,0.36363636363636365,-2.5,0.0,0.0,0.12359550561797752,0.2696629213483146,5,9,22.8,8.0,204,779,4,0.0,0.0,40.0,3.0,36.5,0.2,0.1875,0.0,0.0,80.0,3.0,36.1,0.5,0.3125,-2.0,0.4,56.0,-160.0,16.0,18.0,482.0,0.2777777777777778,-0.07142857142857142,0.0,0.0,-0.0625,-0.35,0.0,0.04690000000000083,-0.35310000000000485,0.5469000000000008,0.40520000000000067,0.005200000000002092,0.06019520018985892,0.6086049621881181,0.0,5.0,0.4,0.0,0.1875,2.0,1.0,,
133,202301010612,0,0,0,0,0,0,0,0,0,0,0,0,0,0,0,0,0,0,0,0,0,0,0,0,0,0,0,0,0,0,0,0,0,0,0,0,0.0,0.0,100.0,9.0,35.6,0.6,0.21428571428571427,0.0,0.0,90.0,12.0,35.8,1.5,0.3333333333333333,0.0,0.0,60.0,5.0,34.7,0.2,0.1,-2.0,-4.0,0.0,0.09090909090909091,0.09090909090909091,4,7,29.3,10.0,1534,1465,1235,0.0,0.0,140.0,14.0,35.5,1.1,0.13333333333333333,0.0,0.0,130.0,17.0,35.4,0.9,0.16666666666666666,1.8,0.0,51.0,-384.0,16.0,14.0,400.0,0.07142857142857142,0.3333333333333333,0.0,0.0,0.0,0.07000000000000028,0.0,0.4468999999999994,0.6468999999999951,-0.45309999999999917,0.346899999999998,0.24689999999999657,0.08122642689607769,0.3741657386773926,-5.0,5.0,0.0,0.0,0.125,0.0,,,
134,202301010612,0,0,0,0,0,0,0,2,0,0,0,0,0,0,0,0,0,0,0,1,0,0,0,0,0,0,0,0,0,0,0,0,0,0,0,0,0.0,0.0,20.0,7.0,34.6,0.5,0.14285714285714285,0.0,0.0,30.0,1.0,34.7,0.0,0.1111111111111111,0.0,0.0,60.0,4.0,35.5,0.3,0.1111111111111111,-1.5,0.0,0.0,0.0,0.5,1,1,22.2,7.0,1540,1183,1036,0.0,0.0,20.0,7.0,36.6,0.4,0.2222222222222222,0.0,0.0,40.0,2.0,35.8,0.2,0.2777777777777778,-0.4,0.4,54.0,63.0,16.0,14.0,402.0,0.0,0.0,0.0,0.0,0.0,-0.429999999999999,0.0,-0.5531000000000006,-1.1161999999999992,-0.06210000000000093,0.5052000000000021,0.6468999999999951,0.06628766037403525,0.7391887445030524,1.0,4.0,0.5,0.06666666666666667,0.4666666666666667,1.0,0.0,,-0.2124271844660194
135,202301010612,0,0,0,0,0,0,0,0,0,0,0,0,0,0,0,0,0,0,0,0,0,0,0,0,0,0,0,0,0,0,0,0,0,0,0,0,0.0,0.0,50.0,1.0,35.5,0.0,0.0625,0.0,0.0,40.0,14.0,43.6,4.9,0.26666666666666666,0.0,0.0,60.0,6.0,36.7,0.6,0.125,2.5,-4.0,0.0,0.09615384615384616,0.3269230769230769,4,8,47.6,12.0,1289,118,1428,0.0,0.0,30.0,5.0,37.5,2.2,0.5,0.0,0.0,30.0,4.0,36.7,1.5,0.5555555555555556,-0.3,0.2,54.0,21.0,16.0,16.0,454.0,0.0,0.13333333333333333,0.0,0.0,0.0,0.36999999999999955,0.0,0.346899999999998,3.9741,1.2408000000000001,2.0407999999999973,1.6253000000000029,0.19668863656318944,2.871933146854223,0.0,1.0,1.0,0.0,0.5,0.0,,-0.07368421052631574,
136,202301010612,0,0,0,4,0,0,0,0,0,0,0,0,0,0,0,2,0,0,0,0,0,0,0,0,0,0,0,1,0,0,0,0,0,0,0,0,0.0,0.0,13.0,13.0,39.1,2.7,0.6923076923076923,0.0,0.0,4.0,8.0,40.3,1.1,0.2727272727272727,0.0,0.0,9.0,7.0,36.5,1.4,0.6666666666666666,-3.0,2.0,0.0,0.15384615384615385,0.3076923076923077,6,11,23.2,9.0,1393,842,1263,0.0,0.0,10.0,10.0,35.3,0.6,0.2727272727272727,0.0,0.0,15.0,16.0,36.7,1.7,0.75,0.8,0.0,54.0,-433.0,16.0,13.0,490.0,0.15384615384615385,0.09090909090909091,-0.1111111111111111,-0.09090909090909091,0.0,0.9799999999999998,0.0,1.1889000000000038,,1.134599999999999,0.14689999999999515,1.593500000000006,0.21250701358676724,1.8356470248934025,1.0,2.0,0.0,0.0,0.0,0.0,,-0.08859223300970873,
137,202301010612,0,0,0,1,0,0,0,0,0,0,0,0,0,0,0,0,0,0,0,0,0,0,0,0,0,0,0,0,0,0,0,0,0,0,0,0,0.0,0.0,2.0,1.0,40.2,0.0,0.1,0.0,0.0,11.0,13.0,35.7,0.9,1.0,0.0,0.0,12.0,16.0,34.7,1.4,0.6111111111111112,7.5,-4.0,-200.0,0.0,0.11764705882352941,8,15,36.3,11.0,1657,1205,1317,0.0,0.0,11.0,8.0,36.1,0.9,0.5,0.0,0.0,11.0,5.0,36.2,0.6,0.2857142857142857,0.3,0.2,56.0,-357.0,16.0,10.0,424.0,0.1,-0.0625,,0.0,-0.14285714285714285,0.7600000000000001,0.0,1.920500000000004,0.5469000000000008,0.9128000000000043,0.005200000000002092,0.10520000000000351,0.3060268062566484,1.8861601204563732,2.0,3.0,0.0,0.0,0.0,2.0,0.0,-0.16866438356164382,
138,202301010612,0,0,0,2,0,0,0,1,0,0,0,0,0,0,0,1,0,0,0,1,0,0,0,0,0,0,0,1,0,0,0,1,0,0,0,0,0.0,0.0,11.0,12.0,33.9,1.7,0.8571428571428571,0.0,0.0,9.0,15.0,38.7,2.1,1.0,0.0,0.0,9.0,10.0,36.5,1.5,0.6428571428571429,-1.0,-8.0,-400.0,0.1590909090909091,0.4318181818181818,7,13,7.3,2.0,1098,1542,1294,0.0,0.0,2.0,9.0,35.2,0.9,0.875,0.0,0.0,5.0,5.0,34.0,0.2,0.8181818181818182,-2.0,0.0,54.0,-139.0,16.0,14.0,436.0,0.07142857142857142,0.0,0.2857142857142857,-0.0625,-0.09090909090909091,0.32999999999999974,0.0,-1.1747000000000014,0.546200000000006,0.5775000000000006,-0.8947999999999965,-1.153100000000002,0.11528305964942069,1.789525076661404,-1.0,2.0,0.0,0.041666666666666664,0.125,1.0,0.0,0.22727272727272727,0.2
139,202301010612,0,0,0,4,0,0,0,2,0,0,0,0,0,0,0,0,0,0,0,2,0,0,0,0,0,0,0,0,0,0,0,2,0,0,0,0,0.0,0.0,140.0,1.0,34.2,0.0,0.5,0.0,0.0,120.0,12.0,36.5,1.4,0.5,0.0,0.0,110.0,5.0,34.8,0.7,0.6153846153846154,2.0,4.0,0.0,0.07142857142857142,0.19642857142857142,6,12,12.0,5.0,1167,1362,460,0.0,0.0,120.0,17.0,36.5,1.2,0.8888888888888888,0.0,0.0,110.0,12.0,41.2,4.4,0.3333333333333333,2.7,0.2,56.0,-160.0,16.0,18.0,442.0,-0.3888888888888889,0.0,-0.15384615384615385,0.0,0.4666666666666667,-1.4,0.0,-0.9530999999999992,1.134599999999999,-0.35310000000000485,0.1383999999999972,5.034200000000006,0.18413597138348065,2.4565015774470824,4.0,3.0,0.3333333333333333,0.0,0.5,0.0,,-0.10673076923076924,-0.05844155844155843
140,202301010612,0,0,0,1,0,0,0,3,0,0,0,0,0,0,0,1,0,0,0,1,0,0,0,0,0,0,0,1,0,0,0,1,0,0,0,0,0.0,0.0,40.0,10.0,37.1,1.4,0.4375,0.0,0.0,110.0,3.0,37.9,0.2,0.625,0.0,0.0,90.0,14.0,36.5,0.8,0.3888888888888889,2.0,-2.0,-200.0,0.15584415584415584,0.38961038961038963,2,4,7.3,3.0,1691,1428,1167,0.0,0.0,30.0,11.0,35.2,1.0,0.875,0.0,0.0,10.0,3.0,35.6,0.5,0.7857142857142857,-0.6,0.4,56.0,-195.0,16.0,16.0,448.0,0.0625,-0.0625,0.0,0.0625,0.07142857142857142,0.5699999999999996,0.0,-1.1794999999999973,-0.37950000000000017,0.1383999999999972,-0.8947999999999965,-0.4947999999999979,0.18931482921404402,0.9810198774744565,0.0,2.0,0.5,0.0,0.0,2.0,0.5,-0.09420610349402919,-0.02899971980947047
141,202301010612,0,0,0,2,0,0,0,0,0,0,0,0,0,0,0,0,0,0,0,0,0,0,0,0,0,0,0,0,0,0,0,0,0,0,0,0,0.0,0.0,50.0,2.0,35.6,0.0,0.07142857142857142,0.0,0.0,80.0,1.0,34.8,0.0,0.0625,0.0,0.0,90.0,6.0,35.7,1.1,0.1875,2.0,-4.0,0.0,0.041666666666666664,0.125,2,3,11.8,4.0,1674,702,1428,0.0,0.0,110.0,3.0,34.1,0.1,0.16666666666666666,0.0,0.0,160.0,10.0,37.5,2.3,0.3125,1.8,0.6,52.0,22.0,16.0,14.0,464.0,0.0,0.0,0.0,0.0,0.1875,-0.31000000000000016,0.0,-0.21620000000000061,-0.35310000000000485,0.5469000000000008,-1.0531000000000006,2.0407999999999973,0.09100332031519522,1.1394735626595294,1.0,4.0,0.75,0.25,0.25,0.0,,0.1857142857142857,
142,202301010612,0,0,0,2,0,1,0,6,0,0,0,0,0,0,0,1,0,1,0,2,0,0,0,0,0,0,0,1,0,1,0,1,0,0,0,0,0.0,0.0,16.0,13.0,36.7,1.4,0.4375,0.0,0.0,15.0,16.0,39.9,2.9,0.1875,0.0,0.0,9.0,16.0,38.9,2.2,0.1875,1.5,6.0,0.0,0.0,0.0,5,10,174.8,16.0,1098,1263,1294,0.0,0.0,1.0,1.0,39.0,0.0,0.2857142857142857,0.0,0.0,8.0,6.0,35.2,0.4,0.23076923076923078,-2.9,0.2,53.0,0.0,16.0,16.0,470.0,0.0,0.0,0.0,0.0,0.0,0.38999999999999985,0.0,0.6052000000000035,1.6204999999999998,0.7462000000000018,0.7205000000000013,-0.7224999999999966,0.09313044992274906,1.728120366178234,0.0,1.0,0.0,0.0,0.0,1.0,0.0,0.22727272727272727,-0.11912393162393162
143,202301010612,0,0,0,8,0,0,0,0,0,0,0,0,0,0,0,5,0,0,0,0,0,0,0,0,0,0,0,1,0,0,0,0,0,0,0,0,0.0,0.0,120.0,13.0,38.9,4.4,1.0,0.0,0.0,70.0,9.0,37.2,1.8,0.4,0.0,0.0,40.0,5.0,38.2,0.7,0.3076923076923077,-4.0,0.0,0.0,0.0,0.0,3,5,71.1,14.0,1716,1393,1167,0.0,0.0,70.0,1.0,37.8,0.0,0.0625,0.0,0.0,10.0,4.0,34.2,0.5,0.3333333333333333,-2.6,0.2,51.0,78.0,16.0,15.0,458.0,0.0,0.0,0.0,0.0,0.1111111111111111,0.8799999999999997,0.0,1.0317000000000007,-0.2160999999999973,0.28890000000000526,-0.11110000000000042,0.6566000000000045,0.31136084944439046,1.6267759526130192,-3.0,0.0,,0.043478260869565216,0.13043478260869565,0.0,,0.015186378278877144,-0.30952380952380953
144,202301010612,0,0,0,0,0,0,0,1,0,0,0,0,0,0,0,0,0,0,0,1,0,0,0,0,0,0,0,0,0,0,0,1,0,0,0,0,0.0,0.0,90.0,14.0,37.8,1.9,0.14285714285714285,0.0,0.0,30.0,8.0,35.3,1.0,0.6923076923076923,0.0,0.0,70.0,4.0,35.0,0.0,0.8125,-5.0,2.0,0.0,0.25,0.25,8,16,64.9,13.0,1736,1323,1482,0.0,0.0,20.0,1.0,35.2,0.0,0.1875,0.0,0.0,80.0,5.0,35.2,1.0,0.6875,-2.4999999999999996,0.2,50.0,22.0,16.0,14.0,500.0,0.0,-0.07692307692307693,0.0,0.0,0.0,0.5299999999999983,0.0,1.7051999999999978,0.14689999999999515,-0.153100000000002,0.04690000000000083,0.04690000000000083,0.2810335495908855,1.054514106117124,-3.0,5.0,0.2,0.14285714285714285,0.23809523809523808,1.0,0.0,-0.12077922077922076,
145,202301010612,0,0,0,0,0,1,0,0,0,0,0,0,0,0,0,0,0,0,0,0,0,0,0,0,0,0,0,0,0,0,0,0,0,0,0,0,0.0,0.0,5.0,10.0,40.9,2.0,1.0,0.0,0.0,12.0,13.0,34.8,0.6,0.3888888888888889,0.0,0.0,7.0,4.0,34.6,0.4,0.5,-3.0,0.0,-200.0,0.08333333333333333,0.2916666666666667,3,6,161.2,15.0,1195,1503,1428,0.0,0.0,16.0,11.0,35.3,0.8,0.058823529411764705,0.0,0.0,10.0,13.0,37.3,1.6,0.3076923076923077,0.4,0.0,54.0,-429.0,16.0,12.0,470.0,-0.16666666666666666,0.0,0.0,0.058823529411764705,0.23076923076923078,0.6700000000000003,0.0,3.2357000000000014,-0.35310000000000485,-0.5531000000000006,0.22529999999999717,0.9251000000000005,0.3104832478960603,2.3625410049351525,0.0,2.0,0.0,0.0,0.0,0.0,,,0.09572649572649577
146,202301020112,0,1,1,6,0,1,0,6,0,0,0,0,0,0,0,3,0,0,0,3,0,0,0,0,0,0,0,0,0,0,0,1,0,0,0,0,0.0,0.0,10.0,1.0,34.8,0.0,0.25,0.0,0.0,10.0,3.0,35.5,0.6,0.0625,0.0,0.0,10.0,2.0,35.2,0.0,0.05555555555555555,0.5,0.0,0.0,0.1,0.3,6,11,5.8,3.0,1432,1665,1428,0.0,0.0,110.0,3.0,36.3,0.7,0.058823529411764705,0.0,0.0,50.0,9.0,37.6,1.5,0.11764705882352941,1.6,0.8,54.0,98.0,16.0,16.0,478.0,0.0,0.0,0.0,0.0,0.17647058823529413,-0.6400000000000006,0.0,-1.0162000000000049,0.346899999999998,0.09350000000000591,-0.03170000000000073,1.5700000000000003,0.07415114774704912,0.9907572861200673,0.0,2.0,1.0,0.0,0.3333333333333333,1.0,1.0,,
147,202301020112,7,6,6,57,1,1,1,0,0,0,0,0,2,0,1,11,0,0,1,0,0,0,0,0,1,0,0,0,0,0,1,0,0,0,0,0,0.0,0.0,10.0,6.0,34.6,0.3,0.5,0.0,0.0,70.0,7.0,34.9,0.5,0.1875,0.0,0.0,40.0,7.0,36.1,1.4,0.875,0.5,0.0,0.0,0.15555555555555556,0.4222222222222222,3,6,7.5,4.0,1304,715,1503,0.0,0.0,10.0,2.0,35.0,0.1,0.5454545454545454,0.0,0.0,20.0,1.0,34.9,0.0,0.25,-1.5,0.4,56.0,13.0,16.0,12.0,438.0,0.0,0.0625,-0.125,0.0,0.0,-0.06999999999999958,0.0,-0.5531000000000006,-0.20649999999999835,0.6407999999999987,-0.10649999999999693,-0.9162000000000035,0.24446348744590646,0.5176871642217918,1.0,2.0,0.5,0.0,0.25,1.0,0.0,0.08333333333333331,
148,202301020112,1,0,0,2,0,2,0,7,0,0,0,0,1,0,0,0,0,0,0,6,0,0,0,0,0,0,0,0,0,0,0,0,0,0,0,0,0.0,0.0,30.0,2.0,34.5,0.1,0.8461538461538461,0.0,0.0,10.0,9.0,39.1,2.4,0.2857142857142857,0.0,0.0,140.0,3.0,35.4,0.5,0.6428571428571429,0.5,-2.0,0.0,0.12222222222222222,0.2777777777777778,2,3,3.2,1.0,1381,1728,548,0.0,0.0,50.0,1.0,37.7,0.0,0.125,0.0,0.0,50.0,10.0,43.1,2.4,0.125,0.8,0.6,56.0,20.0,16.0,13.0,514.0,-0.07692307692307693,-0.07142857142857142,0.07142857142857142,0.0,0.125,-1.5800000000000005,0.0,-0.653100000000002,0.9662000000000006,-0.9616000000000042,-0.21109999999999474,3.4741,0.29059311861169473,3.043419129860362,1.0,1.0,1.0,0.0,0.2,1.0,1.0,,
149,202301020112,0,2,0,9,0,0,0,1,0,0,0,1,0,1,0,6,0,0,0,1,0,0,0,1,0,0,0,1,0,0,0,1,0,0,0,1,0.0,0.0,30.0,8.0,35.3,0.7,0.0625,0.0,0.0,30.0,6.0,37.6,0.8,0.13333333333333333,0.0,0.0,130.0,2.0,37.4,0.4,0.125,-3.0,2.0,0.0,0.14814814814814814,0.2962962962962963,8,16,8.0,5.0,1534,1614,1235,0.0,0.0,60.0,10.0,37.8,1.1,0.5384615384615384,0.0,0.0,80.0,4.0,35.2,0.5,0.25,-0.4,0.2,56.0,21.0,16.0,16.0,458.0,0.0,0.0,0.0,-0.07692307692307693,0.0,-7.105427357601002e-16,0.0,0.14689999999999515,0.18390000000000128,-0.4233000000000047,-0.11110000000000042,0.04690000000000083,0.1694950345361565,1.1586198686368185,2.0,2.0,0.0,0.0,0.05555555555555555,2.0,0.0,,
150,202301020112,1,2,2,21,0,0,0,5,0,0,0,0,0,0,2,8,0,0,0,2,0,0,0,0,0,0,0,3,0,0,0,0,0,0,0,0,0.0,0.0,100.0,12.0,32.8,1.5,0.8888888888888888,0.0,0.0,60.0,9.0,34.4,0.6,0.3333333333333333,0.0,0.0,50.0,4.0,34.1,0.5,0.8181818181818182,-4.0,-8.0,200.0,0.0,0.25,6,12,56.3,11.0,1729,1487,1428,0.0,0.0,60.0,9.0,34.2,0.7,0.5555555555555556,0.0,0.0,30.0,1.0,35.3,0.0,0.5,-2.2,0.2,53.0,14.0,16.0,18.0,458.0,,0.0,0.0,0.0,-0.1111111111111111,-0.4800000000000004,0.0,-0.7434000000000012,-0.7531000000000034,-1.0531000000000006,-0.9064999999999941,0.19350000000000023,0.20606060606060603,0.8014985963805552,-2.0,2.0,0.0,0.0,0.125,2.0,0.0,-0.04945054945054947,
151,202301020112,2,2,3,33,0,0,1,5,0,0,0,0,2,2,2,19,0,0,0,4,0,0,0,0,0,1,0,2,0,0,0,0,0,0,0,0,0.0,0.0,8.0,11.0,37.8,2.1,0.6666666666666666,0.0,0.0,14.0,11.0,33.3,1.2,0.5,0.0,0.0,12.0,14.0,36.2,2.1,0.35714285714285715,1.5,5.0,200.0,0.15789473684210525,0.2894736842105263,7,14,121.6,16.0,1036,1323,1108,0.0,0.0,13.0,15.0,35.7,1.4,0.4375,0.0,0.0,11.0,8.0,36.6,1.2,0.375,-0.2,0.0,56.0,-437.0,16.0,12.0,453.0,-0.4166666666666667,,0.07142857142857142,0.0625,-0.1875,-1.4210854715202005e-15,0.0,1.5257999999999967,-0.24340000000000117,1.0469000000000008,-0.6616,1.4468999999999994,0.11167656571008164,1.4824304368165142,2.0,2.0,0.0,0.0,0.5,2.0,0.0,0.006818181818181834,
152,202301020112,2,2,3,33,1,1,1,7,0,0,0,0,2,2,2,19,0,0,0,0,0,0,0,0,0,1,0,2,0,0,0,0,0,0,0,0,0.0,0.0,8.0,15.0,36.2,1.6,0.1875,0.0,0.0,13.0,7.0,35.3,0.5,0.3125,0.0,0.0,1.0,1.0,39.1,0.0,0.3,-7.0,-8.0,0.0,0.06060606060606061,0.24242424242424243,5,10,79.7,13.0,1036,1028,1108,0.0,0.0,5.0,2.0,36.2,0.5,0.0625,0.0,0.0,8.0,6.0,35.5,0.9,0.2222222222222222,-2.3,0.4,58.0,-36.0,16.0,16.0,446.0,0.0,0.0,-0.1,0.0,0.0,0.05,0.0,1.0469000000000008,0.14689999999999515,0.8205000000000027,1.0469000000000008,0.346899999999998,0.09030726014317954,1.3690872872099873,0.0,4.0,0.25,0.1111111111111111,0.2222222222222222,4.0,0.25,0.006818181818181834,
153,202301020112,9,6,7,81,3,0,2,10,0,0,0,0,7,2,3,40,0,0,2,1,0,0,0,0,1,1,1,15,0,0,0,0,0,0,0,0,0.0,0.0,50.0,8.0,35.9,0.6,0.14285714285714285,0.0,0.0,40.0,12.0,38.7,1.6,0.3125,0.0,0.0,40.0,5.0,36.6,0.8,0.1111111111111111,-1.5,-2.0,-300.0,0.15384615384615385,0.38461538461538464,4,7,10.0,6.0,1393,197,1263,0.0,0.0,40.0,1.0,39.0,0.0,0.0625,0.0,0.0,70.0,9.0,36.3,1.1,0.8461538461538461,-0.9,0.2,56.0,20.0,16.0,14.0,510.0,0.0,0.0,0.0,0.0,-0.15384615384615385,-0.10999999999999943,0.0,-0.022500000000000853,0.4205000000000041,1.5253000000000014,0.7205000000000013,-0.3832000000000022,0.2881303981133791,1.2884098726725137,1.0,0.0,,0.3333333333333333,0.3333333333333333,0.0,,-0.08859223300970873,-0.1333333333333333
154,202301020112,2,2,2,9,0,0,0,1,0,0,0,0,1,1,1,0,0,0,0,1,0,0,0,0,1,0,0,0,0,0,0,0,0,0,0,0,0.0,0.0,8.0,6.0,33.7,0.5,1.0,0.0,0.0,13.0,10.0,34.1,0.9,0.375,0.0,0.0,12.0,9.0,34.1,0.5,0.9375,1.5,10.0,0.0,0.04,0.12,7,13,64.6,12.0,1243,486,1428,0.0,0.0,8.0,9.0,34.2,0.8,0.9230769230769231,0.0,0.0,8.0,13.0,34.8,1.1,0.9333333333333333,1.3,0.0,54.0,-154.0,16.0,18.0,458.0,0.0,0.0,0.0,0.0,0.0,-0.229999999999999,0.0,-1.4530999999999992,-1.0531000000000006,-1.0531000000000006,-1.1653999999999982,-1.2948000000000022,0.2309765450550098,0.35440090293338516,1.0,5.0,0.0,0.0,0.1111111111111111,3.0,0.0,,
155,202301020112,2,4,3,10,0,0,0,0,0,0,0,0,1,0,2,3,0,0,0,0,0,0,0,0,0,0,0,0,0,0,0,0,0,0,0,0,0.0,0.0,8.0,,,,0.08333333333333333,0.0,0.0,7.0,10.0,35.8,0.6,0.0625,0.0,0.0,7.0,4.0,35.1,0.3,0.08333333333333333,-6.0,14.0,0.0,0.07142857142857142,0.2714285714285714,1,1,14.0,7.0,1289,478,1428,0.0,0.0,8.0,5.0,36.1,0.8,0.2222222222222222,0.0,0.0,9.0,11.0,33.9,0.9,0.9166666666666666,0.4,0.0,54.0,-120.0,16.0,12.0,472.0,0.0,0.0,0.0,0.0,-0.08333333333333333,0.4699999999999996,0.0,,0.6468999999999951,-0.05310000000000059,0.9468999999999994,-1.2531000000000034,0.32653956333000916,0.8466847110938053,-1.0,4.0,0.0,0.0,0.18181818181818182,4.0,0.0,-0.07368421052631574,
156,202301020112,2,2,3,33,2,1,7,40,0,0,0,1,2,2,2,19,0,0,0,16,0,0,0,1,0,1,0,2,0,0,0,4,0,0,0,1,0.0,0.0,60.0,2.0,34.0,0.1,0.75,0.0,0.0,80.0,4.0,34.2,0.4,0.5714285714285714,0.0,0.0,50.0,10.0,35.4,0.7,0.8,4.0,-2.0,0.0,0.08,0.28,8,15,5.0,2.0,1036,1482,1108,0.0,0.0,40.0,3.0,35.6,0.4,0.75,0.0,0.0,60.0,12.0,35.7,1.1,0.1111111111111111,1.9,0.4,58.0,13.0,16.0,12.0,442.0,0.0,0.0,0.0,-0.125,0.0,-0.4800000000000004,0.0,-1.153100000000002,-0.9530999999999992,-0.6948000000000008,-0.21620000000000061,0.5469000000000008,0.25485984370726655,0.7277362159464101,0.0,5.0,0.4,0.0,0.18181818181818182,3.0,0.3333333333333333,0.006818181818181834,0.07777777777777778
157,202301020112,0,2,0,9,1,0,0,4,0,0,0,0,0,1,0,6,0,0,0,3,0,0,0,0,0,0,0,1,0,0,0,0,0,0,0,0,0.0,0.0,13.0,10.0,35.5,0.9,0.5384615384615384,0.0,0.0,9.0,11.0,37.2,2.2,0.18181818181818182,0.0,0.0,9.0,14.0,35.9,1.0,0.14285714285714285,2.0,-8.0,-300.0,0.0,0.0,4,8,50.1,10.0,1534,1561,1235,0.0,0.0,8.0,13.0,39.0,3.0,0.35714285714285715,0.0,0.0,16.0,9.0,34.6,0.5,0.4444444444444444,0.0,0.0,53.0,-371.0,16.0,13.0,498.0,0.07692307692307693,0.09090909090909091,0.0,0.21428571428571427,0.05555555555555555,0.0,0.0,-0.42249999999999943,2.046900000000001,0.7468999999999966,1.3357000000000028,-0.6912999999999982,0.15114722530680008,1.5291827882892222,-5.0,2.0,0.0,0.125,0.3125,2.0,0.0,,
158,202301020112,0,0,0,4,4,5,6,61,0,0,0,0,0,0,0,3,2,1,1,7,0,0,0,0,0,0,0,0,1,0,0,3,0,0,0,0,0.0,0.0,110.0,12.0,34.6,1.2,0.8125,0.0,0.0,110.0,5.0,33.8,0.6,1.0,0.0,0.0,100.0,7.0,35.2,0.6,0.5,-2.5,2.0,0.0,0.05555555555555555,0.2037037037037037,1,2,109.1,15.0,1204,1306,1221,0.0,0.0,70.0,15.0,33.2,1.4,1.0,0.0,0.0,120.0,4.0,34.0,0.2,0.7692307692307693,-0.6,0.0,58.0,21.0,16.0,16.0,476.0,0.125,0.0,0.0,,0.0,0.17999999999999972,0.0,-0.5531000000000006,-1.3531000000000049,0.04690000000000083,-0.3433999999999955,-1.816200000000002,0.18426449024938013,0.6858571279792904,0.0,4.0,0.0,0.1,0.4,3.0,0.0,,0.15977443609022557
159,202301020112,1,1,1,27,5,3,1,27,0,0,0,0,1,1,1,13,0,1,1,7,0,0,0,0,1,0,0,4,0,0,0,0,0,0,0,0,0.0,0.0,150.0,11.0,37.3,1.5,0.875,0.0,0.0,80.0,9.0,37.6,1.1,0.25,0.0,0.0,150.0,6.0,37.7,1.3,0.375,-2.5,2.0,0.0,0.0,0.2,3,5,106.0,14.0,1674,848,1428,0.0,0.0,70.0,4.0,37.2,1.8,0.5384615384615384,0.0,0.0,90.0,16.0,39.9,3.3,0.625,0.5,0.0,58.0,56.0,16.0,16.0,480.0,0.0,0.0,0.0,0.0,0.1875,-0.4800000000000004,0.0,-0.6111000000000004,0.18390000000000128,-0.21109999999999474,-0.7110999999999947,1.6204999999999998,0.21471392829976627,0.997196068985432,0.0,0.0,,0.07142857142857142,0.35714285714285715,0.0,,0.1857142857142857,
160,202301020112,1,1,1,27,0,0,0,1,0,0,0,0,1,1,1,13,0,0,0,0,0,0,0,0,1,0,0,4,0,0,0,0,0,0,0,0,0.0,0.0,12.0,16.0,35.4,1.7,0.625,0.0,0.0,8.0,11.0,34.9,0.7,0.29411764705882354,0.0,0.0,7.0,12.0,35.1,0.9,0.5,-2.0,2.0,0.0,0.0,0.0,2,4,40.2,9.0,1674,1337,1428,0.0,0.0,6.0,7.0,35.6,0.4,0.6,0.0,0.0,9.0,15.0,35.0,0.7,0.625,-0.6,0.0,58.0,-238.0,16.0,16.0,502.0,0.0625,0.058823529411764705,0.16666666666666666,0.0,0.1875,0.009999999999999431,0.0,0.24689999999999657,-0.25310000000000343,-0.05310000000000059,0.4468999999999994,-0.153100000000002,0.12608216687052998,0.2607680962081064,1.0,5.0,0.0,0.0,0.2,5.0,0.0,0.1857142857142857,
161,202301020112,4,7,7,50,8,4,5,58,2,0,2,4,2,4,5,36,5,4,5,26,2,0,2,3,0,0,3,14,1,1,1,7,0,0,1,2,0.0,0.0,80.0,6.0,34.9,0.3,0.0625,0.0,0.0,70.0,3.0,36.2,0.1,0.15384615384615385,0.0,0.0,70.0,5.0,35.3,0.7,0.07142857142857142,-0.5,4.0,0.0,0.0,0.0,5,9,30.4,8.0,1172,1235,1556,0.0,0.0,130.0,7.0,35.8,1.1,0.375,0.0,0.0,90.0,15.0,36.3,1.5,0.0625,2.2,0.2,57.0,-323.0,16.0,16.0,494.0,0.0,0.0,0.0,-0.0625,0.0625,-0.23999999999999916,0.0,-0.25310000000000343,1.0469000000000008,0.14689999999999515,-0.29480000000000217,0.9345999999999961,0.12000291200226378,0.5329165037789698,0.0,5.0,0.2,0.0,0.25,3.0,0.3333333333333333,-0.09803921568627452,-0.026666666666666644
162,202301020201,0,1,1,11,5,3,10,102,0,0,0,1,0,1,0,8,0,1,3,25,0,0,0,1,0,1,0,1,0,0,2,9,0,0,0,0,0.0,0.0,3.0,12.0,38.5,2.6,0.2857142857142857,0.0,0.0,2.0,8.0,38.3,1.1,0.5,0.0,0.0,3.0,8.0,35.9,0.9,0.6666666666666666,-2.0,6.0,-100.0,0.11956521739130435,0.2826086956521739,1,1,18.7,7.0,1426,1013,306,0.0,0.0,1.0,6.0,35.5,0.4,0.2857142857142857,0.0,0.0,3.0,5.0,34.9,0.5,0.25,-1.6,0.0,55.0,-434.0,7.0,14.0,498.0,0.07142857142857142,0.125,-0.1111111111111111,0.0,0.0,1.0,0.0,0.9085999999999999,0.3888999999999996,0.5345999999999975,0.346899999999998,-0.25310000000000343,0.16106223357416916,1.4891608375189025,-2.0,3.0,0.0,0.0,0.2727272727272727,2.0,0.0,,0.15769230769230771
163,202301020201,3,1,3,21,0,0,0,3,0,0,0,0,1,0,2,13,0,0,0,0,0,0,0,0,0,0,0,7,0,0,0,0,0,0,0,0,0.0,0.0,20.0,2.0,35.3,0.2,0.3,,,,,,,,,,,,,,,,,0.0,0.14893617021276595,0.425531914893617,3,3,4.1,2.0,1148,1327,1393,,,,,,,,,,,,,,,,1.0,55.0,28.0,7.0,10.0,446.0,0.0,,,,,,,0.14689999999999515,,,,,,,0.0,1.0,1.0,0.07317073170731707,0.24390243902439024,1.0,1.0,,
164,202301020201,0,0,0,3,2,1,7,40,0,0,0,0,0,0,0,1,0,0,0,16,0,0,0,0,0,0,0,1,0,0,0,7,0,0,0,0,0.0,0.0,10.0,3.0,35.3,0.2,0.6,,,,,,,,,,,,,,,,,0.0,0.0625,0.1875,2,2,2.7,1.0,1676,1482,1428,,,,,,,,,,,,,,,,1.0,55.0,8.0,7.0,10.0,466.0,0.1,,,,,,,-0.5162000000000049,,,,,,,0.0,1.0,1.0,0.12,0.32,0.0,,,0.07777777777777778
165,202301020201,0,0,0,0,0,1,0,0,0,0,0,0,0,0,0,0,0,1,0,0,0,0,0,0,0,0,0,0,0,0,0,0,0,0,0,0,0.0,0.0,30.0,9.0,42.8,2.3,0.8181818181818182,0.0,0.0,100.0,10.0,40.1,3.7,0.2727272727272727,0.0,0.0,140.0,8.0,40.2,2.4,0.5,-0.5,6.0,-200.0,0.16666666666666666,0.3333333333333333,5,5,12.4,6.0,1338,1611,1028,0.0,0.0,110.0,12.0,35.8,2.2,0.3125,0.0,0.0,90.0,16.0,37.4,2.4,0.3888888888888889,1.6,0.0,53.0,-423.0,7.0,11.0,496.0,0.18181818181818182,0.2727272727272727,0.07142857142857142,0.0,-0.05555555555555555,1.5100000000000002,0.0,4.6462,0.7073999999999998,0.8074000000000012,0.6468999999999951,2.0345999999999975,0.1958399679108515,2.43113142384364,-3.0,2.0,0.0,0.0,0.16666666666666666,1.0,0.0,,
166,202301020201,0,1,0,4,0,0,0,0,0,0,0,0,0,1,0,2,0,0,0,0,0,0,0,0,0,0,0,1,0,0,0,0,0,0,0,0,0.0,0.0,10.0,2.0,36.2,0.4,0.25,0.0,0.0,20.0,2.0,36.1,0.0,0.16666666666666666,0.0,0.0,50.0,2.0,35.7,0.2,0.4166666666666667,0.0,2.0,200.0,0.2,0.2,6,6,4.7,3.0,1401,1549,517,,,,,,,,,,,,,,,0.0,1.0,51.0,21.0,7.0,8.0,440.0,0.0,0.0,0.0,,,0.25,0.0,-0.24109999999999587,-0.3410999999999973,-0.7410999999999959,,,0.10393492741038726,0.21602468994692847,0.0,0.0,,0.1111111111111111,0.2777777777777778,0.0,,,
167,202301020201,0,1,0,3,3,0,5,24,0,0,0,0,0,1,0,3,0,0,0,7,0,0,0,0,0,0,0,1,0,0,0,2,0,0,0,0,0.0,0.0,110.0,3.0,35.8,0.1,0.07142857142857142,,,,,,,,,,,,,,,,,-300.0,0.13793103448275862,0.3103448275862069,7,7,6.4,4.0,1699,1376,1313,,,,,,,,,,,,,,,,1.0,55.0,15.0,7.0,14.0,446.0,0.0,,,,,,,-0.12250000000000227,,,,,,,0.0,0.0,,0.0,0.14285714285714285,0.0,,,-0.25
168,202301020201,0,0,0,0,3,8,4,40,0,0,0,0,0,0,0,0,2,3,2,13,0,0,0,0,0,0,0,0,1,1,1,4,0,0,0,0,0.0,0.0,11.0,5.0,37.7,1.2,0.125,0.0,0.0,8.0,5.0,38.4,0.5,0.125,0.0,0.0,5.0,10.0,38.2,0.8,0.6,2.5,0.0,0.0,0.06944444444444445,0.2638888888888889,4,4,10.8,5.0,1579,1362,1605,0.0,0.0,7.0,4.0,37.6,1.2,0.125,0.0,0.0,6.0,5.0,38.9,1.1,0.25,-0.1,0.0,55.0,-384.0,7.0,16.0,472.0,0.0,0.0,0.0,0.0,0.0,-0.15999999999999942,0.0,-0.12109999999999843,0.488900000000001,0.28890000000000526,0.1659000000000006,1.0788999999999973,0.183983694929741,0.4758150901348114,0.0,0.0,,0.04,0.12,0.0,,,-0.05844155844155843
169,202301020211,2,3,3,31,0,1,3,28,0,0,0,2,2,2,2,15,0,1,2,8,0,0,0,0,1,0,0,8,0,0,0,5,0,0,0,0,0.0,0.0,12.0,16.0,35.7,2.1,0.5,0.0,0.0,6.0,16.0,35.3,1.4,0.625,0.0,0.0,3.0,2.0,34.2,0.0,0.1,-7.0,6.0,0.0,0.0,0.15384615384615385,5,9,8.6,2.0,1310,1599,1618,0.0,0.0,10.0,11.0,34.9,0.7,0.5,0.0,0.0,7.0,8.0,34.0,0.3,0.0625,-2.1,0.2,55.0,-378.0,15.0,16.0,484.0,0.0,0.0625,0.0,0.0625,0.0,0.38000000000000045,0.0,0.5469000000000008,0.14689999999999515,-0.9530999999999992,-0.25310000000000343,-1.153100000000002,0.23043437243605824,0.6431174076325409,0.0,5.0,0.2,0.0,0.0,5.0,0.2,,-0.053571428571428575
170,202301020211,3,3,3,8,3,8,4,40,1,1,1,2,1,3,2,3,2,3,2,13,1,1,1,2,0,0,0,0,0,0,1,3,0,0,0,0,0.0,0.0,10.0,7.0,36.9,0.7,0.21428571428571427,0.0,0.0,12.0,13.0,35.3,0.8,0.125,0.0,0.0,4.0,10.0,34.8,0.8,0.2,1.5,8.0,0.0,0.0,0.17647058823529413,8,15,9.4,4.0,1467,1362,336,0.0,0.0,8.0,16.0,36.9,2.2,0.1875,0.0,0.0,4.0,4.0,33.7,0.1,0.125,-0.3,0.0,55.0,-420.0,15.0,14.0,470.0,-0.07142857142857142,0.0,0.1,0.0,0.0,0.479999999999999,0.0,-1.011099999999999,0.14689999999999515,-0.35310000000000485,1.7468999999999966,-1.4530999999999992,0.03799167470563486,1.2399999999999989,-1.0,4.0,0.0,0.0625,0.25,4.0,0.0,-0.32941176470588235,-0.05844155844155843
171,202301020211,16,21,16,106,1,0,0,0,1,0,0,0,2,6,2,12,0,0,0,0,0,0,0,0,0,0,0,2,0,0,0,0,0,0,0,0,0.0,0.0,150.0,9.0,35.1,0.6,0.9375,0.0,0.0,14.0,9.0,34.0,0.8,0.8125,0.0,0.0,17.0,15.0,33.3,0.6,0.3888888888888889,3.0,0.0,0.0,0.0784313725490196,0.27450980392156865,4,7,30.0,10.0,1503,128,1263,0.0,0.0,17.0,14.0,37.1,1.8,0.5555555555555556,0.0,0.0,15.0,12.0,33.8,0.6,0.6666666666666666,1.1,0.0,55.0,-448.0,15.0,16.0,448.0,-0.0625,0.0625,0.05555555555555555,0.0,0.05555555555555555,-0.04999999999999929,0.0,-0.7162000000000006,-1.153100000000002,-1.8064999999999998,0.7383999999999986,-1.3531000000000049,0.19181757344279352,1.3544002362669627,0.0,3.0,0.0,0.25,0.55,2.0,0.0,-0.047619047619047616,
172,202301020211,0,1,0,1,1,2,1,11,0,0,0,1,0,1,0,0,0,1,0,1,0,0,0,0,0,0,0,0,0,0,0,0,0,0,0,0,0.0,0.0,3.0,8.0,34.5,0.8,0.4117647058823529,0.0,0.0,10.0,7.0,32.5,0.6,0.7777777777777778,0.0,0.0,5.0,11.0,34.8,0.8,0.4444444444444444,1.5,-6.0,0.0,0.1518987341772152,0.379746835443038,6,11,2.0,1.0,272,1543,1433,0.0,0.0,1.0,4.0,33.8,0.5,0.4666666666666667,0.0,0.0,1.0,1.0,33.4,0.0,0.5333333333333333,-1.7,0.2,57.0,-153.0,15.0,17.0,520.0,-0.058823529411764705,0.05555555555555555,-0.1111111111111111,0.0,0.0,0.09000000000000057,0.0,-0.653100000000002,-2.653100000000002,-0.3064999999999998,-1.3531000000000049,-1.7531000000000034,0.13165417087955605,0.8173126696681015,0.0,4.0,0.25,0.23076923076923078,0.38461538461538464,4.0,0.25,,
173,202301020211,20,31,19,153,3,4,1,8,0,1,0,1,0,1,3,33,0,0,0,1,0,0,0,0,0,0,0,6,0,0,0,0,0,0,0,0,0.0,0.0,170.0,13.0,33.8,1.2,1.0,0.0,0.0,9.0,7.0,34.2,0.3,0.4,0.0,0.0,13.0,10.0,33.9,0.8,0.8125,-1.5,4.0,0.0,0.058823529411764705,0.23529411764705882,7,13,12.3,6.0,1428,939,1263,0.0,0.0,12.0,15.0,38.7,3.5,0.8666666666666667,0.0,0.0,15.0,18.0,37.6,2.4,0.1111111111111111,1.8,0.0,58.0,-469.0,15.0,18.0,488.0,-0.05555555555555555,0.0,0.0,0.06666666666666667,0.0,-1.2100000000000009,0.0,-1.3531000000000049,-0.9530999999999992,-1.2531000000000034,0.546200000000006,2.5253000000000014,0.3310705605295987,2.082882617912014,1.0,3.0,0.0,0.125,0.3125,3.0,0.0,0.011098654708520173,
174,202301020211,6,10,5,53,2,5,2,27,0,2,0,6,3,1,1,19,0,0,0,13,0,0,0,5,0,0,0,4,0,0,0,1,0,0,0,1,0.0,0.0,90.0,11.0,34.2,0.7,0.1875,0.0,0.0,60.0,3.0,34.7,0.3,0.125,0.0,0.0,110.0,16.0,37.7,2.0,0.25,2.5,2.0,0.0,0.12087912087912088,0.2857142857142857,6,10,20.9,7.0,1317,1713,1186,0.0,0.0,90.0,14.0,35.3,1.2,0.4375,0.0,0.0,100.0,17.0,36.3,1.2,0.1111111111111111,2.3,0.2,57.0,21.0,15.0,16.0,474.0,-0.0625,0.0,-0.125,0.125,0.0,-0.4799999999999983,0.0,-0.9530999999999992,-1.1161999999999992,0.28229999999999933,-0.5162000000000049,1.1935000000000002,0.11842263192940114,1.2451505933018703,1.0,3.0,0.3333333333333333,0.0,0.1,1.0,0.0,0.0019305019305019266,0.022727272727272707
175,202301020211,2,4,3,10,0,0,0,3,0,0,0,0,1,0,2,3,0,0,0,1,0,0,0,0,0,0,1,0,0,0,0,0,0,0,0,0,0.0,0.0,170.0,15.0,35.9,1.7,0.23529411764705882,0.0,0.0,17.0,6.0,34.0,0.5,0.23529411764705882,0.0,0.0,6.0,6.0,34.0,0.3,0.8,-4.5,0.0,-400.0,0.0,0.0,5,8,11.4,5.0,1289,219,1428,0.0,0.0,10.0,3.0,33.9,0.1,0.1875,0.0,0.0,16.0,3.0,33.5,0.2,0.8888888888888888,-2.7,0.4,55.0,-462.0,15.0,17.0,448.0,-0.11764705882352941,0.0,-0.1,0.0,-0.1111111111111111,0.4899999999999999,0.0,0.8252999999999986,-1.0747,-1.153100000000002,-1.2531000000000034,-1.606499999999997,0.3080084499169048,0.8404760555780274,-1.0,2.0,0.5,0.075,0.25,2.0,0.5,-0.07368421052631574,
176,202301020211,4,1,5,41,1,0,1,2,1,0,1,2,2,0,2,26,1,0,1,2,1,0,1,2,0,0,0,3,0,0,0,0,0,0,0,0,0.0,0.0,14.0,8.0,34.3,0.8,0.2,0.0,0.0,8.0,9.0,34.1,0.6,0.1875,0.0,0.0,10.0,5.0,33.7,0.1,0.8125,-1.5,2.0,0.0,0.0425531914893617,0.14893617021276595,4,6,54.0,14.0,1611,1047,1263,0.0,0.0,11.0,6.0,34.5,0.5,0.75,0.0,0.0,7.0,4.0,34.4,0.3,0.4375,-1.1,0.0,55.0,0.0,15.0,15.0,478.0,0.0,0.125,,0.0625,0.0,-0.060000000000000143,0.0,-0.8531000000000049,-1.0531000000000006,0.1566000000000045,-1.5947999999999993,-0.9654000000000025,0.2642678565395345,0.2828427124746175,0.0,4.0,0.0,0.16666666666666666,0.25,2.0,0.0,0.15686274509803924,
177,202301020211,20,31,19,153,0,0,1,11,0,0,0,6,0,1,3,33,0,0,0,2,0,0,0,2,0,0,0,6,0,0,0,1,0,0,0,1,0.0,0.0,17.0,15.0,34.4,0.8,0.3333333333333333,0.0,0.0,18.0,11.0,33.2,0.3,0.2222222222222222,0.0,0.0,15.0,12.0,33.7,1.3,0.8,-1.5,6.0,0.0,0.15217391304347827,0.43478260869565216,8,14,8.8,3.0,1428,239,1263,0.0,0.0,13.0,14.0,34.8,1.0,0.625,0.0,0.0,3.0,9.0,33.7,0.8,0.6666666666666666,-0.9,0.0,58.0,-419.0,15.0,18.0,446.0,0.0,0.0,0.0,0.125,0.0,-0.020000000000000285,0.0,-0.7531000000000034,-1.906499999999994,-1.406499999999994,-0.35310000000000485,-1.4530999999999992,0.21633592990509284,0.5678027826631332,3.0,3.0,0.0,0.0,0.0,3.0,0.0,0.011098654708520173,
178,202301020211,19,14,15,111,5,3,10,102,1,0,1,4,9,5,6,52,0,1,3,25,0,0,1,1,3,1,1,13,0,1,0,5,0,0,0,0,0.0,0.0,7.0,7.0,40.8,4.8,1.0,0.0,0.0,8.0,12.0,33.9,1.1,0.9411764705882353,0.0,0.0,11.0,7.0,33.7,0.5,1.0,0.0,-8.0,-200.0,0.14285714285714285,0.32142857142857145,7,12,28.5,9.0,1716,1013,1167,0.0,0.0,13.0,8.0,35.4,0.5,0.75,0.0,0.0,9.0,10.0,34.4,0.9,0.2,0.2,0.0,57.0,-402.0,15.0,7.0,494.0,0.0,0.0,0.0,0.0,0.0,1.1299999999999997,0.0,2.5204999999999984,-1.2531000000000034,-1.6653999999999982,0.24689999999999657,-0.7531000000000034,0.30333555140702656,2.6462048295625173,3.0,4.0,0.0,0.0,0.0,3.0,0.0,0.015186378278877144,0.15769230769230771
179,202301020211,1,1,0,1,0,1,0,0,0,1,0,0,1,1,0,1,0,1,0,0,0,1,0,0,0,0,0,0,0,0,0,0,0,0,0,0,0.0,0.0,160.0,15.0,34.7,1.5,0.1875,0.0,0.0,12.0,16.0,35.4,1.1,0.1875,0.0,0.0,8.0,11.0,34.0,0.9,0.6,-2.0,4.0,0.0,0.06666666666666667,0.2,2,3,23.7,8.0,803,205,666,0.0,0.0,14.0,7.0,33.3,0.5,0.625,0.0,0.0,11.0,14.0,35.7,1.2,0.5,-1.1,0.0,58.0,-476.0,15.0,16.0,494.0,0.125,0.0,-0.13333333333333333,0.0,0.1875,0.010000000000000142,0.0,-0.45309999999999917,0.24689999999999657,-1.153100000000002,-1.8531000000000049,0.5469000000000008,0.19439007176293752,0.8840814442120151,0.0,5.0,0.0,0.36363636363636365,0.45454545454545453,5.0,0.0,,
180,202301020211,1,1,3,9,2,2,2,63,0,1,0,3,0,1,0,4,1,1,0,33,0,1,0,3,0,1,0,4,0,1,0,11,0,1,0,3,0.0,0.0,10.0,4.0,38.7,1.7,0.375,0.0,0.0,150.0,12.0,35.9,0.9,1.0,0.0,0.0,120.0,11.0,35.5,1.0,1.0,3.5,-8.0,-400.0,0.18181818181818182,0.36363636363636365,3,5,42.7,12.0,1583,1559,118,0.0,0.0,150.0,8.0,36.9,0.7,0.8666666666666667,0.0,0.0,110.0,10.0,33.8,0.8,1.0,0.8,0.0,58.0,-330.0,15.0,8.0,484.0,-0.125,0.0,0.0,-0.2,0.0,0.8800000000000011,0.0,1.444900000000004,-2.011099999999999,-2.4110999999999976,-1.3795000000000002,-1.3531000000000049,0.24223496398698882,1.6169106345126203,2.0,1.0,0.0,0.07692307692307693,0.3076923076923077,1.0,0.0,0.04285714285714287,0.10351966873706003
181,202301020211,9,6,7,81,2,1,1,8,0,0,0,0,7,2,3,40,0,0,0,1,0,0,0,0,1,0,0,6,0,0,0,0,0,0,0,0,0.0,0.0,10.0,13.0,35.4,1.0,0.3333333333333333,0.0,0.0,11.0,13.0,34.1,1.2,0.6666666666666666,0.0,0.0,10.0,13.0,33.4,0.9,0.75,0.0,0.0,-200.0,0.07042253521126761,0.2676056338028169,1,1,39.7,11.0,1393,548,1263,0.0,0.0,6.0,15.0,36.3,1.6,0.375,0.0,0.0,6.0,13.0,34.2,1.0,0.6666666666666666,0.2,0.0,55.0,-63.0,15.0,15.0,464.0,0.0,0.06666666666666667,0.0625,0.125,0.0,0.019999999999999574,0.0,0.10869999999999891,-1.0531000000000006,-1.7531000000000034,0.20519999999999783,-0.9064999999999941,0.1699673171197595,1.0342146779078305,2.0,3.0,0.0,0.0,0.0,2.0,0.0,-0.08859223300970873,
182,202301020211,0,0,0,1,7,3,8,59,0,0,0,0,0,0,0,0,3,0,4,25,0,0,0,0,0,0,0,0,0,0,0,3,0,0,0,0,0.0,0.0,90.0,8.0,34.5,0.7,0.625,0.0,0.0,10.0,3.0,36.3,0.1,0.6363636363636364,0.0,0.0,50.0,2.0,35.3,0.5,0.7692307692307693,-3.0,2.0,0.0,0.05454545454545454,0.2,2,2,51.2,13.0,1557,1345,1559,0.0,0.0,40.0,5.0,35.5,0.3,0.5,0.0,0.0,40.0,8.0,36.1,1.2,0.75,0.2,0.4,57.0,50.0,15.0,16.0,452.0,0.25,0.09090909090909091,-0.07692307692307693,0.0,0.0625,-0.24000000000000057,0.0,-1.316200000000002,-1.5683000000000007,-2.6111000000000004,-1.9177000000000035,-1.8110999999999962,0.0973033639848583,0.6374950980203689,0.0,1.0,0.0,0.0,0.0,0.0,,,-0.18614718614718614
183,202301020211,2,4,7,57,18,17,20,111,0,1,1,4,1,0,0,15,3,3,1,21,0,0,0,2,0,0,0,1,1,0,0,4,0,0,0,0,0.0,0.0,10.0,,,,,0.0,0.0,15.0,15.0,34.1,1.4,0.9333333333333333,0.0,0.0,14.0,15.0,39.7,2.4,0.8666666666666667,0.0,24.0,-1680.0,0.0,0.0,3,4,236.5,15.0,1090,1428,1169,0.0,0.0,16.0,12.0,36.7,1.0,0.6875,0.0,0.0,18.0,17.0,35.8,1.9,0.3333333333333333,0.3,0.0,57.0,-126.0,15.0,13.0,490.0,,-0.06666666666666667,-0.26666666666666666,-0.0625,0.0,-0.20999999999999872,0.0,,-1.0531000000000006,0.30740000000000123,0.9626000000000019,0.7252999999999972,0.2327629747845554,2.031471141808321,-3.0,1.0,0.0,0.0,0.3333333333333333,1.0,0.0,0.08701298701298699,-0.02899971980947047
184,202301020303,7,9,10,47,18,17,20,111,0,2,2,7,2,2,2,12,3,3,1,21,0,0,0,1,0,1,0,1,0,2,0,8,0,0,0,1,0.0,0.0,20.0,2.0,35.6,0.2,0.0625,0.0,0.0,50.0,2.0,35.1,0.1,0.05555555555555555,0.0,0.0,50.0,9.0,40.0,2.2,0.0625,3.5,-6.0,0.0,0.08333333333333333,0.08333333333333333,1,1,3.5,1.0,1657,1428,1317,0.0,0.0,30.0,9.0,36.0,1.4,0.4444444444444444,0.0,0.0,10.0,6.0,35.3,0.3,0.1111111111111111,1.5,0.4,51.0,105.0,16.0,16.0,428.0,0.0,0.0,0.0,-0.1111111111111111,0.0,-0.029999999999999007,0.0,-0.21620000000000061,-0.05310000000000059,2.0889000000000024,0.9253,0.19350000000000023,0.1499356858007566,1.8253766734567416,0.0,2.0,1.0,0.0,0.0,1.0,1.0,-0.16866438356164382,-0.02899971980947047
185,202301020303,11,6,10,50,3,0,2,10,0,0,0,0,0,1,1,10,0,0,2,1,0,0,0,0,0,1,1,5,0,0,1,0,0,0,0,0,0.0,0.0,3.0,6.0,37.2,0.7,0.07142857142857142,0.0,0.0,3.0,2.0,35.3,0.4,0.25,0.0,0.0,10.0,3.0,34.8,0.2,0.16666666666666666,-1.5,-4.0,-300.0,0.058823529411764705,0.23529411764705882,4,7,5.6,3.0,1463,197,1167,0.0,0.0,4.0,6.0,35.3,0.5,0.8125,0.0,0.0,3.0,16.0,38.6,4.5,0.4375,2.4,0.4,56.0,-7.0,16.0,14.0,486.0,0.07142857142857142,0.0,0.08333333333333333,-0.4375,0.25,-0.2799999999999997,0.0,1.2775000000000034,0.14689999999999515,-0.35310000000000485,-1.0748999999999995,3.5253000000000014,0.26181952076047954,1.4374978260853148,0.0,2.0,1.0,0.14285714285714285,0.42857142857142855,2.0,1.0,-0.06493506493506496,-0.1333333333333333
186,202301020303,3,3,3,8,0,0,0,3,0,0,0,0,1,3,2,3,0,0,0,0,0,0,0,0,0,1,1,2,0,0,0,0,0,0,0,0,0.0,0.0,60.0,2.0,35.1,0.1,0.1875,0.0,0.0,20.0,3.0,36.8,0.3,0.4375,0.0,0.0,30.0,3.0,35.5,0.4,0.1875,0.5,0.0,0.0,0.1320754716981132,0.41509433962264153,7,13,5.4,2.0,1467,1648,336,0.0,0.0,80.0,4.0,34.4,0.3,0.2222222222222222,0.0,0.0,10.0,3.0,34.6,0.3,0.25,0.3,0.8,54.0,14.0,16.0,16.0,470.0,0.0625,-0.0625,-0.0625,0.0,-0.0625,0.33999999999999986,0.0,-0.7162000000000006,0.7051999999999978,-0.31620000000000203,-1.1621000000000024,-0.5064999999999955,0.09327296327989343,0.8518215775618732,0.0,3.0,1.0,0.0,0.2222222222222222,0.0,,-0.32941176470588235,
187,202301020303,2,4,3,10,0,1,0,1,0,0,0,0,1,0,2,3,0,0,0,1,0,0,0,0,1,0,1,2,0,0,0,1,0,0,0,0,0.0,0.0,9.0,10.0,42.6,3.6,0.5,0.0,0.0,10.0,15.0,38.4,2.2,0.125,0.0,0.0,14.0,4.0,35.6,0.5,0.1875,-3.0,1.0,0.0,0.038461538461538464,0.11538461538461539,5,9,173.4,14.0,1289,1553,1428,0.0,0.0,6.0,8.0,35.7,0.5,0.125,0.0,0.0,5.0,9.0,36.9,1.6,0.125,-0.9,0.0,52.0,-101.0,16.0,12.0,387.0,0.0,0.0625,-0.0625,0.0,0.0,1.4100000000000001,0.0,4.688900000000004,3.2468999999999966,0.4468999999999994,0.5469000000000008,1.7468999999999966,0.1457737973711325,2.586580754587028,-2.0,4.0,0.0,0.0,0.15384615384615385,4.0,0.0,-0.07368421052631574,
188,202301020303,6,10,5,53,2,5,2,27,0,2,0,6,3,1,1,19,0,0,0,13,0,0,0,5,1,1,0,6,0,0,0,4,0,0,0,0,0.0,0.0,4.0,7.0,36.5,1.1,0.4375,0.0,0.0,5.0,5.0,35.0,0.6,0.4375,0.0,0.0,7.0,5.0,35.1,0.3,0.4375,-1.0,-2.0,0.0,0.15,0.375,6,12,10.7,5.0,1317,1713,1186,0.0,0.0,4.0,2.0,35.7,0.1,0.4375,0.0,0.0,1.0,7.0,36.6,0.8,0.25,-0.3,0.2,54.0,-15.0,16.0,16.0,438.0,-0.125,0.0,0.0,0.0,0.0,-0.09000000000000057,0.0,1.346899999999998,-0.153100000000002,-0.26539999999999964,0.3346000000000018,1.4468999999999994,0.075,0.6734983296193094,0.0,5.0,0.2,0.16666666666666666,0.16666666666666666,3.0,0.0,0.0019305019305019266,0.022727272727272707
189,202301020303,1,1,1,18,4,5,2,8,0,0,0,0,1,1,0,13,2,0,1,3,0,0,0,0,1,0,0,7,1,0,0,1,0,0,0,0,0.0,0.0,9.0,3.0,38.5,1.2,0.5833333333333334,0.0,0.0,7.0,6.0,34.9,0.6,0.4375,0.0,0.0,9.0,4.0,34.1,0.6,0.8125,0.5,3.0,-500.0,0.13333333333333333,0.3,5,10,11.7,7.0,1064,1438,1556,0.0,0.0,9.0,8.0,36.9,0.6,0.625,0.0,0.0,13.0,5.0,35.3,0.3,0.25,0.6,0.2,54.0,-261.0,16.0,12.0,413.0,-0.3333333333333333,0.0625,-0.0625,0.0,0.0,0.44000000000000056,0.0,-0.8926000000000016,-0.25310000000000343,-1.0531000000000006,0.8051999999999992,0.14689999999999515,0.1886538570445295,1.57175061635108,2.0,4.0,0.0,0.07692307692307693,0.23076923076923078,3.0,0.0,,
190,202301020303,7,9,10,47,3,8,4,40,0,2,1,1,2,2,2,12,2,3,2,13,0,1,0,0,0,1,0,1,1,1,1,4,0,1,0,0,0.0,0.0,5.0,,,,0.36363636363636365,0.0,0.0,4.0,7.0,35.3,0.7,0.3125,0.0,0.0,8.0,4.0,35.1,0.3,0.4375,-3.0,10.0,-30.0,0.14583333333333334,0.4375,1,2,9.1,4.0,1657,1362,1317,0.0,0.0,6.0,3.0,34.6,0.3,0.1875,0.0,0.0,9.0,8.0,36.4,1.4,0.5833333333333334,0.2,0.25,54.0,-96.0,16.0,11.0,432.0,0.6363636363636364,0.0625,-0.1875,0.0,-0.08333333333333333,-0.2800000000000004,0.0,,0.14689999999999515,-0.26539999999999964,-0.5531000000000006,-0.041100000000000136,0.13151632976710015,0.6576473218982942,0.0,3.0,0.3333333333333333,0.07142857142857142,0.2619047619047619,2.0,0.5,-0.16866438356164382,-0.05844155844155843
191,202301020303,1,0,2,6,2,7,5,70,0,0,0,1,0,0,0,1,2,2,3,25,0,0,0,1,0,0,0,0,2,0,0,3,0,0,0,0,0.0,0.0,5.0,7.0,39.8,2.9,0.7142857142857143,0.0,0.0,9.0,8.0,36.2,0.9,0.125,0.0,0.0,3.0,4.0,34.9,0.4,0.0625,-1.5,-2.0,0.0,0.0,0.0,8,15,20.6,9.0,1605,1556,1,0.0,0.0,9.0,2.0,35.4,0.1,0.0625,0.0,0.0,11.0,13.0,42.1,3.0,0.5333333333333333,0.6,0.2,51.0,-339.0,16.0,7.0,460.0,0.14285714285714285,0.0,0.0,0.0,0.13333333333333333,-0.38000000000000045,0.0,1.8888999999999996,1.0469000000000008,-0.25310000000000343,0.24689999999999657,2.5533,0.27185049704527703,2.7981422408448076,-4.0,3.0,0.3333333333333333,0.0,0.0,3.0,0.3333333333333333,-0.3333333333333333,0.12745098039215688
192,202301020303,15,11,20,145,0,0,0,2,0,0,0,0,0,0,1,15,0,0,0,2,0,0,0,0,0,0,1,2,0,0,0,1,0,0,0,0,0.0,0.0,5.0,6.0,40.1,1.7,0.5,0.0,0.0,16.0,9.0,34.8,1.0,0.6875,0.0,0.0,11.0,15.0,36.3,1.5,0.6875,4.5,16.0,-100.0,0.0,0.0,2,3,460.2,16.0,1506,910,199,0.0,0.0,12.0,17.0,38.3,3.2,0.3333333333333333,0.0,0.0,7.0,13.0,38.7,2.8,0.625,2.2,0.0,53.0,-344.0,16.0,8.0,448.0,0.125,0.0,0.0625,0.6111111111111112,0.0625,-0.07000000000000028,0.0,2.5086000000000013,-0.35310000000000485,0.8407999999999944,2.934599999999996,1.1086000000000027,0.13527235900623272,1.8693314312876692,-1.0,2.0,0.0,0.07692307692307693,0.15384615384615385,1.0,0.0,0.009162303664921462,
193,202301020303,0,1,0,4,5,3,3,45,0,0,0,0,0,1,0,2,1,1,2,18,0,0,0,0,0,0,0,1,0,0,1,9,0,0,0,0,0.0,0.0,120.0,3.0,35.1,0.2,0.3125,0.0,0.0,100.0,4.0,35.6,0.3,0.625,0.0,0.0,70.0,10.0,36.1,0.6,0.3125,3.5,0.0,0.0,0.041666666666666664,0.14583333333333334,2,4,15.7,8.0,1401,1366,517,0.0,0.0,100.0,5.0,34.9,0.4,0.1875,0.0,0.0,110.0,13.0,35.6,0.9,0.6111111111111112,2.1,0.2,54.0,14.0,16.0,16.0,420.0,-0.0625,0.0,0.0,0.0,-0.1111111111111111,-0.029999999999999714,0.0,-0.7162000000000006,-0.21620000000000061,0.9468999999999994,-0.25310000000000343,-0.21620000000000061,0.17617550522696201,0.4223742416388583,0.0,5.0,0.2,0.0,0.4,2.0,0.0,,0.16720779220779222
194,202301020303,2,3,1,30,5,4,4,32,0,0,0,1,1,2,0,7,0,1,1,7,0,0,0,0,1,2,0,3,0,0,1,1,0,0,0,0,0.0,0.0,50.0,13.0,35.5,1.2,0.16666666666666666,0.0,0.0,70.0,7.0,35.8,0.5,0.2,0.0,0.0,50.0,12.0,36.0,1.4,0.7142857142857143,-0.5,-6.0,-600.0,0.0,0.0,6,11,43.5,12.0,1677,1503,1167,0.0,0.0,40.0,3.0,35.2,0.3,0.375,,,,,,,,-2.5,0.25,54.0,70.0,16.0,18.0,436.0,0.0,0.0,-0.14285714285714285,-0.25,,0.06999999999999887,0.0,0.04079999999999728,-0.5748999999999995,0.35009999999999764,-0.4498999999999995,,0.21717362035374146,0.30310889132455215,0.0,0.0,,0.0,0.3,0.0,,0.11904761904761904,0.09572649572649577
195,202301020303,4,1,5,41,8,4,5,58,0,0,0,3,2,0,2,26,5,4,5,26,0,0,0,2,0,0,0,8,2,0,1,8,0,0,0,1,0.0,0.0,4.0,1.0,38.3,0.0,0.2727272727272727,0.0,0.0,15.0,12.0,35.1,1.3,0.6875,0.0,0.0,16.0,12.0,35.4,1.0,0.9375,5.5,20.0,-300.0,0.0,0.04,7,14,421.4,15.0,1611,1235,1263,0.0,0.0,7.0,16.0,36.6,1.5,0.4375,0.0,0.0,9.0,7.0,36.1,0.6,0.0625,1.6,0.2,55.0,-333.0,16.0,11.0,456.0,-0.09090909090909091,0.0625,-0.0625,0.125,0.0,0.28999999999999915,0.0,,-0.05310000000000059,0.24689999999999657,1.2346000000000004,0.9468999999999994,0.30706219253213934,1.1296016997154341,-1.0,4.0,0.0,0.15384615384615385,0.23076923076923078,3.0,0.0,0.15686274509803924,-0.026666666666666644
196,202301020303,2,6,4,21,1,0,0,2,0,0,0,0,2,3,4,5,0,0,0,0,0,0,0,0,0,0,0,1,0,0,0,0,0,0,0,0,0.0,0.0,2.0,9.0,38.3,1.0,0.3333333333333333,0.0,0.0,6.0,13.0,35.6,1.3,0.4375,0.0,0.0,5.0,8.0,37.7,1.8,0.3125,-0.5,-15.0,300.0,0.16666666666666666,0.16666666666666666,8,16,10.7,6.0,314,464,324,0.0,0.0,4.0,3.0,35.4,0.3,0.3888888888888889,0.0,0.0,6.0,3.0,37.0,0.2,0.125,-2.2,0.4,52.0,-339.0,16.0,12.0,479.0,0.0,0.0625,0.0,-0.05555555555555555,0.0,0.2799999999999997,0.0,,0.4468999999999994,0.035700000000005616,0.10869999999999891,0.6383999999999972,0.10659213252416606,1.1401754250991376,-4.0,1.0,0.0,0.10526315789473684,0.2631578947368421,1.0,0.0,,
197,202301020303,2,3,7,56,1,0,2,10,0,0,0,0,1,1,3,13,0,0,0,5,0,0,0,0,0,0,2,3,0,0,0,2,0,0,0,0,0.0,0.0,11.0,8.0,35.2,1.1,0.8333333333333334,0.0,0.0,13.0,14.0,34.8,1.4,1.0,0.0,0.0,14.0,13.0,36.1,1.6,0.3333333333333333,2.5,16.0,400.0,0.09259259259259259,0.3148148148148148,3,5,157.9,13.0,1561,1108,1263,0.0,0.0,10.0,14.0,36.1,1.4,0.6875,0.0,0.0,10.0,4.0,34.9,0.6,0.625,-0.8,0.0,54.0,-333.0,16.0,12.0,446.0,0.0,-0.1875,0.13333333333333333,0.125,-0.0625,-0.06999999999999958,0.0,,-0.35310000000000485,0.9468999999999994,0.7346000000000004,-0.25310000000000343,0.22267315359812315,0.5706137047074855,-1.0,4.0,0.0,0.0,0.0,3.0,0.0,0.005347593582887694,
198,202301020303,7,6,6,57,12,13,12,118,0,0,1,7,2,0,1,11,0,1,2,20,0,0,0,3,1,0,1,8,0,0,1,8,0,0,0,2,0.0,0.0,1.0,4.0,40.0,0.5,0.16666666666666666,0.0,0.0,10.0,15.0,35.2,1.6,0.8125,0.0,0.0,8.0,8.0,36.6,1.1,0.1875,2.0,-5.0,-300.0,0.0684931506849315,0.2602739726027397,4,8,21.7,10.0,1304,1167,1503,0.0,0.0,10.0,15.0,38.3,4.4,0.75,,,,,,,,2.6,0.0,54.0,-249.0,16.0,12.0,473.0,0.0,0.0,0.0,0.1875,,0.370000000000001,0.0,,0.04690000000000083,1.3366000000000042,0.8822999999999936,,0.3029799910885206,1.8019087102292377,0.0,1.0,0.0,0.0,0.0,1.0,0.0,0.08333333333333331,0.08629032258064517
199,202301020303,0,0,1,9,2,7,5,70,0,0,0,2,0,0,1,6,2,2,3,25,0,0,0,0,0,0,0,0,2,0,0,3,0,0,0,0,0.0,0.0,50.0,50.0,40.0,1.8,0.7857142857142857,0.0,0.0,110.0,160.0,35.3,1.7,0.8125,0.0,0.0,60.0,70.0,34.6,0.9,1.0,10.0,4.0,-300.0,0.15384615384615385,0.3076923076923077,3,6,34.8,11.0,1509,1556,1110,0.0,0.0,60.0,110.0,35.9,0.7,0.125,0.0,0.0,30.0,70.0,40.5,1.7,0.125,-1.0,0.0,53.0,-341.0,16.0,14.0,496.0,-0.2857142857142857,0.1875,-0.09090909090909091,0.0,0.0,-0.16000000000000014,0.0,,0.14689999999999515,-0.7653999999999996,0.7468999999999966,2.2205000000000013,0.37048299969259657,2.480806320533709,-1.0,3.0,0.0,0.0,0.10526315789473684,2.0,0.0,,0.12745098039215688
200,202301020410,0,1,0,4,3,1,0,15,0,0,0,0,0,1,0,1,1,1,0,5,0,0,0,0,0,0,0,0,0,0,0,0,0,0,0,0,0.0,0.0,70.0,4.0,34.7,0.5,0.3333333333333333,0.0,0.0,15.0,5.0,33.9,1.2,0.35294117647058826,0.0,0.0,8.0,1.0,36.1,0.0,0.21428571428571427,-1.5,6.0,0.0,0.04081632653061224,0.14285714285714285,8,13,15.8,8.0,1655,1235,239,0.0,0.0,3.0,6.0,35.3,0.5,0.5384615384615384,0.0,0.0,1.0,4.0,34.6,0.3,0.4666666666666667,0.1,0.2,54.0,-692.0,14.0,9.0,466.0,0.0,0.058823529411764705,-0.14285714285714285,0.0,0.0,-0.11999999999999958,0.0,-0.45309999999999917,-1.4654000000000025,0.7346000000000004,0.14689999999999515,-0.5531000000000006,0.11223714254709537,0.7386474125047758,1.0,5.0,0.2,0.0,0.2222222222222222,0.0,,0.04901960784313725,-0.026666666666666644
201,202301020410,0,0,1,3,2,0,2,12,0,0,0,0,0,0,0,1,1,0,0,5,0,0,0,0,0,0,0,0,0,0,0,0,0,0,0,0,0.0,0.0,40.0,2.0,34.7,0.2,0.4666666666666667,0.0,0.0,50.0,6.0,33.7,0.4,0.7857142857142857,0.0,0.0,30.0,1.0,34.6,0.0,0.3888888888888889,-0.5,2.0,0.0,0.0,0.16666666666666666,4,6,10.5,6.0,1089,1294,1428,0.0,0.0,20.0,3.0,35.5,0.0,0.3333333333333333,0.0,0.0,50.0,3.0,34.0,0.1,0.9375,-0.1,0.8,56.0,29.0,14.0,15.0,458.0,0.0,0.0,-0.05555555555555555,0.05555555555555555,-0.0625,-0.03999999999999915,0.0,-0.45309999999999917,-1.406499999999994,-1.2162000000000006,-0.5947999999999993,-1.106499999999997,0.23677316809928278,0.6228964600958969,0.0,3.0,1.0,0.0,0.15384615384615385,1.0,1.0,,-0.05666666666666664
202,202301020410,0,0,0,3,0,1,0,22,0,0,0,0,0,0,0,0,0,1,0,10,0,0,0,0,0,0,0,0,0,0,0,0,0,0,0,0,0.0,0.0,12.0,14.0,34.2,1.7,0.7142857142857143,0.0,0.0,9.0,14.0,34.5,0.6,0.5,0.0,0.0,6.0,12.0,34.4,1.0,0.75,-1.0,0.0,0.0,0.2765957446808511,0.48936170212765956,2,2,8.4,5.0,1045,1183,969,0.0,0.0,7.0,11.0,35.9,0.7,0.4375,0.0,0.0,5.0,3.0,35.9,0.2,0.5714285714285714,-2.5,0.2,54.0,-287.0,14.0,14.0,450.0,0.14285714285714285,0.0,0.0625,-0.0625,-0.07142857142857142,-0.479999999999999,0.0,-0.9530999999999992,-0.653100000000002,-0.7531000000000034,0.5345999999999975,0.5345999999999975,0.12053240736204432,0.7573638491504585,-2.0,5.0,0.2,0.0,0.09090909090909091,0.0,,,-0.2124271844660194
203,202301020410,0,0,0,1,0,0,0,0,0,0,0,0,0,0,0,1,0,0,0,0,0,0,0,0,0,0,0,0,0,0,0,0,0,0,0,0,0.0,0.0,70.0,7.0,34.9,0.4,0.2222222222222222,0.0,0.0,140.0,13.0,40.3,2.2,0.21428571428571427,0.0,0.0,50.0,13.0,41.9,4.4,0.06666666666666667,3.0,2.0,0.0,0.12903225806451613,0.2903225806451613,8,14,74.3,13.0,1581,1431,1167,0.0,0.0,100.0,15.0,39.8,1.8,0.0625,0.0,0.0,140.0,6.0,36.8,0.5,0.6666666666666666,0.0,0.0,56.0,43.0,14.0,9.0,470.0,0.0,-0.07142857142857142,0.0,0.0,-0.26666666666666666,-0.32999999999999974,0.0,-0.25310000000000343,1.0235999999999947,2.816200000000002,0.11089999999999378,-1.9679000000000002,0.2210715817170591,2.531876774252649,0.0,1.0,0.0,0.125,0.25,0.0,,,
204,202301020410,0,0,1,1,2,2,1,7,0,0,1,0,0,0,0,0,0,1,0,3,0,0,0,0,0,0,0,0,0,0,0,0,0,0,0,0,0.0,0.0,160.0,12.0,33.9,1.0,0.6875,0.0,0.0,10.0,15.0,32.2,1.5,1.0,0.0,0.0,16.0,13.0,33.9,2.2,0.7058823529411765,0.5,4.0,0.0,0.15384615384615385,0.15384615384615385,5,7,11.9,7.0,1507,1618,593,0.0,0.0,12.0,14.0,38.9,3.4,0.5,0.0,0.0,9.0,1.0,35.2,0.0,0.25,-2.3,0.2,54.0,-469.0,14.0,16.0,436.0,0.125,,0.11764705882352941,0.5,0.0,-0.9300000000000004,0.0,-1.2531000000000034,-1.3433999999999955,-1.4654000000000025,-0.33210000000000406,0.04690000000000083,0.2478933733835458,2.2515772249691985,-2.0,3.0,0.3333333333333333,0.14285714285714285,0.14285714285714285,0.0,,,0.2027972027972028
205,202301020410,0,1,0,3,0,0,0,1,0,0,0,0,0,0,0,3,0,0,0,1,0,0,0,0,0,0,0,0,0,0,0,0,0,0,0,0,0.0,0.0,10.0,11.0,34.8,1.2,0.5,0.0,0.0,4.0,11.0,35.2,0.6,0.3125,0.0,0.0,2.0,3.0,35.1,0.1,0.125,-4.0,-12.0,0.0,0.14814814814814814,0.37037037037037035,7,11,5.0,2.0,1629,1199,1428,0.0,0.0,4.0,4.0,34.5,0.1,0.3333333333333333,0.0,0.0,6.0,2.0,34.1,0.2,0.25,-2.5,0.4,56.0,-434.0,14.0,16.0,424.0,0.0,0.0,0.0,-0.16666666666666666,0.0,0.20999999999999944,0.0,-0.35310000000000485,0.04690000000000083,-0.26539999999999964,-0.653100000000002,-1.0531000000000006,0.12190615698606493,0.40298883359219806,0.0,5.0,0.4,0.06666666666666667,0.3333333333333333,0.0,,,
206,202301020410,0,1,0,9,0,0,2,9,0,0,0,1,0,0,0,1,0,0,1,2,0,0,0,0,0,0,0,0,0,0,0,0,0,0,0,0,0.0,0.0,10.0,12.0,38.5,1.7,0.23076923076923078,0.0,0.0,14.0,9.0,38.0,0.7,0.6666666666666666,0.0,0.0,14.0,11.0,38.2,1.2,0.5,-0.5,8.0,-200.0,0.0,0.0,1,1,63.8,12.0,1736,1558,1482,0.0,0.0,9.0,11.0,38.8,1.9,0.375,0.0,0.0,3.0,9.0,38.1,1.5,0.3125,-0.4,0.0,56.0,-392.0,14.0,13.0,478.0,0.07692307692307693,0.06666666666666667,0.0,0.0625,0.0,0.0,0.0,0.8357000000000028,-0.27949999999999875,-0.07949999999999591,0.5204999999999984,-0.17949999999999733,0.15270140341915703,0.2925747767665545,0.0,0.0,,0.0,0.3333333333333333,0.0,,-0.12077922077922076,0.05836139169472504
207,202301020410,6,2,3,25,1,1,0,2,0,0,0,0,1,0,0,3,0,0,0,0,0,0,0,0,0,0,0,1,0,0,0,0,0,0,0,0,0.0,0.0,13.0,11.0,33.9,1.0,0.3888888888888889,0.0,0.0,7.0,9.0,34.8,0.6,0.9375,0.0,0.0,5.0,7.0,33.7,0.7,0.8461538461538461,-2.0,4.0,-400.0,,,3,3,3.1,1.0,1428,1542,1263,0.0,0.0,3.0,7.0,35.3,0.3,0.6923076923076923,0.0,0.0,1.0,8.0,36.8,1.3,0.9285714285714286,-0.8,0.0,56.0,-342.0,14.0,18.0,434.0,-0.05555555555555555,-0.125,0.0,-0.15384615384615385,0.0,-0.6299999999999997,0.0,-1.1747000000000014,-0.35310000000000485,-1.4530999999999992,-0.0654000000000039,1.434599999999996,0.20476430970881807,1.1153474794878933,0.0,4.0,0.0,0.4,0.6,0.0,,0.011098654708520173,0.2
208,202301020410,2,0,1,17,0,0,0,1,0,0,0,1,1,0,1,10,0,0,0,1,0,0,0,1,0,0,0,1,0,0,0,0,0,0,0,0,0.0,0.0,90.0,3.0,33.9,0.7,1.0,0.0,0.0,12.0,11.0,34.1,1.7,0.5294117647058824,0.0,0.0,8.0,7.0,35.1,0.3,0.3125,2.0,-2.0,0.0,0.0,0.16666666666666666,3,4,8.0,4.0,1393,1,1263,0.0,0.0,10.0,1.0,34.8,0.0,0.4375,0.0,0.0,4.0,7.0,32.7,0.3,0.625,-0.2,0.4,56.0,-441.0,14.0,10.0,494.0,-0.1,0.0,0.0,0.0625,,0.16999999999999957,0.0,-1.9162000000000035,-1.2653999999999996,-0.05310000000000059,-0.35310000000000485,-0.8433999999999955,0.23359913390961407,0.835224520712843,0.0,4.0,0.5,0.0,0.23529411764705882,1.0,1.0,-0.08859223300970873,
209,202301020410,2,0,1,17,0,0,0,1,0,0,0,0,1,0,1,10,0,0,0,0,0,0,0,0,0,0,0,1,0,0,0,0,0,0,0,0,0.0,0.0,7.0,11.0,35.2,0.5,0.25,0.0,0.0,7.0,5.0,34.2,0.2,0.16666666666666666,0.0,0.0,11.0,10.0,37.3,1.6,0.5714285714285714,-0.5,-6.0,0.0,0.0,0.36363636363636365,4,5,47.7,11.0,1393,527,1263,0.0,0.0,6.0,11.0,35.9,1.2,0.6153846153846154,0.0,0.0,2.0,7.0,35.5,0.5,0.3076923076923077,-0.2,0.0,54.0,-140.0,14.0,12.0,458.0,0.0,0.0,0.21428571428571427,0.0,0.0,-0.229999999999999,0.0,0.04690000000000083,-0.9530999999999992,1.934599999999996,0.7468999999999966,0.346899999999998,0.17869827372410213,1.01074230147946,-2.0,5.0,0.0,0.037037037037037035,0.2222222222222222,0.0,,-0.08859223300970873,
210,202301020410,1,0,0,2,0,0,0,0,0,0,0,0,0,0,0,0,0,0,0,0,0,0,0,0,0,0,0,0,0,0,0,0,0,0,0,0,0.0,0.0,15.0,16.0,37.1,1.3,0.11764705882352941,0.0,0.0,10.0,7.0,33.7,0.4,0.3,0.0,0.0,11.0,7.0,32.7,0.5,0.35294117647058826,-4.5,-2.0,0.0,0.14285714285714285,0.2857142857142857,6,9,6.8,3.0,1537,1611,488,0.0,0.0,14.0,11.0,35.4,0.6,0.3125,0.0,0.0,7.0,6.0,33.2,0.6,0.25,-1.6,0.0,54.0,-426.0,14.0,17.0,436.0,0.058823529411764705,0.0,,0.0,,0.6100000000000001,0.0,1.7346000000000004,-1.4530999999999992,-0.8433999999999955,0.24689999999999657,-0.3433999999999955,0.08141216847910754,1.6191355718407265,1.0,3.0,0.0,0.06666666666666667,0.26666666666666666,0.0,,,
211,202301020410,0,1,0,3,0,0,1,11,0,0,0,1,0,0,0,3,0,0,0,4,0,0,0,1,0,0,0,0,0,0,0,0,0,0,0,0,0.0,0.0,9.0,10.0,36.5,1.9,0.2,0.0,0.0,7.0,12.0,36.7,2.1,0.5714285714285714,0.0,0.0,14.0,7.0,36.3,0.3,0.0625,-1.5,0.0,0.0,0.0,0.038461538461538464,6,10,40.5,10.0,1629,1599,1428,0.0,0.0,10.0,12.0,38.3,2.1,0.14285714285714285,0.0,0.0,3.0,5.0,36.2,0.5,0.09090909090909091,-1.0,0.0,56.0,-188.0,14.0,10.0,488.0,0.0,0.0,0.0,0.14285714285714285,0.0,-0.1,0.0,1.346899999999998,0.2589000000000041,0.9345999999999961,2.934599999999996,-0.24109999999999587,0.18499462095538174,0.7694153624668525,0.0,3.0,0.0,0.125,0.3125,0.0,,,-0.053571428571428575
212,202301020410,2,0,1,17,0,0,0,2,0,0,0,0,1,0,1,10,0,0,0,1,0,0,0,0,0,0,0,1,0,0,0,0,0,0,0,0,0.0,0.0,13.0,13.0,41.1,5.4,0.07692307692307693,0.0,0.0,15.0,18.0,38.7,3.5,0.05555555555555555,0.0,0.0,9.0,13.0,38.5,2.6,0.42857142857142855,0.0,-2.0,-600.0,0.0,0.0,5,8,40.4,9.0,1393,1260,1263,0.0,0.0,7.0,10.0,36.7,1.3,0.36363636363636365,0.0,0.0,4.0,4.0,34.9,0.2,0.1111111111111111,-2.6,0.0,56.0,-175.0,14.0,13.0,450.0,0.15384615384615385,0.0,0.35714285714285715,0.09090909090909091,0.0,1.4400000000000006,0.0,5.640799999999999,3.408700000000003,3.134599999999999,0.2589000000000041,-0.25310000000000343,0.156638964400515,2.080769088582393,0.0,2.0,0.0,0.0,0.0,0.0,,-0.08859223300970873,
213,202301020410,3,2,5,24,0,1,0,0,0,0,0,0,1,0,1,2,0,1,0,0,0,0,0,0,0,0,0,0,0,0,0,0,0,0,0,0,0.0,0.0,100.0,12.0,38.6,2.5,0.5,0.0,0.0,11.0,11.0,37.7,1.9,0.45454545454545453,0.0,0.0,8.0,6.0,37.6,0.8,0.625,-3.0,8.0,0.0,0.1,0.2,7,12,126.4,14.0,1503,770,1263,0.0,0.0,8.0,8.0,37.6,1.2,0.38461538461538464,0.0,0.0,11.0,11.0,38.2,1.3,0.0625,-0.5,0.0,56.0,-441.0,14.0,12.0,478.0,0.25,0.0,0.0625,0.0,0.0625,0.08999999999999986,0.0,1.182299999999998,-0.21109999999999474,-0.22109999999999985,-0.31109999999999616,0.28890000000000526,0.18846802536937174,0.397994974842648,0.0,0.0,,0.0,0.1111111111111111,0.0,,-0.047619047619047616,
214,202301020501,0,0,0,1,0,0,0,1,0,0,0,0,0,0,0,0,0,0,0,0,0,0,0,0,0,0,0,0,0,0,0,0,0,0,0,0,0.0,0.0,10.0,4.0,36.7,0.5,0.2222222222222222,0.0,0.0,40.0,3.0,35.0,0.6,0.8181818181818182,,,,,,,,-1.0,0.0,0.0,0.2653061224489796,0.4897959183673469,6,6,5.6,2.0,1540,1716,1036,,,,,,,,,,,,,,,-1.0,0.5,55.0,55.0,11.0,9.0,470.0,0.1111111111111111,-0.18181818181818182,,,,1.7000000000000028,0.0,1.5469000000000008,-0.153100000000002,,,,0.297979797979798,0.8500000000000014,0.0,2.0,0.5,0.3333333333333333,0.5,2.0,0.5,,
215,202301020501,19,14,15,111,1,1,0,1,0,0,0,0,9,5,6,52,1,0,0,0,0,0,0,0,2,3,0,7,0,0,0,0,0,0,0,0,0.0,0.0,1.0,,,,0.5333333333333333,0.0,0.0,3.0,2.0,34.0,0.0,0.2,0.0,0.0,3.0,5.0,36.2,0.1,0.06666666666666667,3.0,4.0,0.0,0.14,0.42,4,4,1.2,1.0,1716,286,1167,0.0,0.0,1.0,1.0,34.6,0.0,0.125,0.0,0.0,3.0,3.0,33.8,0.3,0.125,-0.1,0.75,55.0,-392.0,11.0,15.0,496.0,0.4666666666666667,0.0,0.0,0.0,,0.220000000000001,0.0,,-1.153100000000002,0.8346000000000018,-0.5531000000000006,0.25659999999999883,0.16711606080140168,0.9420721840708404,1.0,4.0,0.5,0.07692307692307693,0.23076923076923078,3.0,0.6666666666666666,0.015186378278877144,
216,202301020501,0,0,1,3,0,0,1,16,0,0,0,0,0,0,1,1,0,0,0,4,0,0,0,0,0,0,1,1,0,0,0,2,0,0,0,0,0.0,0.0,4.0,1.0,35.3,0.0,0.5,0.0,0.0,3.0,2.0,36.6,1.7,0.25,0.0,0.0,6.0,3.0,35.4,0.3,0.6363636363636364,1.0,-2.0,0.0,0.07017543859649122,0.19298245614035087,3,3,58.5,6.0,1045,1313,969,0.0,0.0,9.0,9.0,35.2,1.5,0.07692307692307693,,,,,,,,2.5,0.75,55.0,-29.0,11.0,10.0,468.0,-0.2,0.0,-0.09090909090909091,0.0,,0.14999999999999858,0.0,-0.0654000000000039,1.2346000000000004,0.24689999999999657,0.12530000000000285,,0.21683740229080986,0.5673402858955114,0.0,3.0,1.0,0.0,0.0,1.0,1.0,,
217,202301020501,3,3,3,8,0,1,0,17,0,0,0,0,1,3,2,3,0,0,0,7,0,0,0,0,0,1,1,2,0,0,0,2,0,0,0,0,0.0,0.0,20.0,3.0,36.3,0.7,0.5,0.0,0.0,20.0,3.0,35.3,0.8,0.3333333333333333,,,,,,,,0.0,4.0,200.0,0.0,0.0,6,7,9.1,3.0,1467,1221,336,,,,,,,,,,,,,,,0.0,1.0,55.0,34.0,11.0,8.0,436.0,0.0,0.0,,,,1.0,0.0,-0.14110000000000156,-0.5977000000000032,,,,0.08333333333333334,0.5,0.0,0.0,,0.11538461538461539,0.4230769230769231,0.0,,-0.32941176470588235,
218,202301020501,0,2,0,9,18,17,20,111,0,0,0,1,0,1,0,6,3,3,1,21,0,0,0,0,0,0,0,1,0,2,0,8,0,0,0,0,0.0,0.0,2.0,5.0,38.5,1.6,0.5,0.0,0.0,4.0,5.0,37.0,2.1,0.25,0.0,0.0,7.0,5.0,36.0,0.4,0.2727272727272727,0.0,1.0,300.0,0.0,0.0,1,1,78.9,7.0,1534,1428,1235,0.0,0.0,7.0,7.0,35.9,0.9,0.6,,,,,,,,0.6,0.0,52.0,-335.0,11.0,10.0,455.0,-0.1,0.0,0.0,0.1,,0.8800000000000004,0.0,,1.634599999999999,0.846899999999998,0.5345999999999975,,0.14880290225331044,1.045227248018344,2.0,3.0,0.0,0.0,0.25,1.0,0.0,,-0.02899971980947047
219,202301020501,0,2,0,9,3,8,4,40,0,0,0,0,0,1,0,6,2,3,2,13,0,0,0,0,0,0,0,1,1,1,1,4,0,0,0,0,0.0,0.0,2.0,4.0,34.4,0.1,0.875,0.0,0.0,1.0,3.0,35.1,0.3,0.14285714285714285,0.0,0.0,4.0,2.0,34.5,0.0,0.7142857142857143,-1.0,-2.0,0.0,0.13333333333333333,0.26666666666666666,5,5,17.6,4.0,1534,1362,1235,0.0,0.0,7.0,3.0,35.2,0.3,0.9285714285714286,0.0,0.0,5.0,4.0,39.4,0.7,0.2857142857142857,0.0,0.6,54.0,-372.0,11.0,16.0,466.0,-0.125,0.07142857142857142,0.14285714285714285,-0.21428571428571427,-0.07142857142857142,-1.0100000000000002,0.0,-0.9654000000000025,-0.822499999999998,-1.4224999999999994,-4.0321,0.0073999999999969646,0.3174355149041282,1.8669761648183936,-1.0,1.0,0.0,0.0625,0.3125,0.0,,,-0.05844155844155843
220,202301020501,0,0,0,0,12,13,12,118,0,0,0,0,0,0,0,0,0,1,2,20,0,0,0,0,0,0,0,0,0,0,1,8,0,0,0,0,0.0,0.0,5.0,7.0,37.6,1.9,0.2727272727272727,0.0,0.0,7.0,7.0,37.6,1.7,0.3333333333333333,0.0,0.0,7.0,4.0,34.6,0.6,0.36363636363636365,-1.5,-8.0,0.0,0.3333333333333333,0.6666666666666666,7,9,19.0,5.0,1049,1167,1428,,,,,,,,,,,,,,,-1.5,0.0,55.0,0.0,11.0,11.0,444.0,0.0,0.0,0.0,,,1.5,0.0,2.4468999999999994,1.1589000000000027,0.8128000000000029,,,0.03779451905832265,1.4142135623730951,0.0,1.0,0.0,0.0,0.1,1.0,0.0,,0.08629032258064517
221,202301020501,1,1,0,4,0,0,1,16,0,0,0,0,0,0,0,0,0,0,0,4,0,0,0,0,0,0,0,0,0,0,0,2,0,0,0,0,0.0,0.0,7.0,6.0,40.8,1.6,0.18181818181818182,0.0,0.0,12.0,11.0,39.8,2.5,1.0,0.0,0.0,9.0,8.0,36.7,2.0,0.8181818181818182,1.0,-8.0,-200.0,0.14285714285714285,0.14285714285714285,2,2,107.9,9.0,1600,1313,680,0.0,0.0,9.0,6.0,35.9,0.6,0.4,,,,,,,,-0.3,0.0,52.0,-332.0,11.0,11.0,408.0,0.18181818181818182,-0.125,-0.09090909090909091,-0.1,,1.779999999999999,0.0,2.5204999999999984,1.5204999999999984,1.5469000000000008,0.5345999999999975,,0.3249920533039905,2.0506096654409864,-2.0,2.0,0.0,0.11764705882352941,0.29411764705882354,1.0,0.0,,
222,202301020501,0,0,0,0,18,17,20,111,0,0,0,0,0,0,0,0,3,3,1,21,0,0,0,0,0,0,0,0,0,2,0,8,0,0,0,0,0.0,0.0,80.0,70.0,39.5,3.9,1.0,0.0,0.0,110.0,100.0,35.0,1.6,0.8333333333333334,0.0,0.0,110.0,90.0,36.6,2.1,1.0,10.0,4.0,-200.0,0.14285714285714285,0.14285714285714285,7,8,460.8,11.0,1146,1428,512,0.0,0.0,140.0,120.0,40.8,3.3,0.6428571428571429,0.0,0.0,150.0,140.0,36.8,2.1,0.875,16.0,0.0,51.0,-332.0,11.0,9.0,414.0,-0.1111111111111111,0.0,-0.18181818181818182,0.35714285714285715,0.0,-0.03999999999999915,0.0,1.2205000000000013,-0.153100000000002,1.4468999999999994,1.5678999999999945,1.434599999999996,0.1317292970821243,2.1048515387076585,-5.0,3.0,0.0,0.0,0.0,2.0,0.0,,-0.02899971980947047
223,202301020501,0,2,0,9,1,0,0,9,0,0,0,0,0,1,0,6,0,0,0,3,0,0,0,0,0,0,0,1,0,0,0,3,0,0,0,0,0.0,0.0,9.0,11.0,41.7,4.6,0.8181818181818182,0.0,0.0,14.0,15.0,38.9,2.4,0.875,0.0,0.0,15.0,12.0,39.2,2.1,0.4375,0.5,10.0,-200.0,0.12903225806451613,0.2903225806451613,8,10,283.5,10.0,1534,1541,1235,0.0,0.0,11.0,12.0,38.8,3.5,0.6,0.0,0.0,9.0,15.0,39.2,3.3,0.9333333333333333,0.5,0.0,55.0,-416.0,11.0,11.0,454.0,0.18181818181818182,0.0625,0.0625,0.06666666666666667,0.0,0.5100000000000001,0.0,3.420500000000004,0.988900000000001,1.3789000000000016,0.9788999999999959,1.2889000000000053,0.18577537113831702,1.081850266903883,1.0,0.0,,0.0,0.0,0.0,,,
224,202301020501,0,0,0,4,4,5,6,61,0,0,0,0,0,0,0,3,2,1,1,7,0,0,0,0,0,0,0,2,1,0,0,3,0,0,0,0,0.0,0.0,8.0,6.0,39.4,1.6,0.6666666666666666,0.0,0.0,14.0,16.0,44.6,9.1,0.1875,0.0,0.0,8.0,11.0,44.8,9.5,0.5454545454545454,2.5,-2.0,-300.0,0.0,0.0,8,11,89.7,8.0,1204,1306,1221,0.0,0.0,11.0,12.0,40.8,2.6,0.5,0.0,0.0,6.0,9.0,40.6,2.5,0.6428571428571429,0.2,0.0,55.0,-316.0,11.0,12.0,436.0,-0.16666666666666666,0.0625,0.45454545454545453,0.07142857142857142,-0.21428571428571427,0.13999999999999985,0.0,,9.493500000000004,9.646899999999995,1.4073999999999955,1.3678999999999988,0.17178324983375404,2.224949437627741,0.0,1.0,0.0,0.0,0.16666666666666666,1.0,0.0,,0.15977443609022557
225,202301020510,0,1,1,6,0,1,0,6,0,0,0,0,0,0,0,3,0,0,0,3,0,0,0,0,0,0,0,0,0,0,0,0,0,0,0,0,0.0,0.0,30.0,1.0,34.6,0.0,0.375,0.0,0.0,10.0,1.0,34.8,0.0,0.25,0.0,0.0,10.0,3.0,35.5,0.6,0.0625,1.0,2.0,0.0,,,8,14,4.2,1.0,1432,1665,1428,0.0,0.0,10.0,2.0,35.2,0.0,0.05555555555555555,0.0,0.0,110.0,3.0,36.3,0.7,0.058823529411764705,0.5,1.0,56.0,14.0,14.0,16.0,480.0,-0.0625,0.0,0.0,0.0,0.0,-0.3799999999999997,0.0,-0.5531000000000006,-1.0162000000000049,0.346899999999998,0.09350000000000591,-0.03170000000000073,0.1303655353104783,0.5979966555090412,2.0,3.0,1.0,0.25,0.5,2.0,1.0,,
226,202301020510,0,0,2,4,0,1,0,0,0,0,0,0,0,0,0,1,0,1,0,0,0,0,0,0,0,0,0,0,0,0,0,0,0,0,0,0,0.0,0.0,15.0,16.0,37.1,1.3,0.11764705882352941,0.0,0.0,10.0,7.0,33.7,0.4,0.3,0.0,0.0,11.0,7.0,32.7,0.5,0.35294117647058826,-4.5,-2.0,0.0,,,3,4,15.2,7.0,1537,1611,488,0.0,0.0,14.0,11.0,35.4,0.6,0.3125,0.0,0.0,7.0,6.0,33.2,0.6,0.25,-1.6,0.0,54.0,-420.0,14.0,17.0,436.0,0.058823529411764705,0.0,,0.0,,0.6100000000000001,0.0,1.7346000000000004,-1.4530999999999992,-0.8433999999999955,0.24689999999999657,-0.3433999999999955,0.08141216847910754,1.6191355718407265,1.0,3.0,0.0,0.0625,0.25,2.0,0.0,,
227,202301020510,6,8,3,60,8,4,5,58,1,0,0,1,0,4,1,10,5,4,5,26,0,0,0,1,0,1,1,4,0,0,1,6,0,0,0,1,0.0,0.0,80.0,7.0,36.2,0.6,0.8181818181818182,0.0,0.0,40.0,6.0,34.2,0.6,0.5384615384615384,0.0,0.0,30.0,2.0,34.7,0.1,0.375,-2.5,-8.0,0.0,0.5,0.5,6,10,16.2,8.0,1736,1235,1482,0.0,0.0,80.0,4.0,32.9,0.5,1.0,0.0,0.0,30.0,10.0,33.8,0.5,0.8333333333333334,0.4,0.2,58.0,20.0,14.0,11.0,510.0,-0.09090909090909091,0.0,0.0,-0.0625,-0.1111111111111111,0.6100000000000015,0.0,0.10520000000000351,-0.9530999999999992,-0.45309999999999917,-2.2531000000000034,-1.3531000000000049,0.22477544369200378,1.0928860873851418,0.0,5.0,0.2,0.0,0.2222222222222222,4.0,0.25,-0.12077922077922076,-0.026666666666666644
228,202301020510,1,0,0,1,3,0,2,10,1,0,0,0,1,0,0,1,1,0,0,5,1,0,0,0,0,0,0,0,0,0,0,0,0,0,0,0,0.0,0.0,40.0,8.0,36.6,0.8,0.5454545454545454,0.0,0.0,90.0,5.0,34.9,0.4,0.6153846153846154,0.0,0.0,80.0,5.0,34.2,0.3,0.8,-1.5,0.0,0.0,0.2708333333333333,0.5,7,11,5.9,2.0,1451,1110,1482,0.0,0.0,70.0,6.0,35.1,0.4,0.5384615384615384,0.0,0.0,40.0,7.0,35.9,0.9,0.375,-0.1,0.0,58.0,20.0,14.0,11.0,466.0,0.0,0.0,-0.06666666666666667,-0.07692307692307693,0.0625,0.12000000000000029,0.0,0.5052000000000021,-0.9162000000000035,-0.9530999999999992,-0.05310000000000059,-0.19480000000000075,0.13745094573073327,0.8309031231136391,0.0,5.0,0.0,0.08,0.24,2.0,0.0,,
229,202301020510,20,31,19,153,6,4,5,31,0,1,0,1,0,1,3,33,2,4,4,14,0,1,0,1,0,1,1,14,0,1,1,4,0,1,0,1,0.0,0.0,80.0,2.0,35.0,0.1,0.07692307692307693,0.0,0.0,80.0,11.0,34.1,0.6,0.875,0.0,0.0,50.0,3.0,36.6,0.2,0.6153846153846154,0.5,6.0,0.0,0.125,0.15625,4,5,6.1,3.0,1428,1170,1263,0.0,0.0,70.0,7.0,34.2,0.7,0.3125,0.0,0.0,50.0,8.0,35.7,0.9,0.3125,0.8,0.4,58.0,41.0,14.0,13.0,470.0,0.15384615384615385,0.0,0.0,0.0,0.0625,-0.15000000000000072,0.0,-0.816200000000002,-1.0531000000000006,-0.3323999999999998,-0.9530999999999992,0.5469000000000008,0.2772400696382429,0.9410632284814873,0.0,5.0,0.4,0.06666666666666667,0.3333333333333333,3.0,0.0,0.011098654708520173,-0.15942028985507248
230,202301020510,3,1,3,21,1,0,0,0,1,0,0,0,1,0,2,13,0,0,0,0,0,0,0,0,0,0,0,1,0,0,0,0,0,0,0,0,0.0,0.0,12.0,9.0,34.5,0.6,0.8125,0.0,0.0,6.0,8.0,34.4,0.4,0.6666666666666666,0.0,0.0,11.0,2.0,34.7,0.1,0.13333333333333333,-3.5,-6.0,0.0,,,8,13,12.3,6.0,1148,1391,1393,0.0,0.0,11.0,6.0,34.8,0.2,0.25,0.0,0.0,15.0,14.0,35.2,0.9,0.875,0.8,0.2,54.0,-358.0,14.0,16.0,442.0,0.0,0.0,0.0,0.08333333333333333,-0.0625,-0.18000000000000044,0.0,-0.653100000000002,-0.7531000000000034,-0.45309999999999917,-0.35310000000000485,0.04690000000000083,0.30057352585423164,0.2785677655436835,-2.0,5.0,0.2,0.13333333333333333,0.2,5.0,0.2,,
231,202301020510,12,7,11,89,2,7,5,70,0,0,1,8,1,0,2,13,2,2,3,25,0,0,0,0,0,0,0,1,0,1,1,6,0,0,0,0,0.0,0.0,70.0,2.0,36.0,0.1,0.5454545454545454,0.0,0.0,100.0,8.0,35.1,0.5,0.38461538461538464,0.0,0.0,40.0,7.0,34.8,0.8,0.7777777777777778,2.5,-8.0,0.0,0.0,0.0,1,1,6.7,5.0,1691,1556,1167,0.0,0.0,60.0,3.0,33.2,0.3,0.3125,0.0,0.0,30.0,1.0,34.8,0.0,0.7692307692307693,-0.7,0.6,58.0,20.0,14.0,11.0,490.0,0.0,0.07692307692307693,0.0,0.0,-0.07692307692307693,0.43000000000000044,0.0,-0.09479999999999933,-0.7162000000000006,-0.35310000000000485,-1.9530999999999992,-0.35310000000000485,0.1915257357225233,0.9042123644365843,0.0,5.0,0.6,0.03571428571428571,0.21428571428571427,3.0,0.6666666666666666,-0.09420610349402919,0.12745098039215688
232,202301020510,9,6,7,81,12,13,12,118,0,0,0,3,7,2,3,40,0,1,2,20,0,0,0,1,2,0,2,12,0,1,0,3,0,0,0,0,0.0,0.0,40.0,6.0,35.0,0.6,0.9090909090909091,0.0,0.0,20.0,8.0,37.9,1.0,0.1875,0.0,0.0,70.0,2.0,36.0,0.2,0.125,-2.0,4.0,200.0,0.14634146341463414,0.36585365853658536,3,3,23.8,11.0,1393,1167,1263,0.0,0.0,30.0,6.0,36.5,1.1,0.5625,0.0,0.0,40.0,7.0,35.8,0.6,0.8125,0.0,0.2,58.0,13.0,14.0,11.0,520.0,-0.09090909090909091,0.0,0.0,0.0,0.0625,-0.019999999999999574,0.0,-1.4410999999999987,-0.37950000000000017,-2.133800000000001,-1.3682999999999979,-1.791400000000003,0.31790978630958333,0.9604165762834372,0.0,0.0,,0.0,0.2631578947368421,0.0,,-0.08859223300970873,0.08629032258064517
233,202301020510,0,0,0,8,0,1,2,11,0,0,0,2,0,0,0,3,0,1,1,7,0,0,0,2,0,0,0,1,0,0,1,2,0,0,0,1,0.0,0.0,130.0,12.0,34.8,0.9,1.0,0.0,0.0,80.0,5.0,34.5,0.2,0.3333333333333333,0.0,0.0,150.0,11.0,34.7,0.9,0.8,-0.5,0.0,0.0,,,6,9,112.1,13.0,1362,1507,1263,0.0,0.0,140.0,10.0,35.5,0.8,0.875,0.0,0.0,150.0,18.0,36.8,1.9,0.3333333333333333,1.7,0.0,58.0,41.0,14.0,13.0,446.0,0.0,0.0,-0.06666666666666667,-0.0625,0.0,-0.5,0.0,-1.0162000000000049,-0.653100000000002,-0.45309999999999917,0.346899999999998,0.7051999999999978,0.28089143810376277,0.8404760555780266,0.0,5.0,0.0,0.06976744186046512,0.2558139534883721,3.0,0.0,0.0,
234,202301020510,8,5,7,77,12,13,12,118,1,0,0,4,0,0,0,13,0,1,2,20,0,0,0,0,0,0,0,2,0,1,0,3,0,0,0,0,0.0,0.0,12.0,10.0,35.2,0.8,1.0,0.0,0.0,9.0,9.0,34.6,0.8,0.5555555555555556,0.0,0.0,12.0,8.0,34.8,0.6,0.5333333333333333,-1.0,14.0,0.0,0.14285714285714285,0.42857142857142855,2,2,56.0,12.0,1127,1167,1328,0.0,0.0,12.0,11.0,33.4,0.7,0.5,0.0,0.0,9.0,9.0,34.3,0.9,0.5,0.0,0.0,56.0,0.0,14.0,14.0,418.0,-0.07142857142857142,0.0,-0.06666666666666667,0.0,0.0,0.30000000000000143,0.0,0.04690000000000083,-0.5531000000000006,-0.35310000000000485,-1.7531000000000034,-0.8531000000000049,0.19227038574509572,0.6053098380168633,0.0,5.0,0.0,0.0,0.0,5.0,0.0,0.05307369224894998,0.08629032258064517
235,202301020510,0,1,0,6,17,12,14,101,0,0,0,2,0,1,0,5,0,1,3,24,0,0,0,2,0,0,0,1,0,1,0,10,0,0,0,0,0.0,0.0,100.0,90.0,38.1,1.0,0.6363636363636364,0.0,0.0,140.0,120.0,39.0,1.9,0.1875,0.0,0.0,130.0,90.0,37.7,0.6,0.5625,0.0,7.0,300.0,0.4,0.6,7,12,20.8,10.0,1270,1263,969,0.0,0.0,130.0,80.0,37.3,0.5,0.1875,0.0,0.0,100.0,110.0,36.8,1.1,0.2857142857142857,0.0,0.0,58.0,-346.0,14.0,11.0,473.0,0.0,0.0,-0.0625,0.0,0.0,0.43000000000000116,0.0,,1.1788999999999987,-0.21109999999999474,-0.6111000000000004,1.6468999999999951,0.19063266828707318,0.74672618810378,1.0,1.0,0.0,0.13333333333333333,0.2,1.0,0.0,-0.14285714285714285,-0.11912393162393162
236,202301020510,0,0,0,2,0,0,1,4,0,0,0,2,0,0,0,2,0,0,0,3,0,0,0,2,0,0,0,2,0,0,0,2,0,0,0,2,0.0,0.0,9.0,1.0,38.2,0.0,0.09090909090909091,0.0,0.0,13.0,16.0,41.2,4.2,0.0625,0.0,0.0,15.0,16.0,34.1,1.5,1.0,7.5,-7.0,-200.0,,,4,6,231.9,14.0,1621,1423,1186,0.0,0.0,16.0,11.0,35.8,1.0,0.0625,0.0,0.0,10.0,10.0,33.7,0.8,1.0,1.3,0.2,58.0,-422.0,14.0,11.0,521.0,0.0,0.0,0.0,0.0,0.0,1.4400000000000006,0.0,-0.07949999999999591,3.2889000000000053,-1.0531000000000006,0.6468999999999951,-1.6653999999999982,0.45475847281281234,2.7935640318417625,1.0,3.0,0.0,0.0,0.4,2.0,0.0,,
237,202301020510,0,0,0,4,5,3,10,102,0,0,0,0,0,0,0,3,0,1,3,25,0,0,0,0,0,0,0,0,0,0,1,4,0,0,0,0,0.0,0.0,,,,,,0.0,0.0,60.0,12.0,37.7,1.2,0.375,0.0,0.0,60.0,1.0,34.9,0.0,0.21428571428571427,-11.0,-4.0,200.0,0.0,0.0,5,7,20.8,9.0,1204,1013,1221,0.0,0.0,80.0,6.0,37.0,0.8,0.5,0.0,0.0,90.0,13.0,38.1,2.5,0.42857142857142855,0.8,0.25,56.0,-315.0,14.0,11.0,502.0,,0.1875,0.0,0.0625,0.07142857142857142,-0.32999999999999974,0.0,,-0.12330000000000041,-1.5411000000000001,-0.12290000000000134,2.9468999999999994,0.1051715981195513,1.233642979147534,0.0,1.0,0.0,0.0,0.16666666666666666,1.0,0.0,,0.15769230769230771
238,202301020510,0,1,1,11,1,0,0,5,0,0,0,0,0,1,0,8,1,0,0,5,0,0,0,0,0,0,0,1,0,0,0,2,0,0,0,0,0.0,0.0,20.0,3.0,36.7,0.1,0.09090909090909091,0.0,0.0,120.0,17.0,34.8,1.8,0.1111111111111111,0.0,0.0,50.0,1.0,36.8,0.0,0.09090909090909091,-1.0,12.0,0.0,,,5,8,6.3,4.0,1426,1034,306,0.0,0.0,70.0,14.0,39.5,2.1,0.25,0.0,0.0,30.0,1.0,37.9,0.0,0.0625,-0.7000000000000001,0.6,56.0,20.0,14.0,11.0,466.0,0.0,0.0,0.0,0.125,0.0,-0.7099999999999994,0.0,0.6052000000000035,-0.35310000000000485,-0.13240000000000407,1.5889000000000024,-0.011099999999999,0.06629016350079048,1.544797721386202,0.0,3.0,0.6666666666666666,0.08333333333333333,0.25,1.0,0.0,,
239,202301020609,0,0,0,0,0,0,0,0,0,0,0,0,0,0,0,0,0,0,0,0,0,0,0,0,0,0,0,0,0,0,0,0,0,0,0,0,0.0,0.0,100.0,9.0,35.6,0.6,0.21428571428571427,0.0,0.0,90.0,12.0,35.8,1.5,0.3333333333333333,0.0,0.0,60.0,5.0,34.7,0.2,0.1,-2.0,-4.0,0.0,0.13725490196078433,0.43137254901960786,5,9,15.4,6.0,1534,1465,1235,0.0,0.0,140.0,14.0,35.5,1.1,0.13333333333333333,0.0,0.0,130.0,17.0,35.4,0.9,0.16666666666666666,1.8,0.0,54.0,-363.0,16.0,14.0,400.0,0.07142857142857142,0.3333333333333333,0.0,0.0,0.0,0.07000000000000028,0.0,0.4468999999999994,0.6468999999999951,-0.45309999999999917,0.346899999999998,0.24689999999999657,0.08122642689607769,0.3741657386773926,-2.0,5.0,0.0,0.0,0.1111111111111111,0.0,,,
240,202301020609,0,0,0,0,0,0,0,0,0,0,0,0,0,0,0,0,0,0,0,0,0,0,0,0,0,0,0,0,0,0,0,0,0,0,0,0,0.0,0.0,10.0,1.0,34.6,0.0,0.4375,0.0,0.0,20.0,2.0,34.7,0.1,0.0625,0.0,0.0,10.0,2.0,34.8,0.0,0.5625,0.5,4.0,0.0,0.14457831325301204,0.3614457831325301,7,13,6.1,2.0,1629,197,1428,0.0,0.0,60.0,5.0,35.5,0.4,0.2777777777777778,0.0,0.0,30.0,3.0,36.1,0.2,0.3888888888888889,0.7,0.8,54.0,77.0,16.0,16.0,440.0,-0.0625,0.0,0.0,0.0,0.0,-0.3799999999999997,0.0,-0.5531000000000006,-0.4064999999999941,-0.35310000000000485,-0.31620000000000203,0.005200000000002092,0.16858845720046958,0.5748043145279966,0.0,4.0,0.75,0.07692307692307693,0.23076923076923078,1.0,1.0,,-0.1333333333333333
241,202301020609,0,0,0,0,0,0,0,0,0,0,0,0,0,0,0,0,0,0,0,0,0,0,0,0,0,0,0,0,0,0,0,0,0,0,0,0,0.0,0.0,30.0,11.0,35.2,0.9,0.3333333333333333,0.0,0.0,100.0,7.0,34.8,0.7,0.2857142857142857,0.0,0.0,30.0,6.0,35.7,0.4,0.36363636363636365,-2.5,0.0,0.0,0.1276595744680851,0.2872340425531915,8,15,10.5,4.0,204,779,4,0.0,0.0,40.0,3.0,36.5,0.2,0.1875,0.0,0.0,80.0,3.0,36.1,0.5,0.3125,-2.0,0.4,56.0,-139.0,16.0,18.0,482.0,0.2777777777777778,-0.07142857142857142,0.0,0.0,-0.0625,-0.35,0.0,0.04690000000000083,-0.35310000000000485,0.5469000000000008,0.40520000000000067,0.005200000000002092,0.06019520018985892,0.6086049621881181,0.0,5.0,0.4,0.0,0.23529411764705882,2.0,1.0,,
242,202301020609,0,0,0,0,0,0,0,0,0,0,0,0,0,0,0,0,0,0,0,0,0,0,0,0,0,0,0,0,0,0,0,0,0,0,0,0,0.0,0.0,50.0,3.0,35.2,0.3,0.1875,0.0,0.0,30.0,8.0,35.3,0.7,0.0625,0.0,0.0,30.0,6.0,37.6,0.8,0.13333333333333333,1.5,6.0,0.0,0.125,0.28125,2,3,16.3,7.0,1534,1614,1235,0.0,0.0,130.0,2.0,37.4,0.4,0.125,0.0,0.0,60.0,10.0,37.8,1.1,0.5384615384615384,0.8,0.4,56.0,15.0,16.0,16.0,464.0,0.0,0.0,0.0,0.0,-0.07692307692307693,-0.729999999999999,0.0,0.04690000000000083,0.14689999999999515,0.18390000000000128,-0.4233000000000047,-0.11110000000000042,0.16926323018123943,1.1586198686368185,0.0,2.0,0.5,0.0,0.1,0.0,,,
243,202301020609,0,0,0,2,0,0,0,0,0,0,0,0,0,0,0,0,0,0,0,0,0,0,0,0,0,0,0,0,0,0,0,0,0,0,0,0,0.0,0.0,12.0,12.0,33.6,1.1,0.9375,0.0,0.0,9.0,3.0,35.3,0.7,0.75,0.0,0.0,13.0,5.0,35.7,0.3,0.875,-3.5,-6.0,0.0,0.12962962962962962,0.42592592592592593,5,10,50.0,13.0,1152,187,1428,0.0,0.0,8.0,6.0,35.5,0.7,1.0,0.0,0.0,10.0,6.0,33.3,0.4,0.8571428571428571,-0.9,0.2,56.0,-21.0,16.0,16.0,480.0,-0.125,0.125,0.0625,0.0,0.0,0.04000000000000057,0.0,-1.5531000000000006,0.14689999999999515,-0.3947999999999965,-0.5947999999999993,-1.8531000000000049,0.08375742428256125,1.0166612021711074,0.0,5.0,0.2,0.25,0.25,2.0,0.0,-0.04995499549954999,
244,202301020609,0,0,0,4,0,0,0,2,0,0,0,0,0,0,0,0,0,0,0,2,0,0,0,0,0,0,0,0,0,0,0,2,0,0,0,0,0.0,0.0,140.0,1.0,34.2,0.0,0.5,0.0,0.0,120.0,12.0,36.5,1.4,0.5,0.0,0.0,110.0,5.0,34.8,0.7,0.6153846153846154,2.0,4.0,0.0,0.05714285714285714,0.22857142857142856,4,7,20.2,8.0,1167,1362,460,0.0,0.0,120.0,17.0,36.5,1.2,0.8888888888888888,0.0,0.0,110.0,12.0,41.2,4.4,0.3333333333333333,2.7,0.2,56.0,-139.0,16.0,18.0,442.0,-0.3888888888888889,0.0,-0.15384615384615385,0.0,0.4666666666666667,-1.4,0.0,-0.9530999999999992,1.134599999999999,-0.35310000000000485,0.1383999999999972,5.034200000000006,0.18413597138348065,2.4565015774470824,4.0,3.0,0.3333333333333333,0.0,0.3333333333333333,0.0,,-0.10673076923076924,-0.05844155844155843
245,202301020609,0,0,0,0,0,0,0,1,0,0,0,0,0,0,0,0,0,0,0,0,0,0,0,0,0,0,0,0,0,0,0,0,0,0,0,0,0.0,0.0,15.0,7.0,35.7,0.4,1.0,0.0,0.0,14.0,14.0,35.2,1.3,0.625,0.0,0.0,10.0,9.0,34.5,0.9,0.6363636363636364,1.0,-6.0,0.0,0.0,0.0,6,11,193.3,15.0,1699,1306,1313,0.0,0.0,10.0,10.0,37.2,3.9,1.0,0.0,0.0,10.0,11.0,35.9,1.2,0.36363636363636365,0.4,0.0,54.0,0.0,16.0,16.0,424.0,-0.0625,0.125,0.0,0.0,0.0,-0.23999999999999916,0.0,-0.3947999999999965,0.04690000000000083,-0.653100000000002,1.9087000000000032,0.6086999999999989,0.24482241835445873,0.892188320927819,0.0,3.0,0.0,0.0,0.0,1.0,0.0,,0.15977443609022557
246,202301020609,1,0,0,1,0,0,0,0,0,0,0,0,0,0,0,0,0,0,0,0,0,0,0,0,0,0,0,0,0,0,0,0,0,0,0,0,0.0,0.0,20.0,3.0,34.7,0.3,0.18181818181818182,0.0,0.0,10.0,1.0,35.2,0.0,0.1875,0.0,0.0,30.0,10.0,36.4,1.4,0.1111111111111111,3.5,10.0,0.0,0.0,0.0,1,2,6.7,3.0,1127,568,1328,0.0,0.0,20.0,4.0,36.2,0.3,0.0625,0.0,0.0,10.0,3.0,34.8,1.1,0.375,0.3,0.6,54.0,50.0,16.0,11.0,444.0,0.0,-0.0625,0.0,0.0,0.0,-0.11999999999999886,0.0,-0.45309999999999917,-0.6161999999999992,1.3252999999999986,-0.13169999999999504,-0.27470000000000283,0.10636934980386105,0.708801805866774,1.0,2.0,1.0,0.0,0.0,0.0,,0.05307369224894998,
247,202301020609,0,1,1,2,0,0,0,0,0,0,0,0,0,0,1,0,0,0,0,0,0,0,0,0,0,0,0,0,0,0,0,0,0,0,0,0,0.0,0.0,10.0,2.0,35.2,0.4,0.75,0.0,0.0,10.0,2.0,34.0,0.2,0.75,0.0,0.0,20.0,2.0,34.3,0.2,0.8333333333333334,0.0,2.0,0.0,0.28,0.5,1,1,2.4,1.0,1428,460,1263,0.0,0.0,50.0,2.0,33.9,0.2,0.8333333333333334,0.0,0.0,60.0,3.0,35.0,0.2,0.7777777777777778,0.2,1.0,56.0,21.0,16.0,16.0,442.0,0.0,-0.125,0.0,-0.1111111111111111,-0.05555555555555555,0.05000000000000071,0.0,-0.8947999999999965,-1.153100000000002,-0.8531000000000049,-1.2064999999999984,-0.153100000000002,0.03767961101736261,0.526877594892781,0.0,4.0,1.0,0.1111111111111111,0.4074074074074074,1.0,1.0,0.011098654708520173,-0.2222222222222222
248,202301020609,0,0,0,0,0,0,0,0,0,0,0,0,0,0,0,0,0,0,0,0,0,0,0,0,0,0,0,0,0,0,0,0,0,0,0,0,0.0,0.0,12.0,11.0,39.6,4.0,0.5,0.0,0.0,12.0,10.0,36.8,0.9,0.5625,0.0,0.0,1.0,11.0,36.7,1.4,0.09090909090909091,0.0,-1.0,0.0,0.125,0.25,7,14,47.2,12.0,1287,1489,1235,0.0,0.0,5.0,1.0,35.5,0.0,0.25,0.0,0.0,5.0,4.0,35.2,0.7,0.125,-2.3,0.2,54.0,-143.0,16.0,12.0,433.0,0.4166666666666667,0.0,0.0,0.0,0.0625,1.0099999999999993,0.0,1.6889000000000038,0.7051999999999978,1.3346000000000018,0.13459999999999894,0.09350000000000591,0.19265972229566128,1.5551205741035001,0.0,3.0,0.3333333333333333,0.0,0.0,1.0,0.0,,
249,202301020609,0,0,0,0,0,0,0,2,0,0,0,0,0,0,0,0,0,0,0,1,0,0,0,0,0,0,0,0,0,0,0,0,0,0,0,0,0.0,0.0,70.0,5.0,36.0,0.5,0.375,0.0,0.0,20.0,7.0,34.6,0.5,0.14285714285714285,0.0,0.0,30.0,1.0,34.7,0.0,0.1111111111111111,-2.0,2.0,0.0,0.0,0.3333333333333333,8,16,21.4,9.0,1540,1183,1036,0.0,0.0,60.0,4.0,35.5,0.3,0.1111111111111111,0.0,0.0,20.0,7.0,36.6,0.4,0.2222222222222222,0.1,0.2,54.0,21.0,16.0,16.0,404.0,0.0,0.0,0.0,0.0,0.0,-0.21000000000000013,0.0,-0.09479999999999933,-0.5531000000000006,-1.1161999999999992,-0.06210000000000093,0.5052000000000021,0.09990232064847074,0.7626270385975042,0.0,4.0,0.25,0.0625,0.4375,2.0,0.0,,-0.2124271844660194
250,202301020609,0,0,0,2,0,0,0,0,0,0,0,0,0,0,0,0,0,0,0,0,0,0,0,0,0,0,0,0,0,0,0,0,0,0,0,0,0.0,0.0,40.0,12.0,36.9,1.2,0.25,0.0,0.0,50.0,2.0,35.6,0.0,0.07142857142857142,0.0,0.0,80.0,1.0,34.8,0.0,0.0625,-5.5,8.0,0.0,0.037037037037037035,0.1111111111111111,2,4,109.0,14.0,1674,702,1428,0.0,0.0,90.0,6.0,35.7,1.1,0.1875,0.0,0.0,110.0,3.0,34.1,0.1,0.16666666666666666,-1.4000000000000001,0.6,54.0,21.0,16.0,16.0,472.0,0.0,0.0,0.0,0.0,0.0,0.5499999999999993,0.0,0.8051999999999992,-0.21620000000000061,-0.35310000000000485,0.5469000000000008,-1.0531000000000006,0.0713938407628152,0.941063228481487,2.0,5.0,0.6,0.2,0.2,1.0,0.0,0.1857142857142857,
251,202301020609,0,0,0,0,0,0,0,1,0,0,0,0,0,0,0,0,0,0,0,0,0,0,0,0,0,0,0,0,0,0,0,0,0,0,0,0,0.0,0.0,10.0,1.0,35.6,0.0,0.1875,0.0,0.0,20.0,7.0,40.4,1.7,0.25,0.0,0.0,10.0,4.0,33.9,0.4,0.3333333333333333,1.5,4.0,0.0,0.0,0.0,6,12,11.1,5.0,759,397,1428,,,,,,,,,,,,,,,1.5,0.3333333333333333,54.0,49.0,16.0,16.0,474.0,0.0,0.0625,0.06666666666666667,,,0.8500000000000014,0.0,0.4468999999999994,2.5317000000000007,-1.2064999999999984,,,0.05973836991001823,2.752372713779068,0.0,1.0,1.0,0.0,0.0,0.0,,,
252,202301020609,0,0,0,0,1,1,0,2,0,0,0,0,0,0,0,0,0,0,0,1,0,0,0,0,0,0,0,0,0,0,0,0,0,0,0,0,0.0,0.0,4.0,2.0,37.5,0.4,0.14285714285714285,0.0,0.0,15.0,16.0,38.8,3.4,0.5625,0.0,0.0,16.0,14.0,36.7,1.2,0.875,6.0,3.0,-200.0,0.0,0.0,3,6,195.2,16.0,1521,1167,1313,0.0,0.0,9.0,12.0,36.0,1.3,0.75,0.0,0.0,14.0,4.0,34.8,0.1,0.625,0.0,0.2,56.0,-330.0,16.0,7.0,433.0,0.0,0.0625,-0.0625,0.1875,-0.0625,0.8200000000000003,0.0,-0.7794999999999987,0.8888999999999996,0.6052000000000035,0.6345999999999989,-0.35310000000000485,0.2484903398114137,1.351443672522092,2.0,3.0,0.0,0.0,0.125,1.0,0.0,,0.08629032258064517
253,202301020609,0,0,0,1,0,0,0,1,0,0,0,0,0,0,0,0,0,0,0,1,0,0,0,0,0,0,0,0,0,0,0,0,0,0,0,0,0.0,0.0,3.0,9.0,42.8,4.2,0.2222222222222222,0.0,0.0,11.0,12.0,40.5,2.4,0.7142857142857143,0.0,0.0,9.0,11.0,36.5,2.1,0.46153846153846156,1.0,7.0,-300.0,0.0,0.0,4,8,46.3,11.0,1657,1618,1317,0.0,0.0,11.0,15.0,37.4,1.3,0.3125,0.0,0.0,5.0,8.0,34.5,0.8,0.6363636363636364,0.1,0.0,56.0,-420.0,16.0,9.0,461.0,0.5555555555555556,-0.14285714285714285,0.15384615384615385,0.125,0.0,1.9699999999999995,0.0,,0.9532999999999987,1.346899999999998,1.3051999999999992,-0.653100000000002,0.18634491403007183,2.952016260117819,2.0,3.0,0.0,0.0,0.0,1.0,0.0,-0.16866438356164382,0.2027972027972028
254,202301020609,0,0,0,2,0,0,0,0,0,0,0,0,0,0,0,0,0,0,0,0,0,0,0,0,0,0,0,0,0,0,0,0,0,0,0,0,0.0,0.0,20.0,1.0,35.5,0.0,0.5625,0.0,0.0,70.0,2.0,35.0,0.5,0.5384615384615384,0.0,0.0,70.0,6.0,35.3,0.3,0.25,2.5,2.0,0.0,0.13333333333333333,0.13333333333333333,3,5,29.7,10.0,1561,1563,1263,0.0,0.0,60.0,3.0,35.1,0.3,0.25,0.0,0.0,50.0,4.0,36.1,0.8,0.4375,0.7,0.6,54.0,42.0,16.0,16.0,428.0,-0.125,0.0,0.0,0.0,-0.125,-0.13000000000000042,0.0,-0.31620000000000203,-0.153100000000002,0.14689999999999515,-0.7162000000000006,0.2837999999999994,0.13541657184035522,0.389871773792359,3.0,5.0,0.6,0.09090909090909091,0.36363636363636365,0.0,,0.005347593582887694,
255,202301020611,0,0,0,0,0,0,0,0,0,0,0,0,0,0,0,0,0,0,0,0,0,0,0,0,0,0,0,0,0,0,0,0,0,0,0,0,0.0,0.0,50.0,8.0,33.9,0.7,0.3125,0.0,0.0,20.0,2.0,35.4,0.1,0.5555555555555556,0.0,0.0,20.0,1.0,32.9,0.0,0.4666666666666667,-3.5,2.0,-400.0,0.11764705882352941,0.29411764705882354,7,14,2.4,1.0,1629,848,1428,0.0,0.0,20.0,5.0,34.5,0.2,0.4375,0.0,0.0,10.0,3.0,33.6,0.2,0.5555555555555556,-0.7,0.6,55.0,105.0,16.0,16.0,468.0,0.0625,-0.05555555555555555,0.06666666666666667,-0.0625,-0.1111111111111111,0.1499999999999993,0.0,-1.1747000000000014,-1.5324000000000026,-2.2531000000000034,-0.653100000000002,-1.5531000000000006,0.0899047850248827,0.8452218643646174,-1.0,4.0,0.75,0.18181818181818182,0.2727272727272727,0.0,,,
256,202301020611,0,0,1,0,0,0,0,2,0,0,0,0,0,0,0,0,0,0,0,1,0,0,0,0,0,0,0,0,0,0,0,1,0,0,0,0,0.0,0.0,12.0,16.0,35.7,2.1,0.5,0.0,0.0,6.0,16.0,35.3,1.4,0.625,0.0,0.0,3.0,2.0,34.2,0.0,0.1,-7.0,6.0,0.0,0.07142857142857142,0.21428571428571427,4,8,30.2,8.0,1310,1599,1618,0.0,0.0,10.0,11.0,34.9,0.7,0.5,0.0,0.0,7.0,8.0,34.0,0.3,0.0625,-2.1,0.2,55.0,-364.0,16.0,16.0,484.0,0.0,0.0625,0.0,0.0625,0.0,0.38000000000000045,0.0,0.5469000000000008,0.14689999999999515,-0.9530999999999992,-0.25310000000000343,-1.153100000000002,0.23043437243605824,0.6431174076325409,0.0,5.0,0.2,0.1111111111111111,0.1111111111111111,0.0,,,-0.053571428571428575
257,202301020611,0,0,0,0,0,1,0,1,0,0,0,0,0,0,0,0,0,0,0,1,0,0,0,0,0,0,0,0,0,0,0,0,0,0,0,0,0.0,0.0,10.0,3.0,35.2,0.3,0.3125,0.0,0.0,50.0,15.0,36.3,1.5,0.7777777777777778,0.0,0.0,30.0,4.0,33.2,0.5,0.6,0.5,4.0,0.0,0.12121212121212122,0.2727272727272727,6,12,6.6,2.0,1534,1345,1235,0.0,0.0,10.0,1.0,33.0,0.0,0.3125,0.0,0.0,30.0,1.0,34.0,0.0,0.6875,-1.8,0.6,57.0,77.0,16.0,16.0,466.0,0.0625,0.0,0.06666666666666667,0.0,-0.125,0.5700000000000003,0.0,0.04690000000000083,-0.6324000000000041,-1.9530999999999992,-2.153100000000002,-1.816200000000002,0.19255550746937913,1.2483589227461775,-1.0,5.0,0.6,0.13333333333333333,0.26666666666666666,0.0,,,-0.18614718614718614
258,202301020611,0,0,0,0,0,0,0,0,0,0,0,0,0,0,0,0,0,0,0,0,0,0,0,0,0,0,0,0,0,0,0,0,0,0,0,0,0.0,0.0,20.0,1.0,33.3,0.0,0.3125,0.0,0.0,30.0,1.0,34.1,0.0,0.5,0.0,0.0,90.0,6.0,33.2,0.3,0.5,2.5,-4.0,0.0,0.0,0.0,8,16,9.2,6.0,204,593,4,0.0,0.0,120.0,2.0,34.4,0.2,0.23076923076923078,0.0,0.0,50.0,13.0,38.1,2.5,0.14285714285714285,2.5,0.6,57.0,35.0,16.0,16.0,494.0,0.0625,-0.0625,0.0,0.0,0.0,-0.9900000000000005,0.0,-1.8531000000000049,-1.0531000000000006,-1.9530999999999992,-1.4162000000000035,-0.033799999999999386,0.1433278909127205,1.7993332098307977,2.0,4.0,0.75,0.3,0.3,0.0,,,
259,202301020611,0,0,0,0,0,1,0,6,0,0,0,0,0,0,0,0,0,1,0,2,0,0,0,0,0,0,0,0,0,0,0,1,0,0,0,0,0.0,0.0,40.0,7.0,35.4,0.5,0.3125,0.0,0.0,30.0,9.0,35.3,0.6,0.5555555555555556,0.0,0.0,40.0,1.0,34.8,0.0,0.2222222222222222,-3.0,-8.0,0.0,0.12727272727272726,0.41818181818181815,6,11,47.3,10.0,1186,1263,792,0.0,0.0,40.0,6.0,34.7,0.4,0.4375,0.0,0.0,80.0,9.0,33.7,1.0,0.5625,0.1,0.2,57.0,77.0,16.0,16.0,442.0,0.0,-0.1111111111111111,-0.05555555555555555,-0.125,-0.0625,0.3999999999999986,0.0,0.24689999999999657,-1.632400000000004,-1.0162000000000049,-1.1161999999999992,-1.4530999999999992,0.13389638061105588,0.6046486583132371,0.0,5.0,0.2,0.2,0.3,0.0,,,-0.11912393162393162
260,202301020611,0,0,0,8,0,0,0,3,0,0,0,1,0,0,0,5,0,0,0,1,0,0,0,1,0,0,0,4,0,0,0,0,0,0,0,0,0.0,0.0,16.0,15.0,35.1,1.3,0.9444444444444444,0.0,0.0,16.0,9.0,33.9,0.7,0.75,0.0,0.0,14.0,14.0,35.0,1.0,0.6875,-0.5,2.0,-200.0,0.0,0.25,5,9,36.0,9.0,1716,1428,1167,0.0,0.0,12.0,9.0,33.8,0.4,0.25,0.0,0.0,12.0,14.0,35.4,1.0,0.1875,-0.2,0.0,57.0,-414.0,16.0,18.0,478.0,-0.05555555555555555,0.0625,-0.125,0.0,0.0,-0.04999999999999929,0.0,-0.006499999999995509,-1.2531000000000034,-0.153100000000002,-1.3531000000000049,0.03459999999999752,0.29493538735806085,0.6590902821313641,1.0,4.0,0.0,0.10714285714285714,0.39285714285714285,0.0,,0.015186378278877144,-0.02899971980947047
261,202301020611,0,0,0,8,0,0,0,0,0,0,0,0,0,0,0,5,0,0,0,0,0,0,0,0,0,0,0,4,0,0,0,0,0,0,0,0,0.0,0.0,30.0,1.0,34.4,0.0,0.75,0.0,0.0,30.0,2.0,34.8,0.0,0.1875,0.0,0.0,40.0,12.0,34.2,0.8,0.375,5.5,2.0,0.0,0.14285714285714285,0.36904761904761907,2,4,7.3,4.0,1716,1393,1167,0.0,0.0,10.0,1.0,34.3,0.0,0.36363636363636365,0.0,0.0,10.0,2.0,33.6,0.0,0.2,0.10000000000000009,0.8,55.0,77.0,16.0,16.0,442.0,-0.125,-0.0625,-0.125,0.0,0.0,0.20999999999999944,0.0,-0.7531000000000034,-1.2948000000000022,-0.9530999999999992,-0.8531000000000049,-1.5531000000000006,0.20324129696837806,0.3878143885933048,0.0,5.0,0.8,0.3333333333333333,0.4166666666666667,1.0,1.0,0.015186378278877144,-0.30952380952380953
262,202301020611,0,0,0,1,0,0,0,3,0,0,0,0,0,0,0,0,0,0,0,1,0,0,0,0,0,0,0,0,0,0,0,0,0,0,0,0,0.0,0.0,20.0,1.0,34.1,0.0,0.375,0.0,0.0,30.0,6.0,33.2,0.3,0.3888888888888889,0.0,0.0,50.0,3.0,33.7,0.2,0.1875,1.0,-4.0,0.0,0.15384615384615385,0.4423076923076923,5,10,7.0,3.0,1672,1428,1167,0.0,0.0,10.0,2.0,33.4,0.1,0.45454545454545453,0.0,0.0,10.0,1.0,33.8,0.0,0.5,-0.4,0.8,57.0,64.0,16.0,16.0,466.0,-0.0625,0.05555555555555555,0.0625,0.0,-0.08333333333333333,0.04000000000000128,0.0,-1.7162000000000006,-1.906499999999994,-1.3746999999999971,-1.6747000000000014,-1.2747000000000028,0.10687398547136538,0.3136877428271621,0.0,1.0,1.0,0.25,0.25,0.0,,,-0.02899971980947047
263,202301020611,0,0,0,1,0,0,0,0,0,0,0,0,0,0,0,0,0,0,0,0,0,0,0,0,0,0,0,0,0,0,0,0,0,0,0,0,0.0,0.0,150.0,9.0,35.1,0.6,0.9375,0.0,0.0,14.0,9.0,34.0,0.8,0.8125,0.0,0.0,17.0,15.0,33.3,0.6,0.3888888888888889,3.0,0.0,0.0,0.11764705882352941,0.23529411764705882,8,15,157.8,14.0,1503,128,1263,0.0,0.0,17.0,14.0,37.1,1.8,0.5555555555555556,0.0,0.0,15.0,12.0,33.8,0.6,0.6666666666666666,1.1,0.0,55.0,-434.0,16.0,16.0,448.0,-0.0625,0.0625,0.05555555555555555,0.0,0.05555555555555555,-0.04999999999999929,0.0,-0.7162000000000006,-1.153100000000002,-1.8064999999999998,0.7383999999999986,-1.3531000000000049,0.19181757344279352,1.3544002362669627,0.0,3.0,0.0,0.23809523809523808,0.5714285714285714,0.0,,-0.047619047619047616,
264,202301020611,0,0,0,0,0,0,0,2,0,0,0,0,0,0,0,0,0,0,0,1,0,0,0,0,0,0,0,0,0,0,0,1,0,0,0,0,0.0,0.0,13.0,9.0,34.4,0.6,0.625,0.0,0.0,5.0,10.0,35.6,1.2,1.0,0.0,0.0,16.0,17.0,34.5,1.9,0.9444444444444444,4.0,-6.0,0.0,,,1,2,7.8,5.0,1221,1559,1263,0.0,0.0,9.0,4.0,35.1,0.3,0.8333333333333334,0.0,0.0,3.0,9.0,33.2,0.7,0.875,-0.6,0.0,58.0,-35.0,16.0,16.0,492.0,0.0,-0.125,-0.1111111111111111,-0.05555555555555555,-0.0625,0.28999999999999915,0.0,-0.7531000000000034,-0.4947999999999979,-0.5747,-0.26539999999999964,-1.9530999999999992,0.12868038691000522,0.8064738061462378,0.0,4.0,0.0,0.125,0.125,1.0,0.0,,0.10351966873706003
265,202301020611,0,0,0,0,0,0,0,0,0,0,0,0,0,0,0,0,0,0,0,0,0,0,0,0,0,0,0,0,0,0,0,0,0,0,0,0,0.0,0.0,11.0,11.0,36.4,1.4,0.5,0.0,0.0,5.0,8.0,33.2,0.5,0.6875,0.0,0.0,7.0,10.0,35.1,0.7,0.75,-0.5,-2.0,0.0,0.0,1.0,1,1,64.4,11.0,1289,1170,1428,0.0,0.0,14.0,16.0,37.1,1.7,0.2777777777777778,0.0,0.0,4.0,14.0,34.8,1.1,0.16666666666666666,1.4,0.0,55.0,0.0,16.0,16.0,484.0,0.0,-0.0625,-0.0625,0.0,-0.05555555555555555,-0.06999999999999958,0.0,0.30519999999999925,-1.9530999999999992,-0.05310000000000059,1.7346000000000004,-0.3064999999999998,0.22599232479046172,1.3526270735128727,0.0,4.0,0.0,0.038461538461538464,0.11538461538461539,1.0,0.0,-0.07368421052631574,-0.15942028985507248
266,202301020611,0,0,0,2,0,0,0,2,0,0,0,0,0,0,0,1,0,0,0,1,0,0,0,0,0,0,0,0,0,0,0,1,0,0,0,0,0.0,0.0,10.0,4.0,38.7,1.7,0.375,0.0,0.0,150.0,12.0,35.9,0.9,1.0,0.0,0.0,120.0,11.0,35.5,1.0,1.0,3.5,-8.0,-400.0,0.0,0.0,3,6,265.0,16.0,1583,1559,118,0.0,0.0,150.0,8.0,36.9,0.7,0.8666666666666667,0.0,0.0,110.0,10.0,33.8,0.8,1.0,0.8,0.0,57.0,-316.0,16.0,8.0,484.0,-0.125,0.0,0.0,-0.2,0.0,0.8800000000000011,0.0,1.444900000000004,-2.011099999999999,-2.4110999999999976,-1.3795000000000002,-1.3531000000000049,0.24223496398698882,1.6169106345126203,1.0,1.0,0.0,0.07142857142857142,0.2857142857142857,0.0,,0.04285714285714287,0.10351966873706003
267,202301020611,0,1,1,2,0,0,0,0,0,0,0,0,0,0,1,0,0,0,0,0,0,0,0,0,0,0,1,0,0,0,0,0,0,0,0,0,0.0,0.0,170.0,13.0,33.8,1.2,1.0,0.0,0.0,9.0,7.0,34.2,0.3,0.4,0.0,0.0,13.0,10.0,33.9,0.8,0.8125,-1.5,4.0,0.0,0.05555555555555555,0.2222222222222222,2,3,114.2,12.0,1428,939,1263,0.0,0.0,12.0,15.0,38.7,3.5,0.8666666666666667,0.0,0.0,15.0,18.0,37.6,2.4,0.1111111111111111,1.8,0.0,57.0,-455.0,16.0,18.0,488.0,-0.05555555555555555,0.0,0.0,0.06666666666666667,0.0,-1.2100000000000009,0.0,-1.3531000000000049,-0.9530999999999992,-1.2531000000000034,0.546200000000006,2.5253000000000014,0.3310705605295987,2.082882617912014,0.0,3.0,0.0,0.11764705882352941,0.29411764705882354,0.0,,0.011098654708520173,
268,202301020611,0,0,0,8,0,0,0,1,0,0,0,0,0,0,0,5,0,0,0,1,0,0,0,0,0,0,0,4,0,0,0,1,0,0,0,0,0.0,0.0,130.0,14.0,36.4,1.7,0.8125,0.0,0.0,150.0,13.0,35.7,1.1,0.5,0.0,0.0,150.0,16.0,36.5,1.7,0.1875,1.0,-20.0,0.0,0.15384615384615385,0.28205128205128205,7,13,154.1,13.0,1716,1618,1167,0.0,0.0,140.0,10.0,34.7,0.7,0.0625,0.0,0.0,140.0,13.0,34.9,1.7,0.26666666666666666,-0.5,0.0,55.0,0.0,16.0,16.0,446.0,0.125,0.1875,0.25,0.0,-0.06666666666666667,0.4,0.0,0.30519999999999925,0.5469000000000008,0.40520000000000067,-0.45309999999999917,-0.25310000000000343,0.2650131024014557,0.7418894796396556,0.0,5.0,0.0,0.17647058823529413,0.29411764705882354,2.0,0.0,0.015186378278877144,0.2027972027972028
269,202301020611,0,0,0,0,0,0,0,0,0,0,0,0,0,0,0,0,0,0,0,0,0,0,0,0,0,0,0,0,0,0,0,0,0,0,0,0,0.0,0.0,30.0,9.0,41.9,3.8,0.2222222222222222,0.0,0.0,160.0,15.0,36.1,1.1,0.0625,0.0,0.0,160.0,15.0,33.9,1.3,0.25,3.0,4.0,0.0,0.0,0.2857142857142857,4,7,233.6,15.0,1231,1236,1104,0.0,0.0,160.0,16.0,33.7,1.1,0.8125,0.0,0.0,160.0,10.0,34.3,0.8,0.875,0.3,0.0,57.0,-422.0,16.0,9.0,494.0,0.1111111111111111,0.0,,0.0,0.0,1.7600000000000002,0.0,4.078899999999997,0.9468999999999994,0.35660000000000025,-1.4530999999999992,-1.065400000000004,0.33284107170291605,3.079220680626836,0.0,3.0,0.0,0.06818181818181818,0.25,0.0,,,
270,202301020611,0,0,0,0,0,0,0,0,0,0,0,0,0,0,0,0,0,0,0,0,0,0,0,0,0,0,0,0,0,0,0,0,0,0,0,0,0.0,0.0,70.0,2.0,33.2,0.1,0.2777777777777778,0.0,0.0,60.0,10.0,36.5,1.0,0.3888888888888889,0.0,0.0,40.0,7.0,33.8,1.0,0.6666666666666666,2.5,0.0,-200.0,0.25,0.5,3,5,16.5,7.0,1009,1556,298,0.0,0.0,70.0,2.0,34.1,0.0,0.5,0.0,0.0,20.0,2.0,34.5,0.1,0.3333333333333333,-0.8,0.6,57.0,106.0,16.0,18.0,474.0,0.0,-0.1111111111111111,-0.13333333333333333,0.0625,-0.2,-0.019999999999999574,0.0,-1.906499999999994,-0.43240000000000123,-1.3531000000000049,-1.0531000000000006,-0.653100000000002,0.13788526273323173,1.1232096865679173,0.0,4.0,0.5,0.1,0.3,0.0,,0.10683760683760682,0.12745098039215688
271,202301020701,0,0,0,3,7,3,3,27,0,0,0,0,0,0,0,3,1,0,2,9,0,0,0,0,0,0,0,2,1,0,2,5,0,0,0,0,0.0,0.0,100.0,3.0,38.3,0.2,0.5,0.0,0.0,20.0,16.0,41.8,5.8,0.625,,,,,,,,13.0,0.0,-300.0,0.0,0.10526315789473684,5,5,2.7,1.0,1020,1428,1576,,,,,,,,,,,,,,,13.0,0.5,55.0,27.0,8.0,14.0,460.0,-0.2857142857142857,0.0,,,,-3.5,0.0,-0.9321000000000055,3.5204999999999984,,,,0.0625,1.75,0.0,0.0,,0.10344827586206896,0.3793103448275862,0.0,,,-0.02899971980947047
272,202301020701,0,0,0,3,0,0,0,1,0,0,0,0,0,0,0,0,0,0,0,0,0,0,0,0,0,0,0,0,0,0,0,0,0,0,0,0,0.0,0.0,4.0,1.0,35.3,0.0,0.5,0.0,0.0,3.0,2.0,36.6,1.7,0.25,0.0,0.0,6.0,3.0,35.4,0.3,0.6363636363636364,1.0,-2.0,0.0,0.06896551724137931,0.20689655172413793,3,3,3.7,3.0,1045,1313,969,0.0,0.0,9.0,9.0,35.2,1.5,0.07692307692307693,,,,,,,,2.5,0.75,55.0,-22.0,8.0,10.0,468.0,-0.2,0.0,-0.09090909090909091,0.0,,0.14999999999999858,0.0,-0.0654000000000039,1.2346000000000004,0.24689999999999657,0.12530000000000285,,0.21683740229080986,0.5673402858955114,0.0,3.0,1.0,0.0,0.09090909090909091,0.0,,,
273,202301020701,1,0,0,3,0,0,0,3,0,0,0,0,0,0,0,0,0,0,0,1,0,0,0,0,0,0,0,0,0,0,0,1,0,0,0,0,0.0,0.0,110.0,7.0,36.9,0.9,0.1875,0.0,0.0,60.0,4.0,35.8,1.9,0.8333333333333334,,,,,,,,-3.0,-2.0,0.0,0.10526315789473684,0.21052631578947367,1,1,22.2,5.0,1151,1228,1618,,,,,,,,,,,,,,,-3.0,0.0,54.0,48.0,8.0,16.0,430.0,0.0625,-0.16666666666666666,,,,1.1000000000000014,0.0,1.0837999999999965,-0.09770000000000323,,,,0.3229166666666667,0.5500000000000007,2.0,1.0,0.0,0.0,0.0,1.0,0.0,,
274,202301020701,2,1,0,12,0,0,0,0,0,0,0,0,1,0,0,4,0,0,0,0,0,0,0,0,1,0,0,2,0,0,0,0,0,0,0,0,0.0,0.0,40.0,6.0,36.9,2.2,0.25,0.0,0.0,30.0,3.0,36.8,0.4,0.4,0.0,0.0,80.0,4.0,35.3,0.3,0.5454545454545454,-1.0,4.0,-600.0,0.07547169811320754,0.2830188679245283,4,4,3.6,2.0,1657,1098,1317,,,,,,,,,,,,,,,-1.0,0.3333333333333333,55.0,14.0,8.0,12.0,452.0,0.0,-0.2,0.0,,,0.8000000000000007,0.0,1.4407999999999959,0.9837999999999951,0.14689999999999515,,,0.12062357113633418,0.731816613336672,0.0,2.0,0.5,0.125,0.1875,1.0,1.0,-0.16866438356164382,
275,202301020701,0,0,0,4,7,3,3,27,0,0,0,0,0,0,0,3,1,0,2,9,0,0,0,0,0,0,0,2,1,0,2,5,0,0,0,0,0.0,0.0,2.0,5.0,38.5,1.6,0.5,0.0,0.0,4.0,5.0,37.0,2.1,0.25,0.0,0.0,7.0,5.0,36.0,0.4,0.2727272727272727,0.0,1.0,300.0,0.0,0.0,6,6,6.2,4.0,1534,1428,1235,0.0,0.0,7.0,7.0,35.9,0.9,0.6,,,,,,,,0.6,0.0,52.0,-328.0,8.0,10.0,455.0,-0.1,0.0,0.0,0.1,,0.8800000000000004,0.0,,1.634599999999999,0.846899999999998,0.5345999999999975,,0.14880290225331044,1.045227248018344,2.0,3.0,0.0,0.0,0.2,0.0,,,-0.02899971980947047
276,202301020701,0,0,0,6,0,0,0,1,0,0,0,0,0,0,0,3,0,0,0,0,0,0,0,0,0,0,0,1,0,0,0,0,0,0,0,0,0.0,0.0,2.0,2.0,38.5,0.7,0.2222222222222222,0.0,0.0,9.0,8.0,42.3,3.6,0.4166666666666667,0.0,0.0,8.0,8.0,39.7,1.3,0.14285714285714285,3.0,16.0,-200.0,0.06,0.16,8,8,99.9,8.0,1441,1574,1167,0.0,0.0,8.0,9.0,37.3,1.9,0.5,0.0,0.0,3.0,9.0,39.4,1.9,0.5,1.5000000000000002,0.2,55.0,-416.0,8.0,9.0,438.0,-0.1111111111111111,0.0,0.0,0.125,-0.0625,0.3200000000000003,0.0,0.34620000000000317,2.9073999999999955,0.30740000000000123,-0.36430000000000007,1.982299999999995,0.14729440321835294,1.6560193235587557,1.0,0.0,,0.06666666666666667,0.24444444444444444,0.0,,-0.21052631578947367,
277,202301020701,0,0,0,1,0,0,0,1,0,0,0,0,0,0,0,0,0,0,0,0,0,0,0,0,0,0,0,0,0,0,0,0,0,0,0,0,0.0,0.0,5.0,2.0,41.1,0.5,0.1111111111111111,0.0,0.0,7.0,7.0,37.9,4.0,0.875,0.0,0.0,9.0,9.0,41.1,6.6,0.3333333333333333,3.5,17.0,-200.0,0.06756756756756757,0.25675675675675674,7,7,28.3,7.0,1148,1145,1393,,,,,,,,,,,,,,,3.5,0.3333333333333333,55.0,-309.0,8.0,9.0,493.0,0.1111111111111111,0.0,0.6666666666666666,,,0.0,0.0,2.8205000000000027,2.5345999999999975,5.640799999999999,,,0.32081696553834105,1.508494466531303,-1.0,1.0,0.0,0.2,0.3,0.0,,,
278,202301020701,0,0,0,1,0,1,0,22,0,0,0,0,0,0,0,0,0,1,0,10,0,0,0,0,0,0,0,0,0,1,0,6,0,0,0,0,0.0,0.0,2.0,4.0,39.1,0.2,0.16666666666666666,0.0,0.0,17.0,15.0,38.3,3.1,0.47058823529411764,0.0,0.0,18.0,18.0,35.3,2.6,0.6111111111111112,7.0,24.0,-200.0,0.13541666666666666,0.3020833333333333,2,2,27.6,6.0,1704,1183,1712,0.0,0.0,17.0,13.0,34.7,1.4,0.5555555555555556,0.0,0.0,13.0,11.0,40.5,3.1,0.9285714285714286,1.2,0.0,55.0,-397.0,8.0,12.0,468.0,0.0,0.29411764705882354,0.1111111111111111,0.1111111111111111,-0.14285714285714285,0.07999999999999971,0.0,1.4357000000000042,2.573599999999999,-0.15920000000000556,-0.4064999999999941,1.2905999999999977,0.2450596386262368,2.2292599668948436,1.0,0.0,,0.1,0.1,0.0,,,-0.2124271844660194
279,202301020709,1,2,1,7,0,0,0,1,0,0,0,0,0,0,1,3,0,0,0,1,0,0,0,0,0,0,0,0,0,0,0,0,0,0,0,0,0.0,0.0,50.0,4.0,36.7,0.2,0.18181818181818182,0.0,0.0,60.0,1.0,35.7,0.0,0.07692307692307693,0.0,0.0,110.0,5.0,33.6,0.5,0.3125,0.5,0.0,0.0,0.12631578947368421,0.29473684210526313,4,8,7.5,3.0,1304,1199,1503,0.0,0.0,110.0,9.0,35.3,0.8,0.6875,0.0,0.0,100.0,6.0,34.8,0.9,0.21428571428571427,1.2,0.2,56.0,27.0,16.0,11.0,474.0,0.0,0.0,,-0.0625,0.0,0.4200000000000017,0.0,0.6052000000000035,-0.11619999999999919,0.05660000000000309,0.14689999999999515,-0.7621000000000038,0.21035407564243697,1.0225458424931382,0.0,3.0,0.3333333333333333,0.058823529411764705,0.29411764705882354,1.0,1.0,0.08333333333333331,
280,202301020709,0,0,1,1,2,2,1,7,0,0,1,0,0,0,0,0,0,1,0,3,0,0,0,0,0,0,0,0,0,0,0,0,0,0,0,0,0.0,0.0,160.0,12.0,33.9,1.0,0.6875,0.0,0.0,10.0,15.0,32.2,1.5,1.0,0.0,0.0,16.0,13.0,33.9,2.2,0.7058823529411765,0.5,4.0,0.0,0.125,0.125,4,7,16.4,8.0,1507,1618,593,0.0,0.0,12.0,14.0,38.9,3.4,0.5,0.0,0.0,9.0,1.0,35.2,0.0,0.25,-2.3,0.2,54.0,-456.0,16.0,16.0,436.0,0.125,,0.11764705882352941,0.5,0.0,-0.9300000000000004,0.0,-1.2531000000000034,-1.3433999999999955,-1.4654000000000025,-0.33210000000000406,0.04690000000000083,0.2478933733835458,2.2515772249691985,-2.0,3.0,0.3333333333333333,0.1,0.2,0.0,,,0.2027972027972028
281,202301020709,6,2,3,25,0,1,0,5,0,0,0,0,1,0,0,3,0,0,0,2,0,0,0,0,0,0,0,1,0,0,0,0,0,0,0,0,0.0,0.0,30.0,5.0,35.3,0.5,0.8571428571428571,0.0,0.0,80.0,2.0,35.0,0.1,0.07692307692307693,0.0,0.0,80.0,11.0,34.1,0.6,0.875,3.0,-10.0,0.0,0.27450980392156865,0.49019607843137253,7,14,8.6,5.0,1428,1170,1263,0.0,0.0,50.0,3.0,36.6,0.2,0.6153846153846154,0.0,0.0,70.0,7.0,34.2,0.7,0.3125,0.5,0.4,58.0,7.0,16.0,14.0,460.0,-0.07142857142857142,0.15384615384615385,0.0,0.0,0.0,0.05999999999999872,0.0,0.14689999999999515,-0.816200000000002,-1.0531000000000006,-0.3323999999999998,-0.9530999999999992,0.31125900794639566,0.9046546302318907,0.0,5.0,0.4,0.058823529411764705,0.29411764705882354,1.0,1.0,0.011098654708520173,-0.15942028985507248
282,202301020709,3,2,5,24,2,0,1,5,0,0,0,0,1,0,1,2,1,0,1,4,0,0,0,0,0,0,0,0,0,0,0,0,0,0,0,0,0.0,0.0,10.0,6.0,36.5,0.4,0.2727272727272727,0.0,0.0,10.0,4.0,34.8,0.2,0.38461538461538464,0.0,0.0,40.0,1.0,34.8,0.0,0.3333333333333333,-2.5,2.0,0.0,0.2,0.4,5,9,5.2,2.0,1503,1366,1263,0.0,0.0,30.0,4.0,34.9,0.6,0.9090909090909091,0.0,0.0,10.0,1.0,36.0,0.0,0.125,-1.0,0.4,56.0,27.0,16.0,11.0,472.0,0.0,-0.07692307692307693,0.0,0.0,0.0,0.08999999999999986,0.0,0.40520000000000067,-1.0162000000000049,-0.35310000000000485,-0.9162000000000035,-1.4177000000000035,0.26666659025705136,0.7127411872482196,0.0,4.0,0.25,0.1111111111111111,0.2777777777777778,2.0,0.0,-0.047619047619047616,0.16720779220779222
283,202301020709,0,0,1,3,2,0,2,12,0,0,0,0,0,0,0,1,1,0,0,5,0,0,0,0,0,0,0,0,0,0,0,0,0,0,0,0,0.0,0.0,60.0,2.0,35.7,0.1,0.7857142857142857,0.0,0.0,40.0,2.0,34.7,0.2,0.4666666666666667,0.0,0.0,50.0,6.0,33.7,0.4,0.7857142857142857,2.0,0.0,0.0,0.0,0.25,8,15,4.5,1.0,1089,1294,1428,0.0,0.0,30.0,1.0,34.6,0.0,0.3888888888888889,0.0,0.0,20.0,3.0,35.5,0.0,0.3333333333333333,0.1,0.8,56.0,13.0,16.0,14.0,458.0,-0.5,0.0,0.0,-0.05555555555555555,0.05555555555555555,0.05000000000000071,0.0,-0.11619999999999919,-0.45309999999999917,-1.406499999999994,-1.2162000000000006,-0.5947999999999993,0.1954210009156933,0.7144228439796697,0.0,4.0,1.0,0.0,0.21428571428571427,2.0,1.0,,-0.05666666666666664
284,202301020709,0,1,0,9,3,1,0,15,0,0,0,0,0,0,0,1,1,1,0,5,0,0,0,0,0,0,0,0,0,0,0,0,0,0,0,0,0.0,0.0,80.0,3.0,35.5,0.0,0.5,0.0,0.0,80.0,7.0,36.2,0.6,0.8181818181818182,0.0,0.0,40.0,6.0,34.2,0.6,0.5384615384615384,1.5,-2.0,0.0,0.05357142857142857,0.19642857142857142,6,12,23.7,11.0,1736,1235,1482,0.0,0.0,30.0,2.0,34.7,0.1,0.375,0.0,0.0,80.0,4.0,32.9,0.5,1.0,-0.3,0.4,58.0,7.0,16.0,14.0,508.0,-0.07142857142857142,-0.09090909090909091,0.0,0.0,-0.0625,0.6700000000000003,0.0,0.346899999999998,0.10520000000000351,-0.9530999999999992,-0.45309999999999917,-2.2531000000000034,0.22859726993043658,1.129601699715436,0.0,5.0,0.4,0.0,0.25,0.0,,-0.12077922077922076,-0.026666666666666644
285,202301020709,0,1,0,3,0,0,1,11,0,0,0,1,0,0,0,3,0,0,0,4,0,0,0,1,0,0,0,0,0,0,0,0,0,0,0,0,0.0,0.0,9.0,10.0,36.5,1.9,0.2,0.0,0.0,7.0,12.0,36.7,2.1,0.5714285714285714,0.0,0.0,14.0,7.0,36.3,0.3,0.0625,-1.5,0.0,0.0,0.0,0.037037037037037035,1,2,55.3,14.0,1629,1599,1428,0.0,0.0,10.0,12.0,38.3,2.1,0.14285714285714285,0.0,0.0,3.0,5.0,36.2,0.5,0.09090909090909091,-1.0,0.0,56.0,-175.0,16.0,10.0,488.0,0.0,0.0,0.0,0.14285714285714285,0.0,-0.1,0.0,1.346899999999998,0.2589000000000041,0.9345999999999961,2.934599999999996,-0.24109999999999587,0.18499462095538174,0.7694153624668525,0.0,3.0,0.0,0.1111111111111111,0.2777777777777778,0.0,,,-0.053571428571428575
286,202301020709,4,6,3,20,0,0,0,7,0,0,0,1,1,5,2,12,0,0,0,3,0,0,0,0,0,1,0,1,0,0,0,0,0,0,0,0,0.0,0.0,130.0,12.0,35.3,0.8,0.5714285714285714,0.0,0.0,120.0,9.0,34.6,0.5,0.6666666666666666,0.0,0.0,120.0,8.0,34.6,0.7,0.5333333333333333,-2.0,10.0,0.0,0.07692307692307693,0.28846153846153844,8,16,18.9,9.0,1716,1393,1167,0.0,0.0,120.0,9.0,35.0,0.5,0.625,0.0,0.0,100.0,12.0,34.9,0.7,0.25,0.0,0.0,56.0,-357.0,16.0,14.0,452.0,0.14285714285714285,-0.08333333333333333,0.0,0.0625,0.0,0.039999999999999855,0.0,0.14689999999999515,-0.5531000000000006,-0.5531000000000006,-0.153100000000002,-0.25310000000000343,0.14685207822778196,0.26381811916545683,0.0,5.0,0.0,0.3076923076923077,0.38461538461538464,0.0,,0.015186378278877144,-0.30952380952380953
287,202301020709,0,1,0,3,0,0,0,0,0,0,0,0,0,1,0,1,0,0,0,0,0,0,0,0,0,0,0,0,0,0,0,0,0,0,0,0,0.0,0.0,70.0,5.0,34.4,0.3,0.9090909090909091,0.0,0.0,60.0,8.0,32.9,0.3,1.0,0.0,0.0,40.0,11.0,34.2,1.3,0.9166666666666666,3.0,-12.0,-300.0,0.1509433962264151,0.4339622641509434,6,11,7.8,4.0,1601,1620,239,0.0,0.0,60.0,14.0,33.7,1.3,1.0,0.0,0.0,40.0,5.0,33.1,0.6,0.9375,0.6,0.0,58.0,21.0,16.0,11.0,462.0,0.09090909090909091,0.0,0.0,0.0,-0.0625,0.179999999999999,0.0,-1.5225000000000009,-2.2064999999999984,-1.362099999999998,-1.4530999999999992,-2.0531000000000006,0.03976370749094156,0.5885575587824867,0.0,2.0,0.0,0.05,0.2,0.0,,0.0248447204968944,
288,202301020709,0,0,0,2,0,0,0,2,0,0,0,0,0,0,0,1,0,0,0,2,0,0,0,0,0,0,0,0,0,0,0,0,0,0,0,0,0.0,0.0,2.0,1.0,37.1,0.0,0.5625,0.0,0.0,6.0,2.0,35.9,0.2,0.6428571428571429,0.0,0.0,7.0,5.0,35.5,1.0,1.0,2.0,-8.0,0.0,0.0,0.15384615384615385,2,3,9.8,6.0,1432,1150,1428,0.0,0.0,7.0,6.0,36.1,0.5,0.875,0.0,0.0,6.0,10.0,34.7,0.5,0.9375,2.2,0.4,58.0,-92.0,16.0,16.0,486.0,-0.1875,-0.14285714285714285,-0.125,-0.1875,0.0625,0.4599999999999994,0.0,-0.8110999999999962,-2.011099999999999,-2.4110999999999976,-1.8110999999999962,-0.6653999999999982,0.17062684550844648,0.7838367176906167,0.0,1.0,0.0,0.0,0.25,0.0,,,
289,202301020709,0,0,0,3,0,1,0,22,0,0,0,0,0,0,0,0,0,1,0,10,0,0,0,0,0,0,0,0,0,0,0,0,0,0,0,0,0.0,0.0,12.0,14.0,34.2,1.7,0.7142857142857143,0.0,0.0,9.0,14.0,34.5,0.6,0.5,0.0,0.0,6.0,12.0,34.4,1.0,0.75,-1.0,0.0,0.0,0.05405405405405406,0.21621621621621623,7,13,13.3,7.0,1045,1183,969,0.0,0.0,7.0,11.0,35.9,0.7,0.4375,0.0,0.0,5.0,3.0,35.9,0.2,0.5714285714285714,-2.5,0.2,54.0,-274.0,16.0,14.0,450.0,0.14285714285714285,0.0,0.0625,-0.0625,-0.07142857142857142,-0.479999999999999,0.0,-0.9530999999999992,-0.653100000000002,-0.7531000000000034,0.5345999999999975,0.5345999999999975,0.12053240736204432,0.7573638491504585,-2.0,5.0,0.2,0.0,0.16666666666666666,0.0,,,-0.2124271844660194
290,202301020709,0,0,0,6,0,0,2,9,0,0,0,0,0,0,0,2,0,0,1,2,0,0,0,0,0,0,0,0,0,0,0,0,0,0,0,0,0.0,0.0,90.0,7.0,42.5,2.8,1.0,0.0,0.0,160.0,12.0,35.5,0.8,0.75,0.0,0.0,110.0,11.0,35.1,0.8,0.7692307692307693,2.0,-12.0,-400.0,0.1111111111111111,0.2222222222222222,3,6,174.6,16.0,1396,1558,1556,0.0,0.0,110.0,12.0,34.8,0.8,0.9230769230769231,0.0,0.0,120.0,7.0,34.7,0.5,0.5625,0.0,0.0,58.0,-330.0,16.0,10.0,482.0,-0.1,-0.0625,-0.15384615384615385,0.07692307692307693,0.0625,1.6299999999999997,0.0,4.427399999999999,0.13459999999999894,-0.26539999999999964,-0.35310000000000485,-0.45309999999999917,0.1516550703241721,3.0029319006597532,2.0,4.0,0.0,0.0,0.0,0.0,,-0.1,0.05836139169472504
291,202301020709,0,0,0,1,0,0,0,0,0,0,0,0,0,0,0,1,0,0,0,0,0,0,0,0,0,0,0,0,0,0,0,0,0,0,0,0,0.0,0.0,130.0,4.0,36.5,0.6,0.42857142857142855,0.0,0.0,70.0,7.0,34.9,0.4,0.2222222222222222,0.0,0.0,140.0,13.0,40.3,2.2,0.21428571428571427,4.5,4.0,0.0,0.0,0.1111111111111111,5,10,45.6,13.0,1581,1431,1167,0.0,0.0,50.0,13.0,41.9,4.4,0.06666666666666667,0.0,0.0,100.0,15.0,39.8,1.8,0.0625,2.8000000000000003,0.0,56.0,13.0,16.0,14.0,474.0,-0.14285714285714285,0.0,-0.07142857142857142,0.0,0.0,-1.3599999999999994,0.0,0.683799999999998,-0.25310000000000343,1.0235999999999947,2.816200000000002,0.11089999999999378,0.13388070279168302,2.5802325476592216,0.0,2.0,0.0,0.1111111111111111,0.2222222222222222,1.0,0.0,,
292,202301020709,2,1,2,7,0,0,2,9,0,0,0,1,1,0,2,3,0,0,1,2,0,0,0,1,0,0,0,0,0,0,0,0,0,0,0,0,0.0,0.0,100.0,5.0,35.9,0.4,0.9090909090909091,0.0,0.0,130.0,11.0,35.1,1.1,0.9375,0.0,0.0,130.0,8.0,36.3,0.5,1.0,1.5,-12.0,0.0,0.15,0.275,2,4,74.8,15.0,1455,1558,1428,0.0,0.0,140.0,13.0,33.5,0.9,0.875,0.0,0.0,140.0,16.0,42.1,5.8,0.125,2.4,0.0,58.0,27.0,16.0,11.0,414.0,-0.09090909090909091,0.0,0.0,0.0,0.0,-1.0800000000000005,0.0,-0.19480000000000075,-0.9947999999999979,-0.6324000000000041,-1.653100000000002,3.8205000000000027,0.3247615145338407,2.9219171788399483,0.0,4.0,0.0,0.0,0.2,0.0,,0.18857142857142856,0.05836139169472504
293,202301020709,0,0,0,0,2,0,2,12,0,0,0,0,0,0,0,0,1,0,0,5,0,0,0,0,0,0,0,0,0,0,0,0,0,0,0,0,0.0,0.0,10.0,15.0,34.6,1.3,0.3125,0.0,0.0,12.0,15.0,36.5,0.9,0.25,0.0,0.0,4.0,15.0,35.7,1.3,0.26666666666666666,0.0,6.0,0.0,0.11764705882352941,0.29411764705882354,1,1,31.7,12.0,1540,1294,1036,0.0,0.0,10.0,14.0,38.8,2.9,0.07142857142857142,0.0,0.0,7.0,8.0,35.9,1.5,0.4,-1.5,0.0,56.0,-50.0,16.0,16.0,460.0,0.0625,0.0,0.06666666666666667,0.0,0.1,-0.48999999999999916,0.0,-0.5531000000000006,1.134599999999999,0.5469000000000008,2.4383999999999943,0.7468999999999966,0.10775881147844553,1.3928388277184103,-1.0,4.0,0.0,0.0,0.15384615384615385,0.0,,,-0.05666666666666664
294,202301020709,1,1,0,7,3,1,0,15,1,0,0,2,0,1,0,1,1,1,0,5,0,0,0,1,0,0,0,0,0,0,0,0,0,0,0,0,0.0,0.0,13.0,15.0,36.2,1.6,0.13333333333333333,0.0,0.0,9.0,7.0,35.2,0.7,0.21428571428571427,0.0,0.0,9.0,6.0,36.0,0.9,0.1,-4.5,12.0,-200.0,0.0,0.2,3,5,23.2,10.0,1561,1235,1263,0.0,0.0,10.0,4.0,35.5,0.9,0.3,0.0,0.0,11.0,15.0,35.4,1.6,0.625,-0.3,0.0,58.0,-420.0,16.0,15.0,514.0,0.0,0.0,0.0,0.0,0.0,0.13000000000000114,0.0,1.093500000000006,-0.7224999999999966,0.9253,0.4253,0.24689999999999657,0.18841684380510798,0.3773592452822645,0.0,1.0,0.0,0.0,0.09090909090909091,0.0,,0.005347593582887694,-0.026666666666666644
295,202301020804,2,4,7,57,2,7,5,70,0,0,0,5,1,0,0,15,2,2,3,25,0,0,0,0,0,0,0,6,2,0,0,3,0,0,0,0,0.0,0.0,30.0,2.0,36.0,0.7,0.08333333333333333,0.0,0.0,20.0,9.0,35.8,1.9,1.0,0.0,0.0,30.0,2.0,36.6,0.2,0.16666666666666666,0.0,-4.0,200.0,0.1111111111111111,0.1111111111111111,1,2,5.6,2.0,1090,1556,1169,0.0,0.0,40.0,2.0,36.5,0.3,0.18181818181818182,0.0,0.0,40.0,4.0,36.2,0.6,0.125,-0.3,0.6,50.0,7.0,16.0,12.0,446.0,0.0,-0.16666666666666666,0.0,0.09090909090909091,0.0625,-0.11000000000000085,0.0,-0.4410999999999987,-0.6411000000000016,0.1589000000000027,0.058900000000001285,0.3838000000000008,0.34602557801814526,0.29933259094191644,-1.0,1.0,0.0,0.2,0.2,0.0,,0.08701298701298699,0.12745098039215688
296,202301020804,0,0,1,4,0,3,1,8,0,0,0,0,0,0,0,0,0,1,0,3,0,0,0,0,0,0,0,0,0,0,0,3,0,0,0,0,0.0,0.0,8.0,7.0,39.6,1.7,0.625,0.0,0.0,1.0,2.0,35.2,0.1,0.8125,0.0,0.0,2.0,3.0,36.0,0.2,0.35714285714285715,-2.0,-1.0,-200.0,0.0,0.125,6,11,3.7,1.0,1248,1292,1428,0.0,0.0,5.0,3.0,35.5,0.2,0.14285714285714285,0.0,0.0,4.0,4.0,34.7,0.7,0.3888888888888889,-0.5,0.6,54.0,-145.0,16.0,8.0,449.0,0.375,-0.25,-0.07142857142857142,0.07142857142857142,0.05555555555555555,0.95,0.0,1.3205000000000027,0.04690000000000083,0.07750000000000057,-0.42249999999999943,-0.5633999999999943,0.2313257223507875,1.751570723664905,0.0,1.0,1.0,0.10526315789473684,0.2631578947368421,1.0,1.0,,-0.20833333333333331
297,202301020804,9,6,7,81,0,1,2,11,0,0,0,0,7,2,3,40,0,1,1,7,0,0,0,0,3,0,0,7,0,1,0,0,0,0,0,0,0.0,0.0,80.0,2.0,35.3,0.1,0.8571428571428571,0.0,0.0,50.0,9.0,35.8,1.1,0.3076923076923077,0.0,0.0,60.0,6.0,33.9,0.6,0.5,2.0,14.0,-300.0,0.1326530612244898,0.29591836734693877,2,4,5.6,3.0,1393,1507,1263,0.0,0.0,60.0,3.0,34.4,0.4,0.3333333333333333,0.0,0.0,20.0,5.0,36.9,0.7,0.25,0.0,0.4,56.0,8.0,16.0,14.0,452.0,-0.35714285714285715,0.07692307692307693,0.0625,0.0,0.0,-0.18000000000000044,0.0,-0.6225000000000023,0.6468999999999951,-1.2064999999999984,-1.1621000000000024,0.5383999999999958,0.22005782223938739,1.0556514576317315,0.0,1.0,0.0,0.0625,0.3125,1.0,0.0,-0.08859223300970873,
298,202301020804,4,7,7,50,12,13,12,118,0,1,0,3,2,4,5,36,0,1,2,20,0,1,0,3,2,0,0,9,0,0,1,8,0,0,0,2,0.0,0.0,150.0,14.0,38.3,2.1,0.25,0.0,0.0,16.0,11.0,37.2,1.9,0.6875,0.0,0.0,13.0,13.0,37.8,2.1,0.8,-0.5,0.0,0.0,0.09090909090909091,0.22727272727272727,8,15,12.2,7.0,1172,1167,1556,0.0,0.0,15.0,7.0,36.7,0.8,0.6875,0.0,0.0,14.0,10.0,34.6,1.0,0.5333333333333333,-1.2,0.0,53.0,-455.0,16.0,16.0,450.0,0.0,-0.25,-0.06666666666666667,-0.0625,-0.06666666666666667,0.7899999999999991,0.0,0.3888999999999996,-1.079499999999996,0.38229999999999364,-1.2110999999999947,-0.5531000000000006,0.19074051600130593,1.2796874618437097,1.0,1.0,0.0,0.3333333333333333,0.3333333333333333,1.0,0.0,-0.09803921568627452,0.08629032258064517
299,202301020804,0,0,0,3,0,5,0,18,0,0,0,0,0,0,0,1,0,0,0,0,0,0,0,0,0,0,0,1,0,0,0,0,0,0,0,0,0.0,0.0,8.0,5.0,35.8,0.7,0.8125,0.0,0.0,10.0,8.0,34.4,0.7,0.5,0.0,0.0,2.0,7.0,34.2,1.5,0.6875,1.0,6.0,0.0,0.125,0.4107142857142857,4,8,19.1,8.0,1676,749,1428,0.0,0.0,9.0,8.0,36.4,1.3,0.2777777777777778,0.0,0.0,4.0,4.0,35.9,1.0,0.1111111111111111,-0.2,0.0,54.0,0.0,16.0,16.0,448.0,0.125,0.0,0.0,0.0,0.0,-0.22000000000000028,0.0,0.6468999999999951,-0.7531000000000034,-0.9530999999999992,1.1366000000000014,-0.19480000000000075,0.2572783116192067,0.8754427451295703,0.0,4.0,0.0,0.11764705882352941,0.29411764705882354,3.0,0.0,,0.11594202898550723
300,202301020804,0,1,0,3,4,5,5,69,0,0,0,0,0,1,0,3,3,0,1,16,0,0,0,0,0,0,0,1,1,0,0,7,0,0,0,0,0.0,0.0,1.0,10.0,43.1,4.9,0.3,0.0,0.0,8.0,10.0,42.0,6.4,0.6,0.0,0.0,9.0,9.0,37.9,1.7,0.3333333333333333,-0.5,9.0,-300.0,0.10810810810810811,0.2702702702702703,5,10,87.0,13.0,1699,1405,1313,0.0,0.0,12.0,8.0,37.2,1.1,0.8333333333333334,0.0,0.0,14.0,13.0,39.6,2.8,0.625,0.4,0.0,54.0,-413.0,16.0,10.0,459.0,0.7,0.3,0.0,-0.16666666666666666,0.0,1.1799999999999997,0.0,,2.3740999999999985,1.7342000000000013,1.7408000000000001,1.3205000000000027,0.19857828011475306,2.2808770243044667,0.0,0.0,,0.0,0.0,0.0,,,0.005238344683080154
301,202301020804,6,10,5,53,2,5,2,27,0,2,0,6,3,1,1,19,0,0,0,13,0,0,0,5,1,1,0,6,0,0,0,4,0,0,0,0,0.0,0.0,4.0,7.0,36.5,1.1,0.4375,0.0,0.0,5.0,5.0,35.0,0.6,0.4375,0.0,0.0,7.0,5.0,35.1,0.3,0.4375,-1.0,-2.0,0.0,0.13953488372093023,0.37209302325581395,3,6,6.9,4.0,1317,1713,1186,0.0,0.0,4.0,2.0,35.7,0.1,0.4375,0.0,0.0,1.0,7.0,36.6,0.8,0.25,-0.3,0.2,54.0,0.0,16.0,16.0,438.0,-0.125,0.0,0.0,0.0,0.0,-0.09000000000000057,0.0,1.346899999999998,-0.153100000000002,-0.26539999999999964,0.3346000000000018,1.4468999999999994,0.075,0.6734983296193094,0.0,5.0,0.2,0.09090909090909091,0.2727272727272727,3.0,0.0,0.0019305019305019266,0.022727272727272707
302,202301020804,0,1,1,11,3,0,5,24,0,0,0,0,0,1,0,8,0,0,0,7,0,0,0,0,0,1,0,1,0,0,0,2,0,0,0,0,0.0,0.0,10.0,10.0,46.5,7.8,0.4,0.0,0.0,12.0,8.0,36.9,1.1,0.3125,0.0,0.0,11.0,7.0,35.8,0.8,0.07692307692307693,-1.5,34.0,-400.0,0.0,0.0,8,16,39.0,12.0,1426,1376,306,0.0,0.0,6.0,15.0,39.1,2.8,0.5,0.0,0.0,5.0,9.0,38.7,0.9,0.375,0.5,0.0,53.0,-291.0,16.0,10.0,474.0,0.6,0.0,0.0,0.125,0.0,1.3399999999999992,0.0,8.427399999999999,1.7468999999999966,-0.12250000000000227,0.9462000000000046,0.7889000000000053,0.1415186022857045,3.74699879903904,-2.0,1.0,0.0,0.16666666666666666,0.16666666666666666,1.0,0.0,,-0.25
303,202301020804,17,4,7,73,2,0,1,10,1,0,0,1,3,0,0,19,1,0,0,3,0,0,0,0,1,0,0,10,1,0,0,1,0,0,0,0,0.0,0.0,9.0,11.0,41.7,2.9,1.0,0.0,0.0,11.0,9.0,36.6,1.4,0.6875,0.0,0.0,4.0,14.0,44.5,6.4,0.6428571428571429,1.5,-1.0,-300.0,0.0,0.0,2,3,35.1,11.0,1152,1039,1428,0.0,0.0,3.0,7.0,38.6,1.5,0.3333333333333333,0.0,0.0,2.0,3.0,38.3,0.5,0.35714285714285715,-1.8,0.2,54.0,-257.0,16.0,12.0,423.0,-0.08333333333333333,-0.125,0.0,0.0,-0.07142857142857142,0.48000000000000115,0.0,,1.4468999999999994,5.107399999999998,0.02240000000000464,-1.0926000000000045,0.24474349106203733,2.8118321429274546,1.0,1.0,0.0,0.0,0.625,1.0,0.0,-0.04995499549954999,0.10256410256410253
304,202301020804,0,0,3,8,0,0,0,0,0,0,0,0,0,0,2,7,0,0,0,0,0,0,0,0,0,0,2,4,0,0,0,0,0,0,0,0,0.0,0.0,1.0,3.0,37.7,0.6,0.2727272727272727,0.0,0.0,14.0,10.0,37.1,1.7,0.4375,0.0,0.0,11.0,3.0,35.6,0.5,0.25,0.0,23.0,-100.0,0.06779661016949153,0.22033898305084745,5,9,126.0,14.0,1020,1321,1576,0.0,0.0,10.0,13.0,37.0,2.4,0.6153846153846154,0.0,0.0,10.0,5.0,36.3,0.7,0.5833333333333334,0.7,0.4,54.0,-296.0,16.0,11.0,475.0,-0.18181818181818182,0.125,0.0,0.23076923076923078,-0.08333333333333333,0.29000000000000126,0.0,0.8719000000000037,1.9468999999999994,-0.8410999999999973,1.0775000000000006,-0.14110000000000156,0.1516927975079066,0.7227724399837068,0.0,1.0,0.0,0.0,0.2777777777777778,1.0,0.0,,
305,202301020804,16,21,16,106,0,0,0,0,0,0,0,0,2,6,2,12,0,0,0,0,0,0,0,0,0,1,0,0,0,0,0,0,0,0,0,0,0.0,0.0,5.0,11.0,37.9,1.7,0.125,0.0,0.0,2.0,5.0,36.1,1.0,0.25,0.0,0.0,3.0,3.0,35.2,0.2,0.2727272727272727,-4.0,-4.0,0.0,0.15789473684210525,0.3157894736842105,7,13,10.1,5.0,1503,908,1263,0.0,0.0,2.0,6.0,40.5,2.8,0.23076923076923078,0.0,0.0,1.0,2.0,39.1,0.2,0.125,-1.7,0.4,54.0,0.0,16.0,16.0,538.0,0.0625,0.0,0.0,0.15384615384615385,0.0,-0.6800000000000004,0.0,2.7468999999999966,-0.3410999999999973,-1.0741999999999976,1.2905999999999977,1.0274,0.06321954864302191,1.9303885619221839,0.0,1.0,0.0,0.42857142857142855,0.5714285714285714,1.0,0.0,-0.047619047619047616,
306,202301020804,0,2,0,9,3,0,2,10,0,0,0,0,0,1,0,6,1,0,0,5,0,0,0,0,0,0,0,1,0,0,0,3,0,0,0,0,0.0,0.0,16.0,12.0,36.6,1.8,1.0,0.0,0.0,11.0,14.0,34.8,1.5,0.875,0.0,0.0,10.0,12.0,38.2,1.4,0.4375,0.0,-2.0,0.0,0.0,0.0,6,12,261.1,16.0,1534,1110,1235,0.0,0.0,9.0,7.0,37.8,1.4,0.6428571428571429,0.0,0.0,9.0,5.0,36.6,1.1,0.1875,-2.1,0.0,53.0,0.0,16.0,16.0,484.0,-0.25,0.0,-0.0625,-0.14285714285714285,0.0625,-0.3,0.0,1.4468999999999994,-0.35310000000000485,0.37890000000000157,-0.11110000000000042,-1.2210999999999999,0.29323799277747636,1.1865917579353071,0.0,2.0,0.0,0.0,0.0,2.0,0.0,,
307,202301020804,0,0,0,10,1,0,3,12,0,0,0,0,0,0,0,1,0,0,1,3,0,0,0,0,0,0,0,0,0,0,0,0,0,0,0,0,0.0,0.0,6.0,13.0,37.6,1.8,0.3125,0.0,0.0,9.0,10.0,35.9,0.6,0.1875,,,,,,,,-3.0,-12.0,0.0,0.0,0.0,3,5,10.3,6.0,1154,1708,1561,,,,,,,,,,,,,,,-3.0,0.0,56.0,0.0,16.0,16.0,500.0,0.0,0.0,,,,1.7000000000000028,0.0,2.4468999999999994,0.7468999999999966,,,,0.0625,0.8500000000000014,0.0,2.0,0.0,0.2857142857142857,0.35714285714285715,2.0,0.0,0.5555555555555556,-0.08333333333333334
308,202301020804,2,3,1,30,4,5,6,61,0,0,0,1,1,2,0,7,2,1,1,7,0,0,0,0,1,2,0,3,1,0,0,3,0,0,0,0,0.0,0.0,11.0,10.0,42.1,2.6,0.45454545454545453,0.0,0.0,9.0,14.0,37.1,1.9,0.6875,0.0,0.0,5.0,6.0,38.6,1.5,0.2857142857142857,-2.0,4.0,-300.0,0.0,0.0,4,7,22.8,9.0,1677,1306,1167,0.0,0.0,7.0,2.0,37.8,0.2,0.3333333333333333,0.0,0.0,5.0,6.0,38.2,0.6,0.75,-2.0,0.2,54.0,-290.0,16.0,11.0,442.0,0.36363636363636365,0.0625,0.21428571428571427,-0.08333333333333333,0.0,0.7100000000000002,0.0,,1.9468999999999994,-0.6094000000000008,-1.409400000000005,-1.0093999999999994,0.18622239369680954,1.7419529270333343,0.0,1.0,0.0,0.0,0.0,1.0,0.0,0.11904761904761904,0.15977443609022557
309,202301020804,2,4,3,10,0,1,0,1,0,0,0,0,1,0,2,3,0,0,0,1,0,0,0,0,1,0,1,2,0,0,0,1,0,0,0,0,0.0,0.0,9.0,10.0,42.6,3.6,0.5,0.0,0.0,10.0,15.0,38.4,2.2,0.125,0.0,0.0,14.0,4.0,35.6,0.5,0.1875,-3.0,1.0,0.0,0.03571428571428571,0.10714285714285714,1,1,34.6,10.0,1289,1553,1428,0.0,0.0,6.0,8.0,35.7,0.5,0.125,0.0,0.0,5.0,9.0,36.9,1.6,0.125,-0.9,0.0,52.0,-86.0,16.0,12.0,387.0,0.0,0.0625,-0.0625,0.0,0.0,1.4100000000000001,0.0,4.688900000000004,3.2468999999999966,0.4468999999999994,0.5469000000000008,1.7468999999999966,0.1457737973711325,2.586580754587028,-2.0,4.0,0.0,0.0,0.13333333333333333,4.0,0.0,-0.07368421052631574,
310,202301020804,8,6,6,68,1,0,0,4,0,0,0,0,0,1,0,13,0,0,0,3,0,0,0,0,0,1,0,8,0,0,0,3,0,0,0,0,0.0,0.0,15.0,16.0,39.8,4.3,0.4375,0.0,0.0,10.0,14.0,45.0,10.3,0.35714285714285715,0.0,0.0,6.0,12.0,36.3,1.1,0.3125,-2.0,2.0,0.0,0.05263157894736842,0.21052631578947367,7,14,158.6,15.0,1098,1561,1294,0.0,0.0,7.0,15.0,35.9,1.0,0.5555555555555556,0.0,0.0,5.0,6.0,36.6,0.7,0.05555555555555555,-1.9,0.0,54.0,0.0,16.0,16.0,444.0,0.5625,0.6428571428571429,-0.1875,0.1111111111111111,0.0,1.5499999999999994,0.0,4.646899999999995,6.422400000000003,1.1468999999999951,0.5345999999999975,1.4935000000000045,0.16604973687771377,3.4324335390506837,0.0,3.0,0.0,0.2,0.2,2.0,0.0,0.22727272727272727,
311,202301020806,1,2,2,4,0,2,0,3,0,1,0,2,0,1,0,0,0,0,0,0,0,0,0,0,0,0,0,0,0,0,0,0,0,0,0,0,0.0,0.0,100.0,5.0,37.4,0.7,0.5,0.0,0.0,120.0,5.0,35.8,0.3,0.2857142857142857,0.0,0.0,100.0,10.0,33.4,0.9,0.8461538461538461,2.5,2.0,-300.0,0.05263157894736842,0.19298245614035087,6,12,42.0,13.0,1731,237,1428,0.0,0.0,70.0,7.0,34.6,1.2,1.0,0.0,0.0,130.0,5.0,33.9,0.4,0.9230769230769231,0.2,0.0,56.0,7.0,16.0,14.0,436.0,-0.07142857142857142,-0.14285714285714285,0.0,-0.7142857142857143,0.0,0.8199999999999996,0.0,-1.832100000000004,-0.12250000000000227,-1.7064999999999984,-1.316600000000001,-1.1747000000000014,0.27281976526772067,1.4372195378577342,4.0,0.0,,0.047619047619047616,0.19047619047619047,0.0,,,
312,202301020806,1,0,0,2,0,2,0,7,0,0,0,0,1,0,0,0,0,0,0,6,0,0,0,0,0,0,0,0,0,0,0,0,0,0,0,0,0.0,0.0,10.0,3.0,34.6,0.3,0.625,0.0,0.0,30.0,2.0,34.5,0.1,0.8461538461538461,0.0,0.0,10.0,9.0,39.1,2.4,0.2857142857142857,3.0,0.0,0.0,0.13793103448275862,0.367816091954023,4,8,2.7,1.0,1381,1728,548,0.0,0.0,140.0,3.0,35.4,0.5,0.6428571428571429,0.0,0.0,50.0,1.0,37.7,0.0,0.125,-0.3,0.8,56.0,22.0,16.0,16.0,514.0,0.0625,-0.07692307692307693,-0.07142857142857142,0.07142857142857142,0.0,-0.7100000000000002,0.0,-0.5531000000000006,-0.653100000000002,0.9662000000000006,-0.9616000000000042,-0.21109999999999474,0.26163973244799704,1.8293168123646606,0.0,2.0,1.0,0.07692307692307693,0.3076923076923077,2.0,1.0,,
313,202301020806,17,4,7,73,0,0,1,1,0,0,0,1,3,0,0,19,0,0,0,0,0,0,0,0,1,0,0,4,0,0,0,0,0,0,0,0,0.0,0.0,12.0,12.0,33.6,1.1,0.9375,0.0,0.0,9.0,3.0,35.3,0.7,0.75,0.0,0.0,13.0,5.0,35.7,0.3,0.875,-3.5,-6.0,0.0,0.12280701754385964,0.40350877192982454,7,14,26.0,9.0,1152,187,1428,0.0,0.0,8.0,6.0,35.5,0.7,1.0,0.0,0.0,10.0,6.0,33.3,0.4,0.8571428571428571,-0.9,0.2,56.0,-14.0,16.0,16.0,480.0,-0.125,0.125,0.0625,0.0,0.0,0.04000000000000057,0.0,-1.5531000000000006,0.14689999999999515,-0.3947999999999965,-0.5947999999999993,-1.8531000000000049,0.08375742428256125,1.0166612021711074,0.0,5.0,0.2,0.2857142857142857,0.2857142857142857,3.0,0.3333333333333333,-0.04995499549954999,
314,202301020806,2,2,2,9,0,0,0,0,0,0,0,0,1,1,1,0,0,0,0,0,0,0,0,0,1,0,0,0,0,0,0,0,0,0,0,0,0.0,0.0,30.0,7.0,33.7,0.3,0.8181818181818182,0.0,0.0,30.0,3.0,34.6,0.3,0.75,0.0,0.0,20.0,4.0,34.1,0.1,0.5454545454545454,-1.5,-4.0,0.0,0.0,0.2222222222222222,5,9,12.6,5.0,1243,275,1428,0.0,0.0,20.0,2.0,35.5,0.2,0.5,0.0,0.0,30.0,2.0,34.3,0.1,0.38461538461538464,-1.1,0.6,55.0,56.0,16.0,11.0,496.0,0.0,-0.08333333333333333,0.0,0.0,-0.07692307692307693,-0.20999999999999872,0.0,-1.4530999999999992,-0.5531000000000006,-1.0531000000000006,0.346899999999998,-1.5162000000000049,0.1609151538322217,0.6053098380168616,0.0,5.0,0.6,0.16666666666666666,0.25,4.0,0.5,,
315,202301020806,0,2,0,9,0,0,0,1,0,0,0,1,0,1,0,6,0,0,0,1,0,0,0,1,0,0,0,1,0,0,0,1,0,0,0,1,0.0,0.0,70.0,4.0,36.5,0.2,0.1875,0.0,0.0,50.0,3.0,35.2,0.3,0.1875,0.0,0.0,30.0,8.0,35.3,0.7,0.0625,2.0,4.0,0.0,0.13131313131313133,0.30303030303030304,8,16,6.1,3.0,1534,1614,1235,0.0,0.0,30.0,6.0,37.6,0.8,0.13333333333333333,0.0,0.0,130.0,2.0,37.4,0.4,0.125,-0.1,0.4,56.0,7.0,16.0,16.0,468.0,0.0625,0.0,0.0,0.0,0.0,-0.4199999999999996,0.0,0.40520000000000067,0.04690000000000083,0.14689999999999515,0.18390000000000128,-0.4233000000000047,0.04644291597697591,1.0099504938362078,0.0,3.0,0.3333333333333333,0.0,0.09523809523809523,2.0,0.5,,
316,202301020806,7,6,6,57,1,1,1,0,0,0,0,0,2,0,1,11,0,0,1,0,0,0,0,0,1,0,0,0,0,0,1,0,0,0,0,0,0.0,0.0,40.0,2.0,34.7,0.2,0.4375,0.0,0.0,10.0,6.0,34.6,0.3,0.5,0.0,0.0,70.0,7.0,34.9,0.5,0.1875,2.5,-2.0,0.0,0.16363636363636364,0.43636363636363634,2,4,5.0,2.0,1304,715,1503,0.0,0.0,40.0,7.0,36.1,1.4,0.875,0.0,0.0,10.0,2.0,35.0,0.1,0.5454545454545454,0.1,0.4,56.0,22.0,16.0,16.0,436.0,0.125,0.0,0.0625,-0.125,0.0,-0.20999999999999944,0.0,-0.45309999999999917,-0.5531000000000006,-0.20649999999999835,0.6407999999999987,-0.10649999999999693,0.22083495763215727,0.5388877434122992,0.0,2.0,0.5,0.0,0.2727272727272727,2.0,0.5,0.08333333333333331,
317,202301020806,0,0,1,4,0,1,0,6,0,0,0,0,0,0,0,0,0,0,0,3,0,0,0,0,0,0,0,0,0,0,0,1,0,0,0,0,0.0,0.0,30.0,1.0,35.0,0.0,0.1875,0.0,0.0,10.0,5.0,36.5,0.3,0.125,0.0,0.0,20.0,2.0,36.0,0.4,0.375,0.5,-2.0,0.0,0.11764705882352941,0.17647058823529413,1,1,9.0,4.0,1248,1665,1428,0.0,0.0,20.0,3.0,34.7,0.1,0.1875,0.0,0.0,30.0,2.0,35.4,0.1,0.125,0.0,0.8,51.0,29.0,16.0,16.0,430.0,-0.0625,0.0,0.0625,0.0,0.0,0.1,0.0,-0.816200000000002,0.683799999999998,0.846899999999998,-0.45309999999999917,0.24689999999999657,0.09185586535436918,0.6554387843269568,0.0,5.0,0.8,0.18181818181818182,0.2727272727272727,3.0,1.0,,
318,202301020806,2,2,3,33,0,0,1,5,0,0,0,0,2,2,2,19,0,0,0,4,0,0,0,0,0,1,0,2,0,0,0,0,0,0,0,0,0.0,0.0,8.0,11.0,37.8,2.1,0.6666666666666666,0.0,0.0,14.0,11.0,33.3,1.2,0.5,0.0,0.0,12.0,14.0,36.2,2.1,0.35714285714285715,1.5,5.0,200.0,0.0,0.0,8,15,28.1,11.0,1036,1323,1108,0.0,0.0,13.0,15.0,35.7,1.4,0.4375,0.0,0.0,11.0,8.0,36.6,1.2,0.375,-0.2,0.0,53.0,-415.0,16.0,12.0,453.0,-0.4166666666666667,,0.07142857142857142,0.0625,-0.1875,-1.4210854715202005e-15,0.0,1.5257999999999967,-0.24340000000000117,1.0469000000000008,-0.6616,1.4468999999999994,0.11167656571008164,1.4824304368165142,-1.0,2.0,0.0,0.4,0.6,2.0,0.0,0.006818181818181834,
319,202301020806,2,4,3,10,5,3,3,45,0,0,1,2,1,0,2,3,1,1,2,18,0,0,0,0,0,0,0,0,0,0,0,0,0,0,0,0,0.0,0.0,140.0,9.0,35.8,1.6,1.0,0.0,0.0,,,,,,0.0,0.0,70.0,10.0,36.3,1.0,0.1875,1.0,,0.0,0.0,0.0,6,11,68.5,14.0,1289,1366,1428,0.0,0.0,50.0,2.0,34.7,0.0,0.25,0.0,0.0,30.0,16.0,36.0,1.2,0.05555555555555555,1.3,0.25,58.0,0.0,16.0,16.0,464.0,-0.0625,,-0.0625,-0.0625,0.0,0.09999999999999858,0.0,0.6468999999999951,,1.1468999999999951,-0.45309999999999917,0.7087000000000003,0.36859155808267613,0.6041522986797266,0.0,4.0,0.25,0.0,0.25,4.0,0.25,-0.07368421052631574,0.16720779220779222
320,202301020806,11,6,10,50,8,4,5,58,0,0,0,0,0,1,1,10,5,4,5,26,0,0,0,0,0,0,0,2,1,1,1,7,0,0,0,0,0.0,0.0,12.0,6.0,35.1,0.4,0.14285714285714285,0.0,0.0,12.0,10.0,38.4,2.1,0.3333333333333333,0.0,0.0,8.0,14.0,38.4,1.6,0.25,4.0,2.0,0.0,0.0,0.0,5,10,28.0,10.0,1463,1235,1167,0.0,0.0,9.0,12.0,38.6,1.3,0.0625,0.0,0.0,2.0,1.0,37.5,0.0,0.0625,-0.8,0.2,57.0,-391.0,16.0,14.0,504.0,0.0,0.0,0.0,0.0,0.0,-0.5,0.0,-0.05310000000000059,0.488900000000001,0.5766999999999953,0.7789000000000001,-0.32330000000000325,0.10670213589703188,1.3069047402163625,-1.0,1.0,0.0,0.16666666666666666,0.2777777777777778,1.0,0.0,-0.06493506493506496,-0.026666666666666644
321,202301020806,1,0,0,19,2,7,5,70,0,0,0,3,0,0,0,2,2,2,3,25,0,0,0,1,0,0,0,0,0,0,1,9,0,0,0,0,0.0,0.0,7.0,12.0,41.3,1.7,0.07142857142857142,0.0,0.0,16.0,11.0,36.3,1.9,0.875,0.0,0.0,12.0,12.0,35.8,0.9,0.42857142857142855,0.0,-20.0,-200.0,0.0,0.0,7,13,161.5,16.0,1642,1556,1124,0.0,0.0,7.0,6.0,34.5,0.3,0.2727272727272727,0.0,0.0,11.0,12.0,34.2,1.1,0.375,-0.5,0.0,55.0,-296.0,16.0,14.0,454.0,0.0,0.0625,0.0,0.0,0.3125,1.5999999999999985,0.0,3.6357,1.1468999999999951,-0.38880000000000337,-0.653100000000002,-0.9064999999999941,0.26499832132539847,2.562342678097524,-1.0,2.0,0.0,0.0,0.0,2.0,0.0,,0.12745098039215688
322,202301020806,15,11,20,145,5,8,3,30,0,0,0,1,0,0,1,15,4,2,1,8,0,0,0,0,0,0,0,6,1,0,0,1,0,0,0,0,0.0,0.0,30.0,5.0,36.2,0.7,0.15384615384615385,0.0,0.0,50.0,4.0,35.2,0.3,0.25,0.0,0.0,70.0,6.0,35.8,0.6,0.25,0.5,-2.0,0.0,0.047619047619047616,0.19047619047619047,2,3,18.9,7.0,1506,1036,199,0.0,0.0,60.0,7.0,34.7,0.9,0.5384615384615384,0.0,0.0,10.0,1.0,34.9,0.0,0.125,-0.5,0.2,56.0,49.0,16.0,13.0,456.0,0.0,-0.08333333333333333,-0.0625,0.0,0.0,0.31000000000000083,0.0,0.3838000000000008,0.04690000000000083,0.6468999999999951,-0.45309999999999917,-1.1948000000000008,0.14640666392826368,0.5607138307550473,1.0,5.0,0.2,0.1,0.2,3.0,0.0,0.009162303664921462,-0.19397993311036787
323,202301020806,0,0,1,4,3,0,2,10,0,0,0,0,0,0,0,0,0,0,2,1,0,0,0,0,0,0,0,0,0,0,0,0,0,0,0,0,0.0,0.0,40.0,5.0,35.4,0.3,0.14285714285714285,0.0,0.0,30.0,4.0,35.5,0.1,0.07142857142857142,0.0,0.0,60.0,4.0,35.0,0.3,0.6,-0.5,-4.0,-300.0,0.1111111111111111,0.2777777777777778,4,7,18.2,6.0,1248,197,1428,0.0,0.0,100.0,16.0,36.9,2.4,0.4375,0.0,0.0,30.0,1.0,35.9,0.0,0.1875,0.4,0.2,54.0,29.0,16.0,14.0,456.0,0.0,0.0,0.0,0.1875,0.0,-0.23999999999999985,0.0,-1.2968000000000046,-0.42249999999999943,-0.6499000000000024,1.8252999999999986,-0.4316999999999993,0.1988788729917006,0.6468384651518487,1.0,0.0,,0.3333333333333333,0.6666666666666666,0.0,,,-0.1333333333333333
324,202301020806,1,1,2,21,0,0,0,0,0,0,0,0,0,0,1,5,0,0,0,0,0,0,0,0,0,0,0,2,0,0,0,0,0,0,0,0,0.0,0.0,20.0,1.0,36.3,0.0,0.25,0.0,0.0,40.0,4.0,36.1,1.1,0.25,0.0,0.0,30.0,4.0,37.8,0.6,0.125,1.5,-4.0,200.0,0.2,0.2,3,6,73.1,15.0,1507,553,593,0.0,0.0,10.0,9.0,39.0,1.5,0.1875,0.0,0.0,40.0,2.0,35.9,0.2,0.0625,0.7,0.4,52.0,22.0,16.0,12.0,470.0,0.0,0.0,0.0,0.0,0.0,-0.21000000000000013,0.0,-0.14110000000000156,-0.3410999999999973,0.383899999999997,1.5838999999999999,-1.5161000000000016,0.07288689868556625,1.19565881421081,0.0,0.0,,0.0,0.0,0.0,,,
325,202301020806,8,6,6,68,2,7,5,70,0,2,0,4,0,1,0,13,2,2,3,25,0,0,0,0,0,0,0,2,0,0,1,9,0,0,0,0,0.0,0.0,7.0,15.0,40.1,3.1,0.26666666666666666,0.0,0.0,13.0,13.0,37.0,1.3,0.14285714285714285,0.0,0.0,7.0,11.0,36.6,1.6,0.21428571428571427,-2.0,-6.0,0.0,0.16666666666666666,0.3333333333333333,1,2,24.2,8.0,1098,1556,1294,0.0,0.0,7.0,13.0,37.3,1.1,0.125,0.0,0.0,9.0,3.0,34.6,0.1,0.125,-2.4,0.2,56.0,-398.0,16.0,15.0,434.0,0.13333333333333333,0.0,0.07142857142857142,0.0,0.125,1.0700000000000003,0.0,2.682299999999998,1.0775000000000006,0.677500000000002,2.1935000000000002,-0.5064999999999955,0.05653145132280023,1.7634057956125695,1.0,0.0,,0.0,0.0,0.0,,0.22727272727272727,0.12745098039215688
326,202301020806,2,2,2,9,0,0,1,11,0,0,0,0,1,1,1,0,0,0,0,2,0,0,0,0,1,0,0,0,0,0,0,1,0,0,0,0,0.0,0.0,40.0,5.0,35.6,0.2,0.21428571428571427,0.0,0.0,30.0,1.0,35.0,0.0,0.25,0.0,0.0,70.0,9.0,39.3,2.5,0.0625,2.0,-6.0,0.0,0.09523809523809523,0.23809523809523808,3,5,40.4,12.0,1243,239,1428,0.0,0.0,90.0,11.0,35.9,1.5,0.2222222222222222,0.0,0.0,30.0,13.0,40.1,4.1,0.7692307692307693,2.6,0.2,53.0,50.0,16.0,14.0,416.0,0.0,-0.0625,0.0,0.05555555555555555,0.15384615384615385,-0.9899999999999999,0.0,-0.21620000000000061,-0.153100000000002,1.4015999999999948,0.7935000000000016,2.2317000000000036,0.24183198969824252,2.0932271735289505,0.0,2.0,0.5,0.0,0.0,1.0,1.0,,
327,202301020809,0,0,0,3,0,0,0,2,0,0,0,0,0,0,0,1,0,0,0,0,0,0,0,0,0,0,0,0,0,0,0,0,0,0,0,0,0.0,0.0,30.0,5.0,37.6,0.6,0.2222222222222222,0.0,0.0,60.0,1.0,34.0,0.0,0.15384615384615385,,,,,,,,-4.0,-4.0,-300.0,0.14814814814814814,0.42592592592592593,4,6,6.1,2.0,1676,525,1428,,,,,,,,,,,,,,,-4.0,0.5,55.0,14.0,14.0,9.0,422.0,0.0,0.0,,,,3.6000000000000014,0.0,0.9031999999999982,-1.153100000000002,,,,0.03418803418803418,1.8000000000000007,0.0,1.0,1.0,0.1,0.25,1.0,1.0,,
328,202301020809,2,1,0,4,1,0,0,5,0,0,0,0,0,0,0,1,1,0,0,5,0,0,0,0,0,0,0,1,1,0,0,0,0,0,0,0,0.0,0.0,70.0,4.0,37.0,0.7,0.4666666666666667,0.0,0.0,60.0,1.0,36.4,0.0,0.4,0.0,0.0,30.0,6.0,34.6,1.0,0.5454545454545454,1.0,4.0,0.0,0.05,0.15,7,11,10.0,3.0,1246,1034,533,,,,,,,,,,,,,,,1.0,0.3333333333333333,55.0,50.0,14.0,15.0,428.0,-0.06666666666666667,-0.2,0.09090909090909091,,,1.1999999999999993,0.0,0.9052000000000007,0.5837999999999965,0.41839999999999833,,,0.059450258462877395,1.0198039027185561,0.0,2.0,0.5,0.0,0.0,0.0,,,
329,202301020809,0,0,0,1,0,0,0,1,0,0,0,0,0,0,0,0,0,0,0,0,0,0,0,0,0,0,0,0,0,0,0,0,0,0,0,0,0.0,0.0,120.0,16.0,39.7,3.0,0.1875,0.0,0.0,4.0,6.0,33.5,0.6,0.08333333333333333,0.0,0.0,2.0,13.0,38.8,3.8,0.07692307692307693,-1.5,-6.0,50.0,0.1411764705882353,0.36470588235294116,3,3,1.8,1.0,1540,1337,1036,0.0,0.0,4.0,6.0,35.0,0.4,0.18181818181818182,0.0,0.0,3.0,14.0,44.8,6.8,0.21428571428571427,-0.4,0.0,55.0,-441.0,14.0,16.0,444.0,0.0625,,0.0,0.0,0.35714285714285715,-1.1699999999999988,0.0,1.8766999999999996,-0.04339999999999833,3.646899999999995,-0.153100000000002,7.382299999999994,0.057146201481247175,3.959090804717668,3.0,2.0,0.0,0.0,0.25,2.0,0.0,,
330,202301020809,0,1,1,6,5,3,3,45,0,0,0,1,0,0,0,3,1,1,2,18,0,0,0,1,0,0,0,0,0,1,0,4,0,0,0,0,0.0,0.0,12.0,9.0,33.7,1.2,0.9166666666666666,0.0,0.0,16.0,15.0,35.6,2.4,0.9375,0.0,0.0,4.0,4.0,41.5,0.5,0.875,-2.5,-4.0,200.0,0.0,0.0,8,14,197.8,14.0,1432,1366,1428,0.0,0.0,13.0,11.0,35.0,1.6,0.23076923076923078,0.0,0.0,7.0,9.0,35.8,1.4,0.6666666666666666,-0.4,0.0,55.0,-251.0,14.0,12.0,414.0,,0.0625,0.0,0.0,0.1111111111111111,-0.3599999999999987,0.0,0.1566000000000045,0.4468999999999994,,-0.10649999999999693,0.7252999999999972,0.2653520975990151,2.691765220073994,-2.0,1.0,0.0,0.0,0.0,1.0,0.0,,0.16720779220779222
331,202301020809,7,9,10,47,0,0,0,1,0,0,0,0,2,2,2,12,0,0,0,0,0,0,0,0,0,0,0,2,0,0,0,0,0,0,0,0,0.0,0.0,90.0,15.0,39.3,3.4,0.4375,0.0,0.0,12.0,14.0,38.0,3.3,0.5,0.0,0.0,4.0,5.0,36.8,0.4,0.21428571428571427,-5.0,28.0,0.0,0.11428571428571428,0.2857142857142857,1,1,12.0,4.0,1657,1396,1317,0.0,0.0,1.0,1.0,36.2,0.0,0.125,0.0,0.0,2.0,3.0,34.4,0.5,0.23076923076923078,-3.7,0.4,55.0,-469.0,14.0,16.0,500.0,0.0,0.0625,0.0,0.0,0.0,1.1599999999999995,0.0,1.3888999999999996,2.846899999999998,1.6468999999999951,0.8346000000000018,-0.7531000000000034,0.14259009274478895,1.6560193235587555,-2.0,4.0,0.5,0.0,0.0,3.0,0.3333333333333333,-0.16866438356164382,
332,202301020809,0,1,1,11,5,3,10,102,0,0,0,1,0,1,0,8,0,1,3,25,0,0,0,1,0,0,0,1,0,1,0,5,0,0,0,0,0.0,0.0,3.0,12.0,38.5,2.6,0.2857142857142857,0.0,0.0,2.0,8.0,38.3,1.1,0.5,0.0,0.0,3.0,8.0,35.9,0.9,0.6666666666666666,-2.0,6.0,-100.0,0.13402061855670103,0.29896907216494845,4,5,14.8,6.0,1426,1013,306,0.0,0.0,1.0,6.0,35.5,0.4,0.2857142857142857,0.0,0.0,3.0,5.0,34.9,0.5,0.25,-1.6,0.0,55.0,-413.0,14.0,14.0,498.0,0.07142857142857142,0.125,-0.1111111111111111,0.0,0.0,1.0,0.0,0.9085999999999999,0.3888999999999996,0.5345999999999975,0.346899999999998,-0.25310000000000343,0.16106223357416916,1.4891608375189025,-2.0,3.0,0.0,0.08333333333333333,0.3333333333333333,2.0,0.0,,0.15769230769230771
333,202301020809,0,0,0,0,0,1,0,1,0,0,0,0,0,0,0,0,0,0,0,1,0,0,0,0,0,0,0,0,0,0,0,0,0,0,0,0,0.0,0.0,5.0,3.0,37.8,0.3,0.16666666666666666,0.0,0.0,13.0,3.0,34.9,0.1,0.42857142857142855,0.0,0.0,13.0,7.0,37.4,0.8,0.14285714285714285,2.0,20.0,200.0,0.0,0.25,8,13,147.4,13.0,1579,1553,1605,,,,,,,,,,,,,,,2.0,0.6666666666666666,55.0,-408.0,14.0,12.0,464.0,-0.08333333333333333,0.14285714285714285,0.0,,,0.1999999999999993,0.0,1.3588999999999984,-0.4654000000000025,2.2468999999999966,,,0.12944052722460386,1.2832251036613433,0.0,2.0,0.5,,,1.0,0.0,,
334,202301020809,17,4,7,73,2,0,1,10,1,0,0,1,3,0,0,19,1,0,0,3,0,0,0,0,1,0,0,2,0,0,0,0,0,0,0,0,0.0,0.0,40.0,1.0,35.8,0.0,0.1,,,,,,,,,,,,,,,,,0.0,0.125,0.125,7,12,31.0,8.0,1152,1039,1428,,,,,,,,,,,,,,,,1.0,55.0,29.0,14.0,10.0,452.0,0.0,,,,,,,-0.016200000000004877,,,,,,,4.0,1.0,1.0,0.14285714285714285,0.2857142857142857,0.0,,-0.04995499549954999,0.10256410256410253
335,202301020809,0,0,1,6,1,0,0,9,0,0,0,0,0,0,0,2,0,0,0,3,0,0,0,0,0,0,0,0,0,0,0,0,0,0,0,0,0.0,0.0,7.0,3.0,36.0,0.7,0.6,0.0,0.0,10.0,9.0,38.5,1.3,0.25,0.0,0.0,11.0,12.0,35.2,1.7,0.23076923076923078,4.5,4.0,200.0,0.1,0.25,6,9,15.4,7.0,1520,1541,695,0.0,0.0,1.0,10.0,38.5,1.9,0.15384615384615385,0.0,0.0,2.0,3.0,33.6,0.8,0.6666666666666666,0.1,0.4,55.0,-402.0,14.0,10.0,484.0,0.1,0.125,0.0,0.0,0.1111111111111111,0.4799999999999997,0.0,-0.27420000000000044,0.6788999999999987,0.09350000000000591,0.5889000000000024,-1.5064999999999955,0.2101869804065249,1.9106019993708783,2.0,0.0,,0.0,0.14285714285714285,0.0,,,
336,202301020809,3,1,3,21,2,1,3,5,0,0,0,0,1,0,2,13,1,0,0,0,0,0,0,0,0,0,2,1,0,0,0,0,0,0,0,0,0.0,0.0,2.0,5.0,38.1,0.9,0.5714285714285714,0.0,0.0,9.0,10.0,37.3,2.5,1.0,0.0,0.0,11.0,5.0,37.5,0.9,0.6363636363636364,0.0,12.0,0.0,0.0,0.0,6,10,54.1,9.0,1148,1417,1393,0.0,0.0,9.0,10.0,36.2,1.1,0.7142857142857143,,,,,,,,1.0,0.0,55.0,-359.0,14.0,7.0,460.0,-0.14285714285714285,0.0,0.18181818181818182,0.07142857142857142,,0.5499999999999993,0.0,0.27890000000000015,-0.5211000000000041,-0.6537999999999968,1.0469000000000008,,0.16359899593953406,0.6869315832017036,0.0,1.0,0.0,,,1.0,0.0,,
337,202301020809,1,0,0,6,0,0,0,1,0,0,0,0,0,0,0,1,0,0,0,0,0,0,0,0,0,0,0,0,0,0,0,0,0,0,0,0,,,,,,,,,,,,,,,,,,,,,,,,,0.0,0.0,5,8,79.2,10.0,1376,1255,1559,,,,,,,,,,,,,,,,,55.0,,14.0,,,,,,,,,,,,,,,,,,0.0,,0.0,0.0,0.0,,,
338,202301020809,0,0,0,0,0,0,0,4,0,0,0,0,0,0,0,0,0,0,0,3,0,0,0,0,0,0,0,0,0,0,0,0,0,0,0,0,0.0,0.0,20.0,1.0,34.8,0.0,0.5714285714285714,0.0,0.0,50.0,2.0,36.5,0.1,0.1111111111111111,0.0,0.0,90.0,8.0,37.3,1.5,0.25,3.5,0.0,0.0,0.0,0.14285714285714285,2,2,14.0,5.0,1352,1169,1503,,,,,,,,,,,,,,,3.5,0.6666666666666666,55.0,57.0,14.0,7.0,470.0,0.0,0.0,0.0,,,-1.25,0.0,-0.35310000000000485,1.346899999999998,0.8588999999999984,,,0.19278618388155627,1.0424330514074596,0.0,2.0,1.0,0.05555555555555555,0.3333333333333333,2.0,1.0,,
339,202301020809,0,0,0,0,0,0,1,11,0,0,0,0,0,0,0,0,0,0,0,2,0,0,0,0,0,0,0,0,0,0,0,1,0,0,0,0,0.0,0.0,1.0,2.0,38.3,0.1,0.25,0.0,0.0,12.0,13.0,38.0,3.1,0.8571428571428571,,,,,,,,11.0,6.0,-300.0,0.0,0.0,5,7,104.0,12.0,1578,239,1428,,,,,,,,,,,,,,,11.0,0.5,55.0,-318.0,14.0,12.0,440.0,0.0,0.07142857142857142,,,,0.29999999999999716,0.0,,2.846899999999998,,,,0.30357142857142855,0.14999999999999858,3.0,1.0,0.0,0.1,0.2,1.0,0.0,,
340,202301020809,0,2,0,10,0,0,0,2,0,0,0,0,0,2,0,6,0,0,0,1,0,0,0,0,0,0,0,3,0,0,0,0,0,0,0,0,0.0,0.0,70.0,5.0,38.2,1.1,0.42857142857142855,0.0,0.0,110.0,14.0,38.3,3.6,1.0,,,,,,,,9.0,18.0,200.0,0.0,0.0,3,4,87.3,11.0,1715,1383,770,,,,,,,,,,,,,,,9.0,0.0,55.0,-324.0,14.0,7.0,418.0,0.0,0.0,,,,-0.09999999999999432,0.0,1.7589000000000041,3.146899999999995,,,,0.28571428571428575,0.04999999999999716,2.0,1.0,0.0,0.0,0.0,1.0,0.0,,
